CRASH_UNIT_ID,CRASH_RECORD_ID,CRASH_DATE,UNIT_NO,UNIT_TYPE,NUM_PASSENGERS,VEHICLE_ID,CMRC_VEH_I,MAKE,MODEL,LIC_PLATE_STATE,VEHICLE_YEAR,VEHICLE_DEFECT,VEHICLE_TYPE,VEHICLE_USE,TRAVEL_DIRECTION,MANEUVER,TOWED_I,FIRE_I,OCCUPANT_CNT,EXCEED_SPEED_LIMIT_I,TOWED_BY,TOWED_TO,AREA_00_I,AREA_01_I,AREA_02_I,AREA_03_I,AREA_04_I,AREA_05_I,AREA_06_I,AREA_07_I,AREA_08_I,AREA_09_I,AREA_10_I,AREA_11_I,AREA_12_I,AREA_99_I,FIRST_CONTACT_POINT,CMV_ID,USDOT_NO,CCMC_NO,ILCC_NO,COMMERCIAL_SRC,GVWR,CARRIER_NAME,CARRIER_STATE,CARRIER_CITY,HAZMAT_PLACARDS_I,HAZMAT_NAME,UN_NO,HAZMAT_PRESENT_I,HAZMAT_REPORT_I,HAZMAT_REPORT_NO,MCS_REPORT_I,MCS_REPORT_NO,HAZMAT_VIO_CAUSE_CRASH_I,MCS_VIO_CAUSE_CRASH_I,IDOT_PERMIT_NO,WIDE_LOAD_I,TRAILER1_WIDTH,TRAILER2_WIDTH,TRAILER1_LENGTH,TRAILER2_LENGTH,TOTAL_VEHICLE_LENGTH,AXLE_CNT,VEHICLE_CONFIG,CARGO_BODY_TYPE,LOAD_TYPE,HAZMAT_OUT_OF_SERVICE_I,MCS_OUT_OF_SERVICE_I,HAZMAT_CLASS
2141337,476e045251033646a525de64fdb69ab90ced83cf2166f07c67f412f86087b58121c89eedf85c16696d0c2225f989aa6eedaf9a75344e0113ddde20ba07f5267c,09/01/2025 01:06:00 AM,1,DRIVER,,2041264,,JEEP,CHEROKEE,IL,2012,UNKNOWN,UNKNOWN/NA,UNKNOWN/NA,S,STRAIGHT AHEAD,,,1,,,,,,,,,,,,,,,,Y,,FRONT,,,,,,,,,,,,,,,,,,,,,,,,,,,,,,,,,
2141338,476e045251033646a525de64fdb69ab90ced83cf2166f07c67f412f86087b58121c89eedf85c16696d0c2225f989aa6eedaf9a75344e0113ddde20ba07f5267c,09/01/2025 01:06:00 AM,2,DRIVER,1,2041274,,TOYOTA,CAMRY,IL,2021,UNKNOWN,PASSENGER,RIDESHARE SERVICE,S,STRAIGHT AHEAD,,,2,,,,,,,,,,Y,,,,,,,,REAR,,,,,,,,,,,,,,,,,,,,,,,,,,,,,,,,,
2141317,f4c3361fd295ef2706060325a0624c7870ea926e3e4e4e6b9cce1fb5a4139c94a17a89b4395b1809cae883adb24b39b5f513ad11931b12f764fea52454f4d4bf,09/01/2025 12:55:00 AM,1,DRIVER,,2041249,,UNKNOWN,OTHER (EXPLAIN IN NARRATIVE),,,UNKNOWN,UNKNOWN/NA,UNKNOWN/NA,W,STRAIGHT AHEAD,,,1,,,,,N,,,,,,,,Y,Y,Y,Y,,FRONT-LEFT-CORNER,,,,,,,,,,,,,,,,,,,,,,,,,,,,,,,,,
2141318,f4c3361fd295ef2706060325a0624c7870ea926e3e4e4e6b9cce1fb5a4139c94a17a89b4395b1809cae883adb24b39b5f513ad11931b12f764fea52454f4d4bf,09/01/2025 12:55:00 AM,2,DRIVER,,2041253,,TOYOTA,HIGHLANDER,IL,2021,NONE,SPORT UTILITY VEHICLE (SUV),PERSONAL,N,TURNING LEFT,Y,,1,,private,unknown,,Y,Y,,,,,,,,,Y,Y,,FRONT-RIGHT-CORNER,,,,,,,,,,,,,,,,,,,,,,,,,,,,,,,,,
2141319,f4c3361fd295ef2706060325a0624c7870ea926e3e4e4e6b9cce1fb5a4139c94a17a89b4395b1809cae883adb24b39b5f513ad11931b12f764fea52454f4d4bf,09/01/2025 12:55:00 AM,3,DRIVER,,2041254,,HONDA,CR-V,IL,2005,NONE,SPORT UTILITY VEHICLE (SUV),PERSONAL,E,SLOW/STOP IN TRAFFIC,,,1,,,,,Y,,,,,,,,,Y,Y,Y,,FRONT,,,,,,,,,,,,,,,,,,,,,,,,,,,,,,,,,
2141296,34fd8df673642314052d6ace12792cb032d04319b7a18b7f802383ef8d7e5934484c3786362d271753e255064f4a3e4a1a3f8dcb30356a462ed30103db42be40,09/01/2025 12:14:00 AM,1,DRIVER,,2041231,,TOYOTA,PRIUS,IL,2012,UNKNOWN,PASSENGER,UNKNOWN/NA,W,BACKING,,,1,,,,,,,,,Y,Y,Y,,,,,,,REAR,,,,,,,,,,,,,,,,,,,,,,,,,,,,,,,,,
2141297,34fd8df673642314052d6ace12792cb032d04319b7a18b7f802383ef8d7e5934484c3786362d271753e255064f4a3e4a1a3f8dcb30356a462ed30103db42be40,09/01/2025 12:14:00 AM,2,PARKED,,2041234,,NISSAN,MURANO,IL,2014,UNKNOWN,SPORT UTILITY VEHICLE (SUV),UNKNOWN/NA,W,PARKED,,,0,,,,,Y,,,,,,,,,,Y,Y,,FRONT,,,,,,,,,,,,,,,,,,,,,,,,,,,,,,,,,
2141282,30af7bb46b863126ab0592d356b26017cb005c12d7f94fc8dc28fb40536008990aff1a91f32f4d610576f783933e9e0e73046543e899cfae062ecbfeaf920da8,08/31/2025 11:20:00 PM,1,DRIVER,,2041217,Y,NEW FLYER,OTHER (EXPLAIN IN NARRATIVE),IL,2008,NONE,BUS OVER 15 PASS.,CTA,N,AVOIDING VEHICLES/OBJECTS,,,1,,,,,Y,,,,,,,,,,,,,FRONT-RIGHT-CORNER,"22,107",,,,DRIVER,3,CTA,IL,CHICAGO,,,,N,N,,U,,N,U,,,,,,,,,BUS,BUS,OTHER,N,N,
2141283,30af7bb46b863126ab0592d356b26017cb005c12d7f94fc8dc28fb40536008990aff1a91f32f4d610576f783933e9e0e73046543e899cfae062ecbfeaf920da8,08/31/2025 11:20:00 PM,2,DRIVER,3,2041222,,KIA,OTHER (EXPLAIN IN NARRATIVE),IL,2022,NONE,PASSENGER,PERSONAL,NW,PASSING/OVERTAKING,Y,,4,,,,,,,,,,,,Y,Y,Y,Y,,,SIDE-LEFT,,,,,,,,,,,,,,,,,,,,,,,,,,,,,,,,,
2141306,946c633bfb960cee87092910181dd0058cb36f6701c291a1019e9ef3823b387b0a1d06c19daaf3f5a1f08249f6d18c8196710f11edea1ea161a97b216d6cf37b,08/31/2025 11:00:00 PM,1,DRIVER,1,2041239,Y,UNKNOWN,OTHER (EXPLAIN IN NARRATIVE),IL,,UNKNOWN,BUS OVER 15 PASS.,UNKNOWN/NA,N,UNKNOWN/NA,,,2,,,,,Y,,,,,,,,,,,Y,,FRONT-RIGHT-CORNER,"22,108",,,,,,UNK,,,,,,,,,,,,,,,,,,,,,BUS,BUS,,,,
2141307,946c633bfb960cee87092910181dd0058cb36f6701c291a1019e9ef3823b387b0a1d06c19daaf3f5a1f08249f6d18c8196710f11edea1ea161a97b216d6cf37b,08/31/2025 11:00:00 PM,2,DRIVER,,2041244,,UNKNOWN,OTHER (EXPLAIN IN NARRATIVE),,,UNKNOWN,PASSENGER,UNKNOWN/NA,N,UNKNOWN/NA,,,1,,,,,,,,,,,,,,,,,Y,REAR,,,,,,,,,,,,,,,,,,,,,,,,,,,,,,,,,
2141267,c4f9a10cbe806ec70c91d3d74e9e414fe72447dd680bd4a6731b692780f25adca26e4f76ac63f40b3b01694e8a3be6971d7bbd0fe02d41b2575a7cc48cd59269,08/31/2025 11:00:00 PM,1,DRIVER,2,2041204,,TOYOTA,CAMRY,IL,2022,UNKNOWN,PASSENGER,PERSONAL,E,STRAIGHT AHEAD,,,3,,,,,Y,Y,Y,,,,,,,,,,,SIDE-RIGHT-FRONT,,,,,,,,,,,,,,,,,,,,,,,,,,,,,,,,,
2141268,c4f9a10cbe806ec70c91d3d74e9e414fe72447dd680bd4a6731b692780f25adca26e4f76ac63f40b3b01694e8a3be6971d7bbd0fe02d41b2575a7cc48cd59269,08/31/2025 11:00:00 PM,2,DRIVER,,2041208,,HONDA,ODYSSEY,IL,2011,NONE,VAN/MINI-VAN,PERSONAL,E,STRAIGHT AHEAD,,,1,,,,,,,,,,,,Y,Y,Y,,,,SIDE-LEFT,,,,,,,,,,,,,,,,,,,,,,,,,,,,,,,,,
2141278,463bcad54963d2fe3625e14a9570a9a968d946384ebad0e954d9a53e4a4fcf5ba20aa363e2dc0df42c6f7cd725aedd3b6dabc9073516fba85378add6e4c0d396,08/31/2025 10:56:00 PM,1,DRIVER,,2041214,,SCION,XB,IN,2009,UNKNOWN,PASSENGER,PERSONAL,W,STRAIGHT AHEAD,,,1,,,,,,,Y,Y,Y,,,,,,,,,SIDE-RIGHT-REAR,,,,,,,,,,,,,,,,,,,,,,,,,,,,,,,,,
2141279,463bcad54963d2fe3625e14a9570a9a968d946384ebad0e954d9a53e4a4fcf5ba20aa363e2dc0df42c6f7cd725aedd3b6dabc9073516fba85378add6e4c0d396,08/31/2025 10:56:00 PM,2,DRIVER,,2041220,,HONDA,CIVIC,IL,2017,UNKNOWN,PASSENGER,PERSONAL,S,STRAIGHT AHEAD,,,1,,,,,Y,Y,,,,,,,,Y,Y,Y,,FRONT,,,,,,,,,,,,,,,,,,,,,,,,,,,,,,,,,
2141258,d4ab77b1fbd3121a347e83746e6d09f6f94ddab47fee8beac1454110d40fd1e233fa8dbc28cc1d170e871883b8d056d30063651ccefa8c5a3fa8ead55b06c9cd,08/31/2025 10:35:00 PM,1,DRIVER,,2041189,,KIA,SORENTO,IL,2012,UNKNOWN,PASSENGER,UNKNOWN/NA,S,STRAIGHT AHEAD,,,1,,,,,Y,Y,Y,N,,,,,,,,,,FRONT-RIGHT-CORNER,,,,,,,,,,,,,,,,,,,,,,,,,,,,,,,,,
2141259,d4ab77b1fbd3121a347e83746e6d09f6f94ddab47fee8beac1454110d40fd1e233fa8dbc28cc1d170e871883b8d056d30063651ccefa8c5a3fa8ead55b06c9cd,08/31/2025 10:35:00 PM,2,PARKED,,2041200,,VOLKSWAGEN,TIGUAN,IL,2011,UNKNOWN,PASSENGER,UNKNOWN/NA,S,PARKED,,,0,,,,,,,,,,,,Y,Y,Y,,,,SIDE-LEFT,,,,,,,,,,,,,,,,,,,,,,,,,,,,,,,,,
2141256,f494115c95a67df8a1adb981e34f41e430864b1af2b7b678fbb4fe7efb535243fb251c4d3afc59ddc225088bfaa51f389ef4a31e881d0b71e9e2e55e009b2bee,08/31/2025 10:28:00 PM,1,DRIVER,,2041203,,CHEVROLET,OTHER (EXPLAIN IN NARRATIVE),IL,2023,NONE,PASSENGER,PERSONAL,E,STRAIGHT AHEAD,,,1,,,,,,,,,,,,,,,,,Y,UNKNOWN,,,,,,,,,,,,,,,,,,,,,,,,,,,,,,,,,
2141257,f494115c95a67df8a1adb981e34f41e430864b1af2b7b678fbb4fe7efb535243fb251c4d3afc59ddc225088bfaa51f389ef4a31e881d0b71e9e2e55e009b2bee,08/31/2025 10:28:00 PM,2,DRIVER,,2041194,,KIA,SORENTO,IL,2017,NONE,PASSENGER,PERSONAL,E,STRAIGHT AHEAD,,,1,,,,,,,,,Y,Y,Y,,,,,,,REAR,,,,,,,,,,,,,,,,,,,,,,,,,,,,,,,,,
2141266,aa4887376a1a2c17b7cee0de6991a1c4cc8228a9a10d4f357bcf0d0437094c7b068a6e293d95ceb1eb68f756203465e723cc5516626ee78946994f65665b15f4,08/31/2025 10:25:00 PM,2,DRIVER,,2041209,,HYUNDAI,ELANTRA,IL,2020,NONE,PASSENGER,PERSONAL,E,STRAIGHT AHEAD,,,1,,,,,,,,,,,,Y,Y,Y,,,,SIDE-LEFT,,,,,,,,,,,,,,,,,,,,,,,,,,,,,,,,,
2141269,aa4887376a1a2c17b7cee0de6991a1c4cc8228a9a10d4f357bcf0d0437094c7b068a6e293d95ceb1eb68f756203465e723cc5516626ee78946994f65665b15f4,08/31/2025 10:25:00 PM,1,DRIVER,,2041207,,HONDA,CIVIC,IL,2015,NONE,PASSENGER,PERSONAL,E,ENTERING TRAFFIC LANE FROM PARKING,,,1,,,,,Y,,,,,,,,,,,,,FRONT-RIGHT-CORNER,,,,,,,,,,,,,,,,,,,,,,,,,,,,,,,,,
2141245,67c49c29b1ccdfc908f15604d9c05334034f91203deb017f12b1ecc3ed15e113f76cdc2bb3b3b36ce358c85084d3841a7b1e2f506a12ea254d89e9faf08920da,08/31/2025 10:11:00 PM,1,PARKED,1,2041181,,CADILLAC,XTS,IL,2013,NONE,PASSENGER,PERSONAL,W,PARKED,,,1,,,,,,,,,Y,Y,Y,,,,N,N,,REAR-LEFT-CORNER,,,,,,,,,,,,,,,,,,,,,,,,,,,,,,,,,
2141246,67c49c29b1ccdfc908f15604d9c05334034f91203deb017f12b1ecc3ed15e113f76cdc2bb3b3b36ce358c85084d3841a7b1e2f506a12ea254d89e9faf08920da,08/31/2025 10:11:00 PM,2,DRIVER,2,2041186,,FORD,ECONOLINE E450,IL,2016,NONE,OTHER,AMBULANCE,W,TURNING RIGHT,,,3,,,,,,,Y,,,,,,,,,,,SIDE-RIGHT,,,,,,,,,,,,,,,,,,,,,,,,,,,,,,,,,
2141243,a607b07c8045c1ea4a757c550592024b34437d94bed38dd2ba0258c4f3191a1fbbd84bd659a1b486175193e4058c8b833401d7e0e827f0166d7b67d67e43445c,08/31/2025 10:11:00 PM,1,DRIVER,,2041180,,DODGE,NITRO,IL,2008,UNKNOWN,SPORT UTILITY VEHICLE (SUV),PERSONAL,NE,TURNING LEFT,Y,,1,,CITY TOW,CITY POUND,,,,,,,,,,,,Y,,,FRONT-LEFT-CORNER,,,,,,,,,,,,,,,,,,,,,,,,,,,,,,,,,
2141244,a607b07c8045c1ea4a757c550592024b34437d94bed38dd2ba0258c4f3191a1fbbd84bd659a1b486175193e4058c8b833401d7e0e827f0166d7b67d67e43445c,08/31/2025 10:11:00 PM,2,DRIVER,1,2041184,,FORD,EXPLORER,IL,2017,UNKNOWN,SPORT UTILITY VEHICLE (SUV),POLICE,S,OTHER,,,2,,,,,,,,,,,,,,,Y,,,FRONT-LEFT-CORNER,,,,,,,,,,,,,,,,,,,,,,,,,,,,,,,,,
2141293,a566290f5d97b26d914dceea96aca0e85273bb31cc388116b85576ebd7d6f8da2fe43b97374c403cedd172bef343d1af24b029c267a4d4f02e6b6b29986fe1aa,08/31/2025 10:10:00 PM,1,DRIVER,,2041232,,HYUNDAI,SONATA,IL,2017,NONE,PASSENGER,PERSONAL,E,STRAIGHT AHEAD,Y,,1,,E&R TOWING,POUND 6,,Y,,,,,,,,,,Y,Y,,FRONT,,,,,,,,,,,,,,,,,,,,,,,,,,,,,,,,,
2141294,a566290f5d97b26d914dceea96aca0e85273bb31cc388116b85576ebd7d6f8da2fe43b97374c403cedd172bef343d1af24b029c267a4d4f02e6b6b29986fe1aa,08/31/2025 10:10:00 PM,2,PARKED,,2041233,,CHEVROLET,EQUINOX,IL,2025,NONE,PASSENGER,PERSONAL,E,PARKED,,,0,,,,,Y,,,,Y,Y,Y,,,,Y,Y,,REAR,,,,,,,,,,,,,,,,,,,,,,,,,,,,,,,,,
2141295,a566290f5d97b26d914dceea96aca0e85273bb31cc388116b85576ebd7d6f8da2fe43b97374c403cedd172bef343d1af24b029c267a4d4f02e6b6b29986fe1aa,08/31/2025 10:10:00 PM,3,PARKED,,2041236,,CHEVROLET,MALIBU,IL,2017,UNKNOWN,PASSENGER,PERSONAL,E,PARKED,,,0,,,,,,,,,Y,Y,Y,,,,,,,REAR,,,,,,,,,,,,,,,,,,,,,,,,,,,,,,,,,
2141237,81696bf08ba3fd3aedb7858cce2b0c4c56485b241b9300cdd52ad65017c06f1443018e6a472fff4397e2c3df34595b8f6f4aa6c1cbdff45b1d85fdcc1680a857,08/31/2025 09:41:00 PM,1,DRIVER,,2041182,,CHEVROLET,TRAX,IL,2020,NONE,SPORT UTILITY VEHICLE (SUV),PERSONAL,S,STRAIGHT AHEAD,,,1,,,,,Y,Y,,,,,,,,,,,,FRONT-RIGHT-CORNER,,,,,,,,,,,,,,,,,,,,,,,,,,,,,,,,,
2141238,81696bf08ba3fd3aedb7858cce2b0c4c56485b241b9300cdd52ad65017c06f1443018e6a472fff4397e2c3df34595b8f6f4aa6c1cbdff45b1d85fdcc1680a857,08/31/2025 09:41:00 PM,2,DRIVER,2,2041192,,NISSAN,ROGUE,IL,2020,UNKNOWN,SPORT UTILITY VEHICLE (SUV),PERSONAL,SE,STARTING IN TRAFFIC,,,3,,,,,,,,,,,,,,Y,Y,,,FRONT-LEFT-CORNER,,,,,,,,,,,,,,,,,,,,,,,,,,,,,,,,,
2141227,1fa3236c39aed96fe5fe76622adf0a6acf74221b086062baf150bfddda67734283c8ca8630a1e8495bf21b0bab0ddbfc0ca6891e1070b2c55933b9f4ba867ee7,08/31/2025 09:40:00 PM,1,DRIVER,,2041159,,JEEP,CHEROKEE,IL,2006,UNKNOWN,PASSENGER,UNKNOWN/NA,W,UNKNOWN/NA,Y,,1,,,,,Y,Y,Y,Y,Y,,,,,,,Y,,FRONT-RIGHT-CORNER,,,,,,,,,,,,,,,,,,,,,,,,,,,,,,,,,
2141228,1fa3236c39aed96fe5fe76622adf0a6acf74221b086062baf150bfddda67734283c8ca8630a1e8495bf21b0bab0ddbfc0ca6891e1070b2c55933b9f4ba867ee7,08/31/2025 09:40:00 PM,2,PARKED,,2041165,,GENERAL MOTORS CORPORATION (GMC),OTHER (EXPLAIN IN NARRATIVE),IL,2005,UNKNOWN,PASSENGER,UNKNOWN/NA,UNKNOWN,PARKED,,,0,,,,,,,,,,Y,Y,Y,,,,,,REAR-LEFT-CORNER,,,,,,,,,,,,,,,,,,,,,,,,,,,,,,,,,
2141229,1fa3236c39aed96fe5fe76622adf0a6acf74221b086062baf150bfddda67734283c8ca8630a1e8495bf21b0bab0ddbfc0ca6891e1070b2c55933b9f4ba867ee7,08/31/2025 09:40:00 PM,3,PARKED,,2041169,,GENERAL MOTORS CORPORATION (GMC),OTHER (EXPLAIN IN NARRATIVE),IL,2008,UNKNOWN,PASSENGER,UNKNOWN/NA,W,PARKED,,,0,,,,,,,,,,,Y,Y,Y,,,,,SIDE-LEFT,,,,,,,,,,,,,,,,,,,,,,,,,,,,,,,,,
2141241,b177a2b4415ee7b9d51973cf72f609d4feefec0446f0d957567792d819f490c424430e0116dd80624af49ec053c8cbda8a370078c1fad562188365298a7df143,08/31/2025 09:30:00 PM,1,DRIVER,1,2041179,,HYUNDAI,ELANTRA,IL,2009,UNKNOWN,PASSENGER,PERSONAL,W,TURNING RIGHT,,,2,,,,,Y,Y,Y,,,,,,,,,Y,,SIDE-RIGHT,,,,,,,,,,,,,,,,,,,,,,,,,,,,,,,,,
2141242,b177a2b4415ee7b9d51973cf72f609d4feefec0446f0d957567792d819f490c424430e0116dd80624af49ec053c8cbda8a370078c1fad562188365298a7df143,08/31/2025 09:30:00 PM,2,DRIVER,,2041183,,TOYOTA,RAV4,IL,2022,UNKNOWN,PASSENGER,PERSONAL,W,STRAIGHT AHEAD,,,1,,,,,,,,,,,,,,,,,,FRONT,,,,,,,,,,,,,,,,,,,,,,,,,,,,,,,,,
2141230,dc8e7e286fdb046dbdad8e0fbc37b71b14f13d7e828aaeb276c05722436f5a5e04eb3f78f8cf05ea62839a19d0a11acfb47954d951054585c9b0824331d74b2b,08/31/2025 09:14:00 PM,1,DRIVER,,2041166,,UNKNOWN,OTHER (EXPLAIN IN NARRATIVE),IL,,UNKNOWN,UNKNOWN/NA,UNKNOWN/NA,UNKNOWN,UNKNOWN/NA,,,1,,,,,,,,,,,,,,,,,,UNKNOWN,,,,,,,,,,,,,,,,,,,,,,,,,,,,,,,,,
2141231,dc8e7e286fdb046dbdad8e0fbc37b71b14f13d7e828aaeb276c05722436f5a5e04eb3f78f8cf05ea62839a19d0a11acfb47954d951054585c9b0824331d74b2b,08/31/2025 09:14:00 PM,2,PEDESTRIAN,,,,,,,,,,,,,,,,,,,,,,,,,,,,,,,,,,,,,,,,,,,,,,,,,,,,,,,,,,,,,,,,,,
2141220,2aa3886702d3e1e84cc9eb1e114ca657c7449df78e1b60f698cbcd44440cd6ed4e249ba1864622a843bb1da54f5140be43a2791f976036e535c85428f9a94db5,08/31/2025 09:03:00 PM,1,DRIVER,1,2041158,,LINCOLN,NAVIGATOR,IL,2023,UNKNOWN,PASSENGER,PERSONAL,W,STRAIGHT AHEAD,,,2,,,,,,,,,,,,,Y,Y,Y,,,UNKNOWN,,,,,,,,,,,,,,,,,,,,,,,,,,,,,,,,,
2141221,2aa3886702d3e1e84cc9eb1e114ca657c7449df78e1b60f698cbcd44440cd6ed4e249ba1864622a843bb1da54f5140be43a2791f976036e535c85428f9a94db5,08/31/2025 09:03:00 PM,2,DRIVER,1,2041167,,CHEVROLET,EQUINOX,IL,2019,UNKNOWN,PASSENGER,PERSONAL,N,STRAIGHT AHEAD,,,2,,,,,Y,Y,,,,,,,,,,,,TOTAL (ALL AREAS),,,,,,,,,,,,,,,,,,,,,,,,,,,,,,,,,
2141197,645d639270dc78ff6d661462bce0a0492799bc1fa6a2d4b13b980f8c6d68834e3cd7b6ab6b79c4e51e4c59fd0d7d314fdd0aceb1cb54b35916366f906ff01d6a,08/31/2025 09:00:00 PM,1,DRIVER,,2041139,,UNKNOWN,OTHER (EXPLAIN IN NARRATIVE),,,UNKNOWN,SPORT UTILITY VEHICLE (SUV),UNKNOWN/NA,S,TURNING LEFT,,,1,,,,,,,,,,,,,,,,,,UNKNOWN,,,,,,,,,,,,,,,,,,,,,,,,,,,,,,,,,
2141198,645d639270dc78ff6d661462bce0a0492799bc1fa6a2d4b13b980f8c6d68834e3cd7b6ab6b79c4e51e4c59fd0d7d314fdd0aceb1cb54b35916366f906ff01d6a,08/31/2025 09:00:00 PM,2,BICYCLE,,,,,,,,,,,,,,,,,,,,,,,,,,,,,,,,,,,,,,,,,,,,,,,,,,,,,,,,,,,,,,,,,,
2141232,af989c74e4bd8d3dcbaa26446a45c48b80809ddb869fdfc9d67c702ea2a9c3157bc66898776e29d1a9bb6a2b701c6f55f0293b69209e5ec193975586e7ce6ff2,08/31/2025 09:00:00 PM,1,DRIVER,,2041172,,LEXUS,NX,IN,2024,NONE,PASSENGER,PERSONAL,N,STRAIGHT AHEAD,Y,,1,,CHICAGO POLICE,POUND 1,,Y,,,,,,,,,,Y,Y,Y,FRONT,,,,,,,,,,,,,,,,,,,,,,,,,,,,,,,,,
2141208,f248501c63d39f03852656ad6a15494e29e2ab353be943c0ae958c22b195a33bce614d3f09013c660f09642d1fbe35c02cf5c90319eb7823bcec5086e2c77bfb,08/31/2025 08:55:00 PM,1,DRIVER,,2041147,,HYUNDAI,GENESIS,IL,2022,NONE,PASSENGER,PERSONAL,E,STRAIGHT AHEAD,,,1,,,,,Y,,,,,,N,,,,,Y,,FRONT,,,,,,,,,,,,,,,,,,,,,,,,,,,,,,,,,
2141209,f248501c63d39f03852656ad6a15494e29e2ab353be943c0ae958c22b195a33bce614d3f09013c660f09642d1fbe35c02cf5c90319eb7823bcec5086e2c77bfb,08/31/2025 08:55:00 PM,2,DRIVER,1,2041151,,MERCEDES-BENZ,300 SERIES,IL,2017,NONE,PASSENGER,PERSONAL,UNKNOWN,OTHER,,,2,,,,,,,,,,Y,Y,,,,,,,REAR-LEFT-CORNER,,,,,,,,,,,,,,,,,,,,,,,,,,,,,,,,,
2141222,26056e41d9e5ef1990cd83e6b782f0bb5e16446eda994cef557efd3ed71dfe0925f335696a88f8bdf6d54837ad12a53a53ef10f350a0e5a535b7beb3e7a82b51,08/31/2025 08:53:00 PM,1,DRIVER,,2041156,,HYUNDAI,ENTOURAGE,IL,2007,NONE,PASSENGER,PERSONAL,W,STRAIGHT AHEAD,Y,,1,,INSURANCE,,,Y,,,,,,,,,,Y,Y,,FRONT,,,,,,,,,,,,,,,,,,,,,,,,,,,,,,,,,
2141223,26056e41d9e5ef1990cd83e6b782f0bb5e16446eda994cef557efd3ed71dfe0925f335696a88f8bdf6d54837ad12a53a53ef10f350a0e5a535b7beb3e7a82b51,08/31/2025 08:53:00 PM,2,DRIVER,,2041161,,HONDA,CR-V,IL,2016,NONE,PASSENGER,PERSONAL,W,STRAIGHT AHEAD,,,1,,,,,,,,,Y,Y,Y,,,,,,,REAR,,,,,,,,,,,,,,,,,,,,,,,,,,,,,,,,,
2141195,671ec043113169eed0ef2cca666dac643cd54fc537c9cf16cf1937f46e83210e6f3465e386d2fd39816090c6b4a4566f1e8ff0ad587d2bcbf5a561c7484db5c5,08/31/2025 08:51:00 PM,1,DRIVER,,2041136,,HONDA,PRELUDE,IL,2001,NONE,PASSENGER,PERSONAL,UNKNOWN,BACKING,,,1,,,,,,,,,,,,,,,,,Y,UNKNOWN,,,,,,,,,,,,,,,,,,,,,,,,,,,,,,,,,
2141196,671ec043113169eed0ef2cca666dac643cd54fc537c9cf16cf1937f46e83210e6f3465e386d2fd39816090c6b4a4566f1e8ff0ad587d2bcbf5a561c7484db5c5,08/31/2025 08:51:00 PM,2,PARKED,,2041141,,INFINITI,QX60,IL,2017,NONE,PASSENGER,UNKNOWN/NA,UNKNOWN,PARKED,,,0,,,,,,,,,,,Y,,,,,,,REAR-LEFT-CORNER,,,,,,,,,,,,,,,,,,,,,,,,,,,,,,,,,
2141217,d1b778add7544048e6754502ea6d873790b83e27b12b96fa77c9b9875bb94dbebef3fa8cacffe8f44cd09f0890ab14ad5d4888c2719652952a4f6ae28d259309,08/31/2025 08:40:00 PM,1,DRIVER,,2041168,,MERCEDES-BENZ,ML350,IL,2012,NONE,SPORT UTILITY VEHICLE (SUV),PERSONAL,E,STRAIGHT AHEAD,Y,,1,,PRIVATE TOW,RESIDENCE,,,,,,,,,,,Y,Y,Y,,FRONT,,,,,,,,,,,,,,,,,,,,,,,,,,,,,,,,,
2141202,7373158771287ec577cce2aba0d998788db1c26d3c818aadfae6e6256cfdbff223ba0d9e22cc4cb0ac31aa8ebd0e165a7bd23a17bf4f43a9f86756d64554a29f,08/31/2025 08:35:00 PM,1,DRIVER,1,2041143,,FORD,ESCAPE,IL,2015,NONE,PASSENGER,PERSONAL,SW,TURNING LEFT,Y,,2,,PRIVATE,PRIVATE,,,,,,,,,,,Y,Y,Y,,FRONT-LEFT-CORNER,,,,,,,,,,,,,,,,,,,,,,,,,,,,,,,,,
2141203,7373158771287ec577cce2aba0d998788db1c26d3c818aadfae6e6256cfdbff223ba0d9e22cc4cb0ac31aa8ebd0e165a7bd23a17bf4f43a9f86756d64554a29f,08/31/2025 08:35:00 PM,2,DRIVER,2,2041145,,TOYOTA,RAV4,IL,2009,NONE,PASSENGER,PERSONAL,E,STRAIGHT AHEAD,Y,,3,,PRIVATE,PRIVATE,,,,,,,,,Y,Y,Y,Y,,,SIDE-LEFT,,,,,,,,,,,,,,,,,,,,,,,,,,,,,,,,,
2141210,ae4c5d4189e8c345c3c465cfc8349f469a69a31f523b476dcfde989fb085308088072c83db0ffcacec13bf1d60c5a048ae2891e58470013686ad3748bf50372a,08/31/2025 08:35:00 PM,1,DRIVER,,2041152,,INFINITI,G35,IL,2008,UNKNOWN,PASSENGER,PERSONAL,W,STRAIGHT AHEAD,,,1,,,,,Y,,,,,,,,,,Y,Y,,FRONT,,,,,,,,,,,,,,,,,,,,,,,,,,,,,,,,,
2141211,ae4c5d4189e8c345c3c465cfc8349f469a69a31f523b476dcfde989fb085308088072c83db0ffcacec13bf1d60c5a048ae2891e58470013686ad3748bf50372a,08/31/2025 08:35:00 PM,2,PARKED,,2041153,,BUICK,ENCORE,IL,2017,UNKNOWN,PASSENGER,UNKNOWN/NA,W,PARKED,,,0,,,,,,,,,Y,Y,Y,,,,,,,REAR,,,,,,,,,,,,,,,,,,,,,,,,,,,,,,,,,