CRASH_UNIT_ID,CRASH_RECORD_ID,CRASH_DATE,UNIT_NO,UNIT_TYPE,NUM_PASSENGERS,VEHICLE_ID,CMRC_VEH_I,MAKE,MODEL,LIC_PLATE_STATE,VEHICLE_YEAR,VEHICLE_DEFECT,VEHICLE_TYPE,VEHICLE_USE,TRAVEL_DIRECTION,MANEUVER,TOWED_I,FIRE_I,OCCUPANT_CNT,EXCEED_SPEED_LIMIT_I,TOWED_BY,TOWED_TO,AREA_00_I,AREA_01_I,AREA_02_I,AREA_03_I,AREA_04_I,AREA_05_I,AREA_06_I,AREA_07_I,AREA_08_I,AREA_09_I,AREA_10_I,AREA_11_I,AREA_12_I,AREA_99_I,FIRST_CONTACT_POINT,CMV_ID,USDOT_NO,CCMC_NO,ILCC_NO,COMMERCIAL_SRC,GVWR,CARRIER_NAME,CARRIER_STATE,CARRIER_CITY,HAZMAT_PLACARDS_I,HAZMAT_NAME,UN_NO,HAZMAT_PRESENT_I,HAZMAT_REPORT_I,HAZMAT_REPORT_NO,MCS_REPORT_I,MCS_REPORT_NO,HAZMAT_VIO_CAUSE_CRASH_I,MCS_VIO_CAUSE_CRASH_I,IDOT_PERMIT_NO,WIDE_LOAD_I,TRAILER1_WIDTH,TRAILER2_WIDTH,TRAILER1_LENGTH,TRAILER2_LENGTH,TOTAL_VEHICLE_LENGTH,AXLE_CNT,VEHICLE_CONFIG,CARGO_BODY_TYPE,LOAD_TYPE,HAZMAT_OUT_OF_SERVICE_I,MCS_OUT_OF_SERVICE_I,HAZMAT_CLASS
2141191,5870aec58dff299f9350d157c1efc9b4d21fd9123bab5963b094ed118530f92655345eaeebb7e184380c8b04954fd0f54a4a8390d44704d221e3349ef4c7533b,08/31/2025 08:30:00 PM,1,DRIVER,,2041138,,LINCOLN,CORSAIR,IL,2022,NONE,SPORT UTILITY VEHICLE (SUV),UNKNOWN/NA,W,STRAIGHT AHEAD,,,1,,,,,Y,Y,,,,,,,,,,Y,,FRONT-RIGHT-CORNER,,,,,,,,,,,,,,,,,,,,,,,,,,,,,,,,,
2141192,5870aec58dff299f9350d157c1efc9b4d21fd9123bab5963b094ed118530f92655345eaeebb7e184380c8b04954fd0f54a4a8390d44704d221e3349ef4c7533b,08/31/2025 08:30:00 PM,2,DRIVER,,2041149,,TOYOTA,PRIUS,IL,2013,NONE,PASSENGER,PERSONAL,W,STRAIGHT AHEAD,,,1,,,,,,,,,,Y,Y,Y,,,,,,REAR-LEFT-CORNER,,,,,,,,,,,,,,,,,,,,,,,,,,,,,,,,,
2141176,2e279c566175840d09249028950178ce555031a7325b67370b62fbfdec65b24d4877298ecdf26a3f045750c0b5c2cdd67b2bb32267b8cf749028e5e2bfff1a17,08/31/2025 08:15:00 PM,1,DRIVER,,2041125,,PONTIAC,GRAND PRIX,,,UNKNOWN,PASSENGER,UNKNOWN/NA,E,STRAIGHT AHEAD,,,1,,,,,,,,,,,,,,,,,,UNKNOWN,,,,,,,,,,,,,,,,,,,,,,,,,,,,,,,,,
2141177,2e279c566175840d09249028950178ce555031a7325b67370b62fbfdec65b24d4877298ecdf26a3f045750c0b5c2cdd67b2bb32267b8cf749028e5e2bfff1a17,08/31/2025 08:15:00 PM,2,PARKED,,2041129,,CHEVROLET,IMPALA,IL,2012,NONE,PASSENGER,PERSONAL,E,PARKED,,,0,,,,,,,,,,,,,,Y,Y,,,FRONT-LEFT-CORNER,,,,,,,,,,,,,,,,,,,,,,,,,,,,,,,,,
2141182,c96f9da7e63d952855c40b2c83ed708c9f47c7373405d0c6964c42211108e95244540acb070b51f0e847d580efce54102ade129668e9e898a0da2f3035871300,08/31/2025 08:15:00 PM,1,DRIVER,,2041127,,NISSAN,ALTIMA,IA,2015,UNKNOWN,PASSENGER,UNKNOWN/NA,W,STRAIGHT AHEAD,,,1,,,,,Y,,,Y,,Y,,,,,,,,OTHER,,,,,,,,,,,,,,,,,,,,,,,,,,,,,,,,,
2141183,c96f9da7e63d952855c40b2c83ed708c9f47c7373405d0c6964c42211108e95244540acb070b51f0e847d580efce54102ade129668e9e898a0da2f3035871300,08/31/2025 08:15:00 PM,2,DRIVER,,2041132,,TOYOTA,RAV4,IL,2016,UNKNOWN,PASSENGER,PERSONAL,S,STRAIGHT AHEAD,Y,,1,,TRIPLE A,,,Y,,,,,,,,,,Y,Y,,FRONT,,,,,,,,,,,,,,,,,,,,,,,,,,,,,,,,,
2141180,91734d847bb3070bde2da2606bacdd9dbc5a44ea187c752ebcc544492eca2e921f2f20b50aba4ddfcb4d4c455b43e5867ad3bb49935bb186e3d1266d47a38d9e,08/31/2025 08:13:00 PM,1,DRIVER,,2041123,,TOYOTA,CAMRY,IL,2019,NONE,PASSENGER,RIDESHARE SERVICE,S,CHANGING LANES,,,1,,,,,,,,,,,,,,,Y,,,FRONT-LEFT-CORNER,,,,,,,,,,,,,,,,,,,,,,,,,,,,,,,,,
2141181,91734d847bb3070bde2da2606bacdd9dbc5a44ea187c752ebcc544492eca2e921f2f20b50aba4ddfcb4d4c455b43e5867ad3bb49935bb186e3d1266d47a38d9e,08/31/2025 08:13:00 PM,2,DRIVER,,2041128,,CHEVROLET,SUBURBAN,IL,2023,NONE,PASSENGER,RIDESHARE SERVICE,W,STRAIGHT AHEAD,,,1,,,,,Y,,,,,,,,,,N,Y,,FRONT-RIGHT-CORNER,,,,,,,,,,,,,,,,,,,,,,,,,,,,,,,,,
2141178,c977331e094f54919b825c7187043242137f9fff661a839aa9e90e194a74afee2996145e8559c6bfc8a0beb593bdda09cee51c512e37fa3268a33d5a53741709,08/31/2025 08:12:00 PM,1,DRIVER,1,2041122,,MASERATI,GHIBLI,IL,2019,NONE,PASSENGER,PERSONAL,S,TURNING LEFT,,,2,,,,,,,,Y,Y,,,,,,,,,SIDE-RIGHT-REAR,,,,,,,,,,,,,,,,,,,,,,,,,,,,,,,,,
2141179,c977331e094f54919b825c7187043242137f9fff661a839aa9e90e194a74afee2996145e8559c6bfc8a0beb593bdda09cee51c512e37fa3268a33d5a53741709,08/31/2025 08:12:00 PM,2,PARKED,,2041124,,SUBARU,CROSSTREK,IL,2020,NONE,PASSENGER,NOT IN USE,S,PARKED,,,0,,,,,,Y,Y,Y,,,,,,,,,,SIDE-RIGHT,,,,,,,,,,,,,,,,,,,,,,,,,,,,,,,,,
2141186,4275c23b07cfd68f538d843d1a1b77a85b33f27e0cafb8d39d400da9ee1d131d61a2c720284d2aa52c81932e9da13d591cf55ef2046e969af3a7fb45e2b78009,08/31/2025 08:03:00 PM,1,DRIVER,,2041131,,NISSAN,ROGUE,IL,2011,NONE,PASSENGER,PERSONAL,N,TURNING LEFT,,,1,,,,,,Y,Y,,,,,,,,,,,SIDE-RIGHT,,,,,,,,,,,,,,,,,,,,,,,,,,,,,,,,,
2141187,4275c23b07cfd68f538d843d1a1b77a85b33f27e0cafb8d39d400da9ee1d131d61a2c720284d2aa52c81932e9da13d591cf55ef2046e969af3a7fb45e2b78009,08/31/2025 08:03:00 PM,2,DRIVER,,2041134,,CAN-AM,CAN-AM,IL,2024,NONE,MOTORCYCLE (OVER 150CC),PERSONAL,W,STRAIGHT AHEAD,Y,,1,,,,,Y,,,,,,,,,,Y,Y,,FRONT,,,,,,,,,,,,,,,,,,,,,,,,,,,,,,,,,
2141193,3cacffd62382f6824ca634916e3bc04737ae79429c48dd4072a79898f60666e31a1ce782b736e87e8a9f445087fcdf61f1480542b7d8141a19949c67fb17dd04,08/31/2025 07:56:00 PM,1,DRIVER,1,2041140,,HONDA,CIVIC,IL,2006,UNKNOWN,PASSENGER,PERSONAL,E,TURNING LEFT,Y,,2,,PRIVATE TOW,UNK,,Y,Y,Y,Y,Y,,,,,,,Y,,UNKNOWN,,,,,,,,,,,,,,,,,,,,,,,,,,,,,,,,,
2141194,3cacffd62382f6824ca634916e3bc04737ae79429c48dd4072a79898f60666e31a1ce782b736e87e8a9f445087fcdf61f1480542b7d8141a19949c67fb17dd04,08/31/2025 07:56:00 PM,2,DRIVER,,2041146,,KIA,SPORTAGE,IL,2013,UNKNOWN,SPORT UTILITY VEHICLE (SUV),PERSONAL,W,STRAIGHT AHEAD,,,1,,,,,Y,Y,Y,,,,,,,,,Y,,FRONT-RIGHT-CORNER,,,,,,,,,,,,,,,,,,,,,,,,,,,,,,,,,
2141160,f005cba43bbfc2b3e3242461c4a589b1ea28d13700addbfeb596578a439980b68fb7eca2113c10def42e9f02dd294d08c16cd1c97dd633703fc531e11556708c,08/31/2025 07:20:00 PM,1,DRIVER,,2041101,,UNKNOWN,ENGINE,,,UNKNOWN,PASSENGER,PERSONAL,N,STRAIGHT AHEAD,,,1,,,,,Y,,,,,,,,,,Y,Y,,FRONT,,,,,,,,,,,,,,,,,,,,,,,,,,,,,,,,,
2141161,f005cba43bbfc2b3e3242461c4a589b1ea28d13700addbfeb596578a439980b68fb7eca2113c10def42e9f02dd294d08c16cd1c97dd633703fc531e11556708c,08/31/2025 07:20:00 PM,2,DRIVER,,2041106,,BUICK,CENTURY,IL,2011,NONE,PASSENGER,PERSONAL,W,STRAIGHT AHEAD,,,1,,,,,,,,,,,,Y,Y,Y,Y,,,SIDE-LEFT,,,,,,,,,,,,,,,,,,,,,,,,,,,,,,,,,
2141170,aa7b74f9927b7c53cf8d08758f4be77f34bbb389e20e5dcd18ed4a6ec06a0e8bcd54a56dbd049d0bee85532aaab874665338ee7da6cd372a4f0c358a08cc464a,08/31/2025 07:15:00 PM,1,DRIVER,,2041116,,TOYOTA,OTHER (EXPLAIN IN NARRATIVE),IL,1999,UNKNOWN,SPORT UTILITY VEHICLE (SUV),PERSONAL,E,UNKNOWN/NA,,,1,,,,,Y,Y,Y,Y,Y,,,,,,,,,SIDE-RIGHT,,,,,,,,,,,,,,,,,,,,,,,,,,,,,,,,,
2141171,aa7b74f9927b7c53cf8d08758f4be77f34bbb389e20e5dcd18ed4a6ec06a0e8bcd54a56dbd049d0bee85532aaab874665338ee7da6cd372a4f0c358a08cc464a,08/31/2025 07:15:00 PM,2,PARKED,2,2041117,,CHRYSLER,PACIFICA,IL,2007,NONE,PASSENGER,PERSONAL,E,PARKED,,,2,,,,,,,,,,,Y,Y,Y,Y,Y,,,SIDE-LEFT,,,,,,,,,,,,,,,,,,,,,,,,,,,,,,,,,
2141154,5f2d7bf9dc2d5c0f29b1034687b1b3bb67b652b044eb7917031bea8cb2511ea4b26cd32b198ab7f76f1fbf10bc7e9dfdc59ed4a31c02169088245e5232d9e749,08/31/2025 06:47:00 PM,1,DRIVER,3,2041096,,INFINITI,Q50,IL,2014,UNKNOWN,PASSENGER,PERSONAL,N,OTHER,,,4,,,,,,,,,,,,,,Y,Y,Y,,FRONT-LEFT-CORNER,,,,,,,,,,,,,,,,,,,,,,,,,,,,,,,,,
2141155,5f2d7bf9dc2d5c0f29b1034687b1b3bb67b652b044eb7917031bea8cb2511ea4b26cd32b198ab7f76f1fbf10bc7e9dfdc59ed4a31c02169088245e5232d9e749,08/31/2025 06:47:00 PM,2,DRIVER,1,2041100,,NOVA BUS,OTHER (EXPLAIN IN NARRATIVE),IL,2023,NONE,BUS OVER 15 PASS.,CTA,S,TURNING LEFT,,,2,,,,,,,,,,,,,,,,,,NONE,,,,,,,,,,,,,,,,,,,,,,,,,,,,,,,,,
2141150,53d9fd90e243f98bc5aa02629c8955482162805310fc9344a96818b251c0ed63461a07e54d5927d882190ef519501ddb03cd3b6ad939b6728812b85e99dd0202,08/31/2025 06:46:00 PM,1,DRIVER,1,2041092,,NISSAN,QUEST,IL,2013,UNKNOWN,VAN/MINI-VAN,UNKNOWN/NA,UNKNOWN,UNKNOWN/NA,,,2,,,,,Y,,,,,,,,,,,,,FRONT-RIGHT-CORNER,,,,,,,,,,,,,,,,,,,,,,,,,,,,,,,,,
2141151,53d9fd90e243f98bc5aa02629c8955482162805310fc9344a96818b251c0ed63461a07e54d5927d882190ef519501ddb03cd3b6ad939b6728812b85e99dd0202,08/31/2025 06:46:00 PM,2,DRIVER,1,2041094,,FORD,FUSION,IL,2020,UNKNOWN,PASSENGER,PERSONAL,N,UNKNOWN/NA,,,2,,,,,,,,,,,,Y,,,,,,SIDE-LEFT,,,,,,,,,,,,,,,,,,,,,,,,,,,,,,,,,
2141148,6dc3913de92dac21bdf46b1c50d92d6c460ad2b9656e5f045e5e0ee9b13828b4ed9d328be0fd8f570cbfc4a7e11cf85f4ea6d1292eab6792fd4eeb63657818c3,08/31/2025 06:30:00 PM,1,DRIVER,,2041093,,HONDA,CR-V,IL,2019,NONE,SPORT UTILITY VEHICLE (SUV),PERSONAL,SE,TURNING LEFT,,,1,,,,,,,,,Y,,,,,,,,,REAR-RIGHT-CORNER,,,,,,,,,,,,,,,,,,,,,,,,,,,,,,,,,
2141149,6dc3913de92dac21bdf46b1c50d92d6c460ad2b9656e5f045e5e0ee9b13828b4ed9d328be0fd8f570cbfc4a7e11cf85f4ea6d1292eab6792fd4eeb63657818c3,08/31/2025 06:30:00 PM,2,DRIVER,,2041102,,VESPA,GT SERIES,IL,,NONE,MOTORCYCLE (OVER 150CC),PERSONAL,NE,STRAIGHT AHEAD,Y,,1,,PRIVATE,,,,,,,,,,,,,,Y,,FRONT,,,,,,,,,,,,,,,,,,,,,,,,,,,,,,,,,
2141137,ae3d60c47a2cd7b9b9a1b935f172e509e35bd544fd668a921ecf71120eac33c46b2173c5c00a8b19ebd42a31046a594807933fe176d904e6e856311b39602b35,08/31/2025 06:30:00 PM,1,DRIVER,,2041083,,MAZDA,OTHER (EXPLAIN IN NARRATIVE),IL,2025,NONE,SPORT UTILITY VEHICLE (SUV),PERSONAL,SE,U-TURN,N,,1,,,,,,,,,,,,,,Y,Y,,,FRONT-LEFT-CORNER,,,,,,,,,,,,,,,,,,,,,,,,,,,,,,,,,
2141138,ae3d60c47a2cd7b9b9a1b935f172e509e35bd544fd668a921ecf71120eac33c46b2173c5c00a8b19ebd42a31046a594807933fe176d904e6e856311b39602b35,08/31/2025 06:30:00 PM,2,DRIVER,,2041090,,HONDA,ODYSSEY,IL,2016,NONE,VAN/MINI-VAN,PERSONAL,SE,STRAIGHT AHEAD,Y,,1,,PRIVATE TOW,RESIDENCE,,,,Y,Y,Y,,,,,,,,,SIDE-RIGHT-REAR,,,,,,,,,,,,,,,,,,,,,,,,,,,,,,,,,
2141146,1cc28e46f5306947c03bdaf107a27eb3b910890d3d9cc072ecfd123f5ccb405a9b51c54b195950cac6714d2e80f16a60186e01c8fab0229a7cd26855f0aa4efa,08/31/2025 06:28:00 PM,1,DRIVER,,2041091,,HYUNDAI,SONATA,IL,2017,UNKNOWN,PASSENGER,PERSONAL,W,STRAIGHT AHEAD,,,1,,,,,,,,,,,,,,,Y,,,FRONT-LEFT-CORNER,,,,,,,,,,,,,,,,,,,,,,,,,,,,,,,,,
2141147,1cc28e46f5306947c03bdaf107a27eb3b910890d3d9cc072ecfd123f5ccb405a9b51c54b195950cac6714d2e80f16a60186e01c8fab0229a7cd26855f0aa4efa,08/31/2025 06:28:00 PM,2,DRIVER,1,2041103,,LEXUS,ES350,IL,2020,UNKNOWN,PASSENGER,PERSONAL,W,SLOW/STOP IN TRAFFIC,,,2,,,,,,,,,Y,,,,,,,,,REAR-RIGHT-CORNER,,,,,,,,,,,,,,,,,,,,,,,,,,,,,,,,,
2141135,649a9720c9883d67c10be2cc6d3cc8b8d2931515e634c6bf396b1b108acba40d37e4545cd7dd1c8ff776b3780cb0640747fc6426627a31244643e58639d1c25b,08/31/2025 06:27:00 PM,1,DRIVER,,2041082,,DODGE,NITRO,IL,2006,UNKNOWN,PICKUP,PERSONAL,W,PASSING/OVERTAKING,,,1,,,,,,Y,Y,Y,,,,,,,,,,SIDE-RIGHT,,,,,,,,,,,,,,,,,,,,,,,,,,,,,,,,,
2141136,649a9720c9883d67c10be2cc6d3cc8b8d2931515e634c6bf396b1b108acba40d37e4545cd7dd1c8ff776b3780cb0640747fc6426627a31244643e58639d1c25b,08/31/2025 06:27:00 PM,2,DRIVER,,2041087,,FORD,ECONOLINE E450,IN,2021,NONE,OTHER,OTHER,W,OTHER,,,1,,,,,,,,,,,,,Y,Y,Y,,,SIDE-LEFT,,,,,,,,,,,,,,,,,,,,,,,,,,,,,,,,,
2141158,a99d23c5ef477fa15abbcf7f0973b0b09c15841066365937b1ad961d2584efdf22f2bc3d6032888c148df078195389670b37ce9de6a8af052e51c6d724831a8b,08/31/2025 06:25:00 PM,1,DRIVER,,2041113,,HYUNDAI,SONATA,IL,2013,UNKNOWN,PASSENGER,UNKNOWN/NA,W,STRAIGHT AHEAD,,,1,,,,,Y,Y,,,,,,,,,,,,FRONT-LEFT-CORNER,,,,,,,,,,,,,,,,,,,,,,,,,,,,,,,,,
2141159,a99d23c5ef477fa15abbcf7f0973b0b09c15841066365937b1ad961d2584efdf22f2bc3d6032888c148df078195389670b37ce9de6a8af052e51c6d724831a8b,08/31/2025 06:25:00 PM,2,DRIVER,,2041108,,TOYOTA,HIGHLANDER,MO,2017,NONE,PASSENGER,PERSONAL,W,STRAIGHT AHEAD,,,1,,,,,,,,Y,Y,,,,,,,,,REAR-RIGHT-CORNER,,,,,,,,,,,,,,,,,,,,,,,,,,,,,,,,,
2141133,4eb72b85ca84d6c34c1368d7ca5607b8b3b99e1fefa3ba14a2817f4db78b2ccd9130efa8cadd6f7cdfb2f972aef107e54901c6d3e1d4e963b5e5fd1538098b7e,08/31/2025 06:18:00 PM,1,DRIVER,1,2041077,,JEEP,WRANGLER,IL,2015,UNKNOWN,SPORT UTILITY VEHICLE (SUV),UNKNOWN/NA,S,STRAIGHT AHEAD,,,2,,,,,Y,Y,Y,,,,,,,,,,,FRONT-RIGHT-CORNER,,,,,,,,,,,,,,,,,,,,,,,,,,,,,,,,,
2141134,4eb72b85ca84d6c34c1368d7ca5607b8b3b99e1fefa3ba14a2817f4db78b2ccd9130efa8cadd6f7cdfb2f972aef107e54901c6d3e1d4e963b5e5fd1538098b7e,08/31/2025 06:18:00 PM,2,DRIVER,1,2041089,,VOLVO,OTHER (EXPLAIN IN NARRATIVE),PA,2022,NONE,UNKNOWN/NA,PERSONAL,S,STRAIGHT AHEAD,,,2,,,,,,,,,,,Y,Y,Y,,,,,REAR-LEFT-CORNER,,,,,,,,,,,,,,,,,,,,,,,,,,,,,,,,,
2141123,9bcf833227262bb6f8383a08e4a45125abb52db544757fc3b91a0c2a8383bd5e3cb8d11dae6f40cec3250e3c37c883fdd250592d3cdc0143087c00036f89905e,08/31/2025 06:15:00 PM,1,DRIVER,,2041066,,NISSAN,SENTRA,IL,2015,NONE,PASSENGER,PERSONAL,UNKNOWN,BACKING,,,1,,,,N,,,,,,,,,,,,,Y,UNKNOWN,,,,,,,,,,,,,,,,,,,,,,,,,,,,,,,,,
2141124,9bcf833227262bb6f8383a08e4a45125abb52db544757fc3b91a0c2a8383bd5e3cb8d11dae6f40cec3250e3c37c883fdd250592d3cdc0143087c00036f89905e,08/31/2025 06:15:00 PM,2,PARKED,,2041072,,LEXUS,RX450H,IL,2012,NONE,SPORT UTILITY VEHICLE (SUV),PERSONAL,UNKNOWN,PARKED,,,0,,,,,,,,,,,Y,Y,,,,,,REAR-LEFT-CORNER,,,,,,,,,,,,,,,,,,,,,,,,,,,,,,,,,
2141115,30780d36cf2544d69d48fbede44dcf01ebf38dd83a2cbacd24eaa24cf827c35abcb6ab4e933874726232c111ffec0c1e6b0108cb398732cc0cc2a31f0d58d83a,08/31/2025 06:10:00 PM,1,DRIVER,,2041063,,TOYOTA,COROLLA,IL,2009,UNKNOWN,PASSENGER,PERSONAL,N,STRAIGHT AHEAD,,,1,,,,,Y,Y,,,,,,,,,,Y,,FRONT-RIGHT-CORNER,,,,,,,,,,,,,,,,,,,,,,,,,,,,,,,,,
2141116,30780d36cf2544d69d48fbede44dcf01ebf38dd83a2cbacd24eaa24cf827c35abcb6ab4e933874726232c111ffec0c1e6b0108cb398732cc0cc2a31f0d58d83a,08/31/2025 06:10:00 PM,2,DRIVER,1,2041069,,HONDA,HR-V,IL,2023,UNKNOWN,SPORT UTILITY VEHICLE (SUV),PERSONAL,W,STRAIGHT AHEAD,Y,,2,,PRIVATE TOW,,,,,,,,,,,Y,Y,,,,SIDE-LEFT,,,,,,,,,,,,,,,,,,,,,,,,,,,,,,,,,
2141156,5d0aea4f348790d661ef13bd6fc6c06dcced9d337e568ea3bab224a52efd067075f847a26cd307ba16b27c76e266bbeea94f1ff456e1666a04c81c300450d2c3,08/31/2025 06:05:00 PM,1,DRIVER,,2041097,,CHRYSLER,200,IL,2026,NONE,PASSENGER,PERSONAL,E,U-TURN,,,1,,,,,,,,,,,Y,,,,,,,REAR-LEFT-CORNER,,,,,,,,,,,,,,,,,,,,,,,,,,,,,,,,,
2141157,5d0aea4f348790d661ef13bd6fc6c06dcced9d337e568ea3bab224a52efd067075f847a26cd307ba16b27c76e266bbeea94f1ff456e1666a04c81c300450d2c3,08/31/2025 06:05:00 PM,2,DRIVER,,2041107,,MERCURY,MARINER,IL,2010,NONE,PASSENGER,PERSONAL,E,STRAIGHT AHEAD,,,1,,,,Y,,,,,,,,,,,Y,,,FRONT-LEFT-CORNER,,,,,,,,,,,,,,,,,,,,,,,,,,,,,,,,,
2141129,b964a6cd28612183cb74f3d2b30e4ba0bda4e20e4a8efddab858a93e2f7acd8261e04f646f52e369ba3a5eb1b91b52945657e6ce92770af01748a31798e08f2e,08/31/2025 06:00:00 PM,1,DRIVER,,2041071,,CHEVROLET,CAPRICE,IL,2013,NONE,PASSENGER,PERSONAL,SW,STRAIGHT AHEAD,Y,,1,,private,,,Y,,,,,,,,,,Y,Y,,FRONT,,,,,,,,,,,,,,,,,,,,,,,,,,,,,,,,,
2141130,b964a6cd28612183cb74f3d2b30e4ba0bda4e20e4a8efddab858a93e2f7acd8261e04f646f52e369ba3a5eb1b91b52945657e6ce92770af01748a31798e08f2e,08/31/2025 06:00:00 PM,2,DRIVER,,2041079,,NISSAN,ALTIMA,IL,2019,NONE,PASSENGER,PERSONAL,S,STRAIGHT AHEAD,Y,,1,,,,,,,,,,,,,Y,Y,Y,Y,,FRONT,,,,,,,,,,,,,,,,,,,,,,,,,,,,,,,,,
2141128,bb0fcba323c59dac5e1716ad536e0f3768372d22d6e5ea96e4147597ab609cbc275fc0cd89cebd941cc0746a0538e89624bfe3ef0096076e062658b33d5213de,08/31/2025 06:00:00 PM,1,DRIVER,2,2041074,,CHRYSLER,300,IL,2015,UNKNOWN,PASSENGER,PERSONAL,N,TURNING RIGHT,Y,,3,,CITY OF CHICAGO,AUTO POUND 2,,Y,,,,,,,,,,Y,Y,,UNKNOWN,,,,,,,,,,,,,,,,,,,,,,,,,,,,,,,,,
2141090,0edc93220586f00ec2cdb9c089939d14109c2c8337fbed9c920cf56765e8bf98c640a9b2545a3afbaf5c33e75ba9f60aebad2e2ca011d1ac18acb4e341fed9d5,08/31/2025 05:50:00 PM,1,DRIVER,,2041047,,JEEP,JEEP,IL,2018,NONE,SPORT UTILITY VEHICLE (SUV),PERSONAL,E,PASSING/OVERTAKING,,,1,,,,,,,,,,,,,,,,,Y,UNKNOWN,,,,,,,,,,,,,,,,,,,,,,,,,,,,,,,,,
2141091,0edc93220586f00ec2cdb9c089939d14109c2c8337fbed9c920cf56765e8bf98c640a9b2545a3afbaf5c33e75ba9f60aebad2e2ca011d1ac18acb4e341fed9d5,08/31/2025 05:50:00 PM,2,DRIVER,1,2041033,,JEEP,GRAND CHEROKEE,IL,2009,NONE,SPORT UTILITY VEHICLE (SUV),PERSONAL,E,SLOW/STOP IN TRAFFIC,,,2,,,,,Y,,,,,,,,,,,,,FRONT-RIGHT-CORNER,,,,,,,,,,,,,,,,,,,,,,,,,,,,,,,,,
2141119,02bf17c0c023fecb34cfeb14bba8aadee51df625d5405eedad4d50244f04a7971f0b05364087f8ba31773356d26f4b2283462fca19ee45b6d29ec6745242b732,08/31/2025 05:31:00 PM,1,DRIVER,,2041064,,FORD,FIESTA,IL,2012,UNKNOWN,PASSENGER,PERSONAL,N,STRAIGHT AHEAD,,,1,,,,,Y,,,,,,,,,,Y,Y,,FRONT,,,,,,,,,,,,,,,,,,,,,,,,,,,,,,,,,
2141120,02bf17c0c023fecb34cfeb14bba8aadee51df625d5405eedad4d50244f04a7971f0b05364087f8ba31773356d26f4b2283462fca19ee45b6d29ec6745242b732,08/31/2025 05:31:00 PM,2,PEDESTRIAN,,,,,,,,,,,,,,,,,,,,,,,,,,,,,,,,,,,,,,,,,,,,,,,,,,,,,,,,,,,,,,,,,,
2141084,8074398d5083b5896c31915a91866e7011be097b5de064b0c688173e27b90e71c96fed49541357889995cc88872f03b38e1a94f89ce0f667cb7a099cfd7e8bac,08/31/2025 05:30:00 PM,1,DRIVER,,2041035,,ACURA,ADX,IL,2015,NONE,SPORT UTILITY VEHICLE (SUV),PERSONAL,N,PASSING/OVERTAKING,,,1,,,,,Y,,,,,,,,,,,,,FRONT-RIGHT-CORNER,,,,,,,,,,,,,,,,,,,,,,,,,,,,,,,,,
2141085,8074398d5083b5896c31915a91866e7011be097b5de064b0c688173e27b90e71c96fed49541357889995cc88872f03b38e1a94f89ce0f667cb7a099cfd7e8bac,08/31/2025 05:30:00 PM,2,DRIVER,3,2041046,,JEEP,GRAND CHEROKEE,IL,2025,NONE,SPORT UTILITY VEHICLE (SUV),PERSONAL,N,STRAIGHT AHEAD,,,4,,,,,,,,,,,,,,,Y,,,FRONT-LEFT-CORNER,,,,,,,,,,,,,,,,,,,,,,,,,,,,,,,,,
2141121,91b70c08faa708ca839cf262f593fc5f71c75ee1cd8d0582924a4a07a110785ff44f5cdd821c543f0e2e63f1c6bc38c9684c5af0be064ea3a728847d4859bf79,08/31/2025 05:30:00 PM,1,DRIVER,,2041061,,KIA,FORTE,IL,2021,NONE,PASSENGER,PERSONAL,W,TURNING RIGHT,,,1,,,,,Y,,,,,,,,,,,,,FRONT-RIGHT-CORNER,,,,,,,,,,,,,,,,,,,,,,,,,,,,,,,,,
2141122,91b70c08faa708ca839cf262f593fc5f71c75ee1cd8d0582924a4a07a110785ff44f5cdd821c543f0e2e63f1c6bc38c9684c5af0be064ea3a728847d4859bf79,08/31/2025 05:30:00 PM,2,BICYCLE,,,,,,,,,,,,,,,,,,,,,,,,,,,,,,,,,,,,,,,,,,,,,,,,,,,,,,,,,,,,,,,,,,
2141102,fed35338adbc5b8372963554a6e49dca070c9e0cf70fe37ce3f147f68f5c1d5cd8086b070bd48e6a3611df47be34cc41d7a8622e981e081bc672672dee3fe0bf,08/31/2025 05:30:00 PM,1,DRIVER,,2041050,,FORD,EXPLORER,IL,2012,UNKNOWN,SPORT UTILITY VEHICLE (SUV),UNKNOWN/NA,W,BACKING,,,1,,,,,,,,,Y,Y,Y,,,,,,,REAR,,,,,,,,,,,,,,,,,,,,,,,,,,,,,,,,,
2141103,fed35338adbc5b8372963554a6e49dca070c9e0cf70fe37ce3f147f68f5c1d5cd8086b070bd48e6a3611df47be34cc41d7a8622e981e081bc672672dee3fe0bf,08/31/2025 05:30:00 PM,2,PARKED,1,2041051,,CHEVROLET,TAHOE,IL,2023,NONE,SPORT UTILITY VEHICLE (SUV),PERSONAL,E,PARKED,,,1,,,,,Y,,,,,,,,,,Y,Y,,FRONT,,,,,,,,,,,,,,,,,,,,,,,,,,,,,,,,,
2141131,250ef5cc0fbb98dbc139c2ed02f93b0a5701b68c7df53f53ba49e22ab4eebe909f2b090ddf6eb443d711a8b4b26090bedc62fe62018ad9e2a61ed2c16570e75e,08/31/2025 05:22:00 PM,1,DRIVER,,2041078,,INFINITI,G35,IL,2008,NONE,PASSENGER,UNKNOWN/NA,W,STRAIGHT AHEAD,,,1,,,,,Y,,,,,,,,,,,,,FRONT-RIGHT-CORNER,,,,,,,,,,,,,,,,,,,,,,,,,,,,,,,,,