CRASH_UNIT_ID,CRASH_RECORD_ID,CRASH_DATE,UNIT_NO,UNIT_TYPE,NUM_PASSENGERS,VEHICLE_ID,CMRC_VEH_I,MAKE,MODEL,LIC_PLATE_STATE,VEHICLE_YEAR,VEHICLE_DEFECT,VEHICLE_TYPE,VEHICLE_USE,TRAVEL_DIRECTION,MANEUVER,TOWED_I,FIRE_I,OCCUPANT_CNT,EXCEED_SPEED_LIMIT_I,TOWED_BY,TOWED_TO,AREA_00_I,AREA_01_I,AREA_02_I,AREA_03_I,AREA_04_I,AREA_05_I,AREA_06_I,AREA_07_I,AREA_08_I,AREA_09_I,AREA_10_I,AREA_11_I,AREA_12_I,AREA_99_I,FIRST_CONTACT_POINT,CMV_ID,USDOT_NO,CCMC_NO,ILCC_NO,COMMERCIAL_SRC,GVWR,CARRIER_NAME,CARRIER_STATE,CARRIER_CITY,HAZMAT_PLACARDS_I,HAZMAT_NAME,UN_NO,HAZMAT_PRESENT_I,HAZMAT_REPORT_I,HAZMAT_REPORT_NO,MCS_REPORT_I,MCS_REPORT_NO,HAZMAT_VIO_CAUSE_CRASH_I,MCS_VIO_CAUSE_CRASH_I,IDOT_PERMIT_NO,WIDE_LOAD_I,TRAILER1_WIDTH,TRAILER2_WIDTH,TRAILER1_LENGTH,TRAILER2_LENGTH,TOTAL_VEHICLE_LENGTH,AXLE_CNT,VEHICLE_CONFIG,CARGO_BODY_TYPE,LOAD_TYPE,HAZMAT_OUT_OF_SERVICE_I,MCS_OUT_OF_SERVICE_I,HAZMAT_CLASS
2141132,250ef5cc0fbb98dbc139c2ed02f93b0a5701b68c7df53f53ba49e22ab4eebe909f2b090ddf6eb443d711a8b4b26090bedc62fe62018ad9e2a61ed2c16570e75e,08/31/2025 05:22:00 PM,2,DRIVER,,2041088,,CHEVROLET,TAHOE,IL,2021,NONE,UNKNOWN/NA,UNKNOWN/NA,W,STRAIGHT AHEAD,,,1,,,,Y,,,,,,,,,,,,,,NONE,,,,,,,,,,,,,,,,,,,,,,,,,,,,,,,,,
2141092,745c8b09e5056900344ed24b6061fddcacf860d6620f50c0647e7c054ec2e4a101259c82f393482f3e03afcbf1215a5e37facde0e57f3d5a613064d2aa7583ca,08/31/2025 05:15:00 PM,1,DRIVER,1,2041037,,CHEVROLET,TRAIL BLAZER,WI,2024,NONE,PASSENGER,PERSONAL,E,STRAIGHT AHEAD,,,2,,,,,,,,,,,,,,,,Y,,FRONT,,,,,,,,,,,,,,,,,,,,,,,,,,,,,,,,,
2141093,745c8b09e5056900344ed24b6061fddcacf860d6620f50c0647e7c054ec2e4a101259c82f393482f3e03afcbf1215a5e37facde0e57f3d5a613064d2aa7583ca,08/31/2025 05:15:00 PM,2,DRIVER,1,2041045,,HONDA,CIVIC,CA,2008,NONE,PASSENGER,PERSONAL,W,TURNING LEFT,,,2,,,,,Y,Y,Y,Y,Y,,,,,,,,,SIDE-RIGHT,,,,,,,,,,,,,,,,,,,,,,,,,,,,,,,,,
2141117,8cd3c2fcb923e47942626921f196c2ef1470ef8824082187c13ceb1f05421a02c259a88fe8369e7df17ad3ec18f0a37c5a610ec9faa27c063a95eb8275d77bac,08/31/2025 05:10:00 PM,1,DRIVER,1,2041067,,BMW,OTHER (EXPLAIN IN NARRATIVE),IL,2018,UNKNOWN,SPORT UTILITY VEHICLE (SUV),PERSONAL,E,TURNING LEFT,,,2,,,,,,,,,,,,,Y,Y,,,,SIDE-LEFT,,,,,,,,,,,,,,,,,,,,,,,,,,,,,,,,,
2141118,8cd3c2fcb923e47942626921f196c2ef1470ef8824082187c13ceb1f05421a02c259a88fe8369e7df17ad3ec18f0a37c5a610ec9faa27c063a95eb8275d77bac,08/31/2025 05:10:00 PM,2,DRIVER,1,2041076,,JEEP,RENEGADE,IL,2021,UNKNOWN,SPORT UTILITY VEHICLE (SUV),RIDESHARE SERVICE,E,STRAIGHT AHEAD,Y,,2,,STREETS AND SANITATION,OUTSIDE 400 E LOWER WACKER DR,,,,,,,,,,,,,,,SIDE-RIGHT,,,,,,,,,,,,,,,,,,,,,,,,,,,,,,,,,
2141064,f72d2a66a51ab1930bbbb3d8fe03cb74e180780f9eba0543c0fd8ef3c4455ef9d4acbc84550275d40257b60f7bceffa60fef3d2bbaa18bca609864754bd1d321,08/31/2025 05:00:00 PM,1,DRIVER,,2041018,,TOYOTA,CAMRY,IL,2002,UNKNOWN,PASSENGER,PERSONAL,E,BACKING,,,1,,,,,,,,,Y,Y,Y,,,,,,,REAR,,,,,,,,,,,,,,,,,,,,,,,,,,,,,,,,,
2141065,f72d2a66a51ab1930bbbb3d8fe03cb74e180780f9eba0543c0fd8ef3c4455ef9d4acbc84550275d40257b60f7bceffa60fef3d2bbaa18bca609864754bd1d321,08/31/2025 05:00:00 PM,2,DRIVER,,2041022,,HONDA,CR-V,IL,2022,UNKNOWN,PASSENGER,PERSONAL,N,STRAIGHT AHEAD,,,1,,,,,,,Y,Y,Y,,,,,,,,,REAR-RIGHT-CORNER,,,,,,,,,,,,,,,,,,,,,,,,,,,,,,,,,
2141075,550fdaf6fba0c96625157d75a17099f57511b66dea62b65730703ff1c19f347632d758080d987184e29e513207594f772594487d8fee498408a890848ecdcc3a,08/31/2025 04:55:00 PM,1,DRIVER,,2041024,,CHEVROLET,BLAZER,IL,2020,UNKNOWN,SPORT UTILITY VEHICLE (SUV),UNKNOWN/NA,W,STRAIGHT AHEAD,,,1,,,,,,,,,,,,,,,,,,UNKNOWN,,,,,,,,,,,,,,,,,,,,,,,,,,,,,,,,,
2141076,550fdaf6fba0c96625157d75a17099f57511b66dea62b65730703ff1c19f347632d758080d987184e29e513207594f772594487d8fee498408a890848ecdcc3a,08/31/2025 04:55:00 PM,2,DRIVER,1,2041030,,BUICK,ENCORE,IL,2018,UNKNOWN,SPORT UTILITY VEHICLE (SUV),PERSONAL,N,STRAIGHT AHEAD,Y,,2,,TOWED BY OWNER,,,Y,Y,,,,,,,,,,,,FRONT-RIGHT-CORNER,,,,,,,,,,,,,,,,,,,,,,,,,,,,,,,,,
2141144,2905c40cad5df528df558b3ae6a82aec8f5acf4af682261f083de51ec15d3f02452b215142fe5049e3738ccd041a37abf15797e6ca5339bd9d387e1ab92862a4,08/31/2025 04:51:00 PM,1,DRIVER,,2041098,,GENERAL MOTORS CORPORATION (GMC),ENVOY,IL,,UNKNOWN,SPORT UTILITY VEHICLE (SUV),UNKNOWN/NA,S,STRAIGHT AHEAD,,,1,,,,,,,,,,,,,,,,Y,,FRONT,,,,,,,,,,,,,,,,,,,,,,,,,,,,,,,,,
2141145,2905c40cad5df528df558b3ae6a82aec8f5acf4af682261f083de51ec15d3f02452b215142fe5049e3738ccd041a37abf15797e6ca5339bd9d387e1ab92862a4,08/31/2025 04:51:00 PM,2,DRIVER,,2041105,,KIA,OTHER (EXPLAIN IN NARRATIVE),IL,,UNKNOWN,PASSENGER,PERSONAL,S,STRAIGHT AHEAD,,,1,,,,,,,,,,Y,,,,,,,,REAR,,,,,,,,,,,,,,,,,,,,,,,,,,,,,,,,,
2141112,bea991c96f171604854dc522a4ab43b87691fdf150941e3fb1612bbe4b5bd9fe430345391ab82474953573bbc01131cacd26ac6b5f5873969667dada0d91e5bf,08/31/2025 04:40:00 PM,1,DRIVER,,2041062,,NISSAN,ALTIMA,IL,2006,UNKNOWN,PASSENGER,PERSONAL,N,STRAIGHT AHEAD,Y,,1,,,,,Y,,,,,,,,,,Y,Y,,FRONT,,,,,,,,,,,,,,,,,,,,,,,,,,,,,,,,,
2141113,bea991c96f171604854dc522a4ab43b87691fdf150941e3fb1612bbe4b5bd9fe430345391ab82474953573bbc01131cacd26ac6b5f5873969667dada0d91e5bf,08/31/2025 04:40:00 PM,2,DRIVER,,2041068,,KIA,RIO / K2,IL,2018,UNKNOWN,PASSENGER,PERSONAL,S,TURNING LEFT,Y,,1,,,,,Y,,,,,,,,,,Y,Y,,FRONT-RIGHT-CORNER,,,,,,,,,,,,,,,,,,,,,,,,,,,,,,,,,
2141114,bea991c96f171604854dc522a4ab43b87691fdf150941e3fb1612bbe4b5bd9fe430345391ab82474953573bbc01131cacd26ac6b5f5873969667dada0d91e5bf,08/31/2025 04:40:00 PM,3,DRIVER,3,2041070,,CHEVROLET,EQUINOX,IL,2018,UNKNOWN,SPORT UTILITY VEHICLE (SUV),PERSONAL,W,OTHER,,,4,,,,,,,,,,,,,,,,Y,,FRONT,,,,,,,,,,,,,,,,,,,,,,,,,,,,,,,,,
2141104,547c32a56e3ae79e518195a9291ccd24e4a331c7cc9720c803dda48ddb2d5b69f8dbeb7b79a1917fd1cc9135c3192a686ff8074f45874b5bfb305dbf112614ff,08/31/2025 04:30:00 PM,1,DRIVER,,2041056,,FORD,FOCUS,IL,2009,NONE,PASSENGER,PERSONAL,S,STRAIGHT AHEAD,,,1,,,,,,,,,,,,,,,,Y,,FRONT,,,,,,,,,,,,,,,,,,,,,,,,,,,,,,,,,
2141105,547c32a56e3ae79e518195a9291ccd24e4a331c7cc9720c803dda48ddb2d5b69f8dbeb7b79a1917fd1cc9135c3192a686ff8074f45874b5bfb305dbf112614ff,08/31/2025 04:30:00 PM,2,DRIVER,2,2041053,,DODGE,DURANGO,IL,2022,NONE,SPORT UTILITY VEHICLE (SUV),PERSONAL,S,SLOW/STOP IN TRAFFIC,,,3,,,,,,,,,,Y,,,,,,,,REAR,,,,,,,,,,,,,,,,,,,,,,,,,,,,,,,,,
2141058,33040ff28f02c57d0a1a32071ecdf96e7c083abf75ad8485ae6df09bbc7155fa9383477a148ca1fdb50804363f916e8b9890a420f03361d26eb405262d32884f,08/31/2025 04:28:00 PM,2,DRIVER,,2041009,,HONDA,CIVIC,IL,1998,UNKNOWN,PASSENGER,PERSONAL,W,AVOIDING VEHICLES/OBJECTS,,,1,,,,,Y,,,,,,,,,,,,N,FRONT-RIGHT-CORNER,,,,,,,,,,,,,,,,,,,,,,,,,,,,,,,,,
2141059,33040ff28f02c57d0a1a32071ecdf96e7c083abf75ad8485ae6df09bbc7155fa9383477a148ca1fdb50804363f916e8b9890a420f03361d26eb405262d32884f,08/31/2025 04:28:00 PM,1,DRIVER,1,2041013,,FORD,EXPLORER,IL,2023,NONE,SPORT UTILITY VEHICLE (SUV),POLICE,W,STRAIGHT AHEAD,,,2,,,,,,,,,,,Y,,,,,,,REAR-LEFT-CORNER,,,,,,,,,,,,,,,,,,,,,,,,,,,,,,,,,
2141162,3321d34ad16423c24c066d6a85557b9f5977703d87c30dbb21bd42516bc2a084bcf3dd3d210e5d55bc2825bceaedb5ce3e7fbec3b3c0a6afb5c1221a1665718c,08/31/2025 04:25:00 PM,1,DRIVER,3,2041104,,UNKNOWN,MOTORIZED,IL,,UNKNOWN,SPORT UTILITY VEHICLE (SUV),UNKNOWN/NA,UNKNOWN,UNKNOWN/NA,,,4,,,,,Y,Y,Y,Y,Y,,,,,,,,,SIDE-RIGHT,,,,,,,,,,,,,,,,,,,,,,,,,,,,,,,,,
2141163,3321d34ad16423c24c066d6a85557b9f5977703d87c30dbb21bd42516bc2a084bcf3dd3d210e5d55bc2825bceaedb5ce3e7fbec3b3c0a6afb5c1221a1665718c,08/31/2025 04:25:00 PM,2,DRIVER,,2041109,,HYUNDAI,KONA,IL,2025,NONE,PASSENGER,PERSONAL,UNKNOWN,OTHER,,,1,,,,,,,,,,,Y,Y,Y,Y,Y,,,SIDE-LEFT,,,,,,,,,,,,,,,,,,,,,,,,,,,,,,,,,
2141098,4077696b8029db46f14acbc277bdb2c16064c5350743dc2d5837115c831e06cba5cda077df4dfd440bc8805130bc1cf8e1c7bdfdcb1a852554ee6418729f14d5,08/31/2025 04:25:00 PM,1,DRIVER,1,2041048,,HONDA,CR-V,IL,2012,UNKNOWN,SPORT UTILITY VEHICLE (SUV),PERSONAL,E,STRAIGHT AHEAD,,,2,,,,,Y,,,,,,,,,,Y,Y,,FRONT,,,,,,,,,,,,,,,,,,,,,,,,,,,,,,,,,
2141099,4077696b8029db46f14acbc277bdb2c16064c5350743dc2d5837115c831e06cba5cda077df4dfd440bc8805130bc1cf8e1c7bdfdcb1a852554ee6418729f14d5,08/31/2025 04:25:00 PM,2,DRIVER,3,2041052,,BMW,X5,IL,2025,NONE,SPORT UTILITY VEHICLE (SUV),PERSONAL,E,SLOW/STOP IN TRAFFIC,,,4,,,,,,,,,Y,Y,Y,,,,,,,REAR,,,,,,,,,,,,,,,,,,,,,,,,,,,,,,,,,
2141060,661aef5282d42fc69f02b1010c61b7d3b049a2ac1df62336c9b76caaf8d5a850506336a756d74e5d161c8d2ce3b19be3d3ceaab89ed7a0ee22d7d2e9f0e82bad,08/31/2025 04:25:00 PM,1,DRIVER,,2041017,,DODGE,CHARGER,IL,2015,NONE,PASSENGER,PERSONAL,S,STRAIGHT AHEAD,,,1,,,,Y,,,,,,,,,,,,,,UNKNOWN,,,,,,,,,,,,,,,,,,,,,,,,,,,,,,,,,
2141061,661aef5282d42fc69f02b1010c61b7d3b049a2ac1df62336c9b76caaf8d5a850506336a756d74e5d161c8d2ce3b19be3d3ceaab89ed7a0ee22d7d2e9f0e82bad,08/31/2025 04:25:00 PM,2,DRIVER,,2041011,,UNKNOWN,OTHER (EXPLAIN IN NARRATIVE),IL,2021,NONE,SPORT UTILITY VEHICLE (SUV),PERSONAL,W,STRAIGHT AHEAD,,,1,,,,,Y,,,,,,,,,,,,,FRONT-RIGHT-CORNER,,,,,,,,,,,,,,,,,,,,,,,,,,,,,,,,,
2141068,83d4e7de9631fca814ad8ace3d5f2ba9f9038e10b7dcbfc38b7497d385edaae0584f81e43afd2524632b0a03f7edb8b51c73702a3266d57e0c550b3efc273886,08/31/2025 04:15:00 PM,1,DRIVER,,2041016,,UNKNOWN,OTHER (EXPLAIN IN NARRATIVE),,,UNKNOWN,PASSENGER,UNKNOWN/NA,N,STRAIGHT AHEAD,,,1,,,,,,,,,,,,,,,,Y,Y,FRONT,,,,,,,,,,,,,,,,,,,,,,,,,,,,,,,,,
2141069,83d4e7de9631fca814ad8ace3d5f2ba9f9038e10b7dcbfc38b7497d385edaae0584f81e43afd2524632b0a03f7edb8b51c73702a3266d57e0c550b3efc273886,08/31/2025 04:15:00 PM,2,PEDESTRIAN,,,,,,,,,,,,,,,,,,,,,,,,,,,,,,,,,,,,,,,,,,,,,,,,,,,,,,,,,,,,,,,,,,
2141027,a7f2b50fae5fc44edca395a420571fb109a419a1229d79552f7c160ebc2519455f40ab95cb482d83aa2b7063df1546b2220d8aa969a8721453b420a09f318888,08/31/2025 04:03:00 PM,1,DRIVER,2,2040980,,JEEP,CHEROKEE,IL,2007,UNKNOWN,SPORT UTILITY VEHICLE (SUV),PERSONAL,E,STRAIGHT AHEAD,,,3,,,,,Y,Y,,,,,,,,Y,Y,Y,,FRONT,,,,,,,,,,,,,,,,,,,,,,,,,,,,,,,,,
2141028,a7f2b50fae5fc44edca395a420571fb109a419a1229d79552f7c160ebc2519455f40ab95cb482d83aa2b7063df1546b2220d8aa969a8721453b420a09f318888,08/31/2025 04:03:00 PM,2,PARKED,,2041003,,JEEP,CHEROKEE,TX,2012,UNKNOWN,SPORT UTILITY VEHICLE (SUV),UNKNOWN/NA,E,PARKED IN TRAFFIC LANE,,,0,,,,,,,,,Y,Y,Y,,,,,,,REAR,,,,,,,,,,,,,,,,,,,,,,,,,,,,,,,,,
2141070,2dc06edbce065196d781de8ff48467b9b6d95153fc81dee2be214a186efe82eef9f0b0fe7048ccc70db76ea0e4dd5edef4e51fda67d8b25bf0a81f90339bbcdf,08/31/2025 04:00:00 PM,1,DRIVER,,2041019,,KIA,FORTE,IL,2019,UNKNOWN,PASSENGER,UNKNOWN/NA,N,MERGING,,,1,,,,,,,,,,,,,,Y,Y,,,FRONT-LEFT-CORNER,,,,,,,,,,,,,,,,,,,,,,,,,,,,,,,,,
2141071,2dc06edbce065196d781de8ff48467b9b6d95153fc81dee2be214a186efe82eef9f0b0fe7048ccc70db76ea0e4dd5edef4e51fda67d8b25bf0a81f90339bbcdf,08/31/2025 04:00:00 PM,2,DRIVER,,2041027,,FORD,ECONOLINE E450,IL,2019,UNKNOWN,BUS UP TO 15 PASS.,OTHER,N,STRAIGHT AHEAD,,,1,,,,,,Y,,,,,,,,,,,,SIDE-RIGHT,,,,,,,,,,,,,,,,,,,,,,,,,,,,,,,,,
2141106,fb84436947806905ade958327cb72b9dd0924381a52ca7f2387e7ccfcdcb0fde24ff4ac8500b6aa9d56348119e08dac385609e62289f0a3ec8dbb23456c366ca,08/31/2025 04:00:00 PM,1,DRIVER,,2041055,,BMW,X5,IL,2026,UNKNOWN,SPORT UTILITY VEHICLE (SUV),OTHER,S,STRAIGHT AHEAD,,,1,,,,,Y,,,,,,,,,,,,,FRONT,,,,,,,,,,,,,,,,,,,,,,,,,,,,,,,,,
2141107,fb84436947806905ade958327cb72b9dd0924381a52ca7f2387e7ccfcdcb0fde24ff4ac8500b6aa9d56348119e08dac385609e62289f0a3ec8dbb23456c366ca,08/31/2025 04:00:00 PM,2,DRIVER,,2041060,,TOYOTA,PRIUS,IL,2015,UNKNOWN,PASSENGER,TAXI/FOR HIRE,S,STRAIGHT AHEAD,,,1,,,,,,,,,,,Y,,,,,,,REAR-LEFT-CORNER,,,,,,,,,,,,,,,,,,,,,,,,,,,,,,,,,
2141077,9d797587010dfb99ef02b7120e3ea881fec14c0cd6d0e15b5cafbde0013cac2d94c7d15c3b453e96bc1a21ee0a374e4d11a1ad65361b925b89dc40245fc98b1a,08/31/2025 03:52:00 PM,1,DRIVER,,2041026,,VOLKSWAGEN,PASSAT,IL,2014,NONE,PASSENGER,PERSONAL,W,DRIVING WRONG WAY,Y,,1,,INSURANCE,,,,Y,Y,Y,Y,,Y,Y,N,,,,,SIDE-RIGHT,,,,,,,,,,,,,,,,,,,,,,,,,,,,,,,,,
2141078,9d797587010dfb99ef02b7120e3ea881fec14c0cd6d0e15b5cafbde0013cac2d94c7d15c3b453e96bc1a21ee0a374e4d11a1ad65361b925b89dc40245fc98b1a,08/31/2025 03:52:00 PM,2,DRIVER,,2041039,,CHEVROLET,MALIBU,IL,2017,NONE,PASSENGER,PERSONAL,S,STRAIGHT AHEAD,Y,,1,,INSURANCE,,,Y,Y,Y,,,,,,,,Y,Y,,FRONT,,,,,,,,,,,,,,,,,,,,,,,,,,,,,,,,,
2141079,9d797587010dfb99ef02b7120e3ea881fec14c0cd6d0e15b5cafbde0013cac2d94c7d15c3b453e96bc1a21ee0a374e4d11a1ad65361b925b89dc40245fc98b1a,08/31/2025 03:52:00 PM,3,PARKED,,2041044,,JEEP,COMPASS,IL,2019,NONE,PASSENGER,PERSONAL,S,PARKED,,,0,,,,,,,,,,Y,Y,Y,,,,,,REAR-LEFT-CORNER,,,,,,,,,,,,,,,,,,,,,,,,,,,,,,,,,
2141046,4e797702aa8aa59f74e993c8635793231a6cbcb00e7e948b8febcfa2d6e981a7d524e08473547f3100bda782f2b3a691c18a1e10f047abcff8531e3c7be97df2,08/31/2025 03:50:00 PM,1,DRIVER,,2040992,,JEEP,CHEROKEE,IL,2007,UNKNOWN,PASSENGER,PERSONAL,N,STRAIGHT AHEAD,,,1,,,,,Y,,,,,,,,,,Y,Y,,FRONT,,,,,,,,,,,,,,,,,,,,,,,,,,,,,,,,,
2141047,4e797702aa8aa59f74e993c8635793231a6cbcb00e7e948b8febcfa2d6e981a7d524e08473547f3100bda782f2b3a691c18a1e10f047abcff8531e3c7be97df2,08/31/2025 03:50:00 PM,2,PARKED,,2040994,,TOYOTA,AVALON,IL,2004,UNKNOWN,PASSENGER,PERSONAL,N,PARKED,,,0,,,,,,,,,Y,Y,Y,,,,,,,REAR,,,,,,,,,,,,,,,,,,,,,,,,,,,,,,,,,
2141050,e4c9d34cdaca5ee08b55b603575aefa1e048adecd36ab384307c6ecf318cc3bc54f693429bf59d091fe00a7ebb5a72525454facb7f31b398b67fe93e9d00e005,08/31/2025 03:47:00 PM,1,DRIVER,,2040998,,TOYOTA,COROLLA,IL,2022,NONE,PASSENGER,PERSONAL,E,STRAIGHT AHEAD,,,1,,,,,,,,,,,,Y,Y,Y,,,,SIDE-LEFT,,,,,,,,,,,,,,,,,,,,,,,,,,,,,,,,,
2141051,e4c9d34cdaca5ee08b55b603575aefa1e048adecd36ab384307c6ecf318cc3bc54f693429bf59d091fe00a7ebb5a72525454facb7f31b398b67fe93e9d00e005,08/31/2025 03:47:00 PM,2,DRIVER,2,2041002,,FORD,F150,TN,2019,NONE,PICKUP,PERSONAL,E,TURNING RIGHT,,,3,,,,,Y,,,,,,,,,,Y,Y,,FRONT,,,,,,,,,,,,,,,,,,,,,,,,,,,,,,,,,
2141023,505d0feef2d150bac56d6e770443fc292a2a168a58de3d760872d061c8c00abcce142fef2d478bce54624ab2d8eeae99e822ec05d3300c1d85df6f18367d57c7,08/31/2025 03:40:00 PM,1,DRIVER,,2041004,,HYUNDAI,TUCSON,IL,2020,NONE,SPORT UTILITY VEHICLE (SUV),PERSONAL,SW,TURNING LEFT,,,1,,,,,,,,,,,,,,Y,Y,,,FRONT-LEFT-CORNER,,,,,,,,,,,,,,,,,,,,,,,,,,,,,,,,,
2141024,505d0feef2d150bac56d6e770443fc292a2a168a58de3d760872d061c8c00abcce142fef2d478bce54624ab2d8eeae99e822ec05d3300c1d85df6f18367d57c7,08/31/2025 03:40:00 PM,2,DRIVER,1,2041010,,AUDI,Q7,IL,2021,NONE,SPORT UTILITY VEHICLE (SUV),PERSONAL,W,STRAIGHT AHEAD,,,2,,,,,,,Y,Y,,,,,,,,,,SIDE-RIGHT-REAR,,,,,,,,,,,,,,,,,,,,,,,,,,,,,,,,,
2141056,7d48659c3d08031331808895a065cc79b816fbb4dda4db62dee731f9416107e32b41671fd7ab686ec06dd7370b2b1658eb864cfc6c62fda6cacc0fe52ccc39be,08/31/2025 03:30:00 PM,1,DRIVER,,2041005,,UNKNOWN,MOTORIZED,,,UNKNOWN,UNKNOWN/NA,UNKNOWN/NA,UNKNOWN,TURNING RIGHT,,,1,,,,,,,,,,,,,,,,,,UNKNOWN,,,,,,,,,,,,,,,,,,,,,,,,,,,,,,,,,
2141057,7d48659c3d08031331808895a065cc79b816fbb4dda4db62dee731f9416107e32b41671fd7ab686ec06dd7370b2b1658eb864cfc6c62fda6cacc0fe52ccc39be,08/31/2025 03:30:00 PM,2,PARKED,,2041007,,JEEP,GRAND CHEROKEE,IL,2017,NONE,SPORT UTILITY VEHICLE (SUV),PERSONAL,W,PARKED,,,0,,,,,,,,,,,Y,Y,,,,,,REAR-LEFT-CORNER,,,,,,,,,,,,,,,,,,,,,,,,,,,,,,,,,
2141025,8a8be552958cac0d9cc0d9b169b24b80a1765e31115876cc5e3064b48983daef9c08d321d0dc34b8651be3a6b8cb8085516362848d896de7811080d1372f421d,08/31/2025 03:30:00 PM,1,DRIVER,,2040979,,CHRYSLER,200,,2016,UNKNOWN,PASSENGER,UNKNOWN/NA,S,ENTERING TRAFFIC LANE FROM PARKING,,,1,,,,,,,,,,,,,,,Y,,,FRONT-LEFT-CORNER,,,,,,,,,,,,,,,,,,,,,,,,,,,,,,,,,
2141026,8a8be552958cac0d9cc0d9b169b24b80a1765e31115876cc5e3064b48983daef9c08d321d0dc34b8651be3a6b8cb8085516362848d896de7811080d1372f421d,08/31/2025 03:30:00 PM,2,DRIVER,,2040991,,GENERAL MOTORS CORPORATION (GMC),ACADIA,TN,2023,UNKNOWN,SPORT UTILITY VEHICLE (SUV),OTHER,S,STRAIGHT AHEAD,,,1,,,,,,,Y,Y,,,,,,,,,,SIDE-RIGHT,,,,,,,,,,,,,,,,,,,,,,,,,,,,,,,,,
2141042,efad7340b1dc129f0e88ca2a60d5b9305c3d1a148c05e301a6112f688b20c1f4e4658a361bc04479b423322408460bbc83ededdca996d63fcb9d5f3129198358,08/31/2025 03:30:00 PM,1,DRIVER,,2040989,,FORD,OTHER (EXPLAIN IN NARRATIVE),IL,2016,NONE,PICKUP,PERSONAL,W,PASSING/OVERTAKING,,,1,,,,,Y,Y,Y,Y,Y,,,,,,,,,SIDE-RIGHT,,,,,,,,,,,,,,,,,,,,,,,,,,,,,,,,,
2141043,efad7340b1dc129f0e88ca2a60d5b9305c3d1a148c05e301a6112f688b20c1f4e4658a361bc04479b423322408460bbc83ededdca996d63fcb9d5f3129198358,08/31/2025 03:30:00 PM,2,PARKED,,2040993,,HONDA,OTHER (EXPLAIN IN NARRATIVE),IL,2017,NONE,PASSENGER,NOT IN USE,W,PARKED,Y,,0,,private,,,Y,,,,,,,,,Y,Y,Y,,FRONT-LEFT-CORNER,,,,,,,,,,,,,,,,,,,,,,,,,,,,,,,,,
2141088,68607286bde3b8b02a93665c76c29fa01330a63b953505d45b2ee0db0b6a16331d1f6a6dbce780a45414401e186fbd39e9846af72590ddb93738f66f0d56b992,08/31/2025 03:26:00 PM,1,DRIVER,,2041034,,NISSAN,SENTRA,IL,2021,NONE,PASSENGER,PERSONAL,S,TURNING LEFT,Y,,1,,PRIVATE,,,Y,,,,,,,,,,Y,Y,,FRONT,,,,,,,,,,,,,,,,,,,,,,,,,,,,,,,,,
2141089,68607286bde3b8b02a93665c76c29fa01330a63b953505d45b2ee0db0b6a16331d1f6a6dbce780a45414401e186fbd39e9846af72590ddb93738f66f0d56b992,08/31/2025 03:26:00 PM,2,DRIVER,3,2041038,,LEXUS,300,IL,2024,NONE,PASSENGER,PERSONAL,E,STRAIGHT AHEAD,Y,,4,,PRIVATE,,,,,,,,,,,,,Y,Y,,FRONT-LEFT-CORNER,,,,,,,,,,,,,,,,,,,,,,,,,,,,,,,,,
2141033,59a71aab012b7776e5c0ade57e037aff952b288cea1ee6e3d191fce0025c765f50ba43e876830884c1737d0c79d598f8fa2ae6f18e2fd934805821a41d47f5e3,08/31/2025 03:25:00 PM,1,DRIVER,,2040981,,TOYOTA,COROLLA,WI,2023,UNKNOWN,PASSENGER,PERSONAL,W,PASSING/OVERTAKING,Y,,1,,WELLS AUTOMOTIVE SERVICE,unk,,,,,,,,,,,,Y,Y,,FRONT-LEFT-CORNER,,,,,,,,,,,,,,,,,,,,,,,,,,,,,,,,,
2141034,59a71aab012b7776e5c0ade57e037aff952b288cea1ee6e3d191fce0025c765f50ba43e876830884c1737d0c79d598f8fa2ae6f18e2fd934805821a41d47f5e3,08/31/2025 03:25:00 PM,2,DRIVER,,2040985,,FORD,F450,IL,2022,UNKNOWN,OTHER,OTHER,W,STRAIGHT AHEAD,,,1,,,,,,,,Y,,,,,,,,,,REAR-RIGHT-CORNER,,,,,,,,,,,,,,,,,,,,,,,,,,,,,,,,,
2140981,419820b2cb5e56f256b628ff42d067f79143b5bff2e14fb314220e6a6e561783ec68afb90b1a0c3cb59923e4bd86dffdffe426ccd1ae5c52bec302ad498294f7,08/31/2025 03:20:00 PM,1,DRIVER,,2040934,,ACURA,ADX,IL,2000,NONE,PASSENGER,PERSONAL,E,STRAIGHT AHEAD,,,1,,,,,,,,,,,,,,,,Y,,FRONT,,,,,,,,,,,,,,,,,,,,,,,,,,,,,,,,,
2140982,419820b2cb5e56f256b628ff42d067f79143b5bff2e14fb314220e6a6e561783ec68afb90b1a0c3cb59923e4bd86dffdffe426ccd1ae5c52bec302ad498294f7,08/31/2025 03:20:00 PM,2,DRIVER,1,2040936,,HYUNDAI,TUCSON,IL,2019,UNKNOWN,PASSENGER,PERSONAL,E,STRAIGHT AHEAD,,,2,,,,,,,,,Y,Y,,,,,,,,REAR-RIGHT-CORNER,,,,,,,,,,,,,,,,,,,,,,,,,,,,,,,,,