CRASH_UNIT_ID,CRASH_RECORD_ID,CRASH_DATE,UNIT_NO,UNIT_TYPE,NUM_PASSENGERS,VEHICLE_ID,CMRC_VEH_I,MAKE,MODEL,LIC_PLATE_STATE,VEHICLE_YEAR,VEHICLE_DEFECT,VEHICLE_TYPE,VEHICLE_USE,TRAVEL_DIRECTION,MANEUVER,TOWED_I,FIRE_I,OCCUPANT_CNT,EXCEED_SPEED_LIMIT_I,TOWED_BY,TOWED_TO,AREA_00_I,AREA_01_I,AREA_02_I,AREA_03_I,AREA_04_I,AREA_05_I,AREA_06_I,AREA_07_I,AREA_08_I,AREA_09_I,AREA_10_I,AREA_11_I,AREA_12_I,AREA_99_I,FIRST_CONTACT_POINT,CMV_ID,USDOT_NO,CCMC_NO,ILCC_NO,COMMERCIAL_SRC,GVWR,CARRIER_NAME,CARRIER_STATE,CARRIER_CITY,HAZMAT_PLACARDS_I,HAZMAT_NAME,UN_NO,HAZMAT_PRESENT_I,HAZMAT_REPORT_I,HAZMAT_REPORT_NO,MCS_REPORT_I,MCS_REPORT_NO,HAZMAT_VIO_CAUSE_CRASH_I,MCS_VIO_CAUSE_CRASH_I,IDOT_PERMIT_NO,WIDE_LOAD_I,TRAILER1_WIDTH,TRAILER2_WIDTH,TRAILER1_LENGTH,TRAILER2_LENGTH,TOTAL_VEHICLE_LENGTH,AXLE_CNT,VEHICLE_CONFIG,CARGO_BODY_TYPE,LOAD_TYPE,HAZMAT_OUT_OF_SERVICE_I,MCS_OUT_OF_SERVICE_I,HAZMAT_CLASS
2141108,e905ecc9cb63f2d5e68dca85b3fbb15c0a8c4ae4667bac0756a9d5bd81616714af84c3ff1b5b721c167e51e2a8663c61577e8d60bb280f13bda9b17cc574de9c,08/31/2025 03:15:00 PM,1,DRIVER,,2041057,,DODGE,DURANGO,IL,2015,UNKNOWN,PASSENGER,UNKNOWN/NA,E,PASSING/OVERTAKING,,,1,,,,,Y,Y,,,,,,,,,,,,FRONT-RIGHT-CORNER,,,,,,,,,,,,,,,,,,,,,,,,,,,,,,,,,
2141109,e905ecc9cb63f2d5e68dca85b3fbb15c0a8c4ae4667bac0756a9d5bd81616714af84c3ff1b5b721c167e51e2a8663c61577e8d60bb280f13bda9b17cc574de9c,08/31/2025 03:15:00 PM,2,DRIVER,,2041058,,HYUNDAI,VENUE,IL,2024,UNKNOWN,PASSENGER,PERSONAL,E,STRAIGHT AHEAD,,,1,,,,,,,,,,,Y,Y,,,,,,SIDE-LEFT-REAR,,,,,,,,,,,,,,,,,,,,,,,,,,,,,,,,,
2140987,d4944a18da72541029c4c27430e1ce9724a9de533ce4be10663abf65b178a85c91d83c4aab625c8501b8cd1912b7aa58a6a63d8e1f4a61dcbc4a0085f152a108,08/31/2025 03:06:00 PM,1,DRIVER,,2040941,,INFINITI,OTHER (EXPLAIN IN NARRATIVE),IL,2018,NONE,SPORT UTILITY VEHICLE (SUV),PERSONAL,E,STRAIGHT AHEAD,,,1,,,,,,,,,,,,,,,,Y,,FRONT,,,,,,,,,,,,,,,,,,,,,,,,,,,,,,,,,
2140988,d4944a18da72541029c4c27430e1ce9724a9de533ce4be10663abf65b178a85c91d83c4aab625c8501b8cd1912b7aa58a6a63d8e1f4a61dcbc4a0085f152a108,08/31/2025 03:06:00 PM,2,DRIVER,,2040952,,VOLKSWAGEN,OTHER (EXPLAIN IN NARRATIVE),IL,2024,NONE,SPORT UTILITY VEHICLE (SUV),PERSONAL,E,STRAIGHT AHEAD,,,1,,,,,,,,,,Y,,,,,,,,REAR,,,,,,,,,,,,,,,,,,,,,,,,,,,,,,,,,
2140999,2e108ffbeac9e8765ab3549e9023cde04933d31cbadf3737392ebbf2736392529c567c769db2c122447981b68afbd41c6195e6c9126536b5933767179268091c,08/31/2025 03:05:00 PM,1,DRIVER,,2040963,,KIA,OPTIMA / K5,IL,2008,NONE,PASSENGER,PERSONAL,E,STRAIGHT AHEAD,,,1,,,,,,,,,,,,,,,,,Y,FRONT,,,,,,,,,,,,,,,,,,,,,,,,,,,,,,,,,
2141000,2e108ffbeac9e8765ab3549e9023cde04933d31cbadf3737392ebbf2736392529c567c769db2c122447981b68afbd41c6195e6c9126536b5933767179268091c,08/31/2025 03:05:00 PM,2,DRIVER,2,2040947,,TOYOTA,HIGHLANDER,IL,2003,NONE,PASSENGER,PERSONAL,E,SLOW/STOP IN TRAFFIC,,,3,,,,,,,,,Y,Y,Y,,,,,,,REAR,,,,,,,,,,,,,,,,,,,,,,,,,,,,,,,,,
2141018,8df6d67f28601e22612279a520da16ccbd907b7506a16b83c3f5cd6b17f751d6491fad4d1f3a70b3f10de2a5634f225d5fd196c2c05ea5950bb36daa1055d057,08/31/2025 03:05:00 PM,2,DRIVER,1,2040973,,VOLKSWAGEN,ATLAS,IL,2022,NONE,PASSENGER,PERSONAL,E,STRAIGHT AHEAD,,,2,,,,,,,,,,,,,,,Y,,,FRONT-LEFT-CORNER,,,,,,,,,,,,,,,,,,,,,,,,,,,,,,,,,
2141019,8df6d67f28601e22612279a520da16ccbd907b7506a16b83c3f5cd6b17f751d6491fad4d1f3a70b3f10de2a5634f225d5fd196c2c05ea5950bb36daa1055d057,08/31/2025 03:05:00 PM,1,NON-MOTOR VEHICLE,,,,,,,,,,,,,,,,,,,,,,,,,,,,,,,,,,,,,,,,,,,,,,,,,,,,,,,,,,,,,,,,,,
2141048,4cb3123d00e9cb1cdc6d7bc43d765ce5374a546502438c62e076fabdcc7ebd0891c292fea9793acd119f9fa8f7d4703e4c17408b87494357b740ee2850eb4427,08/31/2025 03:00:00 PM,1,DRIVER,,2040990,,UNKNOWN,OTHER (EXPLAIN IN NARRATIVE),,,UNKNOWN,UNKNOWN/NA,UNKNOWN/NA,UNKNOWN,UNKNOWN/NA,,,1,,,,,,,,,,,,,,,,,,UNKNOWN,,,,,,,,,,,,,,,,,,,,,,,,,,,,,,,,,
2141049,4cb3123d00e9cb1cdc6d7bc43d765ce5374a546502438c62e076fabdcc7ebd0891c292fea9793acd119f9fa8f7d4703e4c17408b87494357b740ee2850eb4427,08/31/2025 03:00:00 PM,2,PARKED,,2040995,,CHEVROLET,MALIBU,IL,2006,UNKNOWN,PASSENGER,NOT IN USE,N,PARKED,,,0,,,,,Y,Y,,,,,,,,,,,,FRONT-RIGHT-CORNER,,,,,,,,,,,,,,,,,,,,,,,,,,,,,,,,,
2141037,db957459e28b157c6cb1543ff493ebaa50ec8c00f9c466d0db53793d745fa34fa7ef2d023a8a53d4c0c8d2af0a163cb536869fc8da270a9cbaef7eaaddf1e0e8,08/31/2025 03:00:00 PM,1,DRIVER,,2040982,,HYUNDAI,TUCSON,IL,2020,UNKNOWN,SPORT UTILITY VEHICLE (SUV),PERSONAL,UNKNOWN,CHANGING LANES,,,1,,,,,Y,Y,,,,,,,,,,,,FRONT-RIGHT-CORNER,,,,,,,,,,,,,,,,,,,,,,,,,,,,,,,,,
2141038,db957459e28b157c6cb1543ff493ebaa50ec8c00f9c466d0db53793d745fa34fa7ef2d023a8a53d4c0c8d2af0a163cb536869fc8da270a9cbaef7eaaddf1e0e8,08/31/2025 03:00:00 PM,2,DRIVER,,2040983,,TOYOTA,CAMRY,IL,2023,UNKNOWN,PASSENGER,PERSONAL,UNKNOWN,STRAIGHT AHEAD,,,1,,,,,,,,,,,,Y,Y,Y,,,,SIDE-LEFT,,,,,,,,,,,,,,,,,,,,,,,,,,,,,,,,,
2140991,f912b3f1f20067a693fcaa41d14f424a5fd6e1db6328ed62b11bb94d8f85697dd353cfdae56575c2e39ea734521a9390c3a4730342b4f21e2ddd950e852aac97,08/31/2025 02:52:00 PM,1,DRIVER,,2040942,,CHEVROLET,TRAIL BLAZER,IL,2021,UNKNOWN,PASSENGER,PERSONAL,N,STRAIGHT AHEAD,Y,,1,,PERSONAL TOW,,,Y,Y,Y,Y,Y,,Y,Y,Y,Y,Y,,,SIDE-LEFT,,,,,,,,,,,,,,,,,,,,,,,,,,,,,,,,,
2140992,f912b3f1f20067a693fcaa41d14f424a5fd6e1db6328ed62b11bb94d8f85697dd353cfdae56575c2e39ea734521a9390c3a4730342b4f21e2ddd950e852aac97,08/31/2025 02:52:00 PM,2,DRIVER,,2040951,,HYUNDAI,SONATA,IL,2020,UNKNOWN,PASSENGER,PERSONAL,E,STRAIGHT AHEAD,,,1,,,,,Y,,,,,,,,,,Y,Y,,FRONT,,,,,,,,,,,,,,,,,,,,,,,,,,,,,,,,,
2140983,3f99a2e55e39180f397aecf3fa8cb5e7fc9c34de3b8eb215706606f076c332bce15468132710af4a3a538887911d4349721cca37043d0d583091940a8d25c2bf,08/31/2025 02:45:00 PM,1,DRIVER,,2040938,,TOYOTA,COROLLA,IL,2011,NONE,PASSENGER,PERSONAL,E,STRAIGHT AHEAD,,,1,,,,,,,,,,,,,,,,Y,,FRONT,,,,,,,,,,,,,,,,,,,,,,,,,,,,,,,,,
2140984,3f99a2e55e39180f397aecf3fa8cb5e7fc9c34de3b8eb215706606f076c332bce15468132710af4a3a538887911d4349721cca37043d0d583091940a8d25c2bf,08/31/2025 02:45:00 PM,2,DRIVER,1,2040943,,FORD,FUSION,IL,2013,NONE,PASSENGER,PERSONAL,E,SLOW/STOP IN TRAFFIC,,,2,,,,,,,,,Y,Y,,,,,,,,REAR,,,,,,,,,,,,,,,,,,,,,,,,,,,,,,,,,
2141040,a813e7b1782b8d5c8577becd5c1d3f99814792079ef619279d3e38001167df17b7878e12fbbf49ca0d5eb994a3761f958f46b5e1aaed6eedcbfd716bee71fb5a,08/31/2025 02:40:00 PM,1,DRIVER,,2040996,,NISSAN,VERSA,IL,2007,NONE,PASSENGER,PERSONAL,S,STRAIGHT AHEAD,,,1,,,,,,,,,,,,,,,Y,,,FRONT-LEFT-CORNER,,,,,,,,,,,,,,,,,,,,,,,,,,,,,,,,,
2141041,a813e7b1782b8d5c8577becd5c1d3f99814792079ef619279d3e38001167df17b7878e12fbbf49ca0d5eb994a3761f958f46b5e1aaed6eedcbfd716bee71fb5a,08/31/2025 02:40:00 PM,2,PEDESTRIAN,,,,,,,,,,,,,,,,,,,,,,,,,,,,,,,,,,,,,,,,,,,,,,,,,,,,,,,,,,,,,,,,,,
2140977,b0565941cd1cf8458b49d0e45e7ceb2317b0278fec69cca8cf98afbc566ca7fb43a0d397b194dca884d8fb37174a164aeaffd39b3cc504c16a3f0f9eb683272a,08/31/2025 02:40:00 PM,1,DRIVER,,2040930,,BUICK,OTHER (EXPLAIN IN NARRATIVE),IL,,UNKNOWN,PASSENGER,PERSONAL,UNKNOWN,UNKNOWN/NA,,,1,,,,,,,,,Y,Y,Y,,,,,,,REAR,,,,,,,,,,,,,,,,,,,,,,,,,,,,,,,,,
2140978,b0565941cd1cf8458b49d0e45e7ceb2317b0278fec69cca8cf98afbc566ca7fb43a0d397b194dca884d8fb37174a164aeaffd39b3cc504c16a3f0f9eb683272a,08/31/2025 02:40:00 PM,2,DRIVER,,2040933,,TOYOTA,RAV4,IL,2021,UNKNOWN,PASSENGER,PERSONAL,UNKNOWN,UNKNOWN/NA,,,1,,,,,,,,,,,,,,Y,Y,Y,,FRONT-LEFT-CORNER,,,,,,,,,,,,,,,,,,,,,,,,,,,,,,,,,
2141009,e651de775ff6e2617a5c0f310ecbfd6216fbfd930c2cc8eca9a80092f0ccc91e02f149807b5a977ca339a83c9cc99fd948fb22239787e7981f4b0e39a5fc6c56,08/31/2025 02:30:00 PM,1,DRIVER,,2040961,,UNKNOWN,OTHER (EXPLAIN IN NARRATIVE),IL,,OTHER,PASSENGER,UNKNOWN/NA,N,PASSING/OVERTAKING,,,1,,,,,,,,,,,,,,,,,Y,UNKNOWN,,,,,,,,,,,,,,,,,,,,,,,,,,,,,,,,,
2141010,e651de775ff6e2617a5c0f310ecbfd6216fbfd930c2cc8eca9a80092f0ccc91e02f149807b5a977ca339a83c9cc99fd948fb22239787e7981f4b0e39a5fc6c56,08/31/2025 02:30:00 PM,2,DRIVER,,2040966,,FORD,OTHER (EXPLAIN IN NARRATIVE),IL,2020,NONE,OTHER,OTHER,N,OTHER,,,1,,,,,,,,,,,,Y,Y,Y,Y,,,SIDE-LEFT,,,,,,,,,,,,,,,,,,,,,,,,,,,,,,,,,
2141006,73f8f61a79f0429eb1a2904ba7631a9530cabb2877926c15c9c682663fcab7b7cdfa50f1b32ade06c23fe977981f5edab40345ef18edd8b5ddd37105ecde1ad0,08/31/2025 02:25:00 PM,2,DRIVER,,2040970,,CHEVROLET,MALIBU,IL,2005,NONE,PASSENGER,UNKNOWN/NA,W,STRAIGHT AHEAD,,,1,,,,,,,,,,,Y,,,,,,,REAR-LEFT-CORNER,,,,,,,,,,,,,,,,,,,,,,,,,,,,,,,,,
2141013,73f8f61a79f0429eb1a2904ba7631a9530cabb2877926c15c9c682663fcab7b7cdfa50f1b32ade06c23fe977981f5edab40345ef18edd8b5ddd37105ecde1ad0,08/31/2025 02:25:00 PM,1,DRIVER,,2040964,,CADILLAC,OTHER (EXPLAIN IN NARRATIVE),IL,2020,UNKNOWN,SPORT UTILITY VEHICLE (SUV),UNKNOWN/NA,W,PASSING/OVERTAKING,,,1,,,,,,,,,,,,,,,,,Y,SIDE-RIGHT,,,,,,,,,,,,,,,,,,,,,,,,,,,,,,,,,
2141062,e1401a2f992ff8173722af76fb0d79d6cb59af1ba96825752eb49dd853681e5fd11cc9f1e91074b761f46c13c648b3373e1e3366a3f3995cb0a84e785863994e,08/31/2025 02:25:00 PM,1,DRIVER,,2041015,,FORD,F150,IL,1991,UNKNOWN,PICKUP,UNKNOWN/NA,N,STRAIGHT AHEAD,Y,,1,,PRIVATE TOW,,,Y,Y,,,,,,,,,Y,Y,,FRONT,,,,,,,,,,,,,,,,,,,,,,,,,,,,,,,,,
2141063,e1401a2f992ff8173722af76fb0d79d6cb59af1ba96825752eb49dd853681e5fd11cc9f1e91074b761f46c13c648b3373e1e3366a3f3995cb0a84e785863994e,08/31/2025 02:25:00 PM,2,DRIVER,,2041025,,CHEVROLET,CRUZE,IL,2014,UNKNOWN,PASSENGER,UNKNOWN/NA,W,STRAIGHT AHEAD,,,1,,,,,,,,,,,,Y,Y,Y,N,,,SIDE-LEFT,,,,,,,,,,,,,,,,,,,,,,,,,,,,,,,,,
2140964,9fc465b69aa910f95770cc8585d5b9f49f61741a662dc6bb19ad46bae2ccb11c1c2ae25088b7ea003366f34a1f8ad68460ecab994f9e56fe0f7d1d7a4481bf93,08/31/2025 02:07:00 PM,1,DRIVER,,2040915,,HONDA,ACCORD,IL,2007,NONE,PASSENGER,PERSONAL,S,U-TURN,,,1,,,,,Y,Y,,,,,,,,,,Y,,FRONT-RIGHT-CORNER,,,,,,,,,,,,,,,,,,,,,,,,,,,,,,,,,
2140965,9fc465b69aa910f95770cc8585d5b9f49f61741a662dc6bb19ad46bae2ccb11c1c2ae25088b7ea003366f34a1f8ad68460ecab994f9e56fe0f7d1d7a4481bf93,08/31/2025 02:07:00 PM,2,DRIVER,2,2040920,,TOYOTA,COROLLA,MN,2024,NONE,PASSENGER,PERSONAL,N,STRAIGHT AHEAD,,,3,,,,,,,,,,Y,Y,Y,,,,,,REAR-LEFT-CORNER,,,,,,,,,,,,,,,,,,,,,,,,,,,,,,,,,
2140971,6cd640adea06a815c6604c09ffc35876fb0263b9386ef49b16d597f1d18f23c20dae869a78ddba1899eb8168e78bb7ff9481c7bccb8e50b813818d856de2825d,08/31/2025 02:05:00 PM,1,DRIVER,,2040921,,NISSAN,ALTIMA,IL,2009,UNKNOWN,PASSENGER,PERSONAL,S,STRAIGHT AHEAD,,,1,,,,,Y,,,,,,,,,,Y,Y,,FRONT,,,,,,,,,,,,,,,,,,,,,,,,,,,,,,,,,
2140972,6cd640adea06a815c6604c09ffc35876fb0263b9386ef49b16d597f1d18f23c20dae869a78ddba1899eb8168e78bb7ff9481c7bccb8e50b813818d856de2825d,08/31/2025 02:05:00 PM,2,DRIVER,,2040957,,FORD,TRANSIT,IL,2017,UNKNOWN,PASSENGER,PERSONAL,S,STRAIGHT AHEAD,,,1,,,,,,,,,Y,Y,Y,,,,,,,REAR,,,,,,,,,,,,,,,,,,,,,,,,,,,,,,,,,
2141003,64a96faf054056bc180fc51ebbb9909524dacb2353379c16a869d84ea62b3ebc61e3e58c66def5a09fbbeb4b17405fa91639ec0f275e2d04672c585a2d834cf1,08/31/2025 02:00:00 PM,1,DRIVER,,2040953,,KIA,SORENTO,IL,2019,UNKNOWN,SPORT UTILITY VEHICLE (SUV),PERSONAL,W,TURNING RIGHT,,,1,,,,,,,,,,,,,,,,Y,,FRONT-RIGHT-CORNER,,,,,,,,,,,,,,,,,,,,,,,,,,,,,,,,,
2141004,64a96faf054056bc180fc51ebbb9909524dacb2353379c16a869d84ea62b3ebc61e3e58c66def5a09fbbeb4b17405fa91639ec0f275e2d04672c585a2d834cf1,08/31/2025 02:00:00 PM,2,DRIVER,,2040960,,NISSAN,ROGUE,IL,2017,UNKNOWN,SPORT UTILITY VEHICLE (SUV),PERSONAL,SE,SLOW/STOP IN TRAFFIC,,,1,,,,,,,,,,Y,,,,,,,,REAR,,,,,,,,,,,,,,,,,,,,,,,,,,,,,,,,,
2141029,816bdbaef2f370b39d17b9c959f73509fd95088ca7b55a1f11ec2299a67b01934bb0594ed7fd437a587c738ed92b3331eafb169214c3b426ef44123e38fe5fca,08/31/2025 02:00:00 PM,1,DRIVER,1,2040986,,LEXUS,RX350,IL,2015,UNKNOWN,PASSENGER,PERSONAL,E,STRAIGHT AHEAD,,,2,,,,,,,,,,,,,,Y,Y,,,SIDE-LEFT-FRONT,,,,,,,,,,,,,,,,,,,,,,,,,,,,,,,,,
2141030,816bdbaef2f370b39d17b9c959f73509fd95088ca7b55a1f11ec2299a67b01934bb0594ed7fd437a587c738ed92b3331eafb169214c3b426ef44123e38fe5fca,08/31/2025 02:00:00 PM,2,DRIVER,1,2041001,,SCION,TC,IL,2006,UNKNOWN,PASSENGER,PERSONAL,S,STRAIGHT AHEAD,,,2,,,,,Y,,,,,,Y,,,,,Y,,SIDE-RIGHT-FRONT,,,,,,,,,,,,,,,,,,,,,,,,,,,,,,,,,
2140985,84e3a6df3702ead7b9072cd9c674f7535d90d60ffeeb86a883432340bdf5e60f1193745ba7727083efe866d9dcb47837b204a5be5ba594fb6afa419d588f051d,08/31/2025 02:00:00 PM,1,DRIVER,,2040937,,BUICK,ENCORE,IL,2020,UNKNOWN,UNKNOWN/NA,UNKNOWN/NA,UNKNOWN,UNKNOWN/NA,,,1,,,,,Y,Y,,,,,,,,,,N,,FRONT-RIGHT-CORNER,,,,,,,,,,,,,,,,,,,,,,,,,,,,,,,,,
2140986,84e3a6df3702ead7b9072cd9c674f7535d90d60ffeeb86a883432340bdf5e60f1193745ba7727083efe866d9dcb47837b204a5be5ba594fb6afa419d588f051d,08/31/2025 02:00:00 PM,2,DRIVER,,2040940,,VOLKSWAGEN,BEETLE,IL,2013,UNKNOWN,UNKNOWN/NA,UNKNOWN/NA,UNKNOWN,UNKNOWN/NA,,,1,,,,,,,Y,Y,Y,Y,Y,Y,Y,,,,,SIDE-LEFT-REAR,,,,,,,,,,,,,,,,,,,,,,,,,,,,,,,,,
2141066,934939dae961f6751f9c5a3c8d84910109cf4775b3799577222077dd4aef9488018f45d4887605c10bb48defcc000abff46013bdafb82d5159d443edd63e69d4,08/31/2025 02:00:00 PM,1,DRIVER,,2041012,,TOYOTA,COROLLA,IL,2015,UNKNOWN,PASSENGER,PERSONAL,W,UNKNOWN/NA,,,1,,,,,,,,,,,,,,,,,Y,UNKNOWN,,,,,,,,,,,,,,,,,,,,,,,,,,,,,,,,,
2141067,934939dae961f6751f9c5a3c8d84910109cf4775b3799577222077dd4aef9488018f45d4887605c10bb48defcc000abff46013bdafb82d5159d443edd63e69d4,08/31/2025 02:00:00 PM,2,DRIVER,2,2041014,,HYUNDAI,SONATA,IL,2017,UNKNOWN,PASSENGER,PERSONAL,S,STRAIGHT AHEAD,,,3,,,,,,Y,Y,Y,,,,,,,,,,SIDE-RIGHT,,,,,,,,,,,,,,,,,,,,,,,,,,,,,,,,,
2140997,908cc1bfbd5ed4b77bc4979251e82a9d634fd0415d07bdf67f4260d24f47e87b77f4efacdbf4f11c0e74d380babc31d5d6618ebd4922072abc444129d6e011ce,08/31/2025 01:50:00 PM,1,DRIVER,,2040946,,HYUNDAI,OTHER (EXPLAIN IN NARRATIVE),,2018,UNKNOWN,PASSENGER,PERSONAL,E,STRAIGHT AHEAD,,,1,,,,,,,,,,,,,,,,,,FRONT,,,,,,,,,,,,,,,,,,,,,,,,,,,,,,,,,
2140998,908cc1bfbd5ed4b77bc4979251e82a9d634fd0415d07bdf67f4260d24f47e87b77f4efacdbf4f11c0e74d380babc31d5d6618ebd4922072abc444129d6e011ce,08/31/2025 01:50:00 PM,2,DRIVER,1,2040948,,TOYOTA,CAMRY,,2025,NONE,PASSENGER,PERSONAL,S,STRAIGHT AHEAD,,,2,,,,,,,,,,Y,,,,,,,,REAR,,,,,,,,,,,,,,,,,,,,,,,,,,,,,,,,,
2140943,6cc310ba163fdac000cf39bb79b1722b7bbbf2766b96b3f2c10a057e4bdb1420f268ad57fd697da41f373b396baac717289e5abbb9c9dc0c03869cf0ce97888d,08/31/2025 01:40:00 PM,1,DRIVER,,2040889,,TOYOTA,COROLLA,IL,2007,UNKNOWN,PASSENGER,UNKNOWN/NA,W,UNKNOWN/NA,,,1,,,,,,,,,,,Y,Y,Y,Y,Y,,,SIDE-LEFT,,,,,,,,,,,,,,,,,,,,,,,,,,,,,,,,,
2140944,6cc310ba163fdac000cf39bb79b1722b7bbbf2766b96b3f2c10a057e4bdb1420f268ad57fd697da41f373b396baac717289e5abbb9c9dc0c03869cf0ce97888d,08/31/2025 01:40:00 PM,2,DRIVER,,2040892,,TOYOTA,COROLLA,IL,2025,NONE,PASSENGER,PERSONAL,E,STRAIGHT AHEAD,,,1,,,,,,,,,,,Y,Y,Y,Y,Y,,,SIDE-LEFT,,,,,,,,,,,,,,,,,,,,,,,,,,,,,,,,,
2140957,e841c4c3226c58b94252e22dda4ac91f77cde9be093b60c15aa2653fdd2ac550115cc285c9c3fa72bb6e3af0cc0185866ed4700352061b34108362e137479a78,08/31/2025 01:39:00 PM,1,DRIVER,,2040903,,CHEVROLET,HHR,IL,2010,UNKNOWN,SPORT UTILITY VEHICLE (SUV),PERSONAL,UNKNOWN,STRAIGHT AHEAD,,,1,,,,,,,,,,,,,,,,Y,,FRONT,,,,,,,,,,,,,,,,,,,,,,,,,,,,,,,,,
2140958,e841c4c3226c58b94252e22dda4ac91f77cde9be093b60c15aa2653fdd2ac550115cc285c9c3fa72bb6e3af0cc0185866ed4700352061b34108362e137479a78,08/31/2025 01:39:00 PM,2,DRIVER,,2040917,,TOYOTA,CAMRY,IL,2015,UNKNOWN,PASSENGER,PERSONAL,UNKNOWN,STRAIGHT AHEAD,,,1,,,,,,,,,,Y,,,,,,,,REAR,,,,,,,,,,,,,,,,,,,,,,,,,,,,,,,,,
2140960,3566d2cf6f2efa9c60500a018c08f30640eefc728c672f58607ed1edf740fdce34586f854f76ac261d2b0ed602e2b8b0dcdca00484ffc049f28eb8a6f8a06e00,08/31/2025 01:30:00 PM,1,DRIVER,,2040904,,HYUNDAI,KONA,IL,2025,UNKNOWN,PASSENGER,UNKNOWN/NA,S,TURNING LEFT,,,1,,,,,,,,,,,,,,,Y,Y,,FRONT,,,,,,,,,,,,,,,,,,,,,,,,,,,,,,,,,
2140961,3566d2cf6f2efa9c60500a018c08f30640eefc728c672f58607ed1edf740fdce34586f854f76ac261d2b0ed602e2b8b0dcdca00484ffc049f28eb8a6f8a06e00,08/31/2025 01:30:00 PM,2,DRIVER,,2040913,,GENERAL MOTORS CORPORATION (GMC),TERRAIN,IL,2012,NONE,PASSENGER,PERSONAL,W,STRAIGHT AHEAD,,,1,,,,,Y,,,,,,,,,,Y,Y,,FRONT,,,,,,,,,,,,,,,,,,,,,,,,,,,,,,,,,
2140966,6d578e48f7c96046513e6b98b3d26ca908cac2953364ef98db4e0e2d80663e0daf5937e0e2302317710bb1b6ffb322723e45b0b330e23190d06fe184f860e471,08/31/2025 01:30:00 PM,1,DRIVER,,2040912,,TOYOTA,COROLLA,IL,2025,NONE,PASSENGER,UNKNOWN/NA,N,STRAIGHT AHEAD,,,1,,,,,,,,,,,,,,,,,Y,SIDE-LEFT-FRONT,,,,,,,,,,,,,,,,,,,,,,,,,,,,,,,,,
2140967,6d578e48f7c96046513e6b98b3d26ca908cac2953364ef98db4e0e2d80663e0daf5937e0e2302317710bb1b6ffb322723e45b0b330e23190d06fe184f860e471,08/31/2025 01:30:00 PM,2,DRIVER,,2040906,,TOYOTA,COROLLA,IL,2007,NONE,PASSENGER,PERSONAL,S,STRAIGHT AHEAD,,,1,,,,,,,,,,,,,,Y,,,,SIDE-LEFT-FRONT,,,,,,,,,,,,,,,,,,,,,,,,,,,,,,,,,
2140993,d23430ca214eb99462d0511afedd0337f4b8b1d2bd197be396c9988642c0f0aa23d15fd00cc5f090b929abb986026b451fa99edf01f02a6fa5d903dfe5761015,08/31/2025 01:30:00 PM,1,DRIVER,,2040944,,NISSAN,ALTIMA,IL,2022,NONE,PASSENGER,PERSONAL,N,STRAIGHT AHEAD,,,1,,,,,Y,,,,,,,,,,Y,Y,,FRONT,,,,,,,,,,,,,,,,,,,,,,,,,,,,,,,,,
2140994,d23430ca214eb99462d0511afedd0337f4b8b1d2bd197be396c9988642c0f0aa23d15fd00cc5f090b929abb986026b451fa99edf01f02a6fa5d903dfe5761015,08/31/2025 01:30:00 PM,2,DRIVER,,2040958,,TOYOTA,CAMRY,IL,2015,NONE,PASSENGER,PERSONAL,E,STRAIGHT AHEAD,,,1,,,,,,Y,Y,Y,,,,,,,,,,SIDE-RIGHT,,,,,,,,,,,,,,,,,,,,,,,,,,,,,,,,,
2140951,004ed2bb70e7fec756e783554f61c18897c5664357c0e08e52e63728553280a3b08a2466119968697673f4af44bd4742173c877d7c598b4e0a198e8b4e350f9d,08/31/2025 01:20:00 PM,1,DRIVER,,2040898,,KIA,RIO / K2,IL,2022,UNKNOWN,UNKNOWN/NA,UNKNOWN/NA,W,STRAIGHT AHEAD,,,1,,,,,,,,,,,,,,,,,Y,UNKNOWN,,,,,,,,,,,,,,,,,,,,,,,,,,,,,,,,,
2140952,004ed2bb70e7fec756e783554f61c18897c5664357c0e08e52e63728553280a3b08a2466119968697673f4af44bd4742173c877d7c598b4e0a198e8b4e350f9d,08/31/2025 01:20:00 PM,2,DRIVER,1,2040907,,NISSAN,ROGUE,IL,2016,NONE,PASSENGER,PERSONAL,W,STRAIGHT AHEAD,,,2,,,,,,,,,Y,Y,Y,,,,,,,REAR,,,,,,,,,,,,,,,,,,,,,,,,,,,,,,,,,
2140925,32afb2fd015482d6206b5f314f46a6048dfd121e5f499d61361267e5e2e3516315c32d5693ee709b1ce17e1b609aa1fcc4e40a2d8229c255b378b991312ccc26,08/31/2025 01:10:00 PM,1,DRIVER,3,2040887,,NISSAN,ROGUE,IL,2015,NONE,SPORT UTILITY VEHICLE (SUV),PERSONAL,N,STRAIGHT AHEAD,,,4,,,,,,,,,,,,,,,,Y,,FRONT,,,,,,,,,,,,,,,,,,,,,,,,,,,,,,,,,
2140926,32afb2fd015482d6206b5f314f46a6048dfd121e5f499d61361267e5e2e3516315c32d5693ee709b1ce17e1b609aa1fcc4e40a2d8229c255b378b991312ccc26,08/31/2025 01:10:00 PM,2,DRIVER,,2040883,,JEEP,RENEGADE,IL,2019,NONE,SPORT UTILITY VEHICLE (SUV),PERSONAL,N,SLOW/STOP IN TRAFFIC,,,1,,,,,,,,,,Y,,,,,,Y,,REAR,,,,,,,,,,,,,,,,,,,,,,,,,,,,,,,,,