CRASH_UNIT_ID,CRASH_RECORD_ID,CRASH_DATE,UNIT_NO,UNIT_TYPE,NUM_PASSENGERS,VEHICLE_ID,CMRC_VEH_I,MAKE,MODEL,LIC_PLATE_STATE,VEHICLE_YEAR,VEHICLE_DEFECT,VEHICLE_TYPE,VEHICLE_USE,TRAVEL_DIRECTION,MANEUVER,TOWED_I,FIRE_I,OCCUPANT_CNT,EXCEED_SPEED_LIMIT_I,TOWED_BY,TOWED_TO,AREA_00_I,AREA_01_I,AREA_02_I,AREA_03_I,AREA_04_I,AREA_05_I,AREA_06_I,AREA_07_I,AREA_08_I,AREA_09_I,AREA_10_I,AREA_11_I,AREA_12_I,AREA_99_I,FIRST_CONTACT_POINT,CMV_ID,USDOT_NO,CCMC_NO,ILCC_NO,COMMERCIAL_SRC,GVWR,CARRIER_NAME,CARRIER_STATE,CARRIER_CITY,HAZMAT_PLACARDS_I,HAZMAT_NAME,UN_NO,HAZMAT_PRESENT_I,HAZMAT_REPORT_I,HAZMAT_REPORT_NO,MCS_REPORT_I,MCS_REPORT_NO,HAZMAT_VIO_CAUSE_CRASH_I,MCS_VIO_CAUSE_CRASH_I,IDOT_PERMIT_NO,WIDE_LOAD_I,TRAILER1_WIDTH,TRAILER2_WIDTH,TRAILER1_LENGTH,TRAILER2_LENGTH,TOTAL_VEHICLE_LENGTH,AXLE_CNT,VEHICLE_CONFIG,CARGO_BODY_TYPE,LOAD_TYPE,HAZMAT_OUT_OF_SERVICE_I,MCS_OUT_OF_SERVICE_I,HAZMAT_CLASS
2140927,32afb2fd015482d6206b5f314f46a6048dfd121e5f499d61361267e5e2e3516315c32d5693ee709b1ce17e1b609aa1fcc4e40a2d8229c255b378b991312ccc26,08/31/2025 01:10:00 PM,3,DRIVER,,2040871,,CHEVROLET,OTHER (EXPLAIN IN NARRATIVE),IL,2013,NONE,SPORT UTILITY VEHICLE (SUV),PERSONAL,N,SLOW/STOP IN TRAFFIC,,,1,,,,,,,,,,Y,,,,,,,,REAR,,,,,,,,,,,,,,,,,,,,,,,,,,,,,,,,,
2140940,0c308fc3c932a979101da132609ee74c12c4c16aa02585949168576a3449844e48aea1a425840f9107d281dc92e64438ee06a603a0a7ebde74bc7664071d942f,08/31/2025 01:00:00 PM,1,DRIVER,,2040890,,LEXUS,RX350,IL,2018,UNKNOWN,PASSENGER,PERSONAL,UNKNOWN,STRAIGHT AHEAD,,,1,,,,,,,,,,Y,Y,,,,,,,REAR-LEFT-CORNER,,,,,,,,,,,,,,,,,,,,,,,,,,,,,,,,,
2140941,0c308fc3c932a979101da132609ee74c12c4c16aa02585949168576a3449844e48aea1a425840f9107d281dc92e64438ee06a603a0a7ebde74bc7664071d942f,08/31/2025 01:00:00 PM,2,DRIVER,,2040895,,CHEVROLET,AVALANCHE,IL,2005,NONE,PASSENGER,PERSONAL,UNKNOWN,STRAIGHT AHEAD,,,1,,,,,,,,,Y,Y,Y,,,,,,,FRONT,,,,,,,,,,,,,,,,,,,,,,,,,,,,,,,,,
2140953,53cbd1e860d88448633f44abca37dca26a646def42a0bbf166c9644138ef6ec4a390192f06ff94938915fb1e98fcd48888ca6a19d862c5a7470d29f0f9b0b033,08/31/2025 01:00:00 PM,1,DRIVER,,2040923,,UNKNOWN,MOTORIZED,,,UNKNOWN,BUS OVER 15 PASS.,CTA,W,STARTING IN TRAFFIC,,,1,,,,,,,,,,,,,,,,,Y,SIDE-LEFT,,,,,,,,,,,,,,,,,,,,,,,,,,,,,,,,,
2140954,53cbd1e860d88448633f44abca37dca26a646def42a0bbf166c9644138ef6ec4a390192f06ff94938915fb1e98fcd48888ca6a19d862c5a7470d29f0f9b0b033,08/31/2025 01:00:00 PM,2,DRIVER,,2040927,,NISSAN,ROGUE,IL,2013,NONE,SPORT UTILITY VEHICLE (SUV),PERSONAL,W,STRAIGHT AHEAD,,,1,,,,,Y,Y,,,,,,,,,,,,FRONT-RIGHT-CORNER,,,,,,,,,,,,,,,,,,,,,,,,,,,,,,,,,
2141125,a9e1ea1b5bffe8e3f2012eb613814e15ea20882d0f0f6a87df4e3564401ec71fc0f582be9d193be13952c6371cb0d1746296fd32d0ba7dea6613c53bfc597b1c,08/31/2025 01:00:00 PM,1,DRIVER,,2041075,,CHEVROLET,EQUINOX,IL,2018,NONE,PASSENGER,PERSONAL,N,STRAIGHT AHEAD,,,1,,,,,Y,,,,,,,,,,,,,FRONT-RIGHT-CORNER,,,,,,,,,,,,,,,,,,,,,,,,,,,,,,,,,
2141126,a9e1ea1b5bffe8e3f2012eb613814e15ea20882d0f0f6a87df4e3564401ec71fc0f582be9d193be13952c6371cb0d1746296fd32d0ba7dea6613c53bfc597b1c,08/31/2025 01:00:00 PM,2,DRIVER,,2041084,,TOYOTA,RAV4,IL,2011,NONE,PASSENGER,PERSONAL,UNKNOWN,TURNING LEFT,,,1,,,,,,,,,,,,,,,Y,,,SIDE-LEFT-FRONT,,,,,,,,,,,,,,,,,,,,,,,,,,,,,,,,,
2140930,d7dea23c08e91583476a7014c1507424e14d6fe687dca5483ebe59aaecebb2714e9105676989dce819bba229d9c2902a888e7f8860300e4ac87587c3386b5143,08/31/2025 01:00:00 PM,1,DRIVER,1,2040873,,MAZDA,OTHER (EXPLAIN IN NARRATIVE),IL,2022,UNKNOWN,PASSENGER,PERSONAL,N,OTHER,,,2,,,,,,,,,,,,,,,Y,Y,,FRONT-LEFT-CORNER,,,,,,,,,,,,,,,,,,,,,,,,,,,,,,,,,
2140931,d7dea23c08e91583476a7014c1507424e14d6fe687dca5483ebe59aaecebb2714e9105676989dce819bba229d9c2902a888e7f8860300e4ac87587c3386b5143,08/31/2025 01:00:00 PM,2,PARKED,2,2040878,,DODGE,DURANGO,IL,2017,NONE,PASSENGER,PERSONAL,N,PARKED,,,2,,,,,,,,,Y,,,,,,,,,SIDE-RIGHT-REAR,,,,,,,,,,,,,,,,,,,,,,,,,,,,,,,,,
2140919,fc16d05a421fa6603ba41bd9d3954ca0d8723bccba31bc73ab74031d9532c486d6487751271cefca2d3c4cbcf8f89d432ffbc7c41af3f564ca5cedaeb1302ecc,08/31/2025 01:00:00 PM,1,DRIVER,,2040864,,FORD,ESCAPE,IA,2022,UNKNOWN,SPORT UTILITY VEHICLE (SUV),PERSONAL,UNKNOWN,CHANGING LANES,,,1,,,,,,,,,,,,,,Y,Y,,,FRONT-LEFT-CORNER,,,,,,,,,,,,,,,,,,,,,,,,,,,,,,,,,
2140920,fc16d05a421fa6603ba41bd9d3954ca0d8723bccba31bc73ab74031d9532c486d6487751271cefca2d3c4cbcf8f89d432ffbc7c41af3f564ca5cedaeb1302ecc,08/31/2025 01:00:00 PM,2,DRIVER,,2040867,,CHEVROLET,CRUZE,IL,2017,UNKNOWN,PASSENGER,PERSONAL,UNKNOWN,STRAIGHT AHEAD,,,1,,,,,,,,Y,Y,,,,,,,,,SIDE-RIGHT-REAR,,,,,,,,,,,,,,,,,,,,,,,,,,,,,,,,,
2140913,153f07f66cbce7aebf3b57cc54659318470c848ec8d78447827f61bb090e5692c0d52f17929bdfb9d7bd7eb3bee81595c2a5d5e98f51cc084a0aeb08cc41f9cc,08/31/2025 12:50:00 PM,1,DRIVER,,2040868,,NISSAN,SENTRA,IL,2017,NONE,PASSENGER,PERSONAL,E,PASSING/OVERTAKING,,,1,,,,,,,,,,,,,,Y,Y,,,FRONT-LEFT-CORNER,,,,,,,,,,,,,,,,,,,,,,,,,,,,,,,,,
2140914,153f07f66cbce7aebf3b57cc54659318470c848ec8d78447827f61bb090e5692c0d52f17929bdfb9d7bd7eb3bee81595c2a5d5e98f51cc084a0aeb08cc41f9cc,08/31/2025 12:50:00 PM,2,DRIVER,1,2040879,,TOYOTA,PRIUS,IL,2024,NONE,PASSENGER,PERSONAL,E,STRAIGHT AHEAD,,,2,,,,,,Y,Y,Y,Y,,,,,,,,,SIDE-RIGHT-REAR,,,,,,,,,,,,,,,,,,,,,,,,,,,,,,,,,
2140932,7a4e48c5d348596bceeab9a15ef50636a8ade0bc3cddcac6b47a32e31e58c3d0c6b2bbaf9a9e2273793481120e7fd46e5e9f71b4b2bcb02b44fcda114f30922e,08/31/2025 12:50:00 PM,1,DRIVER,1,2040872,,FORD,MUSTANG,IL,2013,NONE,PASSENGER,PERSONAL,S,STRAIGHT AHEAD,,,2,,,,,Y,,,,,,,,,,Y,Y,,FRONT,,,,,,,,,,,,,,,,,,,,,,,,,,,,,,,,,
2140933,7a4e48c5d348596bceeab9a15ef50636a8ade0bc3cddcac6b47a32e31e58c3d0c6b2bbaf9a9e2273793481120e7fd46e5e9f71b4b2bcb02b44fcda114f30922e,08/31/2025 12:50:00 PM,2,DRIVER,,2040885,,TOYOTA,CAMRY,IL,2001,NONE,PASSENGER,PERSONAL,W,STRAIGHT AHEAD,Y,,1,,,,,Y,Y,,,,,,,,,Y,Y,,FRONT-RIGHT-CORNER,,,,,,,,,,,,,,,,,,,,,,,,,,,,,,,,,
2141007,4bb552ba853a8ee854fe033f692ea83fd97719b269439074f180188d3d70f09e0cd032b394f92eb587345aa55c156d9492649fab8d38bb8815e91443d164f576,08/31/2025 12:45:00 PM,1,DRIVER,,2040955,,UNKNOWN,OTHER (EXPLAIN IN NARRATIVE),,,UNKNOWN,VAN/MINI-VAN,UNKNOWN/NA,UNKNOWN,UNKNOWN/NA,,,1,,,,,,,,,,,,,,,,,Y,UNKNOWN,,,,,,,,,,,,,,,,,,,,,,,,,,,,,,,,,
2141008,4bb552ba853a8ee854fe033f692ea83fd97719b269439074f180188d3d70f09e0cd032b394f92eb587345aa55c156d9492649fab8d38bb8815e91443d164f576,08/31/2025 12:45:00 PM,2,PARKED,,2040959,,VOLKSWAGEN,OTHER (EXPLAIN IN NARRATIVE),IL,2023,UNKNOWN,SPORT UTILITY VEHICLE (SUV),NOT IN USE,UNKNOWN,PARKED,,,0,,,,,,,,,,,Y,Y,Y,,,,,SIDE-LEFT-REAR,,,,,,,,,,,,,,,,,,,,,,,,,,,,,,,,,
2140936,7f696d354bad8fad3b3fb03fcbc6988384cb8fee07d881b740d0cea11da7a5652c48027c5973ce38b74719682a7722149ec61f2f28f85bf0d879e9708fa6a632,08/31/2025 12:35:00 PM,1,DRIVER,,2040876,,CHEVROLET,OTHER (EXPLAIN IN NARRATIVE),IL,2000,UNKNOWN,PASSENGER,PERSONAL,E,UNKNOWN/NA,,,1,,,,,,,,,,,,,,,,,,UNKNOWN,,,,,,,,,,,,,,,,,,,,,,,,,,,,,,,,,
2140937,7f696d354bad8fad3b3fb03fcbc6988384cb8fee07d881b740d0cea11da7a5652c48027c5973ce38b74719682a7722149ec61f2f28f85bf0d879e9708fa6a632,08/31/2025 12:35:00 PM,2,PARKED,3,2040891,,ACURA,ADX,IL,2010,NONE,PASSENGER,PERSONAL,E,PARKED,,,3,,,,,,,,,,,Y,Y,Y,,Y,,,SIDE-RIGHT-REAR,,,,,,,,,,,,,,,,,,,,,,,,,,,,,,,,,
2140910,cca354a49534359f2c5dbf5a78c7ba7875fdb1042559014b653445c9ffd5953f39144870d6ddf47e21f235854f98d5c2e343a0c0180451b4335194f9d58830ee,08/31/2025 12:30:00 PM,1,DRIVER,,2040859,,TOYOTA,PRIUS,IL,2009,UNKNOWN,PASSENGER,PERSONAL,W,TURNING LEFT,,,1,,,,,Y,,,,,,,,,,Y,Y,,FRONT,,,,,,,,,,,,,,,,,,,,,,,,,,,,,,,,,
2140911,cca354a49534359f2c5dbf5a78c7ba7875fdb1042559014b653445c9ffd5953f39144870d6ddf47e21f235854f98d5c2e343a0c0180451b4335194f9d58830ee,08/31/2025 12:30:00 PM,2,DRIVER,,2040899,,NISSAN,ROGUE,IL,2020,UNKNOWN,SPORT UTILITY VEHICLE (SUV),PERSONAL,S,STRAIGHT AHEAD,,,1,,,,,,,,,,,,,,Y,Y,,,SIDE-LEFT-FRONT,,,,,,,,,,,,,,,,,,,,,,,,,,,,,,,,,
2141022,56098f39b031176800160abbe5166f9f232ebdd4ec34bb03955b26ccbc65cc062833d3dff478e8e60c0d41e86f04e224ef642cc3d0d2ecd967c07c456087abae,08/31/2025 12:25:00 PM,2,DRIVER,,2040974,,MERCURY,MOUNTAINEER,IL,2005,NONE,PASSENGER,PERSONAL,S,STRAIGHT AHEAD,,,1,,,,,,,,,,,,,,,,Y,,FRONT,,,,,,,,,,,,,,,,,,,,,,,,,,,,,,,,,
2141039,56098f39b031176800160abbe5166f9f232ebdd4ec34bb03955b26ccbc65cc062833d3dff478e8e60c0d41e86f04e224ef642cc3d0d2ecd967c07c456087abae,08/31/2025 12:25:00 PM,1,DRIVER,,2040984,,DODGE,CHARGER,IL,2011,UNKNOWN,PASSENGER,UNKNOWN/NA,S,STRAIGHT AHEAD,,,1,,,,,,,,,,,,,,,,Y,,FRONT,,,,,,,,,,,,,,,,,,,,,,,,,,,,,,,,,
2140868,dd281a3503aa24671e0d985630a50b7ca9f8fe31e384592abd12a9b89fa13b00899668b25dcf5e52160039e0acbe5f268a9fe6b8e25cbe23fc57f955b2b842ad,08/31/2025 12:17:00 PM,1,DRIVER,,2040823,,UNKNOWN,OTHER (EXPLAIN IN NARRATIVE),,,OTHER,UNKNOWN/NA,UNKNOWN/NA,UNKNOWN,UNKNOWN/NA,,,1,,,,,,,,,,,,,,,,,Y,UNKNOWN,,,,,,,,,,,,,,,,,,,,,,,,,,,,,,,,,
2140869,dd281a3503aa24671e0d985630a50b7ca9f8fe31e384592abd12a9b89fa13b00899668b25dcf5e52160039e0acbe5f268a9fe6b8e25cbe23fc57f955b2b842ad,08/31/2025 12:17:00 PM,2,PARKED,,2040827,,TOYOTA,TACOMA,IL,2022,NONE,PICKUP,UNKNOWN/NA,UNKNOWN,PARKED,,,0,,,,,,,,Y,Y,,,,,,,,,SIDE-RIGHT-REAR,,,,,,,,,,,,,,,,,,,,,,,,,,,,,,,,,
2140904,13e589f36de33f30ce210557bb12f2ab063afed793026adbcb15bf700ca27d5156494a252566246dcc5b3d8e2aa30d6cf95bae662819d8f691b751495406d6b9,08/31/2025 12:15:00 PM,1,DRIVER,,2040855,,UNKNOWN,OTHER (EXPLAIN IN NARRATIVE),,,UNKNOWN,UNKNOWN/NA,UNKNOWN/NA,UNKNOWN,UNKNOWN/NA,,,1,,,,,,,,,,,,,,,,,Y,UNKNOWN,,,,,,,,,,,,,,,,,,,,,,,,,,,,,,,,,
2140905,13e589f36de33f30ce210557bb12f2ab063afed793026adbcb15bf700ca27d5156494a252566246dcc5b3d8e2aa30d6cf95bae662819d8f691b751495406d6b9,08/31/2025 12:15:00 PM,2,PARKED,,2040860,,HONDA,CIVIC,IL,2013,NONE,PASSENGER,PERSONAL,S,PARKED,,,0,,,,,,,,,,Y,Y,,,,,,,REAR-LEFT-CORNER,,,,,,,,,,,,,,,,,,,,,,,,,,,,,,,,,
2140906,7168e9ef53bce8a9ebf80706edb9350c58c7cfccbac6ed553183c69c0f88c911a2058fe3665c13a5bd8b0cdfba335d8898d93468c0a361df074c6fe208d66727,08/31/2025 12:05:00 PM,1,DRIVER,1,2040858,,DODGE,RAM 1500 PU,IL,2012,UNKNOWN,PICKUP,PERSONAL,S,TURNING LEFT,Y,,2,,unk,,,Y,,,,,,,,,,,Y,,FRONT-RIGHT-CORNER,,,,,,,,,,,,,,,,,,,,,,,,,,,,,,,,,
2140907,7168e9ef53bce8a9ebf80706edb9350c58c7cfccbac6ed553183c69c0f88c911a2058fe3665c13a5bd8b0cdfba335d8898d93468c0a361df074c6fe208d66727,08/31/2025 12:05:00 PM,2,DRIVER,,2040862,,CHRYSLER,300,IL,2013,UNKNOWN,PASSENGER,PERSONAL,N,STRAIGHT AHEAD,Y,,1,,unk,unk,,,,,,,,,,,,,Y,,FRONT,,,,,,,,,,,,,,,,,,,,,,,,,,,,,,,,,
2140923,1eb84e40e82e9926c93762f9d8de8913ddb7f84384e680b7bbe0f5b52c60050cdfb286cee58efb208e499c130677a882eb1327a5c949e0d57aade2e26681e347,08/31/2025 11:50:00 AM,1,DRIVER,,2040884,,MINI,COOPER,,2015,NONE,PASSENGER,PERSONAL,S,BACKING,,,1,,,,,,,,,Y,,,,,,,,,REAR,,,,,,,,,,,,,,,,,,,,,,,,,,,,,,,,,
2140924,1eb84e40e82e9926c93762f9d8de8913ddb7f84384e680b7bbe0f5b52c60050cdfb286cee58efb208e499c130677a882eb1327a5c949e0d57aade2e26681e347,08/31/2025 11:50:00 AM,2,DRIVER,,2040902,,JEEP,GRAND CHEROKEE,IL,2017,NONE,SPORT UTILITY VEHICLE (SUV),PERSONAL,N,SLOW/STOP IN TRAFFIC,,,1,,,,,Y,,,,,,,,,,Y,Y,,FRONT-RIGHT-CORNER,,,,,,,,,,,,,,,,,,,,,,,,,,,,,,,,,
2140876,1b58c45b0968c3f0174cce24e88947509a40b0a7b5589c7dad7afa7048f49c5f780e0254b86088c1b06ce80f766602a19c8e2dd4290f4c83ffec5918fcbe2e54,08/31/2025 11:35:00 AM,1,DRIVER,1,2040842,,BMW,330I,IL,,UNKNOWN,PASSENGER,PERSONAL,N,STRAIGHT AHEAD,,,2,,,,,Y,,,,,,,,,,Y,Y,,FRONT,,,,,,,,,,,,,,,,,,,,,,,,,,,,,,,,,
2140877,1b58c45b0968c3f0174cce24e88947509a40b0a7b5589c7dad7afa7048f49c5f780e0254b86088c1b06ce80f766602a19c8e2dd4290f4c83ffec5918fcbe2e54,08/31/2025 11:35:00 AM,2,DRIVER,,2040835,,BMW,X5,IL,,UNKNOWN,PASSENGER,PERSONAL,N,STRAIGHT AHEAD,,,1,,,,,,,,,Y,Y,Y,,,,,,,REAR,,,,,,,,,,,,,,,,,,,,,,,,,,,,,,,,,
2140856,180308d0ab315c96725e294d646be19ca092385c9ddb75e6abbdda82a44d810cd68bf197e6180147a06ea69743cd91f49a852d36a5c7c611bf38b0b9a308193e,08/31/2025 11:24:00 AM,2,DRIVER,,2040811,,KIA,TELLURIDE,IL,2020,NONE,PASSENGER,PERSONAL,E,STRAIGHT AHEAD,,,1,,,,,,,Y,,,,,,,,,,,SIDE-RIGHT,,,,,,,,,,,,,,,,,,,,,,,,,,,,,,,,,
2140857,180308d0ab315c96725e294d646be19ca092385c9ddb75e6abbdda82a44d810cd68bf197e6180147a06ea69743cd91f49a852d36a5c7c611bf38b0b9a308193e,08/31/2025 11:24:00 AM,1,DRIVERLESS,2,2040819,,HYUNDAI,PALISADE,IL,2022,UNKNOWN,PASSENGER,PERSONAL,E,OTHER,,,2,,,,,,,,,,,,,Y,,,,,SIDE-LEFT,,,,,,,,,,,,,,,,,,,,,,,,,,,,,,,,,
2140848,648c31e8f895306314fba8539a191bae2936290e9326899b3509b0755a299759cc4e6c0a05a541a44d6efa48a8189b5621ba4db82a228661f5e7148b39e85db6,08/31/2025 11:20:00 AM,1,DRIVER,1,2040806,,JEEP,CHEROKEE,OH,,UNKNOWN,PASSENGER,PERSONAL,UNKNOWN,BACKING,,,2,,,,,,,,,Y,Y,Y,,,,,,,REAR,,,,,,,,,,,,,,,,,,,,,,,,,,,,,,,,,
2140849,648c31e8f895306314fba8539a191bae2936290e9326899b3509b0755a299759cc4e6c0a05a541a44d6efa48a8189b5621ba4db82a228661f5e7148b39e85db6,08/31/2025 11:20:00 AM,2,DRIVER,1,2040809,,VOLKSWAGEN,OTHER (EXPLAIN IN NARRATIVE),,,NONE,PASSENGER,PERSONAL,UNKNOWN,STRAIGHT AHEAD,,,2,,,,,Y,,,,,,,,,,Y,Y,,FRONT,,,,,,,,,,,,,,,,,,,,,,,,,,,,,,,,,
2140881,f94d2a84b789c5a66960d9a9ba319aa4c50098526ac2147748f2f95a6b4fcd224a8215fddb1456e3319b16183f7934b58be5192b7fbababc2ae061d4854fd239,08/31/2025 11:20:00 AM,1,DRIVER,,2040838,,TESLA,MODEL Y,IL,2024,UNKNOWN,PASSENGER,PERSONAL,E,STRAIGHT AHEAD,,,1,,,,,,,,,,,,,,,,Y,,FRONT,,,,,,,,,,,,,,,,,,,,,,,,,,,,,,,,,
2140882,f94d2a84b789c5a66960d9a9ba319aa4c50098526ac2147748f2f95a6b4fcd224a8215fddb1456e3319b16183f7934b58be5192b7fbababc2ae061d4854fd239,08/31/2025 11:20:00 AM,2,DRIVER,,2040847,,TOYOTA,TACOMA,IN,2022,UNKNOWN,PICKUP,PERSONAL,E,STRAIGHT AHEAD,,,1,,,,,,,,,,Y,,,,,,,,REAR,,,,,,,,,,,,,,,,,,,,,,,,,,,,,,,,,
2140862,6417bea0276ad764e1f81e6423aff5182d5a5ef587598385533d93ae8a02a615d14bfe9046708fa81940b3e234ab9f04c384d570c6c5fc2cfa27ad9646804036,08/31/2025 11:17:00 AM,1,DRIVER,1,2040818,,CHEVROLET,MALIBU,IL,2012,UNKNOWN,PASSENGER,PERSONAL,N,STRAIGHT AHEAD,,,2,,,,,,,,,,,,,,,,Y,,FRONT,,,,,,,,,,,,,,,,,,,,,,,,,,,,,,,,,
2140863,6417bea0276ad764e1f81e6423aff5182d5a5ef587598385533d93ae8a02a615d14bfe9046708fa81940b3e234ab9f04c384d570c6c5fc2cfa27ad9646804036,08/31/2025 11:17:00 AM,2,DRIVER,,2040824,,FORD,OTHER (EXPLAIN IN NARRATIVE),IL,2020,NONE,BUS UP TO 15 PASS.,OTHER,N,STRAIGHT AHEAD,,,1,,,,,,,,,,Y,,,,,,,,REAR,,,,,,,,,,,,,,,,,,,,,,,,,,,,,,,,,
2140864,92f7ced107db400bae761b6e3d379de6ac898a98d4c8a39c5e92762c69bc769abe5ae0185be3baa9b0eafb0edf4091cad3971394403ed7913b49ad546bc21cb8,08/31/2025 11:15:00 AM,1,DRIVER,,2040820,,TOYOTA,HIGHLANDER,IL,2023,UNKNOWN,SPORT UTILITY VEHICLE (SUV),PERSONAL,N,STRAIGHT AHEAD,,,1,,,,,,,,,,,,,,,,Y,,FRONT,,,,,,,,,,,,,,,,,,,,,,,,,,,,,,,,,
2140865,92f7ced107db400bae761b6e3d379de6ac898a98d4c8a39c5e92762c69bc769abe5ae0185be3baa9b0eafb0edf4091cad3971394403ed7913b49ad546bc21cb8,08/31/2025 11:15:00 AM,2,DRIVER,1,2040830,,FORD,BRONCO / BRONCO II,IL,2023,OTHER,SPORT UTILITY VEHICLE (SUV),PERSONAL,W,STRAIGHT AHEAD,,,2,,,,,,,,,,,Y,Y,Y,,,,,SIDE-LEFT-REAR,,,,,,,,,,,,,,,,,,,,,,,,,,,,,,,,,
2140858,9a241384895e6ead35afc969c387410ee925a02758d626e17cbf645c3570248715b7d035313df9d4d9d1cb72fa2d2acd2aad2561d4c4e5f0e2e8cb54d8832457,08/31/2025 11:10:00 AM,1,DRIVER,,2040813,,FORD,EXPLORER,IL,2011,NONE,PASSENGER,PERSONAL,N,STRAIGHT AHEAD,,,1,,,,,Y,Y,,,,,,,,Y,Y,Y,,FRONT,,,,,,,,,,,,,,,,,,,,,,,,,,,,,,,,,
2140859,9a241384895e6ead35afc969c387410ee925a02758d626e17cbf645c3570248715b7d035313df9d4d9d1cb72fa2d2acd2aad2561d4c4e5f0e2e8cb54d8832457,08/31/2025 11:10:00 AM,2,DRIVER,1,2040822,,NISSAN,ALTIMA,IL,2023,NONE,PASSENGER,PERSONAL,N,STRAIGHT AHEAD,,,2,,,,,,,,Y,Y,Y,Y,Y,,,,,,REAR,,,,,,,,,,,,,,,,,,,,,,,,,,,,,,,,,
2141100,139dec64c03bfb32fdee3f354f21e2263afce691e947fbd7adc0805cbef6dde4784b8e3af6ea6dba54b8e8454d214e1b754634ff328e1edf13eb9fe621102f9c,08/31/2025 11:00:00 AM,1,DRIVER,,2041049,,UNKNOWN,OTHER (EXPLAIN IN NARRATIVE),IL,,UNKNOWN,UNKNOWN/NA,UNKNOWN/NA,E,UNKNOWN/NA,,,1,,,,,,,,,,,,,,,,,Y,UNKNOWN,,,,,,,,,,,,,,,,,,,,,,,,,,,,,,,,,
2141101,139dec64c03bfb32fdee3f354f21e2263afce691e947fbd7adc0805cbef6dde4784b8e3af6ea6dba54b8e8454d214e1b754634ff328e1edf13eb9fe621102f9c,08/31/2025 11:00:00 AM,2,PARKED,,2041054,,MERCEDES-BENZ,C250,IL,2014,UNKNOWN,PASSENGER,NOT IN USE,E,PARKED,,,0,,,,,,,,,,Y,Y,Y,,,,,,REAR-LEFT-CORNER,,,,,,,,,,,,,,,,,,,,,,,,,,,,,,,,,
2140846,14c712b232b1cb54a9e33aca69ac7c5ac498019ac5a7fa8f36aaefcae2ed2ca098dc68f67c1ebe37303184b8f2dbf928f7ab32b2d55eff9587f9660c2a23da32,08/31/2025 11:00:00 AM,1,DRIVER,,2040800,,JEEP,GRAND CHEROKEE,IL,2015,NONE,PASSENGER,PERSONAL,E,STRAIGHT AHEAD,,,1,,,,,,,,,,,,,,,,Y,,FRONT,,,,,,,,,,,,,,,,,,,,,,,,,,,,,,,,,
2140847,14c712b232b1cb54a9e33aca69ac7c5ac498019ac5a7fa8f36aaefcae2ed2ca098dc68f67c1ebe37303184b8f2dbf928f7ab32b2d55eff9587f9660c2a23da32,08/31/2025 11:00:00 AM,2,DRIVER,,2040804,,TOYOTA,4RUNNER,IL,2020,NONE,PASSENGER,PERSONAL,E,STRAIGHT AHEAD,,,1,,,,,,,,,,Y,,,,,,,,REAR,,,,,,,,,,,,,,,,,,,,,,,,,,,,,,,,,
2140949,7e4e771a14c98676e5ca5ce78561b50f6c20090ce056a99f7f9d21ff70a9c0b20fe50546a27227e834551b8047c09084afeefff311a25cc139f8ac7e3390c4b3,08/31/2025 11:00:00 AM,1,DRIVER,1,2040901,,FORD,ECONOLINE 100,AZ,2015,UNKNOWN,TRUCK - SINGLE UNIT,COMMERCIAL - SINGLE UNIT,N,STRAIGHT AHEAD,,,2,,,,,,,,,,,Y,Y,,,,,,SIDE-LEFT,,,,,,,,,,,,,,,,,,,,,,,,,,,,,,,,,
2140950,7e4e771a14c98676e5ca5ce78561b50f6c20090ce056a99f7f9d21ff70a9c0b20fe50546a27227e834551b8047c09084afeefff311a25cc139f8ac7e3390c4b3,08/31/2025 11:00:00 AM,2,PARKED,,2040911,,NISSAN,OTHER (EXPLAIN IN NARRATIVE),IL,,OTHER,PASSENGER,PERSONAL,N,PARKED,,,0,,,,,,,,,,,,,,,,,Y,SIDE-RIGHT,,,,,,,,,,,,,,,,,,,,,,,,,,,,,,,,,
2141014,d148cbc12d204bc9aa02c2eb68503385d4925d302cff30500bd122471527c7e5601044197ff9753c5166a59acf8d9888e7f2f618b3d52b25361f4653f40a7499,08/31/2025 11:00:00 AM,1,DRIVER,,2040967,,UNKNOWN,OTHER (EXPLAIN IN NARRATIVE),IL,,NONE,PASSENGER,UNKNOWN/NA,S,STRAIGHT AHEAD,,,1,,,,,,,,,,,,,,,,,Y,UNKNOWN,,,,,,,,,,,,,,,,,,,,,,,,,,,,,,,,,
2141015,d148cbc12d204bc9aa02c2eb68503385d4925d302cff30500bd122471527c7e5601044197ff9753c5166a59acf8d9888e7f2f618b3d52b25361f4653f40a7499,08/31/2025 11:00:00 AM,2,PARKED,,2040969,,CHEVROLET,CAMARO,IL,2014,NONE,PASSENGER,PERSONAL,N,PARKED,,,0,,,,,,,,,,,,,,Y,Y,,,FRONT-LEFT-CORNER,,,,,,,,,,,,,,,,,,,,,,,,,,,,,,,,,