CRASH_UNIT_ID,CRASH_RECORD_ID,CRASH_DATE,UNIT_NO,UNIT_TYPE,NUM_PASSENGERS,VEHICLE_ID,CMRC_VEH_I,MAKE,MODEL,LIC_PLATE_STATE,VEHICLE_YEAR,VEHICLE_DEFECT,VEHICLE_TYPE,VEHICLE_USE,TRAVEL_DIRECTION,MANEUVER,TOWED_I,FIRE_I,OCCUPANT_CNT,EXCEED_SPEED_LIMIT_I,TOWED_BY,TOWED_TO,AREA_00_I,AREA_01_I,AREA_02_I,AREA_03_I,AREA_04_I,AREA_05_I,AREA_06_I,AREA_07_I,AREA_08_I,AREA_09_I,AREA_10_I,AREA_11_I,AREA_12_I,AREA_99_I,FIRST_CONTACT_POINT,CMV_ID,USDOT_NO,CCMC_NO,ILCC_NO,COMMERCIAL_SRC,GVWR,CARRIER_NAME,CARRIER_STATE,CARRIER_CITY,HAZMAT_PLACARDS_I,HAZMAT_NAME,UN_NO,HAZMAT_PRESENT_I,HAZMAT_REPORT_I,HAZMAT_REPORT_NO,MCS_REPORT_I,MCS_REPORT_NO,HAZMAT_VIO_CAUSE_CRASH_I,MCS_VIO_CAUSE_CRASH_I,IDOT_PERMIT_NO,WIDE_LOAD_I,TRAILER1_WIDTH,TRAILER2_WIDTH,TRAILER1_LENGTH,TRAILER2_LENGTH,TOTAL_VEHICLE_LENGTH,AXLE_CNT,VEHICLE_CONFIG,CARGO_BODY_TYPE,LOAD_TYPE,HAZMAT_OUT_OF_SERVICE_I,MCS_OUT_OF_SERVICE_I,HAZMAT_CLASS
2140915,2f85a87ed7d2c51e0c8c68d79e7b218392329682b29edce10657ace809531ddcb104e381eec07d491200ac1b13a4af9837d718f0dc80fca7604e9c8acb31f4c2,08/31/2025 10:56:00 AM,1,DRIVER,,2040870,,TOYOTA,AVALON,IL,2013,NONE,PASSENGER,PERSONAL,E,BACKING,,,1,,,,,,,,,Y,Y,Y,,,,,,,REAR,,,,,,,,,,,,,,,,,,,,,,,,,,,,,,,,,
2140916,2f85a87ed7d2c51e0c8c68d79e7b218392329682b29edce10657ace809531ddcb104e381eec07d491200ac1b13a4af9837d718f0dc80fca7604e9c8acb31f4c2,08/31/2025 10:56:00 AM,2,DRIVER,,2040877,,NISSAN,SENTRA,IL,2020,UNKNOWN,PASSENGER,OTHER,W,OTHER,,,1,,,,,,,,,Y,Y,Y,,,,,,,REAR,,,,,,,,,,,,,,,,,,,,,,,,,,,,,,,,,
2140874,9de372efd09a7d8d626ff0521229fa652ee893956c6d760f50c6375e931485640fcbdc91a0bdb3affcfe82ab1a2d2c85cfef868710c707041c656e31db5e57dc,08/31/2025 10:47:00 AM,1,DRIVER,,2040833,,DODGE,DURANGO,IL,2017,NONE,PASSENGER,PERSONAL,N,UNKNOWN/NA,,,1,,,,,,,,,,,,,,,,,,UNKNOWN,,,,,,,,,,,,,,,,,,,,,,,,,,,,,,,,,
2140875,9de372efd09a7d8d626ff0521229fa652ee893956c6d760f50c6375e931485640fcbdc91a0bdb3affcfe82ab1a2d2c85cfef868710c707041c656e31db5e57dc,08/31/2025 10:47:00 AM,2,PARKED,,2040848,,CADILLAC,XT5,IL,2025,NONE,PASSENGER,NOT IN USE,N,PARKED,Y,,0,,PRIVATE TOW,,,Y,Y,Y,Y,Y,,,,,,,Y,,UNKNOWN,,,,,,,,,,,,,,,,,,,,,,,,,,,,,,,,,
2140833,9d556a6632119ec592ebdd91c8e657d89f4f2b9013084205a5b783cfe5c09e65a440d411d6e6558a7175c2727b6123b7aca0884b124038b0eab03c5322019f53,08/31/2025 10:45:00 AM,1,DRIVER,,2040794,,CHEVROLET,OTHER (EXPLAIN IN NARRATIVE),IL,2017,UNKNOWN,PASSENGER,UNKNOWN/NA,W,CHANGING LANES,,,1,,,,,Y,,,,,,,,,,,Y,,FRONT-RIGHT-CORNER,,,,,,,,,,,,,,,,,,,,,,,,,,,,,,,,,
2140834,9d556a6632119ec592ebdd91c8e657d89f4f2b9013084205a5b783cfe5c09e65a440d411d6e6558a7175c2727b6123b7aca0884b124038b0eab03c5322019f53,08/31/2025 10:45:00 AM,2,DRIVER,,2040796,,SUBARU,IMPREZA,IL,2017,UNKNOWN,PASSENGER,PERSONAL,W,STRAIGHT AHEAD,,,1,,,,,,,,,,,Y,,,,,,,REAR-LEFT-CORNER,,,,,,,,,,,,,,,,,,,,,,,,,,,,,,,,,
2140831,848f93e135e1cdedbfb2887b2f1aa109e57f50602ae2efc8713b47edc3bd5be0ab5ba7aa8e5b94fc1f513e3962cf5df2d729a1e5f99b671295fdc3c4d68192e5,08/31/2025 10:38:00 AM,1,DRIVER,,2040792,,SUBARU,IMPREZA,IL,2017,NONE,PASSENGER,UNKNOWN/NA,W,STRAIGHT AHEAD,,,1,,,,,,,,,,,Y,,,,,,,REAR-LEFT-CORNER,,,,,,,,,,,,,,,,,,,,,,,,,,,,,,,,,
2140832,848f93e135e1cdedbfb2887b2f1aa109e57f50602ae2efc8713b47edc3bd5be0ab5ba7aa8e5b94fc1f513e3962cf5df2d729a1e5f99b671295fdc3c4d68192e5,08/31/2025 10:38:00 AM,2,DRIVER,,2040793,,CHEVROLET,OTHER (EXPLAIN IN NARRATIVE),IL,,NONE,PASSENGER,PERSONAL,W,STRAIGHT AHEAD,,,1,,,,,Y,,,,,,,,,,,,,FRONT-RIGHT-CORNER,,,,,,,,,,,,,,,,,,,,,,,,,,,,,,,,,
2140835,a1605a6fd1771e833d7f5eea9f43f339490ecef1592752add516f1f7c49122b52d8543578e70be74023773e0a521ea79b585d64ac981aca8903c247de0a54142,08/31/2025 10:30:00 AM,1,DRIVER,,2040795,,TOYOTA,4RUNNER,IL,2021,NONE,SPORT UTILITY VEHICLE (SUV),PERSONAL,N,CHANGING LANES,,,1,,,,,,,,,Y,,,,,,,,,SIDE-RIGHT-REAR,,,,,,,,,,,,,,,,,,,,,,,,,,,,,,,,,
2140836,a1605a6fd1771e833d7f5eea9f43f339490ecef1592752add516f1f7c49122b52d8543578e70be74023773e0a521ea79b585d64ac981aca8903c247de0a54142,08/31/2025 10:30:00 AM,2,DRIVER,2,2040799,,FORD,EXPLORER,IL,2008,NONE,SPORT UTILITY VEHICLE (SUV),PERSONAL,N,PASSING/OVERTAKING,,,3,,,,,,,,,,,,,,,Y,,,SIDE-LEFT-FRONT,,,,,,,,,,,,,,,,,,,,,,,,,,,,,,,,,
2140843,b3925d6d09a270e591c51991100aa27c80790607b1dbae82cd1b1c7e1d65f0f3b5960cf09406bf17de7813ab7c503f9e6dfd73041f5569cf7a1d2a4625af923f,08/31/2025 10:13:00 AM,1,DRIVER,1,2040826,,NISSAN,VERSA,IL,2021,NONE,PASSENGER,PERSONAL,S,STARTING IN TRAFFIC,,,2,,,,,,,,,,,,,,,,,,TOTAL (ALL AREAS),,,,,,,,,,,,,,,,,,,,,,,,,,,,,,,,,
2140844,b3925d6d09a270e591c51991100aa27c80790607b1dbae82cd1b1c7e1d65f0f3b5960cf09406bf17de7813ab7c503f9e6dfd73041f5569cf7a1d2a4625af923f,08/31/2025 10:13:00 AM,2,DRIVER,2,2040834,,JEEP,COMPASS,IL,2025,NONE,PASSENGER,PERSONAL,N,STRAIGHT AHEAD,,,3,,,,,,,,,,,,,,,,,,TOTAL (ALL AREAS),,,,,,,,,,,,,,,,,,,,,,,,,,,,,,,,,
2140845,b3925d6d09a270e591c51991100aa27c80790607b1dbae82cd1b1c7e1d65f0f3b5960cf09406bf17de7813ab7c503f9e6dfd73041f5569cf7a1d2a4625af923f,08/31/2025 10:13:00 AM,3,PARKED,,2040840,,DODGE,CHARGER,IL,2014,NONE,PASSENGER,PERSONAL,N,PARKED,,,0,,,,,,,,,,,,,Y,Y,Y,,,SIDE-LEFT-FRONT,,,,,,,,,,,,,,,,,,,,,,,,,,,,,,,,,
2140829,84b08ea14b987fa96b54b781b4418906484e2f234800d096d26aba9aa4573f965c56793180a22df7049d3f9eff688834151c3b3d9984cbf6df1d5a3d41d47e4b,08/31/2025 10:07:00 AM,1,DRIVER,,2040790,,UNKNOWN,OTHER (EXPLAIN IN NARRATIVE),,,UNKNOWN,UNKNOWN/NA,UNKNOWN/NA,UNKNOWN,UNKNOWN/NA,,,1,,,,,,,,,,,,,,,,,Y,UNKNOWN,,,,,,,,,,,,,,,,,,,,,,,,,,,,,,,,,
2140830,84b08ea14b987fa96b54b781b4418906484e2f234800d096d26aba9aa4573f965c56793180a22df7049d3f9eff688834151c3b3d9984cbf6df1d5a3d41d47e4b,08/31/2025 10:07:00 AM,2,PARKED,,2040791,,HONDA,CR-V,IL,2022,NONE,PASSENGER,PERSONAL,E,PARKED,,,0,,,,,,,,,,,,,Y,Y,,,,SIDE-LEFT,,,,,,,,,,,,,,,,,,,,,,,,,,,,,,,,,
2141054,2afbcfda7c21448bb60874e7ab15badcc5f63f1af9532bfa7be967e1fc0a56b0f290efe43e256a986eb4c94404cb05c228e5c9fde46a3d591ed0ffc86457b0e8,08/31/2025 10:00:00 AM,1,DRIVER,,2041020,,UNKNOWN,OTHER (EXPLAIN IN NARRATIVE),,,UNKNOWN,UNKNOWN/NA,UNKNOWN/NA,S,UNKNOWN/NA,,,1,,,,,,,,,,,,,,,,,,UNKNOWN,,,,,,,,,,,,,,,,,,,,,,,,,,,,,,,,,
2141055,2afbcfda7c21448bb60874e7ab15badcc5f63f1af9532bfa7be967e1fc0a56b0f290efe43e256a986eb4c94404cb05c228e5c9fde46a3d591ed0ffc86457b0e8,08/31/2025 10:00:00 AM,2,PARKED,,2041008,,TOYOTA,RAV4,IL,2017,NONE,PASSENGER,NOT IN USE,N,PARKED,Y,,0,,private tow,,,,,,,,,,,,Y,Y,,,FRONT-LEFT-CORNER,,,,,,,,,,,,,,,,,,,,,,,,,,,,,,,,,
2140805,c5c7cdefc9a641fdeaf03f2af7208fe871b493de7264421f624c47cccd02728b932bafc317a3ebfcd418374f7e3d2daced79a28bbc56457300e3b994247127c6,08/31/2025 09:45:00 AM,1,DRIVER,,2040766,,UNKNOWN,OTHER (EXPLAIN IN NARRATIVE),IL,,UNKNOWN,PASSENGER,UNKNOWN/NA,S,TURNING RIGHT,,,1,,,,,Y,,,,,,,,,,Y,Y,,FRONT,,,,,,,,,,,,,,,,,,,,,,,,,,,,,,,,,
2140806,c5c7cdefc9a641fdeaf03f2af7208fe871b493de7264421f624c47cccd02728b932bafc317a3ebfcd418374f7e3d2daced79a28bbc56457300e3b994247127c6,08/31/2025 09:45:00 AM,2,DRIVER,,2040771,,CHEVROLET,EQUINOX,IL,2019,NONE,SPORT UTILITY VEHICLE (SUV),PERSONAL,N,TURNING RIGHT,,,1,,,,,Y,,,,,,,,,,Y,Y,,FRONT,,,,,,,,,,,,,,,,,,,,,,,,,,,,,,,,,
2140797,e2ef448ad2e82cecb32c41faad1b3dc337ab1259a48cdb9db9aea8695e56d6844bd89368671979a7d0d602c5daeef49302006741bbf2fce273a8509f75120ce4,08/31/2025 09:45:00 AM,1,DRIVER,,2040763,,TOYOTA,PRIUS,IL,2014,NONE,OTHER,TAXI/FOR HIRE,E,STRAIGHT AHEAD,,,1,,,,,,,,,,,,,,,,Y,,FRONT,,,,,,,,,,,,,,,,,,,,,,,,,,,,,,,,,
2140798,e2ef448ad2e82cecb32c41faad1b3dc337ab1259a48cdb9db9aea8695e56d6844bd89368671979a7d0d602c5daeef49302006741bbf2fce273a8509f75120ce4,08/31/2025 09:45:00 AM,2,DRIVER,,2040767,,FORD,EDGE,IL,2018,NONE,PASSENGER,PERSONAL,E,STRAIGHT AHEAD,,,1,,,,,,,,,Y,Y,Y,,,,,,,REAR,,,,,,,,,,,,,,,,,,,,,,,,,,,,,,,,,
2140823,2af76f04ede927f0450392162d7a19bb7ee9c9304dd29cba76056302eb825e9f9695f1a8bfee24ab999d0e8a950f9d6af3444bf452aaa13f03c3e9a12194e638,08/31/2025 09:38:00 AM,1,DRIVER,,2040780,,KIA,FORTE,VA,2024,UNKNOWN,PASSENGER,OTHER,N,STRAIGHT AHEAD,,,1,,,,,Y,,,,,,,,,,Y,Y,,FRONT,,,,,,,,,,,,,,,,,,,,,,,,,,,,,,,,,
2140824,2af76f04ede927f0450392162d7a19bb7ee9c9304dd29cba76056302eb825e9f9695f1a8bfee24ab999d0e8a950f9d6af3444bf452aaa13f03c3e9a12194e638,08/31/2025 09:38:00 AM,2,DRIVER,,2040784,,HYUNDAI,SONATA,IL,2023,UNKNOWN,PASSENGER,PERSONAL,N,STRAIGHT AHEAD,,,1,,,,,N,,,,Y,Y,Y,,,,N,N,,REAR,,,,,,,,,,,,,,,,,,,,,,,,,,,,,,,,,
2140788,3773bf8c524816daa2d876dde0f90cb86c1a679ba02260fe531954b6ffb61b65ff08ad3a92eb4e9e8ab462188fd72a9636e0a33a08167763c638820505c0d618,08/31/2025 09:20:00 AM,1,DRIVER,,2040746,,GENERAL MOTORS CORPORATION (GMC),JIMMY,IL,1996,UNKNOWN,SPORT UTILITY VEHICLE (SUV),PERSONAL,S,STRAIGHT AHEAD,,,1,,,,Y,,,,,,,,,,,,,,FRONT,,,,,,,,,,,,,,,,,,,,,,,,,,,,,,,,,
2140789,3773bf8c524816daa2d876dde0f90cb86c1a679ba02260fe531954b6ffb61b65ff08ad3a92eb4e9e8ab462188fd72a9636e0a33a08167763c638820505c0d618,08/31/2025 09:20:00 AM,2,DRIVER,,2040752,,HYUNDAI,ELANTRA,IL,2023,NONE,PASSENGER,PERSONAL,S,STARTING IN TRAFFIC,,,1,,,,,,,,,,Y,,,,,,,,REAR,,,,,,,,,,,,,,,,,,,,,,,,,,,,,,,,,
2140809,cb081ce7bb6918480f2920222c8a59028f6b7fe0643f4fd1c7839d346cb5a58b6f7f2690a4a499f95ba0d4d7af2d3476ea8557511a788478427238c6b9c4f309,08/31/2025 09:10:00 AM,1,DRIVER,,2040768,,KIA,OTHER (EXPLAIN IN NARRATIVE),IL,2013,UNKNOWN,PASSENGER,PERSONAL,S,STRAIGHT AHEAD,,,1,,,,,,,,,,,,,,,Y,,,FRONT-LEFT-CORNER,,,,,,,,,,,,,,,,,,,,,,,,,,,,,,,,,
2140810,cb081ce7bb6918480f2920222c8a59028f6b7fe0643f4fd1c7839d346cb5a58b6f7f2690a4a499f95ba0d4d7af2d3476ea8557511a788478427238c6b9c4f309,08/31/2025 09:10:00 AM,2,PARKED,,2040772,,FORD,OTHER (EXPLAIN IN NARRATIVE),IL,2013,UNKNOWN,PASSENGER,PERSONAL,N,PARKED,,,0,,,,,,,,,,,,,,,Y,,,FRONT-LEFT-CORNER,,,,,,,,,,,,,,,,,,,,,,,,,,,,,,,,,
2140799,b81e2aa4fc540bf98d63f3693a386acb3f815c26fcbe3ba8f4a5e651a5de0f6a372c89ac6212d15bcd94021a32c1fb53709bba046526e242aa3a9c2d650f4f54,08/31/2025 08:50:00 AM,1,DRIVER,1,2040758,,HONDA,ACCORD,IL,2019,UNKNOWN,PASSENGER,PERSONAL,UNKNOWN,UNKNOWN/NA,,,2,,,,,,,,,,,,,,Y,Y,Y,,FRONT-LEFT-CORNER,,,,,,,,,,,,,,,,,,,,,,,,,,,,,,,,,
2140800,b81e2aa4fc540bf98d63f3693a386acb3f815c26fcbe3ba8f4a5e651a5de0f6a372c89ac6212d15bcd94021a32c1fb53709bba046526e242aa3a9c2d650f4f54,08/31/2025 08:50:00 AM,2,PARKED,,2040762,,HONDA,OTHER (EXPLAIN IN NARRATIVE),IL,2023,NONE,PASSENGER,NOT IN USE,S,PARKED,Y,,0,,,,,,,,,,,,,,Y,Y,Y,,FRONT-LEFT-CORNER,,,,,,,,,,,,,,,,,,,,,,,,,,,,,,,,,
2140801,b81e2aa4fc540bf98d63f3693a386acb3f815c26fcbe3ba8f4a5e651a5de0f6a372c89ac6212d15bcd94021a32c1fb53709bba046526e242aa3a9c2d650f4f54,08/31/2025 08:50:00 AM,3,PARKED,,2040764,,FORD,OTHER (EXPLAIN IN NARRATIVE),CA,2011,NONE,PASSENGER,NOT IN USE,N,PARKED,,,0,,,,,,,,,,,,Y,Y,,,,,SIDE-LEFT,,,,,,,,,,,,,,,,,,,,,,,,,,,,,,,,,
2140821,95f616cd214e056bc33a4aedf82e9d193d42f200555398d1aca4f00e38bdb971e65a468092b0c86512d19bb9ff3d10bae17badf1fa489edc7c60a31139d3f77d,08/31/2025 08:45:00 AM,1,DRIVER,,2040781,,BUICK,RENDEZVOUS,IL,2004,UNKNOWN,SPORT UTILITY VEHICLE (SUV),PERSONAL,S,STRAIGHT AHEAD,,,1,,,,,Y,,,,,,,,,,,Y,,FRONT,,,,,,,,,,,,,,,,,,,,,,,,,,,,,,,,,
2140822,95f616cd214e056bc33a4aedf82e9d193d42f200555398d1aca4f00e38bdb971e65a468092b0c86512d19bb9ff3d10bae17badf1fa489edc7c60a31139d3f77d,08/31/2025 08:45:00 AM,2,DRIVER,,2040788,,CHEVROLET,OTHER (EXPLAIN IN NARRATIVE),IL,2012,UNKNOWN,PASSENGER,PERSONAL,S,STRAIGHT AHEAD,,,1,,,,,,,,,Y,Y,,,,,,,,REAR-RIGHT-CORNER,,,,,,,,,,,,,,,,,,,,,,,,,,,,,,,,,
2140837,f9cb84fc0705ddb270af3263e4cfb72f67ec3f5496cef42726a3447a256d85bb9f17d5feebc830c3d07e8e5799091800369d953b0278d95a1990262f3345073c,08/31/2025 08:30:00 AM,1,DRIVER,,2040802,,MERCEDES-BENZ,OTHER (EXPLAIN IN NARRATIVE),FL,2025,UNKNOWN,PASSENGER,UNKNOWN/NA,NE,MERGING,,,1,,,,,,,,,,,,,,Y,,,,SIDE-LEFT-FRONT,,,,,,,,,,,,,,,,,,,,,,,,,,,,,,,,,
2140838,f9cb84fc0705ddb270af3263e4cfb72f67ec3f5496cef42726a3447a256d85bb9f17d5feebc830c3d07e8e5799091800369d953b0278d95a1990262f3345073c,08/31/2025 08:30:00 AM,2,DRIVER,,2040798,,NISSAN,ROGUE,IL,2018,UNKNOWN,PASSENGER,UNKNOWN/NA,E,STRAIGHT AHEAD,,,1,,,,,Y,,,,,,,,,,,,,FRONT-RIGHT-CORNER,,,,,,,,,,,,,,,,,,,,,,,,,,,,,,,,,
2140813,bfd776d45a11262cf8daace164c2848dc6d431558ec10a0af98b48f10f7aa759a14df99ffa6d64809d750b2fc665de14a59835c1c964e62373a7191e077e7a81,08/31/2025 08:15:00 AM,1,DRIVER,,2040774,,CHEVROLET,CRUZE,IL,2014,UNKNOWN,PASSENGER,PERSONAL,N,STRAIGHT AHEAD,Y,,1,,,City Tow,,Y,,,,,,,,,,Y,Y,,FRONT-LEFT-CORNER,,,,,,,,,,,,,,,,,,,,,,,,,,,,,,,,,
2140814,bfd776d45a11262cf8daace164c2848dc6d431558ec10a0af98b48f10f7aa759a14df99ffa6d64809d750b2fc665de14a59835c1c964e62373a7191e077e7a81,08/31/2025 08:15:00 AM,2,DRIVERLESS,,2040778,,MERCEDES-BENZ,OTHER (EXPLAIN IN NARRATIVE),IL,2014,UNKNOWN,SPORT UTILITY VEHICLE (SUV),NOT IN USE,N,PARKED,,,0,,,,,,,,,Y,Y,Y,,,,,,,REAR,,,,,,,,,,,,,,,,,,,,,,,,,,,,,,,,,
2140780,91bc63668136b19e8ab53fe872ab94556698bffeb9fb06731d0b35836fe683f0a4bccba3a3e5822b6309dd4f9dfe0e107283e0dd1cfe68a004b64897c5bfc395,08/31/2025 08:05:00 AM,1,DRIVER,,2040742,,DODGE,JOURNEY,IL,2019,OTHER,SPORT UTILITY VEHICLE (SUV),PERSONAL,SE,TURNING RIGHT,Y,,1,,city,3600 S. Iron,,Y,Y,Y,,,,,,Y,Y,Y,Y,,FRONT,,,,,,,,,,,,,,,,,,,,,,,,,,,,,,,,,
2140811,094ec4485a754d43772ce0c2592f120bce0ed5536ffbe064d43f58fbaa6473f924fb54fb3239c5d3f3d1a7d7fe7094fdb45e7297054c3a9a27ee311aa302185a,08/31/2025 08:00:00 AM,1,DRIVER,,2040770,,UNKNOWN,MOTORIZED,,,UNKNOWN,PASSENGER,PERSONAL,S,TURNING LEFT,,,1,,,,,,,Y,Y,,,,,,,,,,SIDE-RIGHT-REAR,,,,,,,,,,,,,,,,,,,,,,,,,,,,,,,,,
2140812,094ec4485a754d43772ce0c2592f120bce0ed5536ffbe064d43f58fbaa6473f924fb54fb3239c5d3f3d1a7d7fe7094fdb45e7297054c3a9a27ee311aa302185a,08/31/2025 08:00:00 AM,2,BICYCLE,,,,,,,,,,,,,,,,,,,,,,,,,,,,,,,,,,,,,,,,,,,,,,,,,,,,,,,,,,,,,,,,,,
2140827,43cbfe8aff4a01f762b86aab139940d528c3efd5a0cfb78d32e49e1df42aa95d1808af0fb7daad53fbfc7333c405e5292bb3eae539cd9b3e52ec88e96304b3ae,08/31/2025 08:00:00 AM,1,DRIVER,,2040786,,UNKNOWN,OTHER (EXPLAIN IN NARRATIVE),,,UNKNOWN,UNKNOWN/NA,UNKNOWN/NA,UNKNOWN,UNKNOWN/NA,,,1,,,,,,,,,,,,,,,,,Y,UNKNOWN,,,,,,,,,,,,,,,,,,,,,,,,,,,,,,,,,
2140828,43cbfe8aff4a01f762b86aab139940d528c3efd5a0cfb78d32e49e1df42aa95d1808af0fb7daad53fbfc7333c405e5292bb3eae539cd9b3e52ec88e96304b3ae,08/31/2025 08:00:00 AM,2,PARKED,,2040787,,NISSAN,VERSA,IN,2024,UNKNOWN,PASSENGER,PERSONAL,W,PARKED,,,0,,,,,Y,Y,Y,Y,Y,,,,,,,,,SIDE-RIGHT,,,,,,,,,,,,,,,,,,,,,,,,,,,,,,,,,
2140807,7c42c67f177ba8fd990127ad53c224f4abbf6ced3f743f79a109b71317b4d309c2ab163ec5040961477f030a7d3a2d6842d75121b3a3ef8769eafab9cc0e018b,08/31/2025 08:00:00 AM,1,DRIVER,,2040769,,CHRYSLER,TOWN & COUNTRY,IL,2014,UNKNOWN,VAN/MINI-VAN,UNKNOWN/NA,N,STRAIGHT AHEAD,,,1,,,,,N,,,,Y,Y,Y,,,,N,N,,TOTAL (ALL AREAS),,,,,,,,,,,,,,,,,,,,,,,,,,,,,,,,,
2140808,7c42c67f177ba8fd990127ad53c224f4abbf6ced3f743f79a109b71317b4d309c2ab163ec5040961477f030a7d3a2d6842d75121b3a3ef8769eafab9cc0e018b,08/31/2025 08:00:00 AM,2,PARKED,,2040773,,CHRYSLER,PACIFICA,IL,2004,UNKNOWN,SPORT UTILITY VEHICLE (SUV),PERSONAL,N,PARKED,,,0,,,,,Y,,,,,,,,,,Y,Y,,TOTAL (ALL AREAS),,,,,,,,,,,,,,,,,,,,,,,,,,,,,,,,,
2140782,8831abc64447cab264f90adfc24726fdbe6ba0f2351726c74d1ea4a5bcfc6aad4746e5e2da46821093c28a9e3430b79d042e646ad2b2b9c70d09e8ae56a3d9e8,08/31/2025 08:00:00 AM,1,DRIVER,,2040761,,NISSAN,ALTIMA,IL,2018,NONE,PASSENGER,PERSONAL,E,STARTING IN TRAFFIC,Y,,1,,PERSONAL,HOME,,,,,,,,,,,Y,Y,Y,,TOTAL (ALL AREAS),,,,,,,,,,,,,,,,,,,,,,,,,,,,,,,,,
2140783,8831abc64447cab264f90adfc24726fdbe6ba0f2351726c74d1ea4a5bcfc6aad4746e5e2da46821093c28a9e3430b79d042e646ad2b2b9c70d09e8ae56a3d9e8,08/31/2025 08:00:00 AM,2,DRIVER,,2040745,,TESLA,MODEL 3,IL,2020,NONE,PASSENGER,PERSONAL,E,STARTING IN TRAFFIC,,,1,,,,,,,Y,Y,Y,Y,,,,,,,,TOTAL (ALL AREAS),,,,,,,,,,,,,,,,,,,,,,,,,,,,,,,,,
2140776,9fb660ca51acb3e4f99c228d492a6b67fb24f58b25296ecaf32a29b3837d6a2a997c68e0971b213658a83e834f1c85bfaa46a683d54f84498c7da2d58ca91a9e,08/31/2025 07:59:00 AM,1,DRIVER,,2040737,,MAZDA,MX-6,IL,2015,NONE,PASSENGER,PERSONAL,N,CHANGING LANES,,,1,,,,,,Y,Y,,,,,,,,,,,SIDE-RIGHT,,,,,,,,,,,,,,,,,,,,,,,,,,,,,,,,,
2140777,9fb660ca51acb3e4f99c228d492a6b67fb24f58b25296ecaf32a29b3837d6a2a997c68e0971b213658a83e834f1c85bfaa46a683d54f84498c7da2d58ca91a9e,08/31/2025 07:59:00 AM,2,DRIVER,,2040741,,NISSAN,SENTRA,IL,2021,NONE,PASSENGER,PERSONAL,N,STRAIGHT AHEAD,,,1,,,,,,,,,,,,Y,,Y,,,,SIDE-LEFT,,,,,,,,,,,,,,,,,,,,,,,,,,,,,,,,,
2140770,7d63eb3ade14ec7b4e4f01285c1ef0add4abde129898858f46fad8c2ffb442cef2deb64ed11b778c1ad545ce5da807d7a84cba06a06c41a5149f5bad073939f9,08/31/2025 07:28:00 AM,1,DRIVER,,2040734,,HONDA,CR-V,IL,2004,NONE,PASSENGER,PERSONAL,S,STRAIGHT AHEAD,Y,,1,,private,,,,,,,,,,,,,,Y,,FRONT,,,,,,,,,,,,,,,,,,,,,,,,,,,,,,,,,
2140771,7d63eb3ade14ec7b4e4f01285c1ef0add4abde129898858f46fad8c2ffb442cef2deb64ed11b778c1ad545ce5da807d7a84cba06a06c41a5149f5bad073939f9,08/31/2025 07:28:00 AM,2,DRIVER,1,2040738,,CHEVROLET,MALIBU,IL,2024,NONE,PASSENGER,RIDESHARE SERVICE,S,STRAIGHT AHEAD,,,2,,,,,,,,,Y,Y,Y,,,,,,,REAR,,,,,,,,,,,,,,,,,,,,,,,,,,,,,,,,,
2140792,c24a48e9a33f141221c04d36f631b35738e47345d2df5ad6945ae2a64fbe05e48ddc5139662986992225058ef741f2e389fe54e23c93038fb4a16ab97b5dcead,08/31/2025 07:20:00 AM,1,DRIVER,,2040755,,TOYOTA,RAV4,IL,2008,NONE,SPORT UTILITY VEHICLE (SUV),PERSONAL,W,STRAIGHT AHEAD,Y,,1,,CITY OF  CHICAGO,POUND 2,,Y,Y,,,,,,,,,,Y,,FRONT-RIGHT-CORNER,,,,,,,,,,,,,,,,,,,,,,,,,,,,,,,,,
2140793,c24a48e9a33f141221c04d36f631b35738e47345d2df5ad6945ae2a64fbe05e48ddc5139662986992225058ef741f2e389fe54e23c93038fb4a16ab97b5dcead,08/31/2025 07:20:00 AM,2,DRIVER,,2040765,,CHEVROLET,CRUZE,IL,2015,NONE,PASSENGER,PERSONAL,E,STRAIGHT AHEAD,Y,,1,,VEHICLE OWNER,VEHICLE OWNER,,Y,Y,Y,Y,Y,,,,,,,Y,,REAR-RIGHT-CORNER,,,,,,,,,,,,,,,,,,,,,,,,,,,,,,,,,
2140768,be99d5bd2b2d23a9ac5052087d33c5d50db86cf5d7bc1242263b9aff56ba3e694a8c57d32d04212d36e86795a2e42af6a8d455c6351a3ac489a679b32f5d35d6,08/31/2025 06:20:00 AM,1,DRIVER,,2040730,,DODGE,RAM 1500 PU,IL,2023,NONE,PICKUP,PERSONAL,SW,TURNING RIGHT,Y,,1,,private tow,private tow,,Y,,,,,,,,Y,Y,Y,Y,,FRONT,,,,,,,,,,,,,,,,,,,,,,,,,,,,,,,,,
2140769,be99d5bd2b2d23a9ac5052087d33c5d50db86cf5d7bc1242263b9aff56ba3e694a8c57d32d04212d36e86795a2e42af6a8d455c6351a3ac489a679b32f5d35d6,08/31/2025 06:20:00 AM,2,DRIVER,,2040731,,FORD,EXPLORER,IL,2014,NONE,PASSENGER,PERSONAL,W,STRAIGHT AHEAD,Y,,1,,private tow,private tow,,Y,Y,Y,,,,,,,,,Y,,FRONT-RIGHT-CORNER,,,,,,,,,,,,,,,,,,,,,,,,,,,,,,,,,