CRASH_UNIT_ID,CRASH_RECORD_ID,CRASH_DATE,UNIT_NO,UNIT_TYPE,NUM_PASSENGERS,VEHICLE_ID,CMRC_VEH_I,MAKE,MODEL,LIC_PLATE_STATE,VEHICLE_YEAR,VEHICLE_DEFECT,VEHICLE_TYPE,VEHICLE_USE,TRAVEL_DIRECTION,MANEUVER,TOWED_I,FIRE_I,OCCUPANT_CNT,EXCEED_SPEED_LIMIT_I,TOWED_BY,TOWED_TO,AREA_00_I,AREA_01_I,AREA_02_I,AREA_03_I,AREA_04_I,AREA_05_I,AREA_06_I,AREA_07_I,AREA_08_I,AREA_09_I,AREA_10_I,AREA_11_I,AREA_12_I,AREA_99_I,FIRST_CONTACT_POINT,CMV_ID,USDOT_NO,CCMC_NO,ILCC_NO,COMMERCIAL_SRC,GVWR,CARRIER_NAME,CARRIER_STATE,CARRIER_CITY,HAZMAT_PLACARDS_I,HAZMAT_NAME,UN_NO,HAZMAT_PRESENT_I,HAZMAT_REPORT_I,HAZMAT_REPORT_NO,MCS_REPORT_I,MCS_REPORT_NO,HAZMAT_VIO_CAUSE_CRASH_I,MCS_VIO_CAUSE_CRASH_I,IDOT_PERMIT_NO,WIDE_LOAD_I,TRAILER1_WIDTH,TRAILER2_WIDTH,TRAILER1_LENGTH,TRAILER2_LENGTH,TOTAL_VEHICLE_LENGTH,AXLE_CNT,VEHICLE_CONFIG,CARGO_BODY_TYPE,LOAD_TYPE,HAZMAT_OUT_OF_SERVICE_I,MCS_OUT_OF_SERVICE_I,HAZMAT_CLASS
2140765,41fd779e02b5bc97710104df539e5adec1892b0639226b021cb1789bdf57185da96be7826f242512fe7e3d213d7c87c7c154aa977babb875f822ec4a8550be1e,08/31/2025 05:25:00 AM,1,DRIVER,,2040724,,DODGE,DURANGO,IL,2023,UNKNOWN,SPORT UTILITY VEHICLE (SUV),PERSONAL,W,STRAIGHT AHEAD,Y,,1,,PERSONAL TOW,,,,,,,,,,,,,Y,Y,,FRONT-LEFT-CORNER,,,,,,,,,,,,,,,,,,,,,,,,,,,,,,,,,
2140752,cfe698bc07f1198edfba3939731b2cf2952a045ea22341db885dc440ae92ea558ced5c0cfdf13455a8c801243124ba17a792632cc526ed71df056cebde7b6d2c,08/31/2025 05:10:00 AM,1,DRIVER,,2040714,,VOLKSWAGEN,ATLAS,IL,2023,UNKNOWN,SPORT UTILITY VEHICLE (SUV),PERSONAL,W,STRAIGHT AHEAD,Y,,1,,TWONG AND RECOVERY,,,Y,Y,,,,,,,,,Y,Y,,FRONT-RIGHT-CORNER,,,,,,,,,,,,,,,,,,,,,,,,,,,,,,,,,
2140753,cfe698bc07f1198edfba3939731b2cf2952a045ea22341db885dc440ae92ea558ced5c0cfdf13455a8c801243124ba17a792632cc526ed71df056cebde7b6d2c,08/31/2025 05:10:00 AM,2,PARKED,,2040716,,FORD,EXPLORER,IL,2011,UNKNOWN,SPORT UTILITY VEHICLE (SUV),NOT IN USE,W,PARKED,,,0,,,,,Y,,,,,Y,Y,Y,,,Y,Y,,REAR-LEFT-CORNER,,,,,,,,,,,,,,,,,,,,,,,,,,,,,,,,,
2140754,cfe698bc07f1198edfba3939731b2cf2952a045ea22341db885dc440ae92ea558ced5c0cfdf13455a8c801243124ba17a792632cc526ed71df056cebde7b6d2c,08/31/2025 05:10:00 AM,3,PARKED,,2040717,,CHEVROLET,MALIBU,IL,2012,UNKNOWN,PASSENGER,NOT IN USE,W,PARKED,,,0,,,,,,,,,Y,Y,Y,,,,,,,REAR,,,,,,,,,,,,,,,,,,,,,,,,,,,,,,,,,
2140737,792f75dd501b073156953ec7f4dc33f5912de76bbc42f9a652f089b63e959504544878408a6e035d575346cb4bff0e61701d13ae3dd55faa6093df74f1916af8,08/31/2025 05:06:00 AM,1,DRIVER,,2040691,,UNKNOWN,OTHER (EXPLAIN IN NARRATIVE),,,UNKNOWN,UNKNOWN/NA,UNKNOWN/NA,N,STRAIGHT AHEAD,,,1,,,,,Y,,,,,,,,,,Y,Y,,FRONT,,,,,,,,,,,,,,,,,,,,,,,,,,,,,,,,,
2140738,792f75dd501b073156953ec7f4dc33f5912de76bbc42f9a652f089b63e959504544878408a6e035d575346cb4bff0e61701d13ae3dd55faa6093df74f1916af8,08/31/2025 05:06:00 AM,2,DRIVER,1,2040699,,KIA,OTHER (EXPLAIN IN NARRATIVE),IL,2025,UNKNOWN,PASSENGER,PERSONAL,W,STRAIGHT AHEAD,,,2,,,,,,,,,,,Y,Y,Y,,,,,SIDE-LEFT-REAR,,,,,,,,,,,,,,,,,,,,,,,,,,,,,,,,,
2140852,360d3f25880e56b450f0e07f2a0a6fb4cb7adad2e6eff1ca90497df954011a9b53424f9207261080230c560b31c8b0160b8e4949b022b1ad50f91c6d140b0111,08/31/2025 05:00:00 AM,1,DRIVER,,2040816,,DODGE,CHARGER,IN,,UNKNOWN,PASSENGER,UNKNOWN/NA,S,UNKNOWN/NA,,,1,,,,,,,,,,,,,,Y,Y,,,FRONT-LEFT-CORNER,,,,,,,,,,,,,,,,,,,,,,,,,,,,,,,,,
2140853,360d3f25880e56b450f0e07f2a0a6fb4cb7adad2e6eff1ca90497df954011a9b53424f9207261080230c560b31c8b0160b8e4949b022b1ad50f91c6d140b0111,08/31/2025 05:00:00 AM,2,PARKED,,2040825,,FORD,BRONCO / BRONCO II,IL,2024,NONE,SPORT UTILITY VEHICLE (SUV),PERSONAL,S,PARKED,,,0,,,,,Y,Y,Y,Y,Y,,,,,,,,,SIDE-RIGHT,,,,,,,,,,,,,,,,,,,,,,,,,,,,,,,,,
2140731,449fb589b0556c9ebd5488baa445b26630bb7e66812481cbb7356cf957551eeecc98491b0f33069e15b0a6156398bca4fcaf717183c7e98a7bef3b7edd25ed66,08/31/2025 04:52:00 AM,1,DRIVER,,2040688,,FORD,TRANSIT,IL,2022,NONE,VAN/MINI-VAN,PERSONAL,W,STRAIGHT AHEAD,,,1,,,,,Y,,,,,,,,,,Y,Y,,FRONT-RIGHT-CORNER,,,,,,,,,,,,,,,,,,,,,,,,,,,,,,,,,
2140732,449fb589b0556c9ebd5488baa445b26630bb7e66812481cbb7356cf957551eeecc98491b0f33069e15b0a6156398bca4fcaf717183c7e98a7bef3b7edd25ed66,08/31/2025 04:52:00 AM,2,DRIVER,,2040692,,NISSAN,MAXIMA,IL,2016,UNKNOWN,PASSENGER,PERSONAL,W,STRAIGHT AHEAD,Y,,1,,private tow,unknown,,Y,Y,,,,,,,,,Y,Y,,FRONT-RIGHT-CORNER,,,,,,,,,,,,,,,,,,,,,,,,,,,,,,,,,
2140794,7604acc32b34dfd385088ad532392f3180fc249e589cf381d3272f2528ce92e88b394ba1d56b0523ccb3cd2aecf7bdf1d2f75407cde76472830e1f458ca85933,08/31/2025 04:45:00 AM,1,DRIVER,,2040751,,FORD,ESCAPE,IL,2013,NONE,PASSENGER,PERSONAL,E,STRAIGHT AHEAD,Y,,1,,,,,Y,Y,Y,Y,Y,,,,,,,,,FRONT-LEFT-CORNER,,,,,,,,,,,,,,,,,,,,,,,,,,,,,,,,,
2140795,7604acc32b34dfd385088ad532392f3180fc249e589cf381d3272f2528ce92e88b394ba1d56b0523ccb3cd2aecf7bdf1d2f75407cde76472830e1f458ca85933,08/31/2025 04:45:00 AM,2,PARKED,,2040753,,TOYOTA,COROLLA,IL,2016,NONE,PASSENGER,PERSONAL,E,PARKED,,,0,,,,,,Y,,,,,,,,,,,,SIDE-RIGHT,,,,,,,,,,,,,,,,,,,,,,,,,,,,,,,,,
2140796,7604acc32b34dfd385088ad532392f3180fc249e589cf381d3272f2528ce92e88b394ba1d56b0523ccb3cd2aecf7bdf1d2f75407cde76472830e1f458ca85933,08/31/2025 04:45:00 AM,3,PARKED,,2040754,,CHEVROLET,TRAIL BLAZER,IL,2025,NONE,SPORT UTILITY VEHICLE (SUV),PERSONAL,E,PARKED,,,0,,,,,,,,Y,Y,Y,,,,,,,,REAR-RIGHT-CORNER,,,,,,,,,,,,,,,,,,,,,,,,,,,,,,,,,
2140804,7604acc32b34dfd385088ad532392f3180fc249e589cf381d3272f2528ce92e88b394ba1d56b0523ccb3cd2aecf7bdf1d2f75407cde76472830e1f458ca85933,08/31/2025 04:45:00 AM,4,PARKED,,2040760,,FORD,ESCAPE,IL,2011,NONE,PASSENGER,PERSONAL,E,PARKED,,,0,,,,,,,,,Y,Y,Y,,,,,,,REAR-RIGHT-CORNER,,,,,,,,,,,,,,,,,,,,,,,,,,,,,,,,,
2140786,8b6cec84e21d29488cf925dc244307458df7a25103bfb972f952bd873e396af34b938eab589173249f4fa0b191d4a4a99e3f80c8af264947b95b1f478ed272c1,08/31/2025 04:20:00 AM,1,DRIVER,1,2040747,,TOYOTA,CAMRY,IL,2025,UNKNOWN,PASSENGER,PERSONAL,W,STRAIGHT AHEAD,Y,,2,,STREETS AND SANITATION,POUND 6,,Y,Y,,,,,,,,,,,,FRONT-RIGHT-CORNER,,,,,,,,,,,,,,,,,,,,,,,,,,,,,,,,,
2140787,8b6cec84e21d29488cf925dc244307458df7a25103bfb972f952bd873e396af34b938eab589173249f4fa0b191d4a4a99e3f80c8af264947b95b1f478ed272c1,08/31/2025 04:20:00 AM,2,PARKED,,2040750,,LAND ROVER,RANGE ROVER (EVOQUE / SPORT / VELAR),IL,2013,UNKNOWN,PASSENGER,PERSONAL,W,PARKED,,,0,,,,,,,,,,Y,Y,Y,,,,,,SIDE-LEFT-REAR,,,,,,,,,,,,,,,,,,,,,,,,,,,,,,,,,
2140704,ca0164cb7eea5ca91ea34942874ab0bb9d8e03a8f865620dce00f4b09354c453146cbd07196c91718b1ef51bb84d939b3264ea674dde4da14d73540ce882fb99,08/31/2025 04:20:00 AM,1,DRIVER,2,2040670,,HYUNDAI,SONATA,IL,2019,NONE,PASSENGER,PERSONAL,N,STRAIGHT AHEAD,,,3,,,,,,,,,,,,,,,,,Y,FRONT,,,,,,,,,,,,,,,,,,,,,,,,,,,,,,,,,
2140705,ca0164cb7eea5ca91ea34942874ab0bb9d8e03a8f865620dce00f4b09354c453146cbd07196c91718b1ef51bb84d939b3264ea674dde4da14d73540ce882fb99,08/31/2025 04:20:00 AM,2,DRIVER,,2040668,,CHEVROLET,MALIBU,IL,2018,NONE,PASSENGER,PERSONAL,N,SLOW/STOP IN TRAFFIC,,,1,,,,,,,,,,Y,,,,,,,,REAR,,,,,,,,,,,,,,,,,,,,,,,,,,,,,,,,,
2140727,4c9af614a48e93d3817a282acc75741642458265f62900b1cffb9d02d3a2402a8cafb7a5076a5db1abedddb0ba24540d8ffb71d2790dd8c92406601754284afa,08/31/2025 04:15:00 AM,1,DRIVER,,2040687,,CHEVROLET,MALIBU,IL,2012,UNKNOWN,PASSENGER,PERSONAL,S,STRAIGHT AHEAD,,,1,,,,,Y,Y,,,,,,,,Y,Y,Y,,FRONT,,,,,,,,,,,,,,,,,,,,,,,,,,,,,,,,,
2140728,4c9af614a48e93d3817a282acc75741642458265f62900b1cffb9d02d3a2402a8cafb7a5076a5db1abedddb0ba24540d8ffb71d2790dd8c92406601754284afa,08/31/2025 04:15:00 AM,2,DRIVER,,2040693,,LEXUS,ES,IL,2016,UNKNOWN,PASSENGER,PERSONAL,S,STRAIGHT AHEAD,,,1,,,,,,,,Y,Y,Y,Y,Y,,,,,,REAR,,,,,,,,,,,,,,,,,,,,,,,,,,,,,,,,,
2140742,cdb07f8acdb678bf9265a0bde0d15d1b8fddef48585c84c0a129d524330ba3dcec12a43fa22f42d6362a2a8e4de299464f954e2b36e0a4784035a007b46db583,08/31/2025 04:15:00 AM,2,DRIVER,,2040710,,CHEVROLET,MALIBU,IL,2019,NONE,PASSENGER,PERSONAL,S,STRAIGHT AHEAD,Y,,1,,personal tow,,,,,Y,Y,Y,Y,Y,Y,,,,,,REAR,,,,,,,,,,,,,,,,,,,,,,,,,,,,,,,,,
2140743,cdb07f8acdb678bf9265a0bde0d15d1b8fddef48585c84c0a129d524330ba3dcec12a43fa22f42d6362a2a8e4de299464f954e2b36e0a4784035a007b46db583,08/31/2025 04:15:00 AM,1,DRIVER,,2040706,,CHEVROLET,TRAVERSE,IL,2016,NONE,SPORT UTILITY VEHICLE (SUV),PERSONAL,S,STRAIGHT AHEAD,,,1,,,,,Y,Y,,,,,,,,Y,Y,Y,,FRONT,,,,,,,,,,,,,,,,,,,,,,,,,,,,,,,,,
2140729,01c9673382436c1617d52ed682a88267dff33bbac5b0a56d684da29756ade73f468e0dd4532c482ee59f7673b802677b0c7a7878ba87ca4244511068e1c74e1b,08/31/2025 04:10:00 AM,1,DRIVER,1,2040694,,UNKNOWN,OTHER (EXPLAIN IN NARRATIVE),,,UNKNOWN,UNKNOWN/NA,UNKNOWN/NA,N,STRAIGHT AHEAD,,,2,,,,,,,,,,,,,,,,,Y,FRONT,,,,,,,,,,,,,,,,,,,,,,,,,,,,,,,,,
2140730,01c9673382436c1617d52ed682a88267dff33bbac5b0a56d684da29756ade73f468e0dd4532c482ee59f7673b802677b0c7a7878ba87ca4244511068e1c74e1b,08/31/2025 04:10:00 AM,2,DRIVER,,2040701,,KIA,SPORTAGE,FL,2023,NONE,SPORT UTILITY VEHICLE (SUV),RIDESHARE SERVICE,N,SLOW/STOP IN TRAFFIC,,,1,,,,,,,,,Y,Y,Y,,,,,,,REAR,,,,,,,,,,,,,,,,,,,,,,,,,,,,,,,,,
2141152,a0699fb4f6fbc37eaa4c1f30ebb55f4237da2f03e92fe9b6a98a161c877b1f077a80baf6651e2daf4b45885869592c81b6859dc4d23c38000a043be733f6af8a,08/31/2025 04:00:00 AM,1,DRIVER,,2041095,,UNKNOWN,OTHER (EXPLAIN IN NARRATIVE),IL,,UNKNOWN,UNKNOWN/NA,UNKNOWN/NA,UNKNOWN,UNKNOWN/NA,,,1,,,,,,,,,,,,,,,,,Y,UNKNOWN,,,,,,,,,,,,,,,,,,,,,,,,,,,,,,,,,
2141153,a0699fb4f6fbc37eaa4c1f30ebb55f4237da2f03e92fe9b6a98a161c877b1f077a80baf6651e2daf4b45885869592c81b6859dc4d23c38000a043be733f6af8a,08/31/2025 04:00:00 AM,2,PARKED,,2041099,,TESLA,MODEL 3,IL,2023,NONE,PASSENGER,NOT IN USE,S,PARKED,Y,,0,,PRIVATE,UNKNOWN,,Y,,,,,,,,,Y,Y,Y,,FRONT-LEFT-CORNER,,,,,,,,,,,,,,,,,,,,,,,,,,,,,,,,,
2140766,ccf9164e4cb9a9eea3e70eb938210216876ff809bdede7b937e17ffdcd86ec5edb0328a1ec010526776784bc0242d54fe393425e2a977b352924faf6282c7e69,08/31/2025 04:00:00 AM,1,DRIVER,,2040728,,UNKNOWN,MOTORIZED,IL,2025,NONE,PASSENGER,UNKNOWN/NA,UNKNOWN,OTHER,,,1,,,,,,,,,,,,,,,,,,UNKNOWN,,,,,,,,,,,,,,,,,,,,,,,,,,,,,,,,,
2140767,ccf9164e4cb9a9eea3e70eb938210216876ff809bdede7b937e17ffdcd86ec5edb0328a1ec010526776784bc0242d54fe393425e2a977b352924faf6282c7e69,08/31/2025 04:00:00 AM,2,PARKED,,2040726,,JEEP,RENEGADE,IL,2018,NONE,PASSENGER,PERSONAL,UNKNOWN,PARKED,,,0,,,,,Y,Y,Y,,,,,,,,,,,UNKNOWN,,,,,,,,,,,,,,,,,,,,,,,,,,,,,,,,,
2140744,e7de7265b2a41f34ef64fe5860dca30d322271ce6f1e2f07409df09141c10e47b2a28d4f97c8cbcedebb61320dd0f4cf5e17e67b1c1e59dfe09d40598655bb33,08/31/2025 03:58:00 AM,1,DRIVER,,2040703,,HONDA,CR-V,IL,2016,UNKNOWN,PASSENGER,UNKNOWN/NA,N,UNKNOWN/NA,Y,,1,,city of chicago,doty road,,,,,,,,Y,Y,Y,Y,Y,Y,,SIDE-LEFT,,,,,,,,,,,,,,,,,,,,,,,,,,,,,,,,,
2140745,e7de7265b2a41f34ef64fe5860dca30d322271ce6f1e2f07409df09141c10e47b2a28d4f97c8cbcedebb61320dd0f4cf5e17e67b1c1e59dfe09d40598655bb33,08/31/2025 03:58:00 AM,2,PARKED,,2040709,,CHEVROLET,TRAIL BLAZER,IL,2005,NONE,PASSENGER,NOT IN USE,N,PARKED,,,0,,,,,Y,Y,Y,Y,Y,,,,,,,,,SIDE-RIGHT,,,,,,,,,,,,,,,,,,,,,,,,,,,,,,,,,
2140746,e7de7265b2a41f34ef64fe5860dca30d322271ce6f1e2f07409df09141c10e47b2a28d4f97c8cbcedebb61320dd0f4cf5e17e67b1c1e59dfe09d40598655bb33,08/31/2025 03:58:00 AM,3,PARKED,,2040712,,CHEVROLET,CRUZE,IL,2016,NONE,PASSENGER,NOT IN USE,N,PARKED,,,0,,,,,,Y,,Y,Y,,,,,,,,,SIDE-RIGHT-REAR,,,,,,,,,,,,,,,,,,,,,,,,,,,,,,,,,
2140761,af18802c102dfd7e5dbb220b5277546a54ee4a0b70488da18e84b7311e2ebcf92c044cbfbad82ad050d1fe5dc0ecd3bdaab65e3952673f1902ef9572489dcf46,08/31/2025 03:47:00 AM,1,DRIVER,,2040723,,HONDA,CR-V,IL,,NONE,PASSENGER,PERSONAL,E,STRAIGHT AHEAD,Y,,1,,CITY OF CHICAGO,POUND #2,,Y,Y,Y,,,,,,Y,Y,Y,Y,,UNKNOWN,,,,,,,,,,,,,,,,,,,,,,,,,,,,,,,,,
2140762,af18802c102dfd7e5dbb220b5277546a54ee4a0b70488da18e84b7311e2ebcf92c044cbfbad82ad050d1fe5dc0ecd3bdaab65e3952673f1902ef9572489dcf46,08/31/2025 03:47:00 AM,2,PARKED,,2040725,,CHRYSLER,VOYAGER,IL,,NONE,PASSENGER,PERSONAL,E,PARKED,,,0,,,,,,,,,,,Y,Y,Y,,,,,REAR-LEFT-CORNER,,,,,,,,,,,,,,,,,,,,,,,,,,,,,,,,,
2140763,af18802c102dfd7e5dbb220b5277546a54ee4a0b70488da18e84b7311e2ebcf92c044cbfbad82ad050d1fe5dc0ecd3bdaab65e3952673f1902ef9572489dcf46,08/31/2025 03:47:00 AM,3,PARKED,,2040727,,HONDA,ACCORD,IL,,NONE,PASSENGER,PERSONAL,E,PARKED,,,0,,,,,,,Y,Y,Y,Y,,,,,,,,REAR-RIGHT-CORNER,,,,,,,,,,,,,,,,,,,,,,,,,,,,,,,,,
2140764,af18802c102dfd7e5dbb220b5277546a54ee4a0b70488da18e84b7311e2ebcf92c044cbfbad82ad050d1fe5dc0ecd3bdaab65e3952673f1902ef9572489dcf46,08/31/2025 03:47:00 AM,4,PARKED,,2040729,,CHEVROLET,TRAIL BLAZER,IL,,NONE,PASSENGER,PERSONAL,E,PARKED,,,0,,,,,,,,,Y,,,,,,,,,SIDE-RIGHT-REAR,,,,,,,,,,,,,,,,,,,,,,,,,,,,,,,,,
2140700,7435b05609b15a02e6e758e8bc818e0273bc445d1c7e41da15941b9cb6fe25f2a8365f7bfcb130b566b9af11c4722bee65bd0fe2b8d07432659c0d9c0fa556aa,08/31/2025 03:36:00 AM,1,DRIVER,,2040663,,JEEP,CHEROKEE,,,UNKNOWN,PASSENGER,UNKNOWN/NA,N,STRAIGHT AHEAD,,,1,,,,,,,,,,,,,,Y,Y,,,FRONT-LEFT-CORNER,,,,,,,,,,,,,,,,,,,,,,,,,,,,,,,,,
2140701,7435b05609b15a02e6e758e8bc818e0273bc445d1c7e41da15941b9cb6fe25f2a8365f7bfcb130b566b9af11c4722bee65bd0fe2b8d07432659c0d9c0fa556aa,08/31/2025 03:36:00 AM,2,DRIVER,1,2040666,,KIA,SORENTO,IL,2022,NONE,PASSENGER,PERSONAL,E,STRAIGHT AHEAD,,,2,,,,,,Y,Y,,,,,,,,,,,SIDE-RIGHT,,,,,,,,,,,,,,,,,,,,,,,,,,,,,,,,,
2140710,65771c0df83ec5b97abdb6ce9a61b526d15c70fda228f3a3e283e85180f5eaee13515f7aea98478fcf61f88b79c91d23e6154648c485e5c322e80cb1397abdc1,08/31/2025 03:20:00 AM,1,DRIVER,,2040673,,CHRYSLER,300,,,UNKNOWN,UNKNOWN/NA,UNKNOWN/NA,W,STRAIGHT AHEAD,,,1,,,,,,,,,,,,,,,,,Y,UNKNOWN,,,,,,,,,,,,,,,,,,,,,,,,,,,,,,,,,
2140711,65771c0df83ec5b97abdb6ce9a61b526d15c70fda228f3a3e283e85180f5eaee13515f7aea98478fcf61f88b79c91d23e6154648c485e5c322e80cb1397abdc1,08/31/2025 03:20:00 AM,2,PARKED,,2040674,,MITSUBISHI,OUTLANDER,IL,2020,NONE,PASSENGER,PERSONAL,W,PARKED,,,0,,,,,,,,,,Y,Y,,,,,,,REAR-LEFT-CORNER,,,,,,,,,,,,,,,,,,,,,,,,,,,,,,,,,
2140724,82c628b63a64c5af265774d20bebe97f410b61f6a029dc644a8edf514ab4829ae5a0e38b84b210f830148bb963dff75129a8f5f89debeb4292810224e70da29c,08/31/2025 03:20:00 AM,1,DRIVER,,2040686,,TOYOTA,PRIUS,IL,2015,UNKNOWN,PASSENGER,UNKNOWN/NA,UNKNOWN,UNKNOWN/NA,Y,,1,,city of chicago,ss # 057778,,Y,Y,Y,,,,,,,Y,Y,Y,Y,FRONT-RIGHT-CORNER,,,,,,,,,,,,,,,,,,,,,,,,,,,,,,,,,
2140725,82c628b63a64c5af265774d20bebe97f410b61f6a029dc644a8edf514ab4829ae5a0e38b84b210f830148bb963dff75129a8f5f89debeb4292810224e70da29c,08/31/2025 03:20:00 AM,2,PARKED,,2040689,,MAZDA,MAZDA3,IN,2014,UNKNOWN,PASSENGER,NOT IN USE,UNKNOWN,PARKED,,,0,,,,,,,,,,,Y,Y,Y,,,,Y,REAR-LEFT-CORNER,,,,,,,,,,,,,,,,,,,,,,,,,,,,,,,,,
2140726,82c628b63a64c5af265774d20bebe97f410b61f6a029dc644a8edf514ab4829ae5a0e38b84b210f830148bb963dff75129a8f5f89debeb4292810224e70da29c,08/31/2025 03:20:00 AM,3,PARKED,,2040698,,HONDA,PILOT,IL,2021,UNKNOWN,PASSENGER,NOT IN USE,UNKNOWN,PARKED,,,0,,,,,,,,,Y,Y,Y,,,,,,Y,REAR,,,,,,,,,,,,,,,,,,,,,,,,,,,,,,,,,
2140751,d31cd00e52b570614eae5069a5e2f20290a50934008d6e7ae69a6bafbada6602320ea22ac78f5faa16032c976cc1649297ad1837d764ff72bfa900ebc99518a1,08/31/2025 03:20:00 AM,1,DRIVER,4,2040708,,JEEP,JEEP,IL,2015,NONE,PASSENGER,PERSONAL,NE,TURNING LEFT,Y,Y,5,,UNKNOWN,,,Y,,,,,,,,,,Y,Y,,FRONT,,,,,,,,,,,,,,,,,,,,,,,,,,,,,,,,,
2140693,10f8f3afbe153f98b5da109b9ea40a13cdf4237ce6fdc82e1e42cc138ee7b68a1b086f497b279b4439f7d2cacb7983f3b11eab17e87b0d7a93c89342f9949c5b,08/31/2025 03:18:00 AM,1,DRIVER,1,2040658,,SCION,XD,IL,2005,UNKNOWN,PASSENGER,PERSONAL,N,STRAIGHT AHEAD,Y,,2,,PRIVATE,,,Y,,,,,,,,,,Y,Y,,FRONT,,,,,,,,,,,,,,,,,,,,,,,,,,,,,,,,,
2140712,e51291a7fc760a4604dbe921409ca2fc792e373c11d80d36a7c86f0d9127dd37b76ef6aa86ce2031cc9443775cf2f9bc2bcfdc3a874c439d5e40dfa59f70a35d,08/31/2025 03:09:00 AM,1,DRIVER,,2040678,,GENERAL MOTORS CORPORATION (GMC),SAFARI,IL,2000,UNKNOWN,PASSENGER,PERSONAL,N,ENTERING TRAFFIC LANE FROM PARKING,Y,,1,,STREETS AND SANITATION,701 N SACRAMENTO,,Y,,,,,,,,,Y,Y,Y,,FRONT-LEFT-CORNER,,,,,,,,,,,,,,,,,,,,,,,,,,,,,,,,,
2140713,e51291a7fc760a4604dbe921409ca2fc792e373c11d80d36a7c86f0d9127dd37b76ef6aa86ce2031cc9443775cf2f9bc2bcfdc3a874c439d5e40dfa59f70a35d,08/31/2025 03:09:00 AM,2,PARKED,,2040696,,FORD,FUSION,FL,2012,UNKNOWN,PASSENGER,NOT IN USE,UNKNOWN,PARKED,,,0,,,,,Y,Y,Y,Y,Y,,,,,,,,,SIDE-RIGHT,,,,,,,,,,,,,,,,,,,,,,,,,,,,,,,,,
2140722,7e8a203225ebbc611c41beb46c6a0a4a7a06963a35e0e8b43145102625fc7cdaa52b30640da04ceac54ba3b71e2f82f6652021ce3ee25d3a75c3d289a35b6d5b,08/31/2025 03:06:00 AM,1,DRIVER,,2040680,,CADILLAC,CTS,IL,2010,UNKNOWN,PASSENGER,UNKNOWN/NA,N,DRIVING WRONG WAY,Y,,1,,STREET & SANS,,,Y,Y,Y,Y,Y,,Y,Y,Y,Y,Y,Y,,FRONT,,,,,,,,,,,,,,,,,,,,,,,,,,,,,,,,,
2140723,7e8a203225ebbc611c41beb46c6a0a4a7a06963a35e0e8b43145102625fc7cdaa52b30640da04ceac54ba3b71e2f82f6652021ce3ee25d3a75c3d289a35b6d5b,08/31/2025 03:06:00 AM,2,DRIVER,,2040682,,FORD,TRANSIT,IL,2017,UNKNOWN,VAN/MINI-VAN,UNKNOWN/NA,S,STRAIGHT AHEAD,Y,,1,,STREET & SANS,,,Y,,,,,,Y,Y,Y,Y,Y,Y,,FRONT,,,,,,,,,,,,,,,,,,,,,,,,,,,,,,,,,
2141262,c8998b1e5c2cdb2e7974f701a96afcdaf2d9cda23fe2b980f558b0d55ad032e716a1d018457ffe1aa5d89a3c9e199749970d4544ede9308896dcdd2c829abe6d,08/31/2025 03:04:00 AM,1,DRIVER,,2041193,,UNKNOWN,OTHER (EXPLAIN IN NARRATIVE),,,UNKNOWN,PICKUP,UNKNOWN/NA,W,TURNING RIGHT,,,1,,,,,,,,,,,,,,,,,Y,FRONT,,,,,,,,,,,,,,,,,,,,,,,,,,,,,,,,,
2141263,c8998b1e5c2cdb2e7974f701a96afcdaf2d9cda23fe2b980f558b0d55ad032e716a1d018457ffe1aa5d89a3c9e199749970d4544ede9308896dcdd2c829abe6d,08/31/2025 03:04:00 AM,2,PARKED,,2041197,,FORD,EXPLORER,IL,2014,NONE,PASSENGER,NOT IN USE,S,PARKED,,,0,,,,,,,,,,,,,Y,Y,Y,,,SIDE-LEFT-FRONT,,,,,,,,,,,,,,,,,,,,,,,,,,,,,,,,,
2140698,0d2d1afddb05b3997c2fd9fedd9aeff7bbec026e169d2643cd8839a63821d3e8addf01410ae87fb0891e3d53c716b0d9897f90e3d01fe3dd4015f0d3929de51d,08/31/2025 02:52:00 AM,1,DRIVER,,2040664,,UNKNOWN,OTHER (EXPLAIN IN NARRATIVE),,,UNKNOWN,SPORT UTILITY VEHICLE (SUV),UNKNOWN/NA,S,TURNING LEFT,,,1,,,,,,,,,,,,,Y,Y,Y,,,SIDE-LEFT,,,,,,,,,,,,,,,,,,,,,,,,,,,,,,,,,
2140699,0d2d1afddb05b3997c2fd9fedd9aeff7bbec026e169d2643cd8839a63821d3e8addf01410ae87fb0891e3d53c716b0d9897f90e3d01fe3dd4015f0d3929de51d,08/31/2025 02:52:00 AM,2,DRIVER,,2040672,,HARLEY-DAVIDSON,HARLEY-DAVIDSON,TN,2017,NONE,MOTORCYCLE (OVER 150CC),PERSONAL,S,TURNING LEFT,,,1,,,,,Y,Y,Y,Y,,,,,,,,,,SIDE-RIGHT,,,,,,,,,,,,,,,,,,,,,,,,,,,,,,,,,
2140678,e63f577f9d22e96e5b6eb6c0ad5ca85e44925039bdec7325fcb81fa7bd14b787a5e560d1016dde19b05bd7311734cf8f0989fb937840d5921d7f47a4dbc897bf,08/31/2025 02:50:00 AM,1,DRIVER,,2040645,,KIA,SPORTAGE,IL,2007,UNKNOWN,PASSENGER,UNKNOWN/NA,W,STRAIGHT AHEAD,,,1,,,,,,,,,,,,,,,,,,FRONT,,,,,,,,,,,,,,,,,,,,,,,,,,,,,,,,,