CRASH_UNIT_ID,CRASH_RECORD_ID,CRASH_DATE,UNIT_NO,UNIT_TYPE,NUM_PASSENGERS,VEHICLE_ID,CMRC_VEH_I,MAKE,MODEL,LIC_PLATE_STATE,VEHICLE_YEAR,VEHICLE_DEFECT,VEHICLE_TYPE,VEHICLE_USE,TRAVEL_DIRECTION,MANEUVER,TOWED_I,FIRE_I,OCCUPANT_CNT,EXCEED_SPEED_LIMIT_I,TOWED_BY,TOWED_TO,AREA_00_I,AREA_01_I,AREA_02_I,AREA_03_I,AREA_04_I,AREA_05_I,AREA_06_I,AREA_07_I,AREA_08_I,AREA_09_I,AREA_10_I,AREA_11_I,AREA_12_I,AREA_99_I,FIRST_CONTACT_POINT,CMV_ID,USDOT_NO,CCMC_NO,ILCC_NO,COMMERCIAL_SRC,GVWR,CARRIER_NAME,CARRIER_STATE,CARRIER_CITY,HAZMAT_PLACARDS_I,HAZMAT_NAME,UN_NO,HAZMAT_PRESENT_I,HAZMAT_REPORT_I,HAZMAT_REPORT_NO,MCS_REPORT_I,MCS_REPORT_NO,HAZMAT_VIO_CAUSE_CRASH_I,MCS_VIO_CAUSE_CRASH_I,IDOT_PERMIT_NO,WIDE_LOAD_I,TRAILER1_WIDTH,TRAILER2_WIDTH,TRAILER1_LENGTH,TRAILER2_LENGTH,TOTAL_VEHICLE_LENGTH,AXLE_CNT,VEHICLE_CONFIG,CARGO_BODY_TYPE,LOAD_TYPE,HAZMAT_OUT_OF_SERVICE_I,MCS_OUT_OF_SERVICE_I,HAZMAT_CLASS
2140679,e63f577f9d22e96e5b6eb6c0ad5ca85e44925039bdec7325fcb81fa7bd14b787a5e560d1016dde19b05bd7311734cf8f0989fb937840d5921d7f47a4dbc897bf,08/31/2025 02:50:00 AM,2,DRIVER,,2040646,,NISSAN,OTHER (EXPLAIN IN NARRATIVE),IL,2023,NONE,PASSENGER,PERSONAL,E,STRAIGHT AHEAD,,,1,,,,,Y,Y,Y,Y,,,,,,,,,,FRONT-RIGHT-CORNER,,,,,,,,,,,,,,,,,,,,,,,,,,,,,,,,,
2140691,b22fd7c9fe8720838be1bd39f0f9204cafb34703cf9ee9910acf07ca57f2f6f1fa5d3a72d9ba76d2f32d02578645d0fe34bb6705a424986bfd0950f2958f6b40,08/31/2025 02:40:00 AM,1,DRIVER,,2040653,,UNKNOWN,OTHER (EXPLAIN IN NARRATIVE),,,UNKNOWN,PASSENGER,UNKNOWN/NA,N,TURNING RIGHT,,,1,,,,,,,,,,,,,,,,,Y,UNKNOWN,,,,,,,,,,,,,,,,,,,,,,,,,,,,,,,,,
2140692,b22fd7c9fe8720838be1bd39f0f9204cafb34703cf9ee9910acf07ca57f2f6f1fa5d3a72d9ba76d2f32d02578645d0fe34bb6705a424986bfd0950f2958f6b40,08/31/2025 02:40:00 AM,2,BICYCLE,,,,,,,,,,,,,,,,,,,,,,,,,,,,,,,,,,,,,,,,,,,,,,,,,,,,,,,,,,,,,,,,,,
2140758,e7cf10ac83e44050b415290ed04c358c5d78560096700324428d9ac203d89ab90a4cbc4f1dc4873a24038ce5fd8a1e0fa6d03cc0611fe055414ee030caf73e70,08/31/2025 02:39:00 AM,1,DRIVER,,2040719,,CHEVROLET,TRAIL BLAZER,IL,2006,UNKNOWN,PASSENGER,UNKNOWN/NA,UNKNOWN,UNKNOWN/NA,,,1,,,,,Y,,,,,,,,,,Y,Y,,UNKNOWN,,,,,,,,,,,,,,,,,,,,,,,,,,,,,,,,,
2140759,e7cf10ac83e44050b415290ed04c358c5d78560096700324428d9ac203d89ab90a4cbc4f1dc4873a24038ce5fd8a1e0fa6d03cc0611fe055414ee030caf73e70,08/31/2025 02:39:00 AM,2,PARKED,,2040721,,FORD,F150,IL,2001,UNKNOWN,TRUCK - SINGLE UNIT,UNKNOWN/NA,S,PARKED,,,0,,,,,Y,,,,Y,Y,Y,,,,Y,Y,,UNKNOWN,,,,,,,,,,,,,,,,,,,,,,,,,,,,,,,,,
2140760,e7cf10ac83e44050b415290ed04c358c5d78560096700324428d9ac203d89ab90a4cbc4f1dc4873a24038ce5fd8a1e0fa6d03cc0611fe055414ee030caf73e70,08/31/2025 02:39:00 AM,3,PARKED,,2040722,,TOYOTA,OTHER (EXPLAIN IN NARRATIVE),IL,2021,UNKNOWN,PASSENGER,UNKNOWN/NA,S,PARKED,,,0,,,,,Y,,,,,,,,,Y,Y,Y,,UNKNOWN,,,,,,,,,,,,,,,,,,,,,,,,,,,,,,,,,
2140683,0e5ebd68be3f00de87d90bc348b07d22ef5cd437652c70cf017c474725c476a95ebe47339a27fc6d6f3372872ce0080c87fb99da56c025ab3f39206bfc4ef1a7,08/31/2025 02:30:00 AM,1,DRIVER,,2040657,Y,VOLVO,760 SERIES,IN,2023,UNKNOWN,TRACTOR W/ SEMI-TRAILER,COMMERCIAL - SINGLE UNIT,E,STRAIGHT AHEAD,Y,,1,,universal towing,7740 S. South Chicago Ave,,,Y,Y,Y,Y,,Y,Y,Y,Y,,,,TOTAL (ALL AREAS),"22,105",2352168,805371,,DRIVER,3,"HUMPHEREYS ,JOEY, WAYNE",TX,EVERMAN,,,,N,N,,N,,N,N,2352168,,,,,,80,3,TRACTOR/SEMI-TRAILER,VAN/ENCLOSED BOX,UNKNOWN,N,N,
2140671,b943b1e40150cc5b8813926375a9737db6f2e0fb786c54b8549809a1c00c72f42411c31ead4e626f880440d0fef218a763db6ba47e5d78116e1c1f1cfa82f189,08/31/2025 02:30:00 AM,1,DRIVER,,2040630,,UNKNOWN,MOTORIZED,IL,,UNKNOWN,SPORT UTILITY VEHICLE (SUV),UNKNOWN/NA,N,STRAIGHT AHEAD,,,1,,,,,,,,,,,,,,,,,Y,UNKNOWN,,,,,,,,,,,,,,,,,,,,,,,,,,,,,,,,,
2140672,b943b1e40150cc5b8813926375a9737db6f2e0fb786c54b8549809a1c00c72f42411c31ead4e626f880440d0fef218a763db6ba47e5d78116e1c1f1cfa82f189,08/31/2025 02:30:00 AM,2,DRIVER,,2040634,,TOYOTA,PRIUS,IL,2014,NONE,PASSENGER,PERSONAL,N,STRAIGHT AHEAD,,,1,,,,,,Y,Y,Y,Y,,,,,,,,,REAR-RIGHT-CORNER,,,,,,,,,,,,,,,,,,,,,,,,,,,,,,,,,
2140748,84a80c03f122b4f7a7b54ce6b8564a4b121836d01d601e5ea30276685b19e93827614eaddace4f2daae27fcf419430936d6fa276046021acb166287fc63d3226,08/31/2025 02:10:00 AM,1,DRIVER,,2040705,,UNKNOWN,OTHER (EXPLAIN IN NARRATIVE),,,UNKNOWN,OTHER,TOW TRUCK,N,BACKING,,,1,,,,,,,,,,,,,,,,,Y,REAR,,,,,,,,,,,,,,,,,,,,,,,,,,,,,,,,,
2140749,84a80c03f122b4f7a7b54ce6b8564a4b121836d01d601e5ea30276685b19e93827614eaddace4f2daae27fcf419430936d6fa276046021acb166287fc63d3226,08/31/2025 02:10:00 AM,2,DRIVER,,2040713,,TOYOTA,CAMRY,IL,2013,UNKNOWN,PASSENGER,PERSONAL,N,STRAIGHT AHEAD,,,1,,,,,,,,,,,,,,,,Y,,FRONT,,,,,,,,,,,,,,,,,,,,,,,,,,,,,,,,,
2140667,29a3a287bda827c4ed32c8a15505494cf313b522d26629765b882df766bfe08f8045522f0d92fa6dd0196ac9f407631a99c43944d6532728213aa07c13b9e5a8,08/31/2025 02:09:00 AM,1,DRIVER,,2040644,,HONDA,CR-V,IL,,NONE,PASSENGER,PERSONAL,N,STRAIGHT AHEAD,,,1,,,,,,,,,,,,,,,,,,FRONT,,,,,,,,,,,,,,,,,,,,,,,,,,,,,,,,,
2140668,29a3a287bda827c4ed32c8a15505494cf313b522d26629765b882df766bfe08f8045522f0d92fa6dd0196ac9f407631a99c43944d6532728213aa07c13b9e5a8,08/31/2025 02:09:00 AM,2,DRIVER,,2040639,,TOYOTA,CAMRY,IL,2011,NONE,PASSENGER,PERSONAL,W,STRAIGHT AHEAD,,,1,,,,,Y,Y,,,,,,,,Y,Y,Y,,FRONT,,,,,,,,,,,,,,,,,,,,,,,,,,,,,,,,,
2140684,29a3a287bda827c4ed32c8a15505494cf313b522d26629765b882df766bfe08f8045522f0d92fa6dd0196ac9f407631a99c43944d6532728213aa07c13b9e5a8,08/31/2025 02:09:00 AM,3,PARKED,,2040649,,SUBARU,IMPREZA,CO,2013,NONE,PASSENGER,NOT IN USE,UNKNOWN,PARKED IN TRAFFIC LANE,,,0,,,,,,,,,,,,,,,Y,,,FRONT-LEFT-CORNER,,,,,,,,,,,,,,,,,,,,,,,,,,,,,,,,,
2140663,0d16877406f94fd2007d350e7d93781fb631552ec530817cef56f26de076a1a9caf9fbc21c3cd3e9a8bbd68dce5654be8ca2356e331de2d356bb6623dfb46eed,08/31/2025 01:56:00 AM,1,DRIVER,,2040623,,FORD,F150,IL,2023,UNKNOWN,PICKUP,UNKNOWN/NA,N,STRAIGHT AHEAD,,,1,,,,,,,,,,,,,,,,,Y,UNKNOWN,,,,,,,,,,,,,,,,,,,,,,,,,,,,,,,,,
2140664,0d16877406f94fd2007d350e7d93781fb631552ec530817cef56f26de076a1a9caf9fbc21c3cd3e9a8bbd68dce5654be8ca2356e331de2d356bb6623dfb46eed,08/31/2025 01:56:00 AM,2,DRIVER,,2040629,,LEXUS,OTHER (EXPLAIN IN NARRATIVE),IL,2024,NONE,PASSENGER,PERSONAL,N,STRAIGHT AHEAD,,,1,,,,,,,,,Y,,,,,,,,,REAR-RIGHT-CORNER,,,,,,,,,,,,,,,,,,,,,,,,,,,,,,,,,
2140659,3c208aabcebfe94328e0017cbb2a336313410e2f89cc6510f87138657fad2dfea3c900c6596d6fb8e54185fc6d643ab53348cbf1e285d03b9bd324cc62d38ed6,08/31/2025 01:55:00 AM,1,DRIVER,,2040621,,TOYOTA,RAV4,IL,2006,UNKNOWN,PASSENGER,PERSONAL,S,STRAIGHT AHEAD,Y,,1,,,,,,,,,,,,,,,,,,UNKNOWN,,,,,,,,,,,,,,,,,,,,,,,,,,,,,,,,,
2140660,3c208aabcebfe94328e0017cbb2a336313410e2f89cc6510f87138657fad2dfea3c900c6596d6fb8e54185fc6d643ab53348cbf1e285d03b9bd324cc62d38ed6,08/31/2025 01:55:00 AM,2,DRIVER,,2040626,,UNKNOWN,OTHER (EXPLAIN IN NARRATIVE),,,UNKNOWN,UNKNOWN/NA,UNKNOWN/NA,UNKNOWN,UNKNOWN/NA,,,1,,,,,,,,,,,,,,,,,,UNKNOWN,,,,,,,,,,,,,,,,,,,,,,,,,,,,,,,,,
2140669,63fa67dbf6a9993b0efb3ebac557abd543993d1049cf57de41a2f7e75b46b878a3d14ea38ca36a0ffd207dc9f2d65f5c44d979cebd0f95533272af0edb47190d,08/31/2025 01:45:00 AM,1,DRIVER,,2040637,,NISSAN,ALTIMA,IL,2022,NONE,PASSENGER,PERSONAL,E,STRAIGHT AHEAD,,,1,,,,,Y,,,,,,,,,,Y,Y,,FRONT,,,,,,,,,,,,,,,,,,,,,,,,,,,,,,,,,
2140670,63fa67dbf6a9993b0efb3ebac557abd543993d1049cf57de41a2f7e75b46b878a3d14ea38ca36a0ffd207dc9f2d65f5c44d979cebd0f95533272af0edb47190d,08/31/2025 01:45:00 AM,2,DRIVER,,2040647,,CHEVROLET,MALIBU,CA,2024,NONE,PASSENGER,PERSONAL,E,STRAIGHT AHEAD,,,1,,,,,,,,,Y,Y,Y,,,,,,,REAR,,,,,,,,,,,,,,,,,,,,,,,,,,,,,,,,,
2140680,bbd2dab502b3e42ff853f2a4eaec1d5640e9a94a3553b2dfd3262f8cb629d232127d8245452f8b22d53a4a8c8a664da35948b1ce713509cef0091ba55e6c7463,08/31/2025 01:45:00 AM,1,DRIVER,,2040648,,JEEP,GRAND CHEROKEE,IL,2014,UNKNOWN,PASSENGER,PERSONAL,S,STRAIGHT AHEAD,Y,,1,,City Of Chicago,,,Y,Y,Y,Y,Y,Y,Y,Y,Y,Y,Y,Y,,FRONT-RIGHT-CORNER,,,,,,,,,,,,,,,,,,,,,,,,,,,,,,,,,
2140681,bbd2dab502b3e42ff853f2a4eaec1d5640e9a94a3553b2dfd3262f8cb629d232127d8245452f8b22d53a4a8c8a664da35948b1ce713509cef0091ba55e6c7463,08/31/2025 01:45:00 AM,2,PARKED,,2040652,,HONDA,FIT,IL,2009,UNKNOWN,PASSENGER,PERSONAL,S,PARKED,Y,,0,,Private Tow,,,,,,,,,Y,Y,Y,Y,Y,,,REAR-LEFT-CORNER,,,,,,,,,,,,,,,,,,,,,,,,,,,,,,,,,
2140674,71910ce236f3d776157a4b539df3d92d8f10dfeb70c40c181833116c6b7123177f1fb62f2185ff14ca7c3211dd28347aa2ee3976b5ce97885aea7f7729d8cfca,08/31/2025 01:43:00 AM,1,DRIVER,1,2040636,,JEEP,CHEROKEE,IL,2016,UNKNOWN,UNKNOWN/NA,UNKNOWN/NA,W,STRAIGHT AHEAD,,,2,,,,,,,,,,,,,Y,Y,Y,Y,,FRONT-LEFT-CORNER,,,,,,,,,,,,,,,,,,,,,,,,,,,,,,,,,
2140675,71910ce236f3d776157a4b539df3d92d8f10dfeb70c40c181833116c6b7123177f1fb62f2185ff14ca7c3211dd28347aa2ee3976b5ce97885aea7f7729d8cfca,08/31/2025 01:43:00 AM,2,DRIVER,1,2040640,,TOYOTA,CAMRY,IL,2008,UNKNOWN,PASSENGER,PERSONAL,E,STRAIGHT AHEAD,,,2,,,,,,,,,,Y,Y,Y,Y,,,,,REAR-LEFT-CORNER,,,,,,,,,,,,,,,,,,,,,,,,,,,,,,,,,
2141174,5224e554974b6a8586591f903d901e89c68f966c9519fd93ffd01c4365eb6d19ee56623eb026e20f9fb83848fa5d0ddade39ad9031fca220532f3f1936d45c4a,08/31/2025 01:42:00 AM,1,DRIVER,,2041120,,JEEP,GRAND CHEROKEE,IL,2015,UNKNOWN,SPORT UTILITY VEHICLE (SUV),PERSONAL,E,STRAIGHT AHEAD,,,1,,,,,,,,,,,,,,,,,Y,UNKNOWN,,,,,,,,,,,,,,,,,,,,,,,,,,,,,,,,,
2141175,5224e554974b6a8586591f903d901e89c68f966c9519fd93ffd01c4365eb6d19ee56623eb026e20f9fb83848fa5d0ddade39ad9031fca220532f3f1936d45c4a,08/31/2025 01:42:00 AM,2,DRIVER,,2041121,,FORD,CROWN VICTORIA,IL,2010,UNKNOWN,VAN/MINI-VAN,PERSONAL,W,STRAIGHT AHEAD,Y,,1,,DEPT OF STREET AND SAN,Pound 2,,,,,,,,,,,,,,Y,UNKNOWN,,,,,,,,,,,,,,,,,,,,,,,,,,,,,,,,,
2141082,897cba8d1fbb114db6ac738fba3d576ed1bb5b2a8e6a06df8f1272116c546137531784b20cb3c53fc554d081488d7519e97531772e051b745e90235bbb1e98ee,08/31/2025 01:30:00 AM,1,DRIVER,,2041031,,FORD,FOCUS,,2025,NONE,PASSENGER,PERSONAL,S,TURNING LEFT,,,1,,,,,Y,,,,,,,,,,,,,FRONT-RIGHT-CORNER,,,,,,,,,,,,,,,,,,,,,,,,,,,,,,,,,
2141083,897cba8d1fbb114db6ac738fba3d576ed1bb5b2a8e6a06df8f1272116c546137531784b20cb3c53fc554d081488d7519e97531772e051b745e90235bbb1e98ee,08/31/2025 01:30:00 AM,2,DRIVER,,2041043,,FIAT,OTHER (EXPLAIN IN NARRATIVE),IL,2026,NONE,PASSENGER,PERSONAL,N,STRAIGHT AHEAD,,,1,,,,,,,,,,,,,,,Y,,,FRONT-LEFT-CORNER,,,,,,,,,,,,,,,,,,,,,,,,,,,,,,,,,
2141166,da1b44672df4a6d57f374f0b8bf2899142f05b65eba04d0e740e7c00c2d292055971ec5352e44e9b4f6a571b17cbb765ce30a775f968f176aa885fc60c9e178c,08/31/2025 01:30:00 AM,1,DRIVER,,2041111,,JEEP,COMPASS,IL,2020,UNKNOWN,SPORT UTILITY VEHICLE (SUV),PERSONAL,UNKNOWN,CHANGING LANES,,,1,,,,,,,,,,,,,,,,,Y,UNKNOWN,,,,,,,,,,,,,,,,,,,,,,,,,,,,,,,,,
2141167,da1b44672df4a6d57f374f0b8bf2899142f05b65eba04d0e740e7c00c2d292055971ec5352e44e9b4f6a571b17cbb765ce30a775f968f176aa885fc60c9e178c,08/31/2025 01:30:00 AM,2,DRIVER,,2041112,,LINCOLN,MKZ,IL,2013,UNKNOWN,PASSENGER,PERSONAL,UNKNOWN,STRAIGHT AHEAD,,,1,,,,,Y,Y,,,,,,,,,,,,FRONT-RIGHT-CORNER,,,,,,,,,,,,,,,,,,,,,,,,,,,,,,,,,
2140676,b4eafb9187ce8c08ad43b6cdcb10cfbd9ae9e89974b8d699ed0981c6b41c918c28ea57e1cda5187d430f1eebb8e1ca4f746035f26b2bf3e80bc57bc3ab624339,08/31/2025 01:27:00 AM,1,DRIVER,,2040641,,UNKNOWN,OTHER (EXPLAIN IN NARRATIVE),,,UNKNOWN,UNKNOWN/NA,UNKNOWN/NA,E,STRAIGHT AHEAD,,,1,,,,,,,,,,,,,,,,,Y,UNKNOWN,,,,,,,,,,,,,,,,,,,,,,,,,,,,,,,,,
2140677,b4eafb9187ce8c08ad43b6cdcb10cfbd9ae9e89974b8d699ed0981c6b41c918c28ea57e1cda5187d430f1eebb8e1ca4f746035f26b2bf3e80bc57bc3ab624339,08/31/2025 01:27:00 AM,2,DRIVER,,2040643,,CHEVROLET,MONTE CARLO,IL,2014,NONE,PASSENGER,PERSONAL,E,STRAIGHT AHEAD,,,1,,,,,,,,,,,,Y,Y,Y,,,,SIDE-LEFT,,,,,,,,,,,,,,,,,,,,,,,,,,,,,,,,,
2140735,1a470b8ff54d417a382e831ca358e05405227d9a861e4465b2a3ee55dab16ecd0748928d657bc0692d758f329e11bab914165fefa84c9e70e027534b8fbd71bf,08/31/2025 01:21:00 AM,1,DRIVER,1,2040695,,HONDA,CR-V,IL,2006,NONE,PASSENGER,PERSONAL,N,STRAIGHT AHEAD,N,,2,,,,,Y,Y,,,,,,,,Y,Y,Y,,FRONT-RIGHT-CORNER,,,,,,,,,,,,,,,,,,,,,,,,,,,,,,,,,
2140736,1a470b8ff54d417a382e831ca358e05405227d9a861e4465b2a3ee55dab16ecd0748928d657bc0692d758f329e11bab914165fefa84c9e70e027534b8fbd71bf,08/31/2025 01:21:00 AM,2,DRIVER,,2040700,,KTM,KTM,IL,2021,NONE,MOTORCYCLE (OVER 150CC),PERSONAL,W,STRAIGHT AHEAD,,,1,,,,,Y,Y,,,,,,,Y,Y,Y,Y,,FRONT-LEFT-CORNER,,,,,,,,,,,,,,,,,,,,,,,,,,,,,,,,,
2140673,e20be93535c652c52ac2fc601b50c64deefafd5d1dc29aa7274433333886671c3dd55016fa81202fe2b36b1b5bd815d25065a72254d8eef27f131ac46dcf93a9,08/31/2025 01:21:00 AM,2,DRIVER,1,2040633,,TOYOTA,COROLLA,IL,2007,UNKNOWN,PASSENGER,PERSONAL,E,AVOIDING VEHICLES/OBJECTS,Y,,2,,E&R TOWING,POUND 2,,Y,,,,,,,,,,Y,Y,,FRONT,,,,,,,,,,,,,,,,,,,,,,,,,,,,,,,,,
2140682,e20be93535c652c52ac2fc601b50c64deefafd5d1dc29aa7274433333886671c3dd55016fa81202fe2b36b1b5bd815d25065a72254d8eef27f131ac46dcf93a9,08/31/2025 01:21:00 AM,1,NON-CONTACT VEHICLE,,,,,,,,,,,,,,,,,,,,,,,,,,,,,,,,,,,,,,,,,,,,,,,,,,,,,,,,,,,,,,,,,,
2140747,4d3505695a19fca7816acd139a182b811d01ca21fd7801530068aba7c02790bb1d568ae8468dac34685bc30783b72a7c0b1aba943b53d22b13350ed845eb8d80,08/31/2025 01:20:00 AM,1,DRIVER,1,2040702,,UNKNOWN,MOTORIZED,IL,,UNKNOWN,UNKNOWN/NA,UNKNOWN/NA,UNKNOWN,UNKNOWN/NA,,,2,,,,,,,,,,,,,,,,,Y,UNKNOWN,,,,,,,,,,,,,,,,,,,,,,,,,,,,,,,,,
2140755,4d3505695a19fca7816acd139a182b811d01ca21fd7801530068aba7c02790bb1d568ae8468dac34685bc30783b72a7c0b1aba943b53d22b13350ed845eb8d80,08/31/2025 01:20:00 AM,2,PEDESTRIAN,,,,,,,,,,,,,,,,,,,,,,,,,,,,,,,,,,,,,,,,,,,,,,,,,,,,,,,,,,,,,,,,,,
2140640,8adba77e3c70760dffd803c93bcebc1442ed096900dc003b8dfb35b8c14b9e9bfb713e94deba1a6dee0b85b9cf489cd9019219e90697f1958a36db98fefe7bc9,08/31/2025 01:20:00 AM,1,DRIVER,,2040597,,FORD,FOCUS,IL,2001,UNKNOWN,PASSENGER,PERSONAL,S,TURNING LEFT,,,1,,,,,,,,,,,,,,,,,Y,FRONT-RIGHT-CORNER,,,,,,,,,,,,,,,,,,,,,,,,,,,,,,,,,
2140641,8adba77e3c70760dffd803c93bcebc1442ed096900dc003b8dfb35b8c14b9e9bfb713e94deba1a6dee0b85b9cf489cd9019219e90697f1958a36db98fefe7bc9,08/31/2025 01:20:00 AM,2,DRIVER,1,2040605,,FIAT,OTHER (EXPLAIN IN NARRATIVE),IL,2021,NONE,PASSENGER,PERSONAL,N,STRAIGHT AHEAD,,,2,,,,,Y,N,,,,,,,,,,,,FRONT-RIGHT-CORNER,,,,,,,,,,,,,,,,,,,,,,,,,,,,,,,,,
2140696,c60370049438ced39d0ca5a3110475f88351e9b175c9e64da560d9a829f97d6cde5a4dd090c56da58430394e7273e3d8cb514514a9f38aee9d0193961da21b1f,08/31/2025 01:20:00 AM,1,DRIVER,,2040662,,NISSAN,SENTRA,MN,2015,UNKNOWN,PASSENGER,PERSONAL,W,STRAIGHT AHEAD,,,1,,,,,,,,,,,,,,,Y,,,FRONT-LEFT-CORNER,,,,,,,,,,,,,,,,,,,,,,,,,,,,,,,,,
2140697,c60370049438ced39d0ca5a3110475f88351e9b175c9e64da560d9a829f97d6cde5a4dd090c56da58430394e7273e3d8cb514514a9f38aee9d0193961da21b1f,08/31/2025 01:20:00 AM,2,DRIVER,,2040669,,HYUNDAI,SANTA FE,IL,2023,UNKNOWN,PASSENGER,PERSONAL,W,STRAIGHT AHEAD,,,1,,,,,,Y,,,,,,,,,,,,FRONT-RIGHT-CORNER,,,,,,,,,,,,,,,,,,,,,,,,,,,,,,,,,
2140657,8a60c066c30e48b3cf8ee909ccb27271c97668baaacc17aff0f9865cac244ab62159e5d5785c1d0dc635c6ad8fe7e588780346fb7fe264876206b2c5b0f4dab3,08/31/2025 01:09:00 AM,1,DRIVER,,2040618,,NISSAN,OTHER (EXPLAIN IN NARRATIVE),,,UNKNOWN,PASSENGER,PERSONAL,W,STRAIGHT AHEAD,,,1,,,,,Y,,,,,,,,,Y,Y,Y,,FRONT,,,,,,,,,,,,,,,,,,,,,,,,,,,,,,,,,
2140658,8a60c066c30e48b3cf8ee909ccb27271c97668baaacc17aff0f9865cac244ab62159e5d5785c1d0dc635c6ad8fe7e588780346fb7fe264876206b2c5b0f4dab3,08/31/2025 01:09:00 AM,2,DRIVER,1,2040632,,FORD,F150,IL,2004,NONE,PICKUP,PERSONAL,N,STRAIGHT AHEAD,,,2,,,,,,,,Y,Y,,,,,,,,,REAR-RIGHT-CORNER,,,,,,,,,,,,,,,,,,,,,,,,,,,,,,,,,
2140860,bcb923909c5d37f30b8ad02575790d2e845272cea60e5ea7d190e71b096082405c39e6cc43aa8e04233f6de6831d7f4b110d9e83e614fcbb870b41eaf9848b70,08/31/2025 01:00:00 AM,1,DRIVER,,2040812,,UNKNOWN,OTHER (EXPLAIN IN NARRATIVE),,,UNKNOWN,UNKNOWN/NA,UNKNOWN/NA,E,UNKNOWN/NA,,,1,,,,,,,,,,,,,,,,,Y,UNKNOWN,,,,,,,,,,,,,,,,,,,,,,,,,,,,,,,,,
2140861,bcb923909c5d37f30b8ad02575790d2e845272cea60e5ea7d190e71b096082405c39e6cc43aa8e04233f6de6831d7f4b110d9e83e614fcbb870b41eaf9848b70,08/31/2025 01:00:00 AM,2,PARKED,,2040815,,MAZDA,626,IL,2009,NONE,PASSENGER,NOT IN USE,E,PARKED,,,0,,,,,,,,,,,Y,Y,Y,Y,Y,,,SIDE-LEFT,,,,,,,,,,,,,,,,,,,,,,,,,,,,,,,,,
2140642,5bd316c6048e80fe3f034c375488fde28c5c4914176fd270c11f83f761240cebaa04303ba857f932a3f6659e04d149e02e746a09466613ca9f109c9fbab501da,08/31/2025 12:56:00 AM,1,DRIVER,,2040602,,INFINITI,QX50,IL,2005,UNKNOWN,PASSENGER,UNKNOWN/NA,S,STRAIGHT AHEAD,Y,,1,,CITY OF CHICAGO,701 N SACRAMENTO AVE,,Y,,,,,,,,,Y,Y,Y,,FRONT-LEFT-CORNER,,,,,,,,,,,,,,,,,,,,,,,,,,,,,,,,,
2140643,5bd316c6048e80fe3f034c375488fde28c5c4914176fd270c11f83f761240cebaa04303ba857f932a3f6659e04d149e02e746a09466613ca9f109c9fbab501da,08/31/2025 12:56:00 AM,2,DRIVER,,2040614,,JEEP,COMPASS,IL,2011,UNKNOWN,PASSENGER,UNKNOWN/NA,N,TURNING LEFT,,,1,,,,,Y,Y,,,,,,,,,Y,Y,,FRONT-RIGHT-CORNER,,,,,,,,,,,,,,,,,,,,,,,,,,,,,,,,,
2140644,aa59918bfbb3e7b988bbe06c386e941fb94ba48ae90c1b076a658eea9646be9bfaaeea64bf4c065117c30e4bf52dd791401067610b35f5a23efa41b74f6baef9,08/31/2025 12:51:00 AM,1,DRIVER,,2040598,,INFINITI,OTHER (EXPLAIN IN NARRATIVE),IL,,UNKNOWN,PASSENGER,UNKNOWN/NA,W,STRAIGHT AHEAD,,,1,,,,,,,,,,,,,,,,,Y,UNKNOWN,,,,,,,,,,,,,,,,,,,,,,,,,,,,,,,,,
2140645,aa59918bfbb3e7b988bbe06c386e941fb94ba48ae90c1b076a658eea9646be9bfaaeea64bf4c065117c30e4bf52dd791401067610b35f5a23efa41b74f6baef9,08/31/2025 12:51:00 AM,2,PEDESTRIAN,,,,,,,,,,,,,,,,,,,,,,,,,,,,,,,,,,,,,,,,,,,,,,,,,,,,,,,,,,,,,,,,,,
2140720,77ddd503f8dd95d7972f408bab9b82ee5d9a25e7c19b8ac555e9c0f542da9fad9c7594714472df3b6a3776ac92c4ab9215600c2c057a65ecd232d78ff6ae0882,08/31/2025 12:40:00 AM,1,DRIVER,,2040681,,TOYOTA,COROLLA,IL,2021,UNKNOWN,PASSENGER,PERSONAL,W,TURNING LEFT,Y,,1,,LIMITLESS TOWING & RECOVERY,"1832 W WALNUT, CHICAGO, IL",,Y,,,,,,,,,,Y,Y,,FRONT,,,,,,,,,,,,,,,,,,,,,,,,,,,,,,,,,
2140721,77ddd503f8dd95d7972f408bab9b82ee5d9a25e7c19b8ac555e9c0f542da9fad9c7594714472df3b6a3776ac92c4ab9215600c2c057a65ecd232d78ff6ae0882,08/31/2025 12:40:00 AM,2,DRIVER,1,2040684,,HYUNDAI,SONATA,IL,2019,UNKNOWN,PASSENGER,RIDESHARE SERVICE,W,OTHER,,,2,,,,,,,,,,,Y,Y,Y,,,,,SIDE-LEFT-REAR,,,,,,,,,,,,,,,,,,,,,,,,,,,,,,,,,
2140661,aefd7306f30ca1a4b73410f7df42baea1c910738eb3409c8f52c72aca09e9761ffea09c86de672318c9725f0b7782a086d4f19e0d33e56d770b7dec4022fcfed,08/31/2025 12:40:00 AM,1,DRIVER,,2040625,,CHEVROLET,METRO,IL,1999,UNKNOWN,PASSENGER,UNKNOWN/NA,N,STRAIGHT AHEAD,Y,,1,,PRIVATE TOW,,,Y,,,,,,,,,,Y,Y,,FRONT,,,,,,,,,,,,,,,,,,,,,,,,,,,,,,,,,