CRASH_UNIT_ID,CRASH_RECORD_ID,CRASH_DATE,UNIT_NO,UNIT_TYPE,NUM_PASSENGERS,VEHICLE_ID,CMRC_VEH_I,MAKE,MODEL,LIC_PLATE_STATE,VEHICLE_YEAR,VEHICLE_DEFECT,VEHICLE_TYPE,VEHICLE_USE,TRAVEL_DIRECTION,MANEUVER,TOWED_I,FIRE_I,OCCUPANT_CNT,EXCEED_SPEED_LIMIT_I,TOWED_BY,TOWED_TO,AREA_00_I,AREA_01_I,AREA_02_I,AREA_03_I,AREA_04_I,AREA_05_I,AREA_06_I,AREA_07_I,AREA_08_I,AREA_09_I,AREA_10_I,AREA_11_I,AREA_12_I,AREA_99_I,FIRST_CONTACT_POINT,CMV_ID,USDOT_NO,CCMC_NO,ILCC_NO,COMMERCIAL_SRC,GVWR,CARRIER_NAME,CARRIER_STATE,CARRIER_CITY,HAZMAT_PLACARDS_I,HAZMAT_NAME,UN_NO,HAZMAT_PRESENT_I,HAZMAT_REPORT_I,HAZMAT_REPORT_NO,MCS_REPORT_I,MCS_REPORT_NO,HAZMAT_VIO_CAUSE_CRASH_I,MCS_VIO_CAUSE_CRASH_I,IDOT_PERMIT_NO,WIDE_LOAD_I,TRAILER1_WIDTH,TRAILER2_WIDTH,TRAILER1_LENGTH,TRAILER2_LENGTH,TOTAL_VEHICLE_LENGTH,AXLE_CNT,VEHICLE_CONFIG,CARGO_BODY_TYPE,LOAD_TYPE,HAZMAT_OUT_OF_SERVICE_I,MCS_OUT_OF_SERVICE_I,HAZMAT_CLASS
2140662,aefd7306f30ca1a4b73410f7df42baea1c910738eb3409c8f52c72aca09e9761ffea09c86de672318c9725f0b7782a086d4f19e0d33e56d770b7dec4022fcfed,08/31/2025 12:40:00 AM,2,DRIVER,2,2040631,,MERCEDES-BENZ,E300,IL,2006,UNKNOWN,PASSENGER,PERSONAL,N,SLOW/STOP IN TRAFFIC,,,3,,,,,,,,,Y,Y,Y,,,,,,,REAR,,,,,,,,,,,,,,,,,,,,,,,,,,,,,,,,,
2140655,636b57c90666dfdb0a5a9d1909914847d186a3dd163c43cc7e4685ac7c5d06bd86b11eeb83dd4bbe6a6056edef1a4f235f0a77c0dc5ccd7e30967ad56b128f6b,08/31/2025 12:32:00 AM,1,DRIVER,,2040624,,HONDA,CR-Z,IL,2011,NONE,PASSENGER,PERSONAL,W,CHANGING LANES,Y,,1,,private,,,,,,,,,,,,Y,Y,,,FRONT-LEFT-CORNER,,,,,,,,,,,,,,,,,,,,,,,,,,,,,,,,,
2140656,636b57c90666dfdb0a5a9d1909914847d186a3dd163c43cc7e4685ac7c5d06bd86b11eeb83dd4bbe6a6056edef1a4f235f0a77c0dc5ccd7e30967ad56b128f6b,08/31/2025 12:32:00 AM,2,DRIVER,,2040635,,JEEP,CHEROKEE,IN,2017,NONE,PASSENGER,PERSONAL,W,CHANGING LANES,,,1,,,,N,Y,Y,Y,Y,,,,,,,,,,FRONT-RIGHT-CORNER,,,,,,,,,,,,,,,,,,,,,,,,,,,,,,,,,
2141139,483f0a72a4ecf2c07e14c071c4eaa7c092bba38a1e3c2b5a3be79b7cc63648927de92847303352aebf72defb9e416ef86c0d2cdd3f3c01e6a1cc08606c5c35f0,08/31/2025 12:30:00 AM,1,DRIVER,,2041080,,CHEVROLET,CORVETTE,IL,2007,UNKNOWN,PASSENGER,UNKNOWN/NA,S,UNKNOWN/NA,Y,,1,,CPD,,,Y,Y,,,,,,,,,Y,Y,,FRONT,,,,,,,,,,,,,,,,,,,,,,,,,,,,,,,,,
2141140,483f0a72a4ecf2c07e14c071c4eaa7c092bba38a1e3c2b5a3be79b7cc63648927de92847303352aebf72defb9e416ef86c0d2cdd3f3c01e6a1cc08606c5c35f0,08/31/2025 12:30:00 AM,2,PEDESTRIAN,,,,,,,,,,,,,,,,,,,,,,,,,,,,,,,,,,,,,,,,,,,,,,,,,,,,,,,,,,,,,,,,,,
2141141,483f0a72a4ecf2c07e14c071c4eaa7c092bba38a1e3c2b5a3be79b7cc63648927de92847303352aebf72defb9e416ef86c0d2cdd3f3c01e6a1cc08606c5c35f0,08/31/2025 12:30:00 AM,3,PARKED,,2041081,,CHEVROLET,CRUZE,IL,2014,UNKNOWN,PASSENGER,NOT IN USE,S,PARKED,Y,,0,,CPD,,,,,,,,Y,Y,Y,,,,,,REAR,,,,,,,,,,,,,,,,,,,,,,,,,,,,,,,,,
2141142,483f0a72a4ecf2c07e14c071c4eaa7c092bba38a1e3c2b5a3be79b7cc63648927de92847303352aebf72defb9e416ef86c0d2cdd3f3c01e6a1cc08606c5c35f0,08/31/2025 12:30:00 AM,4,PEDESTRIAN,,,,,,,,,,,,,,,,,,,,,,,,,,,,,,,,,,,,,,,,,,,,,,,,,,,,,,,,,,,,,,,,,,
2141143,483f0a72a4ecf2c07e14c071c4eaa7c092bba38a1e3c2b5a3be79b7cc63648927de92847303352aebf72defb9e416ef86c0d2cdd3f3c01e6a1cc08606c5c35f0,08/31/2025 12:30:00 AM,5,PARKED,,2041086,,VOLKSWAGEN,JETTA,IL,2018,NONE,PASSENGER,NOT IN USE,N,PARKED,,,0,,,,,,,,,Y,Y,Y,,,,,,,REAR,,,,,,,,,,,,,,,,,,,,,,,,,,,,,,,,,
2140623,42189a2710730008a4394f2710d2ba2782bb587e3d4b1928f1c8f0aaf266934ef1484fbabba5514cb06148ea65355ec5299dfdd186234724b0e24876c77f4c5f,08/31/2025 12:22:00 AM,1,DRIVER,1,2040588,,VOLKSWAGEN,JETTA,WI,2007,NONE,PASSENGER,PERSONAL,UNKNOWN,UNKNOWN/NA,Y,,2,,e and r,,,Y,Y,,,,,,,,Y,Y,Y,,FRONT,,,,,,,,,,,,,,,,,,,,,,,,,,,,,,,,,
2140648,f23b2f38d0ef0938a86576c8a14f9c5c31358f72509b41473815f94f3a0606667feef972c57b924a72b3f8e86d724678378af9023d2172578c2196816241c1c9,08/31/2025 12:22:00 AM,1,DRIVER,,2040608,,CHEVROLET,MALIBU,IL,2017,NONE,PASSENGER,PERSONAL,N,STRAIGHT AHEAD,Y,,1,,A & E TOWING,A & E TOWING,,Y,,,,,,Y,Y,Y,Y,Y,Y,,FRONT-RIGHT-CORNER,,,,,,,,,,,,,,,,,,,,,,,,,,,,,,,,,
2140649,f23b2f38d0ef0938a86576c8a14f9c5c31358f72509b41473815f94f3a0606667feef972c57b924a72b3f8e86d724678378af9023d2172578c2196816241c1c9,08/31/2025 12:22:00 AM,2,PARKED,1,2040613,,DODGE,AVENGER,IL,2014,NONE,PASSENGER,PERSONAL,N,PARKED,,,1,,,,,,,,,,,Y,,,,,,,REAR-LEFT-CORNER,,,,,,,,,,,,,,,,,,,,,,,,,,,,,,,,,
2140650,f23b2f38d0ef0938a86576c8a14f9c5c31358f72509b41473815f94f3a0606667feef972c57b924a72b3f8e86d724678378af9023d2172578c2196816241c1c9,08/31/2025 12:22:00 AM,3,PARKED,,2040615,,VOLVO,S80,IL,2022,NONE,PASSENGER,NOT IN USE,N,PARKED,,,0,,,,,,,,,,Y,,,,,,,,REAR,,,,,,,,,,,,,,,,,,,,,,,,,,,,,,,,,
2140653,424cc1b2ddbf0b1e03c6390f061b02fb0f3678e1cbdbed0584c4f195282ff409c39ed39c64bdd44fda4a3b5618c8a6b8132b31b1882a47dd835cf3355b777741,08/31/2025 12:21:00 AM,1,DRIVER,,2040619,,JEEP,GRAND CHEROKEE,IL,2014,UNKNOWN,SPORT UTILITY VEHICLE (SUV),PERSONAL,N,STRAIGHT AHEAD,,,1,,,,,Y,,,,,,,,,,Y,Y,,FRONT,,,,,,,,,,,,,,,,,,,,,,,,,,,,,,,,,
2140654,424cc1b2ddbf0b1e03c6390f061b02fb0f3678e1cbdbed0584c4f195282ff409c39ed39c64bdd44fda4a3b5618c8a6b8132b31b1882a47dd835cf3355b777741,08/31/2025 12:21:00 AM,2,DRIVER,4,2040627,,CHRYSLER,300,IL,2007,UNKNOWN,UNKNOWN/NA,PERSONAL,N,STRAIGHT AHEAD,,,5,,,,,,,,,,Y,,,,,,,,REAR,,,,,,,,,,,,,,,,,,,,,,,,,,,,,,,,,
2140619,04573a8f2e1bec029739e67b994175e321c1d7ef53a75a23b7c97ace28b15c98484ed40dba3b1e9edb5c7232360bc32379bcd43d7562969eaecce4806bfbfbe5,08/31/2025 12:20:00 AM,1,DRIVER,,2040585,,MERCURY,GRAND MARQUIS,IL,2003,UNKNOWN,PASSENGER,UNKNOWN/NA,UNKNOWN,UNKNOWN/NA,,,1,,,,,Y,,,,,Y,Y,,,,Y,Y,,UNKNOWN,,,,,,,,,,,,,,,,,,,,,,,,,,,,,,,,,
2140620,04573a8f2e1bec029739e67b994175e321c1d7ef53a75a23b7c97ace28b15c98484ed40dba3b1e9edb5c7232360bc32379bcd43d7562969eaecce4806bfbfbe5,08/31/2025 12:20:00 AM,2,PARKED,,2040587,,MAZDA,CX-7,IL,2008,UNKNOWN,PASSENGER,PERSONAL,N,PARKED,,,0,,,,,,,,Y,Y,Y,Y,,,,N,,,UNKNOWN,,,,,,,,,,,,,,,,,,,,,,,,,,,,,,,,,
2140638,115ae0a35f275195f8109127ccb5799b1baf29d0f93edac8ced6507567eb1d13823010458d63da42f79eb009b32b490d843c3e5e7ddc0939a29a1dbdb2f67cd3,08/31/2025 12:15:00 AM,1,DRIVER,,2040601,,INFINITI,M35,IL,2007,UNKNOWN,PASSENGER,PERSONAL,N,TURNING RIGHT,Y,,1,,PRIVATE TOW,,,Y,,,,,,,,,Y,Y,Y,,FRONT-LEFT-CORNER,,,,,,,,,,,,,,,,,,,,,,,,,,,,,,,,,
2140639,115ae0a35f275195f8109127ccb5799b1baf29d0f93edac8ced6507567eb1d13823010458d63da42f79eb009b32b490d843c3e5e7ddc0939a29a1dbdb2f67cd3,08/31/2025 12:15:00 AM,2,DRIVER,1,2040611,,TOYOTA,PRIUS,IL,2015,NONE,PASSENGER,RIDESHARE SERVICE,S,SLOW/STOP IN TRAFFIC,Y,,2,,PRIVATE TOW,,,,,,,,,,,Y,Y,Y,,,SIDE-LEFT-FRONT,,,,,,,,,,,,,,,,,,,,,,,,,,,,,,,,,
2140714,6599a521591940421f2fb82468b172dbe32a5453b7f5e1254c9f16a57526bd0ef589d03b63eefa24dc834c5a15b50ba83a98fa9b7fc5db00e8e23d5abee1ecb6,08/31/2025 12:09:00 AM,1,DRIVER,,2040685,,CHEVROLET,IMPALA,IL,2007,NONE,PASSENGER,PERSONAL,N,STRAIGHT AHEAD,Y,,1,,,,,Y,Y,Y,,,,,,Y,Y,Y,Y,,UNKNOWN,,,,,,,,,,,,,,,,,,,,,,,,,,,,,,,,,
2140715,6599a521591940421f2fb82468b172dbe32a5453b7f5e1254c9f16a57526bd0ef589d03b63eefa24dc834c5a15b50ba83a98fa9b7fc5db00e8e23d5abee1ecb6,08/31/2025 12:09:00 AM,2,DRIVER,,2040683,,CHEVROLET,TAHOE,IL,2005,NONE,PASSENGER,NOT IN USE,E,STRAIGHT AHEAD,,,1,,,,,Y,Y,Y,,,,,,,,,,,SIDE-RIGHT,,,,,,,,,,,,,,,,,,,,,,,,,,,,,,,,,
2140716,6599a521591940421f2fb82468b172dbe32a5453b7f5e1254c9f16a57526bd0ef589d03b63eefa24dc834c5a15b50ba83a98fa9b7fc5db00e8e23d5abee1ecb6,08/31/2025 12:09:00 AM,3,DRIVER,,2040690,,CHEVROLET,EQUINOX,,,NONE,PASSENGER,PERSONAL,W,STRAIGHT AHEAD,,,1,,,,,,Y,Y,Y,,,,Y,Y,Y,,,,SIDE-RIGHT,,,,,,,,,,,,,,,,,,,,,,,,,,,,,,,,,
2140626,61b15a28425bfe9887fd67669601e8f555703bd6eddf927b4e06d849cc29c4fc94c31e74fa4e257dd98be9f1dc5928d47c17e39ed040e66a38d0cfe494ef9aef,08/31/2025 12:03:00 AM,1,DRIVER,,2040616,,JEEP,CHEROKEE,IL,2016,UNKNOWN,PASSENGER,PERSONAL,N,TURNING LEFT,Y,,1,,E&R TOWING,POUND 2,,Y,,,,,,,,,,Y,Y,,FRONT,,,,,,,,,,,,,,,,,,,,,,,,,,,,,,,,,
2140627,61b15a28425bfe9887fd67669601e8f555703bd6eddf927b4e06d849cc29c4fc94c31e74fa4e257dd98be9f1dc5928d47c17e39ed040e66a38d0cfe494ef9aef,08/31/2025 12:03:00 AM,2,DRIVER,,2040622,,"(HOMEMADE MOTORCYCLE, MOPED.ETC.)","(HOMEMADE MOTORCYCLE, MOPED.ETC.)",IL,,UNKNOWN,OTHER,PERSONAL,S,STRAIGHT AHEAD,,,1,,,,,,,,,,,,,,,,,,FRONT,,,,,,,,,,,,,,,,,,,,,,,,,,,,,,,,,
2140606,2cbbafb487d55ad41506abc37e66cb48d0110c5619c7ec6fbac62fdf093bdff9cb0c18aaf1fa923ecb5b8061974104d3a80fa3df96848b40299934d73d2d63b5,08/30/2025 11:45:00 PM,1,DRIVER,,2040571,,FORD,ECONOLINE E350,AZ,2016,UNKNOWN,SINGLE UNIT TRUCK WITH TRAILER,PERSONAL,S,BACKING,,,1,,,,,,,,,,,,,,,,,,REAR,,,,,,,,,,,,,,,,,,,,,,,,,,,,,,,,,
2140632,550a252decfae8b331f59dcb46d2a32ba008a3110d471c5a2d1768d0a8eaacf2efa356513270b5786d76b3757774f12288935133d983c5c01fdcf08a78bef9e5,08/30/2025 11:45:00 PM,1,DRIVER,,2040593,,UNKNOWN,OTHER (EXPLAIN IN NARRATIVE),IL,,UNKNOWN,PASSENGER,UNKNOWN/NA,UNKNOWN,UNKNOWN/NA,,,1,,,,,,,,,,,,,,,,,,UNKNOWN,,,,,,,,,,,,,,,,,,,,,,,,,,,,,,,,,
2140633,550a252decfae8b331f59dcb46d2a32ba008a3110d471c5a2d1768d0a8eaacf2efa356513270b5786d76b3757774f12288935133d983c5c01fdcf08a78bef9e5,08/30/2025 11:45:00 PM,2,DRIVER,,2040594,,MERCEDES-BENZ,S-CLASS,IL,2015,NONE,PASSENGER,UNKNOWN/NA,S,STRAIGHT AHEAD,,,1,,,,,,,,,,,,,,Y,Y,Y,,FRONT,,,,,,,,,,,,,,,,,,,,,,,,,,,,,,,,,
2140621,0f4d2b06717c952a32915d6da927f54af13bdcf77552e9afdaf7793acbc2fc41a8c7b10d2a1ccce3e3279e66790c670c2ef8673881809a5b7fcc92d5685961c0,08/30/2025 11:40:00 PM,1,DRIVER,3,2040586,,HYUNDAI,SONATA,IL,2019,UNKNOWN,PASSENGER,PERSONAL,W,TURNING LEFT,,,4,,,,,,,Y,Y,Y,,,,,,,,,SIDE-RIGHT,,,,,,,,,,,,,,,,,,,,,,,,,,,,,,,,,
2140622,0f4d2b06717c952a32915d6da927f54af13bdcf77552e9afdaf7793acbc2fc41a8c7b10d2a1ccce3e3279e66790c670c2ef8673881809a5b7fcc92d5685961c0,08/30/2025 11:40:00 PM,2,DRIVER,1,2040590,,FORD,EXPLORER,IL,2024,UNKNOWN,SPORT UTILITY VEHICLE (SUV),POLICE,E,STRAIGHT AHEAD,,,2,,,,,,,,,,,,,,,,Y,,FRONT,,,,,,,,,,,,,,,,,,,,,,,,,,,,,,,,,
2140646,9dca4eb8d5d76089440ee5adaa5f86cbf8687f792e13280e03e940d0e01153c5daed0b193506b3b1f2e5f98cacf60287642095ed7a440be8f85d8dd733366fb4,08/30/2025 11:40:00 PM,1,DRIVER,1,2040600,,NISSAN,VERSA,IL,2021,UNKNOWN,PASSENGER,UNKNOWN/NA,W,STRAIGHT AHEAD,,,2,,,,,Y,,,,,,,,,,Y,Y,,FRONT,,,,,,,,,,,,,,,,,,,,,,,,,,,,,,,,,
2140647,9dca4eb8d5d76089440ee5adaa5f86cbf8687f792e13280e03e940d0e01153c5daed0b193506b3b1f2e5f98cacf60287642095ed7a440be8f85d8dd733366fb4,08/30/2025 11:40:00 PM,2,DRIVER,1,2040606,,TOYOTA,CAMRY,IL,2017,NONE,PASSENGER,PERSONAL,S,SLOW/STOP IN TRAFFIC,,,2,,,,,,,,,,,Y,Y,Y,Y,Y,,,SIDE-LEFT,,,,,,,,,,,,,,,,,,,,,,,,,,,,,,,,,
2140689,64446b9b71a1abf30ecce6cfa0e3eb2bc5530fd02bc893ae1b25bc978861b488101f928584fe44e56837bdeeb1d730943ccf15ead0dbf3d6d41fbfaaace880ca,08/30/2025 11:31:00 PM,1,DRIVER,,2040656,,FORD,ESCAPE,MI,,UNKNOWN,PASSENGER,UNKNOWN/NA,N,STRAIGHT AHEAD,,,1,,,,,Y,,,,,,,,,,,,,FRONT,,,,,,,,,,,,,,,,,,,,,,,,,,,,,,,,,
2140690,64446b9b71a1abf30ecce6cfa0e3eb2bc5530fd02bc893ae1b25bc978861b488101f928584fe44e56837bdeeb1d730943ccf15ead0dbf3d6d41fbfaaace880ca,08/30/2025 11:31:00 PM,2,DRIVER,,2040660,,FORD,ESCAPE,IN,2025,NONE,PASSENGER,PERSONAL,N,STRAIGHT AHEAD,,,1,,,,,,,,,,Y,Y,,,,,,,REAR-LEFT-CORNER,,,,,,,,,,,,,,,,,,,,,,,,,,,,,,,,,
2140630,0436ee7877c1def9ec205a09896292f2e5802768baaac001b2636fe17b4d89b9a781c2b06f09506ea36685a45ad1ed7474a34231e8d5413687cf09bfd43d5bf8,08/30/2025 11:30:00 PM,1,DRIVER,,2040609,,CHRYSLER,TOWN & COUNTRY,IL,2014,UNKNOWN,PASSENGER,UNKNOWN/NA,W,STRAIGHT AHEAD,,,1,,,,,,,,,,,,,,,,Y,,TOTAL (ALL AREAS),,,,,,,,,,,,,,,,,,,,,,,,,,,,,,,,,
2140631,0436ee7877c1def9ec205a09896292f2e5802768baaac001b2636fe17b4d89b9a781c2b06f09506ea36685a45ad1ed7474a34231e8d5413687cf09bfd43d5bf8,08/30/2025 11:30:00 PM,2,DRIVER,,2040617,,KIA,NIRO,IL,2019,OTHER,PASSENGER,PERSONAL,W,STRAIGHT AHEAD,,,1,,,,,,,,,,,,,Y,Y,Y,,,TOTAL (ALL AREAS),,,,,,,,,,,,,,,,,,,,,,,,,,,,,,,,,
2140850,3750ab5ae07784cf26dc5e76efcbbdd7e8cee0a974f9c9c4680650a7722b0779649fd557c6770d1766eaca6f57be78418d35e3aeab130b6f044d0c54cb6a95f9,08/30/2025 11:30:00 PM,1,DRIVER,,2040807,,UNKNOWN,OTHER (EXPLAIN IN NARRATIVE),,,UNKNOWN,UNKNOWN/NA,UNKNOWN/NA,UNKNOWN,UNKNOWN/NA,,,1,,,,,,,,,,,,,,,,,Y,UNKNOWN,,,,,,,,,,,,,,,,,,,,,,,,,,,,,,,,,
2140851,3750ab5ae07784cf26dc5e76efcbbdd7e8cee0a974f9c9c4680650a7722b0779649fd557c6770d1766eaca6f57be78418d35e3aeab130b6f044d0c54cb6a95f9,08/30/2025 11:30:00 PM,2,PARKED,,2040808,,CHEVROLET,SILVERADO,IN,2021,NONE,PICKUP,PERSONAL,W,PARKED,,,0,,,,,,,,,,,Y,,,,,,,REAR-LEFT-CORNER,,,,,,,,,,,,,,,,,,,,,,,,,,,,,,,,,
2140613,3a81c66c334740052746f0164faea657b2d5fec086dee21f178517c7c361778e31d61cd96e8d398301afa32f6b16521fac8352bd1502b3e41b934e2fb94065d0,08/30/2025 11:30:00 PM,1,DRIVER,,2040579,,UNKNOWN,MOTORIZED,XX,,UNKNOWN,PASSENGER,PERSONAL,N,STRAIGHT AHEAD,,,1,,,,,Y,,,,,,,,,,Y,Y,,FRONT,,,,,,,,,,,,,,,,,,,,,,,,,,,,,,,,,
2140614,3a81c66c334740052746f0164faea657b2d5fec086dee21f178517c7c361778e31d61cd96e8d398301afa32f6b16521fac8352bd1502b3e41b934e2fb94065d0,08/30/2025 11:30:00 PM,2,PARKED,,2040581,,CHEVROLET,EQUINOX,IL,2013,NONE,PASSENGER,PERSONAL,S,PARKED,,,0,,,,,,,,,Y,Y,Y,,,,,,,REAR,,,,,,,,,,,,,,,,,,,,,,,,,,,,,,,,,
2140839,7d1fabfececfb995e8a2b54c2c46b738269bdea0bc2e8c1212c05f6adf38969434f722c6533ba40d63f96e7be658e6a4e3d95ce90f4e3f8250b7a1a814cc11b1,08/30/2025 11:30:00 PM,1,DRIVER,,2040797,,HONDA,ACCORD,IL,2009,UNKNOWN,PASSENGER,PERSONAL,N,ENTERING TRAFFIC LANE FROM PARKING,,,1,,,,,,,,,,,,,,Y,Y,Y,,FRONT-LEFT-CORNER,,,,,,,,,,,,,,,,,,,,,,,,,,,,,,,,,
2140840,7d1fabfececfb995e8a2b54c2c46b738269bdea0bc2e8c1212c05f6adf38969434f722c6533ba40d63f96e7be658e6a4e3d95ce90f4e3f8250b7a1a814cc11b1,08/30/2025 11:30:00 PM,2,DRIVER,2,2040803,,JEEP,GRAND CHEROKEE,IL,2019,UNKNOWN,SPORT UTILITY VEHICLE (SUV),PERSONAL,E,STRAIGHT AHEAD,,,3,,,,,Y,Y,,,,,,,,,,,,FRONT-RIGHT-CORNER,,,,,,,,,,,,,,,,,,,,,,,,,,,,,,,,,
2140611,dfecbb0f459e8aa0fa9859eabc83002fe6e1e57e25b4508e4b189fb949748bcfb700658a44126a816554c64935f9d6cf9e98088c7776b5de6f32b8ca80f7bc75,08/30/2025 11:30:00 PM,1,DRIVER,,2040578,,KIA,NIRO,IL,2019,UNKNOWN,SPORT UTILITY VEHICLE (SUV),UNKNOWN/NA,W,STRAIGHT AHEAD,,,1,,,,,,,,,,,,Y,Y,,,,,SIDE-LEFT,,,,,,,,,,,,,,,,,,,,,,,,,,,,,,,,,
2140612,dfecbb0f459e8aa0fa9859eabc83002fe6e1e57e25b4508e4b189fb949748bcfb700658a44126a816554c64935f9d6cf9e98088c7776b5de6f32b8ca80f7bc75,08/30/2025 11:30:00 PM,2,DRIVER,,2040583,,CHRYSLER,TOWN & COUNTRY,IL,2026,UNKNOWN,VAN/MINI-VAN,UNKNOWN/NA,N,STRAIGHT AHEAD,,,1,,,,,Y,,,,,,,,,,Y,Y,,FRONT,,,,,,,,,,,,,,,,,,,,,,,,,,,,,,,,,
2140607,4f37a093e79e6cd0efb845515da44953a4d80ac63c131747b365cb8a3a094e5dab840eca94eaa21e57c3b1bbf9f93cb86fb37eec08c0a8c1916fd307563d1c3b,08/30/2025 11:28:00 PM,1,DRIVER,,2040572,,NISSAN,ARMADA,IL,2005,NONE,SPORT UTILITY VEHICLE (SUV),PERSONAL,N,CHANGING LANES,,,1,,,,,,,,,,,,,,,Y,,,FRONT-LEFT-CORNER,,,,,,,,,,,,,,,,,,,,,,,,,,,,,,,,,
2140608,4f37a093e79e6cd0efb845515da44953a4d80ac63c131747b365cb8a3a094e5dab840eca94eaa21e57c3b1bbf9f93cb86fb37eec08c0a8c1916fd307563d1c3b,08/30/2025 11:28:00 PM,2,DRIVER,,2040573,,JEEP,GRAND CHEROKEE,IL,2015,NONE,SPORT UTILITY VEHICLE (SUV),PERSONAL,N,STRAIGHT AHEAD,,,1,,,,,Y,Y,Y,Y,Y,,,,,,,,,SIDE-RIGHT,,,,,,,,,,,,,,,,,,,,,,,,,,,,,,,,,
2140624,a9a75a28a2ad05385e5f35da2e806660d162281520077e7543ecd93353ef1ecf8d489e0ab4be44157d85c10972f5411b992e8494c2f48fccdd7113bbf556b00f,08/30/2025 11:27:00 PM,1,DRIVER,,2040589,,NISSAN,SENTRA,IL,2019,UNKNOWN,PASSENGER,UNKNOWN/NA,S,STRAIGHT AHEAD,,,1,,,,,Y,,,,,,,,,,,Y,,FRONT-RIGHT-CORNER,,,,,,,,,,,,,,,,,,,,,,,,,,,,,,,,,
2140625,a9a75a28a2ad05385e5f35da2e806660d162281520077e7543ecd93353ef1ecf8d489e0ab4be44157d85c10972f5411b992e8494c2f48fccdd7113bbf556b00f,08/30/2025 11:27:00 PM,2,PARKED,,2040591,,CADILLAC,ESCALADE,IN,2012,UNKNOWN,PASSENGER,NOT IN USE,S,PARKED,,,0,,,,,,,,,,,Y,Y,Y,Y,,,,REAR-LEFT-CORNER,,,,,,,,,,,,,,,,,,,,,,,,,,,,,,,,,
2140687,28008b8d9d745c33d8047c2486afb877893546ddec5f8a2b6ff87618cd19d84c7d1a91da2a48d7ac51667990359bce6b6e92a0f8205cd5962bde1007ee7efa27,08/30/2025 11:01:00 PM,1,DRIVER,1,2040650,,FORD,EXPEDITION,IL,1998,OTHER,PASSENGER,PERSONAL,SE,TURNING LEFT,,,2,,,,,Y,Y,Y,Y,Y,Y,Y,,Y,,Y,Y,,SIDE-RIGHT,,,,,,,,,,,,,,,,,,,,,,,,,,,,,,,,,
2140688,28008b8d9d745c33d8047c2486afb877893546ddec5f8a2b6ff87618cd19d84c7d1a91da2a48d7ac51667990359bce6b6e92a0f8205cd5962bde1007ee7efa27,08/30/2025 11:01:00 PM,2,DRIVER,2,2040654,,TOYOTA,CAMRY,IL,2015,UNKNOWN,PASSENGER,TAXI/FOR HIRE,N,STRAIGHT AHEAD,Y,,3,,PERSONAL TOW,UNK,,Y,Y,Y,Y,Y,Y,,Y,Y,Y,Y,Y,,FRONT,,,,,,,,,,,,,,,,,,,,,,,,,,,,,,,,,
2140774,7a653fab173469bcde67b22de61dfac21bd8aa1443010e373825b6286bc329d5cf2c9e136a67f03b2167a7e7a47b58ed935e1d75bb20a803b14123f1795cacce,08/30/2025 10:56:00 PM,1,DRIVER,,2040733,,CHEVROLET,SILVERADO,IL,1998,UNKNOWN,PICKUP,UNKNOWN/NA,N,STRAIGHT AHEAD,,,1,,,,,Y,,,,,,,,,,Y,Y,,FRONT,,,,,,,,,,,,,,,,,,,,,,,,,,,,,,,,,
2140775,7a653fab173469bcde67b22de61dfac21bd8aa1443010e373825b6286bc329d5cf2c9e136a67f03b2167a7e7a47b58ed935e1d75bb20a803b14123f1795cacce,08/30/2025 10:56:00 PM,2,DRIVER,,2040735,,PONTIAC,G6,IL,2008,UNKNOWN,PASSENGER,PERSONAL,N,TURNING RIGHT,,,1,,,,,,,,,,,,,Y,Y,,,,SIDE-LEFT,,,,,,,,,,,,,,,,,,,,,,,,,,,,,,,,,
2140601,8d5cc6517f5d5de3b238682e2d4cd47aa81a3c8bb6c2f8a07ff7cd01806c076d2e1032974da94444a7af211855d3595fdce84b42bab3819a0c52865c1e72ad16,08/30/2025 10:54:00 PM,1,DRIVER,,2040564,,CHEVROLET,SILVERADO,CA,,UNKNOWN,UNKNOWN/NA,UNKNOWN/NA,NW,CHANGING LANES,,,1,,,,,,,,,,,,,,,,,Y,UNKNOWN,,,,,,,,,,,,,,,,,,,,,,,,,,,,,,,,,
2140602,8d5cc6517f5d5de3b238682e2d4cd47aa81a3c8bb6c2f8a07ff7cd01806c076d2e1032974da94444a7af211855d3595fdce84b42bab3819a0c52865c1e72ad16,08/30/2025 10:54:00 PM,2,DRIVER,,2040565,,CHEVROLET,TRAIL BLAZER,IL,,UNKNOWN,SPORT UTILITY VEHICLE (SUV),PERSONAL,N,SLOW/STOP IN TRAFFIC,,,1,,,,,Y,,,,,,,,,,,,,FRONT-RIGHT-CORNER,,,,,,,,,,,,,,,,,,,,,,,,,,,,,,,,,
2141011,9c884d73c2aaa8ee6f2319ec7b1ca574514e35a79fa7f86874cc35bfde7dfeca9122cae70aabe3ee9a0e11e557f7ebd2abbd42a1f0072466ac4d7cf34c4a1e3e,08/30/2025 10:45:00 PM,1,DRIVER,,2040968,,UNKNOWN,MOTORIZED,,,UNKNOWN,UNKNOWN/NA,UNKNOWN/NA,N,UNKNOWN/NA,,,1,,,,,,,,,,,,,,,,,,UNKNOWN,,,,,,,,,,,,,,,,,,,,,,,,,,,,,,,,,
2141012,9c884d73c2aaa8ee6f2319ec7b1ca574514e35a79fa7f86874cc35bfde7dfeca9122cae70aabe3ee9a0e11e557f7ebd2abbd42a1f0072466ac4d7cf34c4a1e3e,08/30/2025 10:45:00 PM,2,PARKED,,2040965,,KIA,SORENTO,IL,2019,UNKNOWN,SPORT UTILITY VEHICLE (SUV),NOT IN USE,N,PARKED,,,0,,,,,,,,,,,,,,Y,Y,N,,FRONT-LEFT-CORNER,,,,,,,,,,,,,,,,,,,,,,,,,,,,,,,,,