CRASH_UNIT_ID,CRASH_RECORD_ID,CRASH_DATE,UNIT_NO,UNIT_TYPE,NUM_PASSENGERS,VEHICLE_ID,CMRC_VEH_I,MAKE,MODEL,LIC_PLATE_STATE,VEHICLE_YEAR,VEHICLE_DEFECT,VEHICLE_TYPE,VEHICLE_USE,TRAVEL_DIRECTION,MANEUVER,TOWED_I,FIRE_I,OCCUPANT_CNT,EXCEED_SPEED_LIMIT_I,TOWED_BY,TOWED_TO,AREA_00_I,AREA_01_I,AREA_02_I,AREA_03_I,AREA_04_I,AREA_05_I,AREA_06_I,AREA_07_I,AREA_08_I,AREA_09_I,AREA_10_I,AREA_11_I,AREA_12_I,AREA_99_I,FIRST_CONTACT_POINT,CMV_ID,USDOT_NO,CCMC_NO,ILCC_NO,COMMERCIAL_SRC,GVWR,CARRIER_NAME,CARRIER_STATE,CARRIER_CITY,HAZMAT_PLACARDS_I,HAZMAT_NAME,UN_NO,HAZMAT_PRESENT_I,HAZMAT_REPORT_I,HAZMAT_REPORT_NO,MCS_REPORT_I,MCS_REPORT_NO,HAZMAT_VIO_CAUSE_CRASH_I,MCS_VIO_CAUSE_CRASH_I,IDOT_PERMIT_NO,WIDE_LOAD_I,TRAILER1_WIDTH,TRAILER2_WIDTH,TRAILER1_LENGTH,TRAILER2_LENGTH,TOTAL_VEHICLE_LENGTH,AXLE_CNT,VEHICLE_CONFIG,CARGO_BODY_TYPE,LOAD_TYPE,HAZMAT_OUT_OF_SERVICE_I,MCS_OUT_OF_SERVICE_I,HAZMAT_CLASS
2140634,8c67eb0f595ffd501909938f48dc326242dedf24f572a2702875d19da9a87b2b869c25e2ff3c74460a20ec3b34ea70db2e90fa78306be10e90c46c04faf0d137,08/30/2025 10:30:00 PM,1,DRIVER,,2040596,,LEXUS,OTHER (EXPLAIN IN NARRATIVE),IL,2008,STEERING,PASSENGER,PERSONAL,N,STRAIGHT AHEAD,Y,,1,,,,,Y,,,,,,,,,,Y,Y,,FRONT-RIGHT-CORNER,,,,,,,,,,,,,,,,,,,,,,,,,,,,,,,,,
2140635,8c67eb0f595ffd501909938f48dc326242dedf24f572a2702875d19da9a87b2b869c25e2ff3c74460a20ec3b34ea70db2e90fa78306be10e90c46c04faf0d137,08/30/2025 10:30:00 PM,2,PARKED,,2040599,,NISSAN,VERSA,IL,2011,NONE,PASSENGER,PERSONAL,N,PARKED,,,0,,,,,,,,,,,,,,Y,Y,Y,,FRONT-LEFT-CORNER,,,,,,,,,,,,,,,,,,,,,,,,,,,,,,,,,
2140636,8c67eb0f595ffd501909938f48dc326242dedf24f572a2702875d19da9a87b2b869c25e2ff3c74460a20ec3b34ea70db2e90fa78306be10e90c46c04faf0d137,08/30/2025 10:30:00 PM,3,PARKED,,2040604,,CHEVROLET,TAHOE,IL,2007,NONE,SPORT UTILITY VEHICLE (SUV),PERSONAL,N,PARKED,,,0,,,,,,,,,,,,Y,Y,,,,,SIDE-LEFT,,,,,,,,,,,,,,,,,,,,,,,,,,,,,,,,,
2140637,8c67eb0f595ffd501909938f48dc326242dedf24f572a2702875d19da9a87b2b869c25e2ff3c74460a20ec3b34ea70db2e90fa78306be10e90c46c04faf0d137,08/30/2025 10:30:00 PM,4,PARKED,,2040607,,FORD,FUSION,IL,2017,NONE,PASSENGER,PERSONAL,N,PARKED,,,0,,,,,,,,,Y,Y,Y,,,,,,,REAR,,,,,,,,,,,,,,,,,,,,,,,,,,,,,,,,,
2140583,79bbf955151b73126a80d3d509fe60c5b17a7e98b70ac21a3ec5d8a750ea2e1b0dc6ef0bfb37c803a46c446da01c8f5fcfcfc8dce8e123a5567188694c8648d9,08/30/2025 10:18:00 PM,1,DRIVER,,2040546,,UNKNOWN,OTHER (EXPLAIN IN NARRATIVE),IL,,UNKNOWN,UNKNOWN/NA,UNKNOWN/NA,N,STRAIGHT AHEAD,,,1,,,,,Y,Y,Y,,,,,,,,N,Y,,FRONT-RIGHT-CORNER,,,,,,,,,,,,,,,,,,,,,,,,,,,,,,,,,
2140584,79bbf955151b73126a80d3d509fe60c5b17a7e98b70ac21a3ec5d8a750ea2e1b0dc6ef0bfb37c803a46c446da01c8f5fcfcfc8dce8e123a5567188694c8648d9,08/30/2025 10:18:00 PM,2,DRIVER,1,2040549,,HONDA,ODYSSEY,IL,2015,UNKNOWN,PASSENGER,PERSONAL,W,STRAIGHT AHEAD,Y,,2,,PROGRESSIVE AUTO INSURANCE,UNKNOWN,,Y,,,,,,,,,Y,Y,Y,,FRONT-LEFT-CORNER,,,,,,,,,,,,,,,,,,,,,,,,,,,,,,,,,
2140571,b7d8e8376f4846c613fc6712e1ef813895bc85d164a99d8075cf59331be41827cb1194685220f61e24e864d8876092a038db3d55346145d24785f67ae8ef8ec1,08/30/2025 10:07:00 PM,1,DRIVER,1,2040543,,LEXUS,IS,IL,2007,UNKNOWN,PASSENGER,PERSONAL,N,STRAIGHT AHEAD,,,2,,,,,Y,,,,,,,,,,Y,Y,,FRONT,,,,,,,,,,,,,,,,,,,,,,,,,,,,,,,,,
2140572,b7d8e8376f4846c613fc6712e1ef813895bc85d164a99d8075cf59331be41827cb1194685220f61e24e864d8876092a038db3d55346145d24785f67ae8ef8ec1,08/30/2025 10:07:00 PM,2,DRIVER,,2040548,,NISSAN,SENTRA,IL,2017,NONE,PASSENGER,PERSONAL,N,SLOW/STOP IN TRAFFIC,,,1,,,,,,,,,Y,Y,Y,,,,,,,REAR,,,,,,,,,,,,,,,,,,,,,,,,,,,,,,,,,
2140617,9778c21c3a28d242995e5717af327ea63b495a2b984c4c1436edbc3c39ef55e0eb94984f211641ca353abfa9288f40d98f1b7b624aebce7b045ee10440d99a96,08/30/2025 10:05:00 PM,1,DRIVER,1,2040592,,TESLA,MODEL Y,IL,2023,UNKNOWN,PASSENGER,PERSONAL,S,STRAIGHT AHEAD,Y,,2,,private tow,unknown,,Y,Y,Y,Y,Y,,,,,,,,,SIDE-RIGHT,,,,,,,,,,,,,,,,,,,,,,,,,,,,,,,,,
2140618,9778c21c3a28d242995e5717af327ea63b495a2b984c4c1436edbc3c39ef55e0eb94984f211641ca353abfa9288f40d98f1b7b624aebce7b045ee10440d99a96,08/30/2025 10:05:00 PM,2,DRIVER,3,2040612,,MERCEDES-BENZ,350 SERIES,IL,2014,UNKNOWN,SPORT UTILITY VEHICLE (SUV),PERSONAL,S,STRAIGHT AHEAD,Y,,4,,CITY OF CHICAGO,UNKNOWN,,Y,,,,,,Y,Y,Y,Y,Y,Y,,SIDE-LEFT,,,,,,,,,,,,,,,,,,,,,,,,,,,,,,,,,
2140569,c0a8ba3fe19cbed430ed4206dae59eec120df0d6aea1da6b200ca87eaaff27f291798bb5930b503f174cbc2cee30993d964d2c7a9abc51da94adbae126e808a8,08/30/2025 10:00:00 PM,1,DRIVER,,2040540,,TOYOTA,OTHER (EXPLAIN IN NARRATIVE),,2007,UNKNOWN,SPORT UTILITY VEHICLE (SUV),UNKNOWN/NA,E,CHANGING LANES,,,1,,,,,,,,,,,,,,,Y,,,FRONT-LEFT-CORNER,,,,,,,,,,,,,,,,,,,,,,,,,,,,,,,,,
2140570,c0a8ba3fe19cbed430ed4206dae59eec120df0d6aea1da6b200ca87eaaff27f291798bb5930b503f174cbc2cee30993d964d2c7a9abc51da94adbae126e808a8,08/30/2025 10:00:00 PM,2,DRIVER,,2040538,,TOYOTA,COROLLA,,,UNKNOWN,PASSENGER,RIDESHARE SERVICE,E,SLOW/STOP IN TRAFFIC,,,1,,,,,,,Y,,,,,,,,,,,SIDE-RIGHT,,,,,,,,,,,,,,,,,,,,,,,,,,,,,,,,,
2140772,ecd8498ebbb61b673bd44b375fce684adb7121404bb2fa2bbd674ba087276975071842e2119269c3fab5f5d4dab28530cfd6b31f6d2915513f28d048af13daa6,08/30/2025 10:00:00 PM,1,DRIVER,,2040732,,FORD,ESCAPE,IL,2021,UNKNOWN,PASSENGER,UNKNOWN/NA,E,CHANGING LANES,,,1,,,,,,,,,,,,,,,,,Y,UNKNOWN,,,,,,,,,,,,,,,,,,,,,,,,,,,,,,,,,
2140773,ecd8498ebbb61b673bd44b375fce684adb7121404bb2fa2bbd674ba087276975071842e2119269c3fab5f5d4dab28530cfd6b31f6d2915513f28d048af13daa6,08/30/2025 10:00:00 PM,2,DRIVER,1,2040736,,KIA,TELLURIDE,IL,2021,UNKNOWN,PASSENGER,PERSONAL,E,STRAIGHT AHEAD,,,2,,,,,,,,,Y,,,,,,,,,REAR-RIGHT-CORNER,,,,,,,,,,,,,,,,,,,,,,,,,,,,,,,,,
2140589,f985e26a43dc2ba52cdcadb524521647a6b909b6f3e582e59bf610d8034391d54cb5733c9c02dfeeb48bfa7d40364d02f4b01d73ab3c7618e28a990519be8dec,08/30/2025 10:00:00 PM,1,DRIVER,,2040553,,KIA,FORTE,,,UNKNOWN,PASSENGER,PERSONAL,N,STRAIGHT AHEAD,,,1,,,,,,,,,,,,,,Y,Y,Y,,FRONT-LEFT-CORNER,,,,,,,,,,,,,,,,,,,,,,,,,,,,,,,,,
2140590,f985e26a43dc2ba52cdcadb524521647a6b909b6f3e582e59bf610d8034391d54cb5733c9c02dfeeb48bfa7d40364d02f4b01d73ab3c7618e28a990519be8dec,08/30/2025 10:00:00 PM,2,DRIVER,,2040557,,TOYOTA,SIENNA,,,UNKNOWN,VAN/MINI-VAN,RIDESHARE SERVICE,E,STRAIGHT AHEAD,,,1,,,,,,,Y,,,,,,,,,,,SIDE-RIGHT,,,,,,,,,,,,,,,,,,,,,,,,,,,,,,,,,
2140593,071fe25d4d3a1c1a2cc86eecb564d8aace8814d7b92c2bdd5e0fb641ed26555c72324f0a284e10a5b55f203e01649ab1f74784b0a67d35730326c1721013127f,08/30/2025 09:50:00 PM,1,DRIVER,,2040562,,ACURA,TLX,IL,2006,UNKNOWN,PASSENGER,UNKNOWN/NA,S,STRAIGHT AHEAD,,,1,,,,,,,,,,,,,,,,Y,,TOTAL (ALL AREAS),,,,,,,,,,,,,,,,,,,,,,,,,,,,,,,,,
2140594,071fe25d4d3a1c1a2cc86eecb564d8aace8814d7b92c2bdd5e0fb641ed26555c72324f0a284e10a5b55f203e01649ab1f74784b0a67d35730326c1721013127f,08/30/2025 09:50:00 PM,2,DRIVER,,2040567,,FORD,OTHER (EXPLAIN IN NARRATIVE),AZ,2024,UNKNOWN,VAN/MINI-VAN,UNKNOWN/NA,S,STRAIGHT AHEAD,,,1,,,,,,,,,,Y,,,,,,,,TOTAL (ALL AREAS),,,,,,,,,,,,,,,,,,,,,,,,,,,,,,,,,
2140559,6eb6e69b521197a4213d539a520cabc3797fcfdc9d0ae2ee04ce93858281b87eaae8ba42747c4fe527bcf509f0987f3b3010d395e8d10527bbf732d9c206aeb1,08/30/2025 09:40:00 PM,1,DRIVER,,2040524,,BMW,OTHER (EXPLAIN IN NARRATIVE),MI,2007,UNKNOWN,PASSENGER,PERSONAL,N,STRAIGHT AHEAD,,,1,,,,,Y,,,,,,,,,,Y,Y,,FRONT,,,,,,,,,,,,,,,,,,,,,,,,,,,,,,,,,
2140560,6eb6e69b521197a4213d539a520cabc3797fcfdc9d0ae2ee04ce93858281b87eaae8ba42747c4fe527bcf509f0987f3b3010d395e8d10527bbf732d9c206aeb1,08/30/2025 09:40:00 PM,2,DRIVER,,2040530,,CHEVROLET,IMPALA,IL,2018,UNKNOWN,PASSENGER,PERSONAL,E,STRAIGHT AHEAD,,,1,,,,,Y,,,,,,,,,,,,,FRONT-RIGHT-CORNER,,,,,,,,,,,,,,,,,,,,,,,,,,,,,,,,,
2140561,4817ee7e87b62a5394ff577359ae9998fb67272cdba7a1cba9eea86f302d5a6743067acfb802588b3765e79418fa90ce36cc2968e8d3943b0901f6485db83eec,08/30/2025 09:37:00 PM,1,DRIVER,,2040531,,CHEVROLET,SILVERADO,IL,2017,UNKNOWN,PICKUP,UNKNOWN/NA,UNKNOWN,UNKNOWN/NA,Y,,1,,CPD,701 N SACRAMENTO,,,,,Y,Y,,,,,,,,,UNKNOWN,,,,,,,,,,,,,,,,,,,,,,,,,,,,,,,,,
2140562,4817ee7e87b62a5394ff577359ae9998fb67272cdba7a1cba9eea86f302d5a6743067acfb802588b3765e79418fa90ce36cc2968e8d3943b0901f6485db83eec,08/30/2025 09:37:00 PM,2,DRIVER,2,2040537,,UNKNOWN,OTHER (EXPLAIN IN NARRATIVE),IL,2008,UNKNOWN,PASSENGER,PERSONAL,UNKNOWN,UNKNOWN/NA,Y,,3,,PERSONAL TOW,,,Y,Y,,,,,,,,Y,Y,Y,,FRONT,,,,,,,,,,,,,,,,,,,,,,,,,,,,,,,,,
2140615,b71b852a2c4e6f31972c16a89f1e67a44341ee45addc36414565ea6f7c5cd7bbe43c9ad4d6cc057cc78512c6410de464c167f7d57cb843328b031ce2bdd95e2e,08/30/2025 09:35:00 PM,1,DRIVER,,2040577,,UNKNOWN,OTHER (EXPLAIN IN NARRATIVE),,,UNKNOWN,PASSENGER,UNKNOWN/NA,NE,TURNING LEFT,,,1,,,,,,,,,,,,,,,,,Y,FRONT,,,,,,,,,,,,,,,,,,,,,,,,,,,,,,,,,
2140616,b71b852a2c4e6f31972c16a89f1e67a44341ee45addc36414565ea6f7c5cd7bbe43c9ad4d6cc057cc78512c6410de464c167f7d57cb843328b031ce2bdd95e2e,08/30/2025 09:35:00 PM,2,DRIVER,3,2040580,,HONDA,CIVIC,IL,2021,UNKNOWN,PASSENGER,PERSONAL,S,STRAIGHT AHEAD,,,4,,,,,,Y,Y,Y,Y,,,,,,,,,SIDE-RIGHT,,,,,,,,,,,,,,,,,,,,,,,,,,,,,,,,,
2140603,ceaf9c5c1fc4c4e4c135eca5f6fba7d152cf5e8f4e367cf1b9134d1d7ef031bfc0b9db85ac399106cac22ed9607f45b18710d914f78874c811207dfe0c2b1066,08/30/2025 09:35:00 PM,1,DRIVER,,2040568,,DODGE,CHALLENGER,IL,,UNKNOWN,PASSENGER,UNKNOWN/NA,S,STRAIGHT AHEAD,,,1,,,,,,,,,,,,,,,,Y,,FRONT,,,,,,,,,,,,,,,,,,,,,,,,,,,,,,,,,
2140604,ceaf9c5c1fc4c4e4c135eca5f6fba7d152cf5e8f4e367cf1b9134d1d7ef031bfc0b9db85ac399106cac22ed9607f45b18710d914f78874c811207dfe0c2b1066,08/30/2025 09:35:00 PM,2,DRIVER,1,2040570,,HYUNDAI,VENUE,IL,2023,NONE,PASSENGER,PERSONAL,S,SLOW/STOP IN TRAFFIC,,,2,,,,,,,,,,Y,,,,,,Y,,REAR,,,,,,,,,,,,,,,,,,,,,,,,,,,,,,,,,
2140605,ceaf9c5c1fc4c4e4c135eca5f6fba7d152cf5e8f4e367cf1b9134d1d7ef031bfc0b9db85ac399106cac22ed9607f45b18710d914f78874c811207dfe0c2b1066,08/30/2025 09:35:00 PM,3,DRIVER,,2040576,,NISSAN,MURANO,IL,2023,NONE,SPORT UTILITY VEHICLE (SUV),PERSONAL,S,SLOW/STOP IN TRAFFIC,,,1,,,,,,,,,,Y,,,,,,,,REAR,,,,,,,,,,,,,,,,,,,,,,,,,,,,,,,,,
2140581,13035e20f5fbb942c4cf85c0c7498b1f43879cb629e952cfa36af248bd6fea4c5260257504cb33a01ea27a0be73106f280279dcc401dd63dcc90fb55ce082c3d,08/30/2025 09:30:00 PM,1,DRIVER,,2040561,,TOYOTA,COROLLA,IL,2017,NONE,PASSENGER,PERSONAL,N,STRAIGHT AHEAD,,,1,,,,,,,,Y,,,,,,,,,,SIDE-RIGHT,,,,,,,,,,,,,,,,,,,,,,,,,,,,,,,,,
2140582,13035e20f5fbb942c4cf85c0c7498b1f43879cb629e952cfa36af248bd6fea4c5260257504cb33a01ea27a0be73106f280279dcc401dd63dcc90fb55ce082c3d,08/30/2025 09:30:00 PM,2,PARKED,2,2040550,,HYUNDAI,ELANTRA,WI,2025,NONE,PASSENGER,NOT IN USE,N,PARKED,,,2,,,,,,,,,,,,,,,Y,,,FRONT-LEFT-CORNER,,,,,,,,,,,,,,,,,,,,,,,,,,,,,,,,,
2140587,18e3afe457a62c2e33c94e2dc71f106fd5763198db9de9bff6bf908b84d3e46b6efa8d9bd91215f8ead3bdab5dddacf9aba0eb877882621c2b408e8c22d2edb3,08/30/2025 09:30:00 PM,1,DRIVER,1,2040552,,NISSAN,MURANO,IL,2015,UNKNOWN,SPORT UTILITY VEHICLE (SUV),UNKNOWN/NA,N,TURNING RIGHT,,,2,,,,,Y,Y,,,,,,,,N,N,Y,,FRONT-RIGHT-CORNER,,,,,,,,,,,,,,,,,,,,,,,,,,,,,,,,,
2140588,18e3afe457a62c2e33c94e2dc71f106fd5763198db9de9bff6bf908b84d3e46b6efa8d9bd91215f8ead3bdab5dddacf9aba0eb877882621c2b408e8c22d2edb3,08/30/2025 09:30:00 PM,2,DRIVER,,2040563,,TOYOTA,COROLLA,,2015,UNKNOWN,PASSENGER,PERSONAL,E,STRAIGHT AHEAD,,,1,,,,,,Y,Y,Y,,,,,,,,,,SIDE-RIGHT,,,,,,,,,,,,,,,,,,,,,,,,,,,,,,,,,
2140541,5e0f736e2a5542f175aabe1583eda8f2981a9004aacc252ac9460e94082cb048e073c2664a9392700e2bc06f36e801f28812c528ff9c0058330ad4d4f3569468,08/30/2025 09:23:00 PM,1,DRIVER,,2040504,,BMW,X3,IL,2015,UNKNOWN,PASSENGER,PERSONAL,S,STRAIGHT AHEAD,,,1,,,,,,,,,,,,,,,,Y,,FRONT,,,,,,,,,,,,,,,,,,,,,,,,,,,,,,,,,
2140542,5e0f736e2a5542f175aabe1583eda8f2981a9004aacc252ac9460e94082cb048e073c2664a9392700e2bc06f36e801f28812c528ff9c0058330ad4d4f3569468,08/30/2025 09:23:00 PM,2,DRIVER,,2040508,,FORD,FUSION,IL,2010,NONE,PASSENGER,PERSONAL,S,STRAIGHT AHEAD,,,1,,,,,,,,,,Y,,,,,,,,REAR,,,,,,,,,,,,,,,,,,,,,,,,,,,,,,,,,
2140550,9697e46e3b89b237e420f781f034047c84c5bbb1e4e1cfa50afb0afe950ded7ca40afc37fac4e53515388b78bdcecdc365c27de3eee10a3fb34c6071e6e2fae9,08/30/2025 09:10:00 PM,1,DRIVER,,2040512,,LEXUS,OTHER (EXPLAIN IN NARRATIVE),,,UNKNOWN,PASSENGER,UNKNOWN/NA,W,STRAIGHT AHEAD,,,1,,,,,,,,,,,,,,,,Y,,FRONT,,,,,,,,,,,,,,,,,,,,,,,,,,,,,,,,,
2140551,9697e46e3b89b237e420f781f034047c84c5bbb1e4e1cfa50afb0afe950ded7ca40afc37fac4e53515388b78bdcecdc365c27de3eee10a3fb34c6071e6e2fae9,08/30/2025 09:10:00 PM,2,DRIVER,1,2040516,,MAZDA,MIATA,IL,1994,UNKNOWN,PASSENGER,PERSONAL,W,OTHER,,,2,,,,,,,,,Y,Y,Y,,,,,,,REAR,,,,,,,,,,,,,,,,,,,,,,,,,,,,,,,,,
2140591,62650d533d8b6b07f745ef2bd7c7476608e52681d926a5bc34428e6954dede2f245221b4d680649fa9d91a96179cfaf3b000ed770d4c84b0a49d85e62b76ac00,08/30/2025 09:00:00 PM,1,DRIVER,2,2040556,,CHEVROLET,SILVERADO,IL,2016,UNKNOWN,PICKUP,UNKNOWN/NA,N,STRAIGHT AHEAD,Y,,3,,UNKNOWN,UNKNOWN,,Y,,,,,,,,,,Y,Y,,FRONT,,,,,,,,,,,,,,,,,,,,,,,,,,,,,,,,,
2140592,62650d533d8b6b07f745ef2bd7c7476608e52681d926a5bc34428e6954dede2f245221b4d680649fa9d91a96179cfaf3b000ed770d4c84b0a49d85e62b76ac00,08/30/2025 09:00:00 PM,2,DRIVER,,2040566,,JEEP,WRANGLER,IL,2007,UNKNOWN,PASSENGER,UNKNOWN/NA,S,TURNING LEFT,,,1,,,,,,Y,Y,Y,Y,,,,,,,,,SIDE-LEFT-REAR,,,,,,,,,,,,,,,,,,,,,,,,,,,,,,,,,
2140577,66c482df4332c3d592785af685015431d479223b47003e015fdb1c7e587d8e067c0f0de96d6e014f10490714a35cd1730df8649e16d2e6dd105f609fefdc2f5d,08/30/2025 09:00:00 PM,1,DRIVER,,2040547,,HONDA,FIT,IL,2012,NONE,PASSENGER,PERSONAL,N,STRAIGHT AHEAD,Y,,1,,,,,Y,,,,,,,,,,Y,Y,,FRONT,,,,,,,,,,,,,,,,,,,,,,,,,,,,,,,,,
2140578,66c482df4332c3d592785af685015431d479223b47003e015fdb1c7e587d8e067c0f0de96d6e014f10490714a35cd1730df8649e16d2e6dd105f609fefdc2f5d,08/30/2025 09:00:00 PM,2,DRIVER,3,2040554,,DODGE,DURANGO,IL,2017,NONE,SPORT UTILITY VEHICLE (SUV),PERSONAL,W,STRAIGHT AHEAD,Y,,4,,1st choice towing,10014 anderson  ave,,Y,Y,Y,,,,,,,,,,,SIDE-RIGHT,,,,,,,,,,,,,,,,,,,,,,,,,,,,,,,,,
2140579,66c482df4332c3d592785af685015431d479223b47003e015fdb1c7e587d8e067c0f0de96d6e014f10490714a35cd1730df8649e16d2e6dd105f609fefdc2f5d,08/30/2025 09:00:00 PM,3,PARKED,,2040555,,TOYOTA,RAV4,IL,2013,NONE,SPORT UTILITY VEHICLE (SUV),PERSONAL,N,PARKED,,,0,,,,,,,,,Y,Y,Y,,,,,,,REAR,,,,,,,,,,,,,,,,,,,,,,,,,,,,,,,,,
2140580,66c482df4332c3d592785af685015431d479223b47003e015fdb1c7e587d8e067c0f0de96d6e014f10490714a35cd1730df8649e16d2e6dd105f609fefdc2f5d,08/30/2025 09:00:00 PM,4,PARKED,,2040558,,CHEVROLET,EQUINOX,IL,2015,NONE,SPORT UTILITY VEHICLE (SUV),PERSONAL,N,STRAIGHT AHEAD,,,0,,,,,,,,,,Y,,,,,,,,REAR,,,,,,,,,,,,,,,,,,,,,,,,,,,,,,,,,
2140529,90558b318b52780ce3b67419288b648ec0d0d53123c2a0f7a740b52b96796618b5bf4c29475e9ac1d8fd13d3c2aec45088d8bcd3d34902daec0980612eae1816,08/30/2025 09:00:00 PM,1,DRIVER,,2040507,,DODGE,JOURNEY,IL,2017,NONE,PASSENGER,PERSONAL,E,STRAIGHT AHEAD,,,1,,,,,,,,,,,,,,,Y,,,FRONT-LEFT-CORNER,,,,,,,,,,,,,,,,,,,,,,,,,,,,,,,,,
2140530,90558b318b52780ce3b67419288b648ec0d0d53123c2a0f7a740b52b96796618b5bf4c29475e9ac1d8fd13d3c2aec45088d8bcd3d34902daec0980612eae1816,08/30/2025 09:00:00 PM,2,DRIVER,,2040533,,CHEVROLET,IMPALA,IL,2001,NONE,PASSENGER,PERSONAL,E,STRAIGHT AHEAD,,,1,,,,,,Y,Y,,,,,,,,,,,SIDE-RIGHT,,,,,,,,,,,,,,,,,,,,,,,,,,,,,,,,,
2140533,da62395bf5ccd6e3d09b8663d244da334c2a3a62a9d93bf639cbdcd3e7368fe7652d3c2ab982d253599b9fd0f830533b877f7f34eb5425c4da37285d4830cac5,08/30/2025 09:00:00 PM,1,DRIVER,,2040498,,TESLA,OTHER (EXPLAIN IN NARRATIVE),IL,,UNKNOWN,PASSENGER,UNKNOWN/NA,E,OTHER,,,1,,,,,Y,,,,,,,,,,,,,FRONT-RIGHT-CORNER,,,,,,,,,,,,,,,,,,,,,,,,,,,,,,,,,
2140534,da62395bf5ccd6e3d09b8663d244da334c2a3a62a9d93bf639cbdcd3e7368fe7652d3c2ab982d253599b9fd0f830533b877f7f34eb5425c4da37285d4830cac5,08/30/2025 09:00:00 PM,2,DRIVER,,2040500,,BUICK,LACROSSE,IL,,UNKNOWN,PASSENGER,PERSONAL,E,OTHER,,,1,,,,,,,,,,,Y,Y,Y,,,,,SIDE-LEFT-REAR,,,,,,,,,,,,,,,,,,,,,,,,,,,,,,,,,
2140595,33e1004dabeeed8e8ac41aaa4c37682b98863fe13883ea0ab122827106c60cebde488075d3e94f1a9b1204f6e749a0a5b4d022080cc1d654fa67da0eec9bb1ef,08/30/2025 08:57:00 PM,1,DRIVER,,2040559,,JEEP,GRAND CHEROKEE,IL,,UNKNOWN,SPORT UTILITY VEHICLE (SUV),PERSONAL,N,PASSING/OVERTAKING,,,1,,,,,Y,Y,,,,,,,,,,,,FRONT-RIGHT-CORNER,,,,,,,,,,,,,,,,,,,,,,,,,,,,,,,,,
2140596,33e1004dabeeed8e8ac41aaa4c37682b98863fe13883ea0ab122827106c60cebde488075d3e94f1a9b1204f6e749a0a5b4d022080cc1d654fa67da0eec9bb1ef,08/30/2025 08:57:00 PM,2,DRIVER,,2040569,,TOYOTA,COROLLA,IL,2012,NONE,PASSENGER,RIDESHARE SERVICE,N,STRAIGHT AHEAD,,,1,,,,,,,,,,,,Y,Y,Y,,,,SIDE-LEFT,,,,,,,,,,,,,,,,,,,,,,,,,,,,,,,,,
2140557,74ac09264907abc4e288ed9978586a2256443010e8898ce33677588561197ca48da1f570c2f68e8aede90023184210a7362195144151968c7b27455487c09036,08/30/2025 08:49:00 PM,1,DRIVER,,2040523,,DODGE,CARAVAN,IL,2013,UNKNOWN,VAN/MINI-VAN,PERSONAL,N,STRAIGHT AHEAD,,,1,,,,,,,,,,,,,,,Y,,,FRONT-LEFT-CORNER,,,,,,,,,,,,,,,,,,,,,,,,,,,,,,,,,
2140558,74ac09264907abc4e288ed9978586a2256443010e8898ce33677588561197ca48da1f570c2f68e8aede90023184210a7362195144151968c7b27455487c09036,08/30/2025 08:49:00 PM,2,DRIVER,1,2040527,,GENERAL MOTORS CORPORATION (GMC),ACADIA,IL,2015,UNKNOWN,SPORT UTILITY VEHICLE (SUV),PERSONAL,NE,TURNING RIGHT,Y,,2,,PRIVATE TOW,,,,,,Y,Y,,,,,,,,,SIDE-RIGHT-REAR,,,,,,,,,,,,,,,,,,,,,,,,,,,,,,,,,
2140535,e0d18c90ffff01ad08488a18215a4b3e585cbcb74b04113c2c7187b78005007069c0a66f18a456dd690fbf413ea66337ef4ebc662313558bfbe0b82479120287,08/30/2025 08:49:00 PM,1,DRIVER,1,2040502,,FORD,OTHER (EXPLAIN IN NARRATIVE),IL,2017,NONE,OTHER,AMBULANCE,W,BACKING,,,2,,,,,,,,,,,,,,,,,,REAR,,,,,,,,,,,,,,,,,,,,,,,,,,,,,,,,,
2140536,e0d18c90ffff01ad08488a18215a4b3e585cbcb74b04113c2c7187b78005007069c0a66f18a456dd690fbf413ea66337ef4ebc662313558bfbe0b82479120287,08/30/2025 08:49:00 PM,2,PARKED,,2040503,,JEEP,CHEROKEE,IL,2021,NONE,PASSENGER,PERSONAL,UNKNOWN,PARKED,,,0,,,,,Y,Y,,,,,,,,,,,,FRONT-RIGHT-CORNER,,,,,,,,,,,,,,,,,,,,,,,,,,,,,,,,,
2140537,3b30d22ffc0e826bf0171542f6100f27606e7f325d38393490a52363f8fba8465ca740266b4abdd9360298ab93adfedd2dcbc219cd759e90fee9c4f1e25670b2,08/30/2025 08:45:00 PM,1,DRIVER,,2040505,,HONDA,ACCORD,IL,2006,NONE,PASSENGER,PERSONAL,W,AVOIDING VEHICLES/OBJECTS,,,1,,,,,,,,,,,,Y,Y,Y,Y,,,SIDE-LEFT,,,,,,,,,,,,,,,,,,,,,,,,,,,,,,,,,