CRASH_UNIT_ID,CRASH_RECORD_ID,CRASH_DATE,UNIT_NO,UNIT_TYPE,NUM_PASSENGERS,VEHICLE_ID,CMRC_VEH_I,MAKE,MODEL,LIC_PLATE_STATE,VEHICLE_YEAR,VEHICLE_DEFECT,VEHICLE_TYPE,VEHICLE_USE,TRAVEL_DIRECTION,MANEUVER,TOWED_I,FIRE_I,OCCUPANT_CNT,EXCEED_SPEED_LIMIT_I,TOWED_BY,TOWED_TO,AREA_00_I,AREA_01_I,AREA_02_I,AREA_03_I,AREA_04_I,AREA_05_I,AREA_06_I,AREA_07_I,AREA_08_I,AREA_09_I,AREA_10_I,AREA_11_I,AREA_12_I,AREA_99_I,FIRST_CONTACT_POINT,CMV_ID,USDOT_NO,CCMC_NO,ILCC_NO,COMMERCIAL_SRC,GVWR,CARRIER_NAME,CARRIER_STATE,CARRIER_CITY,HAZMAT_PLACARDS_I,HAZMAT_NAME,UN_NO,HAZMAT_PRESENT_I,HAZMAT_REPORT_I,HAZMAT_REPORT_NO,MCS_REPORT_I,MCS_REPORT_NO,HAZMAT_VIO_CAUSE_CRASH_I,MCS_VIO_CAUSE_CRASH_I,IDOT_PERMIT_NO,WIDE_LOAD_I,TRAILER1_WIDTH,TRAILER2_WIDTH,TRAILER1_LENGTH,TRAILER2_LENGTH,TOTAL_VEHICLE_LENGTH,AXLE_CNT,VEHICLE_CONFIG,CARGO_BODY_TYPE,LOAD_TYPE,HAZMAT_OUT_OF_SERVICE_I,MCS_OUT_OF_SERVICE_I,HAZMAT_CLASS
2140538,3b30d22ffc0e826bf0171542f6100f27606e7f325d38393490a52363f8fba8465ca740266b4abdd9360298ab93adfedd2dcbc219cd759e90fee9c4f1e25670b2,08/30/2025 08:45:00 PM,2,DRIVER,,2040510,,TOYOTA,PRIUS,IL,2015,NONE,PASSENGER,PERSONAL,W,STRAIGHT AHEAD,,,1,,,,,,Y,Y,Y,,,,,,,,,,SIDE-RIGHT,,,,,,,,,,,,,,,,,,,,,,,,,,,,,,,,,
2140543,6dabf83be1f368aed9cd07875840838bde9e39fe8ceb793c9cc1834677caf306417933076fd645f4b1410c6ce150e38e77d2c5e8ae64af6b4f756e0dc0746399,08/30/2025 08:45:00 PM,2,DRIVER,1,2040506,,KIA,SPORTAGE,IL,2017,NONE,PASSENGER,PERSONAL,W,STRAIGHT AHEAD,,,2,,,,,,,,,Y,Y,Y,,,,,,,REAR,,,,,,,,,,,,,,,,,,,,,,,,,,,,,,,,,
2140544,6dabf83be1f368aed9cd07875840838bde9e39fe8ceb793c9cc1834677caf306417933076fd645f4b1410c6ce150e38e77d2c5e8ae64af6b4f756e0dc0746399,08/30/2025 08:45:00 PM,1,DRIVER,1,2040511,,KIA,SPORTAGE,IL,2024,NONE,PASSENGER,PERSONAL,W,STRAIGHT AHEAD,,,2,,,,,Y,,,,,,,,,,Y,Y,,FRONT,,,,,,,,,,,,,,,,,,,,,,,,,,,,,,,,,
2140565,2f8746f4050803261ff4d3868a0fb77a2b6522ec1597591fb1d419de4aeaf9d5bd496afd0acbed85108a14dd28ac7f980163257a2d4743b979f1d8436686c24f,08/30/2025 08:30:00 PM,1,DRIVER,,2040532,,UNKNOWN,OTHER (EXPLAIN IN NARRATIVE),,,NONE,PASSENGER,PERSONAL,S,STRAIGHT AHEAD,,,1,,,,,Y,,,,Y,Y,Y,,,,Y,Y,,OTHER,,,,,,,,,,,,,,,,,,,,,,,,,,,,,,,,,
2140566,2f8746f4050803261ff4d3868a0fb77a2b6522ec1597591fb1d419de4aeaf9d5bd496afd0acbed85108a14dd28ac7f980163257a2d4743b979f1d8436686c24f,08/30/2025 08:30:00 PM,2,DRIVER,,2040534,,FORD,MUSTANG,TN,2019,NONE,PASSENGER,PERSONAL,S,STRAIGHT AHEAD,,,1,,,,,Y,,,,Y,Y,Y,,,,Y,Y,,OTHER,,,,,,,,,,,,,,,,,,,,,,,,,,,,,,,,,
2140784,e62ea257d665eac65c1946e9e4ed414762a7b28d040b35a59aa3e4df4e99a67abc0effa3d26678ba7590b3a0292887670033d4c9d2ede9b669c651e19de5b30c,08/30/2025 08:30:00 PM,1,DRIVER,,2040744,,UNKNOWN,OTHER (EXPLAIN IN NARRATIVE),IL,,UNKNOWN,PICKUP,UNKNOWN/NA,W,STRAIGHT AHEAD,,,1,,,,,,,,,,,,,,,,Y,,FRONT,,,,,,,,,,,,,,,,,,,,,,,,,,,,,,,,,
2140785,e62ea257d665eac65c1946e9e4ed414762a7b28d040b35a59aa3e4df4e99a67abc0effa3d26678ba7590b3a0292887670033d4c9d2ede9b669c651e19de5b30c,08/30/2025 08:30:00 PM,2,DRIVER,,2040748,,TOYOTA,RAV4,WI,2023,UNKNOWN,PASSENGER,PERSONAL,N,STRAIGHT AHEAD,,,1,,,,,Y,,,,,,,,,,,Y,,SIDE-RIGHT-FRONT,,,,,,,,,,,,,,,,,,,,,,,,,,,,,,,,,
2140651,a2cf097d5269ea7bab77a8fd5aed466af72d4d725e691d984aea14a867757ed98b0051a476a6a39c8c493041544de238a930f3eecbfb3cbda0fe844555c8945b,08/30/2025 08:10:00 PM,1,DRIVER,,2040620,,AUDI,A7,IL,2014,UNKNOWN,PASSENGER,PERSONAL,S,PASSING/OVERTAKING,Y,,1,,PRIVATE TOW,,,Y,,,,,,,,,,Y,Y,,FRONT-RIGHT-CORNER,,,,,,,,,,,,,,,,,,,,,,,,,,,,,,,,,
2140652,a2cf097d5269ea7bab77a8fd5aed466af72d4d725e691d984aea14a867757ed98b0051a476a6a39c8c493041544de238a930f3eecbfb3cbda0fe844555c8945b,08/30/2025 08:10:00 PM,2,DRIVER,,2040628,,CHEVROLET,TRAX,IL,2016,UNKNOWN,PASSENGER,PERSONAL,E,TURNING LEFT,Y,,1,,PRIVATE TOW,,,,,,,,,,,,Y,Y,Y,,FRONT-LEFT-CORNER,,,,,,,,,,,,,,,,,,,,,,,,,,,,,,,,,
2140512,db45427f5d68002f09def9bb9c5091dcbf5b664f39116fdc9419bfe36dfa38bd8823fb9c5359219a675a4dfeb1b95fdb5d20469ffabc3393baece0a42966e43e,08/30/2025 08:10:00 PM,1,DRIVER,,2040486,,JEEP,WRANGLER,TX,2024,NONE,PASSENGER,PERSONAL,W,STRAIGHT AHEAD,,,1,,,,,,,,,,,,,,,,Y,,FRONT,,,,,,,,,,,,,,,,,,,,,,,,,,,,,,,,,
2140513,db45427f5d68002f09def9bb9c5091dcbf5b664f39116fdc9419bfe36dfa38bd8823fb9c5359219a675a4dfeb1b95fdb5d20469ffabc3393baece0a42966e43e,08/30/2025 08:10:00 PM,2,DRIVER,,2040490,,TOYOTA,RAV4,IL,2018,NONE,PASSENGER,PERSONAL,W,STRAIGHT AHEAD,,,1,,,,,,,,,,Y,,,,,,,,REAR,,,,,,,,,,,,,,,,,,,,,,,,,,,,,,,,,
2140539,4b695edb7083ab7af2d198a02c15ea2997693ae59070cbb1186a278a502fde0ed1611c4ff6fa965ed9270d7832f7ca1446f39fec520681e57589e1d7b3eea89d,08/30/2025 08:05:00 PM,1,BICYCLE,,,,,,,,,,,,,,,,,,,,,,,,,,,,,,,,,,,,,,,,,,,,,,,,,,,,,,,,,,,,,,,,,,
2140540,4b695edb7083ab7af2d198a02c15ea2997693ae59070cbb1186a278a502fde0ed1611c4ff6fa965ed9270d7832f7ca1446f39fec520681e57589e1d7b3eea89d,08/30/2025 08:05:00 PM,2,DRIVER,,2040526,,PONTIAC,OTHER (EXPLAIN IN NARRATIVE),IL,2006,NONE,PASSENGER,PERSONAL,W,STRAIGHT AHEAD,,,1,,,,,,,,,,,,,,,Y,Y,,FRONT,,,,,,,,,,,,,,,,,,,,,,,,,,,,,,,,,
2140585,4e917c858f143119b01f45ab41d3d7ae35939f2730293c294662597f7a1ee02e62838a3b74bb452571e036a66c3ad57d3bc4107fa28542b7bef691fe112ac543,08/30/2025 08:04:00 PM,1,DRIVER,,2040560,,NISSAN,VERSA,IL,2017,NONE,PASSENGER,PERSONAL,N,CHANGING LANES,,,1,,,,,,,,,,,,,,Y,Y,,,SIDE-LEFT-FRONT,,,,,,,,,,,,,,,,,,,,,,,,,,,,,,,,,
2140586,4e917c858f143119b01f45ab41d3d7ae35939f2730293c294662597f7a1ee02e62838a3b74bb452571e036a66c3ad57d3bc4107fa28542b7bef691fe112ac543,08/30/2025 08:04:00 PM,2,DRIVER,,2040551,,HYUNDAI,ELANTRA,IL,2013,NONE,PASSENGER,PERSONAL,N,STRAIGHT AHEAD,,,1,,,,,Y,Y,,,,,,,,,,,,SIDE-RIGHT-FRONT,,,,,,,,,,,,,,,,,,,,,,,,,,,,,,,,,
2140525,32758a3adbaa55f9f58c24e13e2bf88e3194ac41a36a54582d0ea40af7bd0d4656f1750b62b27a7cd0d130d214c035fed5eef0878a54d57f6e6256f9593a7990,08/30/2025 08:00:00 PM,1,DRIVER,,2040515,,UNKNOWN,MOTORIZED,IL,,UNKNOWN,UNKNOWN/NA,UNKNOWN/NA,W,STRAIGHT AHEAD,,,1,,,,,,,,,,,,,,,,Y,,FRONT,,,,,,,,,,,,,,,,,,,,,,,,,,,,,,,,,
2140526,32758a3adbaa55f9f58c24e13e2bf88e3194ac41a36a54582d0ea40af7bd0d4656f1750b62b27a7cd0d130d214c035fed5eef0878a54d57f6e6256f9593a7990,08/30/2025 08:00:00 PM,2,DRIVER,,2040519,,FORD,EXPLORER,IL,2013,UNKNOWN,SPORT UTILITY VEHICLE (SUV),PERSONAL,W,STRAIGHT AHEAD,,,1,,,,,,,,,,Y,,,,,,,,REAR,,,,,,,,,,,,,,,,,,,,,,,,,,,,,,,,,
2140545,ade150ca84f5676ba107780b48db0ad67b2f44c7b9fa5d9a89c59851873945a8bc79c860f63dbc79e0af942feb0428c3452b81c6e6f863abc59b02df6a4a4996,08/30/2025 08:00:00 PM,1,DRIVER,3,2040514,,VOLVO,S80,IL,2016,NONE,PASSENGER,PERSONAL,S,CHANGING LANES,Y,,4,,PRIVATE,,,Y,Y,Y,,,,,,,,Y,,,SIDE-RIGHT,,,,,,,,,,,,,,,,,,,,,,,,,,,,,,,,,
2140546,ade150ca84f5676ba107780b48db0ad67b2f44c7b9fa5d9a89c59851873945a8bc79c860f63dbc79e0af942feb0428c3452b81c6e6f863abc59b02df6a4a4996,08/30/2025 08:00:00 PM,2,DRIVER,,2040522,,KIA,SELTOS,IL,2021,NONE,SPORT UTILITY VEHICLE (SUV),PERSONAL,S,STRAIGHT AHEAD,Y,,1,,PRIVATE,,,,,,,,,Y,Y,Y,Y,Y,Y,,SIDE-RIGHT,,,,,,,,,,,,,,,,,,,,,,,,,,,,,,,,,
2140547,ade150ca84f5676ba107780b48db0ad67b2f44c7b9fa5d9a89c59851873945a8bc79c860f63dbc79e0af942feb0428c3452b81c6e6f863abc59b02df6a4a4996,08/30/2025 08:00:00 PM,3,DRIVER,,2040525,Y,TOYOTA,PRIUS,IL,2015,NONE,PASSENGER,TAXI/FOR HIRE,S,STRAIGHT AHEAD,,,1,,,,,Y,Y,Y,Y,Y,,,,,,,,,SIDE-RIGHT,"22,104",,,,,,CHICAGO TAXI LEASING LSR--FIRM OWNED TAURUS CAB INC LSE,IL,CHICAGO,,,,,,,,,,,,,,,,,,,,,,,,
2141235,e68ee9da885b0ce3bdad858dc4d9c4c393fb444e301392a78414024dc2701b68acbfa50ce3d00ad0b82cbc36944aabfe834b56f3ca296d624b293312d66dfcc2,08/30/2025 07:52:00 PM,1,DRIVER,,2041170,,LEXUS,RX350,IL,2008,UNKNOWN,SPORT UTILITY VEHICLE (SUV),PERSONAL,W,BACKING,,,1,,,,,,,,,,,,,,,,,Y,REAR-LEFT-CORNER,,,,,,,,,,,,,,,,,,,,,,,,,,,,,,,,,
2141236,e68ee9da885b0ce3bdad858dc4d9c4c393fb444e301392a78414024dc2701b68acbfa50ce3d00ad0b82cbc36944aabfe834b56f3ca296d624b293312d66dfcc2,08/30/2025 07:52:00 PM,2,PARKED,,2041171,,CADILLAC,ESCALADE,IL,2021,NONE,OTHER,PERSONAL,N,PARKED,,,0,,,,,Y,,,,,,,,,,,Y,,FRONT,,,,,,,,,,,,,,,,,,,,,,,,,,,,,,,,,
2140491,815012c2b470fa51149387121d8ff73fa02eda6e11a2e649aa14fe6e9fb0757ecd5bffd2d99dace40d43e5b88818740297714514af34644bc9df4d64e7bb067d,08/30/2025 07:40:00 PM,1,DRIVER,,2040465,,UNKNOWN,MOTORIZED,,,UNKNOWN,SPORT UTILITY VEHICLE (SUV),UNKNOWN/NA,N,UNKNOWN/NA,,,1,,,,,Y,,,,,,,,,,Y,Y,,FRONT,,,,,,,,,,,,,,,,,,,,,,,,,,,,,,,,,
2140492,815012c2b470fa51149387121d8ff73fa02eda6e11a2e649aa14fe6e9fb0757ecd5bffd2d99dace40d43e5b88818740297714514af34644bc9df4d64e7bb067d,08/30/2025 07:40:00 PM,2,BICYCLE,,,,,,,,,,,,,,,,,,,,,,,,,,,,,,,,,,,,,,,,,,,,,,,,,,,,,,,,,,,,,,,,,,
2140499,6ca407907a4728d2a55e2b2833b210a0ac0c77950456ba6e28990282be106744a4ff17a502100d875918ffc3dcf62c08bfa13c6b18a783fb9153695ca9dbb609,08/30/2025 07:38:00 PM,1,DRIVER,1,2040474,,TOYOTA,RAV4,IL,2024,NONE,SPORT UTILITY VEHICLE (SUV),PERSONAL,E,STRAIGHT AHEAD,,,2,,,,Y,,,,,,,,,,,,,,FRONT-RIGHT-CORNER,,,,,,,,,,,,,,,,,,,,,,,,,,,,,,,,,
2140506,990bfdd624dbbfca984472d5a65ef9086ca613561bfc1371d34aa9a0f85ed72a6bc4f65e35e1921ca63591d8fc59c3b56ec248dec857d751f4ff702990764cac,08/30/2025 07:25:00 PM,1,DRIVER,,2040482,,TOYOTA,CAMRY,IL,2022,UNKNOWN,PASSENGER,UNKNOWN/NA,UNKNOWN,TURNING LEFT,,,1,,,,,,Y,Y,Y,Y,,,,,,,,,SIDE-RIGHT,,,,,,,,,,,,,,,,,,,,,,,,,,,,,,,,,
2140507,990bfdd624dbbfca984472d5a65ef9086ca613561bfc1371d34aa9a0f85ed72a6bc4f65e35e1921ca63591d8fc59c3b56ec248dec857d751f4ff702990764cac,08/30/2025 07:25:00 PM,2,DRIVER,1,2040485,,HONDA,ACCORD,IL,2022,NONE,PASSENGER,PERSONAL,UNKNOWN,TURNING LEFT,,,2,,,,,,,,,,,,,Y,Y,,,,SIDE-LEFT,,,,,,,,,,,,,,,,,,,,,,,,,,,,,,,,,
2140493,6acb96aef5cd8e6d3f1c1b44816bb80c20a938175b22c4d0580d1e0123a4438bd05bbb31a2c30fdcfe3e3bc7387aac96061ba5b3f0fc45f30c6389c9a6a425d5,08/30/2025 07:20:00 PM,1,DRIVER,,2040493,,FORD,ESCAPE,IL,2012,UNKNOWN,PASSENGER,UNKNOWN/NA,NW,TURNING LEFT,,,1,,,,,Y,,,,,,,,,,Y,Y,,FRONT,,,,,,,,,,,,,,,,,,,,,,,,,,,,,,,,,
2140494,6acb96aef5cd8e6d3f1c1b44816bb80c20a938175b22c4d0580d1e0123a4438bd05bbb31a2c30fdcfe3e3bc7387aac96061ba5b3f0fc45f30c6389c9a6a425d5,08/30/2025 07:20:00 PM,2,DRIVER,,2040470,,FORD,F150,IL,2015,NONE,PICKUP,UNKNOWN/NA,E,SLOW/STOP IN TRAFFIC,Y,,1,,private,private,,,,,,,,Y,Y,Y,,,,,SIDE-LEFT-REAR,,,,,,,,,,,,,,,,,,,,,,,,,,,,,,,,,
2140567,d66981a4f9bf422a8e211e9f4a91ae319a944e3b6f0f859dfc23809abe669a0ce8462416abdca840d31670036b80c2503d9d0475d3dfbf50c02e674e6acdecbb,08/30/2025 07:20:00 PM,1,DRIVER,,2040536,,TOYOTA,CAMRY,IL,2012,UNKNOWN,PASSENGER,PERSONAL,S,CHANGING LANES,,,1,,,,,Y,Y,,,,,,,,,,Y,,FRONT-RIGHT-CORNER,,,,,,,,,,,,,,,,,,,,,,,,,,,,,,,,,
2140568,d66981a4f9bf422a8e211e9f4a91ae319a944e3b6f0f859dfc23809abe669a0ce8462416abdca840d31670036b80c2503d9d0475d3dfbf50c02e674e6acdecbb,08/30/2025 07:20:00 PM,2,DRIVER,3,2040539,,HONDA,CIVIC,IL,2014,NONE,PASSENGER,RIDESHARE SERVICE,S,STRAIGHT AHEAD,,,4,,,,,,,,,,Y,Y,Y,,,,,,REAR-LEFT-CORNER,,,,,,,,,,,,,,,,,,,,,,,,,,,,,,,,,
2140522,8ee0c0983a6ab4589d4c3d281521ed87844e81b7ac2ac06118ebeefd77fc7435e733af8bddb3fb5f8792e0cfcc2dd43db55631e256e551ad21fd1d9f00dabdab,08/30/2025 06:50:00 PM,1,DRIVER,,2040492,,JEEP,PATRIOT,IL,2014,NONE,SPORT UTILITY VEHICLE (SUV),PERSONAL,NE,TURNING LEFT,,,1,,,,,Y,,,,,,,,,,Y,Y,,FRONT-RIGHT-CORNER,,,,,,,,,,,,,,,,,,,,,,,,,,,,,,,,,
2140523,8ee0c0983a6ab4589d4c3d281521ed87844e81b7ac2ac06118ebeefd77fc7435e733af8bddb3fb5f8792e0cfcc2dd43db55631e256e551ad21fd1d9f00dabdab,08/30/2025 06:50:00 PM,2,DRIVER,3,2040495,,BUICK,LACROSSE,IL,2013,NONE,PASSENGER,PERSONAL,S,STRAIGHT AHEAD,Y,,4,,R/O'S,DOTY,,Y,Y,Y,,,,,,,,,,,FRONT,,,,,,,,,,,,,,,,,,,,,,,,,,,,,,,,,
2140524,8ee0c0983a6ab4589d4c3d281521ed87844e81b7ac2ac06118ebeefd77fc7435e733af8bddb3fb5f8792e0cfcc2dd43db55631e256e551ad21fd1d9f00dabdab,08/30/2025 06:50:00 PM,3,DRIVER,,2040501,,CHEVROLET,MALIBU,IL,2017,NONE,PASSENGER,PERSONAL,N,STRAIGHT AHEAD,Y,,1,,R/O'S,DOTY,,Y,,,,,,,,,,Y,Y,,OTHER,,,,,,,,,,,,,,,,,,,,,,,,,,,,,,,,,
2140495,3d2a9fbc7c83ec0077b8521f147ad14b208924372325671443e7f821164d40d149970c36d5fd6bcdb8ab1f2d186dc81561c83ee40865966e1505bbd127171f5d,08/30/2025 06:35:00 PM,1,DRIVER,,2040467,,MAZDA,MAZDA3,IL,2014,UNKNOWN,PASSENGER,UNKNOWN/NA,N,STRAIGHT AHEAD,,,1,,,,,,,,,,,,,,,,,Y,UNKNOWN,,,,,,,,,,,,,,,,,,,,,,,,,,,,,,,,,
2140496,3d2a9fbc7c83ec0077b8521f147ad14b208924372325671443e7f821164d40d149970c36d5fd6bcdb8ab1f2d186dc81561c83ee40865966e1505bbd127171f5d,08/30/2025 06:35:00 PM,2,BICYCLE,,,,,,,,,,,,,,,,,,,,,,,,,,,,,,,,,,,,,,,,,,,,,,,,,,,,,,,,,,,,,,,,,,
2140504,30dcd82c0d1312a8f0f088b6d36a2e71f6ad9efa9edc4c3540ddeff9af3ea9bb24d45ca5c2a2632d0b1aa9177fd293d1c2539682daa1f05351506fa5cc653285,08/30/2025 06:30:00 PM,1,DRIVER,,2040478,,CHEVROLET,IMPALA,IL,2014,NONE,PASSENGER,PERSONAL,S,STRAIGHT AHEAD,,,1,,,,,,,,,,,Y,Y,Y,Y,Y,,,FRONT-LEFT-CORNER,,,,,,,,,,,,,,,,,,,,,,,,,,,,,,,,,
2140505,30dcd82c0d1312a8f0f088b6d36a2e71f6ad9efa9edc4c3540ddeff9af3ea9bb24d45ca5c2a2632d0b1aa9177fd293d1c2539682daa1f05351506fa5cc653285,08/30/2025 06:30:00 PM,2,PARKED,,2040480,,SATURN,OUTLOOK,IL,2008,NONE,SPORT UTILITY VEHICLE (SUV),UNKNOWN/NA,S,PARKED,,,0,,,,,Y,Y,Y,Y,Y,,,,,,,,,FRONT-RIGHT-CORNER,,,,,,,,,,,,,,,,,,,,,,,,,,,,,,,,,
2140508,a53f99d8b545866ac6ecee9b568fea5332848ebd05daa86383ef2261e20f7e05427954ea0b8f40851db5e85d1ae718f8fd28883b508d1af4388f37e2d18e2606,08/30/2025 06:30:00 PM,1,DRIVER,3,2040481,,GENERAL MOTORS CORPORATION (GMC),YUKON,IL,2015,UNKNOWN,PASSENGER,RIDESHARE SERVICE,S,OTHER,,,4,,,,Y,,,,,,,,N,,,,,,SIDE-LEFT,,,,,,,,,,,,,,,,,,,,,,,,,,,,,,,,,
2140509,a53f99d8b545866ac6ecee9b568fea5332848ebd05daa86383ef2261e20f7e05427954ea0b8f40851db5e85d1ae718f8fd28883b508d1af4388f37e2d18e2606,08/30/2025 06:30:00 PM,2,BICYCLE,,,,,,,,,,,,,,,,,,,,,,,,,,,,,,,,,,,,,,,,,,,,,,,,,,,,,,,,,,,,,,,,,,
2140497,25a82bfa04794cf53da1b8d724d5bb96c3926a813d758a59a46296c6af7f5a3fc10903784395775c430485a66453c5d7af57e7af64213244cbc06bf0de27a25b,08/30/2025 06:28:00 PM,1,DRIVER,,2040468,,TOYOTA,COROLLA,IL,2010,NONE,PASSENGER,PERSONAL,S,TURNING LEFT,,,1,,,,,,,,,,,,,,,,Y,,FRONT,,,,,,,,,,,,,,,,,,,,,,,,,,,,,,,,,
2140498,25a82bfa04794cf53da1b8d724d5bb96c3926a813d758a59a46296c6af7f5a3fc10903784395775c430485a66453c5d7af57e7af64213244cbc06bf0de27a25b,08/30/2025 06:28:00 PM,2,DRIVER,,2040473,,CHEVROLET,TRAIL BLAZER,IN,2022,NONE,PASSENGER,PERSONAL,N,STRAIGHT AHEAD,N,,1,,,,,,Y,Y,Y,,,,Y,Y,Y,,,,SIDE-LEFT,,,,,,,,,,,,,,,,,,,,,,,,,,,,,,,,,
2140469,af085e7c041732170dc6fbf247587eba2305c92ce0da15c7c910e218c7782fd3806c95b23ba08c2863880c3cd334a00bf37900110136aba99adf0041150c1df7,08/30/2025 06:26:00 PM,1,DRIVER,,2040444,,BUICK,REGAL,IL,2016,NONE,PASSENGER,PERSONAL,E,CHANGING LANES,,,1,,,,,Y,Y,Y,,,,,,,,,,,SIDE-RIGHT-FRONT,,,,,,,,,,,,,,,,,,,,,,,,,,,,,,,,,
2140470,af085e7c041732170dc6fbf247587eba2305c92ce0da15c7c910e218c7782fd3806c95b23ba08c2863880c3cd334a00bf37900110136aba99adf0041150c1df7,08/30/2025 06:26:00 PM,2,PARKED,1,2040449,,FORD,EXPLORER,IL,2024,NONE,PASSENGER,POLICE,E,PARKED,,,1,,,,,,,,,,,,,,N,,,,OTHER,,,,,,,,,,,,,,,,,,,,,,,,,,,,,,,,,
2140488,ae489365d62d209bb488d08f29c61dcafb5f5463545a905a5ed2c3021cea2ece5b3ec358ef685c2dfa8bee99b0849f83c6522bfb3a8d62794a06f035d4788184,08/30/2025 06:22:00 PM,1,DRIVER,,2040466,,UNKNOWN,OTHER (EXPLAIN IN NARRATIVE),,,UNKNOWN,UNKNOWN/NA,UNKNOWN/NA,UNKNOWN,UNKNOWN/NA,,,1,,,,,,,,,,,,,,,,,Y,UNKNOWN,,,,,,,,,,,,,,,,,,,,,,,,,,,,,,,,,
2140489,ae489365d62d209bb488d08f29c61dcafb5f5463545a905a5ed2c3021cea2ece5b3ec358ef685c2dfa8bee99b0849f83c6522bfb3a8d62794a06f035d4788184,08/30/2025 06:22:00 PM,2,DRIVER,1,2040469,,HYUNDAI,ELANTRA,IL,2013,UNKNOWN,PASSENGER,PERSONAL,N,UNKNOWN/NA,Y,,2,,A&D,,,Y,,,,,,,,,,Y,Y,,FRONT,,,,,,,,,,,,,,,,,,,,,,,,,,,,,,,,,
2140490,ae489365d62d209bb488d08f29c61dcafb5f5463545a905a5ed2c3021cea2ece5b3ec358ef685c2dfa8bee99b0849f83c6522bfb3a8d62794a06f035d4788184,08/30/2025 06:22:00 PM,3,DRIVER,,2040475,N,BUICK,ENCORE,AZ,2022,UNKNOWN,PASSENGER,PERSONAL,E,UNKNOWN/NA,,,1,,,,,Y,Y,Y,Y,Y,,,,,,,,,SIDE-RIGHT,,,,,,,,,,,,,,,,,,,,,,,,,,,,,,,,,
2140894,cd03abe5a8365999fe7916d02b4837d48ce6635f0f9d545bfa38c5b3f9a0e38585969e804e44969a7b817ad6daff2c85caa7cd0633c880f3c1272c9a6099ccf7,08/30/2025 06:19:00 PM,1,DRIVER,,2040845,,DODGE,CALIBER,IL,2008,NONE,PASSENGER,PERSONAL,N,STRAIGHT AHEAD,,,1,,,,,Y,,,,,,,,,,Y,Y,,FRONT,,,,,,,,,,,,,,,,,,,,,,,,,,,,,,,,,
2140895,cd03abe5a8365999fe7916d02b4837d48ce6635f0f9d545bfa38c5b3f9a0e38585969e804e44969a7b817ad6daff2c85caa7cd0633c880f3c1272c9a6099ccf7,08/30/2025 06:19:00 PM,2,DRIVER,1,2040846,,BUICK,ENCORE,IL,2020,NONE,PASSENGER,PERSONAL,N,STRAIGHT AHEAD,,,2,,,,,,,,,Y,Y,Y,,,,,,,REAR,,,,,,,,,,,,,,,,,,,,,,,,,,,,,,,,,
2140478,6ea93798c4f4fd3f864b7d226afa9001c3e73d634d25265a9fde5e6e7a65998348bafb7c91be95fc00b5c991e2f071e8f2acaeb6df204a423df6e2d466e994d8,08/30/2025 06:15:00 PM,1,DRIVER,1,2040471,,CHEVROLET,EQUINOX,MO,2019,UNKNOWN,PASSENGER,PERSONAL,NW,TURNING LEFT,,,2,,,,,,,,,,,,,,Y,Y,,,SIDE-LEFT-FRONT,,,,,,,,,,,,,,,,,,,,,,,,,,,,,,,,,
2140479,6ea93798c4f4fd3f864b7d226afa9001c3e73d634d25265a9fde5e6e7a65998348bafb7c91be95fc00b5c991e2f071e8f2acaeb6df204a423df6e2d466e994d8,08/30/2025 06:15:00 PM,2,DRIVER,,2040477,,TOYOTA,PRIUS,IL,2005,UNKNOWN,PASSENGER,PERSONAL,S,STRAIGHT AHEAD,,,1,,,,,,,,,,,,,,Y,Y,,,SIDE-LEFT-FRONT,,,,,,,,,,,,,,,,,,,,,,,,,,,,,,,,,
2140483,28f783cfce1e1def8f7e8dc7c00128426a5b68ebcf2cc82bb8335dcd07d1b6bd789e3610e347b96f3c1fda7bc82388620834fdc074fc5ccd2b5a51abc181aa02,08/30/2025 06:10:00 PM,1,DRIVER,,2040452,,DODGE,DURANGO,IN,2021,UNKNOWN,SPORT UTILITY VEHICLE (SUV),PERSONAL,UNKNOWN,STRAIGHT AHEAD,,,1,,,,,,,,,,,,,,,,Y,,FRONT,,,,,,,,,,,,,,,,,,,,,,,,,,,,,,,,,
2140484,28f783cfce1e1def8f7e8dc7c00128426a5b68ebcf2cc82bb8335dcd07d1b6bd789e3610e347b96f3c1fda7bc82388620834fdc074fc5ccd2b5a51abc181aa02,08/30/2025 06:10:00 PM,2,DRIVER,,2040455,,TOYOTA,COROLLA,IL,2019,UNKNOWN,PASSENGER,PERSONAL,UNKNOWN,STRAIGHT AHEAD,,,1,,,,,Y,,,,Y,Y,Y,,,,Y,Y,,REAR,,,,,,,,,,,,,,,,,,,,,,,,,,,,,,,,,
2140485,28f783cfce1e1def8f7e8dc7c00128426a5b68ebcf2cc82bb8335dcd07d1b6bd789e3610e347b96f3c1fda7bc82388620834fdc074fc5ccd2b5a51abc181aa02,08/30/2025 06:10:00 PM,3,DRIVER,,2040460,,SUBARU,OUTBACK,IL,2022,UNKNOWN,SPORT UTILITY VEHICLE (SUV),PERSONAL,UNKNOWN,STRAIGHT AHEAD,,,1,,,,,,,,,Y,Y,Y,,,,,,,REAR,,,,,,,,,,,,,,,,,,,,,,,,,,,,,,,,,
2140973,5775b1de69ac24a23918540fe2d3657e5aabd94f637ed6336aef17c271cd6873f8adc5bd20b9818512d874bb049e874dc0323cb96274d90e19626e7f30ab8f8f,08/30/2025 06:01:00 PM,1,DRIVER,,2040929,,KIA,TELLURIDE,IL,2024,UNKNOWN,SPORT UTILITY VEHICLE (SUV),UNKNOWN/NA,E,MERGING,,,1,,,,,Y,,,,,,,,,,,,,FRONT-RIGHT-CORNER,,,,,,,,,,,,,,,,,,,,,,,,,,,,,,,,,