CRASH_UNIT_ID,CRASH_RECORD_ID,CRASH_DATE,UNIT_NO,UNIT_TYPE,NUM_PASSENGERS,VEHICLE_ID,CMRC_VEH_I,MAKE,MODEL,LIC_PLATE_STATE,VEHICLE_YEAR,VEHICLE_DEFECT,VEHICLE_TYPE,VEHICLE_USE,TRAVEL_DIRECTION,MANEUVER,TOWED_I,FIRE_I,OCCUPANT_CNT,EXCEED_SPEED_LIMIT_I,TOWED_BY,TOWED_TO,AREA_00_I,AREA_01_I,AREA_02_I,AREA_03_I,AREA_04_I,AREA_05_I,AREA_06_I,AREA_07_I,AREA_08_I,AREA_09_I,AREA_10_I,AREA_11_I,AREA_12_I,AREA_99_I,FIRST_CONTACT_POINT,CMV_ID,USDOT_NO,CCMC_NO,ILCC_NO,COMMERCIAL_SRC,GVWR,CARRIER_NAME,CARRIER_STATE,CARRIER_CITY,HAZMAT_PLACARDS_I,HAZMAT_NAME,UN_NO,HAZMAT_PRESENT_I,HAZMAT_REPORT_I,HAZMAT_REPORT_NO,MCS_REPORT_I,MCS_REPORT_NO,HAZMAT_VIO_CAUSE_CRASH_I,MCS_VIO_CAUSE_CRASH_I,IDOT_PERMIT_NO,WIDE_LOAD_I,TRAILER1_WIDTH,TRAILER2_WIDTH,TRAILER1_LENGTH,TRAILER2_LENGTH,TOTAL_VEHICLE_LENGTH,AXLE_CNT,VEHICLE_CONFIG,CARGO_BODY_TYPE,LOAD_TYPE,HAZMAT_OUT_OF_SERVICE_I,MCS_OUT_OF_SERVICE_I,HAZMAT_CLASS
2140974,5775b1de69ac24a23918540fe2d3657e5aabd94f637ed6336aef17c271cd6873f8adc5bd20b9818512d874bb049e874dc0323cb96274d90e19626e7f30ab8f8f,08/30/2025 06:01:00 PM,2,DRIVER,,2040935,,KIA,OPTIMA / K5,IL,2022,NONE,PASSENGER,PERSONAL,E,STRAIGHT AHEAD,,,1,,,,,,,,,,,,Y,,,,,,REAR-LEFT-CORNER,,,,,,,,,,,,,,,,,,,,,,,,,,,,,,,,,
2140702,58254a702340bf750d6dc39844c72e1a144d1922a55814af29f9dbbb76c9c9cdb3e22b71b4a97fe0453adf7e673da9f4df2b73cd8fe17abce361799ec3eea511,08/30/2025 06:00:00 PM,1,DRIVER,,2040665,,UNKNOWN,OTHER (EXPLAIN IN NARRATIVE),XX,,UNKNOWN,UNKNOWN/NA,UNKNOWN/NA,E,UNKNOWN/NA,,,1,,,,,,,,,,,,,,,,,Y,UNKNOWN,,,,,,,,,,,,,,,,,,,,,,,,,,,,,,,,,
2140703,58254a702340bf750d6dc39844c72e1a144d1922a55814af29f9dbbb76c9c9cdb3e22b71b4a97fe0453adf7e673da9f4df2b73cd8fe17abce361799ec3eea511,08/30/2025 06:00:00 PM,2,PARKED,,2040667,,GENERAL MOTORS CORPORATION (GMC),DENALI,IL,2022,NONE,PICKUP,NOT IN USE,E,PARKED,,,0,,,,,,,,,,Y,Y,,,,,,,REAR-LEFT-CORNER,,,,,,,,,,,,,,,,,,,,,,,,,,,,,,,,,
2140979,941c8de33aa44e6b24b0bb011ffddd5244f1d1649f31b05904df8b31e619cd7fe4cd0f4adfe96fd566b398445a14be16120115e7979784fb33b968d7b1ed44bf,08/30/2025 06:00:00 PM,1,DRIVER,,2040928,,UNKNOWN,OTHER (EXPLAIN IN NARRATIVE),,,UNKNOWN,UNKNOWN/NA,UNKNOWN/NA,UNKNOWN,UNKNOWN/NA,,,1,,,,,,,,,,,,,,,,,Y,UNKNOWN,,,,,,,,,,,,,,,,,,,,,,,,,,,,,,,,,
2140980,941c8de33aa44e6b24b0bb011ffddd5244f1d1649f31b05904df8b31e619cd7fe4cd0f4adfe96fd566b398445a14be16120115e7979784fb33b968d7b1ed44bf,08/30/2025 06:00:00 PM,2,PARKED,,2040932,,MAZDA,CX-5,FL,2025,UNKNOWN,SPORT UTILITY VEHICLE (SUV),NOT IN USE,UNKNOWN,PARKED,,,0,,,,,,,Y,Y,,,,,,,,,,SIDE-RIGHT,,,,,,,,,,,,,,,,,,,,,,,,,,,,,,,,,
2140459,871c953bf62125583bfb90199d5e344147fd628339c218839f6a2ca77f328fcaba23c9191d5608954e75ca8f97239393bde3cbc8833285f413bac1a32e2281cd,08/30/2025 05:40:00 PM,1,DRIVER,1,2040438,,TOYOTA,COROLLA,IL,2025,NONE,PASSENGER,PERSONAL,W,PASSING/OVERTAKING,,,2,,,,,Y,,,,,,,,,,,Y,,FRONT,,,,,,,,,,,,,,,,,,,,,,,,,,,,,,,,,
2140460,871c953bf62125583bfb90199d5e344147fd628339c218839f6a2ca77f328fcaba23c9191d5608954e75ca8f97239393bde3cbc8833285f413bac1a32e2281cd,08/30/2025 05:40:00 PM,2,DRIVER,2,2040446,,TOYOTA,CAMRY,IL,2018,NONE,PASSENGER,PERSONAL,S,STRAIGHT AHEAD,,,3,,,,,,,,,,,,,,Y,Y,,,SIDE-LEFT-FRONT,,,,,,,,,,,,,,,,,,,,,,,,,,,,,,,,,
2140552,bbedeb035cc79d9135450e40891fb392813219661179bf149d756f9c81af9d83d98868a20ed352551e636e42e051eb344bbbe660ae56d5adbecc356fd8183297,08/30/2025 05:40:00 PM,1,DRIVER,,2040517,,CHEVROLET,TRAX,IL,2025,UNKNOWN,PASSENGER,PERSONAL,N,STRAIGHT AHEAD,,,1,,,,,Y,,,,,,,,,,Y,Y,,FRONT,,,,,,,,,,,,,,,,,,,,,,,,,,,,,,,,,
2140553,bbedeb035cc79d9135450e40891fb392813219661179bf149d756f9c81af9d83d98868a20ed352551e636e42e051eb344bbbe660ae56d5adbecc356fd8183297,08/30/2025 05:40:00 PM,2,DRIVER,,2040521,,CAN-AM,CAN-AM,IL,2014,NONE,MOTORCYCLE (OVER 150CC),PERSONAL,N,STRAIGHT AHEAD,,,1,,,,N,,,,,,Y,,,,,,,,REAR,,,,,,,,,,,,,,,,,,,,,,,,,,,,,,,,,
2140554,bbedeb035cc79d9135450e40891fb392813219661179bf149d756f9c81af9d83d98868a20ed352551e636e42e051eb344bbbe660ae56d5adbecc356fd8183297,08/30/2025 05:40:00 PM,3,DRIVER,,2040528,,KAWASAKI,MOTORCYCLE,IL,2015,NONE,MOTORCYCLE (OVER 150CC),PERSONAL,N,STRAIGHT AHEAD,,,1,,,,,,,,,,,,,,,,,,REAR,,,,,,,,,,,,,,,,,,,,,,,,,,,,,,,,,
2140425,980f6e82c22ece40b16d3d5d8e8398a1deec459ca8f51c6fc81c2b9b49e61e2f2f3bfe573e94ce645d769c098f42b1c4f9d40607090d5ec132a783c32c999207,08/30/2025 05:38:00 PM,1,DRIVER,,2040415,,SCION,XA,IL,2006,NONE,PASSENGER,PERSONAL,N,STRAIGHT AHEAD,,,1,,,,,,,,,,,,,,,,Y,,FRONT,,,,,,,,,,,,,,,,,,,,,,,,,,,,,,,,,
2140426,980f6e82c22ece40b16d3d5d8e8398a1deec459ca8f51c6fc81c2b9b49e61e2f2f3bfe573e94ce645d769c098f42b1c4f9d40607090d5ec132a783c32c999207,08/30/2025 05:38:00 PM,2,DRIVER,,2040428,,TOYOTA,CAMRY,IL,2021,NONE,PASSENGER,PERSONAL,N,SLOW/STOP IN TRAFFIC,,,1,,,,,,,,,,,Y,,,,,,,REAR-LEFT-CORNER,,,,,,,,,,,,,,,,,,,,,,,,,,,,,,,,,
2140463,d0fa4fe0d7e7a13c060f7b11d0ce8149f69e9b514989acec7f5b5aa9f382f13f642f3450441e6b790086f4e53231e12d386a05e68c8fe3fefd4ffa3e9d729b71,08/30/2025 05:34:00 PM,1,DRIVER,,2040435,,NISSAN,ALTIMA,IL,2010,NONE,PASSENGER,PERSONAL,E,STRAIGHT AHEAD,,,1,,,,,,,,,Y,Y,Y,,,,,,,REAR,,,,,,,,,,,,,,,,,,,,,,,,,,,,,,,,,
2140464,d0fa4fe0d7e7a13c060f7b11d0ce8149f69e9b514989acec7f5b5aa9f382f13f642f3450441e6b790086f4e53231e12d386a05e68c8fe3fefd4ffa3e9d729b71,08/30/2025 05:34:00 PM,2,DRIVER,,2040439,,NISSAN,SENTRA,IL,2024,NONE,PASSENGER,PERSONAL,W,STRAIGHT AHEAD,,,1,,,,,,,,,,,Y,Y,Y,Y,Y,,,SIDE-LEFT,,,,,,,,,,,,,,,,,,,,,,,,,,,,,,,,,
2140451,199a57e4ede723c9e41607903e6d1c5836da89080f72b06ec431410f9ba3e0e2c607170acee0f9a17e4795a15ec0e08855cc12c3b7c2c56b8cf2e37d238dad4c,08/30/2025 05:33:00 PM,1,DRIVER,,2040443,,CADILLAC,XT5,IL,2019,UNKNOWN,SPORT UTILITY VEHICLE (SUV),DRIVER EDUCATION,S,PASSING/OVERTAKING,,,1,,,,,Y,,,,,,,,,,Y,Y,,FRONT,,,,,,,,,,,,,,,,,,,,,,,,,,,,,,,,,
2140452,199a57e4ede723c9e41607903e6d1c5836da89080f72b06ec431410f9ba3e0e2c607170acee0f9a17e4795a15ec0e08855cc12c3b7c2c56b8cf2e37d238dad4c,08/30/2025 05:33:00 PM,2,DRIVER,,2040450,,DODGE,OTHER (EXPLAIN IN NARRATIVE),IL,2024,UNKNOWN,SPORT UTILITY VEHICLE (SUV),PERSONAL,S,STRAIGHT AHEAD,,,1,,,,,,,,,Y,Y,Y,,,,,,,REAR,,,,,,,,,,,,,,,,,,,,,,,,,,,,,,,,,
2140514,1d11aa6083b30d565caf84ba65ecc32da51f74d07603babfbfc8090257708094d704e2b8392576c912f77e71f16af778012b5299fb38cdd8d5ec4a7270fba2b7,08/30/2025 05:30:00 PM,1,DRIVER,,2040491,,TOYOTA,CAMRY,IL,2007,UNKNOWN,PASSENGER,PERSONAL,N,STRAIGHT AHEAD,,,1,,,,,,,,,,,,,,,Y,Y,,FRONT-LEFT-CORNER,,,,,,,,,,,,,,,,,,,,,,,,,,,,,,,,,
2140515,1d11aa6083b30d565caf84ba65ecc32da51f74d07603babfbfc8090257708094d704e2b8392576c912f77e71f16af778012b5299fb38cdd8d5ec4a7270fba2b7,08/30/2025 05:30:00 PM,2,DRIVER,,2040496,,JEEP,GRAND CHEROKEE,IL,2015,UNKNOWN,PASSENGER,PERSONAL,S,STRAIGHT AHEAD,,,1,,,,,Y,,,,,,,,,,N,Y,,FRONT,,,,,,,,,,,,,,,,,,,,,,,,,,,,,,,,,
2140516,1d11aa6083b30d565caf84ba65ecc32da51f74d07603babfbfc8090257708094d704e2b8392576c912f77e71f16af778012b5299fb38cdd8d5ec4a7270fba2b7,08/30/2025 05:30:00 PM,3,DRIVER,,2040509,,TOYOTA,4RUNNER,IL,1998,UNKNOWN,UNKNOWN/NA,UNKNOWN/NA,S,STRAIGHT AHEAD,,,1,,,,,,,,,,,,Y,Y,Y,,,,SIDE-LEFT,,,,,,,,,,,,,,,,,,,,,,,,,,,,,,,,,
2140421,f0bb9c9871d2a463a0bed90c9c525f4a640dea4603ba086c160a08ea2ae8916c890655bfe1efbda63e7841a03416f4cc615613b9285a7db9630c1aec532a6207,08/30/2025 05:30:00 PM,1,DRIVER,,2040395,,CHEVROLET,BLAZER,IL,2023,NONE,PASSENGER,PERSONAL,N,STRAIGHT AHEAD,Y,,1,,PRIVATE,UNKNOWN,,Y,,,,,,,,,Y,Y,Y,,FRONT-LEFT-CORNER,,,,,,,,,,,,,,,,,,,,,,,,,,,,,,,,,
2140422,f0bb9c9871d2a463a0bed90c9c525f4a640dea4603ba086c160a08ea2ae8916c890655bfe1efbda63e7841a03416f4cc615613b9285a7db9630c1aec532a6207,08/30/2025 05:30:00 PM,2,DRIVER,1,2040401,,MERCURY,MOUNTAINEER,IL,2010,NONE,PASSENGER,PERSONAL,W,STRAIGHT AHEAD,Y,,2,,E&R TOWING,POUND 2,,,,,,,,Y,Y,Y,,,,,REAR-LEFT-CORNER,,,,,,,,,,,,,,,,,,,,,,,,,,,,,,,,,
2140947,66cf0c15d48d2648fe312e5436e64dba36ae95390375aceafc2413bc59aaa1ca10215bdb4e2ef73a7aeff19307673d9dfa69aaf531ecfbf358789ac354c0e158,08/30/2025 05:25:00 PM,1,DRIVER,1,2040894,,FORD,EXPLORER,IL,2021,NONE,PASSENGER,POLICE,E,STRAIGHT AHEAD,,,2,,,,,,,,,,,,,,,,Y,,FRONT,,,,,,,,,,,,,,,,,,,,,,,,,,,,,,,,,
2140948,66cf0c15d48d2648fe312e5436e64dba36ae95390375aceafc2413bc59aaa1ca10215bdb4e2ef73a7aeff19307673d9dfa69aaf531ecfbf358789ac354c0e158,08/30/2025 05:25:00 PM,2,BICYCLE,,,,,,,,,,,,,,,,,,,,,,,,,,,,,,,,,,,,,,,,,,,,,,,,,,,,,,,,,,,,,,,,,,
2140427,7fc360cf749179869d61262255ac7bf5a92bac786380a01d6a989c0f88c593a7cc71dc35511222c50dbfa509196ecc38f24ed2e7d6fdd2acb3e7cb732b7a7caf,08/30/2025 05:21:00 PM,1,DRIVER,,2040405,,CHRYSLER,300,IN,2018,UNKNOWN,PASSENGER,PERSONAL,S,SKIDDING/CONTROL LOSS,Y,,1,,PRIVATE TOW,,,Y,,,,,,,,,,Y,Y,,FRONT,,,,,,,,,,,,,,,,,,,,,,,,,,,,,,,,,
2140445,629fa1def07692426e7995b1d1de16619ebba7482eb1363eeedba4916994b7847c5435f3c7732ab24d06c874c016f690ceb6efe00ff953398774bde01bddf11d,08/30/2025 05:20:00 PM,1,DRIVER,,2040419,,UNKNOWN,OTHER (EXPLAIN IN NARRATIVE),,,UNKNOWN,UNKNOWN/NA,UNKNOWN/NA,UNKNOWN,UNKNOWN/NA,,,1,,,,,,,,,,,,,,,,,,UNKNOWN,,,,,,,,,,,,,,,,,,,,,,,,,,,,,,,,,
2140446,629fa1def07692426e7995b1d1de16619ebba7482eb1363eeedba4916994b7847c5435f3c7732ab24d06c874c016f690ceb6efe00ff953398774bde01bddf11d,08/30/2025 05:20:00 PM,2,PARKED,,2040425,,MERCEDES-BENZ,GLE,IL,2017,UNKNOWN,SPORT UTILITY VEHICLE (SUV),NOT IN USE,UNKNOWN,PARKED,,,0,,,,,,,,,,,,Y,Y,Y,,,,SIDE-LEFT,,,,,,,,,,,,,,,,,,,,,,,,,,,,,,,,,
2140417,b3201afdbeb5e20c930244169ca415dac0aead3d0b85ba1994890940e08ad9dffb7d98867852a9d74d8687a3a1c60e5115b5f1b7d32079f0f235fe62fa849b94,08/30/2025 05:20:00 PM,1,DRIVER,,2040388,,UNKNOWN,OTHER (EXPLAIN IN NARRATIVE),,,UNKNOWN,UNKNOWN/NA,UNKNOWN/NA,UNKNOWN,UNKNOWN/NA,,,1,,,,,,,,,,,,,,,,,Y,UNKNOWN,,,,,,,,,,,,,,,,,,,,,,,,,,,,,,,,,
2140418,b3201afdbeb5e20c930244169ca415dac0aead3d0b85ba1994890940e08ad9dffb7d98867852a9d74d8687a3a1c60e5115b5f1b7d32079f0f235fe62fa849b94,08/30/2025 05:20:00 PM,2,PARKED,,2040393,,SUBARU,OUTBACK,IL,2018,UNKNOWN,SPORT UTILITY VEHICLE (SUV),PERSONAL,S,PARKED,,,0,,,,,,,,,,,,,,Y,Y,,Y,UNKNOWN,,,,,,,,,,,,,,,,,,,,,,,,,,,,,,,,,
2140428,052421cf6e9853e2051feb125cf7900719c781ca3ed1d2cc068793528cd7593f2fabfee2f75a1b22ef80b6347b773e05822ca76c6ba245026f5acddb61ed0aa7,08/30/2025 05:15:00 PM,1,DRIVER,,2040404,,CHEVROLET,TRAVERSE,IL,2018,UNKNOWN,UNKNOWN/NA,UNKNOWN/NA,UNKNOWN,UNKNOWN/NA,,,1,,,,,,,,,,,,,,,,,Y,UNKNOWN,,,,,,,,,,,,,,,,,,,,,,,,,,,,,,,,,
2140429,052421cf6e9853e2051feb125cf7900719c781ca3ed1d2cc068793528cd7593f2fabfee2f75a1b22ef80b6347b773e05822ca76c6ba245026f5acddb61ed0aa7,08/30/2025 05:15:00 PM,2,PARKED,,2040407,,HONDA,CR-V,IL,2009,NONE,SPORT UTILITY VEHICLE (SUV),NOT IN USE,W,PARKED,,,0,,,,,,,Y,Y,Y,,,,,,,,,REAR-RIGHT-CORNER,,,,,,,,,,,,,,,,,,,,,,,,,,,,,,,,,
2140461,eda6dc95e5707ac10e47974ddb31aaaa7165ff54580821bcb87a663eb4608e48a99d9123d73a72454f98893e76cb29ff1e6f70423a2a1eb1c1abb4f3140fe6c0,08/30/2025 05:12:00 PM,1,DRIVER,,2040431,,CHEVROLET,EQUINOX,IL,2017,UNKNOWN,SPORT UTILITY VEHICLE (SUV),PERSONAL,UNKNOWN,BACKING,,,1,,,,,,,,,,Y,,,,,,,,REAR,,,,,,,,,,,,,,,,,,,,,,,,,,,,,,,,,
2140462,eda6dc95e5707ac10e47974ddb31aaaa7165ff54580821bcb87a663eb4608e48a99d9123d73a72454f98893e76cb29ff1e6f70423a2a1eb1c1abb4f3140fe6c0,08/30/2025 05:12:00 PM,2,PARKED,,2040436,,VOLKSWAGEN,TIGUAN,IL,2023,UNKNOWN,SPORT UTILITY VEHICLE (SUV),NOT IN USE,UNKNOWN,PARKED,,,0,,,,,,,,,,Y,,,,,,,,REAR,,,,,,,,,,,,,,,,,,,,,,,,,,,,,,,,,
2140400,87fcfda4de76437ea6c68c3d1ec5bc3f0b4cd72b41ec2bdb01142153950be252eda2968ee541953b44c1d2f6f35d237a2873908e22159b4ef34328449c37df28,08/30/2025 05:04:00 PM,1,DRIVER,1,2040375,,MERCEDES-BENZ,GLC,IL,2025,UNKNOWN,PASSENGER,PERSONAL,E,STRAIGHT AHEAD,,,2,,,,,,,,,Y,Y,Y,,,,,,,REAR-RIGHT-CORNER,,,,,,,,,,,,,,,,,,,,,,,,,,,,,,,,,
2140401,87fcfda4de76437ea6c68c3d1ec5bc3f0b4cd72b41ec2bdb01142153950be252eda2968ee541953b44c1d2f6f35d237a2873908e22159b4ef34328449c37df28,08/30/2025 05:04:00 PM,2,DRIVER,,2040394,,LINCOLN,AVIATOR,IL,2023,UNKNOWN,PASSENGER,TAXI/FOR HIRE,N,STRAIGHT AHEAD,Y,,1,,PRIVATE,,,Y,,,,,,,,,,Y,,,FRONT,,,,,,,,,,,,,,,,,,,,,,,,,,,,,,,,,
2140465,33fb571a725d6204adea14a3d4872fbc789485a468a1c756b73852e7abc68c3443982b001b374d3d364fe1ebc5fad24ed1ecc7dea2494b4b2b762f1ebe63779e,08/30/2025 04:45:00 PM,1,DRIVER,,2040459,,NISSAN,SENTRA,IL,2006,UNKNOWN,PASSENGER,PERSONAL,N,STRAIGHT AHEAD,,,1,,,,,,,,,,,,,,,Y,,,FRONT-LEFT-CORNER,,,,,,,,,,,,,,,,,,,,,,,,,,,,,,,,,
2140466,33fb571a725d6204adea14a3d4872fbc789485a468a1c756b73852e7abc68c3443982b001b374d3d364fe1ebc5fad24ed1ecc7dea2494b4b2b762f1ebe63779e,08/30/2025 04:45:00 PM,2,DRIVER,,2040463,,GENERAL MOTORS CORPORATION (GMC),SIERRA,IL,2008,NONE,PICKUP,PERSONAL,N,STRAIGHT AHEAD,,,1,,,,,Y,,,,,,,,,,,,,FRONT-RIGHT-CORNER,,,,,,,,,,,,,,,,,,,,,,,,,,,,,,,,,
2140432,940c42a3ec7ae9140c2428a553915d1b3cbbd2becd95c7fd00bdd7cd4a0705aa4b035fdcbcf68b4e7dc850317a03c1e0ce1f61e4457341a7261df67aad6ebff4,08/30/2025 04:44:00 PM,1,DRIVER,,2040408,,UNKNOWN,OTHER (EXPLAIN IN NARRATIVE),IL,,UNKNOWN,UNKNOWN/NA,UNKNOWN/NA,UNKNOWN,BACKING,,,1,,,,,,,,,,Y,Y,,,,,,,UNKNOWN,,,,,,,,,,,,,,,,,,,,,,,,,,,,,,,,,
2140433,940c42a3ec7ae9140c2428a553915d1b3cbbd2becd95c7fd00bdd7cd4a0705aa4b035fdcbcf68b4e7dc850317a03c1e0ce1f61e4457341a7261df67aad6ebff4,08/30/2025 04:44:00 PM,2,DRIVER,2,2040410,,CHEVROLET,TRAIL BLAZER,IL,2024,NONE,PASSENGER,PERSONAL,W,LEAVING TRAFFIC LANE TO PARK,,,3,,,,,,,,,Y,Y,,,,,,,,REAR,,,,,,,,,,,,,,,,,,,,,,,,,,,,,,,,,
2140453,fc9009537e7389c53bc9262bd140ef49c5a344425ae9c4ae7be76b18cdd4f8481c1664e2ee51b7ad49b1f0472df8795be7d4f4583f68f2e191fdb6feda8e581e,08/30/2025 04:44:00 PM,1,DRIVER,,2040430,,GENERAL MOTORS CORPORATION (GMC),SIERRA,IL,2008,NONE,PICKUP,UNKNOWN/NA,NE,TURNING LEFT,,,1,,,,,,,,,,,,,,,N,Y,,FRONT-RIGHT-CORNER,,,,,,,,,,,,,,,,,,,,,,,,,,,,,,,,,
2140454,fc9009537e7389c53bc9262bd140ef49c5a344425ae9c4ae7be76b18cdd4f8481c1664e2ee51b7ad49b1f0472df8795be7d4f4583f68f2e191fdb6feda8e581e,08/30/2025 04:44:00 PM,2,DRIVER,1,2040434,,NISSAN,SENTRA,IL,2006,NONE,PASSENGER,PERSONAL,N,STRAIGHT AHEAD,,,2,,,,,,,,,,,,,,,Y,Y,,FRONT-LEFT-CORNER,,,,,,,,,,,,,,,,,,,,,,,,,,,,,,,,,
2140471,c91c7f7d79948205d3a8da1d0f5adec33f3b7637f91d3b5b534e2529453f647211bb797c7204f64ed30743ff31fd9803b0bfa35614c943c2d2f06b7a4f6bbb71,08/30/2025 04:43:00 PM,1,DRIVER,,2040440,,DODGE,JOURNEY,IN,2014,UNKNOWN,UNKNOWN/NA,UNKNOWN/NA,W,OTHER,,,1,,,,,,,,Y,,,,,,,,,,REAR-RIGHT-CORNER,,,,,,,,,,,,,,,,,,,,,,,,,,,,,,,,,
2140472,c91c7f7d79948205d3a8da1d0f5adec33f3b7637f91d3b5b534e2529453f647211bb797c7204f64ed30743ff31fd9803b0bfa35614c943c2d2f06b7a4f6bbb71,08/30/2025 04:43:00 PM,2,DRIVER,,2040447,,GENERAL MOTORS CORPORATION (GMC),ACADIA,IL,2026,UNKNOWN,PASSENGER,PERSONAL,E,OTHER,,,1,,,,,,,,,,,,,,Y,Y,,,FRONT-LEFT-CORNER,,,,,,,,,,,,,,,,,,,,,,,,,,,,,,,,,
2140441,2764913f5c97c0f46565b06d30b304c836c249aaf4eb1ad149f9251c369bdecfaaf6ecf21d76979b136154e93d51e81e00b0357843b317539cb5a18ed3f139ab,08/30/2025 04:40:00 PM,1,DRIVER,,2040418,,HONDA,HR-V,IL,2024,NONE,PASSENGER,PERSONAL,W,TURNING LEFT,,,1,,,,,,,Y,Y,Y,,,,,N,,,,NONE,,,,,,,,,,,,,,,,,,,,,,,,,,,,,,,,,
2140442,2764913f5c97c0f46565b06d30b304c836c249aaf4eb1ad149f9251c369bdecfaaf6ecf21d76979b136154e93d51e81e00b0357843b317539cb5a18ed3f139ab,08/30/2025 04:40:00 PM,2,DRIVER,,2040426,,FORD,EXPLORER,IL,2018,NONE,SPORT UTILITY VEHICLE (SUV),PERSONAL,E,STRAIGHT AHEAD,,,1,,,,,Y,,,,,,,,,,,Y,,FRONT,,,,,,,,,,,,,,,,,,,,,,,,,,,,,,,,,
2140437,1dfa7720858e679341a0763f96e025a6465887d652f2b3fdafa0651ae4b5090ca99cccabc8430992a9f9707442e0103c8dcca841efda328fb38e4db17c84670d,08/30/2025 04:30:00 PM,1,DRIVER,,2040413,,CHEVROLET,TRAX,IL,2016,UNKNOWN,PASSENGER,PERSONAL,E,STRAIGHT AHEAD,,,1,,,,,Y,,,,,,,,,,Y,Y,,FRONT,,,,,,,,,,,,,,,,,,,,,,,,,,,,,,,,,
2140438,1dfa7720858e679341a0763f96e025a6465887d652f2b3fdafa0651ae4b5090ca99cccabc8430992a9f9707442e0103c8dcca841efda328fb38e4db17c84670d,08/30/2025 04:30:00 PM,2,DRIVER,,2040416,,TOYOTA,CAMRY,IL,2025,UNKNOWN,PASSENGER,PERSONAL,E,SLOW/STOP IN TRAFFIC,,,1,,,,,,,,,Y,Y,Y,,,,,,,REAR,,,,,,,,,,,,,,,,,,,,,,,,,,,,,,,,,
2140375,8f47a87cb91eb6caa16d0925a2260537f63bf413151477cb4c0c8cb1ee3561603205fa6f326e4d5ef62d84cba3522c8334b16f5b38a09f58180ff040da88eef6,08/30/2025 04:25:00 PM,1,DRIVER,1,2040344,,HYUNDAI,TUCSON,IL,2012,NONE,SPORT UTILITY VEHICLE (SUV),PERSONAL,W,UNKNOWN/NA,Y,,2,,,,,Y,,,,,,,,,,Y,Y,,FRONT,,,,,,,,,,,,,,,,,,,,,,,,,,,,,,,,,
2140439,234361562217465ec485bc3491336f2c81f540b15a9a16bf9c452e856058cfd81dc12be389517133c3d0b464dc82062316d3721d0b4cd4155e9f57919c1be998,08/30/2025 04:20:00 PM,1,DRIVER,,2040423,,TOYOTA,PRIUS,IL,2017,UNKNOWN,PASSENGER,PERSONAL,W,ENTERING TRAFFIC LANE FROM PARKING,,,1,,,,,,,,,,,,,Y,Y,Y,,,FRONT-LEFT-CORNER,,,,,,,,,,,,,,,,,,,,,,,,,,,,,,,,,
2140440,234361562217465ec485bc3491336f2c81f540b15a9a16bf9c452e856058cfd81dc12be389517133c3d0b464dc82062316d3721d0b4cd4155e9f57919c1be998,08/30/2025 04:20:00 PM,2,DRIVER,,2040420,,MAZDA,TRIBUTE,IL,2008,UNKNOWN,SPORT UTILITY VEHICLE (SUV),PERSONAL,W,STRAIGHT AHEAD,,,1,,,,,Y,Y,Y,,,,,,,,,,,SIDE-RIGHT,,,,,,,,,,,,,,,,,,,,,,,,,,,,,,,,,
2140413,657bc815aa5588531f4b0d0b5487e566a119558aaa9aedcf462937eef4f0ce1ffa7c5751dc578d8ad0f06fc146bd3a607d00cc99e745db8c90be7a0df48e9940,08/30/2025 04:20:00 PM,1,DRIVER,,2040383,,CHEVROLET,EQUINOX,IL,2018,UNKNOWN,UNKNOWN/NA,UNKNOWN/NA,S,STRAIGHT AHEAD,,,1,,,,,,,,,,,,,,,,,Y,UNKNOWN,,,,,,,,,,,,,,,,,,,,,,,,,,,,,,,,,
2140414,657bc815aa5588531f4b0d0b5487e566a119558aaa9aedcf462937eef4f0ce1ffa7c5751dc578d8ad0f06fc146bd3a607d00cc99e745db8c90be7a0df48e9940,08/30/2025 04:20:00 PM,2,DRIVER,,2040387,,NISSAN,ALTIMA,IL,2022,NONE,PASSENGER,PERSONAL,E,STRAIGHT AHEAD,,,1,,,,,Y,Y,,,,,,,,Y,Y,Y,,FRONT,,,,,,,,,,,,,,,,,,,,,,,,,,,,,,,,,
2140435,bcddef22a1267f72dbfa55cbf99bc4f7cb7a3a7649a380b6db54b54d2f27d87b42572d97e629305b759e7c3cfe380425c6ce84f6342d3a11f12ba2d77e1008fa,08/30/2025 04:20:00 PM,1,DRIVER,1,2040414,,JEEP,PATRIOT,IL,2014,NONE,PASSENGER,PERSONAL,W,STRAIGHT AHEAD,Y,,2,,private tow,,,Y,Y,Y,Y,,,,,,,,,,SIDE-RIGHT,,,,,,,,,,,,,,,,,,,,,,,,,,,,,,,,,
2140436,bcddef22a1267f72dbfa55cbf99bc4f7cb7a3a7649a380b6db54b54d2f27d87b42572d97e629305b759e7c3cfe380425c6ce84f6342d3a11f12ba2d77e1008fa,08/30/2025 04:20:00 PM,2,DRIVER,,2040429,,TOYOTA,COROLLA,IL,2017,NONE,PASSENGER,PERSONAL,S,STRAIGHT AHEAD,Y,,1,,private tow,,,Y,,,,,,,,,,Y,Y,,FRONT,,,,,,,,,,,,,,,,,,,,,,,,,,,,,,,,,