CRASH_UNIT_ID,CRASH_RECORD_ID,CRASH_DATE,UNIT_NO,UNIT_TYPE,NUM_PASSENGERS,VEHICLE_ID,CMRC_VEH_I,MAKE,MODEL,LIC_PLATE_STATE,VEHICLE_YEAR,VEHICLE_DEFECT,VEHICLE_TYPE,VEHICLE_USE,TRAVEL_DIRECTION,MANEUVER,TOWED_I,FIRE_I,OCCUPANT_CNT,EXCEED_SPEED_LIMIT_I,TOWED_BY,TOWED_TO,AREA_00_I,AREA_01_I,AREA_02_I,AREA_03_I,AREA_04_I,AREA_05_I,AREA_06_I,AREA_07_I,AREA_08_I,AREA_09_I,AREA_10_I,AREA_11_I,AREA_12_I,AREA_99_I,FIRST_CONTACT_POINT,CMV_ID,USDOT_NO,CCMC_NO,ILCC_NO,COMMERCIAL_SRC,GVWR,CARRIER_NAME,CARRIER_STATE,CARRIER_CITY,HAZMAT_PLACARDS_I,HAZMAT_NAME,UN_NO,HAZMAT_PRESENT_I,HAZMAT_REPORT_I,HAZMAT_REPORT_NO,MCS_REPORT_I,MCS_REPORT_NO,HAZMAT_VIO_CAUSE_CRASH_I,MCS_VIO_CAUSE_CRASH_I,IDOT_PERMIT_NO,WIDE_LOAD_I,TRAILER1_WIDTH,TRAILER2_WIDTH,TRAILER1_LENGTH,TRAILER2_LENGTH,TOTAL_VEHICLE_LENGTH,AXLE_CNT,VEHICLE_CONFIG,CARGO_BODY_TYPE,LOAD_TYPE,HAZMAT_OUT_OF_SERVICE_I,MCS_OUT_OF_SERVICE_I,HAZMAT_CLASS
2140423,52a7579dc7f9bd9a7618ae58a83093703fd31491eed40a6f699f5df5d7fb1328f8b6d2dcb06b3fad628b7fbc6b914864f04d599c761a37dfadffca04faa32ab9,08/30/2025 04:05:00 PM,1,DRIVER,,2040402,,DODGE,CHARGER,IL,2017,NONE,PASSENGER,UNKNOWN/NA,UNKNOWN,BACKING,,,1,,,,,,,,,,Y,,,,,,,,REAR,,,,,,,,,,,,,,,,,,,,,,,,,,,,,,,,,
2140424,52a7579dc7f9bd9a7618ae58a83093703fd31491eed40a6f699f5df5d7fb1328f8b6d2dcb06b3fad628b7fbc6b914864f04d599c761a37dfadffca04faa32ab9,08/30/2025 04:05:00 PM,2,PARKED,,2040403,,VOLVO,XC90,IL,2016,NONE,PASSENGER,NOT IN USE,UNKNOWN,PARKED,,,0,,,,,,,,,,Y,,,,,,,,REAR,,,,,,,,,,,,,,,,,,,,,,,,,,,,,,,,,
2140370,6126f516fc9fe96e75b0ea3dd7e6c50fca0abf836da28b1e14b75f6f670c2fe04d76f3970f87645ac31de8336e02a9a84122da5a3f07c21caba0c17b80db76aa,08/30/2025 04:01:00 PM,1,DRIVER,,2040347,,TOYOTA,RAV4,IL,2021,UNKNOWN,SPORT UTILITY VEHICLE (SUV),UNKNOWN/NA,N,CHANGING LANES,,,1,,,,,Y,Y,Y,,,,,,,,,,,FRONT-RIGHT-CORNER,,,,,,,,,,,,,,,,,,,,,,,,,,,,,,,,,
2140371,6126f516fc9fe96e75b0ea3dd7e6c50fca0abf836da28b1e14b75f6f670c2fe04d76f3970f87645ac31de8336e02a9a84122da5a3f07c21caba0c17b80db76aa,08/30/2025 04:01:00 PM,2,DRIVER,3,2040360,,CHEVROLET,MALIBU,IL,2015,NONE,PASSENGER,PERSONAL,N,STRAIGHT AHEAD,,,4,,,,,,,,,,,Y,Y,Y,,,,,REAR-LEFT-CORNER,,,,,,,,,,,,,,,,,,,,,,,,,,,,,,,,,
2140389,18cdc43f2c6bea790dbec1d1adeb1dd7acf601d4fe9d71d2006602138eebf5a8ab0841d47c587dca5ef2251730ba73dbff5fcf86fb6e627d0103bad709bcea5c,08/30/2025 04:00:00 PM,1,DRIVER,,2040374,,CHEVROLET,EQUINOX,IL,2026,UNKNOWN,SPORT UTILITY VEHICLE (SUV),UNKNOWN/NA,SE,PASSING/OVERTAKING,,,1,,,,,,,,,,,,,,,,,Y,SIDE-RIGHT,,,,,,,,,,,,,,,,,,,,,,,,,,,,,,,,,
2140390,18cdc43f2c6bea790dbec1d1adeb1dd7acf601d4fe9d71d2006602138eebf5a8ab0841d47c587dca5ef2251730ba73dbff5fcf86fb6e627d0103bad709bcea5c,08/30/2025 04:00:00 PM,2,DRIVER,,2040382,,TOYOTA,PRIUS,NJ,2014,NONE,PASSENGER,PERSONAL,SE,SLOW/STOP IN TRAFFIC,,,1,,,,,,,,,,,,,Y,,,,,SIDE-LEFT,,,,,,,,,,,,,,,,,,,,,,,,,,,,,,,,,
2140694,94e53f03e90da279132691f90a6dc306aa3439484c82f7c0ee57556d87ef063480933dd67191f85d271a72df966b567c3342e5f2bac06630aa1cd88bca4280fa,08/30/2025 04:00:00 PM,1,DRIVER,,2040659,,KIA,FORTE,IL,,UNKNOWN,PASSENGER,PERSONAL,N,STRAIGHT AHEAD,Y,,1,,streets and san,pound2,,Y,,,,,,,,,,Y,Y,,FRONT,,,,,,,,,,,,,,,,,,,,,,,,,,,,,,,,,
2140695,94e53f03e90da279132691f90a6dc306aa3439484c82f7c0ee57556d87ef063480933dd67191f85d271a72df966b567c3342e5f2bac06630aa1cd88bca4280fa,08/30/2025 04:00:00 PM,2,DRIVER,1,2040661,,HYUNDAI,OTHER (EXPLAIN IN NARRATIVE),IL,,UNKNOWN,SPORT UTILITY VEHICLE (SUV),PERSONAL,N,SLOW/STOP IN TRAFFIC,Y,,2,,private,,,,,,,Y,Y,Y,,,,,,,REAR,,,,,,,,,,,,,,,,,,,,,,,,,,,,,,,,,
2140975,cd806c9622cdf73fbeb260286adef63667b3e8c911106c7fd34026550d281e5adcbb21f8ea5cc105f638ea5686a817bb70b630d825298f16a4435b1c9fc88faa,08/30/2025 04:00:00 PM,1,DRIVER,,2040925,,UNKNOWN,OTHER (EXPLAIN IN NARRATIVE),,,UNKNOWN,UNKNOWN/NA,UNKNOWN/NA,UNKNOWN,UNKNOWN/NA,,,1,,,,,,,,,,,,,,,,,Y,UNKNOWN,,,,,,,,,,,,,,,,,,,,,,,,,,,,,,,,,
2140976,cd806c9622cdf73fbeb260286adef63667b3e8c911106c7fd34026550d281e5adcbb21f8ea5cc105f638ea5686a817bb70b630d825298f16a4435b1c9fc88faa,08/30/2025 04:00:00 PM,2,PARKED,,2040926,,TOYOTA,RAV4,IL,2015,NONE,SPORT UTILITY VEHICLE (SUV),PERSONAL,S,PARKED,,,0,,,,,,,Y,,,,,,,,,,,SIDE-RIGHT,,,,,,,,,,,,,,,,,,,,,,,,,,,,,,,,,
2140384,f06873237add3c604eaaa88397b1327511773f1d776e75de995b80e13f1275913f57c9c2cfecd32202fbaf0626c6ed0f06f03e5c3bfab8c6ff2fcbea7d8e418b,08/30/2025 04:00:00 PM,1,DRIVER,,2040364,,NOVA BUS,LFS,IL,2008,UNKNOWN,BUS OVER 15 PASS.,CTA,S,UNKNOWN/NA,,,1,,,,,,,,,Y,,,,,,,,,REAR-RIGHT-CORNER,,,,,,,,,,,,,,,,,,,,,,,,,,,,,,,,,
2140385,f06873237add3c604eaaa88397b1327511773f1d776e75de995b80e13f1275913f57c9c2cfecd32202fbaf0626c6ed0f06f03e5c3bfab8c6ff2fcbea7d8e418b,08/30/2025 04:00:00 PM,2,DRIVER,,2040365,,TOYOTA,RAV4,IL,2017,UNKNOWN,PASSENGER,PERSONAL,S,UNKNOWN/NA,,,1,,,,,,,,,,,,,,Y,Y,,,FRONT-LEFT-CORNER,,,,,,,,,,,,,,,,,,,,,,,,,,,,,,,,,
2140406,684ad22d2a15e47592287cba829930616e4e80a564303bb9f92d9013a78d2300c3cbc5c3552c15bf615fa7073fef9134171e768bfee2b286f9b46402c4a7684e,08/30/2025 03:54:00 PM,1,DRIVER,,2040378,,TOYOTA,COROLLA,IL,2009,NONE,PASSENGER,PERSONAL,S,STRAIGHT AHEAD,Y,,1,,city of chicago,,,Y,,,,,,,,,,Y,Y,,FRONT,,,,,,,,,,,,,,,,,,,,,,,,,,,,,,,,,
2140407,684ad22d2a15e47592287cba829930616e4e80a564303bb9f92d9013a78d2300c3cbc5c3552c15bf615fa7073fef9134171e768bfee2b286f9b46402c4a7684e,08/30/2025 03:54:00 PM,2,DRIVER,,2040391,,FREIGHTLINER CORPORATION,FREIGHTLINER CORP.,IL,2012,NONE,OTHER,PERSONAL,S,STRAIGHT AHEAD,,,1,,,,,,,,,Y,Y,Y,,,,,,,REAR,,,,,,,,,,,,,,,,,,,,,,,,,,,,,,,,,
2140366,1959d12aab699bfa67b4197afb72082b216a863c3451d5beffd2f2ea1e19ddcd205b3ff6b5630a35bca701839c5499ff6bc98d1e88e10b60e3feb8afb7064608,08/30/2025 03:50:00 PM,1,DRIVER,,2040349,,LEXUS,NX,IL,2020,UNKNOWN,PASSENGER,PERSONAL,NE,MERGING,,,1,,,,,,,,,,,,,Y,Y,Y,,,SIDE-LEFT,,,,,,,,,,,,,,,,,,,,,,,,,,,,,,,,,
2140367,1959d12aab699bfa67b4197afb72082b216a863c3451d5beffd2f2ea1e19ddcd205b3ff6b5630a35bca701839c5499ff6bc98d1e88e10b60e3feb8afb7064608,08/30/2025 03:50:00 PM,2,DRIVER,,2040358,,HONDA,ODYSSEY,IN,2018,UNKNOWN,PASSENGER,PERSONAL,E,STRAIGHT AHEAD,,,1,,,,,Y,Y,,,,,,,,,,Y,,SIDE-RIGHT-FRONT,,,,,,,,,,,,,,,,,,,,,,,,,,,,,,,,,
2140391,61de0dfa3443299a65c9d05cf218f8c94467baf5c20fcaa7c6a14c2cd38e53e1cd05edadfab15a0d659db0f637e95e7251fd1543c3d30299b2a5499d174ececd,08/30/2025 03:50:00 PM,1,DRIVER,,2040380,,UNKNOWN,OTHER (EXPLAIN IN NARRATIVE),,,UNKNOWN,UNKNOWN/NA,UNKNOWN/NA,UNKNOWN,UNKNOWN/NA,,,1,,,,,,,,,,,,,,,Y,,Y,UNKNOWN,,,,,,,,,,,,,,,,,,,,,,,,,,,,,,,,,
2140392,61de0dfa3443299a65c9d05cf218f8c94467baf5c20fcaa7c6a14c2cd38e53e1cd05edadfab15a0d659db0f637e95e7251fd1543c3d30299b2a5499d174ececd,08/30/2025 03:50:00 PM,2,PARKED,,2040397,,CHEVROLET,CRUZE,IL,2019,UNKNOWN,PASSENGER,NOT IN USE,UNKNOWN,PARKED,,,0,,,,,,,,,Y,,,,,,,,,SIDE-RIGHT-REAR,,,,,,,,,,,,,,,,,,,,,,,,,,,,,,,,,
2140380,6e0c5763e175bd509a66c81081aef0d49a87a35022d2031d304ad772ba1962595ffc7a6520c48783d3e58663af62a0d050e3bb862489b92aee245d8d676c26c7,08/30/2025 03:32:00 PM,1,DRIVER,,2040356,,CHEVROLET,MALIBU,IL,2022,NONE,PASSENGER,PERSONAL,N,STRAIGHT AHEAD,,,1,,,,,Y,Y,Y,,,,,,,,,,,FRONT-LEFT-CORNER,,,,,,,,,,,,,,,,,,,,,,,,,,,,,,,,,
2140381,6e0c5763e175bd509a66c81081aef0d49a87a35022d2031d304ad772ba1962595ffc7a6520c48783d3e58663af62a0d050e3bb862489b92aee245d8d676c26c7,08/30/2025 03:32:00 PM,2,DRIVER,,2040361,,SUBARU,OTHER (EXPLAIN IN NARRATIVE),IL,2001,NONE,PASSENGER,PERSONAL,W,STRAIGHT AHEAD,,,1,,,,,,,,,,,,,Y,Y,Y,,,FRONT,,,,,,,,,,,,,,,,,,,,,,,,,,,,,,,,,
2140382,147341b92c4f80605e9cf7dd818f7777650e47759a866e2d2a41c7fb2556f8fa2b5317be964f87c218c1a2c6357443ba284f23edb767343c73aab4502a3594b9,08/30/2025 03:30:00 PM,1,DRIVER,,2040353,,KIA,SORENTO,,2016,UNKNOWN,PASSENGER,PERSONAL,N,BACKING,,,1,,,,,,,,,Y,,,,,,,,,UNKNOWN,,,,,,,,,,,,,,,,,,,,,,,,,,,,,,,,,
2140383,147341b92c4f80605e9cf7dd818f7777650e47759a866e2d2a41c7fb2556f8fa2b5317be964f87c218c1a2c6357443ba284f23edb767343c73aab4502a3594b9,08/30/2025 03:30:00 PM,2,DRIVER,,2040354,,UNKNOWN,OTHER (EXPLAIN IN NARRATIVE),,,UNKNOWN,UNKNOWN/NA,UNKNOWN/NA,UNKNOWN,UNKNOWN/NA,,,1,,,,,,,,,,,,,,,,,Y,UNKNOWN,,,,,,,,,,,,,,,,,,,,,,,,,,,,,,,,,
2140364,6544a96bf005de157fb4f124543c4f253faa77419783b84446692a13a2a49967711e36b49aaa673e550baf43b29e1a1a9abe3766727550575b5a9f0d56f15732,08/30/2025 03:30:00 PM,1,DRIVER,,2040341,,KIA,SPORTAGE,IL,2017,UNKNOWN,SPORT UTILITY VEHICLE (SUV),PERSONAL,N,TURNING LEFT,,,1,,,,,,,Y,Y,Y,,,,,,,,,SIDE-RIGHT-REAR,,,,,,,,,,,,,,,,,,,,,,,,,,,,,,,,,
2140365,6544a96bf005de157fb4f124543c4f253faa77419783b84446692a13a2a49967711e36b49aaa673e550baf43b29e1a1a9abe3766727550575b5a9f0d56f15732,08/30/2025 03:30:00 PM,2,DRIVER,,2040357,,HARLEY-DAVIDSON,HARLEY-DAVIDSON,IL,2008,UNKNOWN,MOTORCYCLE (OVER 150CC),PERSONAL,S,UNKNOWN/NA,Y,,1,,PRIVATE TOW,,,Y,Y,Y,Y,Y,Y,Y,Y,Y,Y,Y,Y,,FRONT,,,,,,,,,,,,,,,,,,,,,,,,,,,,,,,,,
2140395,b99507ca34b8bb76eed9e082a8cd132eb4ff5354ea6a493e1ee3cd3d449882cb2b5b5f634b8967d51f50bdada275a30ab4217d29d226f5aed03d4596a62f821e,08/30/2025 03:30:00 PM,1,DRIVER,,2040367,,VOLKSWAGEN,JETTA,IL,2015,NONE,PASSENGER,PERSONAL,S,PASSING/OVERTAKING,,,1,,,,,,,,,,,,,,,,,Y,FRONT-LEFT-CORNER,,,,,,,,,,,,,,,,,,,,,,,,,,,,,,,,,
2140396,b99507ca34b8bb76eed9e082a8cd132eb4ff5354ea6a493e1ee3cd3d449882cb2b5b5f634b8967d51f50bdada275a30ab4217d29d226f5aed03d4596a62f821e,08/30/2025 03:30:00 PM,2,DRIVER,,2040369,,HYUNDAI,SANTA FE,IL,2022,NONE,PASSENGER,PERSONAL,S,STRAIGHT AHEAD,,,1,,,,,Y,,,,,,,,,,,Y,,FRONT,,,,,,,,,,,,,,,,,,,,,,,,,,,,,,,,,
2140476,692fbc69221e848bec48fa45e3214a193befb200c94e3abf615956b296053196e54ed4241b8df1a55b3359ae02e540c829d2459ac42b2dec4c6425811a4e940e,08/30/2025 03:26:00 PM,1,BICYCLE,,,,,,,,,,,,,,,,,,,,,,,,,,,,,,,,,,,,,,,,,,,,,,,,,,,,,,,,,,,,,,,,,,
2140477,692fbc69221e848bec48fa45e3214a193befb200c94e3abf615956b296053196e54ed4241b8df1a55b3359ae02e540c829d2459ac42b2dec4c6425811a4e940e,08/30/2025 03:26:00 PM,2,DRIVER,,2040457,,TOYOTA,CAMRY,IL,2025,UNKNOWN,PASSENGER,PERSONAL,UNKNOWN,UNKNOWN/NA,,,1,,,,,Y,,,,,,,,,,,,,FRONT-RIGHT-CORNER,,,,,,,,,,,,,,,,,,,,,,,,,,,,,,,,,
2140415,04919a8284375c739818e51d70c735005fd1e9531cabb00df372aac77bf45e9e0345c12b9292084e44d770e3fae1e5c31a97b6a1c37a37901bcd9bc403bbf8c8,08/30/2025 03:25:00 PM,1,DRIVER,,2040398,,NISSAN,VERSA,WI,2015,UNKNOWN,PASSENGER,PERSONAL,N,STRAIGHT AHEAD,Y,,1,,city of chicago,unk,,Y,,,,,,,,,,N,Y,,FRONT-RIGHT-CORNER,,,,,,,,,,,,,,,,,,,,,,,,,,,,,,,,,
2140416,04919a8284375c739818e51d70c735005fd1e9531cabb00df372aac77bf45e9e0345c12b9292084e44d770e3fae1e5c31a97b6a1c37a37901bcd9bc403bbf8c8,08/30/2025 03:25:00 PM,2,DRIVER,1,2040406,,HONDA,ODYSSEY,IL,2008,UNKNOWN,VAN/MINI-VAN,PERSONAL,N,STRAIGHT AHEAD,,,2,,,,,,,,,N,Y,Y,,,,,,,REAR,,,,,,,,,,,,,,,,,,,,,,,,,,,,,,,,,
2140346,05d1d9a5be42de30d16a517a1e926fafe43960b56b717395f3e7053ac3aa079eb114b23628e0dc0ee961d4c2cf11e208fccec51a67313a2de8170d1d6dac2b69,08/30/2025 03:25:00 PM,1,DRIVER,,2040325,,UNKNOWN,OTHER (EXPLAIN IN NARRATIVE),,,UNKNOWN,PASSENGER,PERSONAL,N,STRAIGHT AHEAD,,,1,,,,,,,,,,,,,,,,,,UNKNOWN,,,,,,,,,,,,,,,,,,,,,,,,,,,,,,,,,
2140347,05d1d9a5be42de30d16a517a1e926fafe43960b56b717395f3e7053ac3aa079eb114b23628e0dc0ee961d4c2cf11e208fccec51a67313a2de8170d1d6dac2b69,08/30/2025 03:25:00 PM,2,PARKED,,2040331,,HONDA,ODYSSEY,IL,2009,UNKNOWN,PASSENGER,PERSONAL,N,PARKED,,,0,,,,,,,,,Y,Y,Y,,,,,,,REAR,,,,,,,,,,,,,,,,,,,,,,,,,,,,,,,,,
2140368,59b72bf85af31330eb4c32aaea1508354e89e79e144afee1ee7d0c624782e1162a6ad35cf20b005d661006612443f291477374c2beb56440932eeb509516be4e,08/30/2025 03:18:00 PM,1,DRIVER,,2040343,,HONDA,CR-V,IL,2016,NONE,PASSENGER,PERSONAL,S,STRAIGHT AHEAD,,,1,,,,,,,,,,,,,,,,,Y,FRONT,,,,,,,,,,,,,,,,,,,,,,,,,,,,,,,,,
2140369,59b72bf85af31330eb4c32aaea1508354e89e79e144afee1ee7d0c624782e1162a6ad35cf20b005d661006612443f291477374c2beb56440932eeb509516be4e,08/30/2025 03:18:00 PM,2,DRIVER,2,2040351,,LAND ROVER,RANGE ROVER (EVOQUE / SPORT / VELAR),IL,2023,NONE,PASSENGER,PERSONAL,SW,TURNING LEFT,Y,,3,,personal preference,unknown,,,,,,,,,,,Y,Y,N,,FRONT-LEFT-CORNER,,,,,,,,,,,,,,,,,,,,,,,,,,,,,,,,,
2140342,324bf8f4327b2828ce81316c3440b772d75f9136860f07b585e5d7e7d941433c09348df947af969a1bd475bd022509be8c9087e97d31b8596f5d5bdacf5acbd2,08/30/2025 03:15:00 PM,1,DRIVER,,2040324,,SATURN,AURA,IL,2007,NONE,SPORT UTILITY VEHICLE (SUV),PERSONAL,W,STRAIGHT AHEAD,,,1,,,,,Y,,,,,,,,,,Y,Y,,FRONT,,,,,,,,,,,,,,,,,,,,,,,,,,,,,,,,,
2140343,324bf8f4327b2828ce81316c3440b772d75f9136860f07b585e5d7e7d941433c09348df947af969a1bd475bd022509be8c9087e97d31b8596f5d5bdacf5acbd2,08/30/2025 03:15:00 PM,2,DRIVER,2,2040330,,HONDA,ACCORD,IL,2023,NONE,PASSENGER,PERSONAL,W,STRAIGHT AHEAD,,,3,,,,,,,,,Y,Y,Y,,,,,,,REAR,,,,,,,,,,,,,,,,,,,,,,,,,,,,,,,,,
2140376,57b0c00e54b3f37ac2bd28389dd63afc7940586ac62c45099f558539aa8c6fbe8b41724b3a2657578c95ca118adcdee44a38aa1d24b532b3b0f95499ac0312bf,08/30/2025 03:12:00 PM,1,DRIVER,,2040346,,TOYOTA,AVALON,IL,2004,UNKNOWN,PASSENGER,PERSONAL,W,STRAIGHT AHEAD,,,1,,,,,,,,,,Y,,,,,,,,REAR,,,,,,,,,,,,,,,,,,,,,,,,,,,,,,,,,
2140377,57b0c00e54b3f37ac2bd28389dd63afc7940586ac62c45099f558539aa8c6fbe8b41724b3a2657578c95ca118adcdee44a38aa1d24b532b3b0f95499ac0312bf,08/30/2025 03:12:00 PM,2,DRIVER,,2040352,,NEW FLYER,OTHER (EXPLAIN IN NARRATIVE),IL,2005,NONE,BUS OVER 15 PASS.,CTA,W,STRAIGHT AHEAD,,,1,,,,,,,,,,,,,,,,,Y,FRONT,,,,,,,,,,,,,,,,,,,,,,,,,,,,,,,,,
2140393,0cf8c94a174922c31f171b2457dbb515b04b0f056060781d101cbb819de23d701ed25bee3ad26f93414a12fcabbd6ddb1fba61e93769d4248e410fe778a5dfde,08/30/2025 03:10:00 PM,1,DRIVER,,2040368,,GENERAL MOTORS CORPORATION (GMC),SAVANNAH,AZ,2019,UNKNOWN,TRUCK - SINGLE UNIT,COMMERCIAL - MULTI-UNIT,W,BACKING,,,1,,,,,,,,,Y,Y,Y,,,,,,,REAR,,,,,,,,,,,,,,,,,,,,,,,,,,,,,,,,,
2140394,0cf8c94a174922c31f171b2457dbb515b04b0f056060781d101cbb819de23d701ed25bee3ad26f93414a12fcabbd6ddb1fba61e93769d4248e410fe778a5dfde,08/30/2025 03:10:00 PM,2,PARKED,,2040373,,JEEP,COMPASS,GA,2015,UNKNOWN,PASSENGER,PERSONAL,W,PARKED,,,0,,,,,Y,,,,,,,,,,Y,Y,,FRONT,,,,,,,,,,,,,,,,,,,,,,,,,,,,,,,,,
2141074,b223525a92648688a320a3d7d81c5e469a06bfd14d4e53a93c508bc84721643dd6ed6c5e88375c4af9fd23d9bd8c70c3876fdd0035fa0985841e4f49d75f8cca,08/30/2025 03:08:00 PM,1,DRIVER,,2041028,,FORD,OTHER (EXPLAIN IN NARRATIVE),AZ,,UNKNOWN,PASSENGER,UNKNOWN/NA,SE,UNKNOWN/NA,,,1,,,,,,,,,,,,,,,,,Y,UNKNOWN,,,,,,,,,,,,,,,,,,,,,,,,,,,,,,,,,
2140362,ab240654f0eef80ed1e4feca092767db94714f99e78f67a1910101311b33a5f115f502ec3b5af22065b92a4c1a8dbd4e7376a6028b59b0014561585501b656fc,08/30/2025 03:03:00 PM,1,DRIVER,,2040372,,CHEVROLET,MALIBU,IL,2021,NONE,PASSENGER,PERSONAL,S,PASSING/OVERTAKING,,,1,,,,,,Y,,,,,,Y,Y,,,,,SIDE-LEFT,,,,,,,,,,,,,,,,,,,,,,,,,,,,,,,,,
2140363,ab240654f0eef80ed1e4feca092767db94714f99e78f67a1910101311b33a5f115f502ec3b5af22065b92a4c1a8dbd4e7376a6028b59b0014561585501b656fc,08/30/2025 03:03:00 PM,2,DRIVER,,2040363,,AUDI,Q5,IL,2019,NONE,PASSENGER,PERSONAL,S,STRAIGHT AHEAD,,,1,,,,,,,Y,Y,,,,,,,,,,SIDE-RIGHT,,,,,,,,,,,,,,,,,,,,,,,,,,,,,,,,,
2140527,29895147c493f5ffcf23299754e93a2b28e187dbf95cd855bb078cbd0cbc18d505512070961f62a7b44a324a7a1046bbd597f9cddd1ea3e1ebc940bf0320f2c3,08/30/2025 03:00:00 PM,1,DRIVER,,2040582,,LEXUS,RX330,IL,2005,UNKNOWN,SPORT UTILITY VEHICLE (SUV),UNKNOWN/NA,W,SLOW/STOP IN TRAFFIC,,,1,,,,,,,,,,,,,,,,Y,,FRONT,,,,,,,,,,,,,,,,,,,,,,,,,,,,,,,,,
2140528,29895147c493f5ffcf23299754e93a2b28e187dbf95cd855bb078cbd0cbc18d505512070961f62a7b44a324a7a1046bbd597f9cddd1ea3e1ebc940bf0320f2c3,08/30/2025 03:00:00 PM,2,DRIVER,,2040584,,TOYOTA,HIGHLANDER,IL,2023,NONE,SPORT UTILITY VEHICLE (SUV),PERSONAL,W,SLOW/STOP IN TRAFFIC,,,1,,,,,,,,,Y,Y,Y,,,,,,,REAR,,,,,,,,,,,,,,,,,,,,,,,,,,,,,,,,,
2140344,7e94ef39c8fad458d3158429e250fdaca4a54d7256fb4ce363c9a4896098f6096e8b49a2ee3dce6b577b6e57f9f45649feb127f2bd31a7799ab1ead6b5d766ce,08/30/2025 03:00:00 PM,1,DRIVER,,2040320,,LAND ROVER,RANGE ROVER (EVOQUE / SPORT / VELAR),,2023,UNKNOWN,SPORT UTILITY VEHICLE (SUV),UNKNOWN/NA,UNKNOWN,UNKNOWN/NA,,,1,,,,,,,,,,,,,,,,,Y,FRONT-LEFT-CORNER,,,,,,,,,,,,,,,,,,,,,,,,,,,,,,,,,
2140345,7e94ef39c8fad458d3158429e250fdaca4a54d7256fb4ce363c9a4896098f6096e8b49a2ee3dce6b577b6e57f9f45649feb127f2bd31a7799ab1ead6b5d766ce,08/30/2025 03:00:00 PM,2,DRIVER,3,2040323,,HONDA,CR-V,IL,2016,UNKNOWN,SPORT UTILITY VEHICLE (SUV),RIDESHARE SERVICE,UNKNOWN,UNKNOWN/NA,,,4,,,,,Y,,,,,,,,,,,Y,,FRONT-RIGHT-CORNER,,,,,,,,,,,,,,,,,,,,,,,,,,,,,,,,,
2140386,0490f908d9c502e7b972ffff232d2eb606670d1f6ffa981982ed72b7fead818198d656b865d73fa477b99ffd7953ce4834906de05ea37f1d16727257d2115de6,08/30/2025 02:51:00 PM,1,DRIVER,,2040362,,ACURA,ADX,IL,2019,NONE,SPORT UTILITY VEHICLE (SUV),PERSONAL,SE,PASSING/OVERTAKING,,,1,,,,,Y,Y,Y,,,,,,,,,,,SIDE-RIGHT,,,,,,,,,,,,,,,,,,,,,,,,,,,,,,,,,
2140387,0490f908d9c502e7b972ffff232d2eb606670d1f6ffa981982ed72b7fead818198d656b865d73fa477b99ffd7953ce4834906de05ea37f1d16727257d2115de6,08/30/2025 02:51:00 PM,2,DRIVER,,2040366,,CHEVROLET,SILVERADO,IL,2022,NONE,PICKUP,PERSONAL,N,STRAIGHT AHEAD,Y,,1,,PRIVATE TOW,,,,,,,,,,,Y,Y,Y,,,SIDE-LEFT,,,,,,,,,,,,,,,,,,,,,,,,,,,,,,,,,
2140332,304dcc872c5061747cc20aca7ffb55e78828e037a65be8bf0cab5a26b21a7cefb1eb27ca21c96fe924a7fc697cd9238b995c8e4e6980c201e19f121c7a1eeecd,08/30/2025 02:45:00 PM,1,DRIVER,,2040316,,HONDA,CIVIC,IL,2010,UNKNOWN,UNKNOWN/NA,PERSONAL,W,STRAIGHT AHEAD,,,1,,,,,Y,,,,,,,,,,,Y,,FRONT,,,,,,,,,,,,,,,,,,,,,,,,,,,,,,,,,
2140333,304dcc872c5061747cc20aca7ffb55e78828e037a65be8bf0cab5a26b21a7cefb1eb27ca21c96fe924a7fc697cd9238b995c8e4e6980c201e19f121c7a1eeecd,08/30/2025 02:45:00 PM,2,DRIVER,,2040318,,HONDA,CIVIC,AZ,2022,UNKNOWN,PASSENGER,PERSONAL,W,SLOW/STOP IN TRAFFIC,,,1,,,,,,,,,,Y,,,,,,,,REAR,,,,,,,,,,,,,,,,,,,,,,,,,,,,,,,,,
2140531,37b0b683e6dcdafa96af39418c607a2aae3a91ca244ca779f61e85cef602ab7caf4dfbf7d3e4887596c01039b768d9d0371bad78c791fb592e18a0fb4c31ecba,08/30/2025 02:42:00 PM,1,DRIVER,,2040497,,GENERAL MOTORS CORPORATION (GMC),ACADIA,IL,2023,NONE,PASSENGER,PERSONAL,E,TURNING RIGHT,,,1,,,,Y,,,,,,,,,,,,,,FRONT,,,,,,,,,,,,,,,,,,,,,,,,,,,,,,,,,
2140532,37b0b683e6dcdafa96af39418c607a2aae3a91ca244ca779f61e85cef602ab7caf4dfbf7d3e4887596c01039b768d9d0371bad78c791fb592e18a0fb4c31ecba,08/30/2025 02:42:00 PM,2,PEDESTRIAN,,,,,,,,,,,,,,,,,,,,,,,,,,,,,,,,,,,,,,,,,,,,,,,,,,,,,,,,,,,,,,,,,,