CRASH_UNIT_ID,CRASH_RECORD_ID,CRASH_DATE,UNIT_NO,UNIT_TYPE,NUM_PASSENGERS,VEHICLE_ID,CMRC_VEH_I,MAKE,MODEL,LIC_PLATE_STATE,VEHICLE_YEAR,VEHICLE_DEFECT,VEHICLE_TYPE,VEHICLE_USE,TRAVEL_DIRECTION,MANEUVER,TOWED_I,FIRE_I,OCCUPANT_CNT,EXCEED_SPEED_LIMIT_I,TOWED_BY,TOWED_TO,AREA_00_I,AREA_01_I,AREA_02_I,AREA_03_I,AREA_04_I,AREA_05_I,AREA_06_I,AREA_07_I,AREA_08_I,AREA_09_I,AREA_10_I,AREA_11_I,AREA_12_I,AREA_99_I,FIRST_CONTACT_POINT,CMV_ID,USDOT_NO,CCMC_NO,ILCC_NO,COMMERCIAL_SRC,GVWR,CARRIER_NAME,CARRIER_STATE,CARRIER_CITY,HAZMAT_PLACARDS_I,HAZMAT_NAME,UN_NO,HAZMAT_PRESENT_I,HAZMAT_REPORT_I,HAZMAT_REPORT_NO,MCS_REPORT_I,MCS_REPORT_NO,HAZMAT_VIO_CAUSE_CRASH_I,MCS_VIO_CAUSE_CRASH_I,IDOT_PERMIT_NO,WIDE_LOAD_I,TRAILER1_WIDTH,TRAILER2_WIDTH,TRAILER1_LENGTH,TRAILER2_LENGTH,TOTAL_VEHICLE_LENGTH,AXLE_CNT,VEHICLE_CONFIG,CARGO_BODY_TYPE,LOAD_TYPE,HAZMAT_OUT_OF_SERVICE_I,MCS_OUT_OF_SERVICE_I,HAZMAT_CLASS
2140968,07577ef8add336b59358043e2c44496f4affe258d4fff6e0754b9cccb78a69ea7ab09393ae282d5562e4b6fe0f54f4b2bfbed4ea7fc7560acbaa1ddeaef97117,08/30/2025 02:30:00 PM,1,DRIVER,,2040910,,UNKNOWN,OTHER (EXPLAIN IN NARRATIVE),,,UNKNOWN,UNKNOWN/NA,UNKNOWN/NA,S,STRAIGHT AHEAD,,,1,,,,,Y,,,,,,,,,,Y,Y,,FRONT,,,,,,,,,,,,,,,,,,,,,,,,,,,,,,,,,
2140969,07577ef8add336b59358043e2c44496f4affe258d4fff6e0754b9cccb78a69ea7ab09393ae282d5562e4b6fe0f54f4b2bfbed4ea7fc7560acbaa1ddeaef97117,08/30/2025 02:30:00 PM,2,DRIVER,,2040914,,NISSAN,ALTIMA,IL,2012,NONE,PASSENGER,PERSONAL,S,STRAIGHT AHEAD,,,1,,,,,,,,,Y,Y,Y,,,,,,,REAR,,,,,,,,,,,,,,,,,,,,,,,,,,,,,,,,,
2140336,30d6d4895d7324b27db1cc57e3b795686290f4967ade5d59ad68fe9560d092d2e5750df2e8901dbed85e8d85fab0cdf2565c0131478e3a2f3f233cac097ef7d4,08/30/2025 02:30:00 PM,1,DRIVER,,2040315,,NISSAN,OTHER (EXPLAIN IN NARRATIVE),IL,2009,UNKNOWN,PASSENGER,UNKNOWN/NA,S,LEAVING TRAFFIC LANE TO PARK,,,1,,,,,,,,,,,,,,,Y,,,FRONT-LEFT-CORNER,,,,,,,,,,,,,,,,,,,,,,,,,,,,,,,,,
2140337,30d6d4895d7324b27db1cc57e3b795686290f4967ade5d59ad68fe9560d092d2e5750df2e8901dbed85e8d85fab0cdf2565c0131478e3a2f3f233cac097ef7d4,08/30/2025 02:30:00 PM,2,PARKED,,2040319,,NISSAN,ROGUE,IL,2016,NONE,PASSENGER,PERSONAL,S,PARKED,,,0,,,,,,,,,Y,,,,,,,,,REAR-RIGHT-CORNER,,,,,,,,,,,,,,,,,,,,,,,,,,,,,,,,,
2140408,f02cd6cb935a7339cc06b3db02d05c4b981ec1705fe78276a192b927e09fd24f36201c7280bd1091a0a139debab2f65bb2f6fd15444997d59f6fd5da9c842ace,08/30/2025 02:30:00 PM,1,DRIVER,,2040386,,CHEVROLET,OTHER (EXPLAIN IN NARRATIVE),IL,2025,NONE,PICKUP,UNKNOWN/NA,UNKNOWN,UNKNOWN/NA,,,1,,,,,,,,,,,,,,,,,Y,UNKNOWN,,,,,,,,,,,,,,,,,,,,,,,,,,,,,,,,,
2140409,f02cd6cb935a7339cc06b3db02d05c4b981ec1705fe78276a192b927e09fd24f36201c7280bd1091a0a139debab2f65bb2f6fd15444997d59f6fd5da9c842ace,08/30/2025 02:30:00 PM,2,PARKED,,2040381,,TOYOTA,4RUNNER,IL,2021,NONE,SPORT UTILITY VEHICLE (SUV),PERSONAL,S,PARKED,,,0,,,,,,,,,,,Y,,,,,,,REAR-LEFT-CORNER,,,,,,,,,,,,,,,,,,,,,,,,,,,,,,,,,
2140340,ad0daa87a1f92e118f167fb0f5f2a0fe6ad6b51facb8e268fc49f766568416053a9634c27352fcd34d1fadd6e8de99d29f0244e0dcb311a7e0c0883a0a8b175d,08/30/2025 02:25:00 PM,1,DRIVER,,2040326,,JEEP,JEEP,IL,2011,NONE,SPORT UTILITY VEHICLE (SUV),UNKNOWN/NA,UNKNOWN,STRAIGHT AHEAD,,,1,,,,,,,,,,,,,,,,,Y,FRONT,,,,,,,,,,,,,,,,,,,,,,,,,,,,,,,,,
2140341,ad0daa87a1f92e118f167fb0f5f2a0fe6ad6b51facb8e268fc49f766568416053a9634c27352fcd34d1fadd6e8de99d29f0244e0dcb311a7e0c0883a0a8b175d,08/30/2025 02:25:00 PM,2,DRIVER,1,2040321,,NISSAN,ROGUE,IL,2019,NONE,SPORT UTILITY VEHICLE (SUV),PERSONAL,W,STRAIGHT AHEAD,,,2,,,,,Y,Y,Y,Y,,,,,,,,,,SIDE-RIGHT,,,,,,,,,,,,,,,,,,,,,,,,,,,,,,,,,
2140330,03405d0f62b6fba9f941d39dacc44d7afa184ee44db9af86f04db15b3b8705850c376ecdce6dc0b1a7f5aa773b157683b6fda77841f9f104b82b513e7b9e572d,08/30/2025 02:15:00 PM,1,DRIVER,,2040313,,VOLKSWAGEN,JETTA,IL,2019,UNKNOWN,PASSENGER,UNKNOWN/NA,S,TURNING LEFT,,,1,,,,,Y,,,,,,,,,,,,,FRONT-RIGHT-CORNER,,,,,,,,,,,,,,,,,,,,,,,,,,,,,,,,,
2140331,03405d0f62b6fba9f941d39dacc44d7afa184ee44db9af86f04db15b3b8705850c376ecdce6dc0b1a7f5aa773b157683b6fda77841f9f104b82b513e7b9e572d,08/30/2025 02:15:00 PM,2,DRIVER,,2040317,,BUICK,ENCORE,IL,2021,UNKNOWN,PASSENGER,UNKNOWN/NA,N,STRAIGHT AHEAD,,,1,,,,,,,,,,,,Y,Y,Y,Y,,,SIDE-LEFT,,,,,,,,,,,,,,,,,,,,,,,,,,,,,,,,,
2140328,52bc639ad3fca090776f3793b1fdf1c7a925961283bd037fb35808dd94ecfa259f3008514ae1e7ddb32618b7d074d3d3c1b414aa25b3ffb518e726a4438d3c67,08/30/2025 02:08:00 PM,1,DRIVER,,2040307,,TOYOTA,PRIUS,IL,2018,NONE,PASSENGER,PERSONAL,NW,ENTERING TRAFFIC LANE FROM PARKING,,,1,,,,,,,,,,,,,,,,,Y,FRONT-RIGHT-CORNER,,,,,,,,,,,,,,,,,,,,,,,,,,,,,,,,,
2140329,52bc639ad3fca090776f3793b1fdf1c7a925961283bd037fb35808dd94ecfa259f3008514ae1e7ddb32618b7d074d3d3c1b414aa25b3ffb518e726a4438d3c67,08/30/2025 02:08:00 PM,2,BICYCLE,,,,,,,,,,,,,,,,,,,,,,,,,,,,,,,,,,,,,,,,,,,,,,,,,,,,,,,,,,,,,,,,,,
2140348,3409497cdbf5bf2b69a47656a6d8ebcc33068bf9fd6e5a03c45000d5c1895a23e457ca7338d050f184f20d1bfba64450d766a4d286df05244a86c6d86fcda08e,08/30/2025 02:00:00 PM,1,DRIVER,1,2040322,,TOYOTA,COROLLA,IL,2016,NONE,PASSENGER,PERSONAL,N,OTHER,,,2,,,,,Y,,,,N,N,N,,,,Y,Y,,FRONT,,,,,,,,,,,,,,,,,,,,,,,,,,,,,,,,,
2140349,3409497cdbf5bf2b69a47656a6d8ebcc33068bf9fd6e5a03c45000d5c1895a23e457ca7338d050f184f20d1bfba64450d766a4d286df05244a86c6d86fcda08e,08/30/2025 02:00:00 PM,2,DRIVER,1,2040327,,CHEVROLET,TAHOE,IL,2007,NONE,PASSENGER,PERSONAL,N,STRAIGHT AHEAD,,,2,,,,,N,,,,Y,Y,Y,,,,N,N,,REAR,,,,,,,,,,,,,,,,,,,,,,,,,,,,,,,,,
2140308,417a953bd3b8b02ef1d79f8da52a15f58f126089e50bed2e53d577ec93b882a5d8bd30ebcc09961d899b30fcca1157a854bd6e36752480aeaef35cbc79c278d4,08/30/2025 02:00:00 PM,1,DRIVER,,2040285,,SUBARU,CROSSTREK,IL,2021,UNKNOWN,SPORT UTILITY VEHICLE (SUV),UNKNOWN/NA,W,BACKING,,,1,,,,,,,,,,Y,,,,,,,,REAR,,,,,,,,,,,,,,,,,,,,,,,,,,,,,,,,,
2140309,417a953bd3b8b02ef1d79f8da52a15f58f126089e50bed2e53d577ec93b882a5d8bd30ebcc09961d899b30fcca1157a854bd6e36752480aeaef35cbc79c278d4,08/30/2025 02:00:00 PM,2,DRIVER,1,2040291,,MAZDA,CX-5,IL,2019,NONE,SPORT UTILITY VEHICLE (SUV),PERSONAL,N,SLOW/STOP IN TRAFFIC,,,2,,,,,,,,Y,Y,,,,,,,,,SIDE-RIGHT-REAR,,,,,,,,,,,,,,,,,,,,,,,,,,,,,,,,,
2140310,4dfa82bf1edab1d135d6a6f6199635e62a2c65209e1d97f773024380909a5454a7056f0da6ae6bd813d5f5d7fe1c407513f5fcafb10eb3cc1588067d9f13d39f,08/30/2025 02:00:00 PM,1,DRIVER,,2040286,,UNKNOWN,MOTORIZED,,,UNKNOWN,UNKNOWN/NA,UNKNOWN/NA,S,STRAIGHT AHEAD,,,1,,,,,,,,,,,,,,,,,Y,UNKNOWN,,,,,,,,,,,,,,,,,,,,,,,,,,,,,,,,,
2140311,4dfa82bf1edab1d135d6a6f6199635e62a2c65209e1d97f773024380909a5454a7056f0da6ae6bd813d5f5d7fe1c407513f5fcafb10eb3cc1588067d9f13d39f,08/30/2025 02:00:00 PM,2,DRIVER,,2040297,,TOYOTA,CAMRY,IL,2016,UNKNOWN,PASSENGER,PERSONAL,S,STRAIGHT AHEAD,,,1,,,,,,,,,,,,Y,Y,Y,,,,SIDE-LEFT,,,,,,,,,,,,,,,,,,,,,,,,,,,,,,,,,
2140334,7985540b5ba3d6d2ee5e33a79432e906c8f4074b62a4046eb56f27225a8278525278e602e29315506c75ba02f05bf027a3f85273bed1ebd4d0115466bae112fa,08/30/2025 02:00:00 PM,1,DRIVER,,2040312,,KIA,TELLURIDE,IL,2023,NONE,SPORT UTILITY VEHICLE (SUV),PERSONAL,E,STRAIGHT AHEAD,,,1,,,,,Y,,,,,,,,,,Y,Y,,FRONT,,,,,,,,,,,,,,,,,,,,,,,,,,,,,,,,,
2140335,7985540b5ba3d6d2ee5e33a79432e906c8f4074b62a4046eb56f27225a8278525278e602e29315506c75ba02f05bf027a3f85273bed1ebd4d0115466bae112fa,08/30/2025 02:00:00 PM,2,DRIVER,,2040314,,BUICK,LUCERNE,IL,2009,NONE,PASSENGER,PERSONAL,S,STRAIGHT AHEAD,Y,,1,,,,,Y,Y,Y,,,,,,N,N,N,,,FRONT-RIGHT-CORNER,,,,,,,,,,,,,,,,,,,,,,,,,,,,,,,,,
2140373,a22fa7bd66edeb17773d379ec59c142afa4d5f2a1e70c0268c9bc2d01addae6b81e766f2385a61a07ecad58e1df0a5afe66ce3fc6a0da67d6f6479757fbdf5ac,08/30/2025 02:00:00 PM,1,DRIVER,,2040345,,UNKNOWN,MOTORIZED,IL,,UNKNOWN,UNKNOWN/NA,UNKNOWN/NA,UNKNOWN,BACKING,,,1,,,,,,,,,,,,,,,,,Y,UNKNOWN,,,,,,,,,,,,,,,,,,,,,,,,,,,,,,,,,
2140374,a22fa7bd66edeb17773d379ec59c142afa4d5f2a1e70c0268c9bc2d01addae6b81e766f2385a61a07ecad58e1df0a5afe66ce3fc6a0da67d6f6479757fbdf5ac,08/30/2025 02:00:00 PM,2,PARKED,,2040348,,CHEVROLET,TAHOE,IL,2016,UNKNOWN,UNKNOWN/NA,UNKNOWN/NA,UNKNOWN,PARKED,,,0,,,,,,,,,Y,Y,Y,,,,,,,REAR,,,,,,,,,,,,,,,,,,,,,,,,,,,,,,,,,
2140430,c3391d295ad8f17651ce985292dfb1ed969a2a0a22a21781026b046a74290203f2c52c11201baf13c158c3c071c661557be10dba939e7db38eef0dcac54916bf,08/30/2025 02:00:00 PM,1,DRIVER,1,2040411,,UNKNOWN,MOTORIZED,IL,,UNKNOWN,VAN/MINI-VAN,UNKNOWN/NA,E,ENTERING TRAFFIC LANE FROM PARKING,,,2,,,,,,,,,,,,,,,Y,,,FRONT-LEFT-CORNER,,,,,,,,,,,,,,,,,,,,,,,,,,,,,,,,,
2140431,c3391d295ad8f17651ce985292dfb1ed969a2a0a22a21781026b046a74290203f2c52c11201baf13c158c3c071c661557be10dba939e7db38eef0dcac54916bf,08/30/2025 02:00:00 PM,2,DRIVER,,2040412,,TOYOTA,PRIUS,IL,2016,NONE,PASSENGER,PERSONAL,E,STRAIGHT AHEAD,,,1,,,,,,,,Y,Y,Y,,,,,,,,REAR-RIGHT-CORNER,,,,,,,,,,,,,,,,,,,,,,,,,,,,,,,,,
2140778,e3b3bf40e0f12d972ecf3d7a5f929e9e3790a2355345a0e40eaba11c438ecdea3d72d4b43aa107b5a6df89f95775aca3de84d5873c6424ff50ca14aba46dec58,08/30/2025 02:00:00 PM,1,DRIVER,,2040739,,ACURA,ADX,IL,2014,UNKNOWN,PASSENGER,PERSONAL,W,STRAIGHT AHEAD,,,1,,,,,,,,,,,,,,,Y,,,REAR-LEFT-CORNER,,,,,,,,,,,,,,,,,,,,,,,,,,,,,,,,,
2140779,e3b3bf40e0f12d972ecf3d7a5f929e9e3790a2355345a0e40eaba11c438ecdea3d72d4b43aa107b5a6df89f95775aca3de84d5873c6424ff50ca14aba46dec58,08/30/2025 02:00:00 PM,2,DRIVER,,2040740,,TOYOTA,CAMRY,IL,2007,UNKNOWN,PASSENGER,PERSONAL,W,STRAIGHT AHEAD,,,1,,,,,,,,,Y,Y,,,,,,,,REAR-RIGHT-CORNER,,,,,,,,,,,,,,,,,,,,,,,,,,,,,,,,,
2140351,325fdb2e63173bffee24cf8c5e5e46bb4a4e91d6a33cba0a9f992af765d1305de13204a7343945340b2a5a4044f205bc3b8b4a61062dbf4ee692f88d9c2d869b,08/30/2025 01:53:00 PM,1,DRIVER,,2040379,,UNKNOWN,OTHER (EXPLAIN IN NARRATIVE),,2020,NONE,TRUCK - SINGLE UNIT,FIRE,W,BACKING,,,1,,,,Y,,,,,,Y,,,,,,,,REAR,,,,,,,,,,,,,,,,,,,,,,,,,,,,,,,,,
2140302,50173ae0b3046c992cc2e10ceffe3fc1a1a5f109eaac03166a8159724dae3ed78ed372e9f14c601412997a6ee0f101dd3669620434ca2bf21b38844f41f38c17,08/30/2025 01:50:00 PM,1,DRIVER,,2040282,,FORD,ECONOLINE E150,AZ,2016,NONE,VAN/MINI-VAN,UNKNOWN/NA,E,TURNING LEFT,,,1,,,,,,,,,,,,,,,,,Y,UNKNOWN,,,,,,,,,,,,,,,,,,,,,,,,,,,,,,,,,
2140303,50173ae0b3046c992cc2e10ceffe3fc1a1a5f109eaac03166a8159724dae3ed78ed372e9f14c601412997a6ee0f101dd3669620434ca2bf21b38844f41f38c17,08/30/2025 01:50:00 PM,2,PARKED,,2040283,,TOYOTA,PRIUS,IL,2010,NONE,PASSENGER,PERSONAL,E,PARKED,,,0,,,,,,,Y,Y,Y,Y,,,,,,,,REAR,,,,,,,,,,,,,,,,,,,,,,,,,,,,,,,,,
2140300,5a37a9b73f3b5755c5b178ff204f1837ec6d28c1b2ac490a3fab3ffaf2b5befdc37a5cef3596959867dc973b082cda08c24803deeef3a963f206c326423d75e8,08/30/2025 01:39:00 PM,1,DRIVER,2,2040340,,"PIERCE MANUFACTURING, INC.(APPLETON, WI)","PIERCE MFG.,INC.(MFR.OF PIERCE DUPLEX,APPLETON,WI)",IL,,UNKNOWN,TRUCK - SINGLE UNIT,FIRE,W,STRAIGHT AHEAD,,N,3,,,,Y,,,,,,,,,,,,,,UNKNOWN,,,,,,,,,,,,,,,,,,,,,,,,,,,,,,,,,
2140301,5a37a9b73f3b5755c5b178ff204f1837ec6d28c1b2ac490a3fab3ffaf2b5befdc37a5cef3596959867dc973b082cda08c24803deeef3a963f206c326423d75e8,08/30/2025 01:39:00 PM,2,DRIVER,1,2040310,,JEEP,CHEROKEE,IL,2021,UNKNOWN,SPORT UTILITY VEHICLE (SUV),PERSONAL,W,STRAIGHT AHEAD,,,2,,,,,,,,,,,,,Y,Y,,N,,SIDE-LEFT-FRONT,,,,,,,,,,,,,,,,,,,,,,,,,,,,,,,,,
2140298,2966a16252e3248d6d7744010467c431b10763adad769245e32ad86825cac034ef865f77cc0110806faf35947d9e018075ec8c0cf0f6014ab01f807df6a9b175,08/30/2025 01:31:00 PM,1,DRIVER,,2040276,,TOYOTA,PRIUS,IN,2010,NONE,PASSENGER,PERSONAL,N,STRAIGHT AHEAD,,,1,,,,,,,,,,,,,,,,Y,,FRONT,,,,,,,,,,,,,,,,,,,,,,,,,,,,,,,,,
2140299,2966a16252e3248d6d7744010467c431b10763adad769245e32ad86825cac034ef865f77cc0110806faf35947d9e018075ec8c0cf0f6014ab01f807df6a9b175,08/30/2025 01:31:00 PM,2,DRIVER,4,2040280,,NISSAN,ROGUE,IL,2018,NONE,PASSENGER,PERSONAL,N,SLOW/STOP IN TRAFFIC,Y,,5,,PRIVATE TOW,,,,,,,Y,Y,Y,,,,,,,REAR,,,,,,,,,,,,,,,,,,,,,,,,,,,,,,,,,
2140402,8c56ee2b2335c3622c35a1c79f9c0541ff4d3ec7c07e0e5826c6f4841dd994772b5c3a223464a063998e5e56c15a815b558f7847a973600674000e2497ddcc0b,08/30/2025 01:30:00 PM,1,DRIVER,,2040389,,FORD,BRONCO / BRONCO II,MI,2022,UNKNOWN,UNKNOWN/NA,PERSONAL,SW,TURNING LEFT,,,1,,,,,,Y,Y,,,,,,,,,,,FRONT-RIGHT-CORNER,,,,,,,,,,,,,,,,,,,,,,,,,,,,,,,,,
2140403,8c56ee2b2335c3622c35a1c79f9c0541ff4d3ec7c07e0e5826c6f4841dd994772b5c3a223464a063998e5e56c15a815b558f7847a973600674000e2497ddcc0b,08/30/2025 01:30:00 PM,2,DRIVER,,2040399,,BLUEBIRD INTERNATIONAL,BLUEBIRD INTERNATIONAL,IL,2024,NONE,TRUCK - SINGLE UNIT,NOT IN USE,SW,UNKNOWN/NA,,,1,,,,,,,,,,,Y,,,,,,,REAR-LEFT-CORNER,,,,,,,,,,,,,,,,,,,,,,,,,,,,,,,,,
2140898,bab6543007b75a35d2273f29292326da534459e6905eb0bb47c73088cbb588efd1868657256afd15bd26ba27c0d70b90816929927e7fbda147880edd1955e2d0,08/30/2025 01:30:00 PM,1,DRIVER,,2040851,,NISSAN,MAXIMA,IL,2021,UNKNOWN,PASSENGER,UNKNOWN/NA,W,TURNING RIGHT,,,1,,,,,Y,,,,,,,,,,Y,Y,,FRONT-RIGHT-CORNER,,,,,,,,,,,,,,,,,,,,,,,,,,,,,,,,,
2140899,bab6543007b75a35d2273f29292326da534459e6905eb0bb47c73088cbb588efd1868657256afd15bd26ba27c0d70b90816929927e7fbda147880edd1955e2d0,08/30/2025 01:30:00 PM,2,PEDESTRIAN,,,,,,,,,,,,,,,,,,,,,,,,,,,,,,,,,,,,,,,,,,,,,,,,,,,,,,,,,,,,,,,,,,
2140338,809839908308e5af38ed49b5ba9aa8d8669836fc92f603b29319f8207e9f2a6a60cfdf738602e915449c2a218eec913fb6e595ea3b54d25e2a213af0bc74ec6e,08/30/2025 01:29:00 PM,1,BICYCLE,,,,,,,,,,,,,,,,,,,,,,,,,,,,,,,,,,,,,,,,,,,,,,,,,,,,,,,,,,,,,,,,,,
2140339,809839908308e5af38ed49b5ba9aa8d8669836fc92f603b29319f8207e9f2a6a60cfdf738602e915449c2a218eec913fb6e595ea3b54d25e2a213af0bc74ec6e,08/30/2025 01:29:00 PM,2,DRIVER,1,2040336,,FORD,F150,IL,2021,NONE,PICKUP,PERSONAL,NW,TURNING RIGHT,,,2,,,,,,Y,,,,,,,,,,,,SIDE-RIGHT,,,,,,,,,,,,,,,,,,,,,,,,,,,,,,,,,
2140304,1d56b37f6f6d434e7c3a2aca6a3954a9e6a96bbdb315a3bd873260a354b68df99c316a7be762dade650998b2f01d108cdd206cbc75ea210e6840f14c82c10eb2,08/30/2025 01:25:00 PM,1,DRIVER,,2040287,,CHEVROLET,MALIBU,IL,2023,NONE,PASSENGER,NOT IN USE,E,ENTERING TRAFFIC LANE FROM PARKING,,,1,,,,Y,,,,,,,,,,,,,,SIDE-RIGHT-FRONT,,,,,,,,,,,,,,,,,,,,,,,,,,,,,,,,,
2140305,1d56b37f6f6d434e7c3a2aca6a3954a9e6a96bbdb315a3bd873260a354b68df99c316a7be762dade650998b2f01d108cdd206cbc75ea210e6840f14c82c10eb2,08/30/2025 01:25:00 PM,2,PEDESTRIAN,,,,,,,,,,,,,,,,,,,,,,,,,,,,,,,,,,,,,,,,,,,,,,,,,,,,,,,,,,,,,,,,,,
2140356,d0b106f78c2261d9d607f82bdbed9600ff5e44586a2885eddcdda95451f5ca5792bdad746c5ea51decad8a2bc27d8b9bc0f41d495ad7e4e202f2818ac601a5db,08/30/2025 01:21:00 PM,1,DRIVER,1,2040339,,BUICK,VERANO,MA,2014,UNKNOWN,PASSENGER,PERSONAL,E,MERGING,,,2,,,,,,,,,,,,,,Y,Y,,,FRONT-LEFT-CORNER,,,,,,,,,,,,,,,,,,,,,,,,,,,,,,,,,
2140357,d0b106f78c2261d9d607f82bdbed9600ff5e44586a2885eddcdda95451f5ca5792bdad746c5ea51decad8a2bc27d8b9bc0f41d495ad7e4e202f2818ac601a5db,08/30/2025 01:21:00 PM,2,DRIVER,,2040350,,KIA,NIRO,OH,2019,NONE,PASSENGER,PERSONAL,E,STRAIGHT AHEAD,,,1,,,,,,,,Y,Y,,,,,N,N,,,SIDE-RIGHT-REAR,,,,,,,,,,,,,,,,,,,,,,,,,,,,,,,,,
2140262,dbc94790dea16b9455fcd21bf238861e30a41ef485152ba1798deea7ebf5c37f4339499736754788e6b85eef320a63e553927d7cf63e4a1235a30da4f633367e,08/30/2025 01:20:00 PM,2,DRIVER,,2040241,,CHEVROLET,TRAVERSE,IL,2018,NONE,SPORT UTILITY VEHICLE (SUV),PERSONAL,S,STRAIGHT AHEAD,,,1,,,,,,,,,,Y,,,,,,,,REAR,,,,,,,,,,,,,,,,,,,,,,,,,,,,,,,,,
2140263,dbc94790dea16b9455fcd21bf238861e30a41ef485152ba1798deea7ebf5c37f4339499736754788e6b85eef320a63e553927d7cf63e4a1235a30da4f633367e,08/30/2025 01:20:00 PM,1,DRIVER,,2040255,,INFINITI,M37,IL,2011,NONE,PASSENGER,UNKNOWN/NA,S,STRAIGHT AHEAD,,,1,,,,,,,,,,,,,,,,Y,,FRONT,,,,,,,,,,,,,,,,,,,,,,,,,,,,,,,,,
2140455,d6c6c78a90b787eeb7750384fa67eb33050b6eecbd024a57940beb65bf2d822f296b3c9a324808945cbd8be331a4e53e86d9e3cd65e2361b2d61364a4ddf6ad9,08/30/2025 01:15:00 PM,1,DRIVER,,2040433,,BMW,OTHER (EXPLAIN IN NARRATIVE),,,UNKNOWN,PASSENGER,UNKNOWN/NA,E,STRAIGHT AHEAD,,,1,,,,,,,,,,,,,,,,,Y,SIDE-RIGHT,,,,,,,,,,,,,,,,,,,,,,,,,,,,,,,,,
2140456,d6c6c78a90b787eeb7750384fa67eb33050b6eecbd024a57940beb65bf2d822f296b3c9a324808945cbd8be331a4e53e86d9e3cd65e2361b2d61364a4ddf6ad9,08/30/2025 01:15:00 PM,2,DRIVER,2,2040441,,CHEVROLET,TRAX,MI,2018,NONE,SPORT UTILITY VEHICLE (SUV),PERSONAL,E,ENTERING TRAFFIC LANE FROM PARKING,,,3,,,,,,,,,,,,,,Y,Y,,,SIDE-LEFT-FRONT,,,,,,,,,,,,,,,,,,,,,,,,,,,,,,,,,
2140270,39d78ba73a109b05e7bd320d50c6417de22fe75ba2129d0503d35b9f9f5d4963d0b4567f470d244957dd9d01ce2c91f71108f69e57dc4628d3e3bd0ed73a243d,08/30/2025 01:09:00 PM,1,DRIVER,,2040262,,NISSAN,PATHFINDER,IN,2013,NONE,SPORT UTILITY VEHICLE (SUV),PERSONAL,W,STRAIGHT AHEAD,,,1,,,,,,,,,,,,,,,,,Y,FRONT,,,,,,,,,,,,,,,,,,,,,,,,,,,,,,,,,
2140271,39d78ba73a109b05e7bd320d50c6417de22fe75ba2129d0503d35b9f9f5d4963d0b4567f470d244957dd9d01ce2c91f71108f69e57dc4628d3e3bd0ed73a243d,08/30/2025 01:09:00 PM,2,DRIVER,1,2040249,,SUBARU,CROSSTREK,IL,2024,NONE,SPORT UTILITY VEHICLE (SUV),PERSONAL,W,SLOW/STOP IN TRAFFIC,,,2,,,,,,,,,Y,Y,Y,,,,,,,REAR,,,,,,,,,,,,,,,,,,,,,,,,,,,,,,,,,
2140266,5e82e683ce57e9149b68562e7040976c73404619305e76749da56d68a8b22f53fc5181a3fb401bfe268aa20ff964757058cea672a96ecabeacf2e9b8df1d1340,08/30/2025 01:07:00 PM,1,DRIVER,,2040251,,NISSAN,MURANO,,2005,UNKNOWN,PASSENGER,UNKNOWN/NA,S,BACKING,,,1,,,,,,,,,,,,,,,,,Y,REAR,,,,,,,,,,,,,,,,,,,,,,,,,,,,,,,,,
2140267,5e82e683ce57e9149b68562e7040976c73404619305e76749da56d68a8b22f53fc5181a3fb401bfe268aa20ff964757058cea672a96ecabeacf2e9b8df1d1340,08/30/2025 01:07:00 PM,2,DRIVER,1,2040261,,HONDA,CR-V,IL,2014,UNKNOWN,PASSENGER,PERSONAL,E,STRAIGHT AHEAD,,,2,,,,,Y,Y,,,,,,,,,,,,SIDE-RIGHT,,,,,,,,,,,,,,,,,,,,,,,,,,,,,,,,,
2140284,9305a3348fa8b2f2f8aeddc93d0af0bada660de2c05648da8e7ab03b162478eb6716fda43b088e4409bb6a3f9d47d6a41b49e37728eb01ee8eef6ebcb0f91f70,08/30/2025 01:06:00 PM,1,DRIVER,,2040264,,CHEVROLET,EQUINOX,,2018,UNKNOWN,UNKNOWN/NA,UNKNOWN/NA,UNKNOWN,UNKNOWN/NA,,,1,,,,,,,,,,,,,,,,,Y,UNKNOWN,,,,,,,,,,,,,,,,,,,,,,,,,,,,,,,,,
2140285,9305a3348fa8b2f2f8aeddc93d0af0bada660de2c05648da8e7ab03b162478eb6716fda43b088e4409bb6a3f9d47d6a41b49e37728eb01ee8eef6ebcb0f91f70,08/30/2025 01:06:00 PM,2,DRIVER,,2040270,,TOYOTA,RAV4,IL,2007,UNKNOWN,PASSENGER,PERSONAL,S,STRAIGHT AHEAD,,,1,,,,,Y,,,,,,,,,,,,,UNKNOWN,,,,,,,,,,,,,,,,,,,,,,,,,,,,,,,,,
2140294,291c9241a64fd6a2ca324f961612b8f05340f6d2145cb818103a26f6fb0dccb361b3158004e6136cd45c1bb7394e5212d0f1a66a56a918e4ff0257c84ecc5f55,08/30/2025 01:00:00 PM,1,DRIVER,,2040273,,TOYOTA,HIGHLANDER,IL,2023,UNKNOWN,SPORT UTILITY VEHICLE (SUV),PERSONAL,UNKNOWN,CHANGING LANES,,,1,,,,,,,,,,,,,,Y,Y,,,FRONT-LEFT-CORNER,,,,,,,,,,,,,,,,,,,,,,,,,,,,,,,,,