CRASH_UNIT_ID,CRASH_RECORD_ID,CRASH_DATE,UNIT_NO,UNIT_TYPE,NUM_PASSENGERS,VEHICLE_ID,CMRC_VEH_I,MAKE,MODEL,LIC_PLATE_STATE,VEHICLE_YEAR,VEHICLE_DEFECT,VEHICLE_TYPE,VEHICLE_USE,TRAVEL_DIRECTION,MANEUVER,TOWED_I,FIRE_I,OCCUPANT_CNT,EXCEED_SPEED_LIMIT_I,TOWED_BY,TOWED_TO,AREA_00_I,AREA_01_I,AREA_02_I,AREA_03_I,AREA_04_I,AREA_05_I,AREA_06_I,AREA_07_I,AREA_08_I,AREA_09_I,AREA_10_I,AREA_11_I,AREA_12_I,AREA_99_I,FIRST_CONTACT_POINT,CMV_ID,USDOT_NO,CCMC_NO,ILCC_NO,COMMERCIAL_SRC,GVWR,CARRIER_NAME,CARRIER_STATE,CARRIER_CITY,HAZMAT_PLACARDS_I,HAZMAT_NAME,UN_NO,HAZMAT_PRESENT_I,HAZMAT_REPORT_I,HAZMAT_REPORT_NO,MCS_REPORT_I,MCS_REPORT_NO,HAZMAT_VIO_CAUSE_CRASH_I,MCS_VIO_CAUSE_CRASH_I,IDOT_PERMIT_NO,WIDE_LOAD_I,TRAILER1_WIDTH,TRAILER2_WIDTH,TRAILER1_LENGTH,TRAILER2_LENGTH,TOTAL_VEHICLE_LENGTH,AXLE_CNT,VEHICLE_CONFIG,CARGO_BODY_TYPE,LOAD_TYPE,HAZMAT_OUT_OF_SERVICE_I,MCS_OUT_OF_SERVICE_I,HAZMAT_CLASS
2140295,291c9241a64fd6a2ca324f961612b8f05340f6d2145cb818103a26f6fb0dccb361b3158004e6136cd45c1bb7394e5212d0f1a66a56a918e4ff0257c84ecc5f55,08/30/2025 01:00:00 PM,2,DRIVER,,2040279,,INFINITI,EX37,IL,2013,UNKNOWN,SPORT UTILITY VEHICLE (SUV),PERSONAL,UNKNOWN,STRAIGHT AHEAD,,,1,,,,,,Y,Y,Y,,,,,,,,,,SIDE-RIGHT,,,,,,,,,,,,,,,,,,,,,,,,,,,,,,,,,
2140908,31f996c96541caa4d1071d8c4024999a67f9b2c9717be6d40cf12c37281dc54c20b4fe3977019da66f4340a62346817477d6bcd80c1ae6995757e7077404ef1f,08/30/2025 01:00:00 PM,1,DRIVER,,2040861,,BMW,3 SERIES,IL,2008,NONE,PASSENGER,PERSONAL,N,BACKING,,,1,,,,,,,,,,Y,,,,,,,,REAR,,,,,,,,,,,,,,,,,,,,,,,,,,,,,,,,,
2140909,31f996c96541caa4d1071d8c4024999a67f9b2c9717be6d40cf12c37281dc54c20b4fe3977019da66f4340a62346817477d6bcd80c1ae6995757e7077404ef1f,08/30/2025 01:00:00 PM,2,DRIVER,,2040881,,LEXUS,RX300,IL,2019,NONE,PASSENGER,PERSONAL,W,STRAIGHT AHEAD,,,1,,,,,Y,,,,,,,,,,,,,FRONT-RIGHT-CORNER,,,,,,,,,,,,,,,,,,,,,,,,,,,,,,,,,
2140410,9e50f576c490449b6d516998c42c6b729cec5b703c027a3e2f1f72301da7cce573ae3cdaaedf0a3a129909edc15c66c27d7e12f400d059bf424d33c38213edf3,08/30/2025 01:00:00 PM,1,DRIVER,,2040385,,CHEVROLET,TRAX,IL,2021,UNKNOWN,SPORT UTILITY VEHICLE (SUV),UNKNOWN/NA,S,TURNING LEFT,Y,,1,,PRIVATE TOW,,,Y,,,,Y,Y,Y,,,,Y,Y,,FRONT,,,,,,,,,,,,,,,,,,,,,,,,,,,,,,,,,
2140411,9e50f576c490449b6d516998c42c6b729cec5b703c027a3e2f1f72301da7cce573ae3cdaaedf0a3a129909edc15c66c27d7e12f400d059bf424d33c38213edf3,08/30/2025 01:00:00 PM,2,DRIVER,,2040392,,CHEVROLET,SILVERADO,IL,2000,UNKNOWN,PICKUP,UNKNOWN/NA,N,STRAIGHT AHEAD,,,1,,,,,Y,,,,,,,,,,Y,Y,,FRONT,,,,,,,,,,,,,,,,,,,,,,,,,,,,,,,,,
2140412,9e50f576c490449b6d516998c42c6b729cec5b703c027a3e2f1f72301da7cce573ae3cdaaedf0a3a129909edc15c66c27d7e12f400d059bf424d33c38213edf3,08/30/2025 01:00:00 PM,3,DRIVER,,2040400,,SUBARU,OTHER (EXPLAIN IN NARRATIVE),IL,2021,UNKNOWN,UNKNOWN/NA,UNKNOWN/NA,S,TURNING LEFT,,,1,,,,,Y,,,,,,,,,,Y,Y,,FRONT,,,,,,,,,,,,,,,,,,,,,,,,,,,,,,,,,
2140280,db78a81699133f57e538ab04c28246b5b5d5a5e734745e7c58c703d63a1bc4860e4a1b11f5fc51451b6d1263f7dcf18d36e4693b9d322d82921aae52c1355039,08/30/2025 01:00:00 PM,1,DRIVER,1,2040260,,TOYOTA,RAV4,,2007,UNKNOWN,PASSENGER,PERSONAL,W,AVOIDING VEHICLES/OBJECTS,,,2,,,,,Y,,,,,,,,,,,Y,,FRONT-RIGHT-CORNER,,,,,,,,,,,,,,,,,,,,,,,,,,,,,,,,,
2140281,db78a81699133f57e538ab04c28246b5b5d5a5e734745e7c58c703d63a1bc4860e4a1b11f5fc51451b6d1263f7dcf18d36e4693b9d322d82921aae52c1355039,08/30/2025 01:00:00 PM,2,DRIVER,2,2040271,,TESLA,MODEL Y,IL,2022,UNKNOWN,PASSENGER,RIDESHARE SERVICE,W,AVOIDING VEHICLES/OBJECTS,,,3,,,,,,,,,,Y,Y,,,,,,,REAR-LEFT-CORNER,,,,,,,,,,,,,,,,,,,,,,,,,,,,,,,,,
2140296,e71b273d731981e175bbadd62451cac3a5f21a76485452a41778bf225b71c06af08d355ed90df0179fd40dc3196f3d723cb637312c0d9a128676fcd2f75e7a5f,08/30/2025 01:00:00 PM,1,DRIVER,,2040293,,FORD,TRANSIT,IL,2010,UNKNOWN,VAN/MINI-VAN,UNKNOWN/NA,W,STRAIGHT AHEAD,,,1,,,,,,,,,,,,,,,,,Y,FRONT,,,,,,,,,,,,,,,,,,,,,,,,,,,,,,,,,
2140297,e71b273d731981e175bbadd62451cac3a5f21a76485452a41778bf225b71c06af08d355ed90df0179fd40dc3196f3d723cb637312c0d9a128676fcd2f75e7a5f,08/30/2025 01:00:00 PM,2,DRIVER,,2040303,,BMW,M-3,IL,2025,NONE,SPORT UTILITY VEHICLE (SUV),PERSONAL,W,SLOW/STOP IN TRAFFIC,,,1,,,,,,,,,Y,Y,Y,,,,,,,REAR,,,,,,,,,,,,,,,,,,,,,,,,,,,,,,,,,
2140326,3b4b9d6289c2839154278c7423025166c40c3520a726be64882e3cb6cca8257bc39defa72280439876ca42704280fb48c4619b41ce8c40d2113e44f02a14e446,08/30/2025 12:55:00 PM,1,DRIVER,,2040300,,NISSAN,X-TERRA,IN,,UNKNOWN,PASSENGER,UNKNOWN/NA,W,STRAIGHT AHEAD,,,1,,,,,,,,,,,,,,,,Y,,FRONT,,,,,,,,,,,,,,,,,,,,,,,,,,,,,,,,,
2140327,3b4b9d6289c2839154278c7423025166c40c3520a726be64882e3cb6cca8257bc39defa72280439876ca42704280fb48c4619b41ce8c40d2113e44f02a14e446,08/30/2025 12:55:00 PM,2,DRIVER,,2040305,,VOLKSWAGEN,ATLAS,IL,2024,NONE,SPORT UTILITY VEHICLE (SUV),PERSONAL,W,SLOW/STOP IN TRAFFIC,,,1,,,,,,,,,,Y,,,,,,,,REAR,,,,,,,,,,,,,,,,,,,,,,,,,,,,,,,,,
2140802,cbc6e836af139f3f8f0d67b1ef8d3526d0315f3b1bb2c7a3df7b898799c01135179f53724e8cd366f82e6c13ef8e86d4b2e5d5087403de845afe4cc93049c96e,08/30/2025 12:54:00 PM,1,DRIVER,,2040756,,"(HOMEMADE MOTORCYCLE, MOPED.ETC.)","(HOMEMADE MOTORCYCLE, MOPED.ETC.)",IL,,UNKNOWN,MOPED OR MOTORIZED BICYCLE,PERSONAL,W,STRAIGHT AHEAD,,,1,,,,,,,,,,,N,N,,,,Y,,FRONT,,,,,,,,,,,,,,,,,,,,,,,,,,,,,,,,,
2140803,cbc6e836af139f3f8f0d67b1ef8d3526d0315f3b1bb2c7a3df7b898799c01135179f53724e8cd366f82e6c13ef8e86d4b2e5d5087403de845afe4cc93049c96e,08/30/2025 12:54:00 PM,2,DRIVER,,2040757,,TOYOTA,AVALON,IL,2000,UNKNOWN,PASSENGER,PERSONAL,S,STRAIGHT AHEAD,,,1,,,,,,,,,,,Y,Y,,,,,,SIDE-LEFT-REAR,,,,,,,,,,,,,,,,,,,,,,,,,,,,,,,,,
2140254,425f883425435c78ca70098bd1be42a1c7b5dffd6f1b0966d87f8057654dfd2c18ccd9aeda4a7847807a1af6a5c38d7e76c540650f4605d918453024ffb6c52b,08/30/2025 12:50:00 PM,1,DRIVER,2,2040238,,TOYOTA,CAMRY,IL,2012,NONE,PASSENGER,TAXI/FOR HIRE,W,STRAIGHT AHEAD,,,3,,,,,Y,,,,,,,,,,,,Y,FRONT,,,,,,,,,,,,,,,,,,,,,,,,,,,,,,,,,
2140255,425f883425435c78ca70098bd1be42a1c7b5dffd6f1b0966d87f8057654dfd2c18ccd9aeda4a7847807a1af6a5c38d7e76c540650f4605d918453024ffb6c52b,08/30/2025 12:50:00 PM,2,BICYCLE,,,,,,,,,,,,,,,,,,,,,,,,,,,,,,,,,,,,,,,,,,,,,,,,,,,,,,,,,,,,,,,,,,
2140264,5df1e8f1ac93a3f6680d22b5244892b1e99426910f6fb4a0bd1e212a76eec69b71c83fe1832ebcbed73b1839843bbd10e93eedd12b57a20a7bf8922724c312f1,08/30/2025 12:45:00 PM,1,DRIVER,,2040240,,JEEP,CHEROKEE,IL,2012,UNKNOWN,SPORT UTILITY VEHICLE (SUV),UNKNOWN/NA,W,CHANGING LANES,,,1,,,,,Y,Y,Y,,,,,,,,,,,FRONT-RIGHT-CORNER,,,,,,,,,,,,,,,,,,,,,,,,,,,,,,,,,
2140265,5df1e8f1ac93a3f6680d22b5244892b1e99426910f6fb4a0bd1e212a76eec69b71c83fe1832ebcbed73b1839843bbd10e93eedd12b57a20a7bf8922724c312f1,08/30/2025 12:45:00 PM,2,DRIVER,1,2040247,,KIA,RIO / K2,IL,2021,NONE,PASSENGER,PERSONAL,W,STRAIGHT AHEAD,,,2,,,,,,,,,,,Y,Y,Y,Y,Y,,,SIDE-LEFT,,,,,,,,,,,,,,,,,,,,,,,,,,,,,,,,,
2140260,7aa2d369b1dc5055e230006de42242a6f018c58c148908b68c9b2991db204adf2bb0f32915d83f6f92d10e48e1ca8d2a0c9302ac221cd4856627c0f125fb49fe,08/30/2025 12:40:00 PM,1,DRIVER,,2040277,Y,HYUNDAI TRAILERS,HYUNDAI TRAILERS,TN,2025,UNKNOWN,TRUCK - SINGLE UNIT,COMMERCIAL - SINGLE UNIT,W,TURNING LEFT,,,1,,,,,,,,,,,Y,,,,,,,REAR-LEFT-CORNER,,,,,,,,,,,,,,,,,,,,,,,,,,,,,,,,,
2140261,7aa2d369b1dc5055e230006de42242a6f018c58c148908b68c9b2991db204adf2bb0f32915d83f6f92d10e48e1ca8d2a0c9302ac221cd4856627c0f125fb49fe,08/30/2025 12:40:00 PM,2,DRIVER,,2040281,,MAZDA,CX-5,IL,2020,UNKNOWN,PASSENGER,PERSONAL,UNKNOWN,STRAIGHT AHEAD,Y,,1,,PRIVATE,,,Y,Y,,,,,,,,Y,Y,Y,,FRONT,,,,,,,,,,,,,,,,,,,,,,,,,,,,,,,,,
2140247,d5ad3a1e40fb78208386e0ebdc681407e192d6fb9e59d62c6e556eb0e99549aa1892ef57c066ab680430227be04fefa80a5b0c866144956d71794b47ea49d512,08/30/2025 12:40:00 PM,1,DRIVER,,2040224,,INFINITI,Q50,IL,2019,UNKNOWN,PASSENGER,PERSONAL,UNKNOWN,CHANGING LANES,,,1,,,,,Y,,,,,,,,,,Y,Y,,FRONT,,,,,,,,,,,,,,,,,,,,,,,,,,,,,,,,,
2140248,d5ad3a1e40fb78208386e0ebdc681407e192d6fb9e59d62c6e556eb0e99549aa1892ef57c066ab680430227be04fefa80a5b0c866144956d71794b47ea49d512,08/30/2025 12:40:00 PM,2,DRIVER,,2040230,,FORD,EXPEDITION,IL,2023,UNKNOWN,SPORT UTILITY VEHICLE (SUV),TAXI/FOR HIRE,UNKNOWN,STRAIGHT AHEAD,,,1,,,,,,,,,,,Y,Y,Y,Y,Y,,,SIDE-LEFT,,,,,,,,,,,,,,,,,,,,,,,,,,,,,,,,,
2140249,7dda888acd22aa6950a1bc77ec3abe4a7ba5ee45e58a2b046c72f448e4b29072b0b9d4e28fe441329c14c24b7dc5385b6066709af1a1d5b0b59137dd9d77b199,08/30/2025 12:30:00 PM,1,DRIVER,,2040225,,TOYOTA,COROLLA,IL,2014,UNKNOWN,PASSENGER,UNKNOWN/NA,SE,OTHER,,,1,,,,,,,,,,,,,,,,,Y,UNKNOWN,,,,,,,,,,,,,,,,,,,,,,,,,,,,,,,,,
2140250,7dda888acd22aa6950a1bc77ec3abe4a7ba5ee45e58a2b046c72f448e4b29072b0b9d4e28fe441329c14c24b7dc5385b6066709af1a1d5b0b59137dd9d77b199,08/30/2025 12:30:00 PM,2,PARKED,,2040228,,KIA,NIRO,IL,2018,NONE,PASSENGER,NOT IN USE,N,PARKED,,,0,,,,,,,,,,,,Y,Y,Y,Y,,,SIDE-LEFT-FRONT,,,,,,,,,,,,,,,,,,,,,,,,,,,,,,,,,
2140251,7dda888acd22aa6950a1bc77ec3abe4a7ba5ee45e58a2b046c72f448e4b29072b0b9d4e28fe441329c14c24b7dc5385b6066709af1a1d5b0b59137dd9d77b199,08/30/2025 12:30:00 PM,3,PARKED,,2040231,,TOYOTA,SOLARA,IL,2007,NONE,PASSENGER,NOT IN USE,N,PARKED,,,0,,,,,,,,,,,Y,Y,Y,,,,,REAR-LEFT-CORNER,,,,,,,,,,,,,,,,,,,,,,,,,,,,,,,,,
2140235,c81533f820a0332a2bb89b3445416b4a5a68342975aee31b27787487549a3be3e59f97ee0eed1373d8ca34edc42229bedb9483ae9539f2fc10861f9eef727818,08/30/2025 12:27:00 PM,1,DRIVER,,2040216,,NISSAN,MURANO,IL,2011,NONE,SPORT UTILITY VEHICLE (SUV),PERSONAL,E,STRAIGHT AHEAD,,,1,,,,,Y,,,,,,,,,,Y,Y,,FRONT,,,,,,,,,,,,,,,,,,,,,,,,,,,,,,,,,
2140239,c81533f820a0332a2bb89b3445416b4a5a68342975aee31b27787487549a3be3e59f97ee0eed1373d8ca34edc42229bedb9483ae9539f2fc10861f9eef727818,08/30/2025 12:27:00 PM,2,DRIVER,,2040219,,KIA,SORENTO,IL,2014,NONE,SPORT UTILITY VEHICLE (SUV),PERSONAL,E,STRAIGHT AHEAD,,,1,,,,,,,,,Y,Y,Y,,,,,,,REAR,,,,,,,,,,,,,,,,,,,,,,,,,,,,,,,,,
2140756,986a16827fb43e73f621beea2920fa48f7fdad80bce932f4b6ffd15ab7f1773cd2e7b15b1d62272307f36a0887c978388334601edf1d759eba6475bad16a7650,08/30/2025 12:24:00 PM,2,DRIVER,2,2040720,,VOLKSWAGEN,ATLAS,IL,2024,NONE,SPORT UTILITY VEHICLE (SUV),PERSONAL,N,STRAIGHT AHEAD,,,3,,,,,,,,,,,Y,Y,Y,,,,,SIDE-LEFT-REAR,,,,,,,,,,,,,,,,,,,,,,,,,,,,,,,,,
2140757,986a16827fb43e73f621beea2920fa48f7fdad80bce932f4b6ffd15ab7f1773cd2e7b15b1d62272307f36a0887c978388334601edf1d759eba6475bad16a7650,08/30/2025 12:24:00 PM,1,DRIVER,,2040718,,CHEVROLET,CRUZE,IL,2015,NONE,PASSENGER,PERSONAL,S,STRAIGHT AHEAD,,,1,,,,,,,,,,,,,Y,Y,Y,,,SIDE-LEFT,,,,,,,,,,,,,,,,,,,,,,,,,,,,,,,,,
2140245,7b77e6f3b0a169734aabd3f848623e15149515e93c6f4a3a0c01f3e95ef98019f6b874351f18583097b6d71b277288131d3cc2d1dd1ff54b75a65facc9391f44,08/30/2025 12:05:00 PM,1,DRIVER,,2040229,,HYUNDAI,ELANTRA,AZ,2020,NONE,PASSENGER,PERSONAL,E,ENTERING TRAFFIC LANE FROM PARKING,,,1,,,,,,,,,,,,,,Y,Y,,,FRONT-LEFT-CORNER,,,,,,,,,,,,,,,,,,,,,,,,,,,,,,,,,
2140246,7b77e6f3b0a169734aabd3f848623e15149515e93c6f4a3a0c01f3e95ef98019f6b874351f18583097b6d71b277288131d3cc2d1dd1ff54b75a65facc9391f44,08/30/2025 12:05:00 PM,2,DRIVER,2,2040235,,NISSAN,PATHFINDER,IL,2020,NONE,SPORT UTILITY VEHICLE (SUV),PERSONAL,S,STRAIGHT AHEAD,,,3,,,,,Y,Y,,,,,,,,,,,,FRONT-RIGHT-CORNER,,,,,,,,,,,,,,,,,,,,,,,,,,,,,,,,,
2140236,11d296f04202deca048750631160487e321263a4801ae3393680cbccd3a2c8db428ed568de8506a1df1c706f3ef8bbdee952a05658aa0ba8e3b471368fff7862,08/30/2025 11:45:00 AM,1,DRIVER,,2040242,,UNKNOWN,OTHER (EXPLAIN IN NARRATIVE),IL,,UNKNOWN,UNKNOWN/NA,UNKNOWN/NA,UNKNOWN,UNKNOWN/NA,,,1,,,,,,,,,,,,,,,,,Y,UNKNOWN,,,,,,,,,,,,,,,,,,,,,,,,,,,,,,,,,
2140237,11d296f04202deca048750631160487e321263a4801ae3393680cbccd3a2c8db428ed568de8506a1df1c706f3ef8bbdee952a05658aa0ba8e3b471368fff7862,08/30/2025 11:45:00 AM,2,PARKED,,2040246,,HONDA,CR-V,IL,2019,UNKNOWN,SPORT UTILITY VEHICLE (SUV),PERSONAL,S,PARKED,,,0,,,,,,,,,,,Y,Y,Y,Y,Y,,,SIDE-RIGHT,,,,,,,,,,,,,,,,,,,,,,,,,,,,,,,,,
2140210,f7d85308216ccdf60172433328818fe593512871c7b566d5ab43ce2d169e59c10521b253469b970c398d9bf17f6b298d7435e03ee2209b3974bfc45c372208ed,08/30/2025 11:38:00 AM,1,DRIVER,,2040194,,HONDA,CR-V,IL,2019,NONE,PASSENGER,PERSONAL,E,TURNING LEFT,,,1,,,,,Y,,,,,,,,,,,,,FRONT-RIGHT-CORNER,,,,,,,,,,,,,,,,,,,,,,,,,,,,,,,,,
2140215,f7d85308216ccdf60172433328818fe593512871c7b566d5ab43ce2d169e59c10521b253469b970c398d9bf17f6b298d7435e03ee2209b3974bfc45c372208ed,08/30/2025 11:38:00 AM,2,DRIVER,,2040196,,CHEVROLET,TRAIL BLAZER,IL,2004,NONE,PASSENGER,PERSONAL,W,STRAIGHT AHEAD,,,1,,,,,Y,,,,,,,,,,Y,Y,,FRONT,,,,,,,,,,,,,,,,,,,,,,,,,,,,,,,,,
2140229,b478bb07b5f9d88d7cd60d6092e0c2c8b801d09378cc2ef2066eb9456574dd74101ef6401b1a843c40b5b443356b76e1507c5c1f7428f92e2388e648f4afacd3,08/30/2025 11:24:00 AM,1,DRIVER,,2040215,,NISSAN,ARMADA,IL,2009,UNKNOWN,SPORT UTILITY VEHICLE (SUV),PERSONAL,E,STRAIGHT AHEAD,,,1,,,,,,,,,,,,,,Y,Y,,,FRONT-LEFT-CORNER,,,,,,,,,,,,,,,,,,,,,,,,,,,,,,,,,
2140230,b478bb07b5f9d88d7cd60d6092e0c2c8b801d09378cc2ef2066eb9456574dd74101ef6401b1a843c40b5b443356b76e1507c5c1f7428f92e2388e648f4afacd3,08/30/2025 11:24:00 AM,2,DRIVER,2,2040226,,CHEVROLET,MALIBU,IN,2023,UNKNOWN,PASSENGER,RIDESHARE SERVICE,E,STRAIGHT AHEAD,Y,,3,,PRIVATE TOW,,,,,Y,Y,Y,,,,,,,,,SIDE-RIGHT-REAR,,,,,,,,,,,,,,,,,,,,,,,,,,,,,,,,,
2141020,b700a6011aa4b024e289077500bcc894d104b20fa784f63790077da94e008bef78daa5ef6a21be0ccaa867910832356a0e5d6732aac69ca9d720f614572a0159,08/30/2025 11:20:00 AM,1,DRIVER,,2040988,,CHEVROLET,CRUZE,IL,2012,UNKNOWN,PASSENGER,PERSONAL,W,STRAIGHT AHEAD,,,1,,,,,Y,,,,,,,,,,Y,Y,,FRONT,,,,,,,,,,,,,,,,,,,,,,,,,,,,,,,,,
2141021,b700a6011aa4b024e289077500bcc894d104b20fa784f63790077da94e008bef78daa5ef6a21be0ccaa867910832356a0e5d6732aac69ca9d720f614572a0159,08/30/2025 11:20:00 AM,2,DRIVER,2,2040999,,HYUNDAI,SONATA,IL,2023,UNKNOWN,PASSENGER,DRIVER EDUCATION,S,TURNING LEFT,Y,,3,,wells road serivces,1317 n wells,,,,,,,,,,,Y,Y,Y,,FRONT-LEFT-CORNER,,,,,,,,,,,,,,,,,,,,,,,,,,,,,,,,,
2140213,d7b1486b24d440119a72bed753c631ca52b4dd175e77f7c8ddce662aadd0bee8b6c48e0ba67f5785635db5d352bb586c4cced368bf7019186e2ab7e9e2498036,08/30/2025 11:20:00 AM,1,DRIVER,2,2040199,,JAGUAR,F-PACE,IL,2017,NONE,PASSENGER,PERSONAL,E,STRAIGHT AHEAD,,,3,,,,,Y,,,,,,,,,,Y,Y,,FRONT,,,,,,,,,,,,,,,,,,,,,,,,,,,,,,,,,
2140214,d7b1486b24d440119a72bed753c631ca52b4dd175e77f7c8ddce662aadd0bee8b6c48e0ba67f5785635db5d352bb586c4cced368bf7019186e2ab7e9e2498036,08/30/2025 11:20:00 AM,2,DRIVER,,2040203,,GENERAL MOTORS CORPORATION (GMC),ACADIA,IL,2012,NONE,PASSENGER,PERSONAL,N,STRAIGHT AHEAD,,,1,,,,,,,,,,,Y,Y,Y,,,,,REAR-LEFT-CORNER,,,,,,,,,,,,,,,,,,,,,,,,,,,,,,,,,
2140306,4194a42cb32495b83836131b54a089f01df8364006ad8233c8a58ed9fa0836cc6821dea21355442fe11e6a99c330522c2a09f4323b3ac5ce5e5c6557ac365830,08/30/2025 11:00:00 AM,1,DRIVER,,2040301,,SUBARU,LEGACY,IL,2018,UNKNOWN,UNKNOWN/NA,UNKNOWN/NA,E,SLOW/STOP IN TRAFFIC,,,1,,,,,,,,,,,,,,,,Y,,FRONT,,,,,,,,,,,,,,,,,,,,,,,,,,,,,,,,,
2140307,4194a42cb32495b83836131b54a089f01df8364006ad8233c8a58ed9fa0836cc6821dea21355442fe11e6a99c330522c2a09f4323b3ac5ce5e5c6557ac365830,08/30/2025 11:00:00 AM,2,DRIVER,,2040309,,FORD,FOCUS,IL,2018,UNKNOWN,UNKNOWN/NA,UNKNOWN/NA,S,STRAIGHT AHEAD,,,1,,,,,Y,Y,Y,,,,,,,,,,,SIDE-RIGHT-FRONT,,,,,,,,,,,,,,,,,,,,,,,,,,,,,,,,,
2140917,c1b3039e8bcc0756e50a2110c2de36a7438a8e1f0d6bf2d87cf271bd249d8377043a416ae4d08f3bfe0c63ba8622e0ad5f31bab348e9e67b7c26f309c9ff3eea,08/30/2025 11:00:00 AM,1,DRIVER,,2040863,,UNKNOWN,OTHER (EXPLAIN IN NARRATIVE),,,UNKNOWN,UNKNOWN/NA,UNKNOWN/NA,W,STRAIGHT AHEAD,,,1,,,,,Y,Y,Y,,,,,,,,,Y,,FRONT-RIGHT-CORNER,,,,,,,,,,,,,,,,,,,,,,,,,,,,,,,,,
2140918,c1b3039e8bcc0756e50a2110c2de36a7438a8e1f0d6bf2d87cf271bd249d8377043a416ae4d08f3bfe0c63ba8622e0ad5f31bab348e9e67b7c26f309c9ff3eea,08/30/2025 11:00:00 AM,2,PARKED,,2040866,,FORD,EDGE,IL,2018,NONE,PASSENGER,PERSONAL,W,PARKED,Y,,0,,PERSONAL TOW,,,,,,,,,,,Y,Y,Y,Y,,FRONT-LEFT-CORNER,,,,,,,,,,,,,,,,,,,,,,,,,,,,,,,,,
2140194,a6a44274ba8322cecfdf1a2acb4b0594002e00192accbd5a2c85b82a89b62d59045ef6a498b69892061e27f8eba5c0cbd58f6328bf5aea8d63de013c802040aa,08/30/2025 10:50:00 AM,1,DRIVER,,2040179,,TOYOTA,CAMRY,IL,2024,UNKNOWN,PASSENGER,PERSONAL,N,UNKNOWN/NA,,,1,,,,,Y,,,,,,,,,,Y,Y,,FRONT,,,,,,,,,,,,,,,,,,,,,,,,,,,,,,,,,
2140195,a6a44274ba8322cecfdf1a2acb4b0594002e00192accbd5a2c85b82a89b62d59045ef6a498b69892061e27f8eba5c0cbd58f6328bf5aea8d63de013c802040aa,08/30/2025 10:50:00 AM,2,DRIVER,,2040185,,FORD,F150,IL,2007,OTHER,PICKUP,PERSONAL,E,UNKNOWN/NA,,,1,,,,,,Y,Y,Y,,,,,,,,,,SIDE-RIGHT,,,,,,,,,,,,,,,,,,,,,,,,,,,,,,,,,
2140198,cf68f9c8e182b4703ed7080485ad4a43a5af9b3252c8a4bf008dcde185c83fdb184f3d892e00a553f19aa2d6af3851c561c41ec8ccb838c9ea5bbdd819ea93e9,08/30/2025 10:50:00 AM,1,DRIVER,,2040182,,NISSAN,ALTIMA,IL,2015,UNKNOWN,PASSENGER,PERSONAL,N,PASSING/OVERTAKING,,,1,,,,,Y,N,,,,,,,,,,,,FRONT-RIGHT-CORNER,,,,,,,,,,,,,,,,,,,,,,,,,,,,,,,,,
2140199,cf68f9c8e182b4703ed7080485ad4a43a5af9b3252c8a4bf008dcde185c83fdb184f3d892e00a553f19aa2d6af3851c561c41ec8ccb838c9ea5bbdd819ea93e9,08/30/2025 10:50:00 AM,2,DRIVER,2,2040187,,HONDA,PILOT,IL,2011,NONE,SPORT UTILITY VEHICLE (SUV),PERSONAL,N,STRAIGHT AHEAD,,,3,,,,,,,,,,,Y,Y,Y,Y,,,,SIDE-LEFT,,,,,,,,,,,,,,,,,,,,,,,,,,,,,,,,,
2141072,08aa6a572bdceab6ed40001947dae5089f0a7ee205617c682320c21707dd6509d19f56b2707c85bb05a7ece1f211c0ac263262fae203835f0aca6108f3a91151,08/30/2025 10:45:00 AM,1,DRIVER,,2041021,,HONDA,CR-V,IL,2009,UNKNOWN,SPORT UTILITY VEHICLE (SUV),UNKNOWN/NA,W,STRAIGHT AHEAD,,,1,,,,Y,,,,,,,,,,,,,,SIDE-LEFT,,,,,,,,,,,,,,,,,,,,,,,,,,,,,,,,,
2141073,08aa6a572bdceab6ed40001947dae5089f0a7ee205617c682320c21707dd6509d19f56b2707c85bb05a7ece1f211c0ac263262fae203835f0aca6108f3a91151,08/30/2025 10:45:00 AM,2,DRIVER,,2041023,,TOYOTA,OTHER (EXPLAIN IN NARRATIVE),FL,,UNKNOWN,SPORT UTILITY VEHICLE (SUV),UNKNOWN/NA,W,MERGING,,,1,,,,,Y,Y,,,,,,,,,,,,FRONT-RIGHT-CORNER,,,,,,,,,,,,,,,,,,,,,,,,,,,,,,,,,
2140274,1127fa614c210c1a4736596db60c8287ec3462ba3b47d06b2c8bb2b2dfa75b505c7919f0f44fb90fd53c254103a8107a747ca5817cde12b055902dcb8f4afe6a,08/30/2025 10:45:00 AM,1,DRIVER,,2040250,,JEEP,COMPASS,IL,2019,UNKNOWN,PASSENGER,PERSONAL,E,STRAIGHT AHEAD,,,1,,,,,,,,,,,,,,,,Y,,FRONT,,,,,,,,,,,,,,,,,,,,,,,,,,,,,,,,,
2140275,1127fa614c210c1a4736596db60c8287ec3462ba3b47d06b2c8bb2b2dfa75b505c7919f0f44fb90fd53c254103a8107a747ca5817cde12b055902dcb8f4afe6a,08/30/2025 10:45:00 AM,2,DRIVER,,2040259,,FORD,FUSION,IL,2014,NONE,PASSENGER,PERSONAL,E,SLOW/STOP IN TRAFFIC,,,1,,,,,,,,,,Y,,,,,,,,REAR,,,,,,,,,,,,,,,,,,,,,,,,,,,,,,,,,