CRASH_UNIT_ID,CRASH_RECORD_ID,CRASH_DATE,UNIT_NO,UNIT_TYPE,NUM_PASSENGERS,VEHICLE_ID,CMRC_VEH_I,MAKE,MODEL,LIC_PLATE_STATE,VEHICLE_YEAR,VEHICLE_DEFECT,VEHICLE_TYPE,VEHICLE_USE,TRAVEL_DIRECTION,MANEUVER,TOWED_I,FIRE_I,OCCUPANT_CNT,EXCEED_SPEED_LIMIT_I,TOWED_BY,TOWED_TO,AREA_00_I,AREA_01_I,AREA_02_I,AREA_03_I,AREA_04_I,AREA_05_I,AREA_06_I,AREA_07_I,AREA_08_I,AREA_09_I,AREA_10_I,AREA_11_I,AREA_12_I,AREA_99_I,FIRST_CONTACT_POINT,CMV_ID,USDOT_NO,CCMC_NO,ILCC_NO,COMMERCIAL_SRC,GVWR,CARRIER_NAME,CARRIER_STATE,CARRIER_CITY,HAZMAT_PLACARDS_I,HAZMAT_NAME,UN_NO,HAZMAT_PRESENT_I,HAZMAT_REPORT_I,HAZMAT_REPORT_NO,MCS_REPORT_I,MCS_REPORT_NO,HAZMAT_VIO_CAUSE_CRASH_I,MCS_VIO_CAUSE_CRASH_I,IDOT_PERMIT_NO,WIDE_LOAD_I,TRAILER1_WIDTH,TRAILER2_WIDTH,TRAILER1_LENGTH,TRAILER2_LENGTH,TOTAL_VEHICLE_LENGTH,AXLE_CNT,VEHICLE_CONFIG,CARGO_BODY_TYPE,LOAD_TYPE,HAZMAT_OUT_OF_SERVICE_I,MCS_OUT_OF_SERVICE_I,HAZMAT_CLASS
2140278,22544fb4c1d1608f8d2e91456ec355e5801925b9876b038f312924d3e242f49c5ac16eb690915491f0e03236d9ad64c6d7e6abda7b32f8c581d7d33128405055,08/30/2025 10:45:00 AM,1,DRIVER,,2040256,,JEEP,WRANGLER,IL,2007,UNKNOWN,PASSENGER,UNKNOWN/NA,E,STRAIGHT AHEAD,,,1,,,,,,,,,,,,,,,,,,FRONT,,,,,,,,,,,,,,,,,,,,,,,,,,,,,,,,,
2140279,22544fb4c1d1608f8d2e91456ec355e5801925b9876b038f312924d3e242f49c5ac16eb690915491f0e03236d9ad64c6d7e6abda7b32f8c581d7d33128405055,08/30/2025 10:45:00 AM,2,DRIVER,,2040266,,TOYOTA,CAMRY,IL,2009,UNKNOWN,PASSENGER,PERSONAL,E,STARTING IN TRAFFIC,,,1,,,,,,,,,,Y,,,,,,,,REAR,,,,,,,,,,,,,,,,,,,,,,,,,,,,,,,,,
2140183,24463ac6a56165a9d495b4868ab97fdacd9cfa544d7f20e4c2c75db6748d78dbda6ee0afba8646b77cbfac5ae0facbae261a8df9ad92adf11cfc99ba51276216,08/30/2025 10:45:00 AM,1,DRIVER,,2040164,,JEEP,COMPASS,IL,2009,NONE,PASSENGER,PERSONAL,S,BACKING,,,1,,,,,,,,,,Y,,,,,,Y,,REAR,,,,,,,,,,,,,,,,,,,,,,,,,,,,,,,,,
2140184,24463ac6a56165a9d495b4868ab97fdacd9cfa544d7f20e4c2c75db6748d78dbda6ee0afba8646b77cbfac5ae0facbae261a8df9ad92adf11cfc99ba51276216,08/30/2025 10:45:00 AM,2,PARKED,,2040168,,NISSAN,OTHER (EXPLAIN IN NARRATIVE),IL,2020,UNKNOWN,PASSENGER,UNKNOWN/NA,UNKNOWN,PARKED,,,0,,,,,,,,,,,,,,,,,,UNKNOWN,,,,,,,,,,,,,,,,,,,,,,,,,,,,,,,,,
2140185,24463ac6a56165a9d495b4868ab97fdacd9cfa544d7f20e4c2c75db6748d78dbda6ee0afba8646b77cbfac5ae0facbae261a8df9ad92adf11cfc99ba51276216,08/30/2025 10:45:00 AM,3,PARKED,,2040170,,UNKNOWN,OTHER (EXPLAIN IN NARRATIVE),IL,,UNKNOWN,UNKNOWN/NA,UNKNOWN/NA,UNKNOWN,UNKNOWN/NA,,,0,,,,,,,,,,,,,,,,,,UNKNOWN,,,,,,,,,,,,,,,,,,,,,,,,,,,,,,,,,
2140175,41df8289730f3c84dc84123bf92254d47ab3b910b7028bd98c414dfbb80fc79b79c35665134e89d0cc21448fd6519126870cea8cf8a573ebfef81153e589c46f,08/30/2025 10:31:00 AM,1,DRIVER,,2040165,,NEW FLYER,OTHER (EXPLAIN IN NARRATIVE),IL,2012,UNKNOWN,BUS OVER 15 PASS.,CTA,W,CHANGING LANES,,,1,,,,,,,,,Y,,,,,,,,,REAR-RIGHT-CORNER,,,,,,,,,,,,,,,,,,,,,,,,,,,,,,,,,
2140176,41df8289730f3c84dc84123bf92254d47ab3b910b7028bd98c414dfbb80fc79b79c35665134e89d0cc21448fd6519126870cea8cf8a573ebfef81153e589c46f,08/30/2025 10:31:00 AM,2,PARKED,,2040171,,HONDA,CR-V,IL,2009,UNKNOWN,PASSENGER,PERSONAL,W,PARKED,,,0,,,,,,,,,,,,,,,Y,Y,,FRONT-LEFT-CORNER,,,,,,,,,,,,,,,,,,,,,,,,,,,,,,,,,
2140186,fa1def53b9761154ce05a3b5dbdc90e48d7ab70e9df71d7c425dd702b31e23e679af24dfca88067cd4df8a6a83b02c92d7e39a57f4d63e2a1380f6a8996d3e88,08/30/2025 10:30:00 AM,1,DRIVER,,2040177,,TOYOTA,HIGHLANDER,AZ,2024,UNKNOWN,SPORT UTILITY VEHICLE (SUV),PERSONAL,E,AVOIDING VEHICLES/OBJECTS,Y,,1,,,,,Y,,,,,,,,,,,,,FRONT-RIGHT-CORNER,,,,,,,,,,,,,,,,,,,,,,,,,,,,,,,,,
2140189,9e7bbf94e6ea56956a80e116ef33a778340c3ff73f36670f5f1341c5573cc8ed2b6aaf5cbc15cdb1ebe8e4e8cec8f540b00f25a86359ef13887572124aa693ad,08/30/2025 10:20:00 AM,1,DRIVER,,2040169,,UNKNOWN,MOTORIZED,,,UNKNOWN,UNKNOWN/NA,UNKNOWN/NA,N,PASSING/OVERTAKING,,,1,,,,,,,,,,,,,,,,Y,,FRONT,,,,,,,,,,,,,,,,,,,,,,,,,,,,,,,,,
2140190,9e7bbf94e6ea56956a80e116ef33a778340c3ff73f36670f5f1341c5573cc8ed2b6aaf5cbc15cdb1ebe8e4e8cec8f540b00f25a86359ef13887572124aa693ad,08/30/2025 10:20:00 AM,2,PARKED,,2040172,,TOYOTA,COROLLA,IL,2019,UNKNOWN,PASSENGER,PERSONAL,N,PARKED,Y,,0,,private,,,Y,,,,Y,Y,,,,,Y,Y,,REAR,,,,,,,,,,,,,,,,,,,,,,,,,,,,,,,,,
2140191,9e7bbf94e6ea56956a80e116ef33a778340c3ff73f36670f5f1341c5573cc8ed2b6aaf5cbc15cdb1ebe8e4e8cec8f540b00f25a86359ef13887572124aa693ad,08/30/2025 10:20:00 AM,3,PARKED,,2040181,,FORD,F150,IL,2014,UNKNOWN,PICKUP,PERSONAL,N,PARKED,,,0,,,,,,,,,,Y,,,,,,,,REAR,,,,,,,,,,,,,,,,,,,,,,,,,,,,,,,,,
2140163,ac60d148ecf6d09773359724c1d24aa8a1da53d2d1abf3e0a79a06bb8eeb17ba8c6ac79e1fce19e57c190a6ea1e36c6c3b33fe54aca701ffcee5fb5ff265acba,08/30/2025 10:20:00 AM,1,DRIVER,,2040147,,HONDA,CR-V,IL,,UNKNOWN,PASSENGER,UNKNOWN/NA,E,ENTERING TRAFFIC LANE FROM PARKING,,,1,,,,,,,,,,,,,,Y,Y,,,UNKNOWN,,,,,,,,,,,,,,,,,,,,,,,,,,,,,,,,,
2140164,ac60d148ecf6d09773359724c1d24aa8a1da53d2d1abf3e0a79a06bb8eeb17ba8c6ac79e1fce19e57c190a6ea1e36c6c3b33fe54aca701ffcee5fb5ff265acba,08/30/2025 10:20:00 AM,2,DRIVER,,2040151,,TOYOTA,CAMRY,IL,,NONE,PASSENGER,TAXI/FOR HIRE,E,STRAIGHT AHEAD,,,1,,,,,Y,Y,Y,Y,Y,,,,,,,,,SIDE-RIGHT,,,,,,,,,,,,,,,,,,,,,,,,,,,,,,,,,
2140162,cfb608a24e750119234dccff27746129fe2cb9955b8502c4059e3516ea1df0d17f39780244d2ce4fd4a82d8411cdcb8d45a726c217671fef7989510430ff0dfe,08/30/2025 10:20:00 AM,1,DRIVER,,2040152,,CADILLAC,DTS,IL,2019,NONE,PASSENGER,PERSONAL,SE,STRAIGHT AHEAD,Y,,1,,TT15,11 W Bessie Coleman drive,,Y,Y,,,,,,,,Y,Y,Y,,FRONT,,,,,,,,,,,,,,,,,,,,,,,,,,,,,,,,,
2140206,35d682049a066d3dd7a508b554b9d0a45a7a56ff1cac3dd719d6cd9565869b46315929f1c77e0be556e785b7e356067e19841dca315b7f1255a6d2ccdf98e3ad,08/30/2025 10:15:00 AM,1,DRIVER,,2040190,,NEW FLYER,OTHER (EXPLAIN IN NARRATIVE),IL,2006,NONE,BUS OVER 15 PASS.,CTA,W,STRAIGHT AHEAD,,,1,,,,,,,,,,,,,,,,Y,,FRONT,,,,,,,,,,,,,,,,,,,,,,,,,,,,,,,,,
2140207,35d682049a066d3dd7a508b554b9d0a45a7a56ff1cac3dd719d6cd9565869b46315929f1c77e0be556e785b7e356067e19841dca315b7f1255a6d2ccdf98e3ad,08/30/2025 10:15:00 AM,2,DRIVER,,2040193,,CHEVROLET,TRAVERSE,IL,2024,NONE,SPORT UTILITY VEHICLE (SUV),PERSONAL,W,STRAIGHT AHEAD,,,1,,,,,,,,,Y,,,,,,,,,REAR-RIGHT-CORNER,,,,,,,,,,,,,,,,,,,,,,,,,,,,,,,,,
2140242,0dcf55853c2ae6b8fc910636c682b1ad198c096bf7e5398b2787f74f2d86a9cb3fc7ba7148af795fc59fd36191876f1cf236bf2e11a2de9285eedc3e528f483b,08/30/2025 10:00:00 AM,1,DRIVER,,2040222,,UNKNOWN,OTHER (EXPLAIN IN NARRATIVE),,,NONE,UNKNOWN/NA,PERSONAL,N,STRAIGHT AHEAD,,,1,,,,,,,,,,,,,,,,,Y,UNKNOWN,,,,,,,,,,,,,,,,,,,,,,,,,,,,,,,,,
2140243,0dcf55853c2ae6b8fc910636c682b1ad198c096bf7e5398b2787f74f2d86a9cb3fc7ba7148af795fc59fd36191876f1cf236bf2e11a2de9285eedc3e528f483b,08/30/2025 10:00:00 AM,2,DRIVER,,2040232,,NISSAN,SENTRA,IL,2024,NONE,PASSENGER,PERSONAL,N,STRAIGHT AHEAD,,,1,,,,,,,,,,,Y,Y,Y,,,,,UNKNOWN,,,,,,,,,,,,,,,,,,,,,,,,,,,,,,,,,
2140244,0dcf55853c2ae6b8fc910636c682b1ad198c096bf7e5398b2787f74f2d86a9cb3fc7ba7148af795fc59fd36191876f1cf236bf2e11a2de9285eedc3e528f483b,08/30/2025 10:00:00 AM,3,DRIVER,,2040227,,CHEVROLET,OTHER (EXPLAIN IN NARRATIVE),IL,2015,NONE,PASSENGER,PERSONAL,E,SLOW/STOP IN TRAFFIC,,,1,,,,,Y,,,,,,,,,,Y,Y,,FRONT,,,,,,,,,,,,,,,,,,,,,,,,,,,,,,,,,
2140510,58aaccb7ac29b19fe7b7bb3fc06e050ed418769a66a3f86b7c49ba79db30c2fc0a6f6481e98b4bc952b03e8a0d4eb820398a67a3963c9006f14a662cf8cbcd68,08/30/2025 10:00:00 AM,1,DRIVER,,2040483,,TOYOTA,COROLLA,IL,2025,UNKNOWN,PASSENGER,UNKNOWN/NA,S,CHANGING LANES,,,1,,,,,,,,,,,Y,Y,Y,,,,,REAR-LEFT-CORNER,,,,,,,,,,,,,,,,,,,,,,,,,,,,,,,,,
2140511,58aaccb7ac29b19fe7b7bb3fc06e050ed418769a66a3f86b7c49ba79db30c2fc0a6f6481e98b4bc952b03e8a0d4eb820398a67a3963c9006f14a662cf8cbcd68,08/30/2025 10:00:00 AM,2,DRIVER,1,2040484,,NISSAN,JUKE,IL,2011,NONE,SPORT UTILITY VEHICLE (SUV),PERSONAL,S,STRAIGHT AHEAD,,,2,,,,,Y,Y,Y,,,,,,,,,,,FRONT-RIGHT-CORNER,,,,,,,,,,,,,,,,,,,,,,,,,,,,,,,,,
2140160,717ddc1f677632fc215d5026958a8eca7cbb596e26fe5c561a9f831ee8e591e38ae320de3e449d4531cf6ad37ec2de6d8ed5dfc272f8f8ca91f97ecef621baa3,08/30/2025 10:00:00 AM,1,DRIVER,,2040145,,HONDA,ACCORD,IL,2004,NONE,PASSENGER,PERSONAL,S,STRAIGHT AHEAD,,,1,,,,,Y,,,,,,,,,,Y,Y,,FRONT,,,,,,,,,,,,,,,,,,,,,,,,,,,,,,,,,
2140161,717ddc1f677632fc215d5026958a8eca7cbb596e26fe5c561a9f831ee8e591e38ae320de3e449d4531cf6ad37ec2de6d8ed5dfc272f8f8ca91f97ecef621baa3,08/30/2025 10:00:00 AM,2,DRIVER,1,2040143,,HONDA,CR-V,IL,2007,NONE,PASSENGER,PERSONAL,S,STRAIGHT AHEAD,,,2,,,,,,,,,Y,Y,Y,,,,,,,REAR,,,,,,,,,,,,,,,,,,,,,,,,,,,,,,,,,
2140563,8b1e548e3bd33b0bc5890f6766465771cb8345b7882dd2f49d833400916cafa0ea5ba93cb476caa4485994283a4bdd407d36acf3b0b316d3b0da86bd7e560f66,08/30/2025 09:50:00 AM,1,DRIVER,,2040535,,HONDA,ACCORD,IL,2004,UNKNOWN,PASSENGER,PERSONAL,UNKNOWN,UNKNOWN/NA,,,1,,,,,Y,,,,,,,,,,Y,Y,,FRONT,,,,,,,,,,,,,,,,,,,,,,,,,,,,,,,,,
2140564,8b1e548e3bd33b0bc5890f6766465771cb8345b7882dd2f49d833400916cafa0ea5ba93cb476caa4485994283a4bdd407d36acf3b0b316d3b0da86bd7e560f66,08/30/2025 09:50:00 AM,2,DRIVER,,2040542,,HONDA,CR-V,IL,2007,UNKNOWN,UNKNOWN/NA,UNKNOWN/NA,UNKNOWN,UNKNOWN/NA,,,1,,,,,,,,,Y,Y,Y,,,,,,,REAR,,,,,,,,,,,,,,,,,,,,,,,,,,,,,,,,,
2140222,d918a74fad3f97cd2fc121daa065e4aba163f7bb244ac03c5afe02588f627e5cf3760c7e0d3451376e46523577a69e35d2ae01608fcbe159a03bbb9fbc3ab9c2,08/30/2025 09:45:00 AM,1,DRIVER,,2040207,,HONDA,ACCORD,IL,2019,UNKNOWN,PASSENGER,PERSONAL,N,STRAIGHT AHEAD,Y,,1,,,500 E. Lower Wacker Dr.,,Y,,,,,,,,,,Y,Y,,FRONT,,,,,,,,,,,,,,,,,,,,,,,,,,,,,,,,,
2140223,d918a74fad3f97cd2fc121daa065e4aba163f7bb244ac03c5afe02588f627e5cf3760c7e0d3451376e46523577a69e35d2ae01608fcbe159a03bbb9fbc3ab9c2,08/30/2025 09:45:00 AM,2,DRIVER,,2040209,,CHEVROLET,OTHER (EXPLAIN IN NARRATIVE),IL,2011,UNKNOWN,OTHER,OTHER,N,STRAIGHT AHEAD,,,1,,,,,,,,,,,Y,,,,,,,REAR-LEFT-CORNER,,,,,,,,,,,,,,,,,,,,,,,,,,,,,,,,,
2140224,d918a74fad3f97cd2fc121daa065e4aba163f7bb244ac03c5afe02588f627e5cf3760c7e0d3451376e46523577a69e35d2ae01608fcbe159a03bbb9fbc3ab9c2,08/30/2025 09:45:00 AM,3,DRIVER,,2040211,,KIA,TELLURIDE,IL,2022,UNKNOWN,SPORT UTILITY VEHICLE (SUV),PERSONAL,N,STRAIGHT AHEAD,,,1,,,,,,Y,Y,Y,,,,,,,,,,SIDE-RIGHT,,,,,,,,,,,,,,,,,,,,,,,,,,,,,,,,,
2140225,d918a74fad3f97cd2fc121daa065e4aba163f7bb244ac03c5afe02588f627e5cf3760c7e0d3451376e46523577a69e35d2ae01608fcbe159a03bbb9fbc3ab9c2,08/30/2025 09:45:00 AM,4,DRIVER,,2040212,,VOLKSWAGEN,OTHER (EXPLAIN IN NARRATIVE),IL,2020,UNKNOWN,PASSENGER,RIDESHARE SERVICE,N,SLOW/STOP IN TRAFFIC,Y,,1,,,500 E. Lower Wacker Dr.,,,,,,Y,Y,Y,,,,,,,REAR,,,,,,,,,,,,,,,,,,,,,,,,,,,,,,,,,
2140226,d918a74fad3f97cd2fc121daa065e4aba163f7bb244ac03c5afe02588f627e5cf3760c7e0d3451376e46523577a69e35d2ae01608fcbe159a03bbb9fbc3ab9c2,08/30/2025 09:45:00 AM,5,PARKED,,2040214,,VOLKSWAGEN,OTHER (EXPLAIN IN NARRATIVE),IL,2016,UNKNOWN,PASSENGER,NOT IN USE,N,PARKED,,,0,,,,,,,,,,Y,Y,,,,,,,REAR-LEFT-CORNER,,,,,,,,,,,,,,,,,,,,,,,,,,,,,,,,,
2140150,16bae6abde099218dac4327f25f444dd6e7c42c186a49485feca63030796b6d82eaa0ec09a934efd4eede23eac5a2a2bbd548988e11e157ca88875842b0bed8a,08/30/2025 09:40:00 AM,1,DRIVER,,2040148,,HYUNDAI,ELANTRA,NJ,2013,NONE,PASSENGER,PERSONAL,E,STRAIGHT AHEAD,,,1,,,,,Y,,,,,,,,,,Y,Y,,FRONT,,,,,,,,,,,,,,,,,,,,,,,,,,,,,,,,,
2140151,16bae6abde099218dac4327f25f444dd6e7c42c186a49485feca63030796b6d82eaa0ec09a934efd4eede23eac5a2a2bbd548988e11e157ca88875842b0bed8a,08/30/2025 09:40:00 AM,2,DRIVER,,2040144,,HONDA,ACCORD,IL,2009,NONE,PASSENGER,PERSONAL,E,STRAIGHT AHEAD,,,1,,,,,,,,,Y,Y,,,,,,,,REAR,,,,,,,,,,,,,,,,,,,,,,,,,,,,,,,,,
2140145,869e54451ab93bb02e518cb1cc6c6e935bb3f81b2be1b80d44ae8e44853a691e8c505165fb7819a94433341f282bdaf5bcafec18e727ad94b1c3457a836d9850,08/30/2025 09:30:00 AM,1,DRIVER,,2040125,,CHEVROLET,IMPALA,IL,2022,UNKNOWN,PASSENGER,PERSONAL,E,STRAIGHT AHEAD,,,1,,,,,Y,,,,,,,,,,Y,Y,,FRONT,,,,,,,,,,,,,,,,,,,,,,,,,,,,,,,,,
2140146,869e54451ab93bb02e518cb1cc6c6e935bb3f81b2be1b80d44ae8e44853a691e8c505165fb7819a94433341f282bdaf5bcafec18e727ad94b1c3457a836d9850,08/30/2025 09:30:00 AM,2,DRIVER,,2040131,,MERCEDES-BENZ,GLK350,IL,2024,NONE,PASSENGER,PERSONAL,E,DIVERGING,,,1,,,,,,,,,Y,Y,Y,,,,,,,REAR,,,,,,,,,,,,,,,,,,,,,,,,,,,,,,,,,
2140169,9ab2731c9da8d2112357fecaf2816c18b384ab26ad53e852f68a19e2bd84b98e5bfedbdf0e7a77638c69d433708974e0d7e2f06524825874b47e0c7e4590823f,08/30/2025 09:30:00 AM,1,DRIVER,,2040157,N,GENERAL MOTORS CORPORATION (GMC),SAVANNAH,IN,2022,NONE,TRUCK - SINGLE UNIT,OTHER,W,TURNING RIGHT,,,1,,,,,,Y,Y,Y,Y,,,,,,,,,SIDE-RIGHT,,,,,,,,,,,,,,,,,,,,,,,,,,,,,,,,,
2140170,9ab2731c9da8d2112357fecaf2816c18b384ab26ad53e852f68a19e2bd84b98e5bfedbdf0e7a77638c69d433708974e0d7e2f06524825874b47e0c7e4590823f,08/30/2025 09:30:00 AM,2,PARKED,,2040163,,NISSAN,VERSA,IL,2014,NONE,PASSENGER,PERSONAL,W,PARKED,,,0,,,,,,,,,,,,Y,Y,Y,Y,,,SIDE-LEFT,,,,,,,,,,,,,,,,,,,,,,,,,,,,,,,,,
2140171,d1e8283d58bd5b74b472e5925b5324b7f9cb977fbbbb2463079349ca80d05e2e3c0afae46409131aabdb986f6f99266a3bc4a49d557a2bf185f737b488e6aede,08/30/2025 09:30:00 AM,1,DRIVER,,2040154,,UNKNOWN,OTHER (EXPLAIN IN NARRATIVE),,,UNKNOWN,UNKNOWN/NA,UNKNOWN/NA,UNKNOWN,UNKNOWN/NA,,,1,,,,,,,,,,,,,,,,,Y,UNKNOWN,,,,,,,,,,,,,,,,,,,,,,,,,,,,,,,,,
2140172,d1e8283d58bd5b74b472e5925b5324b7f9cb977fbbbb2463079349ca80d05e2e3c0afae46409131aabdb986f6f99266a3bc4a49d557a2bf185f737b488e6aede,08/30/2025 09:30:00 AM,2,PARKED,,2040156,,CHEVROLET,CRUZE,IL,2015,NONE,PASSENGER,PERSONAL,E,PARKED,,,0,,,,,,,,,,Y,Y,Y,,,,,,REAR-LEFT-CORNER,,,,,,,,,,,,,,,,,,,,,,,,,,,,,,,,,
2140360,7350bd344db745d34c88f746476773675742f49c8d185bfd2ef69c9348de8c3e0b13c6e43503014c5bff3ebeed309bacb79b2e1b4b8c271c155897149a75db1a,08/30/2025 09:15:00 AM,1,DRIVER,,2040337,,UNKNOWN,MOTORIZED,,,UNKNOWN,UNKNOWN/NA,UNKNOWN/NA,UNKNOWN,UNKNOWN/NA,,,1,,,,,,,,,,,,,,,,,Y,UNKNOWN,,,,,,,,,,,,,,,,,,,,,,,,,,,,,,,,,
2140361,7350bd344db745d34c88f746476773675742f49c8d185bfd2ef69c9348de8c3e0b13c6e43503014c5bff3ebeed309bacb79b2e1b4b8c271c155897149a75db1a,08/30/2025 09:15:00 AM,2,PARKED,,2040338,,HONDA,HR-V,IL,2025,NONE,SPORT UTILITY VEHICLE (SUV),NOT IN USE,N,PARKED,,,0,,,,,,,,,Y,Y,,,,,,,,SIDE-RIGHT-REAR,,,,,,,,,,,,,,,,,,,,,,,,,,,,,,,,,
2140133,be754931c7736ffbb1218efba7ac2b716fd0a52c02239422629500d0445a812f762fd2f08f2bb5b4116f7b68bcdae21e8f8a3aa06cc62a0f9b2896e539da79eb,08/30/2025 09:10:00 AM,1,DRIVER,,2040120,,BMW,330I,IL,2021,UNKNOWN,PASSENGER,PERSONAL,W,TURNING LEFT,,,1,,,,,Y,,,,,,,,,,,Y,,FRONT-RIGHT-CORNER,,,,,,,,,,,,,,,,,,,,,,,,,,,,,,,,,
2140134,be754931c7736ffbb1218efba7ac2b716fd0a52c02239422629500d0445a812f762fd2f08f2bb5b4116f7b68bcdae21e8f8a3aa06cc62a0f9b2896e539da79eb,08/30/2025 09:10:00 AM,2,DRIVER,,2040129,,PORSCHE,MACAN,IL,2018,UNKNOWN,SPORT UTILITY VEHICLE (SUV),PERSONAL,N,STRAIGHT AHEAD,,,1,,,,,Y,,,,,,,,,,,Y,,FRONT-RIGHT-CORNER,,,,,,,,,,,,,,,,,,,,,,,,,,,,,,,,,
2140181,7f9461e847936e93813e3b30dbd1453353a38f37e9109e928a7ddc21f057615e6a918b95cfa384de0a7704a7a3712e22bd4ef0b087f7160c8705d3cb3b7be647,08/30/2025 09:00:00 AM,1,DRIVER,,2040161,,UNKNOWN,ENCLOSED BODY,,,UNKNOWN,PASSENGER,PERSONAL,W,STRAIGHT AHEAD,,,1,,,,,,,,,,,,,,,,Y,,FRONT,,,,,,,,,,,,,,,,,,,,,,,,,,,,,,,,,
2140182,7f9461e847936e93813e3b30dbd1453353a38f37e9109e928a7ddc21f057615e6a918b95cfa384de0a7704a7a3712e22bd4ef0b087f7160c8705d3cb3b7be647,08/30/2025 09:00:00 AM,2,DRIVER,,2040166,,TOYOTA,COROLLA,IL,2010,NONE,PASSENGER,PERSONAL,N,STRAIGHT AHEAD,,,1,,,,,,Y,Y,Y,,,,,,,,,,SIDE-RIGHT,,,,,,,,,,,,,,,,,,,,,,,,,,,,,,,,,
2140127,894e148d98fda30d1047b63f6ceacb8104a3c8a8015930cb22aaed6b118666b94d8f6ac53b86de8a0f86441d1b2e3efb85b019a1251dfbb293f7b89bccc92bb0,08/30/2025 09:00:00 AM,1,DRIVER,,2040112,,NISSAN,MURANO,IL,2010,UNKNOWN,PASSENGER,PERSONAL,W,STRAIGHT AHEAD,,,1,,,,,,,,,,,Y,,,,,,,REAR-LEFT-CORNER,,,,,,,,,,,,,,,,,,,,,,,,,,,,,,,,,
2140128,894e148d98fda30d1047b63f6ceacb8104a3c8a8015930cb22aaed6b118666b94d8f6ac53b86de8a0f86441d1b2e3efb85b019a1251dfbb293f7b89bccc92bb0,08/30/2025 09:00:00 AM,2,DRIVER,,2040116,,CHEVROLET,MALIBU,IL,2017,UNKNOWN,PASSENGER,PERSONAL,N,STRAIGHT AHEAD,,,1,,,,,,,,,,,,,,,Y,,,FRONT-LEFT-CORNER,,,,,,,,,,,,,,,,,,,,,,,,,,,,,,,,,
2140197,0ab71fa9f4e5ffd49ce306ebc05fec9039a987a93cccb9a1aae946d15f70f7e67aac99a9685d95a34c4a18c8b9522646518fa0ef22c1d9e9648efdbfa2808f76,08/30/2025 08:57:00 AM,1,DRIVER,,2040180,,HONDA,CIVIC,IL,2012,UNKNOWN,PASSENGER,PERSONAL,W,STRAIGHT AHEAD,Y,,1,,private tow,,,,,,,,,,,,,,Y,,FRONT,,,,,,,,,,,,,,,,,,,,,,,,,,,,,,,,,
2140121,399c7c57a37423f08a19b92651b06f0712bda19e352b873c2904e080358bac260e4a247c78f1054ac5f8e9889398cd972beeed5dd4ad31443f0ac95e834f24b5,08/30/2025 08:55:00 AM,1,DRIVER,,2040111,,TOYOTA,HIGHLANDER,IL,2021,UNKNOWN,SPORT UTILITY VEHICLE (SUV),PERSONAL,W,CHANGING LANES,,,1,,,,,,,Y,Y,Y,,,,,N,N,,,SIDE-RIGHT-REAR,,,,,,,,,,,,,,,,,,,,,,,,,,,,,,,,,
2140122,399c7c57a37423f08a19b92651b06f0712bda19e352b873c2904e080358bac260e4a247c78f1054ac5f8e9889398cd972beeed5dd4ad31443f0ac95e834f24b5,08/30/2025 08:55:00 AM,2,DRIVER,,2040113,,TOYOTA,PRIUS,IL,2015,UNKNOWN,PASSENGER,PERSONAL,W,SLOW/STOP IN TRAFFIC,,,1,,,,,,,,,,,,,,Y,Y,,,FRONT-LEFT-CORNER,,,,,,,,,,,,,,,,,,,,,,,,,,,,,,,,,
2140110,243823f0096afcbe8b7f8e65c910cf91f5c0e284ec6013a0f55a29056c7d79422272c17024395a8e343337843d916e5f7893a42c5fe1425c865b956c90415b3e,08/30/2025 08:45:00 AM,1,DRIVER,,2040096,,FORD,EXPLORER,IL,2021,UNKNOWN,SPORT UTILITY VEHICLE (SUV),POLICE,S,BACKING,,,1,,,,,,,,,,,Y,,,,,,,REAR-LEFT-CORNER,,,,,,,,,,,,,,,,,,,,,,,,,,,,,,,,,
2140142,c5798593687a6fdecfdf56a581e0f282c6ed526a21d7c94503d31fad9d50fe86f9423fcecf4386bf86e5ee357993227713e5a51b52b0784bb5a576f6f3a7d0a0,08/30/2025 08:40:00 AM,1,DRIVER,,2040132,,HONDA,ACCORD,IL,2010,NONE,PASSENGER,PERSONAL,S,STRAIGHT AHEAD,Y,,1,,OWNER,UNK,,Y,,,,,,,,,,Y,Y,,FRONT,,,,,,,,,,,,,,,,,,,,,,,,,,,,,,,,,
2140143,c5798593687a6fdecfdf56a581e0f282c6ed526a21d7c94503d31fad9d50fe86f9423fcecf4386bf86e5ee357993227713e5a51b52b0784bb5a576f6f3a7d0a0,08/30/2025 08:40:00 AM,2,DRIVER,,2040135,,NISSAN,MURANO,,2019,NONE,SPORT UTILITY VEHICLE (SUV),PERSONAL,S,STRAIGHT AHEAD,,,1,,,,,N,,,,Y,Y,Y,,,,N,Y,,REAR,,,,,,,,,,,,,,,,,,,,,,,,,,,,,,,,,
2140144,c5798593687a6fdecfdf56a581e0f282c6ed526a21d7c94503d31fad9d50fe86f9423fcecf4386bf86e5ee357993227713e5a51b52b0784bb5a576f6f3a7d0a0,08/30/2025 08:40:00 AM,3,DRIVER,,2040141,,HONDA,CR-V,IL,2023,NONE,SPORT UTILITY VEHICLE (SUV),PERSONAL,S,STRAIGHT AHEAD,,,1,,,,,,,,,,Y,,,,,,,,REAR,,,,,,,,,,,,,,,,,,,,,,,,,,,,,,,,,