CRASH_UNIT_ID,CRASH_RECORD_ID,CRASH_DATE,UNIT_NO,UNIT_TYPE,NUM_PASSENGERS,VEHICLE_ID,CMRC_VEH_I,MAKE,MODEL,LIC_PLATE_STATE,VEHICLE_YEAR,VEHICLE_DEFECT,VEHICLE_TYPE,VEHICLE_USE,TRAVEL_DIRECTION,MANEUVER,TOWED_I,FIRE_I,OCCUPANT_CNT,EXCEED_SPEED_LIMIT_I,TOWED_BY,TOWED_TO,AREA_00_I,AREA_01_I,AREA_02_I,AREA_03_I,AREA_04_I,AREA_05_I,AREA_06_I,AREA_07_I,AREA_08_I,AREA_09_I,AREA_10_I,AREA_11_I,AREA_12_I,AREA_99_I,FIRST_CONTACT_POINT,CMV_ID,USDOT_NO,CCMC_NO,ILCC_NO,COMMERCIAL_SRC,GVWR,CARRIER_NAME,CARRIER_STATE,CARRIER_CITY,HAZMAT_PLACARDS_I,HAZMAT_NAME,UN_NO,HAZMAT_PRESENT_I,HAZMAT_REPORT_I,HAZMAT_REPORT_NO,MCS_REPORT_I,MCS_REPORT_NO,HAZMAT_VIO_CAUSE_CRASH_I,MCS_VIO_CAUSE_CRASH_I,IDOT_PERMIT_NO,WIDE_LOAD_I,TRAILER1_WIDTH,TRAILER2_WIDTH,TRAILER1_LENGTH,TRAILER2_LENGTH,TOTAL_VEHICLE_LENGTH,AXLE_CNT,VEHICLE_CONFIG,CARGO_BODY_TYPE,LOAD_TYPE,HAZMAT_OUT_OF_SERVICE_I,MCS_OUT_OF_SERVICE_I,HAZMAT_CLASS
2140119,12cae41683d732776e5ff212afc004bd9c52986f7ae0d6645eb4705d25cdba9261af60feb51f58ff31dfa5e6405459d4d0c17c29474319126017ffc4cf2c7180,08/30/2025 08:30:00 AM,1,DRIVER,,2040105,,VOLKSWAGEN,TIGUAN,IL,,NONE,SPORT UTILITY VEHICLE (SUV),PERSONAL,NW,PASSING/OVERTAKING,,,1,,,,,,Y,Y,,,,,,,,,,,SIDE-LEFT,,,,,,,,,,,,,,,,,,,,,,,,,,,,,,,,,
2140120,12cae41683d732776e5ff212afc004bd9c52986f7ae0d6645eb4705d25cdba9261af60feb51f58ff31dfa5e6405459d4d0c17c29474319126017ffc4cf2c7180,08/30/2025 08:30:00 AM,2,DRIVER,,2040107,,FORD,OTHER (EXPLAIN IN NARRATIVE),IL,,NONE,PASSENGER,PERSONAL,NW,LEAVING TRAFFIC LANE TO PARK,,,1,,,,,,,,,,,,,,,Y,,,FRONT-LEFT-CORNER,,,,,,,,,,,,,,,,,,,,,,,,,,,,,,,,,
2140113,158098893e6e3f8d225446eaf1064e27644442099d81f69b86f19270dc7ed491c21feaed7301e3283b7a226db962b1b149c39c463f878b6dfde3db09698cd895,08/30/2025 08:30:00 AM,1,DRIVER,,2040103,,UNKNOWN,OTHER (EXPLAIN IN NARRATIVE),XX,,UNKNOWN,UNKNOWN/NA,UNKNOWN/NA,N,STRAIGHT AHEAD,,,1,,,,,,,,,,,,,,,,Y,,FRONT,,,,,,,,,,,,,,,,,,,,,,,,,,,,,,,,,
2140114,158098893e6e3f8d225446eaf1064e27644442099d81f69b86f19270dc7ed491c21feaed7301e3283b7a226db962b1b149c39c463f878b6dfde3db09698cd895,08/30/2025 08:30:00 AM,2,DRIVER,,2040101,,LEXUS,RX350,IL,2016,NONE,SPORT UTILITY VEHICLE (SUV),PERSONAL,N,SLOW/STOP IN TRAFFIC,,,1,,,,,,,,,,Y,,,,,,,,REAR,,,,,,,,,,,,,,,,,,,,,,,,,,,,,,,,,
2140131,47f6c3e0f3181a131ffbd4cd3988b47e63fd5484564690ce204b01f3563556ef1829626bec39d453d25b277fb668e87ef971269a0c490e2340452e6d27552ec1,08/30/2025 08:15:00 AM,1,DRIVER,,2040115,,HONDA,CIVIC,IL,2013,NONE,PASSENGER,PERSONAL,N,OTHER,,,1,,,,,,,,,,,,,,Y,Y,,,FRONT-LEFT-CORNER,,,,,,,,,,,,,,,,,,,,,,,,,,,,,,,,,
2140132,47f6c3e0f3181a131ffbd4cd3988b47e63fd5484564690ce204b01f3563556ef1829626bec39d453d25b277fb668e87ef971269a0c490e2340452e6d27552ec1,08/30/2025 08:15:00 AM,2,DRIVER,,2040117,,FORD,FUSION,IL,2015,NONE,PASSENGER,PERSONAL,N,STRAIGHT AHEAD,,,1,,,,,Y,Y,Y,,,,,,,,,N,,FRONT-RIGHT-CORNER,,,,,,,,,,,,,,,,,,,,,,,,,,,,,,,,,
2140149,87b6f41efde2b0c9d080e04ee3e09ad3bfd003ebd56970cf478046a23ca55070cae3d91cef6d193c04bf0ba980856d9f6cfd9d68fda3e2fba9d0de890931c08c,08/30/2025 08:13:00 AM,1,DRIVER,1,2040133,,FORD,OTHER (EXPLAIN IN NARRATIVE),IL,2017,UNKNOWN,OTHER,AMBULANCE,E,STRAIGHT AHEAD,,,2,,,,,,,,,,,,,,,Y,,,FRONT-LEFT-CORNER,,,,,,,,,,,,,,,,,,,,,,,,,,,,,,,,,
2140501,b68810cc687d25a69dd0453f57938c39abf58065b6ac86a682db849779db025d62762f94d151e20cf630c70ccb26daef31cbef65ef7054022b78524e3efc1146,08/30/2025 08:10:00 AM,1,DRIVER,,2040479,,FORD,ESCAPE,IL,2013,NONE,PASSENGER,PERSONAL,E,OTHER,,,1,,,,,Y,,,,,,,,,,N,Y,,FRONT,,,,,,,,,,,,,,,,,,,,,,,,,,,,,,,,,
2140502,b68810cc687d25a69dd0453f57938c39abf58065b6ac86a682db849779db025d62762f94d151e20cf630c70ccb26daef31cbef65ef7054022b78524e3efc1146,08/30/2025 08:10:00 AM,2,DRIVER,1,2040476,,CHEVROLET,EQUINOX,IL,2017,NONE,PASSENGER,PERSONAL,N,STRAIGHT AHEAD,,,2,,,,,,,,,,,Y,Y,Y,Y,Y,,,SIDE-LEFT,,,,,,,,,,,,,,,,,,,,,,,,,,,,,,,,,
2140096,9b4faa9108a819a0a7131d4a26098a881d7640224a42d6f14c4c97e4dbfc2f3c605d4a0534ebbc1673204d6ba9011836daea6e257aef22b1fde2dbf45d19d728,08/30/2025 08:06:00 AM,2,DRIVER,,2040084,,HYUNDAI,KONA,IL,2020,NONE,PASSENGER,PERSONAL,E,STRAIGHT AHEAD,,,1,,,,,,,,,Y,Y,Y,,,,,,,REAR,,,,,,,,,,,,,,,,,,,,,,,,,,,,,,,,,
2140097,9b4faa9108a819a0a7131d4a26098a881d7640224a42d6f14c4c97e4dbfc2f3c605d4a0534ebbc1673204d6ba9011836daea6e257aef22b1fde2dbf45d19d728,08/30/2025 08:06:00 AM,1,DRIVER,,2040088,,FORD,FUSION,IL,2007,NONE,PASSENGER,PERSONAL,E,STRAIGHT AHEAD,,,1,,,,,Y,,,,,,,,,,Y,Y,,FRONT,,,,,,,,,,,,,,,,,,,,,,,,,,,,,,,,,
2140192,9adaab4d0bdc59db42b37a26eef6982102a3e86068d22faed836fbfd6dcc192224f1bba32256195d25163a433580e825c429add4b9157dee505d47da8889ae57,08/30/2025 08:00:00 AM,1,DRIVER,,2040174,,UNKNOWN,OTHER (EXPLAIN IN NARRATIVE),,,UNKNOWN,UNKNOWN/NA,UNKNOWN/NA,UNKNOWN,UNKNOWN/NA,,,1,,,,,,,,,,,,,,,,,Y,UNKNOWN,,,,,,,,,,,,,,,,,,,,,,,,,,,,,,,,,
2140193,9adaab4d0bdc59db42b37a26eef6982102a3e86068d22faed836fbfd6dcc192224f1bba32256195d25163a433580e825c429add4b9157dee505d47da8889ae57,08/30/2025 08:00:00 AM,2,PARKED,,2040178,,CHEVROLET,CRUZE,IL,2017,UNKNOWN,PASSENGER,PERSONAL,UNKNOWN,PARKED,,,0,,,,,,,,,,,,,Y,Y,Y,,Y,SIDE-LEFT-FRONT,,,,,,,,,,,,,,,,,,,,,,,,,,,,,,,,,
2140117,d78694658ba5af48b42c3e4ef85f338a62bcb3fd12f26b40278c1163d759ce9f7c0e025a8251a44e7c99d0331cca83004db05c9414907d1f6a1ff101a01831aa,08/30/2025 08:00:00 AM,1,DRIVER,,2040100,,UNKNOWN,OTHER (EXPLAIN IN NARRATIVE),,,FUEL SYSTEM,UNKNOWN/NA,UNKNOWN/NA,UNKNOWN,UNKNOWN/NA,,,1,,,,,,,,,,,,,,,,,Y,UNKNOWN,,,,,,,,,,,,,,,,,,,,,,,,,,,,,,,,,
2140118,d78694658ba5af48b42c3e4ef85f338a62bcb3fd12f26b40278c1163d759ce9f7c0e025a8251a44e7c99d0331cca83004db05c9414907d1f6a1ff101a01831aa,08/30/2025 08:00:00 AM,2,PARKED,,2040104,,TOYOTA,CAMRY,IL,2022,NONE,PASSENGER,PERSONAL,W,PARKED,,,0,,,,,,,,,Y,Y,,,,,,,,REAR-RIGHT-CORNER,,,,,,,,,,,,,,,,,,,,,,,,,,,,,,,,,
2140101,6fdc3ded99d22fb3bc6e6a0477df4a003f7e7ff3fcad30455c53da81229e3be8212fc4f51711f2458fe9f9fad34eeb5180c9be7b2e99c6f544ecf295ad656556,08/30/2025 07:35:00 AM,1,DRIVER,,2040087,,KIA,SOUL,IL,2013,UNKNOWN,SPORT UTILITY VEHICLE (SUV),UNKNOWN/NA,E,STRAIGHT AHEAD,,,1,,,,,Y,,,,,,,,,,Y,Y,,FRONT,,,,,,,,,,,,,,,,,,,,,,,,,,,,,,,,,
2140102,6fdc3ded99d22fb3bc6e6a0477df4a003f7e7ff3fcad30455c53da81229e3be8212fc4f51711f2458fe9f9fad34eeb5180c9be7b2e99c6f544ecf295ad656556,08/30/2025 07:35:00 AM,2,DRIVER,,2040094,,MERCEDES-BENZ,C300,IL,2009,UNKNOWN,PASSENGER,OTHER,E,SLOW/STOP IN TRAFFIC,,,1,,,,,,,,,,Y,,,,,,,,REAR,,,,,,,,,,,,,,,,,,,,,,,,,,,,,,,,,
2140123,ced92160395e3f7c44012ac8de9741141cd4907c3fccbc1c9fe280ff9cc6075b48eea2ac6bef6e90dfa9235028cb39790636ab25d4eab975b81218a76c327135,08/30/2025 07:15:00 AM,1,DRIVER,,2040108,,UNKNOWN,MOTORIZED,,,UNKNOWN,UNKNOWN/NA,UNKNOWN/NA,UNKNOWN,UNKNOWN/NA,,,1,,,,,,,,,,,,,,,,,,UNKNOWN,,,,,,,,,,,,,,,,,,,,,,,,,,,,,,,,,
2140124,ced92160395e3f7c44012ac8de9741141cd4907c3fccbc1c9fe280ff9cc6075b48eea2ac6bef6e90dfa9235028cb39790636ab25d4eab975b81218a76c327135,08/30/2025 07:15:00 AM,2,PARKED,,2040109,,TOYOTA,COROLLA,IL,2013,NONE,PASSENGER,PERSONAL,E,PARKED IN TRAFFIC LANE,,,0,,,,,,,,,,,Y,Y,Y,,,,,REAR-LEFT-CORNER,,,,,,,,,,,,,,,,,,,,,,,,,,,,,,,,,
2140092,4ad2c1d2791a4b3a2c8dcfdd7c17e3fa921ddbb086f5191ce1061a5fce7254c7d9b28a17765cd2755f432ca12067403d11e96660ba7097ec12b0415497438fce,08/30/2025 06:45:00 AM,1,DRIVER,,2040077,,CHEVROLET,SILVERADO,IL,2010,UNKNOWN,PICKUP,UNKNOWN/NA,W,STRAIGHT AHEAD,Y,,1,,CITY OF CHICAGO,,,Y,Y,,,,,,,,,,,,SIDE-RIGHT-FRONT,,,,,,,,,,,,,,,,,,,,,,,,,,,,,,,,,
2140093,4ad2c1d2791a4b3a2c8dcfdd7c17e3fa921ddbb086f5191ce1061a5fce7254c7d9b28a17765cd2755f432ca12067403d11e96660ba7097ec12b0415497438fce,08/30/2025 06:45:00 AM,2,PARKED,,2040080,,TESLA,MODEL S,IL,2015,NONE,PASSENGER,NOT IN USE,W,PARKED,Y,,0,,OWNER,,,,,,,,,,,,Y,Y,,,SIDE-LEFT-FRONT,,,,,,,,,,,,,,,,,,,,,,,,,,,,,,,,,
2140125,abfadaae27d5de99bb7d29837fcd48371bb672dc69931f5592c18d458030f85af0166131bf4a42a693d195e2164fcd0874368b875f528de32426ce3384360003,08/30/2025 06:41:00 AM,1,DRIVER,,2040110,,NISSAN,ARMADA,,,UNKNOWN,SPORT UTILITY VEHICLE (SUV),UNKNOWN/NA,W,STRAIGHT AHEAD,,,1,,,,,,,,,,,,,,,,,Y,UNKNOWN,,,,,,,,,,,,,,,,,,,,,,,,,,,,,,,,,
2140126,abfadaae27d5de99bb7d29837fcd48371bb672dc69931f5592c18d458030f85af0166131bf4a42a693d195e2164fcd0874368b875f528de32426ce3384360003,08/30/2025 06:41:00 AM,2,DRIVER,1,2040114,,FORD,OTHER (EXPLAIN IN NARRATIVE),IL,2020,NONE,BUS UP TO 15 PASS.,OTHER,W,SLOW/STOP IN TRAFFIC,,,2,,,,Y,,,,,,,,,,,,,,NONE,,,,,,,,,,,,,,,,,,,,,,,,,,,,,,,,,
2140320,b2c8702c9d9d8adf9c75a6185e5526826630ce5ec280f3f9c59e5ed738293d8262cb166a9b288d76dd3fcccaef4272ecbd27ddc38e63a97120c934d64ef9123d,08/30/2025 06:37:00 AM,1,DRIVER,,2040292,,UNKNOWN,OTHER (EXPLAIN IN NARRATIVE),,,UNKNOWN,UNKNOWN/NA,UNKNOWN/NA,S,CHANGING LANES,,,1,,,,,,,,,,,,,,,,,Y,UNKNOWN,,,,,,,,,,,,,,,,,,,,,,,,,,,,,,,,,
2140321,b2c8702c9d9d8adf9c75a6185e5526826630ce5ec280f3f9c59e5ed738293d8262cb166a9b288d76dd3fcccaef4272ecbd27ddc38e63a97120c934d64ef9123d,08/30/2025 06:37:00 AM,2,DRIVER,,2040296,,BMW,X5,IL,2006,UNKNOWN,PASSENGER,PERSONAL,S,STRAIGHT AHEAD,,,1,,,,,Y,Y,,,,,,,,,,,,UNKNOWN,,,,,,,,,,,,,,,,,,,,,,,,,,,,,,,,,
2140088,9eac3c08b8bebdaed46c5f5844c2b6544e848d88efc46d74b390618c5b043e83feb756a02094f8d4f8b36684197297bc8010d99deb471c06f1dea89872690851,08/30/2025 06:30:00 AM,1,DRIVER,2,2040074,,HONDA,CR-V,IL,2016,UNKNOWN,PASSENGER,OTHER,W,STRAIGHT AHEAD,,,3,,,,Y,,,,,,,,,,,,,,FRONT,,,,,,,,,,,,,,,,,,,,,,,,,,,,,,,,,
2140089,9eac3c08b8bebdaed46c5f5844c2b6544e848d88efc46d74b390618c5b043e83feb756a02094f8d4f8b36684197297bc8010d99deb471c06f1dea89872690851,08/30/2025 06:30:00 AM,2,DRIVER,,2040078,,FORD,F250,IL,2018,UNKNOWN,PICKUP,OTHER,W,SLOW/STOP IN TRAFFIC,,,1,,,,Y,,,,,,,,,,,,,,REAR,,,,,,,,,,,,,,,,,,,,,,,,,,,,,,,,,
2140090,f228f51cc643c59d117027977609eda43c55f2453bcb24c0840a3a6c58ff7e3166753f78a4ce529f7760ac1ab9fcdfb70b55a598d33200cd857de8370c895504,08/30/2025 06:15:00 AM,1,DRIVER,,2040076,,TOYOTA,CAMRY,IL,2009,UNKNOWN,PASSENGER,PERSONAL,E,TURNING LEFT,,,1,,,,,Y,Y,,,,,,,,,,,Y,REAR-RIGHT-CORNER,,,,,,,,,,,,,,,,,,,,,,,,,,,,,,,,,
2140091,f228f51cc643c59d117027977609eda43c55f2453bcb24c0840a3a6c58ff7e3166753f78a4ce529f7760ac1ab9fcdfb70b55a598d33200cd857de8370c895504,08/30/2025 06:15:00 AM,2,PARKED,,2040079,,BUICK,ENCLAVE,IL,2015,UNKNOWN,PASSENGER,PERSONAL,E,PARKED,,,0,,,,,,,,,,,Y,Y,,,,,Y,SIDE-LEFT,,,,,,,,,,,,,,,,,,,,,,,,,,,,,,,,,
2140322,226ce228632111968903d3364e2f97c39e3bf7ff4ea29fd4db7649cf4deec917d0acda3e4844c6e6ac6ef4a87bff083f1ccc6ca55f234c65364a27ad063fb9eb,08/30/2025 06:00:00 AM,1,DRIVER,,2040298,,UNKNOWN,MOTORIZED,IL,,UNKNOWN,UNKNOWN/NA,UNKNOWN/NA,UNKNOWN,UNKNOWN/NA,,,1,,,,,,,,,,,,,,,,,,UNKNOWN,,,,,,,,,,,,,,,,,,,,,,,,,,,,,,,,,
2140323,226ce228632111968903d3364e2f97c39e3bf7ff4ea29fd4db7649cf4deec917d0acda3e4844c6e6ac6ef4a87bff083f1ccc6ca55f234c65364a27ad063fb9eb,08/30/2025 06:00:00 AM,2,PARKED,,2040304,,NISSAN,ROGUE,IL,2023,UNKNOWN,PASSENGER,PERSONAL,NE,PARKED,,,0,,,,,,,,,,,,,,Y,Y,,,FRONT-LEFT-CORNER,,,,,,,,,,,,,,,,,,,,,,,,,,,,,,,,,
2140084,ec893b1e8e910d0e4ea9b8ec4efaea632d33089ff09f027927a0d6cc59cc81984a6b7289692d90e26a791a396508b4152f0a45a96bc15d275930f84b10abedd0,08/30/2025 06:00:00 AM,1,DRIVER,,2040071,,JEEP,GRAND CHEROKEE,IL,2018,UNKNOWN,PASSENGER,PERSONAL,E,STRAIGHT AHEAD,,,1,,,,,Y,,,,,,,,,,Y,Y,,FRONT,,,,,,,,,,,,,,,,,,,,,,,,,,,,,,,,,
2140085,ec893b1e8e910d0e4ea9b8ec4efaea632d33089ff09f027927a0d6cc59cc81984a6b7289692d90e26a791a396508b4152f0a45a96bc15d275930f84b10abedd0,08/30/2025 06:00:00 AM,2,PARKED,,2040072,,CHEVROLET,TRAIL BLAZER,IL,2021,UNKNOWN,PASSENGER,PERSONAL,UNKNOWN,PARKED,Y,,0,,OWNER,,,Y,,,,Y,Y,Y,,,,,,,REAR,,,,,,,,,,,,,,,,,,,,,,,,,,,,,,,,,
2140080,91ab15aa9764166ff86cf0ad8b69e6adfefee7b9f47e1076f17dd6ef1f8a1a0c74875236b2cf4f8eacd22b06d3de7bf961680b73393b3a0dbad0e39070a34828,08/30/2025 05:13:00 AM,1,DRIVER,,2040064,,UNKNOWN,OTHER (EXPLAIN IN NARRATIVE),IL,,UNKNOWN,UNKNOWN/NA,UNKNOWN/NA,E,SLOW/STOP IN TRAFFIC,,,1,,,,,Y,,,,,,,,,,Y,Y,,UNKNOWN,,,,,,,,,,,,,,,,,,,,,,,,,,,,,,,,,
2140081,91ab15aa9764166ff86cf0ad8b69e6adfefee7b9f47e1076f17dd6ef1f8a1a0c74875236b2cf4f8eacd22b06d3de7bf961680b73393b3a0dbad0e39070a34828,08/30/2025 05:13:00 AM,2,DRIVER,,2040065,,NISSAN,ALTIMA,IL,2021,NONE,PASSENGER,PERSONAL,E,SLOW/STOP IN TRAFFIC,,,1,,,,,,,,,Y,Y,Y,,,,,,,REAR,,,,,,,,,,,,,,,,,,,,,,,,,,,,,,,,,
2140077,67b829ec27b037b3fe10a487817d83b8dd4c9397649f3c9aec575c89e92c5e73079c9f57a8a5c8eaaec44c0e2955ed965d0a03b3bd2321ff8e09f91feb0514bb,08/30/2025 04:59:00 AM,1,DRIVER,,2040067,,JEEP,COMPASS,IL,2018,UNKNOWN,SPORT UTILITY VEHICLE (SUV),PERSONAL,S,UNKNOWN/NA,Y,,1,,cpd,pound 6,,Y,Y,Y,Y,Y,Y,Y,Y,Y,Y,Y,Y,,FRONT,,,,,,,,,,,,,,,,,,,,,,,,,,,,,,,,,
2140078,67b829ec27b037b3fe10a487817d83b8dd4c9397649f3c9aec575c89e92c5e73079c9f57a8a5c8eaaec44c0e2955ed965d0a03b3bd2321ff8e09f91feb0514bb,08/30/2025 04:59:00 AM,2,PARKED,,2040069,,FORD,ESCAPE,IL,2009,UNKNOWN,SPORT UTILITY VEHICLE (SUV),UNKNOWN/NA,S,PARKED,,,0,,,,,Y,Y,,,,Y,Y,Y,Y,Y,Y,Y,,REAR-LEFT-CORNER,,,,,,,,,,,,,,,,,,,,,,,,,,,,,,,,,
2140079,67b829ec27b037b3fe10a487817d83b8dd4c9397649f3c9aec575c89e92c5e73079c9f57a8a5c8eaaec44c0e2955ed965d0a03b3bd2321ff8e09f91feb0514bb,08/30/2025 04:59:00 AM,3,PARKED,,2040070,,BMW,X5,WI,2019,UNKNOWN,SPORT UTILITY VEHICLE (SUV),UNKNOWN/NA,S,PARKED,,,0,,,,,,,,,Y,Y,Y,,,,,,,REAR,,,,,,,,,,,,,,,,,,,,,,,,,,,,,,,,,
2140065,62f4a9088c3d338674321cad09667fbeef509bdeb2b37c1875824cb5365702bc689a84c789e5c9541ad9455fbecfe769c7e5fe4c8c6256c6d940793780067336,08/30/2025 04:26:00 AM,1,DRIVER,,2040051,,SUBARU,OUTBACK,,,OTHER,SPORT UTILITY VEHICLE (SUV),UNKNOWN/NA,W,STRAIGHT AHEAD,,,1,,,,,Y,,,,Y,Y,Y,,,,,Y,Y,FRONT,,,,,,,,,,,,,,,,,,,,,,,,,,,,,,,,,
2140066,62f4a9088c3d338674321cad09667fbeef509bdeb2b37c1875824cb5365702bc689a84c789e5c9541ad9455fbecfe769c7e5fe4c8c6256c6d940793780067336,08/30/2025 04:26:00 AM,2,NON-MOTOR VEHICLE,,,,,,,,,,,,,,,,,,,,,,,,,,,,,,,,,,,,,,,,,,,,,,,,,,,,,,,,,,,,,,,,,,
2140067,62f4a9088c3d338674321cad09667fbeef509bdeb2b37c1875824cb5365702bc689a84c789e5c9541ad9455fbecfe769c7e5fe4c8c6256c6d940793780067336,08/30/2025 04:26:00 AM,3,PARKED,,2040052,,CADILLAC,XTS,IL,2013,NONE,PASSENGER,PERSONAL,W,PARKED,,,0,,,,,Y,Y,,,Y,,,,,,,,,REAR-RIGHT-CORNER,,,,,,,,,,,,,,,,,,,,,,,,,,,,,,,,,
2140082,1346957e67c3e881fc80d01a1135f058aca77b339df2350958cc7cd7a1d6fee51553487edc07ac6f1914bd1dd88b3498d7321b0ab88233b2d8b0110d0c8ddaa9,08/30/2025 04:10:00 AM,1,PEDESTRIAN,,,,,,,,,,,,,,,,,,,,,,,,,,,,,,,,,,,,,,,,,,,,,,,,,,,,,,,,,,,,,,,,,,
2140083,1346957e67c3e881fc80d01a1135f058aca77b339df2350958cc7cd7a1d6fee51553487edc07ac6f1914bd1dd88b3498d7321b0ab88233b2d8b0110d0c8ddaa9,08/30/2025 04:10:00 AM,2,DRIVER,1,2040068,,TOYOTA,CAMRY,IL,2013,UNKNOWN,PASSENGER,TAXI/FOR HIRE,W,STRAIGHT AHEAD,,,2,,,,,Y,,,,,,,,,,,Y,,FRONT-RIGHT-CORNER,,,,,,,,,,,,,,,,,,,,,,,,,,,,,,,,,
2140290,daacfaeeb1c95a632e407354bee43494f454c6f37934fc619034f5fb7879564baecf8dd0d911e49c836adb62b20568dff97950275bde045ecf8ec2ca0a64f891,08/30/2025 04:00:00 AM,1,DRIVER,,2040278,,CHEVROLET,TRAX,IL,2025,NONE,SPORT UTILITY VEHICLE (SUV),PERSONAL,S,STRAIGHT AHEAD,,,1,,,,,Y,Y,,,,,,,,,,,,FRONT-RIGHT-CORNER,,,,,,,,,,,,,,,,,,,,,,,,,,,,,,,,,
2140291,daacfaeeb1c95a632e407354bee43494f454c6f37934fc619034f5fb7879564baecf8dd0d911e49c836adb62b20568dff97950275bde045ecf8ec2ca0a64f891,08/30/2025 04:00:00 AM,2,PARKED,,2040284,,UNKNOWN,MOTORIZED,,,UNKNOWN,UNKNOWN/NA,UNKNOWN/NA,S,PARKED,,,0,,,,,,,,,,,,,,,,,Y,UNKNOWN,,,,,,,,,,,,,,,,,,,,,,,,,,,,,,,,,
2140060,ed14a4a007bd019869d0297bf053406552d218f6510600eb1f16abb8f0c4d1ddcad0495895f8ec8fe07ea00a3d2c3a5f4f9d24e0d86fc75a8869648858e08666,08/30/2025 03:50:00 AM,1,DRIVER,,2040046,,CHEVROLET,SILVERADO,IL,2012,UNKNOWN,PICKUP,PERSONAL,W,STRAIGHT AHEAD,Y,,1,,UNKNOWN,,,Y,Y,,,,,,,,,,,,FRONT-RIGHT-CORNER,,,,,,,,,,,,,,,,,,,,,,,,,,,,,,,,,
2140061,ed14a4a007bd019869d0297bf053406552d218f6510600eb1f16abb8f0c4d1ddcad0495895f8ec8fe07ea00a3d2c3a5f4f9d24e0d86fc75a8869648858e08666,08/30/2025 03:50:00 AM,2,PARKED,,2040048,,FORD,EXPEDITION,IL,2024,NONE,SPORT UTILITY VEHICLE (SUV),UNKNOWN/NA,W,PARKED,,,0,,,,,,,,,,,Y,Y,,,,,,REAR-LEFT-CORNER,,,,,,,,,,,,,,,,,,,,,,,,,,,,,,,,,
2140062,ed14a4a007bd019869d0297bf053406552d218f6510600eb1f16abb8f0c4d1ddcad0495895f8ec8fe07ea00a3d2c3a5f4f9d24e0d86fc75a8869648858e08666,08/30/2025 03:50:00 AM,3,PARKED,,2040049,,FORD,TAURUS,IL,2003,UNKNOWN,PASSENGER,PERSONAL,W,PARKED,,,0,,,,,,,,,,Y,,,,,,,,REAR,,,,,,,,,,,,,,,,,,,,,,,,,,,,,,,,,
2140075,8848bb9052c8691fe3f829b5301f429d69300134fb0133eea1299b3b2a4599eb2bea09aa005b08da5ecb3fbb7ff137df374959ca364a34d2094400e2bbcb696e,08/30/2025 03:40:00 AM,1,DRIVER,,2040061,,UNKNOWN,ENCLOSED BODY,,,UNKNOWN,PASSENGER,PERSONAL,S,STRAIGHT AHEAD,,,1,,,,,,,,,,,,,,,,Y,,FRONT,,,,,,,,,,,,,,,,,,,,,,,,,,,,,,,,,
2140076,8848bb9052c8691fe3f829b5301f429d69300134fb0133eea1299b3b2a4599eb2bea09aa005b08da5ecb3fbb7ff137df374959ca364a34d2094400e2bbcb696e,08/30/2025 03:40:00 AM,2,DRIVER,,2040062,,HONDA,ACCORD,IL,2010,NONE,PASSENGER,PERSONAL,W,STRAIGHT AHEAD,,,1,,,,,,,Y,Y,,,,,,,,,,SIDE-RIGHT,,,,,,,,,,,,,,,,,,,,,,,,,,,,,,,,,
2140152,4081fd3ab8a8d115cc1b05a696500f171b210da0dcf32f4bd3df572b0e0d1cc5747903e311e907a7cf38932b490fe5cd3af7de0b9b613ec2b414ea249e49e6e0,08/30/2025 03:35:00 AM,1,DRIVER,,2040134,,UNKNOWN,MOTORIZED,IL,,NONE,SPORT UTILITY VEHICLE (SUV),PERSONAL,S,STRAIGHT AHEAD,,,1,,,,,,,,,,,,,,Y,,,,SIDE-LEFT,,,,,,,,,,,,,,,,,,,,,,,,,,,,,,,,,
2140153,4081fd3ab8a8d115cc1b05a696500f171b210da0dcf32f4bd3df572b0e0d1cc5747903e311e907a7cf38932b490fe5cd3af7de0b9b613ec2b414ea249e49e6e0,08/30/2025 03:35:00 AM,2,DRIVER,1,2040136,,SUBARU,FORESTER,IL,2023,NONE,PASSENGER,PERSONAL,N,STRAIGHT AHEAD,,,2,,,,,,,,,,,,,,Y,,,,SIDE-LEFT,,,,,,,,,,,,,,,,,,,,,,,,,,,,,,,,,
2140071,e1d9c0488ee12d5fa94450a018ae1567d93c0a3f1f24edf6055a2db89820e8351ce23bfda7bf0631e96578a9b454b79991a194b5631407d4f2c1b048422bdeb4,08/30/2025 03:30:00 AM,1,DRIVER,,2040058,,HYUNDAI,SONATA,IL,2011,UNKNOWN,PASSENGER,PERSONAL,N,TURNING RIGHT,Y,,1,,,,,Y,,,,,,,,,,Y,Y,,FRONT,,,,,,,,,,,,,,,,,,,,,,,,,,,,,,,,,
2140072,e1d9c0488ee12d5fa94450a018ae1567d93c0a3f1f24edf6055a2db89820e8351ce23bfda7bf0631e96578a9b454b79991a194b5631407d4f2c1b048422bdeb4,08/30/2025 03:30:00 AM,2,DRIVER,,2040060,,FORD,EXPEDITION,IL,,NONE,PASSENGER,TAXI/FOR HIRE,W,STRAIGHT AHEAD,,,1,,,,,,,,,,,,,,Y,Y,Y,,FRONT-LEFT-CORNER,,,,,,,,,,,,,,,,,,,,,,,,,,,,,,,,,