CRASH_UNIT_ID,CRASH_RECORD_ID,CRASH_DATE,UNIT_NO,UNIT_TYPE,NUM_PASSENGERS,VEHICLE_ID,CMRC_VEH_I,MAKE,MODEL,LIC_PLATE_STATE,VEHICLE_YEAR,VEHICLE_DEFECT,VEHICLE_TYPE,VEHICLE_USE,TRAVEL_DIRECTION,MANEUVER,TOWED_I,FIRE_I,OCCUPANT_CNT,EXCEED_SPEED_LIMIT_I,TOWED_BY,TOWED_TO,AREA_00_I,AREA_01_I,AREA_02_I,AREA_03_I,AREA_04_I,AREA_05_I,AREA_06_I,AREA_07_I,AREA_08_I,AREA_09_I,AREA_10_I,AREA_11_I,AREA_12_I,AREA_99_I,FIRST_CONTACT_POINT,CMV_ID,USDOT_NO,CCMC_NO,ILCC_NO,COMMERCIAL_SRC,GVWR,CARRIER_NAME,CARRIER_STATE,CARRIER_CITY,HAZMAT_PLACARDS_I,HAZMAT_NAME,UN_NO,HAZMAT_PRESENT_I,HAZMAT_REPORT_I,HAZMAT_REPORT_NO,MCS_REPORT_I,MCS_REPORT_NO,HAZMAT_VIO_CAUSE_CRASH_I,MCS_VIO_CAUSE_CRASH_I,IDOT_PERMIT_NO,WIDE_LOAD_I,TRAILER1_WIDTH,TRAILER2_WIDTH,TRAILER1_LENGTH,TRAILER2_LENGTH,TOTAL_VEHICLE_LENGTH,AXLE_CNT,VEHICLE_CONFIG,CARGO_BODY_TYPE,LOAD_TYPE,HAZMAT_OUT_OF_SERVICE_I,MCS_OUT_OF_SERVICE_I,HAZMAT_CLASS
2140053,0b7e19910bc007964c4afa1f3fa15ca285516c58c72df9fbff0c673d4348400b2deb5a62021948bf78ab63386b328374bd7bf13b1dadc22f7f173070f8cf2f43,08/30/2025 03:28:00 AM,1,DRIVER,,2040042,,UNKNOWN,OTHER (EXPLAIN IN NARRATIVE),,,UNKNOWN,SPORT UTILITY VEHICLE (SUV),UNKNOWN/NA,N,STRAIGHT AHEAD,,,1,,,,,Y,,,,,,,,,,,,,FRONT-RIGHT-CORNER,,,,,,,,,,,,,,,,,,,,,,,,,,,,,,,,,
2140054,0b7e19910bc007964c4afa1f3fa15ca285516c58c72df9fbff0c673d4348400b2deb5a62021948bf78ab63386b328374bd7bf13b1dadc22f7f173070f8cf2f43,08/30/2025 03:28:00 AM,2,PARKED,,2040043,,LEXUS,IS,IL,2016,NONE,PASSENGER,PERSONAL,N,PARKED,,,0,,,,,,,,,,,,Y,N,Y,Y,,,SIDE-LEFT-REAR,,,,,,,,,,,,,,,,,,,,,,,,,,,,,,,,,
2140057,eeef5f9a6aede3bdf1524786204c03e03554a8d8bf5a9c89a9f324a0564cf047d1fade064cd977fd97cf97ac909b63b3f2a0d44d72a9598260f74f37a16b5e0f,08/30/2025 03:19:00 AM,1,DRIVER,,2040050,,CHEVROLET,SILVERADO,IL,2007,UNKNOWN,UNKNOWN/NA,UNKNOWN/NA,S,STRAIGHT AHEAD,Y,,1,,,,,Y,,,,,,,,,,Y,Y,,FRONT,,,,,,,,,,,,,,,,,,,,,,,,,,,,,,,,,
2140058,eeef5f9a6aede3bdf1524786204c03e03554a8d8bf5a9c89a9f324a0564cf047d1fade064cd977fd97cf97ac909b63b3f2a0d44d72a9598260f74f37a16b5e0f,08/30/2025 03:19:00 AM,2,PARKED,,2040053,,NISSAN,VERSA,IL,2009,UNKNOWN,PASSENGER,PERSONAL,S,PARKED,,,0,,,,,,,,,Y,Y,Y,Y,,,,,,REAR,,,,,,,,,,,,,,,,,,,,,,,,,,,,,,,,,
2140059,eeef5f9a6aede3bdf1524786204c03e03554a8d8bf5a9c89a9f324a0564cf047d1fade064cd977fd97cf97ac909b63b3f2a0d44d72a9598260f74f37a16b5e0f,08/30/2025 03:19:00 AM,3,PARKED,,2040054,,KIA,SORENTO,IL,2011,UNKNOWN,PASSENGER,PERSONAL,S,PARKED,,,0,,,,,,,,,Y,Y,Y,,,,Y,Y,,REAR,,,,,,,,,,,,,,,,,,,,,,,,,,,,,,,,,
2140708,119bd09f40d850e0e11aa2c6bf52d3932ecfafd84ffd7ad6b6957a4256868e4827684214711d30cfb964a477dea6246d8a0bf86541bbef76c0c814dab7715f64,08/30/2025 03:16:00 AM,1,DRIVER,,2040671,,UNKNOWN,OTHER (EXPLAIN IN NARRATIVE),,,UNKNOWN,UNKNOWN/NA,UNKNOWN/NA,N,STRAIGHT AHEAD,,,1,,,,,,,,,,,,,,,,Y,,FRONT,,,,,,,,,,,,,,,,,,,,,,,,,,,,,,,,,
2140709,119bd09f40d850e0e11aa2c6bf52d3932ecfafd84ffd7ad6b6957a4256868e4827684214711d30cfb964a477dea6246d8a0bf86541bbef76c0c814dab7715f64,08/30/2025 03:16:00 AM,2,DRIVER,,2040676,,MERCEDES-BENZ,CLA,IL,2019,NONE,PASSENGER,PERSONAL,E,STRAIGHT AHEAD,Y,,1,,,,,Y,Y,Y,Y,,,,,,,,,,SIDE-RIGHT,,,,,,,,,,,,,,,,,,,,,,,,,,,,,,,,,
2140486,ae6042196f990cb09fb7a2b449829ce507a78c305f555421d07a39118bee2434833af0b25285913c957e0d0b69381ea4701cd256ae50c227723084aa5e83932f,08/30/2025 03:00:00 AM,1,DRIVER,,2040454,,UNKNOWN,OTHER (EXPLAIN IN NARRATIVE),,,UNKNOWN,PICKUP,UNKNOWN/NA,N,STRAIGHT AHEAD,,,1,,,,,,,,,,,,,,,,,,UNKNOWN,,,,,,,,,,,,,,,,,,,,,,,,,,,,,,,,,
2140487,ae6042196f990cb09fb7a2b449829ce507a78c305f555421d07a39118bee2434833af0b25285913c957e0d0b69381ea4701cd256ae50c227723084aa5e83932f,08/30/2025 03:00:00 AM,2,DRIVER,,2040456,,NISSAN,ALTIMA,IL,2018,UNKNOWN,PASSENGER,PERSONAL,E,STRAIGHT AHEAD,Y,,1,,S AND J RECOVERY,HOMEWOOD IL,,,,Y,,,,,,,,,,,SIDE-RIGHT,,,,,,,,,,,,,,,,,,,,,,,,,,,,,,,,,
2140105,b0185dbf1f1f57972ba6239dae2813eeb53b12a8d2370ad494e3b40beb8a80267246795d6e50210133508047f97aba65e8b37884df8d7a7badc4377b0515c18e,08/30/2025 03:00:00 AM,1,DRIVER,,2040090,,UNKNOWN,OTHER (EXPLAIN IN NARRATIVE),IL,,UNKNOWN,UNKNOWN/NA,UNKNOWN/NA,N,STRAIGHT AHEAD,,,1,,,,,,,,,,,,,,Y,Y,Y,Y,FRONT-LEFT-CORNER,,,,,,,,,,,,,,,,,,,,,,,,,,,,,,,,,
2140106,b0185dbf1f1f57972ba6239dae2813eeb53b12a8d2370ad494e3b40beb8a80267246795d6e50210133508047f97aba65e8b37884df8d7a7badc4377b0515c18e,08/30/2025 03:00:00 AM,2,PARKED,,2040092,,CHEVROLET,TAHOE,IL,2015,NONE,PASSENGER,PERSONAL,W,PARKED,,,0,,,,,,,,,,Y,Y,,,,,,,REAR-LEFT-CORNER,,,,,,,,,,,,,,,,,,,,,,,,,,,,,,,,,
2140055,f5e3e19126d2f4e6b6d2c0f8aef7e2dec288d60a4874202f50f05ea97454c6587143da4e2ce8cb774bc58a0ff64fbdeef88b97562201b4543f093685968fdbec,08/30/2025 02:57:00 AM,1,DRIVER,,2040044,,VOLKSWAGEN,JETTA,IL,2009,UNKNOWN,PASSENGER,PERSONAL,S,STRAIGHT AHEAD,Y,,1,,PRIVATE TOW,,,,,,,,,,,Y,Y,Y,,,SIDE-LEFT,,,,,,,,,,,,,,,,,,,,,,,,,,,,,,,,,
2140056,f5e3e19126d2f4e6b6d2c0f8aef7e2dec288d60a4874202f50f05ea97454c6587143da4e2ce8cb774bc58a0ff64fbdeef88b97562201b4543f093685968fdbec,08/30/2025 02:57:00 AM,2,DRIVER,1,2040045,,HYUNDAI,ELANTRA,IL,2025,UNKNOWN,PASSENGER,PERSONAL,W,STRAIGHT AHEAD,,,2,,,,,Y,Y,,,,,,,,,,Y,,FRONT-RIGHT-CORNER,,,,,,,,,,,,,,,,,,,,,,,,,,,,,,,,,
2140473,a2a00193b67d9e626cf3d879cd44e8e14e886d2e4f04a2270de6e7aec8236c188dc82e211212fc953d6f85b6d5eef350a400d66fafe091c4c82dc5c5ecb09d69,08/30/2025 02:50:00 AM,1,DRIVER,,2040464,,UNKNOWN,OTHER (EXPLAIN IN NARRATIVE),,,NONE,PASSENGER,UNKNOWN/NA,W,STRAIGHT AHEAD,,,1,,,,,,,,,,,,,,,,,Y,FRONT,,,,,,,,,,,,,,,,,,,,,,,,,,,,,,,,,
2140474,a2a00193b67d9e626cf3d879cd44e8e14e886d2e4f04a2270de6e7aec8236c188dc82e211212fc953d6f85b6d5eef350a400d66fafe091c4c82dc5c5ecb09d69,08/30/2025 02:50:00 AM,2,DRIVER,,2040462,,JEEP,WRANGLER,IL,2021,NONE,SPORT UTILITY VEHICLE (SUV),PERSONAL,W,SLOW/STOP IN TRAFFIC,,,1,,,,,,,,,Y,Y,Y,,,,,,,REAR,,,,,,,,,,,,,,,,,,,,,,,,,,,,,,,,,
2140314,5c76d2ef1c0db22b4753ea64315f2215413761d4915c58fc33b61da859f2973a03eb78b3d08f4eba12a439ca303c1e2aa81f382fd314167425b1caa510f990a4,08/30/2025 02:30:00 AM,1,DRIVER,,2040290,,UNKNOWN,OTHER (EXPLAIN IN NARRATIVE),,,UNKNOWN,UNKNOWN/NA,UNKNOWN/NA,E,STRAIGHT AHEAD,,,1,,,,,,,,,,,,,,,,,Y,FRONT,,,,,,,,,,,,,,,,,,,,,,,,,,,,,,,,,
2140315,5c76d2ef1c0db22b4753ea64315f2215413761d4915c58fc33b61da859f2973a03eb78b3d08f4eba12a439ca303c1e2aa81f382fd314167425b1caa510f990a4,08/30/2025 02:30:00 AM,2,PARKED,,2040294,,FORD,ESCAPE,IL,2016,NONE,PASSENGER,PERSONAL,E,PARKED,Y,,0,,PRIVATE TOW,PRIVATE LOCATION,,Y,,,Y,Y,Y,Y,Y,,,,Y,,REAR,,,,,,,,,,,,,,,,,,,,,,,,,,,,,,,,,
2140051,8150afa52d0b6fe1dfefdf14294335b89502573b553b1be4f272041597d6c177da1ef019d3a915585f625f912d3f938557cf2f2e463dd68c0d64b8d0a4d0be63,08/30/2025 02:21:00 AM,1,DRIVER,,2040040,,UNKNOWN,OTHER (EXPLAIN IN NARRATIVE),IL,,NONE,UNKNOWN/NA,OTHER,W,TURNING RIGHT,,,1,,,,,Y,,,,,,,,,,,Y,,FRONT-RIGHT-CORNER,,,,,,,,,,,,,,,,,,,,,,,,,,,,,,,,,
2140052,8150afa52d0b6fe1dfefdf14294335b89502573b553b1be4f272041597d6c177da1ef019d3a915585f625f912d3f938557cf2f2e463dd68c0d64b8d0a4d0be63,08/30/2025 02:21:00 AM,2,DRIVER,1,2040041,,TESLA,OTHER (EXPLAIN IN NARRATIVE),IL,2021,NONE,PASSENGER,RIDESHARE SERVICE,W,TURNING RIGHT,,,2,,,,,,,,,,Y,Y,,,,,,,FRONT-LEFT-CORNER,,,,,,,,,,,,,,,,,,,,,,,,,,,,,,,,,
2140044,114701def7668a73367c7fc882e9a6fdae2bb33f111e6f3021b24b1c282347ec6ce2aeae0940a0f58d3487f1252ab9efd0620015f14ea19472683a7ed81a301c,08/30/2025 02:18:00 AM,1,DRIVER,,2040033,,HONDA,ACCORD,IL,2009,NONE,PASSENGER,PERSONAL,E,TURNING LEFT,Y,,1,,PRIVATE TOW,UNKNOWN,N,,,,,,,,,Y,Y,Y,Y,,NONE,,,,,,,,,,,,,,,,,,,,,,,,,,,,,,,,,
2140073,6a7182ee88815810ce16e83df6e51384d2145897e43279bc4364475819bfd59edc51a678f059a1b4b934c45fc703d2d8b2c0ec921a582ab3bf99a641eb2b1403,08/30/2025 02:08:00 AM,2,DRIVER,,2040063,,TOYOTA,CAMRY,IL,2016,UNKNOWN,PASSENGER,UNKNOWN/NA,UNKNOWN,UNKNOWN/NA,Y,,1,,E AND R,AUTO POUND,,,,Y,Y,Y,,,,Y,Y,Y,Y,,REAR-RIGHT-CORNER,,,,,,,,,,,,,,,,,,,,,,,,,,,,,,,,,
2140074,6a7182ee88815810ce16e83df6e51384d2145897e43279bc4364475819bfd59edc51a678f059a1b4b934c45fc703d2d8b2c0ec921a582ab3bf99a641eb2b1403,08/30/2025 02:08:00 AM,1,DRIVER,,2040066,,TOYOTA,AVALON,IN,1998,UNKNOWN,PASSENGER,UNKNOWN/NA,E,TURNING LEFT,,,1,,,,Y,Y,Y,,,,,,,,Y,Y,Y,,FRONT,,,,,,,,,,,,,,,,,,,,,,,,,,,,,,,,,
2140034,5cf35d585e03cd05440b8ac1576a25cdb7db9377c7c7de0906ce0ba69048c8d7aa994be77855af931c098a6c1b3878909b96543a264e6bc26235998e06629507,08/30/2025 02:00:00 AM,1,DRIVER,,2040022,,UNKNOWN,MOTORIZED,XX,,UNKNOWN,PASSENGER,UNKNOWN/NA,N,STRAIGHT AHEAD,,,1,,,,,Y,,,,,,,,,,Y,Y,Y,UNKNOWN,,,,,,,,,,,,,,,,,,,,,,,,,,,,,,,,,
2140035,5cf35d585e03cd05440b8ac1576a25cdb7db9377c7c7de0906ce0ba69048c8d7aa994be77855af931c098a6c1b3878909b96543a264e6bc26235998e06629507,08/30/2025 02:00:00 AM,2,DRIVER,,2040025,,CHEVROLET,TAHOE,IL,2011,NONE,PASSENGER,PERSONAL,S,STRAIGHT AHEAD,,,1,,,,,Y,,,,,,,,,Y,Y,Y,,FRONT,,,,,,,,,,,,,,,,,,,,,,,,,,,,,,,,,
2140042,301ddbfe9be9c3f75be8b7fa5aaad7507df9554a6f7e7af742dae4ca2b56a5d592a42aa704a9f8bc35bcc216f07d9f49c4b1cc7cc1052aeb459befc154a51f08,08/30/2025 01:55:00 AM,1,DRIVER,,2040029,,DODGE,RAM 1500 PU,IL,2023,NONE,PICKUP,PERSONAL,S,STRAIGHT AHEAD,Y,,1,,private tow,private lot,,Y,,,,,,,,,,Y,Y,,FRONT,,,,,,,,,,,,,,,,,,,,,,,,,,,,,,,,,
2140043,301ddbfe9be9c3f75be8b7fa5aaad7507df9554a6f7e7af742dae4ca2b56a5d592a42aa704a9f8bc35bcc216f07d9f49c4b1cc7cc1052aeb459befc154a51f08,08/30/2025 01:55:00 AM,2,DRIVER,,2040031,,FORD,ESCAPE,IL,2020,NONE,PASSENGER,PERSONAL,S,MERGING,Y,,1,,private tow,private lot,,,,,,Y,Y,Y,,,,,,,REAR,,,,,,,,,,,,,,,,,,,,,,,,,,,,,,,,,
2140036,99df88ac67157e6255da7d90be125c005de4e1de0904fcb393e8acc9d9abbfb8ea17d41249e504cd4c9decd094fc85c74a8b097d8581d40ad02498ec58422aa5,08/30/2025 01:35:00 AM,1,DRIVER,1,2040026,,HONDA,CR-V,IL,2011,NONE,PASSENGER,PERSONAL,N,STRAIGHT AHEAD,Y,,2,,person tow,,,Y,Y,,Y,Y,,,,,,,,,FRONT-RIGHT-CORNER,,,,,,,,,,,,,,,,,,,,,,,,,,,,,,,,,
2140037,99df88ac67157e6255da7d90be125c005de4e1de0904fcb393e8acc9d9abbfb8ea17d41249e504cd4c9decd094fc85c74a8b097d8581d40ad02498ec58422aa5,08/30/2025 01:35:00 AM,2,PARKED,,2040027,,LEXUS,ES,IL,2008,NONE,PASSENGER,PERSONAL,N,PARKED,,,0,,,,,,,,,,,Y,Y,Y,Y,,,,SIDE-LEFT-REAR,,,,,,,,,,,,,,,,,,,,,,,,,,,,,,,,,
2140038,f013489906567df5e97400ddcffdb94cfc8b1439dd87ca0e70698792fdf740c92b1f0af6f977229f30ef3b9f2c0d2396a7baa6937ca404280fe0e24d81a9490c,08/30/2025 01:27:00 AM,1,DRIVER,,2040030,,CHEVROLET,EQUINOX,IL,2014,UNKNOWN,PASSENGER,PERSONAL,W,STRAIGHT AHEAD,Y,,1,,CITY TOW,DWELLING,,Y,,,,,,,,,,,Y,,FRONT-RIGHT-CORNER,,,,,,,,,,,,,,,,,,,,,,,,,,,,,,,,,
2140039,f013489906567df5e97400ddcffdb94cfc8b1439dd87ca0e70698792fdf740c92b1f0af6f977229f30ef3b9f2c0d2396a7baa6937ca404280fe0e24d81a9490c,08/30/2025 01:27:00 AM,2,PARKED,,2040032,,SUBARU,IMPREZA,IL,2017,NONE,PASSENGER,NOT IN USE,W,PARKED,,,0,,,,,,,,,,,Y,Y,Y,Y,Y,,,SIDE-LEFT,,,,,,,,,,,,,,,,,,,,,,,,,,,,,,,,,
2140040,f013489906567df5e97400ddcffdb94cfc8b1439dd87ca0e70698792fdf740c92b1f0af6f977229f30ef3b9f2c0d2396a7baa6937ca404280fe0e24d81a9490c,08/30/2025 01:27:00 AM,3,PARKED,,2040034,,CHEVROLET,IMPALA,IL,2012,NONE,PASSENGER,NOT IN USE,W,STRAIGHT AHEAD,,,0,,,,,,,,,,,Y,Y,,,,,,REAR-LEFT-CORNER,,,,,,,,,,,,,,,,,,,,,,,,,,,,,,,,,
2140029,23e93cb879affe732a4b443f60ae2fb936e329b75d4411b299172e434bea63a23ec0c644a63cd52db4e2772c841e0ed9f8f55fc9d1a6a806ab151d26c70445a4,08/30/2025 01:17:00 AM,1,DRIVER,,2040014,,FORD,F150,IL,2017,UNKNOWN,PICKUP,PERSONAL,N,STRAIGHT AHEAD,Y,,1,,owner,home,,Y,Y,,,,,,,,,,Y,,FRONT-RIGHT-CORNER,,,,,,,,,,,,,,,,,,,,,,,,,,,,,,,,,
2140030,23e93cb879affe732a4b443f60ae2fb936e329b75d4411b299172e434bea63a23ec0c644a63cd52db4e2772c841e0ed9f8f55fc9d1a6a806ab151d26c70445a4,08/30/2025 01:17:00 AM,2,PARKED,,2040018,,HONDA,ODYSSEY,IL,2015,UNKNOWN,VAN/MINI-VAN,NOT IN USE,N,PARKED,,,0,,,,,,,,,,,,,Y,Y,Y,Y,,SIDE-LEFT,,,,,,,,,,,,,,,,,,,,,,,,,,,,,,,,,
2140031,23e93cb879affe732a4b443f60ae2fb936e329b75d4411b299172e434bea63a23ec0c644a63cd52db4e2772c841e0ed9f8f55fc9d1a6a806ab151d26c70445a4,08/30/2025 01:17:00 AM,3,PARKED,,2040020,,HONDA,CIVIC,IL,2012,UNKNOWN,PASSENGER,NOT IN USE,N,PARKED,,,0,,,,,Y,,,,Y,Y,Y,,,,Y,Y,,REAR-LEFT-CORNER,,,,,,,,,,,,,,,,,,,,,,,,,,,,,,,,,
2140032,23e93cb879affe732a4b443f60ae2fb936e329b75d4411b299172e434bea63a23ec0c644a63cd52db4e2772c841e0ed9f8f55fc9d1a6a806ab151d26c70445a4,08/30/2025 01:17:00 AM,4,PARKED,,2040023,,FORD,ESCAPE,IL,2014,UNKNOWN,PASSENGER,NOT IN USE,N,PARKED,,,0,,,,,,,,,,Y,,,,,,Y,,REAR,,,,,,,,,,,,,,,,,,,,,,,,,,,,,,,,,
2140033,23e93cb879affe732a4b443f60ae2fb936e329b75d4411b299172e434bea63a23ec0c644a63cd52db4e2772c841e0ed9f8f55fc9d1a6a806ab151d26c70445a4,08/30/2025 01:17:00 AM,5,PARKED,,2040024,,HONDA,CIVIC,IL,2017,UNKNOWN,PASSENGER,NOT IN USE,N,PARKED,,,0,,,,,,,,,,Y,,,,,,,,REAR,,,,,,,,,,,,,,,,,,,,,,,,,,,,,,,,,
2140041,033dcfff60bbcd90986b0fb0904dc8c80ce6c6029119bd1c0865eeadadaca816838135b3cf549358f7221a51132e2341110351fba11a0e74ace8512e6cb293ff,08/30/2025 01:00:00 AM,1,DRIVER,,2040028,,UNKNOWN,MOTORIZED,XX,,UNKNOWN,PASSENGER,UNKNOWN/NA,SW,UNKNOWN/NA,,,1,,,,,,,,,,,,,,,,,Y,FRONT,,,,,,,,,,,,,,,,,,,,,,,,,,,,,,,,,
2140047,033dcfff60bbcd90986b0fb0904dc8c80ce6c6029119bd1c0865eeadadaca816838135b3cf549358f7221a51132e2341110351fba11a0e74ace8512e6cb293ff,08/30/2025 01:00:00 AM,2,DRIVER,,2040036,,NISSAN,ROGUE,IL,2020,UNKNOWN,PASSENGER,PERSONAL,W,STRAIGHT AHEAD,,,1,,,,,,,,,Y,,,,,,,,,SIDE-RIGHT-REAR,,,,,,,,,,,,,,,,,,,,,,,,,,,,,,,,,
2140048,033dcfff60bbcd90986b0fb0904dc8c80ce6c6029119bd1c0865eeadadaca816838135b3cf549358f7221a51132e2341110351fba11a0e74ace8512e6cb293ff,08/30/2025 01:00:00 AM,3,PEDESTRIAN,,,,,,,,,,,,,,,,,,,,,,,,,,,,,,,,,,,,,,,,,,,,,,,,,,,,,,,,,,,,,,,,,,
2140027,238662c463f9be9e7a7c52a3b5e125fabe1d304131f8e5fcf6e0ebb63ae31dfa063ac68cb038beb8839045c5efdcd24da73da2e5f697baf69076fff949d0bf5d,08/30/2025 01:00:00 AM,1,DRIVER,,2040016,,HONDA,ODYSSEY,IL,2003,NONE,VAN/MINI-VAN,PERSONAL,S,TURNING RIGHT,,,1,,,,,,,Y,Y,Y,,,,,,,,,SIDE-RIGHT-REAR,,,,,,,,,,,,,,,,,,,,,,,,,,,,,,,,,
2140028,238662c463f9be9e7a7c52a3b5e125fabe1d304131f8e5fcf6e0ebb63ae31dfa063ac68cb038beb8839045c5efdcd24da73da2e5f697baf69076fff949d0bf5d,08/30/2025 01:00:00 AM,2,DRIVER,,2040019,,HONDA,PILOT,IN,2020,NONE,VAN/MINI-VAN,PERSONAL,S,STRAIGHT AHEAD,,,1,,,,,Y,,,,,,,,,,N,Y,,FRONT-RIGHT-CORNER,,,,,,,,,,,,,,,,,,,,,,,,,,,,,,,,,
2140238,3ff962d12f0be05f689803fc8de97dde7fbdf2c3d4a14f264c05d338bec1f8c3bdadaafceeccbb3cfaad2cf67630a728a4c0a5e0c4751b34b6ab37f0f9510a7f,08/30/2025 01:00:00 AM,1,DRIVER,,2040220,,UNKNOWN,OTHER (EXPLAIN IN NARRATIVE),,,UNKNOWN,UNKNOWN/NA,UNKNOWN/NA,UNKNOWN,UNKNOWN/NA,,,1,,,,,,,,,,,,,,,,,Y,UNKNOWN,,,,,,,,,,,,,,,,,,,,,,,,,,,,,,,,,
2140014,c1e8a61c585050c6b8d784a2b3e616579b206f1d01c149bbf5e4370520005d0281ae13a69b792c38fa405c97ecb8253b5d349ce4c75de14bd9afab8ef7c57e16,08/30/2025 01:00:00 AM,1,DRIVER,,2040004,,GENERAL MOTORS CORPORATION (GMC),TERRAIN,IL,,UNKNOWN,PASSENGER,UNKNOWN/NA,UNKNOWN,UNKNOWN/NA,,,1,,,,,,,,,,,,,,,,,,FRONT,,,,,,,,,,,,,,,,,,,,,,,,,,,,,,,,,
2140015,c1e8a61c585050c6b8d784a2b3e616579b206f1d01c149bbf5e4370520005d0281ae13a69b792c38fa405c97ecb8253b5d349ce4c75de14bd9afab8ef7c57e16,08/30/2025 01:00:00 AM,2,DRIVER,,2040015,,DODGE,RAM 1500 PU,IL,2003,NONE,PICKUP,UNKNOWN/NA,S,UNKNOWN/NA,,,1,,,,,,,,,Y,Y,Y,,,,,,,REAR,,,,,,,,,,,,,,,,,,,,,,,,,,,,,,,,,
2140021,1396800116bfbc9eb0080fb123a7228a03c2f66ff56454fe8c976f864a8be8d6726ff7912bf6bd1dc95a69c54dc2b85d385c468adf1b9517aac70935ff03735f,08/30/2025 12:45:00 AM,1,DRIVER,,2040007,,TOYOTA,CAMRY,IL,2007,NONE,PASSENGER,PERSONAL,N,STRAIGHT AHEAD,,,1,,,,,,,,,,,,,,,,Y,,FRONT,,,,,,,,,,,,,,,,,,,,,,,,,,,,,,,,,
2140022,1396800116bfbc9eb0080fb123a7228a03c2f66ff56454fe8c976f864a8be8d6726ff7912bf6bd1dc95a69c54dc2b85d385c468adf1b9517aac70935ff03735f,08/30/2025 12:45:00 AM,2,DRIVER,,2040011,,CHEVROLET,EQUINOX,IL,2022,NONE,SPORT UTILITY VEHICLE (SUV),PERSONAL,N,SLOW/STOP IN TRAFFIC,,,1,,,,,,,,,,Y,,,,,,,,REAR,,,,,,,,,,,,,,,,,,,,,,,,,,,,,,,,,
2140008,69dd06752d9a8dd1df4de4896a0c32652e2bd358bd2840bc8bae283f032eb8632031525dd379d74a6ad9ddafef18476b3c8c0f8cec218ba4e469bbf9ab7d7969,08/30/2025 12:45:00 AM,1,DRIVER,,2039995,,DODGE,OTHER (EXPLAIN IN NARRATIVE),IL,2010,UNKNOWN,PASSENGER,UNKNOWN/NA,SW,TURNING RIGHT,,,1,,,,,,,,,,,,,,,,,,UNKNOWN,,,,,,,,,,,,,,,,,,,,,,,,,,,,,,,,,
2140009,69dd06752d9a8dd1df4de4896a0c32652e2bd358bd2840bc8bae283f032eb8632031525dd379d74a6ad9ddafef18476b3c8c0f8cec218ba4e469bbf9ab7d7969,08/30/2025 12:45:00 AM,2,DRIVER,,2039998,,TOYOTA,PRIUS,IL,2013,NONE,PASSENGER,TAXI/FOR HIRE,W,SLOW/STOP IN TRAFFIC,,,1,,,,,Y,Y,,,,,,,,,,,,FRONT-RIGHT-CORNER,,,,,,,,,,,,,,,,,,,,,,,,,,,,,,,,,
2140019,f6f6b322d53694a94d437ce8449b6df983912bd2526105440a63eb8dc9a573743c52c2bbb2bcaeffdc917977914a4e54df675f5c4d48b106159fdbd7cbd95c5a,08/30/2025 12:40:00 AM,1,DRIVER,1,2040009,,GENERAL MOTORS CORPORATION (GMC),ACADIA,IL,2011,OTHER,SPORT UTILITY VEHICLE (SUV),UNKNOWN/NA,S,STRAIGHT AHEAD,,,2,,,,,,,,,,,,,,,Y,Y,,FRONT,,,,,,,,,,,,,,,,,,,,,,,,,,,,,,,,,
2140020,f6f6b322d53694a94d437ce8449b6df983912bd2526105440a63eb8dc9a573743c52c2bbb2bcaeffdc917977914a4e54df675f5c4d48b106159fdbd7cbd95c5a,08/30/2025 12:40:00 AM,2,PARKED,,2040010,,FORD,FUSION,IL,2011,UNKNOWN,PASSENGER,UNKNOWN/NA,UNKNOWN,PARKED,,,0,,,,,,,,,Y,Y,Y,,,,,,,REAR,,,,,,,,,,,,,,,,,,,,,,,,,,,,,,,,,
2140017,1cd471502a7832652b0307dc7f2c176d7333e36fa32198f6ce80bddc7307a0215897df740c1597b0b6bfa8a0d51e567b69c79eca1339226f545b01c74f231214,08/30/2025 12:30:00 AM,1,DRIVER,,2040005,,UNKNOWN,MOTORIZED,,,UNKNOWN,UNKNOWN/NA,UNKNOWN/NA,S,STRAIGHT AHEAD,,,1,,,,,,,,,,,,,,,,,Y,UNKNOWN,,,,,,,,,,,,,,,,,,,,,,,,,,,,,,,,,
2140018,1cd471502a7832652b0307dc7f2c176d7333e36fa32198f6ce80bddc7307a0215897df740c1597b0b6bfa8a0d51e567b69c79eca1339226f545b01c74f231214,08/30/2025 12:30:00 AM,2,DRIVER,,2040008,,KIA,STINGER,IN,2022,UNKNOWN,PASSENGER,PERSONAL,S,SLOW/STOP IN TRAFFIC,,,1,,,,,,,,,,Y,Y,,,,,,,REAR-LEFT-CORNER,,,,,,,,,,,,,,,,,,,,,,,,,,,,,,,,,
2140790,9e8ad0d37647fc4ff541d843c960621cfbf988a9eb3c384eb102676c678f100826fd8c049826d3a5b0ed0008c17602c8127f161201a3dbc4a178cfd3a4e9dc62,08/30/2025 12:30:00 AM,1,DRIVER,,2040749,,UNKNOWN,OTHER (EXPLAIN IN NARRATIVE),IL,,OTHER,UNKNOWN/NA,PERSONAL,UNKNOWN,STRAIGHT AHEAD,,,1,,,,,,,,,,,Y,Y,Y,Y,Y,,,SIDE-LEFT,,,,,,,,,,,,,,,,,,,,,,,,,,,,,,,,,
2140791,9e8ad0d37647fc4ff541d843c960621cfbf988a9eb3c384eb102676c678f100826fd8c049826d3a5b0ed0008c17602c8127f161201a3dbc4a178cfd3a4e9dc62,08/30/2025 12:30:00 AM,2,PARKED,,2040759,,BMW,533I,IL,2011,NONE,PASSENGER,PERSONAL,W,PARKED,,,0,,,,,,,,,,,,,,,,,Y,SIDE-RIGHT,,,,,,,,,,,,,,,,,,,,,,,,,,,,,,,,,