CRASH_UNIT_ID,CRASH_RECORD_ID,CRASH_DATE,UNIT_NO,UNIT_TYPE,NUM_PASSENGERS,VEHICLE_ID,CMRC_VEH_I,MAKE,MODEL,LIC_PLATE_STATE,VEHICLE_YEAR,VEHICLE_DEFECT,VEHICLE_TYPE,VEHICLE_USE,TRAVEL_DIRECTION,MANEUVER,TOWED_I,FIRE_I,OCCUPANT_CNT,EXCEED_SPEED_LIMIT_I,TOWED_BY,TOWED_TO,AREA_00_I,AREA_01_I,AREA_02_I,AREA_03_I,AREA_04_I,AREA_05_I,AREA_06_I,AREA_07_I,AREA_08_I,AREA_09_I,AREA_10_I,AREA_11_I,AREA_12_I,AREA_99_I,FIRST_CONTACT_POINT,CMV_ID,USDOT_NO,CCMC_NO,ILCC_NO,COMMERCIAL_SRC,GVWR,CARRIER_NAME,CARRIER_STATE,CARRIER_CITY,HAZMAT_PLACARDS_I,HAZMAT_NAME,UN_NO,HAZMAT_PRESENT_I,HAZMAT_REPORT_I,HAZMAT_REPORT_NO,MCS_REPORT_I,MCS_REPORT_NO,HAZMAT_VIO_CAUSE_CRASH_I,MCS_VIO_CAUSE_CRASH_I,IDOT_PERMIT_NO,WIDE_LOAD_I,TRAILER1_WIDTH,TRAILER2_WIDTH,TRAILER1_LENGTH,TRAILER2_LENGTH,TOTAL_VEHICLE_LENGTH,AXLE_CNT,VEHICLE_CONFIG,CARGO_BODY_TYPE,LOAD_TYPE,HAZMAT_OUT_OF_SERVICE_I,MCS_OUT_OF_SERVICE_I,HAZMAT_CLASS
2139994,70d11d5f8e1e63067f42de6e9ec280bfb379bf1a0a47edcbd85dfc7808adb630d9bc00e2205e48314aa2a81ab80a6da14a13616800733280122d2b42a1091375,08/30/2025 12:21:00 AM,1,DRIVER,,2039980,,TOYOTA,COROLLA,FL,2010,UNKNOWN,PASSENGER,UNKNOWN/NA,S,STRAIGHT AHEAD,,,1,,,,,,,,,,,,,,,,,Y,UNKNOWN,,,,,,,,,,,,,,,,,,,,,,,,,,,,,,,,,
2139995,70d11d5f8e1e63067f42de6e9ec280bfb379bf1a0a47edcbd85dfc7808adb630d9bc00e2205e48314aa2a81ab80a6da14a13616800733280122d2b42a1091375,08/30/2025 12:21:00 AM,2,DRIVER,,2039982,,TOYOTA,RAV4,IL,2019,NONE,PASSENGER,RIDESHARE SERVICE,S,SLOW/STOP IN TRAFFIC,,,1,,,,,,,,,,Y,,,,,,,,REAR,,,,,,,,,,,,,,,,,,,,,,,,,,,,,,,,,
2140139,4cc9b083b5e8179e389aa28df6d32e8b7052794b0d139739535e5e434edd7a9799967da3fb9a43d704d64f4211a8a70584a9e44a158fc5b109ec0a2b54b08cf5,08/30/2025 12:15:00 AM,1,DRIVER,,2040118,,UNKNOWN,OTHER (EXPLAIN IN NARRATIVE),,,UNKNOWN,UNKNOWN/NA,UNKNOWN/NA,UNKNOWN,UNKNOWN/NA,,,1,,,,,,,,,,,,,,,,,Y,UNKNOWN,,,,,,,,,,,,,,,,,,,,,,,,,,,,,,,,,
2140140,4cc9b083b5e8179e389aa28df6d32e8b7052794b0d139739535e5e434edd7a9799967da3fb9a43d704d64f4211a8a70584a9e44a158fc5b109ec0a2b54b08cf5,08/30/2025 12:15:00 AM,2,PARKED,,2040123,,CHEVROLET,TRUCK,IL,2023,NONE,PICKUP,PERSONAL,UNKNOWN,PARKED,,,0,,,,,,,,,,,,,,,,Y,,FRONT,,,,,,,,,,,,,,,,,,,,,,,,,,,,,,,,,
2140141,4cc9b083b5e8179e389aa28df6d32e8b7052794b0d139739535e5e434edd7a9799967da3fb9a43d704d64f4211a8a70584a9e44a158fc5b109ec0a2b54b08cf5,08/30/2025 12:15:00 AM,3,PARKED,,2040126,,SUBARU,FE,IL,2019,NONE,PASSENGER,PERSONAL,E,PARKED,,,0,,,,,,,,,,,,,,,,Y,,FRONT,,,,,,,,,,,,,,,,,,,,,,,,,,,,,,,,,
2140282,8b1e418fddf780423fa43e246f69b1ab7220ccf1e1806d4ac6930eff90916eafb68c208b4dbca12e51c92350caddc5ef9a00a2c9a24d4944e8add17cbaf6a313,08/30/2025 12:10:00 AM,1,DRIVER,,2040253,,HONDA,CIVIC,IL,2018,UNKNOWN,PASSENGER,UNKNOWN/NA,W,OTHER,,,1,,,,,Y,Y,,,,,,,,,,,,FRONT-RIGHT-CORNER,,,,,,,,,,,,,,,,,,,,,,,,,,,,,,,,,
2140283,8b1e418fddf780423fa43e246f69b1ab7220ccf1e1806d4ac6930eff90916eafb68c208b4dbca12e51c92350caddc5ef9a00a2c9a24d4944e8add17cbaf6a313,08/30/2025 12:10:00 AM,2,DRIVER,,2040254,,TOYOTA,RAV4,,,UNKNOWN,SPORT UTILITY VEHICLE (SUV),PERSONAL,W,STRAIGHT AHEAD,,,1,,,,,,,,,,,,,Y,Y,,,,SIDE-LEFT,,,,,,,,,,,,,,,,,,,,,,,,,,,,,,,,,
2140218,178482e5518fe1dcac1fc4f811e1620901543be013ed53bee4a48539ccd5c546d7f4b8f12cc0abdac589769a4c1e716d8f5c4610f468446438e45eb462aa2b90,08/30/2025 12:03:00 AM,1,DRIVER,,2040205,,UNKNOWN,OTHER (EXPLAIN IN NARRATIVE),,,UNKNOWN,UNKNOWN/NA,UNKNOWN/NA,UNKNOWN,UNKNOWN/NA,,,1,,,,,,,,,,,,,,,,,,UNKNOWN,,,,,,,,,,,,,,,,,,,,,,,,,,,,,,,,,
2140219,178482e5518fe1dcac1fc4f811e1620901543be013ed53bee4a48539ccd5c546d7f4b8f12cc0abdac589769a4c1e716d8f5c4610f468446438e45eb462aa2b90,08/30/2025 12:03:00 AM,2,DRIVER,1,2040200,,JEEP,CHEROKEE,,,UNKNOWN,PASSENGER,PERSONAL,N,STRAIGHT AHEAD,,,2,,,,,Y,Y,Y,Y,,,,,,,,,,SIDE-RIGHT,,,,,,,,,,,,,,,,,,,,,,,,,,,,,,,,,
2140404,b3fb89d47f94a892b9a065504ed4bbebe514ac672375f074dc355a48b9ed1bc59b6e46c5a5cb6334c5dc50a71f1062d11e7ea67987e755565557e3dfdedbbd84,08/30/2025 12:00:00 AM,1,DRIVER,,2040376,,UNKNOWN,OTHER (EXPLAIN IN NARRATIVE),,,OTHER,UNKNOWN/NA,UNKNOWN/NA,UNKNOWN,UNKNOWN/NA,,,1,,,,,,,,,,,,,,,,,Y,UNKNOWN,,,,,,,,,,,,,,,,,,,,,,,,,,,,,,,,,
2140405,b3fb89d47f94a892b9a065504ed4bbebe514ac672375f074dc355a48b9ed1bc59b6e46c5a5cb6334c5dc50a71f1062d11e7ea67987e755565557e3dfdedbbd84,08/30/2025 12:00:00 AM,2,PARKED,,2040377,,HYUNDAI,TUCSON,IL,2025,UNKNOWN,SPORT UTILITY VEHICLE (SUV),UNKNOWN/NA,E,PARKED,Y,,0,,STATE FARM TOW,,,,,,,Y,Y,Y,,,,,,,UNKNOWN,,,,,,,,,,,,,,,,,,,,,,,,,,,,,,,,,
2139998,c981b6d5977bd2ad14ab9d0c6bf1a68a71908a1f4de79df56733ece3db00b14ad4c119ad7fbdd7ebb82567bb6cae7eeabe36e8b8d0e7d646c98371badc7ad372,08/30/2025 12:00:00 AM,1,DRIVER,,2039981,,FORD,BRONCO / BRONCO II,IL,2023,UNKNOWN,SPORT UTILITY VEHICLE (SUV),UNKNOWN/NA,N,STRAIGHT AHEAD,,,1,,,,,,,,,,,,,,,Y,,,FRONT-LEFT-CORNER,,,,,,,,,,,,,,,,,,,,,,,,,,,,,,,,,
2139999,c981b6d5977bd2ad14ab9d0c6bf1a68a71908a1f4de79df56733ece3db00b14ad4c119ad7fbdd7ebb82567bb6cae7eeabe36e8b8d0e7d646c98371badc7ad372,08/30/2025 12:00:00 AM,2,DRIVER,4,2039989,,TOYOTA,CAMRY,IN,2025,NONE,PASSENGER,PERSONAL,N,STRAIGHT AHEAD,,,5,,,,,,,,,Y,,,,,,,,,REAR-RIGHT-CORNER,,,,,,,,,,,,,,,,,,,,,,,,,,,,,,,,,
2140135,5da3a597aafba4cb06b08ff93766589522327c87dadb44565f08861d688bd8c4a25d4661147295ce106c62f50f5b51e34aa429381cd200e7df65a2f2742df94b,08/29/2025 11:55:00 PM,1,DRIVER,,2040127,,JEEP,JEEP,IL,2018,UNKNOWN,SPORT UTILITY VEHICLE (SUV),UNKNOWN/NA,N,TURNING RIGHT,,,1,,,,,Y,Y,,,,,,,,,,,,FRONT-RIGHT-CORNER,,,,,,,,,,,,,,,,,,,,,,,,,,,,,,,,,
2140136,5da3a597aafba4cb06b08ff93766589522327c87dadb44565f08861d688bd8c4a25d4661147295ce106c62f50f5b51e34aa429381cd200e7df65a2f2742df94b,08/29/2025 11:55:00 PM,2,DRIVER,1,2040119,,CHEVROLET,MALIBU,NV,2013,NONE,PICKUP,PERSONAL,N,STRAIGHT AHEAD,,,2,,,,,,,,,,,,,,Y,Y,,,FRONT-LEFT-CORNER,,,,,,,,,,,,,,,,,,,,,,,,,,,,,,,,,
2139980,88ff6a2085460eac29cc5d7c2e53a6c1f6898176ad819a60f87f091b392ea0349fb0ca27723084bc6bf25f846faed5f6c4d4407959356df1d531a9bbdecfc111,08/29/2025 11:41:00 PM,1,DRIVER,2,2039972,,TOYOTA,HIGHLANDER,IL,2011,NONE,PASSENGER,PERSONAL,S,TURNING LEFT,,,3,,,,,N,N,,,,,,,,,,,Y,FRONT-RIGHT-CORNER,,,,,,,,,,,,,,,,,,,,,,,,,,,,,,,,,
2139981,88ff6a2085460eac29cc5d7c2e53a6c1f6898176ad819a60f87f091b392ea0349fb0ca27723084bc6bf25f846faed5f6c4d4407959356df1d531a9bbdecfc111,08/29/2025 11:41:00 PM,2,PARKED,,2039974,,LINCOLN,NAUTILUS,IL,2019,NONE,PASSENGER,NOT IN USE,N,PARKED,,,0,,,,,,,,,,,,,,Y,Y,,,FRONT-LEFT-CORNER,,,,,,,,,,,,,,,,,,,,,,,,,,,,,,,,,
2139978,6891ebf1d677bac8737b1737eda60759a9e7e3e800b0235de3a21931f5cf2510b5c128cddfbc5634c64d98d381b312313a32ea75e7af2bbeb8be458e0eb69778,08/29/2025 11:27:00 PM,1,DRIVER,,2039970,,NISSAN,ROGUE,IL,2020,UNKNOWN,SPORT UTILITY VEHICLE (SUV),PERSONAL,E,PASSING/OVERTAKING,,,1,,,,,Y,Y,,,,,,,,,N,,,FRONT-RIGHT-CORNER,,,,,,,,,,,,,,,,,,,,,,,,,,,,,,,,,
2139979,6891ebf1d677bac8737b1737eda60759a9e7e3e800b0235de3a21931f5cf2510b5c128cddfbc5634c64d98d381b312313a32ea75e7af2bbeb8be458e0eb69778,08/29/2025 11:27:00 PM,2,PARKED,,2039971,,HYUNDAI,SONATA,IL,2009,UNKNOWN,PASSENGER,UNKNOWN/NA,E,PARKED,,,0,,,,,,,,,,,,,Y,Y,Y,,,SIDE-LEFT,,,,,,,,,,,,,,,,,,,,,,,,,,,,,,,,,
2140002,d2ff818f5f2eab0cb3f4d55c3a3db23fd110f04522b4626f0fa0c1b7950023a4d077e0092d5362fb370e3d55926632617409dc6e34278bcb5ae98aeaf6862caf,08/29/2025 11:17:00 PM,1,DRIVER,,2039987,,KIA,SOUL,IL,2014,UNKNOWN,PASSENGER,PERSONAL,N,STRAIGHT AHEAD,,,1,,,,,Y,,,,,,,,,,Y,Y,,UNKNOWN,,,,,,,,,,,,,,,,,,,,,,,,,,,,,,,,,
2140003,d2ff818f5f2eab0cb3f4d55c3a3db23fd110f04522b4626f0fa0c1b7950023a4d077e0092d5362fb370e3d55926632617409dc6e34278bcb5ae98aeaf6862caf,08/29/2025 11:17:00 PM,2,DRIVER,,2039988,,NISSAN,VERSA,IL,2021,NONE,PASSENGER,PERSONAL,E,STRAIGHT AHEAD,Y,,1,,city tow,701 N Sacramento,,Y,Y,,,,,,,,Y,Y,Y,,FRONT-RIGHT-CORNER,,,,,,,,,,,,,,,,,,,,,,,,,,,,,,,,,
2139990,fae0e58d2d588ff4122bc2b9812db868d02edec695b5e45067dd76648a1bfffa3953d366d9262c35739a43b67eb009cd9a239d0d90c206ad883b9d148c8e1e44,08/29/2025 11:15:00 PM,1,DRIVER,,2039976,,JEEP,COMPASS,IL,2017,NONE,PASSENGER,PERSONAL,W,STRAIGHT AHEAD,,,1,,,,,Y,Y,,,,,,,,,,Y,,FRONT-RIGHT-CORNER,,,,,,,,,,,,,,,,,,,,,,,,,,,,,,,,,
2139991,fae0e58d2d588ff4122bc2b9812db868d02edec695b5e45067dd76648a1bfffa3953d366d9262c35739a43b67eb009cd9a239d0d90c206ad883b9d148c8e1e44,08/29/2025 11:15:00 PM,2,DRIVER,2,2039979,,MERCEDES-BENZ,GLK350,IL,2012,NONE,PASSENGER,PERSONAL,S,STRAIGHT AHEAD,,,3,,,,,,,,,,,,,N,Y,Y,,,FRONT-LEFT-CORNER,,,,,,,,,,,,,,,,,,,,,,,,,,,,,,,,,
2139985,64297ed44bacbd1d8e5a4168111ad95c90fdfa0bebcc626015e9d490e90a4c830e8257330558ba17346b1bc31c5d6dae9fbf2ef37020747432a41e5423ccbac6,08/29/2025 11:12:00 PM,1,DRIVER,,2039973,,FORD,OTHER (EXPLAIN IN NARRATIVE),IL,2013,NONE,PASSENGER,PERSONAL,N,STRAIGHT AHEAD,,,1,,,,,Y,,,,,,,,,,Y,Y,,FRONT,,,,,,,,,,,,,,,,,,,,,,,,,,,,,,,,,
2139986,64297ed44bacbd1d8e5a4168111ad95c90fdfa0bebcc626015e9d490e90a4c830e8257330558ba17346b1bc31c5d6dae9fbf2ef37020747432a41e5423ccbac6,08/29/2025 11:12:00 PM,2,DRIVER,,2039975,,VOLKSWAGEN,OTHER (EXPLAIN IN NARRATIVE),IL,2022,NONE,PASSENGER,PERSONAL,N,STRAIGHT AHEAD,Y,,1,,PERSONAL TOW,,,Y,,,,Y,Y,Y,,,,Y,Y,,TOTAL (ALL AREAS),,,,,,,,,,,,,,,,,,,,,,,,,,,,,,,,,
2139987,64297ed44bacbd1d8e5a4168111ad95c90fdfa0bebcc626015e9d490e90a4c830e8257330558ba17346b1bc31c5d6dae9fbf2ef37020747432a41e5423ccbac6,08/29/2025 11:12:00 PM,3,DRIVER,,2039977,,HONDA,OTHER (EXPLAIN IN NARRATIVE),MI,2010,NONE,PASSENGER,PERSONAL,N,STRAIGHT AHEAD,,,1,,,,,,,,,Y,Y,Y,,,,,,,REAR,,,,,,,,,,,,,,,,,,,,,,,,,,,,,,,,,
2140268,62da80f8a2c76ce72f656f11a63678e8c2f6020c7bf11b21f4dbaaedaa2c57a4cdf0a03bbf85cfc3bafc9df5958d48cd0bdfb980caf56f3982a0a50bc91ca363,08/29/2025 11:10:00 PM,1,DRIVER,,2040245,,HYUNDAI,ELANTRA,IL,2010,UNKNOWN,PASSENGER,PERSONAL,NW,TURNING LEFT,,,1,,,,,,,,,Y,,,,,,,,,SIDE-RIGHT-REAR,,,,,,,,,,,,,,,,,,,,,,,,,,,,,,,,,
2140269,62da80f8a2c76ce72f656f11a63678e8c2f6020c7bf11b21f4dbaaedaa2c57a4cdf0a03bbf85cfc3bafc9df5958d48cd0bdfb980caf56f3982a0a50bc91ca363,08/29/2025 11:10:00 PM,2,DRIVER,,2040258,,HONDA,OTHER (EXPLAIN IN NARRATIVE),IL,2006,NONE,MOTORCYCLE (OVER 150CC),PERSONAL,SE,STRAIGHT AHEAD,Y,,1,,PRIVATE COMPANY,HOME,,Y,,,,,,,,,,Y,Y,,FRONT,,,,,,,,,,,,,,,,,,,,,,,,,,,,,,,,,
2139996,18f4ca82137ac9d791baed60a038b87d017ca924f1489307ec0e79b8853e8a135d1fc07020b3708ef213df89400dd42fce9e7b80d5f6e5a4e5508200c4c93b1e,08/29/2025 11:08:00 PM,1,DRIVER,,2039983,,NISSAN,MURANO,IL,2013,UNKNOWN,PASSENGER,PERSONAL,E,STRAIGHT AHEAD,,,1,,,,,Y,,,,,,,,,,Y,Y,,FRONT,,,,,,,,,,,,,,,,,,,,,,,,,,,,,,,,,
2139997,18f4ca82137ac9d791baed60a038b87d017ca924f1489307ec0e79b8853e8a135d1fc07020b3708ef213df89400dd42fce9e7b80d5f6e5a4e5508200c4c93b1e,08/29/2025 11:08:00 PM,2,DRIVER,,2039990,,TOYOTA,RAV4,IL,2010,UNKNOWN,PASSENGER,PERSONAL,W,STRAIGHT AHEAD,,,1,,,,,Y,,,,,,,,,,Y,Y,,FRONT,,,,,,,,,,,,,,,,,,,,,,,,,,,,,,,,,
2139968,3a4c6ad0d81ab166705c5fa657ec66ef0ebdc8c4ce63c3cfccadc7d11bba2ba5a7a8dac9d8fa67a34ff2c63af58c70a882b87590ba30c1a8cdc0c82298db0a2e,08/29/2025 11:03:00 PM,1,DRIVERLESS,,2039958,,KIA,SPORTAGE,IL,2019,UNKNOWN,PASSENGER,PERSONAL,W,UNKNOWN/NA,Y,,0,,POUND #6,701 N SACRAMENTO,,,,,,,,,,,,,,,TOTAL (ALL AREAS),,,,,,,,,,,,,,,,,,,,,,,,,,,,,,,,,
2139969,3a4c6ad0d81ab166705c5fa657ec66ef0ebdc8c4ce63c3cfccadc7d11bba2ba5a7a8dac9d8fa67a34ff2c63af58c70a882b87590ba30c1a8cdc0c82298db0a2e,08/29/2025 11:03:00 PM,2,PARKED,,2039962,,FORD,F150,IL,2003,UNKNOWN,PICKUP,PERSONAL,W,PARKED,,,0,,,,,Y,Y,Y,Y,Y,,,,,,,,,SIDE-RIGHT,,,,,,,,,,,,,,,,,,,,,,,,,,,,,,,,,
2140258,d38d4dc9a14a51acf9cd3d09978ab0b28f403221afb2d5ad6eff93bd9aecea0efd22c227665274fc9dfdca0f6054da411db79381c7d51d2e119d1d1eddc4e8a5,08/29/2025 11:00:00 PM,1,DRIVER,,2040239,,HONDA,MOTORCYCLE,IL,2006,UNKNOWN,MOTORCYCLE (OVER 150CC),UNKNOWN/NA,N,STRAIGHT AHEAD,,,1,,,,,Y,,,,,,,,,,Y,Y,,FRONT,,,,,,,,,,,,,,,,,,,,,,,,,,,,,,,,,
2140259,d38d4dc9a14a51acf9cd3d09978ab0b28f403221afb2d5ad6eff93bd9aecea0efd22c227665274fc9dfdca0f6054da411db79381c7d51d2e119d1d1eddc4e8a5,08/29/2025 11:00:00 PM,2,DRIVER,,2040248,,HYUNDAI,ELANTRA,IL,2010,UNKNOWN,PASSENGER,UNKNOWN/NA,N,TURNING LEFT,,,1,,,,,,,,Y,Y,Y,,,,,,,,REAR-RIGHT-CORNER,,,,,,,,,,,,,,,,,,,,,,,,,,,,,,,,,
2139976,52f572e4bf7204b2f122c972a99fb14e00fd74e53c0dbc0fd0ad78433fee64d71d85773416117d045de14105f0e7d91ec45f5d5c935494e798ba02126cbfbf95,08/29/2025 10:48:00 PM,1,DRIVER,,2039966,,CHEVROLET,TRAX,IL,2018,UNKNOWN,SPORT UTILITY VEHICLE (SUV),PERSONAL,W,TURNING RIGHT,Y,,1,,CITY OF CHICAGO,POUND 6,,,,,,,,,,,,Y,,,FRONT-LEFT-CORNER,,,,,,,,,,,,,,,,,,,,,,,,,,,,,,,,,
2139977,52f572e4bf7204b2f122c972a99fb14e00fd74e53c0dbc0fd0ad78433fee64d71d85773416117d045de14105f0e7d91ec45f5d5c935494e798ba02126cbfbf95,08/29/2025 10:48:00 PM,2,DRIVER,1,2039969,,GENERAL MOTORS CORPORATION (GMC),SIERRA,IL,2009,UNKNOWN,PICKUP,PERSONAL,E,SLOW/STOP IN TRAFFIC,,,2,,,,,,,,,,,,Y,Y,,,,,SIDE-LEFT,,,,,,,,,,,,,,,,,,,,,,,,,,,,,,,,,
2139964,56b5526fb74220a983b33e158065a19d6f948035cd5c24aa7c589cae0690e8dc59e7130657a67901ca84699a01178c64bf563dde42463767f6b93eaf6ead1be0,08/29/2025 10:40:00 PM,1,DRIVER,,2039943,,HONDA,OTHER (EXPLAIN IN NARRATIVE),IL,2011,UNKNOWN,SPORT UTILITY VEHICLE (SUV),UNKNOWN/NA,N,STRAIGHT AHEAD,,,1,,,,,,,,,,,,,,,,,,FRONT,,,,,,,,,,,,,,,,,,,,,,,,,,,,,,,,,
2139965,56b5526fb74220a983b33e158065a19d6f948035cd5c24aa7c589cae0690e8dc59e7130657a67901ca84699a01178c64bf563dde42463767f6b93eaf6ead1be0,08/29/2025 10:40:00 PM,2,DRIVER,,2039947,,CHRYSLER,PACIFICA,CA,2021,UNKNOWN,SPORT UTILITY VEHICLE (SUV),PERSONAL,N,STRAIGHT AHEAD,,,1,,,,,,,,,,,,,,,,,,REAR,,,,,,,,,,,,,,,,,,,,,,,,,,,,,,,,,
2139951,16716d107ba38debca9ce9c2e6b3b6869a0c650c2b9f2f27432720dc2b0dbfd2f9f0dd5009d18ba3f5bd5aceff6a1d623ed9bff1e0952a8dea8b434eb2c20eab,08/29/2025 10:30:00 PM,1,DRIVER,,2039951,,HONDA,CIVIC,IL,2006,UNKNOWN,PASSENGER,PERSONAL,S,PASSING/OVERTAKING,,,1,,,,,Y,,,,,,,,,,,,,FRONT-RIGHT-CORNER,,,,,,,,,,,,,,,,,,,,,,,,,,,,,,,,,
2139952,16716d107ba38debca9ce9c2e6b3b6869a0c650c2b9f2f27432720dc2b0dbfd2f9f0dd5009d18ba3f5bd5aceff6a1d623ed9bff1e0952a8dea8b434eb2c20eab,08/29/2025 10:30:00 PM,2,DRIVER,,2039957,,TOYOTA,RAV4,IL,2015,UNKNOWN,PASSENGER,PERSONAL,N,TURNING LEFT,,,1,,,,,,,,,,,,,,,Y,,,FRONT-LEFT-CORNER,,,,,,,,,,,,,,,,,,,,,,,,,,,,,,,,,
2140103,425144045fe5cca2b86a34055710e56d0e5c20e5d54e5bd681f7bc85668099f2c3b28510445cfcddc06c160ef29d84d94e566cfd13e22505b4d67961d14e4c9f,08/29/2025 10:30:00 PM,1,DRIVER,,2040085,,UNKNOWN,OTHER (EXPLAIN IN NARRATIVE),IL,,UNKNOWN,UNKNOWN/NA,PERSONAL,N,STRAIGHT AHEAD,,,1,,,,,,,,,,,,,,,,,Y,SIDE-LEFT,,,,,,,,,,,,,,,,,,,,,,,,,,,,,,,,,
2140104,425144045fe5cca2b86a34055710e56d0e5c20e5d54e5bd681f7bc85668099f2c3b28510445cfcddc06c160ef29d84d94e566cfd13e22505b4d67961d14e4c9f,08/29/2025 10:30:00 PM,2,DRIVER,1,2040091,,DODGE,DURANGO,IL,2016,NONE,PASSENGER,PERSONAL,S,STRAIGHT AHEAD,,,2,,,,,,,,,,,Y,Y,Y,Y,Y,N,,SIDE-LEFT,,,,,,,,,,,,,,,,,,,,,,,,,,,,,,,,,
2139970,5fac578f2546bbfdda6ba03f9f14fb62bacf62f1ca8ddc6c04138e66b2dbb8991603c885bd2d7cf36452f803d80daca6d00529363e697c725b55531308c79731,08/29/2025 10:30:00 PM,1,DRIVER,,2039964,,NISSAN,OTHER (EXPLAIN IN NARRATIVE),IL,2017,NONE,PASSENGER,PERSONAL,S,CHANGING LANES,,,1,,,,,Y,,,,,,,,,,,,,FRONT-RIGHT-CORNER,,,,,,,,,,,,,,,,,,,,,,,,,,,,,,,,,
2139971,5fac578f2546bbfdda6ba03f9f14fb62bacf62f1ca8ddc6c04138e66b2dbb8991603c885bd2d7cf36452f803d80daca6d00529363e697c725b55531308c79731,08/29/2025 10:30:00 PM,2,DRIVER,2,2039967,,MAZDA,CX-9,IL,2016,NONE,PASSENGER,PERSONAL,S,STRAIGHT AHEAD,,,3,,,,,,,,,,,,,Y,Y,,,,SIDE-LEFT,,,,,,,,,,,,,,,,,,,,,,,,,,,,,,,,,
2139949,7f66abc52c458388a4caef6b7953ccf96bd48d44f9b440fb14f21560483bdce0dd25dec3ad682589dd469b8e4bbdddaad7a79b4934f9a6b412206c016a01b503,08/29/2025 10:30:00 PM,1,DRIVER,,2039938,,TOYOTA,CAMRY,IL,2017,UNKNOWN,PASSENGER,PERSONAL,S,ENTERING TRAFFIC LANE FROM PARKING,,,1,,,,,,,,,,,,Y,,,,,,SIDE-LEFT-REAR,,,,,,,,,,,,,,,,,,,,,,,,,,,,,,,,,
2139950,7f66abc52c458388a4caef6b7953ccf96bd48d44f9b440fb14f21560483bdce0dd25dec3ad682589dd469b8e4bbdddaad7a79b4934f9a6b412206c016a01b503,08/29/2025 10:30:00 PM,2,DRIVER,,2039940,,MAZDA,MAZDA6,IL,2016,UNKNOWN,UNKNOWN/NA,PERSONAL,SW,STRAIGHT AHEAD,,,1,,,,,,,,,,,,,,,,Y,,FRONT,,,,,,,,,,,,,,,,,,,,,,,,,,,,,,,,,
2140272,c83c75c70ed16dc7f59adb81b5e075e770a02e6e0a13956c272d12f509441812e5097ecd4795146149e40ed5c1313558d599cbc96d539b6cb8e5adf5c01476d0,08/29/2025 10:30:00 PM,1,DRIVER,,2040257,,HONDA,HR-V,IL,2019,UNKNOWN,PASSENGER,PERSONAL,E,STRAIGHT AHEAD,,,1,,,,,,,,,,,,,,,,Y,,FRONT,,,,,,,,,,,,,,,,,,,,,,,,,,,,,,,,,
2140273,c83c75c70ed16dc7f59adb81b5e075e770a02e6e0a13956c272d12f509441812e5097ecd4795146149e40ed5c1313558d599cbc96d539b6cb8e5adf5c01476d0,08/29/2025 10:30:00 PM,2,DRIVER,,2040263,,HINO,OTHER (EXPLAIN IN NARRATIVE),IL,2019,UNKNOWN,OTHER,TOW TRUCK,E,STRAIGHT AHEAD,,,1,,,,,,,,,,Y,,,,,,,,REAR,,,,,,,,,,,,,,,,,,,,,,,,,,,,,,,,,
2139992,bdc4fddfcf25a7471d735086f795410d6fd10073987708980496cf68fa2d2bd43d080007235f0a8f6e79d5d2cb77e2540f50aea36f6bcec1f380683d1d444b99,08/29/2025 10:15:00 PM,1,DRIVER,,2039997,,LINCOLN,NAVIGATOR,IL,2016,UNKNOWN,SPORT UTILITY VEHICLE (SUV),UNKNOWN/NA,W,STRAIGHT AHEAD,,,1,,,,,,,,,,,,,,,,,Y,UNKNOWN,,,,,,,,,,,,,,,,,,,,,,,,,,,,,,,,,
2139993,bdc4fddfcf25a7471d735086f795410d6fd10073987708980496cf68fa2d2bd43d080007235f0a8f6e79d5d2cb77e2540f50aea36f6bcec1f380683d1d444b99,08/29/2025 10:15:00 PM,2,DRIVER,,2040001,,LEXUS,ES300,IL,2015,UNKNOWN,PASSENGER,UNKNOWN/NA,W,STRAIGHT AHEAD,,,1,,,,,,,,,,,Y,Y,Y,,,,,TOTAL (ALL AREAS),,,,,,,,,,,,,,,,,,,,,,,,,,,,,,,,,
2139982,1992afbd5d6f502ef47893bcaade69ec82327e9c49b6155e4aab7249ead061a7b4fc0a820a8e476eaebd2b44b63e1ceabc5cd9868202d4967824464852041caa,08/29/2025 10:11:00 PM,1,DRIVER,,2039986,,AUDI,R8,IL,2011,NONE,PASSENGER,PERSONAL,N,STRAIGHT AHEAD,Y,,1,,City of chicago,pound 6,,,,,,,,Y,Y,,Y,Y,,,SIDE-LEFT,,,,,,,,,,,,,,,,,,,,,,,,,,,,,,,,,
2139983,1992afbd5d6f502ef47893bcaade69ec82327e9c49b6155e4aab7249ead061a7b4fc0a820a8e476eaebd2b44b63e1ceabc5cd9868202d4967824464852041caa,08/29/2025 10:11:00 PM,2,DRIVER,,2039992,,FORD,MUSTANG,IL,2017,NONE,PASSENGER,PERSONAL,N,STRAIGHT AHEAD,Y,,1,,City of chicago,pound 6,,,,,,,,,,,,,,,REAR-LEFT-CORNER,,,,,,,,,,,,,,,,,,,,,,,,,,,,,,,,,
2139984,1992afbd5d6f502ef47893bcaade69ec82327e9c49b6155e4aab7249ead061a7b4fc0a820a8e476eaebd2b44b63e1ceabc5cd9868202d4967824464852041caa,08/29/2025 10:11:00 PM,3,DRIVER,,2039996,,FORD,EDGE,IL,2014,NONE,PASSENGER,PERSONAL,N,STRAIGHT AHEAD,,,1,,,,,Y,Y,Y,,,,,,,Y,Y,Y,,FRONT-LEFT-CORNER,,,,,,,,,,,,,,,,,,,,,,,,,,,,,,,,,