CRASH_UNIT_ID,CRASH_RECORD_ID,CRASH_DATE,UNIT_NO,UNIT_TYPE,NUM_PASSENGERS,VEHICLE_ID,CMRC_VEH_I,MAKE,MODEL,LIC_PLATE_STATE,VEHICLE_YEAR,VEHICLE_DEFECT,VEHICLE_TYPE,VEHICLE_USE,TRAVEL_DIRECTION,MANEUVER,TOWED_I,FIRE_I,OCCUPANT_CNT,EXCEED_SPEED_LIMIT_I,TOWED_BY,TOWED_TO,AREA_00_I,AREA_01_I,AREA_02_I,AREA_03_I,AREA_04_I,AREA_05_I,AREA_06_I,AREA_07_I,AREA_08_I,AREA_09_I,AREA_10_I,AREA_11_I,AREA_12_I,AREA_99_I,FIRST_CONTACT_POINT,CMV_ID,USDOT_NO,CCMC_NO,ILCC_NO,COMMERCIAL_SRC,GVWR,CARRIER_NAME,CARRIER_STATE,CARRIER_CITY,HAZMAT_PLACARDS_I,HAZMAT_NAME,UN_NO,HAZMAT_PRESENT_I,HAZMAT_REPORT_I,HAZMAT_REPORT_NO,MCS_REPORT_I,MCS_REPORT_NO,HAZMAT_VIO_CAUSE_CRASH_I,MCS_VIO_CAUSE_CRASH_I,IDOT_PERMIT_NO,WIDE_LOAD_I,TRAILER1_WIDTH,TRAILER2_WIDTH,TRAILER1_LENGTH,TRAILER2_LENGTH,TOTAL_VEHICLE_LENGTH,AXLE_CNT,VEHICLE_CONFIG,CARGO_BODY_TYPE,LOAD_TYPE,HAZMAT_OUT_OF_SERVICE_I,MCS_OUT_OF_SERVICE_I,HAZMAT_CLASS
2140016,1992afbd5d6f502ef47893bcaade69ec82327e9c49b6155e4aab7249ead061a7b4fc0a820a8e476eaebd2b44b63e1ceabc5cd9868202d4967824464852041caa,08/29/2025 10:11:00 PM,4,DRIVER,1,2040002,,TOYOTA,AVALON,IL,2015,NONE,PASSENGER,RIDESHARE SERVICE,N,STRAIGHT AHEAD,,,2,,,,,Y,Y,Y,,Y,,,,Y,Y,Y,,,FRONT-LEFT-CORNER,,,,,,,,,,,,,,,,,,,,,,,,,,,,,,,,,
2140063,a9370b721a98c75c899a1f5295da5fe7a62b83970013b4d818b9ae03749f7d47c11722002f3e559600bd0314426bccf1a51bfeb71527131c6796ed42c9a0c159,08/29/2025 10:10:00 PM,1,DRIVER,,2040047,,UNKNOWN,OTHER (EXPLAIN IN NARRATIVE),IL,,SUSPENSION,UNKNOWN/NA,UNKNOWN/NA,NE,UNKNOWN/NA,,,1,,,,,,,,,,,,,,,,,,UNKNOWN,,,,,,,,,,,,,,,,,,,,,,,,,,,,,,,,,
2140064,a9370b721a98c75c899a1f5295da5fe7a62b83970013b4d818b9ae03749f7d47c11722002f3e559600bd0314426bccf1a51bfeb71527131c6796ed42c9a0c159,08/29/2025 10:10:00 PM,2,PEDESTRIAN,,,,,,,,,,,,,,,,,,,,,,,,,,,,,,,,,,,,,,,,,,,,,,,,,,,,,,,,,,,,,,,,,,
2140231,b8582d88a06d2a54eb07ec72841f35f41688a66cb58365169b2847d2705e7505b3e5f1d8a0fd83512fb6d1e8a52c6eacf573a5d2907b7f6519ebf7d72ea7e88c,08/29/2025 09:58:00 PM,2,PARKED,,2040213,,NISSAN,ALTIMA,IL,2016,NONE,PASSENGER,NOT IN USE,S,PARKED,,,0,,,,,,,,,,,,,,,Y,,,FRONT-LEFT-CORNER,,,,,,,,,,,,,,,,,,,,,,,,,,,,,,,,,
2140232,b8582d88a06d2a54eb07ec72841f35f41688a66cb58365169b2847d2705e7505b3e5f1d8a0fd83512fb6d1e8a52c6eacf573a5d2907b7f6519ebf7d72ea7e88c,08/29/2025 09:58:00 PM,1,DRIVER,,2040217,,TOYOTA,CAMRY,IL,2006,NONE,PASSENGER,PERSONAL,S,PASSING/OVERTAKING,,,1,,,,,,Y,Y,Y,,,,,,,,,,SIDE-RIGHT,,,,,,,,,,,,,,,,,,,,,,,,,,,,,,,,,
2139961,34530ca279e0e6dea885bb6940a699f39ae6404c00f0e374c5116a6f6c57b3b798894eaca4ee0355c15534a543131bde79e5a8b8adb36cb99b5e1df92113785e,08/29/2025 09:55:00 PM,1,PARKED,2,2039942,,TESLA,MODEL 3,MD,2019,UNKNOWN,PASSENGER,RIDESHARE SERVICE,W,PARKED IN TRAFFIC LANE,,,2,,,,Y,,,,,,,,,,,,,,NONE,,,,,,,,,,,,,,,,,,,,,,,,,,,,,,,,,
2139962,34530ca279e0e6dea885bb6940a699f39ae6404c00f0e374c5116a6f6c57b3b798894eaca4ee0355c15534a543131bde79e5a8b8adb36cb99b5e1df92113785e,08/29/2025 09:55:00 PM,2,BICYCLE,,,,,,,,,,,,,,,,,,,,,,,,,,,,,,,,,,,,,,,,,,,,,,,,,,,,,,,,,,,,,,,,,,
2139963,34530ca279e0e6dea885bb6940a699f39ae6404c00f0e374c5116a6f6c57b3b798894eaca4ee0355c15534a543131bde79e5a8b8adb36cb99b5e1df92113785e,08/29/2025 09:55:00 PM,3,PARKED,,2039961,,PORSCHE,MACAN,IL,2023,UNKNOWN,PASSENGER,PERSONAL,N,PARKED,,,0,,,,,,,,,,,Y,,,,,,,REAR-LEFT-CORNER,,,,,,,,,,,,,,,,,,,,,,,,,,,,,,,,,
2139988,f4d86af9aba731a01e5846618ea252d84f5dc8d08858b7d90ce51dc1e4e30d3af4501e98ad36350027cc87e5117e60ec44d94bebda9197ad40a12516c332894e,08/29/2025 09:47:00 PM,1,DRIVER,,2039978,,CHEVROLET,OTHER (EXPLAIN IN NARRATIVE),IL,2025,UNKNOWN,PASSENGER,UNKNOWN/NA,N,TURNING LEFT,,,1,,,,,Y,Y,,,,,,,,,,,,FRONT-RIGHT-CORNER,,,,,,,,,,,,,,,,,,,,,,,,,,,,,,,,,
2139989,f4d86af9aba731a01e5846618ea252d84f5dc8d08858b7d90ce51dc1e4e30d3af4501e98ad36350027cc87e5117e60ec44d94bebda9197ad40a12516c332894e,08/29/2025 09:47:00 PM,2,DRIVER,1,2039985,,CHEVROLET,IMPALA,IL,2019,NONE,PASSENGER,PERSONAL,W,STRAIGHT AHEAD,Y,,2,,PRIVATE,,,Y,Y,,,,,,,,,,Y,,FRONT-RIGHT-CORNER,,,,,,,,,,,,,,,,,,,,,,,,,,,,,,,,,
2139966,b69ce6791c7e2969875237ca4425572b8040b521523f13083101f240bf9bd930292392be585cfd4357455fdd35b2753307e889f18826a94f6add3e366673acc8,08/29/2025 09:40:00 PM,1,DRIVER,,2039945,,UNKNOWN,ENCLOSED BODY,,,UNKNOWN,PASSENGER,UNKNOWN/NA,N,UNKNOWN/NA,,,1,,,,,,,,,,,,,,,,,Y,UNKNOWN,,,,,,,,,,,,,,,,,,,,,,,,,,,,,,,,,
2139967,b69ce6791c7e2969875237ca4425572b8040b521523f13083101f240bf9bd930292392be585cfd4357455fdd35b2753307e889f18826a94f6add3e366673acc8,08/29/2025 09:40:00 PM,2,PARKED,,2039948,,JEEP,GRAND CHEROKEE,IL,2014,NONE,PASSENGER,PERSONAL,N,PARKED,,,0,,,,,,Y,Y,,,,,,,,,,,NONE,,,,,,,,,,,,,,,,,,,,,,,,,,,,,,,,,
2140220,775852dbb29d9927d3cb9b77f8de02bdcff4a66402fb8056db5bbf7c73f66798f49109e708ddd38126f1ecfc06cee333bde8150f5318840a1a1ae2f604089c93,08/29/2025 09:33:00 PM,1,DRIVER,,2040204,,BMW,X3,IL,2021,UNKNOWN,PASSENGER,PERSONAL,E,STRAIGHT AHEAD,,,1,,,,,Y,,,,,,,,,,Y,Y,,FRONT,,,,,,,,,,,,,,,,,,,,,,,,,,,,,,,,,
2140221,775852dbb29d9927d3cb9b77f8de02bdcff4a66402fb8056db5bbf7c73f66798f49109e708ddd38126f1ecfc06cee333bde8150f5318840a1a1ae2f604089c93,08/29/2025 09:33:00 PM,2,DRIVER,,2040206,,HONDA,CR-V,IL,2013,NONE,PASSENGER,PERSONAL,E,STRAIGHT AHEAD,,,1,,,,,,,,,Y,Y,Y,,,,,,,REAR,,,,,,,,,,,,,,,,,,,,,,,,,,,,,,,,,
2139935,08e526168e6cee12f49f73f6c88cafe1bb488a2ac6cee5d5098350713e2dcdd06633a2507f6ef8e5da01d3bc19925f47839b6cf11308e8bbdb39985fc491e340,08/29/2025 09:32:00 PM,1,DRIVER,,2039928,,BMW,X3,IL,2022,UNKNOWN,PASSENGER,PERSONAL,E,U-TURN,,,1,,,,,,,,,,,Y,Y,Y,,,,,SIDE-LEFT,,,,,,,,,,,,,,,,,,,,,,,,,,,,,,,,,
2139936,08e526168e6cee12f49f73f6c88cafe1bb488a2ac6cee5d5098350713e2dcdd06633a2507f6ef8e5da01d3bc19925f47839b6cf11308e8bbdb39985fc491e340,08/29/2025 09:32:00 PM,2,DRIVER,,2039930,,TOYOTA,C-HR,IL,2018,UNKNOWN,PASSENGER,PERSONAL,W,STRAIGHT AHEAD,,,1,,,,,Y,Y,Y,,,,,,,,,,,SIDE-RIGHT,,,,,,,,,,,,,,,,,,,,,,,,,,,,,,,,,
2140316,666d09511a04c60a314838f882c21826f71ed9c56bca1434de666c48e32d3138552dc98a582a7e30e751423ece5f39ac37c7f9af61ac8564f3e8f48deae9ee7a,08/29/2025 09:30:00 PM,1,DRIVER,,2040295,,CHEVROLET,SUBURBAN,IL,1996,UNKNOWN,SPORT UTILITY VEHICLE (SUV),PERSONAL,S,STRAIGHT AHEAD,,,1,,,,,,,,,,,,,,,,Y,,FRONT,,,,,,,,,,,,,,,,,,,,,,,,,,,,,,,,,
2140317,666d09511a04c60a314838f882c21826f71ed9c56bca1434de666c48e32d3138552dc98a582a7e30e751423ece5f39ac37c7f9af61ac8564f3e8f48deae9ee7a,08/29/2025 09:30:00 PM,2,DRIVER,,2040299,,HONDA,ACCORD,WI,2024,UNKNOWN,PASSENGER,PERSONAL,S,STRAIGHT AHEAD,,,1,,,,,,,,,,Y,,,,,,,,REAR,,,,,,,,,,,,,,,,,,,,,,,,,,,,,,,,,
2139931,cf2d1cb034562df5ed41a60de24fbfa3023217743aedf15fbd38ddb8964623ce5e70832b6a7c2ada6bc10ffe95b8fe4894b5311eee62d5065d8e28404d6a87f7,08/29/2025 09:30:00 PM,1,DRIVER,,2039926,,FORD,OTHER (EXPLAIN IN NARRATIVE),,2020,NONE,SPORT UTILITY VEHICLE (SUV),PERSONAL,E,STRAIGHT AHEAD,,,1,,,,,,,,,,,,,,,,,Y,FRONT,,,,,,,,,,,,,,,,,,,,,,,,,,,,,,,,,
2139932,cf2d1cb034562df5ed41a60de24fbfa3023217743aedf15fbd38ddb8964623ce5e70832b6a7c2ada6bc10ffe95b8fe4894b5311eee62d5065d8e28404d6a87f7,08/29/2025 09:30:00 PM,2,DRIVER,,2039922,,TOYOTA,TACOMA,IL,2015,NONE,PICKUP,PERSONAL,E,STRAIGHT AHEAD,,,1,,,,,,,,,Y,,,,,,,,,REAR-RIGHT-CORNER,,,,,,,,,,,,,,,,,,,,,,,,,,,,,,,,,
2140006,89efc4b601cda2e278fd308665f385efa86f1e9a3c0891400f17916caefe4492028c93ea1bc09bd96e3a90216b6265dff476dc5d1fe978ecfdec49cf746f9880,08/29/2025 09:15:00 PM,1,DRIVER,,2039994,,AUDI,Q8,IL,2021,NONE,PASSENGER,PERSONAL,E,PASSING/OVERTAKING,Y,,1,,,,,Y,Y,,Y,Y,,,,,,,,,FRONT-RIGHT-CORNER,,,,,,,,,,,,,,,,,,,,,,,,,,,,,,,,,
2140007,89efc4b601cda2e278fd308665f385efa86f1e9a3c0891400f17916caefe4492028c93ea1bc09bd96e3a90216b6265dff476dc5d1fe978ecfdec49cf746f9880,08/29/2025 09:15:00 PM,2,DRIVER,,2039999,,DODGE,RAM 1500 PU,IL,2011,NONE,TRUCK - SINGLE UNIT,PERSONAL,E,STRAIGHT AHEAD,,,1,,,,,,,,,,,Y,Y,Y,Y,Y,,,SIDE-LEFT-REAR,,,,,,,,,,,,,,,,,,,,,,,,,,,,,,,,,
2139933,7f6865c45bdf0631553305b4c608da43c159fc188baa32d467a8ecf9c2994d32be5970b8bc1a72fe712f2e3888231399e4d1ffa5720e9dea2a7e4ecbfc7156f8,08/29/2025 09:02:00 PM,1,DRIVER,,2039925,,NISSAN,SENTRA,VA,2011,NONE,PASSENGER,PERSONAL,UNKNOWN,BACKING,,,1,,,,,,,Y,Y,,,,,,,,,,SIDE-RIGHT,,,,,,,,,,,,,,,,,,,,,,,,,,,,,,,,,
2139934,7f6865c45bdf0631553305b4c608da43c159fc188baa32d467a8ecf9c2994d32be5970b8bc1a72fe712f2e3888231399e4d1ffa5720e9dea2a7e4ecbfc7156f8,08/29/2025 09:02:00 PM,2,PARKED,,2039929,,DODGE,JOURNEY,IL,2017,NONE,PASSENGER,PERSONAL,UNKNOWN,PARKED,,,0,,,,,,,,,,,Y,,,,,,,REAR-LEFT-CORNER,,,,,,,,,,,,,,,,,,,,,,,,,,,,,,,,,
2139921,c70c910c73535346363f8f56720a9680f8d8f4d37907a01a5f8bacdfca29df1f9da5e30470b3192f7b63075c870b24311db77c277359d911a008935ea288cd65,08/29/2025 09:00:00 PM,1,DRIVER,1,2039914,,VOLKSWAGEN,PASSAT,IL,2012,UNKNOWN,PASSENGER,UNKNOWN/NA,N,BACKING,,,2,,,,,,,,,,,,,,,,,Y,REAR,,,,,,,,,,,,,,,,,,,,,,,,,,,,,,,,,
2139922,c70c910c73535346363f8f56720a9680f8d8f4d37907a01a5f8bacdfca29df1f9da5e30470b3192f7b63075c870b24311db77c277359d911a008935ea288cd65,08/29/2025 09:00:00 PM,2,DRIVER,,2039918,,HONDA,ACCORD,IL,2018,NONE,PASSENGER,PERSONAL,N,SLOW/STOP IN TRAFFIC,,,1,,,,,,,,,,,,,,,Y,Y,,FRONT,,,,,,,,,,,,,,,,,,,,,,,,,,,,,,,,,
2139953,f66e0c72a7a5b902cd5cdf574001ac8ce851dc37d42027d845ee46184800acd62e44d869246f03134b224736ad5bc020a24365323c322c46500b83fef149a55d,08/29/2025 09:00:00 PM,1,DRIVER,,2039944,,TOYOTA,HIGHLANDER,IL,2023,NONE,SPORT UTILITY VEHICLE (SUV),PERSONAL,E,STRAIGHT AHEAD,,,1,,,,,,Y,Y,Y,,,,,,,N,N,,SIDE-RIGHT,,,,,,,,,,,,,,,,,,,,,,,,,,,,,,,,,
2139954,f66e0c72a7a5b902cd5cdf574001ac8ce851dc37d42027d845ee46184800acd62e44d869246f03134b224736ad5bc020a24365323c322c46500b83fef149a55d,08/29/2025 09:00:00 PM,2,DRIVER,,2039956,,HONDA,CR-V,IL,2013,NONE,SPORT UTILITY VEHICLE (SUV),PERSONAL,E,STRAIGHT AHEAD,,,1,,,,,,,,,,,,,,,Y,Y,,FRONT-LEFT-CORNER,,,,,,,,,,,,,,,,,,,,,,,,,,,,,,,,,
2139915,6e3842acbd5a681edc21c4459cfcd8e5ed05d77b3d504f5c03d79964b3ddd93fdc9102ee6a089981a6602b761dc1ee3d658bc2513330bdb0e846f1ab67014879,08/29/2025 08:55:00 PM,1,DRIVER,,2039906,,NISSAN,ALTIMA,IL,2018,NONE,PASSENGER,PERSONAL,E,STRAIGHT AHEAD,,,1,,,,,,,,,,,,,Y,Y,Y,,,FRONT-LEFT-CORNER,,,,,,,,,,,,,,,,,,,,,,,,,,,,,,,,,
2139916,6e3842acbd5a681edc21c4459cfcd8e5ed05d77b3d504f5c03d79964b3ddd93fdc9102ee6a089981a6602b761dc1ee3d658bc2513330bdb0e846f1ab67014879,08/29/2025 08:55:00 PM,2,PARKED,,2039908,,BUICK,ENCLAVE,IL,2011,NONE,SPORT UTILITY VEHICLE (SUV),NOT IN USE,W,PARKED,,,0,,,,,,,,,,,,,Y,Y,Y,,,FRONT-LEFT-CORNER,,,,,,,,,,,,,,,,,,,,,,,,,,,,,,,,,
2140004,c10f63a2d79b4f7106b0b6c6c7c8dde12fc1e6f935ad6a3512af71a3d3faa6a0dded6bedc061d531442f4f4c8df94de581296f97c85c1ebad65abe30b8523f7b,08/29/2025 08:54:00 PM,1,DRIVER,,2039993,,DODGE,CARAVAN,IL,2006,UNKNOWN,PASSENGER,PERSONAL,N,TURNING LEFT,,,1,,,,,,,,,,,,,,,,,,FRONT-RIGHT-CORNER,,,,,,,,,,,,,,,,,,,,,,,,,,,,,,,,,
2140005,c10f63a2d79b4f7106b0b6c6c7c8dde12fc1e6f935ad6a3512af71a3d3faa6a0dded6bedc061d531442f4f4c8df94de581296f97c85c1ebad65abe30b8523f7b,08/29/2025 08:54:00 PM,2,PEDESTRIAN,,,,,,,,,,,,,,,,,,,,,,,,,,,,,,,,,,,,,,,,,,,,,,,,,,,,,,,,,,,,,,,,,,
2140010,c10f63a2d79b4f7106b0b6c6c7c8dde12fc1e6f935ad6a3512af71a3d3faa6a0dded6bedc061d531442f4f4c8df94de581296f97c85c1ebad65abe30b8523f7b,08/29/2025 08:54:00 PM,3,PEDESTRIAN,,,,,,,,,,,,,,,,,,,,,,,,,,,,,,,,,,,,,,,,,,,,,,,,,,,,,,,,,,,,,,,,,,
2139919,6d9e7ee7e8fe81a7c4b03a7d92df1007209ff6f1ce12215e34a9f59b280e9564155f6cf289271f1f0f68fd340c335750974daad75bd60b46e2e12d4602552373,08/29/2025 08:53:00 PM,1,DRIVER,,2039913,,AUDI,Q3,IL,2024,UNKNOWN,PASSENGER,PERSONAL,S,STRAIGHT AHEAD,,,1,,,,Y,Y,,,,,,,,,,,,,FRONT-RIGHT-CORNER,,,,,,,,,,,,,,,,,,,,,,,,,,,,,,,,,
2139920,6d9e7ee7e8fe81a7c4b03a7d92df1007209ff6f1ce12215e34a9f59b280e9564155f6cf289271f1f0f68fd340c335750974daad75bd60b46e2e12d4602552373,08/29/2025 08:53:00 PM,2,DRIVER,,2039916,,TOYOTA,CAMRY,IL,2015,UNKNOWN,PASSENGER,PERSONAL,S,STRAIGHT AHEAD,,,1,,,,Y,,,,,,Y,,,,,,,,REAR,,,,,,,,,,,,,,,,,,,,,,,,,,,,,,,,,
2139959,a4de0f84338bc68202bb6a05b81f1d3a88f4171550db5c3efee01d5a4ac5d5f7ec025168a6501fcc33d719076b8ccbb555e256ad62ab455284441781f8e5fb53,08/29/2025 08:49:00 PM,1,DRIVER,,2039950,,NISSAN,PATHFINDER,IL,2012,NONE,OTHER,PERSONAL,N,STRAIGHT AHEAD,Y,,1,,CITY OF CHICAGO,POUND 6,,,,,,,,,,,,,,,SIDE-LEFT,,,,,,,,,,,,,,,,,,,,,,,,,,,,,,,,,
2139960,a4de0f84338bc68202bb6a05b81f1d3a88f4171550db5c3efee01d5a4ac5d5f7ec025168a6501fcc33d719076b8ccbb555e256ad62ab455284441781f8e5fb53,08/29/2025 08:49:00 PM,2,DRIVER,,2039955,,JEEP,WRANGLER,IL,2023,NONE,SPORT UTILITY VEHICLE (SUV),PERSONAL,S,TURNING LEFT,,,1,,,,,,,,,,,,,,,,,,FRONT,,,,,,,,,,,,,,,,,,,,,,,,,,,,,,,,,
2139939,53d96576b8b9f37ff7e50cf51b5622f8be40b54b709a9b4ae9c05c2a9a68d0ec25534958a5c6a908f38e036ac34c94e22fe5095517fa39917593699ea46a2fd0,08/29/2025 08:40:00 PM,1,DRIVER,,2039954,,MAZDA,MAZDA3,IL,2015,NONE,PASSENGER,PERSONAL,N,CHANGING LANES,,,1,,,,,,,,,,,,Y,Y,Y,,,,SIDE-LEFT,,,,,,,,,,,,,,,,,,,,,,,,,,,,,,,,,
2139940,53d96576b8b9f37ff7e50cf51b5622f8be40b54b709a9b4ae9c05c2a9a68d0ec25534958a5c6a908f38e036ac34c94e22fe5095517fa39917593699ea46a2fd0,08/29/2025 08:40:00 PM,2,DRIVER,,2039936,,RAMBLER,OTHER (EXPLAIN IN NARRATIVE),IL,2024,NONE,PICKUP,PERSONAL,N,STRAIGHT AHEAD,,,1,,,,,Y,Y,,,,,,,,,,,,SIDE-RIGHT-FRONT,,,,,,,,,,,,,,,,,,,,,,,,,,,,,,,,,
2140000,dc4effb80045132419bf927335216d606b5bedb2351ca06f66152bfa7ddf2db03ef2c2ea6c203eb640d72a95031cf548ad53d34964f04ed544149c2c423b213f,08/29/2025 08:40:00 PM,1,DRIVER,1,2039984,,NISSAN,ALTIMA,IL,2016,NONE,PASSENGER,PERSONAL,N,STRAIGHT AHEAD,,,2,,,,,Y,,,,,,,,,,N,Y,,FRONT,,,,,,,,,,,,,,,,,,,,,,,,,,,,,,,,,
2140001,dc4effb80045132419bf927335216d606b5bedb2351ca06f66152bfa7ddf2db03ef2c2ea6c203eb640d72a95031cf548ad53d34964f04ed544149c2c423b213f,08/29/2025 08:40:00 PM,2,DRIVER,,2039991,,DODGE,CHARGER,IL,2011,NONE,PASSENGER,PERSONAL,N,STRAIGHT AHEAD,,,1,,,,,,,,,Y,Y,Y,,,,,,,REAR,,,,,,,,,,,,,,,,,,,,,,,,,,,,,,,,,
2139900,6fd95b4ca9497fa7039c9ff623edfabd5ff15a7259993b17bf75430a63f7cc74fc37ff834ee344bdb6400c5991d04ce6d52c2f6a5cb373ad655b1407e4110757,08/29/2025 08:07:00 PM,1,PEDESTRIAN,,,,,,,,,,,,,,,,,,,,,,,,,,,,,,,,,,,,,,,,,,,,,,,,,,,,,,,,,,,,,,,,,,
2139903,6fd95b4ca9497fa7039c9ff623edfabd5ff15a7259993b17bf75430a63f7cc74fc37ff834ee344bdb6400c5991d04ce6d52c2f6a5cb373ad655b1407e4110757,08/29/2025 08:07:00 PM,2,DRIVER,,2039900,,FORD,EDGE,IL,2009,UNKNOWN,SPORT UTILITY VEHICLE (SUV),PERSONAL,S,STRAIGHT AHEAD,,,1,,,,,,,,,,,,,,Y,Y,,Y,FRONT-LEFT-CORNER,,,,,,,,,,,,,,,,,,,,,,,,,,,,,,,,,
2139925,dfb5be55b915207b4446e9c53123ca0dba53bf7da37a7fc724d719aaf6fe9a4c2c6b4769f1f429b5826119c023bd7a3e398380b5834a68ec118027227874a598,08/29/2025 07:55:00 PM,1,DRIVER,,2039919,,LINCOLN,MKX,IL,2016,NONE,PASSENGER,PERSONAL,NE,TURNING LEFT,,,1,,,,,,,,,,,,,,,,Y,,FRONT,,,,,,,,,,,,,,,,,,,,,,,,,,,,,,,,,
2139926,dfb5be55b915207b4446e9c53123ca0dba53bf7da37a7fc724d719aaf6fe9a4c2c6b4769f1f429b5826119c023bd7a3e398380b5834a68ec118027227874a598,08/29/2025 07:55:00 PM,2,PEDESTRIAN,,,,,,,,,,,,,,,,,,,,,,,,,,,,,,,,,,,,,,,,,,,,,,,,,,,,,,,,,,,,,,,,,,
2139943,983433bcaeb3bdd810b9210c2000b68916e70d8727c7ae7f8db65e32a82bba9a8596f0325c1c3d19f2f70874eb595714b2e82c79629eb5014c03cb3fc69ea00a,08/29/2025 07:48:00 PM,1,DRIVER,,2039934,,JEEP,WRANGLER,IL,2016,NONE,SPORT UTILITY VEHICLE (SUV),UNKNOWN/NA,E,TURNING LEFT,,,1,,,,,,,,,,,,,,Y,Y,,,FRONT-LEFT-CORNER,,,,,,,,,,,,,,,,,,,,,,,,,,,,,,,,,
2139944,983433bcaeb3bdd810b9210c2000b68916e70d8727c7ae7f8db65e32a82bba9a8596f0325c1c3d19f2f70874eb595714b2e82c79629eb5014c03cb3fc69ea00a,08/29/2025 07:48:00 PM,2,DRIVER,,2039937,,CHEVROLET,IMPALA,MI,2012,UNKNOWN,PASSENGER,UNKNOWN/NA,W,STRAIGHT AHEAD,Y,,1,,Progressive Insurance,,,,,,,,,,,,Y,Y,,,FRONT,,,,,,,,,,,,,,,,,,,,,,,,,,,,,,,,,
2140989,48a6ca112a97264f781c3619f25dad544fb2c0d2b59753279c676cd3e483c38438d9ed687167fe982f9fb99998c0d04ff45ba483a739e412ee82b2359046bc3f,08/29/2025 07:45:00 PM,1,DRIVER,,2040939,,UNKNOWN,OTHER (EXPLAIN IN NARRATIVE),,,UNKNOWN,PASSENGER,UNKNOWN/NA,N,OTHER,,,1,,,,,,,,,,N,,,,,,,Y,REAR,,,,,,,,,,,,,,,,,,,,,,,,,,,,,,,,,
2140990,48a6ca112a97264f781c3619f25dad544fb2c0d2b59753279c676cd3e483c38438d9ed687167fe982f9fb99998c0d04ff45ba483a739e412ee82b2359046bc3f,08/29/2025 07:45:00 PM,2,PARKED,,2040950,,SUBARU,CROSSTREK,IL,2023,NONE,PASSENGER,PERSONAL,N,PARKED,,,0,,,,,,,,,,,,,,,,Y,,FRONT,,,,,,,,,,,,,,,,,,,,,,,,,,,,,,,,,
2139923,c436c18d197894751eff68a5571ec36139693ffdd61e92ee22cd5aa56665f28327b230efc5b67fd25e7d2af5b3f5b96fe84de9e998150cb0406022a10ebcd91c,08/29/2025 07:39:00 PM,1,DRIVER,,2039917,,CHEVROLET,EQUINOX,IL,2012,NONE,PASSENGER,PERSONAL,S,PASSING/OVERTAKING,,,1,,,,,,,,,Y,,,,,,,,Y,SIDE-RIGHT-REAR,,,,,,,,,,,,,,,,,,,,,,,,,,,,,,,,,
2139924,c436c18d197894751eff68a5571ec36139693ffdd61e92ee22cd5aa56665f28327b230efc5b67fd25e7d2af5b3f5b96fe84de9e998150cb0406022a10ebcd91c,08/29/2025 07:39:00 PM,2,DRIVER,1,2039923,,HONDA,CR-V,IL,2013,NONE,PASSENGER,PERSONAL,S,STRAIGHT AHEAD,,,2,,,,,,,,,,,,,,N,Y,,Y,FRONT-LEFT-CORNER,,,,,,,,,,,,,,,,,,,,,,,,,,,,,,,,,
2140137,c301727313b2bd1b30a71c10fd1dad61a9d2f95cc120db7b0fcd8e4d97541bea5c7795d36f0b3c14d81550f010a47179eb6f0c29bc3735ab356bb77f80c43761,08/29/2025 07:37:00 PM,1,DRIVER,,2040121,,LEXUS,CT200H,IL,2011,UNKNOWN,PASSENGER,PERSONAL,W,STRAIGHT AHEAD,,,1,,,,,Y,Y,Y,Y,Y,,,,,,,Y,,SIDE-RIGHT-FRONT,,,,,,,,,,,,,,,,,,,,,,,,,,,,,,,,,
2140138,c301727313b2bd1b30a71c10fd1dad61a9d2f95cc120db7b0fcd8e4d97541bea5c7795d36f0b3c14d81550f010a47179eb6f0c29bc3735ab356bb77f80c43761,08/29/2025 07:37:00 PM,2,PARKED,,2040128,,TESLA,MODEL Y,IL,2024,NONE,PASSENGER,PERSONAL,W,PARKED,,,0,,,,,,,,,,,Y,Y,Y,Y,Y,,,SIDE-LEFT,,,,,,,,,,,,,,,,,,,,,,,,,,,,,,,,,
2139909,8c3d39000c6accd7feffbd850e4ba261854ef57dc93f6e20d755e8ba1d500b2a0faecdfffe9bebe3f6acc40c86053003122e8f42b84a61895e7d526e3519b2ef,08/29/2025 07:25:00 PM,1,DRIVER,3,2039905,,HONDA,CIVIC,IL,2013,NONE,PASSENGER,PERSONAL,S,TURNING LEFT,,,4,,,,,Y,Y,,,,,,,,N,N,,,FRONT-RIGHT-CORNER,,,,,,,,,,,,,,,,,,,,,,,,,,,,,,,,,
2139910,8c3d39000c6accd7feffbd850e4ba261854ef57dc93f6e20d755e8ba1d500b2a0faecdfffe9bebe3f6acc40c86053003122e8f42b84a61895e7d526e3519b2ef,08/29/2025 07:25:00 PM,2,DRIVER,1,2039909,,HONDA,ACCORD,IL,2014,NONE,PASSENGER,PERSONAL,W,STRAIGHT AHEAD,,,2,,,,,Y,Y,Y,Y,Y,,,,,,,,,SIDE-RIGHT,,,,,,,,,,,,,,,,,,,,,,,,,,,,,,,,,