CRASH_UNIT_ID,CRASH_RECORD_ID,CRASH_DATE,UNIT_NO,UNIT_TYPE,NUM_PASSENGERS,VEHICLE_ID,CMRC_VEH_I,MAKE,MODEL,LIC_PLATE_STATE,VEHICLE_YEAR,VEHICLE_DEFECT,VEHICLE_TYPE,VEHICLE_USE,TRAVEL_DIRECTION,MANEUVER,TOWED_I,FIRE_I,OCCUPANT_CNT,EXCEED_SPEED_LIMIT_I,TOWED_BY,TOWED_TO,AREA_00_I,AREA_01_I,AREA_02_I,AREA_03_I,AREA_04_I,AREA_05_I,AREA_06_I,AREA_07_I,AREA_08_I,AREA_09_I,AREA_10_I,AREA_11_I,AREA_12_I,AREA_99_I,FIRST_CONTACT_POINT,CMV_ID,USDOT_NO,CCMC_NO,ILCC_NO,COMMERCIAL_SRC,GVWR,CARRIER_NAME,CARRIER_STATE,CARRIER_CITY,HAZMAT_PLACARDS_I,HAZMAT_NAME,UN_NO,HAZMAT_PRESENT_I,HAZMAT_REPORT_I,HAZMAT_REPORT_NO,MCS_REPORT_I,MCS_REPORT_NO,HAZMAT_VIO_CAUSE_CRASH_I,MCS_VIO_CAUSE_CRASH_I,IDOT_PERMIT_NO,WIDE_LOAD_I,TRAILER1_WIDTH,TRAILER2_WIDTH,TRAILER1_LENGTH,TRAILER2_LENGTH,TOTAL_VEHICLE_LENGTH,AXLE_CNT,VEHICLE_CONFIG,CARGO_BODY_TYPE,LOAD_TYPE,HAZMAT_OUT_OF_SERVICE_I,MCS_OUT_OF_SERVICE_I,HAZMAT_CLASS
2139937,a2fdc0ca15627c5833f5582d6c49ae7f67e472221090b08d20e0dad2b91e9f4311edcc693ffef16b53cd5b2c525dd8936a48013fd15bd6e282a71bbf5ad0a1a5,08/29/2025 07:15:00 PM,1,PARKED,2,2039931,,MERCEDES-BENZ,C300,IL,2014,NONE,PASSENGER,PERSONAL,N,PARKED,,,2,,,,,,Y,Y,,,,,,,,,,,SIDE-RIGHT,,,,,,,,,,,,,,,,,,,,,,,,,,,,,,,,,
2139938,a2fdc0ca15627c5833f5582d6c49ae7f67e472221090b08d20e0dad2b91e9f4311edcc693ffef16b53cd5b2c525dd8936a48013fd15bd6e282a71bbf5ad0a1a5,08/29/2025 07:15:00 PM,2,DRIVER,,2039932,,LEXUS,ES,IL,2009,NONE,PASSENGER,PERSONAL,N,STRAIGHT AHEAD,,,1,,,,,,,,,,,,Y,Y,,Y,,,FRONT,,,,,,,,,,,,,,,,,,,,,,,,,,,,,,,,,
2139861,aea5230316b1a1b2d0f990cb6abaa7c02ebf887daceba299778bfe14e9f35dbc74f7eb98f317a6049babdfdeb85c41b890539147fddab31d663a2e9146b3bac2,08/29/2025 07:15:00 PM,1,DRIVER,,2039854,,TOYOTA,SIENNA,,2004,UNKNOWN,UNKNOWN/NA,UNKNOWN/NA,UNKNOWN,UNKNOWN/NA,,,1,,,,,,,,,,,,,,,,,Y,UNKNOWN,,,,,,,,,,,,,,,,,,,,,,,,,,,,,,,,,
2139862,aea5230316b1a1b2d0f990cb6abaa7c02ebf887daceba299778bfe14e9f35dbc74f7eb98f317a6049babdfdeb85c41b890539147fddab31d663a2e9146b3bac2,08/29/2025 07:15:00 PM,2,DRIVER,,2039856,,HONDA,HR-V,,2025,UNKNOWN,UNKNOWN/NA,UNKNOWN/NA,UNKNOWN,UNKNOWN/NA,,,1,,,,,,,,,,,,,,,,,Y,UNKNOWN,,,,,,,,,,,,,,,,,,,,,,,,,,,,,,,,,
2139911,590cabbf26ecf3e601970c254f4537fa30b60f7979b2fc56f47e2619a3212eaacc198fffbd382c50d0555857f6d3ce175a687c7082ed0f79c3e6595cc6d446d3,08/29/2025 07:05:00 PM,1,DRIVER,,2039904,,HONDA,ACCORD,IL,2009,NONE,PASSENGER,UNKNOWN/NA,NE,TURNING LEFT,,,1,,,,,Y,Y,,,,,,,,Y,Y,Y,,FRONT-RIGHT-CORNER,,,,,,,,,,,,,,,,,,,,,,,,,,,,,,,,,
2139912,590cabbf26ecf3e601970c254f4537fa30b60f7979b2fc56f47e2619a3212eaacc198fffbd382c50d0555857f6d3ce175a687c7082ed0f79c3e6595cc6d446d3,08/29/2025 07:05:00 PM,2,DRIVER,1,2039911,,JEEP,CHEROKEE,IL,2015,NONE,PASSENGER,UNKNOWN/NA,W,UNKNOWN/NA,,,2,,,,,Y,N,,,,,,,,N,Y,Y,,FRONT,,,,,,,,,,,,,,,,,,,,,,,,,,,,,,,,,
2139877,d8f8124ab2b45c2eb11618343715125d9bc627def242d7c42a824ad008c56f3d72ed639a34fad48aadeedcde714283971d58673ab2ec83bb1b0e0b865c93f9a5,08/29/2025 07:05:00 PM,1,DRIVER,,2039872,,FORD,TRANSIT,IL,2017,UNKNOWN,VAN/MINI-VAN,OTHER,N,TURNING LEFT,,,1,,,,,,,,,,,Y,,,,,,,REAR-LEFT-CORNER,,,,,,,,,,,,,,,,,,,,,,,,,,,,,,,,,
2139878,d8f8124ab2b45c2eb11618343715125d9bc627def242d7c42a824ad008c56f3d72ed639a34fad48aadeedcde714283971d58673ab2ec83bb1b0e0b865c93f9a5,08/29/2025 07:05:00 PM,2,DRIVER,,2039879,,HYUNDAI,GENESIS,IL,2024,UNKNOWN,PASSENGER,PERSONAL,N,STRAIGHT AHEAD,Y,,1,,PRIVATE TOW,,,Y,Y,,,,,,,,,,,,FRONT-RIGHT-CORNER,,,,,,,,,,,,,,,,,,,,,,,,,,,,,,,,,
2139929,e4f4499d8c16bfefbf612380f7e33b307441007ef4d7b09fa8715e08e7ce80b527f7d315e7a406082771a01452471596695262607eb9e82fd31d5b6a9c195963,08/29/2025 07:04:00 PM,1,DRIVER,,2039924,,LEXUS,SC430,IL,2007,NONE,PASSENGER,UNKNOWN/NA,N,STRAIGHT AHEAD,,,1,,,,,,,,,,,,,,,,,Y,FRONT-RIGHT-CORNER,,,,,,,,,,,,,,,,,,,,,,,,,,,,,,,,,
2139930,e4f4499d8c16bfefbf612380f7e33b307441007ef4d7b09fa8715e08e7ce80b527f7d315e7a406082771a01452471596695262607eb9e82fd31d5b6a9c195963,08/29/2025 07:04:00 PM,2,PARKED,,2039927,,MASERATI,LEVANTE,IL,2019,NONE,PASSENGER,PERSONAL,N,PARKED,,,0,,,,,,,,,,,Y,,,,,,,REAR-LEFT-CORNER,,,,,,,,,,,,,,,,,,,,,,,,,,,,,,,,,
2139875,12c8245be283ebf801cb30eba5ffd112e535ad8c7ed9cb0c7adb9392c2f0db2685d31ea34697797d5374126ad57715375090eeb2e9584ab18aeb99417be85002,08/29/2025 07:00:00 PM,2,DRIVER,,2039880,,NISSAN,SENTRA,IL,2024,UNKNOWN,UNKNOWN/NA,UNKNOWN/NA,N,STRAIGHT AHEAD,,,1,,,,,,,,,,Y,,,,,,,,REAR,,,,,,,,,,,,,,,,,,,,,,,,,,,,,,,,,
2139876,12c8245be283ebf801cb30eba5ffd112e535ad8c7ed9cb0c7adb9392c2f0db2685d31ea34697797d5374126ad57715375090eeb2e9584ab18aeb99417be85002,08/29/2025 07:00:00 PM,3,DRIVER,,2039873,,UNKNOWN,MOTORIZED,IL,,UNKNOWN,UNKNOWN/NA,UNKNOWN/NA,UNKNOWN,UNKNOWN/NA,,,1,,,,,,,,,,Y,,,,,,,,UNKNOWN,,,,,,,,,,,,,,,,,,,,,,,,,,,,,,,,,
2140434,12c8245be283ebf801cb30eba5ffd112e535ad8c7ed9cb0c7adb9392c2f0db2685d31ea34697797d5374126ad57715375090eeb2e9584ab18aeb99417be85002,08/29/2025 07:00:00 PM,1,DRIVER,,2040409,,CHEVROLET,MALIBU,XX,2010,NONE,PASSENGER,PERSONAL,N,STRAIGHT AHEAD,,,1,,,,,,,,,,,,,,,,Y,,FRONT,,,,,,,,,,,,,,,,,,,,,,,,,,,,,,,,,
2139842,1d11086557952ec259b4331f6e3ddf815c810123621fc5a228e733cc53bb91e3ac94c1deb9062271d663fff408db64e4fc830214b30a9ebdd8c7a67bf2fec068,08/29/2025 07:00:00 PM,1,DRIVER,,2039835,,TOYOTA,COROLLA,,2012,UNKNOWN,UNKNOWN/NA,UNKNOWN/NA,UNKNOWN,UNKNOWN/NA,,,1,,,,,,,,,,,,,,,,,,FRONT,,,,,,,,,,,,,,,,,,,,,,,,,,,,,,,,,
2139852,1d11086557952ec259b4331f6e3ddf815c810123621fc5a228e733cc53bb91e3ac94c1deb9062271d663fff408db64e4fc830214b30a9ebdd8c7a67bf2fec068,08/29/2025 07:00:00 PM,2,PEDESTRIAN,,,,,,,,,,,,,,,,,,,,,,,,,,,,,,,,,,,,,,,,,,,,,,,,,,,,,,,,,,,,,,,,,,
2139853,6766c543a7ce3f055cf77ad6fda86fdb16fc8648d1155647411949ef0f19f37446361e70fa2d0d9a81062c8af9d119a74250421525d516cea08510ab8ddcdda1,08/29/2025 07:00:00 PM,1,DRIVER,,2039847,,CHEVROLET,CRUZE,IL,2014,NONE,PASSENGER,PERSONAL,E,STRAIGHT AHEAD,,,1,,,,,,,,,,,,,,,Y,Y,,FRONT-LEFT-CORNER,,,,,,,,,,,,,,,,,,,,,,,,,,,,,,,,,
2139854,6766c543a7ce3f055cf77ad6fda86fdb16fc8648d1155647411949ef0f19f37446361e70fa2d0d9a81062c8af9d119a74250421525d516cea08510ab8ddcdda1,08/29/2025 07:00:00 PM,2,DRIVER,,2039860,,INFINITI,QX80,IL,2020,NONE,PASSENGER,PERSONAL,E,STRAIGHT AHEAD,,,1,,,,,,,,,,Y,,,,,,,,REAR,,,,,,,,,,,,,,,,,,,,,,,,,,,,,,,,,
2139872,d2d985c8369902b87ff3a7973b835905b128fd262ca228bb59dc294279fe7e4b8751e76b2bd901f27408f58037e5fa3784b6b85db3762d865e88c0a240d0f99c,08/29/2025 07:00:00 PM,1,DRIVER,1,2039865,,AUDI,A4,IL,2014,UNKNOWN,PASSENGER,PERSONAL,N,MERGING,,,2,,,,,,,,,,,,,,Y,Y,,,FRONT-LEFT-CORNER,,,,,,,,,,,,,,,,,,,,,,,,,,,,,,,,,
2139873,d2d985c8369902b87ff3a7973b835905b128fd262ca228bb59dc294279fe7e4b8751e76b2bd901f27408f58037e5fa3784b6b85db3762d865e88c0a240d0f99c,08/29/2025 07:00:00 PM,2,DRIVER,2,2039871,,FORD,FUSION,IL,2010,UNKNOWN,PASSENGER,RIDESHARE SERVICE,N,STRAIGHT AHEAD,,,3,,,,,,,N,Y,Y,,,,,,,,,REAR-RIGHT-CORNER,,,,,,,,,,,,,,,,,,,,,,,,,,,,,,,,,
2139843,db22d47a510890e4213eff5013e8ea5ed01e7f9ae853d17d5926e257ed6928c5c064b69aa17d357a5d5b9d7d0dea0bae382bf4ee9490d7d5b8c0ce16fa94e370,08/29/2025 07:00:00 PM,1,DRIVER,,2039834,,DODGE,CHALLENGER,IL,2021,UNKNOWN,PASSENGER,UNKNOWN/NA,S,TURNING LEFT,,,1,,,,,,,,,,,Y,Y,,,,,,SIDE-LEFT-REAR,,,,,,,,,,,,,,,,,,,,,,,,,,,,,,,,,
2139844,db22d47a510890e4213eff5013e8ea5ed01e7f9ae853d17d5926e257ed6928c5c064b69aa17d357a5d5b9d7d0dea0bae382bf4ee9490d7d5b8c0ce16fa94e370,08/29/2025 07:00:00 PM,2,DRIVER,,2039836,,TOYOTA,CAMRY,IL,2009,NONE,PASSENGER,PERSONAL,W,STRAIGHT AHEAD,,,1,,,,,,,,,,,,,,,Y,,,FRONT-LEFT-CORNER,,,,,,,,,,,,,,,,,,,,,,,,,,,,,,,,,
2139895,bfbea9c846bdd2d17a135ed2a8fd8354e86e1b56bb0916cacfc0c8137318c9b264456a77514a0117a868b5dcdced8ee448261defce4d9e11ba2005d8c4c68364,08/29/2025 06:58:00 PM,1,DRIVER,,2039889,,HYUNDAI,TUCSON,IL,2022,UNKNOWN,SPORT UTILITY VEHICLE (SUV),PERSONAL,W,STRAIGHT AHEAD,,,1,,,,,Y,,,,,,,,,,Y,Y,,FRONT,,,,,,,,,,,,,,,,,,,,,,,,,,,,,,,,,
2139896,bfbea9c846bdd2d17a135ed2a8fd8354e86e1b56bb0916cacfc0c8137318c9b264456a77514a0117a868b5dcdced8ee448261defce4d9e11ba2005d8c4c68364,08/29/2025 06:58:00 PM,2,PARKED,,2039893,,MAZDA,OTHER (EXPLAIN IN NARRATIVE),IL,2004,UNKNOWN,PASSENGER,NOT IN USE,W,PARKED,,,0,,,,,,Y,Y,Y,,,,,,,,,,SIDE-RIGHT,,,,,,,,,,,,,,,,,,,,,,,,,,,,,,,,,
2139897,bfbea9c846bdd2d17a135ed2a8fd8354e86e1b56bb0916cacfc0c8137318c9b264456a77514a0117a868b5dcdced8ee448261defce4d9e11ba2005d8c4c68364,08/29/2025 06:58:00 PM,3,PARKED,,2039898,,FORD,F150,IL,2002,UNKNOWN,PICKUP,NOT IN USE,N,PARKED,,,0,,,,,,,,Y,Y,,,,,,,,,REAR-RIGHT-CORNER,,,,,,,,,,,,,,,,,,,,,,,,,,,,,,,,,
2140928,05d4707286f781127ce44f24f823c9f5b3d6a7eed1ef5b419cc22a71507f9b2bfdf582346d3eac647453df4bfc57597e3797a51223aaf74f61979330f3df6825,08/29/2025 06:55:00 PM,1,DRIVER,,2040869,,DODGE,AVENGER,IL,2013,UNKNOWN,PASSENGER,PERSONAL,E,ENTERING TRAFFIC LANE FROM PARKING,,,1,,,,,,,,,,,,,,Y,Y,,,FRONT-LEFT-CORNER,,,,,,,,,,,,,,,,,,,,,,,,,,,,,,,,,
2140929,05d4707286f781127ce44f24f823c9f5b3d6a7eed1ef5b419cc22a71507f9b2bfdf582346d3eac647453df4bfc57597e3797a51223aaf74f61979330f3df6825,08/29/2025 06:55:00 PM,2,DRIVER,,2040874,,NISSAN,SENTRA,IL,2012,UNKNOWN,PASSENGER,PERSONAL,E,STRAIGHT AHEAD,,,1,,,,,Y,Y,Y,Y,Y,,,,,,,,,SIDE-RIGHT,,,,,,,,,,,,,,,,,,,,,,,,,,,,,,,,,
2139901,925ece19b0c9ca47ad63c2b537b0ac99b4c7b1e47a9fcd94ef8ed88651467deed009ee882b1be05edf17d35c78c62a72b796019775d4dbef83d1dfd13c8ddc38,08/29/2025 06:45:00 PM,1,DRIVER,,2039895,,FORD,F150,,,NONE,PICKUP,PERSONAL,E,STRAIGHT AHEAD,,,1,,,,,Y,,,,,,,,,,Y,Y,,FRONT,,,,,,,,,,,,,,,,,,,,,,,,,,,,,,,,,
2139902,925ece19b0c9ca47ad63c2b537b0ac99b4c7b1e47a9fcd94ef8ed88651467deed009ee882b1be05edf17d35c78c62a72b796019775d4dbef83d1dfd13c8ddc38,08/29/2025 06:45:00 PM,2,DRIVER,3,2039897,,HUMMER,H3,,2007,NONE,SPORT UTILITY VEHICLE (SUV),PERSONAL,E,STRAIGHT AHEAD,,,4,,,,,,,,,Y,Y,Y,,,,,,,REAR,,,,,,,,,,,,,,,,,,,,,,,,,,,,,,,,,
2140049,2d4d7e38c2c6911bc1ae71fe21208e5df5902363d8743e47b5043b3bbcd06d00428eb9136a7ec69e30932ae75d1c2e30bf1c8264ef8b4721c37b37f15b99fe0c,08/29/2025 06:40:00 PM,1,DRIVER,,2040038,,NISSAN,ROGUE,IN,2018,UNKNOWN,SPORT UTILITY VEHICLE (SUV),UNKNOWN/NA,UNKNOWN,STRAIGHT AHEAD,,,1,,,,,,,,,Y,Y,,,,,,,,REAR,,,,,,,,,,,,,,,,,,,,,,,,,,,,,,,,,
2140050,2d4d7e38c2c6911bc1ae71fe21208e5df5902363d8743e47b5043b3bbcd06d00428eb9136a7ec69e30932ae75d1c2e30bf1c8264ef8b4721c37b37f15b99fe0c,08/29/2025 06:40:00 PM,2,DRIVER,,2040039,,TOYOTA,RAV4,MI,2025,UNKNOWN,SPORT UTILITY VEHICLE (SUV),UNKNOWN/NA,UNKNOWN,STRAIGHT AHEAD,,,1,,,,,Y,,,,,,,,,,,Y,,FRONT,,,,,,,,,,,,,,,,,,,,,,,,,,,,,,,,,
2139847,86329bb2aa60de8845d25f8ebc8f2b8e11f82decbcc342f3fde6198c76b22a6077f8ae6d2cafaaa838cac627c828fcfc1cb8eeea25363dbdd1909a2028b09ecc,08/29/2025 06:36:00 PM,1,DRIVER,,2039843,,HONDA,HR-V,IL,2021,NONE,SPORT UTILITY VEHICLE (SUV),PERSONAL,E,SLOW/STOP IN TRAFFIC,,,1,,,,Y,,,,,,,,,,,,,,FRONT,,,,,,,,,,,,,,,,,,,,,,,,,,,,,,,,,
2139848,86329bb2aa60de8845d25f8ebc8f2b8e11f82decbcc342f3fde6198c76b22a6077f8ae6d2cafaaa838cac627c828fcfc1cb8eeea25363dbdd1909a2028b09ecc,08/29/2025 06:36:00 PM,2,DRIVER,,2039849,,TOYOTA,PRIUS,IL,2012,NONE,PASSENGER,PERSONAL,E,SLOW/STOP IN TRAFFIC,,,1,,,,,,,,,Y,Y,Y,,,,,,,REAR,,,,,,,,,,,,,,,,,,,,,,,,,,,,,,,,,
2139849,86329bb2aa60de8845d25f8ebc8f2b8e11f82decbcc342f3fde6198c76b22a6077f8ae6d2cafaaa838cac627c828fcfc1cb8eeea25363dbdd1909a2028b09ecc,08/29/2025 06:36:00 PM,3,DRIVER,,2039864,,TOYOTA,RAV4,IL,2018,NONE,SPORT UTILITY VEHICLE (SUV),PERSONAL,E,SLOW/STOP IN TRAFFIC,,,1,,,,,,,,,Y,Y,Y,,,,,,,REAR,,,,,,,,,,,,,,,,,,,,,,,,,,,,,,,,,
2139835,e59bc9342bf934b915e17dd5239626d25cb9e4c9750f22cbf5af0dffedfb3dd646c7d19f165fb5aa9299ea021fd579de76421e463639ad54ef7de5101e35168b,08/29/2025 06:35:00 PM,1,DRIVER,,2039832,,NISSAN,ROGUE,IL,2013,UNKNOWN,PASSENGER,PERSONAL,S,ENTERING TRAFFIC LANE FROM PARKING,,,1,,,,,,,,,,,,,,,Y,,,FRONT-LEFT-CORNER,,,,,,,,,,,,,,,,,,,,,,,,,,,,,,,,,
2139836,e59bc9342bf934b915e17dd5239626d25cb9e4c9750f22cbf5af0dffedfb3dd646c7d19f165fb5aa9299ea021fd579de76421e463639ad54ef7de5101e35168b,08/29/2025 06:35:00 PM,2,DRIVER,,2039838,,HONDA,CR-V,IL,2025,NONE,PASSENGER,PERSONAL,S,STRAIGHT AHEAD,,,1,,,,,,,,Y,Y,,,,,,,,,REAR-RIGHT-CORNER,,,,,,,,,,,,,,,,,,,,,,,,,,,,,,,,,
2139827,28a26a0a7c2b1b713c80e1f3a16f6569edcfd0a9c6bab56b54a09b0ca08f2b407fa5173d2bcbc884759bdb53df15a6fd8646088f235feda00d5adfa6078cf77f,08/29/2025 06:30:00 PM,1,DRIVER,,2039816,,GENERAL MOTORS CORPORATION (GMC),CANYON,IL,2004,NONE,PASSENGER,PERSONAL,SW,ENTERING TRAFFIC LANE FROM PARKING,,,1,,,,,,,,,,,,,,,,,Y,FRONT-RIGHT-CORNER,,,,,,,,,,,,,,,,,,,,,,,,,,,,,,,,,
2139828,28a26a0a7c2b1b713c80e1f3a16f6569edcfd0a9c6bab56b54a09b0ca08f2b407fa5173d2bcbc884759bdb53df15a6fd8646088f235feda00d5adfa6078cf77f,08/29/2025 06:30:00 PM,2,DRIVER,,2039824,,TOYOTA,CAMRY,IL,2012,NONE,PASSENGER,PERSONAL,W,STRAIGHT AHEAD,,,1,,,,,,,,,,,,,Y,Y,,,,SIDE-LEFT,,,,,,,,,,,,,,,,,,,,,,,,,,,,,,,,,
2139808,91934f487ef69c2f6c9e201acef8ef7248d1b14f973b48dad7733090b0a1aca5e81440acb897864a1d17bbbb4bc6d0cd79cbd7599a67417f2542e00f5fa42a16,08/29/2025 06:30:00 PM,1,DRIVER,,2039799,,NISSAN,ALTIMA,IA,2025,UNKNOWN,PASSENGER,PERSONAL,N,STRAIGHT AHEAD,,,1,,,,,,,,,,,,,,,,,Y,FRONT,,,,,,,,,,,,,,,,,,,,,,,,,,,,,,,,,
2139809,91934f487ef69c2f6c9e201acef8ef7248d1b14f973b48dad7733090b0a1aca5e81440acb897864a1d17bbbb4bc6d0cd79cbd7599a67417f2542e00f5fa42a16,08/29/2025 06:30:00 PM,2,DRIVER,,2039803,,AUDI,Q5,IL,2016,OTHER,PASSENGER,PERSONAL,N,STRAIGHT AHEAD,,,1,,,,,,,,,Y,Y,Y,,,,,,,REAR,,,,,,,,,,,,,,,,,,,,,,,,,,,,,,,,,
2140154,e6127b665d1e70d47182d29d4290da05ef5ab5731e6a2ee9ab39243deee197def1e01e2f2d3167715c288c8d92863233c4eff3bcaf4d6309e72070a441d0ea32,08/29/2025 06:30:00 PM,1,DRIVER,,2040140,,UNKNOWN,MOTORIZED,,,UNKNOWN,UNKNOWN/NA,UNKNOWN/NA,UNKNOWN,UNKNOWN/NA,,,1,,,,,,,,,,,,,,,,,,UNKNOWN,,,,,,,,,,,,,,,,,,,,,,,,,,,,,,,,,
2140155,e6127b665d1e70d47182d29d4290da05ef5ab5731e6a2ee9ab39243deee197def1e01e2f2d3167715c288c8d92863233c4eff3bcaf4d6309e72070a441d0ea32,08/29/2025 06:30:00 PM,2,PARKED,,2040149,,KIA,TELLURIDE,IL,2024,UNKNOWN,PASSENGER,PERSONAL,E,PARKED,,,0,,,,,,,,,,,Y,Y,Y,Y,Y,,,SIDE-LEFT,,,,,,,,,,,,,,,,,,,,,,,,,,,,,,,,,
2139883,dbf7dec628e51c29f4bd6f4df3799469b15b49bc5c184fffbf7e0051c9567b06675353fd625e7f1035a24c3b1af188626188c03a3d7eb36fb64b3dee709915b2,08/29/2025 06:25:00 PM,1,DRIVER,,2039886,,NISSAN,ALTIMA,IL,2008,UNKNOWN,UNKNOWN/NA,UNKNOWN/NA,S,STRAIGHT AHEAD,,,1,,,,,N,,,,,,,,,,,,Y,UNKNOWN,,,,,,,,,,,,,,,,,,,,,,,,,,,,,,,,,
2139884,dbf7dec628e51c29f4bd6f4df3799469b15b49bc5c184fffbf7e0051c9567b06675353fd625e7f1035a24c3b1af188626188c03a3d7eb36fb64b3dee709915b2,08/29/2025 06:25:00 PM,2,DRIVER,,2039891,,HONDA,CR-V,IL,2025,NONE,PASSENGER,TAXI/FOR HIRE,S,STRAIGHT AHEAD,,,1,,,,,,,,,,,,Y,,,,,,SIDE-LEFT-REAR,,,,,,,,,,,,,,,,,,,,,,,,,,,,,,,,,
2139850,027dee148f2ead4bc56880625412362d1f51f6cdb34c9f315758d1bf2f46a212da1f4baa3e36887badf24f188ab884923d14ada74cd5056eb5b1079684802902,08/29/2025 06:23:00 PM,1,DRIVER,1,2039848,,CHEVROLET,ASTRO,IL,2003,UNKNOWN,VAN/MINI-VAN,PERSONAL,E,STRAIGHT AHEAD,Y,,2,,Vehicle impounded,,,Y,Y,Y,Y,,,,,,,,,,SIDE-RIGHT,,,,,,,,,,,,,,,,,,,,,,,,,,,,,,,,,
2139851,027dee148f2ead4bc56880625412362d1f51f6cdb34c9f315758d1bf2f46a212da1f4baa3e36887badf24f188ab884923d14ada74cd5056eb5b1079684802902,08/29/2025 06:23:00 PM,2,PARKED,,2039852,,FORD,EDGE,IL,2016,UNKNOWN,SPORT UTILITY VEHICLE (SUV),PERSONAL,E,PARKED,,,0,,,,,,,,,,,,Y,Y,Y,,,,SIDE-LEFT,,,,,,,,,,,,,,,,,,,,,,,,,,,,,,,,,
2140955,8169c6b365cf1d71b3501fd281c3f610e2eca3ff02ab466d9ea1ed7e0d20b355e5733c806ab8e9e442f63f0d50abc978b2d0be5b4f8e008740cdd6cd65e27665,08/29/2025 06:22:00 PM,1,DRIVER,,2040918,,TOYOTA,AVALON,IL,2007,NONE,PASSENGER,PERSONAL,N,STRAIGHT AHEAD,,,1,,,,,,,,,,,,,,,,Y,,FRONT,,,,,,,,,,,,,,,,,,,,,,,,,,,,,,,,,
2140956,8169c6b365cf1d71b3501fd281c3f610e2eca3ff02ab466d9ea1ed7e0d20b355e5733c806ab8e9e442f63f0d50abc978b2d0be5b4f8e008740cdd6cd65e27665,08/29/2025 06:22:00 PM,2,DRIVER,,2040908,,ACURA,TLX,IL,2013,NONE,PASSENGER,PERSONAL,N,SLOW/STOP IN TRAFFIC,,,1,,,,,,,,,,Y,,,,,,,,REAR,,,,,,,,,,,,,,,,,,,,,,,,,,,,,,,,,
2139833,7ff448a1919552bf8a74a6e3435e90935e127e650f48648fb652c36e4e9699b94cb7c2c0f6d3d393c5dba1808b1670cba60c6de537b973a4da3e462ff98d0771,08/29/2025 06:15:00 PM,1,DRIVER,,2039830,,NISSAN,ARMADA,TX,2018,UNKNOWN,PASSENGER,PERSONAL,S,STRAIGHT AHEAD,,,1,,,,,Y,Y,,,,,,,,,,,,FRONT-RIGHT-CORNER,,,,,,,,,,,,,,,,,,,,,,,,,,,,,,,,,
2139834,7ff448a1919552bf8a74a6e3435e90935e127e650f48648fb652c36e4e9699b94cb7c2c0f6d3d393c5dba1808b1670cba60c6de537b973a4da3e462ff98d0771,08/29/2025 06:15:00 PM,2,PARKED,,2039839,,LINCOLN,CORSAIR,IL,2022,UNKNOWN,UNKNOWN/NA,OTHER,S,PARKED,,,0,,,,,,,,,,,,,,Y,,,,SIDE-LEFT,,,,,,,,,,,,,,,,,,,,,,,,,,,,,,,,,
2140480,f104631cdb0de23bab021a81a289787a410e157445cd2a80dff70d1c135d6dfb029dece2c797421cc2c8dffb8a8c92a873d5967c1fc792e3268220bd3f7f936c,08/29/2025 06:10:00 PM,1,DRIVER,,2040458,,NOVA BUS,OTHER (EXPLAIN IN NARRATIVE),IL,2015,NONE,BUS OVER 15 PASS.,CTA,S,MERGING,,,1,,,,,,,,,,,,,Y,Y,Y,,,SIDE-LEFT-FRONT,,,,,,,,,,,,,,,,,,,,,,,,,,,,,,,,,
2140481,f104631cdb0de23bab021a81a289787a410e157445cd2a80dff70d1c135d6dfb029dece2c797421cc2c8dffb8a8c92a873d5967c1fc792e3268220bd3f7f936c,08/29/2025 06:10:00 PM,2,DRIVER,,2040461,,DODGE,CARAVAN,IL,2010,NONE,VAN/MINI-VAN,PERSONAL,S,STRAIGHT AHEAD,,,1,,,,,Y,Y,Y,N,N,,,,,,,,,SIDE-RIGHT,,,,,,,,,,,,,,,,,,,,,,,,,,,,,,,,,
2140467,9a8d733323f2f8dac1d4258a609cf49a13b2a5335894c5462a674b4bbe0ff148a5dd04bdc0ab6acd357e88cbc320f5314ffa4335419cf985358192ba8512b52b,08/29/2025 06:08:00 PM,1,DRIVER,,2040442,,HONDA,PILOT,IL,2004,NONE,PASSENGER,UNKNOWN/NA,E,STRAIGHT AHEAD,,,1,,,,,Y,Y,,,,,,,,,,Y,Y,FRONT-RIGHT-CORNER,,,,,,,,,,,,,,,,,,,,,,,,,,,,,,,,,
2140468,9a8d733323f2f8dac1d4258a609cf49a13b2a5335894c5462a674b4bbe0ff148a5dd04bdc0ab6acd357e88cbc320f5314ffa4335419cf985358192ba8512b52b,08/29/2025 06:08:00 PM,2,PARKED,,2040445,,FORD,EXPLORER,IL,2015,NONE,PASSENGER,NOT IN USE,E,PARKED,,,0,,,,,,,,,,Y,Y,Y,Y,Y,,,Y,SIDE-LEFT,,,,,,,,,,,,,,,,,,,,,,,,,,,,,,,,,
2139820,4bc65b2d14ffcf3c7d38a72abb20cccb63f1711041bee1480d5f3238a97fd7c54267db17ef9d3b348a85558774d960a85de62f4d5a07a7ddcf6626c47340db6f,08/29/2025 06:04:00 PM,1,DRIVER,,2039813,,TOYOTA,OTHER (EXPLAIN IN NARRATIVE),,2006,NONE,SPORT UTILITY VEHICLE (SUV),DRIVER EDUCATION,N,STRAIGHT AHEAD,,,1,,,,,Y,,,,,,,,,,Y,Y,,FRONT,,,,,,,,,,,,,,,,,,,,,,,,,,,,,,,,,