CRASH_UNIT_ID,CRASH_RECORD_ID,CRASH_DATE,UNIT_NO,UNIT_TYPE,NUM_PASSENGERS,VEHICLE_ID,CMRC_VEH_I,MAKE,MODEL,LIC_PLATE_STATE,VEHICLE_YEAR,VEHICLE_DEFECT,VEHICLE_TYPE,VEHICLE_USE,TRAVEL_DIRECTION,MANEUVER,TOWED_I,FIRE_I,OCCUPANT_CNT,EXCEED_SPEED_LIMIT_I,TOWED_BY,TOWED_TO,AREA_00_I,AREA_01_I,AREA_02_I,AREA_03_I,AREA_04_I,AREA_05_I,AREA_06_I,AREA_07_I,AREA_08_I,AREA_09_I,AREA_10_I,AREA_11_I,AREA_12_I,AREA_99_I,FIRST_CONTACT_POINT,CMV_ID,USDOT_NO,CCMC_NO,ILCC_NO,COMMERCIAL_SRC,GVWR,CARRIER_NAME,CARRIER_STATE,CARRIER_CITY,HAZMAT_PLACARDS_I,HAZMAT_NAME,UN_NO,HAZMAT_PRESENT_I,HAZMAT_REPORT_I,HAZMAT_REPORT_NO,MCS_REPORT_I,MCS_REPORT_NO,HAZMAT_VIO_CAUSE_CRASH_I,MCS_VIO_CAUSE_CRASH_I,IDOT_PERMIT_NO,WIDE_LOAD_I,TRAILER1_WIDTH,TRAILER2_WIDTH,TRAILER1_LENGTH,TRAILER2_LENGTH,TOTAL_VEHICLE_LENGTH,AXLE_CNT,VEHICLE_CONFIG,CARGO_BODY_TYPE,LOAD_TYPE,HAZMAT_OUT_OF_SERVICE_I,MCS_OUT_OF_SERVICE_I,HAZMAT_CLASS
2139821,4bc65b2d14ffcf3c7d38a72abb20cccb63f1711041bee1480d5f3238a97fd7c54267db17ef9d3b348a85558774d960a85de62f4d5a07a7ddcf6626c47340db6f,08/29/2025 06:04:00 PM,2,DRIVER,,2039817,,FORD,EXPEDITION,,2025,NONE,SPORT UTILITY VEHICLE (SUV),PERSONAL,N,STRAIGHT AHEAD,,,1,,,,,,,,,Y,Y,Y,,,,,,,REAR,,,,,,,,,,,,,,,,,,,,,,,,,,,,,,,,,
2139806,1da5fd4b0d847d2ddc251ee877f16b183cc84cf2b84de58f9efdfe31505b7037302e03c6926303a1ee0deab54ae39e597194793b407984f94f8d126c9ac11cbc,08/29/2025 06:00:00 PM,1,DRIVER,,2039800,,JEEP,JEEP,IL,2021,UNKNOWN,PASSENGER,PERSONAL,W,PASSING/OVERTAKING,,,1,,,,,,,,,,,,,Y,Y,Y,,,FRONT-LEFT-CORNER,,,,,,,,,,,,,,,,,,,,,,,,,,,,,,,,,
2139807,1da5fd4b0d847d2ddc251ee877f16b183cc84cf2b84de58f9efdfe31505b7037302e03c6926303a1ee0deab54ae39e597194793b407984f94f8d126c9ac11cbc,08/29/2025 06:00:00 PM,2,PARKED,,2039802,,HONDA,ACCORD,IL,2017,NONE,PASSENGER,PERSONAL,W,PARKED,,,0,,,,,,Y,Y,,,,,,,,,,,SIDE-RIGHT,,,,,,,,,,,,,,,,,,,,,,,,,,,,,,,,,
2139947,9a6fe440ea4dce42ce17c0f81ecdb333e5c1d78963149721f02aa6092a17e0b90bc7ebd8e5812b7ac5074636a09aad2b657ba8c8a22c1c62d507929118482443,08/29/2025 06:00:00 PM,2,DRIVER,,2039946,,HONDA,CIVIC,IL,2023,UNKNOWN,PASSENGER,PERSONAL,N,PASSING/OVERTAKING,,,1,,,,,,,,,,,,,,,,,,FRONT,,,,,,,,,,,,,,,,,,,,,,,,,,,,,,,,,
2139948,9a6fe440ea4dce42ce17c0f81ecdb333e5c1d78963149721f02aa6092a17e0b90bc7ebd8e5812b7ac5074636a09aad2b657ba8c8a22c1c62d507929118482443,08/29/2025 06:00:00 PM,1,BICYCLE,,,,,,,,,,,,,,,,,,,,,,,,,,,,,,,,,,,,,,,,,,,,,,,,,,,,,,,,,,,,,,,,,,
2139812,7c364dd42fa1cdeaa2a1f53eeb2b4bedb6a0dbf6c23a8949e205f35973bf9e0920a87383695f133d3614cf01b630bffe70d0458c7bfa3be4a002bea146ed7a49,08/29/2025 05:52:00 PM,1,DRIVER,2,2039807,,JEEP,GRAND CHEROKEE,IL,2011,UNKNOWN,SPORT UTILITY VEHICLE (SUV),UNKNOWN/NA,E,STRAIGHT AHEAD,,,3,,,,,,,,,,,,,,,,Y,,FRONT,,,,,,,,,,,,,,,,,,,,,,,,,,,,,,,,,
2139813,7c364dd42fa1cdeaa2a1f53eeb2b4bedb6a0dbf6c23a8949e205f35973bf9e0920a87383695f133d3614cf01b630bffe70d0458c7bfa3be4a002bea146ed7a49,08/29/2025 05:52:00 PM,2,DRIVER,,2039823,,CHEVROLET,SILVERADO,IL,2000,UNKNOWN,PICKUP,OTHER,S,STRAIGHT AHEAD,,,1,,,,,,,,Y,Y,,,,,,,,,SIDE-RIGHT-REAR,,,,,,,,,,,,,,,,,,,,,,,,,,,,,,,,,
2139814,9eb3e7b0ff9fcd0532d93fe3e2fdd5af4ccabf18a05068facb7b0a51c39cd0446f9ccb3df3d50b9de78603f39284d6d459984fd8f9a68d6fcecc1e48fe5c8d12,08/29/2025 05:52:00 PM,1,DRIVER,1,2039808,,FORD,RANGER,IL,2021,UNKNOWN,PICKUP,PERSONAL,S,TURNING LEFT,,,2,,,,,,,,,,,,,,Y,Y,,,FRONT-LEFT-CORNER,,,,,,,,,,,,,,,,,,,,,,,,,,,,,,,,,
2139815,9eb3e7b0ff9fcd0532d93fe3e2fdd5af4ccabf18a05068facb7b0a51c39cd0446f9ccb3df3d50b9de78603f39284d6d459984fd8f9a68d6fcecc1e48fe5c8d12,08/29/2025 05:52:00 PM,2,DRIVER,1,2039822,,CHEVROLET,MALIBU,IL,2016,UNKNOWN,PASSENGER,PERSONAL,N,TURNING LEFT,,,2,,,,,,,,,,,,,,Y,Y,,,SIDE-LEFT-FRONT,,,,,,,,,,,,,,,,,,,,,,,,,,,,,,,,,
2139792,0417647bbdc633f31b4fb3bc29b3d8e66c6427ecaadb236237825a92421cee059c1b78c442e836322b6a870861c8b828b69757a4c071f578eb7e4eabf59e042f,08/29/2025 05:46:00 PM,1,DRIVER,1,2039791,,LEXUS,ES300,IL,2014,UNKNOWN,PASSENGER,RIDESHARE SERVICE,S,SLOW/STOP IN TRAFFIC,,,2,,,,,,,Y,,,,,,,,,,,SIDE-RIGHT,,,,,,,,,,,,,,,,,,,,,,,,,,,,,,,,,
2139793,0417647bbdc633f31b4fb3bc29b3d8e66c6427ecaadb236237825a92421cee059c1b78c442e836322b6a870861c8b828b69757a4c071f578eb7e4eabf59e042f,08/29/2025 05:46:00 PM,2,BICYCLE,,,,,,,,,,,,,,,,,,,,,,,,,,,,,,,,,,,,,,,,,,,,,,,,,,,,,,,,,,,,,,,,,,
2139798,b914f1f8ec92b34bb76d604ee7d3fcb62a1d9cfd98457a0790847cab20199544682667fc51ca5486c107ac18be1a9b1468487b07af16805f91466cee5f970474,08/29/2025 05:45:00 PM,1,DRIVER,,2039787,,TESLA,MODEL 3,IL,2022,NONE,PASSENGER,PERSONAL,S,STRAIGHT AHEAD,,,1,,,,,,,,,,,,,,,Y,,,FRONT-LEFT-CORNER,,,,,,,,,,,,,,,,,,,,,,,,,,,,,,,,,
2139799,b914f1f8ec92b34bb76d604ee7d3fcb62a1d9cfd98457a0790847cab20199544682667fc51ca5486c107ac18be1a9b1468487b07af16805f91466cee5f970474,08/29/2025 05:45:00 PM,2,DRIVER,1,2039794,,JEEP,COMPASS,IL,2011,NONE,SPORT UTILITY VEHICLE (SUV),PERSONAL,S,UNKNOWN/NA,,,2,,,,,,,,,Y,Y,,,,,,,N,REAR,,,,,,,,,,,,,,,,,,,,,,,,,,,,,,,,,
2139840,62c59968339f952825746499ff3a6e647f895a37365c8f1f0cd0eb7abee8525795f0d84752fbab8ea82037b9daeb898aec0eb49fa67da79055171bb27749fcc8,08/29/2025 05:43:00 PM,1,DRIVER,,2039833,,UNKNOWN,OTHER (EXPLAIN IN NARRATIVE),,,UNKNOWN,UNKNOWN/NA,UNKNOWN/NA,UNKNOWN,UNKNOWN/NA,,,1,,,,,,,,,,,,,,,,,Y,UNKNOWN,,,,,,,,,,,,,,,,,,,,,,,,,,,,,,,,,
2139841,62c59968339f952825746499ff3a6e647f895a37365c8f1f0cd0eb7abee8525795f0d84752fbab8ea82037b9daeb898aec0eb49fa67da79055171bb27749fcc8,08/29/2025 05:43:00 PM,2,PARKED,,2039837,,CHEVROLET,EQUINOX,IL,2025,UNKNOWN,UNKNOWN/NA,UNKNOWN/NA,UNKNOWN,PARKED,,,0,,,,,,,,,,,Y,Y,Y,N,,,,REAR-LEFT-CORNER,,,,,,,,,,,,,,,,,,,,,,,,,,,,,,,,,
2139816,edb3b11f812cff22b8f5e3fabd05ff91eaaec26adf39812dea50548cd711562b0815375525c1ac7dcf45394d0d8befbde5829e30b771ebb75dbc864ab7f389c3,08/29/2025 05:38:00 PM,1,DRIVER,,2039814,,TESLA,MODEL Y,IL,2023,UNKNOWN,PASSENGER,UNKNOWN/NA,S,TURNING LEFT,,,1,,,,,,,,,,,,,,,,Y,,FRONT,,,,,,,,,,,,,,,,,,,,,,,,,,,,,,,,,
2139817,edb3b11f812cff22b8f5e3fabd05ff91eaaec26adf39812dea50548cd711562b0815375525c1ac7dcf45394d0d8befbde5829e30b771ebb75dbc864ab7f389c3,08/29/2025 05:38:00 PM,2,DRIVER,,2039820,,FORD,FUSION,IL,2012,UNKNOWN,PASSENGER,UNKNOWN/NA,W,STRAIGHT AHEAD,,,1,,,,,,,Y,,,,,,,,,,,SIDE-RIGHT,,,,,,,,,,,,,,,,,,,,,,,,,,,,,,,,,
2139829,ed77f7299fbe7124bdfbc831ec5005c3da118f7750ef795be44bbb736e1683bc299644743c346e505ca49f2d321250bf961ced5ba25db8e2c77c220280830c7b,08/29/2025 05:36:00 PM,1,DRIVER,,2039828,N,NEW FLYER,OTHER (EXPLAIN IN NARRATIVE),IL,2006,UNKNOWN,BUS OVER 15 PASS.,CTA,W,CHANGING LANES,,,1,,,,,,,,,,,Y,Y,Y,,,,,SIDE-LEFT-REAR,,,,,,,,,,,,,,,,,,,,,,,,,,,,,,,,,
2139830,ed77f7299fbe7124bdfbc831ec5005c3da118f7750ef795be44bbb736e1683bc299644743c346e505ca49f2d321250bf961ced5ba25db8e2c77c220280830c7b,08/29/2025 05:36:00 PM,2,DRIVER,,2039831,,KIA,SPECTRA,IL,2004,UNKNOWN,PASSENGER,PERSONAL,W,STRAIGHT AHEAD,,,1,,,,,,Y,,,,,,,,,,,,SIDE-RIGHT,,,,,,,,,,,,,,,,,,,,,,,,,,,,,,,,,
2139810,4728a3295bdd550b1e17c94bbed382c880c337ca8ad93768f49a341c35e49512e707251d031eb73af567c8d4ec60b897404ae7a12055347211f32bccb23b3e6d,08/29/2025 05:35:00 PM,1,BICYCLE,,,,,,,,,,,,,,,,,,,,,,,,,,,,,,,,,,,,,,,,,,,,,,,,,,,,,,,,,,,,,,,,,,
2139811,4728a3295bdd550b1e17c94bbed382c880c337ca8ad93768f49a341c35e49512e707251d031eb73af567c8d4ec60b897404ae7a12055347211f32bccb23b3e6d,08/29/2025 05:35:00 PM,2,DRIVER,,2039818,,TOYOTA,HIGHLANDER,CA,2016,NONE,SPORT UTILITY VEHICLE (SUV),PERSONAL,E,TURNING RIGHT,,,1,,,,,,,,,,,,,,,,,,REAR,,,,,,,,,,,,,,,,,,,,,,,,,,,,,,,,,
2139887,816b25ef3c43495d42f24e2c3b2c35e35aa56445f0be8396a53271606036cfc9f59b416ddeb0bbc6121c8989f25128c3afedcb8ca4e776884edc8bf31d65136b,08/29/2025 05:35:00 PM,1,DRIVER,,2039888,,FORD,F650,AZ,2017,NONE,PASSENGER,OTHER,N,STRAIGHT AHEAD,,,1,,,,,Y,,,,,,,,,,Y,Y,,FRONT,,,,,,,,,,,,,,,,,,,,,,,,,,,,,,,,,
2139888,816b25ef3c43495d42f24e2c3b2c35e35aa56445f0be8396a53271606036cfc9f59b416ddeb0bbc6121c8989f25128c3afedcb8ca4e776884edc8bf31d65136b,08/29/2025 05:35:00 PM,2,DRIVER,,2039878,,TOYOTA,CAMRY,ND,2016,NONE,PASSENGER,RIDESHARE SERVICE,N,STRAIGHT AHEAD,,,1,,,,,,,,,Y,Y,Y,,,,,,,REAR,,,,,,,,,,,,,,,,,,,,,,,,,,,,,,,,,
2139857,2ce1efebf31ffdd7f73d86f2dd1fdbdadf63911783a2cb2692ff08410020c81d7363919ea093bfa855e5f72a6867bc55d1d4cf1326ff43b8a5cf1b77258d3af7,08/29/2025 05:30:00 PM,1,DRIVER,,2039845,,MERCEDES-BENZ,OTHER (EXPLAIN IN NARRATIVE),IL,2013,NONE,TRACTOR W/ SEMI-TRAILER,UNKNOWN/NA,W,TURNING LEFT,,,1,,,,,,,,,,,Y,Y,,,,,,REAR-LEFT-CORNER,,,,,,,,,,,,,,,,,,,,,,,,,,,,,,,,,
2139858,2ce1efebf31ffdd7f73d86f2dd1fdbdadf63911783a2cb2692ff08410020c81d7363919ea093bfa855e5f72a6867bc55d1d4cf1326ff43b8a5cf1b77258d3af7,08/29/2025 05:30:00 PM,2,DRIVER,1,2039851,,INFINITI,Q50,IL,2004,NONE,PASSENGER,PERSONAL,W,TURNING LEFT,,,2,,,,,Y,,,,,,,,,,Y,Y,,FRONT-RIGHT-CORNER,,,,,,,,,,,,,,,,,,,,,,,,,,,,,,,,,
2139881,64f290a85b5af99216937877038fb1bf7a3dd0b1ff4419ef054352a276e77696a2208d1e5995e7cc14df3fa9688cf89cbaeada9052be3eae4ba7b9d58cca3d5a,08/29/2025 05:30:00 PM,1,DRIVER,,2039874,,NISSAN,MAXIMA,IL,2006,UNKNOWN,PASSENGER,PERSONAL,W,STRAIGHT AHEAD,Y,,1,,private,,,Y,,,,,,,,,,Y,Y,,FRONT,,,,,,,,,,,,,,,,,,,,,,,,,,,,,,,,,
2139882,64f290a85b5af99216937877038fb1bf7a3dd0b1ff4419ef054352a276e77696a2208d1e5995e7cc14df3fa9688cf89cbaeada9052be3eae4ba7b9d58cca3d5a,08/29/2025 05:30:00 PM,2,DRIVER,2,2039883,,HONDA,CR-V,IL,2009,UNKNOWN,PASSENGER,PERSONAL,W,STRAIGHT AHEAD,,,3,,,,,,,,,Y,Y,Y,,,,,,,REAR,,,,,,,,,,,,,,,,,,,,,,,,,,,,,,,,,
2139885,9a5e6df3ea556f0b764fdb91f5063596705c039fa491228ee5cbfb24cdb0dd44d3fb56bf1f0a7e0f66590ca2590239dcc11fd2bd3c5f7a15a276e7cca42b4433,08/29/2025 05:30:00 PM,1,DRIVER,,2039875,,INFINITI,OTHER (EXPLAIN IN NARRATIVE),IL,2010,UNKNOWN,SPORT UTILITY VEHICLE (SUV),UNKNOWN/NA,E,STRAIGHT AHEAD,,,1,,,,,,,,,,,,,,,,,Y,FRONT,,,,,,,,,,,,,,,,,,,,,,,,,,,,,,,,,
2139886,9a5e6df3ea556f0b764fdb91f5063596705c039fa491228ee5cbfb24cdb0dd44d3fb56bf1f0a7e0f66590ca2590239dcc11fd2bd3c5f7a15a276e7cca42b4433,08/29/2025 05:30:00 PM,2,DRIVER,,2039882,,KIA,OTHER (EXPLAIN IN NARRATIVE),IL,2021,NONE,SPORT UTILITY VEHICLE (SUV),PERSONAL,E,SLOW/STOP IN TRAFFIC,,,1,,,,,,,,,Y,Y,Y,,,,,,,REAR,,,,,,,,,,,,,,,,,,,,,,,,,,,,,,,,,
2139777,222e7accde0d2d3058c374cff665c2a7b064912ab5b4ecc6ae92cd5af119dcedba9745c702150005fdb9796c81a7c32d09157f6d1d11b4487077af74f2c32b32,08/29/2025 05:25:00 PM,1,DRIVER,,2039777,,JEEP,WRANGLER,IL,2022,NONE,PASSENGER,PERSONAL,S,STRAIGHT AHEAD,,,1,,,,,,,,,,,,,,,,Y,,FRONT,,,,,,,,,,,,,,,,,,,,,,,,,,,,,,,,,
2139778,222e7accde0d2d3058c374cff665c2a7b064912ab5b4ecc6ae92cd5af119dcedba9745c702150005fdb9796c81a7c32d09157f6d1d11b4487077af74f2c32b32,08/29/2025 05:25:00 PM,2,DRIVER,,2039790,,MERCEDES-BENZ,GLE,IL,2024,NONE,PASSENGER,PERSONAL,S,STRAIGHT AHEAD,,,1,,,,,,,,,,Y,,,,,,,,REAR,,,,,,,,,,,,,,,,,,,,,,,,,,,,,,,,,
2139891,f46c625c4b7a9fc3c5239b5e211fec0f783f4135367621b922cc10596a129e4229a49c6770e91d54ff8f5b6185f10097945760f8e773f63756d126ad3cfc5a7c,08/29/2025 05:25:00 PM,1,DRIVER,,2039877,,JEEP,JEEP,IL,2010,UNKNOWN,PASSENGER,PERSONAL,UNKNOWN,BACKING,,,1,,,,,,,,,,,,,,,,,Y,UNKNOWN,,,,,,,,,,,,,,,,,,,,,,,,,,,,,,,,,
2139892,f46c625c4b7a9fc3c5239b5e211fec0f783f4135367621b922cc10596a129e4229a49c6770e91d54ff8f5b6185f10097945760f8e773f63756d126ad3cfc5a7c,08/29/2025 05:25:00 PM,2,PARKED,,2039884,,TOYOTA,C-HR,IL,2020,NONE,PASSENGER,PERSONAL,UNKNOWN,PARKED,,,0,,,,,,,Y,Y,Y,,,,,,,,,SIDE-RIGHT,,,,,,,,,,,,,,,,,,,,,,,,,,,,,,,,,
2139837,c8afd2d50bc2c305a8e97e7b8a5b34185bb6f038b6b97e103066f06ce99f8a8f324361e60436b545040171529118b128c37d11d492635fa19cd3f650d362102b,08/29/2025 05:23:00 PM,1,DRIVER,3,2039840,,PONTIAC,G6,IL,2008,UNKNOWN,PASSENGER,UNKNOWN/NA,E,STRAIGHT AHEAD,Y,,4,,,,,Y,,,,,,,,,,,Y,,FRONT,,,,,,,,,,,,,,,,,,,,,,,,,,,,,,,,,
2139838,c8afd2d50bc2c305a8e97e7b8a5b34185bb6f038b6b97e103066f06ce99f8a8f324361e60436b545040171529118b128c37d11d492635fa19cd3f650d362102b,08/29/2025 05:23:00 PM,2,DRIVER,,2039850,,TOYOTA,COROLLA,IL,2009,UNKNOWN,PASSENGER,UNKNOWN/NA,E,SLOW/STOP IN TRAFFIC,Y,,1,,,,,Y,,,,Y,Y,Y,,,,Y,Y,,REAR,,,,,,,,,,,,,,,,,,,,,,,,,,,,,,,,,
2139839,c8afd2d50bc2c305a8e97e7b8a5b34185bb6f038b6b97e103066f06ce99f8a8f324361e60436b545040171529118b128c37d11d492635fa19cd3f650d362102b,08/29/2025 05:23:00 PM,3,DRIVER,,2039870,,FORD,F250,IL,2015,UNKNOWN,PICKUP,UNKNOWN/NA,E,SLOW/STOP IN TRAFFIC,,,1,,,,,,,,,Y,Y,Y,,,,,,,REAR,,,,,,,,,,,,,,,,,,,,,,,,,,,,,,,,,
2139757,57ca1d8c70bc8f848e8cc9336e621f68d983a7a13c5e1611a5644bd879399c0ae01dff91b6ada36e8c5634f19bb69991a3e3f39f8d0d083ffae211dde42b3d7d,08/29/2025 05:20:00 PM,1,DRIVER,,2039756,,DODGE,JOURNEY,IL,2017,UNKNOWN,SPORT UTILITY VEHICLE (SUV),PERSONAL,S,STRAIGHT AHEAD,Y,,1,,PERSONAL TOW,,,Y,,,,,,,,,,Y,Y,,FRONT,,,,,,,,,,,,,,,,,,,,,,,,,,,,,,,,,
2139758,57ca1d8c70bc8f848e8cc9336e621f68d983a7a13c5e1611a5644bd879399c0ae01dff91b6ada36e8c5634f19bb69991a3e3f39f8d0d083ffae211dde42b3d7d,08/29/2025 05:20:00 PM,2,DRIVER,,2039771,,HONDA,CR-V,IL,2012,UNKNOWN,SPORT UTILITY VEHICLE (SUV),PERSONAL,S,STRAIGHT AHEAD,,,1,,,,,,,,,Y,Y,Y,,,,,,,REAR,,,,,,,,,,,,,,,,,,,,,,,,,,,,,,,,,
2139755,00495a48c0ef9d584bfebdd6a1496a4c5cf7ff9f2977618cf59ae6f6e09bb98326e472bb65fa4eecc34cda08657b365c072c7d549231271648dd468a0be33194,08/29/2025 05:15:00 PM,1,DRIVER,,2039767,,BUICK,LACROSSE,VA,2016,NONE,PASSENGER,PERSONAL,E,STRAIGHT AHEAD,,,1,,,,,,,,,,,Y,,,,,,,REAR-LEFT-CORNER,,,,,,,,,,,,,,,,,,,,,,,,,,,,,,,,,
2139756,00495a48c0ef9d584bfebdd6a1496a4c5cf7ff9f2977618cf59ae6f6e09bb98326e472bb65fa4eecc34cda08657b365c072c7d549231271648dd468a0be33194,08/29/2025 05:15:00 PM,2,DRIVER,,2039784,,JEEP,GRAND CHEROKEE,IL,2019,NONE,PASSENGER,PERSONAL,E,STRAIGHT AHEAD,,,1,,,,,Y,,,,,,,,,,,,,FRONT-RIGHT-CORNER,,,,,,,,,,,,,,,,,,,,,,,,,,,,,,,,,
2139802,93c585f24776b5421519c578e89b3fd60cbafb6aa305fb4171f965d31294ab5bc21ea46667f4621d4817328605ab64e716a0d6c37b61f86e8f0c51ff4d48952f,08/29/2025 05:15:00 PM,1,DRIVER,2,2039809,,HONDA,CR-V,FL,2020,UNKNOWN,PASSENGER,PERSONAL,S,TURNING LEFT,Y,,3,,OHARE TOW,UNK,,Y,Y,Y,,,,,,,,,,,UNKNOWN,,,,,,,,,,,,,,,,,,,,,,,,,,,,,,,,,
2139803,93c585f24776b5421519c578e89b3fd60cbafb6aa305fb4171f965d31294ab5bc21ea46667f4621d4817328605ab64e716a0d6c37b61f86e8f0c51ff4d48952f,08/29/2025 05:15:00 PM,2,DRIVER,,2039826,,CHEVROLET,MALIBU,IL,2023,UNKNOWN,PASSENGER,PERSONAL,N,STRAIGHT AHEAD,Y,,1,,ROZAY TOWING,UNK,,Y,,,,,,,,,,Y,Y,,UNKNOWN,,,,,,,,,,,,,,,,,,,,,,,,,,,,,,,,,
2139775,2ac1f5ac004fb3f48e08bd826232cdd4b04618a393d413a9a23302de2e7ad5ec8871ca0e7400157f262f54fccde5f047ecf94a5a5f924185f4bc9f64886878b6,08/29/2025 05:14:00 PM,1,DRIVER,,2039776,,FORD,EXPLORER,IL,2016,STEERING,SPORT UTILITY VEHICLE (SUV),UNKNOWN/NA,S,STRAIGHT AHEAD,Y,,1,,private,unknown,,Y,,,,,,,,,,Y,Y,,FRONT-RIGHT-CORNER,,,,,,,,,,,,,,,,,,,,,,,,,,,,,,,,,
2139776,2ac1f5ac004fb3f48e08bd826232cdd4b04618a393d413a9a23302de2e7ad5ec8871ca0e7400157f262f54fccde5f047ecf94a5a5f924185f4bc9f64886878b6,08/29/2025 05:14:00 PM,2,PARKED,,2039786,,CHEVROLET,TRAIL BLAZER,IL,2009,UNKNOWN,SPORT UTILITY VEHICLE (SUV),UNKNOWN/NA,S,PARKED,Y,,0,,private,unknown,,,,,,Y,Y,Y,,,,,,,REAR-LEFT-CORNER,,,,,,,,,,,,,,,,,,,,,,,,,,,,,,,,,
2139796,63930f7e9dd069fa38e211142c56ec5222c5efe8f9ca21aac139dfa521972d3333c7730eeb5e72fdb0c0396e7a410eb6cc5f9155f01f241cf9af0ae7ab3efe37,08/29/2025 05:10:00 PM,1,BICYCLE,,,,,,,,,,,,,,,,,,,,,,,,,,,,,,,,,,,,,,,,,,,,,,,,,,,,,,,,,,,,,,,,,,
2139797,63930f7e9dd069fa38e211142c56ec5222c5efe8f9ca21aac139dfa521972d3333c7730eeb5e72fdb0c0396e7a410eb6cc5f9155f01f241cf9af0ae7ab3efe37,08/29/2025 05:10:00 PM,2,DRIVER,3,2039792,,FORD,EXPLORER,,2011,NONE,SPORT UTILITY VEHICLE (SUV),PERSONAL,N,STRAIGHT AHEAD,,,4,,,,,,,,,,,Y,Y,,,,,,SIDE-LEFT-REAR,,,,,,,,,,,,,,,,,,,,,,,,,,,,,,,,,
2139745,72dcdddd65da660baf5370d6d4689959fdece7fedde82da2b9722985a81b419706010cd4c203ae6dfa8bf2b1f8d8f6e90392ef4b0d1688c3bd589ce45935d2e8,08/29/2025 05:06:00 PM,1,DRIVER,2,2039744,,HYUNDAI,OTHER (EXPLAIN IN NARRATIVE),IL,2009,UNKNOWN,PASSENGER,PERSONAL,SE,STRAIGHT AHEAD,,,3,,,,,Y,Y,,,,,,,,,,,,FRONT-RIGHT-CORNER,,,,,,,,,,,,,,,,,,,,,,,,,,,,,,,,,
2139746,72dcdddd65da660baf5370d6d4689959fdece7fedde82da2b9722985a81b419706010cd4c203ae6dfa8bf2b1f8d8f6e90392ef4b0d1688c3bd589ce45935d2e8,08/29/2025 05:06:00 PM,2,DRIVER,,2039753,,AUDI,OTHER (EXPLAIN IN NARRATIVE),IL,2011,UNKNOWN,PASSENGER,PERSONAL,S,STRAIGHT AHEAD,,,1,,,,,,,,,,,Y,Y,,,,,,REAR-LEFT-CORNER,,,,,,,,,,,,,,,,,,,,,,,,,,,,,,,,,
2139855,c8c59ce6361f2b7f33f482c74b014615500a03ff8eae4d5082f3845d79b36154c2d8cbaa0aff2f546904c1c2c77d960af820b289d85e6539e732b7a786e21cca,08/29/2025 05:00:00 PM,1,DRIVER,,2039844,,UNKNOWN,MOTORIZED,,,UNKNOWN,UNKNOWN/NA,UNKNOWN/NA,UNKNOWN,UNKNOWN/NA,,,1,,,,,,,,,,,,,,,,,,UNKNOWN,,,,,,,,,,,,,,,,,,,,,,,,,,,,,,,,,
2139856,c8c59ce6361f2b7f33f482c74b014615500a03ff8eae4d5082f3845d79b36154c2d8cbaa0aff2f546904c1c2c77d960af820b289d85e6539e732b7a786e21cca,08/29/2025 05:00:00 PM,2,PARKED,,2039846,,CHEVROLET,TRAIL BLAZER,IL,2024,NONE,SPORT UTILITY VEHICLE (SUV),PERSONAL,E,PARKED,,,0,,,,,,,,,,Y,,,,,,,,REAR,,,,,,,,,,,,,,,,,,,,,,,,,,,,,,,,,
2139759,c27196b8a42d0ec9486df9e6ac4d63a6baeef1fea455858ed02e461af1a10b99c300e32ba05e5e9548a1bf0e3b789c042b331012a284d9536f37f4142f154391,08/29/2025 04:55:00 PM,1,DRIVER,,2039755,,CHEVROLET,EXPRESS,IL,2016,UNKNOWN,VAN/MINI-VAN,UNKNOWN/NA,NW,TURNING LEFT,,,1,,,,,,,,,,,,Y,Y,Y,Y,,,SIDE-LEFT,,,,,,,,,,,,,,,,,,,,,,,,,,,,,,,,,
2139760,c27196b8a42d0ec9486df9e6ac4d63a6baeef1fea455858ed02e461af1a10b99c300e32ba05e5e9548a1bf0e3b789c042b331012a284d9536f37f4142f154391,08/29/2025 04:55:00 PM,2,DRIVER,,2039764,,CHEVROLET,COLORADO,IL,2017,UNKNOWN,PICKUP,UNKNOWN/NA,E,STRAIGHT AHEAD,Y,,1,,Private Tow,Unknown,,Y,,,,,,,,,,Y,Y,,FRONT,,,,,,,,,,,,,,,,,,,,,,,,,,,,,,,,,
2139753,96ea40b6355721d864cbb038c699576d4fb112ba8f7cd9131b608108888366f3e4b4f46b4da7d19bd0dd66e0e760e92f991bd73ccb63741f40e9051a22f42782,08/29/2025 04:54:00 PM,1,DRIVER,,2039750,,JEEP,GRAND CHEROKEE,,2019,NONE,SPORT UTILITY VEHICLE (SUV),PERSONAL,E,STRAIGHT AHEAD,,,1,,,,,Y,,,,,,,,,,N,Y,,FRONT-RIGHT-CORNER,,,,,,,,,,,,,,,,,,,,,,,,,,,,,,,,,
2139754,96ea40b6355721d864cbb038c699576d4fb112ba8f7cd9131b608108888366f3e4b4f46b4da7d19bd0dd66e0e760e92f991bd73ccb63741f40e9051a22f42782,08/29/2025 04:54:00 PM,2,DRIVER,,2039758,,BUICK,LACROSSE,,2016,NONE,PICKUP,PERSONAL,E,STRAIGHT AHEAD,,,1,,,,,,,,,,Y,Y,,,,,,,REAR-LEFT-CORNER,,,,,,,,,,,,,,,,,,,,,,,,,,,,,,,,,