CRASH_UNIT_ID,CRASH_RECORD_ID,CRASH_DATE,UNIT_NO,UNIT_TYPE,NUM_PASSENGERS,VEHICLE_ID,CMRC_VEH_I,MAKE,MODEL,LIC_PLATE_STATE,VEHICLE_YEAR,VEHICLE_DEFECT,VEHICLE_TYPE,VEHICLE_USE,TRAVEL_DIRECTION,MANEUVER,TOWED_I,FIRE_I,OCCUPANT_CNT,EXCEED_SPEED_LIMIT_I,TOWED_BY,TOWED_TO,AREA_00_I,AREA_01_I,AREA_02_I,AREA_03_I,AREA_04_I,AREA_05_I,AREA_06_I,AREA_07_I,AREA_08_I,AREA_09_I,AREA_10_I,AREA_11_I,AREA_12_I,AREA_99_I,FIRST_CONTACT_POINT,CMV_ID,USDOT_NO,CCMC_NO,ILCC_NO,COMMERCIAL_SRC,GVWR,CARRIER_NAME,CARRIER_STATE,CARRIER_CITY,HAZMAT_PLACARDS_I,HAZMAT_NAME,UN_NO,HAZMAT_PRESENT_I,HAZMAT_REPORT_I,HAZMAT_REPORT_NO,MCS_REPORT_I,MCS_REPORT_NO,HAZMAT_VIO_CAUSE_CRASH_I,MCS_VIO_CAUSE_CRASH_I,IDOT_PERMIT_NO,WIDE_LOAD_I,TRAILER1_WIDTH,TRAILER2_WIDTH,TRAILER1_LENGTH,TRAILER2_LENGTH,TOTAL_VEHICLE_LENGTH,AXLE_CNT,VEHICLE_CONFIG,CARGO_BODY_TYPE,LOAD_TYPE,HAZMAT_OUT_OF_SERVICE_I,MCS_OUT_OF_SERVICE_I,HAZMAT_CLASS
2139737,dfda1cb4f5871bd0ed31e4e6a8a2fb8e2e90af7913da8d03645fbf375e35a6a558d827f3237f3e8883c3e9e795a0b0cbd2c0c1eb018f849d69702c04ca5ae9c4,08/29/2025 04:52:00 PM,1,DRIVER,1,2039732,,HONDA,PASSPORT,IL,2024,NONE,PASSENGER,PERSONAL,W,TURNING LEFT,,,2,,,,,,,,,,,,,,,Y,,,FRONT-LEFT-CORNER,,,,,,,,,,,,,,,,,,,,,,,,,,,,,,,,,
2139738,dfda1cb4f5871bd0ed31e4e6a8a2fb8e2e90af7913da8d03645fbf375e35a6a558d827f3237f3e8883c3e9e795a0b0cbd2c0c1eb018f849d69702c04ca5ae9c4,08/29/2025 04:52:00 PM,2,DRIVER,,2039746,,TRIUMPH,OTHER (EXPLAIN IN NARRATIVE),IL,2009,NONE,MOTORCYCLE (OVER 150CC),PERSONAL,S,STRAIGHT AHEAD,,,1,,,,,,,,,,,,,,,,Y,,FRONT,,,,,,,,,,,,,,,,,,,,,,,,,,,,,,,,,
2139739,085e376e4c0aa43da4ab215b18f5265bffe56b88cbbe9cbdd70214a7b4c420223604c2f83db6e4af7d86a5ff942aec93b0924028220482cd75e2847c17491d42,08/29/2025 04:48:00 PM,1,DRIVER,,2039748,,DODGE,DURANGO,IL,,UNKNOWN,PASSENGER,UNKNOWN/NA,E,PASSING/OVERTAKING,,,1,,,,,,,,,,,,,,,,,,UNKNOWN,,,,,,,,,,,,,,,,,,,,,,,,,,,,,,,,,
2139740,085e376e4c0aa43da4ab215b18f5265bffe56b88cbbe9cbdd70214a7b4c420223604c2f83db6e4af7d86a5ff942aec93b0924028220482cd75e2847c17491d42,08/29/2025 04:48:00 PM,2,DRIVER,,2039741,,UNKNOWN,OTHER (EXPLAIN IN NARRATIVE),IL,2016,UNKNOWN,BUS OVER 15 PASS.,CTA,E,SLOW/STOP IN TRAFFIC,,,1,,,,,,,,,,,,,,,Y,,,SIDE-LEFT-FRONT,,,,,,,,,,,,,,,,,,,,,,,,,,,,,,,,,
2139786,66e6ad65b2c8d6f484fb96a4936fbab2e258b7b9e138001e4a5b37ace7b855f920e18b2a15267a0d73c0617453580b4253261c10d4ac0ac83912c00cce84f6de,08/29/2025 04:40:00 PM,1,DRIVER,,2039783,,JEEP,CHEROKEE,IL,2015,NONE,PASSENGER,PERSONAL,W,PASSING/OVERTAKING,,,1,,,,,,,,,,,,,,,Y,Y,,FRONT-LEFT-CORNER,,,,,,,,,,,,,,,,,,,,,,,,,,,,,,,,,
2139787,66e6ad65b2c8d6f484fb96a4936fbab2e258b7b9e138001e4a5b37ace7b855f920e18b2a15267a0d73c0617453580b4253261c10d4ac0ac83912c00cce84f6de,08/29/2025 04:40:00 PM,2,DRIVER,,2039789,,HONDA,ODYSSEY,IL,2000,NONE,VAN/MINI-VAN,PERSONAL,E,TURNING LEFT,,,1,,,,,,Y,,,,,,,,,,,,FRONT-RIGHT-CORNER,,,,,,,,,,,,,,,,,,,,,,,,,,,,,,,,,
2139687,b108662babe403427a271fa3abf28b2910e9735acd1f055398838ee95c7d7935218b09cd738c6a575ff49b60b13dab532410125bcb70a207261965c3b1da8950,08/29/2025 04:40:00 PM,1,DRIVER,,2039689,,LINCOLN,NAVIGATOR,IL,,UNKNOWN,PASSENGER,UNKNOWN/NA,NW,SLOW/STOP IN TRAFFIC,,,1,,,,,,,,,,,,,Y,,,,,SIDE-LEFT,,,,,,,,,,,,,,,,,,,,,,,,,,,,,,,,,
2139688,b108662babe403427a271fa3abf28b2910e9735acd1f055398838ee95c7d7935218b09cd738c6a575ff49b60b13dab532410125bcb70a207261965c3b1da8950,08/29/2025 04:40:00 PM,2,BICYCLE,,,,,,,,,,,,,,,,,,,,,,,,,,,,,,,,,,,,,,,,,,,,,,,,,,,,,,,,,,,,,,,,,,
2139751,8b974517cf37ccbda8c29ef7ceacaa6cc74abd3e26ba24b5b03e82d3735b0c91d25eacd21a05048081e020539c2e83ca6cf80e3cfa6ef4c2a19b227a949a12b5,08/29/2025 04:36:00 PM,1,DRIVER,,2039747,,NISSAN,SENTRA,IL,2023,NONE,PASSENGER,PERSONAL,N,CHANGING LANES,,,1,,,,,Y,Y,,,,,,,,,,,Y,FRONT-RIGHT-CORNER,,,,,,,,,,,,,,,,,,,,,,,,,,,,,,,,,
2139752,8b974517cf37ccbda8c29ef7ceacaa6cc74abd3e26ba24b5b03e82d3735b0c91d25eacd21a05048081e020539c2e83ca6cf80e3cfa6ef4c2a19b227a949a12b5,08/29/2025 04:36:00 PM,2,DRIVER,,2039752,,FORD,EXPEDITION,IL,2019,NONE,PASSENGER,PERSONAL,N,STRAIGHT AHEAD,,,1,,,,,,,,,,,Y,Y,Y,Y,,,Y,SIDE-LEFT,,,,,,,,,,,,,,,,,,,,,,,,,,,,,,,,,
2139743,cdb6f2e39e5d5bb0cac112a4b19d7b2415f4369308f0828dffb878481fdaa3d51261f4a861d4f519c440f7c8fa586a86df5f43151833db277de5c3a7767afd7c,08/29/2025 04:36:00 PM,1,DRIVER,1,2039751,,FORD,F650,AZ,2024,UNKNOWN,TRUCK - SINGLE UNIT,PERSONAL,W,TURNING RIGHT,,,2,,,,,,,Y,Y,,,,,,,,,,SIDE-RIGHT,,,,,,,,,,,,,,,,,,,,,,,,,,,,,,,,,
2139744,cdb6f2e39e5d5bb0cac112a4b19d7b2415f4369308f0828dffb878481fdaa3d51261f4a861d4f519c440f7c8fa586a86df5f43151833db277de5c3a7767afd7c,08/29/2025 04:36:00 PM,2,PARKED,,2039765,,TESLA,MODEL 3,IL,2024,UNKNOWN,PASSENGER,PERSONAL,W,PARKED,,,0,,,,,,,,,,,Y,,,,,,,REAR-LEFT-CORNER,,,,,,,,,,,,,,,,,,,,,,,,,,,,,,,,,
2139675,0e07fcbce3ddc1e8c6d8315d0c517d2b896c0727673b0390083dfabe7b3dbd7a2d6489009ff1112947e98ef91ed603fb2db749b07f330f24a2f0a24c24b6b043,08/29/2025 04:35:00 PM,1,DRIVER,,2039683,,LEXUS,OTHER (EXPLAIN IN NARRATIVE),IL,2000,UNKNOWN,PASSENGER,UNKNOWN/NA,S,MERGING,,,1,,,,,,,,,,,,,,,N,,Y,FRONT-LEFT-CORNER,,,,,,,,,,,,,,,,,,,,,,,,,,,,,,,,,
2139676,0e07fcbce3ddc1e8c6d8315d0c517d2b896c0727673b0390083dfabe7b3dbd7a2d6489009ff1112947e98ef91ed603fb2db749b07f330f24a2f0a24c24b6b043,08/29/2025 04:35:00 PM,2,DRIVER,1,2039691,,HONDA,OTHER (EXPLAIN IN NARRATIVE),IL,2014,NONE,PASSENGER,PERSONAL,S,STRAIGHT AHEAD,,,2,,,,,Y,Y,,,,,,,,,,,,FRONT-RIGHT-CORNER,,,,,,,,,,,,,,,,,,,,,,,,,,,,,,,,,
2140318,22e3f27a6813a7f9aa230531b9106f8e0200fb33fce15cf5ed17fc746560a07821c763a5e577b98e225b6466417d0315f25104b3a26ccd9897485dbaded949cb,08/29/2025 04:32:00 PM,1,DRIVER,,2040288,,DODGE,DURANGO,IN,2017,UNKNOWN,SPORT UTILITY VEHICLE (SUV),PERSONAL,W,BACKING,,,1,,,,,,,,,,,,,,,,,Y,UNKNOWN,,,,,,,,,,,,,,,,,,,,,,,,,,,,,,,,,
2140319,22e3f27a6813a7f9aa230531b9106f8e0200fb33fce15cf5ed17fc746560a07821c763a5e577b98e225b6466417d0315f25104b3a26ccd9897485dbaded949cb,08/29/2025 04:32:00 PM,2,DRIVER,,2040289,,SUBARU,OUTBACK,,2016,UNKNOWN,SPORT UTILITY VEHICLE (SUV),PERSONAL,E,BACKING,,,1,,,,,,,,,Y,Y,,,,,,,,REAR,,,,,,,,,,,,,,,,,,,,,,,,,,,,,,,,,
2139824,479813abc15626c61eff71b7c9eac494801fd45dbaf3e6eeb41073e229d1eb1209ede048d5863835ead4fb95b0b92b8ce0086abd121cee3d7865b399d6e864a3,08/29/2025 04:32:00 PM,1,DRIVER,,2039821,Y,NOVA BUS,LFS,IL,2024,NONE,BUS OVER 15 PASS.,CTA,N,STRAIGHT AHEAD,Y,,1,,PRIVATE TOW,PRIVATE TOW,,,,Y,Y,,,,,,,,,,SIDE-RIGHT-REAR,"22,103",,,,,,CHICAGO TRANSIT AUTHORITY,IL,CHICAGO,,,,N,N,,N,,N,N,,,,,,,,,BUS,BUS,OTHER,N,N,
2139825,479813abc15626c61eff71b7c9eac494801fd45dbaf3e6eeb41073e229d1eb1209ede048d5863835ead4fb95b0b92b8ce0086abd121cee3d7865b399d6e864a3,08/29/2025 04:32:00 PM,2,BICYCLE,,,,,,,,,,,,,,,,,,,,,,,,,,,,,,,,,,,,,,,,,,,,,,,,,,,,,,,,,,,,,,,,,,
2139826,479813abc15626c61eff71b7c9eac494801fd45dbaf3e6eeb41073e229d1eb1209ede048d5863835ead4fb95b0b92b8ce0086abd121cee3d7865b399d6e864a3,08/29/2025 04:32:00 PM,3,PARKED,,2039829,,TOYOTA,COROLLA,IL,2024,NONE,PASSENGER,PERSONAL,N,PARKED,,,0,,,,,,,,,,,,,,Y,Y,,,FRONT-LEFT-CORNER,,,,,,,,,,,,,,,,,,,,,,,,,,,,,,,,,
2139865,4eedbca01323d7fc06cf5e7692ea0c7fdc2ec120c977d5eea4bcbd59eda7dda3ac621fb66ed71015dd617e8e89f3192e99031839a39c457a61777474b6eee605,08/29/2025 04:30:00 PM,1,DRIVER,,2039858,,ACURA,ILX,,,NONE,PASSENGER,PERSONAL,SW,PASSING/OVERTAKING,,,1,,,,,,,,,,,Y,Y,,,,,,REAR-LEFT-CORNER,,,,,,,,,,,,,,,,,,,,,,,,,,,,,,,,,
2139866,4eedbca01323d7fc06cf5e7692ea0c7fdc2ec120c977d5eea4bcbd59eda7dda3ac621fb66ed71015dd617e8e89f3192e99031839a39c457a61777474b6eee605,08/29/2025 04:30:00 PM,2,DRIVER,1,2039862,,FORD,F450,,2007,NONE,TRUCK - SINGLE UNIT,PERSONAL,E,STRAIGHT AHEAD,,,2,,,,,,,Y,Y,Y,,N,N,N,,,,,SIDE-RIGHT-REAR,,,,,,,,,,,,,,,,,,,,,,,,,,,,,,,,,
2139713,53002d47e2fdb1d73c13c955775a777de0fbb4f4d15ee801ebac31176b841af850688c65138827c570c8b15c82d8192a905e609afe8f8c69e6b5795aaf56e564,08/29/2025 04:30:00 PM,1,DRIVER,,2039710,,PORSCHE,MACAN,IL,2021,UNKNOWN,SPORT UTILITY VEHICLE (SUV),PERSONAL,UNKNOWN,PASSING/OVERTAKING,,,1,,,,,Y,Y,,,,,,,,,,,,FRONT-RIGHT-CORNER,,,,,,,,,,,,,,,,,,,,,,,,,,,,,,,,,
2139714,53002d47e2fdb1d73c13c955775a777de0fbb4f4d15ee801ebac31176b841af850688c65138827c570c8b15c82d8192a905e609afe8f8c69e6b5795aaf56e564,08/29/2025 04:30:00 PM,2,PARKED,,2039713,,MITSUBISHI,OUTLANDER,IL,2025,UNKNOWN,SPORT UTILITY VEHICLE (SUV),NOT IN USE,UNKNOWN,PARKED,,,0,,,,,,,,,,,,Y,Y,Y,,,,SIDE-LEFT,,,,,,,,,,,,,,,,,,,,,,,,,,,,,,,,,
2139845,885ec2650f3318b3d1ca185feffe25ce2c341e4ab3287a7507732202c8551ce532067d8d3c7c44c57070cc1aafbbe7bae10f621189916cad30bcadab8d35c03b,08/29/2025 04:30:00 PM,1,DRIVER,,2039841,,LINCOLN,MKX,IL,2007,UNKNOWN,PASSENGER,UNKNOWN/NA,W,BACKING,,,1,,,,,,,,,,,,,,,,,Y,UNKNOWN,,,,,,,,,,,,,,,,,,,,,,,,,,,,,,,,,
2139846,885ec2650f3318b3d1ca185feffe25ce2c341e4ab3287a7507732202c8551ce532067d8d3c7c44c57070cc1aafbbe7bae10f621189916cad30bcadab8d35c03b,08/29/2025 04:30:00 PM,2,DRIVER,,2039853,,KIA,SOUL,IL,2023,UNKNOWN,PASSENGER,UNKNOWN/NA,N,STRAIGHT AHEAD,,,1,,,,,Y,,,,,,,,,,,Y,,FRONT-RIGHT-CORNER,,,,,,,,,,,,,,,,,,,,,,,,,,,,,,,,,
2139723,af6a1c301d92e10448bc97c046eb734cf55fccbfc1a3990a6e8e54ecefd764338b2b6ae57e3884163816bec611ee1bd9ad73f4d479fe8a6828f2c671d4976fd9,08/29/2025 04:30:00 PM,1,DRIVER,,2039726,,CHEVROLET,SILVERADO,IL,2024,UNKNOWN,PASSENGER,PERSONAL,N,STRAIGHT AHEAD,,,1,,,,,,,,,,,,,,,Y,,,FRONT-LEFT-CORNER,,,,,,,,,,,,,,,,,,,,,,,,,,,,,,,,,
2139724,af6a1c301d92e10448bc97c046eb734cf55fccbfc1a3990a6e8e54ecefd764338b2b6ae57e3884163816bec611ee1bd9ad73f4d479fe8a6828f2c671d4976fd9,08/29/2025 04:30:00 PM,2,PARKED,,2039735,,TOYOTA,RAV4,IL,2015,NONE,PASSENGER,PERSONAL,N,PARKED,,,0,,,,,,,,Y,Y,,,,,,,,,SIDE-RIGHT-REAR,,,,,,,,,,,,,,,,,,,,,,,,,,,,,,,,,
2139703,85598354434d4d00e5d1f3d288ff53d542ab9b128b38b9ac2ba4a20094dd3d7842fb2e41245d22b428dd14066ff64ebcee83119eff1bb0892c3682c859339d04,08/29/2025 04:26:00 PM,1,DRIVER,,2039697,,UNKNOWN,OTHER (EXPLAIN IN NARRATIVE),,,UNKNOWN,PASSENGER,UNKNOWN/NA,E,STRAIGHT AHEAD,,,1,,,,,,,,,,,,,,,,,Y,SIDE-RIGHT,,,,,,,,,,,,,,,,,,,,,,,,,,,,,,,,,
2139704,85598354434d4d00e5d1f3d288ff53d542ab9b128b38b9ac2ba4a20094dd3d7842fb2e41245d22b428dd14066ff64ebcee83119eff1bb0892c3682c859339d04,08/29/2025 04:26:00 PM,2,DRIVER,2,2039704,,THOMAS BUILT BUS COMPANY,THOMAS BUILT BUS CO.,IL,2017,NONE,BUS OVER 15 PASS.,SCHOOL BUS,E,SLOW/STOP IN TRAFFIC,,,3,,,,,,,,,,,Y,Y,Y,Y,Y,,,SIDE-LEFT,,,,,,,,,,,,,,,,,,,,,,,,,,,,,,,,,
2139831,945cc4fb7af9168dc4e43e926497651e232d736aea711032959f8106a2d451608216fe99fd0740f98b06540281c0497c125b8cfd40959d58aec88bfd24a48232,08/29/2025 04:25:00 PM,1,DRIVER,,2039825,,DODGE,CARAVAN,IL,2009,NONE,VAN/MINI-VAN,PERSONAL,S,STRAIGHT AHEAD,,,1,,,,,Y,,,,,,,,,,Y,Y,N,FRONT,,,,,,,,,,,,,,,,,,,,,,,,,,,,,,,,,
2139832,945cc4fb7af9168dc4e43e926497651e232d736aea711032959f8106a2d451608216fe99fd0740f98b06540281c0497c125b8cfd40959d58aec88bfd24a48232,08/29/2025 04:25:00 PM,2,DRIVER,,2039842,,HYUNDAI,SONATA,IL,2020,NONE,PASSENGER,PERSONAL,W,STRAIGHT AHEAD,,,1,,,,,,,Y,Y,Y,,,,,,,,,SIDE-RIGHT,,,,,,,,,,,,,,,,,,,,,,,,,,,,,,,,,
2139913,ea1dc82b667124eb9a79fd9bd5ebaae97a3ef63661e4cfe35b2fae010a4fe04ac5a34cf4174ee14f76c1d88aa7824e83c271513956d5f2d8437bdc2b6fa57ae5,08/29/2025 04:21:00 PM,1,DRIVER,,2039912,,HONDA,CR-V,IL,2002,UNKNOWN,SPORT UTILITY VEHICLE (SUV),UNKNOWN/NA,UNKNOWN,PASSING/OVERTAKING,,,1,,,,,,,,,,,,,,,,,,UNKNOWN,,,,,,,,,,,,,,,,,,,,,,,,,,,,,,,,,
2139914,ea1dc82b667124eb9a79fd9bd5ebaae97a3ef63661e4cfe35b2fae010a4fe04ac5a34cf4174ee14f76c1d88aa7824e83c271513956d5f2d8437bdc2b6fa57ae5,08/29/2025 04:21:00 PM,2,PEDESTRIAN,,,,,,,,,,,,,,,,,,,,,,,,,,,,,,,,,,,,,,,,,,,,,,,,,,,,,,,,,,,,,,,,,,
2139790,c0cb3f49b2bf5636a673159a23f4212790eae944b445918468b90d9ba847b9d26545dd23f210ba2b6944e32a4f374096765cb953dedc876e52c17199ad2961b9,08/29/2025 04:18:00 PM,1,DRIVER,6,2039798,,GENERAL MOTORS CORPORATION (GMC),TERRAIN,IL,2020,NONE,PASSENGER,PERSONAL,NW,TURNING LEFT,,,7,,,,,Y,,,,,,,,,,Y,Y,,FRONT,,,,,,,,,,,,,,,,,,,,,,,,,,,,,,,,,
2139791,c0cb3f49b2bf5636a673159a23f4212790eae944b445918468b90d9ba847b9d26545dd23f210ba2b6944e32a4f374096765cb953dedc876e52c17199ad2961b9,08/29/2025 04:18:00 PM,2,DRIVER,2,2039811,,CADILLAC,OTHER (EXPLAIN IN NARRATIVE),IL,2013,NONE,PASSENGER,PERSONAL,E,STRAIGHT AHEAD,,,3,,,,,,Y,Y,Y,,,,,,,,,,SIDE-RIGHT,,,,,,,,,,,,,,,,,,,,,,,,,,,,,,,,,
2139863,31eba268b2433868cfb1a13df9c89f7b3294e095ce7b2b81892524ab8e13e0d0b452db9bef3c5cd2fb8a68784dfd2258e4ae7e2d06b5bd76fc4c8e6e5fdcb08b,08/29/2025 04:15:00 PM,1,DRIVER,,2039855,,JEEP,CHEROKEE,IL,2016,UNKNOWN,SPORT UTILITY VEHICLE (SUV),PERSONAL,S,STRAIGHT AHEAD,,,1,,,,,Y,,,,,,,,,,,Y,,FRONT-LEFT-CORNER,,,,,,,,,,,,,,,,,,,,,,,,,,,,,,,,,
2139864,31eba268b2433868cfb1a13df9c89f7b3294e095ce7b2b81892524ab8e13e0d0b452db9bef3c5cd2fb8a68784dfd2258e4ae7e2d06b5bd76fc4c8e6e5fdcb08b,08/29/2025 04:15:00 PM,2,DRIVER,4,2039863,,MITSUBISHI,OUTLANDER,IL,2023,NONE,SPORT UTILITY VEHICLE (SUV),PERSONAL,S,SLOW/STOP IN TRAFFIC,,,5,,,,,,,,,,Y,Y,,,,,,,SIDE-LEFT-REAR,,,,,,,,,,,,,,,,,,,,,,,,,,,,,,,,,
2139779,af40854f5baf4fef86a5aa1b7e1cdae7010fa3b15ef523db80a265b586927fce53e6dfaee045f4c171a8d9c335e7d463819972a1504e56b13706cdcd8e11674d,08/29/2025 04:15:00 PM,1,DRIVER,,2039781,,FORD,ESCAPE,IL,2012,UNKNOWN,SPORT UTILITY VEHICLE (SUV),UNKNOWN/NA,S,BACKING,,,1,,,,,,,,,N,N,Y,,,,,,,REAR-LEFT-CORNER,,,,,,,,,,,,,,,,,,,,,,,,,,,,,,,,,
2139780,af40854f5baf4fef86a5aa1b7e1cdae7010fa3b15ef523db80a265b586927fce53e6dfaee045f4c171a8d9c335e7d463819972a1504e56b13706cdcd8e11674d,08/29/2025 04:15:00 PM,2,DRIVER,,2039801,,CADILLAC,ESCALADE,IL,2025,NONE,OTHER,OTHER,N,STRAIGHT AHEAD,,,1,,,,,Y,,,,,,N,,,,,Y,,FRONT,,,,,,,,,,,,,,,,,,,,,,,,,,,,,,,,,
2139673,be4b7a690c7c70e5167fd5a1b63c76ea62bfd1a8da5f6c7827077c78ee45cc5398f3bda3713be9e667bd63d5622d3df78dc25660d2e8909216de12051820be5f,08/29/2025 04:15:00 PM,1,DRIVER,,2039677,,AUDI,ALLROAD,IL,2004,UNKNOWN,UNKNOWN/NA,UNKNOWN/NA,UNKNOWN,UNKNOWN/NA,,,1,,,,,,,,,,,,,,,,,Y,UNKNOWN,,,,,,,,,,,,,,,,,,,,,,,,,,,,,,,,,
2139674,be4b7a690c7c70e5167fd5a1b63c76ea62bfd1a8da5f6c7827077c78ee45cc5398f3bda3713be9e667bd63d5622d3df78dc25660d2e8909216de12051820be5f,08/29/2025 04:15:00 PM,2,DRIVER,,2039681,,BMW,328IS,,2013,UNKNOWN,UNKNOWN/NA,UNKNOWN/NA,UNKNOWN,UNKNOWN/NA,,,1,,,,,,,,,Y,Y,Y,,,,,,,REAR,,,,,,,,,,,,,,,,,,,,,,,,,,,,,,,,,
2139788,3ac8fd59d2a4bd8376eeb09d6fd2a6025959346ff6f7081eeb38de8dbf22e8dd4a36c167a10deed4a9b9028a861d4abb819a061d8c8746834a5dc662ca45bae0,08/29/2025 04:10:00 PM,1,DRIVER,1,2039782,,UNKNOWN,OPEN BODY,IL,,UNKNOWN,MOPED OR MOTORIZED BICYCLE,UNKNOWN/NA,E,STRAIGHT AHEAD,,,2,,,,,,,,,,,,,,,,,Y,FRONT,,,,,,,,,,,,,,,,,,,,,,,,,,,,,,,,,
2139789,3ac8fd59d2a4bd8376eeb09d6fd2a6025959346ff6f7081eeb38de8dbf22e8dd4a36c167a10deed4a9b9028a861d4abb819a061d8c8746834a5dc662ca45bae0,08/29/2025 04:10:00 PM,2,DRIVER,1,2039788,,NISSAN,JUKE,IL,2025,NONE,SPORT UTILITY VEHICLE (SUV),UNKNOWN/NA,E,SLOW/STOP IN TRAFFIC,,,2,,,,,,,,,Y,Y,,,,,,,,REAR-RIGHT-CORNER,,,,,,,,,,,,,,,,,,,,,,,,,,,,,,,,,
2139689,662c1336a4c77a2c5c5bd20921390f367fee86be61b70e3322ede1f0990e2563698f1c0fd700635d425d82b73f5145efd681d11d1a70f127f97746ff5dbe1f2e,08/29/2025 04:10:00 PM,2,DRIVER,,2039688,,JEEP,PATRIOT,IL,2011,NONE,SPORT UTILITY VEHICLE (SUV),PERSONAL,S,STRAIGHT AHEAD,,,1,,,,,Y,,,,,,,,,,,,,FRONT-LEFT-CORNER,,,,,,,,,,,,,,,,,,,,,,,,,,,,,,,,,
2139690,662c1336a4c77a2c5c5bd20921390f367fee86be61b70e3322ede1f0990e2563698f1c0fd700635d425d82b73f5145efd681d11d1a70f127f97746ff5dbe1f2e,08/29/2025 04:10:00 PM,1,DRIVER,,2039692,,FORD,FUSION,IL,2015,NONE,PASSENGER,PERSONAL,S,TURNING RIGHT,Y,,1,,PRIVATE TOW,UNK,,,,,,Y,Y,Y,,,,,,,REAR,,,,,,,,,,,,,,,,,,,,,,,,,,,,,,,,,
2140276,ea9ab4e91c9f78f3a74e8f1d40779ae6e8c9bad746cf1683ce007966326ac7629f47cde98fb863cc038eb0381c9abaf7526bd3d8221e963d438b82941329c6c1,08/29/2025 04:10:00 PM,1,DRIVER,,2040252,,ACURA,ADX,IL,2023,UNKNOWN,SPORT UTILITY VEHICLE (SUV),PERSONAL,UNKNOWN,UNKNOWN/NA,,,1,,,,,,,,,,,,,,,,,Y,UNKNOWN,,,,,,,,,,,,,,,,,,,,,,,,,,,,,,,,,
2140277,ea9ab4e91c9f78f3a74e8f1d40779ae6e8c9bad746cf1683ce007966326ac7629f47cde98fb863cc038eb0381c9abaf7526bd3d8221e963d438b82941329c6c1,08/29/2025 04:10:00 PM,2,PARKED,,2040267,,TOYOTA,RAV4,IL,2021,NONE,PASSENGER,NOT IN USE,UNKNOWN,PARKED,,,0,,,,,,,,,,,Y,Y,,,,,,REAR-LEFT-CORNER,,,,,,,,,,,,,,,,,,,,,,,,,,,,,,,,,
2139648,0a235dd47d623fb6a34c311268e2741d4b68f9eeb0d7985f6ace39ec377c184cafeb7e7e67d0d97b1fee394dca700f9718029376c2c03457518e96e59d183973,08/29/2025 04:00:00 PM,1,DRIVER,,2039664,,SUBARU,IMPREZA,IL,2019,NONE,PASSENGER,PERSONAL,NE,TURNING LEFT,,,1,,,,,,,,,,,Y,,,,,,,REAR-LEFT-CORNER,,,,,,,,,,,,,,,,,,,,,,,,,,,,,,,,,
2139649,0a235dd47d623fb6a34c311268e2741d4b68f9eeb0d7985f6ace39ec377c184cafeb7e7e67d0d97b1fee394dca700f9718029376c2c03457518e96e59d183973,08/29/2025 04:00:00 PM,2,DRIVER,,2039676,,INFINITI,Q50,IL,2015,NONE,PASSENGER,PERSONAL,E,STRAIGHT AHEAD,,,1,,,,,Y,,,,,,,,,,,,,FRONT-RIGHT-CORNER,,,,,,,,,,,,,,,,,,,,,,,,,,,,,,,,,
2139697,377a51bcdf6490510ee4bf453e5ad456f5eeb71b43abd88fbfc6a05de6254293ffca6ba9fe352e8ed845dae3c674057052585f113f1bcc60a666b4e5593ef334,08/29/2025 04:00:00 PM,1,DRIVER,,2039698,,HONDA,ACCORD,IL,2018,UNKNOWN,PASSENGER,PERSONAL,W,AVOIDING VEHICLES/OBJECTS,,,1,,,,,,Y,Y,Y,,,,,,,,,,SIDE-RIGHT,,,,,,,,,,,,,,,,,,,,,,,,,,,,,,,,,
2139698,377a51bcdf6490510ee4bf453e5ad456f5eeb71b43abd88fbfc6a05de6254293ffca6ba9fe352e8ed845dae3c674057052585f113f1bcc60a666b4e5593ef334,08/29/2025 04:00:00 PM,2,DRIVER,,2039714,,HONDA,ACCORD,IL,2022,UNKNOWN,PASSENGER,PERSONAL,W,SLOW/STOP IN TRAFFIC,,,1,,,,,,,,,,,,,,Y,Y,,,FRONT-LEFT-CORNER,,,,,,,,,,,,,,,,,,,,,,,,,,,,,,,,,
2139710,4ea0f6cd34b292c5d8101c26417c571afcdebb24d138bf2e553350f31a27b9e25444caf1f919ee3bd29d0ed018103a6724ed35e12008efb8fa42320ddd6ce752,08/29/2025 04:00:00 PM,1,DRIVER,,2039716,,FIAT,OTHER (EXPLAIN IN NARRATIVE),IL,2012,NONE,PASSENGER,PERSONAL,SW,OTHER,Y,,1,,UNKNOWN,UNKOWN,,Y,Y,,,,,,,,,,,,SIDE-RIGHT-FRONT,,,,,,,,,,,,,,,,,,,,,,,,,,,,,,,,,
2139711,4ea0f6cd34b292c5d8101c26417c571afcdebb24d138bf2e553350f31a27b9e25444caf1f919ee3bd29d0ed018103a6724ed35e12008efb8fa42320ddd6ce752,08/29/2025 04:00:00 PM,2,DRIVER,,2039731,,FORD,EXPLORER,IL,2018,NONE,PASSENGER,PERSONAL,S,STRAIGHT AHEAD,,,1,,,,,Y,,,,,,,,,,Y,Y,,FRONT,,,,,,,,,,,,,,,,,,,,,,,,,,,,,,,,,
2139771,69ce7bdaed7a5676e9fc3e8b61a789ff4512c14f227c03f3b699cfcee32d44fc568909e5b653e13cc0aae97da0710edeed6a8fdbcadd3703f4af26f6c19a802f,08/29/2025 04:00:00 PM,1,DRIVER,,2039766,,TOYOTA,PRIUS,IL,2012,UNKNOWN,PASSENGER,PERSONAL,N,STRAIGHT AHEAD,,,1,,,,,,,,,,,,,,,Y,Y,,FRONT-LEFT-CORNER,,,,,,,,,,,,,,,,,,,,,,,,,,,,,,,,,