CRASH_UNIT_ID,CRASH_RECORD_ID,CRASH_DATE,UNIT_NO,UNIT_TYPE,NUM_PASSENGERS,VEHICLE_ID,CMRC_VEH_I,MAKE,MODEL,LIC_PLATE_STATE,VEHICLE_YEAR,VEHICLE_DEFECT,VEHICLE_TYPE,VEHICLE_USE,TRAVEL_DIRECTION,MANEUVER,TOWED_I,FIRE_I,OCCUPANT_CNT,EXCEED_SPEED_LIMIT_I,TOWED_BY,TOWED_TO,AREA_00_I,AREA_01_I,AREA_02_I,AREA_03_I,AREA_04_I,AREA_05_I,AREA_06_I,AREA_07_I,AREA_08_I,AREA_09_I,AREA_10_I,AREA_11_I,AREA_12_I,AREA_99_I,FIRST_CONTACT_POINT,CMV_ID,USDOT_NO,CCMC_NO,ILCC_NO,COMMERCIAL_SRC,GVWR,CARRIER_NAME,CARRIER_STATE,CARRIER_CITY,HAZMAT_PLACARDS_I,HAZMAT_NAME,UN_NO,HAZMAT_PRESENT_I,HAZMAT_REPORT_I,HAZMAT_REPORT_NO,MCS_REPORT_I,MCS_REPORT_NO,HAZMAT_VIO_CAUSE_CRASH_I,MCS_VIO_CAUSE_CRASH_I,IDOT_PERMIT_NO,WIDE_LOAD_I,TRAILER1_WIDTH,TRAILER2_WIDTH,TRAILER1_LENGTH,TRAILER2_LENGTH,TOTAL_VEHICLE_LENGTH,AXLE_CNT,VEHICLE_CONFIG,CARGO_BODY_TYPE,LOAD_TYPE,HAZMAT_OUT_OF_SERVICE_I,MCS_OUT_OF_SERVICE_I,HAZMAT_CLASS
2139772,69ce7bdaed7a5676e9fc3e8b61a789ff4512c14f227c03f3b699cfcee32d44fc568909e5b653e13cc0aae97da0710edeed6a8fdbcadd3703f4af26f6c19a802f,08/29/2025 04:00:00 PM,2,DRIVER,,2039785,,TOYOTA,CAMRY,CA,2018,NONE,PASSENGER,PERSONAL,N,LEAVING TRAFFIC LANE TO PARK,,,1,,,,,,Y,Y,,,,,,,,,,,SIDE-RIGHT-FRONT,,,,,,,,,,,,,,,,,,,,,,,,,,,,,,,,,
2139637,8e08cad8be8edddc6749ed9a95468d6e55bc2c56acd0d66f7fbd5a152f57e882bc91c15b037187a5f93b5a679f0ec5b613b00010d63d6d69672f224d59ce2e06,08/29/2025 04:00:00 PM,1,DRIVER,,2039640,,FORD,VAN,IL,2006,NONE,SPORT UTILITY VEHICLE (SUV),PERSONAL,UNKNOWN,TURNING RIGHT,,,1,,,,,,,,Y,,,,,,,,,,SIDE-RIGHT-REAR,,,,,,,,,,,,,,,,,,,,,,,,,,,,,,,,,
2139638,8e08cad8be8edddc6749ed9a95468d6e55bc2c56acd0d66f7fbd5a152f57e882bc91c15b037187a5f93b5a679f0ec5b613b00010d63d6d69672f224d59ce2e06,08/29/2025 04:00:00 PM,2,PARKED,1,2039642,,NISSAN,ALTIMA,IL,2024,NONE,PASSENGER,NOT IN USE,UNKNOWN,PARKED,,,1,,,,,,,,,,,,,,,Y,,,FRONT-LEFT-CORNER,,,,,,,,,,,,,,,,,,,,,,,,,,,,,,,,,
2139781,9d2fb71b4f9dcf8b6a4b086af107b15269491811d7fa1009cd6f668da2ccf064c169514a3c242500c47d2478cbabaeba1a0460b336e23e8e357d1418d18bfbec,08/29/2025 04:00:00 PM,1,DRIVER,,2039768,,JEEP,CHEROKEE,,,UNKNOWN,SPORT UTILITY VEHICLE (SUV),UNKNOWN/NA,S,UNKNOWN/NA,,,1,,,,,,,,,,,,,,,,,,UNKNOWN,,,,,,,,,,,,,,,,,,,,,,,,,,,,,,,,,
2139782,9d2fb71b4f9dcf8b6a4b086af107b15269491811d7fa1009cd6f668da2ccf064c169514a3c242500c47d2478cbabaeba1a0460b336e23e8e357d1418d18bfbec,08/29/2025 04:00:00 PM,2,DRIVER,,2039769,,VOLKSWAGEN,CC,IL,2012,NONE,PASSENGER,PERSONAL,S,STRAIGHT AHEAD,,,1,,,,,,,,,,,,,,Y,,,,SIDE-LEFT,,,,,,,,,,,,,,,,,,,,,,,,,,,,,,,,,
2139783,9d2fb71b4f9dcf8b6a4b086af107b15269491811d7fa1009cd6f668da2ccf064c169514a3c242500c47d2478cbabaeba1a0460b336e23e8e357d1418d18bfbec,08/29/2025 04:00:00 PM,3,DRIVER,,2039770,,NISSAN,ROGUE,IL,2018,UNKNOWN,SPORT UTILITY VEHICLE (SUV),UNKNOWN/NA,S,STRAIGHT AHEAD,,,1,,,,,,,,,,Y,,,,,,,,REAR,,,,,,,,,,,,,,,,,,,,,,,,,,,,,,,,,
2139867,d88f2869b5676a2765b3f60e7e4227c52a889921476dc795a2f701e862586bca02d4db65c93700368c3037542a5682b71954b665fd8461903015162c7b14ab3a,08/29/2025 04:00:00 PM,1,DRIVER,,2039857,,UNKNOWN,OTHER (EXPLAIN IN NARRATIVE),,,UNKNOWN,UNKNOWN/NA,UNKNOWN/NA,UNKNOWN,UNKNOWN/NA,,,1,,,,,,,,,,,,,,,,,Y,UNKNOWN,,,,,,,,,,,,,,,,,,,,,,,,,,,,,,,,,
2139868,d88f2869b5676a2765b3f60e7e4227c52a889921476dc795a2f701e862586bca02d4db65c93700368c3037542a5682b71954b665fd8461903015162c7b14ab3a,08/29/2025 04:00:00 PM,2,DRIVER,,2039861,,FORD,ESCAPE,IL,2015,UNKNOWN,PASSENGER,PERSONAL,W,STRAIGHT AHEAD,,,1,,,,,,,,,,,,,,,Y,Y,,UNKNOWN,,,,,,,,,,,,,,,,,,,,,,,,,,,,,,,,,
2139679,dd7af1465ac1824b6a55ec114133eaaaab84a574ebc18c49675d4bdffa8dcc839b3cbf8e844ef85d93c00d692f637b364fa74aa4adb73b02d615393e1feafdbc,08/29/2025 04:00:00 PM,1,DRIVER,,2039680,,HONDA,ACCORD,IL,2020,NONE,PASSENGER,PERSONAL,W,TURNING LEFT,,,1,,,,,,,,,,,,,,Y,Y,,,SIDE-LEFT-FRONT,,,,,,,,,,,,,,,,,,,,,,,,,,,,,,,,,
2139680,dd7af1465ac1824b6a55ec114133eaaaab84a574ebc18c49675d4bdffa8dcc839b3cbf8e844ef85d93c00d692f637b364fa74aa4adb73b02d615393e1feafdbc,08/29/2025 04:00:00 PM,2,DRIVER,,2039707,,FORD,MAVERICK TRUCK,IL,2025,NONE,PICKUP,PERSONAL,E,STRAIGHT AHEAD,,,1,,,,,,,,,,,,,,,,,Y,FRONT,,,,,,,,,,,,,,,,,,,,,,,,,,,,,,,,,
2139719,697396650e11718e83ab414aa57785946f442d5ae881d56e2ca54056fc377d46a1b2dc5d46b78339a497eb18286c640266b565cbda365268e81905709e38de17,08/29/2025 03:58:00 PM,1,DRIVER,,2039720,,NEW FLYER,OTHER (EXPLAIN IN NARRATIVE),IL,2007,UNKNOWN,BUS OVER 15 PASS.,CTA,N,TURNING LEFT,,,1,,,,,,,,,,,,Y,Y,Y,,,,SIDE-LEFT,,,,,,,,,,,,,,,,,,,,,,,,,,,,,,,,,
2139720,697396650e11718e83ab414aa57785946f442d5ae881d56e2ca54056fc377d46a1b2dc5d46b78339a497eb18286c640266b565cbda365268e81905709e38de17,08/29/2025 03:58:00 PM,2,DRIVER,1,2039728,,KIA,SPORTAGE,IL,2010,UNKNOWN,SPORT UTILITY VEHICLE (SUV),PERSONAL,S,STRAIGHT AHEAD,,,2,,,,,,,,,,,Y,,,,,,,REAR-LEFT-CORNER,,,,,,,,,,,,,,,,,,,,,,,,,,,,,,,,,
2140733,dc6e5b1ded1a1a2d221403ea0ae84495651a12c2fb5fbc1ad5344f9b111e50686c87f694e886bf4de5dd59940cca696d8a86818020d000e1c22d18020c8fe195,08/29/2025 03:55:00 PM,1,DRIVER,3,2040697,,HONDA,CR-V,IL,2013,NONE,SPORT UTILITY VEHICLE (SUV),PERSONAL,N,STRAIGHT AHEAD,,,4,,,,,,,,,,,,,,,,Y,,FRONT-RIGHT-CORNER,,,,,,,,,,,,,,,,,,,,,,,,,,,,,,,,,
2140734,dc6e5b1ded1a1a2d221403ea0ae84495651a12c2fb5fbc1ad5344f9b111e50686c87f694e886bf4de5dd59940cca696d8a86818020d000e1c22d18020c8fe195,08/29/2025 03:55:00 PM,2,DRIVER,1,2040711,,CHEVROLET,EQUINOX,IL,2021,NONE,SPORT UTILITY VEHICLE (SUV),PERSONAL,N,SLOW/STOP IN TRAFFIC,,,2,,,,,,,,,,Y,,,,,,,,REAR-LEFT-CORNER,,,,,,,,,,,,,,,,,,,,,,,,,,,,,,,,,
2139701,bae494162254fc4ab39a0390628c358fa6a0cf4eca903f19b7d926d43c5f4eba69a4a57c1d2e0ae689e4f2f53577524f2ac7cc55489a4cf8875aa3c3712e2b77,08/29/2025 03:52:00 PM,1,DRIVER,,2039718,,"PETERBILT MOTORS COMPANY (DIVISION OF PACCAR, INC.)","PETERBILT MOTORS CO., DIVISION PACCAR, INC.",IL,2009,NONE,TRUCK - SINGLE UNIT,TOW TRUCK,SE,TURNING RIGHT,,,1,,,,,Y,,,,,,,,,,,,,FRONT-RIGHT-CORNER,,,,,,,,,,,,,,,,,,,,,,,,,,,,,,,,,
2139702,bae494162254fc4ab39a0390628c358fa6a0cf4eca903f19b7d926d43c5f4eba69a4a57c1d2e0ae689e4f2f53577524f2ac7cc55489a4cf8875aa3c3712e2b77,08/29/2025 03:52:00 PM,2,DRIVER,1,2039736,,TOYOTA,COROLLA,IL,2010,NONE,PASSENGER,PERSONAL,E,STRAIGHT AHEAD,,,2,,,,,,,,,,,Y,Y,Y,,,,,SIDE-LEFT-REAR,,,,,,,,,,,,,,,,,,,,,,,,,,,,,,,,,
2139715,340e674b3caaf38719468f1fac114d6c7555f04bc0e23e8a0290ecd33966be49705154b4aba03d3483fb7b075cfac0a078b48df40a8eb8d60b5f590a1eb0dcdc,08/29/2025 03:50:00 PM,1,DRIVER,,2039715,,FORD,FUSION,,2014,NONE,PASSENGER,PERSONAL,E,STRAIGHT AHEAD,,,1,,,,,Y,,,,,,,,,,Y,Y,,FRONT,,,,,,,,,,,,,,,,,,,,,,,,,,,,,,,,,
2139716,340e674b3caaf38719468f1fac114d6c7555f04bc0e23e8a0290ecd33966be49705154b4aba03d3483fb7b075cfac0a078b48df40a8eb8d60b5f590a1eb0dcdc,08/29/2025 03:50:00 PM,2,DRIVER,1,2039723,,MAZDA,CX-9,,2010,NONE,SPORT UTILITY VEHICLE (SUV),PERSONAL,E,STRAIGHT AHEAD,,,2,,,,,,,,,Y,Y,Y,,,,,,,REAR,,,,,,,,,,,,,,,,,,,,,,,,,,,,,,,,,
2139765,6c3a4c176723fbe34a93a60334dfb6af8bad430a55fc5225d9640490400601fb5b9109396071370e16ef4f8b26c1e16156492d447ab8e81073789921feb98663,08/29/2025 03:50:00 PM,1,DRIVER,,2039761,,TOYOTA,CAMRY,IL,2003,UNKNOWN,PASSENGER,UNKNOWN/NA,N,PASSING/OVERTAKING,,,1,,,,,,,,,,,,,,,,,Y,UNKNOWN,,,,,,,,,,,,,,,,,,,,,,,,,,,,,,,,,
2139766,6c3a4c176723fbe34a93a60334dfb6af8bad430a55fc5225d9640490400601fb5b9109396071370e16ef4f8b26c1e16156492d447ab8e81073789921feb98663,08/29/2025 03:50:00 PM,2,DRIVER,,2039778,,NISSAN,ROGUE,IL,2023,UNKNOWN,PASSENGER,PERSONAL,N,STRAIGHT AHEAD,,,1,,,,,Y,Y,Y,Y,,,,,,,,,,SIDE-RIGHT-FRONT,,,,,,,,,,,,,,,,,,,,,,,,,,,,,,,,,
2139784,aba97b24d5eb54f721b35a72c8f348c49d2a6684e3513292dfce33b9f670f203fdb92ca98b7a9c414379b2923eff3836a89b6853173ad5ce5ad59f6edc9b4019,08/29/2025 03:50:00 PM,1,DRIVER,,2039780,,VOLKSWAGEN,OTHER (EXPLAIN IN NARRATIVE),IL,,NONE,PASSENGER,PERSONAL,W,MERGING,,,1,,,,,,,,,,,,,,,,,,NONE,,,,,,,,,,,,,,,,,,,,,,,,,,,,,,,,,
2139785,aba97b24d5eb54f721b35a72c8f348c49d2a6684e3513292dfce33b9f670f203fdb92ca98b7a9c414379b2923eff3836a89b6853173ad5ce5ad59f6edc9b4019,08/29/2025 03:50:00 PM,2,BICYCLE,,,,,,,,,,,,,,,,,,,,,,,,,,,,,,,,,,,,,,,,,,,,,,,,,,,,,,,,,,,,,,,,,,
2140158,34aff91b9b08bfce89dfb5e54037e40bac3ae41ba4c0c74a3da44664ff78fcdf512c64f1be9bb76a07d993b0b3614f440cc8a737c39806f4283a54a889b61ffa,08/29/2025 03:45:00 PM,1,DRIVER,,2040142,,FORD,EDGE,IL,2013,NONE,SPORT UTILITY VEHICLE (SUV),PERSONAL,W,STRAIGHT AHEAD,,,1,,,,Y,,,,,,,,,,,,,,NONE,,,,,,,,,,,,,,,,,,,,,,,,,,,,,,,,,
2140159,34aff91b9b08bfce89dfb5e54037e40bac3ae41ba4c0c74a3da44664ff78fcdf512c64f1be9bb76a07d993b0b3614f440cc8a737c39806f4283a54a889b61ffa,08/29/2025 03:45:00 PM,2,DRIVER,,2040146,,HYUNDAI,SONATA,IL,2022,NONE,PASSENGER,PERSONAL,SW,STRAIGHT AHEAD,,,1,,,,,,,,,,Y,,,,,,,,REAR,,,,,,,,,,,,,,,,,,,,,,,,,,,,,,,,,
2139654,5ef46abe2fc3288fe3da1725dba172fb78f5ee4af84bc816d0cbc9a60454587294e0169eacf58cb62ad308a7a6953c92b6b76cfeb3996d43c862838c6adbca0c,08/29/2025 03:45:00 PM,1,DRIVER,,2039656,,TOYOTA,CAMRY,IL,2022,UNKNOWN,PASSENGER,PERSONAL,S,BACKING,,,1,,,,Y,,,,,,,,,,,,,,NONE,,,,,,,,,,,,,,,,,,,,,,,,,,,,,,,,,
2139655,5ef46abe2fc3288fe3da1725dba172fb78f5ee4af84bc816d0cbc9a60454587294e0169eacf58cb62ad308a7a6953c92b6b76cfeb3996d43c862838c6adbca0c,08/29/2025 03:45:00 PM,2,PEDESTRIAN,,,,,,,,,,,,,,,,,,,,,,,,,,,,,,,,,,,,,,,,,,,,,,,,,,,,,,,,,,,,,,,,,,
2139773,a95d14685946fff0f258de665afae6ef4b8a056988e58441612db3d70686a8a2850200c878da03d4145622ab1991df321fb9838dab02278f0c9b8ef28028b8ad,08/29/2025 03:45:00 PM,1,DRIVER,,2039763,,CHEVROLET,TRAVERSE,IL,2009,NONE,PASSENGER,PERSONAL,N,LEAVING TRAFFIC LANE TO PARK,,,1,,,,,Y,,,,,,,,,,N,,,FRONT-RIGHT-CORNER,,,,,,,,,,,,,,,,,,,,,,,,,,,,,,,,,
2139774,a95d14685946fff0f258de665afae6ef4b8a056988e58441612db3d70686a8a2850200c878da03d4145622ab1991df321fb9838dab02278f0c9b8ef28028b8ad,08/29/2025 03:45:00 PM,2,PARKED,,2039775,,NISSAN,ALTIMA,IL,2015,NONE,PASSENGER,PERSONAL,E,PARKED,,,0,,,,,,,,,,,,,,,Y,,,FRONT-LEFT-CORNER,,,,,,,,,,,,,,,,,,,,,,,,,,,,,,,,,
2139708,7d830d86e89d7ff524e4ddb315e88f151d13f3c590d710708b4bdf0371b112e8c0fd7e8a6a81112055abfbf9f6af3ef6daec4cdcba2b831224a60e4bc5267b26,08/29/2025 03:44:00 PM,1,DRIVER,,2039706,,BUICK,ENCORE,IL,2024,UNKNOWN,SPORT UTILITY VEHICLE (SUV),UNKNOWN/NA,S,TURNING LEFT,,,1,,,,,Y,,,,,,,,,,,,,FRONT-RIGHT-CORNER,,,,,,,,,,,,,,,,,,,,,,,,,,,,,,,,,
2139709,7d830d86e89d7ff524e4ddb315e88f151d13f3c590d710708b4bdf0371b112e8c0fd7e8a6a81112055abfbf9f6af3ef6daec4cdcba2b831224a60e4bc5267b26,08/29/2025 03:44:00 PM,2,PARKED,,2039712,,HONDA,ODYSSEY,IL,2015,UNKNOWN,VAN/MINI-VAN,UNKNOWN/NA,N,PARKED,,,0,,,,,Y,,,,,,,,,,,,,FRONT-RIGHT-CORNER,,,,,,,,,,,,,,,,,,,,,,,,,,,,,,,,,
2139683,cda5fa0ff0c57218139a607e0039757536068689b162ba171970553e07e341696141ccd56a5367954ce4ab5ce751d84d3feeedd0f6eef374191be79b3d151be2,08/29/2025 03:43:00 PM,1,DRIVER,,2039687,,BMW,OTHER (EXPLAIN IN NARRATIVE),IL,2014,NONE,PASSENGER,PERSONAL,W,PASSING/OVERTAKING,,,1,,,,,,,,,,,,,Y,Y,Y,,,FRONT-LEFT-CORNER,,,,,,,,,,,,,,,,,,,,,,,,,,,,,,,,,
2139684,cda5fa0ff0c57218139a607e0039757536068689b162ba171970553e07e341696141ccd56a5367954ce4ab5ce751d84d3feeedd0f6eef374191be79b3d151be2,08/29/2025 03:43:00 PM,2,DRIVER,,2039696,,HONDA,HR-V,IL,2018,NONE,PASSENGER,PERSONAL,W,STRAIGHT AHEAD,,,1,,,,,Y,Y,,,,,,,,,,,,FRONT-RIGHT-CORNER,,,,,,,,,,,,,,,,,,,,,,,,,,,,,,,,,
2139804,034fd0c4a58e844485dee28c771074c56dc5f53bda3e97c5f039dd81d55add561bcfce564af8149d29e86a24707932493a6e2ab9f88116a40db04f33f916889a,08/29/2025 03:40:00 PM,1,DRIVER,,2039804,,KIA,SPORTAGE,IL,2024,NONE,PASSENGER,PERSONAL,S,STRAIGHT AHEAD,,,1,,,,,,,,,,,,,,,,,Y,FRONT,,,,,,,,,,,,,,,,,,,,,,,,,,,,,,,,,
2139805,034fd0c4a58e844485dee28c771074c56dc5f53bda3e97c5f039dd81d55add561bcfce564af8149d29e86a24707932493a6e2ab9f88116a40db04f33f916889a,08/29/2025 03:40:00 PM,2,DRIVER,2,2039815,,JEEP,GRAND CHEROKEE,IL,2024,NONE,PASSENGER,PERSONAL,N,TURNING LEFT,,,3,,,,,,,Y,Y,Y,,,,,,,,,SIDE-RIGHT-REAR,,,,,,,,,,,,,,,,,,,,,,,,,,,,,,,,,
2139650,2436501b4f1a8f4bffe932ca214d2f13a91d9c9d691de859f467991c235558aa793a39383bb491adaaf7ee2f9fc6eeafb1d694854100dd3d697d5ee6d1fc0556,08/29/2025 03:40:00 PM,1,DRIVER,,2039673,,TOYOTA,HIGHLANDER,IL,2016,NONE,SPORT UTILITY VEHICLE (SUV),PERSONAL,S,STRAIGHT AHEAD,,,1,,,,,Y,,,,,,,,,,Y,Y,,FRONT,,,,,,,,,,,,,,,,,,,,,,,,,,,,,,,,,
2139651,2436501b4f1a8f4bffe932ca214d2f13a91d9c9d691de859f467991c235558aa793a39383bb491adaaf7ee2f9fc6eeafb1d694854100dd3d697d5ee6d1fc0556,08/29/2025 03:40:00 PM,2,DRIVER,1,2039678,,TOYOTA,OTHER (EXPLAIN IN NARRATIVE),IL,2008,NONE,PASSENGER,PERSONAL,W,STRAIGHT AHEAD,,,2,,,,,,,,Y,Y,,,,,,,,,SIDE-RIGHT-REAR,,,,,,,,,,,,,,,,,,,,,,,,,,,,,,,,,
2139727,4bba68feef0ad4c0952204881bd867ba5f703ba7a70391c60db4e578df0bc6ca855d7c8385dc30f65e9571ddae7842291aa1279179c450e5e16b657b053b4e3a,08/29/2025 03:40:00 PM,1,DRIVER,,2039727,,GENERAL MOTORS CORPORATION (GMC),DENALI,IL,2019,UNKNOWN,PICKUP,PERSONAL,E,TURNING LEFT,,,1,,,,,Y,Y,,,,,,,,,,Y,,REAR-RIGHT-CORNER,,,,,,,,,,,,,,,,,,,,,,,,,,,,,,,,,
2139728,4bba68feef0ad4c0952204881bd867ba5f703ba7a70391c60db4e578df0bc6ca855d7c8385dc30f65e9571ddae7842291aa1279179c450e5e16b657b053b4e3a,08/29/2025 03:40:00 PM,2,DRIVER,,2039738,,JEEP,GRAND CHEROKEE,IL,2020,UNKNOWN,SPORT UTILITY VEHICLE (SUV),PERSONAL,S,STRAIGHT AHEAD,Y,,1,,PRIVATE,UNK,,,,Y,Y,Y,Y,Y,,,,,,,REAR-RIGHT-CORNER,,,,,,,,,,,,,,,,,,,,,,,,,,,,,,,,,
2139729,4bba68feef0ad4c0952204881bd867ba5f703ba7a70391c60db4e578df0bc6ca855d7c8385dc30f65e9571ddae7842291aa1279179c450e5e16b657b053b4e3a,08/29/2025 03:40:00 PM,3,DRIVER,1,2039743,,NISSAN,ALTIMA,IL,2012,UNKNOWN,PASSENGER,PERSONAL,SE,TURNING LEFT,,,2,,,,,,,,Y,Y,Y,Y,,,,,,,REAR,,,,,,,,,,,,,,,,,,,,,,,,,,,,,,,,,
2139730,4bba68feef0ad4c0952204881bd867ba5f703ba7a70391c60db4e578df0bc6ca855d7c8385dc30f65e9571ddae7842291aa1279179c450e5e16b657b053b4e3a,08/29/2025 03:40:00 PM,4,DRIVER,,2039754,,TOYOTA,CAMRY,IL,2012,UNKNOWN,PASSENGER,PERSONAL,NW,TURNING RIGHT,Y,,1,,PRIVATE,UNK,,Y,,,,,,,,,Y,Y,Y,,FRONT,,,,,,,,,,,,,,,,,,,,,,,,,,,,,,,,,
2139705,571c7b5f8048593a069aa55dab11cf1a0cf980431f1cb8617182b0758c370116f204f6a7c983ed0b64d3213662d8c85e5947cae02447f0d1f496d521a21a994e,08/29/2025 03:40:00 PM,1,DRIVER,,2039699,,FORD,EXPLORER,IL,,NONE,PASSENGER,POLICE,S,BACKING,,,1,,,,,,,,,,Y,,,,,,,,REAR,,,,,,,,,,,,,,,,,,,,,,,,,,,,,,,,,
2139712,571c7b5f8048593a069aa55dab11cf1a0cf980431f1cb8617182b0758c370116f204f6a7c983ed0b64d3213662d8c85e5947cae02447f0d1f496d521a21a994e,08/29/2025 03:40:00 PM,2,DRIVERLESS,,2039708,,JEEP,GRAND CHEROKEE,IL,,NONE,PASSENGER,NOT IN USE,S,PARKED,,,0,,,,,,,,,,,,,,,,Y,,FRONT,,,,,,,,,,,,,,,,,,,,,,,,,,,,,,,,,
2139749,927009da70388e539ce96b0cdc74ba0224b58446bcad788ef64fd7e0e69bfc8d20c11253e58d1f6782d16b9c628f1274565532009eda3a4b62ceb4ad8bd5926b,08/29/2025 03:40:00 PM,1,DRIVER,,2039749,,MERCEDES-BENZ,GLC,IL,2020,NONE,PASSENGER,PERSONAL,S,LEAVING TRAFFIC LANE TO PARK,,,1,,,,,,Y,Y,Y,,,,,,,,,,SIDE-RIGHT,,,,,,,,,,,,,,,,,,,,,,,,,,,,,,,,,
2139750,927009da70388e539ce96b0cdc74ba0224b58446bcad788ef64fd7e0e69bfc8d20c11253e58d1f6782d16b9c628f1274565532009eda3a4b62ceb4ad8bd5926b,08/29/2025 03:40:00 PM,2,DRIVER,,2039762,,ICL CARGO TRAILER,ICL CARGO TRAILER,IL,2014,NONE,BUS OVER 15 PASS.,SCHOOL BUS,S,STRAIGHT AHEAD,,,1,,,,,,,,,,,,,,,Y,,,FRONT-LEFT-CORNER,,,,,,,,,,,,,,,,,,,,,,,,,,,,,,,,,
2139681,c846b49e3b043f558390d09982d27bd68a4aa09fcd8c08952703ae04d7c1acfb229061ad4b61cbc3248a6e6ccbb74ba27aa39d03987c2c40ba2f2791273ce943,08/29/2025 03:40:00 PM,1,DRIVER,,2039685,,FORD,EXPLORER,IL,2011,NONE,PASSENGER,PERSONAL,S,STRAIGHT AHEAD,,,1,,,,,Y,,,,,,,,,,,Y,,SIDE-RIGHT-FRONT,,,,,,,,,,,,,,,,,,,,,,,,,,,,,,,,,
2139682,c846b49e3b043f558390d09982d27bd68a4aa09fcd8c08952703ae04d7c1acfb229061ad4b61cbc3248a6e6ccbb74ba27aa39d03987c2c40ba2f2791273ce943,08/29/2025 03:40:00 PM,2,NON-MOTOR VEHICLE,,,,,,,,,,,,,,,,,,,,,,,,,,,,,,,,,,,,,,,,,,,,,,,,,,,,,,,,,,,,,,,,,,
2139692,ace169c3ed87c113b697b1c1cb1ac0abb30f92d8d0a0c6510e641f09bc9e5c4f9d9fe8236f07abd425f723db35fee4da9d170585d1e275cd02c67149b0285d95,08/29/2025 03:35:00 PM,1,DRIVER,,2039702,,HONDA,CIVIC,IL,2023,UNKNOWN,PASSENGER,PERSONAL,E,AVOIDING VEHICLES/OBJECTS,,,1,,,,,,,,,Y,,,,,,,,,UNKNOWN,,,,,,,,,,,,,,,,,,,,,,,,,,,,,,,,,
2139693,ace169c3ed87c113b697b1c1cb1ac0abb30f92d8d0a0c6510e641f09bc9e5c4f9d9fe8236f07abd425f723db35fee4da9d170585d1e275cd02c67149b0285d95,08/29/2025 03:35:00 PM,2,DRIVER,,2039709,,DODGE,RAM 1500 PU,IL,2019,UNKNOWN,PASSENGER,PERSONAL,E,STRAIGHT AHEAD,,,1,,,,,,,,,,,Y,Y,,,,,,UNKNOWN,,,,,,,,,,,,,,,,,,,,,,,,,,,,,,,,,
2139660,fd6f1f1f0e30b63cc4769f32a9c2a9c7866b23314cb4f798ab96b149e794f15ab5fa7702b00ead49fd13138b7c0be6b97b7a51f93cd1cf81ae552681833209bd,08/29/2025 03:34:00 PM,1,DRIVER,,2039660,,FORD,ESCAPE,IL,2005,UNKNOWN,VAN/MINI-VAN,PERSONAL,W,STRAIGHT AHEAD,Y,,1,,PRIVATE,,,Y,Y,,,,,,,,,Y,Y,,FRONT-RIGHT-CORNER,,,,,,,,,,,,,,,,,,,,,,,,,,,,,,,,,
2139661,fd6f1f1f0e30b63cc4769f32a9c2a9c7866b23314cb4f798ab96b149e794f15ab5fa7702b00ead49fd13138b7c0be6b97b7a51f93cd1cf81ae552681833209bd,08/29/2025 03:34:00 PM,2,DRIVER,,2039669,,LEXUS,GX,IL,2022,NONE,VAN/MINI-VAN,PERSONAL,S,STRAIGHT AHEAD,Y,,1,,private,,,Y,Y,Y,,,,,,Y,Y,Y,Y,,SIDE-LEFT,,,,,,,,,,,,,,,,,,,,,,,,,,,,,,,,,
2140252,700d8777031153dea2b8e07ecbc64b76bccff3aa08758bb599935253c675061d215a954e18245a8c00323899b3bf13dc204f1ecaf4562ad7b42f39a73c3d693d,08/29/2025 03:33:00 PM,1,DRIVER,,2040234,,JEEP,CHEROKEE,,,UNKNOWN,PASSENGER,PERSONAL,S,STRAIGHT AHEAD,,,1,,,,,,,,,,,,,,Y,Y,,,FRONT-LEFT-CORNER,,,,,,,,,,,,,,,,,,,,,,,,,,,,,,,,,
2140253,700d8777031153dea2b8e07ecbc64b76bccff3aa08758bb599935253c675061d215a954e18245a8c00323899b3bf13dc204f1ecaf4562ad7b42f39a73c3d693d,08/29/2025 03:33:00 PM,2,DRIVER,,2040236,,NISSAN,VERSA,,,NONE,PASSENGER,PERSONAL,S,STRAIGHT AHEAD,,,1,,,,,,,Y,Y,,,,,,,,,,SIDE-RIGHT-REAR,,,,,,,,,,,,,,,,,,,,,,,,,,,,,,,,,
2139624,9fb6b46ac3cdcb84875cf98788f41122417a489afcfb937dacc145e130852e040995b70aed0493af47b8fec0044b0ac563a95bc45e15ef5b8c3cbcae2f28d5e5,08/29/2025 03:32:00 PM,1,DRIVER,,2039639,,HYUNDAI TRAILERS,HYUNDAI TRAILERS,CA,2025,NONE,TRACTOR W/ SEMI-TRAILER,OTHER,S,STRAIGHT AHEAD,,,1,,,,,,,,,Y,,,,,,,,,REAR-RIGHT-CORNER,,,,,,,,,,,,,,,,,,,,,,,,,,,,,,,,,