CRASH_UNIT_ID,CRASH_RECORD_ID,CRASH_DATE,UNIT_NO,UNIT_TYPE,NUM_PASSENGERS,VEHICLE_ID,CMRC_VEH_I,MAKE,MODEL,LIC_PLATE_STATE,VEHICLE_YEAR,VEHICLE_DEFECT,VEHICLE_TYPE,VEHICLE_USE,TRAVEL_DIRECTION,MANEUVER,TOWED_I,FIRE_I,OCCUPANT_CNT,EXCEED_SPEED_LIMIT_I,TOWED_BY,TOWED_TO,AREA_00_I,AREA_01_I,AREA_02_I,AREA_03_I,AREA_04_I,AREA_05_I,AREA_06_I,AREA_07_I,AREA_08_I,AREA_09_I,AREA_10_I,AREA_11_I,AREA_12_I,AREA_99_I,FIRST_CONTACT_POINT,CMV_ID,USDOT_NO,CCMC_NO,ILCC_NO,COMMERCIAL_SRC,GVWR,CARRIER_NAME,CARRIER_STATE,CARRIER_CITY,HAZMAT_PLACARDS_I,HAZMAT_NAME,UN_NO,HAZMAT_PRESENT_I,HAZMAT_REPORT_I,HAZMAT_REPORT_NO,MCS_REPORT_I,MCS_REPORT_NO,HAZMAT_VIO_CAUSE_CRASH_I,MCS_VIO_CAUSE_CRASH_I,IDOT_PERMIT_NO,WIDE_LOAD_I,TRAILER1_WIDTH,TRAILER2_WIDTH,TRAILER1_LENGTH,TRAILER2_LENGTH,TOTAL_VEHICLE_LENGTH,AXLE_CNT,VEHICLE_CONFIG,CARGO_BODY_TYPE,LOAD_TYPE,HAZMAT_OUT_OF_SERVICE_I,MCS_OUT_OF_SERVICE_I,HAZMAT_CLASS
2139763,6fb1737d83dc8eebbfc8598f0c8561eced4623cc7d9f9a54b48307e5565a69ebbd007c0ac2bbc7763a2e7730d904cfbb055c9a2e209d0a06a0d164cbcb149b00,08/29/2025 03:30:00 PM,1,DRIVER,,2039757,,MAZDA,OTHER (EXPLAIN IN NARRATIVE),IL,2016,UNKNOWN,UNKNOWN/NA,UNKNOWN/NA,N,STRAIGHT AHEAD,,,1,,,,,Y,,N,,,,,,N,,,,,FRONT-RIGHT-CORNER,,,,,,,,,,,,,,,,,,,,,,,,,,,,,,,,,
2139764,6fb1737d83dc8eebbfc8598f0c8561eced4623cc7d9f9a54b48307e5565a69ebbd007c0ac2bbc7763a2e7730d904cfbb055c9a2e209d0a06a0d164cbcb149b00,08/29/2025 03:30:00 PM,2,DRIVER,,2039773,,CHEVROLET,IMPALA,IL,2008,UNKNOWN,UNKNOWN/NA,UNKNOWN/NA,N,STRAIGHT AHEAD,,,1,,,,,,,,,,,,N,Y,,,,,SIDE-LEFT,,,,,,,,,,,,,,,,,,,,,,,,,,,,,,,,,
2139717,b5c9c3fb4ad323cd4ebb15df57913a6f84e90b55fb544d99c3d41ecfb143558f8f9866eab955ebb9b6ee5a48d70528ae7bf10c0f2072845299a1d85d6de54d5a,08/29/2025 03:30:00 PM,1,DRIVER,,2039717,,CHEVROLET,OTHER (EXPLAIN IN NARRATIVE),IL,2023,NONE,PASSENGER,PERSONAL,E,STRAIGHT AHEAD,,,1,,,,,Y,Y,,,,,,,,,,,,FRONT-LEFT-CORNER,,,,,,,,,,,,,,,,,,,,,,,,,,,,,,,,,
2139718,b5c9c3fb4ad323cd4ebb15df57913a6f84e90b55fb544d99c3d41ecfb143558f8f9866eab955ebb9b6ee5a48d70528ae7bf10c0f2072845299a1d85d6de54d5a,08/29/2025 03:30:00 PM,2,DRIVER,,2039722,,TOYOTA,RAV4,IL,2019,NONE,PASSENGER,NOT IN USE,E,STRAIGHT AHEAD,,,1,,,,,,,,,,,,Y,Y,Y,Y,,,SIDE-LEFT,,,,,,,,,,,,,,,,,,,,,,,,,,,,,,,,,
2139677,c9d124425e7b79d959fd999683c2c57500637e11b54a6bffcdae43da6a2d2d07a48650aed583fe8dfdc9a844311b488ab845ecd51c538ee56bd1998ed5aa8e7b,08/29/2025 03:30:00 PM,1,DRIVER,,2039682,,GENERAL MOTORS CORPORATION (GMC),SIERRA,IL,2024,NONE,PICKUP,PERSONAL,S,STRAIGHT AHEAD,,,1,,,,,Y,,,,,,,,,,Y,Y,,FRONT,,,,,,,,,,,,,,,,,,,,,,,,,,,,,,,,,
2139678,c9d124425e7b79d959fd999683c2c57500637e11b54a6bffcdae43da6a2d2d07a48650aed583fe8dfdc9a844311b488ab845ecd51c538ee56bd1998ed5aa8e7b,08/29/2025 03:30:00 PM,2,DRIVER,,2039694,,GENERAL MOTORS CORPORATION (GMC),SIERRA,IL,2008,NONE,PICKUP,OTHER,S,SLOW/STOP IN TRAFFIC,,,1,,,,,,,,,Y,Y,Y,,,,,,,REAR,,,,,,,,,,,,,,,,,,,,,,,,,,,,,,,,,
2139761,a66f33b410f1d8b792e0b926f5100183efe90926e33ef52cd7a69b60db8d6aad549682f31f05e3a631aae16f9a933b0916e365f7b4d2ad6a4dca982ce2c5c327,08/29/2025 03:28:00 PM,1,DRIVER,,2039759,,TOYOTA,SIENNA,IL,2016,UNKNOWN,VAN/MINI-VAN,PERSONAL,S,BACKING,,,1,,,,,,,,,,,Y,,,,,,,REAR-LEFT-CORNER,,,,,,,,,,,,,,,,,,,,,,,,,,,,,,,,,
2139762,a66f33b410f1d8b792e0b926f5100183efe90926e33ef52cd7a69b60db8d6aad549682f31f05e3a631aae16f9a933b0916e365f7b4d2ad6a4dca982ce2c5c327,08/29/2025 03:28:00 PM,2,DRIVER,,2039772,,MERCEDES-BENZ,GLE,IL,2021,UNKNOWN,SPORT UTILITY VEHICLE (SUV),PERSONAL,E,STRAIGHT AHEAD,,,1,,,,,,,,,,,,,,,Y,Y,,FRONT-LEFT-CORNER,,,,,,,,,,,,,,,,,,,,,,,,,,,,,,,,,
2139639,41a451b89a155939bf704c1249bf39e7a883545c71361bccc9d6b37a19884ce2c04753931346dd2c60579d6c39f08c265eb3cbda2e764a49c299edb56947712f,08/29/2025 03:25:00 PM,1,DRIVER,,2039643,,TOYOTA,PRIUS,IL,2015,OTHER,PASSENGER,PERSONAL,N,TURNING LEFT,,,1,,,,,,,,,,,,Y,Y,N,N,,N,SIDE-LEFT-REAR,,,,,,,,,,,,,,,,,,,,,,,,,,,,,,,,,
2139640,41a451b89a155939bf704c1249bf39e7a883545c71361bccc9d6b37a19884ce2c04753931346dd2c60579d6c39f08c265eb3cbda2e764a49c299edb56947712f,08/29/2025 03:25:00 PM,2,DRIVER,,2039648,,HYUNDAI,ELANTRA,IL,2023,UNKNOWN,PASSENGER,PERSONAL,S,STRAIGHT AHEAD,,,1,,,,,,,,,,,Y,Y,Y,,,,,SIDE-LEFT-REAR,,,,,,,,,,,,,,,,,,,,,,,,,,,,,,,,,
2139721,d0c3837ac54209fe811e967ad41c1b9084171a2342cbac272873529b8cc01ef8b56da564c4176293e5283191719f1c1eceddf4e4006cc90984045897581593ff,08/29/2025 03:20:00 PM,1,DRIVER,,2039894,,DODGE,CARAVAN,IL,2013,UNKNOWN,PASSENGER,PERSONAL,UNKNOWN,TURNING RIGHT,,,1,,,,,N,,,,,,,,,,,,,FRONT-RIGHT-CORNER,,,,,,,,,,,,,,,,,,,,,,,,,,,,,,,,,
2139722,d0c3837ac54209fe811e967ad41c1b9084171a2342cbac272873529b8cc01ef8b56da564c4176293e5283191719f1c1eceddf4e4006cc90984045897581593ff,08/29/2025 03:20:00 PM,2,PARKED,1,2039899,,TESLA,MODEL 3,MD,2021,NONE,PASSENGER,PERSONAL,UNKNOWN,PARKED,,,1,,,,,,,,,,,,,,,Y,,,SIDE-LEFT-FRONT,,,,,,,,,,,,,,,,,,,,,,,,,,,,,,,,,
2139735,59f81ad405dc3bc6fc3439abb005b8cdd6e6fd0da348dd235a272053161c319a110786d3d83a3d3a824dfc2562489e4f204d8906cfdc2526f69525448df03c3d,08/29/2025 03:18:00 PM,1,DRIVER,,2039725,,CHEVROLET,AVALANCHE,,,UNKNOWN,UNKNOWN/NA,UNKNOWN/NA,S,STRAIGHT AHEAD,,,1,,,,,Y,,,,,,,,,,Y,Y,,FRONT,,,,,,,,,,,,,,,,,,,,,,,,,,,,,,,,,
2139736,59f81ad405dc3bc6fc3439abb005b8cdd6e6fd0da348dd235a272053161c319a110786d3d83a3d3a824dfc2562489e4f204d8906cfdc2526f69525448df03c3d,08/29/2025 03:18:00 PM,2,PARKED,,2039730,,NISSAN,ROGUE,IL,2025,UNKNOWN,PASSENGER,PERSONAL,S,PARKED,,,0,,,,,,,,,,Y,Y,,,,,,,REAR-LEFT-CORNER,,,,,,,,,,,,,,,,,,,,,,,,,,,,,,,,,
2140312,b6f2cf705927016ca6d049ef913a03c9798e5d5d5e7c37a892c6f72fccdf7be54042139cf933cd8a0416060bbdc4caf43b9a2774700f41d6afb0ad4dabbdde58,08/29/2025 03:15:00 PM,1,DRIVER,3,2040308,,FORD,EXPLORER,IL,2025,NONE,SPORT UTILITY VEHICLE (SUV),POLICE,S,SLOW/STOP IN TRAFFIC,,,4,,,,Y,,,,,,,,,,,,,,SIDE-RIGHT,,,,,,,,,,,,,,,,,,,,,,,,,,,,,,,,,
2140313,b6f2cf705927016ca6d049ef913a03c9798e5d5d5e7c37a892c6f72fccdf7be54042139cf933cd8a0416060bbdc4caf43b9a2774700f41d6afb0ad4dabbdde58,08/29/2025 03:15:00 PM,2,DRIVER,,2040306,,AUDI,A5,IL,2018,NONE,PASSENGER,PERSONAL,S,PASSING/OVERTAKING,,,1,,,,,,,,,,,,Y,N,,N,,,SIDE-LEFT-REAR,,,,,,,,,,,,,,,,,,,,,,,,,,,,,,,,,
2139629,c95286cad2fc3ccaa0aefc8274758b7b0a31bd47dfd6b8aa040bf9f9d15ea2b880bb16e63d2ac5279ce04f769e788272b001e4e43f1676cfa1dd8ad2219f4a3d,08/29/2025 03:15:00 PM,1,DRIVER,,2039635,,NEW FLYER,OTHER (EXPLAIN IN NARRATIVE),IL,2006,UNKNOWN,BUS OVER 15 PASS.,CTA,E,TURNING LEFT,,,1,,,,,,,,,,,,,,,,,Y,FRONT-LEFT-CORNER,,,,,,,,,,,,,,,,,,,,,,,,,,,,,,,,,
2139630,c95286cad2fc3ccaa0aefc8274758b7b0a31bd47dfd6b8aa040bf9f9d15ea2b880bb16e63d2ac5279ce04f769e788272b001e4e43f1676cfa1dd8ad2219f4a3d,08/29/2025 03:15:00 PM,2,DRIVER,,2039638,,HONDA,CIVIC,IL,2018,UNKNOWN,PASSENGER,PERSONAL,W,STRAIGHT AHEAD,,,1,,,,,,,,,,Y,Y,,,,,,,REAR-LEFT-CORNER,,,,,,,,,,,,,,,,,,,,,,,,,,,,,,,,,
2139606,48776b27fea63a299f0fd42f3d53fc519247e6bcb93ee91bc77e79674d44fffa414d8d1f39e6fa75cfa524f5a4c284d2b4975fb44daf33ec82bf39440d9c9e03,08/29/2025 03:13:00 PM,1,DRIVER,,2039615,N,TOYOTA,SIENNA,IL,2006,UNKNOWN,VAN/MINI-VAN,OTHER,UNKNOWN,BACKING,,,1,,,,,,,,,,N,N,,,,,,Y,REAR,,,,,,,,,,,,,,,,,,,,,,,,,,,,,,,,,
2139607,48776b27fea63a299f0fd42f3d53fc519247e6bcb93ee91bc77e79674d44fffa414d8d1f39e6fa75cfa524f5a4c284d2b4975fb44daf33ec82bf39440d9c9e03,08/29/2025 03:13:00 PM,2,DRIVER,,2039631,,CHEVROLET,CRUZE,IL,2018,UNKNOWN,PASSENGER,PERSONAL,UNKNOWN,STRAIGHT AHEAD,,,1,,,,,Y,,,,,,,,,,Y,Y,,UNKNOWN,,,,,,,,,,,,,,,,,,,,,,,,,,,,,,,,,
2139646,37c6105a95e526278d7b804c770f1c7684636dff291c452a89d5a694c5a236926efa2572be82863574ef1dfbf0d90a22cd1335f6b252295ec5e9398b97a622e4,08/29/2025 03:10:00 PM,1,DRIVER,,2039650,,CHEVROLET,TAHOE,IL,2022,NONE,SPORT UTILITY VEHICLE (SUV),DRIVER EDUCATION,SW,STRAIGHT AHEAD,,,1,,,,,Y,Y,,,,,,,,N,N,Y,,FRONT-RIGHT-CORNER,,,,,,,,,,,,,,,,,,,,,,,,,,,,,,,,,
2139647,37c6105a95e526278d7b804c770f1c7684636dff291c452a89d5a694c5a236926efa2572be82863574ef1dfbf0d90a22cd1335f6b252295ec5e9398b97a622e4,08/29/2025 03:10:00 PM,2,DRIVER,1,2039659,,TOYOTA,RAV4,,2021,NONE,SPORT UTILITY VEHICLE (SUV),PERSONAL,SW,STRAIGHT AHEAD,,,2,,,,,,,,,N,Y,Y,Y,,,,,,REAR-LEFT-CORNER,,,,,,,,,,,,,,,,,,,,,,,,,,,,,,,,,
2139699,73e9df55d60aa61a2f941b98e2466293e75c73bbe285b43791ec88efea02082b9381ecc86814e3b164665d98f32244423c8c5b486f83ca6909b8d306bea949e5,08/29/2025 03:10:00 PM,1,DRIVER,,2039700,,CHEVROLET,EQUINOX,IL,2007,OTHER,PASSENGER,PERSONAL,N,PASSING/OVERTAKING,,,1,,,,,,Y,Y,Y,,,,,,,,,,SIDE-RIGHT,,,,,,,,,,,,,,,,,,,,,,,,,,,,,,,,,
2139700,73e9df55d60aa61a2f941b98e2466293e75c73bbe285b43791ec88efea02082b9381ecc86814e3b164665d98f32244423c8c5b486f83ca6909b8d306bea949e5,08/29/2025 03:10:00 PM,2,DRIVER,,2039721,,MAZDA,CX-7,IL,2015,NONE,PASSENGER,PERSONAL,E,STRAIGHT AHEAD,,,1,,,,,,,,,,,,,,,Y,,,FRONT-LEFT-CORNER,,,,,,,,,,,,,,,,,,,,,,,,,,,,,,,,,
2139642,5427ad17cbc6de31f66c597f2b35cbd4324d1a4d1fd08016d47ca18da986d75b17fdd0cdc82f11171189f99dc98ba8f064bb56dd9e6496363da64bad91f5b4dd,08/29/2025 03:03:00 PM,1,DRIVER,,2039647,,FORD,ESCAPE,IL,2014,NONE,PASSENGER,PERSONAL,SW,STRAIGHT AHEAD,,,1,,,,,,,,,,,,,,,N,N,,FRONT,,,,,,,,,,,,,,,,,,,,,,,,,,,,,,,,,
2139643,5427ad17cbc6de31f66c597f2b35cbd4324d1a4d1fd08016d47ca18da986d75b17fdd0cdc82f11171189f99dc98ba8f064bb56dd9e6496363da64bad91f5b4dd,08/29/2025 03:03:00 PM,2,BICYCLE,,,,,,,,,,,,,,,,,,,,,,,,,,,,,,,,,,,,,,,,,,,,,,,,,,,,,,,,,,,,,,,,,,
2140211,83ab022c1ccfa508c3e7ce3be18ed1513708a8c3b3237bf492adc164fb37169d458a3e7bb4105381f1e279dc87041ed4cd1b741ea613cd5226f3a6b2e939099f,08/29/2025 03:00:00 PM,1,DRIVER,,2040195,,MAZDA,CX-9,IL,2015,UNKNOWN,UNKNOWN/NA,UNKNOWN/NA,W,STRAIGHT AHEAD,,,1,,,,,N,N,,,,,,,,Y,Y,Y,,FRONT-LEFT-CORNER,,,,,,,,,,,,,,,,,,,,,,,,,,,,,,,,,
2140212,83ab022c1ccfa508c3e7ce3be18ed1513708a8c3b3237bf492adc164fb37169d458a3e7bb4105381f1e279dc87041ed4cd1b741ea613cd5226f3a6b2e939099f,08/29/2025 03:00:00 PM,2,DRIVER,,2040202,,CHEVROLET,EQUINOX,IL,,UNKNOWN,UNKNOWN/NA,UNKNOWN/NA,S,STRAIGHT AHEAD,,,1,,,,,Y,Y,Y,,,,,,,,,,,SIDE-RIGHT,,,,,,,,,,,,,,,,,,,,,,,,,,,,,,,,,
2139610,ef988d0c60b8aeb90117584dd16a7e4e3c84b6cb3105aa964096b59fab7dc07292f914fd3a1864a49be2578919d2e93c7e6c77edc9b05006272e8ab6917b729d,08/29/2025 03:00:00 PM,1,DRIVER,,2039617,,UNKNOWN,MOTORIZED,IL,,UNKNOWN,UNKNOWN/NA,UNKNOWN/NA,E,STRAIGHT AHEAD,,,1,,,,Y,,,,,,,,,,,,Y,,FRONT,,,,,,,,,,,,,,,,,,,,,,,,,,,,,,,,,
2139611,ef988d0c60b8aeb90117584dd16a7e4e3c84b6cb3105aa964096b59fab7dc07292f914fd3a1864a49be2578919d2e93c7e6c77edc9b05006272e8ab6917b729d,08/29/2025 03:00:00 PM,2,DRIVER,,2039624,,MAZDA,CX-5,IL,2022,UNKNOWN,PASSENGER,PERSONAL,E,STRAIGHT AHEAD,,,1,,,,Y,,,,,,Y,,,,,,,,REAR,,,,,,,,,,,,,,,,,,,,,,,,,,,,,,,,,
2139598,f7348fbe72041768685563dbbcb6d80010827dbf3d00c6cbe945c7508780d952e05960df5817bf1865e3e138f5485b5b7397351ebc4193f4e5cea08c74406703,08/29/2025 03:00:00 PM,1,DRIVER,,2039605,,HONDA,CR-V,IL,2010,NONE,PASSENGER,PERSONAL,N,STRAIGHT AHEAD,,,1,,,,,,,,,,,,,,Y,Y,Y,,FRONT-LEFT-CORNER,,,,,,,,,,,,,,,,,,,,,,,,,,,,,,,,,
2139599,f7348fbe72041768685563dbbcb6d80010827dbf3d00c6cbe945c7508780d952e05960df5817bf1865e3e138f5485b5b7397351ebc4193f4e5cea08c74406703,08/29/2025 03:00:00 PM,2,PARKED,,2039607,,HONDA,HR-V,,2021,NONE,PASSENGER,NOT IN USE,N,PARKED,,,0,,,,,Y,Y,Y,Y,Y,,,,,,,,,SIDE-RIGHT,,,,,,,,,,,,,,,,,,,,,,,,,,,,,,,,,
2139658,f3a009f2f07133be61cebb770e0550a8862bda6eec1a54a419309f1f72fb233e9f8ed0ef3bb63a401000dce8eaa57ac60d96b46736205b2558f6d42e7c3440f8,08/29/2025 02:57:00 PM,1,DRIVER,,2039661,,HONDA,CR-V,IL,2013,UNKNOWN,SPORT UTILITY VEHICLE (SUV),PERSONAL,S,STRAIGHT AHEAD,,,1,,,,,Y,,,,,,,,,,Y,Y,,FRONT,,,,,,,,,,,,,,,,,,,,,,,,,,,,,,,,,
2139659,f3a009f2f07133be61cebb770e0550a8862bda6eec1a54a419309f1f72fb233e9f8ed0ef3bb63a401000dce8eaa57ac60d96b46736205b2558f6d42e7c3440f8,08/29/2025 02:57:00 PM,2,DRIVER,,2039674,,TOYOTA,TACOMA,IL,2023,UNKNOWN,PICKUP,PERSONAL,S,SLOW/STOP IN TRAFFIC,,,1,,,,,,,,,Y,Y,Y,,,,,,,REAR,,,,,,,,,,,,,,,,,,,,,,,,,,,,,,,,,
2139656,ec2f39ea17302b9be038507463a8e77eb1b172827eefb43cfedc56d5f24f03b34ed3c3e581ce8e62914aa20ac29f57f9545c560a1583b5655354bce1bddf0b3d,08/29/2025 02:55:00 PM,1,DRIVER,,2039668,,TOYOTA,CAMRY,IL,2014,NONE,PASSENGER,TAXI/FOR HIRE,SE,STRAIGHT AHEAD,,,1,,,,,,,,,,,,,,,,Y,,FRONT,,,,,,,,,,,,,,,,,,,,,,,,,,,,,,,,,
2139657,ec2f39ea17302b9be038507463a8e77eb1b172827eefb43cfedc56d5f24f03b34ed3c3e581ce8e62914aa20ac29f57f9545c560a1583b5655354bce1bddf0b3d,08/29/2025 02:55:00 PM,2,DRIVER,1,2039739,,MERCEDES-BENZ,GLE,IL,2021,NONE,SPORT UTILITY VEHICLE (SUV),PERSONAL,SE,STRAIGHT AHEAD,,,2,,,,,,,,,,Y,,,,,,,,REAR,,,,,,,,,,,,,,,,,,,,,,,,,,,,,,,,,
2140216,140be6419f25eda6a1e1a5bdef0ec089e9a5722eb2e3f60222c40e15400d684fbb723b4d5336ae9ece58832521942fb929a921fca8f57f04549ec2e8b26cfb0d,08/29/2025 02:50:00 PM,1,DRIVER,,2040197,,HONDA,ACCORD,IL,2024,UNKNOWN,PASSENGER,UNKNOWN/NA,S,TURNING RIGHT,,,1,,,,,,,,,,,,,,,N,,Y,FRONT-LEFT-CORNER,,,,,,,,,,,,,,,,,,,,,,,,,,,,,,,,,
2140217,140be6419f25eda6a1e1a5bdef0ec089e9a5722eb2e3f60222c40e15400d684fbb723b4d5336ae9ece58832521942fb929a921fca8f57f04549ec2e8b26cfb0d,08/29/2025 02:50:00 PM,2,DRIVER,,2040198,,FORD,ESCAPE,IL,2013,UNKNOWN,PASSENGER,PERSONAL,S,STRAIGHT AHEAD,,,1,,,,,Y,,,,,,,,,,,,,FRONT-RIGHT-CORNER,,,,,,,,,,,,,,,,,,,,,,,,,,,,,,,,,
2139614,6c99b995f03185d07d296734263a673f47f68af022b7d5e0168af08a039a6d7adfe96a6afed135b124c95b805fd230b319fc4356b205c27a3dac98108ee7b2a8,08/29/2025 02:49:00 PM,1,DRIVER,1,2039637,,INFINITI,EX37,IL,2013,OTHER,PASSENGER,UNKNOWN/NA,N,BACKING,,,2,,,,,,,,,,,Y,,,,,,,REAR-LEFT-CORNER,,,,,,,,,,,,,,,,,,,,,,,,,,,,,,,,,
2139615,6c99b995f03185d07d296734263a673f47f68af022b7d5e0168af08a039a6d7adfe96a6afed135b124c95b805fd230b319fc4356b205c27a3dac98108ee7b2a8,08/29/2025 02:49:00 PM,2,DRIVER,,2039658,,BMW,X3,IL,2021,NONE,PASSENGER,PERSONAL,E,SLOW/STOP IN TRAFFIC,,,1,,,,,,,,,,,Y,,,,,,,REAR-LEFT-CORNER,,,,,,,,,,,,,,,,,,,,,,,,,,,,,,,,,
2139596,d6d6bb0b3bdcfaa4a42bcd5f2ddb76ad73452ea24573257823c0c632de8b2b804478fa29e2a9f190758a2bb92a382b5222d2a1280454d61c8cf0b2f4a38ad6a8,08/29/2025 02:45:00 PM,1,DRIVER,,2039604,,MASERATI,GHIBLI,IL,2021,NONE,PASSENGER,PERSONAL,N,STRAIGHT AHEAD,,,1,,,,,,,,,,,,Y,,,,,,REAR-LEFT-CORNER,,,,,,,,,,,,,,,,,,,,,,,,,,,,,,,,,
2139597,d6d6bb0b3bdcfaa4a42bcd5f2ddb76ad73452ea24573257823c0c632de8b2b804478fa29e2a9f190758a2bb92a382b5222d2a1280454d61c8cf0b2f4a38ad6a8,08/29/2025 02:45:00 PM,2,DRIVER,1,2039606,,TOYOTA,CAMRY,IL,2021,NONE,PASSENGER,PERSONAL,N,STRAIGHT AHEAD,,,2,,,,,,Y,,,,,,,,,,,,FRONT-RIGHT-CORNER,,,,,,,,,,,,,,,,,,,,,,,,,,,,,,,,,
2141168,3c250cdb629ec12cb707841c8c746e588ea64230a20ea184eb1b9a0c6829bed9c2786b7fa287565f32c3410e762da450561827705f8f1000f6dcaac518237147,08/29/2025 02:40:00 PM,1,DRIVER,,2041115,,CHRYSLER,CARAVAN,IL,2018,UNKNOWN,VAN/MINI-VAN,UNKNOWN/NA,UNKNOWN,UNKNOWN/NA,,,1,,,,,,,,,,,,,,,,,,UNKNOWN,,,,,,,,,,,,,,,,,,,,,,,,,,,,,,,,,
2141169,3c250cdb629ec12cb707841c8c746e588ea64230a20ea184eb1b9a0c6829bed9c2786b7fa287565f32c3410e762da450561827705f8f1000f6dcaac518237147,08/29/2025 02:40:00 PM,2,PARKED,,2041118,,TOYOTA,COROLLA,IL,2016,OTHER,PASSENGER,PERSONAL,UNKNOWN,PARKED,,,0,,,,,,,,,,,Y,,,,,,,SIDE-LEFT-REAR,,,,,,,,,,,,,,,,,,,,,,,,,,,,,,,,,
2140204,4e434353fb0c1f108c0e7780cce4c9046f7a934c114f7da79e953c5f4e6a07062599ac9aea47ff8839424fca441309b879614903c1fe88d8b844e7598f908a70,08/29/2025 02:40:00 PM,1,DRIVER,,2040188,,CHEVROLET,TRAX,IL,2018,NONE,SPORT UTILITY VEHICLE (SUV),PERSONAL,W,STRAIGHT AHEAD,,,1,,,,,,,,,,,,,,,,Y,,FRONT,,,,,,,,,,,,,,,,,,,,,,,,,,,,,,,,,
2140205,4e434353fb0c1f108c0e7780cce4c9046f7a934c114f7da79e953c5f4e6a07062599ac9aea47ff8839424fca441309b879614903c1fe88d8b844e7598f908a70,08/29/2025 02:40:00 PM,2,DRIVER,2,2040192,,HYUNDAI,AZERA,IL,2011,NONE,PASSENGER,PERSONAL,W,STRAIGHT AHEAD,,,3,,,,,,,,,,Y,,,,,,,,REAR,,,,,,,,,,,,,,,,,,,,,,,,,,,,,,,,,
2139665,eb27afcb96ca37212f0dc7cf18247b79a8504799a1417bba6657db9e484a335f002dc0dd7a322f787de933681d8c393cc2a7fd18dcaff40e0a0386e565ea24db,08/29/2025 02:40:00 PM,1,DRIVER,,2039666,,UNKNOWN,OTHER (EXPLAIN IN NARRATIVE),,,UNKNOWN,PASSENGER,UNKNOWN/NA,E,UNKNOWN/NA,,,1,,,,,,,,,,,,,,,,,,UNKNOWN,,,,,,,,,,,,,,,,,,,,,,,,,,,,,,,,,
2139666,eb27afcb96ca37212f0dc7cf18247b79a8504799a1417bba6657db9e484a335f002dc0dd7a322f787de933681d8c393cc2a7fd18dcaff40e0a0386e565ea24db,08/29/2025 02:40:00 PM,2,DRIVER,,2039675,,KIA,FORTE,IL,2021,NONE,PASSENGER,PERSONAL,N,STRAIGHT AHEAD,,,1,,,,,Y,N,,,,,,,,N,Y,Y,,FRONT-LEFT-CORNER,,,,,,,,,,,,,,,,,,,,,,,,,,,,,,,,,
2139616,22555739ceaf864af08a415238e10cd1658c014b4dc3d0da5f4f2ee232dd06c82d056e3080707fd768bf15571dc7bc04ceede6b119c2c8f86331482fd2fdf9e0,08/29/2025 02:30:00 PM,1,DRIVER,,2039630,,HONDA,ACCORD,IL,2021,UNKNOWN,PASSENGER,PERSONAL,S,CHANGING LANES,,,1,,,,,,,,,,,,Y,Y,Y,,,Y,SIDE-LEFT,,,,,,,,,,,,,,,,,,,,,,,,,,,,,,,,,
2139617,22555739ceaf864af08a415238e10cd1658c014b4dc3d0da5f4f2ee232dd06c82d056e3080707fd768bf15571dc7bc04ceede6b119c2c8f86331482fd2fdf9e0,08/29/2025 02:30:00 PM,2,DRIVER,1,2039636,,TOYOTA,AVALON,IL,1995,NONE,PASSENGER,PERSONAL,S,STRAIGHT AHEAD,,,2,,,,,Y,,,,,,,,,,,,Y,FRONT-RIGHT-CORNER,,,,,,,,,,,,,,,,,,,,,,,,,,,,,,,,,
2139561,b170e93b49e88a05448ce4220340fd1c5b4b5b6247f7a92a51490d1e9cada18384cab1bed945ff743e44c3070a9d56f30d5afff51c4f65f79025ee1f5c14c165,08/29/2025 02:30:00 PM,1,DRIVER,,2039567,,BUICK,ENCLAVE,IL,2014,NONE,PASSENGER,PERSONAL,N,BACKING,,,1,,,,,,,,,Y,Y,Y,,,,,,,REAR,,,,,,,,,,,,,,,,,,,,,,,,,,,,,,,,,
2139562,b170e93b49e88a05448ce4220340fd1c5b4b5b6247f7a92a51490d1e9cada18384cab1bed945ff743e44c3070a9d56f30d5afff51c4f65f79025ee1f5c14c165,08/29/2025 02:30:00 PM,2,DRIVER,,2039570,,TOYOTA,OTHER (EXPLAIN IN NARRATIVE),IL,2019,NONE,PASSENGER,PERSONAL,E,STRAIGHT AHEAD,,,1,,,,,,,,,,,,,Y,Y,Y,,,SIDE-LEFT,,,,,,,,,,,,,,,,,,,,,,,,,,,,,,,,,
2139631,c455f2c967ffedba7e4f92adf1df3f4ff71e458650ac733ebb57a038006bc5c5c72bfed9108412fce60b7f1a4d735d0e9842be79e352945f742fba5d85050e36,08/29/2025 02:30:00 PM,1,DRIVER,,2039644,,NOVA BUS,OTHER (EXPLAIN IN NARRATIVE),IL,2024,UNKNOWN,BUS OVER 15 PASS.,CTA,S,TURNING LEFT,Y,,1,,PRIVATE TOWED,,Y,,,,,,,,,,,,,,NONE,,,,,,,,,,,,,,,,,,,,,,,,,,,,,,,,,
2139632,c455f2c967ffedba7e4f92adf1df3f4ff71e458650ac733ebb57a038006bc5c5c72bfed9108412fce60b7f1a4d735d0e9842be79e352945f742fba5d85050e36,08/29/2025 02:30:00 PM,2,BICYCLE,,,,,,,,,,,,,,,,,,,,,,,,,,,,,,,,,,,,,,,,,,,,,,,,,,,,,,,,,,,,,,,,,,