CRASH_UNIT_ID,CRASH_RECORD_ID,CRASH_DATE,UNIT_NO,UNIT_TYPE,NUM_PASSENGERS,VEHICLE_ID,CMRC_VEH_I,MAKE,MODEL,LIC_PLATE_STATE,VEHICLE_YEAR,VEHICLE_DEFECT,VEHICLE_TYPE,VEHICLE_USE,TRAVEL_DIRECTION,MANEUVER,TOWED_I,FIRE_I,OCCUPANT_CNT,EXCEED_SPEED_LIMIT_I,TOWED_BY,TOWED_TO,AREA_00_I,AREA_01_I,AREA_02_I,AREA_03_I,AREA_04_I,AREA_05_I,AREA_06_I,AREA_07_I,AREA_08_I,AREA_09_I,AREA_10_I,AREA_11_I,AREA_12_I,AREA_99_I,FIRST_CONTACT_POINT,CMV_ID,USDOT_NO,CCMC_NO,ILCC_NO,COMMERCIAL_SRC,GVWR,CARRIER_NAME,CARRIER_STATE,CARRIER_CITY,HAZMAT_PLACARDS_I,HAZMAT_NAME,UN_NO,HAZMAT_PRESENT_I,HAZMAT_REPORT_I,HAZMAT_REPORT_NO,MCS_REPORT_I,MCS_REPORT_NO,HAZMAT_VIO_CAUSE_CRASH_I,MCS_VIO_CAUSE_CRASH_I,IDOT_PERMIT_NO,WIDE_LOAD_I,TRAILER1_WIDTH,TRAILER2_WIDTH,TRAILER1_LENGTH,TRAILER2_LENGTH,TOTAL_VEHICLE_LENGTH,AXLE_CNT,VEHICLE_CONFIG,CARGO_BODY_TYPE,LOAD_TYPE,HAZMAT_OUT_OF_SERVICE_I,MCS_OUT_OF_SERVICE_I,HAZMAT_CLASS
2139769,d5a9e8091dcaf7220c3e1bd5c026e6e48fda91c7655204abc82d1359f0a51171b20daf24fcce01a1edfa29974a36296fe5e27c6d25fca8b2a3a4d9414cca1d9d,08/29/2025 02:30:00 PM,1,DRIVER,,2039760,,FORD,OTHER (EXPLAIN IN NARRATIVE),,2020,UNKNOWN,BUS UP TO 15 PASS.,OTHER,W,STRAIGHT AHEAD,,,1,,,,,,,,,,,Y,,,,,,,REAR-LEFT-CORNER,,,,,,,,,,,,,,,,,,,,,,,,,,,,,,,,,
2139582,e0d55949d6aeec4f5c75a75d82001c634489c76e16a0960da99f202ad742825a9ec630435c84bf95a90273bef83c47adc5bfdb1da6e42bb321f05ea78ff58f88,08/29/2025 02:28:00 PM,1,DRIVER,,2039591,,FORD,ESCAPE,IL,2018,UNKNOWN,PASSENGER,PERSONAL,W,STRAIGHT AHEAD,,,1,,,,,Y,,,,,,,,,,,,,FRONT-RIGHT-CORNER,,,,,,,,,,,,,,,,,,,,,,,,,,,,,,,,,
2139583,e0d55949d6aeec4f5c75a75d82001c634489c76e16a0960da99f202ad742825a9ec630435c84bf95a90273bef83c47adc5bfdb1da6e42bb321f05ea78ff58f88,08/29/2025 02:28:00 PM,2,DRIVER,,2039594,,HONDA,CR-V,IL,2021,NONE,PASSENGER,PERSONAL,W,STRAIGHT AHEAD,,,1,,,,,,,,,Y,Y,Y,,,,,,,REAR,,,,,,,,,,,,,,,,,,,,,,,,,,,,,,,,,
2139565,06996059478fd50eddfeada6bc5216b6e614dd50019aac7163f20186976dd6175e7a751a19ab7e8ca63735c95d6d04b1ccd9c6e4228c0f1ea81d14c313f47304,08/29/2025 02:20:00 PM,1,DRIVER,,2039579,,NISSAN,MURANO,,2011,UNKNOWN,PASSENGER,PERSONAL,SE,BACKING,,,1,,,,,,,,,Y,Y,,,,,,,,REAR-RIGHT-CORNER,,,,,,,,,,,,,,,,,,,,,,,,,,,,,,,,,
2139566,06996059478fd50eddfeada6bc5216b6e614dd50019aac7163f20186976dd6175e7a751a19ab7e8ca63735c95d6d04b1ccd9c6e4228c0f1ea81d14c313f47304,08/29/2025 02:20:00 PM,2,PARKED,,2039581,,TOYOTA,YARIS,IL,2017,UNKNOWN,PASSENGER,PERSONAL,N,PARKED,,,0,,,,,,,,,,Y,Y,,,,,,,REAR-LEFT-CORNER,,,,,,,,,,,,,,,,,,,,,,,,,,,,,,,,,
2139767,5bd866a341f9cfb9956f93e65eebff2ed654f86f4a791286a8ce151d670b18352e606ac89aa9806ab4f84632fd937bfd6d67d247c49733052528299f4bc02360,08/29/2025 02:20:00 PM,1,DRIVER,,2039774,,LEXUS,CT200H,IL,2014,UNKNOWN,SPORT UTILITY VEHICLE (SUV),PERSONAL,S,STRAIGHT AHEAD,,,1,,,,,,Y,Y,Y,,,,,,,,,,SIDE-RIGHT-REAR,,,,,,,,,,,,,,,,,,,,,,,,,,,,,,,,,
2139768,5bd866a341f9cfb9956f93e65eebff2ed654f86f4a791286a8ce151d670b18352e606ac89aa9806ab4f84632fd937bfd6d67d247c49733052528299f4bc02360,08/29/2025 02:20:00 PM,2,DRIVER,,2039779,,GENERAL MOTORS CORPORATION (GMC),TERRAIN,IL,2019,UNKNOWN,SPORT UTILITY VEHICLE (SUV),PERSONAL,E,STRAIGHT AHEAD,,,1,,,,,Y,Y,,,,,,,,,,Y,,FRONT,,,,,,,,,,,,,,,,,,,,,,,,,,,,,,,,,
2139627,86cb01c7fc775aa2bb0897b9abbb6d3bb9a2d76c45598d98d6a46cbe906b5c8c23b6a29d305f60bba5a58724afd26bcc131d7296a52ec07a4767a9c556a00663,08/29/2025 02:09:00 PM,1,DRIVER,,2039651,,MERCEDES-BENZ,GLK350,GA,2015,NONE,SPORT UTILITY VEHICLE (SUV),PERSONAL,S,TURNING RIGHT,,,1,,,,,Y,,,,,,,,,,,,,FRONT-RIGHT-CORNER,,,,,,,,,,,,,,,,,,,,,,,,,,,,,,,,,
2139628,86cb01c7fc775aa2bb0897b9abbb6d3bb9a2d76c45598d98d6a46cbe906b5c8c23b6a29d305f60bba5a58724afd26bcc131d7296a52ec07a4767a9c556a00663,08/29/2025 02:09:00 PM,2,BICYCLE,,,,,,,,,,,,,,,,,,,,,,,,,,,,,,,,,,,,,,,,,,,,,,,,,,,,,,,,,,,,,,,,,,
2139584,0265c74f6af3167c2572c5226cdde42a677228a19b04fa4a0b8c1b3b7fe8ff534842e1e94420831db84a2c06d1687ca2ad90bb342c4039ef3c565e75690bf2f7,08/29/2025 02:00:00 PM,1,DRIVER,,2039598,,PONTIAC,GRAND PRIX,IL,2004,NONE,PASSENGER,PERSONAL,E,TURNING RIGHT,,,1,,,,,,Y,Y,,,,,,,,,,,SIDE-RIGHT-FRONT,,,,,,,,,,,,,,,,,,,,,,,,,,,,,,,,,
2139585,0265c74f6af3167c2572c5226cdde42a677228a19b04fa4a0b8c1b3b7fe8ff534842e1e94420831db84a2c06d1687ca2ad90bb342c4039ef3c565e75690bf2f7,08/29/2025 02:00:00 PM,2,DRIVER,,2039609,,TESLA,OTHER (EXPLAIN IN NARRATIVE),,2024,NONE,PASSENGER,PERSONAL,E,STRAIGHT AHEAD,,,1,,,,,,,,,,,,,,,Y,N,,FRONT-LEFT-CORNER,,,,,,,,,,,,,,,,,,,,,,,,,,,,,,,,,
2139586,04f81bd40e51605a0a1251520f83fd985f9e91727748ddfed8baf0cc133a5f46af9a6d132f456a7d1ab5b41cae677c1d2ffb7937db9444d08116c51094ae2bdf,08/29/2025 01:52:00 PM,2,DRIVER,,2039597,,HONDA,CIVIC,IL,2021,NONE,PASSENGER,PERSONAL,W,MERGING,,,1,,,,,Y,,,,,,,,,,,,,FRONT-RIGHT-CORNER,,,,,,,,,,,,,,,,,,,,,,,,,,,,,,,,,
2139587,04f81bd40e51605a0a1251520f83fd985f9e91727748ddfed8baf0cc133a5f46af9a6d132f456a7d1ab5b41cae677c1d2ffb7937db9444d08116c51094ae2bdf,08/29/2025 01:52:00 PM,1,DRIVER,,2039600,,PORSCHE,OTHER (EXPLAIN IN NARRATIVE),IL,2009,UNKNOWN,SPORT UTILITY VEHICLE (SUV),PERSONAL,W,MERGING,,,1,,,,,,,,,,,Y,,,,,,,REAR-LEFT-CORNER,,,,,,,,,,,,,,,,,,,,,,,,,,,,,,,,,
2139594,3223ea66bf33d510090ae81d102ad9774f7f1b198a2684c99acba27428751caf5ebca732f387e2fecc47bc2462cdf93815c6599b2d1a98017017fa6835f3eba6,08/29/2025 01:50:00 PM,1,DRIVER,1,2039608,,NISSAN,ROGUE,IL,2017,UNKNOWN,SPORT UTILITY VEHICLE (SUV),PERSONAL,S,U-TURN,Y,,2,,PRIVATE TOW,,,,,,,,,,Y,Y,Y,,,,SIDE-LEFT,,,,,,,,,,,,,,,,,,,,,,,,,,,,,,,,,
2139595,3223ea66bf33d510090ae81d102ad9774f7f1b198a2684c99acba27428751caf5ebca732f387e2fecc47bc2462cdf93815c6599b2d1a98017017fa6835f3eba6,08/29/2025 01:50:00 PM,2,DRIVER,,2039612,,NISSAN,VERSA,IL,2015,NONE,PASSENGER,PERSONAL,E,STRAIGHT AHEAD,Y,,1,,Private Tow,,,Y,,,,,,,,,,Y,Y,,FRONT,,,,,,,,,,,,,,,,,,,,,,,,,,,,,,,,,
2139590,4d1776b10be7fcf85384c3735e0826e3ddd98219c97ac0bfd581de2b1a4de34d5c9ed7b3d9ff6ec09efaedd372008ae0a5a47a66a21605b77ca3552ec7cd88e2,08/29/2025 01:49:00 PM,1,DRIVER,,2039599,,UNKNOWN,MOTORIZED,IL,,UNKNOWN,UNKNOWN/NA,UNKNOWN/NA,S,STRAIGHT AHEAD,,,1,,,,,Y,Y,Y,Y,Y,,,,,,,,,SIDE-RIGHT,,,,,,,,,,,,,,,,,,,,,,,,,,,,,,,,,
2139591,4d1776b10be7fcf85384c3735e0826e3ddd98219c97ac0bfd581de2b1a4de34d5c9ed7b3d9ff6ec09efaedd372008ae0a5a47a66a21605b77ca3552ec7cd88e2,08/29/2025 01:49:00 PM,2,PARKED,,2039602,,FORD,TRANSIT,IL,2020,NONE,BUS UP TO 15 PASS.,NOT IN USE,S,PARKED,,,0,,,,,,,,,,,Y,Y,Y,,,,,REAR-LEFT-CORNER,,,,,,,,,,,,,,,,,,,,,,,,,,,,,,,,,
2139557,10f9b9e4201dd16fdcbd93d610967869e01c0af511406f19a7fd633454fc42e882e01640f97b34e240ebef35cdcd6df7634948adc071d1d63853820921250aa0,08/29/2025 01:45:00 PM,1,DRIVER,,2039565,,FORD,ESCAPE,IL,2018,NONE,SPORT UTILITY VEHICLE (SUV),PERSONAL,S,MERGING,,,1,,,,,,,,,,,Y,,,,,,,SIDE-LEFT-REAR,,,,,,,,,,,,,,,,,,,,,,,,,,,,,,,,,
2139558,10f9b9e4201dd16fdcbd93d610967869e01c0af511406f19a7fd633454fc42e882e01640f97b34e240ebef35cdcd6df7634948adc071d1d63853820921250aa0,08/29/2025 01:45:00 PM,2,DRIVER,,2039571,,FORD,F450,IL,2022,NONE,PICKUP,PERSONAL,S,STRAIGHT AHEAD,,,1,,,,,Y,,,,,,,,,,,,,FRONT-RIGHT-CORNER,,,,,,,,,,,,,,,,,,,,,,,,,,,,,,,,,
2139612,a0b22e8e44a6dd9772688257f38e3a747169c0315e834df251d58ed663b5b85b05396225b575fa986e2ddcd7acb2fc6f11284fc065437526e6f75cda78e665f1,08/29/2025 01:45:00 PM,1,DRIVER,,2039626,,TOYOTA,HIGHLANDER,IL,2011,NONE,SPORT UTILITY VEHICLE (SUV),PERSONAL,S,BACKING,,,1,,,,,,,,,,,Y,Y,,,,,,REAR-LEFT-CORNER,,,,,,,,,,,,,,,,,,,,,,,,,,,,,,,,,
2139613,a0b22e8e44a6dd9772688257f38e3a747169c0315e834df251d58ed663b5b85b05396225b575fa986e2ddcd7acb2fc6f11284fc065437526e6f75cda78e665f1,08/29/2025 01:45:00 PM,2,DRIVER,,2039633,,TOYOTA,HIGHLANDER,IL,2016,UNKNOWN,SPORT UTILITY VEHICLE (SUV),UNKNOWN/NA,E,STRAIGHT AHEAD,,,1,,,,,,,,,,,,,Y,Y,Y,,,FRONT-LEFT-CORNER,,,,,,,,,,,,,,,,,,,,,,,,,,,,,,,,,
2139563,e42438278b1893888b1fce10c02dcfec3623d2fa7750f35875aba3774b761b8881b9735b5be85909dd50c7d8a85861db6135e5859b2b52da95ac3ac1051a2fe3,08/29/2025 01:42:00 PM,1,DRIVER,,2039572,,NISSAN,ALTIMA,IL,2013,UNKNOWN,PASSENGER,PERSONAL,W,STRAIGHT AHEAD,,,1,,,,,,,,,,,,,,,,Y,,FRONT,,,,,,,,,,,,,,,,,,,,,,,,,,,,,,,,,
2139564,e42438278b1893888b1fce10c02dcfec3623d2fa7750f35875aba3774b761b8881b9735b5be85909dd50c7d8a85861db6135e5859b2b52da95ac3ac1051a2fe3,08/29/2025 01:42:00 PM,2,DRIVER,,2039580,,VOLKSWAGEN,OTHER (EXPLAIN IN NARRATIVE),TX,2023,UNKNOWN,PASSENGER,PERSONAL,W,SLOW/STOP IN TRAFFIC,,,1,,,,,,,,,,Y,,,,,,,,REAR,,,,,,,,,,,,,,,,,,,,,,,,,,,,,,,,,
2139567,10cdf53806dc30534bba95632131e13cafedb0f4a7b1e0b433c5de97bf73ff8748dbe8dcfaa08559cc34499396e5ff2a3d340d3bb77f7b76b4dea88b3ca97abc,08/29/2025 01:39:00 PM,1,DRIVER,,2039578,,HONDA,PILOT,IL,2012,UNKNOWN,UNKNOWN/NA,UNKNOWN/NA,S,UNKNOWN/NA,,,1,,,,,,,,,,,,,,,,,Y,UNKNOWN,,,,,,,,,,,,,,,,,,,,,,,,,,,,,,,,,
2139568,10cdf53806dc30534bba95632131e13cafedb0f4a7b1e0b433c5de97bf73ff8748dbe8dcfaa08559cc34499396e5ff2a3d340d3bb77f7b76b4dea88b3ca97abc,08/29/2025 01:39:00 PM,2,DRIVER,,2039583,,HONDA,ODYSSEY,IL,2012,UNKNOWN,PASSENGER,PERSONAL,S,UNKNOWN/NA,,,1,,,,,,,,,,,,,,,Y,,,UNKNOWN,,,,,,,,,,,,,,,,,,,,,,,,,,,,,,,,,
2139555,13159cf73e9c560d28ca7d7f1f8b2abe9718f90e06fdac8fb11492c4c6c9b0afe52522e92c55616a47678d155000541ebe37becf6022bfe8f736a925954c3ea9,08/29/2025 01:31:00 PM,1,DRIVER,,2039563,,NISSAN,ALTIMA,IL,,UNKNOWN,PASSENGER,UNKNOWN/NA,W,STARTING IN TRAFFIC,,,1,,,,,,,,,,,,,,Y,Y,,,FRONT-LEFT-CORNER,,,,,,,,,,,,,,,,,,,,,,,,,,,,,,,,,
2139556,13159cf73e9c560d28ca7d7f1f8b2abe9718f90e06fdac8fb11492c4c6c9b0afe52522e92c55616a47678d155000541ebe37becf6022bfe8f736a925954c3ea9,08/29/2025 01:31:00 PM,2,DRIVER,,2039573,,FORD,BRONCO / BRONCO II,IL,2025,NONE,PASSENGER,OTHER,W,STRAIGHT AHEAD,,,1,,,,,,Y,Y,,,,,,,,,,,SIDE-RIGHT,,,,,,,,,,,,,,,,,,,,,,,,,,,,,,,,,
2139525,4801d61e1b991614364cfff68e7e94f3d4f6872cea150102df566253b387378ca004a5949b2874dfafef0af7038d03f46ee02bd2d3fbb63cf22ee0a1ea9e465d,08/29/2025 01:30:00 PM,1,DRIVER,,2039540,,ACURA,ZDX,IL,2022,NONE,SPORT UTILITY VEHICLE (SUV),PERSONAL,W,TURNING LEFT,Y,,1,,INSURANCE,UNK,,Y,,,,,,,,,,Y,Y,,FRONT,,,,,,,,,,,,,,,,,,,,,,,,,,,,,,,,,
2139535,d8dbb8530ba8d21ff47b45655ca64f4ff026a2b49e1dc9667e89c4432ca359654b314ca20422d56bf2d5e80d4581a61d3b516c18889ec694204fe2da68889e69,08/29/2025 01:30:00 PM,1,DRIVER,,2039586,,TOYOTA,C-HR,IL,2019,UNKNOWN,PASSENGER,UNKNOWN/NA,S,STRAIGHT AHEAD,,,1,,,,,,,,,,,,,,,,,Y,UNKNOWN,,,,,,,,,,,,,,,,,,,,,,,,,,,,,,,,,
2139536,d8dbb8530ba8d21ff47b45655ca64f4ff026a2b49e1dc9667e89c4432ca359654b314ca20422d56bf2d5e80d4581a61d3b516c18889ec694204fe2da68889e69,08/29/2025 01:30:00 PM,2,DRIVER,,2039551,,HONDA,CR-V,IL,2016,UNKNOWN,PASSENGER,UNKNOWN/NA,S,SLOW/STOP IN TRAFFIC,,,1,,,,,,,,,,Y,,,,,,,,REAR,,,,,,,,,,,,,,,,,,,,,,,,,,,,,,,,,
2139541,4246dfaaea3a2ae2c3e74043eb3d9d4adbcdcca54886800c5016f749b50cdb48b5aad1994d4a81168583f4597ba112fbd01ab6e454b9d2b4efe277686403bd95,08/29/2025 01:25:00 PM,1,PARKED,1,2039548,,CHEVROLET,MALIBU,IL,2007,NONE,PASSENGER,PERSONAL,S,PARKED,,,1,,,,,,,,,,,,Y,,,,,,SIDE-LEFT,,,,,,,,,,,,,,,,,,,,,,,,,,,,,,,,,
2139542,4246dfaaea3a2ae2c3e74043eb3d9d4adbcdcca54886800c5016f749b50cdb48b5aad1994d4a81168583f4597ba112fbd01ab6e454b9d2b4efe277686403bd95,08/29/2025 01:25:00 PM,2,DRIVER,,2039559,,BUICK,ENVISION,IL,2024,NONE,PASSENGER,PERSONAL,S,STRAIGHT AHEAD,,,1,,,,,Y,Y,Y,Y,,,,,,,,,,SIDE-RIGHT,,,,,,,,,,,,,,,,,,,,,,,,,,,,,,,,,
2139508,3f04d41c427acb45ca3169fb9f79dfd798ac08035dd9abd871768ed99d579bda92c1a7bf065b02101377832a10904e39124e8daaaaef896bce01facb95eb99cb,08/29/2025 01:20:00 PM,1,DRIVER,2,2039526,Y,"SPARTAN MOTORS, INC. (CHARLOTTE, MI)","SPARTAN MOTORS, INC. (MFD. IN CHARLOTTE, MI)",IL,,NONE,TRUCK - SINGLE UNIT,FIRE,E,BACKING,,,3,,,,Y,,,,,,,,,,,,,,REAR-RIGHT-CORNER,"22,100",,,,,3,LUVERNE FIRE APPARATUS / CHICAGO POLICE DEPARTMENT,SD,BRANDON,,,,N,,,N,,N,N,,,,,,,,,"SINGLE UNIT TRUCK, 2 AXLES, 6 TIRES",OTHER,OTHER,N,N,
2140292,6a2b527346a0d972d1f829017996923c0b5cb48b70592b0c00fcbbe5d7bc40963855d8d5430c60d7ee47450568e8df8a6c0b75bc3312658aeee6b5117c319bd7,08/29/2025 01:15:00 PM,1,DRIVER,,2040274,,VOLKSWAGEN,PASSAT,IL,2020,UNKNOWN,PASSENGER,PERSONAL,W,OTHER,,,1,,,,,,,,,,,,,,,,,Y,SIDE-LEFT,,,,,,,,,,,,,,,,,,,,,,,,,,,,,,,,,
2140293,6a2b527346a0d972d1f829017996923c0b5cb48b70592b0c00fcbbe5d7bc40963855d8d5430c60d7ee47450568e8df8a6c0b75bc3312658aeee6b5117c319bd7,08/29/2025 01:15:00 PM,2,DRIVER,,2040275,,NISSAN,ALTIMA,IL,2013,UNKNOWN,PASSENGER,PERSONAL,W,CHANGING LANES,,,1,,,,,Y,Y,,,,,,,,,,,,FRONT-RIGHT-CORNER,,,,,,,,,,,,,,,,,,,,,,,,,,,,,,,,,
2139511,af52c83a65bc31772a51736ef9d285a571c8c2fbb29ec01e1f144f6f55afd4cd76ea98ba4bcd8e7f4d062b68567c2d7da005e7272527b4e3cc231d607a4f554c,08/29/2025 01:15:00 PM,1,DRIVER,,2039555,,DODGE,RAM 1500 VAN,IL,2021,NONE,VAN/MINI-VAN,PERSONAL,UNKNOWN,BACKING,,,1,,,,,,,,,,Y,,,,,,,,REAR,,,,,,,,,,,,,,,,,,,,,,,,,,,,,,,,,
2139512,af52c83a65bc31772a51736ef9d285a571c8c2fbb29ec01e1f144f6f55afd4cd76ea98ba4bcd8e7f4d062b68567c2d7da005e7272527b4e3cc231d607a4f554c,08/29/2025 01:15:00 PM,2,DRIVER,,2039557,,CHEVROLET,TAHOE,IL,2016,NONE,SPORT UTILITY VEHICLE (SUV),PERSONAL,UNKNOWN,SLOW/STOP IN TRAFFIC,,,1,,,,,,,,,,,,,,,,Y,,FRONT,,,,,,,,,,,,,,,,,,,,,,,,,,,,,,,,,
2139521,d450f6a493c80649d06f5fdfccff3dc148c73158c54598f54eb57f8069717de790550c8b1a999c10cc2a0cd25d2fbd4629b30c1b220df7c3c85858b28796f669,08/29/2025 01:15:00 PM,1,DRIVER,,2039537,,SATURN,OTHER (EXPLAIN IN NARRATIVE),IL,2008,NONE,SPORT UTILITY VEHICLE (SUV),PERSONAL,W,STRAIGHT AHEAD,,,1,,,,,,,,,,,,,,,,Y,,FRONT,,,,,,,,,,,,,,,,,,,,,,,,,,,,,,,,,
2139522,d450f6a493c80649d06f5fdfccff3dc148c73158c54598f54eb57f8069717de790550c8b1a999c10cc2a0cd25d2fbd4629b30c1b220df7c3c85858b28796f669,08/29/2025 01:15:00 PM,2,DRIVER,,2039566,,HONDA,ACCORD,IL,2017,NONE,PASSENGER,PERSONAL,E,TURNING LEFT,,,1,,,,,,Y,Y,Y,,,,N,N,N,,,,SIDE-RIGHT,,,,,,,,,,,,,,,,,,,,,,,,,,,,,,,,,
2139898,5a88256a1d5356360516e9af7abb535c738ee345143bf1482a8f0035c9cfc1bf634b6a1442b1f2e24bde4f2fdb507e2c81061fde33b139a897ee6fb2bcbf12ee,08/29/2025 01:14:00 PM,1,DRIVER,,2039892,,JEEP,WRANGLER,IL,2020,UNKNOWN,SPORT UTILITY VEHICLE (SUV),UNKNOWN/NA,W,ENTERING TRAFFIC LANE FROM PARKING,,,1,,,,,,,,,,,,,,,Y,,,FRONT-LEFT-CORNER,,,,,,,,,,,,,,,,,,,,,,,,,,,,,,,,,
2139899,5a88256a1d5356360516e9af7abb535c738ee345143bf1482a8f0035c9cfc1bf634b6a1442b1f2e24bde4f2fdb507e2c81061fde33b139a897ee6fb2bcbf12ee,08/29/2025 01:14:00 PM,2,DRIVER,,2039896,,TOYOTA,CAMRY,IL,2022,NONE,PASSENGER,PERSONAL,W,STRAIGHT AHEAD,,,1,,,,,,,,N,Y,,,,,,,,,REAR-RIGHT-CORNER,,,,,,,,,,,,,,,,,,,,,,,,,,,,,,,,,
2139602,b538d4376b86e9fa7b1fd047b05856652c93f2abb3a008b74996f36ea446f3fb69f53fb8121ecfdc1140f0b1f7b3ffe56cb5e7de95179273e8b00f33a335cd23,08/29/2025 01:12:00 PM,1,DRIVER,,2039611,,FORD,TRANSIT CONNECT,IL,2012,UNKNOWN,VAN/MINI-VAN,UNKNOWN/NA,E,STRAIGHT AHEAD,,,1,,,,,,,,,,,,,,,,Y,,FRONT,,,,,,,,,,,,,,,,,,,,,,,,,,,,,,,,,
2139603,b538d4376b86e9fa7b1fd047b05856652c93f2abb3a008b74996f36ea446f3fb69f53fb8121ecfdc1140f0b1f7b3ffe56cb5e7de95179273e8b00f33a335cd23,08/29/2025 01:12:00 PM,2,DRIVER,1,2039619,,CHEVROLET,EQUINOX,IL,2022,NONE,PASSENGER,PERSONAL,E,STRAIGHT AHEAD,,,2,,,,,,,,,,Y,Y,,,,,,,REAR,,,,,,,,,,,,,,,,,,,,,,,,,,,,,,,,,
2139515,b8ec9ad7f7b1f989e4ca946405ab7442800a52dd18dec98e0f5574d3409213d602ee7edab5a6f912278fcfaeebee3a50d7b10c652864fdddbecae376f9e6f9eb,08/29/2025 01:03:00 PM,1,DRIVER,,2039520,,TOYOTA,COROLLA,IL,2022,UNKNOWN,PASSENGER,PERSONAL,UNKNOWN,CHANGING LANES,,,1,,,,,,,,Y,Y,,,,,,,,,REAR-RIGHT-CORNER,,,,,,,,,,,,,,,,,,,,,,,,,,,,,,,,,
2139516,b8ec9ad7f7b1f989e4ca946405ab7442800a52dd18dec98e0f5574d3409213d602ee7edab5a6f912278fcfaeebee3a50d7b10c652864fdddbecae376f9e6f9eb,08/29/2025 01:03:00 PM,2,DRIVER,,2039525,,TOYOTA,PRIUS,IL,2017,UNKNOWN,SPORT UTILITY VEHICLE (SUV),OTHER,UNKNOWN,STRAIGHT AHEAD,,,1,,,,,,,,,,,Y,Y,,,,,,SIDE-LEFT-REAR,,,,,,,,,,,,,,,,,,,,,,,,,,,,,,,,,
2139580,4a6e82bdf681d8be7677aebc70ce30d676abbf9db895bb9131f6e6b70a197c6caa352e862349589d01563acdaa3c6841cf25320c7384598ae8c91e39699f918a,08/29/2025 01:00:00 PM,1,DRIVER,,2039588,,FORD,OTHER (EXPLAIN IN NARRATIVE),IL,2013,NONE,PASSENGER,PERSONAL,S,STRAIGHT AHEAD,,,1,,,,,,,,,,,,,,,,,,SIDE-LEFT,,,,,,,,,,,,,,,,,,,,,,,,,,,,,,,,,
2139581,4a6e82bdf681d8be7677aebc70ce30d676abbf9db895bb9131f6e6b70a197c6caa352e862349589d01563acdaa3c6841cf25320c7384598ae8c91e39699f918a,08/29/2025 01:00:00 PM,2,DRIVER,1,2039593,,HONDA,CIVIC,IL,2026,NONE,PASSENGER,PERSONAL,S,STRAIGHT AHEAD,,,2,,,,,Y,,,,,,,,,,,,,SIDE-RIGHT-FRONT,,,,,,,,,,,,,,,,,,,,,,,,,,,,,,,,,
2139575,6d07b5f652751b78298472eb8774c869291d7d190ab964d636efa4d3e75ac2edafdd4bc3aa974e93fc9d5fff46eaa183ee6ed410689f5e323ece44d16bd93f4b,08/29/2025 01:00:00 PM,1,DRIVER,,2039587,,UNKNOWN,MOTORIZED,IL,,UNKNOWN,UNKNOWN/NA,UNKNOWN/NA,N,STRAIGHT AHEAD,,,1,,,,,Y,,,,,,,,,,Y,Y,,FRONT,,,,,,,,,,,,,,,,,,,,,,,,,,,,,,,,,
2139576,6d07b5f652751b78298472eb8774c869291d7d190ab964d636efa4d3e75ac2edafdd4bc3aa974e93fc9d5fff46eaa183ee6ed410689f5e323ece44d16bd93f4b,08/29/2025 01:00:00 PM,2,DRIVER,,2039679,,TOYOTA,SIENNA,IL,2011,NONE,VAN/MINI-VAN,PERSONAL,N,STRAIGHT AHEAD,,,1,,,,,,,,,Y,Y,Y,,,,,,,REAR,,,,,,,,,,,,,,,,,,,,,,,,,,,,,,,,,
2139577,6d07b5f652751b78298472eb8774c869291d7d190ab964d636efa4d3e75ac2edafdd4bc3aa974e93fc9d5fff46eaa183ee6ed410689f5e323ece44d16bd93f4b,08/29/2025 01:00:00 PM,3,DRIVER,,2039684,,FORD,ESCAPE,IL,2010,UNKNOWN,SPORT UTILITY VEHICLE (SUV),UNKNOWN/NA,N,STRAIGHT AHEAD,,,1,,,,,,,,,Y,Y,Y,,,,,,,REAR,,,,,,,,,,,,,,,,,,,,,,,,,,,,,,,,,
2139506,8ed9f74f4077c2bc24f31ca4b9fa3979173a5348860709e58f4f2002d68284d2d5eaa71495666a22b49a4465467d0caa38f5684a8be096fb8e96d381c8b4f883,08/29/2025 12:55:00 PM,1,DRIVER,,2039512,,CHEVROLET,IMPALA,IL,2019,UNKNOWN,PASSENGER,PERSONAL,E,STRAIGHT AHEAD,,,1,,,,,Y,,,,,,,,,,,Y,,FRONT,,,,,,,,,,,,,,,,,,,,,,,,,,,,,,,,,
2139507,8ed9f74f4077c2bc24f31ca4b9fa3979173a5348860709e58f4f2002d68284d2d5eaa71495666a22b49a4465467d0caa38f5684a8be096fb8e96d381c8b4f883,08/29/2025 12:55:00 PM,2,DRIVER,,2039517,,NISSAN,NV200 COMPACT CARGO,IL,2020,UNKNOWN,VAN/MINI-VAN,OTHER,E,SLOW/STOP IN TRAFFIC,,,1,,,,,,,,,Y,Y,,,,,,,,REAR,,,,,,,,,,,,,,,,,,,,,,,,,,,,,,,,,
2139553,d41085fcb6db645de979bdcbfddd5739ae7ded96501ac2c80780220453cfce2bbddc6b861cd2ba4208df4982afda34fa9c43e9823c62024571039969eb186379,08/29/2025 12:55:00 PM,1,DRIVER,,2039561,,FORD,FOCUS,IL,2012,NONE,PASSENGER,PERSONAL,W,STRAIGHT AHEAD,,,1,,,,,,,,,,,,,,,Y,Y,,FRONT-LEFT-CORNER,,,,,,,,,,,,,,,,,,,,,,,,,,,,,,,,,