CRASH_UNIT_ID,CRASH_RECORD_ID,CRASH_DATE,UNIT_NO,UNIT_TYPE,NUM_PASSENGERS,VEHICLE_ID,CMRC_VEH_I,MAKE,MODEL,LIC_PLATE_STATE,VEHICLE_YEAR,VEHICLE_DEFECT,VEHICLE_TYPE,VEHICLE_USE,TRAVEL_DIRECTION,MANEUVER,TOWED_I,FIRE_I,OCCUPANT_CNT,EXCEED_SPEED_LIMIT_I,TOWED_BY,TOWED_TO,AREA_00_I,AREA_01_I,AREA_02_I,AREA_03_I,AREA_04_I,AREA_05_I,AREA_06_I,AREA_07_I,AREA_08_I,AREA_09_I,AREA_10_I,AREA_11_I,AREA_12_I,AREA_99_I,FIRST_CONTACT_POINT,CMV_ID,USDOT_NO,CCMC_NO,ILCC_NO,COMMERCIAL_SRC,GVWR,CARRIER_NAME,CARRIER_STATE,CARRIER_CITY,HAZMAT_PLACARDS_I,HAZMAT_NAME,UN_NO,HAZMAT_PRESENT_I,HAZMAT_REPORT_I,HAZMAT_REPORT_NO,MCS_REPORT_I,MCS_REPORT_NO,HAZMAT_VIO_CAUSE_CRASH_I,MCS_VIO_CAUSE_CRASH_I,IDOT_PERMIT_NO,WIDE_LOAD_I,TRAILER1_WIDTH,TRAILER2_WIDTH,TRAILER1_LENGTH,TRAILER2_LENGTH,TOTAL_VEHICLE_LENGTH,AXLE_CNT,VEHICLE_CONFIG,CARGO_BODY_TYPE,LOAD_TYPE,HAZMAT_OUT_OF_SERVICE_I,MCS_OUT_OF_SERVICE_I,HAZMAT_CLASS
2139554,d41085fcb6db645de979bdcbfddd5739ae7ded96501ac2c80780220453cfce2bbddc6b861cd2ba4208df4982afda34fa9c43e9823c62024571039969eb186379,08/29/2025 12:55:00 PM,2,DRIVER,,2039568,,MAZDA,CX-5,IL,2021,NONE,SPORT UTILITY VEHICLE (SUV),PERSONAL,NE,TURNING LEFT,,,1,,,,,,Y,Y,Y,,,,,,,,,,SIDE-RIGHT,,,,,,,,,,,,,,,,,,,,,,,,,,,,,,,,,
2139546,604edf06f0aeae70c30a48fe7b7d0508738559572e300197468e509efb62fde6bc0cf9518f35ef1317c50d0afb84afa00c1eb42e48ec7734a94bb19d56aaf1bb,08/29/2025 12:53:00 PM,1,DRIVER,,2039550,,DODGE,CARAVAN,IL,2006,UNKNOWN,VAN/MINI-VAN,UNKNOWN/NA,N,STRAIGHT AHEAD,Y,,1,,priver two,,,Y,Y,,,,,,,,,,,,SIDE-RIGHT,,,,,,,,,,,,,,,,,,,,,,,,,,,,,,,,,
2139547,604edf06f0aeae70c30a48fe7b7d0508738559572e300197468e509efb62fde6bc0cf9518f35ef1317c50d0afb84afa00c1eb42e48ec7734a94bb19d56aaf1bb,08/29/2025 12:53:00 PM,2,PARKED,,2039560,,DODGE,RAM 1500 PU,IL,1999,UNKNOWN,PICKUP,NOT IN USE,N,PARKED,,,0,,,,,,,,,,,Y,,,,,,,REAR-LEFT-CORNER,,,,,,,,,,,,,,,,,,,,,,,,,,,,,,,,,
2139532,9421c55a6cbc52f54ab39d86a3fe4f82b5b93503fa0778ee7fd02910bb61cb7e5a8ac1353e17a0bde41ec5d0da4c76a030861494d915da9a856b9cff66fdd87a,08/29/2025 12:45:00 PM,1,DRIVER,2,2039541,,MAZDA,CX-3,IL,2006,NONE,PASSENGER,PERSONAL,E,STRAIGHT AHEAD,,,3,,,,,,,,,,,,,,Y,Y,,,FRONT-LEFT-CORNER,,,,,,,,,,,,,,,,,,,,,,,,,,,,,,,,,
2139533,9421c55a6cbc52f54ab39d86a3fe4f82b5b93503fa0778ee7fd02910bb61cb7e5a8ac1353e17a0bde41ec5d0da4c76a030861494d915da9a856b9cff66fdd87a,08/29/2025 12:45:00 PM,2,DRIVER,,2039543,,FORD,TRANSIT,IL,2015,NONE,VAN/MINI-VAN,PERSONAL,E,STRAIGHT AHEAD,,,1,,,,,Y,Y,,,,,,,,,,,,REAR-RIGHT-CORNER,,,,,,,,,,,,,,,,,,,,,,,,,,,,,,,,,
2139544,342d145d93de9539e3d873019d0a9b49ea83e18a82ef4cd013037f9906fb091d81b5124740b716651161d4d03024c0591786e5ee684a70e177447b46e83c638d,08/29/2025 12:42:00 PM,1,DRIVER,1,2039547,,KIA,CADENZA,IL,2014,UNKNOWN,PASSENGER,UNKNOWN/NA,W,UNKNOWN/NA,Y,,2,,CITY OF CHICAGO,POUND 6,,Y,,,,,,,,,,Y,Y,,FRONT,,,,,,,,,,,,,,,,,,,,,,,,,,,,,,,,,
2139545,342d145d93de9539e3d873019d0a9b49ea83e18a82ef4cd013037f9906fb091d81b5124740b716651161d4d03024c0591786e5ee684a70e177447b46e83c638d,08/29/2025 12:42:00 PM,2,DRIVER,,2039553,,CADILLAC,XT6,IL,2020,UNKNOWN,SPORT UTILITY VEHICLE (SUV),PERSONAL,N,STRAIGHT AHEAD,,,1,,,,,,Y,Y,Y,Y,,,,,,,,,SIDE-RIGHT,,,,,,,,,,,,,,,,,,,,,,,,,,,,,,,,,
2140286,099f5d00e55005664b71230c3a77a39ea3645b306cb49693f3fba1e284f86741eac61352bfef011c781d479adba621718abc938b8e61936cbef15c6dd567d1a5,08/29/2025 12:40:00 PM,1,DRIVER,,2040265,,NISSAN,OTHER (EXPLAIN IN NARRATIVE),TX,,UNKNOWN,UNKNOWN/NA,UNKNOWN/NA,UNKNOWN,UNKNOWN/NA,,,1,,,,,,,,,,,,,,,,,Y,FRONT-LEFT-CORNER,,,,,,,,,,,,,,,,,,,,,,,,,,,,,,,,,
2140287,099f5d00e55005664b71230c3a77a39ea3645b306cb49693f3fba1e284f86741eac61352bfef011c781d479adba621718abc938b8e61936cbef15c6dd567d1a5,08/29/2025 12:40:00 PM,2,DRIVER,,2040269,,FORD,EXPEDITION,IL,2025,UNKNOWN,SPORT UTILITY VEHICLE (SUV),UNKNOWN/NA,UNKNOWN,UNKNOWN/NA,,,1,,,,,,Y,,,,,,,,,,,,SIDE-RIGHT,,,,,,,,,,,,,,,,,,,,,,,,,,,,,,,,,
2139485,d73c75b418a7ef2de2237c6b5d484ab6d62f24044028caf81b8b60a8e8acf3cd8a6157dfa41f267c9c1f8eec155cb42c66c2b48130ca9d2dd6c548498a6660f5,08/29/2025 12:36:00 PM,1,DRIVER,,2039494,,LEXUS,RX,MI,2021,UNKNOWN,SPORT UTILITY VEHICLE (SUV),PERSONAL,UNKNOWN,STRAIGHT AHEAD,,,1,,,,,,,,,,,,,,,,Y,,FRONT,,,,,,,,,,,,,,,,,,,,,,,,,,,,,,,,,
2139486,d73c75b418a7ef2de2237c6b5d484ab6d62f24044028caf81b8b60a8e8acf3cd8a6157dfa41f267c9c1f8eec155cb42c66c2b48130ca9d2dd6c548498a6660f5,08/29/2025 12:36:00 PM,2,DRIVER,,2039498,,FORD,EXPEDITION,IL,2023,UNKNOWN,SPORT UTILITY VEHICLE (SUV),TAXI/FOR HIRE,UNKNOWN,STRAIGHT AHEAD,,,1,,,,,,,,,,Y,,,,,,Y,,REAR,,,,,,,,,,,,,,,,,,,,,,,,,,,,,,,,,
2139487,d73c75b418a7ef2de2237c6b5d484ab6d62f24044028caf81b8b60a8e8acf3cd8a6157dfa41f267c9c1f8eec155cb42c66c2b48130ca9d2dd6c548498a6660f5,08/29/2025 12:36:00 PM,3,DRIVER,,2039504,,TOYOTA,PRIUS,IL,2025,UNKNOWN,PASSENGER,PERSONAL,UNKNOWN,STRAIGHT AHEAD,,,1,,,,,,,,,,Y,,,,,,,,REAR,,,,,,,,,,,,,,,,,,,,,,,,,,,,,,,,,
2139523,1890662de60883e873427855086ecb2ada40115e08936eb168c2fe3036129c18854a208a3c4886d0866a78ba2da774456002faf91cba0b101890c99a95bb7d0c,08/29/2025 12:30:00 PM,1,DRIVER,,2039535,,VOLKSWAGEN,JETTA,IL,2018,NONE,PASSENGER,UNKNOWN/NA,N,PASSING/OVERTAKING,,,1,,,,,,,,,,,,,,,,,Y,UNKNOWN,,,,,,,,,,,,,,,,,,,,,,,,,,,,,,,,,
2139524,1890662de60883e873427855086ecb2ada40115e08936eb168c2fe3036129c18854a208a3c4886d0866a78ba2da774456002faf91cba0b101890c99a95bb7d0c,08/29/2025 12:30:00 PM,2,DRIVER,,2039542,,HONDA,ACCORD,IL,2011,NONE,PASSENGER,PERSONAL,N,STRAIGHT AHEAD,,,1,,,,,Y,,,,,,,,,,,,,FRONT-RIGHT-CORNER,,,,,,,,,,,,,,,,,,,,,,,,,,,,,,,,,
2139600,405a2c2ff61d93d86ef5033a7cef7ed642637ad67be61e6dee19a6cbadfa5a66da8026c6283d7f55203adb226949786b750aa6ebf09eaf2bbf136f5441f281dc,08/29/2025 12:30:00 PM,1,DRIVER,,2039610,,FORD,EDGE,IL,2013,NONE,SPORT UTILITY VEHICLE (SUV),PERSONAL,UNKNOWN,BACKING,,,1,,,,,,,,,,Y,,,,,,,,REAR,,,,,,,,,,,,,,,,,,,,,,,,,,,,,,,,,
2139601,405a2c2ff61d93d86ef5033a7cef7ed642637ad67be61e6dee19a6cbadfa5a66da8026c6283d7f55203adb226949786b750aa6ebf09eaf2bbf136f5441f281dc,08/29/2025 12:30:00 PM,2,DRIVER,,2039616,,KIA,FORTE,IL,2023,NONE,PASSENGER,PERSONAL,UNKNOWN,SLOW/STOP IN TRAFFIC,,,1,,,,,,Y,Y,Y,,,,,,,,,,SIDE-RIGHT,,,,,,,,,,,,,,,,,,,,,,,,,,,,,,,,,
2139551,684d86506fae7f8a9cda0bfc6a0e107170d238d6a63dd08ec9ca80b6e90a572bc2064ee2ba8d568025b604b24e342e4829e97414ddea897c6af773d04c15930c,08/29/2025 12:30:00 PM,1,DRIVER,,2039558,,FORD,OTHER (EXPLAIN IN NARRATIVE),IL,2010,NONE,VAN/MINI-VAN,UNKNOWN/NA,S,TURNING RIGHT,,,1,,,,,,,,,,,,,,,,Y,,FRONT,,,,,,,,,,,,,,,,,,,,,,,,,,,,,,,,,
2139552,684d86506fae7f8a9cda0bfc6a0e107170d238d6a63dd08ec9ca80b6e90a572bc2064ee2ba8d568025b604b24e342e4829e97414ddea897c6af773d04c15930c,08/29/2025 12:30:00 PM,2,PARKED,1,2039564,,HONDA,HR-V,IL,2024,NONE,SPORT UTILITY VEHICLE (SUV),PERSONAL,W,PARKED,,,1,,,,,,,,,,Y,Y,,,,,,,REAR,,,,,,,,,,,,,,,,,,,,,,,,,,,,,,,,,
2139483,e52db56d6b2e0571d2e73b8b56cea4b05d6be07867a333d9e8a54145d1dfc3eb04462878202d8a0b9eefcd8e24a597ff3fc5ccaff1b060b01bfd56a25fec7676,08/29/2025 12:30:00 PM,1,DRIVER,,2039492,,TOYOTA,PRIUS,IL,2010,NONE,PASSENGER,PERSONAL,N,STRAIGHT AHEAD,,,1,,,,,Y,,,,,,,,,,Y,Y,,FRONT,,,,,,,,,,,,,,,,,,,,,,,,,,,,,,,,,
2139484,e52db56d6b2e0571d2e73b8b56cea4b05d6be07867a333d9e8a54145d1dfc3eb04462878202d8a0b9eefcd8e24a597ff3fc5ccaff1b060b01bfd56a25fec7676,08/29/2025 12:30:00 PM,2,DRIVER,,2039499,,HYUNDAI,ACCENT,IL,2007,NONE,PASSENGER,PERSONAL,N,STRAIGHT AHEAD,,,1,,,,,,,,,Y,Y,Y,,,,,,,REAR,,,,,,,,,,,,,,,,,,,,,,,,,,,,,,,,,
2139537,d9f1780799ad90224a7de9ad2ac452844e30f6274c870a62ba910063d0efcd6f1a61820e5ddabbb5c3974ee8af476fcd8e0458ef02be520cefa9ac096493423c,08/29/2025 12:28:00 PM,1,DRIVER,,2039545,,STERLING,OTHER (EXPLAIN IN NARRATIVE),IL,2004,NONE,TRUCK - SINGLE UNIT,COMMERCIAL - SINGLE UNIT,N,CHANGING LANES,,,1,,,,Y,,,,,,,,,,,,,,SIDE-RIGHT,,,,,,,,,,,,,,,,,,,,,,,,,,,,,,,,,
2139538,d9f1780799ad90224a7de9ad2ac452844e30f6274c870a62ba910063d0efcd6f1a61820e5ddabbb5c3974ee8af476fcd8e0458ef02be520cefa9ac096493423c,08/29/2025 12:28:00 PM,2,DRIVER,,2039552,,VOLKSWAGEN,JETTA,IL,2016,NONE,PASSENGER,PERSONAL,N,STRAIGHT AHEAD,,,1,,,,,,,,,,,Y,Y,,,,,,SIDE-LEFT-REAR,,,,,,,,,,,,,,,,,,,,,,,,,,,,,,,,,
2139494,dfbb129051c054a414302c2b6b25aa344d0a19e2008ba61bdfa180d9f27b5b848ef31cc57e8813e3073ad92e8fe0f212e412dac17aa6946a007a6f11c0f6170d,08/29/2025 12:25:00 PM,1,DRIVER,,2039503,,CHEVROLET,COLORADO,IL,2024,UNKNOWN,PICKUP,UNKNOWN/NA,W,TURNING RIGHT,,,1,,,,,,,,,,,,,,Y,Y,,,FRONT-LEFT-CORNER,,,,,,,,,,,,,,,,,,,,,,,,,,,,,,,,,
2139495,dfbb129051c054a414302c2b6b25aa344d0a19e2008ba61bdfa180d9f27b5b848ef31cc57e8813e3073ad92e8fe0f212e412dac17aa6946a007a6f11c0f6170d,08/29/2025 12:25:00 PM,2,DRIVER,,2039509,,AUTOCAR,AUTOCAR,IL,2022,NONE,OTHER,OTHER,W,STRAIGHT AHEAD,,,1,,,,,Y,,,,,,,,,,,,,FRONT-RIGHT-CORNER,,,,,,,,,,,,,,,,,,,,,,,,,,,,,,,,,
2139604,0af641d64a538a6cc9aeb5dd718ec08267a619c264d04ce86235d70e70649769f071eb85f8ce13860a28eec5105a4f85cb90cda0bd7945157be8cf9356eae3cb,08/29/2025 12:20:00 PM,1,DRIVER,,2039613,,HONDA,CR-V,,,UNKNOWN,PASSENGER,PERSONAL,N,STRAIGHT AHEAD,,,1,,,,,,,,,,,Y,Y,,,,,,SIDE-LEFT-REAR,,,,,,,,,,,,,,,,,,,,,,,,,,,,,,,,,
2139605,0af641d64a538a6cc9aeb5dd718ec08267a619c264d04ce86235d70e70649769f071eb85f8ce13860a28eec5105a4f85cb90cda0bd7945157be8cf9356eae3cb,08/29/2025 12:20:00 PM,2,DRIVER,,2039618,,NISSAN,ROGUE,IL,,NONE,PASSENGER,PERSONAL,N,STRAIGHT AHEAD,,,1,,,,,,,,Y,,,,,,,,,,SIDE-RIGHT-REAR,,,,,,,,,,,,,,,,,,,,,,,,,,,,,,,,,
2139488,fa169ab8dcb6568c88280a6434fe240abacaf372609dc034262c95c4274a86210f5d750a738f0fc50523193abb9f48313912a07db1478812c42e4b1ece36ba60,08/29/2025 12:20:00 PM,1,DRIVER,,2039501,,UNKNOWN,OTHER (EXPLAIN IN NARRATIVE),IL,2024,NONE,OTHER,PERSONAL,W,PASSING/OVERTAKING,,,1,,,,,,,,,,,,,,,,Y,,FRONT,,,,,,,,,,,,,,,,,,,,,,,,,,,,,,,,,
2139503,fa169ab8dcb6568c88280a6434fe240abacaf372609dc034262c95c4274a86210f5d750a738f0fc50523193abb9f48313912a07db1478812c42e4b1ece36ba60,08/29/2025 12:20:00 PM,2,DRIVER,,2039505,,JEEP,JEEP,IL,2014,NONE,PASSENGER,PERSONAL,W,STRAIGHT AHEAD,,,1,,,,,,,,,,,,,,,Y,Y,,FRONT-LEFT-CORNER,,,,,,,,,,,,,,,,,,,,,,,,,,,,,,,,,
2139504,fd9b0eb6f0c6d3f8286dcacc7ed91e61469ed2fe870d8938d52b14bac182ee6c0032fffd3eed71d59e50432a8e17fb43ab7bf07e97f4b806f70a08f912bacb42,08/29/2025 12:14:00 PM,1,DRIVER,,2039518,,MITSUBISHI,OUTLANDER,,2011,NONE,SPORT UTILITY VEHICLE (SUV),PERSONAL,S,ENTERING TRAFFIC LANE FROM PARKING,,,1,,,,,,,,,,,,,,,Y,,,FRONT-LEFT-CORNER,,,,,,,,,,,,,,,,,,,,,,,,,,,,,,,,,
2139505,fd9b0eb6f0c6d3f8286dcacc7ed91e61469ed2fe870d8938d52b14bac182ee6c0032fffd3eed71d59e50432a8e17fb43ab7bf07e97f4b806f70a08f912bacb42,08/29/2025 12:14:00 PM,2,DRIVER,,2039523,,TOYOTA,CAMRY,IL,2014,NONE,PASSENGER,PERSONAL,S,STRAIGHT AHEAD,,,1,,,,,,Y,Y,,,,,,,,,,,SIDE-RIGHT,,,,,,,,,,,,,,,,,,,,,,,,,,,,,,,,,
2140177,a13534f58f3fd6b42e75d84464481be2029bf9a01ea4ebf758fda03d57c9fc05e4c363eb475f8ddee6293016279f91754112949d7b1214222a50781e4a61d6e5,08/29/2025 12:10:00 PM,1,DRIVER,,2040158,,CHEVROLET,IMPALA,IL,2017,NONE,PASSENGER,PERSONAL,E,OTHER,Y,,1,,Streets and Sanitation,pound 2,,Y,,,,Y,Y,Y,,,,Y,Y,,FRONT,,,,,,,,,,,,,,,,,,,,,,,,,,,,,,,,,
2140178,a13534f58f3fd6b42e75d84464481be2029bf9a01ea4ebf758fda03d57c9fc05e4c363eb475f8ddee6293016279f91754112949d7b1214222a50781e4a61d6e5,08/29/2025 12:10:00 PM,2,PARKED,,2040159,,CHEVROLET,EQUINOX,IL,2013,NONE,PASSENGER,NOT IN USE,S,PARKED,,,0,,,,,,,,,,,Y,,,,,,,REAR-LEFT-CORNER,,,,,,,,,,,,,,,,,,,,,,,,,,,,,,,,,
2139513,d3ac73f0b28f606ec0977dcf15888fe54376aa9d3bd1c4704af60983a046640bfab75011b88c67c2925352c03685816fb781bc617eb4cd2a820bf98d7e41d5bd,08/29/2025 12:10:00 PM,1,DRIVER,,2039519,,TOYOTA,PRIUS,IL,2012,UNKNOWN,PASSENGER,PERSONAL,W,BACKING,,,1,,,,,,,,,,,Y,,,,,,,REAR-LEFT-CORNER,,,,,,,,,,,,,,,,,,,,,,,,,,,,,,,,,
2139514,d3ac73f0b28f606ec0977dcf15888fe54376aa9d3bd1c4704af60983a046640bfab75011b88c67c2925352c03685816fb781bc617eb4cd2a820bf98d7e41d5bd,08/29/2025 12:10:00 PM,2,PARKED,,2039524,,FORD,EDGE,IL,2008,UNKNOWN,PASSENGER,PERSONAL,W,PARKED,,,0,,,,,Y,,,,,,,,,,,,,FRONT-RIGHT-CORNER,,,,,,,,,,,,,,,,,,,,,,,,,,,,,,,,,
2139543,25c5c329787d491423cedf6a10a9cd6070d5c6a7357c101b26fe1f2c5ac215bae702cb0b98059f541ea62858ad8e6bbb180ff2419f77bcfd2ebd3d26510ec339,08/29/2025 12:09:00 PM,1,DRIVER,,2039544,,UNKNOWN,OTHER (EXPLAIN IN NARRATIVE),,,UNKNOWN,PICKUP,UNKNOWN/NA,E,TURNING RIGHT,,,1,,,,,,,,,,,,,,,,,Y,UNKNOWN,,,,,,,,,,,,,,,,,,,,,,,,,,,,,,,,,
2139548,25c5c329787d491423cedf6a10a9cd6070d5c6a7357c101b26fe1f2c5ac215bae702cb0b98059f541ea62858ad8e6bbb180ff2419f77bcfd2ebd3d26510ec339,08/29/2025 12:09:00 PM,2,PEDESTRIAN,,,,,,,,,,,,,,,,,,,,,,,,,,,,,,,,,,,,,,,,,,,,,,,,,,,,,,,,,,,,,,,,,,
2139620,087acdf7010f387f57880f13a59274af9010867f083fc18bd6241d3a0fc72f0f2b3b6bac42bed73727bd8a0d0f397a36066f5c52e29c36e3199781cfdd356983,08/29/2025 12:00:00 PM,1,DRIVER,,2039622,,UNKNOWN,MOTORIZED,,,UNKNOWN,UNKNOWN/NA,UNKNOWN/NA,NW,UNKNOWN/NA,,,1,,,,,,,,,,,,,,,,,Y,UNKNOWN,,,,,,,,,,,,,,,,,,,,,,,,,,,,,,,,,
2139621,087acdf7010f387f57880f13a59274af9010867f083fc18bd6241d3a0fc72f0f2b3b6bac42bed73727bd8a0d0f397a36066f5c52e29c36e3199781cfdd356983,08/29/2025 12:00:00 PM,2,PARKED,,2039625,,MERCEDES-BENZ,GLK350,IL,2012,NONE,PASSENGER,NOT IN USE,N,PARKED,,,0,,,,,Y,,,,,,,,,,Y,Y,,FRONT,,,,,,,,,,,,,,,,,,,,,,,,,,,,,,,,,
2139519,0686f3f3bcc7fb3ee1a255921322face24ffe3d5c71dcbfaa53fc9c22334c8cf23952f3cd741f4f7a19c92da47fc52144ee39904d5f737a5a943c10a17891c68,08/29/2025 11:58:00 AM,1,DRIVER,,2039528,,UNKNOWN,OTHER (EXPLAIN IN NARRATIVE),,,UNKNOWN,UNKNOWN/NA,UNKNOWN/NA,N,PASSING/OVERTAKING,,,1,,,,,,,,,,,,,,,,,Y,UNKNOWN,,,,,,,,,,,,,,,,,,,,,,,,,,,,,,,,,
2139520,0686f3f3bcc7fb3ee1a255921322face24ffe3d5c71dcbfaa53fc9c22334c8cf23952f3cd741f4f7a19c92da47fc52144ee39904d5f737a5a943c10a17891c68,08/29/2025 11:58:00 AM,2,DRIVER,,2039530,,LEXUS,RX,IL,2025,UNKNOWN,SPORT UTILITY VEHICLE (SUV),OTHER,N,STRAIGHT AHEAD,,,1,,,,,Y,Y,Y,,,,,,,,,,Y,UNKNOWN,,,,,,,,,,,,,,,,,,,,,,,,,,,,,,,,,
2139472,a6bea63b87118715f6688ff1e307f6bf0f7984f308313c918621fde1205a5a35a39b672837c094e642c314b8f80f967c36194c315cb350f64e39555724f0e493,08/29/2025 11:50:00 AM,1,DRIVER,,2039484,,FORD,F150,IL,2017,NONE,TRUCK - SINGLE UNIT,CONSTRUCTION/MAINTENANCE,E,TURNING RIGHT,,,1,,,,,,,,,,Y,Y,,,,,,,REAR-LEFT-CORNER,,,,,,,,,,,,,,,,,,,,,,,,,,,,,,,,,
2139473,a6bea63b87118715f6688ff1e307f6bf0f7984f308313c918621fde1205a5a35a39b672837c094e642c314b8f80f967c36194c315cb350f64e39555724f0e493,08/29/2025 11:50:00 AM,2,BICYCLE,,,,,,,,,,,,,,,,,,,,,,,,,,,,,,,,,,,,,,,,,,,,,,,,,,,,,,,,,,,,,,,,,,
2139474,a6bea63b87118715f6688ff1e307f6bf0f7984f308313c918621fde1205a5a35a39b672837c094e642c314b8f80f967c36194c315cb350f64e39555724f0e493,08/29/2025 11:50:00 AM,3,BICYCLE,,,,,,,,,,,,,,,,,,,,,,,,,,,,,,,,,,,,,,,,,,,,,,,,,,,,,,,,,,,,,,,,,,
2139492,6f74288c8ccfbc2ca6fafa35238891f51baefdde8a085c4fa40f82fbdb607e9e86dcb77c85d354ca6d835cdd52d7446cefc56a68089aad25bc9adb92410e530a,08/29/2025 11:46:00 AM,1,DRIVER,,2039507,,TOYOTA,CAMRY,IL,2002,UNKNOWN,PASSENGER,PERSONAL,N,STRAIGHT AHEAD,,,1,,,,,,,,,,,,,,,,Y,,FRONT,,,,,,,,,,,,,,,,,,,,,,,,,,,,,,,,,
2139493,6f74288c8ccfbc2ca6fafa35238891f51baefdde8a085c4fa40f82fbdb607e9e86dcb77c85d354ca6d835cdd52d7446cefc56a68089aad25bc9adb92410e530a,08/29/2025 11:46:00 AM,2,DRIVER,1,2039510,,INFINITI,G37,IL,2009,UNKNOWN,PASSENGER,PERSONAL,N,STRAIGHT AHEAD,,,2,,,,,,,,,,Y,,,,,,,,REAR,,,,,,,,,,,,,,,,,,,,,,,,,,,,,,,,,
2139448,3b26d2968bd428195fb152a34ac630d9640a84238dbc5551817740c2dacb6e332960cb05feb4075eded97908d56aeba46424a1d1a444c3b5fb9b21beb5844a2f,08/29/2025 11:30:00 AM,1,DRIVER,,2039452,,"HEILITE TRAILERS, INC.","HEILITE TRAILERS, INC.",IN,2026,UNKNOWN,OTHER,OTHER,W,BACKING,,,1,,,,,,,,,Y,,,,,,,,,REAR-RIGHT-CORNER,,,,,,,,,,,,,,,,,,,,,,,,,,,,,,,,,
2139449,3b26d2968bd428195fb152a34ac630d9640a84238dbc5551817740c2dacb6e332960cb05feb4075eded97908d56aeba46424a1d1a444c3b5fb9b21beb5844a2f,08/29/2025 11:30:00 AM,2,DRIVER,,2039476,,CHEVROLET,EQUINOX,IL,2018,UNKNOWN,PASSENGER,PERSONAL,E,STRAIGHT AHEAD,,,1,,,,,Y,,,,,,,,,,Y,Y,,FRONT,,,,,,,,,,,,,,,,,,,,,,,,,,,,,,,,,
2139644,518c57ca2915ac93b35277dd7d887d205214d6fe2027056544eb90069862115af96a5e9623b0d6421de56d174665209c58d57c94e6c6cd25709ea4f05177b3c5,08/29/2025 11:30:00 AM,1,DRIVER,,2039645,,UNKNOWN,OTHER (EXPLAIN IN NARRATIVE),IL,,UNKNOWN,UNKNOWN/NA,UNKNOWN/NA,UNKNOWN,UNKNOWN/NA,,,1,,,,,,,,,,,,,,,,,,UNKNOWN,,,,,,,,,,,,,,,,,,,,,,,,,,,,,,,,,
2139645,518c57ca2915ac93b35277dd7d887d205214d6fe2027056544eb90069862115af96a5e9623b0d6421de56d174665209c58d57c94e6c6cd25709ea4f05177b3c5,08/29/2025 11:30:00 AM,2,PARKED,,2039652,,CHEVROLET,COLORADO,IL,2025,NONE,OTHER,OTHER,UNKNOWN,PARKED,,,0,,,,,,,,,Y,,,,,,,,,SIDE-RIGHT-REAR,,,,,,,,,,,,,,,,,,,,,,,,,,,,,,,,,
2140098,7741f573f410072784b28c3f8fe6c6cf31d6a53ca7ad5b5b551471c8c483427ec52fe8502a0f7faaafa5451781a699c5d44baabeff5cf60fc5d85c51d0497361,08/29/2025 11:30:00 AM,1,DRIVER,,2040083,,TOYOTA,TACOMA,IL,2001,UNKNOWN,PASSENGER,PERSONAL,S,STRAIGHT AHEAD,,,1,,,,,,,,,,,,,,,,Y,,FRONT,,,,,,,,,,,,,,,,,,,,,,,,,,,,,,,,,
2140099,7741f573f410072784b28c3f8fe6c6cf31d6a53ca7ad5b5b551471c8c483427ec52fe8502a0f7faaafa5451781a699c5d44baabeff5cf60fc5d85c51d0497361,08/29/2025 11:30:00 AM,3,DRIVER,,2040086,,FORD,FUSION,IL,2014,UNKNOWN,PASSENGER,PERSONAL,N,STRAIGHT AHEAD,,,1,,,,,,,,,Y,Y,Y,,,,,,,REAR,,,,,,,,,,,,,,,,,,,,,,,,,,,,,,,,,
2140100,7741f573f410072784b28c3f8fe6c6cf31d6a53ca7ad5b5b551471c8c483427ec52fe8502a0f7faaafa5451781a699c5d44baabeff5cf60fc5d85c51d0497361,08/29/2025 11:30:00 AM,2,DRIVER,,2040093,,CHEVROLET,TRAVERSE,IL,2020,UNKNOWN,PASSENGER,PERSONAL,N,STRAIGHT AHEAD,Y,,1,,,,,Y,,,,Y,Y,Y,,,,Y,Y,,REAR,,,,,,,,,,,,,,,,,,,,,,,,,,,,,,,,,
2139497,dc92f1f2e342ee8c59886207dee542d9f8918722d4306a6d74c010b0d9c6b7bcd39d47f2edf7ff4957476186f1d33be05b0306576c2b8363d6da6053e68ed19b,08/29/2025 11:30:00 AM,1,DRIVER,,2039522,,NISSAN,ALTIMA,IL,2019,NONE,PASSENGER,PERSONAL,N,U-TURN,,,1,,,,,,,,,,,,,,,Y,Y,,FRONT,,,,,,,,,,,,,,,,,,,,,,,,,,,,,,,,,
2139498,dc92f1f2e342ee8c59886207dee542d9f8918722d4306a6d74c010b0d9c6b7bcd39d47f2edf7ff4957476186f1d33be05b0306576c2b8363d6da6053e68ed19b,08/29/2025 11:30:00 AM,2,DRIVER,,2039529,,TOYOTA,CAMRY,,2007,NONE,PASSENGER,PERSONAL,S,STRAIGHT AHEAD,,,1,,,,,,,,,,,,,,Y,Y,,,FRONT-LEFT-CORNER,,,,,,,,,,,,,,,,,,,,,,,,,,,,,,,,,