CRASH_UNIT_ID,CRASH_RECORD_ID,CRASH_DATE,UNIT_NO,UNIT_TYPE,NUM_PASSENGERS,VEHICLE_ID,CMRC_VEH_I,MAKE,MODEL,LIC_PLATE_STATE,VEHICLE_YEAR,VEHICLE_DEFECT,VEHICLE_TYPE,VEHICLE_USE,TRAVEL_DIRECTION,MANEUVER,TOWED_I,FIRE_I,OCCUPANT_CNT,EXCEED_SPEED_LIMIT_I,TOWED_BY,TOWED_TO,AREA_00_I,AREA_01_I,AREA_02_I,AREA_03_I,AREA_04_I,AREA_05_I,AREA_06_I,AREA_07_I,AREA_08_I,AREA_09_I,AREA_10_I,AREA_11_I,AREA_12_I,AREA_99_I,FIRST_CONTACT_POINT,CMV_ID,USDOT_NO,CCMC_NO,ILCC_NO,COMMERCIAL_SRC,GVWR,CARRIER_NAME,CARRIER_STATE,CARRIER_CITY,HAZMAT_PLACARDS_I,HAZMAT_NAME,UN_NO,HAZMAT_PRESENT_I,HAZMAT_REPORT_I,HAZMAT_REPORT_NO,MCS_REPORT_I,MCS_REPORT_NO,HAZMAT_VIO_CAUSE_CRASH_I,MCS_VIO_CAUSE_CRASH_I,IDOT_PERMIT_NO,WIDE_LOAD_I,TRAILER1_WIDTH,TRAILER2_WIDTH,TRAILER1_LENGTH,TRAILER2_LENGTH,TOTAL_VEHICLE_LENGTH,AXLE_CNT,VEHICLE_CONFIG,CARGO_BODY_TYPE,LOAD_TYPE,HAZMAT_OUT_OF_SERVICE_I,MCS_OUT_OF_SERVICE_I,HAZMAT_CLASS
2139452,e54532970137b7dd7ea08eea9e0f6844b276141e7335e05ef5c6803f084c7ade637d9e5bde3c74bea15d1692bc7522c1ee34910769ab44013c7c41cc011db82d,08/29/2025 11:30:00 AM,1,DRIVER,,2039462,,JEEP,LIBERTY,IL,,UNKNOWN,SPORT UTILITY VEHICLE (SUV),UNKNOWN/NA,S,CHANGING LANES,,,1,,,,,,,,,,,,,,,,,,SIDE-LEFT-REAR,,,,,,,,,,,,,,,,,,,,,,,,,,,,,,,,,
2139453,e54532970137b7dd7ea08eea9e0f6844b276141e7335e05ef5c6803f084c7ade637d9e5bde3c74bea15d1692bc7522c1ee34910769ab44013c7c41cc011db82d,08/29/2025 11:30:00 AM,2,DRIVER,,2039465,,TOYOTA,COROLLA,,,OTHER,PASSENGER,TAXI/FOR HIRE,S,STRAIGHT AHEAD,,,1,,,,,,,,,,,,,,,,,,FRONT-RIGHT-CORNER,,,,,,,,,,,,,,,,,,,,,,,,,,,,,,,,,
2139571,fe034335265879a8fc4aed14be2e0409b509b60c48c2eee5d7f3f4bdd9d5d32877114ee7182b20a16d24021094d9682ddda24a9a0594aa6cf06416631595c042,08/29/2025 11:30:00 AM,1,DRIVER,,2039584,,STERLING,OTHER (EXPLAIN IN NARRATIVE),IL,2004,NONE,TRUCK - SINGLE UNIT,OTHER,N,CHANGING LANES,,,1,,,,,Y,,,,,,,,,,,,,FRONT-RIGHT-CORNER,,,,,,,,,,,,,,,,,,,,,,,,,,,,,,,,,
2139572,fe034335265879a8fc4aed14be2e0409b509b60c48c2eee5d7f3f4bdd9d5d32877114ee7182b20a16d24021094d9682ddda24a9a0594aa6cf06416631595c042,08/29/2025 11:30:00 AM,2,DRIVER,,2039589,,VOLKSWAGEN,OTHER (EXPLAIN IN NARRATIVE),IL,2016,UNKNOWN,PASSENGER,UNKNOWN/NA,N,STRAIGHT AHEAD,,,1,,,,,,,,,,,Y,Y,,,,,,SIDE-LEFT-REAR,,,,,,,,,,,,,,,,,,,,,,,,,,,,,,,,,
2139489,0d480f44208aa0fcea1fcfea42bfc864891fbe79e7a861bd431f3a18cb4c6f7be2ee66a41b4c885786f9526d7a705c0e46fc4574c96cf5bc24e868fe5737d706,08/29/2025 11:27:00 AM,1,DRIVER,,2039496,Y,FREIGHTLINER CORPORATION,OTHER (EXPLAIN IN NARRATIVE),TN,2024,UNKNOWN,UNKNOWN/NA,COMMERCIAL - MULTI-UNIT,N,TURNING LEFT,,,1,,,,Y,,,,,,,,,,,,,,REAR-RIGHT-CORNER,"22,099",0511412,,,PAPERS,3,WESTERN EXPRESS INC,TN,NASHVILLE,,,,N,N,,N,,N,N,,,,,,,,,"SINGLE UNIT TRUCK, 3 OR MORE AXLES",FLATBED,BUILDING MATERIALS,N,N,
2139490,0d480f44208aa0fcea1fcfea42bfc864891fbe79e7a861bd431f3a18cb4c6f7be2ee66a41b4c885786f9526d7a705c0e46fc4574c96cf5bc24e868fe5737d706,08/29/2025 11:27:00 AM,2,PARKED,,2039511,,FORD,F150,IL,2011,UNKNOWN,PICKUP,CONSTRUCTION/MAINTENANCE,N,PARKED,,,0,,,,,,,,,,,Y,,,,,,,SIDE-LEFT-REAR,,,,,,,,,,,,,,,,,,,,,,,,,,,,,,,,,
2139450,600fe8edf25bb1e58a56d181d094c3a0b4e45c53811390ed1aeec10f0344f63740e79b8b73d38001380a31eb56d08e529341a2f24db7b4edacc4029a0e1f76cf,08/29/2025 11:20:00 AM,1,DRIVER,,2039467,,NISSAN,PATHFINDER,IL,2023,NONE,SPORT UTILITY VEHICLE (SUV),PERSONAL,W,AVOIDING VEHICLES/OBJECTS,,,1,,,,,,,,,,,,,,,Y,,,FRONT-LEFT-CORNER,,,,,,,,,,,,,,,,,,,,,,,,,,,,,,,,,
2139451,600fe8edf25bb1e58a56d181d094c3a0b4e45c53811390ed1aeec10f0344f63740e79b8b73d38001380a31eb56d08e529341a2f24db7b4edacc4029a0e1f76cf,08/29/2025 11:20:00 AM,2,DRIVER,,2039461,,TOYOTA,HIGHLANDER,IL,2024,NONE,SPORT UTILITY VEHICLE (SUV),PERSONAL,W,STRAIGHT AHEAD,,,1,,,,,,Y,Y,Y,,,,,,,N,,,SIDE-RIGHT,,,,,,,,,,,,,,,,,,,,,,,,,,,,,,,,,
2139458,840333b28e72ff58ee56bd43dcc6f3304e4c4b0f9fff59d1ba093c8b7ecce3f3b8732ffa9e9e439aa69d7afafe006e795d38a4596aa5f9985e20b08cdc4fa099,08/29/2025 11:15:00 AM,1,DRIVER,,2039471,,PORSCHE,MACAN,IL,2020,NONE,PASSENGER,PERSONAL,W,STRAIGHT AHEAD,,,1,,,,,,,,,,,,,,,,Y,,FRONT,,,,,,,,,,,,,,,,,,,,,,,,,,,,,,,,,
2139459,840333b28e72ff58ee56bd43dcc6f3304e4c4b0f9fff59d1ba093c8b7ecce3f3b8732ffa9e9e439aa69d7afafe006e795d38a4596aa5f9985e20b08cdc4fa099,08/29/2025 11:15:00 AM,2,DRIVER,,2039482,,FORD,OTHER (EXPLAIN IN NARRATIVE),IL,2014,NONE,PASSENGER,PERSONAL,W,SLOW/STOP IN TRAFFIC,,,1,,,,,,,,,,Y,,,,,,,,REAR,,,,,,,,,,,,,,,,,,,,,,,,,,,,,,,,,
2139432,913701e3193c4a531b905ef50b5aa71612cb8766b84183fbfbe556d3fdad8651d9a900c9d5001478f7f99387afc5f41b22d8ed3319de6fa557bab289ca0ac60f,08/29/2025 11:15:00 AM,1,DRIVER,,2039454,,TOYOTA,CAMRY,IL,2007,UNKNOWN,PASSENGER,PERSONAL,W,STRAIGHT AHEAD,,,1,,,,,,,,,,,,,,,,,Y,FRONT,,,,,,,,,,,,,,,,,,,,,,,,,,,,,,,,,
2139433,913701e3193c4a531b905ef50b5aa71612cb8766b84183fbfbe556d3fdad8651d9a900c9d5001478f7f99387afc5f41b22d8ed3319de6fa557bab289ca0ac60f,08/29/2025 11:15:00 AM,2,DRIVER,,2039474,,NISSAN,SENTRA,IL,2015,UNKNOWN,PASSENGER,PERSONAL,W,SLOW/STOP IN TRAFFIC,,,1,,,,,,,,,Y,Y,Y,,,,,,,REAR,,,,,,,,,,,,,,,,,,,,,,,,,,,,,,,,,
2139454,e28a93093776f799dbbe54d0779f008396fcbe27fd56dd8d170c1926607d885b527185dccbc289e5bbf35baf456ba3eb5b21c70362a00a169fd7d9d427ee046d,08/29/2025 11:15:00 AM,1,DRIVER,,2039472,,MERCEDES-BENZ,GLS,IL,2022,UNKNOWN,SPORT UTILITY VEHICLE (SUV),PERSONAL,E,STRAIGHT AHEAD,,,1,,,,,,,,,,,,,,,,,Y,UNKNOWN,,,,,,,,,,,,,,,,,,,,,,,,,,,,,,,,,
2139455,e28a93093776f799dbbe54d0779f008396fcbe27fd56dd8d170c1926607d885b527185dccbc289e5bbf35baf456ba3eb5b21c70362a00a169fd7d9d427ee046d,08/29/2025 11:15:00 AM,2,PARKED,1,2039463,,FORD,TRANSIT,IL,2024,UNKNOWN,VAN/MINI-VAN,UNKNOWN/NA,E,PARKED,,,1,,,,,,,,,,,,,,Y,,,,SIDE-LEFT,,,,,,,,,,,,,,,,,,,,,,,,,,,,,,,,,
2140200,b01983ea1b0c3bbab15f41c04d3eb7d725cc8dd256a90f141a04a171661b9905862549bc2cfbe36286d67e0dc77bcf0624304c2c733b8b1c99384d66556926f0,08/29/2025 11:05:00 AM,1,DRIVER,1,2040186,,MERCEDES-BENZ,C300,FL,2009,UNKNOWN,UNKNOWN/NA,UNKNOWN/NA,N,TURNING LEFT,,,2,,,,,,,,,,,,,,Y,Y,Y,,FRONT-LEFT-CORNER,,,,,,,,,,,,,,,,,,,,,,,,,,,,,,,,,
2140201,b01983ea1b0c3bbab15f41c04d3eb7d725cc8dd256a90f141a04a171661b9905862549bc2cfbe36286d67e0dc77bcf0624304c2c733b8b1c99384d66556926f0,08/29/2025 11:05:00 AM,2,DRIVER,,2040201,,NISSAN,VERSA,,2012,NONE,PASSENGER,PERSONAL,N,TURNING LEFT,,,1,,,,,Y,Y,,,,,,,,,,Y,,FRONT-RIGHT-CORNER,,,,,,,,,,,,,,,,,,,,,,,,,,,,,,,,,
2140448,5b9bda6bb211bad6f7634741161c890fae92a123342fda68df0292e3b04957b356050796a8d1926d27600cb08d939dc3bea8a0ed6b8045bfb31c35c7965eaad2,08/29/2025 11:00:00 AM,1,DRIVER,,2040424,,UNKNOWN,MOTORIZED,,,UNKNOWN,UNKNOWN/NA,UNKNOWN/NA,UNKNOWN,BACKING,,,1,,,,,,,,,,Y,,,,,,,,REAR,,,,,,,,,,,,,,,,,,,,,,,,,,,,,,,,,
2140449,5b9bda6bb211bad6f7634741161c890fae92a123342fda68df0292e3b04957b356050796a8d1926d27600cb08d939dc3bea8a0ed6b8045bfb31c35c7965eaad2,08/29/2025 11:00:00 AM,2,PARKED,,2040427,,HONDA,CIVIC,IN,,NONE,PASSENGER,NOT IN USE,UNKNOWN,PARKED,,,0,,,,,Y,,,,,,Y,,,,,,,REAR-LEFT-CORNER,,,,,,,,,,,,,,,,,,,,,,,,,,,,,,,,,
2139444,89798b50e1165db22e1a53fc47ccbf5d9abf519dcbe967e93dfcc6f20c08687cced3a4084fe7ec23212a9c3360134e65018259f1d72bc1687c933a2f498d8d46,08/29/2025 11:00:00 AM,1,DRIVER,,2039448,,UNKNOWN,OTHER (EXPLAIN IN NARRATIVE),,,UNKNOWN,PASSENGER,UNKNOWN/NA,S,UNKNOWN/NA,,,1,,,,,,,,,,,,,,,Y,,,FRONT-LEFT-CORNER,,,,,,,,,,,,,,,,,,,,,,,,,,,,,,,,,
2139445,89798b50e1165db22e1a53fc47ccbf5d9abf519dcbe967e93dfcc6f20c08687cced3a4084fe7ec23212a9c3360134e65018259f1d72bc1687c933a2f498d8d46,08/29/2025 11:00:00 AM,2,DRIVER,,2039459,,HONDA,CR-V,IL,2020,NONE,PASSENGER,PERSONAL,N,STRAIGHT AHEAD,,,1,,,,Y,Y,,,,,,,,,,,,,FRONT-RIGHT-CORNER,,,,,,,,,,,,,,,,,,,,,,,,,,,,,,,,,
2139641,3510efabda635f6ffa799824367368dfd8895911d48872e9581e42ae999c2e95d475cf42147fa1220bd7dbf2e7015f198c91bc0073a7bc2dac7a252619f3a513,08/29/2025 10:55:00 AM,1,DRIVER,1,2039646,,FORD,EXPEDITION,IL,2000,UNKNOWN,PASSENGER,PERSONAL,W,STRAIGHT AHEAD,Y,,2,,CITY TOW,POUND #6,,Y,Y,Y,Y,,,,,,,,Y,,FRONT-RIGHT-CORNER,,,,,,,,,,,,,,,,,,,,,,,,,,,,,,,,,
2139434,c8288d4ca833289fedc39b3685d4b328a66fcc9549ce158321f2283eeb6d0eab957b0722e6bca081caa4974b479eb7358b3a828c73d0c82cb9620b1edb0d43d0,08/29/2025 10:54:00 AM,1,,,,,,,,,,,,,,,,,,,,,,,,,,,,,,,,,,,,,,,,,,,,,,,,,,,,,,,,,,,,,,,,,,,
2139437,c8288d4ca833289fedc39b3685d4b328a66fcc9549ce158321f2283eeb6d0eab957b0722e6bca081caa4974b479eb7358b3a828c73d0c82cb9620b1edb0d43d0,08/29/2025 10:54:00 AM,1,DRIVER,,2039457,,TOYOTA,CAMRY,IL,2020,NONE,PASSENGER,PERSONAL,W,TURNING LEFT,,,1,,,,,,,,,,,,,,,Y,,,FRONT,,,,,,,,,,,,,,,,,,,,,,,,,,,,,,,,,
2139578,bdf660afd809b6eabbbe4478717cf7d21cfad5ca0c2a5ed8550ba3708579727e14a7d6d88e947d2f848336e9c77cec214b8b4c38e915e91070ed9c65a9198749,08/29/2025 10:45:00 AM,1,DRIVER,,2039590,,TOYOTA,SIENNA,IL,2011,UNKNOWN,PASSENGER,UNKNOWN/NA,S,STRAIGHT AHEAD,,,1,,,,,Y,,,,,,,,,,Y,,,FRONT-LEFT-CORNER,,,,,,,,,,,,,,,,,,,,,,,,,,,,,,,,,
2139579,bdf660afd809b6eabbbe4478717cf7d21cfad5ca0c2a5ed8550ba3708579727e14a7d6d88e947d2f848336e9c77cec214b8b4c38e915e91070ed9c65a9198749,08/29/2025 10:45:00 AM,2,DRIVER,1,2039601,,FORD,ESCAPE,IL,2010,UNKNOWN,PASSENGER,UNKNOWN/NA,S,STRAIGHT AHEAD,,,2,,,,,,,,,Y,,,,,,,,,REAR-RIGHT-CORNER,,,,,,,,,,,,,,,,,,,,,,,,,,,,,,,,,
2139422,50bf307e80319283510e77e7bc76c32954b7b1675f5b1648713e6924fe9b5adf2c7a2bdafd0017b6a71e991ad884b4283224bb14dfcda4399eaa07e2a7867dda,08/29/2025 10:40:00 AM,1,DRIVER,,2039436,,FORD,EDGE,IL,2011,NONE,SPORT UTILITY VEHICLE (SUV),PERSONAL,S,STRAIGHT AHEAD,,,1,,,,,Y,,,,,,,,,,Y,Y,,FRONT,,,,,,,,,,,,,,,,,,,,,,,,,,,,,,,,,
2139423,50bf307e80319283510e77e7bc76c32954b7b1675f5b1648713e6924fe9b5adf2c7a2bdafd0017b6a71e991ad884b4283224bb14dfcda4399eaa07e2a7867dda,08/29/2025 10:40:00 AM,2,DRIVER,1,2039440,,JEEP,WRANGLER,IL,,UNKNOWN,PASSENGER,UNKNOWN/NA,S,SLOW/STOP IN TRAFFIC,,,2,,,,,,,,,,,,,,,,,Y,REAR,,,,,,,,,,,,,,,,,,,,,,,,,,,,,,,,,
2139466,8a46cbffcb198b47538a8d67881e30d2053b3778b786110ba9f68c650c301205b976dcc263c51c1143fe4bad74576be37ef326b6a38e323c8952eae0c92c5da3,08/29/2025 10:35:00 AM,1,DRIVER,,2039497,,TESLA,MODEL 3,IL,2023,UNKNOWN,PASSENGER,PERSONAL,N,STRAIGHT AHEAD,Y,,1,,,,,,,,,,,,,,Y,Y,Y,,FRONT-LEFT-CORNER,,,,,,,,,,,,,,,,,,,,,,,,,,,,,,,,,
2139467,8a46cbffcb198b47538a8d67881e30d2053b3778b786110ba9f68c650c301205b976dcc263c51c1143fe4bad74576be37ef326b6a38e323c8952eae0c92c5da3,08/29/2025 10:35:00 AM,2,BICYCLE,,,,,,,,,,,,,,,,,,,,,,,,,,,,,,,,,,,,,,,,,,,,,,,,,,,,,,,,,,,,,,,,,,
2140165,1e89c8f1b985bebbd05a6dfdcef0617daf9697da4027e046719de58b4f76a038df517e45dcd1daba3f0d5e70dad1108deee4c7038776e54f3b8c775a99ffdfd0,08/29/2025 10:30:00 AM,1,DRIVER,,2040150,,CHEVROLET,SUBURBAN,IL,,UNKNOWN,SPORT UTILITY VEHICLE (SUV),UNKNOWN/NA,S,PASSING/OVERTAKING,,,1,,,,,,,,,,,,,,,,,,SIDE-LEFT,,,,,,,,,,,,,,,,,,,,,,,,,,,,,,,,,
2140166,1e89c8f1b985bebbd05a6dfdcef0617daf9697da4027e046719de58b4f76a038df517e45dcd1daba3f0d5e70dad1108deee4c7038776e54f3b8c775a99ffdfd0,08/29/2025 10:30:00 AM,2,DRIVER,,2040153,,CHEVROLET,OTHER (EXPLAIN IN NARRATIVE),IL,2015,NONE,PASSENGER,PERSONAL,S,PASSING/OVERTAKING,,,1,,,,,Y,Y,Y,Y,Y,,,,,,,,,SIDE-RIGHT,,,,,,,,,,,,,,,,,,,,,,,,,,,,,,,,,
2139412,511e0858c769c73f5f25ef9ccf62ae20e9f6cfd982ee2fddbe208e3d4c90d6beb4c504f8183a35bbe41a0e5b538696e9c75d134ca863fae39bb8930e8167dc16,08/29/2025 10:30:00 AM,1,DRIVER,,2039427,,TOYOTA,PRIUS,IL,2014,NONE,PASSENGER,TAXI/FOR HIRE,S,STRAIGHT AHEAD,,,1,,,,Y,,,,,,,,,,,,,,FRONT-RIGHT-CORNER,,,,,,,,,,,,,,,,,,,,,,,,,,,,,,,,,
2139413,511e0858c769c73f5f25ef9ccf62ae20e9f6cfd982ee2fddbe208e3d4c90d6beb4c504f8183a35bbe41a0e5b538696e9c75d134ca863fae39bb8930e8167dc16,08/29/2025 10:30:00 AM,2,PEDESTRIAN,,,,,,,,,,,,,,,,,,,,,,,,,,,,,,,,,,,,,,,,,,,,,,,,,,,,,,,,,,,,,,,,,,
2139416,5a277d88c886b112d8272d367ddbc5047b2a8207220559b25945181db6ab7a5369d615c835f7ff3529e9a46037a87254f475fde386b24cb57d8b9e53a244796c,08/29/2025 10:26:00 AM,1,DRIVER,,2039432,,GENERAL MOTORS CORPORATION (GMC),ENVOY,,,NONE,PASSENGER,UNKNOWN/NA,S,STRAIGHT AHEAD,,,1,,,,,,,,,,,,,,,,,Y,REAR-RIGHT-CORNER,,,,,,,,,,,,,,,,,,,,,,,,,,,,,,,,,
2139417,5a277d88c886b112d8272d367ddbc5047b2a8207220559b25945181db6ab7a5369d615c835f7ff3529e9a46037a87254f475fde386b24cb57d8b9e53a244796c,08/29/2025 10:26:00 AM,2,DRIVER,,2039439,,JEEP,COMPASS,IL,2022,NONE,PASSENGER,PERSONAL,S,STRAIGHT AHEAD,,,1,,,,,,,,,,,,,,,Y,,,FRONT-LEFT-CORNER,,,,,,,,,,,,,,,,,,,,,,,,,,,,,,,,,
2139410,0cc913c57c98cc07ab3fc49ffbf6c5dba09f319962e81c348af81139a7e06ea6d18fbecf5e48f842b1dfd8572a7feb5d719ff3ffbab2c4e179a4a2c16369df93,08/29/2025 10:13:00 AM,1,DRIVER,,2039426,,VOLKSWAGEN,OTHER (EXPLAIN IN NARRATIVE),,2013,UNKNOWN,PASSENGER,PERSONAL,N,STRAIGHT AHEAD,,,1,,,,,,,Y,,,,,,,,,,,SIDE-RIGHT,,,,,,,,,,,,,,,,,,,,,,,,,,,,,,,,,
2139411,0cc913c57c98cc07ab3fc49ffbf6c5dba09f319962e81c348af81139a7e06ea6d18fbecf5e48f842b1dfd8572a7feb5d719ff3ffbab2c4e179a4a2c16369df93,08/29/2025 10:13:00 AM,2,DRIVER,,2039431,,FORD,OTHER (EXPLAIN IN NARRATIVE),IL,2020,UNKNOWN,BUS UP TO 15 PASS.,NOT IN USE,N,STRAIGHT AHEAD,,,1,,,,,,,,,,,,,Y,,,,,SIDE-LEFT,,,,,,,,,,,,,,,,,,,,,,,,,,,,,,,,,
2139400,49ff926652048121cefbe8bc7e95440c591afd64de16e36f5e2fa8651bb5256ed7f8fa08cd3396ca298c9d24b1c88b4fb882ca321b019111dcfd9c4161a449ce,08/29/2025 10:12:00 AM,1,DRIVER,,2039412,,TOYOTA,FJ CRUISER,IL,,UNKNOWN,PASSENGER,PERSONAL,N,UNKNOWN/NA,,,1,,,,,,,,,,,,,,,,,Y,FRONT,,,,,,,,,,,,,,,,,,,,,,,,,,,,,,,,,
2139401,49ff926652048121cefbe8bc7e95440c591afd64de16e36f5e2fa8651bb5256ed7f8fa08cd3396ca298c9d24b1c88b4fb882ca321b019111dcfd9c4161a449ce,08/29/2025 10:12:00 AM,2,DRIVER,1,2039419,,MITSUBISHI,OUTLANDER,IL,,UNKNOWN,PASSENGER,PERSONAL,N,UNKNOWN/NA,,,2,,,,,,,,,Y,Y,,,,,,,,REAR-RIGHT-CORNER,,,,,,,,,,,,,,,,,,,,,,,,,,,,,,,,,
2139509,45e290ca036e7fdf4d6ba57a3ebce35e40f2f10cc9dd52b35479d9bc613501375dfdc2f6880763ad354f40c4fc1392e33dfb93ac6dae0655fbd6b5a606f9c5df,08/29/2025 10:10:00 AM,1,DRIVER,,2039513,,UNKNOWN,OTHER (EXPLAIN IN NARRATIVE),,,UNKNOWN,UNKNOWN/NA,UNKNOWN/NA,S,UNKNOWN/NA,,,1,,,,,,,,,,,,,,,,,Y,UNKNOWN,,,,,,,,,,,,,,,,,,,,,,,,,,,,,,,,,
2139510,45e290ca036e7fdf4d6ba57a3ebce35e40f2f10cc9dd52b35479d9bc613501375dfdc2f6880763ad354f40c4fc1392e33dfb93ac6dae0655fbd6b5a606f9c5df,08/29/2025 10:10:00 AM,2,DRIVER,,2039515,,LINCOLN,MKZ,IL,2020,UNKNOWN,PASSENGER,PERSONAL,S,STRAIGHT AHEAD,,,1,,,,,,,,,,Y,Y,,,,,,,UNKNOWN,,,,,,,,,,,,,,,,,,,,,,,,,,,,,,,,,
2139559,49b77b22c6a9aabd866a6532d921343bde2a1041bb9e919dc8fd93e97ff929d57b8a1cead13898953a1b83758a115e69e11a262e10aa90839848f0baa85473b4,08/29/2025 10:00:00 AM,1,DRIVER,,2039569,,HONDA,CIVIC,IL,2020,NONE,PASSENGER,PERSONAL,N,ENTERING TRAFFIC LANE FROM PARKING,,,1,,,,,,,,,,,,,,,Y,,,FRONT-LEFT-CORNER,,,,,,,,,,,,,,,,,,,,,,,,,,,,,,,,,
2139560,49b77b22c6a9aabd866a6532d921343bde2a1041bb9e919dc8fd93e97ff929d57b8a1cead13898953a1b83758a115e69e11a262e10aa90839848f0baa85473b4,08/29/2025 10:00:00 AM,2,DRIVER,,2039575,,JEEP,CHEROKEE,IL,2019,NONE,PICKUP,UNKNOWN/NA,N,STRAIGHT AHEAD,,,1,,,,,Y,Y,Y,Y,Y,,,,,,,,,FRONT-RIGHT-CORNER,,,,,,,,,,,,,,,,,,,,,,,,,,,,,,,,,
2140921,a67bedc7d035f6fa2a5ab330e60305f375ae0e966ab63ce0ccfd4bd36d2751be12183a4044c4024131e0faa9c1e5083d166756796954cbdfda8d2cca23d23df2,08/29/2025 09:57:00 AM,1,DRIVER,,2040865,,VOLKSWAGEN,BEETLE,IL,2013,NONE,PASSENGER,PERSONAL,E,BACKING,,,1,,,,,,,,,,Y,,,,,,,,REAR,,,,,,,,,,,,,,,,,,,,,,,,,,,,,,,,,
2140922,a67bedc7d035f6fa2a5ab330e60305f375ae0e966ab63ce0ccfd4bd36d2751be12183a4044c4024131e0faa9c1e5083d166756796954cbdfda8d2cca23d23df2,08/29/2025 09:57:00 AM,2,DRIVER,,2040882,,NISSAN,VERSA,IL,2008,NONE,PASSENGER,PERSONAL,W,SLOW/STOP IN TRAFFIC,,,1,,,,,,,,,,,,,,,,Y,,FRONT,,,,,,,,,,,,,,,,,,,,,,,,,,,,,,,,,
2139534,95bda081c1add5e08916e9a2a190464f42604aae7a59958844160844c854e9a4a694b9dff503c0f5fd58ff24b5a31c1f51f7af642bf1a5fc6f1887c1acf9a9db,08/29/2025 09:51:00 AM,1,DRIVER,,2039549,Y,VOLVO,TRUCK,AR,2024,NONE,TRACTOR W/ SEMI-TRAILER,COMMERCIAL - SINGLE UNIT,E,TURNING RIGHT,,,1,,,,,,,,Y,,,,,,,,,,REAR-RIGHT-CORNER,"22,101",777764,,,DRIVER,3,DISTRIBUTION SOLUTIONS INC,AR,HARRISON,,,,N,N,,N,,N,N,,,,,,,,,TRACTOR/SEMI-TRAILER,VAN/ENCLOSED BOX,OTHER,N,N,
2139418,a5aa03c72e6d22403504b582bf78e0a1faff361086522328509626e13c127bfe5ca33722715c07b3fc4d621c527d162c5d8aa53281edc3ba0a9c5f3742fd3410,08/29/2025 09:50:00 AM,1,DRIVER,,2039430,,HONDA,OTHER (EXPLAIN IN NARRATIVE),IL,2023,NONE,PASSENGER,PERSONAL,N,PASSING/OVERTAKING,,,1,,,,,Y,,,,,,,,,,,Y,,FRONT-RIGHT-CORNER,,,,,,,,,,,,,,,,,,,,,,,,,,,,,,,,,
2139419,a5aa03c72e6d22403504b582bf78e0a1faff361086522328509626e13c127bfe5ca33722715c07b3fc4d621c527d162c5d8aa53281edc3ba0a9c5f3742fd3410,08/29/2025 09:50:00 AM,2,BICYCLE,,,,,,,,,,,,,,,,,,,,,,,,,,,,,,,,,,,,,,,,,,,,,,,,,,,,,,,,,,,,,,,,,,
2139385,92a11b49fa67d451c8b2d057e719dc7e171c2e1124eb4a973c57e8cfa75538d10910f9388c778b9245685731361bf970db1aa1409869d6422ab3a2ca9f9d9140,08/29/2025 09:45:00 AM,1,DRIVER,1,2039398,,TOYOTA,COROLLA,IL,2002,UNKNOWN,PASSENGER,PERSONAL,E,STRAIGHT AHEAD,,,2,,,,,Y,,,,,N,N,,,,N,Y,,FRONT-RIGHT-CORNER,,,,,,,,,,,,,,,,,,,,,,,,,,,,,,,,,
2139386,92a11b49fa67d451c8b2d057e719dc7e171c2e1124eb4a973c57e8cfa75538d10910f9388c778b9245685731361bf970db1aa1409869d6422ab3a2ca9f9d9140,08/29/2025 09:45:00 AM,2,DRIVER,,2039408,,TOYOTA,RAV4,IL,2008,UNKNOWN,UNKNOWN/NA,PERSONAL,E,STRAIGHT AHEAD,,,1,,,,,,,,,,Y,Y,,,,,,,REAR-LEFT-CORNER,,,,,,,,,,,,,,,,,,,,,,,,,,,,,,,,,
2139398,0e85f5d65e4202581693a27449716668855c2058e7baa0a354689a7a9d9b977c1369d5965bcc78f1911ab0a6e7900d9cc08405f8c1e4811275c7c47197e18f42,08/29/2025 09:40:00 AM,1,DRIVER,,2039415,,HONDA,ACCORD,IL,2015,NONE,PASSENGER,PERSONAL,S,STRAIGHT AHEAD,Y,,1,,UNK,UNK,,Y,Y,Y,,,,,,,,Y,Y,,SIDE-RIGHT-FRONT,,,,,,,,,,,,,,,,,,,,,,,,,,,,,,,,,
2139399,0e85f5d65e4202581693a27449716668855c2058e7baa0a354689a7a9d9b977c1369d5965bcc78f1911ab0a6e7900d9cc08405f8c1e4811275c7c47197e18f42,08/29/2025 09:40:00 AM,2,DRIVER,,2039420,,FORD,FOCUS,IL,2014,NONE,PASSENGER,PERSONAL,E,STRAIGHT AHEAD,Y,,1,,UNK,UNK,,Y,Y,,,,,,,,Y,Y,Y,,FRONT,,,,,,,,,,,,,,,,,,,,,,,,,,,,,,,,,
2139408,a6f1ca085f13d968552e4bcdd6609b7ed4354dbd9a5ef3262b8f97883a601b32814209511977c5497137698c79038a7c3fb3daf1de22245120d419241df8c1df,08/29/2025 09:40:00 AM,1,BICYCLE,,,,,,,,,,,,,,,,,,,,,,,,,,,,,,,,,,,,,,,,,,,,,,,,,,,,,,,,,,,,,,,,,,
2139409,a6f1ca085f13d968552e4bcdd6609b7ed4354dbd9a5ef3262b8f97883a601b32814209511977c5497137698c79038a7c3fb3daf1de22245120d419241df8c1df,08/29/2025 09:40:00 AM,2,PARKED,1,2039429,,BMW,530I,IL,2024,NONE,PASSENGER,NOT IN USE,E,PARKED,,,1,,,,,,,,,,,,,Y,Y,Y,,,FRONT-LEFT-CORNER,,,,,,,,,,,,,,,,,,,,,,,,,,,,,,,,,