CRASH_UNIT_ID,CRASH_RECORD_ID,CRASH_DATE,UNIT_NO,UNIT_TYPE,NUM_PASSENGERS,VEHICLE_ID,CMRC_VEH_I,MAKE,MODEL,LIC_PLATE_STATE,VEHICLE_YEAR,VEHICLE_DEFECT,VEHICLE_TYPE,VEHICLE_USE,TRAVEL_DIRECTION,MANEUVER,TOWED_I,FIRE_I,OCCUPANT_CNT,EXCEED_SPEED_LIMIT_I,TOWED_BY,TOWED_TO,AREA_00_I,AREA_01_I,AREA_02_I,AREA_03_I,AREA_04_I,AREA_05_I,AREA_06_I,AREA_07_I,AREA_08_I,AREA_09_I,AREA_10_I,AREA_11_I,AREA_12_I,AREA_99_I,FIRST_CONTACT_POINT,CMV_ID,USDOT_NO,CCMC_NO,ILCC_NO,COMMERCIAL_SRC,GVWR,CARRIER_NAME,CARRIER_STATE,CARRIER_CITY,HAZMAT_PLACARDS_I,HAZMAT_NAME,UN_NO,HAZMAT_PRESENT_I,HAZMAT_REPORT_I,HAZMAT_REPORT_NO,MCS_REPORT_I,MCS_REPORT_NO,HAZMAT_VIO_CAUSE_CRASH_I,MCS_VIO_CAUSE_CRASH_I,IDOT_PERMIT_NO,WIDE_LOAD_I,TRAILER1_WIDTH,TRAILER2_WIDTH,TRAILER1_LENGTH,TRAILER2_LENGTH,TOTAL_VEHICLE_LENGTH,AXLE_CNT,VEHICLE_CONFIG,CARGO_BODY_TYPE,LOAD_TYPE,HAZMAT_OUT_OF_SERVICE_I,MCS_OUT_OF_SERVICE_I,HAZMAT_CLASS
2139390,b4bbc598219f4f51b2f54143d25bd97a8ab85e541d6a8efe97e827e1df43f614ca1ec5717c9035c0290e6a03e699ff86b8573a6116699597f284655be6726b64,08/29/2025 09:31:00 AM,1,DRIVER,,2039406,,HONDA,PILOT,IL,2003,NONE,PASSENGER,PERSONAL,NE,STRAIGHT AHEAD,,,1,,,,,,,,,,,,,,,,Y,,FRONT,,,,,,,,,,,,,,,,,,,,,,,,,,,,,,,,,
2139391,b4bbc598219f4f51b2f54143d25bd97a8ab85e541d6a8efe97e827e1df43f614ca1ec5717c9035c0290e6a03e699ff86b8573a6116699597f284655be6726b64,08/29/2025 09:31:00 AM,2,DRIVER,,2039413,,CHEVROLET,CRUZE,IL,2016,NONE,PASSENGER,PERSONAL,N,STRAIGHT AHEAD,Y,,1,,private,,,,,,,,,,,Y,Y,,,,SIDE-LEFT,,,,,,,,,,,,,,,,,,,,,,,,,,,,,,,,,
2139402,3200dfeb586aad3b5e26ec63eb6f5d9317b0e32c28f298f8171bab3eab55ecc8f392eefcdf957dfb0d0b2f0e45be68918f6689c28e23abd489bfbba0e1917c9c,08/29/2025 09:30:00 AM,1,DRIVER,,2039428,,UNKNOWN,MOTORIZED,IL,,UNKNOWN,UNKNOWN/NA,UNKNOWN/NA,UNKNOWN,UNKNOWN/NA,,,1,,,,,,,,,,,,,,,,,,UNKNOWN,,,,,,,,,,,,,,,,,,,,,,,,,,,,,,,,,
2139403,3200dfeb586aad3b5e26ec63eb6f5d9317b0e32c28f298f8171bab3eab55ecc8f392eefcdf957dfb0d0b2f0e45be68918f6689c28e23abd489bfbba0e1917c9c,08/29/2025 09:30:00 AM,2,PARKED,,2039421,,CADILLAC,DEVILLE,FL,2000,NONE,PASSENGER,PERSONAL,N,PARKED,,,0,,,,,,,,,,,Y,Y,Y,Y,Y,,,SIDE-LEFT,,,,,,,,,,,,,,,,,,,,,,,,,,,,,,,,,
2139618,9aaaf8e67ffdabfdec9f17c1a3980b786b09eaa4e18511828ab2f33a9711dd5c8a5595e307005d7550ed83ddb43b917670c7bfdf8ca3987952186f238d3b8d6d,08/29/2025 09:30:00 AM,1,DRIVER,,2039629,,CHEVROLET,EQUINOX,IL,2024,UNKNOWN,PASSENGER,UNKNOWN/NA,E,STRAIGHT AHEAD,,,1,,,,,,,,,,,,,,,Y,,,FRONT-LEFT-CORNER,,,,,,,,,,,,,,,,,,,,,,,,,,,,,,,,,
2139619,9aaaf8e67ffdabfdec9f17c1a3980b786b09eaa4e18511828ab2f33a9711dd5c8a5595e307005d7550ed83ddb43b917670c7bfdf8ca3987952186f238d3b8d6d,08/29/2025 09:30:00 AM,2,DRIVER,,2039634,,BMW,750,IL,2012,UNKNOWN,PASSENGER,PERSONAL,E,STRAIGHT AHEAD,,,1,,,,,,,Y,Y,Y,,,,,,,,,REAR-RIGHT-CORNER,,,,,,,,,,,,,,,,,,,,,,,,,,,,,,,,,
2139381,da417baea337a58c1528c9d2e0fc8cbd5287fa90ccd608658cb3bbbe20c733290e1a860050af4c5eb0fb18f1d81de2fcc5c591151dd351926342de32191b5146,08/29/2025 09:27:00 AM,1,DRIVER,,2039402,,GENESIS,G70,IL,2024,NONE,SPORT UTILITY VEHICLE (SUV),PERSONAL,E,TURNING LEFT,,,1,,,,,,,,,,,,,,,Y,,,REAR-LEFT-CORNER,,,,,,,,,,,,,,,,,,,,,,,,,,,,,,,,,
2139382,da417baea337a58c1528c9d2e0fc8cbd5287fa90ccd608658cb3bbbe20c733290e1a860050af4c5eb0fb18f1d81de2fcc5c591151dd351926342de32191b5146,08/29/2025 09:27:00 AM,2,DRIVER,,2039393,,TOYOTA,COROLLA,IL,2015,NONE,PASSENGER,PERSONAL,E,STRAIGHT AHEAD,,,1,,,,,Y,Y,Y,,,,,,,,,,,FRONT-RIGHT-CORNER,,,,,,,,,,,,,,,,,,,,,,,,,,,,,,,,,
2139396,13c4504f72ebff2a5f0938285a2747ad052d736332ca91a9fe91f01876299461ebe53ba4ed60f09809f0e9e60c339ef512598a9ffb37db51f520ff20a91ec6db,08/29/2025 09:15:00 AM,1,DRIVER,,2039410,,UNKNOWN,OTHER (EXPLAIN IN NARRATIVE),,,UNKNOWN,UNKNOWN/NA,UNKNOWN/NA,UNKNOWN,UNKNOWN/NA,,,1,,,,,,,,,,,,,,,,,Y,UNKNOWN,,,,,,,,,,,,,,,,,,,,,,,,,,,,,,,,,
2139397,13c4504f72ebff2a5f0938285a2747ad052d736332ca91a9fe91f01876299461ebe53ba4ed60f09809f0e9e60c339ef512598a9ffb37db51f520ff20a91ec6db,08/29/2025 09:15:00 AM,2,PARKED,,2039416,,BMW,OTHER (EXPLAIN IN NARRATIVE),,2023,NONE,PASSENGER,PERSONAL,UNKNOWN,PARKED,,,0,,,,,,,,,,,,,,,Y,,,FRONT-LEFT-CORNER,,,,,,,,,,,,,,,,,,,,,,,,,,,,,,,,,
2139426,233a691adbf1c3625a31abcc7b9f7a4b2dc91d691eafdb06d9dc7ce8c6104364b0dacd5c6e3b0e3b783b6c5737e5cc6c250aa3f118b8103d71b5360252ff4df8,08/29/2025 09:00:00 AM,1,DRIVER,,2039442,,CHEVROLET,MONTE CARLO,IL,2006,NONE,PASSENGER,PERSONAL,N,BACKING,,,1,,,,,,,,,,Y,Y,,,,,,,SIDE-LEFT-REAR,,,,,,,,,,,,,,,,,,,,,,,,,,,,,,,,,
2139427,233a691adbf1c3625a31abcc7b9f7a4b2dc91d691eafdb06d9dc7ce8c6104364b0dacd5c6e3b0e3b783b6c5737e5cc6c250aa3f118b8103d71b5360252ff4df8,08/29/2025 09:00:00 AM,2,PARKED,,2039444,,TOYOTA,CAMRY,IL,2010,NONE,PASSENGER,NOT IN USE,S,PARKED,,,0,,,,,Y,,,,,,,,,,,Y,,FRONT,,,,,,,,,,,,,,,,,,,,,,,,,,,,,,,,,
2139367,843b5cca72609fc96e095e7ad3aa29f7c28079ea2a7ffcc161077d2a41278243b6cad8b4ac23f01b8264afad1207df326efe1d5d7feac3b77dfdb5c076da60f3,08/29/2025 08:56:00 AM,1,DRIVER,,2039389,N,NEW FLYER,XCELSIOR XE40,IL,2020,NONE,BUS OVER 15 PASS.,CTA,N,STRAIGHT AHEAD,,,1,,,,,,,Y,Y,Y,,,,,,,,,SIDE-RIGHT,,,,,,,,,,,,,,,,,,,,,,,,,,,,,,,,,
2139348,9fc6b75a86d9b83df5527398d1800cc30413fcc3b5949532619a488738b7acca99d8780dafd81383e3352a9623c688551534ecb6e07d8f35edc68d0f93ececb3,08/29/2025 08:55:00 AM,1,DRIVER,,2039365,,HYUNDAI,ELANTRA,IL,2013,UNKNOWN,PASSENGER,UNKNOWN/NA,S,CHANGING LANES,,,1,,,,,,,,,,,,,,,Y,,,FRONT-LEFT-CORNER,,,,,,,,,,,,,,,,,,,,,,,,,,,,,,,,,
2139349,9fc6b75a86d9b83df5527398d1800cc30413fcc3b5949532619a488738b7acca99d8780dafd81383e3352a9623c688551534ecb6e07d8f35edc68d0f93ececb3,08/29/2025 08:55:00 AM,2,DRIVER,,2039361,,AUDI,A3,IL,2017,NONE,PASSENGER,PERSONAL,S,STRAIGHT AHEAD,,,1,,,,,,,Y,Y,Y,,,,,,,,,SIDE-RIGHT,,,,,,,,,,,,,,,,,,,,,,,,,,,,,,,,,
2139365,c15f6f6928f49948d5e61db629c65ad567efc2712a3ce82ee25ac881147c7b1e010086d38a31fe9c48327e0aeaf9869f8fcd7a4315940524936bfd932fc3cbb5,08/29/2025 08:55:00 AM,1,DRIVER,1,2039379,,TOYOTA,COROLLA,IL,2013,NONE,PASSENGER,PERSONAL,N,STRAIGHT AHEAD,,,2,,,,,Y,,,,,,,,,,Y,Y,,FRONT,,,,,,,,,,,,,,,,,,,,,,,,,,,,,,,,,
2139366,c15f6f6928f49948d5e61db629c65ad567efc2712a3ce82ee25ac881147c7b1e010086d38a31fe9c48327e0aeaf9869f8fcd7a4315940524936bfd932fc3cbb5,08/29/2025 08:55:00 AM,2,DRIVER,,2039385,,LEXUS,NX,IL,2018,NONE,SPORT UTILITY VEHICLE (SUV),PERSONAL,N,STRAIGHT AHEAD,,,1,,,,,,,,,Y,Y,Y,,,,,,,REAR,,,,,,,,,,,,,,,,,,,,,,,,,,,,,,,,,
2139438,c694575b3cd32980011cec086884604ba5703df546835cfb378b3e0fef54ff225999c6429565d351c8599eb31da2f4ac6c63f122cd5f8f867d7e237746fe2896,08/29/2025 08:55:00 AM,1,DRIVER,,2039460,,KIA,SELTOS,IL,2025,UNKNOWN,PASSENGER,PERSONAL,E,STRAIGHT AHEAD,Y,,1,,,,,Y,Y,,,,,,,,Y,Y,Y,,FRONT,,,,,,,,,,,,,,,,,,,,,,,,,,,,,,,,,
2139439,c694575b3cd32980011cec086884604ba5703df546835cfb378b3e0fef54ff225999c6429565d351c8599eb31da2f4ac6c63f122cd5f8f867d7e237746fe2896,08/29/2025 08:55:00 AM,2,DRIVER,,2039479,,FORD,FLEX,IL,2013,UNKNOWN,PASSENGER,PERSONAL,S,STRAIGHT AHEAD,Y,,1,,,,,Y,Y,Y,Y,Y,,,,,,,,,SIDE-RIGHT,,,,,,,,,,,,,,,,,,,,,,,,,,,,,,,,,
2139354,c92d6b5fb50aae61db1dad4b3340be301613efbdbdfad73394c52f956162197d0030715c8d4c9bb12c94e3766a91fe3c12cdbdb3cd277102eb0f261d542baafb,08/29/2025 08:52:00 AM,1,DRIVER,,2039370,,FORD,FUSION,IL,2017,NONE,PASSENGER,PERSONAL,W,STRAIGHT AHEAD,Y,,1,,,,,Y,,,,,,,,,,Y,Y,,FRONT,,,,,,,,,,,,,,,,,,,,,,,,,,,,,,,,,
2139355,c92d6b5fb50aae61db1dad4b3340be301613efbdbdfad73394c52f956162197d0030715c8d4c9bb12c94e3766a91fe3c12cdbdb3cd277102eb0f261d542baafb,08/29/2025 08:52:00 AM,2,DRIVER,,2039391,,TOYOTA,CAMRY,IL,2004,NONE,PASSENGER,PERSONAL,W,STRAIGHT AHEAD,,,1,,,,,,,,,,Y,,,,,,,,REAR,,,,,,,,,,,,,,,,,,,,,,,,,,,,,,,,,
2139363,f5659c21664b9a98b072590b978a1ba9d26430efe19ba5db5423f0bbbe2bb0e9249f46b3ff84e838f20f869aeed2fef32bf09c1a7a7f1ef4c5363389c28dbc27,08/29/2025 08:45:00 AM,1,DRIVER,,2039378,,GREAT DANE TRAILERS INC.,GREAT DANE TRAILERS INC.,IL,2017,UNKNOWN,TRACTOR W/ SEMI-TRAILER,COMMERCIAL - MULTI-UNIT,N,NEGOTIATING A CURVE,,,1,,,,,,,,,,,,,,,,,Y,SIDE-RIGHT-REAR,,,,,,,,,,,,,,,,,,,,,,,,,,,,,,,,,
2139364,f5659c21664b9a98b072590b978a1ba9d26430efe19ba5db5423f0bbbe2bb0e9249f46b3ff84e838f20f869aeed2fef32bf09c1a7a7f1ef4c5363389c28dbc27,08/29/2025 08:45:00 AM,2,DRIVER,,2039383,,CHEVROLET,EXPRESS,IL,2008,NONE,VAN/MINI-VAN,PERSONAL,N,SLOW/STOP IN TRAFFIC,,,1,,,,,,,,,,,,,,,Y,,,FRONT-LEFT-CORNER,,,,,,,,,,,,,,,,,,,,,,,,,,,,,,,,,
2139404,06e19fdead42d95d6d76ef6e8cf5bbc1052c216fb036cb35800e765bfaa3394698f2dd901627eae54edfcb84e9c5e9a52c42e37d38abb6e03db9ee8a412b76d3,08/29/2025 08:44:00 AM,1,DRIVER,,2039417,,DODGE,RAM 2500 PU,IL,,UNKNOWN,UNKNOWN/NA,UNKNOWN/NA,W,STRAIGHT AHEAD,,,1,,,,,,,,,,,,,,,,,Y,UNKNOWN,,,,,,,,,,,,,,,,,,,,,,,,,,,,,,,,,
2139405,06e19fdead42d95d6d76ef6e8cf5bbc1052c216fb036cb35800e765bfaa3394698f2dd901627eae54edfcb84e9c5e9a52c42e37d38abb6e03db9ee8a412b76d3,08/29/2025 08:44:00 AM,2,PARKED,1,2039423,,FORD,TRANSIT,IL,2020,UNKNOWN,BUS UP TO 15 PASS.,OTHER,W,PARKED,,,1,,,,Y,,,,,,,,,,,,,,FRONT-LEFT-CORNER,,,,,,,,,,,,,,,,,,,,,,,,,,,,,,,,,
2139383,0b615f435c4d9de6ab65c365ca6525591c29bb62fb99823a7f3e9713c48d872a928f3f2e7a41a3645432730a78dd22a5990fc51e992fc796667da14dd9b53057,08/29/2025 08:41:00 AM,1,DRIVER,,2039399,,JEEP,COMPASS,IL,2012,NONE,SPORT UTILITY VEHICLE (SUV),PERSONAL,SE,TURNING LEFT,Y,,1,,PRIVATE TOW COMPANY,PRIVATE TOW COMPANY,,Y,,,,,,,,,,Y,Y,,FRONT,,,,,,,,,,,,,,,,,,,,,,,,,,,,,,,,,
2139384,0b615f435c4d9de6ab65c365ca6525591c29bb62fb99823a7f3e9713c48d872a928f3f2e7a41a3645432730a78dd22a5990fc51e992fc796667da14dd9b53057,08/29/2025 08:41:00 AM,2,DRIVER,2,2039407,,TOYOTA,CAMRY,IL,2019,NONE,PASSENGER,PERSONAL,E,STRAIGHT AHEAD,,,3,,,,,,,,,,,Y,Y,,,,,,REAR-LEFT-CORNER,,,,,,,,,,,,,,,,,,,,,,,,,,,,,,,,,
2139669,00eb4011d5c13d71e980c5c1e8703ddfca0fa12745d7326637670c590b642142a19f584285f5d35363b48aac3056c51eda3bf2b32ac903e40bdce870f57c161c,08/29/2025 08:30:00 AM,1,DRIVER,,2039667,,UNKNOWN,OTHER (EXPLAIN IN NARRATIVE),,,UNKNOWN,PASSENGER,PERSONAL,E,STRAIGHT AHEAD,,,1,,,,,Y,,,,,,,,,,,,,FRONT-RIGHT-CORNER,,,,,,,,,,,,,,,,,,,,,,,,,,,,,,,,,
2139670,00eb4011d5c13d71e980c5c1e8703ddfca0fa12745d7326637670c590b642142a19f584285f5d35363b48aac3056c51eda3bf2b32ac903e40bdce870f57c161c,08/29/2025 08:30:00 AM,2,DRIVER,,2039670,,JAGUAR,XE,,,NONE,PASSENGER,PERSONAL,E,STRAIGHT AHEAD,,,1,,,,,,,,,,Y,,,,,,,,REAR,,,,,,,,,,,,,,,,,,,,,,,,,,,,,,,,,
2139747,1bb24b7d3fe716af496daf79ff4a2d21aced498118a6af2121a7d97d5cb8dbdf1a566e37f9e61b1967d7073589ba904a6f1bf726b64d2f4ee55b3932d4d2cbc5,08/29/2025 08:30:00 AM,1,DRIVER,,2039740,,UNKNOWN,OTHER (EXPLAIN IN NARRATIVE),,,UNKNOWN,PASSENGER,UNKNOWN/NA,UNKNOWN,UNKNOWN/NA,,,1,,,,,,,,,,,,,,,,,Y,UNKNOWN,,,,,,,,,,,,,,,,,,,,,,,,,,,,,,,,,
2139748,1bb24b7d3fe716af496daf79ff4a2d21aced498118a6af2121a7d97d5cb8dbdf1a566e37f9e61b1967d7073589ba904a6f1bf726b64d2f4ee55b3932d4d2cbc5,08/29/2025 08:30:00 AM,2,PARKED,,2039742,,HYUNDAI,ELANTRA,IL,2022,UNKNOWN,PASSENGER,NOT IN USE,UNKNOWN,PARKED,,,0,,,,,Y,Y,Y,Y,Y,,Y,Y,Y,Y,Y,,,SIDE-RIGHT,,,,,,,,,,,,,,,,,,,,,,,,,,,,,,,,,
2139352,56e1bf577c21cc2547f2c04c775c62fad9d42abe03530d79ed630004137630650f7dd2d60f56da897013448b9ec026474790bc13353fd89297983faf1aef0657,08/29/2025 08:30:00 AM,1,DRIVER,,2039369,,NISSAN,NV200 COMPACT CARGO,IL,2020,NONE,VAN/MINI-VAN,CONSTRUCTION/MAINTENANCE,S,STRAIGHT AHEAD,,,1,,,,,,,,,,,,Y,Y,,,,,SIDE-LEFT,,,,,,,,,,,,,,,,,,,,,,,,,,,,,,,,,
2139353,56e1bf577c21cc2547f2c04c775c62fad9d42abe03530d79ed630004137630650f7dd2d60f56da897013448b9ec026474790bc13353fd89297983faf1aef0657,08/29/2025 08:30:00 AM,2,DRIVER,,2039376,,TOYOTA,PRIUS,IL,2006,NONE,PASSENGER,PERSONAL,S,STRAIGHT AHEAD,,,1,,,,,Y,Y,,,,,,,,,,,,SIDE-RIGHT-FRONT,,,,,,,,,,,,,,,,,,,,,,,,,,,,,,,,,
2139917,888444ddab6b22a5151777bc77218ac3009053d714aba8c23a9fc6603d247df41c7fc89c737843b7b938e5f3d9cef8e47f52f69de4ddbd9bcaa03271e6f62505,08/29/2025 08:30:00 AM,1,DRIVER,,2039907,,UNKNOWN,OTHER (EXPLAIN IN NARRATIVE),,,NONE,PASSENGER,PERSONAL,S,STRAIGHT AHEAD,,,1,,,,,,,,,,,,,,,,,Y,UNKNOWN,,,,,,,,,,,,,,,,,,,,,,,,,,,,,,,,,
2139918,888444ddab6b22a5151777bc77218ac3009053d714aba8c23a9fc6603d247df41c7fc89c737843b7b938e5f3d9cef8e47f52f69de4ddbd9bcaa03271e6f62505,08/29/2025 08:30:00 AM,2,PARKED,,2039910,,JEEP,WRANGLER,IL,2017,NONE,SPORT UTILITY VEHICLE (SUV),PERSONAL,S,PARKED,,,0,,,,,,,,,,,,,,,,,Y,UNKNOWN,,,,,,,,,,,,,,,,,,,,,,,,,,,,,,,,,
2139343,9cc261a1fcd0413a7f222bb70dce5730b0f0217185784916f03116dc325907d8379087ad5ea1ff1931010e4708fcb24729fc7b3e2f9c8ef65aef018f8fc27655,08/29/2025 08:30:00 AM,1,DRIVER,,2039357,,FORD,EXPLORER,IL,2024,NONE,SPORT UTILITY VEHICLE (SUV),POLICE,S,TURNING RIGHT,,,1,,,,Y,,,,,,,,,,,,,,FRONT-LEFT-CORNER,,,,,,,,,,,,,,,,,,,,,,,,,,,,,,,,,
2139370,9cc261a1fcd0413a7f222bb70dce5730b0f0217185784916f03116dc325907d8379087ad5ea1ff1931010e4708fcb24729fc7b3e2f9c8ef65aef018f8fc27655,08/29/2025 08:30:00 AM,2,PEDESTRIAN,,,,,,,,,,,,,,,,,,,,,,,,,,,,,,,,,,,,,,,,,,,,,,,,,,,,,,,,,,,,,,,,,,
2139341,55e6f1dbc7a4f5f0826138c1da66cb2592b819e1f3e402a782e48c0191807257d1eec41e69110bd443ecfcdfbe863e389b312b3e0d9e234ebcbafbd90839b12c,08/29/2025 08:28:00 AM,1,DRIVER,,2039358,,TOYOTA,RAV4,IL,2016,UNKNOWN,SPORT UTILITY VEHICLE (SUV),PERSONAL,S,STRAIGHT AHEAD,,,1,,,,,,,,,,,,,,,,Y,,FRONT,,,,,,,,,,,,,,,,,,,,,,,,,,,,,,,,,
2139342,55e6f1dbc7a4f5f0826138c1da66cb2592b819e1f3e402a782e48c0191807257d1eec41e69110bd443ecfcdfbe863e389b312b3e0d9e234ebcbafbd90839b12c,08/29/2025 08:28:00 AM,2,PARKED,,2039368,,AUDI,SQ5,IL,2018,UNKNOWN,PASSENGER,NOT IN USE,S,PARKED,,,0,,,,,,,,,,Y,,,,,,,,REAR,,,,,,,,,,,,,,,,,,,,,,,,,,,,,,,,,
2139350,dd539ea2c02adc4583aecb7ca27d2c911f1c843f91f8246098bc50a16c93c5eec20860e86e914ea6efdb47f863dd9d9459a458c26c2a3a51e7b714abcc6e5fe7,08/29/2025 08:27:00 AM,1,DRIVER,,2039375,,DODGE,CARAVAN,IL,2019,UNKNOWN,VAN/MINI-VAN,UNKNOWN/NA,W,PASSING/OVERTAKING,,,1,,,,,,,,,,,,,,,,,Y,FRONT-LEFT-CORNER,,,,,,,,,,,,,,,,,,,,,,,,,,,,,,,,,
2139351,dd539ea2c02adc4583aecb7ca27d2c911f1c843f91f8246098bc50a16c93c5eec20860e86e914ea6efdb47f863dd9d9459a458c26c2a3a51e7b714abcc6e5fe7,08/29/2025 08:27:00 AM,2,PARKED,,2039366,,VOLKSWAGEN,ATLAS,IL,2020,NONE,SPORT UTILITY VEHICLE (SUV),PERSONAL,E,PARKED,,,0,,,,,,,,,,,,,,,Y,,,FRONT-LEFT-CORNER,,,,,,,,,,,,,,,,,,,,,,,,,,,,,,,,,
2139360,29d20d45fd765498c220207e0f00dbd17cfa84afa1434d1e6505be3f44d60b557c5fbd705ccbf36fa163c33486d023e34debe74ff7fdb4414392f6f2ad31ce8e,08/29/2025 08:21:00 AM,1,DRIVER,,2039384,,TOYOTA,CAMRY,IL,2014,NONE,PASSENGER,PERSONAL,N,STRAIGHT AHEAD,Y,,1,,PRIVATE,STREET/OFF THE ROAD WAY,,,,,,,,,,,,,Y,,FRONT,,,,,,,,,,,,,,,,,,,,,,,,,,,,,,,,,
2139362,29d20d45fd765498c220207e0f00dbd17cfa84afa1434d1e6505be3f44d60b557c5fbd705ccbf36fa163c33486d023e34debe74ff7fdb4414392f6f2ad31ce8e,08/29/2025 08:21:00 AM,3,DRIVER,1,2039409,,HONDA,HR-V,IL,2016,NONE,PASSENGER,PERSONAL,N,STRAIGHT AHEAD,,,2,,,,,,,,,,Y,,,,,,,,REAR,,,,,,,,,,,,,,,,,,,,,,,,,,,,,,,,,
2139387,29d20d45fd765498c220207e0f00dbd17cfa84afa1434d1e6505be3f44d60b557c5fbd705ccbf36fa163c33486d023e34debe74ff7fdb4414392f6f2ad31ce8e,08/29/2025 08:21:00 AM,2,DRIVER,,2039403,,FORD,ECOSPORT,IL,2020,NONE,PASSENGER,PERSONAL,N,STRAIGHT AHEAD,Y,,1,,PRIVATE,CURB/OFF THE ROAD WAY,,Y,,Y,Y,Y,,,,,,Y,Y,,REAR-RIGHT-CORNER,,,,,,,,,,,,,,,,,,,,,,,,,,,,,,,,,
2139375,4e20299ce86d28ca2f5304efc6a608a4295bbee1237c3453ec0cfbd6a3e8ad5f9c23158fbaccf01541698c7149d7d21168c2bb51136e479cc3672a4c7febdaaa,08/29/2025 08:15:00 AM,1,DRIVER,1,2039392,,CHEVROLET,TRAVERSE,IL,2025,NONE,SPORT UTILITY VEHICLE (SUV),UNKNOWN/NA,S,UNKNOWN/NA,,,2,,,,,,,,,,Y,,,,,,,,REAR,,,,,,,,,,,,,,,,,,,,,,,,,,,,,,,,,
2139376,4e20299ce86d28ca2f5304efc6a608a4295bbee1237c3453ec0cfbd6a3e8ad5f9c23158fbaccf01541698c7149d7d21168c2bb51136e479cc3672a4c7febdaaa,08/29/2025 08:15:00 AM,2,DRIVER,1,2039400,,CHEVROLET,TAHOE,IL,2016,NONE,SPORT UTILITY VEHICLE (SUV),UNKNOWN/NA,N,SLOW/STOP IN TRAFFIC,,,2,,,,,,,,,,,,,,,,Y,,FRONT,,,,,,,,,,,,,,,,,,,,,,,,,,,,,,,,,
2139328,592a1c676b0aa2fb2e6e275dc775bc5eb2ed79b9cee05b047fb70fcba4f19ff9b9611895fad3ff03e05606995ca9a94f5bbf382d1ce7d9cefc5a1652fab3f603,08/29/2025 08:10:00 AM,1,DRIVER,,2039344,,AUDI,A6,IL,2015,BRAKES,PASSENGER,PERSONAL,W,STRAIGHT AHEAD,,,1,,,,,,,,,,,,,,,,Y,,FRONT,,,,,,,,,,,,,,,,,,,,,,,,,,,,,,,,,
2139329,592a1c676b0aa2fb2e6e275dc775bc5eb2ed79b9cee05b047fb70fcba4f19ff9b9611895fad3ff03e05606995ca9a94f5bbf382d1ce7d9cefc5a1652fab3f603,08/29/2025 08:10:00 AM,2,DRIVER,,2039353,,TOYOTA,RAV4,IL,,NONE,SPORT UTILITY VEHICLE (SUV),UNKNOWN/NA,W,STRAIGHT AHEAD,,,1,,,,,,,,,,Y,,,,,,,,REAR,,,,,,,,,,,,,,,,,,,,,,,,,,,,,,,,,
2139330,69731410d37d51049626276ab641d92a0fb978f116d2ec3091dcd18fe05f6190099fe0ace24f32d5e15892539f1878428bb722b3190be01ee40e39e4a6caa0ec,08/29/2025 08:09:00 AM,1,DRIVER,,2039350,,HYUNDAI,ELANTRA,IL,2013,NONE,PASSENGER,PERSONAL,E,PASSING/OVERTAKING,,,1,,,,,,,,,,,,,,,,,Y,FRONT-RIGHT-CORNER,,,,,,,,,,,,,,,,,,,,,,,,,,,,,,,,,
2139331,69731410d37d51049626276ab641d92a0fb978f116d2ec3091dcd18fe05f6190099fe0ace24f32d5e15892539f1878428bb722b3190be01ee40e39e4a6caa0ec,08/29/2025 08:09:00 AM,2,DRIVER,,2039349,,NISSAN,MURANO,IL,2015,NONE,PASSENGER,PERSONAL,E,STRAIGHT AHEAD,,,1,,,,,,,,,,,,,Y,,,,,SIDE-LEFT,,,,,,,,,,,,,,,,,,,,,,,,,,,,,,,,,
2139302,3159886cad6b3c8c2ddf5198cfba078db2d8cc29c165521104283adf5310fc7426873ab6a8f7ba72ff4de7e92d2252a856b2101117a04acffb58efcdda1dc14d,08/29/2025 08:08:00 AM,1,DRIVER,,2039316,,NISSAN,ALTIMA,IL,2014,UNKNOWN,PASSENGER,PERSONAL,N,TURNING RIGHT,,,1,,,,,,,,,,,,,,,,,Y,UNKNOWN,,,,,,,,,,,,,,,,,,,,,,,,,,,,,,,,,
2139303,3159886cad6b3c8c2ddf5198cfba078db2d8cc29c165521104283adf5310fc7426873ab6a8f7ba72ff4de7e92d2252a856b2101117a04acffb58efcdda1dc14d,08/29/2025 08:08:00 AM,2,BICYCLE,,,,,,,,,,,,,,,,,,,,,,,,,,,,,,,,,,,,,,,,,,,,,,,,,,,,,,,,,,,,,,,,,,
2139304,959bd6a7b499aa9bc8d1a007c099c2ce6a9edb51056546a9d9cc80f442b13f578ca87f1fd164fab9e612f1eb6eb4ff7146980859090b963281d1717738a81af4,08/29/2025 08:05:00 AM,1,DRIVER,,2039327,,CADILLAC,OPTIQ,IL,2025,UNKNOWN,PASSENGER,UNKNOWN/NA,S,STRAIGHT AHEAD,,,1,,,,,,,,,,,,,,,,,Y,FRONT,,,,,,,,,,,,,,,,,,,,,,,,,,,,,,,,,
2139305,959bd6a7b499aa9bc8d1a007c099c2ce6a9edb51056546a9d9cc80f442b13f578ca87f1fd164fab9e612f1eb6eb4ff7146980859090b963281d1717738a81af4,08/29/2025 08:05:00 AM,2,DRIVER,,2039326,,TESLA,MODEL Y,IL,2024,NONE,PASSENGER,PERSONAL,S,STRAIGHT AHEAD,,,1,,,,,,,,,Y,Y,Y,,,,,,,REAR,,,,,,,,,,,,,,,,,,,,,,,,,,,,,,,,,