CRASH_UNIT_ID,CRASH_RECORD_ID,CRASH_DATE,UNIT_NO,UNIT_TYPE,NUM_PASSENGERS,VEHICLE_ID,CMRC_VEH_I,MAKE,MODEL,LIC_PLATE_STATE,VEHICLE_YEAR,VEHICLE_DEFECT,VEHICLE_TYPE,VEHICLE_USE,TRAVEL_DIRECTION,MANEUVER,TOWED_I,FIRE_I,OCCUPANT_CNT,EXCEED_SPEED_LIMIT_I,TOWED_BY,TOWED_TO,AREA_00_I,AREA_01_I,AREA_02_I,AREA_03_I,AREA_04_I,AREA_05_I,AREA_06_I,AREA_07_I,AREA_08_I,AREA_09_I,AREA_10_I,AREA_11_I,AREA_12_I,AREA_99_I,FIRST_CONTACT_POINT,CMV_ID,USDOT_NO,CCMC_NO,ILCC_NO,COMMERCIAL_SRC,GVWR,CARRIER_NAME,CARRIER_STATE,CARRIER_CITY,HAZMAT_PLACARDS_I,HAZMAT_NAME,UN_NO,HAZMAT_PRESENT_I,HAZMAT_REPORT_I,HAZMAT_REPORT_NO,MCS_REPORT_I,MCS_REPORT_NO,HAZMAT_VIO_CAUSE_CRASH_I,MCS_VIO_CAUSE_CRASH_I,IDOT_PERMIT_NO,WIDE_LOAD_I,TRAILER1_WIDTH,TRAILER2_WIDTH,TRAILER1_LENGTH,TRAILER2_LENGTH,TOTAL_VEHICLE_LENGTH,AXLE_CNT,VEHICLE_CONFIG,CARGO_BODY_TYPE,LOAD_TYPE,HAZMAT_OUT_OF_SERVICE_I,MCS_OUT_OF_SERVICE_I,HAZMAT_CLASS
2139394,2c32724adadfbc743f57734dc2e8a7c6dff64033d32f92c715e8e43e57afcf90e5aec958ff22f490a4afa370166458af5012464b8b372772771db97fffff15b4,08/29/2025 08:00:00 AM,1,DRIVER,,2039405,,UNKNOWN,OTHER (EXPLAIN IN NARRATIVE),IL,,UNKNOWN,UNKNOWN/NA,UNKNOWN/NA,N,ENTERING TRAFFIC LANE FROM PARKING,,,1,,,,,,,,,,,,,,,,,Y,UNKNOWN,,,,,,,,,,,,,,,,,,,,,,,,,,,,,,,,,
2139395,2c32724adadfbc743f57734dc2e8a7c6dff64033d32f92c715e8e43e57afcf90e5aec958ff22f490a4afa370166458af5012464b8b372772771db97fffff15b4,08/29/2025 08:00:00 AM,2,DRIVER,,2039411,,BMW,OTHER (EXPLAIN IN NARRATIVE),IL,2020,UNKNOWN,SPORT UTILITY VEHICLE (SUV),PERSONAL,N,SLOW/STOP IN TRAFFIC,,,1,,,,,,,,,,,Y,,,,,,,SIDE-LEFT-REAR,,,,,,,,,,,,,,,,,,,,,,,,,,,,,,,,,
2139794,6cb1aab8b6559991d127781ffec9001761e517fbb28e710b002efe3266a403856efafa6ec0e981557c6a73320ee1951b4073f1681d13ad221113c8b7267d3b8c,08/29/2025 08:00:00 AM,1,DRIVER,,2039793,,BUICK,ENCLAVE,,2015,UNKNOWN,UNKNOWN/NA,UNKNOWN/NA,UNKNOWN,UNKNOWN/NA,,,1,,,,,,,,,,,,,,,,,Y,UNKNOWN,,,,,,,,,,,,,,,,,,,,,,,,,,,,,,,,,
2139795,6cb1aab8b6559991d127781ffec9001761e517fbb28e710b002efe3266a403856efafa6ec0e981557c6a73320ee1951b4073f1681d13ad221113c8b7267d3b8c,08/29/2025 08:00:00 AM,2,DRIVER,,2039796,,FORD,F150,,2017,UNKNOWN,UNKNOWN/NA,UNKNOWN/NA,UNKNOWN,UNKNOWN/NA,,,1,,,,,,,,,Y,Y,Y,,,,,,,REAR,,,,,,,,,,,,,,,,,,,,,,,,,,,,,,,,,
2139338,d464094dd7dc80815164d37872e69a27b85ae3f60b1933c557e59cebd750ebb352453ac47afdc89fd4bf80413c1a3b5e160c7891394cb912c12404e26ff7ce3d,08/29/2025 08:00:00 AM,1,DRIVER,,2039354,,UNKNOWN,OTHER (EXPLAIN IN NARRATIVE),,,UNKNOWN,PASSENGER,PERSONAL,UNKNOWN,UNKNOWN/NA,,,1,,,,,,,,,,,,,,,,,Y,UNKNOWN,,,,,,,,,,,,,,,,,,,,,,,,,,,,,,,,,
2139339,d464094dd7dc80815164d37872e69a27b85ae3f60b1933c557e59cebd750ebb352453ac47afdc89fd4bf80413c1a3b5e160c7891394cb912c12404e26ff7ce3d,08/29/2025 08:00:00 AM,2,PARKED,,2039356,,CHEVROLET,MALIBU,,2023,UNKNOWN,PASSENGER,PERSONAL,E,PARKED,,,0,,,,,,,,,,,,,,,Y,,,FRONT-LEFT-CORNER,,,,,,,,,,,,,,,,,,,,,,,,,,,,,,,,,
2139377,180e30e3fbcaba1ca9450b919d88ccb184918c8fa79d6dc5980cc3a0e7ab493bb4e2c74b13219a592bc29f6d63785267d438bab6cdf41752adb2e6e7bb84bae4,08/29/2025 07:59:00 AM,1,DRIVER,,2039397,,DODGE,CARAVAN,IL,2016,NONE,PASSENGER,PERSONAL,S,SKIDDING/CONTROL LOSS,,,1,,,,,Y,Y,Y,Y,,,,,,,,,,FRONT-RIGHT-CORNER,,,,,,,,,,,,,,,,,,,,,,,,,,,,,,,,,
2139378,180e30e3fbcaba1ca9450b919d88ccb184918c8fa79d6dc5980cc3a0e7ab493bb4e2c74b13219a592bc29f6d63785267d438bab6cdf41752adb2e6e7bb84bae4,08/29/2025 07:59:00 AM,2,PARKED,,2039401,,HONDA,ACCORD,IL,2021,NONE,PASSENGER,PERSONAL,S,PARKED,Y,,0,,PRIVATE,UNK,,,,,,,,Y,Y,Y,Y,Y,,,SIDE-LEFT-REAR,,,,,,,,,,,,,,,,,,,,,,,,,,,,,,,,,
2139344,88997261c00df09c2a91298207da40e5390388d3a09b6f4fb7aa1ba16d6160e9727bc332766528f8dc90217484e057b6ee28be6c1dd3bf474d5f1c320cceb2a9,08/29/2025 07:55:00 AM,1,DRIVER,,2039367,,FREIGHTLINER CORPORATION,FREIGHTLINER CORP.,IN,2025,UNKNOWN,TRACTOR W/ SEMI-TRAILER,COMMERCIAL - SINGLE UNIT,S,STRAIGHT AHEAD,,,1,,,,Y,,,,,,,,,,,,,,UNKNOWN,,,,,,,,,,,,,,,,,,,,,,,,,,,,,,,,,
2139345,88997261c00df09c2a91298207da40e5390388d3a09b6f4fb7aa1ba16d6160e9727bc332766528f8dc90217484e057b6ee28be6c1dd3bf474d5f1c320cceb2a9,08/29/2025 07:55:00 AM,2,PARKED,,2039372,,CHEVROLET,SILVERADO,IL,2023,UNKNOWN,PICKUP,PERSONAL,S,PARKED,,,0,,,,,,,,,,,,,,Y,,,,OTHER,,,,,,,,,,,,,,,,,,,,,,,,,,,,,,,,,
2139318,9412d7f17bf2183c59d616e6bf19caabc66b15fb7a71a99f70585f1881d7d531ae847ddfe42c620d724f8ca3ea8ee7ca0acf7c623ed176f3b4d67266d3c9d35f,08/29/2025 07:55:00 AM,1,DRIVER,,2039335,,TOYOTA,AVALON,IL,2006,UNKNOWN,PASSENGER,PERSONAL,S,STRAIGHT AHEAD,,,1,,,,,Y,Y,Y,Y,Y,,,,,,,,,SIDE-RIGHT-FRONT,,,,,,,,,,,,,,,,,,,,,,,,,,,,,,,,,
2139319,9412d7f17bf2183c59d616e6bf19caabc66b15fb7a71a99f70585f1881d7d531ae847ddfe42c620d724f8ca3ea8ee7ca0acf7c623ed176f3b4d67266d3c9d35f,08/29/2025 07:55:00 AM,2,DRIVER,1,2039363,,CHEVROLET,HHR,IL,2008,UNKNOWN,PASSENGER,PERSONAL,E,STRAIGHT AHEAD,Y,,2,,,,,Y,Y,,,,,,,,Y,Y,Y,,FRONT,,,,,,,,,,,,,,,,,,,,,,,,,,,,,,,,,
2139731,a39d2a74276229c65f5ebc933c2aa0868028fba8cf2e7a21ac5e3fa571ad55a6daef4ffc26520b1fbe5b45705fe6b59bbd67866407ab60278c8003bd0eb64fb4,08/29/2025 07:55:00 AM,1,DRIVER,,2039729,,CHEVROLET,SILVERADO,IL,2025,UNKNOWN,PICKUP,UNKNOWN/NA,W,ENTERING TRAFFIC LANE FROM PARKING,,,1,,,,,,,,,,,,,,,,,Y,SIDE-LEFT-REAR,,,,,,,,,,,,,,,,,,,,,,,,,,,,,,,,,
2139732,a39d2a74276229c65f5ebc933c2aa0868028fba8cf2e7a21ac5e3fa571ad55a6daef4ffc26520b1fbe5b45705fe6b59bbd67866407ab60278c8003bd0eb64fb4,08/29/2025 07:55:00 AM,2,PARKED,1,2039734,,JEEP,COMPASS,IL,2020,NONE,SPORT UTILITY VEHICLE (SUV),UNKNOWN/NA,W,PARKED,,,1,,,,,,,,Y,Y,,,,,,,,,SIDE-RIGHT-REAR,,,,,,,,,,,,,,,,,,,,,,,,,,,,,,,,,
2139334,e3a4d07325f4f7c8a9d2eebc49ecaca5758637876ce4eb254abb38daa385f079fef0d34bf84c238c77c8ecdb5c9dab549eca2a84e9f3561455544bae57ff7aea,08/29/2025 07:55:00 AM,1,DRIVER,,2039373,,CHEVROLET,EQUINOX,IL,2010,NONE,PASSENGER,PERSONAL,E,STRAIGHT AHEAD,,,1,,,,,Y,Y,Y,,,,,,,,,,,SIDE-RIGHT,,,,,,,,,,,,,,,,,,,,,,,,,,,,,,,,,
2139335,e3a4d07325f4f7c8a9d2eebc49ecaca5758637876ce4eb254abb38daa385f079fef0d34bf84c238c77c8ecdb5c9dab549eca2a84e9f3561455544bae57ff7aea,08/29/2025 07:55:00 AM,2,DRIVER,,2039355,,TOYOTA,RAV4,IL,2024,NONE,PASSENGER,PERSONAL,E,STRAIGHT AHEAD,,,1,,,,,,,,,,,,Y,Y,Y,,,,SIDE-LEFT,,,,,,,,,,,,,,,,,,,,,,,,,,,,,,,,,
2139322,129716add55dc2e5567bc8f332738a9c8d3a4554e9271274c394a376aadda90222ffdb6827e21513932b7e4d9437e80f0f2d728a43d376f72896ceff90c7a0e4,08/29/2025 07:54:00 AM,1,DRIVER,,2039347,,CHEVROLET,CRUZE,IL,2011,NONE,PASSENGER,PERSONAL,E,AVOIDING VEHICLES/OBJECTS,,,1,,,,,,,,,Y,Y,Y,,,,,,,REAR-LEFT-CORNER,,,,,,,,,,,,,,,,,,,,,,,,,,,,,,,,,
2139323,129716add55dc2e5567bc8f332738a9c8d3a4554e9271274c394a376aadda90222ffdb6827e21513932b7e4d9437e80f0f2d728a43d376f72896ceff90c7a0e4,08/29/2025 07:54:00 AM,2,DRIVER,,2039362,N,UNIVERSAL TRACTOR FOREIGN TRADE COMPANY,UNIVERSAL TRACTOR FOREIGN TRADE CO.,IL,2024,NONE,TRACTOR W/ SEMI-TRAILER,STATE OWNED,E,STRAIGHT AHEAD,,,1,,,,,Y,,,,,,,,,,,,,FRONT-RIGHT-CORNER,,,,,,,,,,,,,,,,,,,,,,,,,,,,,,,,,
2139298,e4cc4a010125e6ccee181e6cadc104e111b69737142d719a3c6cacade10d102c55a61f1613b1be1c1f0e50f12f61ae6a9bee6ddf9c3a36fbf4333736d8c9a110,08/29/2025 07:52:00 AM,1,DRIVER,,2039319,,DODGE,CHARGER,IL,2014,UNKNOWN,PASSENGER,PERSONAL,E,CHANGING LANES,Y,,1,,SELF,UNKNOWN,,,,,,,,Y,Y,,,,,,SIDE-LEFT,,,,,,,,,,,,,,,,,,,,,,,,,,,,,,,,,
2139299,e4cc4a010125e6ccee181e6cadc104e111b69737142d719a3c6cacade10d102c55a61f1613b1be1c1f0e50f12f61ae6a9bee6ddf9c3a36fbf4333736d8c9a110,08/29/2025 07:52:00 AM,2,DRIVER,,2039331,,TESLA,MODEL 3,IL,2021,UNKNOWN,PASSENGER,PERSONAL,E,STRAIGHT AHEAD,Y,,1,,SELF,,,,,,,,,,,,Y,Y,,,FRONT-LEFT-CORNER,,,,,,,,,,,,,,,,,,,,,,,,,,,,,,,,,
2139420,087cb5b3e934bbc7bc58c7de63d22931c021587380ef2b6c2bcfbbe48b5deb2aa3e950f0f1e69232917ed36c46a231bcddf2e411e2a3291128245e63bc2c9d48,08/29/2025 07:51:00 AM,1,DRIVER,3,2039441,,AUDI,Q7,IL,2007,UNKNOWN,SPORT UTILITY VEHICLE (SUV),PERSONAL,E,TURNING LEFT,Y,,4,,CITY OF CHICAGO,CITY AUTO POUND #2,,,,,,,,,,,,,Y,,FRONT,,,,,,,,,,,,,,,,,,,,,,,,,,,,,,,,,
2139421,087cb5b3e934bbc7bc58c7de63d22931c021587380ef2b6c2bcfbbe48b5deb2aa3e950f0f1e69232917ed36c46a231bcddf2e411e2a3291128245e63bc2c9d48,08/29/2025 07:51:00 AM,2,PEDESTRIAN,,,,,,,,,,,,,,,,,,,,,,,,,,,,,,,,,,,,,,,,,,,,,,,,,,,,,,,,,,,,,,,,,,
2139435,2c036a6a2a1e863dde37bcc947f1c7ce64572e743d7d5b8c376f81e85cee9cdd8f9f851883ad21479ac7418f3f53163c8a27be43830f4ee26500d9770e9cda6d,08/29/2025 07:50:00 AM,1,DRIVER,,2039449,,VOLKSWAGEN,ATLAS,IL,2021,NONE,PASSENGER,PERSONAL,E,PASSING/OVERTAKING,,,1,,,,,,,,,,,,,,,,,Y,SIDE-RIGHT,,,,,,,,,,,,,,,,,,,,,,,,,,,,,,,,,
2139436,2c036a6a2a1e863dde37bcc947f1c7ce64572e743d7d5b8c376f81e85cee9cdd8f9f851883ad21479ac7418f3f53163c8a27be43830f4ee26500d9770e9cda6d,08/29/2025 07:50:00 AM,2,DRIVER,,2039470,,FORD,TRANSIT,IL,2022,NONE,PASSENGER,PERSONAL,E,SLOW/STOP IN TRAFFIC,,,1,,,,,,,,,,,,,,Y,,,,SIDE-LEFT,,,,,,,,,,,,,,,,,,,,,,,,,,,,,,,,,
2139300,d9fdb74cc3e2165ad4d9619cb3a94ea1d85369535e264bbca27d05adbb3cd69a945fd0407c20d558d5955516c6e5b80b70bb15ffd2896532153c2f7e3ecc003f,08/29/2025 07:50:00 AM,1,DRIVER,1,2039315,,BUICK,ENCLAVE,IL,2017,NONE,PASSENGER,PERSONAL,W,STRAIGHT AHEAD,,,2,,,,,Y,,,,,,,,,,,,,FRONT-RIGHT-CORNER,,,,,,,,,,,,,,,,,,,,,,,,,,,,,,,,,
2139301,d9fdb74cc3e2165ad4d9619cb3a94ea1d85369535e264bbca27d05adbb3cd69a945fd0407c20d558d5955516c6e5b80b70bb15ffd2896532153c2f7e3ecc003f,08/29/2025 07:50:00 AM,2,DRIVER,1,2039323,,TESLA,MODEL 3,IL,2022,UNKNOWN,PASSENGER,PERSONAL,W,MERGING,,,2,,,,,,,,,,,Y,,,,,,,REAR-LEFT-CORNER,,,,,,,,,,,,,,,,,,,,,,,,,,,,,,,,,
2139326,f6a976a70a2a2c9500a620de52d0db486533ddaee1dcbb2b8adb604ebd4aacfadb8ce02a763b10063c08ea764fde2a8248ef3656a3cb1dccb521b5c0d8f49ab2,08/29/2025 07:50:00 AM,1,DRIVER,,2039342,,CHEVROLET,SILVERADO,IL,,UNKNOWN,PICKUP,UNKNOWN/NA,W,PASSING/OVERTAKING,,,1,,,,,,,,Y,Y,,,,,,,,,REAR-RIGHT-CORNER,,,,,,,,,,,,,,,,,,,,,,,,,,,,,,,,,
2139327,f6a976a70a2a2c9500a620de52d0db486533ddaee1dcbb2b8adb604ebd4aacfadb8ce02a763b10063c08ea764fde2a8248ef3656a3cb1dccb521b5c0d8f49ab2,08/29/2025 07:50:00 AM,2,DRIVER,1,2039345,,FORD,ESCAPE,IL,2013,NONE,PASSENGER,PERSONAL,W,STRAIGHT AHEAD,,,2,,,,,,,,,,,,,,,Y,,,FRONT-LEFT-CORNER,,,,,,,,,,,,,,,,,,,,,,,,,,,,,,,,,
2139289,4d669001a73e2d374f7f89d890ce47a48db005abf4322737a97f9a8713fc1f856a7002472393cc6eb5d1ac8f6b33410dd329492a14cc967dad0d1985814a5dd7,08/29/2025 07:45:00 AM,1,DRIVER,,2039310,,TOYOTA,HIGHLANDER,IL,2003,NONE,PASSENGER,PERSONAL,E,STRAIGHT AHEAD,,,1,,,,,Y,,,,,,,,,,Y,Y,,FRONT,,,,,,,,,,,,,,,,,,,,,,,,,,,,,,,,,
2139290,4d669001a73e2d374f7f89d890ce47a48db005abf4322737a97f9a8713fc1f856a7002472393cc6eb5d1ac8f6b33410dd329492a14cc967dad0d1985814a5dd7,08/29/2025 07:45:00 AM,2,DRIVER,,2039312,,TOYOTA,CAMRY,IL,2002,NONE,PASSENGER,PERSONAL,NE,SLOW/STOP IN TRAFFIC,,,1,,,,,,,,,,Y,,,,,,,Y,REAR,,,,,,,,,,,,,,,,,,,,,,,,,,,,,,,,,
2140108,6b448a90bc2753beb62231d8d7bcdb5291fb7ca260511cdc995ca45a111e5e05aa3717d0cf379334a0b8ff3b06ed5c8ab44e54a84b31661120d142354847a500,08/29/2025 07:45:00 AM,1,DRIVER,,2040097,,BMW,330I,IL,2013,UNKNOWN,PASSENGER,PERSONAL,E,STRAIGHT AHEAD,,,1,,,,,Y,,,,,,,,,,Y,Y,,FRONT,,,,,,,,,,,,,,,,,,,,,,,,,,,,,,,,,
2140109,6b448a90bc2753beb62231d8d7bcdb5291fb7ca260511cdc995ca45a111e5e05aa3717d0cf379334a0b8ff3b06ed5c8ab44e54a84b31661120d142354847a500,08/29/2025 07:45:00 AM,2,DRIVER,,2040106,,TOYOTA,RAV4,IL,2024,UNKNOWN,PASSENGER,PERSONAL,E,STRAIGHT AHEAD,N,,1,,,,,,,,,Y,Y,Y,,,,,,,REAR,,,,,,,,,,,,,,,,,,,,,,,,,,,,,,,,,
2139306,cd551d4662b84813a82eee4486a781ef9c0cc99f3cc94e708eea172b0c31d52af47ec6d28b66fe0dc5bed1b68f1d2506cd74c38309c0efa3590df85b4c8b1ad9,08/29/2025 07:45:00 AM,1,DRIVER,1,2039330,,HONDA,ODYSSEY,IL,2005,UNKNOWN,VAN/MINI-VAN,UNKNOWN/NA,E,STRAIGHT AHEAD,Y,,2,,STATE FARM,,,Y,,,,,,,,,,Y,Y,,FRONT-LEFT-CORNER,,,,,,,,,,,,,,,,,,,,,,,,,,,,,,,,,
2139307,cd551d4662b84813a82eee4486a781ef9c0cc99f3cc94e708eea172b0c31d52af47ec6d28b66fe0dc5bed1b68f1d2506cd74c38309c0efa3590df85b4c8b1ad9,08/29/2025 07:45:00 AM,2,DRIVER,,2039341,,CHEVROLET,EQUINOX,IL,2011,UNKNOWN,SPORT UTILITY VEHICLE (SUV),UNKNOWN/NA,S,STRAIGHT AHEAD,Y,,1,,PRIVATE,,,Y,Y,,,,,,,,,N,Y,,FRONT-RIGHT-CORNER,,,,,,,,,,,,,,,,,,,,,,,,,,,,,,,,,
2139316,290b9d2c65e3da65544c2f461bdacd64d44229a94aac9c14c07996fa557cdd37fbd9543ecf96d82f11c0d7821648534219a4959615e7133151eb5fbcdef10dc0,08/29/2025 07:44:00 AM,1,DRIVER,1,2039332,,LEXUS,OTHER (EXPLAIN IN NARRATIVE),IL,2016,NONE,SPORT UTILITY VEHICLE (SUV),PERSONAL,E,STRAIGHT AHEAD,,,2,,,,,,,,,,,,,,,,Y,,FRONT,,,,,,,,,,,,,,,,,,,,,,,,,,,,,,,,,
2139317,290b9d2c65e3da65544c2f461bdacd64d44229a94aac9c14c07996fa557cdd37fbd9543ecf96d82f11c0d7821648534219a4959615e7133151eb5fbcdef10dc0,08/29/2025 07:44:00 AM,2,DRIVER,1,2039336,,TOYOTA,RAV4,IL,2015,NONE,PASSENGER,PERSONAL,E,STRAIGHT AHEAD,,,2,,,,,,,,,,Y,,,,,,,,REAR,,,,,,,,,,,,,,,,,,,,,,,,,,,,,,,,,
2140094,61a5890b2852c0f38a13134741620c531946e66b2e4d393aeac07c9f53cc5f3b31074ae0cf1da816ee5f1cf1f327da98cdfd425824a3bb1b8ce195f3e00cd7f9,08/29/2025 07:40:00 AM,1,DRIVER,,2040081,,HYUNDAI,OTHER (EXPLAIN IN NARRATIVE),IL,2023,UNKNOWN,SPORT UTILITY VEHICLE (SUV),UNKNOWN/NA,E,TURNING LEFT,,,1,,,,,Y,,,,,,,,,,,,,FRONT-RIGHT-CORNER,,,,,,,,,,,,,,,,,,,,,,,,,,,,,,,,,
2140095,61a5890b2852c0f38a13134741620c531946e66b2e4d393aeac07c9f53cc5f3b31074ae0cf1da816ee5f1cf1f327da98cdfd425824a3bb1b8ce195f3e00cd7f9,08/29/2025 07:40:00 AM,2,DRIVER,1,2040082,,TOYOTA,SIENNA,IL,2006,NONE,VAN/MINI-VAN,UNKNOWN/NA,SE,TURNING RIGHT,,,2,,,,,,,,,,,,,,Y,Y,,,FRONT-LEFT-CORNER,,,,,,,,,,,,,,,,,,,,,,,,,,,,,,,,,
2139285,ab56b995bbc1223e7a04adc8af8885e5c87b8d344ce415ff161c24107203e4bce76dc8f02557f1d250cb42bf9d74e3d59e52777adbc3f5f35a29ed6af790afe0,08/29/2025 07:40:00 AM,1,DRIVER,,2039307,,TOYOTA,HIGHLANDER,IL,2023,NONE,SPORT UTILITY VEHICLE (SUV),RIDESHARE SERVICE,E,STRAIGHT AHEAD,,,1,,,,,,,,,,,,,,,,Y,,FRONT,,,,,,,,,,,,,,,,,,,,,,,,,,,,,,,,,
2139286,ab56b995bbc1223e7a04adc8af8885e5c87b8d344ce415ff161c24107203e4bce76dc8f02557f1d250cb42bf9d74e3d59e52777adbc3f5f35a29ed6af790afe0,08/29/2025 07:40:00 AM,2,DRIVER,,2039320,,VOLKSWAGEN,JETTA,IL,2011,NONE,PASSENGER,RIDESHARE SERVICE,E,SLOW/STOP IN TRAFFIC,,,1,,,,,,,,,Y,Y,N,,,,,,,REAR,,,,,,,,,,,,,,,,,,,,,,,,,,,,,,,,,
2139320,af449094a1cae6985a45e5488b9133c32fbb9eca11c89f24477790f9ffe853a6bb409453d4dc2a5aad604c3aac628ed1ddfb3c726f7f9d080e21401c6e902d90,08/29/2025 07:40:00 AM,1,DRIVER,,2039334,,UNKNOWN,OTHER (EXPLAIN IN NARRATIVE),XX,,UNKNOWN,PASSENGER,OTHER,N,CHANGING LANES,,,1,,,,,,,,,,,,,,,Y,,,FRONT-LEFT-CORNER,,,,,,,,,,,,,,,,,,,,,,,,,,,,,,,,,
2139321,af449094a1cae6985a45e5488b9133c32fbb9eca11c89f24477790f9ffe853a6bb409453d4dc2a5aad604c3aac628ed1ddfb3c726f7f9d080e21401c6e902d90,08/29/2025 07:40:00 AM,2,DRIVER,,2039337,,FORD,F150,IL,2022,NONE,PICKUP,OTHER,N,STRAIGHT AHEAD,,,1,,,,,Y,Y,Y,Y,Y,,,,,,,,,REAR-RIGHT-CORNER,,,,,,,,,,,,,,,,,,,,,,,,,,,,,,,,,
2139685,e58bffaac606fc6d1a15fc8cb9c780d629683b85b807d64101498dd6d07911c16bb93a4401f22fdcea2b3f9ddc5db6f019e6225a36d3d8ff47cdd934e96575f1,08/29/2025 07:40:00 AM,2,DRIVER,,2039693,,TOYOTA,AVALON,IL,2013,UNKNOWN,PASSENGER,OTHER,W,STRAIGHT AHEAD,,,1,,,,,Y,Y,Y,,,,,,,,,,N,UNKNOWN,,,,,,,,,,,,,,,,,,,,,,,,,,,,,,,,,
2139686,e58bffaac606fc6d1a15fc8cb9c780d629683b85b807d64101498dd6d07911c16bb93a4401f22fdcea2b3f9ddc5db6f019e6225a36d3d8ff47cdd934e96575f1,08/29/2025 07:40:00 AM,1,DRIVER,,2039705,,FORD,FUSION,IL,2014,UNKNOWN,PASSENGER,OTHER,E,STRAIGHT AHEAD,,,1,,,,,,,,,,,,,,,,,Y,UNKNOWN,,,,,,,,,,,,,,,,,,,,,,,,,,,,,,,,,
2140912,8fb7672d724d769d5ff383b08c4f73cc9c59de4f5a5a0bbf9932cf1fa34b5e7030dfbcdfb6676fcf2cee4bdb285d9fb81e0bb6ed98466a96a67581b5f74d2f67,08/29/2025 07:30:00 AM,1,DRIVER,,2040875,,JEEP,GRAND CHEROKEE,IL,2016,NONE,PASSENGER,PERSONAL,N,STRAIGHT AHEAD,,,1,,,,,,,,Y,Y,,,,,,,,,REAR-RIGHT-CORNER,,,,,,,,,,,,,,,,,,,,,,,,,,,,,,,,,
2140942,8fb7672d724d769d5ff383b08c4f73cc9c59de4f5a5a0bbf9932cf1fa34b5e7030dfbcdfb6676fcf2cee4bdb285d9fb81e0bb6ed98466a96a67581b5f74d2f67,08/29/2025 07:30:00 AM,2,PARKED,,2040886,,LEXUS,ES300,IL,2003,NONE,PASSENGER,NOT IN USE,N,PARKED,,,0,,,,,,,,,,,,,,Y,Y,,,FRONT-LEFT-CORNER,,,,,,,,,,,,,,,,,,,,,,,,,,,,,,,,,
2139414,a013df625e275ecf44f053514ebbdc51d8584497b686f1a0908ec17508cf532cf0def0c7b32d2bc337d76b1e32bb5b26fd2b624047805fde93bb470e1a83ea11,08/29/2025 07:30:00 AM,1,DRIVER,,2039433,,CHEVROLET,COBALT,IL,2005,UNKNOWN,PASSENGER,PERSONAL,W,TURNING LEFT,,,1,,,,,Y,Y,Y,,,,,,Y,Y,Y,Y,,UNKNOWN,,,,,,,,,,,,,,,,,,,,,,,,,,,,,,,,,
2139415,a013df625e275ecf44f053514ebbdc51d8584497b686f1a0908ec17508cf532cf0def0c7b32d2bc337d76b1e32bb5b26fd2b624047805fde93bb470e1a83ea11,08/29/2025 07:30:00 AM,2,DRIVER,,2039445,,HONDA,ACCORD,IL,2000,UNKNOWN,PASSENGER,PERSONAL,E,STRAIGHT AHEAD,,,1,,,,,,,,,,,,,Y,Y,Y,Y,,SIDE-LEFT,,,,,,,,,,,,,,,,,,,,,,,,,,,,,,,,,
2139608,f83d89ce6de829fca50618b8ea1f0226a600500dbf5da1412c575e28422996194f1c28a5d735a0d8443d848b43397f87b22cd470eb3e3038fc37b42bb2fa3f69,08/29/2025 07:30:00 AM,1,DRIVER,,2039614,,VOLVO,XC60,IL,2021,NONE,SPORT UTILITY VEHICLE (SUV),UNKNOWN/NA,E,CHANGING LANES,,,1,,,,,Y,,,,,,,,,,,,,FRONT-RIGHT-CORNER,,,,,,,,,,,,,,,,,,,,,,,,,,,,,,,,,
2139609,f83d89ce6de829fca50618b8ea1f0226a600500dbf5da1412c575e28422996194f1c28a5d735a0d8443d848b43397f87b22cd470eb3e3038fc37b42bb2fa3f69,08/29/2025 07:30:00 AM,2,DRIVER,,2039621,,TOYOTA,RAV4,IL,2017,NONE,SPORT UTILITY VEHICLE (SUV),PERSONAL,E,STRAIGHT AHEAD,,,1,,,,,,,,,,,,Y,Y,Y,,,,SIDE-LEFT,,,,,,,,,,,,,,,,,,,,,,,,,,,,,,,,,
2139291,0d89c740648de5e5dbc740cd119d49633b014a661cd5564cea319152dca58f0c45ec5e1ee03638a7bf055478b35096e28f33cbbfb2933c377f9374d13692cace,08/29/2025 07:25:00 AM,1,DRIVER,,2039313,,HONDA,ACCORD,,2015,NONE,PASSENGER,PERSONAL,W,STRAIGHT AHEAD,,,1,,,,,,,,,,,,,,,,Y,,FRONT,,,,,,,,,,,,,,,,,,,,,,,,,,,,,,,,,
2139292,0d89c740648de5e5dbc740cd119d49633b014a661cd5564cea319152dca58f0c45ec5e1ee03638a7bf055478b35096e28f33cbbfb2933c377f9374d13692cace,08/29/2025 07:25:00 AM,2,DRIVER,,2039339,,JEEP,WRANGLER,IL,2018,NONE,PASSENGER,PERSONAL,W,STRAIGHT AHEAD,,,1,,,,,,,,,Y,Y,Y,,,,,,,REAR,,,,,,,,,,,,,,,,,,,,,,,,,,,,,,,,,
2139800,077a5eb1ce2a00e5a7fea677f94a05b7dfb6f9519125a22473c0c422ba23fe3a897c254c90de5556fdefc390f6951790ecea1c27f10040ebc0e4d86472d5c1c4,08/29/2025 07:20:00 AM,1,DRIVER,,2039795,,MAZDA,CX-5,IL,2022,UNKNOWN,SPORT UTILITY VEHICLE (SUV),PERSONAL,UNKNOWN,STRAIGHT AHEAD,,,1,,,,,,,,,,,,,,,,Y,,FRONT,,,,,,,,,,,,,,,,,,,,,,,,,,,,,,,,,