CRASH_UNIT_ID,CRASH_RECORD_ID,CRASH_DATE,UNIT_NO,UNIT_TYPE,NUM_PASSENGERS,VEHICLE_ID,CMRC_VEH_I,MAKE,MODEL,LIC_PLATE_STATE,VEHICLE_YEAR,VEHICLE_DEFECT,VEHICLE_TYPE,VEHICLE_USE,TRAVEL_DIRECTION,MANEUVER,TOWED_I,FIRE_I,OCCUPANT_CNT,EXCEED_SPEED_LIMIT_I,TOWED_BY,TOWED_TO,AREA_00_I,AREA_01_I,AREA_02_I,AREA_03_I,AREA_04_I,AREA_05_I,AREA_06_I,AREA_07_I,AREA_08_I,AREA_09_I,AREA_10_I,AREA_11_I,AREA_12_I,AREA_99_I,FIRST_CONTACT_POINT,CMV_ID,USDOT_NO,CCMC_NO,ILCC_NO,COMMERCIAL_SRC,GVWR,CARRIER_NAME,CARRIER_STATE,CARRIER_CITY,HAZMAT_PLACARDS_I,HAZMAT_NAME,UN_NO,HAZMAT_PRESENT_I,HAZMAT_REPORT_I,HAZMAT_REPORT_NO,MCS_REPORT_I,MCS_REPORT_NO,HAZMAT_VIO_CAUSE_CRASH_I,MCS_VIO_CAUSE_CRASH_I,IDOT_PERMIT_NO,WIDE_LOAD_I,TRAILER1_WIDTH,TRAILER2_WIDTH,TRAILER1_LENGTH,TRAILER2_LENGTH,TOTAL_VEHICLE_LENGTH,AXLE_CNT,VEHICLE_CONFIG,CARGO_BODY_TYPE,LOAD_TYPE,HAZMAT_OUT_OF_SERVICE_I,MCS_OUT_OF_SERVICE_I,HAZMAT_CLASS
2139801,077a5eb1ce2a00e5a7fea677f94a05b7dfb6f9519125a22473c0c422ba23fe3a897c254c90de5556fdefc390f6951790ecea1c27f10040ebc0e4d86472d5c1c4,08/29/2025 07:20:00 AM,2,DRIVER,,2039797,,KIA,FORTE,IL,2024,UNKNOWN,PASSENGER,PERSONAL,UNKNOWN,STRAIGHT AHEAD,,,1,,,,,,,,,,Y,,,,,,,,REAR,,,,,,,,,,,,,,,,,,,,,,,,,,,,,,,,,
2139277,1f83dda93f85c5daef247acfd9faf9cf3edd99cfe5669cf40a0d62e3850f026c101d8624e73449d0aff5eebc3100f31a9fc90067932fb8e26c326c8a37035194,08/29/2025 07:20:00 AM,1,DRIVER,,2039297,,JEEP,RENEGADE,IL,,NONE,SPORT UTILITY VEHICLE (SUV),PERSONAL,S,ENTERING TRAFFIC LANE FROM PARKING,,,1,,,,,,,,,,,,,,,,,,SIDE-LEFT,,,,,,,,,,,,,,,,,,,,,,,,,,,,,,,,,
2139278,1f83dda93f85c5daef247acfd9faf9cf3edd99cfe5669cf40a0d62e3850f026c101d8624e73449d0aff5eebc3100f31a9fc90067932fb8e26c326c8a37035194,08/29/2025 07:20:00 AM,2,DRIVER,1,2039303,,SUZUKI,GRAND VITARA,IL,2002,NONE,SPORT UTILITY VEHICLE (SUV),PERSONAL,S,STRAIGHT AHEAD,,,2,,,,,,,,,,,,,,,,,,FRONT-RIGHT-CORNER,,,,,,,,,,,,,,,,,,,,,,,,,,,,,,,,,
2139312,2adcbea058a9936161f55695b2f3f642e4d7e23e1534ef3428db68d29062bb64952c349d44dd11b05c28f5e0bde98931ddd36f08dc463834d9321b10a6246550,08/29/2025 07:20:00 AM,1,DRIVER,1,2039333,,HONDA,CR-V,IL,2010,NONE,SPORT UTILITY VEHICLE (SUV),PERSONAL,N,STRAIGHT AHEAD,Y,,2,,OWNER,UNK,,Y,,,,,,,,,,Y,Y,,FRONT,,,,,,,,,,,,,,,,,,,,,,,,,,,,,,,,,
2139313,2adcbea058a9936161f55695b2f3f642e4d7e23e1534ef3428db68d29062bb64952c349d44dd11b05c28f5e0bde98931ddd36f08dc463834d9321b10a6246550,08/29/2025 07:20:00 AM,2,DRIVER,,2039338,,FORD,FOCUS,IL,2017,NONE,PASSENGER,OTHER,N,SLOW/STOP IN TRAFFIC,,,1,,,,,,,,,Y,Y,Y,,,,,,,REAR,,,,,,,,,,,,,,,,,,,,,,,,,,,,,,,,,
2139283,af41aceb5fc3778f99b7ddc6332bfdf88f3f0bbb904d1f0a11a34eb60a3be88809ede534a8211ac24b41b8eb8b6dbe017e8af60cdb0bd2476f57b8e3ddcdabfe,08/29/2025 07:20:00 AM,1,DRIVER,,2039300,,SUZUKI,GRAND VITARA,IL,2002,UNKNOWN,PASSENGER,PERSONAL,SE,STRAIGHT AHEAD,,,1,,,,,Y,Y,Y,,,,,,,,,,,FRONT-RIGHT-CORNER,,,,,,,,,,,,,,,,,,,,,,,,,,,,,,,,,
2139284,af41aceb5fc3778f99b7ddc6332bfdf88f3f0bbb904d1f0a11a34eb60a3be88809ede534a8211ac24b41b8eb8b6dbe017e8af60cdb0bd2476f57b8e3ddcdabfe,08/29/2025 07:20:00 AM,2,DRIVER,,2039304,,JEEP,PATRIOT,IL,2017,NONE,PASSENGER,PERSONAL,S,STRAIGHT AHEAD,,,1,,,,,,,,,,,Y,Y,Y,Y,Y,,,SIDE-LEFT,,,,,,,,,,,,,,,,,,,,,,,,,,,,,,,,,
2139287,946e1deb009741bc8c286be2438d48c5f982f5f3477adf8ddc948b5cd98aa422e90c71a6df00904e2116dd2293082d517cce1685c92ff1bd898d71c48fff6e49,08/29/2025 07:18:00 AM,1,DRIVER,,2039309,,NISSAN,OTHER (EXPLAIN IN NARRATIVE),IL,2018,UNKNOWN,PASSENGER,UNKNOWN/NA,E,STRAIGHT AHEAD,,,1,,,,,Y,,,,,,,,,,Y,Y,,FRONT,,,,,,,,,,,,,,,,,,,,,,,,,,,,,,,,,
2139288,946e1deb009741bc8c286be2438d48c5f982f5f3477adf8ddc948b5cd98aa422e90c71a6df00904e2116dd2293082d517cce1685c92ff1bd898d71c48fff6e49,08/29/2025 07:18:00 AM,2,DRIVER,2,2039318,,NISSAN,ROGUE,IL,2021,UNKNOWN,SPORT UTILITY VEHICLE (SUV),PERSONAL,E,STRAIGHT AHEAD,,,3,,,,,,,,,Y,Y,Y,,,,,,,REAR,,,,,,,,,,,,,,,,,,,,,,,,,,,,,,,,,
2139332,e5a4031284c5c2707b73ce2027396f35e245765698fbbbafc679a819149b6b6cf93643038581bfd2467709a126f51d7584473b708332b870958f811b89dbc729,08/29/2025 07:15:00 AM,1,DRIVER,,2039352,,CHEVROLET,C/K 2500,IL,2020,UNKNOWN,VAN/MINI-VAN,OTHER,SW,TURNING RIGHT,,,1,,,,,,,Y,Y,,,,,,,Y,,,SIDE-RIGHT,,,,,,,,,,,,,,,,,,,,,,,,,,,,,,,,,
2139333,e5a4031284c5c2707b73ce2027396f35e245765698fbbbafc679a819149b6b6cf93643038581bfd2467709a126f51d7584473b708332b870958f811b89dbc729,08/29/2025 07:15:00 AM,2,DRIVER,,2039359,,LINCOLN,OTHER (EXPLAIN IN NARRATIVE),TX,2011,UNKNOWN,SPORT UTILITY VEHICLE (SUV),PERSONAL,SW,TURNING RIGHT,,,1,,,,,,,,,,,,,,,Y,,,FRONT-LEFT-CORNER,,,,,,,,,,,,,,,,,,,,,,,,,,,,,,,,,
2139275,52b359d03da1e61e3816c5422555e29b27ffbf8a8b40c24c2aeebd2fef79be5a651b228020043ec708a4ed87bd8f737a0c887ce609c455cb2caf5253a9abcf03,08/29/2025 07:04:00 AM,1,DRIVER,,2039298,,HONDA,ACCORD,IL,,UNKNOWN,PASSENGER,PERSONAL,N,STRAIGHT AHEAD,,,1,,,,,Y,,,,,,,,,,,,,FRONT-RIGHT-CORNER,,,,,,,,,,,,,,,,,,,,,,,,,,,,,,,,,
2139276,52b359d03da1e61e3816c5422555e29b27ffbf8a8b40c24c2aeebd2fef79be5a651b228020043ec708a4ed87bd8f737a0c887ce609c455cb2caf5253a9abcf03,08/29/2025 07:04:00 AM,2,PARKED,,2039299,,ACURA,RLX,,,UNKNOWN,SPORT UTILITY VEHICLE (SUV),PERSONAL,N,PARKED,,,0,,,,,,,,,,,Y,,,,,,,SIDE-LEFT-REAR,,,,,,,,,,,,,,,,,,,,,,,,,,,,,,,,,
2139314,5da2acdfefaa2826827130a9637e9edc855a552febda3c85eef7b181095cfe1be21c0c34acac7da94a796e77faf747fdedfff4a1c7913977fef6b7dea207d682,08/29/2025 07:02:00 AM,1,DRIVER,,2039340,,KIA,FORTE,IL,2015,UNKNOWN,PASSENGER,PERSONAL,E,UNKNOWN/NA,,,1,,,,,Y,Y,,,,,,,,,,,,FRONT-RIGHT-CORNER,,,,,,,,,,,,,,,,,,,,,,,,,,,,,,,,,
2139315,5da2acdfefaa2826827130a9637e9edc855a552febda3c85eef7b181095cfe1be21c0c34acac7da94a796e77faf747fdedfff4a1c7913977fef6b7dea207d682,08/29/2025 07:02:00 AM,2,DRIVER,,2039348,,FORD,EXPLORER,IL,2008,NONE,SPORT UTILITY VEHICLE (SUV),PERSONAL,N,STRAIGHT AHEAD,,,1,,,,,,,,,,,,,,Y,Y,,,FRONT-LEFT-CORNER,,,,,,,,,,,,,,,,,,,,,,,,,,,,,,,,,
2139281,230e6f583d5b919d28f286bf7fe6168bceb5c155f5b909822f10567a9fa62de54dbe1801970404780c4b88212ae417a7dc11687ff1c75210cb6d88ed2825a59d,08/29/2025 06:56:00 AM,1,DRIVER,,2039301,,TESLA,OTHER (EXPLAIN IN NARRATIVE),IL,2024,UNKNOWN,PASSENGER,UNKNOWN/NA,S,MERGING,,,1,,,,,Y,,,,,,,,,,,,,FRONT-RIGHT-CORNER,,,,,,,,,,,,,,,,,,,,,,,,,,,,,,,,,
2139282,230e6f583d5b919d28f286bf7fe6168bceb5c155f5b909822f10567a9fa62de54dbe1801970404780c4b88212ae417a7dc11687ff1c75210cb6d88ed2825a59d,08/29/2025 06:56:00 AM,2,DRIVER,1,2039308,,FORD,ESCAPE,IL,2017,UNKNOWN,SPORT UTILITY VEHICLE (SUV),PERSONAL,S,STRAIGHT AHEAD,,,2,,,,,N,,,,,,Y,Y,,,,,,SIDE-LEFT-REAR,,,,,,,,,,,,,,,,,,,,,,,,,,,,,,,,,
2139271,89c1caf3649b7c7fc00af816edb987c5895783caa03f9fd9157e373ff055d1f452bccb8360483507ea87a8b0745d6be536e4c03297763a914e978a8da6a9cfc2,08/29/2025 06:50:00 AM,1,DRIVER,,2039295,,DODGE,RAM 1500 PU,IL,2014,UNKNOWN,PICKUP,PERSONAL,E,STRAIGHT AHEAD,,,1,,,,,,,,,,,,,,,,Y,,FRONT,,,,,,,,,,,,,,,,,,,,,,,,,,,,,,,,,
2139272,89c1caf3649b7c7fc00af816edb987c5895783caa03f9fd9157e373ff055d1f452bccb8360483507ea87a8b0745d6be536e4c03297763a914e978a8da6a9cfc2,08/29/2025 06:50:00 AM,2,DRIVER,1,2039306,,CHEVROLET,TRAX,IL,2025,NONE,PASSENGER,PERSONAL,E,STRAIGHT AHEAD,,,2,,,,,,,,,Y,Y,Y,,,,,,,REAR,,,,,,,,,,,,,,,,,,,,,,,,,,,,,,,,,
2139346,f4c50d793f522f53e9fab86619e25f087820ff2fb2efaab99e1aff1f72ba922d5a456ba33dc6286e5c6ddf2447242b28226f574cff447a890985629d5b24b385,08/29/2025 06:30:00 AM,1,DRIVER,,2039360,,UNKNOWN,OTHER (EXPLAIN IN NARRATIVE),IL,,UNKNOWN,UNKNOWN/NA,UNKNOWN/NA,W,STRAIGHT AHEAD,,,1,,,,,,,,,,,,,,,Y,Y,,FRONT,,,,,,,,,,,,,,,,,,,,,,,,,,,,,,,,,
2139347,f4c50d793f522f53e9fab86619e25f087820ff2fb2efaab99e1aff1f72ba922d5a456ba33dc6286e5c6ddf2447242b28226f574cff447a890985629d5b24b385,08/29/2025 06:30:00 AM,2,DRIVER,,2039364,,CHEVROLET,OTHER (EXPLAIN IN NARRATIVE),IL,2020,UNKNOWN,PASSENGER,PERSONAL,W,SLOW/STOP IN TRAFFIC,,,1,,,,,,,,Y,Y,Y,,,,,,,,REAR-RIGHT-CORNER,,,,,,,,,,,,,,,,,,,,,,,,,,,,,,,,,
2139295,7268c2a31b1f6824f9567de2a320cb2ef344592463c00aba74338f42a73b0fbae0a556a4e8744a4c626442309489b0a5aa86c072cd1582f45f5a1c662345b123,08/29/2025 06:05:00 AM,1,DRIVER,,2039311,,UNKNOWN,OTHER (EXPLAIN IN NARRATIVE),IL,,UNKNOWN,PASSENGER,UNKNOWN/NA,S,STRAIGHT AHEAD,,,1,,,,,,,,,,,,,,,,,,FRONT,,,,,,,,,,,,,,,,,,,,,,,,,,,,,,,,,
2139296,7268c2a31b1f6824f9567de2a320cb2ef344592463c00aba74338f42a73b0fbae0a556a4e8744a4c626442309489b0a5aa86c072cd1582f45f5a1c662345b123,08/29/2025 06:05:00 AM,2,DRIVER,,2039317,,HONDA,CIVIC,IL,2012,NONE,PASSENGER,PERSONAL,W,STRAIGHT AHEAD,Y,,1,,UNKNOWN,UNKNOWN,,,,,,,,,Y,Y,Y,,,,SIDE-LEFT,,,,,,,,,,,,,,,,,,,,,,,,,,,,,,,,,
2139297,7268c2a31b1f6824f9567de2a320cb2ef344592463c00aba74338f42a73b0fbae0a556a4e8744a4c626442309489b0a5aa86c072cd1582f45f5a1c662345b123,08/29/2025 06:05:00 AM,3,PARKED,,2039322,,BMW,OTHER (EXPLAIN IN NARRATIVE),IL,2008,NONE,PASSENGER,NOT IN USE,W,PARKED,,,0,,,,,,,,,Y,Y,Y,,,,,,,REAR,,,,,,,,,,,,,,,,,,,,,,,,,,,,,,,,,
2139269,8d43d9bb85033c479a77b540f43b438f1b5a0b4cfa2f916326a49f3087626951070c1f730e894103a8d467dcdd4d3d67c785c892ac2eff35642d0ba63ad84647,08/29/2025 06:00:00 AM,1,DRIVER,,2039292,,NISSAN,ALTIMA,IL,2015,UNKNOWN,PASSENGER,PERSONAL,N,STRAIGHT AHEAD,Y,,1,,PRIVATE TOW,,,Y,Y,,,,,,,,Y,Y,Y,,FRONT-RIGHT-CORNER,,,,,,,,,,,,,,,,,,,,,,,,,,,,,,,,,
2139270,8d43d9bb85033c479a77b540f43b438f1b5a0b4cfa2f916326a49f3087626951070c1f730e894103a8d467dcdd4d3d67c785c892ac2eff35642d0ba63ad84647,08/29/2025 06:00:00 AM,2,DRIVER,,2039293,,AUDI,Q7,IL,2018,NONE,PASSENGER,PERSONAL,W,STRAIGHT AHEAD,Y,,1,,PRIVATE TOW,,,Y,Y,,,,,,,,Y,Y,Y,,FRONT,,,,,,,,,,,,,,,,,,,,,,,,,,,,,,,,,
2139273,c51fc7638d4764c5e636071c99bd83089a4bff28224252e36c62a85188eaa990a2685032ac61b8cd5be37bd59a4396ef52d0674ea83844e2a56ce6b365669bb7,08/29/2025 06:00:00 AM,1,DRIVER,,2039294,,NISSAN,FRONTIER,IN,,NONE,VAN/MINI-VAN,OTHER,S,BACKING,,,1,,,,,,,,,,,,,,,,,,REAR,,,,,,,,,,,,,,,,,,,,,,,,,,,,,,,,,
2139274,c51fc7638d4764c5e636071c99bd83089a4bff28224252e36c62a85188eaa990a2685032ac61b8cd5be37bd59a4396ef52d0674ea83844e2a56ce6b365669bb7,08/29/2025 06:00:00 AM,2,DRIVER,,2039296,,NISSAN,ALTIMA,,,UNKNOWN,PASSENGER,PERSONAL,S,STRAIGHT AHEAD,,,1,,,,,,,,,,,,,,,,,,FRONT,,,,,,,,,,,,,,,,,,,,,,,,,,,,,,,,,
2139368,6a307cdc703874b9285eff2d0f9d2fc918e42347d51f5c6e7d436dc22de49a28ef4c3e8153d32a66b09cf73a08089d97fa80d5522945e7e3c1486b9288dbfe50,08/29/2025 05:57:00 AM,1,DRIVER,,2039386,,VOLKSWAGEN,JETTA,IL,2020,UNKNOWN,PASSENGER,UNKNOWN/NA,N,CHANGING LANES,,,1,,,,,,,Y,Y,,,,,,,,,,SIDE-RIGHT,,,,,,,,,,,,,,,,,,,,,,,,,,,,,,,,,
2139369,6a307cdc703874b9285eff2d0f9d2fc918e42347d51f5c6e7d436dc22de49a28ef4c3e8153d32a66b09cf73a08089d97fa80d5522945e7e3c1486b9288dbfe50,08/29/2025 05:57:00 AM,2,DRIVER,,2039381,,MERCEDES-BENZ,C300,IL,2014,NONE,PASSENGER,PERSONAL,N,STRAIGHT AHEAD,,,1,,,,,,,,,,,,,,Y,Y,,,FRONT-LEFT-CORNER,,,,,,,,,,,,,,,,,,,,,,,,,,,,,,,,,
2139263,722de55e97d4827ff3208548a14f24ff22539ca25cbf9f6146f8ab47aa5e88b0a95f37fedf261327a0a05f8040a4101f405ff62c0068bae32ca7703033b166e6,08/29/2025 04:02:00 AM,1,DRIVER,1,2039284,,KIA,OPTIMA / K5,IL,2025,NONE,PASSENGER,PERSONAL,N,TURNING RIGHT,Y,,2,,private tow,,,Y,Y,,,,,,,,Y,Y,Y,,FRONT-RIGHT-CORNER,,,,,,,,,,,,,,,,,,,,,,,,,,,,,,,,,
2139260,63b68c6be0b50f50d5971fa11bfd7f84ca3dd50a4e33a78eacbebd1becc16418a3a045c12f38c0e4031b8363d0e5229c9b145e2170ef6a60b1f34d1f5917844d,08/29/2025 03:34:00 AM,1,DRIVER,,2039281,,NISSAN,ALTIMA,IL,2020,NONE,PASSENGER,PERSONAL,N,STRAIGHT AHEAD,Y,,1,,city tow,,,Y,Y,,,,,,,,,,Y,,FRONT-RIGHT-CORNER,,,,,,,,,,,,,,,,,,,,,,,,,,,,,,,,,
2139261,63b68c6be0b50f50d5971fa11bfd7f84ca3dd50a4e33a78eacbebd1becc16418a3a045c12f38c0e4031b8363d0e5229c9b145e2170ef6a60b1f34d1f5917844d,08/29/2025 03:34:00 AM,2,DRIVER,,2039282,,MAZDA,CX-7,IL,2008,NONE,PASSENGER,PERSONAL,N,STRAIGHT AHEAD,,,1,,,,,,,,,Y,Y,Y,,,,,,,REAR,,,,,,,,,,,,,,,,,,,,,,,,,,,,,,,,,
2139262,63b68c6be0b50f50d5971fa11bfd7f84ca3dd50a4e33a78eacbebd1becc16418a3a045c12f38c0e4031b8363d0e5229c9b145e2170ef6a60b1f34d1f5917844d,08/29/2025 03:34:00 AM,3,DRIVER,,2039283,,TOYOTA,RAV4,IL,2023,NONE,PASSENGER,PERSONAL,N,STRAIGHT AHEAD,,,1,,,,,,,,,Y,Y,Y,,,,,,,REAR,,,,,,,,,,,,,,,,,,,,,,,,,,,,,,,,,
2139254,38a4aa6f688373122596e40246eacb59e626db9076098fad17214d0a481b8ee9d0711fab8511ac47bbe42575dbbb349cf961cadcdb559a1ab4ea549dd1ba7108,08/29/2025 03:00:00 AM,1,DRIVER,,2039274,,HONDA,CR-V,IL,2008,NONE,SPORT UTILITY VEHICLE (SUV),UNKNOWN/NA,N,STRAIGHT AHEAD,,,1,,,,,,,,,,,,,,,,Y,,FRONT,,,,,,,,,,,,,,,,,,,,,,,,,,,,,,,,,
2139255,38a4aa6f688373122596e40246eacb59e626db9076098fad17214d0a481b8ee9d0711fab8511ac47bbe42575dbbb349cf961cadcdb559a1ab4ea549dd1ba7108,08/29/2025 03:00:00 AM,2,DRIVER,1,2039277,,NISSAN,ALTIMA,IL,2022,NONE,PASSENGER,UNKNOWN/NA,N,SLOW/STOP IN TRAFFIC,,,2,,,,,,,,,,Y,,,,,,,,REAR,,,,,,,,,,,,,,,,,,,,,,,,,,,,,,,,,
2139250,b86883b7112c3873f773913b10fbddedc39fe49ab5ac9f8135f39944c51e008825c9a89c371ff36185889b00efa8cd60b2058493e3c891915a7b9f4dc5689f10,08/29/2025 02:35:00 AM,1,DRIVER,,2039270,,TOYOTA,CAMRY,IL,2009,UNKNOWN,PASSENGER,UNKNOWN/NA,N,STRAIGHT AHEAD,,,1,,,,,,,,,,,,,,,,,Y,UNKNOWN,,,,,,,,,,,,,,,,,,,,,,,,,,,,,,,,,
2139251,b86883b7112c3873f773913b10fbddedc39fe49ab5ac9f8135f39944c51e008825c9a89c371ff36185889b00efa8cd60b2058493e3c891915a7b9f4dc5689f10,08/29/2025 02:35:00 AM,2,DRIVER,,2039272,,FORD,F150,IL,2020,UNKNOWN,PICKUP,UNKNOWN/NA,N,STRAIGHT AHEAD,,,1,,,,,Y,Y,Y,Y,Y,,,,,,,,,TOTAL (ALL AREAS),,,,,,,,,,,,,,,,,,,,,,,,,,,,,,,,,
2139252,11c11536f0df7bfc2437875696a335a25a8fa0fbca66be4134977e0091af836c346efdf99066d44b9115bb801c0c417588e23bed330410db4093355df0f7bc67,08/29/2025 02:20:00 AM,1,DRIVER,,2039273,,CHEVROLET,MALIBU,TN,2023,NONE,PASSENGER,PERSONAL,S,TURNING LEFT,,,1,,,,,,Y,Y,Y,,,,,,,,,,SIDE-RIGHT,,,,,,,,,,,,,,,,,,,,,,,,,,,,,,,,,
2139253,11c11536f0df7bfc2437875696a335a25a8fa0fbca66be4134977e0091af836c346efdf99066d44b9115bb801c0c417588e23bed330410db4093355df0f7bc67,08/29/2025 02:20:00 AM,2,DRIVER,1,2039275,,FORD,EXPLORER,IL,2021,NONE,SPORT UTILITY VEHICLE (SUV),POLICE,N,STRAIGHT AHEAD,,,2,,,,,Y,,,,,,,,,,Y,Y,,FRONT,,,,,,,,,,,,,,,,,,,,,,,,,,,,,,,,,
2139500,5778825484f3049c96f5b32a5654e569e861441bb98cb84badeb88d2b84d2637d2fff0454978703b39c29eb680365da16b9593c7bb1eeb45d893c92a1f45590b,08/29/2025 01:56:00 AM,1,DRIVER,,2039508,,UNKNOWN,OTHER (EXPLAIN IN NARRATIVE),,,UNKNOWN,UNKNOWN/NA,UNKNOWN/NA,S,UNKNOWN/NA,,,1,,,,,Y,,,,,,,,,,Y,Y,Y,FRONT,,,,,,,,,,,,,,,,,,,,,,,,,,,,,,,,,
2139501,5778825484f3049c96f5b32a5654e569e861441bb98cb84badeb88d2b84d2637d2fff0454978703b39c29eb680365da16b9593c7bb1eeb45d893c92a1f45590b,08/29/2025 01:56:00 AM,2,PARKED,,2039516,,HYUNDAI,ELANTRA,IL,2021,NONE,PASSENGER,PERSONAL,S,PARKED,,,0,,,,,,Y,,,,,Y,Y,Y,Y,Y,,,REAR-LEFT-CORNER,,,,,,,,,,,,,,,,,,,,,,,,,,,,,,,,,
2139502,5778825484f3049c96f5b32a5654e569e861441bb98cb84badeb88d2b84d2637d2fff0454978703b39c29eb680365da16b9593c7bb1eeb45d893c92a1f45590b,08/29/2025 01:56:00 AM,3,PARKED,,2039527,,KIA,SELTOS,IL,2021,NONE,PASSENGER,PERSONAL,S,PARKED,Y,,0,,PRIVATE TOW,PRIVATE TOW,,Y,,,,Y,,Y,Y,Y,Y,Y,,,SIDE-LEFT-REAR,,,,,,,,,,,,,,,,,,,,,,,,,,,,,,,,,
2139245,054e3900a545f41416593676890466ee16812f7c408ea7da4f68beb13a64c04d7589e5cdfadbe740e9278518e3fe7358f6ab87b3b202844c7033162a9c99dcbb,08/29/2025 01:55:00 AM,1,DRIVER,,2039263,,GENERAL MOTORS CORPORATION (GMC),TERRAIN,IL,2013,NONE,PASSENGER,PERSONAL,N,STRAIGHT AHEAD,Y,,1,,CITY OF CHICAGO,DOTY RD POUND #2,,Y,Y,,,,,,,,,Y,Y,,FRONT-RIGHT-CORNER,,,,,,,,,,,,,,,,,,,,,,,,,,,,,,,,,
2139246,054e3900a545f41416593676890466ee16812f7c408ea7da4f68beb13a64c04d7589e5cdfadbe740e9278518e3fe7358f6ab87b3b202844c7033162a9c99dcbb,08/29/2025 01:55:00 AM,2,PARKED,,2039266,,LEXUS,NX,IL,2016,NONE,PASSENGER,PERSONAL,N,PARKED,,,0,,,,,,,,,,,,Y,Y,Y,Y,,,REAR-LEFT-CORNER,,,,,,,,,,,,,,,,,,,,,,,,,,,,,,,,,
2139247,b840d3cdd8be31ad0fbf4ec0123e995c44de19795ec63cd2eaf4b8a5134080c23f0e95700ab1588fe033df891b40ad7bf3766d474c127478512e73ae81564e9b,08/29/2025 01:26:00 AM,1,DRIVER,1,2039267,,HYUNDAI,SANTA FE,IL,2009,UNKNOWN,PASSENGER,UNKNOWN/NA,W,UNKNOWN/NA,Y,N,2,,idot,kedzie traffic incident site,,Y,Y,Y,Y,Y,Y,Y,Y,Y,Y,Y,Y,,UNKNOWN,,,,,,,,,,,,,,,,,,,,,,,,,,,,,,,,,
2139226,7f5e2a72b93781d39899bc0eb6ae13e78f7ac7522b4810864e86c16ad78732751fdd31055290e62e9520a34a5c38d9990d68bd544050fb378d279b2b9f845ce5,08/29/2025 01:24:00 AM,1,DRIVER,,2039248,,JEEP,CHEROKEE,IL,,NONE,PASSENGER,TAXI/FOR HIRE,N,STRAIGHT AHEAD,,,1,,,,Y,,,,,,,,,,,,,,NONE,,,,,,,,,,,,,,,,,,,,,,,,,,,,,,,,,
2139227,7f5e2a72b93781d39899bc0eb6ae13e78f7ac7522b4810864e86c16ad78732751fdd31055290e62e9520a34a5c38d9990d68bd544050fb378d279b2b9f845ce5,08/29/2025 01:24:00 AM,2,DRIVER,,2039246,,TOYOTA,PRIUS,IL,2014,NONE,PASSENGER,TAXI/FOR HIRE,N,STRAIGHT AHEAD,,,1,,,,Y,,,,,,,,,,,,,,NONE,,,,,,,,,,,,,,,,,,,,,,,,,,,,,,,,,
2139234,d57034a40a844d2b345b3492fd51ee46dbdcc68b283eb67ac6f66e55598f348012a7b8ec100c0d352fc86263f599312143a843ca4ad418689cc860fcc791d603,08/29/2025 12:55:00 AM,1,DRIVER,1,2039265,,ACURA,TLX,AR,2006,UNKNOWN,PASSENGER,UNKNOWN/NA,N,STRAIGHT AHEAD,,,2,,,,,Y,,,,,,,,,,Y,Y,,FRONT,,,,,,,,,,,,,,,,,,,,,,,,,,,,,,,,,
2139235,d57034a40a844d2b345b3492fd51ee46dbdcc68b283eb67ac6f66e55598f348012a7b8ec100c0d352fc86263f599312143a843ca4ad418689cc860fcc791d603,08/29/2025 12:55:00 AM,2,DRIVER,,2039269,,TOYOTA,CAMRY,IN,2025,UNKNOWN,PASSENGER,TAXI/FOR HIRE,N,STRAIGHT AHEAD,,,1,,,,,,,,,Y,Y,Y,,,,,,,REAR,,,,,,,,,,,,,,,,,,,,,,,,,,,,,,,,,
2140240,fd0bd039fc6e23bdc0e83ccb15821aafbab3222b1c5b748b50a3d90f0be6420a01f58243652b15cdb6bb17fedb90cf2dfaa02f0c241f2595619302b8ab433409,08/29/2025 12:30:00 AM,1,DRIVER,,2040223,,PORSCHE,BOXSTER 981 / 982 / 986 / 987,IL,1999,UNKNOWN,PASSENGER,PERSONAL,W,BACKING,,,1,,,,,,,,,,,,,,,,,Y,REAR,,,,,,,,,,,,,,,,,,,,,,,,,,,,,,,,,
2140241,fd0bd039fc6e23bdc0e83ccb15821aafbab3222b1c5b748b50a3d90f0be6420a01f58243652b15cdb6bb17fedb90cf2dfaa02f0c241f2595619302b8ab433409,08/29/2025 12:30:00 AM,2,PARKED,,2040221,,SAAB,97,IL,2007,NONE,SPORT UTILITY VEHICLE (SUV),NOT IN USE,W,PARKED,,,0,,,,,Y,,,,,,,,,,Y,Y,,FRONT,,,,,,,,,,,,,,,,,,,,,,,,,,,,,,,,,
2139230,3fe217ad6067be3d597bbca5c70504d7e178a5784170948c98300c95c53f9dffcd765ca58eec507000ada4724a08b23026a97ed174371878ae0ee6d955485e81,08/29/2025 12:20:00 AM,1,DRIVER,,2039253,,FORD,FUSION,IL,2013,WHEELS,PASSENGER,PERSONAL,N,STRAIGHT AHEAD,Y,,1,,unknown,unknown,,Y,Y,Y,Y,,,,,,Y,Y,,,FRONT-RIGHT-CORNER,,,,,,,,,,,,,,,,,,,,,,,,,,,,,,,,,