CRASH_UNIT_ID,CRASH_RECORD_ID,CRASH_DATE,UNIT_NO,UNIT_TYPE,NUM_PASSENGERS,VEHICLE_ID,CMRC_VEH_I,MAKE,MODEL,LIC_PLATE_STATE,VEHICLE_YEAR,VEHICLE_DEFECT,VEHICLE_TYPE,VEHICLE_USE,TRAVEL_DIRECTION,MANEUVER,TOWED_I,FIRE_I,OCCUPANT_CNT,EXCEED_SPEED_LIMIT_I,TOWED_BY,TOWED_TO,AREA_00_I,AREA_01_I,AREA_02_I,AREA_03_I,AREA_04_I,AREA_05_I,AREA_06_I,AREA_07_I,AREA_08_I,AREA_09_I,AREA_10_I,AREA_11_I,AREA_12_I,AREA_99_I,FIRST_CONTACT_POINT,CMV_ID,USDOT_NO,CCMC_NO,ILCC_NO,COMMERCIAL_SRC,GVWR,CARRIER_NAME,CARRIER_STATE,CARRIER_CITY,HAZMAT_PLACARDS_I,HAZMAT_NAME,UN_NO,HAZMAT_PRESENT_I,HAZMAT_REPORT_I,HAZMAT_REPORT_NO,MCS_REPORT_I,MCS_REPORT_NO,HAZMAT_VIO_CAUSE_CRASH_I,MCS_VIO_CAUSE_CRASH_I,IDOT_PERMIT_NO,WIDE_LOAD_I,TRAILER1_WIDTH,TRAILER2_WIDTH,TRAILER1_LENGTH,TRAILER2_LENGTH,TOTAL_VEHICLE_LENGTH,AXLE_CNT,VEHICLE_CONFIG,CARGO_BODY_TYPE,LOAD_TYPE,HAZMAT_OUT_OF_SERVICE_I,MCS_OUT_OF_SERVICE_I,HAZMAT_CLASS
2139231,3fe217ad6067be3d597bbca5c70504d7e178a5784170948c98300c95c53f9dffcd765ca58eec507000ada4724a08b23026a97ed174371878ae0ee6d955485e81,08/29/2025 12:20:00 AM,2,DRIVER,,2039255,,INFINITI,Q50,IL,,NONE,PASSENGER,PERSONAL,N,STRAIGHT AHEAD,,,1,,,,,,,,,,,,,,Y,Y,,,SIDE-RIGHT-FRONT,,,,,,,,,,,,,,,,,,,,,,,,,,,,,,,,,
2139239,c0455010778b32c898534d2d5d52c1f6fd73bbfd35ed03475dbee7c6d1a9bbf2a50043a7b13f42b2d8144b8d447a72b33420c6dc91fb4549fa9ea306d3a41ff4,08/29/2025 12:20:00 AM,1,DRIVER,,2039258,,JEEP,GRAND CHEROKEE,IL,2021,NONE,SPORT UTILITY VEHICLE (SUV),PERSONAL,W,STRAIGHT AHEAD,,,1,,,,,,,,,,,,,,,Y,,,FRONT-LEFT-CORNER,,,,,,,,,,,,,,,,,,,,,,,,,,,,,,,,,
2139240,c0455010778b32c898534d2d5d52c1f6fd73bbfd35ed03475dbee7c6d1a9bbf2a50043a7b13f42b2d8144b8d447a72b33420c6dc91fb4549fa9ea306d3a41ff4,08/29/2025 12:20:00 AM,2,DRIVER,,2039262,,MAZDA,CX-9,AK,2023,NONE,SPORT UTILITY VEHICLE (SUV),PERSONAL,W,STRAIGHT AHEAD,,,1,,,,,Y,Y,Y,Y,,,,,,,,,,SIDE-RIGHT,,,,,,,,,,,,,,,,,,,,,,,,,,,,,,,,,
2139219,f06d157e91c82039a343eded0da27058bcfecb4c95385958f38999153ed42d3594a41d593d3be1575906f7d1afb64b9944e08e4cae99b92eab0393c343d7a446,08/29/2025 12:20:00 AM,1,DRIVER,,2039238,,TOYOTA,PRIUS,IL,2011,UNKNOWN,PASSENGER,UNKNOWN/NA,E,TURNING LEFT,Y,,1,,unk,unk,,Y,Y,,,,,,,,,,Y,,FRONT-RIGHT-CORNER,,,,,,,,,,,,,,,,,,,,,,,,,,,,,,,,,
2139220,f06d157e91c82039a343eded0da27058bcfecb4c95385958f38999153ed42d3594a41d593d3be1575906f7d1afb64b9944e08e4cae99b92eab0393c343d7a446,08/29/2025 12:20:00 AM,2,DRIVER,,2039241,,TOYOTA,PRIUS,IL,2015,UNKNOWN,PASSENGER,TAXI/FOR HIRE,E,STRAIGHT AHEAD,,,1,,,,,Y,Y,,,,,Y,Y,Y,N,N,Y,,FRONT-RIGHT-CORNER,,,,,,,,,,,,,,,,,,,,,,,,,,,,,,,,,
2139221,f06d157e91c82039a343eded0da27058bcfecb4c95385958f38999153ed42d3594a41d593d3be1575906f7d1afb64b9944e08e4cae99b92eab0393c343d7a446,08/29/2025 12:20:00 AM,3,DRIVER,,2039244,,TOYOTA,CAMRY,IL,2020,UNKNOWN,PASSENGER,UNKNOWN/NA,E,STRAIGHT AHEAD,,,1,,,,,Y,Y,Y,,,,,,,,,,,SIDE-RIGHT,,,,,,,,,,,,,,,,,,,,,,,,,,,,,,,,,
2139217,167a9f7e15f4a1fc8c5c0a2022c111f82d912f4976c17bc61b99c09a91fbbf2e088c04abc33509f4218b263be2703030a88ee6028e75a021e3d19ecf1297b67b,08/29/2025 12:01:00 AM,1,DRIVER,,2039239,,NISSAN,ALTIMA,IL,2017,UNKNOWN,PASSENGER,PERSONAL,S,TURNING RIGHT,,,1,,,,,Y,Y,,,,,,,,N,N,Y,,SIDE-RIGHT,,,,,,,,,,,,,,,,,,,,,,,,,,,,,,,,,
2139218,167a9f7e15f4a1fc8c5c0a2022c111f82d912f4976c17bc61b99c09a91fbbf2e088c04abc33509f4218b263be2703030a88ee6028e75a021e3d19ecf1297b67b,08/29/2025 12:01:00 AM,2,DRIVER,,2039242,,JEEP,CHEROKEE,IL,2021,UNKNOWN,SPORT UTILITY VEHICLE (SUV),PERSONAL,S,TURNING RIGHT,,,1,,,,,,,,,,,,,,Y,Y,Y,,SIDE-LEFT,,,,,,,,,,,,,,,,,,,,,,,,,,,,,,,,,
2139222,60bda5e618189085bacce317633ec79320098bcc8dcd7fab4beac9199ff1a581c17c9ad9db147177b6dafe8724d91357c7287ff5e4e0e4f5302424d768abf105,08/28/2025 11:59:00 PM,1,DRIVER,,2039243,,TOYOTA,CAMRY,IL,2015,UNKNOWN,PASSENGER,PERSONAL,W,STRAIGHT AHEAD,,,1,,,,,,,,Y,Y,,,,,,,,,SIDE-RIGHT-REAR,,,,,,,,,,,,,,,,,,,,,,,,,,,,,,,,,
2139223,60bda5e618189085bacce317633ec79320098bcc8dcd7fab4beac9199ff1a581c17c9ad9db147177b6dafe8724d91357c7287ff5e4e0e4f5302424d768abf105,08/28/2025 11:59:00 PM,2,PARKED,,2039245,,TOYOTA,CAMRY,IL,2012,UNKNOWN,PASSENGER,NOT IN USE,E,PARKED IN TRAFFIC LANE,,,0,,,,,,,,Y,Y,,,,,,,,,SIDE-RIGHT-REAR,,,,,,,,,,,,,,,,,,,,,,,,,,,,,,,,,
2139243,cf76df2423072a133c8a69aa66c653a8d814e32a5d24e9e6e635a4914795f800f572b1c1ea395227bf6c90815bdb487e42baab7e125d083101264790c4313f25,08/28/2025 11:59:00 PM,1,DRIVER,,2039261,,HYUNDAI,SONATA,,2019,UNKNOWN,OTHER,UNKNOWN/NA,E,PASSING/OVERTAKING,Y,,1,,CHICAGO POLICE,10301 S DOTY AVE,,,,,,,,,,,,Y,,,FRONT-LEFT-CORNER,,,,,,,,,,,,,,,,,,,,,,,,,,,,,,,,,
2139244,cf76df2423072a133c8a69aa66c653a8d814e32a5d24e9e6e635a4914795f800f572b1c1ea395227bf6c90815bdb487e42baab7e125d083101264790c4313f25,08/28/2025 11:59:00 PM,2,DRIVER,2,2039264,,TOYOTA,AVALON,IL,2014,UNKNOWN,OTHER,RIDESHARE SERVICE,E,STRAIGHT AHEAD,,,3,,,,,,Y,Y,Y,N,,,,,,,,,SIDE-RIGHT,,,,,,,,,,,,,,,,,,,,,,,,,,,,,,,,,
2139228,2b95ea01107cf23be3f4a94fd22d85df7622e72e76d4268e0f56499b29cbf35611938d8b5f39701e3f23a4b92b2119cb453282cb20d44463dde6b3c0e61add08,08/28/2025 11:51:00 PM,1,DRIVER,,2039249,,NISSAN,ALTIMA,IL,2017,UNKNOWN,PASSENGER,UNKNOWN/NA,S,STRAIGHT AHEAD,,,1,,,,,,,,Y,Y,,,,,,,,,REAR-RIGHT-CORNER,,,,,,,,,,,,,,,,,,,,,,,,,,,,,,,,,
2139229,2b95ea01107cf23be3f4a94fd22d85df7622e72e76d4268e0f56499b29cbf35611938d8b5f39701e3f23a4b92b2119cb453282cb20d44463dde6b3c0e61add08,08/28/2025 11:51:00 PM,2,DRIVER,,2039254,,JEEP,GRAND CHEROKEE,IL,2021,UNKNOWN,SPORT UTILITY VEHICLE (SUV),UNKNOWN/NA,S,STRAIGHT AHEAD,,,1,,,,,,,,,,,,,,Y,Y,,,FRONT-LEFT-CORNER,,,,,,,,,,,,,,,,,,,,,,,,,,,,,,,,,
2139256,5fd499060c66d20ca2b9be93a7fd5d4d73b638f6c2d0854795482b2e1b6d656e67d3fd2339b34651633bc2825769eb82182b616e62bf8841c16d1e248241fa4f,08/28/2025 11:50:00 PM,1,DRIVER,1,2039279,,BUICK,ENCORE,MI,2023,NONE,PASSENGER,PERSONAL,E,STRAIGHT AHEAD,Y,,2,,PRIVATE TOW,,,Y,,,,,,,,,,Y,Y,,FRONT,,,,,,,,,,,,,,,,,,,,,,,,,,,,,,,,,
2139257,5fd499060c66d20ca2b9be93a7fd5d4d73b638f6c2d0854795482b2e1b6d656e67d3fd2339b34651633bc2825769eb82182b616e62bf8841c16d1e248241fa4f,08/28/2025 11:50:00 PM,2,DRIVER,,2039276,,LINCOLN,MKZ,IL,2015,NONE,PASSENGER,PERSONAL,E,STRAIGHT AHEAD,,,1,,,,,,,,,Y,Y,Y,,,,,,,REAR,,,,,,,,,,,,,,,,,,,,,,,,,,,,,,,,,
2139706,70e2386dbbe53ac12ccf9b6576be7fa535da955653f10dd1a9092d12c8efd60fd0c30c7382a9b84892e13b36ea9ab57d2f82c9abbabf26e63864f8507e9384c1,08/28/2025 11:50:00 PM,1,DRIVER,,2039711,,JEEP,JEEP,IL,2024,UNKNOWN,PASSENGER,PERSONAL,N,STRAIGHT AHEAD,,,1,,,,,Y,,,,,,,,,,Y,,,FRONT,,,,,,,,,,,,,,,,,,,,,,,,,,,,,,,,,
2139707,70e2386dbbe53ac12ccf9b6576be7fa535da955653f10dd1a9092d12c8efd60fd0c30c7382a9b84892e13b36ea9ab57d2f82c9abbabf26e63864f8507e9384c1,08/28/2025 11:50:00 PM,2,DRIVER,,2039719,,MAZDA,OTHER (EXPLAIN IN NARRATIVE),FL,2025,UNKNOWN,UNKNOWN/NA,PERSONAL,N,STRAIGHT AHEAD,,,1,,,,,,,,,Y,Y,Y,,,,,,,REAR,,,,,,,,,,,,,,,,,,,,,,,,,,,,,,,,,
2139213,6114e9c594a7d635f61a0526ffc43658b0b7fb554d7ecd9f8574f07afc5ae6342df699066a99c258763fcf2bc5b36635677fc9c4077b1608619fb96ab08c098d,08/28/2025 11:49:00 PM,1,DRIVER,,2039233,,VOLKSWAGEN,JETTA,IL,2016,NONE,PASSENGER,PERSONAL,S,STRAIGHT AHEAD,,,1,,,,,Y,,,,,,,,,,Y,Y,,FRONT,,,,,,,,,,,,,,,,,,,,,,,,,,,,,,,,,
2139214,6114e9c594a7d635f61a0526ffc43658b0b7fb554d7ecd9f8574f07afc5ae6342df699066a99c258763fcf2bc5b36635677fc9c4077b1608619fb96ab08c098d,08/28/2025 11:49:00 PM,2,DRIVER,,2039234,,NISSAN,PATHFINDER,IL,2017,NONE,PASSENGER,PERSONAL,S,STRAIGHT AHEAD,,,1,,,,,,,,,Y,Y,Y,,,,,,,REAR,,,,,,,,,,,,,,,,,,,,,,,,,,,,,,,,,
2139204,a7ee9831b5f23032fad9dc8c2fad64c5cc11712eea0f232ef565e8d26e642e803cbb83110b1f7442ee0d88b8f2ff952f2a9e9b6d63c59167e61807f6d2f25518,08/28/2025 11:42:00 PM,1,DRIVER,,2039221,,UNKNOWN,OTHER (EXPLAIN IN NARRATIVE),XX,,UNKNOWN,SPORT UTILITY VEHICLE (SUV),PERSONAL,W,STRAIGHT AHEAD,,,1,,,,,,,,,,Y,,,,,,,,REAR,,,,,,,,,,,,,,,,,,,,,,,,,,,,,,,,,
2139205,a7ee9831b5f23032fad9dc8c2fad64c5cc11712eea0f232ef565e8d26e642e803cbb83110b1f7442ee0d88b8f2ff952f2a9e9b6d63c59167e61807f6d2f25518,08/28/2025 11:42:00 PM,2,DRIVER,,2039222,,JEEP,COMPASS,IL,2024,UNKNOWN,SPORT UTILITY VEHICLE (SUV),PERSONAL,W,STRAIGHT AHEAD,Y,,1,,ENTERPRISE,UNKNOWN,,,,,,,,,,,,,Y,,FRONT,,,,,,,,,,,,,,,,,,,,,,,,,,,,,,,,,
2139209,dfeff5ff3359b12cce98b75d6318d4ae7a6885967e2ef6c1b71d39225c025c86b2bb02d4f8c03bd831e3202c00f16a127693324c7facabe45f727e3b92ca0873,08/28/2025 11:40:00 PM,1,DRIVER,,2039230,Y,FORD,OTHER (EXPLAIN IN NARRATIVE),IL,2017,NONE,BUS UP TO 15 PASS.,COMMERCIAL - SINGLE UNIT,E,CHANGING LANES,,,1,,,,,,,Y,Y,,,,,,,,,,SIDE-RIGHT,,,,,,,,,,,,,,,,,,,,,,,,,,,,,,,,,
2139210,dfeff5ff3359b12cce98b75d6318d4ae7a6885967e2ef6c1b71d39225c025c86b2bb02d4f8c03bd831e3202c00f16a127693324c7facabe45f727e3b92ca0873,08/28/2025 11:40:00 PM,2,DRIVER,,2039236,,TESLA,MODEL 3,FL,2022,NONE,PASSENGER,PERSONAL,E,CHANGING LANES,,,1,,,,,,,,,,,,,,,Y,,,SIDE-LEFT-FRONT,,,,,,,,,,,,,,,,,,,,,,,,,,,,,,,,,
2139232,897fd8eb89b902ef47e6da353cc28b6c5ae454abdf4f49c1504be8e51f2a997537d8e91b704ca3970399ec671a3bc46ade7a9e21df3345c92ee14d4eceb8e036,08/28/2025 11:30:00 PM,1,DRIVER,,2039252,,UNKNOWN,OTHER (EXPLAIN IN NARRATIVE),,,UNKNOWN,SPORT UTILITY VEHICLE (SUV),UNKNOWN/NA,N,TURNING RIGHT,,,1,,,,,,,,,,,,,,,,,Y,UNKNOWN,,,,,,,,,,,,,,,,,,,,,,,,,,,,,,,,,
2139233,897fd8eb89b902ef47e6da353cc28b6c5ae454abdf4f49c1504be8e51f2a997537d8e91b704ca3970399ec671a3bc46ade7a9e21df3345c92ee14d4eceb8e036,08/28/2025 11:30:00 PM,2,DRIVER,1,2039250,,TOYOTA,PRIUS,IL,,UNKNOWN,PASSENGER,PERSONAL,N,SLOW/STOP IN TRAFFIC,,,2,,,,,,,,,,Y,,,,,Y,,,FRONT-LEFT-CORNER,,,,,,,,,,,,,,,,,,,,,,,,,,,,,,,,,
2139211,d969891d0906ce42970e4cf5d3bbfdd42974d1627aa509207d76269c76707422be277b6dcc7912a346683313abef2ce2a2b06d79be84de85cda4732994699922,08/28/2025 11:30:00 PM,1,DRIVER,,2039229,,MAZDA,MAZDA3,,2016,UNKNOWN,PASSENGER,PERSONAL,E,STRAIGHT AHEAD,Y,,1,,PRIVATE COMPANY,,,Y,Y,,,,,,,,Y,Y,Y,,UNKNOWN,,,,,,,,,,,,,,,,,,,,,,,,,,,,,,,,,
2139212,d969891d0906ce42970e4cf5d3bbfdd42974d1627aa509207d76269c76707422be277b6dcc7912a346683313abef2ce2a2b06d79be84de85cda4732994699922,08/28/2025 11:30:00 PM,2,PARKED,,2039232,,JEEP,COMPASS,IL,2019,UNKNOWN,PASSENGER,NOT IN USE,UNKNOWN,PARKED,,,0,,,,,,,,,,,,,N,Y,Y,Y,,UNKNOWN,,,,,,,,,,,,,,,,,,,,,,,,,,,,,,,,,
2139388,57ea24c05be95254541d2d39c478f92074a72a38696e0a8aa1fcc0c9ba25c6dacaffb1031cb6b7b58cce072210f1cb7905a34d8897bd3259cf47f5211d1d8276,08/28/2025 11:15:00 PM,1,DRIVER,2,2039404,,TOYOTA,OTHER (EXPLAIN IN NARRATIVE),IL,2014,UNKNOWN,UNKNOWN/NA,TAXI/FOR HIRE,N,STRAIGHT AHEAD,,,3,,,,,,,,,,,Y,,,,,,,REAR-LEFT-CORNER,,,,,,,,,,,,,,,,,,,,,,,,,,,,,,,,,
2139389,57ea24c05be95254541d2d39c478f92074a72a38696e0a8aa1fcc0c9ba25c6dacaffb1031cb6b7b58cce072210f1cb7905a34d8897bd3259cf47f5211d1d8276,08/28/2025 11:15:00 PM,2,DRIVER,,2039414,,LAND ROVER,OTHER (EXPLAIN IN NARRATIVE),IL,1994,UNKNOWN,SPORT UTILITY VEHICLE (SUV),PERSONAL,N,STRAIGHT AHEAD,,,1,,,,,,,Y,,,,,,,,,,,SIDE-RIGHT,,,,,,,,,,,,,,,,,,,,,,,,,,,,,,,,,
2139196,45aaf293171e2ae3f00f6c84cf035640124185c5a330ca61660d718a0b218b408a207fc3b6cdf5f96343e7fb11fc09a9eba8b65df00f3f1f88afc86864716cf6,08/28/2025 11:00:00 PM,1,DRIVER,,2039220,,FORD,MUSTANG,IL,2007,UNKNOWN,PASSENGER,PERSONAL,S,STRAIGHT AHEAD,Y,,1,,PRIVATE INSURANCE,,,Y,,,,,,,,,,Y,Y,,FRONT,,,,,,,,,,,,,,,,,,,,,,,,,,,,,,,,,
2139197,45aaf293171e2ae3f00f6c84cf035640124185c5a330ca61660d718a0b218b408a207fc3b6cdf5f96343e7fb11fc09a9eba8b65df00f3f1f88afc86864716cf6,08/28/2025 11:00:00 PM,2,DRIVER,,2039223,,HYUNDAI,KONA,MD,2025,UNKNOWN,PASSENGER,PERSONAL,S,STRAIGHT AHEAD,,,1,,,,,,,,,Y,Y,Y,,,,,,,REAR,,,,,,,,,,,,,,,,,,,,,,,,,,,,,,,,,
2140288,272083328eee04134a4191d67a5744d04dd5965f981e4cb5ec45ef6a856ab33186ccf5ba7ea7f8b1efb0726840e311cfaaa7caf5b22675c5228395900e29a4c7,08/28/2025 10:52:00 PM,1,DRIVER,,2040268,,FORD,OTHER (EXPLAIN IN NARRATIVE),MO,2015,UNKNOWN,UNKNOWN/NA,UNKNOWN/NA,E,BACKING,,,1,,,,,,,,,Y,,,,,,,,,REAR-RIGHT-CORNER,,,,,,,,,,,,,,,,,,,,,,,,,,,,,,,,,
2140289,272083328eee04134a4191d67a5744d04dd5965f981e4cb5ec45ef6a856ab33186ccf5ba7ea7f8b1efb0726840e311cfaaa7caf5b22675c5228395900e29a4c7,08/28/2025 10:52:00 PM,2,PARKED,,2040272,,HONDA,CR-V,IL,2015,UNKNOWN,UNKNOWN/NA,UNKNOWN/NA,E,PARKED,,,0,,,,,Y,,,,,,,,,,,,,FRONT-RIGHT-CORNER,,,,,,,,,,,,,,,,,,,,,,,,,,,,,,,,,
2139198,c2e3efe675b8326e056269212a8bdb05656f54004ece04d9233fe78f9fdd1ea35c290a26e1a298e8a101e344e7a75a405da5b5d8eee3372bef7390dc85ea26de,08/28/2025 10:48:00 PM,1,DRIVER,,2039216,,UNKNOWN,OTHER (EXPLAIN IN NARRATIVE),,,UNKNOWN,PASSENGER,UNKNOWN/NA,UNKNOWN,UNKNOWN/NA,,,1,,,,,,,,,,,,,,,,,Y,SIDE-LEFT,,,,,,,,,,,,,,,,,,,,,,,,,,,,,,,,,
2139199,c2e3efe675b8326e056269212a8bdb05656f54004ece04d9233fe78f9fdd1ea35c290a26e1a298e8a101e344e7a75a405da5b5d8eee3372bef7390dc85ea26de,08/28/2025 10:48:00 PM,2,DRIVER,2,2039217,,CHEVROLET,EQUINOX,IL,2023,UNKNOWN,SPORT UTILITY VEHICLE (SUV),RIDESHARE SERVICE,N,STRAIGHT AHEAD,,,3,,,,,,,Y,Y,Y,,,,,,,,,SIDE-RIGHT-REAR,,,,,,,,,,,,,,,,,,,,,,,,,,,,,,,,,
2139206,d2929d0db7542b2d80b975fb033d9fde6143a371dbb8abf34afa236634754b68e0fe6cbb106de22feb84329c7da93e342789b618ddc80897687fc16805d62ef6,08/28/2025 10:30:00 PM,1,BICYCLE,,,,,,,,,,,,,,,,,,,,,,,,,,,,,,,,,,,,,,,,,,,,,,,,,,,,,,,,,,,,,,,,,,
2139207,d2929d0db7542b2d80b975fb033d9fde6143a371dbb8abf34afa236634754b68e0fe6cbb106de22feb84329c7da93e342789b618ddc80897687fc16805d62ef6,08/28/2025 10:30:00 PM,2,DRIVER,,2039225,,FORD,F150,IL,2024,NONE,PICKUP,PERSONAL,E,TURNING RIGHT,,,1,,,,,,,,,,,,,,Y,Y,N,,FRONT-LEFT-CORNER,,,,,,,,,,,,,,,,,,,,,,,,,,,,,,,,,
2139208,d2929d0db7542b2d80b975fb033d9fde6143a371dbb8abf34afa236634754b68e0fe6cbb106de22feb84329c7da93e342789b618ddc80897687fc16805d62ef6,08/28/2025 10:30:00 PM,3,DRIVER,,2039227,,TESLA,MODEL X,IL,2023,NONE,PASSENGER,PERSONAL,S,STRAIGHT AHEAD,,,1,,,,,Y,Y,,,,,,,,,,,,FRONT-RIGHT-CORNER,,,,,,,,,,,,,,,,,,,,,,,,,,,,,,,,,
2139192,08da42637013350ec8d52d3ea5c118b213b41a3558bfd5995e0a6100c6a6fe33419d30773c0c19bee8a493f92ffbec3372fb9b50364fb138f9eb49a1a7238596,08/28/2025 10:16:00 PM,1,DRIVER,,2039211,,UNKNOWN,MOTORIZED,IL,,UNKNOWN,PASSENGER,UNKNOWN/NA,E,STRAIGHT AHEAD,,,1,,,,,Y,,,,,,,,,,Y,Y,,FRONT,,,,,,,,,,,,,,,,,,,,,,,,,,,,,,,,,
2139193,08da42637013350ec8d52d3ea5c118b213b41a3558bfd5995e0a6100c6a6fe33419d30773c0c19bee8a493f92ffbec3372fb9b50364fb138f9eb49a1a7238596,08/28/2025 10:16:00 PM,2,DRIVER,1,2039214,,HONDA,CIVIC,IL,2012,UNKNOWN,PASSENGER,PERSONAL,E,STRAIGHT AHEAD,,,2,,,,,,,,,,Y,Y,Y,,,,,,REAR,,,,,,,,,,,,,,,,,,,,,,,,,,,,,,,,,
2139186,32eb4216b5af5af5337bbded5e85e1ba43e0b7b44b24445c7c5eabf8a3a1a11337c6d6525b460b83c8c89dd9cfbe762e731c4e22a429444c77070c8fe1a678c0,08/28/2025 10:01:00 PM,1,DRIVER,,2039207,,SUBARU,WRX,IL,2019,UNKNOWN,PASSENGER,PERSONAL,S,STRAIGHT AHEAD,,,1,,,,,Y,,,,,,,,,,Y,Y,,FRONT,,,,,,,,,,,,,,,,,,,,,,,,,,,,,,,,,
2139187,32eb4216b5af5af5337bbded5e85e1ba43e0b7b44b24445c7c5eabf8a3a1a11337c6d6525b460b83c8c89dd9cfbe762e731c4e22a429444c77070c8fe1a678c0,08/28/2025 10:01:00 PM,2,DRIVER,,2039209,,TOYOTA,COROLLA,IL,2024,NONE,PASSENGER,PERSONAL,S,SLOW/STOP IN TRAFFIC,,,1,,,,,,,,,Y,Y,Y,,,,,,,REAR,,,,,,,,,,,,,,,,,,,,,,,,,,,,,,,,,
2139180,9959fbcffb4f3c5c15beaacaade5abcf13e3c67183f676037095a0e125007360ce41742606d316b43e70d002ca88a72c2839ac85b280252fe666e7464e214e10,08/28/2025 10:00:00 PM,1,DRIVER,,2039203,,JEEP,GRAND CHEROKEE,IL,2014,NONE,PASSENGER,PERSONAL,E,SLOW/STOP IN TRAFFIC,,,1,,,,,,,,,,,,,,,Y,,,FRONT-LEFT-CORNER,,,,,,,,,,,,,,,,,,,,,,,,,,,,,,,,,
2139181,9959fbcffb4f3c5c15beaacaade5abcf13e3c67183f676037095a0e125007360ce41742606d316b43e70d002ca88a72c2839ac85b280252fe666e7464e214e10,08/28/2025 10:00:00 PM,2,DRIVER,,2039206,,NOVA BUS,LFS,IL,2020,NONE,BUS OVER 15 PASS.,CTA,N,TURNING LEFT,,,1,,,,,,,,,,,,,,,Y,,,FRONT-LEFT-CORNER,,,,,,,,,,,,,,,,,,,,,,,,,,,,,,,,,
2139150,a0bfeed8c2db567bcb3393165b72946c78b736f1f194af4dd7f10ce7a0e87ad13790d8f2005633c4a6f523c6b796560189d6e7f75eefbca33f2377abed0a640c,08/28/2025 09:50:00 PM,1,DRIVER,,2039167,,FORD,EDGE,,2014,UNKNOWN,SPORT UTILITY VEHICLE (SUV),UNKNOWN/NA,W,UNKNOWN/NA,,,1,,,,,,,,,,,,,,,,Y,,FRONT,,,,,,,,,,,,,,,,,,,,,,,,,,,,,,,,,
2139151,a0bfeed8c2db567bcb3393165b72946c78b736f1f194af4dd7f10ce7a0e87ad13790d8f2005633c4a6f523c6b796560189d6e7f75eefbca33f2377abed0a640c,08/28/2025 09:50:00 PM,2,DRIVER,1,2039170,,TOYOTA,COROLLA,,,UNKNOWN,PASSENGER,PERSONAL,W,SLOW/STOP IN TRAFFIC,,,2,,,,,,,,,,Y,,,,,,,,REAR,,,,,,,,,,,,,,,,,,,,,,,,,,,,,,,,,
2139170,b4948fcce2e450f1faa6ce4335b84a3a377085dd2e36109fe596ff0e6cdf42e5f7e096c3a00e2be2e9590604bb69af41c44540a71bf1cb501c8eb73ceac251c2,08/28/2025 09:45:00 PM,1,DRIVER,2,2039186,,TOYOTA,CROWN,IL,2025,UNKNOWN,SPORT UTILITY VEHICLE (SUV),UNKNOWN/NA,N,MERGING,,,3,,,,,Y,Y,N,,,,,,,,,,,SIDE-RIGHT-FRONT,,,,,,,,,,,,,,,,,,,,,,,,,,,,,,,,,
2139171,b4948fcce2e450f1faa6ce4335b84a3a377085dd2e36109fe596ff0e6cdf42e5f7e096c3a00e2be2e9590604bb69af41c44540a71bf1cb501c8eb73ceac251c2,08/28/2025 09:45:00 PM,2,DRIVER,1,2039192,,CHEVROLET,TAHOE,IL,2011,NONE,SPORT UTILITY VEHICLE (SUV),PERSONAL,N,STRAIGHT AHEAD,,,2,,,,,,,,,,,,Y,,,,,,SIDE-LEFT-REAR,,,,,,,,,,,,,,,,,,,,,,,,,,,,,,,,,
2139175,146fd3a21ee1d36f9e72629fd3e8d9564f0faa463ff9b750540cbc4ed42120bcaa39d8cd5de2a3ddb9a61aaf2028f2fde876ffa76af77ef3f92850be1e195941,08/28/2025 09:35:00 PM,1,DRIVER,,2039196,,CHEVROLET,TAHOE,,,UNKNOWN,UNKNOWN/NA,UNKNOWN/NA,N,STRAIGHT AHEAD,,,1,,,,,Y,Y,Y,,,,,,,,,,N,FRONT-RIGHT-CORNER,,,,,,,,,,,,,,,,,,,,,,,,,,,,,,,,,
2139176,146fd3a21ee1d36f9e72629fd3e8d9564f0faa463ff9b750540cbc4ed42120bcaa39d8cd5de2a3ddb9a61aaf2028f2fde876ffa76af77ef3f92850be1e195941,08/28/2025 09:35:00 PM,2,DRIVER,,2039197,,SUBARU,BRZ,IL,2013,UNKNOWN,UNKNOWN/NA,PERSONAL,N,STRAIGHT AHEAD,Y,,1,,PERSONAL TOW,,,Y,,,,,,,,Y,Y,Y,Y,,SIDE-LEFT,,,,,,,,,,,,,,,,,,,,,,,,,,,,,,,,,
2139157,48623e929e14686a875d7ee444a0e59ba1ee7d79a9d7790fe162f1fbd1741cad991aed0694c6cceab8db5d56a6b8d8a7ff0bad1b4669d3640d2b700bc6389818,08/28/2025 09:30:00 PM,1,DRIVER,,2039179,,INFINITI,G37,IL,2009,NONE,PASSENGER,PERSONAL,W,TURNING LEFT,,,1,,,,,Y,,,,,,,,,,,,,FRONT-RIGHT-CORNER,,,,,,,,,,,,,,,,,,,,,,,,,,,,,,,,,
2139158,48623e929e14686a875d7ee444a0e59ba1ee7d79a9d7790fe162f1fbd1741cad991aed0694c6cceab8db5d56a6b8d8a7ff0bad1b4669d3640d2b700bc6389818,08/28/2025 09:30:00 PM,2,DRIVER,,2039181,,JEEP,COMPASS,IL,2007,NONE,SPORT UTILITY VEHICLE (SUV),PERSONAL,W,TURNING LEFT,,,1,,,,,,,,,,,,Y,Y,Y,Y,,,SIDE-LEFT,,,,,,,,,,,,,,,,,,,,,,,,,,,,,,,,,