CRASH_UNIT_ID,CRASH_RECORD_ID,CRASH_DATE,UNIT_NO,UNIT_TYPE,NUM_PASSENGERS,VEHICLE_ID,CMRC_VEH_I,MAKE,MODEL,LIC_PLATE_STATE,VEHICLE_YEAR,VEHICLE_DEFECT,VEHICLE_TYPE,VEHICLE_USE,TRAVEL_DIRECTION,MANEUVER,TOWED_I,FIRE_I,OCCUPANT_CNT,EXCEED_SPEED_LIMIT_I,TOWED_BY,TOWED_TO,AREA_00_I,AREA_01_I,AREA_02_I,AREA_03_I,AREA_04_I,AREA_05_I,AREA_06_I,AREA_07_I,AREA_08_I,AREA_09_I,AREA_10_I,AREA_11_I,AREA_12_I,AREA_99_I,FIRST_CONTACT_POINT,CMV_ID,USDOT_NO,CCMC_NO,ILCC_NO,COMMERCIAL_SRC,GVWR,CARRIER_NAME,CARRIER_STATE,CARRIER_CITY,HAZMAT_PLACARDS_I,HAZMAT_NAME,UN_NO,HAZMAT_PRESENT_I,HAZMAT_REPORT_I,HAZMAT_REPORT_NO,MCS_REPORT_I,MCS_REPORT_NO,HAZMAT_VIO_CAUSE_CRASH_I,MCS_VIO_CAUSE_CRASH_I,IDOT_PERMIT_NO,WIDE_LOAD_I,TRAILER1_WIDTH,TRAILER2_WIDTH,TRAILER1_LENGTH,TRAILER2_LENGTH,TOTAL_VEHICLE_LENGTH,AXLE_CNT,VEHICLE_CONFIG,CARGO_BODY_TYPE,LOAD_TYPE,HAZMAT_OUT_OF_SERVICE_I,MCS_OUT_OF_SERVICE_I,HAZMAT_CLASS
2139173,73f81fbf8fedec76b27edbfd0655af0db728b5a3690e7e511ee2a1621829b2faa11613ca9167d7e04542ce7d4c6ffdab1d58b05685b1030b5718c34eb90f39f1,08/28/2025 09:30:00 PM,1,DRIVER,,2039193,,UNKNOWN,MOTORIZED,,,UNKNOWN,UNKNOWN/NA,UNKNOWN/NA,N,TURNING LEFT,,,1,,,,,,,,,,,,,,,,,,UNKNOWN,,,,,,,,,,,,,,,,,,,,,,,,,,,,,,,,,
2139174,73f81fbf8fedec76b27edbfd0655af0db728b5a3690e7e511ee2a1621829b2faa11613ca9167d7e04542ce7d4c6ffdab1d58b05685b1030b5718c34eb90f39f1,08/28/2025 09:30:00 PM,2,DRIVER,,2039198,,FORD,FUSION,IL,2010,NONE,PASSENGER,PERSONAL,S,STRAIGHT AHEAD,,,1,,,,,,,,,,,,Y,Y,Y,Y,,,SIDE-LEFT,,,,,,,,,,,,,,,,,,,,,,,,,,,,,,,,,
2139152,e577883524fb5a4c322b04e135467e724175c53f5780072a403906e47ed614074e537a76611f07a614c688e682601a752bb0e9376ab8d986196a14a06d11d6f6,08/28/2025 09:29:00 PM,1,DRIVER,,2039168,,CHEVROLET,EXPRESS,IL,2006,UNKNOWN,VAN/MINI-VAN,UNKNOWN/NA,NE,TURNING LEFT,,,1,,,,,N,,,,,,,,,,N,N,Y,UNKNOWN,,,,,,,,,,,,,,,,,,,,,,,,,,,,,,,,,
2139153,e577883524fb5a4c322b04e135467e724175c53f5780072a403906e47ed614074e537a76611f07a614c688e682601a752bb0e9376ab8d986196a14a06d11d6f6,08/28/2025 09:29:00 PM,2,PARKED,,2039172,,JEEP,GRAND CHEROKEE,IL,2006,UNKNOWN,SPORT UTILITY VEHICLE (SUV),PERSONAL,S,PARKED,,,0,,,,,Y,,,,Y,Y,Y,,,Y,Y,Y,Y,FRONT,,,,,,,,,,,,,,,,,,,,,,,,,,,,,,,,,
2139154,e577883524fb5a4c322b04e135467e724175c53f5780072a403906e47ed614074e537a76611f07a614c688e682601a752bb0e9376ab8d986196a14a06d11d6f6,08/28/2025 09:29:00 PM,3,PARKED,,2039176,,TOYOTA,RAV4,IL,2022,UNKNOWN,SPORT UTILITY VEHICLE (SUV),UNKNOWN/NA,S,PARKED,,,0,,,,,Y,,,,,,,,,,Y,Y,Y,FRONT,,,,,,,,,,,,,,,,,,,,,,,,,,,,,,,,,
2139133,468c9e1bcb150d666aa86b8f4a3e50469d69da3f31a71f8800cb66b9400615d7dd59a977799ffcf7ae7a639e37041bc6f27014c98f31eb7124357e94ede6ef5f,08/28/2025 09:20:00 PM,1,DRIVER,,2039247,,UNKNOWN,OTHER (EXPLAIN IN NARRATIVE),IL,,UNKNOWN,UNKNOWN/NA,UNKNOWN/NA,SE,SLOW/STOP IN TRAFFIC,,,1,,,,,,,,,,,Y,Y,Y,Y,Y,,,UNKNOWN,,,,,,,,,,,,,,,,,,,,,,,,,,,,,,,,,
2139134,468c9e1bcb150d666aa86b8f4a3e50469d69da3f31a71f8800cb66b9400615d7dd59a977799ffcf7ae7a639e37041bc6f27014c98f31eb7124357e94ede6ef5f,08/28/2025 09:20:00 PM,2,DRIVER,1,2039251,,KIA,SEDONA,IL,2015,UNKNOWN,VAN/MINI-VAN,PERSONAL,NW,SLOW/STOP IN TRAFFIC,,,2,,,,,,,,,,Y,Y,Y,,,,,,SIDE-LEFT-REAR,,,,,,,,,,,,,,,,,,,,,,,,,,,,,,,,,
2139177,ccfd2a6f269f745fa3cd1c65fe9d63aa87ca8c22a369f2902f78dc6c312254d8c4dbb88622c0ec58523a5bd228bd24bf0d4ae3372cb6e1061440819c7db56338,08/28/2025 09:20:00 PM,1,DRIVER,,2039195,,UNKNOWN,OTHER (EXPLAIN IN NARRATIVE),IL,,UNKNOWN,UNKNOWN/NA,UNKNOWN/NA,E,TURNING LEFT,,,1,,,,,Y,,,,,,,,,,Y,Y,Y,FRONT,,,,,,,,,,,,,,,,,,,,,,,,,,,,,,,,,
2139178,ccfd2a6f269f745fa3cd1c65fe9d63aa87ca8c22a369f2902f78dc6c312254d8c4dbb88622c0ec58523a5bd228bd24bf0d4ae3372cb6e1061440819c7db56338,08/28/2025 09:20:00 PM,2,DRIVER,,2039199,,MAZDA,MAZDA6,IL,2014,NONE,PASSENGER,UNKNOWN/NA,E,STRAIGHT AHEAD,Y,,1,,,,,,,,,,,,,N,Y,Y,,,SIDE-LEFT-FRONT,,,,,,,,,,,,,,,,,,,,,,,,,,,,,,,,,
2139479,def50f4cbb7cb211bd9e7eec24f0aee2693c8c03f57b16d5587edf2fc48cd33efc77b73dbb9ee2c8c4970cc0f1c280d746f0a1cca93e399ac62805a4b5db47a4,08/28/2025 09:20:00 PM,1,DRIVER,,2039488,,UNKNOWN,MOTORIZED,,,NONE,PASSENGER,UNKNOWN/NA,W,STRAIGHT AHEAD,,,1,,,,,,,,,,,,,,,,,Y,UNKNOWN,,,,,,,,,,,,,,,,,,,,,,,,,,,,,,,,,
2139480,def50f4cbb7cb211bd9e7eec24f0aee2693c8c03f57b16d5587edf2fc48cd33efc77b73dbb9ee2c8c4970cc0f1c280d746f0a1cca93e399ac62805a4b5db47a4,08/28/2025 09:20:00 PM,2,BICYCLE,,,,,,,,,,,,,,,,,,,,,,,,,,,,,,,,,,,,,,,,,,,,,,,,,,,,,,,,,,,,,,,,,,
2139202,4e6b6d7b8e69bbb17733cadb981376d540e89c5d663f78e16123b1adf1d0e2ba7600d9c179a5f534b6ba7b2298f4331c86e291cdab9bfd9f7829be56847ef0ff,08/28/2025 09:17:00 PM,1,DRIVER,,2039224,,FORD,F150,IL,,UNKNOWN,PICKUP,PERSONAL,N,BACKING,,,1,,,,,,,,,,,,,,,,,Y,REAR,,,,,,,,,,,,,,,,,,,,,,,,,,,,,,,,,
2139203,4e6b6d7b8e69bbb17733cadb981376d540e89c5d663f78e16123b1adf1d0e2ba7600d9c179a5f534b6ba7b2298f4331c86e291cdab9bfd9f7829be56847ef0ff,08/28/2025 09:17:00 PM,2,DRIVER,,2039226,,VOLKSWAGEN,JETTA,IL,2015,NONE,PASSENGER,PERSONAL,S,STRAIGHT AHEAD,Y,,1,,PRIVATE TOW,PRIVATE TOW,,Y,,,,,,,,,,Y,Y,,FRONT,,,,,,,,,,,,,,,,,,,,,,,,,,,,,,,,,
2139138,60942b878d021cddfae29ac015287ffe74d1b01b0cbc979216169a1617f328d38469b82d27eb763acecaf7d7d84046a3773c7daa3dbb0691f7047fb9e11a1a61,08/28/2025 09:02:00 PM,1,NON-MOTOR VEHICLE,,,,,,,,,,,,,,,,,,,,,,,,,,,,,,,,,,,,,,,,,,,,,,,,,,,,,,,,,,,,,,,,,,
2139143,60942b878d021cddfae29ac015287ffe74d1b01b0cbc979216169a1617f328d38469b82d27eb763acecaf7d7d84046a3773c7daa3dbb0691f7047fb9e11a1a61,08/28/2025 09:02:00 PM,2,DRIVER,1,2039159,,TOYOTA,RAV4,IL,2020,UNKNOWN,PASSENGER,RIDESHARE SERVICE,S,STRAIGHT AHEAD,,,2,,,,,,,,,,,,,,,,,,FRONT,,,,,,,,,,,,,,,,,,,,,,,,,,,,,,,,,
2139165,5adb874aec8b4f2f50de589ab90733bd064571a6e97e18e5199529ece99b944655c5e84292c1875c89dd42680b96a96da50f6a0bd8c8f2f0f95f1505627a1a78,08/28/2025 08:50:00 PM,1,DRIVER,,2039180,,NISSAN,SENTRA,IL,2015,NONE,PASSENGER,PERSONAL,S,STRAIGHT AHEAD,,,1,,,,,Y,,,,,,,,,,Y,Y,,FRONT,,,,,,,,,,,,,,,,,,,,,,,,,,,,,,,,,
2139166,5adb874aec8b4f2f50de589ab90733bd064571a6e97e18e5199529ece99b944655c5e84292c1875c89dd42680b96a96da50f6a0bd8c8f2f0f95f1505627a1a78,08/28/2025 08:50:00 PM,2,DRIVER,,2039185,,NISSAN,ALTIMA,IL,2016,NONE,PASSENGER,PERSONAL,S,SLOW/STOP IN TRAFFIC,,,1,,,,,Y,,,,Y,Y,Y,,,,Y,Y,,REAR,,,,,,,,,,,,,,,,,,,,,,,,,,,,,,,,,
2139167,5adb874aec8b4f2f50de589ab90733bd064571a6e97e18e5199529ece99b944655c5e84292c1875c89dd42680b96a96da50f6a0bd8c8f2f0f95f1505627a1a78,08/28/2025 08:50:00 PM,3,DRIVER,,2039190,,TOYOTA,HIGHLANDER,IL,2016,NONE,PASSENGER,PERSONAL,S,SLOW/STOP IN TRAFFIC,,,1,,,,,,,,,Y,Y,Y,,,,,,,REAR,,,,,,,,,,,,,,,,,,,,,,,,,,,,,,,,,
2139148,8bb1864952b2595961071cad5a93728825f9b835d227a886c823c860818096cb433e016cd6c876ef15f0c09bb9d3ef0254fc4f3fccadc2761179fc1658cd81de,08/28/2025 08:49:00 PM,1,DRIVER,,2039166,,CHEVROLET,IMPALA,IN,2009,UNKNOWN,PASSENGER,PERSONAL,W,MERGING,Y,,1,,PRIVATE,UNK,,,,,,,,,,,Y,Y,,,FRONT-LEFT-CORNER,,,,,,,,,,,,,,,,,,,,,,,,,,,,,,,,,
2139149,8bb1864952b2595961071cad5a93728825f9b835d227a886c823c860818096cb433e016cd6c876ef15f0c09bb9d3ef0254fc4f3fccadc2761179fc1658cd81de,08/28/2025 08:49:00 PM,2,DRIVER,,2039183,,TOYOTA,RAV4,IA,2021,UNKNOWN,PASSENGER,PERSONAL,W,STRAIGHT AHEAD,,,1,,,,,Y,Y,Y,,,,,,,,,,,FRONT-RIGHT-CORNER,,,,,,,,,,,,,,,,,,,,,,,,,,,,,,,,,
2139155,571d46f6ef4cd183555c613a57484ab712475e16a304465ef7cc4feb344290ab1a5dc45cb2dd6fd69766e2eb0b085a896a3181c69fa6f8cce3be29758addcddc,08/28/2025 08:37:00 PM,1,DRIVER,,2039184,,ACURA,TLX,IL,2020,NONE,PASSENGER,PERSONAL,W,STRAIGHT AHEAD,,,1,,,,,,,,,,,Y,,,,,,,REAR,,,,,,,,,,,,,,,,,,,,,,,,,,,,,,,,,
2139156,571d46f6ef4cd183555c613a57484ab712475e16a304465ef7cc4feb344290ab1a5dc45cb2dd6fd69766e2eb0b085a896a3181c69fa6f8cce3be29758addcddc,08/28/2025 08:37:00 PM,2,DRIVER,,2039191,,BMW,BMW,IL,2013,NONE,PASSENGER,PERSONAL,N,STRAIGHT AHEAD,,,1,,,,,Y,,,,,,,,,,,,,FRONT-RIGHT-CORNER,,,,,,,,,,,,,,,,,,,,,,,,,,,,,,,,,
2139139,8de5a4ab324e65c68bc8d03f1c960dad5ee853ed56a396dfa911068412dbc4bdde332fd28b451e9d2ebb4ed0dacaa4b6221e2272e2d2c248c6c2b4244604861a,08/28/2025 08:30:00 PM,1,DRIVER,,2039161,,MERCEDES-BENZ,OTHER (EXPLAIN IN NARRATIVE),IL,2022,UNKNOWN,PASSENGER,UNKNOWN/NA,W,STRAIGHT AHEAD,,,1,,,,,,,,,,,,,,,,,Y,FRONT,,,,,,,,,,,,,,,,,,,,,,,,,,,,,,,,,
2139140,8de5a4ab324e65c68bc8d03f1c960dad5ee853ed56a396dfa911068412dbc4bdde332fd28b451e9d2ebb4ed0dacaa4b6221e2272e2d2c248c6c2b4244604861a,08/28/2025 08:30:00 PM,2,DRIVER,,2039169,,TOYOTA,VENZA,IL,2021,NONE,PASSENGER,PERSONAL,W,STRAIGHT AHEAD,,,1,,,,,,,,,Y,Y,Y,,,,,,,REAR,,,,,,,,,,,,,,,,,,,,,,,,,,,,,,,,,
2139200,c50461e879c14a877d8fe3e6773ce8fc9c62b4b845a12f6930cf041833d2989b2982f44d348ec73c923d0a9c0c73f81d3a9aefeefdfc08b7bcd8223f06f0aa09,08/28/2025 08:30:00 PM,1,DRIVER,,2039219,,TOYOTA,OTHER (EXPLAIN IN NARRATIVE),IL,,UNKNOWN,PASSENGER,UNKNOWN/NA,W,STRAIGHT AHEAD,,,1,,,,,Y,Y,Y,Y,Y,,,,,,,,,UNKNOWN,,,,,,,,,,,,,,,,,,,,,,,,,,,,,,,,,
2139201,c50461e879c14a877d8fe3e6773ce8fc9c62b4b845a12f6930cf041833d2989b2982f44d348ec73c923d0a9c0c73f81d3a9aefeefdfc08b7bcd8223f06f0aa09,08/28/2025 08:30:00 PM,2,PARKED,,2039231,,BUICK,ENCLAVE,IL,2014,UNKNOWN,SPORT UTILITY VEHICLE (SUV),RIDESHARE SERVICE,W,PARKED,,,0,,,,,,,,,,,Y,,,,,,,SIDE-RIGHT-REAR,,,,,,,,,,,,,,,,,,,,,,,,,,,,,,,,,
2139237,fde8100f54cf838ed11d559d1cfec88e1b71c0e5d0d5f9477cf92a4d4ec8421fb3c768254ca5b825119911de2ac26e81291a8857d6aafcc00706e8427f144e87,08/28/2025 08:30:00 PM,2,PARKED,,2039257,,CHRYSLER,300,IL,2014,UNKNOWN,PASSENGER,PERSONAL,N,PARKED,,,0,,,,,Y,,,,,,,,,,Y,Y,,FRONT,,,,,,,,,,,,,,,,,,,,,,,,,,,,,,,,,
2139238,fde8100f54cf838ed11d559d1cfec88e1b71c0e5d0d5f9477cf92a4d4ec8421fb3c768254ca5b825119911de2ac26e81291a8857d6aafcc00706e8427f144e87,08/28/2025 08:30:00 PM,1,DRIVER,,2039256,,UNKNOWN,OTHER (EXPLAIN IN NARRATIVE),IL,,UNKNOWN,UNKNOWN/NA,UNKNOWN/NA,UNKNOWN,UNKNOWN/NA,,,1,,,,,,,,,,,,,,,,,Y,UNKNOWN,,,,,,,,,,,,,,,,,,,,,,,,,,,,,,,,,
2139131,82ef25ecc157cac4cc19d2f252a6eca70df5d6ec51a604258cb8c5d6beb91025ed65192194b3c77865086ed465fc93c9639e9e94405885bfc73379e86c5959b7,08/28/2025 08:28:00 PM,1,DRIVER,,2039153,,TOYOTA,CAMRY,IL,2015,NONE,PASSENGER,PERSONAL,E,BACKING,,,1,,,,,,,,,,,,,,,,,,REAR,,,,,,,,,,,,,,,,,,,,,,,,,,,,,,,,,
2139132,82ef25ecc157cac4cc19d2f252a6eca70df5d6ec51a604258cb8c5d6beb91025ed65192194b3c77865086ed465fc93c9639e9e94405885bfc73379e86c5959b7,08/28/2025 08:28:00 PM,2,DRIVER,4,2039155,,HONDA,PILOT,IL,2012,NONE,PASSENGER,PERSONAL,W,SLOW/STOP IN TRAFFIC,,,5,,,,,,,,,,,,,,,,,,FRONT,,,,,,,,,,,,,,,,,,,,,,,,,,,,,,,,,
2139168,501d716277c112db342d3725b4aad9d59d39d2ea818af93aab1985f4d6eb72609de1f491ae920fe15868461b60f320098955338d2e1c89a06b9c35d027f9f871,08/28/2025 08:20:00 PM,1,DRIVER,,2039188,,HONDA,CIVIC,IL,2010,UNKNOWN,PASSENGER,PERSONAL,N,STRAIGHT AHEAD,,,1,,,,,Y,,,,,,,,,,Y,Y,,FRONT,,,,,,,,,,,,,,,,,,,,,,,,,,,,,,,,,
2139169,501d716277c112db342d3725b4aad9d59d39d2ea818af93aab1985f4d6eb72609de1f491ae920fe15868461b60f320098955338d2e1c89a06b9c35d027f9f871,08/28/2025 08:20:00 PM,2,DRIVER,1,2039194,,FORD,TAURUS,IL,2005,UNKNOWN,PASSENGER,UNKNOWN/NA,E,TURNING LEFT,,,2,,,,,,,Y,Y,Y,,,,,,,,,SIDE-RIGHT-REAR,,,,,,,,,,,,,,,,,,,,,,,,,,,,,,,,,
2139161,e37455d79c511cf090ae121b59534d4404efc286e1d870977d9fe88a5c264a3dd00de186b75d363f40be848cb47a75bec57774a21093afafbab49002f0d86dba,08/28/2025 08:10:00 PM,1,DRIVER,,2039200,,TOYOTA,CAMRY,,2015,UNKNOWN,PASSENGER,PERSONAL,N,STRAIGHT AHEAD,,,1,,,,,,,,,,,,,,,,,,FRONT,,,,,,,,,,,,,,,,,,,,,,,,,,,,,,,,,
2139162,e37455d79c511cf090ae121b59534d4404efc286e1d870977d9fe88a5c264a3dd00de186b75d363f40be848cb47a75bec57774a21093afafbab49002f0d86dba,08/28/2025 08:10:00 PM,2,DRIVER,2,2039182,,KIA,OPTIMA / K5,IL,2025,UNKNOWN,PASSENGER,PERSONAL,S,SLOW/STOP IN TRAFFIC,,,3,,,,,,,,,,Y,,,,,,,,REAR,,,,,,,,,,,,,,,,,,,,,,,,,,,,,,,,,
2139100,a7489bca6c88a04d0cec794744997453b63b7d0f805d762ac9d67f17151e1df8f934bcc1dbca0cd6c858bbc85a0c5fca83903dbf5f40eb5876b703eb91b64e02,08/28/2025 08:00:00 PM,1,DRIVER,,2039128,,TOYOTA,RAV4,IL,2023,NONE,PASSENGER,PERSONAL,UNKNOWN,STRAIGHT AHEAD,,,1,,,,,Y,,,,,,,,,,Y,Y,,FRONT,,,,,,,,,,,,,,,,,,,,,,,,,,,,,,,,,
2139101,a7489bca6c88a04d0cec794744997453b63b7d0f805d762ac9d67f17151e1df8f934bcc1dbca0cd6c858bbc85a0c5fca83903dbf5f40eb5876b703eb91b64e02,08/28/2025 08:00:00 PM,2,DRIVER,,2039130,,JAGUAR,XF,IL,2017,NONE,PASSENGER,PERSONAL,UNKNOWN,STRAIGHT AHEAD,,,1,,,,,,,,,Y,Y,Y,,,,,,,REAR,,,,,,,,,,,,,,,,,,,,,,,,,,,,,,,,,
2139120,b31bd8ecf213493cbad7e70db6207428abb8c79f092e30755f8a4142dbc692127b947e4cd940a602dcb7c958a3eab2bdc6177fd16a24ba5178c0d025606b5fbc,08/28/2025 08:00:00 PM,1,DRIVER,,2039141,,UNKNOWN,OTHER (EXPLAIN IN NARRATIVE),XX,,UNKNOWN,SPORT UTILITY VEHICLE (SUV),UNKNOWN/NA,S,STRAIGHT AHEAD,,,1,,,,,,,,,,,,,,,N,,Y,FRONT,,,,,,,,,,,,,,,,,,,,,,,,,,,,,,,,,
2139125,b31bd8ecf213493cbad7e70db6207428abb8c79f092e30755f8a4142dbc692127b947e4cd940a602dcb7c958a3eab2bdc6177fd16a24ba5178c0d025606b5fbc,08/28/2025 08:00:00 PM,2,PEDESTRIAN,,,,,,,,,,,,,,,,,,,,,,,,,,,,,,,,,,,,,,,,,,,,,,,,,,,,,,,,,,,,,,,,,,
2139588,50db328a3a5644a6af24d25b83053433b1ad33eb4195f1081e575f526810ba693e60bcaea16b3394688bff104554af8f299e7145ae0f77cdc030b7cb4aecdde6,08/28/2025 07:58:00 PM,1,DRIVER,,2039595,,UNKNOWN,OTHER (EXPLAIN IN NARRATIVE),IL,,UNKNOWN,PICKUP,PERSONAL,E,STRAIGHT AHEAD,,,1,,,,,,,,,,,,,,,,,Y,UNKNOWN,,,,,,,,,,,,,,,,,,,,,,,,,,,,,,,,,
2139589,50db328a3a5644a6af24d25b83053433b1ad33eb4195f1081e575f526810ba693e60bcaea16b3394688bff104554af8f299e7145ae0f77cdc030b7cb4aecdde6,08/28/2025 07:58:00 PM,2,PARKED,,2039596,,TOYOTA,RAV4,IL,2018,NONE,SPORT UTILITY VEHICLE (SUV),NOT IN USE,E,PARKED,,,0,,,,,Y,,,,Y,,,,,,Y,Y,,REAR-RIGHT-CORNER,,,,,,,,,,,,,,,,,,,,,,,,,,,,,,,,,
2139106,7ba759887df350cc13db69723eb2a52f07121481aeab677d98b9b550a046337f760a476e0967d188e6b00c85f28aab03d5e904c9fb718f1b43fa2e48f4f7c3f7,08/28/2025 07:50:00 PM,1,DRIVER,,2039135,,FORD,FUSION,,2017,UNKNOWN,PASSENGER,UNKNOWN/NA,W,TURNING RIGHT,,,1,,,,,,,,,,,,,,,,Y,,FRONT,,,,,,,,,,,,,,,,,,,,,,,,,,,,,,,,,
2139107,7ba759887df350cc13db69723eb2a52f07121481aeab677d98b9b550a046337f760a476e0967d188e6b00c85f28aab03d5e904c9fb718f1b43fa2e48f4f7c3f7,08/28/2025 07:50:00 PM,2,DRIVER,,2039137,,KIA,SORENTO,IL,2012,UNKNOWN,UNKNOWN/NA,UNKNOWN/NA,N,STRAIGHT AHEAD,,,1,,,,,Y,Y,Y,,,,,,,,,,,SIDE-RIGHT,,,,,,,,,,,,,,,,,,,,,,,,,,,,,,,,,
2139110,c62a8ba9b78b9e8f4f6e1b3bd5dbdbb479dca0f252137e75e059c868473f64033fe730de90315e66c37c661dd1fcd3fb04524f3e382f239e72d0a26b39cf2215,08/28/2025 07:50:00 PM,1,DRIVER,,2039140,,NISSAN,ALTIMA,IL,2016,UNKNOWN,PASSENGER,PERSONAL,W,BACKING,,,1,,,,,,,,,,Y,N,,,,,,,REAR,,,,,,,,,,,,,,,,,,,,,,,,,,,,,,,,,
2139111,c62a8ba9b78b9e8f4f6e1b3bd5dbdbb479dca0f252137e75e059c868473f64033fe730de90315e66c37c661dd1fcd3fb04524f3e382f239e72d0a26b39cf2215,08/28/2025 07:50:00 PM,2,PARKED,1,2039146,,HYUNDAI,ELANTRA,IL,2021,NONE,PASSENGER,PERSONAL,W,PARKED,,,1,,,,,,,,,,Y,Y,,,,,,,REAR-LEFT-CORNER,,,,,,,,,,,,,,,,,,,,,,,,,,,,,,,,,
2139084,10c4ed165f6007a519a21b051293a5528e890a266b070fb66d302e910152848304708337146a53f4cff632b34817a0b14bdc5e4da094b0d815fa25e0fd29a4f7,08/28/2025 07:40:00 PM,1,DRIVER,,2039109,,CHEVROLET,TRAIL BLAZER,IL,2008,NONE,SPORT UTILITY VEHICLE (SUV),PERSONAL,UNKNOWN,BACKING,,,1,,,,,,,,,,Y,,,,,,,,REAR,,,,,,,,,,,,,,,,,,,,,,,,,,,,,,,,,
2139085,10c4ed165f6007a519a21b051293a5528e890a266b070fb66d302e910152848304708337146a53f4cff632b34817a0b14bdc5e4da094b0d815fa25e0fd29a4f7,08/28/2025 07:40:00 PM,2,DRIVER,,2039123,,AUDI,Q5,IL,2021,NONE,SPORT UTILITY VEHICLE (SUV),PERSONAL,UNKNOWN,SLOW/STOP IN TRAFFIC,,,1,,,,,,,,,,,,,,,,Y,,FRONT,,,,,,,,,,,,,,,,,,,,,,,,,,,,,,,,,
2139135,c88eaf1631a25122b150690d2c2098f6eb4f933124d2ab8379955c5b0206fb68698acdd97e439968325fdda6e2e0fd7a6634d4d1939bac79263688cda5113718,08/28/2025 07:40:00 PM,1,DRIVER,,2039164,,VOLKSWAGEN,TOUAREG,IL,,UNKNOWN,SPORT UTILITY VEHICLE (SUV),PERSONAL,S,STRAIGHT AHEAD,,,1,,,,,,,,,,,,,,,,Y,,FRONT,,,,,,,,,,,,,,,,,,,,,,,,,,,,,,,,,
2139136,c88eaf1631a25122b150690d2c2098f6eb4f933124d2ab8379955c5b0206fb68698acdd97e439968325fdda6e2e0fd7a6634d4d1939bac79263688cda5113718,08/28/2025 07:40:00 PM,2,DRIVER,1,2039175,,BMW,X5,MD,,UNKNOWN,SPORT UTILITY VEHICLE (SUV),UNKNOWN/NA,S,SLOW/STOP IN TRAFFIC,,,2,,,,Y,,,,,,,,,,,,,,NONE,,,,,,,,,,,,,,,,,,,,,,,,,,,,,,,,,
2139137,c88eaf1631a25122b150690d2c2098f6eb4f933124d2ab8379955c5b0206fb68698acdd97e439968325fdda6e2e0fd7a6634d4d1939bac79263688cda5113718,08/28/2025 07:40:00 PM,3,DRIVER,,2039189,,TOYOTA,OTHER (EXPLAIN IN NARRATIVE),IL,,UNKNOWN,PASSENGER,PERSONAL,S,STRAIGHT AHEAD,Y,,1,,streets and san,400 E LOWER WACKER/ON ISLAND,,,,,,,,,,,,,Y,,FRONT,,,,,,,,,,,,,,,,,,,,,,,,,,,,,,,,,
2140167,fbeb78c96bd73395cc7f16bc3b71c6f5ff1e5286c124904326ad19e078ddaf839b32212a9a3d0813c1f945f8ded8f28c499a0741beca9ca354a4690c81d50e19,08/28/2025 07:40:00 PM,1,DRIVER,,2040155,,TOYOTA,COROLLA,IL,2003,UNKNOWN,PASSENGER,PERSONAL,E,STRAIGHT AHEAD,,,1,,,,,,,,,,,,,,,Y,Y,,FRONT,,,,,,,,,,,,,,,,,,,,,,,,,,,,,,,,,
2140168,fbeb78c96bd73395cc7f16bc3b71c6f5ff1e5286c124904326ad19e078ddaf839b32212a9a3d0813c1f945f8ded8f28c499a0741beca9ca354a4690c81d50e19,08/28/2025 07:40:00 PM,2,DRIVER,,2040167,,FORD,FUSION,IL,2010,UNKNOWN,PASSENGER,PERSONAL,E,STRAIGHT AHEAD,,,1,,,,,,,,,Y,Y,Y,,,,,,,REAR,,,,,,,,,,,,,,,,,,,,,,,,,,,,,,,,,
2139116,60d52bc08188264a4b23925da5f3f49d45e5012b383ac4760c770e2bd751eda9094cfc201e42556a244f57fb98abddfe4bd146119fc08d690854bfab9d8eed42,08/28/2025 07:39:00 PM,1,DRIVER,,2039143,,TOYOTA,PRIUS,IL,2010,UNKNOWN,PASSENGER,PERSONAL,E,STRAIGHT AHEAD,,,1,,,,,Y,Y,Y,Y,Y,,,,,,,Y,,SIDE-RIGHT,,,,,,,,,,,,,,,,,,,,,,,,,,,,,,,,,
2139117,60d52bc08188264a4b23925da5f3f49d45e5012b383ac4760c770e2bd751eda9094cfc201e42556a244f57fb98abddfe4bd146119fc08d690854bfab9d8eed42,08/28/2025 07:39:00 PM,2,DRIVER,1,2039147,,FORD,ESCAPE,IL,2006,UNKNOWN,PASSENGER,PERSONAL,N,STRAIGHT AHEAD,Y,,2,,PRIVATE TOW,home,,,,,,,,,,,,N,,,FRONT,,,,,,,,,,,,,,,,,,,,,,,,,,,,,,,,,
2139088,ea58b26404328ac1d695b4fd4c0f81ab24e27094ae59bde94d740f72bb1a884df083889eac189df53a2432ddd4ecfbdbdc5cbd0f81aee34181be3d58f84658d5,08/28/2025 07:37:00 PM,1,DRIVER,,2039122,,CHEVROLET,TRAX,IL,2025,NONE,PASSENGER,PERSONAL,W,CHANGING LANES,,,1,,,,,,,,,,,,,,,,,Y,SIDE-LEFT,,,,,,,,,,,,,,,,,,,,,,,,,,,,,,,,,
2139089,ea58b26404328ac1d695b4fd4c0f81ab24e27094ae59bde94d740f72bb1a884df083889eac189df53a2432ddd4ecfbdbdc5cbd0f81aee34181be3d58f84658d5,08/28/2025 07:37:00 PM,2,DRIVER,,2039125,,FORD,ESCAPE,IL,2019,NONE,SPORT UTILITY VEHICLE (SUV),PERSONAL,W,STRAIGHT AHEAD,,,1,,,,,Y,,Y,,,,,,,,,,,SIDE-RIGHT,,,,,,,,,,,,,,,,,,,,,,,,,,,,,,,,,