CRASH_UNIT_ID,CRASH_RECORD_ID,CRASH_DATE,UNIT_NO,UNIT_TYPE,NUM_PASSENGERS,VEHICLE_ID,CMRC_VEH_I,MAKE,MODEL,LIC_PLATE_STATE,VEHICLE_YEAR,VEHICLE_DEFECT,VEHICLE_TYPE,VEHICLE_USE,TRAVEL_DIRECTION,MANEUVER,TOWED_I,FIRE_I,OCCUPANT_CNT,EXCEED_SPEED_LIMIT_I,TOWED_BY,TOWED_TO,AREA_00_I,AREA_01_I,AREA_02_I,AREA_03_I,AREA_04_I,AREA_05_I,AREA_06_I,AREA_07_I,AREA_08_I,AREA_09_I,AREA_10_I,AREA_11_I,AREA_12_I,AREA_99_I,FIRST_CONTACT_POINT,CMV_ID,USDOT_NO,CCMC_NO,ILCC_NO,COMMERCIAL_SRC,GVWR,CARRIER_NAME,CARRIER_STATE,CARRIER_CITY,HAZMAT_PLACARDS_I,HAZMAT_NAME,UN_NO,HAZMAT_PRESENT_I,HAZMAT_REPORT_I,HAZMAT_REPORT_NO,MCS_REPORT_I,MCS_REPORT_NO,HAZMAT_VIO_CAUSE_CRASH_I,MCS_VIO_CAUSE_CRASH_I,IDOT_PERMIT_NO,WIDE_LOAD_I,TRAILER1_WIDTH,TRAILER2_WIDTH,TRAILER1_LENGTH,TRAILER2_LENGTH,TOTAL_VEHICLE_LENGTH,AXLE_CNT,VEHICLE_CONFIG,CARGO_BODY_TYPE,LOAD_TYPE,HAZMAT_OUT_OF_SERVICE_I,MCS_OUT_OF_SERVICE_I,HAZMAT_CLASS
2139141,949a047d58514c2eab56a24798d6b29f03267e0df64aace4fcf70f2b2e913eb5083ae70762c52b0919a865c7ab3c4209e92048b7a7d4aa1f87ca6201a2e8171f,08/28/2025 07:33:00 PM,1,DRIVER,,2039158,,CHEVROLET,SILVERADO,IL,2024,UNKNOWN,PICKUP,UNKNOWN/NA,W,OTHER,,,1,,,,,,,,,,,,,,,,,,UNKNOWN,,,,,,,,,,,,,,,,,,,,,,,,,,,,,,,,,
2139142,949a047d58514c2eab56a24798d6b29f03267e0df64aace4fcf70f2b2e913eb5083ae70762c52b0919a865c7ab3c4209e92048b7a7d4aa1f87ca6201a2e8171f,08/28/2025 07:33:00 PM,2,DRIVER,,2039171,,TOYOTA,PRIUS,IL,2011,NONE,PASSENGER,UNKNOWN/NA,W,OTHER,Y,,1,,PRIVATE TOW,,,,,,,,,,,,Y,Y,,,SIDE-LEFT,,,,,,,,,,,,,,,,,,,,,,,,,,,,,,,,,
2139086,6ba773af61937fc6e4355d98088e7659f624b394bfc665cd5cc6aadd50f9a60bd414680b5a9c9e9cfea549b100b8991e8765134bf38acf3e09e6ac37b33dadf3,08/28/2025 07:27:00 PM,1,DRIVER,,2039110,,BUICK,ENCLAVE,IL,2021,UNKNOWN,PASSENGER,PERSONAL,N,BACKING,,,1,,,,,,,,,,,,,,,,,Y,REAR,,,,,,,,,,,,,,,,,,,,,,,,,,,,,,,,,
2139087,6ba773af61937fc6e4355d98088e7659f624b394bfc665cd5cc6aadd50f9a60bd414680b5a9c9e9cfea549b100b8991e8765134bf38acf3e09e6ac37b33dadf3,08/28/2025 07:27:00 PM,2,DRIVER,,2039115,,TOYOTA,CAMRY,IL,2020,NONE,PASSENGER,PERSONAL,S,STRAIGHT AHEAD,,,1,,,,,Y,,,,,,,,,,Y,Y,,FRONT,,,,,,,,,,,,,,,,,,,,,,,,,,,,,,,,,
2139190,b4af53bfc9419beaa3c638c94f34768adf782ccdf9a953b7b5dd07d1d11b9328d1ad1a408104b5db1aad83740efafd48a8f7b13e9f971cb6ff8f7890749a4758,08/28/2025 07:22:00 PM,1,DRIVER,,2039208,,UNKNOWN,MOTORIZED,IL,,UNKNOWN,UNKNOWN/NA,UNKNOWN/NA,UNKNOWN,UNKNOWN/NA,,,1,,,,,,,,,,,,,,,,,Y,UNKNOWN,,,,,,,,,,,,,,,,,,,,,,,,,,,,,,,,,
2139191,b4af53bfc9419beaa3c638c94f34768adf782ccdf9a953b7b5dd07d1d11b9328d1ad1a408104b5db1aad83740efafd48a8f7b13e9f971cb6ff8f7890749a4758,08/28/2025 07:22:00 PM,2,PARKED,,2039210,,MAZDA,CX-5,IN,2017,UNKNOWN,PASSENGER,PERSONAL,N,PARKED,,,0,,,,,,,,,,,Y,,,,,,,SIDE-LEFT-REAR,,,,,,,,,,,,,,,,,,,,,,,,,,,,,,,,,
2139090,24b18fb7e836428885a15574488c9a5d0e79103f32b24123c793ea0af74c05baa869f7777fbb6f5f0ed100838c86841beda64801095e9deedcad6754dc4ef321,08/28/2025 07:20:00 PM,1,DRIVER,,2039119,,NEW FLYER,D40LF,IL,2006,UNKNOWN,BUS OVER 15 PASS.,CTA,W,STRAIGHT AHEAD,,,1,,,,,,,,,,,,,,,Y,,,SIDE-LEFT-FRONT,,,,,,,,,,,,,,,,,,,,,,,,,,,,,,,,,
2139091,24b18fb7e836428885a15574488c9a5d0e79103f32b24123c793ea0af74c05baa869f7777fbb6f5f0ed100838c86841beda64801095e9deedcad6754dc4ef321,08/28/2025 07:20:00 PM,2,DRIVER,,2039126,,CHEVROLET,TAHOE,IL,2007,UNKNOWN,SPORT UTILITY VEHICLE (SUV),PERSONAL,W,STRAIGHT AHEAD,,,1,,,,,,Y,,,,,,,,,,,,SIDE-RIGHT-FRONT,,,,,,,,,,,,,,,,,,,,,,,,,,,,,,,,,
2139049,88434d5e44d2a114d5e42bc1b2df80c7ce3e5a0b887dbdbe63f6a59e7994e8e3ccb2fef8dc8b6c02dbb355b2c3653e18ed85518fdc9d8e0b451036aa250e9b57,08/28/2025 07:17:00 PM,1,DRIVER,,2039201,,TOYOTA,COROLLA,IL,2009,UNKNOWN,PASSENGER,PERSONAL,E,STRAIGHT AHEAD,,,1,,,,,,,,,,,,,Y,,,,,SIDE-LEFT,,,,,,,,,,,,,,,,,,,,,,,,,,,,,,,,,
2139094,89a2a2398241ee0231a9dcdb80299f00c6c72e78e676b855a535a86742d3d18f16375f056588ecaf35a6fb1575fd3fe1827776bb61fe5a734e7ed6f9cdda4e92,08/28/2025 07:09:00 PM,1,DRIVER,,2039120,,HONDA,ACCORD,IL,2019,UNKNOWN,PASSENGER,PERSONAL,W,TURNING LEFT,,,1,,,,,,,,,,,,,Y,Y,Y,,,SIDE-LEFT,,,,,,,,,,,,,,,,,,,,,,,,,,,,,,,,,
2139095,89a2a2398241ee0231a9dcdb80299f00c6c72e78e676b855a535a86742d3d18f16375f056588ecaf35a6fb1575fd3fe1827776bb61fe5a734e7ed6f9cdda4e92,08/28/2025 07:09:00 PM,2,DRIVER,,2039129,,HONDA,CIVIC,IL,2011,UNKNOWN,PASSENGER,PERSONAL,W,STRAIGHT AHEAD,Y,,1,,THIRD PARTY,,,Y,Y,Y,,,,,,,,,,,SIDE-RIGHT,,,,,,,,,,,,,,,,,,,,,,,,,,,,,,,,,
2139071,54d2e9efdb54076a4c827fde9420c1df3fbdf43ac7c623ac6d714c229c7ce77adfb1c06d5d9342818c8df106bbfefb18c1adf49367cd87b45402176a54dc683b,08/28/2025 07:05:00 PM,1,DRIVER,,2039098,,DODGE,DAKOTA,IL,,UNKNOWN,PICKUP,UNKNOWN/NA,W,STRAIGHT AHEAD,,,1,,,,,Y,,,,,,,,,,Y,Y,N,FRONT,,,,,,,,,,,,,,,,,,,,,,,,,,,,,,,,,
2139072,54d2e9efdb54076a4c827fde9420c1df3fbdf43ac7c623ac6d714c229c7ce77adfb1c06d5d9342818c8df106bbfefb18c1adf49367cd87b45402176a54dc683b,08/28/2025 07:05:00 PM,2,DRIVER,,2039106,,FORD,ESCAPE,FL,2025,UNKNOWN,PASSENGER,OTHER,W,STRAIGHT AHEAD,Y,,1,,PERSONAL TOW,,,,,,,Y,Y,Y,,,,,,,REAR,,,,,,,,,,,,,,,,,,,,,,,,,,,,,,,,,
2139069,30c26564c61639c2badb95852c57c7b39a243fbbe4b34b91aff4005ed30ba025615d9302c79467eced327daf672518e4bf555ac19d7f21021871aba8f053d22e,08/28/2025 07:00:00 PM,1,DRIVER,,2039099,,UNKNOWN,OTHER (EXPLAIN IN NARRATIVE),XX,,UNKNOWN,UNKNOWN/NA,UNKNOWN/NA,UNKNOWN,UNKNOWN/NA,,,1,,,,,,,,,,,,,,,,,,UNKNOWN,,,,,,,,,,,,,,,,,,,,,,,,,,,,,,,,,
2139070,30c26564c61639c2badb95852c57c7b39a243fbbe4b34b91aff4005ed30ba025615d9302c79467eced327daf672518e4bf555ac19d7f21021871aba8f053d22e,08/28/2025 07:00:00 PM,2,DRIVERLESS,,2039105,,HONDA,CR-V,IL,2019,UNKNOWN,UNKNOWN/NA,UNKNOWN/NA,UNKNOWN,PARKED,,,0,,,,,Y,Y,Y,,,,,,,,,,,SIDE-RIGHT-FRONT,,,,,,,,,,,,,,,,,,,,,,,,,,,,,,,,,
2139310,4efe069d4e3fd1ad236147b751c5e5ad448d529926752e17498f01029dcb8ace6378cfacd7efaa5328eeee99d3e5756f4107fd0b06d3c78c35c0f8b4dc8e9daa,08/28/2025 07:00:00 PM,1,DRIVER,,2039328,,UNKNOWN,OTHER (EXPLAIN IN NARRATIVE),IL,,UNKNOWN,UNKNOWN/NA,UNKNOWN/NA,N,UNKNOWN/NA,,,1,,,,,,,,,,,,,,,Y,,,FRONT-LEFT-CORNER,,,,,,,,,,,,,,,,,,,,,,,,,,,,,,,,,
2139311,4efe069d4e3fd1ad236147b751c5e5ad448d529926752e17498f01029dcb8ace6378cfacd7efaa5328eeee99d3e5756f4107fd0b06d3c78c35c0f8b4dc8e9daa,08/28/2025 07:00:00 PM,2,PARKED,,2039329,,HONDA,CR-V,IL,2019,UNKNOWN,SPORT UTILITY VEHICLE (SUV),PERSONAL,N,PARKED,,,0,,,,,,,,Y,Y,,,,,,,,,REAR-RIGHT-CORNER,,,,,,,,,,,,,,,,,,,,,,,,,,,,,,,,,
2139112,8127b6870404149eaaaa46b0520d34f9cc904ec8d9b8316ab1134022b8ea67235c66cd6fdc3664ea832f7063fd7347844c707e4ceaa35363aca87a20fb27c203,08/28/2025 07:00:00 PM,1,DRIVER,1,2039139,,KIA,FORTE,IL,2022,UNKNOWN,PASSENGER,PERSONAL,NE,TURNING LEFT,,,2,,,,Y,,,,,,,,,,,,,,FRONT-RIGHT-CORNER,,,,,,,,,,,,,,,,,,,,,,,,,,,,,,,,,
2139113,8127b6870404149eaaaa46b0520d34f9cc904ec8d9b8316ab1134022b8ea67235c66cd6fdc3664ea832f7063fd7347844c707e4ceaa35363aca87a20fb27c203,08/28/2025 07:00:00 PM,2,PEDESTRIAN,,,,,,,,,,,,,,,,,,,,,,,,,,,,,,,,,,,,,,,,,,,,,,,,,,,,,,,,,,,,,,,,,,
2139635,9ad729620814cfbc081e2adf94d1b9d5676bccafd0b20a0d8340c2dc13ac9998cd0b1ffc5dc72b5a206dde185b1b0f47f5395d9e52744ee5bc433d64b6d16245,08/28/2025 07:00:00 PM,1,DRIVER,,2039641,,JEEP,COMPASS,IL,2018,UNKNOWN,SPORT UTILITY VEHICLE (SUV),PERSONAL,E,STRAIGHT AHEAD,,,1,,,,Y,,,,,,,,,,,,Y,,FRONT,,,,,,,,,,,,,,,,,,,,,,,,,,,,,,,,,
2139636,9ad729620814cfbc081e2adf94d1b9d5676bccafd0b20a0d8340c2dc13ac9998cd0b1ffc5dc72b5a206dde185b1b0f47f5395d9e52744ee5bc433d64b6d16245,08/28/2025 07:00:00 PM,2,DRIVER,,2039672,,UNKNOWN,OTHER (EXPLAIN IN NARRATIVE),IL,,NONE,PASSENGER,PERSONAL,E,SLOW/STOP IN TRAFFIC,,,1,,,,Y,,,,,,,,,,,,,,REAR,,,,,,,,,,,,,,,,,,,,,,,,,,,,,,,,,
2139188,8d2833b5696ad6f69097f6e79a1061ffcffe0d1a2cdb9a07a53c3d6a4518d871ecee8fd5457afed7773c4cb667055995c444d7edf2981f099b2809ae1f1acbb8,08/28/2025 06:56:00 PM,1,DRIVER,,2039213,,NISSAN,ALTIMA,IL,,UNKNOWN,PASSENGER,PERSONAL,S,UNKNOWN/NA,,,1,,,,,,,,,Y,Y,Y,,,,,,,REAR,,,,,,,,,,,,,,,,,,,,,,,,,,,,,,,,,
2139189,8d2833b5696ad6f69097f6e79a1061ffcffe0d1a2cdb9a07a53c3d6a4518d871ecee8fd5457afed7773c4cb667055995c444d7edf2981f099b2809ae1f1acbb8,08/28/2025 06:56:00 PM,2,PEDESTRIAN,,,,,,,,,,,,,,,,,,,,,,,,,,,,,,,,,,,,,,,,,,,,,,,,,,,,,,,,,,,,,,,,,,
2139098,9ee1467f9226b28dd88880411947bb025ba8819a38b89ae6a716ec2f8d6b41f6dd9ee7f80d22d1ccf03e4743705a902b7da845d9ebe66e5e93a62d46ccb4df2e,08/28/2025 06:45:00 PM,1,BICYCLE,,,,,,,,,,,,,,,,,,,,,,,,,,,,,,,,,,,,,,,,,,,,,,,,,,,,,,,,,,,,,,,,,,
2139099,9ee1467f9226b28dd88880411947bb025ba8819a38b89ae6a716ec2f8d6b41f6dd9ee7f80d22d1ccf03e4743705a902b7da845d9ebe66e5e93a62d46ccb4df2e,08/28/2025 06:45:00 PM,2,DRIVER,,2039165,,HYUNDAI,TUCSON,,2021,NONE,PASSENGER,PERSONAL,S,TURNING RIGHT,,,1,,,,,,,Y,,,,,,,,,,,SIDE-RIGHT,,,,,,,,,,,,,,,,,,,,,,,,,,,,,,,,,
2139080,a07ffd018277484e5513358d0b3f7324ff92c18beacfd3974bcfc6e9b3fbc9d571d1b8f159045ccd5933a5d84aca0cf156e461455c43a5c7f222708aa492751e,08/28/2025 06:45:00 PM,1,DRIVER,,2039113,,VOLKSWAGEN,TIGUAN,IL,2013,UNKNOWN,SPORT UTILITY VEHICLE (SUV),PERSONAL,N,STRAIGHT AHEAD,,,1,,,,,,,,,,,,,,,,,Y,FRONT,,,,,,,,,,,,,,,,,,,,,,,,,,,,,,,,,
2139081,a07ffd018277484e5513358d0b3f7324ff92c18beacfd3974bcfc6e9b3fbc9d571d1b8f159045ccd5933a5d84aca0cf156e461455c43a5c7f222708aa492751e,08/28/2025 06:45:00 PM,2,DRIVER,1,2039121,,SUBARU,OUTBACK,IL,2014,UNKNOWN,SPORT UTILITY VEHICLE (SUV),PERSONAL,N,SLOW/STOP IN TRAFFIC,,,2,,,,,,,,,,Y,Y,,,,,,,REAR-LEFT-CORNER,,,,,,,,,,,,,,,,,,,,,,,,,,,,,,,,,
2139057,0099cadf15725ed89ac1207b7596fdf9c8d5300c998f3fef0cf2efde6b6e576a3f61009f8bf5032f0a5877effd21e9a9b8ab08ad87518b1c238bca8cdc077367,08/28/2025 06:40:00 PM,1,DRIVER,,2039095,,TOYOTA,VENZA,IL,2005,NONE,PASSENGER,PERSONAL,S,BACKING,,,1,,,,,,,,,Y,Y,Y,,,,,,,REAR,,,,,,,,,,,,,,,,,,,,,,,,,,,,,,,,,
2139058,0099cadf15725ed89ac1207b7596fdf9c8d5300c998f3fef0cf2efde6b6e576a3f61009f8bf5032f0a5877effd21e9a9b8ab08ad87518b1c238bca8cdc077367,08/28/2025 06:40:00 PM,2,DRIVER,,2039089,,TOYOTA,CAMRY,IL,2009,NONE,PASSENGER,PERSONAL,W,STRAIGHT AHEAD,,,1,,,,,,,Y,Y,Y,,,,,,,,,SIDE-RIGHT,,,,,,,,,,,,,,,,,,,,,,,,,,,,,,,,,
2139121,68468f317ee4c939aa2b984faf015007ea5afe266c7839162cba5dbef8ed00aebcf6b45ecde93790cc345bc0fe6ba09524d184f5c4d39a6334a7c9558f26fbd5,08/28/2025 06:40:00 PM,1,DRIVER,,2039144,,KIA,OTHER (EXPLAIN IN NARRATIVE),IL,,UNKNOWN,UNKNOWN/NA,UNKNOWN/NA,UNKNOWN,UNKNOWN/NA,,,1,,,,,,,,,,,,,,,,,Y,UNKNOWN,,,,,,,,,,,,,,,,,,,,,,,,,,,,,,,,,
2139122,68468f317ee4c939aa2b984faf015007ea5afe266c7839162cba5dbef8ed00aebcf6b45ecde93790cc345bc0fe6ba09524d184f5c4d39a6334a7c9558f26fbd5,08/28/2025 06:40:00 PM,2,DRIVER,,2039148,,KIA,OPIRUS,,2013,UNKNOWN,PASSENGER,PERSONAL,E,STRAIGHT AHEAD,,,1,,,,,,,,,,,,,,Y,Y,Y,,FRONT-LEFT-CORNER,,,,,,,,,,,,,,,,,,,,,,,,,,,,,,,,,
2139129,75d5949c1260bf657015d82fbe2881ffdb454a9fab59253df941adf00cbfb5ef08e534020fb5802e0db5e868f2e15c441ff3bd5f25526bc4a4626d9448c64932,08/28/2025 06:34:00 PM,1,DRIVER,,2039150,,TOYOTA,COROLLA,IL,2004,NONE,PASSENGER,PERSONAL,E,TURNING RIGHT,,,1,,,,Y,,,,,,,,,,,,N,,FRONT,,,,,,,,,,,,,,,,,,,,,,,,,,,,,,,,,
2139130,75d5949c1260bf657015d82fbe2881ffdb454a9fab59253df941adf00cbfb5ef08e534020fb5802e0db5e868f2e15c441ff3bd5f25526bc4a4626d9448c64932,08/28/2025 06:34:00 PM,2,PEDESTRIAN,,,,,,,,,,,,,,,,,,,,,,,,,,,,,,,,,,,,,,,,,,,,,,,,,,,,,,,,,,,,,,,,,,
2139047,7249b5a749f8e8d01f24a396d358fdfa73f3d833a157f6ef4dc930179d5b309c984861ef51799788b06eaae54568b9898bd9778d718e1969a86639b93a6873dd,08/28/2025 06:30:00 PM,1,DRIVER,,2039080,,TOYOTA,HIGHLANDER,IL,2023,NONE,PASSENGER,PERSONAL,W,TURNING LEFT,,,1,,,,,Y,,,,,,,,,,,,,FRONT-RIGHT-CORNER,,,,,,,,,,,,,,,,,,,,,,,,,,,,,,,,,
2139048,7249b5a749f8e8d01f24a396d358fdfa73f3d833a157f6ef4dc930179d5b309c984861ef51799788b06eaae54568b9898bd9778d718e1969a86639b93a6873dd,08/28/2025 06:30:00 PM,2,DRIVER,,2039083,,TESLA,MODEL Y,IL,2023,NONE,PASSENGER,PERSONAL,W,TURNING LEFT,,,1,,,,,,,,,,,,,,Y,Y,,,FRONT-LEFT-CORNER,,,,,,,,,,,,,,,,,,,,,,,,,,,,,,,,,
2139241,ead78157851ba5d20b2154df551bed135f572cbd30ecc8ca3cdd70478f0b7f1016f0229c017bfea7fc504b7f50fe34bb5699a49a1a8c9807ac1edb3045f7f734,08/28/2025 06:30:00 PM,1,DRIVER,,2039259,,UNKNOWN,OTHER (EXPLAIN IN NARRATIVE),IL,,UNKNOWN,UNKNOWN/NA,UNKNOWN/NA,S,UNKNOWN/NA,,,1,,,,,,,,,,,,,,,,,Y,UNKNOWN,,,,,,,,,,,,,,,,,,,,,,,,,,,,,,,,,
2139242,ead78157851ba5d20b2154df551bed135f572cbd30ecc8ca3cdd70478f0b7f1016f0229c017bfea7fc504b7f50fe34bb5699a49a1a8c9807ac1edb3045f7f734,08/28/2025 06:30:00 PM,2,PARKED,,2039260,,HYUNDAI,ELANTRA,IL,2022,NONE,PASSENGER,PERSONAL,S,PARKED,,,0,,,,,Y,,,,,,,,,,Y,Y,Y,FRONT,,,,,,,,,,,,,,,,,,,,,,,,,,,,,,,,,
2139004,adb811c890f5c733bab70f2460445aef4a39a05b7c84714196c1a0611327c30a112c816d0994f31516f9d0a61efdb893cb2a6e09f497f424b0b28e34150e49cd,08/28/2025 06:29:00 PM,1,DRIVER,,2039045,,NISSAN,ROGUE,,2017,UNKNOWN,PASSENGER,PERSONAL,S,TURNING LEFT,,,1,,,,,,,,,,,,,,,,Y,,FRONT,,,,,,,,,,,,,,,,,,,,,,,,,,,,,,,,,
2139005,adb811c890f5c733bab70f2460445aef4a39a05b7c84714196c1a0611327c30a112c816d0994f31516f9d0a61efdb893cb2a6e09f497f424b0b28e34150e49cd,08/28/2025 06:29:00 PM,2,DRIVER,,2039051,,CHEVROLET,SUBURBAN,IL,2023,UNKNOWN,PASSENGER,PERSONAL,W,TURNING LEFT,,,1,,,,,Y,,,,,,,,,,,,,FRONT-RIGHT-CORNER,,,,,,,,,,,,,,,,,,,,,,,,,,,,,,,,,
2139017,a2c5c83584caf7d9ec0994e2f9c9e26ba976a7b9abd44e8363ca1a64697a879c87e2eadafd5a01f3ebe2687318f5c1ee643d871b21cd3d1867d8d79d5b07530d,08/28/2025 06:20:00 PM,1,DRIVER,,2039065,,JEEP,CHEROKEE,IL,2018,UNKNOWN,UNKNOWN/NA,UNKNOWN/NA,W,STRAIGHT AHEAD,,,1,,,,,Y,,,,,,,,,,Y,Y,,FRONT,,,,,,,,,,,,,,,,,,,,,,,,,,,,,,,,,
2139018,a2c5c83584caf7d9ec0994e2f9c9e26ba976a7b9abd44e8363ca1a64697a879c87e2eadafd5a01f3ebe2687318f5c1ee643d871b21cd3d1867d8d79d5b07530d,08/28/2025 06:20:00 PM,2,DRIVER,,2039084,,LEXUS,GS300,IN,2005,NONE,UNKNOWN/NA,UNKNOWN/NA,W,OTHER,,,1,,,,,,,,,Y,Y,Y,,,,,,,REAR,,,,,,,,,,,,,,,,,,,,,,,,,,,,,,,,,
2139008,49d4e99e6350676800935b6d3bc3cb34143f63c2a892fb4a46b65545366324d9a843d1d687a6d3b0d1366a0555f5bea3e861e8cb7cbe714fb2affbb8ba557452,08/28/2025 06:15:00 PM,1,DRIVER,,2039050,,DODGE,DURANGO,IL,2020,NONE,PASSENGER,PERSONAL,S,STRAIGHT AHEAD,,,1,,,,,Y,Y,,,,,,,,,,,,FRONT-RIGHT-CORNER,,,,,,,,,,,,,,,,,,,,,,,,,,,,,,,,,
2139009,49d4e99e6350676800935b6d3bc3cb34143f63c2a892fb4a46b65545366324d9a843d1d687a6d3b0d1366a0555f5bea3e861e8cb7cbe714fb2affbb8ba557452,08/28/2025 06:15:00 PM,2,DRIVER,,2039061,,CHEVROLET,COBALT,IL,2009,UNKNOWN,PASSENGER,PERSONAL,S,STRAIGHT AHEAD,,,1,,,,,,,,,,,Y,Y,,,,,,REAR-LEFT-CORNER,,,,,,,,,,,,,,,,,,,,,,,,,,,,,,,,,
2139075,aa061b8c4b60aef363d31e0f3a0e733390ecbbe86a782c27030a0643dd9e54524d89f4dbacd9e8663444666af450bfe2711449cc35ee1d31e0370a925355f145,08/28/2025 06:15:00 PM,1,DRIVER,,2039107,,VOLKSWAGEN,ATLAS,IL,2019,UNKNOWN,PASSENGER,PERSONAL,S,TURNING RIGHT,,,1,,,,,Y,,,,,,,,,,,,,FRONT-RIGHT-CORNER,,,,,,,,,,,,,,,,,,,,,,,,,,,,,,,,,
2139076,aa061b8c4b60aef363d31e0f3a0e733390ecbbe86a782c27030a0643dd9e54524d89f4dbacd9e8663444666af450bfe2711449cc35ee1d31e0370a925355f145,08/28/2025 06:15:00 PM,2,BICYCLE,,,,,,,,,,,,,,,,,,,,,,,,,,,,,,,,,,,,,,,,,,,,,,,,,,,,,,,,,,,,,,,,,,
2139016,20731cc1d2e7417b34ff409983a336d09bf504eed54e022989564f5b7cc09595dc0611db08252365ba92efed5211f74ea503db881d4ba394af76a769d9455541,08/28/2025 06:09:00 PM,1,DRIVER,,2039063,Y,VOLVO,TRUCK,IN,2017,UNKNOWN,TRACTOR W/ SEMI-TRAILER,COMMERCIAL - SINGLE UNIT,E,TURNING LEFT,,,1,,,,,,,,,,,,,,,,,,TOP,"22,098",2365308,,,DRIVER,3,ROADONE INTERMODALOGISTICS,IN,INDIANAPOLIS,,,,N,N,,N,,N,N,,,,,53,,,,TRUCK/TRACTOR,VAN/ENCLOSED BOX,UNKNOWN,N,N,
2139622,1ebfa189271a5bfdcb99905106c91d18cc0aa670c1075c8555a1e0e88ea99b90d87ea6a6de9d11f4ebd6ac17861c673c081a6a89af3cf63663d96f5f1ecb3bcd,08/28/2025 06:00:00 PM,1,DRIVER,,2039623,,UNKNOWN,OTHER (EXPLAIN IN NARRATIVE),,,UNKNOWN,UNKNOWN/NA,UNKNOWN/NA,UNKNOWN,UNKNOWN/NA,,,1,,,,,,,,,,,,,,,,,Y,UNKNOWN,,,,,,,,,,,,,,,,,,,,,,,,,,,,,,,,,
2139623,1ebfa189271a5bfdcb99905106c91d18cc0aa670c1075c8555a1e0e88ea99b90d87ea6a6de9d11f4ebd6ac17861c673c081a6a89af3cf63663d96f5f1ecb3bcd,08/28/2025 06:00:00 PM,2,PARKED,,2039632,,NISSAN,ROGUE,IL,2017,UNKNOWN,SPORT UTILITY VEHICLE (SUV),NOT IN USE,N,PARKED,,,0,,,,,,,,,Y,,,,,,,,,SIDE-RIGHT-REAR,,,,,,,,,,,,,,,,,,,,,,,,,,,,,,,,,
2139043,8793404a7a2e1b1b7d947c5e14621dc1ccf1f3d0b3458cfbfbcf2f4bae8b729e0d87f2196e4851d1d2fd3095fc012f3f7e443ca269fea14de9e446a3f644469b,08/28/2025 06:00:00 PM,1,DRIVER,,2039071,,VOLKSWAGEN,TIGUAN,IL,2023,NONE,PASSENGER,PERSONAL,W,STRAIGHT AHEAD,,,1,,,,,,,,,,,,,,,,Y,,FRONT,,,,,,,,,,,,,,,,,,,,,,,,,,,,,,,,,
2139044,8793404a7a2e1b1b7d947c5e14621dc1ccf1f3d0b3458cfbfbcf2f4bae8b729e0d87f2196e4851d1d2fd3095fc012f3f7e443ca269fea14de9e446a3f644469b,08/28/2025 06:00:00 PM,2,PEDESTRIAN,,,,,,,,,,,,,,,,,,,,,,,,,,,,,,,,,,,,,,,,,,,,,,,,,,,,,,,,,,,,,,,,,,
2139059,99f3b576a83e1e01807879d4521e1b4b0cddde5516b7394af0ca09ccf43c4a3507ec715ae10e1d9fcfb9fc453dd09513dd578365e8e08e4407cf91285fc394ce,08/28/2025 06:00:00 PM,1,DRIVER,,2039093,,INFINITI,QX80,IL,2014,UNKNOWN,SPORT UTILITY VEHICLE (SUV),UNKNOWN/NA,W,TURNING LEFT,,,1,,,,,,,,,,,,,,,,,Y,SIDE-LEFT,,,,,,,,,,,,,,,,,,,,,,,,,,,,,,,,,
2139060,99f3b576a83e1e01807879d4521e1b4b0cddde5516b7394af0ca09ccf43c4a3507ec715ae10e1d9fcfb9fc453dd09513dd578365e8e08e4407cf91285fc394ce,08/28/2025 06:00:00 PM,2,DRIVER,,2039108,,CHRYSLER,300,IL,2020,UNKNOWN,PASSENGER,PERSONAL,E,STRAIGHT AHEAD,,,1,,,,,,,,,,,,,,Y,Y,,,SIDE-LEFT,,,,,,,,,,,,,,,,,,,,,,,,,,,,,,,,,
2139038,dedfebd3f981372a68ec9f88d1f6d26ac0f9374a46f4e22d3bf6ef2ecc08293f4f03bfa70ab978fb72185bad57feb5dd4b7d240c3aece7db456489ae7e493131,08/28/2025 06:00:00 PM,1,DRIVER,,2039074,,BUICK,ENCORE,IL,2016,UNKNOWN,PASSENGER,PERSONAL,S,STRAIGHT AHEAD,,,1,,,,,Y,,,,,,,,,,Y,Y,,FRONT,,,,,,,,,,,,,,,,,,,,,,,,,,,,,,,,,
2139039,dedfebd3f981372a68ec9f88d1f6d26ac0f9374a46f4e22d3bf6ef2ecc08293f4f03bfa70ab978fb72185bad57feb5dd4b7d240c3aece7db456489ae7e493131,08/28/2025 06:00:00 PM,2,DRIVER,,2039079,,FORD,TRANSIT CONNECT,IL,2018,UNKNOWN,PASSENGER,PERSONAL,S,SLOW/STOP IN TRAFFIC,,,1,,,,,,,,,Y,Y,Y,,,,,,,REAR,,,,,,,,,,,,,,,,,,,,,,,,,,,,,,,,,
2138968,c7ec24c317ecd1a7970ef8450f601e3ab23f75e93bb2e894e2f40be2e86bc74f1c075c3033b49b08fa9548f6396e75811e35f844054029777e6e88c7f9d1e7a8,08/28/2025 05:56:00 PM,1,DRIVER,,2039007,,TOYOTA,YARIS,IL,2017,UNKNOWN,PASSENGER,PERSONAL,UNKNOWN,PASSING/OVERTAKING,,,1,,,,,,Y,,,,,,,N,N,,,,SIDE-RIGHT,,,,,,,,,,,,,,,,,,,,,,,,,,,,,,,,,