CRASH_UNIT_ID,CRASH_RECORD_ID,CRASH_DATE,UNIT_NO,UNIT_TYPE,NUM_PASSENGERS,VEHICLE_ID,CMRC_VEH_I,MAKE,MODEL,LIC_PLATE_STATE,VEHICLE_YEAR,VEHICLE_DEFECT,VEHICLE_TYPE,VEHICLE_USE,TRAVEL_DIRECTION,MANEUVER,TOWED_I,FIRE_I,OCCUPANT_CNT,EXCEED_SPEED_LIMIT_I,TOWED_BY,TOWED_TO,AREA_00_I,AREA_01_I,AREA_02_I,AREA_03_I,AREA_04_I,AREA_05_I,AREA_06_I,AREA_07_I,AREA_08_I,AREA_09_I,AREA_10_I,AREA_11_I,AREA_12_I,AREA_99_I,FIRST_CONTACT_POINT,CMV_ID,USDOT_NO,CCMC_NO,ILCC_NO,COMMERCIAL_SRC,GVWR,CARRIER_NAME,CARRIER_STATE,CARRIER_CITY,HAZMAT_PLACARDS_I,HAZMAT_NAME,UN_NO,HAZMAT_PRESENT_I,HAZMAT_REPORT_I,HAZMAT_REPORT_NO,MCS_REPORT_I,MCS_REPORT_NO,HAZMAT_VIO_CAUSE_CRASH_I,MCS_VIO_CAUSE_CRASH_I,IDOT_PERMIT_NO,WIDE_LOAD_I,TRAILER1_WIDTH,TRAILER2_WIDTH,TRAILER1_LENGTH,TRAILER2_LENGTH,TOTAL_VEHICLE_LENGTH,AXLE_CNT,VEHICLE_CONFIG,CARGO_BODY_TYPE,LOAD_TYPE,HAZMAT_OUT_OF_SERVICE_I,MCS_OUT_OF_SERVICE_I,HAZMAT_CLASS
2138969,c7ec24c317ecd1a7970ef8450f601e3ab23f75e93bb2e894e2f40be2e86bc74f1c075c3033b49b08fa9548f6396e75811e35f844054029777e6e88c7f9d1e7a8,08/28/2025 05:56:00 PM,2,DRIVER,,2039013,,TOYOTA,HIGHLANDER,IL,2017,UNKNOWN,SPORT UTILITY VEHICLE (SUV),PERSONAL,UNKNOWN,STRAIGHT AHEAD,,,1,,,,,,,,,,,,Y,Y,Y,,,,SIDE-LEFT,,,,,,,,,,,,,,,,,,,,,,,,,,,,,,,,,
2138990,451cea8eea855b00b375554ddfd6c069c8289e332e93183117723f7afa3b25fc5bc2b41e5ff615362bc5b03837491436c7495149c58bc2e5e80e033f10169222,08/28/2025 05:55:00 PM,1,DRIVER,4,2039027,,NISSAN,ROGUE,IL,2013,NONE,SPORT UTILITY VEHICLE (SUV),PERSONAL,E,STRAIGHT AHEAD,,,5,,,,,,,,,,,,,,,,Y,,FRONT-RIGHT-CORNER,,,,,,,,,,,,,,,,,,,,,,,,,,,,,,,,,
2138991,451cea8eea855b00b375554ddfd6c069c8289e332e93183117723f7afa3b25fc5bc2b41e5ff615362bc5b03837491436c7495149c58bc2e5e80e033f10169222,08/28/2025 05:55:00 PM,2,DRIVER,,2039037,,TOYOTA,TUNDRA,IL,2024,NONE,PICKUP,PERSONAL,E,STRAIGHT AHEAD,,,1,,,,,,,,,,Y,,,,,,,,REAR-LEFT-CORNER,,,,,,,,,,,,,,,,,,,,,,,,,,,,,,,,,
2139050,9963aa7129b6c3c7e4b48f737e2aeef7e6c828a446c9415df161c8e96fd1770631854865d0840bea750dd9749c2c6202c56d466a8c767c8dfd173ed33584de76,08/28/2025 05:50:00 PM,1,DRIVER,,2039085,,FREIGHTLINER CORPORATION,FREIGHTLINER CORP.,IN,2013,NONE,TRACTOR W/O SEMI-TRAILER,PERSONAL,N,STRAIGHT AHEAD,,,1,,,,,,Y,,,,,,,,,,,,SIDE-RIGHT,,,,,,,,,,,,,,,,,,,,,,,,,,,,,,,,,
2139051,9963aa7129b6c3c7e4b48f737e2aeef7e6c828a446c9415df161c8e96fd1770631854865d0840bea750dd9749c2c6202c56d466a8c767c8dfd173ed33584de76,08/28/2025 05:50:00 PM,2,DRIVER,1,2039094,,VOLKSWAGEN,PASSAT,IL,2017,NONE,PASSENGER,PERSONAL,N,STRAIGHT AHEAD,,,2,,,,,,,,,,,,Y,Y,Y,,,,REAR-RIGHT-CORNER,,,,,,,,,,,,,,,,,,,,,,,,,,,,,,,,,
2139010,866f28c06543b8acf4ae9ea7d33935b6c02873f4e99f7e98ea9ed1c6576dcc6e502a0e5821259abacfd3d83b7dc4583a504f56504834b5e35d647a642a0f1f8a,08/28/2025 05:45:00 PM,1,DRIVER,,2039049,,UNKNOWN,MOTORIZED,,,UNKNOWN,SPORT UTILITY VEHICLE (SUV),PERSONAL,N,PASSING/OVERTAKING,,,1,,,,,Y,,,,,,,,,,,,,FRONT-RIGHT-CORNER,,,,,,,,,,,,,,,,,,,,,,,,,,,,,,,,,
2139011,866f28c06543b8acf4ae9ea7d33935b6c02873f4e99f7e98ea9ed1c6576dcc6e502a0e5821259abacfd3d83b7dc4583a504f56504834b5e35d647a642a0f1f8a,08/28/2025 05:45:00 PM,2,DRIVER,,2039066,N,FORD,F350,IL,2020,NONE,TRUCK - SINGLE UNIT,OTHER,N,STRAIGHT AHEAD,,,1,,,,,,,,,,,,,,,Y,,,FRONT-LEFT-CORNER,,,,,,,,,,,,,,,,,,,,,,,,,,,,,,,,,
2138962,b371808f8e398602670fad715317df208d3dc9c91917f35710fd56cc1003019a69c0ff3904b57a722372e67dc883ff6d4b61e4bcb87bbae902cdb79c3e08fb31,08/28/2025 05:45:00 PM,1,DRIVER,1,2039009,,CHEVROLET,TRAVERSE,IL,2012,UNKNOWN,SPORT UTILITY VEHICLE (SUV),UNKNOWN/NA,W,STRAIGHT AHEAD,,,2,,,,,Y,Y,,,,,,,,,,,Y,SIDE-RIGHT,,,,,,,,,,,,,,,,,,,,,,,,,,,,,,,,,
2138963,b371808f8e398602670fad715317df208d3dc9c91917f35710fd56cc1003019a69c0ff3904b57a722372e67dc883ff6d4b61e4bcb87bbae902cdb79c3e08fb31,08/28/2025 05:45:00 PM,2,DRIVER,,2039017,,LEXUS,NX,IL,2018,NONE,PASSENGER,PERSONAL,W,STRAIGHT AHEAD,,,1,,,,,,,,,,,,,Y,Y,,,,SIDE-LEFT,,,,,,,,,,,,,,,,,,,,,,,,,,,,,,,,,
2139041,ca194fdc347953024e0950c863b123607cd20382c27460d2e621f3d309de02f05053cc546b3ab5bdb5d79a10c61ee08515073fd0877fefb5c3ebfe152caf1bc5,08/28/2025 05:43:00 PM,1,DRIVER,,2039077,,CHEVROLET,OTHER (EXPLAIN IN NARRATIVE),,,UNKNOWN,UNKNOWN/NA,UNKNOWN/NA,W,TURNING RIGHT,,,1,,,,,,,,,,,,,,,,,,UNKNOWN,,,,,,,,,,,,,,,,,,,,,,,,,,,,,,,,,
2139042,ca194fdc347953024e0950c863b123607cd20382c27460d2e621f3d309de02f05053cc546b3ab5bdb5d79a10c61ee08515073fd0877fefb5c3ebfe152caf1bc5,08/28/2025 05:43:00 PM,2,DRIVER,1,2039114,,CHEVROLET,MALIBU,OH,2020,NONE,PASSENGER,PERSONAL,W,STRAIGHT AHEAD,,,2,,,,,,,,,,,,,,,,,,REAR-RIGHT-CORNER,,,,,,,,,,,,,,,,,,,,,,,,,,,,,,,,,
2139118,cb58be8307e99708b72a36050b1beb61d2ddd0ebd627724f126cf01c2fd56091844d875e985a967555e7b157cf068dc3b8784409b512c64390a7d7f0b3fe56c5,08/28/2025 05:39:00 PM,1,DRIVER,,2039142,,UNKNOWN,OTHER (EXPLAIN IN NARRATIVE),IL,,UNKNOWN,UNKNOWN/NA,UNKNOWN/NA,S,STRAIGHT AHEAD,,,1,,,,,,,,,,,,,,,,,,UNKNOWN,,,,,,,,,,,,,,,,,,,,,,,,,,,,,,,,,
2139126,cb58be8307e99708b72a36050b1beb61d2ddd0ebd627724f126cf01c2fd56091844d875e985a967555e7b157cf068dc3b8784409b512c64390a7d7f0b3fe56c5,08/28/2025 05:39:00 PM,2,PEDESTRIAN,,,,,,,,,,,,,,,,,,,,,,,,,,,,,,,,,,,,,,,,,,,,,,,,,,,,,,,,,,,,,,,,,,
2138980,456c6e18fd16fdbe9b3a89cfb64f5ccc24222490a02a8b981ece62f9728bbe24f771f46e48bad52ec87c1b6c4c9eb4e700c236cc58af2a451fbdd332d9aa8c36,08/28/2025 05:37:00 PM,1,DRIVER,,2039026,,NISSAN,ROGUE,IL,2020,UNKNOWN,PASSENGER,PERSONAL,S,STRAIGHT AHEAD,Y,,1,,TO BE TOWED BY PRIVATE TOW,TBD,,Y,Y,Y,,,,,,,,,,,SIDE-RIGHT-FRONT,,,,,,,,,,,,,,,,,,,,,,,,,,,,,,,,,
2138981,456c6e18fd16fdbe9b3a89cfb64f5ccc24222490a02a8b981ece62f9728bbe24f771f46e48bad52ec87c1b6c4c9eb4e700c236cc58af2a451fbdd332d9aa8c36,08/28/2025 05:37:00 PM,2,DRIVER,,2039034,,FORD,FOCUS,IL,2009,UNKNOWN,PASSENGER,PERSONAL,E,STRAIGHT AHEAD,,,1,,,,,,,,,,,,,,,,Y,,FRONT,,,,,,,,,,,,,,,,,,,,,,,,,,,,,,,,,
2138972,362927af320d6627045c551dba1ce634399b2865e1804a4e043083197d9379c56ed3fc13fcba37b2bb5fc3a5bc7fe6e9687004e019bc13bcbfd1b37c01862f12,08/28/2025 05:35:00 PM,1,DRIVER,,2039022,,CHEVROLET,CAPRICE,IL,1987,UNKNOWN,PASSENGER,UNKNOWN/NA,E,STRAIGHT AHEAD,,,1,,,,,,,,,,,,,,,,,Y,FRONT,,,,,,,,,,,,,,,,,,,,,,,,,,,,,,,,,
2138973,362927af320d6627045c551dba1ce634399b2865e1804a4e043083197d9379c56ed3fc13fcba37b2bb5fc3a5bc7fe6e9687004e019bc13bcbfd1b37c01862f12,08/28/2025 05:35:00 PM,2,DRIVER,2,2039021,,CHEVROLET,CRUZE,IL,2015,NONE,PASSENGER,PERSONAL,E,SLOW/STOP IN TRAFFIC,,,3,,,,,,,,,Y,Y,Y,,,,,,,REAR,,,,,,,,,,,,,,,,,,,,,,,,,,,,,,,,,
2139024,ace6add124971aef122b113da464d686406a1ed26af857f58bb932b54569286dcb1db6512542514e6ad6bd210dcbbe9cea7555e0fa3fc49bcd8d0a088c848968,08/28/2025 05:35:00 PM,1,DRIVER,,2039069,,FORD,ECONOLINE E250,IL,1996,BRAKES,VAN/MINI-VAN,PERSONAL,N,U-TURN,Y,,1,,,,,,,,,,,,,,,,Y,,FRONT,,,,,,,,,,,,,,,,,,,,,,,,,,,,,,,,,
2139025,ace6add124971aef122b113da464d686406a1ed26af857f58bb932b54569286dcb1db6512542514e6ad6bd210dcbbe9cea7555e0fa3fc49bcd8d0a088c848968,08/28/2025 05:35:00 PM,2,DRIVERLESS,,2039073,,NISSAN,PATHFINDER,IL,2004,NONE,SPORT UTILITY VEHICLE (SUV),PERSONAL,S,PARKED,,,0,,,,,,,,,,Y,,,,,,,,REAR,,,,,,,,,,,,,,,,,,,,,,,,,,,,,,,,,
2139002,5745bd4d6e748f0b053b02a87cde29c17388b457103d61e1c9e7e8c0a13ac12c484d94ce39d0582303b5ca6e10aa9f535d355f7a7cbf6214836da85f36bc0549,08/28/2025 05:30:00 PM,1,DRIVER,,2039048,,TOYOTA,YARIS,IL,2010,UNKNOWN,PASSENGER,PERSONAL,UNKNOWN,CHANGING LANES,,,1,,,,,Y,Y,,,,,,,,,,,,FRONT-RIGHT-CORNER,,,,,,,,,,,,,,,,,,,,,,,,,,,,,,,,,
2139003,5745bd4d6e748f0b053b02a87cde29c17388b457103d61e1c9e7e8c0a13ac12c484d94ce39d0582303b5ca6e10aa9f535d355f7a7cbf6214836da85f36bc0549,08/28/2025 05:30:00 PM,2,DRIVER,,2039057,,FORD,BRONCO / BRONCO II,IL,2023,UNKNOWN,SPORT UTILITY VEHICLE (SUV),PERSONAL,UNKNOWN,STRAIGHT AHEAD,,,1,,,,,,,,,,,Y,Y,Y,,,,,SIDE-LEFT-REAR,,,,,,,,,,,,,,,,,,,,,,,,,,,,,,,,,
2139063,63313ea20d7120fc30a54ca63519877a33649c163baa2bb2994ed7ff86cf6a5f34e1faa518995ab592deec7bbc911b5500135a8438b6d7cc8df29837c1e254b8,08/28/2025 05:30:00 PM,1,DRIVER,,2039091,,KAWASAKI,MOTORCYCLE,IL,2025,NONE,MOTORCYCLE (OVER 150CC),PERSONAL,N,STRAIGHT AHEAD,,,1,,,,,,,,,,,,,,,,Y,,FRONT,,,,,,,,,,,,,,,,,,,,,,,,,,,,,,,,,
2139064,63313ea20d7120fc30a54ca63519877a33649c163baa2bb2994ed7ff86cf6a5f34e1faa518995ab592deec7bbc911b5500135a8438b6d7cc8df29837c1e254b8,08/28/2025 05:30:00 PM,2,DRIVER,,2039097,,FORD,OTHER (EXPLAIN IN NARRATIVE),IL,2016,NONE,PASSENGER,DRIVER EDUCATION,N,SLOW/STOP IN TRAFFIC,,,1,,,,,,,,,,Y,,,,,,,,REAR,,,,,,,,,,,,,,,,,,,,,,,,,,,,,,,,,
2139468,7c68bc1dbf2554f627a9a7396c40ae8cf8fb24626d86f7398433f67127f55e1c0c0ddd65c476ae6b94b7b1538629527a7b68249a5c27fa7084003df4d5129d17,08/28/2025 05:30:00 PM,1,DRIVER,,2039486,,GENERAL MOTORS CORPORATION (GMC),ACADIA,IL,2017,UNKNOWN,SPORT UTILITY VEHICLE (SUV),PERSONAL,N,BACKING,,,1,,,,,,,,,,,Y,Y,,,,,,SIDE-LEFT-REAR,,,,,,,,,,,,,,,,,,,,,,,,,,,,,,,,,
2139469,7c68bc1dbf2554f627a9a7396c40ae8cf8fb24626d86f7398433f67127f55e1c0c0ddd65c476ae6b94b7b1538629527a7b68249a5c27fa7084003df4d5129d17,08/28/2025 05:30:00 PM,2,PARKED,,2039489,,SUBARU,CROSSTREK,IN,2019,UNKNOWN,PASSENGER,UNKNOWN/NA,E,PARKED,,,0,,,,,,,,,,,Y,Y,,,,,,SIDE-LEFT-REAR,,,,,,,,,,,,,,,,,,,,,,,,,,,,,,,,,
2139055,a80d1f76fe3286c38938e36b7e05a9b2cd1b9c370b9991f9a7f3fd702380f8084beba5475b7d89620922f6ff8a5467e4003160751d0547331820ffd9e416c0a7,08/28/2025 05:30:00 PM,2,DRIVER,,2039086,,GENERAL MOTORS CORPORATION (GMC),TERRAIN,IL,2020,NONE,SPORT UTILITY VEHICLE (SUV),PERSONAL,S,STRAIGHT AHEAD,,,1,,,,,Y,Y,Y,Y,Y,,,,,,,,,SIDE-RIGHT,,,,,,,,,,,,,,,,,,,,,,,,,,,,,,,,,
2139056,a80d1f76fe3286c38938e36b7e05a9b2cd1b9c370b9991f9a7f3fd702380f8084beba5475b7d89620922f6ff8a5467e4003160751d0547331820ffd9e416c0a7,08/28/2025 05:30:00 PM,1,DRIVER,,2039090,,TOYOTA,OTHER (EXPLAIN IN NARRATIVE),IL,2017,NONE,PASSENGER,PERSONAL,S,STRAIGHT AHEAD,,,1,,,,,,,,,,,Y,Y,Y,Y,Y,,,SIDE-LEFT,,,,,,,,,,,,,,,,,,,,,,,,,,,,,,,,,
2138970,daa3f2cbbd4a878626daf8cb04ed3817df2b2539c3e5d07400cb73f6332cf83a0ed8a76cb12f83da32554cabf4b35c77a2cf57c8592243a024ad0f4162f8776c,08/28/2025 05:30:00 PM,1,DRIVER,,2039010,,GENERAL MOTORS CORPORATION (GMC),ACADIA,IL,2006,NONE,PASSENGER,UNKNOWN/NA,N,STRAIGHT AHEAD,,,1,,,,,Y,,,,,,,,,,Y,Y,Y,FRONT,,,,,,,,,,,,,,,,,,,,,,,,,,,,,,,,,
2138971,daa3f2cbbd4a878626daf8cb04ed3817df2b2539c3e5d07400cb73f6332cf83a0ed8a76cb12f83da32554cabf4b35c77a2cf57c8592243a024ad0f4162f8776c,08/28/2025 05:30:00 PM,2,DRIVER,,2039014,,FORD,EXPLORER,IL,2012,NONE,PASSENGER,PERSONAL,N,STRAIGHT AHEAD,,,1,,,,,,,,,Y,Y,Y,,,,,,Y,REAR,,,,,,,,,,,,,,,,,,,,,,,,,,,,,,,,,
2139061,efdc6283f8624481f24e3770236f6f00bd82ed82fce6ffd0dc2f78d53fd9ab45d65d988b41c4420af8375a0618c205cd9c6cfe555432078b972fb684200c42c1,08/28/2025 05:30:00 PM,1,DRIVER,,2039092,,INFINITI,M35,IL,2009,OTHER,PASSENGER,UNKNOWN/NA,S,STRAIGHT AHEAD,,,1,,,,,,,,,,,,,,,,Y,,FRONT,,,,,,,,,,,,,,,,,,,,,,,,,,,,,,,,,
2139062,efdc6283f8624481f24e3770236f6f00bd82ed82fce6ffd0dc2f78d53fd9ab45d65d988b41c4420af8375a0618c205cd9c6cfe555432078b972fb684200c42c1,08/28/2025 05:30:00 PM,2,DRIVER,,2039100,,NISSAN,OTHER (EXPLAIN IN NARRATIVE),IL,2011,UNKNOWN,PASSENGER,UNKNOWN/NA,S,STRAIGHT AHEAD,,,1,,,,,,,,,,Y,,,,,,,,REAR,,,,,,,,,,,,,,,,,,,,,,,,,,,,,,,,,
2139034,f139e683b04881f20c16216ca14bafe6bbeb92ef978dba53559b8c8ba21868de40c213c1f0eaebd6ebc4dd9a6c43d9dcd9118f39768bf08351235a6cd87b176a,08/28/2025 05:28:00 PM,1,DRIVER,,2039072,,CHEVROLET,MALIBU,IL,2021,NONE,PASSENGER,PERSONAL,SE,TURNING LEFT,,,1,,,,N,,,,,,,,,,,Y,,,FRONT-LEFT-CORNER,,,,,,,,,,,,,,,,,,,,,,,,,,,,,,,,,
2139035,f139e683b04881f20c16216ca14bafe6bbeb92ef978dba53559b8c8ba21868de40c213c1f0eaebd6ebc4dd9a6c43d9dcd9118f39768bf08351235a6cd87b176a,08/28/2025 05:28:00 PM,2,DRIVER,,2039081,,TOYOTA,4RUNNER,IL,2016,NONE,SPORT UTILITY VEHICLE (SUV),PERSONAL,W,SLOW/STOP IN TRAFFIC,,,1,,,,,,,,,,,,,,,Y,Y,,FRONT,,,,,,,,,,,,,,,,,,,,,,,,,,,,,,,,,
2138964,60891286a2007f99160c889df28ab9d7a3866de3037bc891ef060405470802f6d52b0f4272c4fca17da698ea2832dde6668ce33a95eb253d7b5dd70a4564f48c,08/28/2025 05:25:00 PM,1,BICYCLE,,,,,,,,,,,,,,,,,,,,,,,,,,,,,,,,,,,,,,,,,,,,,,,,,,,,,,,,,,,,,,,,,,
2138965,60891286a2007f99160c889df28ab9d7a3866de3037bc891ef060405470802f6d52b0f4272c4fca17da698ea2832dde6668ce33a95eb253d7b5dd70a4564f48c,08/28/2025 05:25:00 PM,2,DRIVER,6,2039016,,DODGE,SRT-4,IL,2021,NONE,PASSENGER,PERSONAL,N,STRAIGHT AHEAD,,,7,,,,,,,,,,Y,,,,,,,,REAR,,,,,,,,,,,,,,,,,,,,,,,,,,,,,,,,,
2139000,bd8337eda84d87e40c0659e6f2768394f7bbb53ef5af299cdea4a96b376361e6fe4694916a4d8fc616c31611ce2ba52bfb9e894462e0321af6da3f080800beaf,08/28/2025 05:20:00 PM,1,DRIVER,,2039046,,BUICK,OTHER (EXPLAIN IN NARRATIVE),,,UNKNOWN,UNKNOWN/NA,UNKNOWN/NA,N,PASSING/OVERTAKING,,,1,,,,,,Y,,,,,,,,,,,,SIDE-RIGHT,,,,,,,,,,,,,,,,,,,,,,,,,,,,,,,,,
2139001,bd8337eda84d87e40c0659e6f2768394f7bbb53ef5af299cdea4a96b376361e6fe4694916a4d8fc616c31611ce2ba52bfb9e894462e0321af6da3f080800beaf,08/28/2025 05:20:00 PM,2,DRIVER,,2039052,,NOVA BUS,LFS,IL,2000,NONE,BUS OVER 15 PASS.,CTA,N,STRAIGHT AHEAD,,,1,,,,,,,,,,,,,,Y,,,,SIDE-LEFT,,,,,,,,,,,,,,,,,,,,,,,,,,,,,,,,,
2138935,e4e2f0819b8395a8ae94a9f3ae6008b4c3f59c5058b3e7ca4ab403b6c127e98adfc1a4d3b998ce3aeda248f2820fd5b46e40041e41f69930a37ba01ea7c724f2,08/28/2025 05:18:00 PM,1,DRIVER,1,2038990,,MERCEDES-BENZ,GLC,IL,2017,NONE,PASSENGER,PERSONAL,W,STRAIGHT AHEAD,,,2,,,,,,Y,Y,,,,,,,,,,,SIDE-RIGHT,,,,,,,,,,,,,,,,,,,,,,,,,,,,,,,,,
2138936,e4e2f0819b8395a8ae94a9f3ae6008b4c3f59c5058b3e7ca4ab403b6c127e98adfc1a4d3b998ce3aeda248f2820fd5b46e40041e41f69930a37ba01ea7c724f2,08/28/2025 05:18:00 PM,2,PEDESTRIAN,,,,,,,,,,,,,,,,,,,,,,,,,,,,,,,,,,,,,,,,,,,,,,,,,,,,,,,,,,,,,,,,,,
2138946,0d1411596bd886e5966778cf88a4a8ce8796864efd5a54c947dba2587993d6de6f8d1985bdb9e5e20ed4d2e0f34bb59428c694668f8380a5b3143389a8236cff,08/28/2025 05:15:00 PM,1,DRIVER,,2039019,,CHEVROLET,SILVERADO,IL,2008,NONE,PASSENGER,PERSONAL,S,TURNING RIGHT,,,1,,,,,Y,,,,,,,,,,Y,Y,,FRONT,,,,,,,,,,,,,,,,,,,,,,,,,,,,,,,,,
2138947,0d1411596bd886e5966778cf88a4a8ce8796864efd5a54c947dba2587993d6de6f8d1985bdb9e5e20ed4d2e0f34bb59428c694668f8380a5b3143389a8236cff,08/28/2025 05:15:00 PM,2,DRIVER,,2039024,,FORD,FIVE HUNDRED,IL,2005,NONE,PASSENGER,PERSONAL,E,STRAIGHT AHEAD,,,1,,,,,Y,,,,,,,,,,Y,Y,,FRONT,,,,,,,,,,,,,,,,,,,,,,,,,,,,,,,,,
2139012,9c28f73fc894ee5ed0042a34d0391d30ec5bbe4ae5396fbafbeab5af2e04437e1e1f7e1c9f3f12b1375daf8d36e9a2007b7e5028029cd366ba977f406704c513,08/28/2025 05:15:00 PM,1,DRIVER,,2039054,,GENERAL MOTORS CORPORATION (GMC),ACADIA,IL,2018,NONE,SPORT UTILITY VEHICLE (SUV),PERSONAL,UNKNOWN,BACKING,,,1,,,,,,,,,,,Y,,,,,,,REAR-LEFT-CORNER,,,,,,,,,,,,,,,,,,,,,,,,,,,,,,,,,
2139013,9c28f73fc894ee5ed0042a34d0391d30ec5bbe4ae5396fbafbeab5af2e04437e1e1f7e1c9f3f12b1375daf8d36e9a2007b7e5028029cd366ba977f406704c513,08/28/2025 05:15:00 PM,2,PARKED,,2039058,,TOYOTA,4RUNNER,IL,2023,NONE,SPORT UTILITY VEHICLE (SUV),PERSONAL,UNKNOWN,PARKED,,,0,,,,,,,,,,,Y,,,,,,,REAR-LEFT-CORNER,,,,,,,,,,,,,,,,,,,,,,,,,,,,,,,,,
2138955,c87b4baea167eb343d8ceda4c98b6b4818cb326c8ead33e3110bfd4c044662984ee5e60903fb0d140df4063babd4123f51eaec7b5431b5f7987390efebbca137,08/28/2025 05:15:00 PM,1,DRIVER,1,2039006,,NISSAN,PATHFINDER,IL,2013,NONE,PASSENGER,PERSONAL,N,STRAIGHT AHEAD,,,2,,,,,,,Y,Y,,,,,,,,,,SIDE-RIGHT-REAR,,,,,,,,,,,,,,,,,,,,,,,,,,,,,,,,,
2139040,c87b4baea167eb343d8ceda4c98b6b4818cb326c8ead33e3110bfd4c044662984ee5e60903fb0d140df4063babd4123f51eaec7b5431b5f7987390efebbca137,08/28/2025 05:15:00 PM,2,PEDESTRIAN,,,,,,,,,,,,,,,,,,,,,,,,,,,,,,,,,,,,,,,,,,,,,,,,,,,,,,,,,,,,,,,,,,
2138958,f281864670d7ccec89fb963ea40a3df1f8338e642bf9c392fcd173a1f09ee5ab2e9cc8645863bbf608f3f92300d0559c80b7ee18d05194cd712e563ef7362752,08/28/2025 05:15:00 PM,1,DRIVER,,2039011,,CADILLAC,STS,IL,2006,UNKNOWN,PASSENGER,PERSONAL,N,CHANGING LANES,Y,,1,,City of Chicago,Pound 6,,Y,,,,,,,,,Y,Y,Y,,FRONT-LEFT-CORNER,,,,,,,,,,,,,,,,,,,,,,,,,,,,,,,,,
2138959,f281864670d7ccec89fb963ea40a3df1f8338e642bf9c392fcd173a1f09ee5ab2e9cc8645863bbf608f3f92300d0559c80b7ee18d05194cd712e563ef7362752,08/28/2025 05:15:00 PM,2,DRIVER,,2039030,,JEEP,GRAND CHEROKEE,IL,2005,NONE,PASSENGER,PERSONAL,S,STRAIGHT AHEAD,Y,,1,,unk,unk,,,,,,,,,,,Y,Y,Y,,FRONT-LEFT-CORNER,,,,,,,,,,,,,,,,,,,,,,,,,,,,,,,,,
2138974,b6f140c940e79a969fc85d7b6e03d626a9280cca17b05c7e78db480c7feb5753c5d3d68fb4337ee107e50f4f6fa258fae6ae0811fa4d48dee756072248f1b8e2,08/28/2025 05:14:00 PM,1,DRIVER,2,2039025,,FORD,EXPEDITION,IL,2001,UNKNOWN,SPORT UTILITY VEHICLE (SUV),PERSONAL,S,TURNING LEFT,Y,,3,,streets & san,IMPOUND,,,,,,,,,,,,,,,FRONT,,,,,,,,,,,,,,,,,,,,,,,,,,,,,,,,,
2138975,b6f140c940e79a969fc85d7b6e03d626a9280cca17b05c7e78db480c7feb5753c5d3d68fb4337ee107e50f4f6fa258fae6ae0811fa4d48dee756072248f1b8e2,08/28/2025 05:14:00 PM,2,PEDESTRIAN,,,,,,,,,,,,,,,,,,,,,,,,,,,,,,,,,,,,,,,,,,,,,,,,,,,,,,,,,,,,,,,,,,
2138918,bd8e10204485aaefd3d5d3931b9abfd4426e560a71abac52db1c46e504156d224cb9939d16ea39be3a01b1638e186736cec6cae8639aba4a138417292f068603,08/28/2025 05:08:00 PM,1,DRIVER,,2038966,,NISSAN,SENTRA,IL,,UNKNOWN,PASSENGER,UNKNOWN/NA,N,TURNING RIGHT,,,1,,,,,,,,,,,,,,,,,Y,UNKNOWN,,,,,,,,,,,,,,,,,,,,,,,,,,,,,,,,,
2138919,bd8e10204485aaefd3d5d3931b9abfd4426e560a71abac52db1c46e504156d224cb9939d16ea39be3a01b1638e186736cec6cae8639aba4a138417292f068603,08/28/2025 05:08:00 PM,2,DRIVER,,2038976,N,NEW FLYER,OTHER (EXPLAIN IN NARRATIVE),IL,2006,NONE,BUS OVER 15 PASS.,CTA,N,OTHER,,,1,,,,,,,,,,,,,,Y,Y,Y,,FRONT-LEFT-CORNER,,,,,,,,,,,,,,,,,,,,,,,,,,,,,,,,,
2138948,8b483934e51b1cd32f3c873b48505f00c6c3a2786edca4de925217c67215d4be9467dc2bcf1f6d867f80d5d7056637ce6f27ba52a4243a61182bc6b7f1c0bc62,08/28/2025 05:07:00 PM,1,DRIVER,,2038997,,FORD,FUSION,IL,2016,UNKNOWN,PASSENGER,PERSONAL,W,TURNING LEFT,,,1,,,,,Y,,,,,,,,,,Y,Y,,FRONT,,,,,,,,,,,,,,,,,,,,,,,,,,,,,,,,,
2138949,8b483934e51b1cd32f3c873b48505f00c6c3a2786edca4de925217c67215d4be9467dc2bcf1f6d867f80d5d7056637ce6f27ba52a4243a61182bc6b7f1c0bc62,08/28/2025 05:07:00 PM,2,PEDESTRIAN,,,,,,,,,,,,,,,,,,,,,,,,,,,,,,,,,,,,,,,,,,,,,,,,,,,,,,,,,,,,,,,,,,
2138984,b1e06fa69ee273f6ca11bd9535230d8d5ab471059fef175cb33ab14525ed9affecbfeeeaedd5e2aa23ca233010d3aa2b5fdac991c42616e1e66e6d813a59389b,08/28/2025 05:02:00 PM,1,DRIVER,,2039036,,FORD,OTHER (EXPLAIN IN NARRATIVE),IL,2015,NONE,PASSENGER,PERSONAL,S,STRAIGHT AHEAD,,,1,,,,,,,,,,,,,,,,Y,,FRONT,,,,,,,,,,,,,,,,,,,,,,,,,,,,,,,,,