CRASH_UNIT_ID,CRASH_RECORD_ID,CRASH_DATE,UNIT_NO,UNIT_TYPE,NUM_PASSENGERS,VEHICLE_ID,CMRC_VEH_I,MAKE,MODEL,LIC_PLATE_STATE,VEHICLE_YEAR,VEHICLE_DEFECT,VEHICLE_TYPE,VEHICLE_USE,TRAVEL_DIRECTION,MANEUVER,TOWED_I,FIRE_I,OCCUPANT_CNT,EXCEED_SPEED_LIMIT_I,TOWED_BY,TOWED_TO,AREA_00_I,AREA_01_I,AREA_02_I,AREA_03_I,AREA_04_I,AREA_05_I,AREA_06_I,AREA_07_I,AREA_08_I,AREA_09_I,AREA_10_I,AREA_11_I,AREA_12_I,AREA_99_I,FIRST_CONTACT_POINT,CMV_ID,USDOT_NO,CCMC_NO,ILCC_NO,COMMERCIAL_SRC,GVWR,CARRIER_NAME,CARRIER_STATE,CARRIER_CITY,HAZMAT_PLACARDS_I,HAZMAT_NAME,UN_NO,HAZMAT_PRESENT_I,HAZMAT_REPORT_I,HAZMAT_REPORT_NO,MCS_REPORT_I,MCS_REPORT_NO,HAZMAT_VIO_CAUSE_CRASH_I,MCS_VIO_CAUSE_CRASH_I,IDOT_PERMIT_NO,WIDE_LOAD_I,TRAILER1_WIDTH,TRAILER2_WIDTH,TRAILER1_LENGTH,TRAILER2_LENGTH,TOTAL_VEHICLE_LENGTH,AXLE_CNT,VEHICLE_CONFIG,CARGO_BODY_TYPE,LOAD_TYPE,HAZMAT_OUT_OF_SERVICE_I,MCS_OUT_OF_SERVICE_I,HAZMAT_CLASS
2138985,b1e06fa69ee273f6ca11bd9535230d8d5ab471059fef175cb33ab14525ed9affecbfeeeaedd5e2aa23ca233010d3aa2b5fdac991c42616e1e66e6d813a59389b,08/28/2025 05:02:00 PM,2,DRIVER,1,2039055,,AUDI,OTHER (EXPLAIN IN NARRATIVE),IL,2018,UNKNOWN,PASSENGER,PERSONAL,S,STRAIGHT AHEAD,,,2,,,,,,,Y,,Y,Y,,,,,,,,REAR,,,,,,,,,,,,,,,,,,,,,,,,,,,,,,,,,
2139392,40ef392d2b9b8df4e4d753c484d1ac4df9ea421fc51d0a74fabfa60c59622df9638548cbf4f2cc05084b5f3ba9a7eb3af1a75e0f31c8ac1dab661db0ac8d04da,08/28/2025 05:00:00 PM,1,DRIVER,,2039418,,BUICK,ENCORE,IL,2013,UNKNOWN,PASSENGER,PERSONAL,E,TURNING RIGHT,,,1,,,,,Y,Y,Y,,,,,,,,,Y,,FRONT-RIGHT-CORNER,,,,,,,,,,,,,,,,,,,,,,,,,,,,,,,,,
2139393,40ef392d2b9b8df4e4d753c484d1ac4df9ea421fc51d0a74fabfa60c59622df9638548cbf4f2cc05084b5f3ba9a7eb3af1a75e0f31c8ac1dab661db0ac8d04da,08/28/2025 05:00:00 PM,2,DRIVER,,2039424,,NISSAN,ALTIMA,IL,2018,UNKNOWN,PASSENGER,PERSONAL,E,STRAIGHT AHEAD,,,1,,,,,,Y,,,,,,,Y,Y,Y,,,SIDE-LEFT,,,,,,,,,,,,,,,,,,,,,,,,,,,,,,,,,
2138926,71fa3cdd4ffd2dcd3026890a300fee71951b5a813809645706a5ac40aa8246264e9140296c79317e731e2f7fe6c77d1cb6eb319a2bef9cd773e2c183b9b6ca5c,08/28/2025 05:00:00 PM,1,DRIVER,,2038975,,TOYOTA,PRIUS,IL,2011,UNKNOWN,PASSENGER,PERSONAL,NW,STRAIGHT AHEAD,,,1,,,,,,,,,,,,,,Y,Y,Y,,FRONT-LEFT-CORNER,,,,,,,,,,,,,,,,,,,,,,,,,,,,,,,,,
2138927,71fa3cdd4ffd2dcd3026890a300fee71951b5a813809645706a5ac40aa8246264e9140296c79317e731e2f7fe6c77d1cb6eb319a2bef9cd773e2c183b9b6ca5c,08/28/2025 05:00:00 PM,2,DRIVER,,2038989,,FORD,ESCAPE,IL,2013,UNKNOWN,PASSENGER,PERSONAL,W,STRAIGHT AHEAD,,,1,,,,,,,,,,,Y,Y,Y,Y,,,,SIDE-LEFT-FRONT,,,,,,,,,,,,,,,,,,,,,,,,,,,,,,,,,
2138966,93da7c97ba690ca0dfdafa6821f4cd9869c58e45b82097d239c060a85783c967a2f0723c0394a7e6120fae5146197a36cf9789eb35fd813ce35caa552ff4169b,08/28/2025 05:00:00 PM,1,DRIVER,,2039004,,BUICK,OTHER (EXPLAIN IN NARRATIVE),,,UNKNOWN,PASSENGER,UNKNOWN/NA,W,STRAIGHT AHEAD,,,1,,,,,,,,,,,,,,,,,,UNKNOWN,,,,,,,,,,,,,,,,,,,,,,,,,,,,,,,,,
2138967,93da7c97ba690ca0dfdafa6821f4cd9869c58e45b82097d239c060a85783c967a2f0723c0394a7e6120fae5146197a36cf9789eb35fd813ce35caa552ff4169b,08/28/2025 05:00:00 PM,2,BICYCLE,,,,,,,,,,,,,,,,,,,,,,,,,,,,,,,,,,,,,,,,,,,,,,,,,,,,,,,,,,,,,,,,,,
2138994,e8fea57220d38f9859137b440585ffe2ff5d21d7ad658bc12186c44c45fc699ee79f73e0a79ecc35cb4489bc98558be60b1e0bfa55989e3b47e43278c594f217,08/28/2025 05:00:00 PM,1,DRIVER,,2039042,,TOYOTA,COROLLA,IL,2004,NONE,PASSENGER,PERSONAL,E,TURNING RIGHT,,,1,,,,Y,,,,,,,,,,,,,,FRONT-RIGHT-CORNER,,,,,,,,,,,,,,,,,,,,,,,,,,,,,,,,,
2138995,e8fea57220d38f9859137b440585ffe2ff5d21d7ad658bc12186c44c45fc699ee79f73e0a79ecc35cb4489bc98558be60b1e0bfa55989e3b47e43278c594f217,08/28/2025 05:00:00 PM,2,PEDESTRIAN,,,,,,,,,,,,,,,,,,,,,,,,,,,,,,,,,,,,,,,,,,,,,,,,,,,,,,,,,,,,,,,,,,
2138944,e495d3041a6152baa30e06a6e014530b692b97075814e633c6c3d7b6085c7d9ad4ca77edeac279765caf68b0906a5643b3b736e3d6137b24c1b0e3cdfc9bf4ed,08/28/2025 04:53:00 PM,1,DRIVER,,2038995,,NISSAN,PATHFINDER,IL,2015,UNKNOWN,PASSENGER,PERSONAL,N,STARTING IN TRAFFIC,,,1,,,,,,,,,,,,,,,Y,Y,,FRONT,,,,,,,,,,,,,,,,,,,,,,,,,,,,,,,,,
2138945,e495d3041a6152baa30e06a6e014530b692b97075814e633c6c3d7b6085c7d9ad4ca77edeac279765caf68b0906a5643b3b736e3d6137b24c1b0e3cdfc9bf4ed,08/28/2025 04:53:00 PM,2,DRIVER,,2039003,,LEXUS,NX,IL,,NONE,PASSENGER,PERSONAL,N,STRAIGHT AHEAD,,,1,,,,,,,,Y,Y,Y,,,,,,,,REAR-RIGHT-CORNER,,,,,,,,,,,,,,,,,,,,,,,,,,,,,,,,,
2139036,f508bc991662101c1236e555d870e2b1c90cba0d109f506306affd97e5268b10b3305519e0fed194975e532239e01a8758710e744443b572660b0b71aa6b4d86,08/28/2025 04:53:00 PM,1,DRIVER,,2039062,,MAZDA,MAZDA3,GA,2008,NONE,PASSENGER,PERSONAL,W,STRAIGHT AHEAD,Y,,1,,CITY OF CHICAGO,POUND 6,,Y,,,,,,,,,,Y,Y,,FRONT,,,,,,,,,,,,,,,,,,,,,,,,,,,,,,,,,
2139037,f508bc991662101c1236e555d870e2b1c90cba0d109f506306affd97e5268b10b3305519e0fed194975e532239e01a8758710e744443b572660b0b71aa6b4d86,08/28/2025 04:53:00 PM,2,PARKED,,2039070,,KIA,SORENTO,IL,2023,NONE,PASSENGER,PERSONAL,W,PARKED,Y,,0,,PRIVATE TOW,,,,,,,Y,Y,Y,,,,,,,REAR,,,,,,,,,,,,,,,,,,,,,,,,,,,,,,,,,
2138931,06cb5482c94ca4e7fa1e844e7dff592719a11bbf26cc0f51e32213921eb530ddf9d8728547b7231d58be68fdeeae3ebe41af6ee93082c373b01cf2ee3fc51f81,08/28/2025 04:50:00 PM,1,DRIVER,,2038978,,UNKNOWN,MOTORIZED,,,UNKNOWN,UNKNOWN/NA,UNKNOWN/NA,S,STRAIGHT AHEAD,,,1,,,,,,,,,,,,,,,,,Y,SIDE-RIGHT-FRONT,,,,,,,,,,,,,,,,,,,,,,,,,,,,,,,,,
2138932,06cb5482c94ca4e7fa1e844e7dff592719a11bbf26cc0f51e32213921eb530ddf9d8728547b7231d58be68fdeeae3ebe41af6ee93082c373b01cf2ee3fc51f81,08/28/2025 04:50:00 PM,2,DRIVER,,2038994,Y,UNKNOWN,MOTORIZED,,,NONE,BUS OVER 15 PASS.,OTHER,S,STRAIGHT AHEAD,,,1,,,,,,,,,,,,,,,,,,SIDE-LEFT,"22,097",,,,,,PACE BUS,,,,,,N,N,,N,,N,N,,,,,,,,,,,,N,N,
2138960,5aca76697eca273fcf282e9c7aad5a328f3f94c34e254755c89b9aaf25abb7b0a58ba779220c52941399ea3cec45a3a6b8c37324dec1335ae7641239a7e25ae5,08/28/2025 04:50:00 PM,1,DRIVER,,2039008,,HYUNDAI,SONATA,IL,2013,UNKNOWN,PASSENGER,PERSONAL,S,UNKNOWN/NA,,,1,,,,,,,,,,,,,,,,,Y,UNKNOWN,,,,,,,,,,,,,,,,,,,,,,,,,,,,,,,,,
2138961,5aca76697eca273fcf282e9c7aad5a328f3f94c34e254755c89b9aaf25abb7b0a58ba779220c52941399ea3cec45a3a6b8c37324dec1335ae7641239a7e25ae5,08/28/2025 04:50:00 PM,2,PARKED,2,2039012,,HONDA,PILOT,IL,2021,UNKNOWN,SPORT UTILITY VEHICLE (SUV),PERSONAL,S,PARKED,,,2,,,,,,,,,,,Y,Y,,,,,,SIDE-LEFT-REAR,,,,,,,,,,,,,,,,,,,,,,,,,,,,,,,,,
2138888,e142c42d2a9c7610b79a842061be85cc09116e27ad3ee6e07e1a1e95ddbfde3134474028fb0ca3566d78b6d9aa093a794f2a48333f77a1ca28e0537d62607923,08/28/2025 04:50:00 PM,1,DRIVER,,2038945,,NISSAN,VERSA,IL,2015,BRAKES,PASSENGER,PERSONAL,N,STRAIGHT AHEAD,Y,,1,,,,,,,,,,,,,,,Y,Y,,FRONT-LEFT-CORNER,,,,,,,,,,,,,,,,,,,,,,,,,,,,,,,,,
2138889,e142c42d2a9c7610b79a842061be85cc09116e27ad3ee6e07e1a1e95ddbfde3134474028fb0ca3566d78b6d9aa093a794f2a48333f77a1ca28e0537d62607923,08/28/2025 04:50:00 PM,2,DRIVER,,2038956,,CHEVROLET,EQUINOX,IL,2026,NONE,SPORT UTILITY VEHICLE (SUV),PERSONAL,N,SLOW/STOP IN TRAFFIC,,,1,,,,,,,,,Y,Y,Y,,,,,,,REAR-RIGHT-CORNER,,,,,,,,,,,,,,,,,,,,,,,,,,,,,,,,,
2138937,6884a08c554effffc3358ceba68f82554f728092fd93ab60b76c3e5fe822cebf1393e96d066d364792f5b5edeed2b5390af22a164cc266161f0378c85046709d,08/28/2025 04:45:00 PM,1,DRIVER,,2038985,,KIA,FORTE,IL,2014,UNKNOWN,PASSENGER,UNKNOWN/NA,W,STRAIGHT AHEAD,,,1,,,,,Y,Y,Y,,,,,,Y,Y,Y,Y,,FRONT,,,,,,,,,,,,,,,,,,,,,,,,,,,,,,,,,
2138938,6884a08c554effffc3358ceba68f82554f728092fd93ab60b76c3e5fe822cebf1393e96d066d364792f5b5edeed2b5390af22a164cc266161f0378c85046709d,08/28/2025 04:45:00 PM,2,DRIVER,1,2039001,,TOYOTA,AVALON,IL,2018,NONE,PASSENGER,PERSONAL,E,TURNING LEFT,,,2,,,,,Y,Y,Y,Y,N,N,N,Y,Y,Y,Y,N,,TOTAL (ALL AREAS),,,,,,,,,,,,,,,,,,,,,,,,,,,,,,,,,
2138992,84e0e1ebd9fd2229c03134f20da9aa000e89d5df395eaab76e53c983cb74e795634d4326cc4103bd187ee68566a20944528c6f07c1f9b5c896904fca50470c5f,08/28/2025 04:45:00 PM,1,DRIVER,,2039043,,UNKNOWN,OTHER (EXPLAIN IN NARRATIVE),IL,,UNKNOWN,BUS UP TO 15 PASS.,UNKNOWN/NA,UNKNOWN,STRAIGHT AHEAD,,,1,,,,,,,,,,,,,,,,,Y,UNKNOWN,,,,,,,,,,,,,,,,,,,,,,,,,,,,,,,,,
2138993,84e0e1ebd9fd2229c03134f20da9aa000e89d5df395eaab76e53c983cb74e795634d4326cc4103bd187ee68566a20944528c6f07c1f9b5c896904fca50470c5f,08/28/2025 04:45:00 PM,2,PARKED,,2039075,,HYUNDAI,SONATA,IL,2015,NONE,PASSENGER,PERSONAL,UNKNOWN,PARKED,,,0,,,,,,,,,,,Y,Y,,,,,,SIDE-LEFT,,,,,,,,,,,,,,,,,,,,,,,,,,,,,,,,,
2138922,06161f2eb6a560ab6a67df42901cc3466f50b6ebdacb9c04f82a6455e05e0e9e45511d0196ef65a3cd610bd64a38293e713314bc7fe7baab47c9a4e9197de3d1,08/28/2025 04:42:00 PM,1,DRIVER,,2038993,,FORD,F150,IL,2000,UNKNOWN,PICKUP,PERSONAL,UNKNOWN,LEAVING TRAFFIC LANE TO PARK,,,1,,,,,,,,,,,,,,,,,Y,UNKNOWN,,,,,,,,,,,,,,,,,,,,,,,,,,,,,,,,,
2138923,06161f2eb6a560ab6a67df42901cc3466f50b6ebdacb9c04f82a6455e05e0e9e45511d0196ef65a3cd610bd64a38293e713314bc7fe7baab47c9a4e9197de3d1,08/28/2025 04:42:00 PM,2,PARKED,,2038973,,JEEP,CHEROKEE,KY,2017,UNKNOWN,SPORT UTILITY VEHICLE (SUV),PERSONAL,UNKNOWN,PARKED,,,0,,,,,,Y,,,,,,,,,,,,SIDE-RIGHT,,,,,,,,,,,,,,,,,,,,,,,,,,,,,,,,,
2138882,52e937464824fe19da171939608c13cd7cf99d78f442a99931dc5806344c02b543bdec06c88b2cb6812d52d9761ffb73e61fb333ec2109e368f34e63acac30ac,08/28/2025 04:39:00 PM,1,DRIVER,,2038936,,TOYOTA,RAV4,IL,,NONE,SPORT UTILITY VEHICLE (SUV),PERSONAL,W,BACKING,,,1,,,,,,,,,Y,,,,,,,,,REAR-RIGHT-CORNER,,,,,,,,,,,,,,,,,,,,,,,,,,,,,,,,,
2138883,52e937464824fe19da171939608c13cd7cf99d78f442a99931dc5806344c02b543bdec06c88b2cb6812d52d9761ffb73e61fb333ec2109e368f34e63acac30ac,08/28/2025 04:39:00 PM,2,PARKED,2,2038946,,CHEVROLET,MALIBU,IL,2022,NONE,PASSENGER,PERSONAL,W,PARKED,,,2,,,,,,Y,,,,,,,,,,,,SIDE-RIGHT-FRONT,,,,,,,,,,,,,,,,,,,,,,,,,,,,,,,,,
2138916,d382ec830b1f55eec51f12b4cc025b89237aa6424b7ff8f50259426e43c453f8731874b9fd7bdbf81a22ec2d891ba16fcf10c03dbd42095f1aa5908219e92a95,08/28/2025 04:36:00 PM,1,DRIVER,,2038981,,SUBARU,IMPREZA,IL,2020,UNKNOWN,PASSENGER,PERSONAL,S,STRAIGHT AHEAD,Y,,1,,private,unk,,Y,Y,,,,,,,,,,Y,,FRONT-RIGHT-CORNER,,,,,,,,,,,,,,,,,,,,,,,,,,,,,,,,,
2138917,d382ec830b1f55eec51f12b4cc025b89237aa6424b7ff8f50259426e43c453f8731874b9fd7bdbf81a22ec2d891ba16fcf10c03dbd42095f1aa5908219e92a95,08/28/2025 04:36:00 PM,2,DRIVER,,2038988,,ACURA,ADX,IL,2022,UNKNOWN,SPORT UTILITY VEHICLE (SUV),PERSONAL,E,STRAIGHT AHEAD,Y,,1,,private,unk,,,,,,,,,Y,Y,Y,Y,Y,,FRONT-LEFT-CORNER,,,,,,,,,,,,,,,,,,,,,,,,,,,,,,,,,
2139456,11d0666eb1ba881043b2ad6450d48fe4a7e46fa35171423e4669b4f9f1a595ad243613456b059ae6fa854dcec00b51d7ee3cd382c46576418873077f5b4388f8,08/28/2025 04:30:00 PM,1,DRIVER,,2039473,,"PETERBILT MOTORS COMPANY (DIVISION OF PACCAR, INC.)",OTHER (EXPLAIN IN NARRATIVE),IL,2018,UNKNOWN,TRACTOR W/O SEMI-TRAILER,OTHER,S,UNKNOWN/NA,,,1,,,,,Y,,,,,,,,,,,,,FRONT-RIGHT-CORNER,,,,,,,,,,,,,,,,,,,,,,,,,,,,,,,,,
2139457,11d0666eb1ba881043b2ad6450d48fe4a7e46fa35171423e4669b4f9f1a595ad243613456b059ae6fa854dcec00b51d7ee3cd382c46576418873077f5b4388f8,08/28/2025 04:30:00 PM,2,DRIVER,,2039480,,HONDA,CIVIC,IL,2008,UNKNOWN,PASSENGER,UNKNOWN/NA,S,UNKNOWN/NA,,,1,,,,,,,,,,,,,Y,Y,,,,SIDE-LEFT,,,,,,,,,,,,,,,,,,,,,,,,,,,,,,,,,
2138978,6f64c92531df3526a263044892dcdc7748beca8691a45e229ff782041065244befc131e32b83c8fb473512b9958a3bbeaf7a37efe29440ef6a67b13c7325e80d,08/28/2025 04:21:00 PM,1,DRIVER,,2039020,,UNKNOWN,OTHER (EXPLAIN IN NARRATIVE),,,UNKNOWN,UNKNOWN/NA,UNKNOWN/NA,W,STRAIGHT AHEAD,,,1,,,,,,,,,,,,,,N,,,Y,UNKNOWN,,,,,,,,,,,,,,,,,,,,,,,,,,,,,,,,,
2138979,6f64c92531df3526a263044892dcdc7748beca8691a45e229ff782041065244befc131e32b83c8fb473512b9958a3bbeaf7a37efe29440ef6a67b13c7325e80d,08/28/2025 04:21:00 PM,2,PARKED,,2039023,,STAR,STAR,IL,2020,UNKNOWN,BUS UP TO 15 PASS.,OTHER,W,PARKED,,,0,,,,,,,,,,,,,,Y,,,,SIDE-LEFT,,,,,,,,,,,,,,,,,,,,,,,,,,,,,,,,,
2138899,8ea47adb5c93bacb04b6abde34a98d1d841280d6b0304e5d94d12b811c15fc0bd907550d77683aa3a1165ac7e96edbf2c94c2c37b337d18fd97d005bea691dcf,08/28/2025 04:20:00 PM,1,DRIVER,,2038963,,FORD,OTHER (EXPLAIN IN NARRATIVE),IL,2024,UNKNOWN,BUS UP TO 15 PASS.,UNKNOWN/NA,W,UNKNOWN/NA,,,1,,,,,,,,,,,,,,,,,Y,UNKNOWN,,,,,,,,,,,,,,,,,,,,,,,,,,,,,,,,,
2138900,8ea47adb5c93bacb04b6abde34a98d1d841280d6b0304e5d94d12b811c15fc0bd907550d77683aa3a1165ac7e96edbf2c94c2c37b337d18fd97d005bea691dcf,08/28/2025 04:20:00 PM,2,PARKED,,2038977,,HYUNDAI,OTHER (EXPLAIN IN NARRATIVE),IL,2017,UNKNOWN,UNKNOWN/NA,NOT IN USE,W,PARKED,,,0,,,,,,,,,,,,,,,Y,,,FRONT-LEFT-CORNER,,,,,,,,,,,,,,,,,,,,,,,,,,,,,,,,,
2138835,d9bc7e49f051446aecc75c46f7e0b678c2693664ec24b9a4314facf2a25adc2eaf6c4411aec19244b7cba980e84db6ca964b6f6c9337e23cc880430cf9dda24a,08/28/2025 04:20:00 PM,1,PARKED,,2038889,,TESLA,MODEL 3,IL,2023,UNKNOWN,PASSENGER,UNKNOWN/NA,N,PARKED,,,0,,,,,,,,,,,,,,,,,Y,UNKNOWN,,,,,,,,,,,,,,,,,,,,,,,,,,,,,,,,,
2138836,d9bc7e49f051446aecc75c46f7e0b678c2693664ec24b9a4314facf2a25adc2eaf6c4411aec19244b7cba980e84db6ca964b6f6c9337e23cc880430cf9dda24a,08/28/2025 04:20:00 PM,2,BICYCLE,,,,,,,,,,,,,,,,,,,,,,,,,,,,,,,,,,,,,,,,,,,,,,,,,,,,,,,,,,,,,,,,,,
2138956,e48bcbe5acac8dc7bd3421da0329e099f49a280465a54aeb8b08ece7538b412c7fcafa958b8139abe60761af4f9ab325fc8acfaff58798b5eef7d8f1c522f213,08/28/2025 04:20:00 PM,1,DRIVER,,2038999,,FORD,FUSION,IL,2017,UNKNOWN,PASSENGER,PERSONAL,UNKNOWN,UNKNOWN/NA,,,1,,,,,Y,,,,,,,,,,Y,Y,,FRONT,,,,,,,,,,,,,,,,,,,,,,,,,,,,,,,,,
2138957,e48bcbe5acac8dc7bd3421da0329e099f49a280465a54aeb8b08ece7538b412c7fcafa958b8139abe60761af4f9ab325fc8acfaff58798b5eef7d8f1c522f213,08/28/2025 04:20:00 PM,2,DRIVER,,2039005,,JEEP,RENEGADE,IL,2022,UNKNOWN,PASSENGER,PERSONAL,UNKNOWN,UNKNOWN/NA,,,1,,,,,,,Y,Y,Y,Y,Y,Y,Y,,,,,REAR,,,,,,,,,,,,,,,,,,,,,,,,,,,,,,,,,
2140419,18d3a37aec32cc88b2f6921ef49469e92058a64f3423d9c3736cf6b82d44800446ab3cf135c52775b66ab509fb6d2c6cf861f7245c626f19055b1c89760ab3a8,08/28/2025 04:18:00 PM,1,DRIVER,,2040396,,JEEP,GRAND CHEROKEE,IL,2024,UNKNOWN,SPORT UTILITY VEHICLE (SUV),UNKNOWN/NA,W,STRAIGHT AHEAD,,,1,,,,,,,,,,,,,,,,,Y,FRONT,,,,,,,,,,,,,,,,,,,,,,,,,,,,,,,,,
2140420,18d3a37aec32cc88b2f6921ef49469e92058a64f3423d9c3736cf6b82d44800446ab3cf135c52775b66ab509fb6d2c6cf861f7245c626f19055b1c89760ab3a8,08/28/2025 04:18:00 PM,2,DRIVER,,2040390,,CHEVROLET,CORVETTE,IL,1978,UNKNOWN,PASSENGER,PERSONAL,W,STRAIGHT AHEAD,,,1,,,,,,,,,Y,Y,Y,,,,,,,REAR,,,,,,,,,,,,,,,,,,,,,,,,,,,,,,,,,
2138816,7cd3c2469efd7e338be541eaa3238468183dfd3c89f6737aaf16e99b03949f42b7981d791ead636bccc9973d1e1fb85ebc53cb632283ddc47bf5be80d43d56f7,08/28/2025 04:18:00 PM,1,DRIVER,,2038874,,HYUNDAI,SONATA,FL,2025,UNKNOWN,SPORT UTILITY VEHICLE (SUV),UNKNOWN/NA,E,STRAIGHT AHEAD,,,1,,,,,,,,,,,,,,Y,Y,,,FRONT-LEFT-CORNER,,,,,,,,,,,,,,,,,,,,,,,,,,,,,,,,,
2138817,7cd3c2469efd7e338be541eaa3238468183dfd3c89f6737aaf16e99b03949f42b7981d791ead636bccc9973d1e1fb85ebc53cb632283ddc47bf5be80d43d56f7,08/28/2025 04:18:00 PM,2,DRIVER,1,2038879,,TOYOTA,CAMRY,IL,2021,UNKNOWN,PASSENGER,PERSONAL,SW,TURNING LEFT,,,2,,,,,,,,,,,,,,Y,Y,Y,,FRONT-LEFT-CORNER,,,,,,,,,,,,,,,,,,,,,,,,,,,,,,,,,
2138862,c44ebb651c5cd1554a74a096cb4371c79c70bfd7ad1e921ebda4c533164f9a680d146568d5bcc73f960344e7b15ff8e5ba0943457578dd284fe3439e77c37a20,08/28/2025 04:16:00 PM,1,DRIVER,,2038922,,MERCEDES-BENZ,GLS,IL,2018,NONE,PASSENGER,PERSONAL,S,TURNING LEFT,,,1,,,,,Y,,,,,,,,,,,,,FRONT-RIGHT-CORNER,,,,,,,,,,,,,,,,,,,,,,,,,,,,,,,,,
2138863,c44ebb651c5cd1554a74a096cb4371c79c70bfd7ad1e921ebda4c533164f9a680d146568d5bcc73f960344e7b15ff8e5ba0943457578dd284fe3439e77c37a20,08/28/2025 04:16:00 PM,2,DRIVER,,2038925,,HONDA,ACCORD,IL,1996,NONE,PASSENGER,PERSONAL,E,STRAIGHT AHEAD,,,1,,,,,,,,,,,Y,,,,,,,REAR-LEFT-CORNER,,,,,,,,,,,,,,,,,,,,,,,,,,,,,,,,,
2138856,d8bf5fa1b64fdd39f430677db9bbccd6397081ceac1f18d4f23122f8af9413734067ce8c50f5adae8175c5dea3874b823dd3a5dab5d7b49b7796e1f415aa29b1,08/28/2025 04:15:00 PM,1,DRIVER,,2038908,,VOLVO,TRUCK,IL,2022,NONE,TRUCK - SINGLE UNIT,UNKNOWN/NA,S,STRAIGHT AHEAD,,,1,,,,,,,,,,,,,,,,Y,,FRONT,,,,,,,,,,,,,,,,,,,,,,,,,,,,,,,,,
2138857,d8bf5fa1b64fdd39f430677db9bbccd6397081ceac1f18d4f23122f8af9413734067ce8c50f5adae8175c5dea3874b823dd3a5dab5d7b49b7796e1f415aa29b1,08/28/2025 04:15:00 PM,2,DRIVER,,2038912,,HYUNDAI,OTHER (EXPLAIN IN NARRATIVE),IL,2024,NONE,PASSENGER,PERSONAL,S,SLOW/STOP IN TRAFFIC,,,1,,,,,,,,,,Y,,,,,,,,REAR,,,,,,,,,,,,,,,,,,,,,,,,,,,,,,,,,
2138892,bcd08f6e89525ce5e070e9f0f27c07b2da59db8b8df03aa12710db1f234402c56cd578e937377c762461dd90b1cf008d02fbe949fd18476dfcb690629b4d07d0,08/28/2025 04:13:00 PM,1,DRIVER,,2038951,,UNKNOWN,MOTORIZED,IL,,UNKNOWN,MOPED OR MOTORIZED BICYCLE,OTHER,S,STRAIGHT AHEAD,,,1,,,,,,,,,,,,,,,,,Y,FRONT,,,,,,,,,,,,,,,,,,,,,,,,,,,,,,,,,
2138893,bcd08f6e89525ce5e070e9f0f27c07b2da59db8b8df03aa12710db1f234402c56cd578e937377c762461dd90b1cf008d02fbe949fd18476dfcb690629b4d07d0,08/28/2025 04:13:00 PM,2,DRIVER,2,2038962,,CHEVROLET,MALIBU,IL,2020,NONE,PASSENGER,PERSONAL,N,TURNING LEFT,,,3,,,,,,,Y,Y,Y,,,,,,,,,SIDE-RIGHT-REAR,,,,,,,,,,,,,,,,,,,,,,,,,,,,,,,,,
2138860,49720a17265cef7bfb5e3d53aaf90b9b9bd480289acaf0570a462c9a99e00df9227f12fe766d4a0919e9c80eb5374fc9211c2cc059729a34d4c6f244b967c0bc,08/28/2025 04:10:00 PM,1,DRIVER,,2038919,,NISSAN,ALTIMA,IL,2009,NONE,PASSENGER,PERSONAL,N,ENTERING TRAFFIC LANE FROM PARKING,,,1,,,,,Y,Y,Y,Y,Y,,,,,,,,,FRONT-RIGHT-CORNER,,,,,,,,,,,,,,,,,,,,,,,,,,,,,,,,,
2138861,49720a17265cef7bfb5e3d53aaf90b9b9bd480289acaf0570a462c9a99e00df9227f12fe766d4a0919e9c80eb5374fc9211c2cc059729a34d4c6f244b967c0bc,08/28/2025 04:10:00 PM,2,DRIVER,,2038923,,TOYOTA,RAV4,IL,2024,NONE,SPORT UTILITY VEHICLE (SUV),PERSONAL,N,OTHER,,,1,,,,,,,,,,,Y,,,,,,,REAR-LEFT-CORNER,,,,,,,,,,,,,,,,,,,,,,,,,,,,,,,,,
2138850,ac5ea669754ba3c715228e96be4f41f7b6d68a100360532728f4fec2158c487210e5423589c79816e68e19cdc97a6fdc30c9a5783a7498b9c9e4aa617d1671a9,08/28/2025 04:10:00 PM,1,DRIVER,,2038904,,FORD,EXPLORER,IL,2021,UNKNOWN,SPORT UTILITY VEHICLE (SUV),PERSONAL,S,ENTERING TRAFFIC LANE FROM PARKING,,,1,,,,,,,,,,,,,,,Y,,,SIDE-LEFT-FRONT,,,,,,,,,,,,,,,,,,,,,,,,,,,,,,,,,
2138851,ac5ea669754ba3c715228e96be4f41f7b6d68a100360532728f4fec2158c487210e5423589c79816e68e19cdc97a6fdc30c9a5783a7498b9c9e4aa617d1671a9,08/28/2025 04:10:00 PM,2,DRIVER,,2038910,,CHEVROLET,TRAVERSE,IL,2023,NONE,SPORT UTILITY VEHICLE (SUV),PERSONAL,S,STRAIGHT AHEAD,,,1,,,,,,Y,Y,Y,Y,,,,,,,,,SIDE-RIGHT,,,,,,,,,,,,,,,,,,,,,,,,,,,,,,,,,