CRASH_UNIT_ID,CRASH_RECORD_ID,CRASH_DATE,UNIT_NO,UNIT_TYPE,NUM_PASSENGERS,VEHICLE_ID,CMRC_VEH_I,MAKE,MODEL,LIC_PLATE_STATE,VEHICLE_YEAR,VEHICLE_DEFECT,VEHICLE_TYPE,VEHICLE_USE,TRAVEL_DIRECTION,MANEUVER,TOWED_I,FIRE_I,OCCUPANT_CNT,EXCEED_SPEED_LIMIT_I,TOWED_BY,TOWED_TO,AREA_00_I,AREA_01_I,AREA_02_I,AREA_03_I,AREA_04_I,AREA_05_I,AREA_06_I,AREA_07_I,AREA_08_I,AREA_09_I,AREA_10_I,AREA_11_I,AREA_12_I,AREA_99_I,FIRST_CONTACT_POINT,CMV_ID,USDOT_NO,CCMC_NO,ILCC_NO,COMMERCIAL_SRC,GVWR,CARRIER_NAME,CARRIER_STATE,CARRIER_CITY,HAZMAT_PLACARDS_I,HAZMAT_NAME,UN_NO,HAZMAT_PRESENT_I,HAZMAT_REPORT_I,HAZMAT_REPORT_NO,MCS_REPORT_I,MCS_REPORT_NO,HAZMAT_VIO_CAUSE_CRASH_I,MCS_VIO_CAUSE_CRASH_I,IDOT_PERMIT_NO,WIDE_LOAD_I,TRAILER1_WIDTH,TRAILER2_WIDTH,TRAILER1_LENGTH,TRAILER2_LENGTH,TOTAL_VEHICLE_LENGTH,AXLE_CNT,VEHICLE_CONFIG,CARGO_BODY_TYPE,LOAD_TYPE,HAZMAT_OUT_OF_SERVICE_I,MCS_OUT_OF_SERVICE_I,HAZMAT_CLASS
2138844,fd66e8c8896de834635f2ec16a72edb2541393634a360caa3ec4bc80b8758006e2e40878b3c7c5a5301ffdbeee2d7e0fa1c64fca2ae8a9b94ab69c701774792a,08/28/2025 04:10:00 PM,1,DRIVER,,2038903,,CHEVROLET,TAHOE,IL,2014,UNKNOWN,PASSENGER,PERSONAL,W,STRAIGHT AHEAD,,,1,,,,,Y,,,,,,,,,,,Y,,FRONT-RIGHT-CORNER,,,,,,,,,,,,,,,,,,,,,,,,,,,,,,,,,
2138845,fd66e8c8896de834635f2ec16a72edb2541393634a360caa3ec4bc80b8758006e2e40878b3c7c5a5301ffdbeee2d7e0fa1c64fca2ae8a9b94ab69c701774792a,08/28/2025 04:10:00 PM,2,DRIVER,,2038911,,FORD,EDGE,MI,2019,UNKNOWN,PASSENGER,PERSONAL,W,STRAIGHT AHEAD,,,1,,,,,Y,,,,,,,,,,Y,Y,,FRONT,,,,,,,,,,,,,,,,,,,,,,,,,,,,,,,,,
2138846,fd66e8c8896de834635f2ec16a72edb2541393634a360caa3ec4bc80b8758006e2e40878b3c7c5a5301ffdbeee2d7e0fa1c64fca2ae8a9b94ab69c701774792a,08/28/2025 04:10:00 PM,3,DRIVER,,2038917,,CHEVROLET,TRAVERSE,IL,2021,NONE,PASSENGER,PERSONAL,W,STRAIGHT AHEAD,,,1,,,,,,,,,Y,Y,Y,,,,,,,REAR,,,,,,,,,,,,,,,,,,,,,,,,,,,,,,,,,
2139014,6bda6048b61f1d5e3cdc76d6c18fef4fcd58452f653b7be10188cf0a85478298039003a5d87a6eb9e42f157d7ccb6ace87aa90b52646deddc0f81b3015dfcfd3,08/28/2025 04:08:00 PM,1,DRIVER,,2039059,,TOYOTA,RAV4,IL,2017,UNKNOWN,PASSENGER,UNKNOWN/NA,S,STRAIGHT AHEAD,,,1,,,,,,,,,,,,,Y,N,,,,SIDE-LEFT,,,,,,,,,,,,,,,,,,,,,,,,,,,,,,,,,
2139015,6bda6048b61f1d5e3cdc76d6c18fef4fcd58452f653b7be10188cf0a85478298039003a5d87a6eb9e42f157d7ccb6ace87aa90b52646deddc0f81b3015dfcfd3,08/28/2025 04:08:00 PM,2,DRIVER,,2039064,,DODGE,OTHER (EXPLAIN IN NARRATIVE),IL,2008,OTHER,VAN/MINI-VAN,UNKNOWN/NA,W,STRAIGHT AHEAD,,,1,,,,,,,,,,,,,,,,,Y,UNKNOWN,,,,,,,,,,,,,,,,,,,,,,,,,,,,,,,,,
2138912,7f7292e7749a208efa953a43ff35123db25fa3e7771e179cfceba698d2e9c1cb7629f6d73eca2110825d4859086320049f56659df7168e9699093649be907f20,08/28/2025 04:04:00 PM,1,DRIVER,,2038984,,VOLKSWAGEN,OTHER (EXPLAIN IN NARRATIVE),IL,2008,UNKNOWN,PASSENGER,PERSONAL,E,TURNING LEFT,Y,,1,,CITY OF CHICAGO,UNKNOWN,,Y,,,,,,,,,,Y,Y,,FRONT,,,,,,,,,,,,,,,,,,,,,,,,,,,,,,,,,
2138913,7f7292e7749a208efa953a43ff35123db25fa3e7771e179cfceba698d2e9c1cb7629f6d73eca2110825d4859086320049f56659df7168e9699093649be907f20,08/28/2025 04:04:00 PM,2,DRIVER,,2038964,,TOYOTA,OTHER (EXPLAIN IN NARRATIVE),IL,2005,NONE,PASSENGER,PERSONAL,N,STRAIGHT AHEAD,Y,,1,,CITY OF CHICAGO,UNKNOWN,,,,,,,,,Y,Y,Y,,,,SIDE-LEFT,,,,,,,,,,,,,,,,,,,,,,,,,,,,,,,,,
2138864,9a322ccca82382910d780822957009ea2cde76daf12eacbbf70f516296774fd4216b8bf893be5030a134bf780923326861e0fa5080439fdfdfb0acc10ac6f3cc,08/28/2025 04:04:00 PM,1,DRIVER,,2038921,,TOYOTA,CAMRY,IL,2009,NONE,PASSENGER,PERSONAL,S,STRAIGHT AHEAD,,,1,,,,,Y,,,,,,,,,,Y,Y,,FRONT,,,,,,,,,,,,,,,,,,,,,,,,,,,,,,,,,
2138865,9a322ccca82382910d780822957009ea2cde76daf12eacbbf70f516296774fd4216b8bf893be5030a134bf780923326861e0fa5080439fdfdfb0acc10ac6f3cc,08/28/2025 04:04:00 PM,2,DRIVER,,2038926,,JEEP,CHEROKEE,IL,2017,NONE,PASSENGER,PERSONAL,S,STRAIGHT AHEAD,,,1,,,,,,,,,Y,Y,Y,,,,,,,REAR,,,,,,,,,,,,,,,,,,,,,,,,,,,,,,,,,
2138906,385de6354b2394072810763334da90985729ab781b65de9f099eed537f417e2189bacd9d7b80d50f9435cf88381e9ff3e81f85ba2909a99b3c9b454cbb2e5ef3,08/28/2025 04:00:00 PM,1,DRIVER,,2038960,,UNKNOWN,OTHER (EXPLAIN IN NARRATIVE),IL,,UNKNOWN,PASSENGER,UNKNOWN/NA,W,PASSING/OVERTAKING,,,1,,,,,,,,,,,,,,,,,Y,UNKNOWN,,,,,,,,,,,,,,,,,,,,,,,,,,,,,,,,,
2138907,385de6354b2394072810763334da90985729ab781b65de9f099eed537f417e2189bacd9d7b80d50f9435cf88381e9ff3e81f85ba2909a99b3c9b454cbb2e5ef3,08/28/2025 04:00:00 PM,2,DRIVER,,2038970,,CHEVROLET,MALIBU,IL,2025,UNKNOWN,PASSENGER,OTHER,W,STRAIGHT AHEAD,,,1,,,,,,,,,,,,,Y,Y,,,,SIDE-LEFT,,,,,,,,,,,,,,,,,,,,,,,,,,,,,,,,,
2138986,660aeeaf4a7632ae485b83e459ae128b1d2160b563c71430fab5c23b5651a6d3f8e86d9abb5821c945c91536cbd9675e28332aed2d3779267899e11c610de83b,08/28/2025 04:00:00 PM,1,DRIVER,,2039035,,CHEVROLET,MALIBU,IL,2009,NONE,PASSENGER,PERSONAL,N,STRAIGHT AHEAD,,,1,,,,,,,,,,,,,,,,Y,,FRONT,,,,,,,,,,,,,,,,,,,,,,,,,,,,,,,,,
2138987,660aeeaf4a7632ae485b83e459ae128b1d2160b563c71430fab5c23b5651a6d3f8e86d9abb5821c945c91536cbd9675e28332aed2d3779267899e11c610de83b,08/28/2025 04:00:00 PM,2,DRIVER,,2039039,,ACURA,ZDX,IL,2016,NONE,PASSENGER,PERSONAL,N,STRAIGHT AHEAD,,,1,,,,,,,,,,Y,,,,,,,,REAR,,,,,,,,,,,,,,,,,,,,,,,,,,,,,,,,,
2138852,d5e022030e777fdc1d78b3c563583de6b048383962da13290ec646cb239d54c2a630d150b78102d76d0ada3aa4cd05a36f5918a5f31c9bc093f32203ade81d7e,08/28/2025 04:00:00 PM,1,DRIVER,,2038914,,HONDA,CIVIC,IL,2018,OTHER,PASSENGER,UNKNOWN/NA,W,STRAIGHT AHEAD,,,1,,,,,,,,,,,,,,,,Y,,FRONT,,,,,,,,,,,,,,,,,,,,,,,,,,,,,,,,,
2138853,d5e022030e777fdc1d78b3c563583de6b048383962da13290ec646cb239d54c2a630d150b78102d76d0ada3aa4cd05a36f5918a5f31c9bc093f32203ade81d7e,08/28/2025 04:00:00 PM,2,DRIVER,,2038907,,HONDA,CIVIC,IL,2000,NONE,PASSENGER,PERSONAL,W,STRAIGHT AHEAD,,,1,,,,,,,,,,Y,,,,,,,,REAR,,,,,,,,,,,,,,,,,,,,,,,,,,,,,,,,,
2138827,e4d69f7c3944401275161b90b942e215e86c96c964195cf86aa95fc138b8e5cc4a8f7b31a68e6f39773f5ea0d30bf278fcd02d193c83a635ff3b7bb16f1a37d1,08/28/2025 04:00:00 PM,1,DRIVER,,2038892,,UNKNOWN,OTHER (EXPLAIN IN NARRATIVE),,,UNKNOWN,UNKNOWN/NA,UNKNOWN/NA,S,UNKNOWN/NA,,,1,,,,,,,,,,,,,N,N,N,,Y,UNKNOWN,,,,,,,,,,,,,,,,,,,,,,,,,,,,,,,,,
2138828,e4d69f7c3944401275161b90b942e215e86c96c964195cf86aa95fc138b8e5cc4a8f7b31a68e6f39773f5ea0d30bf278fcd02d193c83a635ff3b7bb16f1a37d1,08/28/2025 04:00:00 PM,2,DRIVER,,2038885,,CHEVROLET,TRAIL BLAZER,IL,2023,UNKNOWN,SPORT UTILITY VEHICLE (SUV),PERSONAL,S,STRAIGHT AHEAD,,,1,,,,,Y,Y,Y,Y,,,,,,,,,,SIDE-RIGHT,,,,,,,,,,,,,,,,,,,,,,,,,,,,,,,,,
2139667,ed3f318011a4505a1ba472fe7aa8ef130497f17f7590189e633af957790a9031c85c3e2429eec74f5bc6cd15c151982ed6015f501ded37549069e726ed65fc4e,08/28/2025 04:00:00 PM,1,DRIVER,,2039665,,TOYOTA,RAV4,IL,2010,NONE,SPORT UTILITY VEHICLE (SUV),UNKNOWN/NA,N,CHANGING LANES,,,1,,,,,,Y,Y,Y,,,,,,,,,,SIDE-RIGHT,,,,,,,,,,,,,,,,,,,,,,,,,,,,,,,,,
2139668,ed3f318011a4505a1ba472fe7aa8ef130497f17f7590189e633af957790a9031c85c3e2429eec74f5bc6cd15c151982ed6015f501ded37549069e726ed65fc4e,08/28/2025 04:00:00 PM,2,DRIVER,,2039671,,MAZDA,MAZDA3,IL,2022,NONE,PASSENGER,PERSONAL,N,STRAIGHT AHEAD,,,1,,,,,,,,,,,,Y,Y,Y,,,,SIDE-LEFT,,,,,,,,,,,,,,,,,,,,,,,,,,,,,,,,,
2138886,f4c35d40c7e633413b4097781d1df996948859a3f52b8400ef5c8549af84110a722bddf93ba2bd47057751aab8baa311f4a1e64f520124cc8986ae29d82e7ba5,08/28/2025 04:00:00 PM,1,DRIVER,,2038934,,UNKNOWN,OTHER (EXPLAIN IN NARRATIVE),,,UNKNOWN,BUS OVER 15 PASS.,SCHOOL BUS,W,STRAIGHT AHEAD,,,1,,,,,,,,,,,,,,,,,Y,UNKNOWN,,,,,,,,,,,,,,,,,,,,,,,,,,,,,,,,,
2138887,f4c35d40c7e633413b4097781d1df996948859a3f52b8400ef5c8549af84110a722bddf93ba2bd47057751aab8baa311f4a1e64f520124cc8986ae29d82e7ba5,08/28/2025 04:00:00 PM,2,DRIVER,,2038938,,JEEP,GRAND CHEROKEE,IL,2017,NONE,PASSENGER,PERSONAL,W,STRAIGHT AHEAD,,,1,,,,,Y,Y,Y,,,,,,,,,,,SIDE-RIGHT,,,,,,,,,,,,,,,,,,,,,,,,,,,,,,,,,
2138868,d18771319e404345cc1036e9300718e3621a7db5b1682d99cdd331e6395b7d8d75578abb321afb591e4a0fba9e84a203f8506c06d0bc82c2924c71e12ac46966,08/28/2025 03:55:00 PM,1,DRIVER,,2038930,N,TOYOTA,CAMRY,NB,1996,UNKNOWN,PASSENGER,PERSONAL,W,TURNING RIGHT,Y,,1,,PRIVATE,,,,,,,,,,,Y,Y,Y,,,SIDE-LEFT-FRONT,,,,,,,,,,,,,,,,,,,,,,,,,,,,,,,,,
2138869,d18771319e404345cc1036e9300718e3621a7db5b1682d99cdd331e6395b7d8d75578abb321afb591e4a0fba9e84a203f8506c06d0bc82c2924c71e12ac46966,08/28/2025 03:55:00 PM,2,DRIVER,,2038942,N,CHEVROLET,C/K 3500,IL,2019,UNKNOWN,TRUCK - SINGLE UNIT,UNKNOWN/NA,W,STRAIGHT AHEAD,,,1,,,,,Y,Y,Y,Y,,,,,,,,,,SIDE-LEFT-REAR,,,,,,,,,,,,,,,,,,,,,,,,,,,,,,,,,
2138953,7e50ab3657fbc09a1f1730665174ff2de6987bcb552dd0f2c340357d1a0309c10e79ed3a440c58b154cd2b5e6b32b773bb57eb4ff89524bc880d1f9636236ac0,08/28/2025 03:50:00 PM,1,DRIVER,,2038998,,CHEVROLET,MALIBU,IL,2025,UNKNOWN,PASSENGER,UNKNOWN/NA,N,STRAIGHT AHEAD,,,1,,,,,,,,,,,,,,,,,Y,FRONT,,,,,,,,,,,,,,,,,,,,,,,,,,,,,,,,,
2138954,7e50ab3657fbc09a1f1730665174ff2de6987bcb552dd0f2c340357d1a0309c10e79ed3a440c58b154cd2b5e6b32b773bb57eb4ff89524bc880d1f9636236ac0,08/28/2025 03:50:00 PM,2,DRIVER,,2039015,,TOYOTA,TACOMA,IL,2025,NONE,PICKUP,PERSONAL,E,STRAIGHT AHEAD,,,1,,,,,Y,,,,,,,,,,,,,FRONT-RIGHT-CORNER,,,,,,,,,,,,,,,,,,,,,,,,,,,,,,,,,
2138854,d8b22853a8f9cc0615c8d02e626988688627392744ee9f58d034ab351abf6222e99dadfbba5a13faf556d145230b941ef6b683ecb29eacc5eb3948a5cd4d5db5,08/28/2025 03:50:00 PM,1,DRIVER,,2038947,,UNKNOWN,OTHER (EXPLAIN IN NARRATIVE),,,UNKNOWN,SPORT UTILITY VEHICLE (SUV),UNKNOWN/NA,S,UNKNOWN/NA,,,1,,,,,Y,,,,,,,,,,,,,FRONT-RIGHT-CORNER,,,,,,,,,,,,,,,,,,,,,,,,,,,,,,,,,
2138855,d8b22853a8f9cc0615c8d02e626988688627392744ee9f58d034ab351abf6222e99dadfbba5a13faf556d145230b941ef6b683ecb29eacc5eb3948a5cd4d5db5,08/28/2025 03:50:00 PM,2,DRIVER,,2038924,,HONDA,ACCORD,IL,2009,NONE,PASSENGER,PERSONAL,S,STRAIGHT AHEAD,,,1,,,,,,,Y,Y,,,Y,Y,,,Y,Y,,REAR-RIGHT-CORNER,,,,,,,,,,,,,,,,,,,,,,,,,,,,,,,,,
2139460,1801f80b37dd8806e282c7e54100863dd209172dec8742bcbbdf9309ac5eeebb21141f28b81e5166472a5f3e97e29cd4520e775173c9df3eec140b3be90e83f7,08/28/2025 03:45:00 PM,1,DRIVER,,2039468,,HONDA,PILOT,IL,2011,UNKNOWN,PASSENGER,PERSONAL,W,STRAIGHT AHEAD,N,,1,,,,,Y,Y,,,,,,,,,,Y,,FRONT-RIGHT-CORNER,,,,,,,,,,,,,,,,,,,,,,,,,,,,,,,,,
2139461,1801f80b37dd8806e282c7e54100863dd209172dec8742bcbbdf9309ac5eeebb21141f28b81e5166472a5f3e97e29cd4520e775173c9df3eec140b3be90e83f7,08/28/2025 03:45:00 PM,2,PARKED,,2039469,,INFINITI,Q50,IL,2019,NONE,PASSENGER,PERSONAL,W,PARKED,,,0,,,,,,,,,,Y,Y,Y,Y,,,,,REAR-LEFT-CORNER,,,,,,,,,,,,,,,,,,,,,,,,,,,,,,,,,
2138837,46ebfc168c168bda60335393103f6eebbf186ecc7e6a66e03d3e13eb18d6ae24c89bb3ff127918867b0e62dc8f12022f76e254f70f8b53762d9b1bab7b6e3236,08/28/2025 03:45:00 PM,1,DRIVER,,2038890,,SUBARU,FORESTER,IL,2008,NONE,PASSENGER,PERSONAL,S,STRAIGHT AHEAD,,,1,,,,,,,,,,,,,,,,Y,,FRONT,,,,,,,,,,,,,,,,,,,,,,,,,,,,,,,,,
2138838,46ebfc168c168bda60335393103f6eebbf186ecc7e6a66e03d3e13eb18d6ae24c89bb3ff127918867b0e62dc8f12022f76e254f70f8b53762d9b1bab7b6e3236,08/28/2025 03:45:00 PM,2,DRIVER,,2038899,,JEEP,GRAND CHEROKEE,IL,2021,NONE,SPORT UTILITY VEHICLE (SUV),PERSONAL,S,STRAIGHT AHEAD,,,1,,,,,,,,,,Y,,,,,,,,REAR,,,,,,,,,,,,,,,,,,,,,,,,,,,,,,,,,
2138950,747241f7273e6c2fd98bba4da40ac1d361c67e58b751773a642f661c05f5b6f8a7eb834464019c5dada2fdffdad25667e3b9974a9edb315b6f1266fdc94d957f,08/28/2025 03:45:00 PM,1,DRIVER,,2039002,,ACURA,ZDX,IL,,UNKNOWN,PASSENGER,PERSONAL,S,STRAIGHT AHEAD,,,1,,,,,Y,,,,,,,,,,Y,Y,,FRONT,,,,,,,,,,,,,,,,,,,,,,,,,,,,,,,,,
2138951,747241f7273e6c2fd98bba4da40ac1d361c67e58b751773a642f661c05f5b6f8a7eb834464019c5dada2fdffdad25667e3b9974a9edb315b6f1266fdc94d957f,08/28/2025 03:45:00 PM,2,DRIVER,2,2039018,,INFINITI,Q50,IL,,UNKNOWN,PASSENGER,PERSONAL,S,SLOW/STOP IN TRAFFIC,Y,,3,,unknown,unknown,,Y,,,,Y,Y,Y,,,,Y,Y,,REAR,,,,,,,,,,,,,,,,,,,,,,,,,,,,,,,,,
2138952,747241f7273e6c2fd98bba4da40ac1d361c67e58b751773a642f661c05f5b6f8a7eb834464019c5dada2fdffdad25667e3b9974a9edb315b6f1266fdc94d957f,08/28/2025 03:45:00 PM,3,DRIVER,,2039029,,TOYOTA,PRIUS,IL,,UNKNOWN,PASSENGER,PERSONAL,S,STRAIGHT AHEAD,,,1,,,,,,,,,Y,Y,Y,,,,,,,REAR,,,,,,,,,,,,,,,,,,,,,,,,,,,,,,,,,
2138870,81e9e0ec57fb8786ef1d7ea85fc06e123da5196aa3265fabab5c24de593615a5bc13155457f5f44f7bf9b8f949a61b47ed30b41dc763cfce8905a97002b72cbb,08/28/2025 03:45:00 PM,1,DRIVER,,2038931,,UNKNOWN,MOTORIZED,IL,,UNKNOWN,MOPED OR MOTORIZED BICYCLE,PERSONAL,NW,TURNING RIGHT,,,1,,,,,,,,,,,,,,,,,Y,FRONT,,,,,,,,,,,,,,,,,,,,,,,,,,,,,,,,,
2138871,81e9e0ec57fb8786ef1d7ea85fc06e123da5196aa3265fabab5c24de593615a5bc13155457f5f44f7bf9b8f949a61b47ed30b41dc763cfce8905a97002b72cbb,08/28/2025 03:45:00 PM,2,DRIVER,,2038940,,TOYOTA,RAV4,IL,2010,UNKNOWN,PASSENGER,PERSONAL,S,SLOW/STOP IN TRAFFIC,,,1,,,,,,,,,,,,,,,,Y,,FRONT,,,,,,,,,,,,,,,,,,,,,,,,,,,,,,,,,
2138880,f152872467d5a5f1dbde7c920f8ae3f8e4d83e0a3d7dba0ec47fe57e359ad09a87d4545f330d073a9620db0ca81cdaea2d569edf5a7b1405ff5f85634c8c49be,08/28/2025 03:45:00 PM,1,DRIVER,,2038933,,FREIGHTLINER CORPORATION,OTHER (EXPLAIN IN NARRATIVE),IL,2022,UNKNOWN,BUS UP TO 15 PASS.,SCHOOL BUS,S,TURNING RIGHT,,,1,,,,,,,,,Y,,,,,,,,,REAR-RIGHT-CORNER,,,,,,,,,,,,,,,,,,,,,,,,,,,,,,,,,
2138881,f152872467d5a5f1dbde7c920f8ae3f8e4d83e0a3d7dba0ec47fe57e359ad09a87d4545f330d073a9620db0ca81cdaea2d569edf5a7b1405ff5f85634c8c49be,08/28/2025 03:45:00 PM,2,PARKED,,2038941,,TESLA,MODEL Y,IL,2025,UNKNOWN,PASSENGER,PERSONAL,S,PARKED,Y,,0,,private tow,,,,,,,,,,,,,Y,Y,,FRONT-LEFT-CORNER,,,,,,,,,,,,,,,,,,,,,,,,,,,,,,,,,
2138895,65216be78b6b3309d7fd2610655d1304254e1e491653895cef69a8655dcb75352024ccc3ed583dc6870b3fae49f565ff2a8f8e1b3b1e862601f12521d6664022,08/28/2025 03:40:00 PM,1,DRIVER,,2038950,,UNKNOWN,OTHER (EXPLAIN IN NARRATIVE),,,UNKNOWN,UNKNOWN/NA,UNKNOWN/NA,UNKNOWN,UNKNOWN/NA,,,1,,,,N,,,,,,,,,,,,,Y,UNKNOWN,,,,,,,,,,,,,,,,,,,,,,,,,,,,,,,,,
2138896,65216be78b6b3309d7fd2610655d1304254e1e491653895cef69a8655dcb75352024ccc3ed583dc6870b3fae49f565ff2a8f8e1b3b1e862601f12521d6664022,08/28/2025 03:40:00 PM,2,PARKED,,2038948,,FORD,TRANSIT,AZ,2025,NONE,VAN/MINI-VAN,OTHER,E,PARKED,,,0,,,,,,,,,,,Y,Y,Y,Y,Y,,,SIDE-LEFT,,,,,,,,,,,,,,,,,,,,,,,,,,,,,,,,,
2138833,ffd6be401e4f1386242ea0bae8835590e06fbf36503fde276b72c9fad8b903edea2eba06910a0c5c07c411c9d20714c47a064773874e4e89bd321051c343f450,08/28/2025 03:40:00 PM,1,DRIVER,,2038896,,SUBARU,OUTBACK,IL,2023,UNKNOWN,SPORT UTILITY VEHICLE (SUV),PERSONAL,W,STRAIGHT AHEAD,,,1,,,,,,,,,,,,,,Y,Y,,,FRONT-LEFT-CORNER,,,,,,,,,,,,,,,,,,,,,,,,,,,,,,,,,
2138834,ffd6be401e4f1386242ea0bae8835590e06fbf36503fde276b72c9fad8b903edea2eba06910a0c5c07c411c9d20714c47a064773874e4e89bd321051c343f450,08/28/2025 03:40:00 PM,2,DRIVER,,2038900,,TOYOTA,SIENNA,IL,2017,UNKNOWN,SPORT UTILITY VEHICLE (SUV),PERSONAL,W,STRAIGHT AHEAD,,,1,,,,,Y,Y,Y,,,,,,,,,,,FRONT-RIGHT-CORNER,,,,,,,,,,,,,,,,,,,,,,,,,,,,,,,,,
2139662,617cb8f65eb7b5b540312abd7fe8b20478bd47a18c26b7c13c6ae310760dd381e2f9a5fde5a89e971709f636350757b340e7990118f5dc0eaf2e0acd8272e486,08/28/2025 03:37:00 PM,1,DRIVER,1,2039653,,CHEVROLET,TRAX,FL,2024,NONE,PASSENGER,PERSONAL,S,BACKING,,,2,,,,,,,,Y,Y,Y,Y,Y,,,,,,REAR,,,,,,,,,,,,,,,,,,,,,,,,,,,,,,,,,
2139663,617cb8f65eb7b5b540312abd7fe8b20478bd47a18c26b7c13c6ae310760dd381e2f9a5fde5a89e971709f636350757b340e7990118f5dc0eaf2e0acd8272e486,08/28/2025 03:37:00 PM,2,DRIVER,,2039654,,BMW,OTHER (EXPLAIN IN NARRATIVE),IL,2024,NONE,PASSENGER,PERSONAL,S,STRAIGHT AHEAD,,,1,,,,,Y,Y,,,,,,,,,,Y,,FRONT,,,,,,,,,,,,,,,,,,,,,,,,,,,,,,,,,
2139664,617cb8f65eb7b5b540312abd7fe8b20478bd47a18c26b7c13c6ae310760dd381e2f9a5fde5a89e971709f636350757b340e7990118f5dc0eaf2e0acd8272e486,08/28/2025 03:37:00 PM,3,PARKED,,2039655,,VOLVO,XC60,IL,2020,NONE,PASSENGER,NOT IN USE,S,PARKED,,,0,,,,,,,,,,,Y,,,,,,,SIDE-LEFT-REAR,,,,,,,,,,,,,,,,,,,,,,,,,,,,,,,,,
2139652,b18034662810b1d0239ab3e864eaefa71d64874f06adc3f27d417193166cd4ae6da94b94c694b17bd97ba24cedbd349533cc4ceacbc05edf4c2bb259b7a263d6,08/28/2025 03:34:00 PM,1,DRIVER,,2039657,,LEXUS,LS430,IL,2002,UNKNOWN,PASSENGER,PERSONAL,E,STRAIGHT AHEAD,Y,,1,,,,,Y,Y,,,,,,,,,,Y,,FRONT-RIGHT-CORNER,,,,,,,,,,,,,,,,,,,,,,,,,,,,,,,,,
2139653,b18034662810b1d0239ab3e864eaefa71d64874f06adc3f27d417193166cd4ae6da94b94c694b17bd97ba24cedbd349533cc4ceacbc05edf4c2bb259b7a263d6,08/28/2025 03:34:00 PM,2,DRIVER,,2039663,,TOYOTA,CAMRY,IL,2020,UNKNOWN,PASSENGER,PERSONAL,E,STRAIGHT AHEAD,,,1,,,,,,,,Y,Y,Y,,,,,,,,REAR,,,,,,,,,,,,,,,,,,,,,,,,,,,,,,,,,
2138890,811c1faccc20cd9427f04256e146e60a4f22cf4d69ba72b859162daf93bedbcdc075cbb559a1cc618bf17310a2642c8ee373af28e7c3a2a997d97bc9b5a38b37,08/28/2025 03:32:00 PM,1,DRIVER,,2038953,,ACURA,TLX,IL,2011,UNKNOWN,PASSENGER,PERSONAL,W,STRAIGHT AHEAD,Y,,1,,PRIVATE,PRIVATE,,,Y,Y,,,,,,,,,,,SIDE-RIGHT,,,,,,,,,,,,,,,,,,,,,,,,,,,,,,,,,
2138891,811c1faccc20cd9427f04256e146e60a4f22cf4d69ba72b859162daf93bedbcdc075cbb559a1cc618bf17310a2642c8ee373af28e7c3a2a997d97bc9b5a38b37,08/28/2025 03:32:00 PM,2,DRIVER,,2038972,,AUDI,Q5,IL,2012,NONE,SPORT UTILITY VEHICLE (SUV),PERSONAL,S,STRAIGHT AHEAD,,,1,,,,,,,,,,,,,,Y,Y,Y,,FRONT-LEFT-CORNER,,,,,,,,,,,,,,,,,,,,,,,,,,,,,,,,,
2139528,1356ca671105a20dfe14345db6021de5d3d6e06cb26222a039f029948a37ec248694aa49de75b115acc78484cbec286252e3fc273c772097836664b63d9b049a,08/28/2025 03:30:00 PM,1,DRIVER,,2039533,,HONDA,CR-V,IL,2013,UNKNOWN,SPORT UTILITY VEHICLE (SUV),PERSONAL,UNKNOWN,UNKNOWN/NA,,,1,,,,,,,,Y,Y,,,,,,,,,REAR-RIGHT-CORNER,,,,,,,,,,,,,,,,,,,,,,,,,,,,,,,,,
2139529,1356ca671105a20dfe14345db6021de5d3d6e06cb26222a039f029948a37ec248694aa49de75b115acc78484cbec286252e3fc273c772097836664b63d9b049a,08/28/2025 03:30:00 PM,2,DRIVER,,2039534,,MAZDA,CX-30,IL,2021,UNKNOWN,SPORT UTILITY VEHICLE (SUV),PERSONAL,UNKNOWN,STRAIGHT AHEAD,,,1,,,,,,,,,,,,,,Y,Y,,,FRONT-LEFT-CORNER,,,,,,,,,,,,,,,,,,,,,,,,,,,,,,,,,
2138872,5f6d4b395ea0b286529a0c4f93a3f058c8b3b70b6dd76fef8bf1a35726fe583b126471b434120d88e7af25af06481f5b49a4f8e6a3260ecb9f46047b8f91e21e,08/28/2025 03:30:00 PM,1,DRIVER,,2038949,,FORD,OTHER (EXPLAIN IN NARRATIVE),IL,2017,NONE,VAN/MINI-VAN,UNKNOWN/NA,N,OTHER,,,1,,,,,,,,,Y,,,,,,,,,REAR-RIGHT-CORNER,,,,,,,,,,,,,,,,,,,,,,,,,,,,,,,,,
2138873,5f6d4b395ea0b286529a0c4f93a3f058c8b3b70b6dd76fef8bf1a35726fe583b126471b434120d88e7af25af06481f5b49a4f8e6a3260ecb9f46047b8f91e21e,08/28/2025 03:30:00 PM,2,PARKED,,2038974,,BMW,M-5,IL,2019,NONE,PASSENGER,PERSONAL,N,PARKED,,,0,,,,,,,,,,,,,,,Y,Y,,FRONT-LEFT-CORNER,,,,,,,,,,,,,,,,,,,,,,,,,,,,,,,,,
2139159,ef585ae8bf5f087cf29c6194526645407eb7f1a25b83b158ec6af05e57a1b9b969f6dadaaa55f66b3472da12aab8bcf5b6a71b7c4024bdf6fe0ede705961158e,08/28/2025 03:30:00 PM,1,DRIVER,,2039178,,VOLKSWAGEN,CC,IL,2019,OTHER,SPORT UTILITY VEHICLE (SUV),UNKNOWN/NA,S,TURNING LEFT,,,1,,,,,,,,,,,,,,,,,,FRONT,,,,,,,,,,,,,,,,,,,,,,,,,,,,,,,,,