CRASH_UNIT_ID,CRASH_RECORD_ID,CRASH_DATE,UNIT_NO,UNIT_TYPE,NUM_PASSENGERS,VEHICLE_ID,CMRC_VEH_I,MAKE,MODEL,LIC_PLATE_STATE,VEHICLE_YEAR,VEHICLE_DEFECT,VEHICLE_TYPE,VEHICLE_USE,TRAVEL_DIRECTION,MANEUVER,TOWED_I,FIRE_I,OCCUPANT_CNT,EXCEED_SPEED_LIMIT_I,TOWED_BY,TOWED_TO,AREA_00_I,AREA_01_I,AREA_02_I,AREA_03_I,AREA_04_I,AREA_05_I,AREA_06_I,AREA_07_I,AREA_08_I,AREA_09_I,AREA_10_I,AREA_11_I,AREA_12_I,AREA_99_I,FIRST_CONTACT_POINT,CMV_ID,USDOT_NO,CCMC_NO,ILCC_NO,COMMERCIAL_SRC,GVWR,CARRIER_NAME,CARRIER_STATE,CARRIER_CITY,HAZMAT_PLACARDS_I,HAZMAT_NAME,UN_NO,HAZMAT_PRESENT_I,HAZMAT_REPORT_I,HAZMAT_REPORT_NO,MCS_REPORT_I,MCS_REPORT_NO,HAZMAT_VIO_CAUSE_CRASH_I,MCS_VIO_CAUSE_CRASH_I,IDOT_PERMIT_NO,WIDE_LOAD_I,TRAILER1_WIDTH,TRAILER2_WIDTH,TRAILER1_LENGTH,TRAILER2_LENGTH,TOTAL_VEHICLE_LENGTH,AXLE_CNT,VEHICLE_CONFIG,CARGO_BODY_TYPE,LOAD_TYPE,HAZMAT_OUT_OF_SERVICE_I,MCS_OUT_OF_SERVICE_I,HAZMAT_CLASS
2139172,ef585ae8bf5f087cf29c6194526645407eb7f1a25b83b158ec6af05e57a1b9b969f6dadaaa55f66b3472da12aab8bcf5b6a71b7c4024bdf6fe0ede705961158e,08/28/2025 03:30:00 PM,2,DRIVER,,2039187,,HYUNDAI,TUCSON,IL,2022,NONE,SPORT UTILITY VEHICLE (SUV),PERSONAL,S,SLOW/STOP IN TRAFFIC,,,1,,,,,,,,,,Y,Y,,,,,,,SIDE-LEFT-REAR,,,,,,,,,,,,,,,,,,,,,,,,,,,,,,,,,
2139078,5af0628933a68cf74325ffa9674ecc76a3818421f4128f6a2bb144fdf7228409408d673ae560f3749c954c1ef59e10a3c1adbbbf54d71a375eb378f3fc76c7e0,08/28/2025 03:28:00 PM,1,DRIVER,,2039112,,HONDA,ODYSSEY,IL,2025,UNKNOWN,VAN/MINI-VAN,PERSONAL,N,STRAIGHT AHEAD,,,1,,,,,,,,,,,Y,,,,,,,REAR-LEFT-CORNER,,,,,,,,,,,,,,,,,,,,,,,,,,,,,,,,,
2139079,5af0628933a68cf74325ffa9674ecc76a3818421f4128f6a2bb144fdf7228409408d673ae560f3749c954c1ef59e10a3c1adbbbf54d71a375eb378f3fc76c7e0,08/28/2025 03:28:00 PM,2,DRIVER,,2039127,,WESTERN STAR,WESTERN STAR,IL,2022,UNKNOWN,UNKNOWN/NA,OTHER,E,TURNING LEFT,,,1,,,,,Y,,,,,,,,,,,,,REAR-RIGHT-CORNER,,,,,,,,,,,,,,,,,,,,,,,,,,,,,,,,,
2138811,9cc8f7d238e5cc1ae73f1e0d098966a8295d6025614a017dc8ac7ae597951580a56e2cf9e6e48e9af6d2d38009c6975be1f89711d784c59853230ba2367290c4,08/28/2025 03:27:00 PM,1,DRIVER,,2038875,,NISSAN,PATHFINDER,IL,2015,UNKNOWN,SPORT UTILITY VEHICLE (SUV),PERSONAL,S,TURNING RIGHT,,,1,,,,,N,N,,,Y,,,,,N,N,,,REAR-RIGHT-CORNER,,,,,,,,,,,,,,,,,,,,,,,,,,,,,,,,,
2138812,9cc8f7d238e5cc1ae73f1e0d098966a8295d6025614a017dc8ac7ae597951580a56e2cf9e6e48e9af6d2d38009c6975be1f89711d784c59853230ba2367290c4,08/28/2025 03:27:00 PM,2,DRIVER,,2038887,,NOVA BUS,OTHER (EXPLAIN IN NARRATIVE),IL,2023,UNKNOWN,BUS OVER 15 PASS.,CTA,S,STRAIGHT AHEAD,,,1,,,,,,,,,,,,,,,Y,,,FRONT-LEFT-CORNER,,,,,,,,,,,,,,,,,,,,,,,,,,,,,,,,,
2139073,dce4e535eb86981f7bdc1a85caa4ffcd280dfa65012549987031c8e3633cd2cdaf0eee836dd03a324f2a88caaf932f44bac772018be129ddee8cf617587bdeba,08/28/2025 03:23:00 PM,1,DRIVER,,2039101,,SCION,XB,IL,2014,UNKNOWN,SPORT UTILITY VEHICLE (SUV),PERSONAL,NW,TURNING LEFT,Y,,1,,PRIVATE TOW,PRIVATE LOCATION,,Y,Y,Y,Y,,Y,Y,Y,N,,,,Y,FRONT-LEFT-CORNER,,,,,,,,,,,,,,,,,,,,,,,,,,,,,,,,,
2139074,dce4e535eb86981f7bdc1a85caa4ffcd280dfa65012549987031c8e3633cd2cdaf0eee836dd03a324f2a88caaf932f44bac772018be129ddee8cf617587bdeba,08/28/2025 03:23:00 PM,2,DRIVER,,2039102,,CHEVROLET,IMPALA,IL,2016,UNKNOWN,PASSENGER,PERSONAL,S,STRAIGHT AHEAD,Y,,1,,PRIVATE TOW,PRIVATE LOCATION,,Y,,,,,,,,,,Y,Y,Y,FRONT,,,,,,,,,,,,,,,,,,,,,,,,,,,,,,,,,
2139077,dce4e535eb86981f7bdc1a85caa4ffcd280dfa65012549987031c8e3633cd2cdaf0eee836dd03a324f2a88caaf932f44bac772018be129ddee8cf617587bdeba,08/28/2025 03:23:00 PM,3,DRIVER,,2039103,,HONDA,CR-V,IL,2012,UNKNOWN,SPORT UTILITY VEHICLE (SUV),UNKNOWN/NA,E,STRAIGHT AHEAD,,,1,,,,,,,,,,,,,,Y,Y,Y,Y,UNKNOWN,,,,,,,,,,,,,,,,,,,,,,,,,,,,,,,,,
2138866,d2462ec43d514eaeadac821e05fee8ab5f2a7a99c18a73f5afaaa1727f760ff0ab621895742339f8101311156c6af6f8ec1d5d6acee340c022a3415fdfff96ab,08/28/2025 03:21:00 PM,1,DRIVER,,2038929,,TOYOTA,HIGHLANDER,IL,2016,UNKNOWN,SPORT UTILITY VEHICLE (SUV),PERSONAL,N,STRAIGHT AHEAD,,,1,,,,,Y,Y,,,,,,,,,Y,,,FRONT,,,,,,,,,,,,,,,,,,,,,,,,,,,,,,,,,
2138867,d2462ec43d514eaeadac821e05fee8ab5f2a7a99c18a73f5afaaa1727f760ff0ab621895742339f8101311156c6af6f8ec1d5d6acee340c022a3415fdfff96ab,08/28/2025 03:21:00 PM,2,BICYCLE,,,,,,,,,,,,,,,,,,,,,,,,,,,,,,,,,,,,,,,,,,,,,,,,,,,,,,,,,,,,,,,,,,
2138894,d2462ec43d514eaeadac821e05fee8ab5f2a7a99c18a73f5afaaa1727f760ff0ab621895742339f8101311156c6af6f8ec1d5d6acee340c022a3415fdfff96ab,08/28/2025 03:21:00 PM,3,BICYCLE,,,,,,,,,,,,,,,,,,,,,,,,,,,,,,,,,,,,,,,,,,,,,,,,,,,,,,,,,,,,,,,,,,
2139102,bb8cf46b96c4cb0fa30f2f661ee1142b5d4f0823342a20461874295648149e527b0e93d49bf4e14922833998c312661bbf776a06790d7f9d2f017d686aab00c2,08/28/2025 03:20:00 PM,1,DRIVER,,2039131,,JEEP,CHEROKEE,IL,2014,NONE,UNKNOWN/NA,UNKNOWN/NA,S,TURNING RIGHT,,,1,,,,,,,,,,,Y,Y,,,,,,REAR-LEFT-CORNER,,,,,,,,,,,,,,,,,,,,,,,,,,,,,,,,,
2139103,bb8cf46b96c4cb0fa30f2f661ee1142b5d4f0823342a20461874295648149e527b0e93d49bf4e14922833998c312661bbf776a06790d7f9d2f017d686aab00c2,08/28/2025 03:20:00 PM,2,DRIVER,,2039136,,FONTAINE TRUCK EQUIPMENT COMPANY,FONTAINE TRUCK EQUIPMENT CO.,IL,2000,NONE,OTHER,OTHER,E,TURNING LEFT,,,1,,,,,,,,,,,Y,Y,,,,,,REAR-LEFT-CORNER,,,,,,,,,,,,,,,,,,,,,,,,,,,,,,,,,
2139373,e104a11b8b662d2a36013d4c0b94452afa89f1a91f7156c7c5547b665bc23a3a59642b3f393c4307c5d0da7efa7fc9e288107bd2f7603350c5da09467a8f7869,08/28/2025 03:20:00 PM,1,DRIVER,3,2039388,,TOYOTA,CAMRY,IL,2007,UNKNOWN,PASSENGER,PERSONAL,S,STRAIGHT AHEAD,,,4,,,,,Y,,,,,,,,,,,,,FRONT-RIGHT-CORNER,,,,,,,,,,,,,,,,,,,,,,,,,,,,,,,,,
2139374,e104a11b8b662d2a36013d4c0b94452afa89f1a91f7156c7c5547b665bc23a3a59642b3f393c4307c5d0da7efa7fc9e288107bd2f7603350c5da09467a8f7869,08/28/2025 03:20:00 PM,2,DRIVER,,2039395,,TOYOTA,PRIUS,IL,2012,NONE,PASSENGER,PERSONAL,S,STRAIGHT AHEAD,,,1,,,,,,,,,,,,,,Y,,,,SIDE-LEFT,,,,,,,,,,,,,,,,,,,,,,,,,,,,,,,,,
2141094,d34f294fb984a30db61f46e797868517c12e3eae069a39e5e5e834200ad0372546fcac46e6dbfea89e4ea5d0fb4323cd05f0340db394123f6653223ae64ed0eb,08/28/2025 03:15:00 PM,1,DRIVER,,2041041,,MERCEDES-BENZ,GLE,IN,2024,NONE,SPORT UTILITY VEHICLE (SUV),PERSONAL,N,STRAIGHT AHEAD,,,1,,,,,,,,,,,,,,,,Y,,FRONT,,,,,,,,,,,,,,,,,,,,,,,,,,,,,,,,,
2141095,d34f294fb984a30db61f46e797868517c12e3eae069a39e5e5e834200ad0372546fcac46e6dbfea89e4ea5d0fb4323cd05f0340db394123f6653223ae64ed0eb,08/28/2025 03:15:00 PM,2,DRIVER,,2041042,,FORD,MAVERICK TRUCK,IL,2022,NONE,SPORT UTILITY VEHICLE (SUV),PERSONAL,N,SLOW/STOP IN TRAFFIC,,,1,,,,,,,,,,Y,,,,,,,,REAR,,,,,,,,,,,,,,,,,,,,,,,,,,,,,,,,,
2138809,08c6cba9fb9b7369440ab03fe5ffa7e2fa8f2b64794b3a05e8b0a1da7256f8320e1e1c69b10a6067b851e8a181b6b5a9ab05091f9c606fb4975b4c7c1ce6a001,08/28/2025 03:10:00 PM,1,DRIVER,,2038866,,TOYOTA,OTHER (EXPLAIN IN NARRATIVE),IL,2014,NONE,PASSENGER,UNKNOWN/NA,UNKNOWN,UNKNOWN/NA,,,1,,,,,,,,,,,,,,,,,,UNKNOWN,,,,,,,,,,,,,,,,,,,,,,,,,,,,,,,,,
2138810,08c6cba9fb9b7369440ab03fe5ffa7e2fa8f2b64794b3a05e8b0a1da7256f8320e1e1c69b10a6067b851e8a181b6b5a9ab05091f9c606fb4975b4c7c1ce6a001,08/28/2025 03:10:00 PM,2,PARKED,,2038872,,VOLVO,XC60,IL,2015,NONE,PASSENGER,NOT IN USE,UNKNOWN,PARKED,,,0,,,,,,,,,Y,Y,Y,,Y,Y,,,,REAR,,,,,,,,,,,,,,,,,,,,,,,,,,,,,,,,,
2138820,81ef1511e9b3817515d4c99e7a2aa3416597ef8e7f08039721536a554b21ad7f61f7259f8909a12c671db39a4d40631d33f517403f8f85b89ecbdaec0a03971d,08/28/2025 03:10:00 PM,1,DRIVER,,2038880,,JEEP,RENEGADE,IL,2023,NONE,SPORT UTILITY VEHICLE (SUV),PERSONAL,S,STRAIGHT AHEAD,,,1,,,,,Y,,,,,,,,,,,Y,,FRONT-RIGHT-CORNER,,,,,,,,,,,,,,,,,,,,,,,,,,,,,,,,,
2138821,81ef1511e9b3817515d4c99e7a2aa3416597ef8e7f08039721536a554b21ad7f61f7259f8909a12c671db39a4d40631d33f517403f8f85b89ecbdaec0a03971d,08/28/2025 03:10:00 PM,2,DRIVER,1,2038886,,FORD,EXPLORER,IL,2021,NONE,SPORT UTILITY VEHICLE (SUV),POLICE,E,STRAIGHT AHEAD,,,2,,,,,,,,,,Y,Y,Y,,,,,,REAR-LEFT-CORNER,,,,,,,,,,,,,,,,,,,,,,,,,,,,,,,,,
2138831,fda7eed2615894a84fecbd7a81183dd7acdcff5d37a33af734d44f07ce8172ce5be7ba5256cf6ae2676216b82a1421b914e5e2cb5373dca0b8a644d88ae13637,08/28/2025 03:10:00 PM,1,DRIVER,,2038891,,NISSAN,ALTIMA,IL,2009,UNKNOWN,PASSENGER,PERSONAL,S,CHANGING LANES,,,1,,,,,Y,,,,,,,,,,,,,FRONT-RIGHT-CORNER,,,,,,,,,,,,,,,,,,,,,,,,,,,,,,,,,
2138832,fda7eed2615894a84fecbd7a81183dd7acdcff5d37a33af734d44f07ce8172ce5be7ba5256cf6ae2676216b82a1421b914e5e2cb5373dca0b8a644d88ae13637,08/28/2025 03:10:00 PM,2,DRIVER,,2038905,,GENERAL MOTORS CORPORATION (GMC),TERRAIN,IL,2022,NONE,SPORT UTILITY VEHICLE (SUV),PERSONAL,S,STRAIGHT AHEAD,,,1,,,,,,,,,,,Y,Y,,,,,,SIDE-LEFT,,,,,,,,,,,,,,,,,,,,,,,,,,,,,,,,,
2138782,256931026ed5f0b905d2d3a621d35b1aeb7ad280faa08381ce4e7836a16658a2dd17ae2c1c3706379f6ce6c160ecfe9776a87bf393fc2d0f08366b96112e7a87,08/28/2025 03:09:00 PM,1,DRIVER,1,2038839,,ACURA,ADX,IL,2025,NONE,PASSENGER,PERSONAL,E,STRAIGHT AHEAD,,,2,,,,,,,,,,,,,,,,Y,,FRONT,,,,,,,,,,,,,,,,,,,,,,,,,,,,,,,,,
2138783,256931026ed5f0b905d2d3a621d35b1aeb7ad280faa08381ce4e7836a16658a2dd17ae2c1c3706379f6ce6c160ecfe9776a87bf393fc2d0f08366b96112e7a87,08/28/2025 03:09:00 PM,2,DRIVER,,2038854,,HYUNDAI,VELOSTAR,IL,2016,NONE,PASSENGER,PERSONAL,S,STRAIGHT AHEAD,,,1,,,,,Y,,,,,,,,,,,,,FRONT-RIGHT-CORNER,,,,,,,,,,,,,,,,,,,,,,,,,,,,,,,,,
2138807,77d5b3d8daaf7dcc4fa03f72d021b77be9c18bb3107e3f2625e24c6ce05c9dbe0f8a74df4772207df0106194765f1277488574a15482633f1f036ca949b61786,08/28/2025 03:09:00 PM,1,BICYCLE,,,,,,,,,,,,,,,,,,,,,,,,,,,,,,,,,,,,,,,,,,,,,,,,,,,,,,,,,,,,,,,,,,
2138808,77d5b3d8daaf7dcc4fa03f72d021b77be9c18bb3107e3f2625e24c6ce05c9dbe0f8a74df4772207df0106194765f1277488574a15482633f1f036ca949b61786,08/28/2025 03:09:00 PM,2,DRIVER,,2038869,,KIA,FORTE,IL,2023,NONE,PASSENGER,PERSONAL,W,STRAIGHT AHEAD,,,1,,,,,Y,,,,,,,,,,Y,Y,,FRONT,,,,,,,,,,,,,,,,,,,,,,,,,,,,,,,,,
2139336,2ce6e49398c29a4d1b1a138b5f67af32d251b40a45ddd5339f84d59af16e803037050cee552381a29ba36ed0bac58f0874d915ec184d05d11f213cd70374a08d,08/28/2025 03:08:00 PM,1,DRIVER,1,2039351,,CHRYSLER,PACIFICA,IL,2021,UNKNOWN,VAN/MINI-VAN,UNKNOWN/NA,NE,TURNING RIGHT,,,2,,,,,,,,,,,,,,,Y,Y,,FRONT,,,,,,,,,,,,,,,,,,,,,,,,,,,,,,,,,
2139337,2ce6e49398c29a4d1b1a138b5f67af32d251b40a45ddd5339f84d59af16e803037050cee552381a29ba36ed0bac58f0874d915ec184d05d11f213cd70374a08d,08/28/2025 03:08:00 PM,2,DRIVER,,2039380,,FORD,F150,IL,2021,NONE,PICKUP,UNKNOWN/NA,N,STRAIGHT AHEAD,,,1,,,,,Y,,,,,,,,,,,Y,,FRONT,,,,,,,,,,,,,,,,,,,,,,,,,,,,,,,,,
2138878,9e71cf1d982acc7c8f7bf86a98576e31c3b97a88c0bd6681f15fb87f26c271abc73535dbaf50822c2eda87dda4a57cf89e6d8d1ff1cacb9fa20e308d440e0541,08/28/2025 03:05:00 PM,1,DRIVER,,2038935,,NISSAN,ROGUE,IL,2017,UNKNOWN,SPORT UTILITY VEHICLE (SUV),PERSONAL,SE,STRAIGHT AHEAD,,,1,,,,,Y,,,,,,,,,,Y,Y,,FRONT,,,,,,,,,,,,,,,,,,,,,,,,,,,,,,,,,
2138879,9e71cf1d982acc7c8f7bf86a98576e31c3b97a88c0bd6681f15fb87f26c271abc73535dbaf50822c2eda87dda4a57cf89e6d8d1ff1cacb9fa20e308d440e0541,08/28/2025 03:05:00 PM,2,DRIVER,1,2038943,,TOYOTA,PRIUS,IL,2006,UNKNOWN,PASSENGER,PERSONAL,SE,SLOW/STOP IN TRAFFIC,,,2,,,,,,,,,Y,Y,Y,,,,,,,REAR,,,,,,,,,,,,,,,,,,,,,,,,,,,,,,,,,
2138839,507e95f94e91d6929aa3eaa865a2d64080c5a7a750f1d46a8641f5186f64f919078edce31b35a678f68edbf9b50326caed42d5f0d3f64676a1485fec3bf75fd0,08/28/2025 03:00:00 PM,1,DRIVER,,2038902,,JEEP,CHEROKEE,IL,2018,UNKNOWN,SPORT UTILITY VEHICLE (SUV),PERSONAL,E,STRAIGHT AHEAD,,,1,,,,,Y,,,,,,,,,,Y,Y,,FRONT,,,,,,,,,,,,,,,,,,,,,,,,,,,,,,,,,
2138840,507e95f94e91d6929aa3eaa865a2d64080c5a7a750f1d46a8641f5186f64f919078edce31b35a678f68edbf9b50326caed42d5f0d3f64676a1485fec3bf75fd0,08/28/2025 03:00:00 PM,2,DRIVER,,2038909,,DODGE,CALIBER,IL,2009,UNKNOWN,PASSENGER,PERSONAL,N,STRAIGHT AHEAD,,,1,,,,,,,,,,,,,Y,Y,Y,,,SIDE-LEFT-FRONT,,,,,,,,,,,,,,,,,,,,,,,,,,,,,,,,,
2138786,8a5d7ba4b18516acad1e33a400ea57bf6b5028e3ae0ff81b4d486dc4b22ea04514086836e2702276100bb1134e8d0dabf0fe9d0ae94b746ffc4706f06b42922f,08/28/2025 03:00:00 PM,1,DRIVER,,2038843,,DODGE,RAM 1500 PU,CA,2024,NONE,PICKUP,PERSONAL,UNKNOWN,UNKNOWN/NA,,,1,,,,,,Y,Y,,,,,,,,,,,SIDE-RIGHT,,,,,,,,,,,,,,,,,,,,,,,,,,,,,,,,,
2138787,8a5d7ba4b18516acad1e33a400ea57bf6b5028e3ae0ff81b4d486dc4b22ea04514086836e2702276100bb1134e8d0dabf0fe9d0ae94b746ffc4706f06b42922f,08/28/2025 03:00:00 PM,2,PARKED,,2038848,,RIVIAN,R1S,IL,2023,NONE,VAN/MINI-VAN,PERSONAL,W,PARKED,,,0,,,,,,,,,,,,,Y,Y,,,,SIDE-LEFT,,,,,,,,,,,,,,,,,,,,,,,,,,,,,,,,,
2138988,a54e81003292a97991afcd94476198f6ecdb9281ca470b7add9d305181dda8f7ec03163a55080e8240cf678232af60a63ace98386992953f36fb807d59b722ed,08/28/2025 03:00:00 PM,1,DRIVER,,2039031,,GENERAL MOTORS CORPORATION (GMC),ENVOY,IL,2002,UNKNOWN,SPORT UTILITY VEHICLE (SUV),PERSONAL,W,STRAIGHT AHEAD,,,1,,,,,Y,,,,,,,,,,,,,FRONT-RIGHT-CORNER,,,,,,,,,,,,,,,,,,,,,,,,,,,,,,,,,
2138989,a54e81003292a97991afcd94476198f6ecdb9281ca470b7add9d305181dda8f7ec03163a55080e8240cf678232af60a63ace98386992953f36fb807d59b722ed,08/28/2025 03:00:00 PM,2,DRIVER,,2039082,,HYUNDAI,OTHER (EXPLAIN IN NARRATIVE),IL,2019,UNKNOWN,PASSENGER,PERSONAL,W,STRAIGHT AHEAD,,,1,,,,,,,,,,,Y,,,,,,,REAR-LEFT-CORNER,,,,,,,,,,,,,,,,,,,,,,,,,,,,,,,,,
2138778,a8a63ef0b20a0aeb9ec6758fed4ef43ae5d4f976009a16147103a42b4c90a9b2e951f265b479cbceb67b5f6d074137c4a99902c99c4f04a02c0a47bed14ff96f,08/28/2025 03:00:00 PM,1,DRIVER,,2038838,,CHEVROLET,TRAVERSE,,2025,OTHER,PASSENGER,PERSONAL,N,BACKING,,,1,,,,,,,,,Y,Y,Y,,,,,,,UNKNOWN,,,,,,,,,,,,,,,,,,,,,,,,,,,,,,,,,
2138779,a8a63ef0b20a0aeb9ec6758fed4ef43ae5d4f976009a16147103a42b4c90a9b2e951f265b479cbceb67b5f6d074137c4a99902c99c4f04a02c0a47bed14ff96f,08/28/2025 03:00:00 PM,2,DRIVER,,2038861,,JEEP,COMMANDER,IL,2007,UNKNOWN,PASSENGER,PERSONAL,S,BACKING,,,1,,,,,,,,,Y,Y,Y,,,,,,,UNKNOWN,,,,,,,,,,,,,,,,,,,,,,,,,,,,,,,,,
2138788,b9c1b2e54b6bb400812d359d37c28bff5417c011a6f7951a966fdff5eb27459c1f2657e1415fc5d255590323660049794110f01d581571de009803dd53631083,08/28/2025 03:00:00 PM,1,DRIVER,,2038858,,JEEP,COMPASS,IL,2017,NONE,PASSENGER,PERSONAL,N,STRAIGHT AHEAD,,,1,,,,,Y,,,,N,N,N,,,,Y,Y,,FRONT,,,,,,,,,,,,,,,,,,,,,,,,,,,,,,,,,
2138789,b9c1b2e54b6bb400812d359d37c28bff5417c011a6f7951a966fdff5eb27459c1f2657e1415fc5d255590323660049794110f01d581571de009803dd53631083,08/28/2025 03:00:00 PM,2,DRIVER,,2038847,,JEEP,COMPASS,IL,2015,NONE,PASSENGER,PERSONAL,N,STRAIGHT AHEAD,,,1,,,,,,,,,Y,Y,Y,,,,,,,REAR,,,,,,,,,,,,,,,,,,,,,,,,,,,,,,,,,
2139108,7e682513835044eb71947f396c67591440c8ec900260e1fe26d3196ecc3e9b0215ffce0ece1ca06a846819d89ebd6f15abc063a53a50b4103490fb5ddfd8c548,08/28/2025 02:57:00 PM,1,DRIVER,,2039138,,BUICK,OTHER (EXPLAIN IN NARRATIVE),IN,,UNKNOWN,SPORT UTILITY VEHICLE (SUV),PERSONAL,S,STRAIGHT AHEAD,,,1,,,,,,,,,,,,,,,,,Y,FRONT-LEFT-CORNER,,,,,,,,,,,,,,,,,,,,,,,,,,,,,,,,,
2139109,7e682513835044eb71947f396c67591440c8ec900260e1fe26d3196ecc3e9b0215ffce0ece1ca06a846819d89ebd6f15abc063a53a50b4103490fb5ddfd8c548,08/28/2025 02:57:00 PM,2,BICYCLE,,,,,,,,,,,,,,,,,,,,,,,,,,,,,,,,,,,,,,,,,,,,,,,,,,,,,,,,,,,,,,,,,,
2138756,fc2d90f305f59b532341902f9574af7b9dd074e713877420cf463f060c1a1a101aa634a2be37147fbfdda967c7041767a0c0806469177834493e44c31c654698,08/28/2025 02:55:00 PM,1,DRIVER,,2038820,,UNKNOWN,MOTORIZED,,,UNKNOWN,UNKNOWN/NA,UNKNOWN/NA,UNKNOWN,UNKNOWN/NA,,,1,,,,,,,,,,,,,,,,,Y,UNKNOWN,,,,,,,,,,,,,,,,,,,,,,,,,,,,,,,,,
2138757,fc2d90f305f59b532341902f9574af7b9dd074e713877420cf463f060c1a1a101aa634a2be37147fbfdda967c7041767a0c0806469177834493e44c31c654698,08/28/2025 02:55:00 PM,2,PARKED,,2038810,,CHEVROLET,MALIBU,IL,2022,UNKNOWN,PASSENGER,PERSONAL,E,PARKED,,,0,,,,,,,,Y,Y,,,,,,,,,SIDE-RIGHT-REAR,,,,,,,,,,,,,,,,,,,,,,,,,,,,,,,,,
2138797,cba551cf72ec277ee5962d7c17c64018a8b27123e2bf59fc55f4e011ae0304ad15acaa4862d113d61eedc3939ab26a66b0cb3b3c29f54462ecab10f2036a47da,08/28/2025 02:50:00 PM,1,DRIVER,,2038878,,TOYOTA,PRIUS,IL,2013,NONE,PASSENGER,PERSONAL,N,STRAIGHT AHEAD,,,1,,,,,,,Y,,,,,,,,,,,SIDE-RIGHT,,,,,,,,,,,,,,,,,,,,,,,,,,,,,,,,,
2138798,cba551cf72ec277ee5962d7c17c64018a8b27123e2bf59fc55f4e011ae0304ad15acaa4862d113d61eedc3939ab26a66b0cb3b3c29f54462ecab10f2036a47da,08/28/2025 02:50:00 PM,2,DRIVER,1,2038884,,HONDA,CIVIC,IL,2017,NONE,PASSENGER,PERSONAL,E,STRAIGHT AHEAD,,,2,,,,,,,,,,,,,,,,Y,,FRONT,,,,,,,,,,,,,,,,,,,,,,,,,,,,,,,,,
2138780,03c560775bc23c2aa915a457e8ee585e9cd731ec94b09c50a2fc1fd060b84a5c76c910cb0f79abc900836710d50215701a2cbceaf8c42afa6f8ac29763e47d4d,08/28/2025 02:45:00 PM,1,DRIVER,,2038834,,VOLKSWAGEN,JETTA,IL,2014,UNKNOWN,PASSENGER,PERSONAL,UNKNOWN,CHANGING LANES,,,1,,,,,,,,,,,,Y,Y,Y,,,,SIDE-LEFT,,,,,,,,,,,,,,,,,,,,,,,,,,,,,,,,,
2138781,03c560775bc23c2aa915a457e8ee585e9cd731ec94b09c50a2fc1fd060b84a5c76c910cb0f79abc900836710d50215701a2cbceaf8c42afa6f8ac29763e47d4d,08/28/2025 02:45:00 PM,2,DRIVER,,2038871,,HONDA,ODYSSEY,GA,2025,UNKNOWN,VAN/MINI-VAN,PERSONAL,UNKNOWN,STRAIGHT AHEAD,,,1,,,,,Y,Y,,,,,,,,,,,,FRONT-RIGHT-CORNER,,,,,,,,,,,,,,,,,,,,,,,,,,,,,,,,,
2138754,735367c0a6f1db8b7188347f09aa3c94a05eb246e0323e68c02dca05ac288beca857281d83e0e549acb70fd67b6280a87b99e14bb81a7b1202d9b685197e66ac,08/28/2025 02:45:00 PM,1,DRIVER,,2038815,,HYUNDAI,SANTA FE,IL,2018,UNKNOWN,SPORT UTILITY VEHICLE (SUV),PERSONAL,N,STRAIGHT AHEAD,,,1,,,,Y,,,,,,,,,,,,,,FRONT,,,,,,,,,,,,,,,,,,,,,,,,,,,,,,,,,
2138755,735367c0a6f1db8b7188347f09aa3c94a05eb246e0323e68c02dca05ac288beca857281d83e0e549acb70fd67b6280a87b99e14bb81a7b1202d9b685197e66ac,08/28/2025 02:45:00 PM,2,DRIVER,,2038825,,CHEVROLET,SILVERADO,IL,2023,NONE,PICKUP,OTHER,N,SLOW/STOP IN TRAFFIC,,,1,,,,Y,,,,,,,,,,,,,,REAR,,,,,,,,,,,,,,,,,,,,,,,,,,,,,,,,,
2138801,794753683009d44b3d83323299fda3062c67eab6bcc2ca897b4a3efc21e86fb8584020037c875de7ea898e0a645aa94a237239c64ad9b6d31eaa421fd06ea455,08/28/2025 02:45:00 PM,1,DRIVER,,2038864,,FORD,EDGE,IL,2008,NONE,SPORT UTILITY VEHICLE (SUV),PERSONAL,W,STRAIGHT AHEAD,,,1,,,,,Y,Y,,,,,,,,,,,,FRONT-RIGHT-CORNER,,,,,,,,,,,,,,,,,,,,,,,,,,,,,,,,,
2138802,794753683009d44b3d83323299fda3062c67eab6bcc2ca897b4a3efc21e86fb8584020037c875de7ea898e0a645aa94a237239c64ad9b6d31eaa421fd06ea455,08/28/2025 02:45:00 PM,2,PARKED,,2038868,,FREIGHTLINER CORPORATION,FREIGHTLINER CORP.,IL,2018,NONE,BUS OVER 15 PASS.,NOT IN USE,W,PARKED,,,0,,,,Y,,,,,,,,,,,,,,FRONT-LEFT-CORNER,,,,,,,,,,,,,,,,,,,,,,,,,,,,,,,,,