CRASH_UNIT_ID,CRASH_RECORD_ID,CRASH_DATE,UNIT_NO,UNIT_TYPE,NUM_PASSENGERS,VEHICLE_ID,CMRC_VEH_I,MAKE,MODEL,LIC_PLATE_STATE,VEHICLE_YEAR,VEHICLE_DEFECT,VEHICLE_TYPE,VEHICLE_USE,TRAVEL_DIRECTION,MANEUVER,TOWED_I,FIRE_I,OCCUPANT_CNT,EXCEED_SPEED_LIMIT_I,TOWED_BY,TOWED_TO,AREA_00_I,AREA_01_I,AREA_02_I,AREA_03_I,AREA_04_I,AREA_05_I,AREA_06_I,AREA_07_I,AREA_08_I,AREA_09_I,AREA_10_I,AREA_11_I,AREA_12_I,AREA_99_I,FIRST_CONTACT_POINT,CMV_ID,USDOT_NO,CCMC_NO,ILCC_NO,COMMERCIAL_SRC,GVWR,CARRIER_NAME,CARRIER_STATE,CARRIER_CITY,HAZMAT_PLACARDS_I,HAZMAT_NAME,UN_NO,HAZMAT_PRESENT_I,HAZMAT_REPORT_I,HAZMAT_REPORT_NO,MCS_REPORT_I,MCS_REPORT_NO,HAZMAT_VIO_CAUSE_CRASH_I,MCS_VIO_CAUSE_CRASH_I,IDOT_PERMIT_NO,WIDE_LOAD_I,TRAILER1_WIDTH,TRAILER2_WIDTH,TRAILER1_LENGTH,TRAILER2_LENGTH,TOTAL_VEHICLE_LENGTH,AXLE_CNT,VEHICLE_CONFIG,CARGO_BODY_TYPE,LOAD_TYPE,HAZMAT_OUT_OF_SERVICE_I,MCS_OUT_OF_SERVICE_I,HAZMAT_CLASS
2138803,b07f35668ba11156f478395ea5c500933d278bb7fa4252ae61fc6b6cb815c692a9d68880085c2486e1543d72d7e64899ecd7cc039429eb93ef66ae5aa09e53a5,08/28/2025 02:40:00 PM,1,DRIVER,,2038857,,TOYOTA,PRIUS,IL,,UNKNOWN,PASSENGER,UNKNOWN/NA,S,STRAIGHT AHEAD,,,1,,,,,,,,,,,,,,,,,Y,UNKNOWN,,,,,,,,,,,,,,,,,,,,,,,,,,,,,,,,,
2138804,b07f35668ba11156f478395ea5c500933d278bb7fa4252ae61fc6b6cb815c692a9d68880085c2486e1543d72d7e64899ecd7cc039429eb93ef66ae5aa09e53a5,08/28/2025 02:40:00 PM,2,PARKED,,2038863,,HONDA,ACCORD,IL,2024,NONE,PASSENGER,UNKNOWN/NA,S,PARKED,,,0,,,,,,,,,,,Y,,,,,,,REAR-LEFT-CORNER,,,,,,,,,,,,,,,,,,,,,,,,,,,,,,,,,
2138772,507929b2a9916d94282ef6879998363c2e40ccc8766b8db4ef442706c9169e1968c73f1af5b7aa2fe0ca2d5947df29399384e3c64aa124fc00b7fcec15944ce9,08/28/2025 02:30:00 PM,1,DRIVER,,2038830,,NISSAN,ROGUE,IL,2011,UNKNOWN,SPORT UTILITY VEHICLE (SUV),PERSONAL,S,SLOW/STOP IN TRAFFIC,,,1,,,,,Y,,,,,,,,,,Y,Y,,FRONT,,,,,,,,,,,,,,,,,,,,,,,,,,,,,,,,,
2138773,507929b2a9916d94282ef6879998363c2e40ccc8766b8db4ef442706c9169e1968c73f1af5b7aa2fe0ca2d5947df29399384e3c64aa124fc00b7fcec15944ce9,08/28/2025 02:30:00 PM,2,DRIVER,,2038833,,FORD,FIESTA,IL,2019,UNKNOWN,PASSENGER,PERSONAL,S,SLOW/STOP IN TRAFFIC,,,1,,,,,,,,,Y,Y,Y,,,,,,,REAR,,,,,,,,,,,,,,,,,,,,,,,,,,,,,,,,,
2138799,6ee4b3f807a63616e850bd305e719acfed96fdb11676f3171b536be8f86619a5ec522c7fd75cff228e5d3423ca8e1f2d9b59cb737a1379f024833505967c4fc1,08/28/2025 02:30:00 PM,1,DRIVER,,2038852,,FORD,ESCAPE,IN,2010,UNKNOWN,PASSENGER,PERSONAL,UNKNOWN,UNKNOWN/NA,,,1,,,,,Y,,,,,,,,,,Y,Y,,FRONT,,,,,,,,,,,,,,,,,,,,,,,,,,,,,,,,,
2138800,6ee4b3f807a63616e850bd305e719acfed96fdb11676f3171b536be8f86619a5ec522c7fd75cff228e5d3423ca8e1f2d9b59cb737a1379f024833505967c4fc1,08/28/2025 02:30:00 PM,2,DRIVER,,2038859,,FORD,VAN,IL,2020,UNKNOWN,PASSENGER,PERSONAL,UNKNOWN,UNKNOWN/NA,,,1,,,,,,,,Y,Y,Y,Y,Y,,,,,,REAR,,,,,,,,,,,,,,,,,,,,,,,,,,,,,,,,,
2138813,88ff1dbd9843dae6e8bff8c09cc1266331ba7b5431830a0463002a14f4753619a6e85c79ea6f10c506d4584430cf0384e835ea479ab1657ec03e02281ece4a0d,08/28/2025 02:30:00 PM,1,DRIVER,,2038867,,CHEVROLET,EXPRESS,IL,2023,NONE,VAN/MINI-VAN,OTHER,N,STRAIGHT AHEAD,,,1,,,,,,,,,,,,Y,Y,,,,,SIDE-LEFT-REAR,,,,,,,,,,,,,,,,,,,,,,,,,,,,,,,,,
2138824,b3ef6c36484d73cb0154b72eb9224f20708057c464238846f5e68422ea33c110a6c7b9f0926471824012c2785180b8396faced44aece157fd1e336d15fb79bdb,08/28/2025 02:30:00 PM,1,DRIVER,,2038883,,AUDI,A3,TX,2017,NONE,PASSENGER,PERSONAL,S,TURNING LEFT,,,1,,,,,Y,,,,,,,,,,N,Y,,FRONT-RIGHT-CORNER,,,,,,,,,,,,,,,,,,,,,,,,,,,,,,,,,
2138825,b3ef6c36484d73cb0154b72eb9224f20708057c464238846f5e68422ea33c110a6c7b9f0926471824012c2785180b8396faced44aece157fd1e336d15fb79bdb,08/28/2025 02:30:00 PM,2,DRIVER,,2038894,,CHEVROLET,IMPALA,IL,2014,NONE,PASSENGER,PERSONAL,W,STRAIGHT AHEAD,,,1,,,,,,,Y,Y,Y,,,,,,,,,SIDE-RIGHT-REAR,,,,,,,,,,,,,,,,,,,,,,,,,,,,,,,,,
2138751,ca23afb6672fa8fb41ea9b55e1bc2477cdc4a8f13e5807f82836f3743d70814c9a0d72744716754ab2d7500d2ad5873cdf973c0fe0de9c501e6afbef936a8d30,08/28/2025 02:30:00 PM,1,DRIVER,,2038811,,TOYOTA,OTHER (EXPLAIN IN NARRATIVE),IL,2021,UNKNOWN,PASSENGER,PERSONAL,W,BACKING,,,1,,,,,,,,,Y,Y,Y,,,,,,,REAR,,,,,,,,,,,,,,,,,,,,,,,,,,,,,,,,,
2138752,ca23afb6672fa8fb41ea9b55e1bc2477cdc4a8f13e5807f82836f3743d70814c9a0d72744716754ab2d7500d2ad5873cdf973c0fe0de9c501e6afbef936a8d30,08/28/2025 02:30:00 PM,2,DRIVER,,2038817,,TOYOTA,RAV4,IL,2020,UNKNOWN,PASSENGER,PERSONAL,S,OTHER,,,1,,,,,,,Y,Y,Y,,,,,,,,,SIDE-RIGHT-REAR,,,,,,,,,,,,,,,,,,,,,,,,,,,,,,,,,
2138758,d0630a17d658c4f32823ac83c5465f32fd79a964410a7f4315b71f4c5776a7602a89574a3ac8ee34285f8ae6b68133a1308738eef38649f3bf61f2dc875b5c38,08/28/2025 02:30:00 PM,1,DRIVER,,2038862,,DODGE,CARAVAN,IN,2017,UNKNOWN,VAN/MINI-VAN,PERSONAL,E,STRAIGHT AHEAD,,,1,,,,,,,,,,,,,,,,Y,,FRONT,,,,,,,,,,,,,,,,,,,,,,,,,,,,,,,,,
2138759,d0630a17d658c4f32823ac83c5465f32fd79a964410a7f4315b71f4c5776a7602a89574a3ac8ee34285f8ae6b68133a1308738eef38649f3bf61f2dc875b5c38,08/28/2025 02:30:00 PM,2,DRIVER,,2038835,,DODGE,CHARGER,IN,2010,NONE,PASSENGER,PERSONAL,S,STRAIGHT AHEAD,,,1,,,,,,,Y,,,,,,,,,,,SIDE-RIGHT-REAR,,,,,,,,,,,,,,,,,,,,,,,,,,,,,,,,,
2138793,0e2edb68bfde9fc393ea4a0c5a6de6d724b851f67fcfba392e3feea9c4ab7184f9c8d30ae45f7aede0ff6e9a916dc201279dbaacae75b58a67212701ab0d4395,08/28/2025 02:25:00 PM,1,DRIVER,,2038849,,TOYOTA,CAMRY,IL,2003,UNKNOWN,PASSENGER,PERSONAL,S,STRAIGHT AHEAD,,,1,,,,,,,,,,,,,,,Y,,,FRONT-LEFT-CORNER,,,,,,,,,,,,,,,,,,,,,,,,,,,,,,,,,
2138794,0e2edb68bfde9fc393ea4a0c5a6de6d724b851f67fcfba392e3feea9c4ab7184f9c8d30ae45f7aede0ff6e9a916dc201279dbaacae75b58a67212701ab0d4395,08/28/2025 02:25:00 PM,2,DRIVER,,2038855,,JEEP,GRAND CHEROKEE,IL,2001,UNKNOWN,PASSENGER,PERSONAL,S,STRAIGHT AHEAD,,,1,,,,,,,,,Y,,,,,,,,,REAR-RIGHT-CORNER,,,,,,,,,,,,,,,,,,,,,,,,,,,,,,,,,
2138814,9c51a9054ddad1594458e8f6d4e7e9c66353f9083e8a884189251c432f72268b393e0bb92d23718d3b555ad17735bea9a46048ade79c9d1ffa88fb9186980754,08/28/2025 02:11:00 PM,1,DRIVER,,2038876,,GENERAL MOTORS CORPORATION (GMC),ACADIA,IL,2008,NONE,SPORT UTILITY VEHICLE (SUV),PERSONAL,W,ENTER FROM DRIVE/ALLEY,,,1,,,,N,,,,,,,,,,,,Y,,FRONT,,,,,,,,,,,,,,,,,,,,,,,,,,,,,,,,,
2138815,9c51a9054ddad1594458e8f6d4e7e9c66353f9083e8a884189251c432f72268b393e0bb92d23718d3b555ad17735bea9a46048ade79c9d1ffa88fb9186980754,08/28/2025 02:11:00 PM,2,DRIVER,,2038893,,CADILLAC,DTS,IL,2004,NONE,PASSENGER,PERSONAL,N,STRAIGHT AHEAD,,,1,,,,,Y,,,,,,,,,,,,,FRONT-RIGHT-CORNER,,,,,,,,,,,,,,,,,,,,,,,,,,,,,,,,,
2138718,ba37c2dfef86023f7532983928b77fe2d7e7990d5b86d70600e688a05bed6ad1cbdea5806c7e1e4209cca826f2130c236527792232205da8959dd5afa285a5d6,08/28/2025 02:10:00 PM,1,DRIVER,,2038792,,CHEVROLET,EQUINOX,IL,2020,NONE,PASSENGER,PERSONAL,E,STRAIGHT AHEAD,,,1,,,,,Y,Y,,,,,,,,,,Y,,FRONT-RIGHT-CORNER,,,,,,,,,,,,,,,,,,,,,,,,,,,,,,,,,
2138719,ba37c2dfef86023f7532983928b77fe2d7e7990d5b86d70600e688a05bed6ad1cbdea5806c7e1e4209cca826f2130c236527792232205da8959dd5afa285a5d6,08/28/2025 02:10:00 PM,2,DRIVER,,2038786,,CHRYSLER,300,WI,2007,NONE,PASSENGER,PERSONAL,W,TURNING LEFT,,,1,,,,,,,,,,,,,,Y,Y,Y,,FRONT-LEFT-CORNER,,,,,,,,,,,,,,,,,,,,,,,,,,,,,,,,,
2138776,039b5a8102b0d3e12d5a572ab2d990d14d6ceb5c45089c53499787f2994cce996f0bf95ade04866c655558730ac900998d89b6c3047ba7ce1a9b92dbd493bafb,08/28/2025 02:05:00 PM,1,DRIVER,,2038837,,CHEVROLET,SILVERADO,IL,2013,UNKNOWN,SINGLE UNIT TRUCK WITH TRAILER,CAMPER/RV - TOWED/MULTI-UNIT,N,BACKING,,,1,,,,,,,,,,,,,,,,,,OTHER,,,,,,,,,,,,,,,,,,,,,,,,,,,,,,,,,
2138777,039b5a8102b0d3e12d5a572ab2d990d14d6ceb5c45089c53499787f2994cce996f0bf95ade04866c655558730ac900998d89b6c3047ba7ce1a9b92dbd493bafb,08/28/2025 02:05:00 PM,2,PARKED,,2038842,,VOLKSWAGEN,ATLAS,IL,2023,UNKNOWN,SPORT UTILITY VEHICLE (SUV),NOT IN USE,W,PARKED,,,0,,,,,,,,,,,,,Y,Y,,,,SIDE-LEFT-FRONT,,,,,,,,,,,,,,,,,,,,,,,,,,,,,,,,,
2138764,3fce978c9b5d334e5eaeb556cb1a3314a375eb2aa156da0b94f0295c561f1f7a62a07b4aad1c7f5df981534c48954a411a54461441c52592a5aa08c702706346,08/28/2025 01:58:00 PM,1,DRIVER,,2038824,,TOYOTA,COROLLA,IL,2013,NONE,PASSENGER,PERSONAL,N,TURNING LEFT,,,1,,,,,,,,,,,,,,,,,,FRONT-LEFT-CORNER,,,,,,,,,,,,,,,,,,,,,,,,,,,,,,,,,
2138765,3fce978c9b5d334e5eaeb556cb1a3314a375eb2aa156da0b94f0295c561f1f7a62a07b4aad1c7f5df981534c48954a411a54461441c52592a5aa08c702706346,08/28/2025 01:58:00 PM,2,DRIVER,,2038844,,HONDA,PILOT,IL,2023,NONE,PASSENGER,PERSONAL,N,TURNING LEFT,,,1,,,,,Y,Y,Y,Y,,,,,,,,,,SIDE-RIGHT-FRONT,,,,,,,,,,,,,,,,,,,,,,,,,,,,,,,,,
2138939,17e2fba70eb2d9947ac3c5e4e757381f27985991bb4c2255194d3a1798bd86b8937e7f6bc989dc0396cef7dc17f2a1108c67b7adf69ce51927794a8b5115c9ac,08/28/2025 01:50:00 PM,1,DRIVER,,2038987,,HYUNDAI,TUCSON,IL,2016,NONE,SPORT UTILITY VEHICLE (SUV),PERSONAL,N,STRAIGHT AHEAD,,,1,,,,,,,,,,,Y,Y,Y,Y,Y,,,SIDE-LEFT,,,,,,,,,,,,,,,,,,,,,,,,,,,,,,,,,
2138940,17e2fba70eb2d9947ac3c5e4e757381f27985991bb4c2255194d3a1798bd86b8937e7f6bc989dc0396cef7dc17f2a1108c67b7adf69ce51927794a8b5115c9ac,08/28/2025 01:50:00 PM,2,DRIVER,,2038991,,CHEVROLET,EQUINOX,IL,2021,NONE,SPORT UTILITY VEHICLE (SUV),PERSONAL,N,STRAIGHT AHEAD,,,1,,,,,,Y,Y,Y,,,,,,,,,,SIDE-RIGHT,,,,,,,,,,,,,,,,,,,,,,,,,,,,,,,,,
2138726,c3363a3a1d1b809214b66390022e1eddce17faa75284df86bfa3f0ec31cdecb1ea27950f610cbb1780a2a33726b9f52c26c90eaa016eca941f8680cf301f3fdd,08/28/2025 01:50:00 PM,1,DRIVER,,2038790,,FORD,FREESTAR,IL,2017,NONE,VAN/MINI-VAN,OTHER,E,STRAIGHT AHEAD,,,1,,,,,,,,,,,,,,,Y,,,FRONT-LEFT-CORNER,,,,,,,,,,,,,,,,,,,,,,,,,,,,,,,,,
2138727,c3363a3a1d1b809214b66390022e1eddce17faa75284df86bfa3f0ec31cdecb1ea27950f610cbb1780a2a33726b9f52c26c90eaa016eca941f8680cf301f3fdd,08/28/2025 01:50:00 PM,2,DRIVER,,2038793,,NISSAN,ROGUE,IL,2018,NONE,PASSENGER,PERSONAL,S,STRAIGHT AHEAD,Y,,1,,private,,,Y,,,,,,,,,,,,,FRONT-RIGHT-CORNER,,,,,,,,,,,,,,,,,,,,,,,,,,,,,,,,,
2138720,37f9b5b06f020972d05a23fe10aa2da10629cb548255d99379a6fa658649ee04fc089c8e19d5291976f1d6c515095f5eb558d2846b4be40504c7ad09d32a108c,08/28/2025 01:48:00 PM,1,DRIVER,,2038800,,FORD,EXPLORER,IL,2023,NONE,SPORT UTILITY VEHICLE (SUV),POLICE,E,STRAIGHT AHEAD,,,1,,,,,,,,,Y,Y,,,,,,,,REAR-RIGHT-CORNER,,,,,,,,,,,,,,,,,,,,,,,,,,,,,,,,,
2138721,37f9b5b06f020972d05a23fe10aa2da10629cb548255d99379a6fa658649ee04fc089c8e19d5291976f1d6c515095f5eb558d2846b4be40504c7ad09d32a108c,08/28/2025 01:48:00 PM,2,DRIVER,,2038788,,DODGE,JOURNEY,IL,2016,NONE,VAN/MINI-VAN,UNKNOWN/NA,N,STRAIGHT AHEAD,,,1,,,,,Y,,,,,,,,,,,Y,,FRONT-RIGHT-CORNER,,,,,,,,,,,,,,,,,,,,,,,,,,,,,,,,,
2138714,253370520c7cbd53f3feb48e6da9c890bc202f9a65e9743a76de042504d22e52a558b1b828977d14bd9155c569c4af70061e22e5cf4af77b0d34a6cdf1a96d85,08/28/2025 01:45:00 PM,1,DRIVER,,2038779,,GENERAL MOTORS CORPORATION (GMC),OTHER (EXPLAIN IN NARRATIVE),IL,2004,NONE,SPORT UTILITY VEHICLE (SUV),PERSONAL,N,STRAIGHT AHEAD,,,1,,,,,,,,,,,,,,,,Y,,FRONT,,,,,,,,,,,,,,,,,,,,,,,,,,,,,,,,,
2138715,253370520c7cbd53f3feb48e6da9c890bc202f9a65e9743a76de042504d22e52a558b1b828977d14bd9155c569c4af70061e22e5cf4af77b0d34a6cdf1a96d85,08/28/2025 01:45:00 PM,2,DRIVER,,2038782,,AUDI,A4,CA,2014,NONE,PASSENGER,PERSONAL,N,SLOW/STOP IN TRAFFIC,,,1,,,,,,,,,,Y,,,,,,,,REAR,,,,,,,,,,,,,,,,,,,,,,,,,,,,,,,,,
2138770,c30d381b9a14f2540074f404abb41083f22653fb418b25e1eb50a0252f05229294b729ba272ed6575783d19cb109f7f6f4faa81436c56bc8bd16a55aa1288722,08/28/2025 01:45:00 PM,1,DRIVER,,2038823,,CHEVROLET,OTHER (EXPLAIN IN NARRATIVE),IL,,UNKNOWN,SPORT UTILITY VEHICLE (SUV),UNKNOWN/NA,N,STRAIGHT AHEAD,,,1,,,,,Y,,,,,,,,,,,,,FRONT-RIGHT-CORNER,,,,,,,,,,,,,,,,,,,,,,,,,,,,,,,,,
2138771,c30d381b9a14f2540074f404abb41083f22653fb418b25e1eb50a0252f05229294b729ba272ed6575783d19cb109f7f6f4faa81436c56bc8bd16a55aa1288722,08/28/2025 01:45:00 PM,2,DRIVER,,2038832,,VOLKSWAGEN,GOLF,IL,2016,UNKNOWN,PASSENGER,PERSONAL,N,ENTERING TRAFFIC LANE FROM PARKING,,,1,,,,,,,,,,,,,,,Y,,,FRONT-LEFT-CORNER,,,,,,,,,,,,,,,,,,,,,,,,,,,,,,,,,
2138712,298cf3749c9b70f55a63c3e65d22d83b72750170b57f1d3f5a0faa62da6d4e7d900008720ce3a35b7f5a75f1c5074f348ae2af53dbb517597d4f8d3a0428d4d2,08/28/2025 01:31:00 PM,1,DRIVER,1,2038780,,CHEVROLET,IMPALA,IL,2007,NONE,PASSENGER,PERSONAL,S,STRAIGHT AHEAD,,,2,,,,,Y,,,,,,,,,,Y,Y,,FRONT,,,,,,,,,,,,,,,,,,,,,,,,,,,,,,,,,
2138713,298cf3749c9b70f55a63c3e65d22d83b72750170b57f1d3f5a0faa62da6d4e7d900008720ce3a35b7f5a75f1c5074f348ae2af53dbb517597d4f8d3a0428d4d2,08/28/2025 01:31:00 PM,2,DRIVER,1,2038787,,HYUNDAI,SANTA FE,IL,2025,NONE,TRUCK - SINGLE UNIT,PERSONAL,S,STRAIGHT AHEAD,,,2,,,,,,,,,Y,Y,Y,,,,,,,REAR,,,,,,,,,,,,,,,,,,,,,,,,,,,,,,,,,
2138691,0cb74003d4d3807fefa7f3202418db0af489abf4628e38f5c78faeb6e70aced83f441f9e3207538a36ffd84c714bc67c639348f4291e164ad69993c2eb1228b3,08/28/2025 01:30:00 PM,1,DRIVER,,2038760,,UNKNOWN,OTHER (EXPLAIN IN NARRATIVE),,,UNKNOWN,UNKNOWN/NA,UNKNOWN/NA,UNKNOWN,UNKNOWN/NA,,,1,,,,,,,,,,,,,,,,,,UNKNOWN,,,,,,,,,,,,,,,,,,,,,,,,,,,,,,,,,
2138692,0cb74003d4d3807fefa7f3202418db0af489abf4628e38f5c78faeb6e70aced83f441f9e3207538a36ffd84c714bc67c639348f4291e164ad69993c2eb1228b3,08/28/2025 01:30:00 PM,2,PARKED,,2038762,,CHEVROLET,TRAVERSE,IL,2011,UNKNOWN,SPORT UTILITY VEHICLE (SUV),NOT IN USE,N,PARKED,,,0,,,,,,,,Y,,,,,,,,,,SIDE-RIGHT-REAR,,,,,,,,,,,,,,,,,,,,,,,,,,,,,,,,,
2138722,707dfc7e1d5518e7f788088265f0468728b5e2c5e2c8835420ba903bc95d5e8f5bd9edf298f309e07c87f33d26553898c4208686ebd24dbdf2a6ed82899af4e6,08/28/2025 01:30:00 PM,1,DRIVER,,2038789,,JEEP,WRANGLER,IL,2017,UNKNOWN,SPORT UTILITY VEHICLE (SUV),PERSONAL,N,STRAIGHT AHEAD,,,1,,,,Y,,,,,,,,,,,,,,FRONT,,,,,,,,,,,,,,,,,,,,,,,,,,,,,,,,,
2138723,707dfc7e1d5518e7f788088265f0468728b5e2c5e2c8835420ba903bc95d5e8f5bd9edf298f309e07c87f33d26553898c4208686ebd24dbdf2a6ed82899af4e6,08/28/2025 01:30:00 PM,2,DRIVER,,2038794,,TOYOTA,RAV4,IL,2015,UNKNOWN,SPORT UTILITY VEHICLE (SUV),PERSONAL,N,STRAIGHT AHEAD,,,1,,,,,,,,,Y,Y,Y,,,,,,,REAR,,,,,,,,,,,,,,,,,,,,,,,,,,,,,,,,,
2138733,a3e98b0af130f3d0b3a0d2566d1b707812c0ad4e0d999cac4e6821a75266eb668395d227878f79150549379f1b8081cc8762ab4d0adc13bfcbb8a0834d3bc5f1,08/28/2025 01:30:00 PM,1,DRIVER,,2038798,,NISSAN,ROGUE,PA,2016,UNKNOWN,PASSENGER,PERSONAL,UNKNOWN,UNKNOWN/NA,,,1,,,,,,,,,,,,,,Y,Y,Y,,FRONT-LEFT-CORNER,,,,,,,,,,,,,,,,,,,,,,,,,,,,,,,,,
2138734,a3e98b0af130f3d0b3a0d2566d1b707812c0ad4e0d999cac4e6821a75266eb668395d227878f79150549379f1b8081cc8762ab4d0adc13bfcbb8a0834d3bc5f1,08/28/2025 01:30:00 PM,2,DRIVER,,2038803,,MASERATI,OTHER (EXPLAIN IN NARRATIVE),IL,2024,UNKNOWN,PASSENGER,PERSONAL,UNKNOWN,UNKNOWN/NA,,,1,,,,,,,Y,Y,Y,Y,Y,Y,Y,,,,,REAR,,,,,,,,,,,,,,,,,,,,,,,,,,,,,,,,,
2138858,a513a69a3dd1b148a32583b6af8b677040d17cc32e7b8ca1a35c021332cca4afea128e432feb534fc714037d028fe858be3e22c19a6fe4c405a9eb5eabf3eb82,08/28/2025 01:30:00 PM,1,DRIVER,,2038915,,MERCEDES-BENZ,GLC,SD,2019,NONE,PASSENGER,PERSONAL,E,ENTERING TRAFFIC LANE FROM PARKING,,,1,,,,,N,,,,,,,,,,Y,,,SIDE-LEFT-FRONT,,,,,,,,,,,,,,,,,,,,,,,,,,,,,,,,,
2138859,a513a69a3dd1b148a32583b6af8b677040d17cc32e7b8ca1a35c021332cca4afea128e432feb534fc714037d028fe858be3e22c19a6fe4c405a9eb5eabf3eb82,08/28/2025 01:30:00 PM,2,DRIVER,1,2038920,,CHEVROLET,AVALANCHE,IL,2008,NONE,PICKUP,PERSONAL,E,STRAIGHT AHEAD,,,2,,,,,Y,,,,,,,,,,,,,SIDE-RIGHT-FRONT,,,,,,,,,,,,,,,,,,,,,,,,,,,,,,,,,
2139818,cd53b5ef3775911c9f1c93bcf0a4110b1a34592b09327f7dcbb2a7fe8c402590470035c3db07587395cb509fd2327633e2959e2f4956abe24fbde7569c709498,08/28/2025 01:30:00 PM,1,DRIVER,,2039805,,DODGE,OTHER (EXPLAIN IN NARRATIVE),IL,2013,UNKNOWN,UNKNOWN/NA,UNKNOWN/NA,W,STRAIGHT AHEAD,,,1,,,,,,,,,,,,,,,,,Y,UNKNOWN,,,,,,,,,,,,,,,,,,,,,,,,,,,,,,,,,
2139819,cd53b5ef3775911c9f1c93bcf0a4110b1a34592b09327f7dcbb2a7fe8c402590470035c3db07587395cb509fd2327633e2959e2f4956abe24fbde7569c709498,08/28/2025 01:30:00 PM,2,PARKED,,2039806,,KIA,FORTE,IL,2013,UNKNOWN,PASSENGER,NOT IN USE,E,PARKED,,,0,,,,,,,,,,Y,Y,Y,,,,,,REAR-LEFT-CORNER,,,,,,,,,,,,,,,,,,,,,,,,,,,,,,,,,
2138745,cec138ddcb28883bc0b60a0e2b2ed9ca6e09a887f87db01138283a88525099578e44a1e8f3f1f539a6b5483e99b93efb58739e2cd14883d93786b6f2aed1362d,08/28/2025 01:30:00 PM,1,DRIVER,,2038808,,TOYOTA,OTHER (EXPLAIN IN NARRATIVE),IL,,NONE,PICKUP,PERSONAL,UNKNOWN,STRAIGHT AHEAD,,,1,,,,,Y,,,,,,,,,,Y,Y,,FRONT,,,,,,,,,,,,,,,,,,,,,,,,,,,,,,,,,
2138746,cec138ddcb28883bc0b60a0e2b2ed9ca6e09a887f87db01138283a88525099578e44a1e8f3f1f539a6b5483e99b93efb58739e2cd14883d93786b6f2aed1362d,08/28/2025 01:30:00 PM,2,DRIVER,,2038812,,HYUNDAI,SONATA,IL,2019,NONE,PASSENGER,PERSONAL,N,STRAIGHT AHEAD,,,1,,,,,,Y,Y,Y,Y,,,,,,,,,SIDE-RIGHT,,,,,,,,,,,,,,,,,,,,,,,,,,,,,,,,,
2138735,d0df04f62167efd4599ca42d77911b05a601eb4805934cb232c9f37efae7d4c58d2a9457f0ad7dfb1a549d54c3c92bfefbabe2c9810eda01afdf54d1689ed9bd,08/28/2025 01:21:00 PM,1,DRIVER,,2038796,,FORD,TRANSIT,IL,2020,NONE,VAN/MINI-VAN,UNKNOWN/NA,E,STRAIGHT AHEAD,,,1,,,,Y,,,,,,,,,,,,,,SIDE-LEFT-FRONT,,,,,,,,,,,,,,,,,,,,,,,,,,,,,,,,,
2138736,d0df04f62167efd4599ca42d77911b05a601eb4805934cb232c9f37efae7d4c58d2a9457f0ad7dfb1a549d54c3c92bfefbabe2c9810eda01afdf54d1689ed9bd,08/28/2025 01:21:00 PM,2,DRIVER,,2038797,,UNKNOWN,OTHER (EXPLAIN IN NARRATIVE),,,UNKNOWN,UNKNOWN/NA,UNKNOWN/NA,E,STRAIGHT AHEAD,,,1,,,,N,,Y,,,,,,,,,,,,FRONT-RIGHT-CORNER,,,,,,,,,,,,,,,,,,,,,,,,,,,,,,,,,
2138760,79aa6085f045e129e1c6eae5432c332083fa4efea757f065207b8278a447983ee058b2aa9c363ef3a56066c394cb608ea2296e363c2d550609d85f253bdfeeb9,08/28/2025 01:20:00 PM,1,DRIVER,,2038818,,DODGE,RAM 1500 PU,IL,2019,UNKNOWN,PICKUP,UNKNOWN/NA,SW,STARTING IN TRAFFIC,,,1,,,,,,,,,,,,,,,,,Y,FRONT,,,,,,,,,,,,,,,,,,,,,,,,,,,,,,,,,
2138761,79aa6085f045e129e1c6eae5432c332083fa4efea757f065207b8278a447983ee058b2aa9c363ef3a56066c394cb608ea2296e363c2d550609d85f253bdfeeb9,08/28/2025 01:20:00 PM,2,DRIVER,,2038828,,ELECTRIC CYCLE,ELECTRIC CYCLE,IL,,UNKNOWN,OTHER,PERSONAL,NE,TURNING LEFT,N,,1,,,,Y,,,,,,,,,,,,,,TOTAL (ALL AREAS),,,,,,,,,,,,,,,,,,,,,,,,,,,,,,,,,
2138747,e44157f394b825ae6b1c9ec35136f0553343d037b3e8b18b497280cc73f9eaaf6c3b920303a124f8ac1c8d6df1571b8b2ee266003b8c59d9e46e03acd6c885d2,08/28/2025 01:20:00 PM,1,DRIVER,,2038822,,FORD,EDGE,IL,2011,UNKNOWN,SPORT UTILITY VEHICLE (SUV),PERSONAL,S,CHANGING LANES,,,1,,,,,Y,Y,Y,,,,,,,,,,,SIDE-RIGHT,,,,,,,,,,,,,,,,,,,,,,,,,,,,,,,,,
2138748,e44157f394b825ae6b1c9ec35136f0553343d037b3e8b18b497280cc73f9eaaf6c3b920303a124f8ac1c8d6df1571b8b2ee266003b8c59d9e46e03acd6c885d2,08/28/2025 01:20:00 PM,2,DRIVER,,2038809,,DODGE,OTHER (EXPLAIN IN NARRATIVE),IL,2025,UNKNOWN,SPORT UTILITY VEHICLE (SUV),PERSONAL,S,STRAIGHT AHEAD,,,1,,,,,,,,,,,,Y,Y,Y,Y,,,FRONT-LEFT-CORNER,,,,,,,,,,,,,,,,,,,,,,,,,,,,,,,,,