CRASH_UNIT_ID,CRASH_RECORD_ID,CRASH_DATE,UNIT_NO,UNIT_TYPE,NUM_PASSENGERS,VEHICLE_ID,CMRC_VEH_I,MAKE,MODEL,LIC_PLATE_STATE,VEHICLE_YEAR,VEHICLE_DEFECT,VEHICLE_TYPE,VEHICLE_USE,TRAVEL_DIRECTION,MANEUVER,TOWED_I,FIRE_I,OCCUPANT_CNT,EXCEED_SPEED_LIMIT_I,TOWED_BY,TOWED_TO,AREA_00_I,AREA_01_I,AREA_02_I,AREA_03_I,AREA_04_I,AREA_05_I,AREA_06_I,AREA_07_I,AREA_08_I,AREA_09_I,AREA_10_I,AREA_11_I,AREA_12_I,AREA_99_I,FIRST_CONTACT_POINT,CMV_ID,USDOT_NO,CCMC_NO,ILCC_NO,COMMERCIAL_SRC,GVWR,CARRIER_NAME,CARRIER_STATE,CARRIER_CITY,HAZMAT_PLACARDS_I,HAZMAT_NAME,UN_NO,HAZMAT_PRESENT_I,HAZMAT_REPORT_I,HAZMAT_REPORT_NO,MCS_REPORT_I,MCS_REPORT_NO,HAZMAT_VIO_CAUSE_CRASH_I,MCS_VIO_CAUSE_CRASH_I,IDOT_PERMIT_NO,WIDE_LOAD_I,TRAILER1_WIDTH,TRAILER2_WIDTH,TRAILER1_LENGTH,TRAILER2_LENGTH,TOTAL_VEHICLE_LENGTH,AXLE_CNT,VEHICLE_CONFIG,CARGO_BODY_TYPE,LOAD_TYPE,HAZMAT_OUT_OF_SERVICE_I,MCS_OUT_OF_SERVICE_I,HAZMAT_CLASS
2139462,5c60a299371281c99c2368e2162c7ad159798749c26f7ba62b52fc47f8d97ec7615d44559f7d767b29df448a21bfa2accdaec78f3e333ff2fa9011045f4d3983,08/28/2025 01:15:00 PM,1,DRIVER,,2039475,,PONTIAC,OTHER (EXPLAIN IN NARRATIVE),IL,2008,UNKNOWN,PASSENGER,UNKNOWN/NA,E,STRAIGHT AHEAD,,,1,,,,,Y,,,,,,,,,,Y,Y,,FRONT,,,,,,,,,,,,,,,,,,,,,,,,,,,,,,,,,
2139463,5c60a299371281c99c2368e2162c7ad159798749c26f7ba62b52fc47f8d97ec7615d44559f7d767b29df448a21bfa2accdaec78f3e333ff2fa9011045f4d3983,08/28/2025 01:15:00 PM,2,DRIVER,,2039478,,TOYOTA,PRIUS,,2018,NONE,PASSENGER,PERSONAL,N,STRAIGHT AHEAD,,,1,,,,,,,,,,,,,Y,Y,Y,,,SIDE-LEFT,,,,,,,,,,,,,,,,,,,,,,,,,,,,,,,,,
2138710,fc05a354f640e6ff81f71d36b1e9b092470b317a7ba5218928fd346c2d19631cf30a71b1336a849debaec7504191a1ff0ba105723e95b8fc3a20f2e8a2ad979d,08/28/2025 01:15:00 PM,1,DRIVER,,2038774,,JEEP,JEEP,IL,,NONE,SPORT UTILITY VEHICLE (SUV),PERSONAL,W,STRAIGHT AHEAD,,,1,,,,,,,,,,,,,,,,Y,,FRONT,,,,,,,,,,,,,,,,,,,,,,,,,,,,,,,,,
2138711,fc05a354f640e6ff81f71d36b1e9b092470b317a7ba5218928fd346c2d19631cf30a71b1336a849debaec7504191a1ff0ba105723e95b8fc3a20f2e8a2ad979d,08/28/2025 01:15:00 PM,2,BICYCLE,,,,,,,,,,,,,,,,,,,,,,,,,,,,,,,,,,,,,,,,,,,,,,,,,,,,,,,,,,,,,,,,,,
2138902,9369bc76237a2904ce332f83e498f0393c3f6c172589fb25f6b1ec0e8fdca5ae6316d0efeb318c75e4d4eaff541ae69c4a8ed46c8154de714e6e7f934f7f2182,08/28/2025 01:08:00 PM,1,DRIVER,,2038983,,FORD,EXPLORER,IL,2017,UNKNOWN,PASSENGER,COMMERCIAL - MULTI-UNIT,S,AVOIDING VEHICLES/OBJECTS,Y,,1,,,,,Y,,,,,,,,,,Y,Y,,FRONT,,,,,,,,,,,,,,,,,,,,,,,,,,,,,,,,,
2138903,9369bc76237a2904ce332f83e498f0393c3f6c172589fb25f6b1ec0e8fdca5ae6316d0efeb318c75e4d4eaff541ae69c4a8ed46c8154de714e6e7f934f7f2182,08/28/2025 01:08:00 PM,2,DRIVER,1,2039068,,TESLA,MODEL S,IL,2013,UNKNOWN,PASSENGER,PERSONAL,S,SLOW/STOP IN TRAFFIC,Y,,2,,,,,,,,,Y,Y,Y,,,,,,,REAR,,,,,,,,,,,,,,,,,,,,,,,,,,,,,,,,,
2138695,4b6a74940618de2e8d814938bf59fbed6d797f30eb31ebe835d7d36373ca6a11f684c801982ce327095bc31c5f03769e885fda8a07f823c2bf4b631234768244,08/28/2025 01:00:00 PM,1,DRIVER,,2039290,,NISSAN,SENTRA,IL,2020,NONE,PICKUP,PERSONAL,NE,TURNING LEFT,,,1,,,,,Y,,,,,,,,,,Y,Y,,FRONT,,,,,,,,,,,,,,,,,,,,,,,,,,,,,,,,,
2138696,4b6a74940618de2e8d814938bf59fbed6d797f30eb31ebe835d7d36373ca6a11f684c801982ce327095bc31c5f03769e885fda8a07f823c2bf4b631234768244,08/28/2025 01:00:00 PM,2,DRIVER,,2039291,,TOYOTA,CAMRY,IL,2005,NONE,PASSENGER,OTHER,E,CHANGING LANES,,,1,,,,,,,,,,,,,,,Y,Y,,FRONT-LEFT-CORNER,,,,,,,,,,,,,,,,,,,,,,,,,,,,,,,,,
2138689,4d145fd5c66b606b3d25a9fb3544481cbc1436a5c22971b15a4cbf27b5a3cf1654438ff3210175f518a1a3de0fb0c3dc0b31c03f8c829632c9b99eaa267bc424,08/28/2025 01:00:00 PM,1,DRIVER,,2038763,,TOYOTA,OTHER (EXPLAIN IN NARRATIVE),IL,2019,UNKNOWN,PASSENGER,PERSONAL,UNKNOWN,UNKNOWN/NA,,,1,,,,,Y,Y,Y,Y,Y,,,,,,,,,SIDE-RIGHT,,,,,,,,,,,,,,,,,,,,,,,,,,,,,,,,,
2138690,4d145fd5c66b606b3d25a9fb3544481cbc1436a5c22971b15a4cbf27b5a3cf1654438ff3210175f518a1a3de0fb0c3dc0b31c03f8c829632c9b99eaa267bc424,08/28/2025 01:00:00 PM,2,DRIVER,,2038767,,FORD,EXPEDITION,IL,2025,UNKNOWN,PASSENGER,PERSONAL,UNKNOWN,UNKNOWN/NA,,,1,,,,,,,,,,Y,Y,Y,Y,,,,,REAR-LEFT-CORNER,,,,,,,,,,,,,,,,,,,,,,,,,,,,,,,,,
2140841,612cf39f85ea7648673b7e3aef91d22b51197e4c6b7aec65fb2baa8f860f4160438ccf4cede09686c0e708a8c71407c2c4fb5fc5877a33075a461891b2e8fbf1,08/28/2025 01:00:00 PM,1,DRIVER,,2040801,,TOYOTA,RAV4,IL,2023,UNKNOWN,PASSENGER,UNKNOWN/NA,UNKNOWN,UNKNOWN/NA,,,1,,,,,,,,,,,,,,,,,Y,UNKNOWN,,,,,,,,,,,,,,,,,,,,,,,,,,,,,,,,,
2140842,612cf39f85ea7648673b7e3aef91d22b51197e4c6b7aec65fb2baa8f860f4160438ccf4cede09686c0e708a8c71407c2c4fb5fc5877a33075a461891b2e8fbf1,08/28/2025 01:00:00 PM,2,PARKED,,2040805,,VOLKSWAGEN,TIGUAN,IL,2024,UNKNOWN,PASSENGER,NOT IN USE,UNKNOWN,PARKED,,,0,,,,,,Y,Y,Y,,,,,,,,,,SIDE-RIGHT,,,,,,,,,,,,,,,,,,,,,,,,,,,,,,,,,
2138683,0ff79572f7e612afe23c6a1bab54890aea77dc12711d15af4c94516bfc5729254d2da9158656232f1b7d3da8b011e2dd2cb359e0f47aff05721605e57040ca0e,08/28/2025 12:52:00 PM,1,DRIVER,,2038746,,INFINITI,OTHER (EXPLAIN IN NARRATIVE),IL,2013,UNKNOWN,PASSENGER,PERSONAL,W,STRAIGHT AHEAD,,,1,,,,,Y,Y,,,,,,,,,,,,FRONT-RIGHT-CORNER,,,,,,,,,,,,,,,,,,,,,,,,,,,,,,,,,
2138684,0ff79572f7e612afe23c6a1bab54890aea77dc12711d15af4c94516bfc5729254d2da9158656232f1b7d3da8b011e2dd2cb359e0f47aff05721605e57040ca0e,08/28/2025 12:52:00 PM,2,DRIVER,,2038752,,NEW FLYER,OTHER (EXPLAIN IN NARRATIVE),IL,2007,UNKNOWN,BUS OVER 15 PASS.,CTA,SW,STRAIGHT AHEAD,,,1,,,,,,,,,N,,Y,,,,,,,REAR-LEFT-CORNER,,,,,,,,,,,,,,,,,,,,,,,,,,,,,,,,,
2138655,e81ea28ff72d95d0e1caaf6d0639b51757bda234637da860ee9afa017d45cec9f3eb275784f0fac54e35dda2de855faa91b9907ddd874ff884ac6e61287b8abf,08/28/2025 12:45:00 PM,1,DRIVER,,2038731,,FORD,ECOSPORT,IL,2019,NONE,PASSENGER,PERSONAL,E,TURNING LEFT,,,1,,,,,Y,Y,,,,,,,,,Y,Y,,FRONT-RIGHT-CORNER,,,,,,,,,,,,,,,,,,,,,,,,,,,,,,,,,
2138656,e81ea28ff72d95d0e1caaf6d0639b51757bda234637da860ee9afa017d45cec9f3eb275784f0fac54e35dda2de855faa91b9907ddd874ff884ac6e61287b8abf,08/28/2025 12:45:00 PM,2,DRIVER,,2038740,,RIVIAN,R1T,IL,2024,NONE,PASSENGER,PERSONAL,E,STRAIGHT AHEAD,,,1,,,,,,,,,,,,Y,Y,Y,,,,SIDE-LEFT,,,,,,,,,,,,,,,,,,,,,,,,,,,,,,,,,
2138681,aa954553065d2bd8e3c81473c5c47bdb0c29074b66dcc45dc5875960b9d5f3c430a98247ee8477864240480d8580cc00af35d30afacc86d470be455de552f33c,08/28/2025 12:40:00 PM,1,DRIVER,1,2038747,,FORD,F350,IL,2015,UNKNOWN,PICKUP,CONSTRUCTION/MAINTENANCE,S,BACKING,,,2,,,,,,,,,,,,,,,,,Y,REAR,,,,,,,,,,,,,,,,,,,,,,,,,,,,,,,,,
2138682,aa954553065d2bd8e3c81473c5c47bdb0c29074b66dcc45dc5875960b9d5f3c430a98247ee8477864240480d8580cc00af35d30afacc86d470be455de552f33c,08/28/2025 12:40:00 PM,2,DRIVER,,2038759,,HONDA,CR-V,IL,2026,UNKNOWN,SPORT UTILITY VEHICLE (SUV),PERSONAL,N,OTHER,,,1,,,,,,,,,,,,,,,,Y,,FRONT-RIGHT-CORNER,,,,,,,,,,,,,,,,,,,,,,,,,,,,,,,,,
2138663,1e16350310a2f804682a4ea0069287cb180c8a01ccd0bbd902927b5665f1d624251a608ccb86b63c4ba311f91898f02f18977573068c9cbd78d6bd99f5f74c17,08/28/2025 12:38:00 PM,1,DRIVER,,2038730,,LEXUS,GS350,IL,2008,NONE,PASSENGER,PERSONAL,S,STRAIGHT AHEAD,,,1,,,,,,,,,,,,,,Y,Y,,,FRONT-LEFT-CORNER,,,,,,,,,,,,,,,,,,,,,,,,,,,,,,,,,
2138664,1e16350310a2f804682a4ea0069287cb180c8a01ccd0bbd902927b5665f1d624251a608ccb86b63c4ba311f91898f02f18977573068c9cbd78d6bd99f5f74c17,08/28/2025 12:38:00 PM,2,DRIVER,,2038743,,CHEVROLET,CAMARO,IL,2011,NONE,PASSENGER,PERSONAL,N,TURNING LEFT,,,1,,,,,Y,Y,,,,,,,,,,Y,,FRONT-RIGHT-CORNER,,,,,,,,,,,,,,,,,,,,,,,,,,,,,,,,,
2138768,5e58f66ef0e8b37766e092744e7d048ce68f6dcd1841f54395041759fda4ff9087b25deee62d56ce720b1d6a6d28080429a73555474a5d2d1701dc27a63ac5df,08/28/2025 12:30:00 PM,1,DRIVER,,2038829,,NISSAN,ALTIMA,IL,2017,UNKNOWN,PASSENGER,PERSONAL,S,PASSING/OVERTAKING,,,1,,,,,,,,,,,,,,Y,Y,,,FRONT-RIGHT-CORNER,,,,,,,,,,,,,,,,,,,,,,,,,,,,,,,,,
2138769,5e58f66ef0e8b37766e092744e7d048ce68f6dcd1841f54395041759fda4ff9087b25deee62d56ce720b1d6a6d28080429a73555474a5d2d1701dc27a63ac5df,08/28/2025 12:30:00 PM,2,DRIVER,1,2038846,N,FORD,E-TRANSIT,IL,2020,NONE,BUS UP TO 15 PASS.,UNKNOWN/NA,S,STRAIGHT AHEAD,,,2,,,,,,,Y,Y,,,,,,,,,,SIDE-LEFT-REAR,,,,,,,,,,,,,,,,,,,,,,,,,,,,,,,,,
2138749,ca4f70b08c97324c7ffe39dfa464a72239d25217c04d8832a878decd4228818925e7f1ffa9bbf17ace2cdebb1eac51b07736792a21b05329133e40faeb1018c4,08/28/2025 12:30:00 PM,1,DRIVER,2,2038813,,CHEVROLET,EQUINOX,IL,2020,NONE,PASSENGER,PERSONAL,NW,TURNING RIGHT,,,3,,,,,,,Y,,,,,,,,,,,SIDE-RIGHT-REAR,,,,,,,,,,,,,,,,,,,,,,,,,,,,,,,,,
2138750,ca4f70b08c97324c7ffe39dfa464a72239d25217c04d8832a878decd4228818925e7f1ffa9bbf17ace2cdebb1eac51b07736792a21b05329133e40faeb1018c4,08/28/2025 12:30:00 PM,2,DRIVER,,2038850,,NEW FLYER,DE60LFR,IL,2025,NONE,BUS OVER 15 PASS.,CTA,NW,STARTING IN TRAFFIC,,,1,,,,,,,,,,,,,,,Y,,,FRONT-LEFT-CORNER,,,,,,,,,,,,,,,,,,,,,,,,,,,,,,,,,
2138653,034ce7ddb7fafa6723649f5503a3b72fe5c8eed4fc2317dae41b340362eb06723ce08328f3d33d5a21d00b5b9900c7a99b86e370506bcbb9075ec7f137c50760,08/28/2025 12:28:00 PM,1,DRIVER,,2038722,,LEXUS,ES,IL,2017,UNKNOWN,PASSENGER,PERSONAL,N,U-TURN,,,1,,,,,,,,,,,,,,,,Y,,FRONT,,,,,,,,,,,,,,,,,,,,,,,,,,,,,,,,,
2138654,034ce7ddb7fafa6723649f5503a3b72fe5c8eed4fc2317dae41b340362eb06723ce08328f3d33d5a21d00b5b9900c7a99b86e370506bcbb9075ec7f137c50760,08/28/2025 12:28:00 PM,2,DRIVER,,2038725,,NISSAN,MURANO,WI,2018,UNKNOWN,PASSENGER,PERSONAL,S,STRAIGHT AHEAD,,,1,,,,,,,,,,,,,,,,Y,,FRONT,,,,,,,,,,,,,,,,,,,,,,,,,,,,,,,,,
2139379,7953b3b748e10b5931ed44795bdbbbb29054b0d91ef7037cc75d12561ba927cd466a3038bc9ab6a6e3ced551bf5afc7ab70bc0d5354ea7d63c15411ba718fc15,08/28/2025 12:25:00 PM,1,DRIVER,,2039390,,UNKNOWN,OTHER (EXPLAIN IN NARRATIVE),,,UNKNOWN,PASSENGER,UNKNOWN/NA,S,STRAIGHT AHEAD,,,1,,,,,Y,Y,Y,Y,,,,,,,,,,SIDE-RIGHT,,,,,,,,,,,,,,,,,,,,,,,,,,,,,,,,,
2139380,7953b3b748e10b5931ed44795bdbbbb29054b0d91ef7037cc75d12561ba927cd466a3038bc9ab6a6e3ced551bf5afc7ab70bc0d5354ea7d63c15411ba718fc15,08/28/2025 12:25:00 PM,2,DRIVER,,2039396,,NISSAN,ALTIMA,IL,2017,UNKNOWN,PASSENGER,UNKNOWN/NA,S,STRAIGHT AHEAD,,,1,,,,,,,,,,,,,Y,Y,Y,,,SIDE-LEFT,,,,,,,,,,,,,,,,,,,,,,,,,,,,,,,,,
2138679,c8ea9b12a8129a6e81cba27f6c64627dcf5a969b76529c87b35cda7f3a92a35bb73861bc20b3d1445c62f1970e683c543b41af5ac24a41077ee86acd1e8a68a2,08/28/2025 12:20:00 PM,1,DRIVER,,2038749,,UNKNOWN,MOTORIZED,XX,1999,UNKNOWN,VAN/MINI-VAN,PERSONAL,UNKNOWN,UNKNOWN/NA,,,1,,,,,,Y,Y,,,,,,,,,,,UNKNOWN,,,,,,,,,,,,,,,,,,,,,,,,,,,,,,,,,
2138680,c8ea9b12a8129a6e81cba27f6c64627dcf5a969b76529c87b35cda7f3a92a35bb73861bc20b3d1445c62f1970e683c543b41af5ac24a41077ee86acd1e8a68a2,08/28/2025 12:20:00 PM,2,DRIVER,1,2038757,,HONDA,CR-V,IL,2004,UNKNOWN,PASSENGER,PERSONAL,S,STRAIGHT AHEAD,,,2,,,,,Y,Y,,,,,,,,,Y,Y,,UNKNOWN,,,,,,,,,,,,,,,,,,,,,,,,,,,,,,,,,
2138651,255f9471953eb3fef399c80e11356d7ad4e6cf2ee4f559876bc4473a1a2cb3a2b95dc4189e731a7f4c82ee77ddb31c4ad14e55a937fbc00a822f8f5409ee0f85,08/28/2025 12:15:00 PM,1,DRIVER,,2038721,,GO CART - MOTORIZED,GO CART - MOTORIZED,,,UNKNOWN,OTHER,UNKNOWN/NA,E,STRAIGHT AHEAD,,,1,,,,,,,,,,,,,,,,,Y,FRONT,,,,,,,,,,,,,,,,,,,,,,,,,,,,,,,,,
2138652,255f9471953eb3fef399c80e11356d7ad4e6cf2ee4f559876bc4473a1a2cb3a2b95dc4189e731a7f4c82ee77ddb31c4ad14e55a937fbc00a822f8f5409ee0f85,08/28/2025 12:15:00 PM,2,DRIVER,,2038727,,HYUNDAI,SONATA,IL,2023,NONE,PASSENGER,OTHER,S,STRAIGHT AHEAD,,,1,,,,,,,,,Y,,,,,,,,,REAR-RIGHT-CORNER,,,,,,,,,,,,,,,,,,,,,,,,,,,,,,,,,
2138675,48e9be0d3012e0d71b430517f238de717d640981e236a35475f2246c28dca3ddd8a2a42be846072b94fa831eb95ba3ce797b2012a46e306ed472e3d567988ae1,08/28/2025 12:15:00 PM,1,DRIVER,,2038751,,NISSAN,VERSA,IL,2008,NONE,PASSENGER,PERSONAL,W,STRAIGHT AHEAD,,,1,,,,,Y,,,,,,,,,,Y,Y,,FRONT,,,,,,,,,,,,,,,,,,,,,,,,,,,,,,,,,
2138676,48e9be0d3012e0d71b430517f238de717d640981e236a35475f2246c28dca3ddd8a2a42be846072b94fa831eb95ba3ce797b2012a46e306ed472e3d567988ae1,08/28/2025 12:15:00 PM,2,DRIVER,,2038745,,HONDA,ACCORD,IL,2014,NONE,PASSENGER,PERSONAL,W,STRAIGHT AHEAD,,,1,,,,,,,,,Y,Y,Y,,,,,,,REAR,,,,,,,,,,,,,,,,,,,,,,,,,,,,,,,,,
2138697,cd6d579f1fa22dbfccf9fa56fc8806b1d4e433dd3ec8cd7666dbe68772ff70d729aa1134cf73500adb095a3720d7e109ef8ea0cfc0cd20fca3147978f506681e,08/28/2025 12:15:00 PM,1,DRIVER,,2038770,,CHEVROLET,SILVERADO,IL,2013,UNKNOWN,PICKUP,PERSONAL,UNKNOWN,CHANGING LANES,,,1,,,,,,,,Y,Y,,,N,,,,,,REAR-RIGHT-CORNER,,,,,,,,,,,,,,,,,,,,,,,,,,,,,,,,,
2138698,cd6d579f1fa22dbfccf9fa56fc8806b1d4e433dd3ec8cd7666dbe68772ff70d729aa1134cf73500adb095a3720d7e109ef8ea0cfc0cd20fca3147978f506681e,08/28/2025 12:15:00 PM,2,DRIVER,,2038775,,TOYOTA,PRIUS,IL,2007,UNKNOWN,PASSENGER,PERSONAL,UNKNOWN,STRAIGHT AHEAD,,,1,,,,,,,,,,,,Y,Y,Y,,,,SIDE-LEFT,,,,,,,,,,,,,,,,,,,,,,,,,,,,,,,,,
2138702,2345ef6acaf88b751a4dd45cea9af5eaffd0e3bccc05d2a005b3df90d4c8786b6e1165dc8cce6c6d610190dd639f9689f4481417762e58a69bb5bfdca3ba2cc3,08/28/2025 12:14:00 PM,1,DRIVER,,2038766,,GENERAL MOTORS CORPORATION (GMC),ACADIA,IL,2019,UNKNOWN,SPORT UTILITY VEHICLE (SUV),PERSONAL,E,TURNING RIGHT,Y,,1,,UNKNOWN,UNKNOWN,,,,,,,,,,,Y,Y,Y,,REAR-RIGHT-CORNER,,,,,,,,,,,,,,,,,,,,,,,,,,,,,,,,,
2138703,2345ef6acaf88b751a4dd45cea9af5eaffd0e3bccc05d2a005b3df90d4c8786b6e1165dc8cce6c6d610190dd639f9689f4481417762e58a69bb5bfdca3ba2cc3,08/28/2025 12:14:00 PM,2,DRIVER,1,2038769,,TOYOTA,COROLLA,IL,2009,UNKNOWN,PASSENGER,PERSONAL,S,STRAIGHT AHEAD,Y,,2,,UNKNOWN,UNKNOWN,,Y,Y,,,,,,,,,,,,SIDE-RIGHT-FRONT,,,,,,,,,,,,,,,,,,,,,,,,,,,,,,,,,
2139428,f28e1f7cacfbd44040fb62d3633325ff1f2150be02de56b9d9447f350f9c069d85202bae399cbe3d1d9fba39c185c12e92649cec808d633fe4c7ad25c98bd7e5,08/28/2025 12:10:00 PM,1,DRIVER,,2039437,,UNKNOWN,OTHER (EXPLAIN IN NARRATIVE),IN,,UNKNOWN,TRUCK - SINGLE UNIT,UNKNOWN/NA,E,CHANGING LANES,,,1,,,,,,Y,,,,,,,,,,,,SIDE-RIGHT-FRONT,,,,,,,,,,,,,,,,,,,,,,,,,,,,,,,,,
2139429,f28e1f7cacfbd44040fb62d3633325ff1f2150be02de56b9d9447f350f9c069d85202bae399cbe3d1d9fba39c185c12e92649cec808d633fe4c7ad25c98bd7e5,08/28/2025 12:10:00 PM,2,DRIVER,1,2039438,,CHEVROLET,TAHOE,IL,2014,NONE,SPORT UTILITY VEHICLE (SUV),PERSONAL,E,STARTING IN TRAFFIC,,,2,,,,,,,,,,,,Y,Y,Y,,,,SIDE-LEFT,,,,,,,,,,,,,,,,,,,,,,,,,,,,,,,,,
2138706,ee4b72c335a6401c177e295540ec9ff7f72d1de2d6239e9130ae0d993039bd5d2494ac3f3f2d4b50fa6159b4567fb83b50efd4ca05cc45bebfa40df0450f9eab,08/28/2025 12:05:00 PM,1,DRIVER,,2038771,,GILL MANUFACTURING COMPANY,GILL MFG. CO.,IL,2007,UNKNOWN,BUS OVER 15 PASS.,OTHER,NW,TURNING LEFT,,,1,,,,,,,Y,Y,,,,,,,,,,SIDE-RIGHT,,,,,,,,,,,,,,,,,,,,,,,,,,,,,,,,,
2138707,ee4b72c335a6401c177e295540ec9ff7f72d1de2d6239e9130ae0d993039bd5d2494ac3f3f2d4b50fa6159b4567fb83b50efd4ca05cc45bebfa40df0450f9eab,08/28/2025 12:05:00 PM,2,DRIVER,,2038777,,CHEVROLET,EQUINOX,IL,2015,UNKNOWN,PASSENGER,PERSONAL,S,STRAIGHT AHEAD,Y,,1,,owner,,,Y,,,,,,,,,,Y,Y,,FRONT,,,,,,,,,,,,,,,,,,,,,,,,,,,,,,,,,
2138659,43536d076f59e01a42285eee9311558a012f6b3a0f853c7ebfb1bb7bf90b697a0af72ead9c55b159cf05dc49ed632426bbac919434d59398ba9bf1caff3b7d33,08/28/2025 12:00:00 PM,1,DRIVER,,2038723,,LEXUS,ES300,IL,2002,UNKNOWN,PASSENGER,PERSONAL,E,PASSING/OVERTAKING,,,1,,,,,,,,,,,,Y,Y,Y,,,,SIDE-LEFT,,,,,,,,,,,,,,,,,,,,,,,,,,,,,,,,,
2138660,43536d076f59e01a42285eee9311558a012f6b3a0f853c7ebfb1bb7bf90b697a0af72ead9c55b159cf05dc49ed632426bbac919434d59398ba9bf1caff3b7d33,08/28/2025 12:00:00 PM,2,DRIVER,,2038735,,"PETERBILT MOTORS COMPANY (DIVISION OF PACCAR, INC.)","PETERBILT MOTORS CO., DIVISION PACCAR, INC.",IN,2007,UNKNOWN,TRUCK - SINGLE UNIT,UNKNOWN/NA,E,STARTING IN TRAFFIC,,,1,,,,,Y,Y,,,,,,,,,,,,FRONT-RIGHT-CORNER,,,,,,,,,,,,,,,,,,,,,,,,,,,,,,,,,
2138699,7a409fe80f60ef0a1806628197b88d6b84ec1c841ff3c149ff0f4748392e8c75b28ed84bdfb43455f5125584a2c1ac43c5706c9c5173f6450298f26b060adf70,08/28/2025 12:00:00 PM,1,DRIVER,,2038764,,HONDA,PILOT,IL,2011,NONE,SPORT UTILITY VEHICLE (SUV),PERSONAL,S,STRAIGHT AHEAD,,,1,,,,,,,,,,,,,,,,,,OTHER,,,,,,,,,,,,,,,,,,,,,,,,,,,,,,,,,
2138784,ac5d600cce86a6609bab531a7010e1e5d70db75c43cefb1be3aeea87a461301c11ab126b3bf83f3f278c6267b28925f18f473c2383dde6f7d62b331b7c8a6f2b,08/28/2025 12:00:00 PM,1,DRIVER,,2038860,,CHRYSLER,TOWN & COUNTRY,IL,2005,NONE,VAN/MINI-VAN,PERSONAL,S,TURNING LEFT,,,1,,,,,,,,,,,,,,,,,Y,FRONT,,,,,,,,,,,,,,,,,,,,,,,,,,,,,,,,,
2138785,ac5d600cce86a6609bab531a7010e1e5d70db75c43cefb1be3aeea87a461301c11ab126b3bf83f3f278c6267b28925f18f473c2383dde6f7d62b331b7c8a6f2b,08/28/2025 12:00:00 PM,2,PEDESTRIAN,,,,,,,,,,,,,,,,,,,,,,,,,,,,,,,,,,,,,,,,,,,,,,,,,,,,,,,,,,,,,,,,,,
2138649,b10e6f49923cf320ba5d82733de226d2d2be3f04e800882fafb9758a924b896b8c8411e3fd8f916fd33dd92d3477d9f49f5239e33a005d0c5d733413957544a3,08/28/2025 12:00:00 PM,1,DRIVER,,2038720,,KIA,OPTIMA / K5,IL,2018,UNKNOWN,PASSENGER,PERSONAL,W,STRAIGHT AHEAD,,,1,,,,,Y,,,,,,,,,,Y,Y,,FRONT,,,,,,,,,,,,,,,,,,,,,,,,,,,,,,,,,
2138650,b10e6f49923cf320ba5d82733de226d2d2be3f04e800882fafb9758a924b896b8c8411e3fd8f916fd33dd92d3477d9f49f5239e33a005d0c5d733413957544a3,08/28/2025 12:00:00 PM,2,DRIVER,,2038717,,NISSAN,ROGUE,IL,2014,NONE,SPORT UTILITY VEHICLE (SUV),PERSONAL,W,STRAIGHT AHEAD,,,1,,,,,,,,,Y,Y,Y,,,,,,,REAR,,,,,,,,,,,,,,,,,,,,,,,,,,,,,,,,,
2139633,fadd6b3a8ba20011f6b8251367b282020fa842202a41b826f1243694e01cb5c95e57ef9085627a53783e4157a3fc675cb82091880f5a75bb947aa545d28636a8,08/28/2025 12:00:00 PM,1,DRIVER,,2039649,,UNKNOWN,OTHER (EXPLAIN IN NARRATIVE),,,UNKNOWN,PASSENGER,UNKNOWN/NA,E,PASSING/OVERTAKING,,,1,,,,,Y,,,,,,,,,,,,Y,FRONT-RIGHT-CORNER,,,,,,,,,,,,,,,,,,,,,,,,,,,,,,,,,
2139634,fadd6b3a8ba20011f6b8251367b282020fa842202a41b826f1243694e01cb5c95e57ef9085627a53783e4157a3fc675cb82091880f5a75bb947aa545d28636a8,08/28/2025 12:00:00 PM,2,DRIVER,,2039662,,KIA,OTHER (EXPLAIN IN NARRATIVE),IL,2008,NONE,PASSENGER,PERSONAL,E,STRAIGHT AHEAD,,,1,,,,,,,,,,,,,,,Y,Y,,FRONT-LEFT-CORNER,,,,,,,,,,,,,,,,,,,,,,,,,,,,,,,,,
2138657,7de845ecdebe3fd03073ba5a0a209f5c410725fd7783358b3d5f4cf6c620d7de50c251570b04f7d914e7a2cea136b38eae70ea5908838886919e38da7e561098,08/28/2025 11:55:00 AM,1,DRIVER,,2038724,,FORD,OTHER (EXPLAIN IN NARRATIVE),IL,2003,UNKNOWN,VAN/MINI-VAN,PERSONAL,N,TURNING RIGHT,,,1,,,,,,,,,,,,,,,,,Y,UNKNOWN,,,,,,,,,,,,,,,,,,,,,,,,,,,,,,,,,
2138658,7de845ecdebe3fd03073ba5a0a209f5c410725fd7783358b3d5f4cf6c620d7de50c251570b04f7d914e7a2cea136b38eae70ea5908838886919e38da7e561098,08/28/2025 11:55:00 AM,2,DRIVER,,2038734,,NISSAN,ROGUE,IL,2023,UNKNOWN,SPORT UTILITY VEHICLE (SUV),PERSONAL,N,STRAIGHT AHEAD,,,1,,,,,,,,,,,Y,,,,,,,REAR-LEFT-CORNER,,,,,,,,,,,,,,,,,,,,,,,,,,,,,,,,,