CRASH_UNIT_ID,CRASH_RECORD_ID,CRASH_DATE,UNIT_NO,UNIT_TYPE,NUM_PASSENGERS,VEHICLE_ID,CMRC_VEH_I,MAKE,MODEL,LIC_PLATE_STATE,VEHICLE_YEAR,VEHICLE_DEFECT,VEHICLE_TYPE,VEHICLE_USE,TRAVEL_DIRECTION,MANEUVER,TOWED_I,FIRE_I,OCCUPANT_CNT,EXCEED_SPEED_LIMIT_I,TOWED_BY,TOWED_TO,AREA_00_I,AREA_01_I,AREA_02_I,AREA_03_I,AREA_04_I,AREA_05_I,AREA_06_I,AREA_07_I,AREA_08_I,AREA_09_I,AREA_10_I,AREA_11_I,AREA_12_I,AREA_99_I,FIRST_CONTACT_POINT,CMV_ID,USDOT_NO,CCMC_NO,ILCC_NO,COMMERCIAL_SRC,GVWR,CARRIER_NAME,CARRIER_STATE,CARRIER_CITY,HAZMAT_PLACARDS_I,HAZMAT_NAME,UN_NO,HAZMAT_PRESENT_I,HAZMAT_REPORT_I,HAZMAT_REPORT_NO,MCS_REPORT_I,MCS_REPORT_NO,HAZMAT_VIO_CAUSE_CRASH_I,MCS_VIO_CAUSE_CRASH_I,IDOT_PERMIT_NO,WIDE_LOAD_I,TRAILER1_WIDTH,TRAILER2_WIDTH,TRAILER1_LENGTH,TRAILER2_LENGTH,TOTAL_VEHICLE_LENGTH,AXLE_CNT,VEHICLE_CONFIG,CARGO_BODY_TYPE,LOAD_TYPE,HAZMAT_OUT_OF_SERVICE_I,MCS_OUT_OF_SERVICE_I,HAZMAT_CLASS
2138633,2a57b5d1337a8966a801409fbb99e8e3aed00531667a5ad30e454c96cc5d7375f209513d09eb8684bf0afb4a8e24cd652f6eebc8de176c267d823ae1c6e69796,08/28/2025 11:35:00 AM,1,DRIVER,,2038703,,DODGE,RAM PROMASTER,IL,2017,NONE,VAN/MINI-VAN,PERSONAL,N,BACKING,,,1,,,,,,,,,,Y,,,,,,,,REAR,,,,,,,,,,,,,,,,,,,,,,,,,,,,,,,,,
2138634,2a57b5d1337a8966a801409fbb99e8e3aed00531667a5ad30e454c96cc5d7375f209513d09eb8684bf0afb4a8e24cd652f6eebc8de176c267d823ae1c6e69796,08/28/2025 11:35:00 AM,2,PARKED,,2038706,,FORD,ECOSPORT,IL,2018,NONE,PASSENGER,NOT IN USE,N,PARKED,,,0,,,,,,,,,,,,,,,,Y,,FRONT,,,,,,,,,,,,,,,,,,,,,,,,,,,,,,,,,
2138643,2621405320604426d9bf663eb9e79384a6f077680a5b4f42ff7b270324b881bc0c23a1dfff0376497ef0b0eb04f4d8aecc0968ff47e9b9c416a35b5217281ebb,08/28/2025 11:30:00 AM,1,DRIVER,,2038711,,BUICK,OTHER (EXPLAIN IN NARRATIVE),IL,,NONE,PASSENGER,UNKNOWN/NA,E,STRAIGHT AHEAD,,,1,,,,,Y,Y,,,,,,,,,,,,UNKNOWN,,,,,,,,,,,,,,,,,,,,,,,,,,,,,,,,,
2138644,2621405320604426d9bf663eb9e79384a6f077680a5b4f42ff7b270324b881bc0c23a1dfff0376497ef0b0eb04f4d8aecc0968ff47e9b9c416a35b5217281ebb,08/28/2025 11:30:00 AM,2,DRIVER,,2039443,,CADILLAC,SRX,,2016,NONE,PASSENGER,PERSONAL,E,STRAIGHT AHEAD,,,1,,,,,,,,,,,,Y,Y,Y,,,,SIDE-LEFT,,,,,,,,,,,,,,,,,,,,,,,,,,,,,,,,,
2138805,b2307c7dffe7213f5d79ba38d36e83d0bd0de57459861c5d360a7108383e73f14943982bb0cecbe26c8e227025d49ae98a2604b4633959278367faa662f7e4e8,08/28/2025 11:30:00 AM,1,DRIVER,,2038865,,HONDA,ODYSSEY,IL,2023,UNKNOWN,PASSENGER,UNKNOWN/NA,E,STRAIGHT AHEAD,,,1,,,,,,,,,,,,,,,,,Y,UNKNOWN,,,,,,,,,,,,,,,,,,,,,,,,,,,,,,,,,
2138806,b2307c7dffe7213f5d79ba38d36e83d0bd0de57459861c5d360a7108383e73f14943982bb0cecbe26c8e227025d49ae98a2604b4633959278367faa662f7e4e8,08/28/2025 11:30:00 AM,2,DRIVER,,2038877,,TOYOTA,COROLLA,IL,2025,UNKNOWN,PASSENGER,PERSONAL,E,STRAIGHT AHEAD,,,1,,,,,,,,,,,,,,Y,,,,SIDE-LEFT-FRONT,,,,,,,,,,,,,,,,,,,,,,,,,,,,,,,,,
2138622,195221e6f657ce28cdb9e074494af149303bbf445c0a18939ee58faabfd8791ffd9d49352c92bd18343ca7517f4f0fe7f28025f1e6603364c58dcdf3523d7ec8,08/28/2025 11:22:00 AM,1,DRIVER,,2038695,,FORD,MAINLINE,IL,2006,UNKNOWN,PASSENGER,DRIVER EDUCATION,N,STRAIGHT AHEAD,,,1,,,,,Y,,,,,,,,,,Y,Y,,FRONT,,,,,,,,,,,,,,,,,,,,,,,,,,,,,,,,,
2138623,195221e6f657ce28cdb9e074494af149303bbf445c0a18939ee58faabfd8791ffd9d49352c92bd18343ca7517f4f0fe7f28025f1e6603364c58dcdf3523d7ec8,08/28/2025 11:22:00 AM,2,PARKED,,2038701,,TOYOTA,COROLLA,IL,2025,OTHER,PASSENGER,PERSONAL,N,PARKED,,,0,,,,,,,,,Y,Y,,,,,,,,REAR,,,,,,,,,,,,,,,,,,,,,,,,,,,,,,,,,
2138627,d44eca9708069f40ecbcfa8e54f89c3d68c3aa712ca6fed18cfcad5b6879c276b65146f4d887d3d5cace31e419098ffa9e7ca0f99d55052dddfb7c3b8865658e,08/28/2025 11:22:00 AM,1,DRIVER,,2038713,,CHEVROLET,BLAZER,IL,2006,UNKNOWN,SPORT UTILITY VEHICLE (SUV),UNKNOWN/NA,S,PASSING/OVERTAKING,,,1,,,,,,,,,,,,,,,,,Y,UNKNOWN,,,,,,,,,,,,,,,,,,,,,,,,,,,,,,,,,
2138628,d44eca9708069f40ecbcfa8e54f89c3d68c3aa712ca6fed18cfcad5b6879c276b65146f4d887d3d5cace31e419098ffa9e7ca0f99d55052dddfb7c3b8865658e,08/28/2025 11:22:00 AM,2,DRIVER,,2038710,,FORD,VAN,IL,2020,UNKNOWN,BUS UP TO 15 PASS.,OTHER,S,SLOW/STOP IN TRAFFIC,,,1,,,,,,,,,,,,,Y,Y,,,,SIDE-LEFT,,,,,,,,,,,,,,,,,,,,,,,,,,,,,,,,,
2138687,8f00d2897be443239146f148a8727193c49ea2df5c7a928e5c5727cf6b96db924d239b3e505f92ab3b17c98c0bbe36ea8436dacc2b827d6f13ac724576f761d0,08/28/2025 11:20:00 AM,1,DRIVER,,2038758,,SUBARU,OUTBACK,,2018,UNKNOWN,SPORT UTILITY VEHICLE (SUV),UNKNOWN/NA,S,STRAIGHT AHEAD,,,1,,,,,,,,,,,,,,,,,Y,SIDE-RIGHT,,,,,,,,,,,,,,,,,,,,,,,,,,,,,,,,,
2138688,8f00d2897be443239146f148a8727193c49ea2df5c7a928e5c5727cf6b96db924d239b3e505f92ab3b17c98c0bbe36ea8436dacc2b827d6f13ac724576f761d0,08/28/2025 11:20:00 AM,2,DRIVER,,2038765,,CHEVROLET,TRAX,IL,2025,NONE,PASSENGER,PERSONAL,N,TURNING LEFT,,,1,,,,,Y,Y,,,,,,,,,,,,FRONT-RIGHT-CORNER,,,,,,,,,,,,,,,,,,,,,,,,,,,,,,,,,
2138661,7308a5d753827b00fde46e67a87715a1e24ecb4b8b567a2baef62fb974217b2ee02947ac598f94b16483bd4429a2d5a69cc247ac47857e3163e236eae31f1b51,08/28/2025 11:05:00 AM,1,BICYCLE,,,,,,,,,,,,,,,,,,,,,,,,,,,,,,,,,,,,,,,,,,,,,,,,,,,,,,,,,,,,,,,,,,
2138662,7308a5d753827b00fde46e67a87715a1e24ecb4b8b567a2baef62fb974217b2ee02947ac598f94b16483bd4429a2d5a69cc247ac47857e3163e236eae31f1b51,08/28/2025 11:05:00 AM,2,DRIVER,,2038873,,CHEVROLET,MALIBU,IL,2020,NONE,PASSENGER,UNKNOWN/NA,N,STRAIGHT AHEAD,,,1,,,,,,,,,,,,,Y,Y,Y,,,FRONT-LEFT-CORNER,,,,,,,,,,,,,,,,,,,,,,,,,,,,,,,,,
2139215,48e0725ac0260345f95fdef7a16fd9532ea0ec754ff0d7e14492cc0c6fabe814301ed539fb83ffcc8b29d30f568a9eac8562fb32fa28c3fb9ad76d794d433362,08/28/2025 11:00:00 AM,1,DRIVER,,2039235,,UNKNOWN,MOTORIZED,,,UNKNOWN,UNKNOWN/NA,UNKNOWN/NA,UNKNOWN,UNKNOWN/NA,,,1,,,,,,,,,,,,,,,,,Y,UNKNOWN,,,,,,,,,,,,,,,,,,,,,,,,,,,,,,,,,
2139216,48e0725ac0260345f95fdef7a16fd9532ea0ec754ff0d7e14492cc0c6fabe814301ed539fb83ffcc8b29d30f568a9eac8562fb32fa28c3fb9ad76d794d433362,08/28/2025 11:00:00 AM,2,DRIVERLESS,,2039237,,ACURA,ZDX,IL,2012,UNKNOWN,PASSENGER,PERSONAL,W,PARKED,,,0,,,,,Y,,,,,,,,,,,,,FRONT-RIGHT-CORNER,,,,,,,,,,,,,,,,,,,,,,,,,,,,,,,,,
2138617,516558f334aa9d7def8d364ca50af19ce58a5ab0f107b5b19aac5b08841922052dc1fc80e798c386b5e7f164b7faf6fc896d7f7bee3ac57c724e1736edd4d5ba,08/28/2025 11:00:00 AM,1,DRIVER,,2038687,,TOYOTA,CAMRY,IL,2017,NONE,PICKUP,PERSONAL,E,ENTERING TRAFFIC LANE FROM PARKING,,,1,,,,,Y,,,,,,,,,Y,Y,Y,,FRONT-LEFT-CORNER,,,,,,,,,,,,,,,,,,,,,,,,,,,,,,,,,
2138618,516558f334aa9d7def8d364ca50af19ce58a5ab0f107b5b19aac5b08841922052dc1fc80e798c386b5e7f164b7faf6fc896d7f7bee3ac57c724e1736edd4d5ba,08/28/2025 11:00:00 AM,2,DRIVER,1,2038690,,TOYOTA,PRIUS,IL,2009,NONE,PASSENGER,PERSONAL,E,STRAIGHT AHEAD,,,2,,,,,Y,Y,Y,Y,,,,,,,,,,SIDE-RIGHT-FRONT,,,,,,,,,,,,,,,,,,,,,,,,,,,,,,,,,
2138620,8aa4765fe924d209a5b2c47f871b65ba6682e3af7746c24e68cdace2a3a4f7450948a3de1361762833fc5c630f3f2b639c1a8ee69327cef2394ffe99ba23ef88,08/28/2025 11:00:00 AM,1,DRIVER,,2038696,,NISSAN,MURANO,IL,2013,UNKNOWN,PASSENGER,PERSONAL,E,STRAIGHT AHEAD,Y,,1,,INSURNACE,,,,,,,,,Y,Y,Y,Y,Y,,,SIDE-LEFT,,,,,,,,,,,,,,,,,,,,,,,,,,,,,,,,,
2138621,8aa4765fe924d209a5b2c47f871b65ba6682e3af7746c24e68cdace2a3a4f7450948a3de1361762833fc5c630f3f2b639c1a8ee69327cef2394ffe99ba23ef88,08/28/2025 11:00:00 AM,2,DRIVER,,2038700,,JEEP,COMPASS,IL,2024,UNKNOWN,PASSENGER,PERSONAL,S,STRAIGHT AHEAD,Y,,1,,PERSONAL,,,Y,,,,,,,,,,Y,Y,,FRONT,,,,,,,,,,,,,,,,,,,,,,,,,,,,,,,,,
2138595,b4dc743bd96a6a07567f09790c0527e71bd46db3dae539eae1f148c18106b59a771d0b0d725dd6a015acc6cb311ba03f3ab753f315fd3d1f424d6647eb850c4e,08/28/2025 11:00:00 AM,1,DRIVER,,2038669,,NISSAN,ROGUE,OH,2019,NONE,PASSENGER,PERSONAL,N,STRAIGHT AHEAD,,,1,,,,,,,,,,,,,,,,Y,,FRONT,,,,,,,,,,,,,,,,,,,,,,,,,,,,,,,,,
2138596,b4dc743bd96a6a07567f09790c0527e71bd46db3dae539eae1f148c18106b59a771d0b0d725dd6a015acc6cb311ba03f3ab753f315fd3d1f424d6647eb850c4e,08/28/2025 11:00:00 AM,2,DRIVER,,2038672,,SUBARU,CROSSTREK,,2016,NONE,PASSENGER,PERSONAL,E,STRAIGHT AHEAD,,,1,,,,,,Y,Y,,,,,,,,,,,SIDE-LEFT,,,,,,,,,,,,,,,,,,,,,,,,,,,,,,,,,
2138591,53c61d05f2afee0e3f9b31d4d3bac42be0a549038d4aa6ba85773663d43ab30ebc9ba2e9cfd7a49d22d1531066567a235a41eef75a92057f1e0c8134b3b1eeff,08/28/2025 10:48:00 AM,1,DRIVER,,2038680,,UNKNOWN,OTHER (EXPLAIN IN NARRATIVE),,9999,OTHER,UNKNOWN/NA,UNKNOWN/NA,N,U-TURN,,,1,,,,,Y,,,,,,,,Y,Y,Y,Y,,FRONT-LEFT-CORNER,,,,,,,,,,,,,,,,,,,,,,,,,,,,,,,,,
2138592,53c61d05f2afee0e3f9b31d4d3bac42be0a549038d4aa6ba85773663d43ab30ebc9ba2e9cfd7a49d22d1531066567a235a41eef75a92057f1e0c8134b3b1eeff,08/28/2025 10:48:00 AM,2,DRIVER,1,2038666,,TOYOTA,CAMRY,IL,2018,NONE,PASSENGER,PERSONAL,E,TURNING RIGHT,,,2,,,,,,,,,Y,Y,Y,Y,Y,,,,,REAR-LEFT-CORNER,,,,,,,,,,,,,,,,,,,,,,,,,,,,,,,,,
2138608,dad80f99f1720cee11d9d5f9a2b465e82a907d8e0b97c4ac821cdf8942e37604e2736eed60afdc05a960f498c6001e731de6a1178ead17dc880715974aa28358,08/28/2025 10:41:00 AM,1,DRIVER,1,2038686,,FORD,F350,IL,2003,UNKNOWN,PICKUP,CONSTRUCTION/MAINTENANCE,E,STRAIGHT AHEAD,,,2,,,,,Y,,,,,,,,,,,Y,,REAR-RIGHT-CORNER,,,,,,,,,,,,,,,,,,,,,,,,,,,,,,,,,
2138609,dad80f99f1720cee11d9d5f9a2b465e82a907d8e0b97c4ac821cdf8942e37604e2736eed60afdc05a960f498c6001e731de6a1178ead17dc880715974aa28358,08/28/2025 10:41:00 AM,2,DRIVER,,2038693,,TOYOTA,COROLLA,IL,2018,UNKNOWN,PASSENGER,PERSONAL,E,STRAIGHT AHEAD,,,1,,,,,,,,,Y,Y,Y,,,,,,,REAR,,,,,,,,,,,,,,,,,,,,,,,,,,,,,,,,,
2138741,83b2f49dadd916345f45c67e969f20745c89fc14e67fb2470723b50a6fb57f08aec833047fc7d9f6795e0af0c466346ec63fd8b5784bc28b06ebc58b2940e7ea,08/28/2025 10:30:00 AM,1,DRIVER,,2038801,,NISSAN,ROGUE,OH,2019,NONE,SPORT UTILITY VEHICLE (SUV),UNKNOWN/NA,E,STRAIGHT AHEAD,,,1,,,,,,,,,,,,,,,Y,,,SIDE-LEFT-FRONT,,,,,,,,,,,,,,,,,,,,,,,,,,,,,,,,,
2138742,83b2f49dadd916345f45c67e969f20745c89fc14e67fb2470723b50a6fb57f08aec833047fc7d9f6795e0af0c466346ec63fd8b5784bc28b06ebc58b2940e7ea,08/28/2025 10:30:00 AM,2,DRIVER,,2038805,,SUBARU,CROSSTREK,AZ,2016,NONE,PASSENGER,PERSONAL,S,STRAIGHT AHEAD,,,1,,,,,Y,,,,,,,,,,,N,,SIDE-RIGHT-FRONT,,,,,,,,,,,,,,,,,,,,,,,,,,,,,,,,,
2138610,a2b81db831e97e77361ef5be1145c191c32856c59abc10dac89c0919e0464e597252adb78f6127833a9690a95ca3b54fab068fb4b4160d469b81d394a1e3c6b1,08/28/2025 10:09:00 AM,1,DRIVER,,2038691,,FORD,FOCUS,IL,2004,NONE,PASSENGER,PERSONAL,N,STRAIGHT AHEAD,,,1,,,,,Y,Y,,,,,,,,,,,,SIDE-RIGHT,,,,,,,,,,,,,,,,,,,,,,,,,,,,,,,,,
2138624,a2b81db831e97e77361ef5be1145c191c32856c59abc10dac89c0919e0464e597252adb78f6127833a9690a95ca3b54fab068fb4b4160d469b81d394a1e3c6b1,08/28/2025 10:09:00 AM,2,DRIVER,,2038694,,NEW FLYER,OTHER (EXPLAIN IN NARRATIVE),IL,2006,NONE,BUS OVER 15 PASS.,CTA,N,STRAIGHT AHEAD,,,1,,,,,,,,,,,,Y,Y,,,,,SIDE-LEFT,,,,,,,,,,,,,,,,,,,,,,,,,,,,,,,,,
2138568,142c81593aa59b055a2d35780ee2006a0acc0130ce7cef7af1a4cf329b3c0e383757c67ca348932997ea6576f5d892afd3a5b25e57a3646276a9fb1d54d0029c,08/28/2025 10:07:00 AM,1,DRIVER,,2038648,,NISSAN,ALTIMA,IL,2012,NONE,PASSENGER,PERSONAL,N,STRAIGHT AHEAD,Y,,1,,AT OWNERS DISCRETION,,,Y,Y,,,,,,,,Y,Y,Y,,FRONT,,,,,,,,,,,,,,,,,,,,,,,,,,,,,,,,,
2138569,142c81593aa59b055a2d35780ee2006a0acc0130ce7cef7af1a4cf329b3c0e383757c67ca348932997ea6576f5d892afd3a5b25e57a3646276a9fb1d54d0029c,08/28/2025 10:07:00 AM,2,DRIVER,,2038663,,JEEP,WRANGLER,IL,2017,NONE,PASSENGER,PERSONAL,N,SLOW/STOP IN TRAFFIC,,,1,,,,,,,,,,,Y,,,,,,,REAR-LEFT-CORNER,,,,,,,,,,,,,,,,,,,,,,,,,,,,,,,,,
2138728,f7c19059c0c8e1bae1024db794a50d385817f311adb68b3c8c4a0bfb4aebec35276dea482132fb5b8ee7b58f01a37307868e062110fb1a556970245f875fde73,08/28/2025 10:00:00 AM,1,DRIVER,,2038791,,UNKNOWN,OTHER (EXPLAIN IN NARRATIVE),,,UNKNOWN,UNKNOWN/NA,UNKNOWN/NA,UNKNOWN,UNKNOWN/NA,,,1,,,,,,,,,,,,,,,,,Y,UNKNOWN,,,,,,,,,,,,,,,,,,,,,,,,,,,,,,,,,
2138729,f7c19059c0c8e1bae1024db794a50d385817f311adb68b3c8c4a0bfb4aebec35276dea482132fb5b8ee7b58f01a37307868e062110fb1a556970245f875fde73,08/28/2025 10:00:00 AM,2,PARKED,,2038795,,TOYOTA,PRIUS,IL,2012,UNKNOWN,UNKNOWN/NA,NOT IN USE,W,PARKED,,,0,,,,,Y,Y,Y,Y,Y,,,,,,,,,SIDE-RIGHT,,,,,,,,,,,,,,,,,,,,,,,,,,,,,,,,,
2138637,91b47b95e6e2726c908f2a68514d1044671ef4647d98bdda78108b0a3faaf3d226ab0c8b3e7cfe6bcc640450f56570ac304f5754bf51da3c26646fa6652150a8,08/28/2025 09:57:00 AM,1,DRIVER,,2038709,,HYUNDAI,ACCENT,IL,2014,NONE,PASSENGER,PERSONAL,E,TURNING LEFT,Y,,1,,PRIVATE,,,Y,N,,,,,,,,Y,Y,Y,,FRONT,,,,,,,,,,,,,,,,,,,,,,,,,,,,,,,,,
2138638,91b47b95e6e2726c908f2a68514d1044671ef4647d98bdda78108b0a3faaf3d226ab0c8b3e7cfe6bcc640450f56570ac304f5754bf51da3c26646fa6652150a8,08/28/2025 09:57:00 AM,2,DRIVER,,2038712,,HONDA,CR-V,IL,2025,NONE,PASSENGER,PERSONAL,S,STRAIGHT AHEAD,Y,,1,,STREETS AND SANITATION,400 E LOWER WACKER,,Y,Y,Y,Y,,,,,,,,,,FRONT-RIGHT-CORNER,,,,,,,,,,,,,,,,,,,,,,,,,,,,,,,,,
2138551,a8b4705fd25e3ff9d24c298d59bf4b372065bc993203b76c32e00e48aabd79fb6b444f1336102b2f94a336fde3b2d30bff5f4f741aeb5d9e46bea1452c10cd36,08/28/2025 09:45:00 AM,1,DRIVER,,2038626,,TOYOTA,SIENNA,IL,2025,UNKNOWN,OTHER,TAXI/FOR HIRE,UNKNOWN,PASSING/OVERTAKING,,,1,,,,Y,,N,,,,,,,,,,,,SIDE-RIGHT,,,,,,,,,,,,,,,,,,,,,,,,,,,,,,,,,
2138552,a8b4705fd25e3ff9d24c298d59bf4b372065bc993203b76c32e00e48aabd79fb6b444f1336102b2f94a336fde3b2d30bff5f4f741aeb5d9e46bea1452c10cd36,08/28/2025 09:45:00 AM,2,DRIVER,,2038633,,UNKNOWN,OTHER (EXPLAIN IN NARRATIVE),IL,,UNKNOWN,BUS OVER 15 PASS.,UNKNOWN/NA,UNKNOWN,STARTING IN TRAFFIC,,,1,,,,Y,,,,,,,,,,,,,,SIDE-LEFT,,,,,,,,,,,,,,,,,,,,,,,,,,,,,,,,,
2138559,01562c8b66400314f4260484616ba86a279c5510fbe831c4ca2d36481ea679d7c8d9cbcbefe5fadf64c831fa3bfc76c1ca5863f1b9d9ed7452a1bc832d6bf7be,08/28/2025 09:39:00 AM,1,DRIVER,3,2038636,,UNKNOWN,OTHER (EXPLAIN IN NARRATIVE),IL,2020,UNKNOWN,OTHER,FIRE,N,BACKING,,,4,,,,Y,,,,,,Y,,,,,,,,REAR,,,,,,,,,,,,,,,,,,,,,,,,,,,,,,,,,
2138541,738704d4622014ed65387b2ce67585ee64052da4f3de071c3a628b995627dfe098e39052054600b96f9b1229f150facdaff1a5c89295ee6fd1131b99fe6c11a7,08/28/2025 09:30:00 AM,1,DRIVER,,2038615,,RANGE ROVER OF NORTH AMERICA,RANGE ROVER OF NORTH AMERICA,,,UNKNOWN,SPORT UTILITY VEHICLE (SUV),UNKNOWN/NA,E,STRAIGHT AHEAD,,,1,,,,,,,,,,,,,,,,,Y,UNKNOWN,,,,,,,,,,,,,,,,,,,,,,,,,,,,,,,,,
2138542,738704d4622014ed65387b2ce67585ee64052da4f3de071c3a628b995627dfe098e39052054600b96f9b1229f150facdaff1a5c89295ee6fd1131b99fe6c11a7,08/28/2025 09:30:00 AM,2,PARKED,1,2038622,,FORD,CLUB WAGON E150,IL,2012,NONE,VAN/MINI-VAN,NOT IN USE,W,PARKED,,,1,,,,,,Y,,,,,,,,,,,,SIDE-RIGHT,,,,,,,,,,,,,,,,,,,,,,,,,,,,,,,,,
2138908,e2619e0bde3303dac0299b33fb0719fdcc033dcdf5a13e36fb1f776e55c8a4a83c8ba2038b483de46282e1e1359bc347adf0957efab517aedf617307d6991949,08/28/2025 09:30:00 AM,1,DRIVER,,2038954,,AUDI,Q5,IL,2020,NONE,PASSENGER,PERSONAL,N,OTHER,,,1,,,,,,,,,,,,,,,Y,,,FRONT-LEFT-CORNER,,,,,,,,,,,,,,,,,,,,,,,,,,,,,,,,,
2138909,e2619e0bde3303dac0299b33fb0719fdcc033dcdf5a13e36fb1f776e55c8a4a83c8ba2038b483de46282e1e1359bc347adf0957efab517aedf617307d6991949,08/28/2025 09:30:00 AM,2,DRIVER,,2038961,,FORD,EXPLORER,IL,2022,UNKNOWN,PASSENGER,UNKNOWN/NA,N,UNKNOWN/NA,,,1,,,,,,,,Y,Y,,,,,,,,,SIDE-RIGHT,,,,,,,,,,,,,,,,,,,,,,,,,,,,,,,,,
2138529,2ae96a2f9f974c6d95453f987e520e3fc8c5cff039bef26cec6558c4bc97f03ed4b0dab857a534a650e4dc6ddfd21f4ae9477f38d93801d2e8a0b9be15bf706a,08/28/2025 09:25:00 AM,1,DRIVER,,2038607,,CHEVROLET,MALIBU,IL,2013,UNKNOWN,PASSENGER,PERSONAL,S,ENTERING TRAFFIC LANE FROM PARKING,,,1,,,,,,,,,,,,,,Y,Y,,,FRONT-LEFT-CORNER,,,,,,,,,,,,,,,,,,,,,,,,,,,,,,,,,
2138530,2ae96a2f9f974c6d95453f987e520e3fc8c5cff039bef26cec6558c4bc97f03ed4b0dab857a534a650e4dc6ddfd21f4ae9477f38d93801d2e8a0b9be15bf706a,08/28/2025 09:25:00 AM,2,DRIVER,,2038612,,JEEP,JEEP,IL,2021,UNKNOWN,SPORT UTILITY VEHICLE (SUV),UNKNOWN/NA,S,STRAIGHT AHEAD,,,1,,,,,Y,Y,Y,Y,Y,,,,,,,,,SIDE-RIGHT,,,,,,,,,,,,,,,,,,,,,,,,,,,,,,,,,
2138555,f79313bfde36b2cf94ae469ea68a5526baa33f8d1beead1ac79cd327cbb5386a5bef9acfe4f5f149ee58ddbc864db19164e722696a2715ba77858493213a869d,08/28/2025 09:25:00 AM,1,DRIVER,,2038628,,TOYOTA,COROLLA,IL,2006,NONE,PASSENGER,PERSONAL,E,TURNING RIGHT,Y,,1,,OWNER,UNK,,Y,Y,,,,,,,,,,Y,,FRONT-RIGHT-CORNER,,,,,,,,,,,,,,,,,,,,,,,,,,,,,,,,,
2138556,f79313bfde36b2cf94ae469ea68a5526baa33f8d1beead1ac79cd327cbb5386a5bef9acfe4f5f149ee58ddbc864db19164e722696a2715ba77858493213a869d,08/28/2025 09:25:00 AM,2,DRIVER,,2038634,,TOYOTA,PRIUS,IL,2008,NONE,PASSENGER,PERSONAL,E,STRAIGHT AHEAD,Y,,1,,owner,UNK,,,,,,,,,,,Y,Y,Y,,FRONT-LEFT-CORNER,,,,,,,,,,,,,,,,,,,,,,,,,,,,,,,,,
2138525,fd6ee66d5eb2ee55189030261ecb3a3d77b4a8113b9820207815902839406e73c1f46d2d21710d313f2d67408f4c7430622ee94212697c0f565c9e629a6cad46,08/28/2025 09:25:00 AM,1,DRIVER,,2038601,,CHEVROLET,MALIBU,IL,2013,UNKNOWN,PASSENGER,PERSONAL,SE,ENTERING TRAFFIC LANE FROM PARKING,,,1,,,,,,,,,,,,,,,Y,,,FRONT-LEFT-CORNER,,,,,,,,,,,,,,,,,,,,,,,,,,,,,,,,,
2138526,fd6ee66d5eb2ee55189030261ecb3a3d77b4a8113b9820207815902839406e73c1f46d2d21710d313f2d67408f4c7430622ee94212697c0f565c9e629a6cad46,08/28/2025 09:25:00 AM,2,DRIVER,,2038606,,JEEP,COMPASS,IL,2021,NONE,SPORT UTILITY VEHICLE (SUV),PERSONAL,S,STRAIGHT AHEAD,,,1,,,,,,Y,Y,Y,,,,,,,,,,SIDE-RIGHT,,,,,,,,,,,,,,,,,,,,,,,,,,,,,,,,,
2138566,d40add8552fef56befe2066c8204cf7a13df984ddee3ccb81ea9ef58db24edd0c3246d3047c757afaea99c14d2c7555723572934bc393da26dda734c367d55d4,08/28/2025 09:14:00 AM,1,DRIVER,,2038667,,NEW FLYER,OTHER (EXPLAIN IN NARRATIVE),IL,2006,NONE,OTHER,CTA,W,PASSING/OVERTAKING,,,1,,,,,,,Y,,,,,,,,,,,SIDE-RIGHT,,,,,,,,,,,,,,,,,,,,,,,,,,,,,,,,,
2138567,d40add8552fef56befe2066c8204cf7a13df984ddee3ccb81ea9ef58db24edd0c3246d3047c757afaea99c14d2c7555723572934bc393da26dda734c367d55d4,08/28/2025 09:14:00 AM,2,PARKED,,2038670,,"MACK TRUCKS, INC.","MACK TRUCKS, INC.",IL,2017,NONE,OTHER,OTHER,W,PARKED,,,0,,,,,,,,,,,,,Y,,,,,SIDE-LEFT,,,,,,,,,,,,,,,,,,,,,,,,,,,,,,,,,
2138545,9cdc48b34176d2dc18ca3c309e931dbae27eff4ac191738509ae25cea43aa811d159184b3afd2be9d5933687ec48cd48a96776afbd9ecd60ee7e65cd814828b2,08/28/2025 09:10:00 AM,1,DRIVER,,2038635,,UNKNOWN,OTHER (EXPLAIN IN NARRATIVE),,,UNKNOWN,UNKNOWN/NA,UNKNOWN/NA,S,STRAIGHT AHEAD,,,1,,,,,,,,,,,,,,,,,Y,UNKNOWN,,,,,,,,,,,,,,,,,,,,,,,,,,,,,,,,,
2138546,9cdc48b34176d2dc18ca3c309e931dbae27eff4ac191738509ae25cea43aa811d159184b3afd2be9d5933687ec48cd48a96776afbd9ecd60ee7e65cd814828b2,08/28/2025 09:10:00 AM,2,DRIVER,,2038627,,CHEVROLET,IMPALA,IL,2008,UNKNOWN,PASSENGER,PERSONAL,E,STRAIGHT AHEAD,,,1,,,,,Y,,,,,,,,,,Y,Y,,FRONT,,,,,,,,,,,,,,,,,,,,,,,,,,,,,,,,,