CRASH_UNIT_ID,CRASH_RECORD_ID,CRASH_DATE,UNIT_NO,UNIT_TYPE,NUM_PASSENGERS,VEHICLE_ID,CMRC_VEH_I,MAKE,MODEL,LIC_PLATE_STATE,VEHICLE_YEAR,VEHICLE_DEFECT,VEHICLE_TYPE,VEHICLE_USE,TRAVEL_DIRECTION,MANEUVER,TOWED_I,FIRE_I,OCCUPANT_CNT,EXCEED_SPEED_LIMIT_I,TOWED_BY,TOWED_TO,AREA_00_I,AREA_01_I,AREA_02_I,AREA_03_I,AREA_04_I,AREA_05_I,AREA_06_I,AREA_07_I,AREA_08_I,AREA_09_I,AREA_10_I,AREA_11_I,AREA_12_I,AREA_99_I,FIRST_CONTACT_POINT,CMV_ID,USDOT_NO,CCMC_NO,ILCC_NO,COMMERCIAL_SRC,GVWR,CARRIER_NAME,CARRIER_STATE,CARRIER_CITY,HAZMAT_PLACARDS_I,HAZMAT_NAME,UN_NO,HAZMAT_PRESENT_I,HAZMAT_REPORT_I,HAZMAT_REPORT_NO,MCS_REPORT_I,MCS_REPORT_NO,HAZMAT_VIO_CAUSE_CRASH_I,MCS_VIO_CAUSE_CRASH_I,IDOT_PERMIT_NO,WIDE_LOAD_I,TRAILER1_WIDTH,TRAILER2_WIDTH,TRAILER1_LENGTH,TRAILER2_LENGTH,TOTAL_VEHICLE_LENGTH,AXLE_CNT,VEHICLE_CONFIG,CARGO_BODY_TYPE,LOAD_TYPE,HAZMAT_OUT_OF_SERVICE_I,MCS_OUT_OF_SERVICE_I,HAZMAT_CLASS
2138557,599918b2ec7e7cb4fea320d2d16b1e3001994995f2a8c59d527e42254315f858735c0c0dd83c0b6058071b1a2b43441b64b8516136192926f4f97a6d93178c8c,08/28/2025 09:02:00 AM,1,DRIVER,,2038638,Y,FREIGHTLINER CORPORATION,OTHER (EXPLAIN IN NARRATIVE),IN,2024,UNKNOWN,TRUCK - SINGLE UNIT,COMMERCIAL - SINGLE UNIT,W,TURNING LEFT,,,1,,,,Y,,,,,,,,,,,,,,FRONT,"22,096",1306967,,,,3,GRECO AND SONS,IL,BARTLETT,,,,N,N,,U,,N,N,,,,,,,,2,"SINGLE UNIT TRUCK, 2 AXLES, 6 TIRES",VAN/ENCLOSED BOX,OTHER,N,N,
2138558,599918b2ec7e7cb4fea320d2d16b1e3001994995f2a8c59d527e42254315f858735c0c0dd83c0b6058071b1a2b43441b64b8516136192926f4f97a6d93178c8c,08/28/2025 09:02:00 AM,2,PEDESTRIAN,,,,,,,,,,,,,,,,,,,,,,,,,,,,,,,,,,,,,,,,,,,,,,,,,,,,,,,,,,,,,,,,,,
2138635,1f118bb5441cf30530752402835c328fc50bf3f315fef28c0a1dfa0c3f3c588e737f66edcced0fbbbfef6344a447f32d4e10afc22eeeacccca20b408628a093d,08/28/2025 09:00:00 AM,1,DRIVER,,2038704,,NISSAN,ROGUE,IL,2021,UNKNOWN,PASSENGER,PERSONAL,E,TURNING RIGHT,,,1,,,,,,,Y,,,,,,,,,,,SIDE-RIGHT,,,,,,,,,,,,,,,,,,,,,,,,,,,,,,,,,
2138636,1f118bb5441cf30530752402835c328fc50bf3f315fef28c0a1dfa0c3f3c588e737f66edcced0fbbbfef6344a447f32d4e10afc22eeeacccca20b408628a093d,08/28/2025 09:00:00 AM,2,BICYCLE,,,,,,,,,,,,,,,,,,,,,,,,,,,,,,,,,,,,,,,,,,,,,,,,,,,,,,,,,,,,,,,,,,
2139267,526e53e71d2c7133083f1aab8d51b3a4c0dadcccda79ced7019c401765059cadd06b6f739db89ef44d47ff2ca2cd1294afe287365b3dbc892c9e30affaf0fb10,08/28/2025 09:00:00 AM,1,DRIVER,,2039288,N,ISUZU,TRUCK,IL,2024,NONE,TRUCK - SINGLE UNIT,OTHER,N,BACKING,,,1,,,,Y,,,,,,,,,,,,,,REAR,,,,,,,,,,,,,,,,,,,,,,,,,,,,,,,,,
2139268,526e53e71d2c7133083f1aab8d51b3a4c0dadcccda79ced7019c401765059cadd06b6f739db89ef44d47ff2ca2cd1294afe287365b3dbc892c9e30affaf0fb10,08/28/2025 09:00:00 AM,2,PARKED,,2039289,,FORD,MUSTANG,IL,2024,NONE,PASSENGER,PERSONAL,N,PARKED,,,0,,,,,,,,,,,,,,,,Y,,FRONT,,,,,,,,,,,,,,,,,,,,,,,,,,,,,,,,,
2138904,d84a92fd990f14b68c41da339216fd7a7e0a338787da4922fb57bdff2cf88343cbf4d2747922dee813df0ef9685d93f5b5c096c05ad8ac216231fe5e65b6c25e,08/28/2025 09:00:00 AM,1,DRIVER,,2038982,,DODGE,OTHER (EXPLAIN IN NARRATIVE),IL,2012,UNKNOWN,VAN/MINI-VAN,PERSONAL,N,STRAIGHT AHEAD,,,1,,,,,Y,,,,,,,,,,Y,Y,,FRONT,,,,,,,,,,,,,,,,,,,,,,,,,,,,,,,,,
2138905,d84a92fd990f14b68c41da339216fd7a7e0a338787da4922fb57bdff2cf88343cbf4d2747922dee813df0ef9685d93f5b5c096c05ad8ac216231fe5e65b6c25e,08/28/2025 09:00:00 AM,2,DRIVER,,2038952,,CHEVROLET,OTHER (EXPLAIN IN NARRATIVE),IL,2013,UNKNOWN,PASSENGER,PERSONAL,SE,TURNING LEFT,,,1,,,,,Y,,Y,,,,,,,,N,N,N,SIDE-RIGHT,,,,,,,,,,,,,,,,,,,,,,,,,,,,,,,,,
2138928,fcea811352c2b4053d73ed5b6bebdb97786c41a675dbc795c9a12fef18ee1d80eced6ddce1ece9a48c4de2d92d021515b8596488d3a8e43fb9733b5321b90f24,08/28/2025 09:00:00 AM,1,DRIVER,,2038979,,FORD,CUSTOM,IL,2020,NONE,SPORT UTILITY VEHICLE (SUV),POLICE,N,STRAIGHT AHEAD,,,1,,,,,,,,,,,,,,,,Y,,UNDER CARRIAGE,,,,,,,,,,,,,,,,,,,,,,,,,,,,,,,,,
2138514,3eb0fd546ab787ff067def249561d2c8eadbe9d1f0f9f6b929a20b706307eb5970982f72bc98857572af0620474875d6bb3da24f05330152dab569c6501fed20,08/28/2025 08:50:00 AM,1,DRIVER,1,2038598,,CHEVROLET,MALIBU,IL,2014,UNKNOWN,PASSENGER,PERSONAL,NE,TURNING LEFT,Y,,2,,PERSONAL,,,,,Y,Y,Y,Y,N,N,N,,,,,SIDE-RIGHT,,,,,,,,,,,,,,,,,,,,,,,,,,,,,,,,,
2138515,3eb0fd546ab787ff067def249561d2c8eadbe9d1f0f9f6b929a20b706307eb5970982f72bc98857572af0620474875d6bb3da24f05330152dab569c6501fed20,08/28/2025 08:50:00 AM,2,DRIVER,2,2038602,,BUICK,ENCLAVE,IL,2008,UNKNOWN,PASSENGER,PERSONAL,W,STRAIGHT AHEAD,,,3,,,,,Y,,,,,,,,,,Y,Y,,FRONT,,,,,,,,,,,,,,,,,,,,,,,,,,,,,,,,,
2138516,3eb0fd546ab787ff067def249561d2c8eadbe9d1f0f9f6b929a20b706307eb5970982f72bc98857572af0620474875d6bb3da24f05330152dab569c6501fed20,08/28/2025 08:50:00 AM,3,DRIVER,,2038609,,MITSUBISHI,OUTLANDER,IL,2016,UNKNOWN,PASSENGER,PERSONAL,S,STRAIGHT AHEAD,,,1,,,,,,,,,,,,,,,Y,Y,,FRONT,,,,,,,,,,,,,,,,,,,,,,,,,,,,,,,,,
2138507,7b8a47d221e3cc8f3ca4778a60460936ccd55f03d5dafcf92ef012040dc24b05b7169a4efd3dfa7693793ecd1c0e198d1a2a1e3fef97c7609d69e2cec437f04a,08/28/2025 08:48:00 AM,1,DRIVER,,2038585,,TESLA,MODEL Y,IL,2023,NONE,SPORT UTILITY VEHICLE (SUV),PERSONAL,W,PASSING/OVERTAKING,,,1,,,,,,Y,Y,Y,Y,,,,,,,,,SIDE-RIGHT,,,,,,,,,,,,,,,,,,,,,,,,,,,,,,,,,
2138508,7b8a47d221e3cc8f3ca4778a60460936ccd55f03d5dafcf92ef012040dc24b05b7169a4efd3dfa7693793ecd1c0e198d1a2a1e3fef97c7609d69e2cec437f04a,08/28/2025 08:48:00 AM,2,DRIVER,,2038593,,NISSAN,SENTRA,IL,2024,NONE,PASSENGER,PERSONAL,W,STRAIGHT AHEAD,,,1,,,,,,,,,,,,,,Y,Y,Y,,FRONT-LEFT-CORNER,,,,,,,,,,,,,,,,,,,,,,,,,,,,,,,,,
2138482,8bb96ce48b15add47494b34ef84e8f99762e07ac8281b6ea1e01be4250ae4042806d69de2e33092ac47b5470c79859891dff71cdad198127f0f838fb925dbc79,08/28/2025 08:46:00 AM,1,DRIVER,,2038562,,VOLKSWAGEN,PASSAT,IL,2021,NONE,PASSENGER,PERSONAL,SW,TURNING LEFT,,,1,,,,,,Y,Y,,,,,,,,,,,SIDE-RIGHT,,,,,,,,,,,,,,,,,,,,,,,,,,,,,,,,,
2138483,8bb96ce48b15add47494b34ef84e8f99762e07ac8281b6ea1e01be4250ae4042806d69de2e33092ac47b5470c79859891dff71cdad198127f0f838fb925dbc79,08/28/2025 08:46:00 AM,2,DRIVER,,2038566,,CHEVROLET,EQUINOX,IL,2018,NONE,SPORT UTILITY VEHICLE (SUV),PERSONAL,S,STRAIGHT AHEAD,,,1,,,,,Y,,,,,,,,,,Y,Y,,FRONT,,,,,,,,,,,,,,,,,,,,,,,,,,,,,,,,,
2138629,54fb151faf2422685dcb31186a181c46e9d7923409e3c78e0ecc17a198b459bb5aa4ac155347d69dd49a98399634610aeb35ecdb8973e387f8377d0926a2cae2,08/28/2025 08:45:00 AM,1,DRIVER,,2038702,,FORD,FOCUS,IL,2005,UNKNOWN,PASSENGER,PERSONAL,W,STRAIGHT AHEAD,Y,,1,,,,,Y,,,,,,,,,,Y,Y,,FRONT,,,,,,,,,,,,,,,,,,,,,,,,,,,,,,,,,
2138630,54fb151faf2422685dcb31186a181c46e9d7923409e3c78e0ecc17a198b459bb5aa4ac155347d69dd49a98399634610aeb35ecdb8973e387f8377d0926a2cae2,08/28/2025 08:45:00 AM,2,DRIVER,,2038705,,FORD,MUSTANG,IL,2005,UNKNOWN,PASSENGER,PERSONAL,N,STRAIGHT AHEAD,,,1,,,,,N,Y,Y,Y,,,,,,,,,,SIDE-RIGHT,,,,,,,,,,,,,,,,,,,,,,,,,,,,,,,,,
2138505,605001175908bbbc42e9f8e8d6716b2833a3ce4cdec5d6fc283f91d19292119953196e8f9fc5b79df17ce63fa5784ec325b5f699f29ffaec0a229f0e0624d77d,08/28/2025 08:44:00 AM,2,DRIVER,,2038583,,HONDA,CR-V,WI,2013,NONE,PASSENGER,PERSONAL,S,STRAIGHT AHEAD,,,1,,,,,N,,,,,,,,,,Y,,,FRONT-LEFT-CORNER,,,,,,,,,,,,,,,,,,,,,,,,,,,,,,,,,
2138506,605001175908bbbc42e9f8e8d6716b2833a3ce4cdec5d6fc283f91d19292119953196e8f9fc5b79df17ce63fa5784ec325b5f699f29ffaec0a229f0e0624d77d,08/28/2025 08:44:00 AM,1,DRIVER,,2038597,,JEEP,WRANGLER,IL,2025,NONE,PASSENGER,PERSONAL,S,STRAIGHT AHEAD,,,1,,,,,,Y,,,,,,,,,,,,SIDE-RIGHT-FRONT,,,,,,,,,,,,,,,,,,,,,,,,,,,,,,,,,
2138517,b97aa9ff5b9b47fefbb5532b99dd84787efc1b05ac8e6c25fec033aa9e6a929e423b3dcb161c5156bf867c6b2f15113396d702bcf77e09a4585f1e1ecc1ce2c4,08/28/2025 08:43:00 AM,1,DRIVER,,2038594,,JEEP,GRAND CHEROKEE,IL,2025,NONE,PASSENGER,PERSONAL,S,STRAIGHT AHEAD,Y,,1,,PRIVATE TOW,,,Y,Y,,,,,,,,,,Y,,FRONT-RIGHT-CORNER,,,,,,,,,,,,,,,,,,,,,,,,,,,,,,,,,
2138518,b97aa9ff5b9b47fefbb5532b99dd84787efc1b05ac8e6c25fec033aa9e6a929e423b3dcb161c5156bf867c6b2f15113396d702bcf77e09a4585f1e1ecc1ce2c4,08/28/2025 08:43:00 AM,2,DRIVER,,2038603,,HONDA,ACCORD,IL,2005,NONE,PASSENGER,PERSONAL,E,STRAIGHT AHEAD,,,1,,,,,,,,,,,,,,Y,Y,Y,,FRONT-LEFT-CORNER,,,,,,,,,,,,,,,,,,,,,,,,,,,,,,,,,
2138560,163d994ac42c6e8518285c326a990c52d5466ecc5f967201b52002146f8e5834c065f5e34ba031d44a969750ff77dc088d0628307b61e0e6bec2156f96c45c6e,08/28/2025 08:40:00 AM,1,DRIVER,,2038631,Y,NEW FLYER,OTHER (EXPLAIN IN NARRATIVE),IL,2008,UNKNOWN,BUS OVER 15 PASS.,CTA,S,MERGING,,,1,,,,,,,,,,,,,,,,,Y,REAR-LEFT-CORNER,"22,094",,,,,,CHICAGO TRANSIT AUTHORITY,IL,CHICAGO,,,,N,N,,N,,N,N,,,,,,,,,BUS,BUS,OTHER,N,N,
2138561,163d994ac42c6e8518285c326a990c52d5466ecc5f967201b52002146f8e5834c065f5e34ba031d44a969750ff77dc088d0628307b61e0e6bec2156f96c45c6e,08/28/2025 08:40:00 AM,2,DRIVER,,2038637,,MAZDA,MAZDA3,IL,2018,UNKNOWN,PASSENGER,PERSONAL,S,STRAIGHT AHEAD,,,1,,,,,Y,Y,,,,,,,,,,,,FRONT-RIGHT-CORNER,,,,,,,,,,,,,,,,,,,,,,,,,,,,,,,,,
2138502,b2d22d950cea173c016da926d22065f2e58da777c3a684d52e4bc97f1214ed1be89769a16849caf8a79a82ad977f6d30757f9217cb915cb799ed564d671846b6,08/28/2025 08:35:00 AM,1,DRIVER,,2038578,,TOYOTA,YARIS,IL,2018,UNKNOWN,PASSENGER,PERSONAL,S,STRAIGHT AHEAD,,,1,,,,,Y,Y,,,,,,,,,,,,FRONT-RIGHT-CORNER,,,,,,,,,,,,,,,,,,,,,,,,,,,,,,,,,
2138503,b2d22d950cea173c016da926d22065f2e58da777c3a684d52e4bc97f1214ed1be89769a16849caf8a79a82ad977f6d30757f9217cb915cb799ed564d671846b6,08/28/2025 08:35:00 AM,2,DRIVER,,2038590,,VOLVO,XC4,IL,2020,UNKNOWN,PASSENGER,PERSONAL,S,STRAIGHT AHEAD,,,1,,,,,,,,,,,Y,Y,,,,,,REAR-LEFT-CORNER,,,,,,,,,,,,,,,,,,,,,,,,,,,,,,,,,
2138504,b2d22d950cea173c016da926d22065f2e58da777c3a684d52e4bc97f1214ed1be89769a16849caf8a79a82ad977f6d30757f9217cb915cb799ed564d671846b6,08/28/2025 08:35:00 AM,3,DRIVER,,2038600,,CHEVROLET,COLORADO,IL,2024,UNKNOWN,PASSENGER,CONSTRUCTION/MAINTENANCE,S,STRAIGHT AHEAD,,,1,,,,,,,,,,N,Y,,,,,,,REAR,,,,,,,,,,,,,,,,,,,,,,,,,,,,,,,,,
2138579,6c48cb9c3ad78bec9ed7985e2e0ae2d13f44e6f386afd22fecbdaa8751be3c4ce7029b27e47c3fb7d4ce4ce81e5597faabf27b7d86e503f294ff3f3ad67d288d,08/28/2025 08:30:00 AM,1,DRIVER,,2038656,,DODGE,RAM 1500 PU,IL,2011,NONE,PICKUP,PERSONAL,W,STRAIGHT AHEAD,,,1,,,,,,,,,,,,,,,,Y,,FRONT,,,,,,,,,,,,,,,,,,,,,,,,,,,,,,,,,
2138590,6c48cb9c3ad78bec9ed7985e2e0ae2d13f44e6f386afd22fecbdaa8751be3c4ce7029b27e47c3fb7d4ce4ce81e5597faabf27b7d86e503f294ff3f3ad67d288d,08/28/2025 08:30:00 AM,2,DRIVER,,2038664,,TOYOTA,CAMRY,,2024,NONE,PASSENGER,PERSONAL,W,SLOW/STOP IN TRAFFIC,,,1,,,,,,,,,,Y,,,,,,,,REAR,,,,,,,,,,,,,,,,,,,,,,,,,,,,,,,,,
2138492,9b7efc3f7d9de87361d6db3f42ad3e542d9512157c0d6f4894d6ccda6842afa77bb713fd66dc394616e4baddac22239887efa625d0a7454d83bec7c51980f5d3,08/28/2025 08:30:00 AM,1,DRIVER,,2038572,,TOYOTA,VENZA,IL,2025,NONE,PASSENGER,PERSONAL,E,STRAIGHT AHEAD,,,1,,,,,,,,,,,,,,,,Y,,FRONT,,,,,,,,,,,,,,,,,,,,,,,,,,,,,,,,,
2138493,9b7efc3f7d9de87361d6db3f42ad3e542d9512157c0d6f4894d6ccda6842afa77bb713fd66dc394616e4baddac22239887efa625d0a7454d83bec7c51980f5d3,08/28/2025 08:30:00 AM,2,DRIVER,,2038581,,TOYOTA,CAMRY,IL,2007,NONE,PASSENGER,PERSONAL,E,STRAIGHT AHEAD,,,1,,,,,,,,,,Y,,,,,,,,REAR,,,,,,,,,,,,,,,,,,,,,,,,,,,,,,,,,
2140256,dc7cb3d5c3cdd3685cb94e26b15bcc4873348f0ebeda4c8abb8a94037d00867ae6b0d11d18c939d471bb253e751f7186c8464b7854f4ce3a94bc96a13c7eb53a,08/28/2025 08:30:00 AM,1,DRIVER,,2040243,,SATURN,OTHER (EXPLAIN IN NARRATIVE),IL,2004,UNKNOWN,PASSENGER,PERSONAL,E,UNKNOWN/NA,,,1,,,,,,,,,,,,,,,,,Y,UNKNOWN,,,,,,,,,,,,,,,,,,,,,,,,,,,,,,,,,
2140257,dc7cb3d5c3cdd3685cb94e26b15bcc4873348f0ebeda4c8abb8a94037d00867ae6b0d11d18c939d471bb253e751f7186c8464b7854f4ce3a94bc96a13c7eb53a,08/28/2025 08:30:00 AM,2,DRIVER,1,2040237,,NISSAN,PATHFINDER,IL,2022,NONE,SPORT UTILITY VEHICLE (SUV),PERSONAL,E,STRAIGHT AHEAD,,,2,,,,,,,,,,,,Y,Y,Y,,,,SIDE-LEFT,,,,,,,,,,,,,,,,,,,,,,,,,,,,,,,,,
2138535,9de5b3fd6782a7aaa4e4e3fd264c6f5e6a17f491fd1635ca77af66891f2a8082a7a27a9c05ff653decdbfbc5b3c7ad4b0191dd2f5e960a8d2a2ff565044223ef,08/28/2025 08:22:00 AM,1,PARKED,1,2038610,,"A & B TRAILER MANUFACTURING COMPANY, INC. (CROWN POINT, IN)","A & B TRAILER MFG. CO., INC., CROWN POINT, IN",IL,2017,NONE,BUS OVER 15 PASS.,COMMERCIAL - SINGLE UNIT,N,PARKED,,,1,,,,,,,,,,,,,,,Y,,,SIDE-LEFT-FRONT,,,,,,,,,,,,,,,,,,,,,,,,,,,,,,,,,
2138536,9de5b3fd6782a7aaa4e4e3fd264c6f5e6a17f491fd1635ca77af66891f2a8082a7a27a9c05ff653decdbfbc5b3c7ad4b0191dd2f5e960a8d2a2ff565044223ef,08/28/2025 08:22:00 AM,2,DRIVER,,2038614,,(UNLISTED FARM/GARDEN EQUIPMENT MAKE),"(SCRAPERS, ROOTERS AND CHISELS BY MURRAY MFG.)",IL,,UNKNOWN,UNKNOWN/NA,UNKNOWN/NA,N,PASSING/OVERTAKING,,,1,,,,,Y,,,,,,,,,,,,,UNKNOWN,,,,,,,,,,,,,,,,,,,,,,,,,,,,,,,,,
2138494,d50044d08d7f727f24c9a08b6e0bb84050ea607bb3b5844eb6886d4b95619f9084fa1ac4e1b896cd99ca4860cce94d8b88d8e612c3a8b46ad33df21e267219c4,08/28/2025 08:22:00 AM,1,PARKED,1,2038568,,"ARCTIC ENTERPRISES, INC. (THIEF RIVER FALLS, MN)","ARCTIC ENTERPRISES, INC., THIEF RIVER FALLS, MN.",IL,2017,UNKNOWN,BUS OVER 15 PASS.,COMMERCIAL - MULTI-UNIT,N,PARKED IN TRAFFIC LANE,,,1,,,,,,,,,,,,,,,Y,,,SIDE-LEFT,,,,,,,,,,,,,,,,,,,,,,,,,,,,,,,,,
2138495,d50044d08d7f727f24c9a08b6e0bb84050ea607bb3b5844eb6886d4b95619f9084fa1ac4e1b896cd99ca4860cce94d8b88d8e612c3a8b46ad33df21e267219c4,08/28/2025 08:22:00 AM,2,DRIVER,,2038580,,"ARCTIC ENTERPRISES, INC. (THIEF RIVER FALLS, MN)","ARCTIC ENTERPRISES, INC., THIEF RIVER FALLS, MN.",IL,2017,NONE,PASSENGER,PERSONAL,N,MERGING,,,1,,,,,Y,,,,,,,,,,,,,SIDE-RIGHT,,,,,,,,,,,,,,,,,,,,,,,,,,,,,,,,,
2138486,c11f65e189ba61d3cc92329a516bcb19ec5750f906fad43b6d567c058aed68f241fb338c49a01eafb8b87a9161d78c815b6175f28ba5b8044a8f850500045f7b,08/28/2025 08:20:00 AM,1,DRIVER,,2038564,,AUDI,SQ5,IL,2012,NONE,PASSENGER,PERSONAL,W,STRAIGHT AHEAD,,,1,,,,,Y,,,,,,,,,,,,,FRONT-RIGHT-CORNER,,,,,,,,,,,,,,,,,,,,,,,,,,,,,,,,,
2138487,c11f65e189ba61d3cc92329a516bcb19ec5750f906fad43b6d567c058aed68f241fb338c49a01eafb8b87a9161d78c815b6175f28ba5b8044a8f850500045f7b,08/28/2025 08:20:00 AM,2,DRIVER,,2038573,,VOLKSWAGEN,BEETLE,IL,2012,NONE,PASSENGER,PERSONAL,W,STRAIGHT AHEAD,,,1,,,,,,,,,,,,Y,,,,,,SIDE-LEFT-REAR,,,,,,,,,,,,,,,,,,,,,,,,,,,,,,,,,
2138476,57d8698d9d03087e82500c8e8893d57652925bdf0da55bf0f654c07fd9b11dee905168e9a34400aaccc13b2c9d83f2bbe33314a416f0593a8b6d61e31651e4fc,08/28/2025 08:16:00 AM,1,DRIVER,,2038556,,CHEVROLET,IMPALA,IL,2010,UNKNOWN,UNKNOWN/NA,UNKNOWN/NA,UNKNOWN,UNKNOWN/NA,,,1,,,,,Y,,,,,,,,,,Y,Y,Y,UNKNOWN,,,,,,,,,,,,,,,,,,,,,,,,,,,,,,,,,
2138477,57d8698d9d03087e82500c8e8893d57652925bdf0da55bf0f654c07fd9b11dee905168e9a34400aaccc13b2c9d83f2bbe33314a416f0593a8b6d61e31651e4fc,08/28/2025 08:16:00 AM,2,DRIVER,,2038561,,NOVA BUS,OTHER (EXPLAIN IN NARRATIVE),IL,,UNKNOWN,BUS OVER 15 PASS.,CTA,N,STRAIGHT AHEAD,,,1,,,,,,,,,Y,Y,Y,,,,,,Y,REAR,,,,,,,,,,,,,,,,,,,,,,,,,,,,,,,,,
2138645,dfa4648c0653e3949bfa5be6d17ba8a352abe166be0faff0f93e5e935f2a4a8e35bfcfb3d50ff3499032947f75d5b3f80431b015e4c74ae96ea57ec8ff3402fa,08/28/2025 08:10:00 AM,1,DRIVER,,2038716,,NISSAN,ROGUE,IL,2013,NONE,PASSENGER,PERSONAL,W,TURNING LEFT,Y,,1,,FRIEND SHE GAVE CONSENT TO,,,Y,Y,,,,,,,,Y,Y,Y,,FRONT,,,,,,,,,,,,,,,,,,,,,,,,,,,,,,,,,
2138646,dfa4648c0653e3949bfa5be6d17ba8a352abe166be0faff0f93e5e935f2a4a8e35bfcfb3d50ff3499032947f75d5b3f80431b015e4c74ae96ea57ec8ff3402fa,08/28/2025 08:10:00 AM,2,DRIVER,,2038738,,CHEVROLET,TAHOE,WI,2004,NONE,PASSENGER,PERSONAL,E,STRAIGHT AHEAD,Y,,1,,CITY,,,Y,Y,,,,,,,,Y,Y,Y,,FRONT,,,,,,,,,,,,,,,,,,,,,,,,,,,,,,,,,
2138496,0257fb7efce4f95acb1095e97e383337b23d97ca612f328230fe3359863110fe9f41702a901f5fabb8efb40319a11155c0e77fd7517cd6ae23490a3174a3bcb8,08/28/2025 08:05:00 AM,1,DRIVER,,2038577,,CHRYSLER,200,IL,2015,NONE,PASSENGER,PERSONAL,W,STRAIGHT AHEAD,Y,,1,,,,,Y,,,,Y,Y,Y,,,,Y,Y,,FRONT,,,,,,,,,,,,,,,,,,,,,,,,,,,,,,,,,
2138497,0257fb7efce4f95acb1095e97e383337b23d97ca612f328230fe3359863110fe9f41702a901f5fabb8efb40319a11155c0e77fd7517cd6ae23490a3174a3bcb8,08/28/2025 08:05:00 AM,2,DRIVER,,2038584,,TOYOTA,CAMRY,IL,2011,NONE,PASSENGER,PERSONAL,E,STRAIGHT AHEAD,,,1,,,,,,,N,,,,Y,Y,,,,,,REAR-LEFT-CORNER,,,,,,,,,,,,,,,,,,,,,,,,,,,,,,,,,
2138570,03c79ac690fe6a4379a98b67c26bdc89155bc9ab5b00ed0001df24fa84ae7440b9e61c1c32aec3ece2126774fdbed5ae9c9d2e1804fcb88d40dac58f275cc12b,08/28/2025 08:05:00 AM,1,DRIVER,,2038652,Y,NEW FLYER,D40LF,IL,2006,UNKNOWN,BUS OVER 15 PASS.,CTA,W,MERGING,,,1,,,,,,,,,,,Y,,,,,,,SIDE-LEFT-REAR,"22,095",,,,,,CTA,IL,CHICAGO,,,,N,N,,N,,N,N,,,,,,,,,BUS,BUS,OTHER,N,N,
2138571,03c79ac690fe6a4379a98b67c26bdc89155bc9ab5b00ed0001df24fa84ae7440b9e61c1c32aec3ece2126774fdbed5ae9c9d2e1804fcb88d40dac58f275cc12b,08/28/2025 08:05:00 AM,2,DRIVER,,2038659,,TOYOTA,CAMRY,IL,2018,UNKNOWN,PASSENGER,PERSONAL,W,STRAIGHT AHEAD,,,1,,,,,Y,Y,Y,,,,,,,,,Y,,FRONT-RIGHT-CORNER,,,,,,,,,,,,,,,,,,,,,,,,,,,,,,,,,
2138553,0862a7f1e07cd6f45d594e02a2e42f5ce2ff48fe68e20cdee66d8baa28cb25615ba60387fdff1740a8dd830028c17bf1d371f82dfb700409030d91992b8028e9,08/28/2025 08:00:00 AM,1,DRIVER,,2038625,,UNKNOWN,OTHER (EXPLAIN IN NARRATIVE),IL,,UNKNOWN,UNKNOWN/NA,UNKNOWN/NA,UNKNOWN,UNKNOWN/NA,,,1,,,,,,,,,,,,,,,,,,UNKNOWN,,,,,,,,,,,,,,,,,,,,,,,,,,,,,,,,,
2138554,0862a7f1e07cd6f45d594e02a2e42f5ce2ff48fe68e20cdee66d8baa28cb25615ba60387fdff1740a8dd830028c17bf1d371f82dfb700409030d91992b8028e9,08/28/2025 08:00:00 AM,2,PARKED,,2038629,,KIA,FORTE,FL,,NONE,PASSENGER,OTHER,UNKNOWN,PARKED,,,0,,,,,,,,,,,,,,,,,,SIDE-LEFT-REAR,,,,,,,,,,,,,,,,,,,,,,,,,,,,,,,,,
2138512,438b5ca8ded4d70cb9dc3b4156b43a84a2dcf1ca48c011c63d211c3eae5d4956c5d864b725cb8d61d779d4ecdd42b55d5e6671ab2334b50bb3d4cda3be523684,08/28/2025 08:00:00 AM,1,DRIVER,,2038641,,NISSAN,ALTIMA,IL,2015,UNKNOWN,PASSENGER,PERSONAL,W,STRAIGHT AHEAD,,,1,,,,,Y,,,,,,,,,,Y,Y,,FRONT,,,,,,,,,,,,,,,,,,,,,,,,,,,,,,,,,
2138513,438b5ca8ded4d70cb9dc3b4156b43a84a2dcf1ca48c011c63d211c3eae5d4956c5d864b725cb8d61d779d4ecdd42b55d5e6671ab2334b50bb3d4cda3be523684,08/28/2025 08:00:00 AM,2,DRIVER,1,2038649,,HONDA,CR-V,IL,2018,UNKNOWN,PASSENGER,PERSONAL,W,STRAIGHT AHEAD,,,2,,,,,,,,,Y,Y,Y,,,,,,,REAR,,,,,,,,,,,,,,,,,,,,,,,,,,,,,,,,,
2138539,7cd3d92ee0ba3c07cd8569fb7584edac3ec039064c216e768b4f07ceb0b9f1aede0e2e2ced5d2ce291d513037a5b7e3a62e6dd2f48d53edda17afd03fe058170,08/28/2025 08:00:00 AM,1,DRIVER,,2038616,,"PETERBILT MOTORS COMPANY (DIVISION OF PACCAR, INC.)","PETERBILT MOTORS CO., DIVISION PACCAR, INC.",WI,2024,UNKNOWN,TRUCK - SINGLE UNIT,COMMERCIAL - SINGLE UNIT,UNKNOWN,TURNING RIGHT,,,1,,,,Y,,,,,,,,,,,,,,FRONT-RIGHT-CORNER,,,,,,,,,,,,,,,,,,,,,,,,,,,,,,,,,