CRASH_UNIT_ID,CRASH_RECORD_ID,CRASH_DATE,UNIT_NO,UNIT_TYPE,NUM_PASSENGERS,VEHICLE_ID,CMRC_VEH_I,MAKE,MODEL,LIC_PLATE_STATE,VEHICLE_YEAR,VEHICLE_DEFECT,VEHICLE_TYPE,VEHICLE_USE,TRAVEL_DIRECTION,MANEUVER,TOWED_I,FIRE_I,OCCUPANT_CNT,EXCEED_SPEED_LIMIT_I,TOWED_BY,TOWED_TO,AREA_00_I,AREA_01_I,AREA_02_I,AREA_03_I,AREA_04_I,AREA_05_I,AREA_06_I,AREA_07_I,AREA_08_I,AREA_09_I,AREA_10_I,AREA_11_I,AREA_12_I,AREA_99_I,FIRST_CONTACT_POINT,CMV_ID,USDOT_NO,CCMC_NO,ILCC_NO,COMMERCIAL_SRC,GVWR,CARRIER_NAME,CARRIER_STATE,CARRIER_CITY,HAZMAT_PLACARDS_I,HAZMAT_NAME,UN_NO,HAZMAT_PRESENT_I,HAZMAT_REPORT_I,HAZMAT_REPORT_NO,MCS_REPORT_I,MCS_REPORT_NO,HAZMAT_VIO_CAUSE_CRASH_I,MCS_VIO_CAUSE_CRASH_I,IDOT_PERMIT_NO,WIDE_LOAD_I,TRAILER1_WIDTH,TRAILER2_WIDTH,TRAILER1_LENGTH,TRAILER2_LENGTH,TOTAL_VEHICLE_LENGTH,AXLE_CNT,VEHICLE_CONFIG,CARGO_BODY_TYPE,LOAD_TYPE,HAZMAT_OUT_OF_SERVICE_I,MCS_OUT_OF_SERVICE_I,HAZMAT_CLASS
2138540,7cd3d92ee0ba3c07cd8569fb7584edac3ec039064c216e768b4f07ceb0b9f1aede0e2e2ced5d2ce291d513037a5b7e3a62e6dd2f48d53edda17afd03fe058170,08/28/2025 08:00:00 AM,2,PARKED,,2038623,,NISSAN,PATHFINDER,IL,2015,NONE,SPORT UTILITY VEHICLE (SUV),PERSONAL,UNKNOWN,PARKED,,,0,,,,,Y,,,,,,,,,,,,,FRONT-RIGHT-CORNER,,,,,,,,,,,,,,,,,,,,,,,,,,,,,,,,,
2138484,949120dbf3572a985c13e97e8290e3560dfa456dbc23a9c394d242746ecf19122711eceda1b771f591094408d8438fc098846f8cf4ee686ae0ba5bc9250b58a4,08/28/2025 08:00:00 AM,1,DRIVER,,2038563,,LAND ROVER,RANGE ROVER (EVOQUE / SPORT / VELAR),IL,2021,UNKNOWN,PASSENGER,PERSONAL,W,TURNING LEFT,,,1,,,,,,,,,,,Y,Y,,,,,,REAR-LEFT-CORNER,,,,,,,,,,,,,,,,,,,,,,,,,,,,,,,,,
2138485,949120dbf3572a985c13e97e8290e3560dfa456dbc23a9c394d242746ecf19122711eceda1b771f591094408d8438fc098846f8cf4ee686ae0ba5bc9250b58a4,08/28/2025 08:00:00 AM,2,DRIVER,,2038567,,VOLVO,OTHER (EXPLAIN IN NARRATIVE),IL,2013,UNKNOWN,PASSENGER,PERSONAL,W,TURNING LEFT,,,1,,,,,,,,Y,Y,,,,,,,,,REAR-RIGHT-CORNER,,,,,,,,,,,,,,,,,,,,,,,,,,,,,,,,,
2138822,bbb1e2284c3efdf0e24b153dfbc44d7ed5c0e1d63c4fad8052daf659dd118c58371da2faaf1f272d6ee2a1827a983b4020b06c3844d3f522f7483d3c5c85f156,08/28/2025 08:00:00 AM,1,DRIVER,4,2038881,,NISSAN,ALTIMA,IL,2022,NONE,PASSENGER,PERSONAL,E,BACKING,,,5,,,,,,,Y,Y,Y,,,,,,,,,SIDE-RIGHT,,,,,,,,,,,,,,,,,,,,,,,,,,,,,,,,,
2138823,bbb1e2284c3efdf0e24b153dfbc44d7ed5c0e1d63c4fad8052daf659dd118c58371da2faaf1f272d6ee2a1827a983b4020b06c3844d3f522f7483d3c5c85f156,08/28/2025 08:00:00 AM,2,PARKED,,2038895,,UNKNOWN,OTHER (EXPLAIN IN NARRATIVE),IL,,UNKNOWN,UNKNOWN/NA,UNKNOWN/NA,E,PARKED,,,0,,,,,,,,,,,,,,,,,Y,UNKNOWN,,,,,,,,,,,,,,,,,,,,,,,,,,,,,,,,,
2138457,def30055938791007d1dbe110120c2b2d66265258dc96958ea665e72c4f032364652791bef0498a0d801f9bdaf45c96b711738fbd076da4ceefc6e1cea5c8373,08/28/2025 08:00:00 AM,1,DRIVER,,2038540,,FORD,EXPLORER,IL,2024,NONE,SPORT UTILITY VEHICLE (SUV),POLICE,W,STRAIGHT AHEAD,,,1,,,,,Y,,,,,,,,,,,N,,FRONT-RIGHT-CORNER,,,,,,,,,,,,,,,,,,,,,,,,,,,,,,,,,
2138458,def30055938791007d1dbe110120c2b2d66265258dc96958ea665e72c4f032364652791bef0498a0d801f9bdaf45c96b711738fbd076da4ceefc6e1cea5c8373,08/28/2025 08:00:00 AM,2,DRIVER,,2038547,,FORD,EXPLORER,IL,2024,NONE,SPORT UTILITY VEHICLE (SUV),POLICE,W,STRAIGHT AHEAD,,,1,,,,,,,,,,,,,Y,,N,,,SIDE-LEFT,,,,,,,,,,,,,,,,,,,,,,,,,,,,,,,,,
2138469,edc3833940aea28b294cb2833adbe1e1f8531a273bf5ffdbd5da28fc1e4b9336439bfa6955b8c537319b29030f2d1081f5af252b9a60fc30799a6dced20296a3,08/28/2025 08:00:00 AM,1,DRIVER,,2038555,,AUDI,Q5,IL,2022,UNKNOWN,PASSENGER,PERSONAL,W,BACKING,,,1,,,,,,,,,Y,Y,Y,,,,,,,REAR,,,,,,,,,,,,,,,,,,,,,,,,,,,,,,,,,
2138470,edc3833940aea28b294cb2833adbe1e1f8531a273bf5ffdbd5da28fc1e4b9336439bfa6955b8c537319b29030f2d1081f5af252b9a60fc30799a6dced20296a3,08/28/2025 08:00:00 AM,2,DRIVERLESS,,2038543,,FORD,TRANSIT,IL,2019,UNKNOWN,PASSENGER,PERSONAL,E,PARKED,,,0,,,,,Y,,,,,,,,,,Y,Y,,FRONT,,,,,,,,,,,,,,,,,,,,,,,,,,,,,,,,,
2138478,2a393070dac0ed91947320f78a64b7f22758a971583141b71eeded16168eca6ea0ea5bbca491234dfa66dc58a3363497d31bfe5a6b512758466e1846fc2018f1,08/28/2025 07:50:00 AM,1,DRIVER,,2038559,,FORD,EXPLORER,IL,2017,UNKNOWN,SPORT UTILITY VEHICLE (SUV),UNKNOWN/NA,W,MERGING,,,1,,,,,,,,,,,,,,Y,Y,,,FRONT-LEFT-CORNER,,,,,,,,,,,,,,,,,,,,,,,,,,,,,,,,,
2138479,2a393070dac0ed91947320f78a64b7f22758a971583141b71eeded16168eca6ea0ea5bbca491234dfa66dc58a3363497d31bfe5a6b512758466e1846fc2018f1,08/28/2025 07:50:00 AM,2,DRIVER,,2038565,,KIA,TELLURIDE,IL,2021,NONE,SPORT UTILITY VEHICLE (SUV),PERSONAL,W,STRAIGHT AHEAD,,,1,,,,,Y,Y,,,,,,,,,,,,FRONT-RIGHT-CORNER,,,,,,,,,,,,,,,,,,,,,,,,,,,,,,,,,
2138564,59d3996ff224fd1afab4822078656bfa47cefe4f1a249ef9c86d587c9777585d14787b76bf38ea86ab4372a13198ae93159607484c862329b39d6bcfd1fdcd69,08/28/2025 07:50:00 AM,1,DRIVER,,2038640,,UNKNOWN,OTHER (EXPLAIN IN NARRATIVE),IL,,UNKNOWN,SPORT UTILITY VEHICLE (SUV),UNKNOWN/NA,E,TURNING RIGHT,,,1,,,,,,,,,,,,,,,,,Y,SIDE-RIGHT,,,,,,,,,,,,,,,,,,,,,,,,,,,,,,,,,
2138565,59d3996ff224fd1afab4822078656bfa47cefe4f1a249ef9c86d587c9777585d14787b76bf38ea86ab4372a13198ae93159607484c862329b39d6bcfd1fdcd69,08/28/2025 07:50:00 AM,2,DRIVER,,2038642,,UNKNOWN,OTHER (EXPLAIN IN NARRATIVE),,,UNKNOWN,OTHER,PERSONAL,E,STRAIGHT AHEAD,,,1,,,,,,,,,,,,,,,,,Y,SIDE-LEFT,,,,,,,,,,,,,,,,,,,,,,,,,,,,,,,,,
2138488,cee61c7fa86cc249c2477a474a67c9fd40c1dfe0cc3e0dbb3074f23e98d0b8d99b11cfb6decc10c39bfd6faee43f73c816ff51e2ca5d26b688a414b84435e6c1,08/28/2025 07:50:00 AM,1,DRIVER,,2038575,,FREIGHTLINER CORPORATION,OTHER (EXPLAIN IN NARRATIVE),IN,2023,NONE,TRUCK - SINGLE UNIT,COMMERCIAL - SINGLE UNIT,S,STRAIGHT AHEAD,,,1,,,,,,,,,,,,,,,Y,,,FRONT-LEFT-CORNER,,,,,,,,,,,,,,,,,,,,,,,,,,,,,,,,,
2138489,cee61c7fa86cc249c2477a474a67c9fd40c1dfe0cc3e0dbb3074f23e98d0b8d99b11cfb6decc10c39bfd6faee43f73c816ff51e2ca5d26b688a414b84435e6c1,08/28/2025 07:50:00 AM,2,DRIVER,,2038589,,CHEVROLET,SILVERADO,IL,2023,NONE,PICKUP,PERSONAL,N,STRAIGHT AHEAD,,,1,,,,,,,,,,,,,,,Y,,,FRONT-LEFT-CORNER,,,,,,,,,,,,,,,,,,,,,,,,,,,,,,,,,
2138537,6a59336f4d898cbaa7ce6f0d76d195403b4a637c4d0a1c1d885edbb15a17a09f2c5330f0b4434e1a7bef07878033585d34f1e4745d3dda5d6336fff4f7e23b5f,08/28/2025 07:45:00 AM,1,DRIVER,,2038630,,CADILLAC,ESCALADE,IL,2002,UNKNOWN,SPORT UTILITY VEHICLE (SUV),PERSONAL,E,STRAIGHT AHEAD,,,1,,,,,Y,,,,,,,,,,Y,Y,,FRONT,,,,,,,,,,,,,,,,,,,,,,,,,,,,,,,,,
2138538,6a59336f4d898cbaa7ce6f0d76d195403b4a637c4d0a1c1d885edbb15a17a09f2c5330f0b4434e1a7bef07878033585d34f1e4745d3dda5d6336fff4f7e23b5f,08/28/2025 07:45:00 AM,2,DRIVER,,2038639,,CADILLAC,XT4,IL,2019,UNKNOWN,SPORT UTILITY VEHICLE (SUV),PERSONAL,E,STRAIGHT AHEAD,,,1,,,,,,,,,Y,Y,Y,,,,,,,REAR,,,,,,,,,,,,,,,,,,,,,,,,,,,,,,,,,
2138490,6df6310e6a3ecf3ddbaa65093a342123378e0f9b0cb7442100f546d1861aadff7ed6544086b08b562a15469c1d0564bc6557a9b1835e9e85a1965f6364629fab,08/28/2025 07:45:00 AM,1,DRIVER,1,2038569,,CHEVROLET,TRAIL BLAZER,IL,2007,UNKNOWN,PASSENGER,PERSONAL,N,STRAIGHT AHEAD,Y,,2,,PRIVATE TOW,,,Y,,,,,,,,,,Y,Y,,FRONT,,,,,,,,,,,,,,,,,,,,,,,,,,,,,,,,,
2138491,6df6310e6a3ecf3ddbaa65093a342123378e0f9b0cb7442100f546d1861aadff7ed6544086b08b562a15469c1d0564bc6557a9b1835e9e85a1965f6364629fab,08/28/2025 07:45:00 AM,2,DRIVER,3,2038579,,UNKNOWN,OTHER (EXPLAIN IN NARRATIVE),IL,2011,UNKNOWN,BUS OVER 15 PASS.,SCHOOL BUS,E,TURNING LEFT,,,4,,,,,,,,,Y,Y,,,,,,,,REAR-RIGHT-CORNER,,,,,,,,,,,,,,,,,,,,,,,,,,,,,,,,,
2138436,9893043412f4ed4f0703d946b6af521cd7f928d708aa82f5132e0f5635f873c2017ea04a5bdade2c22f94e91f2766ed00d68bc9ca892f7b98dc18b2549810ab0,08/28/2025 07:45:00 AM,1,DRIVER,,2038513,,TOYOTA,HIGHLANDER,IL,2018,UNKNOWN,SPORT UTILITY VEHICLE (SUV),UNKNOWN/NA,SE,STRAIGHT AHEAD,,,1,,,,,,,,,,,,,,,,,Y,SIDE-RIGHT,,,,,,,,,,,,,,,,,,,,,,,,,,,,,,,,,
2138437,9893043412f4ed4f0703d946b6af521cd7f928d708aa82f5132e0f5635f873c2017ea04a5bdade2c22f94e91f2766ed00d68bc9ca892f7b98dc18b2549810ab0,08/28/2025 07:45:00 AM,2,DRIVER,,2038519,,AUDI,Q7,IL,2019,UNKNOWN,SPORT UTILITY VEHICLE (SUV),PERSONAL,SE,STRAIGHT AHEAD,,,1,,,,,,,,,,,,,Y,Y,Y,,,SIDE-LEFT,,,,,,,,,,,,,,,,,,,,,,,,,,,,,,,,,
2140086,93851e5e6c36de1364ff8ee4a1523c71df6513250c1134ba978b490b82d9405902962c4f252bbbfb5913040f44d7614edfe6f6fb0da2c37fe03d3c881cb20a18,08/28/2025 07:40:00 AM,1,DRIVER,2,2040073,,VOLKSWAGEN,JETTA,IL,2011,UNKNOWN,PASSENGER,PERSONAL,S,OTHER,Y,,3,,UNKNOWN,UNKNOWN,,Y,N,,,,,,,,Y,Y,Y,,FRONT,,,,,,,,,,,,,,,,,,,,,,,,,,,,,,,,,
2140087,93851e5e6c36de1364ff8ee4a1523c71df6513250c1134ba978b490b82d9405902962c4f252bbbfb5913040f44d7614edfe6f6fb0da2c37fe03d3c881cb20a18,08/28/2025 07:40:00 AM,2,DRIVER,5,2040075,,TOYOTA,HIGHLANDER,IL,2024,UNKNOWN,SPORT UTILITY VEHICLE (SUV),PERSONAL,W,STRAIGHT AHEAD,,,6,,,,,Y,Y,,,,,,,,,,Y,,SIDE-RIGHT-FRONT,,,,,,,,,,,,,,,,,,,,,,,,,,,,,,,,,
2138606,ec5dbe87c10a207e36a1199b1389e03ec63753b3dc2bcd6910eef1321fe8c1e5d957ae55bdfb7af8ea57234fb9ae5458fcc13e1177b02f31489dadadaecc4b38,08/28/2025 07:40:00 AM,1,DRIVER,,2038678,,UNKNOWN,ENGINE,IL,,UNKNOWN,PASSENGER,UNKNOWN/NA,S,STRAIGHT AHEAD,,,1,,,,,,,Y,,,,,,N,,,,,SIDE-RIGHT,,,,,,,,,,,,,,,,,,,,,,,,,,,,,,,,,
2138607,ec5dbe87c10a207e36a1199b1389e03ec63753b3dc2bcd6910eef1321fe8c1e5d957ae55bdfb7af8ea57234fb9ae5458fcc13e1177b02f31489dadadaecc4b38,08/28/2025 07:40:00 AM,2,DRIVER,,2038684,,CHEVROLET,TRAIL BLAZER,IL,2022,UNKNOWN,PASSENGER,PERSONAL,S,STRAIGHT AHEAD,,,1,,,,,,,,,,,,,Y,,,,,SIDE-LEFT,,,,,,,,,,,,,,,,,,,,,,,,,,,,,,,,,
2138430,41ee93c030bdcd64e084fd4bce016c4bbe4d6c111e40f3d584226458d84bdc85d2ffe35a5387ccf661a3bb17948f634831d2eb517764ef8bbda0f39998b5e8d0,08/28/2025 07:34:00 AM,1,DRIVER,,2038549,Y,(UNLISTED CONSTRUCTION EQUIPMENT MAKE),(UNLISTED CONSTRUCTION EQUIPMENT MAKE),IL,2017,NONE,BUS OVER 15 PASS.,COMMERCIAL - MULTI-UNIT,N,UNKNOWN/NA,,,1,,,,,,,,,,,,,,,Y,,,SIDE-LEFT,"22,092",,,,DRIVER,2,PACE SUBURBAN BUS DIVISION,IL,ARLINGTON HEIGHTS,,,,N,N,,N,,N,N,,,>102,,,,,,BUS,BUS,OTHER,N,N,
2138431,41ee93c030bdcd64e084fd4bce016c4bbe4d6c111e40f3d584226458d84bdc85d2ffe35a5387ccf661a3bb17948f634831d2eb517764ef8bbda0f39998b5e8d0,08/28/2025 07:34:00 AM,2,DRIVER,,2038516,,FORD,SUPER DUTY,IL,2013,UNKNOWN,PICKUP,COMMERCIAL - SINGLE UNIT,N,CHANGING LANES,,,1,,,,,Y,,,,,,,,,,N,,,SIDE-RIGHT-FRONT,,,,,,,,,,,,,,,,,,,,,,,,,,,,,,,,,
2138521,309a86efd15fedd83710552e81ba985d1297c0d325f076ef0cc4fb49bc2cf271e75f5a5edf04f7929211d65f2f7619cd7f9cdadc3ba4e93cad4ab5384925ad7e,08/28/2025 07:30:00 AM,1,DRIVER,,2038599,,CHEVROLET,EQUINOX,IL,2020,UNKNOWN,SPORT UTILITY VEHICLE (SUV),PERSONAL,E,U-TURN,,,1,,,,,,,,,,,,,,,,,,REAR-LEFT-CORNER,,,,,,,,,,,,,,,,,,,,,,,,,,,,,,,,,
2138522,309a86efd15fedd83710552e81ba985d1297c0d325f076ef0cc4fb49bc2cf271e75f5a5edf04f7929211d65f2f7619cd7f9cdadc3ba4e93cad4ab5384925ad7e,08/28/2025 07:30:00 AM,2,DRIVER,,2038605,,NOVA BUS,OTHER (EXPLAIN IN NARRATIVE),IL,2024,UNKNOWN,BUS OVER 15 PASS.,CTA,E,STRAIGHT AHEAD,,,1,,,,,,,,,,,,,,,,,,FRONT,,,,,,,,,,,,,,,,,,,,,,,,,,,,,,,,,
2138461,a1c2f534123da3e2e2799a8fa96a0bd71843e162dffc09af369973313ffaa835c86df57aef64fa01d355e6d738bf10e6866563054b5b9b5f70787e7ec2f34715,08/28/2025 07:30:00 AM,1,DRIVER,,2038541,,CHRYSLER,TOWN & COUNTRY,,,UNKNOWN,PASSENGER,PERSONAL,W,STRAIGHT AHEAD,,,1,,,,,,,,,,,,,,,,Y,,FRONT,,,,,,,,,,,,,,,,,,,,,,,,,,,,,,,,,
2138462,a1c2f534123da3e2e2799a8fa96a0bd71843e162dffc09af369973313ffaa835c86df57aef64fa01d355e6d738bf10e6866563054b5b9b5f70787e7ec2f34715,08/28/2025 07:30:00 AM,2,DRIVER,,2038548,,SUBARU,ASCENT,IL,2019,UNKNOWN,PASSENGER,PERSONAL,W,STRAIGHT AHEAD,,,1,,,,,,,,,,Y,,,,,,,,REAR,,,,,,,,,,,,,,,,,,,,,,,,,,,,,,,,,
2138450,b1f2db80cb4cd64679d5a0c9d9ccb5a1af24b0507487ea2abfffa4aa3f5cebd509eb014ebc767c20d15296bdf83a21e9b2f173e1b7f500fb12c70bfec38042c3,08/28/2025 07:30:00 AM,1,DRIVER,,2038528,,JEEP,COMPASS,IL,2023,NONE,PASSENGER,PERSONAL,N,STRAIGHT AHEAD,,,1,,,,,,,,,,,,,,Y,Y,Y,,FRONT-LEFT-CORNER,,,,,,,,,,,,,,,,,,,,,,,,,,,,,,,,,
2138451,b1f2db80cb4cd64679d5a0c9d9ccb5a1af24b0507487ea2abfffa4aa3f5cebd509eb014ebc767c20d15296bdf83a21e9b2f173e1b7f500fb12c70bfec38042c3,08/28/2025 07:30:00 AM,2,DRIVER,,2038533,,CHEVROLET,EQUINOX,IL,2024,NONE,PASSENGER,PERSONAL,E,TURNING LEFT,Y,,1,,INSURANCE,UNKNOWN,,Y,Y,,,,,,,,,,,,SIDE-RIGHT-FRONT,,,,,,,,,,,,,,,,,,,,,,,,,,,,,,,,,
2138743,d2aa91e4e5aabe7108ac51d125480023f8d34f2e21e0709e4385e3e1e279658170c556006e3ac91c4dc45eaac3d1b4bb68a7983da1e83f346e1f66e9efe491a2,08/28/2025 07:30:00 AM,1,DRIVER,,2038804,,UNKNOWN,OTHER (EXPLAIN IN NARRATIVE),,,NONE,PASSENGER,UNKNOWN/NA,N,STRAIGHT AHEAD,,,1,,,,,Y,Y,,,,,,,,,,,Y,SIDE-RIGHT,,,,,,,,,,,,,,,,,,,,,,,,,,,,,,,,,
2138744,d2aa91e4e5aabe7108ac51d125480023f8d34f2e21e0709e4385e3e1e279658170c556006e3ac91c4dc45eaac3d1b4bb68a7983da1e83f346e1f66e9efe491a2,08/28/2025 07:30:00 AM,2,DRIVER,,2038806,,NISSAN,SENTRA,IL,2018,NONE,PASSENGER,PERSONAL,N,SLOW/STOP IN TRAFFIC,,,1,,,,,,,,,,,,,,Y,,,,SIDE-LEFT,,,,,,,,,,,,,,,,,,,,,,,,,,,,,,,,,
2138471,f3e5675ec10cbf448efc0cb6b610abc8d871fad2fe1beb369a40155427a03e138cee42aadf0fd2dd71551d86932d9bd1b8cb75e5cdb1ff40014c6ba6b2593e3d,08/28/2025 07:30:00 AM,1,DRIVER,,2038544,,HONDA,CIVIC,IL,2004,UNKNOWN,PASSENGER,PERSONAL,W,STRAIGHT AHEAD,Y,,1,,,,,,,,,,,,,,,Y,Y,,FRONT-LEFT-CORNER,,,,,,,,,,,,,,,,,,,,,,,,,,,,,,,,,
2138472,f3e5675ec10cbf448efc0cb6b610abc8d871fad2fe1beb369a40155427a03e138cee42aadf0fd2dd71551d86932d9bd1b8cb75e5cdb1ff40014c6ba6b2593e3d,08/28/2025 07:30:00 AM,2,DRIVER,,2038553,,SUBARU,FORESTER,IL,2018,UNKNOWN,SPORT UTILITY VEHICLE (SUV),PERSONAL,W,STRAIGHT AHEAD,,,1,,,,,,,,,,Y,,,,,,,,REAR,,,,,,,,,,,,,,,,,,,,,,,,,,,,,,,,,
2138467,d5a3e3df7ad3ef3f0259663f91691a0092cb97b0b340812a39a79679f3dfaced20b6458eb665d86568deaae01b792c465c565c891df6b1bd21e26e8d55cd8093,08/28/2025 07:19:00 AM,1,DRIVER,,2038550,,TOYOTA,OTHER (EXPLAIN IN NARRATIVE),IL,2023,UNKNOWN,PASSENGER,PERSONAL,W,TURNING LEFT,,,1,,,,,Y,,,,,,,,,,Y,Y,,FRONT,,,,,,,,,,,,,,,,,,,,,,,,,,,,,,,,,
2138468,d5a3e3df7ad3ef3f0259663f91691a0092cb97b0b340812a39a79679f3dfaced20b6458eb665d86568deaae01b792c465c565c891df6b1bd21e26e8d55cd8093,08/28/2025 07:19:00 AM,2,BICYCLE,,,,,,,,,,,,,,,,,,,,,,,,,,,,,,,,,,,,,,,,,,,,,,,,,,,,,,,,,,,,,,,,,,
2138982,011c42d501b12049fdaef261d1fa21b88257cd8bb115d43ef5b8bb708d223ead8d5cd95cf39b3d04ad962dddc8c4d9d918fb5ddf290d3b3ffbac944efffc71e6,08/28/2025 07:15:00 AM,1,DRIVER,2,2039028,,AUDI,A4,IL,2014,UNKNOWN,PASSENGER,PERSONAL,N,STRAIGHT AHEAD,,,3,,,,,,,,,,,,,,,Y,,,FRONT-LEFT-CORNER,,,,,,,,,,,,,,,,,,,,,,,,,,,,,,,,,
2138983,011c42d501b12049fdaef261d1fa21b88257cd8bb115d43ef5b8bb708d223ead8d5cd95cf39b3d04ad962dddc8c4d9d918fb5ddf290d3b3ffbac944efffc71e6,08/28/2025 07:15:00 AM,2,DRIVER,,2039032,,UNKNOWN,MOTORIZED,,,UNKNOWN,UNKNOWN/NA,UNKNOWN/NA,N,STRAIGHT AHEAD,,,1,,,,,,,,,Y,,,,,,,,,REAR-RIGHT-CORNER,,,,,,,,,,,,,,,,,,,,,,,,,,,,,,,,,
2139496,078a6d649e8a0578503598bcf15aaf068acc0185dda1d1a4726a99c1a876682402e47d12ba065fe50e782c3b08ad3bd10d9149b488b35676b3fcaee5bc41192f,08/28/2025 07:15:00 AM,1,DRIVER,,2039500,,UNKNOWN,OTHER (EXPLAIN IN NARRATIVE),,,UNKNOWN,UNKNOWN/NA,UNKNOWN/NA,E,UNKNOWN/NA,,,1,,,,,,,,,,,,,,,,,Y,UNKNOWN,,,,,,,,,,,,,,,,,,,,,,,,,,,,,,,,,
2138453,db82cbd62a1ef33c1f43b193a299cceefcdafeff4909bb280fa9ccfad42eadee064705bf6cb38eeefeff2579d4700bf69227d0c3e42ad810c710cb165125de11,08/28/2025 07:15:00 AM,1,DRIVER,,2038534,,MAZDA,CX-5,IL,2021,NONE,SPORT UTILITY VEHICLE (SUV),PERSONAL,N,STRAIGHT AHEAD,,,1,,,,,,,,,,,,,,,Y,,,FRONT-LEFT-CORNER,,,,,,,,,,,,,,,,,,,,,,,,,,,,,,,,,
2138454,db82cbd62a1ef33c1f43b193a299cceefcdafeff4909bb280fa9ccfad42eadee064705bf6cb38eeefeff2579d4700bf69227d0c3e42ad810c710cb165125de11,08/28/2025 07:15:00 AM,2,DRIVER,,2038539,,CHEVROLET,TRAVERSE,IL,2017,NONE,SPORT UTILITY VEHICLE (SUV),PERSONAL,N,STRAIGHT AHEAD,,,1,,,,Y,,,,,,,,,,,,,,SIDE-RIGHT,,,,,,,,,,,,,,,,,,,,,,,,,,,,,,,,,
2138434,2f45bfe195626c417fab36b28aa8f36032f9b924669ee08678ec895220dd80c3c87df2d07cca78986148aacdfa34c15090ae3045c78866c708ecd8f3a6d3080a,08/28/2025 07:13:00 AM,1,DRIVER,,2038524,,FORD,EDGE,IL,2017,NONE,PASSENGER,PERSONAL,S,BACKING,,,1,,,,,,,,Y,Y,Y,Y,,,,,,,REAR,,,,,,,,,,,,,,,,,,,,,,,,,,,,,,,,,
2138435,2f45bfe195626c417fab36b28aa8f36032f9b924669ee08678ec895220dd80c3c87df2d07cca78986148aacdfa34c15090ae3045c78866c708ecd8f3a6d3080a,08/28/2025 07:13:00 AM,2,PARKED,,2038526,,KIA,FORTE,IL,2021,NONE,PASSENGER,PERSONAL,S,PARKED,,,0,,,,,,,,,,,,,Y,Y,Y,Y,,SIDE-LEFT-FRONT,,,,,,,,,,,,,,,,,,,,,,,,,,,,,,,,,
2138685,11e79d70e33554b77f3649869ef07390340ba205c28cbf597475e1c5c785cc506853211fee731d093145318ea784d5971b829bddde78ad225a3238895da5abff,08/28/2025 07:11:00 AM,1,DRIVER,,2038748,,VOLKSWAGEN,CC,IL,2012,UNKNOWN,PASSENGER,PERSONAL,W,STRAIGHT AHEAD,Y,,1,,UNKNOWN,UNKNOWN,,Y,Y,,,,,,,,Y,Y,Y,,FRONT,,,,,,,,,,,,,,,,,,,,,,,,,,,,,,,,,
2138686,11e79d70e33554b77f3649869ef07390340ba205c28cbf597475e1c5c785cc506853211fee731d093145318ea784d5971b829bddde78ad225a3238895da5abff,08/28/2025 07:11:00 AM,2,DRIVER,,2038753,,BMW,330I,IL,2023,UNKNOWN,PASSENGER,PERSONAL,W,SLOW/STOP IN TRAFFIC,Y,,1,,UNKNOWN,UNKNOWN,,,,,Y,Y,Y,Y,Y,,,,,,REAR,,,,,,,,,,,,,,,,,,,,,,,,,,,,,,,,,
2138422,9167dc1313492eafb13855e420bbbd7ec5ce5ab9d3271e0ab2b5727ce110055ecfc89df025f712b2716c4f588545c415ece8f9be55fa4528e3562aa1cc78948f,08/28/2025 07:10:00 AM,1,DRIVER,,2038514,,HYUNDAI,TUCSON,IL,2017,UNKNOWN,PASSENGER,PERSONAL,N,TURNING LEFT,,,1,,,,,,,Y,,,,,,,,,,,SIDE-RIGHT,,,,,,,,,,,,,,,,,,,,,,,,,,,,,,,,,
2138423,9167dc1313492eafb13855e420bbbd7ec5ce5ab9d3271e0ab2b5727ce110055ecfc89df025f712b2716c4f588545c415ece8f9be55fa4528e3562aa1cc78948f,08/28/2025 07:10:00 AM,2,DRIVER,,2038523,,CHEVROLET,SILVERADO,IL,2016,UNKNOWN,PASSENGER,PERSONAL,N,UNKNOWN/NA,,,1,,,,,,,,,,,Y,,,,,,,REAR-RIGHT-CORNER,,,,,,,,,,,,,,,,,,,,,,,,,,,,,,,,,
2138448,f1ae852d4dfd3bdc8fafc82275ba5b5b88170005e7c7358871fac56061b5e2232f6ac24bccbfdd197d0a66c9fc788521f7e042919e36632e6d42063188875fa0,08/28/2025 07:05:00 AM,1,DRIVER,,2038530,,JEEP,COMPASS,IL,2015,NONE,PASSENGER,PERSONAL,N,STRAIGHT AHEAD,Y,,1,,city of chicago,,,Y,,,,,,,,,,Y,Y,,FRONT,,,,,,,,,,,,,,,,,,,,,,,,,,,,,,,,,
2138449,f1ae852d4dfd3bdc8fafc82275ba5b5b88170005e7c7358871fac56061b5e2232f6ac24bccbfdd197d0a66c9fc788521f7e042919e36632e6d42063188875fa0,08/28/2025 07:05:00 AM,2,DRIVER,,2038535,,FORD,EXPLORER,IL,2016,NONE,PASSENGER,PERSONAL,N,STRAIGHT AHEAD,,,1,,,,,,,,,Y,Y,Y,,,,,,,REAR,,,,,,,,,,,,,,,,,,,,,,,,,,,,,,,,,
2138440,6f007c002634b85b62b62eb6457345affecb2b81ee21ad911c38ea480b9bec6b6afb542e6ebe644f2d71559e87b078e39c8ece4a46de26c06ee339c40811cb6f,08/28/2025 07:01:00 AM,1,DRIVER,,2038521,,KIA,SORENTO,IL,2016,UNKNOWN,SPORT UTILITY VEHICLE (SUV),PERSONAL,N,STRAIGHT AHEAD,,,1,,,,,Y,,,,,,,,,,Y,Y,,FRONT,,,,,,,,,,,,,,,,,,,,,,,,,,,,,,,,,