CRASH_UNIT_ID,CRASH_RECORD_ID,CRASH_DATE,UNIT_NO,UNIT_TYPE,NUM_PASSENGERS,VEHICLE_ID,CMRC_VEH_I,MAKE,MODEL,LIC_PLATE_STATE,VEHICLE_YEAR,VEHICLE_DEFECT,VEHICLE_TYPE,VEHICLE_USE,TRAVEL_DIRECTION,MANEUVER,TOWED_I,FIRE_I,OCCUPANT_CNT,EXCEED_SPEED_LIMIT_I,TOWED_BY,TOWED_TO,AREA_00_I,AREA_01_I,AREA_02_I,AREA_03_I,AREA_04_I,AREA_05_I,AREA_06_I,AREA_07_I,AREA_08_I,AREA_09_I,AREA_10_I,AREA_11_I,AREA_12_I,AREA_99_I,FIRST_CONTACT_POINT,CMV_ID,USDOT_NO,CCMC_NO,ILCC_NO,COMMERCIAL_SRC,GVWR,CARRIER_NAME,CARRIER_STATE,CARRIER_CITY,HAZMAT_PLACARDS_I,HAZMAT_NAME,UN_NO,HAZMAT_PRESENT_I,HAZMAT_REPORT_I,HAZMAT_REPORT_NO,MCS_REPORT_I,MCS_REPORT_NO,HAZMAT_VIO_CAUSE_CRASH_I,MCS_VIO_CAUSE_CRASH_I,IDOT_PERMIT_NO,WIDE_LOAD_I,TRAILER1_WIDTH,TRAILER2_WIDTH,TRAILER1_LENGTH,TRAILER2_LENGTH,TOTAL_VEHICLE_LENGTH,AXLE_CNT,VEHICLE_CONFIG,CARGO_BODY_TYPE,LOAD_TYPE,HAZMAT_OUT_OF_SERVICE_I,MCS_OUT_OF_SERVICE_I,HAZMAT_CLASS
2138441,6f007c002634b85b62b62eb6457345affecb2b81ee21ad911c38ea480b9bec6b6afb542e6ebe644f2d71559e87b078e39c8ece4a46de26c06ee339c40811cb6f,08/28/2025 07:01:00 AM,2,DRIVER,3,2038531,,BUICK,ENCORE,IL,2017,UNKNOWN,SPORT UTILITY VEHICLE (SUV),PERSONAL,N,STRAIGHT AHEAD,,,4,,,,,Y,,,,Y,Y,Y,,,,Y,Y,,REAR,,,,,,,,,,,,,,,,,,,,,,,,,,,,,,,,,
2138442,6f007c002634b85b62b62eb6457345affecb2b81ee21ad911c38ea480b9bec6b6afb542e6ebe644f2d71559e87b078e39c8ece4a46de26c06ee339c40811cb6f,08/28/2025 07:01:00 AM,3,DRIVER,1,2038546,,TOYOTA,COROLLA,IL,2013,UNKNOWN,PASSENGER,PERSONAL,N,STRAIGHT AHEAD,,,2,,,,,,,,,,,Y,,,,,,,REAR,,,,,,,,,,,,,,,,,,,,,,,,,,,,,,,,,
2138446,87e89ccf1f69ad68ad243ec8fef9e3b69be81d4b7d72d3e935f5fa2e037ee4c62d8ed475b7ba1eb88ca51eaa044693b52056439ca698b8bdf6f3b3cfade68ed1,08/28/2025 07:00:00 AM,1,DRIVER,,2038527,,VOLKSWAGEN,JETTA,IL,2019,UNKNOWN,PASSENGER,PERSONAL,E,STRAIGHT AHEAD,Y,,1,,private tow,residence,,,,,,,,,,,Y,Y,,,FRONT-LEFT-CORNER,,,,,,,,,,,,,,,,,,,,,,,,,,,,,,,,,
2138447,87e89ccf1f69ad68ad243ec8fef9e3b69be81d4b7d72d3e935f5fa2e037ee4c62d8ed475b7ba1eb88ca51eaa044693b52056439ca698b8bdf6f3b3cfade68ed1,08/28/2025 07:00:00 AM,2,DRIVER,,2038529,,TOYOTA,CAMRY,IL,2006,UNKNOWN,PASSENGER,PERSONAL,W,TURNING LEFT,Y,,1,,private tow,residence,,Y,,,,,,,,,,Y,Y,,FRONT,,,,,,,,,,,,,,,,,,,,,,,,,,,,,,,,,
2138463,9c86df7a11bdc0a887837f6928741af1b85a2670b189899f10a9b6a83909039a3f6b7d6483f53572ff0be1322d9cbf2c5c65b300085a0d0a0bcb109a5b6b2bc0,08/28/2025 06:55:00 AM,1,DRIVER,,2038542,,TOYOTA,CAMRY,IL,1999,UNKNOWN,PASSENGER,UNKNOWN/NA,UNKNOWN,STRAIGHT AHEAD,,,1,,,,,,,,,,,,,,,,Y,,FRONT,,,,,,,,,,,,,,,,,,,,,,,,,,,,,,,,,
2138464,9c86df7a11bdc0a887837f6928741af1b85a2670b189899f10a9b6a83909039a3f6b7d6483f53572ff0be1322d9cbf2c5c65b300085a0d0a0bcb109a5b6b2bc0,08/28/2025 06:55:00 AM,2,DRIVER,,2038554,,MAZDA,OTHER (EXPLAIN IN NARRATIVE),IL,2014,UNKNOWN,PASSENGER,UNKNOWN/NA,UNKNOWN,SLOW/STOP IN TRAFFIC,,,1,,,,,,,,,,Y,,,,,,,,REAR,,,,,,,,,,,,,,,,,,,,,,,,,,,,,,,,,
2138420,42b7afc1a1c452edeef87334a10dedf46e900d9d1e36dfe44d4194ad445617135aa2310b2b695de508fda8300bc7dfbb10641aff6db4bc7cba089f65d3ff9cd6,08/28/2025 06:50:00 AM,1,DRIVER,,2038503,,UNKNOWN,OTHER (EXPLAIN IN NARRATIVE),,,UNKNOWN,SPORT UTILITY VEHICLE (SUV),UNKNOWN/NA,S,STRAIGHT AHEAD,,,1,,,,,,,,,,,,,,,,Y,,FRONT,,,,,,,,,,,,,,,,,,,,,,,,,,,,,,,,,
2138421,42b7afc1a1c452edeef87334a10dedf46e900d9d1e36dfe44d4194ad445617135aa2310b2b695de508fda8300bc7dfbb10641aff6db4bc7cba089f65d3ff9cd6,08/28/2025 06:50:00 AM,2,DRIVER,,2038511,,NISSAN,VERSA,IL,2015,NONE,PASSENGER,PERSONAL,S,SLOW/STOP IN TRAFFIC,,,1,,,,,,,,,,Y,,,,,,,,REAR,,,,,,,,,,,,,,,,,,,,,,,,,,,,,,,,,
2138543,3afcc6cea61bedbfa8352030626a9a66199a7bd70ffd35a4c31f36d8f6bed2773c8fff38f0528d1f9cde77f5bd2e3659ead0ef9808e47da733022da07dfd2c99,08/28/2025 06:41:00 AM,1,DRIVER,,2038621,,VOLKSWAGEN,JETTA,IL,2012,NONE,PASSENGER,PERSONAL,S,STRAIGHT AHEAD,Y,,1,,INSURNACE,,,Y,,,Y,Y,,,,,,,,,REAR-RIGHT-CORNER,,,,,,,,,,,,,,,,,,,,,,,,,,,,,,,,,
2138544,3afcc6cea61bedbfa8352030626a9a66199a7bd70ffd35a4c31f36d8f6bed2773c8fff38f0528d1f9cde77f5bd2e3659ead0ef9808e47da733022da07dfd2c99,08/28/2025 06:41:00 AM,2,DRIVER,,2038624,,TOYOTA,HIGHLANDER,IL,2017,NONE,PASSENGER,PERSONAL,E,STRAIGHT AHEAD,,,1,,,,,Y,,,,,,,,,,Y,Y,,FRONT,,,,,,,,,,,,,,,,,,,,,,,,,,,,,,,,,
2138473,3085a229db21aaf6b5730bcddce4c6f060381ad1ad4dd1b5aa5f9e9586e8ca689b0cb9d3e4653be75315a7fcb21ab072da5ef573c85e8a896d70828a1a9920e3,08/28/2025 06:35:00 AM,1,DRIVER,,2038558,,TOYOTA,PRIUS,IL,2021,UNKNOWN,PASSENGER,PERSONAL,W,UNKNOWN/NA,Y,,1,,city of chicago,701 n sacramento,,Y,,,,,,,,Y,Y,Y,Y,,FRONT,,,,,,,,,,,,,,,,,,,,,,,,,,,,,,,,,
2138976,be57a801f02cb6bdffa6db1c4bf31a02bf89b488a8c4b7253b30d4fed6d1ea43f2f6d5409b283e5bacabee8e80dd2c1e79b027b9d1fbcddd266768dd89cbaafb,08/28/2025 06:30:00 AM,1,DRIVER,,2039033,,GENERAL MOTORS CORPORATION (GMC),OTHER (EXPLAIN IN NARRATIVE),IL,2011,UNKNOWN,PASSENGER,PERSONAL,N,STRAIGHT AHEAD,,,1,,,,,Y,,,,,,,,,,Y,Y,,FRONT,,,,,,,,,,,,,,,,,,,,,,,,,,,,,,,,,
2138977,be57a801f02cb6bdffa6db1c4bf31a02bf89b488a8c4b7253b30d4fed6d1ea43f2f6d5409b283e5bacabee8e80dd2c1e79b027b9d1fbcddd266768dd89cbaafb,08/28/2025 06:30:00 AM,2,DRIVER,,2039044,,TOYOTA,COROLLA,IL,2020,UNKNOWN,PASSENGER,PERSONAL,N,STRAIGHT AHEAD,,,1,,,,,,,,,Y,Y,Y,,,,,,,REAR,,,,,,,,,,,,,,,,,,,,,,,,,,,,,,,,,
2138667,c7c220675331bcfd5126048f5ede99cfb38da5a61644054623388064586ec5a8c220c20182a214ffb22105fb21a134a39e63c2f3313a858ae24a1088870d8d9a,08/28/2025 06:30:00 AM,1,DRIVER,,2038729,,FREIGHTLINER CORPORATION,OTHER (EXPLAIN IN NARRATIVE),IN,2022,NONE,TRACTOR W/ SEMI-TRAILER,OTHER,N,STRAIGHT AHEAD,,,1,,,,,,Y,,,,,,,,,,,,SIDE-RIGHT,,,,,,,,,,,,,,,,,,,,,,,,,,,,,,,,,
2138668,c7c220675331bcfd5126048f5ede99cfb38da5a61644054623388064586ec5a8c220c20182a214ffb22105fb21a134a39e63c2f3313a858ae24a1088870d8d9a,08/28/2025 06:30:00 AM,2,DRIVER,,2038739,,INTERNATIONAL HARVESTER,INTERNATIONAL HARVESTER,IL,2009,NONE,TRACTOR W/ SEMI-TRAILER,OTHER,N,STRAIGHT AHEAD,,,1,,,,,,,,,,,,,,Y,,,,SIDE-LEFT-FRONT,,,,,,,,,,,,,,,,,,,,,,,,,,,,,,,,,
2138408,f62e952f92426f02b5af09a13057be0e7f8c22ed1145b3044ee049379dd26123ff1141db450b05f679cc283fef0480b1bf0e0c3c39c2f01522a436c53af76cfa,08/28/2025 06:30:00 AM,1,DRIVER,,2038497,,TOYOTA,RAV4,IL,2007,UNKNOWN,PASSENGER,PERSONAL,N,TURNING RIGHT,,,1,,,,,Y,,,,,,,,,,Y,Y,,FRONT,,,,,,,,,,,,,,,,,,,,,,,,,,,,,,,,,
2138409,f62e952f92426f02b5af09a13057be0e7f8c22ed1145b3044ee049379dd26123ff1141db450b05f679cc283fef0480b1bf0e0c3c39c2f01522a436c53af76cfa,08/28/2025 06:30:00 AM,2,DRIVER,1,2038551,,TOYOTA,RAV4,IL,2021,NONE,PASSENGER,PERSONAL,N,STRAIGHT AHEAD,,,2,,,,,,,,,Y,Y,Y,,,,,,,REAR,,,,,,,,,,,,,,,,,,,,,,,,,,,,,,,,,
2139725,3a0690041c1a305aff1c64c11161ddc5e5a8e3715100c49b3ec7199661bac09c8172f04975352fdd864ff6aff266b56166f9406ee0325b25d99bec89adca713b,08/28/2025 06:28:00 AM,1,DRIVER,,2039724,,UNKNOWN,MOTORIZED,IL,,UNKNOWN,UNKNOWN/NA,UNKNOWN/NA,S,STRAIGHT AHEAD,,,1,,,,,Y,,,,,,,,,,Y,Y,,FRONT,,,,,,,,,,,,,,,,,,,,,,,,,,,,,,,,,
2139726,3a0690041c1a305aff1c64c11161ddc5e5a8e3715100c49b3ec7199661bac09c8172f04975352fdd864ff6aff266b56166f9406ee0325b25d99bec89adca713b,08/28/2025 06:28:00 AM,2,DRIVER,,2039737,,HONDA,HR-V,IL,2024,NONE,SPORT UTILITY VEHICLE (SUV),PERSONAL,S,STRAIGHT AHEAD,,,1,,,,,,,,,Y,Y,Y,,,,,,,REAR,,,,,,,,,,,,,,,,,,,,,,,,,,,,,,,,,
2138418,f6ca169c5a8dfde53ca36897c0a056af377b88749faef00c7063182beebb1024b81cb7e182be915673a84e77e6f2ffa94ede970cea512c2cf16d107bdb1f7e07,08/28/2025 06:25:00 AM,1,DRIVER,,2038510,,KIA,FORTE,IL,2024,UNKNOWN,PASSENGER,UNKNOWN/NA,N,STRAIGHT AHEAD,,,1,,,,,,,,,,,,,,,,,Y,UNKNOWN,,,,,,,,,,,,,,,,,,,,,,,,,,,,,,,,,
2138419,f6ca169c5a8dfde53ca36897c0a056af377b88749faef00c7063182beebb1024b81cb7e182be915673a84e77e6f2ffa94ede970cea512c2cf16d107bdb1f7e07,08/28/2025 06:25:00 AM,2,DRIVER,,2038515,,TOYOTA,CAMRY,IL,2014,UNKNOWN,PASSENGER,TAXI/FOR HIRE,E,STRAIGHT AHEAD,Y,,1,,PRIVATE,UNKNOWN,,Y,,,,,,,,,,,Y,,FRONT-RIGHT-CORNER,,,,,,,,,,,,,,,,,,,,,,,,,,,,,,,,,
2138412,bb297d9fb8672f3fce8b1e7b6be766d46245712d958940695ca2b1daade8098bbdec2cfa11a1be250a83b0264b373a8a6c61146957cc213281c603516b8ad99d,08/28/2025 06:18:00 AM,1,DRIVER,,2038498,,MINI,COOPER,IL,2022,NONE,PASSENGER,PERSONAL,E,STRAIGHT AHEAD,Y,,1,,AAA,HOME ADDRESS,,Y,,,,,,,,,,Y,Y,,FRONT,,,,,,,,,,,,,,,,,,,,,,,,,,,,,,,,,
2138413,bb297d9fb8672f3fce8b1e7b6be766d46245712d958940695ca2b1daade8098bbdec2cfa11a1be250a83b0264b373a8a6c61146957cc213281c603516b8ad99d,08/28/2025 06:18:00 AM,2,DRIVER,,2038499,,JEEP,GRAND CHEROKEE,IL,2017,NONE,PASSENGER,PERSONAL,E,STRAIGHT AHEAD,,,1,,,,,,,,,Y,Y,Y,,,,,,,REAR,,,,,,,,,,,,,,,,,,,,,,,,,,,,,,,,,
2138602,57f42e136b63201100afd9b0d917d55c434813b471d9751ecba8ce640ba3495a3d6cf52454de2c55acb51beaed857e59c892bdf89d8bde5daf342fc5b3edca29,08/28/2025 06:05:00 AM,1,DRIVER,1,2038676,,FORD,FUSION,IL,2014,BRAKES,PASSENGER,PERSONAL,S,STRAIGHT AHEAD,,,2,,,,,Y,,,,,,,,,,Y,Y,,FRONT,,,,,,,,,,,,,,,,,,,,,,,,,,,,,,,,,
2138603,57f42e136b63201100afd9b0d917d55c434813b471d9751ecba8ce640ba3495a3d6cf52454de2c55acb51beaed857e59c892bdf89d8bde5daf342fc5b3edca29,08/28/2025 06:05:00 AM,2,DRIVER,,2038679,,CHEVROLET,EQUINOX,IL,2025,NONE,SPORT UTILITY VEHICLE (SUV),PERSONAL,S,STRAIGHT AHEAD,,,1,,,,,,,,,Y,Y,Y,,,,,,,REAR,,,,,,,,,,,,,,,,,,,,,,,,,,,,,,,,,
2138410,73755e26077248849d1f73a098751e447c47c7185213af1c9e18075ce7a53f8cbb5079f763747832510b12c7759a5a9d130e335055f3f0c77d92564ba5a9cb0a,08/28/2025 06:01:00 AM,1,DRIVER,,2038502,,TOYOTA,HIGHLANDER,IL,2022,UNKNOWN,PASSENGER,PERSONAL,N,STRAIGHT AHEAD,Y,,1,,CITY OF CHICAGO,,,,,,,,,,,Y,,Y,Y,,SIDE-LEFT,,,,,,,,,,,,,,,,,,,,,,,,,,,,,,,,,
2138411,73755e26077248849d1f73a098751e447c47c7185213af1c9e18075ce7a53f8cbb5079f763747832510b12c7759a5a9d130e335055f3f0c77d92564ba5a9cb0a,08/28/2025 06:01:00 AM,2,DRIVER,,2038512,,MERCURY,GRAND MARQUIS,IL,2004,UNKNOWN,PASSENGER,PERSONAL,E,STRAIGHT AHEAD,Y,,1,,PRIVATE TOWED,,,Y,,,,,,,,,,Y,Y,,FRONT-LEFT-CORNER,,,,,,,,,,,,,,,,,,,,,,,,,,,,,,,,,
2138416,2c90fc566858d0e466e4d43308926e11e8182d8c05ae0019d53aabf456b9a3bc858409bd84b3ef3a64cddfd962802bb52a8e0de4c503dfd414b925a776a67341,08/28/2025 06:00:00 AM,1,DRIVER,,2038501,,UNKNOWN,MOTORIZED,,,UNKNOWN,UNKNOWN/NA,UNKNOWN/NA,N,STRAIGHT AHEAD,,,1,,,,,Y,,,,,,,,,,Y,Y,,FRONT,,,,,,,,,,,,,,,,,,,,,,,,,,,,,,,,,
2138417,2c90fc566858d0e466e4d43308926e11e8182d8c05ae0019d53aabf456b9a3bc858409bd84b3ef3a64cddfd962802bb52a8e0de4c503dfd414b925a776a67341,08/28/2025 06:00:00 AM,2,PEDESTRIAN,,,,,,,,,,,,,,,,,,,,,,,,,,,,,,,,,,,,,,,,,,,,,,,,,,,,,,,,,,,,,,,,,,
2138395,9a43cccdf9dc396e2eeb2e523c4be8c9b56918010dd0f18ff60d6770a67e4efe488d41d00e18627f3d6f2ae81bd45649fb9b88b5f40279791c2962565471b4d7,08/28/2025 05:53:00 AM,1,DRIVER,,2038484,,FORD,F150,IL,2005,UNKNOWN,PICKUP,PERSONAL,SW,STRAIGHT AHEAD,,,1,,,,,,,,,,Y,,,,,,,,REAR,,,,,,,,,,,,,,,,,,,,,,,,,,,,,,,,,
2138396,9a43cccdf9dc396e2eeb2e523c4be8c9b56918010dd0f18ff60d6770a67e4efe488d41d00e18627f3d6f2ae81bd45649fb9b88b5f40279791c2962565471b4d7,08/28/2025 05:53:00 AM,2,DRIVER,,2038487,,DODGE,RAM 1500 PU,IL,2019,NONE,PICKUP,PERSONAL,NE,STRAIGHT AHEAD,,,1,,,,,,,,,,,,,,,,Y,,FRONT,,,,,,,,,,,,,,,,,,,,,,,,,,,,,,,,,
2138459,4f68fc63558433bfbd333115cebc82c3e30fc522c06b151fcdee04103aac9bb89b775057ee75accef6c54cc2722af680c38bbd26d7ffd39af5b7e49dd41a2e63,08/28/2025 05:51:00 AM,1,DRIVER,,2038538,,UNKNOWN,OTHER (EXPLAIN IN NARRATIVE),,,UNKNOWN,UNKNOWN/NA,UNKNOWN/NA,N,UNKNOWN/NA,,,1,,,,,N,N,N,N,N,,,,,,,,Y,SIDE-RIGHT,,,,,,,,,,,,,,,,,,,,,,,,,,,,,,,,,
2138460,4f68fc63558433bfbd333115cebc82c3e30fc522c06b151fcdee04103aac9bb89b775057ee75accef6c54cc2722af680c38bbd26d7ffd39af5b7e49dd41a2e63,08/28/2025 05:51:00 AM,2,DRIVER,,2038604,,HONDA,MOTORCYCLE,IL,2010,UNKNOWN,MOTORCYCLE (OVER 150CC),PERSONAL,N,STRAIGHT AHEAD,Y,,1,,STREET AND SANITATION,AUTO POUND 7,,,,,,,,Y,Y,Y,Y,Y,,,SIDE-LEFT,,,,,,,,,,,,,,,,,,,,,,,,,,,,,,,,,
2138400,874c64ed2cb8dc91c94967abfe51bf11a1f177290f7610bc5bbade4c452f8cd9613d3d382ab41916b983d8b6fed48dc33a44ff7219fbe3908980788fcb0f1c9e,08/28/2025 05:36:00 AM,1,DRIVER,,2038490,,CHEVROLET,IMPALA,IL,2018,NONE,PASSENGER,PERSONAL,N,STRAIGHT AHEAD,Y,,1,,INSURANCE,,,Y,,,,Y,Y,Y,Y,Y,,Y,Y,,FRONT,,,,,,,,,,,,,,,,,,,,,,,,,,,,,,,,,
2138401,874c64ed2cb8dc91c94967abfe51bf11a1f177290f7610bc5bbade4c452f8cd9613d3d382ab41916b983d8b6fed48dc33a44ff7219fbe3908980788fcb0f1c9e,08/28/2025 05:36:00 AM,2,DRIVER,,2038492,Y,FREIGHTLINER CORPORATION,FREIGHTLINER CORP.,NB,2025,NONE,TRACTOR W/ SEMI-TRAILER,COMMERCIAL - SINGLE UNIT,E,STRAIGHT AHEAD,,,1,,,,,,,,,,,,,,,,,,SIDE-RIGHT,"22,091",53467,,,DRIVER,1,WERNER  ENTERPRISES,NB,OMAHA,Y,,,N,N,,N,,N,N,,,,,,,,,TRACTOR/SEMI-TRAILER,VAN/ENCLOSED BOX,BUILDING MATERIALS,N,N,FLAMMABLE OR COMBUSTIBLE LIQUID
2138391,a5243fee6c499b4e395932e0ec19a40f349ab15dc2fc40364063d255ab8ba69d1ab4c8e27b19cd696377a87c77839b95b75cc91f60c2a6aa2760cf460ec3f7bc,08/28/2025 05:30:00 AM,1,DRIVER,,2038489,,FORD,BRONCO / BRONCO II,IL,2022,NONE,SPORT UTILITY VEHICLE (SUV),PERSONAL,N,STRAIGHT AHEAD,,,1,,,,,,,,,,,,,,,,Y,,FRONT,,,,,,,,,,,,,,,,,,,,,,,,,,,,,,,,,
2138392,a5243fee6c499b4e395932e0ec19a40f349ab15dc2fc40364063d255ab8ba69d1ab4c8e27b19cd696377a87c77839b95b75cc91f60c2a6aa2760cf460ec3f7bc,08/28/2025 05:30:00 AM,2,DRIVER,,2038483,,TOYOTA,4RUNNER,IL,,NONE,SPORT UTILITY VEHICLE (SUV),PERSONAL,N,STRAIGHT AHEAD,,,1,,,,,,,,,,Y,,,,,,,,REAR,,,,,,,,,,,,,,,,,,,,,,,,,,,,,,,,,
2139264,089d05f197abb05aa39111c1bfafea90c272cde02fceb3a11034dcd3471faef33ec823bc7c99071dc6f3a8ab0d7908df2401cb4b5e060f1ee6613005d8b1670b,08/28/2025 05:21:00 AM,1,DRIVER,,2039285,,DODGE,RAM 1500 PU,IL,2004,UNKNOWN,PICKUP,PERSONAL,E,STRAIGHT AHEAD,Y,,1,,city tow,impound,,Y,Y,Y,Y,Y,,,,,,Y,Y,Y,FRONT,,,,,,,,,,,,,,,,,,,,,,,,,,,,,,,,,
2139265,089d05f197abb05aa39111c1bfafea90c272cde02fceb3a11034dcd3471faef33ec823bc7c99071dc6f3a8ab0d7908df2401cb4b5e060f1ee6613005d8b1670b,08/28/2025 05:21:00 AM,2,DRIVER,,2039286,,GENERAL MOTORS CORPORATION (GMC),ACADIA,IL,2019,NONE,PASSENGER,PERSONAL,W,STRAIGHT AHEAD,,,1,,,,,Y,,,,,,,,,,Y,Y,,FRONT,,,,,,,,,,,,,,,,,,,,,,,,,,,,,,,,,
2139266,089d05f197abb05aa39111c1bfafea90c272cde02fceb3a11034dcd3471faef33ec823bc7c99071dc6f3a8ab0d7908df2401cb4b5e060f1ee6613005d8b1670b,08/28/2025 05:21:00 AM,3,DRIVER,,2039287,,HYUNDAI,ELANTRA,IL,2013,UNKNOWN,PASSENGER,PERSONAL,W,STRAIGHT AHEAD,N,,1,,,,,,,,,Y,Y,Y,,,,,,,REAR,,,,,,,,,,,,,,,,,,,,,,,,,,,,,,,,,
2138404,8ccd2266381ae0078dff1732379802ae4db23a44c43116a716586c171b4ab1ecabd761047e278861a01761db78fd2a9fa460ba11c50cd100ff13b6a4532c9891,08/28/2025 04:50:00 AM,1,DRIVER,,2038493,,NISSAN,ROGUE,IL,2015,NONE,PASSENGER,PERSONAL,NE,TURNING LEFT,Y,,1,,MAPX1,8114 S 83RD CT JUSTICE IL,,,,,,,,,,,Y,Y,Y,,FRONT-LEFT-CORNER,,,,,,,,,,,,,,,,,,,,,,,,,,,,,,,,,
2138405,8ccd2266381ae0078dff1732379802ae4db23a44c43116a716586c171b4ab1ecabd761047e278861a01761db78fd2a9fa460ba11c50cd100ff13b6a4532c9891,08/28/2025 04:50:00 AM,2,DRIVER,,2039228,,CHEVROLET,CRUZE,IL,2016,NONE,PASSENGER,PERSONAL,W,STRAIGHT AHEAD,Y,,1,,YAFFO,5945 S ARCHER,,,,,,,,,,,,Y,Y,,FRONT-LEFT-CORNER,,,,,,,,,,,,,,,,,,,,,,,,,,,,,,,,,
2138388,6e687ca292ad769cdb69aa564d3303dbcaa575e4a46db046fe131f93351f283ab24975672a1e652a5e2658cb032b5a4706c0748438c8cf8fa7e42513ef9eddeb,08/28/2025 04:40:00 AM,1,DRIVER,,2038479,,NISSAN,ROGUE,IL,2008,NONE,PASSENGER,PERSONAL,N,STRAIGHT AHEAD,,,1,,,,,,,,,,,,,,,,,,FRONT,,,,,,,,,,,,,,,,,,,,,,,,,,,,,,,,,
2138389,6e687ca292ad769cdb69aa564d3303dbcaa575e4a46db046fe131f93351f283ab24975672a1e652a5e2658cb032b5a4706c0748438c8cf8fa7e42513ef9eddeb,08/28/2025 04:40:00 AM,2,DRIVER,,2038480,,CHRYSLER,300,IL,2005,NONE,PASSENGER,PERSONAL,N,STRAIGHT AHEAD,Y,,1,,STATE FARM,,,Y,,,,,,,,,,Y,Y,,REAR,,,,,,,,,,,,,,,,,,,,,,,,,,,,,,,,,
2138390,6e687ca292ad769cdb69aa564d3303dbcaa575e4a46db046fe131f93351f283ab24975672a1e652a5e2658cb032b5a4706c0748438c8cf8fa7e42513ef9eddeb,08/28/2025 04:40:00 AM,3,DRIVER,,2038481,,KIA,SELTOS,IL,2025,NONE,PASSENGER,PERSONAL,N,STRAIGHT AHEAD,,,1,,,,,,,,,,,,,,,,,,REAR,,,,,,,,,,,,,,,,,,,,,,,,,,,,,,,,,
2139067,607231fc5e22f2bac5075eb2710b5ebc072f5f6bf1018279505ae26fa0391396a6babd5ff4e17e01cf573eef8d21c346c295a921e69d182d1c48fcb84833807c,08/28/2025 04:30:00 AM,1,DRIVER,,2039096,,TOYOTA,CAMRY,IL,2017,NONE,PASSENGER,PERSONAL,SW,ENTERING TRAFFIC LANE FROM PARKING,,,1,,,,,,,,,,,,,Y,Y,,,,SIDE-LEFT,,,,,,,,,,,,,,,,,,,,,,,,,,,,,,,,,
2139068,607231fc5e22f2bac5075eb2710b5ebc072f5f6bf1018279505ae26fa0391396a6babd5ff4e17e01cf573eef8d21c346c295a921e69d182d1c48fcb84833807c,08/28/2025 04:30:00 AM,2,DRIVER,,2039104,,HYUNDAI,SONATA,IL,2017,NONE,PASSENGER,PERSONAL,W,STRAIGHT AHEAD,,,1,,,,,Y,,,,,,,,,,,,,FRONT-RIGHT-CORNER,,,,,,,,,,,,,,,,,,,,,,,,,,,,,,,,,
2138443,06d8013b6d43abf78e5fabdef2dba73d4a1e7dbc38b5fb921c7a2a2623dc31da1298f57888fa33b0a97fe35b083bb238b13d382ef52350b9160d9adeb2e4e6bc,08/28/2025 04:20:00 AM,1,DRIVER,,2038525,,FORD,ECOSPORT,IL,2020,UNKNOWN,PASSENGER,PERSONAL,W,STRAIGHT AHEAD,,,1,,,,,Y,,,,,,,,,,Y,Y,,FRONT,,,,,,,,,,,,,,,,,,,,,,,,,,,,,,,,,
2138474,cf3c77d028dee52ccf5c738afedfc35789cb23f77b8e135f68bbe799788afd844a44b9a72f30e04d614fadc179531f9863862b9de28faded0288c8b558f7f528,08/28/2025 04:00:00 AM,1,DRIVER,,2038552,,UNKNOWN,ENGINE,,,UNKNOWN,UNKNOWN/NA,UNKNOWN/NA,NW,UNKNOWN/NA,,,1,,,,,,,,,,,,,,,,,,UNKNOWN,,,,,,,,,,,,,,,,,,,,,,,,,,,,,,,,,
2138475,cf3c77d028dee52ccf5c738afedfc35789cb23f77b8e135f68bbe799788afd844a44b9a72f30e04d614fadc179531f9863862b9de28faded0288c8b558f7f528,08/28/2025 04:00:00 AM,2,PARKED,,2038560,,KIA,OPTIMA / K5,IL,2020,NONE,PASSENGER,PERSONAL,E,PARKED,,,0,,,,,,,,,,Y,Y,,,,,,,REAR-LEFT-CORNER,,,,,,,,,,,,,,,,,,,,,,,,,,,,,,,,,
2138386,9c5009f2eb61c103f2e1619c535782dbcbc77308ea43dedcef300cbb80da368a45fd01a778ac488144771cd53f07302db82e556d8c317d4f07144b99af61eac2,08/28/2025 03:19:00 AM,1,DRIVER,,2038477,,NISSAN,ALTIMA,IL,2023,UNKNOWN,PASSENGER,PERSONAL,E,STRAIGHT AHEAD,Y,,1,,CRASH CHAMPIONS TOWING,,,Y,Y,Y,Y,Y,,,,,,,Y,,SIDE-RIGHT-FRONT,,,,,,,,,,,,,,,,,,,,,,,,,,,,,,,,,
2138387,9c5009f2eb61c103f2e1619c535782dbcbc77308ea43dedcef300cbb80da368a45fd01a778ac488144771cd53f07302db82e556d8c317d4f07144b99af61eac2,08/28/2025 03:19:00 AM,2,PARKED,,2038478,,GENERAL MOTORS CORPORATION (GMC),OTHER (EXPLAIN IN NARRATIVE),IL,1985,UNKNOWN,PICKUP,UNKNOWN/NA,E,PARKED,,,0,,,,,,,,Y,Y,Y,Y,Y,Y,Y,Y,,,SIDE-LEFT-REAR,,,,,,,,,,,,,,,,,,,,,,,,,,,,,,,,,