CRASH_UNIT_ID,CRASH_RECORD_ID,CRASH_DATE,UNIT_NO,UNIT_TYPE,NUM_PASSENGERS,VEHICLE_ID,CMRC_VEH_I,MAKE,MODEL,LIC_PLATE_STATE,VEHICLE_YEAR,VEHICLE_DEFECT,VEHICLE_TYPE,VEHICLE_USE,TRAVEL_DIRECTION,MANEUVER,TOWED_I,FIRE_I,OCCUPANT_CNT,EXCEED_SPEED_LIMIT_I,TOWED_BY,TOWED_TO,AREA_00_I,AREA_01_I,AREA_02_I,AREA_03_I,AREA_04_I,AREA_05_I,AREA_06_I,AREA_07_I,AREA_08_I,AREA_09_I,AREA_10_I,AREA_11_I,AREA_12_I,AREA_99_I,FIRST_CONTACT_POINT,CMV_ID,USDOT_NO,CCMC_NO,ILCC_NO,COMMERCIAL_SRC,GVWR,CARRIER_NAME,CARRIER_STATE,CARRIER_CITY,HAZMAT_PLACARDS_I,HAZMAT_NAME,UN_NO,HAZMAT_PRESENT_I,HAZMAT_REPORT_I,HAZMAT_REPORT_NO,MCS_REPORT_I,MCS_REPORT_NO,HAZMAT_VIO_CAUSE_CRASH_I,MCS_VIO_CAUSE_CRASH_I,IDOT_PERMIT_NO,WIDE_LOAD_I,TRAILER1_WIDTH,TRAILER2_WIDTH,TRAILER1_LENGTH,TRAILER2_LENGTH,TOTAL_VEHICLE_LENGTH,AXLE_CNT,VEHICLE_CONFIG,CARGO_BODY_TYPE,LOAD_TYPE,HAZMAT_OUT_OF_SERVICE_I,MCS_OUT_OF_SERVICE_I,HAZMAT_CLASS
2138914,557f97fb4e572343270a5518d106dfa10a1176485998341b0369b8cdee985e9094336ecc3ccd0a7dfed6f6dd87cc58326d88e3f8fc475109a79203af895e0661,08/28/2025 03:00:00 AM,1,DRIVER,,2038957,,UNKNOWN,OTHER (EXPLAIN IN NARRATIVE),,,UNKNOWN,UNKNOWN/NA,UNKNOWN/NA,UNKNOWN,UNKNOWN/NA,,,1,,,,,,,,,,,,,,,,,,UNKNOWN,,,,,,,,,,,,,,,,,,,,,,,,,,,,,,,,,
2138915,557f97fb4e572343270a5518d106dfa10a1176485998341b0369b8cdee985e9094336ecc3ccd0a7dfed6f6dd87cc58326d88e3f8fc475109a79203af895e0661,08/28/2025 03:00:00 AM,2,PARKED,,2038967,,NISSAN,KICKS,IL,2024,NONE,PASSENGER,PERSONAL,N,PARKED,Y,,0,,PRIVATE TOW,,,N,,,,N,N,N,N,N,N,N,,,UNKNOWN,,,,,,,,,,,,,,,,,,,,,,,,,,,,,,,,,
2138383,c10f2b39cdfd434edf3c99ab43423027d22ead34a780b6150dc1d272517cab35bf790baaf85e754432b1a466d9d9c2c7fc6d12c09fd7335f1b4f246efa78466d,08/28/2025 02:41:00 AM,1,DRIVER,,2038474,,JEEP,GRAND CHEROKEE,,2016,UNKNOWN,SPORT UTILITY VEHICLE (SUV),PERSONAL,N,BACKING,Y,,1,,private tow,3812 s michigan ave,,,,,Y,Y,Y,Y,Y,,,,,,REAR,,,,,,,,,,,,,,,,,,,,,,,,,,,,,,,,,
2138380,7e0fb4d60a34f46bfe62ba838a8b68a8125db839b1ce6ff58abee790ed9aae0262d0baa3d11ab05902cc57bedd9a3d4418410afd6b8fd3eff0840d84bc34ce65,08/28/2025 02:30:00 AM,1,DRIVER,,2038471,,UNKNOWN,OTHER (EXPLAIN IN NARRATIVE),IL,,UNKNOWN,UNKNOWN/NA,UNKNOWN/NA,S,UNKNOWN/NA,,,1,,,,,,,,,,,,,,,,,Y,UNKNOWN,,,,,,,,,,,,,,,,,,,,,,,,,,,,,,,,,
2138381,7e0fb4d60a34f46bfe62ba838a8b68a8125db839b1ce6ff58abee790ed9aae0262d0baa3d11ab05902cc57bedd9a3d4418410afd6b8fd3eff0840d84bc34ce65,08/28/2025 02:30:00 AM,2,PARKED,,2038472,,CHEVROLET,EQUINOX,IL,2019,UNKNOWN,OTHER,UNKNOWN/NA,S,PARKED,Y,,0,,ALLSTATE PRIVATE TOW,,,,,,,Y,Y,Y,Y,,,Y,,,REAR-LEFT-CORNER,,,,,,,,,,,,,,,,,,,,,,,,,,,,,,,,,
2138382,7e0fb4d60a34f46bfe62ba838a8b68a8125db839b1ce6ff58abee790ed9aae0262d0baa3d11ab05902cc57bedd9a3d4418410afd6b8fd3eff0840d84bc34ce65,08/28/2025 02:30:00 AM,3,PARKED,,2038473,,DODGE,DURANGO,IL,1999,UNKNOWN,UNKNOWN/NA,UNKNOWN/NA,S,PARKED,,,0,,,,,,,,,,,,,Y,,,,,SIDE-LEFT,,,,,,,,,,,,,,,,,,,,,,,,,,,,,,,,,
2138704,80d86dff071727edb05121cf9d3ff1ea35107ab5881d81c58070156caa5601c7e5951a815df1389d3526556361ad17dd1329659bf8d2dfb8f548a85765f6de3b,08/28/2025 02:00:00 AM,1,DRIVER,,2038772,,LAND ROVER,RANGE ROVER (EVOQUE / SPORT / VELAR),IL,2018,NONE,PASSENGER,PERSONAL,W,STRAIGHT AHEAD,,,1,,,,,Y,Y,,,,,,,,,,Y,,FRONT-RIGHT-CORNER,,,,,,,,,,,,,,,,,,,,,,,,,,,,,,,,,
2138705,80d86dff071727edb05121cf9d3ff1ea35107ab5881d81c58070156caa5601c7e5951a815df1389d3526556361ad17dd1329659bf8d2dfb8f548a85765f6de3b,08/28/2025 02:00:00 AM,2,PARKED,,2038776,,UNKNOWN,ENCLOSED BODY,,,UNKNOWN,PASSENGER,NOT IN USE,W,PARKED,,,0,,,,,,,,,,Y,Y,,,,,,,SIDE-LEFT-REAR,,,,,,,,,,,,,,,,,,,,,,,,,,,,,,,,,
2138393,ea051f6dfe54c2e0b4e677d51882e9d5a1d278659fd1ad647e989d36710aa0cab32d986b69d8da1f76cecf9702308fae92c1d115246a72f861650e87e876ad87,08/28/2025 02:00:00 AM,1,DRIVER,,2038482,,UNKNOWN,MOTORIZED,,,UNKNOWN,UNKNOWN/NA,UNKNOWN/NA,UNKNOWN,UNKNOWN/NA,,,1,,,,,,,,,,,,,,,,,Y,UNKNOWN,,,,,,,,,,,,,,,,,,,,,,,,,,,,,,,,,
2138394,ea051f6dfe54c2e0b4e677d51882e9d5a1d278659fd1ad647e989d36710aa0cab32d986b69d8da1f76cecf9702308fae92c1d115246a72f861650e87e876ad87,08/28/2025 02:00:00 AM,2,PARKED,,2038485,,CHEVROLET,TRAVERSE,IL,2013,NONE,PASSENGER,PERSONAL,N,PARKED,,,0,,,,,,,,,,,Y,Y,Y,Y,Y,,N,SIDE-LEFT,,,,,,,,,,,,,,,,,,,,,,,,,,,,,,,,,
2138376,f214ce06e2fc59d1c70124b8da85e00a4c0d4e42c9cc567e44d3737f1f127ac7b852c8312bad50084dbc75cdfc1bcfde1c430c82e2243664294af4872ad0847f,08/28/2025 01:25:00 AM,1,DRIVER,,2038467,,JEEP,CHEROKEE,IL,2014,OTHER,PASSENGER,PERSONAL,N,STRAIGHT AHEAD,Y,,1,,unknown,unknown,,Y,Y,,,,,,,,Y,Y,Y,,FRONT,,,,,,,,,,,,,,,,,,,,,,,,,,,,,,,,,
2138377,f214ce06e2fc59d1c70124b8da85e00a4c0d4e42c9cc567e44d3737f1f127ac7b852c8312bad50084dbc75cdfc1bcfde1c430c82e2243664294af4872ad0847f,08/28/2025 01:25:00 AM,2,DRIVER,,2038470,,HONDA,CIVIC,IL,2013,NONE,PASSENGER,PERSONAL,N,STRAIGHT AHEAD,Y,,1,,unknown,unknown,,,,,,Y,Y,Y,Y,,,,,,REAR,,,,,,,,,,,,,,,,,,,,,,,,,,,,,,,,,
2138378,d312a84b3764231c0cd4efd296a63a3e7313cc06a76e3f28e43d0a94adf9001d93d4bf4335aa6a28af8209b0c35a82680d70bbeb8fb6779bc6d198a2b78de0c6,08/28/2025 01:23:00 AM,1,DRIVER,1,2038466,,FORD,ESCAPE,IN,2017,UNKNOWN,PASSENGER,PERSONAL,E,TURNING LEFT,Y,,2,,PRIVATE TOW,,,Y,,,,,,,,,Y,Y,Y,,FRONT-LEFT-CORNER,,,,,,,,,,,,,,,,,,,,,,,,,,,,,,,,,
2138379,d312a84b3764231c0cd4efd296a63a3e7313cc06a76e3f28e43d0a94adf9001d93d4bf4335aa6a28af8209b0c35a82680d70bbeb8fb6779bc6d198a2b78de0c6,08/28/2025 01:23:00 AM,2,DRIVER,,2038468,,TOYOTA,COROLLA,IL,2014,UNKNOWN,PASSENGER,RIDESHARE SERVICE,N,STRAIGHT AHEAD,,,1,,,,,N,N,,,,,,,Y,Y,Y,,,FRONT-LEFT-CORNER,,,,,,,,,,,,,,,,,,,,,,,,,,,,,,,,,
2138367,1ffe4f26fc99b1bc3e986e0255037024e8ffb3dd6b6ac2577f8e6f9dce838d1d0b32c018a8ab382f132dd70cd79a44420189204fb602201f7298f4a773c448ed,08/28/2025 12:50:00 AM,1,DRIVER,,2038455,,TOYOTA,PRIUS,IL,2014,NONE,PASSENGER,TAXI/FOR HIRE,W,STRAIGHT AHEAD,,,1,,,,,,,,,,,,,,,N,,,FRONT-LEFT-CORNER,,,,,,,,,,,,,,,,,,,,,,,,,,,,,,,,,
2138368,1ffe4f26fc99b1bc3e986e0255037024e8ffb3dd6b6ac2577f8e6f9dce838d1d0b32c018a8ab382f132dd70cd79a44420189204fb602201f7298f4a773c448ed,08/28/2025 12:50:00 AM,2,PARKED,1,2038457,,TOYOTA,CAMRY,IL,2014,NONE,PASSENGER,TAXI/FOR HIRE,SE,PARKED,,,1,,,,,,,,,Y,Y,Y,,,,,,,REAR,,,,,,,,,,,,,,,,,,,,,,,,,,,,,,,,,
2138593,72d20c70a0acdf064f96ff9e0f2e0260cc29525efec71be3549a4fdad57f34636b3e03556847bc0fb56b06fecd5c5a6f42b838a5b706f29d45be813478da65ab,08/28/2025 12:45:00 AM,1,DRIVER,,2038668,,MERCEDES-BENZ,OTHER (EXPLAIN IN NARRATIVE),XX,,UNKNOWN,PASSENGER,UNKNOWN/NA,S,STRAIGHT AHEAD,,,1,,,,,Y,Y,,,,,,,,,,Y,,SIDE-RIGHT-FRONT,,,,,,,,,,,,,,,,,,,,,,,,,,,,,,,,,
2138594,72d20c70a0acdf064f96ff9e0f2e0260cc29525efec71be3549a4fdad57f34636b3e03556847bc0fb56b06fecd5c5a6f42b838a5b706f29d45be813478da65ab,08/28/2025 12:45:00 AM,2,PARKED,,2038682,,LINCOLN,MKX,IL,2016,UNKNOWN,PASSENGER,PERSONAL,S,PARKED,,,0,,,,,,,,,,Y,Y,Y,,,,,,SIDE-LEFT-REAR,,,,,,,,,,,,,,,,,,,,,,,,,,,,,,,,,
2138375,38c952194544de321ed373b7094ebedf1ecfdbdf28f25e1dee69d1fee69feeded9bcab8b0a0031fa486d45dabf4796623d86c4021d85ab35e3ab3430ebd84658,08/28/2025 12:43:00 AM,1,DRIVER,3,2038462,,NISSAN,ROGUE,IN,2020,UNKNOWN,SPORT UTILITY VEHICLE (SUV),PERSONAL,N,TURNING RIGHT,Y,,4,,city of chicago,,,,,,,,,,,,Y,Y,,,FRONT-LEFT-CORNER,,,,,,,,,,,,,,,,,,,,,,,,,,,,,,,,,
2138369,fb66ac0e89510d84a84f68014e7af71c74eb59ba9b9770359a3230ea61128381f9dc2dc2824ca7481e398cf6a59c56486d2d17e0d05b14ad99f806e61679e5f5,08/28/2025 12:24:00 AM,1,DRIVER,,2038456,,TOYOTA,YARIS,IL,2009,NONE,PASSENGER,PERSONAL,S,STRAIGHT AHEAD,Y,,1,,E&R,DOTY,,Y,,,,,,,,,,Y,Y,,FRONT,,,,,,,,,,,,,,,,,,,,,,,,,,,,,,,,,
2138370,fb66ac0e89510d84a84f68014e7af71c74eb59ba9b9770359a3230ea61128381f9dc2dc2824ca7481e398cf6a59c56486d2d17e0d05b14ad99f806e61679e5f5,08/28/2025 12:24:00 AM,2,PARKED,,2038458,,HONDA,CR-V,IL,2009,NONE,PASSENGER,PERSONAL,S,PARKED,,,0,,,,Y,,,,,,,,Y,Y,Y,,,,SIDE-LEFT,,,,,,,,,,,,,,,,,,,,,,,,,,,,,,,,,
2138371,fb66ac0e89510d84a84f68014e7af71c74eb59ba9b9770359a3230ea61128381f9dc2dc2824ca7481e398cf6a59c56486d2d17e0d05b14ad99f806e61679e5f5,08/28/2025 12:24:00 AM,3,PARKED,,2038460,,CHEVROLET,VAN,IL,2014,NONE,PASSENGER,PERSONAL,S,PARKED,,,0,,,,,,,,,Y,,,,,,,,,REAR,,,,,,,,,,,,,,,,,,,,,,,,,,,,,,,,,
2138357,f1b23b4df7e209fa3ff8a9c10264f0d5ebc74e45f193ea539069e74c3205bd9e1bbde344890416662b8159a03f2435d49263efdb5ad179c8033c35722bc40fbe,08/28/2025 12:01:00 AM,1,DRIVER,,2038439,,JEEP,GRAND CHEROKEE,IL,2006,UNKNOWN,PASSENGER,UNKNOWN/NA,E,STRAIGHT AHEAD,,,1,,,,,Y,,,,,,,,,,Y,Y,,FRONT,,,,,,,,,,,,,,,,,,,,,,,,,,,,,,,,,
2138358,f1b23b4df7e209fa3ff8a9c10264f0d5ebc74e45f193ea539069e74c3205bd9e1bbde344890416662b8159a03f2435d49263efdb5ad179c8033c35722bc40fbe,08/28/2025 12:01:00 AM,2,DRIVER,,2038441,,CHEVROLET,TRAIL BLAZER,IL,2024,NONE,PASSENGER,PERSONAL,E,SLOW/STOP IN TRAFFIC,,,1,,,,,Y,,,,,,,,,,Y,Y,,FRONT,,,,,,,,,,,,,,,,,,,,,,,,,,,,,,,,,
2138584,885618e8f94848d4bed9d7d07bf82a22f73547ec4ec367155875316b843a3301d2c7ef3261f3ef49f6dcd0d54abc2b13057cd8c2cf212b2f79599e925fb75a7d,08/28/2025 12:00:00 AM,1,DRIVER,,2038657,,UNKNOWN,OTHER (EXPLAIN IN NARRATIVE),XX,,UNKNOWN,UNKNOWN/NA,UNKNOWN/NA,UNKNOWN,UNKNOWN/NA,,,1,,,,,,,,,,,,,,,,,Y,UNKNOWN,,,,,,,,,,,,,,,,,,,,,,,,,,,,,,,,,
2138585,885618e8f94848d4bed9d7d07bf82a22f73547ec4ec367155875316b843a3301d2c7ef3261f3ef49f6dcd0d54abc2b13057cd8c2cf212b2f79599e925fb75a7d,08/28/2025 12:00:00 AM,2,PARKED,,2038661,,NISSAN,KICKS,IL,2021,NONE,PASSENGER,PERSONAL,E,PARKED,,,0,,,,,Y,,,,,,,,,,Y,Y,Y,FRONT,,,,,,,,,,,,,,,,,,,,,,,,,,,,,,,,,
2138353,e75c11cbb8a08faa44e6c6618a81123c2f9cfc001b421307e3f3b87352b0b8e55430f51c92b30862d9d840ed5dd054fcdb7d04f1c0573160b63f7b05eb150b5f,08/27/2025 11:58:00 PM,1,DRIVER,,2038436,,JEEP,PATRIOT,IL,2010,NONE,SPORT UTILITY VEHICLE (SUV),PERSONAL,S,UNKNOWN/NA,,,1,,,,,Y,Y,,,,,,,,,Y,Y,Y,REAR-RIGHT-CORNER,,,,,,,,,,,,,,,,,,,,,,,,,,,,,,,,,
2138354,e75c11cbb8a08faa44e6c6618a81123c2f9cfc001b421307e3f3b87352b0b8e55430f51c92b30862d9d840ed5dd054fcdb7d04f1c0573160b63f7b05eb150b5f,08/27/2025 11:58:00 PM,2,PARKED,,2038438,,HONDA,ODYSSEY,IL,2020,NONE,VAN/MINI-VAN,PERSONAL,UNKNOWN,PARKED,,,0,,,,,,,,,Y,Y,Y,,,,,,Y,REAR,,,,,,,,,,,,,,,,,,,,,,,,,,,,,,,,,
2138363,292efaa1e4d5095147b028240ad5ecd7766fb51c48131e5a62d26bf186e61ac46b28c21a8ebd3e819cb5ece59a60fdff0fec5067852d213527d6cdaace3528a6,08/27/2025 11:33:00 PM,1,DRIVER,,2038450,,TOYOTA,PRIUS,IL,2013,UNKNOWN,PASSENGER,TAXI/FOR HIRE,N,STRAIGHT AHEAD,,,1,,,,,,,,,,,,,,Y,Y,,,SIDE-LEFT-FRONT,,,,,,,,,,,,,,,,,,,,,,,,,,,,,,,,,
2138364,292efaa1e4d5095147b028240ad5ecd7766fb51c48131e5a62d26bf186e61ac46b28c21a8ebd3e819cb5ece59a60fdff0fec5067852d213527d6cdaace3528a6,08/27/2025 11:33:00 PM,2,DRIVER,,2038452,,UNKNOWN,MOTORIZED,IL,,UNKNOWN,MOTORCYCLE (OVER 150CC),UNKNOWN/NA,W,STRAIGHT AHEAD,,,1,,,,,Y,,,,,,,,,,Y,Y,,FRONT,,,,,,,,,,,,,,,,,,,,,,,,,,,,,,,,,
2138349,4bb67b8483150e782804d5460598da5ab4f47bd66944d37a62884813f356df1d4243ab7c8627973e644a1529b1ea72d90fa437d7bc77e97fbf9d94004168b305,08/27/2025 11:30:00 PM,1,DRIVER,,2038433,,UNKNOWN,MOTORIZED,,,UNKNOWN,UNKNOWN/NA,UNKNOWN/NA,S,TURNING RIGHT,,,1,,,,,,,,,,,,,,,,,,UNKNOWN,,,,,,,,,,,,,,,,,,,,,,,,,,,,,,,,,
2138350,4bb67b8483150e782804d5460598da5ab4f47bd66944d37a62884813f356df1d4243ab7c8627973e644a1529b1ea72d90fa437d7bc77e97fbf9d94004168b305,08/27/2025 11:30:00 PM,2,DRIVER,,2038429,,HONDA,CIVIC,IL,2024,UNKNOWN,PASSENGER,UNKNOWN/NA,S,STRAIGHT AHEAD,Y,,1,,PRIVATE TOWING,,,N,,,,,,,,,Y,Y,Y,,FRONT-LEFT-CORNER,,,,,,,,,,,,,,,,,,,,,,,,,,,,,,,,,
2138372,f87cd28a4094560794529d1b9a24e3d119a175f758d17bf88aa12d12fb1a6ecb42449182ddb975477db85e9543cf5ae54eb0d55ec5c51aff2805f5329b7c576e,08/27/2025 11:16:00 PM,1,DRIVER,,2038461,,TOYOTA,SIENNA,IL,2024,UNKNOWN,VAN/MINI-VAN,UNKNOWN/NA,S,DRIVING WRONG WAY,Y,,1,,city tow,POUND 2,,,,,,,,,,,Y,Y,Y,,FRONT-LEFT-CORNER,,,,,,,,,,,,,,,,,,,,,,,,,,,,,,,,,
2138373,f87cd28a4094560794529d1b9a24e3d119a175f758d17bf88aa12d12fb1a6ecb42449182ddb975477db85e9543cf5ae54eb0d55ec5c51aff2805f5329b7c576e,08/27/2025 11:16:00 PM,2,PARKED,,2038463,,BMW,X5,IL,2024,NONE,PASSENGER,UNKNOWN/NA,N,PARKED,,,0,,,,,,,,,,,,,,Y,Y,,,FRONT-LEFT-CORNER,,,,,,,,,,,,,,,,,,,,,,,,,,,,,,,,,
2138374,f87cd28a4094560794529d1b9a24e3d119a175f758d17bf88aa12d12fb1a6ecb42449182ddb975477db85e9543cf5ae54eb0d55ec5c51aff2805f5329b7c576e,08/27/2025 11:16:00 PM,3,PARKED,,2038464,,CHEVROLET,IMPALA,IL,2015,NONE,PASSENGER,PERSONAL,N,PARKED,,,0,,,,,,,,,,,,,,Y,Y,Y,,FRONT-LEFT-CORNER,,,,,,,,,,,,,,,,,,,,,,,,,,,,,,,,,
2138343,a6c20373adcb84932733709af791475bd4365dac35450ba3ea3ff697e805eb9456b0b1503c8965ee85d9a0683e07c3fab430661efb270e36ccbf27de63a41e5f,08/27/2025 11:00:00 PM,1,DRIVER,,2038423,,NISSAN,SENTRA,IL,2025,NONE,PASSENGER,PERSONAL,S,PASSING/OVERTAKING,,,1,,,,,Y,,,,,,,,,,Y,Y,,FRONT,,,,,,,,,,,,,,,,,,,,,,,,,,,,,,,,,
2138344,a6c20373adcb84932733709af791475bd4365dac35450ba3ea3ff697e805eb9456b0b1503c8965ee85d9a0683e07c3fab430661efb270e36ccbf27de63a41e5f,08/27/2025 11:00:00 PM,2,DRIVER,,2038431,,TOYOTA,CAMRY,IL,2016,NONE,PASSENGER,DRIVER EDUCATION,W,STRAIGHT AHEAD,,,1,,,,,Y,Y,Y,Y,Y,,,,,,,,,SIDE-RIGHT,,,,,,,,,,,,,,,,,,,,,,,,,,,,,,,,,
2138347,ba16d7073e2722e077797fc2fe456f972d5775aecfa21ca07dce614e0fb1bc9c72ce9c4401a0d72ccb47661556bf21448877e68097fa6d1ac7707b43906abd09,08/27/2025 11:00:00 PM,1,DRIVER,1,2038430,,TOYOTA,CAMRY,IL,2012,UNKNOWN,PASSENGER,PERSONAL,N,TURNING RIGHT,,,2,,,,,,,,,,,,,,Y,Y,Y,,FRONT-LEFT-CORNER,,,,,,,,,,,,,,,,,,,,,,,,,,,,,,,,,
2138348,ba16d7073e2722e077797fc2fe456f972d5775aecfa21ca07dce614e0fb1bc9c72ce9c4401a0d72ccb47661556bf21448877e68097fa6d1ac7707b43906abd09,08/27/2025 11:00:00 PM,2,DRIVER,,2038435,,HYUNDAI,ELANTRA,IL,2021,UNKNOWN,PASSENGER,PERSONAL,W,TURNING LEFT,,,1,,,,,,,,,,,Y,Y,,,,,,REAR-LEFT-CORNER,,,,,,,,,,,,,,,,,,,,,,,,,,,,,,,,,
2138359,e85abfd550b93d681815ad8aff7b6e41fac3c651179f252dcac8ab19748f6a498a0cf48d424102d72a951985cfb06bfb585a89b5c163e8c259619a7bbb9cadbe,08/27/2025 11:00:00 PM,1,DRIVER,,2038443,,HONDA,CIVIC,IL,2023,UNKNOWN,PASSENGER,UNKNOWN/NA,N,STRAIGHT AHEAD,,,1,,,,,Y,Y,,Y,,,,,,,,,,SIDE-RIGHT,,,,,,,,,,,,,,,,,,,,,,,,,,,,,,,,,
2138360,e85abfd550b93d681815ad8aff7b6e41fac3c651179f252dcac8ab19748f6a498a0cf48d424102d72a951985cfb06bfb585a89b5c163e8c259619a7bbb9cadbe,08/27/2025 11:00:00 PM,2,PARKED,,2038444,,NISSAN,ALTIMA,CO,2019,UNKNOWN,PASSENGER,PERSONAL,N,PARKED,,,0,,,,,,,,,,Y,Y,Y,N,,,,,REAR-LEFT-CORNER,,,,,,,,,,,,,,,,,,,,,,,,,,,,,,,,,
2138339,3a5b65d0a6e708c63c61ee6c0431f4dbcaad8c574c21377757b6ac18758279522c57270faf6243492991dda8d84b1d700488846f7407ec839d8eb17482687327,08/27/2025 10:05:00 PM,1,DRIVER,,2038422,,DODGE,DURANGO,IN,2023,NONE,SPORT UTILITY VEHICLE (SUV),POLICE,W,STRAIGHT AHEAD,,,1,,,,,Y,Y,,,,,,,,,,,,FRONT-RIGHT-CORNER,,,,,,,,,,,,,,,,,,,,,,,,,,,,,,,,,
2138340,3a5b65d0a6e708c63c61ee6c0431f4dbcaad8c574c21377757b6ac18758279522c57270faf6243492991dda8d84b1d700488846f7407ec839d8eb17482687327,08/27/2025 10:05:00 PM,2,DRIVER,,2038427,,HONDA,CR-V,IL,2004,NONE,PASSENGER,PERSONAL,W,STRAIGHT AHEAD,,,1,,,,,,,,,,,,,,Y,Y,,,FRONT-LEFT-CORNER,,,,,,,,,,,,,,,,,,,,,,,,,,,,,,,,,
2138361,735794b970fdea43b90b60a4d889825228767fceb66b4fd41e6d020fc7e866e5073b9ff40a95f5ed61a5f35e6735c14331895d63960553724f274487e80bcc61,08/27/2025 10:01:00 PM,1,DRIVER,1,2038451,,MERCEDES-BENZ,CLA,IL,2023,UNKNOWN,PASSENGER,PERSONAL,UNKNOWN,OTHER,,,2,,,,,,,,,,,,,,,,,Y,UNKNOWN,,,,,,,,,,,,,,,,,,,,,,,,,,,,,,,,,
2138362,735794b970fdea43b90b60a4d889825228767fceb66b4fd41e6d020fc7e866e5073b9ff40a95f5ed61a5f35e6735c14331895d63960553724f274487e80bcc61,08/27/2025 10:01:00 PM,2,PARKED,,2038454,,TOYOTA,CAMRY,IL,2020,UNKNOWN,PASSENGER,PERSONAL,UNKNOWN,PARKED,,,0,,,,,,Y,Y,Y,,,,,,,,,,SIDE-RIGHT,,,,,,,,,,,,,,,,,,,,,,,,,,,,,,,,,
2138669,f21f09a3d45bde24ddbf603174555f527942507394cc4be8801907637934e7fbe5e2b77cda057e94648db4f727986464e4a8194862bd3d1be4f0716f0ce1cc74,08/27/2025 10:00:00 PM,1,DRIVER,,2038728,,UNKNOWN,OTHER (EXPLAIN IN NARRATIVE),IL,,UNKNOWN,TRACTOR W/ SEMI-TRAILER,UNKNOWN/NA,S,UNKNOWN/NA,,,1,,,,,,,,,,,,,,,,,Y,FRONT,,,,,,,,,,,,,,,,,,,,,,,,,,,,,,,,,
2138670,f21f09a3d45bde24ddbf603174555f527942507394cc4be8801907637934e7fbe5e2b77cda057e94648db4f727986464e4a8194862bd3d1be4f0716f0ce1cc74,08/27/2025 10:00:00 PM,2,DRIVER,,2038733,,TOYOTA,SEQUOIA,IL,2004,UNKNOWN,PASSENGER,PERSONAL,S,STRAIGHT AHEAD,Y,,1,,UNKNOWN,UNKNOWN,,Y,,,,Y,Y,Y,,,,Y,Y,Y,REAR-LEFT-CORNER,,,,,,,,,,,,,,,,,,,,,,,,,,,,,,,,,
2138313,a399ace68f131fbbb92a1d2c43ff5ede54ce16a6d8cd83e1e7a85b024f485256280f80b66e0b8880ab5e85db3e899d57299d92885f5043d662383ed9ecf558a8,08/27/2025 09:45:00 PM,1,DRIVER,,2038390,,SUBARU,CROSSTREK,IL,2024,NONE,PASSENGER,PERSONAL,S,STRAIGHT AHEAD,,,1,,,,,,,,,,,,,Y,Y,Y,,,FRONT-LEFT-CORNER,,,,,,,,,,,,,,,,,,,,,,,,,,,,,,,,,
2138314,a399ace68f131fbbb92a1d2c43ff5ede54ce16a6d8cd83e1e7a85b024f485256280f80b66e0b8880ab5e85db3e899d57299d92885f5043d662383ed9ecf558a8,08/27/2025 09:45:00 PM,2,DRIVER,,2038396,,LINCOLN,NAUTILUS,IL,2023,NONE,PASSENGER,PERSONAL,S,STRAIGHT AHEAD,,,1,,,,,Y,Y,Y,Y,Y,,,,,,,,,SIDE-RIGHT,,,,,,,,,,,,,,,,,,,,,,,,,,,,,,,,,
2138355,0d0001ca1ab856c7770bd2a812faed9fdd33dd12f6e51f4d358fa16cd0bd49dc38a01db9cf08445dc58d2d6bfdc567d471b693239a5ee8ab90d80aa2c6883073,08/27/2025 09:40:00 PM,1,DRIVER,,2038440,,NISSAN,SENTRA,IN,2017,UNKNOWN,PASSENGER,PERSONAL,S,TURNING LEFT,Y,,1,,PRIVATE,PRIVATE,,Y,Y,Y,,,,,,,,Y,Y,,FRONT-RIGHT-CORNER,,,,,,,,,,,,,,,,,,,,,,,,,,,,,,,,,
2138356,0d0001ca1ab856c7770bd2a812faed9fdd33dd12f6e51f4d358fa16cd0bd49dc38a01db9cf08445dc58d2d6bfdc567d471b693239a5ee8ab90d80aa2c6883073,08/27/2025 09:40:00 PM,2,DRIVER,,2038442,,CADILLAC,CTS,IL,2003,UNKNOWN,PASSENGER,PERSONAL,N,STRAIGHT AHEAD,Y,,1,,PRIVATE,PRIVATE,,Y,Y,,,,,,,,,Y,Y,,FRONT,,,,,,,,,,,,,,,,,,,,,,,,,,,,,,,,,
2138586,4d564567c27e2dae5154d5a180a4d85c906048ba87a89e5dbf094fe0919dcc46291cd6b1cd375fec64c279c43b74a567504d63dea10da2e3e7a3063f0e45891b,08/27/2025 09:30:00 PM,1,DRIVER,,2038658,,UNKNOWN,OTHER (EXPLAIN IN NARRATIVE),IL,,UNKNOWN,UNKNOWN/NA,UNKNOWN/NA,UNKNOWN,UNKNOWN/NA,,,1,,,,,,,,,,,,,,,,,Y,UNKNOWN,,,,,,,,,,,,,,,,,,,,,,,,,,,,,,,,,
2138587,4d564567c27e2dae5154d5a180a4d85c906048ba87a89e5dbf094fe0919dcc46291cd6b1cd375fec64c279c43b74a567504d63dea10da2e3e7a3063f0e45891b,08/27/2025 09:30:00 PM,2,PARKED,,2038660,,HONDA,ACCORD,IL,2010,NONE,PASSENGER,NOT IN USE,N,PARKED,Y,,0,,owner,unnown location,,,,,,,,Y,Y,Y,,,,,SIDE-LEFT-REAR,,,,,,,,,,,,,,,,,,,,,,,,,,,,,,,,,