CRASH_UNIT_ID,CRASH_RECORD_ID,CRASH_DATE,UNIT_NO,UNIT_TYPE,NUM_PASSENGERS,VEHICLE_ID,CMRC_VEH_I,MAKE,MODEL,LIC_PLATE_STATE,VEHICLE_YEAR,VEHICLE_DEFECT,VEHICLE_TYPE,VEHICLE_USE,TRAVEL_DIRECTION,MANEUVER,TOWED_I,FIRE_I,OCCUPANT_CNT,EXCEED_SPEED_LIMIT_I,TOWED_BY,TOWED_TO,AREA_00_I,AREA_01_I,AREA_02_I,AREA_03_I,AREA_04_I,AREA_05_I,AREA_06_I,AREA_07_I,AREA_08_I,AREA_09_I,AREA_10_I,AREA_11_I,AREA_12_I,AREA_99_I,FIRST_CONTACT_POINT,CMV_ID,USDOT_NO,CCMC_NO,ILCC_NO,COMMERCIAL_SRC,GVWR,CARRIER_NAME,CARRIER_STATE,CARRIER_CITY,HAZMAT_PLACARDS_I,HAZMAT_NAME,UN_NO,HAZMAT_PRESENT_I,HAZMAT_REPORT_I,HAZMAT_REPORT_NO,MCS_REPORT_I,MCS_REPORT_NO,HAZMAT_VIO_CAUSE_CRASH_I,MCS_VIO_CAUSE_CRASH_I,IDOT_PERMIT_NO,WIDE_LOAD_I,TRAILER1_WIDTH,TRAILER2_WIDTH,TRAILER1_LENGTH,TRAILER2_LENGTH,TOTAL_VEHICLE_LENGTH,AXLE_CNT,VEHICLE_CONFIG,CARGO_BODY_TYPE,LOAD_TYPE,HAZMAT_OUT_OF_SERVICE_I,MCS_OUT_OF_SERVICE_I,HAZMAT_CLASS
2138321,117891103ad1dce9fd3eaedf8d198d549d77e0ba1e702172ca8949107bc7b910bd26a4bdf78b4e96a8c37c56be92c7f8aef2494b675fd78ecb346823e91262e8,08/27/2025 09:28:00 PM,1,DRIVER,,2038399,,INTERNATIONAL TRAILER CORPORATION,OTHER (EXPLAIN IN NARRATIVE),OK,2018,NONE,OTHER,OTHER,SE,TURNING RIGHT,,,1,,,,,Y,Y,Y,,,,,,,,,,,SIDE-RIGHT,,,,,,,,,,,,,,,,,,,,,,,,,,,,,,,,,
2138322,117891103ad1dce9fd3eaedf8d198d549d77e0ba1e702172ca8949107bc7b910bd26a4bdf78b4e96a8c37c56be92c7f8aef2494b675fd78ecb346823e91262e8,08/27/2025 09:28:00 PM,2,DRIVER,1,2038402,,HONDA,CIVIC,IL,2913,NONE,PASSENGER,PERSONAL,SE,TURNING RIGHT,,,2,,,,,,,,,,,,,Y,Y,Y,,,SIDE-LEFT,,,,,,,,,,,,,,,,,,,,,,,,,,,,,,,,,
2138325,59b4db26470f9b8376d61571dd05504f80428f6683cc3464dc484a60c1172141866ead4d0d169b85a52252904856ce5c8afb8fb6662329c0b75576309a415aa2,08/27/2025 09:23:00 PM,1,DRIVER,1,2038404,,DODGE,CHARGER,IL,2014,UNKNOWN,PASSENGER,PERSONAL,N,STRAIGHT AHEAD,,,2,,,,,,,,,,Y,Y,Y,Y,,,,,SIDE-RIGHT-REAR,,,,,,,,,,,,,,,,,,,,,,,,,,,,,,,,,
2138326,59b4db26470f9b8376d61571dd05504f80428f6683cc3464dc484a60c1172141866ead4d0d169b85a52252904856ce5c8afb8fb6662329c0b75576309a415aa2,08/27/2025 09:23:00 PM,2,DRIVER,,2038406,,CHEVROLET,EQUINOX,IL,2015,UNKNOWN,PASSENGER,PERSONAL,E,TURNING LEFT,,,1,,,,,Y,Y,,,,,,,,Y,Y,Y,,SIDE-LEFT-FRONT,,,,,,,,,,,,,,,,,,,,,,,,,,,,,,,,,
2138303,5e16420367ac7dbeb0ed07c95e2fb1bdc0d84058cf94d8ad4e5dbdc7d6573d902c4aaf1a3332d79e4b89086be5fcbbc8e9c2d50e1ffc628de69796853c36f5cc,08/27/2025 09:20:00 PM,1,DRIVER,,2038382,,CHEVROLET,IMPALA,,,UNKNOWN,PASSENGER,UNKNOWN/NA,N,TURNING RIGHT,,,1,,,,,,,,,,,,,Y,Y,Y,,,FRONT-LEFT-CORNER,,,,,,,,,,,,,,,,,,,,,,,,,,,,,,,,,
2138304,5e16420367ac7dbeb0ed07c95e2fb1bdc0d84058cf94d8ad4e5dbdc7d6573d902c4aaf1a3332d79e4b89086be5fcbbc8e9c2d50e1ffc628de69796853c36f5cc,08/27/2025 09:20:00 PM,2,DRIVER,,2038389,,TOYOTA,COROLLA,AL,2013,NONE,PASSENGER,PERSONAL,S,STRAIGHT AHEAD,,,1,,,,,,,,,,,,Y,Y,Y,Y,,,FRONT-LEFT-CORNER,,,,,,,,,,,,,,,,,,,,,,,,,,,,,,,,,
2138307,2942ed063f3d30c397e7b2eb78ced745b68e7a4791f53ccbcf12ee480647bb4529bb54887e35583348d6a010e216b7d9014646e082c9d5f3f0dbb484d8f31255,08/27/2025 09:15:00 PM,1,DRIVER,,2038388,,UNKNOWN,ENCLOSED BODY,IL,,UNKNOWN,PASSENGER,UNKNOWN/NA,S,UNKNOWN/NA,,,1,,,,,Y,,,,,,,,,,Y,Y,,FRONT,,,,,,,,,,,,,,,,,,,,,,,,,,,,,,,,,
2138308,2942ed063f3d30c397e7b2eb78ced745b68e7a4791f53ccbcf12ee480647bb4529bb54887e35583348d6a010e216b7d9014646e082c9d5f3f0dbb484d8f31255,08/27/2025 09:15:00 PM,2,DRIVER,1,2038391,,TESLA,MODEL 3,IL,2022,UNKNOWN,PASSENGER,PERSONAL,N,STRAIGHT AHEAD,,,2,,,,,Y,,,,,,,,,,Y,Y,,FRONT,,,,,,,,,,,,,,,,,,,,,,,,,,,,,,,,,
2139879,2e97c346f8e53e6016b7a1cbbe9d588e8ebed7b407a0f11a8feb59245391748e05026d16ec41b570ac2dee059bf81eb3ab44891e93659a319662d412dff64551,08/27/2025 09:14:00 PM,1,DRIVER,,2039867,,UNKNOWN,OTHER (EXPLAIN IN NARRATIVE),IL,,UNKNOWN,UNKNOWN/NA,UNKNOWN/NA,S,UNKNOWN/NA,,,1,,,,,,,,,,,,,,,,,,UNKNOWN,,,,,,,,,,,,,,,,,,,,,,,,,,,,,,,,,
2139880,2e97c346f8e53e6016b7a1cbbe9d588e8ebed7b407a0f11a8feb59245391748e05026d16ec41b570ac2dee059bf81eb3ab44891e93659a319662d412dff64551,08/27/2025 09:14:00 PM,2,DRIVER,2,2039868,,CHEVROLET,BOLT,IL,2023,UNKNOWN,PASSENGER,RIDESHARE SERVICE,S,OTHER,,,3,,,,,,,,,,,,,,,,,,REAR,,,,,,,,,,,,,,,,,,,,,,,,,,,,,,,,,
2138317,674560ddd81408075fdbef88e02a002ff5b3b1d40773e14e3813845960c71c705819019871188d5a861bb14d27e57d9b2f008be86369b50484df24773ee5a775,08/27/2025 09:05:00 PM,1,DRIVER,,2038407,,CHEVROLET,SUBURBAN,IL,2018,NONE,PASSENGER,PERSONAL,E,CHANGING LANES,,,1,,,,,,,,,,,,Y,,,,,,SIDE-LEFT-REAR,,,,,,,,,,,,,,,,,,,,,,,,,,,,,,,,,
2138318,674560ddd81408075fdbef88e02a002ff5b3b1d40773e14e3813845960c71c705819019871188d5a861bb14d27e57d9b2f008be86369b50484df24773ee5a775,08/27/2025 09:05:00 PM,2,DRIVER,,2038408,,BMW,X5,IL,2018,UNKNOWN,PASSENGER,PERSONAL,E,STRAIGHT AHEAD,,,1,,,,,Y,,,,,,,,,,,,,FRONT-RIGHT-CORNER,,,,,,,,,,,,,,,,,,,,,,,,,,,,,,,,,
2138337,bf85b0be4698e801e5c077164c3520fa477eff6dc733064e93185f3d3fda39355f3f32bbb3a7d481557cb9fd5e40353197c593cc9bd76074836ca717e7779739,08/27/2025 09:05:00 PM,2,PARKED,,2038421,,MERCEDES-BENZ,ML320,IL,2008,UNKNOWN,PASSENGER,PERSONAL,W,PARKED,,,0,,,,,,,,,,,Y,,,,,,,FRONT-LEFT-CORNER,,,,,,,,,,,,,,,,,,,,,,,,,,,,,,,,,
2138338,bf85b0be4698e801e5c077164c3520fa477eff6dc733064e93185f3d3fda39355f3f32bbb3a7d481557cb9fd5e40353197c593cc9bd76074836ca717e7779739,08/27/2025 09:05:00 PM,1,DRIVER,,2038426,,TOYOTA,SIENNA,IL,2005,UNKNOWN,VAN/MINI-VAN,PERSONAL,W,STRAIGHT AHEAD,,,1,,,,,Y,,,,,,,,,,,,,FRONT-RIGHT-CORNER,,,,,,,,,,,,,,,,,,,,,,,,,,,,,,,,,
2138329,f4a4a8173100599bbbbea905c8881438bf4bf3fae22a4fbd6f96aea1da0678f17457f9ae7f278caee03eda864eb0b5ddfc7886c3e8d2fab05e8700936b4635f0,08/27/2025 09:02:00 PM,1,DRIVER,,2038409,,VOLKSWAGEN,PASSAT,IL,2006,UNKNOWN,PASSENGER,PERSONAL,N,STRAIGHT AHEAD,Y,,1,,city of chicago,city pound 6,,Y,Y,,,,,,,,Y,Y,Y,,FRONT,,,,,,,,,,,,,,,,,,,,,,,,,,,,,,,,,
2138330,f4a4a8173100599bbbbea905c8881438bf4bf3fae22a4fbd6f96aea1da0678f17457f9ae7f278caee03eda864eb0b5ddfc7886c3e8d2fab05e8700936b4635f0,08/27/2025 09:02:00 PM,2,DRIVER,,2038417,,CHEVROLET,IMPALA,IL,2011,UNKNOWN,PASSENGER,PERSONAL,N,STRAIGHT AHEAD,Y,,1,,PRIVATE TOW,,,,,,,,Y,Y,,,,N,,,REAR,,,,,,,,,,,,,,,,,,,,,,,,,,,,,,,,,
2138301,19f5df4b133b7018d3c9edd1ff7263f6b6674b09d9db2d241a86eae1b00ee9bf69d63ac4b50b0470867ab61faf3976617ee0f291b95f3991278eaba311aad028,08/27/2025 09:00:00 PM,1,DRIVER,,2038393,,HYUNDAI,VENUE,IL,2023,NONE,SPORT UTILITY VEHICLE (SUV),PERSONAL,N,STRAIGHT AHEAD,,,1,,,,,,,,,,,,,,,Y,Y,,FRONT,,,,,,,,,,,,,,,,,,,,,,,,,,,,,,,,,
2138302,19f5df4b133b7018d3c9edd1ff7263f6b6674b09d9db2d241a86eae1b00ee9bf69d63ac4b50b0470867ab61faf3976617ee0f291b95f3991278eaba311aad028,08/27/2025 09:00:00 PM,2,DRIVER,1,2038383,,NISSAN,SENTRA,IL,2016,NONE,PASSENGER,PERSONAL,E,STRAIGHT AHEAD,,,2,,,,,,,Y,Y,Y,,,,,,,,,SIDE-RIGHT,,,,,,,,,,,,,,,,,,,,,,,,,,,,,,,,,
2139104,b49ec9882a867ad5bfd448854f2d7b30e37556ce7e18794c12b2a91c5e2484d1e8a7416121664a63eeff1017055e68cd3131fc462396c7c4d42fc611075f3bd7,08/27/2025 09:00:00 PM,1,DRIVER,,2039133,,UNKNOWN,OTHER (EXPLAIN IN NARRATIVE),,,UNKNOWN,UNKNOWN/NA,UNKNOWN/NA,UNKNOWN,UNKNOWN/NA,,,1,,,,,,,,,,,,,,,,,Y,UNKNOWN,,,,,,,,,,,,,,,,,,,,,,,,,,,,,,,,,
2139105,b49ec9882a867ad5bfd448854f2d7b30e37556ce7e18794c12b2a91c5e2484d1e8a7416121664a63eeff1017055e68cd3131fc462396c7c4d42fc611075f3bd7,08/27/2025 09:00:00 PM,2,PARKED,,2039132,,VOLVO,S40,IL,2010,UNKNOWN,PASSENGER,PERSONAL,N,PARKED,,,0,,,,,,,,,,Y,Y,Y,,,,,,REAR-LEFT-CORNER,,,,,,,,,,,,,,,,,,,,,,,,,,,,,,,,,
2139430,f30d8f17056c5a581c56464eb6682c6f68bf350af3271fcfbd4a53529325a9be2c17a9a5718d77a3b31cdc1f01e8acbc6b2f07046f67054b88834ebc809be113,08/27/2025 09:00:00 PM,1,DRIVER,,2039453,,TOYOTA,CAMRY,IL,2023,UNKNOWN,PASSENGER,UNKNOWN/NA,W,STRAIGHT AHEAD,,,1,,,,,Y,Y,Y,,,,,,,,,,,SIDE-RIGHT,,,,,,,,,,,,,,,,,,,,,,,,,,,,,,,,,
2139431,f30d8f17056c5a581c56464eb6682c6f68bf350af3271fcfbd4a53529325a9be2c17a9a5718d77a3b31cdc1f01e8acbc6b2f07046f67054b88834ebc809be113,08/27/2025 09:00:00 PM,2,DRIVER,1,2039464,,MITSUBISHI,OUTLANDER,IL,2015,UNKNOWN,PASSENGER,UNKNOWN/NA,S,STRAIGHT AHEAD,,,2,,,,,Y,,,,,,,,,,Y,Y,,FRONT,,,,,,,,,,,,,,,,,,,,,,,,,,,,,,,,,
2138315,ab09922c683075bc4543ef361f195fae764d95cba7a0b857db3677c9a682eb77199ef50d5fbe1f2f2cfe0d3befb3e7a4d850d2094c89f48356cebc4fff92ce04,08/27/2025 08:50:00 PM,1,DRIVER,,2038394,,TOYOTA,PRIUS,IL,2007,UNKNOWN,PASSENGER,UNKNOWN/NA,N,STRAIGHT AHEAD,,,1,,,,Y,,,,,,,,,,,,,,FRONT,,,,,,,,,,,,,,,,,,,,,,,,,,,,,,,,,
2138316,ab09922c683075bc4543ef361f195fae764d95cba7a0b857db3677c9a682eb77199ef50d5fbe1f2f2cfe0d3befb3e7a4d850d2094c89f48356cebc4fff92ce04,08/27/2025 08:50:00 PM,2,DRIVER,,2038401,,CHEVROLET,EQUINOX,IL,2025,UNKNOWN,SPORT UTILITY VEHICLE (SUV),PERSONAL,N,SLOW/STOP IN TRAFFIC,,,1,,,,,,,,,,Y,,,,,,,,REAR,,,,,,,,,,,,,,,,,,,,,,,,,,,,,,,,,
2139006,9bfd8e888b6e2ca9f88f4f8ce82efadb5fc35a996025211ad0e0dc9110dc82254d4b8c1acf4454123b882e0e600da177da19d80cc6aeb4ca8bc2dc7f8b11f7ad,08/27/2025 08:43:00 PM,1,DRIVER,,2039040,,SUBARU,FORESTER,IL,2025,NONE,PASSENGER,PERSONAL,N,STRAIGHT AHEAD,,,1,,,,,,,,,Y,,,,,,,,,SIDE-RIGHT-REAR,,,,,,,,,,,,,,,,,,,,,,,,,,,,,,,,,
2139007,9bfd8e888b6e2ca9f88f4f8ce82efadb5fc35a996025211ad0e0dc9110dc82254d4b8c1acf4454123b882e0e600da177da19d80cc6aeb4ca8bc2dc7f8b11f7ad,08/27/2025 08:43:00 PM,2,DRIVER,,2039041,,AUDI,Q7,IL,2010,UNKNOWN,PASSENGER,PERSONAL,W,STRAIGHT AHEAD,,,1,,,,,,,,,,,,,,,,Y,,FRONT,,,,,,,,,,,,,,,,,,,,,,,,,,,,,,,,,
2138309,f08ffdbcfe76697eda119afd4bc213d0b083b6354855ba1ec3cf8a23d94476811d832a0b49f9bc700a3e68c88c8339904035ddfca0c811b739887f9584ad7d8c,08/27/2025 08:40:00 PM,1,DRIVER,,2038387,,UNKNOWN,OTHER (EXPLAIN IN NARRATIVE),,,UNKNOWN,UNKNOWN/NA,UNKNOWN/NA,UNKNOWN,UNKNOWN/NA,,,1,,,,,,,,,,,,,,,,,,UNKNOWN,,,,,,,,,,,,,,,,,,,,,,,,,,,,,,,,,
2138310,f08ffdbcfe76697eda119afd4bc213d0b083b6354855ba1ec3cf8a23d94476811d832a0b49f9bc700a3e68c88c8339904035ddfca0c811b739887f9584ad7d8c,08/27/2025 08:40:00 PM,2,PARKED,,2038395,,HONDA,CIVIC,IL,2008,NONE,PASSENGER,NOT IN USE,N,PARKED,,,0,,,,,,,,,Y,Y,Y,,,,,,,REAR,,,,,,,,,,,,,,,,,,,,,,,,,,,,,,,,,
2138311,d264f1594fe1551b9d674c98971acb507bc1096f91fb3a2c95dfd11e43016a67a4d03585632dcb530061a9f0b576c50f608a5ec8a7589e0a50295b3940111c44,08/27/2025 08:34:00 PM,1,DRIVER,1,2038392,,HYUNDAI,SONATA,IL,2019,UNKNOWN,PASSENGER,PERSONAL,E,STRAIGHT AHEAD,Y,,2,,PRIVATE,,,Y,,,,,,,,,,Y,Y,,FRONT-LEFT-CORNER,,,,,,,,,,,,,,,,,,,,,,,,,,,,,,,,,
2138312,d264f1594fe1551b9d674c98971acb507bc1096f91fb3a2c95dfd11e43016a67a4d03585632dcb530061a9f0b576c50f608a5ec8a7589e0a50295b3940111c44,08/27/2025 08:34:00 PM,2,DRIVER,1,2038398,,HARLEY-DAVIDSON,HARLEY-DAVIDSON,IL,1984,UNKNOWN,PASSENGER,PERSONAL,S,STRAIGHT AHEAD,,,2,,,,,,Y,,,,,,Y,Y,Y,,,,SIDE-RIGHT,,,,,,,,,,,,,,,,,,,,,,,,,,,,,,,,,
2138272,0352d93c801a48053c0780bc6e38767eb72b21545414dccf020b9f8fdd93f4056ac8177242755357c64a3a975ead26ab93142193cfa5c27cef3865ca6ce772af,08/27/2025 08:30:00 PM,1,DRIVER,,2038363,,NISSAN,MURANO,IL,2018,NONE,PASSENGER,PERSONAL,N,STRAIGHT AHEAD,,,1,,,,,Y,Y,,,,,,,,,,Y,,FRONT-RIGHT-CORNER,,,,,,,,,,,,,,,,,,,,,,,,,,,,,,,,,
2138273,0352d93c801a48053c0780bc6e38767eb72b21545414dccf020b9f8fdd93f4056ac8177242755357c64a3a975ead26ab93142193cfa5c27cef3865ca6ce772af,08/27/2025 08:30:00 PM,2,PARKED,,2038366,,HYUNDAI,SANTA FE,IL,2013,NONE,PASSENGER,PERSONAL,N,PARKED,,,0,,,,,Y,Y,,,,Y,Y,Y,,,,,,REAR-LEFT-CORNER,,,,,,,,,,,,,,,,,,,,,,,,,,,,,,,,,
2138615,de3c5abf7b58066b11d840cd2bf41f2f2e7a1fcd1746abc6cb06a934bb6362ef8b425cbbecb29abb9108d7797b05565e85e714753bb1db62ec862e590812a181,08/27/2025 08:30:00 PM,1,DRIVER,,2038689,,UNKNOWN,MOTORIZED,,,UNKNOWN,UNKNOWN/NA,UNKNOWN/NA,UNKNOWN,UNKNOWN/NA,,,1,,,,,,,,,,,,,,,,,Y,UNKNOWN,,,,,,,,,,,,,,,,,,,,,,,,,,,,,,,,,
2138616,de3c5abf7b58066b11d840cd2bf41f2f2e7a1fcd1746abc6cb06a934bb6362ef8b425cbbecb29abb9108d7797b05565e85e714753bb1db62ec862e590812a181,08/27/2025 08:30:00 PM,2,PARKED,,2038699,,AUDI,A6,IL,2007,NONE,PASSENGER,PERSONAL,W,PARKED,,,0,,,,,,,,,,,N,Y,Y,Y,Y,,,SIDE-LEFT,,,,,,,,,,,,,,,,,,,,,,,,,,,,,,,,,
2139358,e8d73f64e551e54f862d5eee70b6b4504cb137ebc3d2487085f4ca825535b802902985a014ad96c44e017e9726f1e4c4c9af02a472d9713f788c459b162bcd39,08/27/2025 08:30:00 PM,1,DRIVER,,2039377,,MAZDA,CX-9,IL,2019,NONE,SPORT UTILITY VEHICLE (SUV),PERSONAL,E,STRAIGHT AHEAD,,,1,,,,,,,,,,,,,,,,,,FRONT,,,,,,,,,,,,,,,,,,,,,,,,,,,,,,,,,
2139359,e8d73f64e551e54f862d5eee70b6b4504cb137ebc3d2487085f4ca825535b802902985a014ad96c44e017e9726f1e4c4c9af02a472d9713f788c459b162bcd39,08/27/2025 08:30:00 PM,2,DRIVER,,2039382,,HYUNDAI,SONATA,MO,2024,NONE,PASSENGER,PERSONAL,E,SLOW/STOP IN TRAFFIC,,,1,,,,,,,,,,,,,,,,,,REAR,,,,,,,,,,,,,,,,,,,,,,,,,,,,,,,,,
2138278,ed805b84a2ca5fafecb43acdb0ffd04b5f5726389878ac0cf0c97aa10142967537a0be01287382362af7e44d0a8b5d6f90f8aaa9d9727e8f581bcd2eb972720e,08/27/2025 08:20:00 PM,1,DRIVER,,2038365,,KIA,OTHER (EXPLAIN IN NARRATIVE),IL,2025,UNKNOWN,PASSENGER,UNKNOWN/NA,E,STRAIGHT AHEAD,,,1,,,,,,,,,,,,,,,,,Y,FRONT,,,,,,,,,,,,,,,,,,,,,,,,,,,,,,,,,
2138279,ed805b84a2ca5fafecb43acdb0ffd04b5f5726389878ac0cf0c97aa10142967537a0be01287382362af7e44d0a8b5d6f90f8aaa9d9727e8f581bcd2eb972720e,08/27/2025 08:20:00 PM,2,PEDESTRIAN,,,,,,,,,,,,,,,,,,,,,,,,,,,,,,,,,,,,,,,,,,,,,,,,,,,,,,,,,,,,,,,,,,
2138268,1ad118d1a6f575df6bb4b2b7ea849f5045fb268d7ea2c4c40c642e093dcbdc255d5a0c9313b85185b5ce7afc155e79db7094f3c15f8e8887006dfc741a69a245,08/27/2025 08:00:00 PM,1,DRIVER,,2038361,,BMW,OTHER (EXPLAIN IN NARRATIVE),IL,2015,UNKNOWN,UNKNOWN/NA,UNKNOWN/NA,E,TURNING LEFT,,,1,,,,,,,,,,,,,,Y,Y,,,FRONT-LEFT-CORNER,,,,,,,,,,,,,,,,,,,,,,,,,,,,,,,,,
2138269,1ad118d1a6f575df6bb4b2b7ea849f5045fb268d7ea2c4c40c642e093dcbdc255d5a0c9313b85185b5ce7afc155e79db7094f3c15f8e8887006dfc741a69a245,08/27/2025 08:00:00 PM,2,PEDESTRIAN,,,,,,,,,,,,,,,,,,,,,,,,,,,,,,,,,,,,,,,,,,,,,,,,,,,,,,,,,,,,,,,,,,
2139406,3e57e4692c27cd8a5d2ec8e5bbcd5f3b218bdf2062cc41092e9292ee360f6c121517741970a32ebe213940580ce5e3070f1bced3c35d9bc22d791b0cd93f2d7d,08/27/2025 07:50:00 PM,1,DRIVER,,2039422,,HYUNDAI,SANTA FE,IL,,NONE,PASSENGER,PERSONAL,S,BACKING,,,1,,,,,,,,,,Y,,,,,,,,REAR,,,,,,,,,,,,,,,,,,,,,,,,,,,,,,,,,
2139407,3e57e4692c27cd8a5d2ec8e5bbcd5f3b218bdf2062cc41092e9292ee360f6c121517741970a32ebe213940580ce5e3070f1bced3c35d9bc22d791b0cd93f2d7d,08/27/2025 07:50:00 PM,2,PARKED,1,2039425,,CADILLAC,ESCALADE,IL,2024,NONE,PASSENGER,TAXI/FOR HIRE,N,PARKED,,,1,,,,,Y,,,,,,,,,,Y,Y,,FRONT,,,,,,,,,,,,,,,,,,,,,,,,,,,,,,,,,
2138280,48657057df615efae5dee7e2062aae75a3d076a97aa9560f16536514fabe0977f23956e42e0ac281d7ed2b839c3307fdb8c92cc447abb245596ea8cdabd3c234,08/27/2025 07:50:00 PM,1,DRIVER,,2038410,,MITSUBISHI,OTHER (EXPLAIN IN NARRATIVE),IL,2002,UNKNOWN,PASSENGER,PERSONAL,N,TURNING RIGHT,Y,,1,,CITY OF CHICAGO,POUND 2,,Y,,,,,,,,,,Y,Y,,FRONT,,,,,,,,,,,,,,,,,,,,,,,,,,,,,,,,,
2138281,48657057df615efae5dee7e2062aae75a3d076a97aa9560f16536514fabe0977f23956e42e0ac281d7ed2b839c3307fdb8c92cc447abb245596ea8cdabd3c234,08/27/2025 07:50:00 PM,2,DRIVER,,2038415,,FORD,ESCAPE,IL,2005,UNKNOWN,PASSENGER,PERSONAL,W,SLOW/STOP IN TRAFFIC,,,1,,,,,N,,,,,,,,,,Y,Y,,FRONT,,,,,,,,,,,,,,,,,,,,,,,,,,,,,,,,,
2138282,48657057df615efae5dee7e2062aae75a3d076a97aa9560f16536514fabe0977f23956e42e0ac281d7ed2b839c3307fdb8c92cc447abb245596ea8cdabd3c234,08/27/2025 07:50:00 PM,3,DRIVER,,2038420,,CHEVROLET,IMPALA,IL,2007,UNKNOWN,PASSENGER,PERSONAL,W,SLOW/STOP IN TRAFFIC,,,1,,,,,Y,,,,,,,,,,Y,Y,,FRONT,,,,,,,,,,,,,,,,,,,,,,,,,,,,,,,,,
2138296,ea4fc522c22354a731ab89e2d589053262550d67ba3c3926e7bf0e37d6951d2e4860e9eb9b8e75103fd5d85815dfc5f4df8ec2e91c5e985b8189bfd560fcca65,08/27/2025 07:45:00 PM,1,DRIVER,1,2038378,,VOLVO,S60,IL,2017,UNKNOWN,PASSENGER,PERSONAL,E,STRAIGHT AHEAD,,,2,,,,,Y,Y,Y,Y,Y,,,,,,Y,Y,,TOTAL (ALL AREAS),,,,,,,,,,,,,,,,,,,,,,,,,,,,,,,,,
2138297,ea4fc522c22354a731ab89e2d589053262550d67ba3c3926e7bf0e37d6951d2e4860e9eb9b8e75103fd5d85815dfc5f4df8ec2e91c5e985b8189bfd560fcca65,08/27/2025 07:45:00 PM,2,DRIVER,,2038380,,AUDI,OTHER (EXPLAIN IN NARRATIVE),IL,2011,UNKNOWN,PASSENGER,PERSONAL,E,UNKNOWN/NA,,,1,,,,,,,,,,,Y,Y,Y,Y,Y,,,SIDE-LEFT,,,,,,,,,,,,,,,,,,,,,,,,,,,,,,,,,
2138298,ea4fc522c22354a731ab89e2d589053262550d67ba3c3926e7bf0e37d6951d2e4860e9eb9b8e75103fd5d85815dfc5f4df8ec2e91c5e985b8189bfd560fcca65,08/27/2025 07:45:00 PM,3,DRIVER,3,2038385,,CHRYSLER,TOWN & COUNTRY,,2010,UNKNOWN,VAN/MINI-VAN,PERSONAL,E,STRAIGHT AHEAD,Y,,4,,,,,Y,,Y,Y,Y,Y,Y,,,,,,,TOTAL (ALL AREAS),,,,,,,,,,,,,,,,,,,,,,,,,,,,,,,,,
2138247,559d1b5dddcc169fc7a40dd91a0fb7a986409096b4f0bf17fbc1e77f6f4fc872fe5321cecfd39795dcdd4dd0563cb712e1f887c61815153d8b31ac01bb3cfac6,08/27/2025 07:30:00 PM,1,DRIVER,,2038329,,INFINITI,OTHER (EXPLAIN IN NARRATIVE),,2004,UNKNOWN,PASSENGER,PERSONAL,N,STRAIGHT AHEAD,,,1,,,,,,,,,,,,,,,,,Y,FRONT-LEFT-CORNER,,,,,,,,,,,,,,,,,,,,,,,,,,,,,,,,,
2138248,559d1b5dddcc169fc7a40dd91a0fb7a986409096b4f0bf17fbc1e77f6f4fc872fe5321cecfd39795dcdd4dd0563cb712e1f887c61815153d8b31ac01bb3cfac6,08/27/2025 07:30:00 PM,2,DRIVER,,2038333,,CHRYSLER,TOWN & COUNTRY,,,UNKNOWN,VAN/MINI-VAN,PERSONAL,N,STRAIGHT AHEAD,,,1,,,,,,,Y,Y,,,,,,,,,,SIDE-RIGHT,,,,,,,,,,,,,,,,,,,,,,,,,,,,,,,,,
2138276,767d4591ba66c92216a2cc66d2ad7cff7550c16693f45e03fb28a5f5552cb0f0234d30551144d3362d44fb24809aeb04939e5a7839566c81bd17f5ec477a8034,08/27/2025 07:21:00 PM,1,DRIVER,,2038364,,HONDA,CR-V,IL,2019,NONE,SPORT UTILITY VEHICLE (SUV),PERSONAL,N,LEAVING TRAFFIC LANE TO PARK,,,1,,,,Y,,,,,,,,,,,,,,REAR-LEFT-CORNER,,,,,,,,,,,,,,,,,,,,,,,,,,,,,,,,,
2138277,767d4591ba66c92216a2cc66d2ad7cff7550c16693f45e03fb28a5f5552cb0f0234d30551144d3362d44fb24809aeb04939e5a7839566c81bd17f5ec477a8034,08/27/2025 07:21:00 PM,2,PEDESTRIAN,,,,,,,,,,,,,,,,,,,,,,,,,,,,,,,,,,,,,,,,,,,,,,,,,,,,,,,,,,,,,,,,,,
2138225,43ab86ca25dfe8572993f32b15d5919587c6427ca5858b7e459a6b0ec3935f7b713e57d8dd24d380aeb41bf3ff0d5344ff6cd145c8f02119ddfabec123ff434f,08/27/2025 07:18:00 PM,1,DRIVER,1,2038311,,JEEP,CHEROKEE,IL,2012,NONE,SPORT UTILITY VEHICLE (SUV),PERSONAL,S,STRAIGHT AHEAD,,,2,,,,,,,,,,,,,,,N,Y,,FRONT,,,,,,,,,,,,,,,,,,,,,,,,,,,,,,,,,
2138226,43ab86ca25dfe8572993f32b15d5919587c6427ca5858b7e459a6b0ec3935f7b713e57d8dd24d380aeb41bf3ff0d5344ff6cd145c8f02119ddfabec123ff434f,08/27/2025 07:18:00 PM,2,DRIVER,,2038318,,CHEVROLET,VAN,IL,2013,NONE,VAN/MINI-VAN,PERSONAL,S,STRAIGHT AHEAD,,,1,,,,,,,,,,Y,,,,,,,,REAR,,,,,,,,,,,,,,,,,,,,,,,,,,,,,,,,,