CRASH_UNIT_ID,CRASH_RECORD_ID,CRASH_DATE,UNIT_NO,UNIT_TYPE,NUM_PASSENGERS,VEHICLE_ID,CMRC_VEH_I,MAKE,MODEL,LIC_PLATE_STATE,VEHICLE_YEAR,VEHICLE_DEFECT,VEHICLE_TYPE,VEHICLE_USE,TRAVEL_DIRECTION,MANEUVER,TOWED_I,FIRE_I,OCCUPANT_CNT,EXCEED_SPEED_LIMIT_I,TOWED_BY,TOWED_TO,AREA_00_I,AREA_01_I,AREA_02_I,AREA_03_I,AREA_04_I,AREA_05_I,AREA_06_I,AREA_07_I,AREA_08_I,AREA_09_I,AREA_10_I,AREA_11_I,AREA_12_I,AREA_99_I,FIRST_CONTACT_POINT,CMV_ID,USDOT_NO,CCMC_NO,ILCC_NO,COMMERCIAL_SRC,GVWR,CARRIER_NAME,CARRIER_STATE,CARRIER_CITY,HAZMAT_PLACARDS_I,HAZMAT_NAME,UN_NO,HAZMAT_PRESENT_I,HAZMAT_REPORT_I,HAZMAT_REPORT_NO,MCS_REPORT_I,MCS_REPORT_NO,HAZMAT_VIO_CAUSE_CRASH_I,MCS_VIO_CAUSE_CRASH_I,IDOT_PERMIT_NO,WIDE_LOAD_I,TRAILER1_WIDTH,TRAILER2_WIDTH,TRAILER1_LENGTH,TRAILER2_LENGTH,TOTAL_VEHICLE_LENGTH,AXLE_CNT,VEHICLE_CONFIG,CARGO_BODY_TYPE,LOAD_TYPE,HAZMAT_OUT_OF_SERVICE_I,MCS_OUT_OF_SERVICE_I,HAZMAT_CLASS
2138263,7e8958456203e39911fadf25d30f26f88e4d899582fbc35cd5fbe256374be218be3bf67462547d56c5c937e01acc889dee2f6d02402b70dc0fc56142cbf1f1d5,08/27/2025 07:18:00 PM,1,DRIVER,,2038359,,HONDA,CIVIC,IL,2009,UNKNOWN,PASSENGER,PERSONAL,W,SLOW/STOP IN TRAFFIC,Y,,1,,STREET AND SANITATION,POUND 5,,Y,,,,,,,,,,Y,Y,,FRONT,,,,,,,,,,,,,,,,,,,,,,,,,,,,,,,,,
2138261,30f6d613bc9006bb51b01678eab15edb21e7bcc6242ab9e00452d6006847143539e1958d9b60b0fa2d6f8ec4a73c757392af08642709b91d843bdf76402654fd,08/27/2025 07:01:00 PM,1,DRIVER,,2038353,,LINCOLN,MKT,IL,2010,BRAKES,SPORT UTILITY VEHICLE (SUV),PERSONAL,UNKNOWN,BACKING,,,1,,,,,,,,,,Y,,,,,,,,REAR,,,,,,,,,,,,,,,,,,,,,,,,,,,,,,,,,
2138262,30f6d613bc9006bb51b01678eab15edb21e7bcc6242ab9e00452d6006847143539e1958d9b60b0fa2d6f8ec4a73c757392af08642709b91d843bdf76402654fd,08/27/2025 07:01:00 PM,2,PARKED,1,2038354,,NISSAN,ALTIMA,IL,2017,NONE,PASSENGER,PERSONAL,UNKNOWN,PARKED,,,1,,,,,,,,,,,,,,,,Y,,FRONT,,,,,,,,,,,,,,,,,,,,,,,,,,,,,,,,,
2138257,2d223d324bb4d6bb3988244370813ad19903bb946b209d03b0692b4a60725ba33805d4e12c2fba659868aa18da4f2ae394e60ff49eb0b9e3fa3eb293522f7c73,08/27/2025 06:55:00 PM,1,DRIVER,1,2038344,,TESLA,MODEL 3,WI,2019,NONE,PASSENGER,PERSONAL,E,TURNING LEFT,Y,,2,,owner,,,Y,Y,Y,Y,Y,,,,,,Y,Y,,TOTAL (ALL AREAS),,,,,,,,,,,,,,,,,,,,,,,,,,,,,,,,,
2138258,2d223d324bb4d6bb3988244370813ad19903bb946b209d03b0692b4a60725ba33805d4e12c2fba659868aa18da4f2ae394e60ff49eb0b9e3fa3eb293522f7c73,08/27/2025 06:55:00 PM,2,PARKED,,2038348,,HONDA,ODYSSEY,IL,2007,NONE,VAN/MINI-VAN,PERSONAL,S,PARKED,Y,,0,,INSURANCE,,,,,,,,,Y,Y,Y,Y,Y,,,SIDE-RIGHT,,,,,,,,,,,,,,,,,,,,,,,,,,,,,,,,,
2138213,2090d2abd3d0dd6ac46e3e11356755e11da55d57ea0084db3ed31a846a3797ee0dfd3543cf6a8eab20760fe2dbe7db0fe362d7dae911e749a3bfafcca77592c6,08/27/2025 06:53:00 PM,1,DRIVER,1,2038313,,TOYOTA,TUNDRA,IL,2018,UNKNOWN,PICKUP,PERSONAL,S,STRAIGHT AHEAD,,,2,,,,,Y,,,,,,,,,,Y,Y,,FRONT,,,,,,,,,,,,,,,,,,,,,,,,,,,,,,,,,
2138214,2090d2abd3d0dd6ac46e3e11356755e11da55d57ea0084db3ed31a846a3797ee0dfd3543cf6a8eab20760fe2dbe7db0fe362d7dae911e749a3bfafcca77592c6,08/27/2025 06:53:00 PM,2,DRIVER,,2038322,,TOYOTA,AVALON,IL,2011,UNKNOWN,PASSENGER,PERSONAL,E,STRAIGHT AHEAD,Y,,1,,PRIVATE,,,,,,,,,Y,Y,Y,Y,Y,Y,,SIDE-LEFT,,,,,,,,,,,,,,,,,,,,,,,,,,,,,,,,,
2138245,c5a507c28b12b52da7cd8b95be8d08a4227d9722fe47ac6566eb43e7eec427a0221def037ad324ef4e06257c72d38482a342768e0fbee72c65400bf8a55a2b68,08/27/2025 06:52:00 PM,1,DRIVER,,2038326,,DODGE,CHALLENGER,TX,2010,NONE,PASSENGER,PERSONAL,S,BACKING,,,1,,,,,,,,,,,,,,Y,Y,,Y,FRONT-LEFT-CORNER,,,,,,,,,,,,,,,,,,,,,,,,,,,,,,,,,
2138246,c5a507c28b12b52da7cd8b95be8d08a4227d9722fe47ac6566eb43e7eec427a0221def037ad324ef4e06257c72d38482a342768e0fbee72c65400bf8a55a2b68,08/27/2025 06:52:00 PM,2,DRIVER,,2038332,,FORD,EDGE,IL,2011,NONE,PASSENGER,PERSONAL,N,STRAIGHT AHEAD,,,1,,,,,,,,,,,Y,Y,Y,,,,Y,SIDE-LEFT,,,,,,,,,,,,,,,,,,,,,,,,,,,,,,,,,
2138241,88bc13c8c8de4a3d3eb19dea30941f84657d12819aceb3fb23bfb2fbbc6190bcf13b3726b75c5d339b6e0a034e84f4fbadf54cc098af02b040c471b6f1b7d41d,08/27/2025 06:48:00 PM,1,DRIVER,1,2038325,,LEXUS,RX350,IL,2015,UNKNOWN,SPORT UTILITY VEHICLE (SUV),PERSONAL,NE,BACKING,Y,,2,,UNK,,,,,,,,,,,,,Y,,,FRONT-LEFT-CORNER,,,,,,,,,,,,,,,,,,,,,,,,,,,,,,,,,
2138242,88bc13c8c8de4a3d3eb19dea30941f84657d12819aceb3fb23bfb2fbbc6190bcf13b3726b75c5d339b6e0a034e84f4fbadf54cc098af02b040c471b6f1b7d41d,08/27/2025 06:48:00 PM,2,DRIVER,,2038338,N,(UNLISTED MAKE),(UNLISTED MAKE),,2017,NONE,OTHER,OTHER,S,STRAIGHT AHEAD,,N,1,,,,,,,,Y,Y,,,,,,,,,SIDE-RIGHT-REAR,,,,,,,,,,,,,,,,,,,,,,,,,,,,,,,,,
2138239,526c7f2eafb8a2923a4e267160616a026464937c3363e64916519c90eddd2a66dfe4eb885d7c20796918ba55f44165d4f4f8169ed8a3ca8d989c282c031f3a33,08/27/2025 06:42:00 PM,1,DRIVER,,2038327,,HONDA,CIVIC,IL,2005,NONE,PASSENGER,PERSONAL,E,STRAIGHT AHEAD,,,1,,,,,,,,,,,,,,,,Y,,FRONT,,,,,,,,,,,,,,,,,,,,,,,,,,,,,,,,,
2138240,526c7f2eafb8a2923a4e267160616a026464937c3363e64916519c90eddd2a66dfe4eb885d7c20796918ba55f44165d4f4f8169ed8a3ca8d989c282c031f3a33,08/27/2025 06:42:00 PM,2,DRIVER,,2038323,,SCION,TC,IL,2008,NONE,PASSENGER,PERSONAL,E,SLOW/STOP IN TRAFFIC,,,1,,,,,,,,,,Y,,,,,,,,REAR,,,,,,,,,,,,,,,,,,,,,,,,,,,,,,,,,
2138227,948cf47ed6133f948e6855d011e2ad9afc5dbb886f655823712de0d416d1cc2cce05e407a59ac8f2572804aa3a272d22d3f048f8fcab4cb7c9f6ebfd861aa723,08/27/2025 06:37:00 PM,1,DRIVER,,2038316,,HONDA,FIT,IL,2011,UNKNOWN,PASSENGER,UNKNOWN/NA,SE,TURNING LEFT,Y,,1,,private,,,N,,,,,,Y,Y,Y,Y,Y,N,,SIDE-LEFT,,,,,,,,,,,,,,,,,,,,,,,,,,,,,,,,,
2138228,948cf47ed6133f948e6855d011e2ad9afc5dbb886f655823712de0d416d1cc2cce05e407a59ac8f2572804aa3a272d22d3f048f8fcab4cb7c9f6ebfd861aa723,08/27/2025 06:37:00 PM,2,DRIVER,1,2038337,,FORD,ESCAPE,IL,2008,UNKNOWN,PASSENGER,PERSONAL,SE,STRAIGHT AHEAD,Y,,2,,private,,,Y,,,,,,,,,,Y,Y,,FRONT,,,,,,,,,,,,,,,,,,,,,,,,,,,,,,,,,
2138237,43c95b0dee53dd741d7bc2762d128ccd99618c74173695feceeeb25eaf52a8760169bcdf56c3246b441bc903663dd63a5442071716f5ac5de2f2e24aa5aef347,08/27/2025 06:30:00 PM,1,DRIVER,1,2038321,,LINCOLN,NAUTILUS,IL,2025,NONE,PASSENGER,PERSONAL,W,STRAIGHT AHEAD,Y,,2,,PRIVATE TOW,,N,,,,,,,Y,Y,Y,Y,Y,,,SIDE-LEFT,,,,,,,,,,,,,,,,,,,,,,,,,,,,,,,,,
2138238,43c95b0dee53dd741d7bc2762d128ccd99618c74173695feceeeb25eaf52a8760169bcdf56c3246b441bc903663dd63a5442071716f5ac5de2f2e24aa5aef347,08/27/2025 06:30:00 PM,2,DRIVER,,2038331,,TESLA,MODEL Y,IL,2022,NONE,PASSENGER,PERSONAL,N,STRAIGHT AHEAD,Y,,1,,PRIVATE TOW,,,Y,,,,,,,,,,Y,Y,,FRONT,,,,,,,,,,,,,,,,,,,,,,,,,,,,,,,,,
2138233,cf62c0e4581c689229568f05b1fb6d2c0ef7a84de10143c8957d517808e3e632f9e57aefb2a1c7ab09abbb65c424925c2c92f2108cce112c2d9fe57cf72c279e,08/27/2025 06:20:00 PM,1,DRIVER,,2038320,,HYUNDAI,SONATA,IL,2007,UNKNOWN,PASSENGER,PERSONAL,W,STRAIGHT AHEAD,,,1,,,,,,,,Y,Y,,,,,,,,,SIDE-RIGHT-REAR,,,,,,,,,,,,,,,,,,,,,,,,,,,,,,,,,
2138234,cf62c0e4581c689229568f05b1fb6d2c0ef7a84de10143c8957d517808e3e632f9e57aefb2a1c7ab09abbb65c424925c2c92f2108cce112c2d9fe57cf72c279e,08/27/2025 06:20:00 PM,2,DRIVER,,2038342,,YAMAHA,OTHER (EXPLAIN IN NARRATIVE),IL,2025,UNKNOWN,MOTORCYCLE (OVER 150CC),PERSONAL,S,STRAIGHT AHEAD,,,1,,,,,,,,,,,,,,,,Y,,FRONT,,,,,,,,,,,,,,,,,,,,,,,,,,,,,,,,,
2138203,c5c5aa6b04b5f2e775b3f779dc94e10dcd0299a3dea737dc78c0c9efca1c12607fad45c1ec0759528d6e9816302fa14d7efe3e40373e356d6688d8f0979eba9c,08/27/2025 06:15:00 PM,1,DRIVER,,2038288,,NISSAN,PATHFINDER,IL,2015,NONE,PASSENGER,PERSONAL,N,TURNING LEFT,,,1,,,,,Y,Y,,,,,,,,,,,,FRONT-RIGHT-CORNER,,,,,,,,,,,,,,,,,,,,,,,,,,,,,,,,,
2138204,c5c5aa6b04b5f2e775b3f779dc94e10dcd0299a3dea737dc78c0c9efca1c12607fad45c1ec0759528d6e9816302fa14d7efe3e40373e356d6688d8f0979eba9c,08/27/2025 06:15:00 PM,2,DRIVER,,2038294,,TOYOTA,CAMRY,IL,2023,NONE,PASSENGER,PERSONAL,W,STRAIGHT AHEAD,,,1,,,,,,,,,,,,,Y,Y,,,,SIDE-LEFT,,,,,,,,,,,,,,,,,,,,,,,,,,,,,,,,,
2138341,7cd8ec96e78f5987b88bb9265a850208643ba49bfa1a5163f440abd0712f31b80ab54ab194e12a3bc852781328b21780d100abfb461740a8b4cd1b5fb1c2bc6d,08/27/2025 06:10:00 PM,1,DRIVER,,2038428,,BUICK,ENCORE,IL,2022,UNKNOWN,PASSENGER,PERSONAL,E,OTHER,,,1,,,,,,Y,Y,Y,,,,,,,,,,SIDE-RIGHT,,,,,,,,,,,,,,,,,,,,,,,,,,,,,,,,,
2138342,7cd8ec96e78f5987b88bb9265a850208643ba49bfa1a5163f440abd0712f31b80ab54ab194e12a3bc852781328b21780d100abfb461740a8b4cd1b5fb1c2bc6d,08/27/2025 06:10:00 PM,2,DRIVER,,2038432,,UNKNOWN,ENGINE,,,UNKNOWN,VAN/MINI-VAN,OTHER,UNKNOWN,OTHER,,,1,,,,,,,,,,,,,,,,,Y,UNKNOWN,,,,,,,,,,,,,,,,,,,,,,,,,,,,,,,,,
2139114,ea6cb132bfcef4ec12f4991d396a541bcaefe387361d97dd83499279fb162ebe7f7b2e4b49311a63ebab6a8e7af29b7f8cbe1830af66cdbbd553eb24d962da77,08/27/2025 06:10:00 PM,1,DRIVER,,2039145,,CHRYSLER,TOWN & COUNTRY,IL,,UNKNOWN,PASSENGER,UNKNOWN/NA,NE,BACKING,,,1,,,,Y,,,,,,,,,,,,,,REAR,,,,,,,,,,,,,,,,,,,,,,,,,,,,,,,,,
2139115,ea6cb132bfcef4ec12f4991d396a541bcaefe387361d97dd83499279fb162ebe7f7b2e4b49311a63ebab6a8e7af29b7f8cbe1830af66cdbbd553eb24d962da77,08/27/2025 06:10:00 PM,2,PARKED,,2039151,,AUDI,A4,IL,2023,NONE,PASSENGER,NOT IN USE,NW,PARKED,,,0,,,,,Y,,,,,,,,,,Y,Y,,FRONT,,,,,,,,,,,,,,,,,,,,,,,,,,,,,,,,,
2138884,5cbb1b4a856009eba8d37a5deb1cf7fc70651ef5b4d638138c6b0cb4ca07d9aa86f3b261549847be7038eb892c700b8eef07eb1e476c9c25ca2b9e02dbe3e58e,08/27/2025 06:00:00 PM,1,DRIVER,,2038937,,AUDI,Q7,AR,2018,UNKNOWN,SPORT UTILITY VEHICLE (SUV),PERSONAL,SW,STRAIGHT AHEAD,,,1,,,,,Y,,,,,,,,,,Y,Y,,FRONT,,,,,,,,,,,,,,,,,,,,,,,,,,,,,,,,,
2138885,5cbb1b4a856009eba8d37a5deb1cf7fc70651ef5b4d638138c6b0cb4ca07d9aa86f3b261549847be7038eb892c700b8eef07eb1e476c9c25ca2b9e02dbe3e58e,08/27/2025 06:00:00 PM,2,DRIVER,,2038944,,HONDA,CIVIC,IL,2013,UNKNOWN,PASSENGER,PERSONAL,SE,STRAIGHT AHEAD,,,1,,,,,,,,,,,,,,Y,Y,,,FRONT-LEFT-CORNER,,,,,,,,,,,,,,,,,,,,,,,,,,,,,,,,,
2138201,aeaf22ce9419a4bb3fcb3e077f00ef69d16c5f8d1ffae813a89cc910cd84841c8e3e8758d4b1c3f1303d91bba57d91db088dcf8c3c3034311136d80e36d6017c,08/27/2025 06:00:00 PM,1,DRIVER,1,2038289,,HONDA,INSIGHT,IL,2022,UNKNOWN,PASSENGER,PERSONAL,W,STRAIGHT AHEAD,,,2,,,,,Y,Y,Y,Y,Y,,,,,,,,,FRONT-RIGHT-CORNER,,,,,,,,,,,,,,,,,,,,,,,,,,,,,,,,,
2138202,aeaf22ce9419a4bb3fcb3e077f00ef69d16c5f8d1ffae813a89cc910cd84841c8e3e8758d4b1c3f1303d91bba57d91db088dcf8c3c3034311136d80e36d6017c,08/27/2025 06:00:00 PM,2,DRIVER,,2038297,,NISSAN,MURANO,TN,,UNKNOWN,PASSENGER,TAXI/FOR HIRE,W,ENTERING TRAFFIC LANE FROM PARKING,,,1,,,,,,,,,,,,,,Y,Y,,,FRONT-LEFT-CORNER,,,,,,,,,,,,,,,,,,,,,,,,,,,,,,,,,
2138209,ea1fa2aae337a2dc8837e4f616ab02dbdd62fd8f3883025c662136c64c3bb9ca431cb4a0d303e47247b7e43f6936b6c06d7d2c4e7200e66508a455c32b4afcb0,08/27/2025 06:00:00 PM,1,DRIVER,,2038299,,CHRYSLER,CARAVAN,,2012,UNKNOWN,PASSENGER,UNKNOWN/NA,SE,TURNING LEFT,Y,,1,,streets n san,er towing,,Y,Y,Y,,,,,,,,Y,Y,Y,FRONT,,,,,,,,,,,,,,,,,,,,,,,,,,,,,,,,,
2138195,c9ddafdc3728dcce827b859a9ac2cbee3e1de7222630c5d969027def0b278694394443b8af92228abd667638d8769c1a5ef7ae03052ad3da022aa7b7a976e988,08/27/2025 05:58:00 PM,1,DRIVER,,2038306,,FORD,EXPLORER,IL,,UNKNOWN,PASSENGER,POLICE,N,STRAIGHT AHEAD,,,1,,,,,,,,,,,,,,,Y,,,FRONT-LEFT-CORNER,,,,,,,,,,,,,,,,,,,,,,,,,,,,,,,,,
2138243,69dd49d025bc26d3c52994e20b6a7ad86a68c23e0a3af4eb8e085205c2c9e6f80e1c6218d8d45b9540a120486a1072d08d0a0035c6b64e01b46846272c85b3f4,08/27/2025 05:43:00 PM,1,DRIVER,,2038334,,CHEVROLET,EQUINOX,VA,,UNKNOWN,UNKNOWN/NA,UNKNOWN/NA,E,MERGING,,,1,,,,,Y,,,,,,,,,,,,,FRONT,,,,,,,,,,,,,,,,,,,,,,,,,,,,,,,,,
2138244,69dd49d025bc26d3c52994e20b6a7ad86a68c23e0a3af4eb8e085205c2c9e6f80e1c6218d8d45b9540a120486a1072d08d0a0035c6b64e01b46846272c85b3f4,08/27/2025 05:43:00 PM,2,DRIVER,,2038345,,TOYOTA,SIENNA,IL,2025,UNKNOWN,UNKNOWN/NA,UNKNOWN/NA,E,STRAIGHT AHEAD,,,1,,,,,,,,,,,,,Y,Y,Y,,,SIDE-LEFT,,,,,,,,,,,,,,,,,,,,,,,,,,,,,,,,,
2138264,d984d571cf608eaeca05201fe66ae7d34b066994cfc7d4352233e9767ac25307c34352f737094d35c9149a1c64c6d8b0f1509dde8982685474c58f97ff01eb22,08/27/2025 05:33:00 PM,1,DRIVER,,2038357,,HYUNDAI,SONATA,IL,,UNKNOWN,PASSENGER,PERSONAL,E,STRAIGHT AHEAD,,,1,,,,,Y,,,,,,,,,,,,,FRONT-RIGHT-CORNER,,,,,,,,,,,,,,,,,,,,,,,,,,,,,,,,,
2138265,d984d571cf608eaeca05201fe66ae7d34b066994cfc7d4352233e9767ac25307c34352f737094d35c9149a1c64c6d8b0f1509dde8982685474c58f97ff01eb22,08/27/2025 05:33:00 PM,2,DRIVER,2,2038360,,UNKNOWN,OTHER (EXPLAIN IN NARRATIVE),IL,,NONE,BUS OVER 15 PASS.,CTA,E,OTHER,Y,,3,,,,,,,,,,,,Y,Y,Y,,,,SIDE-LEFT,,,,,,,,,,,,,,,,,,,,,,,,,,,,,,,,,
2138283,5545b3e5d2adb497d5e500131a808fe93f731dd2d6f6b2a936b781261ce64f8241d073dd892d2cbf37578af204651460265d58987deae4dfeb73a7971f5682df,08/27/2025 05:30:00 PM,1,DRIVER,,2038367,,CHEVROLET,SILVERADO,IL,2015,NONE,SPORT UTILITY VEHICLE (SUV),UNKNOWN/NA,W,STRAIGHT AHEAD,,,1,,,,,,,,,,,,,,,,,,FRONT,,,,,,,,,,,,,,,,,,,,,,,,,,,,,,,,,
2138284,5545b3e5d2adb497d5e500131a808fe93f731dd2d6f6b2a936b781261ce64f8241d073dd892d2cbf37578af204651460265d58987deae4dfeb73a7971f5682df,08/27/2025 05:30:00 PM,2,DRIVER,,2038372,,MAZDA,CX-3,IL,2012,NONE,PASSENGER,PERSONAL,SW,TURNING LEFT,,,1,,,,,,,,,,,Y,Y,,,,,,REAR-LEFT-CORNER,,,,,,,,,,,,,,,,,,,,,,,,,,,,,,,,,
2138193,bbc1de050d12d72fbde8c574f5c10251fa47823011562083b0876c45089a122d03fcb6ac0e98878e79f612090f1bf70ab59d769d20282b2717a15161f2e129b5,08/27/2025 05:30:00 PM,1,DRIVER,,2038283,,NISSAN,ROGUE,IL,2015,NONE,PASSENGER,PERSONAL,N,STRAIGHT AHEAD,,,1,,,,,Y,Y,,,,,,,,,,,,FRONT-RIGHT-CORNER,,,,,,,,,,,,,,,,,,,,,,,,,,,,,,,,,
2138194,bbc1de050d12d72fbde8c574f5c10251fa47823011562083b0876c45089a122d03fcb6ac0e98878e79f612090f1bf70ab59d769d20282b2717a15161f2e129b5,08/27/2025 05:30:00 PM,2,DRIVER,,2038291,,MITSUBISHI,OUTLANDER,IL,2019,NONE,PASSENGER,PERSONAL,N,STRAIGHT AHEAD,Y,,1,,triple a,5330 s blackstone,,Y,Y,,,Y,,,,,,,Y,,REAR-RIGHT-CORNER,,,,,,,,,,,,,,,,,,,,,,,,,,,,,,,,,
2139822,ee886690e82af7a2be6d4d7cc87e9e96317a25c9ce7640632b7ec9307649053a1ec724add863c34fad01f9ff27fc2474fc42da151f753ac63230b175fa4578c1,08/27/2025 05:30:00 PM,1,DRIVER,,2039810,,UNKNOWN,OTHER (EXPLAIN IN NARRATIVE),,,OTHER,UNKNOWN/NA,UNKNOWN/NA,UNKNOWN,UNKNOWN/NA,,,1,,,,,,,,,,,,,,,,,,UNKNOWN,,,,,,,,,,,,,,,,,,,,,,,,,,,,,,,,,
2139823,ee886690e82af7a2be6d4d7cc87e9e96317a25c9ce7640632b7ec9307649053a1ec724add863c34fad01f9ff27fc2474fc42da151f753ac63230b175fa4578c1,08/27/2025 05:30:00 PM,2,PARKED,,2039812,,TOYOTA,RAV4,,,OTHER,PASSENGER,NOT IN USE,N,PARKED,,,0,,,,,,,,,,,,Y,,,,,,SIDE-LEFT-REAR,,,,,,,,,,,,,,,,,,,,,,,,,,,,,,,,,
2138176,ecf9291d863b01adb87c3a70ff2d4454b3608af85b6084087f60a0ff45d3a5249f43ff9645584a8c6a67f6a4ddf5a6b2b81840232d9be0f1e0d90947a0852c60,08/27/2025 05:23:00 PM,1,DRIVER,,2038270,,NISSAN,ALTIMA,IL,2012,UNKNOWN,PASSENGER,PERSONAL,NW,STRAIGHT AHEAD,,,1,,,,Y,,,,,,,Y,Y,Y,Y,Y,,,SIDE-RIGHT-FRONT,,,,,,,,,,,,,,,,,,,,,,,,,,,,,,,,,
2138177,ecf9291d863b01adb87c3a70ff2d4454b3608af85b6084087f60a0ff45d3a5249f43ff9645584a8c6a67f6a4ddf5a6b2b81840232d9be0f1e0d90947a0852c60,08/27/2025 05:23:00 PM,2,PARKED,,2038287,,CHEVROLET,MALIBU,IL,2015,UNKNOWN,PASSENGER,PERSONAL,UNKNOWN,PARKED,,,0,,,,,Y,Y,Y,Y,Y,,,,,,,,Y,SIDE-RIGHT,,,,,,,,,,,,,,,,,,,,,,,,,,,,,,,,,
2138174,14f70afb71f3f57ee51b2aedf770005cf376baecaa55cbea368185f41ede3d9acf9f38108b082dc40e03c732ec0c93c327bdc6ec268bb712c221ed7e00fa913e,08/27/2025 05:20:00 PM,1,DRIVER,,2038273,,TOYOTA,RAV4,IL,2021,NONE,PASSENGER,UNKNOWN/NA,S,TURNING RIGHT,,,1,,,,,,,,,,,,,,,Y,,,FRONT-LEFT-CORNER,,,,,,,,,,,,,,,,,,,,,,,,,,,,,,,,,
2138175,14f70afb71f3f57ee51b2aedf770005cf376baecaa55cbea368185f41ede3d9acf9f38108b082dc40e03c732ec0c93c327bdc6ec268bb712c221ed7e00fa913e,08/27/2025 05:20:00 PM,2,DRIVER,,2038278,,FORD,FOCUS,IL,2013,NONE,PASSENGER,PERSONAL,S,TURNING LEFT,,,1,,,,,Y,Y,,,,,,,,,,,,SIDE-RIGHT-FRONT,,,,,,,,,,,,,,,,,,,,,,,,,,,,,,,,,
2138165,1f92bff963aef43e487b2fd3a886f5bf91d3d25a3db1bb003e9d7ceb618b5af5fe8ee4525601e034d91e8fcff536b5d2127630121b1c1f67e10f30a21d1e107d,08/27/2025 05:20:00 PM,1,DRIVER,,2038254,,ACURA,TLX,IL,2015,NONE,PASSENGER,PERSONAL,E,TURNING LEFT,Y,,1,,,,,Y,Y,Y,Y,Y,,,,,,,,,SIDE-RIGHT,,,,,,,,,,,,,,,,,,,,,,,,,,,,,,,,,
2138166,1f92bff963aef43e487b2fd3a886f5bf91d3d25a3db1bb003e9d7ceb618b5af5fe8ee4525601e034d91e8fcff536b5d2127630121b1c1f67e10f30a21d1e107d,08/27/2025 05:20:00 PM,2,DRIVER,1,2038263,,TOYOTA,SIENNA,IL,2011,NONE,VAN/MINI-VAN,PERSONAL,N,STRAIGHT AHEAD,Y,,2,,,,,Y,,,,,,,,,,Y,Y,,FRONT,,,,,,,,,,,,,,,,,,,,,,,,,,,,,,,,,
2138333,83dcd3490dfedab606283d601b1a054ac34e728bffe972d968439a64504d8df1df27d6aaa823eab53b50606272c627eed2b197f52ad99b1068ad5a20f426b99b,08/27/2025 05:19:00 PM,1,DRIVER,,2038413,,FORD,FOCUS,IL,2013,UNKNOWN,PASSENGER,UNKNOWN/NA,SW,ENTERING TRAFFIC LANE FROM PARKING,,,1,,,,,Y,Y,Y,,,,,,,,,Y,,FRONT-RIGHT-CORNER,,,,,,,,,,,,,,,,,,,,,,,,,,,,,,,,,
2138334,83dcd3490dfedab606283d601b1a054ac34e728bffe972d968439a64504d8df1df27d6aaa823eab53b50606272c627eed2b197f52ad99b1068ad5a20f426b99b,08/27/2025 05:19:00 PM,2,DRIVER,,2038418,,TOYOTA,RAV4,IL,2021,UNKNOWN,PASSENGER,PERSONAL,S,STRAIGHT AHEAD,,,1,,,,,,,,,,,,,,Y,Y,,,FRONT-LEFT-CORNER,,,,,,,,,,,,,,,,,,,,,,,,,,,,,,,,,
2138274,a1e6ee92df7c25b012922d134c12db4a5956398e69af1b155cef98496711e94021fcc65eebaae131fdad6fa0a6d3f56bf4c5e5d1bee09507a4d3276faf8f486e,08/27/2025 05:15:00 PM,1,DRIVER,,2038836,,TOYOTA,OTHER (EXPLAIN IN NARRATIVE),IL,2017,UNKNOWN,PASSENGER,UNKNOWN/NA,E,CHANGING LANES,,,1,,,,,Y,,,,,,,,,,,,,FRONT-RIGHT-CORNER,,,,,,,,,,,,,,,,,,,,,,,,,,,,,,,,,
2138275,a1e6ee92df7c25b012922d134c12db4a5956398e69af1b155cef98496711e94021fcc65eebaae131fdad6fa0a6d3f56bf4c5e5d1bee09507a4d3276faf8f486e,08/27/2025 05:15:00 PM,2,DRIVER,,2038851,,CHEVROLET,MALIBU,IL,2018,NONE,PASSENGER,RIDESHARE SERVICE,E,STRAIGHT AHEAD,,,1,,,,,,,,,,,Y,,,,,,,REAR-LEFT-CORNER,,,,,,,,,,,,,,,,,,,,,,,,,,,,,,,,,
2139324,a7cc0dc7f2c1575fb6fe3c56b469456e66432e2525fb61a3e76509f84e3c6ffd5284a248d96cf8259a9692850fe583a49eb6c4d1aed9d250005885910aa82afc,08/27/2025 05:15:00 PM,1,DRIVER,,2039343,,UNKNOWN,OTHER (EXPLAIN IN NARRATIVE),,,NONE,OTHER,CONSTRUCTION/MAINTENANCE,S,STRAIGHT AHEAD,,,1,,,,Y,,,,,,,,,,,,,,FRONT,,,,,,,,,,,,,,,,,,,,,,,,,,,,,,,,,
2139325,a7cc0dc7f2c1575fb6fe3c56b469456e66432e2525fb61a3e76509f84e3c6ffd5284a248d96cf8259a9692850fe583a49eb6c4d1aed9d250005885910aa82afc,08/27/2025 05:15:00 PM,2,PARKED,,2039346,,KIA,OTHER (EXPLAIN IN NARRATIVE),IL,2025,NONE,PASSENGER,NOT IN USE,S,PARKED,,,0,,,,,,,,,,,Y,,,,,,,REAR,,,,,,,,,,,,,,,,,,,,,,,,,,,,,,,,,
2138207,20f1607faa92985e7dcbbac3aba5176140869ac0172b4db9ab9eee6ed08dc038e2cf4ecc5f194bba0b94761ea8423404445fc9ed2dbd59a69671bf9ea521cd8a,08/27/2025 05:10:00 PM,1,DRIVER,,2038300,,VOLVO,OTHER (EXPLAIN IN NARRATIVE),IL,2022,OTHER,TRACTOR W/ SEMI-TRAILER,OTHER,SE,TURNING RIGHT,,,1,,,,,,,,,,,Y,,,,,,,REAR-LEFT-CORNER,,,,,,,,,,,,,,,,,,,,,,,,,,,,,,,,,