CRASH_UNIT_ID,CRASH_RECORD_ID,CRASH_DATE,UNIT_NO,UNIT_TYPE,NUM_PASSENGERS,VEHICLE_ID,CMRC_VEH_I,MAKE,MODEL,LIC_PLATE_STATE,VEHICLE_YEAR,VEHICLE_DEFECT,VEHICLE_TYPE,VEHICLE_USE,TRAVEL_DIRECTION,MANEUVER,TOWED_I,FIRE_I,OCCUPANT_CNT,EXCEED_SPEED_LIMIT_I,TOWED_BY,TOWED_TO,AREA_00_I,AREA_01_I,AREA_02_I,AREA_03_I,AREA_04_I,AREA_05_I,AREA_06_I,AREA_07_I,AREA_08_I,AREA_09_I,AREA_10_I,AREA_11_I,AREA_12_I,AREA_99_I,FIRST_CONTACT_POINT,CMV_ID,USDOT_NO,CCMC_NO,ILCC_NO,COMMERCIAL_SRC,GVWR,CARRIER_NAME,CARRIER_STATE,CARRIER_CITY,HAZMAT_PLACARDS_I,HAZMAT_NAME,UN_NO,HAZMAT_PRESENT_I,HAZMAT_REPORT_I,HAZMAT_REPORT_NO,MCS_REPORT_I,MCS_REPORT_NO,HAZMAT_VIO_CAUSE_CRASH_I,MCS_VIO_CAUSE_CRASH_I,IDOT_PERMIT_NO,WIDE_LOAD_I,TRAILER1_WIDTH,TRAILER2_WIDTH,TRAILER1_LENGTH,TRAILER2_LENGTH,TOTAL_VEHICLE_LENGTH,AXLE_CNT,VEHICLE_CONFIG,CARGO_BODY_TYPE,LOAD_TYPE,HAZMAT_OUT_OF_SERVICE_I,MCS_OUT_OF_SERVICE_I,HAZMAT_CLASS
2138208,20f1607faa92985e7dcbbac3aba5176140869ac0172b4db9ab9eee6ed08dc038e2cf4ecc5f194bba0b94761ea8423404445fc9ed2dbd59a69671bf9ea521cd8a,08/27/2025 05:10:00 PM,2,PARKED,1,2038309,,FREIGHTLINER CORPORATION,OTHER (EXPLAIN IN NARRATIVE),IL,2015,NONE,TRACTOR W/ SEMI-TRAILER,OTHER,E,PARKED,,,1,,,,,,Y,,,,,,,,,,,,FRONT-RIGHT-CORNER,,,,,,,,,,,,,,,,,,,,,,,,,,,,,,,,,
2138105,cdfbb241bdd178705e40c78d11314c2dadf48bdd8c194a0c3796e8ed9c9c92656b5b93b3f3e193fc64012ff8aa23a31f3cfb84184a0d3fd0cac4242cd1231ddb,08/27/2025 05:03:00 PM,1,DRIVER,,2038202,,JEEP,GRAND CHEROKEE,IL,2009,NONE,SPORT UTILITY VEHICLE (SUV),PERSONAL,UNKNOWN,STRAIGHT AHEAD,,,1,,,,,,,,,,,,,,,,Y,,FRONT,,,,,,,,,,,,,,,,,,,,,,,,,,,,,,,,,
2138106,cdfbb241bdd178705e40c78d11314c2dadf48bdd8c194a0c3796e8ed9c9c92656b5b93b3f3e193fc64012ff8aa23a31f3cfb84184a0d3fd0cac4242cd1231ddb,08/27/2025 05:03:00 PM,2,BICYCLE,,,,,,,,,,,,,,,,,,,,,,,,,,,,,,,,,,,,,,,,,,,,,,,,,,,,,,,,,,,,,,,,,,
2138137,2a99b2e5536f6aac98a24bd296ae8a7e076edb72e5b3455aa3afa79501f9226ced84224ac5600d4784fb2e0a633a14e81e1153665bc440b64b39af8d0f6d8dc5,08/27/2025 05:00:00 PM,1,DRIVER,,2038222,,UNKNOWN,MOTORIZED,IL,,UNKNOWN,PASSENGER,PERSONAL,E,STARTING IN TRAFFIC,,,1,,,,,Y,,,,,,,,,,Y,Y,,FRONT,,,,,,,,,,,,,,,,,,,,,,,,,,,,,,,,,
2138138,2a99b2e5536f6aac98a24bd296ae8a7e076edb72e5b3455aa3afa79501f9226ced84224ac5600d4784fb2e0a633a14e81e1153665bc440b64b39af8d0f6d8dc5,08/27/2025 05:00:00 PM,2,DRIVER,,2038235,,KIA,OPTIMA / K5,IL,,NONE,PASSENGER,PERSONAL,E,STARTING IN TRAFFIC,,,1,,,,,,,,,Y,Y,Y,,,,,,,REAR,,,,,,,,,,,,,,,,,,,,,,,,,,,,,,,,,
2138101,724a6c77ddd451562b97bcb00fa55acf6affc9e2b7a2a79e5330b569f32a5187da4f0151485da35bee3619ae592ebe89d2adcb64717b77694b27558c907363be,08/27/2025 05:00:00 PM,1,DRIVER,,2038198,,OLDSMOBILE,OTHER (EXPLAIN IN NARRATIVE),IL,1999,UNKNOWN,PASSENGER,UNKNOWN/NA,S,TURNING LEFT,,,1,,,,,Y,Y,,,,,,,,,,Y,,FRONT-RIGHT-CORNER,,,,,,,,,,,,,,,,,,,,,,,,,,,,,,,,,
2138102,724a6c77ddd451562b97bcb00fa55acf6affc9e2b7a2a79e5330b569f32a5187da4f0151485da35bee3619ae592ebe89d2adcb64717b77694b27558c907363be,08/27/2025 05:00:00 PM,2,DRIVER,,2038204,,DODGE,RAM 1500 PU,,2016,UNKNOWN,PICKUP,UNKNOWN/NA,E,STRAIGHT AHEAD,,,1,,,,,,,,,,,,,,Y,Y,Y,,FRONT-LEFT-CORNER,,,,,,,,,,,,,,,,,,,,,,,,,,,,,,,,,
2138147,982a4ec13d7366612b7643b690d00e739fd3e7f70345fb9dfe13bdcfd4efcb4768f016a983d931fcace5282493aa0cd10deb31959cdc4e78ed1aac889187f955,08/27/2025 05:00:00 PM,1,DRIVER,,2038237,,TESLA,MODEL 3,IL,2025,UNKNOWN,PASSENGER,PERSONAL,W,MERGING,,,1,,,,,,,,,,,,,,Y,Y,,,FRONT-LEFT-CORNER,,,,,,,,,,,,,,,,,,,,,,,,,,,,,,,,,
2138148,982a4ec13d7366612b7643b690d00e739fd3e7f70345fb9dfe13bdcfd4efcb4768f016a983d931fcace5282493aa0cd10deb31959cdc4e78ed1aac889187f955,08/27/2025 05:00:00 PM,2,DRIVER,,2038251,,TOYOTA,CAMRY,IL,2016,UNKNOWN,PASSENGER,TAXI/FOR HIRE,W,STRAIGHT AHEAD,,,1,,,,,,Y,Y,,,,,,,,,,,SIDE-RIGHT,,,,,,,,,,,,,,,,,,,,,,,,,,,,,,,,,
2138189,a6218bb7d0b54bffa091c0271d01704dbe7588edca088d43c29173abd060da810703a521ed8b69c3b5ea3bff74aeaa3aec0a266ee1de41eb2559b1ded66943dc,08/27/2025 05:00:00 PM,1,DRIVER,,2038279,,HONDA,HR-V,IL,2019,UNKNOWN,SPORT UTILITY VEHICLE (SUV),PERSONAL,N,STRAIGHT AHEAD,,,1,,,,,,,Y,Y,Y,Y,N,,,,,,,SIDE-RIGHT-REAR,,,,,,,,,,,,,,,,,,,,,,,,,,,,,,,,,
2138190,a6218bb7d0b54bffa091c0271d01704dbe7588edca088d43c29173abd060da810703a521ed8b69c3b5ea3bff74aeaa3aec0a266ee1de41eb2559b1ded66943dc,08/27/2025 05:00:00 PM,2,DRIVER,,2038286,,FORD,EXPLORER,IL,2013,UNKNOWN,SPORT UTILITY VEHICLE (SUV),PERSONAL,W,STRAIGHT AHEAD,,,1,,,,,Y,,,,,,,,,,Y,Y,,FRONT,,,,,,,,,,,,,,,,,,,,,,,,,,,,,,,,,
2139477,f27198a2560537e398cbe5a5f73b8248ff2165e7c87ace126aa01a2edeec859b9cbf4df73778d441dc6f96cdbd6a6919a2dec2f73e6fecee018d28bfba519077,08/27/2025 05:00:00 PM,1,DRIVER,,2039487,,UNKNOWN,OTHER (EXPLAIN IN NARRATIVE),IL,,UNKNOWN,UNKNOWN/NA,UNKNOWN/NA,N,UNKNOWN/NA,,,1,,,,,,,,,,,,,,,,,Y,UNKNOWN,,,,,,,,,,,,,,,,,,,,,,,,,,,,,,,,,
2139478,f27198a2560537e398cbe5a5f73b8248ff2165e7c87ace126aa01a2edeec859b9cbf4df73778d441dc6f96cdbd6a6919a2dec2f73e6fecee018d28bfba519077,08/27/2025 05:00:00 PM,2,PARKED,,2039490,,FORD,EDGE,IL,2023,NONE,PASSENGER,PERSONAL,N,PARKED,,,0,,,,,,,,,,,Y,Y,Y,,,,,SIDE-LEFT,,,,,,,,,,,,,,,,,,,,,,,,,,,,,,,,,
2138153,7a2c188586e767081ee8920f8eaee89d26e8578c56bca23316dcc6d28c3bb049fbb33ff82324f47770a74c51196c6f1972f471e1da8d3d4a3dcda853e3a8aca6,08/27/2025 04:55:00 PM,1,DRIVER,,2038244,,MAZDA,CX-5,IL,2023,NONE,PASSENGER,PERSONAL,N,STRAIGHT AHEAD,Y,,1,,private tow,,,Y,Y,,,,,,,,,Y,Y,,FRONT-RIGHT-CORNER,,,,,,,,,,,,,,,,,,,,,,,,,,,,,,,,,
2138154,7a2c188586e767081ee8920f8eaee89d26e8578c56bca23316dcc6d28c3bb049fbb33ff82324f47770a74c51196c6f1972f471e1da8d3d4a3dcda853e3a8aca6,08/27/2025 04:55:00 PM,2,DRIVER,,2038248,,NISSAN,ALTIMA,IL,2013,NONE,PASSENGER,PERSONAL,W,STRAIGHT AHEAD,Y,,1,,private tow,,,,,,,,,,Y,Y,Y,Y,Y,,FRONT-LEFT-CORNER,,,,,,,,,,,,,,,,,,,,,,,,,,,,,,,,,
2138113,a862a60b3f653e8801de9d8461f1067d41de64717fd0359551998a25fbbaa39d7fa967aec5dc855261ebfc7635899d6435621c8bce555e7b6b2ef7e453aa0174,08/27/2025 04:51:00 PM,1,DRIVER,,2038209,,HARLEY-DAVIDSON,HARLEY-DAVIDSON,IL,2008,NONE,MOTORCYCLE (OVER 150CC),PERSONAL,W,STRAIGHT AHEAD,,,1,,,,,Y,,,,,,,,,,Y,Y,,FRONT,,,,,,,,,,,,,,,,,,,,,,,,,,,,,,,,,
2138114,a862a60b3f653e8801de9d8461f1067d41de64717fd0359551998a25fbbaa39d7fa967aec5dc855261ebfc7635899d6435621c8bce555e7b6b2ef7e453aa0174,08/27/2025 04:51:00 PM,2,DRIVER,,2038249,,TOYOTA,OTHER (EXPLAIN IN NARRATIVE),IL,2025,NONE,PASSENGER,OTHER,N,STRAIGHT AHEAD,,,1,,,,,,,,,Y,Y,Y,,,,,,,REAR,,,,,,,,,,,,,,,,,,,,,,,,,,,,,,,,,
2138139,c092f68c2def4d9b6af4c6f4abc8cbdc500b29030c6fafdf4307ff517762cf1092707337938aff5be364ff821a406c29d4c4b6016ba2eec5032d13a3bded990f,08/27/2025 04:51:00 PM,1,DRIVER,,2038245,,TOYOTA,CAMRY,IL,2008,NONE,PASSENGER,PERSONAL,W,STRAIGHT AHEAD,,,1,,,,,Y,,,,,,,,,,Y,Y,,FRONT,,,,,,,,,,,,,,,,,,,,,,,,,,,,,,,,,
2138140,c092f68c2def4d9b6af4c6f4abc8cbdc500b29030c6fafdf4307ff517762cf1092707337938aff5be364ff821a406c29d4c4b6016ba2eec5032d13a3bded990f,08/27/2025 04:51:00 PM,2,DRIVER,,2038255,,NISSAN,ALTIMA,IL,2021,UNKNOWN,PASSENGER,PERSONAL,W,STRAIGHT AHEAD,,,1,,,,,,,,,Y,Y,Y,,,,,,,REAR,,,,,,,,,,,,,,,,,,,,,,,,,,,,,,,,,
2138117,63b54c4c69e60bbe1ba45d26d0df730d89ee3df99420e3d2015b13ca724e4ee90d24138999b718aa66962e47a200c738c61a2fa383fcc84b3e3f7e2dabb81eae,08/27/2025 04:50:00 PM,1,DRIVER,,2038210,,MITSUBISHI,OUTLANDER,IL,2015,NONE,SPORT UTILITY VEHICLE (SUV),PERSONAL,N,STRAIGHT AHEAD,Y,,1,,insurnace,unknown,,Y,,,,,,,,,,,,,FRONT-RIGHT-CORNER,,,,,,,,,,,,,,,,,,,,,,,,,,,,,,,,,
2138118,63b54c4c69e60bbe1ba45d26d0df730d89ee3df99420e3d2015b13ca724e4ee90d24138999b718aa66962e47a200c738c61a2fa383fcc84b3e3f7e2dabb81eae,08/27/2025 04:50:00 PM,2,DRIVER,,2038220,,TOYOTA,PRIUS,IL,2015,NONE,PASSENGER,PERSONAL,N,SLOW/STOP IN TRAFFIC,,,1,,,,,,,,,,,Y,,,,,,,REAR-LEFT-CORNER,,,,,,,,,,,,,,,,,,,,,,,,,,,,,,,,,
2138076,acd5e658489598dc9e145bc9dbd513e594cd8b8ad45445ae9eab59e3a666c8797553f7cf0618be22c08bf575a8ab8b70e113cb47dc5a4ee53a6eb972ae319eea,08/27/2025 04:50:00 PM,1,DRIVER,,2038173,,CHEVROLET,EXPRESS,IL,2012,UNKNOWN,VAN/MINI-VAN,UNKNOWN/NA,E,BACKING,,,1,,,,,,N,N,N,,Y,,,,,,,Y,REAR,,,,,,,,,,,,,,,,,,,,,,,,,,,,,,,,,
2138077,acd5e658489598dc9e145bc9dbd513e594cd8b8ad45445ae9eab59e3a666c8797553f7cf0618be22c08bf575a8ab8b70e113cb47dc5a4ee53a6eb972ae319eea,08/27/2025 04:50:00 PM,2,DRIVER,,2038181,,HONDA,CR-V,IL,2015,UNKNOWN,SPORT UTILITY VEHICLE (SUV),PERSONAL,N,STRAIGHT AHEAD,,,1,,,,,,Y,Y,Y,,,,,,,,,,SIDE-RIGHT,,,,,,,,,,,,,,,,,,,,,,,,,,,,,,,,,
2138109,0ba3f731d1db2cb8af06dbd7e150ceadf5992140340519d5fb8682ad894911840e430336ab7da22ca3fa1adbaf1a344a0321561afc70a9a55d39a13467279c03,08/27/2025 04:47:00 PM,1,DRIVER,,2038200,,TOYOTA,YARIS,IL,2010,NONE,PASSENGER,PERSONAL,S,PASSING/OVERTAKING,,,1,,,,,,N,,,,,,,,Y,,,,SIDE-LEFT,,,,,,,,,,,,,,,,,,,,,,,,,,,,,,,,,
2138110,0ba3f731d1db2cb8af06dbd7e150ceadf5992140340519d5fb8682ad894911840e430336ab7da22ca3fa1adbaf1a344a0321561afc70a9a55d39a13467279c03,08/27/2025 04:47:00 PM,2,DRIVER,1,2038207,,SUBARU,WRX,IL,2015,NONE,PASSENGER,PERSONAL,S,STRAIGHT AHEAD,,,2,,,,,,,,,,,,,,Y,,,,SIDE-LEFT,,,,,,,,,,,,,,,,,,,,,,,,,,,,,,,,,
2138084,2245049c6d6963e7c1c800edb117df8f6004a6acb85480293df22be38a05a1e5792f849d47f39dba173fca22f2cbf9dae3ecee42acb42c123c6e9bf8cddc5141,08/27/2025 04:45:00 PM,1,DRIVER,,2038178,,DODGE,GRAND CARAVAN,IL,2012,UNKNOWN,PASSENGER,UNKNOWN/NA,E,STRAIGHT AHEAD,,,1,,,,,Y,,,,,,,,,,,,,TOTAL (ALL AREAS),,,,,,,,,,,,,,,,,,,,,,,,,,,,,,,,,
2138085,2245049c6d6963e7c1c800edb117df8f6004a6acb85480293df22be38a05a1e5792f849d47f39dba173fca22f2cbf9dae3ecee42acb42c123c6e9bf8cddc5141,08/27/2025 04:45:00 PM,2,PARKED,,2038187,,BMW,330I,IL,2020,UNKNOWN,PASSENGER,NOT IN USE,E,PARKED,,,0,,,,,,,,,,,Y,,,,,,,TOTAL (ALL AREAS),,,,,,,,,,,,,,,,,,,,,,,,,,,,,,,,,
2138107,a0e58aafa44590332f0da4512a59d593e583f5bf5a791b75266b03f1d8d68c665f4f5d65983ddc3aec8811724f866b48cefc4b74c8b09607b9a45726f071da44,08/27/2025 04:45:00 PM,1,DRIVER,,2038201,,BUICK,ENCLAVE,IL,2019,UNKNOWN,VAN/MINI-VAN,PERSONAL,S,STRAIGHT AHEAD,,,1,,,,,,,,,,,,,,,,Y,,FRONT,,,,,,,,,,,,,,,,,,,,,,,,,,,,,,,,,
2138108,a0e58aafa44590332f0da4512a59d593e583f5bf5a791b75266b03f1d8d68c665f4f5d65983ddc3aec8811724f866b48cefc4b74c8b09607b9a45726f071da44,08/27/2025 04:45:00 PM,2,DRIVER,3,2038212,,HONDA,ODYSSEY,IL,2007,NONE,VAN/MINI-VAN,PERSONAL,S,SLOW/STOP IN TRAFFIC,,,4,,,,,,,,,,Y,,,,,,,,REAR,,,,,,,,,,,,,,,,,,,,,,,,,,,,,,,,,
2138086,3966cdc9d18bcb891470ade287aca94af1c4031d585b00b7f4ef4baf17dfceb9d25dd9225a81caaaf4dee22bfcca2789037e69eef140ce45156ca2a691e0e9fc,08/27/2025 04:37:00 PM,1,DRIVER,,2038174,,UNKNOWN,OTHER (EXPLAIN IN NARRATIVE),IL,,UNKNOWN,PASSENGER,UNKNOWN/NA,UNKNOWN,UNKNOWN/NA,,,1,,,,,,,,,,,,,,,,,Y,UNKNOWN,,,,,,,,,,,,,,,,,,,,,,,,,,,,,,,,,
2138087,3966cdc9d18bcb891470ade287aca94af1c4031d585b00b7f4ef4baf17dfceb9d25dd9225a81caaaf4dee22bfcca2789037e69eef140ce45156ca2a691e0e9fc,08/27/2025 04:37:00 PM,2,PARKED,,2038185,,JEEP,COMPASS,IL,2021,UNKNOWN,PASSENGER,PERSONAL,UNKNOWN,PARKED,,,0,,,,,,,,,,,Y,Y,Y,,,,,UNKNOWN,,,,,,,,,,,,,,,,,,,,,,,,,,,,,,,,,
2138123,15261b2da148f47b0a767e95069133fdd0265c9cb5d069c292856ecaffe77bc769f8268f24eb05e4102bb75fcf6cf5790ab4828dff391480c1f6129672c41658,08/27/2025 04:35:00 PM,1,DRIVER,,2038214,,JEEP,GLADIATOR,IL,2023,NONE,PICKUP,PERSONAL,W,AVOIDING VEHICLES/OBJECTS,,,1,,,,Y,,,,,,,,,,,,,,FRONT-RIGHT-CORNER,,,,,,,,,,,,,,,,,,,,,,,,,,,,,,,,,
2138124,15261b2da148f47b0a767e95069133fdd0265c9cb5d069c292856ecaffe77bc769f8268f24eb05e4102bb75fcf6cf5790ab4828dff391480c1f6129672c41658,08/27/2025 04:35:00 PM,2,PARKED,,2038224,,DODGE,OTHER (EXPLAIN IN NARRATIVE),IL,1998,UNKNOWN,PASSENGER,NOT IN USE,W,PARKED,,,0,,,,,,,,,,,,Y,Y,,,,,REAR-RIGHT-CORNER,,,,,,,,,,,,,,,,,,,,,,,,,,,,,,,,,
2138063,d199d3bf7f63704b98d0100750e2641c22b5e88eaa81b86ab6556cbce2318737a24b7b0cda30501186bab47e991297ec81401075df83bdd038cfe44cad304083,08/27/2025 04:35:00 PM,1,DRIVER,,2038155,,DODGE,OTHER (EXPLAIN IN NARRATIVE),TN,2018,NONE,PICKUP,UNKNOWN/NA,E,U-TURN,,,1,,,,,,,,,,,,,,,,Y,,FRONT,,,,,,,,,,,,,,,,,,,,,,,,,,,,,,,,,
2138064,d199d3bf7f63704b98d0100750e2641c22b5e88eaa81b86ab6556cbce2318737a24b7b0cda30501186bab47e991297ec81401075df83bdd038cfe44cad304083,08/27/2025 04:35:00 PM,2,DRIVER,,2038165,,MAZDA,OTHER (EXPLAIN IN NARRATIVE),IL,2014,NONE,PASSENGER,PERSONAL,E,STRAIGHT AHEAD,,,1,,,,,,Y,Y,Y,,,,,,,,,,SIDE-RIGHT,,,,,,,,,,,,,,,,,,,,,,,,,,,,,,,,,
2138183,c319cf0519757ca145f685e73b96e89817720d7221d8e0a5e6437dbfa8e6f299a0cc96dd98149b3ba9c5e2da6ce2a1e57bf07cf3fe6a3057db740fc060704462,08/27/2025 04:34:00 PM,1,DRIVER,,2038352,,BMW,X3,IL,2015,UNKNOWN,SPORT UTILITY VEHICLE (SUV),PERSONAL,N,STRAIGHT AHEAD,,,1,,,,,Y,Y,,,,,,,,Y,Y,,Y,FRONT-RIGHT-CORNER,,,,,,,,,,,,,,,,,,,,,,,,,,,,,,,,,
2138184,c319cf0519757ca145f685e73b96e89817720d7221d8e0a5e6437dbfa8e6f299a0cc96dd98149b3ba9c5e2da6ce2a1e57bf07cf3fe6a3057db740fc060704462,08/27/2025 04:34:00 PM,2,DRIVER,,2038362,,MAZDA,MX-5,IL,2008,UNKNOWN,PASSENGER,PERSONAL,N,ENTERING TRAFFIC LANE FROM PARKING,,,1,,,,,Y,Y,Y,N,N,,Y,Y,Y,N,N,,Y,REAR-LEFT-CORNER,,,,,,,,,,,,,,,,,,,,,,,,,,,,,,,,,
2138185,c319cf0519757ca145f685e73b96e89817720d7221d8e0a5e6437dbfa8e6f299a0cc96dd98149b3ba9c5e2da6ce2a1e57bf07cf3fe6a3057db740fc060704462,08/27/2025 04:34:00 PM,3,DRIVER,1,2038368,,GENERAL MOTORS CORPORATION (GMC),ACADIA,IL,2008,UNKNOWN,SPORT UTILITY VEHICLE (SUV),PERSONAL,S,STRAIGHT AHEAD,,,2,,,,,,,,,,,Y,Y,Y,Y,,,Y,SIDE-LEFT,,,,,,,,,,,,,,,,,,,,,,,,,,,,,,,,,
2138186,c319cf0519757ca145f685e73b96e89817720d7221d8e0a5e6437dbfa8e6f299a0cc96dd98149b3ba9c5e2da6ce2a1e57bf07cf3fe6a3057db740fc060704462,08/27/2025 04:34:00 PM,4,PARKED,,2038371,,HYUNDAI,ELANTRA,IL,2010,UNKNOWN,PASSENGER,PERSONAL,N,PARKED,,,0,,,,,,,,,,,,,,Y,Y,,Y,FRONT-LEFT-CORNER,,,,,,,,,,,,,,,,,,,,,,,,,,,,,,,,,
2138171,186ac489ea0db41f14e1dbb4596f6c1c4dc86960516bb0c7fee2a3afa988899bc59d873f9334a83f277b13d0bc1be9a13ee66c90c58887d6c57345071b8b734f,08/27/2025 04:30:00 PM,1,DRIVER,,2038264,,VOLKSWAGEN,OTHER (EXPLAIN IN NARRATIVE),IL,2018,UNKNOWN,PASSENGER,PERSONAL,E,STRAIGHT AHEAD,,,1,,,,,Y,,,,,,,,,,Y,Y,,FRONT,,,,,,,,,,,,,,,,,,,,,,,,,,,,,,,,,
2138172,186ac489ea0db41f14e1dbb4596f6c1c4dc86960516bb0c7fee2a3afa988899bc59d873f9334a83f277b13d0bc1be9a13ee66c90c58887d6c57345071b8b734f,08/27/2025 04:30:00 PM,2,DRIVER,,2038269,,HYUNDAI,OTHER (EXPLAIN IN NARRATIVE),IL,2019,UNKNOWN,PASSENGER,PERSONAL,E,STRAIGHT AHEAD,,,1,,,,,Y,,,,Y,Y,Y,,,,Y,Y,,REAR,,,,,,,,,,,,,,,,,,,,,,,,,,,,,,,,,
2138173,186ac489ea0db41f14e1dbb4596f6c1c4dc86960516bb0c7fee2a3afa988899bc59d873f9334a83f277b13d0bc1be9a13ee66c90c58887d6c57345071b8b734f,08/27/2025 04:30:00 PM,3,DRIVER,,2038275,,NISSAN,OTHER (EXPLAIN IN NARRATIVE),IL,2006,UNKNOWN,PASSENGER,PERSONAL,E,STRAIGHT AHEAD,,,1,,,,,,,,,Y,Y,Y,,,,,,,REAR,,,,,,,,,,,,,,,,,,,,,,,,,,,,,,,,,
2138103,1ceb6bbac5770d20db1a54b56542e9df19cbcbd1ec4d29d8cafc41dc3d68cefa1c76689f73cdc727cc92c0ef33e8b8f9dbfa64c772eca03fad8b1b4af6f7da2a,08/27/2025 04:30:00 PM,1,DRIVER,,2038216,,UNKNOWN,MOTORIZED,IL,,UNKNOWN,UNKNOWN/NA,UNKNOWN/NA,UNKNOWN,UNKNOWN/NA,,,1,,,,,,,,,,,Y,Y,Y,Y,Y,,,SIDE-LEFT,,,,,,,,,,,,,,,,,,,,,,,,,,,,,,,,,
2138104,1ceb6bbac5770d20db1a54b56542e9df19cbcbd1ec4d29d8cafc41dc3d68cefa1c76689f73cdc727cc92c0ef33e8b8f9dbfa64c772eca03fad8b1b4af6f7da2a,08/27/2025 04:30:00 PM,2,PARKED,,2038199,,HONDA,RIDGELINE,IL,2013,NONE,TRUCK - SINGLE UNIT,PERSONAL,W,PARKED,,,0,,,,,,Y,Y,Y,,,,,,,,,,SIDE-RIGHT,,,,,,,,,,,,,,,,,,,,,,,,,,,,,,,,,
2138221,305782cb8765e140706bea4702ebd5210a3a640b167b0b80207600fbc01532a313c8d40e34af90db08c2dbacbdb4fcc96d444562d2980171f5cdc280b9f4ad02,08/27/2025 04:30:00 PM,1,DRIVER,,2038343,,FORD,F550,IL,2022,NONE,TRUCK - SINGLE UNIT,TOW TRUCK,W,BACKING,,,1,,,,Y,,,,,,,,,,,,,,REAR,,,,,,,,,,,,,,,,,,,,,,,,,,,,,,,,,
2138222,305782cb8765e140706bea4702ebd5210a3a640b167b0b80207600fbc01532a313c8d40e34af90db08c2dbacbdb4fcc96d444562d2980171f5cdc280b9f4ad02,08/27/2025 04:30:00 PM,2,PARKED,,2038328,,CADILLAC,CTS,IL,2009,NONE,PASSENGER,NOT IN USE,E,PARKED,,,0,,,,,,,,,Y,Y,,,,,,,,REAR,,,,,,,,,,,,,,,,,,,,,,,,,,,,,,,,,
2138287,d24460ae066d5d0743c44ee5fa32315bb5f3708cc7a069b642733acde31c3c456565b30b6712618fa47bfcd6ac27aa0878688ad6654cbb4c59ea2e2cb13f498b,08/27/2025 04:30:00 PM,1,DRIVER,2,2038376,,TOYOTA,COROLLA,IL,2015,NONE,PASSENGER,PERSONAL,E,STRAIGHT AHEAD,Y,,3,,owner,7524 s essex ave apt #3-s,,Y,,,,,,,,,,Y,Y,,FRONT,,,,,,,,,,,,,,,,,,,,,,,,,,,,,,,,,
2138288,d24460ae066d5d0743c44ee5fa32315bb5f3708cc7a069b642733acde31c3c456565b30b6712618fa47bfcd6ac27aa0878688ad6654cbb4c59ea2e2cb13f498b,08/27/2025 04:30:00 PM,2,DRIVER,,2038381,,NISSAN,ROGUE,IL,2011,NONE,PASSENGER,PERSONAL,N,STRAIGHT AHEAD,,,1,,,,,,,,,Y,,Y,Y,Y,Y,Y,,,SIDE-LEFT-REAR,,,,,,,,,,,,,,,,,,,,,,,,,,,,,,,,,
2138058,e908149800101d3bb9cb4edbe4a2ea6586fc88154bb964cd70b7518c418033b3d5dc4254e7c13c45aaeab1c152291239a97cb83c520b483f51958f7b19de7023,08/27/2025 04:28:00 PM,1,DRIVER,,2038203,,SAAB,9-7X,IL,2006,UNKNOWN,PASSENGER,PERSONAL,N,CHANGING LANES,,,1,,,,,,,,,,,,,,,Y,,,FRONT-LEFT-CORNER,,,,,,,,,,,,,,,,,,,,,,,,,,,,,,,,,
2138059,e908149800101d3bb9cb4edbe4a2ea6586fc88154bb964cd70b7518c418033b3d5dc4254e7c13c45aaeab1c152291239a97cb83c520b483f51958f7b19de7023,08/27/2025 04:28:00 PM,2,DRIVER,,2038208,,AUDI,A4,IL,2017,UNKNOWN,PASSENGER,PERSONAL,N,SLOW/STOP IN TRAFFIC,,,1,,,,,Y,,,,,,,,,,,,,FRONT-RIGHT-CORNER,,,,,,,,,,,,,,,,,,,,,,,,,,,,,,,,,
2138095,090bc3e66a3563930d5440f16e70a2a797dafcde38c6f28eb69acbd2f5bc62b1e7cdb12c1ff05eade9b04e86562dcf277eafaea2f442e1f8226f614a2c6ddbdf,08/27/2025 04:25:00 PM,1,DRIVER,,2038194,,HONDA,ACCORD,IL,2004,UNKNOWN,PASSENGER,PERSONAL,S,BACKING,,,1,,,,,,,,,Y,Y,Y,,,,,,,REAR,,,,,,,,,,,,,,,,,,,,,,,,,,,,,,,,,
2138096,090bc3e66a3563930d5440f16e70a2a797dafcde38c6f28eb69acbd2f5bc62b1e7cdb12c1ff05eade9b04e86562dcf277eafaea2f442e1f8226f614a2c6ddbdf,08/27/2025 04:25:00 PM,2,PARKED,,2038259,,JEEP,WRANGLER,IN,,UNKNOWN,PASSENGER,PERSONAL,N,PARKED,,,0,,,,,,,,,,,,,,,Y,Y,,FRONT-LEFT-CORNER,,,,,,,,,,,,,,,,,,,,,,,,,,,,,,,,,
2138045,349ada474e7bacfc077eade6c788a6c058cc19310655ebad979f96359649636f788d19e064b11edfe32e0961861cc5241799c5ee5c6feeea0708bd4a45e9dea6,08/27/2025 04:25:00 PM,1,DRIVER,1,2038137,,JEEP,CHEROKEE,IL,2001,NONE,PASSENGER,PERSONAL,N,STRAIGHT AHEAD,Y,,2,,PRIVATE TOW,DNA,,Y,Y,Y,N,,,,,,,,,,SIDE-RIGHT,,,,,,,,,,,,,,,,,,,,,,,,,,,,,,,,,