CRASH_UNIT_ID,CRASH_RECORD_ID,CRASH_DATE,UNIT_NO,UNIT_TYPE,NUM_PASSENGERS,VEHICLE_ID,CMRC_VEH_I,MAKE,MODEL,LIC_PLATE_STATE,VEHICLE_YEAR,VEHICLE_DEFECT,VEHICLE_TYPE,VEHICLE_USE,TRAVEL_DIRECTION,MANEUVER,TOWED_I,FIRE_I,OCCUPANT_CNT,EXCEED_SPEED_LIMIT_I,TOWED_BY,TOWED_TO,AREA_00_I,AREA_01_I,AREA_02_I,AREA_03_I,AREA_04_I,AREA_05_I,AREA_06_I,AREA_07_I,AREA_08_I,AREA_09_I,AREA_10_I,AREA_11_I,AREA_12_I,AREA_99_I,FIRST_CONTACT_POINT,CMV_ID,USDOT_NO,CCMC_NO,ILCC_NO,COMMERCIAL_SRC,GVWR,CARRIER_NAME,CARRIER_STATE,CARRIER_CITY,HAZMAT_PLACARDS_I,HAZMAT_NAME,UN_NO,HAZMAT_PRESENT_I,HAZMAT_REPORT_I,HAZMAT_REPORT_NO,MCS_REPORT_I,MCS_REPORT_NO,HAZMAT_VIO_CAUSE_CRASH_I,MCS_VIO_CAUSE_CRASH_I,IDOT_PERMIT_NO,WIDE_LOAD_I,TRAILER1_WIDTH,TRAILER2_WIDTH,TRAILER1_LENGTH,TRAILER2_LENGTH,TOTAL_VEHICLE_LENGTH,AXLE_CNT,VEHICLE_CONFIG,CARGO_BODY_TYPE,LOAD_TYPE,HAZMAT_OUT_OF_SERVICE_I,MCS_OUT_OF_SERVICE_I,HAZMAT_CLASS
2138046,349ada474e7bacfc077eade6c788a6c058cc19310655ebad979f96359649636f788d19e064b11edfe32e0961861cc5241799c5ee5c6feeea0708bd4a45e9dea6,08/27/2025 04:25:00 PM,2,DRIVER,,2038152,,SUBARU,IMPREZA,IL,2016,NONE,PASSENGER,PERSONAL,W,STRAIGHT AHEAD,,,1,,,,,Y,,,,,,,,,Y,Y,Y,,FRONT,,,,,,,,,,,,,,,,,,,,,,,,,,,,,,,,,
2138022,71c0f195e1ed8d8a1c90607d4146bbbca8581f40d8769fb28047c7e7bceac85072ea4d1944e6bc8a4cdf234d461d1621735baee9c04662d1901e6e72c8d04916,08/27/2025 04:25:00 PM,1,DRIVER,,2038114,,TOYOTA,HIGHLANDER,IL,2019,NONE,PASSENGER,PERSONAL,S,CHANGING LANES,,,1,,,,,,Y,Y,N,,,,,,,,,,SIDE-RIGHT,,,,,,,,,,,,,,,,,,,,,,,,,,,,,,,,,
2138023,71c0f195e1ed8d8a1c90607d4146bbbca8581f40d8769fb28047c7e7bceac85072ea4d1944e6bc8a4cdf234d461d1621735baee9c04662d1901e6e72c8d04916,08/27/2025 04:25:00 PM,2,DRIVER,,2038118,,HONDA,CIVIC,IL,2025,NONE,PASSENGER,PERSONAL,S,STRAIGHT AHEAD,,,1,,,,,,,,,,,,,Y,Y,Y,,,REAR-RIGHT-CORNER,,,,,,,,,,,,,,,,,,,,,,,,,,,,,,,,,
2138270,41e09a28d3732a92fad460282ee8384156534acd414992d035606754f9d2f3283bc6717ca7caee81bb2396962fa4a85183186dca038faa340af9dda30d6d3f82,08/27/2025 04:22:00 PM,1,DRIVER,1,2038400,,SUZUKI,MOTORCYCLE,IL,2009,UNKNOWN,MOTORCYCLE (OVER 150CC),PERSONAL,S,STRAIGHT AHEAD,Y,,2,,,S&S,,N,,,,,,,,N,N,N,N,,FRONT,,,,,,,,,,,,,,,,,,,,,,,,,,,,,,,,,
2138271,41e09a28d3732a92fad460282ee8384156534acd414992d035606754f9d2f3283bc6717ca7caee81bb2396962fa4a85183186dca038faa340af9dda30d6d3f82,08/27/2025 04:22:00 PM,2,DRIVER,,2038405,,ACURA,TLX,IL,2017,UNKNOWN,PASSENGER,PERSONAL,E,STRAIGHT AHEAD,Y,,1,,S&S,,,Y,,,,,,,,Y,Y,Y,Y,,FRONT-LEFT-CORNER,,,,,,,,,,,,,,,,,,,,,,,,,,,,,,,,,
2138099,b6f9b3c4ebc37ca89321427142a8fd148570ef7b46c147f8333041d9b6e399dca95cb34abe9c3cc81f89a3fa52d7147803dc67500c9d83d385c891356f1ab7c3,08/27/2025 04:22:00 PM,1,DRIVER,,2038190,,MERCEDES-BENZ,OTHER (EXPLAIN IN NARRATIVE),IL,2013,NONE,PASSENGER,UNKNOWN/NA,S,STRAIGHT AHEAD,,,1,,,,,,,,,,,,,,,,Y,,FRONT,,,,,,,,,,,,,,,,,,,,,,,,,,,,,,,,,
2138100,b6f9b3c4ebc37ca89321427142a8fd148570ef7b46c147f8333041d9b6e399dca95cb34abe9c3cc81f89a3fa52d7147803dc67500c9d83d385c891356f1ab7c3,08/27/2025 04:22:00 PM,2,DRIVER,,2038195,,HYUNDAI,SONATA,TN,2023,NONE,PASSENGER,PERSONAL,S,SLOW/STOP IN TRAFFIC,,,1,,,,,,,,,,Y,,,,,,,,REAR,,,,,,,,,,,,,,,,,,,,,,,,,,,,,,,,,
2138125,1c0786cec86f9b8cfd783e0636be515f0d0427c67ec70456bd48311ad3e35a666565ad6ce0e50050570f08863ab88b9845a3a71fe5d59a22d34d0d678b69c68a,08/27/2025 04:20:00 PM,1,DRIVER,,2038274,,UNKNOWN,MOTORIZED,IL,,UNKNOWN,MOPED OR MOTORIZED BICYCLE,RIDESHARE SERVICE,N,STRAIGHT AHEAD,,,1,,,,,,,,,,,,,,,,,Y,FRONT,,,,,,,,,,,,,,,,,,,,,,,,,,,,,,,,,
2138126,1c0786cec86f9b8cfd783e0636be515f0d0427c67ec70456bd48311ad3e35a666565ad6ce0e50050570f08863ab88b9845a3a71fe5d59a22d34d0d678b69c68a,08/27/2025 04:20:00 PM,2,DRIVER,,2038293,,HONDA,CIVIC,FL,2020,UNKNOWN,PASSENGER,PERSONAL,W,STRAIGHT AHEAD,,,1,,,,,,,,,,,,Y,Y,Y,,,,SIDE-LEFT,,,,,,,,,,,,,,,,,,,,,,,,,,,,,,,,,
2138178,460e3d675381d853872c8666e122d00a8f38d5e0367516b46b92f3e5fbc341b6f592f161710959431c3f6e5f9bdbf89fe4d1c0673e4b01f4dbe3b384e8f0a014,08/27/2025 04:20:00 PM,1,DRIVER,,2038276,,UNKNOWN,OTHER (EXPLAIN IN NARRATIVE),,,UNKNOWN,PICKUP,UNKNOWN/NA,N,STRAIGHT AHEAD,,,1,,,,,Y,,,,,,,,,,Y,Y,,FRONT,,,,,,,,,,,,,,,,,,,,,,,,,,,,,,,,,
2138179,460e3d675381d853872c8666e122d00a8f38d5e0367516b46b92f3e5fbc341b6f592f161710959431c3f6e5f9bdbf89fe4d1c0673e4b01f4dbe3b384e8f0a014,08/27/2025 04:20:00 PM,2,DRIVER,,2038284,,CHEVROLET,TAHOE,IL,2003,UNKNOWN,SPORT UTILITY VEHICLE (SUV),PERSONAL,E,STRAIGHT AHEAD,Y,,1,,PERSONAL TOW,1816 N KOSTNER,,Y,,,,,,,,,,Y,Y,,FRONT,,,,,,,,,,,,,,,,,,,,,,,,,,,,,,,,,
2138180,460e3d675381d853872c8666e122d00a8f38d5e0367516b46b92f3e5fbc341b6f592f161710959431c3f6e5f9bdbf89fe4d1c0673e4b01f4dbe3b384e8f0a014,08/27/2025 04:20:00 PM,3,DRIVER,,2038292,,BUICK,ENVISION,IL,2022,UNKNOWN,SPORT UTILITY VEHICLE (SUV),PERSONAL,W,STRAIGHT AHEAD,,,1,,,,,Y,,,,,,,,,Y,Y,Y,,FRONT,,,,,,,,,,,,,,,,,,,,,,,,,,,,,,,,,
2138018,91804cc9c9fe1a83a1a1b0b8dd8b9b78b92fad9eec5ec30ec006127d814fa96afe6ca1e2fcdb792b61636fa98052b0b02877b9ce4ec9829919dfd3992e557fc0,08/27/2025 04:20:00 PM,1,DRIVER,1,2038120,,AUDI,Q5,IL,2017,NONE,SPORT UTILITY VEHICLE (SUV),PERSONAL,N,STRAIGHT AHEAD,,,2,,,,,Y,,,,,,,,,,Y,Y,,FRONT,,,,,,,,,,,,,,,,,,,,,,,,,,,,,,,,,
2138019,91804cc9c9fe1a83a1a1b0b8dd8b9b78b92fad9eec5ec30ec006127d814fa96afe6ca1e2fcdb792b61636fa98052b0b02877b9ce4ec9829919dfd3992e557fc0,08/27/2025 04:20:00 PM,2,DRIVER,,2038117,,MAZDA,MAZDA3,IL,2024,NONE,PASSENGER,PERSONAL,N,SLOW/STOP IN TRAFFIC,,,1,,,,,,,,,Y,Y,Y,,,,,,,REAR,,,,,,,,,,,,,,,,,,,,,,,,,,,,,,,,,
2138044,8e0652e0112e753d22d830a9ad9fb2cbecba4d9241e44f5259098db06b3af5fe80cf767150adf2cda83d10d7e3536768a388cf7bd5a82d323ff38903fce88b0f,08/27/2025 04:16:00 PM,1,DRIVER,,2038141,Y,VOLVO,TRUCK,CA,2023,UNKNOWN,TRACTOR W/ SEMI-TRAILER,COMMERCIAL - SINGLE UNIT,W,STRAIGHT AHEAD,,,1,,,,,,,,,,,,,,,,N,,TOP,"22,089",4357186,,,DRIVER,,RAMIREZ & SONS,CA,CORONA,,,,,,,,,,,,,,,,,,,TRACTOR/SEMI-TRAILER,VAN/ENCLOSED BOX,OTHER,,,
2138119,ffe4f25da5af275adf387fcf5964e45b5307659012dc7030b04d5be81605d55840f36ca6c114a9b6ec9f64f31b07806822951a0e3d7f00843de8405b314b862f,08/27/2025 04:15:00 PM,1,DRIVER,3,2038213,,CADILLAC,SRX,IL,2010,UNKNOWN,SPORT UTILITY VEHICLE (SUV),UNKNOWN/NA,N,STRAIGHT AHEAD,,,4,,,,,,,,,,,,,,,,Y,,FRONT,,,,,,,,,,,,,,,,,,,,,,,,,,,,,,,,,
2138120,ffe4f25da5af275adf387fcf5964e45b5307659012dc7030b04d5be81605d55840f36ca6c114a9b6ec9f64f31b07806822951a0e3d7f00843de8405b314b862f,08/27/2025 04:15:00 PM,2,DRIVER,3,2038226,,JEEP,COMPASS,IL,2021,UNKNOWN,SPORT UTILITY VEHICLE (SUV),UNKNOWN/NA,N,SLOW/STOP IN TRAFFIC,,,4,,,,,,,,,,Y,,,,,,,,REAR,,,,,,,,,,,,,,,,,,,,,,,,,,,,,,,,,
2138072,69778340b88dc181c0856143c8bdc87b74d6a5884e042b51b4da213dde4d332b7d06040d703389d98a7830eeb3cd9e067f3d621f79cd5f9ac8ecdee0a4d59da5,08/27/2025 04:10:00 PM,1,DRIVER,,2038164,,FORD,F150,IL,2013,UNKNOWN,SPORT UTILITY VEHICLE (SUV),PERSONAL,SW,STRAIGHT AHEAD,,,1,,,,,,,,,,,,,,,,Y,,FRONT,,,,,,,,,,,,,,,,,,,,,,,,,,,,,,,,,
2138073,69778340b88dc181c0856143c8bdc87b74d6a5884e042b51b4da213dde4d332b7d06040d703389d98a7830eeb3cd9e067f3d621f79cd5f9ac8ecdee0a4d59da5,08/27/2025 04:10:00 PM,2,DRIVER,,2038182,,ACURA,TLX,IL,2002,NONE,PASSENGER,PERSONAL,SW,SLOW/STOP IN TRAFFIC,,,1,,,,,,,,,Y,Y,Y,,,,,,,REAR,,,,,,,,,,,,,,,,,,,,,,,,,,,,,,,,,
2138026,20cd558cbfe2c1a0770857dd0f40ac105ab8f18f542e7f0e43141b1812cbbd30198c42f720671797edf8fa5c1b78115d53e5c39ab7fbb04273dcf4448c210172,08/27/2025 04:02:00 PM,1,DRIVER,1,2038122,,FORD,EXPLORER,IL,2024,NONE,SPORT UTILITY VEHICLE (SUV),POLICE,S,BACKING,,,2,,,,,,,,,,,Y,Y,,,,,,REAR-LEFT-CORNER,,,,,,,,,,,,,,,,,,,,,,,,,,,,,,,,,
2138027,20cd558cbfe2c1a0770857dd0f40ac105ab8f18f542e7f0e43141b1812cbbd30198c42f720671797edf8fa5c1b78115d53e5c39ab7fbb04273dcf4448c210172,08/27/2025 04:02:00 PM,2,PARKED,,2038127,,OLDSMOBILE,OTHER (EXPLAIN IN NARRATIVE),IL,2003,UNKNOWN,PASSENGER,PERSONAL,UNKNOWN,PARKED,,,0,,,,,,,,,,,,,,,Y,Y,,FRONT-LEFT-CORNER,,,,,,,,,,,,,,,,,,,,,,,,,,,,,,,,,
2138259,0e724cbcfabdc790cdda65a66493aaec0ae51cbdf1b63bd8a3abc683ccdeeaab5f3a5094f1a509eca330d2c30d7fb199ad574eed45494fc2fa5bce1e3443709f,08/27/2025 04:00:00 PM,1,DRIVER,,2038350,,UNKNOWN,OTHER (EXPLAIN IN NARRATIVE),IL,,UNKNOWN,UNKNOWN/NA,UNKNOWN/NA,S,UNKNOWN/NA,,,1,,,,,,,,,,,,,,,,,Y,UNKNOWN,,,,,,,,,,,,,,,,,,,,,,,,,,,,,,,,,
2138260,0e724cbcfabdc790cdda65a66493aaec0ae51cbdf1b63bd8a3abc683ccdeeaab5f3a5094f1a509eca330d2c30d7fb199ad574eed45494fc2fa5bce1e3443709f,08/27/2025 04:00:00 PM,2,PARKED,,2038347,,FORD,OTHER (EXPLAIN IN NARRATIVE),IL,2020,NONE,VAN/MINI-VAN,NOT IN USE,S,PARKED,,,0,,,,,,Y,Y,,,,,,,,,,,SIDE-RIGHT-FRONT,,,,,,,,,,,,,,,,,,,,,,,,,,,,,,,,,
2138133,32b92e335146b4acd50fe729184bb5f01fd9c33a721fdbbc63e3fbf89704eabd02b1047f274c9185992b12f55db10b1fd0813fecb99bcb3d6dc10deb25f5c0c8,08/27/2025 04:00:00 PM,1,DRIVER,,2038229,,NISSAN,ALTIMA,IL,2012,UNKNOWN,PASSENGER,UNKNOWN/NA,N,STRAIGHT AHEAD,,,1,,,,,,,,,,,,,,,Y,,,FRONT-LEFT-CORNER,,,,,,,,,,,,,,,,,,,,,,,,,,,,,,,,,
2138134,32b92e335146b4acd50fe729184bb5f01fd9c33a721fdbbc63e3fbf89704eabd02b1047f274c9185992b12f55db10b1fd0813fecb99bcb3d6dc10deb25f5c0c8,08/27/2025 04:00:00 PM,2,PARKED,1,2038236,,GENERAL MOTORS CORPORATION (GMC),ACADIA,IL,2017,UNKNOWN,PASSENGER,UNKNOWN/NA,N,PARKED,,,1,,,,,,,,,Y,,,,,,,,,SIDE-RIGHT-REAR,,,,,,,,,,,,,,,,,,,,,,,,,,,,,,,,,
2138070,6bbbb1852717b37c71f2f3f2e5e9731ada7ab0015fef9026f408008c6777d9076a22494b7f3c090f72a736d4d63aae63a4df100d853f576357632af90453a40f,08/27/2025 04:00:00 PM,1,DRIVER,,2038170,,LINCOLN,AVIATOR,IL,2020,UNKNOWN,PASSENGER,PERSONAL,SE,TURNING LEFT,Y,,1,,PRIVATE,UNKNOWN,,,,,,,,,,,Y,Y,,,FRONT-LEFT-CORNER,,,,,,,,,,,,,,,,,,,,,,,,,,,,,,,,,
2138071,6bbbb1852717b37c71f2f3f2e5e9731ada7ab0015fef9026f408008c6777d9076a22494b7f3c090f72a736d4d63aae63a4df100d853f576357632af90453a40f,08/27/2025 04:00:00 PM,2,DRIVER,,2038196,,PONTIAC,GRAND PRIX,IL,2005,UNKNOWN,PASSENGER,PERSONAL,W,STRAIGHT AHEAD,,,1,,,,,,,,,,,,,,,,Y,,FRONT,,,,,,,,,,,,,,,,,,,,,,,,,,,,,,,,,
2138111,9e930197817bf46e788ab24bff79510e9903ba5c2a415859c6a2882caec025968b0e02fd29ca93428fa5990bc8076f2202a19fe94409080be9c4d639e711fa1c,08/27/2025 04:00:00 PM,1,DRIVER,,2038239,,UNKNOWN,OTHER (EXPLAIN IN NARRATIVE),,,NONE,PASSENGER,UNKNOWN/NA,UNKNOWN,STRAIGHT AHEAD,,,1,,,,,,,,,,,,,,,,,Y,UNKNOWN,,,,,,,,,,,,,,,,,,,,,,,,,,,,,,,,,
2138112,9e930197817bf46e788ab24bff79510e9903ba5c2a415859c6a2882caec025968b0e02fd29ca93428fa5990bc8076f2202a19fe94409080be9c4d639e711fa1c,08/27/2025 04:00:00 PM,2,DRIVER,,2038234,,TOYOTA,C-HR,IL,2019,UNKNOWN,SPORT UTILITY VEHICLE (SUV),PERSONAL,W,TURNING RIGHT,,,1,,,,,,,,,,,,,Y,,,,,SIDE-LEFT,,,,,,,,,,,,,,,,,,,,,,,,,,,,,,,,,
2138049,a550610eb586d4cca81aaf3bbd4b1e1c7d7a1d4154505de3299a040653d61423d26e76c082c9a770809720c92c796047084d0e4009c6fb8298caab3925e3d708,08/27/2025 04:00:00 PM,1,DRIVER,,2038139,,HONDA,FIT,IL,2010,NONE,PASSENGER,PERSONAL,SW,TURNING LEFT,,,1,,,,,Y,Y,,,,,,,,,,Y,,FRONT-RIGHT-CORNER,,,,,,,,,,,,,,,,,,,,,,,,,,,,,,,,,
2138050,a550610eb586d4cca81aaf3bbd4b1e1c7d7a1d4154505de3299a040653d61423d26e76c082c9a770809720c92c796047084d0e4009c6fb8298caab3925e3d708,08/27/2025 04:00:00 PM,2,DRIVER,,2038148,,NISSAN,ROGUE,IL,2015,NONE,PASSENGER,PERSONAL,NW,STRAIGHT AHEAD,,,1,,,,,Y,,,,,,,,,,Y,Y,,FRONT,,,,,,,,,,,,,,,,,,,,,,,,,,,,,,,,,
2139464,a89daaef0f21042f5334d903596440485cafe7c66f078ee500b8f8074f0b5ad3d32d88ae11190e29da09697be56cce2c87f358a9124031ee5250af63c7f94725,08/27/2025 04:00:00 PM,1,DRIVER,,2039477,,CHEVROLET,OTHER (EXPLAIN IN NARRATIVE),IL,2011,NONE,PASSENGER,PERSONAL,E,STRAIGHT AHEAD,,,1,,,,,Y,,,,,,,,,,Y,Y,,FRONT,,,,,,,,,,,,,,,,,,,,,,,,,,,,,,,,,
2139465,a89daaef0f21042f5334d903596440485cafe7c66f078ee500b8f8074f0b5ad3d32d88ae11190e29da09697be56cce2c87f358a9124031ee5250af63c7f94725,08/27/2025 04:00:00 PM,2,DRIVER,,2039481,,INFINITI,FX35,IL,2012,NONE,PASSENGER,PERSONAL,E,STRAIGHT AHEAD,,,1,,,,,,,,,Y,Y,Y,,,,,,,REAR,,,,,,,,,,,,,,,,,,,,,,,,,,,,,,,,,
2138155,407282a53f6d89a106e9df1a739f9f1b8d60c8533112cf4c8ad309bab29899b54a6302fd6373d4bf42b3426c51ed51c0e2d21f726bfb9bba7625144bd01c6c9a,08/27/2025 03:53:00 PM,1,DRIVER,,2038247,,TOYOTA,SIENNA,IL,2024,UNKNOWN,VAN/MINI-VAN,UNKNOWN/NA,UNKNOWN,STRAIGHT AHEAD,,,1,,,,,,,,,,,,,,,,Y,,FRONT,,,,,,,,,,,,,,,,,,,,,,,,,,,,,,,,,
2138156,407282a53f6d89a106e9df1a739f9f1b8d60c8533112cf4c8ad309bab29899b54a6302fd6373d4bf42b3426c51ed51c0e2d21f726bfb9bba7625144bd01c6c9a,08/27/2025 03:53:00 PM,2,PARKED,1,2038253,,TOYOTA,CAMRY,IL,2014,UNKNOWN,PASSENGER,UNKNOWN/NA,UNKNOWN,PARKED,,,1,,,,,,,,,,Y,,,,,,,,REAR,,,,,,,,,,,,,,,,,,,,,,,,,,,,,,,,,
2138613,495e0e1e4581e0d60fdd839356a5e5ad8c69bc2e9a87ea57f397320397d3e953ddadc8be2799cd9fb5c059ee4687bcbc7a5c8849b78e665a3588ec02ed89e1db,08/27/2025 03:50:00 PM,1,DRIVER,,2038688,,AUTOCAR,AUTOCAR,IL,,UNKNOWN,UNKNOWN/NA,UNKNOWN/NA,W,STRAIGHT AHEAD,,,1,,,,,Y,,,,,,,,,,,Y,,FRONT-RIGHT-CORNER,,,,,,,,,,,,,,,,,,,,,,,,,,,,,,,,,
2138614,495e0e1e4581e0d60fdd839356a5e5ad8c69bc2e9a87ea57f397320397d3e953ddadc8be2799cd9fb5c059ee4687bcbc7a5c8849b78e665a3588ec02ed89e1db,08/27/2025 03:50:00 PM,2,DRIVER,,2038692,,CHRYSLER,PACIFICA,IL,2018,UNKNOWN,VAN/MINI-VAN,PERSONAL,W,STRAIGHT AHEAD,,,1,,,,,,,,,,Y,Y,,,,,,,REAR-LEFT-CORNER,,,,,,,,,,,,,,,,,,,,,,,,,,,,,,,,,
2138040,cbeea81936388eca5db06f4a87ab1de98c818ce2ff1bb85e5519c77ebe3a5ab331f932d05e7e49ee93d3ff5f1f06bda5332e73d5fcabce1dec8ecfc9a2134ed3,08/27/2025 03:50:00 PM,1,DRIVER,,2038131,,UNKNOWN,OTHER (EXPLAIN IN NARRATIVE),,,UNKNOWN,OTHER,PERSONAL,UNKNOWN,UNKNOWN/NA,,,1,,,,,,,,,,,,,,,,,Y,UNKNOWN,,,,,,,,,,,,,,,,,,,,,,,,,,,,,,,,,
2138041,cbeea81936388eca5db06f4a87ab1de98c818ce2ff1bb85e5519c77ebe3a5ab331f932d05e7e49ee93d3ff5f1f06bda5332e73d5fcabce1dec8ecfc9a2134ed3,08/27/2025 03:50:00 PM,2,PARKED,,2038138,,DODGE,RAM 1500 PU,IL,2022,NONE,PICKUP,PERSONAL,UNKNOWN,PARKED,,,0,,,,,,,,,,,Y,Y,,,,,,REAR-LEFT-CORNER,,,,,,,,,,,,,,,,,,,,,,,,,,,,,,,,,
2138030,1de835a3b034d36a3210547ea4f8205867f55be864ac08dce42937febc585f363777a3eabcc722b9cd76c8125a249a8707fe3a218516c9d3f28f47d1961d7160,08/27/2025 03:49:00 PM,1,DRIVER,,2038130,,LINCOLN,NAUTILUS,IL,2025,NONE,SPORT UTILITY VEHICLE (SUV),TAXI/FOR HIRE,N,PASSING/OVERTAKING,,,1,,,,,,,,,,,Y,,,,,,,REAR-LEFT-CORNER,,,,,,,,,,,,,,,,,,,,,,,,,,,,,,,,,
2138031,1de835a3b034d36a3210547ea4f8205867f55be864ac08dce42937febc585f363777a3eabcc722b9cd76c8125a249a8707fe3a218516c9d3f28f47d1961d7160,08/27/2025 03:49:00 PM,2,DRIVER,,2038145,,CHEVROLET,TRAVERSE,IL,2025,NONE,SPORT UTILITY VEHICLE (SUV),PERSONAL,N,STRAIGHT AHEAD,,,1,,,,,Y,,,,,,,,,,,,,FRONT-RIGHT-CORNER,,,,,,,,,,,,,,,,,,,,,,,,,,,,,,,,,
2138673,1659f813502a3f59ce06fd51d9d861c23385a29b9f19b1ad0aff7d8c746d2143dedae917bf163ea6c9b51463087cb51e1294119f6fb32b2e424b0f5fc2d7f0e6,08/27/2025 03:45:00 PM,1,DRIVER,,2038741,,DODGE,RAM 1500 VAN,,2025,UNKNOWN,PICKUP,PERSONAL,W,STRAIGHT AHEAD,,,1,,,,,,,,,,,,,,,,,Y,UNKNOWN,,,,,,,,,,,,,,,,,,,,,,,,,,,,,,,,,
2138674,1659f813502a3f59ce06fd51d9d861c23385a29b9f19b1ad0aff7d8c746d2143dedae917bf163ea6c9b51463087cb51e1294119f6fb32b2e424b0f5fc2d7f0e6,08/27/2025 03:45:00 PM,2,DRIVER,,2038742,,TOYOTA,CAMRY,IL,2017,NONE,PASSENGER,PERSONAL,W,STRAIGHT AHEAD,,,1,,,,,,,,,,,Y,N,,,,,,SIDE-LEFT,,,,,,,,,,,,,,,,,,,,,,,,,,,,,,,,,
2141214,333cd87560a83529449c9673674019946cb78e1977598cc3651bc471c58e5cd47741df3eacaa432bbe438f87446d4f2ea53de215bf2b50f11a102d37103749f8,08/27/2025 03:45:00 PM,1,DRIVER,,2041164,,UNKNOWN,OTHER (EXPLAIN IN NARRATIVE),,,UNKNOWN,UNKNOWN/NA,UNKNOWN/NA,UNKNOWN,UNKNOWN/NA,,,1,,,,,,,,,,,,,,,,,Y,UNKNOWN,,,,,,,,,,,,,,,,,,,,,,,,,,,,,,,,,
2141215,333cd87560a83529449c9673674019946cb78e1977598cc3651bc471c58e5cd47741df3eacaa432bbe438f87446d4f2ea53de215bf2b50f11a102d37103749f8,08/27/2025 03:45:00 PM,2,PARKED,,2041177,,MAZDA,CX-5,OH,,NONE,SPORT UTILITY VEHICLE (SUV),OTHER,UNKNOWN,PARKED,,,0,,,,,,,,,,,,,,Y,Y,,,SIDE-LEFT-FRONT,,,,,,,,,,,,,,,,,,,,,,,,,,,,,,,,,
2138008,b5e2024e10fe47d74ecd90b2879332ce4770fbc53070ffd5456ac2e9e3f693f1c1bf8fe82f611a529dee6c779b6516d102e592994b3aa35eec3684027ed1ddb3,08/27/2025 03:45:00 PM,1,DRIVER,,2038104,,VOLKSWAGEN,TIGUAN,,2025,UNKNOWN,PASSENGER,NOT IN USE,E,TURNING RIGHT,,,1,,,,,N,N,,,,,,,,Y,Y,Y,,FRONT-LEFT-CORNER,,,,,,,,,,,,,,,,,,,,,,,,,,,,,,,,,
2138009,b5e2024e10fe47d74ecd90b2879332ce4770fbc53070ffd5456ac2e9e3f693f1c1bf8fe82f611a529dee6c779b6516d102e592994b3aa35eec3684027ed1ddb3,08/27/2025 03:45:00 PM,2,DRIVER,1,2038110,,VOLKSWAGEN,JETTA,OH,2025,UNKNOWN,PASSENGER,OTHER,S,STRAIGHT AHEAD,,,2,,,,,Y,Y,,,,,,,,,,Y,,FRONT-RIGHT-CORNER,,,,,,,,,,,,,,,,,,,,,,,,,,,,,,,,,
2138038,8c877808eb327d318f9cf1db2a17c04c98ff9985a80963c7e44a4c09f866450e594ae3ebd98f23c3b0cb6ef0fe59bebff77061423bcc32f19bfb74267d96c87c,08/27/2025 03:42:00 PM,1,DRIVER,,2038135,,FORD,F350,IL,2011,NONE,TRUCK - SINGLE UNIT,CONSTRUCTION/MAINTENANCE,NW,TURNING LEFT,,,1,,,,,N,,,,,,,,,,N,Y,,FRONT,,,,,,,,,,,,,,,,,,,,,,,,,,,,,,,,,
2138039,8c877808eb327d318f9cf1db2a17c04c98ff9985a80963c7e44a4c09f866450e594ae3ebd98f23c3b0cb6ef0fe59bebff77061423bcc32f19bfb74267d96c87c,08/27/2025 03:42:00 PM,2,DRIVER,1,2038147,,NISSAN,ROGUE,IL,2023,NONE,SPORT UTILITY VEHICLE (SUV),PERSONAL,S,STRAIGHT AHEAD,,,2,,,,,,,,,,Y,Y,Y,,,,,,REAR-LEFT-CORNER,,,,,,,,,,,,,,,,,,,,,,,,,,,,,,,,,
2138024,9cfbfb93252bc439c3af513ba62d489853e7c5ecd884d4b8059641b9459ac694e00c66a1123e00657861b8b9f80aee15dccb23fce0e16c557b045376cc680f03,08/27/2025 03:41:00 PM,1,DRIVER,,2038169,,HONDA,PILOT,IL,2004,UNKNOWN,SPORT UTILITY VEHICLE (SUV),UNKNOWN/NA,E,STRAIGHT AHEAD,,,1,,,,,,,,,,,,,,,Y,Y,,FRONT-LEFT-CORNER,,,,,,,,,,,,,,,,,,,,,,,,,,,,,,,,,
2138025,9cfbfb93252bc439c3af513ba62d489853e7c5ecd884d4b8059641b9459ac694e00c66a1123e00657861b8b9f80aee15dccb23fce0e16c557b045376cc680f03,08/27/2025 03:41:00 PM,2,PARKED,1,2038180,,GENESIS,GV80,IL,2021,NONE,PASSENGER,PERSONAL,E,PARKED,,,1,,,,,,,,,,,Y,Y,,,,,,SIDE-LEFT-REAR,,,,,,,,,,,,,,,,,,,,,,,,,,,,,,,,,
2138641,25995ddafe8b90e5fe85666c31fe99447c6861fc0849a1a888d758acbdf69b4e6180b3df6af83d646e540f659442d9a32d2b50dedd51742f8239f2adcc9725d8,08/27/2025 03:39:00 PM,1,DRIVER,,2038707,,HONDA,CIVIC,IL,2004,NONE,PASSENGER,PERSONAL,W,STRAIGHT AHEAD,,,1,,,,,,,,,,,,,Y,,,,,SIDE-LEFT,,,,,,,,,,,,,,,,,,,,,,,,,,,,,,,,,
2138642,25995ddafe8b90e5fe85666c31fe99447c6861fc0849a1a888d758acbdf69b4e6180b3df6af83d646e540f659442d9a32d2b50dedd51742f8239f2adcc9725d8,08/27/2025 03:39:00 PM,2,DRIVER,,2038708,,HONDA,ACCORD,IL,2018,UNKNOWN,PASSENGER,PERSONAL,E,STRAIGHT AHEAD,Y,,1,,unknown,unknown,,Y,Y,Y,Y,Y,,,,,Y,,,,SIDE-LEFT,,,,,,,,,,,,,,,,,,,,,,,,,,,,,,,,,