CRASH_UNIT_ID,CRASH_RECORD_ID,CRASH_DATE,UNIT_NO,UNIT_TYPE,NUM_PASSENGERS,VEHICLE_ID,CMRC_VEH_I,MAKE,MODEL,LIC_PLATE_STATE,VEHICLE_YEAR,VEHICLE_DEFECT,VEHICLE_TYPE,VEHICLE_USE,TRAVEL_DIRECTION,MANEUVER,TOWED_I,FIRE_I,OCCUPANT_CNT,EXCEED_SPEED_LIMIT_I,TOWED_BY,TOWED_TO,AREA_00_I,AREA_01_I,AREA_02_I,AREA_03_I,AREA_04_I,AREA_05_I,AREA_06_I,AREA_07_I,AREA_08_I,AREA_09_I,AREA_10_I,AREA_11_I,AREA_12_I,AREA_99_I,FIRST_CONTACT_POINT,CMV_ID,USDOT_NO,CCMC_NO,ILCC_NO,COMMERCIAL_SRC,GVWR,CARRIER_NAME,CARRIER_STATE,CARRIER_CITY,HAZMAT_PLACARDS_I,HAZMAT_NAME,UN_NO,HAZMAT_PRESENT_I,HAZMAT_REPORT_I,HAZMAT_REPORT_NO,MCS_REPORT_I,MCS_REPORT_NO,HAZMAT_VIO_CAUSE_CRASH_I,MCS_VIO_CAUSE_CRASH_I,IDOT_PERMIT_NO,WIDE_LOAD_I,TRAILER1_WIDTH,TRAILER2_WIDTH,TRAILER1_LENGTH,TRAILER2_LENGTH,TOTAL_VEHICLE_LENGTH,AXLE_CNT,VEHICLE_CONFIG,CARGO_BODY_TYPE,LOAD_TYPE,HAZMAT_OUT_OF_SERVICE_I,MCS_OUT_OF_SERVICE_I,HAZMAT_CLASS
2138167,10df3f4051537c62057e02486a10951fde183661387b1cd645bdb003993a1e545577f7ca914d6a2df35b682e6e68c8aee359999ba262b94cadfe95d17a027ce1,08/27/2025 03:30:00 PM,1,DRIVER,,2038260,,CHEVROLET,EQUINOX,IL,2025,NONE,SPORT UTILITY VEHICLE (SUV),PERSONAL,E,BACKING,,,1,,,,,,,,,,Y,,,,,,,,REAR,,,,,,,,,,,,,,,,,,,,,,,,,,,,,,,,,
2138168,10df3f4051537c62057e02486a10951fde183661387b1cd645bdb003993a1e545577f7ca914d6a2df35b682e6e68c8aee359999ba262b94cadfe95d17a027ce1,08/27/2025 03:30:00 PM,2,DRIVER,,2038272,,HONDA,CR-V,IL,2024,NONE,OTHER VEHICLE WITH TRAILER,PERSONAL,E,OTHER,,,1,,,,,,,,,,,,,,,,Y,,FRONT,,,,,,,,,,,,,,,,,,,,,,,,,,,,,,,,,
2138129,2c0caf0a251383bab582a8375b490e51ee7f9b2cd80537ea4dabab992a15d379db7d7c6ec13bba491446674b3de3c67a922efe343282c3dd14363871e4f503b4,08/27/2025 03:30:00 PM,1,DRIVER,,2038227,,JEEP,CHEROKEE,IL,2018,UNKNOWN,SPORT UTILITY VEHICLE (SUV),UNKNOWN/NA,E,STRAIGHT AHEAD,,,1,,,,,,,,,,,,,,,,,Y,UNKNOWN,,,,,,,,,,,,,,,,,,,,,,,,,,,,,,,,,
2138130,2c0caf0a251383bab582a8375b490e51ee7f9b2cd80537ea4dabab992a15d379db7d7c6ec13bba491446674b3de3c67a922efe343282c3dd14363871e4f503b4,08/27/2025 03:30:00 PM,2,DRIVER,2,2038238,,CHEVROLET,IMPALA,IL,2006,UNKNOWN,PASSENGER,PERSONAL,E,ENTERING TRAFFIC LANE FROM PARKING,,,3,,,,,Y,Y,,,,,,,,Y,Y,Y,,FRONT,,,,,,,,,,,,,,,,,,,,,,,,,,,,,,,,,
2138131,2c0caf0a251383bab582a8375b490e51ee7f9b2cd80537ea4dabab992a15d379db7d7c6ec13bba491446674b3de3c67a922efe343282c3dd14363871e4f503b4,08/27/2025 03:30:00 PM,3,PARKED,,2038250,,HONDA,ODYSSEY,IL,2007,UNKNOWN,VAN/MINI-VAN,PERSONAL,E,PARKED,,,0,,,,,,,,,Y,Y,Y,,,,,,,REAR,,,,,,,,,,,,,,,,,,,,,,,,,,,,,,,,,
2138132,2c0caf0a251383bab582a8375b490e51ee7f9b2cd80537ea4dabab992a15d379db7d7c6ec13bba491446674b3de3c67a922efe343282c3dd14363871e4f503b4,08/27/2025 03:30:00 PM,4,PARKED,1,2038262,,CHRYSLER,200,IL,2015,UNKNOWN,PASSENGER,PERSONAL,E,PARKED,,,1,,,,,,,,,,,,,Y,Y,Y,,,FRONT-LEFT-CORNER,,,,,,,,,,,,,,,,,,,,,,,,,,,,,,,,,
2138036,7f5314e48af115db888317ca0b08656fbf89dc4e60556a44311f9ea8e7eaf6e6ba4ba2a1a40d1bb8bd53ca3c06cd101234ffb16f2a8f7915bf255906569e7aa2,08/27/2025 03:30:00 PM,1,DRIVER,,2038124,,HONDA,OTHER (EXPLAIN IN NARRATIVE),IL,,UNKNOWN,PASSENGER,UNKNOWN/NA,S,CHANGING LANES,,,1,,,,,N,N,N,,,,,,,,N,,Y,FRONT-RIGHT-CORNER,,,,,,,,,,,,,,,,,,,,,,,,,,,,,,,,,
2138037,7f5314e48af115db888317ca0b08656fbf89dc4e60556a44311f9ea8e7eaf6e6ba4ba2a1a40d1bb8bd53ca3c06cd101234ffb16f2a8f7915bf255906569e7aa2,08/27/2025 03:30:00 PM,2,DRIVER,,2038136,,TOYOTA,COROLLA,IL,2023,UNKNOWN,PASSENGER,PERSONAL,S,STRAIGHT AHEAD,,,1,,,,,Y,Y,Y,Y,,,,,,,,,,SIDE-RIGHT,,,,,,,,,,,,,,,,,,,,,,,,,,,,,,,,,
2138067,d3998024499042830103267a2489e0a4b942ec722a90c84a13e9c8656f1d710750e968ae9f49f883bb71ed82737b7d6decb086e6a7259974c4da6690317809fa,08/27/2025 03:26:00 PM,1,DRIVER,,2038160,,TOYOTA,PRIUS,IL,2017,UNKNOWN,PASSENGER,TAXI/FOR HIRE,E,BACKING,,,1,,,,,,,,,Y,Y,Y,,,,,,,REAR,,,,,,,,,,,,,,,,,,,,,,,,,,,,,,,,,
2138090,d3998024499042830103267a2489e0a4b942ec722a90c84a13e9c8656f1d710750e968ae9f49f883bb71ed82737b7d6decb086e6a7259974c4da6690317809fa,08/27/2025 03:26:00 PM,2,PEDESTRIAN,,,,,,,,,,,,,,,,,,,,,,,,,,,,,,,,,,,,,,,,,,,,,,,,,,,,,,,,,,,,,,,,,,
2138294,b9f1bd333626bdaf32bb50722fd0255b7f40f9fce9e0b81a64a0214306560ecd5de7c400a6102d45d493ad14b68d7560254b36254a96de5fa5e47b5657539633,08/27/2025 03:20:00 PM,1,DRIVER,,2038377,,VOLKSWAGEN,CC,IL,2015,NONE,PASSENGER,PERSONAL,E,TURNING RIGHT,,,1,,,,,N,Y,Y,Y,,,,,,,,,,SIDE-RIGHT,,,,,,,,,,,,,,,,,,,,,,,,,,,,,,,,,
2138295,b9f1bd333626bdaf32bb50722fd0255b7f40f9fce9e0b81a64a0214306560ecd5de7c400a6102d45d493ad14b68d7560254b36254a96de5fa5e47b5657539633,08/27/2025 03:20:00 PM,2,DRIVER,,2038379,,HONDA,ACCORD,IL,2001,NONE,PASSENGER,PERSONAL,E,SLOW/STOP IN TRAFFIC,,,1,,,,,,,,,,,,,,,Y,,,FRONT-LEFT-CORNER,,,,,,,,,,,,,,,,,,,,,,,,,,,,,,,,,
2139096,01011b87b6642c13be19d2f633a5cc66997e4494ebfa7915e76fdb739570b09b0ece87a06b234b9d074fa0927c90c0602f1e5f26bf6a8eece4bcf3a31e86d024,08/27/2025 03:18:00 PM,1,DRIVER,,2039116,,HONDA,CR-V,IL,2025,UNKNOWN,PASSENGER,PERSONAL,W,STRAIGHT AHEAD,,,1,,,,,,Y,Y,Y,,,,,,,,,,SIDE-RIGHT,,,,,,,,,,,,,,,,,,,,,,,,,,,,,,,,,
2139097,01011b87b6642c13be19d2f633a5cc66997e4494ebfa7915e76fdb739570b09b0ece87a06b234b9d074fa0927c90c0602f1e5f26bf6a8eece4bcf3a31e86d024,08/27/2025 03:18:00 PM,2,DRIVER,,2039117,,JEEP,CHEROKEE,IL,2024,UNKNOWN,PASSENGER,OTHER,S,STRAIGHT AHEAD,,,1,,,,,,,,,,,,,,,Y,Y,,FRONT,,,,,,,,,,,,,,,,,,,,,,,,,,,,,,,,,
2138002,20d11c1e3d882dbb93cb2a33e7ce76a646b15c2416967ff3f210edfdc83ebaff9138365085433ca3595ec28b705fc0ca69dd5d601a94de2ef6a3a6630ac42eac,08/27/2025 03:10:00 PM,1,DRIVER,,2038097,,UNKNOWN,OTHER (EXPLAIN IN NARRATIVE),IL,,UNKNOWN,PASSENGER,UNKNOWN/NA,UNKNOWN,UNKNOWN/NA,,,1,,,,,,,,,,,,,,,,,,UNKNOWN,,,,,,,,,,,,,,,,,,,,,,,,,,,,,,,,,
2138003,20d11c1e3d882dbb93cb2a33e7ce76a646b15c2416967ff3f210edfdc83ebaff9138365085433ca3595ec28b705fc0ca69dd5d601a94de2ef6a3a6630ac42eac,08/27/2025 03:10:00 PM,2,PARKED,,2038100,,TOYOTA,RAV4,IL,2015,UNKNOWN,PASSENGER,NOT IN USE,S,PARKED,,,0,,,,,,,,,Y,Y,,,,,,,,SIDE-RIGHT-REAR,,,,,,,,,,,,,,,,,,,,,,,,,,,,,,,,,
2138876,945a884a84a8ac418ff05a6f66f6719ebbee727166b3e185995397ba8b1bd9be064ac844bf1a2ac41b073ea03c24f74470e89c3b5ad329d2059ded186eecf6cd,08/27/2025 03:10:00 PM,1,DRIVER,,2038928,,JEEP,COMPASS,IL,2015,UNKNOWN,PASSENGER,PERSONAL,W,ENTERING TRAFFIC LANE FROM PARKING,,,1,,,,,,,,,,,,,,,Y,Y,,FRONT-LEFT-CORNER,,,,,,,,,,,,,,,,,,,,,,,,,,,,,,,,,
2138877,945a884a84a8ac418ff05a6f66f6719ebbee727166b3e185995397ba8b1bd9be064ac844bf1a2ac41b073ea03c24f74470e89c3b5ad329d2059ded186eecf6cd,08/27/2025 03:10:00 PM,2,DRIVER,,2038939,,SUBARU,OUTBACK,OR,2016,UNKNOWN,PASSENGER,PERSONAL,W,STRAIGHT AHEAD,,,1,,,,,Y,,,,,,,,,,,,,FRONT-RIGHT-CORNER,,,,,,,,,,,,,,,,,,,,,,,,,,,,,,,,,
2138093,f729695e6338fefaa130f56b99af77e1c919222e7a1942b12b7665ff3bec6ec6ec2858eeb85174490bfdef8cfffde5322a66fef01a686c10c0e52aaca924abb9,08/27/2025 03:10:00 PM,1,DRIVER,,2038184,,VOLKSWAGEN,JETTA,IL,2018,NONE,PASSENGER,PERSONAL,S,STRAIGHT AHEAD,,,1,,,,,,,Y,Y,,,,,,,,,,SIDE-RIGHT-REAR,,,,,,,,,,,,,,,,,,,,,,,,,,,,,,,,,
2138094,f729695e6338fefaa130f56b99af77e1c919222e7a1942b12b7665ff3bec6ec6ec2858eeb85174490bfdef8cfffde5322a66fef01a686c10c0e52aaca924abb9,08/27/2025 03:10:00 PM,2,DRIVER,,2038191,,KIA,OPTIMA / K5,IL,2025,NONE,PASSENGER,PERSONAL,S,TURNING LEFT,,,1,,,,,,,,,,,,,,,Y,,,FRONT-LEFT-CORNER,,,,,,,,,,,,,,,,,,,,,,,,,,,,,,,,,
2138187,0555860af173c534f0fe486887b6496fd121e39f3034086788f9fde26716df314f2b0a1b34aad705d4efa08f09a09fd3bfd8b599f0bdb74fe85a6d5636fb111a,08/27/2025 03:03:00 PM,1,DRIVER,,2038281,,DODGE,RAM 2500 PU,IL,2018,NONE,PICKUP,PERSONAL,E,BACKING,,,1,,,,,,,,,,Y,Y,Y,,,,,,REAR-LEFT-CORNER,,,,,,,,,,,,,,,,,,,,,,,,,,,,,,,,,
2138188,0555860af173c534f0fe486887b6496fd121e39f3034086788f9fde26716df314f2b0a1b34aad705d4efa08f09a09fd3bfd8b599f0bdb74fe85a6d5636fb111a,08/27/2025 03:03:00 PM,2,DRIVER,,2038308,,CHRYSLER,PACIFICA,IL,2019,NONE,VAN/MINI-VAN,PERSONAL,N,STRAIGHT AHEAD,,,1,,,,,,,,,,,,,Y,Y,,,,SIDE-LEFT,,,,,,,,,,,,,,,,,,,,,,,,,,,,,,,,,
2138078,ff27b5101087553f87e30f2274ed66d3c85cd834074bfd7a8969e1bea191a84d005dda2d414dc967358c1c2ae975e6cc2ae70ddf624ac0d4bb9ab1c4d7d37ece,08/27/2025 03:02:00 PM,1,DRIVER,,2038172,,UNKNOWN,OTHER (EXPLAIN IN NARRATIVE),,,UNKNOWN,UNKNOWN/NA,UNKNOWN/NA,NW,UNKNOWN/NA,,,1,,,,,,,,,,,,,,,,,Y,UNKNOWN,,,,,,,,,,,,,,,,,,,,,,,,,,,,,,,,,
2138079,ff27b5101087553f87e30f2274ed66d3c85cd834074bfd7a8969e1bea191a84d005dda2d414dc967358c1c2ae975e6cc2ae70ddf624ac0d4bb9ab1c4d7d37ece,08/27/2025 03:02:00 PM,2,PARKED,,2038186,,TOYOTA,OTHER (EXPLAIN IN NARRATIVE),IL,2012,UNKNOWN,SPORT UTILITY VEHICLE (SUV),PERSONAL,E,PARKED,,,0,,,,,,,,,Y,,,,,,,,,REAR-RIGHT-CORNER,,,,,,,,,,,,,,,,,,,,,,,,,,,,,,,,,
2138738,018fd524bb2f8d11a0e1ff6eb1be4b9e597688745ecf0307b120533eddc8421af0babb14a73a2941052719772ae2bf7417fa5ed7b1ac147ab595954dd1bc65ef,08/27/2025 03:00:00 PM,1,DRIVER,,2038799,,FORD,OTHER (EXPLAIN IN NARRATIVE),IL,,UNKNOWN,TRUCK - SINGLE UNIT,OTHER,UNKNOWN,UNKNOWN/NA,,,1,,,,Y,,,,,,,,,,,,,,TOP,,,,,,,,,,,,,,,,,,,,,,,,,,,,,,,,,
2138080,19da6888d2a2cc0f15da66fde3d6af443e22505db5d6985ef5b25813a6bcaf88b7a8555c023d6baaa00c727fb10869dbfece16747d8f4ce463486df34ae87d17,08/27/2025 03:00:00 PM,1,DRIVER,,2038188,,VOLKSWAGEN,JETTA,IL,2002,NONE,PASSENGER,PERSONAL,W,STRAIGHT AHEAD,,,1,,,,,,N,N,,,,,,Y,Y,,,,SIDE-LEFT,,,,,,,,,,,,,,,,,,,,,,,,,,,,,,,,,
2138081,19da6888d2a2cc0f15da66fde3d6af443e22505db5d6985ef5b25813a6bcaf88b7a8555c023d6baaa00c727fb10869dbfece16747d8f4ce463486df34ae87d17,08/27/2025 03:00:00 PM,2,DRIVER,,2038211,,DODGE,DURANGO,IL,2014,NONE,SPORT UTILITY VEHICLE (SUV),PERSONAL,W,STRAIGHT AHEAD,,,1,,,,,,Y,Y,Y,,,,,,,,,,SIDE-RIGHT,,,,,,,,,,,,,,,,,,,,,,,,,,,,,,,,,
2138016,5fb7f83052a42d600812de743730e492659a443f6b5a1cc6f200c06a9410f31ddebc4ec21106924a5209f115fa121a8632915db2021b6fb5f318e68b437d1383,08/27/2025 03:00:00 PM,1,DRIVER,,2038121,,GENERAL MOTORS CORPORATION (GMC),SIERRA,IL,2024,NONE,PICKUP,OTHER,UNKNOWN,BACKING,,,1,,,,,,,,,,N,,,,,,,Y,UNKNOWN,,,,,,,,,,,,,,,,,,,,,,,,,,,,,,,,,
2138017,5fb7f83052a42d600812de743730e492659a443f6b5a1cc6f200c06a9410f31ddebc4ec21106924a5209f115fa121a8632915db2021b6fb5f318e68b437d1383,08/27/2025 03:00:00 PM,2,DRIVER,,2038126,,HONDA,ODYSSEY,IL,2006,NONE,PASSENGER,PERSONAL,UNKNOWN,OTHER,,,1,,,,,,,N,N,,,Y,Y,Y,,,,,REAR-LEFT-CORNER,,,,,,,,,,,,,,,,,,,,,,,,,,,,,,,,,
2138452,9264d04123bb4d0c8e31215b70b8276bbf4c46a3e2f01d7aae9f9a18ffecd437382a259121ffae80e5f87343e89ecc42f37f96f207416c5649fc9bde98798034,08/27/2025 03:00:00 PM,1,DRIVER,,2038532,,CHEVROLET,TRAVERSE,IL,,NONE,PASSENGER,PERSONAL,N,OTHER,,,1,,,,,,,,Y,Y,,,,,,,,,SIDE-RIGHT-REAR,,,,,,,,,,,,,,,,,,,,,,,,,,,,,,,,,
2137959,304191a637c13ecb1dff41346348fd783e66dec38c7e9f1263a8a26df30385a4b07e90c353d16052aae1ceb5152ffc2ff44c728aa0ba6bdc2cb3071aabce3a19,08/27/2025 02:58:00 PM,1,DRIVER,,2038066,,GENERAL MOTORS CORPORATION (GMC),YUKON,IL,2015,UNKNOWN,PASSENGER,PERSONAL,N,STRAIGHT AHEAD,,,1,,,,,,,,,,,,,,,,Y,,FRONT,,,,,,,,,,,,,,,,,,,,,,,,,,,,,,,,,
2137960,304191a637c13ecb1dff41346348fd783e66dec38c7e9f1263a8a26df30385a4b07e90c353d16052aae1ceb5152ffc2ff44c728aa0ba6bdc2cb3071aabce3a19,08/27/2025 02:58:00 PM,2,DRIVER,,2038068,,CADILLAC,CTS,IL,2016,NONE,PASSENGER,PERSONAL,N,STRAIGHT AHEAD,,,1,,,,,,,,,,Y,,,,,,,,REAR,,,,,,,,,,,,,,,,,,,,,,,,,,,,,,,,,
2137992,d3791021646cd567a719668b4fea1f7cd161ea66a53e15044812f9987f98c8ed60a125b61e32bb772d6b4c2dbd2f05b42e08f904f0c823e76b808a4f9bb08c0f,08/27/2025 02:58:00 PM,1,DRIVER,,2038088,,UNKNOWN,OTHER (EXPLAIN IN NARRATIVE),IL,,UNKNOWN,TRACTOR W/ SEMI-TRAILER,UNKNOWN/NA,N,STRAIGHT AHEAD,,,1,,,,,,,,,,,,,,,,,Y,REAR-LEFT-CORNER,,,,,,,,,,,,,,,,,,,,,,,,,,,,,,,,,
2137993,d3791021646cd567a719668b4fea1f7cd161ea66a53e15044812f9987f98c8ed60a125b61e32bb772d6b4c2dbd2f05b42e08f904f0c823e76b808a4f9bb08c0f,08/27/2025 02:58:00 PM,2,DRIVER,,2038101,,CHEVROLET,BLAZER,IL,2025,UNKNOWN,PASSENGER,UNKNOWN/NA,S,STRAIGHT AHEAD,,,1,,,,,,,,,,,,,Y,Y,Y,,,FRONT-LEFT-CORNER,,,,,,,,,,,,,,,,,,,,,,,,,,,,,,,,,
2138097,5611155537de7133b032197da488a01ab22d752cb5a0ea18a586bd973fd12ef7fd169b9749624e7de04ad9618ef7617d0ae694fe616c18719ab5e15cab0dca9c,08/27/2025 02:56:00 PM,1,DRIVER,,2038197,,CHEVROLET,EQUINOX,IN,2022,NONE,PASSENGER,PERSONAL,W,STRAIGHT AHEAD,Y,,1,,city tow,doty road,,Y,Y,,,,,,,,,Y,,,FRONT,,,,,,,,,,,,,,,,,,,,,,,,,,,,,,,,,
2138098,5611155537de7133b032197da488a01ab22d752cb5a0ea18a586bd973fd12ef7fd169b9749624e7de04ad9618ef7617d0ae694fe616c18719ab5e15cab0dca9c,08/27/2025 02:56:00 PM,2,DRIVER,,2038206,,NISSAN,MURANO,IL,2011,NONE,PASSENGER,PERSONAL,S,STRAIGHT AHEAD,Y,,1,,private,private tow,,,,,,,,Y,Y,Y,Y,Y,Y,,SIDE-LEFT,,,,,,,,,,,,,,,,,,,,,,,,,,,,,,,,,
2137975,43a891dde4c315de6b4f6affe39fcab566c2758f8b47d5fcc5c47b8e1981b6b0316f2557657daa7ac409962456ebd4f949bf611fae581c097c5cc466fca92e69,08/27/2025 02:50:00 PM,1,DRIVER,,2039585,,CHEVROLET,AVEO,IL,2008,NONE,PASSENGER,PERSONAL,N,BACKING,,,1,,,,,,,,,Y,Y,Y,,,,,,,REAR,,,,,,,,,,,,,,,,,,,,,,,,,,,,,,,,,
2137976,43a891dde4c315de6b4f6affe39fcab566c2758f8b47d5fcc5c47b8e1981b6b0316f2557657daa7ac409962456ebd4f949bf611fae581c097c5cc466fca92e69,08/27/2025 02:50:00 PM,2,DRIVER,,2039592,,TOYOTA,COROLLA,IL,2016,NONE,PASSENGER,PERSONAL,S,STRAIGHT AHEAD,,,1,,,,,Y,,,,,,,,,,Y,Y,,FRONT,,,,,,,,,,,,,,,,,,,,,,,,,,,,,,,,,
2138028,9d34f9ad59d1272f4a18ace08786e4406c1c4e037ebb5d6ebc9ab54ea5b3c66dbd29d6c6faaffe030d59049f4bb0c7e744ec4dcf77fdcf5396c8445aafaa3129,08/27/2025 02:35:00 PM,1,DRIVER,,2038123,,HONDA,CIVIC,IL,2012,NONE,PASSENGER,UNKNOWN/NA,E,BACKING,,,1,,,,,,,,,Y,Y,Y,,,,,,,REAR,,,,,,,,,,,,,,,,,,,,,,,,,,,,,,,,,
2138029,9d34f9ad59d1272f4a18ace08786e4406c1c4e037ebb5d6ebc9ab54ea5b3c66dbd29d6c6faaffe030d59049f4bb0c7e744ec4dcf77fdcf5396c8445aafaa3129,08/27/2025 02:35:00 PM,2,PARKED,1,2038129,,TOYOTA,COROLLA,IL,2009,NONE,PASSENGER,NOT IN USE,E,PARKED,,,1,,,,,Y,,,,,,,,,,Y,Y,,FRONT,,,,,,,,,,,,,,,,,,,,,,,,,,,,,,,,,
2138006,a708cb8fdd5d83c9f5f3bd0b665f5b6d2fa8f617cdc7b715656a22c9db1c467aeff22a03eeef62a463335f99d53f4282c3696a3003fe53d43d422e4e88440a0e,08/27/2025 02:35:00 PM,1,DRIVER,,2038103,,CHRYSLER,TOWN & COUNTRY,IL,2013,NONE,PASSENGER,PERSONAL,NW,TURNING LEFT,,,1,,,,Y,,,,,,,,,,,,,,NONE,,,,,,,,,,,,,,,,,,,,,,,,,,,,,,,,,
2138007,a708cb8fdd5d83c9f5f3bd0b665f5b6d2fa8f617cdc7b715656a22c9db1c467aeff22a03eeef62a463335f99d53f4282c3696a3003fe53d43d422e4e88440a0e,08/27/2025 02:35:00 PM,2,DRIVER,3,2038106,,DODGE,DURANGO,IL,2012,NONE,PASSENGER,PERSONAL,NW,TURNING LEFT,,,4,,,,,,,,,,Y,,,,,,,,REAR,,,,,,,,,,,,,,,,,,,,,,,,,,,,,,,,,
2138012,e8248f67b1ab18d0e7a978e34f5d4062fbedfce908270f3d3baaa843ba8c5f123f3024050abd8e974c552f39b0662bd6671e5e9e9de9c834f924f8950090f795,08/27/2025 02:34:00 PM,1,DRIVER,,2038108,,DODGE,JOURNEY,IL,,UNKNOWN,UNKNOWN/NA,UNKNOWN/NA,UNKNOWN,UNKNOWN/NA,,,1,,,,,,,,,,,,,,,Y,Y,,FRONT-LEFT-CORNER,,,,,,,,,,,,,,,,,,,,,,,,,,,,,,,,,
2138013,e8248f67b1ab18d0e7a978e34f5d4062fbedfce908270f3d3baaa843ba8c5f123f3024050abd8e974c552f39b0662bd6671e5e9e9de9c834f924f8950090f795,08/27/2025 02:34:00 PM,2,DRIVER,,2038149,,FORD,F350,IL,2013,UNKNOWN,OTHER,UNKNOWN/NA,UNKNOWN,UNKNOWN/NA,,,1,,,,,,,,,,Y,Y,,,,,,,REAR-LEFT-CORNER,,,,,,,,,,,,,,,,,,,,,,,,,,,,,,,,,
2138163,0fc377b8070eaebf82a9ba6a2a85a10c1a6030f65b31bb01798c02f20f42b914ed450b05b27c97ead0576bb70126d2584e16db598cbf1f5e06219ca4bd5db728,08/27/2025 02:30:00 PM,1,DRIVER,1,2038261,,VOLVO,XC90,IL,2019,UNKNOWN,SPORT UTILITY VEHICLE (SUV),PERSONAL,N,ENTERING TRAFFIC LANE FROM PARKING,Y,,2,,WELLS ROAD SERVICE,1630 N. KINGSBURY ST,,,,,,,,,,,Y,Y,Y,,UNKNOWN,,,,,,,,,,,,,,,,,,,,,,,,,,,,,,,,,
2138164,0fc377b8070eaebf82a9ba6a2a85a10c1a6030f65b31bb01798c02f20f42b914ed450b05b27c97ead0576bb70126d2584e16db598cbf1f5e06219ca4bd5db728,08/27/2025 02:30:00 PM,2,DRIVER,,2038280,N,FORD,OTHER (EXPLAIN IN NARRATIVE),IL,1997,UNKNOWN,TRUCK - SINGLE UNIT,OTHER,N,STRAIGHT AHEAD,,,1,,,,,Y,,Y,Y,,,,,,,,,,UNKNOWN,,,,,,,,,,,,,,,,,,,,,,,,,,,,,,,,,
2138034,1e3a71428f2e492bc9907e002356b05a93a0e8511d70f66aabca6f6a5f81dbee9e224c0dd30012e913fc95b36a6c71790e841b1f3d4d3e119e27473c811af805,08/27/2025 02:30:00 PM,1,DRIVER,,2038128,,CHEVROLET,MALIBU,,,NONE,PASSENGER,PERSONAL,N,TURNING RIGHT,,,1,,,,,,,,,,,,,,,Y,,,FRONT-LEFT-CORNER,,,,,,,,,,,,,,,,,,,,,,,,,,,,,,,,,
2138035,1e3a71428f2e492bc9907e002356b05a93a0e8511d70f66aabca6f6a5f81dbee9e224c0dd30012e913fc95b36a6c71790e841b1f3d4d3e119e27473c811af805,08/27/2025 02:30:00 PM,2,DRIVER,,2038193,,CHEVROLET,EQUINOX,IL,,NONE,PASSENGER,PERSONAL,W,STRAIGHT AHEAD,,,1,,,,,,,,,,,,,,,Y,,,FRONT-LEFT-CORNER,,,,,,,,,,,,,,,,,,,,,,,,,,,,,,,,,
2137953,8af291cc69f17ff2462dce7883f9b19349ad92e45890be1a5f11a87e793dfc9af046a51dbc3e81a4ffc34b8642ce8f274c6e7979256dfc3afd3a531b1823f001,08/27/2025 02:30:00 PM,1,DRIVER,,2038058,,DODGE,DURANGO,IL,2014,UNKNOWN,SPORT UTILITY VEHICLE (SUV),PERSONAL,S,CHANGING LANES,,,1,,,,,Y,Y,,,,,,,,,,,,FRONT-RIGHT-CORNER,,,,,,,,,,,,,,,,,,,,,,,,,,,,,,,,,
2137954,8af291cc69f17ff2462dce7883f9b19349ad92e45890be1a5f11a87e793dfc9af046a51dbc3e81a4ffc34b8642ce8f274c6e7979256dfc3afd3a531b1823f001,08/27/2025 02:30:00 PM,2,DRIVER,,2038062,,CHEVROLET,EQUINOX,IL,2019,UNKNOWN,SPORT UTILITY VEHICLE (SUV),PERSONAL,S,STRAIGHT AHEAD,,,1,,,,,Y,Y,,,,,,,,,,,,FRONT-RIGHT-CORNER,,,,,,,,,,,,,,,,,,,,,,,,,,,,,,,,,
2137994,9d9952992e07451c7da964ad29f888be6dfdbc1a3b4ba939e7a954510cfd73302f8244c90caacda73a2953cb643b67b2ec4eebeef93905dd44f67d615989c7f2,08/27/2025 02:28:00 PM,1,DRIVER,,2038090,,HONDA,CR-V,IL,2011,UNKNOWN,SPORT UTILITY VEHICLE (SUV),PERSONAL,W,STRAIGHT AHEAD,,,1,,,,,Y,,,,,,,,,,Y,Y,,FRONT-LEFT-CORNER,,,,,,,,,,,,,,,,,,,,,,,,,,,,,,,,,
2137995,9d9952992e07451c7da964ad29f888be6dfdbc1a3b4ba939e7a954510cfd73302f8244c90caacda73a2953cb643b67b2ec4eebeef93905dd44f67d615989c7f2,08/27/2025 02:28:00 PM,2,DRIVER,,2038096,,HONDA,ACCORD,IL,2011,UNKNOWN,PASSENGER,PERSONAL,E,STRAIGHT AHEAD,,,1,,,,,Y,,,,,,,,,,Y,Y,,FRONT-LEFT-CORNER,,,,,,,,,,,,,,,,,,,,,,,,,,,,,,,,,
2137998,65d7772693dbc1946cd2449db32b19d88dac7c6c220872259357c25ea411b2eb9eb04ff080dda8a05ea12b4267db67d10b1947b28debd6679c7b5acc0ba5f113,08/27/2025 02:20:00 PM,1,DRIVER,,2038133,N,AMERICAN TRACTOR EQUIPMENT CORPORATION,AMERICAN TRACTOR EQUIPMENT CORP.,IL,2005,UNKNOWN,TRACTOR W/O SEMI-TRAILER,OTHER,W,STRAIGHT AHEAD,,,1,,,,Y,,,,,,,,,,,,,,REAR-RIGHT-CORNER,,,,,,,,,,,,,,,,,,,,,,,,,,,,,,,,,