CRASH_UNIT_ID,CRASH_RECORD_ID,CRASH_DATE,UNIT_NO,UNIT_TYPE,NUM_PASSENGERS,VEHICLE_ID,CMRC_VEH_I,MAKE,MODEL,LIC_PLATE_STATE,VEHICLE_YEAR,VEHICLE_DEFECT,VEHICLE_TYPE,VEHICLE_USE,TRAVEL_DIRECTION,MANEUVER,TOWED_I,FIRE_I,OCCUPANT_CNT,EXCEED_SPEED_LIMIT_I,TOWED_BY,TOWED_TO,AREA_00_I,AREA_01_I,AREA_02_I,AREA_03_I,AREA_04_I,AREA_05_I,AREA_06_I,AREA_07_I,AREA_08_I,AREA_09_I,AREA_10_I,AREA_11_I,AREA_12_I,AREA_99_I,FIRST_CONTACT_POINT,CMV_ID,USDOT_NO,CCMC_NO,ILCC_NO,COMMERCIAL_SRC,GVWR,CARRIER_NAME,CARRIER_STATE,CARRIER_CITY,HAZMAT_PLACARDS_I,HAZMAT_NAME,UN_NO,HAZMAT_PRESENT_I,HAZMAT_REPORT_I,HAZMAT_REPORT_NO,MCS_REPORT_I,MCS_REPORT_NO,HAZMAT_VIO_CAUSE_CRASH_I,MCS_VIO_CAUSE_CRASH_I,IDOT_PERMIT_NO,WIDE_LOAD_I,TRAILER1_WIDTH,TRAILER2_WIDTH,TRAILER1_LENGTH,TRAILER2_LENGTH,TOTAL_VEHICLE_LENGTH,AXLE_CNT,VEHICLE_CONFIG,CARGO_BODY_TYPE,LOAD_TYPE,HAZMAT_OUT_OF_SERVICE_I,MCS_OUT_OF_SERVICE_I,HAZMAT_CLASS
2137999,65d7772693dbc1946cd2449db32b19d88dac7c6c220872259357c25ea411b2eb9eb04ff080dda8a05ea12b4267db67d10b1947b28debd6679c7b5acc0ba5f113,08/27/2025 02:20:00 PM,2,DRIVER,,2038113,,TOYOTA,RAV4,IL,2016,UNKNOWN,PASSENGER,PERSONAL,W,BACKING,,,1,,,,,,,,,,,,,,,Y,,,FRONT-LEFT-CORNER,,,,,,,,,,,,,,,,,,,,,,,,,,,,,,,,,
2137947,337981ba71bad11b73308d5a3641413953ff7dec0329d50f361960546bbe73750566d0884955911ac68aa54275662706ba8a0d59e19cd2ca6ea9757897e9503d,08/27/2025 02:15:00 PM,1,DRIVER,,2038052,,CHEVROLET,TAHOE,IL,2003,UNKNOWN,SPORT UTILITY VEHICLE (SUV),PERSONAL,S,PASSING/OVERTAKING,,,1,,,,,,,,,,,,,,,,,Y,FRONT-LEFT-CORNER,,,,,,,,,,,,,,,,,,,,,,,,,,,,,,,,,
2137948,337981ba71bad11b73308d5a3641413953ff7dec0329d50f361960546bbe73750566d0884955911ac68aa54275662706ba8a0d59e19cd2ca6ea9757897e9503d,08/27/2025 02:15:00 PM,2,DRIVER,,2038055,,TOYOTA,HIGHLANDER,IL,2023,UNKNOWN,SPORT UTILITY VEHICLE (SUV),PERSONAL,S,SLOW/STOP IN TRAFFIC,,,1,,,,,Y,,,,,,,,,,,,,FRONT-RIGHT-CORNER,,,,,,,,,,,,,,,,,,,,,,,,,,,,,,,,,
2139526,c62d30ff6fdd87eb0edcbd38eaaed751d90bb28931a4b24ba505e055b259e17f2c750a1f68333231a4d01c3230d15d1dfe1732c0a22ff6900c3b16a5b8835616,08/27/2025 02:15:00 PM,1,DRIVER,,2039531,,CHEVROLET,IMPALA,IL,2017,NONE,PASSENGER,PERSONAL,S,STRAIGHT AHEAD,,,1,,,,Y,,,,,,,,,,,,,,FRONT-RIGHT-CORNER,,,,,,,,,,,,,,,,,,,,,,,,,,,,,,,,,
2139527,c62d30ff6fdd87eb0edcbd38eaaed751d90bb28931a4b24ba505e055b259e17f2c750a1f68333231a4d01c3230d15d1dfe1732c0a22ff6900c3b16a5b8835616,08/27/2025 02:15:00 PM,2,DRIVER,1,2039532,,HYUNDAI,ELANTRA,IL,2025,NONE,PASSENGER,PERSONAL,S,STRAIGHT AHEAD,,,2,,,,,,,,,,,,,,,Y,,,FRONT-LEFT-CORNER,,,,,,,,,,,,,,,,,,,,,,,,,,,,,,,,,
2137945,95046465876beddb95dba355d3751d4cf2e0163284b285722b1b2b9d654867cde35b36ba42ab35e021bd0dc168096001c3d2d656246c8a33e189eddc6b884445,08/27/2025 02:07:00 PM,1,DRIVER,,2038060,,TOYOTA,RAV4,IL,2010,NONE,SPORT UTILITY VEHICLE (SUV),PERSONAL,S,BACKING,,,1,,,,,,,,,,Y,,,,,,,,REAR,,,,,,,,,,,,,,,,,,,,,,,,,,,,,,,,,
2137946,95046465876beddb95dba355d3751d4cf2e0163284b285722b1b2b9d654867cde35b36ba42ab35e021bd0dc168096001c3d2d656246c8a33e189eddc6b884445,08/27/2025 02:07:00 PM,2,DRIVER,,2038063,,TOYOTA,CAMRY,IL,2011,NONE,PASSENGER,PERSONAL,N,STRAIGHT AHEAD,,,1,,,,,,,,,,,,,,,,Y,,FRONT,,,,,,,,,,,,,,,,,,,,,,,,,,,,,,,,,
2137967,224e090e9935e509f9982bcfc1a6748f390bc75a2dcce7168d3afc56d1fe5af3f4adf4eb5ef459eabafba75dd71613edb21d9e9bdfe989f76321d85fe55ae593,08/27/2025 02:00:00 PM,1,DRIVER,,2038070,,UNKNOWN,OTHER (EXPLAIN IN NARRATIVE),IL,2014,UNKNOWN,BUS OVER 15 PASS.,UNKNOWN/NA,S,UNKNOWN/NA,,,1,,,,,Y,Y,Y,Y,Y,,,,,,,,,SIDE-RIGHT,,,,,,,,,,,,,,,,,,,,,,,,,,,,,,,,,
2137968,224e090e9935e509f9982bcfc1a6748f390bc75a2dcce7168d3afc56d1fe5af3f4adf4eb5ef459eabafba75dd71613edb21d9e9bdfe989f76321d85fe55ae593,08/27/2025 02:00:00 PM,2,PARKED,1,2038071,,NISSAN,PATHFINDER,IL,2014,NONE,PASSENGER,PERSONAL,S,PARKED,,,1,,,,,,,,,,,Y,Y,Y,Y,Y,,,SIDE-LEFT,,,,,,,,,,,,,,,,,,,,,,,,,,,,,,,,,
2138572,3132ea989178168a47feea5bf6a2858f481493f402de687d0cd43618ac3c1952180f69af3606c215bccc9ec7fbc8f23dcb9a2d3913a3895ead0b71c7ef0eb124,08/27/2025 02:00:00 PM,1,DRIVER,,2038646,,MERCEDES-BENZ,E-CLASS,IL,2008,UNKNOWN,PASSENGER,UNKNOWN/NA,E,ENTERING TRAFFIC LANE FROM PARKING,,,1,,,,,,,,,,Y,,,,,,,,REAR,,,,,,,,,,,,,,,,,,,,,,,,,,,,,,,,,
2138573,3132ea989178168a47feea5bf6a2858f481493f402de687d0cd43618ac3c1952180f69af3606c215bccc9ec7fbc8f23dcb9a2d3913a3895ead0b71c7ef0eb124,08/27/2025 02:00:00 PM,2,PARKED,,2038650,,HONDA,CR-V,IL,2021,NONE,PASSENGER,PERSONAL,E,PARKED,,,0,,,,Y,,,,,,,,,,,,Y,,FRONT,,,,,,,,,,,,,,,,,,,,,,,,,,,,,,,,,
2138127,d97777bc9ae08b79cf0a43b004925588854cf26fe14b17319cc27ec5ce81854db1d733a959be13a38522afb8ff40161741cc48ab4ce768a9801b30782726abbb,08/27/2025 02:00:00 PM,1,DRIVER,,2038221,,HYUNDAI TRAILERS,HYUNDAI TRAILERS,IL,2018,NONE,TRACTOR W/ SEMI-TRAILER,OTHER,E,BACKING,,,1,,,,,,Y,,,,,,,,,,,,SIDE-RIGHT,,,,,,,,,,,,,,,,,,,,,,,,,,,,,,,,,
2138128,d97777bc9ae08b79cf0a43b004925588854cf26fe14b17319cc27ec5ce81854db1d733a959be13a38522afb8ff40161741cc48ab4ce768a9801b30782726abbb,08/27/2025 02:00:00 PM,2,DRIVER,1,2038230,,JEEP,COMMANDER,IL,2019,NONE,PASSENGER,PERSONAL,W,STRAIGHT AHEAD,,,2,,,,,Y,,,,,,,,,,Y,Y,,FRONT,,,,,,,,,,,,,,,,,,,,,,,,,,,,,,,,,
2138145,2e138da6e5fa62647c514aea336e1eeed1477689e77fec72f873e859a621c7461aa4531e0e78ad99fc020eb60362754918e4bf9b6e2ef78fc0d3bb27ac1bd6b5,08/27/2025 01:51:00 PM,1,DRIVER,,2038228,,VOLKSWAGEN,PASSAT,IL,2014,UNKNOWN,PASSENGER,PERSONAL,SE,BACKING,,,1,,,,,,,,,,Y,Y,,,,,,Y,REAR-LEFT-CORNER,,,,,,,,,,,,,,,,,,,,,,,,,,,,,,,,,
2138146,2e138da6e5fa62647c514aea336e1eeed1477689e77fec72f873e859a621c7461aa4531e0e78ad99fc020eb60362754918e4bf9b6e2ef78fc0d3bb27ac1bd6b5,08/27/2025 01:51:00 PM,2,DRIVER,,2038233,,CHEVROLET,EQUINOX,IL,2015,UNKNOWN,SPORT UTILITY VEHICLE (SUV),PERSONAL,E,STRAIGHT AHEAD,,,1,,,,,Y,,,,,,,,,Y,Y,Y,,FRONT,,,,,,,,,,,,,,,,,,,,,,,,,,,,,,,,,
2137941,3df7d23f5f32bea062c19e330ab50324020bde26a86401a46ee766e7e1c3771235886b4df7d1c1b7aebdaccc55ceb34bba8dd6dcbf9f8693399ea8b55164c7ee,08/27/2025 01:49:00 PM,1,DRIVER,,2039446,,UNKNOWN,OTHER (EXPLAIN IN NARRATIVE),,,UNKNOWN,TRACTOR W/O SEMI-TRAILER,UNKNOWN/NA,UNKNOWN,UNKNOWN/NA,,,1,,,,,,,,,,,,,,,,,Y,UNKNOWN,,,,,,,,,,,,,,,,,,,,,,,,,,,,,,,,,
2137942,3df7d23f5f32bea062c19e330ab50324020bde26a86401a46ee766e7e1c3771235886b4df7d1c1b7aebdaccc55ceb34bba8dd6dcbf9f8693399ea8b55164c7ee,08/27/2025 01:49:00 PM,2,DRIVERLESS,,2039456,,NISSAN,ROGUE,IL,2009,UNKNOWN,PASSENGER,PERSONAL,N,PARKED,,,0,,,,,,,,,,,,,,,,Y,,FRONT,,,,,,,,,,,,,,,,,,,,,,,,,,,,,,,,,
2137969,004ed52421cd8664ce43d674d90174e49bb6a70233fb93168f29a0c282bda4cae98f19465a23e5e1d52dbe38f0d815053f66316f12fa48582d9464f62c01acc0,08/27/2025 01:45:00 PM,1,DRIVER,,2038132,,HONDA,ACCORD,IL,2013,UNKNOWN,PASSENGER,PERSONAL,NW,TURNING RIGHT,,,1,,,,,,,,,,Y,Y,Y,,,,,,SIDE-LEFT-REAR,,,,,,,,,,,,,,,,,,,,,,,,,,,,,,,,,
2137970,004ed52421cd8664ce43d674d90174e49bb6a70233fb93168f29a0c282bda4cae98f19465a23e5e1d52dbe38f0d815053f66316f12fa48582d9464f62c01acc0,08/27/2025 01:45:00 PM,2,DRIVER,,2038158,Y,GENERAL MOTORS CORPORATION (GMC),SAVANNAH,IL,2009,UNKNOWN,TRUCK - SINGLE UNIT,COMMERCIAL - SINGLE UNIT,NW,TURNING RIGHT,,,1,,,,,Y,,,,,,,,,,,,,SIDE-RIGHT-FRONT,"22,090",,,,DRIVER,2,GELCO CORP--FIRM OWNED,IL,CHICAGO,,,,N,N,,N,,N,N,,,,,,,,3,"SINGLE UNIT TRUCK, 3 OR MORE AXLES",OTHER,OTHER,N,N,
2137949,223ef3f7308da2fc46d338ed6bab0e68e7ec07375614c37ec58adfda9a3494e1ddb7651efa8ef9c2ffa7e8b2c8b7f4ae25e69b8a0b8f0cf6b309a6e60bb80bf5,08/27/2025 01:35:00 PM,1,DRIVER,,2038056,,NOVA BUS,OTHER (EXPLAIN IN NARRATIVE),IL,2024,UNKNOWN,BUS OVER 15 PASS.,CTA,S,TURNING RIGHT,,,1,,,,,,,,,,,,,,,,,,FRONT,,,,,,,,,,,,,,,,,,,,,,,,,,,,,,,,,
2137950,223ef3f7308da2fc46d338ed6bab0e68e7ec07375614c37ec58adfda9a3494e1ddb7651efa8ef9c2ffa7e8b2c8b7f4ae25e69b8a0b8f0cf6b309a6e60bb80bf5,08/27/2025 01:35:00 PM,2,DRIVER,,2038061,,TOYOTA,CAMRY,IL,2015,UNKNOWN,PASSENGER,PERSONAL,S,TURNING RIGHT,,,1,,,,,,,,,,Y,Y,,,,,,,REAR-LEFT-CORNER,,,,,,,,,,,,,,,,,,,,,,,,,,,,,,,,,
2137921,15bc39b2b41c34101843e5a3ede3479625d80abe1b07d9afe11c7c764537d32a705f2923e079492b5dcbea0e3f0a55dd8b0629ce47dd5fc2d689530ee720fee9,08/27/2025 01:33:00 PM,1,PARKED,,2038049,,JEEP,GRAND CHEROKEE,IL,2023,UNKNOWN,PASSENGER,PERSONAL,S,PARKED,,,0,,,,,,,,,,,,Y,,,,,,REAR-LEFT-CORNER,,,,,,,,,,,,,,,,,,,,,,,,,,,,,,,,,
2137922,15bc39b2b41c34101843e5a3ede3479625d80abe1b07d9afe11c7c764537d32a705f2923e079492b5dcbea0e3f0a55dd8b0629ce47dd5fc2d689530ee720fee9,08/27/2025 01:33:00 PM,2,DRIVER,,2038036,,HONDA,ODYSSEY,IL,2024,UNKNOWN,PASSENGER,PERSONAL,S,STRAIGHT AHEAD,,,1,,,,,,Y,,,,,,,,,,,,FRONT-RIGHT-CORNER,,,,,,,,,,,,,,,,,,,,,,,,,,,,,,,,,
2137912,a8567d2d3804f2b7a5283b8012b03d5687e6804c01120c8141bc2009de1eea2ee9c881a7d3862e4c8d7949e5944be3a5ad33330ff0f10f2ddbccc1bb92b783c4,08/27/2025 01:33:00 PM,1,DRIVER,,2038023,,GENERAL MOTORS CORPORATION (GMC),SAVANNAH,IL,2016,NONE,VAN/MINI-VAN,OTHER,NW,STRAIGHT AHEAD,,,1,,,,Y,,,,,,,,,,,,,,FRONT-RIGHT-CORNER,,,,,,,,,,,,,,,,,,,,,,,,,,,,,,,,,
2137913,a8567d2d3804f2b7a5283b8012b03d5687e6804c01120c8141bc2009de1eea2ee9c881a7d3862e4c8d7949e5944be3a5ad33330ff0f10f2ddbccc1bb92b783c4,08/27/2025 01:33:00 PM,2,DRIVER,,2038031,,GENERAL MOTORS CORPORATION (GMC),SIERRA,IL,2011,NONE,PICKUP,PERSONAL,NW,STRAIGHT AHEAD,,,1,,,,,,,,,,,,,,Y,,,,SIDE-LEFT-FRONT,,,,,,,,,,,,,,,,,,,,,,,,,,,,,,,,,
2137985,c608567155869918abb74ea4e57482d91452df337f40d4366912c2d3d0b98e83548c9954c70afaf88d45b304c269a78364e37eb28b46084358501a9b3c4a0b91,08/27/2025 01:30:00 PM,1,DRIVER,,2038094,,SATURN,OTHER (EXPLAIN IN NARRATIVE),IL,2004,UNKNOWN,PASSENGER,PERSONAL,S,BACKING,,,1,,,,,,,,,Y,Y,Y,,,,,,Y,REAR,,,,,,,,,,,,,,,,,,,,,,,,,,,,,,,,,
2137986,c608567155869918abb74ea4e57482d91452df337f40d4366912c2d3d0b98e83548c9954c70afaf88d45b304c269a78364e37eb28b46084358501a9b3c4a0b91,08/27/2025 01:30:00 PM,2,DRIVER,1,2038089,,TOYOTA,PRIUS,IN,2018,UNKNOWN,PASSENGER,PERSONAL,N,OTHER,,,2,,,,,Y,,,,,,,,,,,Y,Y,FRONT-RIGHT-CORNER,,,,,,,,,,,,,,,,,,,,,,,,,,,,,,,,,
2137919,d9500c099fa04233eb61e4a10f4d4d15844bb8ded11f91a36b13837db96e90b3a47ad65cb29fc07d25a0bb88a91359a255f881b66a3dc41078298506c99eb489,08/27/2025 01:30:00 PM,1,DRIVER,1,2038021,,CHEVROLET,CRUZE,IL,,UNKNOWN,PASSENGER,PERSONAL,SW,BACKING,,,2,,,,,,,,,Y,Y,Y,,,,,,,REAR,,,,,,,,,,,,,,,,,,,,,,,,,,,,,,,,,
2137920,d9500c099fa04233eb61e4a10f4d4d15844bb8ded11f91a36b13837db96e90b3a47ad65cb29fc07d25a0bb88a91359a255f881b66a3dc41078298506c99eb489,08/27/2025 01:30:00 PM,2,DRIVER,1,2038041,,HONDA,PILOT,IL,2024,UNKNOWN,PASSENGER,PERSONAL,W,STRAIGHT AHEAD,,,2,,,,,Y,,,,,,,,,,Y,Y,,FRONT,,,,,,,,,,,,,,,,,,,,,,,,,,,,,,,,,
2138020,4d4cce52ec201b35e25d449e047e72689898c8fae15a385884e8fcb8391db532d5ba5cd286556413fd7e41db1e84406520f9ecff2361303412a5a50505c2622b,08/27/2025 01:25:00 PM,1,DRIVER,,2038112,,UNKNOWN,OTHER (EXPLAIN IN NARRATIVE),IL,,UNKNOWN,PASSENGER,UNKNOWN/NA,N,STRAIGHT AHEAD,,,1,,,,,,,,,,,,,,,,,Y,UNKNOWN,,,,,,,,,,,,,,,,,,,,,,,,,,,,,,,,,
2138021,4d4cce52ec201b35e25d449e047e72689898c8fae15a385884e8fcb8391db532d5ba5cd286556413fd7e41db1e84406520f9ecff2361303412a5a50505c2622b,08/27/2025 01:25:00 PM,2,DRIVER,,2038119,,MERCEDES-BENZ,GLK350,IL,2011,UNKNOWN,PASSENGER,PERSONAL,E,STRAIGHT AHEAD,,,1,,,,,,Y,Y,Y,,,,,N,,,,,SIDE-RIGHT,,,,,,,,,,,,,,,,,,,,,,,,,,,,,,,,,
2137928,c00cb2520abcf24cce95504f1d22f117464b484f79d8546711309e2df1bb7ed19b951ecdc782db6b85174419a0f002828fab915bcc508883cc57ccf45696ef36,08/27/2025 01:25:00 PM,1,DRIVER,,2038033,,HONDA,CR-V,IL,2006,UNKNOWN,SPORT UTILITY VEHICLE (SUV),PERSONAL,S,STRAIGHT AHEAD,,,1,,,,,,,,,,,,,,,,Y,,FRONT,,,,,,,,,,,,,,,,,,,,,,,,,,,,,,,,,
2137929,c00cb2520abcf24cce95504f1d22f117464b484f79d8546711309e2df1bb7ed19b951ecdc782db6b85174419a0f002828fab915bcc508883cc57ccf45696ef36,08/27/2025 01:25:00 PM,2,DRIVER,,2038042,,HYUNDAI,SONATA,IL,2015,UNKNOWN,PASSENGER,PERSONAL,S,STRAIGHT AHEAD,,,1,,,,,,,,,,Y,,,,,,,,REAR,,,,,,,,,,,,,,,,,,,,,,,,,,,,,,,,,
2137910,58e81b0d4060414da28967c2aa4c6347c4d2f8ab2a8862f392b09cadc42b68ff17d258ea8c05a114e1a1fa97ba7484d1c9956d07e456a85c70dd415facf6797d,08/27/2025 01:22:00 PM,1,DRIVER,,2038014,,FORD,F150,XX,,UNKNOWN,PICKUP,UNKNOWN/NA,W,PASSING/OVERTAKING,,,1,,,,,Y,,,,,,,,,,Y,Y,,FRONT-RIGHT-CORNER,,,,,,,,,,,,,,,,,,,,,,,,,,,,,,,,,
2137911,58e81b0d4060414da28967c2aa4c6347c4d2f8ab2a8862f392b09cadc42b68ff17d258ea8c05a114e1a1fa97ba7484d1c9956d07e456a85c70dd415facf6797d,08/27/2025 01:22:00 PM,2,DRIVER,,2038020,,HONDA,CIVIC,IL,2009,UNKNOWN,PASSENGER,PERSONAL,W,STRAIGHT AHEAD,Y,,1,,SELF,UNK,,Y,,,,,,,,,,Y,Y,,FRONT-LEFT-CORNER,,,,,,,,,,,,,,,,,,,,,,,,,,,,,,,,,
2137890,71d6491ddd0df9279bfd010d6ae9626cb9c89268f255822f8ff6b42cf3b58dfc5aff1467de6025611b464ef313932e012375ece7010986d57f40ca96eb209957,08/27/2025 01:15:00 PM,1,DRIVER,,2037999,,FORD,EXPLORER,IL,2013,NONE,SPORT UTILITY VEHICLE (SUV),PERSONAL,N,STRAIGHT AHEAD,,,1,,,,,Y,,,,,,,,,,Y,Y,,FRONT,,,,,,,,,,,,,,,,,,,,,,,,,,,,,,,,,
2137891,71d6491ddd0df9279bfd010d6ae9626cb9c89268f255822f8ff6b42cf3b58dfc5aff1467de6025611b464ef313932e012375ece7010986d57f40ca96eb209957,08/27/2025 01:15:00 PM,2,DRIVER,,2037993,,KIA,TELLURIDE,IL,2025,NONE,SPORT UTILITY VEHICLE (SUV),PERSONAL,N,STRAIGHT AHEAD,,,1,,,,,,,,,Y,Y,Y,,,,,,,REAR,,,,,,,,,,,,,,,,,,,,,,,,,,,,,,,,,
2137882,0435524b2eb0615216c172d44fa23c4cf4eda9640a6ccbc50ef339d84a92757d9fb70c5fbae01d05ab17004254b4ccf383432f3557fa4330ca819c0b795da110,08/27/2025 01:00:00 PM,1,DRIVER,,2037992,,TOYOTA,HIGHLANDER,IL,2021,UNKNOWN,PASSENGER,PERSONAL,E,PASSING/OVERTAKING,,,1,,,,,Y,Y,,,,,,,,,,,,FRONT-RIGHT-CORNER,,,,,,,,,,,,,,,,,,,,,,,,,,,,,,,,,
2137883,0435524b2eb0615216c172d44fa23c4cf4eda9640a6ccbc50ef339d84a92757d9fb70c5fbae01d05ab17004254b4ccf383432f3557fa4330ca819c0b795da110,08/27/2025 01:00:00 PM,2,DRIVER,,2038003,,TOYOTA,COROLLA,IL,2024,NONE,PASSENGER,PERSONAL,NE,STRAIGHT AHEAD,,,1,,,,,,,,,,,Y,Y,,,,,,REAR-LEFT-CORNER,,,,,,,,,,,,,,,,,,,,,,,,,,,,,,,,,
2137896,36df98582081c24535acc9ca60a0726aa93d4d670fcff7e4fd907fefd810c0a82fac4143d9163ef18d93b043c273f16a3291c61c80596fd67891a99854f675a6,08/27/2025 01:00:00 PM,1,DRIVER,,2038006,,BUICK,LACROSSE,IL,2013,UNKNOWN,PASSENGER,PERSONAL,SE,STRAIGHT AHEAD,,,1,,,,,,,,,,,,,,,,,Y,FRONT,,,,,,,,,,,,,,,,,,,,,,,,,,,,,,,,,
2137897,36df98582081c24535acc9ca60a0726aa93d4d670fcff7e4fd907fefd810c0a82fac4143d9163ef18d93b043c273f16a3291c61c80596fd67891a99854f675a6,08/27/2025 01:00:00 PM,2,DRIVER,,2038001,,MAZDA,CX-5,IL,2019,UNKNOWN,PASSENGER,PERSONAL,SE,TURNING LEFT,,,1,,,,,,,,,,,,,Y,Y,,,,SIDE-LEFT,,,,,,,,,,,,,,,,,,,,,,,,,,,,,,,,,
2137955,5356b7f2429a918d927dedc3700e59f99d08ba95d566a0dfd0c9bd53e186c9e84cd7bea99397161c4da416d3d0fcf23a2017298f42b34dc80248a9a84b88d9e0,08/27/2025 01:00:00 PM,1,DRIVER,,2038074,,UNKNOWN,OTHER (EXPLAIN IN NARRATIVE),,,UNKNOWN,PASSENGER,UNKNOWN/NA,N,PASSING/OVERTAKING,,,1,,,,,,,,,,,,,,,,,Y,FRONT,,,,,,,,,,,,,,,,,,,,,,,,,,,,,,,,,
2137956,5356b7f2429a918d927dedc3700e59f99d08ba95d566a0dfd0c9bd53e186c9e84cd7bea99397161c4da416d3d0fcf23a2017298f42b34dc80248a9a84b88d9e0,08/27/2025 01:00:00 PM,2,DRIVER,,2038083,,VOLKSWAGEN,TIGUAN,FL,2021,UNKNOWN,PASSENGER,PERSONAL,NW,TURNING LEFT,,,1,,,,,,,,,,,,,Y,Y,Y,,,SIDE-LEFT-FRONT,,,,,,,,,,,,,,,,,,,,,,,,,,,,,,,,,
2137961,98d01753f9adc7d2cf9d3677c6e2543fc428df02e6ff22ec3bd41c41265597f86a837a5e763710e284bbc1388d2641d50198f42ee9368155ed260cdae034b88d,08/27/2025 01:00:00 PM,1,DRIVER,,2038073,,CHEVROLET,TRAIL BLAZER,IL,2025,UNKNOWN,SPORT UTILITY VEHICLE (SUV),PERSONAL,E,STRAIGHT AHEAD,,,1,,,,,,,,,,,,,,Y,Y,,,FRONT-LEFT-CORNER,,,,,,,,,,,,,,,,,,,,,,,,,,,,,,,,,
2137962,98d01753f9adc7d2cf9d3677c6e2543fc428df02e6ff22ec3bd41c41265597f86a837a5e763710e284bbc1388d2641d50198f42ee9368155ed260cdae034b88d,08/27/2025 01:00:00 PM,2,DRIVER,,2038076,,FORD,OTHER (EXPLAIN IN NARRATIVE),IL,,UNKNOWN,PASSENGER,PERSONAL,E,STRAIGHT AHEAD,,,1,,,,,,,Y,Y,,,,,,,,,,REAR-RIGHT-CORNER,,,,,,,,,,,,,,,,,,,,,,,,,,,,,,,,,
2138051,20b1fbd1c524849c6dbd5f0b0a816b01e1442f13dbdf09d1a48c207dd6d02f620d5b01b1a670a49b1060c346b13395452fc291200839231b741367b19ad9eb6f,08/27/2025 12:59:00 PM,1,DRIVER,,2038143,,AUDI,OTHER (EXPLAIN IN NARRATIVE),IL,2018,UNKNOWN,PASSENGER,PERSONAL,S,CHANGING LANES,Y,,1,,WELLS TOWING,,,,,,,,,,,Y,Y,,,,SIDE-LEFT,,,,,,,,,,,,,,,,,,,,,,,,,,,,,,,,,
2138052,20b1fbd1c524849c6dbd5f0b0a816b01e1442f13dbdf09d1a48c207dd6d02f620d5b01b1a670a49b1060c346b13395452fc291200839231b741367b19ad9eb6f,08/27/2025 12:59:00 PM,2,DRIVER,,2038154,N,NORTH AMERICAN BUS INDUSTRIES,OTHER (EXPLAIN IN NARRATIVE),IL,2015,UNKNOWN,BUS OVER 15 PASS.,RIDESHARE SERVICE,S,STRAIGHT AHEAD,,,1,,,,,,,,,,,,,,,,,,UNKNOWN,,,,,,,,,,,,,,,,,,,,,,,,,,,,,,,,,
2137886,037de6fb379df37d217950869cb8dc6672a6a39a537b1c65d7d1bbe58358b3477f5dd6262c35f30996af07223e4dedff7efc702d2f3b2dfc7a0c1d6da7457d17,08/27/2025 12:50:00 PM,1,DRIVER,1,2037996,,BMW,X3,IL,2019,NONE,SPORT UTILITY VEHICLE (SUV),PERSONAL,E,TURNING RIGHT,,,2,,,,,,,Y,Y,Y,,,,,,,,,SIDE-RIGHT,,,,,,,,,,,,,,,,,,,,,,,,,,,,,,,,,
2137887,037de6fb379df37d217950869cb8dc6672a6a39a537b1c65d7d1bbe58358b3477f5dd6262c35f30996af07223e4dedff7efc702d2f3b2dfc7a0c1d6da7457d17,08/27/2025 12:50:00 PM,2,DRIVER,,2038018,,TOYOTA,COROLLA,IL,2023,NONE,PASSENGER,PERSONAL,E,TURNING RIGHT,,,1,,,,,,,,,,,,,,Y,Y,,,FRONT-LEFT-CORNER,,,,,,,,,,,,,,,,,,,,,,,,,,,,,,,,,
2137902,27cb3cb3831bc419622e554a93804312964cebe474a7af2b39d5e5c79b5a503c7188f63bf55a7e8ce535dacbbfaee66cb7e932945e540385bd0670a47e54d4b3,08/27/2025 12:33:00 PM,1,DRIVER,,2038005,,UNKNOWN,MOTORIZED,,,UNKNOWN,UNKNOWN/NA,UNKNOWN/NA,UNKNOWN,UNKNOWN/NA,,,1,,,,,,,,,,,,,,,,,Y,UNKNOWN,,,,,,,,,,,,,,,,,,,,,,,,,,,,,,,,,
2137903,27cb3cb3831bc419622e554a93804312964cebe474a7af2b39d5e5c79b5a503c7188f63bf55a7e8ce535dacbbfaee66cb7e932945e540385bd0670a47e54d4b3,08/27/2025 12:33:00 PM,2,PARKED,,2038008,,HONDA,ODYSSEY,IL,2005,NONE,VAN/MINI-VAN,PERSONAL,UNKNOWN,PARKED,,,0,,,,,,,,,,,,,,,,,,SIDE-LEFT,,,,,,,,,,,,,,,,,,,,,,,,,,,,,,,,,
2137871,09abd51814d793feeb4b6ef2f32ce65a6983d2f2822c1a4bed793f0d045c6e4685b7ec0437d616b3615793814b5be38ca945b5a072fbaa6c85b2c43a65c6af79,08/27/2025 12:13:00 PM,1,DRIVER,,2037979,,FREIGHTLINER CORPORATION,FREIGHTLINER CORP.,IL,2019,NONE,TRACTOR W/O SEMI-TRAILER,OTHER,UNKNOWN,UNKNOWN/NA,,,1,,,,,,,,,,,,,,,,,,TOP,,,,,,,,,,,,,,,,,,,,,,,,,,,,,,,,,