CRASH_UNIT_ID,CRASH_RECORD_ID,CRASH_DATE,UNIT_NO,UNIT_TYPE,NUM_PASSENGERS,VEHICLE_ID,CMRC_VEH_I,MAKE,MODEL,LIC_PLATE_STATE,VEHICLE_YEAR,VEHICLE_DEFECT,VEHICLE_TYPE,VEHICLE_USE,TRAVEL_DIRECTION,MANEUVER,TOWED_I,FIRE_I,OCCUPANT_CNT,EXCEED_SPEED_LIMIT_I,TOWED_BY,TOWED_TO,AREA_00_I,AREA_01_I,AREA_02_I,AREA_03_I,AREA_04_I,AREA_05_I,AREA_06_I,AREA_07_I,AREA_08_I,AREA_09_I,AREA_10_I,AREA_11_I,AREA_12_I,AREA_99_I,FIRST_CONTACT_POINT,CMV_ID,USDOT_NO,CCMC_NO,ILCC_NO,COMMERCIAL_SRC,GVWR,CARRIER_NAME,CARRIER_STATE,CARRIER_CITY,HAZMAT_PLACARDS_I,HAZMAT_NAME,UN_NO,HAZMAT_PRESENT_I,HAZMAT_REPORT_I,HAZMAT_REPORT_NO,MCS_REPORT_I,MCS_REPORT_NO,HAZMAT_VIO_CAUSE_CRASH_I,MCS_VIO_CAUSE_CRASH_I,IDOT_PERMIT_NO,WIDE_LOAD_I,TRAILER1_WIDTH,TRAILER2_WIDTH,TRAILER1_LENGTH,TRAILER2_LENGTH,TOTAL_VEHICLE_LENGTH,AXLE_CNT,VEHICLE_CONFIG,CARGO_BODY_TYPE,LOAD_TYPE,HAZMAT_OUT_OF_SERVICE_I,MCS_OUT_OF_SERVICE_I,HAZMAT_CLASS
2137979,9b3effbd2880189ad62d3bc5a0de1fb93f1b3caca2cc5c0e8b11fea4aeb5cc409930374249ff9142c4adaf5e78a8ba39b25316c0057d9e28bf4a794ec23c6350,08/27/2025 12:00:00 PM,1,DRIVER,,2038105,,DODGE,GRAND CARAVAN,IL,,UNKNOWN,UNKNOWN/NA,UNKNOWN/NA,UNKNOWN,UNKNOWN/NA,,,1,,,,,,,,,,,,,,,,,,REAR,,,,,,,,,,,,,,,,,,,,,,,,,,,,,,,,,
2137980,9b3effbd2880189ad62d3bc5a0de1fb93f1b3caca2cc5c0e8b11fea4aeb5cc409930374249ff9142c4adaf5e78a8ba39b25316c0057d9e28bf4a794ec23c6350,08/27/2025 12:00:00 PM,2,PEDESTRIAN,,,,,,,,,,,,,,,,,,,,,,,,,,,,,,,,,,,,,,,,,,,,,,,,,,,,,,,,,,,,,,,,,,
2137989,9b3effbd2880189ad62d3bc5a0de1fb93f1b3caca2cc5c0e8b11fea4aeb5cc409930374249ff9142c4adaf5e78a8ba39b25316c0057d9e28bf4a794ec23c6350,08/27/2025 12:00:00 PM,3,PEDESTRIAN,,,,,,,,,,,,,,,,,,,,,,,,,,,,,,,,,,,,,,,,,,,,,,,,,,,,,,,,,,,,,,,,,,
2137852,4d1bce1907b1e35a5ee7285558ea243e1f3f60370740c2fe7a12c7f590ea5fa38e1789f11ee115d36d9bca46487df0131a7d36459dd77f4909a9ea6cf2f33c02,08/27/2025 11:46:00 AM,1,DRIVER,,2037958,,SUBARU,OTHER (EXPLAIN IN NARRATIVE),IL,2016,UNKNOWN,PASSENGER,PERSONAL,S,STRAIGHT AHEAD,,,1,,,,,Y,,,,,,,,,,Y,Y,,FRONT,,,,,,,,,,,,,,,,,,,,,,,,,,,,,,,,,
2137844,92f46dfe5690432d9494402cbe92e9b3df468f1d870f91f823887b23cb8d9c1b177655946048d9c969f19cb5ffe4156bc7afbdc62833658709e531a40ea0bb02,08/27/2025 11:45:00 AM,1,DRIVER,,2037961,N,FORD,F550,IL,2024,CARGO,PASSENGER,UNKNOWN/NA,E,STRAIGHT AHEAD,,,1,,,,,,,,,,,Y,,,,,,,REAR-LEFT-CORNER,,,,,,,,,,,,,,,,,,,,,,,,,,,,,,,,,
2137845,92f46dfe5690432d9494402cbe92e9b3df468f1d870f91f823887b23cb8d9c1b177655946048d9c969f19cb5ffe4156bc7afbdc62833658709e531a40ea0bb02,08/27/2025 11:45:00 AM,2,DRIVER,,2037966,,JEEP,GRAND CHEROKEE,IL,2020,UNKNOWN,PASSENGER,PERSONAL,E,STRAIGHT AHEAD,,,1,,,,,,,,Y,Y,,,,,,,,,REAR-RIGHT-CORNER,,,,,,,,,,,,,,,,,,,,,,,,,,,,,,,,,
2137857,af44e1767a7eb44e3d8b36e77bcbc597c7fa2827c4f3d8bb1ae21fe90938419a47608ce4623c4a9128036d7ee510c67c981655163560c7210421acd8fe74bf60,08/27/2025 11:45:00 AM,1,DRIVER,1,2037971,,CHEVROLET,IMPALA,IL,2013,NONE,PASSENGER,PERSONAL,N,OTHER,,,2,,,,,Y,,,,,,,,,,,,,FRONT-RIGHT-CORNER,,,,,,,,,,,,,,,,,,,,,,,,,,,,,,,,,
2137858,af44e1767a7eb44e3d8b36e77bcbc597c7fa2827c4f3d8bb1ae21fe90938419a47608ce4623c4a9128036d7ee510c67c981655163560c7210421acd8fe74bf60,08/27/2025 11:45:00 AM,2,DRIVER,,2037981,,JEEP,JEEP,IL,,NONE,PASSENGER,PERSONAL,N,STRAIGHT AHEAD,,,1,,,,,,,,,,,Y,,,,,,,REAR-LEFT-CORNER,,,,,,,,,,,,,,,,,,,,,,,,,,,,,,,,,
2137957,8e257938087e31b09e0631e62526c87ad3ad06fb289b4292520ac974cbb68a83082f896e0e7c7e56899002bea191a15bbbd271640c3b1b67406d1468638b1aab,08/27/2025 11:44:00 AM,1,DRIVER,,2038069,,MITSUBISHI,OUTLANDER,IL,2018,NONE,SPORT UTILITY VEHICLE (SUV),PERSONAL,W,PASSING/OVERTAKING,,,1,,,,,,,,,,,,,,Y,,,,SIDE-LEFT,,,,,,,,,,,,,,,,,,,,,,,,,,,,,,,,,
2137958,8e257938087e31b09e0631e62526c87ad3ad06fb289b4292520ac974cbb68a83082f896e0e7c7e56899002bea191a15bbbd271640c3b1b67406d1468638b1aab,08/27/2025 11:44:00 AM,2,DRIVER,,2038065,,GENERAL MOTORS CORPORATION (GMC),OTHER (EXPLAIN IN NARRATIVE),IL,2007,NONE,VAN/MINI-VAN,PERSONAL,W,STRAIGHT AHEAD,,,1,,,,,Y,Y,,,,,,,,,,,,FRONT-RIGHT-CORNER,,,,,,,,,,,,,,,,,,,,,,,,,,,,,,,,,
2137937,3da44aa4e6aa1886011bdeb1ada484ccf6c6e1f68cc97238d7bd82807e650a4ebc793c6d9a611f0a738843600d933da7bfc75a6a69c3ed0e8e79651816524917,08/27/2025 11:40:00 AM,1,DRIVER,,2038047,,ACURA,ADX,IL,2025,UNKNOWN,VAN/MINI-VAN,UNKNOWN/NA,S,UNKNOWN/NA,,,1,,,,,,Y,,,,,,,,,,,,OTHER,,,,,,,,,,,,,,,,,,,,,,,,,,,,,,,,,
2137938,3da44aa4e6aa1886011bdeb1ada484ccf6c6e1f68cc97238d7bd82807e650a4ebc793c6d9a611f0a738843600d933da7bfc75a6a69c3ed0e8e79651816524917,08/27/2025 11:40:00 AM,2,PARKED,,2038051,,FORD,TRANSIT,IL,2020,UNKNOWN,BUS UP TO 15 PASS.,UNKNOWN/NA,S,PARKED,,,0,,,,,,,,,,,,,,,,,,NONE,,,,,,,,,,,,,,,,,,,,,,,,,,,,,,,,,
2137862,be5fca0e237b0217cc09501785f74bd8bfbd78352d02cb61699329fffc57a137e3062ddb3ba84f27d3dffaa129be3326531cb8d45719d006d7e7f2341eaf3509,08/27/2025 11:40:00 AM,1,DRIVER,,2037963,,MITSUBISHI,OTHER (EXPLAIN IN NARRATIVE),IL,2018,NONE,SPORT UTILITY VEHICLE (SUV),PERSONAL,SE,PASSING/OVERTAKING,,,1,,,,,,,,Y,Y,,,,,,,,,SIDE-RIGHT-REAR,,,,,,,,,,,,,,,,,,,,,,,,,,,,,,,,,
2137863,be5fca0e237b0217cc09501785f74bd8bfbd78352d02cb61699329fffc57a137e3062ddb3ba84f27d3dffaa129be3326531cb8d45719d006d7e7f2341eaf3509,08/27/2025 11:40:00 AM,2,DRIVER,1,2037969,,VOLKSWAGEN,ATLAS,IL,2020,NONE,PASSENGER,PERSONAL,SW,TURNING LEFT,,,2,,,,,,,,,,,,,,,,Y,,FRONT,,,,,,,,,,,,,,,,,,,,,,,,,,,,,,,,,
2137879,4b9df8fff0c6b3f2fc6a4cc105d53c1f12b72033cab4b9553abb4fd5ef2776a2d883018612baaa90b1dfba0c781bc20c9d423575e5eca2dab47e0238a361ccf7,08/27/2025 11:38:00 AM,1,DRIVER,,2037986,,TOYOTA,CAMRY,IL,2019,NONE,PASSENGER,PERSONAL,W,STRAIGHT AHEAD,Y,,1,,owner's choice,owner's choice,,,,,,,,Y,Y,Y,,Y,,,SIDE-LEFT,,,,,,,,,,,,,,,,,,,,,,,,,,,,,,,,,
2137880,4b9df8fff0c6b3f2fc6a4cc105d53c1f12b72033cab4b9553abb4fd5ef2776a2d883018612baaa90b1dfba0c781bc20c9d423575e5eca2dab47e0238a361ccf7,08/27/2025 11:38:00 AM,2,DRIVER,,2037991,,CHEVROLET,TRAIL BLAZER,IL,2004,NONE,SPORT UTILITY VEHICLE (SUV),PERSONAL,N,STRAIGHT AHEAD,,,1,,,,,,,,,,,,,,,Y,Y,,FRONT-LEFT-CORNER,,,,,,,,,,,,,,,,,,,,,,,,,,,,,,,,,
2137881,4b9df8fff0c6b3f2fc6a4cc105d53c1f12b72033cab4b9553abb4fd5ef2776a2d883018612baaa90b1dfba0c781bc20c9d423575e5eca2dab47e0238a361ccf7,08/27/2025 11:38:00 AM,3,DRIVER,2,2037997,,HONDA,ODYSSEY,IL,2012,NONE,VAN/MINI-VAN,PERSONAL,N,STRAIGHT AHEAD,,,3,,,,,Y,,,,,,,,,,Y,Y,,FRONT-RIGHT-CORNER,,,,,,,,,,,,,,,,,,,,,,,,,,,,,,,,,
2137824,ad730825b16ca9a890fdfd278bbe6f74ba4713a20d042533ae17ff5d1e5481356765214535ae0766469dc35f0bc09fba4b09fcf862f765d6e5435d1fe6edb0ab,08/27/2025 11:30:00 AM,1,DRIVER,,2037939,,GENERAL MOTORS CORPORATION (GMC),ACADIA,IL,2007,NONE,SPORT UTILITY VEHICLE (SUV),PERSONAL,N,STRAIGHT AHEAD,,,1,,,,,,,Y,Y,,,,,,,,,,SIDE-RIGHT,,,,,,,,,,,,,,,,,,,,,,,,,,,,,,,,,
2137825,ad730825b16ca9a890fdfd278bbe6f74ba4713a20d042533ae17ff5d1e5481356765214535ae0766469dc35f0bc09fba4b09fcf862f765d6e5435d1fe6edb0ab,08/27/2025 11:30:00 AM,2,PARKED,,2037946,,DODGE,CARAVAN,IL,2007,NONE,VAN/MINI-VAN,NOT IN USE,N,PARKED,,,0,,,,,,,,,,,Y,,,,,,,REAR-LEFT-CORNER,,,,,,,,,,,,,,,,,,,,,,,,,,,,,,,,,
2137828,296179f06f121397344a17e46965593f27b9652611d3a62a0b88e92635e45d401e1b3d866ed73f53fa44a01022495a97a723be819b866aee236cc83ba0f96199,08/27/2025 11:15:00 AM,1,DRIVER,,2037948,,DODGE,RAM 2500 VAN,IL,2020,UNKNOWN,VAN/MINI-VAN,OTHER,E,STRAIGHT AHEAD,,,1,,,,,N,,,,,,,,,,,Y,,FRONT,,,,,,,,,,,,,,,,,,,,,,,,,,,,,,,,,
2137829,296179f06f121397344a17e46965593f27b9652611d3a62a0b88e92635e45d401e1b3d866ed73f53fa44a01022495a97a723be819b866aee236cc83ba0f96199,08/27/2025 11:15:00 AM,2,DRIVER,,2037956,,CHEVROLET,MALIBU,IL,2018,UNKNOWN,PASSENGER,PERSONAL,S,STRAIGHT AHEAD,,,1,,,,,Y,,,,,,,,,,,,,FRONT-LEFT-CORNER,,,,,,,,,,,,,,,,,,,,,,,,,,,,,,,,,
2137914,d06fedf452a207ae71cd28df0667ffb159353d62ce0cd64a7de4366f47c9b64955673a2504e7ed7d9bdc2062685dc834732d78b3f28e3100d67b9bd04057d527,08/27/2025 11:15:00 AM,1,DRIVER,,2038028,,BUICK,ENCLAVE,IL,2014,UNKNOWN,PASSENGER,PERSONAL,S,TURNING LEFT,Y,,1,,PRIVATE TOW,,,Y,Y,,,,,,,,Y,Y,Y,,FRONT,,,,,,,,,,,,,,,,,,,,,,,,,,,,,,,,,
2137915,d06fedf452a207ae71cd28df0667ffb159353d62ce0cd64a7de4366f47c9b64955673a2504e7ed7d9bdc2062685dc834732d78b3f28e3100d67b9bd04057d527,08/27/2025 11:15:00 AM,2,DRIVER,1,2038037,,KIA,SORENTO,IL,2014,UNKNOWN,PASSENGER,RIDESHARE SERVICE,N,STRAIGHT AHEAD,Y,,2,,PRIVATE TOW,,,Y,,,,,,,,Y,Y,Y,Y,,FRONT,,,,,,,,,,,,,,,,,,,,,,,,,,,,,,,,,
2137916,d06fedf452a207ae71cd28df0667ffb159353d62ce0cd64a7de4366f47c9b64955673a2504e7ed7d9bdc2062685dc834732d78b3f28e3100d67b9bd04057d527,08/27/2025 11:15:00 AM,3,DRIVERLESS,,2038048,,CHEVROLET,TRUCK,IL,1994,UNKNOWN,PICKUP,PERSONAL,UNKNOWN,PARKED,,,0,,,,,Y,,,,,,,,,,,Y,,FRONT,,,,,,,,,,,,,,,,,,,,,,,,,,,,,,,,,
2137853,35b478adeaddf7e4002d6021140afef48676867e7f071c3065932c41061c8ae71489369f64180247d6929b9bff09d3b63e0e7b0485d3e94a5c66f71a5f691937,08/27/2025 11:10:00 AM,1,DRIVER,,2037978,,FORD,EXPLORER,IL,2020,UNKNOWN,PASSENGER,POLICE,N,BACKING,,,1,,,,N,,,,,Y,,,,,,,,,REAR-RIGHT-CORNER,,,,,,,,,,,,,,,,,,,,,,,,,,,,,,,,,
2137854,35b478adeaddf7e4002d6021140afef48676867e7f071c3065932c41061c8ae71489369f64180247d6929b9bff09d3b63e0e7b0485d3e94a5c66f71a5f691937,08/27/2025 11:10:00 AM,2,PARKED,,2037989,,MAZDA,CX-3,IL,2024,NONE,PASSENGER,POLICE,N,PARKED,,,0,,,,,,,,,,,,,,,,Y,,FRONT,,,,,,,,,,,,,,,,,,,,,,,,,,,,,,,,,
2137837,b2d6f57105707baf8b4e3c78c2a7d4e5f953cb5e1f736f9f8257b44d098b5bd14c7f6b796ba4128e4f996708bf0be5776e78dea0feb30500c5db2adec7418d56,08/27/2025 11:10:00 AM,1,DRIVER,,2037998,,VOLVO,C30,IL,2011,NONE,PASSENGER,PERSONAL,S,STRAIGHT AHEAD,,,1,,,,,,,,,,,,,,N,Y,Y,,FRONT-LEFT-CORNER,,,,,,,,,,,,,,,,,,,,,,,,,,,,,,,,,
2137838,b2d6f57105707baf8b4e3c78c2a7d4e5f953cb5e1f736f9f8257b44d098b5bd14c7f6b796ba4128e4f996708bf0be5776e78dea0feb30500c5db2adec7418d56,08/27/2025 11:10:00 AM,2,DRIVER,,2038009,,HONDA,HR-V,IL,2018,NONE,PICKUP,PERSONAL,N,TURNING LEFT,,,1,,,,,Y,Y,,,,,,,,N,Y,Y,,REAR-RIGHT-CORNER,,,,,,,,,,,,,,,,,,,,,,,,,,,,,,,,,
2137839,b2d6f57105707baf8b4e3c78c2a7d4e5f953cb5e1f736f9f8257b44d098b5bd14c7f6b796ba4128e4f996708bf0be5776e78dea0feb30500c5db2adec7418d56,08/27/2025 11:10:00 AM,3,DRIVER,,2038012,,HONDA,ACCORD,IL,2009,NONE,PASSENGER,PERSONAL,N,STRAIGHT AHEAD,,,1,,,,,Y,,,,,,,,,Y,Y,Y,,FRONT-LEFT-CORNER,,,,,,,,,,,,,,,,,,,,,,,,,,,,,,,,,
2138547,f2bfe6a8ef782d018be3720397f7a66ce7a05881a1784a176b3fe92a0fc418d27c62edf8fc79441a39535f9a0aab05db473350aad5a5ccc22be712b4087cdfae,08/27/2025 11:10:00 AM,1,DRIVER,,2038617,,CHEVROLET,EQUINOX,IL,2012,NONE,PASSENGER,PERSONAL,N,STRAIGHT AHEAD,,,1,,,,,Y,Y,Y,Y,Y,,,,,,,,,SIDE-RIGHT,,,,,,,,,,,,,,,,,,,,,,,,,,,,,,,,,
2138548,f2bfe6a8ef782d018be3720397f7a66ce7a05881a1784a176b3fe92a0fc418d27c62edf8fc79441a39535f9a0aab05db473350aad5a5ccc22be712b4087cdfae,08/27/2025 11:10:00 AM,2,DRIVER,,2038619,,FORD,F150,IL,2001,NONE,PASSENGER,PERSONAL,N,TURNING RIGHT,,,1,,,,,,,,,,,,,,,Y,,,SIDE-LEFT,,,,,,,,,,,,,,,,,,,,,,,,,,,,,,,,,
2138205,028cbf33f7353f9f8520f41594a45d3d9bb5c72badafd107eb0e4bffc8a2c36992bdab342a9a6d782a71a6f4e50f9b74ea57bb4e76203924f988ce042e284bb2,08/27/2025 11:00:00 AM,1,DRIVER,,2038295,,UNKNOWN,OTHER (EXPLAIN IN NARRATIVE),IL,,UNKNOWN,UNKNOWN/NA,UNKNOWN/NA,UNKNOWN,UNKNOWN/NA,,,1,,,,,,,,,,,,,,,,,Y,UNKNOWN,,,,,,,,,,,,,,,,,,,,,,,,,,,,,,,,,
2138206,028cbf33f7353f9f8520f41594a45d3d9bb5c72badafd107eb0e4bffc8a2c36992bdab342a9a6d782a71a6f4e50f9b74ea57bb4e76203924f988ce042e284bb2,08/27/2025 11:00:00 AM,2,PARKED,,2038298,,CHEVROLET,OTHER (EXPLAIN IN NARRATIVE),IL,2018,NONE,VAN/MINI-VAN,COMMERCIAL - MULTI-UNIT,N,PARKED,,,0,,,,,Y,,,,,,,,,,,,,FRONT-RIGHT-CORNER,,,,,,,,,,,,,,,,,,,,,,,,,,,,,,,,,
2138231,7eb7d55d675990d25e7801f3b563d022d857481554ba1f7b1256ea05bf9bb5a8d87d41a796993f8c9b2ad848be77ffa1999894ed650e3923cc80a5cd03f10c73,08/27/2025 11:00:00 AM,1,DRIVER,,2038312,,CHRYSLER,SEBRING,IL,2002,UNKNOWN,PASSENGER,UNKNOWN/NA,E,STRAIGHT AHEAD,,,1,,,,,,,,,,,,,,,Y,Y,,FRONT-LEFT-CORNER,,,,,,,,,,,,,,,,,,,,,,,,,,,,,,,,,
2138232,7eb7d55d675990d25e7801f3b563d022d857481554ba1f7b1256ea05bf9bb5a8d87d41a796993f8c9b2ad848be77ffa1999894ed650e3923cc80a5cd03f10c73,08/27/2025 11:00:00 AM,2,DRIVER,,2038317,,TOYOTA,HIGHLANDER,IL,2021,NONE,SPORT UTILITY VEHICLE (SUV),UNKNOWN/NA,N,STRAIGHT AHEAD,,,1,,,,,,,,,,,Y,Y,,,,,,REAR-LEFT-CORNER,,,,,,,,,,,,,,,,,,,,,,,,,,,,,,,,,
2137831,aa2fefca3a4c38e9a362d990683dbb0b690fd0a725d22876c81d7b193f83f80e63b13aa471bcc803c93bdd2fc15ba4827c7c4c8912fb46e7e03184db233ba889,08/27/2025 11:00:00 AM,1,DRIVER,,2037942,,UNKNOWN,OTHER (EXPLAIN IN NARRATIVE),IL,,UNKNOWN,UNKNOWN/NA,UNKNOWN/NA,UNKNOWN,UNKNOWN/NA,,,1,,,,,,,,,,,,,,,,,Y,UNKNOWN,,,,,,,,,,,,,,,,,,,,,,,,,,,,,,,,,
2137832,aa2fefca3a4c38e9a362d990683dbb0b690fd0a725d22876c81d7b193f83f80e63b13aa471bcc803c93bdd2fc15ba4827c7c4c8912fb46e7e03184db233ba889,08/27/2025 11:00:00 AM,2,PARKED,,2037938,,FORD,F250,IL,2011,NONE,PICKUP,CONSTRUCTION/MAINTENANCE,E,PARKED,,,0,,,,,,,,,,,Y,Y,Y,Y,,,,SIDE-LEFT-REAR,,,,,,,,,,,,,,,,,,,,,,,,,,,,,,,,,
2137800,15167f473a849d0d176baebfe745143da7b1c6f757b5c8238241014357f312e54816b52c64c85f5303d44f3c28e1f53cd65f194f3ad3804ad97a8549abbdb2f2,08/27/2025 10:47:00 AM,1,DRIVER,,2037914,,ALFA ROMEO,OTHER (EXPLAIN IN NARRATIVE),IL,2019,UNKNOWN,SPORT UTILITY VEHICLE (SUV),UNKNOWN/NA,E,STRAIGHT AHEAD,,,1,,,,,,Y,,,,,,,,,,,,SIDE-RIGHT,,,,,,,,,,,,,,,,,,,,,,,,,,,,,,,,,
2137801,15167f473a849d0d176baebfe745143da7b1c6f757b5c8238241014357f312e54816b52c64c85f5303d44f3c28e1f53cd65f194f3ad3804ad97a8549abbdb2f2,08/27/2025 10:47:00 AM,2,PEDESTRIAN,,,,,,,,,,,,,,,,,,,,,,,,,,,,,,,,,,,,,,,,,,,,,,,,,,,,,,,,,,,,,,,,,,
2137802,5f415cbb307014fcd112ca44f9c0d3a567210f153484ce23c4360445f4ffb13467c4621206b7d29bab839837e5a4d5a77fa0375df7f6e96c2c036e245773a356,08/27/2025 10:45:00 AM,1,DRIVER,,2037930,,FORD,OTHER (EXPLAIN IN NARRATIVE),IL,2019,NONE,PASSENGER,PERSONAL,S,TURNING LEFT,,,1,,,,,,,,,,,,,,,,,,FRONT,,,,,,,,,,,,,,,,,,,,,,,,,,,,,,,,,
2137803,5f415cbb307014fcd112ca44f9c0d3a567210f153484ce23c4360445f4ffb13467c4621206b7d29bab839837e5a4d5a77fa0375df7f6e96c2c036e245773a356,08/27/2025 10:45:00 AM,2,PEDESTRIAN,,,,,,,,,,,,,,,,,,,,,,,,,,,,,,,,,,,,,,,,,,,,,,,,,,,,,,,,,,,,,,,,,,
2137798,8237a9148e10abadafea8514870e15969e7549dd014117d50b57d13a89c32f0b5f3713c0cf2db729bbd4c1ac1a40672041ae6ed372f2d3007ae91c0a39d1993d,08/27/2025 10:45:00 AM,1,DRIVER,,2037911,,LAND ROVER,DISCOVERY,IL,2018,NONE,PASSENGER,PERSONAL,S,STRAIGHT AHEAD,,,1,,,,,,,,,,,,,,,,Y,,FRONT,,,,,,,,,,,,,,,,,,,,,,,,,,,,,,,,,
2137799,8237a9148e10abadafea8514870e15969e7549dd014117d50b57d13a89c32f0b5f3713c0cf2db729bbd4c1ac1a40672041ae6ed372f2d3007ae91c0a39d1993d,08/27/2025 10:45:00 AM,2,DRIVER,,2037917,,UNKNOWN,MOTORIZED,IL,,UNKNOWN,UNKNOWN/NA,UNKNOWN/NA,S,UNKNOWN/NA,,,1,,,,,,,,,,Y,,,,,,,,REAR,,,,,,,,,,,,,,,,,,,,,,,,,,,,,,,,,
2137810,e1c4d4edf4b248fb5f80f539ebfb73a9c46bc321fa3c6cad69ee293e116279c7ab46290cd581a4256d9a37826d4fa2742c64804293eeefba4a163f5e2f82f808,08/27/2025 10:40:00 AM,1,DRIVER,,2037932,,FIAT,OTHER (EXPLAIN IN NARRATIVE),IL,2012,UNKNOWN,PASSENGER,PERSONAL,S,MERGING,,,1,,,,,,,,,Y,Y,Y,,,,,,,REAR,,,,,,,,,,,,,,,,,,,,,,,,,,,,,,,,,
2137811,e1c4d4edf4b248fb5f80f539ebfb73a9c46bc321fa3c6cad69ee293e116279c7ab46290cd581a4256d9a37826d4fa2742c64804293eeefba4a163f5e2f82f808,08/27/2025 10:40:00 AM,2,DRIVER,,2037949,,(HOMEMADE TRAILER),(HOMEMADE TRAILER),IN,,UNKNOWN,TRACTOR W/ SEMI-TRAILER,COMMERCIAL - SINGLE UNIT,W,STRAIGHT AHEAD,,,1,,,,Y,,,,,,,,,,,,,,NONE,,,,,,,,,,,,,,,,,,,,,,,,,,,,,,,,,
2139123,18db847670cde2deea84bdef10933eec0d85e90f94e14b4195062811df3e930f76a08f3273afabe81952e2eb032de19f3eaad2d8dd1166621a73c0a0c899879f,08/27/2025 10:30:00 AM,1,DRIVER,,2039152,,NISSAN,ARMADA,IL,2012,NONE,SPORT UTILITY VEHICLE (SUV),PERSONAL,E,STRAIGHT AHEAD,,,1,,,,,,,,,,,,,,,,Y,Y,FRONT,,,,,,,,,,,,,,,,,,,,,,,,,,,,,,,,,
2139124,18db847670cde2deea84bdef10933eec0d85e90f94e14b4195062811df3e930f76a08f3273afabe81952e2eb032de19f3eaad2d8dd1166621a73c0a0c899879f,08/27/2025 10:30:00 AM,2,DRIVER,3,2039149,,NISSAN,ALTIMA,IL,2016,NONE,PASSENGER,PERSONAL,S,STRAIGHT AHEAD,,,4,,,,,,,Y,Y,,,,,,,,,,SIDE-RIGHT,,,,,,,,,,,,,,,,,,,,,,,,,,,,,,,,,
2137833,24d3895b217d41af607ef2c3ddf108aad252e47e503b05d7174009ba1019a79cb111627d17a185f9847d585a1c5128f8bc283b411112009c7b7ecee09a0b275e,08/27/2025 10:30:00 AM,1,DRIVER,1,2037953,,TOYOTA,RAV4,IL,2005,NONE,PASSENGER,PERSONAL,E,STRAIGHT AHEAD,Y,,2,,PRIVATE TOW,PRIVATE LOT,,Y,,,,,,,,,,Y,Y,,FRONT,,,,,,,,,,,,,,,,,,,,,,,,,,,,,,,,,
2137834,24d3895b217d41af607ef2c3ddf108aad252e47e503b05d7174009ba1019a79cb111627d17a185f9847d585a1c5128f8bc283b411112009c7b7ecee09a0b275e,08/27/2025 10:30:00 AM,2,DRIVER,,2037960,,TOYOTA,CAMRY,IL,2012,NONE,PASSENGER,PERSONAL,S,STRAIGHT AHEAD,,,1,,,,,,Y,Y,Y,,,,,,,,,,SIDE-RIGHT,,,,,,,,,,,,,,,,,,,,,,,,,,,,,,,,,
2138480,9be484b20d04991d0647f6b88b554fc83a4c4aa55e948875088893c1c0bc7db252c2329405d02573d394915795b1f00c748e506979b21401c64f288d53c0a411,08/27/2025 10:25:00 AM,1,DRIVER,,2038576,,HYUNDAI,OTHER (EXPLAIN IN NARRATIVE),IL,2009,NONE,PASSENGER,NOT IN USE,W,BACKING,,,1,,,,,,,,,,Y,,,,,,,,REAR,,,,,,,,,,,,,,,,,,,,,,,,,,,,,,,,,
2138481,9be484b20d04991d0647f6b88b554fc83a4c4aa55e948875088893c1c0bc7db252c2329405d02573d394915795b1f00c748e506979b21401c64f288d53c0a411,08/27/2025 10:25:00 AM,2,PARKED,,2038582,,TOYOTA,COROLLA,IL,2024,NONE,PASSENGER,NOT IN USE,S,PARKED,,,0,,,,,,,,,,,,Y,Y,,,,,SIDE-LEFT,,,,,,,,,,,,,,,,,,,,,,,,,,,,,,,,,
2137877,965b465b5c0f0adf06a80b28691b743563987ef51141dff3297acc99abd6f843b69fab30942e52e7cc347841517dde523663614b47e42c9c6ba9f2bb12f3220b,08/27/2025 10:23:00 AM,1,DRIVER,,2037985,,BUICK,OTHER (EXPLAIN IN NARRATIVE),IL,2025,NONE,SPORT UTILITY VEHICLE (SUV),PERSONAL,S,TURNING RIGHT,,,1,,,,,,Y,Y,Y,Y,,,,,,,,,SIDE-RIGHT,,,,,,,,,,,,,,,,,,,,,,,,,,,,,,,,,
2137878,965b465b5c0f0adf06a80b28691b743563987ef51141dff3297acc99abd6f843b69fab30942e52e7cc347841517dde523663614b47e42c9c6ba9f2bb12f3220b,08/27/2025 10:23:00 AM,2,DRIVER,,2037990,,HYUNDAI,ELANTRA,IL,2010,NONE,PASSENGER,PERSONAL,S,TURNING RIGHT,,,1,,,,,,,,,,,Y,Y,Y,Y,Y,,,SIDE-LEFT,,,,,,,,,,,,,,,,,,,,,,,,,,,,,,,,,
2137783,afa657c80e0dd04dff81c5ff0ef6055a285bac5c10301dbb209ef80cb929f9d2772fadc3e35f6d0691f988cb3d6a90d7ef732325d474532a5ec0c60595655893,08/27/2025 10:22:00 AM,1,BICYCLE,,,,,,,,,,,,,,,,,,,,,,,,,,,,,,,,,,,,,,,,,,,,,,,,,,,,,,,,,,,,,,,,,,
2137784,afa657c80e0dd04dff81c5ff0ef6055a285bac5c10301dbb209ef80cb929f9d2772fadc3e35f6d0691f988cb3d6a90d7ef732325d474532a5ec0c60595655893,08/27/2025 10:22:00 AM,2,DRIVER,,2037906,,TOYOTA,COROLLA,IL,2025,NONE,PASSENGER,PERSONAL,W,STRAIGHT AHEAD,,,1,,,,,,,,,,,,,,,Y,,,FRONT-LEFT-CORNER,,,,,,,,,,,,,,,,,,,,,,,,,,,,,,,,,