CRASH_UNIT_ID,CRASH_RECORD_ID,CRASH_DATE,UNIT_NO,UNIT_TYPE,NUM_PASSENGERS,VEHICLE_ID,CMRC_VEH_I,MAKE,MODEL,LIC_PLATE_STATE,VEHICLE_YEAR,VEHICLE_DEFECT,VEHICLE_TYPE,VEHICLE_USE,TRAVEL_DIRECTION,MANEUVER,TOWED_I,FIRE_I,OCCUPANT_CNT,EXCEED_SPEED_LIMIT_I,TOWED_BY,TOWED_TO,AREA_00_I,AREA_01_I,AREA_02_I,AREA_03_I,AREA_04_I,AREA_05_I,AREA_06_I,AREA_07_I,AREA_08_I,AREA_09_I,AREA_10_I,AREA_11_I,AREA_12_I,AREA_99_I,FIRST_CONTACT_POINT,CMV_ID,USDOT_NO,CCMC_NO,ILCC_NO,COMMERCIAL_SRC,GVWR,CARRIER_NAME,CARRIER_STATE,CARRIER_CITY,HAZMAT_PLACARDS_I,HAZMAT_NAME,UN_NO,HAZMAT_PRESENT_I,HAZMAT_REPORT_I,HAZMAT_REPORT_NO,MCS_REPORT_I,MCS_REPORT_NO,HAZMAT_VIO_CAUSE_CRASH_I,MCS_VIO_CAUSE_CRASH_I,IDOT_PERMIT_NO,WIDE_LOAD_I,TRAILER1_WIDTH,TRAILER2_WIDTH,TRAILER1_LENGTH,TRAILER2_LENGTH,TOTAL_VEHICLE_LENGTH,AXLE_CNT,VEHICLE_CONFIG,CARGO_BODY_TYPE,LOAD_TYPE,HAZMAT_OUT_OF_SERVICE_I,MCS_OUT_OF_SERVICE_I,HAZMAT_CLASS
2140358,7e95409806c2322d85cd3456e6f0f98a64d5f4385957f5913b14b19818036ac9938181e4bac4162c3f0d3d709f6687d460a9b67d08b0c5fe2a49c4911e50dc78,08/27/2025 10:20:00 AM,1,DRIVER,,2040334,,TOYOTA,CAMRY,WI,2014,UNKNOWN,PASSENGER,UNKNOWN/NA,E,ENTERING TRAFFIC LANE FROM PARKING,,,1,,,,,,,,,,,,,,,Y,,,FRONT-LEFT-CORNER,,,,,,,,,,,,,,,,,,,,,,,,,,,,,,,,,
2140359,7e95409806c2322d85cd3456e6f0f98a64d5f4385957f5913b14b19818036ac9938181e4bac4162c3f0d3d709f6687d460a9b67d08b0c5fe2a49c4911e50dc78,08/27/2025 10:20:00 AM,2,DRIVER,,2040333,,FORD,F150,IL,2017,UNKNOWN,PICKUP,PERSONAL,E,STRAIGHT AHEAD,,,1,,,,Y,,,,,N,,,,,,,,,REAR-RIGHT-CORNER,,,,,,,,,,,,,,,,,,,,,,,,,,,,,,,,,
2137797,c4744205c46893d7e00f3a0eb7e837a3dfe3dbb0db6afcd3b111e195efee64760aa3f69c9ebf1057d56fe59c1806f2406298e25beeaf922cd806d4c995c37abf,08/27/2025 10:15:00 AM,1,DRIVER,,2037904,,CHEVROLET,MALIBU,IL,2020,UNKNOWN,PASSENGER,UNKNOWN/NA,E,STRAIGHT AHEAD,,,1,,,,,Y,,,,,,,,,,Y,Y,,FRONT,,,,,,,,,,,,,,,,,,,,,,,,,,,,,,,,,
2137807,c4744205c46893d7e00f3a0eb7e837a3dfe3dbb0db6afcd3b111e195efee64760aa3f69c9ebf1057d56fe59c1806f2406298e25beeaf922cd806d4c995c37abf,08/27/2025 10:15:00 AM,2,DRIVER,,2037921,,MERCEDES-BENZ,E320,IL,2013,NONE,PASSENGER,UNKNOWN/NA,E,STRAIGHT AHEAD,,,1,,,,,,,,,Y,Y,Y,,,,,,,REAR,,,,,,,,,,,,,,,,,,,,,,,,,,,,,,,,,
2138766,e28aec34f7d904eab9fc6c88c24bc0ae70feccb28ed9dc450355890032f6f4359c3f1e1274bc5234985a643e11e6f22f426a7e5f798869bd6cb14ef35e251d1f,08/27/2025 10:15:00 AM,1,DRIVER,,2038831,,INFINITI,QX60,IL,2019,UNKNOWN,PASSENGER,PERSONAL,S,MERGING,,,1,,,,,,,,,,,,,,,,,Y,UNKNOWN,,,,,,,,,,,,,,,,,,,,,,,,,,,,,,,,,
2138767,e28aec34f7d904eab9fc6c88c24bc0ae70feccb28ed9dc450355890032f6f4359c3f1e1274bc5234985a643e11e6f22f426a7e5f798869bd6cb14ef35e251d1f,08/27/2025 10:15:00 AM,2,DRIVER,2,2038821,,VOLVO,XC60,IL,2013,NONE,PASSENGER,PERSONAL,S,STRAIGHT AHEAD,,,3,,,,,,,,,,,,,Y,Y,Y,,,SIDE-LEFT,,,,,,,,,,,,,,,,,,,,,,,,,,,,,,,,,
2137817,0ae51ac4827d24e284949f3693851cdc0dbce02c66f56997047a880a1f1be76fccdafb06088dfa46cd28ac7837fd50615049e4bc3217e039f66fff8100ce58b7,08/27/2025 10:10:00 AM,1,DRIVER,,2037940,,VOLKSWAGEN,TIGUAN,IL,2013,NONE,SPORT UTILITY VEHICLE (SUV),PERSONAL,E,BACKING,,,1,,,,,,,,,,,,,,,,,Y,REAR,,,,,,,,,,,,,,,,,,,,,,,,,,,,,,,,,
2137818,0ae51ac4827d24e284949f3693851cdc0dbce02c66f56997047a880a1f1be76fccdafb06088dfa46cd28ac7837fd50615049e4bc3217e039f66fff8100ce58b7,08/27/2025 10:10:00 AM,2,DRIVER,1,2037954,,MERCEDES-BENZ,C300,SD,2012,NONE,PASSENGER,PERSONAL,W,STRAIGHT AHEAD,,,2,,,,,,,,,,,,,,,,Y,,FRONT,,,,,,,,,,,,,,,,,,,,,,,,,,,,,,,,,
2137819,0ae51ac4827d24e284949f3693851cdc0dbce02c66f56997047a880a1f1be76fccdafb06088dfa46cd28ac7837fd50615049e4bc3217e039f66fff8100ce58b7,08/27/2025 10:10:00 AM,3,DRIVER,,2037964,,MERCEDES-BENZ,OTHER (EXPLAIN IN NARRATIVE),IL,2023,NONE,VAN/MINI-VAN,CONSTRUCTION/MAINTENANCE,E,OTHER,,,1,,,,Y,,,,,,,,,,,,,,NONE,,,,,,,,,,,,,,,,,,,,,,,,,,,,,,,,,
2137761,ac99792fc47193b095bad8f210a9e45b5d72af9f3c6e26df186c5ad39b773019386c2a8dd03b16b033766eca9c6b5fa255d806371d84024c89c9696b2d691cb7,08/27/2025 10:10:00 AM,1,DRIVER,,2037885,,CHEVROLET,MALIBU,IL,2018,UNKNOWN,PASSENGER,PERSONAL,E,STRAIGHT AHEAD,,,1,,,,,Y,,,,,,,,,,Y,Y,,FRONT,,,,,,,,,,,,,,,,,,,,,,,,,,,,,,,,,
2137762,ac99792fc47193b095bad8f210a9e45b5d72af9f3c6e26df186c5ad39b773019386c2a8dd03b16b033766eca9c6b5fa255d806371d84024c89c9696b2d691cb7,08/27/2025 10:10:00 AM,2,DRIVER,,2037892,,CHEVROLET,SUBURBAN,IL,2025,UNKNOWN,SPORT UTILITY VEHICLE (SUV),PERSONAL,E,STRAIGHT AHEAD,,,1,,,,,,,,,Y,Y,Y,,,,,,,REAR,,,,,,,,,,,,,,,,,,,,,,,,,,,,,,,,,
2137794,f9f9098feb4ee4fcbc8faac953a2052cdd6349bac2ec76fa86902506d3ed956aeef6393a89edd40227d90b2faabee795a52d9afcf13d3c01cc0c2ddca5643bbd,08/27/2025 10:09:00 AM,1,DRIVER,,2037912,,JEEP,GRAND CHEROKEE,IL,2018,UNKNOWN,PASSENGER,PERSONAL,S,STRAIGHT AHEAD,,,1,,,,,,,,,,,,,,,,Y,,FRONT,,,,,,,,,,,,,,,,,,,,,,,,,,,,,,,,,
2137795,f9f9098feb4ee4fcbc8faac953a2052cdd6349bac2ec76fa86902506d3ed956aeef6393a89edd40227d90b2faabee795a52d9afcf13d3c01cc0c2ddca5643bbd,08/27/2025 10:09:00 AM,2,DRIVER,,2037926,,DODGE,CARAVAN,IL,2019,UNKNOWN,VAN/MINI-VAN,PERSONAL,S,STRAIGHT AHEAD,,,1,,,,,,,,,,Y,,,,,,Y,,REAR,,,,,,,,,,,,,,,,,,,,,,,,,,,,,,,,,
2137796,f9f9098feb4ee4fcbc8faac953a2052cdd6349bac2ec76fa86902506d3ed956aeef6393a89edd40227d90b2faabee795a52d9afcf13d3c01cc0c2ddca5643bbd,08/27/2025 10:09:00 AM,3,DRIVER,,2037934,,TOYOTA,OTHER (EXPLAIN IN NARRATIVE),IL,2005,UNKNOWN,PASSENGER,PERSONAL,S,STRAIGHT AHEAD,,,1,,,,,,,,,,Y,,,,,,,,REAR,,,,,,,,,,,,,,,,,,,,,,,,,,,,,,,,,
2137753,b084856dbfc0e3770025610552b45078a29e8f5bc74f5d45814238cecbf30fe67bc92684d03fa7fd5b8be9e9ba1df22de1127be72b910a0c4f2eb6227972d048,08/27/2025 10:00:00 AM,1,PARKED,,2037876,,FORD,VAN,IL,2023,UNKNOWN,PASSENGER,PERSONAL,W,PARKED,,,0,,,,,,,,,,,,,Y,Y,,,,SIDE-LEFT,,,,,,,,,,,,,,,,,,,,,,,,,,,,,,,,,
2137754,b084856dbfc0e3770025610552b45078a29e8f5bc74f5d45814238cecbf30fe67bc92684d03fa7fd5b8be9e9ba1df22de1127be72b910a0c4f2eb6227972d048,08/27/2025 10:00:00 AM,2,DRIVER,,2037883,,AUDI,A4,IL,2017,UNKNOWN,PASSENGER,PERSONAL,W,STRAIGHT AHEAD,,,1,,,,,Y,Y,Y,,,,,,,,,,,SIDE-RIGHT-FRONT,,,,,,,,,,,,,,,,,,,,,,,,,,,,,,,,,
2137777,cc8fc3989fcf7ef94ba7914996f8890f9beaf3c31fa10b0446dca88617bc2a150948723cd228aa5aeaafc944aff3cfca56aae108c6d2dd238c9ad5faae7cd38e,08/27/2025 10:00:00 AM,1,DRIVER,,2037896,,STERLING,825,IL,2004,NONE,OTHER,COMMERCIAL - SINGLE UNIT,N,BACKING,,,1,,,,,,,,,,Y,,,,,,,,REAR,,,,,,,,,,,,,,,,,,,,,,,,,,,,,,,,,
2137778,cc8fc3989fcf7ef94ba7914996f8890f9beaf3c31fa10b0446dca88617bc2a150948723cd228aa5aeaafc944aff3cfca56aae108c6d2dd238c9ad5faae7cd38e,08/27/2025 10:00:00 AM,2,PARKED,,2037898,,TESLA,MODEL Y,IL,2023,NONE,PASSENGER,NOT IN USE,S,PARKED,,,0,,,,,,,,,,Y,Y,,,,,,,REAR-LEFT-CORNER,,,,,,,,,,,,,,,,,,,,,,,,,,,,,,,,,
2137749,e5329462abddcbaed117cafa9209e8e157b1abb03a28ecc7cf4cdd9046a3f361b5cee3cb5e3313b32465097e9d7d27ad0e1a453230406259831ac2831691b28c,08/27/2025 10:00:00 AM,1,DRIVER,,2037871,,FORD,CROWN VICTORIA,IL,2011,UNKNOWN,PASSENGER,UNKNOWN/NA,N,SLOW/STOP IN TRAFFIC,,,1,,,,,,,,,,,,,,,,Y,,FRONT,,,,,,,,,,,,,,,,,,,,,,,,,,,,,,,,,
2137750,e5329462abddcbaed117cafa9209e8e157b1abb03a28ecc7cf4cdd9046a3f361b5cee3cb5e3313b32465097e9d7d27ad0e1a453230406259831ac2831691b28c,08/27/2025 10:00:00 AM,2,DRIVER,,2037877,,NISSAN,ROGUE,FL,2021,UNKNOWN,SPORT UTILITY VEHICLE (SUV),PERSONAL,N,STRAIGHT AHEAD,,,1,,,,,,,,,,Y,,,,,,,,REAR,,,,,,,,,,,,,,,,,,,,,,,,,,,,,,,,,
2138790,69eeb21086f505b6665221d83079b9ec27fa540a8ad2c4ce737894b4b3198b5c61202ca6b77d27742b1ac99b3d939ddc7b9810f13aec335c36722565c442287a,08/27/2025 09:55:00 AM,1,DRIVER,,2038845,,HYUNDAI,ELANTRA,IL,2011,NONE,PASSENGER,PERSONAL,E,STRAIGHT AHEAD,,,1,,,,,,,,,,,,,,,,Y,,FRONT,,,,,,,,,,,,,,,,,,,,,,,,,,,,,,,,,
2138791,69eeb21086f505b6665221d83079b9ec27fa540a8ad2c4ce737894b4b3198b5c61202ca6b77d27742b1ac99b3d939ddc7b9810f13aec335c36722565c442287a,08/27/2025 09:55:00 AM,2,DRIVER,1,2038853,,TOYOTA,CAMRY,IL,2014,NONE,PASSENGER,PERSONAL,E,SLOW/STOP IN TRAFFIC,,,2,,,,,,,,,,Y,,,,,,Y,,REAR,,,,,,,,,,,,,,,,,,,,,,,,,,,,,,,,,
2138792,69eeb21086f505b6665221d83079b9ec27fa540a8ad2c4ce737894b4b3198b5c61202ca6b77d27742b1ac99b3d939ddc7b9810f13aec335c36722565c442287a,08/27/2025 09:55:00 AM,3,DRIVER,,2038856,,HONDA,CR-V,,2021,NONE,SPORT UTILITY VEHICLE (SUV),UNKNOWN/NA,E,SLOW/STOP IN TRAFFIC,,,1,,,,,,,,,,Y,,,,,,,,REAR,,,,,,,,,,,,,,,,,,,,,,,,,,,,,,,,,
2137787,7a07abdb204e8a7e9db208f1d44dec46bbe48f94e877412277b41a750aa0d2692c2cb5a99a9553ad6265f5af9829e044a78fc9dfee8ba6b8f3be8e8d561db0b7,08/27/2025 09:55:00 AM,1,DRIVER,,2037909,,FORD,ESCAPE,IL,2014,NONE,SPORT UTILITY VEHICLE (SUV),PERSONAL,S,BACKING,,,1,,,,,,,,,,Y,,,,,,,,REAR,,,,,,,,,,,,,,,,,,,,,,,,,,,,,,,,,
2137788,7a07abdb204e8a7e9db208f1d44dec46bbe48f94e877412277b41a750aa0d2692c2cb5a99a9553ad6265f5af9829e044a78fc9dfee8ba6b8f3be8e8d561db0b7,08/27/2025 09:55:00 AM,2,DRIVER,,2037927,,FORD,FUSION,IL,2019,NONE,PASSENGER,PERSONAL,N,SLOW/STOP IN TRAFFIC,,,1,,,,,,,,,,,,,,,,Y,,FRONT-LEFT-CORNER,,,,,,,,,,,,,,,,,,,,,,,,,,,,,,,,,
2137790,63d34c4c1761806ccddeab5a5b3e49c1dccb3fe72ebdfacc3c9aa1cf58bde344da3ab5b00b24825b4e1b62fa0cfeacb6ecd881893175bf2f0d700fd140934fcf,08/27/2025 09:52:00 AM,1,DRIVER,,2037902,,NISSAN,VERSA,,,UNKNOWN,PASSENGER,UNKNOWN/NA,S,STRAIGHT AHEAD,,,1,,,,,Y,,,,,,,,,,,,,FRONT-RIGHT-CORNER,,,,,,,,,,,,,,,,,,,,,,,,,,,,,,,,,
2137791,63d34c4c1761806ccddeab5a5b3e49c1dccb3fe72ebdfacc3c9aa1cf58bde344da3ab5b00b24825b4e1b62fa0cfeacb6ecd881893175bf2f0d700fd140934fcf,08/27/2025 09:52:00 AM,2,DRIVER,,2037908,,CHEVROLET,TAHOE,IL,2021,NONE,PASSENGER,PERSONAL,S,SLOW/STOP IN TRAFFIC,,,1,,,,,,,,,,N,Y,,,,,Y,,REAR-LEFT-CORNER,,,,,,,,,,,,,,,,,,,,,,,,,,,,,,,,,
2137792,63d34c4c1761806ccddeab5a5b3e49c1dccb3fe72ebdfacc3c9aa1cf58bde344da3ab5b00b24825b4e1b62fa0cfeacb6ecd881893175bf2f0d700fd140934fcf,08/27/2025 09:52:00 AM,3,DRIVER,,2037915,,TOYOTA,RAV4,IL,2025,NONE,PASSENGER,PERSONAL,S,SLOW/STOP IN TRAFFIC,,,1,,,,,,,,,,Y,,,,,,,,REAR,,,,,,,,,,,,,,,,,,,,,,,,,,,,,,,,,
2137730,3f65bf7878ffeca419a68f015eaa72db5d560614ac2006c1f8e511646603f08bc96a87729d512ba7d7beddedf7da611a71732e2ebd93a45e338441ae2ba928a4,08/27/2025 09:50:00 AM,1,DRIVER,,2037864,,GENERAL MOTORS CORPORATION (GMC),ACADIA,IL,2021,NONE,SPORT UTILITY VEHICLE (SUV),PERSONAL,E,STRAIGHT AHEAD,,,1,,,,,,,,,,,,,,,,Y,,FRONT,,,,,,,,,,,,,,,,,,,,,,,,,,,,,,,,,
2137731,3f65bf7878ffeca419a68f015eaa72db5d560614ac2006c1f8e511646603f08bc96a87729d512ba7d7beddedf7da611a71732e2ebd93a45e338441ae2ba928a4,08/27/2025 09:50:00 AM,2,DRIVER,,2037873,,CHEVROLET,EQUINOX,IL,2020,NONE,SPORT UTILITY VEHICLE (SUV),PERSONAL,E,STRAIGHT AHEAD,,,1,,,,,,,,,,Y,,,,,,,,REAR,,,,,,,,,,,,,,,,,,,,,,,,,,,,,,,,,
2138574,d2c824b116d03739040657895ddd673cd281ccae9a12d2f9133ac64d50642692f09b75c74de107b30f0f09957613939a0865a487b83a3c00e8627ec1aaca7f62,08/27/2025 09:50:00 AM,1,DRIVER,,2038647,,UNKNOWN,OTHER (EXPLAIN IN NARRATIVE),IL,,UNKNOWN,UNKNOWN/NA,UNKNOWN/NA,S,STRAIGHT AHEAD,,,1,,,,,,,,,,,,,,,,,Y,UNKNOWN,,,,,,,,,,,,,,,,,,,,,,,,,,,,,,,,,
2138575,d2c824b116d03739040657895ddd673cd281ccae9a12d2f9133ac64d50642692f09b75c74de107b30f0f09957613939a0865a487b83a3c00e8627ec1aaca7f62,08/27/2025 09:50:00 AM,2,DRIVER,,2038655,,FORD,ESCAPE,IL,2020,NONE,PASSENGER,RIDESHARE SERVICE,S,STRAIGHT AHEAD,,,1,,,,,,,,,,Y,,,,,,,,REAR,,,,,,,,,,,,,,,,,,,,,,,,,,,,,,,,,
2137785,f1565aad91a48193da0f346200a4f330512c67cf14e4fb247e210dd294d9bf65b04f3b8947f7729dfb660d0cb280e2a77859d4ada2aa24a5fdae0558dcc5175d,08/27/2025 09:50:00 AM,1,DRIVER,,2037901,,CHEVROLET,EQUINOX,IL,2025,UNKNOWN,PASSENGER,PERSONAL,E,STRAIGHT AHEAD,Y,,1,,PRIVATE TOW,,,Y,,,,,,,Y,Y,Y,Y,Y,,FRONT-LEFT-CORNER,,,,,,,,,,,,,,,,,,,,,,,,,,,,,,,,,
2137786,f1565aad91a48193da0f346200a4f330512c67cf14e4fb247e210dd294d9bf65b04f3b8947f7729dfb660d0cb280e2a77859d4ada2aa24a5fdae0558dcc5175d,08/27/2025 09:50:00 AM,2,DRIVER,,2037910,,FORD,CONSTRUCTION EQUIPMENT,IL,1992,UNKNOWN,UNKNOWN/NA,CONSTRUCTION/MAINTENANCE,E,STRAIGHT AHEAD,,,1,,,,,,N,Y,Y,Y,,,,,,,,,SIDE-RIGHT,,,,,,,,,,,,,,,,,,,,,,,,,,,,,,,,,
2138498,6d14d68cab6ef04332cfe693db5555508317bf56e00c2531239d3f4fd2ef29c81cfa0c498883804b3818b6b475e4e471d42242d53002d00532924f6ad5a6d17f,08/27/2025 09:49:00 AM,1,DRIVER,,2038570,,TOYOTA,AVALON,IL,2018,UNKNOWN,PASSENGER,PERSONAL,N,STRAIGHT AHEAD,,,1,,,,,,,,,,,,,Y,Y,,,,SIDE-LEFT,,,,,,,,,,,,,,,,,,,,,,,,,,,,,,,,,
2138499,6d14d68cab6ef04332cfe693db5555508317bf56e00c2531239d3f4fd2ef29c81cfa0c498883804b3818b6b475e4e471d42242d53002d00532924f6ad5a6d17f,08/27/2025 09:49:00 AM,2,DRIVER,,2038571,,CHEVROLET,MALIBU,IL,2017,NONE,PASSENGER,PERSONAL,E,STRAIGHT AHEAD,Y,,1,,UNK,RESIDENCE,,,,,,,,,,,,,Y,,FRONT,,,,,,,,,,,,,,,,,,,,,,,,,,,,,,,,,
2137718,aa0e429338231fa78f06e37f578cf4a7bbf530c02f5da6e090421060e9b34f47609913021216e781e5c42551ddbaed0d7c537a16b2dd3ce1f81c3b30e73c6745,08/27/2025 09:33:00 AM,1,DRIVER,,2037836,,FORD,F250,IL,2022,NONE,PICKUP,CONSTRUCTION/MAINTENANCE,S,SLOW/STOP IN TRAFFIC,,,1,,,,,Y,Y,,,,,,,,,Y,Y,,FRONT-RIGHT-CORNER,,,,,,,,,,,,,,,,,,,,,,,,,,,,,,,,,
2137719,aa0e429338231fa78f06e37f578cf4a7bbf530c02f5da6e090421060e9b34f47609913021216e781e5c42551ddbaed0d7c537a16b2dd3ce1f81c3b30e73c6745,08/27/2025 09:33:00 AM,2,DRIVER,,2037846,,CHEVROLET,AVEO,IL,2009,NONE,PASSENGER,PERSONAL,S,SLOW/STOP IN TRAFFIC,Y,,1,,CITY OF CHICAGO,10300 S DOTY,,,,,Y,Y,Y,Y,Y,,,,,,REAR,,,,,,,,,,,,,,,,,,,,,,,,,,,,,,,,,
2138708,55123e911802ad964d16d464d9e48bdb721c07a3669ea3147d6db9d998e20cfd9bcbf992f37273b812b9d1bfb1a0f49b0337043354b0c34e47fdc9453858af38,08/27/2025 09:30:00 AM,1,DRIVER,,2038773,,FORD,FUSION,,2014,UNKNOWN,PASSENGER,PERSONAL,E,STRAIGHT AHEAD,,,1,,,,,,,,,,,,,,,,,Y,FRONT,,,,,,,,,,,,,,,,,,,,,,,,,,,,,,,,,
2138709,55123e911802ad964d16d464d9e48bdb721c07a3669ea3147d6db9d998e20cfd9bcbf992f37273b812b9d1bfb1a0f49b0337043354b0c34e47fdc9453858af38,08/27/2025 09:30:00 AM,2,DRIVER,,2038778,,TOYOTA,CAMRY,IL,2022,UNKNOWN,PASSENGER,PERSONAL,E,STRAIGHT AHEAD,,,1,,,,,,,,,Y,Y,Y,,,,,,,REAR,,,,,,,,,,,,,,,,,,,,,,,,,,,,,,,,,
2137906,8fcc0d86107ce7c40e19fe5fb02f94d820b8077f392600b9580acd8d45e6604da898463357789b8d0a28ff49ad439bec9577d2c751ce9274765201b6017c8e78,08/27/2025 09:30:00 AM,1,DRIVER,,2038016,,AUDI,A6,CO,2014,UNKNOWN,PASSENGER,UNKNOWN/NA,UNKNOWN,UNKNOWN/NA,,,1,,,,,,,,,,,,,,,,,Y,UNKNOWN,,,,,,,,,,,,,,,,,,,,,,,,,,,,,,,,,
2137907,8fcc0d86107ce7c40e19fe5fb02f94d820b8077f392600b9580acd8d45e6604da898463357789b8d0a28ff49ad439bec9577d2c751ce9274765201b6017c8e78,08/27/2025 09:30:00 AM,2,PARKED,,2038019,,SUBARU,FORESTER,IL,2019,NONE,SPORT UTILITY VEHICLE (SUV),NOT IN USE,W,PARKED,,,0,,,,,,,,,,,Y,,,,,,,REAR-LEFT-CORNER,,,,,,,,,,,,,,,,,,,,,,,,,,,,,,,,,
2137812,2738341cfaed1ed779a276cc549b1538470479c6f8fdf36bba3957645c794c692b5298a1c9aca6307f5faf49a5a4e1c74cade9761455487d22fd155906e1129c,08/27/2025 09:25:00 AM,1,DRIVER,,2037925,,CHEVROLET,MALIBU,IL,,UNKNOWN,PASSENGER,PERSONAL,UNKNOWN,U-TURN,,,1,,,,,,,,,,,,,,,,,Y,UNKNOWN,,,,,,,,,,,,,,,,,,,,,,,,,,,,,,,,,
2137813,2738341cfaed1ed779a276cc549b1538470479c6f8fdf36bba3957645c794c692b5298a1c9aca6307f5faf49a5a4e1c74cade9761455487d22fd155906e1129c,08/27/2025 09:25:00 AM,2,PARKED,,2037928,N,FORD,OTHER (EXPLAIN IN NARRATIVE),IL,2021,UNKNOWN,VAN/MINI-VAN,OTHER,S,PARKED,,,0,,,,,,,,,,Y,,,,,,,,REAR,,,,,,,,,,,,,,,,,,,,,,,,,,,,,,,,,
2138414,2b4fbacb8bde3ed45afd70d977fb08c81e5a87f87d8dacbc6d8305beb394ace806251e89eaac78126007596050c49b95c22ba3f08c2e59357c75852bee1a163c,08/27/2025 09:20:00 AM,1,DRIVER,,2038518,,NISSAN,OTHER (EXPLAIN IN NARRATIVE),IL,2020,UNKNOWN,PASSENGER,UNKNOWN/NA,E,STRAIGHT AHEAD,,,1,,,,,Y,,,,,,,,,,,,,FRONT-RIGHT-CORNER,,,,,,,,,,,,,,,,,,,,,,,,,,,,,,,,,
2138415,2b4fbacb8bde3ed45afd70d977fb08c81e5a87f87d8dacbc6d8305beb394ace806251e89eaac78126007596050c49b95c22ba3f08c2e59357c75852bee1a163c,08/27/2025 09:20:00 AM,2,DRIVER,,2038500,,LEXUS,ES350,IL,2008,UNKNOWN,PASSENGER,UNKNOWN/NA,W,STRAIGHT AHEAD,,,1,,,,,,,,,,,,,,,Y,,,FRONT-LEFT-CORNER,,,,,,,,,,,,,,,,,,,,,,,,,,,,,,,,,
2137724,841b2586e91f08bfde510e35bd25a0977b93e04fa061a540a53d2ebbe307ced989da6add65981b295095331a67ce6e007637b82cb48b5a97e4630ee47d3249dc,08/27/2025 09:18:00 AM,1,DRIVER,,2037848,,HONDA,ODYSSEY,IL,2005,UNKNOWN,VAN/MINI-VAN,UNKNOWN/NA,E,TURNING RIGHT,,,1,,,,,,,,,,,,,,,,,Y,UNKNOWN,,,,,,,,,,,,,,,,,,,,,,,,,,,,,,,,,
2137725,841b2586e91f08bfde510e35bd25a0977b93e04fa061a540a53d2ebbe307ced989da6add65981b295095331a67ce6e007637b82cb48b5a97e4630ee47d3249dc,08/27/2025 09:18:00 AM,2,DRIVER,,2037858,,CHEVROLET,CRUZE,IL,2017,NONE,PASSENGER,PERSONAL,E,STRAIGHT AHEAD,,,1,,,,,,,,,,,Y,Y,Y,Y,Y,,,FRONT-LEFT-CORNER,,,,,,,,,,,,,,,,,,,,,,,,,,,,,,,,,
2137705,f7c2c939729d8a09ec9ba56c5889d398411a1bbcfc49e1036f50df889e12a78bd86d83619ee44b26b4afcc4ccb15ce447ec948d4b0b5cb0093c5052b29bf52ea,08/27/2025 09:18:00 AM,1,DRIVER,,2037825,,INFINITI,OTHER (EXPLAIN IN NARRATIVE),IL,2013,UNKNOWN,PASSENGER,PERSONAL,E,STRAIGHT AHEAD,,,1,,,,,Y,,,,,,,,,Y,Y,Y,Y,FRONT-LEFT-CORNER,,,,,,,,,,,,,,,,,,,,,,,,,,,,,,,,,
2137706,f7c2c939729d8a09ec9ba56c5889d398411a1bbcfc49e1036f50df889e12a78bd86d83619ee44b26b4afcc4ccb15ce447ec948d4b0b5cb0093c5052b29bf52ea,08/27/2025 09:18:00 AM,2,DRIVER,,2037837,,CHEVROLET,TAHOE,IL,2011,UNKNOWN,PASSENGER,PERSONAL,N,STRAIGHT AHEAD,,,1,,,,,Y,Y,,,,,,,,,N,Y,Y,SIDE-RIGHT-REAR,,,,,,,,,,,,,,,,,,,,,,,,,,,,,,,,,
2137763,4c1bb417faca4728122a2fc9d9358b8054a25202325d09e2aa3c1bd425cbcf5310a54bdd377bf90e1663fb3dc32421d57dc75a56375df4d3158a424f772ea0bd,08/27/2025 09:15:00 AM,1,DRIVER,,2037882,,CHEVROLET,BLAZER,IL,2021,NONE,PASSENGER,PERSONAL,W,STRAIGHT AHEAD,,,1,,,,,Y,Y,Y,,,,,,,,,Y,,FRONT-RIGHT-CORNER,,,,,,,,,,,,,,,,,,,,,,,,,,,,,,,,,
2137764,4c1bb417faca4728122a2fc9d9358b8054a25202325d09e2aa3c1bd425cbcf5310a54bdd377bf90e1663fb3dc32421d57dc75a56375df4d3158a424f772ea0bd,08/27/2025 09:15:00 AM,2,PARKED,,2037886,,VOLKSWAGEN,TOURAN,IL,2023,NONE,PASSENGER,PERSONAL,UNKNOWN,PARKED,Y,,0,,private tow,,,,,,,,,,Y,Y,Y,,,,SIDE-LEFT,,,,,,,,,,,,,,,,,,,,,,,,,,,,,,,,,
2138032,7315b1453e3ded3fa93287b56f357ef3fcc87ffb0f74ba2dbb3d5b231ec4bddb737420867ee8b5f56dba2383bd2501c30263f0e28e4cad3fc051be60c55298c9,08/27/2025 09:15:00 AM,1,DRIVER,,2038125,,UNKNOWN,OTHER (EXPLAIN IN NARRATIVE),IL,,UNKNOWN,MOPED OR MOTORIZED BICYCLE,UNKNOWN/NA,E,STRAIGHT AHEAD,,,1,,,,,,,Y,,,,,,,,,,,SIDE-RIGHT,,,,,,,,,,,,,,,,,,,,,,,,,,,,,,,,,