CRASH_UNIT_ID,CRASH_RECORD_ID,CRASH_DATE,UNIT_NO,UNIT_TYPE,NUM_PASSENGERS,VEHICLE_ID,CMRC_VEH_I,MAKE,MODEL,LIC_PLATE_STATE,VEHICLE_YEAR,VEHICLE_DEFECT,VEHICLE_TYPE,VEHICLE_USE,TRAVEL_DIRECTION,MANEUVER,TOWED_I,FIRE_I,OCCUPANT_CNT,EXCEED_SPEED_LIMIT_I,TOWED_BY,TOWED_TO,AREA_00_I,AREA_01_I,AREA_02_I,AREA_03_I,AREA_04_I,AREA_05_I,AREA_06_I,AREA_07_I,AREA_08_I,AREA_09_I,AREA_10_I,AREA_11_I,AREA_12_I,AREA_99_I,FIRST_CONTACT_POINT,CMV_ID,USDOT_NO,CCMC_NO,ILCC_NO,COMMERCIAL_SRC,GVWR,CARRIER_NAME,CARRIER_STATE,CARRIER_CITY,HAZMAT_PLACARDS_I,HAZMAT_NAME,UN_NO,HAZMAT_PRESENT_I,HAZMAT_REPORT_I,HAZMAT_REPORT_NO,MCS_REPORT_I,MCS_REPORT_NO,HAZMAT_VIO_CAUSE_CRASH_I,MCS_VIO_CAUSE_CRASH_I,IDOT_PERMIT_NO,WIDE_LOAD_I,TRAILER1_WIDTH,TRAILER2_WIDTH,TRAILER1_LENGTH,TRAILER2_LENGTH,TOTAL_VEHICLE_LENGTH,AXLE_CNT,VEHICLE_CONFIG,CARGO_BODY_TYPE,LOAD_TYPE,HAZMAT_OUT_OF_SERVICE_I,MCS_OUT_OF_SERVICE_I,HAZMAT_CLASS
2138033,7315b1453e3ded3fa93287b56f357ef3fcc87ffb0f74ba2dbb3d5b231ec4bddb737420867ee8b5f56dba2383bd2501c30263f0e28e4cad3fc051be60c55298c9,08/27/2025 09:15:00 AM,2,BICYCLE,,,,,,,,,,,,,,,,,,,,,,,,,,,,,,,,,,,,,,,,,,,,,,,,,,,,,,,,,,,,,,,,,,
2137716,db8493d737068a8a67625d680032a3818d23ebdade7e38146cfcc01cbbbbc2eb61427c44d2bd0a4547408dc91b537ce8b85014e4e33914bbe21b81493ed5ba3d,08/27/2025 09:15:00 AM,1,DRIVER,,2037840,,LEXUS,ES350,IL,2008,UNKNOWN,PASSENGER,UNKNOWN/NA,UNKNOWN,TURNING LEFT,,,1,,,,,,,,,,,,,,,Y,,,FRONT-LEFT-CORNER,,,,,,,,,,,,,,,,,,,,,,,,,,,,,,,,,
2137717,db8493d737068a8a67625d680032a3818d23ebdade7e38146cfcc01cbbbbc2eb61427c44d2bd0a4547408dc91b537ce8b85014e4e33914bbe21b81493ed5ba3d,08/27/2025 09:15:00 AM,2,DRIVER,,2037859,,NISSAN,NV200 COMPACT CARGO,IL,2020,NONE,VAN/MINI-VAN,COMMERCIAL - SINGLE UNIT,UNKNOWN,SLOW/STOP IN TRAFFIC,,,1,,,,,,,,,,,,,,,,Y,,FRONT,,,,,,,,,,,,,,,,,,,,,,,,,,,,,,,,,
2137758,e9a08cda0ab35d0c32ca8ef6c6d23a27339d3bda6adc37fe2951a95791a13178a9c45bc57c6c0b673a4e2f875c5fefe7de94d8728cd49ebed1df5ffe0c7ee16f,08/27/2025 09:15:00 AM,1,DRIVER,,2037880,,NISSAN,ALTIMA,MI,2023,NONE,PASSENGER,RIDESHARE SERVICE,N,STRAIGHT AHEAD,,,1,,,,,,,,,,,,,,,Y,,,FRONT-LEFT-CORNER,,,,,,,,,,,,,,,,,,,,,,,,,,,,,,,,,
2137759,e9a08cda0ab35d0c32ca8ef6c6d23a27339d3bda6adc37fe2951a95791a13178a9c45bc57c6c0b673a4e2f875c5fefe7de94d8728cd49ebed1df5ffe0c7ee16f,08/27/2025 09:15:00 AM,2,DRIVER,,2037890,,TOYOTA,RAV4,IL,2021,NONE,SPORT UTILITY VEHICLE (SUV),TAXI/FOR HIRE,E,STRAIGHT AHEAD,,,1,,,,,Y,,,,,,,,,,,,,FRONT-RIGHT-CORNER,,,,,,,,,,,,,,,,,,,,,,,,,,,,,,,,,
2137904,48762deb7229027fb05f666aa9b42e1d49a91e63cbbb35fb459ae93a747cd2057da80733e9156a5f4894a0153133673ef3c84ae740a6a5f9c36509a0466c9bfc,08/27/2025 09:10:00 AM,1,DRIVER,,2038013,,HONDA,OTHER (EXPLAIN IN NARRATIVE),IL,2008,UNKNOWN,PASSENGER,PERSONAL,UNKNOWN,STRAIGHT AHEAD,,,1,,,,,,,,,,Y,Y,Y,,,,,,REAR-LEFT-CORNER,,,,,,,,,,,,,,,,,,,,,,,,,,,,,,,,,
2137905,48762deb7229027fb05f666aa9b42e1d49a91e63cbbb35fb459ae93a747cd2057da80733e9156a5f4894a0153133673ef3c84ae740a6a5f9c36509a0466c9bfc,08/27/2025 09:10:00 AM,2,DRIVER,,2038017,,VOLVO,XC90,IL,2017,UNKNOWN,PASSENGER,PERSONAL,UNKNOWN,UNKNOWN/NA,,,1,,,,,Y,Y,,,,,,,,,,Y,,FRONT-RIGHT-CORNER,,,,,,,,,,,,,,,,,,,,,,,,,,,,,,,,,
2137771,652afe04540d5b20c847937c23ce92da8811d68f2c51a10619fc69cdfe9b257a4c6c30b907988a5cc46f39e2ff73b05935ef65deafcd178b02fbb31f98279384,08/27/2025 09:10:00 AM,1,DRIVER,,2037895,,FREIGHTLINER CORPORATION,OTHER (EXPLAIN IN NARRATIVE),IL,2020,NONE,BUS OVER 15 PASS.,SCHOOL BUS,NW,TURNING LEFT,,,1,,,,,Y,,,,,,,,,,,,,FRONT-RIGHT-CORNER,,,,,,,,,,,,,,,,,,,,,,,,,,,,,,,,,
2137772,652afe04540d5b20c847937c23ce92da8811d68f2c51a10619fc69cdfe9b257a4c6c30b907988a5cc46f39e2ff73b05935ef65deafcd178b02fbb31f98279384,08/27/2025 09:10:00 AM,2,DRIVER,,2037899,,TOYOTA,RAV4,IL,2018,NONE,SPORT UTILITY VEHICLE (SUV),PERSONAL,NW,TURNING LEFT,,,1,,,,,,,,,,Y,Y,,,,,,,REAR-LEFT-CORNER,,,,,,,,,,,,,,,,,,,,,,,,,,,,,,,,,
2138068,8dc11b6bf205e64e02865353cace66e758d53513a62f1827ee5a9c82623018fb0ed4690ff38477ff88460d044dab449ee60cad4898674aa115fe848fb6c67401,08/27/2025 09:10:00 AM,1,DRIVER,,2038166,,HYUNDAI,OTHER (EXPLAIN IN NARRATIVE),IL,2009,UNKNOWN,SPORT UTILITY VEHICLE (SUV),UNKNOWN/NA,S,BACKING,,,1,,,,,,,,,,,,,,,,,Y,REAR-LEFT-CORNER,,,,,,,,,,,,,,,,,,,,,,,,,,,,,,,,,
2138069,8dc11b6bf205e64e02865353cace66e758d53513a62f1827ee5a9c82623018fb0ed4690ff38477ff88460d044dab449ee60cad4898674aa115fe848fb6c67401,08/27/2025 09:10:00 AM,2,DRIVER,,2038183,,TOYOTA,TACOMA,IL,2020,NONE,PICKUP,UNKNOWN/NA,W,SLOW/STOP IN TRAFFIC,,,1,,,,,,,,,Y,,,,,,,,,REAR-RIGHT-CORNER,,,,,,,,,,,,,,,,,,,,,,,,,,,,,,,,,
2137738,f7b86de476bf652cc31adc2de2ce527f97edff768aa173bc5ba919820d970c047be4036e474d03b530dd6866d92dd831182dcd01804fcc992097951b92f00265,08/27/2025 09:10:00 AM,1,DRIVER,,2037860,,CHEVROLET,CRUZE,IL,2017,UNKNOWN,PASSENGER,UNKNOWN/NA,E,PASSING/OVERTAKING,,,1,,,,,,,,,,,,,,Y,Y,,,FRONT-LEFT-CORNER,,,,,,,,,,,,,,,,,,,,,,,,,,,,,,,,,
2137739,f7b86de476bf652cc31adc2de2ce527f97edff768aa173bc5ba919820d970c047be4036e474d03b530dd6866d92dd831182dcd01804fcc992097951b92f00265,08/27/2025 09:10:00 AM,2,DRIVER,,2037872,,HONDA,ODYSSEY,IL,2005,UNKNOWN,VAN/MINI-VAN,PERSONAL,E,TURNING RIGHT,,,1,,,,,Y,Y,,,,,,,,,,Y,,FRONT-RIGHT-CORNER,,,,,,,,,,,,,,,,,,,,,,,,,,,,,,,,,
2137892,d6c6d30c992a986e49c6560caa301fcfa2b820fef4f7fd44206bd68e4b050867e890bb1dd73af4bc52dbe7d0d603df4fe91e232f7971a9cb942393d33557953a,08/27/2025 09:00:00 AM,1,BICYCLE,,,,,,,,,,,,,,,,,,,,,,,,,,,,,,,,,,,,,,,,,,,,,,,,,,,,,,,,,,,,,,,,,,
2137893,d6c6d30c992a986e49c6560caa301fcfa2b820fef4f7fd44206bd68e4b050867e890bb1dd73af4bc52dbe7d0d603df4fe91e232f7971a9cb942393d33557953a,08/27/2025 09:00:00 AM,2,DRIVER,,2037995,,LEXUS,RX350,IL,2011,NONE,PASSENGER,PERSONAL,E,STRAIGHT AHEAD,,,1,,,,,,,,,,,,,,,,Y,,FRONT-LEFT-CORNER,,,,,,,,,,,,,,,,,,,,,,,,,,,,,,,,,
2137726,de1b503868ff4f5c3ee22683fe33a39224477bb2911bd4de716a00792d69ee939083080efc685db45b540eeba56915bf6f2e9c389fce134f657452d80171a5bc,08/27/2025 08:56:00 AM,1,DRIVER,1,2037866,,NISSAN,ALTIMA,IN,2022,NONE,PASSENGER,PERSONAL,SE,TURNING RIGHT,N,,2,,,,,,,,,,,,,,,,Y,,FRONT,,,,,,,,,,,,,,,,,,,,,,,,,,,,,,,,,
2137727,de1b503868ff4f5c3ee22683fe33a39224477bb2911bd4de716a00792d69ee939083080efc685db45b540eeba56915bf6f2e9c389fce134f657452d80171a5bc,08/27/2025 08:56:00 AM,2,PEDESTRIAN,,,,,,,,,,,,,,,,,,,,,,,,,,,,,,,,,,,,,,,,,,,,,,,,,,,,,,,,,,,,,,,,,,
2137679,36858d3b9110cffbda9be24cfe1cebac2cfcc3e64ad63d80ebd85afb442124d5dcd04975ba37e1e93b455ae4f8babc55274ad27d76ece8147b72c4b36c4a663d,08/27/2025 08:50:00 AM,1,DRIVER,3,2037817,,NISSAN,MURANO,IL,2009,NONE,SPORT UTILITY VEHICLE (SUV),PERSONAL,S,BACKING,,,4,,,,,,,,,,,,,,,,,Y,UNKNOWN,,,,,,,,,,,,,,,,,,,,,,,,,,,,,,,,,
2137680,36858d3b9110cffbda9be24cfe1cebac2cfcc3e64ad63d80ebd85afb442124d5dcd04975ba37e1e93b455ae4f8babc55274ad27d76ece8147b72c4b36c4a663d,08/27/2025 08:50:00 AM,2,DRIVER,,2037849,,CHEVROLET,EQUINOX,IL,2015,NONE,SPORT UTILITY VEHICLE (SUV),PERSONAL,W,STRAIGHT AHEAD,,,1,,,,,Y,,,,,,,,,,,,,FRONT-RIGHT-CORNER,,,,,,,,,,,,,,,,,,,,,,,,,,,,,,,,,
2137681,5beb0945c00b88de630509e16f1513b34145a5e8da4fd1aa260a9f45e5dfe39ea180909a41da8315bcb63812f4325d146e6fef4afa76cf14bf1b66a4f2e6af57,08/27/2025 08:50:00 AM,1,DRIVER,,2037826,,DODGE,RAM 1500 PU,IL,2013,NONE,OTHER,TOW TRUCK,E,STRAIGHT AHEAD,,,1,,,,,,,,,Y,Y,,,,,,,,REAR,,,,,,,,,,,,,,,,,,,,,,,,,,,,,,,,,
2137682,5beb0945c00b88de630509e16f1513b34145a5e8da4fd1aa260a9f45e5dfe39ea180909a41da8315bcb63812f4325d146e6fef4afa76cf14bf1b66a4f2e6af57,08/27/2025 08:50:00 AM,2,DRIVER,,2037841,,DODGE,STRATUS,IL,2002,NONE,PASSENGER,PERSONAL,E,STRAIGHT AHEAD,,,1,,,,,,,,,,,,,,,Y,Y,,FRONT,,,,,,,,,,,,,,,,,,,,,,,,,,,,,,,,,
2137741,c60b63075c6400bb3831361bcb985d217320a8bc029591770d7284fda480fb8c5c8c6eae17e1e87a6088c62302a0531cfe57c72a5a4e0c112d5f07c73f0df7bb,08/27/2025 08:50:00 AM,1,DRIVER,,2037861,,HONDA,CIVIC,IL,2022,UNKNOWN,PASSENGER,PERSONAL,N,STRAIGHT AHEAD,Y,,1,,owner,,,Y,,,,,,,,,,Y,Y,,FRONT,,,,,,,,,,,,,,,,,,,,,,,,,,,,,,,,,
2137742,c60b63075c6400bb3831361bcb985d217320a8bc029591770d7284fda480fb8c5c8c6eae17e1e87a6088c62302a0531cfe57c72a5a4e0c112d5f07c73f0df7bb,08/27/2025 08:50:00 AM,2,DRIVER,1,2037870,,BUICK,REGAL,IL,2011,UNKNOWN,PASSENGER,PERSONAL,E,STRAIGHT AHEAD,Y,,2,,owner,,,,,Y,Y,Y,Y,,,,,,,,SIDE-RIGHT,,,,,,,,,,,,,,,,,,,,,,,,,,,,,,,,,
2138056,ca0298e3f36ea842c8f6ad52ecfbe6f1f574548739809d060273b15aed89d9b8466c937ffd34bf14f65bb49964def5fcd23ca1df3f06e4524862c0ab1159066d,08/27/2025 08:50:00 AM,1,DRIVER,,2038150,,NISSAN,PATHFINDER,IL,2024,UNKNOWN,SPORT UTILITY VEHICLE (SUV),UNKNOWN/NA,E,STRAIGHT AHEAD,,,1,,,,,,,,,,,,,,,,Y,,FRONT,,,,,,,,,,,,,,,,,,,,,,,,,,,,,,,,,
2138057,ca0298e3f36ea842c8f6ad52ecfbe6f1f574548739809d060273b15aed89d9b8466c937ffd34bf14f65bb49964def5fcd23ca1df3f06e4524862c0ab1159066d,08/27/2025 08:50:00 AM,2,DRIVER,,2038179,,SAAB,9-3,IL,2010,UNKNOWN,PASSENGER,UNKNOWN/NA,E,UNKNOWN/NA,,,1,,,,,,,,,,Y,,,,,,,,REAR,,,,,,,,,,,,,,,,,,,,,,,,,,,,,,,,,
2137707,6a2a100ae7ff4726b42d96d96741310a1d920b4469e591e4b31f8c12f8c6233dc77c455569a3e5439089d9047637eeef2fd15a890254afd81e10be7884890ab8,08/27/2025 08:48:00 AM,1,DRIVER,2,2037831,,DODGE,JOURNEY,IL,2012,UNKNOWN,PASSENGER,PERSONAL,E,STRAIGHT AHEAD,Y,,3,,PRIVATE COMPANY,UNKNOWN,,,,,,,,,,Y,Y,Y,Y,,SIDE-LEFT,,,,,,,,,,,,,,,,,,,,,,,,,,,,,,,,,
2137708,6a2a100ae7ff4726b42d96d96741310a1d920b4469e591e4b31f8c12f8c6233dc77c455569a3e5439089d9047637eeef2fd15a890254afd81e10be7884890ab8,08/27/2025 08:48:00 AM,2,DRIVER,,2037843,,FORD,ESCAPE,IL,2013,UNKNOWN,PASSENGER,PERSONAL,S,STRAIGHT AHEAD,Y,,1,,PRIVATE TOW,UNKNOWN,,Y,,,,,,,,,,Y,Y,,FRONT,,,,,,,,,,,,,,,,,,,,,,,,,,,,,,,,,
2137773,1b2b8d958005be7957598881ea06ccea42b8fed1717c2160a6bba498134141364255ad7d0d9f0531f1a2ecc977cbbdbdecabb00912447c68051e0773d1451176,08/27/2025 08:44:00 AM,1,DRIVER,,2037936,,UNKNOWN,OTHER (EXPLAIN IN NARRATIVE),,,UNKNOWN,SPORT UTILITY VEHICLE (SUV),UNKNOWN/NA,W,STRAIGHT AHEAD,,,1,,,,,,,,,,,,,,,,,Y,UNKNOWN,,,,,,,,,,,,,,,,,,,,,,,,,,,,,,,,,
2137774,1b2b8d958005be7957598881ea06ccea42b8fed1717c2160a6bba498134141364255ad7d0d9f0531f1a2ecc977cbbdbdecabb00912447c68051e0773d1451176,08/27/2025 08:44:00 AM,2,DRIVER,,2037941,,NISSAN,KICKS,IL,2024,UNKNOWN,PASSENGER,UNKNOWN/NA,W,SLOW/STOP IN TRAFFIC,,,1,,,,,,,,Y,Y,,,,,,,,,SIDE-RIGHT-REAR,,,,,,,,,,,,,,,,,,,,,,,,,,,,,,,,,
2137698,b3b4b656c31e2430cae8a7b89c93b36512f81a8b3c8722688f5ffc30efd4edc7cb20ac3a51a9a6db01d6e49ace1dfe9f8a40917e01552e1b7c7c26473ce80d4c,08/27/2025 08:38:00 AM,1,DRIVER,,2037822,,CHEVROLET,EQUINOX,IL,2025,NONE,PASSENGER,PERSONAL,NW,MERGING,,,1,,,,,Y,,,,,,,,,,Y,Y,,FRONT-RIGHT-CORNER,,,,,,,,,,,,,,,,,,,,,,,,,,,,,,,,,
2137699,b3b4b656c31e2430cae8a7b89c93b36512f81a8b3c8722688f5ffc30efd4edc7cb20ac3a51a9a6db01d6e49ace1dfe9f8a40917e01552e1b7c7c26473ce80d4c,08/27/2025 08:38:00 AM,2,DRIVER,,2037835,,BMW,BMW,IL,2022,NONE,PASSENGER,PERSONAL,NW,MERGING,,,1,,,,,Y,,,,,,,,,,Y,Y,,REAR,,,,,,,,,,,,,,,,,,,,,,,,,,,,,,,,,
2137756,f13ceceb78eb960a4ff6790082020ddbe602e7a569772ec7b22bafd1e2d637238424e151c1cd479a104118d8a03bedbb5875b5903416a1781ee068cd19fcf42c,08/27/2025 08:38:00 AM,1,DRIVER,1,2037879,,THOMAS BUILT BUS COMPANY,THOMAS BUILT BUS CO.,IL,2017,UNKNOWN,BUS UP TO 15 PASS.,OTHER,W,TURNING LEFT,,,2,,,,Y,,,,N,,,,,,,,,,FRONT-RIGHT-CORNER,,,,,,,,,,,,,,,,,,,,,,,,,,,,,,,,,
2137757,f13ceceb78eb960a4ff6790082020ddbe602e7a569772ec7b22bafd1e2d637238424e151c1cd479a104118d8a03bedbb5875b5903416a1781ee068cd19fcf42c,08/27/2025 08:38:00 AM,2,DRIVER,,2037889,,UNKNOWN,OTHER (EXPLAIN IN NARRATIVE),IL,,UNKNOWN,UNKNOWN/NA,UNKNOWN/NA,W,STRAIGHT AHEAD,,,1,,,,,,,,,,,,Y,Y,Y,,,,SIDE-LEFT,,,,,,,,,,,,,,,,,,,,,,,,,,,,,,,,,
2137943,4849eb8738a653de0399e4dba5fc5d055ae90d1541690e52c8e6643efab351ad13b78f296a1dad1bada3470c4ed564ab7b3b3324d547fbe7d0e9a5ad6c906b5e,08/27/2025 08:30:00 AM,1,DRIVER,,2038050,,UNKNOWN,MOTORIZED,IL,,NONE,PASSENGER,PERSONAL,UNKNOWN,UNKNOWN/NA,,,1,,,,,,,,,,,,,,,Y,,,FRONT-LEFT-CORNER,,,,,,,,,,,,,,,,,,,,,,,,,,,,,,,,,
2137944,4849eb8738a653de0399e4dba5fc5d055ae90d1541690e52c8e6643efab351ad13b78f296a1dad1bada3470c4ed564ab7b3b3324d547fbe7d0e9a5ad6c906b5e,08/27/2025 08:30:00 AM,2,PARKED,,2038057,,CHEVROLET,TRAVERSE,IL,2016,NONE,PASSENGER,PERSONAL,S,PARKED,,,0,,,,,,,,Y,,,,,,,,,,SIDE-RIGHT,,,,,,,,,,,,,,,,,,,,,,,,,,,,,,,,,
2137820,82072eca86d2cca45a5ac14195cc4d6036f0498cb55698fb96b43e5ff6f8720def25c18fc224b5341fc140df3e30f5ad22f3634f25971b0875657493287d88cd,08/27/2025 08:30:00 AM,1,DRIVER,,2037933,,FORD,F150,IL,2022,NONE,PICKUP,CONSTRUCTION/MAINTENANCE,S,CHANGING LANES,,,1,,,,,,,,,,,,,,,Y,,,FRONT-LEFT-CORNER,,,,,,,,,,,,,,,,,,,,,,,,,,,,,,,,,
2137821,82072eca86d2cca45a5ac14195cc4d6036f0498cb55698fb96b43e5ff6f8720def25c18fc224b5341fc140df3e30f5ad22f3634f25971b0875657493287d88cd,08/27/2025 08:30:00 AM,2,DRIVER,,2037943,,KIA,FORTE,IL,2024,NONE,PASSENGER,PERSONAL,S,STRAIGHT AHEAD,,,1,,,,,Y,Y,,,,,,,,,,,,FRONT-RIGHT-CORNER,,,,,,,,,,,,,,,,,,,,,,,,,,,,,,,,,
2137636,d61f7e9c30c8c863e2321894012ba43f0834b25982596aef6542544622a65eee7a416e0027a2a3d62eca9fb125064705285ad65497da1d4f683d945fe3b57ecb,08/27/2025 08:30:00 AM,1,DRIVER,,2037764,,CHEVROLET,TRAIL BLAZER,IL,2008,NONE,SPORT UTILITY VEHICLE (SUV),PERSONAL,N,TURNING LEFT,,,1,,,,,Y,,,,,,,,,,,,,FRONT-RIGHT-CORNER,,,,,,,,,,,,,,,,,,,,,,,,,,,,,,,,,
2137637,d61f7e9c30c8c863e2321894012ba43f0834b25982596aef6542544622a65eee7a416e0027a2a3d62eca9fb125064705285ad65497da1d4f683d945fe3b57ecb,08/27/2025 08:30:00 AM,2,DRIVER,,2037770,,MITSUBISHI,LANCER,IL,2011,NONE,PASSENGER,PERSONAL,N,STRAIGHT AHEAD,,,1,,,,,,,,,,,,,Y,,,,,SIDE-LEFT,,,,,,,,,,,,,,,,,,,,,,,,,,,,,,,,,
2139356,a7ec337701efd06cb8d2dbfcac48ec3c9d7887eb5121d97fe1dc2948814afa18755991feb94fd0b2d9a9c98af1da2264729311b43657e7955856dd56f7dfe262,08/27/2025 08:29:00 AM,1,DRIVER,,2039371,,HONDA,CR-V,IL,2010,UNKNOWN,SPORT UTILITY VEHICLE (SUV),PERSONAL,W,STRAIGHT AHEAD,,,1,,,,,Y,,,,,,,,,,Y,Y,,FRONT,,,,,,,,,,,,,,,,,,,,,,,,,,,,,,,,,
2139357,a7ec337701efd06cb8d2dbfcac48ec3c9d7887eb5121d97fe1dc2948814afa18755991feb94fd0b2d9a9c98af1da2264729311b43657e7955856dd56f7dfe262,08/27/2025 08:29:00 AM,2,DRIVER,,2039374,,NISSAN,ROGUE,IL,2012,UNKNOWN,SPORT UTILITY VEHICLE (SUV),PERSONAL,W,SLOW/STOP IN TRAFFIC,,,1,,,,,,,,,Y,Y,Y,,,,,,,REAR,,,,,,,,,,,,,,,,,,,,,,,,,,,,,,,,,
2137710,1ee1502e957fa7dd869d3cef846938f7f076e42a903c600ed46e70748d6aedb4ee19d7e4ff63975753ad5f5cd8eb41f5a3014b2afb22242672a74e487962cec0,08/27/2025 08:26:00 AM,1,DRIVER,,2037833,,HONDA,ACCORD,IL,2006,UNKNOWN,PASSENGER,PERSONAL,N,TURNING RIGHT,,,1,,,,,,,Y,Y,Y,,N,N,N,,,,,SIDE-RIGHT-REAR,,,,,,,,,,,,,,,,,,,,,,,,,,,,,,,,,
2137711,1ee1502e957fa7dd869d3cef846938f7f076e42a903c600ed46e70748d6aedb4ee19d7e4ff63975753ad5f5cd8eb41f5a3014b2afb22242672a74e487962cec0,08/27/2025 08:26:00 AM,2,PARKED,,2037842,,CHEVROLET,EQUINOX,IL,2018,UNKNOWN,PASSENGER,PERSONAL,UNKNOWN,PARKED,,,0,,,,,,,,,,,,,,,Y,,,FRONT-LEFT-CORNER,,,,,,,,,,,,,,,,,,,,,,,,,,,,,,,,,
2137673,790e31f9f05e0da30e14cf2ca751cbc198d2f328537d293c1e8dabcf7d4639920495b3483e47ac325f0f3d16e3fcee5a59007bc2e090a3628f9b476ace4a06ab,08/27/2025 08:25:00 AM,1,DRIVER,,2037805,,UNKNOWN,OTHER (EXPLAIN IN NARRATIVE),,,UNKNOWN,SPORT UTILITY VEHICLE (SUV),UNKNOWN/NA,E,STRAIGHT AHEAD,,,1,,,,,,,,,,,,,,,,,,UNKNOWN,,,,,,,,,,,,,,,,,,,,,,,,,,,,,,,,,
2137674,790e31f9f05e0da30e14cf2ca751cbc198d2f328537d293c1e8dabcf7d4639920495b3483e47ac325f0f3d16e3fcee5a59007bc2e090a3628f9b476ace4a06ab,08/27/2025 08:25:00 AM,2,DRIVER,,2037811,,TOYOTA,CAMRY,IL,2017,NONE,PASSENGER,PERSONAL,E,STRAIGHT AHEAD,,,1,,,,,,,,,,,,,,,,,,SIDE-RIGHT-FRONT,,,,,,,,,,,,,,,,,,,,,,,,,,,,,,,,,
2137736,179ebf5608d9a49eb92fecce97fb4cc04b64b2f9d2dcd4b405da2a3287413bd285a96d7bf697ad0b47ddfc13c06e4ee8555195847e072ed78ae4497f2489913f,08/27/2025 08:20:00 AM,1,DRIVER,,2037862,,JEEP,COMPASS,IL,2024,NONE,SPORT UTILITY VEHICLE (SUV),PERSONAL,W,CHANGING LANES,,,1,,,,,Y,,,,,,,,,,,,,FRONT-RIGHT-CORNER,,,,,,,,,,,,,,,,,,,,,,,,,,,,,,,,,
2137737,179ebf5608d9a49eb92fecce97fb4cc04b64b2f9d2dcd4b405da2a3287413bd285a96d7bf697ad0b47ddfc13c06e4ee8555195847e072ed78ae4497f2489913f,08/27/2025 08:20:00 AM,2,DRIVER,,2037874,,FORD,BRONCO / BRONCO II,IL,2022,NONE,PASSENGER,PERSONAL,W,STRAIGHT AHEAD,,,1,,,,,,,,,,,Y,,,,,,,REAR-LEFT-CORNER,,,,,,,,,,,,,,,,,,,,,,,,,,,,,,,,,
2137685,184f836b8f5f140862dfe7463304f1cef5de08e232e3ef80401a172349a80cc56928960764617de397ca3359b00621d33473fb556be2a387e4c50e0724c464b5,08/27/2025 08:20:00 AM,1,DRIVER,1,2037806,,UNKNOWN,OTHER (EXPLAIN IN NARRATIVE),,,UNKNOWN,PICKUP,UNKNOWN/NA,W,PASSING/OVERTAKING,,,2,,,,,,,,,,,,,,,,,Y,UNKNOWN,,,,,,,,,,,,,,,,,,,,,,,,,,,,,,,,,
2137686,184f836b8f5f140862dfe7463304f1cef5de08e232e3ef80401a172349a80cc56928960764617de397ca3359b00621d33473fb556be2a387e4c50e0724c464b5,08/27/2025 08:20:00 AM,2,DRIVER,,2037818,Y,FREIGHTLINER CORPORATION,FREIGHTLINER CORP.,IL,2002,UNKNOWN,TRACTOR W/ SEMI-TRAILER,COMMERCIAL - SINGLE UNIT,E,STRAIGHT AHEAD,,,1,,,,,,,,,,,,,,,,Y,,FRONT,"22,086",3902137,,,PAPERS,3,GNM TRUCKING INC.,IL,CHICAGO,,,,N,N,,N,,N,N,,,,,,,,,TRUCK/TRACTOR,DUMP,OTHER,N,N,
2137702,f8284b9989e139ab00c04d133036f3563bb5d038ed769589506134ae986abf0abb37454b4109c4cd3bb4c3d66cc82a1f261814b7c83335b73753edd19d3dfd4c,08/27/2025 08:20:00 AM,1,DRIVER,,2037824,,CHEVROLET,EXPRESS,IL,2015,UNKNOWN,VAN/MINI-VAN,UNKNOWN/NA,N,TURNING RIGHT,,,1,,,,,,,Y,Y,Y,,,,,,,,,SIDE-RIGHT,,,,,,,,,,,,,,,,,,,,,,,,,,,,,,,,,
2137703,f8284b9989e139ab00c04d133036f3563bb5d038ed769589506134ae986abf0abb37454b4109c4cd3bb4c3d66cc82a1f261814b7c83335b73753edd19d3dfd4c,08/27/2025 08:20:00 AM,2,DRIVER,,2037856,,NISSAN,SENTRA,IL,2012,UNKNOWN,PASSENGER,UNKNOWN/NA,N,TURNING RIGHT,,,1,,,,,,,,,,,,,,,Y,,,FRONT-LEFT-CORNER,,,,,,,,,,,,,,,,,,,,,,,,,,,,,,,,,
2138625,044fbf28fb19ebb27c6c490df15285db54bd386b3acd4429422553a29b278278cf35b0b08745284253a9aa584987b7b818051cf8e32a8fd5e8b5de1410a754b2,08/27/2025 08:15:00 AM,1,DRIVER,,2038754,,HONDA,PASSPORT,IL,2023,NONE,SPORT UTILITY VEHICLE (SUV),PERSONAL,W,STRAIGHT AHEAD,Y,,1,,,,,Y,Y,Y,Y,Y,,,,,,N,N,,SIDE-RIGHT,,,,,,,,,,,,,,,,,,,,,,,,,,,,,,,,,
2138626,044fbf28fb19ebb27c6c490df15285db54bd386b3acd4429422553a29b278278cf35b0b08745284253a9aa584987b7b818051cf8e32a8fd5e8b5de1410a754b2,08/27/2025 08:15:00 AM,2,DRIVER,,2038761,,NISSAN,ROGUE,IL,2018,NONE,SPORT UTILITY VEHICLE (SUV),PERSONAL,S,STRAIGHT AHEAD,Y,,1,,,,,Y,,,,,,,,,,Y,Y,,FRONT,,,,,,,,,,,,,,,,,,,,,,,,,,,,,,,,,