CRASH_UNIT_ID,CRASH_RECORD_ID,CRASH_DATE,UNIT_NO,UNIT_TYPE,NUM_PASSENGERS,VEHICLE_ID,CMRC_VEH_I,MAKE,MODEL,LIC_PLATE_STATE,VEHICLE_YEAR,VEHICLE_DEFECT,VEHICLE_TYPE,VEHICLE_USE,TRAVEL_DIRECTION,MANEUVER,TOWED_I,FIRE_I,OCCUPANT_CNT,EXCEED_SPEED_LIMIT_I,TOWED_BY,TOWED_TO,AREA_00_I,AREA_01_I,AREA_02_I,AREA_03_I,AREA_04_I,AREA_05_I,AREA_06_I,AREA_07_I,AREA_08_I,AREA_09_I,AREA_10_I,AREA_11_I,AREA_12_I,AREA_99_I,FIRST_CONTACT_POINT,CMV_ID,USDOT_NO,CCMC_NO,ILCC_NO,COMMERCIAL_SRC,GVWR,CARRIER_NAME,CARRIER_STATE,CARRIER_CITY,HAZMAT_PLACARDS_I,HAZMAT_NAME,UN_NO,HAZMAT_PRESENT_I,HAZMAT_REPORT_I,HAZMAT_REPORT_NO,MCS_REPORT_I,MCS_REPORT_NO,HAZMAT_VIO_CAUSE_CRASH_I,MCS_VIO_CAUSE_CRASH_I,IDOT_PERMIT_NO,WIDE_LOAD_I,TRAILER1_WIDTH,TRAILER2_WIDTH,TRAILER1_LENGTH,TRAILER2_LENGTH,TOTAL_VEHICLE_LENGTH,AXLE_CNT,VEHICLE_CONFIG,CARGO_BODY_TYPE,LOAD_TYPE,HAZMAT_OUT_OF_SERVICE_I,MCS_OUT_OF_SERVICE_I,HAZMAT_CLASS
2137696,eba9a208282a04f4563573208dfe0122eca8ffb42a90d1cdfe061dc2e084e773e3a2b8176b5432727988885ebfb58f0590ae0f39eaf9eb47d6699659600be079,08/27/2025 08:10:00 AM,1,DRIVER,,2037821,,MERCEDES-BENZ,SPRINTER,IL,2019,NONE,VAN/MINI-VAN,PERSONAL,W,TURNING RIGHT,,,1,,,,,,,,,Y,,,,,,,,,REAR-RIGHT-CORNER,,,,,,,,,,,,,,,,,,,,,,,,,,,,,,,,,
2137697,eba9a208282a04f4563573208dfe0122eca8ffb42a90d1cdfe061dc2e084e773e3a2b8176b5432727988885ebfb58f0590ae0f39eaf9eb47d6699659600be079,08/27/2025 08:10:00 AM,2,DRIVER,,2037815,,MAZDA,MX-3,IL,2009,NONE,PASSENGER,PERSONAL,W,TURNING RIGHT,,,1,,,,,,,,,,,,,,,Y,,,FRONT-LEFT-CORNER,,,,,,,,,,,,,,,,,,,,,,,,,,,,,,,,,
2138523,f1c1f2762cc294ae6e06cb56f1c0cd6c740dcca477abf6c4f687f77bef2c87c67f9620d68b8a0602e132d7daa30354322d97b68089ffdf57e76cd6f85631f625,08/27/2025 08:10:00 AM,1,DRIVER,,2038595,,UNKNOWN,OTHER (EXPLAIN IN NARRATIVE),,,UNKNOWN,UNKNOWN/NA,UNKNOWN/NA,E,PASSING/OVERTAKING,,,1,,,,,,,,,,,,,,,,,,UNKNOWN,,,,,,,,,,,,,,,,,,,,,,,,,,,,,,,,,
2138524,f1c1f2762cc294ae6e06cb56f1c0cd6c740dcca477abf6c4f687f77bef2c87c67f9620d68b8a0602e132d7daa30354322d97b68089ffdf57e76cd6f85631f625,08/27/2025 08:10:00 AM,2,DRIVER,2,2038596,,NISSAN,ALTIMA,IL,2013,NONE,PASSENGER,PERSONAL,E,STRAIGHT AHEAD,,,3,,,,,,,,,,,Y,Y,Y,Y,Y,,,SIDE-LEFT,,,,,,,,,,,,,,,,,,,,,,,,,,,,,,,,,
2137660,12b46d02a5167366238db9e39bed7d0f48da79e4347d2bf5f9ac3ab7a2ad5789a1780c8d66a9d8e30a3e75b9a1085e643f684847127c749328fea1a15da66d12,08/27/2025 08:05:00 AM,1,DRIVER,,2037791,,SUBARU,ASCENT,IL,2022,NONE,SPORT UTILITY VEHICLE (SUV),PERSONAL,E,TURNING LEFT,,,1,,,,,,,,,,,,,,Y,Y,Y,,FRONT-LEFT-CORNER,,,,,,,,,,,,,,,,,,,,,,,,,,,,,,,,,
2137661,12b46d02a5167366238db9e39bed7d0f48da79e4347d2bf5f9ac3ab7a2ad5789a1780c8d66a9d8e30a3e75b9a1085e643f684847127c749328fea1a15da66d12,08/27/2025 08:05:00 AM,2,DRIVER,,2037799,,NISSAN,PATHFINDER,IL,2024,NONE,SPORT UTILITY VEHICLE (SUV),PERSONAL,W,STRAIGHT AHEAD,,,1,,,,,,,,,,,,,,Y,Y,,,FRONT-LEFT-CORNER,,,,,,,,,,,,,,,,,,,,,,,,,,,,,,,,,
2137755,42bbac0ab5e5f02b0e5f75c138ca91384142417b512ab954024d23c10b7ad0827d84de19c7ee82306fb28edb50ef906aa99d7d256a15c402f4270b9417b5a581,08/27/2025 08:05:00 AM,1,DRIVER,,2037875,,UNKNOWN,OTHER (EXPLAIN IN NARRATIVE),,,UNKNOWN,PASSENGER,UNKNOWN/NA,E,STRAIGHT AHEAD,,,1,,,,,Y,,,,,,,,,,Y,Y,,FRONT,,,,,,,,,,,,,,,,,,,,,,,,,,,,,,,,,
2137760,42bbac0ab5e5f02b0e5f75c138ca91384142417b512ab954024d23c10b7ad0827d84de19c7ee82306fb28edb50ef906aa99d7d256a15c402f4270b9417b5a581,08/27/2025 08:05:00 AM,2,PEDESTRIAN,,,,,,,,,,,,,,,,,,,,,,,,,,,,,,,,,,,,,,,,,,,,,,,,,,,,,,,,,,,,,,,,,,
2137714,e91cfacf1c423a5d1ca0571eecfa265591a1cb24f35523e8db3b1b7c95fbf13eb20f9f77bb8a09947156c20811e0f9267270139d09bf37ad52d5779735f89572,08/27/2025 08:02:00 AM,1,DRIVER,,2037828,,UNKNOWN,OTHER (EXPLAIN IN NARRATIVE),IL,,UNKNOWN,UNKNOWN/NA,UNKNOWN/NA,S,PASSING/OVERTAKING,,,1,,,,,Y,,,,,,,,,,,,,FRONT-RIGHT-CORNER,,,,,,,,,,,,,,,,,,,,,,,,,,,,,,,,,
2137715,e91cfacf1c423a5d1ca0571eecfa265591a1cb24f35523e8db3b1b7c95fbf13eb20f9f77bb8a09947156c20811e0f9267270139d09bf37ad52d5779735f89572,08/27/2025 08:02:00 AM,2,PARKED,,2037838,Y,FORD,OTHER (EXPLAIN IN NARRATIVE),IL,2019,UNKNOWN,OTHER,AMBULANCE,S,PARKED,,,0,,,,,,,,,,,,,,,Y,,,SIDE-LEFT,"22,087",,,,,,ELITE MEDICAL TRANSPORTATION,IL,ORLAND PARK,,,,N,N,,N,,N,N,,,,,,,,2,BUS,VAN/ENCLOSED BOX,OTHER,N,N,
2137689,90cb58644f09531f635e675829fdf971e30bcd4d0c598be24f6c5756d5ff836e8d25bfaaceb4a41b6f044f9fea2ba63860914ea6083fb7d2bcf330279654d09c,08/27/2025 08:01:00 AM,1,DRIVER,,2037816,,SUBARU,OUTBACK,IL,2011,UNKNOWN,PASSENGER,PERSONAL,S,STRAIGHT AHEAD,,,1,,,,,Y,,,,,,,,,,Y,Y,,FRONT,,,,,,,,,,,,,,,,,,,,,,,,,,,,,,,,,
2137690,90cb58644f09531f635e675829fdf971e30bcd4d0c598be24f6c5756d5ff836e8d25bfaaceb4a41b6f044f9fea2ba63860914ea6083fb7d2bcf330279654d09c,08/27/2025 08:01:00 AM,2,DRIVER,,2037823,,DODGE,OTHER (EXPLAIN IN NARRATIVE),IL,2012,UNKNOWN,VAN/MINI-VAN,PERSONAL,SW,SLOW/STOP IN TRAFFIC,,,1,,,,,,,,,Y,Y,Y,,,,,,,REAR,,,,,,,,,,,,,,,,,,,,,,,,,,,,,,,,,
2137687,0b65480359db9d8610d5b001f0ceb93104fd9861a1944dc9ab383918337041e5779ddd3f012fdac7ac3b5518603d251be484a7afc067ddf080ef89eac6db8684,08/27/2025 08:00:00 AM,1,DRIVER,,2037813,,HONDA,ACCORD,IL,2013,UNKNOWN,PASSENGER,PERSONAL,S,STRAIGHT AHEAD,,,1,,,,,Y,,,,,,,,,,Y,Y,,FRONT,,,,,,,,,,,,,,,,,,,,,,,,,,,,,,,,,
2137688,0b65480359db9d8610d5b001f0ceb93104fd9861a1944dc9ab383918337041e5779ddd3f012fdac7ac3b5518603d251be484a7afc067ddf080ef89eac6db8684,08/27/2025 08:00:00 AM,2,DRIVER,2,2037852,,JEEP,RENEGADE,IL,2020,UNKNOWN,PASSENGER,PERSONAL,S,STRAIGHT AHEAD,,,3,,,,,,,,,Y,Y,Y,,,,,,,REAR,,,,,,,,,,,,,,,,,,,,,,,,,,,,,,,,,
2137662,2160c2236e25375d01a7ecae0ab76a48cd2301a0a5cd11b76ecb2628a25df0da2a9999f6e603110170aa26e14f6a58c33377828569c548589b33196d0d8370b1,08/27/2025 08:00:00 AM,1,DRIVER,,2037787,,TOYOTA,RAV4,IL,2017,NONE,SPORT UTILITY VEHICLE (SUV),PERSONAL,E,CHANGING LANES,,,1,,,,,,,,,,,,,,Y,,,,SIDE-LEFT,,,,,,,,,,,,,,,,,,,,,,,,,,,,,,,,,
2137663,2160c2236e25375d01a7ecae0ab76a48cd2301a0a5cd11b76ecb2628a25df0da2a9999f6e603110170aa26e14f6a58c33377828569c548589b33196d0d8370b1,08/27/2025 08:00:00 AM,2,DRIVER,,2037790,,CHEVROLET,TRAX,IL,2020,UNKNOWN,SPORT UTILITY VEHICLE (SUV),PERSONAL,E,STRAIGHT AHEAD,,,1,,,,,,,,,,,,,,,,,Y,UNKNOWN,,,,,,,,,,,,,,,,,,,,,,,,,,,,,,,,,
2137965,291a9b2ea4639d7c52d5042fd70a38eff456195d296063de4a7f1569f8585f7246b05c36d9a464a6bdfc63f4c5c67daad593827205c2109829a7e5851f92542d,08/27/2025 08:00:00 AM,1,DRIVER,,2038093,,UNKNOWN,OTHER (EXPLAIN IN NARRATIVE),IL,,UNKNOWN,UNKNOWN/NA,UNKNOWN/NA,UNKNOWN,UNKNOWN/NA,,,1,,,,,,,,,,,,,,,,,,UNKNOWN,,,,,,,,,,,,,,,,,,,,,,,,,,,,,,,,,
2137966,291a9b2ea4639d7c52d5042fd70a38eff456195d296063de4a7f1569f8585f7246b05c36d9a464a6bdfc63f4c5c67daad593827205c2109829a7e5851f92542d,08/27/2025 08:00:00 AM,2,PARKED,,2038075,,JEEP,CHEROKEE,IL,2025,NONE,SPORT UTILITY VEHICLE (SUV),POLICE,S,PARKED,,,0,,,,,,,,,,,,,,Y,Y,,,FRONT-LEFT-CORNER,,,,,,,,,,,,,,,,,,,,,,,,,,,,,,,,,
2137630,2f0d7005d2f5388a3c98c5c72a555206d4af57d88aecaf9fc9d752e1130c4373dd9d2fe4b9bc8eb05a3aff1760d501b7352884f030605165792b8b7c9b2e22b1,08/27/2025 08:00:00 AM,1,DRIVER,,2037761,,CADILLAC,ESCALADE,IL,2014,UNKNOWN,PASSENGER,PERSONAL,S,STRAIGHT AHEAD,,,1,,,,,,,,,,,,,,,,Y,,FRONT,,,,,,,,,,,,,,,,,,,,,,,,,,,,,,,,,
2137631,2f0d7005d2f5388a3c98c5c72a555206d4af57d88aecaf9fc9d752e1130c4373dd9d2fe4b9bc8eb05a3aff1760d501b7352884f030605165792b8b7c9b2e22b1,08/27/2025 08:00:00 AM,2,DRIVER,,2037772,,DODGE,DURANGO,IL,2013,UNKNOWN,PASSENGER,PERSONAL,S,STRAIGHT AHEAD,,,1,,,,,,,,,,Y,,,,,,,,REAR,,,,,,,,,,,,,,,,,,,,,,,,,,,,,,,,,
2137734,3fc47afa19e35e15222bdf0ea08c0ad59088297852eee32cd5571aca66c2c1599afc7a4d7b3e9278947b2449f121ae6eb68d53c0317f49dbe88c94df837f2509,08/27/2025 08:00:00 AM,1,DRIVER,2,2037854,,DODGE,DURANGO,IL,2014,UNKNOWN,SPORT UTILITY VEHICLE (SUV),PERSONAL,E,STRAIGHT AHEAD,,,3,,,,,,,,,,,,,,Y,Y,Y,,FRONT-LEFT-CORNER,,,,,,,,,,,,,,,,,,,,,,,,,,,,,,,,,
2137735,3fc47afa19e35e15222bdf0ea08c0ad59088297852eee32cd5571aca66c2c1599afc7a4d7b3e9278947b2449f121ae6eb68d53c0317f49dbe88c94df837f2509,08/27/2025 08:00:00 AM,2,DRIVER,2,2037863,,LEXUS,RX,IN,2021,UNKNOWN,SPORT UTILITY VEHICLE (SUV),PERSONAL,S,STRAIGHT AHEAD,,,3,,,,,Y,Y,,,,,,,,,,Y,,FRONT-RIGHT-CORNER,,,,,,,,,,,,,,,,,,,,,,,,,,,,,,,,,
2138197,620203b05310eff001022b33e908288a835bc4865788483f10aecc5d2d72781225d350ffa609292df8804b53210dcd1fb43fb43e0a27b270c5345a4e93c1650d,08/27/2025 08:00:00 AM,1,DRIVER,,2038282,,NISSAN,MAXIMA,FL,2016,NONE,PASSENGER,PERSONAL,W,CHANGING LANES,,,1,,,,,Y,Y,,,,,,,,,,Y,,FRONT-RIGHT-CORNER,,,,,,,,,,,,,,,,,,,,,,,,,,,,,,,,,
2138198,620203b05310eff001022b33e908288a835bc4865788483f10aecc5d2d72781225d350ffa609292df8804b53210dcd1fb43fb43e0a27b270c5345a4e93c1650d,08/27/2025 08:00:00 AM,2,DRIVER,,2038296,,FORD,MUSTANG,IL,2024,NONE,PASSENGER,PERSONAL,W,STRAIGHT AHEAD,,,1,,,,,Y,Y,,,,,,,,N,N,Y,,FRONT-RIGHT-CORNER,,,,,,,,,,,,,,,,,,,,,,,,,,,,,,,,,
2137767,80d679d9d8708db18b19df33e3749901695b8d818385e81c3b342fb91193c7ce89763754d56b44568610277f0e052d2868fd1801104bd8c9c5f5e78d36d06bfd,08/27/2025 08:00:00 AM,1,DRIVER,,2037884,,UNKNOWN,MOTORIZED,,,UNKNOWN,UNKNOWN/NA,UNKNOWN/NA,S,STRAIGHT AHEAD,,,1,,,,,,,,,,,,,,,,,Y,UNKNOWN,,,,,,,,,,,,,,,,,,,,,,,,,,,,,,,,,
2137768,80d679d9d8708db18b19df33e3749901695b8d818385e81c3b342fb91193c7ce89763754d56b44568610277f0e052d2868fd1801104bd8c9c5f5e78d36d06bfd,08/27/2025 08:00:00 AM,2,PARKED,,2037891,,MAZDA,CX-5,MN,2021,NONE,PASSENGER,PERSONAL,S,PARKED,,,0,,,,,Y,,,,,,,,Y,Y,Y,Y,,SIDE-LEFT-FRONT,,,,,,,,,,,,,,,,,,,,,,,,,,,,,,,,,
2137856,8b886bbe5b0adb3c1dbe31e003ecf8e9fe41492f766e91128b6a05be4d685156a5432bdabecd90a79edaa4fc26198991bdf64dfd0ff9e6b0be5b63b965d8f469,08/27/2025 08:00:00 AM,2,PARKED,,2037975,,MERCEDES-BENZ,GLE,IL,2016,NONE,PASSENGER,NOT IN USE,E,PARKED,Y,,0,,OWNER DISCRETION,,,Y,Y,,,,,,,Y,Y,Y,Y,,SIDE-LEFT,,,,,,,,,,,,,,,,,,,,,,,,,,,,,,,,,
2137861,8b886bbe5b0adb3c1dbe31e003ecf8e9fe41492f766e91128b6a05be4d685156a5432bdabecd90a79edaa4fc26198991bdf64dfd0ff9e6b0be5b63b965d8f469,08/27/2025 08:00:00 AM,1,DRIVER,,2037968,,UNKNOWN,OTHER (EXPLAIN IN NARRATIVE),IL,,UNKNOWN,UNKNOWN/NA,UNKNOWN/NA,E,UNKNOWN/NA,,,1,,,,,,,,,,,,,,,,,Y,UNKNOWN,,,,,,,,,,,,,,,,,,,,,,,,,,,,,,,,,
2137733,9f3e73347131afb375b83a04e6a54201b0f96c833aba2e2e90b6986658f7da0cd83b50db9de9cc8736a72a0e9d8c6769df7e28e861b193501f29ded350a03e73,08/27/2025 08:00:00 AM,1,DRIVER,1,2037851,,TOYOTA,RAV4,IL,2024,NONE,SPORT UTILITY VEHICLE (SUV),PERSONAL,UNKNOWN,OTHER,,,2,,,,,,,,,,,,,,,Y,Y,,FRONT-LEFT-CORNER,,,,,,,,,,,,,,,,,,,,,,,,,,,,,,,,,
2137769,cb56fabe7547ac7f82a94be4ac0182b90b77b472d6a3b3068a4e4f5b350e93ec0e5c18234f946e5bff50027c4093eadb66d258861076b1e479746a8b8705fc8b,08/27/2025 08:00:00 AM,1,DRIVER,,2037913,,TOYOTA,RAV4,IL,2014,NONE,SPORT UTILITY VEHICLE (SUV),PERSONAL,NE,TURNING LEFT,,,1,,,,,Y,,,,,,,,,,,,,FRONT-RIGHT-CORNER,,,,,,,,,,,,,,,,,,,,,,,,,,,,,,,,,
2137770,cb56fabe7547ac7f82a94be4ac0182b90b77b472d6a3b3068a4e4f5b350e93ec0e5c18234f946e5bff50027c4093eadb66d258861076b1e479746a8b8705fc8b,08/27/2025 08:00:00 AM,2,DRIVER,,2037947,,HONDA,ACCORD,IL,2021,NONE,PASSENGER,PERSONAL,N,STRAIGHT AHEAD,,,1,,,,,,,,,,,,,Y,Y,Y,,,SIDE-LEFT-FRONT,,,,,,,,,,,,,,,,,,,,,,,,,,,,,,,,,
2137745,2d6365a860ba683222fe42f5ade4355a3e50f3a4e51a7918f88bcd2d09f22de6bf51dc880f34cde8a32e016c8a3c2590f79f6f1a966aaf1c1c1bd7acc1128281,08/27/2025 07:58:00 AM,1,DRIVER,,2037865,,SUZUKI,OTHER (EXPLAIN IN NARRATIVE),XX,2012,UNKNOWN,MOTORCYCLE (OVER 150CC),PERSONAL,N,PASSING/OVERTAKING,Y,,1,,,,,Y,Y,,,,,,,,Y,Y,Y,,FRONT-LEFT-CORNER,,,,,,,,,,,,,,,,,,,,,,,,,,,,,,,,,
2137746,2d6365a860ba683222fe42f5ade4355a3e50f3a4e51a7918f88bcd2d09f22de6bf51dc880f34cde8a32e016c8a3c2590f79f6f1a966aaf1c1c1bd7acc1128281,08/27/2025 07:58:00 AM,2,DRIVER,,2037881,Y,(UNLISTED CONSTRUCTION EQUIPMENT MAKE),(UNLISTED CONSTRUCTION EQUIPMENT MAKE),IL,2023,UNKNOWN,OTHER,CONSTRUCTION/MAINTENANCE,S,TURNING LEFT,,,1,,,,Y,,,,,,,,,,,,,,FRONT-RIGHT-CORNER,"22,088",,,,DRIVER,1,O'LEARY'S (CONTRACTORS EQUIPMENT SUPPLY INC) - RENTAL,IL,CHICAGO,,,,N,N,,N,,N,N,BOBCAT,,,,,,,,TRUCK/TRACTOR,OTHER,CONSTRUCTION EQUIPMENT,N,N,
2137709,4d41062af639093449ca91542e5bf7c140fa2f1a4d5c320d192f50c52306f2aa26cc73f8803f42783f7619fcf6f2c1e66da50831d523bdae398dcd428f203048,08/27/2025 07:58:00 AM,1,DRIVER,,2037834,,CHEVROLET,TRAVERSE,IL,2015,NONE,PASSENGER,PERSONAL,N,STRAIGHT AHEAD,,,1,,,,,,,,,,,,,,Y,,,,SIDE-LEFT-FRONT,,,,,,,,,,,,,,,,,,,,,,,,,,,,,,,,,
2137732,4d41062af639093449ca91542e5bf7c140fa2f1a4d5c320d192f50c52306f2aa26cc73f8803f42783f7619fcf6f2c1e66da50831d523bdae398dcd428f203048,08/27/2025 07:58:00 AM,2,NON-MOTOR VEHICLE,,,,,,,,,,,,,,,,,,,,,,,,,,,,,,,,,,,,,,,,,,,,,,,,,,,,,,,,,,,,,,,,,,
2138014,1466937e7d157c6affbf428e13fb3d48621d5a80eef4f01411da5cfca0bb84f1ac4081f92f00b19d82e554ad3f87ea2e7669ca43431d6d9d74cb8e6c32ae636d,08/27/2025 07:57:00 AM,1,DRIVER,,2038156,,CHEVROLET,TAHOE,MO,2009,NONE,SPORT UTILITY VEHICLE (SUV),PERSONAL,N,BACKING,,,1,,,,,,,,,,Y,,,,,,,,REAR,,,,,,,,,,,,,,,,,,,,,,,,,,,,,,,,,
2138015,1466937e7d157c6affbf428e13fb3d48621d5a80eef4f01411da5cfca0bb84f1ac4081f92f00b19d82e554ad3f87ea2e7669ca43431d6d9d74cb8e6c32ae636d,08/27/2025 07:57:00 AM,2,DRIVER,,2038177,,GENESIS,G80,IL,2025,NONE,SPORT UTILITY VEHICLE (SUV),PERSONAL,S,STRAIGHT AHEAD,,,1,,,,,,,,,,,,,,,,Y,,FRONT,,,,,,,,,,,,,,,,,,,,,,,,,,,,,,,,,
2137650,6c8b042cd7dff27533f734483da697fb902321a9581aa513523695c603f2c5dbbc46996ce558de1c6cb8257d8fa1b430c772095993a5cfb1aca8caa9e0f25e25,08/27/2025 07:56:00 AM,1,DRIVER,1,2037776,,SCION,XB,IL,2008,NONE,PASSENGER,PERSONAL,N,STRAIGHT AHEAD,,,2,,,,,,,,,,,,,,,Y,Y,,FRONT-LEFT-CORNER,,,,,,,,,,,,,,,,,,,,,,,,,,,,,,,,,
2137651,6c8b042cd7dff27533f734483da697fb902321a9581aa513523695c603f2c5dbbc46996ce558de1c6cb8257d8fa1b430c772095993a5cfb1aca8caa9e0f25e25,08/27/2025 07:56:00 AM,2,DRIVER,,2037782,,NISSAN,ALTIMA,IL,2020,NONE,PASSENGER,PERSONAL,W,STRAIGHT AHEAD,,,1,,,,,,,,,,Y,Y,Y,,,,,,REAR-LEFT-CORNER,,,,,,,,,,,,,,,,,,,,,,,,,,,,,,,,,
2137691,d14a9399cdff2038a855855bd411205d3dca96e8087c2bad92c2f62302c0fd98106608a91fab71b843b5fe452021777d4237599e15667ec3842d928f05f34abe,08/27/2025 07:50:00 AM,1,DRIVER,,2037814,,FORD,EXPLORER,IL,2011,UNKNOWN,PASSENGER,PERSONAL,N,TURNING LEFT,,,1,,,,,Y,,,,,,,,,,N,,,FRONT-RIGHT-CORNER,,,,,,,,,,,,,,,,,,,,,,,,,,,,,,,,,
2137692,d14a9399cdff2038a855855bd411205d3dca96e8087c2bad92c2f62302c0fd98106608a91fab71b843b5fe452021777d4237599e15667ec3842d928f05f34abe,08/27/2025 07:50:00 AM,2,DRIVER,,2037829,,(HOMEMADE TRAILER),(HOMEMADE TRAILER),IL,2014,UNKNOWN,TRACTOR W/ SEMI-TRAILER,CONSTRUCTION/MAINTENANCE,N,STRAIGHT AHEAD,,,1,,,,,,,,,,,,,Y,,,,,SIDE-LEFT,,,,,,,,,,,,,,,,,,,,,,,,,,,,,,,,,
2137675,e441afd84d7d8cd22486a7dbb7bb27b00c1f581240ac6d57f9639e45883567c315b154faebcbd59a0bc815eee2d6d24f9eac9a277ae4ff2d37b499f5e1e8da49,08/27/2025 07:50:00 AM,1,DRIVER,1,2037798,,CHEVROLET,CRUZE,IL,2017,UNKNOWN,PASSENGER,PERSONAL,S,TURNING LEFT,Y,,2,,private tow,unknown,,Y,Y,Y,Y,,,,,,,,,,SIDE-RIGHT,,,,,,,,,,,,,,,,,,,,,,,,,,,,,,,,,
2137676,e441afd84d7d8cd22486a7dbb7bb27b00c1f581240ac6d57f9639e45883567c315b154faebcbd59a0bc815eee2d6d24f9eac9a277ae4ff2d37b499f5e1e8da49,08/27/2025 07:50:00 AM,2,DRIVER,,2037812,,DODGE,OTHER (EXPLAIN IN NARRATIVE),WI,2018,UNKNOWN,VAN/MINI-VAN,UNKNOWN/NA,N,STRAIGHT AHEAD,Y,,1,,E & R,pound#2,,Y,,,,,,,,,,Y,Y,,FRONT,,,,,,,,,,,,,,,,,,,,,,,,,,,,,,,,,
2137652,ed3610894c80ad7889181dc96e01fb5464c370c9c758cbcbff5ae6a734d88eee072986feafa5d342ee83b01f206efe71f3089a199744eedc1068c18ba35f6725,08/27/2025 07:50:00 AM,1,DRIVER,2,2037778,,FORD,FOCUS,OH,2016,UNKNOWN,PASSENGER,PERSONAL,E,STRAIGHT AHEAD,,,3,,,,,,,,,,,,,,Y,Y,Y,,FRONT-LEFT-CORNER,,,,,,,,,,,,,,,,,,,,,,,,,,,,,,,,,
2137653,ed3610894c80ad7889181dc96e01fb5464c370c9c758cbcbff5ae6a734d88eee072986feafa5d342ee83b01f206efe71f3089a199744eedc1068c18ba35f6725,08/27/2025 07:50:00 AM,2,DRIVER,,2037781,,TESLA,MODEL X,TX,2016,NONE,PASSENGER,PERSONAL,SE,TURNING RIGHT,,,1,,,,,Y,Y,Y,Y,Y,,,,,,,,,SIDE-RIGHT,,,,,,,,,,,,,,,,,,,,,,,,,,,,,,,,,
2137898,f629b4f6c1598ab71cba29d78b55f8c3e38c6605aca8215e2199473c0028ca847680a9468e8cd07714fe0234a57077194ee8776233046c8ed82a1dbc71191456,08/27/2025 07:50:00 AM,1,DRIVER,,2038004,,PONTIAC,OTHER (EXPLAIN IN NARRATIVE),IL,2010,NONE,PASSENGER,PERSONAL,W,STRAIGHT AHEAD,,,1,,,,,,,,,,,,,,,,Y,,FRONT,,,,,,,,,,,,,,,,,,,,,,,,,,,,,,,,,
2137899,f629b4f6c1598ab71cba29d78b55f8c3e38c6605aca8215e2199473c0028ca847680a9468e8cd07714fe0234a57077194ee8776233046c8ed82a1dbc71191456,08/27/2025 07:50:00 AM,2,DRIVER,,2038010,,SUBARU,IMPREZA,IL,2011,NONE,PASSENGER,PERSONAL,W,STRAIGHT AHEAD,,,1,,,,,,,,,,Y,,,,,,,,REAR,,,,,,,,,,,,,,,,,,,,,,,,,,,,,,,,,
2137644,ad963bbaa25b91e74cfc39a6196e0e1d2f0bfed0cbdfeefc8035c9d3d82314561bda03cc34443b4069b2af4cb1a56db674ed7843ec9586575c26e1757ae1f876,08/27/2025 07:45:00 AM,1,DRIVER,,2037785,,ALFA ROMEO,ALFA 6,IL,2020,UNKNOWN,PASSENGER,PERSONAL,UNKNOWN,STRAIGHT AHEAD,,,1,,,,,,,,,,,,,,,,,Y,FRONT,,,,,,,,,,,,,,,,,,,,,,,,,,,,,,,,,
2137645,ad963bbaa25b91e74cfc39a6196e0e1d2f0bfed0cbdfeefc8035c9d3d82314561bda03cc34443b4069b2af4cb1a56db674ed7843ec9586575c26e1757ae1f876,08/27/2025 07:45:00 AM,2,DRIVER,,2037795,,FORD,TRANSIT,IL,2023,UNKNOWN,UNKNOWN/NA,OTHER,UNKNOWN,STRAIGHT AHEAD,,,1,,,,,,,,,,Y,,,,,,,,REAR,,,,,,,,,,,,,,,,,,,,,,,,,,,,,,,,,
2137619,2cba69b29c003424a515cf311690868dfabe0b30c4b9fff1523b45f16869701b29bdee94954026ca438445fe106ea7e68975570c7768a126e2b857a44e26f1f6,08/27/2025 07:40:00 AM,1,DRIVER,,2037743,,UNKNOWN,OTHER (EXPLAIN IN NARRATIVE),,,UNKNOWN,PASSENGER,PERSONAL,E,PASSING/OVERTAKING,,,1,,,,,,,,,,,,,,,,,Y,UNKNOWN,,,,,,,,,,,,,,,,,,,,,,,,,,,,,,,,,
2137620,2cba69b29c003424a515cf311690868dfabe0b30c4b9fff1523b45f16869701b29bdee94954026ca438445fe106ea7e68975570c7768a126e2b857a44e26f1f6,08/27/2025 07:40:00 AM,2,DRIVER,,2037747,,FORD,ESCAPE,IL,2010,NONE,SPORT UTILITY VEHICLE (SUV),PERSONAL,E,STRAIGHT AHEAD,,,1,,,,,,,,,,,,,,,,,Y,SIDE-RIGHT,,,,,,,,,,,,,,,,,,,,,,,,,,,,,,,,,
2137634,37c710956ac1db1f6f9861e9cdc5a2cd12f9ce866a512046ad1df454cceba17f9b0545417ba187664ffe8754b1329f79bdb7c9fb75740fe863c2b777bb20c342,08/27/2025 07:40:00 AM,1,DRIVER,,2037760,,FORD,FOCUS,IL,2006,NONE,PASSENGER,PERSONAL,W,AVOIDING VEHICLES/OBJECTS,,,1,,,,,Y,,,,,,,,,,,,,FRONT-RIGHT-CORNER,,,,,,,,,,,,,,,,,,,,,,,,,,,,,,,,,