CRASH_UNIT_ID,CRASH_RECORD_ID,CRASH_DATE,UNIT_NO,UNIT_TYPE,NUM_PASSENGERS,VEHICLE_ID,CMRC_VEH_I,MAKE,MODEL,LIC_PLATE_STATE,VEHICLE_YEAR,VEHICLE_DEFECT,VEHICLE_TYPE,VEHICLE_USE,TRAVEL_DIRECTION,MANEUVER,TOWED_I,FIRE_I,OCCUPANT_CNT,EXCEED_SPEED_LIMIT_I,TOWED_BY,TOWED_TO,AREA_00_I,AREA_01_I,AREA_02_I,AREA_03_I,AREA_04_I,AREA_05_I,AREA_06_I,AREA_07_I,AREA_08_I,AREA_09_I,AREA_10_I,AREA_11_I,AREA_12_I,AREA_99_I,FIRST_CONTACT_POINT,CMV_ID,USDOT_NO,CCMC_NO,ILCC_NO,COMMERCIAL_SRC,GVWR,CARRIER_NAME,CARRIER_STATE,CARRIER_CITY,HAZMAT_PLACARDS_I,HAZMAT_NAME,UN_NO,HAZMAT_PRESENT_I,HAZMAT_REPORT_I,HAZMAT_REPORT_NO,MCS_REPORT_I,MCS_REPORT_NO,HAZMAT_VIO_CAUSE_CRASH_I,MCS_VIO_CAUSE_CRASH_I,IDOT_PERMIT_NO,WIDE_LOAD_I,TRAILER1_WIDTH,TRAILER2_WIDTH,TRAILER1_LENGTH,TRAILER2_LENGTH,TOTAL_VEHICLE_LENGTH,AXLE_CNT,VEHICLE_CONFIG,CARGO_BODY_TYPE,LOAD_TYPE,HAZMAT_OUT_OF_SERVICE_I,MCS_OUT_OF_SERVICE_I,HAZMAT_CLASS
2137635,37c710956ac1db1f6f9861e9cdc5a2cd12f9ce866a512046ad1df454cceba17f9b0545417ba187664ffe8754b1329f79bdb7c9fb75740fe863c2b777bb20c342,08/27/2025 07:40:00 AM,2,PARKED,,2037767,,TOYOTA,COROLLA,IL,,NONE,PASSENGER,PERSONAL,W,PARKED,,,0,,,,,,,,,,Y,Y,,,,,,,REAR-LEFT-CORNER,,,,,,,,,,,,,,,,,,,,,,,,,,,,,,,,,
2137804,6c3f7af36ef27f577d5274898e5d2e80509f3fa8fb04869772be7f79662d2be00295e1acfd47f2b084c74b900c2bb7fbe8bdd5ed3015f312998cc367efaef0f0,08/27/2025 07:40:00 AM,1,DRIVER,,2037944,,UNKNOWN,ENCLOSED BODY,IL,,UNKNOWN,PASSENGER,UNKNOWN/NA,E,PASSING/OVERTAKING,,,1,,,,,,,,,,,,,,,,,Y,UNKNOWN,,,,,,,,,,,,,,,,,,,,,,,,,,,,,,,,,
2137830,6c3f7af36ef27f577d5274898e5d2e80509f3fa8fb04869772be7f79662d2be00295e1acfd47f2b084c74b900c2bb7fbe8bdd5ed3015f312998cc367efaef0f0,08/27/2025 07:40:00 AM,2,BICYCLE,,,,,,,,,,,,,,,,,,,,,,,,,,,,,,,,,,,,,,,,,,,,,,,,,,,,,,,,,,,,,,,,,,
2138216,6e5eca4f067768d7b2673ae2a829d45d346db76eafc1fa49d1deee3487a9ad5eb5501f4aa353aa00c428d9618996d8cb6d899672bf234f25db89538181699a02,08/27/2025 07:40:00 AM,1,DRIVER,,2038307,,UNKNOWN,OTHER (EXPLAIN IN NARRATIVE),,,UNKNOWN,PASSENGER,UNKNOWN/NA,E,STRAIGHT AHEAD,,,1,,,,,,,,,,,,,,,,,Y,UNKNOWN,,,,,,,,,,,,,,,,,,,,,,,,,,,,,,,,,
2138217,6e5eca4f067768d7b2673ae2a829d45d346db76eafc1fa49d1deee3487a9ad5eb5501f4aa353aa00c428d9618996d8cb6d899672bf234f25db89538181699a02,08/27/2025 07:40:00 AM,2,PEDESTRIAN,,,,,,,,,,,,,,,,,,,,,,,,,,,,,,,,,,,,,,,,,,,,,,,,,,,,,,,,,,,,,,,,,,
2137654,ade93728e826ef2cae394a9b6fcf9ef40cee65dc9ca958efd5c523307743725a01d8de714e00f1137c2f7a3eb3bf1dda535ad8f1b726e296a358b88619e1dd00,08/27/2025 07:40:00 AM,1,DRIVER,,2037777,,TOYOTA,HIGHLANDER,IL,2010,NONE,SPORT UTILITY VEHICLE (SUV),PERSONAL,E,TURNING LEFT,,,1,,,,,Y,Y,,,,,,,,,,,,FRONT-RIGHT-CORNER,,,,,,,,,,,,,,,,,,,,,,,,,,,,,,,,,
2137655,ade93728e826ef2cae394a9b6fcf9ef40cee65dc9ca958efd5c523307743725a01d8de714e00f1137c2f7a3eb3bf1dda535ad8f1b726e296a358b88619e1dd00,08/27/2025 07:40:00 AM,2,DRIVER,,2037803,,HYUNDAI,TUCSON,IL,2020,NONE,SPORT UTILITY VEHICLE (SUV),PERSONAL,E,TURNING LEFT,,,1,,,,,,,,,,,,,,Y,Y,,,FRONT-LEFT-CORNER,,,,,,,,,,,,,,,,,,,,,,,,,,,,,,,,,
2138795,ca078d9e3e6a9eca2f844735d4f363deadcf6fd126f0768ddeb395c2c0b8f5b759192c318378450231d41955b6fe6249f9d74284a3126be56425853b8516dded,08/27/2025 07:40:00 AM,1,DRIVER,,2038840,,JEEP,CHEROKEE,WI,2019,UNKNOWN,PASSENGER,PERSONAL,E,STRAIGHT AHEAD,,,1,,,,,,,,,,,,,,,,Y,,FRONT,,,,,,,,,,,,,,,,,,,,,,,,,,,,,,,,,
2138796,ca078d9e3e6a9eca2f844735d4f363deadcf6fd126f0768ddeb395c2c0b8f5b759192c318378450231d41955b6fe6249f9d74284a3126be56425853b8516dded,08/27/2025 07:40:00 AM,2,DRIVER,1,2038841,,FORD,E-TRANSIT,IL,2018,UNKNOWN,VAN/MINI-VAN,OTHER,E,STRAIGHT AHEAD,,,2,,,,,,,,,,Y,,,,,,,,REAR,,,,,,,,,,,,,,,,,,,,,,,,,,,,,,,,,
2139481,f65661e9926d02c820ec42f727f887b092bc79286e6a97d96fed6dbaf7678de07dc1c26478aac8b10c11dd5b163f33c7d8077cb2152680a2a438d4cf479f76b2,08/27/2025 07:30:00 AM,1,DRIVER,,2039514,,FORD,ESCAPE,IL,2010,UNKNOWN,PASSENGER,UNKNOWN/NA,E,PASSING/OVERTAKING,,,1,,,,,,,,,,,,,,,,,Y,SIDE-RIGHT,,,,,,,,,,,,,,,,,,,,,,,,,,,,,,,,,
2139482,f65661e9926d02c820ec42f727f887b092bc79286e6a97d96fed6dbaf7678de07dc1c26478aac8b10c11dd5b163f33c7d8077cb2152680a2a438d4cf479f76b2,08/27/2025 07:30:00 AM,2,DRIVER,,2039521,,CHEVROLET,CAMARO,IL,2017,NONE,PASSENGER,PERSONAL,E,STRAIGHT AHEAD,,,1,,,,,,,,,,,,Y,Y,Y,,,,SIDE-LEFT-REAR,,,,,,,,,,,,,,,,,,,,,,,,,,,,,,,,,
2138157,25edb387c2c79acd5c306526d27a38a82d5408b8ec175175b948848e2901916bfd1a4bda32c16547d30ceee509cb2881c1de71db71015ab8017204f3768d9d72,08/27/2025 07:29:00 AM,1,DRIVER,,2038302,,LEXUS,RX350,IL,2010,NONE,SPORT UTILITY VEHICLE (SUV),PERSONAL,NE,MERGING,,,1,,,,,,,,,,,,,,,,,,FRONT,,,,,,,,,,,,,,,,,,,,,,,,,,,,,,,,,
2138158,25edb387c2c79acd5c306526d27a38a82d5408b8ec175175b948848e2901916bfd1a4bda32c16547d30ceee509cb2881c1de71db71015ab8017204f3768d9d72,08/27/2025 07:29:00 AM,2,DRIVER,,2038310,,DODGE,CHARGER,IL,2008,NONE,PASSENGER,PERSONAL,NE,STRAIGHT AHEAD,,,1,,,,,,Y,Y,Y,,,,,,,,,,SIDE-RIGHT,,,,,,,,,,,,,,,,,,,,,,,,,,,,,,,,,
2138235,f3e20605f9b60eb565d7d51f74965c68b47b06bcee9e1694ffe2188da3f6f740fc0733565db6b0da6f4ac0031de773c083225fc44094c3f7c5634e2a3215fdf6,08/27/2025 07:28:00 AM,1,DRIVER,,2038315,,DODGE,CHARGER,IL,2008,UNKNOWN,PASSENGER,UNKNOWN/NA,N,UNKNOWN/NA,,,1,,,,,Y,,,,,,,,,,,,,FRONT-RIGHT-CORNER,,,,,,,,,,,,,,,,,,,,,,,,,,,,,,,,,
2138236,f3e20605f9b60eb565d7d51f74965c68b47b06bcee9e1694ffe2188da3f6f740fc0733565db6b0da6f4ac0031de773c083225fc44094c3f7c5634e2a3215fdf6,08/27/2025 07:28:00 AM,2,DRIVER,,2038324,,LEXUS,RX350,IL,2010,NONE,PASSENGER,PERSONAL,N,OTHER,,,1,,,,,,,,,,,,,,Y,Y,,,SIDE-LEFT,,,,,,,,,,,,,,,,,,,,,,,,,,,,,,,,,
2138074,11e2fd6febc5f30d4f291d76aee77ae8e55642b60ac2152b72bfb5d79b02c39d6a0656607c61ca75ae302e6a220952e0e92dd8f9225c1d9e1551893dd7f73836,08/27/2025 07:24:00 AM,1,DRIVER,,2038157,,UNKNOWN,MOTORIZED,,,UNKNOWN,BUS OVER 15 PASS.,PERSONAL,E,STRAIGHT AHEAD,,,1,,,,,,,Y,,,,,,,,,,,SIDE-RIGHT,,,,,,,,,,,,,,,,,,,,,,,,,,,,,,,,,
2138075,11e2fd6febc5f30d4f291d76aee77ae8e55642b60ac2152b72bfb5d79b02c39d6a0656607c61ca75ae302e6a220952e0e92dd8f9225c1d9e1551893dd7f73836,08/27/2025 07:24:00 AM,2,PARKED,3,2038168,,NISSAN,ROGUE,IL,2016,NONE,SPORT UTILITY VEHICLE (SUV),PERSONAL,E,PARKED,,,3,,,,,,,,,,,,,Y,Y,,,,SIDE-LEFT,,,,,,,,,,,,,,,,,,,,,,,,,,,,,,,,,
2137840,7c1f1776e236a75358c2948abd28dd5c7f1f0fc060a40488a2a9baacc3a69efe1788522294b79ab9cbd4e515229e5abbf8f972cac1fa9be87179b05255bdd8bd,08/27/2025 07:19:00 AM,1,DRIVER,,2037950,,TOYOTA,CAMRY,IL,2014,NONE,PASSENGER,PERSONAL,W,STRAIGHT AHEAD,Y,,1,,AAA,,,Y,,,,,,,,,,Y,Y,,FRONT,,,,,,,,,,,,,,,,,,,,,,,,,,,,,,,,,
2137841,7c1f1776e236a75358c2948abd28dd5c7f1f0fc060a40488a2a9baacc3a69efe1788522294b79ab9cbd4e515229e5abbf8f972cac1fa9be87179b05255bdd8bd,08/27/2025 07:19:00 AM,2,DRIVER,,2037955,,TOYOTA,HIGHLANDER,IL,2004,NONE,PASSENGER,PERSONAL,W,SLOW/STOP IN TRAFFIC,,,1,,,,,,,,,Y,Y,Y,,,,,,,REAR,,,,,,,,,,,,,,,,,,,,,,,,,,,,,,,,,
2137628,10d4544a144db3396a6c5879308601f0970e31e8594b541deed26021dec4fb9aaadb25e3e2b01ff05312ad778f7ee0d1846243b7d96bfb269dd4d93c6e8a1124,08/27/2025 07:17:00 AM,1,DRIVER,,2037759,,TOYOTA,CAMRY,FL,2018,NONE,PASSENGER,PERSONAL,E,TURNING LEFT,,,1,,,,,,,,,,,,,,Y,Y,Y,,FRONT-LEFT-CORNER,,,,,,,,,,,,,,,,,,,,,,,,,,,,,,,,,
2137629,10d4544a144db3396a6c5879308601f0970e31e8594b541deed26021dec4fb9aaadb25e3e2b01ff05312ad778f7ee0d1846243b7d96bfb269dd4d93c6e8a1124,08/27/2025 07:17:00 AM,2,DRIVER,,2037766,,JEEP,COMMANDER,IL,2007,NONE,PASSENGER,PERSONAL,S,STRAIGHT AHEAD,,,1,,,,,,,,,,,,,,,Y,,,FRONT-LEFT-CORNER,,,,,,,,,,,,,,,,,,,,,,,,,,,,,,,,,
2137604,2fd12397863b5d76da9fbfd3a1f022db5d26ee5be12b411f23e7b269e0c844500d446edb9c101cf17e64d53a5894bf563e233f15351ba38b61f52724b06fdfa7,08/27/2025 07:16:00 AM,1,DRIVER,,2037736,,TOYOTA,HIGHLANDER,IL,2004,UNKNOWN,PASSENGER,PERSONAL,E,STRAIGHT AHEAD,,,1,,,,,,,,,,,,,,,,Y,,FRONT,,,,,,,,,,,,,,,,,,,,,,,,,,,,,,,,,
2137605,2fd12397863b5d76da9fbfd3a1f022db5d26ee5be12b411f23e7b269e0c844500d446edb9c101cf17e64d53a5894bf563e233f15351ba38b61f52724b06fdfa7,08/27/2025 07:16:00 AM,2,DRIVER,,2037739,,KIA,SORENTO,IL,2024,UNKNOWN,PASSENGER,PERSONAL,E,STRAIGHT AHEAD,,,1,,,,,,,,,,Y,,,,,,,,REAR,,,,,,,,,,,,,,,,,,,,,,,,,,,,,,,,,
2137638,c1b1c010967219535d28172b61d9393f788bfc323c1920873075f9e8b0b90122a17f463872aaffa41e0df423fc6316ab58777a7c7e073ace4ceeb7094c654ed0,08/27/2025 07:16:00 AM,1,DRIVER,,2037765,,CHEVROLET,SILVERADO,IL,2000,UNKNOWN,PICKUP,UNKNOWN/NA,N,PASSING/OVERTAKING,,,1,,,,,,Y,,,,,,,,,,,,SIDE-RIGHT,,,,,,,,,,,,,,,,,,,,,,,,,,,,,,,,,
2137639,c1b1c010967219535d28172b61d9393f788bfc323c1920873075f9e8b0b90122a17f463872aaffa41e0df423fc6316ab58777a7c7e073ace4ceeb7094c654ed0,08/27/2025 07:16:00 AM,2,DRIVER,1,2037774,,CHEVROLET,OTHER (EXPLAIN IN NARRATIVE),IL,2025,NONE,BUS OVER 15 PASS.,SCHOOL BUS,N,SLOW/STOP IN TRAFFIC,,,2,,,,,,,,,,,,,,,,,,SIDE-LEFT,,,,,,,,,,,,,,,,,,,,,,,,,,,,,,,,,
2137640,070dc1ba8e6f935a25a072e587f1eaaabc94a3ca4e274032e6d4c23f8a318460f55e5b23b96017e44b9cfde561021e7fdf683dafc31c509429efbcb7f7b5044d,08/27/2025 07:15:00 AM,1,DRIVER,,2037769,,CHEVROLET,SUBURBAN,IL,2016,NONE,PASSENGER,PERSONAL,E,STRAIGHT AHEAD,Y,,1,,insurance tow,7916 w grand ave,,Y,,,,,,,,,,Y,Y,Y,FRONT,,,,,,,,,,,,,,,,,,,,,,,,,,,,,,,,,
2137641,070dc1ba8e6f935a25a072e587f1eaaabc94a3ca4e274032e6d4c23f8a318460f55e5b23b96017e44b9cfde561021e7fdf683dafc31c509429efbcb7f7b5044d,08/27/2025 07:15:00 AM,2,DRIVER,,2037775,,DODGE,SPIRIT,IL,2006,NONE,VAN/MINI-VAN,PERSONAL,E,STRAIGHT AHEAD,Y,,1,,city,701 s sacremento,,,,,,Y,Y,Y,,,,,,Y,REAR,,,,,,,,,,,,,,,,,,,,,,,,,,,,,,,,,
2137612,3b0e7a6a830947dffaf16e6292e25ddb9bc4e8029f1996e9332f316d153344e72c2abf09b5380b2a1d56bc7f4aa036d101d39b21f7e76f01dcca992020cf60c9,08/27/2025 07:15:00 AM,1,DRIVER,,2037741,,HONDA,CIVIC,IL,2025,UNKNOWN,PASSENGER,UNKNOWN/NA,W,CHANGING LANES,,,1,,,,,,,,,,,,,,,,,Y,UNKNOWN,,,,,,,,,,,,,,,,,,,,,,,,,,,,,,,,,
2137613,3b0e7a6a830947dffaf16e6292e25ddb9bc4e8029f1996e9332f316d153344e72c2abf09b5380b2a1d56bc7f4aa036d101d39b21f7e76f01dcca992020cf60c9,08/27/2025 07:15:00 AM,2,DRIVER,,2037750,,NISSAN,ARMADA,IL,2004,NONE,SPORT UTILITY VEHICLE (SUV),PERSONAL,W,STRAIGHT AHEAD,,,1,,,,,,,,Y,Y,,,,,,,,,SIDE-RIGHT-REAR,,,,,,,,,,,,,,,,,,,,,,,,,,,,,,,,,
2137591,f3714e2e139f23bdb757064cc976a8173d18d2f4465e5ac7a744422dd31582253451cc2a6ad22e893f3ac0fd8a0f0aab4f02d1a004a83e32e12266138e63575a,08/27/2025 07:15:00 AM,1,DRIVER,,2037733,,LEXUS,ES300,IL,2013,NONE,PASSENGER,PERSONAL,N,STRAIGHT AHEAD,,,1,,,,,Y,,,,,,,,,,Y,Y,,FRONT,,,,,,,,,,,,,,,,,,,,,,,,,,,,,,,,,
2137592,f3714e2e139f23bdb757064cc976a8173d18d2f4465e5ac7a744422dd31582253451cc2a6ad22e893f3ac0fd8a0f0aab4f02d1a004a83e32e12266138e63575a,08/27/2025 07:15:00 AM,2,DRIVER,1,2037735,,VOLKSWAGEN,JETTA,IL,2017,NONE,PASSENGER,RIDESHARE SERVICE,N,STRAIGHT AHEAD,,,2,,,,,Y,,,,Y,Y,Y,,,,Y,Y,,REAR,,,,,,,,,,,,,,,,,,,,,,,,,,,,,,,,,
2137593,f3714e2e139f23bdb757064cc976a8173d18d2f4465e5ac7a744422dd31582253451cc2a6ad22e893f3ac0fd8a0f0aab4f02d1a004a83e32e12266138e63575a,08/27/2025 07:15:00 AM,3,DRIVER,,2037738,,DODGE,CHARGER,IL,2014,NONE,PASSENGER,PERSONAL,N,STRAIGHT AHEAD,,,1,,,,,,,,,Y,Y,Y,,,,,,,REAR,,,,,,,,,,,,,,,,,,,,,,,,,,,,,,,,,
2137626,f71b3a5a4c85aba916136790dee1725fdb6cce30121ebaee30d700241981db764437fe9585f1f98dab3770ffc42cf7d475d6b877e7526ba659ecc7049b5228f6,08/27/2025 07:15:00 AM,1,DRIVER,,2037753,,HONDA,OTHER (EXPLAIN IN NARRATIVE),,,UNKNOWN,VAN/MINI-VAN,UNKNOWN/NA,N,CHANGING LANES,,,1,,,,,,,,,,,,,,,,,Y,UNKNOWN,,,,,,,,,,,,,,,,,,,,,,,,,,,,,,,,,
2137627,f71b3a5a4c85aba916136790dee1725fdb6cce30121ebaee30d700241981db764437fe9585f1f98dab3770ffc42cf7d475d6b877e7526ba659ecc7049b5228f6,08/27/2025 07:15:00 AM,2,DRIVER,,2037749,,NISSAN,SENTRA,IL,2012,NONE,PASSENGER,PERSONAL,N,STRAIGHT AHEAD,,,1,,,,,,,,,,,,Y,Y,,,,,SIDE-LEFT,,,,,,,,,,,,,,,,,,,,,,,,,,,,,,,,,
2138249,926b40036ea6f2a8dd38c1bca9d8a7346c26a4919502f923b19ec1b83d22f72b27a6186968e242d93a63ffe865b5a88bde2f51cee1dae1633571ba04300416b7,08/27/2025 07:12:00 AM,1,DRIVER,,2038335,,VOLKSWAGEN,JETTA,IL,2021,UNKNOWN,PASSENGER,PERSONAL,E,MERGING,,,1,,,,,,,,,,,,,,,Y,,,FRONT-LEFT-CORNER,,,,,,,,,,,,,,,,,,,,,,,,,,,,,,,,,
2138250,926b40036ea6f2a8dd38c1bca9d8a7346c26a4919502f923b19ec1b83d22f72b27a6186968e242d93a63ffe865b5a88bde2f51cee1dae1633571ba04300416b7,08/27/2025 07:12:00 AM,2,DRIVER,1,2038339,,VOLKSWAGEN,TIGUAN,IL,2018,NONE,SPORT UTILITY VEHICLE (SUV),PERSONAL,E,SLOW/STOP IN TRAFFIC,,,2,,,,,,,Y,Y,Y,,,,,,,,,SIDE-RIGHT-REAR,,,,,,,,,,,,,,,,,,,,,,,,,,,,,,,,,
2137677,aa040c2aad955b161637201e6199cd64c52cb2b66f063b6d9421667f6c8dec7a4beaf502229cc0e74b5bf01130c60ff3aeb3cc29b0f82e5ea274beaa22ba996a,08/27/2025 07:06:00 AM,1,DRIVER,,2037801,,BUICK,ENCORE,IL,2016,NONE,PASSENGER,PERSONAL,S,TURNING LEFT,Y,,1,,ALL ZION TOWING,5207 W CONGRESS,,,,,,,,,,,Y,Y,Y,,FRONT-LEFT-CORNER,,,,,,,,,,,,,,,,,,,,,,,,,,,,,,,,,
2137678,aa040c2aad955b161637201e6199cd64c52cb2b66f063b6d9421667f6c8dec7a4beaf502229cc0e74b5bf01130c60ff3aeb3cc29b0f82e5ea274beaa22ba996a,08/27/2025 07:06:00 AM,2,DRIVER,,2037809,,LINCOLN,CONTINENTAL,IL,1998,NONE,PASSENGER,PERSONAL,N,STRAIGHT AHEAD,,,1,,,,,Y,Y,,,,,,,,,,,,FRONT-RIGHT-CORNER,,,,,,,,,,,,,,,,,,,,,,,,,,,,,,,,,
2137623,a16368f106683b732d092c0591eed0ac429b2da00e38875da91c1b92cd94ca39a504357f2f0af2f8492e72ca8df46cf444cecdcea3b6f0ea00cbe6c991fff959,08/27/2025 07:00:00 AM,1,DRIVER,,2037888,,JEEP,GLADIATOR,TX,2023,NONE,SPORT UTILITY VEHICLE (SUV),PERSONAL,E,CHANGING LANES,Y,,1,,,,,,,,Y,Y,,,,,,Y,,,REAR-RIGHT-CORNER,,,,,,,,,,,,,,,,,,,,,,,,,,,,,,,,,
2137624,a16368f106683b732d092c0591eed0ac429b2da00e38875da91c1b92cd94ca39a504357f2f0af2f8492e72ca8df46cf444cecdcea3b6f0ea00cbe6c991fff959,08/27/2025 07:00:00 AM,2,DRIVER,,2037897,,TESLA,MODEL S,IL,2023,NONE,PASSENGER,PERSONAL,E,STRAIGHT AHEAD,Y,,1,,,,,,,,,,,,,,,Y,Y,,FRONT-LEFT-CORNER,,,,,,,,,,,,,,,,,,,,,,,,,,,,,,,,,
2137625,a16368f106683b732d092c0591eed0ac429b2da00e38875da91c1b92cd94ca39a504357f2f0af2f8492e72ca8df46cf444cecdcea3b6f0ea00cbe6c991fff959,08/27/2025 07:00:00 AM,3,DRIVER,,2037916,,VOLKSWAGEN,TIGUAN,IL,2022,NONE,SPORT UTILITY VEHICLE (SUV),PERSONAL,E,STRAIGHT AHEAD,,,1,,,,,,,,,Y,,,,,,,,,REAR-RIGHT-CORNER,,,,,,,,,,,,,,,,,,,,,,,,,,,,,,,,,
2137602,d540395a9c3318f5afbb8e0dd290bbaf30c4ff746bb58eaf88b21df8c458275c301c19b33d2e80d9f8737038c2f6b74a26136495fcb0b833fd86cc814b903846,08/27/2025 07:00:00 AM,1,DRIVER,1,2037734,,TOYOTA,OTHER (EXPLAIN IN NARRATIVE),IL,2010,UNKNOWN,PASSENGER,PERSONAL,W,PASSING/OVERTAKING,,,2,,,,,Y,Y,,,,,,,,,,,,SIDE-RIGHT-FRONT,,,,,,,,,,,,,,,,,,,,,,,,,,,,,,,,,
2137603,d540395a9c3318f5afbb8e0dd290bbaf30c4ff746bb58eaf88b21df8c458275c301c19b33d2e80d9f8737038c2f6b74a26136495fcb0b833fd86cc814b903846,08/27/2025 07:00:00 AM,2,DRIVER,,2037746,,BMW,OTHER (EXPLAIN IN NARRATIVE),IL,2008,UNKNOWN,PASSENGER,PERSONAL,W,STRAIGHT AHEAD,,,1,,,,,,,,,,,Y,Y,Y,,,,,SIDE-LEFT-REAR,,,,,,,,,,,,,,,,,,,,,,,,,,,,,,,,,
2137596,f05cfe0f55f500dc0110dd8ac50405c65573a2e8beb30254d56d5c431b96c828f3b216c715a32434a30f9bcac81c43d3cde77395836c979749e6a3d1f2c9c516,08/27/2025 06:57:00 AM,1,DRIVER,,2037727,,LEXUS,ES350,IL,2008,NONE,PASSENGER,PERSONAL,W,STRAIGHT AHEAD,,,1,,,,,Y,,,,,,,,,,Y,Y,,FRONT,,,,,,,,,,,,,,,,,,,,,,,,,,,,,,,,,
2137597,f05cfe0f55f500dc0110dd8ac50405c65573a2e8beb30254d56d5c431b96c828f3b216c715a32434a30f9bcac81c43d3cde77395836c979749e6a3d1f2c9c516,08/27/2025 06:57:00 AM,2,DRIVER,,2037730,,TOYOTA,COROLLA,IL,2024,NONE,PASSENGER,PERSONAL,S,STRAIGHT AHEAD,Y,,1,,private,,,,,,,,,Y,Y,Y,Y,Y,,,SIDE-LEFT,,,,,,,,,,,,,,,,,,,,,,,,,,,,,,,,,
2137598,f05cfe0f55f500dc0110dd8ac50405c65573a2e8beb30254d56d5c431b96c828f3b216c715a32434a30f9bcac81c43d3cde77395836c979749e6a3d1f2c9c516,08/27/2025 06:57:00 AM,3,DRIVER,,2037732,,HYUNDAI,SANTA FE,IL,2021,NONE,SPORT UTILITY VEHICLE (SUV),PERSONAL,N,STRAIGHT AHEAD,,,1,,,,Y,,,,,,,,,,,,,,SIDE-RIGHT,,,,,,,,,,,,,,,,,,,,,,,,,,,,,,,,,
2137822,a82967ebdc54863c2e2e3a2cd5d30deebeddf6f1dd5f110fdca2749928c36248981bb843a7ad89ba6c14c22d46786e2846d2fed5124c6383df33a9c3738ea811,08/27/2025 06:50:00 AM,1,DRIVER,,2037931,,SUZUKI,SX4,IL,2013,NONE,PASSENGER,PERSONAL,E,STRAIGHT AHEAD,,,1,,,,,,,,,,,,,,,Y,,,FRONT-LEFT-CORNER,,,,,,,,,,,,,,,,,,,,,,,,,,,,,,,,,
2137823,a82967ebdc54863c2e2e3a2cd5d30deebeddf6f1dd5f110fdca2749928c36248981bb843a7ad89ba6c14c22d46786e2846d2fed5124c6383df33a9c3738ea811,08/27/2025 06:50:00 AM,2,DRIVER,,2037935,,UNKNOWN,OTHER (EXPLAIN IN NARRATIVE),,,UNKNOWN,SPORT UTILITY VEHICLE (SUV),UNKNOWN/NA,E,STRAIGHT AHEAD,,,1,,,,,,,,,Y,,,,,,,,,REAR-RIGHT-CORNER,,,,,,,,,,,,,,,,,,,,,,,,,,,,,,,,,
2138255,e36671d9ae946db4b8651be8ab536fac7f7cedc37ba958c2592832d008be9b1404ed311fd546e1c4f8d67e43b23fbd81ec56f4d149e50ba8df2cd5c51433358d,08/27/2025 06:40:00 AM,1,DRIVER,,2038349,,DODGE,RAM PROMASTER,IL,2015,UNKNOWN,PICKUP,PERSONAL,E,CHANGING LANES,,,1,,,,,,,,,,,,,,Y,Y,,,FRONT-LEFT-CORNER,,,,,,,,,,,,,,,,,,,,,,,,,,,,,,,,,
2138256,e36671d9ae946db4b8651be8ab536fac7f7cedc37ba958c2592832d008be9b1404ed311fd546e1c4f8d67e43b23fbd81ec56f4d149e50ba8df2cd5c51433358d,08/27/2025 06:40:00 AM,2,DRIVER,,2038355,,HONDA,ACCORD,IL,2011,UNKNOWN,PASSENGER,PERSONAL,E,STRAIGHT AHEAD,,,1,,,,,Y,Y,Y,,,,,,,,,,,SIDE-RIGHT,,,,,,,,,,,,,,,,,,,,,,,,,,,,,,,,,
2137656,5891080e0f3f6685218c34e085f9b72951be0a9be3fcde077f059b2a60dcbb6b0144c97ed5827a3fa14d7697f422d44c9670baf809f84efc55826088e5486597,08/27/2025 06:35:00 AM,1,DRIVER,,2037783,,UNKNOWN,MOTORIZED,IL,,UNKNOWN,UNKNOWN/NA,UNKNOWN/NA,S,UNKNOWN/NA,,,1,,,,,,,,,,,,,,,,,Y,UNKNOWN,,,,,,,,,,,,,,,,,,,,,,,,,,,,,,,,,
2137657,5891080e0f3f6685218c34e085f9b72951be0a9be3fcde077f059b2a60dcbb6b0144c97ed5827a3fa14d7697f422d44c9670baf809f84efc55826088e5486597,08/27/2025 06:35:00 AM,2,PARKED,,2037786,,MERCEDES-BENZ,560 SERIES,IL,2013,UNKNOWN,PASSENGER,PERSONAL,UNKNOWN,PARKED,,,0,,,,,,,,,,Y,,,,,,,,REAR,,,,,,,,,,,,,,,,,,,,,,,,,,,,,,,,,
2137606,4a62eb76401423051a4bceef7b4e1c03f39a31dfdc0da693e22a9d1aa616bf811c2a086b40ab0fbcdd8cd698baf10ff27133c57402eb5eb79d9bb458759c3a56,08/27/2025 06:30:00 AM,1,DRIVER,,2037737,,VOLKSWAGEN,JETTA,IL,2017,UNKNOWN,PASSENGER,PERSONAL,N,ENTER FROM DRIVE/ALLEY,,,1,,,,,,,,,Y,,,,,,,,,REAR-RIGHT-CORNER,,,,,,,,,,,,,,,,,,,,,,,,,,,,,,,,,
2137607,4a62eb76401423051a4bceef7b4e1c03f39a31dfdc0da693e22a9d1aa616bf811c2a086b40ab0fbcdd8cd698baf10ff27133c57402eb5eb79d9bb458759c3a56,08/27/2025 06:30:00 AM,2,DRIVER,,2037740,,HYUNDAI,KONA,IL,2022,UNKNOWN,PASSENGER,PERSONAL,E,STRAIGHT AHEAD,,,1,,,,,Y,Y,,,,,,,,,,,,FRONT-RIGHT-CORNER,,,,,,,,,,,,,,,,,,,,,,,,,,,,,,,,,