CRASH_UNIT_ID,CRASH_RECORD_ID,CRASH_DATE,UNIT_NO,UNIT_TYPE,NUM_PASSENGERS,VEHICLE_ID,CMRC_VEH_I,MAKE,MODEL,LIC_PLATE_STATE,VEHICLE_YEAR,VEHICLE_DEFECT,VEHICLE_TYPE,VEHICLE_USE,TRAVEL_DIRECTION,MANEUVER,TOWED_I,FIRE_I,OCCUPANT_CNT,EXCEED_SPEED_LIMIT_I,TOWED_BY,TOWED_TO,AREA_00_I,AREA_01_I,AREA_02_I,AREA_03_I,AREA_04_I,AREA_05_I,AREA_06_I,AREA_07_I,AREA_08_I,AREA_09_I,AREA_10_I,AREA_11_I,AREA_12_I,AREA_99_I,FIRST_CONTACT_POINT,CMV_ID,USDOT_NO,CCMC_NO,ILCC_NO,COMMERCIAL_SRC,GVWR,CARRIER_NAME,CARRIER_STATE,CARRIER_CITY,HAZMAT_PLACARDS_I,HAZMAT_NAME,UN_NO,HAZMAT_PRESENT_I,HAZMAT_REPORT_I,HAZMAT_REPORT_NO,MCS_REPORT_I,MCS_REPORT_NO,HAZMAT_VIO_CAUSE_CRASH_I,MCS_VIO_CAUSE_CRASH_I,IDOT_PERMIT_NO,WIDE_LOAD_I,TRAILER1_WIDTH,TRAILER2_WIDTH,TRAILER1_LENGTH,TRAILER2_LENGTH,TOTAL_VEHICLE_LENGTH,AXLE_CNT,VEHICLE_CONFIG,CARGO_BODY_TYPE,LOAD_TYPE,HAZMAT_OUT_OF_SERVICE_I,MCS_OUT_OF_SERVICE_I,HAZMAT_CLASS
2137594,1867ce6d89d36ab2939cf001cf5da5f9d997386d226f5f9e69c2b8b24cf2a2c4ea2bf9bea0aa680157bb8374df9fe9fc1b8e6eeb9f69582558f67b3ac914e28e,08/27/2025 06:15:00 AM,1,DRIVER,,2037726,N,"MACK TRUCKS, INC.","MACK TRUCKS, INC.",IL,2015,UNKNOWN,TRUCK - SINGLE UNIT,OTHER,W,STARTING IN TRAFFIC,,,1,,,,,,,,Y,Y,,,,,,,,,REAR-RIGHT-CORNER,,,,,,,,,,,,,,,,,,,,,,,,,,,,,,,,,
2137595,1867ce6d89d36ab2939cf001cf5da5f9d997386d226f5f9e69c2b8b24cf2a2c4ea2bf9bea0aa680157bb8374df9fe9fc1b8e6eeb9f69582558f67b3ac914e28e,08/27/2025 06:15:00 AM,2,DRIVER,1,2037731,,NAVISTAR,NAVISTAR,IL,2016,UNKNOWN,BUS OVER 15 PASS.,SCHOOL BUS,W,STRAIGHT AHEAD,,,2,,,,,,,,,,,Y,Y,,,,,,REAR-LEFT-CORNER,,,,,,,,,,,,,,,,,,,,,,,,,,,,,,,,,
2137963,54dbc78f4da0870b5ce8136ff70cc87c4dc19ed35b818a0a4e8a807b7d1e7fc819d8dcb6c791f3e4cc4347562650911b6f40412c9ce3379198c78ca127537cb5,08/27/2025 06:15:00 AM,1,DRIVER,,2038064,,UNKNOWN,OTHER (EXPLAIN IN NARRATIVE),,,UNKNOWN,UNKNOWN/NA,UNKNOWN/NA,UNKNOWN,UNKNOWN/NA,,,1,,,,,,,,,,,,,,,,,Y,UNKNOWN,,,,,,,,,,,,,,,,,,,,,,,,,,,,,,,,,
2137964,54dbc78f4da0870b5ce8136ff70cc87c4dc19ed35b818a0a4e8a807b7d1e7fc819d8dcb6c791f3e4cc4347562650911b6f40412c9ce3379198c78ca127537cb5,08/27/2025 06:15:00 AM,2,PARKED,,2038067,,FORD,F150,IL,2023,UNKNOWN,PICKUP,NOT IN USE,UNKNOWN,PARKED,,,0,,,,,,,Y,Y,,,,,,,,,,SIDE-RIGHT,,,,,,,,,,,,,,,,,,,,,,,,,,,,,,,,,
2138438,007e138f1c8da8b08603b7a71b9d6592a11cb58e9a847878c3a48746dd5218c6b2aadb1f79599bb6f3de6d9539132b8157710f293d77d538cb6f406f627ef0b7,08/27/2025 06:00:00 AM,1,DRIVER,,2038517,,LEXUS,OTHER (EXPLAIN IN NARRATIVE),IL,2006,UNKNOWN,PASSENGER,UNKNOWN/NA,N,STRAIGHT AHEAD,,,1,,,,,Y,,,,,,,,,,,Y,,FRONT,,,,,,,,,,,,,,,,,,,,,,,,,,,,,,,,,
2138439,007e138f1c8da8b08603b7a71b9d6592a11cb58e9a847878c3a48746dd5218c6b2aadb1f79599bb6f3de6d9539132b8157710f293d77d538cb6f406f627ef0b7,08/27/2025 06:00:00 AM,2,DRIVER,,2038522,,HYUNDAI,SONATA,IL,2012,UNKNOWN,PASSENGER,UNKNOWN/NA,SE,TURNING LEFT,Y,,1,,INSURE ON THE SPOT,UNKNOWN,,,,,Y,Y,Y,Y,,,,,,,REAR-RIGHT-CORNER,,,,,,,,,,,,,,,,,,,,,,,,,,,,,,,,,
2138253,debd4f58a2597762aaeb308ffa6efb9f5106839b04c77fe4549b0d69ac811cb73f81e899f45613ee46c5ea0f61555074933501e9ce8fea5a533198950aeaa5ea,08/27/2025 06:00:00 AM,1,DRIVER,,2038351,,UNKNOWN,MOTORIZED,,,UNKNOWN,UNKNOWN/NA,UNKNOWN/NA,UNKNOWN,UNKNOWN/NA,,,1,,,,,,,,,,,,,,,,,Y,UNKNOWN,,,,,,,,,,,,,,,,,,,,,,,,,,,,,,,,,
2138254,debd4f58a2597762aaeb308ffa6efb9f5106839b04c77fe4549b0d69ac811cb73f81e899f45613ee46c5ea0f61555074933501e9ce8fea5a533198950aeaa5ea,08/27/2025 06:00:00 AM,2,PARKED,,2038346,,NISSAN,SENTRA,IL,2024,OTHER,PASSENGER,PERSONAL,W,PARKED,,,0,,,,,,,,,,Y,Y,Y,,,,,,SIDE-LEFT-REAR,,,,,,,,,,,,,,,,,,,,,,,,,,,,,,,,,
2137580,e1439af4104fd4d9c9655704a4d77013aa339ef41b73e271c691752edfca46af564d7260bc0544b07e9556089a150e1458e4c96759f6590f51f66606b8b6806b,08/27/2025 05:57:00 AM,1,DRIVER,2,2037705,,TOYOTA,PRIUS,IL,2011,NONE,PASSENGER,TAXI/FOR HIRE,E,STRAIGHT AHEAD,,,3,,,,,Y,,,,,,,,,,,,,FRONT-RIGHT-CORNER,,,,,,,,,,,,,,,,,,,,,,,,,,,,,,,,,
2137583,e1439af4104fd4d9c9655704a4d77013aa339ef41b73e271c691752edfca46af564d7260bc0544b07e9556089a150e1458e4c96759f6590f51f66606b8b6806b,08/27/2025 05:57:00 AM,2,DRIVER,,2037708,,TOYOTA,RAV4,IL,2021,NONE,PASSENGER,TAXI/FOR HIRE,E,ENTERING TRAFFIC LANE FROM PARKING,,,1,,,,,,,,,,,,,Y,Y,Y,,,SIDE-LEFT-FRONT,,,,,,,,,,,,,,,,,,,,,,,,,,,,,,,,,
2137576,fcf1578c46ba364e1e249e8e4337047df0f0877d17734bdb1d2675a48e2454ea3c143e2d306bed3b6d50851f58ca593cecb87536e9981bb7566084fa0a1c2fe1,08/27/2025 05:32:00 AM,1,DRIVER,,2037710,,SUBARU,CROSSTREK,IL,2021,UNKNOWN,SPORT UTILITY VEHICLE (SUV),PERSONAL,NE,TURNING RIGHT,,,1,,,,,,,,,,,,,,,,,Y,FRONT,,,,,,,,,,,,,,,,,,,,,,,,,,,,,,,,,
2137577,fcf1578c46ba364e1e249e8e4337047df0f0877d17734bdb1d2675a48e2454ea3c143e2d306bed3b6d50851f58ca593cecb87536e9981bb7566084fa0a1c2fe1,08/27/2025 05:32:00 AM,2,BICYCLE,,,,,,,,,,,,,,,,,,,,,,,,,,,,,,,,,,,,,,,,,,,,,,,,,,,,,,,,,,,,,,,,,,
2137581,c115a93a49841d02ad5c78782a1c96783a75fd68eef9880328ba40524735fffe4135d5e30b4e03113b3389866961256c4b94f5aa824079defc9dfca8923b424e,08/27/2025 05:30:00 AM,1,DRIVER,,2037706,,FORD,OTHER (EXPLAIN IN NARRATIVE),IL,2023,NONE,PICKUP,PERSONAL,W,STRAIGHT AHEAD,,,1,,,,Y,,,,,,,,,,,,,,NONE,,,,,,,,,,,,,,,,,,,,,,,,,,,,,,,,,
2137582,c115a93a49841d02ad5c78782a1c96783a75fd68eef9880328ba40524735fffe4135d5e30b4e03113b3389866961256c4b94f5aa824079defc9dfca8923b424e,08/27/2025 05:30:00 AM,2,PEDESTRIAN,,,,,,,,,,,,,,,,,,,,,,,,,,,,,,,,,,,,,,,,,,,,,,,,,,,,,,,,,,,,,,,,,,
2137664,cc1313b11988037110615932964ca0522dfa1921e2c56e78a6d212f04dc8f5461cfb86f4b40955d31d5f8b518ad4ee2395ddf2a999f9e66d723e27c396117315,08/27/2025 05:30:00 AM,1,DRIVER,1,2037792,,FORD,OTHER (EXPLAIN IN NARRATIVE),,2021,NONE,SPORT UTILITY VEHICLE (SUV),POLICE,W,STRAIGHT AHEAD,,,2,,,,,,Y,,,,,,,,,,,,SIDE-RIGHT,,,,,,,,,,,,,,,,,,,,,,,,,,,,,,,,,
2137565,26ebd5d9453436ef64ca09e1c2986689760e4354e40d41f0f33154cedb3563b37e6ea136a245b6925ed392fff5c704787c89e558fa5a609361190a83f84bdaba,08/27/2025 05:25:00 AM,1,DRIVER,,2037698,,TOYOTA,CAMRY,IL,2003,NONE,PASSENGER,PERSONAL,N,STRAIGHT AHEAD,Y,,1,,city of chicago,,,Y,,,,,,,,,,Y,Y,,FRONT,,,,,,,,,,,,,,,,,,,,,,,,,,,,,,,,,
2137669,72b7dc612c6627a7c0c4b7012b3e4160d08cfa4b3deb127e750e340f4f18be640b6a14831ede2fcefb4b6f6d43c94f558b129604ba9bff59c3eb36ac29782f4b,08/27/2025 05:25:00 AM,1,DRIVER,,2037810,,DODGE,RAM 1500 PU,IL,2018,NONE,PICKUP,PERSONAL,W,CHANGING LANES,Y,,1,,CITY OF CHICAGO,POUND 2,,,,,Y,Y,,,,,,,,,SIDE-RIGHT-REAR,,,,,,,,,,,,,,,,,,,,,,,,,,,,,,,,,
2137670,72b7dc612c6627a7c0c4b7012b3e4160d08cfa4b3deb127e750e340f4f18be640b6a14831ede2fcefb4b6f6d43c94f558b129604ba9bff59c3eb36ac29782f4b,08/27/2025 05:25:00 AM,2,DRIVER,,2037827,N,"KENWORTH NORTHWEST, INC., SEATTLE, WA","KENWORTH NORTHWEST, INC., SEATTLE, WA",IL,2019,NONE,OTHER VEHICLE WITH TRAILER,CONSTRUCTION/MAINTENANCE,W,STRAIGHT AHEAD,,,1,,,,,,,,,,,,,,Y,Y,,,FRONT-LEFT-CORNER,,,,,,,,,,,,,,,,,,,,,,,,,,,,,,,,,
2138424,d0e53efa6f02dc89ae4366004c70029820ef135c5b0a5164228276869d687e68d7a05580a27974bc567fd6ab49f8bad49cac21590b47c1fc876b4603bd5e07dc,08/27/2025 05:23:00 AM,1,DRIVER,2,2038504,,CHEVROLET,EXPRESS,IL,2008,UNKNOWN,UNKNOWN/NA,UNKNOWN/NA,N,DRIVING WRONG WAY,Y,,3,,City of Chicago,City pound,,Y,Y,,,,,,,Y,Y,Y,Y,,FRONT-LEFT-CORNER,,,,,,,,,,,,,,,,,,,,,,,,,,,,,,,,,
2138425,d0e53efa6f02dc89ae4366004c70029820ef135c5b0a5164228276869d687e68d7a05580a27974bc567fd6ab49f8bad49cac21590b47c1fc876b4603bd5e07dc,08/27/2025 05:23:00 AM,2,DRIVER,1,2038505,,FORD,EXPLORER,IL,2017,NONE,PASSENGER,POLICE,S,SLOW/STOP IN TRAFFIC,N,,2,,,,,,,,,,,Y,Y,Y,Y,Y,N,,SIDE-LEFT-FRONT,,,,,,,,,,,,,,,,,,,,,,,,,,,,,,,,,
2138426,d0e53efa6f02dc89ae4366004c70029820ef135c5b0a5164228276869d687e68d7a05580a27974bc567fd6ab49f8bad49cac21590b47c1fc876b4603bd5e07dc,08/27/2025 05:23:00 AM,5,DRIVER,,2038506,,FORD,EXPLORER,IL,2024,NONE,PASSENGER,POLICE,S,SLOW/STOP IN TRAFFIC,Y,,1,,CITY OF CHICAGO,CITY LOT,,Y,Y,,,,,,,,Y,Y,Y,,FRONT,,,,,,,,,,,,,,,,,,,,,,,,,,,,,,,,,
2138427,d0e53efa6f02dc89ae4366004c70029820ef135c5b0a5164228276869d687e68d7a05580a27974bc567fd6ab49f8bad49cac21590b47c1fc876b4603bd5e07dc,08/27/2025 05:23:00 AM,4,PARKED,,2038507,,CHEVROLET,SILVERADO,IL,2003,NONE,PICKUP,PERSONAL,N,PARKED,,,0,,,,,Y,Y,Y,Y,,,,,,,,,,SIDE-RIGHT-REAR,,,,,,,,,,,,,,,,,,,,,,,,,,,,,,,,,
2138428,d0e53efa6f02dc89ae4366004c70029820ef135c5b0a5164228276869d687e68d7a05580a27974bc567fd6ab49f8bad49cac21590b47c1fc876b4603bd5e07dc,08/27/2025 05:23:00 AM,3,PEDESTRIAN,,,,,,,,,,,,,,,,,,,,,,,,,,,,,,,,,,,,,,,,,,,,,,,,,,,,,,,,,,,,,,,,,,
2138429,d0e53efa6f02dc89ae4366004c70029820ef135c5b0a5164228276869d687e68d7a05580a27974bc567fd6ab49f8bad49cac21590b47c1fc876b4603bd5e07dc,08/27/2025 05:23:00 AM,6,PEDESTRIAN,,,,,,,,,,,,,,,,,,,,,,,,,,,,,,,,,,,,,,,,,,,,,,,,,,,,,,,,,,,,,,,,,,
2138149,4dbb5c53b9da24faa1f1be627ca59bde6e4145e16e2fe4d890957d9a12114c94d1982c5f9c47038400abd9341d7a72b2c04ffc582aee5ce8b3c3ea379c4a29a4,08/27/2025 05:20:00 AM,1,DRIVER,,2038241,,DODGE,CHARGER,IL,2011,UNKNOWN,PASSENGER,PERSONAL,W,UNKNOWN/NA,,,1,,,,,,,,,,,,,,,,,Y,UNKNOWN,,,,,,,,,,,,,,,,,,,,,,,,,,,,,,,,,
2138150,4dbb5c53b9da24faa1f1be627ca59bde6e4145e16e2fe4d890957d9a12114c94d1982c5f9c47038400abd9341d7a72b2c04ffc582aee5ce8b3c3ea379c4a29a4,08/27/2025 05:20:00 AM,2,DRIVER,,2038258,,MAZDA,TRIBUTE,IL,2010,UNKNOWN,PASSENGER,PERSONAL,N,UNKNOWN/NA,Y,,1,,City of chicago,Pound 2,,,,,,,,,,,,,,,FRONT,,,,,,,,,,,,,,,,,,,,,,,,,,,,,,,,,
2139889,0f0393d6a98639cd5089a087828f33f68002e8b946453bac5eb3dfa1447c48a51e0db13526c596013ffd54814f34669b3c1312eb06beb94830d1bd64814a4bfc,08/27/2025 05:09:00 AM,1,DRIVER,,2039876,,FORD,F150,,2009,NONE,PICKUP,PERSONAL,N,STRAIGHT AHEAD,,,1,,,,,,Y,Y,Y,,,,,,,,,,SIDE-RIGHT,,,,,,,,,,,,,,,,,,,,,,,,,,,,,,,,,
2139890,0f0393d6a98639cd5089a087828f33f68002e8b946453bac5eb3dfa1447c48a51e0db13526c596013ffd54814f34669b3c1312eb06beb94830d1bd64814a4bfc,08/27/2025 05:09:00 AM,2,DRIVER,,2039881,,HONDA,CIVIC,,2024,NONE,PASSENGER,PERSONAL,N,STRAIGHT AHEAD,,,1,,,,,,,,,,,,Y,Y,Y,,,,SIDE-LEFT,,,,,,,,,,,,,,,,,,,,,,,,,,,,,,,,,
2137647,0f8aaaa575d2dc5c49450f2060aeccd11151a197e545d9f019937f439c12ddcb73802c96a4c54b08a9e48264623735c8526221fa611113e0cadfe6c00938bc19,08/27/2025 05:06:00 AM,2,PARKED,,2037784,,FORD,EXPLORER,IL,2025,NONE,SPORT UTILITY VEHICLE (SUV),POLICE,S,PARKED,Y,,0,,e&r,police garage,,,,,,,Y,Y,Y,,Y,Y,Y,,FRONT-LEFT-CORNER,,,,,,,,,,,,,,,,,,,,,,,,,,,,,,,,,
2137648,0f8aaaa575d2dc5c49450f2060aeccd11151a197e545d9f019937f439c12ddcb73802c96a4c54b08a9e48264623735c8526221fa611113e0cadfe6c00938bc19,08/27/2025 05:06:00 AM,3,PARKED,,2037789,,FORD,EXPLORER,IL,2020,NONE,SPORT UTILITY VEHICLE (SUV),POLICE,S,STRAIGHT AHEAD,,,0,,,,,,,,,,,,,,Y,Y,Y,,FRONT-LEFT-CORNER,,,,,,,,,,,,,,,,,,,,,,,,,,,,,,,,,
2137649,0f8aaaa575d2dc5c49450f2060aeccd11151a197e545d9f019937f439c12ddcb73802c96a4c54b08a9e48264623735c8526221fa611113e0cadfe6c00938bc19,08/27/2025 05:06:00 AM,4,PARKED,,2037796,,FORD,EXPLORER,IL,2021,NONE,PASSENGER,POLICE,W,STRAIGHT AHEAD,,,0,,,,,,,,,Y,Y,Y,,,,,,,REAR-RIGHT-CORNER,,,,,,,,,,,,,,,,,,,,,,,,,,,,,,,,,
2137740,0f8aaaa575d2dc5c49450f2060aeccd11151a197e545d9f019937f439c12ddcb73802c96a4c54b08a9e48264623735c8526221fa611113e0cadfe6c00938bc19,08/27/2025 05:06:00 AM,1,DRIVER,,2037855,,DODGE,DURANGO,IL,2014,NONE,PASSENGER,PERSONAL,N,DRIVING WRONG WAY,Y,,1,,e&r,pound4,,Y,Y,,Y,Y,Y,Y,Y,,Y,Y,Y,,FRONT,,,,,,,,,,,,,,,,,,,,,,,,,,,,,,,,,
2137563,d8b0aa379bd882e4987c2ca56dee2c6f327b070b1f76bd7576e5f8ea1b645561780784f2c8e5ceee048807040d5862b81e6b21fb09aa1d37dd97913e6311a1ab,08/27/2025 04:50:00 AM,1,DRIVER,,2037697,,CHEVROLET,CRUZE,IL,2013,UNKNOWN,PASSENGER,PERSONAL,E,SKIDDING/CONTROL LOSS,,,1,,,,,Y,Y,Y,,,,,,,,,Y,,SIDE-RIGHT-FRONT,,,,,,,,,,,,,,,,,,,,,,,,,,,,,,,,,
2137564,d8b0aa379bd882e4987c2ca56dee2c6f327b070b1f76bd7576e5f8ea1b645561780784f2c8e5ceee048807040d5862b81e6b21fb09aa1d37dd97913e6311a1ab,08/27/2025 04:50:00 AM,2,PARKED,,2037699,,CHRYSLER,TOWN & COUNTRY,IL,2005,UNKNOWN,VAN/MINI-VAN,PERSONAL,E,PARKED,,,0,,,,,,,,,,,Y,Y,,,,,,REAR-LEFT-CORNER,,,,,,,,,,,,,,,,,,,,,,,,,,,,,,,,,
2137559,293a032ddcdfb60a12c72b1fa69da1d33040c44a4d0ad484d3278592b6a35a0c562ed8f46e495e98bb15d6475aef96ebaaf1fbacfc84c95e6b59f46931e75782,08/27/2025 04:30:00 AM,1,DRIVER,1,2037693,,JEEP,COMPASS,FL,2020,UNKNOWN,PASSENGER,RIDESHARE SERVICE,W,STRAIGHT AHEAD,Y,,2,,PRIVATE TOW,,,Y,Y,Y,Y,Y,,Y,Y,Y,Y,Y,Y,,FRONT-LEFT-CORNER,,,,,,,,,,,,,,,,,,,,,,,,,,,,,,,,,
2137560,293a032ddcdfb60a12c72b1fa69da1d33040c44a4d0ad484d3278592b6a35a0c562ed8f46e495e98bb15d6475aef96ebaaf1fbacfc84c95e6b59f46931e75782,08/27/2025 04:30:00 AM,2,DRIVER,,2037694,,JEEP,GRAND CHEROKEE,IL,2018,UNKNOWN,PASSENGER,PERSONAL,E,STRAIGHT AHEAD,Y,,1,,PRIVATE TOW,,,Y,Y,Y,Y,Y,Y,Y,Y,Y,Y,Y,Y,,SIDE-LEFT,,,,,,,,,,,,,,,,,,,,,,,,,,,,,,,,,
2137557,f316f696acfcdbf04f476d15b2cbd7396c594ba846cb82de4f89351ab0f23b985b1342d3ee0eab96fe61efeeacd650906144b29660ca53bbc95bf28b25b1a3ac,08/27/2025 04:11:00 AM,1,DRIVER,,2037691,,NISSAN,VERSA,IL,2009,UNKNOWN,PASSENGER,PERSONAL,N,STRAIGHT AHEAD,,,1,,,,,Y,Y,,,,,,,,,,,,FRONT-RIGHT-CORNER,,,,,,,,,,,,,,,,,,,,,,,,,,,,,,,,,
2137558,f316f696acfcdbf04f476d15b2cbd7396c594ba846cb82de4f89351ab0f23b985b1342d3ee0eab96fe61efeeacd650906144b29660ca53bbc95bf28b25b1a3ac,08/27/2025 04:11:00 AM,2,PARKED,,2037692,,NISSAN,ROGUE,IL,2023,UNKNOWN,PASSENGER,POLICE,N,PARKED,,,0,,,,,,,,,,,,Y,Y,Y,,,,SIDE-LEFT,,,,,,,,,,,,,,,,,,,,,,,,,,,,,,,,,
2138135,6f16e9b0c3178339ce1fb719e9b20aeb1e0ef596317247c54fcc453a871f5285ab9c058ce42794011a5f9f9e0fb6ed9f444acd42d6b63fe37d1c74708c39ca20,08/27/2025 04:00:00 AM,1,DRIVER,,2038217,,HONDA,FIT,IL,2010,UNKNOWN,PASSENGER,UNKNOWN/NA,W,STRAIGHT AHEAD,,,1,,,,,Y,,,,,,,,,,,Y,,FRONT-RIGHT-CORNER,,,,,,,,,,,,,,,,,,,,,,,,,,,,,,,,,
2138136,6f16e9b0c3178339ce1fb719e9b20aeb1e0ef596317247c54fcc453a871f5285ab9c058ce42794011a5f9f9e0fb6ed9f444acd42d6b63fe37d1c74708c39ca20,08/27/2025 04:00:00 AM,2,PARKED,,2038225,,HONDA,HR-V,IL,2021,NONE,SPORT UTILITY VEHICLE (SUV),PERSONAL,W,PARKED,,,0,,,,,,,,,,,Y,,,,,,,REAR-LEFT-CORNER,,,,,,,,,,,,,,,,,,,,,,,,,,,,,,,,,
2138299,c834bc3564a22b8e87992c9288283abe643ed44843776cafcb6966c5f78c5c304c8a8a4fed11101f2ecf6eae7ced7270f7b651d76c07a8bf1dcbdfc59ad95912,08/27/2025 02:15:00 AM,1,DRIVER,,2038465,,MAZDA,CX-5,IL,2023,NONE,PASSENGER,PERSONAL,E,STRAIGHT AHEAD,Y,,1,,BY OWNER,UNK,,Y,Y,,,,,,,,,Y,Y,,FRONT,,,,,,,,,,,,,,,,,,,,,,,,,,,,,,,,,
2138300,c834bc3564a22b8e87992c9288283abe643ed44843776cafcb6966c5f78c5c304c8a8a4fed11101f2ecf6eae7ced7270f7b651d76c07a8bf1dcbdfc59ad95912,08/27/2025 02:15:00 AM,2,DRIVER,,2038469,,HYUNDAI,SANTA FE,IL,2007,UNKNOWN,PASSENGER,PERSONAL,E,STRAIGHT AHEAD,,,1,,,,,,,,,Y,,Y,Y,,,,,,REAR,,,,,,,,,,,,,,,,,,,,,,,,,,,,,,,,,
2138365,63f1f46b6751b77cf1db4009b4fadc058fcb4bc821170752835777fc932fbd40a9d2a37e731b5277a18c53e26f7d2af54a6c9e4d238f6750baf156d5763879c0,08/27/2025 01:45:00 AM,1,DRIVER,,2038448,,UNKNOWN,OTHER (EXPLAIN IN NARRATIVE),IL,,UNKNOWN,UNKNOWN/NA,UNKNOWN/NA,UNKNOWN,UNKNOWN/NA,,,1,,,,,,,,,,,,,,,,,Y,UNKNOWN,,,,,,,,,,,,,,,,,,,,,,,,,,,,,,,,,
2138366,63f1f46b6751b77cf1db4009b4fadc058fcb4bc821170752835777fc932fbd40a9d2a37e731b5277a18c53e26f7d2af54a6c9e4d238f6750baf156d5763879c0,08/27/2025 01:45:00 AM,2,PARKED,,2038449,,UNKNOWN,OTHER (EXPLAIN IN NARRATIVE),,,UNKNOWN,UNKNOWN/NA,PERSONAL,S,PARKED,,,0,,,,,,,,,,,,,,Y,Y,Y,,FRONT-RIGHT-CORNER,,,,,,,,,,,,,,,,,,,,,,,,,,,,,,,,,
2137549,8c9f30993f3280e6c2860f8f479ddbabe72a43a519b7556afa69540d9cfdaf46976a1c019f9a332415accee941fe84844c2cedadfdef24feeaa12a4cfba6e76c,08/27/2025 01:42:00 AM,2,DRIVER,,2037683,,KIA,SOUL,IN,2024,NONE,PASSENGER,OTHER,E,STRAIGHT AHEAD,,,1,,,,,,,,,Y,Y,,,,,,,,REAR-RIGHT-CORNER,,,,,,,,,,,,,,,,,,,,,,,,,,,,,,,,,
2137550,8c9f30993f3280e6c2860f8f479ddbabe72a43a519b7556afa69540d9cfdaf46976a1c019f9a332415accee941fe84844c2cedadfdef24feeaa12a4cfba6e76c,08/27/2025 01:42:00 AM,1,DRIVER,2,2037686,,HYUNDAI,SONATA,IL,2017,NONE,PASSENGER,PERSONAL,E,STRAIGHT AHEAD,,,3,,,,,,,,,,,,,,,Y,Y,,FRONT-LEFT-CORNER,,,,,,,,,,,,,,,,,,,,,,,,,,,,,,,,,
2139224,9212d22a919dfa7d0cf0f0991388e12478d193307fe4f6f6fbf289c1c7cca3d0e5d4bc638af43a344f9cb0cbcd8ab2bf25cff6f1fd5096429bc09de213511b38,08/27/2025 01:10:00 AM,1,BICYCLE,,,,,,,,,,,,,,,,,,,,,,,,,,,,,,,,,,,,,,,,,,,,,,,,,,,,,,,,,,,,,,,,,,
2139225,9212d22a919dfa7d0cf0f0991388e12478d193307fe4f6f6fbf289c1c7cca3d0e5d4bc638af43a344f9cb0cbcd8ab2bf25cff6f1fd5096429bc09de213511b38,08/27/2025 01:10:00 AM,2,DRIVER,,2039240,,TOYOTA,CAMRY,,,UNKNOWN,PASSENGER,RIDESHARE SERVICE,S,STRAIGHT AHEAD,,,1,,,,,Y,Y,,,,,,,,,,Y,,FRONT-RIGHT-CORNER,,,,,,,,,,,,,,,,,,,,,,,,,,,,,,,,,
2137551,1f9e8c746307a84936c755e5d177ee511c13065291a7b994d1b23a4c1cbb434c96d6ef873b5d926dc67a5e84545edfab1d54f434fa0ea8367b86849976167a2e,08/27/2025 01:00:00 AM,1,DRIVER,,2037684,,UNKNOWN,OTHER (EXPLAIN IN NARRATIVE),,,UNKNOWN,UNKNOWN/NA,UNKNOWN/NA,UNKNOWN,UNKNOWN/NA,,,1,,,,,,,,,,,,,,,,,Y,UNKNOWN,,,,,,,,,,,,,,,,,,,,,,,,,,,,,,,,,
2137552,1f9e8c746307a84936c755e5d177ee511c13065291a7b994d1b23a4c1cbb434c96d6ef873b5d926dc67a5e84545edfab1d54f434fa0ea8367b86849976167a2e,08/27/2025 01:00:00 AM,2,PARKED,,2037685,,NISSAN,MAXIMA,IL,2018,NONE,PASSENGER,PERSONAL,W,PARKED,,,0,,,,,Y,,,,,,,,,,Y,Y,,FRONT,,,,,,,,,,,,,,,,,,,,,,,,,,,,,,,,,
2137540,6cfdabd5806fc63b7646501660609c618955f924223c637d3003dc475eeee2f2e210fa63da836ed84f93c8f655e6bae034ad5b8002468ccd78bac372b19e5c72,08/27/2025 12:25:00 AM,1,DRIVER,,2037674,,TOYOTA,VENZA,IL,2013,UNKNOWN,SPORT UTILITY VEHICLE (SUV),UNKNOWN/NA,W,STRAIGHT AHEAD,Y,,1,,ER TOWING,103/DOTY,,Y,Y,,,,,,,,,Y,Y,,FRONT-RIGHT-CORNER,,,,,,,,,,,,,,,,,,,,,,,,,,,,,,,,,
2137541,6cfdabd5806fc63b7646501660609c618955f924223c637d3003dc475eeee2f2e210fa63da836ed84f93c8f655e6bae034ad5b8002468ccd78bac372b19e5c72,08/27/2025 12:25:00 AM,2,PARKED,,2037676,,JEEP,COMPASS,IL,2017,UNKNOWN,SPORT UTILITY VEHICLE (SUV),PERSONAL,W,PARKED,,,0,,,,,,,,,,,Y,Y,Y,Y,Y,Y,,SIDE-LEFT-REAR,,,,,,,,,,,,,,,,,,,,,,,,,,,,,,,,,
2137542,6cfdabd5806fc63b7646501660609c618955f924223c637d3003dc475eeee2f2e210fa63da836ed84f93c8f655e6bae034ad5b8002468ccd78bac372b19e5c72,08/27/2025 12:25:00 AM,3,PARKED,,2037680,,FORD,OTHER (EXPLAIN IN NARRATIVE),IL,2016,UNKNOWN,PASSENGER,NOT IN USE,UNKNOWN,PARKED,,,0,,,,,,,,,Y,Y,Y,,,,,,,REAR-RIGHT-CORNER,,,,,,,,,,,,,,,,,,,,,,,,,,,,,,,,,
2137553,c2872a6481a6725ea152796573e8f7a3d6db237197832475d2134433ca42c4885de03a03f74cba85a27d6666c54e65cb93338a07f77973e3d32fb792f725a225,08/27/2025 12:25:00 AM,1,DRIVER,,2037687,,CADILLAC,ESCALADE,IL,,UNKNOWN,UNKNOWN/NA,UNKNOWN/NA,W,STRAIGHT AHEAD,,,1,,,,,Y,,,,,,,,,,Y,Y,,FRONT,,,,,,,,,,,,,,,,,,,,,,,,,,,,,,,,,