CRASH_UNIT_ID,CRASH_RECORD_ID,CRASH_DATE,UNIT_NO,UNIT_TYPE,NUM_PASSENGERS,VEHICLE_ID,CMRC_VEH_I,MAKE,MODEL,LIC_PLATE_STATE,VEHICLE_YEAR,VEHICLE_DEFECT,VEHICLE_TYPE,VEHICLE_USE,TRAVEL_DIRECTION,MANEUVER,TOWED_I,FIRE_I,OCCUPANT_CNT,EXCEED_SPEED_LIMIT_I,TOWED_BY,TOWED_TO,AREA_00_I,AREA_01_I,AREA_02_I,AREA_03_I,AREA_04_I,AREA_05_I,AREA_06_I,AREA_07_I,AREA_08_I,AREA_09_I,AREA_10_I,AREA_11_I,AREA_12_I,AREA_99_I,FIRST_CONTACT_POINT,CMV_ID,USDOT_NO,CCMC_NO,ILCC_NO,COMMERCIAL_SRC,GVWR,CARRIER_NAME,CARRIER_STATE,CARRIER_CITY,HAZMAT_PLACARDS_I,HAZMAT_NAME,UN_NO,HAZMAT_PRESENT_I,HAZMAT_REPORT_I,HAZMAT_REPORT_NO,MCS_REPORT_I,MCS_REPORT_NO,HAZMAT_VIO_CAUSE_CRASH_I,MCS_VIO_CAUSE_CRASH_I,IDOT_PERMIT_NO,WIDE_LOAD_I,TRAILER1_WIDTH,TRAILER2_WIDTH,TRAILER1_LENGTH,TRAILER2_LENGTH,TOTAL_VEHICLE_LENGTH,AXLE_CNT,VEHICLE_CONFIG,CARGO_BODY_TYPE,LOAD_TYPE,HAZMAT_OUT_OF_SERVICE_I,MCS_OUT_OF_SERVICE_I,HAZMAT_CLASS
2137554,c2872a6481a6725ea152796573e8f7a3d6db237197832475d2134433ca42c4885de03a03f74cba85a27d6666c54e65cb93338a07f77973e3d32fb792f725a225,08/27/2025 12:25:00 AM,2,DRIVER,,2037688,,HYUNDAI,ELANTRA,IL,,NONE,PASSENGER,PERSONAL,N,STRAIGHT AHEAD,,,1,,,,,Y,Y,Y,Y,Y,,,,,,,,,SIDE-RIGHT,,,,,,,,,,,,,,,,,,,,,,,,,,,,,,,,,
2137543,dc6263835dcfdbad66740c19e11310386bc7cab75e56576e23867f80fe3d7de77bbd8bf6be637f69c404194b6db6fbb0d63da5fa0619e82508354ff154cf2a2f,08/27/2025 12:10:00 AM,1,DRIVER,,2037675,,NISSAN,ROGUE,IL,2019,UNKNOWN,SPORT UTILITY VEHICLE (SUV),UNKNOWN/NA,N,STRAIGHT AHEAD,,,1,,,,,,,,,,,,,,,,,Y,FRONT,,,,,,,,,,,,,,,,,,,,,,,,,,,,,,,,,
2137544,dc6263835dcfdbad66740c19e11310386bc7cab75e56576e23867f80fe3d7de77bbd8bf6be637f69c404194b6db6fbb0d63da5fa0619e82508354ff154cf2a2f,08/27/2025 12:10:00 AM,2,DRIVER,,2037677,,CHEVROLET,OTHER (EXPLAIN IN NARRATIVE),IL,2015,UNKNOWN,SPORT UTILITY VEHICLE (SUV),PERSONAL,N,STRAIGHT AHEAD,,,1,,,,,,,,,Y,Y,Y,,,,,,,REAR,,,,,,,,,,,,,,,,,,,,,,,,,,,,,,,,,
2137868,319209e730461003f0b57d2986c41ea3d86a8c19c108936a1fa451822f20040d33e1fea638b5218c68aea6bba3e8ab5b0bc460be45e72f845d6581f13ecab17a,08/27/2025 12:01:00 AM,1,DRIVER,,2038007,,UNKNOWN,OTHER (EXPLAIN IN NARRATIVE),,,UNKNOWN,UNKNOWN/NA,UNKNOWN/NA,W,STRAIGHT AHEAD,,,1,,,,,Y,Y,,,,,,,,,,Y,,UNKNOWN,,,,,,,,,,,,,,,,,,,,,,,,,,,,,,,,,
2137869,319209e730461003f0b57d2986c41ea3d86a8c19c108936a1fa451822f20040d33e1fea638b5218c68aea6bba3e8ab5b0bc460be45e72f845d6581f13ecab17a,08/27/2025 12:01:00 AM,2,PARKED,,2037980,,TOYOTA,COROLLA,IL,2017,NONE,PASSENGER,PERSONAL,W,PARKED,Y,,0,,PRIVATE COMPANY,UNKNOWN,,Y,,,,,,Y,Y,Y,Y,Y,Y,,REAR-LEFT-CORNER,,,,,,,,,,,,,,,,,,,,,,,,,,,,,,,,,
2137870,319209e730461003f0b57d2986c41ea3d86a8c19c108936a1fa451822f20040d33e1fea638b5218c68aea6bba3e8ab5b0bc460be45e72f845d6581f13ecab17a,08/27/2025 12:01:00 AM,3,PARKED,,2037984,,NISSAN,ROGUE,IL,2015,NONE,SPORT UTILITY VEHICLE (SUV),PERSONAL,W,PARKED,,,0,,,,,,,,Y,Y,Y,Y,Y,,,,,,REAR,,,,,,,,,,,,,,,,,,,,,,,,,,,,,,,,,
2137561,f73e570be4aefef806c35fc967f9bee70d5017e8c117197ad470865e0892903b7f6ae745d9abf3c38a71a376f073ade46faaadbea4dee23d9ee129d5a9f850bb,08/27/2025 12:00:00 AM,1,DRIVER,,2037695,,UNKNOWN,MOTORIZED,IL,,NONE,PASSENGER,UNKNOWN/NA,W,STRAIGHT AHEAD,,,1,,,,,,,,,,,,,,,,Y,,FRONT,,,,,,,,,,,,,,,,,,,,,,,,,,,,,,,,,
2137562,f73e570be4aefef806c35fc967f9bee70d5017e8c117197ad470865e0892903b7f6ae745d9abf3c38a71a376f073ade46faaadbea4dee23d9ee129d5a9f850bb,08/27/2025 12:00:00 AM,2,PARKED,,2037696,,TOYOTA,TACOMA,IL,2024,NONE,PICKUP,NOT IN USE,W,PARKED,,,0,,,,,,,,,,Y,Y,,,,,,,REAR-LEFT-CORNER,,,,,,,,,,,,,,,,,,,,,,,,,,,,,,,,,
2137539,419b4d649a456d8b1ea8d1d8b17e4fb531d35e3659250c4634ee182c5cb4061c73a4d551464565208d30301ca9414200e4e60e94133064c0be17a49b17735cb3,08/26/2025 11:40:00 PM,1,DRIVER,,2037673,,VOLKSWAGEN,ATLAS,IL,2021,NONE,PASSENGER,PERSONAL,S,STRAIGHT AHEAD,,,1,,,,,,,,,,,,,,Y,Y,Y,,FRONT-LEFT-CORNER,,,,,,,,,,,,,,,,,,,,,,,,,,,,,,,,,
2137545,183ee6e41adc102a4cc7e63322088c426b4ab595a147ffa9b4dad67e036f59a30e29bfb9b8b8eb706e164319b59d4fed3d17211112f2f3681482169c4cb19f28,08/26/2025 11:27:00 PM,1,DRIVER,2,2037678,,CHEVROLET,EQUINOX,IL,2019,NONE,PASSENGER,UNKNOWN/NA,UNKNOWN,U-TURN,Y,,3,,CITY OF CHICAGO,DOTY RD,,,,,,,,Y,Y,,,,,,REAR-LEFT-CORNER,,,,,,,,,,,,,,,,,,,,,,,,,,,,,,,,,
2137546,183ee6e41adc102a4cc7e63322088c426b4ab595a147ffa9b4dad67e036f59a30e29bfb9b8b8eb706e164319b59d4fed3d17211112f2f3681482169c4cb19f28,08/26/2025 11:27:00 PM,2,DRIVER,3,2037679,,NISSAN,ALTIMA,IL,2012,UNKNOWN,PASSENGER,PERSONAL,E,STRAIGHT AHEAD,Y,,4,,CITY OF CHICAGO,DOTY RD,,Y,,,,,,,,,,Y,Y,,FRONT,,,,,,,,,,,,,,,,,,,,,,,,,,,,,,,,,
2137531,ff947234686cdd426d67c31fc8457541f6d135c2156e73501da9667b06e163d20df8a6de1f8f22521fffc91b50e9e09490cd8db87c47d0e05c321ea50b151c72,08/26/2025 11:05:00 PM,1,DRIVER,2,2037662,,LAND ROVER,LAND ROVER (SPORT),IL,2019,NONE,SPORT UTILITY VEHICLE (SUV),PERSONAL,W,PASSING/OVERTAKING,,,3,,,,,,,Y,Y,Y,,,,,,,,,SIDE-RIGHT-REAR,,,,,,,,,,,,,,,,,,,,,,,,,,,,,,,,,
2137532,ff947234686cdd426d67c31fc8457541f6d135c2156e73501da9667b06e163d20df8a6de1f8f22521fffc91b50e9e09490cd8db87c47d0e05c321ea50b151c72,08/26/2025 11:05:00 PM,2,DRIVER,,2037664,,DODGE,CHALLENGER,IL,2022,NONE,PASSENGER,PERSONAL,W,TURNING LEFT,Y,,1,,OWNER,,,,,,,,,,,,Y,Y,Y,,FRONT-LEFT-CORNER,,,,,,,,,,,,,,,,,,,,,,,,,,,,,,,,,
2137522,b1392ce952577fbc426754c4aebb44d89b436cc27a903fe0cdfaab76ebef096a84ce2e4b8b3e574b2537e4a7e66b2cb96772c36eb7bc04e857e6c661e90d6a4b,08/26/2025 11:02:00 PM,1,DRIVER,2,2037658,,INFINITI,FX35,IL,2010,UNKNOWN,UNKNOWN/NA,UNKNOWN/NA,S,STRAIGHT AHEAD,,,3,,,,,Y,Y,,,,,,,,,,Y,,FRONT-RIGHT-CORNER,,,,,,,,,,,,,,,,,,,,,,,,,,,,,,,,,
2137523,b1392ce952577fbc426754c4aebb44d89b436cc27a903fe0cdfaab76ebef096a84ce2e4b8b3e574b2537e4a7e66b2cb96772c36eb7bc04e857e6c661e90d6a4b,08/26/2025 11:02:00 PM,2,PARKED,,2037654,,DODGE,RAM 1500 PU,IL,2007,UNKNOWN,PICKUP,UNKNOWN/NA,S,PARKED,,,0,,,,,,,,,,Y,Y,Y,Y,Y,,,,SIDE-LEFT,,,,,,,,,,,,,,,,,,,,,,,,,,,,,,,,,
2137537,80726fcc3ce07d54c5a578d8828984b4ec2fd866a37f44c3da3fd674bd56248aac937e4ed96ac437928fb45e34c7803581e1b6632f3c0ff97d7b7c6f3c2b46ee,08/26/2025 10:42:00 PM,1,DRIVER,,2037670,,UNKNOWN,OTHER (EXPLAIN IN NARRATIVE),XX,,UNKNOWN,UNKNOWN/NA,TOW TRUCK,N,UNKNOWN/NA,,,1,,,,,,,,,,,,,,,,,,UNKNOWN,,,,,,,,,,,,,,,,,,,,,,,,,,,,,,,,,
2137538,80726fcc3ce07d54c5a578d8828984b4ec2fd866a37f44c3da3fd674bd56248aac937e4ed96ac437928fb45e34c7803581e1b6632f3c0ff97d7b7c6f3c2b46ee,08/26/2025 10:42:00 PM,2,PARKED,,2037667,,NISSAN,ROGUE,IL,2008,UNKNOWN,PASSENGER,UNKNOWN/NA,N,PARKED,,,0,,,,,Y,Y,Y,,,,,,,,,,,FRONT-RIGHT-CORNER,,,,,,,,,,,,,,,,,,,,,,,,,,,,,,,,,
2137520,4a25f5894c6b639f92f48872c7a98b544e5ffbb76477e563c3defead921bb0ac985678b8ddfeb46b184dd9fba6857e81187c32702fc862fe80759148d53eba29,08/26/2025 10:15:00 PM,1,DRIVER,,2037652,,HYUNDAI,SONATA,IL,2020,NONE,PASSENGER,PERSONAL,S,PASSING/OVERTAKING,,,1,,,,,,,,,,,Y,Y,,,,,,SIDE-LEFT-REAR,,,,,,,,,,,,,,,,,,,,,,,,,,,,,,,,,
2137521,4a25f5894c6b639f92f48872c7a98b544e5ffbb76477e563c3defead921bb0ac985678b8ddfeb46b184dd9fba6857e81187c32702fc862fe80759148d53eba29,08/26/2025 10:15:00 PM,2,DRIVER,,2037655,,DODGE,POWER RAM,IL,2018,NONE,PASSENGER,PERSONAL,S,STRAIGHT AHEAD,,,1,,,,,,Y,,,,,,,,,,,,SIDE-RIGHT-FRONT,,,,,,,,,,,,,,,,,,,,,,,,,,,,,,,,,
2137530,75e0c85f8955d77e8ee033e8d70f2302c44d948cf0e2654c788231d231c71b5ece527673f5ede8a703f077d3800d5dd8979bfc732cc074ac5067ff85243e76d6,08/26/2025 10:00:00 PM,1,DRIVER,,2037660,Y,"MACK TRAILER MANUFACTURING COMPANY, INC. (DETRIOT, MI)","MACK TRAILER MFG. CO., INC., DETRIOT, MI",TX,2023,NONE,SINGLE UNIT TRUCK WITH TRAILER,COMMERCIAL - SINGLE UNIT,W,STRAIGHT AHEAD,Y,,1,,,,,,,,,,,,,,,,,,TOP,"22,085",3277583,,,SIDE OF TRUCK,,AKSM LOGISTICS,TX,HOUSTON,,,,N,N,,N,,N,N,,,,,,,,,TRACTOR/SEMI-TRAILER,VAN/ENCLOSED BOX,OTHER,N,N,
2137935,41065e63b05b3f6c73dc42d476085b5af63a5230217fbde1d75c1ce34f5c9c404d073d64b520c0e1e6bd317e7f426db00aad6c8a5cb13252f3ccfb2c4ae86951,08/26/2025 09:45:00 PM,1,DRIVER,,2038045,,HONDA,OTHER (EXPLAIN IN NARRATIVE),IL,2012,NONE,SPORT UTILITY VEHICLE (SUV),PERSONAL,N,STRAIGHT AHEAD,,,1,,,,,,,,,,,,,,,,Y,,FRONT,,,,,,,,,,,,,,,,,,,,,,,,,,,,,,,,,
2137936,41065e63b05b3f6c73dc42d476085b5af63a5230217fbde1d75c1ce34f5c9c404d073d64b520c0e1e6bd317e7f426db00aad6c8a5cb13252f3ccfb2c4ae86951,08/26/2025 09:45:00 PM,2,DRIVER,,2038043,,DODGE,RAM 1500 PU,,2022,NONE,PICKUP,PERSONAL,N,STRAIGHT AHEAD,,,1,,,,,,,,,,Y,,,,,,,,REAR,,,,,,,,,,,,,,,,,,,,,,,,,,,,,,,,,
2137510,1687e8834dd8df7bdbe61b7604055f3167ee47a2b7a070009b2f517904f73f51d5d780b8c625f731a729cac0122c4d6581d12572ee7fdcba5790bc687c3f3e6f,08/26/2025 09:40:00 PM,1,DRIVER,,2037642,,UNKNOWN,OTHER (EXPLAIN IN NARRATIVE),,,UNKNOWN,PASSENGER,UNKNOWN/NA,S,STRAIGHT AHEAD,,,1,,,,,,,,,,,,,,,,,Y,FRONT,,,,,,,,,,,,,,,,,,,,,,,,,,,,,,,,,
2137511,1687e8834dd8df7bdbe61b7604055f3167ee47a2b7a070009b2f517904f73f51d5d780b8c625f731a729cac0122c4d6581d12572ee7fdcba5790bc687c3f3e6f,08/26/2025 09:40:00 PM,2,DRIVER,1,2037643,,FORD,FREESTAR,IL,2004,UNKNOWN,VAN/MINI-VAN,PERSONAL,E,STRAIGHT AHEAD,,,2,,,,,,,,,,,,,,Y,Y,,,SIDE-RIGHT,,,,,,,,,,,,,,,,,,,,,,,,,,,,,,,,,
2137526,3ab79575290e5c2227a791d4bd3863e7fe2f557f28f2d727f6c33034c189ea548356d508881a4ed24783a9fa60d5fb5c1f612b30b14bb0059b9fa1b6262ec123,08/26/2025 09:40:00 PM,1,DRIVER,,2037661,,CHEVROLET,MALIBU,IL,2023,UNKNOWN,UNKNOWN/NA,UNKNOWN/NA,E,STRAIGHT AHEAD,,,1,,,,,,Y,Y,,,,,,,,,Y,,SIDE-RIGHT,,,,,,,,,,,,,,,,,,,,,,,,,,,,,,,,,
2137527,3ab79575290e5c2227a791d4bd3863e7fe2f557f28f2d727f6c33034c189ea548356d508881a4ed24783a9fa60d5fb5c1f612b30b14bb0059b9fa1b6262ec123,08/26/2025 09:40:00 PM,2,DRIVER,,2037663,,TOYOTA,OTHER (EXPLAIN IN NARRATIVE),IL,2008,NONE,PASSENGER,UNKNOWN/NA,N,STRAIGHT AHEAD,,,1,,,,,Y,,,,,,,,,,Y,Y,,FRONT,,,,,,,,,,,,,,,,,,,,,,,,,,,,,,,,,
2137528,3ab79575290e5c2227a791d4bd3863e7fe2f557f28f2d727f6c33034c189ea548356d508881a4ed24783a9fa60d5fb5c1f612b30b14bb0059b9fa1b6262ec123,08/26/2025 09:40:00 PM,3,PARKED,,2037666,,NISSAN,ROGUE,IL,2017,UNKNOWN,SPORT UTILITY VEHICLE (SUV),UNKNOWN/NA,UNKNOWN,PARKED,,,0,,,,,,,,,,,Y,Y,Y,Y,,,,REAR-LEFT-CORNER,,,,,,,,,,,,,,,,,,,,,,,,,,,,,,,,,
2137529,3ab79575290e5c2227a791d4bd3863e7fe2f557f28f2d727f6c33034c189ea548356d508881a4ed24783a9fa60d5fb5c1f612b30b14bb0059b9fa1b6262ec123,08/26/2025 09:40:00 PM,4,PARKED,,2037669,,TOYOTA,CAMRY,IL,2016,UNKNOWN,PASSENGER,UNKNOWN/NA,UNKNOWN,PARKED,,,0,,,,,,,,,,Y,Y,Y,,,,,,REAR-LEFT-CORNER,,,,,,,,,,,,,,,,,,,,,,,,,,,,,,,,,
2137781,c882f28d31329714ac38979d660dbacdf837f140e73df12193d34d690b8d06d955296a7eb0e897616a509c322dfaddd04ca98acf27da559d12cbd56e86f2ef70,08/26/2025 09:20:00 PM,1,DRIVER,,2037903,,HYUNDAI,SONATA,IL,2010,NONE,PASSENGER,PERSONAL,W,BACKING,,,1,,,,,,,,,,Y,,,,,,,,REAR,,,,,,,,,,,,,,,,,,,,,,,,,,,,,,,,,
2137782,c882f28d31329714ac38979d660dbacdf837f140e73df12193d34d690b8d06d955296a7eb0e897616a509c322dfaddd04ca98acf27da559d12cbd56e86f2ef70,08/26/2025 09:20:00 PM,2,DRIVER,,2037907,,TOYOTA,RAV4,IL,2020,NONE,PASSENGER,PERSONAL,E,SLOW/STOP IN TRAFFIC,,,1,,,,,,,,,,,,,,,,Y,,FRONT,,,,,,,,,,,,,,,,,,,,,,,,,,,,,,,,,
2137500,56cfaaa713d8d9f4b2163af0f3c6feecac73e05b495b6e93321f13b75fb132854cd0571fa239e684d4dfbea1ffe642f803fc1d1522eea607ca6f722514c58265,08/26/2025 09:18:00 PM,1,DRIVER,,2037633,Y,NEW FLYER,D40LF,IL,2008,NONE,BUS OVER 15 PASS.,CTA,S,TURNING RIGHT,,,1,,,,,,,,Y,Y,,,,,,,,,SIDE-RIGHT-REAR,"22,084",,,,,,CHICAGO TRANSIT AUTHORITY,IL,CHICAGO,,,,U,U,,U,,U,U,,,,,,,,,BUS,BUS,OTHER,,,
2137501,56cfaaa713d8d9f4b2163af0f3c6feecac73e05b495b6e93321f13b75fb132854cd0571fa239e684d4dfbea1ffe642f803fc1d1522eea607ca6f722514c58265,08/26/2025 09:18:00 PM,2,PARKED,,2037638,,FORD,MUSTANG,IL,2022,NONE,PASSENGER,PERSONAL,S,PARKED,,,0,,,,,,,,,,Y,Y,Y,Y,,,,,SIDE-LEFT-REAR,,,,,,,,,,,,,,,,,,,,,,,,,,,,,,,,,
2137492,c56a7449da889a1158b6e9de7d794ecaa10faaad8766c3d29b0892724e0002ada47fe5b6ce44f4bf63de055f388ca4953c77db1fd5aa07aca317dcb0d5523e64,08/26/2025 09:10:00 PM,1,DRIVER,,2037620,,CHEVROLET,TRUCK,IL,2018,UNKNOWN,PICKUP,UNKNOWN/NA,E,STRAIGHT AHEAD,,,1,,,,,Y,,,,,,,,,,Y,Y,,FRONT,,,,,,,,,,,,,,,,,,,,,,,,,,,,,,,,,
2137493,c56a7449da889a1158b6e9de7d794ecaa10faaad8766c3d29b0892724e0002ada47fe5b6ce44f4bf63de055f388ca4953c77db1fd5aa07aca317dcb0d5523e64,08/26/2025 09:10:00 PM,2,PARKED,,2037621,,KIA,TELLURIDE,IL,2024,NONE,PASSENGER,PERSONAL,E,PARKED,,,0,,,,,,,,,Y,Y,Y,,,,,,,REAR,,,,,,,,,,,,,,,,,,,,,,,,,,,,,,,,,
2137497,0020f268f5b1d372db14faad4c12e80f490364d24dffde84a5992afaf43be95465b859941bc46c4c8d6fe61d20fc0ee0c0d8db429b137b1d8e55bea14d5399d4,08/26/2025 09:00:00 PM,1,DRIVER,2,2037623,,HONDA,PILOT,IL,2020,NONE,VAN/MINI-VAN,PERSONAL,N,STRAIGHT AHEAD,Y,,3,,first insurance company,,,,,,,,,,,,Y,Y,Y,,FRONT-LEFT-CORNER,,,,,,,,,,,,,,,,,,,,,,,,,,,,,,,,,
2138061,1b87bc40c0dbb942678356d3d0a868776a880db05a3966f5e933a586b372eaa92f83e2f1f84040823b92e8a9f314aa89109cc1e4fadc242d51e029f6439f4640,08/26/2025 09:00:00 PM,1,DRIVER,,2038205,,UNKNOWN,MOTORIZED,IL,,UNKNOWN,UNKNOWN/NA,UNKNOWN/NA,UNKNOWN,UNKNOWN/NA,,,1,,,,,,,,,,,,,,,,,,UNKNOWN,,,,,,,,,,,,,,,,,,,,,,,,,,,,,,,,,
2138062,1b87bc40c0dbb942678356d3d0a868776a880db05a3966f5e933a586b372eaa92f83e2f1f84040823b92e8a9f314aa89109cc1e4fadc242d51e029f6439f4640,08/26/2025 09:00:00 PM,2,PARKED,,2038163,,CHEVROLET,TAHOE,TX,2021,NONE,PICKUP,PERSONAL,E,PARKED,,,0,,,,,Y,Y,,,,,,,,,,,,FRONT-RIGHT-CORNER,,,,,,,,,,,,,,,,,,,,,,,,,,,,,,,,,
2137658,91f41283446d5ce95aa2909dbc1a0754348e100c20f31bc10bba2cfa69ed58512094cd6ef3bab5a68a9d9df434490865e0c168a298b4b9083c8ca158244e2265,08/26/2025 09:00:00 PM,1,DRIVER,,2037780,,UNKNOWN,OTHER (EXPLAIN IN NARRATIVE),,,UNKNOWN,UNKNOWN/NA,UNKNOWN/NA,S,UNKNOWN/NA,,,1,,,,,,,,,,,,,,,,,Y,UNKNOWN,,,,,,,,,,,,,,,,,,,,,,,,,,,,,,,,,
2137659,91f41283446d5ce95aa2909dbc1a0754348e100c20f31bc10bba2cfa69ed58512094cd6ef3bab5a68a9d9df434490865e0c168a298b4b9083c8ca158244e2265,08/26/2025 09:00:00 PM,2,PEDESTRIAN,,,,,,,,,,,,,,,,,,,,,,,,,,,,,,,,,,,,,,,,,,,,,,,,,,,,,,,,,,,,,,,,,,
2137533,9cf95d3ff16f1a1b46f76fd64a7660059f8f923d0cc59ca13154efd8d14b394956e1f1db216ae8549d99cbf7952fc084dbce33d29155235a1c5befdc3506d8ee,08/26/2025 09:00:00 PM,1,DRIVER,,2037665,,GENERAL MOTORS CORPORATION (GMC),TERRAIN,IL,2019,UNKNOWN,PASSENGER,PERSONAL,N,STRAIGHT AHEAD,Y,,1,,RESCUE TOWING & RECOVERY,UNKNOWN,,Y,,,,,,,,,Y,Y,Y,,FRONT,,,,,,,,,,,,,,,,,,,,,,,,,,,,,,,,,
2137534,9cf95d3ff16f1a1b46f76fd64a7660059f8f923d0cc59ca13154efd8d14b394956e1f1db216ae8549d99cbf7952fc084dbce33d29155235a1c5befdc3506d8ee,08/26/2025 09:00:00 PM,2,DRIVER,,2037671,,FORD,BRONCO / BRONCO II,IL,2022,UNKNOWN,PASSENGER,PERSONAL,W,STRAIGHT AHEAD,Y,,1,,SIGNATURE TOWING RECOVERY,UNKNOWN,,,,,,,,Y,Y,Y,Y,Y,,,SIDE-LEFT,,,,,,,,,,,,,,,,,,,,,,,,,,,,,,,,,
2137765,bcc6cc4f6e17d254538648108445733009fd2b4b22b7dcfc19987d3e020f75435e69006ab49ae06f0c09d992903ad0429daae22aa8675c4046f84d715667ba7b,08/26/2025 08:50:00 PM,1,DRIVER,1,2037887,,KIA,OPTIMA / K5,IL,2015,UNKNOWN,PASSENGER,UNKNOWN/NA,S,STRAIGHT AHEAD,,,2,,,,,,,,,,,,,,,Y,Y,,FRONT,,,,,,,,,,,,,,,,,,,,,,,,,,,,,,,,,
2137766,bcc6cc4f6e17d254538648108445733009fd2b4b22b7dcfc19987d3e020f75435e69006ab49ae06f0c09d992903ad0429daae22aa8675c4046f84d715667ba7b,08/26/2025 08:50:00 PM,2,DRIVER,,2037894,,LINCOLN,AVIATOR,IL,2022,UNKNOWN,SPORT UTILITY VEHICLE (SUV),PERSONAL,S,STRAIGHT AHEAD,,,1,,,,,,,,,,Y,Y,,,,,,,REAR,,,,,,,,,,,,,,,,,,,,,,,,,,,,,,,,,
2137498,7cc41f3bf7441fc7d2e6a6f41d9eec2d5cc4fe99fbc0d5e4d8c04104ef1581eae05ef360025ad54a0489f84c1a0ce99720cd283b03f40b1805bc052c0f35d33e,08/26/2025 08:46:00 PM,1,DRIVER,,2037637,,UNKNOWN,MOTORIZED,XX,1900,NONE,PASSENGER,PERSONAL,N,STRAIGHT AHEAD,,,1,,,,,,,,,,,,,,,Y,,,FRONT-LEFT-CORNER,,,,,,,,,,,,,,,,,,,,,,,,,,,,,,,,,
2137499,7cc41f3bf7441fc7d2e6a6f41d9eec2d5cc4fe99fbc0d5e4d8c04104ef1581eae05ef360025ad54a0489f84c1a0ce99720cd283b03f40b1805bc052c0f35d33e,08/26/2025 08:46:00 PM,2,PARKED,,2037631,,VOLKSWAGEN,JETTA,IL,2016,NONE,PASSENGER,PERSONAL,S,PARKED,Y,,0,,unknown,unknown,,,,,,,,,,,Y,Y,,,SIDE-LEFT-FRONT,,,,,,,,,,,,,,,,,,,,,,,,,,,,,,,,,
2137478,cdb4ac9aadc28c3a0c92e8df6becaf6a9a4c346e204b2e15646ef0332389c43f163dc49348091600103454ba56fcc2a7c11d478281f2e7d938fbee265ac28ead,08/26/2025 08:37:00 PM,1,DRIVER,,2037613,,GENERAL MOTORS CORPORATION (GMC),ENVOY,IL,2002,UNKNOWN,PASSENGER,PERSONAL,S,BACKING,,,1,,,,,,,,,,,,,,,,,Y,REAR,,,,,,,,,,,,,,,,,,,,,,,,,,,,,,,,,
2137479,cdb4ac9aadc28c3a0c92e8df6becaf6a9a4c346e204b2e15646ef0332389c43f163dc49348091600103454ba56fcc2a7c11d478281f2e7d938fbee265ac28ead,08/26/2025 08:37:00 PM,2,DRIVER,,2037615,,TOYOTA,COROLLA,IL,2009,UNKNOWN,PASSENGER,PERSONAL,N,SLOW/STOP IN TRAFFIC,,,1,,,,,,,,,,,,,,,Y,Y,,FRONT-LEFT-CORNER,,,,,,,,,,,,,,,,,,,,,,,,,,,,,,,,,
2138115,d0f6cd7cd69d56a1f1b79b56d91e7ef76d853cffaf46b8f6c5c79f3873dba83d44328baf1a7990328cec2c3643dd4e0b8dda41c7b40fcd42a9593791d623391b,08/26/2025 08:30:00 PM,1,DRIVER,,2038215,,UNKNOWN,OTHER (EXPLAIN IN NARRATIVE),IL,,UNKNOWN,UNKNOWN/NA,UNKNOWN/NA,S,STRAIGHT AHEAD,,,1,,,,,Y,,,,,,,,,,Y,Y,,FRONT,,,,,,,,,,,,,,,,,,,,,,,,,,,,,,,,,
2138116,d0f6cd7cd69d56a1f1b79b56d91e7ef76d853cffaf46b8f6c5c79f3873dba83d44328baf1a7990328cec2c3643dd4e0b8dda41c7b40fcd42a9593791d623391b,08/26/2025 08:30:00 PM,2,PEDESTRIAN,,,,,,,,,,,,,,,,,,,,,,,,,,,,,,,,,,,,,,,,,,,,,,,,,,,,,,,,,,,,,,,,,,
2137482,44690a37435f32176e03ce0b16b189ff857e1e6a826c0f387a900b8a7ac61ebbb3b3bc6e6598e3ea81ef0b0a417d617c3cb280bc43ea07a3dbb26d2ce33515b8,08/26/2025 08:00:00 PM,1,DRIVER,,2037614,,TOYOTA,CAMRY,IL,2015,UNKNOWN,PASSENGER,PERSONAL,N,U-TURN,,,1,,,,,,,,,,,,,,,Y,,,FRONT-LEFT-CORNER,,,,,,,,,,,,,,,,,,,,,,,,,,,,,,,,,
2137483,44690a37435f32176e03ce0b16b189ff857e1e6a826c0f387a900b8a7ac61ebbb3b3bc6e6598e3ea81ef0b0a417d617c3cb280bc43ea07a3dbb26d2ce33515b8,08/26/2025 08:00:00 PM,2,DRIVER,,2037618,,CHEVROLET,TAHOE,IL,2016,NONE,SPORT UTILITY VEHICLE (SUV),PERSONAL,S,LEAVING TRAFFIC LANE TO PARK,,,1,,,,,,,,,,,Y,,,,,,,SIDE-LEFT-REAR,,,,,,,,,,,,,,,,,,,,,,,,,,,,,,,,,
2137514,d9ae763f1ffc6a47925fab5d059c0c0ec83c59880025aa5a6db789700653850b233a9500f068639f0e4def90cba03e55f58c02eb50173a9b1e4f1918df0a4670,08/26/2025 07:50:00 PM,1,DRIVER,1,2037645,,CHEVROLET,OTHER (EXPLAIN IN NARRATIVE),IL,2018,UNKNOWN,PICKUP,PERSONAL,E,STRAIGHT AHEAD,,,2,,,,,,,,,,,,,,Y,Y,,,FRONT-LEFT-CORNER,,,,,,,,,,,,,,,,,,,,,,,,,,,,,,,,,