CRASH_UNIT_ID,CRASH_RECORD_ID,CRASH_DATE,UNIT_NO,UNIT_TYPE,NUM_PASSENGERS,VEHICLE_ID,CMRC_VEH_I,MAKE,MODEL,LIC_PLATE_STATE,VEHICLE_YEAR,VEHICLE_DEFECT,VEHICLE_TYPE,VEHICLE_USE,TRAVEL_DIRECTION,MANEUVER,TOWED_I,FIRE_I,OCCUPANT_CNT,EXCEED_SPEED_LIMIT_I,TOWED_BY,TOWED_TO,AREA_00_I,AREA_01_I,AREA_02_I,AREA_03_I,AREA_04_I,AREA_05_I,AREA_06_I,AREA_07_I,AREA_08_I,AREA_09_I,AREA_10_I,AREA_11_I,AREA_12_I,AREA_99_I,FIRST_CONTACT_POINT,CMV_ID,USDOT_NO,CCMC_NO,ILCC_NO,COMMERCIAL_SRC,GVWR,CARRIER_NAME,CARRIER_STATE,CARRIER_CITY,HAZMAT_PLACARDS_I,HAZMAT_NAME,UN_NO,HAZMAT_PRESENT_I,HAZMAT_REPORT_I,HAZMAT_REPORT_NO,MCS_REPORT_I,MCS_REPORT_NO,HAZMAT_VIO_CAUSE_CRASH_I,MCS_VIO_CAUSE_CRASH_I,IDOT_PERMIT_NO,WIDE_LOAD_I,TRAILER1_WIDTH,TRAILER2_WIDTH,TRAILER1_LENGTH,TRAILER2_LENGTH,TOTAL_VEHICLE_LENGTH,AXLE_CNT,VEHICLE_CONFIG,CARGO_BODY_TYPE,LOAD_TYPE,HAZMAT_OUT_OF_SERVICE_I,MCS_OUT_OF_SERVICE_I,HAZMAT_CLASS
2137515,d9ae763f1ffc6a47925fab5d059c0c0ec83c59880025aa5a6db789700653850b233a9500f068639f0e4def90cba03e55f58c02eb50173a9b1e4f1918df0a4670,08/26/2025 07:50:00 PM,2,DRIVER,,2037651,,CHEVROLET,CAMARO,IL,2024,UNKNOWN,PASSENGER,PERSONAL,E,STRAIGHT AHEAD,,,1,,,,,Y,Y,Y,Y,Y,,,,,,,,,SIDE-RIGHT,,,,,,,,,,,,,,,,,,,,,,,,,,,,,,,,,
2138874,18c6f7159477c8d9ef89e3e3ba2d745c6ba606f6b7e2dd7a41d513cf4ab0ce414ee525b9fc1a60ab16506421d066bc9f6d33121aec81cddb53263515745316bb,08/26/2025 07:30:00 PM,1,DRIVER,,2038932,,TOYOTA,OTHER (EXPLAIN IN NARRATIVE),IL,2008,NONE,PASSENGER,PERSONAL,N,STRAIGHT AHEAD,,,1,,,,,,,,,,,,,,,,Y,,FRONT,,,,,,,,,,,,,,,,,,,,,,,,,,,,,,,,,
2138875,18c6f7159477c8d9ef89e3e3ba2d745c6ba606f6b7e2dd7a41d513cf4ab0ce414ee525b9fc1a60ab16506421d066bc9f6d33121aec81cddb53263515745316bb,08/26/2025 07:30:00 PM,2,DRIVER,,2038927,,CHEVROLET,MALIBU,IL,2024,NONE,PASSENGER,PERSONAL,N,STRAIGHT AHEAD,,,1,,,,,,,,,,Y,,,,,,,,REAR,,,,,,,,,,,,,,,,,,,,,,,,,,,,,,,,,
2139146,2180aede5d54aeecacd273ed58bc733f87ac9d1520218d779ca16ddc08b24a2f4821fe1e39afcbbe56c018a3dcc1a210320ad9a14e9eb4324f8df7eca9d3cfd1,08/26/2025 07:30:00 PM,1,DRIVER,,2039162,,TOYOTA,CAMRY,IL,2007,NONE,PASSENGER,PERSONAL,E,PASSING/OVERTAKING,,,1,,,,,Y,Y,Y,Y,Y,,,,,,,,,SIDE-RIGHT,,,,,,,,,,,,,,,,,,,,,,,,,,,,,,,,,
2139147,2180aede5d54aeecacd273ed58bc733f87ac9d1520218d779ca16ddc08b24a2f4821fe1e39afcbbe56c018a3dcc1a210320ad9a14e9eb4324f8df7eca9d3cfd1,08/26/2025 07:30:00 PM,2,DRIVER,,2039177,,BMW,OTHER (EXPLAIN IN NARRATIVE),IL,2015,NONE,PASSENGER,PERSONAL,N,STRAIGHT AHEAD,,,1,,,,,Y,,,,,,,,,,Y,Y,,FRONT,,,,,,,,,,,,,,,,,,,,,,,,,,,,,,,,,
2137720,9aeca8e11110548b691e883ff5a50e814bf7b5ec44ce61f8486d9bf4482faf5c3e1ce3b675342c1bce9e3eeebc4fd656a123a6980da7f20a43e682689f3bd6bd,08/26/2025 07:30:00 PM,1,DRIVER,,2037839,,UNKNOWN,OTHER (EXPLAIN IN NARRATIVE),IL,,UNKNOWN,UNKNOWN/NA,UNKNOWN/NA,UNKNOWN,UNKNOWN/NA,,,1,,,,,,,,,,,,,,,,,Y,UNKNOWN,,,,,,,,,,,,,,,,,,,,,,,,,,,,,,,,,
2137721,9aeca8e11110548b691e883ff5a50e814bf7b5ec44ce61f8486d9bf4482faf5c3e1ce3b675342c1bce9e3eeebc4fd656a123a6980da7f20a43e682689f3bd6bd,08/26/2025 07:30:00 PM,2,PARKED,,2037830,,VOLKSWAGEN,TIGUAN,IL,2021,NONE,PASSENGER,PERSONAL,N,PARKED,,,0,,,,,,,,,,,,,Y,Y,Y,,,OTHER,,,,,,,,,,,,,,,,,,,,,,,,,,,,,,,,,
2137480,d5fa7b853a8c4c4a3a530f4bee77f21693d0a7b950e54ca5daaf53aa9fd47633a4d72137b0852c13f275180d200dae2abb574e516abe0a29a0c2b27bd19ecbcf,08/26/2025 07:30:00 PM,1,DRIVER,,2037629,,CHEVROLET,CRUZE,IL,2017,UNKNOWN,PASSENGER,PERSONAL,W,STRAIGHT AHEAD,Y,,1,,CITY OF CHICAGO,CITY POUND,,Y,,,,,,Y,Y,Y,Y,Y,Y,,SIDE-LEFT-REAR,,,,,,,,,,,,,,,,,,,,,,,,,,,,,,,,,
2137481,d5fa7b853a8c4c4a3a530f4bee77f21693d0a7b950e54ca5daaf53aa9fd47633a4d72137b0852c13f275180d200dae2abb574e516abe0a29a0c2b27bd19ecbcf,08/26/2025 07:30:00 PM,2,DRIVER,,2037617,,HONDA,PILOT,IL,2003,UNKNOWN,SPORT UTILITY VEHICLE (SUV),PERSONAL,N,STRAIGHT AHEAD,,,1,,,,,Y,,,,,,,,,,,Y,,FRONT-RIGHT-CORNER,,,,,,,,,,,,,,,,,,,,,,,,,,,,,,,,,
2137432,dcaa4cfaab2deec967aa8f67625c2b80622fe661531e1cf06e7ebc97bab467a74da5d9945dfa74f59c0a6ad16d3f2d1198844859a8c591b4396fc37f1fd49529,08/26/2025 07:25:00 PM,1,DRIVER,,2037562,,TOYOTA,RAV4,IL,2008,NONE,PASSENGER,PERSONAL,N,ENTER FROM DRIVE/ALLEY,,,1,,,,,Y,,,,,,,,,,Y,Y,,FRONT,,,,,,,,,,,,,,,,,,,,,,,,,,,,,,,,,
2137433,dcaa4cfaab2deec967aa8f67625c2b80622fe661531e1cf06e7ebc97bab467a74da5d9945dfa74f59c0a6ad16d3f2d1198844859a8c591b4396fc37f1fd49529,08/26/2025 07:25:00 PM,2,DRIVER,,2037567,,NISSAN,ALTIMA,IL,2021,NONE,PASSENGER,PERSONAL,E,STRAIGHT AHEAD,,,1,,,,,Y,Y,Y,,,,,,,,,,,SIDE-RIGHT,,,,,,,,,,,,,,,,,,,,,,,,,,,,,,,,,
2137502,28deb9472263bc553eb283d48b52fd79180eec5b59a72bbee0bd6176057549312754fb9659ffdf877cb109d2b38c07cb6256a15e9d362408381c5439ca5f66a4,08/26/2025 07:20:00 PM,1,DRIVER,,2037632,,GENERAL MOTORS CORPORATION (GMC),TERRAIN,IL,2011,NONE,SPORT UTILITY VEHICLE (SUV),PERSONAL,W,STRAIGHT AHEAD,Y,,1,,CITY,POUND 2,,Y,,,,,,,,,,N,Y,,SIDE-RIGHT-FRONT,,,,,,,,,,,,,,,,,,,,,,,,,,,,,,,,,
2137503,28deb9472263bc553eb283d48b52fd79180eec5b59a72bbee0bd6176057549312754fb9659ffdf877cb109d2b38c07cb6256a15e9d362408381c5439ca5f66a4,08/26/2025 07:20:00 PM,2,PARKED,1,2037636,,FORD,ESCAPE,IL,2018,NONE,SPORT UTILITY VEHICLE (SUV),PERSONAL,W,PARKED,,,1,,,,,,,,,Y,Y,Y,,,,,,,SIDE-RIGHT-REAR,,,,,,,,,,,,,,,,,,,,,,,,,,,,,,,,,
2137512,38bee1e955f27ac60ec5e1f2c172587ad0680629e95b2fbe7e2f2c6a27bd3b947b19b5a7efa233e9cc13f1257ae93ff646b3dc5064ff2507084ded524c7f1cd3,08/26/2025 07:20:00 PM,1,DRIVER,,2037646,,CHEVROLET,TRUCK,IL,2005,UNKNOWN,PICKUP,PERSONAL,N,STRAIGHT AHEAD,,,1,,,,,N,,,,,,,,,,N,N,Y,FRONT,,,,,,,,,,,,,,,,,,,,,,,,,,,,,,,,,
2137513,38bee1e955f27ac60ec5e1f2c172587ad0680629e95b2fbe7e2f2c6a27bd3b947b19b5a7efa233e9cc13f1257ae93ff646b3dc5064ff2507084ded524c7f1cd3,08/26/2025 07:20:00 PM,2,DRIVER,1,2037650,,DODGE,CARAVAN,IL,2013,UNKNOWN,PASSENGER,PERSONAL,N,STRAIGHT AHEAD,,,2,,,,,,,,,,Y,N,,,,,,,NONE,,,,,,,,,,,,,,,,,,,,,,,,,,,,,,,,,
2137908,58edb699fedde22dfc9c6375991bf06a1431804697e63b23e9878b28f62dd870827bbf2576e6810ab988eefc3ee49de842af1337faa1ae3f0fe86bdfe6352169,08/26/2025 07:17:00 PM,1,DRIVER,,2038059,,NISSAN,SENTRA,IL,2018,UNKNOWN,PASSENGER,PERSONAL,S,STRAIGHT AHEAD,,,1,,,,,,,,,,,,,,,,,,UNKNOWN,,,,,,,,,,,,,,,,,,,,,,,,,,,,,,,,,
2137909,58edb699fedde22dfc9c6375991bf06a1431804697e63b23e9878b28f62dd870827bbf2576e6810ab988eefc3ee49de842af1337faa1ae3f0fe86bdfe6352169,08/26/2025 07:17:00 PM,2,DRIVER,3,2038077,,VOLVO,XC70,VA,2025,UNKNOWN,PASSENGER,PERSONAL,S,STRAIGHT AHEAD,,,4,,,,,,,,,,,Y,Y,Y,,,,,SIDE-LEFT,,,,,,,,,,,,,,,,,,,,,,,,,,,,,,,,,
2137864,ddd7e3d028f0bcc80b1061760f3753c93c1a03a9d8b654ed6ddb9eec88214013e16366985608fdf7119b070b809269a8dba146ac119a1c100e3aa0e3fcd5be5b,08/26/2025 07:15:00 PM,1,DRIVER,,2037972,,TOYOTA,HIGHLANDER,IL,2007,UNKNOWN,SPORT UTILITY VEHICLE (SUV),PERSONAL,S,STRAIGHT AHEAD,,,1,,,,,,,,,,,,,,,,Y,,FRONT,,,,,,,,,,,,,,,,,,,,,,,,,,,,,,,,,
2137865,ddd7e3d028f0bcc80b1061760f3753c93c1a03a9d8b654ed6ddb9eec88214013e16366985608fdf7119b070b809269a8dba146ac119a1c100e3aa0e3fcd5be5b,08/26/2025 07:15:00 PM,2,DRIVER,,2037976,,LEXUS,RX,IL,2016,NONE,PASSENGER,PERSONAL,S,STRAIGHT AHEAD,,,1,,,,,,,,,,Y,,,,,,,,REAR,,,,,,,,,,,,,,,,,,,,,,,,,,,,,,,,,
2137446,2c35eb21b2c0ad8fc2e9ad958c6e550f6798c8de5b51f7106c5dbe1a2d1fbac9c716b0a9d267363e5b62d21ba96f4cdb9f865796486eaa8a1aad9f830dc0e2b4,08/26/2025 07:10:00 PM,1,DRIVER,,2037588,,UNKNOWN,OTHER (EXPLAIN IN NARRATIVE),,,UNKNOWN,OTHER,PERSONAL,S,STRAIGHT AHEAD,,,1,,,,,,,,,,,,,,,,,Y,FRONT,,,,,,,,,,,,,,,,,,,,,,,,,,,,,,,,,
2137453,2c35eb21b2c0ad8fc2e9ad958c6e550f6798c8de5b51f7106c5dbe1a2d1fbac9c716b0a9d267363e5b62d21ba96f4cdb9f865796486eaa8a1aad9f830dc0e2b4,08/26/2025 07:10:00 PM,2,PEDESTRIAN,,,,,,,,,,,,,,,,,,,,,,,,,,,,,,,,,,,,,,,,,,,,,,,,,,,,,,,,,,,,,,,,,,
2138088,41989faa98253d35fc98ec0f4c1ee593b2e5f3ca23da2fe62fae3d890ab8f2c969a51d2ebd8453fce74ff47cbe1dab8be48f02d83082223cf6ed04c67df79608,08/26/2025 07:00:00 PM,1,DRIVER,,2038175,,UNKNOWN,OTHER (EXPLAIN IN NARRATIVE),IL,,UNKNOWN,UNKNOWN/NA,UNKNOWN/NA,E,STRAIGHT AHEAD,,,1,,,,,,,,,,,,,,,,,Y,FRONT-LEFT-CORNER,,,,,,,,,,,,,,,,,,,,,,,,,,,,,,,,,
2138089,41989faa98253d35fc98ec0f4c1ee593b2e5f3ca23da2fe62fae3d890ab8f2c969a51d2ebd8453fce74ff47cbe1dab8be48f02d83082223cf6ed04c67df79608,08/26/2025 07:00:00 PM,2,DRIVER,,2038189,,TOYOTA,CAMRY,IL,2002,NONE,PASSENGER,PERSONAL,W,STRAIGHT AHEAD,,,1,,,,,,,,,,,,,Y,Y,Y,N,,FRONT-LEFT-CORNER,,,,,,,,,,,,,,,,,,,,,,,,,,,,,,,,,
2137722,bfa0c74915d272b6758630db962721aca8b374ec88a13680a742b9e7aae32cfb20e8f44c086839edf9c7dd3b961d0758d6a281946e1696ac5e1a37ab6f61e064,08/26/2025 07:00:00 PM,1,DRIVER,,2037847,,FORD,OTHER (EXPLAIN IN NARRATIVE),IL,2012,UNKNOWN,PASSENGER,RIDESHARE SERVICE,N,MERGING,,,1,,,,,,,,,,,,,,,,,Y,UNKNOWN,,,,,,,,,,,,,,,,,,,,,,,,,,,,,,,,,
2137723,bfa0c74915d272b6758630db962721aca8b374ec88a13680a742b9e7aae32cfb20e8f44c086839edf9c7dd3b961d0758d6a281946e1696ac5e1a37ab6f61e064,08/26/2025 07:00:00 PM,2,PARKED,1,2037853,,TOYOTA,PRIUS,IL,2012,NONE,PASSENGER,RIDESHARE SERVICE,UNKNOWN,PARKED,,,1,,,,,,,,,,,,,,Y,Y,,,FRONT-LEFT-CORNER,,,,,,,,,,,,,,,,,,,,,,,,,,,,,,,,,
2137518,d81bbd4152bf9a2d0f5b27624819c34c7918e0a8bdd2f11336faf6adb49127393cb970d439e82f6ef2c2939179175f34cb4d9802a4b8541c2f6d489e66480737,08/26/2025 07:00:00 PM,1,DRIVER,,2037648,,UNKNOWN,MOTORIZED,,,UNKNOWN,UNKNOWN/NA,UNKNOWN/NA,UNKNOWN,UNKNOWN/NA,,,1,,,,,Y,,,,,,,,,,,,,FRONT-RIGHT-CORNER,,,,,,,,,,,,,,,,,,,,,,,,,,,,,,,,,
2137519,d81bbd4152bf9a2d0f5b27624819c34c7918e0a8bdd2f11336faf6adb49127393cb970d439e82f6ef2c2939179175f34cb4d9802a4b8541c2f6d489e66480737,08/26/2025 07:00:00 PM,2,PARKED,,2037649,,AUDI,Q5,IL,2021,NONE,PASSENGER,NOT IN USE,UNKNOWN,PARKED,,,0,,,,,,,,,,,,,,,Y,,,FRONT-LEFT-CORNER,,,,,,,,,,,,,,,,,,,,,,,,,,,,,,,,,
2137472,e3439d7aab33e2cc94d2e1de60c6d3a86386ba214f4476d5925c91e2b8b0574c930256ef28f35af7ab4aaf957d4a83d49531453f9d3c659eab0a666148b65af2,08/26/2025 07:00:00 PM,1,BICYCLE,,,,,,,,,,,,,,,,,,,,,,,,,,,,,,,,,,,,,,,,,,,,,,,,,,,,,,,,,,,,,,,,,,
2137473,e3439d7aab33e2cc94d2e1de60c6d3a86386ba214f4476d5925c91e2b8b0574c930256ef28f35af7ab4aaf957d4a83d49531453f9d3c659eab0a666148b65af2,08/26/2025 07:00:00 PM,2,DRIVER,2,2037610,,HONDA,ACCORD,IL,2011,NONE,PASSENGER,PERSONAL,W,STRAIGHT AHEAD,,,3,,,,,,,,,,,,,Y,Y,Y,Y,,FRONT-LEFT-CORNER,,,,,,,,,,,,,,,,,,,,,,,,,,,,,,,,,
2137683,f44585ec0ea6402d357ee3655e1a18a713d3fdc5f97fc12156907a2b76cbc07ac204c1884158a3e09d02cd6dd2f33d29a65769730c0d8113e0596d188545da2a,08/26/2025 07:00:00 PM,1,DRIVER,,2037800,,UNKNOWN,OTHER (EXPLAIN IN NARRATIVE),,,UNKNOWN,UNKNOWN/NA,UNKNOWN/NA,UNKNOWN,UNKNOWN/NA,,,1,,,,,,,,,,,,,,,,,Y,UNKNOWN,,,,,,,,,,,,,,,,,,,,,,,,,,,,,,,,,
2137684,f44585ec0ea6402d357ee3655e1a18a713d3fdc5f97fc12156907a2b76cbc07ac204c1884158a3e09d02cd6dd2f33d29a65769730c0d8113e0596d188545da2a,08/26/2025 07:00:00 PM,2,PARKED,,2037804,,HYUNDAI,TUCSON,IL,2019,NONE,PASSENGER,PERSONAL,E,PARKED,,,0,,,,,,,,,,,Y,,,,,,,SIDE-LEFT-REAR,,,,,,,,,,,,,,,,,,,,,,,,,,,,,,,,,
2137440,03892cc74c2906ada0ca46bf571bf4400696274f3bcbe20883ecbf9c971a4d793160a0d65d02b9f32f3720867481c5acc69b7ba5d15db8fb39e0a82a1fcff836,08/26/2025 06:50:00 PM,1,DRIVER,,2037575,,MAZDA,CX-5,IL,2014,UNKNOWN,SPORT UTILITY VEHICLE (SUV),UNKNOWN/NA,E,STRAIGHT AHEAD,,,1,,,,,,,,,,,,,,,,Y,,FRONT,,,,,,,,,,,,,,,,,,,,,,,,,,,,,,,,,
2137441,03892cc74c2906ada0ca46bf571bf4400696274f3bcbe20883ecbf9c971a4d793160a0d65d02b9f32f3720867481c5acc69b7ba5d15db8fb39e0a82a1fcff836,08/26/2025 06:50:00 PM,2,DRIVER,,2037580,,MAZDA,MAZDA3,NJ,2024,UNKNOWN,PASSENGER,UNKNOWN/NA,E,UNKNOWN/NA,,,1,,,,,,,,,,Y,,,,,,,,REAR,,,,,,,,,,,,,,,,,,,,,,,,,,,,,,,,,
2137414,3407ae88918221e41c16b17470c8840fdae8660181f85dbcfc61b35c43bcf35f19224e178ca93c50f71eb6fc7ff6c80cac1bbb40442d25fac8b2f307313b0034,08/26/2025 06:40:00 PM,1,DRIVER,,2037543,,UNKNOWN,OTHER (EXPLAIN IN NARRATIVE),,,UNKNOWN,SPORT UTILITY VEHICLE (SUV),UNKNOWN/NA,UNKNOWN,UNKNOWN/NA,,,1,,,,,,,,,,,,,,,,,Y,FRONT,,,,,,,,,,,,,,,,,,,,,,,,,,,,,,,,,
2137415,3407ae88918221e41c16b17470c8840fdae8660181f85dbcfc61b35c43bcf35f19224e178ca93c50f71eb6fc7ff6c80cac1bbb40442d25fac8b2f307313b0034,08/26/2025 06:40:00 PM,2,DRIVER,1,2037546,,HONDA,CR-V,IL,2018,UNKNOWN,SPORT UTILITY VEHICLE (SUV),UNKNOWN/NA,UNKNOWN,UNKNOWN/NA,,,2,,,,,,,,,Y,Y,Y,,,,,,,REAR,,,,,,,,,,,,,,,,,,,,,,,,,,,,,,,,,
2137410,ac6c401f5d2d6d84cad8f0c4e022915b831cbecc03f438aaa4d1aac9b5d991e30bcda47957a603438278f78f7b6e1120aa76861afa435fd9db978f924b98c762,08/26/2025 06:40:00 PM,1,DRIVER,,2037541,,TOYOTA,HIGHLANDER,IL,2018,NONE,PASSENGER,PERSONAL,NW,TURNING RIGHT,,,1,,,,,,,,,,,Y,Y,Y,Y,Y,,,SIDE-LEFT,,,,,,,,,,,,,,,,,,,,,,,,,,,,,,,,,
2137411,ac6c401f5d2d6d84cad8f0c4e022915b831cbecc03f438aaa4d1aac9b5d991e30bcda47957a603438278f78f7b6e1120aa76861afa435fd9db978f924b98c762,08/26/2025 06:40:00 PM,2,DRIVER,1,2037554,,BMW,OTHER (EXPLAIN IN NARRATIVE),IL,2018,NONE,PASSENGER,PERSONAL,N,STRAIGHT AHEAD,,,2,,,,,,,Y,Y,Y,,,,,,,,,SIDE-RIGHT,,,,,,,,,,,,,,,,,,,,,,,,,,,,,,,,,
2137428,8b8c4ded9c9f7d4ba04a436fbc021173de573b7a5e200063e6ad03d7cdbc0f54991e873d65c41938e0bab6ab73a02c24875adcd165847637bead69b37f4aa36c,08/26/2025 06:35:00 PM,1,BICYCLE,,,,,,,,,,,,,,,,,,,,,,,,,,,,,,,,,,,,,,,,,,,,,,,,,,,,,,,,,,,,,,,,,,
2137429,8b8c4ded9c9f7d4ba04a436fbc021173de573b7a5e200063e6ad03d7cdbc0f54991e873d65c41938e0bab6ab73a02c24875adcd165847637bead69b37f4aa36c,08/26/2025 06:35:00 PM,2,DRIVER,1,2037570,,TOYOTA,RAV4,IL,2021,NONE,SPORT UTILITY VEHICLE (SUV),RIDESHARE SERVICE,S,SLOW/STOP IN TRAFFIC,,,2,,,,,,,,,,Y,,,,,,,,REAR,,,,,,,,,,,,,,,,,,,,,,,,,,,,,,,,,
2137396,a2d62e6ac6b77281b6b2b30161943672122ff938df59b48ba9b72f7f343e7e38f790fe83d0e785fcf0d8ef0da454e519ca1304b78dafd3e78339548e64da0c90,08/26/2025 06:35:00 PM,1,DRIVER,1,2037534,,MERCURY,MOUNTAINEER,IL,2005,NONE,PASSENGER,PERSONAL,S,STRAIGHT AHEAD,,,2,,,,,,Y,Y,Y,,,,,,,,,,SIDE-RIGHT,,,,,,,,,,,,,,,,,,,,,,,,,,,,,,,,,
2137397,a2d62e6ac6b77281b6b2b30161943672122ff938df59b48ba9b72f7f343e7e38f790fe83d0e785fcf0d8ef0da454e519ca1304b78dafd3e78339548e64da0c90,08/26/2025 06:35:00 PM,2,DRIVER,1,2037545,,JEEP,COMPASS,IL,2025,NONE,PASSENGER,PERSONAL,E,STRAIGHT AHEAD,,,2,,,,,Y,,,,,,,,,,Y,Y,,FRONT,,,,,,,,,,,,,,,,,,,,,,,,,,,,,,,,,
2137398,a2d62e6ac6b77281b6b2b30161943672122ff938df59b48ba9b72f7f343e7e38f790fe83d0e785fcf0d8ef0da454e519ca1304b78dafd3e78339548e64da0c90,08/26/2025 06:35:00 PM,3,PARKED,,2037563,,CHEVROLET,SILVERADO,IL,2010,NONE,PICKUP,PERSONAL,E,PARKED,,,0,,,,,Y,,,,,,Y,,,,,Y,,SIDE-LEFT-REAR,,,,,,,,,,,,,,,,,,,,,,,,,,,,,,,,,
2137399,a2d62e6ac6b77281b6b2b30161943672122ff938df59b48ba9b72f7f343e7e38f790fe83d0e785fcf0d8ef0da454e519ca1304b78dafd3e78339548e64da0c90,08/26/2025 06:35:00 PM,4,PARKED,,2037572,,TOYOTA,TERCEL,,,NONE,PASSENGER,PERSONAL,E,PARKED,,,0,,,,,,,,,Y,Y,Y,,,,,,,REAR,,,,,,,,,,,,,,,,,,,,,,,,,,,,,,,,,
2137434,548cc4ff2dad2eb0c72f5bdd858e6e8a985f662adc41f014e852394172223c09d7b5d9381db0c328e3a000717d590f0b1a559a106648e5dd1f76b32fd8f0225a,08/26/2025 06:30:00 PM,1,DRIVER,,2037566,,UNKNOWN,OTHER (EXPLAIN IN NARRATIVE),IL,,UNKNOWN,UNKNOWN/NA,UNKNOWN/NA,UNKNOWN,UNKNOWN/NA,,,1,,,,,,,,,,,,,,,,,,UNKNOWN,,,,,,,,,,,,,,,,,,,,,,,,,,,,,,,,,
2137435,548cc4ff2dad2eb0c72f5bdd858e6e8a985f662adc41f014e852394172223c09d7b5d9381db0c328e3a000717d590f0b1a559a106648e5dd1f76b32fd8f0225a,08/26/2025 06:30:00 PM,2,PARKED,,2037573,,HYUNDAI,ELANTRA,IL,2013,NONE,PASSENGER,PERSONAL,S,PARKED,,,0,,,,,,,,,,,,,,,,,,REAR-LEFT-CORNER,,,,,,,,,,,,,,,,,,,,,,,,,,,,,,,,,
2137456,aef8ce46ff2bc733a5c688ae095674fdd0dc95d3454d9c7961c10b13936d54fed0ce3b1244a5f036e16140ca9b4a97162f6910545bc17c90427359010c8d7f29,08/26/2025 06:30:00 PM,1,DRIVER,,2037594,,MAZDA,CX-30,IL,2025,UNKNOWN,PASSENGER,PERSONAL,SE,BACKING,,,1,,,,,Y,Y,Y,Y,Y,,,,,,,,,SIDE-RIGHT,,,,,,,,,,,,,,,,,,,,,,,,,,,,,,,,,
2137457,aef8ce46ff2bc733a5c688ae095674fdd0dc95d3454d9c7961c10b13936d54fed0ce3b1244a5f036e16140ca9b4a97162f6910545bc17c90427359010c8d7f29,08/26/2025 06:30:00 PM,2,PARKED,,2037597,,TOYOTA,CAMRY,IL,2011,UNKNOWN,PASSENGER,NOT IN USE,N,PARKED,,,0,,,,,,,,,,,Y,Y,,,,,,SIDE-LEFT-REAR,,,,,,,,,,,,,,,,,,,,,,,,,,,,,,,,,
2137406,4810a7178594f7b4b3a19ae5b2b0fce3e5fdda562020b2010c5b3a4ddfa03abff909bf30bdfb191413e15d3897bd084f221343a752303ac1e7fd65bb701aafc9,08/26/2025 06:26:00 PM,1,DRIVER,,2037540,,CHRYSLER,OTHER (EXPLAIN IN NARRATIVE),IL,2013,UNKNOWN,PASSENGER,PERSONAL,E,STRAIGHT AHEAD,,,1,,,,,,,,,,,,,,,,Y,,FRONT,,,,,,,,,,,,,,,,,,,,,,,,,,,,,,,,,
2137407,4810a7178594f7b4b3a19ae5b2b0fce3e5fdda562020b2010c5b3a4ddfa03abff909bf30bdfb191413e15d3897bd084f221343a752303ac1e7fd65bb701aafc9,08/26/2025 06:26:00 PM,2,DRIVER,1,2037551,Y,TOYOTA,COROLLA,IL,2013,NONE,PASSENGER,OTHER,E,STRAIGHT AHEAD,,,2,,,,,,,,,,Y,,,,,,,,REAR,,,,,,,,,,,,,,,,,,,,,,,,,,,,,,,,,
2137495,0652a0227e44ab679853183460c2ce22fc0602dbf2d2c157afe36dd0c8cbeb101974437404caa1218b3d02ebad1bffc7ec4d397ac64d5113e7838aef6313a476,08/26/2025 06:21:00 PM,1,DRIVER,,2037624,,CHEVROLET,CRUZE,KS,2016,UNKNOWN,UNKNOWN/NA,UNKNOWN/NA,W,STRAIGHT AHEAD,,,1,,,,,Y,,,,,,,,,,Y,Y,,UNKNOWN,,,,,,,,,,,,,,,,,,,,,,,,,,,,,,,,,
2137496,0652a0227e44ab679853183460c2ce22fc0602dbf2d2c157afe36dd0c8cbeb101974437404caa1218b3d02ebad1bffc7ec4d397ac64d5113e7838aef6313a476,08/26/2025 06:21:00 PM,2,DRIVER,,2037628,,TOYOTA,CAMRY,IL,2017,UNKNOWN,UNKNOWN/NA,UNKNOWN/NA,S,STRAIGHT AHEAD,Y,,1,,CITY TOW,701 N SACRAMENTO  BLVD,,,,,,,,Y,Y,,,,,,UNKNOWN,,,,,,,,,,,,,,,,,,,,,,,,,,,,,,,,,
2137430,7a6660bf4ecd62e264c60b6c94990a5500e2aef47bb18bb7e6a2d1a07135018de37df3605af3d3fb98e057fef299bb5fb4834ad4d9b9284a9f86a90fe6c2d7e8,08/26/2025 06:20:00 PM,1,DRIVER,1,2037561,,BMW,320I,IL,2015,NONE,PASSENGER,PERSONAL,S,CHANGING LANES,,,2,,,,,Y,Y,Y,,,,,,,,,,Y,FRONT-RIGHT-CORNER,,,,,,,,,,,,,,,,,,,,,,,,,,,,,,,,,
2137431,7a6660bf4ecd62e264c60b6c94990a5500e2aef47bb18bb7e6a2d1a07135018de37df3605af3d3fb98e057fef299bb5fb4834ad4d9b9284a9f86a90fe6c2d7e8,08/26/2025 06:20:00 PM,2,DRIVER,,2037571,,CHRYSLER,TOWN & COUNTRY,IL,2012,NONE,VAN/MINI-VAN,PERSONAL,S,STRAIGHT AHEAD,,,1,,,,,,,,,,,,,Y,Y,Y,,Y,FRONT-LEFT-CORNER,,,,,,,,,,,,,,,,,,,,,,,,,,,,,,,,,
2137484,f24b309574e7fa657b1733a462bf7a39d2a2ff2dd218c78a5e662216d445d61ff80231cf6d6943f7e6fdee2b09d209e7b502d4d81ca021a37f3fbd53af1cb1ce,08/26/2025 06:20:00 PM,1,DRIVER,,2037656,,VOLKSWAGEN,GOLF,,2018,UNKNOWN,PASSENGER,PERSONAL,E,STRAIGHT AHEAD,,,1,,,,,,,,,,,,,,,Y,Y,,FRONT-LEFT-CORNER,,,,,,,,,,,,,,,,,,,,,,,,,,,,,,,,,