CRASH_UNIT_ID,CRASH_RECORD_ID,CRASH_DATE,UNIT_NO,UNIT_TYPE,NUM_PASSENGERS,VEHICLE_ID,CMRC_VEH_I,MAKE,MODEL,LIC_PLATE_STATE,VEHICLE_YEAR,VEHICLE_DEFECT,VEHICLE_TYPE,VEHICLE_USE,TRAVEL_DIRECTION,MANEUVER,TOWED_I,FIRE_I,OCCUPANT_CNT,EXCEED_SPEED_LIMIT_I,TOWED_BY,TOWED_TO,AREA_00_I,AREA_01_I,AREA_02_I,AREA_03_I,AREA_04_I,AREA_05_I,AREA_06_I,AREA_07_I,AREA_08_I,AREA_09_I,AREA_10_I,AREA_11_I,AREA_12_I,AREA_99_I,FIRST_CONTACT_POINT,CMV_ID,USDOT_NO,CCMC_NO,ILCC_NO,COMMERCIAL_SRC,GVWR,CARRIER_NAME,CARRIER_STATE,CARRIER_CITY,HAZMAT_PLACARDS_I,HAZMAT_NAME,UN_NO,HAZMAT_PRESENT_I,HAZMAT_REPORT_I,HAZMAT_REPORT_NO,MCS_REPORT_I,MCS_REPORT_NO,HAZMAT_VIO_CAUSE_CRASH_I,MCS_VIO_CAUSE_CRASH_I,IDOT_PERMIT_NO,WIDE_LOAD_I,TRAILER1_WIDTH,TRAILER2_WIDTH,TRAILER1_LENGTH,TRAILER2_LENGTH,TOTAL_VEHICLE_LENGTH,AXLE_CNT,VEHICLE_CONFIG,CARGO_BODY_TYPE,LOAD_TYPE,HAZMAT_OUT_OF_SERVICE_I,MCS_OUT_OF_SERVICE_I,HAZMAT_CLASS
2137485,f24b309574e7fa657b1733a462bf7a39d2a2ff2dd218c78a5e662216d445d61ff80231cf6d6943f7e6fdee2b09d209e7b502d4d81ca021a37f3fbd53af1cb1ce,08/26/2025 06:20:00 PM,2,DRIVER,1,2037659,,TOYOTA,RAV4,,2020,UNKNOWN,PASSENGER,PERSONAL,E,STRAIGHT AHEAD,,,2,,,,,,,,,Y,Y,,,,,,,,REAR-RIGHT-CORNER,,,,,,,,,,,,,,,,,,,,,,,,,,,,,,,,,
2137900,f343ca8f5e4904723856418af89dae54be1cabc6b2ac2c65fb79f557d52871b1f8549593ef55c9d8d3770c5c0da07ed638d9e21e5eba38b214cb0dc3ee99d985,08/26/2025 06:15:00 PM,1,DRIVER,,2038011,,UNKNOWN,OTHER (EXPLAIN IN NARRATIVE),IL,,UNKNOWN,PASSENGER,UNKNOWN/NA,NE,TURNING LEFT,,,1,,,,,,,,,,,,,,,,,Y,UNKNOWN,,,,,,,,,,,,,,,,,,,,,,,,,,,,,,,,,
2137901,f343ca8f5e4904723856418af89dae54be1cabc6b2ac2c65fb79f557d52871b1f8549593ef55c9d8d3770c5c0da07ed638d9e21e5eba38b214cb0dc3ee99d985,08/26/2025 06:15:00 PM,2,DRIVER,1,2038015,,CHEVROLET,MALIBU,IL,2018,NONE,PASSENGER,PERSONAL,NE,STRAIGHT AHEAD,,,2,,,,,,,,,,,,Y,Y,Y,,,,SIDE-LEFT,,,,,,,,,,,,,,,,,,,,,,,,,,,,,,,,,
2137390,48490c4614320e4933fdf2be17276da351c8ed4140139b5f2a3b80a8fe1898eed4accc0fdf2e9f54eb03bed846ba67d8b6c53806dfed343e4af98fe73048677e,08/26/2025 06:10:00 PM,2,DRIVER,,2037525,,HYUNDAI,SONATA,IL,2012,UNKNOWN,PASSENGER,PERSONAL,S,STRAIGHT AHEAD,,,1,,,,,Y,,,,,,,,,,,,,FRONT-RIGHT-CORNER,,,,,,,,,,,,,,,,,,,,,,,,,,,,,,,,,
2137391,48490c4614320e4933fdf2be17276da351c8ed4140139b5f2a3b80a8fe1898eed4accc0fdf2e9f54eb03bed846ba67d8b6c53806dfed343e4af98fe73048677e,08/26/2025 06:10:00 PM,1,DRIVER,,2037536,,FORD,EXPLORER,IL,2006,UNKNOWN,SPORT UTILITY VEHICLE (SUV),PERSONAL,S,PASSING/OVERTAKING,,,1,,,,,,,,,,,Y,,,,,,,REAR-LEFT-CORNER,,,,,,,,,,,,,,,,,,,,,,,,,,,,,,,,,
2137464,783d1e68fd8f64c419a7ecab6916039d2ccf1bd9eae49bd8e45c34635321e11bf1645704a760c41a5d21fb68aa9911ed9ad2a8f0c1be2e9aea25f29523e6f494,08/26/2025 06:08:00 PM,1,DRIVER,,2037605,,LINCOLN,MKX,MN,2008,UNKNOWN,SPORT UTILITY VEHICLE (SUV),UNKNOWN/NA,W,UNKNOWN/NA,,,1,,,,,,,,,,,,,,,,,Y,UNKNOWN,,,,,,,,,,,,,,,,,,,,,,,,,,,,,,,,,
2137465,783d1e68fd8f64c419a7ecab6916039d2ccf1bd9eae49bd8e45c34635321e11bf1645704a760c41a5d21fb68aa9911ed9ad2a8f0c1be2e9aea25f29523e6f494,08/26/2025 06:08:00 PM,2,DRIVER,,2037603,,HONDA,CIVIC,IL,2025,UNKNOWN,PASSENGER,UNKNOWN/NA,W,SLOW/STOP IN TRAFFIC,,,1,,,,,Y,Y,Y,Y,Y,,,,,,Y,Y,,SIDE-RIGHT,,,,,,,,,,,,,,,,,,,,,,,,,,,,,,,,,
2137466,783d1e68fd8f64c419a7ecab6916039d2ccf1bd9eae49bd8e45c34635321e11bf1645704a760c41a5d21fb68aa9911ed9ad2a8f0c1be2e9aea25f29523e6f494,08/26/2025 06:08:00 PM,3,DRIVER,,2037599,,CHEVROLET,EQUINOX,IL,2006,UNKNOWN,SPORT UTILITY VEHICLE (SUV),UNKNOWN/NA,W,SLOW/STOP IN TRAFFIC,,,1,,,,,,,,Y,Y,Y,,,,,,,,REAR-RIGHT-CORNER,,,,,,,,,,,,,,,,,,,,,,,,,,,,,,,,,
2137412,9c5b7e06205ddc77e43d8bd37fa38556e72a93e4f93959fb142dd16adc1918d64733acebd5df85b281bfaba68e4041c31b4cccc4736e969633a149d8599af8f5,08/26/2025 06:05:00 PM,1,DRIVER,,2037565,,NOVA BUS,OTHER (EXPLAIN IN NARRATIVE),IL,2023,UNKNOWN,BUS UP TO 15 PASS.,CTA,W,PASSING/OVERTAKING,,,1,,,,,,Y,,,,,,,,,,,,SIDE-RIGHT-FRONT,,,,,,,,,,,,,,,,,,,,,,,,,,,,,,,,,
2137413,9c5b7e06205ddc77e43d8bd37fa38556e72a93e4f93959fb142dd16adc1918d64733acebd5df85b281bfaba68e4041c31b4cccc4736e969633a149d8599af8f5,08/26/2025 06:05:00 PM,2,DRIVER,1,2037602,,TOYOTA,SIENNA,IL,2019,UNKNOWN,VAN/MINI-VAN,TAXI/FOR HIRE,W,STRAIGHT AHEAD,,,2,,,,,,,,,,,,,,,Y,,,SIDE-LEFT,,,,,,,,,,,,,,,,,,,,,,,,,,,,,,,,,
2138055,9e55661d254123786f88f262ed9df4944105acbb2570d5aea3760a2280154fbe9d1801c7605769a323dbe83a001e3e52b694c066ddaee11152f76ff005f2e6f5,08/26/2025 06:05:00 PM,1,DRIVER,,2038140,,TOYOTA,CAMRY,IL,2016,NONE,PASSENGER,PERSONAL,E,STRAIGHT AHEAD,N,,1,,,,,Y,Y,,,,,,,,Y,Y,Y,,FRONT,,,,,,,,,,,,,,,,,,,,,,,,,,,,,,,,,
2137418,25cdd8dd7e9b11c9620cd59c281faa8ab1d91966700eb5e560f01a0c8a630b1e4c317c07f8c645ab3dcc98a632a9d95bc726ed342f37f3d0abacc04b26045944,08/26/2025 06:00:00 PM,1,DRIVER,,2037553,,NISSAN,VERSA,IL,2023,NONE,PASSENGER,PERSONAL,W,U-TURN,,,1,,,,,,,,,,,N,Y,Y,Y,N,,,SIDE-LEFT,,,,,,,,,,,,,,,,,,,,,,,,,,,,,,,,,
2137419,25cdd8dd7e9b11c9620cd59c281faa8ab1d91966700eb5e560f01a0c8a630b1e4c317c07f8c645ab3dcc98a632a9d95bc726ed342f37f3d0abacc04b26045944,08/26/2025 06:00:00 PM,2,DRIVER,2,2037559,,GENERAL MOTORS CORPORATION (GMC),TRUCK,IL,2014,NONE,PICKUP,PERSONAL,W,STRAIGHT AHEAD,,,3,,,,,Y,,,,,,,,,,Y,Y,,FRONT,,,,,,,,,,,,,,,,,,,,,,,,,,,,,,,,,
2137486,4ccf32af6eb20160cb4836570f29646643f7a7b97022cf18416abb41e642a33e6c1dcb16df57dff04bf3087938731ebf279d08807a78750b764aef737a8e69eb,08/26/2025 06:00:00 PM,1,DRIVER,,2037625,,UNKNOWN,OTHER (EXPLAIN IN NARRATIVE),IL,,UNKNOWN,UNKNOWN/NA,UNKNOWN/NA,UNKNOWN,UNKNOWN/NA,,,1,,,,,,,,,,,,,,,,,Y,UNKNOWN,,,,,,,,,,,,,,,,,,,,,,,,,,,,,,,,,
2137487,4ccf32af6eb20160cb4836570f29646643f7a7b97022cf18416abb41e642a33e6c1dcb16df57dff04bf3087938731ebf279d08807a78750b764aef737a8e69eb,08/26/2025 06:00:00 PM,2,DRIVERLESS,,2037619,,INFINITI,QX60,IL,2015,UNKNOWN,PASSENGER,NOT IN USE,S,PARKED,,,0,,,,,,,,,,,Y,,,,,,,UNKNOWN,,,,,,,,,,,,,,,,,,,,,,,,,,,,,,,,,
2137360,bd4d24353cbc41e21efc0e936a64d147d766e1a4583e8413a657267d8e784d3e193542cfe652e0e11fa8174b7521f406bfaca6425abc67023813bbd49d104d72,08/26/2025 06:00:00 PM,1,DRIVER,,2037495,,AUDI,Q5,IL,2010,UNKNOWN,PASSENGER,PERSONAL,N,BACKING,,,1,,,,,,,,,,,,,,,,,Y,REAR,,,,,,,,,,,,,,,,,,,,,,,,,,,,,,,,,
2137361,bd4d24353cbc41e21efc0e936a64d147d766e1a4583e8413a657267d8e784d3e193542cfe652e0e11fa8174b7521f406bfaca6425abc67023813bbd49d104d72,08/26/2025 06:00:00 PM,2,PARKED,,2037500,,DODGE,CARAVAN,IL,2005,UNKNOWN,PASSENGER,PERSONAL,W,PARKED,,,0,,,,,,,,,,,,,,,,,Y,SIDE-LEFT,,,,,,,,,,,,,,,,,,,,,,,,,,,,,,,,,
2137508,ed4a2f4f0fa56e1087847050a51fbd803799bc67722e74dba823b9527b401238e4c89ff6c37bb59305e5172193728bb25eae5586081343954a9e5e9cefa4ca5b,08/26/2025 06:00:00 PM,1,DRIVER,,2037641,,HYUNDAI,SONATA,IL,2012,UNKNOWN,PASSENGER,PERSONAL,N,TURNING LEFT,,,1,,,,,Y,Y,Y,,,,,,,,,,,SIDE-RIGHT-FRONT,,,,,,,,,,,,,,,,,,,,,,,,,,,,,,,,,
2137509,ed4a2f4f0fa56e1087847050a51fbd803799bc67722e74dba823b9527b401238e4c89ff6c37bb59305e5172193728bb25eae5586081343954a9e5e9cefa4ca5b,08/26/2025 06:00:00 PM,2,DRIVER,,2037644,,KIA,TELLURIDE,IL,2020,UNKNOWN,PASSENGER,PERSONAL,W,STRAIGHT AHEAD,,,1,,,,,,,,,,,,,Y,Y,Y,,,SIDE-LEFT-FRONT,,,,,,,,,,,,,,,,,,,,,,,,,,,,,,,,,
2137424,ee8bdce65a61c603267b7952c8ae0cafdbde37b4183c80b9797b0bace8aad5cf4bb4c30dff23448b43078890d02d6108fc24dd463cde950e0a25b12d5ea2d09f,08/26/2025 06:00:00 PM,1,DRIVER,,2037557,,CHEVROLET,CRUZE,IL,2018,UNKNOWN,PASSENGER,PERSONAL,UNKNOWN,UNKNOWN/NA,,,1,,,,,,,,,,,,,,Y,Y,,,FRONT-LEFT-CORNER,,,,,,,,,,,,,,,,,,,,,,,,,,,,,,,,,
2137425,ee8bdce65a61c603267b7952c8ae0cafdbde37b4183c80b9797b0bace8aad5cf4bb4c30dff23448b43078890d02d6108fc24dd463cde950e0a25b12d5ea2d09f,08/26/2025 06:00:00 PM,2,DRIVER,,2037560,,TESLA,MODEL 3,IL,2020,UNKNOWN,PASSENGER,PERSONAL,UNKNOWN,UNKNOWN/NA,,,1,,,,,Y,Y,Y,Y,Y,,,,,,,,,SIDE-RIGHT,,,,,,,,,,,,,,,,,,,,,,,,,,,,,,,,,
2138082,e515e540409febd8556b1cc2480aaa5cb012db1504fcc95508ee7efe9ddc186a111780d8b55c4a2fc716adeae2976e0cbbdbc81aac427f4900d5b245b4e1cb67,08/26/2025 05:55:00 PM,1,DRIVER,,2038161,,FORD,FOCUS,IL,2018,NONE,PASSENGER,PERSONAL,E,STRAIGHT AHEAD,,,1,,,,,,,,,,,,,,,,Y,,FRONT,,,,,,,,,,,,,,,,,,,,,,,,,,,,,,,,,
2138083,e515e540409febd8556b1cc2480aaa5cb012db1504fcc95508ee7efe9ddc186a111780d8b55c4a2fc716adeae2976e0cbbdbc81aac427f4900d5b245b4e1cb67,08/26/2025 05:55:00 PM,2,DRIVER,,2038162,,HONDA,CIVIC,IL,2024,NONE,PASSENGER,PERSONAL,E,STRAIGHT AHEAD,,,1,,,,,,,,,,Y,,,,,,,,REAR,,,,,,,,,,,,,,,,,,,,,,,,,,,,,,,,,
2137364,4ec7271cabbc6de0c90cc2d4c49ccc54c96dbc728315d9f8aa4b51f7b76dc055c1a06a0a70d31a1bf18d32024bd017cf64a90419caa17ac2cab7cb09e8449972,08/26/2025 05:50:00 PM,1,DRIVER,,2037497,,NOVA BUS,LFS,IL,2023,NONE,BUS OVER 15 PASS.,CTA,S,STRAIGHT AHEAD,,,1,,,,Y,,,,,,,,,,,,,,UNKNOWN,,,,,,,,,,,,,,,,,,,,,,,,,,,,,,,,,
2137365,4ec7271cabbc6de0c90cc2d4c49ccc54c96dbc728315d9f8aa4b51f7b76dc055c1a06a0a70d31a1bf18d32024bd017cf64a90419caa17ac2cab7cb09e8449972,08/26/2025 05:50:00 PM,2,DRIVER,,2037507,,TOYOTA,RAV4,IL,2021,NONE,PASSENGER,TAXI/FOR HIRE,S,STRAIGHT AHEAD,,,1,,,,,,,,,,,,,,Y,Y,,,FRONT-LEFT-CORNER,,,,,,,,,,,,,,,,,,,,,,,,,,,,,,,,,
2137476,c11684d3cb35ba610987cdfc45906981e3800bdd9f58feb14e20f19b4c75078a2fd818d4e23f7445895a6a35a2f88e5b3d4e308730f424503d9e7f13027a3bf8,08/26/2025 05:45:00 PM,1,DRIVER,,2037612,,CHEVROLET,CRUZE,IN,2012,UNKNOWN,PASSENGER,UNKNOWN/NA,S,TURNING RIGHT,Y,,1,,s&s,,,Y,,,,,,,,,,Y,Y,,FRONT,,,,,,,,,,,,,,,,,,,,,,,,,,,,,,,,,
2137477,c11684d3cb35ba610987cdfc45906981e3800bdd9f58feb14e20f19b4c75078a2fd818d4e23f7445895a6a35a2f88e5b3d4e308730f424503d9e7f13027a3bf8,08/26/2025 05:45:00 PM,2,DRIVER,,2037616,,GENERAL MOTORS CORPORATION (GMC),TERRAIN,IL,2017,UNKNOWN,SPORT UTILITY VEHICLE (SUV),PERSONAL,S,TURNING RIGHT,,,1,,,,,,,,Y,Y,Y,Y,,,,,,,REAR,,,,,,,,,,,,,,,,,,,,,,,,,,,,,,,,,
2137460,656aa5d1bc3774b07131b8acca2eaf4997c3996989f0058a61326db481d9edb0c337b038995deb712b3c7b81dbbf0afd9fca6639750475d10940be29f63e2086,08/26/2025 05:40:00 PM,1,DRIVER,,2037592,,CHEVROLET,CRUZE,IL,2014,UNKNOWN,PASSENGER,PERSONAL,S,STRAIGHT AHEAD,,,1,,,,,Y,,,,,,,,,,Y,Y,N,FRONT,,,,,,,,,,,,,,,,,,,,,,,,,,,,,,,,,
2137461,656aa5d1bc3774b07131b8acca2eaf4997c3996989f0058a61326db481d9edb0c337b038995deb712b3c7b81dbbf0afd9fca6639750475d10940be29f63e2086,08/26/2025 05:40:00 PM,2,DRIVER,,2037593,,CHEVROLET,TRAVERSE,IL,2023,UNKNOWN,PASSENGER,UNKNOWN/NA,N,TURNING LEFT,Y,,1,,PRIVATE,RESIDENT,,Y,Y,,,,,,,,,,,,SIDE-RIGHT-FRONT,,,,,,,,,,,,,,,,,,,,,,,,,,,,,,,,,
2137572,342c809acd08f7ef2827f19082ffea5f6475e9d59d9931075fd530ff1e51827807d78fd1df3c86b34b4dc4fc9c35c1b75cffc701f08946e62849b815433162ee,08/26/2025 05:30:00 PM,1,DRIVER,,2037702,,CHEVROLET,IMPALA,IL,2008,UNKNOWN,PASSENGER,PERSONAL,W,STRAIGHT AHEAD,,,1,,,,,,,,,,,,,,,,Y,,FRONT,,,,,,,,,,,,,,,,,,,,,,,,,,,,,,,,,
2137573,342c809acd08f7ef2827f19082ffea5f6475e9d59d9931075fd530ff1e51827807d78fd1df3c86b34b4dc4fc9c35c1b75cffc701f08946e62849b815433162ee,08/26/2025 05:30:00 PM,2,DRIVER,,2037704,,LEXUS,ES300,IL,2002,NONE,PASSENGER,PERSONAL,S,STRAIGHT AHEAD,,,1,,,,,,,,,,,Y,Y,Y,Y,,,,SIDE-LEFT,,,,,,,,,,,,,,,,,,,,,,,,,,,,,,,,,
2137458,5c9f70c7347b9b0d18dd2b24e436af7c8addb4e068a932f7688f6bdc34a326da479fc6132899348b15a96f3e0643a0ac6f1d3c4cecac43292fb53077bb3ed49d,08/26/2025 05:21:00 PM,1,DRIVER,1,2037596,,HYUNDAI,ELANTRA,IL,2016,UNKNOWN,PASSENGER,PERSONAL,N,STRAIGHT AHEAD,N,,2,,,,,Y,Y,,,,,,,,,,Y,,FRONT-RIGHT-CORNER,,,,,,,,,,,,,,,,,,,,,,,,,,,,,,,,,
2137459,5c9f70c7347b9b0d18dd2b24e436af7c8addb4e068a932f7688f6bdc34a326da479fc6132899348b15a96f3e0643a0ac6f1d3c4cecac43292fb53077bb3ed49d,08/26/2025 05:21:00 PM,2,DRIVER,,2037601,,MAZDA,MAZDA3,IL,2013,UNKNOWN,PASSENGER,PERSONAL,E,STRAIGHT AHEAD,Y,,1,,OWNER,,,,,Y,Y,Y,,,,,,,,,REAR-RIGHT-CORNER,,,,,,,,,,,,,,,,,,,,,,,,,,,,,,,,,
2137449,29797ee172a1e8dac0de4d5ba891dd5de63075b8e64f381371c75f55d6cb02ec6f9933486cc74ef4b7ed091d48cab9ee58c78f5c765d6b67af980a022224176c,08/26/2025 05:20:00 PM,1,DRIVER,,2037581,,KIA,SORENTO,IL,2012,UNKNOWN,SPORT UTILITY VEHICLE (SUV),PERSONAL,W,STRAIGHT AHEAD,,,1,,,,,Y,Y,,,,,,,,,,,,FRONT-RIGHT-CORNER,,,,,,,,,,,,,,,,,,,,,,,,,,,,,,,,,
2137450,29797ee172a1e8dac0de4d5ba891dd5de63075b8e64f381371c75f55d6cb02ec6f9933486cc74ef4b7ed091d48cab9ee58c78f5c765d6b67af980a022224176c,08/26/2025 05:20:00 PM,2,DRIVER,,2037585,,HONDA,PILOT,IL,2003,UNKNOWN,PASSENGER,PERSONAL,W,STRAIGHT AHEAD,,,1,,,,,,,,,,Y,,,,,,,,REAR,,,,,,,,,,,,,,,,,,,,,,,,,,,,,,,,,
2137447,2baacad1d2cce0181ab355cf430ff84a684e86c0e94ad28d0bd57211ad00cba41b1c507848a5cc429e6111888c283e05538d6360b6e1b7b149bfcdda4f11a5f1,08/26/2025 05:18:00 PM,1,DRIVER,4,2037584,,FORD,EDGE,IL,2012,UNKNOWN,PASSENGER,PERSONAL,N,STRAIGHT AHEAD,,,5,,,,,Y,Y,,Y,,,,,,,,Y,,FRONT-RIGHT-CORNER,,,,,,,,,,,,,,,,,,,,,,,,,,,,,,,,,
2137448,2baacad1d2cce0181ab355cf430ff84a684e86c0e94ad28d0bd57211ad00cba41b1c507848a5cc429e6111888c283e05538d6360b6e1b7b149bfcdda4f11a5f1,08/26/2025 05:18:00 PM,2,DRIVER,,2037590,N,NOVA BUS,LFS,IL,2018,UNKNOWN,BUS OVER 15 PASS.,CTA,N,CHANGING LANES,,,1,,,,,,,,,,,,,,Y,,,,FRONT-LEFT-CORNER,,,,,,,,,,,,,,,,,,,,,,,,,,,,,,,,,
2137352,b6d60c401a2b2a80c5a6e4c71f5d5f56e5609367885f0a53b85c885e0ff122845090ebc86316f7ef05553fc84288990e44afe42d8c32297a30d66ec12d54059c,08/26/2025 05:18:00 PM,1,DRIVER,,2037493,,FORD,ESCAPE,IL,2025,UNKNOWN,PASSENGER,PERSONAL,W,BACKING,,,1,,,,,,,,,Y,,,,,,,,,REAR-RIGHT-CORNER,,,,,,,,,,,,,,,,,,,,,,,,,,,,,,,,,
2137353,b6d60c401a2b2a80c5a6e4c71f5d5f56e5609367885f0a53b85c885e0ff122845090ebc86316f7ef05553fc84288990e44afe42d8c32297a30d66ec12d54059c,08/26/2025 05:18:00 PM,2,DRIVER,,2037506,,DODGE,OTHER (EXPLAIN IN NARRATIVE),IL,2008,UNKNOWN,TRUCK - SINGLE UNIT,PERSONAL,S,STRAIGHT AHEAD,,,1,,,,,,,,,,,Y,,,,,,,SIDE-LEFT-REAR,,,,,,,,,,,,,,,,,,,,,,,,,,,,,,,,,
2137420,c83cfec0022f3576c56ee9ef092e19666851e2c6c43204c53e6d1400a3836ed6086baa167ae811262b022808e63a4b4f6a2bb88283fd5051c974c094f8180091,08/26/2025 05:15:00 PM,1,DRIVER,,2037555,,CHEVROLET,EQUINOX,IL,2012,UNKNOWN,PASSENGER,PERSONAL,S,TURNING RIGHT,,,1,,,,Y,,,,,,,,,,,,,,NONE,,,,,,,,,,,,,,,,,,,,,,,,,,,,,,,,,
2137421,c83cfec0022f3576c56ee9ef092e19666851e2c6c43204c53e6d1400a3836ed6086baa167ae811262b022808e63a4b4f6a2bb88283fd5051c974c094f8180091,08/26/2025 05:15:00 PM,2,BICYCLE,,,,,,,,,,,,,,,,,,,,,,,,,,,,,,,,,,,,,,,,,,,,,,,,,,,,,,,,,,,,,,,,,,
2137372,11c55591888736d01deb9daf1112773297d7bbf53fd692a773c6585f9c2921d8eea97eef2210939bc69325d6cc1100275b3bc8608b1759019d75bc3bbd1912fc,08/26/2025 05:13:00 PM,1,DRIVER,,2037509,,FORD,EXPEDITION,IL,2016,NONE,PASSENGER,PERSONAL,S,STRAIGHT AHEAD,,,1,,,,,Y,,,,,,,,,,Y,Y,,FRONT,,,,,,,,,,,,,,,,,,,,,,,,,,,,,,,,,
2137373,11c55591888736d01deb9daf1112773297d7bbf53fd692a773c6585f9c2921d8eea97eef2210939bc69325d6cc1100275b3bc8608b1759019d75bc3bbd1912fc,08/26/2025 05:13:00 PM,2,DRIVER,1,2037517,,HYUNDAI,ELANTRA,IL,2023,NONE,PASSENGER,PERSONAL,S,STRAIGHT AHEAD,,,2,,,,,,,,,Y,Y,Y,,,,,,,REAR,,,,,,,,,,,,,,,,,,,,,,,,,,,,,,,,,
2137467,b7a7c586b1a188b0a76d50296722f40c72db09d7ebd140f116627b1f55b8bd87c009c21809fde08ab8234c274d3c1b4fa78e882c5d7134f6dc034c6ab3d747a8,08/26/2025 05:10:00 PM,1,DRIVER,,2037598,,UNKNOWN,ENCLOSED BODY,,,UNKNOWN,UNKNOWN/NA,UNKNOWN/NA,E,BACKING,,,1,,,,,,,,,,Y,Y,,,,,,,REAR-LEFT-CORNER,,,,,,,,,,,,,,,,,,,,,,,,,,,,,,,,,
2137416,d3df03213a41f1af5d0acc8bbf664eb38bd33cec1f465ff56360ded33bccb2b6ecaea43e14dffe046dae665c5b102820f1bddf49cfedbbd2ef381eb2b7076414,08/26/2025 05:00:00 PM,1,DRIVER,,2037552,,JEEP,COMPASS,IL,2014,UNKNOWN,PASSENGER,PERSONAL,SW,STRAIGHT AHEAD,,,1,,,,,Y,Y,Y,Y,Y,Y,Y,Y,Y,Y,Y,Y,Y,FRONT,,,,,,,,,,,,,,,,,,,,,,,,,,,,,,,,,
2137417,d3df03213a41f1af5d0acc8bbf664eb38bd33cec1f465ff56360ded33bccb2b6ecaea43e14dffe046dae665c5b102820f1bddf49cfedbbd2ef381eb2b7076414,08/26/2025 05:00:00 PM,2,DRIVER,,2037558,,BUICK,ENCLAVE,IL,2016,UNKNOWN,PASSENGER,PERSONAL,S,STRAIGHT AHEAD,,,1,,,,,Y,Y,Y,N,,,,,,,Y,Y,Y,FRONT,,,,,,,,,,,,,,,,,,,,,,,,,,,,,,,,,
2137346,f1c67388ffd616696d0641aaf2af67e7a4c0179d14e7e9e3d4079bd77c8de671aa460af74465dc8707b6ce0ebe16fed24737bf1ef234a5319b56dbb0940ddfd7,08/26/2025 05:00:00 PM,1,DRIVER,,2037484,,FORD,FOCUS,IL,2012,NONE,PASSENGER,PERSONAL,N,STRAIGHT AHEAD,,,1,,,,,,,,,,,Y,Y,Y,,,,,SIDE-LEFT,,,,,,,,,,,,,,,,,,,,,,,,,,,,,,,,,
2137347,f1c67388ffd616696d0641aaf2af67e7a4c0179d14e7e9e3d4079bd77c8de671aa460af74465dc8707b6ce0ebe16fed24737bf1ef234a5319b56dbb0940ddfd7,08/26/2025 05:00:00 PM,2,DRIVER,,2037487,,CHEVROLET,TRAVERSE,IL,2022,NONE,PASSENGER,PERSONAL,N,STRAIGHT AHEAD,,,1,,,,,N,,,,,,,,,Y,Y,Y,,FRONT-LEFT-CORNER,,,,,,,,,,,,,,,,,,,,,,,,,,,,,,,,,
2137348,9a8ba28ba95274ae9521201e7ce21077dfa7810989c4dfdb139177b494e3aa6c9f2f64210c513dcb3df8306b7d452de492c3530fe165e07da6c3e5163834d7de,08/26/2025 04:57:00 PM,1,DRIVER,,2037485,,JEEP,WAGONEER,IL,2022,UNKNOWN,SPORT UTILITY VEHICLE (SUV),PERSONAL,UNKNOWN,STRAIGHT AHEAD,,,1,,,,,Y,,,,,,,,,,,Y,,FRONT-RIGHT-CORNER,,,,,,,,,,,,,,,,,,,,,,,,,,,,,,,,,
2137349,9a8ba28ba95274ae9521201e7ce21077dfa7810989c4dfdb139177b494e3aa6c9f2f64210c513dcb3df8306b7d452de492c3530fe165e07da6c3e5163834d7de,08/26/2025 04:57:00 PM,2,DRIVER,,2037492,,MERCEDES-BENZ,C-CLASS,IL,2011,UNKNOWN,PASSENGER,PERSONAL,UNKNOWN,STRAIGHT AHEAD,,,1,,,,,,,,,Y,Y,,,,,,,,REAR-RIGHT-CORNER,,,,,,,,,,,,,,,,,,,,,,,,,,,,,,,,,
2137354,a33bf9d4990168949482ab34c74faaa86f6d32791b9f6e69bc952417bba1bd4b5192fa35cea17f89b20c7470177f972e2843327563c732d32b36358a3700c145,08/26/2025 04:55:00 PM,1,BICYCLE,,,,,,,,,,,,,,,,,,,,,,,,,,,,,,,,,,,,,,,,,,,,,,,,,,,,,,,,,,,,,,,,,,
2137355,a33bf9d4990168949482ab34c74faaa86f6d32791b9f6e69bc952417bba1bd4b5192fa35cea17f89b20c7470177f972e2843327563c732d32b36358a3700c145,08/26/2025 04:55:00 PM,2,DRIVER,,2037501,,TESLA,MODEL Y,IL,2024,NONE,PASSENGER,PERSONAL,E,STRAIGHT AHEAD,,,1,,,,,,Y,,,,,,,,,,,,SIDE-RIGHT,,,,,,,,,,,,,,,,,,,,,,,,,,,,,,,,,
2138500,6b14b686edefd133e637162c56cd98a89ba085e8702fa492885a0549a96536cf293dded930dc69336536d9a845420fc7058cce76079d725283ba284699e00ed6,08/26/2025 04:50:00 PM,1,DRIVER,,2038613,,CHEVROLET,COBALT,IN,2005,UNKNOWN,PASSENGER,UNKNOWN/NA,N,STRAIGHT AHEAD,,,1,,,,Y,,,,,,,,,,,,,,FRONT-LEFT-CORNER,,,,,,,,,,,,,,,,,,,,,,,,,,,,,,,,,
2138501,6b14b686edefd133e637162c56cd98a89ba085e8702fa492885a0549a96536cf293dded930dc69336536d9a845420fc7058cce76079d725283ba284699e00ed6,08/26/2025 04:50:00 PM,2,DRIVER,,2038632,,"MOTOR COACH INDUSTRIES, INC.","MOTOR COACH INDUSTRIES, INC.",IL,2014,UNKNOWN,BUS UP TO 15 PASS.,UNKNOWN/NA,N,STRAIGHT AHEAD,,,1,,,,Y,,,,,,,,,,,,,,SIDE-RIGHT,,,,,,,,,,,,,,,,,,,,,,,,,,,,,,,,,