CRASH_UNIT_ID,CRASH_RECORD_ID,CRASH_DATE,UNIT_NO,UNIT_TYPE,NUM_PASSENGERS,VEHICLE_ID,CMRC_VEH_I,MAKE,MODEL,LIC_PLATE_STATE,VEHICLE_YEAR,VEHICLE_DEFECT,VEHICLE_TYPE,VEHICLE_USE,TRAVEL_DIRECTION,MANEUVER,TOWED_I,FIRE_I,OCCUPANT_CNT,EXCEED_SPEED_LIMIT_I,TOWED_BY,TOWED_TO,AREA_00_I,AREA_01_I,AREA_02_I,AREA_03_I,AREA_04_I,AREA_05_I,AREA_06_I,AREA_07_I,AREA_08_I,AREA_09_I,AREA_10_I,AREA_11_I,AREA_12_I,AREA_99_I,FIRST_CONTACT_POINT,CMV_ID,USDOT_NO,CCMC_NO,ILCC_NO,COMMERCIAL_SRC,GVWR,CARRIER_NAME,CARRIER_STATE,CARRIER_CITY,HAZMAT_PLACARDS_I,HAZMAT_NAME,UN_NO,HAZMAT_PRESENT_I,HAZMAT_REPORT_I,HAZMAT_REPORT_NO,MCS_REPORT_I,MCS_REPORT_NO,HAZMAT_VIO_CAUSE_CRASH_I,MCS_VIO_CAUSE_CRASH_I,IDOT_PERMIT_NO,WIDE_LOAD_I,TRAILER1_WIDTH,TRAILER2_WIDTH,TRAILER1_LENGTH,TRAILER2_LENGTH,TOTAL_VEHICLE_LENGTH,AXLE_CNT,VEHICLE_CONFIG,CARGO_BODY_TYPE,LOAD_TYPE,HAZMAT_OUT_OF_SERVICE_I,MCS_OUT_OF_SERVICE_I,HAZMAT_CLASS
2137470,cd010e0f991ddb21d293e9d638d71cf2748deaea84695ad0c6cad6d3b11e4253b695b7177030693e27250822a62ecfcc65ccfaeea2b514d372480ff80c30054a,08/26/2025 04:50:00 PM,1,DRIVER,1,2037606,,FORD,OTHER (EXPLAIN IN NARRATIVE),IL,2017,NONE,PASSENGER,PERSONAL,W,STRAIGHT AHEAD,,,2,,,,,,,,,,,,,N,N,Y,Y,,FRONT,,,,,,,,,,,,,,,,,,,,,,,,,,,,,,,,,
2137471,cd010e0f991ddb21d293e9d638d71cf2748deaea84695ad0c6cad6d3b11e4253b695b7177030693e27250822a62ecfcc65ccfaeea2b514d372480ff80c30054a,08/26/2025 04:50:00 PM,2,DRIVER,,2037607,,JEEP,CHEROKEE,IL,2014,NONE,PASSENGER,PERSONAL,N,TURNING RIGHT,,,1,,,,,,Y,Y,Y,,,,,,,,,,SIDE-RIGHT,,,,,,,,,,,,,,,,,,,,,,,,,,,,,,,,,
2137356,d6fc9868db289eb6d1b3257a041bc09e873af18d0108e6b31dced6640a2bcb81e7ee287c36241e4bfaec567a322b8ce1bdf3f1df8ed3941a738abc1d332357a6,08/26/2025 04:50:00 PM,1,DRIVER,,2037499,,NISSAN,VERSA,IL,2025,NONE,PASSENGER,PERSONAL,N,OTHER,,,1,,,,,Y,Y,Y,Y,Y,,,,,,,,,SIDE-RIGHT,,,,,,,,,,,,,,,,,,,,,,,,,,,,,,,,,
2137357,d6fc9868db289eb6d1b3257a041bc09e873af18d0108e6b31dced6640a2bcb81e7ee287c36241e4bfaec567a322b8ce1bdf3f1df8ed3941a738abc1d332357a6,08/26/2025 04:50:00 PM,2,DRIVER,1,2037505,,TOYOTA,CONSTRUCTION EQUIPMENT,IL,2005,NONE,PASSENGER,PERSONAL,N,TURNING LEFT,,,2,,,,,,,,,,,,,,,Y,,,FRONT-LEFT-CORNER,,,,,,,,,,,,,,,,,,,,,,,,,,,,,,,,,
2137382,9ffc3e66b19869ae4ac3bb37662237138470db2f83666e12c0d006f8a27021d7766249fa534665b6f0682b8dcfbbd5e54595017d86c53030d53e86e8053969e0,08/26/2025 04:42:00 PM,1,DRIVER,,2037524,,AUDI,Q7,IL,2014,UNKNOWN,PASSENGER,PERSONAL,S,STRAIGHT AHEAD,,,1,,,,,,,,,,,,,,Y,Y,Y,,FRONT-LEFT-CORNER,,,,,,,,,,,,,,,,,,,,,,,,,,,,,,,,,
2137383,9ffc3e66b19869ae4ac3bb37662237138470db2f83666e12c0d006f8a27021d7766249fa534665b6f0682b8dcfbbd5e54595017d86c53030d53e86e8053969e0,08/26/2025 04:42:00 PM,2,DRIVER,,2037528,,HONDA,CR-V,IL,2008,UNKNOWN,PASSENGER,PERSONAL,NW,TURNING LEFT,Y,,1,,PERSONNEL,,,Y,Y,,,,,,,,N,Y,Y,,FRONT-RIGHT-CORNER,,,,,,,,,,,,,,,,,,,,,,,,,,,,,,,,,
2137342,109e5eadcc829eacb285bd4a66af915d759c24e29904340de9dc43679b6f2d884aaadc799a6d24c0692729d0d0a3ab4da85e543024ac9240ee9084afeb107934,08/26/2025 04:40:00 PM,1,DRIVER,,2037481,,NISSAN,SENTRA,IL,2019,UNKNOWN,PASSENGER,PERSONAL,S,STRAIGHT AHEAD,,,1,,,,,,,,,,,,,,,,,Y,FRONT-LEFT-CORNER,,,,,,,,,,,,,,,,,,,,,,,,,,,,,,,,,
2137343,109e5eadcc829eacb285bd4a66af915d759c24e29904340de9dc43679b6f2d884aaadc799a6d24c0692729d0d0a3ab4da85e543024ac9240ee9084afeb107934,08/26/2025 04:40:00 PM,2,DRIVER,2,2037486,,HYUNDAI,TUCSON,,2021,UNKNOWN,PASSENGER,PERSONAL,W,STRAIGHT AHEAD,,,3,,,,,Y,Y,,,,,,,,,,Y,,FRONT-RIGHT-CORNER,,,,,,,,,,,,,,,,,,,,,,,,,,,,,,,,,
2137288,50d6af85a373ddf39e01213ad7d66d7a78701d98ca8e7fe496de175a93b9dd6b00e8dc33f118efa67a4f44326c422ac57b6ccc720ae2ec49cb949828a5ce2c5e,08/26/2025 04:40:00 PM,1,DRIVER,,2037421,,FORD,OTHER (EXPLAIN IN NARRATIVE),IL,2020,NONE,BUS UP TO 15 PASS.,PERSONAL,E,STRAIGHT AHEAD,,,1,,,,,Y,Y,,,,,,,,,,,,FRONT-RIGHT-CORNER,,,,,,,,,,,,,,,,,,,,,,,,,,,,,,,,,
2137289,50d6af85a373ddf39e01213ad7d66d7a78701d98ca8e7fe496de175a93b9dd6b00e8dc33f118efa67a4f44326c422ac57b6ccc720ae2ec49cb949828a5ce2c5e,08/26/2025 04:40:00 PM,2,DRIVER,,2037429,,"PETERBILT MOTORS COMPANY (DIVISION OF PACCAR, INC.)",OTHER (EXPLAIN IN NARRATIVE),IN,2025,NONE,TRACTOR W/ SEMI-TRAILER,PERSONAL,E,STRAIGHT AHEAD,,,1,,,,,,,,,,,Y,Y,,,,,,REAR-LEFT-CORNER,,,,,,,,,,,,,,,,,,,,,,,,,,,,,,,,,
2137747,f42a1af71d53b1163617006afdb459cdd9ee654bca635186f65dd1110b15cc7482c6d9c5a2a2714bcea85fe8e5271b67ed6129b14367ab72fc1e6c94971cbce0,08/26/2025 04:40:00 PM,1,DRIVER,,2037878,,PORSCHE,CAYENNE,IL,2014,NONE,PASSENGER,PERSONAL,S,STRAIGHT AHEAD,,,1,,,,,,,,,,,,,,,,Y,,FRONT,,,,,,,,,,,,,,,,,,,,,,,,,,,,,,,,,
2137748,f42a1af71d53b1163617006afdb459cdd9ee654bca635186f65dd1110b15cc7482c6d9c5a2a2714bcea85fe8e5271b67ed6129b14367ab72fc1e6c94971cbce0,08/26/2025 04:40:00 PM,2,DRIVER,1,2037893,,SUBARU,OUTBACK,IL,2021,NONE,PASSENGER,PERSONAL,S,STRAIGHT AHEAD,,,2,,,,,,,,,,Y,,,,,,,,REAR,,,,,,,,,,,,,,,,,,,,,,,,,,,,,,,,,
2139424,5e44751fc82beb62d264229839f64c8fe4047b701d4c45c5df13d7c55610c350837fe0cf4129e23ab12c6fbc888161bc672304cb8c9005005cf5183a89129383,08/26/2025 04:39:00 PM,1,DRIVER,,2039434,,SATURN,VUE,IL,2005,NONE,PASSENGER,PERSONAL,N,TURNING LEFT,Y,,1,,PRIVATE TOW,,,,,,,,,,,,,Y,Y,,FRONT-LEFT-CORNER,,,,,,,,,,,,,,,,,,,,,,,,,,,,,,,,,
2139425,5e44751fc82beb62d264229839f64c8fe4047b701d4c45c5df13d7c55610c350837fe0cf4129e23ab12c6fbc888161bc672304cb8c9005005cf5183a89129383,08/26/2025 04:39:00 PM,2,DRIVER,,2039435,,HYUNDAI,GENESIS,IL,2016,NONE,PASSENGER,PERSONAL,S,STRAIGHT AHEAD,Y,,1,,PRIVATE TOW,,,Y,,,,,,,,,,Y,Y,,FRONT,,,,,,,,,,,,,,,,,,,,,,,,,,,,,,,,,
2137324,0507d999fbe32c89ad27e3a5615e4c51d74342e0952ea864d201fa8807010d795bae5d232f412c872bddbbe6c51caf6aaa97e184f2468c6a3cd0c197d2212a62,08/26/2025 04:35:00 PM,1,DRIVER,,2037452,,HONDA,ACCORD,GA,2011,UNKNOWN,PASSENGER,UNKNOWN/NA,SE,TURNING LEFT,,,1,,,,,,,,,,,,,,,,,Y,FRONT,,,,,,,,,,,,,,,,,,,,,,,,,,,,,,,,,
2137325,0507d999fbe32c89ad27e3a5615e4c51d74342e0952ea864d201fa8807010d795bae5d232f412c872bddbbe6c51caf6aaa97e184f2468c6a3cd0c197d2212a62,08/26/2025 04:35:00 PM,2,DRIVER,,2037463,,HYUNDAI,ELANTRA,IL,2013,NONE,PASSENGER,PERSONAL,W,STRAIGHT AHEAD,,,1,,,,,,Y,Y,,,,,,,,,,,SIDE-RIGHT-FRONT,,,,,,,,,,,,,,,,,,,,,,,,,,,,,,,,,
2137320,6a984845886211c4b0e89c164b41310921a03bfb91d5b1cf2fcd7677a77ee8ff1cccea2422a7816cab7bf157360119767bee569a2e17e86cb014e597735c2ac9,08/26/2025 04:33:00 PM,1,DRIVER,,2037455,,HONDA,ACCORD,IL,2010,UNKNOWN,PASSENGER,PERSONAL,S,PASSING/OVERTAKING,,,1,,,,,Y,,,,,,,,,,,,,FRONT-RIGHT-CORNER,,,,,,,,,,,,,,,,,,,,,,,,,,,,,,,,,
2137321,6a984845886211c4b0e89c164b41310921a03bfb91d5b1cf2fcd7677a77ee8ff1cccea2422a7816cab7bf157360119767bee569a2e17e86cb014e597735c2ac9,08/26/2025 04:33:00 PM,2,PARKED,,2037465,,NOVA BUS,OTHER (EXPLAIN IN NARRATIVE),IL,2000,UNKNOWN,BUS OVER 15 PASS.,CTA,S,PARKED,,,0,,,,,,,,,,,Y,,,,,,,REAR-LEFT-CORNER,,,,,,,,,,,,,,,,,,,,,,,,,,,,,,,,,
2137350,abf73f2b30036dcd9c5ee881bbe8f2232dc82d3f03f9939e0a9bcc91bdf85fd3bda2dc8a1c71f40b9cc84ff8304a71b784b7e78b954d5c43d31d4a2fa0c84549,08/26/2025 04:30:00 PM,1,DRIVER,1,2037494,,UNKNOWN,OTHER (EXPLAIN IN NARRATIVE),IL,,UNKNOWN,PICKUP,UNKNOWN/NA,N,TURNING LEFT,,,2,,,,,,,,,,,,,,,,,,UNKNOWN,,,,,,,,,,,,,,,,,,,,,,,,,,,,,,,,,
2137351,abf73f2b30036dcd9c5ee881bbe8f2232dc82d3f03f9939e0a9bcc91bdf85fd3bda2dc8a1c71f40b9cc84ff8304a71b784b7e78b954d5c43d31d4a2fa0c84549,08/26/2025 04:30:00 PM,2,DRIVER,,2037503,,DODGE,DART,IL,2013,UNKNOWN,PASSENGER,PERSONAL,S,STRAIGHT AHEAD,,,1,,,,,,,,,,,Y,Y,,,,,,REAR-LEFT-CORNER,,,,,,,,,,,,,,,,,,,,,,,,,,,,,,,,,
2138000,cc303e8a6d1072ead85a7298bff640f79e953c17c0ef5e594186621441a1cb559de946025bc3e8eb6dcc274ae17a186a09e72f31b282a4a3aa9b35bfb3b26a78,08/26/2025 04:30:00 PM,1,DRIVER,,2038109,,HYUNDAI,SANTA FE,WI,2014,NONE,SPORT UTILITY VEHICLE (SUV),PERSONAL,S,BACKING,,,1,,,,,,,,,Y,Y,Y,,,,,,,REAR,,,,,,,,,,,,,,,,,,,,,,,,,,,,,,,,,
2138001,cc303e8a6d1072ead85a7298bff640f79e953c17c0ef5e594186621441a1cb559de946025bc3e8eb6dcc274ae17a186a09e72f31b282a4a3aa9b35bfb3b26a78,08/26/2025 04:30:00 PM,2,PARKED,,2038098,,NISSAN,ALTIMA,IL,2015,NONE,PASSENGER,PERSONAL,N,PARKED,,,0,,,,,,,,,,,,,,Y,Y,Y,,FRONT-LEFT-CORNER,,,,,,,,,,,,,,,,,,,,,,,,,,,,,,,,,
2137384,48b731432859f98e3eae8945d831a992356ed2a2fbf3fc3e00e5fb75ada456503a5c1ea094aa924e90e2800c5c268d9d169311b96def8af12ff29fb02038e7c2,08/26/2025 04:27:00 PM,1,DRIVER,1,2037533,,GENERAL MOTORS CORPORATION (GMC),TERRAIN,IL,2016,UNKNOWN,PASSENGER,PERSONAL,W,TURNING RIGHT,,,2,,,,,,,,Y,Y,,,,,,,,N,REAR-RIGHT-CORNER,,,,,,,,,,,,,,,,,,,,,,,,,,,,,,,,,
2137385,48b731432859f98e3eae8945d831a992356ed2a2fbf3fc3e00e5fb75ada456503a5c1ea094aa924e90e2800c5c268d9d169311b96def8af12ff29fb02038e7c2,08/26/2025 04:27:00 PM,2,DRIVER,1,2037548,Y,NOVA BUS,LFS,IL,2024,NONE,BUS OVER 15 PASS.,CTA,S,STRAIGHT AHEAD,,,2,,,,,Y,,,,,,,,,,,Y,,FRONT-RIGHT-CORNER,"22,083",,,,DRIVER,3,CHICAGO TRANSIT AUTHORITY,IL,CHICAGO,,,,,,,,,,,,,,,,,,,BUS,BUS,,,,
2137278,276be609fb3e59ea9cfdc6b8b6d240afdc9e4561405742e22bea917d72e89851401104026a19118d3c539ae99b3547fb3c9ed74dc5dae70c75e3d20e0f117d18,08/26/2025 04:23:00 PM,1,DRIVER,,2037410,,FORD,TRANSIT,IL,2023,NONE,VAN/MINI-VAN,COMMERCIAL - MULTI-UNIT,NW,STRAIGHT AHEAD,,,1,,,,,,Y,,,,,,,,,,,,SIDE-RIGHT,,,,,,,,,,,,,,,,,,,,,,,,,,,,,,,,,
2137279,276be609fb3e59ea9cfdc6b8b6d240afdc9e4561405742e22bea917d72e89851401104026a19118d3c539ae99b3547fb3c9ed74dc5dae70c75e3d20e0f117d18,08/26/2025 04:23:00 PM,2,PARKED,,2037415,,FORD,F450,IL,2002,NONE,PASSENGER,COMMERCIAL - SINGLE UNIT,SW,PARKED,,,0,,,,,,,,,,,,,,Y,,,,SIDE-LEFT,,,,,,,,,,,,,,,,,,,,,,,,,,,,,,,,,
2137314,5491c2e9a6eabd5834b4f30180098bd35e950970150df7972f9e4f431d56aeba7681a8654c9fb17d73b3a8e66c561ab22ca2c017b8751ef38cfd692532cf8588,08/26/2025 04:18:00 PM,1,DRIVER,1,2037453,,DODGE,CARAVAN,IL,2017,UNKNOWN,VAN/MINI-VAN,PERSONAL,N,STRAIGHT AHEAD,Y,,2,,PRIVATE TOW,,,Y,Y,,,,,,,,,,,,FRONT-RIGHT-CORNER,,,,,,,,,,,,,,,,,,,,,,,,,,,,,,,,,
2137315,5491c2e9a6eabd5834b4f30180098bd35e950970150df7972f9e4f431d56aeba7681a8654c9fb17d73b3a8e66c561ab22ca2c017b8751ef38cfd692532cf8588,08/26/2025 04:18:00 PM,2,DRIVER,1,2037467,,KIA,FORTE,IL,2018,UNKNOWN,PASSENGER,PERSONAL,E,STRAIGHT AHEAD,,,2,,,,,,,,,,,,,,,Y,,,FRONT-LEFT-CORNER,,,,,,,,,,,,,,,,,,,,,,,,,,,,,,,,,
2137286,201820357aac44b06eb0d5471bc699e1600dd6e30af264298eca5549cdb6fa8c9a807c8d5d816a69cfb1450bb43fe59d28e189d64cc0a3a3c93ff125e9e94b8b,08/26/2025 04:15:00 PM,1,DRIVER,,2037416,,THOMAS BUILT BUS COMPANY,THOMAS BUILT BUS CO.,IL,2023,NONE,BUS OVER 15 PASS.,SCHOOL BUS,N,STRAIGHT AHEAD,,,1,,,,,,Y,Y,,,,,,,,,,,SIDE-RIGHT,,,,,,,,,,,,,,,,,,,,,,,,,,,,,,,,,
2137287,201820357aac44b06eb0d5471bc699e1600dd6e30af264298eca5549cdb6fa8c9a807c8d5d816a69cfb1450bb43fe59d28e189d64cc0a3a3c93ff125e9e94b8b,08/26/2025 04:15:00 PM,2,PARKED,,2037423,,NISSAN,SENTRA,IL,2008,NONE,PASSENGER,UNKNOWN/NA,N,PARKED,,,0,,,,,,,,,,,,,,,Y,,,SIDE-LEFT,,,,,,,,,,,,,,,,,,,,,,,,,,,,,,,,,
2137362,caa8afd5de5a0f56eb85d103dafbc4c749af5f123c58e27292abea030c44546ee56564c7d4b9b3a20f41b9ad35a945fd543564030c2f53957a47bdb10a797370,08/26/2025 04:15:00 PM,1,DRIVER,,2037513,,JEEP,GRAND CHEROKEE,IL,2021,UNKNOWN,SPORT UTILITY VEHICLE (SUV),PERSONAL,W,STRAIGHT AHEAD,,,1,,,,,,,,,,,,,,Y,Y,N,,FRONT-LEFT-CORNER,,,,,,,,,,,,,,,,,,,,,,,,,,,,,,,,,
2137363,caa8afd5de5a0f56eb85d103dafbc4c749af5f123c58e27292abea030c44546ee56564c7d4b9b3a20f41b9ad35a945fd543564030c2f53957a47bdb10a797370,08/26/2025 04:15:00 PM,2,DRIVER,1,2037520,,CHEVROLET,EQUINOX,IL,2012,UNKNOWN,SPORT UTILITY VEHICLE (SUV),DRIVER EDUCATION,UNKNOWN,STRAIGHT AHEAD,,,2,,,,,,Y,Y,Y,Y,,,,,,,,,SIDE-RIGHT,,,,,,,,,,,,,,,,,,,,,,,,,,,,,,,,,
2137326,0a025411000f711caf25acada126be40c429e66a73eaa65e30237d65091ab496dfcc2717ac29a55fa9093a6b673be67724dc8787e64d514495cbec4a52f34c3a,08/26/2025 04:10:00 PM,1,DRIVER,,2037454,,LEXUS,RX350,IL,2013,UNKNOWN,PASSENGER,PERSONAL,S,STRAIGHT AHEAD,,,1,,,,,Y,,,,,,,,,,Y,Y,,FRONT,,,,,,,,,,,,,,,,,,,,,,,,,,,,,,,,,
2137327,0a025411000f711caf25acada126be40c429e66a73eaa65e30237d65091ab496dfcc2717ac29a55fa9093a6b673be67724dc8787e64d514495cbec4a52f34c3a,08/26/2025 04:10:00 PM,2,DRIVER,1,2037461,,NISSAN,VERSA,NC,2018,UNKNOWN,PASSENGER,PERSONAL,S,STRAIGHT AHEAD,,,2,,,,,,,,,Y,Y,Y,,,,,,,REAR,,,,,,,,,,,,,,,,,,,,,,,,,,,,,,,,,
2138762,8705a9a69d2dc0e9b012109c0f91ddcbb35ec6032d25d79e97e0ee6822370ca7e771c99c281dbbea6d46fc66a45acca2239b3bd111bac1c1d1ec578073572651,08/26/2025 04:10:00 PM,1,DRIVER,,2038814,,HONDA,OTHER (EXPLAIN IN NARRATIVE),IL,2007,UNKNOWN,PASSENGER,PERSONAL,W,STRAIGHT AHEAD,,,1,,,,,,,,,,,,,,,,Y,,FRONT,,,,,,,,,,,,,,,,,,,,,,,,,,,,,,,,,
2138763,8705a9a69d2dc0e9b012109c0f91ddcbb35ec6032d25d79e97e0ee6822370ca7e771c99c281dbbea6d46fc66a45acca2239b3bd111bac1c1d1ec578073572651,08/26/2025 04:10:00 PM,2,DRIVER,1,2038819,,TOYOTA,OTHER (EXPLAIN IN NARRATIVE),IL,2002,UNKNOWN,PASSENGER,PERSONAL,S,STRAIGHT AHEAD,,,2,,,,,,,,,,,,Y,Y,Y,,,,SIDE-LEFT,,,,,,,,,,,,,,,,,,,,,,,,,,,,,,,,,
2137775,e9404ebc3528f5c937a94953b685e1cc4a4ee93d09c94b19d5a2d8ba6899eb7ee8137de4ac829cc530316e7952756442630df6f5d9bbed45afbcd3a1b87f1f52,08/26/2025 04:10:00 PM,1,DRIVERLESS,,2037900,,HONDA,ACCORD,IL,2022,NONE,PASSENGER,NOT IN USE,UNKNOWN,OTHER,,,0,,,,,,,,,,Y,,,,,,,,REAR,,,,,,,,,,,,,,,,,,,,,,,,,,,,,,,,,
2137776,e9404ebc3528f5c937a94953b685e1cc4a4ee93d09c94b19d5a2d8ba6899eb7ee8137de4ac829cc530316e7952756442630df6f5d9bbed45afbcd3a1b87f1f52,08/26/2025 04:10:00 PM,2,DRIVERLESS,,2037905,,HONDA,ACCORD,,2022,NONE,PASSENGER,NOT IN USE,E,PARKED,,,0,,,,,,,,,,,,,Y,,,,,SIDE-LEFT,,,,,,,,,,,,,,,,,,,,,,,,,,,,,,,,,
2137306,c53d7277d48a42f663ee91a92d760e6e153a05d4c40768555f8099be8e5fd67b065a26a1fc75529c08a93531204b189be31b56f4dd44d9ecc02afbb9acdff59c,08/26/2025 04:09:00 PM,1,DRIVER,,2037440,,MINI,COOPER,IL,2012,UNKNOWN,SPORT UTILITY VEHICLE (SUV),UNKNOWN/NA,W,STRAIGHT AHEAD,,,1,,,,Y,,,,,,,,,,,,,,FRONT,,,,,,,,,,,,,,,,,,,,,,,,,,,,,,,,,
2137307,c53d7277d48a42f663ee91a92d760e6e153a05d4c40768555f8099be8e5fd67b065a26a1fc75529c08a93531204b189be31b56f4dd44d9ecc02afbb9acdff59c,08/26/2025 04:09:00 PM,2,PEDESTRIAN,,,,,,,,,,,,,,,,,,,,,,,,,,,,,,,,,,,,,,,,,,,,,,,,,,,,,,,,,,,,,,,,,,
2137292,6900c015149b7b27fe43cba41f5ebd87a820f4ee00792038226778e27147d81892cda0ee20e915a097907510d0d87c705fa471ba826e6ff4aee1d065c06947f4,08/26/2025 04:05:00 PM,1,DRIVER,1,2037426,,HONDA,CIVIC,NY,2012,UNKNOWN,PASSENGER,UNKNOWN/NA,S,STRAIGHT AHEAD,,,2,,,,,,,,,,,,,,,,Y,,FRONT,,,,,,,,,,,,,,,,,,,,,,,,,,,,,,,,,
2137293,6900c015149b7b27fe43cba41f5ebd87a820f4ee00792038226778e27147d81892cda0ee20e915a097907510d0d87c705fa471ba826e6ff4aee1d065c06947f4,08/26/2025 04:05:00 PM,2,DRIVER,,2037446,,HONDA,CIVIC,IL,2019,NONE,PASSENGER,UNKNOWN/NA,SW,TURNING LEFT,Y,,1,,UNKNOWN,,,,,,N,N,,,,,,,,,OTHER,,,,,,,,,,,,,,,,,,,,,,,,,,,,,,,,,
2137263,a1265591f44047a6a82675c389e2967a82d50ad8ccdb70be82eb93c3e3f5afbc83ed0c20ea33209f5243605a30c05b1d76fc82343065c2f38ead89110d9e6152,08/26/2025 04:02:00 PM,1,DRIVER,,2037409,,AUDI,Q5,IL,2014,NONE,PASSENGER,PERSONAL,E,STRAIGHT AHEAD,,,1,,,,,Y,,,,,,,,,,Y,Y,,FRONT,,,,,,,,,,,,,,,,,,,,,,,,,,,,,,,,,
2137264,a1265591f44047a6a82675c389e2967a82d50ad8ccdb70be82eb93c3e3f5afbc83ed0c20ea33209f5243605a30c05b1d76fc82343065c2f38ead89110d9e6152,08/26/2025 04:02:00 PM,2,DRIVER,,2037399,,TESLA,MODEL 3,IL,2022,NONE,PASSENGER,PERSONAL,E,OTHER,,,1,,,,,Y,,,,Y,Y,Y,,,,Y,Y,,REAR,,,,,,,,,,,,,,,,,,,,,,,,,,,,,,,,,
2137265,a1265591f44047a6a82675c389e2967a82d50ad8ccdb70be82eb93c3e3f5afbc83ed0c20ea33209f5243605a30c05b1d76fc82343065c2f38ead89110d9e6152,08/26/2025 04:02:00 PM,3,DRIVER,,2037414,,KIA,SELTOS,IL,2021,NONE,PASSENGER,PERSONAL,E,OTHER,,,1,,,,,,,,,Y,Y,Y,,,,,,,REAR,,,,,,,,,,,,,,,,,,,,,,,,,,,,,,,,,
2137298,f53093e4dbb240ac0455dcd7afb3e1e03434533ddca0399aa1c7937ec4c38d59876bc6b27b609815955b18fdf226d97ca491e901030c2ef13d0e50e6075404b3,08/26/2025 04:02:00 PM,1,DRIVER,3,2037435,,LINCOLN,NAVIGATOR,IL,2007,NONE,PASSENGER,PERSONAL,S,BACKING,,,4,,,,,,,,,Y,,,,,,,,,REAR-RIGHT-CORNER,,,,,,,,,,,,,,,,,,,,,,,,,,,,,,,,,
2137299,f53093e4dbb240ac0455dcd7afb3e1e03434533ddca0399aa1c7937ec4c38d59876bc6b27b609815955b18fdf226d97ca491e901030c2ef13d0e50e6075404b3,08/26/2025 04:02:00 PM,2,DRIVER,1,2037458,,MERCEDES-BENZ,GLC,IL,2024,NONE,PASSENGER,PERSONAL,E,STRAIGHT AHEAD,,,2,,,,,,,,,,,,Y,,,,,,SIDE-LEFT,,,,,,,,,,,,,,,,,,,,,,,,,,,,,,,,,
2137422,283481ffaa4a63e377b534425b005dda8dff87e1ce3443cde97d05a4036ab8bcd77aa3b5d6e6e220d92b446b4a261d6ad146a9caf9aafec4fb50cdd12dbc6468,08/26/2025 04:00:00 PM,1,DRIVER,,2037550,,UNKNOWN,OTHER (EXPLAIN IN NARRATIVE),,,UNKNOWN,UNKNOWN/NA,UNKNOWN/NA,UNKNOWN,UNKNOWN/NA,,,1,,,,,,,,,,,,,,,,,Y,UNKNOWN,,,,,,,,,,,,,,,,,,,,,,,,,,,,,,,,,
2137423,283481ffaa4a63e377b534425b005dda8dff87e1ce3443cde97d05a4036ab8bcd77aa3b5d6e6e220d92b446b4a261d6ad146a9caf9aafec4fb50cdd12dbc6468,08/26/2025 04:00:00 PM,2,PARKED,,2037556,,HONDA,HR-V,IL,2018,UNKNOWN,SPORT UTILITY VEHICLE (SUV),PERSONAL,E,PARKED,Y,,0,,private,,,,,,,,Y,Y,Y,,,,,,REAR-LEFT-CORNER,,,,,,,,,,,,,,,,,,,,,,,,,,,,,,,,,
2137316,3d87bf153c3a476f6d4b89b33070623c42a4f71bdd277f8c41d51655eff1178fbc429e38bf6bc3c068d7daad554a7f9c8043d369165546e052d841896912966b,08/26/2025 04:00:00 PM,1,DRIVER,,2037451,,JEEP,GRAND CHEROKEE,IL,2015,NONE,PASSENGER,PERSONAL,W,STRAIGHT AHEAD,,,1,,,,,Y,,,,,,,,,,Y,Y,,FRONT,,,,,,,,,,,,,,,,,,,,,,,,,,,,,,,,,
2137317,3d87bf153c3a476f6d4b89b33070623c42a4f71bdd277f8c41d51655eff1178fbc429e38bf6bc3c068d7daad554a7f9c8043d369165546e052d841896912966b,08/26/2025 04:00:00 PM,2,DRIVER,,2037459,,HONDA,CR-V,IL,2025,NONE,PASSENGER,PERSONAL,W,STRAIGHT AHEAD,,,1,,,,,,,,,Y,Y,Y,,,,,,,REAR,,,,,,,,,,,,,,,,,,,,,,,,,,,,,,,,,
2137454,53bb7f8af568c98374427427e9262b7ff969ecd177006aef0763b98d44a11e3e1f890bfc204114178e6c89bbc27c4c902a4541183345bef113d429166316221c,08/26/2025 04:00:00 PM,1,DRIVER,,2037587,,UNKNOWN,OTHER (EXPLAIN IN NARRATIVE),,,UNKNOWN,UNKNOWN/NA,UNKNOWN/NA,UNKNOWN,UNKNOWN/NA,,,1,,,,,,,,,,,,,,,,,Y,UNKNOWN,,,,,,,,,,,,,,,,,,,,,,,,,,,,,,,,,
2137455,53bb7f8af568c98374427427e9262b7ff969ecd177006aef0763b98d44a11e3e1f890bfc204114178e6c89bbc27c4c902a4541183345bef113d429166316221c,08/26/2025 04:00:00 PM,2,PARKED,,2037589,,NISSAN,ALTIMA,IL,2012,UNKNOWN,UNKNOWN/NA,NOT IN USE,UNKNOWN,PARKED,,,0,,,,,,,,,,,Y,,,,,,,REAR-LEFT-CORNER,,,,,,,,,,,,,,,,,,,,,,,,,,,,,,,,,