CRASH_UNIT_ID,CRASH_RECORD_ID,CRASH_DATE,UNIT_NO,UNIT_TYPE,NUM_PASSENGERS,VEHICLE_ID,CMRC_VEH_I,MAKE,MODEL,LIC_PLATE_STATE,VEHICLE_YEAR,VEHICLE_DEFECT,VEHICLE_TYPE,VEHICLE_USE,TRAVEL_DIRECTION,MANEUVER,TOWED_I,FIRE_I,OCCUPANT_CNT,EXCEED_SPEED_LIMIT_I,TOWED_BY,TOWED_TO,AREA_00_I,AREA_01_I,AREA_02_I,AREA_03_I,AREA_04_I,AREA_05_I,AREA_06_I,AREA_07_I,AREA_08_I,AREA_09_I,AREA_10_I,AREA_11_I,AREA_12_I,AREA_99_I,FIRST_CONTACT_POINT,CMV_ID,USDOT_NO,CCMC_NO,ILCC_NO,COMMERCIAL_SRC,GVWR,CARRIER_NAME,CARRIER_STATE,CARRIER_CITY,HAZMAT_PLACARDS_I,HAZMAT_NAME,UN_NO,HAZMAT_PRESENT_I,HAZMAT_REPORT_I,HAZMAT_REPORT_NO,MCS_REPORT_I,MCS_REPORT_NO,HAZMAT_VIO_CAUSE_CRASH_I,MCS_VIO_CAUSE_CRASH_I,IDOT_PERMIT_NO,WIDE_LOAD_I,TRAILER1_WIDTH,TRAILER2_WIDTH,TRAILER1_LENGTH,TRAILER2_LENGTH,TOTAL_VEHICLE_LENGTH,AXLE_CNT,VEHICLE_CONFIG,CARGO_BODY_TYPE,LOAD_TYPE,HAZMAT_OUT_OF_SERVICE_I,MCS_OUT_OF_SERVICE_I,HAZMAT_CLASS
2137616,7faeaf47bde7ab6ca2963dcae119f8fd92aa734ee65b7678abc685f8bdfb35761e436c611961c3a7d5d63205806097ea73b02a9ecb3a86febab67c6985ac8dc8,08/26/2025 04:00:00 PM,1,DRIVER,,2037745,,MINI,COOPER,IL,2012,NONE,PASSENGER,PERSONAL,W,CHANGING LANES,,,1,,,,,,,,,,,,,,,,,Y,UNKNOWN,,,,,,,,,,,,,,,,,,,,,,,,,,,,,,,,,
2137617,7faeaf47bde7ab6ca2963dcae119f8fd92aa734ee65b7678abc685f8bdfb35761e436c611961c3a7d5d63205806097ea73b02a9ecb3a86febab67c6985ac8dc8,08/26/2025 04:00:00 PM,2,DRIVER,1,2037754,,TOYOTA,RAV4,,2025,NONE,PASSENGER,PERSONAL,W,STRAIGHT AHEAD,,,2,,,,,,,,,,,,Y,,,,,,REAR-LEFT-CORNER,,,,,,,,,,,,,,,,,,,,,,,,,,,,,,,,,
2137438,98ef5393c75ab6e31ea32cb526ab0c751f1163d4ad22d2fb93219818b5439c0629be490c7ca59216a4c51c0210cc65693a5ad68c941e899535eba077d256ee31,08/26/2025 04:00:00 PM,1,DRIVER,,2037574,,CHEVROLET,MALIBU,IL,2009,NONE,PASSENGER,PERSONAL,S,STRAIGHT AHEAD,,,1,,,,,,,,,,,,,,,Y,,,FRONT-LEFT-CORNER,,,,,,,,,,,,,,,,,,,,,,,,,,,,,,,,,
2137439,98ef5393c75ab6e31ea32cb526ab0c751f1163d4ad22d2fb93219818b5439c0629be490c7ca59216a4c51c0210cc65693a5ad68c941e899535eba077d256ee31,08/26/2025 04:00:00 PM,2,DRIVER,,2037579,,HONDA,ACCORD,IL,2013,NONE,PASSENGER,PERSONAL,S,TURNING RIGHT,,,1,,,,,,,Y,Y,,,,,,,,,,SIDE-RIGHT-REAR,,,,,,,,,,,,,,,,,,,,,,,,,,,,,,,,,
2137404,ae30b92a74c4d56dc36fe930b00244f9c9a4c576642a76e2726c80b6c3fecf127f6c5c50cc70372cb6ad3f757f4a0fd7fd27443c1dc757e32b0b8babe3e7ebd6,08/26/2025 04:00:00 PM,1,DRIVER,,2037542,,CHEVROLET,BOLT,IL,2019,UNKNOWN,PASSENGER,PERSONAL,W,STRAIGHT AHEAD,,,1,,,,,,,,,,,,,Y,Y,Y,,,FRONT-LEFT-CORNER,,,,,,,,,,,,,,,,,,,,,,,,,,,,,,,,,
2137405,ae30b92a74c4d56dc36fe930b00244f9c9a4c576642a76e2726c80b6c3fecf127f6c5c50cc70372cb6ad3f757f4a0fd7fd27443c1dc757e32b0b8babe3e7ebd6,08/26/2025 04:00:00 PM,2,DRIVER,,2037549,,FORD,ESCAPE,IL,2018,UNKNOWN,SPORT UTILITY VEHICLE (SUV),PERSONAL,N,STRAIGHT AHEAD,,,1,,,,,Y,Y,,,,,,,,,,,,FRONT-RIGHT-CORNER,,,,,,,,,,,,,,,,,,,,,,,,,,,,,,,,,
2137344,d04b0e8d16d0b7829535759ab1d682005300ab276a0cbb90b6bb5493fe29e61beaab6fde825b787d6db987074a596e24887ad5f2fe4db7cd043096ef0e707aca,08/26/2025 04:00:00 PM,1,DRIVER,,2037491,,DODGE,RAM 3500 PU,IL,1995,NONE,TRUCK - SINGLE UNIT,UNKNOWN/NA,S,PASSING/OVERTAKING,,,1,,,,,,,,,,,,,,,,,,SIDE-RIGHT-FRONT,,,,,,,,,,,,,,,,,,,,,,,,,,,,,,,,,
2137345,d04b0e8d16d0b7829535759ab1d682005300ab276a0cbb90b6bb5493fe29e61beaab6fde825b787d6db987074a596e24887ad5f2fe4db7cd043096ef0e707aca,08/26/2025 04:00:00 PM,2,NON-MOTOR VEHICLE,,,,,,,,,,,,,,,,,,,,,,,,,,,,,,,,,,,,,,,,,,,,,,,,,,,,,,,,,,,,,,,,,,
2137442,d55e6b6817c50011e5d58d1dfdc92fd1ab22f15c90d2e000c7fc39d1de296ddc18524b536e7a7fe83d0a930648981c4b992d74a08f045d03c8c566181369039e,08/26/2025 04:00:00 PM,1,DRIVER,,2037583,,UNKNOWN,MOTORIZED,,,UNKNOWN,BUS OVER 15 PASS.,CTA,N,STRAIGHT AHEAD,,,1,,,,,,,,,,,,,,,,,Y,UNKNOWN,,,,,,,,,,,,,,,,,,,,,,,,,,,,,,,,,
2137443,d55e6b6817c50011e5d58d1dfdc92fd1ab22f15c90d2e000c7fc39d1de296ddc18524b536e7a7fe83d0a930648981c4b992d74a08f045d03c8c566181369039e,08/26/2025 04:00:00 PM,2,PARKED,,2037577,,LEXUS,NX,IL,2022,UNKNOWN,PASSENGER,PERSONAL,N,PARKED,,,0,,,,,,,,,,,,,,Y,Y,,,SIDE-LEFT-FRONT,,,,,,,,,,,,,,,,,,,,,,,,,,,,,,,,,
2138053,ee3976561159a6c99258e6fb7387cd54c28aa93925e502cae15a747ad56edb320ce63387aaf949a1466ce581a7b0b4a0fc2b753afff204404d4459ba079112c2,08/26/2025 04:00:00 PM,1,DRIVER,,2038144,,FORD,OTHER (EXPLAIN IN NARRATIVE),IL,2015,NONE,SPORT UTILITY VEHICLE (SUV),PERSONAL,S,STRAIGHT AHEAD,,,1,,,,,,,,,,,,,,,Y,,,FRONT-LEFT-CORNER,,,,,,,,,,,,,,,,,,,,,,,,,,,,,,,,,
2138054,ee3976561159a6c99258e6fb7387cd54c28aa93925e502cae15a747ad56edb320ce63387aaf949a1466ce581a7b0b4a0fc2b753afff204404d4459ba079112c2,08/26/2025 04:00:00 PM,2,PARKED,,2038151,,FORD,ECOSPORT,FL,2020,NONE,SPORT UTILITY VEHICLE (SUV),PERSONAL,S,PARKED,,,0,,,,,,,,,Y,,,,,,,,,REAR-RIGHT-CORNER,,,,,,,,,,,,,,,,,,,,,,,,,,,,,,,,,
2137276,cce23ee1be897c2bbaa8adf0787fa7c3fda7c91af455416d19a40f57053327c5bd51f2ebe2f739bec76db62662cb56241764e13975a01b28d1eb039c29d71092,08/26/2025 03:58:00 PM,1,DRIVER,,2037436,,FORD,OTHER (EXPLAIN IN NARRATIVE),IL,2017,NONE,VAN/MINI-VAN,PERSONAL,S,ENTERING TRAFFIC LANE FROM PARKING,,,1,,,,,,,,,,,,,Y,Y,,,,SIDE-LEFT,,,,,,,,,,,,,,,,,,,,,,,,,,,,,,,,,
2137277,cce23ee1be897c2bbaa8adf0787fa7c3fda7c91af455416d19a40f57053327c5bd51f2ebe2f739bec76db62662cb56241764e13975a01b28d1eb039c29d71092,08/26/2025 03:58:00 PM,2,DRIVER,1,2037441,,JEEP,GRAND CHEROKEE,IL,1999,NONE,SPORT UTILITY VEHICLE (SUV),PERSONAL,S,STRAIGHT AHEAD,,,2,,,,,,,,,Y,,,,,,,,,SIDE-RIGHT-REAR,,,,,,,,,,,,,,,,,,,,,,,,,,,,,,,,,
2137258,0dc2269b259366164699834f39d8593ed8c498da2f392da1494c354102734b8d304e2f3e0f8005049877a51c942240baf671ba88814da9fc1838071cf9ad226b,08/26/2025 03:40:00 PM,1,DRIVER,,2037402,,UNKNOWN,OTHER (EXPLAIN IN NARRATIVE),,,UNKNOWN,UNKNOWN/NA,UNKNOWN/NA,E,UNKNOWN/NA,,,1,,,,,Y,,,,,,,,,,,,,FRONT-RIGHT-CORNER,,,,,,,,,,,,,,,,,,,,,,,,,,,,,,,,,
2137259,0dc2269b259366164699834f39d8593ed8c498da2f392da1494c354102734b8d304e2f3e0f8005049877a51c942240baf671ba88814da9fc1838071cf9ad226b,08/26/2025 03:40:00 PM,2,PARKED,,2037442,,RIVIAN,R3,NC,2024,UNKNOWN,VAN/MINI-VAN,OTHER,E,PARKED,,,0,,,,,,,,,,,Y,Y,,,,,,REAR-LEFT-CORNER,,,,,,,,,,,,,,,,,,,,,,,,,,,,,,,,,
2137338,4688eb3b9334ee0949715fb62e8e5e562b54a013ad65ecc7258c0aefab4ecdfe9aace8c9776145a32442cd39fa74aa99ccf3014969ca1567a7272aca5fbcf38f,08/26/2025 03:40:00 PM,1,PARKED,1,2037477,,TOYOTA,CAMRY,IL,2007,UNKNOWN,PASSENGER,UNKNOWN/NA,UNKNOWN,PARKED,,,1,,,,,,,,,,,,,Y,,,,,SIDE-LEFT,,,,,,,,,,,,,,,,,,,,,,,,,,,,,,,,,
2137339,4688eb3b9334ee0949715fb62e8e5e562b54a013ad65ecc7258c0aefab4ecdfe9aace8c9776145a32442cd39fa74aa99ccf3014969ca1567a7272aca5fbcf38f,08/26/2025 03:40:00 PM,2,DRIVER,1,2037488,,VOLKSWAGEN,ATLAS,IL,2021,UNKNOWN,SPORT UTILITY VEHICLE (SUV),UNKNOWN/NA,N,STRAIGHT AHEAD,,,2,,,,,,,Y,N,,,,,,,,Y,,UNKNOWN,,,,,,,,,,,,,,,,,,,,,,,,,,,,,,,,,
2137260,d7e9e234997f6c0def40fb37856f43ddf35625e652f1f00b3957075f5575c0b0dc222ef927f2a620b32e56808d1112bb3dbc027619487a32c632ef0d29f8efd4,08/26/2025 03:40:00 PM,1,DRIVER,,2037404,,HONDA,CIVIC,AL,2008,UNKNOWN,PASSENGER,PERSONAL,S,STRAIGHT AHEAD,Y,,1,,,,,Y,,,,,,,,,,Y,Y,,FRONT,,,,,,,,,,,,,,,,,,,,,,,,,,,,,,,,,
2137261,d7e9e234997f6c0def40fb37856f43ddf35625e652f1f00b3957075f5575c0b0dc222ef927f2a620b32e56808d1112bb3dbc027619487a32c632ef0d29f8efd4,08/26/2025 03:40:00 PM,2,DRIVER,,2037413,,HYUNDAI,SONATA,IL,,UNKNOWN,PASSENGER,PERSONAL,S,STRAIGHT AHEAD,Y,,1,,,,,Y,,,,Y,Y,Y,,,,Y,Y,,REAR,,,,,,,,,,,,,,,,,,,,,,,,,,,,,,,,,
2137262,d7e9e234997f6c0def40fb37856f43ddf35625e652f1f00b3957075f5575c0b0dc222ef927f2a620b32e56808d1112bb3dbc027619487a32c632ef0d29f8efd4,08/26/2025 03:40:00 PM,3,DRIVER,,2037425,,TOYOTA,LAND CRUISER,IL,1997,UNKNOWN,PICKUP,PERSONAL,S,STRAIGHT AHEAD,,,1,,,,,,,,,Y,Y,Y,,,,,,,REAR,,,,,,,,,,,,,,,,,,,,,,,,,,,,,,,,,
2137266,92576a88f61c1dff86404100e904d3110c8b92c2dd9ae075f312dbeb854aef7f08946243ac60034d952c2fcb30ab93a8fad7e423621c9edb5d5c4a10439ab774,08/26/2025 03:35:00 PM,1,DRIVER,,2037398,,AUDI,OTHER (EXPLAIN IN NARRATIVE),,,UNKNOWN,PASSENGER,UNKNOWN/NA,S,PASSING/OVERTAKING,,,1,,,,,,,,,,,,,,,,,Y,SIDE-RIGHT,,,,,,,,,,,,,,,,,,,,,,,,,,,,,,,,,
2137267,92576a88f61c1dff86404100e904d3110c8b92c2dd9ae075f312dbeb854aef7f08946243ac60034d952c2fcb30ab93a8fad7e423621c9edb5d5c4a10439ab774,08/26/2025 03:35:00 PM,2,DRIVER,,2037406,Y,NEW FLYER,OTHER (EXPLAIN IN NARRATIVE),IL,2008,NONE,BUS OVER 15 PASS.,CTA,S,SLOW/STOP IN TRAFFIC,,,1,,,,,,,,,,,,,,,Y,,,FRONT-LEFT-CORNER,"22,082",,,,,,,,,,,,,,,,,,,,,,,,,,,BUS,,,,,
2137728,d1c3bb571a0aab5a86dea1376b44e324c05afa6cc7ffdd099c2d9d0f843c8828558df2a544b8ee79fcf1653ee0df1a8c6b4d521d8102c3272a79319fa715920a,08/26/2025 03:32:00 PM,1,DRIVER,1,2037844,,ACURA,ZDX,IL,2021,UNKNOWN,SPORT UTILITY VEHICLE (SUV),PERSONAL,W,OTHER,,,2,,,,,Y,Y,,,,,,,,Y,Y,Y,,FRONT,,,,,,,,,,,,,,,,,,,,,,,,,,,,,,,,,
2137729,d1c3bb571a0aab5a86dea1376b44e324c05afa6cc7ffdd099c2d9d0f843c8828558df2a544b8ee79fcf1653ee0df1a8c6b4d521d8102c3272a79319fa715920a,08/26/2025 03:32:00 PM,2,PARKED,,2037845,,HONDA,CIVIC,IL,2006,UNKNOWN,PASSENGER,NOT IN USE,W,PARKED,,,0,,,,,,,,Y,Y,Y,Y,Y,,,,,,REAR,,,,,,,,,,,,,,,,,,,,,,,,,,,,,,,,,
2137268,2f122a0c618b95ade52c1a24ca3faea5546ef74ad15bd9e4772a54726781f78fbce1d130a46a533d51a8b4ee16f2bbaaf2e7cc507e2268eb90b358e4da9917af,08/26/2025 03:30:00 PM,1,DRIVER,,2037397,,UNKNOWN,OTHER (EXPLAIN IN NARRATIVE),,,UNKNOWN,UNKNOWN/NA,UNKNOWN/NA,UNKNOWN,UNKNOWN/NA,,,1,,,,,,,,,,,,,,,,,Y,UNKNOWN,,,,,,,,,,,,,,,,,,,,,,,,,,,,,,,,,
2137269,2f122a0c618b95ade52c1a24ca3faea5546ef74ad15bd9e4772a54726781f78fbce1d130a46a533d51a8b4ee16f2bbaaf2e7cc507e2268eb90b358e4da9917af,08/26/2025 03:30:00 PM,2,PARKED,,2037400,,FORD,TRANSIT,IL,2023,UNKNOWN,TRUCK - SINGLE UNIT,NOT IN USE,UNKNOWN,PARKED,,,0,,,,,,,,,Y,Y,Y,,,,,,,REAR,,,,,,,,,,,,,,,,,,,,,,,,,,,,,,,,,
2137308,9133b1df76b6b54bca67a59affe6002f59d6b8b485633d30aa2a611897fdb1195a98128e5133f23b51e6605e14a45d9c5b6d712ceea0366aa8c90e7bbbc0d308,08/26/2025 03:30:00 PM,1,DRIVER,,2037472,,HONDA,ACCORD,IL,2005,NONE,PASSENGER,PERSONAL,E,STRAIGHT AHEAD,,,1,,,,N,Y,,,,,,,,,,Y,Y,,FRONT,,,,,,,,,,,,,,,,,,,,,,,,,,,,,,,,,
2137309,9133b1df76b6b54bca67a59affe6002f59d6b8b485633d30aa2a611897fdb1195a98128e5133f23b51e6605e14a45d9c5b6d712ceea0366aa8c90e7bbbc0d308,08/26/2025 03:30:00 PM,2,DRIVER,,2037479,,TOYOTA,COROLLA,IL,2025,NONE,PASSENGER,PERSONAL,E,SLOW/STOP IN TRAFFIC,,,1,,,,Y,,,,,,,,,,,,,,REAR,,,,,,,,,,,,,,,,,,,,,,,,,,,,,,,,,
2137304,cef116deeb234c49d60166886a0e19104a95dffc98cef46439f8c330f9ebea5e3bbead6caa96ce94ec6485fcbf27f56b3ba4fa0d04352058a8caac522aa1d0b0,08/26/2025 03:30:00 PM,1,DRIVER,,2037445,,HYUNDAI,SANTA FE,IL,2020,UNKNOWN,SPORT UTILITY VEHICLE (SUV),PERSONAL,E,PASSING/OVERTAKING,,,1,,,,,,,,,,,,,Y,Y,Y,,,SIDE-LEFT,,,,,,,,,,,,,,,,,,,,,,,,,,,,,,,,,
2137305,cef116deeb234c49d60166886a0e19104a95dffc98cef46439f8c330f9ebea5e3bbead6caa96ce94ec6485fcbf27f56b3ba4fa0d04352058a8caac522aa1d0b0,08/26/2025 03:30:00 PM,2,DRIVER,,2037464,,DODGE,RAM 3500 PU,IL,2014,NONE,PICKUP,PERSONAL,E,SLOW/STOP IN TRAFFIC,,,1,,,,,,,Y,Y,Y,,,,,,,,,SIDE-RIGHT,,,,,,,,,,,,,,,,,,,,,,,,,,,,,,,,,
2137340,ee4fc740a9defda76cb3b1992d3e5e3be11999b6eb3d7bf7ef946e17b2b03b62ef74b31e312ad5700420afb3ea4672d366c1dd7d8a744b4ad04e92737416dab7,08/26/2025 03:30:00 PM,1,DRIVER,,2037480,,FORD,OTHER (EXPLAIN IN NARRATIVE),IL,2016,UNKNOWN,PASSENGER,UNKNOWN/NA,N,STRAIGHT AHEAD,,,1,,,,,Y,,,,,,,,,,Y,Y,,FRONT,,,,,,,,,,,,,,,,,,,,,,,,,,,,,,,,,
2137341,ee4fc740a9defda76cb3b1992d3e5e3be11999b6eb3d7bf7ef946e17b2b03b62ef74b31e312ad5700420afb3ea4672d366c1dd7d8a744b4ad04e92737416dab7,08/26/2025 03:30:00 PM,2,DRIVER,,2037483,,HONDA,PILOT,IL,2022,UNKNOWN,SPORT UTILITY VEHICLE (SUV),UNKNOWN/NA,N,STRAIGHT AHEAD,,,1,,,,,,,,,Y,Y,Y,,,,,,,REAR,,,,,,,,,,,,,,,,,,,,,,,,,,,,,,,,,
2137939,f3d5d3324e8b4520b372ba6243d4b0cde8b170cdb35304916198a7d9396f1dd3fe1944fa3d1bc2b741ca01f8ebd1a524e7be1ea21b06002bba185e6e8aa8c3b2,08/26/2025 03:30:00 PM,1,DRIVER,,2038044,,UNKNOWN,MOTORIZED,,,UNKNOWN,UNKNOWN/NA,UNKNOWN/NA,UNKNOWN,UNKNOWN/NA,,,1,,,,,,,,,,,,,,,,,Y,UNKNOWN,,,,,,,,,,,,,,,,,,,,,,,,,,,,,,,,,
2137940,f3d5d3324e8b4520b372ba6243d4b0cde8b170cdb35304916198a7d9396f1dd3fe1944fa3d1bc2b741ca01f8ebd1a524e7be1ea21b06002bba185e6e8aa8c3b2,08/26/2025 03:30:00 PM,2,PARKED,,2038046,,HYUNDAI,TUCSON,IL,2012,UNKNOWN,SPORT UTILITY VEHICLE (SUV),NOT IN USE,E,PARKED,,,0,,,,,,,,,,,Y,Y,,,,,,SIDE-LEFT-REAR,,,,,,,,,,,,,,,,,,,,,,,,,,,,,,,,,
2137302,59534ef29566a19ac94b72241c98fadaffdbe74bc1ab7ec6f7c34d99f38b3fc699d3700949ca509e11f55d460743512a210b120499060c03a2df4730db2cbf95,08/26/2025 03:27:00 PM,1,DRIVER,,2037431,,DODGE,CARAVAN,,,UNKNOWN,VAN/MINI-VAN,UNKNOWN/NA,UNKNOWN,BACKING,,,1,,,,,,,,,,,,,,,,,Y,REAR,,,,,,,,,,,,,,,,,,,,,,,,,,,,,,,,,
2137303,59534ef29566a19ac94b72241c98fadaffdbe74bc1ab7ec6f7c34d99f38b3fc699d3700949ca509e11f55d460743512a210b120499060c03a2df4730db2cbf95,08/26/2025 03:27:00 PM,2,PARKED,1,2037438,,HONDA,CR-V,IL,2021,UNKNOWN,SPORT UTILITY VEHICLE (SUV),UNKNOWN/NA,UNKNOWN,PARKED,,,1,,,,,,,,,,,,,,,,Y,,FRONT-LEFT-CORNER,,,,,,,,,,,,,,,,,,,,,,,,,,,,,,,,,
2137300,0865118d787093952c6acbf24009575c018350160b9dc3b74a72b1ac7043c1f596c8645448fd05ddc56704d7ba3356f1bfca828484facf83fda03fdb3be6edfc,08/26/2025 03:23:00 PM,1,DRIVER,,2037432,,LEXUS,ES350,IL,2008,UNKNOWN,PASSENGER,PERSONAL,N,STRAIGHT AHEAD,,,1,,,,,Y,,,,,,,,,,N,N,,FRONT-RIGHT-CORNER,,,,,,,,,,,,,,,,,,,,,,,,,,,,,,,,,
2137301,0865118d787093952c6acbf24009575c018350160b9dc3b74a72b1ac7043c1f596c8645448fd05ddc56704d7ba3356f1bfca828484facf83fda03fdb3be6edfc,08/26/2025 03:23:00 PM,2,DRIVER,1,2037448,,CHEVROLET,EQUINOX,IL,2018,UNKNOWN,SPORT UTILITY VEHICLE (SUV),PERSONAL,W,STRAIGHT AHEAD,Y,,2,,PRIVATE TOW,,,,,,,,,Y,Y,Y,,,,,REAR-LEFT-CORNER,,,,,,,,,,,,,,,,,,,,,,,,,,,,,,,,,
2138010,b438b4973641780ac50fbac4a31b4ff7eeb0d700d6e77dee9af7f4a977a316d15a64955bacbee1621ffb1cfb93062500ae881755fe5cbf1515384d92602b45f7,08/26/2025 03:15:00 PM,1,PARKED,1,2038116,,FORD,EXPLORER,IL,2018,UNKNOWN,SPORT UTILITY VEHICLE (SUV),PERSONAL,E,PARKED,,,1,,,,,,,,,,,,,Y,,,,,SIDE-LEFT,,,,,,,,,,,,,,,,,,,,,,,,,,,,,,,,,
2138011,b438b4973641780ac50fbac4a31b4ff7eeb0d700d6e77dee9af7f4a977a316d15a64955bacbee1621ffb1cfb93062500ae881755fe5cbf1515384d92602b45f7,08/26/2025 03:15:00 PM,2,DRIVER,,2038134,,TOYOTA,RAV4,IL,2023,NONE,SPORT UTILITY VEHICLE (SUV),PERSONAL,E,STRAIGHT AHEAD,,,1,,,,,,,Y,,,,,,,,,,,SIDE-RIGHT,,,,,,,,,,,,,,,,,,,,,,,,,,,,,,,,,
2139517,4f63085a6aebe8ed8d8032fa2d6bba724c034b6c8a03da6c0d13bf8bdabf1c6f1f10f241cc5c1251077a4fc8b75053c35b1fa367ed69bc102f396a02d7b880c1,08/26/2025 03:10:00 PM,1,DRIVER,,2039536,,BMW,OTHER (EXPLAIN IN NARRATIVE),IL,2023,UNKNOWN,PASSENGER,PERSONAL,S,LEAVING TRAFFIC LANE TO PARK,,,1,,,,,,,,,,Y,Y,,,,,,,REAR-LEFT-CORNER,,,,,,,,,,,,,,,,,,,,,,,,,,,,,,,,,
2139518,4f63085a6aebe8ed8d8032fa2d6bba724c034b6c8a03da6c0d13bf8bdabf1c6f1f10f241cc5c1251077a4fc8b75053c35b1fa367ed69bc102f396a02d7b880c1,08/26/2025 03:10:00 PM,2,NON-MOTOR VEHICLE,,,,,,,,,,,,,,,,,,,,,,,,,,,,,,,,,,,,,,,,,,,,,,,,,,,,,,,,,,,,,,,,,,
2140399,1a13aa088a291cc5d77a1deeb1ea9fa6e25bbf863e4921680ea3b0ed444ccb243b8d88da5f1838546073685a726be7ea7792d0cdafb5c158a5bd13c324d2a479,08/26/2025 03:05:00 PM,1,DRIVER,1,2040370,,MAZDA,CX-5,KY,2025,NONE,SPORT UTILITY VEHICLE (SUV),PERSONAL,N,STRAIGHT AHEAD,Y,,2,,private tow,unknown,,,,,,,,,,,,,,,UNDER CARRIAGE,,,,,,,,,,,,,,,,,,,,,,,,,,,,,,,,,
2137272,bff72faeb9da746bb692c80ad9e418d8a4c9cfdbcd9c35e7a4f23928895833a41fb1b6d7d49192407a89b3d2adc5bd5730e021debc3cd5e36abaf723ae823b09,08/26/2025 03:03:00 PM,1,DRIVER,,2037405,,JEEP,WRANGLER,IL,,UNKNOWN,PASSENGER,PERSONAL,W,STRAIGHT AHEAD,,,1,,,,,,,,,,,,,,,,,Y,FRONT,,,,,,,,,,,,,,,,,,,,,,,,,,,,,,,,,
2137273,bff72faeb9da746bb692c80ad9e418d8a4c9cfdbcd9c35e7a4f23928895833a41fb1b6d7d49192407a89b3d2adc5bd5730e021debc3cd5e36abaf723ae823b09,08/26/2025 03:03:00 PM,2,DRIVER,1,2037408,Y,UNKNOWN,OTHER (EXPLAIN IN NARRATIVE),IL,,UNKNOWN,BUS OVER 15 PASS.,SCHOOL BUS,W,STRAIGHT AHEAD,,,2,,,,,,,,,Y,Y,Y,,,,,,,REAR,,,,,,,,,,,,,,,,,,,,,,,,,,,,,,,,,
2137213,df43b922a3c672eef912bd3eeb5c7c26178b298d0d3167ae0dd5e9fb5ddd08b3673e9629b12f43f4b8e5ae2e7a90b8af06b40692d19d1843ed4b15a6ae31f661,08/26/2025 03:00:00 PM,1,DRIVER,,2037347,,JEEP,WRANGLER,IL,2017,UNKNOWN,UNKNOWN/NA,UNKNOWN/NA,S,BACKING,,,1,,,,,,,,,,,,,,,,,Y,UNKNOWN,,,,,,,,,,,,,,,,,,,,,,,,,,,,,,,,,
2137214,df43b922a3c672eef912bd3eeb5c7c26178b298d0d3167ae0dd5e9fb5ddd08b3673e9629b12f43f4b8e5ae2e7a90b8af06b40692d19d1843ed4b15a6ae31f661,08/26/2025 03:00:00 PM,2,DRIVER,,2037354,,HONDA,CIVIC,IL,2018,UNKNOWN,PASSENGER,PERSONAL,W,STRAIGHT AHEAD,,,1,,,,,Y,Y,,,,,,,,,,,,FRONT-RIGHT-CORNER,,,,,,,,,,,,,,,,,,,,,,,,,,,,,,,,,
2137232,02cdb0c1d90bb6bf7658ff3d327a456dad685b1af65bd63bb08ace9819cf4a84335f9f754469361bd7fc705cf66a9c2baa8a0a77bb53ded65fed97045823f34d,08/26/2025 02:50:00 PM,1,DRIVER,,2037381,,TOYOTA,PRIUS,IL,2016,NONE,PASSENGER,PERSONAL,N,STRAIGHT AHEAD,,,1,,,,,,,,,,,Y,,,,,,,REAR-RIGHT-CORNER,,,,,,,,,,,,,,,,,,,,,,,,,,,,,,,,,
2137233,02cdb0c1d90bb6bf7658ff3d327a456dad685b1af65bd63bb08ace9819cf4a84335f9f754469361bd7fc705cf66a9c2baa8a0a77bb53ded65fed97045823f34d,08/26/2025 02:50:00 PM,2,DRIVER,,2037385,,HONDA,CR-V,IL,2002,NONE,SPORT UTILITY VEHICLE (SUV),PERSONAL,E,STRAIGHT AHEAD,,,1,,,,,,,,,,,,,,,Y,,,FRONT-LEFT-CORNER,,,,,,,,,,,,,,,,,,,,,,,,,,,,,,,,,
2137274,08c0ef3ca91eab7c4430f9db304a3f09435000464db4aa4f9919927ac98ac7ccbdcfc9d26556f61df42c15b530a7ed22c1e36f821c20dbac983f914c5bb94c75,08/26/2025 02:50:00 PM,1,DRIVER,,2037407,,CHEVROLET,EQUINOX,IL,2015,NONE,PASSENGER,PERSONAL,W,ENTERING TRAFFIC LANE FROM PARKING,,,1,,,,,,,,,,,,,,Y,Y,Y,,FRONT-LEFT-CORNER,,,,,,,,,,,,,,,,,,,,,,,,,,,,,,,,,
2137275,08c0ef3ca91eab7c4430f9db304a3f09435000464db4aa4f9919927ac98ac7ccbdcfc9d26556f61df42c15b530a7ed22c1e36f821c20dbac983f914c5bb94c75,08/26/2025 02:50:00 PM,2,DRIVER,2,2037420,,DODGE,GRAND CARAVAN,IL,2017,NONE,VAN/MINI-VAN,UNKNOWN/NA,W,STRAIGHT AHEAD,Y,,3,,privately,unk,,Y,Y,Y,,,,,,,,,,,SIDE-RIGHT-FRONT,,,,,,,,,,,,,,,,,,,,,,,,,,,,,,,,,
2137280,e85386b275a207e79df5e5fa582339d69608dca0bebdab57197f849b6e5727390d0b3a96da6c2cbf108ace7fc2f0ab52ab2587094bbffc4a37c491d1ba8fcd70,08/26/2025 02:50:00 PM,1,DRIVER,,2037462,,VOLKSWAGEN,JETTA,IL,,UNKNOWN,PASSENGER,PERSONAL,SE,MERGING,,,1,,,,,,,,,,,,,,,,,Y,UNKNOWN,,,,,,,,,,,,,,,,,,,,,,,,,,,,,,,,,
2137281,e85386b275a207e79df5e5fa582339d69608dca0bebdab57197f849b6e5727390d0b3a96da6c2cbf108ace7fc2f0ab52ab2587094bbffc4a37c491d1ba8fcd70,08/26/2025 02:50:00 PM,2,DRIVER,1,2037443,,HONDA,ODYSSEY,IL,2006,UNKNOWN,VAN/MINI-VAN,PERSONAL,W,STRAIGHT AHEAD,,,2,,,,,,Y,Y,Y,,,,,,,,,,SIDE-RIGHT,,,,,,,,,,,,,,,,,,,,,,,,,,,,,,,,,