CRASH_UNIT_ID,CRASH_RECORD_ID,CRASH_DATE,UNIT_NO,UNIT_TYPE,NUM_PASSENGERS,VEHICLE_ID,CMRC_VEH_I,MAKE,MODEL,LIC_PLATE_STATE,VEHICLE_YEAR,VEHICLE_DEFECT,VEHICLE_TYPE,VEHICLE_USE,TRAVEL_DIRECTION,MANEUVER,TOWED_I,FIRE_I,OCCUPANT_CNT,EXCEED_SPEED_LIMIT_I,TOWED_BY,TOWED_TO,AREA_00_I,AREA_01_I,AREA_02_I,AREA_03_I,AREA_04_I,AREA_05_I,AREA_06_I,AREA_07_I,AREA_08_I,AREA_09_I,AREA_10_I,AREA_11_I,AREA_12_I,AREA_99_I,FIRST_CONTACT_POINT,CMV_ID,USDOT_NO,CCMC_NO,ILCC_NO,COMMERCIAL_SRC,GVWR,CARRIER_NAME,CARRIER_STATE,CARRIER_CITY,HAZMAT_PLACARDS_I,HAZMAT_NAME,UN_NO,HAZMAT_PRESENT_I,HAZMAT_REPORT_I,HAZMAT_REPORT_NO,MCS_REPORT_I,MCS_REPORT_NO,HAZMAT_VIO_CAUSE_CRASH_I,MCS_VIO_CAUSE_CRASH_I,IDOT_PERMIT_NO,WIDE_LOAD_I,TRAILER1_WIDTH,TRAILER2_WIDTH,TRAILER1_LENGTH,TRAILER2_LENGTH,TOTAL_VEHICLE_LENGTH,AXLE_CNT,VEHICLE_CONFIG,CARGO_BODY_TYPE,LOAD_TYPE,HAZMAT_OUT_OF_SERVICE_I,MCS_OUT_OF_SERVICE_I,HAZMAT_CLASS
2137290,a4475393b50cd1434f369217eb364e40de6325179d573f99e54af94a549151283363f8cb3f1a916a89a47891ec8b9968c41455b843f84eb86bce759e0f8386ae,08/26/2025 02:49:00 PM,1,DRIVER,,2037427,,HYUNDAI,TUCSON,NY,2024,UNKNOWN,SPORT UTILITY VEHICLE (SUV),OTHER,W,PASSING/OVERTAKING,Y,,1,,SELF TOW,,,Y,,,,,,,,,,Y,Y,,FRONT,,,,,,,,,,,,,,,,,,,,,,,,,,,,,,,,,
2137291,a4475393b50cd1434f369217eb364e40de6325179d573f99e54af94a549151283363f8cb3f1a916a89a47891ec8b9968c41455b843f84eb86bce759e0f8386ae,08/26/2025 02:49:00 PM,2,DRIVER,,2037437,,NISSAN,PATHFINDER,IL,2008,UNKNOWN,PASSENGER,PERSONAL,E,TURNING LEFT,Y,,1,,SELF TOW,,,Y,Y,,,,,,,,,,,,SIDE-RIGHT-FRONT,,,,,,,,,,,,,,,,,,,,,,,,,,,,,,,,,
2137215,e0ccc6500072e5005dcae6acdcb2c3687152717ff5e37125765ab336aa40fbc6069afc114539fa30e70227d1311c87393acd4201de145a32ff1768f6887f398c,08/26/2025 02:49:00 PM,1,DRIVER,,2037359,,CHEVROLET,IMPALA,IL,2008,NONE,PASSENGER,PERSONAL,E,SLOW/STOP IN TRAFFIC,,,1,,,,,Y,,,,,,,,,,,Y,,FRONT-RIGHT-CORNER,,,,,,,,,,,,,,,,,,,,,,,,,,,,,,,,,
2137216,e0ccc6500072e5005dcae6acdcb2c3687152717ff5e37125765ab336aa40fbc6069afc114539fa30e70227d1311c87393acd4201de145a32ff1768f6887f398c,08/26/2025 02:49:00 PM,2,DRIVER,,2037365,,MAZDA,CX-30,IL,2025,NONE,PASSENGER,PERSONAL,E,SLOW/STOP IN TRAFFIC,,,1,,,,,,,,,,Y,,,,,,,,REAR,,,,,,,,,,,,,,,,,,,,,,,,,,,,,,,,,
2137203,46578228b6bd87c0cb51a2bcf8dde1b1c8228471de9a3b27159461db3186b3366da9f4c272498ee07a9ec260343baa62267595b668e3e92f80c44f9085903647,08/26/2025 02:48:00 PM,1,DRIVER,,2037355,Y,FORD,CLUB WAGON E350,IL,2002,UNKNOWN,VAN/MINI-VAN,PERSONAL,N,STRAIGHT AHEAD,,,1,,,,,Y,,,,,,,,,,,,,SIDE-RIGHT-FRONT,,,,,,,,,,,,,,,,,,,,,,,,,,,,,,,,,
2137204,46578228b6bd87c0cb51a2bcf8dde1b1c8228471de9a3b27159461db3186b3366da9f4c272498ee07a9ec260343baa62267595b668e3e92f80c44f9085903647,08/26/2025 02:48:00 PM,2,DRIVER,,2037611,,JEEP,LAREDO,IL,2022,NONE,SPORT UTILITY VEHICLE (SUV),PERSONAL,N,STRAIGHT AHEAD,,,1,,,,,,,,,,,,Y,,,,,,SIDE-LEFT-REAR,,,,,,,,,,,,,,,,,,,,,,,,,,,,,,,,,
2137187,21e95780bf7ea7a53277e5f45064f92c278365d2126da2f327d95409d5e43bff178128485ac78126482ae278bad133a6d711e468fbd77926446217a96ba3b1c3,08/26/2025 02:40:00 PM,1,DRIVER,,2037326,,CHEVROLET,MALIBU,IL,2010,UNKNOWN,PASSENGER,PERSONAL,N,STRAIGHT AHEAD,,,1,,,,,Y,,,,,,,,,,Y,Y,,FRONT,,,,,,,,,,,,,,,,,,,,,,,,,,,,,,,,,
2137188,21e95780bf7ea7a53277e5f45064f92c278365d2126da2f327d95409d5e43bff178128485ac78126482ae278bad133a6d711e468fbd77926446217a96ba3b1c3,08/26/2025 02:40:00 PM,2,DRIVER,,2037335,,ISUZU,RODEO,IL,1998,UNKNOWN,PASSENGER,PERSONAL,N,STRAIGHT AHEAD,,,1,,,,,,,,,Y,Y,Y,,,,,,,REAR,,,,,,,,,,,,,,,,,,,,,,,,,,,,,,,,,
2137234,7e70769e3db15ecc558d508b8dc5281c867e2b0781e158a766a8f1cdabf3bf290195f85c720a9e217e9e88d1a83783a9124cc23f3e5f21dd536f2c8ec1de1e8a,08/26/2025 02:35:00 PM,1,DRIVER,,2037383,,FORD,FUSION,IL,2010,UNKNOWN,PASSENGER,PERSONAL,S,TURNING RIGHT,,,1,,,,,Y,,,,,,,,,,,,,FRONT-RIGHT-CORNER,,,,,,,,,,,,,,,,,,,,,,,,,,,,,,,,,
2137235,7e70769e3db15ecc558d508b8dc5281c867e2b0781e158a766a8f1cdabf3bf290195f85c720a9e217e9e88d1a83783a9124cc23f3e5f21dd536f2c8ec1de1e8a,08/26/2025 02:35:00 PM,2,BICYCLE,,,,,,,,,,,,,,,,,,,,,,,,,,,,,,,,,,,,,,,,,,,,,,,,,,,,,,,,,,,,,,,,,,
2137211,5bc5cce91925256bd30dff006cca9869af48f784ffad08e3bab8d3d037f477fef7f107ffb7f85fff8ecd81444eccfcd6f1109fc1f177b2df21b4231b9e57bf48,08/26/2025 02:32:00 PM,1,DRIVER,,2037349,,CHEVROLET,MALIBU,IL,,UNKNOWN,UNKNOWN/NA,UNKNOWN/NA,UNKNOWN,OTHER,,,1,,,,,,,,,,,,,,,,,,FRONT-RIGHT-CORNER,,,,,,,,,,,,,,,,,,,,,,,,,,,,,,,,,
2137212,5bc5cce91925256bd30dff006cca9869af48f784ffad08e3bab8d3d037f477fef7f107ffb7f85fff8ecd81444eccfcd6f1109fc1f177b2df21b4231b9e57bf48,08/26/2025 02:32:00 PM,2,DRIVER,,2037356,,GENERAL MOTORS CORPORATION (GMC),SIERRA,IL,2020,NONE,PASSENGER,PERSONAL,W,OTHER,,,1,,,,,,,,,,,Y,Y,,,,,,REAR-LEFT-CORNER,,,,,,,,,,,,,,,,,,,,,,,,,,,,,,,,,
2137207,8b75231bdee49f920c9e4bb8baa3cc671c4c656496ff409a4dff96edcd1f7553e6b5b2825a57e991144a77d8e49ef86cbe8a9cd941a9f17c380286ee22defd68,08/26/2025 02:30:00 PM,1,DRIVER,,2037346,,TOYOTA,OTHER (EXPLAIN IN NARRATIVE),IL,2013,NONE,PASSENGER,PERSONAL,N,OTHER,,,1,,,,,Y,,,,,,,,,,,,,FRONT-RIGHT-CORNER,,,,,,,,,,,,,,,,,,,,,,,,,,,,,,,,,
2137208,8b75231bdee49f920c9e4bb8baa3cc671c4c656496ff409a4dff96edcd1f7553e6b5b2825a57e991144a77d8e49ef86cbe8a9cd941a9f17c380286ee22defd68,08/26/2025 02:30:00 PM,2,DRIVER,,2037360,,FORD,ESCAPE,IL,2022,NONE,PASSENGER,PERSONAL,N,STRAIGHT AHEAD,,,1,,,,,,,,,,,Y,Y,Y,Y,Y,,,SIDE-LEFT,,,,,,,,,,,,,,,,,,,,,,,,,,,,,,,,,
2137221,c6d000d518425af1be5e77acd737f803ae2f937bae6a7b6f3d04bc998226164b333902da53cd29b2e5fff1df1ab76761c9a0df5e05ecbad2260bca10d51220c1,08/26/2025 02:30:00 PM,1,DRIVER,1,2037368,,FORD,F550,IL,1999,NONE,PICKUP,UNKNOWN/NA,S,CHANGING LANES,,,2,,,,,Y,Y,Y,,,,,,,,,,,FRONT-RIGHT-CORNER,,,,,,,,,,,,,,,,,,,,,,,,,,,,,,,,,
2137222,c6d000d518425af1be5e77acd737f803ae2f937bae6a7b6f3d04bc998226164b333902da53cd29b2e5fff1df1ab76761c9a0df5e05ecbad2260bca10d51220c1,08/26/2025 02:30:00 PM,2,DRIVER,,2037386,,FORD,FOCUS,IL,2014,NONE,PASSENGER,PERSONAL,S,STRAIGHT AHEAD,,,1,,,,,,,,,,,Y,Y,Y,,,,,REAR-LEFT-CORNER,,,,,,,,,,,,,,,,,,,,,,,,,,,,,,,,,
2137199,ab3c72800c871d0236596f518b4d693de2c11726fd65fd169ea6558c1e8b35c8e27676eb400a2b628b0f948f56f09378e410f0d41ffc0d58e1ff91294c976972,08/26/2025 02:25:00 PM,1,DRIVER,,2037341,,UNKNOWN,OTHER (EXPLAIN IN NARRATIVE),,,UNKNOWN,SPORT UTILITY VEHICLE (SUV),UNKNOWN/NA,E,UNKNOWN/NA,,,1,,,,,,,,,,,,,,,,,Y,UNKNOWN,,,,,,,,,,,,,,,,,,,,,,,,,,,,,,,,,
2137200,ab3c72800c871d0236596f518b4d693de2c11726fd65fd169ea6558c1e8b35c8e27676eb400a2b628b0f948f56f09378e410f0d41ffc0d58e1ff91294c976972,08/26/2025 02:25:00 PM,2,DRIVER,1,2037351,N,STARCRAFT CORPORATION,STARCRAFT CORP.,IL,2020,UNKNOWN,BUS UP TO 15 PASS.,OTHER,E,SLOW/STOP IN TRAFFIC,,,2,,,,,,,,,Y,Y,Y,,,,,,,REAR,,,,,,,,,,,,,,,,,,,,,,,,,,,,,,,,,
2137250,f497a8b1140d2342a02a150691ab47278cd23cf8924a6b3f3f4f31eab7b469783e663edd469131c67687489e4546fa0ba6102736e9ffd1f521ca1aa1ed52af97,08/26/2025 02:20:00 PM,1,DRIVER,,2037392,,UNKNOWN,OTHER (EXPLAIN IN NARRATIVE),IL,,UNKNOWN,PASSENGER,PERSONAL,W,UNKNOWN/NA,,,1,,,,,,,,,,,,,,,,,Y,UNKNOWN,,,,,,,,,,,,,,,,,,,,,,,,,,,,,,,,,
2137251,f497a8b1140d2342a02a150691ab47278cd23cf8924a6b3f3f4f31eab7b469783e663edd469131c67687489e4546fa0ba6102736e9ffd1f521ca1aa1ed52af97,08/26/2025 02:20:00 PM,2,DRIVER,,2037394,,TOYOTA,YARIS,IL,2017,NONE,PASSENGER,PERSONAL,W,AVOIDING VEHICLES/OBJECTS,Y,,1,,PRIVATE,,,Y,N,,,,,,,,,Y,Y,,FRONT,,,,,,,,,,,,,,,,,,,,,,,,,,,,,,,,,
2137205,eb83cd1a0abff3e239e18883178f27e068d39d9a47343c743d25ea3b8a983a07ab96708123f5f0f047275532daed0a3d2bd696229c647908130d95cf6db4e3dc,08/26/2025 02:18:00 PM,1,DRIVER,,2037352,Y,INTERNATIONAL HARVESTER COMPANY,OTHER (EXPLAIN IN NARRATIVE),IN,2021,NONE,TRUCK - SINGLE UNIT,COMMERCIAL - SINGLE UNIT,W,PASSING/OVERTAKING,,,1,,,,,,,,,Y,,,,,,,,,REAR-RIGHT-CORNER,"22,080",1138348,,,,2,THE BOELTER COMPANIES INC,WI,GLENDALE,,,,,,,,,,,,,,,,,,,"SINGLE UNIT TRUCK, 2 AXLES, 6 TIRES",VAN/ENCLOSED BOX,UNKNOWN,,,
2137206,eb83cd1a0abff3e239e18883178f27e068d39d9a47343c743d25ea3b8a983a07ab96708123f5f0f047275532daed0a3d2bd696229c647908130d95cf6db4e3dc,08/26/2025 02:18:00 PM,2,DRIVER,,2037366,,NOVA BUS,OTHER (EXPLAIN IN NARRATIVE),IL,2016,NONE,BUS OVER 15 PASS.,CTA,W,STRAIGHT AHEAD,,,1,,,,,,,,,,,Y,,,,,,,SIDE-LEFT-REAR,,,,,,,,,,,,,,,,,,,,,,,,,,,,,,,,,
2137183,61b0e9fffe4d030db74f85d9f745140aabe602431c5b80dadab2affc4141f47943f141f77cb4c7f17cbdd9e41dc7dbe053c62dea238d4bd4cb25d970fa8100ff,08/26/2025 02:15:00 PM,1,DRIVER,,2037331,,CHEVROLET,OTHER (EXPLAIN IN NARRATIVE),IL,2011,UNKNOWN,PASSENGER,PERSONAL,E,BACKING,,,1,,,,,,,,,,,,,,,,,Y,REAR,,,,,,,,,,,,,,,,,,,,,,,,,,,,,,,,,
2137184,61b0e9fffe4d030db74f85d9f745140aabe602431c5b80dadab2affc4141f47943f141f77cb4c7f17cbdd9e41dc7dbe053c62dea238d4bd4cb25d970fa8100ff,08/26/2025 02:15:00 PM,2,DRIVER,,2037324,,CHRYSLER,SEBRING,IL,2007,NONE,SPORT UTILITY VEHICLE (SUV),PERSONAL,S,STRAIGHT AHEAD,,,1,,,,,,Y,Y,,,,,,,,,,,SIDE-RIGHT,,,,,,,,,,,,,,,,,,,,,,,,,,,,,,,,,
2137172,737c1201441bcbd3b90fb4fad8de24049c9f2c177a09e073bbb3a4730a54afc47d89d6d41099791d56347a5788d80fb9857ae45cc7804bf7923fc7e3e8dd5da0,08/26/2025 02:10:00 PM,2,DRIVER,,2037317,,BUICK,LUCERNE,IL,2006,UNKNOWN,PASSENGER,PERSONAL,S,STRAIGHT AHEAD,,,1,,,,,Y,Y,,,,,,,,,,N,,FRONT-RIGHT-CORNER,,,,,,,,,,,,,,,,,,,,,,,,,,,,,,,,,
2137173,737c1201441bcbd3b90fb4fad8de24049c9f2c177a09e073bbb3a4730a54afc47d89d6d41099791d56347a5788d80fb9857ae45cc7804bf7923fc7e3e8dd5da0,08/26/2025 02:10:00 PM,1,DRIVER,,2037319,,TOYOTA,YARIS,IL,2011,UNKNOWN,PASSENGER,PERSONAL,E,U-TURN,,,1,,,,,,,,,,,,,Y,Y,Y,,,SIDE-LEFT-FRONT,,,,,,,,,,,,,,,,,,,,,,,,,,,,,,,,,
2137246,71f1df2f93f9e00ed96e90c96aa995a9a7a741bcfe6e99cfbefe01fa52fdf8accccdc5fb532b5ba9c35a8e349a4cdea5a08fd46b290a16aa53cba414ec2442ae,08/26/2025 02:09:00 PM,1,DRIVER,,2037412,,GENERAL MOTORS CORPORATION (GMC),OTHER (EXPLAIN IN NARRATIVE),IL,2016,UNKNOWN,PICKUP,PERSONAL,S,STRAIGHT AHEAD,,,1,,,,Y,,,,,,,,,,,,,,FRONT,,,,,,,,,,,,,,,,,,,,,,,,,,,,,,,,,
2137247,71f1df2f93f9e00ed96e90c96aa995a9a7a741bcfe6e99cfbefe01fa52fdf8accccdc5fb532b5ba9c35a8e349a4cdea5a08fd46b290a16aa53cba414ec2442ae,08/26/2025 02:09:00 PM,2,DRIVER,,2037418,,CHEVROLET,TRAX,IL,2025,NONE,PASSENGER,PERSONAL,S,STRAIGHT AHEAD,,,1,,,,,,,,,Y,Y,Y,,,,,,,REAR,,,,,,,,,,,,,,,,,,,,,,,,,,,,,,,,,
2137164,b44362470eec1a2a1679ab82e052fb57faaa0b7190f4bcbed39edd50715850f66ccf9f454f1604502714920c2d037f79f8cfe957b7f7d70a17833bb46e76d0fc,08/26/2025 02:05:00 PM,1,DRIVER,1,2037308,,CHEVROLET,OTHER (EXPLAIN IN NARRATIVE),IL,2020,UNKNOWN,VAN/MINI-VAN,UNKNOWN/NA,S,STRAIGHT AHEAD,,,2,,,,,,,,,,,,,,,,,Y,FRONT,,,,,,,,,,,,,,,,,,,,,,,,,,,,,,,,,
2137165,b44362470eec1a2a1679ab82e052fb57faaa0b7190f4bcbed39edd50715850f66ccf9f454f1604502714920c2d037f79f8cfe957b7f7d70a17833bb46e76d0fc,08/26/2025 02:05:00 PM,2,DRIVER,,2037329,,NISSAN,SENTRA,IL,2022,UNKNOWN,PASSENGER,PERSONAL,S,STRAIGHT AHEAD,,,1,,,,,Y,,,,Y,Y,Y,,,,Y,Y,,OTHER,,,,,,,,,,,,,,,,,,,,,,,,,,,,,,,,,
2137166,b44362470eec1a2a1679ab82e052fb57faaa0b7190f4bcbed39edd50715850f66ccf9f454f1604502714920c2d037f79f8cfe957b7f7d70a17833bb46e76d0fc,08/26/2025 02:05:00 PM,3,DRIVER,,2037337,,FORD,OTHER (EXPLAIN IN NARRATIVE),IL,2019,UNKNOWN,PICKUP,UNKNOWN/NA,S,STRAIGHT AHEAD,,,1,,,,,,,,,Y,Y,Y,,,,,,Y,REAR,,,,,,,,,,,,,,,,,,,,,,,,,,,,,,,,,
2137377,73d6330201e12e1cf2b62967af858f7dbfb1b3a5da9ff6c6e0c08e105d8f4d2e08159fab3835b9aa5348a538d631458ca50120ab92fe9821a4dc358299aafeea,08/26/2025 02:00:00 PM,1,DRIVER,,2037511,,CHEVROLET,CRUZE,IL,2011,UNKNOWN,PASSENGER,PERSONAL,S,BACKING,,,1,,,,,,,,Y,Y,,,,,,,,,SIDE-RIGHT-REAR,,,,,,,,,,,,,,,,,,,,,,,,,,,,,,,,,
2137378,73d6330201e12e1cf2b62967af858f7dbfb1b3a5da9ff6c6e0c08e105d8f4d2e08159fab3835b9aa5348a538d631458ca50120ab92fe9821a4dc358299aafeea,08/26/2025 02:00:00 PM,2,DRIVER,,2037519,,CHRYSLER,SEBRING,IL,2007,UNKNOWN,PASSENGER,PERSONAL,W,STRAIGHT AHEAD,,,1,,,,,Y,Y,,,,,,,,,,,,FRONT-RIGHT-CORNER,,,,,,,,,,,,,,,,,,,,,,,,,,,,,,,,,
2137322,bc18edc81169a6aa7b30880f6f9f94f8873d5f6894d537e11aabc4ece4a00f7036bec9bbe8a573d4f6d90e58e24593de78a616504434c0785fd36b345e889a82,08/26/2025 01:46:00 PM,1,DRIVER,,2037460,,GENERAL MOTORS CORPORATION (GMC),ACADIA,IL,2011,NONE,SPORT UTILITY VEHICLE (SUV),PERSONAL,S,TURNING LEFT,,,1,,,,,,Y,Y,Y,,,,,,,,,,SIDE-RIGHT,,,,,,,,,,,,,,,,,,,,,,,,,,,,,,,,,
2137323,bc18edc81169a6aa7b30880f6f9f94f8873d5f6894d537e11aabc4ece4a00f7036bec9bbe8a573d4f6d90e58e24593de78a616504434c0785fd36b345e889a82,08/26/2025 01:46:00 PM,2,DRIVER,1,2037476,,HONDA,CIVIC,IL,2008,UNKNOWN,PASSENGER,UNKNOWN/NA,E,STRAIGHT AHEAD,,,2,,,,,,,,,,,,,,,,Y,,FRONT,,,,,,,,,,,,,,,,,,,,,,,,,,,,,,,,,
2137254,1c7e500a23e5a41675be651321a21328afca85c733b78f2fc81c595dc4381c9dd40f845efb870b978fdbf9983122cba020652f742151b58453eaf54ffdcc7dec,08/26/2025 01:45:00 PM,1,DRIVER,,2037395,,CHEVROLET,OTHER (EXPLAIN IN NARRATIVE),,,UNKNOWN,PASSENGER,PERSONAL,N,TURNING RIGHT,,,1,,,,,,,,,,,,,,,,,Y,FRONT-LEFT-CORNER,,,,,,,,,,,,,,,,,,,,,,,,,,,,,,,,,
2137255,1c7e500a23e5a41675be651321a21328afca85c733b78f2fc81c595dc4381c9dd40f845efb870b978fdbf9983122cba020652f742151b58453eaf54ffdcc7dec,08/26/2025 01:45:00 PM,2,DRIVER,,2037401,,HONDA,CR-V,IL,2019,NONE,SPORT UTILITY VEHICLE (SUV),PERSONAL,E,STRAIGHT AHEAD,,,1,,,,,Y,Y,Y,Y,,,,,,,,,,SIDE-RIGHT-REAR,,,,,,,,,,,,,,,,,,,,,,,,,,,,,,,,,
2137197,bdc4d678df5a466ab55eba57fecec7a945662d0591edea5d8a7decc7d11430155d3ca9dd450647f06f7cf5944ae998715094cffd81a97a125a4b59a10a0e047a,08/26/2025 01:45:00 PM,1,DRIVER,,2037343,,JEEP,GRAND CHEROKEE,IL,2020,UNKNOWN,SPORT UTILITY VEHICLE (SUV),UNKNOWN/NA,S,STRAIGHT AHEAD,,,1,,,,,Y,,,,,,,,,,Y,Y,,FRONT,,,,,,,,,,,,,,,,,,,,,,,,,,,,,,,,,
2137198,bdc4d678df5a466ab55eba57fecec7a945662d0591edea5d8a7decc7d11430155d3ca9dd450647f06f7cf5944ae998715094cffd81a97a125a4b59a10a0e047a,08/26/2025 01:45:00 PM,2,DRIVER,,2037350,,DODGE,RAM 1500 PU,IL,2016,UNKNOWN,PICKUP,UNKNOWN/NA,S,STRAIGHT AHEAD,,,1,,,,,,,,,Y,Y,Y,,,,,,,REAR,,,,,,,,,,,,,,,,,,,,,,,,,,,,,,,,,
2137228,1ed839e785ae5623118b8fef940899be770d7129dd5c4b93dc42b97ddb2ac374e0c4e2b94ac0a877002b51a85d3c86d567ebbe569e9b4c89d1ac0ca1573553c3,08/26/2025 01:35:00 PM,1,DRIVER,,2037369,,UNKNOWN,MOTORIZED,IL,,UNKNOWN,UNKNOWN/NA,UNKNOWN/NA,S,UNKNOWN/NA,,,1,,,,,Y,,,,,,,,,,,,,FRONT-RIGHT-CORNER,,,,,,,,,,,,,,,,,,,,,,,,,,,,,,,,,
2137229,1ed839e785ae5623118b8fef940899be770d7129dd5c4b93dc42b97ddb2ac374e0c4e2b94ac0a877002b51a85d3c86d567ebbe569e9b4c89d1ac0ca1573553c3,08/26/2025 01:35:00 PM,2,PARKED,,2037384,N,ISUZU,TRUCK,TX,2024,UNKNOWN,TRUCK - SINGLE UNIT,COMMERCIAL - SINGLE UNIT,S,PARKED,,,0,,,,,,,,,,,Y,,,,,,,SIDE-LEFT-REAR,,,,,,,,,,,,,,,,,,,,,,,,,,,,,,,,,
2138562,a390ed99206687cb6a29754d22ce1308ec955e98e27d216049f8a44758c1a3793d015acfb0828e2f5be7ee9822e57bd1287b859a72e0a6003716b36529c56735,08/26/2025 01:35:00 PM,1,BICYCLE,,,,,,,,,,,,,,,,,,,,,,,,,,,,,,,,,,,,,,,,,,,,,,,,,,,,,,,,,,,,,,,,,,
2138563,a390ed99206687cb6a29754d22ce1308ec955e98e27d216049f8a44758c1a3793d015acfb0828e2f5be7ee9822e57bd1287b859a72e0a6003716b36529c56735,08/26/2025 01:35:00 PM,2,,,,,,,,,,,,,,,,,,,,,,,,,,,,,,,,,,,,,,,,,,,,,,,,,,,,,,,,,,,,,,,,,,,
2138612,a390ed99206687cb6a29754d22ce1308ec955e98e27d216049f8a44758c1a3793d015acfb0828e2f5be7ee9822e57bd1287b859a72e0a6003716b36529c56735,08/26/2025 01:35:00 PM,1,DRIVER,,2038685,,PORSCHE,MACAN,IL,,UNKNOWN,SPORT UTILITY VEHICLE (SUV),OTHER,W,TURNING RIGHT,,,1,,,,,,Y,Y,,,,,,,,,,,SIDE-RIGHT-FRONT,,,,,,,,,,,,,,,,,,,,,,,,,,,,,,,,,
2138619,a390ed99206687cb6a29754d22ce1308ec955e98e27d216049f8a44758c1a3793d015acfb0828e2f5be7ee9822e57bd1287b859a72e0a6003716b36529c56735,08/26/2025 01:35:00 PM,2,BICYCLE,,,,,,,,,,,,,,,,,,,,,,,,,,,,,,,,,,,,,,,,,,,,,,,,,,,,,,,,,,,,,,,,,,
2137156,35765c901fc0727f8fba60fee26ff132a6c4f7705c1215d35f19a47766494f266348ffa6d719b47e6c1edf2ca0e7ca26997d1e64b784ffb14657392146d364a3,08/26/2025 01:30:00 PM,1,BICYCLE,,,,,,,,,,,,,,,,,,,,,,,,,,,,,,,,,,,,,,,,,,,,,,,,,,,,,,,,,,,,,,,,,,
2137157,35765c901fc0727f8fba60fee26ff132a6c4f7705c1215d35f19a47766494f266348ffa6d719b47e6c1edf2ca0e7ca26997d1e64b784ffb14657392146d364a3,08/26/2025 01:30:00 PM,2,DRIVER,,2037309,,TOYOTA,CAMRY,IL,2015,NONE,PASSENGER,PERSONAL,UNKNOWN,TURNING LEFT,,,1,,,,Y,,,,,,,,,,,,,,NONE,,,,,,,,,,,,,,,,,,,,,,,,,,,,,,,,,
2137152,60e933338c6569514f82938c4e34826f7b52b38dc0ae0cdae80965cc3fdcaf3cbef02393d210ccb385a72f925343746d2c4b660a37160e6e50fa8643e0268bc1,08/26/2025 01:25:00 PM,1,DRIVER,,2037299,,CHEVROLET,EXPRESS,IL,2001,NONE,VAN/MINI-VAN,PERSONAL,NE,TURNING LEFT,,,1,,,,,,,,,,,,,,Y,Y,Y,,FRONT-LEFT-CORNER,,,,,,,,,,,,,,,,,,,,,,,,,,,,,,,,,
2137153,60e933338c6569514f82938c4e34826f7b52b38dc0ae0cdae80965cc3fdcaf3cbef02393d210ccb385a72f925343746d2c4b660a37160e6e50fa8643e0268bc1,08/26/2025 01:25:00 PM,2,DRIVER,,2037294,,LEXUS,RX350,IL,2017,NONE,SPORT UTILITY VEHICLE (SUV),PERSONAL,W,STRAIGHT AHEAD,,,1,,,,,,,,,,,,Y,Y,Y,Y,Y,,FRONT-LEFT-CORNER,,,,,,,,,,,,,,,,,,,,,,,,,,,,,,,,,
2137158,a108a1655c7d83da657ca802bffd4908c91696e01f38dcce9168e06211c9fefe9ff6ae8dc2e69619b7e27bedadb88702c7f9014ef93915831e2a736bcdcb72fc,08/26/2025 01:15:00 PM,1,DRIVER,,2037303,,TOYOTA,RAV4,IL,2012,UNKNOWN,SPORT UTILITY VEHICLE (SUV),PERSONAL,N,TURNING LEFT,,,1,,,,,Y,,,,,,,,,,,,,FRONT-RIGHT-CORNER,,,,,,,,,,,,,,,,,,,,,,,,,,,,,,,,,
2137159,a108a1655c7d83da657ca802bffd4908c91696e01f38dcce9168e06211c9fefe9ff6ae8dc2e69619b7e27bedadb88702c7f9014ef93915831e2a736bcdcb72fc,08/26/2025 01:15:00 PM,2,DRIVER,,2037304,,CHEVROLET,IMPALA,IL,2007,UNKNOWN,PASSENGER,PERSONAL,W,STRAIGHT AHEAD,,,1,,,,,,,,,Y,,,,,,,,,REAR-LEFT-CORNER,,,,,,,,,,,,,,,,,,,,,,,,,,,,,,,,,
2137146,2d188e78cb30c7bbebe7f969bb1f15d40361dc2db7e7be3cc5b290e8cd5ea82369f88b99390f2738e3f8e7e3f2001a775373c7782dfb4c097f63218940a7a878,08/26/2025 01:08:00 PM,1,DRIVER,,2037292,,CHEVROLET,MALIBU,IL,2022,NONE,PASSENGER,PERSONAL,E,ENTERING TRAFFIC LANE FROM PARKING,,,1,,,,,,,,,,,,,,,Y,N,,FRONT-LEFT-CORNER,,,,,,,,,,,,,,,,,,,,,,,,,,,,,,,,,
2137147,2d188e78cb30c7bbebe7f969bb1f15d40361dc2db7e7be3cc5b290e8cd5ea82369f88b99390f2738e3f8e7e3f2001a775373c7782dfb4c097f63218940a7a878,08/26/2025 01:08:00 PM,2,DRIVER,,2037300,,HYUNDAI,SANTA FE,IL,2017,NONE,SPORT UTILITY VEHICLE (SUV),PERSONAL,E,STRAIGHT AHEAD,,,1,,,,,Y,Y,Y,Y,,,,,,,,,,FRONT-RIGHT-CORNER,,,,,,,,,,,,,,,,,,,,,,,,,,,,,,,,,