CRASH_UNIT_ID,CRASH_RECORD_ID,CRASH_DATE,UNIT_NO,UNIT_TYPE,NUM_PASSENGERS,VEHICLE_ID,CMRC_VEH_I,MAKE,MODEL,LIC_PLATE_STATE,VEHICLE_YEAR,VEHICLE_DEFECT,VEHICLE_TYPE,VEHICLE_USE,TRAVEL_DIRECTION,MANEUVER,TOWED_I,FIRE_I,OCCUPANT_CNT,EXCEED_SPEED_LIMIT_I,TOWED_BY,TOWED_TO,AREA_00_I,AREA_01_I,AREA_02_I,AREA_03_I,AREA_04_I,AREA_05_I,AREA_06_I,AREA_07_I,AREA_08_I,AREA_09_I,AREA_10_I,AREA_11_I,AREA_12_I,AREA_99_I,FIRST_CONTACT_POINT,CMV_ID,USDOT_NO,CCMC_NO,ILCC_NO,COMMERCIAL_SRC,GVWR,CARRIER_NAME,CARRIER_STATE,CARRIER_CITY,HAZMAT_PLACARDS_I,HAZMAT_NAME,UN_NO,HAZMAT_PRESENT_I,HAZMAT_REPORT_I,HAZMAT_REPORT_NO,MCS_REPORT_I,MCS_REPORT_NO,HAZMAT_VIO_CAUSE_CRASH_I,MCS_VIO_CAUSE_CRASH_I,IDOT_PERMIT_NO,WIDE_LOAD_I,TRAILER1_WIDTH,TRAILER2_WIDTH,TRAILER1_LENGTH,TRAILER2_LENGTH,TOTAL_VEHICLE_LENGTH,AXLE_CNT,VEHICLE_CONFIG,CARGO_BODY_TYPE,LOAD_TYPE,HAZMAT_OUT_OF_SERVICE_I,MCS_OUT_OF_SERVICE_I,HAZMAT_CLASS
2137312,20fcc14da5b49b712f1ac7781cb2f8c7e74f35a73b73c762ac17208a12ad1be29d6e21e4d09bd9a0755c093edfb9ec4ede154b817cc57224bdbc2442f8f1bd3a,08/26/2025 01:00:00 PM,1,DRIVER,,2037439,,UNKNOWN,OTHER (EXPLAIN IN NARRATIVE),,,UNKNOWN,UNKNOWN/NA,UNKNOWN/NA,UNKNOWN,UNKNOWN/NA,,,1,,,,,,,,,,,,,,,,,Y,UNKNOWN,,,,,,,,,,,,,,,,,,,,,,,,,,,,,,,,,
2137313,20fcc14da5b49b712f1ac7781cb2f8c7e74f35a73b73c762ac17208a12ad1be29d6e21e4d09bd9a0755c093edfb9ec4ede154b817cc57224bdbc2442f8f1bd3a,08/26/2025 01:00:00 PM,2,PARKED,,2037449,,CHEVROLET,CAMARO,IL,2021,NONE,PASSENGER,PERSONAL,S,PARKED,Y,,0,,RELLO TOWING COMPANY,UNKNOWN,,,,,,,,,,,,,,Y,UNKNOWN,,,,,,,,,,,,,,,,,,,,,,,,,,,,,,,,,
2137142,0a810b65c483ba5823f1e82868c3e9c29945bc8a1dc679c59c23318ed9b158845348452de2f3ace472c508f5657d26e5139329598cc84304d5c83e55d751c010,08/26/2025 12:53:00 PM,1,DRIVER,,2037287,,CHEVROLET,IMPALA,IL,2013,UNKNOWN,PASSENGER,PERSONAL,W,STARTING IN TRAFFIC,,,1,,,,,,,,,,,Y,,,,,,,REAR-LEFT-CORNER,,,,,,,,,,,,,,,,,,,,,,,,,,,,,,,,,
2137143,0a810b65c483ba5823f1e82868c3e9c29945bc8a1dc679c59c23318ed9b158845348452de2f3ace472c508f5657d26e5139329598cc84304d5c83e55d751c010,08/26/2025 12:53:00 PM,2,DRIVER,,2037290,Y,FREIGHTLINER CORPORATION,FREIGHTLINER CORP.,IN,2016,UNKNOWN,TRACTOR W/ SEMI-TRAILER,NOT IN USE,W,SLOW/STOP IN TRAFFIC,,,1,,,,,Y,,,,,,,,,,,,,FRONT-RIGHT-CORNER,"22,079",038111,,,DRIVER,1,REGAN INTERMODAL,IN,SCHEREVILLE,,,,N,N,,N,,N,N,,,,,,,,,TRUCK/TRAILER,FLATBED,UNKNOWN,N,N,MISCELLANEOUS
2137154,345621714d80b51ea29f9a8e265276f18d09d0a4e48b7f31448e8bd2e178299ec61be5d9002f982504871603e858741ef10a22d76e4bc19f72ce6682304c2c3f,08/26/2025 12:45:00 PM,1,DRIVER,,2037296,,TOYOTA,COROLLA,WI,2005,UNKNOWN,PASSENGER,PERSONAL,E,STRAIGHT AHEAD,Y,,1,,DRIVER,UNK,,,,,,,,,,,,,,,FRONT-RIGHT-CORNER,,,,,,,,,,,,,,,,,,,,,,,,,,,,,,,,,
2137155,345621714d80b51ea29f9a8e265276f18d09d0a4e48b7f31448e8bd2e178299ec61be5d9002f982504871603e858741ef10a22d76e4bc19f72ce6682304c2c3f,08/26/2025 12:45:00 PM,2,PARKED,1,2037298,,DODGE,JOURNEY,MS,2016,UNKNOWN,SPORT UTILITY VEHICLE (SUV),PERSONAL,E,PARKED,Y,,1,,OWNER,UNK,,,,,,,,,,,,,,,REAR-LEFT-CORNER,,,,,,,,,,,,,,,,,,,,,,,,,,,,,,,,,
2137296,dab51fa2697b022b66c1a8b1afe7382dec2185cec707521213f719f929e656bfd015ceca8cced854d66fc3a0f0a5ca72312fdb7eba24bb425e8efa3a6a44b793,08/26/2025 12:45:00 PM,1,DRIVER,,2037422,,DODGE,CARAVAN,IL,2010,UNKNOWN,VAN/MINI-VAN,UNKNOWN/NA,N,BACKING,,,1,,,,,,,,,,Y,Y,,,,,,,REAR-LEFT-CORNER,,,,,,,,,,,,,,,,,,,,,,,,,,,,,,,,,
2137297,dab51fa2697b022b66c1a8b1afe7382dec2185cec707521213f719f929e656bfd015ceca8cced854d66fc3a0f0a5ca72312fdb7eba24bb425e8efa3a6a44b793,08/26/2025 12:45:00 PM,2,DRIVER,,2037428,,BMW,BMW,IL,2018,UNKNOWN,PASSENGER,PERSONAL,W,OTHER,,,1,,,,,,,,,,,,Y,,,,,,SIDE-LEFT-REAR,,,,,,,,,,,,,,,,,,,,,,,,,,,,,,,,,
2137191,2bc114a4d2f77a726920a1e746339fd1c031ea98fdca7d234368147d30b739867ddf5c8039014137987e5a1bfd70addcbd9c48dc5391263b90b1434b04a5097f,08/26/2025 12:44:00 PM,1,DRIVER,,2037348,,HONDA,ACCORD,IL,2014,NONE,PASSENGER,PERSONAL,W,BACKING,,,1,,,,,,,,Y,Y,Y,,,,,,,,REAR-RIGHT-CORNER,,,,,,,,,,,,,,,,,,,,,,,,,,,,,,,,,
2137192,2bc114a4d2f77a726920a1e746339fd1c031ea98fdca7d234368147d30b739867ddf5c8039014137987e5a1bfd70addcbd9c48dc5391263b90b1434b04a5097f,08/26/2025 12:44:00 PM,2,DRIVER,,2037336,,NISSAN,MAXIMA,IL,2010,NONE,PASSENGER,PERSONAL,E,LEAVING TRAFFIC LANE TO PARK,,,1,,,,,,,,,,,,,,Y,Y,Y,,FRONT-LEFT-CORNER,,,,,,,,,,,,,,,,,,,,,,,,,,,,,,,,,
2137176,f79354f0b32d9bdfc5631c36774278fbce6395d715bd00d581bee4ac3ccf03506ef09acd90e9b2f008565d05456f20feb86f0ca34dbc45849a8d4d4dcfef8553,08/26/2025 12:30:00 PM,1,DRIVER,,2037321,,UNKNOWN,MOTORIZED,,,UNKNOWN,PASSENGER,DRIVER EDUCATION,UNKNOWN,STRAIGHT AHEAD,,,1,,,,,,,,,,,,,,,,,Y,UNKNOWN,,,,,,,,,,,,,,,,,,,,,,,,,,,,,,,,,
2137177,f79354f0b32d9bdfc5631c36774278fbce6395d715bd00d581bee4ac3ccf03506ef09acd90e9b2f008565d05456f20feb86f0ca34dbc45849a8d4d4dcfef8553,08/26/2025 12:30:00 PM,2,PARKED,,2037323,,TOYOTA,CONSTRUCTION EQUIPMENT,IL,2024,NONE,PASSENGER,DRIVER EDUCATION,UNKNOWN,PARKED,,,0,,,,,,,,,,Y,Y,Y,,,,,,SIDE-LEFT-REAR,,,,,,,,,,,,,,,,,,,,,,,,,,,,,,,,,
2137252,0ef2e4d32a21d6cb37818ba63becbca460c09e95b118fb180dc9381de58895d408181cdf95a1061e98a4271f25ec9ffea1c806220b545ad9ffc739aa2ef6ab81,08/26/2025 12:26:00 PM,1,DRIVER,,2037390,,TOYOTA,HIGHLANDER,IL,2013,NONE,PASSENGER,PERSONAL,SW,PASSING/OVERTAKING,,,1,,,,,,,Y,Y,,,,,,,,,,SIDE-RIGHT-REAR,,,,,,,,,,,,,,,,,,,,,,,,,,,,,,,,,
2137253,0ef2e4d32a21d6cb37818ba63becbca460c09e95b118fb180dc9381de58895d408181cdf95a1061e98a4271f25ec9ffea1c806220b545ad9ffc739aa2ef6ab81,08/26/2025 12:26:00 PM,2,DRIVER,,2037391,,TOYOTA,RAV4,IL,2016,NONE,PASSENGER,TAXI/FOR HIRE,SW,OTHER,,,1,,,,,,,,,,,Y,,,,,,,SIDE-LEFT-REAR,,,,,,,,,,,,,,,,,,,,,,,,,,,,,,,,,
2137108,70d8da30ab2760e768e60df3a7f070f788cb38aad09dd000aca0d827cf36b8a90df81684ee408ed186a57b07cb44be90955ce676986698e081a25919beae3160,08/26/2025 12:24:00 PM,1,DRIVER,1,2037258,,TOYOTA,RAV4,IL,2023,NONE,PASSENGER,PERSONAL,E,STRAIGHT AHEAD,,,2,,,,,,,,,,,,,,,Y,Y,,FRONT-LEFT-CORNER,,,,,,,,,,,,,,,,,,,,,,,,,,,,,,,,,
2137109,70d8da30ab2760e768e60df3a7f070f788cb38aad09dd000aca0d827cf36b8a90df81684ee408ed186a57b07cb44be90955ce676986698e081a25919beae3160,08/26/2025 12:24:00 PM,2,DRIVER,,2037268,,DODGE,CHARGER,,2019,NONE,PASSENGER,PERSONAL,E,STRAIGHT AHEAD,,,1,,,,,,,,,Y,Y,,,,,,,,REAR-RIGHT-CORNER,,,,,,,,,,,,,,,,,,,,,,,,,,,,,,,,,
2137294,8340edbbc0e23a91f9ec8e524fbbc6a645420a7ec991f92b721e1a3802d24683c2c8294812292a1a9dd308739f997f210c086b8ae4c026e87d530e72f972cc36,08/26/2025 12:20:00 PM,1,DRIVER,,2037447,,MAZDA,MX-3,IL,2024,UNKNOWN,PASSENGER,PERSONAL,S,TURNING LEFT,,,1,,,,,,Y,Y,Y,,,,,,,,,,SIDE-RIGHT,,,,,,,,,,,,,,,,,,,,,,,,,,,,,,,,,
2137295,8340edbbc0e23a91f9ec8e524fbbc6a645420a7ec991f92b721e1a3802d24683c2c8294812292a1a9dd308739f997f210c086b8ae4c026e87d530e72f972cc36,08/26/2025 12:20:00 PM,2,DRIVER,1,2037469,,UNKNOWN,OTHER (EXPLAIN IN NARRATIVE),IL,2006,NONE,TRUCK - SINGLE UNIT,PERSONAL,UNKNOWN,STRAIGHT AHEAD,,,2,,,,,,Y,Y,Y,,,,,,,,,,SIDE-RIGHT,,,,,,,,,,,,,,,,,,,,,,,,,,,,,,,,,
2138455,b7b8cf3369b4888d64ecc9c411d5076c65b9ced5c134cff5c1cb8d61609a73d598b6cc43ace8f3b7502b1fb89ed11010fe9d833d68efbc54d5cd17d29d1dd29b,08/26/2025 12:18:00 PM,1,DRIVER,,2038545,,TOYOTA,COROLLA,FL,2025,NONE,PASSENGER,OTHER,N,SKIDDING/CONTROL LOSS,Y,,1,,PRIVATE TOW COMPANY,RENTAL COMPANY,,Y,Y,,,,,,,,,,,,SIDE-RIGHT-FRONT,,,,,,,,,,,,,,,,,,,,,,,,,,,,,,,,,
2138456,b7b8cf3369b4888d64ecc9c411d5076c65b9ced5c134cff5c1cb8d61609a73d598b6cc43ace8f3b7502b1fb89ed11010fe9d833d68efbc54d5cd17d29d1dd29b,08/26/2025 12:18:00 PM,2,PARKED,,2038557,,ACURA,ADX,IL,2025,NONE,PASSENGER,DRIVER EDUCATION,N,PARKED,,,0,,,,,Y,,,,Y,,Y,Y,Y,,,,,SIDE-LEFT-REAR,,,,,,,,,,,,,,,,,,,,,,,,,,,,,,,,,
2137148,0169b96afc6064b033bbb29ead1209060ba6aed8c7ed238b6fb0335f953a915c14b40994a8ba61c24d6cb118194412783409c3df0d1f0d523e8c525c61bc34c0,08/26/2025 12:16:00 PM,1,DRIVER,,2037310,,GENERAL MOTORS CORPORATION (GMC),YUKON,IL,2006,UNKNOWN,UNKNOWN/NA,UNKNOWN/NA,E,TURNING LEFT,,,1,,,,,,,,,,,,,,,,Y,,FRONT-LEFT-CORNER,,,,,,,,,,,,,,,,,,,,,,,,,,,,,,,,,
2137149,0169b96afc6064b033bbb29ead1209060ba6aed8c7ed238b6fb0335f953a915c14b40994a8ba61c24d6cb118194412783409c3df0d1f0d523e8c525c61bc34c0,08/26/2025 12:16:00 PM,2,PEDESTRIAN,,,,,,,,,,,,,,,,,,,,,,,,,,,,,,,,,,,,,,,,,,,,,,,,,,,,,,,,,,,,,,,,,,
2137894,53678a166458f54c6e8513097e38c2e496969ca7d88e0e436bc5309bf1f8236733a1466619ac04e0e5fbf5e2070d9340acc336847c602e2d717779e2bcbc8d96,08/26/2025 12:16:00 PM,1,DRIVER,,2038002,,CHEVROLET,TAHOE,IL,2012,NONE,PASSENGER,PERSONAL,E,CHANGING LANES,,,1,,,,,,,,,,,,,,Y,Y,Y,,FRONT-LEFT-CORNER,,,,,,,,,,,,,,,,,,,,,,,,,,,,,,,,,
2137895,53678a166458f54c6e8513097e38c2e496969ca7d88e0e436bc5309bf1f8236733a1466619ac04e0e5fbf5e2070d9340acc336847c602e2d717779e2bcbc8d96,08/26/2025 12:16:00 PM,2,DRIVER,,2038022,,GENERAL MOTORS CORPORATION (GMC),SIERRA,IL,2006,NONE,PICKUP,PERSONAL,E,STRAIGHT AHEAD,,,1,,,,,Y,Y,,,,,,,,,,Y,,FRONT-RIGHT-CORNER,,,,,,,,,,,,,,,,,,,,,,,,,,,,,,,,,
2137116,42e4bab67cbc44c5b4c65455f0fa2625aca7d6bfe578b05e4e0f53d07ca336b221a642cdc0243cffde856f0f43cfd65ea0e08f280609b217baf4149c27317844,08/26/2025 12:15:00 PM,1,DRIVER,,2037264,,CHEVROLET,GMT400,IL,1996,UNKNOWN,PICKUP,PERSONAL,W,OTHER,,,1,,,,,Y,,,,,,,,,,Y,Y,,FRONT,,,,,,,,,,,,,,,,,,,,,,,,,,,,,,,,,
2137117,42e4bab67cbc44c5b4c65455f0fa2625aca7d6bfe578b05e4e0f53d07ca336b221a642cdc0243cffde856f0f43cfd65ea0e08f280609b217baf4149c27317844,08/26/2025 12:15:00 PM,2,PARKED,,2037266,,GENERAL MOTORS CORPORATION (GMC),YUKON,IL,2002,UNKNOWN,SPORT UTILITY VEHICLE (SUV),UNKNOWN/NA,UNKNOWN,PARKED,,,0,,,,,,,,,Y,Y,Y,,,,,,,REAR,,,,,,,,,,,,,,,,,,,,,,,,,,,,,,,,,
2137122,2e34e419519a2082a3fe430d9a378ce9a38132ff0fc70dd4b4f1b78752a80f3721473171585b97ae198b820748e37689209ad29e796780f4350a4ae82b5b3414,08/26/2025 12:05:00 PM,1,DRIVER,,2037265,Y,VOLVO,TRUCK,MI,2020,NONE,TRACTOR W/ SEMI-TRAILER,COMMERCIAL - SINGLE UNIT,NE,STRAIGHT AHEAD,,,1,,,,,,,,,,,,,,,,,,OTHER,"22,078",804734,,,SIDE OF TRUCK,3,"INONTIME, LLC",MI,ZEELAND,,,,,,,,,,,,,0-96,,53,,69,5,TRACTOR/SEMI-TRAILER,VAN/ENCLOSED BOX,OTHER,,,
2137123,2e34e419519a2082a3fe430d9a378ce9a38132ff0fc70dd4b4f1b78752a80f3721473171585b97ae198b820748e37689209ad29e796780f4350a4ae82b5b3414,08/26/2025 12:05:00 PM,2,PARKED,,2037274,,TOYOTA,HIGHLANDER,IL,2019,NONE,SPORT UTILITY VEHICLE (SUV),PERSONAL,NE,PARKED,,,0,,,,,,,,,,,,Y,Y,Y,Y,,,SIDE-LEFT,,,,,,,,,,,,,,,,,,,,,,,,,,,,,,,,,
2137091,069f798a13740da5975f44bf0983b4316ba4df5208e1808897b721943bbb7cc5c4fe3db161e5bf97471bad592288b08e667023f4830fac44b0b127f0fc9ebe42,08/26/2025 12:00:00 PM,1,DRIVER,1,2037246,,MITSUBISHI,TRUCK,IL,2007,UNKNOWN,TRUCK - SINGLE UNIT,CONSTRUCTION/MAINTENANCE,N,BACKING,,,2,,,,Y,,,,,,,,,,,,,,REAR,,,,,,,,,,,,,,,,,,,,,,,,,,,,,,,,,
2137092,069f798a13740da5975f44bf0983b4316ba4df5208e1808897b721943bbb7cc5c4fe3db161e5bf97471bad592288b08e667023f4830fac44b0b127f0fc9ebe42,08/26/2025 12:00:00 PM,2,PARKED,1,2037252,,CHEVROLET,OTHER (EXPLAIN IN NARRATIVE),IL,2018,UNKNOWN,TRUCK - SINGLE UNIT,OTHER,E,PARKED,,,1,,,,,,,,,,,,,,,Y,Y,,FRONT-LEFT-CORNER,,,,,,,,,,,,,,,,,,,,,,,,,,,,,,,,,
2139549,98d3986a4321790e555d250d37f6d565b952975badd085e51acf2f3d26df55d04ec3fb28a277354e8efa532caccbf57e694577bc7914dece261fbcf5a951c474,08/26/2025 12:00:00 PM,1,DRIVER,,2039556,,NAVISTAR,NAVISTAR,IN,2025,UNKNOWN,TRACTOR W/ SEMI-TRAILER,COMMERCIAL - SINGLE UNIT,S,DRIVING WRONG WAY,,,1,,,,,,,,Y,Y,,,,,,,,,REAR-RIGHT-CORNER,,,,,,,,,,,,,,,,,,,,,,,,,,,,,,,,,
2139550,98d3986a4321790e555d250d37f6d565b952975badd085e51acf2f3d26df55d04ec3fb28a277354e8efa532caccbf57e694577bc7914dece261fbcf5a951c474,08/26/2025 12:00:00 PM,2,PARKED,,2039562,,CHEVROLET,CRUZE,IL,2014,UNKNOWN,PASSENGER,NOT IN USE,N,PARKED,,,0,,,,,,Y,Y,,,,,,,,,,,SIDE-RIGHT-FRONT,,,,,,,,,,,,,,,,,,,,,,,,,,,,,,,,,
2137144,8e0710ab469281b12c856f7494ebbab5709b6775f82a7fb271fe640dc4067f988e63272260545e401ad1462208ef7ad3508bf94a6ca344872da0f6cf989b2609,08/26/2025 11:51:00 AM,1,DRIVER,,2037289,,MERCEDES-BENZ,GLB,IL,2021,UNKNOWN,SPORT UTILITY VEHICLE (SUV),PERSONAL,SW,TURNING RIGHT,Y,,1,,CITY OF CHICAGO,,,Y,Y,,,,,,,,Y,Y,Y,,FRONT-LEFT-CORNER,,,,,,,,,,,,,,,,,,,,,,,,,,,,,,,,,
2137145,8e0710ab469281b12c856f7494ebbab5709b6775f82a7fb271fe640dc4067f988e63272260545e401ad1462208ef7ad3508bf94a6ca344872da0f6cf989b2609,08/26/2025 11:51:00 AM,2,DRIVER,1,2037295,,FORD,F150,IL,2019,UNKNOWN,PICKUP,PERSONAL,W,STRAIGHT AHEAD,Y,,2,,PRIVATE COMPANY,,,Y,Y,Y,Y,Y,,,,,,,Y,,FRONT-RIGHT-CORNER,,,,,,,,,,,,,,,,,,,,,,,,,,,,,,,,,
2137125,14b65c8c32f42ca5195e39744676ddb3dd789aeffccd236fab9713ee3d6a31e471d21d1e6d2255708b9383fc51d1ef0f11b812378cecd4d42425f28d99f85c50,08/26/2025 11:45:00 AM,1,DRIVER,,2037272,,HONDA,CR-V,,2001,NONE,SPORT UTILITY VEHICLE (SUV),PERSONAL,S,STRAIGHT AHEAD,,,1,,,,,,,,,,,,,,,,Y,,FRONT,,,,,,,,,,,,,,,,,,,,,,,,,,,,,,,,,
2137126,14b65c8c32f42ca5195e39744676ddb3dd789aeffccd236fab9713ee3d6a31e471d21d1e6d2255708b9383fc51d1ef0f11b812378cecd4d42425f28d99f85c50,08/26/2025 11:45:00 AM,2,DRIVER,1,2037282,,NISSAN,ROGUE,FL,2018,NONE,SPORT UTILITY VEHICLE (SUV),PERSONAL,E,STRAIGHT AHEAD,,,2,,,,,,,,,,,,,Y,,,,,SIDE-LEFT,,,,,,,,,,,,,,,,,,,,,,,,,,,,,,,,,
2137167,74c4f5d2e6a723fd18ad1ba7fb96e16b8c061cd1cf68424a207bba01f5c50a35e94bd6e93d4b5d8417e5751aca70eeabd840203bb2654109f7794f09510a8851,08/26/2025 11:45:00 AM,1,DRIVER,,2037306,,HONDA,CR-V,IL,2024,NONE,SPORT UTILITY VEHICLE (SUV),UNKNOWN/NA,SW,STRAIGHT AHEAD,Y,,1,,CITY OF CHICAGO,POUND 6 (701 N SACRAMENTO),,Y,,,,,,,,,,Y,Y,,FRONT,,,,,,,,,,,,,,,,,,,,,,,,,,,,,,,,,
2137168,74c4f5d2e6a723fd18ad1ba7fb96e16b8c061cd1cf68424a207bba01f5c50a35e94bd6e93d4b5d8417e5751aca70eeabd840203bb2654109f7794f09510a8851,08/26/2025 11:45:00 AM,2,DRIVER,1,2037307,,NISSAN,KICKS,IL,2025,NONE,SPORT UTILITY VEHICLE (SUV),PERSONAL,NW,STRAIGHT AHEAD,Y,,2,,PRIVATE TOW,,,Y,Y,Y,Y,Y,,,,,,,,,SIDE-RIGHT,,,,,,,,,,,,,,,,,,,,,,,,,,,,,,,,,
2137064,cf96524b426f0a545f37f5bb14e8754f4ed8430b28f6b757958373f995300d79a81a615607eaec35792a0e7e740576be04abc63370ded5cc846dc8c8384fa040,08/26/2025 11:45:00 AM,1,DRIVER,,2037204,,VOLVO,S40,IL,2009,UNKNOWN,PASSENGER,PERSONAL,S,STRAIGHT AHEAD,,,1,,,,,,,,,,,,,,,Y,,,FRONT-LEFT-CORNER,,,,,,,,,,,,,,,,,,,,,,,,,,,,,,,,,
2137065,cf96524b426f0a545f37f5bb14e8754f4ed8430b28f6b757958373f995300d79a81a615607eaec35792a0e7e740576be04abc63370ded5cc846dc8c8384fa040,08/26/2025 11:45:00 AM,2,DRIVER,1,2037209,,FORD,EDGE,IL,2009,UNKNOWN,SPORT UTILITY VEHICLE (SUV),PERSONAL,W,STRAIGHT AHEAD,,,2,,,,,Y,,,,,,,,,,,,,FRONT-RIGHT-CORNER,,,,,,,,,,,,,,,,,,,,,,,,,,,,,,,,,
2137130,91703cd3e9bf0e3349dadb9521041d43ada892981978eb08edda20823a4cfaebda35437f0ca224f1fe3d4d05f502827488d7b521083cab2b5152e2bb2d30bb23,08/26/2025 11:42:00 AM,1,DRIVER,1,2037276,,TOYOTA,CAMRY,IL,2004,NONE,PASSENGER,PERSONAL,E,STRAIGHT AHEAD,,,2,,,,,,,,,,,,,,,,Y,,FRONT,,,,,,,,,,,,,,,,,,,,,,,,,,,,,,,,,
2137131,91703cd3e9bf0e3349dadb9521041d43ada892981978eb08edda20823a4cfaebda35437f0ca224f1fe3d4d05f502827488d7b521083cab2b5152e2bb2d30bb23,08/26/2025 11:42:00 AM,2,DRIVER,,2037280,,TOYOTA,HIGHLANDER,IL,2018,NONE,SPORT UTILITY VEHICLE (SUV),PERSONAL,S,STRAIGHT AHEAD,,,1,,,,,N,Y,Y,,,,,,,,,,,SIDE-RIGHT,,,,,,,,,,,,,,,,,,,,,,,,,,,,,,,,,
2137076,b787df0e4248b3fa2f57f2bf8b5315160dfd20b2f96434b0ec2a8e65871d664edda4599fdbea2315017844d19a347ec1dcac4da9d06280ddc6da12d88108cc6c,08/26/2025 11:40:00 AM,1,DRIVER,,2037216,,UNKNOWN,OTHER (EXPLAIN IN NARRATIVE),IL,,UNKNOWN,UNKNOWN/NA,UNKNOWN/NA,E,UNKNOWN/NA,,,1,,,,Y,,,,,,,,,,,,,Y,REAR,,,,,,,,,,,,,,,,,,,,,,,,,,,,,,,,,
2137077,b787df0e4248b3fa2f57f2bf8b5315160dfd20b2f96434b0ec2a8e65871d664edda4599fdbea2315017844d19a347ec1dcac4da9d06280ddc6da12d88108cc6c,08/26/2025 11:40:00 AM,2,PARKED,,2037222,,NISSAN,SENTRA,IL,2022,NONE,PASSENGER,NOT IN USE,E,PARKED,,,0,,,,,,,,,,N,,,,,,Y,,FRONT,,,,,,,,,,,,,,,,,,,,,,,,,,,,,,,,,
2137244,150760c5657c9341acd0c8ba2d4666a85823bcfc0cdfb12e4c4f97357917ef106707a8c371522155853ea45be7e7b80982554db385cc460cb67b9d2f6e428028,08/26/2025 11:30:00 AM,1,DRIVER,,2037388,,CHEVROLET,EQUINOX,IL,2019,NONE,SPORT UTILITY VEHICLE (SUV),PERSONAL,E,STRAIGHT AHEAD,,,1,,,,,,,,,,,,,,,,Y,,FRONT,,,,,,,,,,,,,,,,,,,,,,,,,,,,,,,,,
2137245,150760c5657c9341acd0c8ba2d4666a85823bcfc0cdfb12e4c4f97357917ef106707a8c371522155853ea45be7e7b80982554db385cc460cb67b9d2f6e428028,08/26/2025 11:30:00 AM,2,DRIVER,,2037389,,TOYOTA,SIENNA,IL,2021,NONE,VAN/MINI-VAN,PERSONAL,E,STRAIGHT AHEAD,,,1,,,,,,,,,Y,Y,Y,,,,,,,REAR,,,,,,,,,,,,,,,,,,,,,,,,,,,,,,,,,
2137100,b8aaeebaa13e359326b47642e0c3579632758ff9fd4735203b0b7778f8352b2c75fb023fbfec2425939edd97d89d9c528406460664e60a2c6c718e071f377bf6,08/26/2025 11:30:00 AM,1,DRIVER,,2037263,N,"RUSH INDUS., INC., ELKHART, IN","RUSH INDUS., INC., ELKHART, IN",IL,2025,NONE,SINGLE UNIT TRUCK WITH TRAILER,COMMERCIAL - SINGLE UNIT,N,STRAIGHT AHEAD,,,1,,,,,Y,Y,,,,,,,,,,,,SIDE-RIGHT-REAR,,,,,,,,,,,,,,,,,,,,,,,,,,,,,,,,,
2137101,b8aaeebaa13e359326b47642e0c3579632758ff9fd4735203b0b7778f8352b2c75fb023fbfec2425939edd97d89d9c528406460664e60a2c6c718e071f377bf6,08/26/2025 11:30:00 AM,2,DRIVER,,2037269,,SUBARU,IMPREZA,IL,2013,NONE,PASSENGER,PERSONAL,E,STRAIGHT AHEAD,,,1,,,,,,,,,,,Y,Y,,,,,,SIDE-LEFT-REAR,,,,,,,,,,,,,,,,,,,,,,,,,,,,,,,,,
2137072,d6c8acc7a69bfd8062adc9869800db904b7313ae31c33fd9c79d5ed75c706b6b60134917582b74d689555197935d3fbc7c71377c1bff1f53a92af68f99eee246,08/26/2025 11:30:00 AM,1,DRIVER,,2037223,,JEEP,PATRIOT,IL,2009,UNKNOWN,PASSENGER,UNKNOWN/NA,N,BACKING,,,1,,,,,,,,,,Y,Y,,,,,,,REAR-LEFT-CORNER,,,,,,,,,,,,,,,,,,,,,,,,,,,,,,,,,
2137073,d6c8acc7a69bfd8062adc9869800db904b7313ae31c33fd9c79d5ed75c706b6b60134917582b74d689555197935d3fbc7c71377c1bff1f53a92af68f99eee246,08/26/2025 11:30:00 AM,2,DRIVER,,2037231,,NISSAN,ALTIMA,IL,2013,UNKNOWN,PASSENGER,UNKNOWN/NA,E,STRAIGHT AHEAD,,,1,,,,,,Y,Y,Y,,,,,,,,,,SIDE-RIGHT,,,,,,,,,,,,,,,,,,,,,,,,,,,,,,,,,
2137070,af2de9d4d6002d469f982087a73ff38aa43b94335f710a36e59f51dc8cc70700f2839ca7a46171d2af4a618a1d1bba6558620bf88738bd0d9a2c521286f5a6fb,08/26/2025 11:27:00 AM,1,DRIVER,,2037210,,NEW FLYER,OTHER (EXPLAIN IN NARRATIVE),IL,2006,NONE,BUS OVER 15 PASS.,CTA,S,CHANGING LANES,,,1,,,,,,,,,Y,,,,,,,,,REAR-RIGHT-CORNER,,,,,,,,,,,,,,,,,,,,,,,,,,,,,,,,,
2137071,af2de9d4d6002d469f982087a73ff38aa43b94335f710a36e59f51dc8cc70700f2839ca7a46171d2af4a618a1d1bba6558620bf88738bd0d9a2c521286f5a6fb,08/26/2025 11:27:00 AM,2,PARKED,1,2037213,,MAZDA,CX-5,IL,2016,NONE,SPORT UTILITY VEHICLE (SUV),NOT IN USE,UNKNOWN,PARKED,,,1,,,,,,,,,,,,,,,Y,,,FRONT-LEFT-CORNER,,,,,,,,,,,,,,,,,,,,,,,,,,,,,,,,,