CRASH_UNIT_ID,CRASH_RECORD_ID,CRASH_DATE,UNIT_NO,UNIT_TYPE,NUM_PASSENGERS,VEHICLE_ID,CMRC_VEH_I,MAKE,MODEL,LIC_PLATE_STATE,VEHICLE_YEAR,VEHICLE_DEFECT,VEHICLE_TYPE,VEHICLE_USE,TRAVEL_DIRECTION,MANEUVER,TOWED_I,FIRE_I,OCCUPANT_CNT,EXCEED_SPEED_LIMIT_I,TOWED_BY,TOWED_TO,AREA_00_I,AREA_01_I,AREA_02_I,AREA_03_I,AREA_04_I,AREA_05_I,AREA_06_I,AREA_07_I,AREA_08_I,AREA_09_I,AREA_10_I,AREA_11_I,AREA_12_I,AREA_99_I,FIRST_CONTACT_POINT,CMV_ID,USDOT_NO,CCMC_NO,ILCC_NO,COMMERCIAL_SRC,GVWR,CARRIER_NAME,CARRIER_STATE,CARRIER_CITY,HAZMAT_PLACARDS_I,HAZMAT_NAME,UN_NO,HAZMAT_PRESENT_I,HAZMAT_REPORT_I,HAZMAT_REPORT_NO,MCS_REPORT_I,MCS_REPORT_NO,HAZMAT_VIO_CAUSE_CRASH_I,MCS_VIO_CAUSE_CRASH_I,IDOT_PERMIT_NO,WIDE_LOAD_I,TRAILER1_WIDTH,TRAILER2_WIDTH,TRAILER1_LENGTH,TRAILER2_LENGTH,TOTAL_VEHICLE_LENGTH,AXLE_CNT,VEHICLE_CONFIG,CARGO_BODY_TYPE,LOAD_TYPE,HAZMAT_OUT_OF_SERVICE_I,MCS_OUT_OF_SERVICE_I,HAZMAT_CLASS
2137614,149148ecde9f59cbdf326d01389092e721dda08aabb272e5f0d763846e39fd5d933aa9a7424e0117f3673e24afa745d7c74c4fd107b63b08dbb9f8badda98fe9,08/26/2025 11:25:00 AM,1,DRIVER,,2037744,,NISSAN,ALTIMA,MD,2024,NONE,PASSENGER,PERSONAL,N,CHANGING LANES,,,1,,,,,,,,,,,,,,,Y,,,FRONT-LEFT-CORNER,,,,,,,,,,,,,,,,,,,,,,,,,,,,,,,,,
2137615,149148ecde9f59cbdf326d01389092e721dda08aabb272e5f0d763846e39fd5d933aa9a7424e0117f3673e24afa745d7c74c4fd107b63b08dbb9f8badda98fe9,08/26/2025 11:25:00 AM,2,DRIVER,,2037752,,CHEVROLET,IMPALA,IL,2019,NONE,PASSENGER,PERSONAL,N,STRAIGHT AHEAD,,,1,,,,,Y,,,,,,,,,,,,,FRONT-RIGHT-CORNER,,,,,,,,,,,,,,,,,,,,,,,,,,,,,,,,,
2137102,ee421da7ec8e046b801eb9e02596d62e6c636cee3f235d77bd73981d3351f2bb9e546f07a58bc6e3789a990f4834c0b127a2b82a72e7f6cd5312974e781da772,08/26/2025 11:25:00 AM,1,BICYCLE,,,,,,,,,,,,,,,,,,,,,,,,,,,,,,,,,,,,,,,,,,,,,,,,,,,,,,,,,,,,,,,,,,
2137103,ee421da7ec8e046b801eb9e02596d62e6c636cee3f235d77bd73981d3351f2bb9e546f07a58bc6e3789a990f4834c0b127a2b82a72e7f6cd5312974e781da772,08/26/2025 11:25:00 AM,2,DRIVER,,2037256,,HYUNDAI,VENUE,IL,2024,UNKNOWN,PASSENGER,PERSONAL,N,STRAIGHT AHEAD,,,1,,,,,,,,,,,,,,,,Y,,FRONT,,,,,,,,,,,,,,,,,,,,,,,,,,,,,,,,,
2138229,f748186aa6ceaf8901dd7cc3cafb5e23d471ed0f543224cb9c4da263ce523d0db03fed6bca037e9620ec770ae113e2480c878311cc0e82fbbff6cb4ad26e745c,08/26/2025 11:25:00 AM,1,DRIVER,,2038314,,FORD,MUSTANG,IL,2010,UNKNOWN,PASSENGER,PERSONAL,W,MERGING,,,1,,,,,,,,,,,,,,Y,Y,,,SIDE-LEFT-FRONT,,,,,,,,,,,,,,,,,,,,,,,,,,,,,,,,,
2138230,f748186aa6ceaf8901dd7cc3cafb5e23d471ed0f543224cb9c4da263ce523d0db03fed6bca037e9620ec770ae113e2480c878311cc0e82fbbff6cb4ad26e745c,08/26/2025 11:25:00 AM,2,DRIVER,,2038341,,CHEVROLET,AVALANCHE,IL,2003,NONE,PICKUP,PERSONAL,W,SLOW/STOP IN TRAFFIC,,,1,,,,,,Y,Y,Y,,,,,,,,,,SIDE-RIGHT,,,,,,,,,,,,,,,,,,,,,,,,,,,,,,,,,
2137185,c82362569e879de9a7e0f2e639064d753593809226bcd8dc7faa3581dfaf6a26385ca705173683f6235ed4ded0fd0fb56eee117b3166aa91efcaeea491b32511,08/26/2025 11:12:00 AM,1,DRIVER,,2037322,,UNKNOWN,MOTORIZED,,,UNKNOWN,UNKNOWN/NA,PERSONAL,S,STRAIGHT AHEAD,,,1,,,,,Y,,,,,,,,,,,,,FRONT-RIGHT-CORNER,,,,,,,,,,,,,,,,,,,,,,,,,,,,,,,,,
2137186,c82362569e879de9a7e0f2e639064d753593809226bcd8dc7faa3581dfaf6a26385ca705173683f6235ed4ded0fd0fb56eee117b3166aa91efcaeea491b32511,08/26/2025 11:12:00 AM,2,DRIVER,,2037330,,TOYOTA,COROLLA,IL,2010,NONE,PASSENGER,PERSONAL,S,STARTING IN TRAFFIC,,,1,,,,,,,,,,,,,,Y,Y,,,FRONT-LEFT-CORNER,,,,,,,,,,,,,,,,,,,,,,,,,,,,,,,,,
2140781,c3ca590e1bb3f8b11fbbf82655a8192cfa08e46698e72d4b69500f8adc1701ec588e5c65ab19b5384f48cab6b0b2c589172364303cadac2f880a744dedd481b7,08/26/2025 11:10:00 AM,1,DRIVER,,2040743,,INTERNATIONAL HARVESTER,INTERNATIONAL HARVESTER,NB,2022,NONE,TRACTOR W/ SEMI-TRAILER,COMMERCIAL - MULTI-UNIT,SE,TURNING LEFT,,,1,,,,,,,,,,,,,Y,,,,,SIDE-LEFT,,,,,,,,,,,,,,,,,,,,,,,,,,,,,,,,,
2137032,e1719c8a65c646aad3a99935d44665f795fe654cfe0c3523bee0589a707c37378f36bdf3e618ca7107a17a842990b0637418afbca8ad300ba39e8457cf965c9b,08/26/2025 11:10:00 AM,1,DRIVER,,2037183,,HYUNDAI,SANTA FE,IL,2010,NONE,PASSENGER,PERSONAL,S,STRAIGHT AHEAD,,,1,,,,,Y,,,,,,,,,,,Y,,FRONT-RIGHT-CORNER,,,,,,,,,,,,,,,,,,,,,,,,,,,,,,,,,
2137033,e1719c8a65c646aad3a99935d44665f795fe654cfe0c3523bee0589a707c37378f36bdf3e618ca7107a17a842990b0637418afbca8ad300ba39e8457cf965c9b,08/26/2025 11:10:00 AM,2,DRIVER,,2037187,,FORD,TRANSIT CONNECT,IL,2014,NONE,VAN/MINI-VAN,CONSTRUCTION/MAINTENANCE,S,SLOW/STOP IN TRAFFIC,,,1,,,,,,,,,Y,Y,,,,,,,,REAR,,,,,,,,,,,,,,,,,,,,,,,,,,,,,,,,,
2137224,1606896256bf27f5f0b0bb92b03d4af3e401856069858c216eff8edc9231aa68280036b1246819f95bd55e3ed3b128f974c8d10893ec9e197bcfaa2d462d8028,08/26/2025 11:00:00 AM,1,DRIVER,,2037364,,UNKNOWN,OTHER (EXPLAIN IN NARRATIVE),,,UNKNOWN,UNKNOWN/NA,UNKNOWN/NA,UNKNOWN,UNKNOWN/NA,,,1,,,,,,,,,,,,,,,,,Y,UNKNOWN,,,,,,,,,,,,,,,,,,,,,,,,,,,,,,,,,
2137225,1606896256bf27f5f0b0bb92b03d4af3e401856069858c216eff8edc9231aa68280036b1246819f95bd55e3ed3b128f974c8d10893ec9e197bcfaa2d462d8028,08/26/2025 11:00:00 AM,2,PARKED,,2037367,,FORD,ESCAPE,IL,2017,UNKNOWN,PASSENGER,PERSONAL,W,PARKED,,,0,,,,,,Y,Y,,,,,,,,,,,SIDE-RIGHT,,,,,,,,,,,,,,,,,,,,,,,,,,,,,,,,,
2137034,b2a2f230581b648cae8712b2e68e14dece2559005626d8bb04d02c3789c2a61e4764e6e2f2e60480c519b27ec6ad8e56cf15aa6d4af297c34a67033a5c683dd4,08/26/2025 11:00:00 AM,1,DRIVER,,2037184,,LEXUS,RX330,IL,2006,NONE,PASSENGER,PERSONAL,W,BACKING,,,1,,,,,,,,,,,Y,Y,,,,,,SIDE-RIGHT-REAR,,,,,,,,,,,,,,,,,,,,,,,,,,,,,,,,,
2137035,b2a2f230581b648cae8712b2e68e14dece2559005626d8bb04d02c3789c2a61e4764e6e2f2e60480c519b27ec6ad8e56cf15aa6d4af297c34a67033a5c683dd4,08/26/2025 11:00:00 AM,2,DRIVER,,2037188,,TESLA,MODEL Y,IL,2023,NONE,PASSENGER,PERSONAL,W,STRAIGHT AHEAD,,,1,,,,,Y,Y,,,,,,,,,,,,FRONT,,,,,,,,,,,,,,,,,,,,,,,,,,,,,,,,,
2137074,c3a708a49772eb17ddcd678884860ceedb5b4cef6eed54dd69fe4dacc14fd843229e4d647ff884a60cc4fc26d13af3d854797f20078f583a451637750eca5aef,08/26/2025 11:00:00 AM,1,DRIVER,,2037211,,CHEVROLET,TRAIL BLAZER,GA,2007,NONE,PASSENGER,PERSONAL,E,MERGING,,,1,,,,,,,,,,,,,,,Y,Y,,FRONT-LEFT-CORNER,,,,,,,,,,,,,,,,,,,,,,,,,,,,,,,,,
2137075,c3a708a49772eb17ddcd678884860ceedb5b4cef6eed54dd69fe4dacc14fd843229e4d647ff884a60cc4fc26d13af3d854797f20078f583a451637750eca5aef,08/26/2025 11:00:00 AM,2,DRIVER,,2037221,,KIA,SPORTAGE,IL,2023,NONE,PASSENGER,PERSONAL,E,STRAIGHT AHEAD,,,1,,,,,Y,,,,,,,,,,,,,FRONT-RIGHT-CORNER,,,,,,,,,,,,,,,,,,,,,,,,,,,,,,,,,
2137140,3c3de78089df5f4ae21cd20f4f937260317c6b1fe1bc81bbe3229d7f2984acfbb26a1bb1e7c8e62185576ecb06e82c68b6ffb953c42097a689f68835c3dd5b51,08/26/2025 10:58:00 AM,1,DRIVER,,2037288,,CHEVROLET,VAN,,,UNKNOWN,UNKNOWN/NA,UNKNOWN/NA,W,STRAIGHT AHEAD,,,1,,,,,,,,,,,,,Y,Y,,,,SIDE-LEFT,,,,,,,,,,,,,,,,,,,,,,,,,,,,,,,,,
2137141,3c3de78089df5f4ae21cd20f4f937260317c6b1fe1bc81bbe3229d7f2984acfbb26a1bb1e7c8e62185576ecb06e82c68b6ffb953c42097a689f68835c3dd5b51,08/26/2025 10:58:00 AM,2,DRIVER,,2037353,,DODGE,RAM 1500 VAN,IL,2021,NONE,VAN/MINI-VAN,OTHER,E,STRAIGHT AHEAD,,,1,,,,,,,,,,,,,Y,Y,,,,SIDE-LEFT,,,,,,,,,,,,,,,,,,,,,,,,,,,,,,,,,
2137024,dbe1cdae84ba4487954ea7c359ff0b14f30018917e9e7a0b3727d76c8183c095af2a51abbfad4f71ef160f63433434ca6058b8399c87a83be01e054c35f0d744,08/26/2025 10:58:00 AM,1,DRIVER,1,2037172,,CHEVROLET,TRAVERSE,MI,2023,NONE,PASSENGER,PERSONAL,E,TURNING LEFT,,,2,,,,,,,,,,,,,,,,Y,,FRONT,,,,,,,,,,,,,,,,,,,,,,,,,,,,,,,,,
2137025,dbe1cdae84ba4487954ea7c359ff0b14f30018917e9e7a0b3727d76c8183c095af2a51abbfad4f71ef160f63433434ca6058b8399c87a83be01e054c35f0d744,08/26/2025 10:58:00 AM,2,DRIVER,1,2037193,,HONDA,CR-V,IL,2015,NONE,PASSENGER,PERSONAL,S,STARTING IN TRAFFIC,,,2,,,,,,Y,Y,,,,,,,,,,,SIDE-RIGHT,,,,,,,,,,,,,,,,,,,,,,,,,,,,,,,,,
2137068,b02072d522d9014454c8459e89623924aeff01d1010d3f2f50fc247103a2689928f32a692467999119fef9e83442970870e3e73d6048cfc4b122768b0f24c2b3,08/26/2025 10:56:00 AM,1,DRIVER,1,2037230,,FORD,FUSION,IL,2015,NONE,PASSENGER,PERSONAL,E,TURNING RIGHT,,,2,,,,,,,,,,,,,,,Y,,,SIDE-LEFT-FRONT,,,,,,,,,,,,,,,,,,,,,,,,,,,,,,,,,
2137069,b02072d522d9014454c8459e89623924aeff01d1010d3f2f50fc247103a2689928f32a692467999119fef9e83442970870e3e73d6048cfc4b122768b0f24c2b3,08/26/2025 10:56:00 AM,2,DRIVER,1,2037242,N,DODGE,GRAND CARAVAN,IL,2017,NONE,VAN/MINI-VAN,OTHER,S,STRAIGHT AHEAD,Y,,2,,UNK,UNK,,Y,,,,,,,,,,,,,FRONT-RIGHT-CORNER,,,,,,,,,,,,,,,,,,,,,,,,,,,,,,,,,
2137334,f464ec2d4f180fcc1cfac522003340f7341be625c2b87451a9c81100754b131d307919dee05f18e762abfd9fd0f73afbc58d2fb2ef744d3d4acb6662d7fd9b0a,08/26/2025 10:49:00 AM,1,DRIVER,1,2037470,,UNKNOWN,OTHER (EXPLAIN IN NARRATIVE),,,UNKNOWN,SPORT UTILITY VEHICLE (SUV),UNKNOWN/NA,E,LEAVING TRAFFIC LANE TO PARK,,,2,,,,,,,,,,,,,,,,,Y,SIDE-LEFT-FRONT,,,,,,,,,,,,,,,,,,,,,,,,,,,,,,,,,
2137335,f464ec2d4f180fcc1cfac522003340f7341be625c2b87451a9c81100754b131d307919dee05f18e762abfd9fd0f73afbc58d2fb2ef744d3d4acb6662d7fd9b0a,08/26/2025 10:49:00 AM,2,PARKED,,2037473,,TOYOTA,RAV4,IL,2023,UNKNOWN,SPORT UTILITY VEHICLE (SUV),NOT IN USE,UNKNOWN,PARKED,,,0,,,,,,,,,Y,,,,,,,,,SIDE-RIGHT-REAR,,,,,,,,,,,,,,,,,,,,,,,,,,,,,,,,,
2137132,a9b5a2c897aa0461d8e2a323b7bb37c440d381ebd31a069d20a96df9cd3a75b9b23720f73e270137cdfe306d51498912a25cc7cd173f068142567c4b286308a0,08/26/2025 10:48:00 AM,1,DRIVER,,2037279,,CHEVROLET,C/K 3500,IL,2005,NONE,TRUCK - SINGLE UNIT,CONSTRUCTION/MAINTENANCE,NE,ENTERING TRAFFIC LANE FROM PARKING,,,1,,,,,,,,,,,,,,,Y,,,FRONT-LEFT-CORNER,,,,,,,,,,,,,,,,,,,,,,,,,,,,,,,,,
2137133,a9b5a2c897aa0461d8e2a323b7bb37c440d381ebd31a069d20a96df9cd3a75b9b23720f73e270137cdfe306d51498912a25cc7cd173f068142567c4b286308a0,08/26/2025 10:48:00 AM,2,DRIVER,,2037286,,FORD,TRANSIT,IL,2022,NONE,VAN/MINI-VAN,COMMERCIAL - MULTI-UNIT,E,STRAIGHT AHEAD,,,1,,,,,,Y,Y,Y,,,,,,,,,,SIDE-RIGHT,,,,,,,,,,,,,,,,,,,,,,,,,,,,,,,,,
2137087,637a1ba5b7cd83532d35b58c51b6e60e96e03a0d88fd6f26d55bfd9cf7837d2d5113c7b31f87710eb9f68790cbae4499e4174f2cad03ee63aa41383317ae3716,08/26/2025 10:45:00 AM,1,PARKED,2,2037249,,BUICK,ENCORE,IL,2020,NONE,PASSENGER,NOT IN USE,S,PARKED,,,2,,,,,,,,,,,,,,Y,,,,SIDE-LEFT,,,,,,,,,,,,,,,,,,,,,,,,,,,,,,,,,
2137088,637a1ba5b7cd83532d35b58c51b6e60e96e03a0d88fd6f26d55bfd9cf7837d2d5113c7b31f87710eb9f68790cbae4499e4174f2cad03ee63aa41383317ae3716,08/26/2025 10:45:00 AM,2,BICYCLE,,,,,,,,,,,,,,,,,,,,,,,,,,,,,,,,,,,,,,,,,,,,,,,,,,,,,,,,,,,,,,,,,,
2137080,f0d7f4cad995a7d3c8714d7edd00a62a75efea9dcf83c0d9c1acf09ed4e0bbfdfbd55cce6bef746373e2c507a2c1177f5a13aece0a4dd703f40f2032c1f4c8dd,08/26/2025 10:40:00 AM,1,DRIVER,,2037226,,VOLKSWAGEN,JETTA,IL,2008,UNKNOWN,PASSENGER,UNKNOWN/NA,E,STRAIGHT AHEAD,Y,,1,,cpd,doty,,Y,,,,,,,,,,,Y,,FRONT-RIGHT-CORNER,,,,,,,,,,,,,,,,,,,,,,,,,,,,,,,,,
2137081,f0d7f4cad995a7d3c8714d7edd00a62a75efea9dcf83c0d9c1acf09ed4e0bbfdfbd55cce6bef746373e2c507a2c1177f5a13aece0a4dd703f40f2032c1f4c8dd,08/26/2025 10:40:00 AM,2,PARKED,,2037232,,HONDA,CIVIC,IL,2002,UNKNOWN,PASSENGER,NOT IN USE,E,PARKED,,,0,,,,,Y,,,,,,Y,Y,N,N,Y,Y,,SIDE-LEFT-REAR,,,,,,,,,,,,,,,,,,,,,,,,,,,,,,,,,
2137082,f0d7f4cad995a7d3c8714d7edd00a62a75efea9dcf83c0d9c1acf09ed4e0bbfdfbd55cce6bef746373e2c507a2c1177f5a13aece0a4dd703f40f2032c1f4c8dd,08/26/2025 10:40:00 AM,3,PARKED,,2037240,,FORD,EXPEDITION,IL,2012,UNKNOWN,PASSENGER,NOT IN USE,E,PARKED,,,0,,,,,,,,,,Y,,,,,,,,REAR,,,,,,,,,,,,,,,,,,,,,,,,,,,,,,,,,
2137055,2b9c22f358ece56bfec800572fc4cd4936b82a72dbeb21759222408058f4a0725dbfbe90d0473c47240a8db076ef097ff7fd38eeba24c5906a2edf612e94a76b,08/26/2025 10:30:00 AM,1,PARKED,,2037200,,JEEP,JEEP,IL,2019,UNKNOWN,PASSENGER,PERSONAL,SE,PARKED,,,0,,,,,,,,,,,,,,,,,Y,UNKNOWN,,,,,,,,,,,,,,,,,,,,,,,,,,,,,,,,,
2137056,2b9c22f358ece56bfec800572fc4cd4936b82a72dbeb21759222408058f4a0725dbfbe90d0473c47240a8db076ef097ff7fd38eeba24c5906a2edf612e94a76b,08/26/2025 10:30:00 AM,2,BICYCLE,,,,,,,,,,,,,,,,,,,,,,,,,,,,,,,,,,,,,,,,,,,,,,,,,,,,,,,,,,,,,,,,,,
2137930,38a28f740950e4bff02283e8d1c8daa0d8fd1a50466192f2c566f1b4ca18fb4dd74881229c602b06077b13aa5128d34d5728a778aadf2ef44a0a774847f49ef4,08/26/2025 10:30:00 AM,2,DRIVER,,2038034,,TOYOTA,SIENNA,IL,2022,UNKNOWN,UNKNOWN/NA,UNKNOWN/NA,E,STRAIGHT AHEAD,,,1,,,,,,,,Y,Y,,,,,,,,,SIDE-RIGHT-REAR,,,,,,,,,,,,,,,,,,,,,,,,,,,,,,,,,
2137931,38a28f740950e4bff02283e8d1c8daa0d8fd1a50466192f2c566f1b4ca18fb4dd74881229c602b06077b13aa5128d34d5728a778aadf2ef44a0a774847f49ef4,08/26/2025 10:30:00 AM,1,DRIVER,,2038035,,JEEP,PATRIOT,IL,2016,UNKNOWN,PASSENGER,PERSONAL,E,OTHER,,,1,,,,,,,,,,,,,Y,Y,Y,,,FRONT-LEFT-CORNER,,,,,,,,,,,,,,,,,,,,,,,,,,,,,,,,,
2137029,6f6ebefad8e4ff1efedcb5d8aad0d361b3ae3dd5504d4ca3dcd27a350706f6bdadb9ee1f4eb25f00dd307c6bbdc78fc9afdb29bed2514e056c2da6dd98baa907,08/26/2025 10:30:00 AM,1,DRIVER,,2037176,,FORD,F550,WA,2023,NONE,TRUCK - SINGLE UNIT,COMMERCIAL - SINGLE UNIT,N,STRAIGHT AHEAD,,,1,,,,,,Y,Y,,,,,,,,,,,SIDE-RIGHT,,,,,,,,,,,,,,,,,,,,,,,,,,,,,,,,,
2138289,a11ddaf96de2289cef08479809cacf884bc795be6ce012b73b6613a9ea097188956671ef11712fec6144a8ef3311fbf7a9798096572d7001f06a8f9f7c5add7e,08/26/2025 10:30:00 AM,1,DRIVER,,2038459,,UNKNOWN,OTHER (EXPLAIN IN NARRATIVE),IL,2011,UNKNOWN,UNKNOWN/NA,UNKNOWN/NA,UNKNOWN,UNKNOWN/NA,,,1,,,,,,,,,,Y,,,,,,,,REAR,,,,,,,,,,,,,,,,,,,,,,,,,,,,,,,,,
2138290,a11ddaf96de2289cef08479809cacf884bc795be6ce012b73b6613a9ea097188956671ef11712fec6144a8ef3311fbf7a9798096572d7001f06a8f9f7c5add7e,08/26/2025 10:30:00 AM,2,DRIVER,,2038453,,TOYOTA,CAMRY,IL,2011,UNKNOWN,PASSENGER,PERSONAL,W,STRAIGHT AHEAD,,,1,,,,,Y,,,,,,,,,,,,,FRONT-RIGHT-CORNER,,,,,,,,,,,,,,,,,,,,,,,,,,,,,,,,,
2137066,dbcdcbc7a01ca75839304dedf62b0f705542decd0ccd297211ac7dfc5a736a085842b98c9dda15fecb6a8c208586d3edb73d03c6a51be3f626b142f454911841,08/26/2025 10:30:00 AM,1,DRIVER,,2037217,,LEXUS,RX,IL,2004,UNKNOWN,PASSENGER,PERSONAL,E,BACKING,,,1,,,,,,,,,Y,,,,,,,,,SIDE-RIGHT-REAR,,,,,,,,,,,,,,,,,,,,,,,,,,,,,,,,,
2137067,dbcdcbc7a01ca75839304dedf62b0f705542decd0ccd297211ac7dfc5a736a085842b98c9dda15fecb6a8c208586d3edb73d03c6a51be3f626b142f454911841,08/26/2025 10:30:00 AM,2,DRIVER,,2037225,,TESLA,MODEL Y,IL,2023,UNKNOWN,PASSENGER,PERSONAL,S,STRAIGHT AHEAD,,,1,,,,,Y,Y,,,,,,,,,,,,FRONT-RIGHT-CORNER,,,,,,,,,,,,,,,,,,,,,,,,,,,,,,,,,
2137008,e15a2dadc591702a972bf3ac591395b92945876b5ff0fd23dd968518d08cd748d6740af1c2a6996787197bc6896a8a988025e093c87c50c2192c8b185a3b7f00,08/26/2025 10:25:00 AM,1,DRIVER,,2037152,,UNKNOWN,ENCLOSED BODY,IL,2006,UNKNOWN,BUS OVER 15 PASS.,OTHER,W,STRAIGHT AHEAD,,,1,,,,,Y,Y,,,,,,,,,,,,FRONT-RIGHT-CORNER,,,,,,,,,,,,,,,,,,,,,,,,,,,,,,,,,
2138211,796e798e33477243c5d39ee582f714c9ad4b351ce1b87995cd1f0f19fd45edae8b702bfa9266d94748c24f43ff72c712bfe2983b693274b2639c5b2e514e7b32,08/26/2025 10:24:00 AM,1,DRIVER,1,2038301,,VOLKSWAGEN,PASSAT,IL,2012,UNKNOWN,PICKUP,PERSONAL,N,BACKING,,,2,,,,,,,,,Y,Y,Y,,,,,,,REAR,,,,,,,,,,,,,,,,,,,,,,,,,,,,,,,,,
2138212,796e798e33477243c5d39ee582f714c9ad4b351ce1b87995cd1f0f19fd45edae8b702bfa9266d94748c24f43ff72c712bfe2983b693274b2639c5b2e514e7b32,08/26/2025 10:24:00 AM,2,DRIVERLESS,,2038305,,FORD,F150,IL,2009,UNKNOWN,PICKUP,CONSTRUCTION/MAINTENANCE,UNKNOWN,PARKED,,,0,,,,,Y,,,,,,,,,,Y,Y,,NONE,,,,,,,,,,,,,,,,,,,,,,,,,,,,,,,,,
2137030,0ea3571859ab9393a0ed81bcc3debe926b9c38d5f529ecfa980d7b538647fa90ca2cf4fabbef4c43a5a83ea5947f39dd0ec0fa70b6ed41487b4fbd5dc6c64054,08/26/2025 10:15:00 AM,1,DRIVER,,2037191,,FORD,TRANSIT,,,UNKNOWN,VAN/MINI-VAN,OTHER,N,STRAIGHT AHEAD,,,1,,,,,,,N,N,,Y,,,,,,,,REAR,,,,,,,,,,,,,,,,,,,,,,,,,,,,,,,,,
2137031,0ea3571859ab9393a0ed81bcc3debe926b9c38d5f529ecfa980d7b538647fa90ca2cf4fabbef4c43a5a83ea5947f39dd0ec0fa70b6ed41487b4fbd5dc6c64054,08/26/2025 10:15:00 AM,2,DRIVER,,2037201,,TOYOTA,COROLLA,IL,,UNKNOWN,PASSENGER,PERSONAL,E,BACKING,,,1,,,,,,,Y,Y,,,,,,,,,,SIDE-RIGHT,,,,,,,,,,,,,,,,,,,,,,,,,,,,,,,,,
2137036,b5a6f3e95a9de2192389e257e59da5d20944a95d54fa84803a435f1a9192ac872404fa701dcc3938cee174da6eb1101ed3fcefdd6a4801233d7e51a67bd9b3b9,08/26/2025 10:05:00 AM,1,DRIVER,,2037198,,KENWORTH MOTOR TRUCK COMPANY,KENWORTH MOTOR TRUCK CO.,IL,2023,NONE,SINGLE UNIT TRUCK WITH TRAILER,OTHER,W,TURNING RIGHT,,,1,,,,,,,,Y,,,,,,,,,,SIDE-RIGHT-REAR,,,,,,,,,,,,,,,,,,,,,,,,,,,,,,,,,
2137037,b5a6f3e95a9de2192389e257e59da5d20944a95d54fa84803a435f1a9192ac872404fa701dcc3938cee174da6eb1101ed3fcefdd6a4801233d7e51a67bd9b3b9,08/26/2025 10:05:00 AM,2,DRIVER,,2037207,,FORD,ESCAPE,IL,2023,NONE,SPORT UTILITY VEHICLE (SUV),OTHER,W,TURNING RIGHT,,,1,,,,,,,,,,Y,Y,Y,Y,Y,Y,,,SIDE-LEFT,,,,,,,,,,,,,,,,,,,,,,,,,,,,,,,,,
2137062,20737509dee6e44138d1126f7a91080d217e0e85ff9ef3ec18568dc76d5ead662b2d750dd5223c4354ce53a95d236748710dd8b98a2f42bf0b8edd715729b595,08/26/2025 10:00:00 AM,1,DRIVER,,2037219,,UNKNOWN,OTHER (EXPLAIN IN NARRATIVE),,,UNKNOWN,UNKNOWN/NA,UNKNOWN/NA,UNKNOWN,UNKNOWN/NA,,,1,,,,,,,,,,,,,,,,,Y,UNKNOWN,,,,,,,,,,,,,,,,,,,,,,,,,,,,,,,,,
2137063,20737509dee6e44138d1126f7a91080d217e0e85ff9ef3ec18568dc76d5ead662b2d750dd5223c4354ce53a95d236748710dd8b98a2f42bf0b8edd715729b595,08/26/2025 10:00:00 AM,2,PARKED,,2037208,,MAZDA,CX-9,IL,2021,UNKNOWN,SPORT UTILITY VEHICLE (SUV),NOT IN USE,N,PARKED,Y,,0,,UNIVERSAL TOWING,"7740 S. SOUTH CHICAGO, CHG IL",,,,,,Y,Y,Y,Y,N,,,,,REAR,,,,,,,,,,,,,,,,,,,,,,,,,,,,,,,,,
2137048,4e4e88cff668ba4c03fb41a58e12d7bb3268327a49f608db24b64fb72fa9785675e609769258d59738087ec2291e8dfe1cbfe7d4caaab8b1a4a8d93cd97a973d,08/26/2025 10:00:00 AM,1,DRIVER,,2037195,,HONDA,S2000,IL,2007,UNKNOWN,PASSENGER,PERSONAL,S,STRAIGHT AHEAD,,,1,,,,,Y,,,,,,,,,,Y,Y,,FRONT,,,,,,,,,,,,,,,,,,,,,,,,,,,,,,,,,
2137049,4e4e88cff668ba4c03fb41a58e12d7bb3268327a49f608db24b64fb72fa9785675e609769258d59738087ec2291e8dfe1cbfe7d4caaab8b1a4a8d93cd97a973d,08/26/2025 10:00:00 AM,2,DRIVER,1,2037199,,HYUNDAI,SONATA,IL,2020,OTHER,PASSENGER,PERSONAL,S,STRAIGHT AHEAD,,,2,,,,,,,,,Y,Y,Y,,,,,,,REAR,,,,,,,,,,,,,,,,,,,,,,,,,,,,,,,,,
2137011,57cb5f22a6c5dd2421c3d2cdd5a260aa4b20ce5a62d96bb329a9ce25080de7725b49881ed9c76caae322bf8ed3db3de16fe6ba141c92ea788dce5be338f7f298,08/26/2025 10:00:00 AM,1,DRIVER,,2037171,,NISSAN,SENTRA,IL,2011,NONE,PASSENGER,PERSONAL,E,TURNING RIGHT,,,1,,,,,,Y,,,,,,,,,,,,SIDE-RIGHT,,,,,,,,,,,,,,,,,,,,,,,,,,,,,,,,,
2137012,57cb5f22a6c5dd2421c3d2cdd5a260aa4b20ce5a62d96bb329a9ce25080de7725b49881ed9c76caae322bf8ed3db3de16fe6ba141c92ea788dce5be338f7f298,08/26/2025 10:00:00 AM,2,BICYCLE,,,,,,,,,,,,,,,,,,,,,,,,,,,,,,,,,,,,,,,,,,,,,,,,,,,,,,,,,,,,,,,,,,