CRASH_UNIT_ID,CRASH_RECORD_ID,CRASH_DATE,UNIT_NO,UNIT_TYPE,NUM_PASSENGERS,VEHICLE_ID,CMRC_VEH_I,MAKE,MODEL,LIC_PLATE_STATE,VEHICLE_YEAR,VEHICLE_DEFECT,VEHICLE_TYPE,VEHICLE_USE,TRAVEL_DIRECTION,MANEUVER,TOWED_I,FIRE_I,OCCUPANT_CNT,EXCEED_SPEED_LIMIT_I,TOWED_BY,TOWED_TO,AREA_00_I,AREA_01_I,AREA_02_I,AREA_03_I,AREA_04_I,AREA_05_I,AREA_06_I,AREA_07_I,AREA_08_I,AREA_09_I,AREA_10_I,AREA_11_I,AREA_12_I,AREA_99_I,FIRST_CONTACT_POINT,CMV_ID,USDOT_NO,CCMC_NO,ILCC_NO,COMMERCIAL_SRC,GVWR,CARRIER_NAME,CARRIER_STATE,CARRIER_CITY,HAZMAT_PLACARDS_I,HAZMAT_NAME,UN_NO,HAZMAT_PRESENT_I,HAZMAT_REPORT_I,HAZMAT_REPORT_NO,MCS_REPORT_I,MCS_REPORT_NO,HAZMAT_VIO_CAUSE_CRASH_I,MCS_VIO_CAUSE_CRASH_I,IDOT_PERMIT_NO,WIDE_LOAD_I,TRAILER1_WIDTH,TRAILER2_WIDTH,TRAILER1_LENGTH,TRAILER2_LENGTH,TOTAL_VEHICLE_LENGTH,AXLE_CNT,VEHICLE_CONFIG,CARGO_BODY_TYPE,LOAD_TYPE,HAZMAT_OUT_OF_SERVICE_I,MCS_OUT_OF_SERVICE_I,HAZMAT_CLASS
2137078,87d81ebfa457f783afc8f094572986b10f374c63735ea92268b7ee60875d428ef2f15267edfd76566b6bab951f5f4ca14999a3145034f9022b170ab7f90b6f14,08/26/2025 10:00:00 AM,1,DRIVER,,2037218,,UNKNOWN,OTHER (EXPLAIN IN NARRATIVE),,,UNKNOWN,UNKNOWN/NA,UNKNOWN/NA,UNKNOWN,UNKNOWN/NA,,,1,,,,,,,,,,,,,,,,,Y,UNKNOWN,,,,,,,,,,,,,,,,,,,,,,,,,,,,,,,,,
2137079,87d81ebfa457f783afc8f094572986b10f374c63735ea92268b7ee60875d428ef2f15267edfd76566b6bab951f5f4ca14999a3145034f9022b170ab7f90b6f14,08/26/2025 10:00:00 AM,2,PARKED,,2037220,,FORD,FOCUS,IL,2012,NONE,PASSENGER,PERSONAL,N,PARKED,,,0,,,,,Y,,,,,,,,,,Y,Y,,FRONT,,,,,,,,,,,,,,,,,,,,,,,,,,,,,,,,,
2136971,486c2ae0c8d868e521e3b696c697dc7524f8370264fb61f189cf7eb101877ae991ecd54835b7ee7652b5b32fa10c23d312bf31969b8e5b3bb23358a6ce28d003,08/26/2025 09:30:00 AM,1,DRIVER,,2037118,,FORD,EXPLORER,IL,2023,NONE,SPORT UTILITY VEHICLE (SUV),POLICE,N,BACKING,,,1,,,,,,,,,Y,,,,,,,,,REAR-RIGHT-CORNER,,,,,,,,,,,,,,,,,,,,,,,,,,,,,,,,,
2136972,486c2ae0c8d868e521e3b696c697dc7524f8370264fb61f189cf7eb101877ae991ecd54835b7ee7652b5b32fa10c23d312bf31969b8e5b3bb23358a6ce28d003,08/26/2025 09:30:00 AM,2,PARKED,,2037128,,KIA,OPTIMA / K5,IL,2008,UNKNOWN,PASSENGER,NOT IN USE,N,PARKED,,,0,,,,,,,,,,Y,,,,,,,,REAR,,,,,,,,,,,,,,,,,,,,,,,,,,,,,,,,,
2137057,7bdc670d575df2bc253e4ded65eabde3d7b6284ac82b2555a3d941b3219a8f961af7a58268d9603016c4ee904bc5f274c893c1b29b630cf707ffd38683458949,08/26/2025 09:30:00 AM,1,DRIVER,1,2037205,,NISSAN,ALTIMA,IL,2024,UNKNOWN,UNKNOWN/NA,OTHER,N,STRAIGHT AHEAD,Y,,2,,CITY OF CHICAGO,1800 S LSD,,,,,,,,,,,,,Y,,FRONT,,,,,,,,,,,,,,,,,,,,,,,,,,,,,,,,,
2137058,7bdc670d575df2bc253e4ded65eabde3d7b6284ac82b2555a3d941b3219a8f961af7a58268d9603016c4ee904bc5f274c893c1b29b630cf707ffd38683458949,08/26/2025 09:30:00 AM,2,DRIVER,,2037224,,CHEVROLET,VAN,IL,2009,UNKNOWN,VAN/MINI-VAN,CONSTRUCTION/MAINTENANCE,N,SLOW/STOP IN TRAFFIC,,,1,,,,,,,,,,Y,,,,,,,,UNKNOWN,,,,,,,,,,,,,,,,,,,,,,,,,,,,,,,,,
2137059,7bdc670d575df2bc253e4ded65eabde3d7b6284ac82b2555a3d941b3219a8f961af7a58268d9603016c4ee904bc5f274c893c1b29b630cf707ffd38683458949,08/26/2025 09:30:00 AM,3,DRIVER,,2037229,,HYUNDAI,ELANTRA,IL,2023,UNKNOWN,PASSENGER,OTHER,N,SLOW/STOP IN TRAFFIC,,,1,,,,,,,,,,Y,,,,,,,,UNKNOWN,,,,,,,,,,,,,,,,,,,,,,,,,,,,,,,,,
2137587,ddc6c5a15c087d0533da129d140759f395b4206ed228ab8e41a08a1572c62f7bab7f0bf40946bb1d6df4bd11cf7aab07974f77d22799b597cf8571a68acbc579,08/26/2025 09:30:00 AM,1,DRIVER,,2037715,,CHEVROLET,TRAX,IL,2020,UNKNOWN,SPORT UTILITY VEHICLE (SUV),PERSONAL,E,CHANGING LANES,,,1,,,,,Y,Y,,,,,,,,,,,,FRONT-RIGHT-CORNER,,,,,,,,,,,,,,,,,,,,,,,,,,,,,,,,,
2137588,ddc6c5a15c087d0533da129d140759f395b4206ed228ab8e41a08a1572c62f7bab7f0bf40946bb1d6df4bd11cf7aab07974f77d22799b597cf8571a68acbc579,08/26/2025 09:30:00 AM,2,DRIVER,,2037717,,DODGE,DART,IL,2013,NONE,PASSENGER,PERSONAL,E,STRAIGHT AHEAD,,,1,,,,,,,,,,,,,Y,Y,Y,,,SIDE-LEFT,,,,,,,,,,,,,,,,,,,,,,,,,,,,,,,,,
2136969,1509ef42c75ea40be0c979c9b6d72a04f8541b30cffb69d02e0b2c4583c93422bd216573d616d3948f75e077aab0735c4771a083049e8edc3a6aae1482cf7266,08/26/2025 09:25:00 AM,1,DRIVER,,2037124,,VOLKSWAGEN,OTHER (EXPLAIN IN NARRATIVE),IL,2024,UNKNOWN,SPORT UTILITY VEHICLE (SUV),UNKNOWN/NA,SE,PASSING/OVERTAKING,,,1,,,,,,,,,,,Y,Y,,,,,,SIDE-LEFT-REAR,,,,,,,,,,,,,,,,,,,,,,,,,,,,,,,,,
2136970,1509ef42c75ea40be0c979c9b6d72a04f8541b30cffb69d02e0b2c4583c93422bd216573d616d3948f75e077aab0735c4771a083049e8edc3a6aae1482cf7266,08/26/2025 09:25:00 AM,2,DRIVER,,2037137,,TOYOTA,RAV4,IL,2018,NONE,SPORT UTILITY VEHICLE (SUV),PERSONAL,SE,MERGING,,,1,,,,,Y,Y,,,,,,,,,,,,SIDE-RIGHT-FRONT,,,,,,,,,,,,,,,,,,,,,,,,,,,,,,,,,
2137098,a90669ed41bdd42cd40df184c41f183a322af25e3c39a7439a6b271dd7367af4606a29cc0d4ebc574ceb2a00186aeab0c4f492c6953a2341d6cd4317c0ee26bb,08/26/2025 09:25:00 AM,1,DRIVER,,2037245,,HONDA,CR-V,IL,2013,UNKNOWN,SPORT UTILITY VEHICLE (SUV),RIDESHARE SERVICE,E,STRAIGHT AHEAD,,,1,,,,,,,,,,,,,,,Y,N,,FRONT,,,,,,,,,,,,,,,,,,,,,,,,,,,,,,,,,
2137099,a90669ed41bdd42cd40df184c41f183a322af25e3c39a7439a6b271dd7367af4606a29cc0d4ebc574ceb2a00186aeab0c4f492c6953a2341d6cd4317c0ee26bb,08/26/2025 09:25:00 AM,2,NON-MOTOR VEHICLE,,,,,,,,,,,,,,,,,,,,,,,,,,,,,,,,,,,,,,,,,,,,,,,,,,,,,,,,,,,,,,,,,,
2136977,c9c0aa29019ac3e5cc8a856cc0be5c7c2a6d19d309b7937f6062839826a6a2cf0ae9827533338630b92a26efc4d9b24c5ac6a6dd2086e1a700c677ae181ed119,08/26/2025 09:25:00 AM,1,DRIVER,,2037132,,HONDA,HR-V,FL,2024,NONE,SPORT UTILITY VEHICLE (SUV),PERSONAL,SW,TURNING RIGHT,,,1,,,,,Y,Y,,,,,,,,N,N,N,,SIDE-RIGHT-FRONT,,,,,,,,,,,,,,,,,,,,,,,,,,,,,,,,,
2136978,c9c0aa29019ac3e5cc8a856cc0be5c7c2a6d19d309b7937f6062839826a6a2cf0ae9827533338630b92a26efc4d9b24c5ac6a6dd2086e1a700c677ae181ed119,08/26/2025 09:25:00 AM,2,DRIVER,1,2037140,,HONDA,FIT,IL,2011,NONE,PASSENGER,PERSONAL,SW,STRAIGHT AHEAD,Y,,2,,INSURANCE,UNK,,Y,Y,,,,,,,,Y,Y,Y,,SIDE-LEFT-FRONT,,,,,,,,,,,,,,,,,,,,,,,,,,,,,,,,,
2137584,c9c0aa29019ac3e5cc8a856cc0be5c7c2a6d19d309b7937f6062839826a6a2cf0ae9827533338630b92a26efc4d9b24c5ac6a6dd2086e1a700c677ae181ed119,08/26/2025 09:25:00 AM,3,NON-MOTOR VEHICLE,,,,,,,,,,,,,,,,,,,,,,,,,,,,,,,,,,,,,,,,,,,,,,,,,,,,,,,,,,,,,,,,,,
2136998,5eaef1500b22f6086709c7b30e6aca2e15120306acbeb2a1e5a5de2d3bf2aa1e633f576de1727a14a6fa275435bfc6c016b53ab85918c98430ec124b6a266778,08/26/2025 09:20:00 AM,1,DRIVER,,2037161,,HONDA,CIVIC,IL,2015,UNKNOWN,PASSENGER,PERSONAL,W,STRAIGHT AHEAD,,,1,,,,,,,,,,,,,,,,Y,,FRONT,,,,,,,,,,,,,,,,,,,,,,,,,,,,,,,,,
2136999,5eaef1500b22f6086709c7b30e6aca2e15120306acbeb2a1e5a5de2d3bf2aa1e633f576de1727a14a6fa275435bfc6c016b53ab85918c98430ec124b6a266778,08/26/2025 09:20:00 AM,2,DRIVER,,2037166,,HONDA,HR-V,,2025,NONE,PASSENGER,PERSONAL,W,STRAIGHT AHEAD,,,1,,,,,,,,,,Y,,,,,,,,REAR,,,,,,,,,,,,,,,,,,,,,,,,,,,,,,,,,
2137114,3935626f58424e5b6383a4b93231c6c410e849593fdb478eee360ba7b058e9e0cae84ff2fcf8b4449263c5b751831e858f364f126eac86841cb9349a1974ece3,08/26/2025 09:18:00 AM,1,DRIVER,,2037261,,UNKNOWN,OTHER (EXPLAIN IN NARRATIVE),IL,,NONE,TRUCK - SINGLE UNIT,CTA,N,STRAIGHT AHEAD,,,1,,,,,Y,Y,,,,,,,,,,,,FRONT-RIGHT-CORNER,,,,,,,,,,,,,,,,,,,,,,,,,,,,,,,,,
2137115,3935626f58424e5b6383a4b93231c6c410e849593fdb478eee360ba7b058e9e0cae84ff2fcf8b4449263c5b751831e858f364f126eac86841cb9349a1974ece3,08/26/2025 09:18:00 AM,2,DRIVERLESS,,2037267,,UNKNOWN,OTHER (EXPLAIN IN NARRATIVE),IL,2002,UNKNOWN,TRUCK - SINGLE UNIT,FIRE,S,PARKED,,,0,,,,,Y,Y,,,,,,,,,,,,SIDE-RIGHT,,,,,,,,,,,,,,,,,,,,,,,,,,,,,,,,,
2137053,9670d15612b1149452a9d0e56b479a2a9ceb03609c858ce075105e6812ef3cb1aab091710279fd1049ca4fa83f3b23e628516c7a3c98b92f8d779c8b19ca1875,08/26/2025 09:15:00 AM,1,DRIVER,,2037206,,CHEVROLET,EQUINOX,IL,2013,UNKNOWN,PASSENGER,UNKNOWN/NA,N,UNKNOWN/NA,,,1,,,,,,,,,,,,,,,,Y,,FRONT,,,,,,,,,,,,,,,,,,,,,,,,,,,,,,,,,
2137054,9670d15612b1149452a9d0e56b479a2a9ceb03609c858ce075105e6812ef3cb1aab091710279fd1049ca4fa83f3b23e628516c7a3c98b92f8d779c8b19ca1875,08/26/2025 09:15:00 AM,2,DRIVER,,2037215,,CADILLAC,XT6,IL,2024,NONE,PASSENGER,PERSONAL,N,STRAIGHT AHEAD,,,1,,,,,,,,,,,,,,,,,,REAR,,,,,,,,,,,,,,,,,,,,,,,,,,,,,,,,,
2136985,a8caab10cdf764e7c189c457bb0c6fbea9b7c489b18e65a9ba7b7aaf1cfe099d309a6177d8f7e9dd5d686444e25b37476f653ae2e3ec4722e244d54c52c0afb9,08/26/2025 09:15:00 AM,1,DRIVER,,2037133,,VOLKSWAGEN,TIGUAN,FL,2021,UNKNOWN,PASSENGER,PERSONAL,E,TURNING LEFT,,,1,,,,,,,,,,,Y,Y,Y,Y,,,,SIDE-LEFT,,,,,,,,,,,,,,,,,,,,,,,,,,,,,,,,,
2136986,a8caab10cdf764e7c189c457bb0c6fbea9b7c489b18e65a9ba7b7aaf1cfe099d309a6177d8f7e9dd5d686444e25b37476f653ae2e3ec4722e244d54c52c0afb9,08/26/2025 09:15:00 AM,2,DRIVER,,2037138,,INFINITI,Q60,IL,2014,UNKNOWN,PASSENGER,UNKNOWN/NA,S,STRAIGHT AHEAD,,,1,,,,,,,,,,,,,,,,Y,,FRONT,,,,,,,,,,,,,,,,,,,,,,,,,,,,,,,,,
2137332,341fc5c95e80cbda36f42966193c8017c96d21c715602c233d36995599f5fd6d28e726e84f1b8b4377bcc24a48c89ee12ac7ef740035beaabeab01d8884f4b63,08/26/2025 09:10:00 AM,1,DRIVERLESS,,2037468,,JEEP,WRANGLER,IL,2018,NONE,SPORT UTILITY VEHICLE (SUV),NOT IN USE,W,DRIVERLESS,,,0,,,,Y,,,,,,,,,,,,,,REAR,,,,,,,,,,,,,,,,,,,,,,,,,,,,,,,,,
2137333,341fc5c95e80cbda36f42966193c8017c96d21c715602c233d36995599f5fd6d28e726e84f1b8b4377bcc24a48c89ee12ac7ef740035beaabeab01d8884f4b63,08/26/2025 09:10:00 AM,2,DRIVER,,2037474,,VOLKSWAGEN,ATLAS,IL,2024,NONE,PASSENGER,PERSONAL,W,LEAVING TRAFFIC LANE TO PARK,,,1,,,,,,,,,,,,,,,,Y,,FRONT,,,,,,,,,,,,,,,,,,,,,,,,,,,,,,,,,
2136993,1b79b5bddfb0a9340f9ef2c2f50186017d94fd53c9e09258b91c1941bd0cd8f0c2ae9c4cf95536e5a6a5f32c72a2e701fea5838cc98ac2eb20b874158c863509,08/26/2025 09:09:00 AM,1,DRIVER,,2037148,,JEEP,WRANGLER,IL,2018,NONE,PASSENGER,UNKNOWN/NA,E,BACKING,,,1,,,,,,,,,Y,Y,Y,,,,,,,REAR,,,,,,,,,,,,,,,,,,,,,,,,,,,,,,,,,
2136994,1b79b5bddfb0a9340f9ef2c2f50186017d94fd53c9e09258b91c1941bd0cd8f0c2ae9c4cf95536e5a6a5f32c72a2e701fea5838cc98ac2eb20b874158c863509,08/26/2025 09:09:00 AM,2,DRIVER,,2037167,,VOLKSWAGEN,OTHER (EXPLAIN IN NARRATIVE),IL,2024,NONE,PASSENGER,PERSONAL,W,OTHER,,,1,,,,,Y,,,,,,,,,,Y,Y,,FRONT,,,,,,,,,,,,,,,,,,,,,,,,,,,,,,,,,
2137444,914ca58213cfaf30a1dc632a140b82c0c5370bdc07dedd9d7514a96cfd0454f85267bf4965ec31caae4f5243ff81d205ebc50e0e4a3a45f574dca4751fa6f5c0,08/26/2025 09:09:00 AM,1,DRIVER,,2037578,,SUBARU,OUTBACK,IL,2013,NONE,SPORT UTILITY VEHICLE (SUV),PERSONAL,NE,TURNING RIGHT,,,1,,,,,,,,,,,,,,,,,Y,FRONT-RIGHT-CORNER,,,,,,,,,,,,,,,,,,,,,,,,,,,,,,,,,
2137445,914ca58213cfaf30a1dc632a140b82c0c5370bdc07dedd9d7514a96cfd0454f85267bf4965ec31caae4f5243ff81d205ebc50e0e4a3a45f574dca4751fa6f5c0,08/26/2025 09:09:00 AM,2,BICYCLE,,,,,,,,,,,,,,,,,,,,,,,,,,,,,,,,,,,,,,,,,,,,,,,,,,,,,,,,,,,,,,,,,,
2136941,6c1306e0f360bd420e5d91138d5043ea2e72d53d24e511a99baa414991ac4e28691ba4b8b3d8579fd306d2439ac6bc0a770aaa7614c3685d5ff9783e9affca39,08/26/2025 09:00:00 AM,1,DRIVER,,2037111,,JEEP,PATRIOT,IL,2015,NONE,PASSENGER,PERSONAL,E,STRAIGHT AHEAD,,,1,,,,,,,Y,Y,Y,,,,,,,,,SIDE-LEFT,,,,,,,,,,,,,,,,,,,,,,,,,,,,,,,,,
2136942,6c1306e0f360bd420e5d91138d5043ea2e72d53d24e511a99baa414991ac4e28691ba4b8b3d8579fd306d2439ac6bc0a770aaa7614c3685d5ff9783e9affca39,08/26/2025 09:00:00 AM,2,PARKED,,2037097,,"MACK TRUCKS, INC.","MACK TRUCKS, INC.",IL,2012,NONE,OTHER,COMMERCIAL - SINGLE UNIT,S,PARKED,,,0,,,,,,,,,,,,,,,,,Y,UNKNOWN,,,,,,,,,,,,,,,,,,,,,,,,,,,,,,,,,
2137330,768c5a4cd16bb3fffc4848c9ea289abfaa84c1a038745f42e6d726903edc9b1cb7f9b5749fef1dfc250e99a4a029c203baeb617adf9797141cd9792883021409,08/26/2025 09:00:00 AM,1,DRIVER,,2037482,,FORD,EXPLORER,IL,2017,UNKNOWN,SPORT UTILITY VEHICLE (SUV),UNKNOWN/NA,S,PASSING/OVERTAKING,,,1,,,,,,,,,,,,,,,,,,UNKNOWN,,,,,,,,,,,,,,,,,,,,,,,,,,,,,,,,,
2137331,768c5a4cd16bb3fffc4848c9ea289abfaa84c1a038745f42e6d726903edc9b1cb7f9b5749fef1dfc250e99a4a029c203baeb617adf9797141cd9792883021409,08/26/2025 09:00:00 AM,2,DRIVER,,2037489,,TOYOTA,COROLLA,IL,2025,UNKNOWN,PASSENGER,PERSONAL,S,STRAIGHT AHEAD,,,1,,,,,,,,,,,,,,,,,,FRONT-LEFT-CORNER,,,,,,,,,,,,,,,,,,,,,,,,,,,,,,,,,
2136967,77a63520abdcc017e44faceb178a138375baf31ad1cd0b4b6da435e7294ebd842db52937c3f6c8ad9281588b795bfaf5b9c3be2d0771a4605db6b3aa26f1c5d6,08/26/2025 09:00:00 AM,1,DRIVER,2,2037135,,HYUNDAI,TUCSON,WI,2018,UNKNOWN,PASSENGER,UNKNOWN/NA,N,TURNING LEFT,,,3,,,,,,,,,,,,,,,,Y,,FRONT-LEFT-CORNER,,,,,,,,,,,,,,,,,,,,,,,,,,,,,,,,,
2136968,77a63520abdcc017e44faceb178a138375baf31ad1cd0b4b6da435e7294ebd842db52937c3f6c8ad9281588b795bfaf5b9c3be2d0771a4605db6b3aa26f1c5d6,08/26/2025 09:00:00 AM,2,DRIVER,3,2037142,,JEEP,COMPASS,IL,2018,UNKNOWN,SPORT UTILITY VEHICLE (SUV),UNKNOWN/NA,NW,TURNING LEFT,,,4,,,,,,,,,,,Y,,,,,,,SIDE-LEFT-REAR,,,,,,,,,,,,,,,,,,,,,,,,,,,,,,,,,
2136929,c952f8251cafbfc42c9631ea8edffcb762229024e837ed3e4cd802f623e64c260815a56e5238cda6d805a6df4d71730954f66beb91c8be49b656d00c4c32220c,08/26/2025 09:00:00 AM,1,DRIVER,,2037085,,TOYOTA,COROLLA,IL,2021,UNKNOWN,PASSENGER,PERSONAL,E,STRAIGHT AHEAD,,,1,,,,,,,,,,,,,,,,Y,,FRONT,,,,,,,,,,,,,,,,,,,,,,,,,,,,,,,,,
2136930,c952f8251cafbfc42c9631ea8edffcb762229024e837ed3e4cd802f623e64c260815a56e5238cda6d805a6df4d71730954f66beb91c8be49b656d00c4c32220c,08/26/2025 09:00:00 AM,2,DRIVER,,2037092,,TOYOTA,CAMRY,IL,2013,UNKNOWN,PASSENGER,PERSONAL,N,STRAIGHT AHEAD,,,1,,,,,,Y,Y,Y,,,,,,,Y,,,SIDE-RIGHT,,,,,,,,,,,,,,,,,,,,,,,,,,,,,,,,,
2136947,2f06b72133107fcb0b17e1ee47f2ad59081fa5895395e98698df56c626441d70f258337a348dd1de2a271e2f2b47c2834fc45d5b8faf676a85b4fb995bb318f2,08/26/2025 08:56:00 AM,1,DRIVER,,2037102,,UNKNOWN,OTHER (EXPLAIN IN NARRATIVE),,,UNKNOWN,UNKNOWN/NA,UNKNOWN/NA,S,STRAIGHT AHEAD,,,1,,,,,,,,,,,,,,,,,Y,FRONT-RIGHT-CORNER,,,,,,,,,,,,,,,,,,,,,,,,,,,,,,,,,
2136948,2f06b72133107fcb0b17e1ee47f2ad59081fa5895395e98698df56c626441d70f258337a348dd1de2a271e2f2b47c2834fc45d5b8faf676a85b4fb995bb318f2,08/26/2025 08:56:00 AM,2,PARKED,1,2037106,,NEW FLYER,OTHER (EXPLAIN IN NARRATIVE),IL,2007,NONE,BUS OVER 15 PASS.,CTA,S,PARKED,,,1,,,,,,,,,,,,,,,Y,,,FRONT-LEFT-CORNER,,,,,,,,,,,,,,,,,,,,,,,,,,,,,,,,,
2136963,eec48b08f97b26703e10dde2470e761094848cf0b9803632d563221ae9960c6233b76eca30fa459d116d63960b23ad816118073d9a75b1b4ce5049492fdcf0b2,08/26/2025 08:56:00 AM,1,DRIVER,,2037116,,HONDA,PILOT,IL,2012,NONE,PASSENGER,PERSONAL,W,TURNING RIGHT,Y,,1,,PRIVATE TOW-VIA OWNER REQUEST,,,,,,,,,,Y,Y,Y,Y,,,SIDE-LEFT,,,,,,,,,,,,,,,,,,,,,,,,,,,,,,,,,
2136964,eec48b08f97b26703e10dde2470e761094848cf0b9803632d563221ae9960c6233b76eca30fa459d116d63960b23ad816118073d9a75b1b4ce5049492fdcf0b2,08/26/2025 08:56:00 AM,2,DRIVER,1,2037125,,NISSAN,ROGUE,IL,2020,NONE,PASSENGER,PERSONAL,N,STRAIGHT AHEAD,,,2,,,,,,,,,,,,,,Y,Y,Y,,UNKNOWN,,,,,,,,,,,,,,,,,,,,,,,,,,,,,,,,,
2136973,99408c6857eb68d03dbb9296909e602cbb05b9cc0fdf9ade77a0bd7b03ad82fcff1889362c7877fd45f0bf6148afa249b7f971849cf17a6a57a70ac54d32556b,08/26/2025 08:55:00 AM,1,DRIVER,,2037127,,CADILLAC,OTHER (EXPLAIN IN NARRATIVE),IL,2011,UNKNOWN,OTHER,UNKNOWN/NA,W,STRAIGHT AHEAD,,,1,,,,,,,N,N,,,,,,,,Y,,FRONT,,,,,,,,,,,,,,,,,,,,,,,,,,,,,,,,,
2136974,99408c6857eb68d03dbb9296909e602cbb05b9cc0fdf9ade77a0bd7b03ad82fcff1889362c7877fd45f0bf6148afa249b7f971849cf17a6a57a70ac54d32556b,08/26/2025 08:55:00 AM,2,DRIVER,,2037134,,NISSAN,OTHER (EXPLAIN IN NARRATIVE),IL,2021,NONE,PASSENGER,PERSONAL,W,TURNING LEFT,,,1,,,,,,,Y,Y,,,,,,,,,,SIDE-RIGHT,,,,,,,,,,,,,,,,,,,,,,,,,,,,,,,,,
2136945,a8589134d7dc816d72eeb2be114128103f74632eb309a9f57b16415776927e3f194c4f0124d1f8fe9b86073b7055fe81c0ce4b7a920ee4cf335863b40ed89353,08/26/2025 08:50:00 AM,1,DRIVER,,2037105,Y,INTERNATIONAL TRAILER CORPORATION,OTHER (EXPLAIN IN NARRATIVE),IL,2018,NONE,TRACTOR W/ SEMI-TRAILER,COMMERCIAL - MULTI-UNIT,W,TURNING LEFT,,,1,,,,,Y,,,,,,,,,,,Y,,FRONT-RIGHT-CORNER,"22,077",1306967,,,LOG BOOK,3,GRECO & SONS,IL,BARTLETT,,,,N,N,,N,,N,N,,,,,,,,,TRACTOR/SEMI-TRAILER,VAN/ENCLOSED BOX,OTHER,N,N,
2136946,a8589134d7dc816d72eeb2be114128103f74632eb309a9f57b16415776927e3f194c4f0124d1f8fe9b86073b7055fe81c0ce4b7a920ee4cf335863b40ed89353,08/26/2025 08:50:00 AM,2,DRIVER,,2037119,,TOYOTA,C-HR,IL,2019,NONE,SPORT UTILITY VEHICLE (SUV),PERSONAL,E,STRAIGHT AHEAD,,,1,,,,,Y,,,,,,,,,Y,Y,Y,,SIDE-LEFT-FRONT,,,,,,,,,,,,,,,,,,,,,,,,,,,,,,,,,
2137009,0023e472dfab9f1038dbbf9779208f902bffdda9de74db6e2ee9d97b3fc90c636434bad33cb6cfc8e073a0077d4898a0a9b2e3234b1d49f1684ae4fcee24ba5f,08/26/2025 08:40:00 AM,1,DRIVER,,2037162,,CHEVROLET,EQUINOX,IL,2013,UNKNOWN,PASSENGER,PERSONAL,UNKNOWN,STRAIGHT AHEAD,,,1,,,,,,,,,,N,,,,,,Y,,FRONT,,,,,,,,,,,,,,,,,,,,,,,,,,,,,,,,,
2137010,0023e472dfab9f1038dbbf9779208f902bffdda9de74db6e2ee9d97b3fc90c636434bad33cb6cfc8e073a0077d4898a0a9b2e3234b1d49f1684ae4fcee24ba5f,08/26/2025 08:40:00 AM,2,DRIVER,,2037165,,CADILLAC,OTHER (EXPLAIN IN NARRATIVE),IL,2024,UNKNOWN,PASSENGER,UNKNOWN/NA,UNKNOWN,STRAIGHT AHEAD,,,1,,,,,,,,,,Y,,,,,,,,REAR,,,,,,,,,,,,,,,,,,,,,,,,,,,,,,,,,
2136983,072fd3ba89684d88788701211854ebedc3a2a154fc4df9a5caf56b59b2c9d05bd37de7fa732cb8e5f64411716c828d4a00a98fc9dec55affccdfc9a82b41b232,08/26/2025 08:40:00 AM,1,DRIVER,,2037131,,FORD,VAN,IL,2015,UNKNOWN,VAN/MINI-VAN,CONSTRUCTION/MAINTENANCE,N,PASSING/OVERTAKING,,,1,,,,,,,,,N,,,,,,,,,REAR-RIGHT-CORNER,,,,,,,,,,,,,,,,,,,,,,,,,,,,,,,,,
2136984,072fd3ba89684d88788701211854ebedc3a2a154fc4df9a5caf56b59b2c9d05bd37de7fa732cb8e5f64411716c828d4a00a98fc9dec55affccdfc9a82b41b232,08/26/2025 08:40:00 AM,2,DRIVER,,2037136,,JEEP,COMPASS,IL,2015,NONE,SPORT UTILITY VEHICLE (SUV),PERSONAL,N,SLOW/STOP IN TRAFFIC,,,1,,,,,,,,,,,,,,,Y,,,FRONT-LEFT-CORNER,,,,,,,,,,,,,,,,,,,,,,,,,,,,,,,,,
2137000,c0d9f8fbb123c253ee53f9ba22210c4b202ecc5cb459a508093c28052ef28a5dcb611bf5c5026e693d4fd2081152412dc304896822819213afc8ae5459d9b925,08/26/2025 08:38:00 AM,1,DRIVER,1,2037160,N,BLUE BIRD BODY COMPANY,BLUE BIRD BODY CO.,IL,2014,NONE,BUS UP TO 15 PASS.,SCHOOL BUS,E,STRAIGHT AHEAD,,,2,,,,,,,,,,,,,,,,Y,,FRONT,,,,,,,,,,,,,,,,,,,,,,,,,,,,,,,,,
2137001,c0d9f8fbb123c253ee53f9ba22210c4b202ecc5cb459a508093c28052ef28a5dcb611bf5c5026e693d4fd2081152412dc304896822819213afc8ae5459d9b925,08/26/2025 08:38:00 AM,2,DRIVER,,2037189,,CHEVROLET,CRUZE,IL,2011,NONE,PASSENGER,PERSONAL,E,SLOW/STOP IN TRAFFIC,Y,,1,,northshore auto,evanston,,,,,,,Y,,,,,,Y,,REAR,,,,,,,,,,,,,,,,,,,,,,,,,,,,,,,,,
2137002,c0d9f8fbb123c253ee53f9ba22210c4b202ecc5cb459a508093c28052ef28a5dcb611bf5c5026e693d4fd2081152412dc304896822819213afc8ae5459d9b925,08/26/2025 08:38:00 AM,3,DRIVER,,2037212,,CHEVROLET,TRAVERSE,IL,2011,NONE,PASSENGER,PERSONAL,E,SLOW/STOP IN TRAFFIC,,,1,,,,,,,,,,Y,,,,,,Y,,REAR,,,,,,,,,,,,,,,,,,,,,,,,,,,,,,,,,