CRASH_UNIT_ID,CRASH_RECORD_ID,CRASH_DATE,UNIT_NO,UNIT_TYPE,NUM_PASSENGERS,VEHICLE_ID,CMRC_VEH_I,MAKE,MODEL,LIC_PLATE_STATE,VEHICLE_YEAR,VEHICLE_DEFECT,VEHICLE_TYPE,VEHICLE_USE,TRAVEL_DIRECTION,MANEUVER,TOWED_I,FIRE_I,OCCUPANT_CNT,EXCEED_SPEED_LIMIT_I,TOWED_BY,TOWED_TO,AREA_00_I,AREA_01_I,AREA_02_I,AREA_03_I,AREA_04_I,AREA_05_I,AREA_06_I,AREA_07_I,AREA_08_I,AREA_09_I,AREA_10_I,AREA_11_I,AREA_12_I,AREA_99_I,FIRST_CONTACT_POINT,CMV_ID,USDOT_NO,CCMC_NO,ILCC_NO,COMMERCIAL_SRC,GVWR,CARRIER_NAME,CARRIER_STATE,CARRIER_CITY,HAZMAT_PLACARDS_I,HAZMAT_NAME,UN_NO,HAZMAT_PRESENT_I,HAZMAT_REPORT_I,HAZMAT_REPORT_NO,MCS_REPORT_I,MCS_REPORT_NO,HAZMAT_VIO_CAUSE_CRASH_I,MCS_VIO_CAUSE_CRASH_I,IDOT_PERMIT_NO,WIDE_LOAD_I,TRAILER1_WIDTH,TRAILER2_WIDTH,TRAILER1_LENGTH,TRAILER2_LENGTH,TOTAL_VEHICLE_LENGTH,AXLE_CNT,VEHICLE_CONFIG,CARGO_BODY_TYPE,LOAD_TYPE,HAZMAT_OUT_OF_SERVICE_I,MCS_OUT_OF_SERVICE_I,HAZMAT_CLASS
2137003,c0d9f8fbb123c253ee53f9ba22210c4b202ecc5cb459a508093c28052ef28a5dcb611bf5c5026e693d4fd2081152412dc304896822819213afc8ae5459d9b925,08/26/2025 08:38:00 AM,4,DRIVER,,2037227,,LEXUS,RX350,IL,2016,NONE,PASSENGER,PERSONAL,E,SLOW/STOP IN TRAFFIC,,,1,,,,,,,,,,Y,,,,,,,,REAR,,,,,,,,,,,,,,,,,,,,,,,,,,,,,,,,,
2136951,ecd020e05912027997bc385994169438443e9ecdf2ac30f833662d03afc3ba6cba52038add29b1278d6a640b1273cbcefb3717092fc4dcbaa7ef49a2998eeb3d,08/26/2025 08:34:00 AM,1,DRIVER,,2037110,,SATURN,VUE,IL,2004,UNKNOWN,SPORT UTILITY VEHICLE (SUV),PERSONAL,W,STRAIGHT AHEAD,Y,,1,,city of chicago,POUND,,Y,,,,,,,Y,Y,Y,Y,Y,,FRONT-LEFT-CORNER,,,,,,,,,,,,,,,,,,,,,,,,,,,,,,,,,
2136952,ecd020e05912027997bc385994169438443e9ecdf2ac30f833662d03afc3ba6cba52038add29b1278d6a640b1273cbcefb3717092fc4dcbaa7ef49a2998eeb3d,08/26/2025 08:34:00 AM,2,DRIVER,,2037186,,NISSAN,ROGUE,IL,2017,UNKNOWN,SPORT UTILITY VEHICLE (SUV),PERSONAL,N,TURNING LEFT,Y,,1,,city of chicago,pound,,Y,Y,Y,Y,Y,,,,Y,Y,Y,Y,,FRONT-RIGHT-CORNER,,,,,,,,,,,,,,,,,,,,,,,,,,,,,,,,,
2136923,5f1d5d70c73947049ce2ba2499dd89bed8803a0fd17e37318454cb881aa5ea64480c48587d9ad36ee3198eaf6b27cdb94c6cd569f293bd4fc1cc6e539113984f,08/26/2025 08:32:00 AM,1,DRIVER,,2037087,,DODGE,CARAVAN,IL,,UNKNOWN,VAN/MINI-VAN,PERSONAL,N,STRAIGHT AHEAD,,,1,,,,,,,,,,,,,,Y,,,,SIDE-LEFT-FRONT,,,,,,,,,,,,,,,,,,,,,,,,,,,,,,,,,
2136924,5f1d5d70c73947049ce2ba2499dd89bed8803a0fd17e37318454cb881aa5ea64480c48587d9ad36ee3198eaf6b27cdb94c6cd569f293bd4fc1cc6e539113984f,08/26/2025 08:32:00 AM,2,DRIVER,,2037095,,MERCEDES-BENZ,OTHER (EXPLAIN IN NARRATIVE),IL,,UNKNOWN,PASSENGER,UNKNOWN/NA,N,STRAIGHT AHEAD,,,1,,,,,,Y,,,,,,,,,,,,SIDE-RIGHT-FRONT,,,,,,,,,,,,,,,,,,,,,,,,,,,,,,,,,
2136927,c13d2b37f15eb2ece2563d36f2f1659dfca918c86731562d89dc28f216255deb8282d2bb70d5fbbd00d21eac2fc20911e5147fdd735835de9ecfc78bf4c610a2,08/26/2025 08:25:00 AM,1,DRIVER,1,2037084,,TOYOTA,SEQUOIA,IL,2014,NONE,PASSENGER,PERSONAL,S,STRAIGHT AHEAD,Y,,2,,PRIVATE TOW,,,Y,Y,,,,,,,,,,Y,,FRONT-RIGHT-CORNER,,,,,,,,,,,,,,,,,,,,,,,,,,,,,,,,,
2136928,c13d2b37f15eb2ece2563d36f2f1659dfca918c86731562d89dc28f216255deb8282d2bb70d5fbbd00d21eac2fc20911e5147fdd735835de9ecfc78bf4c610a2,08/26/2025 08:25:00 AM,2,DRIVER,1,2037088,,DODGE,JOURNEY,IL,2014,NONE,PASSENGER,PERSONAL,E,STRAIGHT AHEAD,Y,,2,,PRIVATE TOW,,,,,,,,,,,,Y,Y,Y,,FRONT-LEFT-CORNER,,,,,,,,,,,,,,,,,,,,,,,,,,,,,,,,,
2137085,3236eeae618b654decf362634d5ec6b20c2f7de4673c9c8d59bea0e4bacb08df9f83cfa4b572de016ab66fb9ad281e7a175680a45b0c69ade3c205a41924fea8,08/26/2025 08:20:00 AM,2,DRIVER,,2037239,,NISSAN,ROGUE,IL,2011,NONE,PASSENGER,PERSONAL,E,STRAIGHT AHEAD,,,1,,,,,,,,,Y,Y,Y,,,,,,,REAR,,,,,,,,,,,,,,,,,,,,,,,,,,,,,,,,,
2137086,3236eeae618b654decf362634d5ec6b20c2f7de4673c9c8d59bea0e4bacb08df9f83cfa4b572de016ab66fb9ad281e7a175680a45b0c69ade3c205a41924fea8,08/26/2025 08:20:00 AM,1,DRIVER,,2037243,,HONDA,CIVIC,IL,2007,NONE,PASSENGER,PERSONAL,E,STRAIGHT AHEAD,,,1,,,,,Y,,,,,,,,,,Y,Y,,FRONT,,,,,,,,,,,,,,,,,,,,,,,,,,,,,,,,,
2137004,f15c072a09049157c29f04bfc8d62d58ed586a0e6a91a4242f018954fdd6c69a6745027ee4303ded430edba48227f3447c7864595e3ec58a9d8032617dcbfa6f,08/26/2025 08:20:00 AM,1,DRIVER,,2037154,,UNKNOWN,MOTORIZED,IL,,NONE,MOPED OR MOTORIZED BICYCLE,PERSONAL,E,DRIVING WRONG WAY,,,1,,,,,,,,,,,,,Y,,,,,OTHER,,,,,,,,,,,,,,,,,,,,,,,,,,,,,,,,,
2137005,f15c072a09049157c29f04bfc8d62d58ed586a0e6a91a4242f018954fdd6c69a6745027ee4303ded430edba48227f3447c7864595e3ec58a9d8032617dcbfa6f,08/26/2025 08:20:00 AM,2,DRIVER,1,2037169,,TOYOTA,CROWN,IL,2023,NONE,PASSENGER,PERSONAL,N,SLOW/STOP IN TRAFFIC,,,2,,,,Y,,,,,,,,,,,,Y,,FRONT,,,,,,,,,,,,,,,,,,,,,,,,,,,,,,,,,
2136917,a7fbd9c6f83c8a24678331e73c78340c5d62140a5c14701a84eaf408b3caed0825e8bc97139a82c5b8be6287ffe7f51bc6c6aa12b18eb57ca75e40276638742b,08/26/2025 08:18:00 AM,1,DRIVER,,2037080,,MERCEDES-BENZ,OTHER (EXPLAIN IN NARRATIVE),IL,2018,UNKNOWN,SPORT UTILITY VEHICLE (SUV),PERSONAL,N,STRAIGHT AHEAD,,,1,,,,,,,,,,,,,,,,Y,,FRONT,,,,,,,,,,,,,,,,,,,,,,,,,,,,,,,,,
2136918,a7fbd9c6f83c8a24678331e73c78340c5d62140a5c14701a84eaf408b3caed0825e8bc97139a82c5b8be6287ffe7f51bc6c6aa12b18eb57ca75e40276638742b,08/26/2025 08:18:00 AM,2,DRIVER,1,2037070,,CHEVROLET,TRAVERSE,IL,2019,NONE,SPORT UTILITY VEHICLE (SUV),PERSONAL,N,STRAIGHT AHEAD,,,2,,,,,,,,,,Y,,,,,,,,REAR,,,,,,,,,,,,,,,,,,,,,,,,,,,,,,,,,
2136949,b67bd50ee876b5ec8f8eaeb740d3fdb33947b79798094c37a755c372503af4c98fc5536540b9130fe929a93810ffea70a93f15344099ef872f4920386c0a0ea9,08/26/2025 08:17:00 AM,1,DRIVER,,2037104,,TOYOTA,CAMRY,IL,2010,UNKNOWN,PASSENGER,PERSONAL,N,SLOW/STOP IN TRAFFIC,,,1,,,,,,,,,,,,,,,,Y,,FRONT,,,,,,,,,,,,,,,,,,,,,,,,,,,,,,,,,
2136950,b67bd50ee876b5ec8f8eaeb740d3fdb33947b79798094c37a755c372503af4c98fc5536540b9130fe929a93810ffea70a93f15344099ef872f4920386c0a0ea9,08/26/2025 08:17:00 AM,2,DRIVER,1,2037114,,HYUNDAI,SONATA,IL,2019,NONE,PASSENGER,PERSONAL,N,SLOW/STOP IN TRAFFIC,,,2,,,,,,,,,,Y,Y,,,,,,,REAR,,,,,,,,,,,,,,,,,,,,,,,,,,,,,,,,,
2136937,345043ef13ce8462de14e2e80e64e1c903e7e50f09102b6e0aa98c47d6da347b324afdaeffd81200d6858fd15fc3a0f74c66cf62ac26103a274b043d5b6a9c2c,08/26/2025 08:16:00 AM,1,DRIVER,,2037098,,TOYOTA,CAMRY,IL,2009,UNKNOWN,PASSENGER,UNKNOWN/NA,N,UNKNOWN/NA,,,1,,,,,,,,,,,,,,Y,Y,Y,,FRONT-LEFT-CORNER,,,,,,,,,,,,,,,,,,,,,,,,,,,,,,,,,
2136938,345043ef13ce8462de14e2e80e64e1c903e7e50f09102b6e0aa98c47d6da347b324afdaeffd81200d6858fd15fc3a0f74c66cf62ac26103a274b043d5b6a9c2c,08/26/2025 08:16:00 AM,2,DRIVER,1,2037112,,CHEVROLET,OTHER (EXPLAIN IN NARRATIVE),IL,2017,NONE,PASSENGER,PERSONAL,N,STRAIGHT AHEAD,Y,,2,,PERSONAL TOW,UNK,,,,,Y,Y,Y,,,,,,,,REAR-RIGHT-CORNER,,,,,,,,,,,,,,,,,,,,,,,,,,,,,,,,,
2137019,d7f2f343af86feef9250c697c41fd9c71f8339c38a2c6e0b5e1643a21c14fcd26f2e1bc7e0b99d16ac3fd04e20a0d061b607d254abeadc5926e1c9f1d2c431f7,08/26/2025 08:16:00 AM,1,DRIVER,,2037168,,HYUNDAI,SANTA FE,IL,2010,NONE,PASSENGER,PERSONAL,S,ENTER FROM DRIVE/ALLEY,,,1,,,,,,,,,,,,,,,,,,SIDE-LEFT,,,,,,,,,,,,,,,,,,,,,,,,,,,,,,,,,
2137020,d7f2f343af86feef9250c697c41fd9c71f8339c38a2c6e0b5e1643a21c14fcd26f2e1bc7e0b99d16ac3fd04e20a0d061b607d254abeadc5926e1c9f1d2c431f7,08/26/2025 08:16:00 AM,2,BICYCLE,,,,,,,,,,,,,,,,,,,,,,,,,,,,,,,,,,,,,,,,,,,,,,,,,,,,,,,,,,,,,,,,,,
2137021,d7f2f343af86feef9250c697c41fd9c71f8339c38a2c6e0b5e1643a21c14fcd26f2e1bc7e0b99d16ac3fd04e20a0d061b607d254abeadc5926e1c9f1d2c431f7,08/26/2025 08:16:00 AM,3,DRIVER,,2037175,,TOYOTA,COROLLA,IL,2014,NONE,PASSENGER,TAXI/FOR HIRE,S,SLOW/STOP IN TRAFFIC,,,1,,,,,,,Y,,,,,,,,,,,SIDE-RIGHT,,,,,,,,,,,,,,,,,,,,,,,,,,,,,,,,,
2136875,51bdc6045f8f68d78603993f93d957ca8bc52f4bb22d1d14240a1b84cbd4cfe41907625e67160717decc5f6d02114f2b8fb50ca765bf35b6f301f95e520d457f,08/26/2025 08:15:00 AM,1,DRIVER,,2037051,,CHEVROLET,OTHER (EXPLAIN IN NARRATIVE),IL,2015,UNKNOWN,PASSENGER,UNKNOWN/NA,E,STRAIGHT AHEAD,,,1,,,,,,,,,,,,,,,,Y,,FRONT,,,,,,,,,,,,,,,,,,,,,,,,,,,,,,,,,
2136876,51bdc6045f8f68d78603993f93d957ca8bc52f4bb22d1d14240a1b84cbd4cfe41907625e67160717decc5f6d02114f2b8fb50ca765bf35b6f301f95e520d457f,08/26/2025 08:15:00 AM,2,DRIVER,,2037063,,HONDA,CIVIC,IL,2008,NONE,PASSENGER,PERSONAL,E,SLOW/STOP IN TRAFFIC,,,1,,,,,,,,,,Y,,,,,,,,REAR,,,,,,,,,,,,,,,,,,,,,,,,,,,,,,,,,
2137124,67c137382d5e2f1af6c2651916edbe24b1f958817c4f37f912a1d6f6a0afd09eec37bf28281cd0e3e8c3c59dd068f5d977d0c1835f383b3e8974bdbb4553e827,08/26/2025 08:15:00 AM,1,DRIVER,,2037271,,CHEVROLET,MALIBU,IL,2017,UNKNOWN,PASSENGER,PERSONAL,N,TURNING LEFT,,,1,,,,,,,,,,,,,,,Y,,,FRONT-LEFT-CORNER,,,,,,,,,,,,,,,,,,,,,,,,,,,,,,,,,
2137127,67c137382d5e2f1af6c2651916edbe24b1f958817c4f37f912a1d6f6a0afd09eec37bf28281cd0e3e8c3c59dd068f5d977d0c1835f383b3e8974bdbb4553e827,08/26/2025 08:15:00 AM,2,PEDESTRIAN,,,,,,,,,,,,,,,,,,,,,,,,,,,,,,,,,,,,,,,,,,,,,,,,,,,,,,,,,,,,,,,,,,
2137835,fe85b2a0e970820ae2ad8cfe019eed3a36530b8a0278732bb794e06405197c1936695086b60a2acf8390b38589027f5beeb2d8d4b5a197908a5c69eeee15fb1a,08/26/2025 08:15:00 AM,1,DRIVER,,2037945,,LEXUS,GX,IL,2024,NONE,PASSENGER,PERSONAL,E,STRAIGHT AHEAD,,,1,,,,Y,,,,,,,,,,,,,,NONE,,,,,,,,,,,,,,,,,,,,,,,,,,,,,,,,,
2137836,fe85b2a0e970820ae2ad8cfe019eed3a36530b8a0278732bb794e06405197c1936695086b60a2acf8390b38589027f5beeb2d8d4b5a197908a5c69eeee15fb1a,08/26/2025 08:15:00 AM,2,BICYCLE,,,,,,,,,,,,,,,,,,,,,,,,,,,,,,,,,,,,,,,,,,,,,,,,,,,,,,,,,,,,,,,,,,
2136979,56a459993cda489becaf93222ccb76a5fdaf908ac8bb40d4819e47ae4027a818d6a2ea2560d18d59c3076011bfc1a90b1914a832212b7baf74a6f66fb61682c2,08/26/2025 08:12:00 AM,1,DRIVER,3,2037129,,MERCEDES-BENZ,C300,MI,2016,NONE,PASSENGER,PERSONAL,N,ENTER FROM DRIVE/ALLEY,,,4,,,,,Y,Y,,,,,,,,,,,,FRONT-RIGHT-CORNER,,,,,,,,,,,,,,,,,,,,,,,,,,,,,,,,,
2136980,56a459993cda489becaf93222ccb76a5fdaf908ac8bb40d4819e47ae4027a818d6a2ea2560d18d59c3076011bfc1a90b1914a832212b7baf74a6f66fb61682c2,08/26/2025 08:12:00 AM,2,DRIVER,,2037139,,JEEP,LAREDO,IL,2011,NONE,SPORT UTILITY VEHICLE (SUV),PERSONAL,W,STRAIGHT AHEAD,Y,,1,,PRIVATE TOWED,UNK,,,,,,,,,,,Y,Y,,,FRONT-LEFT-CORNER,,,,,,,,,,,,,,,,,,,,,,,,,,,,,,,,,
2136935,e9a2e4ec47af3555281cee77204756939d6ee6d2192719ab133e000cba85922d2b5d956c9043c50728a69e398ea13a149c22df55901bb9e494a237075aa2d6c2,08/26/2025 08:10:00 AM,1,DRIVER,1,2037101,,BLUEBIRD INTERNATIONAL,OTHER (EXPLAIN IN NARRATIVE),,2025,UNKNOWN,BUS OVER 15 PASS.,SCHOOL BUS,N,CHANGING LANES,,,2,,,,,,,,,,,,,,,,,,FRONT-RIGHT-CORNER,,,,,,,,,,,,,,,,,,,,,,,,,,,,,,,,,
2136936,e9a2e4ec47af3555281cee77204756939d6ee6d2192719ab133e000cba85922d2b5d956c9043c50728a69e398ea13a149c22df55901bb9e494a237075aa2d6c2,08/26/2025 08:10:00 AM,2,DRIVER,,2037120,,ACURA,TLX,IN,2021,UNKNOWN,PASSENGER,PERSONAL,N,STRAIGHT AHEAD,,,1,,,,,,,,,,,Y,Y,Y,Y,,,,SIDE-LEFT,,,,,,,,,,,,,,,,,,,,,,,,,,,,,,,,,
2138527,f09dc3330a631af0d46f595d5be5a67d2b7c880a281c1741182f56a4a1edb866806cafb5ff984bdc7b04a87039e62fd13db91c47a054613d17c136f52985f99c,08/26/2025 08:10:00 AM,1,DRIVER,,2038608,,VOLKSWAGEN,PASSAT,,,NONE,PASSENGER,PERSONAL,E,TURNING LEFT,,,1,,,,,,,,,,,,,,,,,Y,FRONT,,,,,,,,,,,,,,,,,,,,,,,,,,,,,,,,,
2138528,f09dc3330a631af0d46f595d5be5a67d2b7c880a281c1741182f56a4a1edb866806cafb5ff984bdc7b04a87039e62fd13db91c47a054613d17c136f52985f99c,08/26/2025 08:10:00 AM,2,BICYCLE,,,,,,,,,,,,,,,,,,,,,,,,,,,,,,,,,,,,,,,,,,,,,,,,,,,,,,,,,,,,,,,,,,
2137013,41b0e5196fc96441afb31319f2f26e0ac5e3114e4e751acbbb93cf11362bb737602f09990017fd3a49494cf439b46f7b5c49b933b1742719386345590111947c,08/26/2025 08:00:00 AM,1,DRIVER,,2037155,,UNKNOWN,OTHER (EXPLAIN IN NARRATIVE),,,UNKNOWN,UNKNOWN/NA,UNKNOWN/NA,UNKNOWN,UNKNOWN/NA,,,1,,,,,,,,,,,,,,,,,Y,UNKNOWN,,,,,,,,,,,,,,,,,,,,,,,,,,,,,,,,,
2137014,41b0e5196fc96441afb31319f2f26e0ac5e3114e4e751acbbb93cf11362bb737602f09990017fd3a49494cf439b46f7b5c49b933b1742719386345590111947c,08/26/2025 08:00:00 AM,2,PARKED,,2037156,,FORD,F150,IL,2018,NONE,PASSENGER,PERSONAL,S,PARKED,,,0,,,,,,Y,Y,Y,,,,,,,,,,SIDE-RIGHT,,,,,,,,,,,,,,,,,,,,,,,,,,,,,,,,,
2137632,5d937ca15be396c8f4ba7a6403ce568bdc8103d94ba3ae10779d1e9f227afe1ee7223b470cabd777e2a7869b254bef1c64285a7ffbb3e5ae38cb9ea6fea12d05,08/26/2025 08:00:00 AM,1,DRIVER,,2037756,,PORSCHE,CAYENNE,IL,2025,UNKNOWN,PASSENGER,PERSONAL,UNKNOWN,UNKNOWN/NA,,,1,,,,,Y,Y,,,,,,,,,,,,FRONT-RIGHT-CORNER,,,,,,,,,,,,,,,,,,,,,,,,,,,,,,,,,
2137633,5d937ca15be396c8f4ba7a6403ce568bdc8103d94ba3ae10779d1e9f227afe1ee7223b470cabd777e2a7869b254bef1c64285a7ffbb3e5ae38cb9ea6fea12d05,08/26/2025 08:00:00 AM,2,DRIVER,,2037757,,LINCOLN,AVIATOR,IL,2024,UNKNOWN,PASSENGER,PERSONAL,UNKNOWN,UNKNOWN/NA,,,1,,,,,,,,,,,,,Y,Y,Y,,,SIDE-LEFT,,,,,,,,,,,,,,,,,,,,,,,,,,,,,,,,,
2136858,724301380cf6cf40dcfc247b5c8ede7b87e191b35b82d7ac1beff680ff5db3994e9f6f1bced60f43a3830e128986aeb56dd89c07a5b32d0ef691bfaa2749db6a,08/26/2025 08:00:00 AM,1,DRIVER,,2037020,,INTERNATIONAL TRAILER CORPORATION,OTHER (EXPLAIN IN NARRATIVE),IL,2017,NONE,TRUCK - SINGLE UNIT,OTHER,N,BACKING,,,1,,,,,,,,,,Y,,,,,,,,REAR,,,,,,,,,,,,,,,,,,,,,,,,,,,,,,,,,
2136859,724301380cf6cf40dcfc247b5c8ede7b87e191b35b82d7ac1beff680ff5db3994e9f6f1bced60f43a3830e128986aeb56dd89c07a5b32d0ef691bfaa2749db6a,08/26/2025 08:00:00 AM,2,PARKED,,2037022,,TOYOTA,CAMRY,IL,2009,NONE,PASSENGER,PERSONAL,S,PARKED,,,0,,,,,,,,,,,,,,,,Y,,FRONT,,,,,,,,,,,,,,,,,,,,,,,,,,,,,,,,,
2137408,ab4283005004ac30d1f51ab1c97e32173c839b9d7844b17166bd607b314b4bf0bc0c8807441e49c2d8008722a33841ec0f1ee1ed962a3f7f66d8cca251278543,08/26/2025 08:00:00 AM,1,DRIVER,,2037539,,CHRYSLER,OTHER (EXPLAIN IN NARRATIVE),IL,2011,NONE,PASSENGER,UNKNOWN/NA,S,STRAIGHT AHEAD,,,1,,,,,,,,,,,,,,,,Y,,FRONT,,,,,,,,,,,,,,,,,,,,,,,,,,,,,,,,,
2137409,ab4283005004ac30d1f51ab1c97e32173c839b9d7844b17166bd607b314b4bf0bc0c8807441e49c2d8008722a33841ec0f1ee1ed962a3f7f66d8cca251278543,08/26/2025 08:00:00 AM,2,DRIVER,,2037544,,NISSAN,CUBE,IL,2012,NONE,PASSENGER,PERSONAL,W,STRAIGHT AHEAD,,,1,,,,,,,,Y,Y,,,,,,,,,REAR-RIGHT-CORNER,,,,,,,,,,,,,,,,,,,,,,,,,,,,,,,,,
2137570,c011d99e381c0376bd1ba70a3ff3ee0b3afd46778d21dc72107e13cab0fe8cd09d7ce9d71788ad2c53cd64fee0881895ed9e48480704ddb9a9f7b1dcdd3bdc15,08/26/2025 08:00:00 AM,1,DRIVER,,2037719,,FORD,MUSTANG,IL,2018,NONE,PASSENGER,PERSONAL,S,CHANGING LANES,,,1,,,,,,,,,,,,,Y,,,,,SIDE-LEFT,,,,,,,,,,,,,,,,,,,,,,,,,,,,,,,,,
2137571,c011d99e381c0376bd1ba70a3ff3ee0b3afd46778d21dc72107e13cab0fe8cd09d7ce9d71788ad2c53cd64fee0881895ed9e48480704ddb9a9f7b1dcdd3bdc15,08/26/2025 08:00:00 AM,2,DRIVER,,2037720,,FORD,FIESTA,IL,2012,NONE,PASSENGER,PERSONAL,S,STRAIGHT AHEAD,,,1,,,,,Y,,,,,,,,,,,,,SIDE-RIGHT-FRONT,,,,,,,,,,,,,,,,,,,,,,,,,,,,,,,,,
2136909,cbb48596a8029d8a1be12af9e5de4d4b143f825d00dbb1d9696c5a31b4a6c534530255663d91cd0962b62f59cd003d9c2e3cf600fe36fa81b63c20062c92f1cf,08/26/2025 08:00:00 AM,1,DRIVER,,2037066,,LEXUS,RX350,IL,2013,NONE,PASSENGER,PERSONAL,S,STRAIGHT AHEAD,,,1,,,,,Y,,,,,,,,,,,Y,,FRONT-RIGHT-CORNER,,,,,,,,,,,,,,,,,,,,,,,,,,,,,,,,,
2136910,cbb48596a8029d8a1be12af9e5de4d4b143f825d00dbb1d9696c5a31b4a6c534530255663d91cd0962b62f59cd003d9c2e3cf600fe36fa81b63c20062c92f1cf,08/26/2025 08:00:00 AM,2,DRIVER,,2037074,,HYUNDAI,ELANTRA,IL,2017,NONE,PASSENGER,PERSONAL,E,STRAIGHT AHEAD,Y,,1,,,,,Y,Y,,,,,,,,,,Y,,FRONT,,,,,,,,,,,,,,,,,,,,,,,,,,,,,,,,,
2136863,1160b9c957dce972260fdd142da62e24320948b3ceffa8b12063da09aa61b26cda648a08e3ab4b347a05b54a3d789f3fb5f339c14d02e7255912408b3217854a,08/26/2025 07:55:00 AM,2,DRIVER,,2037027,,PONTIAC,G6,IL,2008,NONE,PASSENGER,PERSONAL,E,STRAIGHT AHEAD,Y,,1,,unk,unk,,Y,,,,,,,,Y,Y,Y,Y,,FRONT-LEFT-CORNER,,,,,,,,,,,,,,,,,,,,,,,,,,,,,,,,,
2136864,1160b9c957dce972260fdd142da62e24320948b3ceffa8b12063da09aa61b26cda648a08e3ab4b347a05b54a3d789f3fb5f339c14d02e7255912408b3217854a,08/26/2025 07:55:00 AM,1,DRIVER,,2037025,,TOYOTA,CAMRY,IL,2014,NONE,PASSENGER,PERSONAL,W,TURNING LEFT,Y,,1,,unk,unk,,Y,Y,Y,,,,,,,,Y,Y,,FRONT-RIGHT-CORNER,,,,,,,,,,,,,,,,,,,,,,,,,,,,,,,,,
2138331,f481cb78a063aac475483f32068b37b089f43b4b803b94b209f15c47a55df5b3d123c383088019a3e91ca47f29a40e8fb86587c6f9a85012bc7ec92461787d5c,08/26/2025 07:55:00 AM,1,DRIVER,,2038412,,MERCEDES-BENZ,GLK300,IL,2017,UNKNOWN,SPORT UTILITY VEHICLE (SUV),UNKNOWN/NA,S,CHANGING LANES,,,1,,,,,,,,,,,,,,,,,,SIDE-LEFT,,,,,,,,,,,,,,,,,,,,,,,,,,,,,,,,,
2138332,f481cb78a063aac475483f32068b37b089f43b4b803b94b209f15c47a55df5b3d123c383088019a3e91ca47f29a40e8fb86587c6f9a85012bc7ec92461787d5c,08/26/2025 07:55:00 AM,2,DRIVER,1,2038416,,NISSAN,ARMADA,IL,2021,NONE,SPORT UTILITY VEHICLE (SUV),PERSONAL,S,STRAIGHT AHEAD,,,2,,,,,,,,,,,,,,,,,,SIDE-RIGHT,,,,,,,,,,,,,,,,,,,,,,,,,,,,,,,,,
2136931,fc96ff59b7f0c5caf19fd3faea717c3110d371ae0259dc269bb179c8676ad0df26f387b3429c7d9b770c1d254c4ed016ed4ddc6a5bdc963ca40ff4b7d2ec7230,08/26/2025 07:55:00 AM,1,DRIVER,,2037090,,KIA,SORENTO,IL,2011,NONE,PASSENGER,PERSONAL,W,STRAIGHT AHEAD,,,1,,,,,,,,,,,,,,,,Y,,FRONT,,,,,,,,,,,,,,,,,,,,,,,,,,,,,,,,,
2136932,fc96ff59b7f0c5caf19fd3faea717c3110d371ae0259dc269bb179c8676ad0df26f387b3429c7d9b770c1d254c4ed016ed4ddc6a5bdc963ca40ff4b7d2ec7230,08/26/2025 07:55:00 AM,2,DRIVER,,2037096,,HONDA,CR-V,IL,2005,NONE,PASSENGER,PERSONAL,W,STRAIGHT AHEAD,,,1,,,,,,,,,,Y,,,,,,,,REAR,,,,,,,,,,,,,,,,,,,,,,,,,,,,,,,,,
2137751,5252620ff90631eb0ca2151f86198c462f74eadd2324992f7a7f0c1487b913c2866b401e4b7952595701515d26134af21c8676d48c3cc2c8eed5294bfe9e71c2,08/26/2025 07:50:00 AM,1,DRIVER,,2037867,,FORD,ESCAPE,IL,2019,NONE,SPORT UTILITY VEHICLE (SUV),PERSONAL,NW,TURNING LEFT,,,1,,,,,,,,,,,,,,,Y,,,FRONT-LEFT-CORNER,,,,,,,,,,,,,,,,,,,,,,,,,,,,,,,,,
2137752,5252620ff90631eb0ca2151f86198c462f74eadd2324992f7a7f0c1487b913c2866b401e4b7952595701515d26134af21c8676d48c3cc2c8eed5294bfe9e71c2,08/26/2025 07:50:00 AM,2,DRIVER,,2037868,,JEEP,RENEGADE,IL,2020,NONE,SPORT UTILITY VEHICLE (SUV),PERSONAL,NW,STRAIGHT AHEAD,,,1,,,,,Y,Y,,,,,,,,,,,,FRONT-RIGHT-CORNER,,,,,,,,,,,,,,,,,,,,,,,,,,,,,,,,,
2136871,80c1b52c56878715ad71efaa1f850f11bf49675bb33f629607c889c0ecb73ce9df01f3fb924287688b2a7cd941b1d0fa3ef1805857d54329b65c9ebbbdfacf6f,08/26/2025 07:50:00 AM,1,DRIVER,2,2037045,,NISSAN,SENTRA,IL,2016,NONE,PASSENGER,PERSONAL,W,STRAIGHT AHEAD,,,3,,,,,Y,,,,,,,,,,Y,Y,,FRONT,,,,,,,,,,,,,,,,,,,,,,,,,,,,,,,,,
2136872,80c1b52c56878715ad71efaa1f850f11bf49675bb33f629607c889c0ecb73ce9df01f3fb924287688b2a7cd941b1d0fa3ef1805857d54329b65c9ebbbdfacf6f,08/26/2025 07:50:00 AM,2,DRIVER,,2037033,,BUICK,LACROSSE,IL,2012,NONE,PASSENGER,PERSONAL,S,STRAIGHT AHEAD,,,1,,,,,,,,,,,,Y,Y,Y,Y,,,SIDE-LEFT,,,,,,,,,,,,,,,,,,,,,,,,,,,,,,,,,