CRASH_UNIT_ID,CRASH_RECORD_ID,CRASH_DATE,UNIT_NO,UNIT_TYPE,NUM_PASSENGERS,VEHICLE_ID,CMRC_VEH_I,MAKE,MODEL,LIC_PLATE_STATE,VEHICLE_YEAR,VEHICLE_DEFECT,VEHICLE_TYPE,VEHICLE_USE,TRAVEL_DIRECTION,MANEUVER,TOWED_I,FIRE_I,OCCUPANT_CNT,EXCEED_SPEED_LIMIT_I,TOWED_BY,TOWED_TO,AREA_00_I,AREA_01_I,AREA_02_I,AREA_03_I,AREA_04_I,AREA_05_I,AREA_06_I,AREA_07_I,AREA_08_I,AREA_09_I,AREA_10_I,AREA_11_I,AREA_12_I,AREA_99_I,FIRST_CONTACT_POINT,CMV_ID,USDOT_NO,CCMC_NO,ILCC_NO,COMMERCIAL_SRC,GVWR,CARRIER_NAME,CARRIER_STATE,CARRIER_CITY,HAZMAT_PLACARDS_I,HAZMAT_NAME,UN_NO,HAZMAT_PRESENT_I,HAZMAT_REPORT_I,HAZMAT_REPORT_NO,MCS_REPORT_I,MCS_REPORT_NO,HAZMAT_VIO_CAUSE_CRASH_I,MCS_VIO_CAUSE_CRASH_I,IDOT_PERMIT_NO,WIDE_LOAD_I,TRAILER1_WIDTH,TRAILER2_WIDTH,TRAILER1_LENGTH,TRAILER2_LENGTH,TOTAL_VEHICLE_LENGTH,AXLE_CNT,VEHICLE_CONFIG,CARGO_BODY_TYPE,LOAD_TYPE,HAZMAT_OUT_OF_SERVICE_I,MCS_OUT_OF_SERVICE_I,HAZMAT_CLASS
2136921,91c22e6a2c2345e274697ede3b429655610e8d13f5bfbbe7493f41cf6d2d4ed27a6bc4e562c88ef032e5f683c07427b25eadaab0d95f639fbb81edc9b64a883c,08/26/2025 07:50:00 AM,1,DRIVER,,2037076,,UNKNOWN,MOTORIZED,XX,,UNKNOWN,UNKNOWN/NA,UNKNOWN/NA,UNKNOWN,UNKNOWN/NA,,,1,,,,,,,,,,,,,,,,,Y,UNKNOWN,,,,,,,,,,,,,,,,,,,,,,,,,,,,,,,,,
2136922,91c22e6a2c2345e274697ede3b429655610e8d13f5bfbbe7493f41cf6d2d4ed27a6bc4e562c88ef032e5f683c07427b25eadaab0d95f639fbb81edc9b64a883c,08/26/2025 07:50:00 AM,2,DRIVER,,2037083,,NEW FLYER,OTHER (EXPLAIN IN NARRATIVE),IL,2008,UNKNOWN,BUS OVER 15 PASS.,CTA,N,STRAIGHT AHEAD,,,1,,,,,,,,,,,Y,Y,,,,,,SIDE-LEFT-REAR,,,,,,,,,,,,,,,,,,,,,,,,,,,,,,,,,
2136873,9f82297674230770a403bf8f61044c6e00142663894a1d1366b53f6e144375d51f4fb733b62db2088bc0281cb4f3522fbfa136e484de34c8cb09e5166930fecf,08/26/2025 07:50:00 AM,1,DRIVER,,2037032,,FORD,EDGE,IL,,UNKNOWN,PASSENGER,PERSONAL,N,STRAIGHT AHEAD,,,1,,,,,Y,,,,,,,,,,,,,FRONT-RIGHT-CORNER,,,,,,,,,,,,,,,,,,,,,,,,,,,,,,,,,
2136874,9f82297674230770a403bf8f61044c6e00142663894a1d1366b53f6e144375d51f4fb733b62db2088bc0281cb4f3522fbfa136e484de34c8cb09e5166930fecf,08/26/2025 07:50:00 AM,2,DRIVER,,2037036,,NORTH AMERICAN BUS INDUSTRIES,45C-LFW,IL,,UNKNOWN,BUS OVER 15 PASS.,OTHER,N,SLOW/STOP IN TRAFFIC,,,1,,,,,,,,,,,,,,,Y,,,FRONT-LEFT-CORNER,,,,,,,,,,,,,,,,,,,,,,,,,,,,,,,,,
2136877,d335075db0a910f31134f3b5fcf7e4b8b5078394d28a964d52adabb5d51c3bfafabcb9ae39673c4cbcf99f076c7fda6fdef192800e961b37dac76d94664960ba,08/26/2025 07:50:00 AM,1,DRIVER,,2037053,,MAZDA,MIATA,IL,1994,UNKNOWN,PASSENGER,PERSONAL,N,STRAIGHT AHEAD,,,1,,,,,,,Y,Y,Y,,,,,,,,Y,SIDE-RIGHT-REAR,,,,,,,,,,,,,,,,,,,,,,,,,,,,,,,,,
2136878,d335075db0a910f31134f3b5fcf7e4b8b5078394d28a964d52adabb5d51c3bfafabcb9ae39673c4cbcf99f076c7fda6fdef192800e961b37dac76d94664960ba,08/26/2025 07:50:00 AM,2,DRIVER,,2037035,,HONDA,CIVIC,IL,2014,NONE,PASSENGER,PERSONAL,N,TURNING RIGHT,,,1,,,,,,,,,,,,,,Y,Y,,,SIDE-LEFT,,,,,,,,,,,,,,,,,,,,,,,,,,,,,,,,,
2136919,e09efe4b5f32d8899c632faa91eb9d2126b700aded7d2108176414a322d8a61f48234ccd22ed061d536bd08ca751885890a366848c62778c1d0355ddde3c806e,08/26/2025 07:50:00 AM,1,DRIVER,1,2037081,,KIA,OPTIMA / K5,IL,2013,NONE,PASSENGER,PERSONAL,E,STRAIGHT AHEAD,,,2,,,,,Y,,,,,,,,,,Y,Y,,FRONT,,,,,,,,,,,,,,,,,,,,,,,,,,,,,,,,,
2136920,e09efe4b5f32d8899c632faa91eb9d2126b700aded7d2108176414a322d8a61f48234ccd22ed061d536bd08ca751885890a366848c62778c1d0355ddde3c806e,08/26/2025 07:50:00 AM,2,DRIVER,1,2037094,,SUBARU,OUTBACK,,,NONE,SPORT UTILITY VEHICLE (SUV),PERSONAL,E,SLOW/STOP IN TRAFFIC,,,2,,,,,,,,,Y,Y,Y,,,,,,,REAR,,,,,,,,,,,,,,,,,,,,,,,,,,,,,,,,,
2136913,0218d267f7b1b003649a504de43a1040a535acb8beb7e9691d59776d7c7a62fc8f5c3b6ae593b6e782507551edfbca2388296a7d0fbe2db9944390c67854fa71,08/26/2025 07:45:00 AM,1,DRIVER,,2037077,,JEEP,RENEGADE,IL,2015,NONE,SPORT UTILITY VEHICLE (SUV),PERSONAL,N,TURNING LEFT,,,1,,,,,,,Y,,,,,,,,Y,,,FRONT-LEFT-CORNER,,,,,,,,,,,,,,,,,,,,,,,,,,,,,,,,,
2136914,0218d267f7b1b003649a504de43a1040a535acb8beb7e9691d59776d7c7a62fc8f5c3b6ae593b6e782507551edfbca2388296a7d0fbe2db9944390c67854fa71,08/26/2025 07:45:00 AM,2,DRIVER,,2037072,,FORD,TRANSIT CONNECT,IL,2015,NONE,VAN/MINI-VAN,OTHER,N,STRAIGHT AHEAD,,,1,,,,,,,,,Y,,,,,,Y,Y,,REAR-RIGHT-CORNER,,,,,,,,,,,,,,,,,,,,,,,,,,,,,,,,,
2137318,96dd1bd80e069e132084e50cc192830432f990fb33ea37868b8689e1d14794330d398ca6008b471999478a97da9d4dcc6ded5452bef054290d74858c5b42a078,08/26/2025 07:45:00 AM,1,DRIVER,,2037444,,HONDA,CR-V,IL,2022,NONE,PASSENGER,PERSONAL,S,STRAIGHT AHEAD,,,1,,,,,Y,,,,,,,,,,Y,Y,,FRONT,,,,,,,,,,,,,,,,,,,,,,,,,,,,,,,,,
2137319,96dd1bd80e069e132084e50cc192830432f990fb33ea37868b8689e1d14794330d398ca6008b471999478a97da9d4dcc6ded5452bef054290d74858c5b42a078,08/26/2025 07:45:00 AM,2,DRIVER,,2037450,,NISSAN,MURANO,IL,2020,NONE,PASSENGER,PERSONAL,S,STRAIGHT AHEAD,,,1,,,,,,,,,Y,Y,Y,,,,,,,REAR,,,,,,,,,,,,,,,,,,,,,,,,,,,,,,,,,
2136933,bca2f652fa7ec9bc26c119cbb2f782cdbd3e3001ba822e97abbc0428f67f2d6a650c03f3ebe2fd03566704bb483946fb62abd5a3579a037bf8e211f6c7b0aab3,08/26/2025 07:45:00 AM,1,DRIVER,1,2037093,,KIA,OPTIMA / K5,IL,2013,UNKNOWN,PASSENGER,UNKNOWN/NA,E,SLOW/STOP IN TRAFFIC,,,2,,,,,,,,,,N,,,,,,Y,,FRONT,,,,,,,,,,,,,,,,,,,,,,,,,,,,,,,,,
2136934,bca2f652fa7ec9bc26c119cbb2f782cdbd3e3001ba822e97abbc0428f67f2d6a650c03f3ebe2fd03566704bb483946fb62abd5a3579a037bf8e211f6c7b0aab3,08/26/2025 07:45:00 AM,2,DRIVER,1,2037099,,SUBARU,OUTBACK,IL,2020,NONE,PASSENGER,PERSONAL,E,SLOW/STOP IN TRAFFIC,,,2,,,,,,,,,,Y,,,,,,,,REAR,,,,,,,,,,,,,,,,,,,,,,,,,,,,,,,,,
2136953,da04fa19d7a3675e35c6127d9b7b023c605a0986d2e79841ffd556fe9916956fd15a255c5f84dcc99a40f2830c391a3e38f1f836181e4180825e6f73c446d605,08/26/2025 07:45:00 AM,1,DRIVER,,2037109,,UNKNOWN,OTHER (EXPLAIN IN NARRATIVE),OK,,OTHER,TRACTOR W/ SEMI-TRAILER,UNKNOWN/NA,N,TURNING LEFT,,,1,,,,,,,,,,,,,,,,,Y,UNKNOWN,,,,,,,,,,,,,,,,,,,,,,,,,,,,,,,,,
2136954,da04fa19d7a3675e35c6127d9b7b023c605a0986d2e79841ffd556fe9916956fd15a255c5f84dcc99a40f2830c391a3e38f1f836181e4180825e6f73c446d605,08/26/2025 07:45:00 AM,2,DRIVER,,2037113,,TESLA,OTHER (EXPLAIN IN NARRATIVE),IL,2023,NONE,PASSENGER,PERSONAL,E,SLOW/STOP IN TRAFFIC,,,1,,,,,,,,,,,,,,,,Y,,FRONT,,,,,,,,,,,,,,,,,,,,,,,,,,,,,,,,,
2136907,e42d20077013eb51c0af40b56cd1d157d5cdf8adaedfb50232d29723a5a44eaea3473669527fdac4141d1d2253f5341990b65c49e1839ad18ab774d452624676,08/26/2025 07:45:00 AM,1,DRIVER,,2037067,,TOYOTA,CAMRY,IL,2022,UNKNOWN,PASSENGER,PERSONAL,W,STRAIGHT AHEAD,,,1,,,,,N,Y,Y,Y,,,,,,,,,,SIDE-RIGHT,,,,,,,,,,,,,,,,,,,,,,,,,,,,,,,,,
2136908,e42d20077013eb51c0af40b56cd1d157d5cdf8adaedfb50232d29723a5a44eaea3473669527fdac4141d1d2253f5341990b65c49e1839ad18ab774d452624676,08/26/2025 07:45:00 AM,2,DRIVER,3,2037100,,CADILLAC,SRX,IL,2010,UNKNOWN,SPORT UTILITY VEHICLE (SUV),PERSONAL,N,TURNING LEFT,,,4,,,,,Y,Y,,,,,,,,,,,,FRONT-RIGHT-CORNER,,,,,,,,,,,,,,,,,,,,,,,,,,,,,,,,,
2137104,79902f2dfbf1255ac625fbf5564c4a53d501dfd8fd0df143ed1ee8249ddf2315c23df86414baffebfcea22f0f01331d1a670092988f7723aa989498e2cab5656,08/26/2025 07:43:00 AM,1,DRIVER,,2037247,,NISSAN,KICKS,IL,2023,NONE,PASSENGER,PERSONAL,S,STRAIGHT AHEAD,,,1,,,,,,Y,Y,Y,,,N,N,N,,,,,SIDE-RIGHT,,,,,,,,,,,,,,,,,,,,,,,,,,,,,,,,,
2137105,79902f2dfbf1255ac625fbf5564c4a53d501dfd8fd0df143ed1ee8249ddf2315c23df86414baffebfcea22f0f01331d1a670092988f7723aa989498e2cab5656,08/26/2025 07:43:00 AM,2,DRIVER,,2037250,,HONDA,ACCORD,IL,2025,NONE,PASSENGER,PERSONAL,S,STRAIGHT AHEAD,,,1,,,,,,,,,,,Y,Y,Y,Y,,,,SIDE-LEFT,,,,,,,,,,,,,,,,,,,,,,,,,,,,,,,,,
2136867,4491c06b145d2826b2e9dad56e66ad2ce907065f59e92f7eed12371fe1d6724b1968ce15a141b593222089fcdaf5b8d03c87db20d573423900a4463fe803461d,08/26/2025 07:42:00 AM,1,DRIVER,,2037028,,JEEP,PATRIOT,IL,2014,NONE,PASSENGER,PERSONAL,E,OTHER,,,1,,,,,,,,,,,,,Y,Y,Y,Y,,FRONT-LEFT-CORNER,,,,,,,,,,,,,,,,,,,,,,,,,,,,,,,,,
2136868,4491c06b145d2826b2e9dad56e66ad2ce907065f59e92f7eed12371fe1d6724b1968ce15a141b593222089fcdaf5b8d03c87db20d573423900a4463fe803461d,08/26/2025 07:42:00 AM,2,DRIVER,,2037034,,TOYOTA,CAMRY,IL,2016,NONE,PASSENGER,PERSONAL,S,STRAIGHT AHEAD,,,1,,,,,Y,Y,Y,Y,,,,,,,,,,SIDE-RIGHT,,,,,,,,,,,,,,,,,,,,,,,,,,,,,,,,,
2137621,00b96ec0e2e4dc5baf66ec6b61afcd6e07ae72a4413ba4d7e2a44628354f81984913e80fa0371e70b60b18aeb9260ab3a069e2f3e965be8d23ad10c1f12a4a1e,08/26/2025 07:40:00 AM,1,DRIVER,,2037758,,NISSAN,ALTIMA,IL,2017,NONE,PASSENGER,PERSONAL,W,MERGING,,,1,,,,,,,,,,,,,,Y,,,,SIDE-LEFT,,,,,,,,,,,,,,,,,,,,,,,,,,,,,,,,,
2137622,00b96ec0e2e4dc5baf66ec6b61afcd6e07ae72a4413ba4d7e2a44628354f81984913e80fa0371e70b60b18aeb9260ab3a069e2f3e965be8d23ad10c1f12a4a1e,08/26/2025 07:40:00 AM,2,DRIVER,,2037763,,TOYOTA,HIGHLANDER,IL,2005,NONE,PASSENGER,NOT IN USE,W,STRAIGHT AHEAD,,,1,,,,,,,Y,Y,,,,,,,,,,SIDE-RIGHT,,,,,,,,,,,,,,,,,,,,,,,,,,,,,,,,,
2136939,1188025b34f16cac8679e8a1be4d4aaa7802b30dc2d0ce99eddfb23e8ce583addfe5498d698e162478a282bb77ad91dcf4234fcfba94270f7a2cfc95fcabad78,08/26/2025 07:40:00 AM,1,DRIVER,,2037103,,FORD,OTHER (EXPLAIN IN NARRATIVE),IL,2012,NONE,PASSENGER,PERSONAL,E,MERGING,,,1,,,,,,,,,,,,,,,,,Y,UNKNOWN,,,,,,,,,,,,,,,,,,,,,,,,,,,,,,,,,
2136940,1188025b34f16cac8679e8a1be4d4aaa7802b30dc2d0ce99eddfb23e8ce583addfe5498d698e162478a282bb77ad91dcf4234fcfba94270f7a2cfc95fcabad78,08/26/2025 07:40:00 AM,2,DRIVER,,2037123,,FORD,MUSTANG,IL,2018,NONE,PASSENGER,PERSONAL,E,STRAIGHT AHEAD,,,1,,,,,,,,,,,,,Y,Y,,,,SIDE-LEFT,,,,,,,,,,,,,,,,,,,,,,,,,,,,,,,,,
2136879,66531dda447715842b69c3ac6d221548babf6885ec8d40e0c6288d164f5e4dda5e33166f6db015d09d0f06555067c129cf0e5d4aff2fe658572df88af3435dc2,08/26/2025 07:40:00 AM,1,DRIVER,,2037039,,TOYOTA,HIGHLANDER,IL,2005,UNKNOWN,PASSENGER,PERSONAL,W,CHANGING LANES,,,1,,,,,Y,Y,Y,,,,,,,,,,,SIDE-RIGHT,,,,,,,,,,,,,,,,,,,,,,,,,,,,,,,,,
2136880,66531dda447715842b69c3ac6d221548babf6885ec8d40e0c6288d164f5e4dda5e33166f6db015d09d0f06555067c129cf0e5d4aff2fe658572df88af3435dc2,08/26/2025 07:40:00 AM,2,DRIVER,,2037049,,NISSAN,MAXIMA,IL,2017,UNKNOWN,PASSENGER,PERSONAL,W,CHANGING LANES,,,1,,,,,,,,,,,,,,Y,,,,SIDE-LEFT,,,,,,,,,,,,,,,,,,,,,,,,,,,,,,,,,
2136865,e56503f3d4bcea61ce517cdd1439bb4ee2f9ffebfc57530d456e7bab56681ae2e40b0702d8b401510eaae2de51b0c8bf56022d8a8de98f5e369b4583d8b878a5,08/26/2025 07:40:00 AM,1,DRIVER,,2037026,,NISSAN,ROGUE,IL,2020,UNKNOWN,PASSENGER,PERSONAL,SW,TURNING LEFT,,,1,,,,,Y,Y,,,,,,,,,,Y,,FRONT-RIGHT-CORNER,,,,,,,,,,,,,,,,,,,,,,,,,,,,,,,,,
2136866,e56503f3d4bcea61ce517cdd1439bb4ee2f9ffebfc57530d456e7bab56681ae2e40b0702d8b401510eaae2de51b0c8bf56022d8a8de98f5e369b4583d8b878a5,08/26/2025 07:40:00 AM,2,DRIVER,2,2037031,,CHEVROLET,EQUINOX,IL,2020,NONE,PASSENGER,PERSONAL,S,STRAIGHT AHEAD,,,3,,,,,,,,,,,,,N,Y,Y,,,FRONT-LEFT-CORNER,,,,,,,,,,,,,,,,,,,,,,,,,,,,,,,,,
2136903,6fe2f4258f2a2018af7e74e24d2824c39202dcca49314f82d9f31bc57a3df57af266ee9899e088046f9c61890b1dd6c41452a2b0e2f9a6c01e1efb0aa258937b,08/26/2025 07:35:00 AM,1,DRIVER,,2037068,,CHEVROLET,OTHER (EXPLAIN IN NARRATIVE),IL,2025,UNKNOWN,PASSENGER,UNKNOWN/NA,W,STRAIGHT AHEAD,,,1,,,,,,,,,,,,,,,,Y,,FRONT,,,,,,,,,,,,,,,,,,,,,,,,,,,,,,,,,
2136891,0aca8925e666150cfff09589dd2d62166530be1fbc39ea0888a089278f5d85d9e19f927ac54b58a2dd5a3a8036b044ff99585564fa29cf5d66534f4f18118722,08/26/2025 07:30:00 AM,1,DRIVER,,2037046,,NISSAN,OTHER (EXPLAIN IN NARRATIVE),IL,,UNKNOWN,UNKNOWN/NA,UNKNOWN/NA,W,TURNING RIGHT,,,1,,,,,,,,,,,,,,,,,Y,UNKNOWN,,,,,,,,,,,,,,,,,,,,,,,,,,,,,,,,,
2136892,0aca8925e666150cfff09589dd2d62166530be1fbc39ea0888a089278f5d85d9e19f927ac54b58a2dd5a3a8036b044ff99585564fa29cf5d66534f4f18118722,08/26/2025 07:30:00 AM,2,DRIVER,,2037054,,KIA,SELTOS,,2021,NONE,PASSENGER,PERSONAL,N,SLOW/STOP IN TRAFFIC,,,1,,,,,,,,,,,Y,,,,,,,REAR-LEFT-CORNER,,,,,,,,,,,,,,,,,,,,,,,,,,,,,,,,,
2136901,141d0408accb570476d17ec121b42382fe1e5f4f1411e5bd005748c971599525638d6f25f30bf552c1c37cd9af2ec3be75bce12cf46ba45f13cf7c0ab03b321d,08/26/2025 07:30:00 AM,2,DRIVER,,2037069,,NISSAN,VERSA,IL,2011,NONE,PASSENGER,PERSONAL,S,STRAIGHT AHEAD,,,1,,,,,,Y,,,,,,,,,,,,SIDE-RIGHT-FRONT,,,,,,,,,,,,,,,,,,,,,,,,,,,,,,,,,
2136902,141d0408accb570476d17ec121b42382fe1e5f4f1411e5bd005748c971599525638d6f25f30bf552c1c37cd9af2ec3be75bce12cf46ba45f13cf7c0ab03b321d,08/26/2025 07:30:00 AM,1,DRIVER,,2037089,,FORD,ESCAPE,IL,2019,NONE,PASSENGER,PERSONAL,E,TURNING RIGHT,,,1,,,,,,,,,,,,,,,Y,,,FRONT-LEFT-CORNER,,,,,,,,,,,,,,,,,,,,,,,,,,,,,,,,,
2136911,1cbf1662ad355ec385e3bf0624b06cb745a5661953aeeae0d07a892c67ca4e83646fffffeae4d633e9f2c0b42c9f5d33c6c736f430a847cb9da11fb5b173d6c8,08/26/2025 07:30:00 AM,1,DRIVER,,2037073,,KIA,SOUL,IL,2010,NONE,PASSENGER,PERSONAL,E,STRAIGHT AHEAD,,,1,,,,,,,,,,,,Y,Y,Y,Y,,,SIDE-LEFT,,,,,,,,,,,,,,,,,,,,,,,,,,,,,,,,,
2136912,1cbf1662ad355ec385e3bf0624b06cb745a5661953aeeae0d07a892c67ca4e83646fffffeae4d633e9f2c0b42c9f5d33c6c736f430a847cb9da11fb5b173d6c8,08/26/2025 07:30:00 AM,2,DRIVER,,2037086,,CHEVROLET,VAN,IL,2012,NONE,PASSENGER,CONSTRUCTION/MAINTENANCE,S,STRAIGHT AHEAD,,,1,,,,,Y,,,,,,,,,,,,,FRONT-RIGHT-CORNER,,,,,,,,,,,,,,,,,,,,,,,,,,,,,,,,,
2136881,24b5fd059cb22970a1ea877f96a2e0230e2dd7bbb5fe2e7d358a8d498cab69322abf46184a3bbf74100242d90096a36334fd5840fcdeb92fd76b964acb2ac352,08/26/2025 07:30:00 AM,1,DRIVER,,2037041,,MERCEDES-BENZ,GLE,IL,2016,UNKNOWN,PASSENGER,UNKNOWN/NA,S,STRAIGHT AHEAD,,,1,,,,,,,,,,,,,,,,Y,,FRONT,,,,,,,,,,,,,,,,,,,,,,,,,,,,,,,,,
2136882,24b5fd059cb22970a1ea877f96a2e0230e2dd7bbb5fe2e7d358a8d498cab69322abf46184a3bbf74100242d90096a36334fd5840fcdeb92fd76b964acb2ac352,08/26/2025 07:30:00 AM,2,DRIVER,,2037048,,CHEVROLET,EQUINOX,IL,2023,NONE,PASSENGER,PERSONAL,S,STRAIGHT AHEAD,,,1,,,,,,,,,,Y,,,,,,,,REAR,,,,,,,,,,,,,,,,,,,,,,,,,,,,,,,,,
2136848,bff91985dc8bcd819e9090266b3acdddb12157e363a5308105c6b9bb5c0d3044a270675fb4d61b05434783679626eef5dc79f1123275a9c64151a225bd9f5059,08/26/2025 07:30:00 AM,1,DRIVER,,2037013,,HYUNDAI,ELANTRA,,2011,NONE,PASSENGER,PERSONAL,E,ENTER FROM DRIVE/ALLEY,,,1,,,,,Y,,,,,,,,,,Y,Y,,FRONT,,,,,,,,,,,,,,,,,,,,,,,,,,,,,,,,,
2136849,bff91985dc8bcd819e9090266b3acdddb12157e363a5308105c6b9bb5c0d3044a270675fb4d61b05434783679626eef5dc79f1123275a9c64151a225bd9f5059,08/26/2025 07:30:00 AM,2,DRIVER,,2037015,,SUBARU,FORESTER,IL,2014,NONE,PASSENGER,PERSONAL,N,STRAIGHT AHEAD,,,1,,,,,,,,,,,,Y,Y,,,,,SIDE-LEFT,,,,,,,,,,,,,,,,,,,,,,,,,,,,,,,,,
2137578,f4ed43cd44a2cfb237c9af3ef4c4764cbe049ec33ca6233ff153378b0edcfe5c3a08fd56f7cf4e8a0c57260478a6222daf67e25a217af0a5f3af864bd21f280b,08/26/2025 07:30:00 AM,1,DRIVER,,2037707,,TOYOTA,OTHER (EXPLAIN IN NARRATIVE),IL,2011,NONE,PASSENGER,PERSONAL,SE,U-TURN,,,1,,,,,,,,,,,,,,,,Y,,FRONT,,,,,,,,,,,,,,,,,,,,,,,,,,,,,,,,,
2137579,f4ed43cd44a2cfb237c9af3ef4c4764cbe049ec33ca6233ff153378b0edcfe5c3a08fd56f7cf4e8a0c57260478a6222daf67e25a217af0a5f3af864bd21f280b,08/26/2025 07:30:00 AM,2,DRIVER,,2037722,,INFINITI,QX50,IL,2024,NONE,SPORT UTILITY VEHICLE (SUV),PERSONAL,N,STRAIGHT AHEAD,,,1,,,,,,,,,,,,Y,Y,,,,,SIDE-LEFT,,,,,,,,,,,,,,,,,,,,,,,,,,,,,,,,,
2136869,5ad8a42baeff66558a55a4faf0cba215638d96535eceb9eefd5e4cf09aab49f5c9465c1fa4e8b9fbdba9981c2646a5f17de83550e424d575f9a9711ec0169f0b,08/26/2025 07:28:00 AM,1,DRIVER,,2037040,,FREIGHTLINER CORPORATION,OTHER (EXPLAIN IN NARRATIVE),TN,2021,UNKNOWN,TRACTOR W/ SEMI-TRAILER,COMMERCIAL - SINGLE UNIT,W,STRAIGHT AHEAD,,,1,,,,Y,,,,,,,,,,,,,,SIDE-RIGHT-FRONT,,,,,,,,,,,,,,,,,,,,,,,,,,,,,,,,,
2136870,5ad8a42baeff66558a55a4faf0cba215638d96535eceb9eefd5e4cf09aab49f5c9465c1fa4e8b9fbdba9981c2646a5f17de83550e424d575f9a9711ec0169f0b,08/26/2025 07:28:00 AM,2,PARKED,5,2037055,,BLUE BIRD BODY COMPANY,BLUE BIRD BODY CO.,IL,2014,NONE,BUS OVER 15 PASS.,SCHOOL BUS,W,PARKED,,,5,,,,,,,,,,,,,,,Y,,,FRONT-LEFT-CORNER,,,,,,,,,,,,,,,,,,,,,,,,,,,,,,,,,
2137060,69618bea78c1793bf238fec00dc110e4146e69a7f738df31770c952e3ad6099081d5a6c090527dfa19e323552c478732b94f7e88fe3925abb2d0751f37fa441f,08/26/2025 07:28:00 AM,1,DRIVER,,2037257,,CHEVROLET,TRAIL BLAZER,IL,2025,UNKNOWN,PASSENGER,PERSONAL,W,STRAIGHT AHEAD,,,1,,,,Y,,,,,,,,,,,,,,UNKNOWN,,,,,,,,,,,,,,,,,,,,,,,,,,,,,,,,,
2137061,69618bea78c1793bf238fec00dc110e4146e69a7f738df31770c952e3ad6099081d5a6c090527dfa19e323552c478732b94f7e88fe3925abb2d0751f37fa441f,08/26/2025 07:28:00 AM,2,NON-MOTOR VEHICLE,,,,,,,,,,,,,,,,,,,,,,,,,,,,,,,,,,,,,,,,,,,,,,,,,,,,,,,,,,,,,,,,,,
2136905,150f4ccf7573cc8bd7422bdfcf7a4d47194c49ebc98d5e7f471ffa3e638e78e221968b9dd1ba58a05c46445223caf0ba7b00026a40e71aa438cd92e77447192c,08/26/2025 07:23:00 AM,1,DRIVER,,2037064,,KIA,SOUL,IL,2024,UNKNOWN,PASSENGER,PERSONAL,E,TURNING LEFT,,,1,,,,,Y,Y,Y,Y,,,,,,,,,,SIDE-RIGHT,,,,,,,,,,,,,,,,,,,,,,,,,,,,,,,,,
2136906,150f4ccf7573cc8bd7422bdfcf7a4d47194c49ebc98d5e7f471ffa3e638e78e221968b9dd1ba58a05c46445223caf0ba7b00026a40e71aa438cd92e77447192c,08/26/2025 07:23:00 AM,2,DRIVER,,2037071,,YAMAHA,YAMAHA,IL,2020,UNKNOWN,MOTORCYCLE (OVER 150CC),PERSONAL,W,STRAIGHT AHEAD,,,1,,,,,Y,Y,,,,,,,,,,,,FRONT-RIGHT-CORNER,,,,,,,,,,,,,,,,,,,,,,,,,,,,,,,,,
2136915,2e98c916587bd8dc77948ad4ce63a3010bb34639bcb289fd12bc8368610a71c8d29d5b8adaa995262b9afbbff6bdb9293727a425c55ef70ae143fbf025b548d4,08/26/2025 07:21:00 AM,1,DRIVER,1,2037082,,FORD,EDGE,IL,2019,NONE,PASSENGER,PERSONAL,S,TURNING LEFT,Y,,2,,personal,unk,,,,,Y,Y,Y,,,,,,,,REAR-RIGHT-CORNER,,,,,,,,,,,,,,,,,,,,,,,,,,,,,,,,,
2136916,2e98c916587bd8dc77948ad4ce63a3010bb34639bcb289fd12bc8368610a71c8d29d5b8adaa995262b9afbbff6bdb9293727a425c55ef70ae143fbf025b548d4,08/26/2025 07:21:00 AM,2,DRIVER,,2037091,,HONDA,ACCORD,IL,2005,NONE,PASSENGER,PERSONAL,N,STRAIGHT AHEAD,,,1,,,,,Y,,,Y,Y,,,,,,,,,FRONT-RIGHT-CORNER,,,,,,,,,,,,,,,,,,,,,,,,,,,,,,,,,
2136955,d626b8638f228da50275887e75f3f50ec1958a3d70eac613831ee2ade5fc352258c1c234326c3b0243ec753329e174c5756b46ea96227540eed6a0f94da37720,08/26/2025 07:21:00 AM,1,DRIVER,3,2037117,,KIA,SPORTAGE,IL,2023,UNKNOWN,PASSENGER,PERSONAL,W,STRAIGHT AHEAD,Y,,4,,PRIVATE TOW,,,Y,,,,,,,Y,Y,Y,Y,Y,,OTHER,,,,,,,,,,,,,,,,,,,,,,,,,,,,,,,,,
2136956,d626b8638f228da50275887e75f3f50ec1958a3d70eac613831ee2ade5fc352258c1c234326c3b0243ec753329e174c5756b46ea96227540eed6a0f94da37720,08/26/2025 07:21:00 AM,2,DRIVER,,2037145,,HYUNDAI,ELANTRA,IL,2017,UNKNOWN,PASSENGER,PERSONAL,N,STRAIGHT AHEAD,Y,,1,,PRIVATE TOW,,,Y,,,,,,,,,,Y,Y,,FRONT,,,,,,,,,,,,,,,,,,,,,,,,,,,,,,,,,