CRASH_UNIT_ID,CRASH_RECORD_ID,CRASH_DATE,UNIT_NO,UNIT_TYPE,NUM_PASSENGERS,VEHICLE_ID,CMRC_VEH_I,MAKE,MODEL,LIC_PLATE_STATE,VEHICLE_YEAR,VEHICLE_DEFECT,VEHICLE_TYPE,VEHICLE_USE,TRAVEL_DIRECTION,MANEUVER,TOWED_I,FIRE_I,OCCUPANT_CNT,EXCEED_SPEED_LIMIT_I,TOWED_BY,TOWED_TO,AREA_00_I,AREA_01_I,AREA_02_I,AREA_03_I,AREA_04_I,AREA_05_I,AREA_06_I,AREA_07_I,AREA_08_I,AREA_09_I,AREA_10_I,AREA_11_I,AREA_12_I,AREA_99_I,FIRST_CONTACT_POINT,CMV_ID,USDOT_NO,CCMC_NO,ILCC_NO,COMMERCIAL_SRC,GVWR,CARRIER_NAME,CARRIER_STATE,CARRIER_CITY,HAZMAT_PLACARDS_I,HAZMAT_NAME,UN_NO,HAZMAT_PRESENT_I,HAZMAT_REPORT_I,HAZMAT_REPORT_NO,MCS_REPORT_I,MCS_REPORT_NO,HAZMAT_VIO_CAUSE_CRASH_I,MCS_VIO_CAUSE_CRASH_I,IDOT_PERMIT_NO,WIDE_LOAD_I,TRAILER1_WIDTH,TRAILER2_WIDTH,TRAILER1_LENGTH,TRAILER2_LENGTH,TOTAL_VEHICLE_LENGTH,AXLE_CNT,VEHICLE_CONFIG,CARGO_BODY_TYPE,LOAD_TYPE,HAZMAT_OUT_OF_SERVICE_I,MCS_OUT_OF_SERVICE_I,HAZMAT_CLASS
2136965,ea8dd441391127a38eb32bf2c38cd41ae623689d95bc798e87ba358cb288203a5c3834cdda5871c0639fb89b8adce5e8e86d6dc98a677cb0e762736c85ef8fba,08/26/2025 07:20:00 AM,1,DRIVER,1,2037115,,NISSAN,ALTIMA,IL,2207,NONE,PASSENGER,PERSONAL,E,CHANGING LANES,,,2,,,,,,,,,,,Y,Y,,,,,,SIDE-LEFT-REAR,,,,,,,,,,,,,,,,,,,,,,,,,,,,,,,,,
2136966,ea8dd441391127a38eb32bf2c38cd41ae623689d95bc798e87ba358cb288203a5c3834cdda5871c0639fb89b8adce5e8e86d6dc98a677cb0e762736c85ef8fba,08/26/2025 07:20:00 AM,2,DRIVER,1,2037122,,FREIGHTLINER CORPORATION,FREIGHTLINER CORP.,IL,2016,NONE,BUS OVER 15 PASS.,SCHOOL BUS,E,STRAIGHT AHEAD,,,2,,,,,N,Y,,,,,,,,,,,,FRONT-RIGHT-CORNER,,,,,,,,,,,,,,,,,,,,,,,,,,,,,,,,,
2137585,e85f427a9362060e64b8fc5651d9370f7d465904d27201f4728221c8a82943217c1bdbdfd056a3c387d6e577fee8cd1af459c8c441cd0e5cf904ac5e04d32092,08/26/2025 07:18:00 AM,1,DRIVER,,2037711,,LEXUS,RX,IL,2017,NONE,SPORT UTILITY VEHICLE (SUV),PERSONAL,E,STRAIGHT AHEAD,,,1,,,,,,,,,,,,,,,Y,Y,,FRONT,,,,,,,,,,,,,,,,,,,,,,,,,,,,,,,,,
2137586,e85f427a9362060e64b8fc5651d9370f7d465904d27201f4728221c8a82943217c1bdbdfd056a3c387d6e577fee8cd1af459c8c441cd0e5cf904ac5e04d32092,08/26/2025 07:18:00 AM,2,DRIVER,,2037716,,LEXUS,IS350,IL,2021,NONE,PASSENGER,PERSONAL,E,STRAIGHT AHEAD,,,1,,,,,,,,,,Y,,,,,,,,REAR,,,,,,,,,,,,,,,,,,,,,,,,,,,,,,,,,
2136893,0eeec463fef4c9da3cc3387da136a2e4a4bd06fe455032ae620df39c9b9e96ea838006b20d8476a41e3302a29271e2c79e82dae3f8291ca281e2a545351625ff,08/26/2025 07:15:00 AM,1,DRIVER,1,2037050,,HONDA,ODYSSEY,IL,,NONE,VAN/MINI-VAN,PERSONAL,E,STRAIGHT AHEAD,Y,,2,,pending,pending,,,,,,,,Y,Y,Y,,,,,SIDE-LEFT,,,,,,,,,,,,,,,,,,,,,,,,,,,,,,,,,
2136894,0eeec463fef4c9da3cc3387da136a2e4a4bd06fe455032ae620df39c9b9e96ea838006b20d8476a41e3302a29271e2c79e82dae3f8291ca281e2a545351625ff,08/26/2025 07:15:00 AM,2,DRIVER,,2037056,,HYUNDAI,ELANTRA,IL,,NONE,PASSENGER,PERSONAL,S,STRAIGHT AHEAD,,,1,,,,,Y,,,,,,,,,,,Y,,FRONT,,,,,,,,,,,,,,,,,,,,,,,,,,,,,,,,,
2136889,3c9da90b253b50272cb89c3ddabc260db3c695cf2b56abb1fd18720422101375a7a00b7f8603664f6dceac14352a0e06985c157c4bda4a1f728cd70a035a4ed2,08/26/2025 07:15:00 AM,1,DRIVER,,2037060,Y,FREIGHTLINER CORPORATION,OTHER (EXPLAIN IN NARRATIVE),IN,2022,NONE,TRACTOR W/O SEMI-TRAILER,OTHER,N,TURNING RIGHT,,,1,,,,,,,Y,Y,Y,,,,,,,,,SIDE-RIGHT-REAR,"22,076",80806,,,DRIVER,3,JB HUNT TRANSPORT INC,IN,NOBLESVILLE,,,,N,N,,N,,N,N,,,,,,,,,TRUCK/TRACTOR,,,N,N,
2136890,3c9da90b253b50272cb89c3ddabc260db3c695cf2b56abb1fd18720422101375a7a00b7f8603664f6dceac14352a0e06985c157c4bda4a1f728cd70a035a4ed2,08/26/2025 07:15:00 AM,2,DRIVER,,2037075,,HYUNDAI,ELANTRA,IL,2021,NONE,PASSENGER,PERSONAL,N,STRAIGHT AHEAD,,,1,,,,,,,,,,,Y,Y,Y,Y,Y,,,SIDE-LEFT-FRONT,,,,,,,,,,,,,,,,,,,,,,,,,,,,,,,,,
2137027,c3412680de9e847ef0b8d03b8130a2b8fcf9fdcd441b956d9dc278b587ddaf7b42bba4d4f89737c45460f0b48b185b4fe5243514d1719dda4c058ecc58709981,08/26/2025 07:15:00 AM,1,DRIVER,,2037173,,MERCEDES-BENZ,GLC,IL,2021,UNKNOWN,SPORT UTILITY VEHICLE (SUV),PERSONAL,E,STARTING IN TRAFFIC,,,1,,,,,Y,,,,,,,,,,Y,Y,,FRONT,,,,,,,,,,,,,,,,,,,,,,,,,,,,,,,,,
2137028,c3412680de9e847ef0b8d03b8130a2b8fcf9fdcd441b956d9dc278b587ddaf7b42bba4d4f89737c45460f0b48b185b4fe5243514d1719dda4c058ecc58709981,08/26/2025 07:15:00 AM,2,DRIVER,,2037182,,TOYOTA,CAMRY,IL,2009,NONE,PASSENGER,PERSONAL,E,STARTING IN TRAFFIC,,,1,,,,,,,,,Y,Y,Y,,,,,,,REAR,,,,,,,,,,,,,,,,,,,,,,,,,,,,,,,,,
2137618,ac7bb10496e656c3958e12138bf553e7fa37f6fe2955e27271a8fa4a7d1aae41e07450430868294f1b793cad7c13b84e0d1d0dcef52d540638035d574b9d363b,08/26/2025 07:14:00 AM,1,DRIVER,,2037748,,FORD,TAURUS,IL,2015,UNKNOWN,PASSENGER,PERSONAL,E,STRAIGHT AHEAD,,,1,,,,,,,,,,,,,,,,,Y,UNKNOWN,,,,,,,,,,,,,,,,,,,,,,,,,,,,,,,,,
2137704,ac7bb10496e656c3958e12138bf553e7fa37f6fe2955e27271a8fa4a7d1aae41e07450430868294f1b793cad7c13b84e0d1d0dcef52d540638035d574b9d363b,08/26/2025 07:14:00 AM,2,PEDESTRIAN,,,,,,,,,,,,,,,,,,,,,,,,,,,,,,,,,,,,,,,,,,,,,,,,,,,,,,,,,,,,,,,,,,
2136851,210766d7b8d48706f74314b2d8f182ea443472e44886ea81ee49b5f2d9b1b1b91a0a1aff18d3c31991c1a819ab310bc2ac6b64ef0b59897bb14ce663d523ec1c,08/26/2025 07:09:00 AM,1,DRIVER,,2037018,,CHEVROLET,EQUINOX,IL,2019,UNKNOWN,SPORT UTILITY VEHICLE (SUV),PERSONAL,W,STRAIGHT AHEAD,,,1,,,,,,,,,,,,,,,,Y,,FRONT,,,,,,,,,,,,,,,,,,,,,,,,,,,,,,,,,
2136852,210766d7b8d48706f74314b2d8f182ea443472e44886ea81ee49b5f2d9b1b1b91a0a1aff18d3c31991c1a819ab310bc2ac6b64ef0b59897bb14ce663d523ec1c,08/26/2025 07:09:00 AM,2,DRIVER,,2037021,,NISSAN,VERSA,IL,2017,NONE,PASSENGER,PERSONAL,W,STRAIGHT AHEAD,,,1,,,,,,,,,,Y,,,,,,,,REAR,,,,,,,,,,,,,,,,,,,,,,,,,,,,,,,,,
2136853,557a68431e37e1cb2bcd387b18fb9616c7951f3836744109ec7a85ab86b047594043e38221aa5c6008ea48fee3055e2cd7ed7c888eb356609bec97f264f7e1dd,08/26/2025 07:05:00 AM,1,DRIVER,1,2037023,,FORD,TRANSIT,IL,2020,NONE,BUS UP TO 15 PASS.,OTHER,E,STRAIGHT AHEAD,,,2,,,,Y,,,,,,,,,,,,,,OTHER,,,,,,,,,,,,,,,,,,,,,,,,,,,,,,,,,
2136854,557a68431e37e1cb2bcd387b18fb9616c7951f3836744109ec7a85ab86b047594043e38221aa5c6008ea48fee3055e2cd7ed7c888eb356609bec97f264f7e1dd,08/26/2025 07:05:00 AM,2,DRIVER,,2037042,,UNKNOWN,OTHER (EXPLAIN IN NARRATIVE),IL,2023,NONE,BUS OVER 15 PASS.,SCHOOL BUS,E,STRAIGHT AHEAD,,,1,,,,Y,,,,,,,,,,,,,,OTHER,,,,,,,,,,,,,,,,,,,,,,,,,,,,,,,,,
2136995,2907141710518c4d57c1a9e69772727ccae57f3743e20870fd31d865e54442f31ec7a7b71f8c9354946d05e0150743d52cdc93edb73925d85f8c4e32a887807f,08/26/2025 07:00:00 AM,1,DRIVER,,2037146,,HONDA,OTHER (EXPLAIN IN NARRATIVE),IL,,UNKNOWN,PASSENGER,UNKNOWN/NA,E,STRAIGHT AHEAD,,,1,,,,,,,,,,,,,,,,Y,,FRONT,,,,,,,,,,,,,,,,,,,,,,,,,,,,,,,,,
2137026,2907141710518c4d57c1a9e69772727ccae57f3743e20870fd31d865e54442f31ec7a7b71f8c9354946d05e0150743d52cdc93edb73925d85f8c4e32a887807f,08/26/2025 07:00:00 AM,2,PEDESTRIAN,,,,,,,,,,,,,,,,,,,,,,,,,,,,,,,,,,,,,,,,,,,,,,,,,,,,,,,,,,,,,,,,,,
2136843,6ed01f76755206a3d5edda6becae586d62e8dd9a50267effe9caf04e5f580dc87074ded58e7bb21d29a1eeba8117e6b956fb1b33cfa8fca1c7701613c00efa93,08/26/2025 06:52:00 AM,1,DRIVER,,2037011,,ISUZU,TRUCK,IL,2018,NONE,TRUCK - SINGLE UNIT,COMMERCIAL - SINGLE UNIT,W,STRAIGHT AHEAD,,,1,,,,Y,,,,,,,,,,,,,,SIDE-RIGHT,,,,,,,,,,,,,,,,,,,,,,,,,,,,,,,,,
2136844,6ed01f76755206a3d5edda6becae586d62e8dd9a50267effe9caf04e5f580dc87074ded58e7bb21d29a1eeba8117e6b956fb1b33cfa8fca1c7701613c00efa93,08/26/2025 06:52:00 AM,2,DRIVER,,2037019,,FREIGHTLINER CORPORATION,FREIGHTLINER CORP.,IL,2022,NONE,TRACTOR W/ SEMI-TRAILER,COMMERCIAL - MULTI-UNIT,W,OTHER,,,1,,,,,,,,,,,,,,Y,,,,SIDE-LEFT,,,,,,,,,,,,,,,,,,,,,,,,,,,,,,,,,
2136845,6ed01f76755206a3d5edda6becae586d62e8dd9a50267effe9caf04e5f580dc87074ded58e7bb21d29a1eeba8117e6b956fb1b33cfa8fca1c7701613c00efa93,08/26/2025 06:52:00 AM,3,DRIVER,1,2037038,,FORD,VAN,IL,2023,NONE,VAN/MINI-VAN,OTHER,W,STRAIGHT AHEAD,,,2,,,,,,Y,,,,,,,,,,,,SIDE-RIGHT,,,,,,,,,,,,,,,,,,,,,,,,,,,,,,,,,
2137181,0cb760091bdcbb7a08012a0690c510a2d53c9236e17666549987f49f1ba98f15594ae5ea44861f0db7f1164bf08c90fcd86711f85c221a8eaafee540b692f31c,08/26/2025 06:50:00 AM,1,DRIVER,,2037325,,FORD,FOCUS,IL,2012,UNKNOWN,PASSENGER,PERSONAL,E,CHANGING LANES,,,1,,,,,,,,,,,,,,Y,Y,,,FRONT-LEFT-CORNER,,,,,,,,,,,,,,,,,,,,,,,,,,,,,,,,,
2137182,0cb760091bdcbb7a08012a0690c510a2d53c9236e17666549987f49f1ba98f15594ae5ea44861f0db7f1164bf08c90fcd86711f85c221a8eaafee540b692f31c,08/26/2025 06:50:00 AM,2,DRIVER,,2037328,,HYUNDAI,SANTA FE,IL,2020,UNKNOWN,SPORT UTILITY VEHICLE (SUV),PERSONAL,E,STRAIGHT AHEAD,,,1,,,,,Y,Y,,,,,,,,,,,,FRONT-RIGHT-CORNER,,,,,,,,,,,,,,,,,,,,,,,,,,,,,,,,,
2136887,aa81b44f59237054ffdbcccd6864f03b434e94d094a0c7f65fdcb5412e021cf17d779e3d7aabe184213434186a588e34692396861bb5b2605eac1f679cb36d49,08/26/2025 06:45:00 AM,1,DRIVER,,2037037,,UNKNOWN,OTHER (EXPLAIN IN NARRATIVE),,,UNKNOWN,UNKNOWN/NA,UNKNOWN/NA,UNKNOWN,UNKNOWN/NA,,,1,,,,,,,,,,,,,,,,,Y,UNKNOWN,,,,,,,,,,,,,,,,,,,,,,,,,,,,,,,,,
2136888,aa81b44f59237054ffdbcccd6864f03b434e94d094a0c7f65fdcb5412e021cf17d779e3d7aabe184213434186a588e34692396861bb5b2605eac1f679cb36d49,08/26/2025 06:45:00 AM,2,PARKED,,2037044,,FORD,TRANSIT,MO,2023,UNKNOWN,VAN/MINI-VAN,NOT IN USE,E,PARKED,,,0,,,,,,,,,,,,Y,Y,Y,,,,SIDE-LEFT,,,,,,,,,,,,,,,,,,,,,,,,,,,,,,,,,
2137368,ce70c3e4eba28fbfc5b0ec6de333843937e41af46afd42e57214c9f2505b4dcc2c392b21a63a2675ebdf665da80dc08cbba959b6d7a3d3c8ad0a505c2ad562d3,08/26/2025 06:30:00 AM,1,DRIVER,,2037496,,UNKNOWN,OTHER (EXPLAIN IN NARRATIVE),,,UNKNOWN,UNKNOWN/NA,UNKNOWN/NA,UNKNOWN,UNKNOWN/NA,,,1,,,,,,,,,,,,,,,,,Y,UNKNOWN,,,,,,,,,,,,,,,,,,,,,,,,,,,,,,,,,
2137369,ce70c3e4eba28fbfc5b0ec6de333843937e41af46afd42e57214c9f2505b4dcc2c392b21a63a2675ebdf665da80dc08cbba959b6d7a3d3c8ad0a505c2ad562d3,08/26/2025 06:30:00 AM,2,PARKED,,2037498,,TOYOTA,AVALON,IL,2015,UNKNOWN,UNKNOWN/NA,NOT IN USE,UNKNOWN,PARKED,,,0,,,,,Y,,,,,,,,,,Y,Y,,FRONT,,,,,,,,,,,,,,,,,,,,,,,,,,,,,,,,,
2136832,fff9f028f41841551a0316da6234926801a0f64490ef5e4ff13dbd090b243a398bac717740c60fd03e6c265c9edd1e9c007c530fb1e29d612f0ff2cea6c2067c,08/26/2025 06:04:00 AM,1,DRIVER,,2036999,,NISSAN,MURANO,IL,2018,NONE,PASSENGER,PERSONAL,N,TURNING LEFT,Y,,1,,CITY OF CHICAGO,701 N SACRAMENTO,,Y,Y,Y,,,,,,Y,Y,Y,Y,,FRONT,,,,,,,,,,,,,,,,,,,,,,,,,,,,,,,,,
2136833,fff9f028f41841551a0316da6234926801a0f64490ef5e4ff13dbd090b243a398bac717740c60fd03e6c265c9edd1e9c007c530fb1e29d612f0ff2cea6c2067c,08/26/2025 06:04:00 AM,2,DRIVER,,2037002,,CHEVROLET,SILVERADO,IL,2022,NONE,PASSENGER,PERSONAL,N,STRAIGHT AHEAD,Y,,1,,CITY OF CHICAGO,701 N SACRAMENTO,,Y,Y,,,,,,,,Y,Y,Y,,FRONT,,,,,,,,,,,,,,,,,,,,,,,,,,,,,,,,,
2137451,641619ba2a62739f6eb7d8090eced41ae274207ece654231af91cbe50e7441fbe6ae734f80e989f6d8551400e2d332fc779554c075419b3d63095f6d718c03f0,08/26/2025 06:00:00 AM,1,DRIVER,,2037582,,UNKNOWN,OTHER (EXPLAIN IN NARRATIVE),,,UNKNOWN,UNKNOWN/NA,UNKNOWN/NA,UNKNOWN,UNKNOWN/NA,,,1,,,,,,,,,,,,,,,,,Y,UNKNOWN,,,,,,,,,,,,,,,,,,,,,,,,,,,,,,,,,
2137452,641619ba2a62739f6eb7d8090eced41ae274207ece654231af91cbe50e7441fbe6ae734f80e989f6d8551400e2d332fc779554c075419b3d63095f6d718c03f0,08/26/2025 06:00:00 AM,2,PARKED,,2037586,,ACURA,RL,IL,2019,UNKNOWN,UNKNOWN/NA,UNKNOWN/NA,UNKNOWN,PARKED,,,0,,,,,Y,Y,,,,,,,,,,Y,,FRONT-LEFT-CORNER,,,,,,,,,,,,,,,,,,,,,,,,,,,,,,,,,
2136885,1ca830d56da152c87f54b8d6f4392ad515b8219a40f4c728685289f3ab6654753dc6e2299a1c68b894f0ee1c72869415cb8396052089e344a21d153badc2d839,08/26/2025 05:30:00 AM,1,DRIVER,,2037047,,NOVA BUS,OTHER (EXPLAIN IN NARRATIVE),IL,2014,UNKNOWN,BUS OVER 15 PASS.,CTA,SW,TURNING LEFT,,,1,,,,,,,,,,,,,,,N,,Y,FRONT-LEFT-CORNER,,,,,,,,,,,,,,,,,,,,,,,,,,,,,,,,,
2136886,1ca830d56da152c87f54b8d6f4392ad515b8219a40f4c728685289f3ab6654753dc6e2299a1c68b894f0ee1c72869415cb8396052089e344a21d153badc2d839,08/26/2025 05:30:00 AM,2,DRIVER,,2037059,,TOYOTA,RAV4,IL,2021,NONE,SPORT UTILITY VEHICLE (SUV),PERSONAL,W,STRAIGHT AHEAD,,,1,,,,,,,,Y,Y,,,,,,,,,REAR-RIGHT-CORNER,,,,,,,,,,,,,,,,,,,,,,,,,,,,,,,,,
2138929,6ecf7a88b03b409428d125c6e0287e099883a55950fcb6977782d655220c20ae053c06798b0b363febfe5040974ac8883866e4895915e68e0ac1f47486454f45,08/26/2025 05:21:00 AM,2,DRIVER,,2038969,,NISSAN,VERSA,IL,2012,UNKNOWN,PASSENGER,PERSONAL,W,STRAIGHT AHEAD,Y,,1,,PRIVATE TOW,UNKNOWN LOCATION,,Y,,,,,,,,,,Y,Y,,FRONT,,,,,,,,,,,,,,,,,,,,,,,,,,,,,,,,,
2138930,6ecf7a88b03b409428d125c6e0287e099883a55950fcb6977782d655220c20ae053c06798b0b363febfe5040974ac8883866e4895915e68e0ac1f47486454f45,08/26/2025 05:21:00 AM,1,DRIVER,,2038971,,BUICK,CENTURY,IL,1999,UNKNOWN,PASSENGER,PERSONAL,E,TURNING LEFT,Y,,1,,PRIVATE TOW BY OWNER,UNKNOWN,,N,N,N,N,N,,,,,,,,,SIDE-RIGHT,,,,,,,,,,,,,,,,,,,,,,,,,,,,,,,,,
2136837,bc07a84b80dfce780bd5ba2bbe4f6ce5f915bfa225acc0c17747a4425397ca08b1d1f5105de8d17dffa5836dc5eab72a4a357010b4ed994438fc05e4f798f8e2,08/26/2025 04:12:00 AM,1,DRIVER,,2037009,,CHEVROLET,VOLT,IL,2012,UNKNOWN,PASSENGER,UNKNOWN/NA,N,UNKNOWN/NA,,,1,,,,,,,,,,,,,,,,,Y,UNKNOWN,,,,,,,,,,,,,,,,,,,,,,,,,,,,,,,,,
2136838,bc07a84b80dfce780bd5ba2bbe4f6ce5f915bfa225acc0c17747a4425397ca08b1d1f5105de8d17dffa5836dc5eab72a4a357010b4ed994438fc05e4f798f8e2,08/26/2025 04:12:00 AM,2,DRIVER,,2037014,,MAZDA,MAZDA3,LA,2016,NONE,PASSENGER,PERSONAL,N,STRAIGHT AHEAD,,,1,,,,,,,,,,,,,Y,Y,,,,SIDE-LEFT-REAR,,,,,,,,,,,,,,,,,,,,,,,,,,,,,,,,,
2136824,35987dbfe439969c51219fae1b19e44088a777c14b04d209799e7008076439befe97923c475a8e737d0ca47925e199413ee98166792e7dc5b7f1e9bd9f3fa77e,08/26/2025 02:50:00 AM,1,DRIVER,,2036994,,JEEP,GRAND CHEROKEE,IL,2016,NONE,PASSENGER,PERSONAL,S,STRAIGHT AHEAD,,,1,,,,,Y,Y,,,,,,,,,,,,FRONT-RIGHT-CORNER,,,,,,,,,,,,,,,,,,,,,,,,,,,,,,,,,
2136825,35987dbfe439969c51219fae1b19e44088a777c14b04d209799e7008076439befe97923c475a8e737d0ca47925e199413ee98166792e7dc5b7f1e9bd9f3fa77e,08/26/2025 02:50:00 AM,2,DRIVER,,2036995,,CHRYSLER,OTHER (EXPLAIN IN NARRATIVE),IL,2025,NONE,VAN/MINI-VAN,PERSONAL,S,STRAIGHT AHEAD,,,1,,,,,,,,,,,,,,Y,Y,,,FRONT-LEFT-CORNER,,,,,,,,,,,,,,,,,,,,,,,,,,,,,,,,,
2137336,bfbb45a13279a6f437555aaaa969c01cc79bf642e87e80b99ff7813efeba0799f05254c70d7891b65bd7f71b62e5db902fb917a7e5344ee7296fa0e3963d6913,08/26/2025 02:15:00 AM,1,DRIVER,,2037490,,ACURA,RLX,IL,2018,UNKNOWN,SPORT UTILITY VEHICLE (SUV),UNKNOWN/NA,UNKNOWN,UNKNOWN/NA,,,1,,,,,,,,,,,,,,,,,Y,UNKNOWN,,,,,,,,,,,,,,,,,,,,,,,,,,,,,,,,,
2137337,bfbb45a13279a6f437555aaaa969c01cc79bf642e87e80b99ff7813efeba0799f05254c70d7891b65bd7f71b62e5db902fb917a7e5344ee7296fa0e3963d6913,08/26/2025 02:15:00 AM,2,PARKED,,2037471,,CHEVROLET,MALIBU,IL,2011,UNKNOWN,PASSENGER,PERSONAL,E,PARKED,Y,,0,,south loop auto,,,,,,,,,Y,,,,,,,REAR-LEFT-CORNER,,,,,,,,,,,,,,,,,,,,,,,,,,,,,,,,,
2137238,05458cd3c94430a438b3dbe68a3aafe8f284593c39eb53bed5331ec9d26e50ef28a45b8932f2b127ef99dfd952f3c3e8e1cb3b9d00cf9d754d1bfbadf73a78eb,08/26/2025 02:00:00 AM,1,DRIVER,,2037376,,UNKNOWN,MOTORIZED,,,UNKNOWN,UNKNOWN/NA,UNKNOWN/NA,UNKNOWN,UNKNOWN/NA,,,1,,,,,,,,,,,,,,,,,Y,UNKNOWN,,,,,,,,,,,,,,,,,,,,,,,,,,,,,,,,,
2137239,05458cd3c94430a438b3dbe68a3aafe8f284593c39eb53bed5331ec9d26e50ef28a45b8932f2b127ef99dfd952f3c3e8e1cb3b9d00cf9d754d1bfbadf73a78eb,08/26/2025 02:00:00 AM,2,PARKED,,2037380,,CHRYSLER,PACIFICA,IL,2007,NONE,PASSENGER,NOT IN USE,N,PARKED,,,0,,,,,Y,Y,,,,,,,,,,Y,,FRONT-RIGHT-CORNER,,,,,,,,,,,,,,,,,,,,,,,,,,,,,,,,,
2136814,c0ebe2c235ab9dcb400298c2c207c09ea71bcd89c9bce3ba6a4dc1b0d11fbfe2c5797e3219062253e0cb7cbda598545cc42b8ee7c74d9a5bf82643885a404503,08/26/2025 01:06:00 AM,1,DRIVER,1,2036983,,KIA,SORENTO,IL,2019,UNKNOWN,SPORT UTILITY VEHICLE (SUV),PERSONAL,E,STRAIGHT AHEAD,,,2,,,,,,,,,,,,,,Y,Y,,,FRONT-LEFT-CORNER,,,,,,,,,,,,,,,,,,,,,,,,,,,,,,,,,
2136815,c0ebe2c235ab9dcb400298c2c207c09ea71bcd89c9bce3ba6a4dc1b0d11fbfe2c5797e3219062253e0cb7cbda598545cc42b8ee7c74d9a5bf82643885a404503,08/26/2025 01:06:00 AM,2,DRIVER,,2036985,,PORSCHE,MACAN,IL,2017,UNKNOWN,SPORT UTILITY VEHICLE (SUV),PERSONAL,S,STRAIGHT AHEAD,Y,,1,,,,,Y,Y,Y,Y,,,,,,,,,,SIDE-RIGHT,,,,,,,,,,,,,,,,,,,,,,,,,,,,,,,,,
2136809,80f654d826f2f82d4107e6e18ca3f835d842b48580470850d26843b648e2dac34d9b16106552398b679472f29e54d3d6bed96ed33f0356a7fbca5cf341fae835,08/26/2025 12:52:00 AM,1,DRIVER,,2036978,,CHEVROLET,BLAZER,TX,2025,NONE,SPORT UTILITY VEHICLE (SUV),OTHER,UNKNOWN,STRAIGHT AHEAD,,,1,,,,,Y,,,,,,,,,,,,,FRONT-RIGHT-CORNER,,,,,,,,,,,,,,,,,,,,,,,,,,,,,,,,,
2137150,315f74bc6c1f27d7eab2cde4e10677276b53a1ffbb62701013db21403784e6bd85e9fc5325cddca5d9e8254ff9f00c0dd2e5730f9465e8d60e3690f2d11c89a9,08/26/2025 12:35:00 AM,1,DRIVER,,2037293,,UNKNOWN,OTHER (EXPLAIN IN NARRATIVE),,,UNKNOWN,PASSENGER,PERSONAL,W,STRAIGHT AHEAD,,,1,,,,,,,,,,,,,,,,,Y,UNKNOWN,,,,,,,,,,,,,,,,,,,,,,,,,,,,,,,,,
2137151,315f74bc6c1f27d7eab2cde4e10677276b53a1ffbb62701013db21403784e6bd85e9fc5325cddca5d9e8254ff9f00c0dd2e5730f9465e8d60e3690f2d11c89a9,08/26/2025 12:35:00 AM,2,PARKED,,2037297,,CHEVROLET,EQUINOX,IL,2023,UNKNOWN,PASSENGER,PERSONAL,W,PARKED,Y,,0,,,,,,,,Y,Y,,,,,,,,,SIDE-RIGHT-REAR,,,,,,,,,,,,,,,,,,,,,,,,,,,,,,,,,
2137574,1ee919bf2321c2e953faf25ed21d1058409e503c55384f9258db62ed719fb2fe1c0d26af856ed34530d714e0e94f5efa351cb400697d1e4c745c2774455d9761,08/26/2025 12:15:00 AM,1,DRIVER,,2037703,,CHEVROLET,TAHOE,IL,2004,UNKNOWN,SPORT UTILITY VEHICLE (SUV),UNKNOWN/NA,E,STRAIGHT AHEAD,,,1,,,,,,,,,,,,,,,Y,,,UNKNOWN,,,,,,,,,,,,,,,,,,,,,,,,,,,,,,,,,
2137575,1ee919bf2321c2e953faf25ed21d1058409e503c55384f9258db62ed719fb2fe1c0d26af856ed34530d714e0e94f5efa351cb400697d1e4c745c2774455d9761,08/26/2025 12:15:00 AM,2,PARKED,,2037701,,NISSAN,ALTIMA,IL,2010,NONE,PASSENGER,PERSONAL,W,PARKED,,,0,,,,,,,,,,,Y,Y,Y,Y,Y,,,SIDE-LEFT,,,,,,,,,,,,,,,,,,,,,,,,,,,,,,,,,
2136796,cbfcc5d5c7b46bb0d4db04b48f6d643bdc61243c066d81e944045b04fa58c2d0dddb312e9aa9abfda16a1e368e9909761d996d62e1f8fa55cb35baaf4ae030a0,08/26/2025 12:00:00 AM,1,DRIVER,2,2036964,,CHRYSLER,SEBRING,IN,2010,NONE,PASSENGER,PERSONAL,W,STRAIGHT AHEAD,Y,,3,,E&R,DOTY,,Y,,,,,,,,,,Y,Y,,FRONT,,,,,,,,,,,,,,,,,,,,,,,,,,,,,,,,,
2136797,cbfcc5d5c7b46bb0d4db04b48f6d643bdc61243c066d81e944045b04fa58c2d0dddb312e9aa9abfda16a1e368e9909761d996d62e1f8fa55cb35baaf4ae030a0,08/26/2025 12:00:00 AM,2,DRIVER,1,2036969,,CHRYSLER,200,IL,2012,NONE,PASSENGER,PERSONAL,S,STRAIGHT AHEAD,,,2,,,,,,,,,,,,,Y,Y,,,,SIDE-LEFT,,,,,,,,,,,,,,,,,,,,,,,,,,,,,,,,,
2136821,c645354ee07d43895279821342c76e2db4ecfb7d8460e780503b7c8821329015a023f2958c8ac595ecbaf3b1fcb253f76d080375f3b7b7d875485b4767c52a1c,08/25/2025 11:46:00 PM,1,DRIVER,,2036988,,BUICK,REGAL,IL,2000,NONE,PASSENGER,PERSONAL,E,OTHER,Y,,1,,city of chicago,,,,,,,,,,,,Y,Y,Y,,FRONT-LEFT-CORNER,,,,,,,,,,,,,,,,,,,,,,,,,,,,,,,,,