CRASH_UNIT_ID,CRASH_RECORD_ID,CRASH_DATE,UNIT_NO,UNIT_TYPE,NUM_PASSENGERS,VEHICLE_ID,CMRC_VEH_I,MAKE,MODEL,LIC_PLATE_STATE,VEHICLE_YEAR,VEHICLE_DEFECT,VEHICLE_TYPE,VEHICLE_USE,TRAVEL_DIRECTION,MANEUVER,TOWED_I,FIRE_I,OCCUPANT_CNT,EXCEED_SPEED_LIMIT_I,TOWED_BY,TOWED_TO,AREA_00_I,AREA_01_I,AREA_02_I,AREA_03_I,AREA_04_I,AREA_05_I,AREA_06_I,AREA_07_I,AREA_08_I,AREA_09_I,AREA_10_I,AREA_11_I,AREA_12_I,AREA_99_I,FIRST_CONTACT_POINT,CMV_ID,USDOT_NO,CCMC_NO,ILCC_NO,COMMERCIAL_SRC,GVWR,CARRIER_NAME,CARRIER_STATE,CARRIER_CITY,HAZMAT_PLACARDS_I,HAZMAT_NAME,UN_NO,HAZMAT_PRESENT_I,HAZMAT_REPORT_I,HAZMAT_REPORT_NO,MCS_REPORT_I,MCS_REPORT_NO,HAZMAT_VIO_CAUSE_CRASH_I,MCS_VIO_CAUSE_CRASH_I,IDOT_PERMIT_NO,WIDE_LOAD_I,TRAILER1_WIDTH,TRAILER2_WIDTH,TRAILER1_LENGTH,TRAILER2_LENGTH,TOTAL_VEHICLE_LENGTH,AXLE_CNT,VEHICLE_CONFIG,CARGO_BODY_TYPE,LOAD_TYPE,HAZMAT_OUT_OF_SERVICE_I,MCS_OUT_OF_SERVICE_I,HAZMAT_CLASS
2136802,bfd74879b51349c16a0aa7ea730a0e97798a76526f636ac33bd59bc22299cda3ccd601998571baac41c7abbefe6c3adad4edcb755c4ac4ae091afec127374d7f,08/25/2025 11:37:00 PM,1,DRIVER,1,2036970,,FORD,MAVERICK TRUCK,IL,2025,UNKNOWN,PICKUP,PERSONAL,W,STRAIGHT AHEAD,,,2,,,,,,,,,,,,,,Y,,,,SIDE-LEFT-FRONT,,,,,,,,,,,,,,,,,,,,,,,,,,,,,,,,,
2136803,bfd74879b51349c16a0aa7ea730a0e97798a76526f636ac33bd59bc22299cda3ccd601998571baac41c7abbefe6c3adad4edcb755c4ac4ae091afec127374d7f,08/25/2025 11:37:00 PM,2,DRIVER,,2036971,,HONDA,PILOT,IL,2004,UNKNOWN,SPORT UTILITY VEHICLE (SUV),PERSONAL,E,STRAIGHT AHEAD,,,1,,,,Y,,,,,,,,,,,,,,SIDE-RIGHT-FRONT,,,,,,,,,,,,,,,,,,,,,,,,,,,,,,,,,
2136812,a3e85a9feb6998e88dc9ee0f8a6b89b0af8b331605b8629673309096916637c03b4ac3b1af5876f8a7f784eb6900f6c45c17ddd3c494d27d4df9d4087a32c907,08/25/2025 11:30:00 PM,1,DRIVER,,2036979,,UNKNOWN,OTHER (EXPLAIN IN NARRATIVE),,,UNKNOWN,UNKNOWN/NA,UNKNOWN/NA,UNKNOWN,UNKNOWN/NA,,,1,,,,,,,,,,,,,,,,,,UNKNOWN,,,,,,,,,,,,,,,,,,,,,,,,,,,,,,,,,
2136813,a3e85a9feb6998e88dc9ee0f8a6b89b0af8b331605b8629673309096916637c03b4ac3b1af5876f8a7f784eb6900f6c45c17ddd3c494d27d4df9d4087a32c907,08/25/2025 11:30:00 PM,2,PARKED,,2036981,,CHEVROLET,TRAIL BLAZER,IL,2023,NONE,SPORT UTILITY VEHICLE (SUV),PERSONAL,E,PARKED,,,0,,,,,Y,N,,,,,,,,,,,,FRONT-RIGHT-CORNER,,,,,,,,,,,,,,,,,,,,,,,,,,,,,,,,,
2137589,e3d9568309250934abd83d2530c1cceb592b74f952ba51678aef5f485cb365d3c2e78bd99d3a56e711cac4b42b72d43c657df854bf85c3209d36611a884c9d0b,08/25/2025 11:30:00 PM,1,DRIVER,,2037712,,TOYOTA,PRIUS,IL,2024,NONE,PASSENGER,PERSONAL,E,BACKING,,,1,,,,,,,,,,,,,,,,,,UNKNOWN,,,,,,,,,,,,,,,,,,,,,,,,,,,,,,,,,
2137590,e3d9568309250934abd83d2530c1cceb592b74f952ba51678aef5f485cb365d3c2e78bd99d3a56e711cac4b42b72d43c657df854bf85c3209d36611a884c9d0b,08/25/2025 11:30:00 PM,2,PARKED,,2037713,,FORD,MUSTANG,IL,2020,NONE,PASSENGER,PERSONAL,E,PARKED,,,0,,,,,Y,,,,Y,Y,Y,,,,Y,Y,,FRONT,,,,,,,,,,,,,,,,,,,,,,,,,,,,,,,,,
2136805,40aee349787f2302731dfc3ac2ebf27e31cb34d5d7839e403202c1b29adda8e514f1154cdb37a1996a7b7c55f522a1deceb361dad59125b112748fca8c4b498a,08/25/2025 11:22:00 PM,1,DRIVER,,2036973,,TESLA,MODEL S,IL,2022,NONE,PASSENGER,PERSONAL,W,TURNING LEFT,,,1,,,,,,,,,,,Y,Y,,,,,,REAR-LEFT-CORNER,,,,,,,,,,,,,,,,,,,,,,,,,,,,,,,,,
2136806,40aee349787f2302731dfc3ac2ebf27e31cb34d5d7839e403202c1b29adda8e514f1154cdb37a1996a7b7c55f522a1deceb361dad59125b112748fca8c4b498a,08/25/2025 11:22:00 PM,2,DRIVER,,2036975,,CHEVROLET,MALIBU,IL,2004,NONE,PASSENGER,PERSONAL,W,TURNING LEFT,,,1,,,,,Y,,,,,,,,,,Y,Y,,FRONT-RIGHT-CORNER,,,,,,,,,,,,,,,,,,,,,,,,,,,,,,,,,
2136794,58f2a47a40f083cc6831d125e72b1374c0f8ecc2f9d9950fe6168867d29b5b4840cf04ad4699b16be6eddc5e4bcac863b0a8d1507e7e7681c388b882439eef10,08/25/2025 11:10:00 PM,1,DRIVER,,2036965,,HONDA,ODYSSEY,IL,2014,UNKNOWN,PASSENGER,PERSONAL,N,BACKING,,,1,,,,,,,,,Y,Y,Y,,,,,,,REAR,,,,,,,,,,,,,,,,,,,,,,,,,,,,,,,,,
2136795,58f2a47a40f083cc6831d125e72b1374c0f8ecc2f9d9950fe6168867d29b5b4840cf04ad4699b16be6eddc5e4bcac863b0a8d1507e7e7681c388b882439eef10,08/25/2025 11:10:00 PM,2,PARKED,2,2036967,,HYUNDAI,SANTA FE,IL,2023,NONE,PASSENGER,PERSONAL,N,PARKED,,,2,,,,,Y,,,,,,,,,,Y,Y,,FRONT,,,,,,,,,,,,,,,,,,,,,,,,,,,,,,,,,
2137083,c9dbf7545ceee778477f600b35b104c9f1cc6a7bfd0d22ecdc6b58fa19ef1b6a013ea6c9a3b7e4df4e9c84d44aa7060b2242b26bf41724d8eb37fec46fa5e354,08/25/2025 11:05:00 PM,1,DRIVER,,2037228,,CHEVROLET,VAN,IL,2006,UNKNOWN,VAN/MINI-VAN,PERSONAL,N,BACKING,,,1,,,,,,,,,,Y,,,,,,,,REAR,,,,,,,,,,,,,,,,,,,,,,,,,,,,,,,,,
2137084,c9dbf7545ceee778477f600b35b104c9f1cc6a7bfd0d22ecdc6b58fa19ef1b6a013ea6c9a3b7e4df4e9c84d44aa7060b2242b26bf41724d8eb37fec46fa5e354,08/25/2025 11:05:00 PM,2,DRIVER,,2037238,,TOYOTA,COROLLA,PA,2025,NONE,PASSENGER,PERSONAL,N,STRAIGHT AHEAD,,,1,,,,,,,,,,,,,,,,Y,,FRONT,,,,,,,,,,,,,,,,,,,,,,,,,,,,,,,,,
2137743,0d9ff322c85b4aeec193f098c67e7308092fed15aad88196f82df12184792befe7c04b06f0b77a232012ddd93f8d410d77ab38ac6f65f4a76407e66f74dfc365,08/25/2025 11:00:00 PM,1,DRIVER,,2037857,,GENERAL MOTORS CORPORATION (GMC),TERRAIN,IL,,UNKNOWN,SPORT UTILITY VEHICLE (SUV),UNKNOWN/NA,S,BACKING,,,1,,,,,,,,,,,,,,,,,,UNKNOWN,,,,,,,,,,,,,,,,,,,,,,,,,,,,,,,,,
2137744,0d9ff322c85b4aeec193f098c67e7308092fed15aad88196f82df12184792befe7c04b06f0b77a232012ddd93f8d410d77ab38ac6f65f4a76407e66f74dfc365,08/25/2025 11:00:00 PM,2,PARKED,,2037869,,CHEVROLET,IMPALA,IL,2017,NONE,PASSENGER,NOT IN USE,N,PARKED,,,0,,,,,,,,,,,,,,,,,,FRONT,,,,,,,,,,,,,,,,,,,,,,,,,,,,,,,,,
2136807,d5670473e16f1cc09bcff1acf5865d7960c62190db93def4c87057812de23998e04cc1c1d5be5676f92db281de027629a4ff28a360e3f1315551cc7dda80f995,08/25/2025 10:57:00 PM,1,DRIVER,1,2036976,,HYUNDAI,SANTA FE,IL,2005,NONE,PASSENGER,PERSONAL,W,STRAIGHT AHEAD,N,,2,,,,,Y,,,,,,,,,,Y,Y,,FRONT,,,,,,,,,,,,,,,,,,,,,,,,,,,,,,,,,
2136808,d5670473e16f1cc09bcff1acf5865d7960c62190db93def4c87057812de23998e04cc1c1d5be5676f92db281de027629a4ff28a360e3f1315551cc7dda80f995,08/25/2025 10:57:00 PM,2,DRIVER,,2036977,,KIA,OTHER (EXPLAIN IN NARRATIVE),IL,2025,NONE,PASSENGER,PERSONAL,W,STRAIGHT AHEAD,,,1,,,,,,,,,Y,Y,Y,,,,,,,REAR,,,,,,,,,,,,,,,,,,,,,,,,,,,,,,,,,
2136798,99e5e9c5ac1d34b25752bc0420e60841acb3a2bb369d0870f0b1912a459c11145d8ec2e0324f4beec6c9ad33bce3d737b26ec1eddd84f35bc5691055b23b0b00,08/25/2025 10:30:00 PM,1,DRIVER,,2036966,,UNKNOWN,OTHER (EXPLAIN IN NARRATIVE),,,UNKNOWN,UNKNOWN/NA,UNKNOWN/NA,UNKNOWN,UNKNOWN/NA,,,1,,,,,,,,,,,,,,,,,,UNKNOWN,,,,,,,,,,,,,,,,,,,,,,,,,,,,,,,,,
2136799,99e5e9c5ac1d34b25752bc0420e60841acb3a2bb369d0870f0b1912a459c11145d8ec2e0324f4beec6c9ad33bce3d737b26ec1eddd84f35bc5691055b23b0b00,08/25/2025 10:30:00 PM,2,PARKED,,2036972,,HYUNDAI,SONATA,IL,2014,UNKNOWN,PASSENGER,NOT IN USE,S,PARKED,Y,,0,,PRIVATE,,,,,,,,Y,Y,Y,Y,,,,,REAR-LEFT-CORNER,,,,,,,,,,,,,,,,,,,,,,,,,,,,,,,,,
2137504,c3bd6eb162fd7af27e8761b458905871fff7ddc877b6da7b1e9d53726e5f1afedd2db57ead08202657e0c1afa3b5f5419218dbcf984a70704834969a0b5d5553,08/25/2025 10:30:00 PM,1,DRIVER,,2037634,,TOYOTA,OTHER (EXPLAIN IN NARRATIVE),IL,2018,UNKNOWN,PASSENGER,UNKNOWN/NA,W,CHANGING LANES,,,1,,,,,,,Y,Y,Y,,,,,,,,,SIDE-RIGHT-REAR,,,,,,,,,,,,,,,,,,,,,,,,,,,,,,,,,
2137505,c3bd6eb162fd7af27e8761b458905871fff7ddc877b6da7b1e9d53726e5f1afedd2db57ead08202657e0c1afa3b5f5419218dbcf984a70704834969a0b5d5553,08/25/2025 10:30:00 PM,2,PARKED,1,2037635,,MITSUBISHI,OUTLANDER,IL,2024,NONE,SPORT UTILITY VEHICLE (SUV),PERSONAL,W,PARKED,,,1,,,,,,,,,,,,,,,Y,,,FRONT-LEFT-CORNER,,,,,,,,,,,,,,,,,,,,,,,,,,,,,,,,,
2136826,d969754fa99a634e3cc4caf822a4797abdc02c1cb63643037fadd19bd4fad559ec0e16c4e1f267e2a4ec9aa296a4f8458fb8ac774eedd4109d3a8759ce9ee09d,08/25/2025 10:30:00 PM,1,DRIVER,,2036996,,BUICK,ENCORE,IL,2019,UNKNOWN,PASSENGER,PERSONAL,UNKNOWN,UNKNOWN/NA,,,1,,,,,,,,Y,Y,N,,,,,,,,UNKNOWN,,,,,,,,,,,,,,,,,,,,,,,,,,,,,,,,,
2136781,7a034bd5aa8462c51fd19f28d7f5ecd33c231855c69c6fde9e1a0a5690201cffebad724aad13d25e8aba153f1ca70eb6686451ca96d8b7cc220525c0dfa49d58,08/25/2025 10:20:00 PM,1,DRIVER,,2036953,,JEEP,LIBERTY,IL,2012,NONE,SPORT UTILITY VEHICLE (SUV),PERSONAL,S,STRAIGHT AHEAD,,,1,,,,,Y,,,,,,,,,,,,,FRONT-RIGHT-CORNER,,,,,,,,,,,,,,,,,,,,,,,,,,,,,,,,,
2136782,7a034bd5aa8462c51fd19f28d7f5ecd33c231855c69c6fde9e1a0a5690201cffebad724aad13d25e8aba153f1ca70eb6686451ca96d8b7cc220525c0dfa49d58,08/25/2025 10:20:00 PM,2,DRIVER,,2036957,,SUBARU,FORESTER,IL,2015,NONE,SPORT UTILITY VEHICLE (SUV),PERSONAL,S,STRAIGHT AHEAD,,,1,,,,,,,,,,Y,,,,,,,,REAR,,,,,,,,,,,,,,,,,,,,,,,,,,,,,,,,,
2138533,93f74a4eb0efb083a9a0994d85236c45a0954e71bf30a3e24c09b199d45a16276ad4895b3ec4796119dc5379ac96faf8bd80a6694708944f0e83c0108523dfdb,08/25/2025 10:20:00 PM,1,DRIVER,,2039493,,CHEVROLET,TRAIL BLAZER,IL,2003,UNKNOWN,SPORT UTILITY VEHICLE (SUV),UNKNOWN/NA,E,CHANGING LANES,,,1,,,,,Y,,,,,,,,,,,Y,,SIDE-RIGHT-FRONT,,,,,,,,,,,,,,,,,,,,,,,,,,,,,,,,,
2138534,93f74a4eb0efb083a9a0994d85236c45a0954e71bf30a3e24c09b199d45a16276ad4895b3ec4796119dc5379ac96faf8bd80a6694708944f0e83c0108523dfdb,08/25/2025 10:20:00 PM,2,DRIVER,,2039502,,HONDA,ACCORD,,,NONE,PASSENGER,PERSONAL,E,STRAIGHT AHEAD,,,1,,,,,,,,,,,Y,Y,,,,,,SIDE-LEFT,,,,,,,,,,,,,,,,,,,,,,,,,,,,,,,,,
2136779,550f863df06e2c56ab2450d84479eca06380fb0710235a749f6a2792cabe2d20fa2f53ddea7a714f01c474d72c2e225420fa15b6cab663ddcda840cad0acc1d2,08/25/2025 10:09:00 PM,1,DRIVER,,2036950,,UNKNOWN,OTHER (EXPLAIN IN NARRATIVE),,,UNKNOWN,UNKNOWN/NA,UNKNOWN/NA,W,STRAIGHT AHEAD,,,1,,,,,,,,,,,,,,,,,Y,FRONT,,,,,,,,,,,,,,,,,,,,,,,,,,,,,,,,,
2136780,550f863df06e2c56ab2450d84479eca06380fb0710235a749f6a2792cabe2d20fa2f53ddea7a714f01c474d72c2e225420fa15b6cab663ddcda840cad0acc1d2,08/25/2025 10:09:00 PM,2,DRIVER,,2036952,,FIAT,OTHER (EXPLAIN IN NARRATIVE),IL,,UNKNOWN,PASSENGER,PERSONAL,N,STRAIGHT AHEAD,,,1,,,,,Y,,,,,,,,,,Y,Y,,FRONT,,,,,,,,,,,,,,,,,,,,,,,,,,,,,,,,,
2136783,d0dabec3a26a0ee9df9aaf694ae7eca41a0628e1f478f1468cf55c13d8c970476d1dd51dcd9d62cc63babfdd172c0d719f00a0ab3c48fb65b3b7a91c3a2a04ee,08/25/2025 10:06:00 PM,1,DRIVER,2,2036956,,KIA,SPORTAGE,IL,2021,NONE,PASSENGER,PERSONAL,W,STRAIGHT AHEAD,Y,,3,,,,,Y,Y,Y,,,,,Y,Y,Y,Y,Y,,FRONT,,,,,,,,,,,,,,,,,,,,,,,,,,,,,,,,,
2136784,d0dabec3a26a0ee9df9aaf694ae7eca41a0628e1f478f1468cf55c13d8c970476d1dd51dcd9d62cc63babfdd172c0d719f00a0ab3c48fb65b3b7a91c3a2a04ee,08/25/2025 10:06:00 PM,2,DRIVER,,2036959,,CHEVROLET,TRAIL BLAZER,IL,2022,NONE,PASSENGER,PERSONAL,S,STRAIGHT AHEAD,Y,,1,,PRIVATE TOW,,,Y,Y,Y,Y,Y,Y,Y,Y,Y,Y,Y,Y,,SIDE-LEFT-REAR,,,,,,,,,,,,,,,,,,,,,,,,,,,,,,,,,
2136777,b83a16503d5e3fdd00d6a0af31d3934803e9b488176ea7eb1b396ce1760fb3c16da3c14b2a1669fc85796852ca280066b3cf7781d7e4a3722db880915b6ec17f,08/25/2025 10:00:00 PM,1,DRIVER,,2036955,,CHEVROLET,OTHER (EXPLAIN IN NARRATIVE),,,UNKNOWN,PASSENGER,UNKNOWN/NA,SW,U-TURN,,,1,,,,,,,,,,,,Y,Y,Y,,,,SIDE-LEFT,,,,,,,,,,,,,,,,,,,,,,,,,,,,,,,,,
2136778,b83a16503d5e3fdd00d6a0af31d3934803e9b488176ea7eb1b396ce1760fb3c16da3c14b2a1669fc85796852ca280066b3cf7781d7e4a3722db880915b6ec17f,08/25/2025 10:00:00 PM,2,DRIVER,,2036951,,HONDA,ACCORD,IL,2016,NONE,PASSENGER,PERSONAL,W,STRAIGHT AHEAD,,,1,,,,,Y,Y,,,,,,,,,,Y,,FRONT-RIGHT-CORNER,,,,,,,,,,,,,,,,,,,,,,,,,,,,,,,,,
2137388,c2aa00c3700fa09cca0addf7d8ca82c6f7e1a477d802d243aeff939b16679655c464a477347cfdd6af6f02617ea29450f09ea50c1b9ed41f11ca33a719ed2a88,08/25/2025 10:00:00 PM,1,DRIVER,,2037521,,UNKNOWN,OTHER (EXPLAIN IN NARRATIVE),,,UNKNOWN,UNKNOWN/NA,UNKNOWN/NA,UNKNOWN,UNKNOWN/NA,,,1,,,,,,,,,,,,,,,,,,UNKNOWN,,,,,,,,,,,,,,,,,,,,,,,,,,,,,,,,,
2137389,c2aa00c3700fa09cca0addf7d8ca82c6f7e1a477d802d243aeff939b16679655c464a477347cfdd6af6f02617ea29450f09ea50c1b9ed41f11ca33a719ed2a88,08/25/2025 10:00:00 PM,2,PARKED,,2037523,,NISSAN,X-TERRA,IL,2008,NONE,PASSENGER,PERSONAL,W,PARKED,,,0,,,,,,,,,,,,,,,Y,,,FRONT-LEFT-CORNER,,,,,,,,,,,,,,,,,,,,,,,,,,,,,,,,,
2137160,d3343908a71b0bfd281819e44977230507ab8f25916f6eb269a86e9215e6e87e5909f40a939ffb4c72e51c874c24065729aea6c06a9901da0353cb10e4c610f2,08/25/2025 10:00:00 PM,1,DRIVER,,2037314,,VOLKSWAGEN,OTHER (EXPLAIN IN NARRATIVE),IL,,UNKNOWN,SPORT UTILITY VEHICLE (SUV),PERSONAL,W,PASSING/OVERTAKING,,,1,,,,,,Y,,,,,,,,,,,,SIDE-RIGHT,,,,,,,,,,,,,,,,,,,,,,,,,,,,,,,,,
2137161,d3343908a71b0bfd281819e44977230507ab8f25916f6eb269a86e9215e6e87e5909f40a939ffb4c72e51c874c24065729aea6c06a9901da0353cb10e4c610f2,08/25/2025 10:00:00 PM,2,PARKED,,2037305,,CADILLAC,ESCALADE,IL,2007,NONE,SPORT UTILITY VEHICLE (SUV),PERSONAL,W,PARKED,,,0,,,,,,,,,,,,,Y,Y,,,,SIDE-LEFT,,,,,,,,,,,,,,,,,,,,,,,,,,,,,,,,,
2136785,ee6d851e4581e441537438fd2a961d7ae49c16110589709db71faacda232496a65c419a7cd024623e0b0018f1a1f04868ed87e4fd243891c025a08cdeae8fac3,08/25/2025 09:59:00 PM,1,DRIVER,2,2036954,,CHEVROLET,VOLT,IL,2013,UNKNOWN,PASSENGER,PERSONAL,E,STRAIGHT AHEAD,,,3,,,,,N,,,,,,,,,,Y,N,,FRONT-LEFT-CORNER,,,,,,,,,,,,,,,,,,,,,,,,,,,,,,,,,
2136786,ee6d851e4581e441537438fd2a961d7ae49c16110589709db71faacda232496a65c419a7cd024623e0b0018f1a1f04868ed87e4fd243891c025a08cdeae8fac3,08/25/2025 09:59:00 PM,2,DRIVER,,2036958,,JEEP,WRANGLER,IL,2017,UNKNOWN,PASSENGER,PERSONAL,E,STRAIGHT AHEAD,,,1,,,,,Y,,,,,,,,,,Y,Y,,FRONT-LEFT-CORNER,,,,,,,,,,,,,,,,,,,,,,,,,,,,,,,,,
2137219,e2c48c234947b0d5fb67f87a8b0a09ee89f78e0760eca0239da2df54cea0ad8f20f35950a9a83e88ee4db71dd715c2559e502a881d36589256e668c1cf8ffbd9,08/25/2025 09:45:00 PM,1,DRIVER,,2037358,,UNKNOWN,OTHER (EXPLAIN IN NARRATIVE),IL,,NONE,UNKNOWN/NA,UNKNOWN/NA,S,STRAIGHT AHEAD,,,1,,,,,,,,,,,,,,,,,,UNKNOWN,,,,,,,,,,,,,,,,,,,,,,,,,,,,,,,,,
2137220,e2c48c234947b0d5fb67f87a8b0a09ee89f78e0760eca0239da2df54cea0ad8f20f35950a9a83e88ee4db71dd715c2559e502a881d36589256e668c1cf8ffbd9,08/25/2025 09:45:00 PM,2,DRIVER,,2037362,,CHEVROLET,EQUINOX,IL,2015,NONE,PASSENGER,PERSONAL,S,STRAIGHT AHEAD,,,1,,,,,,,,,,,,,,Y,Y,,,FRONT-RIGHT-CORNER,,,,,,,,,,,,,,,,,,,,,,,,,,,,,,,,,
2136772,cffee47cd5d0026e584b0dd7addbd5bc6bbaaf84cb34a6330de8e5caba81dd4e0f7d46be187fd4de2d555ae071e9b7685172ea89ee1aac0f8981afed8a45c3d2,08/25/2025 09:28:00 PM,1,DRIVER,,2036942,,ACURA,ADX,IL,2010,UNKNOWN,SPORT UTILITY VEHICLE (SUV),PERSONAL,W,STRAIGHT AHEAD,Y,,1,,STREETS AND SANS,701 N SACRAMENTO,,Y,Y,,,,,,,,Y,Y,Y,,FRONT-RIGHT-CORNER,,,,,,,,,,,,,,,,,,,,,,,,,,,,,,,,,
2136773,cffee47cd5d0026e584b0dd7addbd5bc6bbaaf84cb34a6330de8e5caba81dd4e0f7d46be187fd4de2d555ae071e9b7685172ea89ee1aac0f8981afed8a45c3d2,08/25/2025 09:28:00 PM,2,PARKED,,2036943,,HYUNDAI,ELANTRA,IL,2015,NONE,PASSENGER,PERSONAL,W,PARKED,,,0,,,,,Y,,,,Y,Y,Y,,,,Y,Y,,FRONT,,,,,,,,,,,,,,,,,,,,,,,,,,,,,,,,,
2136774,cffee47cd5d0026e584b0dd7addbd5bc6bbaaf84cb34a6330de8e5caba81dd4e0f7d46be187fd4de2d555ae071e9b7685172ea89ee1aac0f8981afed8a45c3d2,08/25/2025 09:28:00 PM,3,PARKED,,2036945,,NISSAN,ROGUE,IL,2015,NONE,SPORT UTILITY VEHICLE (SUV),PERSONAL,W,PARKED,,,0,,,,,Y,,,,N,N,N,,,,Y,Y,,FRONT,,,,,,,,,,,,,,,,,,,,,,,,,,,,,,,,,
2136775,cffee47cd5d0026e584b0dd7addbd5bc6bbaaf84cb34a6330de8e5caba81dd4e0f7d46be187fd4de2d555ae071e9b7685172ea89ee1aac0f8981afed8a45c3d2,08/25/2025 09:28:00 PM,4,PARKED,,2036947,,NISSAN,ROGUE,IL,2024,NONE,SPORT UTILITY VEHICLE (SUV),PERSONAL,W,PARKED,,,0,,,,,,,,,,,,,,Y,,,,SIDE-LEFT,,,,,,,,,,,,,,,,,,,,,,,,,,,,,,,,,
2136776,cffee47cd5d0026e584b0dd7addbd5bc6bbaaf84cb34a6330de8e5caba81dd4e0f7d46be187fd4de2d555ae071e9b7685172ea89ee1aac0f8981afed8a45c3d2,08/25/2025 09:28:00 PM,5,PARKED,,2036948,,TOYOTA,CAMRY,IL,2005,NONE,PASSENGER,PERSONAL,E,PARKED,,,0,,,,,,,,,,,,Y,Y,N,N,,,SIDE-LEFT,,,,,,,,,,,,,,,,,,,,,,,,,,,,,,,,,
2136760,d3bdf04fb308068081c690c9bc2d7c7f04bc6429a06a74d0acb85b96f133b05abe9aaa84b8883bb93a0b2e6b10dc7e2f9325dff192d692a716302024d1760736,08/25/2025 09:15:00 PM,1,DRIVER,,2036932,,UNKNOWN,MOTORIZED,,,UNKNOWN,PASSENGER,PERSONAL,W,STRAIGHT AHEAD,,,1,,,,,Y,,,,,,N,,,Y,Y,Y,,FRONT,,,,,,,,,,,,,,,,,,,,,,,,,,,,,,,,,
2136761,d3bdf04fb308068081c690c9bc2d7c7f04bc6429a06a74d0acb85b96f133b05abe9aaa84b8883bb93a0b2e6b10dc7e2f9325dff192d692a716302024d1760736,08/25/2025 09:15:00 PM,2,DRIVER,,2036935,,KIA,OPTIMA / K5,IL,2025,NONE,PASSENGER,PERSONAL,W,STRAIGHT AHEAD,,,1,,,,,,,,Y,Y,Y,Y,Y,,,,,,REAR,,,,,,,,,,,,,,,,,,,,,,,,,,,,,,,,,
2136788,97048e5d8d0c2f0f0b63cb42249206bad58bb2e37ca03f568c4ab361e8b153229f3ca37dc2609ae602f6a4c49f665bc3f7eac89b199a17e5a7fa389d1207e8fc,08/25/2025 09:00:00 PM,1,DRIVER,,2036961,,UNKNOWN,OTHER (EXPLAIN IN NARRATIVE),IL,,OTHER,UNKNOWN/NA,UNKNOWN/NA,UNKNOWN,UNKNOWN/NA,,,1,,,,,,,,,,,,,,,,,Y,UNKNOWN,,,,,,,,,,,,,,,,,,,,,,,,,,,,,,,,,
2136789,97048e5d8d0c2f0f0b63cb42249206bad58bb2e37ca03f568c4ab361e8b153229f3ca37dc2609ae602f6a4c49f665bc3f7eac89b199a17e5a7fa389d1207e8fc,08/25/2025 09:00:00 PM,2,PARKED,,2036960,,FORD,ESCAPE,IL,2024,OTHER,PASSENGER,PERSONAL,N,PARKED,,,0,,,,,,,,,,,Y,Y,Y,Y,Y,,,SIDE-LEFT,,,,,,,,,,,,,,,,,,,,,,,,,,,,,,,,,
2136769,5f5bf5369411b2d391a6b3af9e6a5fde05b59a04702c7d2b98c65f214dcd7c09c67a397f82be5496af3b6d60bce3ff25d8f2f193fe8273fb3d19358031f17e18,08/25/2025 08:53:00 PM,1,DRIVER,,2036941,,BMW,X3,TX,2025,UNKNOWN,SPORT UTILITY VEHICLE (SUV),UNKNOWN/NA,W,STRAIGHT AHEAD,,,1,,,,,Y,Y,Y,,Y,Y,Y,,,,,,,REAR,,,,,,,,,,,,,,,,,,,,,,,,,,,,,,,,,
2136770,5f5bf5369411b2d391a6b3af9e6a5fde05b59a04702c7d2b98c65f214dcd7c09c67a397f82be5496af3b6d60bce3ff25d8f2f193fe8273fb3d19358031f17e18,08/25/2025 08:53:00 PM,2,DRIVER,,2036944,,FORD,EXPLORER,IL,2021,UNKNOWN,SPORT UTILITY VEHICLE (SUV),POLICE,N,STRAIGHT AHEAD,,,1,,,,,Y,,,,,,,,,,Y,Y,,FRONT,,,,,,,,,,,,,,,,,,,,,,,,,,,,,,,,,
2136771,5f5bf5369411b2d391a6b3af9e6a5fde05b59a04702c7d2b98c65f214dcd7c09c67a397f82be5496af3b6d60bce3ff25d8f2f193fe8273fb3d19358031f17e18,08/25/2025 08:53:00 PM,3,DRIVER,,2036946,,FORD,EXPLORER,IL,2017,UNKNOWN,SPORT UTILITY VEHICLE (SUV),POLICE,N,STRAIGHT AHEAD,,,1,,,,,,,Y,Y,Y,Y,,,,,,,,REAR-RIGHT-CORNER,,,,,,,,,,,,,,,,,,,,,,,,,,,,,,,,,
2136804,c73b305d4395b41a9ec6ce88c81acd665f332c332ec23cf3d22f7f18c26acba12e0669bee53ff12bef7e61921307f6e2944d0e21b5c5629eec1af158ba021a1d,08/25/2025 08:50:00 PM,1,DRIVER,,2036974,,FORD,BRONCO / BRONCO II,IL,2024,UNKNOWN,PASSENGER,PERSONAL,UNKNOWN,UNKNOWN/NA,Y,,1,,city of chicago,city of chicago,,Y,Y,Y,,,,,,,,Y,Y,,UNKNOWN,,,,,,,,,,,,,,,,,,,,,,,,,,,,,,,,,
2136819,f29486684e4f660fab82dd5e34a86a0f3337c4ea1e6450021a102970c5c51472b15bba91dcde7bacf03b41586e5cf345ba1dccc25044478825bf6bd2a690d5f7,08/25/2025 08:50:00 PM,1,DRIVER,,2036987,,JEEP,CHEROKEE,,,UNKNOWN,PASSENGER,UNKNOWN/NA,N,PASSING/OVERTAKING,,,1,,,,,,,,,,,,,,,,,,UNKNOWN,,,,,,,,,,,,,,,,,,,,,,,,,,,,,,,,,