CRASH_UNIT_ID,CRASH_RECORD_ID,CRASH_DATE,UNIT_NO,UNIT_TYPE,NUM_PASSENGERS,VEHICLE_ID,CMRC_VEH_I,MAKE,MODEL,LIC_PLATE_STATE,VEHICLE_YEAR,VEHICLE_DEFECT,VEHICLE_TYPE,VEHICLE_USE,TRAVEL_DIRECTION,MANEUVER,TOWED_I,FIRE_I,OCCUPANT_CNT,EXCEED_SPEED_LIMIT_I,TOWED_BY,TOWED_TO,AREA_00_I,AREA_01_I,AREA_02_I,AREA_03_I,AREA_04_I,AREA_05_I,AREA_06_I,AREA_07_I,AREA_08_I,AREA_09_I,AREA_10_I,AREA_11_I,AREA_12_I,AREA_99_I,FIRST_CONTACT_POINT,CMV_ID,USDOT_NO,CCMC_NO,ILCC_NO,COMMERCIAL_SRC,GVWR,CARRIER_NAME,CARRIER_STATE,CARRIER_CITY,HAZMAT_PLACARDS_I,HAZMAT_NAME,UN_NO,HAZMAT_PRESENT_I,HAZMAT_REPORT_I,HAZMAT_REPORT_NO,MCS_REPORT_I,MCS_REPORT_NO,HAZMAT_VIO_CAUSE_CRASH_I,MCS_VIO_CAUSE_CRASH_I,IDOT_PERMIT_NO,WIDE_LOAD_I,TRAILER1_WIDTH,TRAILER2_WIDTH,TRAILER1_LENGTH,TRAILER2_LENGTH,TOTAL_VEHICLE_LENGTH,AXLE_CNT,VEHICLE_CONFIG,CARGO_BODY_TYPE,LOAD_TYPE,HAZMAT_OUT_OF_SERVICE_I,MCS_OUT_OF_SERVICE_I,HAZMAT_CLASS
2136820,f29486684e4f660fab82dd5e34a86a0f3337c4ea1e6450021a102970c5c51472b15bba91dcde7bacf03b41586e5cf345ba1dccc25044478825bf6bd2a690d5f7,08/25/2025 08:50:00 PM,2,DRIVER,,2036989,,FORD,EDGE,,2015,UNKNOWN,PASSENGER,PERSONAL,N,PASSING/OVERTAKING,,,1,,,,,Y,Y,Y,,,,,,,,,,,SIDE-RIGHT-FRONT,,,,,,,,,,,,,,,,,,,,,,,,,,,,,,,,,
2136800,ed36743c38cbc61d6db536c647064990444b9f3092966ce317f89ae00e21882a0cda9000c6cedfa518b65123115da9f9494c3649df57ca5e4b73c87ccc8df143,08/25/2025 08:45:00 PM,1,DRIVER,,2036968,,AUDI,OTHER (EXPLAIN IN NARRATIVE),IL,,UNKNOWN,PASSENGER,UNKNOWN/NA,N,TURNING RIGHT,,,1,,,,,,,,,,,,,,,,Y,,FRONT,,,,,,,,,,,,,,,,,,,,,,,,,,,,,,,,,
2136801,ed36743c38cbc61d6db536c647064990444b9f3092966ce317f89ae00e21882a0cda9000c6cedfa518b65123115da9f9494c3649df57ca5e4b73c87ccc8df143,08/25/2025 08:45:00 PM,2,BICYCLE,,,,,,,,,,,,,,,,,,,,,,,,,,,,,,,,,,,,,,,,,,,,,,,,,,,,,,,,,,,,,,,,,,
2136792,2a0b7b17b8a910f5d1293b5df5ab382ae1134ab9d01307031e497f500a45529936c11183bfda20a73c34b356b286dfcda15715d9214b7dc0001101fb66c4d324,08/25/2025 08:30:00 PM,1,BICYCLE,,,,,,,,,,,,,,,,,,,,,,,,,,,,,,,,,,,,,,,,,,,,,,,,,,,,,,,,,,,,,,,,,,
2136793,2a0b7b17b8a910f5d1293b5df5ab382ae1134ab9d01307031e497f500a45529936c11183bfda20a73c34b356b286dfcda15715d9214b7dc0001101fb66c4d324,08/25/2025 08:30:00 PM,2,DRIVER,,2036962,,FORD,XL,IL,2022,UNKNOWN,PASSENGER,PERSONAL,UNKNOWN,OTHER,,,1,,,,,,,,,,,,,,,,,,NONE,,,,,,,,,,,,,,,,,,,,,,,,,,,,,,,,,
2136750,74cba512d472b9062d7b44caa27569063ae0b5f79d7b2ae48f81eef01fb96b3a0754618ea1c471e8269a1763247a16f2f77c3f8111905c4851f51daf8ead9cce,08/25/2025 08:30:00 PM,1,DRIVER,,2036922,,VOLKSWAGEN,ARTEON,IL,2021,NONE,PASSENGER,PERSONAL,E,TURNING RIGHT,,,1,,,,,Y,Y,,,,,,,,,,,,FRONT-RIGHT-CORNER,,,,,,,,,,,,,,,,,,,,,,,,,,,,,,,,,
2136751,74cba512d472b9062d7b44caa27569063ae0b5f79d7b2ae48f81eef01fb96b3a0754618ea1c471e8269a1763247a16f2f77c3f8111905c4851f51daf8ead9cce,08/25/2025 08:30:00 PM,2,DRIVER,,2036925,,UNKNOWN,OTHER (EXPLAIN IN NARRATIVE),XX,,UNKNOWN,UNKNOWN/NA,UNKNOWN/NA,S,UNKNOWN/NA,,,1,,,,,,,,,,Y,Y,,,,,,,REAR-LEFT-CORNER,,,,,,,,,,,,,,,,,,,,,,,,,,,,,,,,,
2137189,dc659618aac29f71b06a5b16d6d6654a2cb8ce1f3569947f8b7059490eeadfef640474538c47ffdcb4d76a16533eda14a32564123c9a8431ca7abc4b4577f0f4,08/25/2025 08:30:00 PM,1,DRIVER,,2037334,,KIA,OTHER (EXPLAIN IN NARRATIVE),IL,2013,UNKNOWN,PASSENGER,UNKNOWN/NA,S,STRAIGHT AHEAD,,,1,,,,,,,,,,,,,,,,Y,,FRONT,,,,,,,,,,,,,,,,,,,,,,,,,,,,,,,,,
2137190,dc659618aac29f71b06a5b16d6d6654a2cb8ce1f3569947f8b7059490eeadfef640474538c47ffdcb4d76a16533eda14a32564123c9a8431ca7abc4b4577f0f4,08/25/2025 08:30:00 PM,2,DRIVER,,2037338,,CHEVROLET,CRUZE,IL,2017,UNKNOWN,PASSENGER,UNKNOWN/NA,S,STRAIGHT AHEAD,,,1,,,,,,,,,,Y,,,,,,,,REAR,,,,,,,,,,,,,,,,,,,,,,,,,,,,,,,,,
2136763,542cd600f8f788cd90b6346d3f3b31d4940c3d8cf977bdbbd378eadeac5063a65ba11569792794c814ca83e825dd6ec27003c1376c1740490c5012a7f75e4b41,08/25/2025 08:22:00 PM,1,DRIVER,,2036936,,FORD,F150,IL,2022,UNKNOWN,PICKUP,PERSONAL,W,BACKING,,,1,,,,,,,,,,,,,,,,,,UNKNOWN,,,,,,,,,,,,,,,,,,,,,,,,,,,,,,,,,
2136764,542cd600f8f788cd90b6346d3f3b31d4940c3d8cf977bdbbd378eadeac5063a65ba11569792794c814ca83e825dd6ec27003c1376c1740490c5012a7f75e4b41,08/25/2025 08:22:00 PM,2,BICYCLE,,,,,,,,,,,,,,,,,,,,,,,,,,,,,,,,,,,,,,,,,,,,,,,,,,,,,,,,,,,,,,,,,,
2136740,dde25d560f87fd7f8ffd11a9232ed04e602e6529053ef293afc54d4d614614e4302eb5a831717cff6e0608fb37851f7f124c5aefe543ab67ca018c6391574dcf,08/25/2025 08:14:00 PM,1,DRIVER,1,2036919,,NISSAN,SENTRA,CA,2022,NONE,PASSENGER,OTHER,N,TURNING LEFT,,,2,,,,,,,,Y,Y,Y,,,,,,,,REAR-RIGHT-CORNER,,,,,,,,,,,,,,,,,,,,,,,,,,,,,,,,,
2136741,dde25d560f87fd7f8ffd11a9232ed04e602e6529053ef293afc54d4d614614e4302eb5a831717cff6e0608fb37851f7f124c5aefe543ab67ca018c6391574dcf,08/25/2025 08:14:00 PM,2,DRIVER,,2036930,,KIA,FORTE,IL,2015,NONE,PASSENGER,PERSONAL,S,STRAIGHT AHEAD,,,1,,,,,Y,,,,,,,,,,Y,Y,,FRONT,,,,,,,,,,,,,,,,,,,,,,,,,,,,,,,,,
2137426,ca30677f0469915e6b86ec4cdd7b106c9b2182c1ed968ae64b27c831bc72fe59dd1fe266ef6ddcb201fd3ae841c45b8e98bbccbd5705ef467e4792cf7ef8562a,08/25/2025 08:12:00 PM,1,DRIVER,,2037569,,DODGE,OTHER (EXPLAIN IN NARRATIVE),IL,2015,UNKNOWN,SPORT UTILITY VEHICLE (SUV),PERSONAL,S,CHANGING LANES,,,1,,,,,,,,,,,,,,,Y,Y,,SIDE-LEFT-FRONT,,,,,,,,,,,,,,,,,,,,,,,,,,,,,,,,,
2137427,ca30677f0469915e6b86ec4cdd7b106c9b2182c1ed968ae64b27c831bc72fe59dd1fe266ef6ddcb201fd3ae841c45b8e98bbccbd5705ef467e4792cf7ef8562a,08/25/2025 08:12:00 PM,2,DRIVER,,2037591,,NISSAN,ROGUE,IL,2024,NONE,SPORT UTILITY VEHICLE (SUV),PERSONAL,S,STRAIGHT AHEAD,,,1,,,,,Y,,,,,,,,,,,Y,,SIDE-RIGHT-FRONT,,,,,,,,,,,,,,,,,,,,,,,,,,,,,,,,,
2136734,6c4a0e43975459e52185ce43b02026802708d4a751714122d7fc9b12f3000098f454143bc44c8f93eb8ef3c18cf51abe0bbb2edd4a9b4e46abf9d58dcd560367,08/25/2025 08:09:00 PM,1,DRIVER,,2036909,,FORD,F350,IL,2004,NONE,PICKUP,PERSONAL,N,STRAIGHT AHEAD,,,1,,,,,,,,,,,,,,,,,,SIDE-RIGHT,,,,,,,,,,,,,,,,,,,,,,,,,,,,,,,,,
2136735,6c4a0e43975459e52185ce43b02026802708d4a751714122d7fc9b12f3000098f454143bc44c8f93eb8ef3c18cf51abe0bbb2edd4a9b4e46abf9d58dcd560367,08/25/2025 08:09:00 PM,2,DRIVER,,2036915,,CHEVROLET,SILVERADO,IL,2000,NONE,PICKUP,PERSONAL,N,STRAIGHT AHEAD,,,1,,,,Y,,,,,,,,,,,,,,NONE,,,,,,,,,,,,,,,,,,,,,,,,,,,,,,,,,
2136981,06e6bdb654dfb9cbc248b76ffc8ec7c05a55540383548e6efa25fc3102e32f316a0c1cdb977fd259117201705665c8a4774a36196dfc9f24f73ce6612f65c229,08/25/2025 08:00:00 PM,1,DRIVER,,2037141,,FORD,FOCUS,IL,2018,UNKNOWN,PASSENGER,UNKNOWN/NA,W,ENTERING TRAFFIC LANE FROM PARKING,,,1,,,,,,,,,,,,,,,,,Y,UNKNOWN,,,,,,,,,,,,,,,,,,,,,,,,,,,,,,,,,
2136982,06e6bdb654dfb9cbc248b76ffc8ec7c05a55540383548e6efa25fc3102e32f316a0c1cdb977fd259117201705665c8a4774a36196dfc9f24f73ce6612f65c229,08/25/2025 08:00:00 PM,2,DRIVER,,2037126,,NISSAN,MURANO,IL,2020,UNKNOWN,SPORT UTILITY VEHICLE (SUV),PERSONAL,W,STRAIGHT AHEAD,,,1,,,,,Y,Y,Y,Y,Y,,,,,,,,,SIDE-RIGHT,,,,,,,,,,,,,,,,,,,,,,,,,,,,,,,,,
2140173,500e6c5a6edbce83c946a7f86d66fb1ae3bb3938138f75b4db5746cd629e8e63ede1e904d93024681c38f34a40228beb9278f265c85d83913a32a4bb085c43b8,08/25/2025 08:00:00 PM,1,DRIVER,,2040162,,FORD,F150,IL,1997,NONE,PICKUP,PERSONAL,W,STRAIGHT AHEAD,,,1,,,,,Y,,,,,,,,,,Y,Y,,FRONT,,,,,,,,,,,,,,,,,,,,,,,,,,,,,,,,,
2140174,500e6c5a6edbce83c946a7f86d66fb1ae3bb3938138f75b4db5746cd629e8e63ede1e904d93024681c38f34a40228beb9278f265c85d83913a32a4bb085c43b8,08/25/2025 08:00:00 PM,2,PARKED,,2040176,,TOYOTA,RAV4,FL,2019,NONE,PASSENGER,PERSONAL,W,PARKED,,,0,,,,,,,,,Y,Y,Y,,,,,,,REAR,,,,,,,,,,,,,,,,,,,,,,,,,,,,,,,,,
2136744,534ce2d9605337409e314c4e132ada24d62209812717f820d27e520baa967997a0e91c2da7e607de273908d9877e4feabcb428a3c9d77ceeb104697d07662232,08/25/2025 08:00:00 PM,1,DRIVER,,2036914,,NISSAN,VERSA,,2008,NONE,SPORT UTILITY VEHICLE (SUV),PERSONAL,S,STRAIGHT AHEAD,,,1,,,,,,,,,,,,,,,,Y,,FRONT,,,,,,,,,,,,,,,,,,,,,,,,,,,,,,,,,
2136745,534ce2d9605337409e314c4e132ada24d62209812717f820d27e520baa967997a0e91c2da7e607de273908d9877e4feabcb428a3c9d77ceeb104697d07662232,08/25/2025 08:00:00 PM,2,DRIVER,,2036918,,TOYOTA,RAV4,,2005,NONE,SPORT UTILITY VEHICLE (SUV),PERSONAL,S,STRAIGHT AHEAD,,,1,,,,,,,,,,Y,,,,,,,,REAR,,,,,,,,,,,,,,,,,,,,,,,,,,,,,,,,,
2136746,bb9f28f9b6e70249a7649f5e4373ee244bbf31245db18fbf123447a0eeb2ba2dcc2e1539abe077997081c996dff81086b27dbf80b9559ea25a077e72e4414ad5,08/25/2025 08:00:00 PM,1,DRIVER,,2036920,,JEEP,COMPASS,IL,2025,UNKNOWN,PASSENGER,PERSONAL,UNKNOWN,STRAIGHT AHEAD,,,1,,,,,,,,,,,,,,,,,Y,UNKNOWN,,,,,,,,,,,,,,,,,,,,,,,,,,,,,,,,,
2136747,bb9f28f9b6e70249a7649f5e4373ee244bbf31245db18fbf123447a0eeb2ba2dcc2e1539abe077997081c996dff81086b27dbf80b9559ea25a077e72e4414ad5,08/25/2025 08:00:00 PM,2,PARKED,,2036921,,CHEVROLET,MALIBU,IL,2021,NONE,PASSENGER,PERSONAL,UNKNOWN,PARKED,,,0,,,,,,,,,Y,Y,Y,,,,,,,REAR,,,,,,,,,,,,,,,,,,,,,,,,,,,,,,,,,
2138169,d121ebba3c9cf99eee4bc192273d18fd1d6b5add8abc120ef39d92b0e3d8fc2fd1098fef3150753c386f5bd286c5ddfe84979ac58c2bf61602255be4fae6e6a0,08/25/2025 08:00:00 PM,1,PARKED,1,2038256,,JEEP,CHEROKEE,IL,2015,NONE,SPORT UTILITY VEHICLE (SUV),PERSONAL,S,PARKED,,,1,,,,,,,,,,,,,,Y,,,,SIDE-LEFT-FRONT,,,,,,,,,,,,,,,,,,,,,,,,,,,,,,,,,
2138170,d121ebba3c9cf99eee4bc192273d18fd1d6b5add8abc120ef39d92b0e3d8fc2fd1098fef3150753c386f5bd286c5ddfe84979ac58c2bf61602255be4fae6e6a0,08/25/2025 08:00:00 PM,2,DRIVER,,2038257,,FORD,FUSION,IL,2014,NONE,PASSENGER,PERSONAL,S,STRAIGHT AHEAD,,,1,,,,,,,,,,,,,,,,Y,,FRONT,,,,,,,,,,,,,,,,,,,,,,,,,,,,,,,,,
2136754,97a48ddce48af3b8edb07745b4946d3d295af70f010adb9feca556b75e87fab8350be87604c10ebf73dec1b03951b8a7168bfd34386b699ca4378533c84ae5c9,08/25/2025 07:52:00 PM,1,DRIVER,,2036926,,FORD,FOCUS,IL,2014,NONE,PASSENGER,PERSONAL,N,PASSING/OVERTAKING,,,1,,,,,,,,,,,Y,Y,Y,,,,Y,SIDE-LEFT-REAR,,,,,,,,,,,,,,,,,,,,,,,,,,,,,,,,,
2136755,97a48ddce48af3b8edb07745b4946d3d295af70f010adb9feca556b75e87fab8350be87604c10ebf73dec1b03951b8a7168bfd34386b699ca4378533c84ae5c9,08/25/2025 07:52:00 PM,2,DRIVER,,2036933,,HYUNDAI,ACCENT,IL,2008,NONE,PASSENGER,PERSONAL,N,STRAIGHT AHEAD,,,1,,,,,Y,,,,,,,,,,,Y,Y,FRONT-RIGHT-CORNER,,,,,,,,,,,,,,,,,,,,,,,,,,,,,,,,,
2136724,e9dcd92d9b45f311fcda70878751ac6689c8381d51645327a1c03f8515c55606616fb989583985eb595b73eb37bcdb86baed1ede2386f9ed27b56361a87f153f,08/25/2025 07:19:00 PM,1,DRIVER,,2036894,,HYUNDAI,ELANTRA,TX,2013,UNKNOWN,PASSENGER,PERSONAL,UNKNOWN,STARTING IN TRAFFIC,,,1,,,,,,,,,,,Y,Y,Y,Y,Y,,,FRONT-LEFT-CORNER,,,,,,,,,,,,,,,,,,,,,,,,,,,,,,,,,
2136725,e9dcd92d9b45f311fcda70878751ac6689c8381d51645327a1c03f8515c55606616fb989583985eb595b73eb37bcdb86baed1ede2386f9ed27b56361a87f153f,08/25/2025 07:19:00 PM,2,DRIVER,,2036903,,CHEVROLET,TAHOE,IL,2012,UNKNOWN,SPORT UTILITY VEHICLE (SUV),PERSONAL,S,STRAIGHT AHEAD,,,1,,,,,Y,Y,,,,,,,,,,Y,,FRONT-RIGHT-CORNER,,,,,,,,,,,,,,,,,,,,,,,,,,,,,,,,,
2136748,cb42fa3bcde17073abfd8006cde838f9d3be41492dc5514bba826f8cafe5848bd3f2009af848190bad74ccd5ac84687460b216035987ecbb60f371731bfa33b9,08/25/2025 07:15:00 PM,1,DRIVER,,2036923,,TOYOTA,HIGHLANDER,IL,2008,UNKNOWN,PASSENGER,PERSONAL,W,TURNING LEFT,,,1,,,,,,,,,,,,Y,Y,Y,,,,SIDE-LEFT,,,,,,,,,,,,,,,,,,,,,,,,,,,,,,,,,
2136749,cb42fa3bcde17073abfd8006cde838f9d3be41492dc5514bba826f8cafe5848bd3f2009af848190bad74ccd5ac84687460b216035987ecbb60f371731bfa33b9,08/25/2025 07:15:00 PM,2,DRIVER,,2036928,,BUICK,ENCLAVE,IL,2021,UNKNOWN,PASSENGER,PERSONAL,N,BACKING,,,1,,,,,,,,,Y,,,,,,,,,REAR-RIGHT-CORNER,,,,,,,,,,,,,,,,,,,,,,,,,,,,,,,,,
2136699,22cea56a005f9955ff62903f9dc9cafb0b2fd1a3f88c64c7b327487fbec2d9646a316dcf4de57c502d8af00a1104fa53e9f9c6f31f42fe1450d7bd442aab4dfb,08/25/2025 07:10:00 PM,1,DRIVER,,2036873,,DODGE,RAM 1500 PU,XX,,UNKNOWN,PICKUP,PERSONAL,E,STRAIGHT AHEAD,,,1,,,,,,,,,,,,,,,,,Y,FRONT,,,,,,,,,,,,,,,,,,,,,,,,,,,,,,,,,
2136700,22cea56a005f9955ff62903f9dc9cafb0b2fd1a3f88c64c7b327487fbec2d9646a316dcf4de57c502d8af00a1104fa53e9f9c6f31f42fe1450d7bd442aab4dfb,08/25/2025 07:10:00 PM,2,PEDESTRIAN,,,,,,,,,,,,,,,,,,,,,,,,,,,,,,,,,,,,,,,,,,,,,,,,,,,,,,,,,,,,,,,,,,
2136688,4d0fe86c4c011d7980b8657221e9df6ca3361de1e9984ed42d2a8dcb84ac1a8175f0805555561892f01893271d2d84e314fb15f3c196dc1d193d2df6ad12a576,08/25/2025 07:07:00 PM,1,DRIVER,,2036854,,UNKNOWN,OTHER (EXPLAIN IN NARRATIVE),IL,,UNKNOWN,UNKNOWN/NA,UNKNOWN/NA,S,SLOW/STOP IN TRAFFIC,,,1,,,,,,Y,,,,,,,,,,,N,UNKNOWN,,,,,,,,,,,,,,,,,,,,,,,,,,,,,,,,,
2136689,4d0fe86c4c011d7980b8657221e9df6ca3361de1e9984ed42d2a8dcb84ac1a8175f0805555561892f01893271d2d84e314fb15f3c196dc1d193d2df6ad12a576,08/25/2025 07:07:00 PM,2,DRIVER,,2036860,,NEW FLYER,OTHER (EXPLAIN IN NARRATIVE),IL,2007,NONE,BUS OVER 15 PASS.,CTA,S,STARTING IN TRAFFIC,,,1,,,,,,,,,,,Y,,,,,,,REAR-LEFT-CORNER,,,,,,,,,,,,,,,,,,,,,,,,,,,,,,,,,
2136759,237d94ead0fcac804d969473884227bd9edd7103aa9f1f22dd8f3b55b99b08d52970cd5cd46fdfa23758b19b98729ab91577d1a7b0cc19aeac9cc8a5732411dc,08/25/2025 07:05:00 PM,2,PARKED,,2036937,,CHEVROLET,MALIBU,IL,2015,UNKNOWN,PASSENGER,PERSONAL,N,PARKED,,,0,,,,,,,,,,,Y,Y,,,,,,REAR-LEFT-CORNER,,,,,,,,,,,,,,,,,,,,,,,,,,,,,,,,,
2136762,237d94ead0fcac804d969473884227bd9edd7103aa9f1f22dd8f3b55b99b08d52970cd5cd46fdfa23758b19b98729ab91577d1a7b0cc19aeac9cc8a5732411dc,08/25/2025 07:05:00 PM,1,DRIVER,,2036934,,DODGE,CALIBER,IL,2007,UNKNOWN,PASSENGER,PERSONAL,N,STRAIGHT AHEAD,Y,,1,,CITY OF CHICAGO,10300 S. DOTY ROAD,,N,,,,,,,,,,N,N,,FRONT,,,,,,,,,,,,,,,,,,,,,,,,,,,,,,,,,
2136686,6769a41f018abbadec7ceef731f7da662bffb7878d30a4cfb619c376587f1c5019834e2dbb4b746b8707d3d5336b11a8f243dd57c63e77a556452c533e552ad6,08/25/2025 07:00:00 PM,1,DRIVER,,2036853,,HONDA,CIVIC,IL,,UNKNOWN,PASSENGER,PERSONAL,N,MERGING,,,1,,,,,,,,,,,,,,,,,Y,UNKNOWN,,,,,,,,,,,,,,,,,,,,,,,,,,,,,,,,,
2136687,6769a41f018abbadec7ceef731f7da662bffb7878d30a4cfb619c376587f1c5019834e2dbb4b746b8707d3d5336b11a8f243dd57c63e77a556452c533e552ad6,08/25/2025 07:00:00 PM,2,DRIVER,,2036858,,FORD,FUSION,IL,2017,UNKNOWN,PASSENGER,PERSONAL,N,STRAIGHT AHEAD,Y,,1,,private towing,,,Y,,,,,,,,,,,,,FRONT-RIGHT-CORNER,,,,,,,,,,,,,,,,,,,,,,,,,,,,,,,,,
2136730,9bbc76309d3654b157a48e477f983a4404e96169102f3610b0038320cda294fdea521b5ca3000e908c48b91817682a276aaac00619d5cb2f1076864d2561a796,08/25/2025 07:00:00 PM,1,DRIVER,,2036905,N,FORD,OTHER (EXPLAIN IN NARRATIVE),IL,2011,NONE,BUS UP TO 15 PASS.,UNKNOWN/NA,N,TURNING RIGHT,,,1,,,,,,,Y,Y,,,,,,,,,,SIDE-RIGHT-REAR,,,,,,,,,,,,,,,,,,,,,,,,,,,,,,,,,
2136731,9bbc76309d3654b157a48e477f983a4404e96169102f3610b0038320cda294fdea521b5ca3000e908c48b91817682a276aaac00619d5cb2f1076864d2561a796,08/25/2025 07:00:00 PM,2,PARKED,,2036906,,MERCEDES-BENZ,S-CLASS,IL,2025,NONE,PASSENGER,NOT IN USE,N,PARKED,,,0,,,,,,,,,,,,,,Y,Y,,,SIDE-LEFT-FRONT,,,,,,,,,,,,,,,,,,,,,,,,,,,,,,,,,
2136726,a4b4474fc98ab784bfa3f555ee4b6274fa7075b988cc510288b63f328ef33c5bd348521db90b9ed7b874015705b97a41c28c472fa95e3cbd5060d9f0f9aa0863,08/25/2025 06:50:00 PM,1,DRIVER,,2036898,,FORD,ESCAPE,IL,2017,UNKNOWN,PASSENGER,PERSONAL,UNKNOWN,MERGING,,,1,,,,,,,,,,,Y,,,,,,,TOTAL (ALL AREAS),,,,,,,,,,,,,,,,,,,,,,,,,,,,,,,,,
2136727,a4b4474fc98ab784bfa3f555ee4b6274fa7075b988cc510288b63f328ef33c5bd348521db90b9ed7b874015705b97a41c28c472fa95e3cbd5060d9f0f9aa0863,08/25/2025 06:50:00 PM,2,DRIVER,,2036902,,INFINITI,M35,IL,2009,UNKNOWN,PASSENGER,PERSONAL,NW,TURNING RIGHT,,,1,,,,,,,,,,,,,,Y,Y,,,FRONT-RIGHT-CORNER,,,,,,,,,,,,,,,,,,,,,,,,,,,,,,,,,
2136662,257c0e86ba7662ec0cf5a47fd8dc8b08a28de57b612f02aaaa4b2599d718d40e902be9a88842c6121456dbc2cda1a808fc5f45001e1da7ba8d8c6fa675d076f2,08/25/2025 06:45:00 PM,1,DRIVER,2,2036831,,SUBARU,FORESTER,IL,2020,UNKNOWN,PASSENGER,PERSONAL,E,STRAIGHT AHEAD,Y,,3,,PRIVATE,PRIVATE,,Y,Y,,,,,,,,,,Y,,FRONT-RIGHT-CORNER,,,,,,,,,,,,,,,,,,,,,,,,,,,,,,,,,
2136663,257c0e86ba7662ec0cf5a47fd8dc8b08a28de57b612f02aaaa4b2599d718d40e902be9a88842c6121456dbc2cda1a808fc5f45001e1da7ba8d8c6fa675d076f2,08/25/2025 06:45:00 PM,2,DRIVER,,2036847,,NISSAN,ROGUE,IL,2018,UNKNOWN,SPORT UTILITY VEHICLE (SUV),PERSONAL,N,STRAIGHT AHEAD,,,1,,,,,,,,,,,,,,Y,Y,Y,,FRONT-LEFT-CORNER,,,,,,,,,,,,,,,,,,,,,,,,,,,,,,,,,
2136701,fb34a0cfa7c652c417eee2a4d2b0ab2b390c6cf85fa95f37f66ed26776ea3c2499208279067aefa4073d23d6241d3c0196d03c94a0e64f575c2f29cc53160cfe,08/25/2025 06:45:00 PM,1,DRIVER,,2036876,,FORD,ESCAPE,IL,2016,NONE,PASSENGER,PERSONAL,E,STRAIGHT AHEAD,,,1,,,,Y,,,,,,,,,,,,,,FRONT,,,,,,,,,,,,,,,,,,,,,,,,,,,,,,,,,
2136702,fb34a0cfa7c652c417eee2a4d2b0ab2b390c6cf85fa95f37f66ed26776ea3c2499208279067aefa4073d23d6241d3c0196d03c94a0e64f575c2f29cc53160cfe,08/25/2025 06:45:00 PM,2,DRIVER,,2036881,,TOYOTA,YARIS,IL,2017,NONE,PASSENGER,PERSONAL,E,STRAIGHT AHEAD,,,1,,,,,,,,,,Y,,,,,,,,REAR,,,,,,,,,,,,,,,,,,,,,,,,,,,,,,,,,
2136684,3960b12cd6798cc4bea7754ffbe6bc1fc5fac6e7c7ea9b0c80a6d20152f73a40a36901265154cf59c60082f420e8f6107c83ce12fa2b04d8b7cec28a43acd600,08/25/2025 06:43:00 PM,1,DRIVER,,2036850,,JEEP,CHEROKEE,IL,2017,NONE,PASSENGER,PERSONAL,N,STRAIGHT AHEAD,,,1,,,,,,,,,,,,,,,,Y,,FRONT,,,,,,,,,,,,,,,,,,,,,,,,,,,,,,,,,
2136685,3960b12cd6798cc4bea7754ffbe6bc1fc5fac6e7c7ea9b0c80a6d20152f73a40a36901265154cf59c60082f420e8f6107c83ce12fa2b04d8b7cec28a43acd600,08/25/2025 06:43:00 PM,2,DRIVER,1,2036862,,HYUNDAI,SANTA FE,IL,2025,NONE,PASSENGER,PERSONAL,N,STRAIGHT AHEAD,,,2,,,,,,,,,,Y,,,,,,,,REAR,,,,,,,,,,,,,,,,,,,,,,,,,,,,,,,,,
2136712,dbd395c8042aa694165e85e8b2699a4f949ae1f12aa36eec22e2d739944d492fe47e77ff0bb40caccb1b30909a6ec3ce4db9f5564eac1f4fd0ba5ae99ca699c2,08/25/2025 06:38:00 PM,1,DRIVER,,2036890,,UNKNOWN,OTHER (EXPLAIN IN NARRATIVE),IL,,NONE,OTHER,FIRE,N,STRAIGHT AHEAD,,N,1,,,,,,,,,,,Y,,,,,,,REAR-LEFT-CORNER,,,,,,,,,,,,,,,,,,,,,,,,,,,,,,,,,
2136713,dbd395c8042aa694165e85e8b2699a4f949ae1f12aa36eec22e2d739944d492fe47e77ff0bb40caccb1b30909a6ec3ce4db9f5564eac1f4fd0ba5ae99ca699c2,08/25/2025 06:38:00 PM,2,DRIVER,,2036895,,FORD,F150,IL,2009,NONE,PASSENGER,PERSONAL,S,SLOW/STOP IN TRAFFIC,,,1,,,,,,,,,Y,Y,Y,N,,,,,,REAR-LEFT-CORNER,,,,,,,,,,,,,,,,,,,,,,,,,,,,,,,,,
2136738,611c06a375ac76bc2402520bc8a8a2292cad27ccd3bb4fb6cea914bca5b0aefb032724eec7eb89ae40cf40efbd982fce8803857502422cfc6465fbda515d89f2,08/25/2025 06:30:00 PM,1,DRIVER,,2036910,,NEW FLYER,OTHER (EXPLAIN IN NARRATIVE),IL,2007,NONE,BUS OVER 15 PASS.,CTA,E,STRAIGHT AHEAD,,,1,,,,,Y,,,,,,,,,,,,,FRONT-RIGHT-CORNER,,,,,,,,,,,,,,,,,,,,,,,,,,,,,,,,,
2136739,611c06a375ac76bc2402520bc8a8a2292cad27ccd3bb4fb6cea914bca5b0aefb032724eec7eb89ae40cf40efbd982fce8803857502422cfc6465fbda515d89f2,08/25/2025 06:30:00 PM,2,PARKED,,2036912,,FORD,TRANSIT CONNECT,IL,2015,NONE,VAN/MINI-VAN,PERSONAL,E,PARKED,,,0,,,,,,,,,,,,,,,Y,,,FRONT-LEFT-CORNER,,,,,,,,,,,,,,,,,,,,,,,,,,,,,,,,,