CRASH_UNIT_ID,CRASH_RECORD_ID,CRASH_DATE,UNIT_NO,UNIT_TYPE,NUM_PASSENGERS,VEHICLE_ID,CMRC_VEH_I,MAKE,MODEL,LIC_PLATE_STATE,VEHICLE_YEAR,VEHICLE_DEFECT,VEHICLE_TYPE,VEHICLE_USE,TRAVEL_DIRECTION,MANEUVER,TOWED_I,FIRE_I,OCCUPANT_CNT,EXCEED_SPEED_LIMIT_I,TOWED_BY,TOWED_TO,AREA_00_I,AREA_01_I,AREA_02_I,AREA_03_I,AREA_04_I,AREA_05_I,AREA_06_I,AREA_07_I,AREA_08_I,AREA_09_I,AREA_10_I,AREA_11_I,AREA_12_I,AREA_99_I,FIRST_CONTACT_POINT,CMV_ID,USDOT_NO,CCMC_NO,ILCC_NO,COMMERCIAL_SRC,GVWR,CARRIER_NAME,CARRIER_STATE,CARRIER_CITY,HAZMAT_PLACARDS_I,HAZMAT_NAME,UN_NO,HAZMAT_PRESENT_I,HAZMAT_REPORT_I,HAZMAT_REPORT_NO,MCS_REPORT_I,MCS_REPORT_NO,HAZMAT_VIO_CAUSE_CRASH_I,MCS_VIO_CAUSE_CRASH_I,IDOT_PERMIT_NO,WIDE_LOAD_I,TRAILER1_WIDTH,TRAILER2_WIDTH,TRAILER1_LENGTH,TRAILER2_LENGTH,TOTAL_VEHICLE_LENGTH,AXLE_CNT,VEHICLE_CONFIG,CARGO_BODY_TYPE,LOAD_TYPE,HAZMAT_OUT_OF_SERVICE_I,MCS_OUT_OF_SERVICE_I,HAZMAT_CLASS
2136690,e1dca9c11b337c41119c1fa75e31b38c118f11348fb29d45bd75e595267f3f2f7c6d7f23dc50dc55e1e7a3071e0116803bf7b799364efca1fe24e55f62741ac0,08/25/2025 06:24:00 PM,1,DRIVER,,2036864,,TOYOTA,COROLLA,IL,2025,NONE,PASSENGER,PERSONAL,W,STRAIGHT AHEAD,,,1,,,,,,,,,,,,,,,Y,,,FRONT-LEFT-CORNER,,,,,,,,,,,,,,,,,,,,,,,,,,,,,,,,,
2136691,e1dca9c11b337c41119c1fa75e31b38c118f11348fb29d45bd75e595267f3f2f7c6d7f23dc50dc55e1e7a3071e0116803bf7b799364efca1fe24e55f62741ac0,08/25/2025 06:24:00 PM,2,DRIVER,,2036868,,JEEP,WRANGLER,IL,2014,NONE,PASSENGER,PERSONAL,W,STRAIGHT AHEAD,,,1,,,,,Y,,,,,,,,,,,,,FRONT-RIGHT-CORNER,,,,,,,,,,,,,,,,,,,,,,,,,,,,,,,,,
2136658,bd0bc63ba950abecb1188afbfc38784d37b54ae13d24ba8f8bf2f093d0381aea9d6c1571ddee2612c5605b17bf20372417f2aad2ca85032ab5bccacac462d8b6,08/25/2025 06:10:00 PM,1,DRIVER,,2036859,,UNKNOWN,OTHER (EXPLAIN IN NARRATIVE),IL,,UNKNOWN,UNKNOWN/NA,UNKNOWN/NA,S,STRAIGHT AHEAD,,,1,,,,,,,,,,,,,,,,,Y,UNKNOWN,,,,,,,,,,,,,,,,,,,,,,,,,,,,,,,,,
2136659,bd0bc63ba950abecb1188afbfc38784d37b54ae13d24ba8f8bf2f093d0381aea9d6c1571ddee2612c5605b17bf20372417f2aad2ca85032ab5bccacac462d8b6,08/25/2025 06:10:00 PM,2,DRIVER,,2036835,,NEW FLYER,OTHER (EXPLAIN IN NARRATIVE),IL,2012,NONE,BUS OVER 15 PASS.,CTA,S,STRAIGHT AHEAD,,,1,,,,Y,,,,,,,Y,,,,,,N,REAR-LEFT-CORNER,,,,,,,,,,,,,,,,,,,,,,,,,,,,,,,,,
2136631,f0b07e2fe5fc3a2bb314ad86ae9064e21b174fa86ff722e0298445d50bf593d9ced74eda5acdbaf59d88e89b35ca95f32bdc3818c986e3c5b97a91f6bbb86147,08/25/2025 06:04:00 PM,1,DRIVER,,2036813,,LINCOLN,MKX,IL,2008,NONE,PASSENGER,PERSONAL,S,CHANGING LANES,,,1,,,,,Y,Y,,,,,,,,,,,,FRONT-RIGHT-CORNER,,,,,,,,,,,,,,,,,,,,,,,,,,,,,,,,,
2136632,f0b07e2fe5fc3a2bb314ad86ae9064e21b174fa86ff722e0298445d50bf593d9ced74eda5acdbaf59d88e89b35ca95f32bdc3818c986e3c5b97a91f6bbb86147,08/25/2025 06:04:00 PM,2,DRIVER,,2036819,,TESLA,MODEL 3,IL,2018,UNKNOWN,PASSENGER,PERSONAL,S,STRAIGHT AHEAD,,,1,,,,,,,,,,,Y,Y,,,,,,REAR-LEFT-CORNER,,,,,,,,,,,,,,,,,,,,,,,,,,,,,,,,,
2136676,5247ab08abc9c40944841ed1c8ae2efd8b26811ca87ea809f6d0ad3bad42497101276ac58325b55f2a21efb0cca51795cf1fc42235b0c3513c15ab62b5d9c6dd,08/25/2025 06:00:00 PM,1,DRIVER,,2036848,,TOYOTA,CAMRY,IL,2011,UNKNOWN,PASSENGER,PERSONAL,E,PASSING/OVERTAKING,,,1,,,,,Y,Y,Y,Y,Y,,,,,,,,,SIDE-RIGHT,,,,,,,,,,,,,,,,,,,,,,,,,,,,,,,,,
2136677,5247ab08abc9c40944841ed1c8ae2efd8b26811ca87ea809f6d0ad3bad42497101276ac58325b55f2a21efb0cca51795cf1fc42235b0c3513c15ab62b5d9c6dd,08/25/2025 06:00:00 PM,2,DRIVER,,2036863,,NEW FLYER,OTHER (EXPLAIN IN NARRATIVE),IL,2007,UNKNOWN,BUS OVER 15 PASS.,CTA,E,STRAIGHT AHEAD,,,1,,,,Y,,,,,,,,,,,,,,NONE,,,,,,,,,,,,,,,,,,,,,,,,,,,,,,,,,
2137328,e528b9652291f51b96180baa5a04825ee7cb74be6f7afcabf8edec51dbb33e5d08f312dee98dd056661f0f9776be07b2695c98ac64909afceb2ac5897fd75d28,08/25/2025 05:58:00 PM,1,PARKED,,2037456,,GENERAL MOTORS CORPORATION (GMC),SUBURBAN,IL,,UNKNOWN,PASSENGER,UNKNOWN/NA,N,PARKED,,,0,,,,,,,,,,,,,Y,Y,,,,SIDE-LEFT,,,,,,,,,,,,,,,,,,,,,,,,,,,,,,,,,
2137329,e528b9652291f51b96180baa5a04825ee7cb74be6f7afcabf8edec51dbb33e5d08f312dee98dd056661f0f9776be07b2695c98ac64909afceb2ac5897fd75d28,08/25/2025 05:58:00 PM,2,DRIVER,,2037457,,TOYOTA,CAMRY,IL,2004,NONE,PASSENGER,PERSONAL,N,STRAIGHT AHEAD,,,1,,,,,,Y,Y,,,,,,,,,,,SIDE-RIGHT,,,,,,,,,,,,,,,,,,,,,,,,,,,,,,,,,
2136643,57ef046ce5ee61efcd1aaab5a47c2d1b6e2bdbd194df12b8e32efebcd0e8d04bee68341aa12eb11e471c95a278c6b45f4fed456689891b759fc8ace5df38c355,08/25/2025 05:53:00 PM,1,DRIVER,,2036817,,DODGE,OTHER (EXPLAIN IN NARRATIVE),IL,2016,UNKNOWN,VAN/MINI-VAN,UNKNOWN/NA,W,ENTERING TRAFFIC LANE FROM PARKING,,,1,,,,,,,,,,,,,,,Y,,,FRONT-LEFT-CORNER,,,,,,,,,,,,,,,,,,,,,,,,,,,,,,,,,
2136644,57ef046ce5ee61efcd1aaab5a47c2d1b6e2bdbd194df12b8e32efebcd0e8d04bee68341aa12eb11e471c95a278c6b45f4fed456689891b759fc8ace5df38c355,08/25/2025 05:53:00 PM,2,DRIVER,,2036824,,HYUNDAI,SANTA FE,IL,2011,UNKNOWN,SPORT UTILITY VEHICLE (SUV),UNKNOWN/NA,W,UNKNOWN/NA,,,1,,,,,,,,,,,,,,,,,Y,UNKNOWN,,,,,,,,,,,,,,,,,,,,,,,,,,,,,,,,,
2136633,c57544816694cc7024d17bf2ab63248756dbcbc50e333b404855c7a1f244b6688c1f974ac24153dae59e81ac4c72b6cea08e8baa9db65549489be0686a1992f7,08/25/2025 05:53:00 PM,1,DRIVER,,2036811,,CHEVROLET,VAN,IL,2023,NONE,VAN/MINI-VAN,COMMERCIAL - SINGLE UNIT,S,STRAIGHT AHEAD,,,1,,,,,,Y,,,,,,,,,,,,OTHER,,,,,,,,,,,,,,,,,,,,,,,,,,,,,,,,,
2136634,c57544816694cc7024d17bf2ab63248756dbcbc50e333b404855c7a1f244b6688c1f974ac24153dae59e81ac4c72b6cea08e8baa9db65549489be0686a1992f7,08/25/2025 05:53:00 PM,2,DRIVER,,2036818,N,NEW FLYER,OTHER (EXPLAIN IN NARRATIVE),IL,2007,NONE,BUS OVER 15 PASS.,CTA,S,OTHER,,,1,,,,,,,,,,,,,,Y,,,,OTHER,,,,,,,,,,,,,,,,,,,,,,,,,,,,,,,,,
2136714,f46ee96e77d320a312ee4a5c465e5b6413b2055064dae2b4284d711e889837814f0cb9509c3e21a592ea00f8e65263d749ccb541754dfcc3a793924cf84f96ec,08/25/2025 05:52:00 PM,1,DRIVER,,2036885,,TOYOTA,COROLLA,IL,2022,UNKNOWN,PASSENGER,PERSONAL,E,SLOW/STOP IN TRAFFIC,,,1,,,,,Y,,,,,,,,,,,,,FRONT-RIGHT-CORNER,,,,,,,,,,,,,,,,,,,,,,,,,,,,,,,,,
2136715,f46ee96e77d320a312ee4a5c465e5b6413b2055064dae2b4284d711e889837814f0cb9509c3e21a592ea00f8e65263d749ccb541754dfcc3a793924cf84f96ec,08/25/2025 05:52:00 PM,2,DRIVER,,2036897,,HARLEY-DAVIDSON,HARLEY-DAVIDSON,IL,2014,UNKNOWN,MOTORCYCLE (OVER 150CC),PERSONAL,E,UNKNOWN/NA,,,1,,,,Y,,,,,,,,,,,,,,REAR,,,,,,,,,,,,,,,,,,,,,,,,,,,,,,,,,
2136722,34d43253dd8f917b685032968262db8b267f6f79a4e9286b530171b19548b1e89e9b4f0e2966716f93c1e452259c5b57dca4379edbfa1705d23d76eae9c93a5d,08/25/2025 05:50:00 PM,1,DRIVER,,2036892,,JEEP,GRAND CHEROKEE,IL,2001,UNKNOWN,PASSENGER,PERSONAL,E,STRAIGHT AHEAD,,,1,,,,,,,,,,,,,,,,Y,,FRONT,,,,,,,,,,,,,,,,,,,,,,,,,,,,,,,,,
2136723,34d43253dd8f917b685032968262db8b267f6f79a4e9286b530171b19548b1e89e9b4f0e2966716f93c1e452259c5b57dca4379edbfa1705d23d76eae9c93a5d,08/25/2025 05:50:00 PM,2,DRIVER,,2036900,,TESLA,MODEL Y,WI,2024,UNKNOWN,PASSENGER,PERSONAL,E,STRAIGHT AHEAD,,,1,,,,,,,,,,Y,,,,,,,,REAR,,,,,,,,,,,,,,,,,,,,,,,,,,,,,,,,,
2136649,5a9bf835cf47bbb69a756f3bc92bd131eefe733e054dd1d48c713a1d2fcc98212bdb99ec032c06859cd7f6dc5eac640f2f91bf879659cd57e603057491e0750d,08/25/2025 05:49:00 PM,1,DRIVER,,2036826,,CADILLAC,XTS,IL,2017,NONE,SPORT UTILITY VEHICLE (SUV),UNKNOWN/NA,S,OTHER,,,1,,,,,,,,,,,,,Y,,,,,SIDE-LEFT,,,,,,,,,,,,,,,,,,,,,,,,,,,,,,,,,
2136650,5a9bf835cf47bbb69a756f3bc92bd131eefe733e054dd1d48c713a1d2fcc98212bdb99ec032c06859cd7f6dc5eac640f2f91bf879659cd57e603057491e0750d,08/25/2025 05:49:00 PM,2,DRIVER,,2036837,,TESLA,OTHER (EXPLAIN IN NARRATIVE),IL,2021,NONE,SPORT UTILITY VEHICLE (SUV),UNKNOWN/NA,S,STRAIGHT AHEAD,,,1,,,,,,Y,,,,,,,,,,,,FRONT-RIGHT-CORNER,,,,,,,,,,,,,,,,,,,,,,,,,,,,,,,,,
2136647,fc8fa316fd7f92650c66804c3c3b11d949362d7a9810f21675790f3df746cf06b6fcba715ebe1abc600c0bc132ab7297876e3e4f6b186ec764ded87c539a51e7,08/25/2025 05:48:00 PM,1,DRIVER,,2036822,,TOYOTA,COROLLA,IL,2003,UNKNOWN,PASSENGER,PERSONAL,N,TURNING LEFT,,,1,,,,,Y,,,,,,,,,,,Y,,FRONT-RIGHT-CORNER,,,,,,,,,,,,,,,,,,,,,,,,,,,,,,,,,
2136648,fc8fa316fd7f92650c66804c3c3b11d949362d7a9810f21675790f3df746cf06b6fcba715ebe1abc600c0bc132ab7297876e3e4f6b186ec764ded87c539a51e7,08/25/2025 05:48:00 PM,2,DRIVER,1,2036830,,FORD,FIESTA,IL,2014,UNKNOWN,PASSENGER,PERSONAL,N,STRAIGHT AHEAD,,,2,,,,,,,,,,,Y,Y,Y,Y,,,,SIDE-LEFT,,,,,,,,,,,,,,,,,,,,,,,,,,,,,,,,,
2136576,63b8dade4c5388da54d41a26acef7ab9048dd810f670278c3c854cc8440e3c9bf07195286fa5ba1dea69e29a958cbb6f8467b1cfa71c9bce89b60cc37e3b08ea,08/25/2025 05:45:00 PM,1,DRIVER,,2036746,,FORD,ECONOLINE E150,IL,1997,NONE,VAN/MINI-VAN,PERSONAL,W,STRAIGHT AHEAD,,,1,,,,,,,,,,,,,,,Y,,,FRONT-LEFT-CORNER,,,,,,,,,,,,,,,,,,,,,,,,,,,,,,,,,
2136577,63b8dade4c5388da54d41a26acef7ab9048dd810f670278c3c854cc8440e3c9bf07195286fa5ba1dea69e29a958cbb6f8467b1cfa71c9bce89b60cc37e3b08ea,08/25/2025 05:45:00 PM,2,DRIVER,,2036754,,LEXUS,RX350,IL,2013,NONE,SPORT UTILITY VEHICLE (SUV),PERSONAL,W,STRAIGHT AHEAD,,,1,,,,,,,,,Y,,,,,,,,,FRONT-RIGHT-CORNER,,,,,,,,,,,,,,,,,,,,,,,,,,,,,,,,,
2136618,89d196471dd0b6401948a20a50bd4c979c366d57ef20180c08e9008d4fc264cda7629cef13a992bbe2af5dc9813d43f67a13837b04b7f8dc5075c86da4de00fa,08/25/2025 05:38:00 PM,1,DRIVER,,2036799,,NISSAN,ALTIMA,IL,2004,UNKNOWN,PASSENGER,PERSONAL,E,TURNING LEFT,,,1,,,,,Y,,,,,,,,,,Y,Y,,FRONT,,,,,,,,,,,,,,,,,,,,,,,,,,,,,,,,,
2136619,89d196471dd0b6401948a20a50bd4c979c366d57ef20180c08e9008d4fc264cda7629cef13a992bbe2af5dc9813d43f67a13837b04b7f8dc5075c86da4de00fa,08/25/2025 05:38:00 PM,2,DRIVER,1,2036804,,LEXUS,HS250H,IL,2010,UNKNOWN,PASSENGER,RIDESHARE SERVICE,N,STRAIGHT AHEAD,,,2,,,,,Y,Y,Y,Y,Y,,,,,,,,,SIDE-RIGHT,,,,,,,,,,,,,,,,,,,,,,,,,,,,,,,,,
2136682,6574bf6312ef6b1bc3042861bb0a64e588d22fc28c9db022f281777e653030320960c017054ecf983010f4a6d25be77dd040be55ba90cc858610b30b28bd0fdd,08/25/2025 05:37:00 PM,1,DRIVER,14,2036875,N,FORD,F550,IL,2012,UNKNOWN,BUS UP TO 15 PASS.,OTHER,W,TURNING RIGHT,,,15,,,,,,,,,,Y,Y,Y,,,,,,REAR-LEFT-CORNER,,,,,,,,,,,,,,,,,,,,,,,,,,,,,,,,,
2136683,6574bf6312ef6b1bc3042861bb0a64e588d22fc28c9db022f281777e653030320960c017054ecf983010f4a6d25be77dd040be55ba90cc858610b30b28bd0fdd,08/25/2025 05:37:00 PM,2,DRIVER,,2036893,,CHEVROLET,SILVERADO,IL,2017,UNKNOWN,PICKUP,PERSONAL,W,STRAIGHT AHEAD,,,1,,,,,Y,Y,Y,,,,,,,,,,,FRONT-RIGHT-CORNER,,,,,,,,,,,,,,,,,,,,,,,,,,,,,,,,,
2136604,e953af6a37e331162bbe55999df10122aa367a108cb7aae1c2da42813c790c8fc1ebb4d9e86b34640e5f4cd30d9ae37c6fd5e2119a916aa22c2e97576da945e0,08/25/2025 05:37:00 PM,1,DRIVER,,2036782,,UNKNOWN,OTHER (EXPLAIN IN NARRATIVE),IL,,UNKNOWN,UNKNOWN/NA,UNKNOWN/NA,E,STRAIGHT AHEAD,,,1,,,,,,,,,,,,,,,,Y,,UNKNOWN,,,,,,,,,,,,,,,,,,,,,,,,,,,,,,,,,
2136605,e953af6a37e331162bbe55999df10122aa367a108cb7aae1c2da42813c790c8fc1ebb4d9e86b34640e5f4cd30d9ae37c6fd5e2119a916aa22c2e97576da945e0,08/25/2025 05:37:00 PM,2,DRIVER,1,2036790,,KIA,OTHER (EXPLAIN IN NARRATIVE),IL,2025,UNKNOWN,PASSENGER,PERSONAL,E,STRAIGHT AHEAD,,,2,,,,,,,,,Y,,,,,,,,,REAR-RIGHT-CORNER,,,,,,,,,,,,,,,,,,,,,,,,,,,,,,,,,
2136637,606db7f0b13f32a9f66e41cfcea0ec3155775d745acf426498c52eae076bb09196347919b4c27e59e9f5b5186bc53a84cf8759b2ba38524300046c06855f5821,08/25/2025 05:35:00 PM,1,DRIVER,1,2036833,,HYUNDAI,SANTA FE,IL,2017,NONE,SPORT UTILITY VEHICLE (SUV),PERSONAL,E,STRAIGHT AHEAD,Y,,2,,,,,Y,Y,,,,,,,,,,N,,FRONT-RIGHT-CORNER,,,,,,,,,,,,,,,,,,,,,,,,,,,,,,,,,
2136638,606db7f0b13f32a9f66e41cfcea0ec3155775d745acf426498c52eae076bb09196347919b4c27e59e9f5b5186bc53a84cf8759b2ba38524300046c06855f5821,08/25/2025 05:35:00 PM,2,DRIVER,,2036825,,TOYOTA,COROLLA,IL,2016,NONE,PASSENGER,PERSONAL,W,TURNING LEFT,,,1,,,,,,,Y,Y,,,,,,,,,,SIDE-RIGHT,,,,,,,,,,,,,,,,,,,,,,,,,,,,,,,,,
2136707,34ac5f55ff385907255856548559cc04764cee8de0dab2c4489aad0f1084caccfc0e2d4497c84d7e383025257b55666676f3f908bc5930b44003fab6ddfe44fe,08/25/2025 05:30:00 PM,1,DRIVER,,2036880,,HYUNDAI,TUCSON,IL,2011,OTHER,PASSENGER,PERSONAL,UNKNOWN,STRAIGHT AHEAD,,,1,,,,,Y,,,,,,,,,,Y,Y,,FRONT,,,,,,,,,,,,,,,,,,,,,,,,,,,,,,,,,
2136708,34ac5f55ff385907255856548559cc04764cee8de0dab2c4489aad0f1084caccfc0e2d4497c84d7e383025257b55666676f3f908bc5930b44003fab6ddfe44fe,08/25/2025 05:30:00 PM,2,DRIVERLESS,,2036884,,GENERAL MOTORS CORPORATION (GMC),ACADIA,XX,2010,UNKNOWN,PASSENGER,PERSONAL,UNKNOWN,PARKED,Y,,0,,PRIVATE TOW,,,Y,,,,,,,,,,Y,Y,,FRONT,,,,,,,,,,,,,,,,,,,,,,,,,,,,,,,,,
2138580,46917e8efce098f19de393bc2c86f3b5e244a088c6ded0040be01482ff0d3ca61d433767ecb112f5a212a864a2478368bc146e24ccc1959240e611693c772ab3,08/25/2025 05:30:00 PM,1,DRIVER,,2038653,,TOYOTA,RAV4,IL,2018,UNKNOWN,SPORT UTILITY VEHICLE (SUV),UNKNOWN/NA,S,UNKNOWN/NA,N,,1,,,,,Y,Y,,,,,,,,,,,,FRONT-RIGHT-CORNER,,,,,,,,,,,,,,,,,,,,,,,,,,,,,,,,,
2138581,46917e8efce098f19de393bc2c86f3b5e244a088c6ded0040be01482ff0d3ca61d433767ecb112f5a212a864a2478368bc146e24ccc1959240e611693c772ab3,08/25/2025 05:30:00 PM,2,PARKED,,2038654,,TOYOTA,LAND CRUISER,IL,2025,UNKNOWN,SPORT UTILITY VEHICLE (SUV),NOT IN USE,S,PARKED,,,0,,,,,,,,,,,Y,Y,,,,,,SIDE-LEFT-REAR,,,,,,,,,,,,,,,,,,,,,,,,,,,,,,,,,
2136602,59c67090260c643ffc52d8558b7183586dddba1ad960d1f789e6b4d79bd09d7c0aa166fe16f36a1b37fc6cb10f758e625f68a78c16df7285894a929f2dc97522,08/25/2025 05:30:00 PM,1,DRIVER,,2036779,,NEW FLYER,OTHER (EXPLAIN IN NARRATIVE),IL,2006,NONE,BUS OVER 15 PASS.,CTA,S,STRAIGHT AHEAD,,,1,,,,,,,,Y,Y,,,,,,,,,REAR-RIGHT-CORNER,,,,,,,,,,,,,,,,,,,,,,,,,,,,,,,,,
2136603,59c67090260c643ffc52d8558b7183586dddba1ad960d1f789e6b4d79bd09d7c0aa166fe16f36a1b37fc6cb10f758e625f68a78c16df7285894a929f2dc97522,08/25/2025 05:30:00 PM,2,PARKED,,2036789,,ACURA,ADX,IL,2021,NONE,SPORT UTILITY VEHICLE (SUV),PERSONAL,S,PARKED,Y,,0,,PERSONAL TOW ORDERED,,,Y,,,,,,,,,Y,Y,Y,,SIDE-LEFT-FRONT,,,,,,,,,,,,,,,,,,,,,,,,,,,,,,,,,
2136670,5c202aa953e92b4376f1c93a33bf42aaae58b3604f9cd1a90e2e4743be58afd38c2f38d9379d91cd65affdbf86d2a5d40644fc6861c97e38ec948d0f881e65e7,08/25/2025 05:30:00 PM,1,DRIVER,,2036846,,TESLA,OTHER (EXPLAIN IN NARRATIVE),IL,2020,NONE,PASSENGER,PERSONAL,N,STRAIGHT AHEAD,,,1,,,,,,,,,,,,,,,,Y,,FRONT,,,,,,,,,,,,,,,,,,,,,,,,,,,,,,,,,
2136671,5c202aa953e92b4376f1c93a33bf42aaae58b3604f9cd1a90e2e4743be58afd38c2f38d9379d91cd65affdbf86d2a5d40644fc6861c97e38ec948d0f881e65e7,08/25/2025 05:30:00 PM,2,DRIVER,,2036851,,CHEVROLET,CRUZE,IL,2013,NONE,PASSENGER,PERSONAL,N,STRAIGHT AHEAD,,,1,,,,,,,,,,Y,,,,,,,,REAR,,,,,,,,,,,,,,,,,,,,,,,,,,,,,,,,,
2136654,81e62e1b3e7a4d0c17dd0cf8fe9c88e7fc5b16b8a1d34e67ce38b7099951844b6c3ad3ab722afa02536193057857cd2eb6c15dc8d6372049b2e543e7bf3b7c4a,08/25/2025 05:30:00 PM,1,DRIVER,,2036834,,UNKNOWN,ENCLOSED BODY,,,UNKNOWN,PASSENGER,PERSONAL,UNKNOWN,STRAIGHT AHEAD,,,1,,,,,,,,,,,,,,,,,Y,UNKNOWN,,,,,,,,,,,,,,,,,,,,,,,,,,,,,,,,,
2136655,81e62e1b3e7a4d0c17dd0cf8fe9c88e7fc5b16b8a1d34e67ce38b7099951844b6c3ad3ab722afa02536193057857cd2eb6c15dc8d6372049b2e543e7bf3b7c4a,08/25/2025 05:30:00 PM,2,PARKED,,2036839,,CHEVROLET,EQUINOX,IL,2017,UNKNOWN,PASSENGER,PERSONAL,UNKNOWN,PARKED,,,0,,,,,,,,,,N,Y,,,,,,,SIDE-LEFT-REAR,,,,,,,,,,,,,,,,,,,,,,,,,,,,,,,,,
2136639,9214c6a5eb6c85e1e8df1d7e0a8de235f3cc7c7f67801b33ce6253bb38f82f39faba9b485a2f1a7e4ef8494f1eb43fd87ae7644d1040f33337f553af2a3c9d39,08/25/2025 05:27:00 PM,1,DRIVER,,2036815,,HYUNDAI,SONATA,IN,2012,UNKNOWN,PASSENGER,PERSONAL,E,STRAIGHT AHEAD,,,1,,,,,Y,,,,,,,,,,Y,Y,,FRONT,,,,,,,,,,,,,,,,,,,,,,,,,,,,,,,,,
2136640,9214c6a5eb6c85e1e8df1d7e0a8de235f3cc7c7f67801b33ce6253bb38f82f39faba9b485a2f1a7e4ef8494f1eb43fd87ae7644d1040f33337f553af2a3c9d39,08/25/2025 05:27:00 PM,2,DRIVER,3,2036869,,HYUNDAI,GENESIS,IL,2015,UNKNOWN,PASSENGER,PERSONAL,N,STRAIGHT AHEAD,Y,,4,,owner,,,,,,,,,,,Y,Y,Y,N,,FRONT-LEFT-CORNER,,,,,,,,,,,,,,,,,,,,,,,,,,,,,,,,,
2136629,5d391a5ab5343574b22926ed99c6aef04a7a5ff46f4b4cadf634fcd178dcff329f37edb375006ba8c3680f17da068bc26aa6de868c6771ded3d4d1292871b01a,08/25/2025 05:25:00 PM,1,DRIVER,,2036807,,CHRYSLER,PACIFICA,IL,2018,UNKNOWN,VAN/MINI-VAN,PERSONAL,NE,TURNING LEFT,,,1,,,,Y,,,,,,,,,,,,,,FRONT-LEFT-CORNER,,,,,,,,,,,,,,,,,,,,,,,,,,,,,,,,,
2136630,5d391a5ab5343574b22926ed99c6aef04a7a5ff46f4b4cadf634fcd178dcff329f37edb375006ba8c3680f17da068bc26aa6de868c6771ded3d4d1292871b01a,08/25/2025 05:25:00 PM,2,PEDESTRIAN,,,,,,,,,,,,,,,,,,,,,,,,,,,,,,,,,,,,,,,,,,,,,,,,,,,,,,,,,,,,,,,,,,
2136703,307423c414ae0986b61a7ec1c5bfc837f6385ccb6b8545697c20aeec680b17d24bf3eedd82f8ba2fd1894acd748ddde04d4ccd1612de611316771541aed10201,08/25/2025 05:20:00 PM,1,DRIVER,,2036877,,NOVA BUS,OTHER (EXPLAIN IN NARRATIVE),IL,2022,UNKNOWN,BUS OVER 15 PASS.,CTA,W,BACKING,,,1,,,,,,,,,,,,,,,,,Y,UNKNOWN,,,,,,,,,,,,,,,,,,,,,,,,,,,,,,,,,
2136704,307423c414ae0986b61a7ec1c5bfc837f6385ccb6b8545697c20aeec680b17d24bf3eedd82f8ba2fd1894acd748ddde04d4ccd1612de611316771541aed10201,08/25/2025 05:20:00 PM,2,DRIVER,1,2036882,,TESLA,MODEL Y,IL,2021,UNKNOWN,PASSENGER,PERSONAL,E,STRAIGHT AHEAD,,,2,,,,,Y,,,,,,,,,,Y,Y,,FRONT,,,,,,,,,,,,,,,,,,,,,,,,,,,,,,,,,
2136596,5926a76433b9871a39e063d4e7ce7e2d763dbc495b56b841bfc05db1197cab8385fa4e595123d293fe50464ea6af1a46dfb94f24880532881954865732e498da,08/25/2025 05:20:00 PM,1,DRIVER,2,2036774,,NISSAN,ALTIMA,IL,2010,UNKNOWN,PASSENGER,PERSONAL,NE,PASSING/OVERTAKING,,,3,,,,,Y,Y,,,,,,,,,,Y,Y,FRONT-RIGHT-CORNER,,,,,,,,,,,,,,,,,,,,,,,,,,,,,,,,,
2136622,5926a76433b9871a39e063d4e7ce7e2d763dbc495b56b841bfc05db1197cab8385fa4e595123d293fe50464ea6af1a46dfb94f24880532881954865732e498da,08/25/2025 05:20:00 PM,2,DRIVER,1,2036797,,JEEP,CHEROKEE,IL,2011,UNKNOWN,PASSENGER,PERSONAL,E,STRAIGHT AHEAD,,,2,,,,,,,,,,,,,,Y,Y,Y,Y,FRONT-LEFT-CORNER,,,,,,,,,,,,,,,,,,,,,,,,,,,,,,,,,
2136612,e003e82f0575cdfdc2c8da5f78e08f92f1307fca0ec2486e04f119e756e1339ec4e853cc71d52b958c0a5c9fa4c8fe7ba6af004ff1e1b97bdbe11357daefca94,08/25/2025 05:20:00 PM,1,DRIVER,,2036806,,FORD,OTHER (EXPLAIN IN NARRATIVE),IL,2007,NONE,PASSENGER,PERSONAL,E,PASSING/OVERTAKING,,,1,,,,,,,,,,,,,,,,,,SIDE-RIGHT,,,,,,,,,,,,,,,,,,,,,,,,,,,,,,,,,
2136613,e003e82f0575cdfdc2c8da5f78e08f92f1307fca0ec2486e04f119e756e1339ec4e853cc71d52b958c0a5c9fa4c8fe7ba6af004ff1e1b97bdbe11357daefca94,08/25/2025 05:20:00 PM,2,DRIVER,,2036814,,TOYOTA,COROLLA,MN,2005,NONE,PASSENGER,PERSONAL,E,STRAIGHT AHEAD,,,1,,,,,,,,,,,,,,Y,Y,,,SIDE-LEFT-FRONT,,,,,,,,,,,,,,,,,,,,,,,,,,,,,,,,,
2139941,faf8e2c46b101cbaff7771d3fe7adcb0e1cbae4ccb8c061580c872e6c64de17ff887781ab430765e22887ee918aa5997a9a57d9efd05cc83731030db319aa87f,08/25/2025 05:20:00 PM,1,DRIVER,,2039933,,JEEP,JEEP,IL,2014,UNKNOWN,PASSENGER,UNKNOWN/NA,S,STRAIGHT AHEAD,,,1,,,,,,,,,,,,,,,,,Y,FRONT,,,,,,,,,,,,,,,,,,,,,,,,,,,,,,,,,