CRASH_UNIT_ID,CRASH_RECORD_ID,CRASH_DATE,UNIT_NO,UNIT_TYPE,NUM_PASSENGERS,VEHICLE_ID,CMRC_VEH_I,MAKE,MODEL,LIC_PLATE_STATE,VEHICLE_YEAR,VEHICLE_DEFECT,VEHICLE_TYPE,VEHICLE_USE,TRAVEL_DIRECTION,MANEUVER,TOWED_I,FIRE_I,OCCUPANT_CNT,EXCEED_SPEED_LIMIT_I,TOWED_BY,TOWED_TO,AREA_00_I,AREA_01_I,AREA_02_I,AREA_03_I,AREA_04_I,AREA_05_I,AREA_06_I,AREA_07_I,AREA_08_I,AREA_09_I,AREA_10_I,AREA_11_I,AREA_12_I,AREA_99_I,FIRST_CONTACT_POINT,CMV_ID,USDOT_NO,CCMC_NO,ILCC_NO,COMMERCIAL_SRC,GVWR,CARRIER_NAME,CARRIER_STATE,CARRIER_CITY,HAZMAT_PLACARDS_I,HAZMAT_NAME,UN_NO,HAZMAT_PRESENT_I,HAZMAT_REPORT_I,HAZMAT_REPORT_NO,MCS_REPORT_I,MCS_REPORT_NO,HAZMAT_VIO_CAUSE_CRASH_I,MCS_VIO_CAUSE_CRASH_I,IDOT_PERMIT_NO,WIDE_LOAD_I,TRAILER1_WIDTH,TRAILER2_WIDTH,TRAILER1_LENGTH,TRAILER2_LENGTH,TOTAL_VEHICLE_LENGTH,AXLE_CNT,VEHICLE_CONFIG,CARGO_BODY_TYPE,LOAD_TYPE,HAZMAT_OUT_OF_SERVICE_I,MCS_OUT_OF_SERVICE_I,HAZMAT_CLASS
2139942,faf8e2c46b101cbaff7771d3fe7adcb0e1cbae4ccb8c061580c872e6c64de17ff887781ab430765e22887ee918aa5997a9a57d9efd05cc83731030db319aa87f,08/25/2025 05:20:00 PM,2,DRIVER,,2039935,,CHEVROLET,EQUINOX,IL,2009,NONE,SPORT UTILITY VEHICLE (SUV),PERSONAL,S,SLOW/STOP IN TRAFFIC,,,1,,,,,,,,,,Y,,,,,,,,REAR,,,,,,,,,,,,,,,,,,,,,,,,,,,,,,,,,
2136608,21dfdff531019c97fa87b29df0349a797cdd4d0752fd6929b7e2386cad900d9cb6347c5ddc318243fda709ed42aac8e399b253013978d247d8e375ad555a38ad,08/25/2025 05:15:00 PM,1,DRIVER,,2036778,,HONDA,CIVIC,IL,2016,NONE,PASSENGER,PERSONAL,E,STRAIGHT AHEAD,,,1,,,,,,,,,,,,,,,Y,Y,,FRONT-LEFT-CORNER,,,,,,,,,,,,,,,,,,,,,,,,,,,,,,,,,
2136609,21dfdff531019c97fa87b29df0349a797cdd4d0752fd6929b7e2386cad900d9cb6347c5ddc318243fda709ed42aac8e399b253013978d247d8e375ad555a38ad,08/25/2025 05:15:00 PM,2,DRIVER,,2036788,,VOLKSWAGEN,JETTA,IL,2020,UNKNOWN,PASSENGER,PERSONAL,E,SLOW/STOP IN TRAFFIC,,,1,,,,,,,,,,Y,,,,,,,,REAR,,,,,,,,,,,,,,,,,,,,,,,,,,,,,,,,,
2136641,8068f48d2f7a13a0b16cd2d68d1823cc274ed73be1e0c3b7a5f97b77967492d8d6c755e8df1c4f2f3ea8f18aa3fd43c42d71833dc872d87cbcabb759ccc24062,08/25/2025 05:10:00 PM,1,DRIVER,,2036816,,FORD,TRANSIT,AZ,2024,UNKNOWN,VAN/MINI-VAN,OTHER,E,TURNING LEFT,,,1,,,,,Y,,,,,,,,,,,,,FRONT-RIGHT-CORNER,,,,,,,,,,,,,,,,,,,,,,,,,,,,,,,,,
2136642,8068f48d2f7a13a0b16cd2d68d1823cc274ed73be1e0c3b7a5f97b77967492d8d6c755e8df1c4f2f3ea8f18aa3fd43c42d71833dc872d87cbcabb759ccc24062,08/25/2025 05:10:00 PM,2,PARKED,,2036821,,KIA,OPTIMA / K5,IL,2022,UNKNOWN,PASSENGER,PERSONAL,W,PARKED,,,0,,,,,Y,,,,,,,,,,,,,FRONT-RIGHT-CORNER,,,,,,,,,,,,,,,,,,,,,,,,,,,,,,,,,
2136554,3e01ffc220c404caefcbe8087ba460bc8ab54cebf5e204ef242ba370b48655cd3a19ad69bed95c8c3e803fd07d2bb1a0ae7a7b9916159b7b330ff528872af6cf,08/25/2025 05:00:00 PM,1,DRIVER,,2036730,,LEXUS,ES300,IL,2002,UNKNOWN,PASSENGER,PERSONAL,SE,STRAIGHT AHEAD,Y,,1,,RICOS,,,Y,,,,,,,,,,Y,Y,,FRONT,,,,,,,,,,,,,,,,,,,,,,,,,,,,,,,,,
2136555,3e01ffc220c404caefcbe8087ba460bc8ab54cebf5e204ef242ba370b48655cd3a19ad69bed95c8c3e803fd07d2bb1a0ae7a7b9916159b7b330ff528872af6cf,08/25/2025 05:00:00 PM,2,DRIVER,,2036737,,FORD,MUSTANG,IL,2025,UNKNOWN,PASSENGER,PERSONAL,SE,STRAIGHT AHEAD,,,1,,,,,,,,,Y,Y,Y,,,,,,,REAR,,,,,,,,,,,,,,,,,,,,,,,,,,,,,,,,,
2136584,556f114bb087aaa651bcd8e09e799e7b7b3a4f3b436ea8d787f21e2543ba4bac1b64bea63f2ca257999307e12029a894c4b47e58d32fb235b4ff3ee5a2fca95e,08/25/2025 05:00:00 PM,1,DRIVER,,2036761,,CHEVROLET,SILVERADO,IL,2004,UNKNOWN,PASSENGER,UNKNOWN/NA,E,TURNING LEFT,,,1,,,,,,,,,,,,,,Y,Y,,,FRONT-LEFT-CORNER,,,,,,,,,,,,,,,,,,,,,,,,,,,,,,,,,
2136585,556f114bb087aaa651bcd8e09e799e7b7b3a4f3b436ea8d787f21e2543ba4bac1b64bea63f2ca257999307e12029a894c4b47e58d32fb235b4ff3ee5a2fca95e,08/25/2025 05:00:00 PM,2,DRIVER,,2036781,,NISSAN,MURANO,IL,2020,NONE,PASSENGER,PERSONAL,E,TURNING LEFT,,,1,,,,,,Y,Y,,,,,,,,,,,SIDE-RIGHT-FRONT,,,,,,,,,,,,,,,,,,,,,,,,,,,,,,,,,
2136645,71ff67551331d52241a8fcc8c884896fb5f1fa6aa88c34c3cedc2f8ab0960421b920a6ef6a4407638bebbadc633affd75679d4864e380e1af2471447f704abd4,08/25/2025 05:00:00 PM,1,DRIVER,,2036820,,VOLKSWAGEN,ROUTAN,IL,2009,UNKNOWN,VAN/MINI-VAN,PERSONAL,UNKNOWN,BACKING,,,1,,,,,,,,,Y,Y,Y,,,,,,,REAR,,,,,,,,,,,,,,,,,,,,,,,,,,,,,,,,,
2136646,71ff67551331d52241a8fcc8c884896fb5f1fa6aa88c34c3cedc2f8ab0960421b920a6ef6a4407638bebbadc633affd75679d4864e380e1af2471447f704abd4,08/25/2025 05:00:00 PM,2,DRIVER,,2036827,,JEEP,CHEROKEE,IL,2015,UNKNOWN,PASSENGER,PERSONAL,UNKNOWN,BACKING,,,1,,,,,,,,,Y,Y,Y,,,,,,,REAR,,,,,,,,,,,,,,,,,,,,,,,,,,,,,,,,,
2137106,84c163a5dcfb9c7edf0624315ffd4dc6bc3ba7783a61fe404748ef9fb4cf723a5d735e2b63cb22f6376a227d6bffa0a9f18f5a67949ef734d57e076dbabeb748,08/25/2025 05:00:00 PM,1,DRIVER,,2037248,,UNKNOWN,MOTORIZED,,,UNKNOWN,UNKNOWN/NA,UNKNOWN/NA,UNKNOWN,UNKNOWN/NA,,,1,,,,,,,,,,,,,,,,,,UNKNOWN,,,,,,,,,,,,,,,,,,,,,,,,,,,,,,,,,
2137107,84c163a5dcfb9c7edf0624315ffd4dc6bc3ba7783a61fe404748ef9fb4cf723a5d735e2b63cb22f6376a227d6bffa0a9f18f5a67949ef734d57e076dbabeb748,08/25/2025 05:00:00 PM,2,PARKED,,2037251,,JEEP,LIBERTY,IL,2006,NONE,PASSENGER,NOT IN USE,W,PARKED,,,0,,,,,Y,,,,,,,,,,Y,Y,,FRONT,,,,,,,,,,,,,,,,,,,,,,,,,,,,,,,,,
2136718,b678e28a9414d0460f5a468e477a6ef0b895d76abdcac38e882fe69706ba07daeb5e36df9ac69cc19dbd05bdbb84af11609b127c11f1c8ce17dbc4f51beb2007,08/25/2025 05:00:00 PM,1,DRIVER,,2036889,,HONDA,ACCORD,IL,2015,UNKNOWN,PASSENGER,PERSONAL,W,STRAIGHT AHEAD,Y,,1,,PRIVATE TOW,,,Y,Y,,,,,,,,,,,,SIDE-RIGHT-FRONT,,,,,,,,,,,,,,,,,,,,,,,,,,,,,,,,,
2136719,b678e28a9414d0460f5a468e477a6ef0b895d76abdcac38e882fe69706ba07daeb5e36df9ac69cc19dbd05bdbb84af11609b127c11f1c8ce17dbc4f51beb2007,08/25/2025 05:00:00 PM,2,DRIVER,,2036899,,NISSAN,VERSA,IL,2020,UNKNOWN,PASSENGER,PERSONAL,W,STRAIGHT AHEAD,Y,,1,,PRIVATE TOW,,,,,,,,,,,Y,Y,Y,,,FRONT-LEFT-CORNER,,,,,,,,,,,,,,,,,,,,,,,,,,,,,,,,,
2136625,f518f68746c509ef1bf458403e36d3b641439fdcec056de248fefc21b59f88fa4e6a184b005e30a8a70db86df92fcf3c8828d4a5c17e17411c2f7e3d4799705f,08/25/2025 05:00:00 PM,1,DRIVER,,2036802,,NEW FLYER,OTHER (EXPLAIN IN NARRATIVE),IL,2008,NONE,BUS OVER 15 PASS.,CTA,NE,STRAIGHT AHEAD,,,1,,,,,,,,,,,,,Y,,,,,SIDE-LEFT,,,,,,,,,,,,,,,,,,,,,,,,,,,,,,,,,
2136626,f518f68746c509ef1bf458403e36d3b641439fdcec056de248fefc21b59f88fa4e6a184b005e30a8a70db86df92fcf3c8828d4a5c17e17411c2f7e3d4799705f,08/25/2025 05:00:00 PM,2,DRIVER,4,2036808,,HONDA,PILOT,IL,2010,NONE,SPORT UTILITY VEHICLE (SUV),PERSONAL,NE,STRAIGHT AHEAD,,,5,,,,,Y,,,,,,,,,,,,,FRONT-RIGHT-CORNER,,,,,,,,,,,,,,,,,,,,,,,,,,,,,,,,,
2136987,ac02801b56dd7968ffb697bc87a48fa435ba033c62cf419e0d0c04ea930c2ee1a9f8d1901b520e168a97dc52d5337b94ae660ee888dd9829059a4cd3fc2cc002,08/25/2025 04:59:00 PM,1,DRIVER,,2037163,,KIA,OPTIMA / K5,IL,2018,UNKNOWN,OTHER,UNKNOWN/NA,W,BACKING,,,1,,,,,,,,,N,N,N,,,,,,Y,REAR,,,,,,,,,,,,,,,,,,,,,,,,,,,,,,,,,
2136988,ac02801b56dd7968ffb697bc87a48fa435ba033c62cf419e0d0c04ea930c2ee1a9f8d1901b520e168a97dc52d5337b94ae660ee888dd9829059a4cd3fc2cc002,08/25/2025 04:59:00 PM,2,DRIVER,,2037174,,GENERAL MOTORS CORPORATION (GMC),ACADIA,IL,2017,UNKNOWN,SPORT UTILITY VEHICLE (SUV),PERSONAL,W,SLOW/STOP IN TRAFFIC,,,1,,,,Y,,,,,,,,,,,,,,FRONT,,,,,,,,,,,,,,,,,,,,,,,,,,,,,,,,,
2136660,134e96a331967bf21192cc75a1d8efd98e33affc9bc924f2a9a09edd606f2355c3ed0c46713ead3deedec7e1da652f971c256c1ee1be242e9c675a83fd2064dc,08/25/2025 04:55:00 PM,1,DRIVER,,2036838,,JEEP,COMPASS,IL,2002,NONE,PASSENGER,PERSONAL,S,ENTERING TRAFFIC LANE FROM PARKING,,,1,,,,,,,,,,,,,,Y,Y,,,FRONT-LEFT-CORNER,,,,,,,,,,,,,,,,,,,,,,,,,,,,,,,,,
2136661,134e96a331967bf21192cc75a1d8efd98e33affc9bc924f2a9a09edd606f2355c3ed0c46713ead3deedec7e1da652f971c256c1ee1be242e9c675a83fd2064dc,08/25/2025 04:55:00 PM,2,DRIVER,,2036855,,CHEVROLET,TRAVERSE,IL,2020,NONE,PASSENGER,PERSONAL,S,STRAIGHT AHEAD,,,1,,,,,Y,Y,Y,Y,N,,,,,,,,,SIDE-RIGHT,,,,,,,,,,,,,,,,,,,,,,,,,,,,,,,,,
2136574,2d5dbc75e3d6eded08a66f129514f3a40cdcf6ace42f57be5fe81754b4215a6efde3fc40cbb057b964f9bdc98b26106d71fff412cb38dc909f614bdbc5ab5eb6,08/25/2025 04:55:00 PM,1,DRIVER,,2036741,,FORD,ESCAPE,IL,2010,UNKNOWN,PASSENGER,PERSONAL,E,STRAIGHT AHEAD,,,1,,,,,,,,,,,,,,,Y,,,FRONT-LEFT-CORNER,,,,,,,,,,,,,,,,,,,,,,,,,,,,,,,,,
2136575,2d5dbc75e3d6eded08a66f129514f3a40cdcf6ace42f57be5fe81754b4215a6efde3fc40cbb057b964f9bdc98b26106d71fff412cb38dc909f614bdbc5ab5eb6,08/25/2025 04:55:00 PM,2,DRIVER,,2036751,,TESLA,MODEL 3,IL,2024,NONE,PASSENGER,PERSONAL,E,STRAIGHT AHEAD,,,1,,,,,,,,,Y,,,,,,,,,REAR-RIGHT-CORNER,,,,,,,,,,,,,,,,,,,,,,,,,,,,,,,,,
2136651,698cc7e9d71be702d81834a44bd1d974648242fe8bb314dc8fef397748ada99f5b02e41f250b7bf1fe922b96722a17802d81efcc7ed8707324eb531f60140207,08/25/2025 04:55:00 PM,1,DRIVER,,2036829,,NISSAN,MURANO,IL,2019,UNKNOWN,SPORT UTILITY VEHICLE (SUV),PERSONAL,W,PASSING/OVERTAKING,,,1,,,,,,,,,,,Y,,,,,,,REAR-LEFT-CORNER,,,,,,,,,,,,,,,,,,,,,,,,,,,,,,,,,
2136652,698cc7e9d71be702d81834a44bd1d974648242fe8bb314dc8fef397748ada99f5b02e41f250b7bf1fe922b96722a17802d81efcc7ed8707324eb531f60140207,08/25/2025 04:55:00 PM,2,DRIVER,,2036844,,TOYOTA,COROLLA,IL,2023,UNKNOWN,PASSENGER,PERSONAL,W,SLOW/STOP IN TRAFFIC,,,1,,,,,Y,Y,,,,,,,,Y,Y,,,FRONT-RIGHT-CORNER,,,,,,,,,,,,,,,,,,,,,,,,,,,,,,,,,
2136653,698cc7e9d71be702d81834a44bd1d974648242fe8bb314dc8fef397748ada99f5b02e41f250b7bf1fe922b96722a17802d81efcc7ed8707324eb531f60140207,08/25/2025 04:55:00 PM,3,DRIVER,1,2036857,,FORD,F450,IL,2023,UNKNOWN,PICKUP,LAWN CARE/LANDSCAPING,E,SLOW/STOP IN TRAFFIC,Y,,2,,PRIVATE,,,,,,,,,,,,Y,Y,Y,,FRONT,,,,,,,,,,,,,,,,,,,,,,,,,,,,,,,,,
2136589,db8d33757abb1d78a3c70f609695ae052b15374393ee826712754a9c06272e6d5285ffbd43dba9fa604b36ddd892568ac5aa43f6225efac104dd8d26ccee105b,08/25/2025 04:55:00 PM,1,DRIVER,,2036767,,UNKNOWN,OTHER (EXPLAIN IN NARRATIVE),,,UNKNOWN,PASSENGER,UNKNOWN/NA,S,STRAIGHT AHEAD,,,1,,,,,,,,,,,,,,,,,Y,UNKNOWN,,,,,,,,,,,,,,,,,,,,,,,,,,,,,,,,,
2136590,db8d33757abb1d78a3c70f609695ae052b15374393ee826712754a9c06272e6d5285ffbd43dba9fa604b36ddd892568ac5aa43f6225efac104dd8d26ccee105b,08/25/2025 04:55:00 PM,2,BICYCLE,,,,,,,,,,,,,,,,,,,,,,,,,,,,,,,,,,,,,,,,,,,,,,,,,,,,,,,,,,,,,,,,,,
2136606,7b17bf9f5877e4a829db13d820012787cdfd5e05050c662ceca581784071e6716d3213874bd5eeaa41ddc88cb3724a5e29d85d2331ddae6f7daa9296398832a8,08/25/2025 04:51:00 PM,1,DRIVER,,2036780,,HYUNDAI,SANTA FE,IL,2003,UNKNOWN,SPORT UTILITY VEHICLE (SUV),PERSONAL,S,SLOW/STOP IN TRAFFIC,,,1,,,,,Y,,,,,,,,,,Y,Y,,FRONT,,,,,,,,,,,,,,,,,,,,,,,,,,,,,,,,,
2136607,7b17bf9f5877e4a829db13d820012787cdfd5e05050c662ceca581784071e6716d3213874bd5eeaa41ddc88cb3724a5e29d85d2331ddae6f7daa9296398832a8,08/25/2025 04:51:00 PM,2,DRIVER,,2036796,,CHEVROLET,EXPRESS,IL,2023,UNKNOWN,VAN/MINI-VAN,CTA,S,SLOW/STOP IN TRAFFIC,,,1,,,,,,,,,Y,Y,Y,,,,,,,REAR,,,,,,,,,,,,,,,,,,,,,,,,,,,,,,,,,
2136623,268ec85c8901c60f82045fc2de294f314eb99dc7fec0205b0ba8cfa5a12050ec66e5a9f51fb1381030059339c84e2192af2472bde57f05fe7d2d1c58a378ad4f,08/25/2025 04:47:00 PM,1,DRIVER,,2036801,,CHEVROLET,EQUINOX,IL,2024,NONE,PICKUP,PERSONAL,S,STRAIGHT AHEAD,,,1,,,,,,,,,,,,,,Y,,,,FRONT-LEFT-CORNER,,,,,,,,,,,,,,,,,,,,,,,,,,,,,,,,,
2136624,268ec85c8901c60f82045fc2de294f314eb99dc7fec0205b0ba8cfa5a12050ec66e5a9f51fb1381030059339c84e2192af2472bde57f05fe7d2d1c58a378ad4f,08/25/2025 04:47:00 PM,2,DRIVER,,2036809,,NEW FLYER,OTHER (EXPLAIN IN NARRATIVE),IL,2006,NONE,PASSENGER,CTA,S,STRAIGHT AHEAD,,,1,,,,,,,Y,,,,,,,,,,,REAR-RIGHT-CORNER,,,,,,,,,,,,,,,,,,,,,,,,,,,,,,,,,
2136571,a3f20c6ee731739eee720ac90a0a00086bc890edb35b7699b901112c2624b5233eea719b16d85494a45f343d084eb07ce380e1f1379d921deeed0fea89e508da,08/25/2025 04:39:00 PM,1,DRIVER,2,2036753,,NISSAN,QUEST,IL,2007,UNKNOWN,VAN/MINI-VAN,PERSONAL,W,TURNING LEFT,,,3,,,,,Y,Y,,,,,,,,,Y,Y,,FRONT-RIGHT-CORNER,,,,,,,,,,,,,,,,,,,,,,,,,,,,,,,,,
2136572,a3f20c6ee731739eee720ac90a0a00086bc890edb35b7699b901112c2624b5233eea719b16d85494a45f343d084eb07ce380e1f1379d921deeed0fea89e508da,08/25/2025 04:39:00 PM,2,DRIVER,,2036764,,JEEP,WRANGLER,IL,2020,UNKNOWN,PASSENGER,PERSONAL,E,STRAIGHT AHEAD,,,1,,,,,,,,,,,Y,Y,Y,Y,Y,Y,,SIDE-LEFT,,,,,,,,,,,,,,,,,,,,,,,,,,,,,,,,,
2136506,b17b8c46699d4d3b16964bc61d54c5f8e49953e13992d648f987e5781385ee62c478e2f3843b2f6b3d70ad2327bbd277e882373d94c773d1d02430e03c5a3149,08/25/2025 04:30:00 PM,1,DRIVER,,2036678,,UNKNOWN,MOTORIZED,,,UNKNOWN,PASSENGER,PERSONAL,W,STRAIGHT AHEAD,,,1,,,,,Y,,,,,,,,,,Y,Y,,FRONT,,,,,,,,,,,,,,,,,,,,,,,,,,,,,,,,,
2136507,b17b8c46699d4d3b16964bc61d54c5f8e49953e13992d648f987e5781385ee62c478e2f3843b2f6b3d70ad2327bbd277e882373d94c773d1d02430e03c5a3149,08/25/2025 04:30:00 PM,2,DRIVER,,2036679,,HYUNDAI,PALISADE,IL,2020,NONE,PASSENGER,PERSONAL,W,STRAIGHT AHEAD,,,1,,,,,,,,,Y,Y,Y,,,,,,,REAR,,,,,,,,,,,,,,,,,,,,,,,,,,,,,,,,,
2136564,214520b2c8c20e48399ac46216f6d2b56fcd3b4ea45c0d8f26b3275dbb71e6cfb4ff7d926b1e199907ffd3695ba21e9b67f1716a76c323b43a0ce7f2e80d8595,08/25/2025 04:27:00 PM,1,DRIVER,,2036738,,UNKNOWN,OTHER (EXPLAIN IN NARRATIVE),IL,,UNKNOWN,UNKNOWN/NA,UNKNOWN/NA,E,STRAIGHT AHEAD,,,1,,,,,,,,,,,,,,,N,Y,,FRONT,,,,,,,,,,,,,,,,,,,,,,,,,,,,,,,,,
2136565,214520b2c8c20e48399ac46216f6d2b56fcd3b4ea45c0d8f26b3275dbb71e6cfb4ff7d926b1e199907ffd3695ba21e9b67f1716a76c323b43a0ce7f2e80d8595,08/25/2025 04:27:00 PM,2,DRIVER,,2036745,,HONDA,CR-V,IL,2011,NONE,PASSENGER,PERSONAL,E,STRAIGHT AHEAD,Y,,1,,AAA,unk,,Y,,,,Y,Y,Y,,,N,Y,Y,,REAR,,,,,,,,,,,,,,,,,,,,,,,,,,,,,,,,,
2136566,214520b2c8c20e48399ac46216f6d2b56fcd3b4ea45c0d8f26b3275dbb71e6cfb4ff7d926b1e199907ffd3695ba21e9b67f1716a76c323b43a0ce7f2e80d8595,08/25/2025 04:27:00 PM,3,DRIVER,,2036757,,FORD,FREESTAR,IL,2021,NONE,TRUCK - SINGLE UNIT,PERSONAL,E,STRAIGHT AHEAD,,,1,,,,,,,,,,Y,,,,,,,,REAR,,,,,,,,,,,,,,,,,,,,,,,,,,,,,,,,,
2136560,7fea24eedd339633c21951b51e4c957a018f141c074c9a01c741251c9685e809b27327ce87741e4de87fc8e94fb7557555e03ced99f82c2e8935eb1b46d36c4b,08/25/2025 04:22:00 PM,1,DRIVER,,2036736,,MAZDA,MAZDA3,IL,2008,UNKNOWN,PASSENGER,PERSONAL,E,STRAIGHT AHEAD,,,1,,,,,,,,Y,Y,,,,,,,,,REAR-RIGHT-CORNER,,,,,,,,,,,,,,,,,,,,,,,,,,,,,,,,,
2136561,7fea24eedd339633c21951b51e4c957a018f141c074c9a01c741251c9685e809b27327ce87741e4de87fc8e94fb7557555e03ced99f82c2e8935eb1b46d36c4b,08/25/2025 04:22:00 PM,2,DRIVER,,2036784,,INFINITI,G20,IL,2006,UNKNOWN,SPORT UTILITY VEHICLE (SUV),PERSONAL,N,STRAIGHT AHEAD,,,1,,,,,,,,,,,,,,,,Y,,FRONT,,,,,,,,,,,,,,,,,,,,,,,,,,,,,,,,,
2136530,edd7eee3b9074811977d1d71ab2ee1a86f1e8e963ddb3447b57773a3f616dbea20cbf4aa97b7319a9c5f57fd496a62d3263b325f0273c28a363d5f81db378cdb,08/25/2025 04:22:00 PM,1,DRIVER,7,2036728,Y,NOVA BUS,OTHER (EXPLAIN IN NARRATIVE),IL,2019,NONE,BUS OVER 15 PASS.,SCHOOL BUS,N,PASSING/OVERTAKING,,,8,,,,Y,,,,,,,,,,,,,,NONE,"22,074",,,,,1,ILLINOIS CENTRAL SCHOOL BUS,IL,JOLIET,,,,N,N,,N,,N,N,,,,,,,,,BUS,BUS,OTHER,N,N,
2136531,edd7eee3b9074811977d1d71ab2ee1a86f1e8e963ddb3447b57773a3f616dbea20cbf4aa97b7319a9c5f57fd496a62d3263b325f0273c28a363d5f81db378cdb,08/25/2025 04:22:00 PM,2,PARKED,,2036743,,CHEVROLET,TAHOE,IL,2011,NONE,PASSENGER,PERSONAL,N,PARKED,,,0,,,,,,,,,,,,,,Y,Y,,,SIDE-LEFT-FRONT,,,,,,,,,,,,,,,,,,,,,,,,,,,,,,,,,
2136512,3c3a62cc97c3d0b03c80ae9cdb7ac7f6ded1f488f0e5685eb4c268aaa656331782656ceb586b6367264d36e64e2562f5c910edd1e656b71b85c831ff6fd7548d,08/25/2025 04:21:00 PM,1,DRIVER,,2036685,,ACURA,TLX,IL,2023,NONE,PASSENGER,PERSONAL,N,TURNING RIGHT,,,1,,,,,Y,Y,,,,,,,,,,,,FRONT-RIGHT-CORNER,,,,,,,,,,,,,,,,,,,,,,,,,,,,,,,,,
2136513,3c3a62cc97c3d0b03c80ae9cdb7ac7f6ded1f488f0e5685eb4c268aaa656331782656ceb586b6367264d36e64e2562f5c910edd1e656b71b85c831ff6fd7548d,08/25/2025 04:21:00 PM,2,DRIVER,,2036696,,JEEP,RENEGADE,,2023,NONE,PASSENGER,PERSONAL,N,STRAIGHT AHEAD,,,1,,,,,,,,,,,,,,,Y,,,FRONT-LEFT-CORNER,,,,,,,,,,,,,,,,,,,,,,,,,,,,,,,,,
2136552,29d118045eda46e082073aa291db39983ed1c4501daee4d715ea3f0c453782b9cccd0b721882395d4f6605b0792ebdb4169c9e872a9430098b1dfcebe4f6bded,08/25/2025 04:20:00 PM,1,DRIVER,,2036735,,JEEP,LIBERTY,IL,2003,UNKNOWN,SPORT UTILITY VEHICLE (SUV),PERSONAL,SW,MERGING,,,1,,,,,,,Y,Y,Y,,,,,,,,,SIDE-RIGHT-REAR,,,,,,,,,,,,,,,,,,,,,,,,,,,,,,,,,
2136553,29d118045eda46e082073aa291db39983ed1c4501daee4d715ea3f0c453782b9cccd0b721882395d4f6605b0792ebdb4169c9e872a9430098b1dfcebe4f6bded,08/25/2025 04:20:00 PM,2,DRIVER,,2036742,,SUBARU,FORESTER,IL,2021,NONE,SPORT UTILITY VEHICLE (SUV),PERSONAL,SW,SLOW/STOP IN TRAFFIC,,,1,,,,,,,,,,,Y,Y,,,,,,SIDE-LEFT-REAR,,,,,,,,,,,,,,,,,,,,,,,,,,,,,,,,,
2136499,4e87cb2433b1c03eb8a16407fffcb49e4db7a617024e2f9daf293993d66381e27e3ebb315632ee2391bd1a24811264bb2c1b8d07927205a63ee0a1ef82fb0ebf,08/25/2025 04:15:00 PM,1,DRIVER,,2036687,,CHEVROLET,VAN,IL,,NONE,VAN/MINI-VAN,PERSONAL,W,STRAIGHT AHEAD,,,1,,,,,,,,,,,,,,,,Y,,FRONT,,,,,,,,,,,,,,,,,,,,,,,,,,,,,,,,,
2136500,4e87cb2433b1c03eb8a16407fffcb49e4db7a617024e2f9daf293993d66381e27e3ebb315632ee2391bd1a24811264bb2c1b8d07927205a63ee0a1ef82fb0ebf,08/25/2025 04:15:00 PM,2,DRIVER,,2036722,,CHEVROLET,SILVERADO,IL,,NONE,TRUCK - SINGLE UNIT,PERSONAL,W,STRAIGHT AHEAD,,,1,,,,,,,,,,Y,,,,,,,,REAR,,,,,,,,,,,,,,,,,,,,,,,,,,,,,,,,,
2136536,268de9cf7705e8a754191598ae77e1e123945ca8ea771d5e26c3a86bafc12f56dc585d46706312268a4fca845be0de29d8cac4479e36efcff2c2ede7c0839511,08/25/2025 04:13:00 PM,1,DRIVER,,2036702,,UNKNOWN,MOTORIZED,,,UNKNOWN,UNKNOWN/NA,UNKNOWN/NA,N,STRAIGHT AHEAD,,,1,,,,,N,,,,,,,,,,N,N,Y,FRONT,,,,,,,,,,,,,,,,,,,,,,,,,,,,,,,,,
2136537,268de9cf7705e8a754191598ae77e1e123945ca8ea771d5e26c3a86bafc12f56dc585d46706312268a4fca845be0de29d8cac4479e36efcff2c2ede7c0839511,08/25/2025 04:13:00 PM,2,DRIVER,1,2036715,,TOYOTA,CAMRY,IL,2025,NONE,PASSENGER,RIDESHARE SERVICE,N,SLOW/STOP IN TRAFFIC,,,2,,,,,,,,,Y,Y,Y,,,,Y,Y,,REAR,,,,,,,,,,,,,,,,,,,,,,,,,,,,,,,,,
2136538,268de9cf7705e8a754191598ae77e1e123945ca8ea771d5e26c3a86bafc12f56dc585d46706312268a4fca845be0de29d8cac4479e36efcff2c2ede7c0839511,08/25/2025 04:13:00 PM,3,DRIVER,,2036721,,NISSAN,OTHER (EXPLAIN IN NARRATIVE),,,UNKNOWN,SPORT UTILITY VEHICLE (SUV),UNKNOWN/NA,N,SLOW/STOP IN TRAFFIC,,,1,,,,,,,,,,,,,,,,,Y,REAR,,,,,,,,,,,,,,,,,,,,,,,,,,,,,,,,,
2136520,9be1b0b46dc05622c588cd587611d1d452c19ad9ad2d6798f52b87ee028369abb110b2fbf6c40175e84de238ff5ee979e5e58a233235a6f89abacda287ad07a7,08/25/2025 04:13:00 PM,1,DRIVER,,2036694,,BUICK,ENCORE,IL,2014,NONE,SPORT UTILITY VEHICLE (SUV),PERSONAL,W,PASSING/OVERTAKING,,,1,,,,,,,,,,,,,,,,Y,,FRONT,,,,,,,,,,,,,,,,,,,,,,,,,,,,,,,,,