CRASH_UNIT_ID,CRASH_RECORD_ID,CRASH_DATE,UNIT_NO,UNIT_TYPE,NUM_PASSENGERS,VEHICLE_ID,CMRC_VEH_I,MAKE,MODEL,LIC_PLATE_STATE,VEHICLE_YEAR,VEHICLE_DEFECT,VEHICLE_TYPE,VEHICLE_USE,TRAVEL_DIRECTION,MANEUVER,TOWED_I,FIRE_I,OCCUPANT_CNT,EXCEED_SPEED_LIMIT_I,TOWED_BY,TOWED_TO,AREA_00_I,AREA_01_I,AREA_02_I,AREA_03_I,AREA_04_I,AREA_05_I,AREA_06_I,AREA_07_I,AREA_08_I,AREA_09_I,AREA_10_I,AREA_11_I,AREA_12_I,AREA_99_I,FIRST_CONTACT_POINT,CMV_ID,USDOT_NO,CCMC_NO,ILCC_NO,COMMERCIAL_SRC,GVWR,CARRIER_NAME,CARRIER_STATE,CARRIER_CITY,HAZMAT_PLACARDS_I,HAZMAT_NAME,UN_NO,HAZMAT_PRESENT_I,HAZMAT_REPORT_I,HAZMAT_REPORT_NO,MCS_REPORT_I,MCS_REPORT_NO,HAZMAT_VIO_CAUSE_CRASH_I,MCS_VIO_CAUSE_CRASH_I,IDOT_PERMIT_NO,WIDE_LOAD_I,TRAILER1_WIDTH,TRAILER2_WIDTH,TRAILER1_LENGTH,TRAILER2_LENGTH,TOTAL_VEHICLE_LENGTH,AXLE_CNT,VEHICLE_CONFIG,CARGO_BODY_TYPE,LOAD_TYPE,HAZMAT_OUT_OF_SERVICE_I,MCS_OUT_OF_SERVICE_I,HAZMAT_CLASS
2136521,9be1b0b46dc05622c588cd587611d1d452c19ad9ad2d6798f52b87ee028369abb110b2fbf6c40175e84de238ff5ee979e5e58a233235a6f89abacda287ad07a7,08/25/2025 04:13:00 PM,2,BICYCLE,,,,,,,,,,,,,,,,,,,,,,,,,,,,,,,,,,,,,,,,,,,,,,,,,,,,,,,,,,,,,,,,,,
2136582,ac0c27b8bbd92e64add1b365aa23228e6110fe22bfb0d4ef32507fad72fe82722324462d23812fa110d1fe36aa52db39f18100d6bff758999062c17b4a82c0cb,08/25/2025 04:13:00 PM,1,DRIVER,,2036762,,HONDA,FIT,IL,2009,UNKNOWN,PASSENGER,PERSONAL,E,STRAIGHT AHEAD,,,1,,,,,Y,Y,,,,,,,,,,Y,,FRONT-RIGHT-CORNER,,,,,,,,,,,,,,,,,,,,,,,,,,,,,,,,,
2136583,ac0c27b8bbd92e64add1b365aa23228e6110fe22bfb0d4ef32507fad72fe82722324462d23812fa110d1fe36aa52db39f18100d6bff758999062c17b4a82c0cb,08/25/2025 04:13:00 PM,2,DRIVER,,2036769,,JEEP,PATRIOT,IL,2009,UNKNOWN,PASSENGER,PERSONAL,N,STRAIGHT AHEAD,Y,,1,,OWNER,,,,,,,,,Y,Y,,,,,,SIDE-LEFT-REAR,,,,,,,,,,,,,,,,,,,,,,,,,,,,,,,,,
2136466,24055b56281e1f3e05c569d871f519e84cb1370269dbb32b33eb11c664446b48cc9de37cc742054a90041bb62e47aed012c9854969ddee955ab82447066ff238,08/25/2025 04:12:00 PM,1,DRIVER,,2036662,,FORD,EXPLORER,IL,2013,UNKNOWN,SPORT UTILITY VEHICLE (SUV),PERSONAL,W,STRAIGHT AHEAD,,,1,,,,,Y,Y,Y,,,,,,,,,,,SIDE-RIGHT,,,,,,,,,,,,,,,,,,,,,,,,,,,,,,,,,
2136467,24055b56281e1f3e05c569d871f519e84cb1370269dbb32b33eb11c664446b48cc9de37cc742054a90041bb62e47aed012c9854969ddee955ab82447066ff238,08/25/2025 04:12:00 PM,2,PARKED,1,2036681,,JEEP,GRAND CHEROKEE,IL,2020,UNKNOWN,SPORT UTILITY VEHICLE (SUV),PERSONAL,W,PARKED,Y,,1,,PERSONAL TOW,,,,,,,,,Y,Y,,,,,,SIDE-LEFT-REAR,,,,,,,,,,,,,,,,,,,,,,,,,,,,,,,,,
2136468,24055b56281e1f3e05c569d871f519e84cb1370269dbb32b33eb11c664446b48cc9de37cc742054a90041bb62e47aed012c9854969ddee955ab82447066ff238,08/25/2025 04:12:00 PM,3,PARKED,1,2036708,,NISSAN,PATHFINDER,IL,2013,UNKNOWN,SPORT UTILITY VEHICLE (SUV),PERSONAL,W,PARKED,Y,,1,,PERSONAL TOW,,,,,,,,,Y,Y,,,,,,SIDE-LEFT-REAR,,,,,,,,,,,,,,,,,,,,,,,,,,,,,,,,,
2136532,596d7da58eca00c59bbcad0fecf0c019248831b2125aa369d7981323eb21cae40d336b8fbd53f77bd4b3828d577f493bc19a9134ec7763e16a77af2dfd9757fd,08/25/2025 04:12:00 PM,1,DRIVER,,2036707,,CHEVROLET,SUBURBAN,IL,2022,UNKNOWN,SPORT UTILITY VEHICLE (SUV),UNKNOWN/NA,W,AVOIDING VEHICLES/OBJECTS,,,1,,,,,,,,,,,,,,,,Y,,FRONT,,,,,,,,,,,,,,,,,,,,,,,,,,,,,,,,,
2136533,596d7da58eca00c59bbcad0fecf0c019248831b2125aa369d7981323eb21cae40d336b8fbd53f77bd4b3828d577f493bc19a9134ec7763e16a77af2dfd9757fd,08/25/2025 04:12:00 PM,2,DRIVER,1,2036720,,JEEP,CHEROKEE,IL,2022,UNKNOWN,SPORT UTILITY VEHICLE (SUV),UNKNOWN/NA,W,STRAIGHT AHEAD,,,2,,,,,,,,,,Y,,,,,,,,REAR,,,,,,,,,,,,,,,,,,,,,,,,,,,,,,,,,
2136598,87d268b0d0abb09b92d5b1d85df78f9d9aedb29e01ff287fdc6159313131713f39ebca1bb8d5f706737ad2b4973e195cb53085230ba25a453c348784d03e08e2,08/25/2025 04:06:00 PM,1,DRIVER,,2036785,,TOYOTA,TUNDRA,IL,2014,UNKNOWN,OTHER,OTHER,E,STRAIGHT AHEAD,,,1,,,,,,,,,,,,,,,,Y,,FRONT-LEFT-CORNER,,,,,,,,,,,,,,,,,,,,,,,,,,,,,,,,,
2136599,87d268b0d0abb09b92d5b1d85df78f9d9aedb29e01ff287fdc6159313131713f39ebca1bb8d5f706737ad2b4973e195cb53085230ba25a453c348784d03e08e2,08/25/2025 04:06:00 PM,2,DRIVER,,2036776,,ACURA,TLX,IL,2010,UNKNOWN,PASSENGER,UNKNOWN/NA,S,STRAIGHT AHEAD,,,1,,,,,,,,,,,,,,,,Y,,FRONT-RIGHT-CORNER,,,,,,,,,,,,,,,,,,,,,,,,,,,,,,,,,
2138924,809610a0d58e5ccaeb5e65b3a117dc7c1bb110a2d301d56cad2605cdddcb967cf3cdbad26b9618e6362385f3580572df563f5466bf445c81e12c0bbaf1aedc91,08/25/2025 04:04:00 PM,1,DRIVER,,2038958,,TOYOTA,PRIUS,IL,2012,UNKNOWN,PASSENGER,PERSONAL,S,TURNING LEFT,,,1,,,,,Y,Y,Y,Y,Y,,,,,,,,,SIDE-RIGHT,,,,,,,,,,,,,,,,,,,,,,,,,,,,,,,,,
2138925,809610a0d58e5ccaeb5e65b3a117dc7c1bb110a2d301d56cad2605cdddcb967cf3cdbad26b9618e6362385f3580572df563f5466bf445c81e12c0bbaf1aedc91,08/25/2025 04:04:00 PM,2,DRIVER,,2038959,,NISSAN,SENTRA,IL,2005,UNKNOWN,PASSENGER,PERSONAL,N,STRAIGHT AHEAD,,,1,,,,,Y,Y,,,,,,,,,Y,Y,,FRONT,,,,,,,,,,,,,,,,,,,,,,,,,,,,,,,,,
2136495,513e9c2ca6ec930fedd33bd1a3379c5313716e5f60fe1d3ffc374a3f52812aee009b190b744c5f0a6566466ddce143755e36dbe0b62c8ef19b4292e635cdf1f2,08/25/2025 04:02:00 PM,1,DRIVER,,2036683,,HONDA,HR-V,IL,2020,NONE,PASSENGER,PERSONAL,N,STRAIGHT AHEAD,,,1,,,,N,,,,,,,,,,,,,Y,FRONT,,,,,,,,,,,,,,,,,,,,,,,,,,,,,,,,,
2136496,513e9c2ca6ec930fedd33bd1a3379c5313716e5f60fe1d3ffc374a3f52812aee009b190b744c5f0a6566466ddce143755e36dbe0b62c8ef19b4292e635cdf1f2,08/25/2025 04:02:00 PM,2,DRIVER,,2036709,,TESLA,MODEL Y,IL,2023,NONE,PASSENGER,PERSONAL,N,STRAIGHT AHEAD,,,1,,,,N,,,,,,Y,,,,,,,,REAR,,,,,,,,,,,,,,,,,,,,,,,,,,,,,,,,,
2136514,4071295bdc946afb143473450e178d3cba73b06211f77fd2984d29df267fb115b2da97038e6ad456b1dd40a968fc7b16ff08a47891a155a3939667968b81927a,08/25/2025 04:01:00 PM,1,DRIVER,2,2036684,,MAZDA,MAZDA3,IL,2010,UNKNOWN,PASSENGER,PERSONAL,E,TURNING LEFT,,,3,,,,,Y,Y,,,,,,,,,,N,,FRONT-RIGHT-CORNER,,,,,,,,,,,,,,,,,,,,,,,,,,,,,,,,,
2136515,4071295bdc946afb143473450e178d3cba73b06211f77fd2984d29df267fb115b2da97038e6ad456b1dd40a968fc7b16ff08a47891a155a3939667968b81927a,08/25/2025 04:01:00 PM,2,DRIVER,,2036705,,FORD,EXPEDITION,IL,2017,UNKNOWN,PASSENGER,PERSONAL,N,STRAIGHT AHEAD,,,1,,,,,,,,,,,,,Y,Y,Y,,,SIDE-LEFT,,,,,,,,,,,,,,,,,,,,,,,,,,,,,,,,,
2136664,9a7929d330dc94a1f152bd8324f34de88eb67471fe7154b9739dc702b8cfb5491a09f900c29ad22babbca5baedff3d82030d8b75a0abdd7c257a42b42ced3384,08/25/2025 04:00:00 PM,1,DRIVER,,2036832,,UNKNOWN,OTHER (EXPLAIN IN NARRATIVE),IL,,UNKNOWN,UNKNOWN/NA,UNKNOWN/NA,UNKNOWN,UNKNOWN/NA,,,1,,,,,,,,,,,,,,,,,,UNKNOWN,,,,,,,,,,,,,,,,,,,,,,,,,,,,,,,,,
2136665,9a7929d330dc94a1f152bd8324f34de88eb67471fe7154b9739dc702b8cfb5491a09f900c29ad22babbca5baedff3d82030d8b75a0abdd7c257a42b42ced3384,08/25/2025 04:00:00 PM,2,PARKED,,2036841,,TOYOTA,SIENNA,IL,2011,UNKNOWN,PASSENGER,PERSONAL,S,PARKED,,,0,,,,,,,,,,,,,,,,Y,,FRONT,,,,,,,,,,,,,,,,,,,,,,,,,,,,,,,,,
2138665,d3758d35a915ef3b31203a417a59a1ee6a1c501c8653d0c7d45749237afa85e1eee90957bf3f522108eb5a00381656aff2de826f210680a56775c24b5a0e9614,08/25/2025 04:00:00 PM,1,DRIVER,,2038726,,UNKNOWN,MOTORIZED,IL,,UNKNOWN,PASSENGER,UNKNOWN/NA,S,STRAIGHT AHEAD,,,1,,,,,,,,,,,,,,,,,Y,FRONT,,,,,,,,,,,,,,,,,,,,,,,,,,,,,,,,,
2138666,d3758d35a915ef3b31203a417a59a1ee6a1c501c8653d0c7d45749237afa85e1eee90957bf3f522108eb5a00381656aff2de826f210680a56775c24b5a0e9614,08/25/2025 04:00:00 PM,2,PARKED,,2038732,,MAZDA,OTHER (EXPLAIN IN NARRATIVE),IL,2023,NONE,PASSENGER,NOT IN USE,S,PARKED,,,0,,,,,,,,,Y,Y,Y,,,,,,,REAR,,,,,,,,,,,,,,,,,,,,,,,,,,,,,,,,,
2136548,4bfa8ed59e9b63116b68f0199432c6b7c22233991b5f9a17ba63a3c8bdbe8b5c8f010d649ce1f0ff43b18d7054590d39aa589fb49079f1183fd5b63634b441e7,08/25/2025 03:58:00 PM,1,DRIVER,,2036723,,TOYOTA,RAV4,,2025,UNKNOWN,PASSENGER,PERSONAL,N,TURNING LEFT,,,1,,,,,,,,,,,,,,,,Y,,FRONT,,,,,,,,,,,,,,,,,,,,,,,,,,,,,,,,,
2136549,4bfa8ed59e9b63116b68f0199432c6b7c22233991b5f9a17ba63a3c8bdbe8b5c8f010d649ce1f0ff43b18d7054590d39aa589fb49079f1183fd5b63634b441e7,08/25/2025 03:58:00 PM,2,BICYCLE,,,,,,,,,,,,,,,,,,,,,,,,,,,,,,,,,,,,,,,,,,,,,,,,,,,,,,,,,,,,,,,,,,
2136471,276a9e3ef2ba982f4b7b39caceee00fdf7a8c90a639fc68788a85f65f85e27b3a5a815643a8db44887e32cbd4eb9c01222252cc1800f2d7a0b25c35fd930015d,08/25/2025 03:55:00 PM,1,DRIVER,2,2036656,,HONDA,OTHER (EXPLAIN IN NARRATIVE),IL,,UNKNOWN,UNKNOWN/NA,UNKNOWN/NA,UNKNOWN,UNKNOWN/NA,,,3,,,,,Y,,,,,,,,Y,Y,Y,Y,,FRONT,,,,,,,,,,,,,,,,,,,,,,,,,,,,,,,,,
2136472,276a9e3ef2ba982f4b7b39caceee00fdf7a8c90a639fc68788a85f65f85e27b3a5a815643a8db44887e32cbd4eb9c01222252cc1800f2d7a0b25c35fd930015d,08/25/2025 03:55:00 PM,2,PEDESTRIAN,,,,,,,,,,,,,,,,,,,,,,,,,,,,,,,,,,,,,,,,,,,,,,,,,,,,,,,,,,,,,,,,,,
2136810,16f18b9420787911cc222f4aa8162aaaade2f19f88cd2292ff5d82649a7af32ac0979182f0efd6ce5c95ce48c91d2601998eb41337fa8d1bd924d8222e2ec095,08/25/2025 03:50:00 PM,1,DRIVER,,2036980,,UTILITY TRAILER,UTILITY TRAILER,CO,2024,UNKNOWN,TRACTOR W/ SEMI-TRAILER,COMMERCIAL - MULTI-UNIT,N,TURNING LEFT,,,1,,,,,,,,,,Y,Y,,,,,,,REAR-LEFT-CORNER,,,,,,,,,,,,,,,,,,,,,,,,,,,,,,,,,
2136811,16f18b9420787911cc222f4aa8162aaaade2f19f88cd2292ff5d82649a7af32ac0979182f0efd6ce5c95ce48c91d2601998eb41337fa8d1bd924d8222e2ec095,08/25/2025 03:50:00 PM,2,DRIVER,,2036982,,FORD,ESCAPE,IL,2013,NONE,PASSENGER,PERSONAL,N,STRAIGHT AHEAD,,,1,,,,,,,,,,Y,Y,Y,Y,Y,,,,REAR-LEFT-CORNER,,,,,,,,,,,,,,,,,,,,,,,,,,,,,,,,,
2137462,c454be8e7321a17320e12903d20e93e96b1ada43d56479d1806e77cebd028592c14738f6a7d578df567a8a86d9af856d5a0485fdab827b573412c7e0b885a436,08/25/2025 03:50:00 PM,1,DRIVER,,2037595,,HONDA,HR-V,IL,2019,UNKNOWN,SPORT UTILITY VEHICLE (SUV),PERSONAL,E,TURNING LEFT,,,1,,,,,,,,,,,,,,,Y,,,FRONT,,,,,,,,,,,,,,,,,,,,,,,,,,,,,,,,,
2137463,c454be8e7321a17320e12903d20e93e96b1ada43d56479d1806e77cebd028592c14738f6a7d578df567a8a86d9af856d5a0485fdab827b573412c7e0b885a436,08/25/2025 03:50:00 PM,2,BICYCLE,,,,,,,,,,,,,,,,,,,,,,,,,,,,,,,,,,,,,,,,,,,,,,,,,,,,,,,,,,,,,,,,,,
2136562,c592f0f5eecd927e3c3af5a98a5f48b98223b696cd39b69eecaa7fde934383c06205e52f7dff63988b61f876d14c592990ba7778590c7653773b4311c3ab9b52,08/25/2025 03:50:00 PM,1,BICYCLE,,,,,,,,,,,,,,,,,,,,,,,,,,,,,,,,,,,,,,,,,,,,,,,,,,,,,,,,,,,,,,,,,,
2136563,c592f0f5eecd927e3c3af5a98a5f48b98223b696cd39b69eecaa7fde934383c06205e52f7dff63988b61f876d14c592990ba7778590c7653773b4311c3ab9b52,08/25/2025 03:50:00 PM,2,DRIVER,,2036773,,HONDA,HR-V,IL,2019,NONE,PASSENGER,PERSONAL,NE,TURNING LEFT,,,1,,,,,,,,,,,,,,Y,Y,N,,FRONT-LEFT-CORNER,,,,,,,,,,,,,,,,,,,,,,,,,,,,,,,,,
2136508,b90be84bba4cddb59c2b27ae3695a0f88540bb68f61a8433a0d63b7ad064789c12ae4795f0ec1cea4a38e1c9ea983b738bf5f2f468602463a2cb805b03362275,08/25/2025 03:45:00 PM,1,DRIVER,1,2036682,,TOYOTA,TACOMA,IL,2006,UNKNOWN,PICKUP,UNKNOWN/NA,S,STRAIGHT AHEAD,,,2,,,,,,,,,,,,,,,,Y,,FRONT,,,,,,,,,,,,,,,,,,,,,,,,,,,,,,,,,
2136509,b90be84bba4cddb59c2b27ae3695a0f88540bb68f61a8433a0d63b7ad064789c12ae4795f0ec1cea4a38e1c9ea983b738bf5f2f468602463a2cb805b03362275,08/25/2025 03:45:00 PM,2,DRIVER,,2036699,,TOYOTA,RAV4,IL,2021,NONE,SPORT UTILITY VEHICLE (SUV),PERSONAL,S,SLOW/STOP IN TRAFFIC,,,1,,,,,,,,,,Y,,,,,,,,REAR,,,,,,,,,,,,,,,,,,,,,,,,,,,,,,,,,
2136493,790b3e0a89d378b380c9046d8bcd6fc9edee4e8fa0698c10b5f04aa02e91a37a6a4ca007581544f3c9e120df4bd90716cb7d273d3ea8a094449ba6d0d3aa0851,08/25/2025 03:41:00 PM,1,PARKED,1,2036724,,AUDI,A4,IL,2017,UNKNOWN,PASSENGER,PERSONAL,E,PARKED,,,1,,,,,,N,N,,,,,,Y,N,,,,SIDE-LEFT-FRONT,,,,,,,,,,,,,,,,,,,,,,,,,,,,,,,,,
2136494,790b3e0a89d378b380c9046d8bcd6fc9edee4e8fa0698c10b5f04aa02e91a37a6a4ca007581544f3c9e120df4bd90716cb7d273d3ea8a094449ba6d0d3aa0851,08/25/2025 03:41:00 PM,2,DRIVER,,2036712,,DODGE,RAM 1500 PU,IL,2023,UNKNOWN,VAN/MINI-VAN,CONSTRUCTION/MAINTENANCE,E,STRAIGHT AHEAD,,,1,,,,,,,,,,,,,,Y,,,,SIDE-LEFT,,,,,,,,,,,,,,,,,,,,,,,,,,,,,,,,,
2136556,54df5fa7f42fdb3cc7df27349e096bcc83da20f27b2509341597cd18c0be5eef35bbe3d3b92b07bc6f62e367ba6afda648b25a748541f6ab55346b8c4eb9b94c,08/25/2025 03:35:00 PM,1,PEDESTRIAN,,,,,,,,,,,,,,,,,,,,,,,,,,,,,,,,,,,,,,,,,,,,,,,,,,,,,,,,,,,,,,,,,,
2136557,54df5fa7f42fdb3cc7df27349e096bcc83da20f27b2509341597cd18c0be5eef35bbe3d3b92b07bc6f62e367ba6afda648b25a748541f6ab55346b8c4eb9b94c,08/25/2025 03:35:00 PM,2,DRIVER,,2036752,,TOYOTA,CAMRY,IL,2022,NONE,PASSENGER,PERSONAL,E,TURNING RIGHT,,,1,,,,,Y,,,,,,,,,,,,,FRONT-RIGHT-CORNER,,,,,,,,,,,,,,,,,,,,,,,,,,,,,,,,,
2136528,dac8fc7dee26077a6afb248e90282f27d3015172dff8e106516587ec88227ec5a99834f1a3c80cfc31b536b246def8afad0b1b48b4c97ebe94e8ab8fb34cc0b1,08/25/2025 03:35:00 PM,1,DRIVER,,2036717,,HONDA,CIVIC,IL,2010,UNKNOWN,PASSENGER,PERSONAL,NE,ENTERING TRAFFIC LANE FROM PARKING,,,1,,,,,,,,,,,,,Y,Y,,,,SIDE-LEFT-FRONT,,,,,,,,,,,,,,,,,,,,,,,,,,,,,,,,,
2136529,dac8fc7dee26077a6afb248e90282f27d3015172dff8e106516587ec88227ec5a99834f1a3c80cfc31b536b246def8afad0b1b48b4c97ebe94e8ab8fb34cc0b1,08/25/2025 03:35:00 PM,2,DRIVER,,2036732,N,TOYOTA,RAV4,IL,2022,UNKNOWN,PASSENGER,TAXI/FOR HIRE,E,STRAIGHT AHEAD,,,1,,,,,Y,,,,,,,,,,,,,FRONT-RIGHT-CORNER,,,,,,,,,,,,,,,,,,,,,,,,,,,,,,,,,
2136501,04db6e14ec42083b7bb381b6ee95b5b00300103390b7d0180ffd988a07c97c5ec4ba0403b6489e239d2c37c045b9999eed841e9f7dbcb8df4f667084951cb569,08/25/2025 03:30:00 PM,1,DRIVER,,2036690,Y,FREIGHTLINER CORPORATION,FREIGHTLINER CORP.,IL,2021,UNKNOWN,TRACTOR W/ SEMI-TRAILER,OTHER,S,STRAIGHT AHEAD,,,1,,,,,Y,,,,,,,,,,N,,,UNKNOWN,"22,073",3545891,118568,031036,LOG BOOK,3,SH BROTHRES TRUCKING INC,IL,NAPERVILLE,,,,N,N,,N,,N,N,031036,Y,0-96,,,,,,TRUCK/TRAILER,FLATBED,CONSTRUCTION EQUIPMENT,N,N,
2136680,108b70c0c9c68b3a9e54f95da17bd70fb6f9eb9d7530be53567b3cc6339009cb8a5461da4a1d6e8c21fa2882f6cf21df4ae80569b9909204b172010175df0295,08/25/2025 03:30:00 PM,1,DRIVER,,2036861,,DODGE,RAM 1500 PU,IL,2016,UNKNOWN,PICKUP,UNKNOWN/NA,W,STRAIGHT AHEAD,,,1,,,,,,,,,,,,,,,,Y,,FRONT,,,,,,,,,,,,,,,,,,,,,,,,,,,,,,,,,
2136681,108b70c0c9c68b3a9e54f95da17bd70fb6f9eb9d7530be53567b3cc6339009cb8a5461da4a1d6e8c21fa2882f6cf21df4ae80569b9909204b172010175df0295,08/25/2025 03:30:00 PM,2,DRIVER,,2036867,,HYUNDAI,SANTA FE,IL,2017,UNKNOWN,PASSENGER,PERSONAL,W,STRAIGHT AHEAD,,,1,,,,,,,,,,Y,,,,,,,,REAR,,,,,,,,,,,,,,,,,,,,,,,,,,,,,,,,,
2136477,30a834d58c2c2bd82ff9d70e893ab651a642a94f3c5efdc97110dae9654924b334c347dae07981950e43f0ef6ff963f3e60d0d9beba6decda5c58edc85cbf83e,08/25/2025 03:30:00 PM,1,DRIVER,,2036657,,HYUNDAI,SANTA FE,IL,2012,NONE,PASSENGER,PERSONAL,E,STRAIGHT AHEAD,,,1,,,,,,,,,,,,,,,,,Y,UNKNOWN,,,,,,,,,,,,,,,,,,,,,,,,,,,,,,,,,
2136478,30a834d58c2c2bd82ff9d70e893ab651a642a94f3c5efdc97110dae9654924b334c347dae07981950e43f0ef6ff963f3e60d0d9beba6decda5c58edc85cbf83e,08/25/2025 03:30:00 PM,2,DRIVER,,2036661,,CHEVROLET,CHEVELLE,IL,2018,NONE,PASSENGER,PERSONAL,N,STRAIGHT AHEAD,,,1,,,,,,,,,,,Y,Y,Y,Y,Y,,,SIDE-LEFT,,,,,,,,,,,,,,,,,,,,,,,,,,,,,,,,,
2136481,660664eadc2ad40d546531517287db30a697578a7a0c8a7430698d9747c384a3f6941acbe029d954b58481bff0bcf3c11b968f978ab7befa39bcd6d396b09e73,08/25/2025 03:30:00 PM,1,DRIVER,,2036671,,CHEVROLET,SILVERADO,IL,2025,UNKNOWN,PICKUP,PERSONAL,N,STRAIGHT AHEAD,,,1,,,,,,Y,,,,,,,,,,,,SIDE-RIGHT,,,,,,,,,,,,,,,,,,,,,,,,,,,,,,,,,
2136482,660664eadc2ad40d546531517287db30a697578a7a0c8a7430698d9747c384a3f6941acbe029d954b58481bff0bcf3c11b968f978ab7befa39bcd6d396b09e73,08/25/2025 03:30:00 PM,2,PARKED,,2036695,,FORD,F250,IL,2019,NONE,PICKUP,LAWN CARE/LANDSCAPING,N,PARKED,,,0,,,,,,,,,,,,,,Y,,,,SIDE-LEFT,,,,,,,,,,,,,,,,,,,,,,,,,,,,,,,,,
2136518,710c886dc82eae5794e8de48f09cae3b9a0950e0ca6a3b93a2835c9b5a7fbd4a5e41b80128a6cd1a3a8d43def507942810dc9d3334b1c2cbc6cebb767e923337,08/25/2025 03:30:00 PM,1,DRIVER,,2036740,,HONDA,CR-V,IL,2014,UNKNOWN,SPORT UTILITY VEHICLE (SUV),PERSONAL,UNKNOWN,BACKING,,,1,,,,,,,,,Y,Y,Y,,,,,,,REAR,,,,,,,,,,,,,,,,,,,,,,,,,,,,,,,,,
2136519,710c886dc82eae5794e8de48f09cae3b9a0950e0ca6a3b93a2835c9b5a7fbd4a5e41b80128a6cd1a3a8d43def507942810dc9d3334b1c2cbc6cebb767e923337,08/25/2025 03:30:00 PM,2,PARKED,1,2036747,,JEEP,COMPASS,IL,2017,UNKNOWN,SPORT UTILITY VEHICLE (SUV),DRIVER EDUCATION,UNKNOWN,PARKED,,,1,,,,,Y,,,,,,,,,,Y,Y,,FRONT,,,,,,,,,,,,,,,,,,,,,,,,,,,,,,,,,
2136487,eae5db8db2542d8e91c3243a485a683215fb69135dc6384fe1f532897e4e527c9f772b1a907524b5151b82c0c0a68b297f85ac57098fe45024f83c63f1031b9b,08/25/2025 03:30:00 PM,2,DRIVER,,2036668,,GENESIS,G70,IL,2022,NONE,PASSENGER,PERSONAL,SE,TURNING LEFT,,,1,,,,,,,,,,,,,,,,,,REAR,,,,,,,,,,,,,,,,,,,,,,,,,,,,,,,,,
2136488,eae5db8db2542d8e91c3243a485a683215fb69135dc6384fe1f532897e4e527c9f772b1a907524b5151b82c0c0a68b297f85ac57098fe45024f83c63f1031b9b,08/25/2025 03:30:00 PM,1,DRIVER,,2036673,,VOLKSWAGEN,PASSAT,IL,2005,NONE,PASSENGER,PERSONAL,S,STRAIGHT AHEAD,,,1,,,,,Y,Y,,,,,N,,,,,Y,,FRONT-RIGHT-CORNER,,,,,,,,,,,,,,,,,,,,,,,,,,,,,,,,,
2136483,f175e4a13065e1e8343257e93195b3c40edb5cbbb8a37940ab29804fb2ea43e24ed21238cc631df5aec569d2899bcb1e6d1086ecca99be275e018010439489c3,08/25/2025 03:20:00 PM,1,DRIVER,,2036664,,GENERAL MOTORS CORPORATION (GMC),SIERRA,IL,2020,NONE,PICKUP,COMMERCIAL - SINGLE UNIT,N,TURNING RIGHT,,,1,,,,,,,,,,,,,,,,,,REAR-RIGHT-CORNER,,,,,,,,,,,,,,,,,,,,,,,,,,,,,,,,,
2136484,f175e4a13065e1e8343257e93195b3c40edb5cbbb8a37940ab29804fb2ea43e24ed21238cc631df5aec569d2899bcb1e6d1086ecca99be275e018010439489c3,08/25/2025 03:20:00 PM,2,PARKED,,2036674,,HONDA,ODYSSEY,IL,2014,NONE,VAN/MINI-VAN,NOT IN USE,N,PARKED,,,0,,,,,,,,,,,,,,,,,,FRONT-LEFT-CORNER,,,,,,,,,,,,,,,,,,,,,,,,,,,,,,,,,
2136569,6f2fadd5ea5e1205ec8e6e35c62d7bbe526bcc6350dd5dd63571716ca678e03520722904e94968f01ea7006f53694218120dd3936afbbd2a20c9fd495e75a9ed,08/25/2025 03:18:00 PM,2,DRIVER,,2036765,,HONDA,ACCORD,IL,2023,UNKNOWN,PASSENGER,PERSONAL,N,STRAIGHT AHEAD,,,1,,,,,,,,,Y,Y,Y,,,,,,,REAR,,,,,,,,,,,,,,,,,,,,,,,,,,,,,,,,,
2136570,6f2fadd5ea5e1205ec8e6e35c62d7bbe526bcc6350dd5dd63571716ca678e03520722904e94968f01ea7006f53694218120dd3936afbbd2a20c9fd495e75a9ed,08/25/2025 03:18:00 PM,1,DRIVER,,2036770,,JEEP,CHEROKEE,IL,2016,UNKNOWN,PASSENGER,PERSONAL,N,STRAIGHT AHEAD,,,1,,,,,,,,,,,,,,,,,Y,UNKNOWN,,,,,,,,,,,,,,,,,,,,,,,,,,,,,,,,,
2136593,2ff9e1ec6b07b41df4e0b7f2f1192e9bbe644ed2f5aae2c596e2aea0377bc007e358f0710b395078189500839b19e885c179002e0d466b7ea445776e80d51793,08/25/2025 03:16:00 PM,1,DRIVER,,2036771,,AUDI,S5,IL,2021,NONE,PASSENGER,PERSONAL,W,PASSING/OVERTAKING,Y,,1,,er towing,autopound,,Y,,,,,,,,,,Y,Y,,FRONT,,,,,,,,,,,,,,,,,,,,,,,,,,,,,,,,,
2136594,2ff9e1ec6b07b41df4e0b7f2f1192e9bbe644ed2f5aae2c596e2aea0377bc007e358f0710b395078189500839b19e885c179002e0d466b7ea445776e80d51793,08/25/2025 03:16:00 PM,2,DRIVER,,2036777,,TOYOTA,CAMRY,IL,2019,NONE,PASSENGER,PERSONAL,E,STRAIGHT AHEAD,,,1,,,,,Y,,,,N,,N,,,,Y,Y,,FRONT,,,,,,,,,,,,,,,,,,,,,,,,,,,,,,,,,