CRASH_UNIT_ID,CRASH_RECORD_ID,CRASH_DATE,UNIT_NO,UNIT_TYPE,NUM_PASSENGERS,VEHICLE_ID,CMRC_VEH_I,MAKE,MODEL,LIC_PLATE_STATE,VEHICLE_YEAR,VEHICLE_DEFECT,VEHICLE_TYPE,VEHICLE_USE,TRAVEL_DIRECTION,MANEUVER,TOWED_I,FIRE_I,OCCUPANT_CNT,EXCEED_SPEED_LIMIT_I,TOWED_BY,TOWED_TO,AREA_00_I,AREA_01_I,AREA_02_I,AREA_03_I,AREA_04_I,AREA_05_I,AREA_06_I,AREA_07_I,AREA_08_I,AREA_09_I,AREA_10_I,AREA_11_I,AREA_12_I,AREA_99_I,FIRST_CONTACT_POINT,CMV_ID,USDOT_NO,CCMC_NO,ILCC_NO,COMMERCIAL_SRC,GVWR,CARRIER_NAME,CARRIER_STATE,CARRIER_CITY,HAZMAT_PLACARDS_I,HAZMAT_NAME,UN_NO,HAZMAT_PRESENT_I,HAZMAT_REPORT_I,HAZMAT_REPORT_NO,MCS_REPORT_I,MCS_REPORT_NO,HAZMAT_VIO_CAUSE_CRASH_I,MCS_VIO_CAUSE_CRASH_I,IDOT_PERMIT_NO,WIDE_LOAD_I,TRAILER1_WIDTH,TRAILER2_WIDTH,TRAILER1_LENGTH,TRAILER2_LENGTH,TOTAL_VEHICLE_LENGTH,AXLE_CNT,VEHICLE_CONFIG,CARGO_BODY_TYPE,LOAD_TYPE,HAZMAT_OUT_OF_SERVICE_I,MCS_OUT_OF_SERVICE_I,HAZMAT_CLASS
2136595,2ff9e1ec6b07b41df4e0b7f2f1192e9bbe644ed2f5aae2c596e2aea0377bc007e358f0710b395078189500839b19e885c179002e0d466b7ea445776e80d51793,08/25/2025 03:16:00 PM,3,DRIVER,,2036798,,CHEVROLET,EQUINOX,IL,2018,NONE,PASSENGER,PERSONAL,E,STRAIGHT AHEAD,,,1,,,,,Y,,,,,,,,,,Y,Y,,FRONT,,,,,,,,,,,,,,,,,,,,,,,,,,,,,,,,,
2137284,383e45b63d0af60c23345d5a9cc2524b216df6e27e64784590fb749db5b5f388e95f2fe06a575de6aff5b6cf4ce8919ac8c46f4a1b7f04b2bf2c6d65c849d6eb,08/25/2025 03:15:00 PM,1,DRIVER,,2037411,,VOLKSWAGEN,JETTA,IL,2006,UNKNOWN,PASSENGER,PERSONAL,W,STRAIGHT AHEAD,,,1,,,,,,,,,,,,,,,,Y,Y,FRONT,,,,,,,,,,,,,,,,,,,,,,,,,,,,,,,,,
2137285,383e45b63d0af60c23345d5a9cc2524b216df6e27e64784590fb749db5b5f388e95f2fe06a575de6aff5b6cf4ce8919ac8c46f4a1b7f04b2bf2c6d65c849d6eb,08/25/2025 03:15:00 PM,2,BICYCLE,,,,,,,,,,,,,,,,,,,,,,,,,,,,,,,,,,,,,,,,,,,,,,,,,,,,,,,,,,,,,,,,,,
2137169,7b3d620f1d2bb94ecde60d783475244134851c0ef031b00bdb7e7b604095972197df8a7a3a3d7d0ce42becd4ed0c9c0e4d8d4a602065e16600036185798edb72,08/25/2025 03:15:00 PM,2,PARKED,,2037311,,CADILLAC,SRX,IL,2016,NONE,SPORT UTILITY VEHICLE (SUV),PERSONAL,N,PARKED,,,0,,,,,,,,,,,Y,Y,Y,,,,,REAR-RIGHT-CORNER,,,,,,,,,,,,,,,,,,,,,,,,,,,,,,,,,
2137180,7b3d620f1d2bb94ecde60d783475244134851c0ef031b00bdb7e7b604095972197df8a7a3a3d7d0ce42becd4ed0c9c0e4d8d4a602065e16600036185798edb72,08/25/2025 03:15:00 PM,1,DRIVER,,2037318,,UNKNOWN,OTHER (EXPLAIN IN NARRATIVE),,,UNKNOWN,UNKNOWN/NA,UNKNOWN/NA,UNKNOWN,UNKNOWN/NA,,,1,,,,,,,,,,,,,,,,,Y,UNKNOWN,,,,,,,,,,,,,,,,,,,,,,,,,,,,,,,,,
2136453,d2aca07ad0af4c01ea410fce2b3873544c3e5dd0a390cbfb37add1ceb49a5589d95670b4f8de9981e62e7343de6ba702ad0b9e98b5b2e49cceeaf8974a717941,08/25/2025 03:15:00 PM,1,DRIVER,,2036636,,SUBARU,OUTBACK,IL,2025,UNKNOWN,SPORT UTILITY VEHICLE (SUV),PERSONAL,UNKNOWN,TURNING LEFT,,,1,,,,,Y,,,,,,,,,,,Y,,FRONT-RIGHT-CORNER,,,,,,,,,,,,,,,,,,,,,,,,,,,,,,,,,
2136454,d2aca07ad0af4c01ea410fce2b3873544c3e5dd0a390cbfb37add1ceb49a5589d95670b4f8de9981e62e7343de6ba702ad0b9e98b5b2e49cceeaf8974a717941,08/25/2025 03:15:00 PM,2,DRIVER,,2036666,,HONDA,ACCORD,IL,2013,UNKNOWN,PASSENGER,PERSONAL,UNKNOWN,STRAIGHT AHEAD,,,1,,,,,,,,,,,,,,Y,Y,,,FRONT-LEFT-CORNER,,,,,,,,,,,,,,,,,,,,,,,,,,,,,,,,,
2136479,c618a42eb0bc515d7435475dfc36427d2c35b98683b661b7d392c6abc51699cac6013f5aed1719fc74bd1343374c4f97e691bf726e1725f8fd7be5fb6c073bf8,08/25/2025 03:11:00 PM,1,DRIVER,,2036691,,FORD,TRANSIT,IL,2021,NONE,BUS UP TO 15 PASS.,OTHER,N,STRAIGHT AHEAD,,,1,,,,,,,,,Y,,,,,,,,,REAR-RIGHT-CORNER,,,,,,,,,,,,,,,,,,,,,,,,,,,,,,,,,
2136480,c618a42eb0bc515d7435475dfc36427d2c35b98683b661b7d392c6abc51699cac6013f5aed1719fc74bd1343374c4f97e691bf726e1725f8fd7be5fb6c073bf8,08/25/2025 03:11:00 PM,2,PARKED,,2036713,,FORD,FUSION,IN,,UNKNOWN,PASSENGER,NOT IN USE,N,PARKED,,,0,,,,,,,,,,,,,,,Y,,,FRONT-LEFT-CORNER,,,,,,,,,,,,,,,,,,,,,,,,,,,,,,,,,
2136672,bb575b62dd6b4e234ad840bfc0036816028b0b2920130fb14bebdfcf700747ef9f15012fc5df6b3956354c1f2fa2d2624b3268aff8c85f004c67cbc6a560e452,08/25/2025 03:10:00 PM,1,DRIVER,,2036843,,DODGE,GRAND CARAVAN,IL,2017,UNKNOWN,PASSENGER,PERSONAL,W,STRAIGHT AHEAD,,,1,,,,,Y,,,,,,,,,,Y,Y,,FRONT,,,,,,,,,,,,,,,,,,,,,,,,,,,,,,,,,
2136673,bb575b62dd6b4e234ad840bfc0036816028b0b2920130fb14bebdfcf700747ef9f15012fc5df6b3956354c1f2fa2d2624b3268aff8c85f004c67cbc6a560e452,08/25/2025 03:10:00 PM,2,DRIVER,,2036856,,TOYOTA,RAV4,IL,2015,UNKNOWN,PASSENGER,PERSONAL,W,SLOW/STOP IN TRAFFIC,,,1,,,,,,,,,Y,Y,Y,,,,,,,REAR,,,,,,,,,,,,,,,,,,,,,,,,,,,,,,,,,
2136526,6f890bd11a42e290e3420c865bbda7d0261292a81eea64fbdd65a498e339fcaeeb7e29cfb7d7ba7b5a83410905a89e9a61d27018aa5e799ee02df8b46f2abe43,08/25/2025 03:09:00 PM,1,DRIVER,,2036711,,PONTIAC,BONNEVILLE,IL,,UNKNOWN,UNKNOWN/NA,UNKNOWN/NA,S,STRAIGHT AHEAD,,,1,,,,,N,,,,,,,,,,,,Y,FRONT-RIGHT-CORNER,,,,,,,,,,,,,,,,,,,,,,,,,,,,,,,,,
2136527,6f890bd11a42e290e3420c865bbda7d0261292a81eea64fbdd65a498e339fcaeeb7e29cfb7d7ba7b5a83410905a89e9a61d27018aa5e799ee02df8b46f2abe43,08/25/2025 03:09:00 PM,2,DRIVER,,2036729,,JEEP,COMPASS,IL,2020,UNKNOWN,SPORT UTILITY VEHICLE (SUV),PERSONAL,E,TURNING LEFT,Y,,1,,LEFT IN PRIVATE LOT,223 S ABERDEEN ST,,Y,,,,,,,,,Y,Y,Y,,FRONT-LEFT-CORNER,,,,,,,,,,,,,,,,,,,,,,,,,,,,,,,,,
2136516,3a1bfe706a280632e66ac161a4fa1b9d16acc9d295eecd783f679f0714971da5c1c70860e623ef0776663f86b2b8296c834e0ef6a59495ff0cd44a119e5d9b92,08/25/2025 03:08:00 PM,1,DRIVER,,2036692,,KIA,OPTIMA / K5,IL,2018,UNKNOWN,PASSENGER,PERSONAL,N,STRAIGHT AHEAD,,,1,,,,,Y,,,,,,,,,,Y,Y,,FRONT,,,,,,,,,,,,,,,,,,,,,,,,,,,,,,,,,
2136517,3a1bfe706a280632e66ac161a4fa1b9d16acc9d295eecd783f679f0714971da5c1c70860e623ef0776663f86b2b8296c834e0ef6a59495ff0cd44a119e5d9b92,08/25/2025 03:08:00 PM,2,DRIVER,,2036706,,NISSAN,ALTIMA,IL,2017,UNKNOWN,PASSENGER,PERSONAL,N,STRAIGHT AHEAD,,,1,,,,,,,,,Y,Y,Y,,,,,,,REAR,,,,,,,,,,,,,,,,,,,,,,,,,,,,,,,,,
2136580,7dda476645bab47c391ae9e483086cb04ec3d977b7abee69ef94b097614ef15695f70185d7a87e227a3f07d6c52805d6f350fc0c2f89f4e2958924f0907f3c61,08/25/2025 03:07:00 PM,1,DRIVER,,2036758,,HONDA,CIVIC,IL,,UNKNOWN,PASSENGER,UNKNOWN/NA,UNKNOWN,OTHER,,,1,,,,,Y,Y,,,,,,,,,,Y,,FRONT-RIGHT-CORNER,,,,,,,,,,,,,,,,,,,,,,,,,,,,,,,,,
2136581,7dda476645bab47c391ae9e483086cb04ec3d977b7abee69ef94b097614ef15695f70185d7a87e227a3f07d6c52805d6f350fc0c2f89f4e2958924f0907f3c61,08/25/2025 03:07:00 PM,2,PARKED,,2036772,,CHEVROLET,SILVERADO,IL,2009,UNKNOWN,PICKUP,PERSONAL,N,PARKED,,,0,,,,,,,,,,,Y,Y,Y,,,,,SIDE-LEFT-REAR,,,,,,,,,,,,,,,,,,,,,,,,,,,,,,,,,
2136469,d8886e0b5c12bd9d7a66a3795b036eb2834fc84047b0642872ba356220baedaae4d149c4a738136fa7a927f886acd0a26b7802d67a59315cc29f77723576b1dc,08/25/2025 03:06:00 PM,1,DRIVER,,2036658,,"DEERE, JOHN COMPANY","DEERE, JOHN; DEERE & CO.",,2025,NONE,OTHER,CONSTRUCTION/MAINTENANCE,N,STRAIGHT AHEAD,,,1,,,,Y,,,,,,,,,,,,,,TOP,,,,,,,,,,,,,,,,,,,,,,,,,,,,,,,,,
2136470,d8886e0b5c12bd9d7a66a3795b036eb2834fc84047b0642872ba356220baedaae4d149c4a738136fa7a927f886acd0a26b7802d67a59315cc29f77723576b1dc,08/25/2025 03:06:00 PM,2,PARKED,,2036663,,TOYOTA,SIENNA,IL,2012,NONE,PASSENGER,NOT IN USE,N,PARKED,,,0,,,,,,,,,,,,,,,,,,OTHER,,,,,,,,,,,,,,,,,,,,,,,,,,,,,,,,,
2136445,e8a47cccf76b3f2bfd3b9de1773213c6d11d0cba20330e66bdacb5dc4515cbe59df423e16308a67c7020a5fb4aa4a38f5914ae5a2f99bd5e37fc43d5af1b66ca,08/25/2025 03:03:00 PM,1,DRIVER,,2036641,,NISSAN,ALTIMA,IL,2008,NONE,PASSENGER,PERSONAL,W,STRAIGHT AHEAD,,,1,,,,,Y,,,,,,,,,,Y,Y,,FRONT,,,,,,,,,,,,,,,,,,,,,,,,,,,,,,,,,
2136446,e8a47cccf76b3f2bfd3b9de1773213c6d11d0cba20330e66bdacb5dc4515cbe59df423e16308a67c7020a5fb4aa4a38f5914ae5a2f99bd5e37fc43d5af1b66ca,08/25/2025 03:03:00 PM,2,DRIVER,,2036635,,NISSAN,ALTIMA,IL,2018,NONE,PASSENGER,PERSONAL,W,STRAIGHT AHEAD,,,1,,,,,Y,,,,Y,Y,Y,,,,Y,Y,,REAR,,,,,,,,,,,,,,,,,,,,,,,,,,,,,,,,,
2140208,e414d984cf525fe4cae11e9d94bea000f4b1fc318c0c2dcf35d8364597df2da39b6e184a91c08ba9b3f1e8ed72db80cb77a5dbf8d0c7ba506a65028930a1509f,08/25/2025 03:00:00 PM,1,DRIVER,,2040189,,UNKNOWN,MOTORIZED,IL,,UNKNOWN,UNKNOWN/NA,UNKNOWN/NA,N,UNKNOWN/NA,,,1,,,,,Y,,,,,,,,,,,,,FRONT-LEFT-CORNER,,,,,,,,,,,,,,,,,,,,,,,,,,,,,,,,,
2140209,e414d984cf525fe4cae11e9d94bea000f4b1fc318c0c2dcf35d8364597df2da39b6e184a91c08ba9b3f1e8ed72db80cb77a5dbf8d0c7ba506a65028930a1509f,08/25/2025 03:00:00 PM,2,PARKED,,2040191,,KIA,OTHER (EXPLAIN IN NARRATIVE),IL,2008,UNKNOWN,SPORT UTILITY VEHICLE (SUV),NOT IN USE,N,PARKED,,,0,,,,,,,,,,,,,,Y,Y,Y,,FRONT-LEFT-CORNER,,,,,,,,,,,,,,,,,,,,,,,,,,,,,,,,,
2136736,2d97707aed4d074ce5c3ddf006f762aed59b5666e421ab11fa60306745aec5022b3be7a375129029b6b7066ca284041d0658f74ace711817a5c612485daa0c41,08/25/2025 02:50:00 PM,1,DRIVER,,2036908,,UNKNOWN,OTHER (EXPLAIN IN NARRATIVE),IL,,UNKNOWN,UNKNOWN/NA,UNKNOWN/NA,UNKNOWN,UNKNOWN/NA,,,1,,,,,,,,,,,,,,,,,,UNKNOWN,,,,,,,,,,,,,,,,,,,,,,,,,,,,,,,,,
2136737,2d97707aed4d074ce5c3ddf006f762aed59b5666e421ab11fa60306745aec5022b3be7a375129029b6b7066ca284041d0658f74ace711817a5c612485daa0c41,08/25/2025 02:50:00 PM,2,DRIVERLESS,,2036916,,MERCURY,MILAN,IL,2026,UNKNOWN,PASSENGER,NOT IN USE,UNKNOWN,PARKED,,,0,,,,,,,,,,,,,,Y,,,,SIDE-LEFT-FRONT,,,,,,,,,,,,,,,,,,,,,,,,,,,,,,,,,
2136463,34153500a81b7fbf94720921a9aa594511e3cb5322df493cf26cb70065a8d9e308f51064130c753a97ae77aee2d0106306b6d4edfa609ee303b9b9374abba77b,08/25/2025 02:50:00 PM,1,DRIVER,,2036640,,JEEP,CHEROKEE,IL,2019,UNKNOWN,SPORT UTILITY VEHICLE (SUV),UNKNOWN/NA,N,CHANGING LANES,,,1,,,,,Y,Y,Y,,,,,,,,,,,FRONT-RIGHT-CORNER,,,,,,,,,,,,,,,,,,,,,,,,,,,,,,,,,
2136464,34153500a81b7fbf94720921a9aa594511e3cb5322df493cf26cb70065a8d9e308f51064130c753a97ae77aee2d0106306b6d4edfa609ee303b9b9374abba77b,08/25/2025 02:50:00 PM,2,DRIVER,,2036647,,TOYOTA,CAMRY,IL,2018,NONE,PASSENGER,PERSONAL,N,STRAIGHT AHEAD,,,1,,,,,,,,,,,Y,Y,Y,,,,,SIDE-LEFT-REAR,,,,,,,,,,,,,,,,,,,,,,,,,,,,,,,,,
2136441,c5f4a766b7f92a55bcfc3bf50c253ee04b51976394b656ac46f331e0d5f52c828b19f3f191629aaabe7032889c419a819bcfa57adfb5f9e293fbc0ae8fdffc9e,08/25/2025 02:49:00 PM,1,DRIVER,,2036625,,UNKNOWN,MOTORIZED,,,UNKNOWN,PICKUP,UNKNOWN/NA,S,STRAIGHT AHEAD,,,1,,,,,,,,,,,,,,,,,,UNKNOWN,,,,,,,,,,,,,,,,,,,,,,,,,,,,,,,,,
2136442,c5f4a766b7f92a55bcfc3bf50c253ee04b51976394b656ac46f331e0d5f52c828b19f3f191629aaabe7032889c419a819bcfa57adfb5f9e293fbc0ae8fdffc9e,08/25/2025 02:49:00 PM,2,DRIVER,,2036632,,NOVA BUS,OTHER (EXPLAIN IN NARRATIVE),,,UNKNOWN,BUS OVER 15 PASS.,COMMERCIAL - SINGLE UNIT,S,STRAIGHT AHEAD,,,1,,,,,,,,,,,,,,,Y,,,FRONT-LEFT-CORNER,,,,,,,,,,,,,,,,,,,,,,,,,,,,,,,,,
2136491,c963f818f17b9940c0d1aa4d8be0b1c37fb2b7f172ab94f5836b8b806a873b1c7fa1942060ff6eb5922823d3e5afa4c09b4deb9291ecfb1a36a4ed496f7bce9b,08/25/2025 02:45:00 PM,1,DRIVER,,2036698,,MAZDA,MAZDA6,IL,2018,NONE,PASSENGER,PERSONAL,W,TURNING RIGHT,,,1,,,,,Y,Y,Y,Y,Y,,,,,,,,,SIDE-RIGHT,,,,,,,,,,,,,,,,,,,,,,,,,,,,,,,,,
2136492,c963f818f17b9940c0d1aa4d8be0b1c37fb2b7f172ab94f5836b8b806a873b1c7fa1942060ff6eb5922823d3e5afa4c09b4deb9291ecfb1a36a4ed496f7bce9b,08/25/2025 02:45:00 PM,2,DRIVER,,2036675,,TOYOTA,SIENNA,IL,2011,NONE,VAN/MINI-VAN,PERSONAL,W,TURNING RIGHT,,,1,,,,,,,,,,,Y,Y,Y,Y,Y,,,SIDE-LEFT,,,,,,,,,,,,,,,,,,,,,,,,,,,,,,,,,
2137358,478934dfe69d728599400d1424152aa31c147979448e2046f5387454e644b85d3c9442303ba892d8d1d9d39d2ad1839aee3b9d8f200cd0409ad08725fbbd606f,08/25/2025 02:40:00 PM,1,DRIVER,,2037504,,CHEVROLET,MALIBU,IL,2015,UNKNOWN,PASSENGER,PERSONAL,S,CHANGING LANES,,,1,,,,,,,,,,,,,,,Y,,,SIDE-LEFT-FRONT,,,,,,,,,,,,,,,,,,,,,,,,,,,,,,,,,
2137359,478934dfe69d728599400d1424152aa31c147979448e2046f5387454e644b85d3c9442303ba892d8d1d9d39d2ad1839aee3b9d8f200cd0409ad08725fbbd606f,08/25/2025 02:40:00 PM,2,DRIVER,,2037518,,DODGE,JOURNEY,IL,2017,NONE,SPORT UTILITY VEHICLE (SUV),PERSONAL,S,STRAIGHT AHEAD,,,1,,,,,,Y,Y,Y,Y,,,,,,,,,SIDE-RIGHT,,,,,,,,,,,,,,,,,,,,,,,,,,,,,,,,,
2137042,70dc1846bd5de444f59332f96faea179f0b1ec2a1ddaa8b0b22134f98e5c687952f32553bdcf00d9364a3817625a39c1ea55bb0e01afbc9079272ba9f2fc9fe5,08/25/2025 02:40:00 PM,1,DRIVER,,2037194,,HONDA,CR-V,IL,2017,NONE,SPORT UTILITY VEHICLE (SUV),PERSONAL,SE,TURNING RIGHT,,,1,,,,,,,,,,,,,,Y,Y,,,FRONT-LEFT-CORNER,,,,,,,,,,,,,,,,,,,,,,,,,,,,,,,,,
2137043,70dc1846bd5de444f59332f96faea179f0b1ec2a1ddaa8b0b22134f98e5c687952f32553bdcf00d9364a3817625a39c1ea55bb0e01afbc9079272ba9f2fc9fe5,08/25/2025 02:40:00 PM,2,DRIVER,,2037197,,KIA,NIRO,IL,2013,NONE,PASSENGER,PERSONAL,SE,TURNING RIGHT,,,1,,,,,Y,Y,,,,,,,,,,,,FRONT-RIGHT-CORNER,,,,,,,,,,,,,,,,,,,,,,,,,,,,,,,,,
2136447,cead45037d3fb6b1e2b68b38d0daef7778bc29f9978a66a42e12f929a655a67586d19471a145429365ec25b2e718c6eceb08abe822a4c9da9230ef3d3867430c,08/25/2025 02:30:00 PM,1,DRIVER,,2036628,,FORD,OTHER (EXPLAIN IN NARRATIVE),IL,2011,UNKNOWN,PASSENGER,UNKNOWN/NA,W,STRAIGHT AHEAD,,,1,,,,,,,,,Y,Y,Y,,,,,,,REAR,,,,,,,,,,,,,,,,,,,,,,,,,,,,,,,,,
2136448,cead45037d3fb6b1e2b68b38d0daef7778bc29f9978a66a42e12f929a655a67586d19471a145429365ec25b2e718c6eceb08abe822a4c9da9230ef3d3867430c,08/25/2025 02:30:00 PM,2,PARKED,,2036633,,DODGE,OTHER (EXPLAIN IN NARRATIVE),IL,2020,UNKNOWN,PASSENGER,PERSONAL,W,PARKED,,,0,,,,,Y,,,,,,,,,,Y,Y,,FRONT,,,,,,,,,,,,,,,,,,,,,,,,,,,,,,,,,
2136534,ffafb0cfc99d536621d1ef225d4abdc30993b26d55868466490f02d6e7d4a2a1d23cd37ff7d5fedfb4d83fc8431609c10255b00a6e8c3c73b218f2d83ff117a5,08/25/2025 02:30:00 PM,1,DRIVER,,2036701,,UNKNOWN,MOTORIZED,,,UNKNOWN,UNKNOWN/NA,UNKNOWN/NA,UNKNOWN,UNKNOWN/NA,,,1,,,,,,,,,,,,,,,,,Y,UNKNOWN,,,,,,,,,,,,,,,,,,,,,,,,,,,,,,,,,
2136535,ffafb0cfc99d536621d1ef225d4abdc30993b26d55868466490f02d6e7d4a2a1d23cd37ff7d5fedfb4d83fc8431609c10255b00a6e8c3c73b218f2d83ff117a5,08/25/2025 02:30:00 PM,2,PARKED,,2036716,,HONDA,CR-V,IL,2008,UNKNOWN,SPORT UTILITY VEHICLE (SUV),NOT IN USE,S,PARKED,,,0,,,,,,,,,,,,Y,Y,Y,,,,SIDE-LEFT,,,,,,,,,,,,,,,,,,,,,,,,,,,,,,,,,
2136418,2af6bdacadf56b6145820197b3ca067105ee49405dabdb3d3e19e8729ca16588207cb62fc50496947188ff38d28ba17e03f94316e5cefe43c6c378de3a71fce2,08/25/2025 02:24:00 PM,1,DRIVER,,2036606,,INFINITI,G37,IL,2012,NONE,PASSENGER,PERSONAL,N,STRAIGHT AHEAD,,,1,,,,,Y,,,,,,,,,,Y,Y,,FRONT,,,,,,,,,,,,,,,,,,,,,,,,,,,,,,,,,
2136419,2af6bdacadf56b6145820197b3ca067105ee49405dabdb3d3e19e8729ca16588207cb62fc50496947188ff38d28ba17e03f94316e5cefe43c6c378de3a71fce2,08/25/2025 02:24:00 PM,2,DRIVER,,2036611,,NISSAN,FRONTIER,IL,2024,NONE,PICKUP,PERSONAL,N,STRAIGHT AHEAD,,,1,,,,,,,,,Y,Y,Y,,,,,,,REAR,,,,,,,,,,,,,,,,,,,,,,,,,,,,,,,,,
2136455,301bd6c3c50bbe1185e4df1c1e260ee8520fb196d9abb0b1fe021dba63877b46ceb387275c5d32bad6819a7ecfc9835f0189244e761b6c4cdb8cf31692cb84fe,08/25/2025 02:15:00 PM,1,DRIVER,,2036652,,INFINITI,G37,IL,2009,UNKNOWN,UNKNOWN/NA,PERSONAL,W,STRAIGHT AHEAD,,,1,,,,,Y,,,,,,,,,,Y,Y,,FRONT,,,,,,,,,,,,,,,,,,,,,,,,,,,,,,,,,
2136456,301bd6c3c50bbe1185e4df1c1e260ee8520fb196d9abb0b1fe021dba63877b46ceb387275c5d32bad6819a7ecfc9835f0189244e761b6c4cdb8cf31692cb84fe,08/25/2025 02:15:00 PM,2,DRIVER,,2036654,,NISSAN,ALTIMA,IL,,UNKNOWN,PASSENGER,PERSONAL,S,TURNING LEFT,,,1,,,,,,,,,,,Y,Y,,,,,,REAR-LEFT-CORNER,,,,,,,,,,,,,,,,,,,,,,,,,,,,,,,,,
2136591,cf51985321d65a9a565d72d81f1434e9839c5afee19e4d6d823e5308369907b60403ec9fed99a46f66fd079b5eafd9dc0023c942cb70037d2f1c56e96e27ded5,08/25/2025 02:15:00 PM,1,DRIVER,,2036763,,KIA,OPTIMA / K5,IL,2016,NONE,PASSENGER,PERSONAL,N,STRAIGHT AHEAD,,,1,,,,,Y,,,,,,,,,,Y,Y,,FRONT,,,,,,,,,,,,,,,,,,,,,,,,,,,,,,,,,
2136592,cf51985321d65a9a565d72d81f1434e9839c5afee19e4d6d823e5308369907b60403ec9fed99a46f66fd079b5eafd9dc0023c942cb70037d2f1c56e96e27ded5,08/25/2025 02:15:00 PM,2,DRIVER,,2036766,,FORD,FUSION,IL,2014,NONE,PASSENGER,PERSONAL,N,STRAIGHT AHEAD,,,1,,,,,,,,,Y,Y,Y,,,,,,,REAR,,,,,,,,,,,,,,,,,,,,,,,,,,,,,,,,,
2136732,9d7c97e169d68d01d5967d9cfec8d66b0689ec85580f9652c4798d5aa48cdc2f096238362ee03fa69e538a0f7523a20b97c1028d88a73114010541b4cc4fd8e1,08/25/2025 02:14:00 PM,1,DRIVER,,2036907,,BUICK,ENCLAVE,IL,2019,UNKNOWN,SPORT UTILITY VEHICLE (SUV),PERSONAL,N,UNKNOWN/NA,,,1,,,,,Y,,,,,,,,,,,,,FRONT-RIGHT-CORNER,,,,,,,,,,,,,,,,,,,,,,,,,,,,,,,,,
2136733,9d7c97e169d68d01d5967d9cfec8d66b0689ec85580f9652c4798d5aa48cdc2f096238362ee03fa69e538a0f7523a20b97c1028d88a73114010541b4cc4fd8e1,08/25/2025 02:14:00 PM,2,DRIVER,,2036917,,TOYOTA,TUNDRA,IL,2023,NONE,TRUCK - SINGLE UNIT,PERSONAL,N,SLOW/STOP IN TRAFFIC,,,1,,,,,,,,,,,Y,,,,,,,REAR-LEFT-CORNER,,,,,,,,,,,,,,,,,,,,,,,,,,,,,,,,,
2136656,331aa0acb6f5368577bc7d6007fcd3a85d59eda6b8002d873e79ea890a69b7a1f259c891bbb87824985ea321f6eab59d79ca9c701d4745e9989b6deeb4b6f8a6,08/25/2025 02:13:00 PM,1,DRIVER,,2036828,,UNKNOWN,OTHER (EXPLAIN IN NARRATIVE),,,NONE,OTHER,OTHER,S,TURNING LEFT,,,1,,,,,,,,,,,,,,,,,Y,UNKNOWN,,,,,,,,,,,,,,,,,,,,,,,,,,,,,,,,,
2136657,331aa0acb6f5368577bc7d6007fcd3a85d59eda6b8002d873e79ea890a69b7a1f259c891bbb87824985ea321f6eab59d79ca9c701d4745e9989b6deeb4b6f8a6,08/25/2025 02:13:00 PM,2,PARKED,,2036823,,TOYOTA,4RUNNER,IL,2025,NONE,SPORT UTILITY VEHICLE (SUV),PERSONAL,S,PARKED,,,0,,,,,,,,Y,Y,,,,,,,,,SIDE-RIGHT-REAR,,,,,,,,,,,,,,,,,,,,,,,,,,,,,,,,,
2136412,9edf696b83d770f14b45d43c9c932c27d86f6f5066d597a4710b6e7cdfcb4d1571f92f5e375a0faf79b0f897bfa8b8527ff797d45b86ec07d87b19efc9d72f9e,08/25/2025 02:07:00 PM,1,DRIVER,,2036604,,MERCEDES-BENZ,GLC,IL,2017,UNKNOWN,SPORT UTILITY VEHICLE (SUV),UNKNOWN/NA,W,OTHER,,,1,,,,,Y,,,,,,,,,,Y,Y,,FRONT,,,,,,,,,,,,,,,,,,,,,,,,,,,,,,,,,
2136413,9edf696b83d770f14b45d43c9c932c27d86f6f5066d597a4710b6e7cdfcb4d1571f92f5e375a0faf79b0f897bfa8b8527ff797d45b86ec07d87b19efc9d72f9e,08/25/2025 02:07:00 PM,2,DRIVER,,2036608,,VOLKSWAGEN,JETTA,IL,2019,NONE,PASSENGER,PERSONAL,N,TURNING RIGHT,,,1,,,,,,,,Y,Y,Y,N,N,,,,,,REAR,,,,,,,,,,,,,,,,,,,,,,,,,,,,,,,,,
2136558,fbd5a73e8b9add6d4f4d67dbc08333aa246ec2565b196c9254fd60468953ea72bb6b7639c33d922a9ed8b447ba3c081b3c9a74ad37121261454207d8f6180e10,08/25/2025 02:05:00 PM,1,DRIVER,,2036734,,UNKNOWN,OTHER (EXPLAIN IN NARRATIVE),IN,,UNKNOWN,UNKNOWN/NA,UNKNOWN/NA,UNKNOWN,UNKNOWN/NA,,,1,,,,,,,,,,,,,,,,,Y,UNKNOWN,,,,,,,,,,,,,,,,,,,,,,,,,,,,,,,,,
2136559,fbd5a73e8b9add6d4f4d67dbc08333aa246ec2565b196c9254fd60468953ea72bb6b7639c33d922a9ed8b447ba3c081b3c9a74ad37121261454207d8f6180e10,08/25/2025 02:05:00 PM,2,DRIVER,2,2036744,,NISSAN,MURANO,IL,2024,UNKNOWN,UNKNOWN/NA,UNKNOWN/NA,UNKNOWN,UNKNOWN/NA,,,3,,,,,,,,,,,,Y,Y,Y,,,,SIDE-LEFT,,,,,,,,,,,,,,,,,,,,,,,,,,,,,,,,,