CRASH_UNIT_ID,CRASH_RECORD_ID,CRASH_DATE,UNIT_NO,UNIT_TYPE,NUM_PASSENGERS,VEHICLE_ID,CMRC_VEH_I,MAKE,MODEL,LIC_PLATE_STATE,VEHICLE_YEAR,VEHICLE_DEFECT,VEHICLE_TYPE,VEHICLE_USE,TRAVEL_DIRECTION,MANEUVER,TOWED_I,FIRE_I,OCCUPANT_CNT,EXCEED_SPEED_LIMIT_I,TOWED_BY,TOWED_TO,AREA_00_I,AREA_01_I,AREA_02_I,AREA_03_I,AREA_04_I,AREA_05_I,AREA_06_I,AREA_07_I,AREA_08_I,AREA_09_I,AREA_10_I,AREA_11_I,AREA_12_I,AREA_99_I,FIRST_CONTACT_POINT,CMV_ID,USDOT_NO,CCMC_NO,ILCC_NO,COMMERCIAL_SRC,GVWR,CARRIER_NAME,CARRIER_STATE,CARRIER_CITY,HAZMAT_PLACARDS_I,HAZMAT_NAME,UN_NO,HAZMAT_PRESENT_I,HAZMAT_REPORT_I,HAZMAT_REPORT_NO,MCS_REPORT_I,MCS_REPORT_NO,HAZMAT_VIO_CAUSE_CRASH_I,MCS_VIO_CAUSE_CRASH_I,IDOT_PERMIT_NO,WIDE_LOAD_I,TRAILER1_WIDTH,TRAILER2_WIDTH,TRAILER1_LENGTH,TRAILER2_LENGTH,TOTAL_VEHICLE_LENGTH,AXLE_CNT,VEHICLE_CONFIG,CARGO_BODY_TYPE,LOAD_TYPE,HAZMAT_OUT_OF_SERVICE_I,MCS_OUT_OF_SERVICE_I,HAZMAT_CLASS
2136546,11c7ee69c2417d1dc44dc7d838bee6d9b364020befa64ada1e14cad3c0b2f2cb1bb93afbc8af8ace3f3659b30882228093a6020bf17d124128d635eed249f40e,08/25/2025 02:00:00 PM,1,DRIVER,,2036714,,LEXUS,OTHER (EXPLAIN IN NARRATIVE),,2014,NONE,PASSENGER,PERSONAL,N,STRAIGHT AHEAD,,,1,,,,,,,,,,,,,,,,Y,N,FRONT,,,,,,,,,,,,,,,,,,,,,,,,,,,,,,,,,
2136547,11c7ee69c2417d1dc44dc7d838bee6d9b364020befa64ada1e14cad3c0b2f2cb1bb93afbc8af8ace3f3659b30882228093a6020bf17d124128d635eed249f40e,08/25/2025 02:00:00 PM,2,DRIVER,,2036719,,LEXUS,RX350,IL,2013,NONE,PASSENGER,DRIVER EDUCATION,N,STRAIGHT AHEAD,,,1,,,,,,,,,,Y,,,,,,,,REAR,,,,,,,,,,,,,,,,,,,,,,,,,,,,,,,,,
2136449,fde65794d09865f02421057da66230cb68833a38c600a65f9b4989594cd4500c055f2d785121dfbb8ef864eede6def4e7091f77c017d60f8182b837fd79be131,08/25/2025 01:50:00 PM,1,DRIVER,,2036644,,HYUNDAI,TUCSON,IL,2016,UNKNOWN,SPORT UTILITY VEHICLE (SUV),PERSONAL,S,STRAIGHT AHEAD,,,1,,,,Y,,,,,,,,,,,,,,FRONT,,,,,,,,,,,,,,,,,,,,,,,,,,,,,,,,,
2136450,fde65794d09865f02421057da66230cb68833a38c600a65f9b4989594cd4500c055f2d785121dfbb8ef864eede6def4e7091f77c017d60f8182b837fd79be131,08/25/2025 01:50:00 PM,2,DRIVER,,2036649,,HYUNDAI,TUCSON,IL,2022,UNKNOWN,SPORT UTILITY VEHICLE (SUV),PERSONAL,S,STRAIGHT AHEAD,,,1,,,,,,,,,,Y,,,,,,,,REAR,,,,,,,,,,,,,,,,,,,,,,,,,,,,,,,,,
2136421,fe75e8dc211fea485e07b1daa9da77f5fff3ba98a6390903789a61dd3b4f1636648f21b21f5f08d7f3b561c6e86af1536061c392318fc39dac596d270f654fac,08/25/2025 01:47:00 PM,1,DRIVER,,2036612,,MAZDA,PROTEGE,IL,2001,UNKNOWN,PASSENGER,PERSONAL,W,STRAIGHT AHEAD,Y,,1,,UNKNOWN PRIVATE TOW,UNKNOWN,,,,,,,,,,,,,Y,,FRONT,,,,,,,,,,,,,,,,,,,,,,,,,,,,,,,,,
2136422,fe75e8dc211fea485e07b1daa9da77f5fff3ba98a6390903789a61dd3b4f1636648f21b21f5f08d7f3b561c6e86af1536061c392318fc39dac596d270f654fac,08/25/2025 01:47:00 PM,2,DRIVER,,2036621,,MITSUBISHI,OTHER (EXPLAIN IN NARRATIVE),IL,2019,UNKNOWN,PASSENGER,PERSONAL,W,STRAIGHT AHEAD,,,1,,,,Y,,,,,,N,,,,,,,,REAR,,,,,,,,,,,,,,,,,,,,,,,,,,,,,,,,,
2136429,d525e752b80b483a416b8c799fb2764883510febee8c3627db876d7f16aaf91c3e14dc8154a014a4110ff9990898ed1b9394a2ae69bafe39e2735d270e26b9f5,08/25/2025 01:41:00 PM,1,DRIVER,,2036631,,LEXUS,IS,IL,2006,UNKNOWN,PASSENGER,UNKNOWN/NA,S,STRAIGHT AHEAD,,,1,,,,,Y,,,,,,,,,Y,Y,Y,,FRONT-LEFT-CORNER,,,,,,,,,,,,,,,,,,,,,,,,,,,,,,,,,
2136430,d525e752b80b483a416b8c799fb2764883510febee8c3627db876d7f16aaf91c3e14dc8154a014a4110ff9990898ed1b9394a2ae69bafe39e2735d270e26b9f5,08/25/2025 01:41:00 PM,2,DRIVER,,2036637,,TOYOTA,COROLLA,IN,2006,NONE,PASSENGER,PERSONAL,S,SLOW/STOP IN TRAFFIC,,,1,,,,,,,,Y,Y,Y,Y,,,,,,,REAR-RIGHT-CORNER,,,,,,,,,,,,,,,,,,,,,,,,,,,,,,,,,
2136567,ca201685d8843556f41bc14c3ec844176c234d944ca321bb579990ffb6719d2afd7f60d31e3b2afc6b9bc8f0ee36ffa710d9ed0c3ad5362d1249b0097f5f1300,08/25/2025 01:38:00 PM,1,DRIVER,,2036749,N,UNKNOWN,OTHER (EXPLAIN IN NARRATIVE),TX,,UNKNOWN,UNKNOWN/NA,UNKNOWN/NA,UNKNOWN,BACKING,,,1,,,,,,,,,,,,,,,,,Y,REAR,,,,,,,,,,,,,,,,,,,,,,,,,,,,,,,,,
2136568,ca201685d8843556f41bc14c3ec844176c234d944ca321bb579990ffb6719d2afd7f60d31e3b2afc6b9bc8f0ee36ffa710d9ed0c3ad5362d1249b0097f5f1300,08/25/2025 01:38:00 PM,2,PARKED,,2036768,,FORD,EXPLORER,IL,2012,UNKNOWN,PASSENGER,PERSONAL,N,PARKED IN TRAFFIC LANE,,,0,,,,,Y,Y,Y,Y,Y,,,,,,,,,SIDE-RIGHT,,,,,,,,,,,,,,,,,,,,,,,,,,,,,,,,,
2136398,7371024a920fca56331e6766d039d46511d4e809f70cdfb0433e90c93cfecec3e81aa8b018915a0f1863feec6e4c01b514a5729efac1783341b796568b4b0bce,08/25/2025 01:30:00 PM,1,DRIVER,,2036588,,KIA,OPTIMA / K5,IL,2018,UNKNOWN,UNKNOWN/NA,UNKNOWN/NA,N,TURNING RIGHT,,,1,,,,,,,,,,,,,,,,Y,,FRONT,,,,,,,,,,,,,,,,,,,,,,,,,,,,,,,,,
2136399,7371024a920fca56331e6766d039d46511d4e809f70cdfb0433e90c93cfecec3e81aa8b018915a0f1863feec6e4c01b514a5729efac1783341b796568b4b0bce,08/25/2025 01:30:00 PM,2,DRIVER,1,2036591,,JEEP,GRAND CHEROKEE,IL,2007,UNKNOWN,SPORT UTILITY VEHICLE (SUV),PERSONAL,E,STRAIGHT AHEAD,,,2,,,,,,Y,Y,Y,,,,,,,,,,SIDE-RIGHT,,,,,,,,,,,,,,,,,,,,,,,,,,,,,,,,,
2140378,67665a2b790833d5cb22e9e141ae6a1c3e91d8ec91b98de7d4b5ec359f526a98197520beb1d8b5f82aa4d283273f23dc517d428a0f126cab1f0ad286bfec930b,08/25/2025 01:29:00 PM,1,DRIVER,,2040355,,FORD,EXPLORER,,,UNKNOWN,PASSENGER,PERSONAL,N,BACKING,,,1,,,,,,,,,,,Y,,,,,,,REAR,,,,,,,,,,,,,,,,,,,,,,,,,,,,,,,,,
2140379,67665a2b790833d5cb22e9e141ae6a1c3e91d8ec91b98de7d4b5ec359f526a98197520beb1d8b5f82aa4d283273f23dc517d428a0f126cab1f0ad286bfec930b,08/25/2025 01:29:00 PM,2,PARKED,,2040359,,UNKNOWN,OTHER (EXPLAIN IN NARRATIVE),IL,,UNKNOWN,UNKNOWN/NA,UNKNOWN/NA,E,PARKED,,,0,,,,,,,,,,,,,Y,Y,,,,SIDE-LEFT,,,,,,,,,,,,,,,,,,,,,,,,,,,,,,,,,
2136541,92c4f39a9bfcf9856cdddc289a1feb7052d4e98159bfbd7957b63403126137fe2bd3fb57ccbc91f0ac3eefb320af3c0c49fd3ac9c5453c97a397d3308548751d,08/25/2025 01:25:00 PM,1,DRIVER,,2036718,,CHEVROLET,SILVERADO,IL,2008,UNKNOWN,PICKUP,PERSONAL,S,STRAIGHT AHEAD,Y,,1,,IMPOUNDED FOR DUI,POUND,,Y,Y,Y,Y,Y,,,,,Y,Y,Y,,FRONT,,,,,,,,,,,,,,,,,,,,,,,,,,,,,,,,,
2136542,92c4f39a9bfcf9856cdddc289a1feb7052d4e98159bfbd7957b63403126137fe2bd3fb57ccbc91f0ac3eefb320af3c0c49fd3ac9c5453c97a397d3308548751d,08/25/2025 01:25:00 PM,2,DRIVER,1,2036727,,LINCOLN,MKX,IL,2015,UNKNOWN,SPORT UTILITY VEHICLE (SUV),PERSONAL,S,STRAIGHT AHEAD,Y,,2,,PRIVATE TOW,UNK,,Y,,,,Y,Y,Y,,,,Y,Y,,REAR,,,,,,,,,,,,,,,,,,,,,,,,,,,,,,,,,
2136543,92c4f39a9bfcf9856cdddc289a1feb7052d4e98159bfbd7957b63403126137fe2bd3fb57ccbc91f0ac3eefb320af3c0c49fd3ac9c5453c97a397d3308548751d,08/25/2025 01:25:00 PM,3,DRIVER,1,2036733,,DODGE,OTHER (EXPLAIN IN NARRATIVE),IL,2024,NONE,PASSENGER,PERSONAL,S,STRAIGHT AHEAD,,,2,,,,,,,,,Y,Y,Y,,,,,,,REAR,,,,,,,,,,,,,,,,,,,,,,,,,,,,,,,,,
2136544,92c4f39a9bfcf9856cdddc289a1feb7052d4e98159bfbd7957b63403126137fe2bd3fb57ccbc91f0ac3eefb320af3c0c49fd3ac9c5453c97a397d3308548751d,08/25/2025 01:25:00 PM,4,PARKED,,2036739,,TESLA,MODEL 3,IL,2025,UNKNOWN,PASSENGER,NOT IN USE,S,PARKED,,,0,,,,,,,,,,,Y,Y,Y,Y,Y,,,SIDE-RIGHT,,,,,,,,,,,,,,,,,,,,,,,,,,,,,,,,,
2136545,92c4f39a9bfcf9856cdddc289a1feb7052d4e98159bfbd7957b63403126137fe2bd3fb57ccbc91f0ac3eefb320af3c0c49fd3ac9c5453c97a397d3308548751d,08/25/2025 01:25:00 PM,5,PARKED,,2036755,,AUDI,Q7,IL,2025,UNKNOWN,PASSENGER,NOT IN USE,S,PARKED,,,0,,,,,,,,,,,Y,Y,Y,Y,Y,,,SIDE-RIGHT,,,,,,,,,,,,,,,,,,,,,,,,,,,,,,,,,
2136394,fdb8a54fc450d4c3c756255422db6c375cea29b6914d0163b1806b12f5ccdc2122b84687ce139e478dd9cf10e0ebfc0bb59c3b46fab096d1f60cc3a97b9137de,08/25/2025 01:20:00 PM,1,DRIVER,,2036598,,BMW,530I,IL,2024,UNKNOWN,PASSENGER,PERSONAL,UNKNOWN,CHANGING LANES,,,1,,,,,Y,Y,,,,,,,,,,,,FRONT-RIGHT-CORNER,,,,,,,,,,,,,,,,,,,,,,,,,,,,,,,,,
2136395,fdb8a54fc450d4c3c756255422db6c375cea29b6914d0163b1806b12f5ccdc2122b84687ce139e478dd9cf10e0ebfc0bb59c3b46fab096d1f60cc3a97b9137de,08/25/2025 01:20:00 PM,2,DRIVER,,2036605,,TOYOTA,SIENNA,IL,2022,UNKNOWN,VAN/MINI-VAN,PERSONAL,UNKNOWN,STRAIGHT AHEAD,,,1,,,,,,,,,,,,Y,Y,Y,,,,SIDE-LEFT,,,,,,,,,,,,,,,,,,,,,,,,,,,,,,,,,
2136836,c1070aa6dfcb183f5414cbf8583d7db82fd509889be6ead48e870f993ca8797b9ba54d874d686cb17fd90d349b21b305ddec5a307d7b40386de1581f6636f180,08/25/2025 01:19:00 PM,1,DRIVER,1,2037004,,HYUNDAI,SANTA FE,IL,2008,NONE,PASSENGER,PERSONAL,N,ENTERING TRAFFIC LANE FROM PARKING,,,2,,,,,Y,Y,,,,,,,,,Y,,,FRONT-RIGHT-CORNER,,,,,,,,,,,,,,,,,,,,,,,,,,,,,,,,,
2136485,3bb58ab17b1a126e6e3f5ada7c6344291960b0dd28fee13305966349c4774276747046e29515330b1473981af7e740b6ee74845eb5d14322b1853214d5753d26,08/25/2025 01:15:00 PM,1,DRIVER,,2036669,,CHEVROLET,OTHER (EXPLAIN IN NARRATIVE),IL,2019,UNKNOWN,PICKUP,UNKNOWN/NA,UNKNOWN,OTHER,,,1,,,,,,,,,,,,,,,Y,,,SIDE-LEFT-FRONT,,,,,,,,,,,,,,,,,,,,,,,,,,,,,,,,,
2136486,3bb58ab17b1a126e6e3f5ada7c6344291960b0dd28fee13305966349c4774276747046e29515330b1473981af7e740b6ee74845eb5d14322b1853214d5753d26,08/25/2025 01:15:00 PM,2,PARKED,,2036676,,HYUNDAI,ELANTRA,IL,2017,NONE,PASSENGER,PERSONAL,UNKNOWN,PARKED,,,0,,,,,,,,,,,,,,,Y,,,FRONT-LEFT-CORNER,,,,,,,,,,,,,,,,,,,,,,,,,,,,,,,,,
2136459,77557dae7c2d9a74c815b3bc0cece579d69f74ab34509e6360d4c8b0d5c4ebb54c8e83881817b9dc3cd0f78ea9be8340297834448f7eedd252afc7d296e24326,08/25/2025 01:14:00 PM,1,PARKED,2,2036638,,HONDA,CR-V,IL,2013,NONE,PASSENGER,PERSONAL,N,PARKED,,,2,,,,,,,,,,,,,Y,,,,,SIDE-LEFT,,,,,,,,,,,,,,,,,,,,,,,,,,,,,,,,,
2136460,77557dae7c2d9a74c815b3bc0cece579d69f74ab34509e6360d4c8b0d5c4ebb54c8e83881817b9dc3cd0f78ea9be8340297834448f7eedd252afc7d296e24326,08/25/2025 01:14:00 PM,2,BICYCLE,,,,,,,,,,,,,,,,,,,,,,,,,,,,,,,,,,,,,,,,,,,,,,,,,,,,,,,,,,,,,,,,,,
2136834,4af52a66649e40def1ed9fa076529600e41c4b36bef3cbd4f5b2734c2d3f91c884e56ca48c6697f77aec4585731ea85431d1b9b3d3d6a92a54dfd980684a9fc7,08/25/2025 01:07:00 PM,1,DRIVER,,2037003,Y,"PETERBILT MOTORS COMPANY (DIVISION OF PACCAR, INC.)","PETERBILT MOTORS CO., DIVISION PACCAR, INC.",IL,2011,UNKNOWN,TRACTOR W/ SEMI-TRAILER,COMMERCIAL - SINGLE UNIT,W,TURNING LEFT,,,1,,,,,,,,,,,,,,,,,,FRONT,"22,075",,,,,,,,,,,,,,,,,,,,,,,,,,,TRACTOR/SEMI-TRAILER,VAN/ENCLOSED BOX,OTHER,,,
2136835,4af52a66649e40def1ed9fa076529600e41c4b36bef3cbd4f5b2734c2d3f91c884e56ca48c6697f77aec4585731ea85431d1b9b3d3d6a92a54dfd980684a9fc7,08/25/2025 01:07:00 PM,2,DRIVER,1,2037005,,CHEVROLET,TAHOE,IL,2008,UNKNOWN,SPORT UTILITY VEHICLE (SUV),PERSONAL,S,STRAIGHT AHEAD,,,2,,,,,,,,,,,,Y,Y,Y,,,,SIDE-LEFT,,,,,,,,,,,,,,,,,,,,,,,,,,,,,,,,,
2136409,839f13ba9a8bd4df3692e5d8186d2b947037ed13130b174bcf6039f4823a806e418cb00081bdcb3f867811bef2cd55e1ae2952b90b02d53116ecb7d1333bbd7e,08/25/2025 01:07:00 PM,1,DRIVER,,2036596,,UNKNOWN,MOTORIZED,,,UNKNOWN,PASSENGER,UNKNOWN/NA,E,STRAIGHT AHEAD,,,1,,,,,Y,,,,,,,,,,Y,Y,,FRONT-RIGHT-CORNER,,,,,,,,,,,,,,,,,,,,,,,,,,,,,,,,,
2136410,839f13ba9a8bd4df3692e5d8186d2b947037ed13130b174bcf6039f4823a806e418cb00081bdcb3f867811bef2cd55e1ae2952b90b02d53116ecb7d1333bbd7e,08/25/2025 01:07:00 PM,2,DRIVER,,2036599,,MAZDA,MAZDA6,IL,2017,NONE,PASSENGER,PERSONAL,N,STRAIGHT AHEAD,Y,,1,,owner,,,,,,Y,Y,Y,Y,Y,,Y,Y,,,SIDE-LEFT-REAR,,,,,,,,,,,,,,,,,,,,,,,,,,,,,,,,,
2136411,839f13ba9a8bd4df3692e5d8186d2b947037ed13130b174bcf6039f4823a806e418cb00081bdcb3f867811bef2cd55e1ae2952b90b02d53116ecb7d1333bbd7e,08/25/2025 01:07:00 PM,3,PARKED,1,2036601,,BUICK,PARK AVENUE,IL,2003,NONE,PASSENGER,PERSONAL,N,PARKED,Y,,1,,owner,,,,,,Y,Y,Y,Y,Y,,,,,,REAR,,,,,,,,,,,,,,,,,,,,,,,,,,,,,,,,,
2136899,28686c8d7541799a18452e345d3c5ad41e1f86b68c09c960dae7471f4c622f35a1156d7146028c29a490b9be386a5a5412734ea1f4fa1809089fab9d5eb0316a,08/25/2025 01:00:00 PM,1,DRIVER,,2037061,,UNKNOWN,OTHER (EXPLAIN IN NARRATIVE),IL,,NONE,PASSENGER,PERSONAL,UNKNOWN,UNKNOWN/NA,,,1,,,,,,,,,,Y,,,,,,,,REAR,,,,,,,,,,,,,,,,,,,,,,,,,,,,,,,,,
2136900,28686c8d7541799a18452e345d3c5ad41e1f86b68c09c960dae7471f4c622f35a1156d7146028c29a490b9be386a5a5412734ea1f4fa1809089fab9d5eb0316a,08/25/2025 01:00:00 PM,2,PARKED,,2037065,,TOYOTA,COROLLA,IL,2003,NONE,PASSENGER,PERSONAL,UNKNOWN,PARKED,,,0,,,,,,,,,,,,,,,,Y,,FRONT,,,,,,,,,,,,,,,,,,,,,,,,,,,,,,,,,
2137506,93219f15e9b89ad93d927d7ba359384f60eea3adcec0159f697baea396495daad5e7958c5d94440cea6d4c1f76b70e802dc3f1c927578bf9bd2b4ed23c354f61,08/25/2025 01:00:00 PM,1,DRIVER,,2037639,,CHEVROLET,TRUCK,IL,2018,UNKNOWN,UNKNOWN/NA,PERSONAL,W,STRAIGHT AHEAD,,,1,,,,,,,,,,,,,,,,Y,,FRONT,,,,,,,,,,,,,,,,,,,,,,,,,,,,,,,,,
2137507,93219f15e9b89ad93d927d7ba359384f60eea3adcec0159f697baea396495daad5e7958c5d94440cea6d4c1f76b70e802dc3f1c927578bf9bd2b4ed23c354f61,08/25/2025 01:00:00 PM,2,DRIVER,,2037640,,JEEP,JEEP,IL,2015,UNKNOWN,SPORT UTILITY VEHICLE (SUV),PERSONAL,W,STRAIGHT AHEAD,,,1,,,,,,,,,,Y,,,,,,,,REAR,,,,,,,,,,,,,,,,,,,,,,,,,,,,,,,,,
2136377,a078e6541dc0341d2d90622391fb6940eb37fece60fbcf7be5e3b29a18d5f6edfcd66e7731c01da08ed98b82add95a5e89b884af52ae06defef7f18e74511c2e,08/25/2025 01:00:00 PM,1,DRIVER,,2036573,,BMW,745I,IL,2002,UNKNOWN,PASSENGER,PERSONAL,UNKNOWN,BACKING,,,1,,,,,,,,,Y,Y,,,,,,,,SIDE-RIGHT-REAR,,,,,,,,,,,,,,,,,,,,,,,,,,,,,,,,,
2136378,a078e6541dc0341d2d90622391fb6940eb37fece60fbcf7be5e3b29a18d5f6edfcd66e7731c01da08ed98b82add95a5e89b884af52ae06defef7f18e74511c2e,08/25/2025 01:00:00 PM,2,DRIVER,,2036578,,TESLA,MODEL Y,,2026,NONE,PASSENGER,PERSONAL,UNKNOWN,LEAVING TRAFFIC LANE TO PARK,,,1,,,,,,,,,,,Y,Y,,,,,,SIDE-RIGHT-REAR,,,,,,,,,,,,,,,,,,,,,,,,,,,,,,,,,
2136382,416edb85a15c45c529417d27395f86dac70dbe164f513c163385f1f08c36a149e437252519e0e6521e3f701246f3ec198e6a41b40218af295af218787c8921b4,08/25/2025 12:55:00 PM,1,DRIVER,1,2036575,,LAND ROVER,LAND ROVER (SPORT),IL,2013,NONE,SPORT UTILITY VEHICLE (SUV),PERSONAL,UNKNOWN,OTHER,,,2,,,,,,,,,,,,,,,,,,OTHER,,,,,,,,,,,,,,,,,,,,,,,,,,,,,,,,,
2136383,416edb85a15c45c529417d27395f86dac70dbe164f513c163385f1f08c36a149e437252519e0e6521e3f701246f3ec198e6a41b40218af295af218787c8921b4,08/25/2025 12:55:00 PM,2,BICYCLE,,,,,,,,,,,,,,,,,,,,,,,,,,,,,,,,,,,,,,,,,,,,,,,,,,,,,,,,,,,,,,,,,,
2136400,d6440f50205183ce1be4afaf6869308bd11ef34885336f50b01fcb47a53e8d9e0606272396a45543963bfb613210de6cc7db59bf0396fb647be148c0b76c2b4e,08/25/2025 12:55:00 PM,1,DRIVER,,2036589,,UNKNOWN,OTHER (EXPLAIN IN NARRATIVE),IL,,UNKNOWN,OTHER,OTHER,S,STRAIGHT AHEAD,,,1,,,,,,,,,,,,,,,,,,UNKNOWN,,,,,,,,,,,,,,,,,,,,,,,,,,,,,,,,,
2136401,d6440f50205183ce1be4afaf6869308bd11ef34885336f50b01fcb47a53e8d9e0606272396a45543963bfb613210de6cc7db59bf0396fb647be148c0b76c2b4e,08/25/2025 12:55:00 PM,2,PARKED,1,2036592,,FORD,OTHER (EXPLAIN IN NARRATIVE),IL,2020,UNKNOWN,PASSENGER,OTHER,S,PARKED,,,1,,,,,,,,,,,,,,,Y,,,NONE,,,,,,,,,,,,,,,,,,,,,,,,,,,,,,,,,
2136371,5e3395a827c915853c2a20f166294c573dcc0f1df8be463273b627dbb8ca03e5f9bcba49a7e9af52ea3f2e32bbb8a56cfc9825e84a217b43e8f728ca4c5b9cd1,08/25/2025 12:50:00 PM,1,DRIVER,1,2036572,,GENERAL MOTORS CORPORATION (GMC),OTHER (EXPLAIN IN NARRATIVE),IL,1993,UNKNOWN,PICKUP,PERSONAL,W,STRAIGHT AHEAD,,,2,,,,,,,,,,,,,,,,Y,,FRONT,,,,,,,,,,,,,,,,,,,,,,,,,,,,,,,,,
2136372,5e3395a827c915853c2a20f166294c573dcc0f1df8be463273b627dbb8ca03e5f9bcba49a7e9af52ea3f2e32bbb8a56cfc9825e84a217b43e8f728ca4c5b9cd1,08/25/2025 12:50:00 PM,2,DRIVER,,2036564,,SUBARU,OTHER (EXPLAIN IN NARRATIVE),IL,2024,NONE,PASSENGER,PERSONAL,N,STRAIGHT AHEAD,,,1,,,,,,,Y,Y,Y,,,,,,,,,SIDE-RIGHT,,,,,,,,,,,,,,,,,,,,,,,,,,,,,,,,,
2136345,494b62e878dd0abb107c11e16c585272fe8472322e66f9c5d1eb776a1608fa5cecd47974aa9c3cc55e882acc277ae79d42990e2c49eac07bc33e06eacc4472ce,08/25/2025 12:45:00 PM,1,DRIVER,,2036539,,CHEVROLET,OTHER (EXPLAIN IN NARRATIVE),IL,2022,NONE,PASSENGER,PERSONAL,S,TURNING RIGHT,,,1,,,,,N,,,,,,,,,Y,Y,N,,FRONT,,,,,,,,,,,,,,,,,,,,,,,,,,,,,,,,,
2136346,494b62e878dd0abb107c11e16c585272fe8472322e66f9c5d1eb776a1608fa5cecd47974aa9c3cc55e882acc277ae79d42990e2c49eac07bc33e06eacc4472ce,08/25/2025 12:45:00 PM,2,DRIVER,,2036540,,HONDA,ELEMENT,IL,2009,NONE,PASSENGER,PERSONAL,W,STRAIGHT AHEAD,,,1,,,,,,,Y,Y,Y,,,,,,,,,SIDE-RIGHT,,,,,,,,,,,,,,,,,,,,,,,,,,,,,,,,,
2136375,842ecc68de5efde532fee87e2e67918ca156b4673e6d59538a414b0953d5b854bbf212dbca984ff313ac64d8ef5beef0ef5e230f1e2541611047cb26d9717c18,08/25/2025 12:37:00 PM,1,DRIVER,,2036577,,BUICK,LACROSSE,IL,2010,UNKNOWN,PASSENGER,PERSONAL,N,STRAIGHT AHEAD,Y,,1,,CITY OF CHICAGO,CITY LOT,,,,,,,,,,,,,,,UNKNOWN,,,,,,,,,,,,,,,,,,,,,,,,,,,,,,,,,
2136376,842ecc68de5efde532fee87e2e67918ca156b4673e6d59538a414b0953d5b854bbf212dbca984ff313ac64d8ef5beef0ef5e230f1e2541611047cb26d9717c18,08/25/2025 12:37:00 PM,2,PARKED,,2036574,,TOYOTA,CAMRY,IL,2020,NONE,PASSENGER,PERSONAL,N,PARKED,,,0,,,,,,,,,,,Y,Y,Y,Y,N,,,UNKNOWN,,,,,,,,,,,,,,,,,,,,,,,,,,,,,,,,,
2136497,ad4d13a7b52b355dbd53677f35024be7b28127cb5292dd38dc13552abbafbe686fc4abcb70aa68b3a723ec904fa84bf9f1b43eb882ec405fff94aa6f9faa1265,08/25/2025 12:10:00 PM,1,DRIVER,,2036689,,HONDA,CR-V,IL,2019,UNKNOWN,PASSENGER,PERSONAL,N,ENTERING TRAFFIC LANE FROM PARKING,,,1,,,,,Y,Y,,,,,,,,,,,,FRONT-RIGHT-CORNER,,,,,,,,,,,,,,,,,,,,,,,,,,,,,,,,,
2136498,ad4d13a7b52b355dbd53677f35024be7b28127cb5292dd38dc13552abbafbe686fc4abcb70aa68b3a723ec904fa84bf9f1b43eb882ec405fff94aa6f9faa1265,08/25/2025 12:10:00 PM,2,PARKED,,2036700,,AUDI,RS3,IL,2019,NONE,PASSENGER,NOT IN USE,S,PARKED,,,0,,,,,,,,,,,,,Y,Y,Y,,,SIDE-LEFT,,,,,,,,,,,,,,,,,,,,,,,,,,,,,,,,,
2137402,00e63a196bc681b0901a3f75aff4148140822694cb9d0cfa77d0cfde339c899270777d2b79c636577e2c36cf7a624f3bb5414b329b8662d30f535fd438ebe85a,08/25/2025 12:00:00 PM,1,DRIVER,,2037547,,UNKNOWN,ENCLOSED BODY,IL,,UNKNOWN,PASSENGER,DRIVER EDUCATION,UNKNOWN,STRAIGHT AHEAD,,,1,,,,,,,,,,,,,,,,,Y,UNKNOWN,,,,,,,,,,,,,,,,,,,,,,,,,,,,,,,,,
2137403,00e63a196bc681b0901a3f75aff4148140822694cb9d0cfa77d0cfde339c899270777d2b79c636577e2c36cf7a624f3bb5414b329b8662d30f535fd438ebe85a,08/25/2025 12:00:00 PM,2,PARKED,,2037564,,NISSAN,PATHFINDER,IL,2013,UNKNOWN,SPORT UTILITY VEHICLE (SUV),PERSONAL,UNKNOWN,PARKED,,,0,,,,,,,,,,,Y,Y,Y,Y,Y,,,SIDE-LEFT,,,,,,,,,,,,,,,,,,,,,,,,,,,,,,,,,
2136344,168e80c903ff36b4dd63225dace15773547093de5f8ef9fa504fe529ce9b149e8a59c4d5acff9faed2bbab1bb8ed461cf91b38aee57aea2f3218aa32c95a65fe,08/25/2025 12:00:00 PM,1,DRIVER,,2036536,,UNKNOWN,OTHER (EXPLAIN IN NARRATIVE),,2022,UNKNOWN,TRUCK - SINGLE UNIT,FIRE,E,STRAIGHT AHEAD,,,1,,,,,,,,,,,,,,,,,,TOP,,,,,,,,,,,,,,,,,,,,,,,,,,,,,,,,,
2136416,566ec1334bb1451d2b3563742d7a42718669d05138bcc6a30a2826cf462d32b93d0533d6fa0fff553d399fb516b8737c112eb620a775dd99c5dba09f653fe417,08/25/2025 12:00:00 PM,1,DRIVER,,2036607,,LEXUS,GX460,IL,2019,UNKNOWN,PASSENGER,PERSONAL,N,BACKING,,,1,,,,,,,,,,,,,,,,,,NONE,,,,,,,,,,,,,,,,,,,,,,,,,,,,,,,,,