CRASH_UNIT_ID,CRASH_RECORD_ID,CRASH_DATE,UNIT_NO,UNIT_TYPE,NUM_PASSENGERS,VEHICLE_ID,CMRC_VEH_I,MAKE,MODEL,LIC_PLATE_STATE,VEHICLE_YEAR,VEHICLE_DEFECT,VEHICLE_TYPE,VEHICLE_USE,TRAVEL_DIRECTION,MANEUVER,TOWED_I,FIRE_I,OCCUPANT_CNT,EXCEED_SPEED_LIMIT_I,TOWED_BY,TOWED_TO,AREA_00_I,AREA_01_I,AREA_02_I,AREA_03_I,AREA_04_I,AREA_05_I,AREA_06_I,AREA_07_I,AREA_08_I,AREA_09_I,AREA_10_I,AREA_11_I,AREA_12_I,AREA_99_I,FIRST_CONTACT_POINT,CMV_ID,USDOT_NO,CCMC_NO,ILCC_NO,COMMERCIAL_SRC,GVWR,CARRIER_NAME,CARRIER_STATE,CARRIER_CITY,HAZMAT_PLACARDS_I,HAZMAT_NAME,UN_NO,HAZMAT_PRESENT_I,HAZMAT_REPORT_I,HAZMAT_REPORT_NO,MCS_REPORT_I,MCS_REPORT_NO,HAZMAT_VIO_CAUSE_CRASH_I,MCS_VIO_CAUSE_CRASH_I,IDOT_PERMIT_NO,WIDE_LOAD_I,TRAILER1_WIDTH,TRAILER2_WIDTH,TRAILER1_LENGTH,TRAILER2_LENGTH,TOTAL_VEHICLE_LENGTH,AXLE_CNT,VEHICLE_CONFIG,CARGO_BODY_TYPE,LOAD_TYPE,HAZMAT_OUT_OF_SERVICE_I,MCS_OUT_OF_SERVICE_I,HAZMAT_CLASS
2136417,566ec1334bb1451d2b3563742d7a42718669d05138bcc6a30a2826cf462d32b93d0533d6fa0fff553d399fb516b8737c112eb620a775dd99c5dba09f653fe417,08/25/2025 12:00:00 PM,2,DRIVER,1,2036617,,CHEVROLET,MALIBU,IN,2018,UNKNOWN,PASSENGER,PERSONAL,N,STRAIGHT AHEAD,,,2,,,,,Y,,,,,,,,,,,Y,,FRONT,,,,,,,,,,,,,,,,,,,,,,,,,,,,,,,,,
2137990,6179f72f7e6f34d29a2523c2b4e0a687609f3da809a194bf4fa59de0cdfbfd490bba99e207036e1ed9e08822c323b33bb0a0918e617b7569e05e8f9a6b78439a,08/25/2025 12:00:00 PM,1,DRIVER,,2038087,,NISSAN,PATHFINDER,IL,2022,UNKNOWN,SPORT UTILITY VEHICLE (SUV),UNKNOWN/NA,N,STRAIGHT AHEAD,,,1,,,,,,,,,,,,,,,,Y,Y,FRONT,,,,,,,,,,,,,,,,,,,,,,,,,,,,,,,,,
2137991,6179f72f7e6f34d29a2523c2b4e0a687609f3da809a194bf4fa59de0cdfbfd490bba99e207036e1ed9e08822c323b33bb0a0918e617b7569e05e8f9a6b78439a,08/25/2025 12:00:00 PM,2,DRIVER,1,2038092,,HONDA,CIVIC,IL,2021,UNKNOWN,PASSENGER,PERSONAL,N,STRAIGHT AHEAD,,,2,,,,,,,,,,Y,,,,,,,,REAR,,,,,,,,,,,,,,,,,,,,,,,,,,,,,,,,,
2136827,c6cdb7a24a7b762924e694886fc49509813973948d66ac19ce30b03cbd921394a1b6a865452b21f7daf00a9c18117ebf0cadab165317ebaf7c23bb7a826e63d8,08/25/2025 12:00:00 PM,1,DRIVER,1,2036998,,GENERAL MOTORS CORPORATION (GMC),ACADIA,IL,2015,NONE,SPORT UTILITY VEHICLE (SUV),PERSONAL,E,STRAIGHT AHEAD,,,2,,,,,,,,,,,,,,,,,,FRONT,,,,,,,,,,,,,,,,,,,,,,,,,,,,,,,,,
2136828,c6cdb7a24a7b762924e694886fc49509813973948d66ac19ce30b03cbd921394a1b6a865452b21f7daf00a9c18117ebf0cadab165317ebaf7c23bb7a826e63d8,08/25/2025 12:00:00 PM,2,DRIVER,,2037001,,LINCOLN,AVIATOR,,2025,NONE,SPORT UTILITY VEHICLE (SUV),PERSONAL,S,STRAIGHT AHEAD,,,1,,,,,,,,Y,,,,,,,,,,SIDE-RIGHT-REAR,,,,,,,,,,,,,,,,,,,,,,,,,,,,,,,,,
2136347,1640bc289b2fb577db38c2c96eb381478219aa04c73b0a4ca5af954a8291969167a672fa3ccd5e362785331e95418b42d03ca95259db0b9687460784be64a404,08/25/2025 11:41:00 AM,1,DRIVER,,2036541,,HYUNDAI,ELANTRA,IL,2017,NONE,PASSENGER,PERSONAL,NW,TURNING LEFT,,,1,,,,,Y,,,,,,Y,,,,,,,SIDE-LEFT-REAR,,,,,,,,,,,,,,,,,,,,,,,,,,,,,,,,,
2136348,1640bc289b2fb577db38c2c96eb381478219aa04c73b0a4ca5af954a8291969167a672fa3ccd5e362785331e95418b42d03ca95259db0b9687460784be64a404,08/25/2025 11:41:00 AM,2,DRIVER,,2036550,,FORD,EXPLORER,IL,2024,NONE,SPORT UTILITY VEHICLE (SUV),POLICE,NW,TURNING LEFT,,,1,,,,,Y,,,,,,,,,,,,,FRONT-RIGHT-CORNER,,,,,,,,,,,,,,,,,,,,,,,,,,,,,,,,,
2136386,1e53e7b797d47210e48f40aa6ec60efd3398b8be859710d7cdbfc5b3d4b24b4a677906caa95fc2d89dabbfd19166160c084c348bff6734fe1c81d8e338a483cf,08/25/2025 11:41:00 AM,1,DRIVER,1,2036581,,CHRYSLER,PACIFICA,IL,2023,NONE,VAN/MINI-VAN,PERSONAL,W,TURNING LEFT,,,2,,,,,,,Y,Y,Y,,,,,,,,,SIDE-RIGHT-REAR,,,,,,,,,,,,,,,,,,,,,,,,,,,,,,,,,
2136387,1e53e7b797d47210e48f40aa6ec60efd3398b8be859710d7cdbfc5b3d4b24b4a677906caa95fc2d89dabbfd19166160c084c348bff6734fe1c81d8e338a483cf,08/25/2025 11:41:00 AM,2,DRIVER,,2036584,,JEEP,GRAND CHEROKEE,IL,2020,NONE,PASSENGER,PERSONAL,E,STRAIGHT AHEAD,Y,,1,,PRIVATE TOW,,,Y,Y,Y,,,,,,,,Y,Y,,FRONT-RIGHT-CORNER,,,,,,,,,,,,,,,,,,,,,,,,,,,,,,,,,
2136357,127118ed69ec8df2482d51231df2e2fd86066ff4f766d8bf43e5e37c617f93e381f561149b70f10c04d682d5322469732747b187be585ca0d7b2703aeb96354c,08/25/2025 11:40:00 AM,1,DRIVER,,2036559,N,UNKNOWN,OTHER (EXPLAIN IN NARRATIVE),IA,2013,NONE,TRACTOR W/ SEMI-TRAILER,OTHER,E,TURNING RIGHT,,,1,,,,,,Y,Y,Y,,,,,,,,,,SIDE-RIGHT-REAR,,,,,,,,,,,,,,,,,,,,,,,,,,,,,,,,,
2136358,127118ed69ec8df2482d51231df2e2fd86066ff4f766d8bf43e5e37c617f93e381f561149b70f10c04d682d5322469732747b187be585ca0d7b2703aeb96354c,08/25/2025 11:40:00 AM,2,DRIVER,,2036565,,INFINITI,FX35,IL,2013,NONE,PASSENGER,PERSONAL,E,STARTING IN TRAFFIC,,,1,,,,,,,,,,,Y,Y,Y,Y,Y,,,SIDE-LEFT-FRONT,,,,,,,,,,,,,,,,,,,,,,,,,,,,,,,,,
2136439,34c1a9527bd8e36209c7710990ed2b955ea8bcf17f676312cef4b943a627dc1d5e73241123ea6b3359a1cc13a2a23c98e649f6e53b52891e761845bb28153e49,08/25/2025 11:38:00 AM,1,DRIVER,,2036629,,FORD,ESCAPE,IL,2020,UNKNOWN,PASSENGER,UNKNOWN/NA,S,STRAIGHT AHEAD,,,1,,,,,,Y,Y,Y,,,,,,,,,,SIDE-RIGHT,,,,,,,,,,,,,,,,,,,,,,,,,,,,,,,,,
2136440,34c1a9527bd8e36209c7710990ed2b955ea8bcf17f676312cef4b943a627dc1d5e73241123ea6b3359a1cc13a2a23c98e649f6e53b52891e761845bb28153e49,08/25/2025 11:38:00 AM,2,PARKED,,2036639,,TOWMASTER,TOWMASTER,IL,2010,UNKNOWN,SINGLE UNIT TRUCK WITH TRAILER,CONSTRUCTION/MAINTENANCE,N,PARKED,,,0,,,,,,,,,Y,,,,,,,,,SIDE-RIGHT,,,,,,,,,,,,,,,,,,,,,,,,,,,,,,,,,
2136355,7acedd63f2a2e7c352e61919be81c1711a809f6256b5043a14520a522b0b0730fe7cea0c995ed97cc450ae3f9aed3ce5806768d175d4e63e39bede88a807c5f8,08/25/2025 11:30:00 AM,1,DRIVER,,2036546,,LAND ROVER,RANGE ROVER (EVOQUE / SPORT / VELAR),IL,2018,NONE,PASSENGER,PERSONAL,W,STRAIGHT AHEAD,,,1,,,,,Y,Y,Y,Y,Y,,,,,,,,,SIDE-RIGHT,,,,,,,,,,,,,,,,,,,,,,,,,,,,,,,,,
2136356,7acedd63f2a2e7c352e61919be81c1711a809f6256b5043a14520a522b0b0730fe7cea0c995ed97cc450ae3f9aed3ce5806768d175d4e63e39bede88a807c5f8,08/25/2025 11:30:00 AM,2,DRIVER,1,2036551,,FORD,F150,IL,2022,NONE,PASSENGER,PERSONAL,N,STRAIGHT AHEAD,,,2,,,,,Y,,,,,,,,,,Y,Y,,FRONT,,,,,,,,,,,,,,,,,,,,,,,,,,,,,,,,,
2136323,78d7e87b9c4b5de570bc102b4041c921e88ca00cc2c2b944bba78f2bc32fed0dbc11b7e26cdc82bc376550d02828a711dff165ef905d8e998404b0cd93e1de90,08/25/2025 11:23:00 AM,1,DRIVER,,2036537,,KIA,FORTE,IL,2017,UNKNOWN,PASSENGER,UNKNOWN/NA,W,UNKNOWN/NA,Y,,1,,STREETS & SANITATION,POUND,,Y,Y,Y,Y,,,,,,,Y,Y,,FRONT-LEFT-CORNER,,,,,,,,,,,,,,,,,,,,,,,,,,,,,,,,,
2136338,c3ac0da0dc9d8f1352dc4f5cb6e6e2dda5a60249d154ce339d152be7474fc179e9c7a36c12359c3a1bac28e96e9c2d57c4c60a55ba8211c97036382131ebeb6f,08/25/2025 11:21:00 AM,1,PARKED,1,2036530,,LINCOLN,TOWNCAR,IL,2003,UNKNOWN,PASSENGER,PERSONAL,E,PARKED,,,1,,,,,,,,,,,,,,,,,Y,SIDE-LEFT,,,,,,,,,,,,,,,,,,,,,,,,,,,,,,,,,
2136339,c3ac0da0dc9d8f1352dc4f5cb6e6e2dda5a60249d154ce339d152be7474fc179e9c7a36c12359c3a1bac28e96e9c2d57c4c60a55ba8211c97036382131ebeb6f,08/25/2025 11:21:00 AM,2,DRIVER,,2036538,,HONDA,CIVIC,IL,2016,UNKNOWN,PASSENGER,PERSONAL,E,STRAIGHT AHEAD,,,1,,,,,Y,Y,Y,,,,,,,,,,,FRONT-RIGHT-CORNER,,,,,,,,,,,,,,,,,,,,,,,,,,,,,,,,,
2136332,4c99c890ff7898adabd190ba938fc6ac2d5009d400a624d55ac4d55dc806cbe8230cfd4131b47d155f502ee52c8accf7e7b94e8025ee7976a551ea1c3d04c378,08/25/2025 11:20:00 AM,1,DRIVER,1,2036524,,TOYOTA,RAV4,IL,2016,NONE,PASSENGER,PERSONAL,W,BACKING,,,2,,,,,,,,,Y,Y,Y,N,N,N,,,,REAR,,,,,,,,,,,,,,,,,,,,,,,,,,,,,,,,,
2136333,4c99c890ff7898adabd190ba938fc6ac2d5009d400a624d55ac4d55dc806cbe8230cfd4131b47d155f502ee52c8accf7e7b94e8025ee7976a551ea1c3d04c378,08/25/2025 11:20:00 AM,2,PARKED,,2036534,,MERCEDES-BENZ,OTHER (EXPLAIN IN NARRATIVE),IL,2022,NONE,PASSENGER,NOT IN USE,W,PARKED,,,0,,,,,,,,,,,,Y,Y,Y,,,,SIDE-LEFT-REAR,,,,,,,,,,,,,,,,,,,,,,,,,,,,,,,,,
2136300,bb29fc32567eb92ff3478fa6688a3451123d21f5a9564aa3a4c7671ed7d93ca31d4f0b3daf53a0398ef785a31cbf53c2615c3a2b7b5431a45750e98e9415b464,08/25/2025 11:00:00 AM,1,DRIVER,2,2036486,,FORD,F150,IL,2015,UNKNOWN,PICKUP,UNKNOWN/NA,E,BACKING,,,3,,,,,,,,,,Y,,,,,,N,,REAR,,,,,,,,,,,,,,,,,,,,,,,,,,,,,,,,,
2136301,bb29fc32567eb92ff3478fa6688a3451123d21f5a9564aa3a4c7671ed7d93ca31d4f0b3daf53a0398ef785a31cbf53c2615c3a2b7b5431a45750e98e9415b464,08/25/2025 11:00:00 AM,2,DRIVER,,2036496,,SUBARU,LEGACY,IL,2014,UNKNOWN,PASSENGER,PERSONAL,E,STRAIGHT AHEAD,,,1,,,,,,,,,,,,,,,,Y,,FRONT,,,,,,,,,,,,,,,,,,,,,,,,,,,,,,,,,
2136336,f59887a00e6a494199eedf4b72543dad453e5e87ece843cadadc0c002da2fcfb318cff124d13d1b6080bbfc04adc753e8865a7568f6c7fa7e48fcef9cdf34cff,08/25/2025 10:45:00 AM,1,DRIVER,,2036526,,HONDA,CIVIC,IL,2006,NONE,PASSENGER,PERSONAL,W,STRAIGHT AHEAD,,,1,,,,,,,,,Y,,,,,,,,,REAR-RIGHT-CORNER,,,,,,,,,,,,,,,,,,,,,,,,,,,,,,,,,
2136337,f59887a00e6a494199eedf4b72543dad453e5e87ece843cadadc0c002da2fcfb318cff124d13d1b6080bbfc04adc753e8865a7568f6c7fa7e48fcef9cdf34cff,08/25/2025 10:45:00 AM,2,DRIVER,,2036532,,DODGE,DURANGO,IL,2020,NONE,PASSENGER,PERSONAL,S,STRAIGHT AHEAD,,,1,,,,,,,,,,,,,,,,Y,,FRONT,,,,,,,,,,,,,,,,,,,,,,,,,,,,,,,,,
2136276,8f59b72e8ce61ac8b372d6fb83ef7bc67c175892d6e04247cd08182323188def51ceb527aa9666c61cdf5e9971561629441c24780e45b87120ffe72fdebc89b4,08/25/2025 10:36:00 AM,1,DRIVER,,2036472,,CHEVROLET,SUBURBAN,IL,2003,NONE,PASSENGER,PERSONAL,W,STRAIGHT AHEAD,,,1,,,,,Y,,,,,,,,,,Y,Y,,FRONT,,,,,,,,,,,,,,,,,,,,,,,,,,,,,,,,,
2136277,8f59b72e8ce61ac8b372d6fb83ef7bc67c175892d6e04247cd08182323188def51ceb527aa9666c61cdf5e9971561629441c24780e45b87120ffe72fdebc89b4,08/25/2025 10:36:00 AM,2,DRIVER,,2036482,,FORD,FOCUS,IN,2008,NONE,PASSENGER,PERSONAL,W,STRAIGHT AHEAD,,,1,,,,,Y,,,,Y,Y,Y,,,,Y,Y,,REAR,,,,,,,,,,,,,,,,,,,,,,,,,,,,,,,,,
2136278,8f59b72e8ce61ac8b372d6fb83ef7bc67c175892d6e04247cd08182323188def51ceb527aa9666c61cdf5e9971561629441c24780e45b87120ffe72fdebc89b4,08/25/2025 10:36:00 AM,3,DRIVER,,2036489,,JEEP,COMPASS,IL,2021,NONE,PASSENGER,PERSONAL,W,STRAIGHT AHEAD,,,1,,,,,,,,,,Y,,,,,,,,REAR,,,,,,,,,,,,,,,,,,,,,,,,,,,,,,,,,
2136274,d83424208b81738c64260683f0d350d5e8775ed1a18f1ce7af7d655cf8d82d8c88007db4fcf32862cf505908c40435d8004e4c6882b6540ad66e17fe1b273290,08/25/2025 10:17:00 AM,1,DRIVER,1,2036468,,FORD,EXPLORER,IL,2023,NONE,SPORT UTILITY VEHICLE (SUV),POLICE,S,BACKING,,,2,,,,,,,,,,Y,,,,,,,,REAR,,,,,,,,,,,,,,,,,,,,,,,,,,,,,,,,,
2136384,0d8f76e89a00ec6fa99b777709024e731b5c39204ac354815e9b91618bf4b8652764dac958e58e67639acbbe6765cfdec374ad7217a9c6755c260fd0ab411d98,08/25/2025 10:16:00 AM,1,DRIVER,,2036579,,FORD,ECONOLINE 100,AZ,2012,UNKNOWN,TRUCK - SINGLE UNIT,UNKNOWN/NA,S,BACKING,,,1,,,,,,,,,,Y,N,,,,,,,REAR,,,,,,,,,,,,,,,,,,,,,,,,,,,,,,,,,
2136385,0d8f76e89a00ec6fa99b777709024e731b5c39204ac354815e9b91618bf4b8652764dac958e58e67639acbbe6765cfdec374ad7217a9c6755c260fd0ab411d98,08/25/2025 10:16:00 AM,2,PARKED,,2036602,,MERCEDES-BENZ,GLE,IL,2023,NONE,SPORT UTILITY VEHICLE (SUV),NOT IN USE,N,PARKED,,,0,,,,,,,,,,,,,,,Y,Y,,FRONT-LEFT-CORNER,,,,,,,,,,,,,,,,,,,,,,,,,,,,,,,,,
2140866,9cdb54c2df513653e850c25b1a9cd104eb134569e0235263cdbfdfe2297ba2a34a3fc2b9708ed4c4918af3b38f8cab83d3094e1da381dafd7e50d49322c3a2f7,08/25/2025 10:15:00 AM,1,DRIVER,,2040817,,CHEVROLET,TRAIL BLAZER,IL,2007,UNKNOWN,SPORT UTILITY VEHICLE (SUV),PERSONAL,E,STRAIGHT AHEAD,,,1,,,,,Y,,,,,,,,,,Y,Y,,FRONT,,,,,,,,,,,,,,,,,,,,,,,,,,,,,,,,,
2140867,9cdb54c2df513653e850c25b1a9cd104eb134569e0235263cdbfdfe2297ba2a34a3fc2b9708ed4c4918af3b38f8cab83d3094e1da381dafd7e50d49322c3a2f7,08/25/2025 10:15:00 AM,2,DRIVER,,2040821,,UNKNOWN,OTHER (EXPLAIN IN NARRATIVE),,,UNKNOWN,UNKNOWN/NA,PERSONAL,E,SLOW/STOP IN TRAFFIC,,,1,,,,,,,,,Y,Y,Y,,,,,,,REAR,,,,,,,,,,,,,,,,,,,,,,,,,,,,,,,,,
2136250,d9685b1cd4c5d992fd791ce0c78f41b64df04fecf85dee3e20d4388bb38ddd778db52d27c28e9b8eb51857c4e2fcdd3d075defa332a23b38febfacf701737dd8,08/25/2025 10:10:00 AM,1,DRIVER,,2036445,Y,UNKNOWN,OTHER (EXPLAIN IN NARRATIVE),IL,2021,NONE,TRUCK - SINGLE UNIT,CONSTRUCTION/MAINTENANCE,S,TURNING RIGHT,,,1,,,,Y,,,,,,,,,,,,,,REAR-RIGHT-CORNER,"22,072",,,,,,,,,,,,,,,,,,,,,,,,,,,"SINGLE UNIT TRUCK, 2 AXLES, 6 TIRES",CONCRETE MIXER,CONSTRUCTION EQUIPMENT,,,
2136269,12d22017c0ce7d5e82b5089ebfdab4468e2ab7f5a8d8137791346bce27d753a4b065cb867c258a0c2c9b30aa4652e909ce180bac001ed0876cc1dfaa73c18142,08/25/2025 10:00:00 AM,1,DRIVER,,2036463,,INFINITI,Q50,IL,2018,NONE,PASSENGER,PERSONAL,S,TURNING RIGHT,,,1,,,,,,,,Y,Y,,,,,,,,,SIDE-RIGHT-REAR,,,,,,,,,,,,,,,,,,,,,,,,,,,,,,,,,
2136270,12d22017c0ce7d5e82b5089ebfdab4468e2ab7f5a8d8137791346bce27d753a4b065cb867c258a0c2c9b30aa4652e909ce180bac001ed0876cc1dfaa73c18142,08/25/2025 10:00:00 AM,2,DRIVER,,2036469,,FORD,OTHER (EXPLAIN IN NARRATIVE),IL,2015,NONE,VAN/MINI-VAN,CONSTRUCTION/MAINTENANCE,S,TURNING RIGHT,,,1,,,,,,,,,,,,Y,Y,Y,,,,SIDE-LEFT,,,,,,,,,,,,,,,,,,,,,,,,,,,,,,,,,
2136351,95e3b18d0225dbae706b578046d0a175e371b4389f5bf9e4becd52a2f00ea25872c17f4d40413a4f0f10902cbc9861ceeea7812ff25bdc60bc9065c76d9963fa,08/25/2025 10:00:00 AM,1,DRIVER,,2036545,,JEEP,GRAND CHEROKEE,IL,2017,NONE,PASSENGER,PERSONAL,S,STRAIGHT AHEAD,N,,1,,,,,,,,,,,,,,,,Y,,FRONT,,,,,,,,,,,,,,,,,,,,,,,,,,,,,,,,,
2136352,95e3b18d0225dbae706b578046d0a175e371b4389f5bf9e4becd52a2f00ea25872c17f4d40413a4f0f10902cbc9861ceeea7812ff25bdc60bc9065c76d9963fa,08/25/2025 10:00:00 AM,2,DRIVER,,2036568,,FORD,EXPLORER,IL,2024,NONE,OTHER,POLICE,S,STRAIGHT AHEAD,,,1,,,,,,,,,,Y,,,,,,,,REAR,,,,,,,,,,,,,,,,,,,,,,,,,,,,,,,,,
2136286,ff67e614d1d10fb4cfd6fb7b7f034cf87d1b7cf3eafd00c2f51c7f38d2bb6804ab02c52d46771a3bc792172f3c50bac2e03e92792e9b74857f77c0eddf5eccc4,08/25/2025 09:45:00 AM,1,DRIVER,,2036484,,UNKNOWN,OTHER (EXPLAIN IN NARRATIVE),,,UNKNOWN,UNKNOWN/NA,UNKNOWN/NA,S,STRAIGHT AHEAD,,,1,,,,,,,,,,,,,,Y,Y,,,FRONT-LEFT-CORNER,,,,,,,,,,,,,,,,,,,,,,,,,,,,,,,,,
2136287,ff67e614d1d10fb4cfd6fb7b7f034cf87d1b7cf3eafd00c2f51c7f38d2bb6804ab02c52d46771a3bc792172f3c50bac2e03e92792e9b74857f77c0eddf5eccc4,08/25/2025 09:45:00 AM,2,PARKED,,2036488,,CHEVROLET,EQUINOX,IL,2021,NONE,SPORT UTILITY VEHICLE (SUV),PERSONAL,S,PARKED,,,0,,,,,Y,,,,Y,,,,,,,Y,,REAR-RIGHT-CORNER,,,,,,,,,,,,,,,,,,,,,,,,,,,,,,,,,
2136288,ff67e614d1d10fb4cfd6fb7b7f034cf87d1b7cf3eafd00c2f51c7f38d2bb6804ab02c52d46771a3bc792172f3c50bac2e03e92792e9b74857f77c0eddf5eccc4,08/25/2025 09:45:00 AM,3,PARKED,,2036498,,KIA,OPTIMA / K5,IL,2006,UNKNOWN,PASSENGER,PERSONAL,S,PARKED,,,0,,,,,Y,,,,Y,Y,,,,,,,,REAR-RIGHT-CORNER,,,,,,,,,,,,,,,,,,,,,,,,,,,,,,,,,
2136289,ff67e614d1d10fb4cfd6fb7b7f034cf87d1b7cf3eafd00c2f51c7f38d2bb6804ab02c52d46771a3bc792172f3c50bac2e03e92792e9b74857f77c0eddf5eccc4,08/25/2025 09:45:00 AM,4,PARKED,,2036505,,HONDA,CR-V,IL,2013,NONE,SPORT UTILITY VEHICLE (SUV),PERSONAL,S,PARKED IN TRAFFIC LANE,,,0,,,,,Y,,,,Y,Y,Y,,,,Y,Y,,REAR,,,,,,,,,,,,,,,,,,,,,,,,,,,,,,,,,
2136290,ff67e614d1d10fb4cfd6fb7b7f034cf87d1b7cf3eafd00c2f51c7f38d2bb6804ab02c52d46771a3bc792172f3c50bac2e03e92792e9b74857f77c0eddf5eccc4,08/25/2025 09:45:00 AM,5,PARKED,,2036509,,TOYOTA,TUNDRA,IL,2011,NONE,PICKUP,PERSONAL,S,PARKED,,,0,,,,,,,,,Y,Y,Y,,,,,,,REAR,,,,,,,,,,,,,,,,,,,,,,,,,,,,,,,,,
2136272,3c9974039f9c2f1d4cbc7aeb259dc37ebc418f3ea86fc554b1d6ba902b214c62ffde540bfc48c77f14db652d76f4bd0c435413fce3c0c9dedee8604cc946a868,08/25/2025 09:44:00 AM,1,DRIVER,,2036467,,UNKNOWN,OTHER (EXPLAIN IN NARRATIVE),IL,2023,NONE,BUS OVER 15 PASS.,RIDESHARE SERVICE,S,CHANGING LANES,,,1,,,,,,,,,Y,,,,,,,,,SIDE-RIGHT-REAR,,,,,,,,,,,,,,,,,,,,,,,,,,,,,,,,,
2136273,3c9974039f9c2f1d4cbc7aeb259dc37ebc418f3ea86fc554b1d6ba902b214c62ffde540bfc48c77f14db652d76f4bd0c435413fce3c0c9dedee8604cc946a868,08/25/2025 09:44:00 AM,2,PARKED,,2036471,,CHEVROLET,EXPRESS,IL,2024,NONE,VAN/MINI-VAN,OTHER,S,PARKED,,,0,,,,,Y,,,,,,,,,,Y,Y,,SIDE-LEFT-FRONT,,,,,,,,,,,,,,,,,,,,,,,,,,,,,,,,,
2136311,f705ad3cf3bad8234ea6f5f87cedd4045d952b97bf67c8dac75e649eadcb795e6bf55ac61ce31623155983c29ee76f131f035323d79a69aa438cdbdbd3668f38,08/25/2025 09:42:00 AM,1,DRIVER,,2036507,,JEEP,WRANGLER,IL,2013,UNKNOWN,SPORT UTILITY VEHICLE (SUV),PERSONAL,E,DRIVING WRONG WAY,Y,,1,,PRIVATE TOW ON SCENE,UNKNOWN LOCATION,,Y,Y,,,,,,,,,,,,SIDE-RIGHT-FRONT,,,,,,,,,,,,,,,,,,,,,,,,,,,,,,,,,
2136312,f705ad3cf3bad8234ea6f5f87cedd4045d952b97bf67c8dac75e649eadcb795e6bf55ac61ce31623155983c29ee76f131f035323d79a69aa438cdbdbd3668f38,08/25/2025 09:42:00 AM,2,DRIVER,,2036513,,FORD,EDGE,IL,2018,UNKNOWN,SPORT UTILITY VEHICLE (SUV),PERSONAL,N,STRAIGHT AHEAD,,,1,,,,,,,,,,,,,,Y,Y,,,SIDE-LEFT-FRONT,,,,,,,,,,,,,,,,,,,,,,,,,,,,,,,,,
2136313,f705ad3cf3bad8234ea6f5f87cedd4045d952b97bf67c8dac75e649eadcb795e6bf55ac61ce31623155983c29ee76f131f035323d79a69aa438cdbdbd3668f38,08/25/2025 09:42:00 AM,3,PARKED,,2036517,,HYUNDAI,TUCSON,IL,2018,UNKNOWN,SPORT UTILITY VEHICLE (SUV),NOT IN USE,E,PARKED,,,0,,,,,,,,,,Y,Y,Y,,,,,,SIDE-LEFT-REAR,,,,,,,,,,,,,,,,,,,,,,,,,,,,,,,,,
2136756,0ece9716d2c02ab40abaebb141afde8339c185c118e2155b71965ef9a2eb8634b50419acc55d35a72f8fb71d0d121f26030ef8f6a98ca18bf58ae6d7b1059a6e,08/25/2025 09:30:00 AM,1,DRIVER,,2036927,,TOYOTA,OTHER (EXPLAIN IN NARRATIVE),IL,2014,UNKNOWN,PICKUP,UNKNOWN/NA,E,STRAIGHT AHEAD,,,1,,,,,,,,,,,,,,,,,Y,FRONT,,,,,,,,,,,,,,,,,,,,,,,,,,,,,,,,,
2136757,0ece9716d2c02ab40abaebb141afde8339c185c118e2155b71965ef9a2eb8634b50419acc55d35a72f8fb71d0d121f26030ef8f6a98ca18bf58ae6d7b1059a6e,08/25/2025 09:30:00 AM,2,DRIVER,2,2036931,,FORD,ESCAPE,IL,2016,NONE,SPORT UTILITY VEHICLE (SUV),PERSONAL,E,SLOW/STOP IN TRAFFIC,,,3,,,,,,,,,Y,Y,Y,,,,,,,REAR,,,,,,,,,,,,,,,,,,,,,,,,,,,,,,,,,
2136242,416c2e3dc9dd200151dbae0bde64ea1331a4274e98ba964ce23b8ef964cd553045c334fb3093ecd46aceff19a3830528ae91bd1ed7250fbe6f8579a7b92bca1e,08/25/2025 09:30:00 AM,1,DRIVER,,2036434,,DODGE,CARAVAN,IL,2017,NONE,PASSENGER,PERSONAL,W,MERGING,,,1,,,,,Y,Y,,,,,,,,,,,,FRONT-RIGHT-CORNER,,,,,,,,,,,,,,,,,,,,,,,,,,,,,,,,,
2136243,416c2e3dc9dd200151dbae0bde64ea1331a4274e98ba964ce23b8ef964cd553045c334fb3093ecd46aceff19a3830528ae91bd1ed7250fbe6f8579a7b92bca1e,08/25/2025 09:30:00 AM,2,DRIVER,,2036446,,UNKNOWN,MOTORIZED,IL,2015,NONE,BUS OVER 15 PASS.,OTHER,W,STRAIGHT AHEAD,,,1,,,,,,,,,,,Y,,,,,,,SIDE-LEFT-REAR,,,,,,,,,,,,,,,,,,,,,,,,,,,,,,,,,
2136224,445348624ff90181b71b759f67d3086b76ad8f388ba1d8276f3d329b76e43d569a3f66e93861e0467d79bfd0d94208e22953429a9c74df784a75eb4c45990aaf,08/25/2025 09:30:00 AM,1,DRIVER,,2036422,,HONDA,CIVIC,IL,2020,NONE,PASSENGER,PERSONAL,W,TURNING LEFT,,,1,,,,,,,,,,,,,,Y,Y,,,SIDE-LEFT,,,,,,,,,,,,,,,,,,,,,,,,,,,,,,,,,
2136225,445348624ff90181b71b759f67d3086b76ad8f388ba1d8276f3d329b76e43d569a3f66e93861e0467d79bfd0d94208e22953429a9c74df784a75eb4c45990aaf,08/25/2025 09:30:00 AM,2,DRIVER,,2036426,,NISSAN,ALTIMA,IL,2012,NONE,PASSENGER,PERSONAL,S,STRAIGHT AHEAD,Y,,1,,jnk towing,,,Y,,,,,,,,,,Y,Y,,FRONT,,,,,,,,,,,,,,,,,,,,,,,,,,,,,,,,,