CRASH_UNIT_ID,CRASH_RECORD_ID,CRASH_DATE,UNIT_NO,UNIT_TYPE,NUM_PASSENGERS,VEHICLE_ID,CMRC_VEH_I,MAKE,MODEL,LIC_PLATE_STATE,VEHICLE_YEAR,VEHICLE_DEFECT,VEHICLE_TYPE,VEHICLE_USE,TRAVEL_DIRECTION,MANEUVER,TOWED_I,FIRE_I,OCCUPANT_CNT,EXCEED_SPEED_LIMIT_I,TOWED_BY,TOWED_TO,AREA_00_I,AREA_01_I,AREA_02_I,AREA_03_I,AREA_04_I,AREA_05_I,AREA_06_I,AREA_07_I,AREA_08_I,AREA_09_I,AREA_10_I,AREA_11_I,AREA_12_I,AREA_99_I,FIRST_CONTACT_POINT,CMV_ID,USDOT_NO,CCMC_NO,ILCC_NO,COMMERCIAL_SRC,GVWR,CARRIER_NAME,CARRIER_STATE,CARRIER_CITY,HAZMAT_PLACARDS_I,HAZMAT_NAME,UN_NO,HAZMAT_PRESENT_I,HAZMAT_REPORT_I,HAZMAT_REPORT_NO,MCS_REPORT_I,MCS_REPORT_NO,HAZMAT_VIO_CAUSE_CRASH_I,MCS_VIO_CAUSE_CRASH_I,IDOT_PERMIT_NO,WIDE_LOAD_I,TRAILER1_WIDTH,TRAILER2_WIDTH,TRAILER1_LENGTH,TRAILER2_LENGTH,TOTAL_VEHICLE_LENGTH,AXLE_CNT,VEHICLE_CONFIG,CARGO_BODY_TYPE,LOAD_TYPE,HAZMAT_OUT_OF_SERVICE_I,MCS_OUT_OF_SERVICE_I,HAZMAT_CLASS
2136226,445348624ff90181b71b759f67d3086b76ad8f388ba1d8276f3d329b76e43d569a3f66e93861e0467d79bfd0d94208e22953429a9c74df784a75eb4c45990aaf,08/25/2025 09:30:00 AM,3,DRIVER,,2036435,,VOLKSWAGEN,CABRIDET,IL,2001,NONE,PASSENGER,PERSONAL,N,STRAIGHT AHEAD,,,1,,,,,,,,,,,,,,,,Y,,FRONT,,,,,,,,,,,,,,,,,,,,,,,,,,,,,,,,,
2136227,445348624ff90181b71b759f67d3086b76ad8f388ba1d8276f3d329b76e43d569a3f66e93861e0467d79bfd0d94208e22953429a9c74df784a75eb4c45990aaf,08/25/2025 09:30:00 AM,4,PARKED,,2036439,,MERCEDES-BENZ,400 SERIES,IL,2007,NONE,PASSENGER,PERSONAL,N,PARKED,,,0,,,,,,,,,,,,Y,Y,Y,,,,SIDE-LEFT,,,,,,,,,,,,,,,,,,,,,,,,,,,,,,,,,
2137174,f238b515bf81cd19e30a3e17ceefeeda680f82d03ee09e3e5645a40ad1bfae65a8db30796174ebfb26c85f388057f8854aa5e37c407fe72868688f423d16f5f0,08/25/2025 09:30:00 AM,1,DRIVER,,2037315,,SUBARU,OUTBACK,IL,2007,NONE,PASSENGER,PERSONAL,E,STRAIGHT AHEAD,,,1,,,,,,,,,,,,,,,Y,,,FRONT-LEFT-CORNER,,,,,,,,,,,,,,,,,,,,,,,,,,,,,,,,,
2137175,f238b515bf81cd19e30a3e17ceefeeda680f82d03ee09e3e5645a40ad1bfae65a8db30796174ebfb26c85f388057f8854aa5e37c407fe72868688f423d16f5f0,08/25/2025 09:30:00 AM,2,DRIVER,,2037316,,HONDA,CIVIC,IL,2021,NONE,PASSENGER,PERSONAL,S,STRAIGHT AHEAD,,,1,,,,,,,,Y,Y,,,,,,,,,SIDE-RIGHT-REAR,,,,,,,,,,,,,,,,,,,,,,,,,,,,,,,,,
2136232,f826f0cd7cf5fc0740886719b21e0abcf825bfd87ee54474a8d3804a587cc54b9c006cf2284c06da74babdf4e5d665f1d14b695629a9186706d52092fd5ff70c,08/25/2025 09:30:00 AM,1,DRIVER,,2036431,,JEEP,GRAND CHEROKEE,IL,2024,NONE,SPORT UTILITY VEHICLE (SUV),PERSONAL,UNKNOWN,BACKING,,,1,,,,,,,,,,Y,,,,,,,,REAR,,,,,,,,,,,,,,,,,,,,,,,,,,,,,,,,,
2136233,f826f0cd7cf5fc0740886719b21e0abcf825bfd87ee54474a8d3804a587cc54b9c006cf2284c06da74babdf4e5d665f1d14b695629a9186706d52092fd5ff70c,08/25/2025 09:30:00 AM,2,DRIVER,,2036437,,CHEVROLET,SILVERADO,IL,2012,NONE,PICKUP,PERSONAL,UNKNOWN,STRAIGHT AHEAD,,,1,,,,,,Y,,,,,,,,,,,,SIDE-RIGHT-FRONT,,,,,,,,,,,,,,,,,,,,,,,,,,,,,,,,,
2136267,f028a7345adddcddb5c344c8aac9d3ca4336a08ef5d1e63eb663582f3304d0157b28c27e767f8c136d6086b5853d490476f89819408b6301efe4da545ba18fb9,08/25/2025 09:26:00 AM,1,DRIVER,,2036460,,"PETERBILT MOTORS COMPANY (DIVISION OF PACCAR, INC.)","PETERBILT MOTORS CO., DIVISION PACCAR, INC.",IL,2020,UNKNOWN,TRUCK - SINGLE UNIT,TOW TRUCK,N,STRAIGHT AHEAD,,,1,,,,,Y,Y,,,,,,,,,,,,FRONT-LEFT-CORNER,,,,,,,,,,,,,,,,,,,,,,,,,,,,,,,,,
2136268,f028a7345adddcddb5c344c8aac9d3ca4336a08ef5d1e63eb663582f3304d0157b28c27e767f8c136d6086b5853d490476f89819408b6301efe4da545ba18fb9,08/25/2025 09:26:00 AM,2,DRIVER,,2036464,,FREIGHTLINER CORPORATION,FREIGHTLINER CORP.,IL,2018,UNKNOWN,TRACTOR W/O SEMI-TRAILER,OTHER,N,STRAIGHT AHEAD,,,1,,,,,,,,,,,,,,Y,Y,,,FRONT-RIGHT-CORNER,,,,,,,,,,,,,,,,,,,,,,,,,,,,,,,,,
2136222,1e08719d367505f47122dadda395be510ed3285e59157cd3b27903c5ffcb0189db0413b8c84e182b0f2687210c412d9e8c9105f30b0e4512dd8e52cf5f9077b4,08/25/2025 09:20:00 AM,1,DRIVER,,2036417,,GENERAL MOTORS CORPORATION (GMC),SIERRA,IL,2020,NONE,PICKUP,PERSONAL,S,STRAIGHT AHEAD,,,1,,,,,Y,,,,,,,,,,Y,Y,,FRONT,,,,,,,,,,,,,,,,,,,,,,,,,,,,,,,,,
2136223,1e08719d367505f47122dadda395be510ed3285e59157cd3b27903c5ffcb0189db0413b8c84e182b0f2687210c412d9e8c9105f30b0e4512dd8e52cf5f9077b4,08/25/2025 09:20:00 AM,2,DRIVER,,2036424,,BMW,OTHER (EXPLAIN IN NARRATIVE),IL,2017,UNKNOWN,PASSENGER,UNKNOWN/NA,S,STRAIGHT AHEAD,,,1,,,,,,,,,Y,Y,Y,,,,,,,FRONT,,,,,,,,,,,,,,,,,,,,,,,,,,,,,,,,,
2136236,81bae4c76b076ee04d9b2e645e59fb1d2447180ba37c5f091ffc0190597206e7ba97b1cbac963a0b50320e61b550bc5b0f1171b78af77747dfbbdc2e833f5b60,08/25/2025 09:15:00 AM,1,DRIVER,,2036428,,NOVA BUS,OTHER (EXPLAIN IN NARRATIVE),IL,2016,NONE,BUS OVER 15 PASS.,CTA,W,TURNING RIGHT,,,1,,,,,,,,Y,,,,,,,,,,SIDE-RIGHT-REAR,,,,,,,,,,,,,,,,,,,,,,,,,,,,,,,,,
2136237,81bae4c76b076ee04d9b2e645e59fb1d2447180ba37c5f091ffc0190597206e7ba97b1cbac963a0b50320e61b550bc5b0f1171b78af77747dfbbdc2e833f5b60,08/25/2025 09:15:00 AM,2,DRIVER,,2036432,,FORD,MUSTANG MACH-E,IL,2025,NONE,SPORT UTILITY VEHICLE (SUV),PERSONAL,W,STRAIGHT AHEAD,,,1,,,,,,,,,,,,Y,,,,,,SIDE-LEFT-REAR,,,,,,,,,,,,,,,,,,,,,,,,,,,,,,,,,
2136883,eff49ddef6edf2688694e14599b9bc10a97dd6e66b624444992ae2a245bdba2e69bf8d32ca0d503c88ac370755c8f5af2bfb71a28a08bcc33224aae665ef5c4d,08/25/2025 09:15:00 AM,1,DRIVER,,2037029,,HONDA,CR-V,IL,2025,UNKNOWN,PASSENGER,PERSONAL,S,STRAIGHT AHEAD,,,1,,,,,,,,,,,N,N,N,Y,Y,,,SIDE-LEFT,,,,,,,,,,,,,,,,,,,,,,,,,,,,,,,,,
2136884,eff49ddef6edf2688694e14599b9bc10a97dd6e66b624444992ae2a245bdba2e69bf8d32ca0d503c88ac370755c8f5af2bfb71a28a08bcc33224aae665ef5c4d,08/25/2025 09:15:00 AM,2,DRIVER,,2037030,,CHEVROLET,EQUINOX,IL,2017,UNKNOWN,PASSENGER,PERSONAL,W,STRAIGHT AHEAD,,,1,,,,,Y,,,,,,,,,,Y,Y,,FRONT,,,,,,,,,,,,,,,,,,,,,,,,,,,,,,,,,
2136265,3b18e1aae67977891446c84c902d2a673cabfc799baa277890b68800b87b4e7fb7b820ac94be210a765c80cd2dbb62dba8fbc42fc0d1f56c8261197969ceba5f,08/25/2025 09:07:00 AM,1,DRIVER,,2036465,,KIA,FORTE,IL,2017,UNKNOWN,PASSENGER,PERSONAL,W,STRAIGHT AHEAD,N,,1,,,,,,,,,,,Y,Y,Y,Y,,,,SIDE-LEFT,,,,,,,,,,,,,,,,,,,,,,,,,,,,,,,,,
2136266,3b18e1aae67977891446c84c902d2a673cabfc799baa277890b68800b87b4e7fb7b820ac94be210a765c80cd2dbb62dba8fbc42fc0d1f56c8261197969ceba5f,08/25/2025 09:07:00 AM,2,DRIVER,,2036477,,CHRYSLER,200,OH,2016,UNKNOWN,PASSENGER,PERSONAL,N,STRAIGHT AHEAD,Y,,1,,UNKNOWN,UNKNOWN,,Y,,,,,,,,,,Y,Y,,FRONT,,,,,,,,,,,,,,,,,,,,,,,,,,,,,,,,,
2136381,11b6c060dea254622220ab5a0da4e1e573bf151486c1ef50503489f38e2f2bf495d4ad3d7e617123176b7e0c7fc99c6d54d7163ec5bb1ac68a0bcc7945c51b7c,08/25/2025 09:06:00 AM,1,DRIVER,,2036576,,FORD,EXPLORER,IL,2022,NONE,PASSENGER,POLICE,W,SLOW/STOP IN TRAFFIC,,,1,,,,,,,,,,,,,,,,Y,,FRONT-RIGHT-CORNER,,,,,,,,,,,,,,,,,,,,,,,,,,,,,,,,,
2136309,7e36e4ee742f708a0c8aa6bf136b382fae2df3de20fff5ec182b38c4771cf796e4f5d8c95e4ab939f887748da99557a6b6fde6c637659f16162bb4c42f94e2d0,08/25/2025 09:05:00 AM,1,DRIVER,,2036520,,SATURN,OTHER (EXPLAIN IN NARRATIVE),IL,2000,UNKNOWN,PASSENGER,UNKNOWN/NA,E,TURNING LEFT,,,1,,,,,,,,,,,,,,,,,Y,SIDE-RIGHT,,,,,,,,,,,,,,,,,,,,,,,,,,,,,,,,,
2136310,7e36e4ee742f708a0c8aa6bf136b382fae2df3de20fff5ec182b38c4771cf796e4f5d8c95e4ab939f887748da99557a6b6fde6c637659f16162bb4c42f94e2d0,08/25/2025 09:05:00 AM,2,DRIVER,1,2036529,,CHEVROLET,OTHER (EXPLAIN IN NARRATIVE),IL,2014,UNKNOWN,PASSENGER,PERSONAL,E,STRAIGHT AHEAD,,,2,,,,,,,,,,,Y,Y,Y,Y,Y,,,SIDE-LEFT,,,,,,,,,,,,,,,,,,,,,,,,,,,,,,,,,
2136246,eac24d7508c7fba85afe0d9c23c33554c211c4086e308effd939414be8f6827be2259038022321d755416528acc2ea2b1d9ab49ac73bf99bb7498f2895d5bb31,08/25/2025 09:01:00 AM,1,DRIVER,,2036436,,CHEVROLET,MALIBU,IL,2019,OTHER,PASSENGER,PERSONAL,N,UNKNOWN/NA,Y,,1,,owner,,,Y,,,,,,,,,,Y,Y,,FRONT-RIGHT-CORNER,,,,,,,,,,,,,,,,,,,,,,,,,,,,,,,,,
2136247,eac24d7508c7fba85afe0d9c23c33554c211c4086e308effd939414be8f6827be2259038022321d755416528acc2ea2b1d9ab49ac73bf99bb7498f2895d5bb31,08/25/2025 09:01:00 AM,2,DRIVER,,2036457,,FORD,TRANSIT,IL,2023,NONE,VAN/MINI-VAN,PERSONAL,N,STRAIGHT AHEAD,,,1,,,,,,,,,,Y,Y,,,,,,,REAR-LEFT-CORNER,,,,,,,,,,,,,,,,,,,,,,,,,,,,,,,,,
2136925,4115d2bcf8285eac09d7231b0afc374a481f1540ad9fe62d6d8fd5dca5358c8005e7507b7151fa094fc907fa8b1eb82f8df66be840a4a4ed1f096e981ad737af,08/25/2025 09:00:00 AM,2,DRIVER,,2037078,,DODGE,DURANGO,IL,2021,NONE,PASSENGER,PERSONAL,N,STRAIGHT AHEAD,,,1,,,,,Y,Y,,,,,,,,,,Y,N,FRONT-RIGHT-CORNER,,,,,,,,,,,,,,,,,,,,,,,,,,,,,,,,,
2136926,4115d2bcf8285eac09d7231b0afc374a481f1540ad9fe62d6d8fd5dca5358c8005e7507b7151fa094fc907fa8b1eb82f8df66be840a4a4ed1f096e981ad737af,08/25/2025 09:00:00 AM,1,DRIVER,,2037079,,JEEP,CHEROKEE,IL,2008,NONE,PASSENGER,PERSONAL,N,STRAIGHT AHEAD,,,1,,,,Y,,,,,,,,,,,,,,NONE,,,,,,,,,,,,,,,,,,,,,,,,,,,,,,,,,
2136215,b660ff245e83ef8b03920b1b7c45a4dc15a242377e2fd233fb82517cd5bc697d3b06648b5ea29acc4c3e95f24eaecc337338bb1e061c3898d9ad8a1745f3f6d4,08/25/2025 08:56:00 AM,1,BICYCLE,,,,,,,,,,,,,,,,,,,,,,,,,,,,,,,,,,,,,,,,,,,,,,,,,,,,,,,,,,,,,,,,,,
2136216,b660ff245e83ef8b03920b1b7c45a4dc15a242377e2fd233fb82517cd5bc697d3b06648b5ea29acc4c3e95f24eaecc337338bb1e061c3898d9ad8a1745f3f6d4,08/25/2025 08:56:00 AM,2,DRIVER,,2036425,,VOLKSWAGEN,OTHER (EXPLAIN IN NARRATIVE),IL,2022,NONE,SPORT UTILITY VEHICLE (SUV),PERSONAL,N,TURNING RIGHT,,,1,,,,,Y,Y,,,,,,,,,,Y,,FRONT-RIGHT-CORNER,,,,,,,,,,,,,,,,,,,,,,,,,,,,,,,,,
2136202,cb05d21a8c5a875377bcbe7e17a2d5c8465218c45ab6f5eb2269eeaf4405554a668d48df606941a50dd0a8192ca102b555d4b8e25d58eefee2b7f06b0432f93b,08/25/2025 08:51:00 AM,1,DRIVER,,2036403,,HONDA,CR-V,IL,2019,UNKNOWN,PASSENGER,PERSONAL,SE,STRAIGHT AHEAD,,,1,,,,,Y,,,,,,,,,,,Y,,FRONT,,,,,,,,,,,,,,,,,,,,,,,,,,,,,,,,,
2136203,cb05d21a8c5a875377bcbe7e17a2d5c8465218c45ab6f5eb2269eeaf4405554a668d48df606941a50dd0a8192ca102b555d4b8e25d58eefee2b7f06b0432f93b,08/25/2025 08:51:00 AM,2,DRIVER,,2036412,,LEXUS,GX,IL,2020,NONE,PASSENGER,PERSONAL,SE,STRAIGHT AHEAD,,,1,,,,,,,,,,Y,,,,,,,,REAR,,,,,,,,,,,,,,,,,,,,,,,,,,,,,,,,,
2136206,5f9a0e7ca682c5ef11e90267753130cc2178a609c0d685df092a047c3a29ca5f2462b0de4a0b1e7eddbd91f85eb331bfeafe430a74e778c4e0946a2cdedc7aa5,08/25/2025 08:40:00 AM,1,DRIVER,,2036401,,HONDA,CR-V,IL,2011,UNKNOWN,PASSENGER,PERSONAL,E,STRAIGHT AHEAD,,,1,,,,,Y,Y,,,,,,,,,Y,Y,,FRONT-RIGHT-CORNER,,,,,,,,,,,,,,,,,,,,,,,,,,,,,,,,,
2136214,5f9a0e7ca682c5ef11e90267753130cc2178a609c0d685df092a047c3a29ca5f2462b0de4a0b1e7eddbd91f85eb331bfeafe430a74e778c4e0946a2cdedc7aa5,08/25/2025 08:40:00 AM,2,DRIVER,,2036410,,DODGE,JOURNEY,IL,2013,UNKNOWN,PASSENGER,PERSONAL,N,STRAIGHT AHEAD,Y,,1,,PRIAVTE TOW,UNK,,Y,,,,,,,,,Y,Y,Y,,FRONT-LEFT-CORNER,,,,,,,,,,,,,,,,,,,,,,,,,,,,,,,,,
2136199,1137eaf3db02b497dcfc937378754e69bf54e794db3a18b1480d8ceee82abb084a126795cb8873331fe5f7a997ae46529a5cb3fd249704ffcf103537620925a3,08/25/2025 08:30:00 AM,1,DRIVER,,2036397,,VOLKSWAGEN,TIGUAN,IL,2012,NONE,SPORT UTILITY VEHICLE (SUV),UNKNOWN/NA,N,OTHER,,,1,,,,,,,,,,,,,,,,Y,,FRONT,,,,,,,,,,,,,,,,,,,,,,,,,,,,,,,,,
2136200,1137eaf3db02b497dcfc937378754e69bf54e794db3a18b1480d8ceee82abb084a126795cb8873331fe5f7a997ae46529a5cb3fd249704ffcf103537620925a3,08/25/2025 08:30:00 AM,2,DRIVER,,2036404,,NISSAN,MAXIMA,IL,2013,NONE,PASSENGER,UNKNOWN/NA,N,SLOW/STOP IN TRAFFIC,,,1,,,,,,,,,,Y,,,,,,Y,,REAR,,,,,,,,,,,,,,,,,,,,,,,,,,,,,,,,,
2136201,1137eaf3db02b497dcfc937378754e69bf54e794db3a18b1480d8ceee82abb084a126795cb8873331fe5f7a997ae46529a5cb3fd249704ffcf103537620925a3,08/25/2025 08:30:00 AM,3,DRIVER,,2036415,,TOYOTA,COROLLA,IL,2007,NONE,PASSENGER,UNKNOWN/NA,N,SLOW/STOP IN TRAFFIC,,,1,,,,,,,,,,Y,,,,,,,,REAR,,,,,,,,,,,,,,,,,,,,,,,,,,,,,,,,,
2136181,4a424ac064e7af898d39e8dab09b433bdd63b485ecfa89002c61e70520ad29bf868e001d2e865a12b530f3f8b795b90abb2ac75cbbe9d4c12c32b519443acbad,08/25/2025 08:30:00 AM,1,DRIVER,,2036389,,FORD,MAVERICK TRUCK,FL,2022,NONE,PICKUP,PERSONAL,N,STRAIGHT AHEAD,,,1,,,,,Y,,,,,,,,,,Y,Y,,FRONT,,,,,,,,,,,,,,,,,,,,,,,,,,,,,,,,,
2136182,4a424ac064e7af898d39e8dab09b433bdd63b485ecfa89002c61e70520ad29bf868e001d2e865a12b530f3f8b795b90abb2ac75cbbe9d4c12c32b519443acbad,08/25/2025 08:30:00 AM,2,DRIVER,,2036400,,GENERAL MOTORS CORPORATION (GMC),YUKON,IL,2007,NONE,PASSENGER,PERSONAL,N,STRAIGHT AHEAD,,,1,,,,,,,,,Y,Y,Y,,,,,,,REAR,,,,,,,,,,,,,,,,,,,,,,,,,,,,,,,,,
2136240,24ccb285047a64371aac84aaed3f9f8b4b5840ab6e32dbf2f3b9e121b2b2d53b3027aa997fe686d28b58be26dc5d4963aca819cde72e62182dc840f0573b0ee0,08/25/2025 08:28:00 AM,1,DRIVER,,2036444,,JEEP,GRAND CHEROKEE,IL,2020,NONE,SPORT UTILITY VEHICLE (SUV),PERSONAL,W,STRAIGHT AHEAD,,,1,,,,,,,Y,,,,,,,,,,,SIDE-RIGHT-REAR,,,,,,,,,,,,,,,,,,,,,,,,,,,,,,,,,
2136241,24ccb285047a64371aac84aaed3f9f8b4b5840ab6e32dbf2f3b9e121b2b2d53b3027aa997fe686d28b58be26dc5d4963aca819cde72e62182dc840f0573b0ee0,08/25/2025 08:28:00 AM,2,DRIVER,,2036451,N,FORD,OTHER (EXPLAIN IN NARRATIVE),IL,2020,NONE,BUS UP TO 15 PASS.,OTHER,W,SLOW/STOP IN TRAFFIC,,,1,,,,,,,,,,,Y,N,N,,,,,SIDE-LEFT-REAR,,,,,,,,,,,,,,,,,,,,,,,,,,,,,,,,,
2136279,45c94a91f2963469b5abbb4fdf1ae33b6515f1f1e37585169cc4f4df358fc5cbac0bacc4faa028c1a99084c05b19277bb2eb3c8a157f76e80112f312b860c4de,08/25/2025 08:28:00 AM,1,DRIVER,2,2036473,,THOMAS BUILT BUS COMPANY,THOMAS BUILT BUS CO.,IL,2016,NONE,BUS UP TO 15 PASS.,SCHOOL BUS,W,STRAIGHT AHEAD,Y,,3,,PRIVATE TOW COMPANY,PRIVATE TOW COMPANY,,Y,Y,Y,Y,Y,,,,,,,,,SIDE-RIGHT,,,,,,,,,,,,,,,,,,,,,,,,,,,,,,,,,
2136280,45c94a91f2963469b5abbb4fdf1ae33b6515f1f1e37585169cc4f4df358fc5cbac0bacc4faa028c1a99084c05b19277bb2eb3c8a157f76e80112f312b860c4de,08/25/2025 08:28:00 AM,2,PARKED,,2036490,,NISSAN,ALTIMA,IL,2009,NONE,PASSENGER,NOT IN USE,W,PARKED,,,0,,,,,,,,,,,,,Y,Y,Y,,,SIDE-LEFT,,,,,,,,,,,,,,,,,,,,,,,,,,,,,,,,,
2136281,45c94a91f2963469b5abbb4fdf1ae33b6515f1f1e37585169cc4f4df358fc5cbac0bacc4faa028c1a99084c05b19277bb2eb3c8a157f76e80112f312b860c4de,08/25/2025 08:28:00 AM,3,PARKED,,2036495,,CHEVROLET,TRAVERSE,IL,2017,NONE,SPORT UTILITY VEHICLE (SUV),NOT IN USE,W,PARKED,,,0,,,,,,,,,,,,Y,Y,,,,,SIDE-LEFT,,,,,,,,,,,,,,,,,,,,,,,,,,,,,,,,,
2136414,5a47c90e61888f228ca2f63738d454287d565ce9bd195075f79f119ff9d7c5ee5de56fba3cbb73fc19cea22da665a0fa77aae0a7e948a36a5d520dcb3dc80f0f,08/25/2025 08:25:00 AM,1,DRIVER,,2036603,,UNKNOWN,OTHER (EXPLAIN IN NARRATIVE),,,UNKNOWN,UNKNOWN/NA,UNKNOWN/NA,S,STRAIGHT AHEAD,,,1,,,,,,,,,,,,,,,,Y,,FRONT,,,,,,,,,,,,,,,,,,,,,,,,,,,,,,,,,
2136415,5a47c90e61888f228ca2f63738d454287d565ce9bd195075f79f119ff9d7c5ee5de56fba3cbb73fc19cea22da665a0fa77aae0a7e948a36a5d520dcb3dc80f0f,08/25/2025 08:25:00 AM,2,DRIVER,,2036610,,JEEP,JEEP,IL,2018,NONE,SPORT UTILITY VEHICLE (SUV),PERSONAL,E,STRAIGHT AHEAD,,,1,,,,,,,,,,,Y,Y,,,,N,,SIDE-LEFT-REAR,,,,,,,,,,,,,,,,,,,,,,,,,,,,,,,,,
2136191,709122a61d05c7f5616efd4be9ed80fa3475a5ee31ad0de451bdde862d418481b62d2364e7274940c21fd9e8ed83913e0f966d34b262c454870de4e7eafc57b9,08/25/2025 08:25:00 AM,1,DRIVER,,2036384,,TOYOTA,SIENNA,IL,,UNKNOWN,VAN/MINI-VAN,UNKNOWN/NA,N,STRAIGHT AHEAD,,,1,,,,,,,,,,,,,,,,,Y,UNKNOWN,,,,,,,,,,,,,,,,,,,,,,,,,,,,,,,,,
2136192,709122a61d05c7f5616efd4be9ed80fa3475a5ee31ad0de451bdde862d418481b62d2364e7274940c21fd9e8ed83913e0f966d34b262c454870de4e7eafc57b9,08/25/2025 08:25:00 AM,2,DRIVER,,2036393,,TOYOTA,PRIUS,IL,,NONE,PASSENGER,PERSONAL,N,STRAIGHT AHEAD,,,1,,,,,,,,,,,Y,,,Y,Y,,,REAR-LEFT-CORNER,,,,,,,,,,,,,,,,,,,,,,,,,,,,,,,,,
2136188,b3bc3f5bd739189503e197f1fa47edcc75dec921b1e6593009b6ff8fd87a9c242544bd9c75aa60afad37a5268dc610841cea6a1a0d5a871c7170b167e5240743,08/25/2025 08:20:00 AM,1,DRIVER,,2036387,,JEEP,COMPASS,IL,2020,UNKNOWN,PASSENGER,PERSONAL,E,STRAIGHT AHEAD,,,1,,,,,Y,Y,Y,,,,,,,,,,,SIDE-RIGHT,,,,,,,,,,,,,,,,,,,,,,,,,,,,,,,,,
2136189,b3bc3f5bd739189503e197f1fa47edcc75dec921b1e6593009b6ff8fd87a9c242544bd9c75aa60afad37a5268dc610841cea6a1a0d5a871c7170b167e5240743,08/25/2025 08:20:00 AM,2,DRIVER,,2036394,,CHEVROLET,TRUCK,IL,2016,UNKNOWN,PASSENGER,PERSONAL,N,BACKING,,,1,,,,,,,Y,Y,Y,,,,,,,,,REAR-RIGHT-CORNER,,,,,,,,,,,,,,,,,,,,,,,,,,,,,,,,,
2139279,0df83fa4928b036f91f7dfdf8c270d3a9a08ff61de06273bd97ed11e507010115c6ec42b374884e0b087113b0cb5a5df8f42d87361cccdfbec897484bda4f568,08/25/2025 08:18:00 AM,1,DRIVER,,2039302,,HYUNDAI,SANTA FE,IL,2020,NONE,PASSENGER,PERSONAL,N,STRAIGHT AHEAD,,,1,,,,,Y,Y,,,,,,,,,,Y,,FRONT-RIGHT-CORNER,,,,,,,,,,,,,,,,,,,,,,,,,,,,,,,,,
2139280,0df83fa4928b036f91f7dfdf8c270d3a9a08ff61de06273bd97ed11e507010115c6ec42b374884e0b087113b0cb5a5df8f42d87361cccdfbec897484bda4f568,08/25/2025 08:18:00 AM,2,PARKED,,2039305,,LINCOLN,MKT,IL,2013,NONE,PASSENGER,NOT IN USE,N,PARKED IN TRAFFIC LANE,,,0,,,,,,,,,,Y,Y,Y,,,,,,REAR-LEFT-CORNER,,,,,,,,,,,,,,,,,,,,,,,,,,,,,,,,,
2136179,ddbddb54da87af807fd5f46d84938157e4db92d6be7e36d22b315036240b762f0c3b1d8311ec12430d447e0819a70f2008ece33d6bf493695ef63e3ff1dfc12c,08/25/2025 08:09:00 AM,1,DRIVER,,2036373,,CHEVROLET,TRAVERSE,IL,2018,NONE,SPORT UTILITY VEHICLE (SUV),PERSONAL,E,STRAIGHT AHEAD,,,1,,,,,,,,,,,,,,,,Y,,FRONT,,,,,,,,,,,,,,,,,,,,,,,,,,,,,,,,,
2136180,ddbddb54da87af807fd5f46d84938157e4db92d6be7e36d22b315036240b762f0c3b1d8311ec12430d447e0819a70f2008ece33d6bf493695ef63e3ff1dfc12c,08/25/2025 08:09:00 AM,2,DRIVER,,2036378,,SUBARU,ASCENT,IL,2021,NONE,SPORT UTILITY VEHICLE (SUV),PERSONAL,E,SLOW/STOP IN TRAFFIC,,,1,,,,,,,,,,Y,,,,,,,,REAR,,,,,,,,,,,,,,,,,,,,,,,,,,,,,,,,,
2136457,8cf0871fa294606e06313d5382f0b837adf1d9236556e0a60c2c49a67a106ecadea5f22573b4e7f73afdf648405e17d771c12c344bafd19b09636a35e8e4ff9f,08/25/2025 08:05:00 AM,1,DRIVER,,2036648,,SATURN,VUE,IL,2009,NONE,SPORT UTILITY VEHICLE (SUV),PERSONAL,S,BACKING,,,1,,,,,,,,,Y,,,,,,,,,REAR-RIGHT-CORNER,,,,,,,,,,,,,,,,,,,,,,,,,,,,,,,,,
2136458,8cf0871fa294606e06313d5382f0b837adf1d9236556e0a60c2c49a67a106ecadea5f22573b4e7f73afdf648405e17d771c12c344bafd19b09636a35e8e4ff9f,08/25/2025 08:05:00 AM,2,PARKED,,2036650,,JEEP,GLADIATOR,IL,2020,NONE,PICKUP,NOT IN USE,UNKNOWN,PARKED,,,0,,,,,,,,,,,,,,,Y,,,FRONT-LEFT-CORNER,,,,,,,,,,,,,,,,,,,,,,,,,,,,,,,,,
2136173,1e7236f71ccf4f27111c9af14335c9b254a611d7a4b7cc6a4b4f8b6b760e550c97f86af784ca618831b91b29a0ae84d51213e5c67c333cf60b8cda24dd9fcc22,08/25/2025 08:04:00 AM,1,DRIVER,,2036379,,CADILLAC,ESCALADE,IL,2008,UNKNOWN,PASSENGER,UNKNOWN/NA,N,STRAIGHT AHEAD,,,1,,,,,,,,,,,,,,,,Y,,FRONT,,,,,,,,,,,,,,,,,,,,,,,,,,,,,,,,,
2136174,1e7236f71ccf4f27111c9af14335c9b254a611d7a4b7cc6a4b4f8b6b760e550c97f86af784ca618831b91b29a0ae84d51213e5c67c333cf60b8cda24dd9fcc22,08/25/2025 08:04:00 AM,2,DRIVER,2,2036377,,BMW,328I,,2016,UNKNOWN,PASSENGER,UNKNOWN/NA,N,SLOW/STOP IN TRAFFIC,,,3,,,,,,,,,,Y,,,,,,,,REAR,,,,,,,,,,,,,,,,,,,,,,,,,,,,,,,,,