CRASH_UNIT_ID,CRASH_RECORD_ID,CRASH_DATE,UNIT_NO,UNIT_TYPE,NUM_PASSENGERS,VEHICLE_ID,CMRC_VEH_I,MAKE,MODEL,LIC_PLATE_STATE,VEHICLE_YEAR,VEHICLE_DEFECT,VEHICLE_TYPE,VEHICLE_USE,TRAVEL_DIRECTION,MANEUVER,TOWED_I,FIRE_I,OCCUPANT_CNT,EXCEED_SPEED_LIMIT_I,TOWED_BY,TOWED_TO,AREA_00_I,AREA_01_I,AREA_02_I,AREA_03_I,AREA_04_I,AREA_05_I,AREA_06_I,AREA_07_I,AREA_08_I,AREA_09_I,AREA_10_I,AREA_11_I,AREA_12_I,AREA_99_I,FIRST_CONTACT_POINT,CMV_ID,USDOT_NO,CCMC_NO,ILCC_NO,COMMERCIAL_SRC,GVWR,CARRIER_NAME,CARRIER_STATE,CARRIER_CITY,HAZMAT_PLACARDS_I,HAZMAT_NAME,UN_NO,HAZMAT_PRESENT_I,HAZMAT_REPORT_I,HAZMAT_REPORT_NO,MCS_REPORT_I,MCS_REPORT_NO,HAZMAT_VIO_CAUSE_CRASH_I,MCS_VIO_CAUSE_CRASH_I,IDOT_PERMIT_NO,WIDE_LOAD_I,TRAILER1_WIDTH,TRAILER2_WIDTH,TRAILER1_LENGTH,TRAILER2_LENGTH,TOTAL_VEHICLE_LENGTH,AXLE_CNT,VEHICLE_CONFIG,CARGO_BODY_TYPE,LOAD_TYPE,HAZMAT_OUT_OF_SERVICE_I,MCS_OUT_OF_SERVICE_I,HAZMAT_CLASS
2136210,753cf41912c8677ed6f1569db6889efd8cb6f926b585157d4dd86f0622270129b093e48c37f28640700f38247e15c973ad8344a0edc215971411b3a22b173ada,08/25/2025 08:04:00 AM,1,DRIVER,,2036405,,UNKNOWN,ENCLOSED BODY,,,UNKNOWN,TRUCK - SINGLE UNIT,UNKNOWN/NA,S,PASSING/OVERTAKING,,,1,,,,,,,,,,,,,,,,,,SIDE-RIGHT,,,,,,,,,,,,,,,,,,,,,,,,,,,,,,,,,
2136211,753cf41912c8677ed6f1569db6889efd8cb6f926b585157d4dd86f0622270129b093e48c37f28640700f38247e15c973ad8344a0edc215971411b3a22b173ada,08/25/2025 08:04:00 AM,2,DRIVER,,2036414,,GENERAL MOTORS CORPORATION (GMC),TERRAIN,IL,2020,OTHER,PASSENGER,PERSONAL,S,SLOW/STOP IN TRAFFIC,,,1,,,,,,,,,,,,,,,,,,SIDE-LEFT,,,,,,,,,,,,,,,,,,,,,,,,,,,,,,,,,
2136147,c2f5eeaf656532b951ed540db931435ea35ed69fcd5e4f302ba302f55f6ca6e01bb2ccd3ac14eaef31eb7301a3d9cc52cb8bfbe8df1f9bcaa8ee86a1828daaf0,08/25/2025 08:01:00 AM,1,DRIVER,,2036343,Y,UNKNOWN,ENGINE,XX,,NONE,PICKUP,COMMERCIAL - MULTI-UNIT,N,TURNING LEFT,,,1,,,,,,,,,,,,,,,,,Y,FRONT,,,,,,,,,,,,,,,,,,,,,,,,,,,,,,,,,
2136148,c2f5eeaf656532b951ed540db931435ea35ed69fcd5e4f302ba302f55f6ca6e01bb2ccd3ac14eaef31eb7301a3d9cc52cb8bfbe8df1f9bcaa8ee86a1828daaf0,08/25/2025 08:01:00 AM,2,PEDESTRIAN,,,,,,,,,,,,,,,,,,,,,,,,,,,,,,,,,,,,,,,,,,,,,,,,,,,,,,,,,,,,,,,,,,
2136186,14d856e6635af32f9fda193d13bd0eee68ff80468e97dbb81b43fc66cae91698546af3b958afa225644d231477640dd8f13c7eb9bb957ad817b38cba4f18c47c,08/25/2025 08:00:00 AM,1,DRIVER,,2036383,,KIA,OTHER (EXPLAIN IN NARRATIVE),IL,2024,NONE,PASSENGER,UNKNOWN/NA,SW,TURNING LEFT,,,1,,,,,Y,,,,,,,,,,,,,FRONT-RIGHT-CORNER,,,,,,,,,,,,,,,,,,,,,,,,,,,,,,,,,
2136187,14d856e6635af32f9fda193d13bd0eee68ff80468e97dbb81b43fc66cae91698546af3b958afa225644d231477640dd8f13c7eb9bb957ad817b38cba4f18c47c,08/25/2025 08:00:00 AM,2,DRIVER,,2036390,,KIA,OTHER (EXPLAIN IN NARRATIVE),IL,2024,NONE,PASSENGER,PERSONAL,SW,STRAIGHT AHEAD,,,1,,,,Y,,,,,,,,,,,,,,NONE,,,,,,,,,,,,,,,,,,,,,,,,,,,,,,,,,
2136165,3445c91e628de12a576ef368150cfa54a7c7a21c3e71cc63cfebbed7379b0580972ee78fb2a74b581067bcb700cd695a3da6f5d4df80c467c025d02b283f6474,08/25/2025 08:00:00 AM,1,DRIVER,,2036358,,CHEVROLET,OTHER (EXPLAIN IN NARRATIVE),IL,2018,OTHER,SPORT UTILITY VEHICLE (SUV),UNKNOWN/NA,N,UNKNOWN/NA,,,1,,,,,,,,,,,,,,,,,Y,FRONT,,,,,,,,,,,,,,,,,,,,,,,,,,,,,,,,,
2136166,3445c91e628de12a576ef368150cfa54a7c7a21c3e71cc63cfebbed7379b0580972ee78fb2a74b581067bcb700cd695a3da6f5d4df80c467c025d02b283f6474,08/25/2025 08:00:00 AM,2,DRIVER,,2036364,,SUBARU,ASCENT,IL,2021,NONE,PASSENGER,UNKNOWN/NA,N,SLOW/STOP IN TRAFFIC,,,1,,,,,,,,,,Y,,,,,,,,REAR,,,,,,,,,,,,,,,,,,,,,,,,,,,,,,,,,
2136238,6af44fa4f5b2b674588e7078305d6e3e842778535b01d683216d63217b46ea5b8653b95e44cd9f6529514325ff408425db44134ccb15e31f1b61d7f2ca89c092,08/25/2025 08:00:00 AM,1,DRIVER,,,,,,,,,,,,,,,,,,,,,,,,,,,,,,,,,,,,,,,,,,,,,,,,,,,,,,,,,,,,,,,,,,
2136239,6af44fa4f5b2b674588e7078305d6e3e842778535b01d683216d63217b46ea5b8653b95e44cd9f6529514325ff408425db44134ccb15e31f1b61d7f2ca89c092,08/25/2025 08:00:00 AM,2,PARKED,,2036430,,TOYOTA,COROLLA,IL,2019,UNKNOWN,PASSENGER,POLICE,UNKNOWN,PARKED,,,0,,,,,,,Y,Y,N,,,,,,,Y,,UNKNOWN,,,,,,,,,,,,,,,,,,,,,,,,,,,,,,,,,
2136275,6af44fa4f5b2b674588e7078305d6e3e842778535b01d683216d63217b46ea5b8653b95e44cd9f6529514325ff408425db44134ccb15e31f1b61d7f2ca89c092,08/25/2025 08:00:00 AM,1,DRIVER,,2036466,,UNKNOWN,OTHER (EXPLAIN IN NARRATIVE),IL,,UNKNOWN,UNKNOWN/NA,UNKNOWN/NA,UNKNOWN,UNKNOWN/NA,,,1,,,,,,,,,,,,,,,,,Y,UNKNOWN,,,,,,,,,,,,,,,,,,,,,,,,,,,,,,,,,
2136175,7af7a1c605781cb2c1d5a7e6d1a4fa8a80c5251d9683b0f5fca49fbf591a13898687ff252d93bcc9ab20ffc2b7755807af2486e8a3c08581e07afb91b6b87294,08/25/2025 08:00:00 AM,1,DRIVER,,2036375,,"MACK TRAILER MANUFACTURING COMPANY, INC. (DETRIOT, MI)","MACK TRAILER MFG. CO., INC., DETRIOT, MI",IL,2007,UNKNOWN,TRUCK - SINGLE UNIT,OTHER,UNKNOWN,STRAIGHT AHEAD,,,1,,,,,,,,,,,,,,,Y,,,FRONT-LEFT-CORNER,,,,,,,,,,,,,,,,,,,,,,,,,,,,,,,,,
2136176,7af7a1c605781cb2c1d5a7e6d1a4fa8a80c5251d9683b0f5fca49fbf591a13898687ff252d93bcc9ab20ffc2b7755807af2486e8a3c08581e07afb91b6b87294,08/25/2025 08:00:00 AM,2,DRIVER,,2036370,,HONDA,ODYSSEY,IL,2016,UNKNOWN,VAN/MINI-VAN,PERSONAL,UNKNOWN,SLOW/STOP IN TRAFFIC,,,1,,,,,,,,,,,Y,Y,,,,,,REAR-LEFT-CORNER,,,,,,,,,,,,,,,,,,,,,,,,,,,,,,,,,
2137394,87796df4f0e12fedd603cda0d5235b197cfde36757c127d0359a408df0244c8ce5229a48116f2b0135ae6588eb675a579ccbd9f98db17f993e0a66f2650dbc2a,08/25/2025 08:00:00 AM,1,DRIVER,,2037535,,CHEVROLET,IMPALA,IL,2015,OTHER,PASSENGER,PERSONAL,W,STRAIGHT AHEAD,,,1,,,,,Y,,,,,,,,,,Y,Y,,FRONT,,,,,,,,,,,,,,,,,,,,,,,,,,,,,,,,,
2137395,87796df4f0e12fedd603cda0d5235b197cfde36757c127d0359a408df0244c8ce5229a48116f2b0135ae6588eb675a579ccbd9f98db17f993e0a66f2650dbc2a,08/25/2025 08:00:00 AM,2,DRIVER,,2037538,,ACURA,ADX,IL,,UNKNOWN,PASSENGER,PERSONAL,W,STRAIGHT AHEAD,,,1,,,,,,,,,,Y,,,,,,,,REAR,,,,,,,,,,,,,,,,,,,,,,,,,,,,,,,,,
2136155,934cae7973cfdc152633b760a2d54afe9d8af23312663756faa09927a2f5eb8d374b1c7411082a24fe4071ff5c9ac1324e96e34dfc187fab43b9b25d2cd9c68e,08/25/2025 08:00:00 AM,1,DRIVER,1,2036356,,JEEP,CHEROKEE,IL,2018,NONE,SPORT UTILITY VEHICLE (SUV),PERSONAL,E,STRAIGHT AHEAD,,,2,,,,,Y,,,,,,,,,,,,,FRONT,,,,,,,,,,,,,,,,,,,,,,,,,,,,,,,,,
2136156,934cae7973cfdc152633b760a2d54afe9d8af23312663756faa09927a2f5eb8d374b1c7411082a24fe4071ff5c9ac1324e96e34dfc187fab43b9b25d2cd9c68e,08/25/2025 08:00:00 AM,2,DRIVER,1,2036362,,TOYOTA,RAV4,IL,2010,NONE,SPORT UTILITY VEHICLE (SUV),PERSONAL,E,SLOW/STOP IN TRAFFIC,,,2,,,,,,,,,,Y,,,,,,,,REAR,,,,,,,,,,,,,,,,,,,,,,,,,,,,,,,,,
2136159,6aaa29c3f783728dec49229dee2676efc5b8fc6bbc9a35efaf36c0b4b538089e5c9c153add7bc111d0231424ac466616c64d703dd0661db3166513395a163180,08/25/2025 07:55:00 AM,1,DRIVER,,2036355,,TOYOTA,PRIUS,IL,2015,NONE,PASSENGER,PERSONAL,W,ENTERING TRAFFIC LANE FROM PARKING,,,1,,,,,,,,,,,,,,Y,Y,,,FRONT-LEFT-CORNER,,,,,,,,,,,,,,,,,,,,,,,,,,,,,,,,,
2136160,6aaa29c3f783728dec49229dee2676efc5b8fc6bbc9a35efaf36c0b4b538089e5c9c153add7bc111d0231424ac466616c64d703dd0661db3166513395a163180,08/25/2025 07:55:00 AM,2,DRIVER,,2036369,,HYUNDAI,TUCSON,IL,2025,NONE,SPORT UTILITY VEHICLE (SUV),PERSONAL,W,STRAIGHT AHEAD,,,1,,,,,,,Y,Y,Y,,,,,,,,,SIDE-RIGHT,,,,,,,,,,,,,,,,,,,,,,,,,,,,,,,,,
2136169,dacf61a89912b2448e88a986e29ba7a8bdaf5eb9ee55669a007edd9372278efef98dcdbd6dcb0e6fb9491915e0494270271117e81c0a2d4066e29c586aa01a35,08/25/2025 07:55:00 AM,1,DRIVER,,2036367,,FORD,ESCAPE,IL,2013,UNKNOWN,SPORT UTILITY VEHICLE (SUV),UNKNOWN/NA,N,STRAIGHT AHEAD,,,1,,,,,Y,,,,,,,,,,Y,Y,,FRONT-LEFT-CORNER,,,,,,,,,,,,,,,,,,,,,,,,,,,,,,,,,
2136170,dacf61a89912b2448e88a986e29ba7a8bdaf5eb9ee55669a007edd9372278efef98dcdbd6dcb0e6fb9491915e0494270271117e81c0a2d4066e29c586aa01a35,08/25/2025 07:55:00 AM,2,DRIVER,,2036376,,CHEVROLET,EQUINOX,,2019,NONE,SPORT UTILITY VEHICLE (SUV),PERSONAL,N,TURNING LEFT,,,1,,,,,,,,Y,,,,,,,,,,SIDE-RIGHT,,,,,,,,,,,,,,,,,,,,,,,,,,,,,,,,,
2136167,cb458464165e9ec644249b2ee79f36758dbb1307b0996a54cc0f90a538e4d02c1aed239acd03fbbe4259dafdda51f57d5c8f804c3b0c2f5eaed328b60a219eb6,08/25/2025 07:52:00 AM,1,DRIVER,,2036361,,CHEVROLET,TRAIL BLAZER,IL,2021,UNKNOWN,PASSENGER,PERSONAL,W,UNKNOWN/NA,,,1,,,,,,,,,,,,,,,Y,Y,,FRONT-LEFT-CORNER,,,,,,,,,,,,,,,,,,,,,,,,,,,,,,,,,
2136168,cb458464165e9ec644249b2ee79f36758dbb1307b0996a54cc0f90a538e4d02c1aed239acd03fbbe4259dafdda51f57d5c8f804c3b0c2f5eaed328b60a219eb6,08/25/2025 07:52:00 AM,2,DRIVER,,2036365,,DODGE,AVENGER,IL,2014,NONE,PASSENGER,PERSONAL,NW,STRAIGHT AHEAD,,,1,,,,,Y,,,,,,,,,,,Y,,FRONT-RIGHT-CORNER,,,,,,,,,,,,,,,,,,,,,,,,,,,,,,,,,
2136143,3a577f0d6c32eac693b32789f5f6942627b6d4e737f268c104f8656666ac8715893edf96fe3466a4392aa90cbb42c28c44a7fd56ddc8c359b44e13e14dba5049,08/25/2025 07:50:00 AM,1,DRIVER,6,2036344,Y,FREIGHTLINER CORPORATION,FREIGHTLINER CORP.,IL,2021,NONE,BUS OVER 15 PASS.,SCHOOL BUS,E,STRAIGHT AHEAD,,,7,,,,Y,,,,,,,,,,,,,,FRONT-LEFT-CORNER,"22,069",,,,,,,,,,,,,,,,,,,,,,,,,,,BUS,BUS,OTHER,,,
2136144,3a577f0d6c32eac693b32789f5f6942627b6d4e737f268c104f8656666ac8715893edf96fe3466a4392aa90cbb42c28c44a7fd56ddc8c359b44e13e14dba5049,08/25/2025 07:50:00 AM,2,PARKED,1,2036363,,DODGE,GRAND CARAVAN,IL,2015,NONE,VAN/MINI-VAN,PERSONAL,E,PARKED,,,1,,,,,,,,,Y,,,,,,,,,REAR-RIGHT-CORNER,,,,,,,,,,,,,,,,,,,,,,,,,,,,,,,,,
2136183,6d9c4efaad42f2ab341976d90b9d2a04bbb2e7357f8c1fe2e060b633782ca961cbbe2c6195b02ce57bd2621ead0dc9b7b8d51fd1818fcefa514ae54de9181b8c,08/25/2025 07:50:00 AM,1,DRIVER,,2036380,,UNKNOWN,MOTORIZED,,,NONE,UNKNOWN/NA,UNKNOWN/NA,UNKNOWN,UNKNOWN/NA,,,1,,,,,,,,,,,,,,,,,Y,UNKNOWN,,,,,,,,,,,,,,,,,,,,,,,,,,,,,,,,,
2136190,6d9c4efaad42f2ab341976d90b9d2a04bbb2e7357f8c1fe2e060b633782ca961cbbe2c6195b02ce57bd2621ead0dc9b7b8d51fd1818fcefa514ae54de9181b8c,08/25/2025 07:50:00 AM,2,PARKED,,2036381,,UNKNOWN,MOTORIZED,,,NONE,UNKNOWN/NA,NOT IN USE,W,PARKED,,,0,,,,,,,,,,,,,,Y,,,,SIDE-LEFT,,,,,,,,,,,,,,,,,,,,,,,,,,,,,,,,,
2136184,351db27ef5dff7570cb4ee461fdba4272fa074af7b82c810cb38e0d1efe4c46292b1ea5af11e063ac5c7e01390f56004c537b65e386266760405b0827b7a3195,08/25/2025 07:45:00 AM,1,DRIVER,,2036382,,NEW FLYER,OTHER (EXPLAIN IN NARRATIVE),IL,2006,UNKNOWN,PASSENGER,CTA,S,STRAIGHT AHEAD,,,1,,,,,Y,,,,,,,,,,,Y,,FRONT-RIGHT-CORNER,,,,,,,,,,,,,,,,,,,,,,,,,,,,,,,,,
2136185,351db27ef5dff7570cb4ee461fdba4272fa074af7b82c810cb38e0d1efe4c46292b1ea5af11e063ac5c7e01390f56004c537b65e386266760405b0827b7a3195,08/25/2025 07:45:00 AM,2,DRIVER,1,2036391,,VOLKSWAGEN,JETTA,IL,2017,OTHER,PASSENGER,PERSONAL,S,OTHER,,,2,,,,,,,,,,Y,Y,Y,,,,,,REAR-LEFT-CORNER,,,,,,,,,,,,,,,,,,,,,,,,,,,,,,,,,
2136244,878babafa8f6177607d8403cba952764919a8848bd31d35000b946688362616391673e2c72ffc3d9eb5448c850f5017149a5296c37e5ff56bb504176425ac9d1,08/25/2025 07:45:00 AM,1,DRIVER,,2036449,,CHEVROLET,SILVERADO,IL,2009,UNKNOWN,PICKUP,CONSTRUCTION/MAINTENANCE,E,TURNING RIGHT,,,1,,,,,,,,,,,,,,,,,Y,UNKNOWN,,,,,,,,,,,,,,,,,,,,,,,,,,,,,,,,,
2136245,878babafa8f6177607d8403cba952764919a8848bd31d35000b946688362616391673e2c72ffc3d9eb5448c850f5017149a5296c37e5ff56bb504176425ac9d1,08/25/2025 07:45:00 AM,2,DRIVER,,2036455,,MAZDA,CX-9,IL,2017,UNKNOWN,PASSENGER,PERSONAL,E,STRAIGHT AHEAD,,,1,,,,,,,,,Y,Y,,,,,,,,REAR-RIGHT-CORNER,,,,,,,,,,,,,,,,,,,,,,,,,,,,,,,,,
2136204,586393e5cb7efc0dd120b2749c3ee3f5f45f76d4e686f2ca4cee89786269c7b008504afe577a1e84d8a32af3cee73706a7485a5418927522c25b28a985a4ef83,08/25/2025 07:37:00 AM,1,DRIVER,,2036402,,FORD,EXPLORER,IL,2012,UNKNOWN,PASSENGER,PERSONAL,W,STRAIGHT AHEAD,,,1,,,,,,,,,,,,,,,,Y,,FRONT,,,,,,,,,,,,,,,,,,,,,,,,,,,,,,,,,
2136205,586393e5cb7efc0dd120b2749c3ee3f5f45f76d4e686f2ca4cee89786269c7b008504afe577a1e84d8a32af3cee73706a7485a5418927522c25b28a985a4ef83,08/25/2025 07:37:00 AM,2,DRIVER,,2036411,,HONDA,ACCORD,IL,2020,UNKNOWN,PASSENGER,PERSONAL,S,STRAIGHT AHEAD,Y,,1,,unk,unk,,,,,,,,,Y,Y,Y,,,,SIDE-LEFT,,,,,,,,,,,,,,,,,,,,,,,,,,,,,,,,,
2136151,262a459155cc050bc05defed1a2f21278127b06e0767b7558c04afec29b9bbe32ea3919f70a29a6949235d4c4b62cda531886e893ee16f70442a3849f73bbde0,08/25/2025 07:32:00 AM,1,DRIVER,,2036347,,TOYOTA,RAV4,IL,2018,NONE,PASSENGER,PERSONAL,S,STRAIGHT AHEAD,,,1,,,,,Y,N,N,N,,,,,,,,,,SIDE-RIGHT,,,,,,,,,,,,,,,,,,,,,,,,,,,,,,,,,
2136152,262a459155cc050bc05defed1a2f21278127b06e0767b7558c04afec29b9bbe32ea3919f70a29a6949235d4c4b62cda531886e893ee16f70442a3849f73bbde0,08/25/2025 07:32:00 AM,2,DRIVER,,2036352,,VOLVO,XC90,IL,2007,NONE,PASSENGER,PERSONAL,S,STRAIGHT AHEAD,,,1,,,,,,,,,,,,Y,Y,Y,,,,SIDE-LEFT,,,,,,,,,,,,,,,,,,,,,,,,,,,,,,,,,
2136157,5784bc5c34869120539663e007db9ae0896d9de470f96a11632e18a5fdbea62e174b95d3b07ad9c2f6d3a792640320e6720095eb77bb8f4ceab71bd510e36494,08/25/2025 07:30:00 AM,1,DRIVER,,2036350,,DODGE,JOURNEY,IL,2015,NONE,SPORT UTILITY VEHICLE (SUV),PERSONAL,S,PASSING/OVERTAKING,,,1,,,,N,Y,Y,Y,,,,,,,,,,,SIDE-RIGHT,,,,,,,,,,,,,,,,,,,,,,,,,,,,,,,,,
2136158,5784bc5c34869120539663e007db9ae0896d9de470f96a11632e18a5fdbea62e174b95d3b07ad9c2f6d3a792640320e6720095eb77bb8f4ceab71bd510e36494,08/25/2025 07:30:00 AM,2,DRIVER,,2036359,N,CHEVROLET,VAN,IL,2013,NONE,VAN/MINI-VAN,DRIVER EDUCATION,S,STRAIGHT AHEAD,,,1,,,,,,,,,,,Y,Y,Y,Y,,,,SIDE-LEFT,,,,,,,,,,,,,,,,,,,,,,,,,,,,,,,,,
2136219,94759f76d5b7c302699b39d6149034344e30fc887e3f6f18c55e1a377fec23878cbc18629160b8435e21e5576d3d120af68f810e86a61704520f5a6081ede1a2,08/25/2025 07:20:00 AM,1,DRIVER,,2036416,,CHEVROLET,MALIBU,IL,2017,NONE,PASSENGER,PERSONAL,W,STRAIGHT AHEAD,Y,,1,,,,,,,,,,,,,,,,Y,,FRONT,,,,,,,,,,,,,,,,,,,,,,,,,,,,,,,,,
2136220,94759f76d5b7c302699b39d6149034344e30fc887e3f6f18c55e1a377fec23878cbc18629160b8435e21e5576d3d120af68f810e86a61704520f5a6081ede1a2,08/25/2025 07:20:00 AM,2,DRIVER,,2036421,,CHEVROLET,OTHER (EXPLAIN IN NARRATIVE),IL,2021,NONE,PASSENGER,PERSONAL,W,STRAIGHT AHEAD,,,1,,,,,,,,,,Y,,,,,,Y,,REAR,,,,,,,,,,,,,,,,,,,,,,,,,,,,,,,,,
2136221,94759f76d5b7c302699b39d6149034344e30fc887e3f6f18c55e1a377fec23878cbc18629160b8435e21e5576d3d120af68f810e86a61704520f5a6081ede1a2,08/25/2025 07:20:00 AM,3,DRIVER,,2036429,,HONDA,ACCORD,IL,2025,NONE,PASSENGER,PERSONAL,W,STRAIGHT AHEAD,,,1,,,,,,,,,,Y,,,,,,,,REAR,,,,,,,,,,,,,,,,,,,,,,,,,,,,,,,,,
2136307,5e7258b9b209a05a19a9310603d69121e703676503f20c8339a2f825c31b3eb4a38ebb46fb3b258e7e19f47dcb6461c2638c1c0b63fc82e1e1208602e7aeb0e8,08/25/2025 07:15:00 AM,1,DRIVER,,2036494,,HONDA,CR-V,IL,2025,NONE,PASSENGER,PERSONAL,W,TURNING RIGHT,,,1,,,,,Y,N,,,,,,,,,,,,FRONT-RIGHT-CORNER,,,,,,,,,,,,,,,,,,,,,,,,,,,,,,,,,
2136308,5e7258b9b209a05a19a9310603d69121e703676503f20c8339a2f825c31b3eb4a38ebb46fb3b258e7e19f47dcb6461c2638c1c0b63fc82e1e1208602e7aeb0e8,08/25/2025 07:15:00 AM,2,DRIVER,,2036502,,KIA,FORTE,IL,2021,NONE,PASSENGER,PERSONAL,W,STRAIGHT AHEAD,,,1,,,,,,,,,,,,,Y,Y,,,,SIDE-LEFT,,,,,,,,,,,,,,,,,,,,,,,,,,,,,,,,,
2136132,b42964522ec2233fbeab0412c2647e76b5df563e5a5abb8cc7ce1f698269f291fd188b9a61f159ed728c9e0cff8cf3772be39259fff19684dd0893d8314b9b8c,08/25/2025 07:15:00 AM,1,DRIVER,,2036332,,CHEVROLET,STORM,IL,2019,UNKNOWN,PASSENGER,PERSONAL,W,STRAIGHT AHEAD,,,1,,,,,,,,,,,,,,,,Y,,FRONT,,,,,,,,,,,,,,,,,,,,,,,,,,,,,,,,,
2136133,b42964522ec2233fbeab0412c2647e76b5df563e5a5abb8cc7ce1f698269f291fd188b9a61f159ed728c9e0cff8cf3772be39259fff19684dd0893d8314b9b8c,08/25/2025 07:15:00 AM,2,DRIVER,,2036335,,HONDA,CR-V,IL,2014,UNKNOWN,PASSENGER,PERSONAL,W,STRAIGHT AHEAD,,,1,,,,,,,,,,Y,,,,,,Y,,FRONT,,,,,,,,,,,,,,,,,,,,,,,,,,,,,,,,,
2136134,b42964522ec2233fbeab0412c2647e76b5df563e5a5abb8cc7ce1f698269f291fd188b9a61f159ed728c9e0cff8cf3772be39259fff19684dd0893d8314b9b8c,08/25/2025 07:15:00 AM,3,DRIVER,,2036337,,FORD,RANGER,IL,2019,UNKNOWN,PASSENGER,PERSONAL,W,STRAIGHT AHEAD,,,1,,,,,,,,,,Y,,,,,,,,REAR,,,,,,,,,,,,,,,,,,,,,,,,,,,,,,,,,
2136149,bea1b26a073eb2fb48c3aecfb7c1747b1c645ad9d1483fbf2e6769e7d03d100a4eac185841e6e67b3df5d94fe68a4478c91c25adce68aa8b5499fc972b07af96,08/25/2025 07:15:00 AM,1,DRIVER,,2036345,,CHEVROLET,IMPALA,IL,,UNKNOWN,PASSENGER,PERSONAL,W,STRAIGHT AHEAD,,,1,,,,,,,,,Y,,,,,,,,,REAR-RIGHT-CORNER,,,,,,,,,,,,,,,,,,,,,,,,,,,,,,,,,
2136150,bea1b26a073eb2fb48c3aecfb7c1747b1c645ad9d1483fbf2e6769e7d03d100a4eac185841e6e67b3df5d94fe68a4478c91c25adce68aa8b5499fc972b07af96,08/25/2025 07:15:00 AM,2,DRIVER,,2036385,,LINCOLN,NAVIGATOR,,2022,NONE,SPORT UTILITY VEHICLE (SUV),PERSONAL,W,TURNING RIGHT,,,1,,,,,,,,,,,,,,,Y,,,FRONT-LEFT-CORNER,,,,,,,,,,,,,,,,,,,,,,,,,,,,,,,,,
2136126,c1f66f828ceb0e3f84b6ca245b844df174059be2435e76f3446fdb016cd957d568a1cfebd2d30cde61a5b5d54499a8091ce617e1ffd048a6307e2b3c2896cf82,08/25/2025 07:15:00 AM,1,DRIVER,,2036325,,VOLKSWAGEN,OTHER (EXPLAIN IN NARRATIVE),IL,,NONE,PASSENGER,PERSONAL,E,STRAIGHT AHEAD,,,1,,,,,Y,,,,,,,,,,,,,FRONT-RIGHT-CORNER,,,,,,,,,,,,,,,,,,,,,,,,,,,,,,,,,
2136127,c1f66f828ceb0e3f84b6ca245b844df174059be2435e76f3446fdb016cd957d568a1cfebd2d30cde61a5b5d54499a8091ce617e1ffd048a6307e2b3c2896cf82,08/25/2025 07:15:00 AM,2,DRIVER,,2036329,,AUDI,Q3,IL,,NONE,PASSENGER,PERSONAL,E,STRAIGHT AHEAD,,,1,,,,,,,,,,,Y,,,,,,,REAR-LEFT-CORNER,,,,,,,,,,,,,,,,,,,,,,,,,,,,,,,,,
2136145,728d078b11459aa28b062a6758801ae1bfe5decf2554bd72718e98a35ffe9e043313a18be97ae52d441aa82c0d63632845e53bc6948086001ba956f9ab40c10a,08/25/2025 07:14:00 AM,1,DRIVER,,2036346,Y,VOLVO,780 SERIES,IL,2008,UNKNOWN,SINGLE UNIT TRUCK WITH TRAILER,COMMERCIAL - SINGLE UNIT,E,STRAIGHT AHEAD,,,1,,,,,,Y,,,,,,,,,,,,SIDE-RIGHT-FRONT,"22,070",2414433,831094,,LOG BOOK,3,TKO LOGISTICS INC,IL,WEST CHICAGO,,,,N,N,,N,,N,N,,,,,,,,,TRUCK/TRAILER,VAN/ENCLOSED BOX,UNKNOWN,N,N,MISCELLANEOUS
2136146,728d078b11459aa28b062a6758801ae1bfe5decf2554bd72718e98a35ffe9e043313a18be97ae52d441aa82c0d63632845e53bc6948086001ba956f9ab40c10a,08/25/2025 07:14:00 AM,2,PARKED,,2036351,,CHEVROLET,MALIBU,IL,2013,UNKNOWN,PASSENGER,UNKNOWN/NA,E,PARKED,,,0,,,,,,,,,,,Y,Y,Y,Y,Y,,,SIDE-LEFT,,,,,,,,,,,,,,,,,,,,,,,,,,,,,,,,,
2136171,906d9aa70d413f6460d9d14e18ad02b637159b092634cd0ab0ac8952bae434e2dfb883607948a607c7544e59a45363e3c2a6f1192c97f8add4c3feadd2819679,08/25/2025 07:05:00 AM,1,DRIVER,,2036366,,FORD,EXPLORER,,,OTHER,PASSENGER,UNKNOWN/NA,N,UNKNOWN/NA,,,1,,,,,,,,,,,,,,,,,,UNKNOWN,,,,,,,,,,,,,,,,,,,,,,,,,,,,,,,,,
2136172,906d9aa70d413f6460d9d14e18ad02b637159b092634cd0ab0ac8952bae434e2dfb883607948a607c7544e59a45363e3c2a6f1192c97f8add4c3feadd2819679,08/25/2025 07:05:00 AM,2,DRIVER,,2036374,,NOVA BUS,OTHER (EXPLAIN IN NARRATIVE),IL,2017,FUEL SYSTEM,BUS OVER 15 PASS.,COMMERCIAL - SINGLE UNIT,N,STRAIGHT AHEAD,,,1,,,,,,,,,,,,,,Y,,,,FRONT-LEFT-CORNER,,,,,,,,,,,,,,,,,,,,,,,,,,,,,,,,,