CRASH_UNIT_ID,CRASH_RECORD_ID,CRASH_DATE,UNIT_NO,UNIT_TYPE,NUM_PASSENGERS,VEHICLE_ID,CMRC_VEH_I,MAKE,MODEL,LIC_PLATE_STATE,VEHICLE_YEAR,VEHICLE_DEFECT,VEHICLE_TYPE,VEHICLE_USE,TRAVEL_DIRECTION,MANEUVER,TOWED_I,FIRE_I,OCCUPANT_CNT,EXCEED_SPEED_LIMIT_I,TOWED_BY,TOWED_TO,AREA_00_I,AREA_01_I,AREA_02_I,AREA_03_I,AREA_04_I,AREA_05_I,AREA_06_I,AREA_07_I,AREA_08_I,AREA_09_I,AREA_10_I,AREA_11_I,AREA_12_I,AREA_99_I,FIRST_CONTACT_POINT,CMV_ID,USDOT_NO,CCMC_NO,ILCC_NO,COMMERCIAL_SRC,GVWR,CARRIER_NAME,CARRIER_STATE,CARRIER_CITY,HAZMAT_PLACARDS_I,HAZMAT_NAME,UN_NO,HAZMAT_PRESENT_I,HAZMAT_REPORT_I,HAZMAT_REPORT_NO,MCS_REPORT_I,MCS_REPORT_NO,HAZMAT_VIO_CAUSE_CRASH_I,MCS_VIO_CAUSE_CRASH_I,IDOT_PERMIT_NO,WIDE_LOAD_I,TRAILER1_WIDTH,TRAILER2_WIDTH,TRAILER1_LENGTH,TRAILER2_LENGTH,TOTAL_VEHICLE_LENGTH,AXLE_CNT,VEHICLE_CONFIG,CARGO_BODY_TYPE,LOAD_TYPE,HAZMAT_OUT_OF_SERVICE_I,MCS_OUT_OF_SERVICE_I,HAZMAT_CLASS
2136130,6bdc0666fb44509bd5cb34280933cd96fa9e0b27c16f25ab8239587656c9edf80e7ce2307c11cb9b4c1317602602a40c3f1f9e2db1b1455d7d5dd186c284e02c,08/25/2025 07:00:00 AM,1,DRIVER,,2036336,,NISSAN,ALTIMA,IL,2009,UNKNOWN,PASSENGER,UNKNOWN/NA,UNKNOWN,UNKNOWN/NA,,,1,,,,,,,,,,,Y,Y,,,,,,SIDE-LEFT-REAR,,,,,,,,,,,,,,,,,,,,,,,,,,,,,,,,,
2136131,6bdc0666fb44509bd5cb34280933cd96fa9e0b27c16f25ab8239587656c9edf80e7ce2307c11cb9b4c1317602602a40c3f1f9e2db1b1455d7d5dd186c284e02c,08/25/2025 07:00:00 AM,2,DRIVER,,2036349,,DODGE,RAM 3500 PU,IL,2022,NONE,PICKUP,UNKNOWN/NA,UNKNOWN,STRAIGHT AHEAD,,,1,,,,Y,,,,,,,,,,,,,,SIDE-RIGHT-REAR,,,,,,,,,,,,,,,,,,,,,,,,,,,,,,,,,
2136128,0d1f0a6b50e8e46d1be61adea06b1539a52e4b1b72bfcd0b5e77d181ae22b7ce30bc85972a5ba14a3dc7cd441a180196f7b6e729f3fa1f0dedc4eafe219ad337,08/25/2025 06:58:00 AM,1,DRIVER,,2036326,,FORD,ECONOLINE E350,IL,2004,NONE,VAN/MINI-VAN,PERSONAL,N,STRAIGHT AHEAD,,,1,,,,,Y,Y,Y,Y,,,,,,,,,,SIDE-RIGHT,,,,,,,,,,,,,,,,,,,,,,,,,,,,,,,,,
2136129,0d1f0a6b50e8e46d1be61adea06b1539a52e4b1b72bfcd0b5e77d181ae22b7ce30bc85972a5ba14a3dc7cd441a180196f7b6e729f3fa1f0dedc4eafe219ad337,08/25/2025 06:58:00 AM,2,PARKED,,2036327,,MERCEDES-BENZ,OTHER (EXPLAIN IN NARRATIVE),IL,2019,UNKNOWN,PASSENGER,NOT IN USE,N,PARKED,,,0,,,,,,,,,,,,,,Y,Y,,,FRONT-LEFT-CORNER,,,,,,,,,,,,,,,,,,,,,,,,,,,,,,,,,
2136135,252d406ab11ec0cc23c81ec1dc82d3ee2d150a0cf1b36cbe1acd9344b4be579e72394303a8b994c90d6e9633470c31be2eed71e80c949e3ce5fa7fb2dc2ca614,08/25/2025 06:45:00 AM,1,DRIVER,,2036331,,UNKNOWN,OTHER (EXPLAIN IN NARRATIVE),,1900,UNKNOWN,UNKNOWN/NA,UNKNOWN/NA,UNKNOWN,UNKNOWN/NA,,,1,,,,,,,,,,,,,,,,,,UNKNOWN,,,,,,,,,,,,,,,,,,,,,,,,,,,,,,,,,
2136136,252d406ab11ec0cc23c81ec1dc82d3ee2d150a0cf1b36cbe1acd9344b4be579e72394303a8b994c90d6e9633470c31be2eed71e80c949e3ce5fa7fb2dc2ca614,08/25/2025 06:45:00 AM,2,PARKED,,2036340,,NISSAN,OTHER (EXPLAIN IN NARRATIVE),IL,2013,UNKNOWN,PASSENGER,NOT IN USE,W,PARKED,,,0,,,,,Y,,,,,,,,,,,,,FRONT-RIGHT-CORNER,,,,,,,,,,,,,,,,,,,,,,,,,,,,,,,,,
2136124,0251b45b26e8a6a50e496e5cc31e4eb6a4c5ef64e4e08c9ba66a8606ffd5e6f32bf6484f477b0b1fd2978ed78cda7891578ee59a80f2b35fc16dda2037bd90ef,08/25/2025 06:40:00 AM,1,DRIVER,,2036322,,SUBARU,IMPREZA,IL,2016,UNKNOWN,PASSENGER,UNKNOWN/NA,W,ENTER FROM DRIVE/ALLEY,,,1,,,,,Y,,,,,,,,,,,,,FRONT-RIGHT-CORNER,,,,,,,,,,,,,,,,,,,,,,,,,,,,,,,,,
2136125,0251b45b26e8a6a50e496e5cc31e4eb6a4c5ef64e4e08c9ba66a8606ffd5e6f32bf6484f477b0b1fd2978ed78cda7891578ee59a80f2b35fc16dda2037bd90ef,08/25/2025 06:40:00 AM,2,DRIVER,,2036330,,HONDA,CIVIC,IL,2008,UNKNOWN,PASSENGER,UNKNOWN/NA,S,STRAIGHT AHEAD,,,1,,,,,,,,,,,,,Y,Y,,,,SIDE-LEFT,,,,,,,,,,,,,,,,,,,,,,,,,,,,,,,,,
2136139,080fb47b3e22c2d8603b8053a1c07a87ff5d0fc609720c39a724ce7d98ea2b0fd23da68b3a4fb037d465f8cb29f1d026591d34fc4e1d0e2ea93145cbfc1f7ab4,08/25/2025 06:05:00 AM,1,DRIVER,,2036338,,UNKNOWN,OTHER (EXPLAIN IN NARRATIVE),IL,,UNKNOWN,PASSENGER,UNKNOWN/NA,W,STRAIGHT AHEAD,,,1,,,,,,,,,,,Y,Y,Y,,,,,SIDE-LEFT,,,,,,,,,,,,,,,,,,,,,,,,,,,,,,,,,
2136140,080fb47b3e22c2d8603b8053a1c07a87ff5d0fc609720c39a724ce7d98ea2b0fd23da68b3a4fb037d465f8cb29f1d026591d34fc4e1d0e2ea93145cbfc1f7ab4,08/25/2025 06:05:00 AM,2,DRIVER,,2036342,,HONDA,CR-V,IL,2011,NONE,PASSENGER,PERSONAL,N,STRAIGHT AHEAD,,,1,,,,,Y,,,,,,,,,,Y,Y,,SIDE-RIGHT-FRONT,,,,,,,,,,,,,,,,,,,,,,,,,,,,,,,,,
2139573,8a0c39c46df10137d2ee60a32aa436b08a8e4e22c0b0803fc2f4e2e750c7fa4f24d47a151bff4561b01fb91989928ac83e95beed723390640b45cc78accfc7dc,08/25/2025 06:00:00 AM,1,DRIVER,,2039576,,UNKNOWN,OTHER (EXPLAIN IN NARRATIVE),,,UNKNOWN,UNKNOWN/NA,UNKNOWN/NA,UNKNOWN,UNKNOWN/NA,,,1,,,,,,,,,,,,,,,,,,UNKNOWN,,,,,,,,,,,,,,,,,,,,,,,,,,,,,,,,,
2139574,8a0c39c46df10137d2ee60a32aa436b08a8e4e22c0b0803fc2f4e2e750c7fa4f24d47a151bff4561b01fb91989928ac83e95beed723390640b45cc78accfc7dc,08/25/2025 06:00:00 AM,2,PARKED,,2039577,,HONDA,CIVIC,IL,2020,NONE,PASSENGER,NOT IN USE,W,PARKED,,,0,,,,,,,,,,,,,,Y,Y,Y,,FRONT-LEFT-CORNER,,,,,,,,,,,,,,,,,,,,,,,,,,,,,,,,,
2136116,b47adda692ccd8ed79c0567fa81324d831dcc08e58a7d850558fb965e33c9f8ab47f9fab2c7e3b10abd4ef41b253f69f7e55aab384cb954f749c3f1008c728fc,08/25/2025 05:43:00 AM,1,DRIVER,,2036317,,UNKNOWN,OTHER (EXPLAIN IN NARRATIVE),IL,,NONE,OTHER,AMBULANCE,W,STRAIGHT AHEAD,,,1,,,,,Y,,,,,,,,,,,,,FRONT,,,,,,,,,,,,,,,,,,,,,,,,,,,,,,,,,
2136117,b47adda692ccd8ed79c0567fa81324d831dcc08e58a7d850558fb965e33c9f8ab47f9fab2c7e3b10abd4ef41b253f69f7e55aab384cb954f749c3f1008c728fc,08/25/2025 05:43:00 AM,2,DRIVER,,2036319,,CHEVROLET,SILVERADO,IL,2018,NONE,PICKUP,NOT IN USE,N,STRAIGHT AHEAD,,,1,,,,,,,,Y,Y,,,,,,,,,SIDE-RIGHT-REAR,,,,,,,,,,,,,,,,,,,,,,,,,,,,,,,,,
2136668,d29eeda396fe5a1b7b9783b5371663cd0b866e2e0b0e942bb76fe3acb886121da5a061f8a4c76afd267d9796c7e0a5dda13b3ce6b06feb3fa062f6ce0ae0bc90,08/25/2025 05:40:00 AM,1,DRIVER,,2036840,,TOYOTA,RAV4,IL,2015,UNKNOWN,SPORT UTILITY VEHICLE (SUV),UNKNOWN/NA,E,STRAIGHT AHEAD,,,1,,,,,Y,,,,,,,,,,Y,Y,,FRONT,,,,,,,,,,,,,,,,,,,,,,,,,,,,,,,,,
2136669,d29eeda396fe5a1b7b9783b5371663cd0b866e2e0b0e942bb76fe3acb886121da5a061f8a4c76afd267d9796c7e0a5dda13b3ce6b06feb3fa062f6ce0ae0bc90,08/25/2025 05:40:00 AM,2,DRIVER,,2036852,,BMW,OTHER (EXPLAIN IN NARRATIVE),IL,2022,UNKNOWN,SPORT UTILITY VEHICLE (SUV),UNKNOWN/NA,E,STRAIGHT AHEAD,,,1,,,,,,,,,Y,Y,Y,,,,,,,REAR,,,,,,,,,,,,,,,,,,,,,,,,,,,,,,,,,
2136678,fe4f905741ceb6b6d357529c354a8aa3be5f69615884c308af1f068489036d8b46a4e1a3576d5f38dff2cccd43b42994d051cd687d62ff43f7aa044a8689234f,08/25/2025 05:30:00 AM,1,DRIVER,,2036842,,TOYOTA,RAV4,IL,2015,NONE,SPORT UTILITY VEHICLE (SUV),UNKNOWN/NA,E,STRAIGHT AHEAD,,,1,,,,,Y,,,,,,,,,,Y,Y,,FRONT,,,,,,,,,,,,,,,,,,,,,,,,,,,,,,,,,
2136679,fe4f905741ceb6b6d357529c354a8aa3be5f69615884c308af1f068489036d8b46a4e1a3576d5f38dff2cccd43b42994d051cd687d62ff43f7aa044a8689234f,08/25/2025 05:30:00 AM,2,DRIVER,,2036849,,BMW,OTHER (EXPLAIN IN NARRATIVE),IL,2022,NONE,SPORT UTILITY VEHICLE (SUV),PERSONAL,E,STRAIGHT AHEAD,,,1,,,,,,,,Y,Y,Y,Y,Y,,,,,,REAR,,,,,,,,,,,,,,,,,,,,,,,,,,,,,,,,,
2136112,290789c7ebe8902be53387acaaa68205d21405ff95cb58dad461780749b3d621f7e5304774c3ad9cc8e85127b8b0b7991739e779ae562f79cf53cd00915a4f1e,08/25/2025 04:45:00 AM,1,DRIVER,,2036310,,CHEVROLET,EQUINOX,IL,2018,UNKNOWN,SPORT UTILITY VEHICLE (SUV),PERSONAL,E,TURNING LEFT,,,1,,,,,,,,,,,,,,Y,Y,,,FRONT-LEFT-CORNER,,,,,,,,,,,,,,,,,,,,,,,,,,,,,,,,,
2136113,290789c7ebe8902be53387acaaa68205d21405ff95cb58dad461780749b3d621f7e5304774c3ad9cc8e85127b8b0b7991739e779ae562f79cf53cd00915a4f1e,08/25/2025 04:45:00 AM,2,PEDESTRIAN,,,,,,,,,,,,,,,,,,,,,,,,,,,,,,,,,,,,,,,,,,,,,,,,,,,,,,,,,,,,,,,,,,
2136433,3a014546b3b9a17b834056b98693e2c6415c17e2a73d29dc54f0ef1dc34aaddf082cfe7d4e03622dd8a5ab6d63d989cd55aab9eac7628fc9cd803a5acb18d676,08/25/2025 04:45:00 AM,1,DRIVER,,2036622,,CHEVROLET,EQUINOX,IL,2018,UNKNOWN,SPORT UTILITY VEHICLE (SUV),UNKNOWN/NA,S,STRAIGHT AHEAD,,,1,,,,,,,,,,,,,,,,Y,,FRONT,,,,,,,,,,,,,,,,,,,,,,,,,,,,,,,,,
2136434,3a014546b3b9a17b834056b98693e2c6415c17e2a73d29dc54f0ef1dc34aaddf082cfe7d4e03622dd8a5ab6d63d989cd55aab9eac7628fc9cd803a5acb18d676,08/25/2025 04:45:00 AM,2,PARKED,,2036624,,TOYOTA,MATRIX,IL,2010,NONE,PASSENGER,NOT IN USE,S,PARKED,,,0,,,,,,,,,,Y,,,,,,,,REAR,,,,,,,,,,,,,,,,,,,,,,,,,,,,,,,,,
2136392,65299beaa1b52e60f21c715d8265d62da59d86731535c29d4b6c9a9fd32480d5046195f9c146553d94e16c4703f4296092d81ea07f179a0f3c3e01b917e95187,08/25/2025 04:00:00 AM,1,DRIVER,,2036586,,UNKNOWN,OTHER (EXPLAIN IN NARRATIVE),IL,,UNKNOWN,UNKNOWN/NA,UNKNOWN/NA,UNKNOWN,UNKNOWN/NA,,,1,,,,,,,,,,,,,,,,,,UNKNOWN,,,,,,,,,,,,,,,,,,,,,,,,,,,,,,,,,
2136393,65299beaa1b52e60f21c715d8265d62da59d86731535c29d4b6c9a9fd32480d5046195f9c146553d94e16c4703f4296092d81ea07f179a0f3c3e01b917e95187,08/25/2025 04:00:00 AM,2,PARKED,,2036582,,NISSAN,SENTRA,IL,2021,NONE,PASSENGER,NOT IN USE,N,PARKED,,,0,,,,,Y,,,,,,,,,Y,Y,Y,,REAR-LEFT-CORNER,,,,,,,,,,,,,,,,,,,,,,,,,,,,,,,,,
2136293,961f1ccac222346220881244ebac238c93b35fc531a5f270383b875e6f872ecd27266fbde048396a33fc8a606664a9e3a5a6345f4e86cc01a48438cb37e524cc,08/25/2025 04:00:00 AM,1,DRIVER,,2036475,,CHEVROLET,OTHER (EXPLAIN IN NARRATIVE),IL,,UNKNOWN,PICKUP,UNKNOWN/NA,N,STRAIGHT AHEAD,,,1,,,,,,,,,,,,,,,,,,UNKNOWN,,,,,,,,,,,,,,,,,,,,,,,,,,,,,,,,,
2136294,961f1ccac222346220881244ebac238c93b35fc531a5f270383b875e6f872ecd27266fbde048396a33fc8a606664a9e3a5a6345f4e86cc01a48438cb37e524cc,08/25/2025 04:00:00 AM,2,PARKED,,2036476,,MERCEDES-BENZ,GLC,IL,2019,NONE,PASSENGER,NOT IN USE,N,PARKED,,,0,,,,,,,,,,,,Y,Y,Y,,,,SIDE-LEFT,,,,,,,,,,,,,,,,,,,,,,,,,,,,,,,,,
2136106,3a32498171e0008199d5d7e76da3fbd5a121048176c6357da77d6fd9d9fc642d734e974d8d186a815f576b5c99f28617b0e0fdf04a4819a1d8c9e14aa1410dfc,08/25/2025 03:49:00 AM,1,DRIVER,,2036307,,AUDI,Q7,MN,2025,UNKNOWN,PASSENGER,PERSONAL,E,STRAIGHT AHEAD,,,1,,,,,Y,Y,,,,,,,,,N,Y,,FRONT-RIGHT-CORNER,,,,,,,,,,,,,,,,,,,,,,,,,,,,,,,,,
2136107,3a32498171e0008199d5d7e76da3fbd5a121048176c6357da77d6fd9d9fc642d734e974d8d186a815f576b5c99f28617b0e0fdf04a4819a1d8c9e14aa1410dfc,08/25/2025 03:49:00 AM,2,PARKED,,2036303,,NISSAN,KICKS,IL,2025,UNKNOWN,PASSENGER,PERSONAL,UNKNOWN,PARKED,,,0,,,,,,,,,,Y,Y,Y,Y,Y,Y,,,REAR,,,,,,,,,,,,,,,,,,,,,,,,,,,,,,,,,
2136108,3a32498171e0008199d5d7e76da3fbd5a121048176c6357da77d6fd9d9fc642d734e974d8d186a815f576b5c99f28617b0e0fdf04a4819a1d8c9e14aa1410dfc,08/25/2025 03:49:00 AM,3,PARKED,,2036304,,VOLKSWAGEN,JETTA,IL,2016,UNKNOWN,PASSENGER,PERSONAL,UNKNOWN,PARKED,,,0,,,,,,,,,Y,Y,Y,,,,,,,REAR,,,,,,,,,,,,,,,,,,,,,,,,,,,,,,,,,
2136098,a570448b63a13a8ab8c977ce1cc6c32de3bf4dcb9c96535d0958348e02f8e969703aa52e9ff720a0d2ba9f640faf4f424a9b6ae46c89970eee4b954eb915a05f,08/25/2025 03:30:00 AM,1,DRIVER,,2036300,,CHEVROLET,CRUZE,IL,2014,NONE,PASSENGER,PERSONAL,N,STRAIGHT AHEAD,,,1,,,,Y,,,,,,,,,,,,,,SIDE-RIGHT,,,,,,,,,,,,,,,,,,,,,,,,,,,,,,,,,
2136099,a570448b63a13a8ab8c977ce1cc6c32de3bf4dcb9c96535d0958348e02f8e969703aa52e9ff720a0d2ba9f640faf4f424a9b6ae46c89970eee4b954eb915a05f,08/25/2025 03:30:00 AM,2,DRIVER,,2036301,,CHEVROLET,SILVERADO,IL,2022,NONE,PICKUP,PERSONAL,N,STRAIGHT AHEAD,,,1,,,,,,,,,,,,Y,Y,Y,,,,SIDE-LEFT-FRONT,,,,,,,,,,,,,,,,,,,,,,,,,,,,,,,,,
2136095,eb1674f0f523405173e56e81e1ad28eb3d2a1a6a231f930ab2ffcfb145c085c868f384e69b1f13ccf1390910f39dd233cd037afb320cb6d802de5eecdc461121,08/25/2025 02:34:00 AM,1,DRIVER,,2036295,,NISSAN,SENTRA,IL,2015,UNKNOWN,PASSENGER,UNKNOWN/NA,N,STRAIGHT AHEAD,,,1,,,,,,,,,Y,Y,Y,N,N,,,,,REAR,,,,,,,,,,,,,,,,,,,,,,,,,,,,,,,,,
2136096,eb1674f0f523405173e56e81e1ad28eb3d2a1a6a231f930ab2ffcfb145c085c868f384e69b1f13ccf1390910f39dd233cd037afb320cb6d802de5eecdc461121,08/25/2025 02:34:00 AM,2,PARKED,,2036296,,NISSAN,ROGUE,IL,2021,UNKNOWN,PASSENGER,UNKNOWN/NA,E,PARKED,,,0,,,,,,,,,,,Y,Y,,,,,,SIDE-LEFT-REAR,,,,,,,,,,,,,,,,,,,,,,,,,,,,,,,,,
2136097,eb1674f0f523405173e56e81e1ad28eb3d2a1a6a231f930ab2ffcfb145c085c868f384e69b1f13ccf1390910f39dd233cd037afb320cb6d802de5eecdc461121,08/25/2025 02:34:00 AM,3,PARKED,,2036298,,NISSAN,MAXIMA,IL,2018,UNKNOWN,PASSENGER,UNKNOWN/NA,N,PARKED,,,0,,,,,,Y,Y,Y,,,,,,,,,,SIDE-RIGHT,,,,,,,,,,,,,,,,,,,,,,,,,,,,,,,,,
2136114,0af14da59ef385b90259006ee3641387163263b78206fba8d6add327ad83905e009a6ccc16d1e683b7fa24aeac8ac9d69638a290ecef0ba262d4a45f6382b98b,08/25/2025 02:00:00 AM,1,DRIVER,,2036313,,NISSAN,ALTIMA,IL,2025,NONE,PASSENGER,PERSONAL,N,U-TURN,N,,1,,,,,,,,,,,Y,Y,Y,Y,Y,,,SIDE-LEFT,,,,,,,,,,,,,,,,,,,,,,,,,,,,,,,,,
2136115,0af14da59ef385b90259006ee3641387163263b78206fba8d6add327ad83905e009a6ccc16d1e683b7fa24aeac8ac9d69638a290ecef0ba262d4a45f6382b98b,08/25/2025 02:00:00 AM,2,DRIVER,,2036315,Y,FREIGHTLINER CORPORATION,FREIGHTLINER CORP.,NB,2024,NONE,OTHER,COMMERCIAL - SINGLE UNIT,S,STRAIGHT AHEAD,,,1,,,,,Y,,,,,,,,,,Y,Y,,FRONT,"22,068",320526,,,DRIVER,,K&B TRANSPORTATION INC,IA,SIOUX CITY,,,,N,N,,N,,N,N,320526,,,,,,,,TRUCK/TRACTOR,OTHER,UNKNOWN,N,N,
2136353,b8edb44ba1bae152f20e977329ab9be2c843742f5ae966b449aa5fa58089eec2877d80cb0cbc36e73c9fbf92583c6da6b0e8b5c647b564d2d7411b880ad8664c,08/25/2025 02:00:00 AM,1,DRIVER,,2036544,,UNKNOWN,MOTORIZED,IL,,UNKNOWN,UNKNOWN/NA,UNKNOWN/NA,N,STRAIGHT AHEAD,,,1,,,,,,,,,,,,,,,,,Y,FRONT-RIGHT-CORNER,,,,,,,,,,,,,,,,,,,,,,,,,,,,,,,,,
2136354,b8edb44ba1bae152f20e977329ab9be2c843742f5ae966b449aa5fa58089eec2877d80cb0cbc36e73c9fbf92583c6da6b0e8b5c647b564d2d7411b880ad8664c,08/25/2025 02:00:00 AM,2,PARKED,,2036548,,MAZDA,CX-3,IL,2019,UNKNOWN,PASSENGER,PERSONAL,N,PARKED,,,0,,,,,,,,,,,Y,Y,Y,Y,Y,,,SIDE-LEFT,,,,,,,,,,,,,,,,,,,,,,,,,,,,,,,,,
2140482,6d99601b4ff87081465ded5b7e7430ef58faa6b077fcabb49a8b4eca20461bad7eea2a4146b2f5b3785946bd35c3d0147cab017cebc5a8bc56cf318d90c0a912,08/25/2025 01:50:00 AM,1,DRIVER,1,2040451,,FORD,F150,IL,2011,UNKNOWN,PICKUP,PERSONAL,S,STRAIGHT AHEAD,Y,,2,,CPD,DOTY12,,Y,,,,,,,,,,Y,Y,,FRONT,,,,,,,,,,,,,,,,,,,,,,,,,,,,,,,,,
2136090,333d501ecdc871b779c443af2ef355536863e8ce97553d9e343b3824c3f15d6edc9cb0b6603a199f1a3915fc563170257be7ee88e0a8fee5871e38cc90043a10,08/25/2025 01:45:00 AM,1,DRIVER,,2036291,,LAND ROVER,RANGE ROVER (EVOQUE / SPORT / VELAR),IL,2020,UNKNOWN,SPORT UTILITY VEHICLE (SUV),UNKNOWN/NA,E,STRAIGHT AHEAD,Y,,1,,CITY OF CHICAGO,DOTY ROAD,,Y,,,,,,,,,,,,,FRONT-RIGHT-CORNER,,,,,,,,,,,,,,,,,,,,,,,,,,,,,,,,,
2136091,333d501ecdc871b779c443af2ef355536863e8ce97553d9e343b3824c3f15d6edc9cb0b6603a199f1a3915fc563170257be7ee88e0a8fee5871e38cc90043a10,08/25/2025 01:45:00 AM,2,DRIVER,,2036292,,NISSAN,SENTRA,MI,2022,NONE,PASSENGER,PERSONAL,E,STRAIGHT AHEAD,,,1,,,,,,,,,Y,Y,Y,,,,,,,REAR,,,,,,,,,,,,,,,,,,,,,,,,,,,,,,,,,
2136093,7cc289583d788250cc694e19deb243f39ec6b8b851df5dd5dc277baa10044aa0cfaf2210e306af6391547ede36dd25b224db6464f92823b87b829b3c1f7ac46d,08/25/2025 01:25:00 AM,1,DRIVER,,2036293,,CHEVROLET,EQUINOX,IL,2019,UNKNOWN,SPORT UTILITY VEHICLE (SUV),PERSONAL,W,STRAIGHT AHEAD,Y,,1,,UNKNOWN,,,Y,,,,,,,,,,Y,Y,,FRONT,,,,,,,,,,,,,,,,,,,,,,,,,,,,,,,,,
2136094,7cc289583d788250cc694e19deb243f39ec6b8b851df5dd5dc277baa10044aa0cfaf2210e306af6391547ede36dd25b224db6464f92823b87b829b3c1f7ac46d,08/25/2025 01:25:00 AM,2,DRIVER,,2036294,,AUDI,Q8,IL,2021,UNKNOWN,PASSENGER,PERSONAL,N,STRAIGHT AHEAD,Y,,1,,UNKNOWN,,,Y,,,,,,,,,,Y,Y,,FRONT-RIGHT-CORNER,,,,,,,,,,,,,,,,,,,,,,,,,,,,,,,,,
2136324,ccdbcfa9bd518d088b6e2fa95c3fcfb2f9c7d545a6728ebd48cd1692284cbce25f8bdd5bff6b1e257d47c6e76adde7e2670af5c7682810329eba4b8666aabb3b,08/25/2025 01:07:00 AM,1,DRIVER,,2036519,,KIA,OTHER (EXPLAIN IN NARRATIVE),IL,2019,UNKNOWN,PASSENGER,PERSONAL,S,STRAIGHT AHEAD,,,1,,,,,Y,,,,,,,,,,Y,Y,,FRONT,,,,,,,,,,,,,,,,,,,,,,,,,,,,,,,,,
2136325,ccdbcfa9bd518d088b6e2fa95c3fcfb2f9c7d545a6728ebd48cd1692284cbce25f8bdd5bff6b1e257d47c6e76adde7e2670af5c7682810329eba4b8666aabb3b,08/25/2025 01:07:00 AM,2,DRIVER,1,2036523,,KIA,OTHER (EXPLAIN IN NARRATIVE),IL,2023,UNKNOWN,PASSENGER,PERSONAL,S,STRAIGHT AHEAD,,,2,,,,,,,,,Y,Y,Y,,,,,,,REAR,,,,,,,,,,,,,,,,,,,,,,,,,,,,,,,,,
2136088,2802324da3111be39275c13a0534977d1aa481c91135d341826d4743bb0ed89fcd5e59b52661289fc0a516d6f65fe77b1faacafa66a843752fafc840bb5d2aba,08/25/2025 12:30:00 AM,1,DRIVER,,2036288,,UNKNOWN,MOTORIZED,IL,,NONE,PASSENGER,PERSONAL,S,STRAIGHT AHEAD,,,1,,,,,,,,,Y,Y,,,,,,,,REAR,,,,,,,,,,,,,,,,,,,,,,,,,,,,,,,,,
2136089,2802324da3111be39275c13a0534977d1aa481c91135d341826d4743bb0ed89fcd5e59b52661289fc0a516d6f65fe77b1faacafa66a843752fafc840bb5d2aba,08/25/2025 12:30:00 AM,2,PARKED,,2036289,,FORD,TAURUS,IL,2014,NONE,PASSENGER,PERSONAL,E,PARKED,,,0,,,,,Y,Y,,,,,,,,,,,,FRONT-RIGHT-CORNER,,,,,,,,,,,,,,,,,,,,,,,,,,,,,,,,,
2136361,e5f28fb1f6138fceea839f447fcd0008b4ae782dd85ce9be908ff4915f905a2a02d6ca759c46a1315154a2385383e8a2bc13a4a78b0334756bca1f696e808ab7,08/25/2025 12:30:00 AM,1,DRIVER,,2036560,,UNKNOWN,OTHER (EXPLAIN IN NARRATIVE),,,NONE,PASSENGER,UNKNOWN/NA,N,PASSING/OVERTAKING,,,1,,,,,,,,,,,,,,,,,Y,UNKNOWN,,,,,,,,,,,,,,,,,,,,,,,,,,,,,,,,,
2136362,e5f28fb1f6138fceea839f447fcd0008b4ae782dd85ce9be908ff4915f905a2a02d6ca759c46a1315154a2385383e8a2bc13a4a78b0334756bca1f696e808ab7,08/25/2025 12:30:00 AM,2,PARKED,,2036558,,TOYOTA,CAMRY,MD,2025,NONE,PASSENGER,PERSONAL,N,PARKED,,,0,,,,,Y,Y,Y,Y,,,,,,,,,,SIDE-RIGHT,,,,,,,,,,,,,,,,,,,,,,,,,,,,,,,,,
2136083,0039a1cd0a96350afa38efeffc665308f962584389080c17f64a7039314f41c6ddcfac3bc081fc7b5705ddb3e5f70392bca92e906913e0c690fb8e3b3c73ee33,08/25/2025 12:19:00 AM,1,DRIVER,1,2036286,,FORD,OTHER (EXPLAIN IN NARRATIVE),IL,2014,UNKNOWN,OTHER,AMBULANCE,S,OTHER,,,2,,,,,Y,Y,Y,Y,Y,,,,,,,,,SIDE-RIGHT-REAR,,,,,,,,,,,,,,,,,,,,,,,,,,,,,,,,,
2136610,17a12c785d722ac3cfb7c6e3caffd01869aa3cdbb6311377828d605609ad9033f03ee677708b8be30281f3951b941e0aa3ead3b8074dd0620ba49afa38004be3,08/25/2025 12:00:00 AM,1,DRIVER,,2036783,,UNKNOWN,MOTORIZED,,,UNKNOWN,UNKNOWN/NA,UNKNOWN/NA,E,OTHER,,,1,,,,,,,,,,,,,,,,,Y,FRONT-RIGHT-CORNER,,,,,,,,,,,,,,,,,,,,,,,,,,,,,,,,,
2136611,17a12c785d722ac3cfb7c6e3caffd01869aa3cdbb6311377828d605609ad9033f03ee677708b8be30281f3951b941e0aa3ead3b8074dd0620ba49afa38004be3,08/25/2025 12:00:00 AM,2,PARKED,,2036795,,HYUNDAI,SONATA,IL,2015,UNKNOWN,PASSENGER,PERSONAL,E,PARKED,,,0,,,,,,,,,,,Y,Y,Y,Y,Y,,,SIDE-LEFT-REAR,,,,,,,,,,,,,,,,,,,,,,,,,,,,,,,,,
2136263,3739e7bb352b49b0fc001457cf363644eae5e8c0db5961b32e438bd2b6fc03d46f1fd92b01acd79653aedf321d5658133c4877ad21ee36d6c81400f645e0ef14,08/25/2025 12:00:00 AM,1,DRIVER,,2036458,,CHEVROLET,TAHOE,IL,2021,UNKNOWN,SPORT UTILITY VEHICLE (SUV),PERSONAL,S,UNKNOWN/NA,,,1,,,,,Y,Y,,,,,,,,,,,,FRONT-RIGHT-CORNER,,,,,,,,,,,,,,,,,,,,,,,,,,,,,,,,,