CRASH_UNIT_ID,CRASH_RECORD_ID,CRASH_DATE,UNIT_NO,UNIT_TYPE,NUM_PASSENGERS,VEHICLE_ID,CMRC_VEH_I,MAKE,MODEL,LIC_PLATE_STATE,VEHICLE_YEAR,VEHICLE_DEFECT,VEHICLE_TYPE,VEHICLE_USE,TRAVEL_DIRECTION,MANEUVER,TOWED_I,FIRE_I,OCCUPANT_CNT,EXCEED_SPEED_LIMIT_I,TOWED_BY,TOWED_TO,AREA_00_I,AREA_01_I,AREA_02_I,AREA_03_I,AREA_04_I,AREA_05_I,AREA_06_I,AREA_07_I,AREA_08_I,AREA_09_I,AREA_10_I,AREA_11_I,AREA_12_I,AREA_99_I,FIRST_CONTACT_POINT,CMV_ID,USDOT_NO,CCMC_NO,ILCC_NO,COMMERCIAL_SRC,GVWR,CARRIER_NAME,CARRIER_STATE,CARRIER_CITY,HAZMAT_PLACARDS_I,HAZMAT_NAME,UN_NO,HAZMAT_PRESENT_I,HAZMAT_REPORT_I,HAZMAT_REPORT_NO,MCS_REPORT_I,MCS_REPORT_NO,HAZMAT_VIO_CAUSE_CRASH_I,MCS_VIO_CAUSE_CRASH_I,IDOT_PERMIT_NO,WIDE_LOAD_I,TRAILER1_WIDTH,TRAILER2_WIDTH,TRAILER1_LENGTH,TRAILER2_LENGTH,TOTAL_VEHICLE_LENGTH,AXLE_CNT,VEHICLE_CONFIG,CARGO_BODY_TYPE,LOAD_TYPE,HAZMAT_OUT_OF_SERVICE_I,MCS_OUT_OF_SERVICE_I,HAZMAT_CLASS
2136264,3739e7bb352b49b0fc001457cf363644eae5e8c0db5961b32e438bd2b6fc03d46f1fd92b01acd79653aedf321d5658133c4877ad21ee36d6c81400f645e0ef14,08/25/2025 12:00:00 AM,2,PARKED,,2036461,,CHEVROLET,MALIBU,WI,2014,NONE,PASSENGER,NOT IN USE,S,PARKED,Y,,0,,PRIVATE,UNKNOWN,,,,,,,,Y,Y,,,Y,,,REAR-LEFT-CORNER,,,,,,,,,,,,,,,,,,,,,,,,,,,,,,,,,
2136077,eab0a83db8afbff31b719482b8a784683ad28b540539d7f477b65aafc436a9e7158b5c96ec97cb509e974a98c413c412688fbadd5967d0fe4867c59f85a68372,08/24/2025 11:52:00 PM,1,DRIVER,,2036277,,UNKNOWN,OTHER (EXPLAIN IN NARRATIVE),IL,,UNKNOWN,UNKNOWN/NA,UNKNOWN/NA,UNKNOWN,UNKNOWN/NA,,,1,,,,,,,,,,,,,,,,,,UNKNOWN,,,,,,,,,,,,,,,,,,,,,,,,,,,,,,,,,
2136078,eab0a83db8afbff31b719482b8a784683ad28b540539d7f477b65aafc436a9e7158b5c96ec97cb509e974a98c413c412688fbadd5967d0fe4867c59f85a68372,08/24/2025 11:52:00 PM,2,PARKED,,2036278,,TOYOTA,CAMRY,IL,2019,UNKNOWN,PASSENGER,PERSONAL,S,PARKED,,,0,,,,,Y,,,,,N,Y,Y,,,Y,,,SIDE-LEFT-REAR,,,,,,,,,,,,,,,,,,,,,,,,,,,,,,,,,
2136069,7f9346295040c392d9df5997cfed53d7f62c69b562ff2126a36b1d6eec8446ada250de52fb490a1674f683689053a6b125bd2475249d277e275da8ef30b4d2fe,08/24/2025 11:12:00 PM,1,DRIVER,1,2036270,,CHEVROLET,EQUINOX,IL,2013,NONE,SPORT UTILITY VEHICLE (SUV),PERSONAL,E,STRAIGHT AHEAD,Y,,2,,CPD,CENTRAL POUND,,Y,Y,,,,,,,,,,Y,,FRONT-RIGHT-CORNER,,,,,,,,,,,,,,,,,,,,,,,,,,,,,,,,,
2136070,7f9346295040c392d9df5997cfed53d7f62c69b562ff2126a36b1d6eec8446ada250de52fb490a1674f683689053a6b125bd2475249d277e275da8ef30b4d2fe,08/24/2025 11:12:00 PM,2,PARKED,,2036273,,NISSAN,ARMADA,IL,2008,NONE,SPORT UTILITY VEHICLE (SUV),NOT IN USE,E,PARKED,,,0,,,,,,,,,,Y,Y,Y,Y,N,N,,,REAR-LEFT-CORNER,,,,,,,,,,,,,,,,,,,,,,,,,,,,,,,,,
2136065,4f12ae9b018d880a21935f280f807c91c39f165142eecd6f3d4445814b8d8c2c71681fba764cac2db54ecb747a0d9ed712bc850935a71d5e34939fa582346265,08/24/2025 11:02:00 PM,1,DRIVER,,2036265,,DODGE,CHARGER,IL,2022,NONE,PASSENGER,PERSONAL,S,STRAIGHT AHEAD,,,1,,,,,Y,,,,,,,,,,,,,FRONT-RIGHT-CORNER,,,,,,,,,,,,,,,,,,,,,,,,,,,,,,,,,
2136066,4f12ae9b018d880a21935f280f807c91c39f165142eecd6f3d4445814b8d8c2c71681fba764cac2db54ecb747a0d9ed712bc850935a71d5e34939fa582346265,08/24/2025 11:02:00 PM,2,DRIVER,,2036266,,KIA,SOUL,IL,2019,NONE,PASSENGER,PERSONAL,N,TURNING LEFT,Y,,1,,personal tow,taco boom !,,,,Y,,,Y,,,,,,,,SIDE-RIGHT-REAR,,,,,,,,,,,,,,,,,,,,,,,,,,,,,,,,,
2136443,b7cd3f46c32845387542669c1d8cf41c4367dee99cc6f74d21600a103f3a8dab5dc274f08cdb9b2eac818a245896d6801e428d167293534664fe94de0450c2d8,08/24/2025 11:00:00 PM,1,DRIVER,,2036630,,UNKNOWN,MOTORIZED,,,UNKNOWN,UNKNOWN/NA,UNKNOWN/NA,UNKNOWN,UNKNOWN/NA,,,1,,,,,,,,,,,,,,,,,Y,UNKNOWN,,,,,,,,,,,,,,,,,,,,,,,,,,,,,,,,,
2136444,b7cd3f46c32845387542669c1d8cf41c4367dee99cc6f74d21600a103f3a8dab5dc274f08cdb9b2eac818a245896d6801e428d167293534664fe94de0450c2d8,08/24/2025 11:00:00 PM,2,PARKED,,2036626,,JEEP,GRAND CHEROKEE,IL,2015,UNKNOWN,SPORT UTILITY VEHICLE (SUV),PERSONAL,S,PARKED,,,0,,,,,,,,,Y,,,,,,,,,REAR-RIGHT-CORNER,,,,,,,,,,,,,,,,,,,,,,,,,,,,,,,,,
2137973,4e17efac45ff16e13472af4a32d3990f3bcb507cfd9ecfd5a4bc9a58aab1deda7bacbb45f9c17f611b7c89c53a53bb7b00a44326bd972375e1513ab8eb5ab43a,08/24/2025 10:59:00 PM,1,DRIVER,,2038078,,JEEP,CHEROKEE,IL,2006,NONE,PASSENGER,PERSONAL,S,BACKING,,,1,,,,,,,,,,,,,,Y,Y,,,UNKNOWN,,,,,,,,,,,,,,,,,,,,,,,,,,,,,,,,,
2137974,4e17efac45ff16e13472af4a32d3990f3bcb507cfd9ecfd5a4bc9a58aab1deda7bacbb45f9c17f611b7c89c53a53bb7b00a44326bd972375e1513ab8eb5ab43a,08/24/2025 10:59:00 PM,2,PARKED,,2038081,,ACURA,RLX,IL,2016,NONE,SPORT UTILITY VEHICLE (SUV),OTHER,S,PARKED,,,0,,,,,,,,,,,Y,Y,Y,Y,,,,SIDE-LEFT,,,,,,,,,,,,,,,,,,,,,,,,,,,,,,,,,
2136073,c2186e4a03dcc3790f5505a122db49861abd71ac3b9daca8170d7a5985c6e8301b947ab4b758c1bf6792f05fa8abe231fe4b0922a36fa76efeed3d0f77299b47,08/24/2025 10:55:00 PM,1,DRIVER,,2036272,,CHEVROLET,SILVERADO,IL,1999,UNKNOWN,PICKUP,UNKNOWN/NA,S,STRAIGHT AHEAD,,,1,,,,,,,,,,,,,,,,,Y,UNKNOWN,,,,,,,,,,,,,,,,,,,,,,,,,,,,,,,,,
2136074,c2186e4a03dcc3790f5505a122db49861abd71ac3b9daca8170d7a5985c6e8301b947ab4b758c1bf6792f05fa8abe231fe4b0922a36fa76efeed3d0f77299b47,08/24/2025 10:55:00 PM,2,PARKED,1,2036274,,HONDA,CIVIC,IL,2009,UNKNOWN,PASSENGER,UNKNOWN/NA,S,PARKED,,,1,,,,,Y,Y,Y,Y,Y,,,,,,,,,SIDE-RIGHT,,,,,,,,,,,,,,,,,,,,,,,,,,,,,,,,,
2136081,f1ebe820d54bbd74803af627f68e814b2ebe3d1ce5c5f4db619f44ac88f86a182c16e064574ed4ce0b890b662edfa28965678e23d072deaaef4d08310931f0ec,08/24/2025 10:47:00 PM,1,DRIVER,,2036281,,HYUNDAI,TUCSON,IL,2019,UNKNOWN,PASSENGER,PERSONAL,N,TURNING RIGHT,,,1,,,,,,,,,,,,,,,,Y,,FRONT,,,,,,,,,,,,,,,,,,,,,,,,,,,,,,,,,
2136082,f1ebe820d54bbd74803af627f68e814b2ebe3d1ce5c5f4db619f44ac88f86a182c16e064574ed4ce0b890b662edfa28965678e23d072deaaef4d08310931f0ec,08/24/2025 10:47:00 PM,2,DRIVER,,2036285,,FORD,FOCUS,IL,2019,UNKNOWN,PASSENGER,PERSONAL,S,STRAIGHT AHEAD,,,1,,,,,Y,,,,,,,,,Y,Y,Y,,UNKNOWN,,,,,,,,,,,,,,,,,,,,,,,,,,,,,,,,,
2136071,3846042d8eefce219becbc2d4b1a7cea1dcf3e18ecc65c3448ddab93078d92c75f11298b1f50650513e60586da0c8e81ba62bd3f4d39eaeee00aebedac8c27b0,08/24/2025 10:45:00 PM,1,DRIVER,,2036269,,FORD,FUSION,IL,2013,UNKNOWN,PASSENGER,PERSONAL,S,STRAIGHT AHEAD,,,1,,,,,Y,,,,,,,,,,Y,Y,,FRONT,,,,,,,,,,,,,,,,,,,,,,,,,,,,,,,,,
2136072,3846042d8eefce219becbc2d4b1a7cea1dcf3e18ecc65c3448ddab93078d92c75f11298b1f50650513e60586da0c8e81ba62bd3f4d39eaeee00aebedac8c27b0,08/24/2025 10:45:00 PM,2,DRIVER,,2036271,,JEEP,PATRIOT,IL,2016,UNKNOWN,SPORT UTILITY VEHICLE (SUV),PERSONAL,W,STRAIGHT AHEAD,,,1,,,,,Y,Y,Y,Y,Y,,,,,,,Y,,SIDE-RIGHT,,,,,,,,,,,,,,,,,,,,,,,,,,,,,,,,,
2136402,eb80b7f11afec41bcea65eb2a1993eb45fe1f52da3c82de979d572ba160ce5e1050a271ca5ea4fd37da7ec7870896098f693aba39982531a87fee2bb98453b18,08/24/2025 10:40:00 PM,1,DRIVER,,2036590,,NISSAN,MURANO,IL,2007,NONE,PASSENGER,PERSONAL,W,STRAIGHT AHEAD,,,1,,,,Y,,,,,,,,,,,,,,NONE,,,,,,,,,,,,,,,,,,,,,,,,,,,,,,,,,
2136403,eb80b7f11afec41bcea65eb2a1993eb45fe1f52da3c82de979d572ba160ce5e1050a271ca5ea4fd37da7ec7870896098f693aba39982531a87fee2bb98453b18,08/24/2025 10:40:00 PM,2,PEDESTRIAN,,,,,,,,,,,,,,,,,,,,,,,,,,,,,,,,,,,,,,,,,,,,,,,,,,,,,,,,,,,,,,,,,,
2136578,303bc0f27ed3dcecc6190a13b5c91d043573c582d3f0a4a6d43afb65a8b2d1ad8dd77f4c57e3b2292d1cc41e46fe231888efc3a0a9ca0166e11862177a35f65f,08/24/2025 10:30:00 PM,1,DRIVER,,2036748,,UNKNOWN,OTHER (EXPLAIN IN NARRATIVE),,,UNKNOWN,UNKNOWN/NA,UNKNOWN/NA,UNKNOWN,UNKNOWN/NA,,,1,,,,,,,,,,,,,,,,,Y,UNKNOWN,,,,,,,,,,,,,,,,,,,,,,,,,,,,,,,,,
2136579,303bc0f27ed3dcecc6190a13b5c91d043573c582d3f0a4a6d43afb65a8b2d1ad8dd77f4c57e3b2292d1cc41e46fe231888efc3a0a9ca0166e11862177a35f65f,08/24/2025 10:30:00 PM,2,PARKED,,2036750,,JEEP,COMPASS,IL,2021,UNKNOWN,SPORT UTILITY VEHICLE (SUV),NOT IN USE,UNKNOWN,PARKED,,,0,,,,,,,,,,,,Y,Y,Y,,,,SIDE-LEFT,,,,,,,,,,,,,,,,,,,,,,,,,,,,,,,,,
2136067,b2b6b6613cb68bf08e5780b3739e267bb5804bbbfa5ddf0b164cb488a70eb41b1faa6f8b36b926a9012044977874322adc24d46410429640a5812f3a71f0e2b8,08/24/2025 10:25:00 PM,1,DRIVER,4,2036268,,NISSAN,MURANO,XX,2009,NONE,PASSENGER,PERSONAL,W,STRAIGHT AHEAD,Y,,5,,CITY TOW,AUTO POUND 1,,Y,,,,,,,,,,,,,FRONT-RIGHT-CORNER,,,,,,,,,,,,,,,,,,,,,,,,,,,,,,,,,
2136068,b2b6b6613cb68bf08e5780b3739e267bb5804bbbfa5ddf0b164cb488a70eb41b1faa6f8b36b926a9012044977874322adc24d46410429640a5812f3a71f0e2b8,08/24/2025 10:25:00 PM,2,DRIVER,,2036275,,HYUNDAI,ELANTRA,IL,2023,NONE,PASSENGER,PERSONAL,N,STRAIGHT AHEAD,Y,,1,,universal towing,7740 s chicago,,,Y,,,,,,,,,,,,SIDE-RIGHT,,,,,,,,,,,,,,,,,,,,,,,,,,,,,,,,,
2136084,4504a6dd0093e91c3f1ad09612689e568187a3e21a60142cf35216c27a6efbe6cfd10607feb9d4ce8aa361d84f497c287679fba40d860960261147cb8d831df9,08/24/2025 10:16:00 PM,1,DRIVER,3,2036283,,CHEVROLET,TRAIL BLAZER,IN,,NONE,SPORT UTILITY VEHICLE (SUV),PERSONAL,S,STRAIGHT AHEAD,,,4,,,,Y,,,,,,N,,,,,,,,REAR,,,,,,,,,,,,,,,,,,,,,,,,,,,,,,,,,
2136085,4504a6dd0093e91c3f1ad09612689e568187a3e21a60142cf35216c27a6efbe6cfd10607feb9d4ce8aa361d84f497c287679fba40d860960261147cb8d831df9,08/24/2025 10:16:00 PM,2,PARKED,,2036284,,FORD,EXPLORER,IL,2021,NONE,SPORT UTILITY VEHICLE (SUV),POLICE,S,PARKED IN TRAFFIC LANE,,,0,,,,N,Y,,,,,,,,,,,N,,FRONT-RIGHT-CORNER,,,,,,,,,,,,,,,,,,,,,,,,,,,,,,,,,
2136037,3912a4375ba6e4012cd77d57a4a3dc138d56872a411bb8145d8f9d5d1e6e1073c552cfaa07db6b40b9a75309f61485e41dcb45e2718306a26943bf5f9fb7bc5d,08/24/2025 10:00:00 PM,1,DRIVER,,2036227,,FORD,OTHER (EXPLAIN IN NARRATIVE),IL,2017,UNKNOWN,SPORT UTILITY VEHICLE (SUV),UNKNOWN/NA,E,UNKNOWN/NA,,,1,,,,,,,Y,,,,,,,,,,,SIDE-RIGHT,,,,,,,,,,,,,,,,,,,,,,,,,,,,,,,,,
2136038,3912a4375ba6e4012cd77d57a4a3dc138d56872a411bb8145d8f9d5d1e6e1073c552cfaa07db6b40b9a75309f61485e41dcb45e2718306a26943bf5f9fb7bc5d,08/24/2025 10:00:00 PM,2,DRIVER,,2036229,,LAND ROVER,LAND ROVER (SPORT),IL,,UNKNOWN,SPORT UTILITY VEHICLE (SUV),PERSONAL,E,OTHER,,,1,,,,,,,,,,,,,Y,,,,,SIDE-LEFT,,,,,,,,,,,,,,,,,,,,,,,,,,,,,,,,,
2136674,5724feee4c87bc8b4d7f20eccd68e51e2350979ed78587c56b13a6d1a004f3940e2caaae12dddff8cc0266469c93eccd26dec8c5cd8f8c7574599b6ac2ea4426,08/24/2025 10:00:00 PM,1,DRIVER,,2037379,,DODGE,DURANGO,,2019,UNKNOWN,SPORT UTILITY VEHICLE (SUV),PERSONAL,N,TURNING RIGHT,,,1,,,,,,,,,,,,,,,,Y,,FRONT,,,,,,,,,,,,,,,,,,,,,,,,,,,,,,,,,
2136675,5724feee4c87bc8b4d7f20eccd68e51e2350979ed78587c56b13a6d1a004f3940e2caaae12dddff8cc0266469c93eccd26dec8c5cd8f8c7574599b6ac2ea4426,08/24/2025 10:00:00 PM,2,DRIVER,,2037387,,GENERAL MOTORS CORPORATION (GMC),ACADIA,IL,2015,NONE,SPORT UTILITY VEHICLE (SUV),PERSONAL,N,TURNING RIGHT,,,1,,,,,,,,,Y,Y,,,,,,,,REAR,,,,,,,,,,,,,,,,,,,,,,,,,,,,,,,,,
2136059,c9bc2f48869c35a5ce030f98610a5764b251cc70d19ac5793744503d6e642ae836f7851aeba9207488f1ce91b17658d790d30ebfaaf8e612ed6ab01adba75994,08/24/2025 10:00:00 PM,1,DRIVER,,2036257,,UNKNOWN,OTHER (EXPLAIN IN NARRATIVE),IL,,UNKNOWN,UNKNOWN/NA,UNKNOWN/NA,W,TURNING RIGHT,,,1,,,,,,,,,,,,,,,,,Y,UNKNOWN,,,,,,,,,,,,,,,,,,,,,,,,,,,,,,,,,
2136060,c9bc2f48869c35a5ce030f98610a5764b251cc70d19ac5793744503d6e642ae836f7851aeba9207488f1ce91b17658d790d30ebfaaf8e612ed6ab01adba75994,08/24/2025 10:00:00 PM,2,DRIVER,,2036261,,HYUNDAI,SONATA,,2021,NONE,PASSENGER,PERSONAL,S,SLOW/STOP IN TRAFFIC,,,1,,,,,Y,,,,,,,,,Y,Y,Y,,FRONT-RIGHT-CORNER,,,,,,,,,,,,,,,,,,,,,,,,,,,,,,,,,
2136044,63530c208e56fce2ea6d580af2c092aa17abf177a84becdd994f5e9c32b9593b15a420a3d3cade6a91f419fbe616d1bccc82d44e050e123a3a04fb8cc4e3e8cb,08/24/2025 09:58:00 PM,1,DRIVER,1,2036238,,FORD,EXPLORER,IL,2014,UNKNOWN,SPORT UTILITY VEHICLE (SUV),UNKNOWN/NA,SW,TURNING LEFT,Y,,2,,Private Tow,Unknown,,Y,Y,Y,,,,,,,,Y,Y,,FRONT-RIGHT-CORNER,,,,,,,,,,,,,,,,,,,,,,,,,,,,,,,,,
2136045,63530c208e56fce2ea6d580af2c092aa17abf177a84becdd994f5e9c32b9593b15a420a3d3cade6a91f419fbe616d1bccc82d44e050e123a3a04fb8cc4e3e8cb,08/24/2025 09:58:00 PM,2,DRIVER,,2036244,,AUDI,A6,IL,2016,UNKNOWN,PASSENGER,UNKNOWN/NA,S,STRAIGHT AHEAD,Y,,1,,City Tow,,,Y,,,,,,,,Y,Y,Y,Y,,FRONT-LEFT-CORNER,,,,,,,,,,,,,,,,,,,,,,,,,,,,,,,,,
2136046,63530c208e56fce2ea6d580af2c092aa17abf177a84becdd994f5e9c32b9593b15a420a3d3cade6a91f419fbe616d1bccc82d44e050e123a3a04fb8cc4e3e8cb,08/24/2025 09:58:00 PM,3,DRIVER,1,2036247,,HONDA,ODYSSEY,IL,2007,UNKNOWN,VAN/MINI-VAN,UNKNOWN/NA,NE,SLOW/STOP IN TRAFFIC,N,,2,,,,,,,,,,,,,,,,Y,,FRONT,,,,,,,,,,,,,,,,,,,,,,,,,,,,,,,,,
2136075,ee12cfe8df571e80e18be305fa21818a3a5ec61fa565ec7ee7c6e377a2fbf2a38210fb940bf6038db2627e871ff7ed88aa9cb36901e6d1699135f1c4580c418e,08/24/2025 09:50:00 PM,1,DRIVER,,2036276,,CADILLAC,XTS,IL,2019,UNKNOWN,OTHER,OTHER,N,STRAIGHT AHEAD,,,1,,,,,N,,,,,,Y,Y,Y,,N,N,,REAR-LEFT-CORNER,,,,,,,,,,,,,,,,,,,,,,,,,,,,,,,,,
2136076,ee12cfe8df571e80e18be305fa21818a3a5ec61fa565ec7ee7c6e377a2fbf2a38210fb940bf6038db2627e871ff7ed88aa9cb36901e6d1699135f1c4580c418e,08/24/2025 09:50:00 PM,2,DRIVER,1,2036279,,CHEVROLET,SUBURBAN,IL,2021,UNKNOWN,OTHER,OTHER,N,STRAIGHT AHEAD,,,2,,,,,Y,Y,,,,,,,,,N,N,,FRONT-RIGHT-CORNER,,,,,,,,,,,,,,,,,,,,,,,,,,,,,,,,,
2136051,5e582117c9ac59743005a3eb4eccb94dfb2a98079e037bc7daef0bc252c703e60b9b1a14031ea6ca00ce988f63836aed07cacbe2b2869787e34c5bad59b37dfd,08/24/2025 09:48:00 PM,1,DRIVER,,2036245,,DODGE,DURANGO,IL,2013,NONE,PASSENGER,PERSONAL,NE,TURNING LEFT,,,1,,,,,Y,,,,,,,,,,,Y,,FRONT-RIGHT-CORNER,,,,,,,,,,,,,,,,,,,,,,,,,,,,,,,,,
2136052,5e582117c9ac59743005a3eb4eccb94dfb2a98079e037bc7daef0bc252c703e60b9b1a14031ea6ca00ce988f63836aed07cacbe2b2869787e34c5bad59b37dfd,08/24/2025 09:48:00 PM,2,DRIVER,,2036253,Y,FORD,TRANSIT,IL,2025,NONE,BUS UP TO 15 PASS.,OTHER,NE,TURNING LEFT,,,1,,,,,,,,,,,,Y,Y,Y,,,,SIDE-LEFT,,,,,,,,,,,,,,,,,,,,,,,,,,,,,,,,,
2136057,09e3ef4d9beddcb8c6d8cbad933485f670d7a283ddb0a4d3f808d124c06277d45616af15bffe64beb8802dbe05f4a385326fd19862d40ac2c8d763c78aff2e43,08/24/2025 09:37:00 PM,1,DRIVER,,2036258,,NISSAN,SENTRA,IL,2013,NONE,PASSENGER,PERSONAL,N,STRAIGHT AHEAD,,,1,,,,,,,,,,,,,,,,Y,,FRONT,,,,,,,,,,,,,,,,,,,,,,,,,,,,,,,,,
2136058,09e3ef4d9beddcb8c6d8cbad933485f670d7a283ddb0a4d3f808d124c06277d45616af15bffe64beb8802dbe05f4a385326fd19862d40ac2c8d763c78aff2e43,08/24/2025 09:37:00 PM,2,DRIVER,1,2036262,,LEXUS,NX,IL,2022,NONE,SPORT UTILITY VEHICLE (SUV),PERSONAL,N,SLOW/STOP IN TRAFFIC,,,2,,,,,,,,,,Y,,,,,,,,REAR,,,,,,,,,,,,,,,,,,,,,,,,,,,,,,,,,
2136049,8b674f5d4573fd1240201b2241bca60f9a661fe723476aff8634d77c596350e643360c4082b509f5788072afcd5db95e36aba45fb8d28fe95bb7e2ebe37765cb,08/24/2025 09:35:00 PM,1,DRIVER,,2036254,,HONDA,OTHER (EXPLAIN IN NARRATIVE),IL,2009,NONE,PASSENGER,PERSONAL,S,BACKING,,,1,,,,,,,,,Y,Y,Y,,,,,,,REAR,,,,,,,,,,,,,,,,,,,,,,,,,,,,,,,,,
2136050,8b674f5d4573fd1240201b2241bca60f9a661fe723476aff8634d77c596350e643360c4082b509f5788072afcd5db95e36aba45fb8d28fe95bb7e2ebe37765cb,08/24/2025 09:35:00 PM,2,PARKED,,2036243,,FORD,BRONCO / BRONCO II,IL,2023,NONE,PASSENGER,PERSONAL,E,PARKED,,,0,,,,,,,,,,,,,Y,Y,Y,,,SIDE-LEFT,,,,,,,,,,,,,,,,,,,,,,,,,,,,,,,,,
2136040,227397a3365ada3bbdf6638d372b86cf0e9a84913d7ea2b46fb1fe4ec2bbd3ed5627d9ebc89a418f285a024d7743f813f412fb61371ecf3af20255a26233a2ab,08/24/2025 09:30:00 PM,1,DRIVER,,2036236,,HONDA,FIT,,,UNKNOWN,PASSENGER,UNKNOWN/NA,N,UNKNOWN/NA,,,1,,,,,,,,,,,,,,,,Y,,FRONT,,,,,,,,,,,,,,,,,,,,,,,,,,,,,,,,,
2136041,227397a3365ada3bbdf6638d372b86cf0e9a84913d7ea2b46fb1fe4ec2bbd3ed5627d9ebc89a418f285a024d7743f813f412fb61371ecf3af20255a26233a2ab,08/24/2025 09:30:00 PM,2,DRIVER,,2036241,,LEXUS,ES300,,,UNKNOWN,PASSENGER,PERSONAL,N,SLOW/STOP IN TRAFFIC,,,1,,,,,,,,,,Y,,,,,,,,REAR,,,,,,,,,,,,,,,,,,,,,,,,,,,,,,,,,
2136035,c540236997e1943addc7717f6a6fe3feb5f459661c1b536d190647fb45998f7677e5257f9ff3905edc438feab541e0d140bfe324b81bf27c1201576f2fbc0d6e,08/24/2025 09:30:00 PM,1,DRIVER,,2036234,,HYUNDAI,ELANTRA,IL,2023,UNKNOWN,PASSENGER,UNKNOWN/NA,N,CHANGING LANES,,,1,,,,,Y,Y,,,,,,,,,,,,FRONT-RIGHT-CORNER,,,,,,,,,,,,,,,,,,,,,,,,,,,,,,,,,
2136036,c540236997e1943addc7717f6a6fe3feb5f459661c1b536d190647fb45998f7677e5257f9ff3905edc438feab541e0d140bfe324b81bf27c1201576f2fbc0d6e,08/24/2025 09:30:00 PM,2,DRIVER,,2036242,,BMW,330I,,2020,UNKNOWN,PASSENGER,UNKNOWN/NA,N,STRAIGHT AHEAD,,,1,,,,,,,,,,,Y,Y,,,,,,REAR-LEFT-CORNER,,,,,,,,,,,,,,,,,,,,,,,,,,,,,,,,,
2136053,10d6495a03f30a28ab4323317ca588e6bf03aa92eb618f05ec34e344e075108015539b5f06f3395dc8fea9752a22b3882285e9b2657c9c838f103b64a0c4b91a,08/24/2025 09:24:00 PM,1,DRIVER,,2036248,,CADILLAC,ESCALADE,IL,2004,NONE,PASSENGER,PERSONAL,N,STRAIGHT AHEAD,,,1,,,,Y,,,,,,,,,,,,,,UNKNOWN,,,,,,,,,,,,,,,,,,,,,,,,,,,,,,,,,
2136054,10d6495a03f30a28ab4323317ca588e6bf03aa92eb618f05ec34e344e075108015539b5f06f3395dc8fea9752a22b3882285e9b2657c9c838f103b64a0c4b91a,08/24/2025 09:24:00 PM,2,PARKED,,2036251,,HONDA,CR-V,IL,2002,UNKNOWN,PICKUP,PERSONAL,UNKNOWN,PARKED,,,0,,,,,,,,,,,,Y,Y,Y,,,,UNKNOWN,,,,,,,,,,,,,,,,,,,,,,,,,,,,,,,,,
2136120,b68abf6d411efabcf6c0adad10c46dec843c4c3c86d0ae8ae5de3107861c55142c8b12f7fa1a652124ce60884575280bf1cae6d1d95392d40fcd998ce20d3e05,08/24/2025 09:22:00 PM,1,DRIVER,,2036321,,HYUNDAI,SONATA,,,UNKNOWN,PASSENGER,UNKNOWN/NA,W,UNKNOWN/NA,,,1,,,,,,,,,,,,,,,,,Y,FRONT-LEFT-CORNER,,,,,,,,,,,,,,,,,,,,,,,,,,,,,,,,,
2136121,b68abf6d411efabcf6c0adad10c46dec843c4c3c86d0ae8ae5de3107861c55142c8b12f7fa1a652124ce60884575280bf1cae6d1d95392d40fcd998ce20d3e05,08/24/2025 09:22:00 PM,2,DRIVER,,2036323,,CHEVROLET,MALIBU,IL,2023,UNKNOWN,PASSENGER,PERSONAL,W,ENTERING TRAFFIC LANE FROM PARKING,,,1,,,,,,,,,,,,,,Y,Y,,,FRONT-LEFT-CORNER,,,,,,,,,,,,,,,,,,,,,,,,,,,,,,,,,
2136042,ea19b509ed6182cdbf518a09c0690f8e2e70dc0af91cd14df2b93c7999e6d10d9262f9aca728258170e45c94fbccee52d45c29582ff16a39df7ce7285f29d88b,08/24/2025 09:16:00 PM,1,DRIVER,,2036237,,HONDA,PILOT,,2006,UNKNOWN,SPORT UTILITY VEHICLE (SUV),PERSONAL,E,STRAIGHT AHEAD,Y,,1,,E&R TOWING,,,Y,,,,,,,,,,Y,Y,,FRONT,,,,,,,,,,,,,,,,,,,,,,,,,,,,,,,,,
2136043,ea19b509ed6182cdbf518a09c0690f8e2e70dc0af91cd14df2b93c7999e6d10d9262f9aca728258170e45c94fbccee52d45c29582ff16a39df7ce7285f29d88b,08/24/2025 09:16:00 PM,2,DRIVER,,2036240,,FORD,FUSION,IL,2016,NONE,PASSENGER,PERSONAL,S,STRAIGHT AHEAD,,,1,,,,,Y,Y,Y,Y,,,,,,,,,,SIDE-RIGHT,,,,,,,,,,,,,,,,,,,,,,,,,,,,,,,,,
2136063,8c17450ebe3f6e875f13d0696e30351677fe8215e406890d31ba8fbc242faa450e14e451fbf9a5839164ca19c49d58a316dbc7b1ced7d062678914bc7e4f5c38,08/24/2025 09:10:00 PM,1,DRIVER,,2036263,,UNKNOWN,OTHER (EXPLAIN IN NARRATIVE),,,UNKNOWN,PASSENGER,UNKNOWN/NA,S,STRAIGHT AHEAD,,,1,,,,,,,,,,,,,,,,,Y,UNKNOWN,,,,,,,,,,,,,,,,,,,,,,,,,,,,,,,,,