CRASH_UNIT_ID,CRASH_RECORD_ID,CRASH_DATE,UNIT_NO,UNIT_TYPE,NUM_PASSENGERS,VEHICLE_ID,CMRC_VEH_I,MAKE,MODEL,LIC_PLATE_STATE,VEHICLE_YEAR,VEHICLE_DEFECT,VEHICLE_TYPE,VEHICLE_USE,TRAVEL_DIRECTION,MANEUVER,TOWED_I,FIRE_I,OCCUPANT_CNT,EXCEED_SPEED_LIMIT_I,TOWED_BY,TOWED_TO,AREA_00_I,AREA_01_I,AREA_02_I,AREA_03_I,AREA_04_I,AREA_05_I,AREA_06_I,AREA_07_I,AREA_08_I,AREA_09_I,AREA_10_I,AREA_11_I,AREA_12_I,AREA_99_I,FIRST_CONTACT_POINT,CMV_ID,USDOT_NO,CCMC_NO,ILCC_NO,COMMERCIAL_SRC,GVWR,CARRIER_NAME,CARRIER_STATE,CARRIER_CITY,HAZMAT_PLACARDS_I,HAZMAT_NAME,UN_NO,HAZMAT_PRESENT_I,HAZMAT_REPORT_I,HAZMAT_REPORT_NO,MCS_REPORT_I,MCS_REPORT_NO,HAZMAT_VIO_CAUSE_CRASH_I,MCS_VIO_CAUSE_CRASH_I,IDOT_PERMIT_NO,WIDE_LOAD_I,TRAILER1_WIDTH,TRAILER2_WIDTH,TRAILER1_LENGTH,TRAILER2_LENGTH,TOTAL_VEHICLE_LENGTH,AXLE_CNT,VEHICLE_CONFIG,CARGO_BODY_TYPE,LOAD_TYPE,HAZMAT_OUT_OF_SERVICE_I,MCS_OUT_OF_SERVICE_I,HAZMAT_CLASS
2136064,8c17450ebe3f6e875f13d0696e30351677fe8215e406890d31ba8fbc242faa450e14e451fbf9a5839164ca19c49d58a316dbc7b1ced7d062678914bc7e4f5c38,08/24/2025 09:10:00 PM,2,PARKED,,2036264,,MAZDA,MX-6,IL,2015,UNKNOWN,PASSENGER,PERSONAL,S,PARKED,Y,,0,,private tow,,,,,,,,,Y,Y,Y,,,,,SIDE-LEFT-REAR,,,,,,,,,,,,,,,,,,,,,,,,,,,,,,,,,
2136025,ea37a5d17b60365820deb0bf31c5636af539b6fa7742c3108d4fbbbc1e4216f77bc2ea5bd875f7eafce347b4ebee984826cbdfa6c3a5a5fc2a69bf2774279175,08/24/2025 09:05:00 PM,1,DRIVER,,2036232,,BMW,X5,MN,2008,UNKNOWN,SPORT UTILITY VEHICLE (SUV),UNKNOWN/NA,W,TURNING LEFT,,,1,,,,,,,,,,,,,,,,,Y,FRONT-RIGHT-CORNER,,,,,,,,,,,,,,,,,,,,,,,,,,,,,,,,,
2136026,ea37a5d17b60365820deb0bf31c5636af539b6fa7742c3108d4fbbbc1e4216f77bc2ea5bd875f7eafce347b4ebee984826cbdfa6c3a5a5fc2a69bf2774279175,08/24/2025 09:05:00 PM,2,DRIVER,1,2036223,,FORD,EXPLORER,IL,2015,NONE,SPORT UTILITY VEHICLE (SUV),POLICE,N,SLOW/STOP IN TRAFFIC,,,2,,,,,,,Y,Y,Y,,,,,,,,,SIDE-RIGHT-REAR,,,,,,,,,,,,,,,,,,,,,,,,,,,,,,,,,
2136011,a8261a76ce415fc413ab27eb1a30f109786120364b05e88fec431dedb886cfcb65118bcbf0ab5b74f1539b85f00aabf11e1c6dbd31895273b46b2da0dd62cf80,08/24/2025 09:00:00 PM,1,DRIVER,3,2036205,,TOYOTA,HIGHLANDER,IL,2015,NONE,PASSENGER,PERSONAL,E,STRAIGHT AHEAD,,,4,,,,,,,,,,,,,,Y,Y,N,,FRONT-LEFT-CORNER,,,,,,,,,,,,,,,,,,,,,,,,,,,,,,,,,
2136012,a8261a76ce415fc413ab27eb1a30f109786120364b05e88fec431dedb886cfcb65118bcbf0ab5b74f1539b85f00aabf11e1c6dbd31895273b46b2da0dd62cf80,08/24/2025 09:00:00 PM,2,DRIVER,,2036212,,NISSAN,ALTIMA,IL,2011,NONE,PASSENGER,PERSONAL,S,TURNING LEFT,,,1,,,,,Y,Y,,,,,,,,,,,,FRONT-RIGHT-CORNER,,,,,,,,,,,,,,,,,,,,,,,,,,,,,,,,,
2140500,b10c44e931e19491de1c63abc3c630c127909ffe09da958c08079addbc1d25f29c4951eef1ad733451f3745c651945a964ad99450a4494ff766e6e9780018123,08/24/2025 09:00:00 PM,1,DRIVER,,2040472,,NISSAN,ROGUE,,,NONE,PASSENGER,PERSONAL,W,STRAIGHT AHEAD,,,1,,,,,Y,,,,,,,,,,Y,Y,,FRONT,,,,,,,,,,,,,,,,,,,,,,,,,,,,,,,,,
2140503,b10c44e931e19491de1c63abc3c630c127909ffe09da958c08079addbc1d25f29c4951eef1ad733451f3745c651945a964ad99450a4494ff766e6e9780018123,08/24/2025 09:00:00 PM,2,PEDESTRIAN,,,,,,,,,,,,,,,,,,,,,,,,,,,,,,,,,,,,,,,,,,,,,,,,,,,,,,,,,,,,,,,,,,
2136007,b903da659baf87fd82989ded2acc40b281908fb66b7f38d3998cf59b9506760fd4c425180feca177ba16c2b4d749eb6b5ca9923971dec2984f4788c79c6e96fb,08/24/2025 08:51:00 PM,1,DRIVER,,2036195,,TOYOTA,PRIUS,IL,2013,UNKNOWN,PASSENGER,PERSONAL,W,TURNING LEFT,,,1,,,,,Y,Y,,,,,,,,,,Y,,FRONT-RIGHT-CORNER,,,,,,,,,,,,,,,,,,,,,,,,,,,,,,,,,
2136008,b903da659baf87fd82989ded2acc40b281908fb66b7f38d3998cf59b9506760fd4c425180feca177ba16c2b4d749eb6b5ca9923971dec2984f4788c79c6e96fb,08/24/2025 08:51:00 PM,2,DRIVER,,2036200,,NISSAN,SENTRA,IL,2014,UNKNOWN,PASSENGER,PERSONAL,S,STRAIGHT AHEAD,,,1,,,,,,,,,,,Y,Y,Y,,,,,SIDE-LEFT,,,,,,,,,,,,,,,,,,,,,,,,,,,,,,,,,
2135997,819554e414f95ccf5a4c8e6532381761153f4c2341e7ad524b2ec36ca4399c4c5b2d645ee3d707709eba65400615a8d1d06bd783eed2ce2f5439128dac805276,08/24/2025 08:50:00 PM,1,DRIVER,,2036206,,NISSAN,ALTIMA,IL,2011,NONE,PASSENGER,PERSONAL,S,PASSING/OVERTAKING,,,1,,,,,,,,,,,,,,,,,,UNKNOWN,,,,,,,,,,,,,,,,,,,,,,,,,,,,,,,,,
2135998,819554e414f95ccf5a4c8e6532381761153f4c2341e7ad524b2ec36ca4399c4c5b2d645ee3d707709eba65400615a8d1d06bd783eed2ce2f5439128dac805276,08/24/2025 08:50:00 PM,2,DRIVER,,2036230,,TOYOTA,HIGHLANDER,IL,2015,NONE,SPORT UTILITY VEHICLE (SUV),PERSONAL,E,STRAIGHT AHEAD,,,1,,,,,,,,,,,,,,,,,,FRONT-LEFT-CORNER,,,,,,,,,,,,,,,,,,,,,,,,,,,,,,,,,
2135978,20e914c0188334b61720c42ec1c8898d26c4601d6a9021964ad9d2fb1a80a8a76eb41a3457df631fa54d06886f3a3562f34f8e9fbf017c79c87a8d86771f7949,08/24/2025 08:48:00 PM,1,DRIVER,,2036186,,HONDA,PILOT,IL,2006,UNKNOWN,PASSENGER,PERSONAL,E,STRAIGHT AHEAD,Y,,1,,,,,Y,Y,Y,Y,,,,Y,Y,Y,Y,Y,,FRONT,,,,,,,,,,,,,,,,,,,,,,,,,,,,,,,,,
2135979,20e914c0188334b61720c42ec1c8898d26c4601d6a9021964ad9d2fb1a80a8a76eb41a3457df631fa54d06886f3a3562f34f8e9fbf017c79c87a8d86771f7949,08/24/2025 08:48:00 PM,2,PARKED,,2036192,,HONDA,FIT,IL,2010,NONE,PASSENGER,PERSONAL,W,PARKED,,,0,,,,,Y,Y,Y,Y,Y,,Y,Y,Y,Y,Y,Y,,FRONT-LEFT-CORNER,,,,,,,,,,,,,,,,,,,,,,,,,,,,,,,,,
2135980,20e914c0188334b61720c42ec1c8898d26c4601d6a9021964ad9d2fb1a80a8a76eb41a3457df631fa54d06886f3a3562f34f8e9fbf017c79c87a8d86771f7949,08/24/2025 08:48:00 PM,3,PARKED,,2036199,,JEEP,GRAND CHEROKEE,IL,2022,NONE,PASSENGER,PERSONAL,W,PARKED,,,0,,,,,Y,,,,,,Y,Y,Y,Y,Y,Y,,FRONT-LEFT-CORNER,,,,,,,,,,,,,,,,,,,,,,,,,,,,,,,,,
2135981,20e914c0188334b61720c42ec1c8898d26c4601d6a9021964ad9d2fb1a80a8a76eb41a3457df631fa54d06886f3a3562f34f8e9fbf017c79c87a8d86771f7949,08/24/2025 08:48:00 PM,4,PARKED,,2036203,,MITSUBISHI,LANCER,,2002,NONE,PASSENGER,PERSONAL,UNKNOWN,PARKED,,,0,,,,,Y,Y,Y,Y,Y,,Y,Y,Y,Y,Y,Y,,SIDE-LEFT-FRONT,,,,,,,,,,,,,,,,,,,,,,,,,,,,,,,,,
2135982,20e914c0188334b61720c42ec1c8898d26c4601d6a9021964ad9d2fb1a80a8a76eb41a3457df631fa54d06886f3a3562f34f8e9fbf017c79c87a8d86771f7949,08/24/2025 08:48:00 PM,5,PARKED,,2036209,,KIA,SPECTRA,IL,2003,NONE,PASSENGER,PERSONAL,UNKNOWN,PARKED,,,0,,,,,Y,Y,Y,Y,Y,,Y,Y,Y,Y,Y,Y,,SIDE-LEFT,,,,,,,,,,,,,,,,,,,,,,,,,,,,,,,,,
2136047,0e71ba24ccbe5e988f8b80f1ccb010a4cb33d61f57d0fef17489c4f6dde70335c562e5f3ffbeb5c75233099affa1459da1d7563f2725123a6c3e32d27b3e0fca,08/24/2025 08:45:00 PM,1,DRIVER,,2036239,,FORD,TRANSIT CONNECT,IL,2013,NONE,VAN/MINI-VAN,PERSONAL,W,STRAIGHT AHEAD,Y,,1,,CITY OF CHICAGO,POUND,,,Y,,,,,,,Y,,,,,SIDE-LEFT,,,,,,,,,,,,,,,,,,,,,,,,,,,,,,,,,
2136048,0e71ba24ccbe5e988f8b80f1ccb010a4cb33d61f57d0fef17489c4f6dde70335c562e5f3ffbeb5c75233099affa1459da1d7563f2725123a6c3e32d27b3e0fca,08/24/2025 08:45:00 PM,2,PARKED,,2036249,,FORD,EXPLORER,IL,2017,NONE,SPORT UTILITY VEHICLE (SUV),POLICE,W,PARKED,,,0,,,,Y,,,,,,,,,,,,,,SIDE-RIGHT,,,,,,,,,,,,,,,,,,,,,,,,,,,,,,,,,
2135999,0fa88a8fce4be44196bee83598564adb30573cb7165a89fb3ae38f1d5af4f0fcd18275f6c6c4a790a0849e148745c9a09aeaf18188bbd9b0ea31c717fa1140b1,08/24/2025 08:45:00 PM,1,DRIVER,,2036191,,GENERAL MOTORS CORPORATION (GMC),SIERRA,IA,2021,NONE,PICKUP,OTHER,W,CHANGING LANES,,,1,,,,,Y,,,,,,,,,,,,,FRONT-RIGHT-CORNER,,,,,,,,,,,,,,,,,,,,,,,,,,,,,,,,,
2136000,0fa88a8fce4be44196bee83598564adb30573cb7165a89fb3ae38f1d5af4f0fcd18275f6c6c4a790a0849e148745c9a09aeaf18188bbd9b0ea31c717fa1140b1,08/24/2025 08:45:00 PM,2,DRIVER,,2036201,,TOYOTA,HIGHLANDER,IL,2021,NONE,SPORT UTILITY VEHICLE (SUV),PERSONAL,W,STRAIGHT AHEAD,,,1,,,,,,,,,,,,,Y,,,,,SIDE-LEFT,,,,,,,,,,,,,,,,,,,,,,,,,,,,,,,,,
2136161,e99c194dba6829464fc7d8e89fc422bcad3e3bcef22813a9ff3d08a28e81fff543d08e7cadbe459ae725b4165fb3e3c2d55fce1464abe1763b5e3ab5f3ae4839,08/24/2025 08:45:00 PM,1,DRIVER,,2036354,,UNKNOWN,OTHER (EXPLAIN IN NARRATIVE),,,UNKNOWN,PASSENGER,PERSONAL,W,STRAIGHT AHEAD,,,1,,,,,,,,,,,,,,,,,Y,UNKNOWN,,,,,,,,,,,,,,,,,,,,,,,,,,,,,,,,,
2136162,e99c194dba6829464fc7d8e89fc422bcad3e3bcef22813a9ff3d08a28e81fff543d08e7cadbe459ae725b4165fb3e3c2d55fce1464abe1763b5e3ab5f3ae4839,08/24/2025 08:45:00 PM,2,DRIVER,,2036357,,HONDA,CIVIC,IL,2024,NONE,PASSENGER,PERSONAL,W,STRAIGHT AHEAD,,,1,,,,,,,,,,,Y,Y,Y,Y,,,,SIDE-LEFT,,,,,,,,,,,,,,,,,,,,,,,,,,,,,,,,,
2136255,9bccb4eb9bc886edd52640d20a53849e285fc438fd8ea9883c277de47b7c203c0446a38f6ea07c5e8c55d1277594015039688710b9ea079a66b71bd34bdf3102,08/24/2025 08:40:00 PM,1,DRIVER,,2036443,,LINCOLN,NAVIGATOR,,,UNKNOWN,SPORT UTILITY VEHICLE (SUV),UNKNOWN/NA,E,BACKING,,,1,,,,,,,,,,,,,,,,,Y,UNKNOWN,,,,,,,,,,,,,,,,,,,,,,,,,,,,,,,,,
2136256,9bccb4eb9bc886edd52640d20a53849e285fc438fd8ea9883c277de47b7c203c0446a38f6ea07c5e8c55d1277594015039688710b9ea079a66b71bd34bdf3102,08/24/2025 08:40:00 PM,2,PARKED,,2036454,,RIVIAN,R1S,IL,2024,UNKNOWN,SPORT UTILITY VEHICLE (SUV),NOT IN USE,E,PARKED,,,0,,,,,,,,,,,Y,Y,,,,,,REAR-LEFT-CORNER,,,,,,,,,,,,,,,,,,,,,,,,,,,,,,,,,
2136086,b55bb6ea82d027ff55d158aa48e372fe4b4fcda091bbe56db3905a52c09772386828394f9f0827229e1a88c6198076a9cdaa3209e08b49d02c31b05975743bec,08/24/2025 08:40:00 PM,1,DRIVER,,2036287,,FORD,F250,IL,2013,UNKNOWN,PICKUP,TOW TRUCK,S,UNKNOWN/NA,,,1,,,,N,,,,,,,,,,Y,Y,Y,,SIDE-LEFT-FRONT,,,,,,,,,,,,,,,,,,,,,,,,,,,,,,,,,
2136087,b55bb6ea82d027ff55d158aa48e372fe4b4fcda091bbe56db3905a52c09772386828394f9f0827229e1a88c6198076a9cdaa3209e08b49d02c31b05975743bec,08/24/2025 08:40:00 PM,2,DRIVER,2,2036290,,FORD,EXPLORER,IL,2015,UNKNOWN,PASSENGER,PERSONAL,S,UNKNOWN/NA,,,3,,,,,Y,Y,Y,,,,,,,,,Y,,FRONT-RIGHT-CORNER,,,,,,,,,,,,,,,,,,,,,,,,,,,,,,,,,
2136015,47b3ad81d03f23aba0e2c2bab389f5acceccbafa197c14412cf9b57a038dc294d9c8bfaf2ecd6ac483262b68580f45043fbbcd3eab0e049979c80b1274bd6c12,08/24/2025 08:38:00 PM,1,DRIVER,1,2036210,,CHEVROLET,TAHOE,IL,2015,UNKNOWN,PASSENGER,PERSONAL,N,STRAIGHT AHEAD,,,2,,,,,,,,,,,,,,,Y,,,FRONT-LEFT-CORNER,,,,,,,,,,,,,,,,,,,,,,,,,,,,,,,,,
2136016,47b3ad81d03f23aba0e2c2bab389f5acceccbafa197c14412cf9b57a038dc294d9c8bfaf2ecd6ac483262b68580f45043fbbcd3eab0e049979c80b1274bd6c12,08/24/2025 08:38:00 PM,2,DRIVER,,2036217,,MITSUBISHI,OUTLANDER,IL,2016,UNKNOWN,PASSENGER,PERSONAL,N,STRAIGHT AHEAD,,,1,,,,,,,,,Y,,,,,,,,,SIDE-RIGHT-REAR,,,,,,,,,,,,,,,,,,,,,,,,,,,,,,,,,
2136697,c45f0b826b5ca38d6e936d0f9bcead40e9fcf4623afe927a6d16414755150e964f2dcbf1dd7e82f7d4e09ec1509ec376bf6398a36aacb55a6d5db0413e7a37b1,08/24/2025 08:30:00 PM,1,DRIVER,,2036872,,CADILLAC,XT5,IL,2024,UNKNOWN,SPORT UTILITY VEHICLE (SUV),UNKNOWN/NA,N,STRAIGHT AHEAD,,,1,,,,,,,,,,,,,,,,,Y,SIDE-RIGHT,,,,,,,,,,,,,,,,,,,,,,,,,,,,,,,,,
2136698,c45f0b826b5ca38d6e936d0f9bcead40e9fcf4623afe927a6d16414755150e964f2dcbf1dd7e82f7d4e09ec1509ec376bf6398a36aacb55a6d5db0413e7a37b1,08/24/2025 08:30:00 PM,2,DRIVER,,2036891,,VOLKSWAGEN,JETTA,IL,2013,UNKNOWN,PASSENGER,UNKNOWN/NA,N,STRAIGHT AHEAD,,,1,,,,,,,,,,,,,,,Y,Y,,FRONT-LEFT-CORNER,,,,,,,,,,,,,,,,,,,,,,,,,,,,,,,,,
2136027,b54c2979e879c97a8c1fe82ad5a7439f170baea20d01b11ed8998ce8beab7064d7687105e83e8c0a86a206e9a75a3cc636ecb724626fb0f5f8e5b220aa66aba3,08/24/2025 08:18:00 PM,1,DRIVER,,2036220,,ACURA,TLX,IL,2008,UNKNOWN,PASSENGER,UNKNOWN/NA,N,UNKNOWN/NA,Y,,1,,streets and sans #056372,103/doty,,Y,Y,,,,,,,,Y,Y,Y,,FRONT,,,,,,,,,,,,,,,,,,,,,,,,,,,,,,,,,
2135985,3bfd04dd0d9c2ba71688ca98ba86b04e474349e5851866d6041756fc786ec1f559eaf23d70714d000c125af4723b6a8c712ba05505be26056f6f4002508caa91,08/24/2025 08:15:00 PM,1,DRIVER,,2036182,,FORD,ECONOLINE E450,AZ,2025,NONE,TRUCK - SINGLE UNIT,PERSONAL,W,MERGING,,,1,,,,,,,,,,,,Y,Y,Y,Y,,,SIDE-LEFT,,,,,,,,,,,,,,,,,,,,,,,,,,,,,,,,,
2135986,3bfd04dd0d9c2ba71688ca98ba86b04e474349e5851866d6041756fc786ec1f559eaf23d70714d000c125af4723b6a8c712ba05505be26056f6f4002508caa91,08/24/2025 08:15:00 PM,2,DRIVER,,2036187,,HONDA,ACCORD,IL,2008,NONE,PASSENGER,PERSONAL,W,STRAIGHT AHEAD,,,1,,,,,Y,Y,Y,Y,Y,,,,,,,,,SIDE-RIGHT,,,,,,,,,,,,,,,,,,,,,,,,,,,,,,,,,
2135966,8e37101fc965192d76afe3b1ff21fc8d0d3774cfa73f38a1b1cabe624700ff7bbfb3ed3363bbdeac81867325331182f55afeb84ac7ab4b4f892fe096af2717b5,08/24/2025 08:15:00 PM,1,DRIVER,2,2036165,,HONDA,CR-V,IL,2022,NONE,SPORT UTILITY VEHICLE (SUV),PERSONAL,W,TURNING LEFT,Y,,3,,AVIATION TOW #19,ORD RELOCATION LOT,,,,Y,Y,Y,,,,,,,,,SIDE-RIGHT-REAR,,,,,,,,,,,,,,,,,,,,,,,,,,,,,,,,,
2135967,8e37101fc965192d76afe3b1ff21fc8d0d3774cfa73f38a1b1cabe624700ff7bbfb3ed3363bbdeac81867325331182f55afeb84ac7ab4b4f892fe096af2717b5,08/24/2025 08:15:00 PM,2,DRIVER,,2036177,,HONDA,CIVIC,IL,2013,NONE,PASSENGER,PERSONAL,S,STRAIGHT AHEAD,,,1,,,,,Y,,,,,,,,,,Y,Y,,FRONT,,,,,,,,,,,,,,,,,,,,,,,,,,,,,,,,,
2135976,c32fcc236aa0d5279c600c9c6559f50f4f5e3415989afb4d56f60b8dee44f1d5a7da2d39a776ca65995ddedd3da04e05098129466d5ab17182f9b74eed4d54a8,08/24/2025 08:15:00 PM,1,DRIVER,,2036542,,CHEVROLET,TRAX,IL,2019,UNKNOWN,SPORT UTILITY VEHICLE (SUV),UNKNOWN/NA,S,BACKING,,,1,,,,,,,,Y,Y,,,,,,,,,SIDE-RIGHT-REAR,,,,,,,,,,,,,,,,,,,,,,,,,,,,,,,,,
2135977,c32fcc236aa0d5279c600c9c6559f50f4f5e3415989afb4d56f60b8dee44f1d5a7da2d39a776ca65995ddedd3da04e05098129466d5ab17182f9b74eed4d54a8,08/24/2025 08:15:00 PM,2,PARKED,1,2036549,,MAZDA,OTHER (EXPLAIN IN NARRATIVE),IL,2002,UNKNOWN,UNKNOWN/NA,NOT IN USE,N,PARKED,,,1,,,,,,,,Y,Y,,,,,,,,,SIDE-RIGHT-REAR,,,,,,,,,,,,,,,,,,,,,,,,,,,,,,,,,
2136003,97d3270bae45e5be540e4f4d9454dd4f9a5e85accf27ec2f2718aaca6fae5d9f63d1be8e9d1cb11f2cbf35489559fcddc3db5525503e9d5f417256bc55539758,08/24/2025 08:10:00 PM,1,DRIVER,,2036193,,CHEVROLET,TRAX,IL,2019,NONE,PASSENGER,PERSONAL,UNKNOWN,BACKING,,,1,,,,,,,,,,,,,,,,,Y,UNKNOWN,,,,,,,,,,,,,,,,,,,,,,,,,,,,,,,,,
2136004,97d3270bae45e5be540e4f4d9454dd4f9a5e85accf27ec2f2718aaca6fae5d9f63d1be8e9d1cb11f2cbf35489559fcddc3db5525503e9d5f417256bc55539758,08/24/2025 08:10:00 PM,2,PARKED,,2036197,,MAZDA,PROTEGE,IL,2002,NONE,PASSENGER,PERSONAL,UNKNOWN,PARKED,,,0,,,,,,,,,Y,,,,,,,,,REAR-RIGHT-CORNER,,,,,,,,,,,,,,,,,,,,,,,,,,,,,,,,,
2136029,63675e88e983e82b179f9b9bfec7a53601a205e1e62364d73cc3db5303ccb77a7cd04214f991fd05bda1ff4fb0def57283466600c9a4a8667136aaa63eca55dc,08/24/2025 08:05:00 PM,1,DRIVER,,2036222,,CHEVROLET,CORVETTE,,2007,NONE,PASSENGER,PERSONAL,UNKNOWN,STRAIGHT AHEAD,Y,,1,,first choice towing,,,,,Y,Y,Y,Y,,,,,,,,SIDE-RIGHT-REAR,,,,,,,,,,,,,,,,,,,,,,,,,,,,,,,,,
2136030,63675e88e983e82b179f9b9bfec7a53601a205e1e62364d73cc3db5303ccb77a7cd04214f991fd05bda1ff4fb0def57283466600c9a4a8667136aaa63eca55dc,08/24/2025 08:05:00 PM,2,PARKED,,2036225,,KIA,SPORTAGE,,2023,NONE,SPORT UTILITY VEHICLE (SUV),PERSONAL,UNKNOWN,PARKED,,,0,,,,,,,,,Y,Y,,,,,,,,REAR,,,,,,,,,,,,,,,,,,,,,,,,,,,,,,,,,
2136039,63675e88e983e82b179f9b9bfec7a53601a205e1e62364d73cc3db5303ccb77a7cd04214f991fd05bda1ff4fb0def57283466600c9a4a8667136aaa63eca55dc,08/24/2025 08:05:00 PM,3,PARKED,,2036233,,CHEVROLET,MALIBU,,2017,NONE,PASSENGER,PERSONAL,NW,PARKED,,,0,,,,,,,,,,,,,,,,,,REAR,,,,,,,,,,,,,,,,,,,,,,,,,,,,,,,,,
2136001,789275087c8f8d470ebe2af0afdb45ee54fcf7928b67b6df3300baa121fb3baa2af2d884762e763c83d4fcd99bb55eb108b1de352ff7b9131631529f632bcce2,08/24/2025 08:05:00 PM,1,DRIVER,,2036235,,LINCOLN,NAUTILUS,IL,2023,UNKNOWN,PASSENGER,TAXI/FOR HIRE,N,BACKING,,,1,,,,,,,,,,Y,,,,,,,,REAR,,,,,,,,,,,,,,,,,,,,,,,,,,,,,,,,,
2136002,789275087c8f8d470ebe2af0afdb45ee54fcf7928b67b6df3300baa121fb3baa2af2d884762e763c83d4fcd99bb55eb108b1de352ff7b9131631529f632bcce2,08/24/2025 08:05:00 PM,2,DRIVER,,2036246,,HONDA,ACCORD,IL,2013,NONE,PASSENGER,PERSONAL,W,STRAIGHT AHEAD,,,1,,,,,,,Y,Y,,,,,,,,,,SIDE-RIGHT-REAR,,,,,,,,,,,,,,,,,,,,,,,,,,,,,,,,,
2136017,1955fb40edf8f408f74e1e4c23568aa7985f84860002b14e454ceefed44dfb504a1ea97269f525572f2807dc593c9c5173988bd49ff42578b672d30172c3d7f5,08/24/2025 08:00:00 PM,1,DRIVER,,2036211,,"(HOMEMADE MOTORCYCLE, MOPED.ETC.)","(HOMEMADE MOTORCYCLE, MOPED.ETC.)",,,UNKNOWN,PASSENGER,UNKNOWN/NA,S,STRAIGHT AHEAD,,,1,,,,,Y,Y,Y,,,,,,,,,,,SIDE-RIGHT,,,,,,,,,,,,,,,,,,,,,,,,,,,,,,,,,
2136018,1955fb40edf8f408f74e1e4c23568aa7985f84860002b14e454ceefed44dfb504a1ea97269f525572f2807dc593c9c5173988bd49ff42578b672d30172c3d7f5,08/24/2025 08:00:00 PM,2,DRIVER,,2036219,,KIA,SOUL,IL,2020,NONE,PASSENGER,PERSONAL,S,STRAIGHT AHEAD,,,1,,,,,,,,,,,,Y,Y,Y,,,,SIDE-LEFT,,,,,,,,,,,,,,,,,,,,,,,,,,,,,,,,,
2135995,ee1813c85d3637bcfa9ac1b95423d8c88689d23d0b186d996b8827e7f80ee8967aa9add2501553726ef803d0c73c79643682f5cd9843482ee9a7214d393b56e8,08/24/2025 07:51:00 PM,1,DRIVER,,2036198,,MERCEDES-BENZ,G-CLASS,IL,2013,UNKNOWN,PASSENGER,PERSONAL,E,STRAIGHT AHEAD,,,1,,,,,N,,,,,,,,,,,,,FRONT-RIGHT-CORNER,,,,,,,,,,,,,,,,,,,,,,,,,,,,,,,,,
2135996,ee1813c85d3637bcfa9ac1b95423d8c88689d23d0b186d996b8827e7f80ee8967aa9add2501553726ef803d0c73c79643682f5cd9843482ee9a7214d393b56e8,08/24/2025 07:51:00 PM,2,BICYCLE,,,,,,,,,,,,,,,,,,,,,,,,,,,,,,,,,,,,,,,,,,,,,,,,,,,,,,,,,,,,,,,,,,
2135983,ffb89cf105bc450c949daeb2ffb87e5890772ae218f30d11008aee220ab6ba30ae0983dd976524c806badc89483fee907ace887e6d016b946101593e69c59b22,08/24/2025 07:50:00 PM,1,DRIVER,,2036185,N,NOVA BUS,OTHER (EXPLAIN IN NARRATIVE),IL,,NONE,BUS OVER 15 PASS.,CTA,S,TURNING LEFT,,,1,,,,,,,,,,,Y,,,,,,,REAR-LEFT-CORNER,,,,,,,,,,,,,,,,,,,,,,,,,,,,,,,,,
2135984,ffb89cf105bc450c949daeb2ffb87e5890772ae218f30d11008aee220ab6ba30ae0983dd976524c806badc89483fee907ace887e6d016b946101593e69c59b22,08/24/2025 07:50:00 PM,2,DRIVER,1,2036181,,CHEVROLET,AVALANCHE,IL,2007,NONE,TRUCK - SINGLE UNIT,PERSONAL,W,SLOW/STOP IN TRAFFIC,,,2,,,,,,,,,,,,,,,Y,,,FRONT-LEFT-CORNER,,,,,,,,,,,,,,,,,,,,,,,,,,,,,,,,,
2136013,de986b6d568201d8e5dc29c9cf397f7a74c4c7e73941349a70483ae5e49e8cda9605c2dfc459b579b51c231f18cd32193a783a843481fd178fd65ea3f7effb4a,08/24/2025 07:48:00 PM,1,DRIVER,1,2036207,,DODGE,JOURNEY,IL,2019,UNKNOWN,PASSENGER,UNKNOWN/NA,S,STRAIGHT AHEAD,,,2,,,,,,,,,Y,Y,Y,,,,,,,FRONT-RIGHT-CORNER,,,,,,,,,,,,,,,,,,,,,,,,,,,,,,,,,
2136014,de986b6d568201d8e5dc29c9cf397f7a74c4c7e73941349a70483ae5e49e8cda9605c2dfc459b579b51c231f18cd32193a783a843481fd178fd65ea3f7effb4a,08/24/2025 07:48:00 PM,2,DRIVER,,2036216,,MITSUBISHI,OUTLANDER,FL,2021,UNKNOWN,PASSENGER,UNKNOWN/NA,S,STRAIGHT AHEAD,,,1,,,,,,,,,,,Y,Y,,,,,,REAR-LEFT-CORNER,,,,,,,,,,,,,,,,,,,,,,,,,,,,,,,,,
2137888,5fa2b146052e99309976217231f70f69f9dc9e0a7dfa5e94565989250ee1b72168311b2bd9957bd044e53c8615d1513856abfba186f607ec6c50a7c418689bb6,08/24/2025 07:45:00 PM,1,DRIVER,,2038000,,TOYOTA,COROLLA,IL,2003,NONE,PASSENGER,PERSONAL,UNKNOWN,TURNING LEFT,,,1,,,,,,,,,,,,,,,Y,,,FRONT-LEFT-CORNER,,,,,,,,,,,,,,,,,,,,,,,,,,,,,,,,,