CRASH_UNIT_ID,CRASH_RECORD_ID,CRASH_DATE,UNIT_NO,UNIT_TYPE,NUM_PASSENGERS,VEHICLE_ID,CMRC_VEH_I,MAKE,MODEL,LIC_PLATE_STATE,VEHICLE_YEAR,VEHICLE_DEFECT,VEHICLE_TYPE,VEHICLE_USE,TRAVEL_DIRECTION,MANEUVER,TOWED_I,FIRE_I,OCCUPANT_CNT,EXCEED_SPEED_LIMIT_I,TOWED_BY,TOWED_TO,AREA_00_I,AREA_01_I,AREA_02_I,AREA_03_I,AREA_04_I,AREA_05_I,AREA_06_I,AREA_07_I,AREA_08_I,AREA_09_I,AREA_10_I,AREA_11_I,AREA_12_I,AREA_99_I,FIRST_CONTACT_POINT,CMV_ID,USDOT_NO,CCMC_NO,ILCC_NO,COMMERCIAL_SRC,GVWR,CARRIER_NAME,CARRIER_STATE,CARRIER_CITY,HAZMAT_PLACARDS_I,HAZMAT_NAME,UN_NO,HAZMAT_PRESENT_I,HAZMAT_REPORT_I,HAZMAT_REPORT_NO,MCS_REPORT_I,MCS_REPORT_NO,HAZMAT_VIO_CAUSE_CRASH_I,MCS_VIO_CAUSE_CRASH_I,IDOT_PERMIT_NO,WIDE_LOAD_I,TRAILER1_WIDTH,TRAILER2_WIDTH,TRAILER1_LENGTH,TRAILER2_LENGTH,TOTAL_VEHICLE_LENGTH,AXLE_CNT,VEHICLE_CONFIG,CARGO_BODY_TYPE,LOAD_TYPE,HAZMAT_OUT_OF_SERVICE_I,MCS_OUT_OF_SERVICE_I,HAZMAT_CLASS
2137889,5fa2b146052e99309976217231f70f69f9dc9e0a7dfa5e94565989250ee1b72168311b2bd9957bd044e53c8615d1513856abfba186f607ec6c50a7c418689bb6,08/24/2025 07:45:00 PM,2,DRIVER,,2037994,,CHEVROLET,MALIBU,IL,2019,NONE,PASSENGER,PERSONAL,N,SLOW/STOP IN TRAFFIC,,,1,,,,,,,,,,,,,,,Y,,,FRONT-LEFT-CORNER,,,,,,,,,,,,,,,,,,,,,,,,,,,,,,,,,
2135968,594c635213895bbb10677ded8f4e4b998c389349d47781b103e99c94eb1f43d1ac7724a954b70694428196f7d88aed3007aa1e24bc3c5d451d6de138845873f8,08/24/2025 07:41:00 PM,1,BICYCLE,,,,,,,,,,,,,,,,,,,,,,,,,,,,,,,,,,,,,,,,,,,,,,,,,,,,,,,,,,,,,,,,,,
2135969,594c635213895bbb10677ded8f4e4b998c389349d47781b103e99c94eb1f43d1ac7724a954b70694428196f7d88aed3007aa1e24bc3c5d451d6de138845873f8,08/24/2025 07:41:00 PM,2,DRIVER,,2036167,,LEXUS,RX350,IL,2025,NONE,PASSENGER,PERSONAL,N,SLOW/STOP IN TRAFFIC,,,1,,,,,,,,,,,Y,Y,Y,,,,,SIDE-LEFT-REAR,,,,,,,,,,,,,,,,,,,,,,,,,,,,,,,,,
2135953,f14aea58ac7da0a5e22fab129225708e29f0a52f313bd23a3e518480e0e51f63fbd334bd536dc1ab434052266aa687fa3ed082e2917deefaf47ab3344680df11,08/24/2025 07:41:00 PM,1,DRIVER,,2036152,,GENERAL MOTORS CORPORATION (GMC),ACADIA,IL,2012,NONE,PASSENGER,PERSONAL,W,TURNING LEFT,,,1,,,,,Y,Y,,,,,,,,,,Y,,FRONT-RIGHT-CORNER,,,,,,,,,,,,,,,,,,,,,,,,,,,,,,,,,
2135954,f14aea58ac7da0a5e22fab129225708e29f0a52f313bd23a3e518480e0e51f63fbd334bd536dc1ab434052266aa687fa3ed082e2917deefaf47ab3344680df11,08/24/2025 07:41:00 PM,2,DRIVER,,2036153,,BUICK,LACROSSE,IL,2007,NONE,PASSENGER,PERSONAL,N,STRAIGHT AHEAD,Y,,1,,PRIVATE TOW,UNK,,Y,Y,Y,Y,Y,,,,,,,,,FRONT-RIGHT-CORNER,,,,,,,,,,,,,,,,,,,,,,,,,,,,,,,,,
2135957,e70f08d3e564186fcfdfd68b3465208993963d76568cafcbb8f3e4205d573819102949d9b535c7d33817e92397ff4625720a6838928abf8501354a94d2c5fcfe,08/24/2025 07:04:00 PM,1,DRIVER,,2036156,,ACURA,ADX,,,UNKNOWN,UNKNOWN/NA,UNKNOWN/NA,UNKNOWN,UNKNOWN/NA,,,1,,,,,,,,,,,,,,,,,Y,UNKNOWN,,,,,,,,,,,,,,,,,,,,,,,,,,,,,,,,,
2135958,e70f08d3e564186fcfdfd68b3465208993963d76568cafcbb8f3e4205d573819102949d9b535c7d33817e92397ff4625720a6838928abf8501354a94d2c5fcfe,08/24/2025 07:04:00 PM,2,DRIVER,2,2036157,,DODGE,GRAND CARAVAN,IL,2006,UNKNOWN,PASSENGER,PERSONAL,W,STRAIGHT AHEAD,Y,,3,,STREETS AND SANITATION,POUND 6,,Y,Y,,,,,,,,,,,,UNKNOWN,,,,,,,,,,,,,,,,,,,,,,,,,,,,,,,,,
2137524,153a4de0d3e2793dec6ecf80920c40f31e20b9094eebd3d3244f512889138da5ca50d035e77dd3b2a4a5a6c7c125fb4e5e25d3d8f41c69f05e12066785cf96cf,08/24/2025 07:00:00 PM,1,DRIVER,,2037653,,NISSAN,ALTIMA,IL,2014,UNKNOWN,PASSENGER,UNKNOWN/NA,N,STRAIGHT AHEAD,,,1,,,,,,,,,,,,,,,,,Y,FRONT,,,,,,,,,,,,,,,,,,,,,,,,,,,,,,,,,
2137525,153a4de0d3e2793dec6ecf80920c40f31e20b9094eebd3d3244f512889138da5ca50d035e77dd3b2a4a5a6c7c125fb4e5e25d3d8f41c69f05e12066785cf96cf,08/24/2025 07:00:00 PM,2,DRIVER,,2037657,,HONDA,ACCORD,IL,2023,NONE,PASSENGER,PERSONAL,N,SLOW/STOP IN TRAFFIC,,,1,,,,,,,,,Y,Y,Y,,,,,,,REAR,,,,,,,,,,,,,,,,,,,,,,,,,,,,,,,,,
2135941,37883a403558592fa9d07e9cb146a391f18a6652f013a0c7c8d5143e2270f30eb32d01f5c3e419f1ae34be7c44d302c77c4efd9bd8f6c4ffd82233c1c04cda6a,08/24/2025 06:55:00 PM,1,DRIVER,2,2036163,,CHEVROLET,SILVERADO,IL,2024,NONE,TRUCK - SINGLE UNIT,PERSONAL,N,STRAIGHT AHEAD,,,3,,,,,,,,,Y,Y,,,,,,,,REAR-RIGHT-CORNER,,,,,,,,,,,,,,,,,,,,,,,,,,,,,,,,,
2135942,37883a403558592fa9d07e9cb146a391f18a6652f013a0c7c8d5143e2270f30eb32d01f5c3e419f1ae34be7c44d302c77c4efd9bd8f6c4ffd82233c1c04cda6a,08/24/2025 06:55:00 PM,2,DRIVER,,2036166,,TOYOTA,COROLLA,IL,2025,NONE,PASSENGER,PERSONAL,W,STRAIGHT AHEAD,Y,,1,,ROSAS TOWING,UNKNOWN,,Y,Y,,,,,,,,Y,Y,Y,,FRONT,,,,,,,,,,,,,,,,,,,,,,,,,,,,,,,,,
2136028,8172f5ad2dbe2689438fd4624568981e2e0ddb790cea37d83b1d879aa1fa57038c4d8f1ab6c1bc8e5bf2c51a733dfbca88deaf863dff30052d4f773209e86d72,08/24/2025 06:52:00 PM,1,DRIVER,,2036226,,UNKNOWN,MOTORIZED,XX,,UNKNOWN,UNKNOWN/NA,UNKNOWN/NA,UNKNOWN,UNKNOWN/NA,,,1,,,,,,,,,,,,,,,,,Y,UNKNOWN,,,,,,,,,,,,,,,,,,,,,,,,,,,,,,,,,
2136031,8172f5ad2dbe2689438fd4624568981e2e0ddb790cea37d83b1d879aa1fa57038c4d8f1ab6c1bc8e5bf2c51a733dfbca88deaf863dff30052d4f773209e86d72,08/24/2025 06:52:00 PM,2,PARKED,,2036224,,TOYOTA,CAMRY,IL,2018,UNKNOWN,PASSENGER,PERSONAL,W,PARKED,,,0,,,,,Y,,,,,,,,,,Y,Y,,FRONT,,,,,,,,,,,,,,,,,,,,,,,,,,,,,,,,,
2136228,e482e7c37bf49d1b904e814cc9b2233a4b435f7f458ae66a70b74abf8039e87774dbb15ccaa9665ace0e86540a3f7d1aab2bc0a8dbcf7861fc7d081ab408d886,08/24/2025 06:50:00 PM,2,DRIVER,,2036419,,BMW,330I,IL,2006,NONE,PASSENGER,PERSONAL,S,TURNING LEFT,,,1,,,,,,,,,,,,,,,,Y,,FRONT-RIGHT-CORNER,,,,,,,,,,,,,,,,,,,,,,,,,,,,,,,,,
2136229,e482e7c37bf49d1b904e814cc9b2233a4b435f7f458ae66a70b74abf8039e87774dbb15ccaa9665ace0e86540a3f7d1aab2bc0a8dbcf7861fc7d081ab408d886,08/24/2025 06:50:00 PM,1,DRIVER,,2036423,,DODGE,GRAND CARAVAN,IL,2019,NONE,VAN/MINI-VAN,PERSONAL,N,STRAIGHT AHEAD,,,1,,,,,,,,,,,,,,,,Y,,FRONT,,,,,,,,,,,,,,,,,,,,,,,,,,,,,,,,,
2135970,23f3c5509849c21da6a1a740adaaa11a67a5cee401a40469bccc19acb528466ce6147dee147425c576d0e0a8919dd7cb44e640522abc31a6e63d73155623fbb2,08/24/2025 06:45:00 PM,1,DRIVER,,2036173,,CHEVROLET,EQUINOX,IL,2019,UNKNOWN,SPORT UTILITY VEHICLE (SUV),PERSONAL,W,TURNING LEFT,,,1,,,,Y,,,,,,,,,,,,,,SIDE-LEFT-FRONT,,,,,,,,,,,,,,,,,,,,,,,,,,,,,,,,,
2135971,23f3c5509849c21da6a1a740adaaa11a67a5cee401a40469bccc19acb528466ce6147dee147425c576d0e0a8919dd7cb44e640522abc31a6e63d73155623fbb2,08/24/2025 06:45:00 PM,2,PEDESTRIAN,,,,,,,,,,,,,,,,,,,,,,,,,,,,,,,,,,,,,,,,,,,,,,,,,,,,,,,,,,,,,,,,,,
2135961,e7c0ed062f1af5318a3bd226c1e344fe39906aa0f503d14c2cf66a1d37f0d57180c2ea04d7128b1791fe02d6d9b10277c343ee470d8df615c9d4985d0eddeec0,08/24/2025 06:45:00 PM,1,DRIVER,1,2036162,,NISSAN,MAXIMA,IL,2016,NONE,PASSENGER,PERSONAL,E,PASSING/OVERTAKING,Y,,2,,,,,N,Y,,,,,,Y,,,Y,Y,,FRONT-RIGHT-CORNER,,,,,,,,,,,,,,,,,,,,,,,,,,,,,,,,,
2135962,e7c0ed062f1af5318a3bd226c1e344fe39906aa0f503d14c2cf66a1d37f0d57180c2ea04d7128b1791fe02d6d9b10277c343ee470d8df615c9d4985d0eddeec0,08/24/2025 06:45:00 PM,2,DRIVER,1,2036164,,TOYOTA,SEQUOIA,IL,2003,NONE,VAN/MINI-VAN,PERSONAL,E,STRAIGHT AHEAD,,,2,,,,,,Y,Y,Y,,,,,,,,,,SIDE-RIGHT,,,,,,,,,,,,,,,,,,,,,,,,,,,,,,,,,
2135963,e7c0ed062f1af5318a3bd226c1e344fe39906aa0f503d14c2cf66a1d37f0d57180c2ea04d7128b1791fe02d6d9b10277c343ee470d8df615c9d4985d0eddeec0,08/24/2025 06:45:00 PM,3,PARKED,,2036168,,TOYOTA,PRIUS,IL,2012,NONE,PASSENGER,NOT IN USE,E,PARKED,,,0,,,,,,,,,,,Y,Y,,,,,,SIDE-LEFT-REAR,,,,,,,,,,,,,,,,,,,,,,,,,,,,,,,,,
2135964,e7c0ed062f1af5318a3bd226c1e344fe39906aa0f503d14c2cf66a1d37f0d57180c2ea04d7128b1791fe02d6d9b10277c343ee470d8df615c9d4985d0eddeec0,08/24/2025 06:45:00 PM,4,PARKED,,2036171,,CHEVROLET,COLORADO,IL,2025,NONE,PICKUP,NOT IN USE,E,PARKED,,,0,,,,,,,,,,,Y,Y,,,,Y,,SIDE-LEFT-REAR,,,,,,,,,,,,,,,,,,,,,,,,,,,,,,,,,
2135965,e7c0ed062f1af5318a3bd226c1e344fe39906aa0f503d14c2cf66a1d37f0d57180c2ea04d7128b1791fe02d6d9b10277c343ee470d8df615c9d4985d0eddeec0,08/24/2025 06:45:00 PM,5,PARKED,,2036174,,TOYOTA,RAV4,IL,2012,NONE,SPORT UTILITY VEHICLE (SUV),NOT IN USE,E,PARKED,,,0,,,,,,,,,,Y,,,,,,,,REAR,,,,,,,,,,,,,,,,,,,,,,,,,,,,,,,,,
2138141,c161c409c3f14aeadc0f32e4a2dd57f244b292c5a1d3827c66e37760a9471a79c9b3640753b4e84661e5b24a4f6237a3e3f0ba596a8b42d85289b629be632f30,08/24/2025 06:40:00 PM,1,DRIVER,1,2038218,,CHEVROLET,MALIBU,IL,2009,NONE,PASSENGER,PERSONAL,S,CHANGING LANES,,,2,,,,,,,,,,,,,,,Y,,,SIDE-LEFT-FRONT,,,,,,,,,,,,,,,,,,,,,,,,,,,,,,,,,
2138142,c161c409c3f14aeadc0f32e4a2dd57f244b292c5a1d3827c66e37760a9471a79c9b3640753b4e84661e5b24a4f6237a3e3f0ba596a8b42d85289b629be632f30,08/24/2025 06:40:00 PM,2,DRIVER,,2038219,,CHEVROLET,TRAX,IL,2022,UNKNOWN,PASSENGER,UNKNOWN/NA,S,STRAIGHT AHEAD,,,1,,,,,Y,Y,,,,,,,,,,,,SIDE-RIGHT-FRONT,,,,,,,,,,,,,,,,,,,,,,,,,,,,,,,,,
2136340,7d5d5ac344f04e2ae86be5e157a668aaf9411c26544438de2a54444769f97c104d6ab95b3fd71a5536ad2a48bf0fee254108ec0cfe65512fbd71f507213244a9,08/24/2025 06:30:00 PM,1,DRIVER,,2036535,,UNKNOWN,OTHER (EXPLAIN IN NARRATIVE),,,UNKNOWN,UNKNOWN/NA,UNKNOWN/NA,UNKNOWN,UNKNOWN/NA,,,1,,,,,,,,,,,,,,,,,Y,UNKNOWN,,,,,,,,,,,,,,,,,,,,,,,,,,,,,,,,,
2136341,7d5d5ac344f04e2ae86be5e157a668aaf9411c26544438de2a54444769f97c104d6ab95b3fd71a5536ad2a48bf0fee254108ec0cfe65512fbd71f507213244a9,08/24/2025 06:30:00 PM,2,PARKED,,2036533,,MAZDA,CX-5,IL,2025,NONE,SPORT UTILITY VEHICLE (SUV),PERSONAL,W,PARKED,,,0,,,,,,,,,,,,,,,Y,,,FRONT-LEFT-CORNER,,,,,,,,,,,,,,,,,,,,,,,,,,,,,,,,,
2135943,57784b25afc6f34181dff364fc3e13b38e2f7662fefac1238de60c0896db6f1076417e640b72dbf29f746b3133389a968ac3f09be959688fbbd9f28ccfcf1571,08/24/2025 06:28:00 PM,1,DRIVER,1,2036147,,NISSAN,ROGUE,IL,2013,UNKNOWN,PASSENGER,PERSONAL,SW,TURNING LEFT,Y,,2,,,,,Y,,,,,,,,,,Y,Y,,FRONT,,,,,,,,,,,,,,,,,,,,,,,,,,,,,,,,,
2135944,57784b25afc6f34181dff364fc3e13b38e2f7662fefac1238de60c0896db6f1076417e640b72dbf29f746b3133389a968ac3f09be959688fbbd9f28ccfcf1571,08/24/2025 06:28:00 PM,2,DRIVER,,2036178,,CHEVROLET,EQUINOX,IL,2021,UNKNOWN,PASSENGER,PERSONAL,E,STRAIGHT AHEAD,Y,,1,,,,,N,,,,,,,,,,Y,Y,,FRONT-LEFT-CORNER,,,,,,,,,,,,,,,,,,,,,,,,,,,,,,,,,
2136019,fd89e91ff1bdc5755a7f9a059b52adbd53b9ff2a97d2423d42ddbf92c2a18ea3926588accd0e8fd5580d15e972f39bf3a98dc93b3f7a7fb331d218a6eee38152,08/24/2025 06:28:00 PM,1,DRIVER,,2036213,,UNKNOWN,OTHER (EXPLAIN IN NARRATIVE),,,UNKNOWN,UNKNOWN/NA,UNKNOWN/NA,UNKNOWN,UNKNOWN/NA,,,1,,,,,,,,,,,,,,,,,,UNKNOWN,,,,,,,,,,,,,,,,,,,,,,,,,,,,,,,,,
2136020,fd89e91ff1bdc5755a7f9a059b52adbd53b9ff2a97d2423d42ddbf92c2a18ea3926588accd0e8fd5580d15e972f39bf3a98dc93b3f7a7fb331d218a6eee38152,08/24/2025 06:28:00 PM,2,PARKED,,2036215,,JEEP,COMPASS,IL,2019,UNKNOWN,PASSENGER,NOT IN USE,N,PARKED,Y,,0,,PRIVATE,,,Y,,,,Y,Y,Y,,,,Y,Y,,UNKNOWN,,,,,,,,,,,,,,,,,,,,,,,,,,,,,,,,,
2135974,0cabd8bbec4a6a9e99bc733997bfd6b8890355453d978490f94505c8ed53d92cb918721255a73b7f8645b49facc12876a034349f7c818dce381b4a209d04ca62,08/24/2025 06:25:00 PM,1,DRIVER,,2036188,,INFINITI,OTHER (EXPLAIN IN NARRATIVE),IL,,UNKNOWN,PASSENGER,UNKNOWN/NA,N,STRAIGHT AHEAD,,,1,,,,,,,,,,,,,,,N,,,FRONT-LEFT-CORNER,,,,,,,,,,,,,,,,,,,,,,,,,,,,,,,,,
2135975,0cabd8bbec4a6a9e99bc733997bfd6b8890355453d978490f94505c8ed53d92cb918721255a73b7f8645b49facc12876a034349f7c818dce381b4a209d04ca62,08/24/2025 06:25:00 PM,2,PARKED,,2036176,,BUICK,VERANO,IL,2015,NONE,PASSENGER,PERSONAL,S,PARKED,,,0,,,,,,,,,,,,,,,Y,,,FRONT-LEFT-CORNER,,,,,,,,,,,,,,,,,,,,,,,,,,,,,,,,,
2135937,969b9c184338bd760429492e0c9b5981875efe3d5a4a20cf7e36c3d901dbe66e205afdf71e561693891299a4c22a8d96781aaeb8a83b6adcdd03914cc3065e6c,08/24/2025 06:24:00 PM,1,DRIVER,,2036141,,HYUNDAI,SANTA FE,IL,2010,NONE,PASSENGER,PERSONAL,W,U-TURN,Y,,1,,AD DESK,,,Y,Y,Y,,,,,,,,,,,FRONT-RIGHT-CORNER,,,,,,,,,,,,,,,,,,,,,,,,,,,,,,,,,
2135938,969b9c184338bd760429492e0c9b5981875efe3d5a4a20cf7e36c3d901dbe66e205afdf71e561693891299a4c22a8d96781aaeb8a83b6adcdd03914cc3065e6c,08/24/2025 06:24:00 PM,2,PARKED,1,2036143,,MERCURY,MARINER,IL,2008,NONE,PASSENGER,PERSONAL,E,PARKED,Y,,1,,PRIVATE TOW,,,,,,,,,,,,Y,N,,,SIDE-LEFT,,,,,,,,,,,,,,,,,,,,,,,,,,,,,,,,,
2136033,29c555e83ddcfb212024213ea18bffb1937ef4e75455f99a1b9585314aba5dd91ef06a6982d8f6e6a5b2dc8f1dff3a7b01476452e3b790a94b026ede77f55b6b,08/24/2025 06:20:00 PM,1,DRIVER,,2036267,,JEEP,GRAND CHEROKEE,IL,2004,NONE,PASSENGER,PERSONAL,S,STRAIGHT AHEAD,,,1,,,,,Y,,,,,,,,,,Y,Y,,FRONT,,,,,,,,,,,,,,,,,,,,,,,,,,,,,,,,,
2136034,29c555e83ddcfb212024213ea18bffb1937ef4e75455f99a1b9585314aba5dd91ef06a6982d8f6e6a5b2dc8f1dff3a7b01476452e3b790a94b026ede77f55b6b,08/24/2025 06:20:00 PM,2,DRIVER,,2036231,,TOYOTA,C-HR,IL,2022,NONE,PASSENGER,PERSONAL,E,STRAIGHT AHEAD,,,1,,,,,,,,,,,,Y,Y,Y,Y,,,SIDE-LEFT,,,,,,,,,,,,,,,,,,,,,,,,,,,,,,,,,
2135931,cae082cdb931b8b054714db6ccb3b40285e3d657c0803eb20e295d59632ea946f624debe510cf09a1bb52dab4af53889ed802b559bf44758ecff25c8e65cbf82,08/24/2025 06:20:00 PM,1,DRIVER,,2036129,,TOYOTA,RAV4,IL,2017,UNKNOWN,SPORT UTILITY VEHICLE (SUV),PERSONAL,E,STRAIGHT AHEAD,,,1,,,,,,,,,,,,,,,,Y,,FRONT,,,,,,,,,,,,,,,,,,,,,,,,,,,,,,,,,
2135932,cae082cdb931b8b054714db6ccb3b40285e3d657c0803eb20e295d59632ea946f624debe510cf09a1bb52dab4af53889ed802b559bf44758ecff25c8e65cbf82,08/24/2025 06:20:00 PM,2,DRIVER,1,2036146,,HYUNDAI,ACCENT,IL,2020,UNKNOWN,PASSENGER,PERSONAL,E,SLOW/STOP IN TRAFFIC,,,2,,,,,,,,,,Y,,,,,,,,REAR,,,,,,,,,,,,,,,,,,,,,,,,,,,,,,,,,
2137599,33ff1503f6bea430202bfd42f36fc47121eec004b543d26c198dcb660ca7999202e442742d12207d33f255f8feaaafffc901abca7dd5796180c6adf45552ea01,08/24/2025 06:14:00 PM,1,DRIVER,1,2037723,,FORD,FOCUS,IL,2012,UNKNOWN,PASSENGER,UNKNOWN/NA,S,STRAIGHT AHEAD,,,2,,,,,,,,,,,,,,,,Y,,FRONT,,,,,,,,,,,,,,,,,,,,,,,,,,,,,,,,,
2137600,33ff1503f6bea430202bfd42f36fc47121eec004b543d26c198dcb660ca7999202e442742d12207d33f255f8feaaafffc901abca7dd5796180c6adf45552ea01,08/24/2025 06:14:00 PM,2,DRIVER,,2037724,,CHEVROLET,C/K 2500,CA,2007,UNKNOWN,VAN/MINI-VAN,PERSONAL,S,STRAIGHT AHEAD,,,1,,,,,,,,,,Y,,,,,,,,REAR,,,,,,,,,,,,,,,,,,,,,,,,,,,,,,,,,
2137601,33ff1503f6bea430202bfd42f36fc47121eec004b543d26c198dcb660ca7999202e442742d12207d33f255f8feaaafffc901abca7dd5796180c6adf45552ea01,08/24/2025 06:14:00 PM,3,DRIVER,,2037725,,TOYOTA,COROLLA,IL,,UNKNOWN,PASSENGER,PERSONAL,S,SLOW/STOP IN TRAFFIC,,,1,,,,,,,,,,Y,,,,,,,,REAR,,,,,,,,,,,,,,,,,,,,,,,,,,,,,,,,,
2136790,637854a60bd99b1008745e67bed18553b47d547058743f62494ff0a10d23f00097dd0621c5c2df8be8c97ed53b140d8cfbffe9a87b78df54510139cef63e5483,08/24/2025 06:10:00 PM,1,DRIVER,,2036963,,TOYOTA,OTHER (EXPLAIN IN NARRATIVE),,,UNKNOWN,PASSENGER,PERSONAL,W,LEAVING TRAFFIC LANE TO PARK,,,1,,,,,,,,,,,,,,,,,Y,UNKNOWN,,,,,,,,,,,,,,,,,,,,,,,,,,,,,,,,,
2136791,637854a60bd99b1008745e67bed18553b47d547058743f62494ff0a10d23f00097dd0621c5c2df8be8c97ed53b140d8cfbffe9a87b78df54510139cef63e5483,08/24/2025 06:10:00 PM,2,PEDESTRIAN,,,,,,,,,,,,,,,,,,,,,,,,,,,,,,,,,,,,,,,,,,,,,,,,,,,,,,,,,,,,,,,,,,
2135910,8fac4133caab9842cd64ea319a3bbc03e7b7c956ec2e78d46f90e5ca7be282e2a96cdc36957375d7696894563069c8312407f5559be6b336f5f89da2cb220b65,08/24/2025 06:10:00 PM,1,DRIVER,,2036108,,TOYOTA,HIGHLANDER,IL,2012,UNKNOWN,PASSENGER,PERSONAL,NW,TURNING LEFT,Y,,1,,cpd,pound 1,,Y,,,,,,,,,Y,Y,Y,,FRONT,,,,,,,,,,,,,,,,,,,,,,,,,,,,,,,,,
2135911,8fac4133caab9842cd64ea319a3bbc03e7b7c956ec2e78d46f90e5ca7be282e2a96cdc36957375d7696894563069c8312407f5559be6b336f5f89da2cb220b65,08/24/2025 06:10:00 PM,2,DRIVER,,2036116,,CHEVROLET,TRAX,IL,2015,NONE,PASSENGER,PERSONAL,S,STRAIGHT AHEAD,Y,,1,,owner,residence,,Y,Y,Y,Y,,,,,,,Y,Y,,OTHER,,,,,,,,,,,,,,,,,,,,,,,,,,,,,,,,,
2135916,97a4416bb399107c4c7b2b43aed897d975468ee71772c80ee3903b2e82ff462e183512c5803bcf34e2b5593eaf58134e845bb7f78fcbaa4258aac2584662cceb,08/24/2025 06:08:00 PM,1,DRIVER,1,2036120,,FORD,ESCAPE,IL,2020,UNKNOWN,SPORT UTILITY VEHICLE (SUV),UNKNOWN/NA,S,STRAIGHT AHEAD,,,2,,,,,Y,,,,,,,,,,Y,Y,,FRONT,,,,,,,,,,,,,,,,,,,,,,,,,,,,,,,,,
2135917,97a4416bb399107c4c7b2b43aed897d975468ee71772c80ee3903b2e82ff462e183512c5803bcf34e2b5593eaf58134e845bb7f78fcbaa4258aac2584662cceb,08/24/2025 06:08:00 PM,2,DRIVER,1,2036124,,VOLKSWAGEN,TIGUAN,IL,2023,NONE,SPORT UTILITY VEHICLE (SUV),PERSONAL,S,PASSING/OVERTAKING,,,2,,,,,,,,,Y,Y,Y,,,,,,,REAR,,,,,,,,,,,,,,,,,,,,,,,,,,,,,,,,,
2135926,435fef308dbbd822bdd34f3689d5eeb8868fa6d913332c33e53be174b0d771d1861697e51879f63018aacb86061b11baa26bb7c70dc4758b64a2cbc3244da125,08/24/2025 06:05:00 PM,1,DRIVER,,2036131,,GENERAL MOTORS CORPORATION (GMC),ACADIA,IL,2013,NONE,PASSENGER,PERSONAL,W,TURNING RIGHT,Y,,1,,3RD PARTY,UNK,,,,,,,,,,,Y,Y,,,SIDE-LEFT-FRONT,,,,,,,,,,,,,,,,,,,,,,,,,,,,,,,,,
2135927,435fef308dbbd822bdd34f3689d5eeb8868fa6d913332c33e53be174b0d771d1861697e51879f63018aacb86061b11baa26bb7c70dc4758b64a2cbc3244da125,08/24/2025 06:05:00 PM,2,DRIVER,2,2036137,,FORD,ESCAPE,IL,2014,NONE,PASSENGER,PERSONAL,W,STRAIGHT AHEAD,,,3,,,,,Y,Y,Y,,,,,,,,,,,FRONT-RIGHT-CORNER,,,,,,,,,,,,,,,,,,,,,,,,,,,,,,,,,
2137282,56360055acee26d48ffaa38c8044a216d9623244d8e7b5e938fc913dd56608453555b594e77261dd5b751000a1bbad3116844a9129ab4dd99dedc5160e35da8b,08/24/2025 06:00:00 PM,1,DRIVER,,2037419,,UNKNOWN,MOTORIZED,IL,,UNKNOWN,UNKNOWN/NA,UNKNOWN/NA,UNKNOWN,UNKNOWN/NA,,,1,,,,,,,,,,,,,,,,,Y,UNKNOWN,,,,,,,,,,,,,,,,,,,,,,,,,,,,,,,,,
2137283,56360055acee26d48ffaa38c8044a216d9623244d8e7b5e938fc913dd56608453555b594e77261dd5b751000a1bbad3116844a9129ab4dd99dedc5160e35da8b,08/24/2025 06:00:00 PM,2,PARKED,,2037466,,JEEP,COMPASS,IL,2022,NONE,SPORT UTILITY VEHICLE (SUV),NOT IN USE,E,PARKED,,,0,,,,,Y,Y,Y,Y,Y,,,,,,,,,SIDE-RIGHT,,,,,,,,,,,,,,,,,,,,,,,,,,,,,,,,,
2135922,73554fa553cdc2d6d1c20959f3ec5e5351a9096f0e2c0f0f38bce2dce11c9eb16cbcc33b2d88c13f426edb8a6c7e150ac5c649327178b652080de87432a90009,08/24/2025 06:00:00 PM,1,DRIVER,1,2036125,,NISSAN,ROGUE,IL,2018,NONE,SPORT UTILITY VEHICLE (SUV),PERSONAL,W,STRAIGHT AHEAD,,,2,,,,,,,,,,,,,,,Y,Y,,FRONT-LEFT-CORNER,,,,,,,,,,,,,,,,,,,,,,,,,,,,,,,,,
2135923,73554fa553cdc2d6d1c20959f3ec5e5351a9096f0e2c0f0f38bce2dce11c9eb16cbcc33b2d88c13f426edb8a6c7e150ac5c649327178b652080de87432a90009,08/24/2025 06:00:00 PM,2,DRIVER,1,2036136,,HYUNDAI,SONATA,IL,2020,NONE,PASSENGER,PERSONAL,W,STRAIGHT AHEAD,,,2,,,,,Y,Y,Y,Y,,,,,,,,,,FRONT-RIGHT-CORNER,,,,,,,,,,,,,,,,,,,,,,,,,,,,,,,,,
2135908,7e1e810d2cb00c985e30b8ad872d66483b6514a06e1e3d8ffe02b1a21f289a05407a85ce121ba78e6923c7c8a9971b8ea1ffd435fd35893dd898c5556cab37a4,08/24/2025 06:00:00 PM,1,DRIVER,,2036106,,JEEP,CHEROKEE,,2020,UNKNOWN,UNKNOWN/NA,UNKNOWN/NA,UNKNOWN,UNKNOWN/NA,,,1,,,,,Y,,,,,,,,,,Y,Y,,FRONT,,,,,,,,,,,,,,,,,,,,,,,,,,,,,,,,,