CRASH_UNIT_ID,CRASH_RECORD_ID,CRASH_DATE,UNIT_NO,UNIT_TYPE,NUM_PASSENGERS,VEHICLE_ID,CMRC_VEH_I,MAKE,MODEL,LIC_PLATE_STATE,VEHICLE_YEAR,VEHICLE_DEFECT,VEHICLE_TYPE,VEHICLE_USE,TRAVEL_DIRECTION,MANEUVER,TOWED_I,FIRE_I,OCCUPANT_CNT,EXCEED_SPEED_LIMIT_I,TOWED_BY,TOWED_TO,AREA_00_I,AREA_01_I,AREA_02_I,AREA_03_I,AREA_04_I,AREA_05_I,AREA_06_I,AREA_07_I,AREA_08_I,AREA_09_I,AREA_10_I,AREA_11_I,AREA_12_I,AREA_99_I,FIRST_CONTACT_POINT,CMV_ID,USDOT_NO,CCMC_NO,ILCC_NO,COMMERCIAL_SRC,GVWR,CARRIER_NAME,CARRIER_STATE,CARRIER_CITY,HAZMAT_PLACARDS_I,HAZMAT_NAME,UN_NO,HAZMAT_PRESENT_I,HAZMAT_REPORT_I,HAZMAT_REPORT_NO,MCS_REPORT_I,MCS_REPORT_NO,HAZMAT_VIO_CAUSE_CRASH_I,MCS_VIO_CAUSE_CRASH_I,IDOT_PERMIT_NO,WIDE_LOAD_I,TRAILER1_WIDTH,TRAILER2_WIDTH,TRAILER1_LENGTH,TRAILER2_LENGTH,TOTAL_VEHICLE_LENGTH,AXLE_CNT,VEHICLE_CONFIG,CARGO_BODY_TYPE,LOAD_TYPE,HAZMAT_OUT_OF_SERVICE_I,MCS_OUT_OF_SERVICE_I,HAZMAT_CLASS
2135909,7e1e810d2cb00c985e30b8ad872d66483b6514a06e1e3d8ffe02b1a21f289a05407a85ce121ba78e6923c7c8a9971b8ea1ffd435fd35893dd898c5556cab37a4,08/24/2025 06:00:00 PM,2,DRIVER,1,2036118,,JEEP,COMPASS,,2019,UNKNOWN,UNKNOWN/NA,UNKNOWN/NA,UNKNOWN,UNKNOWN/NA,,,2,,,,,,,,,Y,Y,Y,,,,,,,REAR,,,,,,,,,,,,,,,,,,,,,,,,,,,,,,,,,
2135906,8888b2a81faf8ea7216ff0fd63b0b47e52c1b92b95469f5f4acaa15c1ed191697fe6ea400ecab8217a2ca647ba6f20e0782bbd6c5c25cb2a042c04b519fc7050,08/24/2025 06:00:00 PM,1,DRIVER,,2036113,,KAWASAKI,MOTORCYCLE,IL,2016,UNKNOWN,MOTORCYCLE (OVER 150CC),PERSONAL,S,STRAIGHT AHEAD,,,1,,,,,,,,,,,,,,,,,,UNKNOWN,,,,,,,,,,,,,,,,,,,,,,,,,,,,,,,,,
2135907,8888b2a81faf8ea7216ff0fd63b0b47e52c1b92b95469f5f4acaa15c1ed191697fe6ea400ecab8217a2ca647ba6f20e0782bbd6c5c25cb2a042c04b519fc7050,08/24/2025 06:00:00 PM,2,DRIVER,,2036128,,JEEP,COMPASS,IL,2017,UNKNOWN,SPORT UTILITY VEHICLE (SUV),PERSONAL,S,TURNING LEFT,,,1,,,,,,,,,,,,,,Y,Y,,,SIDE-LEFT,,,,,,,,,,,,,,,,,,,,,,,,,,,,,,,,,
2136522,95da5c5c359748f0fbad480e95d84e78d0083607cfd35de4abd92c879490677aae5ec5ca6a65b2b9043a0403f92df2a59566db3a868788677b63b82c08787a44,08/24/2025 06:00:00 PM,1,DRIVER,,2036688,,UNKNOWN,MOTORIZED,IL,,NONE,PASSENGER,PERSONAL,N,PASSING/OVERTAKING,,,1,,,,,Y,Y,,,,,,,,,,,,FRONT-RIGHT-CORNER,,,,,,,,,,,,,,,,,,,,,,,,,,,,,,,,,
2136523,95da5c5c359748f0fbad480e95d84e78d0083607cfd35de4abd92c879490677aae5ec5ca6a65b2b9043a0403f92df2a59566db3a868788677b63b82c08787a44,08/24/2025 06:00:00 PM,2,DRIVER,,2036704,,MITSUBISHI,LANCER,IL,2004,NONE,PASSENGER,PERSONAL,S,STRAIGHT AHEAD,,,1,,,,,,,,,,,,Y,Y,Y,,,,SIDE-LEFT,,,,,,,,,,,,,,,,,,,,,,,,,,,,,,,,,
2135897,98655e50ddf79ac1b09feb957f4ad703c1a5875c56f2d905badc7bc8948cc02de444ce6825608c72f331f1a538839ca566e3d368c81f9c1b019c5a0821418174,08/24/2025 06:00:00 PM,1,DRIVER,,2036101,,HONDA,ACCORD,IL,2011,NONE,PASSENGER,PERSONAL,S,BACKING,,,1,,,,,,,,N,N,,Y,Y,,,,,,REAR-LEFT-CORNER,,,,,,,,,,,,,,,,,,,,,,,,,,,,,,,,,
2135898,98655e50ddf79ac1b09feb957f4ad703c1a5875c56f2d905badc7bc8948cc02de444ce6825608c72f331f1a538839ca566e3d368c81f9c1b019c5a0821418174,08/24/2025 06:00:00 PM,2,DRIVER,,2036110,,BMW,X5,IL,2022,NONE,SPORT UTILITY VEHICLE (SUV),PERSONAL,S,PASSING/OVERTAKING,,,1,,,,,,Y,Y,Y,,,,,,,,,,SIDE-RIGHT,,,,,,,,,,,,,,,,,,,,,,,,,,,,,,,,,
2135947,c0c6443360ab17c896ffdece8e705091e383418f5344a95a12a409bb407267ac5a6b9ec93eb750094f20de886d83cbe5228974eb610b88d563438896da184c4c,08/24/2025 06:00:00 PM,1,DRIVER,,2036169,,FORD,FUSION,IL,2020,UNKNOWN,PASSENGER,PERSONAL,N,BACKING,,,1,,,,,,,,,,,Y,,,,,,,REAR-LEFT-CORNER,,,,,,,,,,,,,,,,,,,,,,,,,,,,,,,,,
2135948,c0c6443360ab17c896ffdece8e705091e383418f5344a95a12a409bb407267ac5a6b9ec93eb750094f20de886d83cbe5228974eb610b88d563438896da184c4c,08/24/2025 06:00:00 PM,2,PARKED,,2036158,,NISSAN,ALTIMA,IL,2025,UNKNOWN,PASSENGER,NOT IN USE,N,PARKED,,,0,,,,,,,,,,,,,,Y,,,,FRONT-LEFT-CORNER,,,,,,,,,,,,,,,,,,,,,,,,,,,,,,,,,
2136573,086f25d4e26eda935a38ab6f087952aa5c8f77db01e04c0ddd9a319281e7ecc8a4397b4f564804fed1ac7295f18b2881c92fdde158948305d8f3b7bd14354a41,08/24/2025 05:55:00 PM,1,DRIVER,,2036756,,FORD,F150,IL,2003,UNKNOWN,PICKUP,PERSONAL,E,U-TURN,,,1,,,,,Y,,,,,,,,,,Y,Y,Y,FRONT,,,,,,,,,,,,,,,,,,,,,,,,,,,,,,,,,
2135885,bdd13e9cf69906392042b0c9f689f95387e8c8f5fa77c2929b76c8a21cf0699a129c46ca6e04db659fb06ae5586b83b87ea21899915cc4f68d86777076f5a567,08/24/2025 05:33:00 PM,1,PARKED,1,2036083,,NISSAN,SENTRA,IL,2016,NONE,PASSENGER,PERSONAL,N,PARKED,,,1,,,,Y,,,,,,,,,,Y,,,,SIDE-LEFT,,,,,,,,,,,,,,,,,,,,,,,,,,,,,,,,,
2135886,bdd13e9cf69906392042b0c9f689f95387e8c8f5fa77c2929b76c8a21cf0699a129c46ca6e04db659fb06ae5586b83b87ea21899915cc4f68d86777076f5a567,08/24/2025 05:33:00 PM,2,BICYCLE,,,,,,,,,,,,,,,,,,,,,,,,,,,,,,,,,,,,,,,,,,,,,,,,,,,,,,,,,,,,,,,,,,
2135924,3b6b043c25bc970b7fa8079c22b81035bf137f68f0833e950e8927c825aa20c78b4923ae9601308f558c96882d398679c3f5bb546964127379f160d46552e5b1,08/24/2025 05:32:00 PM,1,DRIVER,2,2036130,,FORD,ECOSPORT,IL,2019,NONE,PASSENGER,PERSONAL,S,STRAIGHT AHEAD,,,3,,,,,Y,,,,,,,,,,Y,Y,,FRONT,,,,,,,,,,,,,,,,,,,,,,,,,,,,,,,,,
2135925,3b6b043c25bc970b7fa8079c22b81035bf137f68f0833e950e8927c825aa20c78b4923ae9601308f558c96882d398679c3f5bb546964127379f160d46552e5b1,08/24/2025 05:32:00 PM,2,DRIVER,3,2036144,,NISSAN,ALTIMA,IL,2016,NONE,PASSENGER,PERSONAL,S,STRAIGHT AHEAD,,,4,,,,,,,,,Y,Y,Y,,,,,,,REAR,,,,,,,,,,,,,,,,,,,,,,,,,,,,,,,,,
2135901,1960f4e13f52ee55ab9165c8826e06063663fa2c7d619cf67185241fcd2ccd367f1cbb1dc77431c92dab0592ba723b6547622cf11ca4244331e26f3292007cf1,08/24/2025 05:30:00 PM,1,DRIVER,,2036098,,UNKNOWN,MOTORIZED,IL,,NONE,PASSENGER,UNKNOWN/NA,UNKNOWN,UNKNOWN/NA,,,1,,,,,,,,,,,,,,,,,Y,UNKNOWN,,,,,,,,,,,,,,,,,,,,,,,,,,,,,,,,,
2135902,1960f4e13f52ee55ab9165c8826e06063663fa2c7d619cf67185241fcd2ccd367f1cbb1dc77431c92dab0592ba723b6547622cf11ca4244331e26f3292007cf1,08/24/2025 05:30:00 PM,2,PARKED,,2036100,,NISSAN,ALTIMA,IL,2020,UNKNOWN,PASSENGER,PERSONAL,S,PARKED,,,0,,,,,,Y,Y,Y,,,,,,,,,,SIDE-RIGHT,,,,,,,,,,,,,,,,,,,,,,,,,,,,,,,,,
2135891,abbd220371e2e5b490027090948989e448f4c3dfed0e0af18243ab6738ba81e3567ff6a0266fc5ae31bd7f0f5aad5ee01a2dfeb490556ef8123968c54c045b42,08/24/2025 05:30:00 PM,1,DRIVER,,2036095,,LEXUS,RX330,IL,2004,NONE,SPORT UTILITY VEHICLE (SUV),PERSONAL,S,BACKING,,,1,,,,,,,,,,Y,,,,,,,,REAR,,,,,,,,,,,,,,,,,,,,,,,,,,,,,,,,,
2135892,abbd220371e2e5b490027090948989e448f4c3dfed0e0af18243ab6738ba81e3567ff6a0266fc5ae31bd7f0f5aad5ee01a2dfeb490556ef8123968c54c045b42,08/24/2025 05:30:00 PM,2,DRIVER,,2036103,,TESLA,MODEL Y,IL,2022,NONE,PASSENGER,PERSONAL,W,STRAIGHT AHEAD,,,1,,,,,,,,Y,,,,,,,,,,SIDE-RIGHT-REAR,,,,,,,,,,,,,,,,,,,,,,,,,,,,,,,,,
2135887,1f3233a9374306ac2dfce3aaa4036d6444c404ab52b34520647bb64043dbfa8dff264e19304e77435b9706c6205b30ecaef8a0c05e629c106fb41f611d092486,08/24/2025 05:25:00 PM,1,DRIVER,,2036084,,UNKNOWN,MOTORIZED,IL,,NONE,SPORT UTILITY VEHICLE (SUV),PERSONAL,S,STRAIGHT AHEAD,,,1,,,,,Y,,,,,,,,,,Y,Y,,FRONT-LEFT-CORNER,,,,,,,,,,,,,,,,,,,,,,,,,,,,,,,,,
2135888,1f3233a9374306ac2dfce3aaa4036d6444c404ab52b34520647bb64043dbfa8dff264e19304e77435b9706c6205b30ecaef8a0c05e629c106fb41f611d092486,08/24/2025 05:25:00 PM,2,PARKED,,2036086,,ACURA,TLX,IL,2013,NONE,PASSENGER,NOT IN USE,S,PARKED,,,0,,,,,,,,Y,Y,Y,Y,,,,,,,REAR-RIGHT-CORNER,,,,,,,,,,,,,,,,,,,,,,,,,,,,,,,,,
2135893,5606ed2146a888857ad2277ea40dd74470eaecc3e7fe9b880780828f30a39f608ab565e0ed4a7ae7f338157aab64942ffa3f92c8e24770a81b93b33b13fc3d20,08/24/2025 05:25:00 PM,1,DRIVER,,2036088,,UNKNOWN,OTHER (EXPLAIN IN NARRATIVE),,,UNKNOWN,UNKNOWN/NA,UNKNOWN/NA,UNKNOWN,UNKNOWN/NA,,,1,,,,,,,,,,,,,,,,,Y,UNKNOWN,,,,,,,,,,,,,,,,,,,,,,,,,,,,,,,,,
2135894,5606ed2146a888857ad2277ea40dd74470eaecc3e7fe9b880780828f30a39f608ab565e0ed4a7ae7f338157aab64942ffa3f92c8e24770a81b93b33b13fc3d20,08/24/2025 05:25:00 PM,2,PARKED,,2036094,,FORD,ECOSPORT,IL,2018,NONE,PASSENGER,NOT IN USE,N,PARKED,,,0,,,,,,,,,,,,Y,Y,Y,,,,SIDE-LEFT,,,,,,,,,,,,,,,,,,,,,,,,,,,,,,,,,
2135959,3d50267aaaef98095de8811ac095b280ddad8a4b7a9aa22f96b2ee915cf7ad4fc736cba9542cefc854873f2e9f0285c7cfa95a34ac568bb0b735bc15948a6a11,08/24/2025 05:18:00 PM,1,DRIVER,1,2036160,,KAWASAKI,MOTORCYCLE,IL,2016,UNKNOWN,PASSENGER,PERSONAL,S,STRAIGHT AHEAD,,,2,,,,,Y,,,,,,,,,,,Y,,FRONT,,,,,,,,,,,,,,,,,,,,,,,,,,,,,,,,,
2135960,3d50267aaaef98095de8811ac095b280ddad8a4b7a9aa22f96b2ee915cf7ad4fc736cba9542cefc854873f2e9f0285c7cfa95a34ac568bb0b735bc15948a6a11,08/24/2025 05:18:00 PM,2,PEDESTRIAN,,,,,,,,,,,,,,,,,,,,,,,,,,,,,,,,,,,,,,,,,,,,,,,,,,,,,,,,,,,,,,,,,,
2135879,e11804a1aef4c8577f5982943cb9dffa296b8db7759bceb853aecc07649cba64e27aa343aa57d383e929798f6e561a877eedf772737823bd405e2509389ee982,08/24/2025 05:15:00 PM,1,DRIVER,,2036076,,MITSUBISHI,OTHER (EXPLAIN IN NARRATIVE),IL,2013,UNKNOWN,PASSENGER,UNKNOWN/NA,W,STRAIGHT AHEAD,,,1,,,,,,,,,,,,,,,,,Y,UNKNOWN,,,,,,,,,,,,,,,,,,,,,,,,,,,,,,,,,
2135880,e11804a1aef4c8577f5982943cb9dffa296b8db7759bceb853aecc07649cba64e27aa343aa57d383e929798f6e561a877eedf772737823bd405e2509389ee982,08/24/2025 05:15:00 PM,2,PARKED,,2036085,,TOYOTA,COROLLA,IL,2014,NONE,PASSENGER,PERSONAL,W,PARKED,,,0,,,,,,,,,,,,,Y,Y,Y,,,SIDE-LEFT,,,,,,,,,,,,,,,,,,,,,,,,,,,,,,,,,
2135871,0f664dc26d8ad244d563ec57ddd7814d999a254b48008230af53ce3cc7a1b5b97f82c8e990acd27d1097ce5f6dc1e263a0f294afb3f3d37cef3a02b1073ea5f7,08/24/2025 05:13:00 PM,1,DRIVER,,2036072,,UNKNOWN,MOTORIZED,,,UNKNOWN,UNKNOWN/NA,UNKNOWN/NA,UNKNOWN,UNKNOWN/NA,,,1,,,,,,,,,,,,,,,,,,UNKNOWN,,,,,,,,,,,,,,,,,,,,,,,,,,,,,,,,,
2135872,0f664dc26d8ad244d563ec57ddd7814d999a254b48008230af53ce3cc7a1b5b97f82c8e990acd27d1097ce5f6dc1e263a0f294afb3f3d37cef3a02b1073ea5f7,08/24/2025 05:13:00 PM,2,PARKED,,2036079,,MAZDA,CX-30,IL,2025,NONE,PASSENGER,PERSONAL,N,PARKED,,,0,,,,,Y,Y,Y,Y,Y,,,,,,,,,SIDE-RIGHT,,,,,,,,,,,,,,,,,,,,,,,,,,,,,,,,,
2135865,9862d57ed4956f101e9098d9677479ab36fbd5e9ac4f14df12f922bb9dbebcd944f2ad7fa42dc4d606c1a9b5803d8481cd2228ee3b454b880de434f464c2f628,08/24/2025 05:10:00 PM,1,DRIVER,,2036077,,NISSAN,FRONTIER,IL,2017,UNKNOWN,PASSENGER,PERSONAL,E,STRAIGHT AHEAD,,,1,,,,,N,Y,Y,Y,,,,,,,,,,SIDE-RIGHT,,,,,,,,,,,,,,,,,,,,,,,,,,,,,,,,,
2135866,9862d57ed4956f101e9098d9677479ab36fbd5e9ac4f14df12f922bb9dbebcd944f2ad7fa42dc4d606c1a9b5803d8481cd2228ee3b454b880de434f464c2f628,08/24/2025 05:10:00 PM,2,DRIVER,,2036064,,HONDA,PILOT,IL,2017,NONE,PASSENGER,PERSONAL,E,STRAIGHT AHEAD,,,1,,,,,Y,,,,,,,,,,Y,Y,,FRONT,,,,,,,,,,,,,,,,,,,,,,,,,,,,,,,,,
2135855,b5f43e38dfd45141c00afbce1a5c5b98ef6a000e3e0aa599688e2e0a221349a74223b598d724f3b244634379f928b23957077a2228a285d71b306c3417b0032b,08/24/2025 05:10:00 PM,1,DRIVER,,2036087,,UNKNOWN,OTHER (EXPLAIN IN NARRATIVE),IL,,UNKNOWN,PICKUP,UNKNOWN/NA,E,STRAIGHT AHEAD,,,1,,,,,Y,Y,Y,,,,,,,,,,,FRONT-RIGHT-CORNER,,,,,,,,,,,,,,,,,,,,,,,,,,,,,,,,,
2135856,b5f43e38dfd45141c00afbce1a5c5b98ef6a000e3e0aa599688e2e0a221349a74223b598d724f3b244634379f928b23957077a2228a285d71b306c3417b0032b,08/24/2025 05:10:00 PM,2,DRIVER,2,2036058,,JEEP,CHEROKEE,IL,2017,NONE,SPORT UTILITY VEHICLE (SUV),PERSONAL,E,STRAIGHT AHEAD,,,3,,,,,,,,,,,Y,Y,Y,Y,Y,,,SIDE-LEFT-REAR,,,,,,,,,,,,,,,,,,,,,,,,,,,,,,,,,
2135869,c95b7f012e9370fa243f30abb567fef9aa2bc1a407932502c31e0ca455c0d106a25dba6c6315eb279f240b4ae11b8f496c9a4501d7e12ed2e0cc4ca02bc7def7,08/24/2025 05:10:00 PM,1,DRIVER,,2036104,,VOLVO,S60,IL,2017,NONE,PASSENGER,PERSONAL,N,PASSING/OVERTAKING,,,1,,,,,Y,,,,,,,,,,Y,Y,,FRONT,,,,,,,,,,,,,,,,,,,,,,,,,,,,,,,,,
2135870,c95b7f012e9370fa243f30abb567fef9aa2bc1a407932502c31e0ca455c0d106a25dba6c6315eb279f240b4ae11b8f496c9a4501d7e12ed2e0cc4ca02bc7def7,08/24/2025 05:10:00 PM,2,DRIVER,3,2036091,,TOYOTA,AVALON,IL,2017,NONE,PASSENGER,PERSONAL,N,STRAIGHT AHEAD,,,4,,,,,,,,,Y,Y,Y,,,,,,,REAR,,,,,,,,,,,,,,,,,,,,,,,,,,,,,,,,,
2136061,dc408d5ccf2736128fce6cda0f0b5f8e6d55fdc11b1ecaa25719aca6faa09f10b61826b05f4b1675bc14908a9a41a983396d8abdb395882ef55c10700df12c35,08/24/2025 05:10:00 PM,1,DRIVER,,2036259,,DODGE,CHARGER,IL,2015,UNKNOWN,PASSENGER,UNKNOWN/NA,W,SLOW/STOP IN TRAFFIC,,,1,,,,,,Y,,,,,,,,,,,,SIDE-RIGHT,,,,,,,,,,,,,,,,,,,,,,,,,,,,,,,,,
2136062,dc408d5ccf2736128fce6cda0f0b5f8e6d55fdc11b1ecaa25719aca6faa09f10b61826b05f4b1675bc14908a9a41a983396d8abdb395882ef55c10700df12c35,08/24/2025 05:10:00 PM,2,DRIVER,,2036260,,NEW FLYER,OTHER (EXPLAIN IN NARRATIVE),IL,,NONE,BUS OVER 15 PASS.,CTA,W,STRAIGHT AHEAD,,,1,,,,,,,,,,,Y,,,,,,,SIDE-LEFT-REAR,,,,,,,,,,,,,,,,,,,,,,,,,,,,,,,,,
2135895,89852760db3b4832211768902c0dbb3483c9d5e8ad72c80e3d9a4baf9766f15f6bdbc4315b78290ffafc35fba8681553d87b7f15c33a8b3d6fd9dea9f73a98e4,08/24/2025 05:09:00 PM,1,DRIVER,,2036099,,MAZDA,CX-5,IL,2021,NONE,SPORT UTILITY VEHICLE (SUV),PERSONAL,N,STRAIGHT AHEAD,,,1,,,,,,,,,,,Y,Y,Y,Y,Y,,,SIDE-LEFT,,,,,,,,,,,,,,,,,,,,,,,,,,,,,,,,,
2135896,89852760db3b4832211768902c0dbb3483c9d5e8ad72c80e3d9a4baf9766f15f6bdbc4315b78290ffafc35fba8681553d87b7f15c33a8b3d6fd9dea9f73a98e4,08/24/2025 05:09:00 PM,2,DRIVER,,2036105,,TOYOTA,PRIUS,IL,2011,NONE,PASSENGER,PERSONAL,E,STRAIGHT AHEAD,Y,,1,,PRIVATE TOW,,,Y,,,,,,,,,,Y,Y,,FRONT,,,,,,,,,,,,,,,,,,,,,,,,,,,,,,,,,
2135904,32ab633ad703dd8692f121ce64c68e7ba25913b5445de6559d9259e8f1780f26591c09c24ef0ffd68ccca35ee2e732f640f93c7fa85cf3cd302fefc86338e541,08/24/2025 05:00:00 PM,1,DRIVER,,2036119,,NISSAN,SENTRA,PA,,UNKNOWN,PASSENGER,PERSONAL,N,STRAIGHT AHEAD,,,1,,,,,,,,,,,,,,,,,Y,UNKNOWN,,,,,,,,,,,,,,,,,,,,,,,,,,,,,,,,,
2135905,32ab633ad703dd8692f121ce64c68e7ba25913b5445de6559d9259e8f1780f26591c09c24ef0ffd68ccca35ee2e732f640f93c7fa85cf3cd302fefc86338e541,08/24/2025 05:00:00 PM,2,DRIVER,,2036112,,KIA,RIO / K2,IL,2012,UNKNOWN,PASSENGER,PERSONAL,S,TURNING LEFT,,,1,,,,,Y,Y,,,,,,,,,Y,Y,,FRONT-RIGHT-CORNER,,,,,,,,,,,,,,,,,,,,,,,,,,,,,,,,,
2138842,84d13c68cd8db862c05dd691ca246e4f582da5fdd19f374eac0c62a7fa279b60ccd0734a3f11ffb2add6db60bc964f026f9c60067188385fe94a08439937f50b,08/24/2025 05:00:00 PM,1,DRIVER,,2038897,,UNKNOWN,MOTORIZED,IL,,UNKNOWN,PASSENGER,UNKNOWN/NA,N,UNKNOWN/NA,,,1,,,,,,,,Y,,,,,N,,,,,TOTAL (ALL AREAS),,,,,,,,,,,,,,,,,,,,,,,,,,,,,,,,,
2138843,84d13c68cd8db862c05dd691ca246e4f582da5fdd19f374eac0c62a7fa279b60ccd0734a3f11ffb2add6db60bc964f026f9c60067188385fe94a08439937f50b,08/24/2025 05:00:00 PM,2,PARKED,,2038901,,SUBARU,IMPREZA,IL,2019,UNKNOWN,PASSENGER,NOT IN USE,N,PARKED,,,0,,,,,,,,,,,Y,,,,,,,TOTAL (ALL AREAS),,,,,,,,,,,,,,,,,,,,,,,,,,,,,,,,,
2136696,87b8de92a0beed00e60a2cec8dcd56257ad734bbbc0f214021b5d825e1ae5d1cc0607714aa7ea95362fc4da4562edefd2a919a6815b138a08252849d06299b3e,08/24/2025 05:00:00 PM,1,DRIVER,,2036874,,HYUNDAI,SONATA,IL,2012,NONE,PASSENGER,PERSONAL,N,STRAIGHT AHEAD,Y,,1,,,,,,,,,,,,,,,,,,UNDER CARRIAGE,,,,,,,,,,,,,,,,,,,,,,,,,,,,,,,,,
2135914,c4fc5917cb5888ef4846ac409771df31e8834d90738f5dbce590386cf30939fbce595a504f3a27c231ef488a76bbc8c5e3b4dad2b689fa74c8d8de3494d274a7,08/24/2025 04:55:00 PM,1,DRIVER,,2036115,,CHEVROLET,OTHER (EXPLAIN IN NARRATIVE),IL,2025,NONE,PASSENGER,CTA,NW,TURNING LEFT,,,1,,,,,Y,,,,,,,,,,,,,FRONT-RIGHT-CORNER,,,,,,,,,,,,,,,,,,,,,,,,,,,,,,,,,
2135915,c4fc5917cb5888ef4846ac409771df31e8834d90738f5dbce590386cf30939fbce595a504f3a27c231ef488a76bbc8c5e3b4dad2b689fa74c8d8de3494d274a7,08/24/2025 04:55:00 PM,2,DRIVER,,2036117,,TOYOTA,AVALON,IL,2013,NONE,PASSENGER,PERSONAL,W,STRAIGHT AHEAD,,,1,,,,,,,,,,,Y,Y,,,,,,SIDE-LEFT-REAR,,,,,,,,,,,,,,,,,,,,,,,,,,,,,,,,,
2135821,5f54ebae2e101fe82a62efef90b13aec7a885df228b95daa163ee732729e97a6ac86bfc0433f99a0bc904a605ffd3a682c6e73952b62c897d8685a5b63df5f6e,08/24/2025 04:51:00 PM,1,DRIVER,,2036030,,AUDI,A5,OK,2024,NONE,PASSENGER,OTHER,N,PASSING/OVERTAKING,,,1,,,,,Y,Y,,,,,,,,,,,,FRONT-RIGHT-CORNER,,,,,,,,,,,,,,,,,,,,,,,,,,,,,,,,,
2135822,5f54ebae2e101fe82a62efef90b13aec7a885df228b95daa163ee732729e97a6ac86bfc0433f99a0bc904a605ffd3a682c6e73952b62c897d8685a5b63df5f6e,08/24/2025 04:51:00 PM,2,DRIVER,,2036035,,NISSAN,SENTRA,IL,2015,NONE,PASSENGER,PERSONAL,N,STRAIGHT AHEAD,,,1,,,,,,,,,N,Y,Y,Y,Y,Y,,,,REAR,,,,,,,,,,,,,,,,,,,,,,,,,,,,,,,,,
2135955,35c9409bc95cb99fb0167fd42ca80c81c665dd81a6330f6400568610312a7fef187097bef6bb07b59b644476d69815afffed3c425e862168d78b52bf7491fe84,08/24/2025 04:50:00 PM,1,DRIVER,,2036170,,HONDA,ODYSSEY,IL,1999,NONE,VAN/MINI-VAN,PERSONAL,SE,STRAIGHT AHEAD,,,1,,,,,,,,,,,,,,,,,Y,FRONT,,,,,,,,,,,,,,,,,,,,,,,,,,,,,,,,,
2135956,35c9409bc95cb99fb0167fd42ca80c81c665dd81a6330f6400568610312a7fef187097bef6bb07b59b644476d69815afffed3c425e862168d78b52bf7491fe84,08/24/2025 04:50:00 PM,2,DRIVER,2,2036161,,NISSAN,ALTIMA,IL,2016,NONE,PASSENGER,PERSONAL,NW,TURNING LEFT,,,3,,,,,,,,Y,Y,Y,Y,,,,,,,REAR-RIGHT-CORNER,,,,,,,,,,,,,,,,,,,,,,,,,,,,,,,,,
2135857,c62d3786b4a30edf0c926fe9de860a04a99ef80fd5e659cf15a18e4cf0e32ba96c1a8c9bb4bfe97e882fb31560f41680d2abff229058792f404e72aeeb365450,08/24/2025 04:50:00 PM,1,DRIVER,,2036055,,UNKNOWN,OTHER (EXPLAIN IN NARRATIVE),XX,,NONE,PASSENGER,PERSONAL,N,STRAIGHT AHEAD,,,1,,,,,,,,,,,,,,,,,Y,UNKNOWN,,,,,,,,,,,,,,,,,,,,,,,,,,,,,,,,,
2135858,c62d3786b4a30edf0c926fe9de860a04a99ef80fd5e659cf15a18e4cf0e32ba96c1a8c9bb4bfe97e882fb31560f41680d2abff229058792f404e72aeeb365450,08/24/2025 04:50:00 PM,2,DRIVER,,2036066,,NEW FLYER,OTHER (EXPLAIN IN NARRATIVE),IL,2012,NONE,BUS OVER 15 PASS.,CTA,N,STRAIGHT AHEAD,,,1,,,,,,,,,,,,,,,Y,,,FRONT-LEFT-CORNER,,,,,,,,,,,,,,,,,,,,,,,,,,,,,,,,,
2135836,02008fd65aac76acd01844e166b6aeadd08792994a4be4104605942308bc78538372811bd73bea73ea6bf666604a8db17bb0bfab8404925ea670ce16e5a5ff23,08/24/2025 04:40:00 PM,1,DRIVER,1,2036041,,NISSAN,SENTRA,IL,2023,NONE,PASSENGER,PERSONAL,S,ENTERING TRAFFIC LANE FROM PARKING,Y,,2,,OWNER,,,,,,,,,,,,,Y,Y,,FRONT-LEFT-CORNER,,,,,,,,,,,,,,,,,,,,,,,,,,,,,,,,,
2135837,02008fd65aac76acd01844e166b6aeadd08792994a4be4104605942308bc78538372811bd73bea73ea6bf666604a8db17bb0bfab8404925ea670ce16e5a5ff23,08/24/2025 04:40:00 PM,2,DRIVER,,2036048,,LEXUS,LS,IL,2001,NONE,PASSENGER,PERSONAL,S,STRAIGHT AHEAD,,,1,,,,,Y,Y,Y,Y,,,,,,,,,,FRONT-LEFT-CORNER,,,,,,,,,,,,,,,,,,,,,,,,,,,,,,,,,
2136251,e28a1322ba76291cdfabd4546e98792cfad48829785f882a2355ce7c84525a52f3c9d4b62aae7b4da7ff21b8172769433e73e8bdda0d8c629c1f7bb52d2aad3a,08/24/2025 04:35:00 PM,1,DRIVER,,2036447,,TOYOTA,PRIUS,IL,2010,NONE,PASSENGER,PERSONAL,W,TURNING LEFT,,,1,,,,,,,,,,,,,,,,Y,,FRONT,,,,,,,,,,,,,,,,,,,,,,,,,,,,,,,,,
2136252,e28a1322ba76291cdfabd4546e98792cfad48829785f882a2355ce7c84525a52f3c9d4b62aae7b4da7ff21b8172769433e73e8bdda0d8c629c1f7bb52d2aad3a,08/24/2025 04:35:00 PM,2,DRIVER,,2036441,,SUBARU,OTHER (EXPLAIN IN NARRATIVE),IL,2020,NONE,PASSENGER,PERSONAL,W,SLOW/STOP IN TRAFFIC,,,1,,,,,,,,,,Y,Y,,,,,,,REAR,,,,,,,,,,,,,,,,,,,,,,,,,,,,,,,,,