CRASH_UNIT_ID,CRASH_RECORD_ID,CRASH_DATE,UNIT_NO,UNIT_TYPE,NUM_PASSENGERS,VEHICLE_ID,CMRC_VEH_I,MAKE,MODEL,LIC_PLATE_STATE,VEHICLE_YEAR,VEHICLE_DEFECT,VEHICLE_TYPE,VEHICLE_USE,TRAVEL_DIRECTION,MANEUVER,TOWED_I,FIRE_I,OCCUPANT_CNT,EXCEED_SPEED_LIMIT_I,TOWED_BY,TOWED_TO,AREA_00_I,AREA_01_I,AREA_02_I,AREA_03_I,AREA_04_I,AREA_05_I,AREA_06_I,AREA_07_I,AREA_08_I,AREA_09_I,AREA_10_I,AREA_11_I,AREA_12_I,AREA_99_I,FIRST_CONTACT_POINT,CMV_ID,USDOT_NO,CCMC_NO,ILCC_NO,COMMERCIAL_SRC,GVWR,CARRIER_NAME,CARRIER_STATE,CARRIER_CITY,HAZMAT_PLACARDS_I,HAZMAT_NAME,UN_NO,HAZMAT_PRESENT_I,HAZMAT_REPORT_I,HAZMAT_REPORT_NO,MCS_REPORT_I,MCS_REPORT_NO,HAZMAT_VIO_CAUSE_CRASH_I,MCS_VIO_CAUSE_CRASH_I,IDOT_PERMIT_NO,WIDE_LOAD_I,TRAILER1_WIDTH,TRAILER2_WIDTH,TRAILER1_LENGTH,TRAILER2_LENGTH,TOTAL_VEHICLE_LENGTH,AXLE_CNT,VEHICLE_CONFIG,CARGO_BODY_TYPE,LOAD_TYPE,HAZMAT_OUT_OF_SERVICE_I,MCS_OUT_OF_SERVICE_I,HAZMAT_CLASS
2135814,661deed66f30303fab9f8ca7ffc225ee9b217976345df07d95d5cb6d3869ecdcb6ca83ce60f443d4e55fb582ee1fc477d6ec90852fd6e3776b42aa87255a4d6d,08/24/2025 04:31:00 PM,1,DRIVER,,2036017,,BUICK,ENCORE,IL,2018,NONE,PASSENGER,PERSONAL,E,BACKING,Y,,1,,ROADSIDE ASSISTANCE,,,,,,Y,Y,Y,,,,,,,,REAR-RIGHT-CORNER,,,,,,,,,,,,,,,,,,,,,,,,,,,,,,,,,
2135838,4ab7d11a37304a72092f522ddba15f340f704a52191ec4530dfb4e64003497afd58eec317e719a65c46cf31fdc1403e067230b4ebed6989ab9632c244930a3c0,08/24/2025 04:30:00 PM,1,DRIVER,,2036040,,FERRARI,812 GTS,IL,2017,UNKNOWN,PASSENGER,PERSONAL,UNKNOWN,UNKNOWN/NA,,,1,,,,,,,,,,,,,Y,Y,Y,,,FRONT-LEFT-CORNER,,,,,,,,,,,,,,,,,,,,,,,,,,,,,,,,,
2135839,4ab7d11a37304a72092f522ddba15f340f704a52191ec4530dfb4e64003497afd58eec317e719a65c46cf31fdc1403e067230b4ebed6989ab9632c244930a3c0,08/24/2025 04:30:00 PM,2,DRIVER,,2036046,,TOYOTA,RAV4,IL,2018,UNKNOWN,PASSENGER,PERSONAL,UNKNOWN,UNKNOWN/NA,,,1,,,,,Y,Y,Y,Y,Y,Y,,,,,,,,SIDE-RIGHT,,,,,,,,,,,,,,,,,,,,,,,,,,,,,,,,,
2135873,7a37c9e95f675a0a255f93cc5c6f109ebc38ad1b4d349506b54b5ee3f25ad38ed24d81b6167e68fcd6cacf1ef453ee4575891db11593199872b88bc6e6a3ab7a,08/24/2025 04:30:00 PM,1,DRIVER,,2036073,,UNKNOWN,OTHER (EXPLAIN IN NARRATIVE),,,UNKNOWN,UNKNOWN/NA,UNKNOWN/NA,UNKNOWN,UNKNOWN/NA,,,1,,,,,,,,,,,,,,,,,Y,UNKNOWN,,,,,,,,,,,,,,,,,,,,,,,,,,,,,,,,,
2135874,7a37c9e95f675a0a255f93cc5c6f109ebc38ad1b4d349506b54b5ee3f25ad38ed24d81b6167e68fcd6cacf1ef453ee4575891db11593199872b88bc6e6a3ab7a,08/24/2025 04:30:00 PM,2,PARKED,,2036075,,TOYOTA,RAV4,IL,2015,UNKNOWN,PASSENGER,UNKNOWN/NA,W,PARKED,,,0,,,,,Y,Y,,,,,,,,,,,,FRONT-RIGHT-CORNER,,,,,,,,,,,,,,,,,,,,,,,,,,,,,,,,,
2135867,a3f825815a0d59502c76d37a51be61b9da823e3c323fea0460b1e57a6ceebcd2440527e031c4cee515ab77d5af320a92d97c8f57565944d3bc0687f67c16f789,08/24/2025 04:30:00 PM,1,DRIVER,,2036065,,UNKNOWN,OTHER (EXPLAIN IN NARRATIVE),IL,,UNKNOWN,UNKNOWN/NA,UNKNOWN/NA,S,UNKNOWN/NA,,,1,,,,,,,,,,,,,,,,,Y,UNKNOWN,,,,,,,,,,,,,,,,,,,,,,,,,,,,,,,,,
2135868,a3f825815a0d59502c76d37a51be61b9da823e3c323fea0460b1e57a6ceebcd2440527e031c4cee515ab77d5af320a92d97c8f57565944d3bc0687f67c16f789,08/24/2025 04:30:00 PM,2,PARKED,,2036069,,BMW,OTHER (EXPLAIN IN NARRATIVE),IL,2024,UNKNOWN,SPORT UTILITY VEHICLE (SUV),UNKNOWN/NA,S,PARKED,,,0,,,,,,,,,,,,,,,,,,REAR,,,,,,,,,,,,,,,,,,,,,,,,,,,,,,,,,
2135861,0a1db970552d103ed08a6126840e33df5933d2750058b829d0d1b1035132b36b267101a896cdb4a373c0a93c3b2b6ba44c6e74d2e2e4bccfd506030abf4ad295,08/24/2025 04:19:00 PM,1,DRIVER,,2036059,,UNKNOWN,MOTORIZED,,,UNKNOWN,UNKNOWN/NA,UNKNOWN/NA,UNKNOWN,UNKNOWN/NA,,,1,,,,,,,,,,,,,,,,,Y,UNKNOWN,,,,,,,,,,,,,,,,,,,,,,,,,,,,,,,,,
2135862,0a1db970552d103ed08a6126840e33df5933d2750058b829d0d1b1035132b36b267101a896cdb4a373c0a93c3b2b6ba44c6e74d2e2e4bccfd506030abf4ad295,08/24/2025 04:19:00 PM,2,PARKED,,2036063,,CHEVROLET,SILVERADO,IL,2005,NONE,PICKUP,UNKNOWN/NA,S,PARKED,,,0,,,,,,,,,,,,,,Y,Y,,,FRONT-RIGHT-CORNER,,,,,,,,,,,,,,,,,,,,,,,,,,,,,,,,,
2135928,c740421a6ea56169df8ff91bd56c3aef86f6144e46430a426dd11aa3460fe54e36af0e41e2399f36cf935141899d62d76fbd3d4d9d449de868faf13ab1534fec,08/24/2025 04:16:00 PM,1,DRIVER,,2036133,,DODGE,RAM 1500 PU,IL,1997,BRAKES,PICKUP,PERSONAL,SW,TURNING LEFT,Y,,1,,CITY OF CHICAGO,POUND 2,,Y,,,,,,,,,,Y,Y,,FRONT,,,,,,,,,,,,,,,,,,,,,,,,,,,,,,,,,
2135929,c740421a6ea56169df8ff91bd56c3aef86f6144e46430a426dd11aa3460fe54e36af0e41e2399f36cf935141899d62d76fbd3d4d9d449de868faf13ab1534fec,08/24/2025 04:16:00 PM,2,DRIVER,1,2036138,,NISSAN,ALTIMA,IL,2007,NONE,PASSENGER,PERSONAL,W,STRAIGHT AHEAD,Y,,2,,CITY OF CHICAGO,POUND 2,,Y,,,,,,,,,,Y,Y,,FRONT,,,,,,,,,,,,,,,,,,,,,,,,,,,,,,,,,
2135930,c740421a6ea56169df8ff91bd56c3aef86f6144e46430a426dd11aa3460fe54e36af0e41e2399f36cf935141899d62d76fbd3d4d9d449de868faf13ab1534fec,08/24/2025 04:16:00 PM,3,DRIVER,,2036145,,CHEVROLET,MALIBU,IL,2016,NONE,PASSENGER,PERSONAL,S,STRAIGHT AHEAD,,,1,,,,,,,,,,,,Y,Y,Y,,,,SIDE-LEFT,,,,,,,,,,,,,,,,,,,,,,,,,,,,,,,,,
2135825,ec2b2b41691d44bf8030abe227d5ef81e59ee9a239a6e841062775697a51bdd21aacd520bf7a52ef2a97b2c7dd123796d7a06b30074996c76ae7c4b983d5786e,08/24/2025 04:16:00 PM,1,DRIVER,,2036028,,SUBARU,OUTBACK,IL,2016,UNKNOWN,PASSENGER,PERSONAL,S,STRAIGHT AHEAD,,,1,,,,,Y,Y,,,,,,,,,,Y,,FRONT-RIGHT-CORNER,,,,,,,,,,,,,,,,,,,,,,,,,,,,,,,,,
2135826,ec2b2b41691d44bf8030abe227d5ef81e59ee9a239a6e841062775697a51bdd21aacd520bf7a52ef2a97b2c7dd123796d7a06b30074996c76ae7c4b983d5786e,08/24/2025 04:16:00 PM,2,DRIVER,,2036039,,LEXUS,OTHER (EXPLAIN IN NARRATIVE),TX,2022,UNKNOWN,PASSENGER,PERSONAL,SE,STRAIGHT AHEAD,Y,,1,,OWNER,,,,,,,,,,,Y,Y,Y,,,SIDE-LEFT,,,,,,,,,,,,,,,,,,,,,,,,,,,,,,,,,
2135827,4d54f9f6e0e799337ce84f21ef6223ae39196d66c262d1901af137ec98b2951f1aa139d8ad949aa14c820587033da3751989f8fa4f681347e4163d5ae38a1962,08/24/2025 04:06:00 PM,1,DRIVER,,2036029,,NISSAN,SENTRA,IL,2019,NONE,PASSENGER,PERSONAL,N,OTHER,,,1,,,,,,,,,,,,,,,,,Y,FRONT-LEFT-CORNER,,,,,,,,,,,,,,,,,,,,,,,,,,,,,,,,,
2135828,4d54f9f6e0e799337ce84f21ef6223ae39196d66c262d1901af137ec98b2951f1aa139d8ad949aa14c820587033da3751989f8fa4f681347e4163d5ae38a1962,08/24/2025 04:06:00 PM,2,BICYCLE,,,,,,,,,,,,,,,,,,,,,,,,,,,,,,,,,,,,,,,,,,,,,,,,,,,,,,,,,,,,,,,,,,
2135829,4d54f9f6e0e799337ce84f21ef6223ae39196d66c262d1901af137ec98b2951f1aa139d8ad949aa14c820587033da3751989f8fa4f681347e4163d5ae38a1962,08/24/2025 04:06:00 PM,3,PARKED,,2036033,,TOYOTA,SIENNA,IL,2009,NONE,VAN/MINI-VAN,PERSONAL,S,PARKED,,,0,,,,,,,,,,,,,,Y,,,,SIDE-LEFT,,,,,,,,,,,,,,,,,,,,,,,,,,,,,,,,,
2135805,a983c231cee7a6a6de416ca3c43f39e75ba57d48792727f9e4bde96c5b153a875edd34fe3ef19b04c4a0a49a2c87fc23f6bfb13ac5d1136b4236abc45190d435,08/24/2025 04:00:00 PM,1,DRIVER,,2036011,,TOYOTA,OTHER (EXPLAIN IN NARRATIVE),IL,2013,UNKNOWN,SPORT UTILITY VEHICLE (SUV),UNKNOWN/NA,E,STRAIGHT AHEAD,,,1,,,,,,,,,,,,,,,,,Y,FRONT,,,,,,,,,,,,,,,,,,,,,,,,,,,,,,,,,
2135806,a983c231cee7a6a6de416ca3c43f39e75ba57d48792727f9e4bde96c5b153a875edd34fe3ef19b04c4a0a49a2c87fc23f6bfb13ac5d1136b4236abc45190d435,08/24/2025 04:00:00 PM,2,DRIVER,,2036020,,GENERAL MOTORS CORPORATION (GMC),CANYON,,,UNKNOWN,PICKUP,UNKNOWN/NA,E,STRAIGHT AHEAD,,,1,,,,,,,,,Y,Y,Y,,,,,,,REAR,,,,,,,,,,,,,,,,,,,,,,,,,,,,,,,,,
2135883,cf62c2cc897db9e5128bc3739df068cce6b060d5495ed243fe47f72c2b35e8d472ca287aa221fe53bd46a70c7cf93936772871fdd6d3008667ad73a8648cda8d,08/24/2025 04:00:00 PM,1,DRIVER,,2036080,,UNKNOWN,OTHER (EXPLAIN IN NARRATIVE),,,NONE,TRUCK - SINGLE UNIT,COMMERCIAL - SINGLE UNIT,N,STRAIGHT AHEAD,,,1,,,,,,Y,,,,,,,,,,,,SIDE-RIGHT,,,,,,,,,,,,,,,,,,,,,,,,,,,,,,,,,
2135884,cf62c2cc897db9e5128bc3739df068cce6b060d5495ed243fe47f72c2b35e8d472ca287aa221fe53bd46a70c7cf93936772871fdd6d3008667ad73a8648cda8d,08/24/2025 04:00:00 PM,2,DRIVER,,2036089,,FORD,F150,IL,2010,NONE,PICKUP,PERSONAL,N,STRAIGHT AHEAD,,,1,,,,,,,,,,,,,,N,Y,,,SIDE-LEFT,,,,,,,,,,,,,,,,,,,,,,,,,,,,,,,,,
2135807,dcc4defdc2036ce346420bbd93df12c8c69f849d49846fc151b976c66e60775a8b7357a25543fc08571850bb10a0c806a9e4449332b4ff2ee4106f02322effa6,08/24/2025 04:00:00 PM,1,DRIVER,,2036014,,TOYOTA,OTHER (EXPLAIN IN NARRATIVE),CO,2015,UNKNOWN,PASSENGER,PERSONAL,W,STRAIGHT AHEAD,,,1,,,,Y,,,,,,,,,,,,N,,NONE,,,,,,,,,,,,,,,,,,,,,,,,,,,,,,,,,
2135808,dcc4defdc2036ce346420bbd93df12c8c69f849d49846fc151b976c66e60775a8b7357a25543fc08571850bb10a0c806a9e4449332b4ff2ee4106f02322effa6,08/24/2025 04:00:00 PM,2,PARKED,,2036022,,TOYOTA,OTHER (EXPLAIN IN NARRATIVE),NM,2019,UNKNOWN,PASSENGER,PERSONAL,W,PARKED,,,0,,,,,,,,,,Y,,,,,,,,REAR,,,,,,,,,,,,,,,,,,,,,,,,,,,,,,,,,
2136253,dcfa3f4ce208d942a789772a4519d9d68d404f9d1d2c64555d873817591be0f51c7e2d23484185ce9ff2956ca8c91515b1befe19d637b606946c329ad7e34a7c,08/24/2025 04:00:00 PM,1,DRIVER,,2036440,,FORD,F150,,2012,NONE,PICKUP,UNKNOWN/NA,NE,STRAIGHT AHEAD,,,1,,,,,,,,,,,,,Y,Y,,,,SIDE-LEFT,,,,,,,,,,,,,,,,,,,,,,,,,,,,,,,,,
2136254,dcfa3f4ce208d942a789772a4519d9d68d404f9d1d2c64555d873817591be0f51c7e2d23484185ce9ff2956ca8c91515b1befe19d637b606946c329ad7e34a7c,08/24/2025 04:00:00 PM,2,PARKED,1,2036442,,HONDA,INSIGHT,IL,2019,NONE,PASSENGER,NOT IN USE,S,PARKED,,,1,,,,,Y,Y,,,,,,,,,,,,FRONT-RIGHT-CORNER,,,,,,,,,,,,,,,,,,,,,,,,,,,,,,,,,
2135815,590d245ce4f836151656e27854f34f4a5aa30c5ec8f91ac6b3e63c105510d7a999180dc887eb0938b97b71442dd211dae801642f3267c7b82ccda90076cea5ee,08/24/2025 03:47:00 PM,1,DRIVER,,2036018,,CHEVROLET,EQUINOX,IL,2018,UNKNOWN,SPORT UTILITY VEHICLE (SUV),UNKNOWN/NA,W,STRAIGHT AHEAD,,,1,,,,,,,,,,,,,,,,,Y,UNKNOWN,,,,,,,,,,,,,,,,,,,,,,,,,,,,,,,,,
2135816,590d245ce4f836151656e27854f34f4a5aa30c5ec8f91ac6b3e63c105510d7a999180dc887eb0938b97b71442dd211dae801642f3267c7b82ccda90076cea5ee,08/24/2025 03:47:00 PM,2,DRIVER,,2036023,,KIA,NIRO,IL,2022,UNKNOWN,SPORT UTILITY VEHICLE (SUV),UNKNOWN/NA,W,SLOW/STOP IN TRAFFIC,,,1,,,,,,,,,,,,,,,,,,REAR,,,,,,,,,,,,,,,,,,,,,,,,,,,,,,,,,
2135830,d6b9505e7c7a6beaf25bf68976487e8df4775a62893b0b2f4d47a13ec9dccb63d5a61d31295b052664c8b3142cf9f8c6d116ae482408bb57f449a1d17ae90aa2,08/24/2025 03:46:00 PM,1,DRIVER,2,2036031,,CHEVROLET,OTHER (EXPLAIN IN NARRATIVE),IL,2012,UNKNOWN,UNKNOWN/NA,UNKNOWN/NA,N,STRAIGHT AHEAD,Y,,3,,city tow (hit & run,,,,,,,,,,,,,,,,UNKNOWN,,,,,,,,,,,,,,,,,,,,,,,,,,,,,,,,,
2135831,d6b9505e7c7a6beaf25bf68976487e8df4775a62893b0b2f4d47a13ec9dccb63d5a61d31295b052664c8b3142cf9f8c6d116ae482408bb57f449a1d17ae90aa2,08/24/2025 03:46:00 PM,2,DRIVER,1,2036042,,FORD,EXPLORER,IL,2023,NONE,PASSENGER,PERSONAL,S,STRAIGHT AHEAD,,,2,,,,,,,,,,,,,Y,Y,Y,,,FRONT-LEFT-CORNER,,,,,,,,,,,,,,,,,,,,,,,,,,,,,,,,,
2135859,348f5e22bf6a50f78e02087d189375868f99eacb551d0718bc232c0ea7da66e4b47a10c4bda873b652526f84334a5f7bfc74b4cbde09ddd6f4eb984af6d6804c,08/24/2025 03:45:00 PM,1,DRIVER,,2036056,,KIA,FORTE,IL,2021,UNKNOWN,PASSENGER,PERSONAL,W,BACKING,,,1,,,,,,,,,Y,,,,,,,,,REAR-RIGHT-CORNER,,,,,,,,,,,,,,,,,,,,,,,,,,,,,,,,,
2135860,348f5e22bf6a50f78e02087d189375868f99eacb551d0718bc232c0ea7da66e4b47a10c4bda873b652526f84334a5f7bfc74b4cbde09ddd6f4eb984af6d6804c,08/24/2025 03:45:00 PM,2,PARKED,,2036060,,NISSAN,MURANO,IL,2009,UNKNOWN,SPORT UTILITY VEHICLE (SUV),PERSONAL,E,PARKED,,,0,,,,,,,,,,,,,,,Y,,,FRONT-LEFT-CORNER,,,,,,,,,,,,,,,,,,,,,,,,,,,,,,,,,
2135788,ef0688145f4e5addc3fb51043a7d996989ca6be2ecbd87ace632d9caf3e3442b94f4bc8e5c11a48bfe7547dd81f9e1c9d1fd66a4c8dd4b9aef71a7e5836c41a9,08/24/2025 03:40:00 PM,1,DRIVER,,2036009,,HONDA,OTHER (EXPLAIN IN NARRATIVE),,,UNKNOWN,PASSENGER,UNKNOWN/NA,W,STRAIGHT AHEAD,,,1,,,,,,,,,,,,,,,Y,,,FRONT-LEFT-CORNER,,,,,,,,,,,,,,,,,,,,,,,,,,,,,,,,,
2135789,ef0688145f4e5addc3fb51043a7d996989ca6be2ecbd87ace632d9caf3e3442b94f4bc8e5c11a48bfe7547dd81f9e1c9d1fd66a4c8dd4b9aef71a7e5836c41a9,08/24/2025 03:40:00 PM,2,DRIVER,1,2035994,,CHEVROLET,TRAVERSE,IL,2019,NONE,SPORT UTILITY VEHICLE (SUV),PERSONAL,E,SLOW/STOP IN TRAFFIC,,,2,,,,,,,,,,,,,,Y,Y,,,FRONT-LEFT-CORNER,,,,,,,,,,,,,,,,,,,,,,,,,,,,,,,,,
2135776,a98c313530eec0e15963860a3c4ac823aa2b67129c8161c456dee3b899264c2c183951e178e569bcbbd471fa9d4886f9085037892496f46c2bdca094eb4b06d8,08/24/2025 03:33:00 PM,1,DRIVER,,2035980,,DODGE,RAM 1500 VAN,IL,2023,NONE,VAN/MINI-VAN,COMMERCIAL - SINGLE UNIT,E,STRAIGHT AHEAD,,,1,,,,,,,,,,,,,,,Y,,,FRONT-LEFT-CORNER,,,,,,,,,,,,,,,,,,,,,,,,,,,,,,,,,
2135777,a98c313530eec0e15963860a3c4ac823aa2b67129c8161c456dee3b899264c2c183951e178e569bcbbd471fa9d4886f9085037892496f46c2bdca094eb4b06d8,08/24/2025 03:33:00 PM,2,DRIVER,,2035986,,CHEVROLET,CRUZE,IL,2015,NONE,PASSENGER,PERSONAL,S,STRAIGHT AHEAD,,,1,,,,,Y,,Y,Y,,,,,,,,,,SIDE-RIGHT,,,,,,,,,,,,,,,,,,,,,,,,,,,,,,,,,
2135812,62db70b6920616ac501ddee346a3b86bf19d9b5917103109035a3564097ef1aa260936e7980eb411d52be1f412cf0a1e555a4d32b16bc3278ac6ba12fc320cf2,08/24/2025 03:30:00 PM,1,DRIVER,,2036013,,HONDA,ACCORD,IL,2024,NONE,PASSENGER,PERSONAL,E,TURNING LEFT,,,1,,,,,,,Y,Y,Y,,,,,,,,,SIDE-RIGHT,,,,,,,,,,,,,,,,,,,,,,,,,,,,,,,,,
2135813,62db70b6920616ac501ddee346a3b86bf19d9b5917103109035a3564097ef1aa260936e7980eb411d52be1f412cf0a1e555a4d32b16bc3278ac6ba12fc320cf2,08/24/2025 03:30:00 PM,2,DRIVER,1,2036021,,MITSUBISHI,OUTLANDER,IL,2013,NONE,PASSENGER,PERSONAL,W,STRAIGHT AHEAD,,,2,,,,,,,,,,,,,,,,Y,,FRONT,,,,,,,,,,,,,,,,,,,,,,,,,,,,,,,,,
2135846,988091d08be6ef8956277b5db82458e2788d74c1569bb6931ab600f5af081599f147a9547d84f3de8c0576fec637c0827b3ee8c3659c327eab4c05c2c733a492,08/24/2025 03:30:00 PM,1,DRIVER,,2036043,,FORD,F150,IL,2022,UNKNOWN,PICKUP,TOW TRUCK,E,STRAIGHT AHEAD,Y,,1,,TRIPLE A,UNKNOWN,,Y,,,,,,,,,,Y,Y,,FRONT,,,,,,,,,,,,,,,,,,,,,,,,,,,,,,,,,
2135847,988091d08be6ef8956277b5db82458e2788d74c1569bb6931ab600f5af081599f147a9547d84f3de8c0576fec637c0827b3ee8c3659c327eab4c05c2c733a492,08/24/2025 03:30:00 PM,2,DRIVER,,2036047,,FREIGHTLINER CORPORATION,FREIGHTLINER CORP.,IL,2021,UNKNOWN,TRUCK - SINGLE UNIT,COMMERCIAL - SINGLE UNIT,E,OTHER,,,1,,,,,,,,,,Y,Y,,,,,,,REAR,,,,,,,,,,,,,,,,,,,,,,,,,,,,,,,,,
2135848,988091d08be6ef8956277b5db82458e2788d74c1569bb6931ab600f5af081599f147a9547d84f3de8c0576fec637c0827b3ee8c3659c327eab4c05c2c733a492,08/24/2025 03:30:00 PM,3,PARKED,,2036052,,MAZDA,MAZDA3,IL,2024,UNKNOWN,PASSENGER,PERSONAL,E,PARKED,,,0,,,,,Y,,,,,,,,,,Y,Y,,REAR,,,,,,,,,,,,,,,,,,,,,,,,,,,,,,,,,
2136365,db8eb282f86629adfceec847b999511faeee7de432bde4159a2dc9c50122b798bc71c1f5d4ce5d9c3523d1725c1b4b181a5eec53c294b6ce3c94c2d9d96d1a1e,08/24/2025 03:30:00 PM,1,DRIVER,,2036552,,FORD,OTHER (EXPLAIN IN NARRATIVE),IL,2024,NONE,PASSENGER,PERSONAL,N,STRAIGHT AHEAD,,,1,,,,,Y,,,,,,,,,,Y,Y,,FRONT,,,,,,,,,,,,,,,,,,,,,,,,,,,,,,,,,
2136366,db8eb282f86629adfceec847b999511faeee7de432bde4159a2dc9c50122b798bc71c1f5d4ce5d9c3523d1725c1b4b181a5eec53c294b6ce3c94c2d9d96d1a1e,08/24/2025 03:30:00 PM,2,DRIVER,,2036553,,TOYOTA,COROLLA,,2007,NONE,PASSENGER,PERSONAL,N,STRAIGHT AHEAD,,,1,,,,,,,,,Y,Y,Y,,,,,,,REAR,,,,,,,,,,,,,,,,,,,,,,,,,,,,,,,,,
2135792,692c9b72c062ff9f71939c8ceeca57668f4dcf6d0468550f578e593c15ec6629b7cd105259e6ca48550f59782611638c84b499a42bb6bc4e0adcad30bb3a64b8,08/24/2025 03:29:00 PM,1,DRIVER,,2035992,,CHEVROLET,CORVETTE,IL,2019,UNKNOWN,PASSENGER,PERSONAL,S,TURNING LEFT,Y,,1,,PERSONAL,UNKNOWN,,Y,Y,,,,,,,,Y,Y,Y,,FRONT,,,,,,,,,,,,,,,,,,,,,,,,,,,,,,,,,
2135793,692c9b72c062ff9f71939c8ceeca57668f4dcf6d0468550f578e593c15ec6629b7cd105259e6ca48550f59782611638c84b499a42bb6bc4e0adcad30bb3a64b8,08/24/2025 03:29:00 PM,2,DRIVER,,2035998,,TOYOTA,COROLLA,IL,2025,UNKNOWN,PASSENGER,PERSONAL,N,STRAIGHT AHEAD,,,1,,,,,,,,,,,,,,Y,Y,Y,,FRONT-LEFT-CORNER,,,,,,,,,,,,,,,,,,,,,,,,,,,,,,,,,
2135769,615e8946dc6675b12e68527f09ef97a3fa98848052547e1ae4b5ac10bfbe2eb02a5a94d9ee7285f81d5ddf87784e4ce97516303a9fd32ecc170b8b290ce29f82,08/24/2025 03:23:00 PM,1,DRIVER,,2035975,,LEXUS,OTHER (EXPLAIN IN NARRATIVE),IL,2012,UNKNOWN,PASSENGER,UNKNOWN/NA,W,STRAIGHT AHEAD,,,1,,,,,,,,,,,,,,,,Y,,FRONT,,,,,,,,,,,,,,,,,,,,,,,,,,,,,,,,,
2135770,615e8946dc6675b12e68527f09ef97a3fa98848052547e1ae4b5ac10bfbe2eb02a5a94d9ee7285f81d5ddf87784e4ce97516303a9fd32ecc170b8b290ce29f82,08/24/2025 03:23:00 PM,2,DRIVER,1,2035983,,JEEP,GRAND CHEROKEE,IL,2000,NONE,SPORT UTILITY VEHICLE (SUV),PERSONAL,W,STRAIGHT AHEAD,,,2,,,,,,,,,,Y,,,,,,Y,,REAR,,,,,,,,,,,,,,,,,,,,,,,,,,,,,,,,,
2135771,615e8946dc6675b12e68527f09ef97a3fa98848052547e1ae4b5ac10bfbe2eb02a5a94d9ee7285f81d5ddf87784e4ce97516303a9fd32ecc170b8b290ce29f82,08/24/2025 03:23:00 PM,3,DRIVER,1,2035990,,HONDA,CIVIC,,,UNKNOWN,PASSENGER,PERSONAL,W,STRAIGHT AHEAD,,,2,,,,,,,,,,Y,,,,,,,,REAR,,,,,,,,,,,,,,,,,,,,,,,,,,,,,,,,,
2135842,a5f142d057b2e66fe88e71016eb2c4985912fb4252c1c358be3927413bf5682efeda20ee31a53e76c5ed5c556dfbc09c63222ca4c389370f6d1c8e669e70275d,08/24/2025 03:21:00 PM,1,DRIVER,,2036067,,FORD,F150,IL,2022,NONE,PICKUP,OTHER,E,STRAIGHT AHEAD,Y,,1,,NO LIMITS,UNK,,Y,,,,,,,,,,Y,Y,,FRONT,,,,,,,,,,,,,,,,,,,,,,,,,,,,,,,,,
2135843,a5f142d057b2e66fe88e71016eb2c4985912fb4252c1c358be3927413bf5682efeda20ee31a53e76c5ed5c556dfbc09c63222ca4c389370f6d1c8e669e70275d,08/24/2025 03:21:00 PM,2,PARKED,,2036149,,FREIGHTLINER CORPORATION,OTHER (EXPLAIN IN NARRATIVE),IL,2021,NONE,TRUCK - SINGLE UNIT,OTHER,E,PARKED,,,0,,,,,,,,,Y,Y,Y,,,,,,,REAR,,,,,,,,,,,,,,,,,,,,,,,,,,,,,,,,,
2135844,176dc7fd0f6b6e0f907fed7eb8cb74f9a20e0ae641a3490e218f71a997b70aafd4b9a47588c9124eaad4dcaabb77e8fd72f626b246e316cdbc009c0611f1591c,08/24/2025 03:20:00 PM,1,DRIVER,1,2036044,,JEEP,GRAND CHEROKEE,IL,2015,NONE,PASSENGER,RIDESHARE SERVICE,S,TURNING LEFT,,,2,,,,,Y,Y,,,,,,,,,,Y,,FRONT-RIGHT-CORNER,,,,,,,,,,,,,,,,,,,,,,,,,,,,,,,,,
2135845,176dc7fd0f6b6e0f907fed7eb8cb74f9a20e0ae641a3490e218f71a997b70aafd4b9a47588c9124eaad4dcaabb77e8fd72f626b246e316cdbc009c0611f1591c,08/24/2025 03:20:00 PM,2,DRIVER,,2036050,Y,NOVA BUS,OTHER (EXPLAIN IN NARRATIVE),IL,2015,NONE,BUS OVER 15 PASS.,CTA,S,UNKNOWN/NA,,,1,,,,,,,,,,,,,,,,,Y,UNKNOWN,"22,067",,,,,3,CTA,,,,,,N,N,,N,,N,N,,,,,,,,,BUS,BUS,OTHER,N,N,
2135799,3a03078cfc46a17405b77252f85ed590c59a0088abe422dc792edd3619969caed6e5713f8c58c3b8160a4903e1507fd189d3d1075cdaab965431f3444f1490b3,08/24/2025 03:20:00 PM,1,DRIVER,2,2036005,,JEEP,COMPASS,IL,2016,NONE,PASSENGER,UNKNOWN/NA,E,TURNING LEFT,,,3,,,,,Y,Y,,,,,,,,,Y,Y,,FRONT-RIGHT-CORNER,,,,,,,,,,,,,,,,,,,,,,,,,,,,,,,,,
2135800,3a03078cfc46a17405b77252f85ed590c59a0088abe422dc792edd3619969caed6e5713f8c58c3b8160a4903e1507fd189d3d1075cdaab965431f3444f1490b3,08/24/2025 03:20:00 PM,2,DRIVER,,2036010,,HONDA,CIVIC,IL,2018,UNKNOWN,PASSENGER,UNKNOWN/NA,N,STRAIGHT AHEAD,,,1,,,,,Y,,,,,,,,,,Y,Y,,FRONT,,,,,,,,,,,,,,,,,,,,,,,,,,,,,,,,,