CRASH_UNIT_ID,CRASH_RECORD_ID,CRASH_DATE,UNIT_NO,UNIT_TYPE,NUM_PASSENGERS,VEHICLE_ID,CMRC_VEH_I,MAKE,MODEL,LIC_PLATE_STATE,VEHICLE_YEAR,VEHICLE_DEFECT,VEHICLE_TYPE,VEHICLE_USE,TRAVEL_DIRECTION,MANEUVER,TOWED_I,FIRE_I,OCCUPANT_CNT,EXCEED_SPEED_LIMIT_I,TOWED_BY,TOWED_TO,AREA_00_I,AREA_01_I,AREA_02_I,AREA_03_I,AREA_04_I,AREA_05_I,AREA_06_I,AREA_07_I,AREA_08_I,AREA_09_I,AREA_10_I,AREA_11_I,AREA_12_I,AREA_99_I,FIRST_CONTACT_POINT,CMV_ID,USDOT_NO,CCMC_NO,ILCC_NO,COMMERCIAL_SRC,GVWR,CARRIER_NAME,CARRIER_STATE,CARRIER_CITY,HAZMAT_PLACARDS_I,HAZMAT_NAME,UN_NO,HAZMAT_PRESENT_I,HAZMAT_REPORT_I,HAZMAT_REPORT_NO,MCS_REPORT_I,MCS_REPORT_NO,HAZMAT_VIO_CAUSE_CRASH_I,MCS_VIO_CAUSE_CRASH_I,IDOT_PERMIT_NO,WIDE_LOAD_I,TRAILER1_WIDTH,TRAILER2_WIDTH,TRAILER1_LENGTH,TRAILER2_LENGTH,TOTAL_VEHICLE_LENGTH,AXLE_CNT,VEHICLE_CONFIG,CARGO_BODY_TYPE,LOAD_TYPE,HAZMAT_OUT_OF_SERVICE_I,MCS_OUT_OF_SERVICE_I,HAZMAT_CLASS
2135819,2f4e8fea32acecd89d1052fdb5892826c5442bb6fefd09734c09cc72ad209cd724c7dd3732b25d3169de381afb2d66d25abb3f22d18b9e32b9b023347062e3ab,08/24/2025 03:03:00 PM,1,DRIVER,,2036025,,TOYOTA,SIENNA,IL,2007,UNKNOWN,VAN/MINI-VAN,PERSONAL,E,SLOW/STOP IN TRAFFIC,,,1,,,,,,,,,,,,,,,,Y,,FRONT,,,,,,,,,,,,,,,,,,,,,,,,,,,,,,,,,
2135820,2f4e8fea32acecd89d1052fdb5892826c5442bb6fefd09734c09cc72ad209cd724c7dd3732b25d3169de381afb2d66d25abb3f22d18b9e32b9b023347062e3ab,08/24/2025 03:03:00 PM,2,DRIVER,2,2036032,,HYUNDAI,SONATA,IL,2013,UNKNOWN,PASSENGER,PERSONAL,E,SLOW/STOP IN TRAFFIC,,,3,,,,,,,,,,Y,,,,,,,,REAR,,,,,,,,,,,,,,,,,,,,,,,,,,,,,,,,,
2135832,55a1970a8c207ad5056d420200aff019dba0467344e1cc2a90589d317956563ba7166c468095d5eb1869c1959c9c1d59a2fd9ca68dde3fded33830bb743a26f9,08/24/2025 03:00:00 PM,1,DRIVER,,2036034,,UNKNOWN,MOTORIZED,IL,,NONE,PASSENGER,PERSONAL,E,STRAIGHT AHEAD,,,1,,,,,,,,,,,,,,,,,,FRONT,,,,,,,,,,,,,,,,,,,,,,,,,,,,,,,,,
2135833,55a1970a8c207ad5056d420200aff019dba0467344e1cc2a90589d317956563ba7166c468095d5eb1869c1959c9c1d59a2fd9ca68dde3fded33830bb743a26f9,08/24/2025 03:00:00 PM,2,PARKED,,2036037,,TOYOTA,COROLLA,IL,2015,NONE,PASSENGER,NOT IN USE,E,PARKED,,,0,,,,,,,Y,Y,,,,,,,,,,SIDE-RIGHT,,,,,,,,,,,,,,,,,,,,,,,,,,,,,,,,,
2136298,d20477bc7e8048bdfc4fee3515a37a53e3d8d62d0228b2e9323a3ce20d320b385b6966a6ba0f45428c522e05af95d64a949c3edaf4d36a218e029e14eed543de,08/24/2025 03:00:00 PM,1,DRIVER,,2036500,,MERCEDES-BENZ,280 SERIES,,,UNKNOWN,PASSENGER,PERSONAL,N,STRAIGHT AHEAD,,,1,,,,,,,,,,,,,,,,,,UNKNOWN,,,,,,,,,,,,,,,,,,,,,,,,,,,,,,,,,
2136299,d20477bc7e8048bdfc4fee3515a37a53e3d8d62d0228b2e9323a3ce20d320b385b6966a6ba0f45428c522e05af95d64a949c3edaf4d36a218e029e14eed543de,08/24/2025 03:00:00 PM,2,DRIVER,,2036493,,HONDA,ODYSSEY,IL,2024,UNKNOWN,PASSENGER,PERSONAL,N,STRAIGHT AHEAD,,,1,,,,,,,,,Y,Y,Y,,,,,,,REAR,,,,,,,,,,,,,,,,,,,,,,,,,,,,,,,,,
2135918,2c5a31e263f1e78509d7cb580d5d354ef20ebe86e40f882fcd3ac3c3a353b341526902cd3bfbfeec283d96fb266124c18413365227e87565e5bb009ce16159a4,08/24/2025 02:57:00 PM,1,DRIVER,1,2036121,,NISSAN,ROGUE,NV,2025,UNKNOWN,PASSENGER,PERSONAL,E,U-TURN,Y,,2,,O'HARE TOW TRUCK,11 N. BESSIE COLEMAN/RELO LOT,,,,,,,,,,Y,Y,Y,,,SIDE-LEFT,,,,,,,,,,,,,,,,,,,,,,,,,,,,,,,,,
2135919,2c5a31e263f1e78509d7cb580d5d354ef20ebe86e40f882fcd3ac3c3a353b341526902cd3bfbfeec283d96fb266124c18413365227e87565e5bb009ce16159a4,08/24/2025 02:57:00 PM,2,DRIVER,,2036179,,HYUNDAI,SANTA FE,CO,2024,UNKNOWN,PASSENGER,PERSONAL,S,STRAIGHT AHEAD,,,1,,,,,Y,,,,,,,,,,Y,Y,,FRONT,,,,,,,,,,,,,,,,,,,,,,,,,,,,,,,,,
2135849,0dd533dd3f88abb94817ddb021eb41e0712b1b6f3cde25f7a7cd4b5d501d8e3dd9cc8154712a62e9c1d8f7471834fdeb42ee992b3f8fca4582d60cc8fab2ebb1,08/24/2025 02:51:00 PM,1,DRIVER,,2036053,,ACURA,TLX,IL,2009,UNKNOWN,PASSENGER,PERSONAL,W,STRAIGHT AHEAD,,,1,,,,,,,,,,,,,,,,,Y,FRONT,,,,,,,,,,,,,,,,,,,,,,,,,,,,,,,,,
2135850,0dd533dd3f88abb94817ddb021eb41e0712b1b6f3cde25f7a7cd4b5d501d8e3dd9cc8154712a62e9c1d8f7471834fdeb42ee992b3f8fca4582d60cc8fab2ebb1,08/24/2025 02:51:00 PM,2,PARKED,,2036096,,BUICK,OTHER (EXPLAIN IN NARRATIVE),IL,2012,NONE,PASSENGER,PERSONAL,W,PARKED,Y,,0,,PRIVATE TOW,,,Y,,,,,,N,Y,Y,Y,Y,Y,,SIDE-LEFT,,,,,,,,,,,,,,,,,,,,,,,,,,,,,,,,,
2135851,0dd533dd3f88abb94817ddb021eb41e0712b1b6f3cde25f7a7cd4b5d501d8e3dd9cc8154712a62e9c1d8f7471834fdeb42ee992b3f8fca4582d60cc8fab2ebb1,08/24/2025 02:51:00 PM,3,PARKED,,2036109,,BUICK,ENCORE,IL,2022,UNKNOWN,PASSENGER,PERSONAL,W,PARKED,Y,,0,,PRIVATE TOW,,,Y,,,,,Y,Y,Y,,,Y,Y,,REAR-LEFT-CORNER,,,,,,,,,,,,,,,,,,,,,,,,,,,,,,,,,
2135852,0dd533dd3f88abb94817ddb021eb41e0712b1b6f3cde25f7a7cd4b5d501d8e3dd9cc8154712a62e9c1d8f7471834fdeb42ee992b3f8fca4582d60cc8fab2ebb1,08/24/2025 02:51:00 PM,4,PARKED,,2036102,,VOLKSWAGEN,JETTA,IL,2016,UNKNOWN,PASSENGER,PERSONAL,W,PARKED,,,0,,,,,,,,,,Y,,,,,,,,REAR,,,,,,,,,,,,,,,,,,,,,,,,,,,,,,,,,
2135834,466e909cbe732259f346a6cbf93a2290c44a4830be3b789226acd9b87304200887efff4f9d23bd9d98bae64b7489af96cd1353926b463f45d05fe6325991795b,08/24/2025 02:45:00 PM,1,DRIVER,,2036036,,UNKNOWN,OTHER (EXPLAIN IN NARRATIVE),,,UNKNOWN,SPORT UTILITY VEHICLE (SUV),UNKNOWN/NA,S,STRAIGHT AHEAD,,,1,,,,,,,,,,,,,,,,Y,,FRONT,,,,,,,,,,,,,,,,,,,,,,,,,,,,,,,,,
2135835,466e909cbe732259f346a6cbf93a2290c44a4830be3b789226acd9b87304200887efff4f9d23bd9d98bae64b7489af96cd1353926b463f45d05fe6325991795b,08/24/2025 02:45:00 PM,2,DRIVER,,2036038,,INFINITI,Q60,IL,2017,NONE,SPORT UTILITY VEHICLE (SUV),PERSONAL,S,STRAIGHT AHEAD,,,1,,,,,,,,,,Y,,,,,,Y,,REAR,,,,,,,,,,,,,,,,,,,,,,,,,,,,,,,,,
2135768,4de91d3e1b0b99d7bfdb159f5a171b0aad35c4687446ea25fd2c9afadae1b2b4e1d821537eaa434bf379e5054d926749b301fc078286a8a305fdf5d42aeabd0d,08/24/2025 02:40:00 PM,1,DRIVER,,2035974,,ACURA,ZDX,IL,2017,UNKNOWN,SPORT UTILITY VEHICLE (SUV),PERSONAL,UNKNOWN,UNKNOWN/NA,Y,,1,,OEMC,DOTY #2,,Y,,,,Y,Y,Y,,Y,Y,Y,Y,,REAR,,,,,,,,,,,,,,,,,,,,,,,,,,,,,,,,,
2136423,419f870a132bf95018297fff7ef8074c9d0d2cbd1afe533d49b4ef83c0663209645549cdb91ed615c843267969945216e367dbf392098c11236f5a1b760cacc3,08/24/2025 02:30:00 PM,1,DRIVER,,2036670,,FORD,EXPLORER,IL,2003,UNKNOWN,UNKNOWN/NA,UNKNOWN/NA,UNKNOWN,UNKNOWN/NA,,,1,,,,,Y,,,,,,,,,,,,,FRONT-RIGHT-CORNER,,,,,,,,,,,,,,,,,,,,,,,,,,,,,,,,,
2136424,419f870a132bf95018297fff7ef8074c9d0d2cbd1afe533d49b4ef83c0663209645549cdb91ed615c843267969945216e367dbf392098c11236f5a1b760cacc3,08/24/2025 02:30:00 PM,2,DRIVER,,2036677,,JEEP,CHEROKEE,IL,2024,UNKNOWN,UNKNOWN/NA,UNKNOWN/NA,UNKNOWN,UNKNOWN/NA,,,1,,,,,,,,,,Y,,,,,,,,REAR,,,,,,,,,,,,,,,,,,,,,,,,,,,,,,,,,
2135784,6537b740f60e165bbd874dd084f1d148402acdb7085c4ac602087d8f4a04e7a2a75fc16cb6f1c4fe84b5ad0867664a19b7bc0d99e94ebcc6e58720ed834ff81c,08/24/2025 02:30:00 PM,1,DRIVER,,2035989,,FORD,F150,IL,1997,NONE,PICKUP,PERSONAL,S,SLOW/STOP IN TRAFFIC,,,1,,,,,,,,,,,,,,,,Y,,FRONT,,,,,,,,,,,,,,,,,,,,,,,,,,,,,,,,,
2135785,6537b740f60e165bbd874dd084f1d148402acdb7085c4ac602087d8f4a04e7a2a75fc16cb6f1c4fe84b5ad0867664a19b7bc0d99e94ebcc6e58720ed834ff81c,08/24/2025 02:30:00 PM,2,DRIVER,,2035996,,KIA,SEDONA,IL,2016,NONE,PASSENGER,PERSONAL,E,TURNING LEFT,,,1,,,,,,,,,,,,Y,Y,,,,,SIDE-LEFT,,,,,,,,,,,,,,,,,,,,,,,,,,,,,,,,,
2137996,8ae72f84ef7d5edef643a3be3bf999abbb4a55cfa6ad3b2bc3d175e229f932483e5f31777a60478c0b5574c9f0cf1146c304f2aa920b45f57c477e7679370eb3,08/24/2025 02:30:00 PM,1,DRIVER,,2038099,,JEEP,GRAND CHEROKEE,IL,2015,UNKNOWN,SPORT UTILITY VEHICLE (SUV),PERSONAL,NW,BACKING,,,1,,,,,,,,,,,,,,,,,Y,UNKNOWN,,,,,,,,,,,,,,,,,,,,,,,,,,,,,,,,,
2137997,8ae72f84ef7d5edef643a3be3bf999abbb4a55cfa6ad3b2bc3d175e229f932483e5f31777a60478c0b5574c9f0cf1146c304f2aa920b45f57c477e7679370eb3,08/24/2025 02:30:00 PM,2,PARKED,,2038102,,HYUNDAI,ELANTRA,IL,2020,UNKNOWN,PASSENGER,PERSONAL,UNKNOWN,PARKED,,,0,,,,,,,,,,,,,,Y,Y,,,FRONT-LEFT-CORNER,,,,,,,,,,,,,,,,,,,,,,,,,,,,,,,,,
2139945,b53bd61a7bdcc32a38d22eb181dc6f579b54ac61e59e0d08989564e84e4792fe72b14e3efe0b6294bd6d72494e87317b2a7d6357f8e9466a173a57db9209620a,08/24/2025 02:30:00 PM,1,DRIVER,,2039949,,LEXUS,RX,IL,2005,NONE,SPORT UTILITY VEHICLE (SUV),PERSONAL,N,TURNING LEFT,,,1,,,,,,,,,,,,,,,,Y,,FRONT,,,,,,,,,,,,,,,,,,,,,,,,,,,,,,,,,
2139946,b53bd61a7bdcc32a38d22eb181dc6f579b54ac61e59e0d08989564e84e4792fe72b14e3efe0b6294bd6d72494e87317b2a7d6357f8e9466a173a57db9209620a,08/24/2025 02:30:00 PM,2,DRIVER,,2039953,,HONDA,CR-V,IL,2017,NONE,SPORT UTILITY VEHICLE (SUV),PERSONAL,S,SLOW/STOP IN TRAFFIC,,,1,,,,,,,,,,,,,,,Y,,,FRONT-LEFT-CORNER,,,,,,,,,,,,,,,,,,,,,,,,,,,,,,,,,
2135751,e64924c313b1e32bdae724042586a28c7b9dc7883d3b416346c7f2619c7b66c9e970635796d591806ff7c025769ea17ea1b6808f4e4090255a5453ac46f17e25,08/24/2025 02:30:00 PM,1,DRIVER,1,2035958,,TOYOTA,CAMRY,IL,2013,UNKNOWN,PASSENGER,RIDESHARE SERVICE,E,OTHER,,,2,,,,,,,,,,,Y,Y,Y,,,,,SIDE-LEFT,,,,,,,,,,,,,,,,,,,,,,,,,,,,,,,,,
2135752,e64924c313b1e32bdae724042586a28c7b9dc7883d3b416346c7f2619c7b66c9e970635796d591806ff7c025769ea17ea1b6808f4e4090255a5453ac46f17e25,08/24/2025 02:30:00 PM,2,DRIVER,1,2035966,,PORSCHE,MACAN,IL,2021,NONE,SPORT UTILITY VEHICLE (SUV),PERSONAL,E,PASSING/OVERTAKING,,,2,,,,,,,Y,Y,Y,,,,,,,,,SIDE-RIGHT-REAR,,,,,,,,,,,,,,,,,,,,,,,,,,,,,,,,,
2135803,341f027ef9eef8f08316ad7d776bfa20a7231ec307ea2841d769af8a28511607823113482f418ebf4b98aa04a0f4a2fe484a6d9dd89813ed56e9f060ee07ac37,08/24/2025 02:20:00 PM,1,DRIVER,,2036123,,NISSAN,SENTRA,IL,2006,UNKNOWN,PASSENGER,PERSONAL,NW,TURNING LEFT,,,1,,,,,,,,,Y,Y,Y,,,,,,,UNKNOWN,,,,,,,,,,,,,,,,,,,,,,,,,,,,,,,,,
2135804,341f027ef9eef8f08316ad7d776bfa20a7231ec307ea2841d769af8a28511607823113482f418ebf4b98aa04a0f4a2fe484a6d9dd89813ed56e9f060ee07ac37,08/24/2025 02:20:00 PM,2,DRIVER,1,2036126,,NISSAN,SENTRA,IL,2018,UNKNOWN,PASSENGER,PERSONAL,S,STRAIGHT AHEAD,,,2,,,,,Y,Y,,,,,,,,,,,,UNKNOWN,,,,,,,,,,,,,,,,,,,,,,,,,,,,,,,,,
2135743,8165ed29610deb32edc923fdf3a92216d09b5c1437599690e7e3d4a0fde2f2622540b9b48be17d10130cc85dcefd645642c22fc41d71200ef19174d7afa47303,08/24/2025 02:10:00 PM,1,DRIVER,,2035947,,KIA,SPORTAGE,IL,2013,UNKNOWN,PASSENGER,PERSONAL,N,STRAIGHT AHEAD,,,1,,,,,,,,,,,,,,,,,,FRONT,,,,,,,,,,,,,,,,,,,,,,,,,,,,,,,,,
2135744,8165ed29610deb32edc923fdf3a92216d09b5c1437599690e7e3d4a0fde2f2622540b9b48be17d10130cc85dcefd645642c22fc41d71200ef19174d7afa47303,08/24/2025 02:10:00 PM,2,DRIVER,,2035953,,NISSAN,X-TERRA,IL,2015,UNKNOWN,PASSENGER,PERSONAL,N,STRAIGHT AHEAD,,,1,,,,,,,,,,,,,,,,,,REAR,,,,,,,,,,,,,,,,,,,,,,,,,,,,,,,,,
2135709,bc2d57f8130b243810e6a7e2aa3f131dea954b7b1e2a0ab3c65d7345eca826ca0478358f8ea5f04e00bb8b66ffe6066914028c95ce229f64798d68c2e0ba883a,08/24/2025 02:07:00 PM,1,DRIVER,,2035914,,FORD,F150,IL,2007,UNKNOWN,PICKUP,PERSONAL,S,SLOW/STOP IN TRAFFIC,,,1,,,,,Y,,,,,,,,,,Y,Y,,FRONT,,,,,,,,,,,,,,,,,,,,,,,,,,,,,,,,,
2135710,bc2d57f8130b243810e6a7e2aa3f131dea954b7b1e2a0ab3c65d7345eca826ca0478358f8ea5f04e00bb8b66ffe6066914028c95ce229f64798d68c2e0ba883a,08/24/2025 02:07:00 PM,2,DRIVER,1,2035921,,MAZDA,MIATA,IL,1992,UNKNOWN,PASSENGER,PERSONAL,S,STRAIGHT AHEAD,,,2,,,,,,,,,Y,Y,Y,,,,,,,REAR,,,,,,,,,,,,,,,,,,,,,,,,,,,,,,,,,
2135717,8bd37c13968fcbff10e150c094b81ea12beb126e8f7ca791f49e0f36f50d05388168a49a231e2592887787f4302cb5139aa96bc9e5e20aafcd71e88568d9524f,08/24/2025 01:57:00 PM,1,DRIVER,,2035915,,GENERAL MOTORS CORPORATION (GMC),ACADIA,IL,2017,NONE,SPORT UTILITY VEHICLE (SUV),PERSONAL,NW,TURNING LEFT,,,1,,,,,,,,,,,,,,,Y,,,FRONT-LEFT-CORNER,,,,,,,,,,,,,,,,,,,,,,,,,,,,,,,,,
2135718,8bd37c13968fcbff10e150c094b81ea12beb126e8f7ca791f49e0f36f50d05388168a49a231e2592887787f4302cb5139aa96bc9e5e20aafcd71e88568d9524f,08/24/2025 01:57:00 PM,2,DRIVER,2,2035919,,BUICK,VERANO,IL,2014,NONE,PASSENGER,PERSONAL,E,STRAIGHT AHEAD,,,3,,,,,Y,,,,,,,,,,,,,FRONT-RIGHT-CORNER,,,,,,,,,,,,,,,,,,,,,,,,,,,,,,,,,
2135736,bd13d7b0a678355dea7e8bea63209a1468f39736bdf4839a47e99c2ad3c3ddf21aeed51903d0cbb6d5f53974075c87c8598cfe2c847f774217274a4337dc202b,08/24/2025 01:50:00 PM,1,DRIVER,,2035951,,LEXUS,RX350,IN,2015,UNKNOWN,SPORT UTILITY VEHICLE (SUV),PERSONAL,N,STRAIGHT AHEAD,,,1,,,,,,,,,,,,,,,,Y,,FRONT,,,,,,,,,,,,,,,,,,,,,,,,,,,,,,,,,
2135737,bd13d7b0a678355dea7e8bea63209a1468f39736bdf4839a47e99c2ad3c3ddf21aeed51903d0cbb6d5f53974075c87c8598cfe2c847f774217274a4337dc202b,08/24/2025 01:50:00 PM,2,DRIVER,,2035946,,HONDA,ACCORD,IL,2000,NONE,PASSENGER,PERSONAL,N,SLOW/STOP IN TRAFFIC,,,1,,,,,,,,,Y,Y,Y,,,,,,,REAR,,,,,,,,,,,,,,,,,,,,,,,,,,,,,,,,,
2135698,d907408912f9348cc06ecddd1a6a6a7df6a51cf937dcb239b6fb0aeedb472784663c53a94984b386a12e28f6cbe97b4baefd650aaf7633c304a081369855dadc,08/24/2025 01:45:00 PM,1,DRIVER,1,2035905,,CHEVROLET,AVALANCHE,IL,2007,UNKNOWN,PICKUP,PERSONAL,E,BACKING,,,2,,,,Y,,,,,,,,,,,,,,REAR,,,,,,,,,,,,,,,,,,,,,,,,,,,,,,,,,
2135699,d907408912f9348cc06ecddd1a6a6a7df6a51cf937dcb239b6fb0aeedb472784663c53a94984b386a12e28f6cbe97b4baefd650aaf7633c304a081369855dadc,08/24/2025 01:45:00 PM,2,PARKED,,2035909,,TOYOTA,SIENNA,IL,2011,UNKNOWN,PASSENGER,PERSONAL,E,PARKED,,,0,,,,,Y,,,,,,,,,,Y,Y,,FRONT,,,,,,,,,,,,,,,,,,,,,,,,,,,,,,,,,
2135725,df66ea29833dbd319f7532f9904927a4c0fbae9a2d88d2140ca536478a4a1e257f72253b259c84ecc46420ea7d174911e9efb81962337cac1367af16e6f1863b,08/24/2025 01:45:00 PM,1,,,,,,,,,,,,,,,,,,,,,,,,,,,,,,,,,,,,,,,,,,,,,,,,,,,,,,,,,,,,,,,,,,,
2135726,df66ea29833dbd319f7532f9904927a4c0fbae9a2d88d2140ca536478a4a1e257f72253b259c84ecc46420ea7d174911e9efb81962337cac1367af16e6f1863b,08/24/2025 01:45:00 PM,2,,,,,,,,,,,,,,,,,,,,,,,,,,,,,,,,,,,,,,,,,,,,,,,,,,,,,,,,,,,,,,,,,,,
2135753,df66ea29833dbd319f7532f9904927a4c0fbae9a2d88d2140ca536478a4a1e257f72253b259c84ecc46420ea7d174911e9efb81962337cac1367af16e6f1863b,08/24/2025 01:45:00 PM,1,DRIVER,,2035957,,FORD,MUSTANG,IL,2022,NONE,PASSENGER,PERSONAL,N,TURNING LEFT,,,1,,,,,Y,,,,,,,,,Y,Y,Y,,FRONT,,,,,,,,,,,,,,,,,,,,,,,,,,,,,,,,,
2135756,df66ea29833dbd319f7532f9904927a4c0fbae9a2d88d2140ca536478a4a1e257f72253b259c84ecc46420ea7d174911e9efb81962337cac1367af16e6f1863b,08/24/2025 01:45:00 PM,2,DRIVER,,2035965,,ACURA,ILX,IL,2016,NONE,PASSENGER,PERSONAL,N,STRAIGHT AHEAD,,,1,,,,,,,,,,,Y,Y,Y,Y,Y,,,SIDE-LEFT,,,,,,,,,,,,,,,,,,,,,,,,,,,,,,,,,
2135713,3e59c625075e6fa04ac6e1905e9e3f41f2d877d2b0a017c14159bc758cf558455a8a92001b08822bc27cbbbeb014a830357432d878bc51a76aa00c7efcaa6132,08/24/2025 01:37:00 PM,1,DRIVER,,2035916,,ACURA,ILX,IL,2024,NONE,PASSENGER,PERSONAL,SE,MERGING,,,1,,,,,,,,,,,,,Y,Y,Y,Y,,SIDE-LEFT,,,,,,,,,,,,,,,,,,,,,,,,,,,,,,,,,
2135714,3e59c625075e6fa04ac6e1905e9e3f41f2d877d2b0a017c14159bc758cf558455a8a92001b08822bc27cbbbeb014a830357432d878bc51a76aa00c7efcaa6132,08/24/2025 01:37:00 PM,2,DRIVER,,2035925,,TOYOTA,SIENNA,IL,2025,NONE,PASSENGER,PERSONAL,S,STRAIGHT AHEAD,,,1,,,,,Y,Y,Y,Y,,,,,,,,Y,,SIDE-RIGHT,,,,,,,,,,,,,,,,,,,,,,,,,,,,,,,,,
2135727,0cbc021eef823e69066107c179d1e9003d19cbd063d494b9bdd4edca8fed4215ec31143a1fd66d69db6cd5f38dcc48924716b657c1d1e9802ef7b994b82b2388,08/24/2025 01:30:00 PM,1,DRIVER,,2035926,,CHEVROLET,OTHER (EXPLAIN IN NARRATIVE),,,NONE,PASSENGER,PERSONAL,S,STRAIGHT AHEAD,,,1,,,,,Y,,,,,,,,,,Y,Y,,FRONT,,,,,,,,,,,,,,,,,,,,,,,,,,,,,,,,,
2135728,0cbc021eef823e69066107c179d1e9003d19cbd063d494b9bdd4edca8fed4215ec31143a1fd66d69db6cd5f38dcc48924716b657c1d1e9802ef7b994b82b2388,08/24/2025 01:30:00 PM,2,DRIVER,,2035927,,HONDA,CIVIC,IL,2025,NONE,PASSENGER,PERSONAL,S,STRAIGHT AHEAD,,,1,,,,,,,,,Y,Y,Y,,,,,,,REAR,,,,,,,,,,,,,,,,,,,,,,,,,,,,,,,,,
2135786,3fb6409977689c31a9cd3e2b36f0af466a8c8f4672bd9d87f68378926b239e23d18e00102284de336c7e38c79c363c72d7afe61775ee07094467ff584d353cc4,08/24/2025 01:30:00 PM,1,DRIVER,1,2036003,,FORD,OTHER (EXPLAIN IN NARRATIVE),AZ,2012,UNKNOWN,TRUCK - SINGLE UNIT,OTHER,E,STRAIGHT AHEAD,,,2,,,,,,,,,,,,N,,,,,Y,SIDE-LEFT-REAR,,,,,,,,,,,,,,,,,,,,,,,,,,,,,,,,,
2135787,3fb6409977689c31a9cd3e2b36f0af466a8c8f4672bd9d87f68378926b239e23d18e00102284de336c7e38c79c363c72d7afe61775ee07094467ff584d353cc4,08/24/2025 01:30:00 PM,2,DRIVER,,2036019,,CHEVROLET,TRAIL BLAZER,IN,2022,UNKNOWN,SPORT UTILITY VEHICLE (SUV),PERSONAL,W,STRAIGHT AHEAD,,,1,,,,,,,,,,,Y,,,,,,,SIDE-LEFT-REAR,,,,,,,,,,,,,,,,,,,,,,,,,,,,,,,,,
2135707,c6d54d42e1bc008df57784e42c766825e56c8ccd1c616fa7638885a1f8024f63f0c7bae74648ae76359034e2c158c1f7bc758bd07188b2eb020573b2d12e57aa,08/24/2025 01:30:00 PM,1,DRIVER,,2035913,,CHEVROLET,IMPALA,IL,2010,UNKNOWN,PASSENGER,PERSONAL,W,ENTER FROM DRIVE/ALLEY,,,1,,,,,Y,,,,,,,,,,Y,Y,,FRONT,,,,,,,,,,,,,,,,,,,,,,,,,,,,,,,,,
2135708,c6d54d42e1bc008df57784e42c766825e56c8ccd1c616fa7638885a1f8024f63f0c7bae74648ae76359034e2c158c1f7bc758bd07188b2eb020573b2d12e57aa,08/24/2025 01:30:00 PM,2,DRIVER,,2035924,,NISSAN,ALTIMA,IL,2020,NONE,PASSENGER,PERSONAL,N,STRAIGHT AHEAD,,,1,,,,,,Y,Y,Y,,,,,,,,,,SIDE-RIGHT,,,,,,,,,,,,,,,,,,,,,,,,,,,,,,,,,
2139065,d92ad6fc3c8a5d44aa63ee65a0ee6dc82f581a60a5a93ee03214be8297586c4e8256524d1cfcc956b639dd97577ffc5bdd9d7f1da891bf9e4afedf796b7b8c74,08/24/2025 01:20:00 PM,1,DRIVER,,2039087,,CHEVROLET,EQUINOX,IL,2011,NONE,PASSENGER,PERSONAL,N,STRAIGHT AHEAD,,,1,,,,,,,,,,,,,,Y,Y,,,FRONT-LEFT-CORNER,,,,,,,,,,,,,,,,,,,,,,,,,,,,,,,,,
2139066,d92ad6fc3c8a5d44aa63ee65a0ee6dc82f581a60a5a93ee03214be8297586c4e8256524d1cfcc956b639dd97577ffc5bdd9d7f1da891bf9e4afedf796b7b8c74,08/24/2025 01:20:00 PM,2,DRIVER,,2039088,,CHEVROLET,TRAX,IL,2020,NONE,PASSENGER,PERSONAL,N,STRAIGHT AHEAD,,,1,,,,,,,Y,Y,Y,,,,,,,,,REAR-RIGHT-CORNER,,,,,,,,,,,,,,,,,,,,,,,,,,,,,,,,,
2137667,5a69816960c8c8cbfda43978d7d31b15455fb68ced01d0fc6d1b2d862777056484b94e9ed4d626d7f267b236b72a474a92de5d37ea4b12d829ac65203cf703e9,08/24/2025 01:19:00 PM,1,DRIVER,,2037807,,FORD,FUSION,IL,2015,UNKNOWN,PASSENGER,UNKNOWN/NA,E,BACKING,,,1,,,,,,,,,,,,,,,,,Y,UNKNOWN,,,,,,,,,,,,,,,,,,,,,,,,,,,,,,,,,
2137668,5a69816960c8c8cbfda43978d7d31b15455fb68ced01d0fc6d1b2d862777056484b94e9ed4d626d7f267b236b72a474a92de5d37ea4b12d829ac65203cf703e9,08/24/2025 01:19:00 PM,2,DRIVER,,2037794,,TOYOTA,HIGHLANDER,IL,2021,UNKNOWN,SPORT UTILITY VEHICLE (SUV),PERSONAL,W,SLOW/STOP IN TRAFFIC,,,1,,,,,Y,,,,,,,,,,Y,Y,,FRONT,,,,,,,,,,,,,,,,,,,,,,,,,,,,,,,,,
2136373,4cb76369abcda5df177c1214bb92555685f511d87bdebc3ab76fb7d48e5b9dc5a2a549bedf963db474569f41305f1b67c5049135f4e636f62c5f1e152e051ffb,08/24/2025 01:15:00 PM,1,DRIVER,,2036562,,CHEVROLET,CRUZE,IL,2014,UNKNOWN,UNKNOWN/NA,UNKNOWN/NA,UNKNOWN,UNKNOWN/NA,,,1,,,,,,,,,,,,,,,,,Y,UNKNOWN,,,,,,,,,,,,,,,,,,,,,,,,,,,,,,,,,