CRASH_UNIT_ID,CRASH_RECORD_ID,CRASH_DATE,UNIT_NO,UNIT_TYPE,NUM_PASSENGERS,VEHICLE_ID,CMRC_VEH_I,MAKE,MODEL,LIC_PLATE_STATE,VEHICLE_YEAR,VEHICLE_DEFECT,VEHICLE_TYPE,VEHICLE_USE,TRAVEL_DIRECTION,MANEUVER,TOWED_I,FIRE_I,OCCUPANT_CNT,EXCEED_SPEED_LIMIT_I,TOWED_BY,TOWED_TO,AREA_00_I,AREA_01_I,AREA_02_I,AREA_03_I,AREA_04_I,AREA_05_I,AREA_06_I,AREA_07_I,AREA_08_I,AREA_09_I,AREA_10_I,AREA_11_I,AREA_12_I,AREA_99_I,FIRST_CONTACT_POINT,CMV_ID,USDOT_NO,CCMC_NO,ILCC_NO,COMMERCIAL_SRC,GVWR,CARRIER_NAME,CARRIER_STATE,CARRIER_CITY,HAZMAT_PLACARDS_I,HAZMAT_NAME,UN_NO,HAZMAT_PRESENT_I,HAZMAT_REPORT_I,HAZMAT_REPORT_NO,MCS_REPORT_I,MCS_REPORT_NO,HAZMAT_VIO_CAUSE_CRASH_I,MCS_VIO_CAUSE_CRASH_I,IDOT_PERMIT_NO,WIDE_LOAD_I,TRAILER1_WIDTH,TRAILER2_WIDTH,TRAILER1_LENGTH,TRAILER2_LENGTH,TOTAL_VEHICLE_LENGTH,AXLE_CNT,VEHICLE_CONFIG,CARGO_BODY_TYPE,LOAD_TYPE,HAZMAT_OUT_OF_SERVICE_I,MCS_OUT_OF_SERVICE_I,HAZMAT_CLASS
2136374,4cb76369abcda5df177c1214bb92555685f511d87bdebc3ab76fb7d48e5b9dc5a2a549bedf963db474569f41305f1b67c5049135f4e636f62c5f1e152e051ffb,08/24/2025 01:15:00 PM,2,DRIVER,,2036563,,AUDI,A4,IL,2013,NONE,PASSENGER,PERSONAL,N,PASSING/OVERTAKING,,,1,,,,,,,,,,,,,Y,Y,,,,SIDE-RIGHT,,,,,,,,,,,,,,,,,,,,,,,,,,,,,,,,,
2136379,240bd234628139eb198d2c7196b01d70f0862b624131a859d67ee22e4f8d810f3ce731fa9064578740ec1d59286000275d2e13990284d217cdaaa2275e12b0ce,08/24/2025 01:10:00 PM,2,DRIVER,1,2036569,,CADILLAC,SRX,IL,2014,NONE,SPORT UTILITY VEHICLE (SUV),PERSONAL,W,STRAIGHT AHEAD,,,2,,,,,,Y,Y,,,,,,,,,,,SIDE-RIGHT,,,,,,,,,,,,,,,,,,,,,,,,,,,,,,,,,
2136380,240bd234628139eb198d2c7196b01d70f0862b624131a859d67ee22e4f8d810f3ce731fa9064578740ec1d59286000275d2e13990284d217cdaaa2275e12b0ce,08/24/2025 01:10:00 PM,1,DRIVER,,2036570,,CHEVROLET,MALIBU,IL,2011,NONE,PASSENGER,PERSONAL,W,STRAIGHT AHEAD,,,1,,,,,,,,,,,,,,,,,Y,UNKNOWN,,,,,,,,,,,,,,,,,,,,,,,,,,,,,,,,,
2135692,91af8797b0b81785e007257b7efa9e1a5ec66630aa8ddd18eb259c9104eb8cb2e716e5baf548a5af98c9f16a617a8009a15ec6f956e78d8639fe41ecebe12426,08/24/2025 01:08:00 PM,1,DRIVER,2,2035912,,PONTIAC,VIBE,IL,2003,UNKNOWN,PASSENGER,PERSONAL,W,STRAIGHT AHEAD,Y,,3,,CITY OF CHICAGO,POUND#6,,,,,,,,,,,Y,Y,,,FRONT-LEFT-CORNER,,,,,,,,,,,,,,,,,,,,,,,,,,,,,,,,,
2135693,91af8797b0b81785e007257b7efa9e1a5ec66630aa8ddd18eb259c9104eb8cb2e716e5baf548a5af98c9f16a617a8009a15ec6f956e78d8639fe41ecebe12426,08/24/2025 01:08:00 PM,2,DRIVER,2,2035935,,NISSAN,ROGUE,IL,2011,UNKNOWN,PASSENGER,PERSONAL,E,STRAIGHT AHEAD,Y,,3,,OWNER,RESIDENCE,,,,,,,,Y,Y,Y,Y,,,,SIDE-LEFT,,,,,,,,,,,,,,,,,,,,,,,,,,,,,,,,,
2135694,91af8797b0b81785e007257b7efa9e1a5ec66630aa8ddd18eb259c9104eb8cb2e716e5baf548a5af98c9f16a617a8009a15ec6f956e78d8639fe41ecebe12426,08/24/2025 01:08:00 PM,3,PARKED,,2035943,,HYUNDAI,VENUE,MD,2023,UNKNOWN,PASSENGER,PERSONAL,E,PARKED,N,,0,,,,,,,,,,,,,,Y,,,,SIDE-LEFT,,,,,,,,,,,,,,,,,,,,,,,,,,,,,,,,,
2135695,91af8797b0b81785e007257b7efa9e1a5ec66630aa8ddd18eb259c9104eb8cb2e716e5baf548a5af98c9f16a617a8009a15ec6f956e78d8639fe41ecebe12426,08/24/2025 01:08:00 PM,4,PARKED,,2035952,,HONDA,CIVIC,IN,2020,UNKNOWN,PASSENGER,NOT IN USE,E,PARKED,,,0,,,,,,,,,,,,,,,Y,,,SIDE-LEFT-FRONT,,,,,,,,,,,,,,,,,,,,,,,,,,,,,,,,,
2136153,a92bc89b50d00adacdce6d8185d14555fdefba44f10064d1d14db034847e60365c4bd8bb0b566c65abc86ed29c8a5f00ba965ebdf5854dbc3a1b8dc6bc33f841,08/24/2025 01:08:00 PM,1,DRIVER,,2036348,,NISSAN,ROGUE,IL,2015,NONE,SPORT UTILITY VEHICLE (SUV),PERSONAL,S,BACKING,,,1,,,,,,,,,Y,Y,Y,,,,,,,REAR,,,,,,,,,,,,,,,,,,,,,,,,,,,,,,,,,
2136154,a92bc89b50d00adacdce6d8185d14555fdefba44f10064d1d14db034847e60365c4bd8bb0b566c65abc86ed29c8a5f00ba965ebdf5854dbc3a1b8dc6bc33f841,08/24/2025 01:08:00 PM,2,DRIVER,,2036353,,NISSAN,ALTIMA,IL,2020,NONE,SPORT UTILITY VEHICLE (SUV),PERSONAL,W,STRAIGHT AHEAD,,,1,,,,,Y,Y,,,,,,,,,,Y,,FRONT-RIGHT-CORNER,,,,,,,,,,,,,,,,,,,,,,,,,,,,,,,,,
2136390,0a65369636faa3597e62cf88c145b19166866a42949d5f4c1b892d619eb5b61d59e8b391c9d9f1e2a8cb3b60f943154729121454c84364003c1fbc6ede8e6007,08/24/2025 01:05:00 PM,1,DRIVER,,2036580,,HONDA,CR-V,MN,2005,UNKNOWN,SPORT UTILITY VEHICLE (SUV),UNKNOWN/NA,E,CHANGING LANES,,,1,,,,,Y,,,,,,,,,,,,,FRONT-RIGHT-CORNER,,,,,,,,,,,,,,,,,,,,,,,,,,,,,,,,,
2136391,0a65369636faa3597e62cf88c145b19166866a42949d5f4c1b892d619eb5b61d59e8b391c9d9f1e2a8cb3b60f943154729121454c84364003c1fbc6ede8e6007,08/24/2025 01:05:00 PM,2,DRIVER,,2036585,,TOYOTA,PRIUS,IL,2015,NONE,PASSENGER,PERSONAL,E,SLOW/STOP IN TRAFFIC,,,1,,,,,,,,,,,Y,Y,Y,Y,,,,SIDE-LEFT-FRONT,,,,,,,,,,,,,,,,,,,,,,,,,,,,,,,,,
2135691,02c492a87f1414a9e3c03d753a9e20dd48e7fd9b023d5b140603ac8e31092c68ab37fdb778ad25c355e0734b4f5bbba4d186876b7a6a729a06bdc3acd7421043,08/24/2025 01:00:00 PM,1,DRIVER,1,2035900,,LINCOLN,AVIATOR,KS,2025,NONE,SPORT UTILITY VEHICLE (SUV),PERSONAL,E,ENTER FROM DRIVE/ALLEY,,,2,,,,,,,,,,,,,,,Y,Y,,FRONT,,,,,,,,,,,,,,,,,,,,,,,,,,,,,,,,,
2135662,4b9a705f41c6ae65e099c5f62a663377134e901063fbe2f933244ecb9181fc3d8d93bf5fb22c9976ccf900b2e583e50519debff9de68ce4f76a7c6761b25cfea,08/24/2025 01:00:00 PM,1,DRIVER,,2035872,,SUBARU,OUTBACK,IL,2011,NONE,PASSENGER,PERSONAL,S,BACKING,,,1,,,,,,,,,,Y,,,,,,,,REAR,,,,,,,,,,,,,,,,,,,,,,,,,,,,,,,,,
2135663,4b9a705f41c6ae65e099c5f62a663377134e901063fbe2f933244ecb9181fc3d8d93bf5fb22c9976ccf900b2e583e50519debff9de68ce4f76a7c6761b25cfea,08/24/2025 01:00:00 PM,2,DRIVER,,2035879,,FORD,ESCAPE,IL,2009,NONE,PASSENGER,PERSONAL,N,LEAVING TRAFFIC LANE TO PARK,,,1,,,,,,,,,,,,,,,Y,Y,,FRONT,,,,,,,,,,,,,,,,,,,,,,,,,,,,,,,,,
2135678,4d99d7399218baa153905144cbc43189761bc2417f79edabc3b076fc351c5a7e9093a038f2c07714562943df1d84391dfb0788ce5b3eb16716c20d28cf95e919,08/24/2025 01:00:00 PM,1,DRIVER,1,2035882,,AUDI,A7,IL,2013,UNKNOWN,PASSENGER,PERSONAL,S,STRAIGHT AHEAD,,,2,,,,,,,,,,,,,,,Y,Y,,FRONT,,,,,,,,,,,,,,,,,,,,,,,,,,,,,,,,,
2135679,4d99d7399218baa153905144cbc43189761bc2417f79edabc3b076fc351c5a7e9093a038f2c07714562943df1d84391dfb0788ce5b3eb16716c20d28cf95e919,08/24/2025 01:00:00 PM,2,DRIVER,,2035895,,TOYOTA,COROLLA,IL,2004,UNKNOWN,PASSENGER,PERSONAL,S,STRAIGHT AHEAD,,,1,,,,,,,,,,,N,,,,,,Y,REAR,,,,,,,,,,,,,,,,,,,,,,,,,,,,,,,,,
2135715,ac2970c1b9e4af50762b2bee47059420881b4ca7317012ebb623992021757822de942d52bcd1f699c117469bab5de7182a0f55f21a21f7087f64b95af76e49d6,08/24/2025 01:00:00 PM,1,DRIVER,,2035917,,UNKNOWN,OTHER (EXPLAIN IN NARRATIVE),XX,,UNKNOWN,UNKNOWN/NA,UNKNOWN/NA,UNKNOWN,UNKNOWN/NA,,,1,,,,,,,,,,,,,,,,,Y,UNKNOWN,,,,,,,,,,,,,,,,,,,,,,,,,,,,,,,,,
2135716,ac2970c1b9e4af50762b2bee47059420881b4ca7317012ebb623992021757822de942d52bcd1f699c117469bab5de7182a0f55f21a21f7087f64b95af76e49d6,08/24/2025 01:00:00 PM,2,PARKED,,2035923,,TOYOTA,CAMRY,IL,2000,NONE,PASSENGER,PERSONAL,N,PARKED,,,0,,,,,,,,,,,Y,Y,Y,Y,Y,,,SIDE-LEFT-REAR,,,,,,,,,,,,,,,,,,,,,,,,,,,,,,,,,
2135731,b3b2209ef270e0b71a316b2eccc0cb4be1b64ec94878294cc8af49927a644ce46876794d18e35de50de34b4b413d86d17f7579f9dc32bcd3d111dfd533c17f64,08/24/2025 01:00:00 PM,1,DRIVER,,2035936,,UNKNOWN,OTHER (EXPLAIN IN NARRATIVE),GA,2018,NONE,OTHER,OTHER,E,STRAIGHT AHEAD,Y,,1,,private,unknown,,,,,,,,,,,,,,,TOP,,,,,,,,,,,,,,,,,,,,,,,,,,,,,,,,,
2135680,b8cbebd8b28c66d5bad6530d9a31257ff53f14bcac9cb2dda50756e09713efdf222cde2a13b184d8868922cccec5f07cdbda6121537e9a8e698f6f1ec9ef91ef,08/24/2025 01:00:00 PM,1,DRIVER,,2035881,,MAZDA,CX-9,IL,2011,UNKNOWN,SPORT UTILITY VEHICLE (SUV),PERSONAL,UNKNOWN,STRAIGHT AHEAD,,,1,,,,,,,,,,,,,,Y,Y,Y,,FRONT-LEFT-CORNER,,,,,,,,,,,,,,,,,,,,,,,,,,,,,,,,,
2135681,b8cbebd8b28c66d5bad6530d9a31257ff53f14bcac9cb2dda50756e09713efdf222cde2a13b184d8868922cccec5f07cdbda6121537e9a8e698f6f1ec9ef91ef,08/24/2025 01:00:00 PM,2,DRIVER,,2035887,,UNKNOWN,OTHER (EXPLAIN IN NARRATIVE),IL,2018,UNKNOWN,UNKNOWN/NA,PERSONAL,UNKNOWN,STRAIGHT AHEAD,,,1,,,,,,,,,,Y,,,,,,Y,,REAR,,,,,,,,,,,,,,,,,,,,,,,,,,,,,,,,,
2135682,b8cbebd8b28c66d5bad6530d9a31257ff53f14bcac9cb2dda50756e09713efdf222cde2a13b184d8868922cccec5f07cdbda6121537e9a8e698f6f1ec9ef91ef,08/24/2025 01:00:00 PM,3,DRIVER,,2035896,,LEXUS,NX,IL,2015,UNKNOWN,SPORT UTILITY VEHICLE (SUV),PERSONAL,UNKNOWN,STRAIGHT AHEAD,,,1,,,,,,,,,,Y,Y,Y,,,,,,REAR-LEFT-CORNER,,,,,,,,,,,,,,,,,,,,,,,,,,,,,,,,,
2135687,43e2754b9662e98bf99e03e771f8a1ebb67b40c118fb90037a2461ffb31bd9d7afb0464d929df91046113bc5095cc8120fe3af0b7791b8baf57af8f1fcd97795,08/24/2025 12:53:00 PM,1,DRIVER,,2035892,,UNKNOWN,OTHER (EXPLAIN IN NARRATIVE),XX,,UNKNOWN,UNKNOWN/NA,UNKNOWN/NA,UNKNOWN,UNKNOWN/NA,,,1,,,,,,,,,,,,,,,,,Y,UNKNOWN,,,,,,,,,,,,,,,,,,,,,,,,,,,,,,,,,
2135688,43e2754b9662e98bf99e03e771f8a1ebb67b40c118fb90037a2461ffb31bd9d7afb0464d929df91046113bc5095cc8120fe3af0b7791b8baf57af8f1fcd97795,08/24/2025 12:53:00 PM,2,PARKED,,2035897,,DODGE,RAM 1500 PU,IL,2025,UNKNOWN,PICKUP,PERSONAL,E,PARKED,,,0,,,,,,,,,N,,Y,,,,,,,SIDE-LEFT-REAR,,,,,,,,,,,,,,,,,,,,,,,,,,,,,,,,,
2135653,d18194ef2930603455602936df1112e1063bc2ed4899b5d1445764adf70069102bde7052d9194be19e1d87c72fe9999b05735da1c131d1b06d852949074e14ef,08/24/2025 12:50:00 PM,1,DRIVER,,2035871,,UNKNOWN,MOTORIZED,,,UNKNOWN,UNKNOWN/NA,UNKNOWN/NA,W,STRAIGHT AHEAD,,,1,,,,,,,,,,,,,,,,,Y,FRONT,,,,,,,,,,,,,,,,,,,,,,,,,,,,,,,,,
2135654,d18194ef2930603455602936df1112e1063bc2ed4899b5d1445764adf70069102bde7052d9194be19e1d87c72fe9999b05735da1c131d1b06d852949074e14ef,08/24/2025 12:50:00 PM,2,PARKED,,2035867,,TOYOTA,COROLLA,IL,2007,NONE,PASSENGER,PERSONAL,W,PARKED IN TRAFFIC LANE,,,0,,,,,,,,,Y,Y,Y,,,,,,,REAR,,,,,,,,,,,,,,,,,,,,,,,,,,,,,,,,,
2135754,7f8f110867c87e173af3754d2269677114496a55bfa7707dccc86bd1401c073afcb9838e288020e334ac0c793a44c3a69021064f356ec93cafe5ca7215e1d734,08/24/2025 12:45:00 PM,1,DRIVER,,2035969,,FORD,ESCAPE,IL,2012,UNKNOWN,UNKNOWN/NA,UNKNOWN/NA,W,STRAIGHT AHEAD,,,1,,,,,,,,,,,,,,,,,Y,FRONT,,,,,,,,,,,,,,,,,,,,,,,,,,,,,,,,,
2135755,7f8f110867c87e173af3754d2269677114496a55bfa7707dccc86bd1401c073afcb9838e288020e334ac0c793a44c3a69021064f356ec93cafe5ca7215e1d734,08/24/2025 12:45:00 PM,2,DRIVER,,2035995,,TOYOTA,CAMRY,IN,2002,UNKNOWN,UNKNOWN/NA,PERSONAL,W,STRAIGHT AHEAD,,,1,,,,,,,,,Y,,,,,,,,,SIDE-RIGHT-REAR,,,,,,,,,,,,,,,,,,,,,,,,,,,,,,,,,
2135696,0229f63b6a9d56b9ca51e92f61ac6e067996f94563de47688a80b9757ff4728e052c43ac932bc81c7ff4b5782a547d44f21227d58d724b8788e13d03696b0369,08/24/2025 12:30:00 PM,1,DRIVER,,2035899,,CHEVROLET,IMPALA,IL,2004,UNKNOWN,PASSENGER,PERSONAL,UNKNOWN,UNKNOWN/NA,,,1,,,,,,,,,Y,Y,,,,,,,,REAR-RIGHT-CORNER,,,,,,,,,,,,,,,,,,,,,,,,,,,,,,,,,
2135697,0229f63b6a9d56b9ca51e92f61ac6e067996f94563de47688a80b9757ff4728e052c43ac932bc81c7ff4b5782a547d44f21227d58d724b8788e13d03696b0369,08/24/2025 12:30:00 PM,2,DRIVER,,2035904,,CHEVROLET,MALIBU,IL,2018,UNKNOWN,UNKNOWN/NA,UNKNOWN/NA,UNKNOWN,UNKNOWN/NA,,,1,,,,,,,,Y,Y,Y,Y,,,,,,,REAR-RIGHT-CORNER,,,,,,,,,,,,,,,,,,,,,,,,,,,,,,,,,
2135721,167736dfc201719577f960ea70b1faf89a4af202b613cbcc972bf381971b79114ece0af1b431ef1f1dffc78814c1cc5dc956a949629322ebf726e13aed5ce02c,08/24/2025 12:30:00 PM,1,DRIVER,1,2035922,,SUBARU,LEGACY,IL,2017,NONE,PASSENGER,PERSONAL,W,TURNING LEFT,,,2,,,,,Y,,,,,,,,,,,,,FRONT-RIGHT-CORNER,,,,,,,,,,,,,,,,,,,,,,,,,,,,,,,,,
2135722,167736dfc201719577f960ea70b1faf89a4af202b613cbcc972bf381971b79114ece0af1b431ef1f1dffc78814c1cc5dc956a949629322ebf726e13aed5ce02c,08/24/2025 12:30:00 PM,2,DRIVER,,2035929,,HONDA,ACCORD,IL,2007,NONE,PASSENGER,PERSONAL,W,STRAIGHT AHEAD,,,1,,,,,,,,,,,Y,,,,,,,REAR-LEFT-CORNER,,,,,,,,,,,,,,,,,,,,,,,,,,,,,,,,,
2135642,264e742ba2d0fa713a74fc79cffeaa0334e2f36d56ecadcd643233a502336df22eb7c250901fa3aa0ec276b719810f2547b3fdea9e02f2f144cf04111e8aad54,08/24/2025 12:30:00 PM,2,DRIVER,,2036311,,FORD,ECONOLINE 100,IL,2000,NONE,PASSENGER,PERSONAL,E,STRAIGHT AHEAD,,,1,,,,,,Y,Y,Y,,,,,,,,,,SIDE-RIGHT,,,,,,,,,,,,,,,,,,,,,,,,,,,,,,,,,
2136111,264e742ba2d0fa713a74fc79cffeaa0334e2f36d56ecadcd643233a502336df22eb7c250901fa3aa0ec276b719810f2547b3fdea9e02f2f144cf04111e8aad54,08/24/2025 12:30:00 PM,1,DRIVER,,2036309,,CADILLAC,SRX,,2011,NONE,PASSENGER,PERSONAL,E,ENTERING TRAFFIC LANE FROM PARKING,,,1,,,,,,,,,,,,,,Y,Y,,,FRONT-LEFT-CORNER,,,,,,,,,,,,,,,,,,,,,,,,,,,,,,,,,
2136257,df166cd2a813a58eb2ddb032dceff227835749cdc77eeb20e99c9038eb1d66c843b40d4fa2f724fe41a750f08c48b6e2b66d7ab64424c2e7c91bc42a684b3729,08/24/2025 12:30:00 PM,1,DRIVER,,2036450,,HONDA,PILOT,IL,2023,UNKNOWN,PASSENGER,PERSONAL,E,STRAIGHT AHEAD,,,1,,,,,,,,,,,,,Y,Y,,,,SIDE-LEFT,,,,,,,,,,,,,,,,,,,,,,,,,,,,,,,,,
2136258,df166cd2a813a58eb2ddb032dceff227835749cdc77eeb20e99c9038eb1d66c843b40d4fa2f724fe41a750f08c48b6e2b66d7ab64424c2e7c91bc42a684b3729,08/24/2025 12:30:00 PM,2,DRIVER,,2036459,,KIA,FORTE,IL,2024,UNKNOWN,PASSENGER,PERSONAL,E,STRAIGHT AHEAD,,,1,,,,,Y,Y,,,,,,,,,,,,SIDE-RIGHT-FRONT,,,,,,,,,,,,,,,,,,,,,,,,,,,,,,,,,
2135723,80fa9ab576baade681183864603ee74906fd4c3e557bc751544851333c78b39db7020fbb3b72119c05fcafc51a6f7c95db27ec3babbb961bd2fb89586df107b2,08/24/2025 12:26:00 PM,1,DRIVER,,2035944,,HONDA,ACCORD,IL,2005,UNKNOWN,PASSENGER,PERSONAL,UNKNOWN,CHANGING LANES,,,1,,,,,Y,Y,,,,,,,,,,,,FRONT-RIGHT-CORNER,,,,,,,,,,,,,,,,,,,,,,,,,,,,,,,,,
2135724,80fa9ab576baade681183864603ee74906fd4c3e557bc751544851333c78b39db7020fbb3b72119c05fcafc51a6f7c95db27ec3babbb961bd2fb89586df107b2,08/24/2025 12:26:00 PM,2,DRIVER,,2035949,,JEEP,GRAND CHEROKEE,IL,2022,UNKNOWN,SPORT UTILITY VEHICLE (SUV),PERSONAL,UNKNOWN,STRAIGHT AHEAD,,,1,,,,,,,,,,,,,,Y,Y,,,FRONT-LEFT-CORNER,,,,,,,,,,,,,,,,,,,,,,,,,,,,,,,,,
2135676,4acecf668a997b44204a25436103ef50107688b30821739f225241eee92fe5a1d16b661fb3f8ce14b0458132e6aa7eb12078a7b7e25f0ed2c79c4d617a6d6c6f,08/24/2025 12:25:00 PM,1,DRIVER,,2035903,,UNKNOWN,OTHER (EXPLAIN IN NARRATIVE),,,UNKNOWN,SPORT UTILITY VEHICLE (SUV),UNKNOWN/NA,E,STRAIGHT AHEAD,,,1,,,,,Y,,,,,,,,,,Y,Y,N,FRONT,,,,,,,,,,,,,,,,,,,,,,,,,,,,,,,,,
2135677,4acecf668a997b44204a25436103ef50107688b30821739f225241eee92fe5a1d16b661fb3f8ce14b0458132e6aa7eb12078a7b7e25f0ed2c79c4d617a6d6c6f,08/24/2025 12:25:00 PM,2,DRIVER,,2035889,,DODGE,JOURNEY,IL,2017,NONE,SPORT UTILITY VEHICLE (SUV),PERSONAL,N,STARTING IN TRAFFIC,Y,,1,,Private tow,unknown,,,,,,,,Y,Y,,,,,,REAR-LEFT-CORNER,,,,,,,,,,,,,,,,,,,,,,,,,,,,,,,,,
2135658,b22bce37783d28ccc51ae5ae80a388f5b78d4a81aabb5e65e2a53f7316662252a1ef94802cd8131533f6e312dd5bb50b5ce223f39b543049c6cd4478aac66c02,08/24/2025 12:15:00 PM,1,DRIVER,,2035870,,FORD,F150,IL,2015,UNKNOWN,PICKUP,UNKNOWN/NA,S,STRAIGHT AHEAD,,,1,,,,,Y,,,,,,,,,,Y,Y,,FRONT,,,,,,,,,,,,,,,,,,,,,,,,,,,,,,,,,
2135659,b22bce37783d28ccc51ae5ae80a388f5b78d4a81aabb5e65e2a53f7316662252a1ef94802cd8131533f6e312dd5bb50b5ce223f39b543049c6cd4478aac66c02,08/24/2025 12:15:00 PM,2,DRIVER,1,2035883,,TOYOTA,MATRIX,IL,2009,NONE,PASSENGER,PERSONAL,W,STRAIGHT AHEAD,,,2,,,,,,,,,Y,,,,,,,,,REAR-RIGHT-CORNER,,,,,,,,,,,,,,,,,,,,,,,,,,,,,,,,,
2136118,c8f815f7acaa30bc6a6ad24795dc03f23528a679f07808ab4bc2d4412801e64cf9ea306cac048bbd19bcce87c75ad446a07559eef767d8615d2f9e3364bbbc0f,08/24/2025 12:11:00 PM,1,DRIVER,,2036320,,UNKNOWN,OTHER (EXPLAIN IN NARRATIVE),,,UNKNOWN,PASSENGER,PERSONAL,S,TURNING RIGHT,,,1,,,,,,,,,,,,,,,,,Y,UNKNOWN,,,,,,,,,,,,,,,,,,,,,,,,,,,,,,,,,
2136119,c8f815f7acaa30bc6a6ad24795dc03f23528a679f07808ab4bc2d4412801e64cf9ea306cac048bbd19bcce87c75ad446a07559eef767d8615d2f9e3364bbbc0f,08/24/2025 12:11:00 PM,2,BICYCLE,,,,,,,,,,,,,,,,,,,,,,,,,,,,,,,,,,,,,,,,,,,,,,,,,,,,,,,,,,,,,,,,,,
2135646,92f2fbac6089aa69ab6e831b6a81c4ed58ca47fdcadaa28515cd4b52b171951ab3cea7cc398b4f237e5d65601b98be322aadae62e8214540ec6544e51ae42d65,08/24/2025 12:05:00 PM,2,DRIVER,,2035875,,KIA,OTHER (EXPLAIN IN NARRATIVE),IL,2022,NONE,SPORT UTILITY VEHICLE (SUV),PERSONAL,UNKNOWN,BACKING,,,1,,,,,,,,,Y,Y,Y,,,,,,,REAR,,,,,,,,,,,,,,,,,,,,,,,,,,,,,,,,,
2135648,92f2fbac6089aa69ab6e831b6a81c4ed58ca47fdcadaa28515cd4b52b171951ab3cea7cc398b4f237e5d65601b98be322aadae62e8214540ec6544e51ae42d65,08/24/2025 12:05:00 PM,1,DRIVER,,2035862,,FORD,FREESTYLE,IL,2005,NONE,OTHER,PERSONAL,N,STRAIGHT AHEAD,,,1,,,,,Y,Y,,,,,,,,,,,,FRONT-RIGHT-CORNER,,,,,,,,,,,,,,,,,,,,,,,,,,,,,,,,,
2136975,3ab8eedbeaf337f844a124ed9fc4bd6745f75fc2d664ed5d3fed93fdef246076c77f0d6b23c9e451d96f8db71f94dc953b2a5dd55ef2be09e53879bedf03c60c,08/24/2025 12:00:00 PM,1,DRIVER,,2037121,,UNKNOWN,OTHER (EXPLAIN IN NARRATIVE),IL,,UNKNOWN,UNKNOWN/NA,UNKNOWN/NA,UNKNOWN,UNKNOWN/NA,,,1,,,,,,,,,,,,,,,,,,UNKNOWN,,,,,,,,,,,,,,,,,,,,,,,,,,,,,,,,,
2136976,3ab8eedbeaf337f844a124ed9fc4bd6745f75fc2d664ed5d3fed93fdef246076c77f0d6b23c9e451d96f8db71f94dc953b2a5dd55ef2be09e53879bedf03c60c,08/24/2025 12:00:00 PM,2,PARKED,,2037130,,KIA,SPORTAGE,IL,,NONE,SPORT UTILITY VEHICLE (SUV),NOT IN USE,S,PARKED,,,0,,,,,Y,Y,,,,,,,,,,,,FRONT-RIGHT-CORNER,,,,,,,,,,,,,,,,,,,,,,,,,,,,,,,,,
2135655,f2e60fd5eb9a390d498345f0cbe5968af45bd382a77fcc5cd33632f1bc28d30d6574a153647a27a8d8489fda6ed0f81811453aa78b99eff2cec1f6c4a4a04530,08/24/2025 11:58:00 AM,1,DRIVER,1,2035869,,MERCEDES-BENZ,GLE,IL,2019,NONE,PASSENGER,PERSONAL,N,STRAIGHT AHEAD,,,2,,,,,,,,,,,,,,,,Y,,FRONT-RIGHT-CORNER,,,,,,,,,,,,,,,,,,,,,,,,,,,,,,,,,
2135675,f2e60fd5eb9a390d498345f0cbe5968af45bd382a77fcc5cd33632f1bc28d30d6574a153647a27a8d8489fda6ed0f81811453aa78b99eff2cec1f6c4a4a04530,08/24/2025 11:58:00 AM,2,PEDESTRIAN,,,,,,,,,,,,,,,,,,,,,,,,,,,,,,,,,,,,,,,,,,,,,,,,,,,,,,,,,,,,,,,,,,
2135640,452c46c2885e0f08043fa593a03c528e53137d0b25e31eff1843a18fb2f640d10d6fc8882a1d68a9ed9dbaefd629834c0267e16c146597efa43950ad480a4a65,08/24/2025 11:55:00 AM,1,DRIVER,,2035855,,BMW,OTHER (EXPLAIN IN NARRATIVE),IL,2018,NONE,PASSENGER,PERSONAL,E,SLOW/STOP IN TRAFFIC,Y,,1,,PRIVATE,,,,,,,,,,,Y,Y,Y,,,SIDE-LEFT,,,,,,,,,,,,,,,,,,,,,,,,,,,,,,,,,
2135641,452c46c2885e0f08043fa593a03c528e53137d0b25e31eff1843a18fb2f640d10d6fc8882a1d68a9ed9dbaefd629834c0267e16c146597efa43950ad480a4a65,08/24/2025 11:55:00 AM,2,DRIVER,,2035858,,HYUNDAI,ELANTRA,IL,2022,NONE,PASSENGER,PERSONAL,E,STRAIGHT AHEAD,Y,,1,,PRIVATE,,,Y,Y,Y,Y,Y,,,,,,,,,SIDE-RIGHT-FRONT,,,,,,,,,,,,,,,,,,,,,,,,,,,,,,,,,
2135638,743d3243893035f2d20dbca6fce15cefc07f3fb0b18a7df346e64fca3fbf9a1dcb4fe9d6d5e29dfc73c9f7695b867a4067e8119d456daeb35ed09e87d76d9150,08/24/2025 11:40:00 AM,1,DRIVER,1,2035854,,CADILLAC,DEVILLE,IN,1987,NONE,PASSENGER,PERSONAL,N,TURNING LEFT,Y,,2,,CITY OF CHICAGO,POUND 2,,,,Y,Y,,,,,,,,,,SIDE-RIGHT,,,,,,,,,,,,,,,,,,,,,,,,,,,,,,,,,
2135639,743d3243893035f2d20dbca6fce15cefc07f3fb0b18a7df346e64fca3fbf9a1dcb4fe9d6d5e29dfc73c9f7695b867a4067e8119d456daeb35ed09e87d76d9150,08/24/2025 11:40:00 AM,2,DRIVER,,2035857,,HYUNDAI,ELANTRA,IL,2018,NONE,PASSENGER,PERSONAL,W,STRAIGHT AHEAD,Y,,1,,AAA,,,,,,,,,,,,,,Y,,FRONT,,,,,,,,,,,,,,,,,,,,,,,,,,,,,,,,,