CRASH_UNIT_ID,CRASH_RECORD_ID,CRASH_DATE,UNIT_NO,UNIT_TYPE,NUM_PASSENGERS,VEHICLE_ID,CMRC_VEH_I,MAKE,MODEL,LIC_PLATE_STATE,VEHICLE_YEAR,VEHICLE_DEFECT,VEHICLE_TYPE,VEHICLE_USE,TRAVEL_DIRECTION,MANEUVER,TOWED_I,FIRE_I,OCCUPANT_CNT,EXCEED_SPEED_LIMIT_I,TOWED_BY,TOWED_TO,AREA_00_I,AREA_01_I,AREA_02_I,AREA_03_I,AREA_04_I,AREA_05_I,AREA_06_I,AREA_07_I,AREA_08_I,AREA_09_I,AREA_10_I,AREA_11_I,AREA_12_I,AREA_99_I,FIRST_CONTACT_POINT,CMV_ID,USDOT_NO,CCMC_NO,ILCC_NO,COMMERCIAL_SRC,GVWR,CARRIER_NAME,CARRIER_STATE,CARRIER_CITY,HAZMAT_PLACARDS_I,HAZMAT_NAME,UN_NO,HAZMAT_PRESENT_I,HAZMAT_REPORT_I,HAZMAT_REPORT_NO,MCS_REPORT_I,MCS_REPORT_NO,HAZMAT_VIO_CAUSE_CRASH_I,MCS_VIO_CAUSE_CRASH_I,IDOT_PERMIT_NO,WIDE_LOAD_I,TRAILER1_WIDTH,TRAILER2_WIDTH,TRAILER1_LENGTH,TRAILER2_LENGTH,TOTAL_VEHICLE_LENGTH,AXLE_CNT,VEHICLE_CONFIG,CARGO_BODY_TYPE,LOAD_TYPE,HAZMAT_OUT_OF_SERVICE_I,MCS_OUT_OF_SERVICE_I,HAZMAT_CLASS
2135634,e4f93f16cc2340194cfa8f1ec694a8c7d20ba45d19895182ce9ce50746a12067bffc8b082d6aaf777e568363b1c0b29b324b4b17401c996efbb6b79a6cd04f78,08/24/2025 11:38:00 AM,1,DRIVER,,2035848,,NISSAN,VERSA,IL,2017,UNKNOWN,SPORT UTILITY VEHICLE (SUV),PERSONAL,SE,PASSING/OVERTAKING,,,1,,,,,,,,,,,Y,Y,Y,Y,Y,,,SIDE-LEFT,,,,,,,,,,,,,,,,,,,,,,,,,,,,,,,,,
2135635,e4f93f16cc2340194cfa8f1ec694a8c7d20ba45d19895182ce9ce50746a12067bffc8b082d6aaf777e568363b1c0b29b324b4b17401c996efbb6b79a6cd04f78,08/24/2025 11:38:00 AM,2,DRIVER,2,2035851,,BUICK,OTHER (EXPLAIN IN NARRATIVE),IL,2016,NONE,SPORT UTILITY VEHICLE (SUV),PERSONAL,S,STRAIGHT AHEAD,,,3,,,,,Y,Y,Y,,,,,,,,N,,,FRONT-RIGHT-CORNER,,,,,,,,,,,,,,,,,,,,,,,,,,,,,,,,,
2135656,8036f97e936e675e55cd8c406a75f6ce2e132e859cd5db966b247dab5d3c80974be9a470d1f43f265b577133f5c83e69d8907dde61a16185d37a2decc399e9f3,08/24/2025 11:33:00 AM,1,DRIVER,1,2035876,,TOYOTA,COROLLA,IL,2020,NONE,PASSENGER,PERSONAL,N,TURNING RIGHT,,,2,,,,,,,,Y,Y,,,,,,,,,REAR-RIGHT-CORNER,,,,,,,,,,,,,,,,,,,,,,,,,,,,,,,,,
2135657,8036f97e936e675e55cd8c406a75f6ce2e132e859cd5db966b247dab5d3c80974be9a470d1f43f265b577133f5c83e69d8907dde61a16185d37a2decc399e9f3,08/24/2025 11:33:00 AM,2,DRIVER,,2035884,,TOYOTA,COROLLA,IL,2005,NONE,PASSENGER,NOT IN USE,N,STRAIGHT AHEAD,,,1,,,,,Y,,,,,,,,,,Y,Y,,FRONT-LEFT-CORNER,,,,,,,,,,,,,,,,,,,,,,,,,,,,,,,,,
2135774,94bb5203f9988990075f102d493eda58c4fe340638dede52df68509fed8c2201f6424986d789b7455efee5626c436739ec47f697e358a9ee02b511fe61a4b330,08/24/2025 11:30:00 AM,1,DRIVER,,2035979,,UNKNOWN,OTHER (EXPLAIN IN NARRATIVE),XX,,UNKNOWN,UNKNOWN/NA,UNKNOWN/NA,UNKNOWN,UNKNOWN/NA,,,1,,,,,,,,,,,,,,,,,Y,UNKNOWN,,,,,,,,,,,,,,,,,,,,,,,,,,,,,,,,,
2135775,94bb5203f9988990075f102d493eda58c4fe340638dede52df68509fed8c2201f6424986d789b7455efee5626c436739ec47f697e358a9ee02b511fe61a4b330,08/24/2025 11:30:00 AM,2,PARKED,,2035985,,NISSAN,ROGUE,IL,2014,NONE,SPORT UTILITY VEHICLE (SUV),PERSONAL,S,PARKED,Y,,0,,,,,,,,,,,Y,Y,Y,Y,Y,,,UNKNOWN,,,,,,,,,,,,,,,,,,,,,,,,,,,,,,,,,
2136473,b2d7ae9f8ca81015786b5ba406b50d5ce7da7b1af931fd2358813f89803a5b377307c82e6711934ceab006941d1d2b6dabbd42df8e5e80251498f4f798947a8e,08/24/2025 11:30:00 AM,1,DRIVER,,2036655,,UNKNOWN,MOTORIZED,IL,,UNKNOWN,UNKNOWN/NA,UNKNOWN/NA,E,STRAIGHT AHEAD,,,1,,,,,,,,,,,,,,,,,Y,FRONT,,,,,,,,,,,,,,,,,,,,,,,,,,,,,,,,,
2136474,b2d7ae9f8ca81015786b5ba406b50d5ce7da7b1af931fd2358813f89803a5b377307c82e6711934ceab006941d1d2b6dabbd42df8e5e80251498f4f798947a8e,08/24/2025 11:30:00 AM,2,PARKED,,2036659,,LEXUS,RX350,IL,2022,NONE,PASSENGER,NOT IN USE,E,PARKED,,,0,,,,,,,,,,,Y,Y,,,,,,REAR-LEFT-CORNER,,,,,,,,,,,,,,,,,,,,,,,,,,,,,,,,,
2135620,a896588a43107928a3f75ba44a535634d4d63abdd4da082ee54b9f55ba35077253410a49c1a7981ce0ada6af55ca30dcd35fd1f95b25b6b0c0e11e0a99f29032,08/24/2025 11:25:00 AM,1,DRIVER,,2035830,,HUMMER,HUMMER,IL,,UNKNOWN,UNKNOWN/NA,UNKNOWN/NA,UNKNOWN,UNKNOWN/NA,,,1,,,,,,,,,,,,,,,,Y,,FRONT,,,,,,,,,,,,,,,,,,,,,,,,,,,,,,,,,
2135621,a896588a43107928a3f75ba44a535634d4d63abdd4da082ee54b9f55ba35077253410a49c1a7981ce0ada6af55ca30dcd35fd1f95b25b6b0c0e11e0a99f29032,08/24/2025 11:25:00 AM,2,DRIVER,,2035835,,TOYOTA,COROLLA,,2009,NONE,PASSENGER,PERSONAL,W,STRAIGHT AHEAD,,,1,,,,,,,,,,Y,,,,,,,,REAR,,,,,,,,,,,,,,,,,,,,,,,,,,,,,,,,,
2135729,0fc0e837772644ca609cc303d29856350ae4ed6a6e1e274d9e051995f8b2aa9ed4e48243a984215950f60dbc0406c9d9a831210986f4c846f26d8859dc236868,08/24/2025 11:16:00 AM,1,DRIVER,,2035972,,UNKNOWN,MOTORIZED,,,NONE,PASSENGER,PERSONAL,E,TURNING LEFT,,,1,,,,,,,,,,,,,,,,,,FRONT-LEFT-CORNER,,,,,,,,,,,,,,,,,,,,,,,,,,,,,,,,,
2135730,0fc0e837772644ca609cc303d29856350ae4ed6a6e1e274d9e051995f8b2aa9ed4e48243a984215950f60dbc0406c9d9a831210986f4c846f26d8859dc236868,08/24/2025 11:16:00 AM,2,DRIVER,1,2035973,,NISSAN,ROGUE,IL,2024,NONE,SPORT UTILITY VEHICLE (SUV),OTHER,E,TURNING LEFT,,,2,,,,,Y,Y,,,,,,,,,,,,SIDE-RIGHT-FRONT,,,,,,,,,,,,,,,,,,,,,,,,,,,,,,,,,
2135601,95e4b9f16970fb7f821662630fe548aaeb8d3a94d7e40a8bc3a05c82d7cacfafe12407cf5c198a87151fdf9e423801668d2abfa7634ab1193094e2405f19fc95,08/24/2025 11:15:00 AM,1,PARKED,,2035816,,FORD,ESCAPE,IA,2015,NONE,SPORT UTILITY VEHICLE (SUV),NOT IN USE,W,PARKED,,,0,,,,,,,,,,,,,Y,,,,,SIDE-LEFT,,,,,,,,,,,,,,,,,,,,,,,,,,,,,,,,,
2135602,95e4b9f16970fb7f821662630fe548aaeb8d3a94d7e40a8bc3a05c82d7cacfafe12407cf5c198a87151fdf9e423801668d2abfa7634ab1193094e2405f19fc95,08/24/2025 11:15:00 AM,2,DRIVER,,2035819,,NISSAN,ROGUE,IL,2016,NONE,SPORT UTILITY VEHICLE (SUV),PERSONAL,W,STRAIGHT AHEAD,,,1,,,,,Y,,,,,,,,,,,,,FRONT-RIGHT-CORNER,,,,,,,,,,,,,,,,,,,,,,,,,,,,,,,,,
2135630,b88022e9f74512f2a9391f87107e7763a336814a510ac277219fea66b3383a9f0445d4a7ab505db1bb9b02744c074c5addcd9ccb726c175d2991ed411c1cafe3,08/24/2025 11:15:00 AM,1,DRIVER,,2035846,,CHEVROLET,EQUINOX,IL,,UNKNOWN,PASSENGER,PERSONAL,S,STRAIGHT AHEAD,,,1,,,,,,,,,,,,,,,,,Y,UNKNOWN,,,,,,,,,,,,,,,,,,,,,,,,,,,,,,,,,
2135631,b88022e9f74512f2a9391f87107e7763a336814a510ac277219fea66b3383a9f0445d4a7ab505db1bb9b02744c074c5addcd9ccb726c175d2991ed411c1cafe3,08/24/2025 11:15:00 AM,2,DRIVER,,2035843,,HONDA,CR-V,IL,2018,UNKNOWN,PASSENGER,PERSONAL,SW,STRAIGHT AHEAD,,,1,,,,,Y,,,,,,,,,,,,,FRONT-RIGHT-CORNER,,,,,,,,,,,,,,,,,,,,,,,,,,,,,,,,,
2135603,dc2b1225782f373d94f0da1c7e0f05b6be6a3fd3378124bba1b6e14fa9655f576b415390918a3b3795898ec8c0bd04c46fad623a84568a69b9a3fe720b044fa3,08/24/2025 11:04:00 AM,1,DRIVER,,2035826,,ACURA,ADX,WI,2008,UNKNOWN,PASSENGER,PERSONAL,E,BACKING,,,1,,,,,,,,,,,,,,,,,Y,REAR,,,,,,,,,,,,,,,,,,,,,,,,,,,,,,,,,
2135604,dc2b1225782f373d94f0da1c7e0f05b6be6a3fd3378124bba1b6e14fa9655f576b415390918a3b3795898ec8c0bd04c46fad623a84568a69b9a3fe720b044fa3,08/24/2025 11:04:00 AM,2,PARKED,,2035833,,CHEVROLET,BLAZER,IL,2021,UNKNOWN,PASSENGER,PERSONAL,E,PARKED,,,0,,,,,,,,,,,,,,,,Y,,FRONT,,,,,,,,,,,,,,,,,,,,,,,,,,,,,,,,,
2135632,2d297cb1f73665d0006c74b7397d848d15571e9e61a6d4b75bab2e82e9ded5b9d44d07c2b3d47b127e33e503c0cc2e33c117ad52f22fcaeaf9190c79b9b2d24b,08/24/2025 11:01:00 AM,1,DRIVER,,2035845,,UNKNOWN,OTHER (EXPLAIN IN NARRATIVE),IL,,UNKNOWN,SPORT UTILITY VEHICLE (SUV),UNKNOWN/NA,S,PASSING/OVERTAKING,,,1,,,,,,,,,,,,,,,,,Y,UNKNOWN,,,,,,,,,,,,,,,,,,,,,,,,,,,,,,,,,
2135633,2d297cb1f73665d0006c74b7397d848d15571e9e61a6d4b75bab2e82e9ded5b9d44d07c2b3d47b127e33e503c0cc2e33c117ad52f22fcaeaf9190c79b9b2d24b,08/24/2025 11:01:00 AM,2,PARKED,2,2035852,,FORD,VAN,IL,2020,NONE,VAN/MINI-VAN,OTHER,S,PARKED,,,2,,,,,,Y,,,,,,,,,,,,OTHER,,,,,,,,,,,,,,,,,,,,,,,,,,,,,,,,,
2135624,24eeb91bbdb7ca3c733739390bc6a0e2c083aa9790961d053949497130db8d85750414be564b2756788508c18ce02463d1113d302350a5ab77d43c324b6c4fe0,08/24/2025 11:00:00 AM,1,PARKED,1,2035838,,CHEVROLET,EQUINOX,IL,2015,NONE,PASSENGER,PERSONAL,W,PARKED,,,1,,,,,,,,,,Y,,,,,,,,REAR,,,,,,,,,,,,,,,,,,,,,,,,,,,,,,,,,
2135625,24eeb91bbdb7ca3c733739390bc6a0e2c083aa9790961d053949497130db8d85750414be564b2756788508c18ce02463d1113d302350a5ab77d43c324b6c4fe0,08/24/2025 11:00:00 AM,2,DRIVER,,2035847,,HONDA,FIT,IL,2017,NONE,PASSENGER,PERSONAL,W,LEAVING TRAFFIC LANE TO PARK,,,1,,,,,,,,,,,,,,,,,,NONE,,,,,,,,,,,,,,,,,,,,,,,,,,,,,,,,,
2135749,6f365a8fc68ab07e1ac9c7c74855057774983edf574d78d84282408378a099a1726a7c3a70625ff6905b21bf9d7357a33a4b2df790275a45d282cf4bbe505889,08/24/2025 11:00:00 AM,1,DRIVER,,2035955,,UNKNOWN,TRACKS AND WHEELS,,2020,UNKNOWN,TRUCK - SINGLE UNIT,PERSONAL,UNKNOWN,UNKNOWN/NA,,,1,,,,,,,,,Y,,,,,,,,,REAR-RIGHT-CORNER,,,,,,,,,,,,,,,,,,,,,,,,,,,,,,,,,
2135750,6f365a8fc68ab07e1ac9c7c74855057774983edf574d78d84282408378a099a1726a7c3a70625ff6905b21bf9d7357a33a4b2df790275a45d282cf4bbe505889,08/24/2025 11:00:00 AM,2,PARKED,,2035960,,TOYOTA,OTHER (EXPLAIN IN NARRATIVE),IL,2009,NONE,PASSENGER,PERSONAL,UNKNOWN,PARKED,,,0,,,,,,,,,,,,,,,Y,,,FRONT-RIGHT-CORNER,,,,,,,,,,,,,,,,,,,,,,,,,,,,,,,,,
2135763,7c17c3f089e812d21515ddf5740db8354cdf14b9f0ba248d498d4e2b9605547f989ee852116085552b54925b5f04b7355b262bfffc6cd38954b6abc14b2faeef,08/24/2025 11:00:00 AM,1,DRIVER,,2035970,,UNKNOWN,OTHER (EXPLAIN IN NARRATIVE),XX,,UNKNOWN,UNKNOWN/NA,UNKNOWN/NA,UNKNOWN,UNKNOWN/NA,,,1,,,,,,,,,,,,,,,,,Y,UNKNOWN,,,,,,,,,,,,,,,,,,,,,,,,,,,,,,,,,
2135764,7c17c3f089e812d21515ddf5740db8354cdf14b9f0ba248d498d4e2b9605547f989ee852116085552b54925b5f04b7355b262bfffc6cd38954b6abc14b2faeef,08/24/2025 11:00:00 AM,2,PARKED,,2035971,,HYUNDAI,VENUE,IL,2023,UNKNOWN,PASSENGER,UNKNOWN/NA,N,PARKED,,,0,,,,,,,,,,,Y,Y,,,,,,SIDE-LEFT-REAR,,,,,,,,,,,,,,,,,,,,,,,,,,,,,,,,,
2135589,d29de7e866a7599a496a9dece6a9b2dbd2e8666a519fad47973c7ea5882f289a756085cd42c012bc8e3a501f5aaa6ea1275c26b8355b9219b898780676c451c9,08/24/2025 10:56:00 AM,1,DRIVER,,2035803,,MAZDA,MAZDA3,IL,2015,NONE,PASSENGER,PERSONAL,SE,U-TURN,Y,,1,,,,,,,,,,,Y,Y,,,,,Y,SIDE-LEFT-REAR,,,,,,,,,,,,,,,,,,,,,,,,,,,,,,,,,
2135590,d29de7e866a7599a496a9dece6a9b2dbd2e8666a519fad47973c7ea5882f289a756085cd42c012bc8e3a501f5aaa6ea1275c26b8355b9219b898780676c451c9,08/24/2025 10:56:00 AM,2,DRIVER,,2035810,,CHEVROLET,VAN,IL,2010,NONE,VAN/MINI-VAN,UNKNOWN/NA,SE,STRAIGHT AHEAD,,,1,,,,,Y,,,,,,,,,,Y,Y,Y,FRONT,,,,,,,,,,,,,,,,,,,,,,,,,,,,,,,,,
2135593,e9327879b7d90b8f1938e9bf993185bbf54edb13b667ef32ac15d274426cdb07ebf2d76939f685924b4d49d815e76e7b1f4727aa1cab9d907c81a3d4a3984d16,08/24/2025 10:55:00 AM,1,DRIVER,,2035807,,NISSAN,SENTRA,IL,2020,UNKNOWN,PASSENGER,PERSONAL,N,TURNING LEFT,,,1,,,,,,,,,,,,,,,,Y,,FRONT,,,,,,,,,,,,,,,,,,,,,,,,,,,,,,,,,
2135594,e9327879b7d90b8f1938e9bf993185bbf54edb13b667ef32ac15d274426cdb07ebf2d76939f685924b4d49d815e76e7b1f4727aa1cab9d907c81a3d4a3984d16,08/24/2025 10:55:00 AM,2,PEDESTRIAN,,,,,,,,,,,,,,,,,,,,,,,,,,,,,,,,,,,,,,,,,,,,,,,,,,,,,,,,,,,,,,,,,,
2135790,99834394dba55113354ac48b1a88111d5be2acac7c7a9406c40d4d9fb29bf7b2447d6b9ceca5b0837742bf501ce0323c1a9c1d7e33c0528651803e4fd99ac9d8,08/24/2025 10:50:00 AM,1,DRIVER,1,2035991,,SUBARU,FORESTER,IL,2004,UNKNOWN,PASSENGER,PERSONAL,S,STRAIGHT AHEAD,,,2,,,,,Y,,,,,,,,,,Y,Y,,FRONT,,,,,,,,,,,,,,,,,,,,,,,,,,,,,,,,,
2135791,99834394dba55113354ac48b1a88111d5be2acac7c7a9406c40d4d9fb29bf7b2447d6b9ceca5b0837742bf501ce0323c1a9c1d7e33c0528651803e4fd99ac9d8,08/24/2025 10:50:00 AM,2,DRIVER,1,2035999,,KIA,OPTIMA / K5,IL,2020,NONE,PASSENGER,PERSONAL,S,STRAIGHT AHEAD,,,2,,,,,,,,,Y,Y,Y,,,,,,,REAR,,,,,,,,,,,,,,,,,,,,,,,,,,,,,,,,,
2135554,cece2c8c5ff69fbb3c5d2a5e116217160ef2541ae466b3a923d5441b916fde91eebbeb2f9ed39056470902648cd9d8300c2cbe4f6bee530a844da8ec0cf117c2,08/24/2025 10:45:00 AM,1,DRIVER,,2035769,,TOYOTA,SOLARA,IL,,UNKNOWN,UNKNOWN/NA,UNKNOWN/NA,N,STRAIGHT AHEAD,,,1,,,,,,,,,,,,,,,,,,UNKNOWN,,,,,,,,,,,,,,,,,,,,,,,,,,,,,,,,,
2135555,cece2c8c5ff69fbb3c5d2a5e116217160ef2541ae466b3a923d5441b916fde91eebbeb2f9ed39056470902648cd9d8300c2cbe4f6bee530a844da8ec0cf117c2,08/24/2025 10:45:00 AM,2,DRIVER,,2035772,,FORD,F350,IL,,UNKNOWN,TRUCK - SINGLE UNIT,TOW TRUCK,N,STRAIGHT AHEAD,,,1,,,,,,,,,,,,,,,,,,UNKNOWN,,,,,,,,,,,,,,,,,,,,,,,,,,,,,,,,,
2135683,e7e898042ae579966ab9ba63f283ce22bd1ea28f3b8dec02513e1e54684a652e355db8107212016d5915d4f41727bd5eb26a40ea89b235327a5ee3705e10ad2f,08/24/2025 10:41:00 AM,1,DRIVER,1,2035885,,CHEVROLET,MALIBU,IL,2010,UNKNOWN,PASSENGER,PERSONAL,E,DRIVING WRONG WAY,,,2,,,,,,,,,Y,,,,,,,,,REAR-RIGHT-CORNER,,,,,,,,,,,,,,,,,,,,,,,,,,,,,,,,,
2135684,e7e898042ae579966ab9ba63f283ce22bd1ea28f3b8dec02513e1e54684a652e355db8107212016d5915d4f41727bd5eb26a40ea89b235327a5ee3705e10ad2f,08/24/2025 10:41:00 AM,2,PARKED,,2035888,,HONDA,ODYSSEY,IL,2012,NONE,VAN/MINI-VAN,PERSONAL,S,PARKED,,,0,,,,,,,,,Y,,,,,,,,,REAR-RIGHT-CORNER,,,,,,,,,,,,,,,,,,,,,,,,,,,,,,,,,
2135609,e90b61d32e30d2ecc630043bd8e22b3c4ac34fdc554a0537dfce0cc14909b8a7422f8bf1970f5a2303c63a9300dd5223d89e154a3611d56f920f4bd88b6b4c9e,08/24/2025 10:41:00 AM,1,DRIVER,1,2035825,,CHEVROLET,MALIBU,IL,2010,UNKNOWN,PASSENGER,PERSONAL,S,STRAIGHT AHEAD,,,2,,,,,Y,Y,,,,,,,,,,,,FRONT-RIGHT-CORNER,,,,,,,,,,,,,,,,,,,,,,,,,,,,,,,,,
2135610,e90b61d32e30d2ecc630043bd8e22b3c4ac34fdc554a0537dfce0cc14909b8a7422f8bf1970f5a2303c63a9300dd5223d89e154a3611d56f920f4bd88b6b4c9e,08/24/2025 10:41:00 AM,2,DRIVER,1,2035839,,VOLKSWAGEN,JETTA,IL,2016,NONE,PASSENGER,PERSONAL,S,STRAIGHT AHEAD,,,2,,,,,,,,Y,Y,Y,,,,,,,,REAR-RIGHT-CORNER,,,,,,,,,,,,,,,,,,,,,,,,,,,,,,,,,
2135587,3873355c81aed14723d94148a235931272135abe30a5149a5a18524aed76776119b38faf98f9ad9ee229c20f002c71907678a152c0384efba5a2b4288c9299dd,08/24/2025 10:30:00 AM,1,DRIVER,,2035795,,CHEVROLET,OTHER (EXPLAIN IN NARRATIVE),IL,2019,NONE,PASSENGER,PERSONAL,N,BACKING,,,1,,,,,Y,,,,,,,,,,Y,Y,,FRONT,,,,,,,,,,,,,,,,,,,,,,,,,,,,,,,,,
2135588,3873355c81aed14723d94148a235931272135abe30a5149a5a18524aed76776119b38faf98f9ad9ee229c20f002c71907678a152c0384efba5a2b4288c9299dd,08/24/2025 10:30:00 AM,2,DRIVER,,2035802,,SUBARU,FORESTER,IL,2008,NONE,PASSENGER,PERSONAL,E,STRAIGHT AHEAD,,,1,,,,,Y,Y,Y,Y,,,,,,,,,,FRONT-RIGHT-CORNER,,,,,,,,,,,,,,,,,,,,,,,,,,,,,,,,,
2137490,a0108235dd3e7a25008a275a129940209a5c6b02e647bb4108dcd57ad7d40cab4a8d326d622f2f04f7096dbd43070f954077560409f25b42d657530cf3dcbd09,08/24/2025 10:24:00 AM,1,DRIVER,,2037627,,ACURA,ADX,IL,2020,UNKNOWN,PASSENGER,PERSONAL,E,OTHER,,,1,,,,,Y,Y,,,,,,,,,,,,FRONT-RIGHT-CORNER,,,,,,,,,,,,,,,,,,,,,,,,,,,,,,,,,
2137491,a0108235dd3e7a25008a275a129940209a5c6b02e647bb4108dcd57ad7d40cab4a8d326d622f2f04f7096dbd43070f954077560409f25b42d657530cf3dcbd09,08/24/2025 10:24:00 AM,2,DRIVER,,2037630,,TOYOTA,COROLLA,IL,2004,UNKNOWN,PASSENGER,PERSONAL,E,OTHER,,,1,,,,,,,,,,,Y,,,,,,,SIDE-LEFT-REAR,,,,,,,,,,,,,,,,,,,,,,,,,,,,,,,,,
2135577,21000617d7b9fa1f1fd3506fd3d8cd1841160bb06c3339812197a7b3e3d4a0dd4ad5bd1776337f79997a1dc1b6d5c6c22e1bc4a410e5d86aec236d1cf5987fad,08/24/2025 10:21:00 AM,1,DRIVER,1,2035800,,TOYOTA,CAMRY,IL,2017,NONE,PASSENGER,RIDESHARE SERVICE,W,TURNING LEFT,Y,,2,,private,,,Y,,,,,,,,,,Y,Y,,FRONT,,,,,,,,,,,,,,,,,,,,,,,,,,,,,,,,,
2135578,21000617d7b9fa1f1fd3506fd3d8cd1841160bb06c3339812197a7b3e3d4a0dd4ad5bd1776337f79997a1dc1b6d5c6c22e1bc4a410e5d86aec236d1cf5987fad,08/24/2025 10:21:00 AM,2,DRIVER,,2035815,,JEEP,GRAND CHEROKEE,IL,2022,NONE,SPORT UTILITY VEHICLE (SUV),PERSONAL,E,STRAIGHT AHEAD,Y,,1,,private,,,Y,,,,,,,N,Y,Y,Y,Y,,FRONT-LEFT-CORNER,,,,,,,,,,,,,,,,,,,,,,,,,,,,,,,,,
2135612,6517749e750e49ab6d3082e1ea7ba67a92a3a3f8b81dbcdf90d9d4da3b3e5b917ae2414f85b6eb37a020e660237e5d3af760b3213ffe707c521fe5719c43da72,08/24/2025 10:20:00 AM,1,DRIVER,,2035829,,TOYOTA,HIGHLANDER,IL,2016,NONE,SPORT UTILITY VEHICLE (SUV),PERSONAL,N,TURNING LEFT,,,1,,,,,,,,,,,Y,Y,Y,Y,Y,,,FRONT-LEFT-CORNER,,,,,,,,,,,,,,,,,,,,,,,,,,,,,,,,,
2135613,6517749e750e49ab6d3082e1ea7ba67a92a3a3f8b81dbcdf90d9d4da3b3e5b917ae2414f85b6eb37a020e660237e5d3af760b3213ffe707c521fe5719c43da72,08/24/2025 10:20:00 AM,2,DRIVER,3,2035836,,TOYOTA,YARIS,IL,2016,NONE,PASSENGER,PERSONAL,E,TURNING RIGHT,,,4,,,,,Y,,,,,,,,,,Y,Y,,FRONT-LEFT-CORNER,,,,,,,,,,,,,,,,,,,,,,,,,,,,,,,,,
2135597,8092569a4cb696929be3991ee5e5d469ecfddc55573bc36ec0c9e98b41bf7797b0305e928c9240e5405654f2c08c852a7697288d9074d64dd962508916fb832f,08/24/2025 10:16:00 AM,1,DRIVER,3,2035814,,LINCOLN,NAVIGATOR,IL,2012,NONE,PASSENGER,NOT IN USE,N,BACKING,,,4,,,,,,,,,,Y,,,,,,,,REAR,,,,,,,,,,,,,,,,,,,,,,,,,,,,,,,,,
2135598,8092569a4cb696929be3991ee5e5d469ecfddc55573bc36ec0c9e98b41bf7797b0305e928c9240e5405654f2c08c852a7697288d9074d64dd962508916fb832f,08/24/2025 10:16:00 AM,2,DRIVER,1,2035820,,JEEP,PATRIOT,IL,2008,NONE,PASSENGER,PERSONAL,S,SLOW/STOP IN TRAFFIC,,,2,,,,,,,,,,,,,,,,Y,,FRONT,,,,,,,,,,,,,,,,,,,,,,,,,,,,,,,,,
2135572,abe89aab539d9db506bcf8c1dece2850a5327ab639322d83965de18f4286a7c01f45091ae7ec9f2b66af91dd5cc302558fc34e9fcedcf4d36b8c42d749a6f5c7,08/24/2025 10:15:00 AM,1,DRIVER,,2035791,,FORD,ESCAPE,IL,2022,NONE,SPORT UTILITY VEHICLE (SUV),PERSONAL,W,TURNING LEFT,N,,1,,,,,Y,N,,,,,,,,,Y,Y,,FRONT,,,,,,,,,,,,,,,,,,,,,,,,,,,,,,,,,
2135573,abe89aab539d9db506bcf8c1dece2850a5327ab639322d83965de18f4286a7c01f45091ae7ec9f2b66af91dd5cc302558fc34e9fcedcf4d36b8c42d749a6f5c7,08/24/2025 10:15:00 AM,2,DRIVER,,2035793,,HONDA,CIVIC,IL,2025,NONE,PASSENGER,PERSONAL,E,STRAIGHT AHEAD,Y,,1,,,,,,,,,,,,,,,Y,Y,,FRONT,,,,,,,,,,,,,,,,,,,,,,,,,,,,,,,,,
2135574,abe89aab539d9db506bcf8c1dece2850a5327ab639322d83965de18f4286a7c01f45091ae7ec9f2b66af91dd5cc302558fc34e9fcedcf4d36b8c42d749a6f5c7,08/24/2025 10:15:00 AM,3,DRIVER,1,2035794,,AUDI,Q8,IL,2023,NONE,SPORT UTILITY VEHICLE (SUV),NOT IN USE,NW,SLOW/STOP IN TRAFFIC,Y,,2,,,,,Y,,,,,,,,,,Y,Y,,FRONT,,,,,,,,,,,,,,,,,,,,,,,,,,,,,,,,,
2135560,350b88b4cff6d33849d52f8555a16f4fd6360de2270b029a7d3e0d9ac52fad8da59c3829f8ff90324a71c9f2371eaa675ea33377d52c9c0d3440d547d6cb065a,08/24/2025 10:13:00 AM,1,DRIVER,,2035773,,FORD,FOCUS,IL,2011,NONE,PASSENGER,PERSONAL,S,BACKING,,,1,,,,,,,,,Y,,,,,,,,,REAR-RIGHT-CORNER,,,,,,,,,,,,,,,,,,,,,,,,,,,,,,,,,
2135561,350b88b4cff6d33849d52f8555a16f4fd6360de2270b029a7d3e0d9ac52fad8da59c3829f8ff90324a71c9f2371eaa675ea33377d52c9c0d3440d547d6cb065a,08/24/2025 10:13:00 AM,2,DRIVER,,2035778,,NISSAN,ALTIMA,TN,2024,NONE,PASSENGER,PERSONAL,N,BACKING,,,1,,,,,,,,,,,Y,,,,,,,SIDE-LEFT-REAR,,,,,,,,,,,,,,,,,,,,,,,,,,,,,,,,,
2136524,d555c717e15a6ddbaea46cdafcdd79c6eba97fa4c36fc2c36d3136c79a8c9f17bd271859bbd44f302d7a703a9326fb7a55c630746f658dcba5452dda1feef523,08/24/2025 10:07:00 AM,1,DRIVER,,2036693,,UNKNOWN,OTHER (EXPLAIN IN NARRATIVE),,,UNKNOWN,PASSENGER,UNKNOWN/NA,S,CHANGING LANES,,,1,,,,,,,,,,,,,,,,,,UNKNOWN,,,,,,,,,,,,,,,,,,,,,,,,,,,,,,,,,