CRASH_UNIT_ID,CRASH_RECORD_ID,CRASH_DATE,UNIT_NO,UNIT_TYPE,NUM_PASSENGERS,VEHICLE_ID,CMRC_VEH_I,MAKE,MODEL,LIC_PLATE_STATE,VEHICLE_YEAR,VEHICLE_DEFECT,VEHICLE_TYPE,VEHICLE_USE,TRAVEL_DIRECTION,MANEUVER,TOWED_I,FIRE_I,OCCUPANT_CNT,EXCEED_SPEED_LIMIT_I,TOWED_BY,TOWED_TO,AREA_00_I,AREA_01_I,AREA_02_I,AREA_03_I,AREA_04_I,AREA_05_I,AREA_06_I,AREA_07_I,AREA_08_I,AREA_09_I,AREA_10_I,AREA_11_I,AREA_12_I,AREA_99_I,FIRST_CONTACT_POINT,CMV_ID,USDOT_NO,CCMC_NO,ILCC_NO,COMMERCIAL_SRC,GVWR,CARRIER_NAME,CARRIER_STATE,CARRIER_CITY,HAZMAT_PLACARDS_I,HAZMAT_NAME,UN_NO,HAZMAT_PRESENT_I,HAZMAT_REPORT_I,HAZMAT_REPORT_NO,MCS_REPORT_I,MCS_REPORT_NO,HAZMAT_VIO_CAUSE_CRASH_I,MCS_VIO_CAUSE_CRASH_I,IDOT_PERMIT_NO,WIDE_LOAD_I,TRAILER1_WIDTH,TRAILER2_WIDTH,TRAILER1_LENGTH,TRAILER2_LENGTH,TOTAL_VEHICLE_LENGTH,AXLE_CNT,VEHICLE_CONFIG,CARGO_BODY_TYPE,LOAD_TYPE,HAZMAT_OUT_OF_SERVICE_I,MCS_OUT_OF_SERVICE_I,HAZMAT_CLASS
2136525,d555c717e15a6ddbaea46cdafcdd79c6eba97fa4c36fc2c36d3136c79a8c9f17bd271859bbd44f302d7a703a9326fb7a55c630746f658dcba5452dda1feef523,08/24/2025 10:07:00 AM,2,DRIVER,,2036697,,FORD,FUSION,IL,2014,UNKNOWN,PASSENGER,PERSONAL,S,SLOW/STOP IN TRAFFIC,,,1,,,,,,Y,Y,,,,,,,,,,,SIDE-RIGHT-FRONT,,,,,,,,,,,,,,,,,,,,,,,,,,,,,,,,,
2135643,06f74b8e01683433993b61edc2ea0402cd59c4e63584c158fa22a50146193a8d5c1dd63962ae3b4a9109ddb0dbe2f1c800d5a5d6870909a7e24c80a7e8c29bad,08/24/2025 10:00:00 AM,1,DRIVER,,2035859,,UNKNOWN,MOTORIZED,,,UNKNOWN,UNKNOWN/NA,UNKNOWN/NA,UNKNOWN,UNKNOWN/NA,,,1,,,,,,,,,,,,,,,,,Y,UNKNOWN,,,,,,,,,,,,,,,,,,,,,,,,,,,,,,,,,
2135644,06f74b8e01683433993b61edc2ea0402cd59c4e63584c158fa22a50146193a8d5c1dd63962ae3b4a9109ddb0dbe2f1c800d5a5d6870909a7e24c80a7e8c29bad,08/24/2025 10:00:00 AM,2,PARKED,,2035860,,CHEVROLET,OTHER (EXPLAIN IN NARRATIVE),IL,2020,UNKNOWN,UNKNOWN/NA,UNKNOWN/NA,W,PARKED,,,0,,,,,,,,,,,Y,Y,,,,,,SIDE-LEFT-REAR,,,,,,,,,,,,,,,,,,,,,,,,,,,,,,,,,
2135569,9f0764724d28af4daa8686875c52bad0ace39414d72efb1c45a153cb546b83e200fbe1e48b4b722dd964accc60df71379a40c704db5dd29597af6bd7260a888b,08/24/2025 10:00:00 AM,2,PARKED,,2035789,,VOLKSWAGEN,JETTA,IN,2007,NONE,PASSENGER,PERSONAL,S,PARKED,,,0,,,,,,,,,,,,Y,,,,,,SIDE-LEFT-REAR,,,,,,,,,,,,,,,,,,,,,,,,,,,,,,,,,
2135611,9f0764724d28af4daa8686875c52bad0ace39414d72efb1c45a153cb546b83e200fbe1e48b4b722dd964accc60df71379a40c704db5dd29597af6bd7260a888b,08/24/2025 10:00:00 AM,1,DRIVER,,2035828,,UNKNOWN,ENGINE,IL,,UNKNOWN,UNKNOWN/NA,PERSONAL,S,UNKNOWN/NA,,,1,,,,,Y,,,,,,,,,,,,,FRONT-RIGHT-CORNER,,,,,,,,,,,,,,,,,,,,,,,,,,,,,,,,,
2135607,bb2f7298e514f9b87bf1bb4ffdc25a2c743401c4a5cfac726c453670dccf0aae7f159823ef7440950635a09ec984af7e3d5fea85f446ecbb20dbfca6857fd202,08/24/2025 09:57:00 AM,1,DRIVER,,2035831,,DODGE,JOURNEY,IL,2015,NONE,PASSENGER,PERSONAL,N,STRAIGHT AHEAD,N,,1,,,,,,,,,Y,,,,,,,,,REAR-RIGHT-CORNER,,,,,,,,,,,,,,,,,,,,,,,,,,,,,,,,,
2135608,bb2f7298e514f9b87bf1bb4ffdc25a2c743401c4a5cfac726c453670dccf0aae7f159823ef7440950635a09ec984af7e3d5fea85f446ecbb20dbfca6857fd202,08/24/2025 09:57:00 AM,2,DRIVER,,2035827,,FORD,OTHER (EXPLAIN IN NARRATIVE),IL,2017,NONE,SPORT UTILITY VEHICLE (SUV),POLICE,N,STRAIGHT AHEAD,,,1,,,,,,,,,,,,,,,Y,,,FRONT-LEFT-CORNER,,,,,,,,,,,,,,,,,,,,,,,,,,,,,,,,,
2135562,9f1ba96444cdc9c3233c37b6f704fbb1ba66ede891bc403051bce788efb8d78825a7fc901fa48899cb0835471c8e0f168ca8c1a5f7c9393df068a2bcea5d46e7,08/24/2025 09:48:00 AM,1,DRIVER,,2035774,,UNKNOWN,OTHER (EXPLAIN IN NARRATIVE),IL,,UNKNOWN,PASSENGER,OTHER,W,PASSING/OVERTAKING,,,1,,,,,,,,,,,,,,,,,Y,FRONT-RIGHT-CORNER,,,,,,,,,,,,,,,,,,,,,,,,,,,,,,,,,
2135563,9f1ba96444cdc9c3233c37b6f704fbb1ba66ede891bc403051bce788efb8d78825a7fc901fa48899cb0835471c8e0f168ca8c1a5f7c9393df068a2bcea5d46e7,08/24/2025 09:48:00 AM,2,DRIVER,,2035782,,TOYOTA,HIGHLANDER,IL,2015,UNKNOWN,SPORT UTILITY VEHICLE (SUV),PERSONAL,NE,TURNING LEFT,,,1,,,,,,Y,Y,Y,,,,,,,,,,SIDE-LEFT,,,,,,,,,,,,,,,,,,,,,,,,,,,,,,,,,
2135538,f330d84f11d6419224c512a4f8ee3e731bff2208dd6f65ea68add95c2f2396af5df550962343787903ef79814375139b29aa030703a6763714d469ed6e0115a9,08/24/2025 09:32:00 AM,1,DRIVER,,2035756,,FORD,OTHER (EXPLAIN IN NARRATIVE),,,UNKNOWN,PASSENGER,UNKNOWN/NA,NW,TURNING RIGHT,,,1,,,,,N,,,,,,,,,,,,Y,FRONT-RIGHT-CORNER,,,,,,,,,,,,,,,,,,,,,,,,,,,,,,,,,
2135539,f330d84f11d6419224c512a4f8ee3e731bff2208dd6f65ea68add95c2f2396af5df550962343787903ef79814375139b29aa030703a6763714d469ed6e0115a9,08/24/2025 09:32:00 AM,2,DRIVER,,2035761,,TOYOTA,TACOMA,IL,2004,UNKNOWN,PICKUP,PERSONAL,W,STRAIGHT AHEAD,,,1,,,,,,,,,Y,Y,,,,,,,,SIDE-RIGHT-REAR,,,,,,,,,,,,,,,,,,,,,,,,,,,,,,,,,
2135990,67e0890ea10a4b1c542946405fe8bdc36c78ad8b94e3f1580de96231c710e42980b506052d608a9c75f9c03fb1625d09ee9d354e36c83d8c9b0a643f9f3b4c2d,08/24/2025 09:30:00 AM,1,DRIVER,,2036183,,HYUNDAI,OTHER (EXPLAIN IN NARRATIVE),IL,2019,UNKNOWN,SPORT UTILITY VEHICLE (SUV),UNKNOWN/NA,E,BACKING,,,1,,,,,,,,,,,,,,,,,,REAR-RIGHT-CORNER,,,,,,,,,,,,,,,,,,,,,,,,,,,,,,,,,
2135991,67e0890ea10a4b1c542946405fe8bdc36c78ad8b94e3f1580de96231c710e42980b506052d608a9c75f9c03fb1625d09ee9d354e36c83d8c9b0a643f9f3b4c2d,08/24/2025 09:30:00 AM,2,PARKED,,2036180,,TOYOTA,TUNDRA,IL,2019,NONE,PICKUP,PERSONAL,E,PARKED,,,0,,,,,,,,,,,,,Y,Y,Y,,,FRONT-LEFT-CORNER,,,,,,,,,,,,,,,,,,,,,,,,,,,,,,,,,
2135548,f04f881eec3c171286e43988ac30bb6cd8b6d04ce32a3c253d7980aafc9e9895f651b800f9d11e5757063add68e831c28a381a4672cee170c0abd829263a73c6,08/24/2025 09:18:00 AM,1,DRIVER,,2035764,,DODGE,RAM 1500 PU,XX,,NONE,PICKUP,PERSONAL,N,BACKING,,,1,,,,,,,,,,,,,,,,,Y,REAR,,,,,,,,,,,,,,,,,,,,,,,,,,,,,,,,,
2135549,f04f881eec3c171286e43988ac30bb6cd8b6d04ce32a3c253d7980aafc9e9895f651b800f9d11e5757063add68e831c28a381a4672cee170c0abd829263a73c6,08/24/2025 09:18:00 AM,2,PARKED,,2035767,,LINCOLN,MKS,IL,2016,NONE,PASSENGER,PERSONAL,N,PARKED,,,0,,,,,Y,Y,,,,,,,,,,Y,,FRONT-RIGHT-CORNER,,,,,,,,,,,,,,,,,,,,,,,,,,,,,,,,,
2135544,700acc7ad9e5fe6025a6d7d54c9d58019352da81d41da8668393062f58c13fb497c8d6c526bdfde2686f85c7b9278ae45146038532ef1990fccb6075653098f3,08/24/2025 09:15:00 AM,1,DRIVER,1,2035762,,KIA,SPORTAGE,IL,2014,NONE,PASSENGER,PERSONAL,N,STRAIGHT AHEAD,Y,,2,,IMPOUNDED BY CPD,DOTY ROAD/HOLD FOR INVEST,,Y,,,,Y,,,,,,Y,Y,,FRONT,,,,,,,,,,,,,,,,,,,,,,,,,,,,,,,,,
2135545,700acc7ad9e5fe6025a6d7d54c9d58019352da81d41da8668393062f58c13fb497c8d6c526bdfde2686f85c7b9278ae45146038532ef1990fccb6075653098f3,08/24/2025 09:15:00 AM,2,DRIVER,,2035768,,TOYOTA,PRIUS,IL,2014,NONE,PASSENGER,NOT IN USE,NW,STRAIGHT AHEAD,Y,,1,,CPD,DOTY ROAD,,N,N,N,N,N,N,,N,N,N,N,N,,FRONT,,,,,,,,,,,,,,,,,,,,,,,,,,,,,,,,,
2135546,700acc7ad9e5fe6025a6d7d54c9d58019352da81d41da8668393062f58c13fb497c8d6c526bdfde2686f85c7b9278ae45146038532ef1990fccb6075653098f3,08/24/2025 09:15:00 AM,3,DRIVER,,2035779,,TOYOTA,PRIUS,IL,2019,NONE,PASSENGER,PERSONAL,S,STRAIGHT AHEAD,,,1,,,,,Y,,,,,,,,,,,,,FRONT-RIGHT-CORNER,,,,,,,,,,,,,,,,,,,,,,,,,,,,,,,,,
2135547,700acc7ad9e5fe6025a6d7d54c9d58019352da81d41da8668393062f58c13fb497c8d6c526bdfde2686f85c7b9278ae45146038532ef1990fccb6075653098f3,08/24/2025 09:15:00 AM,4,DRIVER,2,2035809,,CHEVROLET,TRAIL BLAZER,IL,2005,NONE,PASSENGER,PERSONAL,N,STRAIGHT AHEAD,,,3,,,,,,,,,,,,,,,Y,,,FRONT-LEFT-CORNER,,,,,,,,,,,,,,,,,,,,,,,,,,,,,,,,,
2136282,225983305eb93ecd04c8241ed54f888624eb3fdf946bb4fa6b9c2369069f84af518324986c80aede1980822305fdf69893ce8fb2a09d22e2403657fa63270ff8,08/24/2025 09:00:00 AM,1,DRIVER,,2036470,,UNKNOWN,OTHER (EXPLAIN IN NARRATIVE),XX,,UNKNOWN,UNKNOWN/NA,UNKNOWN/NA,N,UNKNOWN/NA,,,1,,,,,Y,,,,,,,,,,,,,FRONT-RIGHT-CORNER,,,,,,,,,,,,,,,,,,,,,,,,,,,,,,,,,
2136283,225983305eb93ecd04c8241ed54f888624eb3fdf946bb4fa6b9c2369069f84af518324986c80aede1980822305fdf69893ce8fb2a09d22e2403657fa63270ff8,08/24/2025 09:00:00 AM,2,PARKED,,2036478,,TOYOTA,COROLLA,NY,2023,NONE,PASSENGER,OTHER,N,PARKED,,,0,,,,,,,,,,,,,,,Y,,,FRONT-LEFT-CORNER,,,,,,,,,,,,,,,,,,,,,,,,,,,,,,,,,
2137642,f2d94a4428f95ad2f49d530732dcb4612ce921d293fdfcdd0c06e3cb0eff4d90e21ee87b905734e736ad845f4839ffae26d898a0a957570fbc031eacd56faa10,08/24/2025 09:00:00 AM,1,DRIVER,,2037771,,UNKNOWN,OTHER (EXPLAIN IN NARRATIVE),,,UNKNOWN,UNKNOWN/NA,UNKNOWN/NA,UNKNOWN,UNKNOWN/NA,,,1,,,,,,,,,,,,,,,,,Y,UNKNOWN,,,,,,,,,,,,,,,,,,,,,,,,,,,,,,,,,
2137643,f2d94a4428f95ad2f49d530732dcb4612ce921d293fdfcdd0c06e3cb0eff4d90e21ee87b905734e736ad845f4839ffae26d898a0a957570fbc031eacd56faa10,08/24/2025 09:00:00 AM,2,PARKED,,2037773,,HONDA,ACCORD,,2009,NONE,PASSENGER,PERSONAL,E,PARKED,,,0,,,,,,,,,,,,,,,,Y,,FRONT,,,,,,,,,,,,,,,,,,,,,,,,,,,,,,,,,
2135522,cb87feaba6de25d09d61bb40778ce86d2d6c4269ab6b16c0a80d017071f8cc2bbed1ad53b99042e2cceb40d55a4962ff7ff07d112d9d28cc46cd92e205d3b6f6,08/24/2025 08:22:00 AM,1,DRIVER,,2035740,,GENERAL MOTORS CORPORATION (GMC),YUKON,IL,2010,UNKNOWN,PASSENGER,PERSONAL,E,OTHER,,,1,,,,,Y,Y,,,,,,,,,,,,FRONT-RIGHT-CORNER,,,,,,,,,,,,,,,,,,,,,,,,,,,,,,,,,
2135523,cb87feaba6de25d09d61bb40778ce86d2d6c4269ab6b16c0a80d017071f8cc2bbed1ad53b99042e2cceb40d55a4962ff7ff07d112d9d28cc46cd92e205d3b6f6,08/24/2025 08:22:00 AM,2,PARKED,,2035750,,FIAT,OTHER (EXPLAIN IN NARRATIVE),IL,2016,NONE,PASSENGER,PERSONAL,UNKNOWN,PARKED,,,0,,,,,Y,Y,Y,,,,,,,,,,,SIDE-RIGHT-FRONT,,,,,,,,,,,,,,,,,,,,,,,,,,,,,,,,,
2135536,c29691b0f4edcc95310df375c0450c32a62b2d50eb3abda1de403adf11bfb20bf86b44e483c488319134dcb3bc04b49ca46df248db0ef4c9cb636811da56d9c0,08/24/2025 08:14:00 AM,1,DRIVER,,2035755,,HINO,HINO,IL,2020,NONE,OTHER,TOW TRUCK,N,TURNING RIGHT,,,1,,,,,,,,Y,Y,,,,,,,,,SIDE-RIGHT-REAR,,,,,,,,,,,,,,,,,,,,,,,,,,,,,,,,,
2135537,c29691b0f4edcc95310df375c0450c32a62b2d50eb3abda1de403adf11bfb20bf86b44e483c488319134dcb3bc04b49ca46df248db0ef4c9cb636811da56d9c0,08/24/2025 08:14:00 AM,2,DRIVER,1,2035763,,FORD,TAURUS,IL,2024,NONE,PASSENGER,PERSONAL,N,PASSING/OVERTAKING,,,2,,,,Y,,,,,,,,,Y,Y,Y,,,FRONT-LEFT-CORNER,,,,,,,,,,,,,,,,,,,,,,,,,,,,,,,,,
2135935,c45c9e81f717265a4e56dbd54079deaa76fdbde2825e060688824b2df4a4a34a2426f9bb309ef371cb7cb65cd4fe408cae6f66ff0e8d163cbdda7d4c58f490ad,08/24/2025 08:00:00 AM,1,DRIVER,,2036135,,UNKNOWN,MOTORIZED,,,UNKNOWN,UNKNOWN/NA,UNKNOWN/NA,UNKNOWN,UNKNOWN/NA,,,1,,,,,,,,,,,,,,,,,Y,UNKNOWN,,,,,,,,,,,,,,,,,,,,,,,,,,,,,,,,,
2135936,c45c9e81f717265a4e56dbd54079deaa76fdbde2825e060688824b2df4a4a34a2426f9bb309ef371cb7cb65cd4fe408cae6f66ff0e8d163cbdda7d4c58f490ad,08/24/2025 08:00:00 AM,2,PARKED,,2036140,,HONDA,HR-V,IL,2025,NONE,PASSENGER,PERSONAL,N,PARKED,,,0,,,,,,,,,,,,Y,Y,,,,,REAR-LEFT-CORNER,,,,,,,,,,,,,,,,,,,,,,,,,,,,,,,,,
2135550,cea615bba93a4a7094f04382a179168eae1be536655be10b45d67dd2cc641a8accea5155b30e242a3b0354cc6ba2890325e3963307bcf595670374490f7f937c,08/24/2025 08:00:00 AM,1,DRIVER,,2035765,,UNKNOWN,MOTORIZED,IL,,UNKNOWN,UNKNOWN/NA,UNKNOWN/NA,E,UNKNOWN/NA,,,1,,,,,,,,,,,,,,,,,Y,UNKNOWN,,,,,,,,,,,,,,,,,,,,,,,,,,,,,,,,,
2135551,cea615bba93a4a7094f04382a179168eae1be536655be10b45d67dd2cc641a8accea5155b30e242a3b0354cc6ba2890325e3963307bcf595670374490f7f937c,08/24/2025 08:00:00 AM,2,PARKED,,2035766,,TOYOTA,HIGHLANDER,IL,2005,NONE,PASSENGER,PERSONAL,E,PARKED,,,0,,,,,,,,,,,Y,Y,,,,,,SIDE-LEFT-REAR,,,,,,,,,,,,,,,,,,,,,,,,,,,,,,,,,
2135585,243a5b3008ce63c68a731adcf5b2b0e5a1161124a3491ea796d0b130209529f77907301bce1b3c78510ed70cc300da67031aedece4c5469e8b511ed8cd5ec13e,08/24/2025 07:57:00 AM,1,DRIVER,,2035798,,TOYOTA,RAV4,IL,2008,UNKNOWN,SPORT UTILITY VEHICLE (SUV),UNKNOWN/NA,W,STRAIGHT AHEAD,,,1,,,,,Y,Y,,,,,,,,,,,Y,SIDE-RIGHT-FRONT,,,,,,,,,,,,,,,,,,,,,,,,,,,,,,,,,
2135586,243a5b3008ce63c68a731adcf5b2b0e5a1161124a3491ea796d0b130209529f77907301bce1b3c78510ed70cc300da67031aedece4c5469e8b511ed8cd5ec13e,08/24/2025 07:57:00 AM,2,DRIVER,,2035808,,LEXUS,RX350,IL,2020,UNKNOWN,PASSENGER,PERSONAL,W,SLOW/STOP IN TRAFFIC,,,1,,,,,,,,,,Y,Y,,,,,,Y,SIDE-LEFT-REAR,,,,,,,,,,,,,,,,,,,,,,,,,,,,,,,,,
2135512,848ae9f7b1b77127dd18fe8e629871e54a996889c73629a59bb25c6f3968efe7ca2fb296c7f8bcbe3cd55df87fe10e9fe1f162eea25e0e69e93e050a2d9597da,08/24/2025 07:45:00 AM,1,DRIVER,,2035731,,UNKNOWN,OTHER (EXPLAIN IN NARRATIVE),,,UNKNOWN,UNKNOWN/NA,UNKNOWN/NA,S,STRAIGHT AHEAD,,,1,,,,,,,,,,,,,,,,,Y,UNKNOWN,,,,,,,,,,,,,,,,,,,,,,,,,,,,,,,,,
2135513,848ae9f7b1b77127dd18fe8e629871e54a996889c73629a59bb25c6f3968efe7ca2fb296c7f8bcbe3cd55df87fe10e9fe1f162eea25e0e69e93e050a2d9597da,08/24/2025 07:45:00 AM,2,PARKED,,2035734,,BMW,750,IL,2016,NONE,PASSENGER,PERSONAL,S,PARKED,,,0,,,,,,,,,,Y,Y,N,,,,,,REAR-LEFT-CORNER,,,,,,,,,,,,,,,,,,,,,,,,,,,,,,,,,
2136489,481c5d2cd7a95525ac675af0d2a2e9028a93849b361ee8f45d8904c867eeeceb9a5f315611f868444061cb0bb57f8eb0c32dcd2c779034bfcd29f2650e9e0730,08/24/2025 07:02:00 AM,1,DRIVER,,2036667,,MAZDA,CX-5,IL,2021,NONE,PASSENGER,PERSONAL,E,TURNING LEFT,,,1,,,,,,,,,,,,,,,Y,,,FRONT-LEFT-CORNER,,,,,,,,,,,,,,,,,,,,,,,,,,,,,,,,,
2136490,481c5d2cd7a95525ac675af0d2a2e9028a93849b361ee8f45d8904c867eeeceb9a5f315611f868444061cb0bb57f8eb0c32dcd2c779034bfcd29f2650e9e0730,08/24/2025 07:02:00 AM,2,DRIVER,,2036672,,HONDA,ACCORD,IL,2019,NONE,PASSENGER,PERSONAL,E,STRAIGHT AHEAD,,,1,,,,,Y,,,,,,,,,,,,,FRONT-RIGHT-CORNER,,,,,,,,,,,,,,,,,,,,,,,,,,,,,,,,,
2137374,0744486f246ee362265842be0da3ebae51fe1b82c325c3ae4d5eb23e0f8f405cee5443d04cfe060a689e96a177f78b549ee3d6c4a8ab5f2398ca3e130607a03a,08/24/2025 07:00:00 AM,1,DRIVER,,2037508,,UNKNOWN,OTHER (EXPLAIN IN NARRATIVE),IL,,NONE,UNKNOWN/NA,UNKNOWN/NA,N,UNKNOWN/NA,,,1,,,,,,,,,,,,,,,,,,UNKNOWN,,,,,,,,,,,,,,,,,,,,,,,,,,,,,,,,,
2137375,0744486f246ee362265842be0da3ebae51fe1b82c325c3ae4d5eb23e0f8f405cee5443d04cfe060a689e96a177f78b549ee3d6c4a8ab5f2398ca3e130607a03a,08/24/2025 07:00:00 AM,2,PARKED,,2037510,,FORD,ESCAPE,IL,2020,NONE,PASSENGER,UNKNOWN/NA,N,PARKED,,,0,,,,,Y,Y,Y,Y,Y,,,,,,,,,SIDE-RIGHT,,,,,,,,,,,,,,,,,,,,,,,,,,,,,,,,,
2135508,f15962ce5ac9015f73e5fa4984e6f31dac82caf1a3f4cf2066e6df795ab1c2e4496be3722861a1411f36d63b94b5be2a18359bd06ce14dc7e780b274280fd2da,08/24/2025 06:45:00 AM,1,DRIVER,,2035724,,KIA,OTHER (EXPLAIN IN NARRATIVE),IL,,UNKNOWN,PASSENGER,PERSONAL,UNKNOWN,BACKING,,,1,,,,,,,,,,Y,,,,,,,,REAR,,,,,,,,,,,,,,,,,,,,,,,,,,,,,,,,,
2135509,f15962ce5ac9015f73e5fa4984e6f31dac82caf1a3f4cf2066e6df795ab1c2e4496be3722861a1411f36d63b94b5be2a18359bd06ce14dc7e780b274280fd2da,08/24/2025 06:45:00 AM,2,PARKED,,2035727,,PORSCHE,CAYENNE,IL,2014,NONE,PASSENGER,PERSONAL,S,PARKED,,,0,,,,,Y,,,,,,,,,,N,Y,,FRONT,,,,,,,,,,,,,,,,,,,,,,,,,,,,,,,,,
2135506,1b55af539e6ebb8dab50d733b9eeb6f6b188fd60ff92df25b046b73764adce8807cfea9591e71dba041decc8eee7c1856a496aecb1f8356172a10167ad4eab7d,08/24/2025 06:36:00 AM,1,DRIVER,,2035723,,TOYOTA,COROLLA,IL,2004,NONE,PASSENGER,PERSONAL,S,STRAIGHT AHEAD,,,1,,,,,Y,Y,Y,,,,,,,,,,,SIDE-RIGHT,,,,,,,,,,,,,,,,,,,,,,,,,,,,,,,,,
2135507,1b55af539e6ebb8dab50d733b9eeb6f6b188fd60ff92df25b046b73764adce8807cfea9591e71dba041decc8eee7c1856a496aecb1f8356172a10167ad4eab7d,08/24/2025 06:36:00 AM,2,PARKED,,2035726,,PONTIAC,VIBE,IL,2004,NONE,PASSENGER,NOT IN USE,S,PARKED,,,0,,,,,,,,,,,Y,,,,,,,REAR-LEFT-CORNER,,,,,,,,,,,,,,,,,,,,,,,,,,,,,,,,,
2135500,784174cfb7fa37824609f2624a02a23d0efc1bc3e2de99fb96d78e86a06a9f965f0f381452a237d65aaf30a84db91d92b3b36eaf1d692c1697fb6b5c2f603e9a,08/24/2025 06:17:00 AM,1,DRIVER,,2035719,,NISSAN,OTHER (EXPLAIN IN NARRATIVE),IL,,NONE,SPORT UTILITY VEHICLE (SUV),UNKNOWN/NA,E,STRAIGHT AHEAD,,,1,,,,,Y,,,,,,,,,,,Y,,FRONT,,,,,,,,,,,,,,,,,,,,,,,,,,,,,,,,,
2135501,784174cfb7fa37824609f2624a02a23d0efc1bc3e2de99fb96d78e86a06a9f965f0f381452a237d65aaf30a84db91d92b3b36eaf1d692c1697fb6b5c2f603e9a,08/24/2025 06:17:00 AM,2,DRIVERLESS,,2035720,,PONTIAC,OTHER (EXPLAIN IN NARRATIVE),IL,,UNKNOWN,PASSENGER,NOT IN USE,UNKNOWN,PARKED,Y,,0,,insurance,unknown,,,,,,Y,Y,Y,,,,,,,REAR,,,,,,,,,,,,,,,,,,,,,,,,,,,,,,,,,
2135495,2a85fb6d87e9a2367baeecfcd7a82f7adb89320a5968a55d7a2ae46cc6f914896974e49412e50e1778a76ac55bdcb9fb5154e2d925a5e670b83c55d542d11c56,08/24/2025 06:00:00 AM,1,DRIVER,,2035716,,HONDA,CIVIC,IL,2018,NONE,PASSENGER,PERSONAL,E,STRAIGHT AHEAD,,,1,,,,,,,,,,,,,,,,Y,,FRONT,,,,,,,,,,,,,,,,,,,,,,,,,,,,,,,,,
2135496,2a85fb6d87e9a2367baeecfcd7a82f7adb89320a5968a55d7a2ae46cc6f914896974e49412e50e1778a76ac55bdcb9fb5154e2d925a5e670b83c55d542d11c56,08/24/2025 06:00:00 AM,2,DRIVER,,2035714,,TOYOTA,RAV4,IL,2012,NONE,PASSENGER,PERSONAL,E,STRAIGHT AHEAD,,,1,,,,,,,,,,Y,,,,,,,,REAR,,,,,,,,,,,,,,,,,,,,,,,,,,,,,,,,,
2135491,a5f284561eb2ad0a8482ec261a346a294f5fb6f2bb1e9d1379af3e9b734a6c515e124abb22e5839f8709e968e86a22f756d8f48d193e92248b227826d23c5b87,08/24/2025 05:37:00 AM,1,DRIVER,,2035707,,TOYOTA,OTHER (EXPLAIN IN NARRATIVE),IL,2024,UNKNOWN,PICKUP,UNKNOWN/NA,N,STRAIGHT AHEAD,,,1,,,,,,,,,,,,,,,Y,,,FRONT-LEFT-CORNER,,,,,,,,,,,,,,,,,,,,,,,,,,,,,,,,,
2135492,a5f284561eb2ad0a8482ec261a346a294f5fb6f2bb1e9d1379af3e9b734a6c515e124abb22e5839f8709e968e86a22f756d8f48d193e92248b227826d23c5b87,08/24/2025 05:37:00 AM,2,PARKED,1,2035710,,SUZUKI,GRAND VITARA,IL,2010,UNKNOWN,SPORT UTILITY VEHICLE (SUV),NOT IN USE,N,PARKED IN TRAFFIC LANE,,,1,,,,,Y,Y,Y,Y,Y,,,,,,,,,SIDE-RIGHT,,,,,,,,,,,,,,,,,,,,,,,,,,,,,,,,,
2135493,fd0241f75183fc53b1b0bf8fb0ebb92e22a20f1a5195bd4b0730103701800dcf092d475f52ea6cb13b59eb6a61ab25be81de0516d4510099476d03debfbc8abd,08/24/2025 05:34:00 AM,1,DRIVER,,2035712,,UNKNOWN,OTHER (EXPLAIN IN NARRATIVE),IL,,UNKNOWN,UNKNOWN/NA,UNKNOWN/NA,N,STRAIGHT AHEAD,,,1,,,,,N,,,,,,,,,,,N,,UNKNOWN,,,,,,,,,,,,,,,,,,,,,,,,,,,,,,,,,
2135494,fd0241f75183fc53b1b0bf8fb0ebb92e22a20f1a5195bd4b0730103701800dcf092d475f52ea6cb13b59eb6a61ab25be81de0516d4510099476d03debfbc8abd,08/24/2025 05:34:00 AM,2,DRIVER,,2035713,,FORD,ESCAPE,IL,2008,NONE,PASSENGER,PERSONAL,S,STRAIGHT AHEAD,,,1,,,,,Y,,,,,,,,,,,,,FRONT-RIGHT-CORNER,,,,,,,,,,,,,,,,,,,,,,,,,,,,,,,,,
2135488,a81b12a4e549042b57cf048a7d419b76d4f7c1f3c91fd300f9f4ed6e224131c956429d0523e911b3b07ba63ea948a53952f88d2a086159135046d805607461f2,08/24/2025 05:07:00 AM,1,DRIVER,,2035703,,NISSAN,ROGUE,IL,2016,UNKNOWN,PASSENGER,UNKNOWN/NA,W,STRAIGHT AHEAD,,,1,,,,,,,Y,,,,,,,,,,,SIDE-RIGHT,,,,,,,,,,,,,,,,,,,,,,,,,,,,,,,,,
2135489,a81b12a4e549042b57cf048a7d419b76d4f7c1f3c91fd300f9f4ed6e224131c956429d0523e911b3b07ba63ea948a53952f88d2a086159135046d805607461f2,08/24/2025 05:07:00 AM,2,DRIVER,,2035709,,JEEP,GRAND CHEROKEE,IL,2015,UNKNOWN,PASSENGER,PERSONAL,E,STRAIGHT AHEAD,,,1,,,,,,,,,,,,,,,,Y,,FRONT,,,,,,,,,,,,,,,,,,,,,,,,,,,,,,,,,