CRASH_UNIT_ID,CRASH_RECORD_ID,CRASH_DATE,UNIT_NO,UNIT_TYPE,NUM_PASSENGERS,VEHICLE_ID,CMRC_VEH_I,MAKE,MODEL,LIC_PLATE_STATE,VEHICLE_YEAR,VEHICLE_DEFECT,VEHICLE_TYPE,VEHICLE_USE,TRAVEL_DIRECTION,MANEUVER,TOWED_I,FIRE_I,OCCUPANT_CNT,EXCEED_SPEED_LIMIT_I,TOWED_BY,TOWED_TO,AREA_00_I,AREA_01_I,AREA_02_I,AREA_03_I,AREA_04_I,AREA_05_I,AREA_06_I,AREA_07_I,AREA_08_I,AREA_09_I,AREA_10_I,AREA_11_I,AREA_12_I,AREA_99_I,FIRST_CONTACT_POINT,CMV_ID,USDOT_NO,CCMC_NO,ILCC_NO,COMMERCIAL_SRC,GVWR,CARRIER_NAME,CARRIER_STATE,CARRIER_CITY,HAZMAT_PLACARDS_I,HAZMAT_NAME,UN_NO,HAZMAT_PRESENT_I,HAZMAT_REPORT_I,HAZMAT_REPORT_NO,MCS_REPORT_I,MCS_REPORT_NO,HAZMAT_VIO_CAUSE_CRASH_I,MCS_VIO_CAUSE_CRASH_I,IDOT_PERMIT_NO,WIDE_LOAD_I,TRAILER1_WIDTH,TRAILER2_WIDTH,TRAILER1_LENGTH,TRAILER2_LENGTH,TOTAL_VEHICLE_LENGTH,AXLE_CNT,VEHICLE_CONFIG,CARGO_BODY_TYPE,LOAD_TYPE,HAZMAT_OUT_OF_SERVICE_I,MCS_OUT_OF_SERVICE_I,HAZMAT_CLASS
2135689,25ac701c3606a8f57e6c1f15856b16d018bbad5e977b404ab8be1dec0b1d14a444dd0dc00d13561dce91afb798eee5fc801f01a3e9555c929faee9e1c646fff7,08/24/2025 04:50:00 AM,1,DRIVER,,2035907,,UNKNOWN,MOTORIZED,,,NONE,PASSENGER,UNKNOWN/NA,E,UNKNOWN/NA,,,1,,,,,,,,,,,,,,,,,Y,UNKNOWN,,,,,,,,,,,,,,,,,,,,,,,,,,,,,,,,,
2135690,25ac701c3606a8f57e6c1f15856b16d018bbad5e977b404ab8be1dec0b1d14a444dd0dc00d13561dce91afb798eee5fc801f01a3e9555c929faee9e1c646fff7,08/24/2025 04:50:00 AM,2,PARKED,,2035898,,PORSCHE,MACAN,IL,2017,NONE,PASSENGER,NOT IN USE,E,PARKED,,,0,,,,,,,,,,Y,Y,Y,,,,,,REAR,,,,,,,,,,,,,,,,,,,,,,,,,,,,,,,,,
2135540,6311dfc8f77441ec67316257886bb4fe6d66fd4eeb9c2ccaf183174c4d24aa1a900750034ff581abf85ebb02d290fc397475fb17a19b269704a728756225dd3b,08/24/2025 04:30:00 AM,1,DRIVER,,2035754,,UNKNOWN,OTHER (EXPLAIN IN NARRATIVE),XX,,UNKNOWN,UNKNOWN/NA,UNKNOWN/NA,S,CHANGING LANES,,,1,,,,,,,,,,,,,,,,,,UNKNOWN,,,,,,,,,,,,,,,,,,,,,,,,,,,,,,,,,
2135541,6311dfc8f77441ec67316257886bb4fe6d66fd4eeb9c2ccaf183174c4d24aa1a900750034ff581abf85ebb02d290fc397475fb17a19b269704a728756225dd3b,08/24/2025 04:30:00 AM,2,DRIVER,,2035760,,JEEP,CHEROKEE,IN,,UNKNOWN,PASSENGER,PERSONAL,S,STRAIGHT AHEAD,,,1,,,,,,,,,,,,,,,,,,UNKNOWN,,,,,,,,,,,,,,,,,,,,,,,,,,,,,,,,,
2135649,85ec228d469c4cc0270e5be6ba620601b262fce45d8b85ca012deedf3c2f3c619f1bea8b3465777ee8faafa5d578b1e8c0c0efc77721cbb34458f3381206e5f2,08/24/2025 04:30:00 AM,1,DRIVER,,2035863,,DODGE,CHARGER,IL,2021,UNKNOWN,PASSENGER,UNKNOWN/NA,W,STRAIGHT AHEAD,Y,,1,,,,,Y,,,,,,,,,,N,Y,,FRONT-RIGHT-CORNER,,,,,,,,,,,,,,,,,,,,,,,,,,,,,,,,,
2135650,85ec228d469c4cc0270e5be6ba620601b262fce45d8b85ca012deedf3c2f3c619f1bea8b3465777ee8faafa5d578b1e8c0c0efc77721cbb34458f3381206e5f2,08/24/2025 04:30:00 AM,2,PARKED,,2035864,,CHEVROLET,CRUZE,IL,2013,UNKNOWN,PASSENGER,UNKNOWN/NA,UNKNOWN,PARKED,,,0,,,,,,,,,,,,,Y,Y,Y,,,SIDE-LEFT,,,,,,,,,,,,,,,,,,,,,,,,,,,,,,,,,
2135651,85ec228d469c4cc0270e5be6ba620601b262fce45d8b85ca012deedf3c2f3c619f1bea8b3465777ee8faafa5d578b1e8c0c0efc77721cbb34458f3381206e5f2,08/24/2025 04:30:00 AM,3,PARKED,,2035865,,TOYOTA,CAMRY,IL,2007,UNKNOWN,PASSENGER,UNKNOWN/NA,UNKNOWN,PARKED,,,0,,,,,,,,,,,Y,,,,,,,REAR-LEFT-CORNER,,,,,,,,,,,,,,,,,,,,,,,,,,,,,,,,,
2135652,85ec228d469c4cc0270e5be6ba620601b262fce45d8b85ca012deedf3c2f3c619f1bea8b3465777ee8faafa5d578b1e8c0c0efc77721cbb34458f3381206e5f2,08/24/2025 04:30:00 AM,4,PARKED,,2035866,,CHEVROLET,IMPALA,IL,2011,NONE,PASSENGER,PERSONAL,UNKNOWN,PARKED,,,0,,,,,,,,,,,Y,Y,Y,Y,Y,,,SIDE-LEFT,,,,,,,,,,,,,,,,,,,,,,,,,,,,,,,,,
2136720,59974f425aa1671a18da61f89cf1f73ae93a6772581429c060dcecb6a2a998e6e744080672fce10d5ebfb9e11575cbc75ab5e4d47f22829ac8255c56257a1061,08/24/2025 04:25:00 AM,1,DRIVER,,2036886,,LEXUS,RX300,IL,2001,NONE,PASSENGER,PERSONAL,S,UNKNOWN/NA,,,1,,,,,Y,,,,,,,,,,,N,,SIDE-RIGHT-FRONT,,,,,,,,,,,,,,,,,,,,,,,,,,,,,,,,,
2136721,59974f425aa1671a18da61f89cf1f73ae93a6772581429c060dcecb6a2a998e6e744080672fce10d5ebfb9e11575cbc75ab5e4d47f22829ac8255c56257a1061,08/24/2025 04:25:00 AM,2,PARKED,,2036887,,PONTIAC,VIBE,IL,2010,UNKNOWN,UNKNOWN/NA,UNKNOWN/NA,S,PARKED,,,0,,,,,,,,,,,Y,Y,,,,,,SIDE-LEFT-REAR,,,,,,,,,,,,,,,,,,,,,,,,,,,,,,,,,
2135778,9022bdfe8a24d4a5515e43c3fc232fd90804ef19861819025ea28d72ece70cddff7ba8cfc05a866fd5623f01b70b9046b082bcccc47fb5b8edc19e76b3eb17af,08/24/2025 04:20:00 AM,1,DRIVER,,2035977,,UNKNOWN,MOTORIZED,IL,,UNKNOWN,UNKNOWN/NA,UNKNOWN/NA,N,UNKNOWN/NA,,,1,,,,,,,,,,,,,,,,,,FRONT,,,,,,,,,,,,,,,,,,,,,,,,,,,,,,,,,
2135779,9022bdfe8a24d4a5515e43c3fc232fd90804ef19861819025ea28d72ece70cddff7ba8cfc05a866fd5623f01b70b9046b082bcccc47fb5b8edc19e76b3eb17af,08/24/2025 04:20:00 AM,2,DRIVER,,2035981,,NISSAN,ALTIMA,GA,2023,UNKNOWN,PASSENGER,PERSONAL,N,STRAIGHT AHEAD,,,1,,,,,,,,,,,Y,Y,Y,Y,Y,,,OTHER,,,,,,,,,,,,,,,,,,,,,,,,,,,,,,,,,
2135745,9c2b67f543d65a36edf37f2c64c6a5b8fd05919600faae04450a06f80b382be7eecd22fc86767b55286cd48e5d98bdea36cb04d52becde2f97b6e95694b479d4,08/24/2025 04:20:00 AM,1,DRIVER,,2035948,,UNKNOWN,MOTORIZED,,,UNKNOWN,PASSENGER,UNKNOWN/NA,S,STRAIGHT AHEAD,,,1,,,,,Y,,,,,,,,,,Y,Y,,FRONT,,,,,,,,,,,,,,,,,,,,,,,,,,,,,,,,,
2135746,9c2b67f543d65a36edf37f2c64c6a5b8fd05919600faae04450a06f80b382be7eecd22fc86767b55286cd48e5d98bdea36cb04d52becde2f97b6e95694b479d4,08/24/2025 04:20:00 AM,2,DRIVER,,2035950,,NISSAN,ROGUE,IL,2019,NONE,PASSENGER,PERSONAL,S,STRAIGHT AHEAD,,,1,,,,,,,,,Y,Y,Y,,,,,,,REAR,,,,,,,,,,,,,,,,,,,,,,,,,,,,,,,,,
2135579,f1b984fb36c53b7093c6d6f6f8d30ac6bfac5afb93941219b35ecf9be26fce9d8b7073db0610bd9a27ee96b59d4a1be5132a8a0c15a92180675c7c7cf45624cd,08/24/2025 04:20:00 AM,1,DRIVER,1,2035786,,KIA,OTHER (EXPLAIN IN NARRATIVE),IL,2025,NONE,PASSENGER,PERSONAL,S,STRAIGHT AHEAD,,,2,,,,,Y,Y,Y,,,,,,,,,,,SIDE-RIGHT,,,,,,,,,,,,,,,,,,,,,,,,,,,,,,,,,
2135580,f1b984fb36c53b7093c6d6f6f8d30ac6bfac5afb93941219b35ecf9be26fce9d8b7073db0610bd9a27ee96b59d4a1be5132a8a0c15a92180675c7c7cf45624cd,08/24/2025 04:20:00 AM,2,DRIVER,,2035787,,TOYOTA,SIENNA,IL,2015,UNKNOWN,PASSENGER,TAXI/FOR HIRE,S,UNKNOWN/NA,,,1,,,,,,,,,,,Y,Y,Y,Y,Y,,,SIDE-LEFT,,,,,,,,,,,,,,,,,,,,,,,,,,,,,,,,,
2135455,b803cba20a4b70d87e07127f127044705e2f267b0d13294f0b10e27f36986f2e5fe9fda151f3e8c50620d10743ae64fb01fc394a536811cf9056226fc75fb8db,08/24/2025 04:14:00 AM,1,DRIVER,,2035670,,UNKNOWN,OTHER (EXPLAIN IN NARRATIVE),IL,,UNKNOWN,PASSENGER,PERSONAL,N,STRAIGHT AHEAD,,,1,,,,Y,,,,,,,,,,,,,,UNKNOWN,,,,,,,,,,,,,,,,,,,,,,,,,,,,,,,,,
2135456,b803cba20a4b70d87e07127f127044705e2f267b0d13294f0b10e27f36986f2e5fe9fda151f3e8c50620d10743ae64fb01fc394a536811cf9056226fc75fb8db,08/24/2025 04:14:00 AM,2,DRIVER,,2035675,,TOYOTA,CAMRY,IL,2014,UNKNOWN,PASSENGER,RIDESHARE SERVICE,N,STRAIGHT AHEAD,,,1,,,,,Y,Y,Y,Y,Y,,,,,,,,,SIDE-RIGHT,,,,,,,,,,,,,,,,,,,,,,,,,,,,,,,,,
2135614,86b06824ed04a83acf6f0957cf6f345ef29431f35381a28ee6a77d728439aeefb2b7d1e971e5ec0d39acfbd95c9a17f971226d13346fda00af2aa7062e68c912,08/24/2025 04:08:00 AM,1,DRIVER,,2035822,,CHEVROLET,BLAZER,IL,,UNKNOWN,PASSENGER,UNKNOWN/NA,UNKNOWN,UNKNOWN/NA,,,1,,,,,,,,,,,,,,,,,Y,UNKNOWN,,,,,,,,,,,,,,,,,,,,,,,,,,,,,,,,,
2135615,86b06824ed04a83acf6f0957cf6f345ef29431f35381a28ee6a77d728439aeefb2b7d1e971e5ec0d39acfbd95c9a17f971226d13346fda00af2aa7062e68c912,08/24/2025 04:08:00 AM,2,PARKED,,2035823,,VOLKSWAGEN,OTHER (EXPLAIN IN NARRATIVE),IL,2021,NONE,PASSENGER,PERSONAL,W,PARKED,,,0,,,,,,,,Y,Y,Y,Y,Y,,,,,,REAR,,,,,,,,,,,,,,,,,,,,,,,,,,,,,,,,,
2135616,86b06824ed04a83acf6f0957cf6f345ef29431f35381a28ee6a77d728439aeefb2b7d1e971e5ec0d39acfbd95c9a17f971226d13346fda00af2aa7062e68c912,08/24/2025 04:08:00 AM,3,PARKED,,2035824,,TOYOTA,PRIUS,IL,2010,UNKNOWN,PASSENGER,NOT IN USE,W,PARKED,,,0,,,,,Y,Y,,,,,,,,,Y,Y,,FRONT,,,,,,,,,,,,,,,,,,,,,,,,,,,,,,,,,
2135987,809433acd70d766a9a6bb768caca808e5e1655740e76e2faeb5c1d389d127179d133d6f4c632be13959e52a34493ed45469b7418467064c03019b41a373e2ac5,08/24/2025 04:05:00 AM,1,DRIVER,2,2036214,,HONDA,ODYSSEY,IL,,UNKNOWN,VAN/MINI-VAN,UNKNOWN/NA,E,BACKING,,,3,,,,,,,,,,,,,,,,,Y,UNKNOWN,,,,,,,,,,,,,,,,,,,,,,,,,,,,,,,,,
2136032,809433acd70d766a9a6bb768caca808e5e1655740e76e2faeb5c1d389d127179d133d6f4c632be13959e52a34493ed45469b7418467064c03019b41a373e2ac5,08/24/2025 04:05:00 AM,2,PEDESTRIAN,,,,,,,,,,,,,,,,,,,,,,,,,,,,,,,,,,,,,,,,,,,,,,,,,,,,,,,,,,,,,,,,,,
2135460,0ef7c55aab609bb7f4116550e3363ac793b8e231577b4d7afc95bfb3c61a584e649793d5d0f294174a64cd2b6bda86f3415ff3a255bfe1fbf3239d9525078810,08/24/2025 04:04:00 AM,1,DRIVER,,2035682,,CHEVROLET,MALIBU,IL,2020,UNKNOWN,PASSENGER,PERSONAL,E,TURNING LEFT,,,1,,,,,,,,,,,,,,,Y,N,,FRONT-LEFT-CORNER,,,,,,,,,,,,,,,,,,,,,,,,,,,,,,,,,
2135840,716de77785b7f9b04fe7ef4cbb931907aa170c9b682b16b917f2a9e1143ca8276f24e83ec44d7792dff9e962f098cac90b6be85a5f538254d553a3fbb2a910ff,08/24/2025 04:00:00 AM,1,DRIVER,,2036049,,UNKNOWN,MOTORIZED,IL,,UNKNOWN,UNKNOWN/NA,UNKNOWN/NA,UNKNOWN,UNKNOWN/NA,,,1,,,,,,,,,,,,,,,,,Y,SIDE-RIGHT,,,,,,,,,,,,,,,,,,,,,,,,,,,,,,,,,
2135841,716de77785b7f9b04fe7ef4cbb931907aa170c9b682b16b917f2a9e1143ca8276f24e83ec44d7792dff9e962f098cac90b6be85a5f538254d553a3fbb2a910ff,08/24/2025 04:00:00 AM,2,PARKED,,2036045,,MAZDA,CX-9,IL,2012,NONE,PASSENGER,PERSONAL,W,PARKED,,,0,,,,,,,,,,,,Y,Y,Y,Y,,,SIDE-LEFT,,,,,,,,,,,,,,,,,,,,,,,,,,,,,,,,,
2135510,e01fdab55236f8d98158cc4007a5805e3f71fee6321d5c71b9c6a42c8b82b9a420e812a433aa432b90a964af137ce5a924dfd465c5869a0a3b13f3211f836ca9,08/24/2025 04:00:00 AM,1,DRIVER,,2035729,,UNKNOWN,MOTORIZED,,,UNKNOWN,UNKNOWN/NA,UNKNOWN/NA,S,UNKNOWN/NA,,,1,,,,,Y,,,,,,,,,,,,Y,FRONT-RIGHT-CORNER,,,,,,,,,,,,,,,,,,,,,,,,,,,,,,,,,
2135511,e01fdab55236f8d98158cc4007a5805e3f71fee6321d5c71b9c6a42c8b82b9a420e812a433aa432b90a964af137ce5a924dfd465c5869a0a3b13f3211f836ca9,08/24/2025 04:00:00 AM,2,PARKED,,2035730,,NISSAN,PATHFINDER,IL,2022,NONE,SPORT UTILITY VEHICLE (SUV),PERSONAL,S,PARKED,,,0,,,,,,,,,,,Y,Y,Y,Y,,,,SIDE-LEFT,,,,,,,,,,,,,,,,,,,,,,,,,,,,,,,,,
2135453,795e3f04982c69b9c04a98239b4a0048b7efb6a47dcb70199073b59f9b9564d83c2e404867016c777d0912e454caafac99118203f8f7045c61d5ee2f3135c6a6,08/24/2025 03:35:00 AM,1,DRIVER,,2035672,,TOYOTA,AVALON,IL,1996,UNKNOWN,PASSENGER,PERSONAL,W,STRAIGHT AHEAD,Y,,1,,PRIVATE TOW,UNKNOWN,,,,,,,,Y,Y,Y,Y,Y,,,SIDE-LEFT,,,,,,,,,,,,,,,,,,,,,,,,,,,,,,,,,
2135454,795e3f04982c69b9c04a98239b4a0048b7efb6a47dcb70199073b59f9b9564d83c2e404867016c777d0912e454caafac99118203f8f7045c61d5ee2f3135c6a6,08/24/2025 03:35:00 AM,2,DRIVER,1,2035676,,VOLKSWAGEN,ARTEON,IL,2022,UNKNOWN,PASSENGER,PERSONAL,N,STRAIGHT AHEAD,Y,,2,,PRIVATE TOW,UNKNOWN,,Y,Y,,,,,,,,Y,Y,Y,,FRONT,,,,,,,,,,,,,,,,,,,,,,,,,,,,,,,,,
2135490,571a5cf7cf4b4ef212015b583c976c8e69e4fafdf8f4c47e29e71b51cd53d9c41d570a61a2e8d8e83a7284c49a543bbb7bf8e5eeb48853ceb1c65bddee653ede,08/24/2025 03:30:00 AM,1,DRIVER,,2035704,,JEEP,COMPASS,IL,2024,UNKNOWN,SPORT UTILITY VEHICLE (SUV),UNKNOWN/NA,UNKNOWN,UNKNOWN/NA,Y,,1,,AD DESK,CITY POUND,,Y,,,,,,,,,,Y,Y,,FRONT,,,,,,,,,,,,,,,,,,,,,,,,,,,,,,,,,
2135464,449913e63be4014355c411b106c48606a6bf52d31c0c5fdfc21f978e6a76ddf76276548bb8496ecef2a15cce89f5c68d4496f015e7b7a22aae147860a23132a4,08/24/2025 03:18:00 AM,1,DRIVER,,2035680,,TOYOTA,CAMRY,IL,2008,UNKNOWN,PASSENGER,PERSONAL,E,STRAIGHT AHEAD,Y,,1,,PRIVATE TOW,PRIVATE TOW,,,,,,,,,,Y,Y,Y,Y,,FRONT-LEFT-CORNER,,,,,,,,,,,,,,,,,,,,,,,,,,,,,,,,,
2135465,449913e63be4014355c411b106c48606a6bf52d31c0c5fdfc21f978e6a76ddf76276548bb8496ecef2a15cce89f5c68d4496f015e7b7a22aae147860a23132a4,08/24/2025 03:18:00 AM,2,DRIVER,1,2035687,,DODGE,RAM 1500 PU,IL,2020,UNKNOWN,PICKUP,PERSONAL,W,STRAIGHT AHEAD,Y,,2,,PRIVATE TOW,PRIVATE TOW,,,Y,Y,Y,Y,,,Y,Y,Y,Y,,,SIDE-LEFT-FRONT,,,,,,,,,,,,,,,,,,,,,,,,,,,,,,,,,
2135466,449913e63be4014355c411b106c48606a6bf52d31c0c5fdfc21f978e6a76ddf76276548bb8496ecef2a15cce89f5c68d4496f015e7b7a22aae147860a23132a4,08/24/2025 03:18:00 AM,3,PARKED,,2035691,,NISSAN,ALTIMA,IL,2017,UNKNOWN,PASSENGER,PERSONAL,W,PARKED,,,0,,,,,,,,,,,Y,Y,Y,,,,,SIDE-LEFT-REAR,,,,,,,,,,,,,,,,,,,,,,,,,,,,,,,,,
2135462,8d8d30ea7cd8c8b9fb4d67b731fe106b54e6dec3a8dd1ca76aba278c7fdf4bab0903f87fc4392c3e23c3577620cf0a1999d4f2c614eef7bcae4527abff8b0e5f,08/24/2025 03:15:00 AM,1,DRIVER,,2035681,,BUICK,OTHER (EXPLAIN IN NARRATIVE),IL,2024,UNKNOWN,SPORT UTILITY VEHICLE (SUV),PERSONAL,S,STRAIGHT AHEAD,Y,,1,,private tow,,,Y,Y,Y,,,,,,,,,Y,,FRONT-RIGHT-CORNER,,,,,,,,,,,,,,,,,,,,,,,,,,,,,,,,,
2135463,8d8d30ea7cd8c8b9fb4d67b731fe106b54e6dec3a8dd1ca76aba278c7fdf4bab0903f87fc4392c3e23c3577620cf0a1999d4f2c614eef7bcae4527abff8b0e5f,08/24/2025 03:15:00 AM,2,PARKED,,2035683,,DODGE,RAM 1500 PU,IL,2013,UNKNOWN,PICKUP,PERSONAL,UNKNOWN,PARKED,,,0,,,,,,,,,,,Y,Y,Y,Y,,,,SIDE-LEFT,,,,,,,,,,,,,,,,,,,,,,,,,,,,,,,,,
2135765,a11292432184dfbb0ae816aa1dd1255c3242852849afe4ce25b6547f2a156325895cd689c653b3a474c774a6bd719d24490ca7bbd113632742f9beebc20ced11,08/24/2025 03:15:00 AM,1,DRIVER,,2035976,,TOYOTA,RAV4,IL,2017,UNKNOWN,PASSENGER,UNKNOWN/NA,E,AVOIDING VEHICLES/OBJECTS,,,1,,,,,Y,Y,,,,,,,,,,,,FRONT-RIGHT-CORNER,,,,,,,,,,,,,,,,,,,,,,,,,,,,,,,,,
2135766,a11292432184dfbb0ae816aa1dd1255c3242852849afe4ce25b6547f2a156325895cd689c653b3a474c774a6bd719d24490ca7bbd113632742f9beebc20ced11,08/24/2025 03:15:00 AM,2,DRIVER,,2035997,,GENESIS,G70,IL,2026,NONE,PASSENGER,PERSONAL,E,AVOIDING VEHICLES/OBJECTS,,,1,,,,,,,,,,,N,N,,Y,Y,,,FRONT-LEFT-CORNER,,,,,,,,,,,,,,,,,,,,,,,,,,,,,,,,,
2135499,9cff7dcdceb5cf4404c5fbf96b3a5701c4b1ccd9db9d7cf4230fc63146a12d863ff0b71b196262d68e1ad4cd075c7d3d08b62a7b02063e6d98ee33d64f57d28f,08/24/2025 03:09:00 AM,1,DRIVER,3,2035718,,ACURA,TLX,,2022,UNKNOWN,PASSENGER,OTHER,N,STRAIGHT AHEAD,Y,,4,,,,,Y,Y,Y,Y,Y,Y,,,,,,,,SIDE-RIGHT,,,,,,,,,,,,,,,,,,,,,,,,,,,,,,,,,
2135480,50f63b75541856b92eb3f5b276e3a323eee7bf564c954948871ff97f896af67126577d4edbadf46bd30f465dc076e3f09cddff70f6b2de03ba06743b8b15bd2c,08/24/2025 03:00:00 AM,1,DRIVER,,2035692,,UNKNOWN,MOTORIZED,,,UNKNOWN,UNKNOWN/NA,UNKNOWN/NA,UNKNOWN,UNKNOWN/NA,,,1,,,,,,,,,,,,,,,,,Y,UNKNOWN,,,,,,,,,,,,,,,,,,,,,,,,,,,,,,,,,
2135481,50f63b75541856b92eb3f5b276e3a323eee7bf564c954948871ff97f896af67126577d4edbadf46bd30f465dc076e3f09cddff70f6b2de03ba06743b8b15bd2c,08/24/2025 03:00:00 AM,2,PARKED,,2035696,,TOYOTA,COROLLA,IL,2016,NONE,PASSENGER,NOT IN USE,N,PARKED,,,0,,,,,,,,,,,,Y,Y,,,,,SIDE-RIGHT,,,,,,,,,,,,,,,,,,,,,,,,,,,,,,,,,
2135636,d99d65c4fd7e212a06bfc8b275e36a6eb540ae792a486b41a7c9d16b58f2ede8df4548518441dbe300e540c8a97565fef51b0faf317f43191f341266476054bc,08/24/2025 03:00:00 AM,1,DRIVER,,2035853,,NISSAN,SENTRA,IL,2022,UNKNOWN,PASSENGER,PERSONAL,W,STRAIGHT AHEAD,,,1,,,,,,,,Y,Y,Y,,,,,,,Y,UNKNOWN,,,,,,,,,,,,,,,,,,,,,,,,,,,,,,,,,
2135637,d99d65c4fd7e212a06bfc8b275e36a6eb540ae792a486b41a7c9d16b58f2ede8df4548518441dbe300e540c8a97565fef51b0faf317f43191f341266476054bc,08/24/2025 03:00:00 AM,2,PARKED,,2035856,,KIA,OPTIMA / K5,IL,2018,UNKNOWN,PASSENGER,PERSONAL,W,PARKED,,,0,,,,,Y,Y,,,,,,,,,,Y,Y,UNKNOWN,,,,,,,,,,,,,,,,,,,,,,,,,,,,,,,,,
2135437,cd7acbcaa6f4bc28c8b3ed3e8822292752173bec87d366072ec6b8c625a45ec38b3cb79540b8b132363cba049ae0aee6471284e28880570ac2252f819c9e9c90,08/24/2025 02:59:00 AM,1,DRIVER,,2035654,,CHEVROLET,TRAVERSE,IL,2018,NONE,PASSENGER,PERSONAL,S,BACKING,,,1,,,,,,,,,,Y,,,,,,,,REAR,,,,,,,,,,,,,,,,,,,,,,,,,,,,,,,,,
2135438,cd7acbcaa6f4bc28c8b3ed3e8822292752173bec87d366072ec6b8c625a45ec38b3cb79540b8b132363cba049ae0aee6471284e28880570ac2252f819c9e9c90,08/24/2025 02:59:00 AM,2,DRIVER,,2035658,,TOYOTA,SIENNA,IL,2024,NONE,VAN/MINI-VAN,PERSONAL,S,STRAIGHT AHEAD,,,1,,,,,,,,,,,,,,,,Y,,FRONT,,,,,,,,,,,,,,,,,,,,,,,,,,,,,,,,,
2136009,3b6122a486d42bcbeec4362abb1101f0200ab1fafa728f7d7ec770b82f14d695e49cb813cb06900cd5df694514757fc73b877c408de7f0233d5253d06518da02,08/24/2025 02:56:00 AM,1,DRIVER,,2036208,,NISSAN,SENTRA,IL,2010,NONE,PASSENGER,PERSONAL,N,TURNING LEFT,Y,,1,,STREETS AND SANITATION,POUND 3,,,,,,,,,,,,,,,SIDE-RIGHT-REAR,,,,,,,,,,,,,,,,,,,,,,,,,,,,,,,,,
2136010,3b6122a486d42bcbeec4362abb1101f0200ab1fafa728f7d7ec770b82f14d695e49cb813cb06900cd5df694514757fc73b877c408de7f0233d5253d06518da02,08/24/2025 02:56:00 AM,2,DRIVER,2,2036218,,LEXUS,GS,IL,2013,NONE,PASSENGER,PERSONAL,S,STRAIGHT AHEAD,Y,,3,,STREETS AND SANITATION,POUND 2,,Y,,,,,,,,,,Y,Y,,FRONT,,,,,,,,,,,,,,,,,,,,,,,,,,,,,,,,,
2135477,339acb5a011e666e66781dadc1bbc1d380a47481e9105eee704a509f6864c39b8dc54948f5919993e51ee9bf6576d0bf1e93168ffe4b9dfccdda5e7a80bf9e08,08/24/2025 02:45:00 AM,1,DRIVER,,2035697,,TOYOTA,AVALON,IL,2014,NONE,PASSENGER,PERSONAL,NW,TURNING LEFT,Y,,1,,PERSONAL TOW,,,,,,,,,,,,Y,Y,,,FRONT-LEFT-CORNER,,,,,,,,,,,,,,,,,,,,,,,,,,,,,,,,,
2135988,e925eea777fef5d65a7ad5090a71f0037a63babe8de4d340935e8a9664e1134059de342f9d9364883b1bc54c5a100e184c2f891668cb0d5cc16a357f7e130445,08/24/2025 02:45:00 AM,1,DRIVER,,2036184,,HYUNDAI,GENESIS,,,UNKNOWN,SPORT UTILITY VEHICLE (SUV),UNKNOWN/NA,E,STRAIGHT AHEAD,,,1,,,,,,,,,,,,,,,,,Y,UNKNOWN,,,,,,,,,,,,,,,,,,,,,,,,,,,,,,,,,
2135989,e925eea777fef5d65a7ad5090a71f0037a63babe8de4d340935e8a9664e1134059de342f9d9364883b1bc54c5a100e184c2f891668cb0d5cc16a357f7e130445,08/24/2025 02:45:00 AM,2,DRIVER,1,2036196,,TOYOTA,RAV4,IL,2017,UNKNOWN,SPORT UTILITY VEHICLE (SUV),PERSONAL,E,STRAIGHT AHEAD,,,2,,,,,Y,Y,Y,Y,Y,,,,,,,,,SIDE-RIGHT,,,,,,,,,,,,,,,,,,,,,,,,,,,,,,,,,
2135431,fa506be22dd8369947c825687f0f1110e497efccc69642e7d044ec93b54dcff203c6965167dd48b4cd708ac6d33ac7bce435505bd658b50afa444d73993cdd62,08/24/2025 02:43:00 AM,1,DRIVER,,2035656,,UNKNOWN,OTHER (EXPLAIN IN NARRATIVE),XX,,UNKNOWN,UNKNOWN/NA,UNKNOWN/NA,W,UNKNOWN/NA,,,1,,,,,,,,,,,,,,,N,,Y,UNKNOWN,,,,,,,,,,,,,,,,,,,,,,,,,,,,,,,,,
2135432,fa506be22dd8369947c825687f0f1110e497efccc69642e7d044ec93b54dcff203c6965167dd48b4cd708ac6d33ac7bce435505bd658b50afa444d73993cdd62,08/24/2025 02:43:00 AM,2,DRIVER,,2035652,,HYUNDAI,SANTA FE,IL,2009,UNKNOWN,PASSENGER,PERSONAL,NW,TURNING LEFT,Y,,1,,PRIVATE TOW,,,Y,,,,,,,,,,,Y,,FRONT-RIGHT-CORNER,,,,,,,,,,,,,,,,,,,,,,,,,,,,,,,,,
2135434,234622b64c2d5e15ee947912a20a3f3bc18be1aa944dbb758c4da83a364d850668d6ea886689fa7fc377443bd45ed4c2b30ee4402749939281b40bba8ce0ac3a,08/24/2025 02:36:00 AM,1,DRIVER,,2035653,,BMW,330I,IL,2019,UNKNOWN,PASSENGER,PERSONAL,E,STRAIGHT AHEAD,Y,,1,,PRIVATE TOW,,,Y,Y,,,,,,,,Y,Y,Y,,FRONT,,,,,,,,,,,,,,,,,,,,,,,,,,,,,,,,,
2135435,234622b64c2d5e15ee947912a20a3f3bc18be1aa944dbb758c4da83a364d850668d6ea886689fa7fc377443bd45ed4c2b30ee4402749939281b40bba8ce0ac3a,08/24/2025 02:36:00 AM,2,PARKED,,2035657,,TOYOTA,SIENNA,IL,2021,NONE,VAN/MINI-VAN,PERSONAL,E,PARKED,,,0,,,,,Y,,,,,Y,Y,Y,Y,Y,Y,Y,,REAR-LEFT-CORNER,,,,,,,,,,,,,,,,,,,,,,,,,,,,,,,,,