CRASH_UNIT_ID,CRASH_RECORD_ID,CRASH_DATE,UNIT_NO,UNIT_TYPE,NUM_PASSENGERS,VEHICLE_ID,CMRC_VEH_I,MAKE,MODEL,LIC_PLATE_STATE,VEHICLE_YEAR,VEHICLE_DEFECT,VEHICLE_TYPE,VEHICLE_USE,TRAVEL_DIRECTION,MANEUVER,TOWED_I,FIRE_I,OCCUPANT_CNT,EXCEED_SPEED_LIMIT_I,TOWED_BY,TOWED_TO,AREA_00_I,AREA_01_I,AREA_02_I,AREA_03_I,AREA_04_I,AREA_05_I,AREA_06_I,AREA_07_I,AREA_08_I,AREA_09_I,AREA_10_I,AREA_11_I,AREA_12_I,AREA_99_I,FIRST_CONTACT_POINT,CMV_ID,USDOT_NO,CCMC_NO,ILCC_NO,COMMERCIAL_SRC,GVWR,CARRIER_NAME,CARRIER_STATE,CARRIER_CITY,HAZMAT_PLACARDS_I,HAZMAT_NAME,UN_NO,HAZMAT_PRESENT_I,HAZMAT_REPORT_I,HAZMAT_REPORT_NO,MCS_REPORT_I,MCS_REPORT_NO,HAZMAT_VIO_CAUSE_CRASH_I,MCS_VIO_CAUSE_CRASH_I,IDOT_PERMIT_NO,WIDE_LOAD_I,TRAILER1_WIDTH,TRAILER2_WIDTH,TRAILER1_LENGTH,TRAILER2_LENGTH,TOTAL_VEHICLE_LENGTH,AXLE_CNT,VEHICLE_CONFIG,CARGO_BODY_TYPE,LOAD_TYPE,HAZMAT_OUT_OF_SERVICE_I,MCS_OUT_OF_SERVICE_I,HAZMAT_CLASS
2135436,234622b64c2d5e15ee947912a20a3f3bc18be1aa944dbb758c4da83a364d850668d6ea886689fa7fc377443bd45ed4c2b30ee4402749939281b40bba8ce0ac3a,08/24/2025 02:36:00 AM,3,PARKED,,2035661,,SUBARU,FORESTER,,2023,NONE,PASSENGER,PERSONAL,E,PARKED,,,0,,,,,,,,,Y,Y,Y,,,,,,,REAR,,,,,,,,,,,,,,,,,,,,,,,,,,,,,,,,,
2135442,049d9d5a78ac29f6f50630718e3889932d1ce7d4cd143947eeccc5534e40e36b428095764c4941ca725de5a0c77603a8fea58c580d722ddc9cefe8586374740d,08/24/2025 02:34:00 AM,1,DRIVER,,2035660,,JEEP,CHEROKEE,IL,2019,NONE,SPORT UTILITY VEHICLE (SUV),PERSONAL,E,STRAIGHT AHEAD,Y,,1,,TRIPLE A,,,N,,,,,,,,,,Y,Y,,FRONT-LEFT-CORNER,,,,,,,,,,,,,,,,,,,,,,,,,,,,,,,,,
2135423,b2fb96f445c989f6746e2f4b39745b0b360c7a84ef9fea95751b64965b0df802b598cb2b713865d4eca9abca2f2bf15d20388662dcbf976679974f60847f63d0,08/24/2025 02:32:00 AM,1,DRIVER,,2035637,,NISSAN,MURANO,IL,2011,UNKNOWN,SPORT UTILITY VEHICLE (SUV),UNKNOWN/NA,N,UNKNOWN/NA,,,1,,,,,,,Y,,,,,,N,,,,,SIDE-RIGHT,,,,,,,,,,,,,,,,,,,,,,,,,,,,,,,,,
2135424,b2fb96f445c989f6746e2f4b39745b0b360c7a84ef9fea95751b64965b0df802b598cb2b713865d4eca9abca2f2bf15d20388662dcbf976679974f60847f63d0,08/24/2025 02:32:00 AM,2,PARKED,1,2035639,,VOLKSWAGEN,ATLAS,,,UNKNOWN,SPORT UTILITY VEHICLE (SUV),OTHER,N,PARKED,,,1,,,,,,,,,,,,Y,Y,,,,,SIDE-LEFT,,,,,,,,,,,,,,,,,,,,,,,,,,,,,,,,,
2135673,56a6ac5bb9f1622fe607a8c42a2c4d41a6bfa970c68c6a969417a51fde0737e9967f4dba20cefad588a3298f7fa71f90f14ab5afc753973081b336ab572182b9,08/24/2025 02:30:00 AM,1,DRIVER,,2035873,,DODGE,RAM 1500 PU,IL,2014,UNKNOWN,UNKNOWN/NA,UNKNOWN/NA,W,DRIVING WRONG WAY,,,1,,,,,Y,Y,Y,,,,,,,N,N,Y,,FRONT-RIGHT-CORNER,,,,,,,,,,,,,,,,,,,,,,,,,,,,,,,,,
2135674,56a6ac5bb9f1622fe607a8c42a2c4d41a6bfa970c68c6a969417a51fde0737e9967f4dba20cefad588a3298f7fa71f90f14ab5afc753973081b336ab572182b9,08/24/2025 02:30:00 AM,2,PARKED,,2035874,,SUBARU,FORESTER,MO,2023,UNKNOWN,PASSENGER,PERSONAL,E,PARKED,Y,,0,,PRIVATE TOW,unknown location,,,,Y,Y,,,Y,Y,,,,,,SIDE-RIGHT,,,,,,,,,,,,,,,,,,,,,,,,,,,,,,,,,
2135949,9783170f35920281ea09ef1e32bf748b019cb5cf0221533afab309bdd236567a90177493e4bed4705ce89a4804b183c78d392efde951ff2b40f53269f8475671,08/24/2025 02:30:00 AM,1,DRIVER,,2036148,,UNKNOWN,OTHER (EXPLAIN IN NARRATIVE),,,UNKNOWN,UNKNOWN/NA,UNKNOWN/NA,UNKNOWN,UNKNOWN/NA,,,1,,,,,,,,,,,,,,,,,Y,UNKNOWN,,,,,,,,,,,,,,,,,,,,,,,,,,,,,,,,,
2135950,9783170f35920281ea09ef1e32bf748b019cb5cf0221533afab309bdd236567a90177493e4bed4705ce89a4804b183c78d392efde951ff2b40f53269f8475671,08/24/2025 02:30:00 AM,2,PARKED,,2036150,,VOLKSWAGEN,ATLAS,IL,2024,NONE,SPORT UTILITY VEHICLE (SUV),NOT IN USE,E,PARKED,,,0,,,,,,,Y,,,,,,,,,,,SIDE-RIGHT,,,,,,,,,,,,,,,,,,,,,,,,,,,,,,,,,
2135440,6859788a3248cf4005a289ccdf73570b012c915b01c0fe6ba2334b2e73b440949c154084a2ee9c324a71981abc052a2851e2f146824efa1596739bf87072394c,08/24/2025 02:20:00 AM,1,DRIVER,2,2035655,,CHRYSLER,TOWN & COUNTRY,,2013,NONE,PASSENGER,PERSONAL,E,STRAIGHT AHEAD,Y,,3,,CITY OF CHICAGO,,,Y,Y,,,,,,,,,N,Y,,FRONT,,,,,,,,,,,,,,,,,,,,,,,,,,,,,,,,,
2135441,6859788a3248cf4005a289ccdf73570b012c915b01c0fe6ba2334b2e73b440949c154084a2ee9c324a71981abc052a2851e2f146824efa1596739bf87072394c,08/24/2025 02:20:00 AM,2,DRIVER,1,2035659,,HONDA,CIVIC,IL,2012,NONE,PASSENGER,PERSONAL,N,STRAIGHT AHEAD,Y,,2,,PRIVATE PERSONAL TOW,,,Y,Y,,,,,,,,Y,Y,Y,,FRONT-LEFT-CORNER,,,,,,,,,,,,,,,,,,,,,,,,,,,,,,,,,
2135449,c06b7c217af457275e820b59e1904673a4d3e7bbf64482484cf1083709a2c4f0327269117421bd4f71ac34b7ada9573f9a2c04f3d8cef25ff6b5ed9ea1d6ca57,08/24/2025 02:11:00 AM,1,DRIVER,,2035666,,NISSAN,ALTIMA,IL,2012,STEERING,PASSENGER,PERSONAL,N,STRAIGHT AHEAD,Y,,1,,,,,Y,,,,,,,,,,Y,Y,,FRONT-RIGHT-CORNER,,,,,,,,,,,,,,,,,,,,,,,,,,,,,,,,,
2135452,c06b7c217af457275e820b59e1904673a4d3e7bbf64482484cf1083709a2c4f0327269117421bd4f71ac34b7ada9573f9a2c04f3d8cef25ff6b5ed9ea1d6ca57,08/24/2025 02:11:00 AM,2,PARKED,,2035669,,VOLKSWAGEN,TOUAREG,IL,2007,UNKNOWN,PASSENGER,PERSONAL,N,PARKED,,,0,,,,,,,,,,Y,Y,Y,Y,,,,,NONE,,,,,,,,,,,,,,,,,,,,,,,,,,,,,,,,,
2135450,4be8e09cac4aaf99d914534be7875b1d3b826ca750ae5327dba5e9c35471224208c40a75c061063026216ee610e7371392bdab405f6deba504c7d7400bef648f,08/24/2025 02:10:00 AM,1,DRIVER,3,2035671,,CHEVROLET,MALIBU,IL,2017,UNKNOWN,PASSENGER,PERSONAL,NW,TURNING LEFT,,,4,,,,,,,,,,,,,,,,,Y,FRONT,,,,,,,,,,,,,,,,,,,,,,,,,,,,,,,,,
2135451,4be8e09cac4aaf99d914534be7875b1d3b826ca750ae5327dba5e9c35471224208c40a75c061063026216ee610e7371392bdab405f6deba504c7d7400bef648f,08/24/2025 02:10:00 AM,2,DRIVER,,2035677,,VOLKSWAGEN,OTHER (EXPLAIN IN NARRATIVE),IL,2022,NONE,PASSENGER,PERSONAL,E,STRAIGHT AHEAD,,,1,,,,,Y,Y,,,,,,,,,,Y,,SIDE-RIGHT-FRONT,,,,,,,,,,,,,,,,,,,,,,,,,,,,,,,,,
2135794,1c6dd796276d8a7c312b5d637200a19745b684f868444977b1b45ee45a6be12ce5f1b2f3fcf616597268c67e08310fe50b0c3c264a181ad5dda88e0a65828225,08/24/2025 02:00:00 AM,1,DRIVER,,2035993,,UNKNOWN,MOTORIZED,,,UNKNOWN,PASSENGER,PERSONAL,S,STRAIGHT AHEAD,,,1,,,,,,,,,,,,,,,,,,UNKNOWN,,,,,,,,,,,,,,,,,,,,,,,,,,,,,,,,,
2135795,1c6dd796276d8a7c312b5d637200a19745b684f868444977b1b45ee45a6be12ce5f1b2f3fcf616597268c67e08310fe50b0c3c264a181ad5dda88e0a65828225,08/24/2025 02:00:00 AM,2,DRIVER,,2036008,,HYUNDAI,SANTA FE,IL,2007,NONE,PASSENGER,PERSONAL,S,STRAIGHT AHEAD,,,1,,,,,Y,,,,Y,Y,Y,,,,Y,Y,,OTHER,,,,,,,,,,,,,,,,,,,,,,,,,,,,,,,,,
2135796,1c6dd796276d8a7c312b5d637200a19745b684f868444977b1b45ee45a6be12ce5f1b2f3fcf616597268c67e08310fe50b0c3c264a181ad5dda88e0a65828225,08/24/2025 02:00:00 AM,3,DRIVER,1,2036001,,CHEVROLET,MALIBU,IL,2023,NONE,PASSENGER,PERSONAL,S,STRAIGHT AHEAD,,,2,,,,,,,,,Y,Y,Y,,,,,,,REAR,,,,,,,,,,,,,,,,,,,,,,,,,,,,,,,,,
2136021,2d0336aaa7e3731663b3c200cff8235cc70599e2e05f1ad53126339db3c5f4b1fafde02c73cc7299df6a14abc76ee578fea31849f2fcc64bdc3c1a9dbf20d561,08/24/2025 02:00:00 AM,1,DRIVER,,2036250,,MAZDA,MAZDA3,IL,2012,UNKNOWN,PASSENGER,UNKNOWN/NA,E,UNKNOWN/NA,,,1,,,,,,,,,,,,,,,,,Y,UNKNOWN,,,,,,,,,,,,,,,,,,,,,,,,,,,,,,,,,
2136022,2d0336aaa7e3731663b3c200cff8235cc70599e2e05f1ad53126339db3c5f4b1fafde02c73cc7299df6a14abc76ee578fea31849f2fcc64bdc3c1a9dbf20d561,08/24/2025 02:00:00 AM,2,PARKED,,2036255,,FORD,ESCAPE,NY,2025,NONE,SPORT UTILITY VEHICLE (SUV),NOT IN USE,E,PARKED,,,0,,,,,Y,Y,Y,Y,Y,,,,,,,,N,SIDE-RIGHT,,,,,,,,,,,,,,,,,,,,,,,,,,,,,,,,,
2135429,d34bf80831337c7651498dd882bdf932a37205e9b425224de8164627ce19d20276531c5890a2c387539a08cb96e0a535ffa70b25a555e0513987bc1c7dd109c7,08/24/2025 02:00:00 AM,1,DRIVER,,2035646,,LEXUS,IS250,,2007,UNKNOWN,PASSENGER,UNKNOWN/NA,N,STRAIGHT AHEAD,,,1,,,,,Y,Y,,,,,,,,Y,Y,Y,,FRONT,,,,,,,,,,,,,,,,,,,,,,,,,,,,,,,,,
2135430,d34bf80831337c7651498dd882bdf932a37205e9b425224de8164627ce19d20276531c5890a2c387539a08cb96e0a535ffa70b25a555e0513987bc1c7dd109c7,08/24/2025 02:00:00 AM,2,DRIVER,,2035649,,MITSUBISHI,ECLIPSE,IL,2020,UNKNOWN,PASSENGER,UNKNOWN/NA,W,STRAIGHT AHEAD,Y,,1,,PRIVATE,,,,,,,,,Y,Y,Y,Y,Y,Y,,SIDE-LEFT,,,,,,,,,,,,,,,,,,,,,,,,,,,,,,,,,
2135425,92216e9435ec8751f44da15bff65177dc7a85b0b84581a9fc3db5be5a9d69ba1f6ca1abf3a58744f900b8a4c6ba3525d8d7c78a80dd786ad4c5af6950a801f45,08/24/2025 01:57:00 AM,1,DRIVER,1,2035644,,GENERAL MOTORS CORPORATION (GMC),YUKON,IL,2021,NONE,SPORT UTILITY VEHICLE (SUV),PERSONAL,W,TURNING LEFT,Y,,2,,owner,,,Y,Y,,Y,Y,,,,,,,,,FRONT-RIGHT-CORNER,,,,,,,,,,,,,,,,,,,,,,,,,,,,,,,,,
2135426,92216e9435ec8751f44da15bff65177dc7a85b0b84581a9fc3db5be5a9d69ba1f6ca1abf3a58744f900b8a4c6ba3525d8d7c78a80dd786ad4c5af6950a801f45,08/24/2025 01:57:00 AM,2,DRIVER,1,2035647,,FORD,FOCUS,IL,2010,NONE,PASSENGER,PERSONAL,E,STRAIGHT AHEAD,Y,,2,,owner,,,Y,,,,,,,,,,Y,Y,,FRONT,,,,,,,,,,,,,,,,,,,,,,,,,,,,,,,,,
2136510,79506a4e15be1bde5f187e251641851c48776ce74d1ef27149f8155c3d243517e7735c9f8e72acd786c1d065f1e5a6a3d053156953e9ab24afdbf9da78b32482,08/24/2025 01:55:00 AM,1,DRIVER,,2036686,,KIA,FORTE,IL,2016,NONE,PASSENGER,PERSONAL,N,UNKNOWN/NA,,,1,,,,Y,,,,,,,,,,,,,,FRONT,,,,,,,,,,,,,,,,,,,,,,,,,,,,,,,,,
2136511,79506a4e15be1bde5f187e251641851c48776ce74d1ef27149f8155c3d243517e7735c9f8e72acd786c1d065f1e5a6a3d053156953e9ab24afdbf9da78b32482,08/24/2025 01:55:00 AM,2,DRIVER,,2036703,,TOYOTA,PRIUS,IL,2015,NONE,PASSENGER,PERSONAL,N,SLOW/STOP IN TRAFFIC,,,1,,,,,,,,,Y,Y,N,,,,,,,REAR,,,,,,,,,,,,,,,,,,,,,,,,,,,,,,,,,
2135772,c25e113cd1e7a36b1e2e115cb40ba0f72cf64378092de1c93fafa0b493089d9a274b8ab132ace34ae1f6b3a1223ddf9e843ac6e4a5d737939c41caa50ee5c785,08/24/2025 01:52:00 AM,1,DRIVER,,2035978,,HYUNDAI,SANTA FE,IL,2018,UNKNOWN,PASSENGER,UNKNOWN/NA,W,STRAIGHT AHEAD,,,1,,,,,,,,,,,,,,,,Y,Y,FRONT,,,,,,,,,,,,,,,,,,,,,,,,,,,,,,,,,
2135773,c25e113cd1e7a36b1e2e115cb40ba0f72cf64378092de1c93fafa0b493089d9a274b8ab132ace34ae1f6b3a1223ddf9e843ac6e4a5d737939c41caa50ee5c785,08/24/2025 01:52:00 AM,2,DRIVER,,2035984,,HONDA,CR-V,IL,2022,UNKNOWN,PASSENGER,PERSONAL,W,SLOW/STOP IN TRAFFIC,,,1,,,,,,,,,,Y,,,,,,,,REAR,,,,,,,,,,,,,,,,,,,,,,,,,,,,,,,,,
2135502,3344b8b50e26fdff7510f3f6770451bc64cb00bba6d80e16fd90073e8d534268d26c64e3137eef1e753468bc92632d91c7d1427a8e505d80abd48ce62c0d24f1,08/24/2025 01:45:00 AM,1,DRIVER,,2035725,,HYUNDAI,ELANTRA,IL,2021,UNKNOWN,PASSENGER,PERSONAL,W,STRAIGHT AHEAD,Y,,1,,CITY OF CHICAGO,POUND 1,,Y,Y,Y,Y,Y,Y,Y,Y,Y,Y,Y,Y,,SIDE-RIGHT,,,,,,,,,,,,,,,,,,,,,,,,,,,,,,,,,
2135503,3344b8b50e26fdff7510f3f6770451bc64cb00bba6d80e16fd90073e8d534268d26c64e3137eef1e753468bc92632d91c7d1427a8e505d80abd48ce62c0d24f1,08/24/2025 01:45:00 AM,2,DRIVER,3,2035728,,HYUNDAI,TUCSON,IL,2019,UNKNOWN,PASSENGER,PERSONAL,S,STRAIGHT AHEAD,,,4,,,,,Y,Y,,,,,,,,Y,Y,Y,,FRONT,,,,,,,,,,,,,,,,,,,,,,,,,,,,,,,,,
2135467,c18b908e09ecdd6e51a3e0f54e19130f9e1b9aa737381a97f076a5007ad85a33edd5677b519ae68a05a1fe2c52b674a9e10421097b45f7f8599bb548691b0e63,08/24/2025 01:40:00 AM,1,DRIVER,1,2035698,,YAMAHA,OTHER (EXPLAIN IN NARRATIVE),XX,2023,UNKNOWN,MOTORCYCLE (OVER 150CC),PERSONAL,W,STRAIGHT AHEAD,Y,,2,,AD DESK,POUND 2,,,,,,,Y,,,,,,Y,,FRONT,,,,,,,,,,,,,,,,,,,,,,,,,,,,,,,,,
2135468,c18b908e09ecdd6e51a3e0f54e19130f9e1b9aa737381a97f076a5007ad85a33edd5677b519ae68a05a1fe2c52b674a9e10421097b45f7f8599bb548691b0e63,08/24/2025 01:40:00 AM,2,DRIVERLESS,,2035706,,FORD,ESCAPE,IL,2009,OTHER,PASSENGER,PERSONAL,UNKNOWN,UNKNOWN/NA,,,0,,,,,,,,,,,Y,,,,,,,REAR-LEFT-CORNER,,,,,,,,,,,,,,,,,,,,,,,,,,,,,,,,,
2135417,7631407046871671f84977b9c908b67d17d42d66aa0f6b9bc348cae2aa7aed30b5199630e73e50a8d249f36314fd9567a292c4d66d56cf80ffcc683dbcf69eee,08/24/2025 01:35:00 AM,1,DRIVER,1,2035636,,NISSAN,ALTIMA,IL,2021,UNKNOWN,PASSENGER,PERSONAL,S,SKIDDING/CONTROL LOSS,Y,,2,,,,,,,,,,,,,,Y,Y,Y,,FRONT-LEFT-CORNER,,,,,,,,,,,,,,,,,,,,,,,,,,,,,,,,,
2135570,b06c90420f74b3606db4e64d50fd4d87616a87ac345e894c23a00636ad44ab55b7a4c0a4d1716cf49f7b78d96023788f7c301c4c7715bca2277c38d4d2ad47d8,08/24/2025 01:30:00 AM,1,DRIVER,,2035788,,CHEVROLET,EQUINOX,IL,2023,UNKNOWN,PASSENGER,PERSONAL,S,BACKING,,,1,,,,,,,,,,Y,,,,,,,,REAR,,,,,,,,,,,,,,,,,,,,,,,,,,,,,,,,,
2135571,b06c90420f74b3606db4e64d50fd4d87616a87ac345e894c23a00636ad44ab55b7a4c0a4d1716cf49f7b78d96023788f7c301c4c7715bca2277c38d4d2ad47d8,08/24/2025 01:30:00 AM,2,PARKED,,2035790,,GENERAL MOTORS CORPORATION (GMC),ACADIA,IL,2015,NONE,PASSENGER,NOT IN USE,S,PARKED,,,0,,,,,,,,,,,,,Y,Y,,,,SIDE-LEFT,,,,,,,,,,,,,,,,,,,,,,,,,,,,,,,,,
2135516,e9667373753007f30bb9f5affeb1eda8f13ae338b03d4f91d451b2cb7d096294a3b137ec8cee999290226a3c77efc15176b5dd0c167b55f4281863c82229f752,08/24/2025 01:30:00 AM,1,DRIVER,,2035735,,CHEVROLET,OTHER (EXPLAIN IN NARRATIVE),IL,1986,UNKNOWN,UNKNOWN/NA,UNKNOWN/NA,W,UNKNOWN/NA,,,1,,,,,,,,,,,,,,,,,Y,UNKNOWN,,,,,,,,,,,,,,,,,,,,,,,,,,,,,,,,,
2135517,e9667373753007f30bb9f5affeb1eda8f13ae338b03d4f91d451b2cb7d096294a3b137ec8cee999290226a3c77efc15176b5dd0c167b55f4281863c82229f752,08/24/2025 01:30:00 AM,2,DRIVERLESS,,2035736,,CHEVROLET,OTHER (EXPLAIN IN NARRATIVE),IL,2014,NONE,PASSENGER,PERSONAL,W,PARKED,,,0,,,,,,,,,,Y,Y,,,,,,,REAR,,,,,,,,,,,,,,,,,,,,,,,,,,,,,,,,,
2138285,ec2b9feb67e6fe0e72db58f8f310525602178bf739874fc2b1cb397caa6f5b0d678c8da271365ab7248a9763ec1024f677a0107bc3e258ea9e0983de167d140b,08/24/2025 01:30:00 AM,1,DRIVER,,2038370,,FORD,F150,IL,2021,UNKNOWN,PICKUP,UNKNOWN/NA,N,UNKNOWN/NA,,,1,,,,,,,,,,,,,,,,Y,,FRONT,,,,,,,,,,,,,,,,,,,,,,,,,,,,,,,,,
2138286,ec2b9feb67e6fe0e72db58f8f310525602178bf739874fc2b1cb397caa6f5b0d678c8da271365ab7248a9763ec1024f677a0107bc3e258ea9e0983de167d140b,08/24/2025 01:30:00 AM,2,DRIVER,,2038369,,FORD,FUSION,,,UNKNOWN,PASSENGER,RIDESHARE SERVICE,N,SLOW/STOP IN TRAFFIC,,,1,,,,,,,,,,Y,,,,,,,,REAR,,,,,,,,,,,,,,,,,,,,,,,,,,,,,,,,,
2135427,96cf4be8c8cec38bc02d5f0a1a36057848ff082cea57dc141fb23fbb01c2669b2bee36ac02b86b247b989b77ec151ac97f0ea854af0be03748c8540cac781267,08/24/2025 01:23:00 AM,1,DRIVER,,2035638,,CADILLAC,OTHER (EXPLAIN IN NARRATIVE),,,UNKNOWN,SPORT UTILITY VEHICLE (SUV),UNKNOWN/NA,E,BACKING,,,1,,,,,,,,,,,,,,,,,Y,SIDE-LEFT,,,,,,,,,,,,,,,,,,,,,,,,,,,,,,,,,
2135428,96cf4be8c8cec38bc02d5f0a1a36057848ff082cea57dc141fb23fbb01c2669b2bee36ac02b86b247b989b77ec151ac97f0ea854af0be03748c8540cac781267,08/24/2025 01:23:00 AM,2,DRIVER,,2035643,,FORD,TAURUS,IL,2017,UNKNOWN,PASSENGER,PERSONAL,W,STRAIGHT AHEAD,,,1,,,,,,,,,,,Y,Y,Y,Y,Y,,,SIDE-LEFT,,,,,,,,,,,,,,,,,,,,,,,,,,,,,,,,,
2135445,5c50594ccd727e2185a93e0871ead49f080e244685cc2544e1aa840c8bcd500cd139e1c46da4808afd7362d84ce370019752cc979d6496749018128cf33ca168,08/24/2025 01:18:00 AM,1,DRIVER,,2035663,,GENERAL MOTORS CORPORATION (GMC),SIERRA,IL,2016,NONE,PICKUP,PERSONAL,W,STRAIGHT AHEAD,Y,,1,,CITY OF CHICAGO,POUND 1,,,,,,,,,,Y,Y,Y,,,FRONT-LEFT-CORNER,,,,,,,,,,,,,,,,,,,,,,,,,,,,,,,,,
2135446,5c50594ccd727e2185a93e0871ead49f080e244685cc2544e1aa840c8bcd500cd139e1c46da4808afd7362d84ce370019752cc979d6496749018128cf33ca168,08/24/2025 01:18:00 AM,2,PARKED,,2035665,,NISSAN,SENTRA,IL,2011,NONE,PASSENGER,NOT IN USE,E,PARKED,,,0,,,,,,,,,,,Y,Y,Y,Y,,,,SIDE-LEFT-FRONT,,,,,,,,,,,,,,,,,,,,,,,,,,,,,,,,,
2135447,5c50594ccd727e2185a93e0871ead49f080e244685cc2544e1aa840c8bcd500cd139e1c46da4808afd7362d84ce370019752cc979d6496749018128cf33ca168,08/24/2025 01:18:00 AM,3,PARKED,,2035668,,TOYOTA,CAMRY,IL,2014,NONE,PASSENGER,NOT IN USE,E,PARKED,,,0,,,,,,,,,,,,,,Y,Y,Y,,FRONT-LEFT-CORNER,,,,,,,,,,,,,,,,,,,,,,,,,,,,,,,,,
2136369,8d0c5fc93860dac7d532e1f5e7daf9294bfbfbe6f3898752528f48dab1cec8671475394ba5ffaec777ac0ccf4d5eb695df46caab2fb45779f0276b922dc00f24,08/24/2025 01:18:00 AM,1,DRIVER,,2036567,,NISSAN,ALTIMA,IL,2015,UNKNOWN,PASSENGER,UNKNOWN/NA,N,STRAIGHT AHEAD,,,1,,,,,Y,,,,,,,,,,Y,Y,,FRONT,,,,,,,,,,,,,,,,,,,,,,,,,,,,,,,,,
2136370,8d0c5fc93860dac7d532e1f5e7daf9294bfbfbe6f3898752528f48dab1cec8671475394ba5ffaec777ac0ccf4d5eb695df46caab2fb45779f0276b922dc00f24,08/24/2025 01:18:00 AM,2,DRIVER,,2036561,,NISSAN,SENTRA,FL,2022,UNKNOWN,PASSENGER,RIDESHARE SERVICE,N,SLOW/STOP IN TRAFFIC,,,1,,,,,,,,,,Y,Y,,,,,,,REAR,,,,,,,,,,,,,,,,,,,,,,,,,,,,,,,,,
2135413,ca38c9be18ad319ef9a727e308d63ae738acee0d3c732490f6fb915d1c3cd4b6411508b276d59122dc203523b22e29e4a564bf49913b317b0dfb78a6c11ee99c,08/24/2025 01:02:00 AM,1,DRIVER,,2035630,,FORD,TAURUS,IL,2010,UNKNOWN,PASSENGER,PERSONAL,S,STRAIGHT AHEAD,Y,,1,,CITY OF CHICAGO,POUND 2,,Y,Y,Y,,,,,,,,,,Y,SIDE-RIGHT,,,,,,,,,,,,,,,,,,,,,,,,,,,,,,,,,
2135414,ca38c9be18ad319ef9a727e308d63ae738acee0d3c732490f6fb915d1c3cd4b6411508b276d59122dc203523b22e29e4a564bf49913b317b0dfb78a6c11ee99c,08/24/2025 01:02:00 AM,2,PARKED,,2035632,,NISSAN,OTHER (EXPLAIN IN NARRATIVE),IL,2017,UNKNOWN,PASSENGER,PERSONAL,S,PARKED,,,0,,,,,,,,,,,Y,Y,Y,Y,Y,,Y,SIDE-LEFT,,,,,,,,,,,,,,,,,,,,,,,,,,,,,,,,,
2135443,497377aeb52039efb95b08da61faaf6830c17965b2f134c5a85a1671a3a0fa9e9973748a08f67fbeef9a12e3424e19360c1ceab1e3d3f877b70b75771661735c,08/24/2025 01:00:00 AM,1,DRIVER,2,2035662,,DODGE,DURANGO,IL,2012,NONE,PASSENGER,PERSONAL,N,STRAIGHT AHEAD,Y,,3,,P&C TOWING,5427 S SEELEY AVE,,,,,,,,,,,Y,Y,Y,,FRONT-LEFT-CORNER,,,,,,,,,,,,,,,,,,,,,,,,,,,,,,,,,
2135444,497377aeb52039efb95b08da61faaf6830c17965b2f134c5a85a1671a3a0fa9e9973748a08f67fbeef9a12e3424e19360c1ceab1e3d3f877b70b75771661735c,08/24/2025 01:00:00 AM,2,DRIVER,3,2035664,,FORD,ESCAPE,IL,2015,NONE,PASSENGER,PERSONAL,SE,TURNING LEFT,Y,,4,,P&C TOWING,4801 S WHIPPLE,,Y,Y,,,,,,,,Y,Y,Y,,FRONT,,,,,,,,,,,,,,,,,,,,,,,,,,,,,,,,,
2135823,730a7362d13ae9be2a69943bc10d4bf65c8ea4b2cd6f9f25f922eda2cc43573003df5a296fa04137bbc066dccee23f9e445a0ef4df202b61f3358d991031cdd6,08/24/2025 01:00:00 AM,1,DRIVER,,2036026,,UNKNOWN,MOTORIZED,IL,,UNKNOWN,UNKNOWN/NA,UNKNOWN/NA,N,STRAIGHT AHEAD,,,1,,,,,,,,,,,,,,,,,Y,UNKNOWN,,,,,,,,,,,,,,,,,,,,,,,,,,,,,,,,,
2135824,730a7362d13ae9be2a69943bc10d4bf65c8ea4b2cd6f9f25f922eda2cc43573003df5a296fa04137bbc066dccee23f9e445a0ef4df202b61f3358d991031cdd6,08/24/2025 01:00:00 AM,2,PARKED,,2036027,,CHEVROLET,TRAVERSE,IL,2017,NONE,PASSENGER,NOT IN USE,S,PARKED,,,0,,,,,Y,Y,Y,Y,,,,,,,,,,SIDE-RIGHT,,,,,,,,,,,,,,,,,,,,,,,,,,,,,,,,,
2135458,f5514f8b7473f97b2d34327fd8829991cd79b9dfcc42dead47c708902c45e42b656150958fed8152fafd5a93523b7498c9ab84c384d2a766b63e57c658347c17,08/24/2025 12:55:00 AM,1,DRIVER,,2035674,,CHEVROLET,CRUZE,IL,2018,UNKNOWN,PASSENGER,PERSONAL,S,STRAIGHT AHEAD,Y,,1,,cpd impound,,,Y,Y,,,,,,,,,,Y,,FRONT-RIGHT-CORNER,,,,,,,,,,,,,,,,,,,,,,,,,,,,,,,,,
2135459,f5514f8b7473f97b2d34327fd8829991cd79b9dfcc42dead47c708902c45e42b656150958fed8152fafd5a93523b7498c9ab84c384d2a766b63e57c658347c17,08/24/2025 12:55:00 AM,2,DRIVER,,2035678,,DODGE,JOURNEY,IN,,UNKNOWN,SPORT UTILITY VEHICLE (SUV),PERSONAL,S,STRAIGHT AHEAD,,,1,,,,,,,,,,,Y,Y,Y,Y,Y,,,SIDE-LEFT,,,,,,,,,,,,,,,,,,,,,,,,,,,,,,,,,