CRASH_UNIT_ID,CRASH_RECORD_ID,CRASH_DATE,UNIT_NO,UNIT_TYPE,NUM_PASSENGERS,VEHICLE_ID,CMRC_VEH_I,MAKE,MODEL,LIC_PLATE_STATE,VEHICLE_YEAR,VEHICLE_DEFECT,VEHICLE_TYPE,VEHICLE_USE,TRAVEL_DIRECTION,MANEUVER,TOWED_I,FIRE_I,OCCUPANT_CNT,EXCEED_SPEED_LIMIT_I,TOWED_BY,TOWED_TO,AREA_00_I,AREA_01_I,AREA_02_I,AREA_03_I,AREA_04_I,AREA_05_I,AREA_06_I,AREA_07_I,AREA_08_I,AREA_09_I,AREA_10_I,AREA_11_I,AREA_12_I,AREA_99_I,FIRST_CONTACT_POINT,CMV_ID,USDOT_NO,CCMC_NO,ILCC_NO,COMMERCIAL_SRC,GVWR,CARRIER_NAME,CARRIER_STATE,CARRIER_CITY,HAZMAT_PLACARDS_I,HAZMAT_NAME,UN_NO,HAZMAT_PRESENT_I,HAZMAT_REPORT_I,HAZMAT_REPORT_NO,MCS_REPORT_I,MCS_REPORT_NO,HAZMAT_VIO_CAUSE_CRASH_I,MCS_VIO_CAUSE_CRASH_I,IDOT_PERMIT_NO,WIDE_LOAD_I,TRAILER1_WIDTH,TRAILER2_WIDTH,TRAILER1_LENGTH,TRAILER2_LENGTH,TOTAL_VEHICLE_LENGTH,AXLE_CNT,VEHICLE_CONFIG,CARGO_BODY_TYPE,LOAD_TYPE,HAZMAT_OUT_OF_SERVICE_I,MCS_OUT_OF_SERVICE_I,HAZMAT_CLASS
2135418,eed10ae1f196148490b294fe06825aa3fd700738f2613c8d637860c85fc1a15987d4e3fdef075aa552a39c549a2a702487d897a094d89fa7e3f80ab3e3ce939d,08/24/2025 12:50:00 AM,1,DRIVER,,2035642,,LAND ROVER,OTHER (EXPLAIN IN NARRATIVE),IL,2014,UNKNOWN,PASSENGER,PERSONAL,E,STRAIGHT AHEAD,Y,,1,,,,,Y,Y,Y,Y,Y,,,,,,,,,FRONT-RIGHT-CORNER,,,,,,,,,,,,,,,,,,,,,,,,,,,,,,,,,
2135419,eed10ae1f196148490b294fe06825aa3fd700738f2613c8d637860c85fc1a15987d4e3fdef075aa552a39c549a2a702487d897a094d89fa7e3f80ab3e3ce939d,08/24/2025 12:50:00 AM,2,PARKED,,2035648,,HONDA,CR-V,IL,2024,UNKNOWN,PASSENGER,PERSONAL,UNKNOWN,PARKED,,,0,,,,,,,,,,,,,,Y,,,,SIDE-LEFT-FRONT,,,,,,,,,,,,,,,,,,,,,,,,,,,,,,,,,
2135420,eed10ae1f196148490b294fe06825aa3fd700738f2613c8d637860c85fc1a15987d4e3fdef075aa552a39c549a2a702487d897a094d89fa7e3f80ab3e3ce939d,08/24/2025 12:50:00 AM,3,PARKED,,2035650,,HONDA,PILOT,IL,2023,UNKNOWN,PASSENGER,PERSONAL,UNKNOWN,STRAIGHT AHEAD,,,0,,,,,Y,,,,,Y,Y,Y,Y,Y,Y,Y,,REAR-LEFT-CORNER,,,,,,,,,,,,,,,,,,,,,,,,,,,,,,,,,
2135433,eed10ae1f196148490b294fe06825aa3fd700738f2613c8d637860c85fc1a15987d4e3fdef075aa552a39c549a2a702487d897a094d89fa7e3f80ab3e3ce939d,08/24/2025 12:50:00 AM,4,PARKED,,2035651,,TESLA,MODEL 3,IL,2025,UNKNOWN,PASSENGER,PERSONAL,UNKNOWN,PARKED,,,0,,,,,Y,Y,,Y,Y,,Y,Y,Y,Y,,,,SIDE-LEFT-REAR,,,,,,,,,,,,,,,,,,,,,,,,,,,,,,,,,
2135448,20c9ee5961652a3339b2f2b6cf2b1a36bb4fa7fb7eb134de9ed64a242505e586690dd7cb8cd9584915aeb3b38c7eb2e62314f23722e7b254d49f29f6b4caa5ac,08/24/2025 12:45:00 AM,1,DRIVER,2,2035667,,HONDA,CIVIC,IL,2009,UNKNOWN,PASSENGER,PERSONAL,S,UNKNOWN/NA,Y,,3,,PRIVATE TOW,PRIVATE TOW,,Y,Y,,,,,,,,Y,Y,Y,,FRONT,,,,,,,,,,,,,,,,,,,,,,,,,,,,,,,,,
2136830,20c9ee5961652a3339b2f2b6cf2b1a36bb4fa7fb7eb134de9ed64a242505e586690dd7cb8cd9584915aeb3b38c7eb2e62314f23722e7b254d49f29f6b4caa5ac,08/24/2025 12:45:00 AM,2,NON-MOTOR VEHICLE,,,,,,,,,,,,,,,,,,,,,,,,,,,,,,,,,,,,,,,,,,,,,,,,,,,,,,,,,,,,,,,,,,
2135390,3946d373bb71535e8e21da2864ed96257dfcff2a728cfa67b723de78909b1d2c6637f4f616fe8c390027151508f66c9d40b20541d819700b424039aa4b5f8642,08/24/2025 12:33:00 AM,1,DRIVER,,2035609,,HONDA,CR-V,IL,2007,NONE,SPORT UTILITY VEHICLE (SUV),PERSONAL,NW,STRAIGHT AHEAD,,,1,,,,,Y,,,,,,,,,,Y,Y,,FRONT,,,,,,,,,,,,,,,,,,,,,,,,,,,,,,,,,
2135391,3946d373bb71535e8e21da2864ed96257dfcff2a728cfa67b723de78909b1d2c6637f4f616fe8c390027151508f66c9d40b20541d819700b424039aa4b5f8642,08/24/2025 12:33:00 AM,2,DRIVER,1,2035613,,HONDA,CIVIC,IL,2024,NONE,PASSENGER,PERSONAL,NW,STRAIGHT AHEAD,,,2,,,,,,,,,Y,Y,Y,,,,,,,REAR,,,,,,,,,,,,,,,,,,,,,,,,,,,,,,,,,
2137816,abbfe0c52eded48354befa1269783bda9096d2fe726b0816a5ca6bc3e1b1fbcf8d75d0af7588ca5bb4d095e8337b44a4db981d037104bd4c4812473201f2222c,08/24/2025 12:30:00 AM,1,DRIVER,,2037929,,UNKNOWN,OTHER (EXPLAIN IN NARRATIVE),,,UNKNOWN,UNKNOWN/NA,UNKNOWN/NA,UNKNOWN,UNKNOWN/NA,,,1,,,,,,,,,,,,,,,,,Y,UNKNOWN,,,,,,,,,,,,,,,,,,,,,,,,,,,,,,,,,
2135401,ae6348c39e4215119f60728a53b64779ae4f6754cbdfd1e09be5655a2b03ebf48aca17ce18866ea33523322cad156c457e73af2010a6a30984f15dae52906d05,08/24/2025 12:30:00 AM,1,DRIVER,,2035618,,HONDA,ACCORD,IL,2013,UNKNOWN,PASSENGER,UNKNOWN/NA,W,STRAIGHT AHEAD,,,1,,,,,,,,,,,,,,Y,Y,,,FRONT-LEFT-CORNER,,,,,,,,,,,,,,,,,,,,,,,,,,,,,,,,,
2135402,ae6348c39e4215119f60728a53b64779ae4f6754cbdfd1e09be5655a2b03ebf48aca17ce18866ea33523322cad156c457e73af2010a6a30984f15dae52906d05,08/24/2025 12:30:00 AM,2,DRIVER,,2035624,,TOYOTA,CAMRY,IL,2011,UNKNOWN,PASSENGER,OTHER,W,STRAIGHT AHEAD,,,1,,,,,,,,Y,Y,,,,,,,,,FRONT-RIGHT-CORNER,,,,,,,,,,,,,,,,,,,,,,,,,,,,,,,,,
2135415,d97f7d7e94eefcdfd32cf5e2562acd267f22227f0d6f768ad53722a771ff26151641012cccc0380ef0c01e1c3b587f452b7f388f29201400cf3711d8ffa9cb19,08/24/2025 12:30:00 AM,1,DRIVER,,2035634,,SUBARU,CROSSTREK,IL,2016,UNKNOWN,PASSENGER,UNKNOWN/NA,E,TURNING LEFT,,,1,,,,,Y,,,,,,,,,,,,,SIDE-RIGHT-FRONT,,,,,,,,,,,,,,,,,,,,,,,,,,,,,,,,,
2135416,d97f7d7e94eefcdfd32cf5e2562acd267f22227f0d6f768ad53722a771ff26151641012cccc0380ef0c01e1c3b587f452b7f388f29201400cf3711d8ffa9cb19,08/24/2025 12:30:00 AM,2,DRIVER,,2035641,,CHEVROLET,OTHER (EXPLAIN IN NARRATIVE),IA,2015,NONE,PASSENGER,UNKNOWN/NA,N,STRAIGHT AHEAD,Y,,1,,aaa,calumet city,,,,,,,,Y,Y,,,,,,REAR-LEFT-CORNER,,,,,,,,,,,,,,,,,,,,,,,,,,,,,,,,,
2136261,a4a535d288bc692368eaa6872e063be3aad9a40e7697fe4f21ce1a5906024ed62d819747c4d76daeb0a3410dcd87dfe4cf4804ebab93f0a4e5ac33856662237e,08/24/2025 12:28:00 AM,1,DRIVER,,2036452,,HONDA,CIVIC,IL,2004,NONE,PASSENGER,PERSONAL,S,STRAIGHT AHEAD,,,1,,,,Y,,,,,,,,,,,,,,FRONT,,,,,,,,,,,,,,,,,,,,,,,,,,,,,,,,,
2136262,a4a535d288bc692368eaa6872e063be3aad9a40e7697fe4f21ce1a5906024ed62d819747c4d76daeb0a3410dcd87dfe4cf4804ebab93f0a4e5ac33856662237e,08/24/2025 12:28:00 AM,2,DRIVER,2,2036456,,NISSAN,OTHER (EXPLAIN IN NARRATIVE),IL,2016,NONE,PASSENGER,PERSONAL,S,TURNING RIGHT,,,3,,,,,,,,Y,Y,,,,,,,,,REAR-RIGHT-CORNER,,,,,,,,,,,,,,,,,,,,,,,,,,,,,,,,,
2135397,6228e540032af677e050396ddae77bd34a1e9606dc9cc76e858c73d3c671feab8c96090d76c210d2e32ddf1945e0a697eecb40972dd41b07ea490a69e749e9ed,08/24/2025 12:16:00 AM,1,,,,,,,,,,,,,,,,,,,,,,,,,,,,,,,,,,,,,,,,,,,,,,,,,,,,,,,,,,,,,,,,,,,
2135398,6228e540032af677e050396ddae77bd34a1e9606dc9cc76e858c73d3c671feab8c96090d76c210d2e32ddf1945e0a697eecb40972dd41b07ea490a69e749e9ed,08/24/2025 12:16:00 AM,1,DRIVER,4,2035616,,TOYOTA,CAMRY,IL,2017,UNKNOWN,PASSENGER,PERSONAL,N,STRAIGHT AHEAD,Y,,5,,CITY OF CHICAGO,AUTO POUND 2,,Y,,,Y,Y,,,,,,Y,Y,,FRONT,,,,,,,,,,,,,,,,,,,,,,,,,,,,,,,,,
2135392,7fb7499512b22d2627738dfced40fea1d9c28793ad5c3b4efff95239448948cbd511bf561311901b250b239eab69ae7421a124a5b62511a087393255cbcaa5cd,08/24/2025 12:11:00 AM,1,DRIVER,,2035614,,VOLKSWAGEN,TIGUAN,IL,2010,UNKNOWN,UNKNOWN/NA,PERSONAL,N,UNKNOWN/NA,Y,,1,,city of chicago,701 Sacramento,,N,,,,,,,,,,N,N,,FRONT-RIGHT-CORNER,,,,,,,,,,,,,,,,,,,,,,,,,,,,,,,,,
2135393,7fb7499512b22d2627738dfced40fea1d9c28793ad5c3b4efff95239448948cbd511bf561311901b250b239eab69ae7421a124a5b62511a087393255cbcaa5cd,08/24/2025 12:11:00 AM,2,PARKED,,2035615,,HONDA,ELEMENT,IL,2003,NONE,PASSENGER,PERSONAL,N,PARKED,,,0,,,,,,,,,,,,Y,Y,,,,,SIDE-LEFT,,,,,,,,,,,,,,,,,,,,,,,,,,,,,,,,,
2135394,7fb7499512b22d2627738dfced40fea1d9c28793ad5c3b4efff95239448948cbd511bf561311901b250b239eab69ae7421a124a5b62511a087393255cbcaa5cd,08/24/2025 12:11:00 AM,3,PARKED,,2035617,,TOYOTA,COROLLA,IL,2011,NONE,PASSENGER,PERSONAL,N,PARKED,,,0,,,,,,,,,,,Y,,,Y,,,,SIDE-LEFT-REAR,,,,,,,,,,,,,,,,,,,,,,,,,,,,,,,,,
2135395,7fb7499512b22d2627738dfced40fea1d9c28793ad5c3b4efff95239448948cbd511bf561311901b250b239eab69ae7421a124a5b62511a087393255cbcaa5cd,08/24/2025 12:11:00 AM,4,PARKED,,2035621,,HONDA,ACCORD,IL,2013,NONE,PASSENGER,PERSONAL,N,PARKED,,,0,,,,,,,,,,Y,Y,Y,,,,,,SIDE-LEFT-REAR,,,,,,,,,,,,,,,,,,,,,,,,,,,,,,,,,
2135396,7fb7499512b22d2627738dfced40fea1d9c28793ad5c3b4efff95239448948cbd511bf561311901b250b239eab69ae7421a124a5b62511a087393255cbcaa5cd,08/24/2025 12:11:00 AM,5,PARKED,,2035623,,HONDA,RIDGELINE,IL,2012,NONE,PICKUP,PERSONAL,N,PARKED,,,0,,,,,,,,,,Y,,,,,,,,REAR,,,,,,,,,,,,,,,,,,,,,,,,,,,,,,,,,
2135399,61fd2d74fbcca6b760f484efe6a89268272a098334217231e709eefc35ed4ab821e0306b918ebf2b7977020e70df1e117129fc613e08f7e832dbc2f25df36941,08/24/2025 12:10:00 AM,1,DRIVER,4,2035619,,TOYOTA,CAMRY,IL,2017,UNKNOWN,PASSENGER,PERSONAL,W,TURNING LEFT,,,5,,,,,,,,,,,,Y,Y,Y,Y,,,SIDE-LEFT-FRONT,,,,,,,,,,,,,,,,,,,,,,,,,,,,,,,,,
2135400,61fd2d74fbcca6b760f484efe6a89268272a098334217231e709eefc35ed4ab821e0306b918ebf2b7977020e70df1e117129fc613e08f7e832dbc2f25df36941,08/24/2025 12:10:00 AM,2,DRIVER,1,2035635,,FORD,EXPLORER,IL,2017,NONE,SPORT UTILITY VEHICLE (SUV),POLICE,W,STRAIGHT AHEAD,,,2,,,,,Y,Y,Y,Y,,,,,,,,,,FRONT-RIGHT-CORNER,,,,,,,,,,,,,,,,,,,,,,,,,,,,,,,,,
2135482,e78f631bd5df9f180e1b42cd1c8ad5417189510228343973236813e848ebe2a82106c98064e5f23d01e5bc322b34300640017ba99350dd4ecea0c0371ef90d64,08/24/2025 12:10:00 AM,1,DRIVER,,2035699,,UNKNOWN,OTHER (EXPLAIN IN NARRATIVE),IL,,UNKNOWN,TRUCK - SINGLE UNIT,UNKNOWN/NA,S,STRAIGHT AHEAD,,,1,,,,,,,,,N,,Y,,,,,,,REAR-LEFT-CORNER,,,,,,,,,,,,,,,,,,,,,,,,,,,,,,,,,
2135483,e78f631bd5df9f180e1b42cd1c8ad5417189510228343973236813e848ebe2a82106c98064e5f23d01e5bc322b34300640017ba99350dd4ecea0c0371ef90d64,08/24/2025 12:10:00 AM,2,PARKED,,2035701,,CHEVROLET,AVALANCHE,IL,2008,NONE,TRUCK - SINGLE UNIT,NOT IN USE,S,PARKED,,,0,,,,,,,Y,Y,Y,,,,,,,,,SIDE-RIGHT-REAR,,,,,,,,,,,,,,,,,,,,,,,,,,,,,,,,,
2135371,2870e496f4c45133d25478b6045c04dea7827d7d1383edef31a43512453bfa638b579d87e8b3dd038a7fbbd9dfe3d7db51bb8cef7ad4f3f96eb1fb5efc6c0515,08/24/2025 12:05:00 AM,1,DRIVER,,2035588,,DODGE,CHARGER,XX,,UNKNOWN,PASSENGER,UNKNOWN/NA,S,STRAIGHT AHEAD,,,1,,,,,,,,,,,,,,,,,Y,UNKNOWN,,,,,,,,,,,,,,,,,,,,,,,,,,,,,,,,,
2135372,2870e496f4c45133d25478b6045c04dea7827d7d1383edef31a43512453bfa638b579d87e8b3dd038a7fbbd9dfe3d7db51bb8cef7ad4f3f96eb1fb5efc6c0515,08/24/2025 12:05:00 AM,2,DRIVER,,2035593,,DODGE,CHARGER,IL,2023,UNKNOWN,PASSENGER,UNKNOWN/NA,S,STRAIGHT AHEAD,,,1,,,,,,,,,,,Y,,,,,,,REAR-LEFT-CORNER,,,,,,,,,,,,,,,,,,,,,,,,,,,,,,,,,
2135375,28cf8372c00aee99db175faf9ba9a24a8fd311df53d703f025f50caa722ef236d2b5c10060e89a73866c289b0651a4952662b9955b8b949540e169dfcbbaa111,08/24/2025 12:05:00 AM,1,DRIVER,,2035592,,NISSAN,ROGUE,IL,2009,UNKNOWN,PASSENGER,PERSONAL,E,SKIDDING/CONTROL LOSS,Y,,1,,PRIVATE,,,Y,Y,Y,,,,,,,,,Y,,FRONT-RIGHT-CORNER,,,,,,,,,,,,,,,,,,,,,,,,,,,,,,,,,
2135376,28cf8372c00aee99db175faf9ba9a24a8fd311df53d703f025f50caa722ef236d2b5c10060e89a73866c289b0651a4952662b9955b8b949540e169dfcbbaa111,08/24/2025 12:05:00 AM,2,PARKED,,2035594,,ACURA,TLX,IL,2022,UNKNOWN,PASSENGER,NOT IN USE,E,PARKED,Y,,0,,INSURANCE,,,,,,,,Y,Y,Y,Y,,,,,REAR-LEFT-CORNER,,,,,,,,,,,,,,,,,,,,,,,,,,,,,,,,,
2135367,5daf555a5fb91c035150a69995fd8ed101e40ae7ff80241347c936b39d177099e75d6a4d166709f8b821625333347323691f832c22f6d1dbadbec24c1c2593f3,08/23/2025 11:45:00 PM,1,DRIVER,,2035576,,VOLKSWAGEN,JETTA,IL,2009,UNKNOWN,PASSENGER,PERSONAL,S,STRAIGHT AHEAD,,,1,,,,,,,,,,,,,,,,,Y,UNKNOWN,,,,,,,,,,,,,,,,,,,,,,,,,,,,,,,,,
2135368,5daf555a5fb91c035150a69995fd8ed101e40ae7ff80241347c936b39d177099e75d6a4d166709f8b821625333347323691f832c22f6d1dbadbec24c1c2593f3,08/23/2025 11:45:00 PM,2,PARKED,,2035582,,HYUNDAI,ELANTRA,IL,2023,UNKNOWN,PASSENGER,PERSONAL,N,PARKED,,,0,,,,,,,,,,,,Y,Y,Y,N,,,SIDE-LEFT,,,,,,,,,,,,,,,,,,,,,,,,,,,,,,,,,
2135386,793875c3c41f991ead8b38d401573fd1c54a0b661b4a262686633c5f0d75e3788ddab795c6d7fabe5657b525343485248908c9daeab8c717ca955208dcbab2f2,08/23/2025 11:45:00 PM,1,DRIVER,,2035604,,UNKNOWN,OTHER (EXPLAIN IN NARRATIVE),,,UNKNOWN,PASSENGER,PERSONAL,W,STRAIGHT AHEAD,,,1,,,,,,,,,,,,,,,,,Y,SIDE-LEFT,,,,,,,,,,,,,,,,,,,,,,,,,,,,,,,,,
2135387,793875c3c41f991ead8b38d401573fd1c54a0b661b4a262686633c5f0d75e3788ddab795c6d7fabe5657b525343485248908c9daeab8c717ca955208dcbab2f2,08/23/2025 11:45:00 PM,2,DRIVER,,2035607,,LINCOLN,OTHER (EXPLAIN IN NARRATIVE),IL,2017,UNKNOWN,SPORT UTILITY VEHICLE (SUV),PERSONAL,W,STRAIGHT AHEAD,Y,,1,,UNKNOWN,,,Y,Y,Y,,,,,,,,,,,SIDE-RIGHT,,,,,,,,,,,,,,,,,,,,,,,,,,,,,,,,,
2135365,c7bcbfe75fefbc1899ca1e11501918f098d75175b018c2ab006faa73e3f837f696dc4a6ffb920f4843683e7ed48d0fab3721cc39a8ef2edd16ed841ef8eddea8,08/23/2025 11:45:00 PM,2,DRIVER,,2035581,,SATURN,AURA,IL,2000,NONE,PASSENGER,PERSONAL,N,STRAIGHT AHEAD,,,1,,,,,Y,,,,,,,,,,,Y,,FRONT-RIGHT-CORNER,,,,,,,,,,,,,,,,,,,,,,,,,,,,,,,,,
2135366,c7bcbfe75fefbc1899ca1e11501918f098d75175b018c2ab006faa73e3f837f696dc4a6ffb920f4843683e7ed48d0fab3721cc39a8ef2edd16ed841ef8eddea8,08/23/2025 11:45:00 PM,1,PEDESTRIAN,,,,,,,,,,,,,,,,,,,,,,,,,,,,,,,,,,,,,,,,,,,,,,,,,,,,,,,,,,,,,,,,,,
2135363,b8a15a87d9c4555342b6a9b43931735b26acfd283aeaabc953d7d4687c9885874256306a901d1461af318dadd1f1807f348e2fd0a3952fce6df80483f3fa3f7a,08/23/2025 11:40:00 PM,1,DRIVER,,2035578,,HONDA,PILOT,IL,2016,UNKNOWN,PASSENGER,PERSONAL,N,STRAIGHT AHEAD,,,1,,,,,,,,,,,,,,,,,,FRONT,,,,,,,,,,,,,,,,,,,,,,,,,,,,,,,,,
2135364,b8a15a87d9c4555342b6a9b43931735b26acfd283aeaabc953d7d4687c9885874256306a901d1461af318dadd1f1807f348e2fd0a3952fce6df80483f3fa3f7a,08/23/2025 11:40:00 PM,2,DRIVER,3,2035589,,DODGE,CARAVAN,IL,2020,NONE,PASSENGER,PERSONAL,N,SLOW/STOP IN TRAFFIC,,,4,,,,,,,,,,Y,,,,,,,,REAR,,,,,,,,,,,,,,,,,,,,,,,,,,,,,,,,,
2135388,ca8e16629d87e3a75ec0d2898be5ce2edbe96600477e5e6240b6074da0da695474672aa119a988f0e65defc9f8c1e8cc6681157ee932aa9b15d1dc028872f5d7,08/23/2025 11:36:00 PM,1,DRIVER,,2035606,,AUDI,Q5,,,UNKNOWN,UNKNOWN/NA,PERSONAL,E,STRAIGHT AHEAD,,,1,,,,,Y,Y,,,,,,,,Y,Y,Y,,FRONT-LEFT-CORNER,,,,,,,,,,,,,,,,,,,,,,,,,,,,,,,,,
2135389,ca8e16629d87e3a75ec0d2898be5ce2edbe96600477e5e6240b6074da0da695474672aa119a988f0e65defc9f8c1e8cc6681157ee932aa9b15d1dc028872f5d7,08/23/2025 11:36:00 PM,2,DRIVER,,2035610,,NISSAN,OTHER (EXPLAIN IN NARRATIVE),IL,2019,UNKNOWN,PASSENGER,PERSONAL,S,ENTER FROM DRIVE/ALLEY,Y,,1,,personal,,,Y,Y,,,,,,,,Y,Y,Y,,FRONT-RIGHT-CORNER,,,,,,,,,,,,,,,,,,,,,,,,,,,,,,,,,
2135410,9c677e6c2d4d499c526642991d50610e0808f5a4b6cdae37fd984d28ef8f2b14db282aac2fee65bd704f55517beea2fe653fb8c31db96300af7274c780e4bcad,08/23/2025 11:34:00 PM,1,DRIVER,3,2035626,,ALFA ROMEO,STELVIO,IL,2018,NONE,SPORT UTILITY VEHICLE (SUV),PERSONAL,NE,TURNING LEFT,Y,,4,,ER,103rd and doty rd,,Y,Y,Y,Y,,,,,,,,Y,,FRONT-RIGHT-CORNER,,,,,,,,,,,,,,,,,,,,,,,,,,,,,,,,,
2135411,9c677e6c2d4d499c526642991d50610e0808f5a4b6cdae37fd984d28ef8f2b14db282aac2fee65bd704f55517beea2fe653fb8c31db96300af7274c780e4bcad,08/23/2025 11:34:00 PM,2,DRIVER,,2035633,,HONDA,PILOT,IN,2018,NONE,SPORT UTILITY VEHICLE (SUV),PERSONAL,N,STRAIGHT AHEAD,Y,,1,,private tow,owner's residence,,,,,,,,,,Y,Y,Y,,,FRONT-LEFT-CORNER,,,,,,,,,,,,,,,,,,,,,,,,,,,,,,,,,
2136767,9f9ef81ed500ba612b54ccc39a889499285cdf6781db1cbb7b6be88f00da05173ea2074636d3ba95096a532f5643ff1fb6e6bf63ac73df7a3185d38f706b4553,08/23/2025 11:30:00 PM,1,DRIVER,,2036940,,CHEVROLET,CAMARO,,,UNKNOWN,PASSENGER,UNKNOWN/NA,N,STRAIGHT AHEAD,,,1,,,,,,,,,,,Y,Y,Y,Y,Y,,,FRONT-LEFT-CORNER,,,,,,,,,,,,,,,,,,,,,,,,,,,,,,,,,
2136768,9f9ef81ed500ba612b54ccc39a889499285cdf6781db1cbb7b6be88f00da05173ea2074636d3ba95096a532f5643ff1fb6e6bf63ac73df7a3185d38f706b4553,08/23/2025 11:30:00 PM,2,PARKED,,2036938,,HYUNDAI,SONATA,IL,2011,UNKNOWN,PASSENGER,UNKNOWN/NA,N,PARKED,,,0,,,,,,,,Y,Y,,,,,,,,,REAR-RIGHT-CORNER,,,,,,,,,,,,,,,,,,,,,,,,,,,,,,,,,
2135369,d1ad576a51675a37cec0ec9593b446863ca7048998e2cee3d8d07764d17d424c26010dead9b674a99e06a683139bdd7ac37e828b76e616ec29ca0072e3058977,08/23/2025 11:30:00 PM,1,DRIVER,,2035579,,CHEVROLET,OTHER (EXPLAIN IN NARRATIVE),IL,2014,NONE,PASSENGER,PERSONAL,E,STRAIGHT AHEAD,,,1,,,,,Y,Y,Y,Y,Y,,,,,N,,,,SIDE-RIGHT,,,,,,,,,,,,,,,,,,,,,,,,,,,,,,,,,
2135370,d1ad576a51675a37cec0ec9593b446863ca7048998e2cee3d8d07764d17d424c26010dead9b674a99e06a683139bdd7ac37e828b76e616ec29ca0072e3058977,08/23/2025 11:30:00 PM,2,DRIVER,,2035586,,CHEVROLET,OTHER (EXPLAIN IN NARRATIVE),IL,1998,NONE,PASSENGER,PERSONAL,E,STRAIGHT AHEAD,,,1,,,,,,,,,,,Y,Y,Y,Y,Y,,,SIDE-LEFT,,,,,,,,,,,,,,,,,,,,,,,,,,,,,,,,,
2135403,b3301594227262a54e97f256c6b5e9117290d3d775d094d70a171875467d75d0c2665f966be552c40538bd494a4f9fc625af8521cbf898902957c2f0a57e56ad,08/23/2025 11:15:00 PM,1,DRIVER,1,2035622,,PONTIAC,G5,IL,2009,UNKNOWN,PASSENGER,PERSONAL,W,STRAIGHT AHEAD,Y,,2,,CITY OF CHICAGO/DOTY ROAD,POUND #2,,Y,Y,Y,Y,,Y,,,,Y,Y,Y,,FRONT,,,,,,,,,,,,,,,,,,,,,,,,,,,,,,,,,
2135404,b3301594227262a54e97f256c6b5e9117290d3d775d094d70a171875467d75d0c2665f966be552c40538bd494a4f9fc625af8521cbf898902957c2f0a57e56ad,08/23/2025 11:15:00 PM,2,DRIVER,1,2035627,,NISSAN,SENTRA,IL,2019,UNKNOWN,PASSENGER,PERSONAL,S,STRAIGHT AHEAD,,,2,,,,,Y,Y,Y,Y,Y,,,,Y,Y,Y,Y,,UNKNOWN,,,,,,,,,,,,,,,,,,,,,,,,,,,,,,,,,
2135405,b3301594227262a54e97f256c6b5e9117290d3d775d094d70a171875467d75d0c2665f966be552c40538bd494a4f9fc625af8521cbf898902957c2f0a57e56ad,08/23/2025 11:15:00 PM,3,DRIVER,,2035629,,KIA,SPORTAGE,IN,2023,UNKNOWN,PASSENGER,PERSONAL,S,STRAIGHT AHEAD,,,1,,,,,,,,,,,,,,,Y,Y,,FRONT,,,,,,,,,,,,,,,,,,,,,,,,,,,,,,,,,
2135339,10e8429062cef964735826a10b03d4ff2f7a5dc25f42c279bf5a808cdf3de4ecfe324cea9a3dbfe83541de0bb369d8dbfe58405f827961753395308b027c2cd0,08/23/2025 11:10:00 PM,1,DRIVER,,2035553,,UNKNOWN,OTHER (EXPLAIN IN NARRATIVE),IL,,UNKNOWN,PASSENGER,PERSONAL,W,STRAIGHT AHEAD,,,1,,,,,Y,,,,,,,,,,Y,Y,,FRONT-LEFT-CORNER,,,,,,,,,,,,,,,,,,,,,,,,,,,,,,,,,
2135343,10e8429062cef964735826a10b03d4ff2f7a5dc25f42c279bf5a808cdf3de4ecfe324cea9a3dbfe83541de0bb369d8dbfe58405f827961753395308b027c2cd0,08/23/2025 11:10:00 PM,2,DRIVER,2,2035559,,CHEVROLET,MALIBU,IL,2023,NONE,PASSENGER,PERSONAL,NE,TURNING LEFT,Y,,3,,PRIVATE TOW,,,Y,,,,,,,,,,Y,Y,,FRONT-RIGHT-CORNER,,,,,,,,,,,,,,,,,,,,,,,,,,,,,,,,,
2135406,c3bb47544c4d409389d27e72ad94046c70e5c40f8bd8d630c3d8f71f6bbd957ace3df69012bdde8e988086f54191f7b61e50447ebf45c8f9a98a21c1b174ce2f,08/23/2025 11:07:00 PM,1,DRIVER,,2035620,,UNKNOWN,OTHER (EXPLAIN IN NARRATIVE),,,UNKNOWN,SPORT UTILITY VEHICLE (SUV),UNKNOWN/NA,E,STRAIGHT AHEAD,,,1,,,,,,,,,,,,,,,,,Y,UNKNOWN,,,,,,,,,,,,,,,,,,,,,,,,,,,,,,,,,
2135407,c3bb47544c4d409389d27e72ad94046c70e5c40f8bd8d630c3d8f71f6bbd957ace3df69012bdde8e988086f54191f7b61e50447ebf45c8f9a98a21c1b174ce2f,08/23/2025 11:07:00 PM,2,PEDESTRIAN,,,,,,,,,,,,,,,,,,,,,,,,,,,,,,,,,,,,,,,,,,,,,,,,,,,,,,,,,,,,,,,,,,