CRASH_UNIT_ID,CRASH_RECORD_ID,CRASH_DATE,UNIT_NO,UNIT_TYPE,NUM_PASSENGERS,VEHICLE_ID,CMRC_VEH_I,MAKE,MODEL,LIC_PLATE_STATE,VEHICLE_YEAR,VEHICLE_DEFECT,VEHICLE_TYPE,VEHICLE_USE,TRAVEL_DIRECTION,MANEUVER,TOWED_I,FIRE_I,OCCUPANT_CNT,EXCEED_SPEED_LIMIT_I,TOWED_BY,TOWED_TO,AREA_00_I,AREA_01_I,AREA_02_I,AREA_03_I,AREA_04_I,AREA_05_I,AREA_06_I,AREA_07_I,AREA_08_I,AREA_09_I,AREA_10_I,AREA_11_I,AREA_12_I,AREA_99_I,FIRST_CONTACT_POINT,CMV_ID,USDOT_NO,CCMC_NO,ILCC_NO,COMMERCIAL_SRC,GVWR,CARRIER_NAME,CARRIER_STATE,CARRIER_CITY,HAZMAT_PLACARDS_I,HAZMAT_NAME,UN_NO,HAZMAT_PRESENT_I,HAZMAT_REPORT_I,HAZMAT_REPORT_NO,MCS_REPORT_I,MCS_REPORT_NO,HAZMAT_VIO_CAUSE_CRASH_I,MCS_VIO_CAUSE_CRASH_I,IDOT_PERMIT_NO,WIDE_LOAD_I,TRAILER1_WIDTH,TRAILER2_WIDTH,TRAILER1_LENGTH,TRAILER2_LENGTH,TOTAL_VEHICLE_LENGTH,AXLE_CNT,VEHICLE_CONFIG,CARGO_BODY_TYPE,LOAD_TYPE,HAZMAT_OUT_OF_SERVICE_I,MCS_OUT_OF_SERVICE_I,HAZMAT_CLASS
2135552,2d0b6e22cebd6d59879e0dcbbc1055b269d5d8d14d660f4869068693864172f72443707d56b479ab2ba4daf44cd51ff9b60188e7fd7aac636c11258803722b5e,08/23/2025 11:00:00 PM,1,DRIVER,,2035784,,UNKNOWN,MOTORIZED,,,UNKNOWN,PASSENGER,PERSONAL,W,UNKNOWN/NA,,,1,,,,,,,,,,,,,,,,,Y,UNKNOWN,,,,,,,,,,,,,,,,,,,,,,,,,,,,,,,,,
2135553,2d0b6e22cebd6d59879e0dcbbc1055b269d5d8d14d660f4869068693864172f72443707d56b479ab2ba4daf44cd51ff9b60188e7fd7aac636c11258803722b5e,08/23/2025 11:00:00 PM,2,PARKED,,2035770,,NISSAN,ALTIMA,IL,2011,NONE,PASSENGER,PERSONAL,W,PARKED,,,0,,,,,,,,,,,,,Y,Y,Y,,,SIDE-LEFT,,,,,,,,,,,,,,,,,,,,,,,,,,,,,,,,,
2135626,6c93591d8a5a631f0e11806ae97448639ac351fc78b6e6e4c297e96c59fd1f75e141f49b8cac36a8cc0248d8517abfe4e391f26d61214308c0b8da431fbfffea,08/23/2025 11:00:00 PM,1,DRIVER,1,2035837,,MAZDA,MAZDA6,IL,2009,UNKNOWN,PASSENGER,UNKNOWN/NA,E,UNKNOWN/NA,,,2,,,,,,,Y,Y,,,,,,,,,,SIDE-RIGHT,,,,,,,,,,,,,,,,,,,,,,,,,,,,,,,,,
2135627,6c93591d8a5a631f0e11806ae97448639ac351fc78b6e6e4c297e96c59fd1f75e141f49b8cac36a8cc0248d8517abfe4e391f26d61214308c0b8da431fbfffea,08/23/2025 11:00:00 PM,2,DRIVER,4,2035842,,NISSAN,PATHFINDER,IL,2006,NONE,SPORT UTILITY VEHICLE (SUV),UNKNOWN/NA,N,STRAIGHT AHEAD,,,5,,,,,Y,,,,,,,,,,,Y,,FRONT,,,,,,,,,,,,,,,,,,,,,,,,,,,,,,,,,
2140111,99a3d64a563a70b474050a6bac3398dfb4ef270ac89978e4d7893614b56a1f07cc87a819a27941e395d08d68772b162341b846a74956f5504d7c5cec8de9f85c,08/23/2025 11:00:00 PM,1,DRIVER,,2040095,,UNKNOWN,OTHER (EXPLAIN IN NARRATIVE),,,UNKNOWN,VAN/MINI-VAN,UNKNOWN/NA,W,PASSING/OVERTAKING,,,1,,,,,,,,,,,,,,,,,Y,UNKNOWN,,,,,,,,,,,,,,,,,,,,,,,,,,,,,,,,,
2140112,99a3d64a563a70b474050a6bac3398dfb4ef270ac89978e4d7893614b56a1f07cc87a819a27941e395d08d68772b162341b846a74956f5504d7c5cec8de9f85c,08/23/2025 11:00:00 PM,2,DRIVER,,2040098,,TOYOTA,CAMRY,IL,2016,NONE,PASSENGER,PERSONAL,W,STRAIGHT AHEAD,,,1,,,,,,,,,,,,,,Y,Y,Y,,FRONT-LEFT-CORNER,,,,,,,,,,,,,,,,,,,,,,,,,,,,,,,,,
2135331,a06628cc1fb316c408c56e11f8a9d477ac952dd896ede3017e3d65714c368abffbae2d2c01a2e7908d4b646c592170eb96b357db23a390a27f4aabd7745b9c81,08/23/2025 11:00:00 PM,1,DRIVER,,2035545,,TOYOTA,CAMRY,,,UNKNOWN,PASSENGER,TAXI/FOR HIRE,S,TURNING RIGHT,,,1,,,,,Y,,,,,,,,,,,,,FRONT-RIGHT-CORNER,,,,,,,,,,,,,,,,,,,,,,,,,,,,,,,,,
2135332,a06628cc1fb316c408c56e11f8a9d477ac952dd896ede3017e3d65714c368abffbae2d2c01a2e7908d4b646c592170eb96b357db23a390a27f4aabd7745b9c81,08/23/2025 11:00:00 PM,2,DRIVER,,2035551,,TOYOTA,CAMRY,,,UNKNOWN,PASSENGER,PERSONAL,S,STRAIGHT AHEAD,,,1,,,,,,,,,,,,,Y,,,,,SIDE-LEFT,,,,,,,,,,,,,,,,,,,,,,,,,,,,,,,,,
2135421,ef17e1a47963c997931718235e6abf5c10d3947b2d4df8052bc0346490ad56dff65c3d85713ba1c2249f08e20aff335b800cab2a13467e079b871a5c4d84beaa,08/23/2025 11:00:00 PM,1,DRIVER,,2035640,,TOYOTA,OTHER (EXPLAIN IN NARRATIVE),IL,2025,NONE,PASSENGER,UNKNOWN/NA,N,TURNING RIGHT,,,1,,,,,,,,,,,,,,,Y,Y,,FRONT,,,,,,,,,,,,,,,,,,,,,,,,,,,,,,,,,
2135422,ef17e1a47963c997931718235e6abf5c10d3947b2d4df8052bc0346490ad56dff65c3d85713ba1c2249f08e20aff335b800cab2a13467e079b871a5c4d84beaa,08/23/2025 11:00:00 PM,2,DRIVER,,2035645,,JEEP,GRAND CHEROKEE,IL,2018,NONE,SPORT UTILITY VEHICLE (SUV),PERSONAL,N,TURNING RIGHT,Y,,1,,,,,,Y,,,,,,,,,,,,SIDE-RIGHT,,,,,,,,,,,,,,,,,,,,,,,,,,,,,,,,,
2135354,ef261add78a475224085efa3693b846759b894241c5e62612a5700cfbad4a8c3c16c5674e7853267c465cf9c27770af7037fe74d824c253f6eb8016bace34daf,08/23/2025 11:00:00 PM,1,DRIVER,,2035575,,DODGE,RAM 1500 PU,IL,2021,UNKNOWN,PICKUP,PERSONAL,N,STRAIGHT AHEAD,,,1,,,,,Y,,,,,,,,,,,,,FRONT-RIGHT-CORNER,,,,,,,,,,,,,,,,,,,,,,,,,,,,,,,,,
2135355,ef261add78a475224085efa3693b846759b894241c5e62612a5700cfbad4a8c3c16c5674e7853267c465cf9c27770af7037fe74d824c253f6eb8016bace34daf,08/23/2025 11:00:00 PM,2,DRIVER,,2035590,,HONDA,ACCORD,IL,2022,NONE,PASSENGER,PERSONAL,N,SLOW/STOP IN TRAFFIC,,,1,,,,,,,,,Y,Y,Y,,,,,,,REAR,,,,,,,,,,,,,,,,,,,,,,,,,,,,,,,,,
2140187,17d0b672f999bd5cb1dd0674b8cc7260a408212949a3efd65da0a5401e2358b85ef3943f229d1b97de0fae7cffefaa199d9a2ae1da4985a8eff435ffd0fdb3d0,08/23/2025 10:30:00 PM,1,DRIVER,,2040173,,HYUNDAI,OTHER (EXPLAIN IN NARRATIVE),IL,2016,NONE,PASSENGER,PERSONAL,N,BACKING,,,1,,,,,,,,,,,,,,,,,,REAR-RIGHT-CORNER,,,,,,,,,,,,,,,,,,,,,,,,,,,,,,,,,
2140188,17d0b672f999bd5cb1dd0674b8cc7260a408212949a3efd65da0a5401e2358b85ef3943f229d1b97de0fae7cffefaa199d9a2ae1da4985a8eff435ffd0fdb3d0,08/23/2025 10:30:00 PM,2,PARKED,,2040175,,MAZDA,CX-5,IL,2016,NONE,PASSENGER,PERSONAL,S,PARKED,,,0,,,,,,,,,,,,,,,,,,FRONT-LEFT-CORNER,,,,,,,,,,,,,,,,,,,,,,,,,,,,,,,,,
2135327,4a95d5189a213137fa34860425eed7e2566b9f938b8662dee1becf764385d131802bd4e105cff674289d2991a768a84dddaa8ed0e587efb20779ddb3cfa95b9e,08/23/2025 10:30:00 PM,1,DRIVER,,2035550,,UNKNOWN,OTHER (EXPLAIN IN NARRATIVE),IL,,UNKNOWN,UNKNOWN/NA,UNKNOWN/NA,UNKNOWN,UNKNOWN/NA,,,1,,,,,,,,,,,,,,,,,Y,UNKNOWN,,,,,,,,,,,,,,,,,,,,,,,,,,,,,,,,,
2135328,4a95d5189a213137fa34860425eed7e2566b9f938b8662dee1becf764385d131802bd4e105cff674289d2991a768a84dddaa8ed0e587efb20779ddb3cfa95b9e,08/23/2025 10:30:00 PM,2,PARKED,,2035556,,CHEVROLET,MALIBU,IL,2018,NONE,UNKNOWN/NA,UNKNOWN/NA,UNKNOWN,PARKED,,,0,,,,,Y,Y,Y,Y,,,,,,,,,,TOTAL (ALL AREAS),,,,,,,,,,,,,,,,,,,,,,,,,,,,,,,,,
2136359,65ba035caa3cc0a6898d2a4ab065b93cf877757394b8c3c16bdfbba14462df894b42a479ead3e94cfa05fdb6857f4e6cff7979d5c9190038d6cd961b1d46222b,08/23/2025 10:30:00 PM,1,DRIVER,,2036557,,UNKNOWN,OTHER (EXPLAIN IN NARRATIVE),XX,,UNKNOWN,UNKNOWN/NA,UNKNOWN/NA,UNKNOWN,UNKNOWN/NA,,,1,,,,,,,,,,,,,,,,,Y,UNKNOWN,,,,,,,,,,,,,,,,,,,,,,,,,,,,,,,,,
2136360,65ba035caa3cc0a6898d2a4ab065b93cf877757394b8c3c16bdfbba14462df894b42a479ead3e94cfa05fdb6857f4e6cff7979d5c9190038d6cd961b1d46222b,08/23/2025 10:30:00 PM,2,PARKED,,2036566,,NISSAN,OTHER (EXPLAIN IN NARRATIVE),IL,2021,UNKNOWN,SPORT UTILITY VEHICLE (SUV),PERSONAL,E,PARKED,,,0,,,,,,Y,Y,Y,Y,Y,,,,,,,Y,SIDE-RIGHT,,,,,,,,,,,,,,,,,,,,,,,,,,,,,,,,,
2135747,9d76dc827b05d59553c9b78b9b09e5d5b15d345854c70979f9088fbb214b3930ae223a142e39efdb3112d56ffc489ad579303bb55d4eef8aaee97c277655f6b0,08/23/2025 10:30:00 PM,1,DRIVER,,2035954,,UNKNOWN,OTHER (EXPLAIN IN NARRATIVE),,,UNKNOWN,UNKNOWN/NA,UNKNOWN/NA,UNKNOWN,UNKNOWN/NA,,,1,,,,,,,,,,,,,,,,,Y,UNKNOWN,,,,,,,,,,,,,,,,,,,,,,,,,,,,,,,,,
2135748,9d76dc827b05d59553c9b78b9b09e5d5b15d345854c70979f9088fbb214b3930ae223a142e39efdb3112d56ffc489ad579303bb55d4eef8aaee97c277655f6b0,08/23/2025 10:30:00 PM,2,PARKED,,2035956,,NISSAN,PATHFINDER,IL,2024,UNKNOWN,PASSENGER,PERSONAL,W,PARKED,,,0,,,,,Y,,,,,,,,,,Y,Y,,FRONT,,,,,,,,,,,,,,,,,,,,,,,,,,,,,,,,,
2135373,4128dc0f8df483f3f5b355a06f290801c77a5030ff1b918decfedd81770f976ba796382383069ce41492692c410cb44d148227a9fdf833aaf12d8150c20497ec,08/23/2025 10:25:00 PM,1,DRIVER,,2035591,,INFINITI,OTHER (EXPLAIN IN NARRATIVE),XX,,UNKNOWN,PASSENGER,UNKNOWN/NA,N,STRAIGHT AHEAD,,,1,,,,,,,,,,,,,,Y,Y,Y,,FRONT-LEFT-CORNER,,,,,,,,,,,,,,,,,,,,,,,,,,,,,,,,,
2135374,4128dc0f8df483f3f5b355a06f290801c77a5030ff1b918decfedd81770f976ba796382383069ce41492692c410cb44d148227a9fdf833aaf12d8150c20497ec,08/23/2025 10:25:00 PM,2,DRIVER,,2035596,,MERCEDES-BENZ,GLC,IL,2020,UNKNOWN,SPORT UTILITY VEHICLE (SUV),PERSONAL,N,STRAIGHT AHEAD,Y,,1,,TRIPPLE A,COLLISION CENTER,,Y,Y,,,,,,,,,,Y,,FRONT-RIGHT-CORNER,,,,,,,,,,,,,,,,,,,,,,,,,,,,,,,,,
2135346,1e44f4862d8319038cfd9c841f0177dd33cbe5b055323de81ae871e30642d43629ad632109654832c48704cc4f1370b5b5b4872c63b084377b4b362a4ba80da5,08/23/2025 10:22:00 PM,1,DRIVER,,2035566,,ISUZU,OTHER (EXPLAIN IN NARRATIVE),IN,,UNKNOWN,TRUCK - SINGLE UNIT,UNKNOWN/NA,E,CHANGING LANES,,,1,,,,,Y,,,,,,,,,,,,,FRONT-RIGHT-CORNER,,,,,,,,,,,,,,,,,,,,,,,,,,,,,,,,,
2135347,1e44f4862d8319038cfd9c841f0177dd33cbe5b055323de81ae871e30642d43629ad632109654832c48704cc4f1370b5b5b4872c63b084377b4b362a4ba80da5,08/23/2025 10:22:00 PM,2,DRIVER,,2035571,,LEXUS,CT200H,,,UNKNOWN,PASSENGER,RIDESHARE SERVICE,E,STRAIGHT AHEAD,,,1,,,,,,,,,,,,Y,Y,Y,,,,SIDE-LEFT,,,,,,,,,,,,,,,,,,,,,,,,,,,,,,,,,
2135324,e16efd84fb58247e92e6b8a49e9f5e7a9f4a4d80c35f80df32eec7aebb094dae1aff5b481baacc0bd69478eae63029fb3b74104d283efef7714f5fab39a010af,08/23/2025 10:22:00 PM,1,DRIVER,,2035542,,DODGE,RAM 1500 PU,CA,2011,UNKNOWN,PICKUP,PERSONAL,S,TURNING RIGHT,N,,1,,,,,Y,Y,,,,,,,,,,,Y,FRONT-LEFT-CORNER,,,,,,,,,,,,,,,,,,,,,,,,,,,,,,,,,
2140519,6a71f5059017aa47d30f6b921b813950c2fba41dcd491ba0e105eb96cce659e1836cfa9780b071832e6c3a47b2ef58a7a91bddf21c058f4f6067cc1bce2f5385,08/23/2025 10:20:00 PM,1,DRIVER,,2040487,,KIA,TELLURIDE,IL,2022,NONE,PASSENGER,PERSONAL,N,STRAIGHT AHEAD,,,1,,,,,Y,,,,,,,,,,Y,Y,,FRONT,,,,,,,,,,,,,,,,,,,,,,,,,,,,,,,,,
2140520,6a71f5059017aa47d30f6b921b813950c2fba41dcd491ba0e105eb96cce659e1836cfa9780b071832e6c3a47b2ef58a7a91bddf21c058f4f6067cc1bce2f5385,08/23/2025 10:20:00 PM,2,DRIVER,,2040488,,LEXUS,RX350,IL,2013,NONE,PASSENGER,PERSONAL,S,STRAIGHT AHEAD,,,1,,,,,Y,,,,Y,Y,Y,,,,Y,Y,,FRONT,,,,,,,,,,,,,,,,,,,,,,,,,,,,,,,,,
2140521,6a71f5059017aa47d30f6b921b813950c2fba41dcd491ba0e105eb96cce659e1836cfa9780b071832e6c3a47b2ef58a7a91bddf21c058f4f6067cc1bce2f5385,08/23/2025 10:20:00 PM,3,DRIVER,,2040489,,UNKNOWN,OTHER (EXPLAIN IN NARRATIVE),IL,,NONE,PASSENGER,PERSONAL,S,STRAIGHT AHEAD,,,1,,,,,Y,,,,,,,,,,Y,Y,,FRONT,,,,,,,,,,,,,,,,,,,,,,,,,,,,,,,,,
2135318,3b0825c8e98eab1859b23ece250363742e7a16b326e49f75a7759653e99642fa5e24286938f92cdde80ba8d599f1e8b5f1d9275c01fa2fac75d6ff9cabc356c1,08/23/2025 10:15:00 PM,1,DRIVER,,2035536,,GENERAL MOTORS CORPORATION (GMC),ACADIA,IL,2019,UNKNOWN,PASSENGER,PERSONAL,N,TURNING LEFT,,,1,,,,,,,,,,,,,,Y,Y,,,FRONT-LEFT-CORNER,,,,,,,,,,,,,,,,,,,,,,,,,,,,,,,,,
2135319,3b0825c8e98eab1859b23ece250363742e7a16b326e49f75a7759653e99642fa5e24286938f92cdde80ba8d599f1e8b5f1d9275c01fa2fac75d6ff9cabc356c1,08/23/2025 10:15:00 PM,2,DRIVER,,2035544,,BUICK,ROADMASTER,IL,1992,NONE,PASSENGER,PERSONAL,E,STRAIGHT AHEAD,,,1,,,,,Y,Y,,,,,,,,,,,,FRONT-LEFT-CORNER,,,,,,,,,,,,,,,,,,,,,,,,,,,,,,,,,
2135337,fb15275ece07cbe30718fe12bb1225d49344b468a32f1564f3950d8f2585a4de43bbf0c27bea47532cc9f4c119a9785a74fd5f0b31bd44bcd603a6353ace8c51,08/23/2025 10:15:00 PM,1,DRIVER,,2035548,,UNKNOWN,OTHER (EXPLAIN IN NARRATIVE),,,UNKNOWN,PASSENGER,PERSONAL,N,STRAIGHT AHEAD,,,1,,,,,,,,,,,,,,,,,Y,SIDE-RIGHT,,,,,,,,,,,,,,,,,,,,,,,,,,,,,,,,,
2135338,fb15275ece07cbe30718fe12bb1225d49344b468a32f1564f3950d8f2585a4de43bbf0c27bea47532cc9f4c119a9785a74fd5f0b31bd44bcd603a6353ace8c51,08/23/2025 10:15:00 PM,2,DRIVER,,2035552,,DODGE,AVENGER,IL,2013,UNKNOWN,PASSENGER,PERSONAL,N,STRAIGHT AHEAD,Y,,1,,UNKNOWN,,,Y,,,,,,,,,Y,Y,Y,,FRONT-LEFT-CORNER,,,,,,,,,,,,,,,,,,,,,,,,,,,,,,,,,
2135341,67b8fff61f64ac01697c8b97a2793a97cec4379a28c8d7159cc8e304649d677364275dfaf22f1d2612bd4a48b1d478b8dd7d940ae09ede63218bd9f293b7150b,08/23/2025 10:10:00 PM,1,DRIVER,,2035558,,FORD,ESCAPE,IL,2008,NONE,PASSENGER,UNKNOWN/NA,E,CHANGING LANES,,,1,,,,,,,,,,,,,,,,,Y,UNKNOWN,,,,,,,,,,,,,,,,,,,,,,,,,,,,,,,,,
2135342,67b8fff61f64ac01697c8b97a2793a97cec4379a28c8d7159cc8e304649d677364275dfaf22f1d2612bd4a48b1d478b8dd7d940ae09ede63218bd9f293b7150b,08/23/2025 10:10:00 PM,2,DRIVER,,2035560,,TOYOTA,COROLLA,IL,2010,NONE,PASSENGER,PERSONAL,W,STRAIGHT AHEAD,,,1,,,,,,,,,,,,,Y,Y,Y,,,FRONT-LEFT-CORNER,,,,,,,,,,,,,,,,,,,,,,,,,,,,,,,,,
2135322,80f9c436d446ea29abce02ffe7aea047892a5838d59cf962d659e57713192fb7a0ab9c11c17240b22103492e934923ded95b5342097c75b1b8eb7e5f36b436b7,08/23/2025 10:10:00 PM,1,DRIVER,,2035538,,TESLA,MODEL Y,IL,2023,UNKNOWN,SPORT UTILITY VEHICLE (SUV),UNKNOWN/NA,N,STRAIGHT AHEAD,,,1,,,,,,,,,,,,,,,Y,,N,FRONT-LEFT-CORNER,,,,,,,,,,,,,,,,,,,,,,,,,,,,,,,,,
2135323,80f9c436d446ea29abce02ffe7aea047892a5838d59cf962d659e57713192fb7a0ab9c11c17240b22103492e934923ded95b5342097c75b1b8eb7e5f36b436b7,08/23/2025 10:10:00 PM,2,DRIVER,,2035543,,AUDI,Q7,IL,2018,NONE,SPORT UTILITY VEHICLE (SUV),PERSONAL,N,STRAIGHT AHEAD,,,1,,,,,,,,,Y,,,,,,,,,REAR-RIGHT-CORNER,,,,,,,,,,,,,,,,,,,,,,,,,,,,,,,,,
2135290,02fa8f90e4a5dbac51cce9140aa807871a6098a2eae5b6232c3a3f679b76b4f31188116fa77784f71a522c601cd5924779530d61b7559d145fc016dfdf56bfe2,08/23/2025 10:00:00 PM,1,DRIVER,,2035514,,NISSAN,ROGUE,IL,2008,NONE,SPORT UTILITY VEHICLE (SUV),PERSONAL,S,STRAIGHT AHEAD,,,1,,,,,,,,,,,,,,,,Y,,FRONT,,,,,,,,,,,,,,,,,,,,,,,,,,,,,,,,,
2135291,02fa8f90e4a5dbac51cce9140aa807871a6098a2eae5b6232c3a3f679b76b4f31188116fa77784f71a522c601cd5924779530d61b7559d145fc016dfdf56bfe2,08/23/2025 10:00:00 PM,2,DRIVER,1,2035504,,JEEP,WRANGLER,IL,2018,NONE,SPORT UTILITY VEHICLE (SUV),PERSONAL,S,SLOW/STOP IN TRAFFIC,,,2,,,,,,,,,,Y,,,,,,,,REAR,,,,,,,,,,,,,,,,,,,,,,,,,,,,,,,,,
2136320,33b3d63441de32f1a2612be013d425997a29dcb1b25f18370481365e7853d151b6b7a374ad83ad38f8b40a634eca7848f67a590d4a63bf4d72cc26a686cce35e,08/23/2025 10:00:00 PM,1,DRIVER,,2036511,,UNKNOWN,OTHER (EXPLAIN IN NARRATIVE),IL,,UNKNOWN,UNKNOWN/NA,UNKNOWN/NA,S,STRAIGHT AHEAD,,,1,,,,,Y,Y,Y,,,,,,,,,,,FRONT-RIGHT-CORNER,,,,,,,,,,,,,,,,,,,,,,,,,,,,,,,,,
2136321,33b3d63441de32f1a2612be013d425997a29dcb1b25f18370481365e7853d151b6b7a374ad83ad38f8b40a634eca7848f67a590d4a63bf4d72cc26a686cce35e,08/23/2025 10:00:00 PM,2,PARKED,,2036514,,HONDA,CR-V,IL,2020,NONE,SPORT UTILITY VEHICLE (SUV),PERSONAL,S,PARKED,,,0,,,,,,,,,,,,Y,Y,Y,Y,,,SIDE-LEFT,,,,,,,,,,,,,,,,,,,,,,,,,,,,,,,,,
2137917,439d3ab10df7a395b169e61982c56c5c90e43ee80eec9282e15f4b79c87292d4c0adfc7e3f51ddaaebbb9d57ca6b18c23a961818d1635070223483c5106efc62,08/23/2025 10:00:00 PM,1,DRIVER,,2038027,,UNKNOWN,OTHER (EXPLAIN IN NARRATIVE),IN,,UNKNOWN,SPORT UTILITY VEHICLE (SUV),UNKNOWN/NA,N,BACKING,,,1,,,,,,,,,,,,,,,,,Y,REAR,,,,,,,,,,,,,,,,,,,,,,,,,,,,,,,,,
2137918,439d3ab10df7a395b169e61982c56c5c90e43ee80eec9282e15f4b79c87292d4c0adfc7e3f51ddaaebbb9d57ca6b18c23a961818d1635070223483c5106efc62,08/23/2025 10:00:00 PM,2,DRIVER,,2038032,,BMW,OTHER (EXPLAIN IN NARRATIVE),IL,2011,NONE,PASSENGER,PERSONAL,S,SLOW/STOP IN TRAFFIC,,,1,,,,,,,,,,,,,,,,Y,,FRONT,,,,,,,,,,,,,,,,,,,,,,,,,,,,,,,,,
2135348,b072b27d4b8a348b8c3e34913197fdc286a208be172070dd0d6e20194854644fc92abae86fadc0b69627c417403cdc79f689a2de4e0a5c890a99d23ea5938af5,08/23/2025 10:00:00 PM,1,DRIVER,,2035562,,CHEVROLET,MONTE CARLO,IL,1983,UNKNOWN,PASSENGER,UNKNOWN/NA,W,STRAIGHT AHEAD,,,1,,,,,Y,Y,Y,,,,,,,,,,,FRONT-RIGHT-CORNER,,,,,,,,,,,,,,,,,,,,,,,,,,,,,,,,,
2135349,b072b27d4b8a348b8c3e34913197fdc286a208be172070dd0d6e20194854644fc92abae86fadc0b69627c417403cdc79f689a2de4e0a5c890a99d23ea5938af5,08/23/2025 10:00:00 PM,2,DRIVER,1,2035567,,TESLA,MODEL 3,MO,2023,UNKNOWN,PASSENGER,PERSONAL,W,STRAIGHT AHEAD,,,2,,,,,,,,,,,,,Y,Y,Y,,,SIDE-LEFT-FRONT,,,,,,,,,,,,,,,,,,,,,,,,,,,,,,,,,
2135526,0a98dcaa675e3e7dc9743c5e00979a6e051a7ec6f27cd009adbbf5682a528e4c63489578320c1cb85203941c7f3e5db5bf5c72f50cbc11dd788a2d7d987881ee,08/23/2025 09:59:00 PM,1,DRIVER,,2035744,,UNKNOWN,OTHER (EXPLAIN IN NARRATIVE),,,UNKNOWN,PASSENGER,UNKNOWN/NA,N,UNKNOWN/NA,,,1,,,,,,,,,,,,,,,,,Y,UNKNOWN,,,,,,,,,,,,,,,,,,,,,,,,,,,,,,,,,
2135527,0a98dcaa675e3e7dc9743c5e00979a6e051a7ec6f27cd009adbbf5682a528e4c63489578320c1cb85203941c7f3e5db5bf5c72f50cbc11dd788a2d7d987881ee,08/23/2025 09:59:00 PM,2,PARKED,,2035749,,TRIUMPH,OTHER (EXPLAIN IN NARRATIVE),IL,2024,NONE,MOTORCYCLE (OVER 150CC),PERSONAL,N,PARKED,,,0,,,,,Y,Y,Y,Y,Y,,,,,,,,,SIDE-RIGHT,,,,,,,,,,,,,,,,,,,,,,,,,,,,,,,,,
2135344,8ac4280884c0d0d7246c80f956ab23d5aac0c87e07bf1f4490ad335a86ae3ad9edc1df10eeb76fc6cb5cd69a5b5283d4f484967d9ee852b32281fcb835a824dc,08/23/2025 09:55:00 PM,1,DRIVER,,2035561,,JEEP,CHEROKEE,,,UNKNOWN,UNKNOWN/NA,UNKNOWN/NA,W,PASSING/OVERTAKING,,,1,,,,,,,,,,,,,,,,,Y,UNKNOWN,,,,,,,,,,,,,,,,,,,,,,,,,,,,,,,,,
2135345,8ac4280884c0d0d7246c80f956ab23d5aac0c87e07bf1f4490ad335a86ae3ad9edc1df10eeb76fc6cb5cd69a5b5283d4f484967d9ee852b32281fcb835a824dc,08/23/2025 09:55:00 PM,2,DRIVER,,2035568,,TOYOTA,COROLLA,IL,2019,UNKNOWN,PASSENGER,PERSONAL,W,STRAIGHT AHEAD,Y,,1,,PERSONAL TOW,,,,,,,,,,,Y,Y,Y,Y,,UNKNOWN,,,,,,,,,,,,,,,,,,,,,,,,,,,,,,,,,
2135356,f759fcc42b64fc7454c470f7f9db8a4bfc2ebe38e93e83693f88e5cba4d330ca620e38545de93acbe3cbe78cf34cf6f5b96d371edd0f2e799f35ff053ff89024,08/23/2025 09:51:00 PM,1,DRIVER,2,2035602,,CADILLAC,CTS,IL,2006,UNKNOWN,PASSENGER,UNKNOWN/NA,W,STRAIGHT AHEAD,,,3,,,,,,,,,,,,,,,,Y,,FRONT-RIGHT-CORNER,,,,,,,,,,,,,,,,,,,,,,,,,,,,,,,,,
2135357,f759fcc42b64fc7454c470f7f9db8a4bfc2ebe38e93e83693f88e5cba4d330ca620e38545de93acbe3cbe78cf34cf6f5b96d371edd0f2e799f35ff053ff89024,08/23/2025 09:51:00 PM,2,DRIVER,,2035608,,DODGE,MAGNUM,IL,2005,UNKNOWN,PASSENGER,PERSONAL,E,BACKING,Y,,1,,PERSONAL TOW,UNKWNOWN,,,,,,,,,,,Y,Y,,,FRONT-LEFT-CORNER,,,,,,,,,,,,,,,,,,,,,,,,,,,,,,,,,
2135333,8d88364da3c55d5b9b2779bf230ae0c96416ccc6c13da80b790f1207e606a22523de75355af60b2819868e476d6326075a8965a4695a9bfe595c3c57391b6fb0,08/23/2025 09:47:00 PM,1,DRIVER,3,2035572,,LEXUS,NX,IL,2025,NONE,PASSENGER,PERSONAL,S,STRAIGHT AHEAD,,,4,,,,,,,,,,,,Y,Y,Y,Y,,,SIDE-LEFT,,,,,,,,,,,,,,,,,,,,,,,,,,,,,,,,,
2135334,8d88364da3c55d5b9b2779bf230ae0c96416ccc6c13da80b790f1207e606a22523de75355af60b2819868e476d6326075a8965a4695a9bfe595c3c57391b6fb0,08/23/2025 09:47:00 PM,2,DRIVER,3,2035557,,CHEVROLET,TRAVERSE,IL,2015,NONE,PASSENGER,PERSONAL,S,STRAIGHT AHEAD,,,4,,,,,Y,Y,Y,,,,,,,,,,,SIDE-RIGHT,,,,,,,,,,,,,,,,,,,,,,,,,,,,,,,,,
2135325,e08ce7abf7a9e81e5d45ac2af9a8f8b207bcb66b8c1fb6b7f41b7bc9c940192c254ec82bffd7dacc3f8a9ae792819aabab0af2abbe02f6d191f4514e94509d00,08/23/2025 09:45:00 PM,1,DRIVER,,2035537,,UNKNOWN,OTHER (EXPLAIN IN NARRATIVE),XX,,UNKNOWN,PASSENGER,UNKNOWN/NA,N,STRAIGHT AHEAD,,,1,,,,,Y,Y,,,,,,,,,Y,Y,,FRONT,,,,,,,,,,,,,,,,,,,,,,,,,,,,,,,,,