CRASH_UNIT_ID,CRASH_RECORD_ID,CRASH_DATE,UNIT_NO,UNIT_TYPE,NUM_PASSENGERS,VEHICLE_ID,CMRC_VEH_I,MAKE,MODEL,LIC_PLATE_STATE,VEHICLE_YEAR,VEHICLE_DEFECT,VEHICLE_TYPE,VEHICLE_USE,TRAVEL_DIRECTION,MANEUVER,TOWED_I,FIRE_I,OCCUPANT_CNT,EXCEED_SPEED_LIMIT_I,TOWED_BY,TOWED_TO,AREA_00_I,AREA_01_I,AREA_02_I,AREA_03_I,AREA_04_I,AREA_05_I,AREA_06_I,AREA_07_I,AREA_08_I,AREA_09_I,AREA_10_I,AREA_11_I,AREA_12_I,AREA_99_I,FIRST_CONTACT_POINT,CMV_ID,USDOT_NO,CCMC_NO,ILCC_NO,COMMERCIAL_SRC,GVWR,CARRIER_NAME,CARRIER_STATE,CARRIER_CITY,HAZMAT_PLACARDS_I,HAZMAT_NAME,UN_NO,HAZMAT_PRESENT_I,HAZMAT_REPORT_I,HAZMAT_REPORT_NO,MCS_REPORT_I,MCS_REPORT_NO,HAZMAT_VIO_CAUSE_CRASH_I,MCS_VIO_CAUSE_CRASH_I,IDOT_PERMIT_NO,WIDE_LOAD_I,TRAILER1_WIDTH,TRAILER2_WIDTH,TRAILER1_LENGTH,TRAILER2_LENGTH,TOTAL_VEHICLE_LENGTH,AXLE_CNT,VEHICLE_CONFIG,CARGO_BODY_TYPE,LOAD_TYPE,HAZMAT_OUT_OF_SERVICE_I,MCS_OUT_OF_SERVICE_I,HAZMAT_CLASS
2135326,e08ce7abf7a9e81e5d45ac2af9a8f8b207bcb66b8c1fb6b7f41b7bc9c940192c254ec82bffd7dacc3f8a9ae792819aabab0af2abbe02f6d191f4514e94509d00,08/23/2025 09:45:00 PM,2,DRIVER,,2035547,,TOYOTA,CAMRY,IL,2020,UNKNOWN,PASSENGER,PERSONAL,N,OTHER,,,1,,,,,,,,,,,Y,Y,Y,Y,Y,,,SIDE-LEFT-REAR,,,,,,,,,,,,,,,,,,,,,,,,,,,,,,,,,
2135382,da073c706c4a7bf69e6ab63039c7b6cb22f3da8da53612b1b518b9b5460b8f4eba244eda15a6b9629ec7f2f8ce4e382daf6c0863ad7f7fbec44eefab0fd092cb,08/23/2025 09:40:00 PM,1,DRIVER,,2035603,,DODGE,AVENGER,IL,2005,UNKNOWN,UNKNOWN/NA,UNKNOWN/NA,UNKNOWN,UNKNOWN/NA,,,1,,,,,,,,,,,,,,,Y,,,SIDE-LEFT-FRONT,,,,,,,,,,,,,,,,,,,,,,,,,,,,,,,,,
2135383,da073c706c4a7bf69e6ab63039c7b6cb22f3da8da53612b1b518b9b5460b8f4eba244eda15a6b9629ec7f2f8ce4e382daf6c0863ad7f7fbec44eefab0fd092cb,08/23/2025 09:40:00 PM,2,DRIVER,2,2035611,,CADILLAC,OTHER (EXPLAIN IN NARRATIVE),IN,2006,UNKNOWN,PASSENGER,PERSONAL,W,UNKNOWN/NA,,,3,,,,,Y,,,,,,,,,,,,,FRONT-RIGHT-CORNER,,,,,,,,,,,,,,,,,,,,,,,,,,,,,,,,,
2135304,d54bb8c8379e6106ca59a46f2a06a8c08730587a801940a40132aa40cc9a8a4e3f2d3257d538be34442c31341d5a64ad4525582fd00ae398301c6b5054d47e60,08/23/2025 09:37:00 PM,1,DRIVER,,2035518,,SUBARU,IMPREZA,IL,2014,NONE,PASSENGER,PERSONAL,SW,STRAIGHT AHEAD,Y,,1,,STREETS AND SAN,701 N SACRAMENTO,,Y,,,,,,,,,Y,Y,Y,,FRONT,,,,,,,,,,,,,,,,,,,,,,,,,,,,,,,,,
2135622,71c6d240a60563500c14a6f4ba3fe6f4e43ad16936ab464619d20219a84dba194aab793e9ef16f7a0df0eca3c92124db0747e83ddbf1819faff0afcf0626cf30,08/23/2025 09:30:00 PM,1,DRIVER,,2035834,,TOYOTA,RAV4,IL,,UNKNOWN,SPORT UTILITY VEHICLE (SUV),UNKNOWN/NA,N,UNKNOWN/NA,,,1,,,,,,,,,,,,,,,,,,UNKNOWN,,,,,,,,,,,,,,,,,,,,,,,,,,,,,,,,,
2135623,71c6d240a60563500c14a6f4ba3fe6f4e43ad16936ab464619d20219a84dba194aab793e9ef16f7a0df0eca3c92124db0747e83ddbf1819faff0afcf0626cf30,08/23/2025 09:30:00 PM,2,PARKED,,2035840,,TOYOTA,RAV4,IL,2010,UNKNOWN,PASSENGER,NOT IN USE,N,PARKED,,,0,,,,,,,,,,,,,,Y,Y,,,FRONT-LEFT-CORNER,,,,,,,,,,,,,,,,,,,,,,,,,,,,,,,,,
2135292,8a3b406347a6f6044d99ea9435e50efd06059a2a8dde807fec9c5e9badec087401b02fa51caccc6cde733c3dbafb528d07cf8e382c0f6a8d34a89326f20c5f0c,08/23/2025 09:30:00 PM,1,DRIVER,,2035506,,FORD,EXPLORER,IL,,UNKNOWN,SPORT UTILITY VEHICLE (SUV),PERSONAL,E,OTHER,,,1,,,,,,,,,,,,,,,,Y,,FRONT,,,,,,,,,,,,,,,,,,,,,,,,,,,,,,,,,
2135293,8a3b406347a6f6044d99ea9435e50efd06059a2a8dde807fec9c5e9badec087401b02fa51caccc6cde733c3dbafb528d07cf8e382c0f6a8d34a89326f20c5f0c,08/23/2025 09:30:00 PM,2,DRIVER,,2035508,,HONDA,CIVIC,,,UNKNOWN,PASSENGER,PERSONAL,N,STARTING IN TRAFFIC,,,1,,,,,,,,,,,,,,Y,,,,SIDE-LEFT,,,,,,,,,,,,,,,,,,,,,,,,,,,,,,,,,
2135296,8065bf3d8bd611bf00fa73fe4961b7e2f475ebd81f6820fbf7c85ba3d8986609cc805042caedf227bcf4151269055763b65e95e704baa40d0444e49b83273d1c,08/23/2025 09:23:00 PM,1,DRIVER,,2035511,,HONDA,CR-V,IL,2021,NONE,PASSENGER,UNKNOWN/NA,N,STRAIGHT AHEAD,Y,,1,,,,,,,,,,,,,,,,,,FRONT-RIGHT-CORNER,,,,,,,,,,,,,,,,,,,,,,,,,,,,,,,,,
2135297,8065bf3d8bd611bf00fa73fe4961b7e2f475ebd81f6820fbf7c85ba3d8986609cc805042caedf227bcf4151269055763b65e95e704baa40d0444e49b83273d1c,08/23/2025 09:23:00 PM,2,PARKED,,2035515,,LEXUS,RX350,IL,2017,NONE,PASSENGER,NOT IN USE,UNKNOWN,PARKED,,,0,,,,,N,,,,,Y,Y,Y,,,,N,,REAR-LEFT-CORNER,,,,,,,,,,,,,,,,,,,,,,,,,,,,,,,,,
2135734,6720540c4550145aeb63e03ce275512c9584c157f57977f43b8a0119ea18cf18ba3db1a7fed69ab44c9709562ebc5b4effdd9e3cd8737aef94bf0fa2e39dfd47,08/23/2025 09:20:00 PM,1,DRIVER,,2035932,,FORD,OTHER (EXPLAIN IN NARRATIVE),IL,2014,UNKNOWN,SPORT UTILITY VEHICLE (SUV),PERSONAL,UNKNOWN,UNKNOWN/NA,,,1,,,,,,,,,,,,,,,,,Y,UNKNOWN,,,,,,,,,,,,,,,,,,,,,,,,,,,,,,,,,
2135735,6720540c4550145aeb63e03ce275512c9584c157f57977f43b8a0119ea18cf18ba3db1a7fed69ab44c9709562ebc5b4effdd9e3cd8737aef94bf0fa2e39dfd47,08/23/2025 09:20:00 PM,2,PARKED,,2035933,,SUBARU,CROSSTREK,IL,2023,NONE,SPORT UTILITY VEHICLE (SUV),NOT IN USE,E,PARKED,,,0,,,,,,,,,,Y,Y,Y,,,,,,REAR,,,,,,,,,,,,,,,,,,,,,,,,,,,,,,,,,
2135278,fff3b9d60ad8d2b1be4102138a4022fd63ec25fcbf262826483b6fd15ecae07d296c37b9f6d12c91dd3c2ead75b229d20fa2cd2634262bbff5063939d66e7b7e,08/23/2025 09:18:00 PM,1,DRIVER,2,2035495,,CHEVROLET,COBALT,IL,2008,UNKNOWN,PASSENGER,PERSONAL,E,TURNING LEFT,Y,,3,,PRIVATE TOW,8052 S WOODLAWN AVE,,Y,Y,,,,,,,,,Y,Y,,FRONT,,,,,,,,,,,,,,,,,,,,,,,,,,,,,,,,,
2135279,fff3b9d60ad8d2b1be4102138a4022fd63ec25fcbf262826483b6fd15ecae07d296c37b9f6d12c91dd3c2ead75b229d20fa2cd2634262bbff5063939d66e7b7e,08/23/2025 09:18:00 PM,2,DRIVER,,2035498,,CHEVROLET,MALIBU,IL,2014,UNKNOWN,PASSENGER,PERSONAL,W,STRAIGHT AHEAD,,,1,,,,,Y,Y,,,,,,,,,Y,Y,,FRONT,,,,,,,,,,,,,,,,,,,,,,,,,,,,,,,,,
2135360,07edf5b231013b1899429b71580c733870debbd0ee0ca8a9b88121aee46bc3030f5a20c2329717492af439a149f125ca2d4c4baaeab53bee3b0f880f88b33e55,08/23/2025 09:15:00 PM,1,DRIVER,,2035574,,CADILLAC,CT6,IN,2017,UNKNOWN,PASSENGER,UNKNOWN/NA,W,STRAIGHT AHEAD,,,1,,,,,,,,,,,,,,,,Y,,FRONT,,,,,,,,,,,,,,,,,,,,,,,,,,,,,,,,,
2135361,07edf5b231013b1899429b71580c733870debbd0ee0ca8a9b88121aee46bc3030f5a20c2329717492af439a149f125ca2d4c4baaeab53bee3b0f880f88b33e55,08/23/2025 09:15:00 PM,2,DRIVER,,2035580,,TOYOTA,PRIUS,IL,2017,UNKNOWN,PASSENGER,TAXI/FOR HIRE,W,OTHER,,,1,,,,,Y,Y,,,,Y,,,,,,Y,,REAR,,,,,,,,,,,,,,,,,,,,,,,,,,,,,,,,,
2135362,07edf5b231013b1899429b71580c733870debbd0ee0ca8a9b88121aee46bc3030f5a20c2329717492af439a149f125ca2d4c4baaeab53bee3b0f880f88b33e55,08/23/2025 09:15:00 PM,3,PARKED,,2035584,,CHEVROLET,TRAX,IL,2024,UNKNOWN,SPORT UTILITY VEHICLE (SUV),NOT IN USE,W,PARKED,,,0,,,,,,,,,,Y,,,,,,,,REAR,,,,,,,,,,,,,,,,,,,,,,,,,,,,,,,,,
2135266,3f4d1747c9eaae05161b7bfbec9a20fd53967b1d7b4f6c5f2e6d7fd4cd90212730d24ed3fe03975a8087169d3af9bbbac43cda63b8f851f18402e7f5602ee0d7,08/23/2025 09:15:00 PM,1,DRIVER,,2035480,,HONDA,CR-V,IL,2025,UNKNOWN,PASSENGER,UNKNOWN/NA,SW,CHANGING LANES,,,1,,,,,,,,,,,,,,,,,Y,SIDE-LEFT-FRONT,,,,,,,,,,,,,,,,,,,,,,,,,,,,,,,,,
2135267,3f4d1747c9eaae05161b7bfbec9a20fd53967b1d7b4f6c5f2e6d7fd4cd90212730d24ed3fe03975a8087169d3af9bbbac43cda63b8f851f18402e7f5602ee0d7,08/23/2025 09:15:00 PM,2,DRIVER,1,2035483,,AUDI,A5,IL,2024,UNKNOWN,PASSENGER,PERSONAL,SW,STRAIGHT AHEAD,,,2,,,,,Y,Y,Y,Y,,,,,,,,,,SIDE-RIGHT,,,,,,,,,,,,,,,,,,,,,,,,,,,,,,,,,
2135307,9a142f614dede5ffa08c12fc41b13861ff76bb67f02ba44fced1bebb8cb866529ce2d0232511e8a2104edbd0e533cdae9badfbefcdf5b59ec8776880f25d41f0,08/23/2025 09:15:00 PM,1,DRIVER,,2035532,,CHEVROLET,IMPALA,IL,2011,UNKNOWN,PASSENGER,PERSONAL,E,STRAIGHT AHEAD,,,1,,,,,,,,,,,,,,,,,Y,FRONT,,,,,,,,,,,,,,,,,,,,,,,,,,,,,,,,,
2135308,9a142f614dede5ffa08c12fc41b13861ff76bb67f02ba44fced1bebb8cb866529ce2d0232511e8a2104edbd0e533cdae9badfbefcdf5b59ec8776880f25d41f0,08/23/2025 09:15:00 PM,2,DRIVER,,2035539,,CHRYSLER,200,IL,2011,NONE,PASSENGER,PERSONAL,S,BACKING,,,1,,,,,,,,,,,Y,Y,,,,,,REAR-LEFT-CORNER,,,,,,,,,,,,,,,,,,,,,,,,,,,,,,,,,
2135288,20eeea406b2311f4c35c2a893d58ce7d6b99cbe3900e55e9f6c2e65fe19b9e2438c90b71a9758ce2e80ea777f1ec35cc476b6525f79f25b9c43259f592609125,08/23/2025 09:14:00 PM,2,DRIVER,,2035516,,TOYOTA,PRIUS,IL,2006,UNKNOWN,PASSENGER,PERSONAL,S,STRAIGHT AHEAD,Y,,1,,PRIVATE TOW / LIMITLESS TOWING,,,,,,,,,,,,Y,Y,,,SIDE-LEFT-FRONT,,,,,,,,,,,,,,,,,,,,,,,,,,,,,,,,,
2135289,20eeea406b2311f4c35c2a893d58ce7d6b99cbe3900e55e9f6c2e65fe19b9e2438c90b71a9758ce2e80ea777f1ec35cc476b6525f79f25b9c43259f592609125,08/23/2025 09:14:00 PM,1,DRIVER,1,2035505,,HONDA,CIVIC,IL,2024,UNKNOWN,PASSENGER,PERSONAL,W,STRAIGHT AHEAD,Y,,2,,PRIVATE TOW,,,Y,,,,,,,,,,Y,Y,,FRONT,,,,,,,,,,,,,,,,,,,,,,,,,,,,,,,,,
2135313,62829da87589cbb2d7bab3c11efc5572e54f86852548d436aeb2d86e2e9563832ede3bfb4f45482b58e501e031b2f2b16cabb841f68c15be5dc1ea6eb7855dc7,08/23/2025 09:12:00 PM,1,DRIVER,,2035526,,GENERAL MOTORS CORPORATION (GMC),ACADIA,IL,2019,UNKNOWN,PASSENGER,UNKNOWN/NA,UNKNOWN,UNKNOWN/NA,Y,,1,,STREET AND SANITATION,,,Y,Y,Y,Y,,,,Y,Y,Y,Y,Y,,FRONT,,,,,,,,,,,,,,,,,,,,,,,,,,,,,,,,,
2135305,4fcc383e2c1feb00e41a6db8916a3cb717155b34cf59968fdf89f683fc54c4b98aa3b4bd7d68b9dc8ed295d5c4c32be5194277ae0af68a0d45915918f4dc07ba,08/23/2025 09:08:00 PM,1,DRIVER,1,2035520,,CHEVROLET,CAPRICE,IL,1990,UNKNOWN,PASSENGER,PERSONAL,W,BACKING,,,2,,,,,,,,,,Y,,,,,,,,REAR,,,,,,,,,,,,,,,,,,,,,,,,,,,,,,,,,
2135306,4fcc383e2c1feb00e41a6db8916a3cb717155b34cf59968fdf89f683fc54c4b98aa3b4bd7d68b9dc8ed295d5c4c32be5194277ae0af68a0d45915918f4dc07ba,08/23/2025 09:08:00 PM,2,PARKED,,2035524,,CHEVROLET,SILVERADO,IL,2017,UNKNOWN,TRUCK - SINGLE UNIT,NOT IN USE,N,PARKED,,,0,,,,,,,Y,,,,,,,,,,,SIDE-RIGHT,,,,,,,,,,,,,,,,,,,,,,,,,,,,,,,,,
2135302,103a8caf2f29f459bb5b0b438b4e346f7d562f717643e31e33224323c9f087b89524398b66689051675e39c2dbb9ae90fe5e33fb18fd6ce466f7f1d248ca4f69,08/23/2025 09:00:00 PM,1,DRIVER,,2035517,,MAZDA,CX-30,IL,,UNKNOWN,PASSENGER,UNKNOWN/NA,S,UNKNOWN/NA,,,1,,,,,,,,,,,,,,,,Y,,FRONT,,,,,,,,,,,,,,,,,,,,,,,,,,,,,,,,,
2135303,103a8caf2f29f459bb5b0b438b4e346f7d562f717643e31e33224323c9f087b89524398b66689051675e39c2dbb9ae90fe5e33fb18fd6ce466f7f1d248ca4f69,08/23/2025 09:00:00 PM,2,DRIVER,1,2035522,,HONDA,CR-V,,,UNKNOWN,PASSENGER,PERSONAL,S,SLOW/STOP IN TRAFFIC,,,2,,,,,,,,,,Y,,,,,,,,REAR,,,,,,,,,,,,,,,,,,,,,,,,,,,,,,,,,
2135298,23b5dd899ea8b896b5ace6eae88b09e4042d9dde000b4f3ec081246093defbac1d7334be36a4a973debe157b800f3ee8c27983ffe438dd4ea9cdaf5b3300972b,08/23/2025 09:00:00 PM,1,DRIVER,,2035530,,VOLKSWAGEN,OTHER (EXPLAIN IN NARRATIVE),IL,2023,NONE,PASSENGER,UNKNOWN/NA,S,CHANGING LANES,,,1,,,,,,Y,Y,Y,,,,,,,,,,SIDE-RIGHT,,,,,,,,,,,,,,,,,,,,,,,,,,,,,,,,,
2135299,23b5dd899ea8b896b5ace6eae88b09e4042d9dde000b4f3ec081246093defbac1d7334be36a4a973debe157b800f3ee8c27983ffe438dd4ea9cdaf5b3300972b,08/23/2025 09:00:00 PM,2,DRIVER,,2035570,,TOYOTA,PRIUS,IL,2014,NONE,PASSENGER,UNKNOWN/NA,S,STRAIGHT AHEAD,,,1,,,,,,,,,,,,,Y,Y,Y,,,SIDE-LEFT-FRONT,,,,,,,,,,,,,,,,,,,,,,,,,,,,,,,,,
2135384,384b7814375f446bc9f817ac5ed4d6b422ccc20c687e5f03d518f685fd6c9427bb045112a14b4eb80d814296e2648099f015ef76bd49a1891dd005d6f1a734d7,08/23/2025 09:00:00 PM,1,DRIVER,,2035599,,UNKNOWN,OTHER (EXPLAIN IN NARRATIVE),XX,,UNKNOWN,TRUCK - SINGLE UNIT,UNKNOWN/NA,N,BACKING,,,1,,,,,,,,,,,,,,,,,,UNKNOWN,,,,,,,,,,,,,,,,,,,,,,,,,,,,,,,,,
2135385,384b7814375f446bc9f817ac5ed4d6b422ccc20c687e5f03d518f685fd6c9427bb045112a14b4eb80d814296e2648099f015ef76bd49a1891dd005d6f1a734d7,08/23/2025 09:00:00 PM,2,PARKED,,2035601,,TOYOTA,SIENNA,IL,2018,NONE,VAN/MINI-VAN,PERSONAL,N,PARKED,,,0,,,,,,,,,,,,,,,Y,Y,,FRONT-LEFT-CORNER,,,,,,,,,,,,,,,,,,,,,,,,,,,,,,,,,
2136349,adc8ea35a7afebbbc64cb31269243eff94228e912707916814ea0db962271520ab8b9a9e875b20eced3e24c5378df87ff693f640c86bad4ddab1e070afdfcd5c,08/23/2025 09:00:00 PM,1,DRIVER,,2036543,,CHRYSLER,200,IL,2011,NONE,PASSENGER,PERSONAL,S,BACKING,,,1,,,,,,,,,Y,Y,Y,,,,,,,REAR,,,,,,,,,,,,,,,,,,,,,,,,,,,,,,,,,
2136350,adc8ea35a7afebbbc64cb31269243eff94228e912707916814ea0db962271520ab8b9a9e875b20eced3e24c5378df87ff693f640c86bad4ddab1e070afdfcd5c,08/23/2025 09:00:00 PM,2,DRIVER,,2036547,,CHEVROLET,MALIBU,IL,2011,NONE,PASSENGER,PERSONAL,E,STRAIGHT AHEAD,,,1,,,,,,,,,,,,,,Y,Y,,,SIDE-LEFT,,,,,,,,,,,,,,,,,,,,,,,,,,,,,,,,,
2135284,b2e1d56b2809aa9a4de0d3ae0d1da31d1f01ff30cf2e31ae0c84236a0382d105ec6e3a8b695d466118e68fdb426cbb4f790e2fd1800b62a0f39744d5d3a430ab,08/23/2025 09:00:00 PM,1,DRIVER,,2035527,,BUICK,ENCORE,IL,2015,NONE,SPORT UTILITY VEHICLE (SUV),PERSONAL,W,OTHER,Y,,1,,crash champions towing,1816 n kostner ave,,Y,,,,,,,,,,Y,Y,,FRONT,,,,,,,,,,,,,,,,,,,,,,,,,,,,,,,,,
2135285,b2e1d56b2809aa9a4de0d3ae0d1da31d1f01ff30cf2e31ae0c84236a0382d105ec6e3a8b695d466118e68fdb426cbb4f790e2fd1800b62a0f39744d5d3a430ab,08/23/2025 09:00:00 PM,2,DRIVER,2,2035534,,NISSAN,ROGUE,IL,2015,NONE,PASSENGER,PERSONAL,W,SLOW/STOP IN TRAFFIC,,,3,,,,,,,,,,,,,,,,,,REAR,,,,,,,,,,,,,,,,,,,,,,,,,,,,,,,,,
2135286,b2e1d56b2809aa9a4de0d3ae0d1da31d1f01ff30cf2e31ae0c84236a0382d105ec6e3a8b695d466118e68fdb426cbb4f790e2fd1800b62a0f39744d5d3a430ab,08/23/2025 09:00:00 PM,3,DRIVER,3,2035541,,NISSAN,SENTRA,IL,2012,NONE,PASSENGER,PERSONAL,W,SLOW/STOP IN TRAFFIC,,,4,,,,,,,,,,,,,,,,,,REAR,,,,,,,,,,,,,,,,,,,,,,,,,,,,,,,,,
2135311,60d6929a74d8a02e3d67e2df9b1c3c824de8a107ebbfffe6be8be938cb0efec2747235440608ec88631263ce3c7db72cf841fd1317b5a0ed442e650d5d6899ab,08/23/2025 08:55:00 PM,1,DRIVER,,2035528,,TOYOTA,COROLLA,IL,2025,UNKNOWN,PASSENGER,PERSONAL,W,TURNING RIGHT,,,1,,,,,Y,,,,,,,,,,,,,FRONT-RIGHT-CORNER,,,,,,,,,,,,,,,,,,,,,,,,,,,,,,,,,
2135312,60d6929a74d8a02e3d67e2df9b1c3c824de8a107ebbfffe6be8be938cb0efec2747235440608ec88631263ce3c7db72cf841fd1317b5a0ed442e650d5d6899ab,08/23/2025 08:55:00 PM,2,DRIVER,1,2035535,,TOYOTA,RAV4,IL,2014,NONE,PASSENGER,PERSONAL,E,STRAIGHT AHEAD,,,2,,,,,,,,,,,,,,,Y,,,FRONT-LEFT-CORNER,,,,,,,,,,,,,,,,,,,,,,,,,,,,,,,,,
2137044,a6452e9c85318ded721586340127335c68c1f67d4898440f59449c1bd3990644e7400d6448549fb7e1ec5c2c44d87954cea7bb71341a7378093ced440d95f4f5,08/23/2025 08:55:00 PM,1,DRIVER,,2037196,,INFINITI,Q50,IL,2014,UNKNOWN,PASSENGER,PERSONAL,N,STRAIGHT AHEAD,,,1,,,,,,,,,,,,,,,,,Y,UNKNOWN,,,,,,,,,,,,,,,,,,,,,,,,,,,,,,,,,
2137045,a6452e9c85318ded721586340127335c68c1f67d4898440f59449c1bd3990644e7400d6448549fb7e1ec5c2c44d87954cea7bb71341a7378093ced440d95f4f5,08/23/2025 08:55:00 PM,2,DRIVER,,2037190,,HYUNDAI,TUCSON,IL,2025,NONE,PASSENGER,PERSONAL,N,STRAIGHT AHEAD,,,1,,,,,,,,,Y,Y,Y,,,,,,,REAR,,,,,,,,,,,,,,,,,,,,,,,,,,,,,,,,,
2135664,78953334a027a722f77f3607771f363c11051f7b3ad92fa4fe2ba0607c90f5c40e8ba78797930d60623672c2204009d9a283461d95c2749f10e7e921de6d6ea9,08/23/2025 08:53:00 PM,1,DRIVER,,2035868,,UNKNOWN,OTHER (EXPLAIN IN NARRATIVE),IL,,UNKNOWN,UNKNOWN/NA,UNKNOWN/NA,W,UNKNOWN/NA,,,1,,,,,,,,,,,,,,,,,,FRONT,,,,,,,,,,,,,,,,,,,,,,,,,,,,,,,,,
2135665,78953334a027a722f77f3607771f363c11051f7b3ad92fa4fe2ba0607c90f5c40e8ba78797930d60623672c2204009d9a283461d95c2749f10e7e921de6d6ea9,08/23/2025 08:53:00 PM,2,PARKED,,2035878,,KIA,OTHER (EXPLAIN IN NARRATIVE),MI,2025,UNKNOWN,PASSENGER,PERSONAL,UNKNOWN,PARKED,,,0,,,,,,,,,,,,,,Y,Y,Y,,FRONT-LEFT-CORNER,,,,,,,,,,,,,,,,,,,,,,,,,,,,,,,,,
2135666,78953334a027a722f77f3607771f363c11051f7b3ad92fa4fe2ba0607c90f5c40e8ba78797930d60623672c2204009d9a283461d95c2749f10e7e921de6d6ea9,08/23/2025 08:53:00 PM,3,PARKED,,2036316,,HONDA,ACCORD,IL,2012,NONE,PASSENGER,PERSONAL,N,PARKED,,,0,,,,,,,,,Y,Y,Y,Y,,,,,,REAR-LEFT-CORNER,,,,,,,,,,,,,,,,,,,,,,,,,,,,,,,,,
2135268,15e6ce9b2412afc02aea93fc08326c45df9d15f1ad3ba755d506343b41ed58d6aacdd33ca9341bd432ac1538bb3c41dcb30e584d226ccc8a43ef4086c80bcfe1,08/23/2025 08:52:00 PM,1,DRIVER,1,2035489,,TOYOTA,CAMRY,IL,2014,UNKNOWN,PASSENGER,PERSONAL,E,STRAIGHT AHEAD,,,2,,,,,Y,Y,Y,Y,,,,,,,,,,SIDE-RIGHT,,,,,,,,,,,,,,,,,,,,,,,,,,,,,,,,,
2135269,15e6ce9b2412afc02aea93fc08326c45df9d15f1ad3ba755d506343b41ed58d6aacdd33ca9341bd432ac1538bb3c41dcb30e584d226ccc8a43ef4086c80bcfe1,08/23/2025 08:52:00 PM,2,DRIVER,,2035493,,NOVA BUS,OTHER (EXPLAIN IN NARRATIVE),IL,2014,UNKNOWN,BUS OVER 15 PASS.,CTA,E,STRAIGHT AHEAD,,,1,,,,,,,,,,,,,,,Y,,,SIDE-LEFT-FRONT,,,,,,,,,,,,,,,,,,,,,,,,,,,,,,,,,
2135253,b30c22e569d4add0a175969f8aa677c685c9660e2323df57bb3ccd0973d471bc8725395f5207c3462764b363824b51bfb5d82cb2dd09aaae5e9d479b9ad61229,08/23/2025 08:51:00 PM,1,DRIVER,,2035474,,TOYOTA,CAMRY,,2017,NONE,PASSENGER,PERSONAL,E,STRAIGHT AHEAD,,,1,,,,,Y,,,,,,,,,,Y,Y,,FRONT,,,,,,,,,,,,,,,,,,,,,,,,,,,,,,,,,
2135254,b30c22e569d4add0a175969f8aa677c685c9660e2323df57bb3ccd0973d471bc8725395f5207c3462764b363824b51bfb5d82cb2dd09aaae5e9d479b9ad61229,08/23/2025 08:51:00 PM,2,PEDESTRIAN,,,,,,,,,,,,,,,,,,,,,,,,,,,,,,,,,,,,,,,,,,,,,,,,,,,,,,,,,,,,,,,,,,
2135244,731df297d350dd883931cb0a3bb33b12a509b35119728b0af086f0f1f01b97ab04032138a664e9cf2f8498f4590a232135976b66d52c90692eae0dc6564f1f27,08/23/2025 08:45:00 PM,1,DRIVER,1,2035465,,FORD,F350,IL,1999,NONE,TRUCK - SINGLE UNIT,CONSTRUCTION/MAINTENANCE,N,TURNING LEFT,,,2,,,,,Y,,,,,,,,,,,,,FRONT-RIGHT-CORNER,,,,,,,,,,,,,,,,,,,,,,,,,,,,,,,,,
2135245,731df297d350dd883931cb0a3bb33b12a509b35119728b0af086f0f1f01b97ab04032138a664e9cf2f8498f4590a232135976b66d52c90692eae0dc6564f1f27,08/23/2025 08:45:00 PM,2,DRIVER,,2035476,,HONDA,PRELUDE,IL,2014,NONE,SPORT UTILITY VEHICLE (SUV),PERSONAL,W,STRAIGHT AHEAD,,,1,,,,,,,,,,,,,,Y,Y,Y,,FRONT-LEFT-CORNER,,,,,,,,,,,,,,,,,,,,,,,,,,,,,,,,,
2135294,39d9430b30b1d50a2b50ad47d87e6efcd36e731737edb6c3332a641e4ecf49a82379cd8b70e94483dbc34503b1aad9463b8bc94e9fe878375fb367372a0d8170,08/23/2025 08:43:00 PM,1,DRIVER,,2035509,,FORD,ESCORT,IL,2008,UNKNOWN,PASSENGER,PERSONAL,E,STRAIGHT AHEAD,,,1,,,,,N,Y,,,,,,,,,N,,,SIDE-RIGHT,,,,,,,,,,,,,,,,,,,,,,,,,,,,,,,,,
2135295,39d9430b30b1d50a2b50ad47d87e6efcd36e731737edb6c3332a641e4ecf49a82379cd8b70e94483dbc34503b1aad9463b8bc94e9fe878375fb367372a0d8170,08/23/2025 08:43:00 PM,2,PARKED,1,2035513,,CADILLAC,ATS,IL,2013,UNKNOWN,PASSENGER,PERSONAL,E,PARKED,,,1,,,,,,,,,,,,,,Y,,,,SIDE-LEFT,,,,,,,,,,,,,,,,,,,,,,,,,,,,,,,,,
2135309,52bddfae4eb14e53b0d20cb8485fdb0b012907718786beb3521845969ed2e13d05a318becfd3a20180834707aba72c5a24ce9d122e1b5c36cd2c5ea07f4d8d90,08/23/2025 08:40:00 PM,1,DRIVER,,2035523,,TOYOTA,RAV4,IL,2014,UNKNOWN,PASSENGER,PERSONAL,E,STRAIGHT AHEAD,,,1,,,,,,,,,,,,,,,Y,,,FRONT-LEFT-CORNER,,,,,,,,,,,,,,,,,,,,,,,,,,,,,,,,,
2135310,52bddfae4eb14e53b0d20cb8485fdb0b012907718786beb3521845969ed2e13d05a318becfd3a20180834707aba72c5a24ce9d122e1b5c36cd2c5ea07f4d8d90,08/23/2025 08:40:00 PM,2,DRIVER,,2035525,,TOYOTA,COROLLA,IL,2025,NONE,PASSENGER,PERSONAL,S,STRAIGHT AHEAD,,,1,,,,,Y,,,,,,,,,,,,,FRONT-RIGHT-CORNER,,,,,,,,,,,,,,,,,,,,,,,,,,,,,,,,,