CRASH_UNIT_ID,CRASH_RECORD_ID,CRASH_DATE,UNIT_NO,UNIT_TYPE,NUM_PASSENGERS,VEHICLE_ID,CMRC_VEH_I,MAKE,MODEL,LIC_PLATE_STATE,VEHICLE_YEAR,VEHICLE_DEFECT,VEHICLE_TYPE,VEHICLE_USE,TRAVEL_DIRECTION,MANEUVER,TOWED_I,FIRE_I,OCCUPANT_CNT,EXCEED_SPEED_LIMIT_I,TOWED_BY,TOWED_TO,AREA_00_I,AREA_01_I,AREA_02_I,AREA_03_I,AREA_04_I,AREA_05_I,AREA_06_I,AREA_07_I,AREA_08_I,AREA_09_I,AREA_10_I,AREA_11_I,AREA_12_I,AREA_99_I,FIRST_CONTACT_POINT,CMV_ID,USDOT_NO,CCMC_NO,ILCC_NO,COMMERCIAL_SRC,GVWR,CARRIER_NAME,CARRIER_STATE,CARRIER_CITY,HAZMAT_PLACARDS_I,HAZMAT_NAME,UN_NO,HAZMAT_PRESENT_I,HAZMAT_REPORT_I,HAZMAT_REPORT_NO,MCS_REPORT_I,MCS_REPORT_NO,HAZMAT_VIO_CAUSE_CRASH_I,MCS_VIO_CAUSE_CRASH_I,IDOT_PERMIT_NO,WIDE_LOAD_I,TRAILER1_WIDTH,TRAILER2_WIDTH,TRAILER1_LENGTH,TRAILER2_LENGTH,TOTAL_VEHICLE_LENGTH,AXLE_CNT,VEHICLE_CONFIG,CARGO_BODY_TYPE,LOAD_TYPE,HAZMAT_OUT_OF_SERVICE_I,MCS_OUT_OF_SERVICE_I,HAZMAT_CLASS
2135581,2f7b482be98610a22fdfc43b0d692b080de485e0669c46e65c95e52fc6fed7b78574863bee2b9401a8786d9d4d0c013b57b9b0080da3a70281ca6cf6b3f4ae69,08/23/2025 08:38:00 PM,1,DRIVER,,2035799,,PORSCHE,1300,IL,2015,UNKNOWN,UNKNOWN/NA,UNKNOWN/NA,E,STRAIGHT AHEAD,,,1,,,,,,,,,,,Y,Y,,,,,Y,SIDE-LEFT-REAR,,,,,,,,,,,,,,,,,,,,,,,,,,,,,,,,,
2135582,2f7b482be98610a22fdfc43b0d692b080de485e0669c46e65c95e52fc6fed7b78574863bee2b9401a8786d9d4d0c013b57b9b0080da3a70281ca6cf6b3f4ae69,08/23/2025 08:38:00 PM,2,DRIVER,,2035796,,CHEVROLET,TRAX,IL,2025,UNKNOWN,PASSENGER,PERSONAL,W,STRAIGHT AHEAD,,,1,,,,,,,,,,,Y,Y,,,,,Y,SIDE-LEFT-REAR,,,,,,,,,,,,,,,,,,,,,,,,,,,,,,,,,
2135380,8bc502c2eaaa442385782f49afd502da6e47771793c38375462daa6154be29d82de3a3adbc98f9902bc48867c4b5bf0b91b32c00ac5add5426c24920551581c4,08/23/2025 08:35:00 PM,1,DRIVER,,2035598,,NISSAN,ROGUE,IL,2024,NONE,SPORT UTILITY VEHICLE (SUV),UNKNOWN/NA,W,STRAIGHT AHEAD,,,1,,,,,Y,Y,,,,,,,,,,,,FRONT-RIGHT-CORNER,,,,,,,,,,,,,,,,,,,,,,,,,,,,,,,,,
2135381,8bc502c2eaaa442385782f49afd502da6e47771793c38375462daa6154be29d82de3a3adbc98f9902bc48867c4b5bf0b91b32c00ac5add5426c24920551581c4,08/23/2025 08:35:00 PM,2,DRIVER,,2035605,,DODGE,JOURNEY,IL,2015,NONE,SPORT UTILITY VEHICLE (SUV),PERSONAL,S,STRAIGHT AHEAD,,,1,,,,,,,,,,,,,,,Y,,,FRONT-LEFT-CORNER,,,,,,,,,,,,,,,,,,,,,,,,,,,,,,,,,
2136425,e746ce66415f8989fe75a93bf1848c6902fe605687d5a528eaa6aa447b39e4c1a5442ebab7976711b9c76a4e863e21a96ac72fe29612a9b6b8d9d8538328b1f6,08/23/2025 08:31:00 PM,1,DRIVER,,2036615,,UNKNOWN,MOTORIZED,,,UNKNOWN,UNKNOWN/NA,UNKNOWN/NA,E,STRAIGHT AHEAD,,,1,,,,,,,,,,,,,,,,,Y,FRONT,,,,,,,,,,,,,,,,,,,,,,,,,,,,,,,,,
2136426,e746ce66415f8989fe75a93bf1848c6902fe605687d5a528eaa6aa447b39e4c1a5442ebab7976711b9c76a4e863e21a96ac72fe29612a9b6b8d9d8538328b1f6,08/23/2025 08:31:00 PM,2,DRIVER,,2036618,,HONDA,ODYSSEY,IL,2019,UNKNOWN,VAN/MINI-VAN,PERSONAL,N,STRAIGHT AHEAD,,,1,,,,,Y,Y,Y,Y,Y,,Y,Y,Y,Y,Y,,,SIDE-LEFT,,,,,,,,,,,,,,,,,,,,,,,,,,,,,,,,,
2138753,e746ce66415f8989fe75a93bf1848c6902fe605687d5a528eaa6aa447b39e4c1a5442ebab7976711b9c76a4e863e21a96ac72fe29612a9b6b8d9d8538328b1f6,08/23/2025 08:31:00 PM,3,PARKED,,2038807,,UNKNOWN,MOTORIZED,,,UNKNOWN,UNKNOWN/NA,UNKNOWN/NA,UNKNOWN,UNKNOWN/NA,,,0,,,,,,,,,,,,,,N,N,,Y,UNKNOWN,,,,,,,,,,,,,,,,,,,,,,,,,,,,,,,,,
2135255,465aa523acd751a605fbdbace4697de6e00a629bb425eaecc8e0d2cd5a6d21449fbbe7fcd9b1643746294b2264dfc6df1de05fe7c7481e5ff0eb2c32288d87f9,08/23/2025 08:30:00 PM,1,DRIVER,,2035478,,CHEVROLET,TRAX,IL,2025,NONE,PASSENGER,PERSONAL,S,BACKING,,,1,,,,,,,,,N,Y,Y,,,,,,,REAR-LEFT-CORNER,,,,,,,,,,,,,,,,,,,,,,,,,,,,,,,,,
2135256,465aa523acd751a605fbdbace4697de6e00a629bb425eaecc8e0d2cd5a6d21449fbbe7fcd9b1643746294b2264dfc6df1de05fe7c7481e5ff0eb2c32288d87f9,08/23/2025 08:30:00 PM,2,DRIVER,,2035482,,PORSCHE,911,IL,2015,NONE,PASSENGER,PERSONAL,N,BACKING,,,1,,,,,,,,,,Y,Y,,,,,,,REAR-LEFT-CORNER,,,,,,,,,,,,,,,,,,,,,,,,,,,,,,,,,
2137209,903355845c2685a76dd453b3a094abf9893c9e494d4173977f4fdde8aedaad1656986517b5edef57518b5de97a3f67a53eb5f4dc3a266abbea753de87f97006b,08/23/2025 08:30:00 PM,1,DRIVER,,2037345,,CHEVROLET,OTHER (EXPLAIN IN NARRATIVE),IL,2016,UNKNOWN,PASSENGER,UNKNOWN/NA,N,CHANGING LANES,,,1,,,,,,,,,,,,,,,,,Y,FRONT-LEFT-CORNER,,,,,,,,,,,,,,,,,,,,,,,,,,,,,,,,,
2137210,903355845c2685a76dd453b3a094abf9893c9e494d4173977f4fdde8aedaad1656986517b5edef57518b5de97a3f67a53eb5f4dc3a266abbea753de87f97006b,08/23/2025 08:30:00 PM,2,DRIVER,,2037357,,MERCEDES-BENZ,GLK350,IL,2012,UNKNOWN,PASSENGER,UNKNOWN/NA,N,STRAIGHT AHEAD,,,1,,,,,,Y,Y,,,,,,,,,,,SIDE-RIGHT,,,,,,,,,,,,,,,,,,,,,,,,,,,,,,,,,
2135316,b3e12d026a1764d4be251489faf4e49ba32a76d1cb7aa42244dd2e966a110f773bb02024c4240cea47ef1a54bab633c68c476e541ebaab6c4904168f8861efd2,08/23/2025 08:30:00 PM,1,DRIVER,,2035531,,KIA,TELLURIDE,IL,2022,UNKNOWN,SPORT UTILITY VEHICLE (SUV),UNKNOWN/NA,W,STRAIGHT AHEAD,,,1,,,,,,,,,,,,,,,,,Y,FRONT,,,,,,,,,,,,,,,,,,,,,,,,,,,,,,,,,
2135317,b3e12d026a1764d4be251489faf4e49ba32a76d1cb7aa42244dd2e966a110f773bb02024c4240cea47ef1a54bab633c68c476e541ebaab6c4904168f8861efd2,08/23/2025 08:30:00 PM,2,PARKED,,2035533,,TOYOTA,COROLLA,IL,2017,UNKNOWN,PASSENGER,NOT IN USE,E,PARKED,,,0,,,,,Y,,,,,,,,,,Y,Y,,FRONT,,,,,,,,,,,,,,,,,,,,,,,,,,,,,,,,,
2141035,4213e7f2e223e221bea7a6450d11f7f0d9658ae820db139f4017a5af641a468d0085e3dc765432c5a7902c2d5409ea121da8f1f02619191d0df64dc3357a6c98,08/23/2025 08:28:00 PM,1,DRIVER,,2040977,,NOVA BUS,OTHER (EXPLAIN IN NARRATIVE),IL,2022,NONE,BUS OVER 15 PASS.,CTA,N,U-TURN,,,1,,,,,Y,,,,,,,,,,,,,FRONT-RIGHT-CORNER,,,,,,,,,,,,,,,,,,,,,,,,,,,,,,,,,
2141036,4213e7f2e223e221bea7a6450d11f7f0d9658ae820db139f4017a5af641a468d0085e3dc765432c5a7902c2d5409ea121da8f1f02619191d0df64dc3357a6c98,08/23/2025 08:28:00 PM,2,DRIVER,1,2040978,,FORD,EXPLORER,IL,2014,NONE,SPORT UTILITY VEHICLE (SUV),PERSONAL,N,STRAIGHT AHEAD,Y,,2,,PRIVATE,UNKNOWN,,,,,,,,,Y,Y,Y,,,,SIDE-LEFT,,,,,,,,,,,,,,,,,,,,,,,,,,,,,,,,,
2135257,191c44e89d66a89be8f57c3868d9ea3fd0c328c893293d109ef975d0acf76f581a00048bacfb9d11ed59217748c46b724f7d17167433e7a90dc5f2362cf3df3e,08/23/2025 08:25:00 PM,1,DRIVER,,2035500,,CHEVROLET,TAHOE,IL,2002,NONE,PASSENGER,PERSONAL,E,STRAIGHT AHEAD,,,1,,,,,,,,,,,,Y,Y,Y,,,,SIDE-LEFT,,,,,,,,,,,,,,,,,,,,,,,,,,,,,,,,,
2135258,191c44e89d66a89be8f57c3868d9ea3fd0c328c893293d109ef975d0acf76f581a00048bacfb9d11ed59217748c46b724f7d17167433e7a90dc5f2362cf3df3e,08/23/2025 08:25:00 PM,2,DRIVER,,2035485,,HYUNDAI,ELANTRA,IL,2015,NONE,PASSENGER,PERSONAL,E,STRAIGHT AHEAD,,,1,,,,,N,Y,Y,Y,,,,,,,,,,SIDE-LEFT,,,,,,,,,,,,,,,,,,,,,,,,,,,,,,,,,
2135272,a0bf40fccb35e02cdc8be3952ca4fca8c8f8269eec2404a65acfa54b715f70e6068e57f49296b069208bbaced004fcd54fd87e7f1c07032c0285cb913257251b,08/23/2025 08:22:00 PM,1,DRIVER,,2035492,,SATURN,OTHER (EXPLAIN IN NARRATIVE),IL,2007,UNKNOWN,PASSENGER,PERSONAL,N,STRAIGHT AHEAD,,,1,,,,,Y,Y,,,,,,,,,,,,FRONT-RIGHT-CORNER,,,,,,,,,,,,,,,,,,,,,,,,,,,,,,,,,
2135273,a0bf40fccb35e02cdc8be3952ca4fca8c8f8269eec2404a65acfa54b715f70e6068e57f49296b069208bbaced004fcd54fd87e7f1c07032c0285cb913257251b,08/23/2025 08:22:00 PM,2,PARKED,1,2035501,,CADILLAC,OTHER (EXPLAIN IN NARRATIVE),IL,2006,NONE,PASSENGER,PERSONAL,N,PARKED,,,1,,,,,,,,,,,Y,,,,,,,REAR-LEFT-CORNER,,,,,,,,,,,,,,,,,,,,,,,,,,,,,,,,,
2135660,c6f1d92b8ab4e32c49285020b569233e0a198c4bdda10713e8a1c4638688df3487c41de29366f86828348eaed2a0adeadc2c1d477db9d88ffac201eb0089f641,08/23/2025 08:17:00 PM,1,DRIVER,,2035880,,CHEVROLET,IMPALA,IL,2010,NONE,PASSENGER,PERSONAL,N,BACKING,,,1,,,,,,,,,Y,,,,,,,,,REAR-RIGHT-CORNER,,,,,,,,,,,,,,,,,,,,,,,,,,,,,,,,,
2135661,c6f1d92b8ab4e32c49285020b569233e0a198c4bdda10713e8a1c4638688df3487c41de29366f86828348eaed2a0adeadc2c1d477db9d88ffac201eb0089f641,08/23/2025 08:17:00 PM,2,PARKED,,2035891,,TOYOTA,CORONA,IL,2016,NONE,PASSENGER,PERSONAL,S,PARKED,,,0,,,,,,,,,,,,Y,Y,Y,,,,SIDE-LEFT,,,,,,,,,,,,,,,,,,,,,,,,,,,,,,,,,
2135225,9d099d8ff271226c16e38dbbfbfa683001623fc839f0f9147311ea6f6636fc61cc39b3ffaf2f417d3910c32d08098a085717f9aee534ebac0a9cbf81680fa3f1,08/23/2025 08:11:00 PM,2,DRIVER,,2035451,,CHEVROLET,IMPALA,IL,2008,NONE,PASSENGER,PERSONAL,S,STRAIGHT AHEAD,,,1,,,,,Y,,,,,,,,,,Y,Y,,FRONT,,,,,,,,,,,,,,,,,,,,,,,,,,,,,,,,,
2135226,9d099d8ff271226c16e38dbbfbfa683001623fc839f0f9147311ea6f6636fc61cc39b3ffaf2f417d3910c32d08098a085717f9aee534ebac0a9cbf81680fa3f1,08/23/2025 08:11:00 PM,1,DRIVER,1,2035453,,KIA,OPTIMA / K5,IL,2021,NONE,PASSENGER,PERSONAL,W,STRAIGHT AHEAD,,,2,,,,,,,Y,Y,Y,,,,,,,,,SIDE-RIGHT-REAR,,,,,,,,,,,,,,,,,,,,,,,,,,,,,,,,,
2135274,201bacda95963100426dafcc40d4793acf17ebc32eacbb430ce99da6c69ea85151b489bfab79fb69a210e60b88982673222297f41ed0e0e8ac659f8bbf2b4883,08/23/2025 08:10:00 PM,1,DRIVER,,2035491,,ACURA,ADX,,,UNKNOWN,PASSENGER,UNKNOWN/NA,W,CHANGING LANES,,,1,,,,,,,,,,,,,,,Y,,,FRONT-LEFT-CORNER,,,,,,,,,,,,,,,,,,,,,,,,,,,,,,,,,
2135275,201bacda95963100426dafcc40d4793acf17ebc32eacbb430ce99da6c69ea85151b489bfab79fb69a210e60b88982673222297f41ed0e0e8ac659f8bbf2b4883,08/23/2025 08:10:00 PM,2,DRIVER,,2035497,,TOYOTA,CAMRY,,,UNKNOWN,PASSENGER,PERSONAL,W,STRAIGHT AHEAD,,,1,,,,,,,Y,,,,,,,,,,,SIDE-LEFT,,,,,,,,,,,,,,,,,,,,,,,,,,,,,,,,,
2135524,b239088f1b590660981dd30e6413f873b3b8202867d26da0e4702e8b338472a81416192314c140837046b82c322fd87901e6cde94daad2b41c06520a649c3bc2,08/23/2025 08:10:00 PM,1,DRIVER,,2035743,,NISSAN,OTHER (EXPLAIN IN NARRATIVE),IL,2017,UNKNOWN,PASSENGER,PERSONAL,N,STRAIGHT AHEAD,,,1,,,,,Y,,,,,,,,,,Y,Y,,FRONT,,,,,,,,,,,,,,,,,,,,,,,,,,,,,,,,,
2135525,b239088f1b590660981dd30e6413f873b3b8202867d26da0e4702e8b338472a81416192314c140837046b82c322fd87901e6cde94daad2b41c06520a649c3bc2,08/23/2025 08:10:00 PM,2,DRIVER,,2035752,,CHEVROLET,EQUINOX,IL,2010,UNKNOWN,PASSENGER,PERSONAL,N,STRAIGHT AHEAD,,,1,,,,,,,,,Y,Y,Y,,,,,,,REAR,,,,,,,,,,,,,,,,,,,,,,,,,,,,,,,,,
2135250,52cdadc06bf1c737d3c911046d699e89d572cdc3925cde4421f43a10f008287a8bbc244685e88b69f089357f8e1cb8d03fa7ad9420c5fdf6832dafb496275ebe,08/23/2025 08:07:00 PM,1,DRIVER,,2035471,,BMW,OTHER (EXPLAIN IN NARRATIVE),IL,2017,OTHER,PASSENGER,PERSONAL,E,AVOIDING VEHICLES/OBJECTS,Y,,1,,UNKNOWN,UNKNOWN,,Y,Y,,,,,,,,,,,,FRONT-RIGHT-CORNER,,,,,,,,,,,,,,,,,,,,,,,,,,,,,,,,,
2135251,52cdadc06bf1c737d3c911046d699e89d572cdc3925cde4421f43a10f008287a8bbc244685e88b69f089357f8e1cb8d03fa7ad9420c5fdf6832dafb496275ebe,08/23/2025 08:07:00 PM,2,PARKED,,2035475,,FORD,FOCUS,IL,2012,UNKNOWN,PASSENGER,PERSONAL,E,PARKED,,,0,,,,,,,,,,,Y,Y,,,,,,SIDE-LEFT-REAR,,,,,,,,,,,,,,,,,,,,,,,,,,,,,,,,,
2135252,52cdadc06bf1c737d3c911046d699e89d572cdc3925cde4421f43a10f008287a8bbc244685e88b69f089357f8e1cb8d03fa7ad9420c5fdf6832dafb496275ebe,08/23/2025 08:07:00 PM,3,PARKED,,2035477,,CHEVROLET,OTHER (EXPLAIN IN NARRATIVE),IL,2013,OTHER,SPORT UTILITY VEHICLE (SUV),PERSONAL,E,PARKED,,,0,,,,,,,,,,,,,,Y,Y,,,FRONT-LEFT-CORNER,,,,,,,,,,,,,,,,,,,,,,,,,,,,,,,,,
2135329,e377d29a3056f42715f622ff485fa3b9d1612faaadf63db1b17bf33a0fbe86204f0aaf22ca403bf34c1c1afd882bf78bc6e39d49856e44a555d42202d9e2d3e7,08/23/2025 08:07:00 PM,1,DRIVER,1,2035555,,NISSAN,OTHER (EXPLAIN IN NARRATIVE),IL,2013,NONE,PASSENGER,PERSONAL,N,BACKING,,,2,,,,,,,,,,,Y,Y,,Y,Y,,,SIDE-LEFT-REAR,,,,,,,,,,,,,,,,,,,,,,,,,,,,,,,,,
2135330,e377d29a3056f42715f622ff485fa3b9d1612faaadf63db1b17bf33a0fbe86204f0aaf22ca403bf34c1c1afd882bf78bc6e39d49856e44a555d42202d9e2d3e7,08/23/2025 08:07:00 PM,2,PARKED,1,2035565,,MERCEDES-BENZ,OTHER (EXPLAIN IN NARRATIVE),IL,2019,NONE,PASSENGER,PERSONAL,S,PARKED,,,1,,,,,,,,,,,,,,Y,Y,,,FRONT-LEFT-CORNER,,,,,,,,,,,,,,,,,,,,,,,,,,,,,,,,,
2135378,990b3648943d8ccdbda56ebc931863dee006e44e01e9932bcd202a347a0bc503ed7943d458948d798366b01d13f982f7e4bc406fc4d296dc42da11d1d9bf9c60,08/23/2025 08:00:00 PM,1,DRIVER,1,2035597,,HONDA,ACCORD,IL,2018,UNKNOWN,PASSENGER,PERSONAL,E,PASSING/OVERTAKING,,,2,,,,,,,Y,Y,Y,,,,,,,,,SIDE-RIGHT,,,,,,,,,,,,,,,,,,,,,,,,,,,,,,,,,
2135379,990b3648943d8ccdbda56ebc931863dee006e44e01e9932bcd202a347a0bc503ed7943d458948d798366b01d13f982f7e4bc406fc4d296dc42da11d1d9bf9c60,08/23/2025 08:00:00 PM,2,DRIVER,,2035612,,HYUNDAI,VENUE,IL,2025,NONE,PASSENGER,PERSONAL,N,STRAIGHT AHEAD,,,1,,,,,Y,,,,,,,,,,Y,Y,,FRONT,,,,,,,,,,,,,,,,,,,,,,,,,,,,,,,,,
2135240,d3d96a28199dba20bc61af0021ef706d0074095217eac82f7bc50fc34cb182c6b25010d9447369da3833fd84dd39d398385730a36ae5aaca47d218f8852f8bb1,08/23/2025 08:00:00 PM,1,DRIVER,,2035469,,BENTLEY,BENTAYGA,,,UNKNOWN,PASSENGER,UNKNOWN/NA,S,OTHER,,,1,,,,,Y,,,,,,,,,,N,,,FRONT-RIGHT-CORNER,,,,,,,,,,,,,,,,,,,,,,,,,,,,,,,,,
2135241,d3d96a28199dba20bc61af0021ef706d0074095217eac82f7bc50fc34cb182c6b25010d9447369da3833fd84dd39d398385730a36ae5aaca47d218f8852f8bb1,08/23/2025 08:00:00 PM,2,DRIVER,,2035462,,FORD,EXPEDITION,IL,,UNKNOWN,PASSENGER,COMMERCIAL - SINGLE UNIT,S,TURNING LEFT,,,1,,,,,,,,,,,,,Y,Y,,,,SIDE-LEFT,,,,,,,,,,,,,,,,,,,,,,,,,,,,,,,,,
2135219,675b36f9fb93786495c7ecc20bb833090442ab1aaf6d2d884f9f891642d52f59a2b1f0d4143f1fd9f6b6c34e4f153e819071549611edc72fafa3dd198c45c714,08/23/2025 07:58:00 PM,1,DRIVER,,2035438,,UNKNOWN,OTHER (EXPLAIN IN NARRATIVE),IL,,UNKNOWN,UNKNOWN/NA,UNKNOWN/NA,UNKNOWN,UNKNOWN/NA,,,1,,,,,,,,,,,,,,,,,,UNKNOWN,,,,,,,,,,,,,,,,,,,,,,,,,,,,,,,,,
2135220,675b36f9fb93786495c7ecc20bb833090442ab1aaf6d2d884f9f891642d52f59a2b1f0d4143f1fd9f6b6c34e4f153e819071549611edc72fafa3dd198c45c714,08/23/2025 07:58:00 PM,2,PARKED,,2035440,,NISSAN,VERSA,IL,2016,UNKNOWN,PASSENGER,PERSONAL,N,PARKED,,,0,,,,,,,,,,Y,Y,Y,Y,Y,Y,Y,,SIDE-LEFT,,,,,,,,,,,,,,,,,,,,,,,,,,,,,,,,,
2135518,45e5c4eae30c062a9c1c7947449568d7adc5164ee476d01dfd95037c2f0674736d304b5798aeee141e0cb4718b7fe7edd8210635e4be9017acd09b9e23f63014,08/23/2025 07:53:00 PM,1,DRIVER,,2035737,,FORD,EXPEDITION,IL,2024,UNKNOWN,PASSENGER,PERSONAL,N,CHANGING LANES,,,1,,,,,,,,,,,Y,Y,Y,Y,Y,,,SIDE-LEFT,,,,,,,,,,,,,,,,,,,,,,,,,,,,,,,,,
2135519,45e5c4eae30c062a9c1c7947449568d7adc5164ee476d01dfd95037c2f0674736d304b5798aeee141e0cb4718b7fe7edd8210635e4be9017acd09b9e23f63014,08/23/2025 07:53:00 PM,2,DRIVER,1,2035738,,BENTLEY,BENTAYGA,IL,2017,UNKNOWN,PASSENGER,PERSONAL,N,STRAIGHT AHEAD,,,2,,,,,Y,Y,Y,Y,,,,,,,,,,SIDE-RIGHT,,,,,,,,,,,,,,,,,,,,,,,,,,,,,,,,,
2135262,784714b4a0fb59100386761a69d16030bf671b66579d090b8cf316945659cf66f0fa9e3deed40802a501d307d8781cbc6b01ce03bff27962dc66fec4577894ed,08/23/2025 07:45:00 PM,1,DRIVER,,2035573,,NISSAN,VERSA,IL,2011,UNKNOWN,PASSENGER,PERSONAL,N,STRAIGHT AHEAD,,,1,,,,,,,,,,,,,,,,Y,,FRONT,,,,,,,,,,,,,,,,,,,,,,,,,,,,,,,,,
2135263,784714b4a0fb59100386761a69d16030bf671b66579d090b8cf316945659cf66f0fa9e3deed40802a501d307d8781cbc6b01ce03bff27962dc66fec4577894ed,08/23/2025 07:45:00 PM,2,DRIVER,2,2035577,,CHEVROLET,MALIBU,IL,2013,NONE,PASSENGER,PERSONAL,N,SLOW/STOP IN TRAFFIC,,,3,,,,,,,,,,Y,,,,,,,,REAR,,,,,,,,,,,,,,,,,,,,,,,,,,,,,,,,,
2135276,cdc5f1155543882c6d9df220d34239036226b7451ff164e28799dc912e3886ac568773d9d614ad371b5d1b61ae52b022727dc9523a9b1ca8c59459d56291194f,08/23/2025 07:44:00 PM,1,DRIVER,,2035507,,FORD,EXPEDITION,IL,2008,UNKNOWN,PASSENGER,PERSONAL,E,STRAIGHT AHEAD,,,1,,,,,,,,Y,,,,,,,,,,SIDE-RIGHT-REAR,,,,,,,,,,,,,,,,,,,,,,,,,,,,,,,,,
2135277,cdc5f1155543882c6d9df220d34239036226b7451ff164e28799dc912e3886ac568773d9d614ad371b5d1b61ae52b022727dc9523a9b1ca8c59459d56291194f,08/23/2025 07:44:00 PM,2,DRIVER,1,2035519,,NISSAN,ALTIMA,FL,2024,UNKNOWN,PASSENGER,PERSONAL,N,STRAIGHT AHEAD,,,2,,,,,,,,,,,,,,,,Y,,FRONT,,,,,,,,,,,,,,,,,,,,,,,,,,,,,,,,,
2135259,1b0089ee77216ebc8e091728b1f9495b8cc183d97bcc529dbe68dc680df0513740b83056969a844eee222a87b9a968231694dc8a0569b122dd3bc9b74a952f8d,08/23/2025 07:40:00 PM,1,DRIVER,3,2035479,,UNKNOWN,ENCLOSED BODY,,,UNKNOWN,UNKNOWN/NA,UNKNOWN/NA,S,UNKNOWN/NA,,,4,,,,,,,,,,,,,,,,,Y,UNKNOWN,,,,,,,,,,,,,,,,,,,,,,,,,,,,,,,,,
2135260,1b0089ee77216ebc8e091728b1f9495b8cc183d97bcc529dbe68dc680df0513740b83056969a844eee222a87b9a968231694dc8a0569b122dd3bc9b74a952f8d,08/23/2025 07:40:00 PM,2,PARKED,,2035487,,TOYOTA,COROLLA,IL,2005,NONE,PASSENGER,PERSONAL,S,PARKED,Y,,0,,INSURANCE,,,,,,,,,Y,Y,Y,Y,Y,,,SIDE-LEFT,,,,,,,,,,,,,,,,,,,,,,,,,,,,,,,,,
2135261,1b0089ee77216ebc8e091728b1f9495b8cc183d97bcc529dbe68dc680df0513740b83056969a844eee222a87b9a968231694dc8a0569b122dd3bc9b74a952f8d,08/23/2025 07:40:00 PM,3,PARKED,,2035494,,TOYOTA,RAV4,IL,2018,NONE,PASSENGER,PERSONAL,S,PARKED,,,0,,,,,,,,,,,,,,,Y,Y,,FRONT-LEFT-CORNER,,,,,,,,,,,,,,,,,,,,,,,,,,,,,,,,,
2135270,9dd7e849d19e78655d95c9f72d26b0e426fbd8cf0d5f7f5ad2aa87ca60e7a3517eb774fafa0e69b6e4662f84436e95fdaded9e8d72196e01001d839eefd598ec,08/23/2025 07:40:00 PM,1,DRIVER,,2035490,,UNKNOWN,OTHER (EXPLAIN IN NARRATIVE),XX,,UNKNOWN,UNKNOWN/NA,UNKNOWN/NA,N,STRAIGHT AHEAD,,,1,,,,,,,,,,,,,,,,,Y,UNKNOWN,,,,,,,,,,,,,,,,,,,,,,,,,,,,,,,,,
2135271,9dd7e849d19e78655d95c9f72d26b0e426fbd8cf0d5f7f5ad2aa87ca60e7a3517eb774fafa0e69b6e4662f84436e95fdaded9e8d72196e01001d839eefd598ec,08/23/2025 07:40:00 PM,2,PARKED,,2035496,,NISSAN,SENTRA,IL,2016,NONE,PASSENGER,PERSONAL,N,PARKED,Y,,0,,SMOOTH TOWING INC,6717 S SOUTH CHICAGO AVE,,,,,,,,,,,Y,Y,,,FRONT-LEFT-CORNER,,,,,,,,,,,,,,,,,,,,,,,,,,,,,,,,,
2135229,fc98b007bd746b1e5619af89b67a8f7a2fa240d77cf3013243043b37ad6645675dacf4011bfd8debd358aa82d5df6078604e0d9fa9d2832e3c12a883357cf107,08/23/2025 07:38:00 PM,1,DRIVER,1,2035456,,TOYOTA,CAMRY,IL,2012,UNKNOWN,PASSENGER,UNKNOWN/NA,SW,TURNING LEFT,Y,,2,,STREETS AND SANITATION,,,Y,,,,,,Y,Y,,,Y,Y,,FRONT,,,,,,,,,,,,,,,,,,,,,,,,,,,,,,,,,
2135230,fc98b007bd746b1e5619af89b67a8f7a2fa240d77cf3013243043b37ad6645675dacf4011bfd8debd358aa82d5df6078604e0d9fa9d2832e3c12a883357cf107,08/23/2025 07:38:00 PM,2,PARKED,,2035459,,HYUNDAI,SANTA FE,IL,2017,UNKNOWN,PASSENGER,NOT IN USE,W,PARKED,Y,,0,,,,,N,,,,Y,Y,Y,Y,Y,,Y,N,,REAR-RIGHT-CORNER,,,,,,,,,,,,,,,,,,,,,,,,,,,,,,,,,
2135231,fc98b007bd746b1e5619af89b67a8f7a2fa240d77cf3013243043b37ad6645675dacf4011bfd8debd358aa82d5df6078604e0d9fa9d2832e3c12a883357cf107,08/23/2025 07:38:00 PM,3,PARKED,,2035460,,HONDA,ACCORD,IL,2021,UNKNOWN,PASSENGER,NOT IN USE,W,PARKED,,,0,,,,,Y,,,,,,,,,,,,,FRONT-RIGHT-CORNER,,,,,,,,,,,,,,,,,,,,,,,,,,,,,,,,,
2135232,fc98b007bd746b1e5619af89b67a8f7a2fa240d77cf3013243043b37ad6645675dacf4011bfd8debd358aa82d5df6078604e0d9fa9d2832e3c12a883357cf107,08/23/2025 07:38:00 PM,4,PARKED,,2035467,,TOYOTA,PRIUS,IL,2009,NONE,PASSENGER,NOT IN USE,W,PARKED,,,0,,,,,,,,,Y,Y,Y,,,,,Y,,REAR,,,,,,,,,,,,,,,,,,,,,,,,,,,,,,,,,