CRASH_UNIT_ID,CRASH_RECORD_ID,CRASH_DATE,UNIT_NO,UNIT_TYPE,NUM_PASSENGERS,VEHICLE_ID,CMRC_VEH_I,MAKE,MODEL,LIC_PLATE_STATE,VEHICLE_YEAR,VEHICLE_DEFECT,VEHICLE_TYPE,VEHICLE_USE,TRAVEL_DIRECTION,MANEUVER,TOWED_I,FIRE_I,OCCUPANT_CNT,EXCEED_SPEED_LIMIT_I,TOWED_BY,TOWED_TO,AREA_00_I,AREA_01_I,AREA_02_I,AREA_03_I,AREA_04_I,AREA_05_I,AREA_06_I,AREA_07_I,AREA_08_I,AREA_09_I,AREA_10_I,AREA_11_I,AREA_12_I,AREA_99_I,FIRST_CONTACT_POINT,CMV_ID,USDOT_NO,CCMC_NO,ILCC_NO,COMMERCIAL_SRC,GVWR,CARRIER_NAME,CARRIER_STATE,CARRIER_CITY,HAZMAT_PLACARDS_I,HAZMAT_NAME,UN_NO,HAZMAT_PRESENT_I,HAZMAT_REPORT_I,HAZMAT_REPORT_NO,MCS_REPORT_I,MCS_REPORT_NO,HAZMAT_VIO_CAUSE_CRASH_I,MCS_VIO_CAUSE_CRASH_I,IDOT_PERMIT_NO,WIDE_LOAD_I,TRAILER1_WIDTH,TRAILER2_WIDTH,TRAILER1_LENGTH,TRAILER2_LENGTH,TOTAL_VEHICLE_LENGTH,AXLE_CNT,VEHICLE_CONFIG,CARGO_BODY_TYPE,LOAD_TYPE,HAZMAT_OUT_OF_SERVICE_I,MCS_OUT_OF_SERVICE_I,HAZMAT_CLASS
2135233,fc98b007bd746b1e5619af89b67a8f7a2fa240d77cf3013243043b37ad6645675dacf4011bfd8debd358aa82d5df6078604e0d9fa9d2832e3c12a883357cf107,08/23/2025 07:38:00 PM,5,PARKED,,2035472,,HONDA,ACCORD,IL,2017,UNKNOWN,PASSENGER,NOT IN USE,W,PARKED,,,0,,,,,,,,,,Y,,,,,,,,REAR,,,,,,,,,,,,,,,,,,,,,,,,,,,,,,,,,
2135217,5206057a7bfd6ec81b862e2ee49851cf2603c53b826b05f0eb442acf280b3218a35e49d8fa3f11b832ff0fbeb40b3ebd3cba5781e252abf65c14ad38a32b6cb7,08/23/2025 07:37:00 PM,1,DRIVER,1,2035443,,MERCEDES-BENZ,OTHER (EXPLAIN IN NARRATIVE),IL,2006,UNKNOWN,PASSENGER,UNKNOWN/NA,S,UNKNOWN/NA,Y,,2,,,,,Y,,,,,,,,,,Y,Y,,FRONT,,,,,,,,,,,,,,,,,,,,,,,,,,,,,,,,,
2135218,5206057a7bfd6ec81b862e2ee49851cf2603c53b826b05f0eb442acf280b3218a35e49d8fa3f11b832ff0fbeb40b3ebd3cba5781e252abf65c14ad38a32b6cb7,08/23/2025 07:37:00 PM,2,PARKED,,2035447,,VOLKSWAGEN,TIGUAN,IL,2017,UNKNOWN,PASSENGER,UNKNOWN/NA,UNKNOWN,PARKED,,,0,,,,,,,,,Y,,,,,,,,,SIDE-RIGHT-REAR,,,,,,,,,,,,,,,,,,,,,,,,,,,,,,,,,
2135246,42fd639ed23d86c34d520e5cce17218cb0806d7799865c32566c32b807b2c8d239408bb23d0dc5c64355d10aa6f8e41dcd97ad5823fc0b17526903c690309968,08/23/2025 07:30:00 PM,1,DRIVER,,2035466,,HONDA,CR-V,IL,2014,UNKNOWN,SPORT UTILITY VEHICLE (SUV),UNKNOWN/NA,E,STRAIGHT AHEAD,,,1,,,,,Y,,,,,,,,,,Y,Y,,FRONT,,,,,,,,,,,,,,,,,,,,,,,,,,,,,,,,,
2135247,42fd639ed23d86c34d520e5cce17218cb0806d7799865c32566c32b807b2c8d239408bb23d0dc5c64355d10aa6f8e41dcd97ad5823fc0b17526903c690309968,08/23/2025 07:30:00 PM,2,DRIVER,2,2035470,,LEXUS,GS350,IL,2014,UNKNOWN,PASSENGER,RIDESHARE SERVICE,S,STRAIGHT AHEAD,,,3,,,,,,,Y,Y,Y,,,,,,,,,REAR-RIGHT-CORNER,,,,,,,,,,,,,,,,,,,,,,,,,,,,,,,,,
2135238,50c9e3b33e8cdc29d2f4f8353310a6d179d6d360651dfd10f54e9ee07ddca6fa568aa6f5240f407e38995422dffd3b6adfa20d76690e75bf335b1a61fc61589f,08/23/2025 07:30:00 PM,1,DRIVER,,2035461,,KIA,SORENTO,IL,2017,UNKNOWN,SPORT UTILITY VEHICLE (SUV),PERSONAL,W,CHANGING LANES,,,1,,,,,,,,,Y,Y,,,,,,,,REAR-RIGHT-CORNER,,,,,,,,,,,,,,,,,,,,,,,,,,,,,,,,,
2135239,50c9e3b33e8cdc29d2f4f8353310a6d179d6d360651dfd10f54e9ee07ddca6fa568aa6f5240f407e38995422dffd3b6adfa20d76690e75bf335b1a61fc61589f,08/23/2025 07:30:00 PM,2,DRIVER,,2035468,,CHEVROLET,CAPRICE,IL,1987,UNKNOWN,PASSENGER,PERSONAL,W,STRAIGHT AHEAD,Y,,1,,owner,Driven to close carshop,,,,,,,,,,,Y,Y,,,FRONT-LEFT-CORNER,,,,,,,,,,,,,,,,,,,,,,,,,,,,,,,,,
2135300,ab5bdb15a69f654b3dd622c198b6a765d07cdf500aec6d1a232b89895981a8fb7ac3a90a3431b85ac00379ea5f6470ebb7127889e965d203cef46e3489d1d74f,08/23/2025 07:30:00 PM,1,DRIVER,,2035512,,CHEVROLET,MALIBU,FL,2023,UNKNOWN,PASSENGER,PERSONAL,W,STRAIGHT AHEAD,,,1,,,,,,,,,,,,,Y,,,,,SIDE-LEFT,,,,,,,,,,,,,,,,,,,,,,,,,,,,,,,,,
2135301,ab5bdb15a69f654b3dd622c198b6a765d07cdf500aec6d1a232b89895981a8fb7ac3a90a3431b85ac00379ea5f6470ebb7127889e965d203cef46e3489d1d74f,08/23/2025 07:30:00 PM,2,DRIVER,,2035521,,CHEVROLET,OTHER (EXPLAIN IN NARRATIVE),,1998,UNKNOWN,UNKNOWN/NA,OTHER,W,STRAIGHT AHEAD,,,1,,,,,Y,,,,,,,,,,,,,FRONT-RIGHT-CORNER,,,,,,,,,,,,,,,,,,,,,,,,,,,,,,,,,
2135197,b27d8266e3873753fd0711fca2175ca34f121cd3c1cb94175d805be74338087ba98b508f8e8a5176ecbf3fd7797ab0ed16f19d3f3d6de8b674a431a1064e5fc1,08/23/2025 07:30:00 PM,1,DRIVER,1,2035416,,HONDA,ACCORD,IL,2009,NONE,PASSENGER,PERSONAL,N,ENTERING TRAFFIC LANE FROM PARKING,,,2,,,,,,,,,,,,,,,Y,,,FRONT-LEFT-CORNER,,,,,,,,,,,,,,,,,,,,,,,,,,,,,,,,,
2135198,b27d8266e3873753fd0711fca2175ca34f121cd3c1cb94175d805be74338087ba98b508f8e8a5176ecbf3fd7797ab0ed16f19d3f3d6de8b674a431a1064e5fc1,08/23/2025 07:30:00 PM,2,DRIVER,,2035420,,FORD,ESCAPE,IL,2021,NONE,PASSENGER,PERSONAL,N,STRAIGHT AHEAD,,,1,,,,,Y,,,,,,,,,,,,,FRONT-RIGHT-CORNER,,,,,,,,,,,,,,,,,,,,,,,,,,,,,,,,,
2140045,ba42080e63efb8de5c32221cabbab285f609cb3dbc6f802c65aaa87b60a1bf81f25892270936ff97ee534b9cbcff206311b2c9fa5f5d2be31fbc8d337295e024,08/23/2025 07:30:00 PM,1,DRIVER,,2040035,,TESLA,MODEL 3,IL,2023,UNKNOWN,PASSENGER,PERSONAL,W,STRAIGHT AHEAD,,,1,,,,,,,,,,,,,,,,Y,Y,FRONT,,,,,,,,,,,,,,,,,,,,,,,,,,,,,,,,,
2140046,ba42080e63efb8de5c32221cabbab285f609cb3dbc6f802c65aaa87b60a1bf81f25892270936ff97ee534b9cbcff206311b2c9fa5f5d2be31fbc8d337295e024,08/23/2025 07:30:00 PM,2,DRIVER,,2040037,,MERCEDES-BENZ,350 SERIES,IL,2023,NONE,PASSENGER,PERSONAL,W,STRAIGHT AHEAD,,,1,,,,,,,,,,Y,,,,,,,,REAR,,,,,,,,,,,,,,,,,,,,,,,,,,,,,,,,,
2135248,f9cefc22268f0bec40a51f2e0bee4ea5abb9184bc2b8af90920ca45447714df1ef21933538dedf9ebc2f08e081612713b26590da605d3ee38b5c58bba6de0ea6,08/23/2025 07:30:00 PM,1,DRIVER,,2035473,,GENERAL MOTORS CORPORATION (GMC),ENVOY,IL,2004,OTHER,SPORT UTILITY VEHICLE (SUV),PERSONAL,W,TURNING ON RED,Y,,1,,PRIVATE TOW,,,Y,,,,,,,,,,Y,Y,,FRONT,,,,,,,,,,,,,,,,,,,,,,,,,,,,,,,,,
2135249,f9cefc22268f0bec40a51f2e0bee4ea5abb9184bc2b8af90920ca45447714df1ef21933538dedf9ebc2f08e081612713b26590da605d3ee38b5c58bba6de0ea6,08/23/2025 07:30:00 PM,2,DRIVER,1,2035484,,FORD,EDGE,IL,2014,NONE,SPORT UTILITY VEHICLE (SUV),PERSONAL,S,STRAIGHT AHEAD,Y,,2,,PRIVATE TOW,,,Y,,,,,,,,Y,Y,Y,Y,,SIDE-RIGHT-FRONT,,,,,,,,,,,,,,,,,,,,,,,,,,,,,,,,,
2135242,81f104a93188b8a106d86130fcf0014f3e27efbd4b6957819338a72ad46574a2ea0cb0ec2261ecc4cb61fcb4c57a409083cf1fbb45158f139d1d838aee4236d0,08/23/2025 07:24:00 PM,1,DRIVER,,2035463,,TOYOTA,SOLARA,,,UNKNOWN,PASSENGER,UNKNOWN/NA,S,STRAIGHT AHEAD,,,1,,,,,,,,,,,,,,,,,,FRONT-RIGHT-CORNER,,,,,,,,,,,,,,,,,,,,,,,,,,,,,,,,,
2135243,81f104a93188b8a106d86130fcf0014f3e27efbd4b6957819338a72ad46574a2ea0cb0ec2261ecc4cb61fcb4c57a409083cf1fbb45158f139d1d838aee4236d0,08/23/2025 07:24:00 PM,2,PARKED,,2035464,,FORD,FUSION,IL,2019,NONE,PASSENGER,NOT IN USE,S,PARKED,,,0,,,,,,,,,,,,,,,,,,REAR-LEFT-CORNER,,,,,,,,,,,,,,,,,,,,,,,,,,,,,,,,,
2135227,990d723040a6050d34a792ad497a35bf3567fe3778d70112ddf2f723a5785a9acf7061d8cc540727d871303ccb1b2c527cbfc0c8e2a3d69b225399fb8a8a6e27,08/23/2025 07:20:00 PM,1,DRIVER,,2035449,,UNKNOWN,OTHER (EXPLAIN IN NARRATIVE),IL,,UNKNOWN,UNKNOWN/NA,UNKNOWN/NA,UNKNOWN,UNKNOWN/NA,,,1,,,,,,,,,,,,,,,,,,UNKNOWN,,,,,,,,,,,,,,,,,,,,,,,,,,,,,,,,,
2135228,990d723040a6050d34a792ad497a35bf3567fe3778d70112ddf2f723a5785a9acf7061d8cc540727d871303ccb1b2c527cbfc0c8e2a3d69b225399fb8a8a6e27,08/23/2025 07:20:00 PM,2,PARKED,,2035452,,ACURA,TLX,IL,2016,UNKNOWN,PASSENGER,PERSONAL,S,PARKED,,,0,,,,,Y,Y,,,,,,,,,,,,SIDE-RIGHT-FRONT,,,,,,,,,,,,,,,,,,,,,,,,,,,,,,,,,
2135234,ac5f27c55e07f90fe45e8f3cd91e3b4f2c205f0ffa63fd70587be8024dc915183c7c4707db704a6faf7226fc3a84858145799ccf11c9a6aa0343b8d9fb70a3ee,08/23/2025 07:20:00 PM,1,DRIVER,,2035454,,HONDA,CR-V,IL,2019,NONE,SPORT UTILITY VEHICLE (SUV),PERSONAL,E,TURNING LEFT,,,1,,,,,Y,,,,,,,,,,Y,Y,,FRONT,,,,,,,,,,,,,,,,,,,,,,,,,,,,,,,,,
2135235,ac5f27c55e07f90fe45e8f3cd91e3b4f2c205f0ffa63fd70587be8024dc915183c7c4707db704a6faf7226fc3a84858145799ccf11c9a6aa0343b8d9fb70a3ee,08/23/2025 07:20:00 PM,2,DRIVER,,2035457,,TESLA,MODEL 3,IL,2022,NONE,PASSENGER,PERSONAL,S,STRAIGHT AHEAD,,,1,,,,,,Y,Y,Y,,,,,,,,,,SIDE-RIGHT-FRONT,,,,,,,,,,,,,,,,,,,,,,,,,,,,,,,,,
2135203,005ff94d82235d7d626ee8b99048542854cf2d04e2ffba96b412b315ca465c0ad5e27dc91e7e0799052a3403022455a194c47a8e74ee6a6f358848d2b16d72a6,08/23/2025 07:16:00 PM,1,DRIVER,,2035422,,TOYOTA,HIGHLANDER,IL,2019,NONE,PASSENGER,PERSONAL,S,SLOW/STOP IN TRAFFIC,,,1,,,,,,,,,,,,,,,Y,,,FRONT-LEFT-CORNER,,,,,,,,,,,,,,,,,,,,,,,,,,,,,,,,,
2135204,005ff94d82235d7d626ee8b99048542854cf2d04e2ffba96b412b315ca465c0ad5e27dc91e7e0799052a3403022455a194c47a8e74ee6a6f358848d2b16d72a6,08/23/2025 07:16:00 PM,2,DRIVER,,2035427,,TOYOTA,PRIUS,IL,2010,NONE,PASSENGER,PERSONAL,S,STRAIGHT AHEAD,,,1,,,,,,,,,Y,,,,,,,,,REAR-RIGHT-CORNER,,,,,,,,,,,,,,,,,,,,,,,,,,,,,,,,,
2135209,41ff473daeee2c7e40ebcf952b0c17288656903198a280e34e70f0428d77f8999d1dc851e4b5b87947c48856834476faf17a3ee66d17a58cb4b713536340bb95,08/23/2025 07:15:00 PM,1,PARKED,1,2035433,,LINCOLN,MKZ,IL,2015,UNKNOWN,UNKNOWN/NA,UNKNOWN/NA,W,PARKED,,,1,,,,,,,,,,,,,Y,,,,,SIDE-LEFT,,,,,,,,,,,,,,,,,,,,,,,,,,,,,,,,,
2135210,41ff473daeee2c7e40ebcf952b0c17288656903198a280e34e70f0428d77f8999d1dc851e4b5b87947c48856834476faf17a3ee66d17a58cb4b713536340bb95,08/23/2025 07:15:00 PM,2,BICYCLE,,,,,,,,,,,,,,,,,,,,,,,,,,,,,,,,,,,,,,,,,,,,,,,,,,,,,,,,,,,,,,,,,,
2135154,e996c073d6e2536d8ff2321aba48d4898148280a2b15abe58d5de802804d60b55db3ce695b4cd6f84f4b77f3046b1c7a841df336b73d19a7f0e520939ad4d961,08/23/2025 07:10:00 PM,1,DRIVER,,2035380,,FORD,EXPEDITION,IL,1999,NONE,SPORT UTILITY VEHICLE (SUV),PERSONAL,S,STRAIGHT AHEAD,,,1,,,,,Y,,,,,,,,,,,Y,,FRONT-RIGHT-CORNER,,,,,,,,,,,,,,,,,,,,,,,,,,,,,,,,,
2135155,e996c073d6e2536d8ff2321aba48d4898148280a2b15abe58d5de802804d60b55db3ce695b4cd6f84f4b77f3046b1c7a841df336b73d19a7f0e520939ad4d961,08/23/2025 07:10:00 PM,2,DRIVER,,2035387,,NISSAN,MURANO,IL,2009,NONE,SPORT UTILITY VEHICLE (SUV),PERSONAL,S,SLOW/STOP IN TRAFFIC,,,1,,,,,,,,,,Y,Y,,,,,,,REAR,,,,,,,,,,,,,,,,,,,,,,,,,,,,,,,,,
2135223,39a18745a65abdc4ac375a950e6a54237d357c34f3f652ffd14907bc8b34c0e57f75a09a3107d9ae96d64daa07f0d343c99b606c487d8d856a96e40688f3e208,08/23/2025 07:00:00 PM,1,DRIVER,,2035441,,FORD,ESCAPE,MI,2024,UNKNOWN,PASSENGER,PERSONAL,E,TURNING LEFT,,,1,,,,,Y,,,,,,,,,,,,,UNKNOWN,,,,,,,,,,,,,,,,,,,,,,,,,,,,,,,,,
2135224,39a18745a65abdc4ac375a950e6a54237d357c34f3f652ffd14907bc8b34c0e57f75a09a3107d9ae96d64daa07f0d343c99b606c487d8d856a96e40688f3e208,08/23/2025 07:00:00 PM,2,DRIVER,,2035445,,HONDA,CR-V,IL,2019,UNKNOWN,PASSENGER,PERSONAL,N,STRAIGHT AHEAD,,,1,,,,,,,,,,,,,,,Y,,,UNKNOWN,,,,,,,,,,,,,,,,,,,,,,,,,,,,,,,,,
2135215,618963739bdc849256fac826e0e7262a00b1261e23cfcb0c3922d488b3d50338707c28433de1638147b720ea14967ef77c4d5b2619f34babbc11d94be3723c35,08/23/2025 07:00:00 PM,1,DRIVER,,2035442,,NISSAN,SENTRA,IL,2025,UNKNOWN,PASSENGER,UNKNOWN/NA,N,STRAIGHT AHEAD,,,1,,,,,Y,,,,,,,,,,,,,FRONT-RIGHT-CORNER,,,,,,,,,,,,,,,,,,,,,,,,,,,,,,,,,
2135216,618963739bdc849256fac826e0e7262a00b1261e23cfcb0c3922d488b3d50338707c28433de1638147b720ea14967ef77c4d5b2619f34babbc11d94be3723c35,08/23/2025 07:00:00 PM,2,DRIVER,,2035448,,PONTIAC,VIBE,IL,2004,UNKNOWN,PASSENGER,PERSONAL,W,STRAIGHT AHEAD,,,1,,,,,,,,,,,,,Y,Y,,,,SIDE-LEFT,,,,,,,,,,,,,,,,,,,,,,,,,,,,,,,,,
2135732,6b3f2dcb20f03e598da64825ab0368c9486385b8dc041a6f614ecdd4d8eacdb701c01a7afad251e076b262e2ba910aa87fe7c4fac84ff49f6cdcacba9a2f6176,08/23/2025 07:00:00 PM,1,DRIVER,,2035937,,BUICK,OTHER (EXPLAIN IN NARRATIVE),IL,2023,NONE,PASSENGER,UNKNOWN/NA,W,MERGING,,,1,,,,,,,,,,,,,,Y,Y,,,SIDE-LEFT-FRONT,,,,,,,,,,,,,,,,,,,,,,,,,,,,,,,,,
2135733,6b3f2dcb20f03e598da64825ab0368c9486385b8dc041a6f614ecdd4d8eacdb701c01a7afad251e076b262e2ba910aa87fe7c4fac84ff49f6cdcacba9a2f6176,08/23/2025 07:00:00 PM,2,DRIVER,1,2035931,,HONDA,OTHER (EXPLAIN IN NARRATIVE),IL,2013,NONE,PASSENGER,PERSONAL,W,STRAIGHT AHEAD,,,2,,,,,Y,,,,,,,,,,,,,FRONT-RIGHT-CORNER,,,,,,,,,,,,,,,,,,,,,,,,,,,,,,,,,
2135175,ec41f8967565d5c63cb242cb694bdf4a0fd678dd334269583fcaf71fa332d6601f6d34a4c7f480430f95ff717751ee5a5a7554194556a37ef2a9c23bc0030cfd,08/23/2025 07:00:00 PM,2,PEDESTRIAN,,,,,,,,,,,,,,,,,,,,,,,,,,,,,,,,,,,,,,,,,,,,,,,,,,,,,,,,,,,,,,,,,,
2135176,ec41f8967565d5c63cb242cb694bdf4a0fd678dd334269583fcaf71fa332d6601f6d34a4c7f480430f95ff717751ee5a5a7554194556a37ef2a9c23bc0030cfd,08/23/2025 07:00:00 PM,1,DRIVER,1,2035400,,HONDA,ACCORD,IL,2025,NONE,PASSENGER,PERSONAL,S,TURNING LEFT,,,2,,,,,,,,,,,,,,,,,,OTHER,,,,,,,,,,,,,,,,,,,,,,,,,,,,,,,,,
2135191,dd8c4d09b0766a71083d5633b65fe053a2cffdb530ed1e4865ca9f2b149159e377e7f011d3a6ed92189d65333fb6cdc5e0ae9e3c6bb3c2ac5c498cc322c2fab4,08/23/2025 06:56:00 PM,1,DRIVER,,2035415,,FORD,EDGE,IL,2020,UNKNOWN,PASSENGER,UNKNOWN/NA,E,STRAIGHT AHEAD,,,1,,,,,,,,,,,,,,,,,Y,UNKNOWN,,,,,,,,,,,,,,,,,,,,,,,,,,,,,,,,,
2135192,dd8c4d09b0766a71083d5633b65fe053a2cffdb530ed1e4865ca9f2b149159e377e7f011d3a6ed92189d65333fb6cdc5e0ae9e3c6bb3c2ac5c498cc322c2fab4,08/23/2025 06:56:00 PM,2,DRIVER,1,2035412,,TOYOTA,COROLLA,IL,2018,UNKNOWN,PASSENGER,PERSONAL,W,STRAIGHT AHEAD,,,2,,,,,,,,,,,Y,Y,,,,,,SIDE-LEFT-REAR,,,,,,,,,,,,,,,,,,,,,,,,,,,,,,,,,
2135280,8a299f7654087f42d37b8e156e486f640f3e671103e6a945b5d6a66647ee84d7a685a0eb99714265568cd2bfe1c3a59a13425807c2ae1e21c2be241ee3088e74,08/23/2025 06:54:00 PM,1,DRIVER,,2035499,,CHRYSLER,200,,,NONE,PASSENGER,PERSONAL,E,STRAIGHT AHEAD,,,1,,,,,,,,,,,,,,,,,Y,FRONT,,,,,,,,,,,,,,,,,,,,,,,,,,,,,,,,,
2135281,8a299f7654087f42d37b8e156e486f640f3e671103e6a945b5d6a66647ee84d7a685a0eb99714265568cd2bfe1c3a59a13425807c2ae1e21c2be241ee3088e74,08/23/2025 06:54:00 PM,2,DRIVER,,2035503,,FORD,FOCUS,IL,2008,NONE,PASSENGER,PERSONAL,E,STRAIGHT AHEAD,,,1,,,,,,,,,Y,Y,Y,,,,N,,,REAR,,,,,,,,,,,,,,,,,,,,,,,,,,,,,,,,,
2135264,cadb9c1ec2000753f6f23e18813060f34ef4c96758154c359ac77d61f10b86bf9446de031ca90ad6a581ae701bca760b16e96312ddc610480b02ec8bc285e1ea,08/23/2025 06:50:00 PM,1,DRIVER,,2035481,,CHEVROLET,BLAZER,IL,2022,UNKNOWN,SPORT UTILITY VEHICLE (SUV),PERSONAL,W,DRIVING WRONG WAY,Y,,1,,CITY OF CHICAGO,POUND #6,N,Y,,,,,,,,,,,,,FRONT-RIGHT-CORNER,,,,,,,,,,,,,,,,,,,,,,,,,,,,,,,,,
2135265,cadb9c1ec2000753f6f23e18813060f34ef4c96758154c359ac77d61f10b86bf9446de031ca90ad6a581ae701bca760b16e96312ddc610480b02ec8bc285e1ea,08/23/2025 06:50:00 PM,2,DRIVER,,2035488,,TOYOTA,OTHER (EXPLAIN IN NARRATIVE),IL,2012,UNKNOWN,PASSENGER,PERSONAL,E,STRAIGHT AHEAD,,,1,,,,,N,,,,,,,,,,N,Y,,FRONT,,,,,,,,,,,,,,,,,,,,,,,,,,,,,,,,,
2135205,6b531b088eded685c3a5156ed7f37b09f9a5344acab97162fcdc18253e8242afd660150af45710f495264dd172c2469f70af3790a56b2096a1b37c5863b77f8c,08/23/2025 06:42:00 PM,1,DRIVER,,2035424,,UNKNOWN,OTHER (EXPLAIN IN NARRATIVE),IL,,UNKNOWN,UNKNOWN/NA,UNKNOWN/NA,S,STRAIGHT AHEAD,,,1,,,,,,,Y,Y,Y,,,,,,,,,REAR-RIGHT-CORNER,,,,,,,,,,,,,,,,,,,,,,,,,,,,,,,,,
2135206,6b531b088eded685c3a5156ed7f37b09f9a5344acab97162fcdc18253e8242afd660150af45710f495264dd172c2469f70af3790a56b2096a1b37c5863b77f8c,08/23/2025 06:42:00 PM,2,DRIVER,1,2035430,,HONDA,CR-V,IL,,UNKNOWN,PASSENGER,PERSONAL,E,TURNING RIGHT,Y,,2,,PRIVATE TOW,UNKNOWN,,Y,,,,,,,,,,Y,Y,,FRONT,,,,,,,,,,,,,,,,,,,,,,,,,,,,,,,,,
2135178,623842f154d86c9f651e544fafaf4c3ce69b74e79c445fd15ac70af4312fab5280407e8fa2f9421c32e0c8048bdd66d88191c086fdd23707a224da6d4ba411a8,08/23/2025 06:41:00 PM,1,DRIVER,,2035428,,UNKNOWN,OTHER (EXPLAIN IN NARRATIVE),IL,2017,UNKNOWN,BUS OVER 15 PASS.,COMMERCIAL - MULTI-UNIT,N,MERGING,,,1,,,,,,,,,,,,,,,,,,UNKNOWN,,,,,,,,,,,,,,,,,,,,,,,,,,,,,,,,,
2135179,623842f154d86c9f651e544fafaf4c3ce69b74e79c445fd15ac70af4312fab5280407e8fa2f9421c32e0c8048bdd66d88191c086fdd23707a224da6d4ba411a8,08/23/2025 06:41:00 PM,2,DRIVER,,2035431,,DODGE,CARAVAN,IL,2006,UNKNOWN,VAN/MINI-VAN,PERSONAL,N,STRAIGHT AHEAD,,,1,,,,,N,Y,,,,,,,,,,,,FRONT-LEFT-CORNER,,,,,,,,,,,,,,,,,,,,,,,,,,,,,,,,,
2135177,1c676253f63b82df40e57410a14993a13384d2ba67174a5dafbc1d76dd582de2c4dceef207180baa8ce8c079575de8a53ed1c31a6a658fa4da6387eedc999ac1,08/23/2025 06:40:00 PM,1,DRIVER,2,2035399,,CHRYSLER,300,IA,2016,NONE,PASSENGER,PERSONAL,W,STRAIGHT AHEAD,,,3,,,,Y,,,,,,,,,,,,,,FRONT,,,,,,,,,,,,,,,,,,,,,,,,,,,,,,,,,
2135188,1c676253f63b82df40e57410a14993a13384d2ba67174a5dafbc1d76dd582de2c4dceef207180baa8ce8c079575de8a53ed1c31a6a658fa4da6387eedc999ac1,08/23/2025 06:40:00 PM,2,PEDESTRIAN,,,,,,,,,,,,,,,,,,,,,,,,,,,,,,,,,,,,,,,,,,,,,,,,,,,,,,,,,,,,,,,,,,
2135186,27a30acc52825a3923da70c3170e33f293b9ea3baa23b90a242306a81788affc3f52437dcc9d8c1b7cf246ed99f234fd487739969fa0df8e618eba1098b6b1fd,08/23/2025 06:40:00 PM,1,DRIVER,,2035411,,TOYOTA,OTHER (EXPLAIN IN NARRATIVE),IL,2023,NONE,PASSENGER,PERSONAL,N,MERGING,,,1,,,,,,,,,,,,,,,,,Y,UNKNOWN,,,,,,,,,,,,,,,,,,,,,,,,,,,,,,,,,
2135187,27a30acc52825a3923da70c3170e33f293b9ea3baa23b90a242306a81788affc3f52437dcc9d8c1b7cf246ed99f234fd487739969fa0df8e618eba1098b6b1fd,08/23/2025 06:40:00 PM,2,DRIVER,,2035409,,HONDA,CR-V,IL,2023,NONE,PASSENGER,PERSONAL,N,STRAIGHT AHEAD,,,1,,,,,,,,Y,Y,,,,,,,,,SIDE-RIGHT-REAR,,,,,,,,,,,,,,,,,,,,,,,,,,,,,,,,,
2135171,aaa3e951978248c01884ad52bcce97ddc9a0074a72becef1fe3d270e266d424e4ee80988f094a43ee4d627e3c71ecd110d341804cbe296abebab26cd445853d2,08/23/2025 06:38:00 PM,1,DRIVER,,2035394,,CHEVROLET,SILVERADO,WI,1999,UNKNOWN,PICKUP,UNKNOWN/NA,E,PASSING/OVERTAKING,,,1,,,,,Y,Y,Y,,,,,,,,,,,FRONT-RIGHT-CORNER,,,,,,,,,,,,,,,,,,,,,,,,,,,,,,,,,
2135172,aaa3e951978248c01884ad52bcce97ddc9a0074a72becef1fe3d270e266d424e4ee80988f094a43ee4d627e3c71ecd110d341804cbe296abebab26cd445853d2,08/23/2025 06:38:00 PM,2,DRIVER,,2035405,,ACURA,RLX,IL,2014,NONE,PASSENGER,PERSONAL,E,STRAIGHT AHEAD,,,1,,,,,,,,,,,,,Y,Y,Y,,,FRONT-LEFT-CORNER,,,,,,,,,,,,,,,,,,,,,,,,,,,,,,,,,
2135158,7224e7a3ec92e4b8a314292f506d78d912486e50deac3068e4f544e8a23e216b4bb4a7b73f2c2eea8d2490917f8a41e354eb20612718d324a65a05585c2270fa,08/23/2025 06:35:00 PM,1,DRIVER,,2035383,,HYUNDAI,ELANTRA,IL,,UNKNOWN,PASSENGER,PERSONAL,UNKNOWN,STRAIGHT AHEAD,,,1,,,,,,,,,,,,,,,,,Y,UNKNOWN,,,,,,,,,,,,,,,,,,,,,,,,,,,,,,,,,
2135159,7224e7a3ec92e4b8a314292f506d78d912486e50deac3068e4f544e8a23e216b4bb4a7b73f2c2eea8d2490917f8a41e354eb20612718d324a65a05585c2270fa,08/23/2025 06:35:00 PM,2,PEDESTRIAN,,,,,,,,,,,,,,,,,,,,,,,,,,,,,,,,,,,,,,,,,,,,,,,,,,,,,,,,,,,,,,,,,,
2135194,1269a57088cff4cb9da2320a8e9d9f8904c8634a1c8002e363723e85b92d2fed5034e76721b8e8167bcc82fd9c24d492eaf49b0a0b0f3039d127bb7a8c80bc82,08/23/2025 06:30:00 PM,1,DRIVER,,2035414,,UNKNOWN,OTHER (EXPLAIN IN NARRATIVE),,,UNKNOWN,UNKNOWN/NA,UNKNOWN/NA,W,UNKNOWN/NA,,,1,,,,,,,,,,,,,,,,,,UNKNOWN,,,,,,,,,,,,,,,,,,,,,,,,,,,,,,,,,