CRASH_UNIT_ID,CRASH_RECORD_ID,CRASH_DATE,UNIT_NO,UNIT_TYPE,NUM_PASSENGERS,VEHICLE_ID,CMRC_VEH_I,MAKE,MODEL,LIC_PLATE_STATE,VEHICLE_YEAR,VEHICLE_DEFECT,VEHICLE_TYPE,VEHICLE_USE,TRAVEL_DIRECTION,MANEUVER,TOWED_I,FIRE_I,OCCUPANT_CNT,EXCEED_SPEED_LIMIT_I,TOWED_BY,TOWED_TO,AREA_00_I,AREA_01_I,AREA_02_I,AREA_03_I,AREA_04_I,AREA_05_I,AREA_06_I,AREA_07_I,AREA_08_I,AREA_09_I,AREA_10_I,AREA_11_I,AREA_12_I,AREA_99_I,FIRST_CONTACT_POINT,CMV_ID,USDOT_NO,CCMC_NO,ILCC_NO,COMMERCIAL_SRC,GVWR,CARRIER_NAME,CARRIER_STATE,CARRIER_CITY,HAZMAT_PLACARDS_I,HAZMAT_NAME,UN_NO,HAZMAT_PRESENT_I,HAZMAT_REPORT_I,HAZMAT_REPORT_NO,MCS_REPORT_I,MCS_REPORT_NO,HAZMAT_VIO_CAUSE_CRASH_I,MCS_VIO_CAUSE_CRASH_I,IDOT_PERMIT_NO,WIDE_LOAD_I,TRAILER1_WIDTH,TRAILER2_WIDTH,TRAILER1_LENGTH,TRAILER2_LENGTH,TOTAL_VEHICLE_LENGTH,AXLE_CNT,VEHICLE_CONFIG,CARGO_BODY_TYPE,LOAD_TYPE,HAZMAT_OUT_OF_SERVICE_I,MCS_OUT_OF_SERVICE_I,HAZMAT_CLASS
2135195,1269a57088cff4cb9da2320a8e9d9f8904c8634a1c8002e363723e85b92d2fed5034e76721b8e8167bcc82fd9c24d492eaf49b0a0b0f3039d127bb7a8c80bc82,08/23/2025 06:30:00 PM,2,PARKED,,2035417,,HONDA,CR-V,IL,2010,UNKNOWN,SPORT UTILITY VEHICLE (SUV),PERSONAL,UNKNOWN,PARKED,,,0,,,,,Y,,,,,,,,,,Y,Y,,FRONT,,,,,,,,,,,,,,,,,,,,,,,,,,,,,,,,,
2135320,e22cc01002e512e490e5a2c29465ab98f7abc2f0548e975f1c357866aa94c953d7acdaa17519ef75fa18d1f4c35bf16474016e041000849366c058d6620d2314,08/23/2025 06:30:00 PM,1,DRIVER,,2035540,,NISSAN,ROGUE,IA,2024,UNKNOWN,SPORT UTILITY VEHICLE (SUV),PERSONAL,E,STRAIGHT AHEAD,,,1,,,,,Y,Y,,,,,,,,,,,,FRONT-RIGHT-CORNER,,,,,,,,,,,,,,,,,,,,,,,,,,,,,,,,,
2135321,e22cc01002e512e490e5a2c29465ab98f7abc2f0548e975f1c357866aa94c953d7acdaa17519ef75fa18d1f4c35bf16474016e041000849366c058d6620d2314,08/23/2025 06:30:00 PM,2,DRIVER,1,2035546,,DODGE,CHARGER,IN,2016,NONE,PASSENGER,PERSONAL,E,OTHER,,,2,,,,,,,,,,,Y,Y,,,,,,SIDE-LEFT-REAR,,,,,,,,,,,,,,,,,,,,,,,,,,,,,,,,,
2135711,e2a70e725172b5f24724a2642f2990c84b686e3774a3a4710c474f884152de3a910e1181a64f492d5e715e1512c33dfe3a264de1ded528470a7e91e46feb799b,08/23/2025 06:30:00 PM,1,DRIVER,1,2035911,,DODGE,NITRO,IL,2007,UNKNOWN,PASSENGER,PERSONAL,W,CHANGING LANES,,,2,,,,,Y,Y,Y,Y,Y,,,,,,,,,SIDE-RIGHT,,,,,,,,,,,,,,,,,,,,,,,,,,,,,,,,,
2135712,e2a70e725172b5f24724a2642f2990c84b686e3774a3a4710c474f884152de3a910e1181a64f492d5e715e1512c33dfe3a264de1ded528470a7e91e46feb799b,08/23/2025 06:30:00 PM,2,DRIVER,1,2035930,,HONDA,CIVIC,IL,2019,NONE,PASSENGER,PERSONAL,W,STRAIGHT AHEAD,,,2,,,,,,,,,,,Y,Y,Y,Y,Y,,,SIDE-LEFT,,,,,,,,,,,,,,,,,,,,,,,,,,,,,,,,,
2135173,dc05b44e15eda885165fae92c3d723aede646a53ad1190b147eff2b2b6cd2a0969fe29fcbd6a007b81f2eefce410ade309967efeb302aed1d97573556c5c3a8c,08/23/2025 06:29:00 PM,1,DRIVER,,2035393,,HYUNDAI,OTHER (EXPLAIN IN NARRATIVE),IL,2011,OTHER,PASSENGER,UNKNOWN/NA,S,BACKING,,,1,,,,,,,,,,,,,,,,,Y,REAR,,,,,,,,,,,,,,,,,,,,,,,,,,,,,,,,,
2135174,dc05b44e15eda885165fae92c3d723aede646a53ad1190b147eff2b2b6cd2a0969fe29fcbd6a007b81f2eefce410ade309967efeb302aed1d97573556c5c3a8c,08/23/2025 06:29:00 PM,2,PARKED,,2035404,,HONDA,CR-V,IL,2019,NONE,PASSENGER,NOT IN USE,N,PARKED,,,0,,,,,,,,,,,,,,,,Y,,FRONT,,,,,,,,,,,,,,,,,,,,,,,,,,,,,,,,,
2135180,5948379c06523ca91a148932c9ff1c8df9c6cfba6d8e87c9ccd7c5b7536d34ff7c441c2d83cb8c33822fdd582cde18e8c58e209fde4c25045030d4d3795582ab,08/23/2025 06:20:00 PM,1,DRIVER,,2035406,,TOYOTA,PRIUS,IL,2009,NONE,PASSENGER,PERSONAL,E,STRAIGHT AHEAD,Y,,1,,PRIVATE TOW,UNKNOWN AT THIS TIME,,Y,Y,,,,,,,,Y,Y,Y,,SIDE-LEFT,,,,,,,,,,,,,,,,,,,,,,,,,,,,,,,,,
2135181,5948379c06523ca91a148932c9ff1c8df9c6cfba6d8e87c9ccd7c5b7536d34ff7c441c2d83cb8c33822fdd582cde18e8c58e209fde4c25045030d4d3795582ab,08/23/2025 06:20:00 PM,2,DRIVER,2,2035408,,HONDA,CR-V,IL,2016,NONE,PASSENGER,PERSONAL,E,STRAIGHT AHEAD,,,3,,,,,Y,Y,,,,,,,,,,Y,,SIDE-RIGHT,,,,,,,,,,,,,,,,,,,,,,,,,,,,,,,,,
2135196,af862a7f44777a8509c3c95517a06d1b17e6c584c3295639cf64c9cd0b01ac6c50cff091df8107ec473b9a45ef020ce480ecbd1ef8d175febe03cc8f3808504d,08/23/2025 06:20:00 PM,1,DRIVER,1,2035426,,BMW,318I,NC,2024,NONE,PASSENGER,PERSONAL,W,STRAIGHT AHEAD,Y,,2,,UNIVERSAL TOWING,PERSONAL TOW,,Y,Y,,,,,,,,Y,Y,Y,,FRONT,,,,,,,,,,,,,,,,,,,,,,,,,,,,,,,,,
2135201,cd79b8f38736125fe4763a6545008525c93b6a34b82ff6290ee3c1837dcaa8c254d4539c65bf357286c020323f8f6714cdc665f61c3cb2a9795bc6aa9616d09b,08/23/2025 06:20:00 PM,1,DRIVER,,2035425,,TOYOTA,PRIUS,IL,2005,UNKNOWN,PASSENGER,PERSONAL,N,LEAVING TRAFFIC LANE TO PARK,,,1,,,,,,,,,,,,Y,Y,Y,,,,SIDE-LEFT,,,,,,,,,,,,,,,,,,,,,,,,,,,,,,,,,
2135202,cd79b8f38736125fe4763a6545008525c93b6a34b82ff6290ee3c1837dcaa8c254d4539c65bf357286c020323f8f6714cdc665f61c3cb2a9795bc6aa9616d09b,08/23/2025 06:20:00 PM,2,BICYCLE,,,,,,,,,,,,,,,,,,,,,,,,,,,,,,,,,,,,,,,,,,,,,,,,,,,,,,,,,,,,,,,,,,
2135152,ee6312d631a6c8efc55f7f548d96320b9f73ead7253b64238d186811fffd933241134189cd9f7fb663f88e31bccd7fe2059050ac0847cf2c7024c3e1f6d5b7d1,08/23/2025 06:20:00 PM,1,DRIVER,,2035378,,DODGE,RAM 2500 VAN,IL,2023,NONE,PASSENGER,OTHER,N,STRAIGHT AHEAD,,,1,,,,Y,,,,,,,,,,,,,,NONE,,,,,,,,,,,,,,,,,,,,,,,,,,,,,,,,,
2135153,ee6312d631a6c8efc55f7f548d96320b9f73ead7253b64238d186811fffd933241134189cd9f7fb663f88e31bccd7fe2059050ac0847cf2c7024c3e1f6d5b7d1,08/23/2025 06:20:00 PM,2,PARKED,,2035385,,GENERAL MOTORS CORPORATION (GMC),SAVANNAH,AZ,2021,NONE,PASSENGER,PERSONAL,N,PARKED,,,0,,,,,,,,,,,,,,,Y,,,SIDE-LEFT,,,,,,,,,,,,,,,,,,,,,,,,,,,,,,,,,
2135166,775c61b65a4e31e5278836999b8633796bccb1679709e45303b85f8b88673ffbda6ca407c57e066ed3e27b34ef9d2748143385d056ce607f999d05212acbf122,08/23/2025 06:15:00 PM,1,BICYCLE,,,,,,,,,,,,,,,,,,,,,,,,,,,,,,,,,,,,,,,,,,,,,,,,,,,,,,,,,,,,,,,,,,
2135167,775c61b65a4e31e5278836999b8633796bccb1679709e45303b85f8b88673ffbda6ca407c57e066ed3e27b34ef9d2748143385d056ce607f999d05212acbf122,08/23/2025 06:15:00 PM,2,DRIVER,,2035397,,CHEVROLET,IMPALA,IL,2018,NONE,PASSENGER,PERSONAL,SE,TURNING LEFT,,,1,,,,,Y,,,,,,,,,,,,,FRONT-RIGHT-CORNER,,,,,,,,,,,,,,,,,,,,,,,,,,,,,,,,,
2135647,b46cd49d294973e18b99650a7094b7e3023be3c8fb0bb2a3ef91f8397e25dd31cbcdd3f6fc4be47e555f6b34d00969f53302f84c4cc29c18a0b810c5f536b222,08/23/2025 06:15:00 PM,1,DRIVER,1,2035861,,FORD,EXPLORER,IL,2017,NONE,SPORT UTILITY VEHICLE (SUV),POLICE,N,STRAIGHT AHEAD,,,2,,,,Y,Y,Y,Y,,,,,,,,,,,SIDE-RIGHT-FRONT,,,,,,,,,,,,,,,,,,,,,,,,,,,,,,,,,
2135162,857b6e8cc20a04eb1757068d0e8eab5b13ce5f38509b0730310b5200b4a41948272ea344f74ba5e281d8fb5a48af63b1e0d07c231e66af0a0b6d5970b511ef38,08/23/2025 06:08:00 PM,1,DRIVER,,2035389,,LEXUS,GS,IL,2001,NONE,PASSENGER,UNKNOWN/NA,N,UNKNOWN/NA,,,1,,,,,,,,,,,,,Y,Y,Y,,,FRONT-LEFT-CORNER,,,,,,,,,,,,,,,,,,,,,,,,,,,,,,,,,
2135163,857b6e8cc20a04eb1757068d0e8eab5b13ce5f38509b0730310b5200b4a41948272ea344f74ba5e281d8fb5a48af63b1e0d07c231e66af0a0b6d5970b511ef38,08/23/2025 06:08:00 PM,2,PARKED,,2035401,,ACURA,TLX,IL,2007,NONE,PASSENGER,NOT IN USE,N,PARKED,Y,,0,,,,,Y,Y,Y,Y,Y,,,,,,,,,REAR-RIGHT-CORNER,,,,,,,,,,,,,,,,,,,,,,,,,,,,,,,,,
2135207,4dabfd2b4e3c84eba16eec7b1fccf591ef9d7208ffe4f7cff7203809f23318494cc77984842de636dd83506c2eff1cb57815e22743582580aeb788c2734def24,08/23/2025 06:05:00 PM,1,DRIVER,,2035432,,TOYOTA,RAV4,IL,2012,UNKNOWN,SPORT UTILITY VEHICLE (SUV),UNKNOWN/NA,W,BACKING,,,1,,,,,,,,,,,,Y,Y,Y,,,,SIDE-LEFT,,,,,,,,,,,,,,,,,,,,,,,,,,,,,,,,,
2135208,4dabfd2b4e3c84eba16eec7b1fccf591ef9d7208ffe4f7cff7203809f23318494cc77984842de636dd83506c2eff1cb57815e22743582580aeb788c2734def24,08/23/2025 06:05:00 PM,2,DRIVER,,2035434,,HONDA,CIVIC,IL,2016,UNKNOWN,PASSENGER,PERSONAL,E,STRAIGHT AHEAD,,,1,,,,,Y,Y,,,,,,,,,,Y,,FRONT-RIGHT-CORNER,,,,,,,,,,,,,,,,,,,,,,,,,,,,,,,,,
2135146,06751c328103187ac9dd3c034b5601e9245b1ab0ac5ce659be0197f93a9ae6b943de07cec21f10bc3a10ea53397c0015a5fe7a5cfcceea7c488382dc7e79e3ed,08/23/2025 06:01:00 PM,1,DRIVER,,2035370,,CADILLAC,SRX,IL,2015,UNKNOWN,SPORT UTILITY VEHICLE (SUV),PERSONAL,W,STRAIGHT AHEAD,Y,,1,,owner,,,Y,Y,Y,,,,,,Y,Y,Y,Y,,FRONT,,,,,,,,,,,,,,,,,,,,,,,,,,,,,,,,,
2135147,06751c328103187ac9dd3c034b5601e9245b1ab0ac5ce659be0197f93a9ae6b943de07cec21f10bc3a10ea53397c0015a5fe7a5cfcceea7c488382dc7e79e3ed,08/23/2025 06:01:00 PM,2,DRIVER,1,2035376,,FORD,EXPLORER,IL,2023,UNKNOWN,SPORT UTILITY VEHICLE (SUV),POLICE,S,STRAIGHT AHEAD,Y,,2,,city,city,,,N,,,,,,Y,Y,Y,Y,Y,,SIDE-LEFT,,,,,,,,,,,,,,,,,,,,,,,,,,,,,,,,,
2135534,2b36436e00143e0e227d3cfa383ab46fbd6bc85b25f803e220b399975b276cd39970b89e5cab2ca5ac61a0eb700a8c5537cd218bfc1dbe55e004160ce6a07f06,08/23/2025 06:00:00 PM,1,DRIVER,,2035753,,TOYOTA,SIENNA,IL,2013,NONE,PASSENGER,PERSONAL,UNKNOWN,UNKNOWN/NA,,,1,,,,,,,,,,,,,,,,,Y,UNKNOWN,,,,,,,,,,,,,,,,,,,,,,,,,,,,,,,,,
2135535,2b36436e00143e0e227d3cfa383ab46fbd6bc85b25f803e220b399975b276cd39970b89e5cab2ca5ac61a0eb700a8c5537cd218bfc1dbe55e004160ce6a07f06,08/23/2025 06:00:00 PM,2,PARKED,,2035759,,HYUNDAI,ELANTRA,TX,2025,NONE,PASSENGER,OTHER,E,PARKED,,,0,,,,,Y,,,,,,,,,,,,,FRONT-RIGHT-CORNER,,,,,,,,,,,,,,,,,,,,,,,,,,,,,,,,,
2138305,4737d638c0bfcd159654a01d8fe8bb8186cf0f5243db280a8d52cf04d0836baee62f1a855bd1b088647190ee1b64ae2a42f5cc70e6a88bdfd98689b17baaadd6,08/23/2025 06:00:00 PM,1,DRIVER,,2038384,,LEXUS,ES330,,2004,NONE,PASSENGER,PERSONAL,UNKNOWN,STRAIGHT AHEAD,,,1,,,,,Y,Y,,,,,,,,,,Y,,SIDE-RIGHT-FRONT,,,,,,,,,,,,,,,,,,,,,,,,,,,,,,,,,
2138306,4737d638c0bfcd159654a01d8fe8bb8186cf0f5243db280a8d52cf04d0836baee62f1a855bd1b088647190ee1b64ae2a42f5cc70e6a88bdfd98689b17baaadd6,08/23/2025 06:00:00 PM,2,PARKED,,2038386,,CHEVROLET,EXPRESS,,2000,NONE,SPORT UTILITY VEHICLE (SUV),PERSONAL,UNKNOWN,PARKED,,,0,,,,,,,,,,Y,,,,,,Y,,REAR,,,,,,,,,,,,,,,,,,,,,,,,,,,,,,,,,
2135199,a319448a4e74976f34807a31c2571908ceea54f7e925343471472ace28047ded3e6031372fb89affd8723eddf549fba3e74ba440839cc39559c9d3dfcb158e76,08/23/2025 06:00:00 PM,1,DRIVER,,2035418,,NISSAN,ALTIMA,IL,2016,UNKNOWN,PASSENGER,PERSONAL,W,STRAIGHT AHEAD,,,1,,,,,Y,,,,,,,,,,,Y,,FRONT-RIGHT-CORNER,,,,,,,,,,,,,,,,,,,,,,,,,,,,,,,,,
2135200,a319448a4e74976f34807a31c2571908ceea54f7e925343471472ace28047ded3e6031372fb89affd8723eddf549fba3e74ba440839cc39559c9d3dfcb158e76,08/23/2025 06:00:00 PM,2,DRIVER,,2035423,,HONDA,CIVIC,IL,2000,UNKNOWN,PASSENGER,PERSONAL,SW,STRAIGHT AHEAD,,,1,,,,,,,,,,,,,,,Y,Y,,FRONT-LEFT-CORNER,,,,,,,,,,,,,,,,,,,,,,,,,,,,,,,,,
2138588,c8f9206ebe50ec25455992eb827e3740d9a00a38317a791cf07939b5a3166e7b6bd2d02d731f8d799d89ce99dbaf342f3d02f274a1e171f42dc7a268e81fe4ba,08/23/2025 06:00:00 PM,1,DRIVER,,2038662,,UNKNOWN,MOTORIZED,IL,,UNKNOWN,UNKNOWN/NA,UNKNOWN/NA,UNKNOWN,UNKNOWN/NA,,,1,,,,,,,,,,,,,,,,,Y,UNKNOWN,,,,,,,,,,,,,,,,,,,,,,,,,,,,,,,,,
2138589,c8f9206ebe50ec25455992eb827e3740d9a00a38317a791cf07939b5a3166e7b6bd2d02d731f8d799d89ce99dbaf342f3d02f274a1e171f42dc7a268e81fe4ba,08/23/2025 06:00:00 PM,2,PARKED,,2038665,,NISSAN,ROGUE,IL,2023,UNKNOWN,PICKUP,PERSONAL,UNKNOWN,PARKED,,,0,,,,,Y,,,,,,,,,,,,,FRONT-RIGHT-CORNER,,,,,,,,,,,,,,,,,,,,,,,,,,,,,,,,,
2135156,cfc197463dea24fa5d957ef14fc90f2b9fda4dccb97b7cd10b08e863ac26c888a256fb4e053b4ee6487be95f92bb86220df5cd5f83635431cec5abe8bbaf201d,08/23/2025 06:00:00 PM,1,DRIVER,,2035396,,FORD,FOCUS,IL,2014,UNKNOWN,UNKNOWN/NA,UNKNOWN/NA,E,UNKNOWN/NA,,,1,,,,,,,,,,,,,,,,,Y,UNKNOWN,,,,,,,,,,,,,,,,,,,,,,,,,,,,,,,,,
2135157,cfc197463dea24fa5d957ef14fc90f2b9fda4dccb97b7cd10b08e863ac26c888a256fb4e053b4ee6487be95f92bb86220df5cd5f83635431cec5abe8bbaf201d,08/23/2025 06:00:00 PM,2,DRIVER,,2035402,,VOLKSWAGEN,GOLF,IL,2013,UNKNOWN,PASSENGER,PERSONAL,N,STRAIGHT AHEAD,,,1,,,,,,,,,,,,,,Y,Y,,,UNKNOWN,,,,,,,,,,,,,,,,,,,,,,,,,,,,,,,,,
2135358,f2a63ebef04d0e0a1c5071459af15e82f54fe6649c9e75e3e84dd8a06d2b7c809b90aa10a81391880ce28f708ecca410ef1fb2c52f23f2dfeb39fde998db13d8,08/23/2025 06:00:00 PM,1,DRIVER,,2035585,,HONDA,CR-V,IL,2002,UNKNOWN,SPORT UTILITY VEHICLE (SUV),PERSONAL,SW,OTHER,,,1,,,,,,,,,,,,,,,,,,FRONT,,,,,,,,,,,,,,,,,,,,,,,,,,,,,,,,,
2135359,f2a63ebef04d0e0a1c5071459af15e82f54fe6649c9e75e3e84dd8a06d2b7c809b90aa10a81391880ce28f708ecca410ef1fb2c52f23f2dfeb39fde998db13d8,08/23/2025 06:00:00 PM,2,PARKED,,2035600,,FORD,BRONCO / BRONCO II,IN,2023,NONE,SPORT UTILITY VEHICLE (SUV),PERSONAL,W,PARKED,,,0,,,,,,,,,,,,,,,,,,FRONT-RIGHT-CORNER,,,,,,,,,,,,,,,,,,,,,,,,,,,,,,,,,
2135138,fbd43ce105e2fa5004b193cde769b90a1a569bede60c0a82ff4fdda05d990a041d7b3f30f231781e5dd6c47befada25792f69b99d08fff2e70f50b35058f48b1,08/23/2025 06:00:00 PM,1,DRIVER,,2035359,,BLUEBIRD INTERNATIONAL,BLUEBIRD INTERNATIONAL,IL,2024,UNKNOWN,TRACTOR W/ SEMI-TRAILER,UNKNOWN/NA,E,UNKNOWN/NA,,,1,,,,,,,,,Y,N,N,,,,,,,FRONT-RIGHT-CORNER,,,,,,,,,,,,,,,,,,,,,,,,,,,,,,,,,
2135139,fbd43ce105e2fa5004b193cde769b90a1a569bede60c0a82ff4fdda05d990a041d7b3f30f231781e5dd6c47befada25792f69b99d08fff2e70f50b35058f48b1,08/23/2025 06:00:00 PM,2,DRIVER,,2035363,,TESLA,MODEL 3,IL,2021,NONE,PASSENGER,PERSONAL,E,STRAIGHT AHEAD,,,1,,,,,,,,,,,,,Y,Y,Y,,,SIDE-LEFT,,,,,,,,,,,,,,,,,,,,,,,,,,,,,,,,,
2135130,94b81b58b831ead7aaf10e165f7cbba84739ea9fd8917c8071ccde83b4c5704fcc6102ebdedae8ef71d53685edd326d761f16d82e5065fd7c0872db0bd552547,08/23/2025 05:59:00 PM,1,DRIVER,,2035354,,CHEVROLET,MONTE CARLO,IL,1998,NONE,PASSENGER,PERSONAL,W,STRAIGHT AHEAD,,,1,,,,,,,,,,,,,,,,,,FRONT,,,,,,,,,,,,,,,,,,,,,,,,,,,,,,,,,
2135131,94b81b58b831ead7aaf10e165f7cbba84739ea9fd8917c8071ccde83b4c5704fcc6102ebdedae8ef71d53685edd326d761f16d82e5065fd7c0872db0bd552547,08/23/2025 05:59:00 PM,2,DRIVER,,2035358,,TOYOTA,COROLLA,MD,2025,NONE,PASSENGER,PERSONAL,W,STRAIGHT AHEAD,,,1,,,,,,,,,,,,,,,,,,REAR,,,,,,,,,,,,,,,,,,,,,,,,,,,,,,,,,
2135140,cef5d38194a7daabf6ee858109f2334939bd79afbf3a1ad911a2001e9f2d10df1adc621b277ca369321d55c6a9d53c36bfbe3156990c128948d86061538bb5ac,08/23/2025 05:54:00 PM,1,DRIVER,,2035366,Y,UTILITY TRAILER,UTILITY TRAILER,IL,2022,NONE,TRACTOR W/ SEMI-TRAILER,COMMERCIAL - SINGLE UNIT,N,TURNING RIGHT,,,1,,,,Y,,,,,,,,,,,,,,SIDE-LEFT,"22,066",,,,SIDE OF TRUCK,,VIZA EQUIPMENT,IL,DARIEN,,,,N,N,,N,,N,N,3089795,,,,,,,,TRACTOR/SEMI-TRAILER,OTHER,OTHER,,N,
2135141,cef5d38194a7daabf6ee858109f2334939bd79afbf3a1ad911a2001e9f2d10df1adc621b277ca369321d55c6a9d53c36bfbe3156990c128948d86061538bb5ac,08/23/2025 05:54:00 PM,2,PARKED,,2035375,,TOYOTA,COROLLA,IL,2009,NONE,PASSENGER,PERSONAL,S,PARKED,,,0,,,,,,,,,Y,Y,Y,Y,Y,,,,,SIDE-LEFT,,,,,,,,,,,,,,,,,,,,,,,,,,,,,,,,,
2135168,71777d8aed7471bc0a10f359f35554a525a8cf10ebfdd016c6dac459471e71dbddf79481721b9e4a1547e3cae70e43c128c1f290a9490c4b207c2c80f66f9e61,08/23/2025 05:44:00 PM,1,DRIVER,,2035391,,CHEVROLET,TRAIL BLAZER,IL,2006,UNKNOWN,PASSENGER,UNKNOWN/NA,S,STRAIGHT AHEAD,,,1,,,,,,,,,,,,,,,,,,FRONT,,,,,,,,,,,,,,,,,,,,,,,,,,,,,,,,,
2135169,71777d8aed7471bc0a10f359f35554a525a8cf10ebfdd016c6dac459471e71dbddf79481721b9e4a1547e3cae70e43c128c1f290a9490c4b207c2c80f66f9e61,08/23/2025 05:44:00 PM,2,DRIVER,16,2035407,,NOVA BUS,OTHER (EXPLAIN IN NARRATIVE),IL,2014,UNKNOWN,BUS OVER 15 PASS.,CTA,S,OTHER,,,17,,,,,,,,,,,,,,,,,,REAR,,,,,,,,,,,,,,,,,,,,,,,,,,,,,,,,,
2135170,71777d8aed7471bc0a10f359f35554a525a8cf10ebfdd016c6dac459471e71dbddf79481721b9e4a1547e3cae70e43c128c1f290a9490c4b207c2c80f66f9e61,08/23/2025 05:44:00 PM,3,DRIVER,,2035486,,UNKNOWN,OTHER (EXPLAIN IN NARRATIVE),,,UNKNOWN,UNKNOWN/NA,UNKNOWN/NA,S,STRAIGHT AHEAD,,,1,,,,,,,,,,,,,,,,,,FRONT,,,,,,,,,,,,,,,,,,,,,,,,,,,,,,,,,
2135211,6a04adedd11131974758d160953187defb07b1bc38679e9bdcc927e685f257738d17bc2785572915db5fbc85e7b4fb004fc15da31efa3a58bc873bcec505a3f8,08/23/2025 05:34:00 PM,1,DRIVER,,2035437,,BUICK,RIVIERA,IL,1963,NONE,PASSENGER,PERSONAL,SE,TURNING LEFT,Y,,1,,PRIVATE TOW,,,,,,,,,,Y,Y,Y,Y,Y,,SIDE-LEFT,,,,,,,,,,,,,,,,,,,,,,,,,,,,,,,,,
2135212,6a04adedd11131974758d160953187defb07b1bc38679e9bdcc927e685f257738d17bc2785572915db5fbc85e7b4fb004fc15da31efa3a58bc873bcec505a3f8,08/23/2025 05:34:00 PM,2,DRIVER,,2035446,,FORD,FUSION,IN,2010,NONE,PASSENGER,PERSONAL,W,STRAIGHT AHEAD,,,1,,,,,Y,,,,,,,,,,Y,Y,,FRONT,,,,,,,,,,,,,,,,,,,,,,,,,,,,,,,,,
2136163,008a2bfd290029369bb67660016af0e28897cdc1be959e26a1e951344bb2351c585b3bfb0ed00095eb1656ff51207428753eaeacfae135df558cd6c87b38b3a6,08/23/2025 05:30:00 PM,1,DRIVER,,2036360,,MERCEDES-BENZ,G-CLASS,NY,2010,UNKNOWN,SPORT UTILITY VEHICLE (SUV),PERSONAL,S,UNKNOWN/NA,,,1,,,,,,,,,,,,,,,Y,,,FRONT-LEFT-CORNER,,,,,,,,,,,,,,,,,,,,,,,,,,,,,,,,,
2136164,008a2bfd290029369bb67660016af0e28897cdc1be959e26a1e951344bb2351c585b3bfb0ed00095eb1656ff51207428753eaeacfae135df558cd6c87b38b3a6,08/23/2025 05:30:00 PM,2,DRIVER,,2036368,,HONDA,ACCORD,IL,2021,UNKNOWN,PASSENGER,PERSONAL,W,UNKNOWN/NA,,,1,,,,,Y,,,,,,,,,,,,,FRONT-RIGHT-CORNER,,,,,,,,,,,,,,,,,,,,,,,,,,,,,,,,,
2135184,2fa9dae537e6f2d408874f239456bb6d720aa13306b883fa364c91b951da5542fe3aab753253e24153ddae1c9b6c0b4a42675f71d98126e65e8797dd2ff57562,08/23/2025 05:30:00 PM,1,DRIVER,,2035410,,TOYOTA,PRIUS,IL,2016,UNKNOWN,PASSENGER,PERSONAL,E,STRAIGHT AHEAD,,,1,,,,,Y,Y,Y,Y,Y,,Y,Y,Y,Y,Y,Y,,FRONT,,,,,,,,,,,,,,,,,,,,,,,,,,,,,,,,,
2135185,2fa9dae537e6f2d408874f239456bb6d720aa13306b883fa364c91b951da5542fe3aab753253e24153ddae1c9b6c0b4a42675f71d98126e65e8797dd2ff57562,08/23/2025 05:30:00 PM,2,DRIVER,,2035413,,DODGE,CHARGER,IL,2022,UNKNOWN,PASSENGER,PERSONAL,N,STRAIGHT AHEAD,Y,,1,,OWNER,,,,,,N,Y,Y,Y,Y,,,,,,REAR,,,,,,,,,,,,,,,,,,,,,,,,,,,,,,,,,
2135148,ed9aec6d2a5e55556f4e823aff48ffd14a502fa74ec17c344a46efd674faae0796f0ae31f03b8bb99138800aea8b35c215ffa679ba5735234e6644ccd32adbc8,08/23/2025 05:28:00 PM,1,DRIVER,,2035374,,NISSAN,ARMADA,AZ,2011,NONE,SPORT UTILITY VEHICLE (SUV),PERSONAL,W,MERGING,,,1,,,,,,,,,,,,,,Y,Y,Y,,FRONT-LEFT-CORNER,,,,,,,,,,,,,,,,,,,,,,,,,,,,,,,,,
2135149,ed9aec6d2a5e55556f4e823aff48ffd14a502fa74ec17c344a46efd674faae0796f0ae31f03b8bb99138800aea8b35c215ffa679ba5735234e6644ccd32adbc8,08/23/2025 05:28:00 PM,2,DRIVER,,2035395,,AUDI,Q8,IL,2021,NONE,SPORT UTILITY VEHICLE (SUV),PERSONAL,W,MERGING,,,1,,,,,Y,Y,Y,,,,,,,,,Y,,FRONT-RIGHT-CORNER,,,,,,,,,,,,,,,,,,,,,,,,,,,,,,,,,
2135134,6b8420d3029e5fc5521543e81d2d099e703a9c8aa20f9975cdb8bce05f7e2129e82314174517174218e7ca563a8e1b493f5bd41694243be24369d2bd34029704,08/23/2025 05:25:00 PM,1,DRIVER,1,2035377,,VOLKSWAGEN,TIGUAN,IL,2016,NONE,PASSENGER,PERSONAL,N,STRAIGHT AHEAD,,,2,,,,,,,,,,,,,,,Y,,,FRONT-LEFT-CORNER,,,,,,,,,,,,,,,,,,,,,,,,,,,,,,,,,
2135135,6b8420d3029e5fc5521543e81d2d099e703a9c8aa20f9975cdb8bce05f7e2129e82314174517174218e7ca563a8e1b493f5bd41694243be24369d2bd34029704,08/23/2025 05:25:00 PM,2,DRIVER,,2035390,,NISSAN,ALTIMA,IL,2018,NONE,PASSENGER,PERSONAL,N,PASSING/OVERTAKING,,,1,,,,,,N,Y,Y,Y,,,,,,,,,SIDE-LEFT,,,,,,,,,,,,,,,,,,,,,,,,,,,,,,,,,