CRASH_UNIT_ID,CRASH_RECORD_ID,CRASH_DATE,UNIT_NO,UNIT_TYPE,NUM_PASSENGERS,VEHICLE_ID,CMRC_VEH_I,MAKE,MODEL,LIC_PLATE_STATE,VEHICLE_YEAR,VEHICLE_DEFECT,VEHICLE_TYPE,VEHICLE_USE,TRAVEL_DIRECTION,MANEUVER,TOWED_I,FIRE_I,OCCUPANT_CNT,EXCEED_SPEED_LIMIT_I,TOWED_BY,TOWED_TO,AREA_00_I,AREA_01_I,AREA_02_I,AREA_03_I,AREA_04_I,AREA_05_I,AREA_06_I,AREA_07_I,AREA_08_I,AREA_09_I,AREA_10_I,AREA_11_I,AREA_12_I,AREA_99_I,FIRST_CONTACT_POINT,CMV_ID,USDOT_NO,CCMC_NO,ILCC_NO,COMMERCIAL_SRC,GVWR,CARRIER_NAME,CARRIER_STATE,CARRIER_CITY,HAZMAT_PLACARDS_I,HAZMAT_NAME,UN_NO,HAZMAT_PRESENT_I,HAZMAT_REPORT_I,HAZMAT_REPORT_NO,MCS_REPORT_I,MCS_REPORT_NO,HAZMAT_VIO_CAUSE_CRASH_I,MCS_VIO_CAUSE_CRASH_I,IDOT_PERMIT_NO,WIDE_LOAD_I,TRAILER1_WIDTH,TRAILER2_WIDTH,TRAILER1_LENGTH,TRAILER2_LENGTH,TOTAL_VEHICLE_LENGTH,AXLE_CNT,VEHICLE_CONFIG,CARGO_BODY_TYPE,LOAD_TYPE,HAZMAT_OUT_OF_SERVICE_I,MCS_OUT_OF_SERVICE_I,HAZMAT_CLASS
2135111,f19b448700ea808ec996748e9cadac44a188e76464da2b23d5b5aa51cea606570829ae12a07c2360000023b43da508236fac8749f95f9766b57a7ab797e32077,08/23/2025 05:20:00 PM,1,DRIVER,,2035335,,MITSUBISHI,MIRAGE,IL,2021,UNKNOWN,PASSENGER,UNKNOWN/NA,N,STRAIGHT AHEAD,,,1,,,,,,,,,,,,,,Y,Y,,,FRONT-LEFT-CORNER,,,,,,,,,,,,,,,,,,,,,,,,,,,,,,,,,
2135112,f19b448700ea808ec996748e9cadac44a188e76464da2b23d5b5aa51cea606570829ae12a07c2360000023b43da508236fac8749f95f9766b57a7ab797e32077,08/23/2025 05:20:00 PM,2,DRIVER,,2035341,,SUBARU,ASCENT,IL,2021,UNKNOWN,PASSENGER,UNKNOWN/NA,N,STRAIGHT AHEAD,,,1,,,,,,,,,,Y,,,,,,N,,REAR,,,,,,,,,,,,,,,,,,,,,,,,,,,,,,,,,
2135065,7dbe5621393eb52e788de2e7cc1184ee943189633873b8ecd39a26445fd7ddb759152278e939b7bd97ad2450abee16d2e7beb4ccd151dbcb66d53c34bc0bfe7b,08/23/2025 05:18:00 PM,1,DRIVER,,2035309,,TOYOTA,OTHER (EXPLAIN IN NARRATIVE),IL,2001,UNKNOWN,PASSENGER,UNKNOWN/NA,UNKNOWN,UNKNOWN/NA,,,1,,,,,,,,,,,,,,,,,Y,UNKNOWN,,,,,,,,,,,,,,,,,,,,,,,,,,,,,,,,,
2135066,7dbe5621393eb52e788de2e7cc1184ee943189633873b8ecd39a26445fd7ddb759152278e939b7bd97ad2450abee16d2e7beb4ccd151dbcb66d53c34bc0bfe7b,08/23/2025 05:18:00 PM,2,PARKED,,2035289,,SUBARU,FORESTER,IL,2017,NONE,PASSENGER,PERSONAL,UNKNOWN,PARKED,,,0,,,,,,,,,,Y,Y,,,,,,,REAR-LEFT-CORNER,,,,,,,,,,,,,,,,,,,,,,,,,,,,,,,,,
2135132,844b52cb190e1eaff79af956f16b5ca08023705b5d286bf84af2319bed0acaea8941e2d553db62e04c537aa22781d9c26ad4f910b261f12c8790a6dcfa2f13b0,08/23/2025 05:15:00 PM,1,DRIVER,,2035361,,CHEVROLET,EQUINOX,IL,2021,UNKNOWN,SPORT UTILITY VEHICLE (SUV),PERSONAL,N,STRAIGHT AHEAD,,,1,,,,,,,,,,,,,Y,Y,Y,,,FRONT-LEFT-CORNER,,,,,,,,,,,,,,,,,,,,,,,,,,,,,,,,,
2135133,844b52cb190e1eaff79af956f16b5ca08023705b5d286bf84af2319bed0acaea8941e2d553db62e04c537aa22781d9c26ad4f910b261f12c8790a6dcfa2f13b0,08/23/2025 05:15:00 PM,2,PARKED,,2035367,,LEXUS,ES300,IL,2003,UNKNOWN,PASSENGER,NOT IN USE,N,PARKED,,,0,,,,,,,,Y,Y,,,,,,,,,REAR-RIGHT-CORNER,,,,,,,,,,,,,,,,,,,,,,,,,,,,,,,,,
2135125,3bf0181b117ca8e29184eef4268a33a5e567a4c2d773bf0f47e32d44fd839c8a7985694023bde865fbbc466ed404b82a6bec97409cd13ec72425e727e90577b2,08/23/2025 05:10:00 PM,1,DRIVER,,2035351,,TOYOTA,COROLLA,IL,2015,NONE,PASSENGER,PERSONAL,SE,ENTERING TRAFFIC LANE FROM PARKING,Y,,1,,INSURANCE,,,,N,N,N,,,,,,,Y,,,FRONT-LEFT-CORNER,,,,,,,,,,,,,,,,,,,,,,,,,,,,,,,,,
2135126,3bf0181b117ca8e29184eef4268a33a5e567a4c2d773bf0f47e32d44fd839c8a7985694023bde865fbbc466ed404b82a6bec97409cd13ec72425e727e90577b2,08/23/2025 05:10:00 PM,2,DRIVER,1,2035360,,JEEP,GRAND CHEROKEE,IL,2019,NONE,PASSENGER,PERSONAL,S,STRAIGHT AHEAD,,,2,,,,,,Y,Y,Y,,,,,,,,,,SIDE-RIGHT,,,,,,,,,,,,,,,,,,,,,,,,,,,,,,,,,
2135109,58d501058880a45c3d408f74163dc32413e9cec98f37f6e74f8287b65c5a44bcdd0351a56497c6008f8b5a8a243f21055c5c3b0eb93c7c6df456142ea05552e6,08/23/2025 05:10:00 PM,1,DRIVER,,2035332,N,UNKNOWN,OTHER (EXPLAIN IN NARRATIVE),IL,,UNKNOWN,TRUCK - SINGLE UNIT,UNKNOWN/NA,N,STRAIGHT AHEAD,,,1,,,,,Y,,,,,,,,,,Y,Y,,FRONT,,,,,,,,,,,,,,,,,,,,,,,,,,,,,,,,,
2135110,58d501058880a45c3d408f74163dc32413e9cec98f37f6e74f8287b65c5a44bcdd0351a56497c6008f8b5a8a243f21055c5c3b0eb93c7c6df456142ea05552e6,08/23/2025 05:10:00 PM,2,DRIVER,3,2035337,,NISSAN,KICKS,IL,2024,UNKNOWN,PASSENGER,PERSONAL,N,STRAIGHT AHEAD,,,4,,,,,,,,,Y,Y,Y,,,,,,,REAR,,,,,,,,,,,,,,,,,,,,,,,,,,,,,,,,,
2135061,c4faf113686467474b5abe4eaa48a588971130222ccf74513ff088e217278be5f3f1ecd1e4ff66b3cd521e960f24e88f45ad5882dbae33a179c57537732ab91a,08/23/2025 05:10:00 PM,1,DRIVER,1,2035312,,JEEP,WRANGLER,IL,2010,NONE,PASSENGER,PERSONAL,NW,TURNING LEFT,,,2,,,,,,,,,,,,,,,Y,,,FRONT-LEFT-CORNER,,,,,,,,,,,,,,,,,,,,,,,,,,,,,,,,,
2135062,c4faf113686467474b5abe4eaa48a588971130222ccf74513ff088e217278be5f3f1ecd1e4ff66b3cd521e960f24e88f45ad5882dbae33a179c57537732ab91a,08/23/2025 05:10:00 PM,2,DRIVER,,2035384,,LEXUS,ES330,IL,2005,NONE,PASSENGER,PERSONAL,SW,TURNING LEFT,,,1,,,,,,,Y,,,,,,,,,,,SIDE-RIGHT-REAR,,,,,,,,,,,,,,,,,,,,,,,,,,,,,,,,,
2135127,aeb7c336d9d8a849d77bd5f7eab3f99eeb13f659f3a84c0b6aac54f8b465fdcc63fd3f472c518fabdc2c5d50ddc6829198988fa7b34c95f5c4f6e71848eda6e0,08/23/2025 05:07:00 PM,1,DRIVER,,2035344,,INFINITI,QX50,,,UNKNOWN,SPORT UTILITY VEHICLE (SUV),PERSONAL,W,STRAIGHT AHEAD,,,1,,,,,,,,,,,,,Y,Y,Y,,,UNKNOWN,,,,,,,,,,,,,,,,,,,,,,,,,,,,,,,,,
2135128,aeb7c336d9d8a849d77bd5f7eab3f99eeb13f659f3a84c0b6aac54f8b465fdcc63fd3f472c518fabdc2c5d50ddc6829198988fa7b34c95f5c4f6e71848eda6e0,08/23/2025 05:07:00 PM,3,PARKED,,2035349,,NISSAN,PATHFINDER,IL,2013,UNKNOWN,SPORT UTILITY VEHICLE (SUV),PERSONAL,UNKNOWN,PARKED,,,0,,,,,,,,,Y,Y,Y,,,,,,,REAR,,,,,,,,,,,,,,,,,,,,,,,,,,,,,,,,,
2135129,aeb7c336d9d8a849d77bd5f7eab3f99eeb13f659f3a84c0b6aac54f8b465fdcc63fd3f472c518fabdc2c5d50ddc6829198988fa7b34c95f5c4f6e71848eda6e0,08/23/2025 05:07:00 PM,2,PARKED,,2035353,,FORD,F150,IL,2013,UNKNOWN,PICKUP,PERSONAL,UNKNOWN,PARKED,,,0,,,,,,,,Y,Y,Y,N,,,,,,,SIDE-RIGHT-REAR,,,,,,,,,,,,,,,,,,,,,,,,,,,,,,,,,
2135059,40086c9e1de76a2f1f188eddabba7a2d9078040425c8e92ad87fb7b3ab93bdfed74a5bbce50e879d4e4337b267d6dea59a4048098bb5ec392a79d3f6158a1349,08/23/2025 05:00:00 PM,1,DRIVER,,2035287,,HONDA,HR-V,IL,2025,UNKNOWN,PASSENGER,PERSONAL,S,CHANGING LANES,,,1,,,,,Y,Y,Y,,,,,,,,,,,SIDE-RIGHT,,,,,,,,,,,,,,,,,,,,,,,,,,,,,,,,,
2135060,40086c9e1de76a2f1f188eddabba7a2d9078040425c8e92ad87fb7b3ab93bdfed74a5bbce50e879d4e4337b267d6dea59a4048098bb5ec392a79d3f6158a1349,08/23/2025 05:00:00 PM,2,DRIVER,,2035292,,BMW,OTHER (EXPLAIN IN NARRATIVE),IL,2017,UNKNOWN,PASSENGER,PERSONAL,S,STRAIGHT AHEAD,,,1,,,,,,,,,,,,,,Y,Y,Y,,FRONT-LEFT-CORNER,,,,,,,,,,,,,,,,,,,,,,,,,,,,,,,,,
2136342,ba9b00afc275b178577d12d025c4c615f26e7116d64c8ae3121d922882c14367036f4e6ad1d7e7f951196f378b4b54c137364fb795c30e12357c59b1afb3ff4e,08/23/2025 05:00:00 PM,1,DRIVER,,2036527,,LEXUS,RX350,IL,2024,UNKNOWN,PASSENGER,UNKNOWN/NA,UNKNOWN,UNKNOWN/NA,,,1,,,,,Y,,,,,,,,,,Y,Y,,FRONT,,,,,,,,,,,,,,,,,,,,,,,,,,,,,,,,,
2136343,ba9b00afc275b178577d12d025c4c615f26e7116d64c8ae3121d922882c14367036f4e6ad1d7e7f951196f378b4b54c137364fb795c30e12357c59b1afb3ff4e,08/23/2025 05:00:00 PM,2,DRIVER,,2036528,,CHEVROLET,TAHOE,IL,2007,NONE,SPORT UTILITY VEHICLE (SUV),PERSONAL,E,OTHER,,,1,,,,,Y,,,,,,,,,,Y,Y,,FRONT,,,,,,,,,,,,,,,,,,,,,,,,,,,,,,,,,
2135051,d998598ed926f91cf53e5601807568b7ca2edca7afeb75049b4a2d8d54f25da1b97dabd4023ddc0c2d2072af01b08c0c7a1352d48ce88d8b0949b2f2a0cc649b,08/23/2025 05:00:00 PM,1,DRIVER,,2035284,,NISSAN,OTHER (EXPLAIN IN NARRATIVE),IL,2016,NONE,PASSENGER,UNKNOWN/NA,N,TURNING RIGHT,,,1,,,,,Y,Y,,,,,,,,,,,,FRONT-RIGHT-CORNER,,,,,,,,,,,,,,,,,,,,,,,,,,,,,,,,,
2135052,d998598ed926f91cf53e5601807568b7ca2edca7afeb75049b4a2d8d54f25da1b97dabd4023ddc0c2d2072af01b08c0c7a1352d48ce88d8b0949b2f2a0cc649b,08/23/2025 05:00:00 PM,2,DRIVER,,2035291,,CHEVROLET,OTHER (EXPLAIN IN NARRATIVE),IL,1993,NONE,PICKUP,PERSONAL,N,TURNING RIGHT,,,1,,,,,,,,,N,,Y,,,,,,,REAR-LEFT-CORNER,,,,,,,,,,,,,,,,,,,,,,,,,,,,,,,,,
2135144,ec88075d860066ced5c934b59a781e9d7cb8671eee1f19826df203b30c9967b9106a6321936fb8ebb249cab4c53b01d9e60f28fd33ec537bc2005cec68b6ed79,08/23/2025 05:00:00 PM,1,DRIVER,,2035379,,MITSUBISHI,OTHER (EXPLAIN IN NARRATIVE),,,NONE,SPORT UTILITY VEHICLE (SUV),UNKNOWN/NA,W,STRAIGHT AHEAD,,,1,,,,,Y,,,,,,,,,,Y,Y,,FRONT,,,,,,,,,,,,,,,,,,,,,,,,,,,,,,,,,
2135145,ec88075d860066ced5c934b59a781e9d7cb8671eee1f19826df203b30c9967b9106a6321936fb8ebb249cab4c53b01d9e60f28fd33ec537bc2005cec68b6ed79,08/23/2025 05:00:00 PM,2,DRIVER,,2035369,,FORD,TAURUS,IL,2008,NONE,PASSENGER,PERSONAL,W,STRAIGHT AHEAD,,,1,,,,,,,,,Y,Y,Y,Y,Y,,N,,,REAR,,,,,,,,,,,,,,,,,,,,,,,,,,,,,,,,,
2135098,6c24a569202f45f6a6f2d531cafd09501d0cfd508b915b2538728e8acd17e9ccadb63e2d4593c34adf1c51c0e9f393166234f146ebe338486f240448023214b2,08/23/2025 04:56:00 PM,1,DRIVER,,2035326,,GENERAL MOTORS CORPORATION (GMC),TRUCK,IN,,UNKNOWN,UNKNOWN/NA,UNKNOWN/NA,SE,STRAIGHT AHEAD,,,1,,,,,,,,,,,,,,,,,Y,SIDE-RIGHT,,,,,,,,,,,,,,,,,,,,,,,,,,,,,,,,,
2135099,6c24a569202f45f6a6f2d531cafd09501d0cfd508b915b2538728e8acd17e9ccadb63e2d4593c34adf1c51c0e9f393166234f146ebe338486f240448023214b2,08/23/2025 04:56:00 PM,2,PARKED,,2035336,,BMW,X5,IL,2006,UNKNOWN,PASSENGER,PERSONAL,SE,PARKED,,,0,,,,,,,,,,,,,Y,Y,,,,SIDE-LEFT,,,,,,,,,,,,,,,,,,,,,,,,,,,,,,,,,
2136303,245c86e20bdfe27c4d3d75baf4b8c7a665da369e3cf8e68f7589679ea1624e79a90f9e2b29d6774dd13779a0bea8d49f1fb1f7e93a75966209d1c43bbb4009ba,08/23/2025 04:55:00 PM,1,DRIVER,,2036497,,FORD,FOCUS,IL,2014,UNKNOWN,PASSENGER,PERSONAL,E,STRAIGHT AHEAD,,,1,,,,,,,,,,,,,,,,Y,,FRONT,,,,,,,,,,,,,,,,,,,,,,,,,,,,,,,,,
2136304,245c86e20bdfe27c4d3d75baf4b8c7a665da369e3cf8e68f7589679ea1624e79a90f9e2b29d6774dd13779a0bea8d49f1fb1f7e93a75966209d1c43bbb4009ba,08/23/2025 04:55:00 PM,2,DRIVER,,2036503,,TOYOTA,PRIUS,IL,2010,NONE,PASSENGER,PERSONAL,E,STRAIGHT AHEAD,,,1,,,,,,,,,,Y,,,,,,,,REAR,,,,,,,,,,,,,,,,,,,,,,,,,,,,,,,,,
2136217,eeaf1eadc9a59e20d32f0c55cdfe8bc0f4cdfc13c48cfb9d74cee9c8e55b2a11e876b262d845d7ef57d5d834e248c87123dcc5115f99d5d556df4d025e1b1334,08/23/2025 04:55:00 PM,1,DRIVER,,2036408,,HONDA,ACCORD,IL,2000,UNKNOWN,PASSENGER,UNKNOWN/NA,W,STRAIGHT AHEAD,,,1,,,,,,,,,,,,,,,,Y,,FRONT,,,,,,,,,,,,,,,,,,,,,,,,,,,,,,,,,
2136218,eeaf1eadc9a59e20d32f0c55cdfe8bc0f4cdfc13c48cfb9d74cee9c8e55b2a11e876b262d845d7ef57d5d834e248c87123dcc5115f99d5d556df4d025e1b1334,08/23/2025 04:55:00 PM,2,DRIVER,,2036409,,CHEVROLET,MALIBU,IL,2019,UNKNOWN,PASSENGER,UNKNOWN/NA,W,STRAIGHT AHEAD,,,1,,,,,,,,,,Y,,,,,,,,REAR,,,,,,,,,,,,,,,,,,,,,,,,,,,,,,,,,
2135079,025462f35a9f5c8f84caa0836041a4227c630db7119ef148d368bc1d450bdd889caef40d86b4b4751739a3c77b228aaecfad13ea85c6ba14cef655a17e562d96,08/23/2025 04:54:00 PM,1,BICYCLE,,,,,,,,,,,,,,,,,,,,,,,,,,,,,,,,,,,,,,,,,,,,,,,,,,,,,,,,,,,,,,,,,,
2135080,025462f35a9f5c8f84caa0836041a4227c630db7119ef148d368bc1d450bdd889caef40d86b4b4751739a3c77b228aaecfad13ea85c6ba14cef655a17e562d96,08/23/2025 04:54:00 PM,2,DRIVER,1,2035319,,JAGUAR,XJ,IL,2012,NONE,PASSENGER,PERSONAL,S,STARTING IN TRAFFIC,,,2,,,,,Y,,,,,,,,,,,Y,,FRONT-RIGHT-CORNER,,,,,,,,,,,,,,,,,,,,,,,,,,,,,,,,,
2135150,9d929bf83c2f91669e7c9898e814468e30506aa2e6d3db95a0f5fdd6884ab04c2493397062baa2c9b2ea1ce0e288c244f5b67fa832c4ac4ebcb68224263080f1,08/23/2025 04:51:00 PM,1,DRIVER,,2035373,,TOYOTA,RAV4,IA,2025,UNKNOWN,SPORT UTILITY VEHICLE (SUV),UNKNOWN/NA,N,ENTERING TRAFFIC LANE FROM PARKING,,,1,,,,,,,,,,,,,,,,,Y,SIDE-LEFT,,,,,,,,,,,,,,,,,,,,,,,,,,,,,,,,,
2135151,9d929bf83c2f91669e7c9898e814468e30506aa2e6d3db95a0f5fdd6884ab04c2493397062baa2c9b2ea1ce0e288c244f5b67fa832c4ac4ebcb68224263080f1,08/23/2025 04:51:00 PM,2,DRIVER,,2035388,,DODGE,RAM 1500 PU,IL,2019,NONE,PICKUP,PERSONAL,N,STRAIGHT AHEAD,,,1,,,,,Y,Y,,,,,,,,,,,,FRONT-RIGHT-CORNER,,,,,,,,,,,,,,,,,,,,,,,,,,,,,,,,,
2135092,6592429f0bbc9cffc06fcad037dc2478541f5a8d2548f76cfcaba1ea756177ae1fc5191a5e5ac69c622c805611bee1586abe77084d02fa450b172799f4da3ccc,08/23/2025 04:50:00 PM,1,DRIVER,,2035323,,TOYOTA,TUNDRA,IL,2010,UNKNOWN,PICKUP,PERSONAL,E,TURNING RIGHT,,,1,,,,,,,,,,,,Y,Y,Y,N,,,SIDE-LEFT,,,,,,,,,,,,,,,,,,,,,,,,,,,,,,,,,
2135093,6592429f0bbc9cffc06fcad037dc2478541f5a8d2548f76cfcaba1ea756177ae1fc5191a5e5ac69c622c805611bee1586abe77084d02fa450b172799f4da3ccc,08/23/2025 04:50:00 PM,2,DRIVER,,2035333,N,NOVA BUS,RTS,IL,2015,UNKNOWN,BUS OVER 15 PASS.,CTA,E,STRAIGHT AHEAD,,,1,,,,,,Y,Y,Y,,,,,,,,,,SIDE-RIGHT,,,,,,,,,,,,,,,,,,,,,,,,,,,,,,,,,
2135047,c265aeba0469cf3f79115405b38de8bf80b7204f30c419c422f270c6e6c1e39eacd7ad805a2d735a9581c96a02a3b974fca1a366a99e6f51db658be9b303a387,08/23/2025 04:47:00 PM,1,DRIVER,,2035276,,FORD,TAURUS,IL,2015,UNKNOWN,PASSENGER,PERSONAL,N,TURNING LEFT,,,1,,,,,,,,Y,Y,,,,,,,,,REAR-RIGHT-CORNER,,,,,,,,,,,,,,,,,,,,,,,,,,,,,,,,,
2135048,c265aeba0469cf3f79115405b38de8bf80b7204f30c419c422f270c6e6c1e39eacd7ad805a2d735a9581c96a02a3b974fca1a366a99e6f51db658be9b303a387,08/23/2025 04:47:00 PM,2,DRIVER,,2035283,,NISSAN,VERSA,IL,2023,UNKNOWN,PASSENGER,PERSONAL,S,STRAIGHT AHEAD,,,1,,,,,,Y,,,,,,,,,,,,SIDE-RIGHT-FRONT,,,,,,,,,,,,,,,,,,,,,,,,,,,,,,,,,
2135100,4fb82520c8826ee9a0218dd1ae0246f20a034ca514c7c8990c0b749bccd63148eaf3ce38cd6cdc496b86c600237145c8eac3fdd9bf6b4defe299ce373b1a5712,08/23/2025 04:45:00 PM,1,DRIVER,,2035328,,UNKNOWN,OTHER (EXPLAIN IN NARRATIVE),,,UNKNOWN,VAN/MINI-VAN,UNKNOWN/NA,N,STRAIGHT AHEAD,,,1,,,,,,,,,,,,,,,,,Y,FRONT-RIGHT-CORNER,,,,,,,,,,,,,,,,,,,,,,,,,,,,,,,,,
2135101,4fb82520c8826ee9a0218dd1ae0246f20a034ca514c7c8990c0b749bccd63148eaf3ce38cd6cdc496b86c600237145c8eac3fdd9bf6b4defe299ce373b1a5712,08/23/2025 04:45:00 PM,2,PARKED,,2035321,,CHEVROLET,SILVERADO,IL,2016,NONE,PICKUP,NOT IN USE,N,PARKED,,,0,,,,,,,,,,,,Y,Y,Y,,,,SIDE-LEFT,,,,,,,,,,,,,,,,,,,,,,,,,,,,,,,,,
2135040,6283b3e5dbbea2415e0832d2daba1eaf49dd9a2d39e8121b684958fe5898ccbd305b998929848d59c53d7eb0eca924b49a7a836830a85f61e1f8fc8a8b2245c2,08/23/2025 04:45:00 PM,1,DRIVER,1,2035271,,HONDA,CR-V,IL,2023,UNKNOWN,PASSENGER,PERSONAL,N,TURNING LEFT,,,2,,,,,Y,,,,,,,,,,,Y,,FRONT-LEFT-CORNER,,,,,,,,,,,,,,,,,,,,,,,,,,,,,,,,,
2135055,6283b3e5dbbea2415e0832d2daba1eaf49dd9a2d39e8121b684958fe5898ccbd305b998929848d59c53d7eb0eca924b49a7a836830a85f61e1f8fc8a8b2245c2,08/23/2025 04:45:00 PM,2,DRIVER,2,2035279,,LEXUS,ES300,IL,2015,UNKNOWN,PASSENGER,RIDESHARE SERVICE,S,STRAIGHT AHEAD,,,3,,,,,,,,,,,Y,Y,Y,,,,,SIDE-LEFT-REAR,,,,,,,,,,,,,,,,,,,,,,,,,,,,,,,,,
2135113,b73a9a2685cbfaea36662a0ee9d3469f91b0d9d275bf313ac480535b384e476cf2799ddcbfd4d5529b0363eeaf8c23f713e3a54a8d3b93358ed9ba949ed6caf6,08/23/2025 04:45:00 PM,1,DRIVER,,2035340,,HYUNDAI,SONATA,IN,2022,NONE,PASSENGER,PERSONAL,N,TURNING LEFT,N,,1,,,,,,Y,Y,Y,,,,,,,,,,SIDE-RIGHT,,,,,,,,,,,,,,,,,,,,,,,,,,,,,,,,,
2135114,b73a9a2685cbfaea36662a0ee9d3469f91b0d9d275bf313ac480535b384e476cf2799ddcbfd4d5529b0363eeaf8c23f713e3a54a8d3b93358ed9ba949ed6caf6,08/23/2025 04:45:00 PM,2,DRIVER,,2035346,,BMW,X5,IL,2016,NONE,PASSENGER,PERSONAL,W,STRAIGHT AHEAD,Y,,1,,PRIVATE,,,Y,,,,,,,,,,Y,Y,,FRONT,,,,,,,,,,,,,,,,,,,,,,,,,,,,,,,,,
2135096,51fd2d735129281d3bc627b33cd26a813e3eac77bed531a1d6a03a29155dab48cc74ee8bcd9d0c0c7530f4402afd7db7dc786957996bc5d119a160ca74364529,08/23/2025 04:42:00 PM,1,DRIVER,,2035327,,NEW FLYER,OTHER (EXPLAIN IN NARRATIVE),IL,2007,UNKNOWN,BUS OVER 15 PASS.,CTA,W,STRAIGHT AHEAD,,,1,,,,,,,Y,Y,,,,,,,,,,SIDE-RIGHT-REAR,,,,,,,,,,,,,,,,,,,,,,,,,,,,,,,,,
2135097,51fd2d735129281d3bc627b33cd26a813e3eac77bed531a1d6a03a29155dab48cc74ee8bcd9d0c0c7530f4402afd7db7dc786957996bc5d119a160ca74364529,08/23/2025 04:42:00 PM,2,PARKED,,2035339,,FORD,FUSION,IL,2012,UNKNOWN,PASSENGER,PERSONAL,N,PARKED,,,0,,,,,,,,,Y,Y,Y,,,,,,,REAR,,,,,,,,,,,,,,,,,,,,,,,,,,,,,,,,,
2135094,e09b9420149d5e00bb01fb3950b96021da1deebb99049574647230e8fbeca3cf5393eff1de97aed268433abd73b926c0b7bf6dc8f8514bb8c296e56443a1046e,08/23/2025 04:37:00 PM,1,DRIVER,,2035330,,CHEVROLET,COBALT,IL,2006,UNKNOWN,PASSENGER,PERSONAL,W,STRAIGHT AHEAD,N,,1,,,,,Y,,,,,,,,Y,Y,Y,Y,,FRONT-LEFT-CORNER,,,,,,,,,,,,,,,,,,,,,,,,,,,,,,,,,
2135095,e09b9420149d5e00bb01fb3950b96021da1deebb99049574647230e8fbeca3cf5393eff1de97aed268433abd73b926c0b7bf6dc8f8514bb8c296e56443a1046e,08/23/2025 04:37:00 PM,2,DRIVER,,2035338,,CHEVROLET,MALIBU,IL,2016,UNKNOWN,PASSENGER,PERSONAL,W,STRAIGHT AHEAD,Y,,1,,PRIVATE TOW,,,Y,Y,Y,,,,,,,,,,,FRONT-RIGHT-CORNER,,,,,,,,,,,,,,,,,,,,,,,,,,,,,,,,,
2135038,29e282fbc5f7e8e619d23bfbefa436b62384fab3e77b4bfee0bb526a4f1d54cf5967ff661bb091088fb62d1e39ec9180170adff64888b1091794a8b185554d45,08/23/2025 04:30:00 PM,1,DRIVER,1,2035268,,KIA,SPORTAGE,IL,2025,UNKNOWN,PASSENGER,PERSONAL,N,PASSING/OVERTAKING,,,2,,,,,Y,,,,,,,,,,,,,FRONT-RIGHT-CORNER,,,,,,,,,,,,,,,,,,,,,,,,,,,,,,,,,
2135039,29e282fbc5f7e8e619d23bfbefa436b62384fab3e77b4bfee0bb526a4f1d54cf5967ff661bb091088fb62d1e39ec9180170adff64888b1091794a8b185554d45,08/23/2025 04:30:00 PM,2,PARKED,,2035272,,MAZDA,OTHER (EXPLAIN IN NARRATIVE),IL,2008,UNKNOWN,PASSENGER,NOT IN USE,N,PARKED,,,0,,,,,,,,,,,Y,Y,Y,,,,,REAR-LEFT-CORNER,,,,,,,,,,,,,,,,,,,,,,,,,,,,,,,,,
2135189,2ac8d7327730016c9eae97294aeedffe13087ed16457b3a2e031277cb238e61dfdb87021345900d1cc92db2b2274ecd3751c1f256ec824b221092d1d9e9a9ec2,08/23/2025 04:30:00 PM,1,DRIVER,,2035421,,TOYOTA,COROLLA,IL,2014,OTHER,PASSENGER,DRIVER EDUCATION,NE,MERGING,,,1,,,,,,,,,,,Y,Y,,,,,,REAR-LEFT-CORNER,,,,,,,,,,,,,,,,,,,,,,,,,,,,,,,,,
2135190,2ac8d7327730016c9eae97294aeedffe13087ed16457b3a2e031277cb238e61dfdb87021345900d1cc92db2b2274ecd3751c1f256ec824b221092d1d9e9a9ec2,08/23/2025 04:30:00 PM,2,DRIVER,,2035429,,LINCOLN,NAVIGATOR,IL,2024,NONE,SPORT UTILITY VEHICLE (SUV),TAXI/FOR HIRE,E,STRAIGHT AHEAD,,,1,,,,,Y,,,,,,,,,,Y,Y,,FRONT-RIGHT-CORNER,,,,,,,,,,,,,,,,,,,,,,,,,,,,,,,,,
2135514,40c9be5f2de6fdb1f3198082ca89bf08072be612da7b0a3b90cca02ab4cc238b9c09078649dc1840db842ad9d708a8c2fe87380a671e192d4f5822012054de0c,08/23/2025 04:28:00 PM,1,DRIVER,,2035732,,DODGE,RAM 1500 PU,IL,2014,NONE,PICKUP,PERSONAL,NE,STRAIGHT AHEAD,Y,,1,,PRIVATE,,,Y,,,,,,,,,,Y,Y,,FRONT,,,,,,,,,,,,,,,,,,,,,,,,,,,,,,,,,
2135515,40c9be5f2de6fdb1f3198082ca89bf08072be612da7b0a3b90cca02ab4cc238b9c09078649dc1840db842ad9d708a8c2fe87380a671e192d4f5822012054de0c,08/23/2025 04:28:00 PM,2,DRIVER,1,2035733,,TOYOTA,TACOMA,IL,2016,NONE,PICKUP,PERSONAL,NE,SLOW/STOP IN TRAFFIC,,,2,,,,,,,,,,Y,,,,,,,,REAR,,,,,,,,,,,,,,,,,,,,,,,,,,,,,,,,,