CRASH_UNIT_ID,CRASH_RECORD_ID,CRASH_DATE,UNIT_NO,UNIT_TYPE,NUM_PASSENGERS,VEHICLE_ID,CMRC_VEH_I,MAKE,MODEL,LIC_PLATE_STATE,VEHICLE_YEAR,VEHICLE_DEFECT,VEHICLE_TYPE,VEHICLE_USE,TRAVEL_DIRECTION,MANEUVER,TOWED_I,FIRE_I,OCCUPANT_CNT,EXCEED_SPEED_LIMIT_I,TOWED_BY,TOWED_TO,AREA_00_I,AREA_01_I,AREA_02_I,AREA_03_I,AREA_04_I,AREA_05_I,AREA_06_I,AREA_07_I,AREA_08_I,AREA_09_I,AREA_10_I,AREA_11_I,AREA_12_I,AREA_99_I,FIRST_CONTACT_POINT,CMV_ID,USDOT_NO,CCMC_NO,ILCC_NO,COMMERCIAL_SRC,GVWR,CARRIER_NAME,CARRIER_STATE,CARRIER_CITY,HAZMAT_PLACARDS_I,HAZMAT_NAME,UN_NO,HAZMAT_PRESENT_I,HAZMAT_REPORT_I,HAZMAT_REPORT_NO,MCS_REPORT_I,MCS_REPORT_NO,HAZMAT_VIO_CAUSE_CRASH_I,MCS_VIO_CAUSE_CRASH_I,IDOT_PERMIT_NO,WIDE_LOAD_I,TRAILER1_WIDTH,TRAILER2_WIDTH,TRAILER1_LENGTH,TRAILER2_LENGTH,TOTAL_VEHICLE_LENGTH,AXLE_CNT,VEHICLE_CONFIG,CARGO_BODY_TYPE,LOAD_TYPE,HAZMAT_OUT_OF_SERVICE_I,MCS_OUT_OF_SERVICE_I,HAZMAT_CLASS
2135077,b0cd70d86d0b29d600e51180993af2d9c405b31bafe85f936323a1e5b6d84eef77ff1b5ac5b794b6a9c28a492fcf8efa93f5e8b02b0221216e6fcb2a6177de67,08/23/2025 04:26:00 PM,1,PEDESTRIAN,,,,,,,,,,,,,,,,,,,,,,,,,,,,,,,,,,,,,,,,,,,,,,,,,,,,,,,,,,,,,,,,,,
2135078,b0cd70d86d0b29d600e51180993af2d9c405b31bafe85f936323a1e5b6d84eef77ff1b5ac5b794b6a9c28a492fcf8efa93f5e8b02b0221216e6fcb2a6177de67,08/23/2025 04:26:00 PM,2,DRIVER,,2035310,,TOYOTA,CAMRY,IL,2012,UNKNOWN,PASSENGER,PERSONAL,N,STRAIGHT AHEAD,,,1,,,,,,,,,Y,Y,Y,,,,,,,REAR,,,,,,,,,,,,,,,,,,,,,,,,,,,,,,,,,
2135075,f3c426e1a9f64c3040d3054c8448e2d16d0bbb4aac9559d9a49037749bd78a85d80554af767c538d543c5b4070cc591823965805527ebc4502b878b0c7bd1ad6,08/23/2025 04:24:00 PM,1,DRIVER,,2035300,,FORD,OTHER (EXPLAIN IN NARRATIVE),IL,2014,NONE,TRUCK - SINGLE UNIT,PERSONAL,E,BACKING,,,1,,,,,,,,,,,,,,,,,,REAR,,,,,,,,,,,,,,,,,,,,,,,,,,,,,,,,,
2135076,f3c426e1a9f64c3040d3054c8448e2d16d0bbb4aac9559d9a49037749bd78a85d80554af767c538d543c5b4070cc591823965805527ebc4502b878b0c7bd1ad6,08/23/2025 04:24:00 PM,2,DRIVER,,2035306,,LINCOLN,MKZ,IL,2020,NONE,PASSENGER,PERSONAL,W,STRAIGHT AHEAD,,,1,,,,,,,,,,,,,,,,,,FRONT,,,,,,,,,,,,,,,,,,,,,,,,,,,,,,,,,
2135045,758e8f33e5e515910a8780a6cbd02b5fe43b46a31e85c50afa9bd558761615906403c876fb292787dbcec7cbbd6b36b6331995c023d285980c753c9f9ed35484,08/23/2025 04:22:00 PM,1,DRIVER,,2035273,,FORD,FUSION,IL,,NONE,PASSENGER,PERSONAL,W,STRAIGHT AHEAD,,,1,,,,,Y,,,,,,,,,,Y,Y,,FRONT,,,,,,,,,,,,,,,,,,,,,,,,,,,,,,,,,
2135046,758e8f33e5e515910a8780a6cbd02b5fe43b46a31e85c50afa9bd558761615906403c876fb292787dbcec7cbbd6b36b6331995c023d285980c753c9f9ed35484,08/23/2025 04:22:00 PM,2,DRIVER,,2035277,,KAWASAKI,MOTORCYCLE,IL,2023,NONE,MOTORCYCLE (OVER 150CC),PERSONAL,S,STRAIGHT AHEAD,N,,1,,,,,,,,,,,,Y,Y,Y,,,,SIDE-LEFT,,,,,,,,,,,,,,,,,,,,,,,,,,,,,,,,,
2135069,13dfdb701da2afbf906bb448281d23fc384ac11f43076ba33a6ffd6a3d4e54b6cd6d4c2ebcdc9ea27fcbd61516392b639440e436fac5fbfe0def7bd0745434c7,08/23/2025 04:21:00 PM,1,DRIVER,,2035293,N,NAVISTAR,NAVISTAR,,,UNKNOWN,TRUCK - SINGLE UNIT,UNKNOWN/NA,S,STRAIGHT AHEAD,,,1,,,,,N,N,N,N,N,,,,,,,,Y,FRONT-RIGHT-CORNER,,,,,,,,,,,,,,,,,,,,,,,,,,,,,,,,,
2135070,13dfdb701da2afbf906bb448281d23fc384ac11f43076ba33a6ffd6a3d4e54b6cd6d4c2ebcdc9ea27fcbd61516392b639440e436fac5fbfe0def7bd0745434c7,08/23/2025 04:21:00 PM,2,DRIVER,,2035301,,NOVA BUS,OTHER (EXPLAIN IN NARRATIVE),IL,2016,UNKNOWN,BUS OVER 15 PASS.,CTA,S,OTHER,,,1,,,,,,,,,,,Y,Y,Y,Y,Y,,,SIDE-LEFT-REAR,,,,,,,,,,,,,,,,,,,,,,,,,,,,,,,,,
2139184,84b23fec380ad39b7fc3bd40f0a2bc62836984bffc51c23c698c30147b18b7e6d56f6caa343f1a33a0f14d525dcfdeb3f089f605192fd3b36f0fda314628b974,08/23/2025 04:20:00 PM,1,DRIVER,,2039204,,MINI,COUNTRYMAN,IL,2013,UNKNOWN,PASSENGER,PERSONAL,W,STRAIGHT AHEAD,,,1,,,,,,,Y,Y,Y,,,,,,,,,REAR-RIGHT-CORNER,,,,,,,,,,,,,,,,,,,,,,,,,,,,,,,,,
2139185,84b23fec380ad39b7fc3bd40f0a2bc62836984bffc51c23c698c30147b18b7e6d56f6caa343f1a33a0f14d525dcfdeb3f089f605192fd3b36f0fda314628b974,08/23/2025 04:20:00 PM,2,DRIVER,,2039205,,CHEVROLET,TRAIL BLAZER,IL,2005,NONE,PASSENGER,PERSONAL,S,STRAIGHT AHEAD,,,1,,,,,Y,,,,,,,,,,Y,Y,,FRONT,,,,,,,,,,,,,,,,,,,,,,,,,,,,,,,,,
2135025,d9d9769987abbdf51d22fef0d266ce9d19964a2ee1ef323dbeb3823c6fc8ba17417305b716e947976c8fcfc4d2f8e706258e40a642ddb8397220e37946dd6f69,08/23/2025 04:20:00 PM,2,DRIVER,1,2035250,,PONTIAC,OTHER (EXPLAIN IN NARRATIVE),IL,1950,UNKNOWN,PASSENGER,PERSONAL,W,STRAIGHT AHEAD,,,2,,,,,,,,,,,Y,Y,,,,,,SIDE-LEFT-REAR,,,,,,,,,,,,,,,,,,,,,,,,,,,,,,,,,
2135026,d9d9769987abbdf51d22fef0d266ce9d19964a2ee1ef323dbeb3823c6fc8ba17417305b716e947976c8fcfc4d2f8e706258e40a642ddb8397220e37946dd6f69,08/23/2025 04:20:00 PM,1,DRIVER,,2035245,,TOYOTA,4RUNNER,IL,2018,UNKNOWN,PASSENGER,PERSONAL,W,STRAIGHT AHEAD,,,1,,,,,Y,,,,,,,,,,,,,FRONT-RIGHT-CORNER,,,,,,,,,,,,,,,,,,,,,,,,,,,,,,,,,
2135023,1f25587b34afc91b57ba37557a6e7fff1b9c6f68d16b4277dd85fd65e03a0aff432988f4dca538def3238578939d43ec89075f607316d9e13cc4c01651c286b4,08/23/2025 04:15:00 PM,1,DRIVER,,2035246,,SUBARU,FORESTER,IL,2016,UNKNOWN,SPORT UTILITY VEHICLE (SUV),PERSONAL,S,TURNING LEFT,,,1,,,,,Y,N,N,,,,,,Y,Y,Y,Y,,SIDE-LEFT-FRONT,,,,,,,,,,,,,,,,,,,,,,,,,,,,,,,,,
2135024,1f25587b34afc91b57ba37557a6e7fff1b9c6f68d16b4277dd85fd65e03a0aff432988f4dca538def3238578939d43ec89075f607316d9e13cc4c01651c286b4,08/23/2025 04:15:00 PM,2,DRIVER,,2035256,,CHEVROLET,TRAX,IL,2025,UNKNOWN,SPORT UTILITY VEHICLE (SUV),PERSONAL,W,STRAIGHT AHEAD,,,1,,,,,Y,Y,Y,,,,,,,,Y,Y,,SIDE-RIGHT-FRONT,,,,,,,,,,,,,,,,,,,,,,,,,,,,,,,,,
2135087,a4091e875e843356102d603aa45408a1373e2e72dcbd119ca481e64fee8e1638b8797ab26100015c79e1e30afada2f0ba22ca576ebcd6513cb214c42c66d5fab,08/23/2025 04:15:00 PM,1,DRIVER,,2035317,,TOYOTA,OTHER (EXPLAIN IN NARRATIVE),IL,2007,NONE,PASSENGER,PERSONAL,NW,ENTER FROM DRIVE/ALLEY,,,1,,,,,Y,,,,,,,,,,Y,Y,,FRONT,,,,,,,,,,,,,,,,,,,,,,,,,,,,,,,,,
2135088,a4091e875e843356102d603aa45408a1373e2e72dcbd119ca481e64fee8e1638b8797ab26100015c79e1e30afada2f0ba22ca576ebcd6513cb214c42c66d5fab,08/23/2025 04:15:00 PM,2,DRIVER,,2035324,,FORD,ESCAPE,IL,2012,NONE,PASSENGER,PERSONAL,N,STRAIGHT AHEAD,,,1,,,,,,,,,Y,Y,Y,,,,,,,REAR,,,,,,,,,,,,,,,,,,,,,,,,,,,,,,,,,
2136627,bf9d914ada34d88641f8093d9d055b8e4b853b9d2abaf11f25886a9266b0d9e0e41fb599dedb0aba565a7f93ad40bc39a9a78707d0940e24aeeb6643c9107fd5,08/23/2025 04:10:00 PM,1,DRIVER,,2036800,,FREIGHTLINER CORPORATION,FREIGHTLINER CORP.,TX,2026,NONE,TRACTOR W/ SEMI-TRAILER,PERSONAL,E,BACKING,,,1,,,,Y,,,,,,,,,,,,,,SIDE-RIGHT,,,,,,,,,,,,,,,,,,,,,,,,,,,,,,,,,
2136628,bf9d914ada34d88641f8093d9d055b8e4b853b9d2abaf11f25886a9266b0d9e0e41fb599dedb0aba565a7f93ad40bc39a9a78707d0940e24aeeb6643c9107fd5,08/23/2025 04:10:00 PM,2,PARKED,,2036805,,VOLVO,TRUCK,IL,2014,NONE,TRACTOR W/ SEMI-TRAILER,PERSONAL,W,PARKED,,,0,,,,,,,,,,,,,Y,Y,Y,,,FRONT-LEFT-CORNER,,,,,,,,,,,,,,,,,,,,,,,,,,,,,,,,,
2135081,c502333e4b0adf116dcb48af9fef20f239747f55d8e1be637986d406814ad77a1d719fac8f932f1193d5823993a6e3333a7047ef8645ae13744fc68efc4572af,08/23/2025 04:10:00 PM,1,DRIVER,,2035308,,HYUNDAI,ELANTRA,IL,2020,UNKNOWN,PASSENGER,PERSONAL,N,STRAIGHT AHEAD,,,1,,,,,Y,Y,,,,,,,,,,,,FRONT-RIGHT-CORNER,,,,,,,,,,,,,,,,,,,,,,,,,,,,,,,,,
2135082,c502333e4b0adf116dcb48af9fef20f239747f55d8e1be637986d406814ad77a1d719fac8f932f1193d5823993a6e3333a7047ef8645ae13744fc68efc4572af,08/23/2025 04:10:00 PM,2,PARKED,,2035318,,TOYOTA,SIENNA,IL,2021,UNKNOWN,VAN/MINI-VAN,PERSONAL,N,PARKED,,,0,,,,,,,,,,,Y,Y,,,,,,REAR-LEFT-CORNER,,,,,,,,,,,,,,,,,,,,,,,,,,,,,,,,,
2135041,029b406db83273d1011fbe865938c1bf172dea417807a4296f43381eef0c953ae8046a0bfe053e2a061d0c8aaf670ba44244f2f5ef999bf6751a17686ec3cbbd,08/23/2025 04:05:00 PM,1,DRIVER,,2035270,,KIA,TELLURIDE,IL,2021,UNKNOWN,SPORT UTILITY VEHICLE (SUV),PERSONAL,S,OTHER,,,1,,,,,,,,,Y,Y,Y,,,,,,,REAR,,,,,,,,,,,,,,,,,,,,,,,,,,,,,,,,,
2135042,029b406db83273d1011fbe865938c1bf172dea417807a4296f43381eef0c953ae8046a0bfe053e2a061d0c8aaf670ba44244f2f5ef999bf6751a17686ec3cbbd,08/23/2025 04:05:00 PM,2,PARKED,,2035280,,GENERAL MOTORS CORPORATION (GMC),ACADIA,IL,2014,UNKNOWN,SPORT UTILITY VEHICLE (SUV),PERSONAL,UNKNOWN,PARKED,,,0,,,,,,,,,,,Y,Y,Y,,,,,SIDE-LEFT-REAR,,,,,,,,,,,,,,,,,,,,,,,,,,,,,,,,,
2135067,8fd2f957056683d4d9c17ba8f9aea790c2bfae8a9e875c6bf79d5e8a8de960d1f15d6541c3d7b64455bb54e67da3b1d73a63226db6c06da6b357d457fad8c69a,08/23/2025 04:05:00 PM,1,DRIVER,,2035304,,KIA,OTHER (EXPLAIN IN NARRATIVE),MI,2023,UNKNOWN,UNKNOWN/NA,UNKNOWN/NA,W,STRAIGHT AHEAD,,,1,,,,,,,,,,,,,,,,,,UNKNOWN,,,,,,,,,,,,,,,,,,,,,,,,,,,,,,,,,
2135068,8fd2f957056683d4d9c17ba8f9aea790c2bfae8a9e875c6bf79d5e8a8de960d1f15d6541c3d7b64455bb54e67da3b1d73a63226db6c06da6b357d457fad8c69a,08/23/2025 04:05:00 PM,2,DRIVER,,2035313,,CADILLAC,OTHER (EXPLAIN IN NARRATIVE),IN,2024,UNKNOWN,UNKNOWN/NA,UNKNOWN/NA,W,STRAIGHT AHEAD,,,1,,,,,,,,,,,,,,,,,,UNKNOWN,,,,,,,,,,,,,,,,,,,,,,,,,,,,,,,,,
2135073,401bbd17a51d93680239e85bf4a53ece5b3cf863001e3499efe7f4e0c6c58a5dc12188842d4feb2426475922feed3c1239b01027158d9749a5777bec7375cf6a,08/23/2025 04:00:00 PM,1,DRIVER,1,2035298,,FORD,FUSION,IL,,UNKNOWN,UNKNOWN/NA,UNKNOWN/NA,UNKNOWN,STRAIGHT AHEAD,,,2,,,,,Y,,,,,,,,,,Y,Y,,FRONT,,,,,,,,,,,,,,,,,,,,,,,,,,,,,,,,,
2135074,401bbd17a51d93680239e85bf4a53ece5b3cf863001e3499efe7f4e0c6c58a5dc12188842d4feb2426475922feed3c1239b01027158d9749a5777bec7375cf6a,08/23/2025 04:00:00 PM,2,DRIVER,1,2035303,,HONDA,ACCORD,IL,2003,NONE,PASSENGER,PERSONAL,S,STRAIGHT AHEAD,,,2,,,,,,,,,,,,Y,Y,Y,,,,SIDE-LEFT,,,,,,,,,,,,,,,,,,,,,,,,,,,,,,,,,
2138724,4dfde5119d1656a247f8329e60a492fb225604437a393395c66d51a2c4af90c7db48e83baa2fd039c07137db599690422febf74453d1e23f9762c020c3d3222a,08/23/2025 04:00:00 PM,1,DRIVER,,2038784,,NISSAN,ROGUE,IL,2021,OTHER,PASSENGER,UNKNOWN/NA,N,TURNING RIGHT,,,1,,,,,Y,Y,,,,,,,,,,,,FRONT-RIGHT-CORNER,,,,,,,,,,,,,,,,,,,,,,,,,,,,,,,,,
2138725,4dfde5119d1656a247f8329e60a492fb225604437a393395c66d51a2c4af90c7db48e83baa2fd039c07137db599690422febf74453d1e23f9762c020c3d3222a,08/23/2025 04:00:00 PM,2,DRIVER,,2038785,,CHEVROLET,CRUZE,IL,2011,UNKNOWN,PASSENGER,PERSONAL,N,PASSING/OVERTAKING,,,1,,,,,,,,,,,,Y,,,,,,SIDE-LEFT-REAR,,,,,,,,,,,,,,,,,,,,,,,,,,,,,,,,,
2136841,811c6ca0c03dbce9e801119e2fbb4284377140ef59f5ff42d1ce92b621f11655976b1e10c49b8922edded9a91f6799ad2a5c662f8ad3481a8859d618fca284e6,08/23/2025 04:00:00 PM,1,DRIVER,,2037010,,UNKNOWN,OTHER (EXPLAIN IN NARRATIVE),,,UNKNOWN,UNKNOWN/NA,UNKNOWN/NA,UNKNOWN,UNKNOWN/NA,,,1,,,,,,,,,,,,,,,,,Y,UNKNOWN,,,,,,,,,,,,,,,,,,,,,,,,,,,,,,,,,
2136842,811c6ca0c03dbce9e801119e2fbb4284377140ef59f5ff42d1ce92b621f11655976b1e10c49b8922edded9a91f6799ad2a5c662f8ad3481a8859d618fca284e6,08/23/2025 04:00:00 PM,2,PARKED,,2037008,,KIA,SOUL,IL,2023,NONE,PASSENGER,PERSONAL,E,PARKED,,,0,,,,,,,,,,,Y,Y,,,,,,REAR-LEFT-CORNER,,,,,,,,,,,,,,,,,,,,,,,,,,,,,,,,,
2135164,a08c3c5861196eb8a24683a9df22a5d001445011641e4ebd8206969583d07d4fb9fd607be217de42916e9c91cf08bb76c634b32b587f611840dd92fdd3435681,08/23/2025 04:00:00 PM,1,DRIVER,,2035392,,UNKNOWN,OTHER (EXPLAIN IN NARRATIVE),,,NONE,UNKNOWN/NA,UNKNOWN/NA,UNKNOWN,UNKNOWN/NA,,,1,,,,,,,,,,,,,,,,,Y,UNKNOWN,,,,,,,,,,,,,,,,,,,,,,,,,,,,,,,,,
2135165,a08c3c5861196eb8a24683a9df22a5d001445011641e4ebd8206969583d07d4fb9fd607be217de42916e9c91cf08bb76c634b32b587f611840dd92fdd3435681,08/23/2025 04:00:00 PM,2,PARKED,,2035403,,JEEP,COMPASS,IL,2022,NONE,SPORT UTILITY VEHICLE (SUV),NOT IN USE,N,PARKED,,,0,,,,,,,,Y,Y,Y,,,,,,,,REAR-RIGHT-CORNER,,,,,,,,,,,,,,,,,,,,,,,,,,,,,,,,,
2135119,e7c75bdc711857f3b97801a4eb5cc71c50f112166675ec7843b3b9c8121d640b278063eb6d41d5bbacc371b2aa29a12a06108dd62da1775a14001d76edfb0d66,08/23/2025 04:00:00 PM,1,DRIVER,,2035348,N,TOYOTA,CAMRY,IL,2014,UNKNOWN,PASSENGER,PERSONAL,S,STRAIGHT AHEAD,,,1,,,,,,Y,,,,,,,,,,,,SIDE-RIGHT,,,,,,,,,,,,,,,,,,,,,,,,,,,,,,,,,
2135120,e7c75bdc711857f3b97801a4eb5cc71c50f112166675ec7843b3b9c8121d640b278063eb6d41d5bbacc371b2aa29a12a06108dd62da1775a14001d76edfb0d66,08/23/2025 04:00:00 PM,2,DRIVER,,2035368,Y,NOVA BUS,LFS,,,UNKNOWN,BUS OVER 15 PASS.,CTA,S,STRAIGHT AHEAD,,,1,,,,,,,,,,,Y,,,,,,,SIDE-LEFT-REAR,"22,065",,,,,,CHICAGO TRANSIT AUTHORITY,IL,CHICAGO,,,,,,,,,,,,,,,,,,,BUS,BUS,OTHER,,,
2135160,25180a6c37f1032ec305db7abf538bcbd981ffb3ed1fff4a71977420d82e6eba9da44fd74327297d9792cf88f85b5238c22ebf84640bd7e586e7c87d52e6c731,08/23/2025 03:55:00 PM,1,DRIVER,,2035381,,CHEVROLET,TRAX,IL,2024,NONE,PASSENGER,PERSONAL,N,STRAIGHT AHEAD,,,1,,,,,,,,,,,,,,Y,Y,Y,,FRONT-LEFT-CORNER,,,,,,,,,,,,,,,,,,,,,,,,,,,,,,,,,
2135161,25180a6c37f1032ec305db7abf538bcbd981ffb3ed1fff4a71977420d82e6eba9da44fd74327297d9792cf88f85b5238c22ebf84640bd7e586e7c87d52e6c731,08/23/2025 03:55:00 PM,2,DRIVER,3,2035382,,GENERAL MOTORS CORPORATION (GMC),ACADIA,IL,2016,NONE,SPORT UTILITY VEHICLE (SUV),PERSONAL,NE,TURNING RIGHT,,,4,,,,,,Y,Y,,,,,,,,,,,SIDE-RIGHT,,,,,,,,,,,,,,,,,,,,,,,,,,,,,,,,,
2135031,ae960fc0217ea3de91cf9362d70db8ef7bd20e2c74aaef945c26d47473ac5b7add17211c0ceebe8d9843155b035052a452302419e331f4c7cbbe8b3ef3969e38,08/23/2025 03:50:00 PM,1,DRIVER,,2035255,,JEEP,GRAND CHEROKEE,IL,2021,UNKNOWN,PASSENGER,PERSONAL,S,PASSING/OVERTAKING,,,1,,,,,N,,,,,,,,,,,N,,UNKNOWN,,,,,,,,,,,,,,,,,,,,,,,,,,,,,,,,,
2135032,ae960fc0217ea3de91cf9362d70db8ef7bd20e2c74aaef945c26d47473ac5b7add17211c0ceebe8d9843155b035052a452302419e331f4c7cbbe8b3ef3969e38,08/23/2025 03:50:00 PM,2,DRIVER,,2035263,,KIA,OPTIMA / K5,IL,2018,NONE,PASSENGER,PERSONAL,S,STRAIGHT AHEAD,,,1,,,,,,,,,,Y,Y,Y,,,,,,REAR-LEFT-CORNER,,,,,,,,,,,,,,,,,,,,,,,,,,,,,,,,,
2135033,ae960fc0217ea3de91cf9362d70db8ef7bd20e2c74aaef945c26d47473ac5b7add17211c0ceebe8d9843155b035052a452302419e331f4c7cbbe8b3ef3969e38,08/23/2025 03:50:00 PM,3,DRIVER,1,2035269,,CHRYSLER,TOWN & COUNTRY,IL,2013,NONE,VAN/MINI-VAN,PERSONAL,S,STRAIGHT AHEAD,,,2,,,,,,,,,,,Y,Y,Y,,,,,SIDE-LEFT-REAR,,,,,,,,,,,,,,,,,,,,,,,,,,,,,,,,,
2135034,941da874963d0a7b1cd2854b2c23d22fa0dd44541e1d426eeefd2b0d52edb6fd37bf1cc02060f021c730429e7951585d710ca020eae6add7685602f499bc66d5,08/23/2025 03:48:00 PM,1,DRIVER,,2035259,,FORD,FOCUS,IL,2008,UNKNOWN,PASSENGER,UNKNOWN/NA,E,U-TURN,,,1,,,,,Y,,,,,,,,,,Y,Y,,FRONT,,,,,,,,,,,,,,,,,,,,,,,,,,,,,,,,,
2135035,941da874963d0a7b1cd2854b2c23d22fa0dd44541e1d426eeefd2b0d52edb6fd37bf1cc02060f021c730429e7951585d710ca020eae6add7685602f499bc66d5,08/23/2025 03:48:00 PM,2,DRIVER,,2035261,,HONDA,ACCORD,IL,2012,NONE,PASSENGER,PERSONAL,W,STRAIGHT AHEAD,,,1,,,,,,,,,,,,,Y,Y,Y,,,SIDE-LEFT,,,,,,,,,,,,,,,,,,,,,,,,,,,,,,,,,
2135016,b2e42ea843cd55c74fed685941c14ee41a5bc999ab1172ee69f79c1ea2533628d1a8b667e034582d5a30b27e72deb42c117449f0b9655d58e7823cb9132f958d,08/23/2025 03:41:00 PM,1,DRIVER,1,2035244,,CHEVROLET,EQUINOX,IL,2012,NONE,PASSENGER,PERSONAL,E,ENTERING TRAFFIC LANE FROM PARKING,Y,,2,,private tow,unknown,,,,,,,,,,Y,Y,Y,Y,,FRONT-LEFT-CORNER,,,,,,,,,,,,,,,,,,,,,,,,,,,,,,,,,
2135017,b2e42ea843cd55c74fed685941c14ee41a5bc999ab1172ee69f79c1ea2533628d1a8b667e034582d5a30b27e72deb42c117449f0b9655d58e7823cb9132f958d,08/23/2025 03:41:00 PM,2,DRIVER,,2035249,,CHEVROLET,SILVERADO,IL,2011,NONE,PICKUP,PERSONAL,E,STRAIGHT AHEAD,Y,,1,,private tow,unknown,,Y,Y,Y,Y,,,,,,,Y,Y,,FRONT-RIGHT-CORNER,,,,,,,,,,,,,,,,,,,,,,,,,,,,,,,,,
2135018,b2e42ea843cd55c74fed685941c14ee41a5bc999ab1172ee69f79c1ea2533628d1a8b667e034582d5a30b27e72deb42c117449f0b9655d58e7823cb9132f958d,08/23/2025 03:41:00 PM,3,PARKED,,2035253,,FORD,ESCAPE,IL,2024,NONE,SPORT UTILITY VEHICLE (SUV),NOT IN USE,E,PARKED,,,0,,,,,,,,,,,Y,Y,Y,Y,,,,SIDE-LEFT,,,,,,,,,,,,,,,,,,,,,,,,,,,,,,,,,
2135182,60268baa78d0237ba016282516814b8a7214c35b03ef1e105c28cb0a19ab58f0a79ec8c3d194fead905c706683796d64b1b130f0dfc25588d7d3b030aa790fa5,08/23/2025 03:39:00 PM,1,DRIVER,1,2035419,,NISSAN,MAXIMA,IL,2017,UNKNOWN,PASSENGER,PERSONAL,S,STRAIGHT AHEAD,Y,,2,,,,,Y,Y,Y,Y,Y,,Y,Y,Y,Y,Y,,,FRONT-LEFT-CORNER,,,,,,,,,,,,,,,,,,,,,,,,,,,,,,,,,
2135183,60268baa78d0237ba016282516814b8a7214c35b03ef1e105c28cb0a19ab58f0a79ec8c3d194fead905c706683796d64b1b130f0dfc25588d7d3b030aa790fa5,08/23/2025 03:39:00 PM,2,DRIVER,1,2035435,,FORD,EXPLORER,IL,2017,UNKNOWN,PASSENGER,POLICE,N,STRAIGHT AHEAD,Y,,2,,,,,Y,Y,Y,,,,,,,,,,,FRONT-RIGHT-CORNER,,,,,,,,,,,,,,,,,,,,,,,,,,,,,,,,,
2135091,095babfb39206d5270ef2da70cfc708f1a5bc8fa60bd99fe5a3ce2024ebed9c9a2bc3d8e5eabf1af70d0a157af3ef20cff30b413dde8925d04a7a01304bb75b5,08/23/2025 03:38:00 PM,1,DRIVER,1,2035315,,BMW,X5,IL,2024,NONE,PASSENGER,PERSONAL,N,STRAIGHT AHEAD,Y,,2,,S&S,400 E LOWER WACKER DR,,Y,Y,Y,,,,,,,,Y,Y,,FRONT-RIGHT-CORNER,,,,,,,,,,,,,,,,,,,,,,,,,,,,,,,,,
2138291,dbb8c5a42852690f83e40258b05ae533c5e4fac639eb444c5b3cd97c22d42609dbb35086d846c6b90ce11c9b98d122b2d28a94d591a802a23b2067f1f972078e,08/23/2025 03:35:00 PM,1,DRIVER,,2038373,,NISSAN,ARIYA,IL,2022,UNKNOWN,UNKNOWN/NA,UNKNOWN/NA,W,UNKNOWN/NA,,,1,,,,,Y,,,,,,,,,,Y,Y,,FRONT,,,,,,,,,,,,,,,,,,,,,,,,,,,,,,,,,
2138292,dbb8c5a42852690f83e40258b05ae533c5e4fac639eb444c5b3cd97c22d42609dbb35086d846c6b90ce11c9b98d122b2d28a94d591a802a23b2067f1f972078e,08/23/2025 03:35:00 PM,2,DRIVER,2,2038374,,SCION,TC,IL,2006,UNKNOWN,UNKNOWN/NA,UNKNOWN/NA,W,UNKNOWN/NA,,,3,,,,,Y,,,,Y,Y,Y,,,,Y,Y,,OTHER,,,,,,,,,,,,,,,,,,,,,,,,,,,,,,,,,
2138293,dbb8c5a42852690f83e40258b05ae533c5e4fac639eb444c5b3cd97c22d42609dbb35086d846c6b90ce11c9b98d122b2d28a94d591a802a23b2067f1f972078e,08/23/2025 03:35:00 PM,3,DRIVER,,2038375,,KIA,FORTE,IL,,UNKNOWN,UNKNOWN/NA,UNKNOWN/NA,W,UNKNOWN/NA,,,1,,,,,Y,,,,,,,,,,Y,Y,,FRONT,,,,,,,,,,,,,,,,,,,,,,,,,,,,,,,,,
2135005,ceb47dcc5de82f2eee82ede171c297a5a0630a4c8c10be51ff3186aa334816b14eb576742e2c6ffcbf80d65b96d7b328d1f4ba9a7360be61e7744eb6500b2d9c,08/23/2025 03:34:00 PM,1,DRIVER,,2035232,,UNKNOWN,OTHER (EXPLAIN IN NARRATIVE),,,OTHER,UNKNOWN/NA,UNKNOWN/NA,UNKNOWN,UNKNOWN/NA,,,1,,,,,,,,,N,,,,,,,,Y,UNKNOWN,,,,,,,,,,,,,,,,,,,,,,,,,,,,,,,,,
2135006,ceb47dcc5de82f2eee82ede171c297a5a0630a4c8c10be51ff3186aa334816b14eb576742e2c6ffcbf80d65b96d7b328d1f4ba9a7360be61e7744eb6500b2d9c,08/23/2025 03:34:00 PM,2,PARKED,,2035234,,MERCEDES-BENZ,GLS,AR,2024,UNKNOWN,PASSENGER,PERSONAL,UNKNOWN,PARKED,,,0,,,,,,,,,Y,,,,,,,,,REAR-RIGHT-CORNER,,,,,,,,,,,,,,,,,,,,,,,,,,,,,,,,,
2135007,356e5c05ff33f8bc68b5650594b56a0d61c6aabeee7776c83f7ad9b4006bfe10516a35c9a8ad67d8ed2532d1eae7c256929db380b37c6257a91e5f266f4fa870,08/23/2025 03:30:00 PM,1,DRIVER,,2035235,,INFINITI,QX70,IL,2016,NONE,PASSENGER,PERSONAL,E,BACKING,Y,,1,,OWNER,UNKNOWN,,,,,,,Y,,,,,,,,REAR,,,,,,,,,,,,,,,,,,,,,,,,,,,,,,,,,