CRASH_UNIT_ID,CRASH_RECORD_ID,CRASH_DATE,UNIT_NO,UNIT_TYPE,NUM_PASSENGERS,VEHICLE_ID,CMRC_VEH_I,MAKE,MODEL,LIC_PLATE_STATE,VEHICLE_YEAR,VEHICLE_DEFECT,VEHICLE_TYPE,VEHICLE_USE,TRAVEL_DIRECTION,MANEUVER,TOWED_I,FIRE_I,OCCUPANT_CNT,EXCEED_SPEED_LIMIT_I,TOWED_BY,TOWED_TO,AREA_00_I,AREA_01_I,AREA_02_I,AREA_03_I,AREA_04_I,AREA_05_I,AREA_06_I,AREA_07_I,AREA_08_I,AREA_09_I,AREA_10_I,AREA_11_I,AREA_12_I,AREA_99_I,FIRST_CONTACT_POINT,CMV_ID,USDOT_NO,CCMC_NO,ILCC_NO,COMMERCIAL_SRC,GVWR,CARRIER_NAME,CARRIER_STATE,CARRIER_CITY,HAZMAT_PLACARDS_I,HAZMAT_NAME,UN_NO,HAZMAT_PRESENT_I,HAZMAT_REPORT_I,HAZMAT_REPORT_NO,MCS_REPORT_I,MCS_REPORT_NO,HAZMAT_VIO_CAUSE_CRASH_I,MCS_VIO_CAUSE_CRASH_I,IDOT_PERMIT_NO,WIDE_LOAD_I,TRAILER1_WIDTH,TRAILER2_WIDTH,TRAILER1_LENGTH,TRAILER2_LENGTH,TOTAL_VEHICLE_LENGTH,AXLE_CNT,VEHICLE_CONFIG,CARGO_BODY_TYPE,LOAD_TYPE,HAZMAT_OUT_OF_SERVICE_I,MCS_OUT_OF_SERVICE_I,HAZMAT_CLASS
2135011,dc8573c9f5956beca33af90d418f71a4b4de3930f65590e8013ee8f00fa66e8e8ca83f2c4c2ff64a99788c63b8cfad16ad96ddad4bb52c947fb285af1103c6a2,08/23/2025 03:30:00 PM,1,DRIVER,,2035242,,JEEP,CHEROKEE,IL,2015,UNKNOWN,UNKNOWN/NA,UNKNOWN/NA,E,UNKNOWN/NA,,,1,,,,,,,,,,,,,,,,,Y,UNKNOWN,,,,,,,,,,,,,,,,,,,,,,,,,,,,,,,,,
2135012,dc8573c9f5956beca33af90d418f71a4b4de3930f65590e8013ee8f00fa66e8e8ca83f2c4c2ff64a99788c63b8cfad16ad96ddad4bb52c947fb285af1103c6a2,08/23/2025 03:30:00 PM,2,DRIVER,,2035251,,GENERAL MOTORS CORPORATION (GMC),TERRAIN,IL,2018,UNKNOWN,PASSENGER,PERSONAL,E,STRAIGHT AHEAD,,,1,,,,,,,,,,,Y,Y,,,,,,UNKNOWN,,,,,,,,,,,,,,,,,,,,,,,,,,,,,,,,,
2135029,c516a2c4ba81bd23bc0ee5a0a6b108c58446fcf8a1b3ad02fee3e53184fbb980812a05fce6f4f471d5f4a712c3cceb43a5e183c743d4c3210c5885b68fae4ba3,08/23/2025 03:20:00 PM,1,DRIVER,,2035248,,TOYOTA,COROLLA,IL,2014,UNKNOWN,PASSENGER,UNKNOWN/NA,N,STRAIGHT AHEAD,,,1,,,,,,,,,,,,,,,,Y,,FRONT,,,,,,,,,,,,,,,,,,,,,,,,,,,,,,,,,
2135030,c516a2c4ba81bd23bc0ee5a0a6b108c58446fcf8a1b3ad02fee3e53184fbb980812a05fce6f4f471d5f4a712c3cceb43a5e183c743d4c3210c5885b68fae4ba3,08/23/2025 03:20:00 PM,2,DRIVER,,2035254,,TOYOTA,RAV4,IL,2022,UNKNOWN,PASSENGER,UNKNOWN/NA,N,SLOW/STOP IN TRAFFIC,,,1,,,,,,,,,,Y,,,,,,,,REAR,,,,,,,,,,,,,,,,,,,,,,,,,,,,,,,,,
2135595,d624024fc71a516f367865f33b29a7e9c03ee08129d52901101ca5fb7d34304b329602e103d194e918428fb6ebd1e3692f335d78b04298ae6be0436a9113d480,08/23/2025 03:20:00 PM,1,DRIVER,,2035805,,CHEVROLET,TAHOE,IL,2021,NONE,SPORT UTILITY VEHICLE (SUV),PERSONAL,UNKNOWN,STRAIGHT AHEAD,Y,,1,,private tow,,,Y,Y,Y,Y,,,,,,,,,,SIDE-RIGHT,,,,,,,,,,,,,,,,,,,,,,,,,,,,,,,,,
2135596,d624024fc71a516f367865f33b29a7e9c03ee08129d52901101ca5fb7d34304b329602e103d194e918428fb6ebd1e3692f335d78b04298ae6be0436a9113d480,08/23/2025 03:20:00 PM,2,DRIVER,,2035806,,LEXUS,RX350,IL,2010,NONE,SPORT UTILITY VEHICLE (SUV),PERSONAL,N,STRAIGHT AHEAD,Y,,1,,private tow,,,,,,,,,,,,Y,Y,Y,,FRONT-LEFT-CORNER,,,,,,,,,,,,,,,,,,,,,,,,,,,,,,,,,
2135071,22a924a43a52d3feead7af7309f9b3495b91df7fb824592ff85771c835973aca5b45e1cb9e5481366e3ee06dadfb65651436cebc94c1118684b8e180d52496a1,08/23/2025 03:00:00 PM,1,DRIVER,,2035297,,CHEVROLET,IMPALA,IL,2019,UNKNOWN,UNKNOWN/NA,PERSONAL,W,STRAIGHT AHEAD,,,1,,,,,Y,,,,,,,,,,Y,Y,,FRONT,,,,,,,,,,,,,,,,,,,,,,,,,,,,,,,,,
2135072,22a924a43a52d3feead7af7309f9b3495b91df7fb824592ff85771c835973aca5b45e1cb9e5481366e3ee06dadfb65651436cebc94c1118684b8e180d52496a1,08/23/2025 03:00:00 PM,2,DRIVER,,2035302,,ACURA,RLX,IL,2019,NONE,SPORT UTILITY VEHICLE (SUV),PERSONAL,W,SLOW/STOP IN TRAFFIC,,,1,,,,,,,,,Y,Y,Y,,,,,,,REAR,,,,,,,,,,,,,,,,,,,,,,,,,,,,,,,,,
2135583,e7775e41c8379349ccad6963766db7a76de3784bd12aaad58baad00ad8f74ae3d79bf0208c4869bb4d2b826f0d1fda3743fed9579a7ce868837a8c489fa87eeb,08/23/2025 03:00:00 PM,1,DRIVER,,2035801,,NISSAN,ROGUE,IL,2023,UNKNOWN,SPORT UTILITY VEHICLE (SUV),PERSONAL,E,ENTERING TRAFFIC LANE FROM PARKING,,,1,,,,,Y,,,,,,,,,,,,,FRONT-RIGHT-CORNER,,,,,,,,,,,,,,,,,,,,,,,,,,,,,,,,,
2135584,e7775e41c8379349ccad6963766db7a76de3784bd12aaad58baad00ad8f74ae3d79bf0208c4869bb4d2b826f0d1fda3743fed9579a7ce868837a8c489fa87eeb,08/23/2025 03:00:00 PM,2,DRIVER,,2035812,,CHEVROLET,MALIBU,IL,2009,UNKNOWN,PASSENGER,PERSONAL,E,MERGING,,,1,,,,,,,,,,,,,Y,,,,,SIDE-LEFT,,,,,,,,,,,,,,,,,,,,,,,,,,,,,,,,,
2137488,ea3269d6eb9afb4e92ed077ca5e543f8ed54d5085422f442099a9c0d40c3b351d9543a0e8f8558d65ff238fca6ca2dfd24a02a747378165153121f3085804228,08/23/2025 03:00:00 PM,1,DRIVER,,2037622,,SUBARU,FORESTER,IL,2018,NONE,PASSENGER,PERSONAL,N,OTHER,,,1,,,,,,,,,,,,Y,Y,Y,,,,SIDE-LEFT,,,,,,,,,,,,,,,,,,,,,,,,,,,,,,,,,
2137489,ea3269d6eb9afb4e92ed077ca5e543f8ed54d5085422f442099a9c0d40c3b351d9543a0e8f8558d65ff238fca6ca2dfd24a02a747378165153121f3085804228,08/23/2025 03:00:00 PM,2,PARKED,,2037626,,HONDA,ODYSSEY,IL,2006,NONE,VAN/MINI-VAN,PERSONAL,S,PARKED,,,0,,,,,,,,,N,Y,Y,,,,,,,REAR-LEFT-CORNER,,,,,,,,,,,,,,,,,,,,,,,,,,,,,,,,,
2140147,f96f17013d1ff3e16b6051c6dc3996cd9f3c6c3d5f9d657bb0b5a481f0f77577a0bcca5befcf02ecd491754caeedf0cd9bb012e84c0ea58397e04bfc612ee95c,08/23/2025 03:00:00 PM,2,DRIVER,,2040130,,CHEVROLET,CRUZE,IL,2014,NONE,PASSENGER,PERSONAL,S,STRAIGHT AHEAD,,,1,,,,,,,Y,Y,Y,,,,,,,,,SIDE-RIGHT-REAR,,,,,,,,,,,,,,,,,,,,,,,,,,,,,,,,,
2140148,f96f17013d1ff3e16b6051c6dc3996cd9f3c6c3d5f9d657bb0b5a481f0f77577a0bcca5befcf02ecd491754caeedf0cd9bb012e84c0ea58397e04bfc612ee95c,08/23/2025 03:00:00 PM,1,DRIVER,,2040124,,DODGE,DURANGO,IL,2012,UNKNOWN,PASSENGER,PERSONAL,E,STRAIGHT AHEAD,,,1,,,,,Y,,,,,,,,,,Y,Y,,FRONT,,,,,,,,,,,,,,,,,,,,,,,,,,,,,,,,,
2135019,fd8aa5d27a939d0d67e97e9c85c71e93e37ceed33102becdaaa76e7fb11c29d44858cc370d7dc262d2208050674fa869afae397d2089664b76c7a11f07af4a28,08/23/2025 03:00:00 PM,1,DRIVER,,2035257,,NISSAN,SENTRA,IL,2014,NONE,PASSENGER,PERSONAL,NW,CHANGING LANES,,,1,,,,,N,,,,,,,,,,Y,,,FRONT-LEFT-CORNER,,,,,,,,,,,,,,,,,,,,,,,,,,,,,,,,,
2135020,fd8aa5d27a939d0d67e97e9c85c71e93e37ceed33102becdaaa76e7fb11c29d44858cc370d7dc262d2208050674fa869afae397d2089664b76c7a11f07af4a28,08/23/2025 03:00:00 PM,2,DRIVER,,2035266,,HONDA,CR-V,IL,2020,NONE,SPORT UTILITY VEHICLE (SUV),PERSONAL,N,STRAIGHT AHEAD,,,1,,,,,,,N,Y,Y,Y,,,,,,,,REAR-RIGHT-CORNER,,,,,,,,,,,,,,,,,,,,,,,,,,,,,,,,,
2134976,fea4dd17e6299b5da68d4ac7b95f91e465d317e3dc8dc2fa78c4ac2df46c0f40ab3571731cfd18763d75fa327cadb958f4b577f4eff5f810b9c6cc22883d555f,08/23/2025 03:00:00 PM,1,DRIVER,,2035211,,LEXUS,ES350,IL,2010,NONE,PASSENGER,PERSONAL,E,TURNING LEFT,,,1,,,,,,,,,,,,,,,Y,,,FRONT-LEFT-CORNER,,,,,,,,,,,,,,,,,,,,,,,,,,,,,,,,,
2134977,fea4dd17e6299b5da68d4ac7b95f91e465d317e3dc8dc2fa78c4ac2df46c0f40ab3571731cfd18763d75fa327cadb958f4b577f4eff5f810b9c6cc22883d555f,08/23/2025 03:00:00 PM,2,DRIVER,,2035220,,TOYOTA,CAMRY,IL,2016,NONE,PASSENGER,TAXI/FOR HIRE,W,STRAIGHT AHEAD,,,1,,,,,,,,,,,,,,,Y,,,FRONT-LEFT-CORNER,,,,,,,,,,,,,,,,,,,,,,,,,,,,,,,,,
2135027,2b9d7676f44d54a46a77d8e3fefd5a7798b32e6095893d84b83d5a7b727f4b0314223780ddc7be590eb3141883b15b81a2cd4d13bc9204c0f68e428e6a2050ff,08/23/2025 02:53:00 PM,1,DRIVER,,2035247,,BMW,OTHER (EXPLAIN IN NARRATIVE),IL,,UNKNOWN,PASSENGER,PERSONAL,S,TURNING LEFT,,,1,,,,,,,Y,Y,Y,,,,,,,,,REAR-RIGHT-CORNER,,,,,,,,,,,,,,,,,,,,,,,,,,,,,,,,,
2135028,2b9d7676f44d54a46a77d8e3fefd5a7798b32e6095893d84b83d5a7b727f4b0314223780ddc7be590eb3141883b15b81a2cd4d13bc9204c0f68e428e6a2050ff,08/23/2025 02:53:00 PM,2,DRIVER,3,2035258,,NISSAN,SENTRA,IL,2016,UNKNOWN,PASSENGER,PERSONAL,S,TURNING LEFT,,,4,,,,,,,,,,,,,Y,Y,Y,,,FRONT-LEFT-CORNER,,,,,,,,,,,,,,,,,,,,,,,,,,,,,,,,,
2135136,34cc2cc1ca8916e5de627a3326eade10fdd1a118f7503c837219e870ec4ee52ba9e3718646b08b466eb87eb3e7bebfc35cdf198395dac97214140cfc9dccc01f,08/23/2025 02:47:00 PM,1,DRIVER,,2035364,,TESLA,MODEL 3,IL,2022,UNKNOWN,PASSENGER,UNKNOWN/NA,W,STRAIGHT AHEAD,,,1,,,,,Y,Y,,,,,,,,,,Y,,FRONT-RIGHT-CORNER,,,,,,,,,,,,,,,,,,,,,,,,,,,,,,,,,
2135137,34cc2cc1ca8916e5de627a3326eade10fdd1a118f7503c837219e870ec4ee52ba9e3718646b08b466eb87eb3e7bebfc35cdf198395dac97214140cfc9dccc01f,08/23/2025 02:47:00 PM,2,DRIVER,,2035371,,HONDA,CIVIC,IL,1997,NONE,PASSENGER,PERSONAL,W,STRAIGHT AHEAD,Y,,1,,,,,,,,,Y,Y,Y,,,,,,,REAR,,,,,,,,,,,,,,,,,,,,,,,,,,,,,,,,,
2134992,87a08d70372a42a37296813853481fe08a0ecc2f4615119d97034f9a1c7b7aab7cf4021cfb0e8bbe4a6b93bab4f7d4756b587606238dc13391dbef62263a69d5,08/23/2025 02:47:00 PM,1,DRIVER,,2035223,,NOVA BUS,LFS,IL,2022,UNKNOWN,BUS OVER 15 PASS.,CTA,W,STRAIGHT AHEAD,,,1,,,,,,,,,,,,Y,Y,,,,,SIDE-LEFT,,,,,,,,,,,,,,,,,,,,,,,,,,,,,,,,,
2134993,87a08d70372a42a37296813853481fe08a0ecc2f4615119d97034f9a1c7b7aab7cf4021cfb0e8bbe4a6b93bab4f7d4756b587606238dc13391dbef62263a69d5,08/23/2025 02:47:00 PM,2,DRIVER,,2035227,,FLEET CAP'N TRAILERS,FLEET CAP'N TRAILERS,IN,,UNKNOWN,TRACTOR W/ SEMI-TRAILER,OTHER,W,STRAIGHT AHEAD,,,1,,,,,Y,Y,,,,,,,,,,,,FRONT-RIGHT-CORNER,,,,,,,,,,,,,,,,,,,,,,,,,,,,,,,,,
2135014,42c00d79c1970128fe9e4a16bce1eaf151b8f00e264ac942911e503a12ddf39e91279ee3568760f6e23b2cb025e4baeb3a5f46d1eb8d39bb9b251d1b154a7c1a,08/23/2025 02:45:00 PM,1,DRIVER,,2035264,,AUDI,Q3,IL,2019,NONE,SPORT UTILITY VEHICLE (SUV),PERSONAL,E,STRAIGHT AHEAD,,,1,,,,,Y,,,,,,,,,,Y,Y,,FRONT,,,,,,,,,,,,,,,,,,,,,,,,,,,,,,,,,
2135015,42c00d79c1970128fe9e4a16bce1eaf151b8f00e264ac942911e503a12ddf39e91279ee3568760f6e23b2cb025e4baeb3a5f46d1eb8d39bb9b251d1b154a7c1a,08/23/2025 02:45:00 PM,2,DRIVER,,2035241,,CHEVROLET,EQUINOX,MI,2024,NONE,SPORT UTILITY VEHICLE (SUV),PERSONAL,E,SLOW/STOP IN TRAFFIC,,,1,,,,,,,,,Y,Y,Y,,,,,,,REAR,,,,,,,,,,,,,,,,,,,,,,,,,,,,,,,,,
2134970,88a1c16c3c57485cd4afd33f5c06703c34e41399efedf599bae1248ace86b4aa0d46fb9a86f0fe209c34b4154d2f86968f2ab1bbdccd13721a9ea619379dfca6,08/23/2025 02:45:00 PM,1,DRIVER,1,2035202,,CHEVROLET,TRAVERSE,IL,2011,UNKNOWN,SPORT UTILITY VEHICLE (SUV),PERSONAL,SE,TURNING RIGHT,,,2,,,,,Y,,,,,,,,,,,,,FRONT-RIGHT-CORNER,,,,,,,,,,,,,,,,,,,,,,,,,,,,,,,,,
2134971,88a1c16c3c57485cd4afd33f5c06703c34e41399efedf599bae1248ace86b4aa0d46fb9a86f0fe209c34b4154d2f86968f2ab1bbdccd13721a9ea619379dfca6,08/23/2025 02:45:00 PM,2,DRIVER,,2035214,,HONDA,ACCORD,IL,2007,UNKNOWN,PASSENGER,PERSONAL,N,STRAIGHT AHEAD,Y,,1,,,,,,,,,,,,,,Y,Y,Y,,FRONT-LEFT-CORNER,,,,,,,,,,,,,,,,,,,,,,,,,,,,,,,,,
2136305,ca20d3db7fa7383bbb19a849fa571c482751c68d5b1852e9e4c414fefca2190889861c180de72086aca175cf0e566b3574e024769fa53cf26090d20dd2e0c621,08/23/2025 02:45:00 PM,1,DRIVER,,2036492,,PONTIAC,VIBE,IL,2009,NONE,PASSENGER,PERSONAL,E,STRAIGHT AHEAD,,,1,,,,,,,,,,,,,,,,Y,,FRONT,,,,,,,,,,,,,,,,,,,,,,,,,,,,,,,,,
2136306,ca20d3db7fa7383bbb19a849fa571c482751c68d5b1852e9e4c414fefca2190889861c180de72086aca175cf0e566b3574e024769fa53cf26090d20dd2e0c621,08/23/2025 02:45:00 PM,2,DRIVER,,2036499,,TOYOTA,RAV4,IL,2014,NONE,PASSENGER,PERSONAL,E,SLOW/STOP IN TRAFFIC,,,1,,,,,,,,,,Y,,,,,,,,REAR,,,,,,,,,,,,,,,,,,,,,,,,,,,,,,,,,
2134990,e2709d845fd3ed7463ad5250430bec8386294eca73fadf9a65ac13235b41a3d01ecb0578ff368df391065fbeb681aad5ad5532b228e0502f0015a59bee7851e7,08/23/2025 02:45:00 PM,1,DRIVER,,2035275,,FORD,FIESTA,AZ,2006,UNKNOWN,UNKNOWN/NA,UNKNOWN/NA,E,UNKNOWN/NA,,,1,,,,,Y,,,,,,,,,,Y,Y,,FRONT,,,,,,,,,,,,,,,,,,,,,,,,,,,,,,,,,
2134991,e2709d845fd3ed7463ad5250430bec8386294eca73fadf9a65ac13235b41a3d01ecb0578ff368df391065fbeb681aad5ad5532b228e0502f0015a59bee7851e7,08/23/2025 02:45:00 PM,2,DRIVER,,2035290,,NISSAN,ARIYA,IL,2023,UNKNOWN,UNKNOWN/NA,UNKNOWN/NA,E,SLOW/STOP IN TRAFFIC,,,1,,,,,,,,,Y,Y,Y,,,,,,,REAR,,,,,,,,,,,,,,,,,,,,,,,,,,,,,,,,,
2135213,311df272ffe632c6d9df506c81d7600715887e4afbab1c695ce8b801c17902964d0162249ca5b4a9511c4d0a80b7cb23278a4640c08e1c60639289a110a3ed7c,08/23/2025 02:40:00 PM,1,DRIVER,,2035436,,HONDA,ACCORD,IL,2014,UNKNOWN,PASSENGER,PERSONAL,N,TURNING LEFT,Y,,1,,awp towing and recovery,"9941 express dr, highland ind",,Y,Y,,,,,,,,,,,,FRONT-RIGHT-CORNER,,,,,,,,,,,,,,,,,,,,,,,,,,,,,,,,,
2135214,311df272ffe632c6d9df506c81d7600715887e4afbab1c695ce8b801c17902964d0162249ca5b4a9511c4d0a80b7cb23278a4640c08e1c60639289a110a3ed7c,08/23/2025 02:40:00 PM,2,DRIVER,,2035439,,TOYOTA,CAMRY,IL,2008,UNKNOWN,PASSENGER,UNKNOWN/NA,S,STRAIGHT AHEAD,,,1,,,,,Y,,,,,,,,,,,,,FRONT-RIGHT-CORNER,,,,,,,,,,,,,,,,,,,,,,,,,,,,,,,,,
2135628,f5818d7a4d1743dd7f39b59c6f009ef22b1f942bb8d348e1ef1b77136195e54c5fb84aaaf9d033108896003ddca467b6624262932c1958696d905ae415e752ff,08/23/2025 02:40:00 PM,1,DRIVER,,2035844,,CHEVROLET,MALIBU,IL,2011,NONE,PASSENGER,PERSONAL,E,SLOW/STOP IN TRAFFIC,,,1,,,,,,,,,,,,,,,,N,,FRONT,,,,,,,,,,,,,,,,,,,,,,,,,,,,,,,,,
2135629,f5818d7a4d1743dd7f39b59c6f009ef22b1f942bb8d348e1ef1b77136195e54c5fb84aaaf9d033108896003ddca467b6624262932c1958696d905ae415e752ff,08/23/2025 02:40:00 PM,2,DRIVER,,2035850,,MAZDA,CX-30,IL,2022,NONE,PASSENGER,PERSONAL,E,SLOW/STOP IN TRAFFIC,,,1,,,,,,,,,,,,,,,,,,REAR,,,,,,,,,,,,,,,,,,,,,,,,,,,,,,,,,
2135817,3122bda0ea28ab1983b1d980c7797480a7f25b69259da7ffbbc5fe9eb5b875d0268b79dc6e63aa1e21ed2e255222f107fec603810cc0010d433fc94ca11d8eaf,08/23/2025 02:37:00 PM,1,DRIVER,,2036015,,FORD,ECOSPORT,IL,2020,UNKNOWN,PASSENGER,PERSONAL,S,STRAIGHT AHEAD,,,1,,,,,,,,,,,,,,,,Y,,FRONT,,,,,,,,,,,,,,,,,,,,,,,,,,,,,,,,,
2135818,3122bda0ea28ab1983b1d980c7797480a7f25b69259da7ffbbc5fe9eb5b875d0268b79dc6e63aa1e21ed2e255222f107fec603810cc0010d433fc94ca11d8eaf,08/23/2025 02:37:00 PM,2,DRIVER,2,2036016,,TOYOTA,COROLLA,IL,2018,NONE,PASSENGER,PERSONAL,S,SLOW/STOP IN TRAFFIC,,,3,,,,,,,,,Y,Y,Y,,,,,,,REAR,,,,,,,,,,,,,,,,,,,,,,,,,,,,,,,,,
2134987,0f6839c2c6570f3af2ebbd46247ed00ec6db653df8566e1f6446f8f458df0f3568bab774292c5d6dae7fb38939d6088c68a665685e8e28fea0e1fcbec4da080f,08/23/2025 02:30:00 PM,1,DRIVER,,2035217,,CHEVROLET,TRAVERSE,IL,2020,NONE,PASSENGER,PERSONAL,S,CHANGING LANES,,,1,,,,,Y,,,,,,,,,,,,,FRONT-RIGHT-CORNER,,,,,,,,,,,,,,,,,,,,,,,,,,,,,,,,,
2134988,0f6839c2c6570f3af2ebbd46247ed00ec6db653df8566e1f6446f8f458df0f3568bab774292c5d6dae7fb38939d6088c68a665685e8e28fea0e1fcbec4da080f,08/23/2025 02:30:00 PM,2,DRIVER,,2035222,,CHEVROLET,MALIBU,IL,2015,NONE,PASSENGER,PERSONAL,S,STRAIGHT AHEAD,,,1,,,,,,,,,,,Y,Y,,,,,,REAR-LEFT-CORNER,,,,,,,,,,,,,,,,,,,,,,,,,,,,,,,,,
2135013,41f3593ff2905d4b0e86d44cce12c34254263057e700d3d39f5dd8f4f5224a3a01ccd6ebdc8ca6f229ef00a1f8bb39dbb5c4993b16fa7b7f5bdda73c4fca3cee,08/23/2025 02:30:00 PM,1,DRIVER,1,2035236,,CHEVROLET,EQUINOX,IL,2018,UNKNOWN,SPORT UTILITY VEHICLE (SUV),PERSONAL,W,STRAIGHT AHEAD,Y,,2,,PRIVATE TOW,,,Y,,,,,,,,,,Y,Y,,FRONT,,,,,,,,,,,,,,,,,,,,,,,,,,,,,,,,,
2135702,8004db95ace27a0b357d880945f9880baf64b7254d6534e0648683b6af9f37c44825a34af8999adc2a43060d03c15d5838ea8ac25c3e2b705853470ad8e18c5d,08/23/2025 02:30:00 PM,1,DRIVER,,2035910,,HYUNDAI,SANTA FE,IL,2011,UNKNOWN,UNKNOWN/NA,PERSONAL,N,STRAIGHT AHEAD,,,1,,,,,,,,,,,,,,,,,,FRONT,,,,,,,,,,,,,,,,,,,,,,,,,,,,,,,,,
2135703,8004db95ace27a0b357d880945f9880baf64b7254d6534e0648683b6af9f37c44825a34af8999adc2a43060d03c15d5838ea8ac25c3e2b705853470ad8e18c5d,08/23/2025 02:30:00 PM,2,DRIVER,,2035918,,HONDA,FIT,IL,2015,UNKNOWN,PASSENGER,PERSONAL,N,STRAIGHT AHEAD,,,1,,,,,,,,,,,,,,,,,,REAR,,,,,,,,,,,,,,,,,,,,,,,,,,,,,,,,,
2135809,863285e6da6333019a9cdf5b29b8e1453598c4ae88a41bdb510a579417a0126b16af077cf74109512f8e4bf51578dca2717952ffe33ce47126b7f66ac9f42123,08/23/2025 02:30:00 PM,1,DRIVER,,2036012,,HYUNDAI,SONATA,IL,,UNKNOWN,PASSENGER,UNKNOWN/NA,N,CHANGING LANES,,,1,,,,,Y,Y,,,,,,,,,,,,FRONT-RIGHT-CORNER,,,,,,,,,,,,,,,,,,,,,,,,,,,,,,,,,
2135810,863285e6da6333019a9cdf5b29b8e1453598c4ae88a41bdb510a579417a0126b16af077cf74109512f8e4bf51578dca2717952ffe33ce47126b7f66ac9f42123,08/23/2025 02:30:00 PM,2,DRIVER,,2036024,,JEEP,RENEGADE,MT,2020,NONE,SPORT UTILITY VEHICLE (SUV),PERSONAL,N,STRAIGHT AHEAD,,,1,,,,,,,,,,,Y,Y,Y,,,,,SIDE-LEFT,,,,,,,,,,,,,,,,,,,,,,,,,,,,,,,,,
2134998,d29e22d9600bbb657819bc22b6ff803018efccdef401c6d28fab5d8e7f0af8a5a5761502b2815de977f94ea10891e3ae3112480e62a8dafaf787008be72af284,08/23/2025 02:30:00 PM,1,DRIVER,2,2035230,,JEEP,CHEROKEE,IL,2019,UNKNOWN,SPORT UTILITY VEHICLE (SUV),PERSONAL,S,STRAIGHT AHEAD,Y,,3,,unknown,unk,,,,,,,,,,,,,Y,,FRONT,,,,,,,,,,,,,,,,,,,,,,,,,,,,,,,,,
2134999,d29e22d9600bbb657819bc22b6ff803018efccdef401c6d28fab5d8e7f0af8a5a5761502b2815de977f94ea10891e3ae3112480e62a8dafaf787008be72af284,08/23/2025 02:30:00 PM,2,DRIVER,2,2035239,,TOYOTA,RAV4,IN,2024,NONE,SPORT UTILITY VEHICLE (SUV),PERSONAL,S,STRAIGHT AHEAD,,,3,,,,,,,,,,Y,,,,,,Y,,REAR,,,,,,,,,,,,,,,,,,,,,,,,,,,,,,,,,
2135000,d29e22d9600bbb657819bc22b6ff803018efccdef401c6d28fab5d8e7f0af8a5a5761502b2815de977f94ea10891e3ae3112480e62a8dafaf787008be72af284,08/23/2025 02:30:00 PM,3,DRIVER,3,2035243,,CHRYSLER,PACIFICA,IL,2022,NONE,VAN/MINI-VAN,PERSONAL,S,STRAIGHT AHEAD,,,4,,,,,,,,,,Y,,,,,,,,REAR,,,,,,,,,,,,,,,,,,,,,,,,,,,,,,,,,
2135001,dc02eeba2147980a5552096ee1fd6c9228a09a003124f102daa3268a4dc9d479e6a7a43e171752ddb9853290e9691c843556bd0f364153321996493befaaaed1,08/23/2025 02:30:00 PM,1,DRIVER,,2035386,,FORD,FIESTA,AZ,2016,UNKNOWN,UNKNOWN/NA,UNKNOWN/NA,UNKNOWN,UNKNOWN/NA,,,1,,,,,,,,,,,,,,,,,Y,UNKNOWN,,,,,,,,,,,,,,,,,,,,,,,,,,,,,,,,,
2135002,dc02eeba2147980a5552096ee1fd6c9228a09a003124f102daa3268a4dc9d479e6a7a43e171752ddb9853290e9691c843556bd0f364153321996493befaaaed1,08/23/2025 02:30:00 PM,2,DRIVER,,2035398,,NISSAN,ARIYA,IL,2023,UNKNOWN,UNKNOWN/NA,UNKNOWN/NA,UNKNOWN,UNKNOWN/NA,,,1,,,,,,,,,,Y,,,,,,,,REAR,,,,,,,,,,,,,,,,,,,,,,,,,,,,,,,,,
2134945,0678feecf9c94ceaa080b119475de41eebf89396051a4920a7e5e32ee0c4d946146a093ebc80ae13434cda50909d5c91780f0ac606e2f3c12b08cb058d11fdf9,08/23/2025 02:28:00 PM,1,DRIVER,,2035181,,BMW,5 SERIES,IL,2016,NONE,PASSENGER,PERSONAL,SE,TURNING RIGHT,,,1,,,,,,,Y,,,,,,,,,,,SIDE-RIGHT,,,,,,,,,,,,,,,,,,,,,,,,,,,,,,,,,
2134946,0678feecf9c94ceaa080b119475de41eebf89396051a4920a7e5e32ee0c4d946146a093ebc80ae13434cda50909d5c91780f0ac606e2f3c12b08cb058d11fdf9,08/23/2025 02:28:00 PM,2,DRIVER,3,2035182,,NISSAN,ALTIMA,IN,2020,NONE,PASSENGER,PERSONAL,SE,TURNING RIGHT,,,4,,,,,N,,,,,,,,,,Y,,,FRONT-LEFT-CORNER,,,,,,,,,,,,,,,,,,,,,,,,,,,,,,,,,
2134962,c765d6283b47bf9854419a84478899c88c044adf3433fc7c64d94aa5fbfb5f946d1cd4d5c54d31c948e57f0ce794ce67788598e5371b27fa6f83f3198069c12a,08/23/2025 02:28:00 PM,1,DRIVER,,2035195,,TOYOTA,COROLLA,IL,2007,NONE,PASSENGER,PERSONAL,E,STRAIGHT AHEAD,Y,,1,,,,,Y,,,,,,,,,,Y,Y,,FRONT,,,,,,,,,,,,,,,,,,,,,,,,,,,,,,,,,