CRASH_UNIT_ID,CRASH_RECORD_ID,CRASH_DATE,UNIT_NO,UNIT_TYPE,NUM_PASSENGERS,VEHICLE_ID,CMRC_VEH_I,MAKE,MODEL,LIC_PLATE_STATE,VEHICLE_YEAR,VEHICLE_DEFECT,VEHICLE_TYPE,VEHICLE_USE,TRAVEL_DIRECTION,MANEUVER,TOWED_I,FIRE_I,OCCUPANT_CNT,EXCEED_SPEED_LIMIT_I,TOWED_BY,TOWED_TO,AREA_00_I,AREA_01_I,AREA_02_I,AREA_03_I,AREA_04_I,AREA_05_I,AREA_06_I,AREA_07_I,AREA_08_I,AREA_09_I,AREA_10_I,AREA_11_I,AREA_12_I,AREA_99_I,FIRST_CONTACT_POINT,CMV_ID,USDOT_NO,CCMC_NO,ILCC_NO,COMMERCIAL_SRC,GVWR,CARRIER_NAME,CARRIER_STATE,CARRIER_CITY,HAZMAT_PLACARDS_I,HAZMAT_NAME,UN_NO,HAZMAT_PRESENT_I,HAZMAT_REPORT_I,HAZMAT_REPORT_NO,MCS_REPORT_I,MCS_REPORT_NO,HAZMAT_VIO_CAUSE_CRASH_I,MCS_VIO_CAUSE_CRASH_I,IDOT_PERMIT_NO,WIDE_LOAD_I,TRAILER1_WIDTH,TRAILER2_WIDTH,TRAILER1_LENGTH,TRAILER2_LENGTH,TOTAL_VEHICLE_LENGTH,AXLE_CNT,VEHICLE_CONFIG,CARGO_BODY_TYPE,LOAD_TYPE,HAZMAT_OUT_OF_SERVICE_I,MCS_OUT_OF_SERVICE_I,HAZMAT_CLASS
2134963,c765d6283b47bf9854419a84478899c88c044adf3433fc7c64d94aa5fbfb5f946d1cd4d5c54d31c948e57f0ce794ce67788598e5371b27fa6f83f3198069c12a,08/23/2025 02:28:00 PM,2,DRIVER,,2035199,,BUICK,ENCLAVE,IL,2014,NONE,PASSENGER,PERSONAL,E,SLOW/STOP IN TRAFFIC,,,1,,,,,,,,,Y,Y,Y,,,,,,,REAR,,,,,,,,,,,,,,,,,,,,,,,,,,,,,,,,,
2134964,c765d6283b47bf9854419a84478899c88c044adf3433fc7c64d94aa5fbfb5f946d1cd4d5c54d31c948e57f0ce794ce67788598e5371b27fa6f83f3198069c12a,08/23/2025 02:28:00 PM,3,DRIVER,,2035209,,LINCOLN,MKS,IL,2016,NONE,PASSENGER,PERSONAL,E,SLOW/STOP IN TRAFFIC,,,1,,,,,,,,,Y,Y,Y,,,,,,,REAR,,,,,,,,,,,,,,,,,,,,,,,,,,,,,,,,,
2134968,051e33ffd9172f2b93c456e638c9e059224df9412b3c003bf1fed7b2c6fb44072007f816096df45802569b06396102b6888afeca32c347723135ea5926771cbe,08/23/2025 02:21:00 PM,1,DRIVER,2,2035198,,CHEVROLET,CRUZE,IL,2013,NONE,PASSENGER,PERSONAL,S,CHANGING LANES,,,3,,,,,,,,,,,,,,,Y,,,FRONT-LEFT-CORNER,,,,,,,,,,,,,,,,,,,,,,,,,,,,,,,,,
2134969,051e33ffd9172f2b93c456e638c9e059224df9412b3c003bf1fed7b2c6fb44072007f816096df45802569b06396102b6888afeca32c347723135ea5926771cbe,08/23/2025 02:21:00 PM,2,DRIVER,,2035224,,NISSAN,SENTRA,CA,2023,NONE,PASSENGER,PERSONAL,S,STRAIGHT AHEAD,,,1,,,,,Y,Y,Y,Y,Y,,,,,,,,,FRONT-RIGHT-CORNER,,,,,,,,,,,,,,,,,,,,,,,,,,,,,,,,,
2134974,d123e8221ac1c7ec380285da1689d484d1883fc885b4e2f9660780139a1e72214baa0313664242affcdb2db78cbb7f17e670af331bae4044f040278e59d66c78,08/23/2025 02:12:00 PM,1,DRIVER,,2035210,,UNKNOWN,OTHER (EXPLAIN IN NARRATIVE),,2002,NONE,OTHER,FIRE,E,TURNING RIGHT,,Y,1,,,,,Y,,,,,,,,,,,,,FRONT-RIGHT-CORNER,,,,,,,,,,,,,,,,,,,,,,,,,,,,,,,,,
2134975,d123e8221ac1c7ec380285da1689d484d1883fc885b4e2f9660780139a1e72214baa0313664242affcdb2db78cbb7f17e670af331bae4044f040278e59d66c78,08/23/2025 02:12:00 PM,2,PARKED,,2035219,,MAZDA,MAZDA3,IL,2017,NONE,PASSENGER,PERSONAL,W,PARKED,,,0,,,,,,,,,,,,,Y,Y,Y,,,FRONT-LEFT-CORNER,,,,,,,,,,,,,,,,,,,,,,,,,,,,,,,,,
2135021,2721225214a5b7d1060a6bac39c0a4b21dc9c31b09bd84e2c5268d95806ebd0cc0157a40c75bdba9f00f8859dec538592bddd49bc1730864cb1857655b48359b,08/23/2025 02:11:00 PM,1,DRIVER,,2035260,,DODGE,CHALLENGER,IL,2018,UNKNOWN,PASSENGER,PERSONAL,W,STRAIGHT AHEAD,Y,,1,,private insurance,,,Y,,,,,,,,,,Y,Y,,FRONT,,,,,,,,,,,,,,,,,,,,,,,,,,,,,,,,,
2135022,2721225214a5b7d1060a6bac39c0a4b21dc9c31b09bd84e2c5268d95806ebd0cc0157a40c75bdba9f00f8859dec538592bddd49bc1730864cb1857655b48359b,08/23/2025 02:11:00 PM,2,DRIVER,1,2035265,,CHEVROLET,EQUINOX,IL,2022,UNKNOWN,PASSENGER,PERSONAL,E,TURNING LEFT,Y,,2,,private insurance,,,Y,Y,,,,,,,,,,,,FRONT-RIGHT-CORNER,,,,,,,,,,,,,,,,,,,,,,,,,,,,,,,,,
2134937,0865a8897a9f8b4d6aae65468405bb39d4ba18037ed4179772457bada2fb9719f7b7f82c6edec6888e033a434e003836cfc1ba6653c70f47ebcfbf6755d98fbd,08/23/2025 02:00:00 PM,1,DRIVER,,2035174,,BUICK,ENVISION,IL,2021,NONE,SPORT UTILITY VEHICLE (SUV),PERSONAL,S,STRAIGHT AHEAD,,,1,,,,,Y,,,,,,,,,,,Y,,FRONT,,,,,,,,,,,,,,,,,,,,,,,,,,,,,,,,,
2134938,0865a8897a9f8b4d6aae65468405bb39d4ba18037ed4179772457bada2fb9719f7b7f82c6edec6888e033a434e003836cfc1ba6653c70f47ebcfbf6755d98fbd,08/23/2025 02:00:00 PM,2,DRIVER,1,2035176,,HONDA,CR-V,IL,2008,NONE,SPORT UTILITY VEHICLE (SUV),PERSONAL,S,SLOW/STOP IN TRAFFIC,,,2,,,,,,,,,,Y,Y,,,,,,,REAR-LEFT-CORNER,,,,,,,,,,,,,,,,,,,,,,,,,,,,,,,,,
2135530,ec19a71b49bf262b2deae6b46914c4777fe1878263d31b1aafe213e18f4a1fe58660da5ad9d3f7bfb42610bb1fd822ee98ff5a70f95a3a85e854b60bd2d81c64,08/23/2025 02:00:00 PM,1,DRIVER,,2035746,,UNKNOWN,OTHER (EXPLAIN IN NARRATIVE),,,UNKNOWN,UNKNOWN/NA,UNKNOWN/NA,UNKNOWN,UNKNOWN/NA,,,1,,,,,,,,,,,,,,,,,Y,UNKNOWN,,,,,,,,,,,,,,,,,,,,,,,,,,,,,,,,,
2135531,ec19a71b49bf262b2deae6b46914c4777fe1878263d31b1aafe213e18f4a1fe58660da5ad9d3f7bfb42610bb1fd822ee98ff5a70f95a3a85e854b60bd2d81c64,08/23/2025 02:00:00 PM,2,PARKED,,2035751,,HONDA,CIVIC,IL,2024,UNKNOWN,PASSENGER,PERSONAL,W,PARKED,,,0,,,,,,,,,,,,,Y,Y,Y,,,FRONT-RIGHT-CORNER,,,,,,,,,,,,,,,,,,,,,,,,,,,,,,,,,
2134931,f2097b4a61392679465f864680a02ec6926e88bf1e1e126bc60538cdbbe3adc1f826764e560a7dbe029024245608544c4b0c03f79cec935e709fa782ffa8f37f,08/23/2025 01:55:00 PM,1,DRIVER,,2035170,,UNKNOWN,MOTORIZED,XX,,UNKNOWN,UNKNOWN/NA,UNKNOWN/NA,S,UNKNOWN/NA,,,1,,,,,,,,,,,,,,,,,Y,FRONT-RIGHT-CORNER,,,,,,,,,,,,,,,,,,,,,,,,,,,,,,,,,
2134932,f2097b4a61392679465f864680a02ec6926e88bf1e1e126bc60538cdbbe3adc1f826764e560a7dbe029024245608544c4b0c03f79cec935e709fa782ffa8f37f,08/23/2025 01:55:00 PM,2,BICYCLE,,,,,,,,,,,,,,,,,,,,,,,,,,,,,,,,,,,,,,,,,,,,,,,,,,,,,,,,,,,,,,,,,,
2134915,296cfa12255d24f081ed38f0f40b862f5077844fb22780184327e3a84bf421d48dfd4433a86e1cd8c75be2156cbb0b94d1983f4346b2227405c0528e36a38c84,08/23/2025 01:38:00 PM,1,DRIVER,,2035155,,DODGE,JOURNEY,,,UNKNOWN,PASSENGER,UNKNOWN/NA,S,TURNING RIGHT,,,1,,,,,Y,,,,,,,,,,,Y,,FRONT-RIGHT-CORNER,,,,,,,,,,,,,,,,,,,,,,,,,,,,,,,,,
2134916,296cfa12255d24f081ed38f0f40b862f5077844fb22780184327e3a84bf421d48dfd4433a86e1cd8c75be2156cbb0b94d1983f4346b2227405c0528e36a38c84,08/23/2025 01:38:00 PM,2,BICYCLE,,,,,,,,,,,,,,,,,,,,,,,,,,,,,,,,,,,,,,,,,,,,,,,,,,,,,,,,,,,,,,,,,,
2134955,fd260c39a4746acde988d7628540e9e6cebe7ade36301750447abf66d8cdb79dd9f5a533e9e3feb70557caefbe4ede433e22ff9ecf29dd3373f57464237b5f6d,08/23/2025 01:32:00 PM,1,DRIVER,,2035221,,UNKNOWN,ENCLOSED BODY,,,UNKNOWN,UNKNOWN/NA,UNKNOWN/NA,W,UNKNOWN/NA,,,1,,,,,,,,,,,,,,,,Y,,FRONT,,,,,,,,,,,,,,,,,,,,,,,,,,,,,,,,,
2134956,fd260c39a4746acde988d7628540e9e6cebe7ade36301750447abf66d8cdb79dd9f5a533e9e3feb70557caefbe4ede433e22ff9ecf29dd3373f57464237b5f6d,08/23/2025 01:32:00 PM,2,DRIVER,3,2035192,,TOYOTA,COROLLA,IL,2015,UNKNOWN,PASSENGER,PERSONAL,W,STRAIGHT AHEAD,,,4,,,,,,,,,,Y,,,,,,,,REAR,,,,,,,,,,,,,,,,,,,,,,,,,,,,,,,,,
2134957,7351a4ff60b299147722c08e28c7a76f2aff5b8b972c7466fcc99ced3cecbf6fbaae126ba03862f26ddbdd33a49a652cf5f4040a1376675c69325931b115d6b6,08/23/2025 01:30:00 PM,1,DRIVER,,2035189,,HYUNDAI,TUCSON,IL,2006,UNKNOWN,PASSENGER,UNKNOWN/NA,W,TURNING LEFT,,,1,,,,,,,,,,,,,,,,,Y,SIDE-RIGHT,,,,,,,,,,,,,,,,,,,,,,,,,,,,,,,,,
2134958,7351a4ff60b299147722c08e28c7a76f2aff5b8b972c7466fcc99ced3cecbf6fbaae126ba03862f26ddbdd33a49a652cf5f4040a1376675c69325931b115d6b6,08/23/2025 01:30:00 PM,2,DRIVER,,2035196,,HONDA,MOTORCYCLE,IL,2011,NONE,MOTORCYCLE (OVER 150CC),PERSONAL,NE,STRAIGHT AHEAD,,,1,,,,,,,,,,,,,,Y,Y,,,SIDE-LEFT,,,,,,,,,,,,,,,,,,,,,,,,,,,,,,,,,
2136989,8dcfb2f6f59420e79d2d183b87268cd1cb593d2e3ff0a888f29e86510daed0aa1dd71eb210b6a81425e4152052b7a4eb540d07f793cf4774aaf529582edc0911,08/23/2025 01:30:00 PM,1,DRIVER,,2037147,,UNKNOWN,MOTORIZED,IL,,UNKNOWN,UNKNOWN/NA,UNKNOWN/NA,W,BACKING,,,1,,,,,,,,,,Y,,,,,,Y,,REAR,,,,,,,,,,,,,,,,,,,,,,,,,,,,,,,,,
2136990,8dcfb2f6f59420e79d2d183b87268cd1cb593d2e3ff0a888f29e86510daed0aa1dd71eb210b6a81425e4152052b7a4eb540d07f793cf4774aaf529582edc0911,08/23/2025 01:30:00 PM,2,DRIVERLESS,,2037151,,NISSAN,ROGUE,IL,2021,UNKNOWN,PASSENGER,PERSONAL,W,PARKED,,,0,,,,,,,,,,,,,,,,Y,,FRONT,,,,,,,,,,,,,,,,,,,,,,,,,,,,,,,,,
2135564,b9568ae72cf484abcba10c3c385a1af63e52d05d97b325a4cb3d38c0f25c4849f44e763d6b7bcd77e60a770e1289afcb78aa0592cb4551ee556ac602f7e1f498,08/23/2025 01:30:00 PM,1,DRIVER,,2035777,,TOYOTA,COROLLA,IL,2010,NONE,PASSENGER,PERSONAL,N,STRAIGHT AHEAD,,,1,,,,,,,,,,,,,,,,Y,,FRONT,,,,,,,,,,,,,,,,,,,,,,,,,,,,,,,,,
2135565,b9568ae72cf484abcba10c3c385a1af63e52d05d97b325a4cb3d38c0f25c4849f44e763d6b7bcd77e60a770e1289afcb78aa0592cb4551ee556ac602f7e1f498,08/23/2025 01:30:00 PM,2,DRIVER,,2035780,,CHEVROLET,OTHER (EXPLAIN IN NARRATIVE),IL,,NONE,PICKUP,PERSONAL,N,SLOW/STOP IN TRAFFIC,,,1,,,,Y,,,,,,,,,,,,,N,NONE,,,,,,,,,,,,,,,,,,,,,,,,,,,,,,,,,
2134935,990b9106f5cd506ba6809f6497f848849d3d8cc817391b0c002bfa401de8689d786083933ca9841607fb5d3d8b0b2c4ac0a3675bcdce60fff2d0b0077d48c5f1,08/23/2025 01:28:00 PM,1,DRIVER,,2035173,,JEEP,GRAND CHEROKEE,IL,2001,NONE,SPORT UTILITY VEHICLE (SUV),PERSONAL,E,STRAIGHT AHEAD,,,1,,,,,Y,,,,,,,,,,Y,Y,,FRONT,,,,,,,,,,,,,,,,,,,,,,,,,,,,,,,,,
2134936,990b9106f5cd506ba6809f6497f848849d3d8cc817391b0c002bfa401de8689d786083933ca9841607fb5d3d8b0b2c4ac0a3675bcdce60fff2d0b0077d48c5f1,08/23/2025 01:28:00 PM,2,DRIVER,,2035177,,CHEVROLET,CRUZE,IL,2014,NONE,PASSENGER,PERSONAL,E,STRAIGHT AHEAD,,,1,,,,,,,,,Y,Y,Y,,,,,,,REAR,,,,,,,,,,,,,,,,,,,,,,,,,,,,,,,,,
2134917,f8e68f4e7d4ff5057e667bd1be214291b4bbb116bc51df4eb441ef806eff3c9830662f770afb80488d28c436c00a92f83c331104139f4578e1917d0b8882ab11,08/23/2025 01:25:00 PM,1,DRIVER,,2035157,,NISSAN,KICKS,IL,2023,UNKNOWN,PASSENGER,PERSONAL,W,STRAIGHT AHEAD,Y,,1,,owner,unk,,,,,,,,,,,,,Y,,FRONT,,,,,,,,,,,,,,,,,,,,,,,,,,,,,,,,,
2134918,f8e68f4e7d4ff5057e667bd1be214291b4bbb116bc51df4eb441ef806eff3c9830662f770afb80488d28c436c00a92f83c331104139f4578e1917d0b8882ab11,08/23/2025 01:25:00 PM,2,DRIVER,,2035160,,CHEVROLET,OTHER (EXPLAIN IN NARRATIVE),IL,2018,NONE,PASSENGER,PERSONAL,S,STRAIGHT AHEAD,Y,,1,,owner,unk,,,,,,,Y,Y,Y,Y,,,,,SIDE-LEFT-REAR,,,,,,,,,,,,,,,,,,,,,,,,,,,,,,,,,
2134919,f8e68f4e7d4ff5057e667bd1be214291b4bbb116bc51df4eb441ef806eff3c9830662f770afb80488d28c436c00a92f83c331104139f4578e1917d0b8882ab11,08/23/2025 01:25:00 PM,3,PARKED,,2035163,,GENERAL MOTORS CORPORATION (GMC),OTHER (EXPLAIN IN NARRATIVE),IL,2006,NONE,PASSENGER,PERSONAL,UNKNOWN,PARKED,,,0,,,,,,,,,,,Y,,,,,,,SIDE-LEFT-REAR,,,,,,,,,,,,,,,,,,,,,,,,,,,,,,,,,
2135335,72ac53e9a141dca8094eabcf19d02edbd0ef0e863b09e8ee13009bd2a82dcd99762caa6f6d340a25519dba7320c73ef73b6a064d3bd5fa48ab3b46070e837214,08/23/2025 01:20:00 PM,1,DRIVER,,2035554,,KIA,OTHER (EXPLAIN IN NARRATIVE),IL,2022,UNKNOWN,PASSENGER,PERSONAL,S,STRAIGHT AHEAD,,,1,,,,,,,,,,,,,,,,,Y,FRONT,,,,,,,,,,,,,,,,,,,,,,,,,,,,,,,,,
2135336,72ac53e9a141dca8094eabcf19d02edbd0ef0e863b09e8ee13009bd2a82dcd99762caa6f6d340a25519dba7320c73ef73b6a064d3bd5fa48ab3b46070e837214,08/23/2025 01:20:00 PM,2,DRIVER,,2035569,,DODGE,DURANGO,IL,2025,NONE,SPORT UTILITY VEHICLE (SUV),PERSONAL,E,TURNING LEFT,,,1,,,,,,,,,,,Y,Y,Y,,,,,SIDE-LEFT-REAR,,,,,,,,,,,,,,,,,,,,,,,,,,,,,,,,,
2134924,90e8c73eeb5e17c2b372e93baa8df01070d49bd70c2865ad313e492da9077c9fa9147e3f38003472cf9a4de76f6c41b266c73743336e7a46303c7f8f2951f2bc,08/23/2025 01:13:00 PM,1,DRIVER,,2035162,,TOYOTA,RAV4,IL,2017,NONE,PASSENGER,PERSONAL,W,AVOIDING VEHICLES/OBJECTS,Y,,1,,OWNER DISCRETION,,,Y,Y,,,,,,,,Y,Y,Y,,FRONT,,,,,,,,,,,,,,,,,,,,,,,,,,,,,,,,,
2134920,81c050bbc5c39ef9055bab231a6d9c377375d53ff505a56789a9898c961cb1be59d950944a1b185200fdec5b6f4f703aadf7900d626b513d8741d32b3a63cc1d,08/23/2025 01:10:00 PM,1,DRIVER,,2035158,,CADILLAC,XT5,IL,2016,NONE,PASSENGER,PERSONAL,E,STRAIGHT AHEAD,,,1,,,,,Y,,,,,,,,,,,,,FRONT-RIGHT-CORNER,,,,,,,,,,,,,,,,,,,,,,,,,,,,,,,,,
2134921,81c050bbc5c39ef9055bab231a6d9c377375d53ff505a56789a9898c961cb1be59d950944a1b185200fdec5b6f4f703aadf7900d626b513d8741d32b3a63cc1d,08/23/2025 01:10:00 PM,2,DRIVER,,2035161,,TOYOTA,HIGHLANDER,IL,2023,NONE,PASSENGER,PERSONAL,E,STRAIGHT AHEAD,,,1,,,,,,,,,,,,Y,,,,,,SIDE-LEFT,,,,,,,,,,,,,,,,,,,,,,,,,,,,,,,,,
2134996,79a3f572691664e8bb345e82a48f9e4488acbf68212f4819019446188cc59e287d395e1841b57c7123e3863e5fd12db3723d8dc97005f104a2233e59752df3db,08/23/2025 01:04:00 PM,1,DRIVER,,2035231,,FORD,F150,IL,2009,UNKNOWN,PICKUP,UNKNOWN/NA,E,STRAIGHT AHEAD,,,1,,,,N,,,,,,,,,,,,Y,,FRONT,,,,,,,,,,,,,,,,,,,,,,,,,,,,,,,,,
2134997,79a3f572691664e8bb345e82a48f9e4488acbf68212f4819019446188cc59e287d395e1841b57c7123e3863e5fd12db3723d8dc97005f104a2233e59752df3db,08/23/2025 01:04:00 PM,2,DRIVER,,2035240,,SUBARU,FORESTER,IL,2021,UNKNOWN,SPORT UTILITY VEHICLE (SUV),UNKNOWN/NA,E,STRAIGHT AHEAD,,,1,,,,,,,,,,Y,,,,,,,,REAR,,,,,,,,,,,,,,,,,,,,,,,,,,,,,,,,,
2134949,dae8f8e9cc04858c3f8ad23cafda8ad06e9fa9fa9dd0983861175c16973637b2954ce8e50784723f8d13069c9eed3946639cdebd9c21fe279e2f3215bf836de8,08/23/2025 01:01:00 PM,1,DRIVER,,2035191,,JEEP,GRAND CHEROKEE,IL,2014,NONE,PASSENGER,PERSONAL,S,STRAIGHT AHEAD,,,1,,,,,,,,,,,,,,,Y,,,FRONT-LEFT-CORNER,,,,,,,,,,,,,,,,,,,,,,,,,,,,,,,,,
2134950,dae8f8e9cc04858c3f8ad23cafda8ad06e9fa9fa9dd0983861175c16973637b2954ce8e50784723f8d13069c9eed3946639cdebd9c21fe279e2f3215bf836de8,08/23/2025 01:01:00 PM,2,DRIVER,,2035186,,HONDA,CIVIC,IL,2007,NONE,PASSENGER,PERSONAL,W,STRAIGHT AHEAD,,,1,,,,,Y,,,,,,,,,,Y,Y,,FRONT-RIGHT-CORNER,,,,,,,,,,,,,,,,,,,,,,,,,,,,,,,,,
2135049,46cb579cbd6fbd55c392b2443f28acc62ceb2f215982902151710a497e8d81d6ce9666da65d26e1c927d6e17eb8e228930d344894dbb64507af5bd87b38a6832,08/23/2025 01:00:00 PM,1,DRIVER,,2035281,,VOLKSWAGEN,ATLAS,IL,2018,UNKNOWN,PASSENGER,PERSONAL,N,UNKNOWN/NA,Y,,1,,city of chicago,701 North Sacramento Blvd.,,Y,Y,Y,Y,Y,,Y,Y,,,Y,Y,,TOTAL (ALL AREAS),,,,,,,,,,,,,,,,,,,,,,,,,,,,,,,,,
2135050,46cb579cbd6fbd55c392b2443f28acc62ceb2f215982902151710a497e8d81d6ce9666da65d26e1c927d6e17eb8e228930d344894dbb64507af5bd87b38a6832,08/23/2025 01:00:00 PM,2,PARKED,,2035286,,MAZDA,CX-3,IL,2019,UNKNOWN,PASSENGER,PERSONAL,N,PARKED,,,0,,,,,,,Y,Y,Y,Y,,,,,,,,REAR-RIGHT-CORNER,,,,,,,,,,,,,,,,,,,,,,,,,,,,,,,,,
2134978,4c6694e49aed025d3a11400e89401640877e00689e0f89525b70ed77ecf2d9e055913ab9c719311c6d5201578432c054eb65c2093207ba1556e0bea578a72a69,08/23/2025 01:00:00 PM,1,DRIVER,,2035218,,CHEVROLET,MALIBU,IL,2020,NONE,PASSENGER,PERSONAL,N,STRAIGHT AHEAD,,,1,,,,,,,,,,,,,,,,Y,,FRONT,,,,,,,,,,,,,,,,,,,,,,,,,,,,,,,,,
2134979,4c6694e49aed025d3a11400e89401640877e00689e0f89525b70ed77ecf2d9e055913ab9c719311c6d5201578432c054eb65c2093207ba1556e0bea578a72a69,08/23/2025 01:00:00 PM,2,DRIVER,,2035225,,TOYOTA,COROLLA,IL,2017,NONE,PASSENGER,PERSONAL,W,STRAIGHT AHEAD,,,1,,,,,,,,,,,,Y,Y,Y,,,,SIDE-LEFT,,,,,,,,,,,,,,,,,,,,,,,,,,,,,,,,,
2134922,ccdceb57205182143f394fe359eec9347e1aeb0e54eb03d05ec23eafab541b8414ef56ee03d89f731d0b9f54935d1e411fd5f6294b6d0a078e3ca0e1959ff9f0,08/23/2025 12:57:00 PM,1,BICYCLE,,,,,,,,,,,,,,,,,,,,,,,,,,,,,,,,,,,,,,,,,,,,,,,,,,,,,,,,,,,,,,,,,,
2134923,ccdceb57205182143f394fe359eec9347e1aeb0e54eb03d05ec23eafab541b8414ef56ee03d89f731d0b9f54935d1e411fd5f6294b6d0a078e3ca0e1959ff9f0,08/23/2025 12:57:00 PM,2,DRIVER,1,2035164,,JEEP,GRAND CHEROKEE,IL,2012,UNKNOWN,PASSENGER,PERSONAL,N,STRAIGHT AHEAD,,,2,,,,,,,,,,,,,,,Y,,,FRONT-LEFT-CORNER,,,,,,,,,,,,,,,,,,,,,,,,,,,,,,,,,
2134896,350dbf3f35fb554aee77df1a17d01680377139aa40f99bb19afb2a8dc1d18fe38ca39e42125cb34acc3015b4b4cb3dbe04939e5c95af40171e6c228c3738716e,08/23/2025 12:55:00 PM,1,DRIVER,,2035143,,FORD,FUSION,IL,2014,NONE,PASSENGER,PERSONAL,W,STRAIGHT AHEAD,,,1,,,,,,,,,,,,,,,,,,FRONT,,,,,,,,,,,,,,,,,,,,,,,,,,,,,,,,,
2134897,350dbf3f35fb554aee77df1a17d01680377139aa40f99bb19afb2a8dc1d18fe38ca39e42125cb34acc3015b4b4cb3dbe04939e5c95af40171e6c228c3738716e,08/23/2025 12:55:00 PM,2,DRIVER,1,2035150,,TOYOTA,CAMRY,IL,2024,NONE,PASSENGER,PERSONAL,W,STRAIGHT AHEAD,,,2,,,,,,,,,,,,,,,,,,REAR,,,,,,,,,,,,,,,,,,,,,,,,,,,,,,,,,
2134898,350dbf3f35fb554aee77df1a17d01680377139aa40f99bb19afb2a8dc1d18fe38ca39e42125cb34acc3015b4b4cb3dbe04939e5c95af40171e6c228c3738716e,08/23/2025 12:55:00 PM,3,DRIVER,,2035154,,HONDA,CIVIC,IL,2021,NONE,PASSENGER,PERSONAL,W,STRAIGHT AHEAD,,,1,,,,,,,,,,,,,,,,,,REAR,,,,,,,,,,,,,,,,,,,,,,,,,,,,,,,,,
2134925,f35bbd20c1de51215950c7922b815b5fa8e2761a0a35548d84be6a6c6c2805e8a4c9ae209cd7331223a7d73265c42e39f6fb22a3ce47f648c7d9f184b3801036,08/23/2025 12:55:00 PM,1,DRIVER,,2035168,,TOYOTA,COROLLA,IL,2007,UNKNOWN,PASSENGER,PERSONAL,N,STRAIGHT AHEAD,Y,,1,,PRIVATE TOW,,,,,,,Y,,,,,,,,,REAR-RIGHT-CORNER,,,,,,,,,,,,,,,,,,,,,,,,,,,,,,,,,
2134926,f35bbd20c1de51215950c7922b815b5fa8e2761a0a35548d84be6a6c6c2805e8a4c9ae209cd7331223a7d73265c42e39f6fb22a3ce47f648c7d9f184b3801036,08/23/2025 12:55:00 PM,2,DRIVER,,2035172,,TOYOTA,TACOMA,IL,2016,UNKNOWN,PICKUP,PERSONAL,W,TURNING LEFT,,,1,,,,,Y,,,,,,,,,,,,,FRONT-RIGHT-CORNER,,,,,,,,,,,,,,,,,,,,,,,,,,,,,,,,,
2134954,f35bbd20c1de51215950c7922b815b5fa8e2761a0a35548d84be6a6c6c2805e8a4c9ae209cd7331223a7d73265c42e39f6fb22a3ce47f648c7d9f184b3801036,08/23/2025 12:55:00 PM,3,PEDESTRIAN,,,,,,,,,,,,,,,,,,,,,,,,,,,,,,,,,,,,,,,,,,,,,,,,,,,,,,,,,,,,,,,,,,
2134959,f35bbd20c1de51215950c7922b815b5fa8e2761a0a35548d84be6a6c6c2805e8a4c9ae209cd7331223a7d73265c42e39f6fb22a3ce47f648c7d9f184b3801036,08/23/2025 12:55:00 PM,4,PEDESTRIAN,,,,,,,,,,,,,,,,,,,,,,,,,,,,,,,,,,,,,,,,,,,,,,,,,,,,,,,,,,,,,,,,,,
2134960,f35bbd20c1de51215950c7922b815b5fa8e2761a0a35548d84be6a6c6c2805e8a4c9ae209cd7331223a7d73265c42e39f6fb22a3ce47f648c7d9f184b3801036,08/23/2025 12:55:00 PM,5,PEDESTRIAN,,,,,,,,,,,,,,,,,,,,,,,,,,,,,,,,,,,,,,,,,,,,,,,,,,,,,,,,,,,,,,,,,,
2135377,40717f1bf819f2c29f393c106ae8e443b353fbf64932791213f02d5462e7119b65df9a4f0736c4dce19645933a7f7dff6c8d6bf0c069a38afdd7edd716f5be85,08/23/2025 12:51:00 PM,1,DRIVER,,2035595,,TOYOTA,PRIUS,IL,2014,NONE,PASSENGER,TAXI/FOR HIRE,S,STRAIGHT AHEAD,Y,,1,,PRIVATE TOW,,,Y,Y,,,,,,,,,,,,FRONT-RIGHT-CORNER,,,,,,,,,,,,,,,,,,,,,,,,,,,,,,,,,
2134913,6abf691dfd4ff35d5a6cefa8cf1ec69fcff5ab363a5a4a0913b98b4631c1bb7156c6520f5161299f1a7114d22cba22d9331882dea892e8016f8834a1badfea2c,08/23/2025 12:45:00 PM,1,PARKED,1,2035159,,MERCEDES-BENZ,GLK350,IL,2013,NONE,SPORT UTILITY VEHICLE (SUV),PERSONAL,S,PARKED,,,1,,,,,,,,,,,,,Y,,,,,SIDE-LEFT,,,,,,,,,,,,,,,,,,,,,,,,,,,,,,,,,
2134914,6abf691dfd4ff35d5a6cefa8cf1ec69fcff5ab363a5a4a0913b98b4631c1bb7156c6520f5161299f1a7114d22cba22d9331882dea892e8016f8834a1badfea2c,08/23/2025 12:45:00 PM,2,DRIVER,1,2035156,,VOLKSWAGEN,ATLAS,IL,2023,NONE,SPORT UTILITY VEHICLE (SUV),PERSONAL,S,STRAIGHT AHEAD,,,2,,,,,,Y,Y,,,,,,,,,,,SIDE-RIGHT,,,,,,,,,,,,,,,,,,,,,,,,,,,,,,,,,