CRASH_UNIT_ID,CRASH_RECORD_ID,CRASH_DATE,UNIT_NO,UNIT_TYPE,NUM_PASSENGERS,VEHICLE_ID,CMRC_VEH_I,MAKE,MODEL,LIC_PLATE_STATE,VEHICLE_YEAR,VEHICLE_DEFECT,VEHICLE_TYPE,VEHICLE_USE,TRAVEL_DIRECTION,MANEUVER,TOWED_I,FIRE_I,OCCUPANT_CNT,EXCEED_SPEED_LIMIT_I,TOWED_BY,TOWED_TO,AREA_00_I,AREA_01_I,AREA_02_I,AREA_03_I,AREA_04_I,AREA_05_I,AREA_06_I,AREA_07_I,AREA_08_I,AREA_09_I,AREA_10_I,AREA_11_I,AREA_12_I,AREA_99_I,FIRST_CONTACT_POINT,CMV_ID,USDOT_NO,CCMC_NO,ILCC_NO,COMMERCIAL_SRC,GVWR,CARRIER_NAME,CARRIER_STATE,CARRIER_CITY,HAZMAT_PLACARDS_I,HAZMAT_NAME,UN_NO,HAZMAT_PRESENT_I,HAZMAT_REPORT_I,HAZMAT_REPORT_NO,MCS_REPORT_I,MCS_REPORT_NO,HAZMAT_VIO_CAUSE_CRASH_I,MCS_VIO_CAUSE_CRASH_I,IDOT_PERMIT_NO,WIDE_LOAD_I,TRAILER1_WIDTH,TRAILER2_WIDTH,TRAILER1_LENGTH,TRAILER2_LENGTH,TOTAL_VEHICLE_LENGTH,AXLE_CNT,VEHICLE_CONFIG,CARGO_BODY_TYPE,LOAD_TYPE,HAZMAT_OUT_OF_SERVICE_I,MCS_OUT_OF_SERVICE_I,HAZMAT_CLASS
2134961,2b63e9765a9b5df6a38f141b3805bb4689c8679a8ca9bf5ddea526717ee44c1c1fc03cd8dde0c134323d5c3b6480d880f42b84e67033564af3ec9bfad6b14cb9,08/23/2025 12:27:00 PM,1,DRIVER,,2035193,,FREIGHTLINER CORPORATION,FREIGHTLINER CORP.,IN,2021,UNKNOWN,TRACTOR W/O SEMI-TRAILER,OTHER,N,STRAIGHT AHEAD,,,1,,,,,,,,,,,,,,,,Y,,TOP,,,,,,,,,,,,,,,,,,,,,,,,,,,,,,,,,
2134892,74eceb023120401d59f6dd2e8383c4ee10bac11f254135a114481c9468efc2984086d2f17cbaef0a7be7b002c39d8ac7552e3f5823053dfacf02e7d7fd0b1975,08/23/2025 12:24:00 PM,1,DRIVER,,2035131,,MITSUBISHI,OTHER (EXPLAIN IN NARRATIVE),IL,2004,UNKNOWN,PASSENGER,UNKNOWN/NA,NW,SLOW/STOP IN TRAFFIC,,,1,,,,,Y,,,,,,,,,,Y,Y,,FRONT,,,,,,,,,,,,,,,,,,,,,,,,,,,,,,,,,
2134893,74eceb023120401d59f6dd2e8383c4ee10bac11f254135a114481c9468efc2984086d2f17cbaef0a7be7b002c39d8ac7552e3f5823053dfacf02e7d7fd0b1975,08/23/2025 12:24:00 PM,2,DRIVER,,2035139,,SUBARU,CROSSTREK,IL,2019,NONE,PASSENGER,PERSONAL,NW,STRAIGHT AHEAD,,,1,,,,,,,,,Y,Y,Y,,,,,,,REAR,,,,,,,,,,,,,,,,,,,,,,,,,,,,,,,,,
2134894,98461011d88ab6f29139fc4eedc17fdbdbb8bfdc76457ca520b0da213afdd46308290cfe7822bac00d65a60e761e8dec2b7cd7620653c6ed9e88a9ea2c0cf6ad,08/23/2025 12:20:00 PM,1,DRIVER,,2035134,,NOVA BUS,OTHER (EXPLAIN IN NARRATIVE),IL,2016,UNKNOWN,BUS OVER 15 PASS.,CTA,N,STRAIGHT AHEAD,,,1,,,,Y,,,,,,,,,,,,,,FRONT-RIGHT-CORNER,,,,,,,,,,,,,,,,,,,,,,,,,,,,,,,,,
2134895,98461011d88ab6f29139fc4eedc17fdbdbb8bfdc76457ca520b0da213afdd46308290cfe7822bac00d65a60e761e8dec2b7cd7620653c6ed9e88a9ea2c0cf6ad,08/23/2025 12:20:00 PM,2,PEDESTRIAN,,,,,,,,,,,,,,,,,,,,,,,,,,,,,,,,,,,,,,,,,,,,,,,,,,,,,,,,,,,,,,,,,,
2134933,f8243bb5bd7d3eb4d6f798d9c4c3f800f09ec9d8a717c376610578414770ccb0b2e2c2851d75d7890c6275f0b5412a7c9fb70ca035ce26de8769a8cb5e8e17e5,08/23/2025 12:20:00 PM,1,DRIVER,,2035171,,UNKNOWN,OTHER (EXPLAIN IN NARRATIVE),IL,,UNKNOWN,UNKNOWN/NA,UNKNOWN/NA,UNKNOWN,UNKNOWN/NA,,,1,,,,,,,,,,,,,,,,,,UNKNOWN,,,,,,,,,,,,,,,,,,,,,,,,,,,,,,,,,
2134934,f8243bb5bd7d3eb4d6f798d9c4c3f800f09ec9d8a717c376610578414770ccb0b2e2c2851d75d7890c6275f0b5412a7c9fb70ca035ce26de8769a8cb5e8e17e5,08/23/2025 12:20:00 PM,2,PARKED,,2035175,,SUBARU,ASCENT,IL,2025,UNKNOWN,SPORT UTILITY VEHICLE (SUV),PERSONAL,S,PARKED,Y,,0,,PRIVATE,,,Y,Y,,,,,,,,Y,Y,Y,,FRONT,,,,,,,,,,,,,,,,,,,,,,,,,,,,,,,,,
2134947,61e6d4b18eb8da451a5dfff9e8398ae08ef499f594261590138fae8c356c7fea7313caa2f7adf13152609116777d53c3e7efc93d911e0ed49458689f7a3846cb,08/23/2025 12:15:00 PM,1,DRIVER,,2035187,,TOYOTA,RAV4,IL,2001,NONE,SPORT UTILITY VEHICLE (SUV),PERSONAL,N,STRAIGHT AHEAD,,,1,,,,,,,,,,,,,,,,Y,Y,FRONT,,,,,,,,,,,,,,,,,,,,,,,,,,,,,,,,,
2134948,61e6d4b18eb8da451a5dfff9e8398ae08ef499f594261590138fae8c356c7fea7313caa2f7adf13152609116777d53c3e7efc93d911e0ed49458689f7a3846cb,08/23/2025 12:15:00 PM,2,DRIVER,2,2035190,,HYUNDAI,TUCSON,IL,2017,NONE,SPORT UTILITY VEHICLE (SUV),PERSONAL,N,SLOW/STOP IN TRAFFIC,,,3,,,,,,,,,Y,Y,,,,,,,,REAR-RIGHT-CORNER,,,,,,,,,,,,,,,,,,,,,,,,,,,,,,,,,
2134901,6823ce5648472da3c3a6f0c96587e1944507a7cad55dc6a6939fa5695047170d74917e3f04c275752dcf455eb3d5583d730d16f66ea2bf3ac140419073e183bc,08/23/2025 12:15:00 PM,1,DRIVER,,2035137,,CHEVROLET,TAHOE,IL,2005,UNKNOWN,PASSENGER,PERSONAL,W,OTHER,,,1,,,,,Y,,,,,,,,,,Y,Y,Y,FRONT,,,,,,,,,,,,,,,,,,,,,,,,,,,,,,,,,
2134902,6823ce5648472da3c3a6f0c96587e1944507a7cad55dc6a6939fa5695047170d74917e3f04c275752dcf455eb3d5583d730d16f66ea2bf3ac140419073e183bc,08/23/2025 12:15:00 PM,2,DRIVER,,2035144,,UNKNOWN,OTHER (EXPLAIN IN NARRATIVE),WI,2016,UNKNOWN,OTHER,OTHER,SW,TURNING LEFT,,,1,,,,,,,,,,,,,Y,Y,,,Y,SIDE-LEFT,,,,,,,,,,,,,,,,,,,,,,,,,,,,,,,,,
2134903,744e8cdb7c1897ae15d58ba83735c85a3eb5ef28a2d22a9c9c09bb53ed2c4f169b6d6bae62aa0c051316a718719f11538400db3fb9f584c381eb413102ef1d4a,08/23/2025 12:15:00 PM,1,DRIVER,,2035141,,TOYOTA,HIGHLANDER,IL,2019,NONE,SPORT UTILITY VEHICLE (SUV),PERSONAL,NE,BACKING,,,1,,,,,,,,,,Y,,,,,,,,REAR,,,,,,,,,,,,,,,,,,,,,,,,,,,,,,,,,
2134904,744e8cdb7c1897ae15d58ba83735c85a3eb5ef28a2d22a9c9c09bb53ed2c4f169b6d6bae62aa0c051316a718719f11538400db3fb9f584c381eb413102ef1d4a,08/23/2025 12:15:00 PM,2,DRIVER,,2035145,,JEEP,COMMANDER,IL,2006,NONE,SPORT UTILITY VEHICLE (SUV),PERSONAL,W,BACKING,,,1,,,,,,,,,Y,Y,,,,,,,,REAR-RIGHT-CORNER,,,,,,,,,,,,,,,,,,,,,,,,,,,,,,,,,
2136330,d1b6d919638890143b50f74fe6d1cd3d9deb51ccd95b570cb268b574d74b1f326a2adb078bfeb02b5c3778f310e05701d94fbf74706bfd533acdeda7a4492f09,08/23/2025 12:15:00 PM,2,DRIVER,,2036521,,CHEVROLET,CRUZE,IL,2017,NONE,PASSENGER,PERSONAL,E,SLOW/STOP IN TRAFFIC,,,1,,,,,,,,,,Y,,,,,,,,REAR,,,,,,,,,,,,,,,,,,,,,,,,,,,,,,,,,
2136331,d1b6d919638890143b50f74fe6d1cd3d9deb51ccd95b570cb268b574d74b1f326a2adb078bfeb02b5c3778f310e05701d94fbf74706bfd533acdeda7a4492f09,08/23/2025 12:15:00 PM,1,DRIVER,,2036525,,BMW,328IS,IL,2015,NONE,PASSENGER,PERSONAL,E,STRAIGHT AHEAD,,,1,,,,,,,,,,,,,,,,Y,,FRONT,,,,,,,,,,,,,,,,,,,,,,,,,,,,,,,,,
2135484,6e5c74d689deff3ce1cc21c8b64f1028f03b6e9fa2e2ea5c4f15c93c23e46593d378bc1fd7f6201a8a76ccac649d42e3b461456f5893101a54e29fd7c8a3f117,08/23/2025 12:10:00 PM,1,DRIVER,,2035708,,UNKNOWN,MOTORIZED,,,NONE,OTHER,PERSONAL,S,STRAIGHT AHEAD,,,1,,,,,,,,,,,,,,,,,,FRONT,,,,,,,,,,,,,,,,,,,,,,,,,,,,,,,,,
2135485,6e5c74d689deff3ce1cc21c8b64f1028f03b6e9fa2e2ea5c4f15c93c23e46593d378bc1fd7f6201a8a76ccac649d42e3b461456f5893101a54e29fd7c8a3f117,08/23/2025 12:10:00 PM,2,DRIVER,2,2035711,,AUDI,Q7,MI,,NONE,SPORT UTILITY VEHICLE (SUV),PERSONAL,S,STRAIGHT AHEAD,,,3,,,,,,,,,,,,,,,,,,REAR,,,,,,,,,,,,,,,,,,,,,,,,,,,,,,,,,
2134899,9c990472204c5534af4f2ab7fb10057669418b298fc412b0fdbc1013f3642cf168502c7dd1e48b54e5ec5b3cee846c48e24a6f5bc5fc39393e61bbdf15a74623,08/23/2025 12:06:00 PM,1,DRIVER,,2035142,N,UNKNOWN,OTHER (EXPLAIN IN NARRATIVE),IL,,UNKNOWN,OTHER,OTHER,N,BACKING,,,1,,,,,,,,,,,Y,,,,,,,SIDE-LEFT-REAR,,,,,,,,,,,,,,,,,,,,,,,,,,,,,,,,,
2134900,9c990472204c5534af4f2ab7fb10057669418b298fc412b0fdbc1013f3642cf168502c7dd1e48b54e5ec5b3cee846c48e24a6f5bc5fc39393e61bbdf15a74623,08/23/2025 12:06:00 PM,2,DRIVER,,2035152,,CHEVROLET,EQUINOX,IL,2015,NONE,PASSENGER,PERSONAL,E,OTHER,,,1,,,,,,,,,,,Y,Y,,,,,,REAR-LEFT-CORNER,,,,,,,,,,,,,,,,,,,,,,,,,,,,,,,,,
2134908,818130ea58204d6aa8a55d810c25d86b0276c0afb7d67cf039d404a78d8276a94ea9f74d991d2f940d57819bbc6f184e7c2904e856571c3173911c9835b63db4,08/23/2025 12:05:00 PM,1,DRIVER,,2035151,,HYUNDAI,OTHER (EXPLAIN IN NARRATIVE),IL,2025,UNKNOWN,UNKNOWN/NA,UNKNOWN/NA,N,CHANGING LANES,,,1,,,,,,,,,,,,,,,,,Y,UNKNOWN,,,,,,,,,,,,,,,,,,,,,,,,,,,,,,,,,
2134909,818130ea58204d6aa8a55d810c25d86b0276c0afb7d67cf039d404a78d8276a94ea9f74d991d2f940d57819bbc6f184e7c2904e856571c3173911c9835b63db4,08/23/2025 12:05:00 PM,2,DRIVER,,2035153,,JEEP,CHEROKEE,IL,2019,UNKNOWN,PASSENGER,PERSONAL,N,STRAIGHT AHEAD,,,1,,,,,Y,,,,,,,,,,,,,UNKNOWN,,,,,,,,,,,,,,,,,,,,,,,,,,,,,,,,,
2140883,017786a58de03def32df8c13fc151fcab162056ef890ddf147afe69fe4af5ab696d4ef3213e6cef813faf602e0730ae97aca665ac3b459445b436f4461099045,08/23/2025 12:00:00 PM,1,DRIVER,,2040837,,JEEP,JEEP,MN,,NONE,PASSENGER,PERSONAL,W,STRAIGHT AHEAD,,,1,,,,,,,,,,,,,,,,Y,,FRONT,,,,,,,,,,,,,,,,,,,,,,,,,,,,,,,,,
2140884,017786a58de03def32df8c13fc151fcab162056ef890ddf147afe69fe4af5ab696d4ef3213e6cef813faf602e0730ae97aca665ac3b459445b436f4461099045,08/23/2025 12:00:00 PM,2,DRIVER,,2040839,,TOYOTA,CAMRY,IL,2013,NONE,PASSENGER,PERSONAL,N,STRAIGHT AHEAD,,,1,,,,,Y,Y,,,,,,,,,,,,SIDE-RIGHT,,,,,,,,,,,,,,,,,,,,,,,,,,,,,,,,,
2135566,27c1df80d79fb0d02a72d149e7c3e4cba21886f204689167ae81b6f4cc87dc29eb2014516ac364732889473e4be842fd3cdbf5a5bcc3f03aa9a460de539a111d,08/23/2025 12:00:00 PM,1,DRIVER,,2035797,,CHEVROLET,SUBURBAN,,,NONE,SPORT UTILITY VEHICLE (SUV),PERSONAL,E,BACKING,,,1,,,,,,,,,,,,,,,,,,REAR,,,,,,,,,,,,,,,,,,,,,,,,,,,,,,,,,
2135567,27c1df80d79fb0d02a72d149e7c3e4cba21886f204689167ae81b6f4cc87dc29eb2014516ac364732889473e4be842fd3cdbf5a5bcc3f03aa9a460de539a111d,08/23/2025 12:00:00 PM,2,PARKED,1,2035804,,CHEVROLET,TRAX,,,NONE,PASSENGER,NOT IN USE,E,PARKED,,,1,,,,,,,,,,,,,,,,,,FRONT,,,,,,,,,,,,,,,,,,,,,,,,,,,,,,,,,
2134855,a2422bde334e7f6f1e1cd244fd43810c0f1564a2756d9463b433a0cc2614440bf36ecffe1de80bca131b0b4128cf9be3dd46f130d8622bcc1b3ced4ffa365113,08/23/2025 12:00:00 PM,1,DRIVER,,2035095,,JEEP,COMPASS,IL,2025,NONE,PASSENGER,PERSONAL,W,PASSING/OVERTAKING,,,1,,,,,,,,,,,Y,,,,,,,SIDE-LEFT-REAR,,,,,,,,,,,,,,,,,,,,,,,,,,,,,,,,,
2134856,a2422bde334e7f6f1e1cd244fd43810c0f1564a2756d9463b433a0cc2614440bf36ecffe1de80bca131b0b4128cf9be3dd46f130d8622bcc1b3ced4ffa365113,08/23/2025 12:00:00 PM,2,DRIVER,1,2035101,,CHEVROLET,OTHER (EXPLAIN IN NARRATIVE),IL,2016,NONE,TRUCK - SINGLE UNIT,UNKNOWN/NA,E,PASSING/OVERTAKING,,,2,,,,,,,,,,,,Y,Y,,,,,SIDE-LEFT,,,,,,,,,,,,,,,,,,,,,,,,,,,,,,,,,
2134865,ee80cd127dfeccbd23ee3851c66cf07dc2938d6d0fedcc45954ab97d8ccb71f32888ba7b231966d39bd67a0994b65c18820d345e62920cabd2a6510dbfd9f37d,08/23/2025 12:00:00 PM,1,DRIVER,1,2035116,,TOYOTA,OTHER (EXPLAIN IN NARRATIVE),IL,2011,NONE,PASSENGER,OTHER,N,TURNING LEFT,Y,,2,,PRIVATE,UNKNOWN,,,,Y,Y,Y,,,,,,,,,SIDE-RIGHT-REAR,,,,,,,,,,,,,,,,,,,,,,,,,,,,,,,,,
2134866,ee80cd127dfeccbd23ee3851c66cf07dc2938d6d0fedcc45954ab97d8ccb71f32888ba7b231966d39bd67a0994b65c18820d345e62920cabd2a6510dbfd9f37d,08/23/2025 12:00:00 PM,2,DRIVER,,2035128,N,CHRYSLER,OTHER (EXPLAIN IN NARRATIVE),FL,,NONE,VAN/MINI-VAN,OTHER,S,STRAIGHT AHEAD,,,1,,,,,Y,,,,,,,,,,Y,Y,,FRONT,,,,,,,,,,,,,,,,,,,,,,,,,,,,,,,,,
2134853,ffe8c29e957887335f60da932a449daca717256cad779c2d7309769f3a9fcad83a639b2320a45ece242b55dcaa14fe91f1adbc86fb7de8ab84d83f5bfdc0b28f,08/23/2025 12:00:00 PM,1,DRIVER,,2035090,,UNKNOWN,OTHER (EXPLAIN IN NARRATIVE),IL,,UNKNOWN,UNKNOWN/NA,UNKNOWN/NA,N,STRAIGHT AHEAD,,,1,,,,,,,,,,,,,Y,Y,Y,,,UNKNOWN,,,,,,,,,,,,,,,,,,,,,,,,,,,,,,,,,
2134854,ffe8c29e957887335f60da932a449daca717256cad779c2d7309769f3a9fcad83a639b2320a45ece242b55dcaa14fe91f1adbc86fb7de8ab84d83f5bfdc0b28f,08/23/2025 12:00:00 PM,2,PARKED,,2035086,,GENERAL MOTORS CORPORATION (GMC),TERRAIN,IL,2021,NONE,PASSENGER,PERSONAL,N,PARKED,,,0,,,,,,,Y,Y,Y,,,,,,,,,REAR-RIGHT-CORNER,,,,,,,,,,,,,,,,,,,,,,,,,,,,,,,,,
2135056,ce4ebb88b8c2962dcaf40f79bc32b41914fac421c7c551e49bfc13f70a73df1937efb4a946ff316c45b7de3987a780d330e29165643ec1e30766220266fae0fe,08/23/2025 11:55:00 AM,1,DRIVER,,2035282,,VOLKSWAGEN,OTHER (EXPLAIN IN NARRATIVE),,,UNKNOWN,UNKNOWN/NA,UNKNOWN/NA,N,STRAIGHT AHEAD,,,1,,,,,Y,Y,,,,,,,,,,Y,,FRONT-RIGHT-CORNER,,,,,,,,,,,,,,,,,,,,,,,,,,,,,,,,,
2135057,ce4ebb88b8c2962dcaf40f79bc32b41914fac421c7c551e49bfc13f70a73df1937efb4a946ff316c45b7de3987a780d330e29165643ec1e30766220266fae0fe,08/23/2025 11:55:00 AM,2,PARKED,,2035294,,KIA,SEDONA,IL,2007,UNKNOWN,VAN/MINI-VAN,PERSONAL,N,PARKED,,,0,,,,,,,,,,Y,Y,Y,Y,Y,,,,REAR-LEFT-CORNER,,,,,,,,,,,,,,,,,,,,,,,,,,,,,,,,,
2135058,ce4ebb88b8c2962dcaf40f79bc32b41914fac421c7c551e49bfc13f70a73df1937efb4a946ff316c45b7de3987a780d330e29165643ec1e30766220266fae0fe,08/23/2025 11:55:00 AM,3,PARKED,,2035299,,TOYOTA,SIENNA,,2015,UNKNOWN,VAN/MINI-VAN,PERSONAL,N,PARKED,,,0,,,,,,,,,,Y,Y,Y,,,,,,REAR-LEFT-CORNER,,,,,,,,,,,,,,,,,,,,,,,,,,,,,,,,,
2134841,8ecd1bcf16405f4846c88f920e9986a2fd17c1098893077211e195b85227ff646ff7e70f2be1b44ba21c1d88223aaf09ad5f08867ce49f344c7908f932aa65b6,08/23/2025 11:54:00 AM,1,DRIVER,,2035089,,VOLKSWAGEN,ATLAS,IL,2021,WINDOWS,PASSENGER,PERSONAL,S,STRAIGHT AHEAD,,,1,,,,,,,,,,,,,,,Y,,,FRONT-LEFT-CORNER,,,,,,,,,,,,,,,,,,,,,,,,,,,,,,,,,
2134842,8ecd1bcf16405f4846c88f920e9986a2fd17c1098893077211e195b85227ff646ff7e70f2be1b44ba21c1d88223aaf09ad5f08867ce49f344c7908f932aa65b6,08/23/2025 11:54:00 AM,2,DRIVER,,2035104,,TOYOTA,PRIUS,IL,2010,NONE,PASSENGER,PERSONAL,S,STRAIGHT AHEAD,,,1,,,,,,,,,Y,Y,,,,,,,,REAR-RIGHT-CORNER,,,,,,,,,,,,,,,,,,,,,,,,,,,,,,,,,
2134859,6420bf3239eb2253b603c5850960f69d247d69a269201de9f01b5c2b5368d7d0d4d5c794686d89b7ccd0b193299b17945dcd408b047974efeabc64d0ba1d5c9d,08/23/2025 11:50:00 AM,1,DRIVER,1,2035100,,TOYOTA,CAMRY,IL,2016,UNKNOWN,PASSENGER,PERSONAL,S,STARTING IN TRAFFIC,,,2,,,,,,,,,,,,,,,Y,,,FRONT-LEFT-CORNER,,,,,,,,,,,,,,,,,,,,,,,,,,,,,,,,,
2134860,6420bf3239eb2253b603c5850960f69d247d69a269201de9f01b5c2b5368d7d0d4d5c794686d89b7ccd0b193299b17945dcd408b047974efeabc64d0ba1d5c9d,08/23/2025 11:50:00 AM,2,DRIVER,,2035106,,TRIUMPH,OTHER (EXPLAIN IN NARRATIVE),IL,2025,UNKNOWN,MOTORCYCLE (OVER 150CC),PERSONAL,W,STRAIGHT AHEAD,Y,,1,,private tow,unknown location,,Y,,,,,,,,,,Y,Y,,FRONT,,,,,,,,,,,,,,,,,,,,,,,,,,,,,,,,,
2136122,ae8ef5485fbe89efecf3be409e5b9747b07626467147dc523daa536d5c8d032e9f4f8e3b8e8d4a1ff791e1b72b0296b7ed1cb4688695ba3ad0fbd94175b42c17,08/23/2025 11:50:00 AM,1,DRIVER,,2036324,,GENERAL MOTORS CORPORATION (GMC),YUKON,IL,2002,UNKNOWN,PASSENGER,PERSONAL,S,STRAIGHT AHEAD,,,1,,,,,Y,,,,,,,,,,,Y,,FRONT-RIGHT-CORNER,,,,,,,,,,,,,,,,,,,,,,,,,,,,,,,,,
2136123,ae8ef5485fbe89efecf3be409e5b9747b07626467147dc523daa536d5c8d032e9f4f8e3b8e8d4a1ff791e1b72b0296b7ed1cb4688695ba3ad0fbd94175b42c17,08/23/2025 11:50:00 AM,2,PARKED,,2036328,,SUBARU,OUTBACK,LA,2020,NONE,PASSENGER,PERSONAL,S,PARKED,,,0,,,,,,,,,,Y,Y,Y,,,,,,REAR-LEFT-CORNER,,,,,,,,,,,,,,,,,,,,,,,,,,,,,,,,,
2134886,893388ac124ab54ca548eac23da812b3bcb15890e3258c2dd35b779f63ae222c5cd8e5e0262c203adefa8de7dfa22949e1a9ded78f54058d5682eb03f87ab079,08/23/2025 11:48:00 AM,1,DRIVER,,2035127,,LEXUS,NX,IL,2017,NONE,PASSENGER,PERSONAL,N,UNKNOWN/NA,,,1,,,,,Y,Y,Y,Y,,,,,,,,,,FRONT-RIGHT-CORNER,,,,,,,,,,,,,,,,,,,,,,,,,,,,,,,,,
2134887,893388ac124ab54ca548eac23da812b3bcb15890e3258c2dd35b779f63ae222c5cd8e5e0262c203adefa8de7dfa22949e1a9ded78f54058d5682eb03f87ab079,08/23/2025 11:48:00 AM,2,DRIVER,,2035138,,BUICK,LACROSSE,IL,2006,NONE,PASSENGER,PERSONAL,N,SLOW/STOP IN TRAFFIC,,,1,,,,,,,,,,,,,Y,Y,Y,Y,,FRONT-LEFT-CORNER,,,,,,,,,,,,,,,,,,,,,,,,,,,,,,,,,
2134845,5d4c2ccdf1c6872e66445c65678345d72eb15f4fc8710ed3c20cd7e5a74994c01315a3e2700fc5b1b87e52f694d7a22812395d084dc33ddee255c9a3b1eea15b,08/23/2025 11:45:00 AM,1,DRIVER,,2035081,,TOYOTA,TUNDRA,IL,2018,NONE,PICKUP,PERSONAL,E,TURNING LEFT,,,1,,,,,,,,,,,,,,,Y,Y,,FRONT-LEFT-CORNER,,,,,,,,,,,,,,,,,,,,,,,,,,,,,,,,,
2134846,5d4c2ccdf1c6872e66445c65678345d72eb15f4fc8710ed3c20cd7e5a74994c01315a3e2700fc5b1b87e52f694d7a22812395d084dc33ddee255c9a3b1eea15b,08/23/2025 11:45:00 AM,2,DRIVER,,2035088,,LINCOLN,OTHER (EXPLAIN IN NARRATIVE),IL,2018,NONE,PICKUP,PERSONAL,S,STRAIGHT AHEAD,,,1,,,,,Y,,,,,,,,,,,,,FRONT-RIGHT-CORNER,,,,,,,,,,,,,,,,,,,,,,,,,,,,,,,,,
2134830,29118953acd1ade515cb5423051368a56b0efc3230c8f4ae197a9a08061d8ae688ff092f4e015bb2e546c033087f41f05b63b6c3e593e3ebe9a291dff2375d12,08/23/2025 11:40:00 AM,1,DRIVER,,2035075,,MAZDA,MAZDA3,IL,2016,UNKNOWN,PASSENGER,UNKNOWN/NA,S,STRAIGHT AHEAD,,,1,,,,,,,,,,,,,,Y,Y,Y,,FRONT-LEFT-CORNER,,,,,,,,,,,,,,,,,,,,,,,,,,,,,,,,,
2134831,29118953acd1ade515cb5423051368a56b0efc3230c8f4ae197a9a08061d8ae688ff092f4e015bb2e546c033087f41f05b63b6c3e593e3ebe9a291dff2375d12,08/23/2025 11:40:00 AM,2,DRIVER,,2035098,,FORD,FUSION,IL,2019,NONE,PASSENGER,PERSONAL,W,STRAIGHT AHEAD,,,1,,,,,,,Y,Y,Y,,,,,,,,,SIDE-LEFT,,,,,,,,,,,,,,,,,,,,,,,,,,,,,,,,,
2139082,4848e220b6a0e95f02a3ab26eb46ad544efb27b74d03efc20708c1901fca8c73d6eaee11bd5fa9107d9a1e72db35eba7380b318d837a9212d98c55ee83baa69d,08/23/2025 11:35:00 AM,1,DRIVER,,2039118,,CHEVROLET,EQUINOX,IL,2024,NONE,SPORT UTILITY VEHICLE (SUV),PERSONAL,E,STRAIGHT AHEAD,,,1,,,,,,,,,,,Y,Y,Y,Y,Y,,,SIDE-RIGHT,,,,,,,,,,,,,,,,,,,,,,,,,,,,,,,,,
2139083,4848e220b6a0e95f02a3ab26eb46ad544efb27b74d03efc20708c1901fca8c73d6eaee11bd5fa9107d9a1e72db35eba7380b318d837a9212d98c55ee83baa69d,08/23/2025 11:35:00 AM,2,DRIVER,,2039111,,BUICK,ENCLAVE,IL,2008,NONE,SPORT UTILITY VEHICLE (SUV),PERSONAL,E,STRAIGHT AHEAD,,,1,,,,,,,,,,,,,,Y,Y,,,FRONT-LEFT-CORNER,,,,,,,,,,,,,,,,,,,,,,,,,,,,,,,,,
2134825,0810240ba28745fa00e6a8eaf7b32d482854e2d40dbd50fd3b932684d4ea5aaad6f20c40fd01f051e1054939148a6e9dc4945541157a8aff7f40b748f43b78fd,08/23/2025 11:30:00 AM,1,DRIVER,,2035071,,MERCEDES-BENZ,GLC,,,NONE,SPORT UTILITY VEHICLE (SUV),PERSONAL,N,AVOIDING VEHICLES/OBJECTS,,,1,,,,,,,,,,,,,,,,,,SIDE-LEFT,,,,,,,,,,,,,,,,,,,,,,,,,,,,,,,,,
2134878,ae6051b0d64949ffa1d526f00eb042fe1a1e69059601efff0f9b47210981e2c038257e4bcb17a81390f06153e788a592271e607d419cf3356ff3cdb0d694827a,08/23/2025 11:30:00 AM,1,DRIVER,,2035117,,FORD,EXPLORER,IL,2011,UNKNOWN,SPORT UTILITY VEHICLE (SUV),UNKNOWN/NA,E,UNKNOWN/NA,,,1,,,,,,,,,,,,,,,,,Y,UNKNOWN,,,,,,,,,,,,,,,,,,,,,,,,,,,,,,,,,
2134879,ae6051b0d64949ffa1d526f00eb042fe1a1e69059601efff0f9b47210981e2c038257e4bcb17a81390f06153e788a592271e607d419cf3356ff3cdb0d694827a,08/23/2025 11:30:00 AM,2,DRIVER,,2035125,,CADILLAC,ESCALADE,IL,2018,NONE,SPORT UTILITY VEHICLE (SUV),PERSONAL,E,STRAIGHT AHEAD,,,1,,,,,,,,,Y,Y,Y,,,,,,Y,REAR,,,,,,,,,,,,,,,,,,,,,,,,,,,,,,,,,
2136943,e1ff7c58c2e8b62393f788d371299e1cb3a35640970586a57764e8c4a3c2ab558bf61b5400b0c7423feef9bc7027af938573830639d0ca2b3351766e6a4d8a99,08/23/2025 11:25:00 AM,1,DRIVER,,2037714,,FORD,EDGE,FL,2023,NONE,PASSENGER,PERSONAL,UNKNOWN,BACKING,,,1,,,,,,,,,Y,,,,,,,,,REAR-RIGHT-CORNER,,,,,,,,,,,,,,,,,,,,,,,,,,,,,,,,,
2136944,e1ff7c58c2e8b62393f788d371299e1cb3a35640970586a57764e8c4a3c2ab558bf61b5400b0c7423feef9bc7027af938573830639d0ca2b3351766e6a4d8a99,08/23/2025 11:25:00 AM,2,DRIVER,1,2037718,,NISSAN,MURANO,IL,2016,NONE,PASSENGER,PERSONAL,UNKNOWN,SLOW/STOP IN TRAFFIC,,,2,,,,,,,,,,,,,,,Y,,,FRONT-LEFT-CORNER,,,,,,,,,,,,,,,,,,,,,,,,,,,,,,,,,