CRASH_UNIT_ID,CRASH_RECORD_ID,CRASH_DATE,UNIT_NO,UNIT_TYPE,NUM_PASSENGERS,VEHICLE_ID,CMRC_VEH_I,MAKE,MODEL,LIC_PLATE_STATE,VEHICLE_YEAR,VEHICLE_DEFECT,VEHICLE_TYPE,VEHICLE_USE,TRAVEL_DIRECTION,MANEUVER,TOWED_I,FIRE_I,OCCUPANT_CNT,EXCEED_SPEED_LIMIT_I,TOWED_BY,TOWED_TO,AREA_00_I,AREA_01_I,AREA_02_I,AREA_03_I,AREA_04_I,AREA_05_I,AREA_06_I,AREA_07_I,AREA_08_I,AREA_09_I,AREA_10_I,AREA_11_I,AREA_12_I,AREA_99_I,FIRST_CONTACT_POINT,CMV_ID,USDOT_NO,CCMC_NO,ILCC_NO,COMMERCIAL_SRC,GVWR,CARRIER_NAME,CARRIER_STATE,CARRIER_CITY,HAZMAT_PLACARDS_I,HAZMAT_NAME,UN_NO,HAZMAT_PRESENT_I,HAZMAT_REPORT_I,HAZMAT_REPORT_NO,MCS_REPORT_I,MCS_REPORT_NO,HAZMAT_VIO_CAUSE_CRASH_I,MCS_VIO_CAUSE_CRASH_I,IDOT_PERMIT_NO,WIDE_LOAD_I,TRAILER1_WIDTH,TRAILER2_WIDTH,TRAILER1_LENGTH,TRAILER2_LENGTH,TOTAL_VEHICLE_LENGTH,AXLE_CNT,VEHICLE_CONFIG,CARGO_BODY_TYPE,LOAD_TYPE,HAZMAT_OUT_OF_SERVICE_I,MCS_OUT_OF_SERVICE_I,HAZMAT_CLASS
2134834,58fb81fda1c1d478d478a22af60ef91b62be01c8813cb125d91538362b16b2d2c2c423741ae995d32abcf2077bc9cc13f361ae43495fceb680be65513d74a2c2,08/23/2025 11:23:00 AM,1,DRIVER,,2035080,,BMW,330I,IL,2001,UNKNOWN,PASSENGER,PERSONAL,N,STRAIGHT AHEAD,,,1,,,,,Y,,,,,,,,,,Y,Y,,FRONT,,,,,,,,,,,,,,,,,,,,,,,,,,,,,,,,,
2134835,58fb81fda1c1d478d478a22af60ef91b62be01c8813cb125d91538362b16b2d2c2c423741ae995d32abcf2077bc9cc13f361ae43495fceb680be65513d74a2c2,08/23/2025 11:23:00 AM,2,DRIVER,1,2035096,,VOLKSWAGEN,JETTA,IL,2019,UNKNOWN,PASSENGER,PERSONAL,N,STRAIGHT AHEAD,,,2,,,,,,,,,Y,Y,Y,,,,,,,REAR,,,,,,,,,,,,,,,,,,,,,,,,,,,,,,,,,
2134836,58fb81fda1c1d478d478a22af60ef91b62be01c8813cb125d91538362b16b2d2c2c423741ae995d32abcf2077bc9cc13f361ae43495fceb680be65513d74a2c2,08/23/2025 11:23:00 AM,3,DRIVER,,2035105,,MAZDA,CX-5,IL,2019,UNKNOWN,PASSENGER,PERSONAL,N,STRAIGHT AHEAD,,,1,,,,,,,,,Y,Y,Y,,,,,,,REAR,,,,,,,,,,,,,,,,,,,,,,,,,,,,,,,,,
2135089,244605cbff2679795b58aad09f3cb509d3473e4918e06742c634b26269f680d49cba19ecb505b36b784444e91e10db56dd0ec16cbfc362045fa0ec4e9a6ec37e,08/23/2025 11:22:00 AM,1,DRIVER,,2035316,,MAZDA,CX-5,IL,2019,NONE,PASSENGER,PERSONAL,N,STRAIGHT AHEAD,,,1,,,,,Y,,,,,,,,,,Y,Y,,FRONT,,,,,,,,,,,,,,,,,,,,,,,,,,,,,,,,,
2135090,244605cbff2679795b58aad09f3cb509d3473e4918e06742c634b26269f680d49cba19ecb505b36b784444e91e10db56dd0ec16cbfc362045fa0ec4e9a6ec37e,08/23/2025 11:22:00 AM,2,DRIVER,1,2035322,,KIA,OTHER (EXPLAIN IN NARRATIVE),IL,2023,NONE,PASSENGER,RIDESHARE SERVICE,NE,TURNING RIGHT,,,2,,,,,,,,,,Y,,,,,,,,REAR,,,,,,,,,,,,,,,,,,,,,,,,,,,,,,,,,
2135669,f2baac36ff054df8eca45c06b7c3fcdec37168548a08b2a946d41d3c4627135f4c0e6763914bc837f8404574a747e8583190499f9495afb9dc3004aaf145f4b7,08/23/2025 11:16:00 AM,1,DRIVER,,2035886,,CHEVROLET,SILVERADO,IL,2011,UNKNOWN,PICKUP,UNKNOWN/NA,N,STRAIGHT AHEAD,,,1,,,,,,,,,,,,,,,,Y,,FRONT,,,,,,,,,,,,,,,,,,,,,,,,,,,,,,,,,
2135670,f2baac36ff054df8eca45c06b7c3fcdec37168548a08b2a946d41d3c4627135f4c0e6763914bc837f8404574a747e8583190499f9495afb9dc3004aaf145f4b7,08/23/2025 11:16:00 AM,2,DRIVER,1,2035894,,TOYOTA,SEQUOIA,IL,2004,UNKNOWN,PASSENGER,UNKNOWN/NA,N,SLOW/STOP IN TRAFFIC,,,2,,,,,,,,,,Y,,,,,,,,REAR,,,,,,,,,,,,,,,,,,,,,,,,,,,,,,,,,
2134863,afed93d80a4381b8b632e1dc9f890e07e5b3da7c8d31847ee805f3b0cfae2661dd396d89dfbd53cb95d2339ee8f7bf67380327303250e4df9576f8697811db7e,08/23/2025 11:15:00 AM,1,DRIVER,,2035108,,NISSAN,MURANO,IL,2011,UNKNOWN,SPORT UTILITY VEHICLE (SUV),PERSONAL,E,TURNING RIGHT,,,1,,,,,,,,,,,,,,,,,Y,FRONT-RIGHT-CORNER,,,,,,,,,,,,,,,,,,,,,,,,,,,,,,,,,
2134864,afed93d80a4381b8b632e1dc9f890e07e5b3da7c8d31847ee805f3b0cfae2661dd396d89dfbd53cb95d2339ee8f7bf67380327303250e4df9576f8697811db7e,08/23/2025 11:15:00 AM,2,DRIVER,,2035115,Y,NOVA BUS,OTHER (EXPLAIN IN NARRATIVE),IL,2022,NONE,BUS OVER 15 PASS.,CTA,E,STRAIGHT AHEAD,,,1,,,,Y,,,,,,,,,,,,,,FRONT-LEFT-CORNER,"22,063",,,,,,,,,,,,N,N,,N,,N,N,,,,,,,,2,BUS,BUS,,N,N,
2134826,5df37f8964b17a76176b866d3f6e73bbf8c5c8ac314dc263880adc18b3126cb64d24152528fc26a448f8e7abb7c6bda376f0afcaa3cd819a6c8560ba1cac8443,08/23/2025 11:10:00 AM,1,DRIVER,,2035072,,HONDA,CIVIC,,2023,UNKNOWN,PASSENGER,UNKNOWN/NA,W,ENTER FROM DRIVE/ALLEY,,,1,,,,,,,,,,,,,,,Y,,,FRONT-LEFT-CORNER,,,,,,,,,,,,,,,,,,,,,,,,,,,,,,,,,
2134827,5df37f8964b17a76176b866d3f6e73bbf8c5c8ac314dc263880adc18b3126cb64d24152528fc26a448f8e7abb7c6bda376f0afcaa3cd819a6c8560ba1cac8443,08/23/2025 11:10:00 AM,2,DRIVER,,2035073,,FORD,TRANSIT,,2020,UNKNOWN,PASSENGER,UNKNOWN/NA,N,STRAIGHT AHEAD,,,1,,,,,Y,,,,,,,,,,,,,FRONT-RIGHT-CORNER,,,,,,,,,,,,,,,,,,,,,,,,,,,,,,,,,
2135945,9b6147bd641c940b328f73dd3ed1f1ce6cd3cebb5041fc2831f7b46818ea63cfc18078035aaedb508060cc7b38ef40d47589f78d85b9d9055d1783a662b894a7,08/23/2025 11:00:00 AM,1,DRIVER,,2036151,,CHEVROLET,EQUINOX,IL,2012,NONE,PASSENGER,PERSONAL,E,STRAIGHT AHEAD,,,1,,,,,,,,,,,,,Y,,,,,SIDE-LEFT,,,,,,,,,,,,,,,,,,,,,,,,,,,,,,,,,
2135946,9b6147bd641c940b328f73dd3ed1f1ce6cd3cebb5041fc2831f7b46818ea63cfc18078035aaedb508060cc7b38ef40d47589f78d85b9d9055d1783a662b894a7,08/23/2025 11:00:00 AM,2,DRIVER,,2036155,,HYUNDAI,PALISADE,IL,2020,NONE,PASSENGER,PERSONAL,W,PASSING/OVERTAKING,,,1,,,,,,,,,,,,,Y,,,,,SIDE-LEFT,,,,,,,,,,,,,,,,,,,,,,,,,,,,,,,,,
2134819,d77efb51d723ecdf620a9c782b79f5d44da577cf69ac8d030969cb358b4a7f3eecc9635b7f1c28bdd7882d215186bf22875aae0b507c2f7baa1205d9af789d8e,08/23/2025 10:58:00 AM,1,DRIVER,,2035064,,DODGE,CHARGER,IL,2012,UNKNOWN,PASSENGER,PERSONAL,E,STRAIGHT AHEAD,Y,,1,,private tow,unk,,,,,,,,,,,Y,Y,Y,,FRONT,,,,,,,,,,,,,,,,,,,,,,,,,,,,,,,,,
2134820,d77efb51d723ecdf620a9c782b79f5d44da577cf69ac8d030969cb358b4a7f3eecc9635b7f1c28bdd7882d215186bf22875aae0b507c2f7baa1205d9af789d8e,08/23/2025 10:58:00 AM,2,DRIVER,,2035070,,MAZDA,CX-5,WI,2015,UNKNOWN,PASSENGER,PERSONAL,S,STRAIGHT AHEAD,Y,,1,,private,unk,,Y,Y,Y,,,,,,,,,,,SIDE-RIGHT,,,,,,,,,,,,,,,,,,,,,,,,,,,,,,,,,
2135236,15b042ee830fdeadf62438d02d1f645cd1a0c3321b2c626fa410284be070b02be4268f7c6bd9c71a5045cdf7bcce9082515efdfee683d755c6e79669997b2068,08/23/2025 10:50:00 AM,1,DRIVER,,2035455,,FORD,TRANSIT,IL,2025,NONE,VAN/MINI-VAN,UNKNOWN/NA,W,STRAIGHT AHEAD,,,1,,,,,Y,Y,Y,,,,,,,,,,Y,FRONT-RIGHT-CORNER,,,,,,,,,,,,,,,,,,,,,,,,,,,,,,,,,
2135237,15b042ee830fdeadf62438d02d1f645cd1a0c3321b2c626fa410284be070b02be4268f7c6bd9c71a5045cdf7bcce9082515efdfee683d755c6e79669997b2068,08/23/2025 10:50:00 AM,2,PARKED,,2035458,,VOLKSWAGEN,ATLAS,IL,2022,NONE,PASSENGER,NOT IN USE,W,PARKED,,,0,,,,,,,,,,,,Y,Y,Y,Y,,,SIDE-LEFT,,,,,,,,,,,,,,,,,,,,,,,,,,,,,,,,,
2134839,58b19e88c3d50d342f0cc8c4463d068f300b51209d6a6be23d1f4d8963a9604e729685c5c10c8a9d315475700b1ea0ce1176d6699288195dbeca32c12d4090b7,08/23/2025 10:50:00 AM,1,DRIVER,7,2035079,,ACURA,ADX,IL,2004,UNKNOWN,SPORT UTILITY VEHICLE (SUV),PERSONAL,S,BACKING,,,8,,,,,,,Y,Y,Y,,,,,,,,,SIDE-RIGHT-REAR,,,,,,,,,,,,,,,,,,,,,,,,,,,,,,,,,
2134840,58b19e88c3d50d342f0cc8c4463d068f300b51209d6a6be23d1f4d8963a9604e729685c5c10c8a9d315475700b1ea0ce1176d6699288195dbeca32c12d4090b7,08/23/2025 10:50:00 AM,2,PARKED,,2035087,,CHEVROLET,EQUINOX,IL,2012,UNKNOWN,SPORT UTILITY VEHICLE (SUV),PERSONAL,S,PARKED,,,0,,,,,,,,,,,,,Y,Y,Y,Y,,SIDE-LEFT-FRONT,,,,,,,,,,,,,,,,,,,,,,,,,,,,,,,,,
2134823,c91c0c2d537fd8e814a8b3096495eb9e9fab5d1b804f39f5c0d3dd54137bb181ac1e79fafbc1214cc4f17bc38ce526cdb6efb81d7a1e9e9d20f23edd99bca407,08/23/2025 10:50:00 AM,1,DRIVER,,2035067,,TOYOTA,SIENNA,IL,2018,NONE,VAN/MINI-VAN,PERSONAL,S,ENTERING TRAFFIC LANE FROM PARKING,,,1,,,,,,,,,,,,,,,Y,,,FRONT-LEFT-CORNER,,,,,,,,,,,,,,,,,,,,,,,,,,,,,,,,,
2134824,c91c0c2d537fd8e814a8b3096495eb9e9fab5d1b804f39f5c0d3dd54137bb181ac1e79fafbc1214cc4f17bc38ce526cdb6efb81d7a1e9e9d20f23edd99bca407,08/23/2025 10:50:00 AM,2,BICYCLE,,,,,,,,,,,,,,,,,,,,,,,,,,,,,,,,,,,,,,,,,,,,,,,,,,,,,,,,,,,,,,,,,,
2139308,0dbf603420a733f92e35b60631e0658604e2bb0c545de6aee1d7c24360885678e46ddcc4bf52f5bdd507cf19179c22ec20dc8438cd539edca1584e27f00de1aa,08/23/2025 10:49:00 AM,1,DRIVER,,2039324,,TOYOTA,RAV4,IL,2018,UNKNOWN,PASSENGER,UNKNOWN/NA,E,TURNING LEFT,Y,,1,,PRIVATE TOW,,,Y,Y,Y,Y,,,,,,,,,,UNKNOWN,,,,,,,,,,,,,,,,,,,,,,,,,,,,,,,,,
2139309,0dbf603420a733f92e35b60631e0658604e2bb0c545de6aee1d7c24360885678e46ddcc4bf52f5bdd507cf19179c22ec20dc8438cd539edca1584e27f00de1aa,08/23/2025 10:49:00 AM,2,DRIVER,,2039325,,TOYOTA,CAMRY,IL,2008,UNKNOWN,PASSENGER,PERSONAL,W,STRAIGHT AHEAD,Y,,1,,PRIVATE TOW,,,Y,,,,,,,,,,Y,Y,Y,UNKNOWN,,,,,,,,,,,,,,,,,,,,,,,,,,,,,,,,,
2134810,a26f3981bd92c0fe08bc52a99e833aaff8ebdd10f2630df87206108034f1430ed5fb3fd2866c0609ebd1f848186d373de1cad9e653cbd0cd9f8ec3658b2014f3,08/23/2025 10:45:00 AM,1,DRIVER,,2035057,,TOYOTA,COROLLA,IL,2013,UNKNOWN,PASSENGER,PERSONAL,S,STRAIGHT AHEAD,,,1,,,,,Y,Y,,,,,,,,Y,Y,Y,,FRONT,,,,,,,,,,,,,,,,,,,,,,,,,,,,,,,,,
2134811,a26f3981bd92c0fe08bc52a99e833aaff8ebdd10f2630df87206108034f1430ed5fb3fd2866c0609ebd1f848186d373de1cad9e653cbd0cd9f8ec3658b2014f3,08/23/2025 10:45:00 AM,2,DRIVER,,2035060,,MAZDA,CX-3,IL,2020,NONE,PASSENGER,PERSONAL,S,STRAIGHT AHEAD,,,1,,,,,,,,Y,Y,Y,Y,Y,,,,,,REAR,,,,,,,,,,,,,,,,,,,,,,,,,,,,,,,,,
2134847,eb3cc69cef229d58e4a5305951a344d0c31c3fecc18f7ebbc78ee0b6fc48358ab8a50ea5f66c6c83ddd059736f8d7eec9bb12fe2b730fd979facd6730007ff79,08/23/2025 10:45:00 AM,1,DRIVER,1,2035083,,HONDA,CIVIC,IL,2003,UNKNOWN,PASSENGER,PERSONAL,N,SLOW/STOP IN TRAFFIC,Y,,2,,private insurance,,,,,,,,,,,,,,Y,,FRONT,,,,,,,,,,,,,,,,,,,,,,,,,,,,,,,,,
2134848,eb3cc69cef229d58e4a5305951a344d0c31c3fecc18f7ebbc78ee0b6fc48358ab8a50ea5f66c6c83ddd059736f8d7eec9bb12fe2b730fd979facd6730007ff79,08/23/2025 10:45:00 AM,3,DRIVER,1,2035094,,JEEP,WRANGLER,IL,2011,NONE,SPORT UTILITY VEHICLE (SUV),PERSONAL,N,SLOW/STOP IN TRAFFIC,,,2,,,,,,,,,,Y,,,,,,Y,,REAR,,,,,,,,,,,,,,,,,,,,,,,,,,,,,,,,,
2134849,eb3cc69cef229d58e4a5305951a344d0c31c3fecc18f7ebbc78ee0b6fc48358ab8a50ea5f66c6c83ddd059736f8d7eec9bb12fe2b730fd979facd6730007ff79,08/23/2025 10:45:00 AM,2,DRIVER,,2035103,,HONDA,CIVIC,IL,2017,UNKNOWN,PASSENGER,PERSONAL,N,SLOW/STOP IN TRAFFIC,Y,,1,,private insurance,,,,,,,,Y,,,,,,Y,,REAR,,,,,,,,,,,,,,,,,,,,,,,,,,,,,,,,,
2134850,eb3cc69cef229d58e4a5305951a344d0c31c3fecc18f7ebbc78ee0b6fc48358ab8a50ea5f66c6c83ddd059736f8d7eec9bb12fe2b730fd979facd6730007ff79,08/23/2025 10:45:00 AM,4,DRIVER,2,2035109,,TOYOTA,RAV4,IL,2013,UNKNOWN,SPORT UTILITY VEHICLE (SUV),PERSONAL,N,SLOW/STOP IN TRAFFIC,,,3,,,,,,,,,,Y,,,,,,,,REAR,,,,,,,,,,,,,,,,,,,,,,,,,,,,,,,,,
2134817,52c0cb33ff9fa085f6e038dfad2520a80925183b0bb45dc7d2405ba9ae9785c8ae6d6627a24885c44dac208e93a552c4940624bb642041da708af6f7f37a6455,08/23/2025 10:40:00 AM,1,DRIVER,,2035058,,CHEVROLET,MALIBU,IL,2011,UNKNOWN,PASSENGER,PERSONAL,N,PASSING/OVERTAKING,,,1,,,,,,,,,,,,,Y,Y,Y,,,SIDE-LEFT-FRONT,,,,,,,,,,,,,,,,,,,,,,,,,,,,,,,,,
2134818,52c0cb33ff9fa085f6e038dfad2520a80925183b0bb45dc7d2405ba9ae9785c8ae6d6627a24885c44dac208e93a552c4940624bb642041da708af6f7f37a6455,08/23/2025 10:40:00 AM,2,DRIVER,,2035061,Y,INTERNATIONAL TRAILER CORPORATION,OTHER (EXPLAIN IN NARRATIVE),IL,2012,UNKNOWN,TRUCK - SINGLE UNIT,COMMERCIAL - SINGLE UNIT,N,TURNING RIGHT,,,1,,,,,,,,Y,Y,,,,,,,,,SIDE-RIGHT-REAR,"22,062",2301103,,,SIDE OF TRUCK,2,"BALANCED ENVIORNMENTS, INC",IL,OLD MILL CREEK,,,,N,N,,N,,N,N,,,,,,,,,"SINGLE UNIT TRUCK, 2 AXLES, 6 TIRES",FLATBED,UNKNOWN,N,N,
2134843,a50ca990d5a4ad1d446a18125461c9d6ae325269d78ad02ee0236498050ad6cc5db46a584945104df4b210d27ed7025c92cdefe58d366fcbba5b43c7752ff330,08/23/2025 10:38:00 AM,1,DRIVER,1,2035099,N,"A & B TRAILER MANUFACTURING COMPANY, INC. (CROWN POINT, IN)","A & B TRAILER MFG. CO., INC., CROWN POINT, IN",IL,2017,UNKNOWN,BUS OVER 15 PASS.,OTHER,E,TURNING RIGHT,,,2,,,,,,,Y,Y,Y,,,,,,,,,SIDE-RIGHT-REAR,,,,,,,,,,,,,,,,,,,,,,,,,,,,,,,,,
2134844,a50ca990d5a4ad1d446a18125461c9d6ae325269d78ad02ee0236498050ad6cc5db46a584945104df4b210d27ed7025c92cdefe58d366fcbba5b43c7752ff330,08/23/2025 10:38:00 AM,2,PARKED,,2035107,,CADILLAC,ESCALADE,IL,2016,UNKNOWN,SPORT UTILITY VEHICLE (SUV),UNKNOWN/NA,E,PARKED,,,0,,,,,,,,,,,Y,Y,Y,,,,,SIDE-LEFT-REAR,,,,,,,,,,,,,,,,,,,,,,,,,,,,,,,,,
2135053,152d715a381beae1889e87e735f6ced5b454a851356f77a149e3b83c6805fee7a1b25bf5636d8fca3cd7039b915f8af2ed7b192084527298561e85209b3d5a19,08/23/2025 10:32:00 AM,1,DRIVER,,2035278,,FORD,VAN,IL,,UNKNOWN,VAN/MINI-VAN,OTHER,W,UNKNOWN/NA,,,1,,,,,Y,,,,,,,,,,Y,Y,,FRONT,,,,,,,,,,,,,,,,,,,,,,,,,,,,,,,,,
2135054,152d715a381beae1889e87e735f6ced5b454a851356f77a149e3b83c6805fee7a1b25bf5636d8fca3cd7039b915f8af2ed7b192084527298561e85209b3d5a19,08/23/2025 10:32:00 AM,2,DRIVER,,2035285,,TOYOTA,CAMRY,OH,2023,NONE,PASSENGER,PERSONAL,W,STRAIGHT AHEAD,,,1,,,,,,,,,Y,Y,Y,,,,,,,REAR,,,,,,,,,,,,,,,,,,,,,,,,,,,,,,,,,
2135121,12fc06953ab13d9fc83fd84667ab19086e0de5b935baf73249390ac14af410c3604293878a6ffa09c24612296ed3f7567035bfbff9a4fddf7af8ed1f917fa670,08/23/2025 10:30:00 AM,1,DRIVER,,2035356,,TOYOTA,OTHER (EXPLAIN IN NARRATIVE),,,UNKNOWN,UNKNOWN/NA,UNKNOWN/NA,E,CHANGING LANES,,,1,,,,,,,,,,,Y,,,,,,,REAR-LEFT-CORNER,,,,,,,,,,,,,,,,,,,,,,,,,,,,,,,,,
2135122,12fc06953ab13d9fc83fd84667ab19086e0de5b935baf73249390ac14af410c3604293878a6ffa09c24612296ed3f7567035bfbff9a4fddf7af8ed1f917fa670,08/23/2025 10:30:00 AM,2,DRIVER,,2035350,,FORD,TRANSIT,IL,2019,NONE,VAN/MINI-VAN,COMMERCIAL - SINGLE UNIT,E,STRAIGHT AHEAD,,,1,,,,,,Y,,,,,,,,,,,,SIDE-RIGHT-FRONT,,,,,,,,,,,,,,,,,,,,,,,,,,,,,,,,,
2135920,ecab2df95c3787b1ec43592d6f3bcde0b403bfae517e2ca0fcf868073c6a206701a9214a91465f74802154fb1eca2601ba743bfd9466e8d6d290c70ef12399fc,08/23/2025 10:30:00 AM,1,DRIVER,,2036122,,FORD,F450,IL,2006,OTHER,OTHER VEHICLE WITH TRAILER,UNKNOWN/NA,S,BACKING,,,1,,,,,,,,,,,,,,,,,,NONE,,,,,,,,,,,,,,,,,,,,,,,,,,,,,,,,,
2135921,ecab2df95c3787b1ec43592d6f3bcde0b403bfae517e2ca0fcf868073c6a206701a9214a91465f74802154fb1eca2601ba743bfd9466e8d6d290c70ef12399fc,08/23/2025 10:30:00 AM,2,PARKED,,2036127,,TOYOTA,CAMRY,OH,2023,UNKNOWN,PASSENGER,UNKNOWN/NA,S,PARKED,,,0,,,,,,,,,,Y,,,,,,,,REAR,,,,,,,,,,,,,,,,,,,,,,,,,,,,,,,,,
2134832,f8fc93ff7470b1c1f1808e0d796bc2b441f50b224e5388339979803a16a3839e62d23961489e560aff00cfd082c9f07de90fc0055f65fc4c31ff644c69f7e26b,08/23/2025 10:16:00 AM,1,DRIVER,,2035074,,FORD,OTHER (EXPLAIN IN NARRATIVE),IL,2017,NONE,PASSENGER,PERSONAL,S,STRAIGHT AHEAD,,,1,,,,,,,,,Y,,,,,,,,,SIDE-RIGHT-REAR,,,,,,,,,,,,,,,,,,,,,,,,,,,,,,,,,
2134833,f8fc93ff7470b1c1f1808e0d796bc2b441f50b224e5388339979803a16a3839e62d23961489e560aff00cfd082c9f07de90fc0055f65fc4c31ff644c69f7e26b,08/23/2025 10:16:00 AM,2,DRIVER,,2035077,,FORD,FAIRLANE,IL,2011,NONE,PICKUP,PERSONAL,E,STARTING IN TRAFFIC,,,1,,,,,Y,,,,,,,,,,,Y,,FRONT,,,,,,,,,,,,,,,,,,,,,,,,,,,,,,,,,
2134994,6447570c00c4e4a4a7d8e9d454a12c2cfac81e491eec676e6c40a188b4a9b3027afbb605f9bc079263a448359088012cfff89b1863e6051a3db88b1e5862d9c4,08/23/2025 10:15:00 AM,1,DRIVER,,2035226,,UNKNOWN,MOTORIZED,,,UNKNOWN,TRUCK - SINGLE UNIT,OTHER,UNKNOWN,STRAIGHT AHEAD,,,1,,,,,,,,,,,,,,,,,,UNKNOWN,,,,,,,,,,,,,,,,,,,,,,,,,,,,,,,,,
2134995,6447570c00c4e4a4a7d8e9d454a12c2cfac81e491eec676e6c40a188b4a9b3027afbb605f9bc079263a448359088012cfff89b1863e6051a3db88b1e5862d9c4,08/23/2025 10:15:00 AM,2,PARKED,,2035228,,JEEP,RENEGADE,IL,2018,NONE,PASSENGER,PERSONAL,N,PARKED,,,0,,,,,,,,,,,,,,Y,Y,,,SIDE-LEFT,,,,,,,,,,,,,,,,,,,,,,,,,,,,,,,,,
2137236,be774c106e4d6d0dec3615212e95cd6c011c79c681ff5300e9a6ebcc129423413bcef4c1c0661795b51fe064fc6e4d606eaf564e821cbbc47dde1f40e0a55490,08/23/2025 10:00:00 AM,1,DRIVER,,2037372,,HONDA,CIVIC,IL,2005,NONE,PASSENGER,PERSONAL,N,SLOW/STOP IN TRAFFIC,,,1,,,,,,,,,,,,,,,,Y,,FRONT,,,,,,,,,,,,,,,,,,,,,,,,,,,,,,,,,
2137237,be774c106e4d6d0dec3615212e95cd6c011c79c681ff5300e9a6ebcc129423413bcef4c1c0661795b51fe064fc6e4d606eaf564e821cbbc47dde1f40e0a55490,08/23/2025 10:00:00 AM,2,DRIVER,,2037373,,TOYOTA,CAMRY,IL,2005,NONE,PASSENGER,PERSONAL,N,STRAIGHT AHEAD,,,1,,,,,,,,,,Y,,,,,,,,REAR,,,,,,,,,,,,,,,,,,,,,,,,,,,,,,,,,
2136846,f246491bad60fa72dd350b9cf49f70c53365df1d2b5240370e0b082ada4f599a69e24dd253775ffaa9253aa188918f466de0eea460f9c57ef054418938e1ab6b,08/23/2025 10:00:00 AM,1,DRIVER,,2037017,,UNKNOWN,OTHER (EXPLAIN IN NARRATIVE),,,UNKNOWN,UNKNOWN/NA,UNKNOWN/NA,E,UNKNOWN/NA,,,1,,,,,,,,,,,,,,,,,Y,UNKNOWN,,,,,,,,,,,,,,,,,,,,,,,,,,,,,,,,,
2136847,f246491bad60fa72dd350b9cf49f70c53365df1d2b5240370e0b082ada4f599a69e24dd253775ffaa9253aa188918f466de0eea460f9c57ef054418938e1ab6b,08/23/2025 10:00:00 AM,2,PARKED,,2037012,,FORD,EXPLORER,IL,2024,UNKNOWN,PASSENGER,OTHER,E,PARKED,,,0,,,,,,,,,,,,,Y,Y,Y,,,SIDE-LEFT-FRONT,,,,,,,,,,,,,,,,,,,,,,,,,,,,,,,,,
2136461,e47349fde88967aa68aa9b27aebdecf9bf66bea9d0d998e6172339d94982c84a4c74dca4c47133bb27375827bbaec58bd35094384c7857826e818248811023a6,08/23/2025 09:50:00 AM,1,DRIVER,,2036642,,HONDA,FIT,,,UNKNOWN,SPORT UTILITY VEHICLE (SUV),UNKNOWN/NA,E,STRAIGHT AHEAD,,,1,,,,,N,,,,,,,,,,N,Y,,FRONT,,,,,,,,,,,,,,,,,,,,,,,,,,,,,,,,,
2136462,e47349fde88967aa68aa9b27aebdecf9bf66bea9d0d998e6172339d94982c84a4c74dca4c47133bb27375827bbaec58bd35094384c7857826e818248811023a6,08/23/2025 09:50:00 AM,2,DRIVER,,2036646,,DODGE,RAM 1500 PU,IL,2021,UNKNOWN,PICKUP,UNKNOWN/NA,E,SLOW/STOP IN TRAFFIC,,,1,,,,,,,,,Y,Y,Y,,,,,,,REAR,,,,,,,,,,,,,,,,,,,,,,,,,,,,,,,,,
2134802,254511453bf3023b24d0d94040a5afedfb5e3e80483aac7fef41c1956e010822c9b2240afeba23272af5b2188b56bfd367cffb6ceb5dd3135063a8c73f96ca27,08/23/2025 09:45:00 AM,1,DRIVER,,2035046,,LINCOLN,MKX,IL,2010,UNKNOWN,PASSENGER,PERSONAL,NE,U-TURN,,,1,,,,,,,,,Y,,N,,,,,,,SIDE-RIGHT-REAR,,,,,,,,,,,,,,,,,,,,,,,,,,,,,,,,,
2134803,254511453bf3023b24d0d94040a5afedfb5e3e80483aac7fef41c1956e010822c9b2240afeba23272af5b2188b56bfd367cffb6ceb5dd3135063a8c73f96ca27,08/23/2025 09:45:00 AM,2,DRIVER,,2035052,,HONDA,CIVIC,IL,2015,NONE,PASSENGER,PERSONAL,NE,TURNING LEFT,,,1,,,,,,,,,,,,Y,Y,Y,,,,SIDE-LEFT,,,,,,,,,,,,,,,,,,,,,,,,,,,,,,,,,
2134794,f80b2c2417ee7032700e0858bcb96df4a242359ab8892aa02feffe48b19102ac96d1bcd3352faf3b5d14c3649d29bed410a02dce629233a22ecb6c879d47e78d,08/23/2025 09:29:00 AM,1,DRIVER,1,2035039,,CHEVROLET,TRAX,IL,2017,UNKNOWN,PASSENGER,PERSONAL,W,BACKING,,,2,,,,,,,,,Y,N,,,,,,,,REAR-RIGHT-CORNER,,,,,,,,,,,,,,,,,,,,,,,,,,,,,,,,,
2134795,f80b2c2417ee7032700e0858bcb96df4a242359ab8892aa02feffe48b19102ac96d1bcd3352faf3b5d14c3649d29bed410a02dce629233a22ecb6c879d47e78d,08/23/2025 09:29:00 AM,2,DRIVER,,2035042,,CHEVROLET,IMPALA,IL,2016,NONE,PASSENGER,PERSONAL,E,STRAIGHT AHEAD,,,1,,,,,,,,,,,,,,,,Y,,FRONT,,,,,,,,,,,,,,,,,,,,,,,,,,,,,,,,,