CRASH_UNIT_ID,CRASH_RECORD_ID,CRASH_DATE,UNIT_NO,UNIT_TYPE,NUM_PASSENGERS,VEHICLE_ID,CMRC_VEH_I,MAKE,MODEL,LIC_PLATE_STATE,VEHICLE_YEAR,VEHICLE_DEFECT,VEHICLE_TYPE,VEHICLE_USE,TRAVEL_DIRECTION,MANEUVER,TOWED_I,FIRE_I,OCCUPANT_CNT,EXCEED_SPEED_LIMIT_I,TOWED_BY,TOWED_TO,AREA_00_I,AREA_01_I,AREA_02_I,AREA_03_I,AREA_04_I,AREA_05_I,AREA_06_I,AREA_07_I,AREA_08_I,AREA_09_I,AREA_10_I,AREA_11_I,AREA_12_I,AREA_99_I,FIRST_CONTACT_POINT,CMV_ID,USDOT_NO,CCMC_NO,ILCC_NO,COMMERCIAL_SRC,GVWR,CARRIER_NAME,CARRIER_STATE,CARRIER_CITY,HAZMAT_PLACARDS_I,HAZMAT_NAME,UN_NO,HAZMAT_PRESENT_I,HAZMAT_REPORT_I,HAZMAT_REPORT_NO,MCS_REPORT_I,MCS_REPORT_NO,HAZMAT_VIO_CAUSE_CRASH_I,MCS_VIO_CAUSE_CRASH_I,IDOT_PERMIT_NO,WIDE_LOAD_I,TRAILER1_WIDTH,TRAILER2_WIDTH,TRAILER1_LENGTH,TRAILER2_LENGTH,TOTAL_VEHICLE_LENGTH,AXLE_CNT,VEHICLE_CONFIG,CARGO_BODY_TYPE,LOAD_TYPE,HAZMAT_OUT_OF_SERVICE_I,MCS_OUT_OF_SERVICE_I,HAZMAT_CLASS
2134770,0ecd01536a4ba3ec0e3e0962f8677451dfd2d30c2f400d449f0f0968c147a314367df38fff9edaea2f4560110dbb8c64f3679b886b2363c40dd461f2a6270ed3,08/23/2025 09:20:00 AM,1,DRIVER,,2035023,,TOYOTA,RAV4,IL,2012,UNKNOWN,PASSENGER,PERSONAL,E,STRAIGHT AHEAD,,,1,,,,,Y,,,,,,,,,,,,,FRONT-RIGHT-CORNER,,,,,,,,,,,,,,,,,,,,,,,,,,,,,,,,,
2134771,0ecd01536a4ba3ec0e3e0962f8677451dfd2d30c2f400d449f0f0968c147a314367df38fff9edaea2f4560110dbb8c64f3679b886b2363c40dd461f2a6270ed3,08/23/2025 09:20:00 AM,2,DRIVER,1,2035020,,BMW,323I,IL,2025,NONE,PASSENGER,PERSONAL,E,SLOW/STOP IN TRAFFIC,,,2,,,,,,,,,,Y,,,,,,,,REAR,,,,,,,,,,,,,,,,,,,,,,,,,,,,,,,,,
2135504,e9312648a06543d07c78d7441edfffbb4005d723b84c9cfe9ea1457e2533919aea63c7e5a9a2f00b498c44b65db8fd2fab8356422f845bab701454bcb972f36a,08/23/2025 09:15:00 AM,1,DRIVER,,2035721,,JEEP,JEEP,IL,2019,UNKNOWN,PASSENGER,UNKNOWN/NA,N,STRAIGHT AHEAD,,,1,,,,,,,,,,,,,,,,,Y,FRONT-LEFT-CORNER,,,,,,,,,,,,,,,,,,,,,,,,,,,,,,,,,
2135505,e9312648a06543d07c78d7441edfffbb4005d723b84c9cfe9ea1457e2533919aea63c7e5a9a2f00b498c44b65db8fd2fab8356422f845bab701454bcb972f36a,08/23/2025 09:15:00 AM,2,PARKED,,2035722,,CHEVROLET,COBALT,IL,2008,UNKNOWN,PASSENGER,PERSONAL,UNKNOWN,PARKED,,,0,,,,,,,Y,Y,Y,,,,,,,,,SIDE-RIGHT-REAR,,,,,,,,,,,,,,,,,,,,,,,,,,,,,,,,,
2134798,19bb3dc6debe28d18126e3eabe3dc2293691eb739d8d54175c9ba4a90307cf4e7637df166d8717d3feecf365c10f7cc1240b9158e0586692a09afb217e515c67,08/23/2025 09:13:00 AM,1,DRIVER,,2035045,,NISSAN,ALTIMA,IL,2015,UNKNOWN,PASSENGER,PERSONAL,E,STRAIGHT AHEAD,,,1,,,,,,,,,,,,,,,Y,Y,,FRONT,,,,,,,,,,,,,,,,,,,,,,,,,,,,,,,,,
2134799,19bb3dc6debe28d18126e3eabe3dc2293691eb739d8d54175c9ba4a90307cf4e7637df166d8717d3feecf365c10f7cc1240b9158e0586692a09afb217e515c67,08/23/2025 09:13:00 AM,2,DRIVER,,2035056,Y,FORD,OTHER (EXPLAIN IN NARRATIVE),IL,2023,UNKNOWN,OTHER,OTHER,N,STRAIGHT AHEAD,,,1,,,,,,,,,,Y,Y,,,,,,,REAR-LEFT-CORNER,"22,061",926150,,,,,ROLLING FRITO LAY SALES LP,TX,PLANO,,,,U,U,,U,,U,U,,,,,,,,,"SINGLE UNIT TRUCK, 2 AXLES, 6 TIRES",OTHER,OTHER,N,N,
2134804,afa08c4bf582e1317fd8730d158327e7eb7fcaff686c5a1cb66c1c3a9acbb2b3c2740f536424839143f350cd999fc5e7887bf7a518f1f75187a79422beeda7c8,08/23/2025 09:07:00 AM,1,DRIVER,,2035047,,HONDA,ODYSSEY,IL,2015,NONE,VAN/MINI-VAN,PERSONAL,E,BACKING,,,1,,,,,,,,,Y,,,,,,,,,REAR-RIGHT-CORNER,,,,,,,,,,,,,,,,,,,,,,,,,,,,,,,,,
2134805,afa08c4bf582e1317fd8730d158327e7eb7fcaff686c5a1cb66c1c3a9acbb2b3c2740f536424839143f350cd999fc5e7887bf7a518f1f75187a79422beeda7c8,08/23/2025 09:07:00 AM,2,DRIVER,1,2035050,,JEEP,GRAND CHEROKEE,IL,2025,NONE,PASSENGER,PERSONAL,N,STRAIGHT AHEAD,,,2,,,,,Y,,,,,,,,,,,,,FRONT,,,,,,,,,,,,,,,,,,,,,,,,,,,,,,,,,
2134857,146390fe212a36818600a58f76e929d4e2927c1303f74449834f2b806a5b205b20e8d6d7ce7bee6b3953199a5e229b2d52bdb698f5dfda809cfe79e88d413d31,08/23/2025 09:00:00 AM,1,DRIVER,,2035091,,UNKNOWN,OTHER (EXPLAIN IN NARRATIVE),,,UNKNOWN,UNKNOWN/NA,UNKNOWN/NA,UNKNOWN,UNKNOWN/NA,,,1,,,,,,,,,,,,,,,,,Y,UNKNOWN,,,,,,,,,,,,,,,,,,,,,,,,,,,,,,,,,
2134858,146390fe212a36818600a58f76e929d4e2927c1303f74449834f2b806a5b205b20e8d6d7ce7bee6b3953199a5e229b2d52bdb698f5dfda809cfe79e88d413d31,08/23/2025 09:00:00 AM,2,PARKED,,2035102,,TOYOTA,RAV4,IL,2018,UNKNOWN,PASSENGER,PERSONAL,N,PARKED,,,0,,,,,,,,,,,,,,,,,,FRONT,,,,,,,,,,,,,,,,,,,,,,,,,,,,,,,,,
2134792,6dfb4ad612dcf9ea14db8c0b99bbccc26c92938198f5e33e9f8bac96c7369fd7d28b02422f408575069f6cf47549df8877ba36ce7af7177569804b2fd4432bcd,08/23/2025 09:00:00 AM,1,DRIVER,,2035035,,NISSAN,ROGUE,IL,2011,NONE,SPORT UTILITY VEHICLE (SUV),PERSONAL,W,STRAIGHT AHEAD,,,1,,,,,Y,,,,,,,,,,Y,Y,,FRONT,,,,,,,,,,,,,,,,,,,,,,,,,,,,,,,,,
2134793,6dfb4ad612dcf9ea14db8c0b99bbccc26c92938198f5e33e9f8bac96c7369fd7d28b02422f408575069f6cf47549df8877ba36ce7af7177569804b2fd4432bcd,08/23/2025 09:00:00 AM,2,DRIVER,,2035038,,SUBARU,FORESTER,IL,2023,NONE,SPORT UTILITY VEHICLE (SUV),PERSONAL,W,SLOW/STOP IN TRAFFIC,,,1,,,,,,,,,Y,Y,Y,,,,,,,REAR,,,,,,,,,,,,,,,,,,,,,,,,,,,,,,,,,
2134778,85b7345698b9f95d1693f30ab84102486b3386816014a5818229e6c93783da8f4dc076d24aeedce65a2d2a1628a9e8d81d7f874fb18e292f140e4762d6e544b5,08/23/2025 09:00:00 AM,1,DRIVER,,2035021,,KIA,OPTIMA / K5,,,UNKNOWN,PASSENGER,PERSONAL,W,STRAIGHT AHEAD,,,1,,,,,Y,,,,,,,,,,Y,Y,,FRONT,,,,,,,,,,,,,,,,,,,,,,,,,,,,,,,,,
2134779,85b7345698b9f95d1693f30ab84102486b3386816014a5818229e6c93783da8f4dc076d24aeedce65a2d2a1628a9e8d81d7f874fb18e292f140e4762d6e544b5,08/23/2025 09:00:00 AM,2,DRIVER,,2035025,,JEEP,GRAND CHEROKEE,IL,2013,UNKNOWN,PASSENGER,PERSONAL,W,STRAIGHT AHEAD,,,1,,,,,,,,,Y,Y,Y,,,,,,,REAR,,,,,,,,,,,,,,,,,,,,,,,,,,,,,,,,,
2134774,7b7a60484ad2eddc24781bf6570dd2ab04ffd526a5b87a424d67c5af65032674db0ee71f521b3370d5d46e33a730b5f6a80fef330391d3e4b5513a761368ae3f,08/23/2025 08:56:00 AM,1,DRIVER,,2035022,,KIA,SPORTAGE,IL,2017,UNKNOWN,PASSENGER,PERSONAL,N,STRAIGHT AHEAD,,,1,,,,,,,,,,,,,,,,,,NONE,,,,,,,,,,,,,,,,,,,,,,,,,,,,,,,,,
2134775,7b7a60484ad2eddc24781bf6570dd2ab04ffd526a5b87a424d67c5af65032674db0ee71f521b3370d5d46e33a730b5f6a80fef330391d3e4b5513a761368ae3f,08/23/2025 08:56:00 AM,2,BICYCLE,,,,,,,,,,,,,,,,,,,,,,,,,,,,,,,,,,,,,,,,,,,,,,,,,,,,,,,,,,,,,,,,,,
2134768,acd6c7c09a529b579a5029097459d3ccefffbf3af6226b749136a105597bc778717043df66fd4032512a2b797dcf60a1bfc7dc5121872b41b4499435c7b3e49d,08/23/2025 08:50:00 AM,1,DRIVER,,2035016,,JEEP,GRAND CHEROKEE,IL,2021,NONE,PASSENGER,PERSONAL,N,STRAIGHT AHEAD,,,1,,,,,Y,,,,,,,,,,Y,Y,,FRONT,,,,,,,,,,,,,,,,,,,,,,,,,,,,,,,,,
2134769,acd6c7c09a529b579a5029097459d3ccefffbf3af6226b749136a105597bc778717043df66fd4032512a2b797dcf60a1bfc7dc5121872b41b4499435c7b3e49d,08/23/2025 08:50:00 AM,2,DRIVER,,2035017,,TOYOTA,CAMRY,IL,1999,NONE,PASSENGER,PERSONAL,N,STRAIGHT AHEAD,,,1,,,,,,,,,Y,Y,Y,,,,,,,REAR,,,,,,,,,,,,,,,,,,,,,,,,,,,,,,,,,
2134764,15fcf198fc3cbfbd60bf68cc06ac1520b62d24b484db2e89539c5840a79ca6cb2e9b33affbefb8e09692eefcd12643651324c8024986f2d0bf79d124bf687eee,08/23/2025 08:30:00 AM,1,DRIVER,,2035009,,JEEP,CHEROKEE,IL,2014,UNKNOWN,SPORT UTILITY VEHICLE (SUV),UNKNOWN/NA,S,STRAIGHT AHEAD,,,1,,,,,,,,,,,,,,,,Y,,UNKNOWN,,,,,,,,,,,,,,,,,,,,,,,,,,,,,,,,,
2134765,15fcf198fc3cbfbd60bf68cc06ac1520b62d24b484db2e89539c5840a79ca6cb2e9b33affbefb8e09692eefcd12643651324c8024986f2d0bf79d124bf687eee,08/23/2025 08:30:00 AM,2,DRIVER,1,2035014,,HONDA,ODYSSEY,MN,2011,UNKNOWN,VAN/MINI-VAN,PERSONAL,S,SLOW/STOP IN TRAFFIC,,,2,,,,,,,,,,Y,,,,,,,,REAR,,,,,,,,,,,,,,,,,,,,,,,,,,,,,,,,,
2134760,3b204124a7b1cb606110a3f01dd07e4810ee14a54299ce01bfbb5022ec8dbec4731a0df76c8877f25963949359c426844f7f08cdb61fa738fdfb25908dcf34b4,08/23/2025 08:30:00 AM,1,DRIVER,,2035012,,TOYOTA,CAMRY,IL,2001,NONE,PASSENGER,PERSONAL,E,STRAIGHT AHEAD,,,1,,,,,Y,,,,,,,,,,Y,Y,,FRONT,,,,,,,,,,,,,,,,,,,,,,,,,,,,,,,,,
2134761,3b204124a7b1cb606110a3f01dd07e4810ee14a54299ce01bfbb5022ec8dbec4731a0df76c8877f25963949359c426844f7f08cdb61fa738fdfb25908dcf34b4,08/23/2025 08:30:00 AM,2,DRIVER,1,2035015,,GENERAL MOTORS CORPORATION (GMC),ACADIA,IL,2008,NONE,PASSENGER,PERSONAL,E,STRAIGHT AHEAD,,,2,,,,,,,,,Y,Y,Y,,,,,,,REAR,,,,,,,,,,,,,,,,,,,,,,,,,,,,,,,,,
2134867,6c45662a7e5c90322df62b1a990f859c12d032c45633f4eba27bbdf084283981b553c58aa2c3ed037e77153c02f00de0f058bb43d84a0dfb3c813fe05ad7fad0,08/23/2025 08:16:00 AM,1,DRIVER,,2035119,,GENERAL MOTORS CORPORATION (GMC),ENVOY,IL,2004,UNKNOWN,SPORT UTILITY VEHICLE (SUV),UNKNOWN/NA,E,ENTERING TRAFFIC LANE FROM PARKING,,,1,,,,,,,,,,,,,,,Y,,,FRONT-LEFT-CORNER,,,,,,,,,,,,,,,,,,,,,,,,,,,,,,,,,
2134868,6c45662a7e5c90322df62b1a990f859c12d032c45633f4eba27bbdf084283981b553c58aa2c3ed037e77153c02f00de0f058bb43d84a0dfb3c813fe05ad7fad0,08/23/2025 08:16:00 AM,2,DRIVER,,2035130,,TOYOTA,CAMRY,IL,2008,UNKNOWN,PASSENGER,UNKNOWN/NA,E,STRAIGHT AHEAD,,,1,,,,,,,,Y,,,,,,,,,,SIDE-RIGHT-REAR,,,,,,,,,,,,,,,,,,,,,,,,,,,,,,,,,
2134776,5517fc5b450c55748daafd7c25575e0fb3d768cb4fb09c8e588376244cdf19bf36267488272b43aa6b46f16fb5933c8e98ac21be48d4554ca3a1c2098b7c259f,08/23/2025 08:00:00 AM,1,DRIVER,,2035024,,UNKNOWN,OTHER (EXPLAIN IN NARRATIVE),,,UNKNOWN,PASSENGER,UNKNOWN/NA,UNKNOWN,STRAIGHT AHEAD,,,1,,,,,,,,,,,,,,,,,Y,UNKNOWN,,,,,,,,,,,,,,,,,,,,,,,,,,,,,,,,,
2134777,5517fc5b450c55748daafd7c25575e0fb3d768cb4fb09c8e588376244cdf19bf36267488272b43aa6b46f16fb5933c8e98ac21be48d4554ca3a1c2098b7c259f,08/23/2025 08:00:00 AM,2,PARKED,,2035026,,TOYOTA,RAV4,IL,2024,UNKNOWN,PASSENGER,NOT IN USE,N,PARKED,,,0,,,,,,,,,,,,,,Y,Y,,,SIDE-LEFT-FRONT,,,,,,,,,,,,,,,,,,,,,,,,,,,,,,,,,
2134757,ccbecc1fa16df0c7d2b1eca57253b43a5440afb90b214f80d646b1a86ece091863a3d8d545a069e213709fe2576236be8a4bc28b44a9d2e996c25a7317ae0237,08/23/2025 07:52:00 AM,1,DRIVER,,2035004,,TOYOTA,CAMRY,IL,2019,NONE,PASSENGER,UNKNOWN/NA,UNKNOWN,LEAVING TRAFFIC LANE TO PARK,,,1,,,,,Y,,,,,,,,,,,Y,Y,FRONT-RIGHT-CORNER,,,,,,,,,,,,,,,,,,,,,,,,,,,,,,,,,
2134758,ccbecc1fa16df0c7d2b1eca57253b43a5440afb90b214f80d646b1a86ece091863a3d8d545a069e213709fe2576236be8a4bc28b44a9d2e996c25a7317ae0237,08/23/2025 07:52:00 AM,2,PARKED,,2035006,,TOYOTA,RAV4,IL,2018,NONE,SPORT UTILITY VEHICLE (SUV),PERSONAL,N,PARKED,,,0,,,,,,,,,,Y,Y,,,,,,Y,REAR-LEFT-CORNER,,,,,,,,,,,,,,,,,,,,,,,,,,,,,,,,,
2134748,617acc76185fa0c912451493ab8dcbe20ebd77b4ce669f59ed90f6d7745fc8dc0a308ed0a64975d863af1802238f012a3d10af03040eb0a98b966484d934cf3b,08/23/2025 07:50:00 AM,1,DRIVER,,2034996,,ACURA,SLX,IL,2008,NONE,SPORT UTILITY VEHICLE (SUV),PERSONAL,S,ENTERING TRAFFIC LANE FROM PARKING,,,1,,,,,,,,,,,,,Y,Y,Y,,,FRONT-LEFT-CORNER,,,,,,,,,,,,,,,,,,,,,,,,,,,,,,,,,
2134749,617acc76185fa0c912451493ab8dcbe20ebd77b4ce669f59ed90f6d7745fc8dc0a308ed0a64975d863af1802238f012a3d10af03040eb0a98b966484d934cf3b,08/23/2025 07:50:00 AM,2,DRIVER,,2035003,,FORD,F450,IL,2000,NONE,PICKUP,PERSONAL,S,STRAIGHT AHEAD,,,1,,,,,,,,Y,Y,,,,,,,,,SIDE-RIGHT,,,,,,,,,,,,,,,,,,,,,,,,,,,,,,,,,
2134759,4227e95ad2894be620fce5fe9e6d991ed8f5ff010dfe6747681a51b7ef754d20de776b66c839387e12d00b9488222bbaad0eab484663a06efa1e91c1001ad960,08/23/2025 07:43:00 AM,1,DRIVER,,2035010,,SUBARU,IMPREZA,IL,2012,UNKNOWN,PASSENGER,PERSONAL,S,OTHER,Y,,1,,,500 E LOWER WACKER DR,,Y,Y,Y,Y,Y,Y,Y,Y,Y,Y,Y,Y,,TOTAL (ALL AREAS),,,,,,,,,,,,,,,,,,,,,,,,,,,,,,,,,
2134734,907641c3fa8b0e8a87061d1dd1e298a37b17fe448e87f0e7f2d7794d30d37d03a2d7abbd55b019c381b46551d7663f80e3054dd4224836ecb68f4e4d0626539c,08/23/2025 07:36:00 AM,1,DRIVER,,2034979,,NISSAN,ALTIMA,IL,2012,UNKNOWN,PASSENGER,PERSONAL,SW,U-TURN,,,1,,,,,,,,,,,,,,Y,Y,Y,,SIDE-LEFT-FRONT,,,,,,,,,,,,,,,,,,,,,,,,,,,,,,,,,
2134735,907641c3fa8b0e8a87061d1dd1e298a37b17fe448e87f0e7f2d7794d30d37d03a2d7abbd55b019c381b46551d7663f80e3054dd4224836ecb68f4e4d0626539c,08/23/2025 07:36:00 AM,2,DRIVER,,2034983,,CADILLAC,CT5,IL,2021,NONE,PASSENGER,PERSONAL,W,STRAIGHT AHEAD,,,1,,,,,,Y,Y,Y,,,,,,N,,,,SIDE-RIGHT,,,,,,,,,,,,,,,,,,,,,,,,,,,,,,,,,
2134754,9a2c4b279ac56fd116d4c3ed694632ab843e3328d9ad0aee2b321c98f152b8c7a9f3990292e68033051dd5e92f9c80bf68d89667e92bb6d52382e89699a8ae82,08/23/2025 07:30:00 AM,1,DRIVER,,2035005,,FORD,TAURUS,IL,2015,UNKNOWN,PASSENGER,PERSONAL,S,STRAIGHT AHEAD,N,,1,,,,,Y,,,,,,,,,,Y,Y,,FRONT,,,,,,,,,,,,,,,,,,,,,,,,,,,,,,,,,
2134767,e7abf349cb82645cc23ea371c78c29c64aa3f8042cf3c41d58b61ffa6beb67bc1cf169ae8cbac5f80a2e98d577cf4e0514617f85d4fc8ee61e5020855dfcb6e1,08/23/2025 07:30:00 AM,1,DRIVER,,2035013,,KIA,SPORTAGE,IL,2024,NONE,PASSENGER,PERSONAL,S,STRAIGHT AHEAD,Y,,1,,CITY OF CHICAGO,CITY IMPOUND,,,Y,Y,Y,,,,,,,,,,UNDER CARRIAGE,,,,,,,,,,,,,,,,,,,,,,,,,,,,,,,,,
2134744,e146f446a76b33117394a8be045cbefb806f0fb256ee2c97e7d1297512615583601f23f16bf7b40d0e6a3e340fd88877e9417c1a77c43d63c9604482c26d7790,08/23/2025 07:10:00 AM,2,DRIVER,,2034993,,FORD,F150,IL,2014,UNKNOWN,PICKUP,PERSONAL,S,STRAIGHT AHEAD,,,1,,,,,,,,,Y,Y,,,,,,,,REAR,,,,,,,,,,,,,,,,,,,,,,,,,,,,,,,,,
2134745,e146f446a76b33117394a8be045cbefb806f0fb256ee2c97e7d1297512615583601f23f16bf7b40d0e6a3e340fd88877e9417c1a77c43d63c9604482c26d7790,08/23/2025 07:10:00 AM,1,DRIVER,,2034990,,YAMAHA,YAMAHA,,2007,UNKNOWN,MOTORCYCLE (OVER 150CC),PERSONAL,S,STRAIGHT AHEAD,N,,1,,,,,,,,,,,Y,Y,Y,Y,Y,Y,,FRONT,,,,,,,,,,,,,,,,,,,,,,,,,,,,,,,,,
2134739,72fe86f7f006aa9915c2963f2d6613283181c9155afd94e41944990e997fc65c41060d8cfb0e76f617cf12db9c54eeb939321259ad1647c8eb62d1fb22f6dc50,08/23/2025 07:00:00 AM,1,DRIVER,,2034985,,TOYOTA,RAV4,PA,2015,UNKNOWN,PASSENGER,PERSONAL,S,STRAIGHT AHEAD,,,1,,,,,Y,Y,,,,,,,,Y,Y,Y,,FRONT,,,,,,,,,,,,,,,,,,,,,,,,,,,,,,,,,
2134740,72fe86f7f006aa9915c2963f2d6613283181c9155afd94e41944990e997fc65c41060d8cfb0e76f617cf12db9c54eeb939321259ad1647c8eb62d1fb22f6dc50,08/23/2025 07:00:00 AM,2,DRIVER,,2034988,,MERCEDES-BENZ,C300,IL,2016,NONE,PASSENGER,PERSONAL,S,STRAIGHT AHEAD,,,1,,,,,,,,Y,Y,Y,Y,Y,,,,,,REAR,,,,,,,,,,,,,,,,,,,,,,,,,,,,,,,,,
2135314,8c17a1fcbc950e463b1d9a3ca8897e11c510f0029ac45b3941fb59c7bbdf11197886c3d20e708c1ed57737d0ae2f00db70503c3cac030fdcf5f189329d2b490c,08/23/2025 07:00:00 AM,1,DRIVER,2,2035529,,LINCOLN,MKZ,IL,2015,UNKNOWN,PASSENGER,UNKNOWN/NA,S,STRAIGHT AHEAD,,,3,,,,,Y,,,,,,,,,,Y,Y,N,FRONT,,,,,,,,,,,,,,,,,,,,,,,,,,,,,,,,,
2135315,8c17a1fcbc950e463b1d9a3ca8897e11c510f0029ac45b3941fb59c7bbdf11197886c3d20e708c1ed57737d0ae2f00db70503c3cac030fdcf5f189329d2b490c,08/23/2025 07:00:00 AM,2,DRIVER,1,2035549,,VOLVO,XC60,IL,2023,NONE,PASSENGER,PERSONAL,S,STRAIGHT AHEAD,,,2,,,,,,,,,,Y,Y,,,,,,,REAR-LEFT-CORNER,,,,,,,,,,,,,,,,,,,,,,,,,,,,,,,,,
2134736,980924764d6a485f1e8dfed157b2e477a0dd4035deee4e277c6c580066424c52604812724fa7d6181a6cfdf5189ba5aace8a934c9395e60e9e250a22991d0d68,08/23/2025 07:00:00 AM,1,DRIVER,,2034980,,AUDI,Q7,IL,2017,NONE,PASSENGER,PERSONAL,E,STRAIGHT AHEAD,Y,,1,,E&R,10300 S DOTY RD,,Y,Y,Y,Y,Y,,,,,Y,Y,Y,,FRONT-RIGHT-CORNER,,,,,,,,,,,,,,,,,,,,,,,,,,,,,,,,,
2134737,980924764d6a485f1e8dfed157b2e477a0dd4035deee4e277c6c580066424c52604812724fa7d6181a6cfdf5189ba5aace8a934c9395e60e9e250a22991d0d68,08/23/2025 07:00:00 AM,2,DRIVER,,2034984,,TOYOTA,VENZA,IL,2023,NONE,PASSENGER,PERSONAL,E,STRAIGHT AHEAD,,,1,,,,,Y,Y,Y,Y,Y,,N,N,N,N,N,,,SIDE-RIGHT,,,,,,,,,,,,,,,,,,,,,,,,,,,,,,,,,
2134738,980924764d6a485f1e8dfed157b2e477a0dd4035deee4e277c6c580066424c52604812724fa7d6181a6cfdf5189ba5aace8a934c9395e60e9e250a22991d0d68,08/23/2025 07:00:00 AM,3,DRIVER,,2034986,,KIA,OPTIMA / K5,IL,2013,NONE,PASSENGER,PERSONAL,N,STRAIGHT AHEAD,Y,,1,,PRIVATE TOW,UNKNOWN,,Y,Y,Y,,,,,,Y,Y,Y,Y,,FRONT-LEFT-CORNER,,,,,,,,,,,,,,,,,,,,,,,,,,,,,,,,,
2135008,1a35b7a358ff879b75237727600301b18270ed4981e3858968df27b3e2a28bfa80c591176eaee02c1b5fc6e66570bba229d631c767828b465eb2fe8829559bc6,08/23/2025 06:45:00 AM,1,DRIVER,,2035238,,CHEVROLET,OTHER (EXPLAIN IN NARRATIVE),WI,2020,NONE,PASSENGER,PERSONAL,S,SKIDDING/CONTROL LOSS,,,1,,,,,,,,,,,Y,Y,N,Y,Y,,,FRONT-LEFT-CORNER,,,,,,,,,,,,,,,,,,,,,,,,,,,,,,,,,
2135009,1a35b7a358ff879b75237727600301b18270ed4981e3858968df27b3e2a28bfa80c591176eaee02c1b5fc6e66570bba229d631c767828b465eb2fe8829559bc6,08/23/2025 06:45:00 AM,2,DRIVER,,2035252,,HONDA,CIVIC,IL,2016,NONE,PASSENGER,UNKNOWN/NA,S,STRAIGHT AHEAD,,,1,,,,,Y,Y,Y,Y,,,,,,,,,,FRONT-RIGHT-CORNER,,,,,,,,,,,,,,,,,,,,,,,,,,,,,,,,,
2134766,369b91e081085e47ca7885d682975ff42a3a635be59582f41609f79180d34a6974a2bdce178e20c10558a55272806c93b132634e9ae8238ca2340589aed47fb2,08/23/2025 06:00:00 AM,1,DRIVER,,2035011,,HYUNDAI,SONATA,IL,2014,NONE,PASSENGER,PERSONAL,UNKNOWN,UNKNOWN/NA,,,1,,,,,,,,,,,,,,,,,Y,FRONT,,,,,,,,,,,,,,,,,,,,,,,,,,,,,,,,,
2135497,c1f3cc61468cb2404fe12d804e41c2a7f6b5dd0c039db1af22fc3b2f80c259668a3f83cd1f47e626715a2d33c7e9688a6cf1c8e11386eb44cd99430ba0106cb4,08/23/2025 06:00:00 AM,1,DRIVER,,2035715,,LINCOLN,MKZ,IL,2016,NONE,PASSENGER,PERSONAL,W,STRAIGHT AHEAD,,,1,,,,,Y,,,,,,,,,,Y,Y,,FRONT,,,,,,,,,,,,,,,,,,,,,,,,,,,,,,,,,
2135498,c1f3cc61468cb2404fe12d804e41c2a7f6b5dd0c039db1af22fc3b2f80c259668a3f83cd1f47e626715a2d33c7e9688a6cf1c8e11386eb44cd99430ba0106cb4,08/23/2025 06:00:00 AM,2,DRIVER,,2035717,,LEXUS,OTHER (EXPLAIN IN NARRATIVE),IL,2025,UNKNOWN,PASSENGER,PERSONAL,W,SLOW/STOP IN TRAFFIC,,,1,,,,,,,,,,Y,,,,,,,,REAR,,,,,,,,,,,,,,,,,,,,,,,,,,,,,,,,,
2136620,eabfff02f3252716e0197043e36b5556b58a4c2e4d571b557d73ba06db52b80706b4e8a108f77b5aa1a60e348790595d58617e6a7d65ee09881a7ca021a11397,08/23/2025 05:45:00 AM,1,DRIVER,,2036792,,UNKNOWN,MOTORIZED,IL,,UNKNOWN,UNKNOWN/NA,UNKNOWN/NA,S,STRAIGHT AHEAD,,,1,,,,,,,,,,,,,,,,,Y,FRONT,,,,,,,,,,,,,,,,,,,,,,,,,,,,,,,,,
2136621,eabfff02f3252716e0197043e36b5556b58a4c2e4d571b557d73ba06db52b80706b4e8a108f77b5aa1a60e348790595d58617e6a7d65ee09881a7ca021a11397,08/23/2025 05:45:00 AM,2,DRIVER,,2036793,,TOYOTA,CAMRY,IL,2017,UNKNOWN,PASSENGER,UNKNOWN/NA,W,STRAIGHT AHEAD,Y,,1,,ALLSTATE MOTOR CLUB,,,Y,,,,,,,,Y,Y,Y,Y,,FRONT,,,,,,,,,,,,,,,,,,,,,,,,,,,,,,,,,
2134719,121b03669c46be6509df80ca27a33c49518ae672362bacead4f8c057e5d6d58a1643047e35ffb0f631906e632f9b3738dc50be4d977be5ab45588c072b3fc6c7,08/23/2025 05:40:00 AM,1,DRIVER,,2034965,,NISSAN,MURANO,IL,2010,UNKNOWN,PASSENGER,PERSONAL,E,OTHER,,,1,,,,,,,,,,,,,,,,Y,,FRONT,,,,,,,,,,,,,,,,,,,,,,,,,,,,,,,,,
2134720,121b03669c46be6509df80ca27a33c49518ae672362bacead4f8c057e5d6d58a1643047e35ffb0f631906e632f9b3738dc50be4d977be5ab45588c072b3fc6c7,08/23/2025 05:40:00 AM,2,DRIVER,,2034967,,CHEVROLET,TAHOE,IL,2025,NONE,PASSENGER,PERSONAL,W,STRAIGHT AHEAD,,,1,,,,,,,,,,,,,,,Y,,,FRONT-LEFT-CORNER,,,,,,,,,,,,,,,,,,,,,,,,,,,,,,,,,
2134812,6377862155503353f18b70fd2a9f6b91d74cfb86d818a982294a096d5a6265b971a7232602e11f5c429f1caf68416fe801d53bb59b5836e8a899fad0fa30804c,08/23/2025 05:30:00 AM,1,DRIVER,,2035063,,AUDI,S6,IL,2008,UNKNOWN,PASSENGER,PERSONAL,E,UNKNOWN/NA,,,1,,,,,Y,,,,,,,,,,Y,Y,,FRONT,,,,,,,,,,,,,,,,,,,,,,,,,,,,,,,,,