CRASH_UNIT_ID,CRASH_RECORD_ID,CRASH_DATE,UNIT_NO,UNIT_TYPE,NUM_PASSENGERS,VEHICLE_ID,CMRC_VEH_I,MAKE,MODEL,LIC_PLATE_STATE,VEHICLE_YEAR,VEHICLE_DEFECT,VEHICLE_TYPE,VEHICLE_USE,TRAVEL_DIRECTION,MANEUVER,TOWED_I,FIRE_I,OCCUPANT_CNT,EXCEED_SPEED_LIMIT_I,TOWED_BY,TOWED_TO,AREA_00_I,AREA_01_I,AREA_02_I,AREA_03_I,AREA_04_I,AREA_05_I,AREA_06_I,AREA_07_I,AREA_08_I,AREA_09_I,AREA_10_I,AREA_11_I,AREA_12_I,AREA_99_I,FIRST_CONTACT_POINT,CMV_ID,USDOT_NO,CCMC_NO,ILCC_NO,COMMERCIAL_SRC,GVWR,CARRIER_NAME,CARRIER_STATE,CARRIER_CITY,HAZMAT_PLACARDS_I,HAZMAT_NAME,UN_NO,HAZMAT_PRESENT_I,HAZMAT_REPORT_I,HAZMAT_REPORT_NO,MCS_REPORT_I,MCS_REPORT_NO,HAZMAT_VIO_CAUSE_CRASH_I,MCS_VIO_CAUSE_CRASH_I,IDOT_PERMIT_NO,WIDE_LOAD_I,TRAILER1_WIDTH,TRAILER2_WIDTH,TRAILER1_LENGTH,TRAILER2_LENGTH,TOTAL_VEHICLE_LENGTH,AXLE_CNT,VEHICLE_CONFIG,CARGO_BODY_TYPE,LOAD_TYPE,HAZMAT_OUT_OF_SERVICE_I,MCS_OUT_OF_SERVICE_I,HAZMAT_CLASS
2134813,6377862155503353f18b70fd2a9f6b91d74cfb86d818a982294a096d5a6265b971a7232602e11f5c429f1caf68416fe801d53bb59b5836e8a899fad0fa30804c,08/23/2025 05:30:00 AM,2,PARKED,,2035065,,SUBARU,FORESTER,IL,2023,UNKNOWN,PASSENGER,UNKNOWN/NA,E,PARKED,,,0,,,,,Y,,,,Y,Y,Y,,,,Y,Y,,REAR,,,,,,,,,,,,,,,,,,,,,,,,,,,,,,,,,
2134814,6377862155503353f18b70fd2a9f6b91d74cfb86d818a982294a096d5a6265b971a7232602e11f5c429f1caf68416fe801d53bb59b5836e8a899fad0fa30804c,08/23/2025 05:30:00 AM,3,PARKED,,2035068,,JEEP,CHEROKEE,IL,2021,UNKNOWN,SPORT UTILITY VEHICLE (SUV),PERSONAL,E,PARKED,,,0,,,,,,,,,Y,Y,Y,,,,,,,REAR,,,,,,,,,,,,,,,,,,,,,,,,,,,,,,,,,
2134714,ded036454886faedb89a53caf2370d97d0f63d21489278219d2d45608c0da5b1cbbcf549a9c53e84cf5e6ffb0c74d2249f09cb83f37c4549b121b1fd29b03e78,08/23/2025 04:54:00 AM,1,DRIVER,,2034959,,SMART,FORTWO,IL,2016,UNKNOWN,PASSENGER,UNKNOWN/NA,S,STRAIGHT AHEAD,Y,,1,,city tow,,,Y,,,,,,,,,,Y,Y,,FRONT,,,,,,,,,,,,,,,,,,,,,,,,,,,,,,,,,
2134715,ded036454886faedb89a53caf2370d97d0f63d21489278219d2d45608c0da5b1cbbcf549a9c53e84cf5e6ffb0c74d2249f09cb83f37c4549b121b1fd29b03e78,08/23/2025 04:54:00 AM,2,PARKED,,2034960,,FORD,TRANSIT,IL,2019,NONE,VAN/MINI-VAN,NOT IN USE,S,PARKED,,,0,,,,,,,,,,Y,Y,Y,,,,,,SIDE-LEFT-REAR,,,,,,,,,,,,,,,,,,,,,,,,,,,,,,,,,
2134910,bf52c5fd8c83209d33c95dbdaaf37a57d524fa9d773592e730ce13eb0d6b0e2843c202fe497ccdabbd2f0265ca574a144ca6f602f075f3cd7accac173639ad8d,08/23/2025 04:45:00 AM,1,DRIVER,,2035147,,VOLKSWAGEN,GOLF,IL,2019,UNKNOWN,PASSENGER,UNKNOWN/NA,S,STRAIGHT AHEAD,Y,,1,,,,,Y,,,,,,,,,,,Y,Y,FRONT-RIGHT-CORNER,,,,,,,,,,,,,,,,,,,,,,,,,,,,,,,,,
2134911,bf52c5fd8c83209d33c95dbdaaf37a57d524fa9d773592e730ce13eb0d6b0e2843c202fe497ccdabbd2f0265ca574a144ca6f602f075f3cd7accac173639ad8d,08/23/2025 04:45:00 AM,2,PARKED,,2035148,,NISSAN,ALTIMA,IL,2014,UNKNOWN,UNKNOWN/NA,NOT IN USE,UNKNOWN,PARKED,,,0,,,,,Y,,,Y,Y,Y,Y,Y,,,Y,Y,Y,REAR-LEFT-CORNER,,,,,,,,,,,,,,,,,,,,,,,,,,,,,,,,,
2134912,bf52c5fd8c83209d33c95dbdaaf37a57d524fa9d773592e730ce13eb0d6b0e2843c202fe497ccdabbd2f0265ca574a144ca6f602f075f3cd7accac173639ad8d,08/23/2025 04:45:00 AM,3,PARKED,,2035149,,HONDA,CIVIC,IL,2025,UNKNOWN,PASSENGER,NOT IN USE,UNKNOWN,PARKED,,,0,,,,,,,,,Y,Y,Y,,,,,,,REAR,,,,,,,,,,,,,,,,,,,,,,,,,,,,,,,,,
2134806,154b94520e22a9442873936c7aac2cb1ea3beceeceef84c840098ab5a2750e31a9cf71e0db5d17beb91e9e11437ee730a83b2c02de102a9f812574509f7261fe,08/23/2025 04:30:00 AM,1,DRIVER,,2035048,,UNKNOWN,OTHER (EXPLAIN IN NARRATIVE),IL,,UNKNOWN,UNKNOWN/NA,UNKNOWN/NA,UNKNOWN,STRAIGHT AHEAD,,,1,,,,,,,,,,,,,,,,,Y,UNKNOWN,,,,,,,,,,,,,,,,,,,,,,,,,,,,,,,,,
2134807,154b94520e22a9442873936c7aac2cb1ea3beceeceef84c840098ab5a2750e31a9cf71e0db5d17beb91e9e11437ee730a83b2c02de102a9f812574509f7261fe,08/23/2025 04:30:00 AM,2,PARKED,,2035051,,DODGE,RAM 1500 PU,IL,2018,UNKNOWN,PICKUP,TOW TRUCK,N,PARKED,,,0,,,,,,,Y,Y,Y,,,,,,,,,SIDE-RIGHT,,,,,,,,,,,,,,,,,,,,,,,,,,,,,,,,,
2135352,fd33c2da44e55965cd49ec22d645bd8620dc98891ef6b39b076ed94cb30ddedd73c5af5fb65416ef4a9e5c1ef26b512d7e726a845e7f1634d5a2ee6f93c47548,08/23/2025 04:30:00 AM,1,DRIVER,,2035583,,HONDA,CIVIC,IL,2018,UNKNOWN,PASSENGER,PERSONAL,S,TURNING LEFT,,,1,,,,,,,,Y,Y,Y,Y,,,,,,,REAR-RIGHT-CORNER,,,,,,,,,,,,,,,,,,,,,,,,,,,,,,,,,
2135353,fd33c2da44e55965cd49ec22d645bd8620dc98891ef6b39b076ed94cb30ddedd73c5af5fb65416ef4a9e5c1ef26b512d7e726a845e7f1634d5a2ee6f93c47548,08/23/2025 04:30:00 AM,2,DRIVER,,2035587,,HONDA,MOTORCYCLE,IL,2007,UNKNOWN,MOTORCYCLE (OVER 150CC),PERSONAL,E,STRAIGHT AHEAD,,,1,,,,,Y,,,,Y,,,,,,,Y,,UNKNOWN,,,,,,,,,,,,,,,,,,,,,,,,,,,,,,,,,
2134712,65888987c9983c793e92c707bcb38d487db764c7e2be55c2feb3a1e3a1c29c293bc415e1dd8ff5e62c0b7163bd64b26feca86e55fa7dee8ad7b2f5de687119f9,08/23/2025 04:00:00 AM,1,DRIVER,,2034957,,INFINITI,Q30,IL,,UNKNOWN,PASSENGER,UNKNOWN/NA,E,STRAIGHT AHEAD,,,1,,,,,,,,,,,,,,,,,Y,FRONT,,,,,,,,,,,,,,,,,,,,,,,,,,,,,,,,,
2134713,65888987c9983c793e92c707bcb38d487db764c7e2be55c2feb3a1e3a1c29c293bc415e1dd8ff5e62c0b7163bd64b26feca86e55fa7dee8ad7b2f5de687119f9,08/23/2025 04:00:00 AM,2,DRIVER,1,2034961,,CHEVROLET,EQUINOX,IL,2025,NONE,SPORT UTILITY VEHICLE (SUV),PERSONAL,W,STRAIGHT AHEAD,,,2,,,,,,,,,,Y,,,,,Y,,,FRONT,,,,,,,,,,,,,,,,,,,,,,,,,,,,,,,,,
2134733,ed498b1bbafb39155e9c192ab422aa107d134cc7115ec98ee08ca71a96429a303bf42cf376699e64cc62f36d0d3a14301a58d8a98c4c0bd561977b008ba12451,08/23/2025 03:57:00 AM,1,DRIVER,2,2034982,,NISSAN,ROGUE,IL,2009,NONE,PASSENGER,PERSONAL,S,SKIDDING/CONTROL LOSS,Y,,3,,CITY OF CHICAGO,DODI POUND #1,,Y,,,,,,,,,,Y,Y,,FRONT,,,,,,,,,,,,,,,,,,,,,,,,,,,,,,,,,
2134752,369c905c10a57833d8ab4ac5392239905815666dff86e26ba1dca7ccbf146414a33eaaafa35fb34e618e7ad94d2ce2b9f76355425406bf8042a93dcecd2f0a32,08/23/2025 03:56:00 AM,1,DRIVER,,2034999,,HARLEY-DAVIDSON,HARLEY-DAVIDSON,IL,2007,NONE,MOTORCYCLE (OVER 150CC),PERSONAL,N,TURNING LEFT,,,1,,,,,,Y,,,,,,,,Y,Y,,,SIDE-LEFT,,,,,,,,,,,,,,,,,,,,,,,,,,,,,,,,,
2134753,369c905c10a57833d8ab4ac5392239905815666dff86e26ba1dca7ccbf146414a33eaaafa35fb34e618e7ad94d2ce2b9f76355425406bf8042a93dcecd2f0a32,08/23/2025 03:56:00 AM,2,PARKED,,2035002,,FORD,F150,,2020,NONE,PASSENGER,TOW TRUCK,N,PARKED,,,0,,,,,,,,,,,,,,Y,,,,SIDE-LEFT-FRONT,,,,,,,,,,,,,,,,,,,,,,,,,,,,,,,,,
2134679,79692c2f26a7d48c99b32b6110c98ec968c2754e8bf72d04a7b4a2af234c771692031e8cf1cc2e270b62fb81d0cf8cfb97d9bd0b4bcfcc9e441ca4b711920ef2,08/23/2025 03:05:00 AM,1,DRIVER,,2034924,,UNKNOWN,MOTORIZED,IL,,UNKNOWN,UNKNOWN/NA,UNKNOWN/NA,UNKNOWN,UNKNOWN/NA,,,1,,,,,N,N,,,,,,,,,,N,Y,FRONT-RIGHT-CORNER,,,,,,,,,,,,,,,,,,,,,,,,,,,,,,,,,
2134680,79692c2f26a7d48c99b32b6110c98ec968c2754e8bf72d04a7b4a2af234c771692031e8cf1cc2e270b62fb81d0cf8cfb97d9bd0b4bcfcc9e441ca4b711920ef2,08/23/2025 03:05:00 AM,2,PARKED,,2034926,,CHEVROLET,EQUINOX,IL,2019,NONE,PASSENGER,PERSONAL,N,PARKED,,,0,,,,,,,,,,,Y,Y,Y,Y,Y,,,SIDE-LEFT-REAR,,,,,,,,,,,,,,,,,,,,,,,,,,,,,,,,,
2134701,ca02dbad2e85c84a8fb8050c30b21e592a62906754f8be49cbfa80e8890cc891dbec44d0ff1c9e851b1e2fc12c7577f7882429f9939d1cf0c36cfedf4057ee00,08/23/2025 02:52:00 AM,1,DRIVER,,2034946,,INFINITI,G37,IL,2012,NONE,PASSENGER,PERSONAL,S,STRAIGHT AHEAD,Y,,1,,PRIVATE TOW,PRIVATE,,Y,Y,,,,,,,,,,Y,,FRONT-RIGHT-CORNER,,,,,,,,,,,,,,,,,,,,,,,,,,,,,,,,,
2134702,ca02dbad2e85c84a8fb8050c30b21e592a62906754f8be49cbfa80e8890cc891dbec44d0ff1c9e851b1e2fc12c7577f7882429f9939d1cf0c36cfedf4057ee00,08/23/2025 02:52:00 AM,2,PARKED,,2034951,,BMW,OTHER (EXPLAIN IN NARRATIVE),IL,2021,NONE,PASSENGER,PERSONAL,S,PARKED,,,0,,,,,,,,,,,Y,Y,,,,,,REAR-LEFT-CORNER,,,,,,,,,,,,,,,,,,,,,,,,,,,,,,,,,
2134703,ca02dbad2e85c84a8fb8050c30b21e592a62906754f8be49cbfa80e8890cc891dbec44d0ff1c9e851b1e2fc12c7577f7882429f9939d1cf0c36cfedf4057ee00,08/23/2025 02:52:00 AM,3,PARKED,,2034954,,FORD,ECONOLINE E350,IL,2010,NONE,VAN/MINI-VAN,PERSONAL,S,PARKED,,,0,,,,,,,,,,Y,Y,,,,,,,REAR-LEFT-CORNER,,,,,,,,,,,,,,,,,,,,,,,,,,,,,,,,,
2134683,16901dbaa4140e9b0aba262cd2bb834d40d002cd9762f150aeeee2635feca6a6ba75cbfabd87181aa14de25c3baf6e8d0502c92ea10c9e1a4b506ff72f52a6f2,08/23/2025 02:50:00 AM,1,DRIVER,,2034928,,DODGE,CHALLENGER,IL,2022,NONE,PASSENGER,PERSONAL,N,STRAIGHT AHEAD,Y,,1,,CITY OF CHICAGO,400 E LOWER WACKER,,,,,,,,,,,Y,Y,Y,,FRONT-LEFT-CORNER,,,,,,,,,,,,,,,,,,,,,,,,,,,,,,,,,
2134684,16901dbaa4140e9b0aba262cd2bb834d40d002cd9762f150aeeee2635feca6a6ba75cbfabd87181aa14de25c3baf6e8d0502c92ea10c9e1a4b506ff72f52a6f2,08/23/2025 02:50:00 AM,2,DRIVER,,2034931,,AUDI,A6,IL,2014,NONE,PASSENGER,PERSONAL,N,SLOW/STOP IN TRAFFIC,Y,,1,,PRIVATE,UNKNOWN,,,,,Y,Y,Y,Y,,,,,,,REAR-RIGHT-CORNER,,,,,,,,,,,,,,,,,,,,,,,,,,,,,,,,,
2134673,18d8e583ad5f23d124b5d8637f2f174185442d23b6e26f96ece9b57cddc4b0b5526f4be16901067436f9ada4088b78c12168f709d6225e5e71ab29bf28d8dd9e,08/23/2025 02:45:00 AM,1,DRIVER,,2034920,,NISSAN,ALTIMA,IL,2013,NONE,PASSENGER,UNKNOWN/NA,W,STRAIGHT AHEAD,Y,,1,,cpd,pound 7,,Y,,,,,,,,,,Y,Y,,FRONT-LEFT-CORNER,,,,,,,,,,,,,,,,,,,,,,,,,,,,,,,,,
2134674,18d8e583ad5f23d124b5d8637f2f174185442d23b6e26f96ece9b57cddc4b0b5526f4be16901067436f9ada4088b78c12168f709d6225e5e71ab29bf28d8dd9e,08/23/2025 02:45:00 AM,2,PARKED,,2034922,,FORD,F250,TX,2019,NONE,TRUCK - SINGLE UNIT,NOT IN USE,W,PARKED,,,0,,,,,,,,,Y,Y,,,,,,,,REAR-RIGHT-CORNER,,,,,,,,,,,,,,,,,,,,,,,,,,,,,,,,,
2135761,6115bf45d168a48a375e3071121e545d3d8157e0ff989fef4e60bf2e1c80c356d88fad809105ad80462fa8d88407e84f9fe419524335e655b82a67e6388ade5c,08/23/2025 02:35:00 AM,1,DRIVER,,2035967,,UNKNOWN,OTHER (EXPLAIN IN NARRATIVE),,,UNKNOWN,UNKNOWN/NA,UNKNOWN/NA,S,STRAIGHT AHEAD,,,1,,,,,,,,,,,,,,,,Y,,FRONT,,,,,,,,,,,,,,,,,,,,,,,,,,,,,,,,,
2135762,6115bf45d168a48a375e3071121e545d3d8157e0ff989fef4e60bf2e1c80c356d88fad809105ad80462fa8d88407e84f9fe419524335e655b82a67e6388ade5c,08/23/2025 02:35:00 AM,2,DRIVER,1,2035968,,NISSAN,PATHFINDER,IL,2013,NONE,SPORT UTILITY VEHICLE (SUV),PERSONAL,S,STRAIGHT AHEAD,,,2,,,,,,,,,,Y,,,,,,,,REAR,,,,,,,,,,,,,,,,,,,,,,,,,,,,,,,,,
2134708,6b914641528c0817e120c596b7eacffef2a01133e5d5748a769a08c8890015ca4b8dd47da44820f719a1904d97c0ffeec874c264d6f89472ea452707a1257446,08/23/2025 02:23:00 AM,1,DRIVER,1,2034952,,CHEVROLET,TAHOE,IL,2007,NONE,PASSENGER,PERSONAL,S,PASSING/OVERTAKING,Y,,2,,,,,,,,Y,Y,,,,,,,,,REAR-RIGHT-CORNER,,,,,,,,,,,,,,,,,,,,,,,,,,,,,,,,,
2134709,6b914641528c0817e120c596b7eacffef2a01133e5d5748a769a08c8890015ca4b8dd47da44820f719a1904d97c0ffeec874c264d6f89472ea452707a1257446,08/23/2025 02:23:00 AM,2,DRIVER,,2034955,,TOYOTA,CAMRY,IL,2014,NONE,PASSENGER,PERSONAL,S,STRAIGHT AHEAD,,,1,,,,,,,,,,,Y,Y,,,,,,REAR-LEFT-CORNER,,,,,,,,,,,,,,,,,,,,,,,,,,,,,,,,,
2134706,4360e22a401fdd6c70d02ca683a2a16f0f618b256bb8f642f81c9dba86bb6ad896c2d5807005384806c83e6c1c9bad9d52875ec86d8391ba5b060cebbde31bd7,08/23/2025 02:22:00 AM,1,DRIVER,,2034949,,NISSAN,ROGUE,IL,2017,UNKNOWN,SPORT UTILITY VEHICLE (SUV),PERSONAL,SE,TURNING ON RED,N,,1,,,,,Y,,,,,,,,,,Y,Y,,FRONT,,,,,,,,,,,,,,,,,,,,,,,,,,,,,,,,,
2134707,4360e22a401fdd6c70d02ca683a2a16f0f618b256bb8f642f81c9dba86bb6ad896c2d5807005384806c83e6c1c9bad9d52875ec86d8391ba5b060cebbde31bd7,08/23/2025 02:22:00 AM,2,PARKED,,2034953,,JEEP,GRAND CHEROKEE,IL,1995,UNKNOWN,SPORT UTILITY VEHICLE (SUV),PERSONAL,S,PARKED,,,0,,,,,Y,Y,,,,,,,Y,Y,Y,,,FRONT-RIGHT-CORNER,,,,,,,,,,,,,,,,,,,,,,,,,,,,,,,,,
2134686,7cd023ec2756bf5a06b56cd3c08a7d45f6b6490f78df1f612fb93753ec3c4c1868871084af2d3cdf769d5db267b34d1d5e83db4d94d8958a61aa018eaed13392,08/23/2025 02:20:00 AM,2,DRIVER,1,2034934,N,FORD,F450,IL,2022,NONE,TRUCK - SINGLE UNIT,TOW TRUCK,E,OTHER,,,2,,,,,,,,,Y,,,,,,,,,REAR-RIGHT-CORNER,,,,,,,,,,,,,,,,,,,,,,,,,,,,,,,,,
2134687,7cd023ec2756bf5a06b56cd3c08a7d45f6b6490f78df1f612fb93753ec3c4c1868871084af2d3cdf769d5db267b34d1d5e83db4d94d8958a61aa018eaed13392,08/23/2025 02:20:00 AM,3,PARKED,,2034938,,FORD,EXPLORER,IL,2010,NONE,PASSENGER,UNKNOWN/NA,S,PARKED,,,0,,,,,,,Y,,,,,,,,,,,SIDE-RIGHT,,,,,,,,,,,,,,,,,,,,,,,,,,,,,,,,,
2134688,7cd023ec2756bf5a06b56cd3c08a7d45f6b6490f78df1f612fb93753ec3c4c1868871084af2d3cdf769d5db267b34d1d5e83db4d94d8958a61aa018eaed13392,08/23/2025 02:20:00 AM,4,PARKED,,2034940,,GENERAL MOTORS CORPORATION (GMC),SIERRA,,1998,NONE,PICKUP,UNKNOWN/NA,N,PARKED,,,0,,,,,,,Y,,,,,,,,,,,SIDE-RIGHT,,,,,,,,,,,,,,,,,,,,,,,,,,,,,,,,,
2134692,7cd023ec2756bf5a06b56cd3c08a7d45f6b6490f78df1f612fb93753ec3c4c1868871084af2d3cdf769d5db267b34d1d5e83db4d94d8958a61aa018eaed13392,08/23/2025 02:20:00 AM,1,DRIVER,1,2034929,,CHEVROLET,COBALT,IL,2007,UNKNOWN,PASSENGER,PERSONAL,UNKNOWN,ENTERING TRAFFIC LANE FROM PARKING,N,,2,,,,,,,,,Y,Y,Y,,,,N,Y,,REAR,,,,,,,,,,,,,,,,,,,,,,,,,,,,,,,,,
2134929,7ff32f1498051c58a073f682111304db467a549332e6bbdaf45d53120b36c54986b31b01e569d7c9f11eaba64b4b228a3ff06d8a69445002e3f0c7e21474abd3,08/23/2025 02:20:00 AM,1,DRIVER,,2035166,,UNKNOWN,OTHER (EXPLAIN IN NARRATIVE),,,UNKNOWN,UNKNOWN/NA,UNKNOWN/NA,UNKNOWN,UNKNOWN/NA,,,1,,,,,,,,,,,,,,,,,,UNKNOWN,,,,,,,,,,,,,,,,,,,,,,,,,,,,,,,,,
2134930,7ff32f1498051c58a073f682111304db467a549332e6bbdaf45d53120b36c54986b31b01e569d7c9f11eaba64b4b228a3ff06d8a69445002e3f0c7e21474abd3,08/23/2025 02:20:00 AM,2,PARKED,,2035167,,KIA,OPTIMA / K5,,2024,NONE,PASSENGER,NOT IN USE,UNKNOWN,PARKED,,,0,,,,,,,,,,,,,,,,,,REAR-LEFT-CORNER,,,,,,,,,,,,,,,,,,,,,,,,,,,,,,,,,
2135605,9f866bc438e82a0e41d440b9b0e9edfcd4f5cf61ae29a0c2d7b1d6b7c5835f506d540a9ae7ad9923121fe1cacc020d651ad2930487cae1e9824ffb85fff9a2e3,08/23/2025 02:20:00 AM,1,DRIVER,,2035818,,UNKNOWN,MOTORIZED,,,UNKNOWN,UNKNOWN/NA,UNKNOWN/NA,UNKNOWN,UNKNOWN/NA,,,1,,,,,,,,,,,,,,,,,,UNKNOWN,,,,,,,,,,,,,,,,,,,,,,,,,,,,,,,,,
2135606,9f866bc438e82a0e41d440b9b0e9edfcd4f5cf61ae29a0c2d7b1d6b7c5835f506d540a9ae7ad9923121fe1cacc020d651ad2930487cae1e9824ffb85fff9a2e3,08/23/2025 02:20:00 AM,2,PARKED,,2035821,,CHEVROLET,IMPALA,IL,2019,NONE,PASSENGER,PERSONAL,S,PARKED,,,0,,,,,Y,,,,,,,,,,Y,Y,,FRONT,,,,,,,,,,,,,,,,,,,,,,,,,,,,,,,,,
2134704,c558921385e468f54401babf38d1c611d271264d4b2bff2761f354003e92a0c5171893249cc37f0362e0afaee024aeac0ac5af0e5287de00d6881a7cd4a65864,08/23/2025 02:20:00 AM,1,DRIVER,,2034943,,CHEVROLET,IMPALA,IL,2016,NONE,PASSENGER,PERSONAL,W,BACKING,,,1,,,,,,,,,Y,Y,Y,,,,,,,REAR,,,,,,,,,,,,,,,,,,,,,,,,,,,,,,,,,
2134705,c558921385e468f54401babf38d1c611d271264d4b2bff2761f354003e92a0c5171893249cc37f0362e0afaee024aeac0ac5af0e5287de00d6881a7cd4a65864,08/23/2025 02:20:00 AM,2,PARKED,,2034945,,AUDI,OTHER (EXPLAIN IN NARRATIVE),IL,2023,NONE,PASSENGER,NOT IN USE,W,PARKED,,,0,,,,,Y,,,,,,,,,,Y,Y,,FRONT,,,,,,,,,,,,,,,,,,,,,,,,,,,,,,,,,
2134695,6800eff580bd83724bfa102a626f731645c6ffafa1ddb883cd384ca5cc6ab6331d67fe586a698725ce359c7a12fadff61f84ffaf924b5fc6cff954fbd39643d2,08/23/2025 02:10:00 AM,1,DRIVER,,2034941,,NISSAN,SENTRA,IL,2025,UNKNOWN,PASSENGER,UNKNOWN/NA,SW,BACKING,,,1,,,,,,,,,,,Y,,,,,,N,SIDE-LEFT-REAR,,,,,,,,,,,,,,,,,,,,,,,,,,,,,,,,,
2134696,6800eff580bd83724bfa102a626f731645c6ffafa1ddb883cd384ca5cc6ab6331d67fe586a698725ce359c7a12fadff61f84ffaf924b5fc6cff954fbd39643d2,08/23/2025 02:10:00 AM,2,PARKED,,2034948,,VOLKSWAGEN,TIGUAN,IL,2020,UNKNOWN,PASSENGER,NOT IN USE,UNKNOWN,PARKED,,,0,,,,,Y,,,,,,,,,,,,,FRONT-RIGHT-CORNER,,,,,,,,,,,,,,,,,,,,,,,,,,,,,,,,,
2134699,7c30cffdb3241102e02a57339ec32d33d0c2fad74586836c4930ed7ba0fec21e0eadfccdc7914d31caaabc1643f38976a1556280e2e328c88cf649dfe0478c46,08/23/2025 02:06:00 AM,1,DRIVER,1,2034942,,CHEVROLET,IMPALA,IL,2017,NONE,PASSENGER,PERSONAL,S,TURNING LEFT,Y,,2,,OWNER,ADT & RECOVERY,,N,N,,,,,,,,N,N,N,,FRONT-RIGHT-CORNER,,,,,,,,,,,,,,,,,,,,,,,,,,,,,,,,,
2134700,7c30cffdb3241102e02a57339ec32d33d0c2fad74586836c4930ed7ba0fec21e0eadfccdc7914d31caaabc1643f38976a1556280e2e328c88cf649dfe0478c46,08/23/2025 02:06:00 AM,2,DRIVER,,2034947,,TOYOTA,4RUNNER,IL,2020,NONE,PASSENGER,PERSONAL,N,STRAIGHT AHEAD,,,1,,,,,Y,,,,,,,,,,Y,Y,,FRONT-LEFT-CORNER,,,,,,,,,,,,,,,,,,,,,,,,,,,,,,,,,
2135757,8303ab38ba345c609c5ce35aedeea009792cf10eb4c539050fac41884997e9f611af7a2d4f8cbb3614d6e65a01c4c5e18a903d3581f312277b2b1838a8746a16,08/23/2025 02:02:00 AM,1,DRIVER,,2035961,,TOYOTA,CAMRY,IL,2011,UNKNOWN,PASSENGER,PERSONAL,N,U-TURN,Y,,1,,CITY OF CHICAGO-SS# 055930,,,Y,Y,,,,,,,,Y,Y,Y,,FRONT-LEFT-CORNER,,,,,,,,,,,,,,,,,,,,,,,,,,,,,,,,,
2135758,8303ab38ba345c609c5ce35aedeea009792cf10eb4c539050fac41884997e9f611af7a2d4f8cbb3614d6e65a01c4c5e18a903d3581f312277b2b1838a8746a16,08/23/2025 02:02:00 AM,2,DRIVER,5,2035962,,AUDI,A4,IL,2018,BRAKES,PASSENGER,PERSONAL,N,STRAIGHT AHEAD,Y,,6,,PERSONAL TOW,,,Y,,,,Y,Y,Y,,,,Y,Y,,FRONT,,,,,,,,,,,,,,,,,,,,,,,,,,,,,,,,,
2135759,8303ab38ba345c609c5ce35aedeea009792cf10eb4c539050fac41884997e9f611af7a2d4f8cbb3614d6e65a01c4c5e18a903d3581f312277b2b1838a8746a16,08/23/2025 02:02:00 AM,3,PARKED,,2035963,,TOYOTA,COROLLA,IL,2018,UNKNOWN,PASSENGER,UNKNOWN/NA,N,PARKED,,,0,,,,,,,,,,,,Y,N,Y,Y,,,SIDE-LEFT,,,,,,,,,,,,,,,,,,,,,,,,,,,,,,,,,
2135760,8303ab38ba345c609c5ce35aedeea009792cf10eb4c539050fac41884997e9f611af7a2d4f8cbb3614d6e65a01c4c5e18a903d3581f312277b2b1838a8746a16,08/23/2025 02:02:00 AM,4,PARKED,,2035964,,FORD,EXPLORER,IL,2016,NONE,SPORT UTILITY VEHICLE (SUV),NOT IN USE,SW,PARKED,,,0,,,,,,,,,,,Y,Y,Y,,,,,SIDE-LEFT-REAR,,,,,,,,,,,,,,,,,,,,,,,,,,,,,,,,,
2134927,87a2307675bfeea0da0ed07331e706caea868f871d6237ddfcbf57d68401911a25a7d679da944c6ceb66e2eebd1f6a3d6d8644cccf1ed95a8713e39cf9d49569,08/23/2025 02:00:00 AM,1,DRIVER,,2035165,,CHEVROLET,OTHER (EXPLAIN IN NARRATIVE),IL,2021,UNKNOWN,PASSENGER,UNKNOWN/NA,W,STRAIGHT AHEAD,,,1,,,,,Y,,,,,,,,,,,,,FRONT-RIGHT-CORNER,,,,,,,,,,,,,,,,,,,,,,,,,,,,,,,,,
2134928,87a2307675bfeea0da0ed07331e706caea868f871d6237ddfcbf57d68401911a25a7d679da944c6ceb66e2eebd1f6a3d6d8644cccf1ed95a8713e39cf9d49569,08/23/2025 02:00:00 AM,2,PARKED,,2035169,,FORD,F150,IL,1996,NONE,PICKUP,NOT IN USE,W,PARKED,,,0,,,,,,,,,Y,Y,Y,Y,,,,,,REAR-LEFT-CORNER,,,,,,,,,,,,,,,,,,,,,,,,,,,,,,,,,
2134681,1057ed485a9b78f8d3383c6de67ebbb5ec7b480638df04973142c60092f3683b987b8ce0c2f425f0a72a41d68c3627ec992a8255937804a81fcccb938cecfabb,08/23/2025 01:40:00 AM,1,DRIVER,3,2034932,,DODGE,CHARGER,IL,2020,UNKNOWN,UNKNOWN/NA,PERSONAL,E,STRAIGHT AHEAD,Y,,4,,CITY OF CHICAGO,103RD AND DOTY,,Y,Y,Y,,,,,,,,Y,Y,,FRONT,,,,,,,,,,,,,,,,,,,,,,,,,,,,,,,,,
2134682,1057ed485a9b78f8d3383c6de67ebbb5ec7b480638df04973142c60092f3683b987b8ce0c2f425f0a72a41d68c3627ec992a8255937804a81fcccb938cecfabb,08/23/2025 01:40:00 AM,2,DRIVER,,2034950,,FREIGHTLINER CORPORATION,FREIGHTLINER CORP.,IL,2011,NONE,TRUCK - SINGLE UNIT,COMMERCIAL - MULTI-UNIT,E,STRAIGHT AHEAD,,,1,,,,,,,,,,Y,,,,,,,,REAR,,,,,,,,,,,,,,,,,,,,,,,,,,,,,,,,,