CRASH_UNIT_ID,CRASH_RECORD_ID,CRASH_DATE,UNIT_NO,UNIT_TYPE,NUM_PASSENGERS,VEHICLE_ID,CMRC_VEH_I,MAKE,MODEL,LIC_PLATE_STATE,VEHICLE_YEAR,VEHICLE_DEFECT,VEHICLE_TYPE,VEHICLE_USE,TRAVEL_DIRECTION,MANEUVER,TOWED_I,FIRE_I,OCCUPANT_CNT,EXCEED_SPEED_LIMIT_I,TOWED_BY,TOWED_TO,AREA_00_I,AREA_01_I,AREA_02_I,AREA_03_I,AREA_04_I,AREA_05_I,AREA_06_I,AREA_07_I,AREA_08_I,AREA_09_I,AREA_10_I,AREA_11_I,AREA_12_I,AREA_99_I,FIRST_CONTACT_POINT,CMV_ID,USDOT_NO,CCMC_NO,ILCC_NO,COMMERCIAL_SRC,GVWR,CARRIER_NAME,CARRIER_STATE,CARRIER_CITY,HAZMAT_PLACARDS_I,HAZMAT_NAME,UN_NO,HAZMAT_PRESENT_I,HAZMAT_REPORT_I,HAZMAT_REPORT_NO,MCS_REPORT_I,MCS_REPORT_NO,HAZMAT_VIO_CAUSE_CRASH_I,MCS_VIO_CAUSE_CRASH_I,IDOT_PERMIT_NO,WIDE_LOAD_I,TRAILER1_WIDTH,TRAILER2_WIDTH,TRAILER1_LENGTH,TRAILER2_LENGTH,TOTAL_VEHICLE_LENGTH,AXLE_CNT,VEHICLE_CONFIG,CARGO_BODY_TYPE,LOAD_TYPE,HAZMAT_OUT_OF_SERVICE_I,MCS_OUT_OF_SERVICE_I,HAZMAT_CLASS
2134660,4db07a57db944138783b57d00a30cbcde6190a43bcb857c9c1973bbe248e7c6750a2a6623add2fa0f9d077931568cc567599177b7eb1181d7bf25d8014f5fa7b,08/23/2025 01:36:00 AM,1,DRIVER,,2034899,,UNKNOWN,MOTORIZED,IL,,UNKNOWN,SPORT UTILITY VEHICLE (SUV),UNKNOWN/NA,N,STRAIGHT AHEAD,,,1,,,,,,,,,,,,,,,,,,UNKNOWN,,,,,,,,,,,,,,,,,,,,,,,,,,,,,,,,,
2134665,4db07a57db944138783b57d00a30cbcde6190a43bcb857c9c1973bbe248e7c6750a2a6623add2fa0f9d077931568cc567599177b7eb1181d7bf25d8014f5fa7b,08/23/2025 01:36:00 AM,2,DRIVERLESS,,2034900,,DODGE,CHARGER,IL,2006,UNKNOWN,PASSENGER,PERSONAL,UNKNOWN,PARKED,,,0,,,,,,,,,,,,,,Y,Y,,,FRONT-LEFT-CORNER,,,,,,,,,,,,,,,,,,,,,,,,,,,,,,,,,
2134671,bfaf585aae4a0ba953d001f61d17b243507b7e07d086922e74a15fc8fb8fc7d82cf373209fa85c70fd61f797807e2a3aa863df0fb0047ad1ee0b0db7b8557c98,08/23/2025 01:30:00 AM,1,DRIVER,,2034919,,MITSUBISHI,OTHER (EXPLAIN IN NARRATIVE),IL,1999,UNKNOWN,PASSENGER,PERSONAL,S,STRAIGHT AHEAD,Y,,1,,CPD,POUND 2,,Y,Y,N,,,,,,Y,Y,Y,Y,,FRONT,,,,,,,,,,,,,,,,,,,,,,,,,,,,,,,,,
2134672,bfaf585aae4a0ba953d001f61d17b243507b7e07d086922e74a15fc8fb8fc7d82cf373209fa85c70fd61f797807e2a3aa863df0fb0047ad1ee0b0db7b8557c98,08/23/2025 01:30:00 AM,2,DRIVER,,2034937,,FREIGHTLINER CORPORATION,OTHER (EXPLAIN IN NARRATIVE),IN,2019,NONE,TRACTOR W/ SEMI-TRAILER,COMMERCIAL - MULTI-UNIT,SW,TURNING RIGHT,,,1,,,,,,,,,,,,,,,,,,REAR,,,,,,,,,,,,,,,,,,,,,,,,,,,,,,,,,
2134663,858134ba7f0ecc30275d2bbc437bfaea165257501f7a934000c333b0bf17b9184dbc70a54efba906b7dabc4eec5754a73e4d04b70759301d2ffe4ffd88cec255,08/23/2025 01:11:00 AM,1,DRIVER,,2034912,,GENERAL MOTORS CORPORATION (GMC),SIERRA,IL,1997,UNKNOWN,PICKUP,PERSONAL,N,OTHER,,,1,,,,,,,,,,,,Y,,,,,,SIDE-LEFT-REAR,,,,,,,,,,,,,,,,,,,,,,,,,,,,,,,,,
2134664,858134ba7f0ecc30275d2bbc437bfaea165257501f7a934000c333b0bf17b9184dbc70a54efba906b7dabc4eec5754a73e4d04b70759301d2ffe4ffd88cec255,08/23/2025 01:11:00 AM,2,DRIVER,,2034913,,UNKNOWN,OTHER (EXPLAIN IN NARRATIVE),,,UNKNOWN,SPORT UTILITY VEHICLE (SUV),PERSONAL,N,STRAIGHT AHEAD,,,1,,,,,,,,,,,,,,,,,Y,FRONT-RIGHT-CORNER,,,,,,,,,,,,,,,,,,,,,,,,,,,,,,,,,
2134750,203094200a6a18bef7812ad88f73fa1477f9742c9cdfb9c264cf0a525bf42730e02a2d72c8b2a367d44d284d00aa5f575b42ab1615d09b541346235810bc2f1d,08/23/2025 01:00:00 AM,1,DRIVER,,2034995,,UNKNOWN,OTHER (EXPLAIN IN NARRATIVE),,,UNKNOWN,UNKNOWN/NA,UNKNOWN/NA,UNKNOWN,UNKNOWN/NA,,,1,,,,,,,,,,,,,,,,,,UNKNOWN,,,,,,,,,,,,,,,,,,,,,,,,,,,,,,,,,
2134751,203094200a6a18bef7812ad88f73fa1477f9742c9cdfb9c264cf0a525bf42730e02a2d72c8b2a367d44d284d00aa5f575b42ab1615d09b541346235810bc2f1d,08/23/2025 01:00:00 AM,2,PARKED,,2034998,,CHRYSLER,PACIFICA,SC,2025,NONE,VAN/MINI-VAN,NOT IN USE,N,PARKED,,,0,,,,,,,,,,,,Y,Y,Y,,,,SIDE-LEFT,,,,,,,,,,,,,,,,,,,,,,,,,,,,,,,,,
2134784,fa3ac02dcea2c93e12410ce9303c8daf35540df0089b90b481607dde0d7d72bb402f9a6c0e92005c563acfa8d748259d1062e94ea77c16ea470ec3b7e5195cb6,08/23/2025 01:00:00 AM,1,DRIVER,,2035030,,HYUNDAI,SANTA FE,IL,,NONE,PASSENGER,UNKNOWN/NA,S,BACKING,,,1,,,,,,Y,Y,Y,Y,,,,,,,,,SIDE-RIGHT,,,,,,,,,,,,,,,,,,,,,,,,,,,,,,,,,
2134785,fa3ac02dcea2c93e12410ce9303c8daf35540df0089b90b481607dde0d7d72bb402f9a6c0e92005c563acfa8d748259d1062e94ea77c16ea470ec3b7e5195cb6,08/23/2025 01:00:00 AM,2,PARKED,,2035033,,SUBARU,OUTBACK,IL,2016,NONE,PASSENGER,NOT IN USE,N,PARKED,,,0,,,,,,,,,,,Y,Y,Y,,,,,SIDE-LEFT,,,,,,,,,,,,,,,,,,,,,,,,,,,,,,,,,
2134654,c478e1f960717868fde66b4b719604c1356489c11ea933a934c9f04d2f48a131d0aecf796a47438fb754ee983c3221102c8cf20d142d25be8d46cc1221192027,08/23/2025 12:55:00 AM,1,DRIVER,,2034898,,LINCOLN,OTHER (EXPLAIN IN NARRATIVE),IL,2007,UNKNOWN,PASSENGER,PERSONAL,S,STRAIGHT AHEAD,,,1,,,,,,,,,,,,,,,,,Y,UNKNOWN,,,,,,,,,,,,,,,,,,,,,,,,,,,,,,,,,
2134655,c478e1f960717868fde66b4b719604c1356489c11ea933a934c9f04d2f48a131d0aecf796a47438fb754ee983c3221102c8cf20d142d25be8d46cc1221192027,08/23/2025 12:55:00 AM,2,DRIVER,3,2034917,,DODGE,OTHER (EXPLAIN IN NARRATIVE),IL,2011,NONE,PASSENGER,NOT IN USE,E,STRAIGHT AHEAD,,,4,,,,,Y,Y,,,,,,,,Y,Y,Y,,FRONT,,,,,,,,,,,,,,,,,,,,,,,,,,,,,,,,,
2134651,7701a962f6a0fbd03a961d44bea53f71753f00348d4bfa31b4848c0fba339ae6f68650f0ffa3d8a96874954da14bd61598e77d8a395caec64675aac9327a5e29,08/23/2025 12:44:00 AM,1,DRIVER,,2034902,,PONTIAC,GRAND AM,IL,2004,NONE,PASSENGER,PERSONAL,E,STRAIGHT AHEAD,,,1,,,,,,,,,,,,,,,Y,Y,,FRONT-LEFT-CORNER,,,,,,,,,,,,,,,,,,,,,,,,,,,,,,,,,
2134652,7701a962f6a0fbd03a961d44bea53f71753f00348d4bfa31b4848c0fba339ae6f68650f0ffa3d8a96874954da14bd61598e77d8a395caec64675aac9327a5e29,08/23/2025 12:44:00 AM,2,PARKED,,2034907,,CHEVROLET,EQUINOX,IL,2016,NONE,PASSENGER,NOT IN USE,E,PARKED,,,0,,,,,,,,Y,Y,,,,,,,,,SIDE-RIGHT-REAR,,,,,,,,,,,,,,,,,,,,,,,,,,,,,,,,,
2134653,7701a962f6a0fbd03a961d44bea53f71753f00348d4bfa31b4848c0fba339ae6f68650f0ffa3d8a96874954da14bd61598e77d8a395caec64675aac9327a5e29,08/23/2025 12:44:00 AM,3,PARKED,,2034908,,DODGE,JOURNEY,IL,2019,NONE,PASSENGER,NOT IN USE,E,PARKED,,,0,,,,,,,,,,Y,,,,,,,,REAR,,,,,,,,,,,,,,,,,,,,,,,,,,,,,,,,,
2134666,2e3a329440a1ac0a22b13f1abdc04103de45e0c9b46cb7c16a40cdb41462dfc992e963c2add22cd1d65c1521a0b019ca0e6649b40b47ad7388876381718c4555,08/23/2025 12:35:00 AM,1,DRIVER,,2034906,,FORD,FOCUS,IL,2016,UNKNOWN,PASSENGER,PERSONAL,S,NEGOTIATING A CURVE,Y,,1,,STREETS AND SANITATION,CENTRAL POUND,,,,,,,,,,,Y,Y,Y,,FRONT-LEFT-CORNER,,,,,,,,,,,,,,,,,,,,,,,,,,,,,,,,,
2134656,912adb8582a1dd2ccf1a0b866578f684c5ae7952141230d8cb19fce946f5386f8cc5bac8e049a09823751be0f64e3ec151d769b1a478bffea5faf47580a616da,08/23/2025 12:30:00 AM,1,DRIVER,1,2034903,N,HYUNDAI,SANTA FE,TN,2023,UNKNOWN,PASSENGER,COMMERCIAL - MULTI-UNIT,N,BACKING,Y,,2,,CPD DISTRICT 019,,,,,,,,,,,,,,,,,,,,,,,,,,,,,,,,,,,,,,,,,,,,,,,,,
2134657,912adb8582a1dd2ccf1a0b866578f684c5ae7952141230d8cb19fce946f5386f8cc5bac8e049a09823751be0f64e3ec151d769b1a478bffea5faf47580a616da,08/23/2025 12:30:00 AM,2,PARKED,,2034909,,HYUNDAI,OTHER (EXPLAIN IN NARRATIVE),IL,2018,UNKNOWN,UNKNOWN/NA,UNKNOWN/NA,N,PARKED,,,0,,,,,Y,Y,,,,,,,,,,,,FRONT-RIGHT-CORNER,,,,,,,,,,,,,,,,,,,,,,,,,,,,,,,,,
2134658,912adb8582a1dd2ccf1a0b866578f684c5ae7952141230d8cb19fce946f5386f8cc5bac8e049a09823751be0f64e3ec151d769b1a478bffea5faf47580a616da,08/23/2025 12:30:00 AM,3,PARKED,,2034911,,NISSAN,ROGUE,IL,2022,UNKNOWN,UNKNOWN/NA,UNKNOWN/NA,N,PARKED,,,0,,,,,Y,Y,,,,,,,,,,Y,,FRONT-RIGHT-CORNER,,,,,,,,,,,,,,,,,,,,,,,,,,,,,,,,,
2134659,912adb8582a1dd2ccf1a0b866578f684c5ae7952141230d8cb19fce946f5386f8cc5bac8e049a09823751be0f64e3ec151d769b1a478bffea5faf47580a616da,08/23/2025 12:30:00 AM,4,PARKED,,2034915,,FORD,OTHER (EXPLAIN IN NARRATIVE),IL,2016,UNKNOWN,UNKNOWN/NA,UNKNOWN/NA,UNKNOWN,UNKNOWN/NA,,,0,,,,,Y,,,,,,,,,,Y,Y,,FRONT,,,,,,,,,,,,,,,,,,,,,,,,,,,,,,,,,
2134675,912adb8582a1dd2ccf1a0b866578f684c5ae7952141230d8cb19fce946f5386f8cc5bac8e049a09823751be0f64e3ec151d769b1a478bffea5faf47580a616da,08/23/2025 12:30:00 AM,1,DRIVER,,2034921,,HYUNDAI,SANTA FE,OK,2023,UNKNOWN,UNKNOWN/NA,UNKNOWN/NA,S,STRAIGHT AHEAD,Y,,1,,CPD DISTRICT 019,,,Y,,,,Y,Y,Y,,,,Y,Y,,REAR,,,,,,,,,,,,,,,,,,,,,,,,,,,,,,,,,
2134710,905a8ac6f2d9f6afeeff5b01c63d20f3e530a9f30f82bbbf3479bf64f4a9402010e42dd6ca8fa9010c52770ffedcda53c34046ebd3d6e3d98bf394a94edca2a3,08/23/2025 12:22:00 AM,1,DRIVER,3,2034958,,BMW,5 SERIES,IL,2007,UNKNOWN,PASSENGER,PERSONAL,N,TURNING LEFT,Y,Y,4,,CITY OF CHICAGO,POUND 2,,Y,Y,Y,,,,,,Y,Y,Y,Y,,FRONT-RIGHT-CORNER,,,,,,,,,,,,,,,,,,,,,,,,,,,,,,,,,
2134711,905a8ac6f2d9f6afeeff5b01c63d20f3e530a9f30f82bbbf3479bf64f4a9402010e42dd6ca8fa9010c52770ffedcda53c34046ebd3d6e3d98bf394a94edca2a3,08/23/2025 12:22:00 AM,2,DRIVER,1,2034962,,CHEVROLET,IMPALA,IL,2006,UNKNOWN,PASSENGER,PERSONAL,E,STRAIGHT AHEAD,Y,,2,,PRIVATE TOW,,,,,Y,Y,Y,Y,,,,,,,,REAR-RIGHT-CORNER,,,,,,,,,,,,,,,,,,,,,,,,,,,,,,,,,
2134645,0ccfa252831b46d134c4c9456ec56171a37a58efbdfe2028f29f2f2c1e3d374c4686bf598949d83e419299187eab35653c2cd924e386a893939ff8d75e9d9d4c,08/23/2025 12:21:00 AM,1,DRIVER,,2034890,,BMW,750,,2022,UNKNOWN,PASSENGER,PERSONAL,E,STRAIGHT AHEAD,,,1,,,,,,,,,,,N,,,Y,Y,,,FRONT-LEFT-CORNER,,,,,,,,,,,,,,,,,,,,,,,,,,,,,,,,,
2134646,0ccfa252831b46d134c4c9456ec56171a37a58efbdfe2028f29f2f2c1e3d374c4686bf598949d83e419299187eab35653c2cd924e386a893939ff8d75e9d9d4c,08/23/2025 12:21:00 AM,2,DRIVER,,2034895,,FORD,EXPLORER,IL,2023,UNKNOWN,SPORT UTILITY VEHICLE (SUV),POLICE,E,STRAIGHT AHEAD,,,1,,,,,Y,,,,,,,,,,,Y,,FRONT-RIGHT-CORNER,,,,,,,,,,,,,,,,,,,,,,,,,,,,,,,,,
2134638,eb63eef25bac47e727c046119d76cb093a20b760d099e19224f128b782443b642202bb4f80b1da219867324588eb9b68a9f45dd4a34f92984337dc1424b7bf34,08/23/2025 12:13:00 AM,1,DRIVER,1,2034881,,HYUNDAI,SANTA FE,TN,2023,NONE,PASSENGER,PERSONAL,E,STRAIGHT AHEAD,Y,,2,,,,,Y,Y,,,,,,,,,Y,Y,,FRONT-RIGHT-CORNER,,,,,,,,,,,,,,,,,,,,,,,,,,,,,,,,,
2134639,eb63eef25bac47e727c046119d76cb093a20b760d099e19224f128b782443b642202bb4f80b1da219867324588eb9b68a9f45dd4a34f92984337dc1424b7bf34,08/23/2025 12:13:00 AM,2,PARKED,,2034886,,TOYOTA,RAV4,IL,2021,NONE,PASSENGER,PERSONAL,E,PARKED,,,0,,,,,Y,,,,,,Y,Y,Y,Y,Y,Y,,REAR-LEFT-CORNER,,,,,,,,,,,,,,,,,,,,,,,,,,,,,,,,,
2134640,eb63eef25bac47e727c046119d76cb093a20b760d099e19224f128b782443b642202bb4f80b1da219867324588eb9b68a9f45dd4a34f92984337dc1424b7bf34,08/23/2025 12:13:00 AM,3,PARKED,,2034889,,TOYOTA,PRIUS,IL,2014,NONE,PASSENGER,TAXI/FOR HIRE,E,PARKED,,,0,,,,,,,,,Y,Y,Y,,,,,,,REAR,,,,,,,,,,,,,,,,,,,,,,,,,,,,,,,,,
2134661,c36c6f66590cd84b30976e753232fd0f0ec3db45fefacc1f4bc312a249bf701707e67755b2508809263dfe3c8784be1d83b3d42b9c3df026fa7f37242ca44d3f,08/23/2025 12:05:00 AM,1,DRIVER,,2034916,,UNKNOWN,OTHER (EXPLAIN IN NARRATIVE),IL,,UNKNOWN,UNKNOWN/NA,UNKNOWN/NA,N,UNKNOWN/NA,,,1,,,,,,,,,,,,,,,,,Y,UNKNOWN,,,,,,,,,,,,,,,,,,,,,,,,,,,,,,,,,
2134662,c36c6f66590cd84b30976e753232fd0f0ec3db45fefacc1f4bc312a249bf701707e67755b2508809263dfe3c8784be1d83b3d42b9c3df026fa7f37242ca44d3f,08/23/2025 12:05:00 AM,2,DRIVER,,2034904,,TOYOTA,RAV4,IL,2022,UNKNOWN,PASSENGER,TAXI/FOR HIRE,N,SLOW/STOP IN TRAFFIC,,,1,,,,,Y,Y,,,,,,,,,Y,Y,,FRONT,,,,,,,,,,,,,,,,,,,,,,,,,,,,,,,,,
2137805,41f034d65a9248f046ec51a6c6a5529512fad09dca3a519218f523712673d490d6b131ababea966c72e2fbaf63da76741016b5c11f708e3086e2fca94b55b9da,08/22/2025 11:59:00 PM,1,DRIVER,,2037920,,UNKNOWN,OTHER (EXPLAIN IN NARRATIVE),,,UNKNOWN,UNKNOWN/NA,UNKNOWN/NA,UNKNOWN,UNKNOWN/NA,,,1,,,,,,,,,,,,,,,,,Y,UNKNOWN,,,,,,,,,,,,,,,,,,,,,,,,,,,,,,,,,
2137806,41f034d65a9248f046ec51a6c6a5529512fad09dca3a519218f523712673d490d6b131ababea966c72e2fbaf63da76741016b5c11f708e3086e2fca94b55b9da,08/22/2025 11:59:00 PM,2,PARKED,,2037922,,HYUNDAI,SONATA,WI,2017,UNKNOWN,PASSENGER,NOT IN USE,W,PARKED,,,0,,,,,,,,,,,Y,Y,,,,,,REAR-LEFT-CORNER,,,,,,,,,,,,,,,,,,,,,,,,,,,,,,,,,
2134649,4452828c22a7cb097b1e190ca81627ac9b5f4b6c0d712096e7a1a20febdc71d827058c3f506783eeed897c1574bafdee661d9e0ccbad4bfa1db9a15e52a172cd,08/22/2025 11:45:00 PM,1,DRIVER,,2034901,,GENERAL MOTORS CORPORATION (GMC),SIERRA,IL,2018,UNKNOWN,TRUCK - SINGLE UNIT,PERSONAL,E,TURNING LEFT,,,1,,,,,Y,Y,Y,,,,,,,,,,,FRONT-RIGHT-CORNER,,,,,,,,,,,,,,,,,,,,,,,,,,,,,,,,,
2134650,4452828c22a7cb097b1e190ca81627ac9b5f4b6c0d712096e7a1a20febdc71d827058c3f506783eeed897c1574bafdee661d9e0ccbad4bfa1db9a15e52a172cd,08/22/2025 11:45:00 PM,2,PARKED,,2034896,,TOYOTA,PRIUS,IL,2011,UNKNOWN,PASSENGER,PERSONAL,E,PARKED,,,0,,,,,,,,,,,,,Y,Y,Y,,,SIDE-LEFT-FRONT,,,,,,,,,,,,,,,,,,,,,,,,,,,,,,,,,
2134871,d04cc53b521f56661e070bb2e8530dc1984dc9600620b150131703cb0fcc0b718d873cf36485f330a7c94d2d9d5c166b17163e6d40b5d8a8d61d8bee7e436e0c,08/22/2025 11:45:00 PM,1,DRIVER,,2035110,,UNKNOWN,OTHER (EXPLAIN IN NARRATIVE),,,UNKNOWN,UNKNOWN/NA,UNKNOWN/NA,UNKNOWN,UNKNOWN/NA,,,1,,,,,,,,,,,,,,,,,Y,UNKNOWN,,,,,,,,,,,,,,,,,,,,,,,,,,,,,,,,,
2134872,d04cc53b521f56661e070bb2e8530dc1984dc9600620b150131703cb0fcc0b718d873cf36485f330a7c94d2d9d5c166b17163e6d40b5d8a8d61d8bee7e436e0c,08/22/2025 11:45:00 PM,2,PARKED,,2035114,,MITSUBISHI,OUTLANDER,IL,2024,NONE,SPORT UTILITY VEHICLE (SUV),NOT IN USE,UNKNOWN,PARKED,,,0,,,,,,Y,Y,Y,,,,,,,,,,SIDE-RIGHT,,,,,,,,,,,,,,,,,,,,,,,,,,,,,,,,,
2134627,7c076089d4ea499036dea8bf40561851b045ba3cf1a8012aee643be6731563ef1c04e9a56f877c407938f395ff42aa749cc1d9e21960e1f0dc794128af88d38e,08/22/2025 11:40:00 PM,2,DRIVER,,2034880,,JEEP,COMPASS,IL,2012,NONE,VAN/MINI-VAN,PERSONAL,W,MERGING,,,1,,,,,,,,,Y,Y,,,,,,,,REAR-RIGHT-CORNER,,,,,,,,,,,,,,,,,,,,,,,,,,,,,,,,,
2134628,7c076089d4ea499036dea8bf40561851b045ba3cf1a8012aee643be6731563ef1c04e9a56f877c407938f395ff42aa749cc1d9e21960e1f0dc794128af88d38e,08/22/2025 11:40:00 PM,1,DRIVER,,2034885,,DODGE,CHALLENGER,,2022,NONE,PASSENGER,PERSONAL,W,STRAIGHT AHEAD,,,1,,,,,,,,,,,,,,,,Y,,FRONT,,,,,,,,,,,,,,,,,,,,,,,,,,,,,,,,,
2134689,89d4be9a8150f4b7fbbc4e07c884f1f1c8d0313dde50ab40360c427584e54ed036f8c2c4a768d7daefd0dfc1567593b66f7c431823e84caab86eec90c8325e4c,08/22/2025 11:40:00 PM,1,DRIVER,,2034930,,FORD,ECONOLINE E350,AZ,2013,UNKNOWN,OTHER,UNKNOWN/NA,N,UNKNOWN/NA,Y,,1,,ER Towing,10300 S Doty Rd,,Y,,,,,,,,,,Y,Y,,FRONT,,,,,,,,,,,,,,,,,,,,,,,,,,,,,,,,,
2134690,89d4be9a8150f4b7fbbc4e07c884f1f1c8d0313dde50ab40360c427584e54ed036f8c2c4a768d7daefd0dfc1567593b66f7c431823e84caab86eec90c8325e4c,08/22/2025 11:40:00 PM,2,DRIVER,1,2034933,,VOLKSWAGEN,ATLAS,IL,2019,UNKNOWN,SPORT UTILITY VEHICLE (SUV),RIDESHARE SERVICE,N,UNKNOWN/NA,,,2,,,,,,,,,Y,Y,Y,,,,,,,REAR,,,,,,,,,,,,,,,,,,,,,,,,,,,,,,,,,
2134691,89d4be9a8150f4b7fbbc4e07c884f1f1c8d0313dde50ab40360c427584e54ed036f8c2c4a768d7daefd0dfc1567593b66f7c431823e84caab86eec90c8325e4c,08/22/2025 11:40:00 PM,3,PARKED,,2034936,,ACURA,ILX,IL,2018,UNKNOWN,PASSENGER,PERSONAL,N,OTHER,,,0,,,,,,,,,,,Y,Y,,,,,,SIDE-LEFT-REAR,,,,,,,,,,,,,,,,,,,,,,,,,,,,,,,,,
2134606,ba3811d12ef9993064578af705ccc813e1b43dc8d1e3fe38cca246f94e3a342e8a4225a3d997fa0dc5be6da2386fcd6f2a10dbcd3c92f524bf97778fb2e80a3e,08/22/2025 11:40:00 PM,1,DRIVER,,2034860,,CHEVROLET,TRAX,IL,2016,UNKNOWN,PASSENGER,PERSONAL,E,STRAIGHT AHEAD,Y,,1,,CITY OF CHICAGO,,,Y,Y,,,,,,,,,,Y,,FRONT-RIGHT-CORNER,,,,,,,,,,,,,,,,,,,,,,,,,,,,,,,,,
2134607,ba3811d12ef9993064578af705ccc813e1b43dc8d1e3fe38cca246f94e3a342e8a4225a3d997fa0dc5be6da2386fcd6f2a10dbcd3c92f524bf97778fb2e80a3e,08/22/2025 11:40:00 PM,2,PARKED,,2034866,,CHEVROLET,EQUINOX,IL,2020,UNKNOWN,SPORT UTILITY VEHICLE (SUV),PERSONAL,E,PARKED IN TRAFFIC LANE,,,0,,,,,,,,,,,Y,Y,Y,Y,Y,,,SIDE-LEFT,,,,,,,,,,,,,,,,,,,,,,,,,,,,,,,,,
2134613,ba3811d12ef9993064578af705ccc813e1b43dc8d1e3fe38cca246f94e3a342e8a4225a3d997fa0dc5be6da2386fcd6f2a10dbcd3c92f524bf97778fb2e80a3e,08/22/2025 11:40:00 PM,3,PARKED,,2034863,,CHEVROLET,TRAVERSE,IL,2012,UNKNOWN,SPORT UTILITY VEHICLE (SUV),PERSONAL,E,PARKED IN TRAFFIC LANE,,,0,,,,,,,,,,,Y,Y,Y,,,,,SIDE-LEFT-REAR,,,,,,,,,,,,,,,,,,,,,,,,,,,,,,,,,
2134641,7c9d6e7b2172ae0d3026b793b9596019d990d86c0834ca3f0faa750c0c399179c5b6592cfdec249518b1f3116033bbd71c5ea9ab90449a1abe5d9eba209bfbf0,08/22/2025 11:30:00 PM,1,DRIVER,,2034884,,TOYOTA,OTHER (EXPLAIN IN NARRATIVE),IL,2014,UNKNOWN,SPORT UTILITY VEHICLE (SUV),UNKNOWN/NA,N,STRAIGHT AHEAD,,,1,,,,,,,,,,,,,,,,,Y,UNKNOWN,,,,,,,,,,,,,,,,,,,,,,,,,,,,,,,,,
2134642,7c9d6e7b2172ae0d3026b793b9596019d990d86c0834ca3f0faa750c0c399179c5b6592cfdec249518b1f3116033bbd71c5ea9ab90449a1abe5d9eba209bfbf0,08/22/2025 11:30:00 PM,2,DRIVER,,2034893,,TOYOTA,OTHER (EXPLAIN IN NARRATIVE),IL,2025,NONE,SPORT UTILITY VEHICLE (SUV),PERSONAL,N,STRAIGHT AHEAD,,,1,,,,,Y,,,,,,,,,,Y,Y,,TOTAL (ALL AREAS),,,,,,,,,,,,,,,,,,,,,,,,,,,,,,,,,
2135972,c5f50a9c9ff2d8f88e12d42d508bdbaf8f54a9c088fcdfcbd2a58f029df042e23713614027267be5500448cca78d27fca948b8a9726e456b2a16c944bfcba017,08/22/2025 11:30:00 PM,1,DRIVER,,2036172,,TOYOTA,COROLLA,IL,2015,UNKNOWN,PASSENGER,UNKNOWN/NA,W,TURNING LEFT,,,1,,,,,,,,,,,,,Y,Y,Y,,,FRONT-LEFT-CORNER,,,,,,,,,,,,,,,,,,,,,,,,,,,,,,,,,
2135973,c5f50a9c9ff2d8f88e12d42d508bdbaf8f54a9c088fcdfcbd2a58f029df042e23713614027267be5500448cca78d27fca948b8a9726e456b2a16c944bfcba017,08/22/2025 11:30:00 PM,2,DRIVER,1,2036175,,NISSAN,MURANO,IL,2009,NONE,PASSENGER,UNKNOWN/NA,W,STRAIGHT AHEAD,,,2,,,,,,Y,Y,Y,,,,,,,,,,FRONT-RIGHT-CORNER,,,,,,,,,,,,,,,,,,,,,,,,,,,,,,,,,
2134611,e0785f06001d8ce22c3b6f7b0596f76cbdead856025ee165e37cf0f5fbae709012fca9d12d164d2f85952bdf3f4db65f245c3b8bbbe8a7d1104449cb55a527cf,08/22/2025 11:18:00 PM,1,DRIVER,,2034859,,UNKNOWN,MOTORIZED,,,UNKNOWN,UNKNOWN/NA,UNKNOWN/NA,UNKNOWN,UNKNOWN/NA,,,1,,,,,,,,,,,,,,,,,Y,UNKNOWN,,,,,,,,,,,,,,,,,,,,,,,,,,,,,,,,,
2134612,e0785f06001d8ce22c3b6f7b0596f76cbdead856025ee165e37cf0f5fbae709012fca9d12d164d2f85952bdf3f4db65f245c3b8bbbe8a7d1104449cb55a527cf,08/22/2025 11:18:00 PM,2,PARKED,3,2034861,,FORD,ECONOLINE E450,IL,,NONE,OTHER,AMBULANCE,S,PARKED,,,3,,,,,,,,,,,Y,Y,Y,Y,Y,,,SIDE-LEFT,,,,,,,,,,,,,,,,,,,,,,,,,,,,,,,,,
2134697,fd3b0ac34a67e639f7ee1f473a38d617baf937f35f66ff6b8950984ee941a34c142903c9635fe944254948f04c44c803c317e30f3fc1b40ad0b76f610aedb1a7,08/22/2025 11:15:00 PM,1,DRIVER,,2034944,,HONDA,CIVIC,IL,2020,NONE,PASSENGER,PERSONAL,NW,TURNING LEFT,Y,,1,,UNKNOWN,UNKNOWN,,,Y,Y,Y,,,,,,,,,,SIDE-RIGHT,,,,,,,,,,,,,,,,,,,,,,,,,,,,,,,,,
2134698,fd3b0ac34a67e639f7ee1f473a38d617baf937f35f66ff6b8950984ee941a34c142903c9635fe944254948f04c44c803c317e30f3fc1b40ad0b76f610aedb1a7,08/22/2025 11:15:00 PM,2,DRIVER,,2034956,,GENERAL MOTORS CORPORATION (GMC),ACADIA,IL,2011,NONE,PASSENGER,PERSONAL,W,STRAIGHT AHEAD,Y,,1,,UNKNOWN,UNKNOWN,,Y,,,,,,,,,,Y,Y,,FRONT,,,,,,,,,,,,,,,,,,,,,,,,,,,,,,,,,