CRASH_UNIT_ID,CRASH_RECORD_ID,CRASH_DATE,UNIT_NO,UNIT_TYPE,NUM_PASSENGERS,VEHICLE_ID,CMRC_VEH_I,MAKE,MODEL,LIC_PLATE_STATE,VEHICLE_YEAR,VEHICLE_DEFECT,VEHICLE_TYPE,VEHICLE_USE,TRAVEL_DIRECTION,MANEUVER,TOWED_I,FIRE_I,OCCUPANT_CNT,EXCEED_SPEED_LIMIT_I,TOWED_BY,TOWED_TO,AREA_00_I,AREA_01_I,AREA_02_I,AREA_03_I,AREA_04_I,AREA_05_I,AREA_06_I,AREA_07_I,AREA_08_I,AREA_09_I,AREA_10_I,AREA_11_I,AREA_12_I,AREA_99_I,FIRST_CONTACT_POINT,CMV_ID,USDOT_NO,CCMC_NO,ILCC_NO,COMMERCIAL_SRC,GVWR,CARRIER_NAME,CARRIER_STATE,CARRIER_CITY,HAZMAT_PLACARDS_I,HAZMAT_NAME,UN_NO,HAZMAT_PRESENT_I,HAZMAT_REPORT_I,HAZMAT_REPORT_NO,MCS_REPORT_I,MCS_REPORT_NO,HAZMAT_VIO_CAUSE_CRASH_I,MCS_VIO_CAUSE_CRASH_I,IDOT_PERMIT_NO,WIDE_LOAD_I,TRAILER1_WIDTH,TRAILER2_WIDTH,TRAILER1_LENGTH,TRAILER2_LENGTH,TOTAL_VEHICLE_LENGTH,AXLE_CNT,VEHICLE_CONFIG,CARGO_BODY_TYPE,LOAD_TYPE,HAZMAT_OUT_OF_SERVICE_I,MCS_OUT_OF_SERVICE_I,HAZMAT_CLASS
2134643,c5a3520237f323b5354c5e1267a3672a9983b08af4cd815c8e3e620bca1f8b6565c46fc8088fca9947712d170d1b7dc221a60f8e8ec14c3689b7685f207f5081,08/22/2025 11:05:00 PM,1,DRIVER,,2034891,,ACURA,TLX,IL,2016,UNKNOWN,PASSENGER,PERSONAL,N,STRAIGHT AHEAD,Y,,1,,Allstate,,,Y,,,,,,,,,,Y,Y,,FRONT,,,,,,,,,,,,,,,,,,,,,,,,,,,,,,,,,
2134644,c5a3520237f323b5354c5e1267a3672a9983b08af4cd815c8e3e620bca1f8b6565c46fc8088fca9947712d170d1b7dc221a60f8e8ec14c3689b7685f207f5081,08/22/2025 11:05:00 PM,2,DRIVER,,2034883,,JEEP,CHEROKEE,IL,2022,UNKNOWN,PASSENGER,PERSONAL,N,STRAIGHT AHEAD,Y,,1,,Statefarm Insurance,,,,,,,Y,Y,Y,,,,,,,REAR,,,,,,,,,,,,,,,,,,,,,,,,,,,,,,,,,
2135575,f7d756b885d19afce25a4b6adff5539823b4b4f6e5f0560c9627b19f4e39b43392f1f5c5f00bf100996926d1419ca36e6c292f8132a56c7fe3dc2eceb3922ae8,08/22/2025 11:05:00 PM,1,DRIVER,,2035785,,UNKNOWN,OTHER (EXPLAIN IN NARRATIVE),,,UNKNOWN,PASSENGER,PERSONAL,S,TURNING RIGHT,,,1,,,,,,,,,,,,,,,Y,,Y,FRONT-LEFT-CORNER,,,,,,,,,,,,,,,,,,,,,,,,,,,,,,,,,
2135576,f7d756b885d19afce25a4b6adff5539823b4b4f6e5f0560c9627b19f4e39b43392f1f5c5f00bf100996926d1419ca36e6c292f8132a56c7fe3dc2eceb3922ae8,08/22/2025 11:05:00 PM,2,DRIVER,1,2035792,,TESLA,MODEL S,IL,2017,NONE,PASSENGER,PERSONAL,S,STRAIGHT AHEAD,,,2,,,,,Y,Y,Y,Y,,,,,,,,,,SIDE-RIGHT,,,,,,,,,,,,,,,,,,,,,,,,,,,,,,,,,
2134800,8184a5261bc5b26d35cd0c2d0b77bb774c1f34e19ed36100640ad0bc6a7e02b5bf9a17f508ee126eaeaf36e68682a6a0d9a6710c3b8245394271d323d9c2452d,08/22/2025 11:00:00 PM,1,DRIVER,,2035043,,HONDA,ACCORD,,,UNKNOWN,PASSENGER,PERSONAL,S,OTHER,,,1,,,,,,,,,,,,,,,,Y,,FRONT,,,,,,,,,,,,,,,,,,,,,,,,,,,,,,,,,
2134801,8184a5261bc5b26d35cd0c2d0b77bb774c1f34e19ed36100640ad0bc6a7e02b5bf9a17f508ee126eaeaf36e68682a6a0d9a6710c3b8245394271d323d9c2452d,08/22/2025 11:00:00 PM,2,DRIVER,,2035044,,MERCEDES-BENZ,OTHER (EXPLAIN IN NARRATIVE),IL,2022,UNKNOWN,PASSENGER,UNKNOWN/NA,S,SLOW/STOP IN TRAFFIC,,,1,,,,,,,,,,Y,,,,,,,,REAR,,,,,,,,,,,,,,,,,,,,,,,,,,,,,,,,,
2134727,91b313e6934db8206f1fac5e096fb759346e94a6993b5cbca7c98df6e3a0dce66f37e4f76af273ecb3753a8a568e941f41d12d287f68b3ffeae7d9f09a9a778b,08/22/2025 11:00:00 PM,1,DRIVER,,2034978,,UNKNOWN,MOTORIZED,,,UNKNOWN,UNKNOWN/NA,UNKNOWN/NA,UNKNOWN,UNKNOWN/NA,,,1,,,,,,,,,,,,,,,,,Y,UNKNOWN,,,,,,,,,,,,,,,,,,,,,,,,,,,,,,,,,
2134728,91b313e6934db8206f1fac5e096fb759346e94a6993b5cbca7c98df6e3a0dce66f37e4f76af273ecb3753a8a568e941f41d12d287f68b3ffeae7d9f09a9a778b,08/22/2025 11:00:00 PM,2,PARKED,,2034981,,GENERAL MOTORS CORPORATION (GMC),TERRAIN,IL,2024,NONE,PASSENGER,PERSONAL,S,PARKED,,,0,,,,,,,,,,,,,Y,,,,,SIDE-LEFT,,,,,,,,,,,,,,,,,,,,,,,,,,,,,,,,,
2136860,57f14c36975eda3afb3980c929bc178ce4fc4588f976318cb981126580ff021e1413bcc08c5ae3300f00543e6148fe0a044b0a9095f705119f1ce973188bc3f1,08/22/2025 10:40:00 PM,1,DRIVER,,2037043,,CHEVROLET,CRUZE,IL,2019,UNKNOWN,PASSENGER,UNKNOWN/NA,N,STRAIGHT AHEAD,,,1,,,,,,,,,,,,,,,Y,Y,,TOTAL (ALL AREAS),,,,,,,,,,,,,,,,,,,,,,,,,,,,,,,,,
2136861,57f14c36975eda3afb3980c929bc178ce4fc4588f976318cb981126580ff021e1413bcc08c5ae3300f00543e6148fe0a044b0a9095f705119f1ce973188bc3f1,08/22/2025 10:40:00 PM,2,DRIVER,3,2037024,,FORD,EDGE,IL,2015,UNKNOWN,SPORT UTILITY VEHICLE (SUV),PERSONAL,S,STRAIGHT AHEAD,,,4,,,,,,,Y,Y,Y,,,,,,,,,TOTAL (ALL AREAS),,,,,,,,,,,,,,,,,,,,,,,,,,,,,,,,,
2134600,89e67b5b9e44ecc07e5c552fb47e091231c7798f07140533674507a60acec07bdefec6d4632e8f72e7425f7166f266f4381786ebe107fc7fff69e1c423767b13,08/22/2025 10:40:00 PM,1,DRIVER,,2034850,,TOYOTA,PRIUS,IL,2017,UNKNOWN,PASSENGER,OTHER,E,BACKING,,,1,,,,,,,,,,,Y,Y,,,,,,SIDE-LEFT-REAR,,,,,,,,,,,,,,,,,,,,,,,,,,,,,,,,,
2134601,89e67b5b9e44ecc07e5c552fb47e091231c7798f07140533674507a60acec07bdefec6d4632e8f72e7425f7166f266f4381786ebe107fc7fff69e1c423767b13,08/22/2025 10:40:00 PM,2,PARKED,,2034855,,LEXUS,ES350,IL,2013,UNKNOWN,PASSENGER,PERSONAL,W,PARKED,,,0,,,,,,,,,,,Y,Y,,,,,,SIDE-LEFT-REAR,,,,,,,,,,,,,,,,,,,,,,,,,,,,,,,,,
2134594,a5ac9545fcb52b0d6489c0766f180bc40ba33413e823f544e57e1b7e22c9ebe9ddd697a8680fdb81bb1a0d5966b4becbc9b823752e67e386d54cdedc38f31054,08/22/2025 10:40:00 PM,1,DRIVER,,2034843,,FORD,EXPLORER,IL,2017,NONE,SPORT UTILITY VEHICLE (SUV),POLICE,S,BACKING,,,1,,,,,,,,,,Y,,,,,,,,REAR,,,,,,,,,,,,,,,,,,,,,,,,,,,,,,,,,
2134595,a5ac9545fcb52b0d6489c0766f180bc40ba33413e823f544e57e1b7e22c9ebe9ddd697a8680fdb81bb1a0d5966b4becbc9b823752e67e386d54cdedc38f31054,08/22/2025 10:40:00 PM,2,DRIVER,,2034845,,TESLA,MODEL 3,IL,2020,NONE,PASSENGER,PERSONAL,N,SLOW/STOP IN TRAFFIC,,,1,,,,,,,,,,,,,,,,Y,,FRONT,,,,,,,,,,,,,,,,,,,,,,,,,,,,,,,,,
2134821,9961192cf8c9ab6e1a4a5b0b97fa6430a2c5faedcc8f82a212b66f8426071a023117b3e379244af515471198a82b9f92935622c964637b5fe0881e85e5a5c579,08/22/2025 10:30:00 PM,1,DRIVER,1,2035066,,HONDA,ODYSSEY,IL,2018,UNKNOWN,UNKNOWN/NA,PERSONAL,W,STRAIGHT AHEAD,,,2,,,,,Y,Y,Y,,,,,,,,,,,SIDE-RIGHT,,,,,,,,,,,,,,,,,,,,,,,,,,,,,,,,,
2134822,9961192cf8c9ab6e1a4a5b0b97fa6430a2c5faedcc8f82a212b66f8426071a023117b3e379244af515471198a82b9f92935622c964637b5fe0881e85e5a5c579,08/22/2025 10:30:00 PM,2,PARKED,,2035069,,MAZDA,CX-30,IL,2023,NONE,PASSENGER,NOT IN USE,W,PARKED,,,0,,,,,,,,,,,,Y,Y,Y,,,,SIDE-LEFT,,,,,,,,,,,,,,,,,,,,,,,,,,,,,,,,,
2134602,b83055adf17bc178b9b2dcdfebf3e630b0d0c48527dfc809c17398818f287a52fa8baed766e8b6ad8939bda9571a35f6220fb6dddfe46cf77e1392b5d79bac52,08/22/2025 10:30:00 PM,1,DRIVER,,2034852,,TOYOTA,COROLLA,IL,2011,NONE,PASSENGER,PERSONAL,W,STRAIGHT AHEAD,,,1,,,,,,,,,,,,,,,,Y,,FRONT,,,,,,,,,,,,,,,,,,,,,,,,,,,,,,,,,
2134603,b83055adf17bc178b9b2dcdfebf3e630b0d0c48527dfc809c17398818f287a52fa8baed766e8b6ad8939bda9571a35f6220fb6dddfe46cf77e1392b5d79bac52,08/22/2025 10:30:00 PM,2,DRIVER,,2034853,,CADILLAC,ESCALADE,IL,2008,NONE,SPORT UTILITY VEHICLE (SUV),PERSONAL,W,STRAIGHT AHEAD,,,1,,,,,,,,,,Y,,,,,,,,REAR,,,,,,,,,,,,,,,,,,,,,,,,,,,,,,,,,
2134636,801ce4f7098c8e1bbb08281481be5a147ae0f7f19ab745ea4de686be3a07e86e577e437644a6df161ffd5958bd211ad3e5cf632cf9ca4db4c09c06a2811dfd1d,08/22/2025 10:15:00 PM,1,DRIVER,,2034875,,KIA,TELLURIDE,,2002,NONE,SPORT UTILITY VEHICLE (SUV),PERSONAL,UNKNOWN,STRAIGHT AHEAD,,,1,,,,,,,,,,,,,,,,Y,,FRONT,,,,,,,,,,,,,,,,,,,,,,,,,,,,,,,,,
2134637,801ce4f7098c8e1bbb08281481be5a147ae0f7f19ab745ea4de686be3a07e86e577e437644a6df161ffd5958bd211ad3e5cf632cf9ca4db4c09c06a2811dfd1d,08/22/2025 10:15:00 PM,2,DRIVER,,2034877,,TOYOTA,COROLLA,,2006,NONE,PASSENGER,PERSONAL,UNKNOWN,STRAIGHT AHEAD,,,1,,,,,,Y,Y,,,,,,,,,,,SIDE-RIGHT,,,,,,,,,,,,,,,,,,,,,,,,,,,,,,,,,
2134586,0a1109766b9f98664e22639e3f8376b05432d34c7259ea30b186559fadc9d096a8170709c7569aaeb3c857287460902edde260240d6974960822c3d0102b6be6,08/22/2025 10:02:00 PM,1,DRIVER,,2034833,,FORD,F150,IL,2020,UNKNOWN,TRUCK - SINGLE UNIT,PERSONAL,S,STRAIGHT AHEAD,,,1,,,,,Y,,,,,,,,,,Y,Y,,FRONT,,,,,,,,,,,,,,,,,,,,,,,,,,,,,,,,,
2134587,0a1109766b9f98664e22639e3f8376b05432d34c7259ea30b186559fadc9d096a8170709c7569aaeb3c857287460902edde260240d6974960822c3d0102b6be6,08/22/2025 10:02:00 PM,2,DRIVER,1,2034834,,UNKNOWN,OTHER (EXPLAIN IN NARRATIVE),IL,2020,UNKNOWN,MOPED OR MOTORIZED BICYCLE,PERSONAL,E,STRAIGHT AHEAD,Y,,2,,OTHER,,,,,,,,,,,,,,,,SIDE-RIGHT,,,,,,,,,,,,,,,,,,,,,,,,,,,,,,,,,
2134890,4329643e0dcdfa9a6a3d73d3f6d3fd96722d8db9c35e7ff5b9ac1bd15e27c13b93a0cdfe3d7ddc28e74c2f0e81711510408d67eb20660c4a6ae2303050c80f89,08/22/2025 10:00:00 PM,1,DRIVER,,2035126,,TOYOTA,CAMRY,IL,2007,NONE,PASSENGER,PERSONAL,E,TURNING RIGHT,,,1,,,,,,,,,,,,,,,,,Y,FRONT-RIGHT-CORNER,,,,,,,,,,,,,,,,,,,,,,,,,,,,,,,,,
2134891,4329643e0dcdfa9a6a3d73d3f6d3fd96722d8db9c35e7ff5b9ac1bd15e27c13b93a0cdfe3d7ddc28e74c2f0e81711510408d67eb20660c4a6ae2303050c80f89,08/22/2025 10:00:00 PM,2,BICYCLE,,,,,,,,,,,,,,,,,,,,,,,,,,,,,,,,,,,,,,,,,,,,,,,,,,,,,,,,,,,,,,,,,,
2134588,5aba31002a043e10cead11a1fc2d3ffcae00218dee60fe415648abe80898550d2c58bf3274111fb9b6204523caa0617a06dafb3b3a353e27ec3a03288d422907,08/22/2025 10:00:00 PM,1,DRIVER,,2034835,,JEEP,COMPASS,IL,2017,UNKNOWN,SPORT UTILITY VEHICLE (SUV),PERSONAL,SE,TURNING LEFT,,,1,,,,,,,,,,,,,,,Y,Y,,FRONT-LEFT-CORNER,,,,,,,,,,,,,,,,,,,,,,,,,,,,,,,,,
2134589,5aba31002a043e10cead11a1fc2d3ffcae00218dee60fe415648abe80898550d2c58bf3274111fb9b6204523caa0617a06dafb3b3a353e27ec3a03288d422907,08/22/2025 10:00:00 PM,2,DRIVER,,2034837,,BUICK,ENCORE,,2023,UNKNOWN,SPORT UTILITY VEHICLE (SUV),PERSONAL,E,STRAIGHT AHEAD,,,1,,,,,,,,,,,,Y,Y,Y,,,,SIDE-LEFT,,,,,,,,,,,,,,,,,,,,,,,,,,,,,,,,,
2135123,ca66ebf7b989ebdcf610946c00ae5f5d9f56674cd3bbdb3a1d89983e55bc6e2084c5142dd49a80e02bc23eadc5b256238b1a5cd8691442ebc4d16d4874facc3a,08/22/2025 10:00:00 PM,1,DRIVER,,2035345,,UNKNOWN,OTHER (EXPLAIN IN NARRATIVE),,,UNKNOWN,UNKNOWN/NA,UNKNOWN/NA,UNKNOWN,UNKNOWN/NA,,,1,,,,,,,,,,,,,,,,,Y,UNKNOWN,,,,,,,,,,,,,,,,,,,,,,,,,,,,,,,,,
2135124,ca66ebf7b989ebdcf610946c00ae5f5d9f56674cd3bbdb3a1d89983e55bc6e2084c5142dd49a80e02bc23eadc5b256238b1a5cd8691442ebc4d16d4874facc3a,08/22/2025 10:00:00 PM,2,PARKED,,2035357,,FORD,BRONCO / BRONCO II,MI,2025,UNKNOWN,PASSENGER,UNKNOWN/NA,UNKNOWN,PARKED,,,0,,,,,,,,,,,,,,Y,,,,SIDE-LEFT-FRONT,,,,,,,,,,,,,,,,,,,,,,,,,,,,,,,,,
2134596,131408d9bf80afd1d5ac8b4013db92c5ca2ffbade5095518f97a1160ee37ba8c142c2a181d5ffd7384dcddaf186ebb21f09c93430ab237e5f32dee718fa07df7,08/22/2025 09:50:00 PM,1,DRIVER,,2034847,,HONDA,FIT,IL,2010,UNKNOWN,PASSENGER,UNKNOWN/NA,W,STRAIGHT AHEAD,,,1,,,,,,,,,,,,,,,,Y,,FRONT,,,,,,,,,,,,,,,,,,,,,,,,,,,,,,,,,
2134597,131408d9bf80afd1d5ac8b4013db92c5ca2ffbade5095518f97a1160ee37ba8c142c2a181d5ffd7384dcddaf186ebb21f09c93430ab237e5f32dee718fa07df7,08/22/2025 09:50:00 PM,2,DRIVER,,2034848,,LEXUS,ES300,,,UNKNOWN,PASSENGER,RIDESHARE SERVICE,W,STRAIGHT AHEAD,,,1,,,,,,,,,,Y,,,,,,,,REAR,,,,,,,,,,,,,,,,,,,,,,,,,,,,,,,,,
2134625,b00252bc8f27210141b1f09907540a9a30dbc0a851be6b50eca580af8d8fcac0565397db90625e32b5a178f7a6d764846a5c2839c5401b066213782ff6564a4b,08/22/2025 09:40:00 PM,1,DRIVER,3,2034879,,KIA,OPTIMA / K5,IN,2017,UNKNOWN,PASSENGER,UNKNOWN/NA,N,STRAIGHT AHEAD,Y,,4,,streets and sanitation,103 doty rd,,Y,,,,,,,,,,Y,Y,,FRONT,,,,,,,,,,,,,,,,,,,,,,,,,,,,,,,,,
2134626,b00252bc8f27210141b1f09907540a9a30dbc0a851be6b50eca580af8d8fcac0565397db90625e32b5a178f7a6d764846a5c2839c5401b066213782ff6564a4b,08/22/2025 09:40:00 PM,2,DRIVER,,2034894,,VOLKSWAGEN,ATLAS,IL,2021,NONE,PASSENGER,PERSONAL,E,STRAIGHT AHEAD,,,1,,,,,Y,Y,Y,Y,,,,,,,N,,,SIDE-RIGHT,,,,,,,,,,,,,,,,,,,,,,,,,,,,,,,,,
2136248,259091eaf860d8619b8fb6ec72ce5a639a6c207fe42fd0544560206f2eb22a50f5ace9aaa2f869b703e527eee947da06bbc3228f6b42e23f0df274312f7bd814,08/22/2025 09:30:00 PM,1,DRIVER,,2036438,,GAD-ABOUT TRAILERS,GAD-ABOUT TRAILERS,IL,2004,UNKNOWN,TRUCK - SINGLE UNIT,CONSTRUCTION/MAINTENANCE,S,STRAIGHT AHEAD,,,1,,,,,Y,Y,Y,,,,,,,,,,,SIDE-RIGHT,,,,,,,,,,,,,,,,,,,,,,,,,,,,,,,,,
2136249,259091eaf860d8619b8fb6ec72ce5a639a6c207fe42fd0544560206f2eb22a50f5ace9aaa2f869b703e527eee947da06bbc3228f6b42e23f0df274312f7bd814,08/22/2025 09:30:00 PM,2,DRIVER,,2036462,,NISSAN,ALTIMA,IL,2016,NONE,PASSENGER,PERSONAL,S,STRAIGHT AHEAD,,,1,,,,,,,,,,,,,Y,Y,Y,,,SIDE-LEFT,,,,,,,,,,,,,,,,,,,,,,,,,,,,,,,,,
2134590,e72318303d8778cc0cbda74614c9180ca7ad3bfc78f34d14d527977b84f36654642d70d3d0245278d9dd2b05ed1b8e146af05d9d35f258c5bdef409f9db62530,08/22/2025 09:30:00 PM,1,DRIVER,,2034838,,UNKNOWN,OTHER (EXPLAIN IN NARRATIVE),,,UNKNOWN,PASSENGER,PERSONAL,N,STRAIGHT AHEAD,,,1,,,,,Y,Y,,,,,,,,,,,,FRONT-RIGHT-CORNER,,,,,,,,,,,,,,,,,,,,,,,,,,,,,,,,,
2134591,e72318303d8778cc0cbda74614c9180ca7ad3bfc78f34d14d527977b84f36654642d70d3d0245278d9dd2b05ed1b8e146af05d9d35f258c5bdef409f9db62530,08/22/2025 09:30:00 PM,2,DRIVER,,2034839,,TOYOTA,COROLLA,OH,2024,NONE,PASSENGER,PERSONAL,N,STRAIGHT AHEAD,,,1,,,,,,,,,,,,,,Y,Y,,,FRONT-LEFT-CORNER,,,,,,,,,,,,,,,,,,,,,,,,,,,,,,,,,
2138549,6457bd6fb07cc4362b998da55175b4d0c513f96ed99f381f6720d8021a43fb7a5a0bdf5b88bbf2444ccfdca64c878a6502699daeb52a4c0ef10484fc96ffb0a4,08/22/2025 09:19:00 PM,1,PARKED,,2038620,,JEEP,RENEGADE,IL,2020,UNKNOWN,SPORT UTILITY VEHICLE (SUV),PERSONAL,E,PARKED,,,0,,,,,,,,,,,,,,,,,Y,SIDE-LEFT,,,,,,,,,,,,,,,,,,,,,,,,,,,,,,,,,
2138550,6457bd6fb07cc4362b998da55175b4d0c513f96ed99f381f6720d8021a43fb7a5a0bdf5b88bbf2444ccfdca64c878a6502699daeb52a4c0ef10484fc96ffb0a4,08/22/2025 09:19:00 PM,2,BICYCLE,,,,,,,,,,,,,,,,,,,,,,,,,,,,,,,,,,,,,,,,,,,,,,,,,,,,,,,,,,,,,,,,,,
2134598,6b66f2c23a0810d34ad5dc51db777aeb35b03d3566f265ef140d8e0ff630e5ff7e23753c30f4e4b85420c1e5635db5aadca107d64e0bcba3b2c7620d780024f5,08/22/2025 09:19:00 PM,1,DRIVER,,2034849,,FORD,EXPLORER,IL,2023,NONE,PASSENGER,PERSONAL,E,STRAIGHT AHEAD,Y,,1,,SSN25055828,500 EAST LOWER WACKER,,Y,Y,,,,,,,,,Y,Y,,FRONT,,,,,,,,,,,,,,,,,,,,,,,,,,,,,,,,,
2134599,6b66f2c23a0810d34ad5dc51db777aeb35b03d3566f265ef140d8e0ff630e5ff7e23753c30f4e4b85420c1e5635db5aadca107d64e0bcba3b2c7620d780024f5,08/22/2025 09:19:00 PM,2,DRIVER,1,2034851,,JEEP,WRANGLER,IL,2017,NONE,PASSENGER,PERSONAL,S,STRAIGHT AHEAD,Y,,2,,SSN25055829,500 EAST LOWER WACKER,,Y,Y,Y,,Y,Y,Y,,Y,Y,Y,Y,,SIDE-RIGHT,,,,,,,,,,,,,,,,,,,,,,,,,,,,,,,,,
2134629,0bd636775ec84cba6eea6844fb4d056c0241f1c399041e5a0c4da5283a4586a24c316fc1ec811f0f3c00cc3bfd9c4aff2bfcbb5efd4e3261b16c913c4236dd24,08/22/2025 09:05:00 PM,1,DRIVER,,2034888,,TOYOTA,OTHER (EXPLAIN IN NARRATIVE),IL,2022,NONE,SPORT UTILITY VEHICLE (SUV),PERSONAL,N,STRAIGHT AHEAD,,,1,,,,,Y,,,,,,,,,,Y,Y,,FRONT,,,,,,,,,,,,,,,,,,,,,,,,,,,,,,,,,
2134630,0bd636775ec84cba6eea6844fb4d056c0241f1c399041e5a0c4da5283a4586a24c316fc1ec811f0f3c00cc3bfd9c4aff2bfcbb5efd4e3261b16c913c4236dd24,08/22/2025 09:05:00 PM,2,DRIVER,,2034882,,AUDI,S3,IL,2017,NONE,PASSENGER,PERSONAL,E,STRAIGHT AHEAD,,,1,,,,,,,Y,Y,,,,,,,,,,SIDE-RIGHT,,,,,,,,,,,,,,,,,,,,,,,,,,,,,,,,,
2134561,71c4b8fb6fbbcf44af995970391df7d9db63f4fb43b618e128251cf34c8469e33cfb528469027a9405e62444185bac8e9ac7d33b238682e4202174675d10c58f,08/22/2025 09:00:00 PM,1,DRIVER,,2034815,,KIA,OPTIMA / K5,IL,2020,UNKNOWN,PASSENGER,UNKNOWN/NA,N,STRAIGHT AHEAD,Y,,1,,CITY OF CHICAGO,CITY OF CHICAGO,,,,,,,,,,,,,Y,,FRONT,,,,,,,,,,,,,,,,,,,,,,,,,,,,,,,,,
2134578,e9f2f4f1e5b4f73a34e111e1fe48a41fae9fe8efc71cefca3a710b241c88bfa688163a15cdfcfdfa4d7e3e6ce5df40e92915f18d696fefae699824e66f753034,08/22/2025 08:59:00 PM,1,BICYCLE,,,,,,,,,,,,,,,,,,,,,,,,,,,,,,,,,,,,,,,,,,,,,,,,,,,,,,,,,,,,,,,,,,
2134579,e9f2f4f1e5b4f73a34e111e1fe48a41fae9fe8efc71cefca3a710b241c88bfa688163a15cdfcfdfa4d7e3e6ce5df40e92915f18d696fefae699824e66f753034,08/22/2025 08:59:00 PM,2,DRIVER,,2034828,,TOYOTA,CAMRY,IL,2018,UNKNOWN,PASSENGER,OTHER,E,TURNING RIGHT,,,1,,,,,,Y,Y,,,,,,,,,,,SIDE-RIGHT,,,,,,,,,,,,,,,,,,,,,,,,,,,,,,,,,
2136616,bcb4392f0766f4e5df8719a01ab38766949b239060acb3ceb5d711625c7b6750b0222645118ea1e567abb077c748480b4dc8c9d0921ab7fd6787979a32bbc891,08/22/2025 08:48:00 PM,1,DRIVER,,2036794,,HYUNDAI,ACCENT,IL,2010,UNKNOWN,VAN/MINI-VAN,UNKNOWN/NA,W,PASSING/OVERTAKING,,,1,,,,,,,,,,,,,,,,,Y,SIDE-LEFT,,,,,,,,,,,,,,,,,,,,,,,,,,,,,,,,,
2136617,bcb4392f0766f4e5df8719a01ab38766949b239060acb3ceb5d711625c7b6750b0222645118ea1e567abb077c748480b4dc8c9d0921ab7fd6787979a32bbc891,08/22/2025 08:48:00 PM,2,DRIVER,,2036803,,TOYOTA,CAMRY,IL,2015,NONE,PASSENGER,PERSONAL,W,STRAIGHT AHEAD,,,1,,,,,,Y,Y,Y,,,,,,,,,,SIDE-RIGHT,,,,,,,,,,,,,,,,,,,,,,,,,,,,,,,,,
2139569,c15ce1c59523ad799390ad21d446fac9d2e3d31e8685d0388cf635fb6803ddf8e0148394d85d8a7743ae48ccaf2344d0a0911a32881b44ea5b108f6f3a02cc27,08/22/2025 08:46:00 PM,1,DRIVER,,2039574,,UNKNOWN,OTHER (EXPLAIN IN NARRATIVE),,,NONE,UNKNOWN/NA,UNKNOWN/NA,S,TURNING RIGHT,,,1,,,,,,,,,,,,,,,,,Y,UNKNOWN,,,,,,,,,,,,,,,,,,,,,,,,,,,,,,,,,
2139570,c15ce1c59523ad799390ad21d446fac9d2e3d31e8685d0388cf635fb6803ddf8e0148394d85d8a7743ae48ccaf2344d0a0911a32881b44ea5b108f6f3a02cc27,08/22/2025 08:46:00 PM,2,BICYCLE,,,,,,,,,,,,,,,,,,,,,,,,,,,,,,,,,,,,,,,,,,,,,,,,,,,,,,,,,,,,,,,,,,
2134580,bb16fa470305856915494a64c3a2c5be93417f78b11eb82aed35fb6537abbf6d851597e0c60829b46e9a3246b513c46e684a35a0c3d442a4279412952b489166,08/22/2025 08:44:00 PM,1,DRIVER,,2034829,,TOYOTA,RAV4,IL,2018,UNKNOWN,SPORT UTILITY VEHICLE (SUV),PERSONAL,UNKNOWN,OTHER,,,1,,,,,,,,,,,,,,Y,,,,SIDE-LEFT,,,,,,,,,,,,,,,,,,,,,,,,,,,,,,,,,
2134581,bb16fa470305856915494a64c3a2c5be93417f78b11eb82aed35fb6537abbf6d851597e0c60829b46e9a3246b513c46e684a35a0c3d442a4279412952b489166,08/22/2025 08:44:00 PM,2,BICYCLE,,,,,,,,,,,,,,,,,,,,,,,,,,,,,,,,,,,,,,,,,,,,,,,,,,,,,,,,,,,,,,,,,,
2134582,84eeda9b48eea685fd15a6d30a47ccbf21bc630f4751b26c90891592b1c8a89463b4465fa4d5c12415f431cb3ad7c59d2460f6d80bf6d9326e9d4d4302133f4c,08/22/2025 08:40:00 PM,1,DRIVER,,2034827,,CHEVROLET,SILVERADO,MT,2022,UNKNOWN,PICKUP,OTHER,N,TURNING RIGHT,,,1,,,,,,,Y,Y,Y,,,,,,,,,SIDE-RIGHT-REAR,,,,,,,,,,,,,,,,,,,,,,,,,,,,,,,,,
2134583,84eeda9b48eea685fd15a6d30a47ccbf21bc630f4751b26c90891592b1c8a89463b4465fa4d5c12415f431cb3ad7c59d2460f6d80bf6d9326e9d4d4302133f4c,08/22/2025 08:40:00 PM,2,PARKED,,2034836,N,DODGE,RAM 1500 PU,IL,2020,UNKNOWN,PICKUP,OTHER,E,PARKED,,,0,,,,,,,,,,,Y,Y,,,,,,SIDE-LEFT-REAR,,,,,,,,,,,,,,,,,,,,,,,,,,,,,,,,,
2134564,bcc9efa0811798dd500ae30538ea414aa528b3e55d4c4ec823fd47eb214259a6d41cfe0be9eefa911380d4b4b1bb011b12386f5f1ae282931862a217fa9a9baa,08/22/2025 08:35:00 PM,1,DRIVER,,2034842,,CHEVROLET,OTHER (EXPLAIN IN NARRATIVE),CA,2024,UNKNOWN,PASSENGER,UNKNOWN/NA,N,BACKING,,,1,,,,,,,,,,,Y,,,,,,,REAR-LEFT-CORNER,,,,,,,,,,,,,,,,,,,,,,,,,,,,,,,,,