CRASH_UNIT_ID,CRASH_RECORD_ID,CRASH_DATE,UNIT_NO,UNIT_TYPE,NUM_PASSENGERS,VEHICLE_ID,CMRC_VEH_I,MAKE,MODEL,LIC_PLATE_STATE,VEHICLE_YEAR,VEHICLE_DEFECT,VEHICLE_TYPE,VEHICLE_USE,TRAVEL_DIRECTION,MANEUVER,TOWED_I,FIRE_I,OCCUPANT_CNT,EXCEED_SPEED_LIMIT_I,TOWED_BY,TOWED_TO,AREA_00_I,AREA_01_I,AREA_02_I,AREA_03_I,AREA_04_I,AREA_05_I,AREA_06_I,AREA_07_I,AREA_08_I,AREA_09_I,AREA_10_I,AREA_11_I,AREA_12_I,AREA_99_I,FIRST_CONTACT_POINT,CMV_ID,USDOT_NO,CCMC_NO,ILCC_NO,COMMERCIAL_SRC,GVWR,CARRIER_NAME,CARRIER_STATE,CARRIER_CITY,HAZMAT_PLACARDS_I,HAZMAT_NAME,UN_NO,HAZMAT_PRESENT_I,HAZMAT_REPORT_I,HAZMAT_REPORT_NO,MCS_REPORT_I,MCS_REPORT_NO,HAZMAT_VIO_CAUSE_CRASH_I,MCS_VIO_CAUSE_CRASH_I,IDOT_PERMIT_NO,WIDE_LOAD_I,TRAILER1_WIDTH,TRAILER2_WIDTH,TRAILER1_LENGTH,TRAILER2_LENGTH,TOTAL_VEHICLE_LENGTH,AXLE_CNT,VEHICLE_CONFIG,CARGO_BODY_TYPE,LOAD_TYPE,HAZMAT_OUT_OF_SERVICE_I,MCS_OUT_OF_SERVICE_I,HAZMAT_CLASS
2134565,bcc9efa0811798dd500ae30538ea414aa528b3e55d4c4ec823fd47eb214259a6d41cfe0be9eefa911380d4b4b1bb011b12386f5f1ae282931862a217fa9a9baa,08/22/2025 08:35:00 PM,2,DRIVER,,2034846,,CHEVROLET,TAHOE,IL,2015,UNKNOWN,SPORT UTILITY VEHICLE (SUV),UNKNOWN/NA,N,OTHER,,,1,,,,,,,,,,,,,,Y,Y,,,SIDE-LEFT-FRONT,,,,,,,,,,,,,,,,,,,,,,,,,,,,,,,,,
2134568,2bac93dea187c2902f3ae06471e6549bbdf68d4e1dabb9c42aa90b563fd50d6c0f2b71525bd8525894c39d6f18b35f45bed0b195eacaf82aecad03a8af12a513,08/22/2025 08:30:00 PM,1,DRIVER,,2034821,,HYUNDAI,ELANTRA,IL,,UNKNOWN,PASSENGER,UNKNOWN/NA,NW,CHANGING LANES,,,1,,,,,Y,,,,,,,,,,,,,FRONT-RIGHT-CORNER,,,,,,,,,,,,,,,,,,,,,,,,,,,,,,,,,
2134569,2bac93dea187c2902f3ae06471e6549bbdf68d4e1dabb9c42aa90b563fd50d6c0f2b71525bd8525894c39d6f18b35f45bed0b195eacaf82aecad03a8af12a513,08/22/2025 08:30:00 PM,2,DRIVER,,2034819,,TOYOTA,CAMRY,IL,,UNKNOWN,PASSENGER,RIDESHARE SERVICE,NW,STRAIGHT AHEAD,,,1,,,,,,,,,,,Y,Y,Y,,,,,SIDE-RIGHT-REAR,,,,,,,,,,,,,,,,,,,,,,,,,,,,,,,,,
2134559,fd9c728db5d9d831548241012342ddca8f32ef8a8604ee229e03c02591dafef2ac8ffb1a215ddd42e184a0de7c50d564425b1677201b5bfff1e5b8f5c11ffa83,08/22/2025 08:30:00 PM,1,DRIVER,,2034813,,CADILLAC,CTS,IL,2013,NONE,PASSENGER,PERSONAL,NE,OTHER,,,1,,,,,,,,,,N,Y,Y,Y,,,,,SIDE-LEFT,,,,,,,,,,,,,,,,,,,,,,,,,,,,,,,,,
2134560,fd9c728db5d9d831548241012342ddca8f32ef8a8604ee229e03c02591dafef2ac8ffb1a215ddd42e184a0de7c50d564425b1677201b5bfff1e5b8f5c11ffa83,08/22/2025 08:30:00 PM,2,DRIVER,,2034816,,KIA,TELLURIDE,IL,2024,NONE,SPORT UTILITY VEHICLE (SUV),PERSONAL,NE,OTHER,,,1,,,,,Y,Y,,,,,,,,,,,,SIDE-RIGHT,,,,,,,,,,,,,,,,,,,,,,,,,,,,,,,,,
2134693,1f703dd546997f4a540ce40343eaf7f3d189b518701a53f370b5e0a27f8a271b15d1d842763833a99ae2388cb23141a91bef0538394ea3b4f6ee2ea699455195,08/22/2025 08:25:00 PM,1,DRIVER,,2034935,,JEEP,CHEROKEE,IL,,UNKNOWN,PASSENGER,UNKNOWN/NA,SE,PASSING/OVERTAKING,,,1,,,,,,,,,,,,,Y,Y,Y,N,,SIDE-LEFT-FRONT,,,,,,,,,,,,,,,,,,,,,,,,,,,,,,,,,
2134694,1f703dd546997f4a540ce40343eaf7f3d189b518701a53f370b5e0a27f8a271b15d1d842763833a99ae2388cb23141a91bef0538394ea3b4f6ee2ea699455195,08/22/2025 08:25:00 PM,2,DRIVER,,2034939,,MITSUBISHI,OUTLANDER,IL,2022,NONE,PASSENGER,PERSONAL,SE,TURNING RIGHT,,,1,,,,,Y,Y,Y,,,,,,,,,,,SIDE-RIGHT,,,,,,,,,,,,,,,,,,,,,,,,,,,,,,,,,
2136079,bc8f31f545cbfe1730c065c539932194f7517376d6fe2161ef61dca94dfceb54976f8fed60e4cb8fe1077c1083e0d1475e9dcfe31cf9b08acb52c0e935029302,08/22/2025 08:13:00 PM,1,DRIVER,,2036280,,JEEP,COMPASS,IL,2015,UNKNOWN,PASSENGER,UNKNOWN/NA,W,STRAIGHT AHEAD,,,1,,,,,,,,,,,,,,,,Y,,FRONT,,,,,,,,,,,,,,,,,,,,,,,,,,,,,,,,,
2136080,bc8f31f545cbfe1730c065c539932194f7517376d6fe2161ef61dca94dfceb54976f8fed60e4cb8fe1077c1083e0d1475e9dcfe31cf9b08acb52c0e935029302,08/22/2025 08:13:00 PM,2,DRIVER,,2036282,,NISSAN,ROGUE,IL,2021,NONE,PASSENGER,PERSONAL,W,OTHER,,,1,,,,,,,,,Y,Y,Y,,,,,,,REAR,,,,,,,,,,,,,,,,,,,,,,,,,,,,,,,,,
2134570,4f9698bce9d1d8e516150ae4f28e09d1cb6527736baa04db6562fc28cc2b47060b5c555cde673fb5fa051841fa82165721fc6b1e8ea920a8c0937babf2e5dda0,08/22/2025 08:10:00 PM,1,DRIVER,1,2034825,,CHEVROLET,BOLT,FL,2023,UNKNOWN,PASSENGER,PERSONAL,N,TURNING LEFT,Y,,2,,HERTZ,,,,,,,,,,,,,Y,,,FRONT-LEFT-CORNER,,,,,,,,,,,,,,,,,,,,,,,,,,,,,,,,,
2134571,4f9698bce9d1d8e516150ae4f28e09d1cb6527736baa04db6562fc28cc2b47060b5c555cde673fb5fa051841fa82165721fc6b1e8ea920a8c0937babf2e5dda0,08/22/2025 08:10:00 PM,2,DRIVER,1,2034832,,HONDA,PILOT,IL,2008,UNKNOWN,SPORT UTILITY VEHICLE (SUV),PERSONAL,E,STRAIGHT AHEAD,,,2,,,,,N,,,,,,,,,,Y,Y,,FRONT,,,,,,,,,,,,,,,,,,,,,,,,,,,,,,,,,
2134608,a7495771c4f82335c1f2a42c6efe366d2708f40e2f449a4e214d97418727c0169da7f01bfdc7b7d93ea091b623a9fa432c89184ca6ddfcac85db116a19711891,08/22/2025 08:07:00 PM,1,DRIVER,,2034862,,HONDA,INSIGHT,IL,2010,NONE,PASSENGER,PERSONAL,S,STRAIGHT AHEAD,,,1,,,,,Y,,,,,,,,,,Y,Y,,FRONT,,,,,,,,,,,,,,,,,,,,,,,,,,,,,,,,,
2134609,a7495771c4f82335c1f2a42c6efe366d2708f40e2f449a4e214d97418727c0169da7f01bfdc7b7d93ea091b623a9fa432c89184ca6ddfcac85db116a19711891,08/22/2025 08:07:00 PM,2,DRIVER,,2034858,,CHEVROLET,SUBURBAN,IL,2019,NONE,PASSENGER,PERSONAL,S,STRAIGHT AHEAD,,,1,,,,,,,,,Y,Y,Y,,,,,,,REAR,,,,,,,,,,,,,,,,,,,,,,,,,,,,,,,,,
2134584,aaa2a31c3582f9efba2ab790fc6c32427ee24bb2e14a0797e460669f63764ae432444dc35fe09b5371cd09dd3f44c0469fbf21c31b2e34ff6c4d5a2dde05e167,08/22/2025 07:50:00 PM,1,DRIVER,,2034830,,TOYOTA,COROLLA,IL,2018,NONE,PASSENGER,PERSONAL,N,STRAIGHT AHEAD,Y,,1,,PRIVATE COMPANY,,,Y,,,,,,,,,,Y,Y,,FRONT,,,,,,,,,,,,,,,,,,,,,,,,,,,,,,,,,
2134585,aaa2a31c3582f9efba2ab790fc6c32427ee24bb2e14a0797e460669f63764ae432444dc35fe09b5371cd09dd3f44c0469fbf21c31b2e34ff6c4d5a2dde05e167,08/22/2025 07:50:00 PM,2,DRIVER,2,2034831,,TOYOTA,RAV4,IL,2019,NONE,SPORT UTILITY VEHICLE (SUV),RIDESHARE SERVICE,W,STRAIGHT AHEAD,Y,,3,,CITY OF CHICAGO,POUND 6,,,,,,,,,,,Y,Y,,,FRONT-LEFT-CORNER,,,,,,,,,,,,,,,,,,,,,,,,,,,,,,,,,
2134519,b3fb62d5ca23f483ecd06491afeae5d8edb921cf56453eea11c4f49056a6f3f0261e29c286bf2fdedab92659c66cf2f262bec534034cf556300dc4676ed8db3b,08/22/2025 07:45:00 PM,1,DRIVER,1,2034769,,FORD,EXPLORER,IL,2024,NONE,PASSENGER,POLICE,S,STRAIGHT AHEAD,,,2,,,,,,,,,Y,Y,Y,,,,,,,REAR,,,,,,,,,,,,,,,,,,,,,,,,,,,,,,,,,
2134520,b3fb62d5ca23f483ecd06491afeae5d8edb921cf56453eea11c4f49056a6f3f0261e29c286bf2fdedab92659c66cf2f262bec534034cf556300dc4676ed8db3b,08/22/2025 07:45:00 PM,2,PARKED,,2034775,,MERCEDES-BENZ,OTHER (EXPLAIN IN NARRATIVE),IL,2017,NONE,PASSENGER,PERSONAL,N,PARKED,,,0,,,,,,,,,,,,,,,,Y,,FRONT,,,,,,,,,,,,,,,,,,,,,,,,,,,,,,,,,
2136328,03ea31ab9bbf7a4a334003e511e1319e5ccd649b32f62855b10d467734d198e77bd5519e5d46649429e2eb572fd17cbfd80618852bbc26b9952f7c6a97b60f90,08/22/2025 07:30:00 PM,1,DRIVER,,2036992,,ACURA,ILX,IL,2025,NONE,PASSENGER,PERSONAL,W,STRAIGHT AHEAD,,,1,,,,,Y,,,,,,,,,,,Y,,FRONT,,,,,,,,,,,,,,,,,,,,,,,,,,,,,,,,,
2136329,03ea31ab9bbf7a4a334003e511e1319e5ccd649b32f62855b10d467734d198e77bd5519e5d46649429e2eb572fd17cbfd80618852bbc26b9952f7c6a97b60f90,08/22/2025 07:30:00 PM,2,DRIVER,,2036993,,FORD,F150,IL,2013,NONE,PASSENGER,PERSONAL,S,STRAIGHT AHEAD,,,1,,,,,,,,,Y,,,,,,,,,REAR-RIGHT-CORNER,,,,,,,,,,,,,,,,,,,,,,,,,,,,,,,,,
2135782,2c52f296f75ef7631b305e525915aa30a35ef0c26f7426cbb8843e70e9dc681e6b7ec86d00bb8b3362a0bebe0e2d2a226b789ff84bd178bdc870563edeb9c603,08/22/2025 07:30:00 PM,1,DRIVER,,2036000,,JEEP,COMPASS,IL,2014,NONE,SPORT UTILITY VEHICLE (SUV),PERSONAL,S,STRAIGHT AHEAD,,,1,,,,,Y,,,,,,,,,,Y,Y,,FRONT,,,,,,,,,,,,,,,,,,,,,,,,,,,,,,,,,
2135783,2c52f296f75ef7631b305e525915aa30a35ef0c26f7426cbb8843e70e9dc681e6b7ec86d00bb8b3362a0bebe0e2d2a226b789ff84bd178bdc870563edeb9c603,08/22/2025 07:30:00 PM,2,DRIVER,,2035988,,LINCOLN,OTHER (EXPLAIN IN NARRATIVE),FL,2006,NONE,PICKUP,PERSONAL,S,SLOW/STOP IN TRAFFIC,,,1,,,,,,,,,Y,Y,Y,,,,,,,REAR,,,,,,,,,,,,,,,,,,,,,,,,,,,,,,,,,
2135102,6fa5a0e20ecd84966cdf07a2bf5423933d6b5d903a24f470052598c8bf519c05dd7b6e288859171b6b3a38079e51c2005de24370f39c82a16c4cc3203e2040b2,08/22/2025 07:30:00 PM,1,DRIVER,,2035325,,CHEVROLET,EQUINOX,IL,2021,UNKNOWN,PASSENGER,UNKNOWN/NA,N,STARTING IN TRAFFIC,,,1,,,,,,,,,,,,,,,Y,,,FRONT-LEFT-CORNER,,,,,,,,,,,,,,,,,,,,,,,,,,,,,,,,,
2135103,6fa5a0e20ecd84966cdf07a2bf5423933d6b5d903a24f470052598c8bf519c05dd7b6e288859171b6b3a38079e51c2005de24370f39c82a16c4cc3203e2040b2,08/22/2025 07:30:00 PM,2,DRIVER,,2035331,,NISSAN,ALTIMA,IL,2014,UNKNOWN,PASSENGER,PERSONAL,N,TURNING LEFT,,,1,,,,,,,,Y,,,,,,,,,,SIDE-RIGHT-REAR,,,,,,,,,,,,,,,,,,,,,,,,,,,,,,,,,
2134545,c8664aa7b29ab746bcddb45cabf66bace0683791c42aca2e2ea871fa67010c129225d0b506e5e70cbb45f0cf72f71fefdd92126b60b9a69b0f5d882495b86a7b,08/22/2025 07:27:00 PM,1,DRIVER,1,2034798,,TOYOTA,HIGHLANDER,IL,2019,NONE,PASSENGER,PERSONAL,E,STRAIGHT AHEAD,Y,,2,,CITY OF CHICAGO,CITY POUND,,,,,,,,,,,,,,,NONE,,,,,,,,,,,,,,,,,,,,,,,,,,,,,,,,,
2134546,c8664aa7b29ab746bcddb45cabf66bace0683791c42aca2e2ea871fa67010c129225d0b506e5e70cbb45f0cf72f71fefdd92126b60b9a69b0f5d882495b86a7b,08/22/2025 07:27:00 PM,2,DRIVER,1,2034802,,FORD,EXPLORER,,,NONE,SPORT UTILITY VEHICLE (SUV),POLICE,E,STRAIGHT AHEAD,,,2,,,,,Y,Y,,,,,,,,,,Y,,FRONT-RIGHT-CORNER,,,,,,,,,,,,,,,,,,,,,,,,,,,,,,,,,
2134547,c8664aa7b29ab746bcddb45cabf66bace0683791c42aca2e2ea871fa67010c129225d0b506e5e70cbb45f0cf72f71fefdd92126b60b9a69b0f5d882495b86a7b,08/22/2025 07:27:00 PM,3,PARKED,,2034806,,HYUNDAI,SONATA,IL,2007,UNKNOWN,PASSENGER,PERSONAL,N,STRAIGHT AHEAD,,,0,,,,,,,,,,,Y,Y,Y,,,,,REAR-LEFT-CORNER,,,,,,,,,,,,,,,,,,,,,,,,,,,,,,,,,
2134529,db06ed5219378bf9cb49a18c5d033e852682a4877241c1e0c71a1b56b47bdfde23603ea714bf483927d680b621116563a028726223f8de10fff03426a36699a3,08/22/2025 07:25:00 PM,1,DRIVER,,2034807,,TOYOTA,COROLLA,CA,2014,UNKNOWN,PASSENGER,PERSONAL,S,TURNING LEFT,Y,,1,,,,,Y,Y,,,,,,,,,,Y,,REAR-RIGHT-CORNER,,,,,,,,,,,,,,,,,,,,,,,,,,,,,,,,,
2134530,db06ed5219378bf9cb49a18c5d033e852682a4877241c1e0c71a1b56b47bdfde23603ea714bf483927d680b621116563a028726223f8de10fff03426a36699a3,08/22/2025 07:25:00 PM,2,DRIVER,2,2034809,,FORD,ESCAPE,IL,2013,UNKNOWN,PASSENGER,PERSONAL,E,STRAIGHT AHEAD,Y,,3,,,,,,,,,,,,,,Y,Y,Y,,FRONT-LEFT-CORNER,,,,,,,,,,,,,,,,,,,,,,,,,,,,,,,,,
2134543,d81651b1a82f0529f74446fceed5a19bb8ad31385f0dbddc3882b6eb2410b0f3c424e7b0452da0969abfa4931e74ceeb860b0f6aa00aa248edbe9b36b2b0e98f,08/22/2025 07:20:00 PM,1,DRIVER,,2034795,,TOYOTA,CAMRY,IL,2008,UNKNOWN,PASSENGER,PERSONAL,S,STRAIGHT AHEAD,Y,,1,,PERSONAL TOW,HOME,,Y,Y,,,,,,,,Y,Y,Y,,FRONT,,,,,,,,,,,,,,,,,,,,,,,,,,,,,,,,,
2134544,d81651b1a82f0529f74446fceed5a19bb8ad31385f0dbddc3882b6eb2410b0f3c424e7b0452da0969abfa4931e74ceeb860b0f6aa00aa248edbe9b36b2b0e98f,08/22/2025 07:20:00 PM,2,DRIVER,,2034800,,MAZDA,CX-30,IL,2022,NONE,PASSENGER,PERSONAL,S,STRAIGHT AHEAD,Y,,1,,PERSONAL TOW,HOME,,,,,,Y,Y,Y,,,,,,,REAR,,,,,,,,,,,,,,,,,,,,,,,,,,,,,,,,,
2134521,7aef5415b8f2934f2c0b1f603f9129817e68926287e62dde67841247fcc74155689cca0317404e76fec3c98556e0a886a62c58c6a373074ee3a4e5b52edc0c3b,08/22/2025 07:13:00 PM,1,DRIVER,,2034772,,KIA,RIO / K2,IL,2012,NONE,PASSENGER,PERSONAL,E,STRAIGHT AHEAD,,,1,,,,,Y,,,,,,,,,,Y,Y,,FRONT,,,,,,,,,,,,,,,,,,,,,,,,,,,,,,,,,
2134522,7aef5415b8f2934f2c0b1f603f9129817e68926287e62dde67841247fcc74155689cca0317404e76fec3c98556e0a886a62c58c6a373074ee3a4e5b52edc0c3b,08/22/2025 07:13:00 PM,2,DRIVER,2,2034778,,NISSAN,MURANO,IL,2017,NONE,PASSENGER,PERSONAL,E,STRAIGHT AHEAD,,,3,,,,,,,,,Y,Y,Y,,,,,,,REAR,,,,,,,,,,,,,,,,,,,,,,,,,,,,,,,,,
2134554,a0eb636c25afa8cdbdd35c438c308dde356825fc113e7462c1447e71f2b526105ae20ce8cf06337e1c3e46f17a448827712c27b8fbb6a7d3c40a665719a89f0c,08/22/2025 07:05:00 PM,1,DRIVER,,2034803,,MITSUBISHI,OUTLANDER,IL,2017,NONE,PICKUP,PERSONAL,E,STRAIGHT AHEAD,,,1,,,,,Y,Y,,,,,,,,Y,Y,Y,,FRONT,,,,,,,,,,,,,,,,,,,,,,,,,,,,,,,,,
2134555,a0eb636c25afa8cdbdd35c438c308dde356825fc113e7462c1447e71f2b526105ae20ce8cf06337e1c3e46f17a448827712c27b8fbb6a7d3c40a665719a89f0c,08/22/2025 07:05:00 PM,2,DRIVER,,2034808,,MAZDA,CX-5,IL,2020,NONE,PASSENGER,PERSONAL,S,STRAIGHT AHEAD,,,1,,,,,Y,Y,Y,Y,Y,,,,,,,Y,,SIDE-RIGHT,,,,,,,,,,,,,,,,,,,,,,,,,,,,,,,,,
2134972,ab047532683923b2efcf4c5ae5cff283cded4dcd5401999ee4f1108671cc650862369627454273d66a217d43cd56c7a84418b2239c1436ae4c75f2aea3a7e595,08/22/2025 07:05:00 PM,1,DRIVER,,2035201,,TOYOTA,COROLLA,IL,2022,NONE,PASSENGER,PERSONAL,NW,AVOIDING VEHICLES/OBJECTS,,,1,,,,,,,,,,,,,,,Y,Y,,FRONT,,,,,,,,,,,,,,,,,,,,,,,,,,,,,,,,,
2134973,ab047532683923b2efcf4c5ae5cff283cded4dcd5401999ee4f1108671cc650862369627454273d66a217d43cd56c7a84418b2239c1436ae4c75f2aea3a7e595,08/22/2025 07:05:00 PM,2,DRIVER,,2035208,,NISSAN,KICKS,IL,2019,NONE,PASSENGER,PERSONAL,W,SLOW/STOP IN TRAFFIC,,,1,,,,,,,,Y,Y,Y,,,,,,,,REAR,,,,,,,,,,,,,,,,,,,,,,,,,,,,,,,,,
2134633,4f93f2541940f5a93e073d383f708e4d05270507f0758609888888da6c9ca9285f9a3af78807062c1e2f25df454358274b5582ed148ff3b659974685a7d40558,08/22/2025 07:00:00 PM,1,DRIVER,,2034878,,TOYOTA,PRIUS,IL,,NONE,PASSENGER,TAXI/FOR HIRE,N,STRAIGHT AHEAD,,,1,,,,,,,,,,,,Y,Y,Y,Y,,,SIDE-LEFT,,,,,,,,,,,,,,,,,,,,,,,,,,,,,,,,,
2134634,4f93f2541940f5a93e073d383f708e4d05270507f0758609888888da6c9ca9285f9a3af78807062c1e2f25df454358274b5582ed148ff3b659974685a7d40558,08/22/2025 07:00:00 PM,2,DRIVER,,2034887,,FORD,300 SERIES,IL,,NONE,PASSENGER,PERSONAL,N,STRAIGHT AHEAD,,,1,,,,,Y,Y,Y,Y,Y,,,,,,,,,SIDE-RIGHT,,,,,,,,,,,,,,,,,,,,,,,,,,,,,,,,,
2134531,5eca86b7f9043ec3526e988a96c15df5c16a16afa13cef85a311fc78822163990014f8a00f0f708736c6aa73c8c9bcbc56a2f4d840b9c1cadcd33922a9c3f8b2,08/22/2025 07:00:00 PM,1,DRIVER,,2034779,,AUDI,Q7,IL,2018,NONE,PASSENGER,PERSONAL,S,STRAIGHT AHEAD,,,1,,,,,,,,,,,,,,,Y,,,FRONT-LEFT-CORNER,,,,,,,,,,,,,,,,,,,,,,,,,,,,,,,,,
2134532,5eca86b7f9043ec3526e988a96c15df5c16a16afa13cef85a311fc78822163990014f8a00f0f708736c6aa73c8c9bcbc56a2f4d840b9c1cadcd33922a9c3f8b2,08/22/2025 07:00:00 PM,2,DRIVER,,2034781,,CHEVROLET,OTHER (EXPLAIN IN NARRATIVE),,,UNKNOWN,PASSENGER,UNKNOWN/NA,W,UNKNOWN/NA,,,1,,,,,Y,,,,,,,,,,,,,FRONT-RIGHT-CORNER,,,,,,,,,,,,,,,,,,,,,,,,,,,,,,,,,
2134539,2a4193781441c5bff4e6a979e20d04f3073a87fcabea367b8336bcd5a7367caf036e9838cde542173c9dc8d736cacac5ec705052fb700eeb8cea49102cd3572a,08/22/2025 06:52:00 PM,1,DRIVER,,2034790,,KIA,SORENTO,IL,2014,UNKNOWN,PASSENGER,PERSONAL,S,TURNING LEFT,,,1,,,,,,Y,Y,Y,,,,,,,,,,SIDE-RIGHT,,,,,,,,,,,,,,,,,,,,,,,,,,,,,,,,,
2134540,2a4193781441c5bff4e6a979e20d04f3073a87fcabea367b8336bcd5a7367caf036e9838cde542173c9dc8d736cacac5ec705052fb700eeb8cea49102cd3572a,08/22/2025 06:52:00 PM,2,BICYCLE,,,,,,,,,,,,,,,,,,,,,,,,,,,,,,,,,,,,,,,,,,,,,,,,,,,,,,,,,,,,,,,,,,
2134523,bc1b5c4c6540d5b3e38fdac6b6f9f11f1c208a28246656e8abbc038bfd8fdafb6d5705c2f6540f0dde66356c0d81f0bfaf307c64bb16e03c86d077ddd5df1a5f,08/22/2025 06:52:00 PM,1,DRIVER,,2034773,,NOVA BUS,OTHER (EXPLAIN IN NARRATIVE),IL,2024,UNKNOWN,BUS OVER 15 PASS.,CTA,N,STRAIGHT AHEAD,,,1,,,,,,,,,,,,,,,,,,UNKNOWN,,,,,,,,,,,,,,,,,,,,,,,,,,,,,,,,,
2134524,bc1b5c4c6540d5b3e38fdac6b6f9f11f1c208a28246656e8abbc038bfd8fdafb6d5705c2f6540f0dde66356c0d81f0bfaf307c64bb16e03c86d077ddd5df1a5f,08/22/2025 06:52:00 PM,2,DRIVER,,2034777,,HYUNDAI,SONATA,IL,2023,UNKNOWN,UNKNOWN/NA,UNKNOWN/NA,N,STRAIGHT AHEAD,,,1,,,,,,,,,,,,,,Y,,,,UNKNOWN,,,,,,,,,,,,,,,,,,,,,,,,,,,,,,,,,
2134808,3fe1a22bf489f6d8d6f4c0efe8c45dec5543564a92cf31d6aa9aebbe5d36d64339af0cfdddf50a574e297c853769427c5375ce09a5aa3633dd3a269973616725,08/22/2025 06:50:00 PM,1,DRIVER,,2035049,,UNKNOWN,OTHER (EXPLAIN IN NARRATIVE),,,UNKNOWN,UNKNOWN/NA,UNKNOWN/NA,E,STRAIGHT AHEAD,,,1,,,,,,,,,,,,,,,,,Y,FRONT,,,,,,,,,,,,,,,,,,,,,,,,,,,,,,,,,
2134809,3fe1a22bf489f6d8d6f4c0efe8c45dec5543564a92cf31d6aa9aebbe5d36d64339af0cfdddf50a574e297c853769427c5375ce09a5aa3633dd3a269973616725,08/22/2025 06:50:00 PM,2,DRIVER,1,2035054,,HONDA,CR-V,IL,2014,UNKNOWN,SPORT UTILITY VEHICLE (SUV),PERSONAL,E,STRAIGHT AHEAD,,,2,,,,,,,,,Y,Y,Y,,,,,,,REAR,,,,,,,,,,,,,,,,,,,,,,,,,,,,,,,,,
2134517,4a6b0deddc313ae947e0cfc215e0cfd2db3e330005f86903e71131d83eb5ebd73fee51045d13421c99cbd02ca5d1362e28cae0ccbf2e88b092db8c1c532643ea,08/22/2025 06:47:00 PM,1,BICYCLE,,,,,,,,,,,,,,,,,,,,,,,,,,,,,,,,,,,,,,,,,,,,,,,,,,,,,,,,,,,,,,,,,,
2134518,4a6b0deddc313ae947e0cfc215e0cfd2db3e330005f86903e71131d83eb5ebd73fee51045d13421c99cbd02ca5d1362e28cae0ccbf2e88b092db8c1c532643ea,08/22/2025 06:47:00 PM,2,DRIVER,1,2034785,,DODGE,DURANGO,IL,2019,NONE,SPORT UTILITY VEHICLE (SUV),PERSONAL,S,TURNING RIGHT,,,2,,,,,Y,,,,,,,,,,,,,FRONT-RIGHT-CORNER,,,,,,,,,,,,,,,,,,,,,,,,,,,,,,,,,
2134762,8e8a2b72f49aaf98f9f99270055384eeaf2d060ed5ca0fa18517512abbb4883bd4e50ab22461eba880dd6c836218c4e7da1f7441406b111f5c262cccf35a909b,08/22/2025 06:45:00 PM,1,DRIVER,,2035007,,UNKNOWN,MOTORIZED,,,UNKNOWN,VAN/MINI-VAN,UNKNOWN/NA,E,STRAIGHT AHEAD,,,1,,,,,Y,,,,,,,,,,,,,FRONT-RIGHT-CORNER,,,,,,,,,,,,,,,,,,,,,,,,,,,,,,,,,
2134763,8e8a2b72f49aaf98f9f99270055384eeaf2d060ed5ca0fa18517512abbb4883bd4e50ab22461eba880dd6c836218c4e7da1f7441406b111f5c262cccf35a909b,08/22/2025 06:45:00 PM,2,PARKED,1,2035008,,DODGE,CHALLENGER,IL,2014,UNKNOWN,PASSENGER,NOT IN USE,E,PARKED,,,1,,,,,,,,,,,Y,,,,,,,REAR-LEFT-CORNER,,,,,,,,,,,,,,,,,,,,,,,,,,,,,,,,,
2134514,18e93880032f8aeb3b73abffbe89c87c7df8428c9d9db53a0e4eac6b3f92a42a47245ac3797584a6b587b6048cd7858174e721191fbcea126b4827b0f1cf25bf,08/22/2025 06:30:00 PM,1,DRIVER,,2034767,,BUICK,ENCLAVE,IL,2008,UNKNOWN,PASSENGER,NOT IN USE,W,STRAIGHT AHEAD,Y,,1,,HER PERSONAL TOWED,,,,,,,,,,,,Y,Y,,,FRONT-LEFT-CORNER,,,,,,,,,,,,,,,,,,,,,,,,,,,,,,,,,
2134533,5747d604c32f261382ddf760c8bfd4939843281cd6219b6a52c4239e7b47e71602030b80cdfcf6e8ed38a99b425eb1e6d73b7f54b603931ca201a8d62a97235c,08/22/2025 06:30:00 PM,1,DRIVER,,2034784,,HONDA,CR-V,IL,2023,UNKNOWN,PASSENGER,PERSONAL,W,TURNING RIGHT,,,1,,,,,Y,Y,,,,,,,,,,Y,,FRONT-RIGHT-CORNER,,,,,,,,,,,,,,,,,,,,,,,,,,,,,,,,,
2134534,5747d604c32f261382ddf760c8bfd4939843281cd6219b6a52c4239e7b47e71602030b80cdfcf6e8ed38a99b425eb1e6d73b7f54b603931ca201a8d62a97235c,08/22/2025 06:30:00 PM,2,DRIVER,,2034794,,HYUNDAI,SANTA FE,IL,2023,OTHER,SPORT UTILITY VEHICLE (SUV),PERSONAL,S,STRAIGHT AHEAD,,,1,,,,,,,,,,,,Y,Y,Y,Y,,,FRONT-LEFT-CORNER,,,,,,,,,,,,,,,,,,,,,,,,,,,,,,,,,
2134492,8aea3a8f9e4026310c7e1172ca79aea457449d1a1c32f546de1d234e64ee4cc23b409ff40eedf4f11dc0c6867b1be1f819626c838638d75e75ddaf7b5004438d,08/22/2025 06:30:00 PM,1,DRIVER,,2034746,,"SPARTAN MOTORS, INC. (CHARLOTTE, MI)","SPARTAN MOTORS, INC. (MFD. IN CHARLOTTE, MI)",IL,2010,NONE,OTHER,FIRE,N,TURNING LEFT,,,1,,,,Y,,,,,,,,,,,,,,SIDE-RIGHT-REAR,,,,,,,,,,,,,,,,,,,,,,,,,,,,,,,,,