CRASH_UNIT_ID,CRASH_RECORD_ID,CRASH_DATE,UNIT_NO,UNIT_TYPE,NUM_PASSENGERS,VEHICLE_ID,CMRC_VEH_I,MAKE,MODEL,LIC_PLATE_STATE,VEHICLE_YEAR,VEHICLE_DEFECT,VEHICLE_TYPE,VEHICLE_USE,TRAVEL_DIRECTION,MANEUVER,TOWED_I,FIRE_I,OCCUPANT_CNT,EXCEED_SPEED_LIMIT_I,TOWED_BY,TOWED_TO,AREA_00_I,AREA_01_I,AREA_02_I,AREA_03_I,AREA_04_I,AREA_05_I,AREA_06_I,AREA_07_I,AREA_08_I,AREA_09_I,AREA_10_I,AREA_11_I,AREA_12_I,AREA_99_I,FIRST_CONTACT_POINT,CMV_ID,USDOT_NO,CCMC_NO,ILCC_NO,COMMERCIAL_SRC,GVWR,CARRIER_NAME,CARRIER_STATE,CARRIER_CITY,HAZMAT_PLACARDS_I,HAZMAT_NAME,UN_NO,HAZMAT_PRESENT_I,HAZMAT_REPORT_I,HAZMAT_REPORT_NO,MCS_REPORT_I,MCS_REPORT_NO,HAZMAT_VIO_CAUSE_CRASH_I,MCS_VIO_CAUSE_CRASH_I,IDOT_PERMIT_NO,WIDE_LOAD_I,TRAILER1_WIDTH,TRAILER2_WIDTH,TRAILER1_LENGTH,TRAILER2_LENGTH,TOTAL_VEHICLE_LENGTH,AXLE_CNT,VEHICLE_CONFIG,CARGO_BODY_TYPE,LOAD_TYPE,HAZMAT_OUT_OF_SERVICE_I,MCS_OUT_OF_SERVICE_I,HAZMAT_CLASS
2134493,8aea3a8f9e4026310c7e1172ca79aea457449d1a1c32f546de1d234e64ee4cc23b409ff40eedf4f11dc0c6867b1be1f819626c838638d75e75ddaf7b5004438d,08/22/2025 06:30:00 PM,2,DRIVERLESS,,2034753,,LEXUS,RX350,IL,2013,NONE,SPORT UTILITY VEHICLE (SUV),PERSONAL,S,PARKED,,,0,,,,,Y,Y,Y,Y,Y,,,,,,N,,,SIDE-RIGHT,,,,,,,,,,,,,,,,,,,,,,,,,,,,,,,,,
2134527,8c236f41c2511fb7fb578f37da6b1cd60be888e94c5e49071b828836cb3c8714f1332f351e2f8a4c4af3552ec9cd69e8955de07200df0310ceebefb8577e4719,08/22/2025 06:30:00 PM,1,DRIVER,,2034780,,FORD,EDGE,OH,2022,UNKNOWN,PASSENGER,PERSONAL,N,STRAIGHT AHEAD,,,1,,,,,,,,,,,,,,,Y,,,FRONT-LEFT-CORNER,,,,,,,,,,,,,,,,,,,,,,,,,,,,,,,,,
2134528,8c236f41c2511fb7fb578f37da6b1cd60be888e94c5e49071b828836cb3c8714f1332f351e2f8a4c4af3552ec9cd69e8955de07200df0310ceebefb8577e4719,08/22/2025 06:30:00 PM,2,DRIVER,,2034792,,CHEVROLET,EQUINOX,IL,2020,UNKNOWN,PASSENGER,PERSONAL,N,TURNING RIGHT,,,1,,,,,,,Y,Y,,,,,,,,,,SIDE-RIGHT,,,,,,,,,,,,,,,,,,,,,,,,,,,,,,,,,
2134965,fed1698e377d833a27fd9f363b1ee7d4027f29e436a8890935834eb72a036b5a1085b0d3aa22c3b08dc27874ffb85186b73790b991d6ec161a7daa87d40a8253,08/22/2025 06:30:00 PM,1,DRIVER,,2035194,,TOYOTA,RAV4,OH,2014,UNKNOWN,PASSENGER,UNKNOWN/NA,N,STRAIGHT AHEAD,,,1,,,,,,,,,,,,,,,,Y,,FRONT,,,,,,,,,,,,,,,,,,,,,,,,,,,,,,,,,
2134966,fed1698e377d833a27fd9f363b1ee7d4027f29e436a8890935834eb72a036b5a1085b0d3aa22c3b08dc27874ffb85186b73790b991d6ec161a7daa87d40a8253,08/22/2025 06:30:00 PM,2,DRIVER,,2035200,,HONDA,ACCORD,IL,2018,UNKNOWN,PASSENGER,PERSONAL,N,STRAIGHT AHEAD,,,1,,,,,,,,,,Y,,,,,,,,REAR,,,,,,,,,,,,,,,,,,,,,,,,,,,,,,,,,
2134967,fed1698e377d833a27fd9f363b1ee7d4027f29e436a8890935834eb72a036b5a1085b0d3aa22c3b08dc27874ffb85186b73790b991d6ec161a7daa87d40a8253,08/22/2025 06:30:00 PM,3,DRIVER,,2035213,,FORD,FUSION,IL,2016,UNKNOWN,PASSENGER,UNKNOWN/NA,N,STRAIGHT AHEAD,,,1,,,,,,,,,,Y,,,,,,,,REAR,,,,,,,,,,,,,,,,,,,,,,,,,,,,,,,,,
2134592,edc0114bfb24efd18f65083d1ccc0b577bbf284f6be1988ee570f342ae9becfd72672f666aab12c49c6c3db84a4ea740d9d9a9d3a6088f827f335f5be19f5739,08/22/2025 06:22:00 PM,1,DRIVER,,2034840,,UNKNOWN,OTHER (EXPLAIN IN NARRATIVE),,,UNKNOWN,UNKNOWN/NA,UNKNOWN/NA,W,STRAIGHT AHEAD,,,1,,,,,Y,,,,,,,,,,,,,FRONT-RIGHT-CORNER,,,,,,,,,,,,,,,,,,,,,,,,,,,,,,,,,
2134593,edc0114bfb24efd18f65083d1ccc0b577bbf284f6be1988ee570f342ae9becfd72672f666aab12c49c6c3db84a4ea740d9d9a9d3a6088f827f335f5be19f5739,08/22/2025 06:22:00 PM,2,DRIVER,,2034844,,LEXUS,RX350,IL,2024,NONE,PASSENGER,PERSONAL,W,TURNING RIGHT,,,1,,,,,,,,,,,Y,,,,,,,REAR-LEFT-CORNER,,,,,,,,,,,,,,,,,,,,,,,,,,,,,,,,,
2137120,8c96c565173e1f515491c37eebde048c70dc277422edc4ce4404f2d5f65bdf403382fcea926261bf9e26d7d1a53d71cd4a2980ca79df455f790a046177ccc45a,08/22/2025 06:20:00 PM,1,DRIVER,,2037273,,CHEVROLET,CRUZE,IL,2015,UNKNOWN,PASSENGER,UNKNOWN/NA,E,CHANGING LANES,,,1,,,,,,Y,Y,,,,,,,,,,,SIDE-RIGHT,,,,,,,,,,,,,,,,,,,,,,,,,,,,,,,,,
2137121,8c96c565173e1f515491c37eebde048c70dc277422edc4ce4404f2d5f65bdf403382fcea926261bf9e26d7d1a53d71cd4a2980ca79df455f790a046177ccc45a,08/22/2025 06:20:00 PM,2,DRIVER,,2037281,,KIA,NIRO,IL,2023,NONE,PASSENGER,PERSONAL,E,STRAIGHT AHEAD,,,1,,,,,,,,,,,,,Y,Y,Y,,,FRONT-LEFT-CORNER,,,,,,,,,,,,,,,,,,,,,,,,,,,,,,,,,
2134537,16c3118d30b3a8528b35b53248c327a40622fa36a88f9db8c9e2f1d5d13d98e271d83a92b26b1634c796e03ab0e4c2fd12f86cef9b0e715249b35a87073c0731,08/22/2025 06:15:00 PM,1,DRIVER,,2034789,,NISSAN,SENTRA,IL,2020,UNKNOWN,PASSENGER,UNKNOWN/NA,E,MERGING,,,1,,,,,,,,,Y,,,,,,,,,SIDE-RIGHT-REAR,,,,,,,,,,,,,,,,,,,,,,,,,,,,,,,,,
2134538,16c3118d30b3a8528b35b53248c327a40622fa36a88f9db8c9e2f1d5d13d98e271d83a92b26b1634c796e03ab0e4c2fd12f86cef9b0e715249b35a87073c0731,08/22/2025 06:15:00 PM,2,DRIVER,,2034793,,LEXUS,RX350,IL,2025,UNKNOWN,SPORT UTILITY VEHICLE (SUV),UNKNOWN/NA,E,STRAIGHT AHEAD,,,1,,,,,Y,,,,,,,,,,,,,FRONT-RIGHT-CORNER,,,,,,,,,,,,,,,,,,,,,,,,,,,,,,,,,
2134504,18c4edc027492dd994755713b90e0831097364b3b88acf60da2c86d575512ef017eb8b59bf770c4afe34f6070e8e873fa1ad54d723685cf0515d22a4b5bfc189,08/22/2025 06:15:00 PM,1,DRIVER,,2034765,,TOYOTA,PRIUS,IL,2015,NONE,PASSENGER,TAXI/FOR HIRE,W,STRAIGHT AHEAD,,,1,,,,,,,,,,,,,,,,,Y,FRONT-LEFT-CORNER,,,,,,,,,,,,,,,,,,,,,,,,,,,,,,,,,
2134505,18c4edc027492dd994755713b90e0831097364b3b88acf60da2c86d575512ef017eb8b59bf770c4afe34f6070e8e873fa1ad54d723685cf0515d22a4b5bfc189,08/22/2025 06:15:00 PM,2,PEDESTRIAN,,,,,,,,,,,,,,,,,,,,,,,,,,,,,,,,,,,,,,,,,,,,,,,,,,,,,,,,,,,,,,,,,,
2134500,adfc4959c71d8f0cd0810ed771ab8322fd5ac33a9bb7d78431f4141b72c31bea06bf2eedf4ac9aded447de883b0bb5112798214f7963047064c3e4b2c1efcb63,08/22/2025 06:11:00 PM,1,BICYCLE,,,,,,,,,,,,,,,,,,,,,,,,,,,,,,,,,,,,,,,,,,,,,,,,,,,,,,,,,,,,,,,,,,
2134501,adfc4959c71d8f0cd0810ed771ab8322fd5ac33a9bb7d78431f4141b72c31bea06bf2eedf4ac9aded447de883b0bb5112798214f7963047064c3e4b2c1efcb63,08/22/2025 06:11:00 PM,2,DRIVER,1,2034783,,NISSAN,ROGUE,IL,2014,NONE,PASSENGER,PERSONAL,E,STRAIGHT AHEAD,,,2,,,,,,,,,,,,,,Y,,,,SIDE-LEFT-FRONT,,,,,,,,,,,,,,,,,,,,,,,,,,,,,,,,,
2134512,2710deff49d62c00b64cb2c08c79bd7bed3e9e7795695fa0d3213558b0e37fec24190d1997efbe25bbcc0677b7f9845e0c6fbc918f84bac6d058fa4fd53fe96f,08/22/2025 06:10:00 PM,1,BICYCLE,,,,,,,,,,,,,,,,,,,,,,,,,,,,,,,,,,,,,,,,,,,,,,,,,,,,,,,,,,,,,,,,,,
2134513,2710deff49d62c00b64cb2c08c79bd7bed3e9e7795695fa0d3213558b0e37fec24190d1997efbe25bbcc0677b7f9845e0c6fbc918f84bac6d058fa4fd53fe96f,08/22/2025 06:10:00 PM,2,DRIVER,3,2034776,,NISSAN,SENTRA,IL,2016,UNKNOWN,PASSENGER,UNKNOWN/NA,S,STRAIGHT AHEAD,,,4,,,,,Y,Y,Y,Y,,,,,,,,,,SIDE-RIGHT-REAR,,,,,,,,,,,,,,,,,,,,,,,,,,,,,,,,,
2134456,4cd611cf4b6f3be36dbadfa5e1e189b7680d0d988ebbe0a4613486533736ce3161760430715b055801ece203ab52c37c459abc0c6e6937f18539cf10473cb840,08/22/2025 06:00:00 PM,1,DRIVER,,2034709,,TOYOTA,MATRIX,,,NONE,PASSENGER,PERSONAL,N,STRAIGHT AHEAD,,,1,,,,,Y,,,,,,,,,,,,,FRONT-RIGHT-CORNER,,,,,,,,,,,,,,,,,,,,,,,,,,,,,,,,,
2134457,4cd611cf4b6f3be36dbadfa5e1e189b7680d0d988ebbe0a4613486533736ce3161760430715b055801ece203ab52c37c459abc0c6e6937f18539cf10473cb840,08/22/2025 06:00:00 PM,2,PARKED,,2034713,,TOYOTA,COROLLA,IL,,NONE,PASSENGER,NOT IN USE,N,PARKED,,,0,,,,,,,,,,,Y,,,,,,,SIDE-LEFT-REAR,,,,,,,,,,,,,,,,,,,,,,,,,,,,,,,,,
2134458,4cd611cf4b6f3be36dbadfa5e1e189b7680d0d988ebbe0a4613486533736ce3161760430715b055801ece203ab52c37c459abc0c6e6937f18539cf10473cb840,08/22/2025 06:00:00 PM,3,PARKED,,2034718,,HONDA,CIVIC,IL,,NONE,PASSENGER,NOT IN USE,N,PARKED,,,0,,,,,,,,,,,Y,Y,Y,,,,,SIDE-LEFT,,,,,,,,,,,,,,,,,,,,,,,,,,,,,,,,,
2134459,4cd611cf4b6f3be36dbadfa5e1e189b7680d0d988ebbe0a4613486533736ce3161760430715b055801ece203ab52c37c459abc0c6e6937f18539cf10473cb840,08/22/2025 06:00:00 PM,4,PARKED,,2034723,,AUDI,Q5,IL,,NONE,PASSENGER,NOT IN USE,N,PARKED,,,0,,,,,,,,,,,Y,Y,Y,N,,,,SIDE-LEFT,,,,,,,,,,,,,,,,,,,,,,,,,,,,,,,,,
2135520,5ce78866349d8a49f1eb354e6441ff5707c2969c5a650383e9d5572fd1d50a7360b4844b96bf78508b1e1882940945f164ea0c017bce168fe5e152cf63363fd5,08/22/2025 06:00:00 PM,1,DRIVER,,2035739,,UNKNOWN,MOTORIZED,,,NONE,TRUCK - SINGLE UNIT,UNKNOWN/NA,UNKNOWN,UNKNOWN/NA,,,1,,,,,,,,,,,,,,,,,Y,UNKNOWN,,,,,,,,,,,,,,,,,,,,,,,,,,,,,,,,,
2135521,5ce78866349d8a49f1eb354e6441ff5707c2969c5a650383e9d5572fd1d50a7360b4844b96bf78508b1e1882940945f164ea0c017bce168fe5e152cf63363fd5,08/22/2025 06:00:00 PM,2,PARKED,,2035745,,HONDA,CR-V,IL,2012,NONE,PASSENGER,NOT IN USE,E,PARKED,,,0,,,,,,,,,,,,,Y,Y,Y,,,SIDE-LEFT,,,,,,,,,,,,,,,,,,,,,,,,,,,,,,,,,
2134541,df3e0bba62a2c825c9efcbd4a677ee122a56022fd680ff29dee8deaa47b9a5c185d6e94eeb3bb6688bffb2ec810e66c917b7aecf1f542367aaa05fc208414410,08/22/2025 05:54:00 PM,1,DRIVER,,2034787,,HONDA,PILOT,IL,2008,NONE,SPORT UTILITY VEHICLE (SUV),PERSONAL,NW,TURNING LEFT,,,1,,,,,,,,,,,,Y,Y,,,,,SIDE-LEFT,,,,,,,,,,,,,,,,,,,,,,,,,,,,,,,,,
2134542,df3e0bba62a2c825c9efcbd4a677ee122a56022fd680ff29dee8deaa47b9a5c185d6e94eeb3bb6688bffb2ec810e66c917b7aecf1f542367aaa05fc208414410,08/22/2025 05:54:00 PM,2,DRIVER,,2034791,,HYUNDAI,ELANTRA,IN,2022,NONE,PASSENGER,PERSONAL,S,SLOW/STOP IN TRAFFIC,,,1,,,,,,,,,,Y,Y,,,,,,,REAR-LEFT-CORNER,,,,,,,,,,,,,,,,,,,,,,,,,,,,,,,,,
2134433,3de6c9e3498ace4232bf11097b8cb983891111d83cfd70c493400e53eb11e02f30c1789c95613ae7fab6b4d8ebd49ab55dfb9676dd54927bab81a9ae9d65ac32,08/22/2025 05:50:00 PM,1,DRIVER,,2034685,,FORD,OTHER (EXPLAIN IN NARRATIVE),,,UNKNOWN,PASSENGER,UNKNOWN/NA,W,TURNING LEFT,,,1,,,,,,,,,,,,,,,,,Y,SIDE-LEFT,,,,,,,,,,,,,,,,,,,,,,,,,,,,,,,,,
2134434,3de6c9e3498ace4232bf11097b8cb983891111d83cfd70c493400e53eb11e02f30c1789c95613ae7fab6b4d8ebd49ab55dfb9676dd54927bab81a9ae9d65ac32,08/22/2025 05:50:00 PM,2,DRIVER,,2034700,,AUDI,Q7,IL,2015,NONE,SPORT UTILITY VEHICLE (SUV),PERSONAL,W,TURNING LEFT,,,1,,,,,Y,Y,Y,Y,Y,,,,,,,,,SIDE-RIGHT,,,,,,,,,,,,,,,,,,,,,,,,,,,,,,,,,
2134427,48060009b364491ef79db6b03a4241e2d8d41548d3e492750c8526ccc17305ef0f7e93a99fda4e31cd05c55bf48fede7323b6fb2a298acf89e5e05906a61702e,08/22/2025 05:49:00 PM,1,DRIVER,,2034688,,MAZDA,CX-5,IL,2024,NONE,SPORT UTILITY VEHICLE (SUV),PERSONAL,W,STRAIGHT AHEAD,,,1,,,,,,,,,,,,,,,,Y,,FRONT,,,,,,,,,,,,,,,,,,,,,,,,,,,,,,,,,
2134428,48060009b364491ef79db6b03a4241e2d8d41548d3e492750c8526ccc17305ef0f7e93a99fda4e31cd05c55bf48fede7323b6fb2a298acf89e5e05906a61702e,08/22/2025 05:49:00 PM,2,DRIVER,,2034697,,KIA,OPTIMA / K5,IL,2020,NONE,PASSENGER,UNKNOWN/NA,W,SLOW/STOP IN TRAFFIC,,,1,,,,,,,,,,Y,,,,,,,Y,REAR,,,,,,,,,,,,,,,,,,,,,,,,,,,,,,,,,
2136363,3113c3097dafd22a76f325cca3cdd0e463ad8577bc5fb40cd31ee8b63a776e51d88128e963a63b2bfcd43c1ce6c61dd8520b9ae52699ee4f5d12ce08964f789e,08/22/2025 05:45:00 PM,1,DRIVER,,2036571,,UNKNOWN,OTHER (EXPLAIN IN NARRATIVE),IL,,NONE,UNKNOWN/NA,PERSONAL,W,STRAIGHT AHEAD,,,1,,,,,,,,,,,,,,Y,Y,,,SIDE-RIGHT-FRONT,,,,,,,,,,,,,,,,,,,,,,,,,,,,,,,,,
2136364,3113c3097dafd22a76f325cca3cdd0e463ad8577bc5fb40cd31ee8b63a776e51d88128e963a63b2bfcd43c1ce6c61dd8520b9ae52699ee4f5d12ce08964f789e,08/22/2025 05:45:00 PM,2,DRIVER,,2036556,,HYUNDAI,ELANTRA,IL,2024,NONE,PASSENGER,PERSONAL,W,STRAIGHT AHEAD,,,1,,,,,N,,Y,Y,Y,,,,,,,,,REAR-RIGHT-CORNER,,,,,,,,,,,,,,,,,,,,,,,,,,,,,,,,,
2134431,471a895ba6ddca8d024d295201b1f0570201cf5660437eb2f3ab3923ee4f3ff31ed8627e245c26c16ba369701bfb7cd704d1159f35eaa25e8d9b8e355f92ab71,08/22/2025 05:45:00 PM,1,DRIVER,,2034694,,CHEVROLET,OTHER (EXPLAIN IN NARRATIVE),IL,2006,UNKNOWN,TRUCK - SINGLE UNIT,UNKNOWN/NA,N,STRAIGHT AHEAD,,,1,,,,,,,,,,,,,,,,,Y,FRONT,,,,,,,,,,,,,,,,,,,,,,,,,,,,,,,,,
2134432,471a895ba6ddca8d024d295201b1f0570201cf5660437eb2f3ab3923ee4f3ff31ed8627e245c26c16ba369701bfb7cd704d1159f35eaa25e8d9b8e355f92ab71,08/22/2025 05:45:00 PM,2,DRIVER,2,2034705,,CHEVROLET,IMPALA,IL,2016,NONE,PASSENGER,PERSONAL,N,STRAIGHT AHEAD,,,3,,,,,,,,,Y,Y,Y,,,,,,,REAR,,,,,,,,,,,,,,,,,,,,,,,,,,,,,,,,,
2134423,ef9046514c49e7f2589079c9c859fae7a0b707f82517ce884c9638b8c2b6cdbded693aafa918f3fe0324abd6bd55581e9098f0168a8a90f588cd7b44ca8c74dc,08/22/2025 05:42:00 PM,1,DRIVER,,2034698,,UNKNOWN,OTHER (EXPLAIN IN NARRATIVE),IL,,NONE,PASSENGER,PERSONAL,N,STRAIGHT AHEAD,,,1,,,,,,,,,,,,Y,Y,Y,,,,SIDE-LEFT,,,,,,,,,,,,,,,,,,,,,,,,,,,,,,,,,
2134424,ef9046514c49e7f2589079c9c859fae7a0b707f82517ce884c9638b8c2b6cdbded693aafa918f3fe0324abd6bd55581e9098f0168a8a90f588cd7b44ca8c74dc,08/22/2025 05:42:00 PM,2,PARKED,,2034683,,TOYOTA,TUNDRA,IL,2007,NONE,PASSENGER,PERSONAL,N,PARKED,,,0,,,,,,,,,Y,,,,,,,,,REAR-RIGHT-CORNER,,,,,,,,,,,,,,,,,,,,,,,,,,,,,,,,,
2134618,a0f7a28e0d4d5b4d84bd072102ea0f7280bd61a6ff8f7da23e05ec28b7016cef25a2b63d38cb4d57a828bd43d403082c8bbd94e43099e9ebe85753bf9e513bc0,08/22/2025 05:40:00 PM,1,DRIVER,,2034867,,CHEVROLET,OTHER (EXPLAIN IN NARRATIVE),,2010,UNKNOWN,PASSENGER,UNKNOWN/NA,S,PASSING/OVERTAKING,,,1,,,,,Y,,,,,,,,,,,,,FRONT-RIGHT-CORNER,,,,,,,,,,,,,,,,,,,,,,,,,,,,,,,,,
2134619,a0f7a28e0d4d5b4d84bd072102ea0f7280bd61a6ff8f7da23e05ec28b7016cef25a2b63d38cb4d57a828bd43d403082c8bbd94e43099e9ebe85753bf9e513bc0,08/22/2025 05:40:00 PM,2,DRIVER,,2034864,,TOYOTA,CAMRY,,,UNKNOWN,PASSENGER,TAXI/FOR HIRE,S,STARTING IN TRAFFIC,,,1,,,,,,,,,,,Y,,,,,,,REAR-LEFT-CORNER,,,,,,,,,,,,,,,,,,,,,,,,,,,,,,,,,
2134413,1467a23799beff0565d8c24f43edf94b08519f8bd6f2bfd5026bf0b9c4f4c05b6b1a3703258985262db108ad934932ee341c974bd758748347cb0c26f2c2d8d0,08/22/2025 05:38:00 PM,1,DRIVER,,2034675,,TOYOTA,OTHER (EXPLAIN IN NARRATIVE),IL,2012,UNKNOWN,UNKNOWN/NA,UNKNOWN/NA,W,STRAIGHT AHEAD,,,1,,,,,,,,,,,,,,,,,Y,FRONT,,,,,,,,,,,,,,,,,,,,,,,,,,,,,,,,,
2134414,1467a23799beff0565d8c24f43edf94b08519f8bd6f2bfd5026bf0b9c4f4c05b6b1a3703258985262db108ad934932ee341c974bd758748347cb0c26f2c2d8d0,08/22/2025 05:38:00 PM,2,PEDESTRIAN,,,,,,,,,,,,,,,,,,,,,,,,,,,,,,,,,,,,,,,,,,,,,,,,,,,,,,,,,,,,,,,,,,
2134490,5379dd102b37c6be6ced776aa4a5b3a682a9cc7ec7dc01eee16e7293a6ebde1a73ca986fbbe0bf4a7cb58a35a28062254c92e822a4de5eaa8491a49bdd9aefb2,08/22/2025 05:30:00 PM,1,DRIVER,,2034745,,FORD,F100,IL,2011,NONE,PICKUP,PERSONAL,S,ENTER FROM DRIVE/ALLEY,,,1,,,,,,,,,,,,,Y,Y,,,,SIDE-LEFT,,,,,,,,,,,,,,,,,,,,,,,,,,,,,,,,,
2134491,5379dd102b37c6be6ced776aa4a5b3a682a9cc7ec7dc01eee16e7293a6ebde1a73ca986fbbe0bf4a7cb58a35a28062254c92e822a4de5eaa8491a49bdd9aefb2,08/22/2025 05:30:00 PM,2,DRIVER,1,2034741,,NISSAN,SENTRA,IL,2014,NONE,PASSENGER,PERSONAL,W,STRAIGHT AHEAD,,,2,,,,,Y,,,,,,,,,,Y,Y,,FRONT,,,,,,,,,,,,,,,,,,,,,,,,,,,,,,,,,
2134402,5acf20c08458e1d33686f3fecd6f38359fb62fddb1df6995e19112c02543e9db3695805da4c30464b1bd215ef7a9d7fd1c5695c2f549e3ce990fc2b43c89d5ab,08/22/2025 05:30:00 PM,1,DRIVER,,2034651,,ACURA,RLX,IL,,UNKNOWN,PASSENGER,PERSONAL,S,STRAIGHT AHEAD,,,1,,,,,,,,,,,,,,,,,,FRONT,,,,,,,,,,,,,,,,,,,,,,,,,,,,,,,,,
2134403,5acf20c08458e1d33686f3fecd6f38359fb62fddb1df6995e19112c02543e9db3695805da4c30464b1bd215ef7a9d7fd1c5695c2f549e3ce990fc2b43c89d5ab,08/22/2025 05:30:00 PM,2,DRIVER,,2034654,,TOYOTA,VENZA,,,UNKNOWN,PASSENGER,PERSONAL,S,STRAIGHT AHEAD,,,1,,,,,,,,,,,,,,,,,,REAR-RIGHT-CORNER,,,,,,,,,,,,,,,,,,,,,,,,,,,,,,,,,
2134461,fb50dd225b8bdcc6ed18bc2ff9723abb8b5a0a6203047f4bf38f6a36e8f20cd8b31a9f3ebad5ff2e45ba3ff98b1fd5efadf2331b432610254e9dec452c31280d,08/22/2025 05:28:00 PM,1,DRIVER,,2034717,,JEEP,COMPASS,IL,2019,UNKNOWN,SPORT UTILITY VEHICLE (SUV),UNKNOWN/NA,W,BACKING,,,1,,,,,,,,,,,,,,,,,Y,REAR-LEFT-CORNER,,,,,,,,,,,,,,,,,,,,,,,,,,,,,,,,,
2134462,fb50dd225b8bdcc6ed18bc2ff9723abb8b5a0a6203047f4bf38f6a36e8f20cd8b31a9f3ebad5ff2e45ba3ff98b1fd5efadf2331b432610254e9dec452c31280d,08/22/2025 05:28:00 PM,2,DRIVER,,2034731,,TOYOTA,CAMRY,IL,2020,NONE,PASSENGER,PERSONAL,E,SLOW/STOP IN TRAFFIC,,,1,,,,,Y,,,,,,,,,,,Y,,FRONT-RIGHT-CORNER,,,,,,,,,,,,,,,,,,,,,,,,,,,,,,,,,
2134421,8eb6d5326a62655da347f932da94630b79989f8504ffa96ad396de337c243bc2f91e66482d9d738bc4bd77ca45cda780567ac99967136e7a3efcdc1c13ea33dc,08/22/2025 05:27:00 PM,1,DRIVER,,2034678,,NISSAN,VERSA,IL,2026,NONE,PASSENGER,PERSONAL,S,STRAIGHT AHEAD,,,1,,,,,Y,Y,,,,,,,,,,Y,,FRONT-RIGHT-CORNER,,,,,,,,,,,,,,,,,,,,,,,,,,,,,,,,,
2134422,8eb6d5326a62655da347f932da94630b79989f8504ffa96ad396de337c243bc2f91e66482d9d738bc4bd77ca45cda780567ac99967136e7a3efcdc1c13ea33dc,08/22/2025 05:27:00 PM,2,DRIVER,4,2034689,,DODGE,CARAVAN,IL,2012,NONE,VAN/MINI-VAN,PERSONAL,E,STRAIGHT AHEAD,,,5,,,,,,,,,,,,,,Y,Y,Y,,SIDE-LEFT-FRONT,,,,,,,,,,,,,,,,,,,,,,,,,,,,,,,,,
2134614,e8b2d4443d089545bc4a3fa3acbbc8814749a903ccbeac08c1e654c84428a6ea883608a9852402d6681f7748196964a3949ba5b1c0620f802cb5ec62094943cc,08/22/2025 05:27:00 PM,1,DRIVER,,2034870,,TOYOTA,RAV4,IL,2000,UNKNOWN,SPORT UTILITY VEHICLE (SUV),UNKNOWN/NA,S,TURNING RIGHT,,,1,,,,,,,,,,,,,,,Y,,,FRONT-LEFT-CORNER,,,,,,,,,,,,,,,,,,,,,,,,,,,,,,,,,
2134615,e8b2d4443d089545bc4a3fa3acbbc8814749a903ccbeac08c1e654c84428a6ea883608a9852402d6681f7748196964a3949ba5b1c0620f802cb5ec62094943cc,08/22/2025 05:27:00 PM,2,DRIVER,,2034876,,FORD,TAURUS,IL,2016,UNKNOWN,PASSENGER,UNKNOWN/NA,N,TURNING LEFT,,,1,,,,,,Y,Y,Y,,,,,,,,,,SIDE-RIGHT,,,,,,,,,,,,,,,,,,,,,,,,,,,,,,,,,
2134476,790c849298e9f25047c62915e014a3693182e4fa15f69360d2fdba8963eb9878c7f171ad4c830513ea6de6a22c715aa9fbfcfc129a214743ff4c9da48a2af716,08/22/2025 05:26:00 PM,1,DRIVER,,2034728,,UNKNOWN,MOTORIZED,,,UNKNOWN,PASSENGER,UNKNOWN/NA,N,STRAIGHT AHEAD,,,1,,,,,Y,Y,Y,,,,,,,,,,,SIDE-RIGHT,,,,,,,,,,,,,,,,,,,,,,,,,,,,,,,,,
2134477,790c849298e9f25047c62915e014a3693182e4fa15f69360d2fdba8963eb9878c7f171ad4c830513ea6de6a22c715aa9fbfcfc129a214743ff4c9da48a2af716,08/22/2025 05:26:00 PM,2,DRIVER,,2034732,,TOYOTA,RAV4,IL,2022,NONE,PASSENGER,PERSONAL,N,STRAIGHT AHEAD,,,1,,,,,,,,,,,,,Y,Y,Y,,,SIDE-LEFT,,,,,,,,,,,,,,,,,,,,,,,,,,,,,,,,,
2134437,7b8416dedceab24172fa878dd8ed3f63b8403b4b2e858ba1b2eb7f456d963bdeed248b94092cbc4761f46e5df4d409b86a20295202e27bf62f57236be70dd102,08/22/2025 05:22:00 PM,1,DRIVER,1,2034690,,KIA,SEDONA,IL,2009,UNKNOWN,SPORT UTILITY VEHICLE (SUV),PERSONAL,N,STRAIGHT AHEAD,Y,,2,,unk,,,Y,,,,,,,,,,Y,Y,,FRONT,,,,,,,,,,,,,,,,,,,,,,,,,,,,,,,,,
2134438,7b8416dedceab24172fa878dd8ed3f63b8403b4b2e858ba1b2eb7f456d963bdeed248b94092cbc4761f46e5df4d409b86a20295202e27bf62f57236be70dd102,08/22/2025 05:22:00 PM,2,DRIVER,,2034701,,AUDI,Q5,IL,2024,NONE,SPORT UTILITY VEHICLE (SUV),PERSONAL,N,SLOW/STOP IN TRAFFIC,,,1,,,,,,,,,Y,Y,Y,,,,,,,REAR,,,,,,,,,,,,,,,,,,,,,,,,,,,,,,,,,
2134408,f8f008474438d6d52ff7b13dd6a11aa7905f29883bf2ae6c33a2e1dc05a9ab47e5cbacdddb53a128f78fae588c251e15bbfc12a64ede5f2335dd461ccb804a30,08/22/2025 05:21:00 PM,1,DRIVER,,2034664,,FORD,F150,IL,2013,UNKNOWN,TRUCK - SINGLE UNIT,PERSONAL,E,STRAIGHT AHEAD,,,1,,,,,,,,,,,,,,,Y,N,,FRONT-LEFT-CORNER,,,,,,,,,,,,,,,,,,,,,,,,,,,,,,,,,