CRASH_UNIT_ID,CRASH_RECORD_ID,CRASH_DATE,UNIT_NO,UNIT_TYPE,NUM_PASSENGERS,VEHICLE_ID,CMRC_VEH_I,MAKE,MODEL,LIC_PLATE_STATE,VEHICLE_YEAR,VEHICLE_DEFECT,VEHICLE_TYPE,VEHICLE_USE,TRAVEL_DIRECTION,MANEUVER,TOWED_I,FIRE_I,OCCUPANT_CNT,EXCEED_SPEED_LIMIT_I,TOWED_BY,TOWED_TO,AREA_00_I,AREA_01_I,AREA_02_I,AREA_03_I,AREA_04_I,AREA_05_I,AREA_06_I,AREA_07_I,AREA_08_I,AREA_09_I,AREA_10_I,AREA_11_I,AREA_12_I,AREA_99_I,FIRST_CONTACT_POINT,CMV_ID,USDOT_NO,CCMC_NO,ILCC_NO,COMMERCIAL_SRC,GVWR,CARRIER_NAME,CARRIER_STATE,CARRIER_CITY,HAZMAT_PLACARDS_I,HAZMAT_NAME,UN_NO,HAZMAT_PRESENT_I,HAZMAT_REPORT_I,HAZMAT_REPORT_NO,MCS_REPORT_I,MCS_REPORT_NO,HAZMAT_VIO_CAUSE_CRASH_I,MCS_VIO_CAUSE_CRASH_I,IDOT_PERMIT_NO,WIDE_LOAD_I,TRAILER1_WIDTH,TRAILER2_WIDTH,TRAILER1_LENGTH,TRAILER2_LENGTH,TOTAL_VEHICLE_LENGTH,AXLE_CNT,VEHICLE_CONFIG,CARGO_BODY_TYPE,LOAD_TYPE,HAZMAT_OUT_OF_SERVICE_I,MCS_OUT_OF_SERVICE_I,HAZMAT_CLASS
2134409,f8f008474438d6d52ff7b13dd6a11aa7905f29883bf2ae6c33a2e1dc05a9ab47e5cbacdddb53a128f78fae588c251e15bbfc12a64ede5f2335dd461ccb804a30,08/22/2025 05:21:00 PM,2,DRIVER,1,2034669,,LEXUS,ES300,IL,2015,UNKNOWN,PASSENGER,PERSONAL,S,STRAIGHT AHEAD,,,2,,,,,,,,Y,Y,,,,,,,,,SIDE-RIGHT-REAR,,,,,,,,,,,,,,,,,,,,,,,,,,,,,,,,,
2134525,5067e50a01d0bfd5684a54297bd9d841d3c3fe38d07c5caa68561b5ce156ceffb730374a60df23d5d3973f5d22a537fd4dd143685210307a6ea132751457e4a9,08/22/2025 05:20:00 PM,1,DRIVER,,2034771,,JEEP,CHEROKEE,,,UNKNOWN,SPORT UTILITY VEHICLE (SUV),UNKNOWN/NA,S,PASSING/OVERTAKING,,,1,,,,,,,,,,,,,,,,,,UNKNOWN,,,,,,,,,,,,,,,,,,,,,,,,,,,,,,,,,
2134526,5067e50a01d0bfd5684a54297bd9d841d3c3fe38d07c5caa68561b5ce156ceffb730374a60df23d5d3973f5d22a537fd4dd143685210307a6ea132751457e4a9,08/22/2025 05:20:00 PM,2,DRIVER,,2034788,,NISSAN,ALTIMA,IL,2010,NONE,PASSENGER,PERSONAL,S,STRAIGHT AHEAD,,,1,,,,,,,,,,,Y,,,,,,,REAR-LEFT-CORNER,,,,,,,,,,,,,,,,,,,,,,,,,,,,,,,,,
2134494,fd35552ad3e9804d1e27b84a6b2aa79b156b73377ea1c2071b60099dd5b55ae87fadcb2697eefd6725e92580b6ec95bb41850f33a6b4a76ed7b484167737d23d,08/22/2025 05:20:00 PM,1,DRIVER,,2034742,,MERCEDES-BENZ,E320,IL,2000,NONE,PASSENGER,PERSONAL,SW,TURNING RIGHT,,,1,,,,,,,,,,,,,,,,,Y,UNKNOWN,,,,,,,,,,,,,,,,,,,,,,,,,,,,,,,,,
2134495,fd35552ad3e9804d1e27b84a6b2aa79b156b73377ea1c2071b60099dd5b55ae87fadcb2697eefd6725e92580b6ec95bb41850f33a6b4a76ed7b484167737d23d,08/22/2025 05:20:00 PM,2,BICYCLE,,,,,,,,,,,,,,,,,,,,,,,,,,,,,,,,,,,,,,,,,,,,,,,,,,,,,,,,,,,,,,,,,,
2135889,665dde584bb2100ed5d8c5cae849252096295dac7d1d5ceebdb1d0ffdb4606d89998e28a57765a6bd21b672824c2f72708cbacb00bec20a58c8130394ade6df8,08/22/2025 05:19:00 PM,1,DRIVER,,2036081,N,NOVA BUS,LFS,IL,2006,UNKNOWN,BUS OVER 15 PASS.,CTA,S,PASSING/OVERTAKING,,,1,,,,,,Y,Y,Y,,,,,,,,,,SIDE-RIGHT-FRONT,,,,,,,,,,,,,,,,,,,,,,,,,,,,,,,,,
2135890,665dde584bb2100ed5d8c5cae849252096295dac7d1d5ceebdb1d0ffdb4606d89998e28a57765a6bd21b672824c2f72708cbacb00bec20a58c8130394ade6df8,08/22/2025 05:19:00 PM,2,PARKED,,2036082,,FORD,OTHER (EXPLAIN IN NARRATIVE),IL,2023,UNKNOWN,OTHER,POLICE,S,PARKED,,,0,,,,,,,,,,,Y,Y,Y,Y,Y,,,SIDE-LEFT,,,,,,,,,,,,,,,,,,,,,,,,,,,,,,,,,
2134417,496991c19ccd68823eea050cc8ff6c3ea8aebae16b5f8bfb1f9abe39b0694587f6176f765272bdfbe42d76aeb3d4539b439a243cb4e733ddf30d7b481c48f6ca,08/22/2025 05:13:00 PM,1,DRIVER,,2034680,,KIA,FORTE,IL,2019,NONE,SPORT UTILITY VEHICLE (SUV),PERSONAL,S,PASSING/OVERTAKING,,,1,,,,,Y,,,,,,,,N,N,Y,Y,,FRONT,,,,,,,,,,,,,,,,,,,,,,,,,,,,,,,,,
2134418,496991c19ccd68823eea050cc8ff6c3ea8aebae16b5f8bfb1f9abe39b0694587f6176f765272bdfbe42d76aeb3d4539b439a243cb4e733ddf30d7b481c48f6ca,08/22/2025 05:13:00 PM,2,DRIVER,,2034679,,CHEVROLET,OTHER (EXPLAIN IN NARRATIVE),OH,2025,NONE,SPORT UTILITY VEHICLE (SUV),PERSONAL,S,STRAIGHT AHEAD,,,1,,,,,,,,,Y,Y,Y,,,,,,,REAR,,,,,,,,,,,,,,,,,,,,,,,,,,,,,,,,,
2134447,b6d01764fe032f2e281e8d07d344eb6bceb5b219d8ca72055e5ca084cbf1a04bb51f2e849c81b17e621dabe65b86731f67bdf84a55420c27b9c22f6131539cb2,08/22/2025 05:10:00 PM,1,DRIVER,,2034711,,HONDA,CIVIC,IL,2013,NONE,PASSENGER,PERSONAL,W,STRAIGHT AHEAD,,,1,,,,,,,,,,,,,,,,Y,,FRONT,,,,,,,,,,,,,,,,,,,,,,,,,,,,,,,,,
2134448,b6d01764fe032f2e281e8d07d344eb6bceb5b219d8ca72055e5ca084cbf1a04bb51f2e849c81b17e621dabe65b86731f67bdf84a55420c27b9c22f6131539cb2,08/22/2025 05:10:00 PM,2,DRIVER,,2034715,,HONDA,CIVIC,IL,2016,NONE,PASSENGER,PERSONAL,W,SLOW/STOP IN TRAFFIC,,,1,,,,,,,,,,Y,,,,,,Y,,REAR,,,,,,,,,,,,,,,,,,,,,,,,,,,,,,,,,
2134449,b6d01764fe032f2e281e8d07d344eb6bceb5b219d8ca72055e5ca084cbf1a04bb51f2e849c81b17e621dabe65b86731f67bdf84a55420c27b9c22f6131539cb2,08/22/2025 05:10:00 PM,3,DRIVER,,2034721,,TOYOTA,COROLLA,IL,2025,NONE,PASSENGER,PERSONAL,W,SLOW/STOP IN TRAFFIC,,,1,,,,,,,,,,Y,,,,,,,,REAR,,,,,,,,,,,,,,,,,,,,,,,,,,,,,,,,,
2134435,caf88ca07e7bd5131eaf88e0edff499d331c9b1b217b5729f1ddf75f7fa35be906b00597f069b82616395b293b2236730133f05a3742ee2d6b106334204bfbfc,08/22/2025 05:05:00 PM,1,DRIVER,,2034686,,UNKNOWN,OTHER (EXPLAIN IN NARRATIVE),XX,,UNKNOWN,UNKNOWN/NA,PERSONAL,N,PASSING/OVERTAKING,,,1,,,,,Y,Y,Y,N,,,,,,,,,,FRONT-RIGHT-CORNER,,,,,,,,,,,,,,,,,,,,,,,,,,,,,,,,,
2134436,caf88ca07e7bd5131eaf88e0edff499d331c9b1b217b5729f1ddf75f7fa35be906b00597f069b82616395b293b2236730133f05a3742ee2d6b106334204bfbfc,08/22/2025 05:05:00 PM,2,PARKED,,2034696,,NISSAN,ALTIMA,IN,2008,UNKNOWN,PASSENGER,NOT IN USE,E,PARKED,,,0,,,,,,,,,,,Y,Y,Y,Y,,,,REAR-LEFT-CORNER,,,,,,,,,,,,,,,,,,,,,,,,,,,,,,,,,
2134452,54ac30ac6f2fda9aa1c5fc56bdfca7ff71cda38edbaba0ff912847dd8a04a1e268bbf546a1254eab87eb1e21bdef750e432c0c4b01e8c4364399d1672a64f9e1,08/22/2025 05:00:00 PM,1,DRIVER,,2034710,,AMERICAN TRACTOR EQUIPMENT CORPORATION,AMERICAN TRACTOR EQUIPMENT CORP.,IL,2015,NONE,OTHER,PERSONAL,S,OTHER,,,1,,,,,,,,Y,Y,,,,,,,,,REAR-RIGHT-CORNER,,,,,,,,,,,,,,,,,,,,,,,,,,,,,,,,,
2134453,54ac30ac6f2fda9aa1c5fc56bdfca7ff71cda38edbaba0ff912847dd8a04a1e268bbf546a1254eab87eb1e21bdef750e432c0c4b01e8c4364399d1672a64f9e1,08/22/2025 05:00:00 PM,2,PARKED,1,2034719,,SUBARU,OUTBACK,IL,2014,NONE,PASSENGER,PERSONAL,S,PARKED,,,1,,,,,,,,,,,,,,N,Y,,,FRONT-LEFT-CORNER,,,,,,,,,,,,,,,,,,,,,,,,,,,,,,,,,
2134376,0cd63597e8b1c470f8bbcaae844e07ade364c312924643208f7c1ceb0d9f0c7a392974a2e73bdf98ae158b4dc41190fe34121b981f4a04443256ccfa5d6636f3,08/22/2025 04:50:00 PM,1,BICYCLE,,,,,,,,,,,,,,,,,,,,,,,,,,,,,,,,,,,,,,,,,,,,,,,,,,,,,,,,,,,,,,,,,,
2134377,0cd63597e8b1c470f8bbcaae844e07ade364c312924643208f7c1ceb0d9f0c7a392974a2e73bdf98ae158b4dc41190fe34121b981f4a04443256ccfa5d6636f3,08/22/2025 04:50:00 PM,2,DRIVER,,2034716,,SUBARU,FORESTER,IL,2019,NONE,PASSENGER,PERSONAL,E,STRAIGHT AHEAD,,,1,,,,,,,,,,,,,Y,Y,Y,,,FRONT-LEFT-CORNER,,,,,,,,,,,,,,,,,,,,,,,,,,,,,,,,,
2134378,0cd63597e8b1c470f8bbcaae844e07ade364c312924643208f7c1ceb0d9f0c7a392974a2e73bdf98ae158b4dc41190fe34121b981f4a04443256ccfa5d6636f3,08/22/2025 04:50:00 PM,3,DRIVER,,2034726,,GENERAL MOTORS CORPORATION (GMC),YUKON,MI,2021,NONE,PASSENGER,PERSONAL,E,STRAIGHT AHEAD,,,1,,,,,,,,,,,,,Y,Y,Y,,,SIDE-LEFT,,,,,,,,,,,,,,,,,,,,,,,,,,,,,,,,,
2134721,6198e4719eb9e4b7329209b1e592d2466a6877bd217994fe96c05c5df7b6e25b11e8a0aebd57a7a0730459b9ce81d1949ce571e27985d8e316d2831fdc03882c,08/22/2025 04:50:00 PM,1,DRIVER,,2034968,,UNKNOWN,MOTORIZED,,,UNKNOWN,SPORT UTILITY VEHICLE (SUV),UNKNOWN/NA,E,STRAIGHT AHEAD,,,1,,,,,,,,,,,,,,,,Y,,FRONT,,,,,,,,,,,,,,,,,,,,,,,,,,,,,,,,,
2134722,6198e4719eb9e4b7329209b1e592d2466a6877bd217994fe96c05c5df7b6e25b11e8a0aebd57a7a0730459b9ce81d1949ce571e27985d8e316d2831fdc03882c,08/22/2025 04:50:00 PM,2,DRIVER,2,2034969,,HYUNDAI,ELANTRA,IN,2025,UNKNOWN,UNKNOWN/NA,PERSONAL,E,SLOW/STOP IN TRAFFIC,,,3,,,,,,,,,,,Y,,,,,,,SIDE-LEFT-REAR,,,,,,,,,,,,,,,,,,,,,,,,,,,,,,,,,
2134394,d713a3db769443de34c74a2e82f7388a94b6b15d8d1c43d0d2ac7790bedfb2404977132159ee7af5ccdfe24dacfcac777e28f0162e21875b012fc0a6f75da386,08/22/2025 04:50:00 PM,1,DRIVER,,2034657,,LINCOLN,MKZ,IL,2017,UNKNOWN,PASSENGER,UNKNOWN/NA,S,PASSING/OVERTAKING,,,1,,,,,,,,,,,,Y,Y,Y,,,,SIDE-LEFT,,,,,,,,,,,,,,,,,,,,,,,,,,,,,,,,,
2134395,d713a3db769443de34c74a2e82f7388a94b6b15d8d1c43d0d2ac7790bedfb2404977132159ee7af5ccdfe24dacfcac777e28f0162e21875b012fc0a6f75da386,08/22/2025 04:50:00 PM,2,DRIVER,,2034661,,LEXUS,ES350,IL,2018,NONE,PASSENGER,PERSONAL,S,STRAIGHT AHEAD,,,1,,,,,,Y,Y,Y,,,,,,,,,,SIDE-RIGHT,,,,,,,,,,,,,,,,,,,,,,,,,,,,,,,,,
2134507,e940137640de2105f7dee348d7a962baa696021e5cc25ebfc142d97d92447189083209a8b82130c9aebe0de1ea93d22653df2fbfc4e937e4930ba49d47f32c71,08/22/2025 04:50:00 PM,2,DRIVER,,2034770,,NISSAN,KICKS,IL,2023,UNKNOWN,PASSENGER,PERSONAL,NW,STRAIGHT AHEAD,,,1,,,,,,,,,,,,,Y,Y,,,,SIDE-LEFT-FRONT,,,,,,,,,,,,,,,,,,,,,,,,,,,,,,,,,
2134558,e940137640de2105f7dee348d7a962baa696021e5cc25ebfc142d97d92447189083209a8b82130c9aebe0de1ea93d22653df2fbfc4e937e4930ba49d47f32c71,08/22/2025 04:50:00 PM,1,DRIVER,1,2034804,,HYUNDAI,SONATA,IL,2013,UNKNOWN,PASSENGER,PERSONAL,UNKNOWN,BACKING,,,2,,,,,,,,,,,,,,,,,Y,REAR,,,,,,,,,,,,,,,,,,,,,,,,,,,,,,,,,
2134572,97cac8583ecd56e0fe90b3532d4d7299de61b3ce3ae60390eacf0cb6d3e4f26f3c48b2283a3cf3b8c981de583fb44f898c31565a491886e2f2b6d367b114b851,08/22/2025 04:40:00 PM,1,DRIVER,,2034822,,NISSAN,ROGUE,IL,2022,NONE,SPORT UTILITY VEHICLE (SUV),UNKNOWN/NA,N,PASSING/OVERTAKING,,,1,,,,,,Y,Y,Y,,,,,,,,,,SIDE-RIGHT,,,,,,,,,,,,,,,,,,,,,,,,,,,,,,,,,
2134573,97cac8583ecd56e0fe90b3532d4d7299de61b3ce3ae60390eacf0cb6d3e4f26f3c48b2283a3cf3b8c981de583fb44f898c31565a491886e2f2b6d367b114b851,08/22/2025 04:40:00 PM,2,DRIVER,1,2034841,,PORSCHE,BOXSTER 981 / 982 / 986 / 987,VA,2007,NONE,PASSENGER,PERSONAL,N,SLOW/STOP IN TRAFFIC,,,2,,,,,,,,,,,Y,,,,,,,SIDE-LEFT-REAR,,,,,,,,,,,,,,,,,,,,,,,,,,,,,,,,,
2134388,6279bc04f77f3c37f284702569842af606fe97e1f468f198bdb73cab92d4b16d44e4827e8b5996ef40689a03255041530ab177571b0983f3d39e51f0e434ee7b,08/22/2025 04:38:00 PM,1,DRIVER,,2034647,,NOVA BUS,OTHER (EXPLAIN IN NARRATIVE),IL,2015,NONE,BUS UP TO 15 PASS.,CTA,W,PASSING/OVERTAKING,,,1,,,,,,,,Y,Y,Y,,,,,,,,REAR-RIGHT-CORNER,,,,,,,,,,,,,,,,,,,,,,,,,,,,,,,,,
2134389,6279bc04f77f3c37f284702569842af606fe97e1f468f198bdb73cab92d4b16d44e4827e8b5996ef40689a03255041530ab177571b0983f3d39e51f0e434ee7b,08/22/2025 04:38:00 PM,2,PARKED,1,2034652,,FORD,OTHER (EXPLAIN IN NARRATIVE),IL,2023,NONE,OTHER,AMBULANCE,E,PARKED IN TRAFFIC LANE,,,1,,,,,,,,Y,Y,Y,,,,,,,,REAR-RIGHT-CORNER,,,,,,,,,,,,,,,,,,,,,,,,,,,,,,,,,
2134404,bd83991eb5dc87b7e515348a4fab7b9aaa57196cf986821d5b5f638d6ac7522d94ab540b924edaff8623ba98ea3ebc5b4a257551a1f3dd101f7ff4293acdc467,08/22/2025 04:36:00 PM,1,DRIVER,,2034656,,UNKNOWN,OTHER (EXPLAIN IN NARRATIVE),IL,,NONE,ALL-TERRAIN VEHICLE (ATV),UNKNOWN/NA,UNKNOWN,STRAIGHT AHEAD,,,1,,,,N,,,,,,,,,,,,N,Y,FRONT,,,,,,,,,,,,,,,,,,,,,,,,,,,,,,,,,
2134405,bd83991eb5dc87b7e515348a4fab7b9aaa57196cf986821d5b5f638d6ac7522d94ab540b924edaff8623ba98ea3ebc5b4a257551a1f3dd101f7ff4293acdc467,08/22/2025 04:36:00 PM,2,DRIVER,,2034663,,INFINITI,QX60,IL,2024,NONE,PASSENGER,PERSONAL,N,SLOW/STOP IN TRAFFIC,,,1,,,,,,,,,,,Y,,,,Y,Y,,FRONT-LEFT-CORNER,,,,,,,,,,,,,,,,,,,,,,,,,,,,,,,,,
2134415,94d494befcfd9f109d638310726a2d6d4e9b669f88c04389b5e3319addcf35b9df1ebbceb612d6c8a17f9614e42a4394cd8cd647a5c52bd5f1ddf2af8719e97a,08/22/2025 04:35:00 PM,1,DRIVER,,2034674,,MERCEDES-BENZ,GLA,IL,2016,NONE,PASSENGER,PERSONAL,SE,TURNING LEFT,,,1,,,,,,,,,,,,,,,Y,Y,,FRONT,,,,,,,,,,,,,,,,,,,,,,,,,,,,,,,,,
2134416,94d494befcfd9f109d638310726a2d6d4e9b669f88c04389b5e3319addcf35b9df1ebbceb612d6c8a17f9614e42a4394cd8cd647a5c52bd5f1ddf2af8719e97a,08/22/2025 04:35:00 PM,2,DRIVER,1,2034677,,TOYOTA,RAV4,IL,2011,NONE,SPORT UTILITY VEHICLE (SUV),PERSONAL,SE,SLOW/STOP IN TRAFFIC,,,2,,,,,,,,,,Y,Y,,,,,,,REAR,,,,,,,,,,,,,,,,,,,,,,,,,,,,,,,,,
2134467,ff1af1b4e529eab4f5c891a14c76a1f1e8d75f56288b90e9c690aee4ca4bfad1a1aa0305dfb9de0f2bb266deaa0743239866e4e5373e980d4ae21838f8ef2a25,08/22/2025 04:31:00 PM,1,DRIVER,1,2034724,,NISSAN,VERSA,IL,2012,NONE,PASSENGER,PERSONAL,E,STRAIGHT AHEAD,Y,,2,,streets and sanitation,,,N,,,,,,,,,Y,Y,N,,SIDE-LEFT,,,,,,,,,,,,,,,,,,,,,,,,,,,,,,,,,
2134478,ff1af1b4e529eab4f5c891a14c76a1f1e8d75f56288b90e9c690aee4ca4bfad1a1aa0305dfb9de0f2bb266deaa0743239866e4e5373e980d4ae21838f8ef2a25,08/22/2025 04:31:00 PM,2,DRIVER,,2034729,,CHEVROLET,TRAX,IL,2018,NONE,SPORT UTILITY VEHICLE (SUV),PERSONAL,S,STRAIGHT AHEAD,,,1,,,,,Y,,,,,,,,,,Y,Y,,FRONT,,,,,,,,,,,,,,,,,,,,,,,,,,,,,,,,,
2134390,4c1b4baa77925ad9e6b687d610f9bf45816cfad4efaa35875aaf5aa2deee309886b5725b59941a3d269ac36b8b3ec90d2ba086f20ec3c992f707ee14acaca101,08/22/2025 04:30:00 PM,1,DRIVER,,2034658,,FORD,OTHER (EXPLAIN IN NARRATIVE),IL,2020,NONE,BUS UP TO 15 PASS.,OTHER,N,STRAIGHT AHEAD,,,1,,,,Y,,,,,,,,,,,,,,SIDE-RIGHT,,,,,,,,,,,,,,,,,,,,,,,,,,,,,,,,,
2134391,4c1b4baa77925ad9e6b687d610f9bf45816cfad4efaa35875aaf5aa2deee309886b5725b59941a3d269ac36b8b3ec90d2ba086f20ec3c992f707ee14acaca101,08/22/2025 04:30:00 PM,2,PARKED,,2034662,,FORD,OTHER (EXPLAIN IN NARRATIVE),,,UNKNOWN,UNKNOWN/NA,UNKNOWN/NA,N,PARKED,,,0,,,,Y,,,,,,,,,,,,,,SIDE-LEFT,,,,,,,,,,,,,,,,,,,,,,,,,,,,,,,,,
2139470,4ca0546646e1e4f2e37e8b5625d0d149d204143133cca3e89a8568272762d3c2a021f580e209712c682c248410345a5bf60937de548baf81561de2051e4264d8,08/22/2025 04:30:00 PM,1,DRIVER,,2039483,,UNKNOWN,OTHER (EXPLAIN IN NARRATIVE),,,UNKNOWN,BUS OVER 15 PASS.,SCHOOL BUS,S,TURNING RIGHT,,,1,,,,,,,,,Y,,,,,,,,,REAR-RIGHT-CORNER,,,,,,,,,,,,,,,,,,,,,,,,,,,,,,,,,
2139471,4ca0546646e1e4f2e37e8b5625d0d149d204143133cca3e89a8568272762d3c2a021f580e209712c682c248410345a5bf60937de548baf81561de2051e4264d8,08/22/2025 04:30:00 PM,2,PARKED,,2039485,,JEEP,COMPASS,IL,2025,NONE,SPORT UTILITY VEHICLE (SUV),PERSONAL,S,PARKED,,,0,,,,,,,,,,,Y,,,,,,,REAR-LEFT-CORNER,,,,,,,,,,,,,,,,,,,,,,,,,,,,,,,,,
2136451,8ea4d741778941c811b4ee5c737a1a27d3935599da661f65ad53a761823daad7b4815bcbf37968ee9db50a7c6cb0ed66ed297180f355ba35303b43dae3422d99,08/22/2025 04:30:00 PM,1,DRIVER,,2036634,,DODGE,RAM 1500 PU,IL,2001,UNKNOWN,PICKUP,PERSONAL,UNKNOWN,UNKNOWN/NA,,,1,,,,,N,,,,,,,,,,Y,N,,FRONT,,,,,,,,,,,,,,,,,,,,,,,,,,,,,,,,,
2136452,8ea4d741778941c811b4ee5c737a1a27d3935599da661f65ad53a761823daad7b4815bcbf37968ee9db50a7c6cb0ed66ed297180f355ba35303b43dae3422d99,08/22/2025 04:30:00 PM,2,DRIVER,,2036651,,FORD,EDGE,IL,2017,UNKNOWN,PASSENGER,PERSONAL,UNKNOWN,UNKNOWN/NA,,,1,,,,,Y,Y,,,,,,,,,,Y,,FRONT-RIGHT-CORNER,,,,,,,,,,,,,,,,,,,,,,,,,,,,,,,,,
2134406,a3f4ff9f7fe9b83d45c77ff1389ed39dd57505f075ebf5590a6e73acc094a31eb2e77a9ff676fb3f95ea997664d93f01db39a639611d66803e2962cc806e2639,08/22/2025 04:30:00 PM,1,DRIVER,,2034659,,GENERAL MOTORS CORPORATION (GMC),SAVANNAH,IL,2001,UNKNOWN,SPORT UTILITY VEHICLE (SUV),PERSONAL,N,STRAIGHT AHEAD,,,1,,,,,Y,,,,,,,,,,Y,Y,N,FRONT,,,,,,,,,,,,,,,,,,,,,,,,,,,,,,,,,
2134407,a3f4ff9f7fe9b83d45c77ff1389ed39dd57505f075ebf5590a6e73acc094a31eb2e77a9ff676fb3f95ea997664d93f01db39a639611d66803e2962cc806e2639,08/22/2025 04:30:00 PM,2,DRIVER,,2034665,,VOLKSWAGEN,TIGUAN,IL,2023,UNKNOWN,PASSENGER,PERSONAL,W,STRAIGHT AHEAD,,,1,,,,,,,,,,,,,Y,Y,,,,SIDE-LEFT,,,,,,,,,,,,,,,,,,,,,,,,,,,,,,,,,
2134333,fad242831349e1f90c5af963f3f9f385defcce4901adad150cafe99f604f8f9d0b964f774d3fb7e98cd0bdbc65e74dcca57a179aaf54dc5a245cbc8e542463de,08/22/2025 04:30:00 PM,1,DRIVER,,2034596,,TOYOTA,CAMRY,IL,2019,NONE,PASSENGER,TAXI/FOR HIRE,W,STRAIGHT AHEAD,,,1,,,,Y,,,,,,,,,,,,,,NONE,,,,,,,,,,,,,,,,,,,,,,,,,,,,,,,,,
2134334,fad242831349e1f90c5af963f3f9f385defcce4901adad150cafe99f604f8f9d0b964f774d3fb7e98cd0bdbc65e74dcca57a179aaf54dc5a245cbc8e542463de,08/22/2025 04:30:00 PM,2,DRIVER,,2034611,,ACURA,SLX,IL,2009,OTHER,PASSENGER,PERSONAL,W,STRAIGHT AHEAD,,,1,,,,Y,,,,,,,,,,,,,,NONE,,,,,,,,,,,,,,,,,,,,,,,,,,,,,,,,,
2134439,fcde39797bcc743b7ab7ef1daebe8516937e073b818817f5ae014b271c92dd849bfe975449a87e45fecba50e16a4e8f310e0caa1f1dd9fd02ab7a673d5ccc9ed,08/22/2025 04:30:00 PM,1,DRIVER,,2034687,,UNKNOWN,OTHER (EXPLAIN IN NARRATIVE),,,UNKNOWN,UNKNOWN/NA,UNKNOWN/NA,N,UNKNOWN/NA,,,1,,,,,,,,,,,,,,,,,Y,UNKNOWN,,,,,,,,,,,,,,,,,,,,,,,,,,,,,,,,,
2134440,fcde39797bcc743b7ab7ef1daebe8516937e073b818817f5ae014b271c92dd849bfe975449a87e45fecba50e16a4e8f310e0caa1f1dd9fd02ab7a673d5ccc9ed,08/22/2025 04:30:00 PM,2,PARKED,,2034704,,TOYOTA,CAMRY,IL,2009,NONE,PASSENGER,PERSONAL,UNKNOWN,PARKED,,,0,,,,,,,,,,,,Y,,,,,,REAR-LEFT-CORNER,,,,,,,,,,,,,,,,,,,,,,,,,,,,,,,,,
2134880,86c0645269d4ece2e1d87b517b1f86e590321e02e000d1463171b9de2eec37fb0a8e06b68d6dcfa8008d7789124c41345d2858950e8e399cd9235bcd45ef914e,08/22/2025 04:20:00 PM,1,DRIVER,,2035129,,NISSAN,ROGUE,IL,2015,UNKNOWN,SPORT UTILITY VEHICLE (SUV),UNKNOWN/NA,UNKNOWN,UNKNOWN/NA,,,1,,,,,,,,,,,,,,,,,Y,UNKNOWN,,,,,,,,,,,,,,,,,,,,,,,,,,,,,,,,,
2134881,86c0645269d4ece2e1d87b517b1f86e590321e02e000d1463171b9de2eec37fb0a8e06b68d6dcfa8008d7789124c41345d2858950e8e399cd9235bcd45ef914e,08/22/2025 04:20:00 PM,2,PARKED,,2035136,,MERCEDES-BENZ,C-CLASS,IL,2017,NONE,PASSENGER,NOT IN USE,W,PARKED,,,0,,,,,,,,,,,,,,Y,Y,,,FRONT-LEFT-CORNER,,,,,,,,,,,,,,,,,,,,,,,,,,,,,,,,,
2134398,af330643578a52db031b60eb42a149f4fbad83a03b6fe844768eebbab843ac488dfe68aa48c6f7100fd408dc0736faa2ef7a0fe42fde804c5e9639782acf0cc9,08/22/2025 04:17:00 PM,1,DRIVER,1,2034655,,HONDA,CIVIC,IL,2009,UNKNOWN,PASSENGER,UNKNOWN/NA,S,STRAIGHT AHEAD,,,2,,,,,,,,,,,,,,,,,,FRONT,,,,,,,,,,,,,,,,,,,,,,,,,,,,,,,,,
2134399,af330643578a52db031b60eb42a149f4fbad83a03b6fe844768eebbab843ac488dfe68aa48c6f7100fd408dc0736faa2ef7a0fe42fde804c5e9639782acf0cc9,08/22/2025 04:17:00 PM,2,DRIVER,,2034668,,SUBARU,OUTBACK,IL,2021,NONE,PASSENGER,PERSONAL,S,SLOW/STOP IN TRAFFIC,,,1,,,,,,,,,,Y,,,,,,,,REAR,,,,,,,,,,,,,,,,,,,,,,,,,,,,,,,,,
2134425,b7d5dfee394c0b5ad2d2ba4687528928a9f76868dc1c106778578f930c655770efe7557c495a03aac2499f01591753ad0eb3f3863ca68b83b40ef0a599a3e033,08/22/2025 04:15:00 PM,1,DRIVER,,2034684,,TOYOTA,HIGHLANDER,IL,2012,NONE,SPORT UTILITY VEHICLE (SUV),PERSONAL,N,LEAVING TRAFFIC LANE TO PARK,,,1,,,,,,Y,Y,Y,,,,,,,,,,SIDE-RIGHT,,,,,,,,,,,,,,,,,,,,,,,,,,,,,,,,,
2134426,b7d5dfee394c0b5ad2d2ba4687528928a9f76868dc1c106778578f930c655770efe7557c495a03aac2499f01591753ad0eb3f3863ca68b83b40ef0a599a3e033,08/22/2025 04:15:00 PM,2,DRIVER,3,2034699,,BMW,325I,IL,2005,NONE,PASSENGER,PERSONAL,N,OTHER,,,4,,,,,,,,,,,,,,Y,Y,Y,,FRONT-LEFT-CORNER,,,,,,,,,,,,,,,,,,,,,,,,,,,,,,,,,