CRASH_UNIT_ID,CRASH_RECORD_ID,CRASH_DATE,UNIT_NO,UNIT_TYPE,NUM_PASSENGERS,VEHICLE_ID,CMRC_VEH_I,MAKE,MODEL,LIC_PLATE_STATE,VEHICLE_YEAR,VEHICLE_DEFECT,VEHICLE_TYPE,VEHICLE_USE,TRAVEL_DIRECTION,MANEUVER,TOWED_I,FIRE_I,OCCUPANT_CNT,EXCEED_SPEED_LIMIT_I,TOWED_BY,TOWED_TO,AREA_00_I,AREA_01_I,AREA_02_I,AREA_03_I,AREA_04_I,AREA_05_I,AREA_06_I,AREA_07_I,AREA_08_I,AREA_09_I,AREA_10_I,AREA_11_I,AREA_12_I,AREA_99_I,FIRST_CONTACT_POINT,CMV_ID,USDOT_NO,CCMC_NO,ILCC_NO,COMMERCIAL_SRC,GVWR,CARRIER_NAME,CARRIER_STATE,CARRIER_CITY,HAZMAT_PLACARDS_I,HAZMAT_NAME,UN_NO,HAZMAT_PRESENT_I,HAZMAT_REPORT_I,HAZMAT_REPORT_NO,MCS_REPORT_I,MCS_REPORT_NO,HAZMAT_VIO_CAUSE_CRASH_I,MCS_VIO_CAUSE_CRASH_I,IDOT_PERMIT_NO,WIDE_LOAD_I,TRAILER1_WIDTH,TRAILER2_WIDTH,TRAILER1_LENGTH,TRAILER2_LENGTH,TOTAL_VEHICLE_LENGTH,AXLE_CNT,VEHICLE_CONFIG,CARGO_BODY_TYPE,LOAD_TYPE,HAZMAT_OUT_OF_SERVICE_I,MCS_OUT_OF_SERVICE_I,HAZMAT_CLASS
2134303,efa4e8b0100e6e7b51a4265126c655a6834163f143bd707d672f659ac06454e3d850037b2a80060e00ac166c935efd8aabf597120da16e4d4b78c3d9e55b1633,08/22/2025 04:15:00 PM,1,DRIVER,,2034602,,FORD,F250,IL,2015,NONE,PICKUP,PERSONAL,W,STRAIGHT AHEAD,,,1,,,,,Y,,,,,,,,,,Y,Y,,FRONT,,,,,,,,,,,,,,,,,,,,,,,,,,,,,,,,,
2134304,efa4e8b0100e6e7b51a4265126c655a6834163f143bd707d672f659ac06454e3d850037b2a80060e00ac166c935efd8aabf597120da16e4d4b78c3d9e55b1633,08/22/2025 04:15:00 PM,2,DRIVER,,2034565,,TOYOTA,RAV4,IL,2018,NONE,SPORT UTILITY VEHICLE (SUV),PERSONAL,W,STRAIGHT AHEAD,,,1,,,,,,,,,Y,Y,Y,,,,,,,REAR,,,,,,,,,,,,,,,,,,,,,,,,,,,,,,,,,
2134356,2a2e643b858a4d127bb92fd107ccc5d22693d9236cc9f2b8f7afbf84dcab20daff4f23aed6d7ea99d77e48bafd8210d92b6eb1eb53969ada13494ccc2070dd32,08/22/2025 04:10:00 PM,1,DRIVER,,2034609,,KIA,SEDONA,WI,2019,UNKNOWN,PASSENGER,PERSONAL,W,TURNING LEFT,,,1,,,,N,,,,,,,,,,,,,Y,UNKNOWN,,,,,,,,,,,,,,,,,,,,,,,,,,,,,,,,,
2134357,2a2e643b858a4d127bb92fd107ccc5d22693d9236cc9f2b8f7afbf84dcab20daff4f23aed6d7ea99d77e48bafd8210d92b6eb1eb53969ada13494ccc2070dd32,08/22/2025 04:10:00 PM,2,DRIVER,,2034633,,COOPER,COOPER,IL,2023,NONE,PASSENGER,PERSONAL,W,STRAIGHT AHEAD,,,1,,,,,Y,Y,,,,,,,,,,,,FRONT-LEFT-CORNER,,,,,,,,,,,,,,,,,,,,,,,,,,,,,,,,,
2134352,3722cb78922264203d621a573038ae068256eb3a596a59bcf53dc4ce82da3be81714801304d6aa2ec51385f8ebb5269f5bf2b262ac91791a721764b70d33e798,08/22/2025 04:10:00 PM,1,DRIVER,,2034607,,FORD,ESCAPE,IL,2017,NONE,SPORT UTILITY VEHICLE (SUV),PERSONAL,W,OTHER,,,1,,,,,,,,,,,,,,,Y,,,FRONT-LEFT-CORNER,,,,,,,,,,,,,,,,,,,,,,,,,,,,,,,,,
2134353,3722cb78922264203d621a573038ae068256eb3a596a59bcf53dc4ce82da3be81714801304d6aa2ec51385f8ebb5269f5bf2b262ac91791a721764b70d33e798,08/22/2025 04:10:00 PM,2,PARKED,,2034608,,NISSAN,ROGUE,IL,2017,NONE,PASSENGER,NOT IN USE,E,PARKED,,,0,,,,,,,,,,,,,,,Y,,,FRONT-LEFT-CORNER,,,,,,,,,,,,,,,,,,,,,,,,,,,,,,,,,
2134479,95c31e3525b560173546c6029f611bfb5636e5a81d6fd3817bc1795b009383d95681da188c201399dfef19bebb2f2746352e0dd7d8b5744a4f3a31c77ad6b276,08/22/2025 04:10:00 PM,1,DRIVER,,2034737,,UNKNOWN,OTHER (EXPLAIN IN NARRATIVE),IL,,UNKNOWN,PICKUP,UNKNOWN/NA,W,STRAIGHT AHEAD,,,1,,,,,,,,,,,,,,,Y,Y,,FRONT,,,,,,,,,,,,,,,,,,,,,,,,,,,,,,,,,
2134480,95c31e3525b560173546c6029f611bfb5636e5a81d6fd3817bc1795b009383d95681da188c201399dfef19bebb2f2746352e0dd7d8b5744a4f3a31c77ad6b276,08/22/2025 04:10:00 PM,2,DRIVER,,2034739,,MAZDA,MAZDA3,IL,2016,NONE,PASSENGER,PERSONAL,S,TURNING LEFT,,,1,,,,,,,,,,,Y,Y,,,,,,SIDE-LEFT-REAR,,,,,,,,,,,,,,,,,,,,,,,,,,,,,,,,,
2134362,892c947756ce782ce44e5399e9c81497ac7fd4da3519fb63e9cefd6b11c98f9f033910e88c7a3fc40a5d560e83bd552155762b2cb24c45fe5bfde907c595bb65,08/22/2025 04:06:00 PM,1,DRIVER,,2034623,,FREIGHTLINER CORPORATION,FREIGHTLINER CORP.,IL,2015,NONE,SINGLE UNIT TRUCK WITH TRAILER,OTHER,S,STRAIGHT AHEAD,,,1,,,,Y,,,,,,N,,,,,,,,REAR,,,,,,,,,,,,,,,,,,,,,,,,,,,,,,,,,
2136230,1178d7d2546adb0fe46138ce9e78130cf4fcc8d09216b0504efa8269234d4ab7d52e08cfbed94388d8c59a7f21c8e9b3b94d05246eedf59e073ab54593bafed5,08/22/2025 04:05:00 PM,1,DRIVER,,2036418,,CHEVROLET,TRAVERSE,IL,9999,NONE,SPORT UTILITY VEHICLE (SUV),PERSONAL,E,STRAIGHT AHEAD,,,1,,,,,,,,,,,,,,,,Y,,FRONT,,,,,,,,,,,,,,,,,,,,,,,,,,,,,,,,,
2136231,1178d7d2546adb0fe46138ce9e78130cf4fcc8d09216b0504efa8269234d4ab7d52e08cfbed94388d8c59a7f21c8e9b3b94d05246eedf59e073ab54593bafed5,08/22/2025 04:05:00 PM,2,DRIVER,,2036420,,CADILLAC,XTS,IL,2014,NONE,PASSENGER,PERSONAL,E,STRAIGHT AHEAD,,,1,,,,,,,,,,Y,,,,,,,,REAR,,,,,,,,,,,,,,,,,,,,,,,,,,,,,,,,,
2134281,f65bb2ed3a93f46969a982dfcecdeef9ac1237b166826b0c309c37d92493c5ce5889887da76a86f2b27569109c80193f00eece579debf554bc28d5ff8838f08c,08/22/2025 04:01:00 PM,1,DRIVER,,2034548,,MAZDA,MAZDA3,IL,2010,NONE,PASSENGER,PERSONAL,N,STRAIGHT AHEAD,,,1,,,,,,,,,,,,Y,Y,Y,Y,,,SIDE-LEFT,,,,,,,,,,,,,,,,,,,,,,,,,,,,,,,,,
2134282,f65bb2ed3a93f46969a982dfcecdeef9ac1237b166826b0c309c37d92493c5ce5889887da76a86f2b27569109c80193f00eece579debf554bc28d5ff8838f08c,08/22/2025 04:01:00 PM,2,DRIVER,,2034551,,NISSAN,PATHFINDER,IL,2005,NONE,PASSENGER,PERSONAL,N,STRAIGHT AHEAD,,,1,,,,,Y,Y,Y,,,,,,,,,,,FRONT-RIGHT-CORNER,,,,,,,,,,,,,,,,,,,,,,,,,,,,,,,,,
2134344,16187d480e281ca374839c13cd13d7db33c460c0bea2066e69256c1614030b8233f1c05b6c385684b3661f6ddfd1f624fcdb069c9bbcc15a5f06b4608d22aad1,08/22/2025 04:00:00 PM,1,DRIVER,,2034613,,UNKNOWN,OTHER (EXPLAIN IN NARRATIVE),IL,,NONE,PASSENGER,PERSONAL,UNKNOWN,STRAIGHT AHEAD,,,1,,,,,,,,,,,,,,,,,Y,UNKNOWN,,,,,,,,,,,,,,,,,,,,,,,,,,,,,,,,,
2134345,16187d480e281ca374839c13cd13d7db33c460c0bea2066e69256c1614030b8233f1c05b6c385684b3661f6ddfd1f624fcdb069c9bbcc15a5f06b4608d22aad1,08/22/2025 04:00:00 PM,2,PARKED,,2034590,,TOYOTA,RAV4,IL,2021,NONE,PASSENGER,PERSONAL,UNKNOWN,PARKED,,,0,,,,,,,,N,Y,Y,Y,Y,,,,,,REAR,,,,,,,,,,,,,,,,,,,,,,,,,,,,,,,,,
2136404,4b3976ed3b32da0e24de245b98e067c7f907acd21e92283ba059bdce7f3b1ce1de826b3cc09550f2d3ed3b697327bea91415edcbb72f1170dc50a815b86747f7,08/22/2025 04:00:00 PM,1,DRIVER,,2036595,,HONDA,PILOT,IL,2022,NONE,PASSENGER,UNKNOWN/NA,S,TURNING LEFT,,,1,,,,,,,,,,,,,,,Y,,,FRONT-LEFT-CORNER,,,,,,,,,,,,,,,,,,,,,,,,,,,,,,,,,
2136405,4b3976ed3b32da0e24de245b98e067c7f907acd21e92283ba059bdce7f3b1ce1de826b3cc09550f2d3ed3b697327bea91415edcbb72f1170dc50a815b86747f7,08/22/2025 04:00:00 PM,2,DRIVER,,2036597,,TESLA,MODEL S,IL,2015,NONE,PASSENGER,PERSONAL,W,STRAIGHT AHEAD,,,1,,,,,Y,,,,,,,,,,,,,FRONT-RIGHT-CORNER,,,,,,,,,,,,,,,,,,,,,,,,,,,,,,,,,
2134369,a774ad3dc8d9a5b8c7f6100daaaa5b01f51ec054326cf0cf44d753604868b39e51105ac49e3007e8b99f050a8856551188de993913b7d51e88d105df7181e0b6,08/22/2025 04:00:00 PM,1,DRIVER,,2034631,,HYUNDAI,TUCSON,IL,2022,NONE,PASSENGER,PERSONAL,W,STRAIGHT AHEAD,,,1,,,,,,,,Y,,,,,,,,,,SIDE-RIGHT-REAR,,,,,,,,,,,,,,,,,,,,,,,,,,,,,,,,,
2134370,a774ad3dc8d9a5b8c7f6100daaaa5b01f51ec054326cf0cf44d753604868b39e51105ac49e3007e8b99f050a8856551188de993913b7d51e88d105df7181e0b6,08/22/2025 04:00:00 PM,2,PEDESTRIAN,,,,,,,,,,,,,,,,,,,,,,,,,,,,,,,,,,,,,,,,,,,,,,,,,,,,,,,,,,,,,,,,,,
2135738,b80536af559411563ae2c095fe9b2402b96acbbb6b7e8755e02e83dd3dd6417e2e2af2fdce9739993d31650588b34750f4514d44b37bd87c09b15ecdffe1ed6d,08/22/2025 04:00:00 PM,1,DRIVER,,2035939,,HONDA,ODYSSEY,IL,2006,UNKNOWN,VAN/MINI-VAN,UNKNOWN/NA,UNKNOWN,BACKING,,,1,,,,,,,,,,,,,,,,,Y,REAR,,,,,,,,,,,,,,,,,,,,,,,,,,,,,,,,,
2135739,b80536af559411563ae2c095fe9b2402b96acbbb6b7e8755e02e83dd3dd6417e2e2af2fdce9739993d31650588b34750f4514d44b37bd87c09b15ecdffe1ed6d,08/22/2025 04:00:00 PM,2,PARKED,,2035940,,UNKNOWN,OTHER (EXPLAIN IN NARRATIVE),IL,2022,UNKNOWN,MOPED OR MOTORIZED BICYCLE,NOT IN USE,UNKNOWN,PARKED,,,0,,,,,Y,Y,Y,,,,,,,,,,Y,FRONT-RIGHT-CORNER,,,,,,,,,,,,,,,,,,,,,,,,,,,,,,,,,
2135740,b80536af559411563ae2c095fe9b2402b96acbbb6b7e8755e02e83dd3dd6417e2e2af2fdce9739993d31650588b34750f4514d44b37bd87c09b15ecdffe1ed6d,08/22/2025 04:00:00 PM,3,PARKED,,2035941,,TESLA,MODEL Y,IL,2026,UNKNOWN,SPORT UTILITY VEHICLE (SUV),UNKNOWN/NA,UNKNOWN,PARKED,,,0,,,,,,,,,,,,,,,,Y,,FRONT,,,,,,,,,,,,,,,,,,,,,,,,,,,,,,,,,
2134289,cd623643ff3b034001be9be2b3e514053608c4698e2a284ad4854cd67cd204a801d2aaaa8d7ac52be3cd52a5e63f54d9024d5e02091ca89180d798ab13701ce6,08/22/2025 04:00:00 PM,1,DRIVER,,2034553,,NISSAN,ALTIMA,IL,2019,NONE,PASSENGER,PERSONAL,N,AVOIDING VEHICLES/OBJECTS,,,1,,,,,Y,,,,Y,,,,,,,,,SIDE-RIGHT,,,,,,,,,,,,,,,,,,,,,,,,,,,,,,,,,
2134290,cd623643ff3b034001be9be2b3e514053608c4698e2a284ad4854cd67cd204a801d2aaaa8d7ac52be3cd52a5e63f54d9024d5e02091ca89180d798ab13701ce6,08/22/2025 04:00:00 PM,2,DRIVER,2,2034558,,CHEVROLET,MALIBU,IL,2015,NONE,PASSENGER,PERSONAL,N,STRAIGHT AHEAD,,,3,,,,,,,,,,,Y,,,,,,,REAR-LEFT-CORNER,,,,,,,,,,,,,,,,,,,,,,,,,,,,,,,,,
2134381,01cf951d0dc0f898fc803a081ea733427db6d677a39891b1edcc8b1d8a397e5024357e7ecc0cbc7053e4b2627109f75757bc52685376cfdffafddb67fff0406b,08/22/2025 03:59:00 PM,1,DRIVER,,2034635,,UNKNOWN,WHEELS ONLY,XX,,NONE,PASSENGER,UNKNOWN/NA,S,UNKNOWN/NA,,,1,,,,,,,,,,,,,,,,,,UNKNOWN,,,,,,,,,,,,,,,,,,,,,,,,,,,,,,,,,
2134382,01cf951d0dc0f898fc803a081ea733427db6d677a39891b1edcc8b1d8a397e5024357e7ecc0cbc7053e4b2627109f75757bc52685376cfdffafddb67fff0406b,08/22/2025 03:59:00 PM,2,PARKED,,2034642,,KIA,TELLURIDE,IL,2020,NONE,PASSENGER,PERSONAL,S,PARKED,,,0,,,,,,,,,,Y,Y,Y,Y,,,,,SIDE-LEFT-REAR,,,,,,,,,,,,,,,,,,,,,,,,,,,,,,,,,
2134350,3edcdfb5389ad147889768dc95ed0aa68527ef7b4e63de5f82256b370dcf23aa1e148ec6371c1b76d474e1b8739ab1b8f09fe8754be2e1146db137727c297d7a,08/22/2025 03:50:00 PM,2,DRIVER,,2034644,Y,KENWORTH MOTOR TRUCK COMPANY,KENWORTH MOTOR TRUCK CO.,IL,2007,NONE,TRACTOR W/ SEMI-TRAILER,OTHER,E,TURNING RIGHT,,,1,,,,,Y,Y,,,,,,,,,,Y,,FRONT-RIGHT-CORNER,"22,058",,,,,,,,,,,,N,N,,N,,N,N,,,,,,,,,TRACTOR/SEMI-TRAILER,AUTO TRANSPORTER,OTHER,N,N,
2134351,3edcdfb5389ad147889768dc95ed0aa68527ef7b4e63de5f82256b370dcf23aa1e148ec6371c1b76d474e1b8739ab1b8f09fe8754be2e1146db137727c297d7a,08/22/2025 03:50:00 PM,1,DRIVER,,2034618,,DODGE,CHARGER,IL,2018,NONE,PASSENGER,PERSONAL,E,TURNING RIGHT,,,1,,,,,,,,,,,Y,Y,Y,,,,,SIDE-LEFT,,,,,,,,,,,,,,,,,,,,,,,,,,,,,,,,,
2134265,a7019f61ea88c52d7ee8fc057ebc33dc7e73c1d584d9d78698c4b6e7f26c4ceb75a05e4ffcbf6a1d480620b60b173136c2362246b6ff4a73910aff5010de3778,08/22/2025 03:48:00 PM,1,DRIVER,1,2034535,,CHEVROLET,IMPALA,IL,2015,UNKNOWN,PASSENGER,PERSONAL,S,STRAIGHT AHEAD,,,2,,,,,,,,,,,,,,,,Y,,FRONT,,,,,,,,,,,,,,,,,,,,,,,,,,,,,,,,,
2134266,a7019f61ea88c52d7ee8fc057ebc33dc7e73c1d584d9d78698c4b6e7f26c4ceb75a05e4ffcbf6a1d480620b60b173136c2362246b6ff4a73910aff5010de3778,08/22/2025 03:48:00 PM,2,DRIVER,,2034541,,FORD,FIESTA,IL,2017,UNKNOWN,PASSENGER,PERSONAL,S,STRAIGHT AHEAD,,,1,,,,,,,,,Y,Y,Y,,,,,,,REAR,,,,,,,,,,,,,,,,,,,,,,,,,,,,,,,,,
2134379,78768ac7a3542b0a9c1c3a2c652af60259c2b6baa228e0812510f16ec56fad521577fa9d340052acbbeabfc19774472e3a994d2762c5a074649909512e477299,08/22/2025 03:45:00 PM,1,DRIVER,,2034636,,HONDA,CIVIC,IL,2003,UNKNOWN,PASSENGER,PERSONAL,W,BACKING,,,1,,,,,,,,,,,Y,,,,,,,REAR-LEFT-CORNER,,,,,,,,,,,,,,,,,,,,,,,,,,,,,,,,,
2134380,78768ac7a3542b0a9c1c3a2c652af60259c2b6baa228e0812510f16ec56fad521577fa9d340052acbbeabfc19774472e3a994d2762c5a074649909512e477299,08/22/2025 03:45:00 PM,2,DRIVER,1,2034645,,HONDA,FIT,IL,2008,UNKNOWN,PASSENGER,PERSONAL,E,BACKING,,,2,,,,,,,,,,,Y,,,,,,,REAR-LEFT-CORNER,,,,,,,,,,,,,,,,,,,,,,,,,,,,,,,,,
2134550,904b757dc1a120ad39bce80bb8ee7e68d58b4ba218403ccdde27721a19632d514e3cc6e82f3c65293ac6cf034e0df863be48691708c954e5e897385ec396beca,08/22/2025 03:44:00 PM,1,DRIVER,,2034801,,HONDA,CR-V,IL,2015,UNKNOWN,PASSENGER,PERSONAL,N,STRAIGHT AHEAD,,,1,,,,,,,,,,Y,,,,,,,,FRONT,,,,,,,,,,,,,,,,,,,,,,,,,,,,,,,,,
2134551,904b757dc1a120ad39bce80bb8ee7e68d58b4ba218403ccdde27721a19632d514e3cc6e82f3c65293ac6cf034e0df863be48691708c954e5e897385ec396beca,08/22/2025 03:44:00 PM,2,DRIVER,,2034799,,CHEVROLET,CAMARO,IL,2024,UNKNOWN,PASSENGER,PERSONAL,N,SLOW/STOP IN TRAFFIC,,,1,,,,,,,,,,Y,,,,,,,,REAR,,,,,,,,,,,,,,,,,,,,,,,,,,,,,,,,,
2134363,5b00f59b7089696d6ae982f95b5a7bf1456e4a310755774534ae0ec2904b6f4ea620a68b769b81315efbbe4bae38575a79ec2d212c63cdfc19e894518ae67d71,08/22/2025 03:43:00 PM,1,DRIVER,,2034617,,MAZDA,OTHER (EXPLAIN IN NARRATIVE),IL,,NONE,SPORT UTILITY VEHICLE (SUV),UNKNOWN/NA,NE,CHANGING LANES,,,1,,,,,Y,,,,,,,,,,,Y,,FRONT-RIGHT-CORNER,,,,,,,,,,,,,,,,,,,,,,,,,,,,,,,,,
2134364,5b00f59b7089696d6ae982f95b5a7bf1456e4a310755774534ae0ec2904b6f4ea620a68b769b81315efbbe4bae38575a79ec2d212c63cdfc19e894518ae67d71,08/22/2025 03:43:00 PM,2,DRIVER,,2034625,,CHEVROLET,TRAX,IL,2024,NONE,PASSENGER,PERSONAL,E,SLOW/STOP IN TRAFFIC,,,1,,,,,,,,,,Y,Y,,,,,,,SIDE-LEFT-REAR,,,,,,,,,,,,,,,,,,,,,,,,,,,,,,,,,
2134340,d2084873f13192e745170539d1e0e3aa5bcd7d36c7957385dfe0c9775b06bd97697a5b01f1989bb5eb418f636c53f8a9b43fac06092b7411c3c001f28620a848,08/22/2025 03:41:00 PM,1,DRIVER,,2034605,,FORD,OTHER (EXPLAIN IN NARRATIVE),IL,2013,NONE,SPORT UTILITY VEHICLE (SUV),PERSONAL,S,STRAIGHT AHEAD,,,1,,,,Y,,,,,,,,,,,,N,,FRONT,,,,,,,,,,,,,,,,,,,,,,,,,,,,,,,,,
2134341,d2084873f13192e745170539d1e0e3aa5bcd7d36c7957385dfe0c9775b06bd97697a5b01f1989bb5eb418f636c53f8a9b43fac06092b7411c3c001f28620a848,08/22/2025 03:41:00 PM,2,DRIVER,1,2034597,,CHEVROLET,TRAX,IL,2024,NONE,SPORT UTILITY VEHICLE (SUV),PERSONAL,S,SLOW/STOP IN TRAFFIC,,,2,,,,,,,,,Y,Y,Y,,,,,,,REAR,,,,,,,,,,,,,,,,,,,,,,,,,,,,,,,,,
2134385,cf028457fa5a22cd8904415ab842798e85eee0ee1323efec4e901bad4596791e490fcea73a096c29833fe9e36fde12a993c842ce0ef83d327037810012f7ffd7,08/22/2025 03:40:00 PM,1,DRIVER,,2034639,N,(UNLISTED CONSTRUCTION EQUIPMENT MAKE),(UNLISTED CONSTRUCTION EQUIPMENT MAKE),IL,2015,NONE,OTHER,CONSTRUCTION/MAINTENANCE,N,STRAIGHT AHEAD,,,1,,,,,,,,,,,,,,,,,,OTHER,,,,,,,,,,,,,,,,,,,,,,,,,,,,,,,,,
2134400,0cb8ed5cdf63f0cc851ab0beb63bf7ffce2f1e441db2d4f1e03564ae6e3845beecc8e27496c9de1002b6fb5b410f191695cdd3254c53f9d9b88a5fd8b69b63f2,08/22/2025 03:35:00 PM,1,DRIVER,,2034653,,HONDA,CR-V,IL,2006,NONE,PASSENGER,PERSONAL,N,STRAIGHT AHEAD,,,1,,,,,,,,,,,,,,Y,Y,,,FRONT-LEFT-CORNER,,,,,,,,,,,,,,,,,,,,,,,,,,,,,,,,,
2134401,0cb8ed5cdf63f0cc851ab0beb63bf7ffce2f1e441db2d4f1e03564ae6e3845beecc8e27496c9de1002b6fb5b410f191695cdd3254c53f9d9b88a5fd8b69b63f2,08/22/2025 03:35:00 PM,2,DRIVER,1,2034666,,NISSAN,KICKS,IL,2023,NONE,PASSENGER,PERSONAL,S,STRAIGHT AHEAD,,,2,,,,,,,,,,,,,,Y,Y,,,FRONT-LEFT-CORNER,,,,,,,,,,,,,,,,,,,,,,,,,,,,,,,,,
2134873,31d25949a6768fd05bde07cd896e9ef7f7552bf82a6b27740acfbfa50780ac00cd7018c1bccdfe3ce405dac52ab343895d8f2b9ef37267d22a1072f6ba4554e1,08/22/2025 03:35:00 PM,1,DRIVER,,2035118,,NISSAN,VERSA,GA,2024,UNKNOWN,PASSENGER,UNKNOWN/NA,E,STRAIGHT AHEAD,,,1,,,,,,,,,,,,,,,,,Y,UNKNOWN,,,,,,,,,,,,,,,,,,,,,,,,,,,,,,,,,
2134874,31d25949a6768fd05bde07cd896e9ef7f7552bf82a6b27740acfbfa50780ac00cd7018c1bccdfe3ce405dac52ab343895d8f2b9ef37267d22a1072f6ba4554e1,08/22/2025 03:35:00 PM,2,PEDESTRIAN,,,,,,,,,,,,,,,,,,,,,,,,,,,,,,,,,,,,,,,,,,,,,,,,,,,,,,,,,,,,,,,,,,
2134469,c95ba2679de29f8d74c5a7ed16ec658dafc78f8e67069260553a0a65bb7a1701d8d09a68d7edfc28988222b71f5f55cce7950686bc0f59168e46d0f28d374079,08/22/2025 03:35:00 PM,1,DRIVER,,2034727,,CHRYSLER,TOWN & COUNTRY,IL,2010,UNKNOWN,VAN/MINI-VAN,PERSONAL,S,STRAIGHT AHEAD,,,1,,,,,,,,,,,,,,,,Y,,FRONT,,,,,,,,,,,,,,,,,,,,,,,,,,,,,,,,,
2134470,c95ba2679de29f8d74c5a7ed16ec658dafc78f8e67069260553a0a65bb7a1701d8d09a68d7edfc28988222b71f5f55cce7950686bc0f59168e46d0f28d374079,08/22/2025 03:35:00 PM,2,PARKED,,2034743,,JEEP,CHEROKEE,IL,2016,UNKNOWN,SPORT UTILITY VEHICLE (SUV),NOT IN USE,S,PARKED,Y,,0,,Private,,,,,,,,Y,,,,,,Y,,REAR,,,,,,,,,,,,,,,,,,,,,,,,,,,,,,,,,
2134471,c95ba2679de29f8d74c5a7ed16ec658dafc78f8e67069260553a0a65bb7a1701d8d09a68d7edfc28988222b71f5f55cce7950686bc0f59168e46d0f28d374079,08/22/2025 03:35:00 PM,3,PARKED,,2034748,,NISSAN,MAXIMA,MN,2014,UNKNOWN,PASSENGER,NOT IN USE,S,PARKED,Y,,0,,Private,,,,,,,,Y,,,,,,Y,,REAR,,,,,,,,,,,,,,,,,,,,,,,,,,,,,,,,,
2134472,c95ba2679de29f8d74c5a7ed16ec658dafc78f8e67069260553a0a65bb7a1701d8d09a68d7edfc28988222b71f5f55cce7950686bc0f59168e46d0f28d374079,08/22/2025 03:35:00 PM,4,PARKED,,2034754,,FORD,FOCUS,IL,2012,UNKNOWN,PASSENGER,NOT IN USE,S,PARKED,,,0,,,,,,,,,,Y,,,,,,Y,,REAR,,,,,,,,,,,,,,,,,,,,,,,,,,,,,,,,,
2134473,c95ba2679de29f8d74c5a7ed16ec658dafc78f8e67069260553a0a65bb7a1701d8d09a68d7edfc28988222b71f5f55cce7950686bc0f59168e46d0f28d374079,08/22/2025 03:35:00 PM,5,PARKED,,2034757,,CHEVROLET,TRAVERSE,IL,2023,UNKNOWN,SPORT UTILITY VEHICLE (SUV),NOT IN USE,S,PARKED,,,0,,,,,,,,,,Y,,,,,,,,REAR,,,,,,,,,,,,,,,,,,,,,,,,,,,,,,,,,
2134335,abe2dc45a823bb1afeefb9073d48ecb1de9b736c875307cf639d8671bdbcd675883828d810730f7ff259b45820775f824ee4c04d999e71e1d78907a7bba82f1c,08/22/2025 03:33:00 PM,1,DRIVER,,2034604,,GENERAL MOTORS CORPORATION (GMC),TERRAIN,IL,2019,NONE,PASSENGER,PERSONAL,SE,BACKING,,,1,,,,,,,,,N,Y,N,,,,,,Y,REAR,,,,,,,,,,,,,,,,,,,,,,,,,,,,,,,,,
2134336,abe2dc45a823bb1afeefb9073d48ecb1de9b736c875307cf639d8671bdbcd675883828d810730f7ff259b45820775f824ee4c04d999e71e1d78907a7bba82f1c,08/22/2025 03:33:00 PM,2,DRIVER,,2034614,,TESLA,MODEL 3,IL,2018,NONE,PASSENGER,PERSONAL,SE,CHANGING LANES,,,1,,,,,,,,,,,,,,,,Y,Y,FRONT,,,,,,,,,,,,,,,,,,,,,,,,,,,,,,,,,
2135899,378fdf571451a2936c6fb17b386036720918b54fdfff1bd8d010d2714f94d45a21fb5ffd4407bd0ebc1771cc05a835f19366a4c56ab8881beb9688776c89b5e7,08/22/2025 03:30:00 PM,1,DRIVER,,2036092,,NISSAN,SENTRA,,,UNKNOWN,PASSENGER,PERSONAL,S,PASSING/OVERTAKING,,,1,,,,,,,,,,,,,,Y,Y,N,,FRONT-LEFT-CORNER,,,,,,,,,,,,,,,,,,,,,,,,,,,,,,,,,
2135900,378fdf571451a2936c6fb17b386036720918b54fdfff1bd8d010d2714f94d45a21fb5ffd4407bd0ebc1771cc05a835f19366a4c56ab8881beb9688776c89b5e7,08/22/2025 03:30:00 PM,2,DRIVER,,2036093,N,FREIGHTLINER CORPORATION,OTHER (EXPLAIN IN NARRATIVE),IL,1993,NONE,OTHER,OTHER,S,STRAIGHT AHEAD,,,1,,,,,,,,,Y,Y,,,,,,,,REAR-RIGHT-CORNER,,,,,,,,,,,,,,,,,,,,,,,,,,,,,,,,,
2135903,378fdf571451a2936c6fb17b386036720918b54fdfff1bd8d010d2714f94d45a21fb5ffd4407bd0ebc1771cc05a835f19366a4c56ab8881beb9688776c89b5e7,08/22/2025 03:30:00 PM,3,PEDESTRIAN,,,,,,,,,,,,,,,,,,,,,,,,,,,,,,,,,,,,,,,,,,,,,,,,,,,,,,,,,,,,,,,,,,
2134305,5d76de7d3cd0449c70b8ef664b7fc21f4ff3c014c5a60fb994e234b03b78d949b4471bffd14125b1536b13d1e3ee694fc4ea195ef35dc842a3127548b3008e22,08/22/2025 03:30:00 PM,1,DRIVER,,2034563,,HONDA,ODYSSEY,IL,2011,NONE,VAN/MINI-VAN,UNKNOWN/NA,E,PASSING/OVERTAKING,,,1,,,,,,,,,,,,Y,Y,Y,Y,,,SIDE-LEFT,,,,,,,,,,,,,,,,,,,,,,,,,,,,,,,,,