CRASH_UNIT_ID,CRASH_RECORD_ID,CRASH_DATE,UNIT_NO,UNIT_TYPE,NUM_PASSENGERS,VEHICLE_ID,CMRC_VEH_I,MAKE,MODEL,LIC_PLATE_STATE,VEHICLE_YEAR,VEHICLE_DEFECT,VEHICLE_TYPE,VEHICLE_USE,TRAVEL_DIRECTION,MANEUVER,TOWED_I,FIRE_I,OCCUPANT_CNT,EXCEED_SPEED_LIMIT_I,TOWED_BY,TOWED_TO,AREA_00_I,AREA_01_I,AREA_02_I,AREA_03_I,AREA_04_I,AREA_05_I,AREA_06_I,AREA_07_I,AREA_08_I,AREA_09_I,AREA_10_I,AREA_11_I,AREA_12_I,AREA_99_I,FIRST_CONTACT_POINT,CMV_ID,USDOT_NO,CCMC_NO,ILCC_NO,COMMERCIAL_SRC,GVWR,CARRIER_NAME,CARRIER_STATE,CARRIER_CITY,HAZMAT_PLACARDS_I,HAZMAT_NAME,UN_NO,HAZMAT_PRESENT_I,HAZMAT_REPORT_I,HAZMAT_REPORT_NO,MCS_REPORT_I,MCS_REPORT_NO,HAZMAT_VIO_CAUSE_CRASH_I,MCS_VIO_CAUSE_CRASH_I,IDOT_PERMIT_NO,WIDE_LOAD_I,TRAILER1_WIDTH,TRAILER2_WIDTH,TRAILER1_LENGTH,TRAILER2_LENGTH,TOTAL_VEHICLE_LENGTH,AXLE_CNT,VEHICLE_CONFIG,CARGO_BODY_TYPE,LOAD_TYPE,HAZMAT_OUT_OF_SERVICE_I,MCS_OUT_OF_SERVICE_I,HAZMAT_CLASS
2134306,5d76de7d3cd0449c70b8ef664b7fc21f4ff3c014c5a60fb994e234b03b78d949b4471bffd14125b1536b13d1e3ee694fc4ea195ef35dc842a3127548b3008e22,08/22/2025 03:30:00 PM,2,DRIVER,,2034570,,PONTIAC,OTHER (EXPLAIN IN NARRATIVE),IL,2006,NONE,PASSENGER,PERSONAL,E,STRAIGHT AHEAD,,,1,,,,,Y,Y,Y,Y,Y,,,,,,,,,SIDE-RIGHT,,,,,,,,,,,,,,,,,,,,,,,,,,,,,,,,,
2134354,8f2209090e2b167c60d6bc8d62e7058a13a0195cdd3be838aea29ca1d11b1b4e007c7368660ef77c0167b16c4cb3362eead42ef539a2536a7513ea7507e0d923,08/22/2025 03:30:00 PM,1,DRIVER,,2034627,,CHEVROLET,MALIBU,IL,2016,NONE,PASSENGER,PERSONAL,W,TURNING RIGHT,,,1,,,,,,,,,,,,,,,Y,Y,,FRONT-LEFT-CORNER,,,,,,,,,,,,,,,,,,,,,,,,,,,,,,,,,
2134355,8f2209090e2b167c60d6bc8d62e7058a13a0195cdd3be838aea29ca1d11b1b4e007c7368660ef77c0167b16c4cb3362eead42ef539a2536a7513ea7507e0d923,08/22/2025 03:30:00 PM,2,DRIVER,,2034619,,DODGE,RAM 2500 PU,IL,1999,NONE,PICKUP,PERSONAL,E,STRAIGHT AHEAD,,,1,,,,,Y,,,,,,,,,,Y,Y,,FRONT,,,,,,,,,,,,,,,,,,,,,,,,,,,,,,,,,
2134258,977ebc977a786a8cb32e0b38611fa1341127be570a035d4cf279244e6cfde37cbf942381b3d51f8ca457a33d23fdb4d830cfb916d3882b188da4c752e4803eaf,08/22/2025 03:30:00 PM,1,DRIVER,,2034531,,CHEVROLET,TRUCK,IL,2006,UNKNOWN,TRUCK - SINGLE UNIT,UNKNOWN/NA,S,UNKNOWN/NA,,,1,,,,,Y,,,,,,,,,,Y,Y,,FRONT,,,,,,,,,,,,,,,,,,,,,,,,,,,,,,,,,
2134259,977ebc977a786a8cb32e0b38611fa1341127be570a035d4cf279244e6cfde37cbf942381b3d51f8ca457a33d23fdb4d830cfb916d3882b188da4c752e4803eaf,08/22/2025 03:30:00 PM,2,DRIVER,,2034539,,AUDI,Q5,IL,2018,NONE,PASSENGER,PERSONAL,S,STRAIGHT AHEAD,,,1,,,,,,,,,Y,Y,Y,,,,,,,REAR,,,,,,,,,,,,,,,,,,,,,,,,,,,,,,,,,
2134297,9d7672e3ea544eaed645bb5109b2bb30e6feee7299ea7998769993b234aec4cebd503b38b7b7b962bae63dd59a8faad43f2d480f058c3e458e09a6d3ed4204af,08/22/2025 03:30:00 PM,1,DRIVER,,2034569,,TOYOTA,CAMRY,IL,2019,UNKNOWN,PASSENGER,TAXI/FOR HIRE,W,STRAIGHT AHEAD,,,1,,,,,Y,,,,,,,,,,Y,Y,,FRONT,,,,,,,,,,,,,,,,,,,,,,,,,,,,,,,,,
2134298,9d7672e3ea544eaed645bb5109b2bb30e6feee7299ea7998769993b234aec4cebd503b38b7b7b962bae63dd59a8faad43f2d480f058c3e458e09a6d3ed4204af,08/22/2025 03:30:00 PM,2,DRIVER,2,2034580,,ACURA,ADX,IL,2009,NONE,PASSENGER,PERSONAL,W,SLOW/STOP IN TRAFFIC,,,3,,,,,,,,,Y,Y,Y,,,,,,,REAR,,,,,,,,,,,,,,,,,,,,,,,,,,,,,,,,,
2137248,aabb4d8020a2c1fcb54f487edd40aa165e8024af2612852d66052b3fab090f60f807e7ff41f2d070a9fdb0340a27b196b21184c133d99b57a6ee42f3721ad929,08/22/2025 03:30:00 PM,1,DRIVER,,2037393,,FORD,ESCAPE,IL,2007,NONE,PASSENGER,PERSONAL,N,BACKING,,,1,,,,,,,,,,,Y,,,,,,,REAR-LEFT-CORNER,,,,,,,,,,,,,,,,,,,,,,,,,,,,,,,,,
2137249,aabb4d8020a2c1fcb54f487edd40aa165e8024af2612852d66052b3fab090f60f807e7ff41f2d070a9fdb0340a27b196b21184c133d99b57a6ee42f3721ad929,08/22/2025 03:30:00 PM,2,PARKED,,2037396,,MAZDA,OTHER (EXPLAIN IN NARRATIVE),IL,2010,NONE,PASSENGER,PERSONAL,N,PARKED,,,0,,,,,,,,,,Y,Y,,,,,,,REAR-LEFT-CORNER,,,,,,,,,,,,,,,,,,,,,,,,,,,,,,,,,
2134315,af3abd6a56d4803a93b2687cd8c902076b8da9c471b75c81c2c59b353230af81d6f0e794b39e7e70edba19a8884cb8d13f2b68a286b98a28fceb420830bf486b,08/22/2025 03:30:00 PM,2,PEDESTRIAN,,,,,,,,,,,,,,,,,,,,,,,,,,,,,,,,,,,,,,,,,,,,,,,,,,,,,,,,,,,,,,,,,,
2134321,af3abd6a56d4803a93b2687cd8c902076b8da9c471b75c81c2c59b353230af81d6f0e794b39e7e70edba19a8884cb8d13f2b68a286b98a28fceb420830bf486b,08/22/2025 03:30:00 PM,1,DRIVER,,2034637,,MERCEDES-BENZ,S-CLASS,IL,2013,NONE,PASSENGER,PERSONAL,E,STRAIGHT AHEAD,,,1,,,,,Y,,,,,,,,,,Y,Y,,FRONT,,,,,,,,,,,,,,,,,,,,,,,,,,,,,,,,,
2134246,b14ebf55afe1efe1ddc664b35e71f657e4442142e96218441233f9795728331f65176dd9e2c92e6b67945e1df074723610dc7dd57fd89567b2e82b0192018ca3,08/22/2025 03:30:00 PM,1,DRIVER,,2034515,,PONTIAC,G6,,,UNKNOWN,PASSENGER,PERSONAL,N,STRAIGHT AHEAD,,,1,,,,,Y,Y,,,,,,,,,,,,FRONT-LEFT-CORNER,,,,,,,,,,,,,,,,,,,,,,,,,,,,,,,,,
2134247,b14ebf55afe1efe1ddc664b35e71f657e4442142e96218441233f9795728331f65176dd9e2c92e6b67945e1df074723610dc7dd57fd89567b2e82b0192018ca3,08/22/2025 03:30:00 PM,2,DRIVER,,2034519,,HYUNDAI,SONATA,,,UNKNOWN,PASSENGER,PERSONAL,N,STRAIGHT AHEAD,,,1,,,,,,,,,,,,,,,,,,REAR-LEFT-CORNER,,,,,,,,,,,,,,,,,,,,,,,,,,,,,,,,,
2134319,f742a8d523268a42f06f52caee58460873f062c3f24dce78e4664a4d245a4c1f0da1f2664e5a90188e83572966a5eb2c4e9c33004189735ed7f3aa11cd7ee3ef,08/22/2025 03:30:00 PM,1,DRIVER,,2034578,,CHEVROLET,TRAX,IL,2024,UNKNOWN,PASSENGER,UNKNOWN/NA,W,STRAIGHT AHEAD,,,1,,,,,,,,,,,,,,,,,,UNKNOWN,,,,,,,,,,,,,,,,,,,,,,,,,,,,,,,,,
2134320,f742a8d523268a42f06f52caee58460873f062c3f24dce78e4664a4d245a4c1f0da1f2664e5a90188e83572966a5eb2c4e9c33004189735ed7f3aa11cd7ee3ef,08/22/2025 03:30:00 PM,2,DRIVER,,2034585,,VOLKSWAGEN,TIGUAN,IL,2019,UNKNOWN,PASSENGER,PERSONAL,W,SLOW/STOP IN TRAFFIC,,,1,,,,,,,,,Y,,,,,,,,,REAR-RIGHT-CORNER,,,,,,,,,,,,,,,,,,,,,,,,,,,,,,,,,
2134309,1f832b993aa599c30b120aa28b526a6cb2b818cd47aef140a0713498368ec8ffa4d245d144443fd6aaac3dec0a259451a3955ca4cfb007ae094771c4e7f4c336,08/22/2025 03:27:00 PM,1,DRIVER,,2034572,,CHEVROLET,OTHER (EXPLAIN IN NARRATIVE),IL,2015,UNKNOWN,PASSENGER,UNKNOWN/NA,N,UNKNOWN/NA,,,1,,,,,Y,,,,,,,,,,Y,Y,,FRONT,,,,,,,,,,,,,,,,,,,,,,,,,,,,,,,,,
2134310,1f832b993aa599c30b120aa28b526a6cb2b818cd47aef140a0713498368ec8ffa4d245d144443fd6aaac3dec0a259451a3955ca4cfb007ae094771c4e7f4c336,08/22/2025 03:27:00 PM,2,DRIVER,,2034577,,VOLKSWAGEN,JETTA,IL,2021,NONE,PASSENGER,PERSONAL,N,STRAIGHT AHEAD,,,1,,,,,,,,,Y,Y,Y,,,,,,,REAR,,,,,,,,,,,,,,,,,,,,,,,,,,,,,,,,,
2134295,5d8417f394aab10c896a3f1a3e5b71c380002718aea837b362b2bde5ed575d6251e3dc5f736f18b7ba2d367614f036b8d0c057656580722a4a1fb0c650735196,08/22/2025 03:26:00 PM,1,DRIVER,,2034574,,AUDI,A5,IL,2020,NONE,PASSENGER,PERSONAL,E,PASSING/OVERTAKING,,,1,,,,,,,,,,,,,,,Y,,,FRONT-LEFT-CORNER,,,,,,,,,,,,,,,,,,,,,,,,,,,,,,,,,
2134296,5d8417f394aab10c896a3f1a3e5b71c380002718aea837b362b2bde5ed575d6251e3dc5f736f18b7ba2d367614f036b8d0c057656580722a4a1fb0c650735196,08/22/2025 03:26:00 PM,2,DRIVER,1,2034584,,HYUNDAI,TUCSON,IL,2022,NONE,PASSENGER,PERSONAL,SW,TURNING LEFT,,,2,,,,,Y,Y,,,,,,,,,,,,FRONT-RIGHT-CORNER,,,,,,,,,,,,,,,,,,,,,,,,,,,,,,,,,
2134262,4fa0dd4e7636fa57cda577c77815e5318fdd4d82607931709170dcb99717170cd24cba70be438ae505bdddebc2b043f06daeedc45fc16f28da89887df570e13a,08/22/2025 03:20:00 PM,1,DRIVER,,2034536,,UNKNOWN,OTHER (EXPLAIN IN NARRATIVE),,,NONE,OTHER,FIRE,S,OTHER,,,1,,,,,,,,,,,,,,,,,,OTHER,,,,,,,,,,,,,,,,,,,,,,,,,,,,,,,,,
2134548,bc892462a5a6d9f6d4bfd71e5ba828a034ee96676d1aec0616c0ac149cbc6bf131d368b7ea2915c8da44cffc28156377ebe8c0b44334eaeadf97d1699df87967,08/22/2025 03:19:00 PM,1,DRIVER,,2034796,,NISSAN,ROGUE,IL,2016,NONE,PASSENGER,PERSONAL,W,OTHER,,,1,,,,,Y,,,,,,,,,,,,,FRONT-RIGHT-CORNER,,,,,,,,,,,,,,,,,,,,,,,,,,,,,,,,,
2134549,bc892462a5a6d9f6d4bfd71e5ba828a034ee96676d1aec0616c0ac149cbc6bf131d368b7ea2915c8da44cffc28156377ebe8c0b44334eaeadf97d1699df87967,08/22/2025 03:19:00 PM,2,DRIVER,,2034797,,PONTIAC,CHIEFTAIN,IL,1953,NONE,PASSENGER,UNKNOWN/NA,W,UNKNOWN/NA,,,1,,,,,,,,,,,Y,,,,,,,REAR-LEFT-CORNER,,,,,,,,,,,,,,,,,,,,,,,,,,,,,,,,,
2134242,e72ffa78ea6ab83ffe6200a2636a8f9ab952ab9c36d342326dcf1d3d0df38ec38d3fa6600bc82ea473225e5ff4e15044bd8576754baf177f9c64c8f80608d2fb,08/22/2025 03:15:00 PM,1,DRIVER,,2034520,,HONDA,CR-V,IL,2006,UNKNOWN,SPORT UTILITY VEHICLE (SUV),UNKNOWN/NA,N,STRAIGHT AHEAD,,,1,,,,,Y,,,,,,,,,,Y,Y,,FRONT,,,,,,,,,,,,,,,,,,,,,,,,,,,,,,,,,
2134243,e72ffa78ea6ab83ffe6200a2636a8f9ab952ab9c36d342326dcf1d3d0df38ec38d3fa6600bc82ea473225e5ff4e15044bd8576754baf177f9c64c8f80608d2fb,08/22/2025 03:15:00 PM,2,DRIVER,1,2034514,,DODGE,JOURNEY,IL,2017,UNKNOWN,SPORT UTILITY VEHICLE (SUV),PERSONAL,S,STRAIGHT AHEAD,,,2,,,,,Y,,,,,,,,,,Y,Y,,FRONT,,,,,,,,,,,,,,,,,,,,,,,,,,,,,,,,,
2135083,f540395b8f3f21b558359b0eb4f4457126c7517a128811f49ff04b18783710dd8687bf355a84dddc382cf09a76d402a14d11c794f037defee471703cce887477,08/22/2025 03:15:00 PM,1,DRIVER,,2035311,,DODGE,CALIBER,IL,2010,UNKNOWN,PASSENGER,PERSONAL,E,STRAIGHT AHEAD,,,1,,,,,Y,,,,,,,,,,Y,Y,,FRONT,,,,,,,,,,,,,,,,,,,,,,,,,,,,,,,,,
2135084,f540395b8f3f21b558359b0eb4f4457126c7517a128811f49ff04b18783710dd8687bf355a84dddc382cf09a76d402a14d11c794f037defee471703cce887477,08/22/2025 03:15:00 PM,2,DRIVER,,2035320,,VOLKSWAGEN,ATLAS,IL,2020,UNKNOWN,PASSENGER,PERSONAL,S,STRAIGHT AHEAD,,,1,,,,,,Y,Y,Y,,,,,,,,,,SIDE-RIGHT,,,,,,,,,,,,,,,,,,,,,,,,,,,,,,,,,
2134383,efa721295ae14edd4a7e614a9e851be1db80401aa10a729319041924737bfa67b011ef288e7fd0f499aab06710efc6fb854956c343754bfee0f3753419bed5ec,08/22/2025 03:13:00 PM,1,DRIVER,,2034744,,HONDA,CR-V,IL,2014,NONE,SPORT UTILITY VEHICLE (SUV),PERSONAL,E,STRAIGHT AHEAD,,,1,,,,,,,,,,,,,,,,Y,,FRONT,,,,,,,,,,,,,,,,,,,,,,,,,,,,,,,,,
2134384,efa721295ae14edd4a7e614a9e851be1db80401aa10a729319041924737bfa67b011ef288e7fd0f499aab06710efc6fb854956c343754bfee0f3753419bed5ec,08/22/2025 03:13:00 PM,2,DRIVER,,2034752,,HYUNDAI,ELANTRA,IL,2020,NONE,PASSENGER,PERSONAL,E,STRAIGHT AHEAD,,,1,,,,,,,,,,Y,,,,,,,,REAR,,,,,,,,,,,,,,,,,,,,,,,,,,,,,,,,,
2134367,2aec439fb0d420337966f1da7563900bb0b3ab625524341b2c7962820a480a42c645923502abcde3c52157845e20892a4433ea7eafeab3fdc0f537841b55f480,08/22/2025 03:10:00 PM,1,DRIVER,,2034622,,UNKNOWN,OTHER (EXPLAIN IN NARRATIVE),,,UNKNOWN,PASSENGER,UNKNOWN/NA,N,STRAIGHT AHEAD,,,1,,,,,,,,,,,,,,,,,Y,FRONT,,,,,,,,,,,,,,,,,,,,,,,,,,,,,,,,,
2134368,2aec439fb0d420337966f1da7563900bb0b3ab625524341b2c7962820a480a42c645923502abcde3c52157845e20892a4433ea7eafeab3fdc0f537841b55f480,08/22/2025 03:10:00 PM,2,BICYCLE,,,,,,,,,,,,,,,,,,,,,,,,,,,,,,,,,,,,,,,,,,,,,,,,,,,,,,,,,,,,,,,,,,
2134498,f063e51e992759c3dd229556a8629094bb8edfe1fd34bfb507452f5b2253aaa2d3763dce6cae792ad348be67973d06a9e6d6d4f5fbb0956ce7dff6ba362b227b,08/22/2025 03:10:00 PM,1,DRIVER,,2034751,,BUICK,REGAL,,,UNKNOWN,PICKUP,PERSONAL,W,STRAIGHT AHEAD,,,1,,,,,,,,,,,,,,,,,,SIDE-RIGHT,,,,,,,,,,,,,,,,,,,,,,,,,,,,,,,,,
2134499,f063e51e992759c3dd229556a8629094bb8edfe1fd34bfb507452f5b2253aaa2d3763dce6cae792ad348be67973d06a9e6d6d4f5fbb0956ce7dff6ba362b227b,08/22/2025 03:10:00 PM,2,PARKED,1,2034755,,CHEVROLET,IMPALA,IL,,UNKNOWN,PASSENGER,NOT IN USE,W,PARKED,,,1,,,,,,,,,,,,,,,,,,REAR-LEFT-CORNER,,,,,,,,,,,,,,,,,,,,,,,,,,,,,,,,,
2134313,b1841aa7284e8f198abdf06e60e27b619aa6e53e4180d75cff61e3c67824b7c418e6bee4f1f4611bd1e38de3de52fb60e2e790be6206e71b23a17691f4e4467c,08/22/2025 03:05:00 PM,1,DRIVER,,2034575,,FORD,ESCAPE,IL,2007,UNKNOWN,SPORT UTILITY VEHICLE (SUV),UNKNOWN/NA,S,LEAVING TRAFFIC LANE TO PARK,,,1,,,,,,,,,,,,,,,,,Y,SIDE-RIGHT,,,,,,,,,,,,,,,,,,,,,,,,,,,,,,,,,
2134314,b1841aa7284e8f198abdf06e60e27b619aa6e53e4180d75cff61e3c67824b7c418e6bee4f1f4611bd1e38de3de52fb60e2e790be6206e71b23a17691f4e4467c,08/22/2025 03:05:00 PM,2,PARKED,,2034591,,TOYOTA,CAMRY,IL,2007,NONE,PASSENGER,NOT IN USE,S,PARKED,,,0,,,,,,,,,,,,,,,Y,,,FRONT-LEFT-CORNER,,,,,,,,,,,,,,,,,,,,,,,,,,,,,,,,,
2134269,25637c6dbea21deab4fe109ddc3007294c48527fdb16b2ce0762cac97e385283f77d3059bb544025a5f24df3bffa67a9a2d83517bad4c4a843b6bfd9ec6933f2,08/22/2025 03:03:00 PM,1,DRIVER,,2034544,,BMW,528I,IL,2015,UNKNOWN,PASSENGER,UNKNOWN/NA,E,STRAIGHT AHEAD,Y,,1,,UNK,UNK,Y,Y,,,,,,,,,,Y,Y,,FRONT,,,,,,,,,,,,,,,,,,,,,,,,,,,,,,,,,
2134270,25637c6dbea21deab4fe109ddc3007294c48527fdb16b2ce0762cac97e385283f77d3059bb544025a5f24df3bffa67a9a2d83517bad4c4a843b6bfd9ec6933f2,08/22/2025 03:03:00 PM,2,DRIVER,,2034549,,LINCOLN,NAUTILUS,IL,2024,UNKNOWN,PASSENGER,PERSONAL,S,STRAIGHT AHEAD,,,1,,,,Y,,,Y,Y,,,,,,,,,,SIDE-RIGHT,,,,,,,,,,,,,,,,,,,,,,,,,,,,,,,,,
2134277,84a07b8920b9d8fc07776fba192ea232a79df93f58dcc46e57da1eab8a3fd197e13fe7f69f5cbd609150f31b3c9da04e1659dd56ff0080cc8514adfbfe4f69ce,08/22/2025 03:00:00 PM,1,DRIVER,,2034550,,JEEP,CHEROKEE,IL,2019,UNKNOWN,SPORT UTILITY VEHICLE (SUV),PERSONAL,S,STRAIGHT AHEAD,,,1,,,,,,,,,,,,,,,,Y,,FRONT,,,,,,,,,,,,,,,,,,,,,,,,,,,,,,,,,
2134278,84a07b8920b9d8fc07776fba192ea232a79df93f58dcc46e57da1eab8a3fd197e13fe7f69f5cbd609150f31b3c9da04e1659dd56ff0080cc8514adfbfe4f69ce,08/22/2025 03:00:00 PM,2,DRIVER,,2034568,,HYUNDAI,TUCSON,IL,2025,UNKNOWN,SPORT UTILITY VEHICLE (SUV),PERSONAL,S,TURNING RIGHT,,,1,,,,,,,,,,,,,,,,,,REAR,,,,,,,,,,,,,,,,,,,,,,,,,,,,,,,,,
2134254,b252145ff2ad66e48b3e758571cac81e2f075612238fc3cd167f93866fce967738c075b591d7429c58bf8d5717d275ce617b22146e0d5bb200a1fc283d469a6b,08/22/2025 03:00:00 PM,1,DRIVER,,2034526,,VOLKSWAGEN,PASSAT,IL,2020,NONE,PASSENGER,PERSONAL,W,STRAIGHT AHEAD,,,1,,,,,,,,,,,,,,,,Y,,FRONT,,,,,,,,,,,,,,,,,,,,,,,,,,,,,,,,,
2134255,b252145ff2ad66e48b3e758571cac81e2f075612238fc3cd167f93866fce967738c075b591d7429c58bf8d5717d275ce617b22146e0d5bb200a1fc283d469a6b,08/22/2025 03:00:00 PM,2,DRIVER,3,2034538,,VOLKSWAGEN,PASSAT,IL,2020,NONE,PASSENGER,PERSONAL,S,STRAIGHT AHEAD,,,4,,,,,,,N,,,,,,Y,,,,,SIDE-LEFT,,,,,,,,,,,,,,,,,,,,,,,,,,,,,,,,,
2134483,b88b5c1e5b684ecdf0ebc62b3ba110f7efd373a71904b0f16c11fbc4774363f6d5e138b3a3632e9e1e6456f495a54784aa22a38f3be5adcd2d103e92c51a96da,08/22/2025 03:00:00 PM,1,DRIVER,,2034736,,LAND ROVER,DISCOVERY,IL,2018,NONE,SPORT UTILITY VEHICLE (SUV),PERSONAL,NW,TURNING RIGHT,,,1,,,,,Y,,,,,,,,,,,,,FRONT-RIGHT-CORNER,,,,,,,,,,,,,,,,,,,,,,,,,,,,,,,,,
2134484,b88b5c1e5b684ecdf0ebc62b3ba110f7efd373a71904b0f16c11fbc4774363f6d5e138b3a3632e9e1e6456f495a54784aa22a38f3be5adcd2d103e92c51a96da,08/22/2025 03:00:00 PM,2,DRIVER,,2034749,,HARLEY-DAVIDSON,HARLEY-DAVIDSON,IL,2010,NONE,MOTORCYCLE (OVER 150CC),PERSONAL,NW,SLOW/STOP IN TRAFFIC,,,1,,,,,,Y,Y,Y,,,,,,,,,,SIDE-RIGHT,,,,,,,,,,,,,,,,,,,,,,,,,,,,,,,,,
2134260,725985f25844e73f805c7b907657d710446d68bc35da404d698ee6777305e4658276fc080a39995209cfe447496d097d3c59da58456108e3db25fdebbd2418ac,08/22/2025 02:56:00 PM,1,DRIVER,1,2034534,,FORD,EXPEDITION,XX,,UNKNOWN,PASSENGER,PERSONAL,W,PASSING/OVERTAKING,,,2,,,,,,,,,,,,,,,,,Y,UNKNOWN,,,,,,,,,,,,,,,,,,,,,,,,,,,,,,,,,
2134261,725985f25844e73f805c7b907657d710446d68bc35da404d698ee6777305e4658276fc080a39995209cfe447496d097d3c59da58456108e3db25fdebbd2418ac,08/22/2025 02:56:00 PM,2,DRIVER,,2034543,N,NOVA BUS,OTHER (EXPLAIN IN NARRATIVE),IL,2016,UNKNOWN,BUS OVER 15 PASS.,CTA,W,STRAIGHT AHEAD,,,1,,,,,,,,,,,,,,,Y,,,FRONT-LEFT-CORNER,,,,,,,,,,,,,,,,,,,,,,,,,,,,,,,,,
2134465,496e330fd6ed882406ab9c8391c473071a716b39fc5c1f4d3de651e72bad64e298ca8ec29b6122e1ca30dfe2a77792cf10462cc637695fcbd0b889053484a33c,08/22/2025 02:55:00 PM,1,DRIVER,,2034725,,DODGE,GRAND CARAVAN,IL,2017,UNKNOWN,PASSENGER,UNKNOWN/NA,S,STRAIGHT AHEAD,,,1,,,,,,,,Y,,,,,,,,,,SIDE-RIGHT-REAR,,,,,,,,,,,,,,,,,,,,,,,,,,,,,,,,,
2134466,496e330fd6ed882406ab9c8391c473071a716b39fc5c1f4d3de651e72bad64e298ca8ec29b6122e1ca30dfe2a77792cf10462cc637695fcbd0b889053484a33c,08/22/2025 02:55:00 PM,2,DRIVER,,2034722,,KIA,SORENTO,IL,2021,UNKNOWN,PASSENGER,PERSONAL,E,TURNING LEFT,,,1,,,,,Y,,,,,,,,,,,,,FRONT,,,,,,,,,,,,,,,,,,,,,,,,,,,,,,,,,
2134429,ab8fa64ad80cb5a7e02ee67a46f1e123dff1e07492049db4f04423e2b77b7e68e3d55fbdce2bc3d34efc51489941bdc9d3a2ce1b244d7673dcd55cc77ea206c4,08/22/2025 02:55:00 PM,1,DRIVER,,2034692,,FORD,OTHER (EXPLAIN IN NARRATIVE),XX,,UNKNOWN,PICKUP,UNKNOWN/NA,N,STRAIGHT AHEAD,,,1,,,,,,,,,,,,,,,N,,Y,FRONT-LEFT-CORNER,,,,,,,,,,,,,,,,,,,,,,,,,,,,,,,,,
2134430,ab8fa64ad80cb5a7e02ee67a46f1e123dff1e07492049db4f04423e2b77b7e68e3d55fbdce2bc3d34efc51489941bdc9d3a2ce1b244d7673dcd55cc77ea206c4,08/22/2025 02:55:00 PM,2,DRIVER,,2034706,,HONDA,CR-V,IL,2007,NONE,PASSENGER,PERSONAL,N,SLOW/STOP IN TRAFFIC,,,1,,,,,Y,,,,,,,,,,,,,FRONT-RIGHT-CORNER,,,,,,,,,,,,,,,,,,,,,,,,,,,,,,,,,
2134311,882537a0e6d754bec40945df1e232e464640a17cb6c31a7e8c674448f015ec98979dc3bbd1424197fb13e20dc52998f7876d13534e28a8f5b1b3c94c644ced1a,08/22/2025 02:50:00 PM,1,DRIVER,,2034576,,FORD,OTHER (EXPLAIN IN NARRATIVE),IL,2017,UNKNOWN,PASSENGER,UNKNOWN/NA,N,STRAIGHT AHEAD,,,1,,,,,,,,,,,,,,,,,Y,FRONT,,,,,,,,,,,,,,,,,,,,,,,,,,,,,,,,,
2134312,882537a0e6d754bec40945df1e232e464640a17cb6c31a7e8c674448f015ec98979dc3bbd1424197fb13e20dc52998f7876d13534e28a8f5b1b3c94c644ced1a,08/22/2025 02:50:00 PM,2,DRIVER,,2034588,,CHEVROLET,TRAIL BLAZER,IL,2024,NONE,SPORT UTILITY VEHICLE (SUV),PERSONAL,E,STRAIGHT AHEAD,,,1,,,,,,,,,Y,,,,,,,,,REAR-RIGHT-CORNER,,,,,,,,,,,,,,,,,,,,,,,,,,,,,,,,,
2134316,b26b40aa093aa150467322e498f5c1ee2388098b485f16f6e7fc7f1fd2b7df85f7e1b9182856dc526a101865ae2f5e94247c268d3a41fd7673e3cdd754cd5d85,08/22/2025 02:50:00 PM,1,DRIVER,1,2034583,,JEEP,GRAND CHEROKEE,IL,2013,NONE,SPORT UTILITY VEHICLE (SUV),PERSONAL,N,STRAIGHT AHEAD,,,2,,,,,N,,,,,,,,,,N,Y,,FRONT,,,,,,,,,,,,,,,,,,,,,,,,,,,,,,,,,
2134317,b26b40aa093aa150467322e498f5c1ee2388098b485f16f6e7fc7f1fd2b7df85f7e1b9182856dc526a101865ae2f5e94247c268d3a41fd7673e3cdd754cd5d85,08/22/2025 02:50:00 PM,2,DRIVER,,2034595,,BUICK,OTHER (EXPLAIN IN NARRATIVE),IL,2025,NONE,SPORT UTILITY VEHICLE (SUV),PERSONAL,N,STRAIGHT AHEAD,,,1,,,,,Y,,,,Y,Y,Y,,,,,Y,,REAR,,,,,,,,,,,,,,,,,,,,,,,,,,,,,,,,,
2134318,b26b40aa093aa150467322e498f5c1ee2388098b485f16f6e7fc7f1fd2b7df85f7e1b9182856dc526a101865ae2f5e94247c268d3a41fd7673e3cdd754cd5d85,08/22/2025 02:50:00 PM,3,DRIVER,,2034606,,CADILLAC,XT5,IL,2019,NONE,SPORT UTILITY VEHICLE (SUV),PERSONAL,N,STRAIGHT AHEAD,,,1,,,,,,,,,,Y,,,,,,,,REAR,,,,,,,,,,,,,,,,,,,,,,,,,,,,,,,,,
2134796,f693c0feba5bfd4cc062d4c3133c04002b3a42cacefe692868c1500140f20156288f6516bb5a37f56fe8d6eff487839ab447386ffa80ef9f6cd07df68cfbfa34,08/22/2025 02:50:00 PM,1,DRIVER,,2035053,,HONDA,CIVIC,IL,2025,UNKNOWN,PASSENGER,PERSONAL,N,UNKNOWN/NA,,,1,,,,,,,,,,,,,,,,,Y,UNKNOWN,,,,,,,,,,,,,,,,,,,,,,,,,,,,,,,,,