CRASH_UNIT_ID,CRASH_RECORD_ID,CRASH_DATE,UNIT_NO,UNIT_TYPE,NUM_PASSENGERS,VEHICLE_ID,CMRC_VEH_I,MAKE,MODEL,LIC_PLATE_STATE,VEHICLE_YEAR,VEHICLE_DEFECT,VEHICLE_TYPE,VEHICLE_USE,TRAVEL_DIRECTION,MANEUVER,TOWED_I,FIRE_I,OCCUPANT_CNT,EXCEED_SPEED_LIMIT_I,TOWED_BY,TOWED_TO,AREA_00_I,AREA_01_I,AREA_02_I,AREA_03_I,AREA_04_I,AREA_05_I,AREA_06_I,AREA_07_I,AREA_08_I,AREA_09_I,AREA_10_I,AREA_11_I,AREA_12_I,AREA_99_I,FIRST_CONTACT_POINT,CMV_ID,USDOT_NO,CCMC_NO,ILCC_NO,COMMERCIAL_SRC,GVWR,CARRIER_NAME,CARRIER_STATE,CARRIER_CITY,HAZMAT_PLACARDS_I,HAZMAT_NAME,UN_NO,HAZMAT_PRESENT_I,HAZMAT_REPORT_I,HAZMAT_REPORT_NO,MCS_REPORT_I,MCS_REPORT_NO,HAZMAT_VIO_CAUSE_CRASH_I,MCS_VIO_CAUSE_CRASH_I,IDOT_PERMIT_NO,WIDE_LOAD_I,TRAILER1_WIDTH,TRAILER2_WIDTH,TRAILER1_LENGTH,TRAILER2_LENGTH,TOTAL_VEHICLE_LENGTH,AXLE_CNT,VEHICLE_CONFIG,CARGO_BODY_TYPE,LOAD_TYPE,HAZMAT_OUT_OF_SERVICE_I,MCS_OUT_OF_SERVICE_I,HAZMAT_CLASS
2134797,f693c0feba5bfd4cc062d4c3133c04002b3a42cacefe692868c1500140f20156288f6516bb5a37f56fe8d6eff487839ab447386ffa80ef9f6cd07df68cfbfa34,08/22/2025 02:50:00 PM,2,PARKED,,2035055,,TOYOTA,RAV4,IL,2017,NONE,PASSENGER,PERSONAL,N,PARKED,,,0,,,,,Y,,,,,,Y,Y,Y,Y,,,,SIDE-LEFT,,,,,,,,,,,,,,,,,,,,,,,,,,,,,,,,,
2134566,b1f2901fb163b87b512601ea9507ee95b1ce68abfcfa0b7e9ffc6236e879f908fca0d347293184151fd7feb95ebc1efb14361111fddc459703703bddd4151ac4,08/22/2025 02:45:00 PM,1,DRIVER,,2034817,,ACURA,ADX,IL,2017,UNKNOWN,PASSENGER,UNKNOWN/NA,S,STRAIGHT AHEAD,,,1,,,,,,,,,,,,,,,,,,UNKNOWN,,,,,,,,,,,,,,,,,,,,,,,,,,,,,,,,,
2134567,b1f2901fb163b87b512601ea9507ee95b1ce68abfcfa0b7e9ffc6236e879f908fca0d347293184151fd7feb95ebc1efb14361111fddc459703703bddd4151ac4,08/22/2025 02:45:00 PM,2,PARKED,,2034818,,MERCEDES-BENZ,EQB,IL,2023,UNKNOWN,PASSENGER,NOT IN USE,S,PARKED,,,0,,,,,,,,,Y,,,,,,,,,REAR-RIGHT-CORNER,,,,,,,,,,,,,,,,,,,,,,,,,,,,,,,,,
2134256,c0307ee510dcf37dcc02c492c136310bfe0c01777daf76aeb2a0a2c3ca813f8ec5f6e8ed2da388097c2e6f04a34f76d32407fcb0561336cdc8c8605fb4ed1034,08/22/2025 02:45:00 PM,1,DRIVER,,2034525,,UNKNOWN,OTHER (EXPLAIN IN NARRATIVE),IL,,UNKNOWN,PASSENGER,UNKNOWN/NA,E,STRAIGHT AHEAD,,,1,,,,,Y,Y,Y,Y,Y,,N,N,N,N,N,,,SIDE-RIGHT,,,,,,,,,,,,,,,,,,,,,,,,,,,,,,,,,
2134257,c0307ee510dcf37dcc02c492c136310bfe0c01777daf76aeb2a0a2c3ca813f8ec5f6e8ed2da388097c2e6f04a34f76d32407fcb0561336cdc8c8605fb4ed1034,08/22/2025 02:45:00 PM,2,PARKED,,2034529,,DODGE,RAM 1500 PU,IL,2014,NONE,PASSENGER,PERSONAL,E,PARKED,,,0,,,,,,,,,,,Y,Y,Y,Y,Y,,,SIDE-LEFT,,,,,,,,,,,,,,,,,,,,,,,,,,,,,,,,,
2134283,f32f7008f74ea5cbe661d3773f8c69c361b5f2baf8a40bf4f038b317426ef5fb6989ffbce232703b879d2e378f089cb1382ea99a2fc2d776e656482a008fa6b5,08/22/2025 02:44:00 PM,1,DRIVER,,2034573,,HONDA,PILOT,IL,2012,UNKNOWN,PASSENGER,UNKNOWN/NA,S,TURNING RIGHT,,,1,,,,,N,Y,Y,Y,,,,,,,N,N,,SIDE-RIGHT-FRONT,,,,,,,,,,,,,,,,,,,,,,,,,,,,,,,,,
2134284,f32f7008f74ea5cbe661d3773f8c69c361b5f2baf8a40bf4f038b317426ef5fb6989ffbce232703b879d2e378f089cb1382ea99a2fc2d776e656482a008fa6b5,08/22/2025 02:44:00 PM,2,DRIVER,1,2034579,,HYUNDAI,TUCSON,NY,2025,NONE,PASSENGER,PERSONAL,S,STRAIGHT AHEAD,,,2,,,,,,,,,,,,,,,Y,Y,,FRONT-LEFT-CORNER,,,,,,,,,,,,,,,,,,,,,,,,,,,,,,,,,
2136367,2d956ee6c87e0fdf80c1aa437891998663e4b4fe4883fde657bd6ddd862ca861cb6ede833302a8907057a6b75e4bae81d6cef3ff501a18ccae262c933edeade3,08/22/2025 02:36:00 PM,1,DRIVER,,2036554,,KIA,FORTE,IL,2023,NONE,PASSENGER,PERSONAL,NW,ENTERING TRAFFIC LANE FROM PARKING,Y,,1,,Avondale Collision and Repair,3501 N Milwaukee Ave,,,,,,,,,,,Y,Y,Y,,FRONT-LEFT-CORNER,,,,,,,,,,,,,,,,,,,,,,,,,,,,,,,,,
2136368,2d956ee6c87e0fdf80c1aa437891998663e4b4fe4883fde657bd6ddd862ca861cb6ede833302a8907057a6b75e4bae81d6cef3ff501a18ccae262c933edeade3,08/22/2025 02:36:00 PM,2,DRIVER,,2036555,,TOYOTA,TACOMA,IL,2025,NONE,PICKUP,OTHER,N,STRAIGHT AHEAD,,,1,,,,,,,Y,Y,,,,,,,,,,SIDE-RIGHT,,,,,,,,,,,,,,,,,,,,,,,,,,,,,,,,,
2134331,fefb1b927d77a3e1a695cf00fbe69a1ba0911b009d84aae3c83130a70211320d7c9a806f078918e37004544951eda9fc2ef3c234ff8d8f76fa70e5d3392170e0,08/22/2025 02:35:00 PM,1,DRIVER,,2034820,,HONDA,CR-V,IL,2005,UNKNOWN,PASSENGER,PERSONAL,E,STRAIGHT AHEAD,,,1,,,,,,,,,,,,,,,Y,Y,,FRONT-LEFT-CORNER,,,,,,,,,,,,,,,,,,,,,,,,,,,,,,,,,
2134332,fefb1b927d77a3e1a695cf00fbe69a1ba0911b009d84aae3c83130a70211320d7c9a806f078918e37004544951eda9fc2ef3c234ff8d8f76fa70e5d3392170e0,08/22/2025 02:35:00 PM,2,DRIVER,1,2034826,,HONDA,ACCORD,IL,2016,UNKNOWN,PASSENGER,PERSONAL,E,TURNING LEFT,,,2,,,,,,,,,,Y,,,,,,,,REAR,,,,,,,,,,,,,,,,,,,,,,,,,,,,,,,,,
2134326,3acd3a35b228e124129c915c2c8d365ad08294018c58ac9f2e4d958d03701c6cbfa7a97fff7e8f4924611d50ad52be7e4f9c136ca314ea3ca2efc93138cc2306,08/22/2025 02:34:00 PM,1,DRIVER,1,2034589,,JEEP,GRAND CHEROKEE,IL,2011,UNKNOWN,SPORT UTILITY VEHICLE (SUV),PERSONAL,N,CHANGING LANES,,,2,,,,,Y,Y,,,,,,,Y,Y,Y,Y,,FRONT-LEFT-CORNER,,,,,,,,,,,,,,,,,,,,,,,,,,,,,,,,,
2134327,3acd3a35b228e124129c915c2c8d365ad08294018c58ac9f2e4d958d03701c6cbfa7a97fff7e8f4924611d50ad52be7e4f9c136ca314ea3ca2efc93138cc2306,08/22/2025 02:34:00 PM,2,DRIVER,,2034615,,NEW FLYER,D40LF,IL,2006,UNKNOWN,BUS OVER 15 PASS.,CTA,N,STRAIGHT AHEAD,,,1,,,,Y,,,,,,,,,,,,,,SIDE-RIGHT,,,,,,,,,,,,,,,,,,,,,,,,,,,,,,,,,
2134328,3acd3a35b228e124129c915c2c8d365ad08294018c58ac9f2e4d958d03701c6cbfa7a97fff7e8f4924611d50ad52be7e4f9c136ca314ea3ca2efc93138cc2306,08/22/2025 02:34:00 PM,3,DRIVER,,2034629,,ACURA,TLX,IL,2004,UNKNOWN,PASSENGER,PERSONAL,N,STRAIGHT AHEAD,,,1,,,,,,,,,,,Y,Y,,,,,,REAR-LEFT-CORNER,,,,,,,,,,,,,,,,,,,,,,,,,,,,,,,,,
2134224,afccac9e673e3d26da4c80f7166fe6ad2fe0ef95bd2a68026d0ccc583458d7efcdfcf059a98cfb58ebf597a839fe6d366effcf2b693737bba0b91058a26e4a0b,08/22/2025 02:31:00 PM,1,DRIVER,,2034498,,CHRYSLER,TOWN & COUNTRY,IA,2007,UNKNOWN,VAN/MINI-VAN,PERSONAL,N,AVOIDING VEHICLES/OBJECTS,,,1,,,,,,,,,,,,,,,,,,NONE,,,,,,,,,,,,,,,,,,,,,,,,,,,,,,,,,
2134225,afccac9e673e3d26da4c80f7166fe6ad2fe0ef95bd2a68026d0ccc583458d7efcdfcf059a98cfb58ebf597a839fe6d366effcf2b693737bba0b91058a26e4a0b,08/22/2025 02:31:00 PM,2,PARKED,,2034503,,CHEVROLET,EQUINOX,IL,2017,NONE,VAN/MINI-VAN,NOT IN USE,N,PARKED,,,0,,,,,,,,,,,,,,,,Y,,FRONT,,,,,,,,,,,,,,,,,,,,,,,,,,,,,,,,,
2134329,00b65cac1592a8e0c96b38ae13963d34c6730199926ce1a7bb19393f512da387168f5dab770f6fdea2b340dec8c236d76afd0046a08a0da3b1b42d0bccfbade3,08/22/2025 02:30:00 PM,1,DRIVER,1,2034603,Y,THOMAS BUILT BUS COMPANY,THOMAS BUILT BUS CO.,IL,2016,UNKNOWN,BUS OVER 15 PASS.,SCHOOL BUS,N,OTHER,,,2,,,,,,,,,,,Y,,,,,,,REAR-LEFT-CORNER,"22,057",,,193112,SIDE OF TRUCK,2,ALLTOWN BUS SERVICE LLC,IL,SKOKIE,,,,,,,,,,,,,,,,,39,,BUS,BUS,OTHER,,,
2134330,00b65cac1592a8e0c96b38ae13963d34c6730199926ce1a7bb19393f512da387168f5dab770f6fdea2b340dec8c236d76afd0046a08a0da3b1b42d0bccfbade3,08/22/2025 02:30:00 PM,2,DRIVER,,2034620,,HONDA,CR-V,IL,2005,UNKNOWN,PASSENGER,PERSONAL,S,SLOW/STOP IN TRAFFIC,,,1,,,,,,,,,,,Y,Y,,,,,,REAR-LEFT-CORNER,,,,,,,,,,,,,,,,,,,,,,,,,,,,,,,,,
2134293,be0543c561e590cfd515f81ce3a2647f84ebf46425bc67427b24aa11d1db02222a293327f885791b2346cb9de2851f8ed8883695c858daf411d768553299819b,08/22/2025 02:30:00 PM,1,DRIVER,,2034594,,CHEVROLET,TRAX,IL,2025,NONE,SPORT UTILITY VEHICLE (SUV),PERSONAL,S,OTHER,,,1,,,,,Y,,,,,,,,,,,,,FRONT-RIGHT-CORNER,,,,,,,,,,,,,,,,,,,,,,,,,,,,,,,,,
2134294,be0543c561e590cfd515f81ce3a2647f84ebf46425bc67427b24aa11d1db02222a293327f885791b2346cb9de2851f8ed8883695c858daf411d768553299819b,08/22/2025 02:30:00 PM,2,PARKED,,2034612,,HONDA,PILOT,IL,2005,NONE,PASSENGER,PERSONAL,E,PARKED,,,0,,,,,,Y,,,,,,,,,,,,SIDE-RIGHT-FRONT,,,,,,,,,,,,,,,,,,,,,,,,,,,,,,,,,
2134226,bedfe83d0c852f7956889d830bf19900375fb6431a5287c00e58e176a685d9358c35f334d60c65f73bf95bc1857abbcc83ac41c8d29821896df526f2e6a3a277,08/22/2025 02:30:00 PM,1,DRIVER,,2034506,,HYUNDAI,ACCENT,IL,2013,NONE,PASSENGER,PERSONAL,W,STRAIGHT AHEAD,,,1,,,,,,,,,,,,,,,,Y,,FRONT,,,,,,,,,,,,,,,,,,,,,,,,,,,,,,,,,
2134227,bedfe83d0c852f7956889d830bf19900375fb6431a5287c00e58e176a685d9358c35f334d60c65f73bf95bc1857abbcc83ac41c8d29821896df526f2e6a3a277,08/22/2025 02:30:00 PM,2,DRIVER,,2034512,,MAZDA,CX-5,IL,2024,NONE,SPORT UTILITY VEHICLE (SUV),PERSONAL,W,STRAIGHT AHEAD,,,1,,,,,,,,,,Y,,,,,,,,REAR,,,,,,,,,,,,,,,,,,,,,,,,,,,,,,,,,
2134337,539ad6e2eb83906d3bc7337f76c42f7035a9434b03aa05ad6f011edf8c1d1d0c8d3a9e892a4d79a4347f0c6d62d19142ea5ea2ca05a9edc10509e803194dbf25,08/22/2025 02:25:00 PM,1,DRIVER,,2034672,,BUICK,ENCORE,GA,2016,UNKNOWN,UNKNOWN/NA,UNKNOWN/NA,E,TURNING RIGHT,Y,,1,,,,,Y,,,,,,,,,,Y,Y,,FRONT-LEFT-CORNER,,,,,,,,,,,,,,,,,,,,,,,,,,,,,,,,,
2134338,539ad6e2eb83906d3bc7337f76c42f7035a9434b03aa05ad6f011edf8c1d1d0c8d3a9e892a4d79a4347f0c6d62d19142ea5ea2ca05a9edc10509e803194dbf25,08/22/2025 02:25:00 PM,2,DRIVER,,2034682,,TESLA,OTHER (EXPLAIN IN NARRATIVE),IL,2023,UNKNOWN,PASSENGER,PERSONAL,S,STRAIGHT AHEAD,Y,,1,,CITY OF CHICAGO,POUND #6,,Y,,Y,Y,Y,,,,,,,,,SIDE-RIGHT,,,,,,,,,,,,,,,,,,,,,,,,,,,,,,,,,
2134339,539ad6e2eb83906d3bc7337f76c42f7035a9434b03aa05ad6f011edf8c1d1d0c8d3a9e892a4d79a4347f0c6d62d19142ea5ea2ca05a9edc10509e803194dbf25,08/22/2025 02:25:00 PM,3,PARKED,,2034695,,JEEP,CHEROKEE,IL,2011,UNKNOWN,PASSENGER,PERSONAL,S,PARKED,,,0,,,,,,,,,,,Y,,,,,,,REAR-LEFT-CORNER,,,,,,,,,,,,,,,,,,,,,,,,,,,,,,,,,
2134250,cd47e1282bf72c12c911cddc243f0365996c054212a22b55129b84def3b4dd5373aeb236a972a1fe52159bc6fdd5589494bfa38e04ec24a906ee252397a65c88,08/22/2025 02:25:00 PM,1,DRIVER,,2034524,,CHEVROLET,TRAVERSE,IL,2015,UNKNOWN,SPORT UTILITY VEHICLE (SUV),UNKNOWN/NA,W,STRAIGHT AHEAD,,,1,,,,,Y,,,,,,,,,,Y,Y,,FRONT,,,,,,,,,,,,,,,,,,,,,,,,,,,,,,,,,
2134251,cd47e1282bf72c12c911cddc243f0365996c054212a22b55129b84def3b4dd5373aeb236a972a1fe52159bc6fdd5589494bfa38e04ec24a906ee252397a65c88,08/22/2025 02:25:00 PM,2,DRIVER,,2034540,,SUBARU,IMPREZA,IL,2018,NONE,SPORT UTILITY VEHICLE (SUV),PERSONAL,W,STRAIGHT AHEAD,,,1,,,,,,,,,,Y,Y,,,,,,,FRONT-LEFT-CORNER,,,,,,,,,,,,,,,,,,,,,,,,,,,,,,,,,
2134236,9798f0a1b3d4bf4b5693b7bc2ce879c40ad821ec5247ec36922ef950394b03f2d1bb3be327fe2af6f25b54def8f346aa19f6647849bd90f973df4d2674428f11,08/22/2025 02:20:00 PM,1,DRIVER,,2034508,,FORD,ESCAPE,IL,2010,NONE,PASSENGER,PERSONAL,S,BACKING,,,1,,,,,,,,,,Y,Y,,,,,,,REAR,,,,,,,,,,,,,,,,,,,,,,,,,,,,,,,,,
2134237,9798f0a1b3d4bf4b5693b7bc2ce879c40ad821ec5247ec36922ef950394b03f2d1bb3be327fe2af6f25b54def8f346aa19f6647849bd90f973df4d2674428f11,08/22/2025 02:20:00 PM,2,DRIVER,,2034511,,CADILLAC,XTS,IL,2018,NONE,PASSENGER,PERSONAL,E,SLOW/STOP IN TRAFFIC,,,1,,,,,,,,,,,,,,Y,Y,,,SIDE-LEFT-FRONT,,,,,,,,,,,,,,,,,,,,,,,,,,,,,,,,,
2134358,82db95c8ce7c787bc877794a362c1e476c3e0e32060097b4c592a261290a4375faf41a4a5e49a51a56621145dbc52d1ffbd11232f57991a482251e57ad536a31,08/22/2025 02:15:00 PM,1,DRIVER,,2034624,,KIA,FORTE,IL,2014,UNKNOWN,PASSENGER,UNKNOWN/NA,N,STRAIGHT AHEAD,,,1,,,,,,,,,,,,,,,,Y,,FRONT,,,,,,,,,,,,,,,,,,,,,,,,,,,,,,,,,
2134359,82db95c8ce7c787bc877794a362c1e476c3e0e32060097b4c592a261290a4375faf41a4a5e49a51a56621145dbc52d1ffbd11232f57991a482251e57ad536a31,08/22/2025 02:15:00 PM,2,DRIVER,,2034630,,TOYOTA,RAV4,IL,2009,UNKNOWN,SPORT UTILITY VEHICLE (SUV),UNKNOWN/NA,N,SLOW/STOP IN TRAFFIC,,,1,,,,,,,,,,Y,,,,,,,,REAR,,,,,,,,,,,,,,,,,,,,,,,,,,,,,,,,,
2134443,a9952eef34c6eba4bfec35c5572863c86ffc1d4bfecb2136893a79f478984918c694c3d2b6a1d5ff1f7598e38d9745b1c9acb09f73342874637f1984ad51acc3,08/22/2025 02:15:00 PM,1,DRIVER,,2034707,,CHEVROLET,SILVERADO,IL,2024,UNKNOWN,OTHER,UNKNOWN/NA,E,TURNING LEFT,,,1,,,,,,,,,,,,,,,,,,OTHER,,,,,,,,,,,,,,,,,,,,,,,,,,,,,,,,,
2134444,a9952eef34c6eba4bfec35c5572863c86ffc1d4bfecb2136893a79f478984918c694c3d2b6a1d5ff1f7598e38d9745b1c9acb09f73342874637f1984ad51acc3,08/22/2025 02:15:00 PM,2,DRIVER,,2034720,,MERCEDES-BENZ,OTHER (EXPLAIN IN NARRATIVE),IL,2022,NONE,VAN/MINI-VAN,UNKNOWN/NA,E,STRAIGHT AHEAD,,,1,,,,,,,,,,,,,Y,Y,Y,,,SIDE-LEFT-FRONT,,,,,,,,,,,,,,,,,,,,,,,,,,,,,,,,,
2134232,e5711f6b54d15a40189428ca994d42d272cc42c24e8a94b9e3d34fe172bc107d8655e533ea93d32e927cce5e62b4c341a80061cbb600ad0db1c08702154ef409,08/22/2025 02:15:00 PM,1,DRIVER,,2034509,,UNKNOWN,OTHER (EXPLAIN IN NARRATIVE),MN,,UNKNOWN,UNKNOWN/NA,UNKNOWN/NA,S,ENTERING TRAFFIC LANE FROM PARKING,,,1,,,,,,,,,,,,,,,Y,,,FRONT-LEFT-CORNER,,,,,,,,,,,,,,,,,,,,,,,,,,,,,,,,,
2134233,e5711f6b54d15a40189428ca994d42d272cc42c24e8a94b9e3d34fe172bc107d8655e533ea93d32e927cce5e62b4c341a80061cbb600ad0db1c08702154ef409,08/22/2025 02:15:00 PM,2,DRIVER,,2034513,,TOYOTA,CAMRY,IL,2020,NONE,PASSENGER,PERSONAL,S,LEAVING TRAFFIC LANE TO PARK,,,1,,,,,Y,,,,,,,,,,,,,FRONT-RIGHT-CORNER,,,,,,,,,,,,,,,,,,,,,,,,,,,,,,,,,
2134179,4cabdcf87bbe9f25fe691c5fd609125d2379efb055d76e00395b83daa72060eb265d6cc3bbede0f251504dce4ed6ea9384939ee796dd4aba6741e3732a58c88a,08/22/2025 02:10:00 PM,1,DRIVER,,2034458,,NISSAN,ROGUE,IL,2015,NONE,SPORT UTILITY VEHICLE (SUV),PERSONAL,W,STRAIGHT AHEAD,,,1,,,,,,,,,,,,,,,,Y,,FRONT,,,,,,,,,,,,,,,,,,,,,,,,,,,,,,,,,
2134180,4cabdcf87bbe9f25fe691c5fd609125d2379efb055d76e00395b83daa72060eb265d6cc3bbede0f251504dce4ed6ea9384939ee796dd4aba6741e3732a58c88a,08/22/2025 02:10:00 PM,2,DRIVER,,2034467,,GENERAL MOTORS CORPORATION (GMC),TERRAIN,IL,2024,NONE,SPORT UTILITY VEHICLE (SUV),PERSONAL,W,STRAIGHT AHEAD,,,1,,,,,,,,,,Y,,,,,,,,REAR,,,,,,,,,,,,,,,,,,,,,,,,,,,,,,,,,
2134210,a8e12362c9994d4e579a4c70f9cc55b3653c1cd6e9e6075ad383f266256264db65e5555b0d220c5ecd18638335595b6d136430f31017fd7c3765b3cc73384d16,08/22/2025 02:10:00 PM,1,DRIVER,,2034488,,VOLKSWAGEN,TIGUAN,IL,2023,NONE,SPORT UTILITY VEHICLE (SUV),OTHER,N,MERGING,,,1,,,,,,,,,,,,,,,Y,,,FRONT-LEFT-CORNER,,,,,,,,,,,,,,,,,,,,,,,,,,,,,,,,,
2134211,a8e12362c9994d4e579a4c70f9cc55b3653c1cd6e9e6075ad383f266256264db65e5555b0d220c5ecd18638335595b6d136430f31017fd7c3765b3cc73384d16,08/22/2025 02:10:00 PM,2,DRIVER,,2034497,,TOYOTA,SIENNA,IL,2020,NONE,VAN/MINI-VAN,TAXI/FOR HIRE,N,STRAIGHT AHEAD,,,1,,,,,Y,Y,,,,,,,,,,,,FRONT-RIGHT-CORNER,,,,,,,,,,,,,,,,,,,,,,,,,,,,,,,,,
2134275,9f6e7743e3ec9dd70e012a264917d1133a84ff694745452a2cda4a23393e93ac0dc78e5b247801a926d26dee38e664c3fb08a7859d322e9c324af3d54fd2d61b,08/22/2025 02:07:00 PM,1,DRIVER,,2034547,,CHEVROLET,EQUINOX,IL,2010,NONE,SPORT UTILITY VEHICLE (SUV),PERSONAL,NW,TURNING LEFT,,,1,,,,,,,,,,,,,,,,,,NONE,,,,,,,,,,,,,,,,,,,,,,,,,,,,,,,,,
2134276,9f6e7743e3ec9dd70e012a264917d1133a84ff694745452a2cda4a23393e93ac0dc78e5b247801a926d26dee38e664c3fb08a7859d322e9c324af3d54fd2d61b,08/22/2025 02:07:00 PM,2,PEDESTRIAN,,,,,,,,,,,,,,,,,,,,,,,,,,,,,,,,,,,,,,,,,,,,,,,,,,,,,,,,,,,,,,,,,,
2134496,1bf82125b8fafa5911ee341cbb283bc15904f094309bf9cb9a460f30ac10700593289afdef9e520644a5b39a65e9a5afc0042d356a093ad6e69a685d6a6541bd,08/22/2025 02:00:00 PM,1,DRIVER,,2034747,,MITSUBISHI,LANCER,IL,2004,UNKNOWN,PASSENGER,PERSONAL,W,STRAIGHT AHEAD,,,1,,,,,,,,,,,,,,,,Y,,FRONT,,,,,,,,,,,,,,,,,,,,,,,,,,,,,,,,,
2134497,1bf82125b8fafa5911ee341cbb283bc15904f094309bf9cb9a460f30ac10700593289afdef9e520644a5b39a65e9a5afc0042d356a093ad6e69a685d6a6541bd,08/22/2025 02:00:00 PM,2,DRIVER,,2034761,,SUBARU,CROSSTREK,IL,2021,NONE,PASSENGER,PERSONAL,W,SLOW/STOP IN TRAFFIC,,,1,,,,,,,,,,Y,,,,,,,,REAR,,,,,,,,,,,,,,,,,,,,,,,,,,,,,,,,,
2134202,29868c0fad1ac6b65f003288eedd2a5829fcb7e2bb119a1242e75ffd0d5714064e2eb858fd40ef1bbc3eda455338932f125ad8c3b3c60f2de9152aef2e32c296,08/22/2025 02:00:00 PM,1,DRIVER,1,2034475,Y,ISUZU,TRUCK,IL,2024,NONE,TRUCK - SINGLE UNIT,COMMERCIAL - SINGLE UNIT,S,BACKING,,,2,,,,,,,,,,,,,,,,,Y,REAR,"22,055",,,,DRIVER,,ABT ELECTRONICS,IL,GLENVIEW,,,,N,N,,N,,N,N,,,,,,,,2,"SINGLE UNIT TRUCK, 2 AXLES, 6 TIRES",VAN/ENCLOSED BOX,OTHER,N,N,
2134203,29868c0fad1ac6b65f003288eedd2a5829fcb7e2bb119a1242e75ffd0d5714064e2eb858fd40ef1bbc3eda455338932f125ad8c3b3c60f2de9152aef2e32c296,08/22/2025 02:00:00 PM,2,DRIVER,,2034485,,HONDA,CIVIC,IL,2019,NONE,PASSENGER,PERSONAL,N,SLOW/STOP IN TRAFFIC,,,1,,,,,Y,,,,,,,,,,Y,Y,,FRONT,,,,,,,,,,,,,,,,,,,,,,,,,,,,,,,,,
2134230,d2c8107ed9d61fb41cbbe01622769fc29089b3b34773e730a735c1b2f582147d2b0a086c567f918e6b80656a2e1af3079c173b66de91f5c4b1b57b321ba98fce,08/22/2025 02:00:00 PM,1,DRIVER,,2034502,,LEXUS,RX,IL,2013,UNKNOWN,PASSENGER,PERSONAL,S,MERGING,,,1,,,,,Y,Y,Y,,,,,,,,,Y,,SIDE-RIGHT,,,,,,,,,,,,,,,,,,,,,,,,,,,,,,,,,
2134231,d2c8107ed9d61fb41cbbe01622769fc29089b3b34773e730a735c1b2f582147d2b0a086c567f918e6b80656a2e1af3079c173b66de91f5c4b1b57b321ba98fce,08/22/2025 02:00:00 PM,2,DRIVER,,2034516,,TOYOTA,AVALON,IL,2006,UNKNOWN,PASSENGER,PERSONAL,S,STRAIGHT AHEAD,,,1,,,,,,,,,,,,,Y,Y,Y,,,SIDE-LEFT-FRONT,,,,,,,,,,,,,,,,,,,,,,,,,,,,,,,,,
2134198,ef4007671e36fe057db8ff7a666e8ddd7289fbc6266bafd65ed10048a5c3f29dc5c5ddd4d0012dee6bcb954f2ede29628949bd7137f099fe50884cd544b89d60,08/22/2025 02:00:00 PM,1,DRIVER,,2034479,,UNKNOWN,MOTORIZED,,,UNKNOWN,UNKNOWN/NA,UNKNOWN/NA,W,UNKNOWN/NA,,,1,,,,,,,,,,,,,,,,,,UNKNOWN,,,,,,,,,,,,,,,,,,,,,,,,,,,,,,,,,
2134199,ef4007671e36fe057db8ff7a666e8ddd7289fbc6266bafd65ed10048a5c3f29dc5c5ddd4d0012dee6bcb954f2ede29628949bd7137f099fe50884cd544b89d60,08/22/2025 02:00:00 PM,2,PARKED,,2034471,,GENERAL MOTORS CORPORATION (GMC),TERRAIN,IL,2020,NONE,PASSENGER,PERSONAL,W,PARKED,,,0,,,,,,,,,,,,,,Y,Y,,,FRONT-LEFT-CORNER,,,,,,,,,,,,,,,,,,,,,,,,,,,,,,,,,
2134460,527b61b6278a45eecd0d1e3f0f791f01bf390375d043e526888bec6ba0090a5092e9534fe2c36e5c13ea53e083f244aed1fa6aa8110a0899f4b88d32f7d076f5,08/22/2025 01:58:00 PM,1,DRIVER,,2034708,,CHEVROLET,MALIBU,IL,2014,UNKNOWN,PASSENGER,PERSONAL,E,STRAIGHT AHEAD,,,1,,,,,,Y,,,,,,,,,,,,SIDE-RIGHT-FRONT,,,,,,,,,,,,,,,,,,,,,,,,,,,,,,,,,
2134468,527b61b6278a45eecd0d1e3f0f791f01bf390375d043e526888bec6ba0090a5092e9534fe2c36e5c13ea53e083f244aed1fa6aa8110a0899f4b88d32f7d076f5,08/22/2025 01:58:00 PM,2,PEDESTRIAN,,,,,,,,,,,,,,,,,,,,,,,,,,,,,,,,,,,,,,,,,,,,,,,,,,,,,,,,,,,,,,,,,,
2134244,1b0bed38df4a77b6332e8c5344c59ccd1fb1eedbb2efc62dbf170fa14d1fa0e00e7237769f71f32611e6df0f5fd1d9b819838df4ed3979f7bbb97bb05c0b6e84,08/22/2025 01:55:00 PM,1,DRIVER,,2034523,,VOLVO,XC70,FL,2025,UNKNOWN,SPORT UTILITY VEHICLE (SUV),PERSONAL,S,TURNING RIGHT,,,1,,,,,Y,Y,Y,,,,,,,,,Y,,SIDE-RIGHT-FRONT,,,,,,,,,,,,,,,,,,,,,,,,,,,,,,,,,
2134245,1b0bed38df4a77b6332e8c5344c59ccd1fb1eedbb2efc62dbf170fa14d1fa0e00e7237769f71f32611e6df0f5fd1d9b819838df4ed3979f7bbb97bb05c0b6e84,08/22/2025 01:55:00 PM,2,DRIVER,,2034533,,SUBARU,CROSSTREK,IL,2016,UNKNOWN,SPORT UTILITY VEHICLE (SUV),PERSONAL,S,STRAIGHT AHEAD,Y,,1,,UNKNOWN PRIVATE,UNKNOWN,,,,,,,,,,Y,Y,Y,Y,,SIDE-LEFT-FRONT,,,,,,,,,,,,,,,,,,,,,,,,,,,,,,,,,