CRASH_UNIT_ID,CRASH_RECORD_ID,CRASH_DATE,UNIT_NO,UNIT_TYPE,NUM_PASSENGERS,VEHICLE_ID,CMRC_VEH_I,MAKE,MODEL,LIC_PLATE_STATE,VEHICLE_YEAR,VEHICLE_DEFECT,VEHICLE_TYPE,VEHICLE_USE,TRAVEL_DIRECTION,MANEUVER,TOWED_I,FIRE_I,OCCUPANT_CNT,EXCEED_SPEED_LIMIT_I,TOWED_BY,TOWED_TO,AREA_00_I,AREA_01_I,AREA_02_I,AREA_03_I,AREA_04_I,AREA_05_I,AREA_06_I,AREA_07_I,AREA_08_I,AREA_09_I,AREA_10_I,AREA_11_I,AREA_12_I,AREA_99_I,FIRST_CONTACT_POINT,CMV_ID,USDOT_NO,CCMC_NO,ILCC_NO,COMMERCIAL_SRC,GVWR,CARRIER_NAME,CARRIER_STATE,CARRIER_CITY,HAZMAT_PLACARDS_I,HAZMAT_NAME,UN_NO,HAZMAT_PRESENT_I,HAZMAT_REPORT_I,HAZMAT_REPORT_NO,MCS_REPORT_I,MCS_REPORT_NO,HAZMAT_VIO_CAUSE_CRASH_I,MCS_VIO_CAUSE_CRASH_I,IDOT_PERMIT_NO,WIDE_LOAD_I,TRAILER1_WIDTH,TRAILER2_WIDTH,TRAILER1_LENGTH,TRAILER2_LENGTH,TOTAL_VEHICLE_LENGTH,AXLE_CNT,VEHICLE_CONFIG,CARGO_BODY_TYPE,LOAD_TYPE,HAZMAT_OUT_OF_SERVICE_I,MCS_OUT_OF_SERVICE_I,HAZMAT_CLASS
2134234,ba464c3f54d32c23bce14e8e578fe01749b217466afaff3185ef00fbe6e60dc882d8653063144cffd0b793bf07860db60c868e782a9ec5ae977f7b1bc5d5c098,08/22/2025 01:53:00 PM,1,DRIVER,,2034670,,MAZDA,CX-5,,2022,NONE,SPORT UTILITY VEHICLE (SUV),PERSONAL,N,STRAIGHT AHEAD,,,1,,,,,Y,,,,,,,,,,Y,Y,,FRONT,,,,,,,,,,,,,,,,,,,,,,,,,,,,,,,,,
2134235,ba464c3f54d32c23bce14e8e578fe01749b217466afaff3185ef00fbe6e60dc882d8653063144cffd0b793bf07860db60c868e782a9ec5ae977f7b1bc5d5c098,08/22/2025 01:53:00 PM,2,DRIVER,,2034667,,FORD,EDGE,IL,2015,NONE,SPORT UTILITY VEHICLE (SUV),PERSONAL,E,STRAIGHT AHEAD,,,1,,,,,,,,,,,Y,Y,Y,,,,,SIDE-LEFT,,,,,,,,,,,,,,,,,,,,,,,,,,,,,,,,,
2134463,8caff3260bdf2fdd5f0489e7b165c054b071271f059ff4552b392138c39e5e37160fdd31e7e77520bd1f8d3152d83fdc5ef9f3609f608f731727f3f954e4d015,08/22/2025 01:50:00 PM,2,DRIVER,,2034734,,TOYOTA,COROLLA,TX,2018,UNKNOWN,PASSENGER,UNKNOWN/NA,E,STRAIGHT AHEAD,,,1,,,,,Y,Y,,,,,,,,Y,Y,Y,,FRONT,,,,,,,,,,,,,,,,,,,,,,,,,,,,,,,,,
2134464,8caff3260bdf2fdd5f0489e7b165c054b071271f059ff4552b392138c39e5e37160fdd31e7e77520bd1f8d3152d83fdc5ef9f3609f608f731727f3f954e4d015,08/22/2025 01:50:00 PM,1,DRIVER,1,2034738,,TOYOTA,CAMRY,IL,2015,UNKNOWN,PASSENGER,UNKNOWN/NA,NE,PASSING/OVERTAKING,N,,2,,,,,,,,,,,Y,Y,,,,,,REAR-LEFT-CORNER,,,,,,,,,,,,,,,,,,,,,,,,,,,,,,,,,
2134168,d4da6b5e0b448b0fd6492ccd0d738f8f6708b8476f6ee4f0cf9a50628021b54ced10150693a7e3f6d342378b61c91b9aa2a0dc8f0e2a66984e72404e61fa859a,08/22/2025 01:45:00 PM,1,DRIVER,,2034448,,CHEVROLET,C/K 1500,IL,1984,NONE,PICKUP,PERSONAL,W,STRAIGHT AHEAD,,,1,,,,,Y,Y,Y,Y,Y,,,,,,,,,SIDE-RIGHT,,,,,,,,,,,,,,,,,,,,,,,,,,,,,,,,,
2134169,d4da6b5e0b448b0fd6492ccd0d738f8f6708b8476f6ee4f0cf9a50628021b54ced10150693a7e3f6d342378b61c91b9aa2a0dc8f0e2a66984e72404e61fa859a,08/22/2025 01:45:00 PM,2,DRIVER,,2034440,,TOYOTA,COROLLA,MD,2024,NONE,PASSENGER,PERSONAL,W,STRAIGHT AHEAD,,,1,,,,,,,,,,,,,,Y,N,,,SIDE-LEFT,,,,,,,,,,,,,,,,,,,,,,,,,,,,,,,,,
2134193,c7b747c4eee41cfbf9289018e47cf79c0399888d0526e5f26fa9c51eae1ce6005f8f8cc1747e2f1881fdd64d23e67669abacc4d1df7fce6da7d88b71c71fa858,08/22/2025 01:40:00 PM,1,DRIVER,,2034468,,NISSAN,ALTIMA,IL,2015,NONE,PASSENGER,PERSONAL,W,STRAIGHT AHEAD,,,1,,,,,,,,,,,,,,,,Y,,FRONT,,,,,,,,,,,,,,,,,,,,,,,,,,,,,,,,,
2134194,c7b747c4eee41cfbf9289018e47cf79c0399888d0526e5f26fa9c51eae1ce6005f8f8cc1747e2f1881fdd64d23e67669abacc4d1df7fce6da7d88b71c71fa858,08/22/2025 01:40:00 PM,2,DRIVER,,2034474,,HONDA,CR-V,IL,2005,NONE,SPORT UTILITY VEHICLE (SUV),PERSONAL,W,SLOW/STOP IN TRAFFIC,,,1,,,,,,,,,,Y,,,,,,,,REAR,,,,,,,,,,,,,,,,,,,,,,,,,,,,,,,,,
2134285,12b39dcd773fecdca838c99c032108815fd44e33c61900dfa030f7c76d702f19d833b51aa138cfabdbb39c6f7f0e55663287498adeb6a5a678cd36768e13d024,08/22/2025 01:35:00 PM,1,DRIVER,,2034552,,TOYOTA,TUNDRA,IL,2011,NONE,PASSENGER,PERSONAL,N,STRAIGHT AHEAD,,,1,,,,,Y,,,,,,,,,,Y,Y,Y,FRONT,,,,,,,,,,,,,,,,,,,,,,,,,,,,,,,,,
2134286,12b39dcd773fecdca838c99c032108815fd44e33c61900dfa030f7c76d702f19d833b51aa138cfabdbb39c6f7f0e55663287498adeb6a5a678cd36768e13d024,08/22/2025 01:35:00 PM,2,DRIVER,,2034562,Y,THOMAS & COMPANY,THOMAS & CO.,IL,2016,NONE,BUS UP TO 15 PASS.,SCHOOL BUS,N,STRAIGHT AHEAD,,,1,,,,,,,,,Y,Y,Y,,,,,,Y,REAR,"22,056",76635,,,DRIVER,,ALLTOWN  BUS SERVICE,IL,SKOKIE,,,,U,U,,U,,U,U,,,,,,,,,BUS,BUS,OTHER,N,N,
2134164,3c57057e2468e133baa5e2334402be42abf32c0f103ea0315dae43b0948810afd0b26cae7ba6e304f32d88b7c1055a0bec05fe73936d0a76f2b01d020455a58e,08/22/2025 01:35:00 PM,1,DRIVER,,2034435,,CHRYSLER,200,IL,2013,NONE,PASSENGER,PERSONAL,E,STRAIGHT AHEAD,,,1,,,,,Y,,,,,,,,,,Y,Y,,FRONT,,,,,,,,,,,,,,,,,,,,,,,,,,,,,,,,,
2134165,3c57057e2468e133baa5e2334402be42abf32c0f103ea0315dae43b0948810afd0b26cae7ba6e304f32d88b7c1055a0bec05fe73936d0a76f2b01d020455a58e,08/22/2025 01:35:00 PM,2,DRIVER,,2034445,,FORD,EDGE,IL,2019,NONE,PASSENGER,PERSONAL,E,STRAIGHT AHEAD,,,1,,,,,,,,,Y,Y,Y,,,,,,,REAR,,,,,,,,,,,,,,,,,,,,,,,,,,,,,,,,,
2134287,0b307bb55d774341b5f2d0b1d5f6ddf60e8f2874d1ddc94d5aad7296523aa409074b602f8e6aa6c223853b5057e5fee19f93b67f92127eb0b8c80ee29b0dc94a,08/22/2025 01:30:00 PM,1,DRIVER,,2034561,,HYSTER CORPORATION,HYSTER CO.,IL,1984,UNKNOWN,TRACTOR W/ SEMI-TRAILER,UNKNOWN/NA,N,STRAIGHT AHEAD,,,1,,,,,,,,,,,,,,,,,Y,SIDE-RIGHT,,,,,,,,,,,,,,,,,,,,,,,,,,,,,,,,,
2134288,0b307bb55d774341b5f2d0b1d5f6ddf60e8f2874d1ddc94d5aad7296523aa409074b602f8e6aa6c223853b5057e5fee19f93b67f92127eb0b8c80ee29b0dc94a,08/22/2025 01:30:00 PM,2,DRIVER,,2034566,,BMW,2000 SERIES,IL,2024,NONE,PASSENGER,OTHER,N,STRAIGHT AHEAD,,,1,,,,,,,,,,,,,,Y,,,,SIDE-LEFT,,,,,,,,,,,,,,,,,,,,,,,,,,,,,,,,,
2138351,a9cef656e5ab27daf73a0b64660bde17269ca055c27194e467fc2c7bfd8012691078c232c4401191713463293fc2eb99f7fa01fe024d68bb5c95f9e720f56e9c,08/22/2025 01:30:00 PM,1,DRIVER,,2038434,,TOYOTA,CROWN,IL,2025,UNKNOWN,PASSENGER,PERSONAL,UNKNOWN,BACKING,,,1,,,,,,,,,Y,Y,Y,,,,,,,REAR,,,,,,,,,,,,,,,,,,,,,,,,,,,,,,,,,
2138352,a9cef656e5ab27daf73a0b64660bde17269ca055c27194e467fc2c7bfd8012691078c232c4401191713463293fc2eb99f7fa01fe024d68bb5c95f9e720f56e9c,08/22/2025 01:30:00 PM,2,DRIVER,,2038437,,HYUNDAI,ELANTRA,IL,2017,UNKNOWN,PASSENGER,PERSONAL,UNKNOWN,SLOW/STOP IN TRAFFIC,,,1,,,,,Y,Y,Y,,,,,,,,,,,SIDE-RIGHT,,,,,,,,,,,,,,,,,,,,,,,,,,,,,,,,,
2134181,e8140e48d5d27d1cabe0e8e43c68728454086947cc533b2f20c758112efdb67d298182b35f06530537b835dae4ae1dbc92d4db54562a1ae3d007cdf8ce47d9dd,08/22/2025 01:20:00 PM,1,DRIVER,,2034454,,BMW,750IL,IL,2008,NONE,PASSENGER,PERSONAL,S,BACKING,,,1,,,,,,,,,,Y,,,,,,,,REAR,,,,,,,,,,,,,,,,,,,,,,,,,,,,,,,,,
2134182,e8140e48d5d27d1cabe0e8e43c68728454086947cc533b2f20c758112efdb67d298182b35f06530537b835dae4ae1dbc92d4db54562a1ae3d007cdf8ce47d9dd,08/22/2025 01:20:00 PM,2,DRIVER,,2034470,,HONDA,CIVIC,IL,2021,NONE,PASSENGER,PERSONAL,W,STRAIGHT AHEAD,,,1,,,,,,,Y,,,,,,,,,,,SIDE-RIGHT,,,,,,,,,,,,,,,,,,,,,,,,,,,,,,,,,
2134204,f173a158e013c58af8f4593b923486128f8f2621831ef3f5f506141ebc64f9e667aa7f55b7f4a99a8440f98474d3637f4e61286ed6c2bc41593f240247ade335,08/22/2025 01:20:00 PM,1,DRIVER,,2034476,,DODGE,JOURNEY,IL,2009,NONE,PASSENGER,PERSONAL,N,BACKING,,,1,,,,,,,,,Y,Y,Y,,,,,,,REAR,,,,,,,,,,,,,,,,,,,,,,,,,,,,,,,,,
2134205,f173a158e013c58af8f4593b923486128f8f2621831ef3f5f506141ebc64f9e667aa7f55b7f4a99a8440f98474d3637f4e61286ed6c2bc41593f240247ade335,08/22/2025 01:20:00 PM,2,PARKED,1,2034480,,NISSAN,ALTIMA,IL,2016,NONE,PASSENGER,PERSONAL,N,PARKED,,,1,,,,,Y,,,,,,,,,,Y,Y,,FRONT,,,,,,,,,,,,,,,,,,,,,,,,,,,,,,,,,
2134240,89c8bd0811efafeb2d4a4b9824beed5eb74eb751150ea9d9282332b87164c2ed23c5759185298db09f9fb688cc812eb9e12dd127af87cd89494a997f3120e099,08/22/2025 01:15:00 PM,1,BICYCLE,,,,,,,,,,,,,,,,,,,,,,,,,,,,,,,,,,,,,,,,,,,,,,,,,,,,,,,,,,,,,,,,,,
2134241,89c8bd0811efafeb2d4a4b9824beed5eb74eb751150ea9d9282332b87164c2ed23c5759185298db09f9fb688cc812eb9e12dd127af87cd89494a997f3120e099,08/22/2025 01:15:00 PM,2,DRIVER,,2034521,,FORD,VAN,IL,2020,NONE,BUS UP TO 15 PASS.,OTHER,N,SLOW/STOP IN TRAFFIC,,,1,,,,Y,,,,,,,,,,,,,,REAR-LEFT-CORNER,,,,,,,,,,,,,,,,,,,,,,,,,,,,,,,,,
2134171,1447c6103c7422a8264fa0ca0a4c01ff058d443f00e9e12118efbda8463449bad1dbffe17eed8d68f90c84ffe645820fe74cc10ffd3aaa956c986041d7518408,08/22/2025 01:08:00 PM,1,DRIVER,,2034444,,CHEVROLET,CRUZE,IL,2011,UNKNOWN,PASSENGER,UNKNOWN/NA,S,STRAIGHT AHEAD,,,1,,,,,Y,,,,,,,,,,Y,Y,,FRONT,,,,,,,,,,,,,,,,,,,,,,,,,,,,,,,,,
2134172,1447c6103c7422a8264fa0ca0a4c01ff058d443f00e9e12118efbda8463449bad1dbffe17eed8d68f90c84ffe645820fe74cc10ffd3aaa956c986041d7518408,08/22/2025 01:08:00 PM,2,DRIVER,,2034451,,MERCEDES-BENZ,E-CLASS,IL,2015,UNKNOWN,PASSENGER,PERSONAL,S,STRAIGHT AHEAD,,,1,,,,,,,,,Y,Y,Y,,,,,,,REAR,,,,,,,,,,,,,,,,,,,,,,,,,,,,,,,,,
2134185,7ada2c87b427bc4e1327e3b68b1141ac96afc3cdba16fef69539e16974b6de492269170772a84337e0f773b1347107913150fec1333c92ca808ffc1fe3aa2fe1,08/22/2025 01:06:00 PM,1,DRIVER,,2034459,,CHEVROLET,EXPRESS,IL,2006,NONE,OTHER,CAMPER/RV - SINGLE UNIT,S,STRAIGHT AHEAD,,,1,,,,Y,,,,,,,,,,,,,,SIDE-RIGHT,,,,,,,,,,,,,,,,,,,,,,,,,,,,,,,,,
2134186,7ada2c87b427bc4e1327e3b68b1141ac96afc3cdba16fef69539e16974b6de492269170772a84337e0f773b1347107913150fec1333c92ca808ffc1fe3aa2fe1,08/22/2025 01:06:00 PM,2,PARKED,,2034473,,FORD,TRANSIT,IL,2015,NONE,VAN/MINI-VAN,CONSTRUCTION/MAINTENANCE,S,PARKED,,,0,,,,,,,,,,,,,,Y,N,,,SIDE-LEFT,,,,,,,,,,,,,,,,,,,,,,,,,,,,,,,,,
2134252,6199eb0a8cd973ff70cbf0e9dd5a37b91d42bdd3ae0618e0ccbcc95d122c3ae5a8fa38fe54e0ae561656b06c3a83456de58a0c7a3a908a7a99eed459260d060c,08/22/2025 01:03:00 PM,1,DRIVER,1,2034522,,CHEVROLET,MALIBU,IL,2017,NONE,PASSENGER,PERSONAL,S,STRAIGHT AHEAD,,,2,,,,,Y,,,,,,,,,,Y,Y,,FRONT,,,,,,,,,,,,,,,,,,,,,,,,,,,,,,,,,
2134253,6199eb0a8cd973ff70cbf0e9dd5a37b91d42bdd3ae0618e0ccbcc95d122c3ae5a8fa38fe54e0ae561656b06c3a83456de58a0c7a3a908a7a99eed459260d060c,08/22/2025 01:03:00 PM,2,DRIVER,,2034537,,JEEP,COMPASS,IL,2020,NONE,PASSENGER,PERSONAL,S,STRAIGHT AHEAD,,,1,,,,,,,,,Y,Y,Y,,,,,,,REAR,,,,,,,,,,,,,,,,,,,,,,,,,,,,,,,,,
2134173,f4d9b48a2450e301356da283606fe7079b2a3769361d60424a75ca87ccdc91c29bab6b559828956aca71cf1e393fb844614c5b4b9eca38710f7b0b9649ad44a4,08/22/2025 01:00:00 PM,1,DRIVER,,2034447,,CHEVROLET,CRUZE,IL,2018,NONE,PASSENGER,PERSONAL,NW,TURNING RIGHT,,,1,,,,,Y,Y,,,,,,,,,,,,SIDE-RIGHT-FRONT,,,,,,,,,,,,,,,,,,,,,,,,,,,,,,,,,
2134174,f4d9b48a2450e301356da283606fe7079b2a3769361d60424a75ca87ccdc91c29bab6b559828956aca71cf1e393fb844614c5b4b9eca38710f7b0b9649ad44a4,08/22/2025 01:00:00 PM,2,DRIVER,,2034452,,SUBARU,FORESTER,IL,2022,NONE,PASSENGER,PERSONAL,NW,TURNING RIGHT,,,1,,,,,,,,,,,,,,,Y,,,FRONT-LEFT-CORNER,,,,,,,,,,,,,,,,,,,,,,,,,,,,,,,,,
2134195,5c6fd3d1cef8f5534f5327ed086b5d3cfac110859f2565082ec4d406363543852c7d8224b0c5978c3c966c6a0cea9b3c8123aadf14f2e26bd855793e9fa23866,08/22/2025 12:56:00 PM,1,DRIVER,,2034469,,ISUZU,TRUCK,IL,2015,UNKNOWN,TRUCK - SINGLE UNIT,UNKNOWN/NA,W,STRAIGHT AHEAD,,,1,,,,,Y,,,,,,,,,,Y,Y,,REAR,,,,,,,,,,,,,,,,,,,,,,,,,,,,,,,,,
2134196,5c6fd3d1cef8f5534f5327ed086b5d3cfac110859f2565082ec4d406363543852c7d8224b0c5978c3c966c6a0cea9b3c8123aadf14f2e26bd855793e9fa23866,08/22/2025 12:56:00 PM,2,DRIVER,,2034481,,MAZDA,CX-9,IL,2009,OTHER,PASSENGER,PERSONAL,W,STRAIGHT AHEAD,Y,,1,,PRIVATE TOW,,,Y,Y,Y,Y,Y,Y,Y,Y,,,Y,Y,,REAR,,,,,,,,,,,,,,,,,,,,,,,,,,,,,,,,,
2134197,5c6fd3d1cef8f5534f5327ed086b5d3cfac110859f2565082ec4d406363543852c7d8224b0c5978c3c966c6a0cea9b3c8123aadf14f2e26bd855793e9fa23866,08/22/2025 12:56:00 PM,3,DRIVER,,2034486,,CHEVROLET,IMPALA,IL,2015,UNKNOWN,PASSENGER,PERSONAL,W,STRAIGHT AHEAD,,,1,,,,,,,Y,Y,Y,Y,Y,Y,Y,,,,,REAR,,,,,,,,,,,,,,,,,,,,,,,,,,,,,,,,,
2134175,1a7b172610137436722235316d1349de53e37e2ba9135edf027ea0397b7618c25dc39562e4cb25d67b2b4584efae46ea1a71b131334a8af5fcad7471c65dc26b,08/22/2025 12:55:00 PM,1,DRIVER,,2034446,,CHEVROLET,SILVERADO,IL,2024,NONE,PICKUP,PERSONAL,W,U-TURN,,,1,,,,,,,,,,,Y,Y,,,,,,REAR-LEFT-CORNER,,,,,,,,,,,,,,,,,,,,,,,,,,,,,,,,,
2134176,1a7b172610137436722235316d1349de53e37e2ba9135edf027ea0397b7618c25dc39562e4cb25d67b2b4584efae46ea1a71b131334a8af5fcad7471c65dc26b,08/22/2025 12:55:00 PM,2,DRIVER,,2034453,,FORD,TRANSIT CONNECT,IL,2022,NONE,VAN/MINI-VAN,CONSTRUCTION/MAINTENANCE,E,STRAIGHT AHEAD,,,1,,,,,,,,,,,,,,,Y,,,FRONT-LEFT-CORNER,,,,,,,,,,,,,,,,,,,,,,,,,,,,,,,,,
2134177,6e08e1f1c7167b9ef2d7e53ce0fe8931a95630b5706e1e4047441962fe7289b2d4c63325d8895c468c44d6ed7be5d089410e0456591d7c09b0c0d5c255b57c72,08/22/2025 12:53:00 PM,1,DRIVER,,2034456,,HARLEY-DAVIDSON,HARLEY-DAVIDSON,IL,2012,NONE,MOTORCYCLE (OVER 150CC),PERSONAL,N,PASSING/OVERTAKING,,,1,,,,,,,,,,,,,,,,,,OTHER,,,,,,,,,,,,,,,,,,,,,,,,,,,,,,,,,
2134178,6e08e1f1c7167b9ef2d7e53ce0fe8931a95630b5706e1e4047441962fe7289b2d4c63325d8895c468c44d6ed7be5d089410e0456591d7c09b0c0d5c255b57c72,08/22/2025 12:53:00 PM,2,DRIVER,,2034461,,KIA,OPTIMA / K5,IL,2025,NONE,PASSENGER,PERSONAL,S,TURNING LEFT,,,1,,,,,Y,Y,Y,Y,,,,,,,,,,FRONT-RIGHT-CORNER,,,,,,,,,,,,,,,,,,,,,,,,,,,,,,,,,
2134187,1f694be9318de54d214b770c517635115e5be9f80552868350f857033178d9f5894762cd77ce11266813443d2fd32c7ecab5a1fc32aa77fa57801e19366bfd6f,08/22/2025 12:51:00 PM,1,DRIVER,,2034463,,NISSAN,MURANO,IL,2013,UNKNOWN,PASSENGER,UNKNOWN/NA,N,STRAIGHT AHEAD,,,1,,,,,Y,Y,,,,,,,,,,,,FRONT-RIGHT-CORNER,,,,,,,,,,,,,,,,,,,,,,,,,,,,,,,,,
2134188,1f694be9318de54d214b770c517635115e5be9f80552868350f857033178d9f5894762cd77ce11266813443d2fd32c7ecab5a1fc32aa77fa57801e19366bfd6f,08/22/2025 12:51:00 PM,2,DRIVER,1,2034483,,TESLA,MODEL 3,IL,2023,NONE,PASSENGER,PERSONAL,N,CHANGING LANES,,,2,,,,,,,,,,,,,,Y,Y,,,FRONT-LEFT-CORNER,,,,,,,,,,,,,,,,,,,,,,,,,,,,,,,,,
2134346,b2c650d35e13667b8cb640c39cde4b8a50ae1ddfe4722fc7f92a9b7dd57b8b9dc68ddefc7cba87e51d048ff9d7a3c94bed347945629f8a3e804e12c646a68fe5,08/22/2025 12:45:00 PM,1,DRIVER,,2034592,,DODGE,OTHER (EXPLAIN IN NARRATIVE),IL,2018,UNKNOWN,VAN/MINI-VAN,UNKNOWN/NA,UNKNOWN,STRAIGHT AHEAD,,,1,,,,,,,,,,,,,,,,,Y,FRONT,,,,,,,,,,,,,,,,,,,,,,,,,,,,,,,,,
2134347,b2c650d35e13667b8cb640c39cde4b8a50ae1ddfe4722fc7f92a9b7dd57b8b9dc68ddefc7cba87e51d048ff9d7a3c94bed347945629f8a3e804e12c646a68fe5,08/22/2025 12:45:00 PM,2,DRIVER,,2034600,,HYUNDAI,VENUE,IL,2024,UNKNOWN,UNKNOWN/NA,UNKNOWN/NA,UNKNOWN,SLOW/STOP IN TRAFFIC,,,1,,,,,,,,,,,,,,,,,Y,REAR,,,,,,,,,,,,,,,,,,,,,,,,,,,,,,,,,
2134153,0cc68ce9f47c563084956b9aaa91cf08245d6d01b590079397ad637893dc48c5b4e8e394a24b9f1485a9fb6abf9556bed36219f9ab75988c9ebc2ca208766cef,08/22/2025 12:40:00 PM,1,DRIVER,,2034442,,JEEP,WRANGLER,IL,2019,UNKNOWN,PASSENGER,PERSONAL,E,TURNING LEFT,Y,,1,,private,private,,N,N,,N,N,,Y,Y,Y,Y,,,,SIDE-LEFT,,,,,,,,,,,,,,,,,,,,,,,,,,,,,,,,,
2134154,0cc68ce9f47c563084956b9aaa91cf08245d6d01b590079397ad637893dc48c5b4e8e394a24b9f1485a9fb6abf9556bed36219f9ab75988c9ebc2ca208766cef,08/22/2025 12:40:00 PM,2,DRIVER,,2034449,,NISSAN,ALTIMA,IL,2015,UNKNOWN,PASSENGER,PERSONAL,S,STRAIGHT AHEAD,Y,,1,,private,private,,Y,,Y,Y,Y,,,,,,Y,Y,,FRONT,,,,,,,,,,,,,,,,,,,,,,,,,,,,,,,,,
2134137,61960033ab4f96d8cbf52520b1fe27940003b26c33a4b5bcc582d234d7ec8f2531c9059fd75b4410f654458eb9fd9acdaafc86256b009a6324afc2af51e687ae,08/22/2025 12:35:00 PM,1,DRIVER,,2034417,,SUBARU,OUTBACK,IL,2016,UNKNOWN,SPORT UTILITY VEHICLE (SUV),PERSONAL,S,TURNING LEFT,,,1,,,,,N,,,,,,,,,,N,N,Y,FRONT,,,,,,,,,,,,,,,,,,,,,,,,,,,,,,,,,
2134138,61960033ab4f96d8cbf52520b1fe27940003b26c33a4b5bcc582d234d7ec8f2531c9059fd75b4410f654458eb9fd9acdaafc86256b009a6324afc2af51e687ae,08/22/2025 12:35:00 PM,2,DRIVER,,2034420,,VOLKSWAGEN,PASSAT,IL,2015,UNKNOWN,PASSENGER,PERSONAL,N,TURNING RIGHT,,,1,,,,,,,,,,,Y,Y,Y,Y,Y,Y,,SIDE-RIGHT,,,,,,,,,,,,,,,,,,,,,,,,,,,,,,,,,
2134162,5ad180ac51f2be1f8aff7b5f83d62f738336603f8f9c99095314e2913e09ff7328b88ca1566b851c1a5a4e36dd74cc73c8caf356ee1862773f0b6d0ee2b5a136,08/22/2025 12:30:00 PM,1,DRIVER,1,2034436,,CHEVROLET,MALIBU,IL,2012,NONE,PASSENGER,PERSONAL,E,STRAIGHT AHEAD,,,2,,,,,Y,,,,,,,,,,Y,Y,,FRONT,,,,,,,,,,,,,,,,,,,,,,,,,,,,,,,,,
2134163,5ad180ac51f2be1f8aff7b5f83d62f738336603f8f9c99095314e2913e09ff7328b88ca1566b851c1a5a4e36dd74cc73c8caf356ee1862773f0b6d0ee2b5a136,08/22/2025 12:30:00 PM,2,DRIVER,,2034438,,CHRYSLER,OTHER (EXPLAIN IN NARRATIVE),IL,2007,UNKNOWN,SPORT UTILITY VEHICLE (SUV),UNKNOWN/NA,S,UNKNOWN/NA,,,1,,,,,,,,Y,Y,,,,,,,,,SIDE-RIGHT,,,,,,,,,,,,,,,,,,,,,,,,,,,,,,,,,
2134374,bf39ce2115b0aef73c6c45920006338b082cbff66832b6d8443d74a4d88e483bd45d1f747151770d3d1dc89ffb593332e5941ccabc73ed0464190e2c98f1cb2e,08/22/2025 12:30:00 PM,1,DRIVER,,2034634,,TOYOTA,CAMRY,IL,2010,NONE,PASSENGER,PERSONAL,NW,STRAIGHT AHEAD,,,1,,,,Y,,,,,,,,,,,,N,,FRONT,,,,,,,,,,,,,,,,,,,,,,,,,,,,,,,,,
2134375,bf39ce2115b0aef73c6c45920006338b082cbff66832b6d8443d74a4d88e483bd45d1f747151770d3d1dc89ffb593332e5941ccabc73ed0464190e2c98f1cb2e,08/22/2025 12:30:00 PM,2,DRIVER,,2034649,,MAZDA,CX-3,PA,2010,NONE,PASSENGER,PERSONAL,NW,STRAIGHT AHEAD,,,1,,,,,,,,,,N,,,,,,,,FRONT,,,,,,,,,,,,,,,,,,,,,,,,,,,,,,,,,
2134151,670610c23a713826c5bcd4367bac9d1ecbcc3ed04254d2adc7882047782cac7854b8d181cd178d7143ee85a2202f63571e2693ef40720ae5f9dc517502c26240,08/22/2025 12:28:00 PM,1,DRIVER,,2034530,,TOYOTA,CAMRY,IL,2017,UNKNOWN,PASSENGER,UNKNOWN/NA,UNKNOWN,BACKING,,,1,,,,,,,,,Y,,,,,,,,,REAR-RIGHT-CORNER,,,,,,,,,,,,,,,,,,,,,,,,,,,,,,,,,
2134152,670610c23a713826c5bcd4367bac9d1ecbcc3ed04254d2adc7882047782cac7854b8d181cd178d7143ee85a2202f63571e2693ef40720ae5f9dc517502c26240,08/22/2025 12:28:00 PM,2,DRIVER,1,2034542,,ACURA,TLX,IL,2016,UNKNOWN,PASSENGER,UNKNOWN/NA,UNKNOWN,BACKING,,,2,,,,,,,,,,Y,,,,,,,,REAR,,,,,,,,,,,,,,,,,,,,,,,,,,,,,,,,,
2134160,124c899e65c7d23146bf060ceeef98792ea84a53a856441bed2a403a83623394dd0e7fe5b4b476577708f7501664b5044772a643a87bd88c9d90545a6c1a72af,08/22/2025 12:20:00 PM,1,DRIVER,,2034432,,ISUZU,TRUCK,IL,2011,NONE,TRUCK - SINGLE UNIT,COMMERCIAL - SINGLE UNIT,N,STRAIGHT AHEAD,,,1,,,,,,,Y,,,,,,,,,,,SIDE-RIGHT,,,,,,,,,,,,,,,,,,,,,,,,,,,,,,,,,
2134161,124c899e65c7d23146bf060ceeef98792ea84a53a856441bed2a403a83623394dd0e7fe5b4b476577708f7501664b5044772a643a87bd88c9d90545a6c1a72af,08/22/2025 12:20:00 PM,2,PARKED,,2034437,,NISSAN,ROGUE,IL,2021,UNKNOWN,PASSENGER,NOT IN USE,N,PARKED,,,0,,,,,,,,,,,,,Y,,,,,SIDE-LEFT,,,,,,,,,,,,,,,,,,,,,,,,,,,,,,,,,
2134228,a8cd30e2b857d6d470ac6f6fb54e717c7f2658843dc7ffaea148a4ee4c9aff2e7245236016ce6cdddc90211f6550f583f4052f2cc4ec9db3ada0df1bd1e83c6e,08/22/2025 12:15:00 PM,1,DRIVER,,2034507,,FORD,EXPLORER,IL,2014,OTHER,SPORT UTILITY VEHICLE (SUV),UNKNOWN/NA,S,STRAIGHT AHEAD,,,1,,,,,Y,,,,,,,,,Y,Y,Y,,FRONT,,,,,,,,,,,,,,,,,,,,,,,,,,,,,,,,,