CRASH_UNIT_ID,CRASH_RECORD_ID,CRASH_DATE,UNIT_NO,UNIT_TYPE,NUM_PASSENGERS,VEHICLE_ID,CMRC_VEH_I,MAKE,MODEL,LIC_PLATE_STATE,VEHICLE_YEAR,VEHICLE_DEFECT,VEHICLE_TYPE,VEHICLE_USE,TRAVEL_DIRECTION,MANEUVER,TOWED_I,FIRE_I,OCCUPANT_CNT,EXCEED_SPEED_LIMIT_I,TOWED_BY,TOWED_TO,AREA_00_I,AREA_01_I,AREA_02_I,AREA_03_I,AREA_04_I,AREA_05_I,AREA_06_I,AREA_07_I,AREA_08_I,AREA_09_I,AREA_10_I,AREA_11_I,AREA_12_I,AREA_99_I,FIRST_CONTACT_POINT,CMV_ID,USDOT_NO,CCMC_NO,ILCC_NO,COMMERCIAL_SRC,GVWR,CARRIER_NAME,CARRIER_STATE,CARRIER_CITY,HAZMAT_PLACARDS_I,HAZMAT_NAME,UN_NO,HAZMAT_PRESENT_I,HAZMAT_REPORT_I,HAZMAT_REPORT_NO,MCS_REPORT_I,MCS_REPORT_NO,HAZMAT_VIO_CAUSE_CRASH_I,MCS_VIO_CAUSE_CRASH_I,IDOT_PERMIT_NO,WIDE_LOAD_I,TRAILER1_WIDTH,TRAILER2_WIDTH,TRAILER1_LENGTH,TRAILER2_LENGTH,TOTAL_VEHICLE_LENGTH,AXLE_CNT,VEHICLE_CONFIG,CARGO_BODY_TYPE,LOAD_TYPE,HAZMAT_OUT_OF_SERVICE_I,MCS_OUT_OF_SERVICE_I,HAZMAT_CLASS
2134229,a8cd30e2b857d6d470ac6f6fb54e717c7f2658843dc7ffaea148a4ee4c9aff2e7245236016ce6cdddc90211f6550f583f4052f2cc4ec9db3ada0df1bd1e83c6e,08/22/2025 12:15:00 PM,2,DRIVER,,2034510,,BMW,OTHER (EXPLAIN IN NARRATIVE),IL,2014,UNKNOWN,SPORT UTILITY VEHICLE (SUV),PERSONAL,S,SLOW/STOP IN TRAFFIC,,,1,,,,,,,,Y,Y,Y,Y,Y,,,,,,REAR,,,,,,,,,,,,,,,,,,,,,,,,,,,,,,,,,
2139530,0199eb12a59bd8ea3bb1bff72adc8c5e58bdef54ddb65c30fa72168ceb56f969856d6388e20c8d9eeeed70733b65bbc167d2b9ceca5cbb3e71ef388627b9a224,08/22/2025 12:10:00 PM,1,DRIVER,,2039538,,TOYOTA,RAV4,IL,2004,NONE,PASSENGER,PERSONAL,E,BACKING,,,1,,,,,,,,,Y,Y,Y,,,,,,,TOTAL (ALL AREAS),,,,,,,,,,,,,,,,,,,,,,,,,,,,,,,,,
2139531,0199eb12a59bd8ea3bb1bff72adc8c5e58bdef54ddb65c30fa72168ceb56f969856d6388e20c8d9eeeed70733b65bbc167d2b9ceca5cbb3e71ef388627b9a224,08/22/2025 12:10:00 PM,2,DRIVER,,2039539,,TOYOTA,PRIUS,OH,2013,NONE,PASSENGER,PERSONAL,W,TURNING LEFT,,,1,,,,,Y,,,,,,,,,,Y,Y,,FRONT,,,,,,,,,,,,,,,,,,,,,,,,,,,,,,,,,
2134669,5f243bbd36c863c539a062d3dd11f845bedf257fdde73d65d54f427d8a4451e6f133f3e938fa0c43d2b370b8a47703dc42d327e56b68fe8ad98d008332785dc5,08/22/2025 12:10:00 PM,1,DRIVER,,2034914,,KIA,OTHER (EXPLAIN IN NARRATIVE),IL,2019,NONE,PASSENGER,PERSONAL,UNKNOWN,PASSING/OVERTAKING,,,1,,,,,,,,,,,,,,,,,Y,UNKNOWN,,,,,,,,,,,,,,,,,,,,,,,,,,,,,,,,,
2134670,5f243bbd36c863c539a062d3dd11f845bedf257fdde73d65d54f427d8a4451e6f133f3e938fa0c43d2b370b8a47703dc42d327e56b68fe8ad98d008332785dc5,08/22/2025 12:10:00 PM,2,DRIVER,,2034918,,CHEVROLET,MALIBU,IL,2014,NONE,PASSENGER,PERSONAL,UNKNOWN,STRAIGHT AHEAD,,,1,,,,,,,,,,,,,,Y,Y,,,SIDE-LEFT-FRONT,,,,,,,,,,,,,,,,,,,,,,,,,,,,,,,,,
2134135,80459060bb7ce82396479f5adbc5794a11e779aadf89677b658251b08544efc439058a0e65220c04dcf2ce8f0d5ef9c1a701776de2cc8f7535580d0cb3098817,08/22/2025 12:10:00 PM,1,DRIVER,,2034412,,NISSAN,ROGUE,IL,2014,UNKNOWN,PASSENGER,PERSONAL,W,ENTER FROM DRIVE/ALLEY,,,1,,,,,Y,,,,,,,,,,,Y,,FRONT,,,,,,,,,,,,,,,,,,,,,,,,,,,,,,,,,
2134136,80459060bb7ce82396479f5adbc5794a11e779aadf89677b658251b08544efc439058a0e65220c04dcf2ce8f0d5ef9c1a701776de2cc8f7535580d0cb3098817,08/22/2025 12:10:00 PM,2,DRIVER,,2034419,,TOYOTA,SIENNA,IL,2008,UNKNOWN,VAN/MINI-VAN,PERSONAL,N,STRAIGHT AHEAD,,,1,,,,,Y,Y,,,,,,,,,,,,SIDE-RIGHT,,,,,,,,,,,,,,,,,,,,,,,,,,,,,,,,,
2134123,99db3fce0e34aed363e3169e6b3159dcdd73da704780c2824a5f89f7ccf6db0e5ade84ee5a9ee40b840b0b4d8379032022cbab446f6d8d57c58d162fecfda5f1,08/22/2025 12:10:00 PM,1,DRIVER,2,2034396,,FORD,F550,WA,2023,NONE,PICKUP,OTHER,N,BACKING,,,3,,,,,,,,,,Y,,,,,,,,REAR,,,,,,,,,,,,,,,,,,,,,,,,,,,,,,,,,
2134124,99db3fce0e34aed363e3169e6b3159dcdd73da704780c2824a5f89f7ccf6db0e5ade84ee5a9ee40b840b0b4d8379032022cbab446f6d8d57c58d162fecfda5f1,08/22/2025 12:10:00 PM,2,DRIVER,,2034402,,TOYOTA,COROLLA,IL,2018,NONE,PASSENGER,PERSONAL,S,STRAIGHT AHEAD,,,1,,,,,,,,,,,,,,,,Y,,FRONT,,,,,,,,,,,,,,,,,,,,,,,,,,,,,,,,,
2134271,e4b4b4c1571f8c6e642103f40bff32d1c659fb3ab2c2239c95f6780608d0bbb52ec7530816d19ecbd13071186b82660844d70eb9913819d7404a53b7fc8d3bc9,08/22/2025 12:04:00 PM,1,DRIVER,1,2034598,,TOYOTA,CAMRY,IL,2010,BRAKES,PASSENGER,PERSONAL,NW,STRAIGHT AHEAD,,,2,,,,,Y,,,,,,,,,,Y,Y,,FRONT,,,,,,,,,,,,,,,,,,,,,,,,,,,,,,,,,
2134272,e4b4b4c1571f8c6e642103f40bff32d1c659fb3ab2c2239c95f6780608d0bbb52ec7530816d19ecbd13071186b82660844d70eb9913819d7404a53b7fc8d3bc9,08/22/2025 12:04:00 PM,2,DRIVER,1,2034640,,MAZDA,CX-30,PA,2021,NONE,SPORT UTILITY VEHICLE (SUV),PERSONAL,NW,SLOW/STOP IN TRAFFIC,,,2,,,,,,,,,Y,Y,Y,,,,,,,REAR,,,,,,,,,,,,,,,,,,,,,,,,,,,,,,,,,
2134166,26e08e1b4657242b37bbaf9870ee3ad811d225e3cb1a9a97405c8964a5f5bbd4e82220d3926cc9b791a24b33ca1da839f0a7eac54d827bb12ac64b664c33d08f,08/22/2025 12:00:00 PM,1,DRIVER,,2034441,,EASY LOADER TRAILER,EASY LOADER TRAILER,IL,2005,UNKNOWN,OTHER,UNKNOWN/NA,E,MERGING,,,1,,,,,,,,,,,,,,,,,Y,REAR-LEFT-CORNER,,,,,,,,,,,,,,,,,,,,,,,,,,,,,,,,,
2134167,26e08e1b4657242b37bbaf9870ee3ad811d225e3cb1a9a97405c8964a5f5bbd4e82220d3926cc9b791a24b33ca1da839f0a7eac54d827bb12ac64b664c33d08f,08/22/2025 12:00:00 PM,2,DRIVER,,2034450,,MAZDA,CX-5,IL,2023,NONE,SPORT UTILITY VEHICLE (SUV),PERSONAL,E,STRAIGHT AHEAD,,,1,,,,,Y,Y,,,,,,,,,,,,SIDE-RIGHT-FRONT,,,,,,,,,,,,,,,,,,,,,,,,,,,,,,,,,
2134116,c7f8baaface79bf694015f23b3d29cc400f3b313ccb0d8daf41b64d2f1540b47bc5a40bf16c2eb4e48a45c53232f45fc51dc72146556e7753da1b60230af1b68,08/22/2025 11:46:00 AM,1,DRIVER,,2034392,,CHRYSLER,TOWN & COUNTRY,IL,2010,UNKNOWN,PASSENGER,PERSONAL,S,STRAIGHT AHEAD,,,1,,,,,,Y,Y,Y,,,,,,,,,,SIDE-RIGHT,,,,,,,,,,,,,,,,,,,,,,,,,,,,,,,,,
2134117,c7f8baaface79bf694015f23b3d29cc400f3b313ccb0d8daf41b64d2f1540b47bc5a40bf16c2eb4e48a45c53232f45fc51dc72146556e7753da1b60230af1b68,08/22/2025 11:46:00 AM,2,DRIVER,,2034397,,CHEVROLET,TAHOE,IL,2007,NONE,PASSENGER,PERSONAL,E,STRAIGHT AHEAD,,,1,,,,,,,,,,,,,,Y,Y,,,FRONT-LEFT-CORNER,,,,,,,,,,,,,,,,,,,,,,,,,,,,,,,,,
2134121,afe712684d0035ca4bd94b0460e78ddeda3b19658ee54e07bb734a91832f9077650cd8e31cf3ce42461b85d456f8d429e92eb7732e36a8d75fd6a09cdb862366,08/22/2025 11:45:00 AM,1,DRIVER,,2034394,,UNKNOWN,OTHER (EXPLAIN IN NARRATIVE),,,UNKNOWN,UNKNOWN/NA,UNKNOWN/NA,UNKNOWN,UNKNOWN/NA,,,1,,,,,,,,,,,,,,,,,Y,UNKNOWN,,,,,,,,,,,,,,,,,,,,,,,,,,,,,,,,,
2134122,afe712684d0035ca4bd94b0460e78ddeda3b19658ee54e07bb734a91832f9077650cd8e31cf3ce42461b85d456f8d429e92eb7732e36a8d75fd6a09cdb862366,08/22/2025 11:45:00 AM,2,PARKED,,2034391,,MASERATI,GHIBLI,IL,2014,UNKNOWN,PASSENGER,PERSONAL,W,PARKED,,,0,,,,,,,,,,,,,Y,Y,,,,FRONT-LEFT-CORNER,,,,,,,,,,,,,,,,,,,,,,,,,,,,,,,,,
2134108,ee7060f33299e57335db104e4420f8b39953bcf08dfdbc703d13677132214e13efc6bace8a2107b99784bc21a340d5bc7f70cad87678df01d0d06ccd49511e9c,08/22/2025 11:45:00 AM,1,DRIVER,,2034381,Y,NISSAN,FRONTIER,IL,2017,OTHER,PICKUP,UNKNOWN/NA,N,UNKNOWN/NA,,,1,,,,,,,,,,,,,,,,,Y,FRONT,,,,,,,,,,,,,,,,,,,,,,,,,,,,,,,,,
2134109,ee7060f33299e57335db104e4420f8b39953bcf08dfdbc703d13677132214e13efc6bace8a2107b99784bc21a340d5bc7f70cad87678df01d0d06ccd49511e9c,08/22/2025 11:45:00 AM,2,DRIVER,,2034385,,FORD,FUSION,IL,2014,NONE,PASSENGER,UNKNOWN/NA,N,SLOW/STOP IN TRAFFIC,,,1,,,,,,,,,,Y,,,,,,,,REAR,,,,,,,,,,,,,,,,,,,,,,,,,,,,,,,,,
2134127,5487979cc054ab740713c65fab92c48b08696895c8ce734002e1b3cfa590ce2734a7a326a485bab8a078b06c602e1061406b791d17ae15725d28418c5b6ce0a5,08/22/2025 11:40:00 AM,1,DRIVER,,2034403,,MAZDA,MAZDA3,,2014,UNKNOWN,UNKNOWN/NA,UNKNOWN/NA,N,PASSING/OVERTAKING,,,1,,,,,,,,,,,,,,,,,,REAR-RIGHT-CORNER,,,,,,,,,,,,,,,,,,,,,,,,,,,,,,,,,
2134128,5487979cc054ab740713c65fab92c48b08696895c8ce734002e1b3cfa590ce2734a7a326a485bab8a078b06c602e1061406b791d17ae15725d28418c5b6ce0a5,08/22/2025 11:40:00 AM,2,DRIVER,1,2034400,,VOLKSWAGEN,GTI,IL,2008,NONE,PASSENGER,PERSONAL,N,ENTERING TRAFFIC LANE FROM PARKING,,,2,,,,,,,,,,,,,,,,,,FRONT,,,,,,,,,,,,,,,,,,,,,,,,,,,,,,,,,
2139475,5ee7aca8791646dd1857407affa9b66399e38b2ae0b3aafadb69d35cd46920b5753e32357cddca288b84dd525165b08197cf532529355c57fca372226b404983,08/22/2025 11:40:00 AM,1,DRIVER,,2039491,,INTERNATIONAL TRAILER CORPORATION,OTHER (EXPLAIN IN NARRATIVE),OH,2025,NONE,TRACTOR W/ SEMI-TRAILER,COMMERCIAL - SINGLE UNIT,S,LEAVING TRAFFIC LANE TO PARK,,,1,,,,,Y,,,,,,,,,,,,,FRONT-RIGHT-CORNER,,,,,,,,,,,,,,,,,,,,,,,,,,,,,,,,,
2139476,5ee7aca8791646dd1857407affa9b66399e38b2ae0b3aafadb69d35cd46920b5753e32357cddca288b84dd525165b08197cf532529355c57fca372226b404983,08/22/2025 11:40:00 AM,2,PARKED,,2039495,,U-HAUL COMPANY (DIVISION PARKHURST MANUFACTURING COMPANY),OTHER (EXPLAIN IN NARRATIVE),VA,2017,NONE,OTHER,OTHER,S,PARKED,,,0,,,,,,,,,,,Y,,,,,,,REAR-LEFT-CORNER,,,,,,,,,,,,,,,,,,,,,,,,,,,,,,,,,
2139499,5ee7aca8791646dd1857407affa9b66399e38b2ae0b3aafadb69d35cd46920b5753e32357cddca288b84dd525165b08197cf532529355c57fca372226b404983,08/22/2025 11:40:00 AM,3,DRIVER,2,2039506,,HONDA,ODYSSEY,IL,2006,NONE,VAN/MINI-VAN,PERSONAL,S,OTHER,,,3,,,,Y,,,,,,,,,,,,,,NONE,,,,,,,,,,,,,,,,,,,,,,,,,,,,,,,,,
2134119,296a67ba8549eca5f0c65fa178e464024079ec7217a0cf2d1ba2483e7b7c6b3367598f2b99506500fe7a5271ec7cab246639253e3cb60e901df2024cf55fee02,08/22/2025 11:38:00 AM,1,BICYCLE,,,,,,,,,,,,,,,,,,,,,,,,,,,,,,,,,,,,,,,,,,,,,,,,,,,,,,,,,,,,,,,,,,
2134120,296a67ba8549eca5f0c65fa178e464024079ec7217a0cf2d1ba2483e7b7c6b3367598f2b99506500fe7a5271ec7cab246639253e3cb60e901df2024cf55fee02,08/22/2025 11:38:00 AM,2,DRIVER,1,2034398,,MAZDA,MX-3,IL,2018,NONE,SPORT UTILITY VEHICLE (SUV),PERSONAL,E,TURNING RIGHT,,,2,,,,,,,Y,Y,,,,,,,,,,SIDE-RIGHT-REAR,,,,,,,,,,,,,,,,,,,,,,,,,,,,,,,,,
2134189,3478a823675b89298e767635e7b2634b4e1bb7425818db69596eb8ff98957d300040af102c96675c061faa3b17d8504659647acefef497458e9c7a0ad5fb1827,08/22/2025 11:36:00 AM,1,DRIVER,1,2034457,,DODGE,DURANGO,,,UNKNOWN,SPORT UTILITY VEHICLE (SUV),PERSONAL,E,BACKING,,,2,,,,,,,,,,,,,,,,,Y,REAR,,,,,,,,,,,,,,,,,,,,,,,,,,,,,,,,,
2134190,3478a823675b89298e767635e7b2634b4e1bb7425818db69596eb8ff98957d300040af102c96675c061faa3b17d8504659647acefef497458e9c7a0ad5fb1827,08/22/2025 11:36:00 AM,2,PARKED,,2034462,,NISSAN,ROGUE,IL,2011,NONE,SPORT UTILITY VEHICLE (SUV),PERSONAL,W,PARKED,,,0,,,,,,,,,,,,,,,,Y,,FRONT,,,,,,,,,,,,,,,,,,,,,,,,,,,,,,,,,
2134133,31a733bc87e314f3170b18a66023630ef53e3cd0d4a1cc816dff94d03df5f04bba299dfdea8f4c5699f0a04a123d0288e2f35194884913170c98b8717bf583fc,08/22/2025 11:30:00 AM,1,DRIVER,,2034408,,FREIGHTLINER CORPORATION,OTHER (EXPLAIN IN NARRATIVE),IL,2016,NONE,TRUCK - SINGLE UNIT,COMMERCIAL - SINGLE UNIT,W,BACKING,,,1,,,,Y,,,,,,,,,,,,,,REAR,,,,,,,,,,,,,,,,,,,,,,,,,,,,,,,,,
2134134,31a733bc87e314f3170b18a66023630ef53e3cd0d4a1cc816dff94d03df5f04bba299dfdea8f4c5699f0a04a123d0288e2f35194884913170c98b8717bf583fc,08/22/2025 11:30:00 AM,2,DRIVER,,2034411,,MITSUBISHI,ECLIPSE,IL,2023,NONE,PASSENGER,PERSONAL,E,SLOW/STOP IN TRAFFIC,,,1,,,,,Y,,,,,,,,,,Y,Y,,FRONT,,,,,,,,,,,,,,,,,,,,,,,,,,,,,,,,,
2134157,3bde343683eb4480793bf0e62f00869847d9242a9f9dae2c6c41abee36f9073f5dae2a9e94d6d0d4c0ac7c8e5ba94394d27ac8878e3c80e1e4c0d673ceb67baa,08/22/2025 11:30:00 AM,1,DRIVER,,2034430,,KIA,SORENTO,IL,2016,UNKNOWN,VAN/MINI-VAN,PERSONAL,N,PASSING/OVERTAKING,,,1,,,,,Y,,,,,,,,,,,,,FRONT-RIGHT-CORNER,,,,,,,,,,,,,,,,,,,,,,,,,,,,,,,,,
2134158,3bde343683eb4480793bf0e62f00869847d9242a9f9dae2c6c41abee36f9073f5dae2a9e94d6d0d4c0ac7c8e5ba94394d27ac8878e3c80e1e4c0d673ceb67baa,08/22/2025 11:30:00 AM,2,DRIVER,1,2034443,,FORD,F250,IL,2018,NONE,PICKUP,PERSONAL,N,TURNING RIGHT,,,2,,,,,,,,,,,Y,,,,,,,REAR-LEFT-CORNER,,,,,,,,,,,,,,,,,,,,,,,,,,,,,,,,,
2134104,51b925e4e60a6a9011bffa2c890ef732ae6d5caf0b25fcdd1cdb96bd48b0f06c4861b721a007dd0a8ce8a6cad89fb95d72f34eee29b17f0762d6317e5edee32b,08/22/2025 11:30:00 AM,1,DRIVER,,2034376,,KIA,SPORTAGE,IL,2018,NONE,PASSENGER,PERSONAL,N,STRAIGHT AHEAD,,,1,,,,,,,,,,,,,,,,,Y,FRONT,,,,,,,,,,,,,,,,,,,,,,,,,,,,,,,,,
2134105,51b925e4e60a6a9011bffa2c890ef732ae6d5caf0b25fcdd1cdb96bd48b0f06c4861b721a007dd0a8ce8a6cad89fb95d72f34eee29b17f0762d6317e5edee32b,08/22/2025 11:30:00 AM,2,DRIVER,,2034378,,GENERAL MOTORS CORPORATION (GMC),CANYON,IL,2019,NONE,PASSENGER,PERSONAL,N,SLOW/STOP IN TRAFFIC,,,1,,,,,,,,,,Y,,,,,,,,REAR,,,,,,,,,,,,,,,,,,,,,,,,,,,,,,,,,
2134094,5a6a69ec8aa33d6bb554eca326b168b348316902629eb060b1e6737b16f9888c3f39e4d46efcc6376a8533e263c5f95a24ae8d8be5b0b2e3a02a79ab03638f3a,08/22/2025 11:30:00 AM,1,DRIVER,,2034369,,HYUNDAI,ELANTRA,IL,2018,NONE,SPORT UTILITY VEHICLE (SUV),PERSONAL,NW,STRAIGHT AHEAD,,,1,,,,,,Y,,,,,,,,,,,,SIDE-LEFT,,,,,,,,,,,,,,,,,,,,,,,,,,,,,,,,,
2134095,5a6a69ec8aa33d6bb554eca326b168b348316902629eb060b1e6737b16f9888c3f39e4d46efcc6376a8533e263c5f95a24ae8d8be5b0b2e3a02a79ab03638f3a,08/22/2025 11:30:00 AM,2,PARKED,,2034371,,LAND ROVER,DEFENDER,IL,2024,NONE,SPORT UTILITY VEHICLE (SUV),PERSONAL,NW,PARKED,,,0,,,,,,,,,,,Y,Y,,,,,,SIDE-LEFT-REAR,,,,,,,,,,,,,,,,,,,,,,,,,,,,,,,,,
2134129,feb3ff52ec6e990764cd654c683d6e7bf6f0c5f76cfd824d0e9b526d4a9497ba0214d319a27db8ee98eb828b678f21878c8c2d32b3e47350891bb718272f6877,08/22/2025 11:30:00 AM,1,DRIVER,,2034406,,VOLKSWAGEN,OTHER (EXPLAIN IN NARRATIVE),IL,,UNKNOWN,PASSENGER,UNKNOWN/NA,E,BACKING,,,1,,,,Y,,,,,,Y,,,,,,,,REAR,,,,,,,,,,,,,,,,,,,,,,,,,,,,,,,,,
2134130,feb3ff52ec6e990764cd654c683d6e7bf6f0c5f76cfd824d0e9b526d4a9497ba0214d319a27db8ee98eb828b678f21878c8c2d32b3e47350891bb718272f6877,08/22/2025 11:30:00 AM,2,PARKED,2,2034409,,NISSAN,ALTIMA,IL,,NONE,PASSENGER,PERSONAL,W,PARKED,,,2,,,,,,,,,,,,,,,,Y,,FRONT,,,,,,,,,,,,,,,,,,,,,,,,,,,,,,,,,
2134170,a4e164e5769a6794fdc5de046ac561d40171a92c790a17c7337c02e46363d3c0eedb4ac80152cfa8f2fed66b2398f0615b913cf08f6f757b52c789ab48a4989d,08/22/2025 11:16:00 AM,1,DRIVER,,2034439,,FORD,CROWN VICTORIA,FL,2006,NONE,PASSENGER,PERSONAL,S,STRAIGHT AHEAD,Y,,1,,TT04,11 W Bessie COleman drive,,Y,,Y,Y,,,,,,,,Y,,TOTAL (ALL AREAS),,,,,,,,,,,,,,,,,,,,,,,,,,,,,,,,,
2134110,edb60f386228c7374ccd6916aa6cbb244444bf9f2a7bdaecb506bff50a6db5820133f0d56f9b63895110f55263241e6797f9ed750a6e9c975e6ca9e05114aa16,08/22/2025 11:15:00 AM,1,DRIVER,,2034389,,TOYOTA,CAMRY,IL,2010,NONE,PASSENGER,PERSONAL,E,CHANGING LANES,Y,,1,,private tow,,,Y,Y,Y,Y,Y,,,,,,,,,SIDE-RIGHT-FRONT,,,,,,,,,,,,,,,,,,,,,,,,,,,,,,,,,
2134111,edb60f386228c7374ccd6916aa6cbb244444bf9f2a7bdaecb506bff50a6db5820133f0d56f9b63895110f55263241e6797f9ed750a6e9c975e6ca9e05114aa16,08/22/2025 11:15:00 AM,2,PARKED,,2034405,Y,FREIGHTLINER CORPORATION,FREIGHTLINER CORP.,IL,2018,NONE,TRUCK - SINGLE UNIT,COMMERCIAL - SINGLE UNIT,E,PARKED,,,0,,,,,,,,,,,,,Y,Y,Y,,,SIDE-LEFT-FRONT,"22,052",021800,,,DRIVER,,UPS,GA,ATLANTA,,,,N,N,,N,,N,N,,,,,,,,,"SINGLE UNIT TRUCK, 2 AXLES, 6 TIRES",VAN/ENCLOSED BOX,OTHER,N,N,
2134155,2c5ec653b36f1f15454c17210fae2b9dcfdcabd14f547e55012c97f8c2766d7e3c8ac12e6c4685bb5f55188ca6c42d254a8a21d3fc58fd36bf088531120404eb,08/22/2025 11:10:00 AM,1,DRIVER,,2034425,Y,"PETERBILT MOTORS COMPANY (DIVISION OF PACCAR, INC.)",OTHER (EXPLAIN IN NARRATIVE),IL,2017,UNKNOWN,TRUCK - SINGLE UNIT,COMMERCIAL - SINGLE UNIT,E,PASSING/OVERTAKING,,,1,,,,,,,,,,,,,,Y,,,,SIDE-LEFT-FRONT,"22,053",564822,,,,3,GROOT RECYCLING AND WASTE SERVICE INC.,IL,ELK GROVE VILLAGE,,,,N,N,,N,,N,N,,,,,,,,,"SINGLE UNIT TRUCK, 2 AXLES, 6 TIRES",OTHER,UNKNOWN,N,N,
2134156,2c5ec653b36f1f15454c17210fae2b9dcfdcabd14f547e55012c97f8c2766d7e3c8ac12e6c4685bb5f55188ca6c42d254a8a21d3fc58fd36bf088531120404eb,08/22/2025 11:10:00 AM,2,DRIVER,,2034428,Y,HINO,OTHER (EXPLAIN IN NARRATIVE),IL,2016,UNKNOWN,TRUCK - SINGLE UNIT,PERSONAL,W,STRAIGHT AHEAD,,,1,,,,,,,,,,,,,,Y,,,,SIDE-LEFT-FRONT,"22,054",2172301,,,,3,PARAMOUNT-EO-INC,IL,WOODRIDGE,,,,N,N,,N,,N,N,,,,,,,,,"SINGLE UNIT TRUCK, 2 AXLES, 6 TIRES",OTHER,UNKNOWN,N,N,
2134131,a9e3cb56fd3ede431822f346d36a5ca489a9522ea5d2a20d26067e491dfc6d234d71af78920e96ccf8e3c1befcf0de22587d184671577729555b8d36b7f7901f,08/22/2025 11:10:00 AM,1,DRIVER,,2034407,,FREIGHTLINER CORPORATION,FREIGHTLINER CORP.,IL,2025,NONE,PASSENGER,NOT IN USE,W,BACKING,,,1,,,,Y,,,,,,,,,,,,,,NONE,,,,,,,,,,,,,,,,,,,,,,,,,,,,,,,,,
2134132,a9e3cb56fd3ede431822f346d36a5ca489a9522ea5d2a20d26067e491dfc6d234d71af78920e96ccf8e3c1befcf0de22587d184671577729555b8d36b7f7901f,08/22/2025 11:10:00 AM,2,DRIVERLESS,,2034410,,TOYOTA,CAMRY,IL,2023,NONE,PASSENGER,PERSONAL,E,PARKED IN TRAFFIC LANE,,,0,,,,,,,,,,,,,,,,,,SIDE-LEFT-REAR,,,,,,,,,,,,,,,,,,,,,,,,,,,,,,,,,
2136895,9e6d347638b1aedb9315db9ad58aefb64452da560bb32c42146dfa1881ddaeb18e9003a26f98fa8cb1e9413d1bb6a225e010826f5718cdb0fe55205831a5e63c,08/22/2025 11:08:00 AM,1,DRIVER,,2037057,,TOYOTA,PRIUS,IL,2007,NONE,PASSENGER,PERSONAL,E,STRAIGHT AHEAD,,,1,,,,,,,,,,,,,,,,Y,,FRONT,,,,,,,,,,,,,,,,,,,,,,,,,,,,,,,,,
2136896,9e6d347638b1aedb9315db9ad58aefb64452da560bb32c42146dfa1881ddaeb18e9003a26f98fa8cb1e9413d1bb6a225e010826f5718cdb0fe55205831a5e63c,08/22/2025 11:08:00 AM,2,DRIVER,,2037062,,MITSUBISHI,MIRAGE,IL,2024,NONE,PASSENGER,PERSONAL,E,SLOW/STOP IN TRAFFIC,,,1,,,,,,,,,,Y,,,,,,,,REAR,,,,,,,,,,,,,,,,,,,,,,,,,,,,,,,,,
2140068,120acb37cddc7baeed88be11e30adf1878948258a2e9edf4e6cc4bda52e91e7a94faa47258559b994124eddbed85fb9d58f9be8fa21e1888c61eb5ecf2ccd2b8,08/22/2025 11:00:00 AM,1,DRIVER,1,2040055,,TOYOTA,PRIUS,IL,2014,NONE,PASSENGER,PERSONAL,UNKNOWN,BACKING,,,2,,,,,,,,,,,,,,,,,Y,REAR,,,,,,,,,,,,,,,,,,,,,,,,,,,,,,,,,
2140069,120acb37cddc7baeed88be11e30adf1878948258a2e9edf4e6cc4bda52e91e7a94faa47258559b994124eddbed85fb9d58f9be8fa21e1888c61eb5ecf2ccd2b8,08/22/2025 11:00:00 AM,2,DRIVER,,2040056,,TOYOTA,RAV4,IL,2024,NONE,PASSENGER,PERSONAL,UNKNOWN,SLOW/STOP IN TRAFFIC,,,1,,,,,,,,,,,,,,,,,Y,REAR,,,,,,,,,,,,,,,,,,,,,,,,,,,,,,,,,
2134481,ed56a089d78b895b983d1df79a1882aa802b9990939d74779097784c3c3fcbe7800e689654e9e62c49367a9dc511079a7e54a87b09b8ac0f84ef0515a7618503,08/22/2025 11:00:00 AM,1,DRIVER,,2034730,,TOYOTA,COROLLA,IL,2010,UNKNOWN,PASSENGER,UNKNOWN/NA,N,STRAIGHT AHEAD,,,1,,,,,,,,,,,,,,,,Y,Y,FRONT,,,,,,,,,,,,,,,,,,,,,,,,,,,,,,,,,
2134482,ed56a089d78b895b983d1df79a1882aa802b9990939d74779097784c3c3fcbe7800e689654e9e62c49367a9dc511079a7e54a87b09b8ac0f84ef0515a7618503,08/22/2025 11:00:00 AM,2,DRIVER,,2034733,,DODGE,JOURNEY,IL,2017,NONE,SPORT UTILITY VEHICLE (SUV),PERSONAL,N,SLOW/STOP IN TRAFFIC,,,1,,,,,,,,,,Y,,,,,,,,REAR,,,,,,,,,,,,,,,,,,,,,,,,,,,,,,,,,