CRASH_UNIT_ID,CRASH_RECORD_ID,CRASH_DATE,UNIT_NO,UNIT_TYPE,NUM_PASSENGERS,VEHICLE_ID,CMRC_VEH_I,MAKE,MODEL,LIC_PLATE_STATE,VEHICLE_YEAR,VEHICLE_DEFECT,VEHICLE_TYPE,VEHICLE_USE,TRAVEL_DIRECTION,MANEUVER,TOWED_I,FIRE_I,OCCUPANT_CNT,EXCEED_SPEED_LIMIT_I,TOWED_BY,TOWED_TO,AREA_00_I,AREA_01_I,AREA_02_I,AREA_03_I,AREA_04_I,AREA_05_I,AREA_06_I,AREA_07_I,AREA_08_I,AREA_09_I,AREA_10_I,AREA_11_I,AREA_12_I,AREA_99_I,FIRST_CONTACT_POINT,CMV_ID,USDOT_NO,CCMC_NO,ILCC_NO,COMMERCIAL_SRC,GVWR,CARRIER_NAME,CARRIER_STATE,CARRIER_CITY,HAZMAT_PLACARDS_I,HAZMAT_NAME,UN_NO,HAZMAT_PRESENT_I,HAZMAT_REPORT_I,HAZMAT_REPORT_NO,MCS_REPORT_I,MCS_REPORT_NO,HAZMAT_VIO_CAUSE_CRASH_I,MCS_VIO_CAUSE_CRASH_I,IDOT_PERMIT_NO,WIDE_LOAD_I,TRAILER1_WIDTH,TRAILER2_WIDTH,TRAILER1_LENGTH,TRAILER2_LENGTH,TOTAL_VEHICLE_LENGTH,AXLE_CNT,VEHICLE_CONFIG,CARGO_BODY_TYPE,LOAD_TYPE,HAZMAT_OUT_OF_SERVICE_I,MCS_OUT_OF_SERVICE_I,HAZMAT_CLASS
2134114,cbd63e942d660b590952f6682a261559bd6c4ca697bfe923c7b2bd899383bd5064b2ec922ffda54f21b30165942c8bd048b4c5c407651602e1c19fcf8dda0415,08/22/2025 10:54:00 AM,1,DRIVER,,2034393,,BLUEBIRD INTERNATIONAL,OTHER (EXPLAIN IN NARRATIVE),IL,2017,UNKNOWN,OTHER,OTHER,S,BACKING,,,1,,,,Y,,,,,,,,,,,,,,REAR,,,,,,,,,,,,,,,,,,,,,,,,,,,,,,,,,
2134115,cbd63e942d660b590952f6682a261559bd6c4ca697bfe923c7b2bd899383bd5064b2ec922ffda54f21b30165942c8bd048b4c5c407651602e1c19fcf8dda0415,08/22/2025 10:54:00 AM,2,PARKED,,2034399,,MERCEDES-BENZ,ML350,IL,2015,UNKNOWN,SPORT UTILITY VEHICLE (SUV),PERSONAL,S,PARKED,,,0,,,,,,,,,,,Y,Y,,,,,,SIDE-LEFT-REAR,,,,,,,,,,,,,,,,,,,,,,,,,,,,,,,,,
2134112,c59d3ea7202a8d561649a464959599ee7be15f65d17951228ddb2fc8ea57d431a031f0326ac45156754d001becde68cf4bac2245c49e89a72141e2d0e154d896,08/22/2025 10:52:00 AM,1,DRIVER,,2034414,,TOYOTA,CAMRY,IL,2025,UNKNOWN,PASSENGER,PERSONAL,S,BACKING,,,1,,,,,,,,,Y,,,,,,,,,REAR-RIGHT-CORNER,,,,,,,,,,,,,,,,,,,,,,,,,,,,,,,,,
2134113,c59d3ea7202a8d561649a464959599ee7be15f65d17951228ddb2fc8ea57d431a031f0326ac45156754d001becde68cf4bac2245c49e89a72141e2d0e154d896,08/22/2025 10:52:00 AM,2,DRIVER,,2034404,,BUICK,OTHER (EXPLAIN IN NARRATIVE),,2012,UNKNOWN,PASSENGER,PERSONAL,N,STRAIGHT AHEAD,,,1,,,,,,,,,Y,,,,,,,,,REAR-RIGHT-CORNER,,,,,,,,,,,,,,,,,,,,,,,,,,,,,,,,,
2134064,6452178a0b2d863c18aed16c9dc1687cc63c8259d642e4ed773c952c0ed4d7682f132c4956bc96b19a22576c06a75926b2b7a88ba3194524434f4e7c76b40b8f,08/22/2025 10:32:00 AM,1,DRIVER,,2034345,,HONDA,PILOT,IL,2012,NONE,PASSENGER,PERSONAL,W,CHANGING LANES,,,1,,,,,,,,,,,,,,,Y,Y,,FRONT-LEFT-CORNER,,,,,,,,,,,,,,,,,,,,,,,,,,,,,,,,,
2134065,6452178a0b2d863c18aed16c9dc1687cc63c8259d642e4ed773c952c0ed4d7682f132c4956bc96b19a22576c06a75926b2b7a88ba3194524434f4e7c76b40b8f,08/22/2025 10:32:00 AM,2,DRIVER,,2034349,,HYUNDAI,ELANTRA,IL,2011,NONE,PASSENGER,PERSONAL,E,STRAIGHT AHEAD,Y,,1,,PRIVATE TOW,,,Y,Y,,Y,,,,,,,Y,Y,,REAR-RIGHT-CORNER,,,,,,,,,,,,,,,,,,,,,,,,,,,,,,,,,
2134360,fce761c904753352eec7d648d1ce7fbe278223ab4bd91e05b3db1f9c09303819c076ce21d41b1e12800fcb5dbe68eb84b977e194be8b84453498e5efe3402592,08/22/2025 10:30:00 AM,1,DRIVER,,2034621,,UNKNOWN,OTHER (EXPLAIN IN NARRATIVE),IL,,UNKNOWN,UNKNOWN/NA,UNKNOWN/NA,UNKNOWN,UNKNOWN/NA,,,1,,,,,,,,,,,,,,,,,Y,UNKNOWN,,,,,,,,,,,,,,,,,,,,,,,,,,,,,,,,,
2134361,fce761c904753352eec7d648d1ce7fbe278223ab4bd91e05b3db1f9c09303819c076ce21d41b1e12800fcb5dbe68eb84b977e194be8b84453498e5efe3402592,08/22/2025 10:30:00 AM,2,PARKED,,2034616,,NISSAN,MURANO,IL,2017,UNKNOWN,PASSENGER,PERSONAL,UNKNOWN,PARKED,,,0,,,,,Y,,,,,,Y,Y,,,,,,SIDE-LEFT,,,,,,,,,,,,,,,,,,,,,,,,,,,,,,,,,
2134060,f6b97f6cf36fbdef9601080f6f5ceedb9a1c0badab089fe5b9730e9ccf75b9bd2266172457e21942799ebe8b2d5b8d1ff09ac18ef18927b4d6636cea6f73a6d3,08/22/2025 10:25:00 AM,1,DRIVER,,2034332,,CHEVROLET,MALIBU,IL,2010,NONE,PASSENGER,PERSONAL,SW,TURNING LEFT,Y,,1,,private,,,Y,,,,,,,,,,Y,Y,,FRONT,,,,,,,,,,,,,,,,,,,,,,,,,,,,,,,,,
2134061,f6b97f6cf36fbdef9601080f6f5ceedb9a1c0badab089fe5b9730e9ccf75b9bd2266172457e21942799ebe8b2d5b8d1ff09ac18ef18927b4d6636cea6f73a6d3,08/22/2025 10:25:00 AM,2,DRIVER,,2034336,,LEXUS,ES250,IL,2023,BRAKES,PASSENGER,PERSONAL,E,STRAIGHT AHEAD,,,1,,,,,N,N,,,,,,,,Y,Y,Y,,FRONT-LEFT-CORNER,,,,,,,,,,,,,,,,,,,,,,,,,,,,,,,,,
2134943,fb6123ec5d23a19f6dcd0fa153e70ad0d793775f8b855b6a48967cf2fb908aca76437226909736572b6b0151605e67a380fb535492e0caa0230f622f87c1c903,08/22/2025 10:25:00 AM,1,DRIVER,,2035184,,CHEVROLET,MALIBU,IL,2014,UNKNOWN,PASSENGER,PERSONAL,E,BACKING,,,1,,,,,,,,,,,,,,,,,Y,REAR,,,,,,,,,,,,,,,,,,,,,,,,,,,,,,,,,
2134944,fb6123ec5d23a19f6dcd0fa153e70ad0d793775f8b855b6a48967cf2fb908aca76437226909736572b6b0151605e67a380fb535492e0caa0230f622f87c1c903,08/22/2025 10:25:00 AM,2,PARKED,,2035197,,CHEVROLET,TRAX,IL,2017,NONE,PASSENGER,PERSONAL,S,PARKED,,,0,,,,,Y,Y,Y,,,,,,,,,,,SIDE-RIGHT-FRONT,,,,,,,,,,,,,,,,,,,,,,,,,,,,,,,,,
2134279,2b8ff761ce6c3508d632b812e6b56dba92f247dd9250985016beda42b528ed7c84bba5917fdb518ccdbbedd3bc7c62c775aee808bba94e80743e40318ad5131b,08/22/2025 10:20:00 AM,1,DRIVER,,2034545,,UNKNOWN,OTHER (EXPLAIN IN NARRATIVE),,,NONE,UNKNOWN/NA,UNKNOWN/NA,E,PASSING/OVERTAKING,,,1,,,,,,,,,,,,,,,,,Y,SIDE-RIGHT,,,,,,,,,,,,,,,,,,,,,,,,,,,,,,,,,
2134280,2b8ff761ce6c3508d632b812e6b56dba92f247dd9250985016beda42b528ed7c84bba5917fdb518ccdbbedd3bc7c62c775aee808bba94e80743e40318ad5131b,08/22/2025 10:20:00 AM,2,DRIVER,,2034557,,AUTOCAR,AUTOCAR,IL,2009,NONE,OTHER,OTHER,E,STRAIGHT AHEAD,,,1,,,,Y,,,,,,,,,,,,,,SIDE-RIGHT,,,,,,,,,,,,,,,,,,,,,,,,,,,,,,,,,
2134419,7751c3c5174fc1dfdad023a5d58764a45aa4e0e1671880bf04e37e07f1fc66a89d382953852e7d7ffbe4f4e46226687937c6a813af1e5596a017bdcba6dbef1a,08/22/2025 10:11:00 AM,1,DRIVER,,2034681,,HONDA,ACCORD,IL,2006,UNKNOWN,PASSENGER,PERSONAL,UNKNOWN,STRAIGHT AHEAD,,,1,,,,,Y,,,,,,,,,,Y,Y,,FRONT,,,,,,,,,,,,,,,,,,,,,,,,,,,,,,,,,
2134420,7751c3c5174fc1dfdad023a5d58764a45aa4e0e1671880bf04e37e07f1fc66a89d382953852e7d7ffbe4f4e46226687937c6a813af1e5596a017bdcba6dbef1a,08/22/2025 10:11:00 AM,2,PARKED,,2034693,,ACURA,ADX,IL,2023,UNKNOWN,PASSENGER,UNKNOWN/NA,N,PARKED,,,0,,,,,Y,,,,,,,,,Y,Y,Y,,FRONT-LEFT-CORNER,,,,,,,,,,,,,,,,,,,,,,,,,,,,,,,,,
2134515,eea393e06f096fd1ec7abae3e32899f10763818474375c5bd329133a81aeafcafee434b67b3730c0d231584bb47f019122385c96dcc8f7310ef6b1afeda403d6,08/22/2025 10:11:00 AM,1,DRIVER,,2034768,,BUICK,LACROSSE,IL,2005,UNKNOWN,PASSENGER,PERSONAL,W,OTHER,,,1,,,,,N,,,,,,,,,Y,,,,SIDE-LEFT,,,,,,,,,,,,,,,,,,,,,,,,,,,,,,,,,
2134516,eea393e06f096fd1ec7abae3e32899f10763818474375c5bd329133a81aeafcafee434b67b3730c0d231584bb47f019122385c96dcc8f7310ef6b1afeda403d6,08/22/2025 10:11:00 AM,2,DRIVER,,2034774,,KIA,SPORTAGE,IL,2023,NONE,SPORT UTILITY VEHICLE (SUV),PERSONAL,N,STRAIGHT AHEAD,,,1,,,,,Y,,,,,,,,,,,N,,FRONT-RIGHT-CORNER,,,,,,,,,,,,,,,,,,,,,,,,,,,,,,,,,
2134141,6015bf8e6618e02a51be0842a0ba563acdb5311c15bb9376448a3e546bb77cd0aecc37b518f07b98af9261c00c12b5c5f3f2ef3749e813b0c46d6678a3282d2b,08/22/2025 10:07:00 AM,1,DRIVER,,2034423,,MERCEDES-BENZ,G-CLASS,,2020,NONE,PASSENGER,PERSONAL,N,STRAIGHT AHEAD,Y,,1,,UNKNOWN,UNKNOWN,,Y,,,,,,,Y,Y,Y,Y,Y,,FRONT-LEFT-CORNER,,,,,,,,,,,,,,,,,,,,,,,,,,,,,,,,,
2134142,6015bf8e6618e02a51be0842a0ba563acdb5311c15bb9376448a3e546bb77cd0aecc37b518f07b98af9261c00c12b5c5f3f2ef3749e813b0c46d6678a3282d2b,08/22/2025 10:07:00 AM,2,DRIVER,2,2034429,,NISSAN,ARMADA,IL,2022,NONE,SPORT UTILITY VEHICLE (SUV),PERSONAL,N,PASSING/OVERTAKING,Y,,3,,UNKNOWN,UNKNOWN,,,,,,Y,Y,Y,Y,Y,,,,,REAR,,,,,,,,,,,,,,,,,,,,,,,,,,,,,,,,,
2134078,f6d196e6cf2e4de42fdb420e542b62c73934078f4ddfa72337ce1d76f31975009e039f0bec8ea3841fdaf271abf43d00e01ad4629913dd565e13b05121796f8d,08/22/2025 10:05:00 AM,1,DRIVER,,2034356,,UNKNOWN,ENGINE,IL,,UNKNOWN,UNKNOWN/NA,UNKNOWN/NA,E,STRAIGHT AHEAD,,,1,,,,,,,,,,,,,,,,Y,,FRONT,,,,,,,,,,,,,,,,,,,,,,,,,,,,,,,,,
2134079,f6d196e6cf2e4de42fdb420e542b62c73934078f4ddfa72337ce1d76f31975009e039f0bec8ea3841fdaf271abf43d00e01ad4629913dd565e13b05121796f8d,08/22/2025 10:05:00 AM,2,DRIVER,,2034361,,FORD,E-TRANSIT,IL,2023,UNKNOWN,TRUCK - SINGLE UNIT,OTHER,E,STRAIGHT AHEAD,,,1,,,,,,,,,,Y,,,,,,,,REAR,,,,,,,,,,,,,,,,,,,,,,,,,,,,,,,,,
2134070,6869065b0fde2646b8340fa2440e5dad696968b848aeaea79830ff394fb44d35ee5232cf8ad5fc8fdbf628773e1a3f03f632300a94625dd9e6b47a60c43e0172,08/22/2025 10:03:00 AM,1,DRIVER,,2034358,,FREIGHTLINER CORPORATION,FREIGHTLINER CORP.,IL,2015,NONE,TRUCK - SINGLE UNIT,CONSTRUCTION/MAINTENANCE,S,BACKING,,,1,,,,Y,,,,,,,,,,,,,,SIDE-RIGHT-REAR,,,,,,,,,,,,,,,,,,,,,,,,,,,,,,,,,
2134071,6869065b0fde2646b8340fa2440e5dad696968b848aeaea79830ff394fb44d35ee5232cf8ad5fc8fdbf628773e1a3f03f632300a94625dd9e6b47a60c43e0172,08/22/2025 10:03:00 AM,2,PARKED,,2034362,,SUBARU,OUTBACK,IL,2014,NONE,PASSENGER,PERSONAL,N,PARKED,,,0,,,,,,,,,,,Y,,,,,,,SIDE-LEFT-REAR,,,,,,,,,,,,,,,,,,,,,,,,,,,,,,,,,
2138402,5d891ffa6345baf595d1c3051bb3a779dc7e51b60fbdf517adbff8e9e5fb3e78455d1800d93036be0dbb9c4fe2f08300f9d223feb92fd7795870a4fa28c85843,08/22/2025 10:00:00 AM,1,DRIVER,,2038494,,HONDA,ACCORD,,,UNKNOWN,UNKNOWN/NA,UNKNOWN/NA,N,STRAIGHT AHEAD,,,1,,,,,,,,,,,,,,,,,Y,UNKNOWN,,,,,,,,,,,,,,,,,,,,,,,,,,,,,,,,,
2138403,5d891ffa6345baf595d1c3051bb3a779dc7e51b60fbdf517adbff8e9e5fb3e78455d1800d93036be0dbb9c4fe2f08300f9d223feb92fd7795870a4fa28c85843,08/22/2025 10:00:00 AM,2,PARKED,,2038496,,TOYOTA,COROLLA,IL,2015,UNKNOWN,PASSENGER,NOT IN USE,N,PARKED,,,0,,,,,Y,Y,Y,Y,Y,,,,,,,,,SIDE-RIGHT,,,,,,,,,,,,,,,,,,,,,,,,,,,,,,,,,
2134365,e625c7b8020b3d9d853c74960eed084ad38683342b9a9d0d03b1d5ac65b83999772d845525bcd38cbfaea5f94a1d6ea9ff757a1175eff14541c65b0ffbc07efd,08/22/2025 09:50:00 AM,1,DRIVER,,2034626,,SUBARU,OUTBACK,IL,2014,NONE,PASSENGER,PERSONAL,E,STRAIGHT AHEAD,,,1,,,,,N,Y,Y,,,,,,,,,,,SIDE-RIGHT-FRONT,,,,,,,,,,,,,,,,,,,,,,,,,,,,,,,,,
2134366,e625c7b8020b3d9d853c74960eed084ad38683342b9a9d0d03b1d5ac65b83999772d845525bcd38cbfaea5f94a1d6ea9ff757a1175eff14541c65b0ffbc07efd,08/22/2025 09:50:00 AM,2,DRIVER,,2034628,,LAND ROVER,DEFENDER,IL,2022,NONE,SPORT UTILITY VEHICLE (SUV),PERSONAL,E,STARTING IN TRAFFIC,,,1,,,,,,,,,,,,,Y,Y,Y,,,FRONT-LEFT-CORNER,,,,,,,,,,,,,,,,,,,,,,,,,,,,,,,,,
2134062,0c227d53b7afaacdb6be1b9317068980f5c5eb5e25905650b8a5a224113122454130efd672bfd1c05d51adc385474aa3906d775ff34bdf141ff83acd8528c834,08/22/2025 09:46:00 AM,1,DRIVER,,2034338,,NISSAN,VERSA,IL,2014,NONE,PASSENGER,PERSONAL,NE,TURNING RIGHT,,,1,,,,Y,,,,,,,,,,,,,,FRONT-LEFT-CORNER,,,,,,,,,,,,,,,,,,,,,,,,,,,,,,,,,
2134063,0c227d53b7afaacdb6be1b9317068980f5c5eb5e25905650b8a5a224113122454130efd672bfd1c05d51adc385474aa3906d775ff34bdf141ff83acd8528c834,08/22/2025 09:46:00 AM,2,DRIVER,,2034344,,MERCEDES-BENZ,ML350,IL,2015,NONE,SPORT UTILITY VEHICLE (SUV),PERSONAL,NE,TURNING RIGHT,,,1,,,,,,Y,Y,Y,,,,,,,,,,SIDE-RIGHT,,,,,,,,,,,,,,,,,,,,,,,,,,,,,,,,,
2134098,18361f7760766c83e8fa6057476a6664b7442a6036c74c581eadb247998ab46a6ed26cfa67f308f66bce0b3ec6e27645e289cecb85318478ddaf61997d135bf5,08/22/2025 09:45:00 AM,1,DRIVER,,2034373,,UNKNOWN,OTHER (EXPLAIN IN NARRATIVE),,,UNKNOWN,UNKNOWN/NA,UNKNOWN/NA,UNKNOWN,UNKNOWN/NA,,,1,,,,,,,,,,,,,,,,,Y,UNKNOWN,,,,,,,,,,,,,,,,,,,,,,,,,,,,,,,,,
2134099,18361f7760766c83e8fa6057476a6664b7442a6036c74c581eadb247998ab46a6ed26cfa67f308f66bce0b3ec6e27645e289cecb85318478ddaf61997d135bf5,08/22/2025 09:45:00 AM,2,PARKED,,2034386,,JEEP,GRAND CHEROKEE,IL,2014,UNKNOWN,SPORT UTILITY VEHICLE (SUV),PERSONAL,E,PARKED,,,0,,,,,Y,Y,Y,,,,,,,,,,,SIDE-LEFT,,,,,,,,,,,,,,,,,,,,,,,,,,,,,,,,,
2134041,21b34889d70dd89eea1be7fd23e27e76d8e711643956fc4e192b17552b534e39147e6a0db59304208eb46958f5d6c5a5c5d812346911e2718d46160f4e193601,08/22/2025 09:45:00 AM,1,DRIVER,,2034321,,CHEVROLET,VOLT,IL,2014,UNKNOWN,PASSENGER,PERSONAL,E,ENTERING TRAFFIC LANE FROM PARKING,,,1,,,,,,,,,,,,,,,Y,,,FRONT-LEFT-CORNER,,,,,,,,,,,,,,,,,,,,,,,,,,,,,,,,,
2134042,21b34889d70dd89eea1be7fd23e27e76d8e711643956fc4e192b17552b534e39147e6a0db59304208eb46958f5d6c5a5c5d812346911e2718d46160f4e193601,08/22/2025 09:45:00 AM,2,DRIVER,,2034323,,CHEVROLET,TAHOE,IL,2023,UNKNOWN,SPORT UTILITY VEHICLE (SUV),PERSONAL,E,STRAIGHT AHEAD,,,1,,,,,,,,Y,Y,,,,,,,,,SIDE-RIGHT-REAR,,,,,,,,,,,,,,,,,,,,,,,,,,,,,,,,,
2134051,66a0ee2c56d9597efbef3996526b942d6217557f108c7b316472766060979543eb21e23c2fbc0bf592c964f774b98cfc5eb83985cb4d96191e79917cc5a31290,08/22/2025 09:43:00 AM,1,DRIVER,,2034334,,ACURA,SLX,IL,2003,UNKNOWN,PASSENGER,PERSONAL,S,STRAIGHT AHEAD,,,1,,,,,Y,,,,,,,,,,Y,Y,,FRONT,,,,,,,,,,,,,,,,,,,,,,,,,,,,,,,,,
2134052,66a0ee2c56d9597efbef3996526b942d6217557f108c7b316472766060979543eb21e23c2fbc0bf592c964f774b98cfc5eb83985cb4d96191e79917cc5a31290,08/22/2025 09:43:00 AM,2,PARKED,,2034340,,NISSAN,ALTIMA,IL,,NONE,PASSENGER,PERSONAL,S,PARKED,,,0,,,,,Y,Y,Y,,Y,,,,,,,,,SIDE-RIGHT-REAR,,,,,,,,,,,,,,,,,,,,,,,,,,,,,,,,,
2134053,66a0ee2c56d9597efbef3996526b942d6217557f108c7b316472766060979543eb21e23c2fbc0bf592c964f774b98cfc5eb83985cb4d96191e79917cc5a31290,08/22/2025 09:43:00 AM,3,PARKED,,2034343,,HYUNDAI,SONATA,IL,2020,UNKNOWN,PASSENGER,PERSONAL,S,STRAIGHT AHEAD,,,0,,,,,,,,,Y,Y,Y,,,,,,,REAR,,,,,,,,,,,,,,,,,,,,,,,,,,,,,,,,,
2134216,a71d0d50dd9afeb863e1c947c88a17f6e0e0ec729e19ec3fdb6ca34e282e7cd0573559c72a7bc07781163f0aed890fc5a98cb930c3ded88092d133c0f86ee119,08/22/2025 09:40:00 AM,1,DRIVER,,2034494,,NEW FLYER,OTHER (EXPLAIN IN NARRATIVE),IL,2012,NONE,BUS OVER 15 PASS.,CTA,S,TURNING LEFT,,,1,,,,Y,,,,,,,,,,,,,,UNKNOWN,,,,,,,,,,,,,,,,,,,,,,,,,,,,,,,,,
2134217,a71d0d50dd9afeb863e1c947c88a17f6e0e0ec729e19ec3fdb6ca34e282e7cd0573559c72a7bc07781163f0aed890fc5a98cb930c3ded88092d133c0f86ee119,08/22/2025 09:40:00 AM,2,DRIVER,,2034501,,CHEVROLET,EQUINOX,IL,2021,NONE,PASSENGER,PERSONAL,S,STRAIGHT AHEAD,,,1,,,,,,,,,,,,,,Y,,,,UNKNOWN,,,,,,,,,,,,,,,,,,,,,,,,,,,,,,,,,
2134074,0fa2ddb5bed315cc41becc30e37a01572d0c2f85b944a4f4ae374ed2eac3e88af9f8037996e5196d1aee2c8dec735221838e11a13ba58e5f1a5b80e31d423d13,08/22/2025 09:34:00 AM,1,DRIVER,,2034355,,DODGE,CHARGER,IL,2025,NONE,PASSENGER,PERSONAL,W,TURNING LEFT,,,1,,,,,,,,,,,Y,Y,Y,Y,Y,,,SIDE-LEFT,,,,,,,,,,,,,,,,,,,,,,,,,,,,,,,,,
2134075,0fa2ddb5bed315cc41becc30e37a01572d0c2f85b944a4f4ae374ed2eac3e88af9f8037996e5196d1aee2c8dec735221838e11a13ba58e5f1a5b80e31d423d13,08/22/2025 09:34:00 AM,2,DRIVER,,2034357,,DODGE,DURANGO,IL,2006,NONE,SPORT UTILITY VEHICLE (SUV),PERSONAL,N,STRAIGHT AHEAD,,,1,,,,,Y,,,,,,,,,,Y,Y,,FRONT,,,,,,,,,,,,,,,,,,,,,,,,,,,,,,,,,
2134125,6632801aa0a71d9d9807ad3bc105d533bfbe0946ad8606c635e7120c903c39e332a15db1724c1bb9bda7ff4c34d504c894d9556d040883ac05bd2349cbd96963,08/22/2025 09:33:00 AM,1,DRIVER,,2034413,,LEXUS,RX350,KS,2007,NONE,PASSENGER,PERSONAL,W,CHANGING LANES,,,1,,,,,Y,Y,,,,,,,,,,,,SIDE-RIGHT-FRONT,,,,,,,,,,,,,,,,,,,,,,,,,,,,,,,,,
2134126,6632801aa0a71d9d9807ad3bc105d533bfbe0946ad8606c635e7120c903c39e332a15db1724c1bb9bda7ff4c34d504c894d9556d040883ac05bd2349cbd96963,08/22/2025 09:33:00 AM,2,DRIVER,1,2034401,,CHRYSLER,PACIFICA,IL,2019,NONE,VAN/MINI-VAN,PERSONAL,W,STRAIGHT AHEAD,Y,,2,,private tow,Home,,,,,,,,,,,Y,Y,,,SIDE-LEFT-FRONT,,,,,,,,,,,,,,,,,,,,,,,,,,,,,,,,,
2134723,697092df69b971761628b91e8fd2300fae4859822063b4087614a57a12ef2ce2e097c055a50b14954392916eea2216a85f1fe4431b73c77d637c9591303c2811,08/22/2025 09:30:00 AM,1,DRIVER,,2034970,,VOLKSWAGEN,OTHER (EXPLAIN IN NARRATIVE),IL,2024,NONE,SPORT UTILITY VEHICLE (SUV),PERSONAL,SE,TURNING LEFT,,,1,,,,,,,,,,,,,,,,,Y,SIDE-LEFT,,,,,,,,,,,,,,,,,,,,,,,,,,,,,,,,,
2134724,697092df69b971761628b91e8fd2300fae4859822063b4087614a57a12ef2ce2e097c055a50b14954392916eea2216a85f1fe4431b73c77d637c9591303c2811,08/22/2025 09:30:00 AM,2,DRIVER,,2034971,,TOYOTA,C-HR,IL,2019,NONE,SPORT UTILITY VEHICLE (SUV),PERSONAL,SE,TURNING LEFT,,,1,,,,,Y,Y,Y,,,,,,,,,,,SIDE-RIGHT,,,,,,,,,,,,,,,,,,,,,,,,,,,,,,,,,
2134028,c195998741008af934b89d3adc27f0dfd8aab8e66e3b894aaec83281226979368c765e5c99ccf78d2ccc4ada69f3fa431bfd23e96fd5f20e8415dfa9260cfe2e,08/22/2025 09:30:00 AM,1,DRIVER,,2034304,,TOYOTA,CONSTRUCTION EQUIPMENT,,2006,NONE,PASSENGER,PERSONAL,W,STRAIGHT AHEAD,,,1,,,,,,Y,,,,,,,,,,,,FRONT-RIGHT-CORNER,,,,,,,,,,,,,,,,,,,,,,,,,,,,,,,,,
2134029,c195998741008af934b89d3adc27f0dfd8aab8e66e3b894aaec83281226979368c765e5c99ccf78d2ccc4ada69f3fa431bfd23e96fd5f20e8415dfa9260cfe2e,08/22/2025 09:30:00 AM,2,PARKED,,2034312,,VOLVO,S60,IL,2006,NONE,PASSENGER,PERSONAL,W,PARKED,,,0,,,,,,,,,,,,,,Y,,,,FRONT-LEFT-CORNER,,,,,,,,,,,,,,,,,,,,,,,,,,,,,,,,,
2134055,ee00edb3a37ac73a9c119b92359d02b2adfc4f98e9eeb3b3f3446f8e87525c9c3fdc361b05dec83728b014c568cf47ca3e161d0efbe4c0be0cb4eeef3e980f39,08/22/2025 09:30:00 AM,2,DRIVER,,2034325,,JEEP,GRAND CHEROKEE,IL,2018,NONE,PASSENGER,PERSONAL,N,STRAIGHT AHEAD,,,1,,,,,,,,,,,Y,Y,,,,,,SIDE-LEFT-REAR,,,,,,,,,,,,,,,,,,,,,,,,,,,,,,,,,
2134056,ee00edb3a37ac73a9c119b92359d02b2adfc4f98e9eeb3b3f3446f8e87525c9c3fdc361b05dec83728b014c568cf47ca3e161d0efbe4c0be0cb4eeef3e980f39,08/22/2025 09:30:00 AM,1,DRIVER,1,2034331,,CHEVROLET,AVEO,IL,2008,NONE,PASSENGER,PERSONAL,NE,BACKING,,,2,,,,,,,,Y,Y,,,,,,,,,REAR-RIGHT-CORNER,,,,,,,,,,,,,,,,,,,,,,,,,,,,,,,,,
2134072,09b8960b03df7c800c636850f2efe8af680d12bffb88d3d45aa39ffedb7762d06db163f3d4b104f567d59ea8ff22b765fff8158ac3e47422f5f8f50242937eb9,08/22/2025 09:20:00 AM,1,DRIVER,,2034383,,FORD,TRANSIT CONNECT,IL,2017,NONE,VAN/MINI-VAN,CONSTRUCTION/MAINTENANCE,N,STRAIGHT AHEAD,Y,,1,,PRIVATE TOW,,,Y,,,,,,,,,,Y,Y,,FRONT,,,,,,,,,,,,,,,,,,,,,,,,,,,,,,,,,
2134073,09b8960b03df7c800c636850f2efe8af680d12bffb88d3d45aa39ffedb7762d06db163f3d4b104f567d59ea8ff22b765fff8158ac3e47422f5f8f50242937eb9,08/22/2025 09:20:00 AM,2,DRIVER,,2034388,Y,"PETERBILT MOTORS COMPANY (DIVISION OF PACCAR, INC.)","PETERBILT MOTORS CO., DIVISION PACCAR, INC.",IN,2020,NONE,TRACTOR W/ SEMI-TRAILER,COMMERCIAL - SINGLE UNIT,N,TURNING RIGHT,,,1,,,,,,,,,Y,,,,,,,,,REAR-RIGHT-CORNER,"22,051",239039,,,LOG BOOK,3,FEDEX FREIGHT,IN,FREMONT,,,,N,N,,N,,N,N,,,,,,,,,TRACTOR/SEMI-TRAILER,VAN/ENCLOSED BOX,UNKNOWN,N,N,
2134140,665f1d5723655eb3c4f15bb09e6c920b5f203c888eb631162255d6ed0388bfb1cd35a5c7f3ca4ca66787b84e164b9701bcacbf725242e1b61296fd597a65ea0e,08/22/2025 09:18:00 AM,2,DRIVER,,2034422,,FORD,TRANSIT,IL,2020,NONE,BUS UP TO 15 PASS.,OTHER,N,CHANGING LANES,,,1,,,,,,,,,,,Y,,,,,,,SIDE-LEFT-REAR,,,,,,,,,,,,,,,,,,,,,,,,,,,,,,,,,
2134159,665f1d5723655eb3c4f15bb09e6c920b5f203c888eb631162255d6ed0388bfb1cd35a5c7f3ca4ca66787b84e164b9701bcacbf725242e1b61296fd597a65ea0e,08/22/2025 09:18:00 AM,1,DRIVER,,2034433,,UNKNOWN,OTHER (EXPLAIN IN NARRATIVE),XX,1900,UNKNOWN,TRUCK - SINGLE UNIT,OTHER,N,STRAIGHT AHEAD,,,1,,,,,N,,,,,,,,,,,,Y,UNKNOWN,,,,,,,,,,,,,,,,,,,,,,,,,,,,,,,,,