CRASH_UNIT_ID,CRASH_RECORD_ID,CRASH_DATE,UNIT_NO,UNIT_TYPE,NUM_PASSENGERS,VEHICLE_ID,CMRC_VEH_I,MAKE,MODEL,LIC_PLATE_STATE,VEHICLE_YEAR,VEHICLE_DEFECT,VEHICLE_TYPE,VEHICLE_USE,TRAVEL_DIRECTION,MANEUVER,TOWED_I,FIRE_I,OCCUPANT_CNT,EXCEED_SPEED_LIMIT_I,TOWED_BY,TOWED_TO,AREA_00_I,AREA_01_I,AREA_02_I,AREA_03_I,AREA_04_I,AREA_05_I,AREA_06_I,AREA_07_I,AREA_08_I,AREA_09_I,AREA_10_I,AREA_11_I,AREA_12_I,AREA_99_I,FIRST_CONTACT_POINT,CMV_ID,USDOT_NO,CCMC_NO,ILCC_NO,COMMERCIAL_SRC,GVWR,CARRIER_NAME,CARRIER_STATE,CARRIER_CITY,HAZMAT_PLACARDS_I,HAZMAT_NAME,UN_NO,HAZMAT_PRESENT_I,HAZMAT_REPORT_I,HAZMAT_REPORT_NO,MCS_REPORT_I,MCS_REPORT_NO,HAZMAT_VIO_CAUSE_CRASH_I,MCS_VIO_CAUSE_CRASH_I,IDOT_PERMIT_NO,WIDE_LOAD_I,TRAILER1_WIDTH,TRAILER2_WIDTH,TRAILER1_LENGTH,TRAILER2_LENGTH,TOTAL_VEHICLE_LENGTH,AXLE_CNT,VEHICLE_CONFIG,CARGO_BODY_TYPE,LOAD_TYPE,HAZMAT_OUT_OF_SERVICE_I,MCS_OUT_OF_SERVICE_I,HAZMAT_CLASS
2135036,0e97b93ae67342c2aaea0a284b9a55f76a41c8f315dd52c6a7cd75d12b5ae17dda7216c26f986c20b7bd91d89887754dfe566033dbc02b92a3ef2155893843c2,08/22/2025 09:15:00 AM,1,DRIVER,,2035262,,UNKNOWN,MOTORIZED,IL,,UNKNOWN,UNKNOWN/NA,UNKNOWN/NA,W,STRAIGHT AHEAD,,,1,,,,,Y,Y,,,,,,,,,,Y,,SIDE-RIGHT-FRONT,,,,,,,,,,,,,,,,,,,,,,,,,,,,,,,,,
2135037,0e97b93ae67342c2aaea0a284b9a55f76a41c8f315dd52c6a7cd75d12b5ae17dda7216c26f986c20b7bd91d89887754dfe566033dbc02b92a3ef2155893843c2,08/22/2025 09:15:00 AM,2,DRIVER,,2035267,,ACURA,ILX,IL,2017,NONE,PASSENGER,PERSONAL,N,STRAIGHT AHEAD,Y,,1,,,,,,,Y,Y,Y,,,,,,,,,SIDE-RIGHT-REAR,,,,,,,,,,,,,,,,,,,,,,,,,,,,,,,,,
2134032,4879d28a838b31665d3e7b0904f1e15b7394950add08d13aae7a0e136fc7cb6cf0a941f0ff5c5997cc198ec28c1e4136d418bb2b0a1b2ca8bcab867d2cd489bd,08/22/2025 09:00:00 AM,1,DRIVER,,2034316,,JEEP,CHEROKEE,IL,2019,UNKNOWN,PASSENGER,PERSONAL,W,STRAIGHT AHEAD,,,1,,,,,,,,,,,,,,,,Y,,FRONT,,,,,,,,,,,,,,,,,,,,,,,,,,,,,,,,,
2134033,4879d28a838b31665d3e7b0904f1e15b7394950add08d13aae7a0e136fc7cb6cf0a941f0ff5c5997cc198ec28c1e4136d418bb2b0a1b2ca8bcab867d2cd489bd,08/22/2025 09:00:00 AM,2,DRIVER,,2034308,,TOYOTA,CROWN,IL,2025,NONE,PASSENGER,PERSONAL,W,STRAIGHT AHEAD,,,1,,,,,,,,,Y,Y,Y,,,,,,,REAR,,,,,,,,,,,,,,,,,,,,,,,,,,,,,,,,,
2134088,4e0fce27ec5bd950a81d87f783d1201900294e2ff6f483ce2e0522fe55ff32d5e4334cc84bc18a47a2ea1134930fc35e78f18e850862bc4dd9641ddb8c22a5aa,08/22/2025 09:00:00 AM,1,DRIVER,,2034363,,MERCEDES-BENZ,SL500,IL,,NONE,PASSENGER,PERSONAL,N,LEAVING TRAFFIC LANE TO PARK,,,1,,,,Y,,,,,,,,,,,,,,SIDE-LEFT,,,,,,,,,,,,,,,,,,,,,,,,,,,,,,,,,
2134089,4e0fce27ec5bd950a81d87f783d1201900294e2ff6f483ce2e0522fe55ff32d5e4334cc84bc18a47a2ea1134930fc35e78f18e850862bc4dd9641ddb8c22a5aa,08/22/2025 09:00:00 AM,2,BICYCLE,,,,,,,,,,,,,,,,,,,,,,,,,,,,,,,,,,,,,,,,,,,,,,,,,,,,,,,,,,,,,,,,,,
2134010,05f9b607f1305a16ea2d7d5f8d0528ecb202a18d271c4a2c6b06f1254b2fec2db7a615285f5814a2a7c24f26ccb10ddd18d611dff5dbe4353ef175625732f4fb,08/22/2025 08:59:00 AM,1,DRIVER,,2034290,,MAZDA,CX-5,MN,2016,NONE,PASSENGER,PERSONAL,E,U-TURN,,,1,,,,,,,,,,Y,Y,,,,,,,REAR-LEFT-CORNER,,,,,,,,,,,,,,,,,,,,,,,,,,,,,,,,,
2134011,05f9b607f1305a16ea2d7d5f8d0528ecb202a18d271c4a2c6b06f1254b2fec2db7a615285f5814a2a7c24f26ccb10ddd18d611dff5dbe4353ef175625732f4fb,08/22/2025 08:59:00 AM,2,DRIVER,,2034295,,TOYOTA,RAV4,IL,2025,NONE,PASSENGER,RIDESHARE SERVICE,E,STRAIGHT AHEAD,,,1,,,,,Y,Y,,,,,,,,,,Y,,FRONT-RIGHT-CORNER,,,,,,,,,,,,,,,,,,,,,,,,,,,,,,,,,
2134034,004ef4c2402d105316fef9041d760a21a058cbe938c95643bb76b4809f3684b67c25129752fa7dafde1f5354a3181baf48085e8e450da276bd7787e2282d4c43,08/22/2025 08:55:00 AM,1,DRIVER,,2034310,,NISSAN,ROGUE,IL,2013,NONE,PASSENGER,PERSONAL,E,STRAIGHT AHEAD,N,,1,,,,,Y,,,,,,,,,,,Y,,FRONT,,,,,,,,,,,,,,,,,,,,,,,,,,,,,,,,,
2134035,004ef4c2402d105316fef9041d760a21a058cbe938c95643bb76b4809f3684b67c25129752fa7dafde1f5354a3181baf48085e8e450da276bd7787e2282d4c43,08/22/2025 08:55:00 AM,2,DRIVER,3,2034315,,LEXUS,RX350,IL,2007,NONE,PASSENGER,PERSONAL,N,STRAIGHT AHEAD,Y,,4,,PRIVATE,,,Y,,,,,,,,,,Y,Y,,FRONT,,,,,,,,,,,,,,,,,,,,,,,,,,,,,,,,,
2134096,0f98a8b3e2dd5013dddb9da1a5dcfa5e1d1caef8fdf5f885043bc9c37ace432e9c0b9d5e4f2c39d534be94941db70e097b631ffb38fb8f1f52599661826119ae,08/22/2025 08:55:00 AM,1,DRIVER,,2034372,,TOYOTA,CAMRY,IL,2002,NONE,PASSENGER,PERSONAL,S,STRAIGHT AHEAD,,,1,,,,,Y,Y,,,,,,,,,,,,SIDE-RIGHT-FRONT,,,,,,,,,,,,,,,,,,,,,,,,,,,,,,,,,
2134097,0f98a8b3e2dd5013dddb9da1a5dcfa5e1d1caef8fdf5f885043bc9c37ace432e9c0b9d5e4f2c39d534be94941db70e097b631ffb38fb8f1f52599661826119ae,08/22/2025 08:55:00 AM,2,DRIVER,,2034380,,UNKNOWN,ENCLOSED BODY,IL,2026,NONE,OTHER,OTHER,S,STRAIGHT AHEAD,,,1,,,,,,,,,,,Y,,,,,,,SIDE-LEFT-REAR,,,,,,,,,,,,,,,,,,,,,,,,,,,,,,,,,
2134016,af5a76c480345e755ba98456e64d18a191d677e0ebe7817ad4309679b7799ef75797469ac2f11ad1e95ebb65d345547d23b32c2b67165822640fb3de299281d0,08/22/2025 08:55:00 AM,1,DRIVER,,2034291,,CHEVROLET,OTHER (EXPLAIN IN NARRATIVE),IL,2015,UNKNOWN,PASSENGER,PERSONAL,E,STRAIGHT AHEAD,,,1,,,,,Y,Y,,,,,,,,,,,,FRONT-RIGHT-CORNER,,,,,,,,,,,,,,,,,,,,,,,,,,,,,,,,,
2134017,af5a76c480345e755ba98456e64d18a191d677e0ebe7817ad4309679b7799ef75797469ac2f11ad1e95ebb65d345547d23b32c2b67165822640fb3de299281d0,08/22/2025 08:55:00 AM,2,DRIVER,,2034299,N,NOVA BUS,OTHER (EXPLAIN IN NARRATIVE),IL,2023,UNKNOWN,BUS OVER 15 PASS.,CTA,E,STRAIGHT AHEAD,,,1,,,,,,,,,,,Y,Y,Y,,,,,SIDE-LEFT-REAR,,,,,,,,,,,,,,,,,,,,,,,,,,,,,,,,,
2134090,5cc7ae036dd31f7ceab2b4d8c465b9dd268ef6cc94b13f56e6f2fc33c2d4e057d603520fae8c3aac532f68bc2c599120682531d78d9bedbae095b6cb5bb051c7,08/22/2025 08:50:00 AM,1,DRIVER,,2034366,,NOVA BUS,OTHER (EXPLAIN IN NARRATIVE),IL,,UNKNOWN,BUS UP TO 15 PASS.,CTA,S,STRAIGHT AHEAD,,,1,,,,,,Y,Y,Y,N,,,,,,,,,SIDE-RIGHT,,,,,,,,,,,,,,,,,,,,,,,,,,,,,,,,,
2134091,5cc7ae036dd31f7ceab2b4d8c465b9dd268ef6cc94b13f56e6f2fc33c2d4e057d603520fae8c3aac532f68bc2c599120682531d78d9bedbae095b6cb5bb051c7,08/22/2025 08:50:00 AM,2,PEDESTRIAN,,,,,,,,,,,,,,,,,,,,,,,,,,,,,,,,,,,,,,,,,,,,,,,,,,,,,,,,,,,,,,,,,,
2134045,ed9877c565f8b95989a8c53f1c067d285dbbcd212c55aa551f097a1fe53462cf5ff18e362ee98921074af4d578f0ad2a9083d890f232e4821db60688fa829b8e,08/22/2025 08:50:00 AM,1,DRIVER,,2034335,,SUBARU,CROSSTREK,IL,2019,UNKNOWN,PASSENGER,UNKNOWN/NA,S,PASSING/OVERTAKING,,,1,,,,,Y,Y,,,,,,,,,,,,SIDE-RIGHT-FRONT,,,,,,,,,,,,,,,,,,,,,,,,,,,,,,,,,
2134046,ed9877c565f8b95989a8c53f1c067d285dbbcd212c55aa551f097a1fe53462cf5ff18e362ee98921074af4d578f0ad2a9083d890f232e4821db60688fa829b8e,08/22/2025 08:50:00 AM,2,DRIVER,,2034341,,HONDA,ACCORD,IL,2023,NONE,PASSENGER,PERSONAL,S,STRAIGHT AHEAD,,,1,,,,,,,,,,,,,,,,,,SIDE-LEFT,,,,,,,,,,,,,,,,,,,,,,,,,,,,,,,,,
2134026,b72ab7752196bdd9af975a652902ee3b30aa19f0af7b901ca852bc9403378e1116c725ef59d15cc0df2c81e5bc6061504c9c4ce54ce52deab91b93ba2505011b,08/22/2025 08:48:00 AM,1,DRIVER,,2034309,,"MACK TRUCKS, INC.","MACK TRUCKS, INC.",IL,2016,UNKNOWN,OTHER,OTHER,N,ENTER FROM DRIVE/ALLEY,,,1,,,,,,,,,,Y,,,,,,,,REAR-LEFT-CORNER,,,,,,,,,,,,,,,,,,,,,,,,,,,,,,,,,
2134027,b72ab7752196bdd9af975a652902ee3b30aa19f0af7b901ca852bc9403378e1116c725ef59d15cc0df2c81e5bc6061504c9c4ce54ce52deab91b93ba2505011b,08/22/2025 08:48:00 AM,2,DRIVER,,2034318,,SUBARU,FORESTER,IL,2014,UNKNOWN,PASSENGER,PERSONAL,E,STRAIGHT AHEAD,,,1,,,,,,,,Y,Y,,,,,,,,,SIDE-RIGHT,,,,,,,,,,,,,,,,,,,,,,,,,,,,,,,,,
2134047,a04fb51ed78fe54740d99404562210fad393d07af8685919791b79b592af125e18e6c769b6689ee68eabdba5676aff6d3e33e2d60c8987eebf846aba4e605812,08/22/2025 08:46:00 AM,1,DRIVER,,2034324,,UNKNOWN,MOTORIZED,IL,2014,UNKNOWN,BUS OVER 15 PASS.,SCHOOL BUS,S,SKIDDING/CONTROL LOSS,,,1,,,,,,,,,,,,,,,Y,Y,Y,FRONT,,,,,,,,,,,,,,,,,,,,,,,,,,,,,,,,,
2134048,a04fb51ed78fe54740d99404562210fad393d07af8685919791b79b592af125e18e6c769b6689ee68eabdba5676aff6d3e33e2d60c8987eebf846aba4e605812,08/22/2025 08:46:00 AM,2,PARKED,,2034328,,UNKNOWN,MOTORIZED,IL,2008,UNKNOWN,OTHER,NOT IN USE,S,PARKED,,,0,,,,,,,,,,,,,,,,,,SIDE-LEFT,,,,,,,,,,,,,,,,,,,,,,,,,,,,,,,,,
2134049,a04fb51ed78fe54740d99404562210fad393d07af8685919791b79b592af125e18e6c769b6689ee68eabdba5676aff6d3e33e2d60c8987eebf846aba4e605812,08/22/2025 08:46:00 AM,3,PARKED,,2034330,,CHEVROLET,OTHER (EXPLAIN IN NARRATIVE),IL,2006,UNKNOWN,PASSENGER,NOT IN USE,S,PARKED,,,0,,,,,Y,Y,Y,Y,Y,,,,,,,,Y,SIDE-RIGHT,,,,,,,,,,,,,,,,,,,,,,,,,,,,,,,,,
2134050,a04fb51ed78fe54740d99404562210fad393d07af8685919791b79b592af125e18e6c769b6689ee68eabdba5676aff6d3e33e2d60c8987eebf846aba4e605812,08/22/2025 08:46:00 AM,4,PARKED,,2034333,,FORD,OTHER (EXPLAIN IN NARRATIVE),IL,2007,UNKNOWN,PASSENGER,NOT IN USE,S,PARKED,,,0,,,,,Y,Y,Y,Y,Y,Y,,,,,,,Y,SIDE-RIGHT,,,,,,,,,,,,,,,,,,,,,,,,,,,,,,,,,
2134301,3c49697cc7b9711c6bbac6692b613f9f24998418fae77f2754a1fc97729aa275a9da10d56c2023398cc6eefcb054f3529a15e2c3e020f37088f824f117a2b62a,08/22/2025 08:40:00 AM,1,DRIVER,,2034559,,UNKNOWN,OTHER (EXPLAIN IN NARRATIVE),IL,,NONE,BUS OVER 15 PASS.,CTA,W,STRAIGHT AHEAD,,,1,,,,,,,,,,,,,,,,,Y,UNKNOWN,,,,,,,,,,,,,,,,,,,,,,,,,,,,,,,,,
2134302,3c49697cc7b9711c6bbac6692b613f9f24998418fae77f2754a1fc97729aa275a9da10d56c2023398cc6eefcb054f3529a15e2c3e020f37088f824f117a2b62a,08/22/2025 08:40:00 AM,2,DRIVER,,2034560,,CADILLAC,ESCALADE,IL,2021,NONE,SPORT UTILITY VEHICLE (SUV),PERSONAL,W,STRAIGHT AHEAD,,,1,,,,,Y,Y,,,,,,,,,,,,SIDE-RIGHT-FRONT,,,,,,,,,,,,,,,,,,,,,,,,,,,,,,,,,
2134206,157bd2552fd13ffc4e426dc58f2b92bc48c329c5357d98f281ff0046fa838e7a684a7c8fc6fc7f6b9358182e440f4b8ce98ff7245d14a7957fe42388942321d1,08/22/2025 08:31:00 AM,1,DRIVER,,2034478,,GENERAL MOTORS CORPORATION (GMC),CANYON,IL,2024,UNKNOWN,PICKUP,PERSONAL,N,STRAIGHT AHEAD,Y,,1,,UNKNOWN,UNKNOWN,,Y,Y,Y,Y,Y,Y,Y,Y,Y,Y,Y,Y,,SIDE-RIGHT-REAR,,,,,,,,,,,,,,,,,,,,,,,,,,,,,,,,,
2134207,157bd2552fd13ffc4e426dc58f2b92bc48c329c5357d98f281ff0046fa838e7a684a7c8fc6fc7f6b9358182e440f4b8ce98ff7245d14a7957fe42388942321d1,08/22/2025 08:31:00 AM,2,DRIVER,,2034484,,LAND ROVER,DISCOVERY,IL,2020,UNKNOWN,SPORT UTILITY VEHICLE (SUV),PERSONAL,W,STRAIGHT AHEAD,Y,,1,,UNKNOWN,UNKNOWN,,Y,Y,,,,,,,,Y,Y,Y,,FRONT,,,,,,,,,,,,,,,,,,,,,,,,,,,,,,,,,
2134040,6ef9909228ed9432ddd5dbd01455647e49935708a7c2397d01aa412ecd16d5ece7d542fb710ea9002ebf6eb1340b3aeace149dc747c8bd0d0cd41930b25ee4a3,08/22/2025 08:31:00 AM,1,DRIVER,,2034327,,CHEVROLET,TRAX,IL,2025,UNKNOWN,PASSENGER,PERSONAL,N,TURNING RIGHT,Y,,1,,STREETS AND SANITATION,10301 S DOTY RD,,Y,Y,,,,,,,,,Y,Y,,FRONT,,,,,,,,,,,,,,,,,,,,,,,,,,,,,,,,,
2133993,b54a66b4ae9d79768450505b1a881d74daa4296e2b815daa995f4433b3e92037e4f240cbf9145d239c0fff88493d6ffb5038404227ebd34be641c9c0bf162f0a,08/22/2025 08:30:00 AM,1,DRIVER,,2034276,,UNKNOWN,MOTORIZED,IL,,NONE,OTHER,CONSTRUCTION/MAINTENANCE,E,BACKING,,,1,,,,,,,,,,Y,,,,,,,,REAR,,,,,,,,,,,,,,,,,,,,,,,,,,,,,,,,,
2133994,b54a66b4ae9d79768450505b1a881d74daa4296e2b815daa995f4433b3e92037e4f240cbf9145d239c0fff88493d6ffb5038404227ebd34be641c9c0bf162f0a,08/22/2025 08:30:00 AM,2,PARKED,,2034285,,TOYOTA,C-HR,CA,2020,NONE,PASSENGER,NOT IN USE,S,PARKED,,,0,,,,,,,,,,,,Y,Y,Y,,,,SIDE-LEFT,,,,,,,,,,,,,,,,,,,,,,,,,,,,,,,,,
2134616,bc5c01ce482acfea5d24c18814de3c8a521e69541e7309f6d9b5baf3bb71a57e68ec7f72a68d8a840522a178058bbec77bcbb47499eb88db57381c714144ca94,08/22/2025 08:30:00 AM,3,PARKED,,2034865,,BMW,OTHER (EXPLAIN IN NARRATIVE),IL,2025,UNKNOWN,PASSENGER,UNKNOWN/NA,N,PARKED,,,0,,,,,,,,,Y,Y,Y,,,,,,,REAR,,,,,,,,,,,,,,,,,,,,,,,,,,,,,,,,,
2134617,bc5c01ce482acfea5d24c18814de3c8a521e69541e7309f6d9b5baf3bb71a57e68ec7f72a68d8a840522a178058bbec77bcbb47499eb88db57381c714144ca94,08/22/2025 08:30:00 AM,2,PARKED,,2034871,,HONDA,CIVIC,IL,2014,UNKNOWN,PASSENGER,UNKNOWN/NA,N,PARKED,,,0,,,,,Y,,,Y,Y,,,,,,Y,Y,,SIDE-RIGHT-REAR,,,,,,,,,,,,,,,,,,,,,,,,,,,,,,,,,
2134635,bc5c01ce482acfea5d24c18814de3c8a521e69541e7309f6d9b5baf3bb71a57e68ec7f72a68d8a840522a178058bbec77bcbb47499eb88db57381c714144ca94,08/22/2025 08:30:00 AM,1,DRIVER,,2034874,,UNKNOWN,OTHER (EXPLAIN IN NARRATIVE),,,UNKNOWN,UNKNOWN/NA,UNKNOWN/NA,N,STRAIGHT AHEAD,,,1,,,,,,,,,,,,,Y,Y,Y,,Y,SIDE-LEFT,,,,,,,,,,,,,,,,,,,,,,,,,,,,,,,,,
2133991,da8e7e01f864cc3404ca883d96ab38b6a6cf7742d1294475ab1c708e1e6e89363a79c8768b0b3295d51dedc273efc36f1465397981bef7bf971874b98acf5eec,08/22/2025 08:20:00 AM,1,DRIVER,,2034272,,UNKNOWN,OTHER (EXPLAIN IN NARRATIVE),IL,,UNKNOWN,UNKNOWN/NA,UNKNOWN/NA,SE,PASSING/OVERTAKING,,,1,,,,,,,,,,,,,,,,,Y,UNKNOWN,,,,,,,,,,,,,,,,,,,,,,,,,,,,,,,,,
2133992,da8e7e01f864cc3404ca883d96ab38b6a6cf7742d1294475ab1c708e1e6e89363a79c8768b0b3295d51dedc273efc36f1465397981bef7bf971874b98acf5eec,08/22/2025 08:20:00 AM,2,DRIVER,,2034275,,FORD,TRANSIT,IL,2020,NONE,BUS UP TO 15 PASS.,OTHER,SE,OTHER,,,1,,,,,,,,,,,,,,Y,,,,SIDE-LEFT,,,,,,,,,,,,,,,,,,,,,,,,,,,,,,,,,
2134068,ad239458f28e7a0aa17969d96a0cbb1e11b4c641693850fa7e0bcd46b1b0688e5dde06be89fd0c4bdcc72b6ed2c53ef480dec8b1985e4d027c07cf9e38d8d0bb,08/22/2025 08:15:00 AM,1,DRIVER,,2034347,,UNKNOWN,OTHER (EXPLAIN IN NARRATIVE),,,UNKNOWN,OTHER,UNKNOWN/NA,E,STRAIGHT AHEAD,,,1,,,,,,,,,,,,,,,,,Y,SIDE-RIGHT,,,,,,,,,,,,,,,,,,,,,,,,,,,,,,,,,
2134069,ad239458f28e7a0aa17969d96a0cbb1e11b4c641693850fa7e0bcd46b1b0688e5dde06be89fd0c4bdcc72b6ed2c53ef480dec8b1985e4d027c07cf9e38d8d0bb,08/22/2025 08:15:00 AM,2,DRIVER,,2034350,,JEEP,RENEGADE,IL,2018,NONE,SPORT UTILITY VEHICLE (SUV),PERSONAL,E,STRAIGHT AHEAD,,,1,,,,,,,,,,,,,,Y,Y,,,FRONT-LEFT-CORNER,,,,,,,,,,,,,,,,,,,,,,,,,,,,,,,,,
2133997,a4eea1b84d7ec8436f14f5adb371dc25bbdca2a84b7154f9cd29271e62134f2048e6502866b0b07701a7dd519b49c1b2572b0ba0b4ede0a448b26d6b8274423a,08/22/2025 08:14:00 AM,1,DRIVER,,2034279,,FORD,VAN,IL,2003,UNKNOWN,VAN/MINI-VAN,NOT IN USE,W,STRAIGHT AHEAD,,,1,,,,,Y,,,,,,,,,,,,,SIDE-RIGHT-FRONT,,,,,,,,,,,,,,,,,,,,,,,,,,,,,,,,,
2133998,a4eea1b84d7ec8436f14f5adb371dc25bbdca2a84b7154f9cd29271e62134f2048e6502866b0b07701a7dd519b49c1b2572b0ba0b4ede0a448b26d6b8274423a,08/22/2025 08:14:00 AM,2,DRIVER,,2034283,,FORD,TRANSIT CONNECT,IL,2020,UNKNOWN,VAN/MINI-VAN,UNKNOWN/NA,W,STRAIGHT AHEAD,,,1,,,,,,,,,,Y,Y,,,,,,,REAR-LEFT-CORNER,,,,,,,,,,,,,,,,,,,,,,,,,,,,,,,,,
2133983,e46366e35cf5b6b94d581fe5fbd1163b45be8e713ad231cee91da4e58d8134ac6cf6f6ae7489a3ce4b7c5cd6df5d77c75ce79fe8ccf1fbfb07c85f6a54420661,08/22/2025 08:14:00 AM,1,DRIVER,,2034266,,GENERAL MOTORS CORPORATION (GMC),SIERRA,IL,2021,UNKNOWN,PICKUP,PERSONAL,E,SLOW/STOP IN TRAFFIC,,,1,,,,,Y,,,,,,,,,,,,,FRONT-RIGHT-CORNER,,,,,,,,,,,,,,,,,,,,,,,,,,,,,,,,,
2133984,e46366e35cf5b6b94d581fe5fbd1163b45be8e713ad231cee91da4e58d8134ac6cf6f6ae7489a3ce4b7c5cd6df5d77c75ce79fe8ccf1fbfb07c85f6a54420661,08/22/2025 08:14:00 AM,2,DRIVER,,2034269,,TOYOTA,HIGHLANDER,IL,2004,UNKNOWN,SPORT UTILITY VEHICLE (SUV),PERSONAL,E,STRAIGHT AHEAD,,,1,,,,Y,,,,,,,,,,,,,,REAR-LEFT-CORNER,,,,,,,,,,,,,,,,,,,,,,,,,,,,,,,,,
2134014,c67a6712f7adfb9a359e35c7ebf844b789c032f092ae6fa09892fe61e5fe4c4688ab0942c0a7c0c075830d49a81baa22cd2ea211a8a97010876903e6f288914f,08/22/2025 08:10:00 AM,1,DRIVER,,2034294,,KIA,STINGER,,,UNKNOWN,PASSENGER,PERSONAL,SE,TURNING LEFT,,,1,,,,,,,,,,,,,,,,Y,,FRONT,,,,,,,,,,,,,,,,,,,,,,,,,,,,,,,,,
2134015,c67a6712f7adfb9a359e35c7ebf844b789c032f092ae6fa09892fe61e5fe4c4688ab0942c0a7c0c075830d49a81baa22cd2ea211a8a97010876903e6f288914f,08/22/2025 08:10:00 AM,2,DRIVER,1,2034418,,CHEVROLET,TRAX,IL,2025,NONE,PASSENGER,PERSONAL,W,STRAIGHT AHEAD,,,2,,,,,,,Y,Y,,,,,,,,,,SIDE-RIGHT-REAR,,,,,,,,,,,,,,,,,,,,,,,,,,,,,,,,,
2134183,c07f2aa807da13bd930997d090a6db8fa7703451ced97e231403020b49a89a32e81cfecf9cf0bfcff69f5d9c4d622a32e4cb54864307c936a9016fee64a33709,08/22/2025 08:00:00 AM,1,DRIVER,,2034455,,UNKNOWN,OTHER (EXPLAIN IN NARRATIVE),IL,,UNKNOWN,VAN/MINI-VAN,UNKNOWN/NA,N,STRAIGHT AHEAD,,,1,,,,,,,,,,,,,,,,,Y,FRONT,,,,,,,,,,,,,,,,,,,,,,,,,,,,,,,,,
2134184,c07f2aa807da13bd930997d090a6db8fa7703451ced97e231403020b49a89a32e81cfecf9cf0bfcff69f5d9c4d622a32e4cb54864307c936a9016fee64a33709,08/22/2025 08:00:00 AM,2,DRIVER,1,2034460,,FORD,OTHER (EXPLAIN IN NARRATIVE),IL,2020,NONE,BUS UP TO 15 PASS.,UNKNOWN/NA,N,SLOW/STOP IN TRAFFIC,,,2,,,,,,,,,,Y,,,,,,,,REAR,,,,,,,,,,,,,,,,,,,,,,,,,,,,,,,,,
2133979,1798c69a12caccadba1f76a4162f01e9701c7d946c6748041d5551dbd0e298d68a16e01c15bcd0b2305330be3e3530876293f7d0d65c24b91ebaa275912dbbc4,08/22/2025 07:57:00 AM,1,DRIVER,,2034262,,TOYOTA,COROLLA,IL,2016,UNKNOWN,PASSENGER,PERSONAL,S,STRAIGHT AHEAD,,,1,,,,,,Y,,,,,,,,,,,,SIDE-RIGHT,,,,,,,,,,,,,,,,,,,,,,,,,,,,,,,,,
2133980,1798c69a12caccadba1f76a4162f01e9701c7d946c6748041d5551dbd0e298d68a16e01c15bcd0b2305330be3e3530876293f7d0d65c24b91ebaa275912dbbc4,08/22/2025 07:57:00 AM,2,DRIVER,,2034264,,NOVA BUS,OTHER (EXPLAIN IN NARRATIVE),IL,2015,UNKNOWN,BUS OVER 15 PASS.,CTA,S,STRAIGHT AHEAD,,,1,,,,Y,,,,,,,,Y,,,,,,SIDE-LEFT-REAR,,,,,,,,,,,,,,,,,,,,,,,,,,,,,,,,,
2134007,f5816e870c97fd25b1b6ea3420a339268cf7909556b61cdaf95608e90ba8b3fcc20380b7180b54a4369ddf88756237d59f92fc3b803b7a9962b48ba0aeadf8d0,08/22/2025 07:48:00 AM,1,DRIVER,,2034296,,NISSAN,VERSA,IL,2014,UNKNOWN,PASSENGER,UNKNOWN/NA,S,STRAIGHT AHEAD,,,1,,,,,,,,,,,,,,,,,Y,UNKNOWN,,,,,,,,,,,,,,,,,,,,,,,,,,,,,,,,,
2134008,f5816e870c97fd25b1b6ea3420a339268cf7909556b61cdaf95608e90ba8b3fcc20380b7180b54a4369ddf88756237d59f92fc3b803b7a9962b48ba0aeadf8d0,08/22/2025 07:48:00 AM,2,DRIVER,1,2034305,,NISSAN,KICKS,IL,2023,UNKNOWN,SPORT UTILITY VEHICLE (SUV),PERSONAL,E,STRAIGHT AHEAD,Y,,2,,,,,Y,,,,,,,,,Y,Y,Y,,FRONT,,,,,,,,,,,,,,,,,,,,,,,,,,,,,,,,,
2134009,f5816e870c97fd25b1b6ea3420a339268cf7909556b61cdaf95608e90ba8b3fcc20380b7180b54a4369ddf88756237d59f92fc3b803b7a9962b48ba0aeadf8d0,08/22/2025 07:48:00 AM,3,DRIVER,,2034314,,HONDA,CR-V,IL,2023,UNKNOWN,SPORT UTILITY VEHICLE (SUV),PERSONAL,N,STRAIGHT AHEAD,,,1,,,,,,,,,,,,,,Y,Y,Y,,FRONT-LEFT-CORNER,,,,,,,,,,,,,,,,,,,,,,,,,,,,,,,,,
2133973,0286e83720ad680976b58b0e29d3b81aa1156fdd037bcbdb9e121ec95e4c096730c367b565bee5bca55aebf79bfbb97ae69570d1194b8a865b327a82c9c176b0,08/22/2025 07:47:00 AM,1,DRIVER,,2034256,,TOYOTA,PRIUS,IL,2013,NONE,PASSENGER,PERSONAL,SE,TURNING LEFT,,,1,,,,,Y,Y,,,,,,,,,,Y,,FRONT-LEFT-CORNER,,,,,,,,,,,,,,,,,,,,,,,,,,,,,,,,,
2133974,0286e83720ad680976b58b0e29d3b81aa1156fdd037bcbdb9e121ec95e4c096730c367b565bee5bca55aebf79bfbb97ae69570d1194b8a865b327a82c9c176b0,08/22/2025 07:47:00 AM,2,DRIVER,,2034259,,TOYOTA,CAMRY,IL,2025,NONE,PASSENGER,PERSONAL,NE,STRAIGHT AHEAD,,,1,,,,,,,,,,,,Y,Y,Y,Y,,,SIDE-LEFT,,,,,,,,,,,,,,,,,,,,,,,,,,,,,,,,,