CRASH_UNIT_ID,CRASH_RECORD_ID,CRASH_DATE,UNIT_NO,UNIT_TYPE,NUM_PASSENGERS,VEHICLE_ID,CMRC_VEH_I,MAKE,MODEL,LIC_PLATE_STATE,VEHICLE_YEAR,VEHICLE_DEFECT,VEHICLE_TYPE,VEHICLE_USE,TRAVEL_DIRECTION,MANEUVER,TOWED_I,FIRE_I,OCCUPANT_CNT,EXCEED_SPEED_LIMIT_I,TOWED_BY,TOWED_TO,AREA_00_I,AREA_01_I,AREA_02_I,AREA_03_I,AREA_04_I,AREA_05_I,AREA_06_I,AREA_07_I,AREA_08_I,AREA_09_I,AREA_10_I,AREA_11_I,AREA_12_I,AREA_99_I,FIRST_CONTACT_POINT,CMV_ID,USDOT_NO,CCMC_NO,ILCC_NO,COMMERCIAL_SRC,GVWR,CARRIER_NAME,CARRIER_STATE,CARRIER_CITY,HAZMAT_PLACARDS_I,HAZMAT_NAME,UN_NO,HAZMAT_PRESENT_I,HAZMAT_REPORT_I,HAZMAT_REPORT_NO,MCS_REPORT_I,MCS_REPORT_NO,HAZMAT_VIO_CAUSE_CRASH_I,MCS_VIO_CAUSE_CRASH_I,IDOT_PERMIT_NO,WIDE_LOAD_I,TRAILER1_WIDTH,TRAILER2_WIDTH,TRAILER1_LENGTH,TRAILER2_LENGTH,TOTAL_VEHICLE_LENGTH,AXLE_CNT,VEHICLE_CONFIG,CARGO_BODY_TYPE,LOAD_TYPE,HAZMAT_OUT_OF_SERVICE_I,MCS_OUT_OF_SERVICE_I,HAZMAT_CLASS
2133995,9a4acab6b621ebc0479c97ea32fcada0923612ff275bcf34c5fd65c24a03e02e9a01fcca16d478bc557a3cca41d9896846dbb1691b68d2990629e9dc7de13f20,08/22/2025 07:45:00 AM,1,DRIVER,,2034277,,CHEVROLET,OTHER (EXPLAIN IN NARRATIVE),IL,2017,UNKNOWN,PASSENGER,UNKNOWN/NA,N,BACKING,,,1,,,,,,,,,Y,Y,Y,,,,,,,REAR,,,,,,,,,,,,,,,,,,,,,,,,,,,,,,,,,
2133996,9a4acab6b621ebc0479c97ea32fcada0923612ff275bcf34c5fd65c24a03e02e9a01fcca16d478bc557a3cca41d9896846dbb1691b68d2990629e9dc7de13f20,08/22/2025 07:45:00 AM,2,DRIVER,,2034280,,BMW,328I,IL,2014,NONE,PASSENGER,PERSONAL,E,STRAIGHT AHEAD,,,1,,,,,Y,Y,Y,Y,Y,,,,,,,,,SIDE-RIGHT,,,,,,,,,,,,,,,,,,,,,,,,,,,,,,,,,
2134001,1b7a4278d0bd7338ad2ec6ee11980f1e6c9d24bb163f541aaabdab87a2e5eea026e173bb6376640dee43900318c0bd4d7526072515bbf05f507ea508fb3c5b02,08/22/2025 07:43:00 AM,1,DRIVER,2,2034286,,KIA,SORENTO,IL,,UNKNOWN,SPORT UTILITY VEHICLE (SUV),PERSONAL,S,STRAIGHT AHEAD,,,3,,,,,Y,Y,Y,Y,Y,,,,,,,,,SIDE-RIGHT,,,,,,,,,,,,,,,,,,,,,,,,,,,,,,,,,
2134002,1b7a4278d0bd7338ad2ec6ee11980f1e6c9d24bb163f541aaabdab87a2e5eea026e173bb6376640dee43900318c0bd4d7526072515bbf05f507ea508fb3c5b02,08/22/2025 07:43:00 AM,2,DRIVER,,2034307,,TOYOTA,RAV4,IL,,UNKNOWN,SPORT UTILITY VEHICLE (SUV),PERSONAL,UNKNOWN,STRAIGHT AHEAD,,,1,,,,,N,N,N,,,,Y,Y,Y,Y,Y,,,SIDE-LEFT,,,,,,,,,,,,,,,,,,,,,,,,,,,,,,,,,
2134058,86263005027942339961b878aa264d18d53e2c8d5d56ba828622ed0ad995943f3f54df2615024e3003da2100144022650a14b61013cc956a3eb82b95ad146845,08/22/2025 07:39:00 AM,1,DRIVER,,2034337,,FORD,F150,IL,2004,NONE,PICKUP,PERSONAL,N,STRAIGHT AHEAD,,,1,,,,,,,,,,,,,,,,Y,,FRONT,,,,,,,,,,,,,,,,,,,,,,,,,,,,,,,,,
2134059,86263005027942339961b878aa264d18d53e2c8d5d56ba828622ed0ad995943f3f54df2615024e3003da2100144022650a14b61013cc956a3eb82b95ad146845,08/22/2025 07:39:00 AM,2,DRIVER,,2034346,,ACURA,ADX,IL,2022,NONE,PASSENGER,PERSONAL,N,STRAIGHT AHEAD,,,1,,,,,,,,,,Y,,,,,,,,REAR,,,,,,,,,,,,,,,,,,,,,,,,,,,,,,,,,
2134725,0d7c47dbcc76a7c20b34ffc3f7afcf5764b37c4ddd590e7cd62dbaf237430fc6171af7b4f99a7a569c21f5a7df41f8b95235b573d023094d14bc9464e1661e88,08/22/2025 07:30:00 AM,1,DRIVER,,2034972,,UNKNOWN,MOTORIZED,,,UNKNOWN,PASSENGER,UNKNOWN/NA,W,STRAIGHT AHEAD,,,1,,,,,,,,,,,,,,,,Y,,FRONT,,,,,,,,,,,,,,,,,,,,,,,,,,,,,,,,,
2134726,0d7c47dbcc76a7c20b34ffc3f7afcf5764b37c4ddd590e7cd62dbaf237430fc6171af7b4f99a7a569c21f5a7df41f8b95235b573d023094d14bc9464e1661e88,08/22/2025 07:30:00 AM,2,DRIVER,,2034977,,CHEVROLET,EQUINOX,IL,2022,UNKNOWN,PASSENGER,PERSONAL,W,STRAIGHT AHEAD,,,1,,,,,,,,,,Y,,,,,,,,REAR,,,,,,,,,,,,,,,,,,,,,,,,,,,,,,,,,
2134342,216867c93b7122b14c67460f3b82ea169466bb37b5b6a939872e87c27b4f0f75b58b164875b600bf019d62b1c32b08f42407181b8eeff4fae488f2c69a1e31c8,08/22/2025 07:30:00 AM,1,DRIVER,,2034601,,MAZDA,CX-30,IL,2020,NONE,SPORT UTILITY VEHICLE (SUV),UNKNOWN/NA,N,STRAIGHT AHEAD,,,1,,,,,Y,Y,Y,,,,,,,,,,,FRONT-RIGHT-CORNER,,,,,,,,,,,,,,,,,,,,,,,,,,,,,,,,,
2134343,216867c93b7122b14c67460f3b82ea169466bb37b5b6a939872e87c27b4f0f75b58b164875b600bf019d62b1c32b08f42407181b8eeff4fae488f2c69a1e31c8,08/22/2025 07:30:00 AM,2,DRIVER,,2034610,,LEXUS,IS250,IL,2012,NONE,PASSENGER,PERSONAL,E,STRAIGHT AHEAD,,,1,,,,,,,Y,Y,Y,,,,,,,,,REAR-RIGHT-CORNER,,,,,,,,,,,,,,,,,,,,,,,,,,,,,,,,,
2133977,f7d970ca7ae91382693f8e62d19c74604a96e4b6942a13c60f9197983f4990728a3d85488a4722c33fbdfb1d06cf2648cfd06af57b8988755fc6c06efc1d49d8,08/22/2025 07:27:00 AM,1,DRIVER,,2034261,,FREIGHTLINER CORPORATION,FREIGHTLINER CORP.,IL,2016,UNKNOWN,BUS OVER 15 PASS.,SCHOOL BUS,NW,TURNING RIGHT,,,1,,,,,,,Y,Y,Y,,,,,,,,,SIDE-RIGHT-REAR,,,,,,,,,,,,,,,,,,,,,,,,,,,,,,,,,
2133978,f7d970ca7ae91382693f8e62d19c74604a96e4b6942a13c60f9197983f4990728a3d85488a4722c33fbdfb1d06cf2648cfd06af57b8988755fc6c06efc1d49d8,08/22/2025 07:27:00 AM,2,PARKED,1,2034270,,JEEP,WRANGLER,IL,2022,UNKNOWN,PASSENGER,NOT IN USE,E,PARKED,,,1,,,,,,,,,,,,,,Y,Y,Y,,FRONT-LEFT-CORNER,,,,,,,,,,,,,,,,,,,,,,,,,,,,,,,,,
2134020,820d219ddc1df97d66b7076c3f1e43da270fd32fdac152c0094a312ecdfd7e777695770ec4196d047a7d5e04d8b0b0b7c8203014ee6e925c0ba9a09cdd9212ad,08/22/2025 07:23:00 AM,1,DRIVER,4,2034301,,BLUE BIRD BODY COMPANY,BLUE BIRD BODY CO.,IL,2022,UNKNOWN,BUS OVER 15 PASS.,SCHOOL BUS,N,TURNING RIGHT,,,5,,,,,,,,,,,Y,,,,,,,REAR-LEFT-CORNER,,,,,,,,,,,,,,,,,,,,,,,,,,,,,,,,,
2134021,820d219ddc1df97d66b7076c3f1e43da270fd32fdac152c0094a312ecdfd7e777695770ec4196d047a7d5e04d8b0b0b7c8203014ee6e925c0ba9a09cdd9212ad,08/22/2025 07:23:00 AM,2,PARKED,,2034311,,HYUNDAI,SONATA,XX,,UNKNOWN,PASSENGER,PERSONAL,S,PARKED,,,0,,,,,,,,,,,,,,Y,,,,SIDE-LEFT-REAR,,,,,,,,,,,,,,,,,,,,,,,,,,,,,,,,,
2134012,605ab83e951201b6d6b969078f7bf945ab2d27abc2ec70ad20b8b209099c67752622d7466fc3dbced154e12091a98b7a0dab2baebc4340ffac6db434f4dbdf4d,08/22/2025 07:20:00 AM,1,DRIVER,,2034293,,FORD,OTHER (EXPLAIN IN NARRATIVE),IL,2014,UNKNOWN,TRUCK - SINGLE UNIT,UNKNOWN/NA,S,STRAIGHT AHEAD,,,1,,,,,,,,,,,,Y,,,,,,OTHER,,,,,,,,,,,,,,,,,,,,,,,,,,,,,,,,,
2134013,605ab83e951201b6d6b969078f7bf945ab2d27abc2ec70ad20b8b209099c67752622d7466fc3dbced154e12091a98b7a0dab2baebc4340ffac6db434f4dbdf4d,08/22/2025 07:20:00 AM,2,DRIVER,,2034300,,CHEVROLET,TAHOE,IL,2008,UNKNOWN,SPORT UTILITY VEHICLE (SUV),PERSONAL,W,BACKING,,,1,,,,,,,,,,,Y,,,,,,,REAR-LEFT-CORNER,,,,,,,,,,,,,,,,,,,,,,,,,,,,,,,,,
2133971,814c37e58cc2ae694577c774cca5e135768a8e81a7f8bc77a63c3c873adcc4fdf4f278bb17a3e0be7332a137b50e7e0ca7fe776024a7879fc9ca53dfbed24b03,08/22/2025 07:20:00 AM,1,DRIVER,,2034255,,NISSAN,PATHFINDER,IL,2022,UNKNOWN,SPORT UTILITY VEHICLE (SUV),PERSONAL,E,TURNING LEFT,,,1,,,,,Y,,,,,,,,,,,,,FRONT-RIGHT-CORNER,,,,,,,,,,,,,,,,,,,,,,,,,,,,,,,,,
2133972,814c37e58cc2ae694577c774cca5e135768a8e81a7f8bc77a63c3c873adcc4fdf4f278bb17a3e0be7332a137b50e7e0ca7fe776024a7879fc9ca53dfbed24b03,08/22/2025 07:20:00 AM,2,DRIVER,,2034273,,BMW,328I,IL,2009,UNKNOWN,PASSENGER,PERSONAL,S,STRAIGHT AHEAD,,,1,,,,,,,,,Y,,,,,,,,,REAR-RIGHT-CORNER,,,,,,,,,,,,,,,,,,,,,,,,,,,,,,,,,
2133956,b9f5c9a0854c034b635dc1d8d7fde2f5d040c34adef9a2d1273a76943433703cf52861c0a3f67b2ca00a2659b947dcccae6764152033b18117f95b7b82431df8,08/22/2025 07:20:00 AM,1,DRIVER,,2034241,,HYUNDAI,TUCSON,,,UNKNOWN,PASSENGER,UNKNOWN/NA,SW,TURNING RIGHT,,,1,,,,,,,,,,,,,,,Y,,,FRONT-LEFT-CORNER,,,,,,,,,,,,,,,,,,,,,,,,,,,,,,,,,
2133957,b9f5c9a0854c034b635dc1d8d7fde2f5d040c34adef9a2d1273a76943433703cf52861c0a3f67b2ca00a2659b947dcccae6764152033b18117f95b7b82431df8,08/22/2025 07:20:00 AM,2,DRIVER,,2034237,,NISSAN,ROGUE,IL,2023,UNKNOWN,PASSENGER,UNKNOWN/NA,NW,TURNING LEFT,,,1,,,,,,,,Y,,,,,,,,,,SIDE-RIGHT,,,,,,,,,,,,,,,,,,,,,,,,,,,,,,,,,
2133975,fa8f569f87091c2c57f1c358459b7d6a62224639d738b885d261ddf0db80ebcc859554d22c6840bdfab027660a5430b4f1f465d3cf41919b37eac3a2976a9799,08/22/2025 07:17:00 AM,1,DRIVER,,2034258,,CHRYSLER,PACIFICA,IL,2024,NONE,VAN/MINI-VAN,OTHER,S,OTHER,,,1,,,,,,,,,,,,,Y,,,,,SIDE-LEFT,,,,,,,,,,,,,,,,,,,,,,,,,,,,,,,,,
2133976,fa8f569f87091c2c57f1c358459b7d6a62224639d738b885d261ddf0db80ebcc859554d22c6840bdfab027660a5430b4f1f465d3cf41919b37eac3a2976a9799,08/22/2025 07:17:00 AM,2,BICYCLE,,,,,,,,,,,,,,,,,,,,,,,,,,,,,,,,,,,,,,,,,,,,,,,,,,,,,,,,,,,,,,,,,,
2134043,90f13f693d6cbac82f8cd88917b97e9ab4fbc66455f96bdd6b09c68005e9ae6e58978bb573f51592cce78c6eb3592d87f8ab205694d7fab1c3364ac449737e37,08/22/2025 07:07:00 AM,1,DRIVER,,2034329,,CHEVROLET,EQUINOX,IL,2015,NONE,PASSENGER,PERSONAL,N,STRAIGHT AHEAD,Y,,1,,REY'S TOWING,,,Y,Y,Y,,,,,Y,Y,Y,Y,Y,,UNKNOWN,,,,,,,,,,,,,,,,,,,,,,,,,,,,,,,,,
2134044,90f13f693d6cbac82f8cd88917b97e9ab4fbc66455f96bdd6b09c68005e9ae6e58978bb573f51592cce78c6eb3592d87f8ab205694d7fab1c3364ac449737e37,08/22/2025 07:07:00 AM,2,DRIVER,,2034339,,MAZDA,CX-5,IL,2021,NONE,PASSENGER,PERSONAL,N,STRAIGHT AHEAD,,,1,,,,,Y,Y,Y,Y,Y,,,,,,,,,UNKNOWN,,,,,,,,,,,,,,,,,,,,,,,,,,,,,,,,,
2133960,f48a3750754a772728d54939b11c31e802f36feb2191e0848447b4a04ce82cc3b9b90f124ffbc84f529629d2e4f4bf85aad8ce0b17b11c03fd0fd85e1c96c7f8,08/22/2025 07:02:00 AM,1,DRIVER,5,2034244,,THOMAS BUILT BUS COMPANY,THOMAS BUILT BUS CO.,IL,2017,NONE,BUS UP TO 15 PASS.,SCHOOL BUS,S,AVOIDING VEHICLES/OBJECTS,,,6,,,,,Y,,,,,,,,,,,,,SIDE-RIGHT,,,,,,,,,,,,,,,,,,,,,,,,,,,,,,,,,
2133961,f48a3750754a772728d54939b11c31e802f36feb2191e0848447b4a04ce82cc3b9b90f124ffbc84f529629d2e4f4bf85aad8ce0b17b11c03fd0fd85e1c96c7f8,08/22/2025 07:02:00 AM,2,PARKED,,2034250,,NISSAN,SENTRA,IL,2003,NONE,PASSENGER,NOT IN USE,S,PARKED,,,0,,,,,,,,,Y,Y,Y,,,,,,,REAR-LEFT-CORNER,,,,,,,,,,,,,,,,,,,,,,,,,,,,,,,,,
2133962,f48a3750754a772728d54939b11c31e802f36feb2191e0848447b4a04ce82cc3b9b90f124ffbc84f529629d2e4f4bf85aad8ce0b17b11c03fd0fd85e1c96c7f8,08/22/2025 07:02:00 AM,3,NON-CONTACT VEHICLE,,,,,,,,,,,,,,,,,,,,,,,,,,,,,,,,,,,,,,,,,,,,,,,,,,,,,,,,,,,,,,,,,,
2133963,606226e8b08d1c470854182749ac4559e7d7a6f4a814e3094d2e5c93b7477ca774388ceac90eddeddba9510a23ab0e9e2edf101602b977bc862ab1c3e2e1c5ca,08/22/2025 07:00:00 AM,1,DRIVER,,2034248,,UNKNOWN,OTHER (EXPLAIN IN NARRATIVE),,,UNKNOWN,UNKNOWN/NA,UNKNOWN/NA,UNKNOWN,UNKNOWN/NA,,,1,,,,,,,,,,,,,,,,,Y,UNKNOWN,,,,,,,,,,,,,,,,,,,,,,,,,,,,,,,,,
2133964,606226e8b08d1c470854182749ac4559e7d7a6f4a814e3094d2e5c93b7477ca774388ceac90eddeddba9510a23ab0e9e2edf101602b977bc862ab1c3e2e1c5ca,08/22/2025 07:00:00 AM,2,PARKED,,2034260,,HONDA,RIDGELINE,IL,2006,UNKNOWN,PICKUP,UNKNOWN/NA,E,PARKED,,,0,,,,,,,,,,Y,Y,Y,N,N,N,N,,TOTAL (ALL AREAS),,,,,,,,,,,,,,,,,,,,,,,,,,,,,,,,,
2138219,985ba487f3feabdc124d998197490250026a08a5709e018b2b88875b3c8b70e701dcfcfee9f63774a7fdc38aac1ecd6b5717fa3b514b79458f21c439ae7403f1,08/22/2025 07:00:00 AM,1,DRIVER,,2038319,,NISSAN,ALTIMA,IL,,NONE,PASSENGER,PERSONAL,W,STRAIGHT AHEAD,,,1,,,,,,,,,,,,,,,,Y,,FRONT,,,,,,,,,,,,,,,,,,,,,,,,,,,,,,,,,
2138220,985ba487f3feabdc124d998197490250026a08a5709e018b2b88875b3c8b70e701dcfcfee9f63774a7fdc38aac1ecd6b5717fa3b514b79458f21c439ae7403f1,08/22/2025 07:00:00 AM,2,DRIVER,,2038330,,KIA,RIO / K2,,,NONE,PASSENGER,PERSONAL,N,STRAIGHT AHEAD,,,1,,,,,,,,,Y,,,,,,,,,SIDE-RIGHT-REAR,,,,,,,,,,,,,,,,,,,,,,,,,,,,,,,,,
2133965,c480417d190472b341458764d42891f97f4f3826bc5af084f202e89bc3c7de9cb6fa00bbbe3f6e768b95269a696a4c3855dc1fcd75fe5a201f5c66219b50c012,08/22/2025 07:00:00 AM,1,DRIVER,,2034252,,BMW,X5,IL,2018,NONE,PASSENGER,PERSONAL,S,STRAIGHT AHEAD,,,1,,,,,,,,,,,Y,Y,,,,,,REAR-LEFT-CORNER,,,,,,,,,,,,,,,,,,,,,,,,,,,,,,,,,
2133966,c480417d190472b341458764d42891f97f4f3826bc5af084f202e89bc3c7de9cb6fa00bbbe3f6e768b95269a696a4c3855dc1fcd75fe5a201f5c66219b50c012,08/22/2025 07:00:00 AM,2,DRIVER,,2034257,,HONDA,CIVIC,IL,2018,NONE,PASSENGER,PERSONAL,S,STRAIGHT AHEAD,,,1,,,,,,,,Y,Y,,,,,,,,,REAR-RIGHT-CORNER,,,,,,,,,,,,,,,,,,,,,,,,,,,,,,,,,
2134454,64aa4101d2bbf7ce73d57fa094c6112701e9761a8a7249c35cc37261c1c4db22a5409736e2440aa2e441d50334d62ac004a511a5b3aeeee01bb513509e88f283,08/22/2025 06:52:00 AM,1,DRIVER,,2034712,,FORD,MUSTANG,IL,2005,UNKNOWN,PASSENGER,PERSONAL,UNKNOWN,UNKNOWN/NA,,,1,,,,,,,,,,,,,,,,,Y,UNKNOWN,,,,,,,,,,,,,,,,,,,,,,,,,,,,,,,,,
2134455,64aa4101d2bbf7ce73d57fa094c6112701e9761a8a7249c35cc37261c1c4db22a5409736e2440aa2e441d50334d62ac004a511a5b3aeeee01bb513509e88f283,08/22/2025 06:52:00 AM,2,PARKED,,2034714,,AUDI,Q5,IL,2020,UNKNOWN,PASSENGER,PERSONAL,UNKNOWN,PARKED,,,0,,,,,,,,Y,Y,Y,N,,,,,,,REAR-RIGHT-CORNER,,,,,,,,,,,,,,,,,,,,,,,,,,,,,,,,,
2136259,4c9351deb6ec7d05a70fd5c660ed319fa012a92ee07ce6711fe3250c6b9a7f3ad257da9c69500f98af069ca6b74f295d09fcc7353e03eeeef7ce27230eca92c4,08/22/2025 06:39:00 AM,1,DRIVER,,2036448,,FORD,F450,IL,2016,UNKNOWN,TRUCK - SINGLE UNIT,OTHER,S,TURNING LEFT,,,1,,,,Y,,,,,,,,,,,,,,OTHER,,,,,,,,,,,,,,,,,,,,,,,,,,,,,,,,,
2136260,4c9351deb6ec7d05a70fd5c660ed319fa012a92ee07ce6711fe3250c6b9a7f3ad257da9c69500f98af069ca6b74f295d09fcc7353e03eeeef7ce27230eca92c4,08/22/2025 06:39:00 AM,2,DRIVER,,2036453,,NEW FLYER,OTHER (EXPLAIN IN NARRATIVE),IL,2006,UNKNOWN,BUS OVER 15 PASS.,CTA,S,TURNING LEFT,,,1,,,,,,,,,,,,Y,Y,,,,,SIDE-LEFT,,,,,,,,,,,,,,,,,,,,,,,,,,,,,,,,,
2133947,7c33e0041fc2690264fd5124013b5437f2cdd73991e645c441874bd288ad2614c4cbedbd7c4ab7a4f4dbf960908c5a58d9d602b32c3ccb9edf41df89237be7e7,08/22/2025 06:20:00 AM,1,DRIVER,,2034232,,UNKNOWN,ENGINE,IL,,UNKNOWN,TRACTOR W/ SEMI-TRAILER,UNKNOWN/NA,E,BACKING,,,1,,,,,,,,,,,Y,,,,,,,REAR-LEFT-CORNER,,,,,,,,,,,,,,,,,,,,,,,,,,,,,,,,,
2133948,7c33e0041fc2690264fd5124013b5437f2cdd73991e645c441874bd288ad2614c4cbedbd7c4ab7a4f4dbf960908c5a58d9d602b32c3ccb9edf41df89237be7e7,08/22/2025 06:20:00 AM,2,DRIVERLESS,,2034234,,FORD,E-TRANSIT,IL,2023,NONE,TRUCK - SINGLE UNIT,OTHER,E,PARKED,,,0,,,,,Y,,,,,,,,,,N,,,FRONT-RIGHT-CORNER,,,,,,,,,,,,,,,,,,,,,,,,,,,,,,,,,
2133954,41d03f814fc4a6910c9aa11d92d70cf1ce85f56ee39aab361d95a99219f10722c0fc2301d4a9bcf27bbb8b382c7827abf97c3a5a2fd03d3ddb76bdea73665c63,08/22/2025 06:15:00 AM,1,DRIVER,,2034236,,HONDA,CIVIC,IL,2025,NONE,PASSENGER,PERSONAL,E,STRAIGHT AHEAD,,,1,,,,,Y,Y,Y,,,,,,,,,,,FRONT-RIGHT-CORNER,,,,,,,,,,,,,,,,,,,,,,,,,,,,,,,,,
2133955,41d03f814fc4a6910c9aa11d92d70cf1ce85f56ee39aab361d95a99219f10722c0fc2301d4a9bcf27bbb8b382c7827abf97c3a5a2fd03d3ddb76bdea73665c63,08/22/2025 06:15:00 AM,2,DRIVER,,2034245,,HONDA,CIVIC,IL,2019,NONE,PASSENGER,PERSONAL,N,STRAIGHT AHEAD,Y,,1,,,,,Y,,,,,,,,,,Y,Y,,FRONT,,,,,,,,,,,,,,,,,,,,,,,,,,,,,,,,,
2133958,af832613a7c9e2fd37bd65777ad68bc20799f903d8ab8f241f8dbfd7a2b5d99a28c7bdaa2b2ec72876a05199a907cb2f771052038c09a9576b5619c9433e5071,08/22/2025 06:07:00 AM,1,DRIVER,,2034243,,TOYOTA,COROLLA,IL,2016,NONE,PASSENGER,PERSONAL,E,TURNING LEFT,,,1,,,,,,,,,,,,,,Y,Y,,,SIDE-LEFT-FRONT,,,,,,,,,,,,,,,,,,,,,,,,,,,,,,,,,
2133959,af832613a7c9e2fd37bd65777ad68bc20799f903d8ab8f241f8dbfd7a2b5d99a28c7bdaa2b2ec72876a05199a907cb2f771052038c09a9576b5619c9433e5071,08/22/2025 06:07:00 AM,2,DRIVER,,2034247,,TOYOTA,AVALON,IL,2016,NONE,PASSENGER,PERSONAL,E,PASSING/OVERTAKING,,,1,,,,,,Y,Y,Y,,,,,,,,,,SIDE-LEFT,,,,,,,,,,,,,,,,,,,,,,,,,,,,,,,,,
2134610,cfe3887c3737ce55dd7689f4efca45b32fcb79ad5cf5104811c3de7213bc9adae65b880d8af557a0a0d943039a1ed360bc65c2ad2c7ab6a1dfd7a129787c2ae3,08/22/2025 06:03:00 AM,1,DRIVER,,2034857,,HYUNDAI,TUCSON,IL,2021,UNKNOWN,PASSENGER,PERSONAL,N,STRAIGHT AHEAD,Y,,1,,CITY OF CHICAGO,701 N SACRAMENTO,,,,,,,,,,,,,,,FRONT,,,,,,,,,,,,,,,,,,,,,,,,,,,,,,,,,
2139440,660e4b5c8c172c4deaa50a1b1ea5128a3b9fa639cfce3510eba5e20e96a27cf99c92652ca4f886d5ce55876658854817df27495eda09dac74b2d2bd79182efa9,08/22/2025 06:00:00 AM,1,DRIVER,,2039447,,UNKNOWN,OTHER (EXPLAIN IN NARRATIVE),,,UNKNOWN,UNKNOWN/NA,UNKNOWN/NA,S,UNKNOWN/NA,,,1,,,,,,,,,,,,,,,,,Y,UNKNOWN,,,,,,,,,,,,,,,,,,,,,,,,,,,,,,,,,
2139441,660e4b5c8c172c4deaa50a1b1ea5128a3b9fa639cfce3510eba5e20e96a27cf99c92652ca4f886d5ce55876658854817df27495eda09dac74b2d2bd79182efa9,08/22/2025 06:00:00 AM,2,PARKED,,2039455,,LEXUS,OTHER (EXPLAIN IN NARRATIVE),IL,2021,UNKNOWN,PASSENGER,PERSONAL,S,PARKED,,,0,,,,,,,,,,,,,Y,Y,Y,,,SIDE-LEFT,,,,,,,,,,,,,,,,,,,,,,,,,,,,,,,,,
2134392,fc4481926135c74bb12996b3afeb9adb2cd06848242c616672639d1c1d010bc296da4c8ad88fc6e4f2e2b81d31143b37f324c1ad44b6b1a3ee737f049bf8f08e,08/22/2025 06:00:00 AM,1,DRIVER,,2034646,,UNKNOWN,OTHER (EXPLAIN IN NARRATIVE),,,UNKNOWN,UNKNOWN/NA,PERSONAL,UNKNOWN,STRAIGHT AHEAD,,,1,,,,,,,,,,,,N,,,,,Y,UNKNOWN,,,,,,,,,,,,,,,,,,,,,,,,,,,,,,,,,
2134393,fc4481926135c74bb12996b3afeb9adb2cd06848242c616672639d1c1d010bc296da4c8ad88fc6e4f2e2b81d31143b37f324c1ad44b6b1a3ee737f049bf8f08e,08/22/2025 06:00:00 AM,2,PARKED,,2034650,,KIA,SPORTAGE,IL,2014,NONE,PASSENGER,NOT IN USE,S,PARKED,,,0,,,,,,,,,,,,Y,,,,,,SIDE-LEFT-REAR,,,,,,,,,,,,,,,,,,,,,,,,,,,,,,,,,
2133949,3e399c55a761c9547d3501f52a26bdafcbefba9746b8d2af1bd4bdb4f965453a40f255ae61f47cc752c99613146451ce845376de74f6d72f183eaa0cd32b527f,08/22/2025 05:30:00 AM,1,DRIVER,,2034235,,TOYOTA,TACOMA,IL,2004,UNKNOWN,PICKUP,PERSONAL,E,STRAIGHT AHEAD,Y,,1,,PERSONAL,RESIDENCE,,,,,,,,,,,,,,,FRONT,,,,,,,,,,,,,,,,,,,,,,,,,,,,,,,,,
2133950,3e399c55a761c9547d3501f52a26bdafcbefba9746b8d2af1bd4bdb4f965453a40f255ae61f47cc752c99613146451ce845376de74f6d72f183eaa0cd32b527f,08/22/2025 05:30:00 AM,2,DRIVER,,2034238,,HYUNDAI,SANTA FE,IL,2020,UNKNOWN,PASSENGER,PERSONAL,N,STRAIGHT AHEAD,Y,,1,,PERSONAL,UNKNOWN,,,,,,,,,,,,,,,FRONT,,,,,,,,,,,,,,,,,,,,,,,,,,,,,,,,,
2133941,ccd31375728e899475195b3fd2c543523a199affcf2cc363dbe8f868aeef81fba36c80f5b1936c7e3ba563e74563a2e4be338324eb4883477f4bd2002e69298f,08/22/2025 05:25:00 AM,1,DRIVER,,2034227,,TOYOTA,RAV4,IL,2019,NONE,PASSENGER,PERSONAL,N,STRAIGHT AHEAD,Y,,1,,CITY,CITY,,,,,,Y,Y,Y,,,Y,Y,,,FRONT-LEFT-CORNER,,,,,,,,,,,,,,,,,,,,,,,,,,,,,,,,,
2133942,ccd31375728e899475195b3fd2c543523a199affcf2cc363dbe8f868aeef81fba36c80f5b1936c7e3ba563e74563a2e4be338324eb4883477f4bd2002e69298f,08/22/2025 05:25:00 AM,2,PARKED,,2034229,,NISSAN,MAXIMA,TN,2017,NONE,PASSENGER,NOT IN USE,S,PARKED,,,0,,,,,Y,Y,,,,,,,,,,Y,,FRONT-RIGHT-CORNER,,,,,,,,,,,,,,,,,,,,,,,,,,,,,,,,,
2133943,ccd31375728e899475195b3fd2c543523a199affcf2cc363dbe8f868aeef81fba36c80f5b1936c7e3ba563e74563a2e4be338324eb4883477f4bd2002e69298f,08/22/2025 05:25:00 AM,3,PARKED,,2034230,,TOYOTA,COROLLA,,,NONE,PASSENGER,NOT IN USE,S,STRAIGHT AHEAD,,,0,,,,,,,,,,Y,Y,Y,Y,,,,,REAR-LEFT-CORNER,,,,,,,,,,,,,,,,,,,,,,,,,,,,,,,,,
2133944,ccd31375728e899475195b3fd2c543523a199affcf2cc363dbe8f868aeef81fba36c80f5b1936c7e3ba563e74563a2e4be338324eb4883477f4bd2002e69298f,08/22/2025 05:25:00 AM,4,PARKED,,2034231,,VOLKSWAGEN,JETTA,,2011,NONE,PASSENGER,NOT IN USE,S,STRAIGHT AHEAD,,,0,,,,,,,,,,,Y,Y,Y,,,,,SIDE-LEFT,,,,,,,,,,,,,,,,,,,,,,,,,,,,,,,,,