CRASH_UNIT_ID,CRASH_RECORD_ID,CRASH_DATE,UNIT_NO,UNIT_TYPE,NUM_PASSENGERS,VEHICLE_ID,CMRC_VEH_I,MAKE,MODEL,LIC_PLATE_STATE,VEHICLE_YEAR,VEHICLE_DEFECT,VEHICLE_TYPE,VEHICLE_USE,TRAVEL_DIRECTION,MANEUVER,TOWED_I,FIRE_I,OCCUPANT_CNT,EXCEED_SPEED_LIMIT_I,TOWED_BY,TOWED_TO,AREA_00_I,AREA_01_I,AREA_02_I,AREA_03_I,AREA_04_I,AREA_05_I,AREA_06_I,AREA_07_I,AREA_08_I,AREA_09_I,AREA_10_I,AREA_11_I,AREA_12_I,AREA_99_I,FIRST_CONTACT_POINT,CMV_ID,USDOT_NO,CCMC_NO,ILCC_NO,COMMERCIAL_SRC,GVWR,CARRIER_NAME,CARRIER_STATE,CARRIER_CITY,HAZMAT_PLACARDS_I,HAZMAT_NAME,UN_NO,HAZMAT_PRESENT_I,HAZMAT_REPORT_I,HAZMAT_REPORT_NO,MCS_REPORT_I,MCS_REPORT_NO,HAZMAT_VIO_CAUSE_CRASH_I,MCS_VIO_CAUSE_CRASH_I,IDOT_PERMIT_NO,WIDE_LOAD_I,TRAILER1_WIDTH,TRAILER2_WIDTH,TRAILER1_LENGTH,TRAILER2_LENGTH,TOTAL_VEHICLE_LENGTH,AXLE_CNT,VEHICLE_CONFIG,CARGO_BODY_TYPE,LOAD_TYPE,HAZMAT_OUT_OF_SERVICE_I,MCS_OUT_OF_SERVICE_I,HAZMAT_CLASS
2133945,ccd31375728e899475195b3fd2c543523a199affcf2cc363dbe8f868aeef81fba36c80f5b1936c7e3ba563e74563a2e4be338324eb4883477f4bd2002e69298f,08/22/2025 05:25:00 AM,5,PARKED,,2034233,,TOYOTA,PRIUS,CO,2018,NONE,PASSENGER,NOT IN USE,N,PARKED,,,0,,,,,,,,,,Y,Y,,,,,,,REAR-LEFT-CORNER,,,,,,,,,,,,,,,,,,,,,,,,,,,,,,,,,
2134790,2d8203aafc95d9e20d34bc49a3122d7c49fdac87d84a4abe5087a9bb0d25a2631c7018611402522866290d1e9d30ad596465bdd8788e84bc5ad23a6fda7d4e43,08/22/2025 04:07:00 AM,1,DRIVER,,2035040,,SUBARU,LEGACY,IL,2017,UNKNOWN,PASSENGER,PERSONAL,N,BACKING,,,1,,,,,,,,,Y,Y,Y,,,,,,,REAR,,,,,,,,,,,,,,,,,,,,,,,,,,,,,,,,,
2134791,2d8203aafc95d9e20d34bc49a3122d7c49fdac87d84a4abe5087a9bb0d25a2631c7018611402522866290d1e9d30ad596465bdd8788e84bc5ad23a6fda7d4e43,08/22/2025 04:07:00 AM,2,DRIVER,,2035034,,FIAT,OTHER (EXPLAIN IN NARRATIVE),IL,2012,UNKNOWN,PASSENGER,PERSONAL,E,STRAIGHT AHEAD,,,1,,,,,,,,,,,,,Y,Y,,,,SIDE-LEFT,,,,,,,,,,,,,,,,,,,,,,,,,,,,,,,,,
2133935,3c4fd41ac352a00226db24e070b166e2348fefc8f3d9a140dd2aa8e39e2f4e0e783bd26e30553a61ddff98d744de07b52532bf359c9a65d558f8ac7c9b8eaa84,08/22/2025 03:02:00 AM,1,DRIVER,,2034220,,AUDI,S4,IL,2018,UNKNOWN,PASSENGER,UNKNOWN/NA,S,UNKNOWN/NA,Y,,1,,YOSHI'S TOWING,5436 S KENNETH AVE,,Y,Y,,,,,,,,,,Y,,FRONT-RIGHT-CORNER,,,,,,,,,,,,,,,,,,,,,,,,,,,,,,,,,
2133936,3c4fd41ac352a00226db24e070b166e2348fefc8f3d9a140dd2aa8e39e2f4e0e783bd26e30553a61ddff98d744de07b52532bf359c9a65d558f8ac7c9b8eaa84,08/22/2025 03:02:00 AM,2,DRIVER,,2034224,,PORSCHE,MACAN,IL,2016,UNKNOWN,PASSENGER,UNKNOWN/NA,S,OTHER,Y,,1,,e&r,10301 s doty ave,,,,,,,,Y,Y,Y,Y,Y,,,REAR-LEFT-CORNER,,,,,,,,,,,,,,,,,,,,,,,,,,,,,,,,,
2133937,3c4fd41ac352a00226db24e070b166e2348fefc8f3d9a140dd2aa8e39e2f4e0e783bd26e30553a61ddff98d744de07b52532bf359c9a65d558f8ac7c9b8eaa84,08/22/2025 03:02:00 AM,3,PARKED,,2034225,,KIA,SORENTO,IL,2016,UNKNOWN,PASSENGER,UNKNOWN/NA,S,PARKED,,,0,,,,,Y,,,,Y,Y,Y,,,,Y,Y,,REAR,,,,,,,,,,,,,,,,,,,,,,,,,,,,,,,,,
2133938,3c4fd41ac352a00226db24e070b166e2348fefc8f3d9a140dd2aa8e39e2f4e0e783bd26e30553a61ddff98d744de07b52532bf359c9a65d558f8ac7c9b8eaa84,08/22/2025 03:02:00 AM,4,PARKED,,2034226,,TOYOTA,COROLLA,IL,2012,UNKNOWN,PASSENGER,UNKNOWN/NA,S,PARKED,,,0,,,,,,,,,Y,Y,Y,,,,,,,REAR,,,,,,,,,,,,,,,,,,,,,,,,,,,,,,,,,
2134092,3b22a9ede6b84dbcdc2843d595adf4affbc9b8f79d95ca594733d4355ee900ac3ccbf213f43f2b4f5c5ad638f751efd490e0c973e2f93f9bae4f682323302030,08/22/2025 03:00:00 AM,1,DRIVER,,2034367,,UNKNOWN,OTHER (EXPLAIN IN NARRATIVE),,,NONE,UNKNOWN/NA,UNKNOWN/NA,UNKNOWN,UNKNOWN/NA,,,1,,,,,,,,,,,,,,,,,,UNKNOWN,,,,,,,,,,,,,,,,,,,,,,,,,,,,,,,,,
2134093,3b22a9ede6b84dbcdc2843d595adf4affbc9b8f79d95ca594733d4355ee900ac3ccbf213f43f2b4f5c5ad638f751efd490e0c973e2f93f9bae4f682323302030,08/22/2025 03:00:00 AM,2,PARKED,,2034368,,NISSAN,ALTIMA,IL,2017,NONE,PASSENGER,NOT IN USE,UNKNOWN,PARKED,,,0,,,,,,,,,,,,,,,Y,Y,,FRONT,,,,,,,,,,,,,,,,,,,,,,,,,,,,,,,,,
2133930,451ea8da92473561890cf883a027bd53c05754d276aff516750670b4a15671619ea07174317c770a9e0e1731b0213e39d0797823954714ff05c31cf3abf108fb,08/22/2025 02:57:00 AM,1,DRIVER,,2034222,,SUZUKI,MOTORCYCLE,IL,2017,UNKNOWN,MOTORCYCLE (OVER 150CC),PERSONAL,N,PASSING/OVERTAKING,Y,,1,,,,,N,,,,,,,,,,N,Y,,FRONT,,,,,,,,,,,,,,,,,,,,,,,,,,,,,,,,,
2134508,84cc457e3c2cae4c069a5b16ac8b2d03b249115f99d49c3c8bb9839e8742f24da3f30f535c956b3716997a0c85e37b613db87ceb40fca338e2d2b9f841ea215f,08/22/2025 02:45:00 AM,1,DRIVER,,2034758,,UNKNOWN,OTHER (EXPLAIN IN NARRATIVE),,,UNKNOWN,UNKNOWN/NA,UNKNOWN/NA,UNKNOWN,UNKNOWN/NA,,,1,,,,,,,,,,,,,,,,,Y,UNKNOWN,,,,,,,,,,,,,,,,,,,,,,,,,,,,,,,,,
2134509,84cc457e3c2cae4c069a5b16ac8b2d03b249115f99d49c3c8bb9839e8742f24da3f30f535c956b3716997a0c85e37b613db87ceb40fca338e2d2b9f841ea215f,08/22/2025 02:45:00 AM,2,PARKED,,2034760,,INFINITI,Q70,IL,2015,NONE,PASSENGER,PERSONAL,E,PARKED,,,0,,,,,,,,,Y,Y,Y,,,,,,,REAR,,,,,,,,,,,,,,,,,,,,,,,,,,,,,,,,,
2133939,d332704baf5854978ec85fff30ac81073a738fb1cc0dd43c3740e2c7f560cb7eb18d0724decd760b25fe10ab3488f06497fdb2c2d784c0372b1c6cca311c87e4,08/22/2025 02:21:00 AM,1,DRIVER,,2034221,,HONDA,FIT,IL,2007,UNKNOWN,PASSENGER,UNKNOWN/NA,N,UNKNOWN/NA,Y,,1,,CITY OF CHICAGO,POUND 3,,Y,Y,Y,,,,,,,,,,,FRONT-RIGHT-CORNER,,,,,,,,,,,,,,,,,,,,,,,,,,,,,,,,,
2133940,d332704baf5854978ec85fff30ac81073a738fb1cc0dd43c3740e2c7f560cb7eb18d0724decd760b25fe10ab3488f06497fdb2c2d784c0372b1c6cca311c87e4,08/22/2025 02:21:00 AM,2,PARKED,,2034223,,FORD,EXPLORER,IL,2004,NONE,PASSENGER,UNKNOWN/NA,N,PARKED IN TRAFFIC LANE,,,0,,,,,,,,,,Y,Y,Y,Y,,,,,REAR-LEFT-CORNER,,,,,,,,,,,,,,,,,,,,,,,,,,,,,,,,,
2133911,166293bdee3bccdcced52bd8ed18f8d1116809e3edc01a854388ec2680a55ca3463da55b137dcacbfbee477856dc98ca1b6f27006e09b5bf6f2509459d9f0590,08/22/2025 01:30:00 AM,1,DRIVER,,2034200,,TOYOTA,PRIUS,IL,2000,NONE,PASSENGER,PERSONAL,S,STRAIGHT AHEAD,N,,1,,,,,Y,,,,,,,,,Y,Y,Y,,FRONT-LEFT-CORNER,,,,,,,,,,,,,,,,,,,,,,,,,,,,,,,,,
2133912,166293bdee3bccdcced52bd8ed18f8d1116809e3edc01a854388ec2680a55ca3463da55b137dcacbfbee477856dc98ca1b6f27006e09b5bf6f2509459d9f0590,08/22/2025 01:30:00 AM,2,PARKED,,2034198,,CADILLAC,CTS,IL,2007,NONE,PASSENGER,PERSONAL,UNKNOWN,PARKED,,,0,,,,,,,,,Y,Y,Y,Y,,,,,,REAR-LEFT-CORNER,,,,,,,,,,,,,,,,,,,,,,,,,,,,,,,,,
2133931,b01c241dcd3f99e6e324abe13a3df31776ee9b4f37d8266d1bf02566ce8c55fc88f98bae2d987e77c0a27c7e8bf1cb7bf566814190e64c816a42e5aa8aa629e1,08/22/2025 01:28:00 AM,1,DRIVER,3,2034219,,CADILLAC,XTS,IL,2014,UNKNOWN,SPORT UTILITY VEHICLE (SUV),UNKNOWN/NA,E,UNKNOWN/NA,,,4,,,,,Y,,,,,,,,,,Y,Y,,FRONT,,,,,,,,,,,,,,,,,,,,,,,,,,,,,,,,,
2133913,5ba01625e02f03cb238365e43799e80e78f31c3531c55d4e0cdc41fe1a55ff0c3f50efa86cebef9c274c7e5560232e9c0c249b6c1beac4ec6a6c4816952c934e,08/22/2025 01:09:00 AM,1,DRIVER,,2034196,,HONDA,CIVIC,XX,,UNKNOWN,PASSENGER,UNKNOWN/NA,W,STRAIGHT AHEAD,,,1,,,,,,,,,,,,,,,,N,Y,FRONT,,,,,,,,,,,,,,,,,,,,,,,,,,,,,,,,,
2133914,5ba01625e02f03cb238365e43799e80e78f31c3531c55d4e0cdc41fe1a55ff0c3f50efa86cebef9c274c7e5560232e9c0c249b6c1beac4ec6a6c4816952c934e,08/22/2025 01:09:00 AM,2,DRIVER,,2034202,,HARLEY-DAVIDSON,HARLEY-DAVIDSON,IL,2006,NONE,MOTORCYCLE (OVER 150CC),PERSONAL,W,SLOW/STOP IN TRAFFIC,Y,,1,,PRIVATE TOW,,,,,,,,Y,,,,,Y,,,REAR,,,,,,,,,,,,,,,,,,,,,,,,,,,,,,,,,
2133967,704875995039565edc4250d6bb0cfbaaf4cefaf3b22aed171a5a2ede9dc15ceca2c249f1d94767fad70c653fff9e31d3d9ff9575aa1db7c08d9dc708a746d788,08/22/2025 01:00:00 AM,1,DRIVER,,2034249,,UNKNOWN,OTHER (EXPLAIN IN NARRATIVE),IL,,UNKNOWN,UNKNOWN/NA,UNKNOWN/NA,UNKNOWN,STRAIGHT AHEAD,,,1,,,,,,,,,,,,,,,,,Y,UNKNOWN,,,,,,,,,,,,,,,,,,,,,,,,,,,,,,,,,
2133968,704875995039565edc4250d6bb0cfbaaf4cefaf3b22aed171a5a2ede9dc15ceca2c249f1d94767fad70c653fff9e31d3d9ff9575aa1db7c08d9dc708a746d788,08/22/2025 01:00:00 AM,2,PARKED,,2034254,,LEXUS,GS430,IL,2006,NONE,PASSENGER,PERSONAL,N,PARKED,Y,,0,,unknown,unknown,,,,,,,,Y,Y,,,Y,,,UNKNOWN,,,,,,,,,,,,,,,,,,,,,,,,,,,,,,,,,
2133907,7d20e1cb57e2d72d33c24d82165df2191efa776af9a9ba007d8dea77f785e84d9bc2e08330b306b691467fbafdb67e9860eb6ecdbeed87aa114fcf87d97c6068,08/22/2025 12:45:00 AM,1,DRIVER,,2034197,,HONDA,CR-V,IL,2011,NONE,PASSENGER,PERSONAL,S,SKIDDING/CONTROL LOSS,Y,,1,,PRIVATE TOW BY OWNER,UNK,,Y,,,,,,,,,,Y,Y,,FRONT-RIGHT-CORNER,,,,,,,,,,,,,,,,,,,,,,,,,,,,,,,,,
2133908,7d20e1cb57e2d72d33c24d82165df2191efa776af9a9ba007d8dea77f785e84d9bc2e08330b306b691467fbafdb67e9860eb6ecdbeed87aa114fcf87d97c6068,08/22/2025 12:45:00 AM,2,PARKED,,2034203,,HONDA,ODYSSEY,IL,2014,NONE,PASSENGER,PERSONAL,S,PARKED,Y,,0,,PRIVATE TOW BY OWNER,UNK,,,,,,,Y,Y,Y,Y,Y,,,,REAR-LEFT-CORNER,,,,,,,,,,,,,,,,,,,,,,,,,,,,,,,,,
2133909,df451f8994d06d9b90f80c3001d37350c83221a755da86d9fb9024082a8af2ee994c325b3caa4c8dec6eef5371d5aab16309ab4a1bc06db3027c92753887103f,08/22/2025 12:25:00 AM,1,DRIVER,,2034199,,ACURA,RLX,IL,2004,NONE,PASSENGER,PERSONAL,S,STRAIGHT AHEAD,Y,,1,,UNK,UNK,,Y,,,,,,,,,,,Y,,FRONT-RIGHT-CORNER,,,,,,,,,,,,,,,,,,,,,,,,,,,,,,,,,
2133910,df451f8994d06d9b90f80c3001d37350c83221a755da86d9fb9024082a8af2ee994c325b3caa4c8dec6eef5371d5aab16309ab4a1bc06db3027c92753887103f,08/22/2025 12:25:00 AM,2,DRIVER,,2034204,,VOLKSWAGEN,GTI,IL,2018,NONE,PASSENGER,PERSONAL,E,STRAIGHT AHEAD,,,1,,,,,,,,,,,,,,,Y,Y,,FRONT-LEFT-CORNER,,,,,,,,,,,,,,,,,,,,,,,,,,,,,,,,,
2135912,bade2a16e54cbeebd5a413daa4b4e88efbb269b123fb5205b9374964c708cdec7da7c1edbc140608e44b9db7caf06990c762867459a80eb728de7d3a9e64c094,08/22/2025 12:01:00 AM,1,DRIVER,,2036111,,INFINITI,Q40,IL,2015,UNKNOWN,PASSENGER,UNKNOWN/NA,N,OTHER,,,1,,,,,,,,,,,,,,,,,,FRONT,,,,,,,,,,,,,,,,,,,,,,,,,,,,,,,,,
2135913,bade2a16e54cbeebd5a413daa4b4e88efbb269b123fb5205b9374964c708cdec7da7c1edbc140608e44b9db7caf06990c762867459a80eb728de7d3a9e64c094,08/22/2025 12:01:00 AM,2,PARKED,,2036114,,JEEP,GRAND CHEROKEE,IL,2009,NONE,PASSENGER,NOT IN USE,N,PARKED,,,0,,,,,,,,,,,,,,,,,,REAR,,,,,,,,,,,,,,,,,,,,,,,,,,,,,,,,,
2134054,b82480ca9b7ec2f8884730aba92d69294e986d817368aac8e2947af977928699eaf7326d5192fff840632f13058c409d313e0349de08d5a3d5c9d6523b2535f9,08/22/2025 12:00:00 AM,1,,,,,,,,,,,,,,,,,,,,,,,,,,,,,,,,,,,,,,,,,,,,,,,,,,,,,,,,,,,,,,,,,,,
2134057,b82480ca9b7ec2f8884730aba92d69294e986d817368aac8e2947af977928699eaf7326d5192fff840632f13058c409d313e0349de08d5a3d5c9d6523b2535f9,08/22/2025 12:00:00 AM,1,DRIVER,,2034326,,FORD,ESCAPE,IL,2005,UNKNOWN,PASSENGER,UNKNOWN/NA,UNKNOWN,UNKNOWN/NA,Y,,1,,A&E TOWING,,,Y,,,,,,,Y,Y,Y,Y,Y,,UNKNOWN,,,,,,,,,,,,,,,,,,,,,,,,,,,,,,,,,
2133898,c2ac4a57556fabc48eb28158446f5312813e21e9a3523ab93599fe219197cbaefd462d0de59e58d73d62594ff8da9aff816a4bc8bc4409371855e588799b4640,08/22/2025 12:00:00 AM,1,DRIVER,,2034184,,CHEVROLET,SUBURBAN,IL,2020,NONE,TRUCK - SINGLE UNIT,PERSONAL,N,TURNING RIGHT,,,1,,,,Y,,,Y,Y,,,,,,,,,,SIDE-RIGHT,,,,,,,,,,,,,,,,,,,,,,,,,,,,,,,,,
2133899,c2ac4a57556fabc48eb28158446f5312813e21e9a3523ab93599fe219197cbaefd462d0de59e58d73d62594ff8da9aff816a4bc8bc4409371855e588799b4640,08/22/2025 12:00:00 AM,2,PARKED,,2034183,,BMW,OTHER (EXPLAIN IN NARRATIVE),IL,2022,NONE,PASSENGER,NOT IN USE,N,PARKED,,,0,,,,Y,,,,,,,,,,,Y,,,FRONT-LEFT-CORNER,,,,,,,,,,,,,,,,,,,,,,,,,,,,,,,,,
2133904,784e4d0079767b0be0a5a6ae511123332f899ab034f829758e8c0633192137d074bfe7f357082b7b1b94bdad3c8eaa0b2093d4aa539b3f1e264dd0330cc56a19,08/21/2025 11:40:00 PM,1,DRIVER,,2034192,,JEEP,WRANGLER,IL,2019,UNKNOWN,SPORT UTILITY VEHICLE (SUV),UNKNOWN/NA,S,UNKNOWN/NA,Y,,1,,CITY OF CHICAGO,POUND 4,,,,,,,,,,,,,,,FRONT-RIGHT-CORNER,,,,,,,,,,,,,,,,,,,,,,,,,,,,,,,,,
2133905,784e4d0079767b0be0a5a6ae511123332f899ab034f829758e8c0633192137d074bfe7f357082b7b1b94bdad3c8eaa0b2093d4aa539b3f1e264dd0330cc56a19,08/21/2025 11:40:00 PM,2,DRIVERLESS,,2034193,,KIA,SELTOS,IL,2022,NONE,PASSENGER,NOT IN USE,S,PARKED,,,0,,,,,Y,,,,,Y,Y,Y,Y,Y,Y,Y,,REAR-LEFT-CORNER,,,,,,,,,,,,,,,,,,,,,,,,,,,,,,,,,
2133906,784e4d0079767b0be0a5a6ae511123332f899ab034f829758e8c0633192137d074bfe7f357082b7b1b94bdad3c8eaa0b2093d4aa539b3f1e264dd0330cc56a19,08/21/2025 11:40:00 PM,3,DRIVERLESS,,2034195,,DODGE,MAGNUM,IL,2007,UNKNOWN,PASSENGER,NOT IN USE,S,PARKED,,,0,,,,,,,,,Y,Y,Y,Y,Y,Y,Y,,,REAR,,,,,,,,,,,,,,,,,,,,,,,,,,,,,,,,,
2133917,362d20d2472117869599def9c1f8e6fe55034fbb9d3a7acafd85d02cd73c78d4e509ef7217c1f87757bde6de54294302bc943b69c2fbae41bb32e8970e504e3c,08/21/2025 11:37:00 PM,1,DRIVER,,2034205,,MERCEDES-BENZ,G-CLASS,IN,2024,NONE,SPORT UTILITY VEHICLE (SUV),PERSONAL,E,STRAIGHT AHEAD,Y,,1,,PRIVATE TOW,UNK,,,,,,,,,,,,,,,TOTAL (ALL AREAS),,,,,,,,,,,,,,,,,,,,,,,,,,,,,,,,,
2133918,362d20d2472117869599def9c1f8e6fe55034fbb9d3a7acafd85d02cd73c78d4e509ef7217c1f87757bde6de54294302bc943b69c2fbae41bb32e8970e504e3c,08/21/2025 11:37:00 PM,2,DRIVER,,2034207,,UNKNOWN,OTHER (EXPLAIN IN NARRATIVE),,,UNKNOWN,UNKNOWN/NA,UNKNOWN/NA,UNKNOWN,UNKNOWN/NA,,,1,,,,,,,,,,,,,,,,,Y,UNKNOWN,,,,,,,,,,,,,,,,,,,,,,,,,,,,,,,,,
2133919,362d20d2472117869599def9c1f8e6fe55034fbb9d3a7acafd85d02cd73c78d4e509ef7217c1f87757bde6de54294302bc943b69c2fbae41bb32e8970e504e3c,08/21/2025 11:37:00 PM,3,DRIVER,,2034208,,VOLKSWAGEN,JETTA,IL,2013,NONE,PASSENGER,PERSONAL,W,SLOW/STOP IN TRAFFIC,Y,,1,,PRIVATE TOW,UNK,,Y,,,,,,,,,,Y,Y,,FRONT,,,,,,,,,,,,,,,,,,,,,,,,,,,,,,,,,
2133920,362d20d2472117869599def9c1f8e6fe55034fbb9d3a7acafd85d02cd73c78d4e509ef7217c1f87757bde6de54294302bc943b69c2fbae41bb32e8970e504e3c,08/21/2025 11:37:00 PM,4,PARKED,,2034210,,ACURA,ADX,IL,2006,NONE,SPORT UTILITY VEHICLE (SUV),UNKNOWN/NA,UNKNOWN,PARKED,Y,,0,,PRIVATE,UNK,,,,,,,,Y,Y,Y,Y,Y,,,SIDE-LEFT,,,,,,,,,,,,,,,,,,,,,,,,,,,,,,,,,
2133921,362d20d2472117869599def9c1f8e6fe55034fbb9d3a7acafd85d02cd73c78d4e509ef7217c1f87757bde6de54294302bc943b69c2fbae41bb32e8970e504e3c,08/21/2025 11:37:00 PM,5,PARKED,,2034211,,CHEVROLET,BLAZER,IL,2001,NONE,SPORT UTILITY VEHICLE (SUV),NOT IN USE,UNKNOWN,PARKED,Y,,0,,PRIVATE TOW,UNK,,,,,,,,,,,,,,,SIDE-LEFT,,,,,,,,,,,,,,,,,,,,,,,,,,,,,,,,,
2133927,362d20d2472117869599def9c1f8e6fe55034fbb9d3a7acafd85d02cd73c78d4e509ef7217c1f87757bde6de54294302bc943b69c2fbae41bb32e8970e504e3c,08/21/2025 11:37:00 PM,6,PARKED,,2034214,,FORD,ESCAPE,IL,2005,NONE,SPORT UTILITY VEHICLE (SUV),NOT IN USE,UNKNOWN,PARKED,Y,,0,,PRIVATE TOW,UNK,,,,,,,,,,,,,,,SIDE-LEFT,,,,,,,,,,,,,,,,,,,,,,,,,,,,,,,,,
2133928,362d20d2472117869599def9c1f8e6fe55034fbb9d3a7acafd85d02cd73c78d4e509ef7217c1f87757bde6de54294302bc943b69c2fbae41bb32e8970e504e3c,08/21/2025 11:37:00 PM,7,PARKED,,2034215,,SCION,TC,IL,2013,NONE,PASSENGER,NOT IN USE,UNKNOWN,PARKED,,,0,,,,,,,,,,,Y,Y,Y,Y,Y,,,SIDE-LEFT,,,,,,,,,,,,,,,,,,,,,,,,,,,,,,,,,
2136435,fe2ec40caa9baf44c179211d37fb3aeabe355b5011ca9f3d758214fa9c71b870290d3f62670bcbeda4902f004b695a0c4b8e9a309bda2c92524dabc23437a28f,08/21/2025 11:34:00 PM,1,DRIVER,1,2036619,,HONDA,CIVIC,IL,2025,NONE,PASSENGER,RIDESHARE SERVICE,E,PASSING/OVERTAKING,,,2,,,,,Y,Y,,,,,,,,,,,,FRONT-RIGHT-CORNER,,,,,,,,,,,,,,,,,,,,,,,,,,,,,,,,,
2136436,fe2ec40caa9baf44c179211d37fb3aeabe355b5011ca9f3d758214fa9c71b870290d3f62670bcbeda4902f004b695a0c4b8e9a309bda2c92524dabc23437a28f,08/21/2025 11:34:00 PM,2,DRIVER,,2036620,,TOYOTA,PRIUS,IL,2013,NONE,PASSENGER,RIDESHARE SERVICE,E,STARTING IN TRAFFIC,,,1,,,,,,,,,,,Y,Y,,,,,,SIDE-LEFT-REAR,,,,,,,,,,,,,,,,,,,,,,,,,,,,,,,,,
2133929,512c66a05c82b2cda793dcae2418ff27a1752f13e2032c381c34c3d8ad85a675dcf9fad0b2bdf11d0b8c0600e60b4a87427d8bf71f9bb6d916e7e4a8dbda9f92,08/21/2025 11:28:00 PM,1,DRIVER,,2034218,,UNKNOWN,OTHER (EXPLAIN IN NARRATIVE),IL,,NONE,TRACTOR W/ SEMI-TRAILER,UNKNOWN/NA,UNKNOWN,UNKNOWN/NA,,,1,,,,,,,,,,,,,,,,,Y,UNKNOWN,,,,,,,,,,,,,,,,,,,,,,,,,,,,,,,,,
2133925,bafc238c4bc8904216d581f58460f7f633ef791f28ad728e723c33a8618c38981440fa42fa93c7f5d2175f6cf98d9e8f503bb126c2dbe479e93b12468d7e7de7,08/21/2025 11:10:00 PM,1,DRIVER,,2034213,,BMW,OTHER (EXPLAIN IN NARRATIVE),IL,2024,UNKNOWN,PASSENGER,PERSONAL,S,OTHER,,,1,,,,,Y,Y,,,,,,,,,,,,FRONT,,,,,,,,,,,,,,,,,,,,,,,,,,,,,,,,,
2133926,bafc238c4bc8904216d581f58460f7f633ef791f28ad728e723c33a8618c38981440fa42fa93c7f5d2175f6cf98d9e8f503bb126c2dbe479e93b12468d7e7de7,08/21/2025 11:10:00 PM,2,DRIVER,2,2034217,,JEEP,GRAND CHEROKEE,IL,2016,UNKNOWN,PASSENGER,PERSONAL,S,OTHER,,,3,,,,,,,,,,,Y,Y,Y,,,,,SIDE-LEFT,,,,,,,,,,,,,,,,,,,,,,,,,,,,,,,,,
2133884,adfb7c66e8892c6777f3452a5d24c62771b176325bc7cd15862dd57869129e0ae240bd3191067e033f41f13fb35c2130544fec972667acbed6c6d308ee975d95,08/21/2025 11:00:00 PM,1,DRIVER,,2034169,,DODGE,RAM 1500 VAN,IL,2021,NONE,PASSENGER,PERSONAL,N,STRAIGHT AHEAD,,,1,,,,,Y,,,,,,,,,,,,,TOTAL (ALL AREAS),,,,,,,,,,,,,,,,,,,,,,,,,,,,,,,,,
2133885,adfb7c66e8892c6777f3452a5d24c62771b176325bc7cd15862dd57869129e0ae240bd3191067e033f41f13fb35c2130544fec972667acbed6c6d308ee975d95,08/21/2025 11:00:00 PM,2,DRIVER,,2034174,,ALFA ROMEO,GTV (SERIES),IL,2018,NONE,PASSENGER,PERSONAL,N,STRAIGHT AHEAD,,,1,,,,,,,,,,,,Y,Y,Y,,,,TOTAL (ALL AREAS),,,,,,,,,,,,,,,,,,,,,,,,,,,,,,,,,
2133923,718cc8c835a4f5a5fce2cd2a9dc1f6322a31caf7f4c16079d3ff850214b4330f433da37457799b452bf77bf6c57c8bdcef27fddbe1857d4970b1225d51f15074,08/21/2025 10:47:00 PM,1,DRIVER,,2034212,,JEEP,GRAND CHEROKEE,IL,2004,NONE,PASSENGER,PERSONAL,N,TURNING LEFT,Y,,1,,PRIVATE TOW,RESIDENCE,,,,,,,,,,Y,Y,Y,Y,,FRONT-LEFT-CORNER,,,,,,,,,,,,,,,,,,,,,,,,,,,,,,,,,
2133924,718cc8c835a4f5a5fce2cd2a9dc1f6322a31caf7f4c16079d3ff850214b4330f433da37457799b452bf77bf6c57c8bdcef27fddbe1857d4970b1225d51f15074,08/21/2025 10:47:00 PM,2,DRIVER,1,2034216,,HONDA,ACCORD,IL,2025,NONE,PASSENGER,PERSONAL,N,STRAIGHT AHEAD,,,2,,,,,Y,Y,,,,,,,,,Y,Y,,FRONT-RIGHT-CORNER,,,,,,,,,,,,,,,,,,,,,,,,,,,,,,,,,
2133875,d0d298bc5abb44dff1e09335942a08ff1ac28c209f8e1923b5144301e7b729738f746afd6100010bccfeab7ce41a47601c34290fa59a107fc989aa0d47965805,08/21/2025 10:30:00 PM,1,DRIVER,,2034162,,UNKNOWN,OTHER (EXPLAIN IN NARRATIVE),IL,,UNKNOWN,PASSENGER,PERSONAL,E,STRAIGHT AHEAD,,,1,,,,,Y,Y,,,,,,,,,,N,,FRONT-RIGHT-CORNER,,,,,,,,,,,,,,,,,,,,,,,,,,,,,,,,,
2133876,d0d298bc5abb44dff1e09335942a08ff1ac28c209f8e1923b5144301e7b729738f746afd6100010bccfeab7ce41a47601c34290fa59a107fc989aa0d47965805,08/21/2025 10:30:00 PM,2,DRIVER,,2034166,,HONDA,CR-V,IL,2016,NONE,SPORT UTILITY VEHICLE (SUV),PERSONAL,N,TURNING LEFT,,,1,,,,,,,,,,,,,,,Y,Y,,FRONT-RIGHT-CORNER,,,,,,,,,,,,,,,,,,,,,,,,,,,,,,,,,
2133900,10403f1bb3877b67b0f9e308e9fc02374f2b87243ce8be588e9159130e34545a9bb760adcd59b681fc869a2a506ad0ecc76878ab7081c0221d3041afc4c3d4a8,08/21/2025 10:15:00 PM,1,DRIVER,2,2034189,,CHEVROLET,IMPALA,IL,2007,UNKNOWN,PASSENGER,PERSONAL,W,ENTERING TRAFFIC LANE FROM PARKING,,,3,,,,,,,,,,,Y,,,,,,,SIDE-LEFT-REAR,,,,,,,,,,,,,,,,,,,,,,,,,,,,,,,,,