CRASH_UNIT_ID,CRASH_RECORD_ID,CRASH_DATE,UNIT_NO,UNIT_TYPE,NUM_PASSENGERS,VEHICLE_ID,CMRC_VEH_I,MAKE,MODEL,LIC_PLATE_STATE,VEHICLE_YEAR,VEHICLE_DEFECT,VEHICLE_TYPE,VEHICLE_USE,TRAVEL_DIRECTION,MANEUVER,TOWED_I,FIRE_I,OCCUPANT_CNT,EXCEED_SPEED_LIMIT_I,TOWED_BY,TOWED_TO,AREA_00_I,AREA_01_I,AREA_02_I,AREA_03_I,AREA_04_I,AREA_05_I,AREA_06_I,AREA_07_I,AREA_08_I,AREA_09_I,AREA_10_I,AREA_11_I,AREA_12_I,AREA_99_I,FIRST_CONTACT_POINT,CMV_ID,USDOT_NO,CCMC_NO,ILCC_NO,COMMERCIAL_SRC,GVWR,CARRIER_NAME,CARRIER_STATE,CARRIER_CITY,HAZMAT_PLACARDS_I,HAZMAT_NAME,UN_NO,HAZMAT_PRESENT_I,HAZMAT_REPORT_I,HAZMAT_REPORT_NO,MCS_REPORT_I,MCS_REPORT_NO,HAZMAT_VIO_CAUSE_CRASH_I,MCS_VIO_CAUSE_CRASH_I,IDOT_PERMIT_NO,WIDE_LOAD_I,TRAILER1_WIDTH,TRAILER2_WIDTH,TRAILER1_LENGTH,TRAILER2_LENGTH,TOTAL_VEHICLE_LENGTH,AXLE_CNT,VEHICLE_CONFIG,CARGO_BODY_TYPE,LOAD_TYPE,HAZMAT_OUT_OF_SERVICE_I,MCS_OUT_OF_SERVICE_I,HAZMAT_CLASS
2133901,10403f1bb3877b67b0f9e308e9fc02374f2b87243ce8be588e9159130e34545a9bb760adcd59b681fc869a2a506ad0ecc76878ab7081c0221d3041afc4c3d4a8,08/21/2025 10:15:00 PM,2,DRIVER,,2034191,,DODGE,RAM PROMASTER,IL,2014,UNKNOWN,VAN/MINI-VAN,UNKNOWN/NA,N,STRAIGHT AHEAD,,,1,,,,,,,,Y,,,,,,,,,,REAR-RIGHT-CORNER,,,,,,,,,,,,,,,,,,,,,,,,,,,,,,,,,
2133882,6842a41fb9bbc32c284de0c71a1e46a34470698ba6940785b64ada7b08dbada6ad779ea067b88e436cf052469841eaf9f05808bb81f4957603dbee0bf204f335,08/21/2025 10:15:00 PM,1,DRIVER,,2034168,N,UNKNOWN,OTHER (EXPLAIN IN NARRATIVE),IL,2017,UNKNOWN,OTHER,OTHER,UNKNOWN,BACKING,,,1,,,,,,,,,,Y,,,,,,,,REAR,,,,,,,,,,,,,,,,,,,,,,,,,,,,,,,,,
2133883,6842a41fb9bbc32c284de0c71a1e46a34470698ba6940785b64ada7b08dbada6ad779ea067b88e436cf052469841eaf9f05808bb81f4957603dbee0bf204f335,08/21/2025 10:15:00 PM,2,PARKED,,2034175,,MERCEDES-BENZ,GLK220,IL,2012,UNKNOWN,SPORT UTILITY VEHICLE (SUV),UNKNOWN/NA,UNKNOWN,PARKED IN TRAFFIC LANE,,,0,,,,,,,,,,,,,,,,Y,,FRONT,,,,,,,,,,,,,,,,,,,,,,,,,,,,,,,,,
2133888,dc56956834f74667a7b92383ad4db5d0b2251f6493012823c413e55a98032592a66ac14e4698f191e7796026aa668a60fbd0ab5d5d09a650721cbc3031bfa872,08/21/2025 10:15:00 PM,1,DRIVER,,2034173,,MERCURY,GRAND MARQUIS,IL,2001,UNKNOWN,PASSENGER,PERSONAL,E,BACKING,,,1,,,,,,,,,Y,Y,Y,,,,,,,REAR,,,,,,,,,,,,,,,,,,,,,,,,,,,,,,,,,
2133915,e2c0f1896134941a52fd2eb0c0236c2d9ecc46353a60b3c931d5c1b41e256cdcd507909287f020a3f3a6d312a45a965f1acba8f9f33782f79bace9af218fd294,08/21/2025 10:14:00 PM,1,DRIVER,1,2034201,,NISSAN,KICKS,IL,2024,NONE,PASSENGER,PERSONAL,N,TURNING LEFT,,,2,,,,,Y,,,,,,,,,,Y,Y,,FRONT,,,,,,,,,,,,,,,,,,,,,,,,,,,,,,,,,
2133916,e2c0f1896134941a52fd2eb0c0236c2d9ecc46353a60b3c931d5c1b41e256cdcd507909287f020a3f3a6d312a45a965f1acba8f9f33782f79bace9af218fd294,08/21/2025 10:14:00 PM,2,DRIVER,2,2034206,,AUDI,Q5,IL,2025,NONE,PASSENGER,PERSONAL,N,STRAIGHT AHEAD,,,3,,,,,Y,,,,,,,,,,Y,Y,,FRONT,,,,,,,,,,,,,,,,,,,,,,,,,,,,,,,,,
2133922,e2c0f1896134941a52fd2eb0c0236c2d9ecc46353a60b3c931d5c1b41e256cdcd507909287f020a3f3a6d312a45a965f1acba8f9f33782f79bace9af218fd294,08/21/2025 10:14:00 PM,3,PARKED,,2034209,,HONDA,CR-V,IL,2017,NONE,PASSENGER,PERSONAL,N,PARKED,,,0,,,,,,,,,Y,Y,Y,,,,,,,REAR,,,,,,,,,,,,,,,,,,,,,,,,,,,,,,,,,
2133895,90fb07eb1e470e7676b7c4c184be552d93244ecd1ac2195dc69242950fc67993f6455852d8af8e21a979db0852e54aa52355395d227340e48fc3c42735afd40a,08/21/2025 10:10:00 PM,1,DRIVER,1,2034182,,HONDA,CIVIC,IL,2017,UNKNOWN,PASSENGER,PERSONAL,E,STRAIGHT AHEAD,Y,,2,,owner,,,Y,,,,,,Y,Y,Y,Y,Y,Y,,UNKNOWN,,,,,,,,,,,,,,,,,,,,,,,,,,,,,,,,,
2133896,90fb07eb1e470e7676b7c4c184be552d93244ecd1ac2195dc69242950fc67993f6455852d8af8e21a979db0852e54aa52355395d227340e48fc3c42735afd40a,08/21/2025 10:10:00 PM,2,DRIVER,,2034186,,HONDA,CIVIC,IL,,UNKNOWN,PASSENGER,PERSONAL,S,TURNING LEFT,Y,,1,,owner,,,Y,Y,Y,,,,,,,,Y,Y,,UNKNOWN,,,,,,,,,,,,,,,,,,,,,,,,,,,,,,,,,
2140945,53539f819b1f2f93d25cbcd78a9143a21b5f61e8e5b6ce86274a3acdd39232d95d7043d5ab75bb2885e70c05860bd710eea9af76abeaa38ec3da19f177e0e0a2,08/21/2025 10:00:00 PM,1,DRIVER,,2040896,,UNKNOWN,OTHER (EXPLAIN IN NARRATIVE),,,UNKNOWN,UNKNOWN/NA,UNKNOWN/NA,E,STARTING IN TRAFFIC,,,1,,,,,,,,,,,,,,,,,Y,FRONT,,,,,,,,,,,,,,,,,,,,,,,,,,,,,,,,,
2140946,53539f819b1f2f93d25cbcd78a9143a21b5f61e8e5b6ce86274a3acdd39232d95d7043d5ab75bb2885e70c05860bd710eea9af76abeaa38ec3da19f177e0e0a2,08/21/2025 10:00:00 PM,2,DRIVER,,2040897,,MAZDA,MAZDA3,IL,2021,UNKNOWN,PASSENGER,UNKNOWN/NA,E,SLOW/STOP IN TRAFFIC,,,1,,,,,,,,,,Y,,,,,,,,REAR,,,,,,,,,,,,,,,,,,,,,,,,,,,,,,,,,
2138701,7e02d851c0bb7f0e50fd37dae6a429eae4bdf602157873ff421a87e1d1fc4752cc0f4c5154e7ce8b41580e927d061fede4744116601036e06b5ad728f727536f,08/21/2025 10:00:00 PM,1,DRIVER,,2038768,,KIA,OTHER (EXPLAIN IN NARRATIVE),IL,2025,NONE,PASSENGER,PERSONAL,E,STRAIGHT AHEAD,,,1,,,,,Y,Y,,,,,,,,,,,,FRONT-RIGHT-CORNER,,,,,,,,,,,,,,,,,,,,,,,,,,,,,,,,,
2134307,90d0811cf332e2a7f6c08bc9a92be0c35e936680c0b2306a2f8c668e7b04e97fd0359f78c4d69271e0f529d23e68b9df50fea8fb4005ce36903d338416be7945,08/21/2025 10:00:00 PM,1,DRIVER,,2034567,,UNKNOWN,OTHER (EXPLAIN IN NARRATIVE),,,UNKNOWN,UNKNOWN/NA,UNKNOWN/NA,UNKNOWN,UNKNOWN/NA,,,1,,,,,,,,,,,,,,,,,Y,UNKNOWN,,,,,,,,,,,,,,,,,,,,,,,,,,,,,,,,,
2134308,90d0811cf332e2a7f6c08bc9a92be0c35e936680c0b2306a2f8c668e7b04e97fd0359f78c4d69271e0f529d23e68b9df50fea8fb4005ce36903d338416be7945,08/21/2025 10:00:00 PM,2,PARKED,,2034571,,FORD,EXPLORER,IL,2006,NONE,PASSENGER,NOT IN USE,W,PARKED,Y,,0,,C&C TOWING,UNK,,,,,Y,Y,,,,,,,,,REAR-RIGHT-CORNER,,,,,,,,,,,,,,,,,,,,,,,,,,,,,,,,,
2134220,805c257476c7e084c89fdf788b5b4df279c5c2847dad0a6a2ac3319e1daebbdacb1aa7e67b0b920d2863330079e1507746ccac239a5423f3243293d3dd34cb60,08/21/2025 09:50:00 PM,1,DRIVER,,2034493,,UNKNOWN,OTHER (EXPLAIN IN NARRATIVE),IL,,UNKNOWN,UNKNOWN/NA,UNKNOWN/NA,W,MERGING,,,1,,,,,,,,,,,,,,,,,,UNKNOWN,,,,,,,,,,,,,,,,,,,,,,,,,,,,,,,,,
2134221,805c257476c7e084c89fdf788b5b4df279c5c2847dad0a6a2ac3319e1daebbdacb1aa7e67b0b920d2863330079e1507746ccac239a5423f3243293d3dd34cb60,08/21/2025 09:50:00 PM,2,DRIVER,2,2034500,,LEXUS,LS460,IL,2010,UNKNOWN,UNKNOWN/NA,UNKNOWN/NA,W,STRAIGHT AHEAD,,,3,,,,,,,,,,,,,,,,,,UNKNOWN,,,,,,,,,,,,,,,,,,,,,,,,,,,,,,,,,
2133868,cd4f21f5a950323f57a172bef299e35d8ffb902aade5c2d87c21aee16210b66d6307b8d0627f5a5320ec0e982eaa035abe628e2c11b520589c1aaf718c1bff6d,08/21/2025 09:40:00 PM,1,DRIVER,,2034152,,UNKNOWN,OTHER (EXPLAIN IN NARRATIVE),,,UNKNOWN,UNKNOWN/NA,UNKNOWN/NA,W,PASSING/OVERTAKING,,,1,,,,,,,,,,,,,Y,,,,,SIDE-LEFT,,,,,,,,,,,,,,,,,,,,,,,,,,,,,,,,,
2133869,cd4f21f5a950323f57a172bef299e35d8ffb902aade5c2d87c21aee16210b66d6307b8d0627f5a5320ec0e982eaa035abe628e2c11b520589c1aaf718c1bff6d,08/21/2025 09:40:00 PM,2,DRIVER,,2034149,,LINCOLN,NAVIGATOR,,,UNKNOWN,SPORT UTILITY VEHICLE (SUV),RIDESHARE SERVICE,W,STRAIGHT AHEAD,,,1,,,,,,,Y,,,,,,,,,,,SIDE-RIGHT,,,,,,,,,,,,,,,,,,,,,,,,,,,,,,,,,
2133897,fc3ff1559c05425a04bac8cacb5cbe04fdefeccd49832da4b8881b7eaef5125f2c4d75da305af2c20d73605312bbe2098d6609bd56ea55aecb545721473e0bed,08/21/2025 09:40:00 PM,1,DRIVER,,2034181,,DODGE,RAM 1500 PU,IL,2021,UNKNOWN,PICKUP,PERSONAL,N,STRAIGHT AHEAD,Y,,1,,CITY OF CHICAGO,POUND 2,,,,,,,,Y,Y,,Y,Y,,,FRONT-LEFT-CORNER,,,,,,,,,,,,,,,,,,,,,,,,,,,,,,,,,
2133866,223dad1230c113bce5d8f0053f428f6f08ef40327e3635da3700b712ccbcef05e87680755746d1832ad4c9379b8981d6aea82303e27b24d5dd70a3e59cbff16f,08/21/2025 09:39:00 PM,2,DRIVER,,2034150,,KIA,SORENTO,IL,2013,NONE,PASSENGER,PERSONAL,E,STRAIGHT AHEAD,,,1,,,,,Y,,,,,,,,,,,Y,,FRONT-RIGHT-CORNER,,,,,,,,,,,,,,,,,,,,,,,,,,,,,,,,,
2133867,223dad1230c113bce5d8f0053f428f6f08ef40327e3635da3700b712ccbcef05e87680755746d1832ad4c9379b8981d6aea82303e27b24d5dd70a3e59cbff16f,08/21/2025 09:39:00 PM,1,DRIVER,,2034157,,CHEVROLET,TAHOE,IL,2003,NONE,PASSENGER,PERSONAL,W,BACKING,,,1,,,,,,,,,,Y,Y,,,,,,,SIDE-RIGHT-REAR,,,,,,,,,,,,,,,,,,,,,,,,,,,,,,,,,
2134066,f6bdc7e34faee247d1af8456a17ddb1acd7b96b28ded439e07c0b3ce4c0becaf2d88bebe0453d706ffc07fa52cc48d12168a257e6265ec42950cea69a750725a,08/21/2025 09:34:00 PM,1,DRIVER,,2034351,,FORD,EXPLORER,,2014,NONE,SPORT UTILITY VEHICLE (SUV),PERSONAL,N,TURNING RIGHT,,,1,,,,,Y,,,,,,,,,,Y,Y,,FRONT,,,,,,,,,,,,,,,,,,,,,,,,,,,,,,,,,
2134067,f6bdc7e34faee247d1af8456a17ddb1acd7b96b28ded439e07c0b3ce4c0becaf2d88bebe0453d706ffc07fa52cc48d12168a257e6265ec42950cea69a750725a,08/21/2025 09:34:00 PM,2,DRIVER,1,2034354,,FORD,FOCUS,IL,2005,NONE,PASSENGER,PERSONAL,E,STRAIGHT AHEAD,,,2,,,,,,,,Y,Y,Y,,,,,,,,REAR-RIGHT-CORNER,,,,,,,,,,,,,,,,,,,,,,,,,,,,,,,,,
2133849,29c964283a431c95b6b153cf2522effa9f8f21de33fb7df92bde2ed86227be63ae0556a1f1dd122ac4130c25057447744367d47ab27cbbfbe29cc0bc6a00c3c6,08/21/2025 09:30:00 PM,1,DRIVER,,2034135,,CHEVROLET,MALIBU,IL,2013,NONE,PASSENGER,PERSONAL,E,BACKING,,,1,,,,,,,,,Y,Y,Y,,,,,,,REAR,,,,,,,,,,,,,,,,,,,,,,,,,,,,,,,,,
2133850,29c964283a431c95b6b153cf2522effa9f8f21de33fb7df92bde2ed86227be63ae0556a1f1dd122ac4130c25057447744367d47ab27cbbfbe29cc0bc6a00c3c6,08/21/2025 09:30:00 PM,2,PARKED,,2034136,,KIA,STINGER,IN,2022,NONE,PASSENGER,PERSONAL,W,PARKED,,,0,,,,,Y,,,,,,,,,,Y,Y,,FRONT,,,,,,,,,,,,,,,,,,,,,,,,,,,,,,,,,
2134441,2f4d705b0e93dc10c2530a5720f83a98a4dcf4b731957d20620fc833b0439c9b1714801743d1c298cc7caf1247e7c91685709ca22cbd9882215adbcac90675b0,08/21/2025 09:30:00 PM,1,DRIVER,,2034691,,UNKNOWN,OTHER (EXPLAIN IN NARRATIVE),,,UNKNOWN,VAN/MINI-VAN,UNKNOWN/NA,E,OTHER,,,1,,,,,Y,,,,,,,,,,,,,FRONT-RIGHT-CORNER,,,,,,,,,,,,,,,,,,,,,,,,,,,,,,,,,
2134442,2f4d705b0e93dc10c2530a5720f83a98a4dcf4b731957d20620fc833b0439c9b1714801743d1c298cc7caf1247e7c91685709ca22cbd9882215adbcac90675b0,08/21/2025 09:30:00 PM,2,DRIVER,,2034702,,CHEVROLET,SUBURBAN,IL,2005,NONE,SPORT UTILITY VEHICLE (SUV),PERSONAL,S,STRAIGHT AHEAD,,,1,,,,,,,,,Y,,,,,,,,,REAR-RIGHT-CORNER,,,,,,,,,,,,,,,,,,,,,,,,,,,,,,,,,
2133847,f772b3a763bae2a1b48a89168e1acbe2bb35ae52648f3c7d0a131f9a38b12a2dc642e07083e131d328f8fefd8274697d56ec0880c1149b384ad1b0858dac9a71,08/21/2025 09:29:00 PM,1,DRIVER,,2034165,,UNKNOWN,OTHER (EXPLAIN IN NARRATIVE),,,UNKNOWN,UNKNOWN/NA,UNKNOWN/NA,UNKNOWN,UNKNOWN/NA,,,1,,,,,,,,,,,,,,,,,Y,UNKNOWN,,,,,,,,,,,,,,,,,,,,,,,,,,,,,,,,,
2133848,f772b3a763bae2a1b48a89168e1acbe2bb35ae52648f3c7d0a131f9a38b12a2dc642e07083e131d328f8fefd8274697d56ec0880c1149b384ad1b0858dac9a71,08/21/2025 09:29:00 PM,2,PARKED,,2034167,,NISSAN,ALTIMA,IL,2012,UNKNOWN,PASSENGER,NOT IN USE,W,PARKED,,,0,,,,,,,,,,,Y,,,,,,,REAR-LEFT-CORNER,,,,,,,,,,,,,,,,,,,,,,,,,,,,,,,,,
2133851,9efd851a0e8abd7879e3af56f853ea2c5d524f4495e9ca38d787c749ed5282d081d6d30b694a7382cb41e411fd27e6f48370715212cc2beefe5a9f9e22b759f7,08/21/2025 09:25:00 PM,1,DRIVER,1,2034140,,FORD,FUSION,IL,2012,UNKNOWN,PASSENGER,UNKNOWN/NA,N,TURNING LEFT,,,2,,,,,,,,,,,,,,,,,Y,UNKNOWN,,,,,,,,,,,,,,,,,,,,,,,,,,,,,,,,,
2133852,9efd851a0e8abd7879e3af56f853ea2c5d524f4495e9ca38d787c749ed5282d081d6d30b694a7382cb41e411fd27e6f48370715212cc2beefe5a9f9e22b759f7,08/21/2025 09:25:00 PM,2,DRIVER,,2034142,,TOYOTA,HIGHLANDER,IL,2009,UNKNOWN,SPORT UTILITY VEHICLE (SUV),UNKNOWN/NA,N,TURNING LEFT,,,1,,,,,Y,Y,Y,,,,,,,,,,,FRONT-RIGHT-CORNER,,,,,,,,,,,,,,,,,,,,,,,,,,,,,,,,,
2133853,3f0b42cac13c73a29c0b2f3a8ae1fd1b809ce4f67ec24bda0d9c16323bce8616ae3496cda44e3c7d0bdd7af4ee04c4f989cc6073ff0da9759170da24d855fbf8,08/21/2025 09:20:00 PM,1,DRIVER,,2034141,,HONDA,CR-V,IL,2004,NONE,PASSENGER,UNKNOWN/NA,S,STRAIGHT AHEAD,,,1,,,,,,,,,,,,,,,,,Y,UNKNOWN,,,,,,,,,,,,,,,,,,,,,,,,,,,,,,,,,
2133854,3f0b42cac13c73a29c0b2f3a8ae1fd1b809ce4f67ec24bda0d9c16323bce8616ae3496cda44e3c7d0bdd7af4ee04c4f989cc6073ff0da9759170da24d855fbf8,08/21/2025 09:20:00 PM,2,DRIVER,,2034143,,NISSAN,ROGUE,IL,2017,NONE,PASSENGER,PERSONAL,S,STRAIGHT AHEAD,,,1,,,,,,,,,Y,Y,Y,,,,,,,REAR,,,,,,,,,,,,,,,,,,,,,,,,,,,,,,,,,
2133859,494d00acacece685d977d902bf81b794590e480c2236c11deae97659a51624489a5660ce957c7e0e10d7a92e2166afbd18bfd34aae7c2dc1869fdd3f328d6347,08/21/2025 09:16:00 PM,1,DRIVER,1,2034145,,TOYOTA,SIENNA,IL,2009,UNKNOWN,VAN/MINI-VAN,PERSONAL,W,STRAIGHT AHEAD,,,2,,,,,Y,,,,,,,,,,Y,Y,,FRONT-RIGHT-CORNER,,,,,,,,,,,,,,,,,,,,,,,,,,,,,,,,,
2133860,494d00acacece685d977d902bf81b794590e480c2236c11deae97659a51624489a5660ce957c7e0e10d7a92e2166afbd18bfd34aae7c2dc1869fdd3f328d6347,08/21/2025 09:16:00 PM,2,PARKED,,2034148,,JEEP,WRANGLER,IL,2013,NONE,SPORT UTILITY VEHICLE (SUV),PERSONAL,UNKNOWN,PARKED,,,0,,,,,,,,,,,Y,Y,Y,Y,Y,,,REAR-LEFT-CORNER,,,,,,,,,,,,,,,,,,,,,,,,,,,,,,,,,
2133861,e49a4c295fd89d31432ec4e3d65bceff0ce23f460b9e6b1eda4ff22f36526c37fa0595d7745bf878dfcf0af7c5912551efee8ff6d4f1b5cb1e672df2c48f4652,08/21/2025 09:03:00 PM,1,DRIVER,1,2034147,,HONDA,ODYSSEY,IL,2007,UNKNOWN,PASSENGER,PERSONAL,N,STRAIGHT AHEAD,,,2,,,,,Y,,,,,,,,,,Y,Y,,FRONT,,,,,,,,,,,,,,,,,,,,,,,,,,,,,,,,,
2133862,e49a4c295fd89d31432ec4e3d65bceff0ce23f460b9e6b1eda4ff22f36526c37fa0595d7745bf878dfcf0af7c5912551efee8ff6d4f1b5cb1e672df2c48f4652,08/21/2025 09:03:00 PM,2,DRIVER,2,2034156,,MAZDA,CX-5,IL,2015,UNKNOWN,PASSENGER,PERSONAL,N,STRAIGHT AHEAD,Y,,3,,OWNER,,,Y,,,,Y,Y,Y,,,,Y,Y,,REAR,,,,,,,,,,,,,,,,,,,,,,,,,,,,,,,,,
2133863,e49a4c295fd89d31432ec4e3d65bceff0ce23f460b9e6b1eda4ff22f36526c37fa0595d7745bf878dfcf0af7c5912551efee8ff6d4f1b5cb1e672df2c48f4652,08/21/2025 09:03:00 PM,3,DRIVER,,2034161,,JEEP,CHEROKEE,IL,2020,UNKNOWN,PASSENGER,PERSONAL,N,STRAIGHT AHEAD,,,1,,,,,,,,,Y,Y,Y,,,,,,,REAR,,,,,,,,,,,,,,,,,,,,,,,,,,,,,,,,,
2134445,89b4f5fd356a4d87ca2ac4838a001dcd9708542687b3df3f64d810390319849846ee37e6e85be76087731678a8da2b6fe1a0b0187a5d0a78f6f8a3e25a9b3e98,08/21/2025 09:00:00 PM,1,DRIVER,,2034703,,UNKNOWN,MOTORIZED,,,UNKNOWN,PASSENGER,UNKNOWN/NA,N,STRAIGHT AHEAD,,,1,,,,,,,,,,,,,,,,,,UNKNOWN,,,,,,,,,,,,,,,,,,,,,,,,,,,,,,,,,
2134446,89b4f5fd356a4d87ca2ac4838a001dcd9708542687b3df3f64d810390319849846ee37e6e85be76087731678a8da2b6fe1a0b0187a5d0a78f6f8a3e25a9b3e98,08/21/2025 09:00:00 PM,2,BICYCLE,,,,,,,,,,,,,,,,,,,,,,,,,,,,,,,,,,,,,,,,,,,,,,,,,,,,,,,,,,,,,,,,,,
2133834,39cc1a07c441508ab858fb3365206820e075776e690d32d38e8f75814536bf687574ba7868efdc506760ebff68795a166378f79c338a27dc8a7c8eecb13e4809,08/21/2025 08:52:00 PM,1,DRIVER,,2034126,,TOYOTA,RAV4,IL,2019,NONE,PASSENGER,PERSONAL,S,CHANGING LANES,,,1,,,,,Y,Y,,,,,,,,,,,,FRONT-RIGHT-CORNER,,,,,,,,,,,,,,,,,,,,,,,,,,,,,,,,,
2133835,39cc1a07c441508ab858fb3365206820e075776e690d32d38e8f75814536bf687574ba7868efdc506760ebff68795a166378f79c338a27dc8a7c8eecb13e4809,08/21/2025 08:52:00 PM,3,DRIVER,3,2034132,,LINCOLN,CORSAIR,IL,2023,NONE,PASSENGER,PERSONAL,S,STRAIGHT AHEAD,,,4,,,,,,,,Y,Y,,,,,,,,,REAR-RIGHT-CORNER,,,,,,,,,,,,,,,,,,,,,,,,,,,,,,,,,
2133836,39cc1a07c441508ab858fb3365206820e075776e690d32d38e8f75814536bf687574ba7868efdc506760ebff68795a166378f79c338a27dc8a7c8eecb13e4809,08/21/2025 08:52:00 PM,2,DRIVER,,2034138,,TOYOTA,PRIUS,IL,2015,NONE,PASSENGER,PERSONAL,S,STRAIGHT AHEAD,,,1,,,,,Y,,,,,,,,,Y,Y,Y,,FRONT-LEFT-CORNER,,,,,,,,,,,,,,,,,,,,,,,,,,,,,,,,,
2133827,ae4d3f6522b63040bc78fd172e7fe5231c98f23e12ba767827b81de2982a2876c4015531a6587c2de3dacb81b43853bc80ef12fd3884484c33e97d219596871b,08/21/2025 08:45:00 PM,1,DRIVER,,2034117,,KIA,CARNIVAL,IL,,UNKNOWN,UNKNOWN/NA,UNKNOWN/NA,W,STRAIGHT AHEAD,,,1,,,,,Y,Y,Y,Y,Y,,,,,,,,,FRONT-RIGHT-CORNER,,,,,,,,,,,,,,,,,,,,,,,,,,,,,,,,,
2133828,ae4d3f6522b63040bc78fd172e7fe5231c98f23e12ba767827b81de2982a2876c4015531a6587c2de3dacb81b43853bc80ef12fd3884484c33e97d219596871b,08/21/2025 08:45:00 PM,2,PARKED,,2034124,,LINCOLN,MKZ,IL,2018,NONE,PASSENGER,PERSONAL,W,PARKED,,,0,,,,,,,,,,,Y,Y,Y,Y,Y,,,REAR-LEFT-CORNER,,,,,,,,,,,,,,,,,,,,,,,,,,,,,,,,,
2133817,4e6de7183d926a7cb98ef0fcca32f4a87258c00aca9e6994faa89fe0228a59c792c8debd3c86c27e95d41845a28ef19866d02ae960db243796bb1f2209f5dbd8,08/21/2025 08:42:00 PM,2,DRIVER,,2034112,,FORD,EXPLORER,IL,2021,NONE,SPORT UTILITY VEHICLE (SUV),POLICE,E,STRAIGHT AHEAD,,,1,,,,,Y,,,,,,,,,,,Y,,FRONT-RIGHT-CORNER,,,,,,,,,,,,,,,,,,,,,,,,,,,,,,,,,
2133818,4e6de7183d926a7cb98ef0fcca32f4a87258c00aca9e6994faa89fe0228a59c792c8debd3c86c27e95d41845a28ef19866d02ae960db243796bb1f2209f5dbd8,08/21/2025 08:42:00 PM,1,DRIVER,,2034114,,DODGE,CARAVAN,IL,2015,NONE,VAN/MINI-VAN,PERSONAL,E,TURNING LEFT,,,1,,,,,Y,Y,,,,,,,,,,Y,,FRONT-RIGHT-CORNER,,,,,,,,,,,,,,,,,,,,,,,,,,,,,,,,,
2133833,6418773d7b465edc1b4d8e7f3e9d432a1cfbcacfbf10d52889715f910a80cfa87214bdc7502274023c934a86f13b37a2d93487552a8354635611fb7607a76ae3,08/21/2025 08:30:00 PM,1,DRIVER,,2034187,,HONDA,ACCORD,IL,2023,UNKNOWN,PASSENGER,UNKNOWN/NA,E,STRAIGHT AHEAD,,,1,,,,,Y,Y,,,,,,,,,,,,TOTAL (ALL AREAS),,,,,,,,,,,,,,,,,,,,,,,,,,,,,,,,,
2133825,d75a5f59a8368474482ac11b1f7127b2622a39a875604848826004e093a9daed02220d8ee0df550469fbab930edd7bcea159c9ae600842a820abdc3bf5004270,08/21/2025 08:27:00 PM,1,DRIVER,,2034119,,NISSAN,ROGUE,IL,2016,NONE,SPORT UTILITY VEHICLE (SUV),PERSONAL,S,STRAIGHT AHEAD,,,1,,,,,,,,,,,,,,,,Y,,REAR,,,,,,,,,,,,,,,,,,,,,,,,,,,,,,,,,
2133826,d75a5f59a8368474482ac11b1f7127b2622a39a875604848826004e093a9daed02220d8ee0df550469fbab930edd7bcea159c9ae600842a820abdc3bf5004270,08/21/2025 08:27:00 PM,2,DRIVER,,2034116,,HONDA,HR-V,IL,2023,NONE,SPORT UTILITY VEHICLE (SUV),PERSONAL,S,SLOW/STOP IN TRAFFIC,,,1,,,,,,,,,,Y,,,,,,,,REAR,,,,,,,,,,,,,,,,,,,,,,,,,,,,,,,,,
2135528,a11469d60662fe78db9b33ab478fe029bd0d8329d1789516ea01dd30d457041c8bd9c372581a330b3370101fedc6bd1212602e77657fe525f8f9ea7f709b8b5b,08/21/2025 08:25:00 PM,1,DRIVER,,2035741,,CHEVROLET,EQUINOX,IN,2024,UNKNOWN,PASSENGER,PERSONAL,E,STRAIGHT AHEAD,,,1,,,,,Y,,,,,,,,,,,,,FRONT-RIGHT-CORNER,,,,,,,,,,,,,,,,,,,,,,,,,,,,,,,,,
2135529,a11469d60662fe78db9b33ab478fe029bd0d8329d1789516ea01dd30d457041c8bd9c372581a330b3370101fedc6bd1212602e77657fe525f8f9ea7f709b8b5b,08/21/2025 08:25:00 PM,2,DRIVER,,2035742,,NISSAN,SENTRA,IL,2019,UNKNOWN,PASSENGER,PERSONAL,S,STRAIGHT AHEAD,,,1,,,,,,,,Y,Y,,,,,,,,,REAR-RIGHT-CORNER,,,,,,,,,,,,,,,,,,,,,,,,,,,,,,,,,
2136212,279a3096c75abf90e3e4f353846f5de82ddfda4dcf22399bdb5eb1a21633521cbac809ac1ff31d618b1ad2f605328afb8992d46a5941c46308eb5e274ea67d5d,08/21/2025 08:15:00 PM,1,DRIVER,,2036413,,JEEP,CHEROKEE,IL,2021,UNKNOWN,SPORT UTILITY VEHICLE (SUV),PERSONAL,W,STRAIGHT AHEAD,,,1,,,,,,,,,,,,,,,,Y,,FRONT,,,,,,,,,,,,,,,,,,,,,,,,,,,,,,,,,