CRASH_UNIT_ID,CRASH_RECORD_ID,CRASH_DATE,UNIT_NO,UNIT_TYPE,NUM_PASSENGERS,VEHICLE_ID,CMRC_VEH_I,MAKE,MODEL,LIC_PLATE_STATE,VEHICLE_YEAR,VEHICLE_DEFECT,VEHICLE_TYPE,VEHICLE_USE,TRAVEL_DIRECTION,MANEUVER,TOWED_I,FIRE_I,OCCUPANT_CNT,EXCEED_SPEED_LIMIT_I,TOWED_BY,TOWED_TO,AREA_00_I,AREA_01_I,AREA_02_I,AREA_03_I,AREA_04_I,AREA_05_I,AREA_06_I,AREA_07_I,AREA_08_I,AREA_09_I,AREA_10_I,AREA_11_I,AREA_12_I,AREA_99_I,FIRST_CONTACT_POINT,CMV_ID,USDOT_NO,CCMC_NO,ILCC_NO,COMMERCIAL_SRC,GVWR,CARRIER_NAME,CARRIER_STATE,CARRIER_CITY,HAZMAT_PLACARDS_I,HAZMAT_NAME,UN_NO,HAZMAT_PRESENT_I,HAZMAT_REPORT_I,HAZMAT_REPORT_NO,MCS_REPORT_I,MCS_REPORT_NO,HAZMAT_VIO_CAUSE_CRASH_I,MCS_VIO_CAUSE_CRASH_I,IDOT_PERMIT_NO,WIDE_LOAD_I,TRAILER1_WIDTH,TRAILER2_WIDTH,TRAILER1_LENGTH,TRAILER2_LENGTH,TOTAL_VEHICLE_LENGTH,AXLE_CNT,VEHICLE_CONFIG,CARGO_BODY_TYPE,LOAD_TYPE,HAZMAT_OUT_OF_SERVICE_I,MCS_OUT_OF_SERVICE_I,HAZMAT_CLASS
2136213,279a3096c75abf90e3e4f353846f5de82ddfda4dcf22399bdb5eb1a21633521cbac809ac1ff31d618b1ad2f605328afb8992d46a5941c46308eb5e274ea67d5d,08/21/2025 08:15:00 PM,2,DRIVER,,2036407,,VOLKSWAGEN,TIGUAN,IL,2024,NONE,SPORT UTILITY VEHICLE (SUV),PERSONAL,W,STRAIGHT AHEAD,,,1,,,,,,,,,Y,Y,,,,,,,,REAR,,,,,,,,,,,,,,,,,,,,,,,,,,,,,,,,,
2133829,f744664bcf7d28a58b1f0a5533c9f06a244579132c34af835c553690609f004ffa24cba45e6d5bf3bd0e53aef31cba392b9381aba59c1ca376a267dd80667113,08/21/2025 08:15:00 PM,1,DRIVER,,2034118,,UNKNOWN,MOTORIZED,IL,,UNKNOWN,PASSENGER,PERSONAL,N,STRAIGHT AHEAD,,,1,,,,,,,,,,,,,,,,,Y,UNKNOWN,,,,,,,,,,,,,,,,,,,,,,,,,,,,,,,,,
2133830,f744664bcf7d28a58b1f0a5533c9f06a244579132c34af835c553690609f004ffa24cba45e6d5bf3bd0e53aef31cba392b9381aba59c1ca376a267dd80667113,08/21/2025 08:15:00 PM,2,BICYCLE,,,,,,,,,,,,,,,,,,,,,,,,,,,,,,,,,,,,,,,,,,,,,,,,,,,,,,,,,,,,,,,,,,
2133877,cff0f1d669d535b7404649560049dc5baf1fb6ac9c97992d161876dcced2fb5914107bd1228149a791a1f0af33bfa0fadcd4b9417ebbcb4f79783d81a26b0f8b,08/21/2025 08:13:00 PM,1,DRIVER,,2034164,,DODGE,JOURNEY,IL,2020,UNKNOWN,PASSENGER,PERSONAL,N,UNKNOWN/NA,Y,,1,,PERSONAL,UNKNOWN,,Y,,,,,,,,Y,Y,Y,Y,,SIDE-LEFT-FRONT,,,,,,,,,,,,,,,,,,,,,,,,,,,,,,,,,
2133878,cff0f1d669d535b7404649560049dc5baf1fb6ac9c97992d161876dcced2fb5914107bd1228149a791a1f0af33bfa0fadcd4b9417ebbcb4f79783d81a26b0f8b,08/21/2025 08:13:00 PM,2,PARKED,,2034171,,GENERAL MOTORS CORPORATION (GMC),YUKON,IL,2003,UNKNOWN,PASSENGER,PERSONAL,S,PARKED,,,0,,,,,,,,,,,,,,Y,Y,Y,,FRONT-LEFT-CORNER,,,,,,,,,,,,,,,,,,,,,,,,,,,,,,,,,
2133872,1cd65df8753eb0fe750d7ecf1eea29919c3bdec1df6abdbd6b4825d386bd4f67408e5d6fdd9af3c6a7e77db12161bf1e86010344749a4494a20211fde891eeb3,08/21/2025 08:00:00 PM,1,DRIVER,,2034153,,UNKNOWN,OTHER (EXPLAIN IN NARRATIVE),,,UNKNOWN,PASSENGER,PERSONAL,N,STRAIGHT AHEAD,,,1,,,,,Y,,,,,,,,,,Y,Y,,FRONT,,,,,,,,,,,,,,,,,,,,,,,,,,,,,,,,,
2133873,1cd65df8753eb0fe750d7ecf1eea29919c3bdec1df6abdbd6b4825d386bd4f67408e5d6fdd9af3c6a7e77db12161bf1e86010344749a4494a20211fde891eeb3,08/21/2025 08:00:00 PM,2,PARKED,,2034155,,HONDA,CIVIC,IL,2010,NONE,PASSENGER,PERSONAL,N,PARKED,,,0,,,,,Y,,,,Y,Y,Y,Y,,,Y,Y,,REAR,,,,,,,,,,,,,,,,,,,,,,,,,,,,,,,,,
2133874,1cd65df8753eb0fe750d7ecf1eea29919c3bdec1df6abdbd6b4825d386bd4f67408e5d6fdd9af3c6a7e77db12161bf1e86010344749a4494a20211fde891eeb3,08/21/2025 08:00:00 PM,3,PARKED,,2034159,,HONDA,CIVIC,IL,2005,NONE,PASSENGER,PERSONAL,N,PARKED,,,0,,,,,,,,,Y,Y,Y,,,,,,,REAR,,,,,,,,,,,,,,,,,,,,,,,,,,,,,,,,,
2133856,d746d2513c0b85cdf8ecfc3b33c25e9c706428f3556411b40e272d7f427f2184e0856b830cfff982e5cd9d3e78f282cab30db03857174fe4cacc2c935fed487b,08/21/2025 07:47:00 PM,2,PARKED,,2034158,,GENERAL MOTORS CORPORATION (GMC),SAVANNAH,IL,2001,NONE,VAN/MINI-VAN,NOT IN USE,E,PARKED,,,0,,,,,,,,,,,Y,Y,,,,,,REAR-LEFT-CORNER,,,,,,,,,,,,,,,,,,,,,,,,,,,,,,,,,
2133857,d746d2513c0b85cdf8ecfc3b33c25e9c706428f3556411b40e272d7f427f2184e0856b830cfff982e5cd9d3e78f282cab30db03857174fe4cacc2c935fed487b,08/21/2025 07:47:00 PM,3,PARKED,,2034160,,CHEVROLET,EQUINOX,IL,2011,NONE,PASSENGER,NOT IN USE,E,PARKED,,,0,,,,,,,,,,,,Y,Y,Y,Y,,,SIDE-LEFT,,,,,,,,,,,,,,,,,,,,,,,,,,,,,,,,,
2133858,d746d2513c0b85cdf8ecfc3b33c25e9c706428f3556411b40e272d7f427f2184e0856b830cfff982e5cd9d3e78f282cab30db03857174fe4cacc2c935fed487b,08/21/2025 07:47:00 PM,1,DRIVER,,2034146,,JEEP,WRANGLER,IL,2023,NONE,PASSENGER,PERSONAL,E,STRAIGHT AHEAD,Y,,1,,PRIVATE TOW,UNKNOWN,,Y,Y,Y,Y,,,,,,,,,,FRONT-RIGHT-CORNER,,,,,,,,,,,,,,,,,,,,,,,,,,,,,,,,,
2133879,d746d2513c0b85cdf8ecfc3b33c25e9c706428f3556411b40e272d7f427f2184e0856b830cfff982e5cd9d3e78f282cab30db03857174fe4cacc2c935fed487b,08/21/2025 07:47:00 PM,4,PARKED,,2034163,,CHEVROLET,TRAVERSE,IL,2014,NONE,PASSENGER,PERSONAL,E,PARKED,,,0,,,,,,,,,,Y,Y,Y,,,,,,REAR-LEFT-CORNER,,,,,,,,,,,,,,,,,,,,,,,,,,,,,,,,,
2133880,d27f6fc87cd68d42dc14143e8adb35fe4dfadea3f0a2430ff35f6352a1414b033f6ef4c4e2e23a8e1e5a023998fc73f874e810cbc7806702b53d20dfcbb6292c,08/21/2025 07:45:00 PM,1,DRIVER,,2034170,,NISSAN,ROGUE,IL,2021,UNKNOWN,PASSENGER,UNKNOWN/NA,E,STRAIGHT AHEAD,,,1,,,,,,,,,,,,,,Y,Y,,,UNKNOWN,,,,,,,,,,,,,,,,,,,,,,,,,,,,,,,,,
2133881,d27f6fc87cd68d42dc14143e8adb35fe4dfadea3f0a2430ff35f6352a1414b033f6ef4c4e2e23a8e1e5a023998fc73f874e810cbc7806702b53d20dfcbb6292c,08/21/2025 07:45:00 PM,2,DRIVER,,2034176,,NISSAN,VERSA,IL,2024,UNKNOWN,PASSENGER,UNKNOWN/NA,S,TURNING LEFT,Y,,1,,TRAVELERS INSURANCE,,,Y,,,,,,,,Y,Y,Y,Y,,UNKNOWN,,,,,,,,,,,,,,,,,,,,,,,,,,,,,,,,,
2136318,672c026baec826229f74600accded797d325a766560d3253e90aa548ebba52fcb04c3b8034f613911bf6d82f2857fa51858996bc3b20b993e317d62360970c63,08/21/2025 07:40:00 PM,1,DRIVER,,2036510,,FORD,F250,IN,2018,UNKNOWN,PICKUP,PERSONAL,W,STRAIGHT AHEAD,,,1,,,,,,,,,,,,,,,,Y,,FRONT,,,,,,,,,,,,,,,,,,,,,,,,,,,,,,,,,
2136319,672c026baec826229f74600accded797d325a766560d3253e90aa548ebba52fcb04c3b8034f613911bf6d82f2857fa51858996bc3b20b993e317d62360970c63,08/21/2025 07:40:00 PM,2,DRIVER,1,2036516,,KIA,FORTE,IL,2018,UNKNOWN,PASSENGER,PERSONAL,W,SLOW/STOP IN TRAFFIC,,,2,,,,,,,,,,Y,,,,,,,,REAR,,,,,,,,,,,,,,,,,,,,,,,,,,,,,,,,,
2135671,519cdcf7adfc1b704bfb11025b510df2b19b8fcff7dc3115809795482b98af9bf1af42cda1e88432e63f93daf34306e400a826308c9ddb96367c1fe6143c9822,08/21/2025 07:30:00 PM,1,DRIVER,,2035877,,UNKNOWN,OTHER (EXPLAIN IN NARRATIVE),,,UNKNOWN,UNKNOWN/NA,UNKNOWN/NA,N,STRAIGHT AHEAD,,,1,,,,,,,,,,,,,,,,,Y,UNKNOWN,,,,,,,,,,,,,,,,,,,,,,,,,,,,,,,,,
2135672,519cdcf7adfc1b704bfb11025b510df2b19b8fcff7dc3115809795482b98af9bf1af42cda1e88432e63f93daf34306e400a826308c9ddb96367c1fe6143c9822,08/21/2025 07:30:00 PM,2,BICYCLE,,,,,,,,,,,,,,,,,,,,,,,,,,,,,,,,,,,,,,,,,,,,,,,,,,,,,,,,,,,,,,,,,,
2133864,b0005715277041ccd88c12d80f5c84247f192fe0b4547fabc343022b173639735523b652caed9e5a7fb7c23db67fcc4ddf12d38bab8a9f611b5d1307245c6113,08/21/2025 07:30:00 PM,1,DRIVER,,2034144,,UNKNOWN,OTHER (EXPLAIN IN NARRATIVE),,,UNKNOWN,UNKNOWN/NA,UNKNOWN/NA,UNKNOWN,UNKNOWN/NA,,,1,,,,,,,,,,,,,,,,,Y,UNKNOWN,,,,,,,,,,,,,,,,,,,,,,,,,,,,,,,,,
2133865,b0005715277041ccd88c12d80f5c84247f192fe0b4547fabc343022b173639735523b652caed9e5a7fb7c23db67fcc4ddf12d38bab8a9f611b5d1307245c6113,08/21/2025 07:30:00 PM,2,PARKED,,2034151,,KIA,SPORTAGE,IL,2015,NONE,SPORT UTILITY VEHICLE (SUV),PERSONAL,UNKNOWN,PARKED,,,0,,,,,,,,,Y,Y,,,,,,,,REAR-RIGHT-CORNER,,,,,,,,,,,,,,,,,,,,,,,,,,,,,,,,,
2133889,2e5e50d9a9a031f66da4f82892adccc44f8ef1907c2b1c877402988b62be4acda37f80b408908bc8e5909b11952c50d6bce6e4d31bb7d984f793fed19a0055fb,08/21/2025 07:00:00 PM,1,DRIVER,,2034172,,UNKNOWN,OTHER (EXPLAIN IN NARRATIVE),IL,,UNKNOWN,PASSENGER,UNKNOWN/NA,S,STRAIGHT AHEAD,,,1,,,,,Y,,,,,,,,,,,N,,FRONT-RIGHT-CORNER,,,,,,,,,,,,,,,,,,,,,,,,,,,,,,,,,
2133890,2e5e50d9a9a031f66da4f82892adccc44f8ef1907c2b1c877402988b62be4acda37f80b408908bc8e5909b11952c50d6bce6e4d31bb7d984f793fed19a0055fb,08/21/2025 07:00:00 PM,2,DRIVER,,2034179,,LEXUS,CT200H,IL,2013,NONE,PASSENGER,PERSONAL,S,SLOW/STOP IN TRAFFIC,,,1,,,,,,,,,,N,Y,,,,,,,REAR-LEFT-CORNER,,,,,,,,,,,,,,,,,,,,,,,,,,,,,,,,,
2133807,71f4c3681561c5dc150ba5ecafe5233f163730388068f5f697715b8f9f4f80de93158b994d44e47b90b6a58575366ebf9ae3a76ce7bee8a9c8c58d910882ab70,08/21/2025 06:59:00 PM,1,PEDESTRIAN,,,,,,,,,,,,,,,,,,,,,,,,,,,,,,,,,,,,,,,,,,,,,,,,,,,,,,,,,,,,,,,,,,
2133808,71f4c3681561c5dc150ba5ecafe5233f163730388068f5f697715b8f9f4f80de93158b994d44e47b90b6a58575366ebf9ae3a76ce7bee8a9c8c58d910882ab70,08/21/2025 06:59:00 PM,2,DRIVER,,2034103,,HYUNDAI,ELANTRA,IL,2006,UNKNOWN,PASSENGER,PERSONAL,W,STRAIGHT AHEAD,,,1,,,,,N,Y,,,,,,,,,,,,SIDE-RIGHT-FRONT,,,,,,,,,,,,,,,,,,,,,,,,,,,,,,,,,
2133801,186f9baa56349106a26c565beb421f26b3c2f511f6dcd088cbcc23a30ff6080e51426368db96a126c2d98e5b1e0dc1363c8cd1b0601382f9fca622c07cdbbc7c,08/21/2025 06:56:00 PM,1,DRIVER,,2034095,,NISSAN,ROGUE,IL,2020,UNKNOWN,SPORT UTILITY VEHICLE (SUV),PERSONAL,N,TURNING RIGHT,,,1,,,,Y,N,,,,,,,,,,,N,,FRONT-RIGHT-CORNER,,,,,,,,,,,,,,,,,,,,,,,,,,,,,,,,,
2133802,186f9baa56349106a26c565beb421f26b3c2f511f6dcd088cbcc23a30ff6080e51426368db96a126c2d98e5b1e0dc1363c8cd1b0601382f9fca622c07cdbbc7c,08/21/2025 06:56:00 PM,2,PEDESTRIAN,,,,,,,,,,,,,,,,,,,,,,,,,,,,,,,,,,,,,,,,,,,,,,,,,,,,,,,,,,,,,,,,,,
2134248,c2573aa7b761d0ffc64aff09a3d47175f4c1489465fe6793efa1a557b676e4a109c9215db28dc390e1113e9a184097053f9eb9a121ae356d542c43443a9c18c8,08/21/2025 06:40:00 PM,1,DRIVER,,2034517,,JEEP,CHEROKEE,IN,2014,NONE,UNKNOWN/NA,UNKNOWN/NA,UNKNOWN,ENTERING TRAFFIC LANE FROM PARKING,,,1,,,,,N,N,N,N,N,,,,,,,,Y,REAR-RIGHT-CORNER,,,,,,,,,,,,,,,,,,,,,,,,,,,,,,,,,
2134249,c2573aa7b761d0ffc64aff09a3d47175f4c1489465fe6793efa1a557b676e4a109c9215db28dc390e1113e9a184097053f9eb9a121ae356d542c43443a9c18c8,08/21/2025 06:40:00 PM,2,DRIVER,3,2034518,,FORD,FUSION,IL,2017,NONE,UNKNOWN/NA,UNKNOWN/NA,UNKNOWN,STRAIGHT AHEAD,,,4,,,,,,,,,,,Y,Y,,,,,,REAR-LEFT-CORNER,,,,,,,,,,,,,,,,,,,,,,,,,,,,,,,,,
2133795,b976a6dd6115ee577165e78a102de64d275cfce447eb641c5e4de8a86ddfd67923b113436580e6a6cf60b353f14da6d77315006dfcd5f8482b80b8a733859e0c,08/21/2025 06:30:00 PM,1,DRIVER,,2034093,,UNKNOWN,OTHER (EXPLAIN IN NARRATIVE),,,UNKNOWN,PICKUP,UNKNOWN/NA,S,STRAIGHT AHEAD,,,1,,,,,,,,,,,,,,,,,Y,FRONT,,,,,,,,,,,,,,,,,,,,,,,,,,,,,,,,,
2133796,b976a6dd6115ee577165e78a102de64d275cfce447eb641c5e4de8a86ddfd67923b113436580e6a6cf60b353f14da6d77315006dfcd5f8482b80b8a733859e0c,08/21/2025 06:30:00 PM,2,DRIVER,,2034086,,HYUNDAI,ELANTRA,IL,2023,NONE,PASSENGER,PERSONAL,S,SLOW/STOP IN TRAFFIC,,,1,,,,,,,,,,Y,,,,,,,,REAR,,,,,,,,,,,,,,,,,,,,,,,,,,,,,,,,,
2134100,f67389807503c795a3720e5b5e3df19ff821374e7a047ea60234a0287935d5d99b54782f087cb8e9515bb62c9780c4f010182295168c4c99207b7b64aa35fadd,08/21/2025 06:30:00 PM,1,DRIVER,1,2034375,,UNKNOWN,OTHER (EXPLAIN IN NARRATIVE),,,UNKNOWN,PASSENGER,UNKNOWN/NA,UNKNOWN,STRAIGHT AHEAD,,,2,,,,,,,,,,,,,,,,,Y,FRONT,,,,,,,,,,,,,,,,,,,,,,,,,,,,,,,,,
2134101,f67389807503c795a3720e5b5e3df19ff821374e7a047ea60234a0287935d5d99b54782f087cb8e9515bb62c9780c4f010182295168c4c99207b7b64aa35fadd,08/21/2025 06:30:00 PM,2,BICYCLE,,,,,,,,,,,,,,,,,,,,,,,,,,,,,,,,,,,,,,,,,,,,,,,,,,,,,,,,,,,,,,,,,,
2133813,fac1cd43c2f4fec5e482052acf27536c7a769a22d4efb6ca74df05118a11200644801eaadcf0cd0e12a12f60c07b6adcdbd92d9b4087b86bc8478dbc7e0aff53,08/21/2025 06:30:00 PM,1,DRIVER,,2034104,,CHRYSLER,200,MN,2015,UNKNOWN,PASSENGER,UNKNOWN/NA,N,STRAIGHT AHEAD,,,1,,,,,,,,,,,,,,,,,Y,FRONT,,,,,,,,,,,,,,,,,,,,,,,,,,,,,,,,,
2133814,fac1cd43c2f4fec5e482052acf27536c7a769a22d4efb6ca74df05118a11200644801eaadcf0cd0e12a12f60c07b6adcdbd92d9b4087b86bc8478dbc7e0aff53,08/21/2025 06:30:00 PM,2,DRIVER,1,2034102,,HONDA,ACCORD,IL,2011,NONE,PASSENGER,PERSONAL,N,SLOW/STOP IN TRAFFIC,,,2,,,,,,,,,,Y,,,,,,,,REAR,,,,,,,,,,,,,,,,,,,,,,,,,,,,,,,,,
2133781,4e8b780109f96e8102cd64ac0f2f4e24f67d9213673ffa79947a7078a99458b0ee44a3b28b7ba421e88a218c05e7beada7bbf21cba97ee753ca9550067159f0c,08/21/2025 06:28:00 PM,1,BICYCLE,,,,,,,,,,,,,,,,,,,,,,,,,,,,,,,,,,,,,,,,,,,,,,,,,,,,,,,,,,,,,,,,,,
2133782,4e8b780109f96e8102cd64ac0f2f4e24f67d9213673ffa79947a7078a99458b0ee44a3b28b7ba421e88a218c05e7beada7bbf21cba97ee753ca9550067159f0c,08/21/2025 06:28:00 PM,2,PARKED,,2034076,,VOLKSWAGEN,ATLAS,IL,2021,NONE,PASSENGER,PERSONAL,S,PARKED,,,0,,,,,,,,,,Y,Y,Y,,,,,,SIDE-LEFT-REAR,,,,,,,,,,,,,,,,,,,,,,,,,,,,,,,,,
2133738,748da1aa5515461be7f33d14ab1f976fd1022064f569278e3e6b6a782b12f0eaf1722ac8f09be1bc6a7aa78b5f3b023f58beede6e26dd4defd0efc37cb6fb467,08/21/2025 06:20:00 PM,1,DRIVER,,2034025,,SUBARU,FORESTER,IL,2012,NONE,SPORT UTILITY VEHICLE (SUV),PERSONAL,S,SLOW/STOP IN TRAFFIC,,,1,,,,,Y,,,,,,,,,,Y,Y,,FRONT,,,,,,,,,,,,,,,,,,,,,,,,,,,,,,,,,
2133739,748da1aa5515461be7f33d14ab1f976fd1022064f569278e3e6b6a782b12f0eaf1722ac8f09be1bc6a7aa78b5f3b023f58beede6e26dd4defd0efc37cb6fb467,08/21/2025 06:20:00 PM,2,DRIVER,1,2034036,,MERCEDES-BENZ,GLE,IL,2016,NONE,PASSENGER,PERSONAL,S,SLOW/STOP IN TRAFFIC,,,2,,,,,,,,,Y,Y,Y,,,,,,,REAR,,,,,,,,,,,,,,,,,,,,,,,,,,,,,,,,,
2133811,7257d6a07494d2abf9eb097e9149f15109008a62a0d606e3650e365cb1aecb0a22373ca5bc0bdf39dee77baca048284b0027cf573b639e596273ccd0c1826b16,08/21/2025 06:17:00 PM,1,DRIVER,,2034100,,NISSAN,ALTIMA,,2009,UNKNOWN,PASSENGER,UNKNOWN/NA,E,BACKING,,,1,,,,,,,,,,,,,,,,,Y,UNKNOWN,,,,,,,,,,,,,,,,,,,,,,,,,,,,,,,,,
2133812,7257d6a07494d2abf9eb097e9149f15109008a62a0d606e3650e365cb1aecb0a22373ca5bc0bdf39dee77baca048284b0027cf573b639e596273ccd0c1826b16,08/21/2025 06:17:00 PM,2,PARKED,1,2034101,,BUICK,ENCORE,IL,2021,UNKNOWN,SPORT UTILITY VEHICLE (SUV),UNKNOWN/NA,W,PARKED,,,1,,,,,N,,Y,,,,,,,,,,,SIDE-RIGHT,,,,,,,,,,,,,,,,,,,,,,,,,,,,,,,,,
2134267,1888d0bc5f945f29de7bc15d8edb415c26ef2ed2f6587e358cea3b9657a3f5e5c9a29b49ae3e4b1b03e79761a8159e85bb33e63685ca0012eca79c7bec4151c6,08/21/2025 06:15:00 PM,1,DRIVER,,2034532,,HONDA,CR-V,IL,2021,UNKNOWN,SPORT UTILITY VEHICLE (SUV),UNKNOWN/NA,W,OTHER,,,1,,,,,,Y,,,,,,,,,,N,,SIDE-RIGHT-FRONT,,,,,,,,,,,,,,,,,,,,,,,,,,,,,,,,,
2134268,1888d0bc5f945f29de7bc15d8edb415c26ef2ed2f6587e358cea3b9657a3f5e5c9a29b49ae3e4b1b03e79761a8159e85bb33e63685ca0012eca79c7bec4151c6,08/21/2025 06:15:00 PM,2,PEDESTRIAN,,,,,,,,,,,,,,,,,,,,,,,,,,,,,,,,,,,,,,,,,,,,,,,,,,,,,,,,,,,,,,,,,,
2133870,44a3416c49475965e279c15f1f786b891f3ea317cdaeebb0158e17fa99e9642dd9ce91e0ad0f9feb3f4cf7a3d43a831de72cc5abf87b3a768b6f21983379b390,08/21/2025 06:15:00 PM,1,DRIVER,,2034154,,LINCOLN,MKZ,IL,2014,UNKNOWN,PASSENGER,PERSONAL,N,STRAIGHT AHEAD,,,1,,,,,Y,,,,,,,,,,Y,Y,,FRONT-RIGHT-CORNER,,,,,,,,,,,,,,,,,,,,,,,,,,,,,,,,,
2133871,44a3416c49475965e279c15f1f786b891f3ea317cdaeebb0158e17fa99e9642dd9ce91e0ad0f9feb3f4cf7a3d43a831de72cc5abf87b3a768b6f21983379b390,08/21/2025 06:15:00 PM,2,PEDESTRIAN,,,,,,,,,,,,,,,,,,,,,,,,,,,,,,,,,,,,,,,,,,,,,,,,,,,,,,,,,,,,,,,,,,
2134273,f45989dc1454c703bcf6a128da0a43681602637e59d7fd2fbbaf4ec0801aa310c30e6e2fc9a5eb9627577049e95599462c528934114afb451160299025b97080,08/21/2025 06:15:00 PM,1,DRIVER,,2034556,,TOYOTA,CAMRY,IL,2005,UNKNOWN,PASSENGER,UNKNOWN/NA,N,STRAIGHT AHEAD,,,1,,,,,,,,,,,,,,,Y,,,FRONT-LEFT-CORNER,,,,,,,,,,,,,,,,,,,,,,,,,,,,,,,,,
2134274,f45989dc1454c703bcf6a128da0a43681602637e59d7fd2fbbaf4ec0801aa310c30e6e2fc9a5eb9627577049e95599462c528934114afb451160299025b97080,08/21/2025 06:15:00 PM,2,DRIVER,3,2034546,,NISSAN,ALTIMA,IL,2015,UNKNOWN,PASSENGER,PERSONAL,N,STRAIGHT AHEAD,,,4,,,,,,,,,,Y,,,,,,,,REAR,,,,,,,,,,,,,,,,,,,,,,,,,,,,,,,,,
2133719,849e9a92613f577183da91f04bb314c9dee4eb5493cc594c160d498055fbde0fde4732091cbf36a5e4a070f847115ae6c5ddcbf9d43b97294d9b8a2d5ed13f28,08/21/2025 06:12:00 PM,1,DRIVER,,2034003,,UNKNOWN,OTHER (EXPLAIN IN NARRATIVE),IL,,UNKNOWN,OTHER,OTHER,N,TURNING RIGHT,,,1,,,,,,,,Y,Y,,,,,,,,,SIDE-RIGHT,,,,,,,,,,,,,,,,,,,,,,,,,,,,,,,,,
2133720,849e9a92613f577183da91f04bb314c9dee4eb5493cc594c160d498055fbde0fde4732091cbf36a5e4a070f847115ae6c5ddcbf9d43b97294d9b8a2d5ed13f28,08/21/2025 06:12:00 PM,2,PARKED,1,2034008,,KIA,SOUL,IL,2020,UNKNOWN,PASSENGER,NOT IN USE,N,PARKED,,,1,,,,,,,,,,,Y,,,,,,,SIDE-LEFT-REAR,,,,,,,,,,,,,,,,,,,,,,,,,,,,,,,,,
2133706,0bf850a54a486b5806f01d70f69f0f5d5109347514524c24bb2f8fcb184e96bf832627b3db2283aa5fb5757146313f3b6de98d263e1cbc6292a395110938f78e,08/21/2025 06:10:00 PM,1,DRIVER,,2033994,,ACURA,TLX,IL,2004,BRAKES,PASSENGER,PERSONAL,W,STRAIGHT AHEAD,,,1,,,,Y,,,,,,,,,,,,,,FRONT,,,,,,,,,,,,,,,,,,,,,,,,,,,,,,,,,
2133707,0bf850a54a486b5806f01d70f69f0f5d5109347514524c24bb2f8fcb184e96bf832627b3db2283aa5fb5757146313f3b6de98d263e1cbc6292a395110938f78e,08/21/2025 06:10:00 PM,2,DRIVER,1,2034005,,HONDA,CR-V,IL,2014,NONE,SPORT UTILITY VEHICLE (SUV),PERSONAL,W,STRAIGHT AHEAD,,,2,,,,,,,,,,Y,,,,,,,,REAR,,,,,,,,,,,,,,,,,,,,,,,,,,,,,,,,,
2133839,234e637c63c5074204a3f1718e7f7836d338b42c1cc4ea505d1164df4ee77523bdb0f08684cfa0dd9b50625b7867480946fdeab66f224171e8db99e52d9ce2e7,08/21/2025 06:10:00 PM,1,DRIVER,4,2034131,,CHRYSLER,TOWN & COUNTRY,IL,2014,UNKNOWN,VAN/MINI-VAN,PERSONAL,W,STRAIGHT AHEAD,,,5,,,,,,,,,,,,,,,,Y,,FRONT,,,,,,,,,,,,,,,,,,,,,,,,,,,,,,,,,
2133840,234e637c63c5074204a3f1718e7f7836d338b42c1cc4ea505d1164df4ee77523bdb0f08684cfa0dd9b50625b7867480946fdeab66f224171e8db99e52d9ce2e7,08/21/2025 06:10:00 PM,2,DRIVER,,2034139,,FORD,ECOSPORT,IL,2020,UNKNOWN,SPORT UTILITY VEHICLE (SUV),PERSONAL,S,STRAIGHT AHEAD,Y,,1,,EL JALON TOWING,"1312 S LOMBARD AVE, BERWYN",,,,,,,,Y,Y,Y,Y,Y,,,REAR-LEFT-CORNER,,,,,,,,,,,,,,,,,,,,,,,,,,,,,,,,,
2133803,3ae1c05972bc2742c46d263c8619c7fbbfccbabce33e82ed98b627109d0247a1b603125ce45217bbee72183ef5041369390b77cddc841a02c585d424e6bf62be,08/21/2025 06:10:00 PM,1,DRIVER,,2034097,,HONDA,PILOT,IL,,UNKNOWN,SPORT UTILITY VEHICLE (SUV),UNKNOWN/NA,E,STRAIGHT AHEAD,,,1,,,,,,,,,,,,,,,,,Y,UNKNOWN,,,,,,,,,,,,,,,,,,,,,,,,,,,,,,,,,
2133804,3ae1c05972bc2742c46d263c8619c7fbbfccbabce33e82ed98b627109d0247a1b603125ce45217bbee72183ef5041369390b77cddc841a02c585d424e6bf62be,08/21/2025 06:10:00 PM,2,BICYCLE,,,,,,,,,,,,,,,,,,,,,,,,,,,,,,,,,,,,,,,,,,,,,,,,,,,,,,,,,,,,,,,,,,
2133751,63655f9397f6b5656ec9201166ffed57a0762893c8d2e72c03e696d06f481e9f090edae0b19fecea35491311b1806f56b77f556559bf1e0aed3a2704828a363c,08/21/2025 06:10:00 PM,1,DRIVER,,2034042,,DODGE,OTHER (EXPLAIN IN NARRATIVE),IL,2012,NONE,PASSENGER,PERSONAL,W,STRAIGHT AHEAD,,,1,,,,,,,,,,,,,,,,Y,,FRONT,,,,,,,,,,,,,,,,,,,,,,,,,,,,,,,,,
2133752,63655f9397f6b5656ec9201166ffed57a0762893c8d2e72c03e696d06f481e9f090edae0b19fecea35491311b1806f56b77f556559bf1e0aed3a2704828a363c,08/21/2025 06:10:00 PM,2,DRIVER,,2034046,,FORD,EDGE,IL,2007,NONE,PASSENGER,PERSONAL,N,STRAIGHT AHEAD,,,1,,,,,,,,Y,Y,,,,,,,,,SIDE-RIGHT-REAR,,,,,,,,,,,,,,,,,,,,,,,,,,,,,,,,,