CRASH_UNIT_ID,CRASH_RECORD_ID,CRASH_DATE,UNIT_NO,UNIT_TYPE,NUM_PASSENGERS,VEHICLE_ID,CMRC_VEH_I,MAKE,MODEL,LIC_PLATE_STATE,VEHICLE_YEAR,VEHICLE_DEFECT,VEHICLE_TYPE,VEHICLE_USE,TRAVEL_DIRECTION,MANEUVER,TOWED_I,FIRE_I,OCCUPANT_CNT,EXCEED_SPEED_LIMIT_I,TOWED_BY,TOWED_TO,AREA_00_I,AREA_01_I,AREA_02_I,AREA_03_I,AREA_04_I,AREA_05_I,AREA_06_I,AREA_07_I,AREA_08_I,AREA_09_I,AREA_10_I,AREA_11_I,AREA_12_I,AREA_99_I,FIRST_CONTACT_POINT,CMV_ID,USDOT_NO,CCMC_NO,ILCC_NO,COMMERCIAL_SRC,GVWR,CARRIER_NAME,CARRIER_STATE,CARRIER_CITY,HAZMAT_PLACARDS_I,HAZMAT_NAME,UN_NO,HAZMAT_PRESENT_I,HAZMAT_REPORT_I,HAZMAT_REPORT_NO,MCS_REPORT_I,MCS_REPORT_NO,HAZMAT_VIO_CAUSE_CRASH_I,MCS_VIO_CAUSE_CRASH_I,IDOT_PERMIT_NO,WIDE_LOAD_I,TRAILER1_WIDTH,TRAILER2_WIDTH,TRAILER1_LENGTH,TRAILER2_LENGTH,TOTAL_VEHICLE_LENGTH,AXLE_CNT,VEHICLE_CONFIG,CARGO_BODY_TYPE,LOAD_TYPE,HAZMAT_OUT_OF_SERVICE_I,MCS_OUT_OF_SERVICE_I,HAZMAT_CLASS
2133757,9d98baa313184f79a00f84e719f55f331befc55b959e610edcd68448671fb6478ba2f7da1e9798c07d10b08919f9d79dd747812c78dc7bc6372c4447a7640fcc,08/21/2025 06:02:00 PM,1,DRIVER,,2034051,,UNKNOWN,MOTORIZED,,,UNKNOWN,UNKNOWN/NA,UNKNOWN/NA,UNKNOWN,UNKNOWN/NA,,,1,,,,,,,,,,,,,,,,,Y,UNKNOWN,,,,,,,,,,,,,,,,,,,,,,,,,,,,,,,,,
2133758,9d98baa313184f79a00f84e719f55f331befc55b959e610edcd68448671fb6478ba2f7da1e9798c07d10b08919f9d79dd747812c78dc7bc6372c4447a7640fcc,08/21/2025 06:02:00 PM,2,PARKED,,2034043,,INFINITI,OTHER (EXPLAIN IN NARRATIVE),IL,,UNKNOWN,PASSENGER,UNKNOWN/NA,UNKNOWN,PARKED,,,0,,,,,,,,,,,,,,Y,Y,,,FRONT-LEFT-CORNER,,,,,,,,,,,,,,,,,,,,,,,,,,,,,,,,,
2133732,71fc4c38953d3a67bfd5b1b847b8663b53babfab7af788957532d215039ad475a94c38e8f974f4c39c34569e87d5ac51e39b232dc3d35d5f135fe0730c6634b9,08/21/2025 06:00:00 PM,1,DRIVER,,2034027,,CHEVROLET,TRAX,IL,2020,NONE,PASSENGER,PERSONAL,W,CHANGING LANES,,,1,,,,,Y,Y,,,,,,,,,,Y,,SIDE-RIGHT-FRONT,,,,,,,,,,,,,,,,,,,,,,,,,,,,,,,,,
2133733,71fc4c38953d3a67bfd5b1b847b8663b53babfab7af788957532d215039ad475a94c38e8f974f4c39c34569e87d5ac51e39b232dc3d35d5f135fe0730c6634b9,08/21/2025 06:00:00 PM,2,DRIVER,,2034034,,TOYOTA,RAV4,IL,2015,UNKNOWN,PASSENGER,PERSONAL,W,STRAIGHT AHEAD,,,1,,,,,,,,,,,Y,Y,Y,,,,,SIDE-LEFT-REAR,,,,,,,,,,,,,,,,,,,,,,,,,,,,,,,,,
2133700,8271294ef061eaebe6b99ee8450e1dfe391e8a005c31f276a74d9fb0381bb1790b88b3eb78ac949cdb1a21079855d98715c8b699343aeaba1ba69937c4803bd2,08/21/2025 05:55:00 PM,1,DRIVER,,2033979,,UNKNOWN,MOTORIZED,,,UNKNOWN,TRUCK - SINGLE UNIT,UNKNOWN/NA,W,PASSING/OVERTAKING,,,1,,,,,,Y,,,,,,,,,,,,SIDE-RIGHT,,,,,,,,,,,,,,,,,,,,,,,,,,,,,,,,,
2133701,8271294ef061eaebe6b99ee8450e1dfe391e8a005c31f276a74d9fb0381bb1790b88b3eb78ac949cdb1a21079855d98715c8b699343aeaba1ba69937c4803bd2,08/21/2025 05:55:00 PM,2,DRIVER,,2033989,,NEW FLYER,DE60LFR,IL,2002,NONE,BUS OVER 15 PASS.,CTA,W,STRAIGHT AHEAD,,,1,,,,,,,,,,,,,,N,Y,,,SIDE-LEFT,,,,,,,,,,,,,,,,,,,,,,,,,,,,,,,,,
2133715,0fc6202cb7f9a83e6c361195fadf3f02e3f164f63aa8fc29d701024a524ae13f5d70f892081cfdfb29faecfe64223fcbd36c7250395148ff8d423f8e68555424,08/21/2025 05:45:00 PM,1,DRIVER,,2034009,,JEEP,CHEROKEE,IL,2021,UNKNOWN,PASSENGER,PERSONAL,N,TURNING LEFT,,,1,,,,,Y,,,,,,,,,,,,,SIDE-RIGHT-FRONT,,,,,,,,,,,,,,,,,,,,,,,,,,,,,,,,,
2133716,0fc6202cb7f9a83e6c361195fadf3f02e3f164f63aa8fc29d701024a524ae13f5d70f892081cfdfb29faecfe64223fcbd36c7250395148ff8d423f8e68555424,08/21/2025 05:45:00 PM,2,DRIVER,,2034018,,BUICK,ENCLAVE,IL,2010,UNKNOWN,PASSENGER,PERSONAL,E,STRAIGHT AHEAD,,,1,,,,,,,Y,Y,,,,,,,,,,SIDE-RIGHT-REAR,,,,,,,,,,,,,,,,,,,,,,,,,,,,,,,,,
2133677,4ad1f971b19f62b77e97afcdbb41b4d674aa2a18ccc353e556a3e65ec68dd60e69b43c262b14c2e49ab22c1f10fff1960d1e783e7168bd68c79db2f4fdbf8c45,08/21/2025 05:45:00 PM,1,DRIVER,1,2033976,,UNKNOWN,OTHER (EXPLAIN IN NARRATIVE),,,UNKNOWN,SPORT UTILITY VEHICLE (SUV),PERSONAL,W,STRAIGHT AHEAD,,,2,,,,,,,,,,,,,,,,,Y,FRONT,,,,,,,,,,,,,,,,,,,,,,,,,,,,,,,,,
2133678,4ad1f971b19f62b77e97afcdbb41b4d674aa2a18ccc353e556a3e65ec68dd60e69b43c262b14c2e49ab22c1f10fff1960d1e783e7168bd68c79db2f4fdbf8c45,08/21/2025 05:45:00 PM,2,DRIVER,,2033996,,TOYOTA,PRIUS,IL,2008,UNKNOWN,PASSENGER,PERSONAL,W,SLOW/STOP IN TRAFFIC,,,1,,,,,,,,,Y,Y,Y,,,,,,,REAR,,,,,,,,,,,,,,,,,,,,,,,,,,,,,,,,,
2133723,4ad1f971b19f62b77e97afcdbb41b4d674aa2a18ccc353e556a3e65ec68dd60e69b43c262b14c2e49ab22c1f10fff1960d1e783e7168bd68c79db2f4fdbf8c45,08/21/2025 05:45:00 PM,3,DRIVER,,2034000,,UNKNOWN,OTHER (EXPLAIN IN NARRATIVE),,,UNKNOWN,PASSENGER,PERSONAL,W,SLOW/STOP IN TRAFFIC,,,1,,,,,,,,,N,N,N,,,,,,Y,REAR,,,,,,,,,,,,,,,,,,,,,,,,,,,,,,,,,
2133730,095fcdde6aa22a0b52da000048edc80c4190360b2bb18c9c9ea7f60de425b83f17bd55e15ee0384e30edd15e73a5c2d7cd9249fca6ba7e56c37ac39610d74595,08/21/2025 05:40:00 PM,1,DRIVER,,2034014,,JEEP,RENEGADE,IL,2019,UNKNOWN,SPORT UTILITY VEHICLE (SUV),PERSONAL,E,TURNING RIGHT,,,1,,,,,,,,,,,,,,,,,Y,UNKNOWN,,,,,,,,,,,,,,,,,,,,,,,,,,,,,,,,,
2133731,095fcdde6aa22a0b52da000048edc80c4190360b2bb18c9c9ea7f60de425b83f17bd55e15ee0384e30edd15e73a5c2d7cd9249fca6ba7e56c37ac39610d74595,08/21/2025 05:40:00 PM,2,DRIVER,,2034035,,NISSAN,ALTIMA,,2013,UNKNOWN,PASSENGER,PERSONAL,E,TURNING RIGHT,,,1,,,,,,,,,,,,,,,Y,,,FRONT-LEFT-CORNER,,,,,,,,,,,,,,,,,,,,,,,,,,,,,,,,,
2133748,9793d8a765dad1fcf7211466bdf3727ae3ecaa59901fe89593bfee8959ffa3f1149e8e0fb74976372bfb2a90a4db065086738b20fdc7b50a0d159c7fdf290ddd,08/21/2025 05:40:00 PM,1,DRIVER,,2034044,,DODGE,RAM 1500 PU,MI,1997,UNKNOWN,PICKUP,PERSONAL,E,STRAIGHT AHEAD,,,1,,,,,,,,,,,,,,,,Y,,FRONT,,,,,,,,,,,,,,,,,,,,,,,,,,,,,,,,,
2133749,9793d8a765dad1fcf7211466bdf3727ae3ecaa59901fe89593bfee8959ffa3f1149e8e0fb74976372bfb2a90a4db065086738b20fdc7b50a0d159c7fdf290ddd,08/21/2025 05:40:00 PM,3,DRIVER,,2034055,,MINI,COOPER,IL,2018,UNKNOWN,PASSENGER,PERSONAL,E,STRAIGHT AHEAD,,,1,,,,,,,,,,Y,,,,,,,,REAR,,,,,,,,,,,,,,,,,,,,,,,,,,,,,,,,,
2133750,9793d8a765dad1fcf7211466bdf3727ae3ecaa59901fe89593bfee8959ffa3f1149e8e0fb74976372bfb2a90a4db065086738b20fdc7b50a0d159c7fdf290ddd,08/21/2025 05:40:00 PM,2,DRIVER,,2034063,,CHEVROLET,MALIBU,MA,2011,UNKNOWN,PASSENGER,PERSONAL,E,STRAIGHT AHEAD,Y,,1,,AAA,UNKNOWN,,,,,,,Y,,,,,,Y,,REAR,,,,,,,,,,,,,,,,,,,,,,,,,,,,,,,,,
2133713,282f11b21b410a7bf3dc53877e5a24c899cdbfee39e72530aab20725a6c913b8a0f92c7035b2177807459fc3bc7bb27d8f6f3c9da9388806f548e103384fd63f,08/21/2025 05:36:00 PM,1,DRIVER,,2034032,,UNKNOWN,OTHER (EXPLAIN IN NARRATIVE),,,UNKNOWN,UNKNOWN/NA,UNKNOWN/NA,UNKNOWN,UNKNOWN/NA,,,1,,,,,Y,,,,,,,,,,Y,Y,,FRONT,,,,,,,,,,,,,,,,,,,,,,,,,,,,,,,,,
2133714,282f11b21b410a7bf3dc53877e5a24c899cdbfee39e72530aab20725a6c913b8a0f92c7035b2177807459fc3bc7bb27d8f6f3c9da9388806f548e103384fd63f,08/21/2025 05:36:00 PM,2,DRIVER,2,2034017,,KIA,SOUL,FL,2022,NONE,PASSENGER,PERSONAL,N,STRAIGHT AHEAD,,,3,,,,,,,,,Y,Y,Y,,,,,,,REAR,,,,,,,,,,,,,,,,,,,,,,,,,,,,,,,,,
2134510,5f7c73b2626ed69d91b662d0cd80675d68c5ad561d70d2e8ba6095aa0233bb0a859c93d6feee99bf9040dbecf99cfd64c8019991da8545b4d4a542c4af788185,08/21/2025 05:34:00 PM,1,DRIVER,1,2034762,,ACURA,RLX,IL,2015,NONE,SPORT UTILITY VEHICLE (SUV),PERSONAL,W,STRAIGHT AHEAD,,,2,,,,,,,,,,,,,,,,Y,,FRONT,,,,,,,,,,,,,,,,,,,,,,,,,,,,,,,,,
2134511,5f7c73b2626ed69d91b662d0cd80675d68c5ad561d70d2e8ba6095aa0233bb0a859c93d6feee99bf9040dbecf99cfd64c8019991da8545b4d4a542c4af788185,08/21/2025 05:34:00 PM,2,DRIVER,,2034766,,VOLKSWAGEN,BEETLE,IL,1962,NONE,PASSENGER,PERSONAL,W,STRAIGHT AHEAD,,,1,,,,,,,,,,Y,,,,,,,,REAR,,,,,,,,,,,,,,,,,,,,,,,,,,,,,,,,,
2133763,bea2be581d3f108e1dc1fba2ae199b611cbdf6cddf66551788851b6a5dbfb6459889afd1b89b2e2daeb28a241d299d9b93c20431ccfd68ebe7687e4856109749,08/21/2025 05:34:00 PM,1,DRIVER,,2034050,,KIA,SOUL,IL,2016,NONE,PASSENGER,PERSONAL,NE,STRAIGHT AHEAD,Y,,1,,PRIVATE,,,,,,,,,,,,Y,Y,Y,,FRONT-LEFT-CORNER,,,,,,,,,,,,,,,,,,,,,,,,,,,,,,,,,
2133764,bea2be581d3f108e1dc1fba2ae199b611cbdf6cddf66551788851b6a5dbfb6459889afd1b89b2e2daeb28a241d299d9b93c20431ccfd68ebe7687e4856109749,08/21/2025 05:34:00 PM,2,DRIVER,,2034059,,DODGE,RAM 1500 PU,IL,2005,NONE,PICKUP,PERSONAL,NE,STRAIGHT AHEAD,,,1,,,,,,,,Y,Y,Y,,,,,,,,SIDE-RIGHT-REAR,,,,,,,,,,,,,,,,,,,,,,,,,,,,,,,,,
2133673,95cac414b054d09db1c18a76221b504a28f6e494e5ead84bf6e3401ce5556bfade76cde3656da45a9d34c728037eb56d43f4949dff6ed435ae3ee184b735f27c,08/21/2025 05:32:00 PM,1,DRIVER,,2033972,,TOYOTA,RAV4,IL,2002,UNKNOWN,PASSENGER,PERSONAL,E,SLOW/STOP IN TRAFFIC,Y,,1,,Personal Tow,,,Y,Y,,,,,,,,,,Y,,FRONT-RIGHT-CORNER,,,,,,,,,,,,,,,,,,,,,,,,,,,,,,,,,
2133674,95cac414b054d09db1c18a76221b504a28f6e494e5ead84bf6e3401ce5556bfade76cde3656da45a9d34c728037eb56d43f4949dff6ed435ae3ee184b735f27c,08/21/2025 05:32:00 PM,2,DRIVER,,2033992,,HONDA,CR-V,IL,2013,UNKNOWN,PASSENGER,PERSONAL,W,STRAIGHT AHEAD,,,1,,,,,Y,,,,,,,,,,Y,Y,,FRONT,,,,,,,,,,,,,,,,,,,,,,,,,,,,,,,,,
2133683,3029ec25e5b72e55fb1bdabded720d6b4c81f8aa19635f29a75b353064f6a1cfbd2062a1c4892cf177c478cb6bc17baf7db8def011a5d3050a5fea2978169678,08/21/2025 05:31:00 PM,1,DRIVER,,2033983,,FREIGHTLINER CORPORATION,FREIGHTLINER CORP.,WI,2014,UNKNOWN,TRACTOR W/ SEMI-TRAILER,COMMERCIAL - SINGLE UNIT,W,TURNING RIGHT,,,1,,,,,,,,,,,,,,,Y,,,FRONT-LEFT-CORNER,,,,,,,,,,,,,,,,,,,,,,,,,,,,,,,,,
2133684,3029ec25e5b72e55fb1bdabded720d6b4c81f8aa19635f29a75b353064f6a1cfbd2062a1c4892cf177c478cb6bc17baf7db8def011a5d3050a5fea2978169678,08/21/2025 05:31:00 PM,2,DRIVER,1,2033998,,TOYOTA,COROLLA,IL,2008,UNKNOWN,PASSENGER,PERSONAL,E,STRAIGHT AHEAD,,,2,,,,,,,,,,,,,,,N,Y,,FRONT,,,,,,,,,,,,,,,,,,,,,,,,,,,,,,,,,
2133746,02db8220c9236a91692ba1d2e1ebc815680ff1becd94a0651be0eef06d83411e1dedbfa936c39db2f9b85aa8a3b1b757a2bc3c9dd6f206711b404bbd173dacbc,08/21/2025 05:30:00 PM,1,DRIVER,,2034056,,KIA,FORTE,IL,2021,NONE,PASSENGER,PERSONAL,E,STRAIGHT AHEAD,Y,,1,,owner,unknown,,Y,Y,,,,,,,,,,,,REAR-RIGHT-CORNER,,,,,,,,,,,,,,,,,,,,,,,,,,,,,,,,,
2133747,02db8220c9236a91692ba1d2e1ebc815680ff1becd94a0651be0eef06d83411e1dedbfa936c39db2f9b85aa8a3b1b757a2bc3c9dd6f206711b404bbd173dacbc,08/21/2025 05:30:00 PM,2,DRIVER,3,2034080,,HYUNDAI,SANTA FE,IL,2017,NONE,SPORT UTILITY VEHICLE (SUV),PERSONAL,E,TURNING LEFT,Y,,4,,owner,unknown,,,,,,,,Y,,,,,,,REAR-LEFT-CORNER,,,,,,,,,,,,,,,,,,,,,,,,,,,,,,,,,
2133662,42e09ee8407aff223035161627e3c04cad13002f5cf82b90c7a2dc1c51f513e3dd127b7f1ae6d2d73cf1664120d2f1c0b5a001745f25ae7dc844cbe27deff56e,08/21/2025 05:30:00 PM,1,DRIVER,,2033968,,INFINITI,Q50,IL,2019,NONE,PASSENGER,PERSONAL,N,U-TURN,,,1,,,,,,Y,Y,Y,,,,,,,,,,SIDE-RIGHT,,,,,,,,,,,,,,,,,,,,,,,,,,,,,,,,,
2133663,42e09ee8407aff223035161627e3c04cad13002f5cf82b90c7a2dc1c51f513e3dd127b7f1ae6d2d73cf1664120d2f1c0b5a001745f25ae7dc844cbe27deff56e,08/21/2025 05:30:00 PM,2,DRIVER,,2033974,,HONDA,CR-V,IL,2016,NONE,PASSENGER,PERSONAL,S,STRAIGHT AHEAD,,,1,,,,,,,,,,,,,,,,Y,,FRONT,,,,,,,,,,,,,,,,,,,,,,,,,,,,,,,,,
2133675,4748544204c544bdeefdf7b3b536a6f567f02ee453fb0feca046b1c0e0dadcaea351e0f11ad8e11e783c8417f8303477ce5c55d584c4d0ee0fc716dc4dfd9547,08/21/2025 05:30:00 PM,1,DRIVER,,2033965,,FORD,ESCAPE,IL,2023,UNKNOWN,SPORT UTILITY VEHICLE (SUV),UNKNOWN/NA,W,STRAIGHT AHEAD,,,1,,,,,Y,,,,,,,,,,Y,Y,,FRONT,,,,,,,,,,,,,,,,,,,,,,,,,,,,,,,,,
2133676,4748544204c544bdeefdf7b3b536a6f567f02ee453fb0feca046b1c0e0dadcaea351e0f11ad8e11e783c8417f8303477ce5c55d584c4d0ee0fc716dc4dfd9547,08/21/2025 05:30:00 PM,2,DRIVER,,2033975,,HONDA,CR-V,IL,2012,UNKNOWN,SPORT UTILITY VEHICLE (SUV),UNKNOWN/NA,W,STRAIGHT AHEAD,,,1,,,,,,,,,Y,Y,Y,,,,,,,REAR,,,,,,,,,,,,,,,,,,,,,,,,,,,,,,,,,
2133679,5fee7de69df6fbbdc83621e2714cb221b263b76b5ca16b5a911cdcdd8b9f3faf3c5fa5c1cfaf208fc8f5573c4734cfcbd562b39ad6cbfb8dbb28dbf68f7c52d6,08/21/2025 05:30:00 PM,1,DRIVER,,2033993,,NOVA BUS,LFS,IL,2024,NONE,BUS OVER 15 PASS.,CTA,S,PASSING/OVERTAKING,,,1,,,,,,,,,,,Y,Y,,,,,,REAR-LEFT-CORNER,,,,,,,,,,,,,,,,,,,,,,,,,,,,,,,,,
2133680,5fee7de69df6fbbdc83621e2714cb221b263b76b5ca16b5a911cdcdd8b9f3faf3c5fa5c1cfaf208fc8f5573c4734cfcbd562b39ad6cbfb8dbb28dbf68f7c52d6,08/21/2025 05:30:00 PM,2,DRIVER,,2034023,,TOYOTA,COROLLA,IL,2016,NONE,PASSENGER,PERSONAL,S,STRAIGHT AHEAD,,,1,,,,,Y,Y,,,,,,,,,,,,FRONT-RIGHT-CORNER,,,,,,,,,,,,,,,,,,,,,,,,,,,,,,,,,
2133694,72250647a5de60c88fe24d263185e19ffc80430d50d2e33776cb1aa59613fc9b622c7780c22a6207805f950e9227c15a00a09b729ff24c94bf5ed182f34c5ffc,08/21/2025 05:30:00 PM,1,DRIVER,,2034026,,HUMMER,H3,IL,2007,NONE,PASSENGER,PERSONAL,E,STRAIGHT AHEAD,Y,,1,,PRIVATE,,,,,,,Y,,,,,,,,,REAR-RIGHT-CORNER,,,,,,,,,,,,,,,,,,,,,,,,,,,,,,,,,
2133695,72250647a5de60c88fe24d263185e19ffc80430d50d2e33776cb1aa59613fc9b622c7780c22a6207805f950e9227c15a00a09b729ff24c94bf5ed182f34c5ffc,08/21/2025 05:30:00 PM,2,DRIVER,1,2034038,,JEEP,GRAND CHEROKEE,IL,2022,NONE,PASSENGER,PERSONAL,E,STRAIGHT AHEAD,Y,,2,,PRIVATE,,,,,,,,,,,,Y,Y,,,FRONT-LEFT-CORNER,,,,,,,,,,,,,,,,,,,,,,,,,,,,,,,,,
2133797,9e1366507d59552678073e52e983c8df93111feab0f08b5c2a45bca2de07a8a6d5a76ddc19ab639ad51fcc62e230e14fe27b27c84ff89c2cf9f5882344dbb98e,08/21/2025 05:26:00 PM,1,DRIVER,1,2034091,,CHEVROLET,EQUINOX,IL,2021,UNKNOWN,PASSENGER,PERSONAL,S,OTHER,,,2,,,,,,,,Y,,,,,,,,,,SIDE-RIGHT-REAR,,,,,,,,,,,,,,,,,,,,,,,,,,,,,,,,,
2133798,9e1366507d59552678073e52e983c8df93111feab0f08b5c2a45bca2de07a8a6d5a76ddc19ab639ad51fcc62e230e14fe27b27c84ff89c2cf9f5882344dbb98e,08/21/2025 05:26:00 PM,2,BICYCLE,,,,,,,,,,,,,,,,,,,,,,,,,,,,,,,,,,,,,,,,,,,,,,,,,,,,,,,,,,,,,,,,,,
2137240,b3a29a2f91e51c8e6c380f6a2784321dca2f94d6e23ec73bed1c3d031ea5da9d84706a9c9c614515cc5b5fa4e94b3d8171808fadd4d33208799d5b55122f0863,08/21/2025 05:25:00 PM,1,DRIVER,,2037374,,CHEVROLET,CRUZE,IL,2013,NONE,PASSENGER,PERSONAL,S,ENTERING TRAFFIC LANE FROM PARKING,,,1,,,,,,,,,,,,,,Y,Y,,,FRONT-LEFT-CORNER,,,,,,,,,,,,,,,,,,,,,,,,,,,,,,,,,
2137241,b3a29a2f91e51c8e6c380f6a2784321dca2f94d6e23ec73bed1c3d031ea5da9d84706a9c9c614515cc5b5fa4e94b3d8171808fadd4d33208799d5b55122f0863,08/21/2025 05:25:00 PM,2,DRIVER,,2037375,,CHEVROLET,EXPRESS,IL,2007,NONE,VAN/MINI-VAN,PERSONAL,S,STRAIGHT AHEAD,,,1,,,,,Y,,,,,,,,,,,,,FRONT-RIGHT-CORNER,,,,,,,,,,,,,,,,,,,,,,,,,,,,,,,,,
2133777,01952f42da890bb18e63a03f0ac6cb666b8a1f8e4527e32d49ab5e0828d49bcc016c77155f8c1de5dd57901d309e3e79108663e37e25aefeec6db92d622960d8,08/21/2025 05:15:00 PM,1,DRIVER,,2034068,,UNKNOWN,OTHER (EXPLAIN IN NARRATIVE),,,UNKNOWN,PASSENGER,UNKNOWN/NA,E,CHANGING LANES,,,1,,,,,,,,,,,,,,,,,Y,UNKNOWN,,,,,,,,,,,,,,,,,,,,,,,,,,,,,,,,,
2133778,01952f42da890bb18e63a03f0ac6cb666b8a1f8e4527e32d49ab5e0828d49bcc016c77155f8c1de5dd57901d309e3e79108663e37e25aefeec6db92d622960d8,08/21/2025 05:15:00 PM,2,DRIVER,,2034074,,HONDA,FIT,IL,2011,NONE,PASSENGER,PERSONAL,E,STRAIGHT AHEAD,,,1,,,,,,,,,,,Y,,,,,,,REAR-LEFT-CORNER,,,,,,,,,,,,,,,,,,,,,,,,,,,,,,,,,
2133805,1469fd9a1aef4517403a6a6beada51d8e82942534f56ed3e0747304b9138b9031110bf3f32750d4a4f363dab653d8f7e086644f4dabc96f1b65d04ac157c2b0d,08/21/2025 05:15:00 PM,1,DRIVER,,2034106,,KIA,SPORTAGE,IL,2024,UNKNOWN,UNKNOWN/NA,PERSONAL,S,TURNING LEFT,,,1,,,,,,,,,,,,,,Y,,,,SIDE-LEFT-FRONT,,,,,,,,,,,,,,,,,,,,,,,,,,,,,,,,,
2133806,1469fd9a1aef4517403a6a6beada51d8e82942534f56ed3e0747304b9138b9031110bf3f32750d4a4f363dab653d8f7e086644f4dabc96f1b65d04ac157c2b0d,08/21/2025 05:15:00 PM,2,PEDESTRIAN,,,,,,,,,,,,,,,,,,,,,,,,,,,,,,,,,,,,,,,,,,,,,,,,,,,,,,,,,,,,,,,,,,
2133742,1c8147a676125f6989e81d26be06d6ff2fbffaf2034fc983984aeadc85dcc0ce4e9e85151fb1c016d0cce3c1bff963b3d868bbdab99e940b9f5032bd6e6fab87,08/21/2025 05:15:00 PM,1,DRIVER,,2034029,,FORD,FUSION,IL,2017,NONE,PASSENGER,PERSONAL,W,TURNING LEFT,,,1,,,,,,,,,,,,,,,Y,,,FRONT-LEFT-CORNER,,,,,,,,,,,,,,,,,,,,,,,,,,,,,,,,,
2133743,1c8147a676125f6989e81d26be06d6ff2fbffaf2034fc983984aeadc85dcc0ce4e9e85151fb1c016d0cce3c1bff963b3d868bbdab99e940b9f5032bd6e6fab87,08/21/2025 05:15:00 PM,2,BICYCLE,,,,,,,,,,,,,,,,,,,,,,,,,,,,,,,,,,,,,,,,,,,,,,,,,,,,,,,,,,,,,,,,,,
2133767,5144b3e1ea44abcd3e7de2052b131d7e0ea1ec0a0f4bfebdb67c4bf9234932e740c96f765c0ae06f3fb4fea76b9900e93dfc8b872a5e0c3c3742d07e8453d271,08/21/2025 05:15:00 PM,1,DRIVER,1,2034052,,CHEVROLET,CRUZE,IL,2018,UNKNOWN,PASSENGER,PERSONAL,W,MERGING,,,2,,,,,,Y,Y,Y,,,,,,,,,,REAR-RIGHT-CORNER,,,,,,,,,,,,,,,,,,,,,,,,,,,,,,,,,
2133768,5144b3e1ea44abcd3e7de2052b131d7e0ea1ec0a0f4bfebdb67c4bf9234932e740c96f765c0ae06f3fb4fea76b9900e93dfc8b872a5e0c3c3742d07e8453d271,08/21/2025 05:15:00 PM,2,DRIVER,,2034062,N,GRUMANN-OLSEN,GRUMANN-OLSEN,,,UNKNOWN,VAN/MINI-VAN,OTHER,W,STRAIGHT AHEAD,,,1,,,,,,,,,,,,,,Y,Y,,,FRONT-LEFT-CORNER,,,,,,,,,,,,,,,,,,,,,,,,,,,,,,,,,
2134208,865832f936c57e99a17d272ae849af684e3dc56b6c490a942d95147345079b8cf30b4762e15fb9855f43faab6d4eacba24b98e47aa761c010bc1b639185079de,08/21/2025 05:15:00 PM,1,DRIVER,,2034477,,TOYOTA,COROLLA,,,UNKNOWN,PASSENGER,PERSONAL,N,STRAIGHT AHEAD,,,1,,,,,Y,Y,,,,,,,,,,,,FRONT-RIGHT-CORNER,,,,,,,,,,,,,,,,,,,,,,,,,,,,,,,,,
2134209,865832f936c57e99a17d272ae849af684e3dc56b6c490a942d95147345079b8cf30b4762e15fb9855f43faab6d4eacba24b98e47aa761c010bc1b639185079de,08/21/2025 05:15:00 PM,2,DRIVER,,2034482,,FORD,F150,,2023,NONE,PASSENGER,PERSONAL,W,STRAIGHT AHEAD,,,1,,,,,,,,,,,,,,,,,,SIDE-RIGHT,,,,,,,,,,,,,,,,,,,,,,,,,,,,,,,,,
2133696,958e01a15f3df50274799c1240a9a3b1951350ffc87bef4b8ba35a79787401f0c5429066eb489ab755a3147591b208379effaaf6e541fe18735287d554ab1bdc,08/21/2025 05:15:00 PM,1,DRIVER,,2033986,,UNKNOWN,OTHER (EXPLAIN IN NARRATIVE),,,NONE,UNKNOWN/NA,UNKNOWN/NA,UNKNOWN,UNKNOWN/NA,,,1,,,,,,,,,,,,,,,,,Y,UNKNOWN,,,,,,,,,,,,,,,,,,,,,,,,,,,,,,,,,
2133697,958e01a15f3df50274799c1240a9a3b1951350ffc87bef4b8ba35a79787401f0c5429066eb489ab755a3147591b208379effaaf6e541fe18735287d554ab1bdc,08/21/2025 05:15:00 PM,2,PARKED,,2033997,,NISSAN,ALTIMA,IL,2025,UNKNOWN,PASSENGER,PERSONAL,N,PARKED,,,0,,,,,,,,,,,,Y,Y,Y,,,,SIDE-LEFT,,,,,,,,,,,,,,,,,,,,,,,,,,,,,,,,,
2134102,fa2a878cb3e069835d6ad2040ccb01955377f65fb242507313e01ef525cef7aef47e7f07741158c62d25dbaa4ef670f49419b47268e963e7988f885e913ed6fc,08/21/2025 05:15:00 PM,1,DRIVER,,2034374,,FORD,EXPLORER,IL,2017,UNKNOWN,SPORT UTILITY VEHICLE (SUV),PERSONAL,S,BACKING,,,1,,,,,,,,,,N,Y,,,,,,,REAR-LEFT-CORNER,,,,,,,,,,,,,,,,,,,,,,,,,,,,,,,,,
2134103,fa2a878cb3e069835d6ad2040ccb01955377f65fb242507313e01ef525cef7aef47e7f07741158c62d25dbaa4ef670f49419b47268e963e7988f885e913ed6fc,08/21/2025 05:15:00 PM,2,PARKED,,2034379,,HONDA,ACCORD,IL,2017,UNKNOWN,PASSENGER,PERSONAL,UNKNOWN,PARKED,,,0,,,,,,,,,,,Y,,,,,,,REAR-LEFT-CORNER,,,,,,,,,,,,,,,,,,,,,,,,,,,,,,,,,