CRASH_UNIT_ID,CRASH_RECORD_ID,CRASH_DATE,UNIT_NO,UNIT_TYPE,NUM_PASSENGERS,VEHICLE_ID,CMRC_VEH_I,MAKE,MODEL,LIC_PLATE_STATE,VEHICLE_YEAR,VEHICLE_DEFECT,VEHICLE_TYPE,VEHICLE_USE,TRAVEL_DIRECTION,MANEUVER,TOWED_I,FIRE_I,OCCUPANT_CNT,EXCEED_SPEED_LIMIT_I,TOWED_BY,TOWED_TO,AREA_00_I,AREA_01_I,AREA_02_I,AREA_03_I,AREA_04_I,AREA_05_I,AREA_06_I,AREA_07_I,AREA_08_I,AREA_09_I,AREA_10_I,AREA_11_I,AREA_12_I,AREA_99_I,FIRST_CONTACT_POINT,CMV_ID,USDOT_NO,CCMC_NO,ILCC_NO,COMMERCIAL_SRC,GVWR,CARRIER_NAME,CARRIER_STATE,CARRIER_CITY,HAZMAT_PLACARDS_I,HAZMAT_NAME,UN_NO,HAZMAT_PRESENT_I,HAZMAT_REPORT_I,HAZMAT_REPORT_NO,MCS_REPORT_I,MCS_REPORT_NO,HAZMAT_VIO_CAUSE_CRASH_I,MCS_VIO_CAUSE_CRASH_I,IDOT_PERMIT_NO,WIDE_LOAD_I,TRAILER1_WIDTH,TRAILER2_WIDTH,TRAILER1_LENGTH,TRAILER2_LENGTH,TOTAL_VEHICLE_LENGTH,AXLE_CNT,VEHICLE_CONFIG,CARGO_BODY_TYPE,LOAD_TYPE,HAZMAT_OUT_OF_SERVICE_I,MCS_OUT_OF_SERVICE_I,HAZMAT_CLASS
2133761,45a9bf4d91e050da67c4d31924214195247965a3dbeb8eba010e823d608b391fa0be1260e8ff8a2388d7bb0452b77f799ee32d756426818454aa045d909faec0,08/21/2025 05:14:00 PM,1,DRIVER,,2034054,,VOLVO,TRUCK,IL,2021,UNKNOWN,TRUCK - SINGLE UNIT,UNKNOWN/NA,E,TURNING LEFT,,,1,,,,,Y,,,,,,,,,,,Y,,FRONT-RIGHT-CORNER,,,,,,,,,,,,,,,,,,,,,,,,,,,,,,,,,
2133762,45a9bf4d91e050da67c4d31924214195247965a3dbeb8eba010e823d608b391fa0be1260e8ff8a2388d7bb0452b77f799ee32d756426818454aa045d909faec0,08/21/2025 05:14:00 PM,2,DRIVER,4,2034065,,CHEVROLET,SUBURBAN,IL,2020,UNKNOWN,PASSENGER,UNKNOWN/NA,W,STRAIGHT AHEAD,,,5,,,,,Y,,,,,,,,,,Y,Y,,FRONT,,,,,,,,,,,,,,,,,,,,,,,,,,,,,,,,,
2133654,edca4f6fd5502c1f76b45732267b4063cf2e010b1530f7b821fb9d3e8933828da79c4a6ccb3e73ba6ad5471d7d04b2fb3fef44f394756200a24a7fad7c5b28ff,08/21/2025 05:10:00 PM,1,DRIVER,,2033955,,MAZDA,OTHER (EXPLAIN IN NARRATIVE),IL,2024,UNKNOWN,PASSENGER,UNKNOWN/NA,N,UNKNOWN/NA,,,1,,,,,,,,,,,,,,,,,Y,UNKNOWN,,,,,,,,,,,,,,,,,,,,,,,,,,,,,,,,,
2133655,edca4f6fd5502c1f76b45732267b4063cf2e010b1530f7b821fb9d3e8933828da79c4a6ccb3e73ba6ad5471d7d04b2fb3fef44f394756200a24a7fad7c5b28ff,08/21/2025 05:10:00 PM,2,PARKED,,2033957,,MITSUBISHI,ECLIPSE,IL,2018,UNKNOWN,PASSENGER,UNKNOWN/NA,N,PARKED,,,0,,,,,,,,,,,,,,Y,,,,SIDE-LEFT,,,,,,,,,,,,,,,,,,,,,,,,,,,,,,,,,
2133773,1f1dc826d737b13c4c55ea468c6207b28b187f9d05baadc0149c96003bc52b97fbd5291702ad87afa4d77116b4e68af2f52dac4744f2f3b17aaf5aeaa2e22d1f,08/21/2025 05:09:00 PM,1,DRIVER,,2034066,,UNKNOWN,OTHER (EXPLAIN IN NARRATIVE),IL,,UNKNOWN,UNKNOWN/NA,UNKNOWN/NA,N,TURNING LEFT,,,1,,,,,,,,,,,,,,,,,,UNKNOWN,,,,,,,,,,,,,,,,,,,,,,,,,,,,,,,,,
2133774,1f1dc826d737b13c4c55ea468c6207b28b187f9d05baadc0149c96003bc52b97fbd5291702ad87afa4d77116b4e68af2f52dac4744f2f3b17aaf5aeaa2e22d1f,08/21/2025 05:09:00 PM,2,PEDESTRIAN,,,,,,,,,,,,,,,,,,,,,,,,,,,,,,,,,,,,,,,,,,,,,,,,,,,,,,,,,,,,,,,,,,
2133642,5e67b50a46cae92e09eed98ad7be2d90c05f885ce7811c404f9beb267845adb3ccb3f2f7ccbe632c854ebc85b89e80a4c68f48dd7963625010eb62c3c0e6d445,08/21/2025 05:07:00 PM,1,PARKED,,2033935,,HONDA,CIVIC,IL,2020,UNKNOWN,PASSENGER,PERSONAL,S,PARKED,,,0,,,,,,,,,,,,,Y,Y,,,,SIDE-LEFT,,,,,,,,,,,,,,,,,,,,,,,,,,,,,,,,,
2133643,5e67b50a46cae92e09eed98ad7be2d90c05f885ce7811c404f9beb267845adb3ccb3f2f7ccbe632c854ebc85b89e80a4c68f48dd7963625010eb62c3c0e6d445,08/21/2025 05:07:00 PM,2,DRIVER,,2033942,,LAND ROVER,RANGE ROVER (EVOQUE / SPORT / VELAR),IL,2021,UNKNOWN,PASSENGER,PERSONAL,S,STRAIGHT AHEAD,,,1,,,,,Y,Y,Y,Y,,,,,,,,,,SIDE-RIGHT,,,,,,,,,,,,,,,,,,,,,,,,,,,,,,,,,
2134485,89a2431b12dca1e28cc90a9bbd6e03bc1f650e05b40bd92dd7faa60313cf3e797c1443512dbec0ea586a02778fe9cd30efdfa4e70cd0c752881b326b220cb4b1,08/21/2025 05:05:00 PM,1,DRIVER,,2034740,,CADILLAC,ESCALADE,IL,2015,UNKNOWN,SPORT UTILITY VEHICLE (SUV),UNKNOWN/NA,S,PASSING/OVERTAKING,,,1,,,,,,,,,,,,,,,Y,,,FRONT-LEFT-CORNER,,,,,,,,,,,,,,,,,,,,,,,,,,,,,,,,,
2134486,89a2431b12dca1e28cc90a9bbd6e03bc1f650e05b40bd92dd7faa60313cf3e797c1443512dbec0ea586a02778fe9cd30efdfa4e70cd0c752881b326b220cb4b1,08/21/2025 05:05:00 PM,2,DRIVER,,2034756,,CHEVROLET,TRAVERSE,IL,2017,NONE,SPORT UTILITY VEHICLE (SUV),NOT IN USE,S,STRAIGHT AHEAD,,,1,,,,,,,,,Y,,,,,,,,,REAR-RIGHT-CORNER,,,,,,,,,,,,,,,,,,,,,,,,,,,,,,,,,
2133724,1a0e9e60445a78ede9ba3016ef3edd8f99722431a5f62ed43f210cbcbea76c590f4e486c7b745bf866355c0313bc10afec5637cf05cfea4c8b56139fe86e811e,08/21/2025 05:03:00 PM,1,DRIVER,,2034011,,JEEP,PATRIOT,IL,2017,UNKNOWN,SPORT UTILITY VEHICLE (SUV),PERSONAL,SE,TURNING RIGHT,Y,,1,,UNK,UNK,,,,,,,,,,,,,Y,,FRONT,,,,,,,,,,,,,,,,,,,,,,,,,,,,,,,,,
2133725,1a0e9e60445a78ede9ba3016ef3edd8f99722431a5f62ed43f210cbcbea76c590f4e486c7b745bf866355c0313bc10afec5637cf05cfea4c8b56139fe86e811e,08/21/2025 05:03:00 PM,2,DRIVER,,2034022,,VOLKSWAGEN,TIGUAN,IL,2024,UNKNOWN,SPORT UTILITY VEHICLE (SUV),PERSONAL,SE,TURNING RIGHT,,,1,,,,,,,,,,Y,,,,,,,,REAR,,,,,,,,,,,,,,,,,,,,,,,,,,,,,,,,,
2134145,0556fe2c3edc5eb2875a3e305ae2ad35fe92b9303dfac83c7f97128f668c07ac2402a0b9c229f749788f4eedc89b255e9c7cc643d7d961efb2f06fff6bc16f36,08/21/2025 05:00:00 PM,1,DRIVER,,2034421,,UNKNOWN,OTHER (EXPLAIN IN NARRATIVE),XX,,UNKNOWN,UNKNOWN/NA,UNKNOWN/NA,UNKNOWN,UNKNOWN/NA,,,1,,,,,,,,,,,,,,,,,Y,UNKNOWN,,,,,,,,,,,,,,,,,,,,,,,,,,,,,,,,,
2134146,0556fe2c3edc5eb2875a3e305ae2ad35fe92b9303dfac83c7f97128f668c07ac2402a0b9c229f749788f4eedc89b255e9c7cc643d7d961efb2f06fff6bc16f36,08/21/2025 05:00:00 PM,2,PARKED,,2034424,,HONDA,OTHER (EXPLAIN IN NARRATIVE),IL,2023,NONE,PASSENGER,PERSONAL,N,PARKED,,,0,,,,,,,,,,Y,,,,,,,Y,REAR,,,,,,,,,,,,,,,,,,,,,,,,,,,,,,,,,
2133989,320129ea601a4ce8aca5375819eba1f26355a39e33ea4a14102cc2ed6e9f874ac67309c4bb58da367f6f5116b9956b3f1a09de74e94b5365490fa89271bb1727,08/21/2025 05:00:00 PM,1,DRIVER,,2034281,,TOYOTA,TUNDRA,IL,2024,UNKNOWN,PICKUP,UNKNOWN/NA,E,TURNING RIGHT,,,1,,,,,,,,,Y,,,,,,,,,REAR-RIGHT-CORNER,,,,,,,,,,,,,,,,,,,,,,,,,,,,,,,,,
2133990,320129ea601a4ce8aca5375819eba1f26355a39e33ea4a14102cc2ed6e9f874ac67309c4bb58da367f6f5116b9956b3f1a09de74e94b5365490fa89271bb1727,08/21/2025 05:00:00 PM,2,PARKED,,2034278,,TOYOTA,CAMRY,IL,2025,NONE,PASSENGER,NOT IN USE,E,PARKED,,,0,,,,,,,,,,,,,,,Y,,,FRONT-LEFT-CORNER,,,,,,,,,,,,,,,,,,,,,,,,,,,,,,,,,
2133692,4a4019620a83405829dda51e5b2b85f9f601295f11850e81cba2dec74089fc4b3f090ab15b051f359d6f795dbc35df1cba365c8676643aed1f7895fa232ca7a5,08/21/2025 05:00:00 PM,1,DRIVER,,2033977,,FORD,OTHER (EXPLAIN IN NARRATIVE),IL,2013,UNKNOWN,PASSENGER,PERSONAL,S,STRAIGHT AHEAD,,,1,,,,,,,,,,,Y,Y,Y,Y,Y,,,SIDE-LEFT,,,,,,,,,,,,,,,,,,,,,,,,,,,,,,,,,
2133693,4a4019620a83405829dda51e5b2b85f9f601295f11850e81cba2dec74089fc4b3f090ab15b051f359d6f795dbc35df1cba365c8676643aed1f7895fa232ca7a5,08/21/2025 05:00:00 PM,2,DRIVER,,2034007,,FORD,OTHER (EXPLAIN IN NARRATIVE),IL,2021,NONE,PASSENGER,PERSONAL,S,STRAIGHT AHEAD,,,1,,,,,Y,Y,Y,Y,Y,,,,,,,,,REAR-RIGHT-CORNER,,,,,,,,,,,,,,,,,,,,,,,,,,,,,,,,,
2133734,e8d9090d028f65c91e8bc2207170caca5ee0069823f960db244c36dcfead9ed62e0db1bb43e5e4a4a76e6aed31a00ec04cf640032e36cd74f3715a056645b006,08/21/2025 05:00:00 PM,1,DRIVER,,2034028,,RIVIAN,R2,IL,2024,NONE,TRUCK - SINGLE UNIT,OTHER,S,TURNING RIGHT,,,1,,,,,,Y,Y,Y,Y,,,,,,,,,SIDE-RIGHT-REAR,,,,,,,,,,,,,,,,,,,,,,,,,,,,,,,,,
2133735,e8d9090d028f65c91e8bc2207170caca5ee0069823f960db244c36dcfead9ed62e0db1bb43e5e4a4a76e6aed31a00ec04cf640032e36cd74f3715a056645b006,08/21/2025 05:00:00 PM,2,DRIVER,,2034039,,NEW FLYER,OTHER (EXPLAIN IN NARRATIVE),IL,,NONE,BUS OVER 15 PASS.,CTA,W,STRAIGHT AHEAD,,,1,,,,,,,,,,,Y,Y,Y,Y,,,,SIDE-LEFT-REAR,,,,,,,,,,,,,,,,,,,,,,,,,,,,,,,,,
2133656,081d18d1089a8cdc5d3bab8a1720c2fa97d1a0771f6933491e6eb0101008528df957b041d7f594aa155f88cf6feb709c408673e25223a9e2c4d25fbefcaa51f3,08/21/2025 04:52:00 PM,1,DRIVER,,2033954,,FORD,EDGE,,2011,UNKNOWN,PASSENGER,UNKNOWN/NA,S,UNKNOWN/NA,,,1,,,,,Y,,,,,,,,,,Y,Y,,FRONT,,,,,,,,,,,,,,,,,,,,,,,,,,,,,,,,,
2133657,081d18d1089a8cdc5d3bab8a1720c2fa97d1a0771f6933491e6eb0101008528df957b041d7f594aa155f88cf6feb709c408673e25223a9e2c4d25fbefcaa51f3,08/21/2025 04:52:00 PM,2,DRIVER,,2033963,,TOYOTA,RAV4,IL,2022,NONE,PASSENGER,PERSONAL,S,STRAIGHT AHEAD,,,1,,,,,,,,,Y,Y,Y,,,,,,,REAR,,,,,,,,,,,,,,,,,,,,,,,,,,,,,,,,,
2133670,effac99adc827be5beef9fe75952c3d20daa784074c48c89e3acfaf18d9915c258ffa1f1489b247bb2282b513673233a72cdf7626173ce8d6fdec253045d6439,08/21/2025 04:52:00 PM,1,DRIVER,,2033958,,UNKNOWN,OTHER (EXPLAIN IN NARRATIVE),IL,,UNKNOWN,TRUCK - SINGLE UNIT,UNKNOWN/NA,W,STRAIGHT AHEAD,,,1,,,,,N,,,,,,,,,,N,N,Y,FRONT,,,,,,,,,,,,,,,,,,,,,,,,,,,,,,,,,
2133671,effac99adc827be5beef9fe75952c3d20daa784074c48c89e3acfaf18d9915c258ffa1f1489b247bb2282b513673233a72cdf7626173ce8d6fdec253045d6439,08/21/2025 04:52:00 PM,2,DRIVER,4,2033962,,JEEP,PATRIOT,IL,2014,NONE,PASSENGER,RIDESHARE SERVICE,W,STRAIGHT AHEAD,,,5,,,,,,,,,,Y,,,,,,,,REAR,,,,,,,,,,,,,,,,,,,,,,,,,,,,,,,,,
2133634,d9d6c40928483d00f160d79cdf201eda0909c4b1c26e3d22b53193bfa2936f8196607e6b593df4fe3ae9457557b9e10c009eb2930aa8f526a3706e479d1fdfa3,08/21/2025 04:50:00 PM,1,DRIVER,,2033916,,JEEP,WRANGLER,IL,2017,NONE,SPORT UTILITY VEHICLE (SUV),PERSONAL,W,BACKING,,,1,,,,,,,,,,Y,,,,,,,,REAR,,,,,,,,,,,,,,,,,,,,,,,,,,,,,,,,,
2133635,d9d6c40928483d00f160d79cdf201eda0909c4b1c26e3d22b53193bfa2936f8196607e6b593df4fe3ae9457557b9e10c009eb2930aa8f526a3706e479d1fdfa3,08/21/2025 04:50:00 PM,2,PARKED,1,2033923,,MAZDA,MIATA,IL,2022,NONE,PASSENGER,PERSONAL,W,PARKED,,,1,,,,,,,,,,,,,,,,Y,,FRONT,,,,,,,,,,,,,,,,,,,,,,,,,,,,,,,,,
2134200,f32876acf6a47135ef0997a73a175b405565160626ed8134f00aead4204bbc1a0b4615e6e3dd0e7f2eeb2d42656218f30f1c5c81b922d1ca4cb32030bb2b6e6a,08/21/2025 04:50:00 PM,2,DRIVER,,2034464,,SCION,TC,IL,2007,NONE,PASSENGER,PERSONAL,W,STRAIGHT AHEAD,,,1,,,,,,,,,,,,,Y,Y,Y,,,SIDE-LEFT,,,,,,,,,,,,,,,,,,,,,,,,,,,,,,,,,
2134201,f32876acf6a47135ef0997a73a175b405565160626ed8134f00aead4204bbc1a0b4615e6e3dd0e7f2eeb2d42656218f30f1c5c81b922d1ca4cb32030bb2b6e6a,08/21/2025 04:50:00 PM,1,DRIVER,,2034465,,CHEVROLET,HHR,IL,2010,NONE,PASSENGER,PERSONAL,E,OTHER,,,1,,,,,,,,,,,,,Y,Y,Y,,,SIDE-LEFT,,,,,,,,,,,,,,,,,,,,,,,,,,,,,,,,,
2134018,58d9eb4bb5ff105bbaa5b4da03af183ad16f3dd7e50b21c33e8a31cc890152bd194f6cc6e4d1d322f2f3d6c707f542ebc8cab191df19eabb3d5cc8d20fc69aa0,08/21/2025 04:45:00 PM,1,DRIVER,,2034288,,VOLVO,OTHER (EXPLAIN IN NARRATIVE),IL,2010,NONE,PASSENGER,UNKNOWN/NA,N,PASSING/OVERTAKING,,,1,,,,,,,,,,,,,,,,,Y,UNKNOWN,,,,,,,,,,,,,,,,,,,,,,,,,,,,,,,,,
2134019,58d9eb4bb5ff105bbaa5b4da03af183ad16f3dd7e50b21c33e8a31cc890152bd194f6cc6e4d1d322f2f3d6c707f542ebc8cab191df19eabb3d5cc8d20fc69aa0,08/21/2025 04:45:00 PM,2,DRIVER,,2034289,,TOYOTA,OTHER (EXPLAIN IN NARRATIVE),IL,2022,NONE,PASSENGER,PERSONAL,N,STRAIGHT AHEAD,,,1,,,,,,,,,,,,,,Y,Y,,,FRONT-LEFT-CORNER,,,,,,,,,,,,,,,,,,,,,,,,,,,,,,,,,
2133711,b5c5a714b2714b32d15db41606ea8f938aaa502778c096950d9cdceac7185df24108611c025d3d2f490589414b9d867f42bf7606b0daddcd54afe16bc3ad6b57,08/21/2025 04:45:00 PM,1,DRIVER,,2034002,,FORD,EXPEDITION,IL,2024,NONE,SPORT UTILITY VEHICLE (SUV),OTHER,N,STRAIGHT AHEAD,,,1,,,,,,,,,,,,,,,,,Y,FRONT,,,,,,,,,,,,,,,,,,,,,,,,,,,,,,,,,
2133712,b5c5a714b2714b32d15db41606ea8f938aaa502778c096950d9cdceac7185df24108611c025d3d2f490589414b9d867f42bf7606b0daddcd54afe16bc3ad6b57,08/21/2025 04:45:00 PM,2,DRIVER,,2034020,,CHEVROLET,CRUZE,IL,2015,NONE,PASSENGER,PERSONAL,N,STRAIGHT AHEAD,,,1,,,,,,,,,,Y,,,,,,,,REAR,,,,,,,,,,,,,,,,,,,,,,,,,,,,,,,,,
2133664,47545ef9290a02c3480468fe3f96ed03fb47ebe91685315845bf4e421bcc82f86456dd5ec10da703752c3c9282ffd9df763b31e59485030832a47212a9b3dae6,08/21/2025 04:40:00 PM,1,DRIVER,2,2033970,,TOYOTA,PRIUS,IL,2012,UNKNOWN,UNKNOWN/NA,UNKNOWN/NA,W,MERGING,,,3,,,,,,,,,,,,,,,,,,UNKNOWN,,,,,,,,,,,,,,,,,,,,,,,,,,,,,,,,,
2133665,47545ef9290a02c3480468fe3f96ed03fb47ebe91685315845bf4e421bcc82f86456dd5ec10da703752c3c9282ffd9df763b31e59485030832a47212a9b3dae6,08/21/2025 04:40:00 PM,2,DRIVER,,2033985,,HONDA,CR-V,,2016,UNKNOWN,UNKNOWN/NA,UNKNOWN/NA,W,STRAIGHT AHEAD,,,1,,,,,,,,,,,,,,,,,,UNKNOWN,,,,,,,,,,,,,,,,,,,,,,,,,,,,,,,,,
2133886,585385b4b77a8d1bf3cac54bf86b9e059180b0e46aa7bb2c2ce8c3ee46cede1766dcb95af49cfd292f58227a5b594e6c4bbd39ced9c444bb98ebdf1c436a1c26,08/21/2025 04:40:00 PM,1,DRIVER,,2034177,,CHEVROLET,TRAX,IL,2017,UNKNOWN,PASSENGER,PERSONAL,W,OTHER,,,1,,,,,,,,,,,,,,,,Y,,FRONT,,,,,,,,,,,,,,,,,,,,,,,,,,,,,,,,,
2133887,585385b4b77a8d1bf3cac54bf86b9e059180b0e46aa7bb2c2ce8c3ee46cede1766dcb95af49cfd292f58227a5b594e6c4bbd39ced9c444bb98ebdf1c436a1c26,08/21/2025 04:40:00 PM,2,PARKED,,2034178,,NISSAN,ALTIMA,IL,2015,UNKNOWN,PASSENGER,PERSONAL,W,PARKED,,,0,,,,,,,,,,Y,,,,,,,,REAR,,,,,,,,,,,,,,,,,,,,,,,,,,,,,,,,,
2134036,d5542b60c30ff80c5f315d81388126d4513c793e7aeb8f222a575539f0553496a214498c15f9b562f02040994d44a2f17d54144316e01aed7f1fdb652883922a,08/21/2025 04:40:00 PM,1,DRIVER,,2034320,,CADILLAC,ESCALADE,IL,2002,UNKNOWN,SPORT UTILITY VEHICLE (SUV),PERSONAL,W,STRAIGHT AHEAD,,,1,,,,,,,,,,,,,,,,N,Y,FRONT,,,,,,,,,,,,,,,,,,,,,,,,,,,,,,,,,
2134037,d5542b60c30ff80c5f315d81388126d4513c793e7aeb8f222a575539f0553496a214498c15f9b562f02040994d44a2f17d54144316e01aed7f1fdb652883922a,08/21/2025 04:40:00 PM,2,DRIVER,,2034317,,DODGE,CHARGER,IL,2017,NONE,PASSENGER,PERSONAL,W,SLOW/STOP IN TRAFFIC,,,1,,,,,,,,,,Y,,,,,,,,REAR,,,,,,,,,,,,,,,,,,,,,,,,,,,,,,,,,
2133659,9f34fa9a413594c4c733ff5b9e9d79f3f45b57768a59bfc4bce59ab4cc89861535cd15c7bca62b0d1a1f56c31ea5644b3ac674dd2367323ba7d431b4135e996d,08/21/2025 04:36:00 PM,2,DRIVER,,2033964,,NISSAN,ROGUE,IL,2013,UNKNOWN,SPORT UTILITY VEHICLE (SUV),PERSONAL,N,LEAVING TRAFFIC LANE TO PARK,,,1,,,,,,,,,,,,,,,,Y,,FRONT,,,,,,,,,,,,,,,,,,,,,,,,,,,,,,,,,
2133672,9f34fa9a413594c4c733ff5b9e9d79f3f45b57768a59bfc4bce59ab4cc89861535cd15c7bca62b0d1a1f56c31ea5644b3ac674dd2367323ba7d431b4135e996d,08/21/2025 04:36:00 PM,1,DRIVER,,2033959,,JEEP,WRANGLER,IL,1998,UNKNOWN,SPORT UTILITY VEHICLE (SUV),PERSONAL,S,BACKING,,,1,,,,,,,,,,Y,Y,,,,,,,SIDE-LEFT-REAR,,,,,,,,,,,,,,,,,,,,,,,,,,,,,,,,,
2133628,cf08dbf351951e323e5c6692f31a521db28fd5efc3a9945e83309d5ed1228de4a666617a4b803c03797e9c322211f0c3ea22816de44686c78c8ae6d5c8535ba7,08/21/2025 04:35:00 PM,1,DRIVER,,2033920,,VOLKSWAGEN,BEETLE,IL,2006,UNKNOWN,PASSENGER,PERSONAL,W,CHANGING LANES,,,1,,,,,Y,,,,,,,,,,,,,FRONT-RIGHT-CORNER,,,,,,,,,,,,,,,,,,,,,,,,,,,,,,,,,
2133629,cf08dbf351951e323e5c6692f31a521db28fd5efc3a9945e83309d5ed1228de4a666617a4b803c03797e9c322211f0c3ea22816de44686c78c8ae6d5c8535ba7,08/21/2025 04:35:00 PM,2,DRIVER,2,2033934,,TOYOTA,SIENNA,IL,2021,UNKNOWN,VAN/MINI-VAN,OTHER,W,STRAIGHT AHEAD,,,3,,,,,,,,,,,,Y,,,,,,SIDE-LEFT,,,,,,,,,,,,,,,,,,,,,,,,,,,,,,,,,
2133688,2a0ee783bf5ef7a24651a284fd486d3acf5733360064a9d42648542299f0d490593295fd058094ed4ce4ca3d598bb8999419345f65ffe24a870a942b33196dbc,08/21/2025 04:33:00 PM,1,DRIVER,,2033978,,NISSAN,ROGUE,IL,,UNKNOWN,UNKNOWN/NA,UNKNOWN/NA,UNKNOWN,BACKING,,,1,,,,,,,,,,,Y,,,,,,,SIDE-LEFT-REAR,,,,,,,,,,,,,,,,,,,,,,,,,,,,,,,,,
2133689,2a0ee783bf5ef7a24651a284fd486d3acf5733360064a9d42648542299f0d490593295fd058094ed4ce4ca3d598bb8999419345f65ffe24a870a942b33196dbc,08/21/2025 04:33:00 PM,2,DRIVER,,2033990,,MERCURY,MARINER,IL,2008,NONE,PASSENGER,PERSONAL,UNKNOWN,STRAIGHT AHEAD,,,1,,,,,,,,,,,,,,Y,Y,,,FRONT-LEFT-CORNER,,,,,,,,,,,,,,,,,,,,,,,,,,,,,,,,,
2133728,0ea43f9d033dae915ea12e097dffb637ab93553647b90cff740d568f96b43f746bdb11f015568a509d6722e99cb2ecc5471b57aeb182ec1026ee67308d72712b,08/21/2025 04:30:00 PM,1,DRIVER,,2034013,,JEEP,GRAND CHEROKEE,IL,2015,NONE,PASSENGER,PERSONAL,W,STRAIGHT AHEAD,,,1,,,,,,,,,,,,,,Y,Y,Y,,FRONT-LEFT-CORNER,,,,,,,,,,,,,,,,,,,,,,,,,,,,,,,,,
2133729,0ea43f9d033dae915ea12e097dffb637ab93553647b90cff740d568f96b43f746bdb11f015568a509d6722e99cb2ecc5471b57aeb182ec1026ee67308d72712b,08/21/2025 04:30:00 PM,2,DRIVER,,2034015,,TOYOTA,HIGHLANDER,IL,2018,NONE,PASSENGER,PERSONAL,W,STRAIGHT AHEAD,,,1,,,,,,,,Y,Y,Y,,,,,,,,REAR-RIGHT-CORNER,,,,,,,,,,,,,,,,,,,,,,,,,,,,,,,,,
2133660,ebfdfcb83ba98552dcd32de2fbefeab9403cd9594ceb62ef30cbe8d1f884095c118137a0a1919398e0b9b2d1e46b8928c1f51b993b0d574ef111f62d6667bf6a,08/21/2025 04:30:00 PM,1,PARKED,,2033967,,DODGE,RAM 1500 PU,IL,2013,NONE,PICKUP,PERSONAL,W,PARKED,,,0,,,,Y,,,,,,,,,,,,,,NONE,,,,,,,,,,,,,,,,,,,,,,,,,,,,,,,,,
2133661,ebfdfcb83ba98552dcd32de2fbefeab9403cd9594ceb62ef30cbe8d1f884095c118137a0a1919398e0b9b2d1e46b8928c1f51b993b0d574ef111f62d6667bf6a,08/21/2025 04:30:00 PM,2,BICYCLE,,,,,,,,,,,,,,,,,,,,,,,,,,,,,,,,,,,,,,,,,,,,,,,,,,,,,,,,,,,,,,,,,,
2133702,9467c25abd587c340aa4ca8bb0e0301580429eb94b2f2b951d736e2415868ef085fddad8b13e51ba862178535434d109ec30ddd24872541682f373ef055cc986,08/21/2025 04:20:00 PM,1,DRIVER,,2033988,,UNKNOWN,OTHER (EXPLAIN IN NARRATIVE),,,UNKNOWN,PASSENGER,UNKNOWN/NA,S,TURNING RIGHT,,,1,,,,,,,,,,,,,,,,,Y,UNKNOWN,,,,,,,,,,,,,,,,,,,,,,,,,,,,,,,,,
2133703,9467c25abd587c340aa4ca8bb0e0301580429eb94b2f2b951d736e2415868ef085fddad8b13e51ba862178535434d109ec30ddd24872541682f373ef055cc986,08/21/2025 04:20:00 PM,2,DRIVER,,2034001,,HONDA,ODYSSEY,IL,2014,UNKNOWN,PASSENGER,PERSONAL,S,STRAIGHT AHEAD,,,1,,,,,,,,,,,,,,Y,Y,,,SIDE-LEFT-FRONT,,,,,,,,,,,,,,,,,,,,,,,,,,,,,,,,,
2133799,d2430c6f25b58d1fcabf228c72f0100110421a4fd2a238b17629019d5568f1208f235c2e033ccae51d293206bdadb03e30dae2d0dc5f2d4de20666146a2e1692,08/21/2025 04:20:00 PM,1,DRIVER,,2034092,,LINCOLN,MKZ,IL,2015,UNKNOWN,PASSENGER,PERSONAL,E,CHANGING LANES,,,1,,,,,,,,,,,,,,,,,Y,FRONT,,,,,,,,,,,,,,,,,,,,,,,,,,,,,,,,,
2133800,d2430c6f25b58d1fcabf228c72f0100110421a4fd2a238b17629019d5568f1208f235c2e033ccae51d293206bdadb03e30dae2d0dc5f2d4de20666146a2e1692,08/21/2025 04:20:00 PM,2,DRIVER,,2034094,,FORD,ESCAPE,IL,2020,UNKNOWN,PASSENGER,PERSONAL,E,SLOW/STOP IN TRAFFIC,,,1,,,,,,,,,Y,Y,Y,,,,,,,REAR,,,,,,,,,,,,,,,,,,,,,,,,,,,,,,,,,
2133563,2419a5043af89f145e2bff7da0adc2364ef8349d3ba6b34d11e84e8a26ca5fe8ceaaf660936c294c6febb221a0d1cf1155204d01f79c50151a68133fe65652b2,08/21/2025 04:15:00 PM,1,DRIVER,,2033859,,FORD,EXPLORER,IL,2014,UNKNOWN,PASSENGER,PERSONAL,W,STRAIGHT AHEAD,,,1,,,,,,,,,,,,,,,,Y,,FRONT,,,,,,,,,,,,,,,,,,,,,,,,,,,,,,,,,
2133564,2419a5043af89f145e2bff7da0adc2364ef8349d3ba6b34d11e84e8a26ca5fe8ceaaf660936c294c6febb221a0d1cf1155204d01f79c50151a68133fe65652b2,08/21/2025 04:15:00 PM,2,DRIVER,,2033862,,FORD,FUSION,IL,2017,UNKNOWN,PASSENGER,PERSONAL,NW,TURNING RIGHT,,,1,,,,,,,,,Y,Y,Y,,,,,,,REAR,,,,,,,,,,,,,,,,,,,,,,,,,,,,,,,,,