CRASH_UNIT_ID,CRASH_RECORD_ID,CRASH_DATE,UNIT_NO,UNIT_TYPE,NUM_PASSENGERS,VEHICLE_ID,CMRC_VEH_I,MAKE,MODEL,LIC_PLATE_STATE,VEHICLE_YEAR,VEHICLE_DEFECT,VEHICLE_TYPE,VEHICLE_USE,TRAVEL_DIRECTION,MANEUVER,TOWED_I,FIRE_I,OCCUPANT_CNT,EXCEED_SPEED_LIMIT_I,TOWED_BY,TOWED_TO,AREA_00_I,AREA_01_I,AREA_02_I,AREA_03_I,AREA_04_I,AREA_05_I,AREA_06_I,AREA_07_I,AREA_08_I,AREA_09_I,AREA_10_I,AREA_11_I,AREA_12_I,AREA_99_I,FIRST_CONTACT_POINT,CMV_ID,USDOT_NO,CCMC_NO,ILCC_NO,COMMERCIAL_SRC,GVWR,CARRIER_NAME,CARRIER_STATE,CARRIER_CITY,HAZMAT_PLACARDS_I,HAZMAT_NAME,UN_NO,HAZMAT_PRESENT_I,HAZMAT_REPORT_I,HAZMAT_REPORT_NO,MCS_REPORT_I,MCS_REPORT_NO,HAZMAT_VIO_CAUSE_CRASH_I,MCS_VIO_CAUSE_CRASH_I,IDOT_PERMIT_NO,WIDE_LOAD_I,TRAILER1_WIDTH,TRAILER2_WIDTH,TRAILER1_LENGTH,TRAILER2_LENGTH,TOTAL_VEHICLE_LENGTH,AXLE_CNT,VEHICLE_CONFIG,CARGO_BODY_TYPE,LOAD_TYPE,HAZMAT_OUT_OF_SERVICE_I,MCS_OUT_OF_SERVICE_I,HAZMAT_CLASS
2133597,8ebb968685754ec59675ae9961dfec6103b92576db4706caa4f93481852b1c14428440ea2c192631ecad5ca25e31188c3916d06b1aa0e6467fc4179a48c1b2cf,08/21/2025 04:15:00 PM,1,DRIVER,1,2033956,,HYUNDAI,TUCSON,IL,2024,UNKNOWN,SPORT UTILITY VEHICLE (SUV),PERSONAL,S,U-TURN,,,2,,,,,Y,,,,,,,,,,,,,FRONT-RIGHT-CORNER,,,,,,,,,,,,,,,,,,,,,,,,,,,,,,,,,
2133598,8ebb968685754ec59675ae9961dfec6103b92576db4706caa4f93481852b1c14428440ea2c192631ecad5ca25e31188c3916d06b1aa0e6467fc4179a48c1b2cf,08/21/2025 04:15:00 PM,2,PARKED,,2033890,,FORD,ESCAPE,IL,2012,NONE,SPORT UTILITY VEHICLE (SUV),NOT IN USE,N,PARKED,,,0,,,,,,,,,,,,,,N,Y,,,FRONT-LEFT-CORNER,,,,,,,,,,,,,,,,,,,,,,,,,,,,,,,,,
2133685,253b96b2d9282696d11e681cffdb04bb5be2b6693ecb53b76bbc1e561c5c7dc894b107f66112781eb25b76e5076cdeb26f9db05ef77135050c9db6b904b7827f,08/21/2025 04:13:00 PM,1,DRIVER,,2034085,,CHEVROLET,OTHER (EXPLAIN IN NARRATIVE),IL,1999,UNKNOWN,PICKUP,PERSONAL,E,STRAIGHT AHEAD,Y,,1,,PERSONAL TOW,UNKNOWN,,Y,Y,,,,,,,,,N,,,SIDE-RIGHT-FRONT,,,,,,,,,,,,,,,,,,,,,,,,,,,,,,,,,
2133686,253b96b2d9282696d11e681cffdb04bb5be2b6693ecb53b76bbc1e561c5c7dc894b107f66112781eb25b76e5076cdeb26f9db05ef77135050c9db6b904b7827f,08/21/2025 04:13:00 PM,2,DRIVER,,2034024,,HYUNDAI,OTHER (EXPLAIN IN NARRATIVE),IL,2022,NONE,PASSENGER,PERSONAL,E,STRAIGHT AHEAD,,,1,,,,,,,,Y,Y,,,,,,,,,SIDE-RIGHT-REAR,,,,,,,,,,,,,,,,,,,,,,,,,,,,,,,,,
2133687,253b96b2d9282696d11e681cffdb04bb5be2b6693ecb53b76bbc1e561c5c7dc894b107f66112781eb25b76e5076cdeb26f9db05ef77135050c9db6b904b7827f,08/21/2025 04:13:00 PM,3,PARKED,,2034037,,VOLKSWAGEN,OTHER (EXPLAIN IN NARRATIVE),IL,2025,UNKNOWN,PASSENGER,PERSONAL,E,PARKED,,,0,,,,,Y,Y,,,,,,,Y,Y,Y,,,FRONT-LEFT-CORNER,,,,,,,,,,,,,,,,,,,,,,,,,,,,,,,,,
2137118,016f14f278bec5ec1f71873f80ab8229dfc46a0078314de6cf3e1bd8a5390a097eb6d368b017713aad59e83c6811ed7ad5f8404be582eef92a4c223d41cc7a19,08/21/2025 04:10:00 PM,1,DRIVER,,2037259,,JEEP,CHEROKEE,IL,2015,NONE,PASSENGER,PERSONAL,W,PASSING/OVERTAKING,,,1,,,,,,,,,,,,,Y,Y,,,,SIDE-LEFT,,,,,,,,,,,,,,,,,,,,,,,,,,,,,,,,,
2137119,016f14f278bec5ec1f71873f80ab8229dfc46a0078314de6cf3e1bd8a5390a097eb6d368b017713aad59e83c6811ed7ad5f8404be582eef92a4c223d41cc7a19,08/21/2025 04:10:00 PM,2,DRIVER,,2037260,,KIA,SPORTAGE,IL,2023,NONE,PASSENGER,PERSONAL,W,STRAIGHT AHEAD,,,1,,,,,,Y,Y,,,,,,,,,,,SIDE-RIGHT,,,,,,,,,,,,,,,,,,,,,,,,,,,,,,,,,
2133708,7b12c8022dcd4eb6f73b472ccd0f9ce911f0e1ddfd1389005fb7310ab1eff2209bf7132e576801de72df3a254bdc57f16a92ddd2d67244e5d31043f45c7d5efe,08/21/2025 04:10:00 PM,1,BICYCLE,,,,,,,,,,,,,,,,,,,,,,,,,,,,,,,,,,,,,,,,,,,,,,,,,,,,,,,,,,,,,,,,,,
2133709,7b12c8022dcd4eb6f73b472ccd0f9ce911f0e1ddfd1389005fb7310ab1eff2209bf7132e576801de72df3a254bdc57f16a92ddd2d67244e5d31043f45c7d5efe,08/21/2025 04:10:00 PM,2,BICYCLE,,,,,,,,,,,,,,,,,,,,,,,,,,,,,,,,,,,,,,,,,,,,,,,,,,,,,,,,,,,,,,,,,,
2133710,7b12c8022dcd4eb6f73b472ccd0f9ce911f0e1ddfd1389005fb7310ab1eff2209bf7132e576801de72df3a254bdc57f16a92ddd2d67244e5d31043f45c7d5efe,08/21/2025 04:10:00 PM,3,DRIVER,,2034019,,SUBARU,OUTBACK,IL,2011,NONE,PASSENGER,PERSONAL,W,STRAIGHT AHEAD,,,1,,,,,Y,Y,Y,,,,,,,,,Y,,FRONT-RIGHT-CORNER,,,,,,,,,,,,,,,,,,,,,,,,,,,,,,,,,
2133581,f16e03d9e6f565113e8babade1cb2f33c6d7d3a377dc889e13a4e5524536d0cab23d4f6f0f726033427e7e754769d2cce7001c4460d4375e73c10897e9509f92,08/21/2025 04:10:00 PM,1,DRIVER,3,2033870,,JEEP,CHEROKEE,IL,2020,NONE,PASSENGER,PERSONAL,S,STRAIGHT AHEAD,,,4,,,,,Y,,,,,,,,,,Y,Y,,FRONT,,,,,,,,,,,,,,,,,,,,,,,,,,,,,,,,,
2133582,f16e03d9e6f565113e8babade1cb2f33c6d7d3a377dc889e13a4e5524536d0cab23d4f6f0f726033427e7e754769d2cce7001c4460d4375e73c10897e9509f92,08/21/2025 04:10:00 PM,2,DRIVER,,2033879,,HYUNDAI,OTHER (EXPLAIN IN NARRATIVE),IL,2025,NONE,PASSENGER,PERSONAL,S,STRAIGHT AHEAD,,,1,,,,,,,,,Y,Y,Y,,,,,,,REAR,,,,,,,,,,,,,,,,,,,,,,,,,,,,,,,,,
2133638,e785f3c8ac342926e2feac4cb51e29842166e80009019b7188efb3f045f69075d08462d300ccbc39a06a69257a960d12553fd3a2d957f9222ea597e06cf3d75f,08/21/2025 04:03:00 PM,1,DRIVER,,2033936,,CHRYSLER,300,IL,2011,UNKNOWN,PASSENGER,UNKNOWN/NA,S,STRAIGHT AHEAD,,,1,,,,,,,,,,,,,,,,,,UNKNOWN,,,,,,,,,,,,,,,,,,,,,,,,,,,,,,,,,
2133639,e785f3c8ac342926e2feac4cb51e29842166e80009019b7188efb3f045f69075d08462d300ccbc39a06a69257a960d12553fd3a2d957f9222ea597e06cf3d75f,08/21/2025 04:03:00 PM,2,DRIVER,,2033944,,FORD,EDGE,IL,2011,UNKNOWN,PASSENGER,PERSONAL,S,SLOW/STOP IN TRAFFIC,,,1,,,,,Y,Y,Y,Y,Y,,,,,,,,,SIDE-RIGHT-FRONT,,,,,,,,,,,,,,,,,,,,,,,,,,,,,,,,,
2133595,0902d61076fdf705800eec546213dee950fb4d40cccb28791b907e16e4299c9266f688c328e43f333545d5433856d517e32a01929b32e4652d1c6079972aa1ad,08/21/2025 04:00:00 PM,1,DRIVER,,2033881,Y,ISUZU,TRUCK,IL,2012,NONE,UNKNOWN/NA,COMMERCIAL - MULTI-UNIT,S,STRAIGHT AHEAD,,,1,,,,,,,,,,,,,,,,Y,,FRONT,"22,050",,,,,,IVAN'S EXTERIORS,,,,,,,,,,,,,,,,,,,,,"SINGLE UNIT TRUCK, 2 AXLES, 6 TIRES",,,,,
2133596,0902d61076fdf705800eec546213dee950fb4d40cccb28791b907e16e4299c9266f688c328e43f333545d5433856d517e32a01929b32e4652d1c6079972aa1ad,08/21/2025 04:00:00 PM,2,DRIVER,,2033889,,HONDA,PILOT,IL,2005,NONE,PASSENGER,PERSONAL,S,STRAIGHT AHEAD,,,1,,,,,,,,,,Y,,,,,,,,REAR,,,,,,,,,,,,,,,,,,,,,,,,,,,,,,,,,
2133593,18a9f4b5538f4b38487f4477d8b0d160b10fec8092dbd5e9e75782a53b591e1ae6b26df452d1d5e3d24c2ff4b3b7ffa9b159a608f6da7ff3d1e967e40b5434c5,08/21/2025 04:00:00 PM,1,DRIVER,1,2033893,,FORD,OTHER (EXPLAIN IN NARRATIVE),IL,2018,UNKNOWN,OTHER,AMBULANCE,W,STRAIGHT AHEAD,,,2,,,,,,Y,,,,,,,,,,,,SIDE-RIGHT-FRONT,,,,,,,,,,,,,,,,,,,,,,,,,,,,,,,,,
2133594,18a9f4b5538f4b38487f4477d8b0d160b10fec8092dbd5e9e75782a53b591e1ae6b26df452d1d5e3d24c2ff4b3b7ffa9b159a608f6da7ff3d1e967e40b5434c5,08/21/2025 04:00:00 PM,2,PARKED,,2033905,,FREIGHTLINER CORPORATION,FREIGHTLINER CORP.,IL,2012,UNKNOWN,OTHER,OTHER,W,PARKED,,,0,,,,,,,,,,,,,,Y,,,,SIDE-LEFT-FRONT,,,,,,,,,,,,,,,,,,,,,,,,,,,,,,,,,
2133787,3218bf9debce5e23c8b14b0d98f57e1f684ef3dd2ab54fc40d436bb3b341bcea36cad16414eccbbbee0977f5893fd21bc4766ba6ce1b04f30dd52fdbc9dc8e2b,08/21/2025 04:00:00 PM,1,DRIVER,1,2034084,,CHEVROLET,TRAX,IL,2017,NONE,PASSENGER,PERSONAL,N,STRAIGHT AHEAD,,,2,,,,,,,,,,,,,,,,N,Y,FRONT,,,,,,,,,,,,,,,,,,,,,,,,,,,,,,,,,
2133788,3218bf9debce5e23c8b14b0d98f57e1f684ef3dd2ab54fc40d436bb3b341bcea36cad16414eccbbbee0977f5893fd21bc4766ba6ce1b04f30dd52fdbc9dc8e2b,08/21/2025 04:00:00 PM,2,DRIVER,,2034088,,JEEP,PATRIOT,IL,2014,NONE,SPORT UTILITY VEHICLE (SUV),PERSONAL,N,SLOW/STOP IN TRAFFIC,,,1,,,,,,,,,,,Y,,,,,,,REAR-LEFT-CORNER,,,,,,,,,,,,,,,,,,,,,,,,,,,,,,,,,
2133771,9ecfff2b18941bbdbb8ad00ad4717040c422e96effce31e559712af6eb6aa7f45380e975d8619fdb5cff1af5730349ad3745f632e00f13b3574b88dd946ed8f0,08/21/2025 04:00:00 PM,1,DRIVER,3,2034061,,NISSAN,SENTRA,IL,2017,UNKNOWN,PASSENGER,PERSONAL,S,TURNING LEFT,Y,,4,,PRIVATE TOW,UNK,,Y,,,,,,,,,,Y,Y,,FRONT,,,,,,,,,,,,,,,,,,,,,,,,,,,,,,,,,
2133772,9ecfff2b18941bbdbb8ad00ad4717040c422e96effce31e559712af6eb6aa7f45380e975d8619fdb5cff1af5730349ad3745f632e00f13b3574b88dd946ed8f0,08/21/2025 04:00:00 PM,2,DRIVER,,2034071,,FORD,ESCAPE,IL,2001,UNKNOWN,SPORT UTILITY VEHICLE (SUV),PERSONAL,E,PASSING/OVERTAKING,Y,,1,,PRIVATE TOW,UNK,,,,,,,,Y,Y,Y,Y,Y,,,SIDE-LEFT,,,,,,,,,,,,,,,,,,,,,,,,,,,,,,,,,
2133573,afa05bd44f91fc15fefdd1db155baaaa357fa09686140d33a2676fcac3f680a5986be9dc46fb90b4eca4b4205ddd73b3186156830e4728dc07a3362ad6e83314,08/21/2025 04:00:00 PM,1,DRIVER,,2033878,,CHEVROLET,TAHOE,IL,2016,UNKNOWN,PASSENGER,PERSONAL,W,SLOW/STOP IN TRAFFIC,,,1,,,,,Y,,,,,,,,,,Y,Y,,FRONT,,,,,,,,,,,,,,,,,,,,,,,,,,,,,,,,,
2133574,afa05bd44f91fc15fefdd1db155baaaa357fa09686140d33a2676fcac3f680a5986be9dc46fb90b4eca4b4205ddd73b3186156830e4728dc07a3362ad6e83314,08/21/2025 04:00:00 PM,2,DRIVER,,2033895,,NISSAN,SENTRA,IL,2022,UNKNOWN,PASSENGER,PERSONAL,W,SLOW/STOP IN TRAFFIC,,,1,,,,,,,,,Y,Y,Y,,,,,,,REAR,,,,,,,,,,,,,,,,,,,,,,,,,,,,,,,,,
2133544,b8c671fe60978e88c671dd594a111cf4466c7f95d7290ba51bc6c50af893789ec33b1eb8bc96da6a048df966e1f8b422cd320e74d754d9a120042a15cb645505,08/21/2025 04:00:00 PM,1,DRIVER,,2033839,,NISSAN,ALTIMA,IL,2016,NONE,PASSENGER,PERSONAL,N,STRAIGHT AHEAD,,,1,,,,,,,,,,,,,,,,,,FRONT,,,,,,,,,,,,,,,,,,,,,,,,,,,,,,,,,
2133545,b8c671fe60978e88c671dd594a111cf4466c7f95d7290ba51bc6c50af893789ec33b1eb8bc96da6a048df966e1f8b422cd320e74d754d9a120042a15cb645505,08/21/2025 04:00:00 PM,2,DRIVER,,2033844,,HONDA,CR-V,IL,2019,NONE,SPORT UTILITY VEHICLE (SUV),PERSONAL,N,SLOW/STOP IN TRAFFIC,,,1,,,,,,,,,,,,,,,,,,FRONT,,,,,,,,,,,,,,,,,,,,,,,,,,,,,,,,,
2133546,b8c671fe60978e88c671dd594a111cf4466c7f95d7290ba51bc6c50af893789ec33b1eb8bc96da6a048df966e1f8b422cd320e74d754d9a120042a15cb645505,08/21/2025 04:00:00 PM,3,DRIVER,,2033855,,FORD,EXPLORER,IL,2000,NONE,SPORT UTILITY VEHICLE (SUV),PERSONAL,N,STRAIGHT AHEAD,,,1,,,,,,,,,,,,,,,,,,FRONT,,,,,,,,,,,,,,,,,,,,,,,,,,,,,,,,,
2133579,c9b3a3beabcabdc23160ff8e027e1b2757c6b5ff0980b3626b7108e5bbfb9ec6fe8fb346530bdd224136915cc55f9f379cf958168f998f91c94f01e65b2a260f,08/21/2025 04:00:00 PM,1,DRIVER,1,2033875,,TESLA,MODEL 3,IL,2022,NONE,PASSENGER,PERSONAL,S,MERGING,,,2,,,,,,,,,,,,,,,Y,,,FRONT-LEFT-CORNER,,,,,,,,,,,,,,,,,,,,,,,,,,,,,,,,,
2133580,c9b3a3beabcabdc23160ff8e027e1b2757c6b5ff0980b3626b7108e5bbfb9ec6fe8fb346530bdd224136915cc55f9f379cf958168f998f91c94f01e65b2a260f,08/21/2025 04:00:00 PM,2,DRIVER,,2033883,,MAZDA,CX-9,IL,2008,NONE,PASSENGER,PERSONAL,S,STRAIGHT AHEAD,,,1,,,,,Y,Y,,,,,,,,,,,,FRONT-RIGHT-CORNER,,,,,,,,,,,,,,,,,,,,,,,,,,,,,,,,,
2133583,e5a1be5288265b829b894f6ada2644cafdaf6aedd03fd92e2ebdf58d57f0ab62e10a3af33037934c4182cbdb140ee953e0b211e7359330723ad5d815c57d966c,08/21/2025 04:00:00 PM,1,DRIVER,,2033929,,NISSAN,ALTIMA,IL,2016,NONE,PASSENGER,PERSONAL,S,STRAIGHT AHEAD,N,,1,,,,,,,,,,,,,,Y,Y,,,FRONT-LEFT-CORNER,,,,,,,,,,,,,,,,,,,,,,,,,,,,,,,,,
2133584,e5a1be5288265b829b894f6ada2644cafdaf6aedd03fd92e2ebdf58d57f0ab62e10a3af33037934c4182cbdb140ee953e0b211e7359330723ad5d815c57d966c,08/21/2025 04:00:00 PM,2,DRIVER,1,2033947,,HONDA,CR-V,IL,2015,NONE,PASSENGER,OTHER,N,TURNING LEFT,N,,2,,,,,,,,,,,,,,Y,Y,,,FRONT-LEFT-CORNER,,,,,,,,,,,,,,,,,,,,,,,,,,,,,,,,,
2133569,3df07d87e7f859315ca6500a32fd97b25cbe1b3a4ee350b7ba47c1284ff301cd25a99be3c9a8cf143fe507d128e51bb0fcb35d34caec5d04b30ef19d5f27753b,08/21/2025 03:59:00 PM,1,DRIVER,,2033873,,FREIGHTLINER CORPORATION,OTHER (EXPLAIN IN NARRATIVE),IL,2012,UNKNOWN,TRUCK - SINGLE UNIT,OTHER,S,BACKING,,,1,,,,,,,,,,N,,,,,,,,REAR,,,,,,,,,,,,,,,,,,,,,,,,,,,,,,,,,
2133570,3df07d87e7f859315ca6500a32fd97b25cbe1b3a4ee350b7ba47c1284ff301cd25a99be3c9a8cf143fe507d128e51bb0fcb35d34caec5d04b30ef19d5f27753b,08/21/2025 03:59:00 PM,2,PARKED,,2033887,,HYUNDAI,PALISADE,IL,2025,NONE,PASSENGER,PERSONAL,S,PARKED,,,0,,,,,Y,,,,,,,,,,Y,Y,,FRONT,,,,,,,,,,,,,,,,,,,,,,,,,,,,,,,,,
2133616,525fe15a2dd58c130552dec351ee0d6f1d811eae98fed542cd6431e38989871ceede2c774db73a2957faacb517fa8e0217f4db1c70a993198d4ff5c12265978d,08/21/2025 03:58:00 PM,1,DRIVER,,2033903,,FORD,OTHER (EXPLAIN IN NARRATIVE),IL,2000,NONE,PASSENGER,PERSONAL,W,STRAIGHT AHEAD,,,1,,,,,Y,,,,,,,,,,,,,FRONT-RIGHT-CORNER,,,,,,,,,,,,,,,,,,,,,,,,,,,,,,,,,
2133617,525fe15a2dd58c130552dec351ee0d6f1d811eae98fed542cd6431e38989871ceede2c774db73a2957faacb517fa8e0217f4db1c70a993198d4ff5c12265978d,08/21/2025 03:58:00 PM,2,PARKED,,2033907,,KIA,SOUL,IL,2011,NONE,PASSENGER,PERSONAL,W,PARKED,,,0,,,,,,,,,,,Y,,,,,,,REAR-LEFT-CORNER,,,,,,,,,,,,,,,,,,,,,,,,,,,,,,,,,
2133612,7a35e129bae439001d49df30aa3e289ae4b6a1a6fc9d234987b2b165bcf4cbc26c2cd3b742683d6dad597ebb957ba8d6d02c27cdf99f8ed47b02ba36cd6cbd38,08/21/2025 03:57:00 PM,1,DRIVER,,2033961,,BMW,X3,IL,2024,UNKNOWN,PASSENGER,UNKNOWN/NA,W,LEAVING TRAFFIC LANE TO PARK,,,1,,,,,,,,,,,,,,,,,Y,UNKNOWN,,,,,,,,,,,,,,,,,,,,,,,,,,,,,,,,,
2133613,7a35e129bae439001d49df30aa3e289ae4b6a1a6fc9d234987b2b165bcf4cbc26c2cd3b742683d6dad597ebb957ba8d6d02c27cdf99f8ed47b02ba36cd6cbd38,08/21/2025 03:57:00 PM,2,PARKED,,2033900,,GENERAL MOTORS CORPORATION (GMC),OTHER (EXPLAIN IN NARRATIVE),IL,2006,UNKNOWN,PICKUP,PERSONAL,W,PARKED,,,0,,,,,,,,,,,,,,,,,,OTHER,,,,,,,,,,,,,,,,,,,,,,,,,,,,,,,,,
2133587,507109cf85203147cb32391ac592a54103971bc1df1587156ff060ada81fdd65808d36e8a6edfd72a15f79391819efcb3b17d7170669b09243518c5b3b78851f,08/21/2025 03:53:00 PM,1,PARKED,,2033874,,CHEVROLET,SILVERADO,IL,2011,UNKNOWN,PICKUP,PERSONAL,E,PARKED,,,0,,,,,,,,,,,,,Y,Y,,,,SIDE-LEFT-FRONT,,,,,,,,,,,,,,,,,,,,,,,,,,,,,,,,,
2133588,507109cf85203147cb32391ac592a54103971bc1df1587156ff060ada81fdd65808d36e8a6edfd72a15f79391819efcb3b17d7170669b09243518c5b3b78851f,08/21/2025 03:53:00 PM,2,BICYCLE,,,,,,,,,,,,,,,,,,,,,,,,,,,,,,,,,,,,,,,,,,,,,,,,,,,,,,,,,,,,,,,,,,
2133726,7d16e3ac2c98d0bead0978efaf059f9a4d0941aba0eb51b61494516d4d09742ebb7a33eff0310a58173f8fae701d99ca814ec00c52adf0d767634cb5bbeed479,08/21/2025 03:50:00 PM,1,DRIVER,,2034016,N,UNKNOWN,OTHER (EXPLAIN IN NARRATIVE),NB,,UNKNOWN,TRACTOR W/ SEMI-TRAILER,CAMPER/RV - TOWED/MULTI-UNIT,E,TURNING LEFT,,,1,,,,Y,,,,,,,,,,,,,,SIDE-LEFT-REAR,,,,,,,,,,,,,,,,,,,,,,,,,,,,,,,,,
2133727,7d16e3ac2c98d0bead0978efaf059f9a4d0941aba0eb51b61494516d4d09742ebb7a33eff0310a58173f8fae701d99ca814ec00c52adf0d767634cb5bbeed479,08/21/2025 03:50:00 PM,2,DRIVER,,2034033,,SUZUKI,VITARA,IL,2004,NONE,PASSENGER,PERSONAL,W,STRAIGHT AHEAD,,,1,,,,,,,,,,,Y,,,,,,,REAR-LEFT-CORNER,,,,,,,,,,,,,,,,,,,,,,,,,,,,,,,,,
2133622,934337d72ee5e9b17293c7893d5ed63ef827d9f24c313004be9e2b1fd207538ada99ef5bc5965930051e8955bfff2d2a89454f9e3147a10d58026a6a80e8db61,08/21/2025 03:50:00 PM,1,DRIVER,,2033913,,AUDI,OTHER (EXPLAIN IN NARRATIVE),IL,2016,NONE,PASSENGER,PERSONAL,E,STRAIGHT AHEAD,,,1,,,,,,Y,Y,,,,,,,,,,,SIDE-RIGHT,,,,,,,,,,,,,,,,,,,,,,,,,,,,,,,,,
2133623,934337d72ee5e9b17293c7893d5ed63ef827d9f24c313004be9e2b1fd207538ada99ef5bc5965930051e8955bfff2d2a89454f9e3147a10d58026a6a80e8db61,08/21/2025 03:50:00 PM,2,DRIVER,,2033917,,BMW,850CI,IL,2019,NONE,PASSENGER,PERSONAL,N,STRAIGHT AHEAD,,,1,,,,,,,,,,,,,,,Y,Y,,FRONT,,,,,,,,,,,,,,,,,,,,,,,,,,,,,,,,,
2133610,5759b58315f66b49da3c2980325501f7de94f96db2e7c9eb680e19d6925e001bd5d55ed8fc14379520e669b7f5abd90bb6d8101575c1cb4e7757532a68f30357,08/21/2025 03:48:00 PM,1,DRIVER,,2033898,,CADILLAC,CTS,IL,2008,NONE,PASSENGER,PERSONAL,W,STRAIGHT AHEAD,Y,,1,,private tow,1642 s karlov,,Y,,,,,,,,,,,Y,,FRONT-RIGHT-CORNER,,,,,,,,,,,,,,,,,,,,,,,,,,,,,,,,,
2133611,5759b58315f66b49da3c2980325501f7de94f96db2e7c9eb680e19d6925e001bd5d55ed8fc14379520e669b7f5abd90bb6d8101575c1cb4e7757532a68f30357,08/21/2025 03:48:00 PM,2,DRIVER,,2033909,,BUICK,ENCLAVE,MI,2021,NONE,PASSENGER,PERSONAL,S,STRAIGHT AHEAD,,,1,,,,,Y,,,,,,,,,,Y,Y,,FRONT-LEFT-CORNER,,,,,,,,,,,,,,,,,,,,,,,,,,,,,,,,,
2133630,71d6a66c5eea2100e41bc2f59d64a308c5d994397cf92855d23ad40b064cc2c3370ab130f4e392429d57992757139f1690f1e70a9863b2ae2b70320488adc5b5,08/21/2025 03:44:00 PM,1,DRIVER,,2033927,,TOYOTA,RAV4,IL,2025,NONE,PASSENGER,PERSONAL,S,STRAIGHT AHEAD,,,1,,,,,Y,Y,Y,Y,,,,,,,,,,FRONT-RIGHT-CORNER,,,,,,,,,,,,,,,,,,,,,,,,,,,,,,,,,
2133631,71d6a66c5eea2100e41bc2f59d64a308c5d994397cf92855d23ad40b064cc2c3370ab130f4e392429d57992757139f1690f1e70a9863b2ae2b70320488adc5b5,08/21/2025 03:44:00 PM,2,DRIVER,,2033939,,VOLKSWAGEN,TIGUAN,IL,2021,NONE,PASSENGER,PERSONAL,S,STRAIGHT AHEAD,,,1,,,,,,,,,Y,Y,Y,Y,,,,,,REAR,,,,,,,,,,,,,,,,,,,,,,,,,,,,,,,,,
2133517,089d05e508a478bd2c5311455fbb5a6edb329e3bbfda9d559fd3abea21bcc3210d2aa659cfc4ea59cc54c98e7b02372176c725f27b67e015df55c2d6730bbeaf,08/21/2025 03:40:00 PM,1,DRIVER,1,2033809,,TOYOTA,COROLLA,IN,2022,NONE,PASSENGER,PERSONAL,E,STRAIGHT AHEAD,,,2,,,,,,,,,,,,,,,,Y,,FRONT,,,,,,,,,,,,,,,,,,,,,,,,,,,,,,,,,
2133518,089d05e508a478bd2c5311455fbb5a6edb329e3bbfda9d559fd3abea21bcc3210d2aa659cfc4ea59cc54c98e7b02372176c725f27b67e015df55c2d6730bbeaf,08/21/2025 03:40:00 PM,2,DRIVER,1,2033815,,HYUNDAI,TUCSON,TN,2022,NONE,SPORT UTILITY VEHICLE (SUV),PERSONAL,E,STRAIGHT AHEAD,,,2,,,,,,,,,,Y,,,,,,,,REAR,,,,,,,,,,,,,,,,,,,,,,,,,,,,,,,,,
2133636,7526516b2ed3623354c86ee4f36a0de070544187d04d8cdee99809ce9ba78e0bfc77c3e6f314f23262a9dc69242acbeeb168ea5201e2d479ea7900264e1dd901,08/21/2025 03:40:00 PM,2,PARKED,,2033921,,CHEVROLET,IMPALA,IL,2007,UNKNOWN,PASSENGER,NOT IN USE,E,PARKED,,,0,,,,,,,,,,,,,,Y,,,,SIDE-LEFT,,,,,,,,,,,,,,,,,,,,,,,,,,,,,,,,,
2133637,7526516b2ed3623354c86ee4f36a0de070544187d04d8cdee99809ce9ba78e0bfc77c3e6f314f23262a9dc69242acbeeb168ea5201e2d479ea7900264e1dd901,08/21/2025 03:40:00 PM,1,DRIVER,,2033930,,NEW FLYER,OTHER (EXPLAIN IN NARRATIVE),IL,2006,UNKNOWN,BUS OVER 15 PASS.,CTA,E,OTHER,,,1,,,,Y,,,,,,,,,,,,,,FRONT-RIGHT-CORNER,,,,,,,,,,,,,,,,,,,,,,,,,,,,,,,,,
2133495,98f35786b07bfa5cc8e0e5b04c2c1db27d2703741806e347ccc3937492ce63ca304510e1d8dbed357ab0884be9d55f4936f5cfe4197c8ee0b8a7a27f9548fc3a,08/21/2025 03:40:00 PM,1,DRIVER,,2033797,,MAZDA,CX-5,IL,2018,NONE,PASSENGER,PERSONAL,W,AVOIDING VEHICLES/OBJECTS,,,1,,,,,,,,,,,,,,,,Y,,FRONT,,,,,,,,,,,,,,,,,,,,,,,,,,,,,,,,,
2133496,98f35786b07bfa5cc8e0e5b04c2c1db27d2703741806e347ccc3937492ce63ca304510e1d8dbed357ab0884be9d55f4936f5cfe4197c8ee0b8a7a27f9548fc3a,08/21/2025 03:40:00 PM,2,DRIVER,1,2033807,,CHEVROLET,TRAVERSE,IL,2014,NONE,PASSENGER,PERSONAL,W,SLOW/STOP IN TRAFFIC,,,2,,,,,,,,,,Y,,,,,,,,REAR,,,,,,,,,,,,,,,,,,,,,,,,,,,,,,,,,
2133603,bb2b83f8f711e5284930e1a137af86ae1cc8594c41db52db0fef8ae441bb29d9aee8401658e0f9ce47002f908866394796212d9a765438951d0cf9faa25f3a95,08/21/2025 03:40:00 PM,1,DRIVER,,2033894,,HONDA,FIT,IL,2010,UNKNOWN,PASSENGER,PERSONAL,SE,TURNING LEFT,,,1,,,,,Y,Y,Y,,,,,,Y,Y,Y,Y,,FRONT,,,,,,,,,,,,,,,,,,,,,,,,,,,,,,,,,