CRASH_UNIT_ID,CRASH_RECORD_ID,CRASH_DATE,UNIT_NO,UNIT_TYPE,NUM_PASSENGERS,VEHICLE_ID,CMRC_VEH_I,MAKE,MODEL,LIC_PLATE_STATE,VEHICLE_YEAR,VEHICLE_DEFECT,VEHICLE_TYPE,VEHICLE_USE,TRAVEL_DIRECTION,MANEUVER,TOWED_I,FIRE_I,OCCUPANT_CNT,EXCEED_SPEED_LIMIT_I,TOWED_BY,TOWED_TO,AREA_00_I,AREA_01_I,AREA_02_I,AREA_03_I,AREA_04_I,AREA_05_I,AREA_06_I,AREA_07_I,AREA_08_I,AREA_09_I,AREA_10_I,AREA_11_I,AREA_12_I,AREA_99_I,FIRST_CONTACT_POINT,CMV_ID,USDOT_NO,CCMC_NO,ILCC_NO,COMMERCIAL_SRC,GVWR,CARRIER_NAME,CARRIER_STATE,CARRIER_CITY,HAZMAT_PLACARDS_I,HAZMAT_NAME,UN_NO,HAZMAT_PRESENT_I,HAZMAT_REPORT_I,HAZMAT_REPORT_NO,MCS_REPORT_I,MCS_REPORT_NO,HAZMAT_VIO_CAUSE_CRASH_I,MCS_VIO_CAUSE_CRASH_I,IDOT_PERMIT_NO,WIDE_LOAD_I,TRAILER1_WIDTH,TRAILER2_WIDTH,TRAILER1_LENGTH,TRAILER2_LENGTH,TOTAL_VEHICLE_LENGTH,AXLE_CNT,VEHICLE_CONFIG,CARGO_BODY_TYPE,LOAD_TYPE,HAZMAT_OUT_OF_SERVICE_I,MCS_OUT_OF_SERVICE_I,HAZMAT_CLASS
2133604,bb2b83f8f711e5284930e1a137af86ae1cc8594c41db52db0fef8ae441bb29d9aee8401658e0f9ce47002f908866394796212d9a765438951d0cf9faa25f3a95,08/21/2025 03:40:00 PM,2,DRIVER,1,2033897,,TESLA,MODEL 3,MI,2021,UNKNOWN,PASSENGER,PERSONAL,SE,STRAIGHT AHEAD,,,2,,,,,Y,,,,,,Y,Y,Y,Y,Y,Y,,SIDE-LEFT,,,,,,,,,,,,,,,,,,,,,,,,,,,,,,,,,
2133605,bb2b83f8f711e5284930e1a137af86ae1cc8594c41db52db0fef8ae441bb29d9aee8401658e0f9ce47002f908866394796212d9a765438951d0cf9faa25f3a95,08/21/2025 03:40:00 PM,3,DRIVER,,2033906,,NISSAN,VERSA,IL,2012,UNKNOWN,PASSENGER,PERSONAL,NW,STRAIGHT AHEAD,,,1,,,,,,,,,,,Y,Y,Y,Y,Y,,,SIDE-LEFT,,,,,,,,,,,,,,,,,,,,,,,,,,,,,,,,,
2133555,eada0d4326edd09762c814e04f9d3f73fd1cdbef11b72006eb843562c43f64b17e85041af6597eaa1433e53710530e61692dd779924c7bc8c299aa46bb17791f,08/21/2025 03:40:00 PM,1,DRIVER,,2033848,,TOYOTA,CAMRY,IL,2013,UNKNOWN,PASSENGER,PERSONAL,W,BACKING,,,1,,,,,,,,,,,,,,,Y,,,FRONT-LEFT-CORNER,,,,,,,,,,,,,,,,,,,,,,,,,,,,,,,,,
2133556,eada0d4326edd09762c814e04f9d3f73fd1cdbef11b72006eb843562c43f64b17e85041af6597eaa1433e53710530e61692dd779924c7bc8c299aa46bb17791f,08/21/2025 03:40:00 PM,2,DRIVER,1,2033868,,FORD,F450,IL,2023,NONE,OTHER,AMBULANCE,E,STRAIGHT AHEAD,,,2,,,,,,,,,,,,,,,Y,,,FRONT-LEFT-CORNER,,,,,,,,,,,,,,,,,,,,,,,,,,,,,,,,,
2134888,ddf8750a65c928a4d1babb692f810f37fbce90efe8ab1cea511d73af677d18d865ec5d19b95e04d6c924fca5e209d2055627e5a2713a388e241e84bf1ffa3dae,08/21/2025 03:31:00 PM,1,DRIVER,,2035135,,JEEP,CHEROKEE,IL,2014,NONE,SPORT UTILITY VEHICLE (SUV),PERSONAL,NE,TURNING LEFT,,,1,,,,,,,,,,,,,,,,Y,,FRONT,,,,,,,,,,,,,,,,,,,,,,,,,,,,,,,,,
2134889,ddf8750a65c928a4d1babb692f810f37fbce90efe8ab1cea511d73af677d18d865ec5d19b95e04d6c924fca5e209d2055627e5a2713a388e241e84bf1ffa3dae,08/21/2025 03:31:00 PM,2,DRIVER,,2035146,,MERCEDES-BENZ,GLC,IL,2019,NONE,SPORT UTILITY VEHICLE (SUV),PERSONAL,N,STRAIGHT AHEAD,,,1,,,,,,,,,,,,Y,Y,Y,,,,SIDE-LEFT,,,,,,,,,,,,,,,,,,,,,,,,,,,,,,,,,
2133620,159908ce57d925bb47e4ca442386907978077d0c048cc5affc8c5cd9fc8fa4f494550f0dd01245e1ad4a2a6665303c41c7c4988ab5414c69e625e768632a2483,08/21/2025 03:30:00 PM,1,DRIVER,,2033914,,KIA,OTHER (EXPLAIN IN NARRATIVE),IL,2021,NONE,PASSENGER,PERSONAL,N,CHANGING LANES,,,1,,,,,,,,,Y,,,,,,,,,REAR-RIGHT-CORNER,,,,,,,,,,,,,,,,,,,,,,,,,,,,,,,,,
2133621,159908ce57d925bb47e4ca442386907978077d0c048cc5affc8c5cd9fc8fa4f494550f0dd01245e1ad4a2a6665303c41c7c4988ab5414c69e625e768632a2483,08/21/2025 03:30:00 PM,2,DRIVER,,2033931,,FORD,ESCAPE,IL,2016,NONE,PASSENGER,PERSONAL,N,STRAIGHT AHEAD,,,1,,,,,,,,,,,,,,,Y,,,FRONT-LEFT-CORNER,,,,,,,,,,,,,,,,,,,,,,,,,,,,,,,,,
2133525,1876ad7d40ea4a8a70a3864e89dc7674b62db3a9f7b50fd86e9ac2991c77e5f19acccae0063ad48e5fd66ee1d0976515ddd713e3d24251ed9f0de3722e8cbd14,08/21/2025 03:30:00 PM,1,DRIVER,,2033814,,UNKNOWN,MOTORIZED,,,UNKNOWN,UNKNOWN/NA,UNKNOWN/NA,UNKNOWN,UNKNOWN/NA,,,1,,,,,,,,,,,,,,,,,Y,UNKNOWN,,,,,,,,,,,,,,,,,,,,,,,,,,,,,,,,,
2133526,1876ad7d40ea4a8a70a3864e89dc7674b62db3a9f7b50fd86e9ac2991c77e5f19acccae0063ad48e5fd66ee1d0976515ddd713e3d24251ed9f0de3722e8cbd14,08/21/2025 03:30:00 PM,2,PARKED,,2033817,,TOYOTA,HIGHLANDER,IL,2025,UNKNOWN,SPORT UTILITY VEHICLE (SUV),NOT IN USE,N,PARKED,,,0,,,,,,,,,,,,,,,,,Y,UNKNOWN,,,,,,,,,,,,,,,,,,,,,,,,,,,,,,,,,
2133644,1882f8ad03bd875b369a90341d137ada16a0f01313ebbb63520f165052c3f20b728a43eccc7c2cbdd0cf4a86ef36a2ae3963df05f32891fbadf2d742578bbf32,08/21/2025 03:30:00 PM,1,DRIVER,,2033938,,TOYOTA,PRIUS,IL,2011,NONE,PASSENGER,UNKNOWN/NA,W,STRAIGHT AHEAD,,,1,,,,,Y,,,,,,,,,,Y,Y,,FRONT,,,,,,,,,,,,,,,,,,,,,,,,,,,,,,,,,
2133645,1882f8ad03bd875b369a90341d137ada16a0f01313ebbb63520f165052c3f20b728a43eccc7c2cbdd0cf4a86ef36a2ae3963df05f32891fbadf2d742578bbf32,08/21/2025 03:30:00 PM,2,DRIVER,,2033950,,HONDA,CR-V,IL,2015,NONE,PASSENGER,PERSONAL,W,STRAIGHT AHEAD,,,1,,,,,,,,,Y,Y,Y,,,,,,,REAR,,,,,,,,,,,,,,,,,,,,,,,,,,,,,,,,,
2133553,27d6bb1a49566b3e901db78e305e3a8635c46d967600f547b5ac0e222e9556f3702785b65703ba2b9d704d3e49f825b86edac02d1bc4cd5705f80b6e69105866,08/21/2025 03:30:00 PM,1,DRIVER,,2033852,,MERCEDES-BENZ,OTHER (EXPLAIN IN NARRATIVE),IL,,UNKNOWN,UNKNOWN/NA,UNKNOWN/NA,N,STRAIGHT AHEAD,,,1,,,,,,,,,,,,,,,,,Y,FRONT,,,,,,,,,,,,,,,,,,,,,,,,,,,,,,,,,
2133554,27d6bb1a49566b3e901db78e305e3a8635c46d967600f547b5ac0e222e9556f3702785b65703ba2b9d704d3e49f825b86edac02d1bc4cd5705f80b6e69105866,08/21/2025 03:30:00 PM,2,DRIVER,,2033863,,JEEP,GRAND CHEROKEE,IL,2014,UNKNOWN,UNKNOWN/NA,UNKNOWN/NA,E,SLOW/STOP IN TRAFFIC,,,1,,,,,Y,Y,,,,,,,,,,,,FRONT-RIGHT-CORNER,,,,,,,,,,,,,,,,,,,,,,,,,,,,,,,,,
2133536,665c9cc4b0e7dff1ee9b6f0e2e34b81c911c17944f5ba0236cf48170c081fa83c5a693dc9266fb647e3ece9d27138c3d55f5e6ca0ef63614dfbdac6fc95a731e,08/21/2025 03:30:00 PM,1,DRIVER,,2033837,,CHEVROLET,IMPALA,IL,2008,NONE,PASSENGER,PERSONAL,E,BACKING,,,1,,,,,,,,,,,,,,,Y,,,FRONT-LEFT-CORNER,,,,,,,,,,,,,,,,,,,,,,,,,,,,,,,,,
2133537,665c9cc4b0e7dff1ee9b6f0e2e34b81c911c17944f5ba0236cf48170c081fa83c5a693dc9266fb647e3ece9d27138c3d55f5e6ca0ef63614dfbdac6fc95a731e,08/21/2025 03:30:00 PM,2,DRIVER,,2033830,,CHEVROLET,TRAIL BLAZER,IL,2024,NONE,PASSENGER,PERSONAL,E,TURNING LEFT,,,1,,,,,Y,,,,,,,,,,,,,FRONT-RIGHT-CORNER,,,,,,,,,,,,,,,,,,,,,,,,,,,,,,,,,
2133549,83e82943553d9b57e3897ba245608c906023a159ba0f74ca20a6b1669c0ee29b561fcf5cf0e58d1c166b7d03e59747d56771c850841aae46ed7ae56c045fdc19,08/21/2025 03:30:00 PM,1,DRIVER,,2033849,,FORD,F150,IL,2015,UNKNOWN,PICKUP,UNKNOWN/NA,SW,TURNING ON RED,,,1,,,,,,,,Y,Y,,,,,,,,,REAR-RIGHT-CORNER,,,,,,,,,,,,,,,,,,,,,,,,,,,,,,,,,
2133550,83e82943553d9b57e3897ba245608c906023a159ba0f74ca20a6b1669c0ee29b561fcf5cf0e58d1c166b7d03e59747d56771c850841aae46ed7ae56c045fdc19,08/21/2025 03:30:00 PM,2,PARKED,,2033861,,JEEP,CHEROKEE,IL,2020,NONE,PASSENGER,PERSONAL,N,PARKED,,,0,,,,,,,,,,,,,Y,,,,,REAR-RIGHT-CORNER,,,,,,,,,,,,,,,,,,,,,,,,,,,,,,,,,
2133538,e26719f8544836cfe84822b1156df7b4769f70fc85203d60bc95695794fedbcfd9d9f331e4d2eadfc802c8a4765131d5c3a740b1da7559343f9c59bfd52cd9a5,08/21/2025 03:30:00 PM,2,DRIVER,,2033836,,NISSAN,NV CARGO,IL,2013,NONE,VAN/MINI-VAN,PERSONAL,W,TURNING LEFT,,,1,,,,,,,,Y,Y,,,,,,,,Y,REAR-RIGHT-CORNER,,,,,,,,,,,,,,,,,,,,,,,,,,,,,,,,,
2133539,e26719f8544836cfe84822b1156df7b4769f70fc85203d60bc95695794fedbcfd9d9f331e4d2eadfc802c8a4765131d5c3a740b1da7559343f9c59bfd52cd9a5,08/21/2025 03:30:00 PM,1,DRIVER,,2033843,Y,KENWORTH MOTOR TRUCK COMPANY,KENWORTH MOTOR TRUCK CO.,IL,2009,NONE,TRACTOR W/ SEMI-TRAILER,COMMERCIAL - SINGLE UNIT,W,TURNING LEFT,,,1,,,,,,,,,,,Y,Y,,,,,Y,SIDE-LEFT,"22,049",,,,DRIVER,,G 7 J TRUCKING INC,IL,MONEE,,,,U,U,,U,,U,U,,,,,,,,,"SINGLE UNIT TRUCK, 2 AXLES, 6 TIRES",OTHER,UNKNOWN,N,N,
2133531,e6a7d126c2f729cae7bc66d6a6b5525c64d3e7c6b2231244fbc99156959c95da4535f52986a0d41119f7f0857628958bf9838b8228bb4ac4e3b3c5132a541061,08/21/2025 03:30:00 PM,1,DRIVER,,2033828,,UNKNOWN,OTHER (EXPLAIN IN NARRATIVE),IL,2009,UNKNOWN,3-WHEELED MOTORCYCLE (2 REAR WHEELS),PERSONAL,E,STRAIGHT AHEAD,Y,,1,,private tow,unk,,Y,,,,,,,,,,Y,Y,,FRONT,,,,,,,,,,,,,,,,,,,,,,,,,,,,,,,,,
2133532,e6a7d126c2f729cae7bc66d6a6b5525c64d3e7c6b2231244fbc99156959c95da4535f52986a0d41119f7f0857628958bf9838b8228bb4ac4e3b3c5132a541061,08/21/2025 03:30:00 PM,2,DRIVER,2,2033850,,JEEP,GRAND CHEROKEE,IL,2019,UNKNOWN,SPORT UTILITY VEHICLE (SUV),PERSONAL,S,STRAIGHT AHEAD,,,3,,,,,,,,,Y,,,,,,,,,REAR-RIGHT-CORNER,,,,,,,,,,,,,,,,,,,,,,,,,,,,,,,,,
2133533,ffbc6078a196b0045771e6332f8be4348e1627fa74741a88be79e73225b57830c7be593b8ef83bd19949458f417370f287a6bbe926fb7611b319ab09837a684f,08/21/2025 03:30:00 PM,1,DRIVER,,2033825,,HARLEY-DAVIDSON,HARLEY-DAVIDSON,IL,2022,UNKNOWN,MOTORCYCLE (OVER 150CC),PERSONAL,UNKNOWN,UNKNOWN/NA,,,1,,,,,,Y,,,,,,,,,,,Y,SIDE-RIGHT,,,,,,,,,,,,,,,,,,,,,,,,,,,,,,,,,
2133534,ffbc6078a196b0045771e6332f8be4348e1627fa74741a88be79e73225b57830c7be593b8ef83bd19949458f417370f287a6bbe926fb7611b319ab09837a684f,08/21/2025 03:30:00 PM,2,DRIVER,2,2033827,,NISSAN,ROGUE,IL,2023,UNKNOWN,SPORT UTILITY VEHICLE (SUV),UNKNOWN/NA,UNKNOWN,UNKNOWN/NA,,,3,,,,,,,,,,,,,,,Y,,,FRONT-LEFT-CORNER,,,,,,,,,,,,,,,,,,,,,,,,,,,,,,,,,
2133585,da765c8189c542c4890718b536caf58bf2a51505a03bfcd54b1ed6cbc76a168610ecae420dd352365c97318af621d6b14888664daa11c06f921318c02291f2be,08/21/2025 03:29:00 PM,1,DRIVER,,2033892,,LINCOLN,NAVIGATOR,IL,2024,NONE,PASSENGER,PERSONAL,W,TURNING LEFT,,,1,,,,,Y,,,,,,,,,,,,,FRONT-RIGHT-CORNER,,,,,,,,,,,,,,,,,,,,,,,,,,,,,,,,,
2133586,da765c8189c542c4890718b536caf58bf2a51505a03bfcd54b1ed6cbc76a168610ecae420dd352365c97318af621d6b14888664daa11c06f921318c02291f2be,08/21/2025 03:29:00 PM,2,DRIVER,,2033899,,NISSAN,ROGUE,IL,2014,NONE,PASSENGER,PERSONAL,N,STRAIGHT AHEAD,,,1,,,,,Y,,,,,,,,,,Y,Y,,FRONT,,,,,,,,,,,,,,,,,,,,,,,,,,,,,,,,,
2133567,2ed52472e61ed1ab5af44f284bc388681d243cda8ddc7fd68f8bb5de566f77a6399fd7cca5c3d9260c0a1dff732f96243d64eaf06ace23907060c62e5137ed23,08/21/2025 03:27:00 PM,1,DRIVER,,2033866,,JEEP,GRAND CHEROKEE,IL,2019,NONE,PASSENGER,PERSONAL,S,STRAIGHT AHEAD,,,1,,,,,Y,,,,,,,,,,Y,Y,,FRONT,,,,,,,,,,,,,,,,,,,,,,,,,,,,,,,,,
2133568,2ed52472e61ed1ab5af44f284bc388681d243cda8ddc7fd68f8bb5de566f77a6399fd7cca5c3d9260c0a1dff732f96243d64eaf06ace23907060c62e5137ed23,08/21/2025 03:27:00 PM,2,DRIVER,,2033888,,HONDA,ACCORD,IL,2017,NONE,PASSENGER,PERSONAL,W,STRAIGHT AHEAD,,,1,,,,,,,,Y,N,,,,,,,,,SIDE-RIGHT-REAR,,,,,,,,,,,,,,,,,,,,,,,,,,,,,,,,,
2133519,4b70a4fdb68e2f79ef256cb4cbd3990f913da3c7769ab93619588e0b5691389967c80458303b267e8d2cbe2c5fa8e179dad5746d53426d8ca401fee64c8d6404,08/21/2025 03:17:00 PM,1,DRIVER,,2033824,,BMW,OTHER (EXPLAIN IN NARRATIVE),IL,2025,NONE,MOTORCYCLE (OVER 150CC),OTHER,W,CHANGING LANES,Y,,1,,dba motorworks chicago ltd,,,,,,,,,,,,,,Y,,FRONT,,,,,,,,,,,,,,,,,,,,,,,,,,,,,,,,,
2133520,4b70a4fdb68e2f79ef256cb4cbd3990f913da3c7769ab93619588e0b5691389967c80458303b267e8d2cbe2c5fa8e179dad5746d53426d8ca401fee64c8d6404,08/21/2025 03:17:00 PM,2,DRIVER,,2033846,,TOYOTA,COROLLA,IL,2021,NONE,PASSENGER,PERSONAL,W,TURNING RIGHT,,,1,,,,,,,,,Y,,,,,,,,,FRONT-RIGHT-CORNER,,,,,,,,,,,,,,,,,,,,,,,,,,,,,,,,,
2133668,5d0ae52157ab0e6c23fbcac332cedaa231acf02940d127c2892229159a64c57c30d274bc1c3f5ab596f472f753d390b306ff32e84365d80a68dfed8d13acc7e9,08/21/2025 03:15:00 PM,1,DRIVER,,2033960,,UNKNOWN,OTHER (EXPLAIN IN NARRATIVE),,,UNKNOWN,PICKUP,UNKNOWN/NA,SW,STRAIGHT AHEAD,,,1,,,,,,,,,,,,,,,,,Y,SIDE-LEFT-FRONT,,,,,,,,,,,,,,,,,,,,,,,,,,,,,,,,,
2133669,5d0ae52157ab0e6c23fbcac332cedaa231acf02940d127c2892229159a64c57c30d274bc1c3f5ab596f472f753d390b306ff32e84365d80a68dfed8d13acc7e9,08/21/2025 03:15:00 PM,2,PARKED,,2033969,,DODGE,RAM 3500 PU,AZ,2025,NONE,VAN/MINI-VAN,OTHER,SW,PARKED,,,0,,,,,,,,,,,,,,,Y,,,SIDE-LEFT-FRONT,,,,,,,,,,,,,,,,,,,,,,,,,,,,,,,,,
2133547,c823601009cf63add185a9d316d776ae98f746fc71223a407d35947868f5c58d7d5787eee3b338a8407c4ceab45c7db590c585f45b36125f9a7eda1bfb1896a2,08/21/2025 03:15:00 PM,1,DRIVER,,2033841,,NEW FLYER,OTHER (EXPLAIN IN NARRATIVE),IL,2012,NONE,BUS OVER 15 PASS.,CTA,S,TURNING LEFT,,,1,,,,,,,,,,,,,,,,,Y,UNKNOWN,,,,,,,,,,,,,,,,,,,,,,,,,,,,,,,,,
2133548,c823601009cf63add185a9d316d776ae98f746fc71223a407d35947868f5c58d7d5787eee3b338a8407c4ceab45c7db590c585f45b36125f9a7eda1bfb1896a2,08/21/2025 03:15:00 PM,2,DRIVER,,2033845,,CHEVROLET,EQUINOX,IL,2019,NONE,PASSENGER,PERSONAL,S,STRAIGHT AHEAD,,,1,,,,,,,,,,,,,,Y,N,,,FRONT-LEFT-CORNER,,,,,,,,,,,,,,,,,,,,,,,,,,,,,,,,,
2133557,125d865274ee2c87d5e604c6e35b7275709f3c76061bd04dafdadd7b844028b82b29accb1d4bfdd8053f3dd025e05406d8a8a741dda02a0dc395c378f00f405a,08/21/2025 03:14:00 PM,1,DRIVER,,2033872,,CHEVROLET,VAN,IL,2006,UNKNOWN,VAN/MINI-VAN,UNKNOWN/NA,E,ENTERING TRAFFIC LANE FROM PARKING,,,1,,,,,N,Y,,,,,,,,,,,,SIDE-RIGHT,,,,,,,,,,,,,,,,,,,,,,,,,,,,,,,,,
2133558,125d865274ee2c87d5e604c6e35b7275709f3c76061bd04dafdadd7b844028b82b29accb1d4bfdd8053f3dd025e05406d8a8a741dda02a0dc395c378f00f405a,08/21/2025 03:14:00 PM,2,DRIVER,1,2033928,,NISSAN,OTHER (EXPLAIN IN NARRATIVE),IL,2016,UNKNOWN,PASSENGER,PERSONAL,S,TURNING RIGHT,,,2,,,,,,,,,,,Y,,,,,,,REAR-LEFT-CORNER,,,,,,,,,,,,,,,,,,,,,,,,,,,,,,,,,
2133523,fa51a2187be0739d1bbfc31b3711ead842633ac3cd8467fe7801b2f5e22cacc32dfb9bfd9dc7c5dc2de2f940e0086a553f87e054d9bb659a497e5edba78025ce,08/21/2025 03:13:00 PM,1,DRIVER,1,2033821,,KIA,K9 / K900 / QUORIS,IL,2025,NONE,PASSENGER,PERSONAL,S,STRAIGHT AHEAD,,,2,,,,,Y,Y,,,,,,,,,,,,SIDE-RIGHT-FRONT,,,,,,,,,,,,,,,,,,,,,,,,,,,,,,,,,
2133524,fa51a2187be0739d1bbfc31b3711ead842633ac3cd8467fe7801b2f5e22cacc32dfb9bfd9dc7c5dc2de2f940e0086a553f87e054d9bb659a497e5edba78025ce,08/21/2025 03:13:00 PM,2,PARKED,2,2033829,,NISSAN,PATHFINDER,IL,2016,NONE,SPORT UTILITY VEHICLE (SUV),PERSONAL,S,PARKED,,,2,,,,,,,,,,,Y,Y,,,,,,SIDE-LEFT-REAR,,,,,,,,,,,,,,,,,,,,,,,,,,,,,,,,,
2134746,e54730e0adcdbc46a0e6920cec61e2dfb84b48e2c3a5e519c0d891c90a25dad629a907aefbbd55125f2a0bcbc61226ae1e60e91f0f53f1f0e7f784144b22ded9,08/21/2025 03:04:00 PM,1,DRIVER,1,2034991,,BMW,X5,IN,2025,UNKNOWN,PASSENGER,PERSONAL,E,TURNING LEFT,,,2,,,,,,,,,,,,,,,Y,,,FRONT-LEFT-CORNER,,,,,,,,,,,,,,,,,,,,,,,,,,,,,,,,,
2134747,e54730e0adcdbc46a0e6920cec61e2dfb84b48e2c3a5e519c0d891c90a25dad629a907aefbbd55125f2a0bcbc61226ae1e60e91f0f53f1f0e7f784144b22ded9,08/21/2025 03:04:00 PM,2,DRIVER,1,2034992,,TOYOTA,COROLLA,IL,2025,UNKNOWN,PASSENGER,TAXI/FOR HIRE,E,TURNING LEFT,,,2,,,,,,,Y,Y,Y,,,,,,,,,SIDE-RIGHT-REAR,,,,,,,,,,,,,,,,,,,,,,,,,,,,,,,,,
2133785,af23e485da531827c555162d9f6b221b0e9b9829d01287e8d04ce4191f5e0a606ff8a9d9a63e4e70767b2d4ae160605ce96cfed14a0de30a1cfa2701755c5ebf,08/21/2025 03:03:00 PM,1,DRIVER,,2034081,,NISSAN,ALTIMA,IL,2014,NONE,PASSENGER,PERSONAL,W,STRAIGHT AHEAD,,,1,,,,,,,,,,,,,,,,Y,,FRONT,,,,,,,,,,,,,,,,,,,,,,,,,,,,,,,,,
2133786,af23e485da531827c555162d9f6b221b0e9b9829d01287e8d04ce4191f5e0a606ff8a9d9a63e4e70767b2d4ae160605ce96cfed14a0de30a1cfa2701755c5ebf,08/21/2025 03:03:00 PM,2,DRIVER,,2034099,,TOYOTA,CAMRY,IL,2014,NONE,PASSENGER,PERSONAL,W,STRAIGHT AHEAD,,,1,,,,,,,,,,Y,,,,,,,,REAR,,,,,,,,,,,,,,,,,,,,,,,,,,,,,,,,,
2133561,e9e2a3c731e94c6d6a70b6639be70354829ce7d5aa1cb0e51fd7abe7bf35be85275d77113d69d2b2a2e5ecf2ba48e4d2e6d8b22dfb150af89a0815c0b7052ba7,08/21/2025 03:03:00 PM,1,DRIVER,,2033858,,MERCEDES-BENZ,GLE,ME,2018,NONE,SPORT UTILITY VEHICLE (SUV),PERSONAL,S,CHANGING LANES,,,1,,,,,Y,Y,,,,,,,,,,,,FRONT-RIGHT-CORNER,,,,,,,,,,,,,,,,,,,,,,,,,,,,,,,,,
2133562,e9e2a3c731e94c6d6a70b6639be70354829ce7d5aa1cb0e51fd7abe7bf35be85275d77113d69d2b2a2e5ecf2ba48e4d2e6d8b22dfb150af89a0815c0b7052ba7,08/21/2025 03:03:00 PM,2,DRIVER,,2033864,,MERCEDES-BENZ,CLA,IL,2020,NONE,PASSENGER,PERSONAL,S,STRAIGHT AHEAD,,,1,,,,,,,,,,,Y,Y,Y,,,,,SIDE-LEFT-REAR,,,,,,,,,,,,,,,,,,,,,,,,,,,,,,,,,
2133487,1ba8fb8d39498f22577bdc8cbab1a26548577ed2ee506da14d3cf7ea06d7913e5b1af30e9df85f7629098b37cf0948cf140b99e2e5ebc944c39362053c12221c,08/21/2025 03:00:00 PM,2,PARKED,,2033788,,NISSAN,OTHER (EXPLAIN IN NARRATIVE),IL,2017,NONE,PASSENGER,UNKNOWN/NA,UNKNOWN,PARKED,,,0,,,,,,,,,,,,,,,,,,FRONT,,,,,,,,,,,,,,,,,,,,,,,,,,,,,,,,,
2133488,1ba8fb8d39498f22577bdc8cbab1a26548577ed2ee506da14d3cf7ea06d7913e5b1af30e9df85f7629098b37cf0948cf140b99e2e5ebc944c39362053c12221c,08/21/2025 03:00:00 PM,1,DRIVER,,2033786,,FORD,EXPLORER,IL,,NONE,PASSENGER,PERSONAL,E,BACKING,,,1,,,,,,,,,,,,,,,,,,NONE,,,,,,,,,,,,,,,,,,,,,,,,,,,,,,,,,
2133666,896c3aec366671060b4e3815be5c57f5fa32684f73fb24d4ef547a3b4877013ce22a733ee384ecdc9ca31138b325d6d27d076de563847fb5398cd3af5e9dc25f,08/21/2025 03:00:00 PM,1,DRIVER,,2033982,,FORD,F350,IL,2015,NONE,PICKUP,PERSONAL,N,CHANGING LANES,,,1,,,,,,,,,,,,,,Y,,,,SIDE-LEFT-FRONT,,,,,,,,,,,,,,,,,,,,,,,,,,,,,,,,,
2133667,896c3aec366671060b4e3815be5c57f5fa32684f73fb24d4ef547a3b4877013ce22a733ee384ecdc9ca31138b325d6d27d076de563847fb5398cd3af5e9dc25f,08/21/2025 03:00:00 PM,2,DRIVER,,2033966,,BLUE BIRD BODY COMPANY,BLUE BIRD BODY CO.,IL,2021,NONE,BUS UP TO 15 PASS.,SCHOOL BUS,N,STRAIGHT AHEAD,,,1,,,,,,Y,,,,,,,,,,,,SIDE-RIGHT,,,,,,,,,,,,,,,,,,,,,,,,,,,,,,,,,
2133845,9f881e29732498d5e99958a41e4a4209830d41f4149a903c51e1a4131fd66e54143976fc1de7e9ee1d863ca8226f7b3d620d3bf3cd98f09cbc4d3d2ee34a981a,08/21/2025 03:00:00 PM,1,DRIVER,,2034129,,DODGE,CHARGER,IL,2006,NONE,PASSENGER,UNKNOWN/NA,SW,STRAIGHT AHEAD,,,1,,,,,,,,,,,,,,,,,Y,UNKNOWN,,,,,,,,,,,,,,,,,,,,,,,,,,,,,,,,,
2133846,9f881e29732498d5e99958a41e4a4209830d41f4149a903c51e1a4131fd66e54143976fc1de7e9ee1d863ca8226f7b3d620d3bf3cd98f09cbc4d3d2ee34a981a,08/21/2025 03:00:00 PM,2,DRIVER,,2034133,,FORD,F350,IL,2019,NONE,PICKUP,PERSONAL,W,STRAIGHT AHEAD,,,1,,,,,,,,,Y,Y,Y,,,,,,,REAR,,,,,,,,,,,,,,,,,,,,,,,,,,,,,,,,,
2133483,a5294cadf3b239d8cb0948a37adad9f8e1cd5abd8d0536bc6f9cc9c0be3986cd4301f616ce294d49ac8255bea4f4f9abeaf6aed53ecb0897bf264ca3e46dd6dd,08/21/2025 03:00:00 PM,1,DRIVER,,2033776,,HYUNDAI,ELANTRA,IL,2015,NONE,PASSENGER,PERSONAL,W,STRAIGHT AHEAD,,,1,,,,,Y,Y,,,,,,,,,,,,FRONT-RIGHT-CORNER,,,,,,,,,,,,,,,,,,,,,,,,,,,,,,,,,
2133484,a5294cadf3b239d8cb0948a37adad9f8e1cd5abd8d0536bc6f9cc9c0be3986cd4301f616ce294d49ac8255bea4f4f9abeaf6aed53ecb0897bf264ca3e46dd6dd,08/21/2025 03:00:00 PM,2,DRIVER,,2033780,,NISSAN,ROGUE,IL,2017,NONE,PASSENGER,PERSONAL,W,STRAIGHT AHEAD,,,1,,,,,,,,,,,,Y,Y,Y,,,,SIDE-LEFT,,,,,,,,,,,,,,,,,,,,,,,,,,,,,,,,,
2133473,2687a03b11bc89ce307f99f351e0540ab8536cf88ba1611894b384ac2ac83b7e4930337f9cde4445d60523c50d121e62c14f7cff66f21d6e0106f739794a2bbe,08/21/2025 02:58:00 PM,1,DRIVER,,2033777,,LINCOLN,NAVIGATOR,IL,1998,NONE,PASSENGER,PERSONAL,E,STRAIGHT AHEAD,,,1,,,,,Y,,,,,,,,,,Y,Y,,FRONT,,,,,,,,,,,,,,,,,,,,,,,,,,,,,,,,,