CRASH_UNIT_ID,CRASH_RECORD_ID,CRASH_DATE,UNIT_NO,UNIT_TYPE,NUM_PASSENGERS,VEHICLE_ID,CMRC_VEH_I,MAKE,MODEL,LIC_PLATE_STATE,VEHICLE_YEAR,VEHICLE_DEFECT,VEHICLE_TYPE,VEHICLE_USE,TRAVEL_DIRECTION,MANEUVER,TOWED_I,FIRE_I,OCCUPANT_CNT,EXCEED_SPEED_LIMIT_I,TOWED_BY,TOWED_TO,AREA_00_I,AREA_01_I,AREA_02_I,AREA_03_I,AREA_04_I,AREA_05_I,AREA_06_I,AREA_07_I,AREA_08_I,AREA_09_I,AREA_10_I,AREA_11_I,AREA_12_I,AREA_99_I,FIRST_CONTACT_POINT,CMV_ID,USDOT_NO,CCMC_NO,ILCC_NO,COMMERCIAL_SRC,GVWR,CARRIER_NAME,CARRIER_STATE,CARRIER_CITY,HAZMAT_PLACARDS_I,HAZMAT_NAME,UN_NO,HAZMAT_PRESENT_I,HAZMAT_REPORT_I,HAZMAT_REPORT_NO,MCS_REPORT_I,MCS_REPORT_NO,HAZMAT_VIO_CAUSE_CRASH_I,MCS_VIO_CAUSE_CRASH_I,IDOT_PERMIT_NO,WIDE_LOAD_I,TRAILER1_WIDTH,TRAILER2_WIDTH,TRAILER1_LENGTH,TRAILER2_LENGTH,TOTAL_VEHICLE_LENGTH,AXLE_CNT,VEHICLE_CONFIG,CARGO_BODY_TYPE,LOAD_TYPE,HAZMAT_OUT_OF_SERVICE_I,MCS_OUT_OF_SERVICE_I,HAZMAT_CLASS
2133474,2687a03b11bc89ce307f99f351e0540ab8536cf88ba1611894b384ac2ac83b7e4930337f9cde4445d60523c50d121e62c14f7cff66f21d6e0106f739794a2bbe,08/21/2025 02:58:00 PM,2,DRIVER,1,2033783,,TOYOTA,HIGHLANDER,IL,2024,NONE,PASSENGER,PERSONAL,E,STRAIGHT AHEAD,,,2,,,,,,,,,Y,Y,Y,,,,,,,REAR,,,,,,,,,,,,,,,,,,,,,,,,,,,,,,,,,
2133571,446d2fccba7d179966d92cac39dcf9ab9b8c1e7e4db9f4c80077b0ed46a52d51613367f3f06c8448dcbb0331fb1aa393b23d09dfed70f8a3e81d7e01a4c31fad,08/21/2025 02:52:00 PM,1,DRIVER,1,2033871,,TOYOTA,RAV4,IL,2016,UNKNOWN,PASSENGER,PERSONAL,NE,STRAIGHT AHEAD,Y,,2,,PRIVATE TOW,,,Y,,,,,,,,,Y,Y,Y,Y,FRONT-LEFT-CORNER,,,,,,,,,,,,,,,,,,,,,,,,,,,,,,,,,
2133572,446d2fccba7d179966d92cac39dcf9ab9b8c1e7e4db9f4c80077b0ed46a52d51613367f3f06c8448dcbb0331fb1aa393b23d09dfed70f8a3e81d7e01a4c31fad,08/21/2025 02:52:00 PM,2,DRIVER,1,2033882,,CHEVROLET,TAHOE,IL,2024,UNKNOWN,PASSENGER,PERSONAL,S,STRAIGHT AHEAD,,,2,,,,,Y,Y,,,,,,,,,,Y,Y,FRONT-RIGHT-CORNER,,,,,,,,,,,,,,,,,,,,,,,,,,,,,,,,,
2133551,8100e018658e52626f9d03b9447f1265aaefa26aaab6040f6f19bfb8464f5fe1f0eaec2a6b80e051b02a4321de17c2d6917d5790a669466bfd5bf8ea13a9eefd,08/21/2025 02:48:00 PM,1,DRIVER,,2033854,,NISSAN,ROGUE,IL,2018,UNKNOWN,PASSENGER,UNKNOWN/NA,W,STRAIGHT AHEAD,,,1,,,,,,,,,,,,,,,,Y,,FRONT,,,,,,,,,,,,,,,,,,,,,,,,,,,,,,,,,
2133552,8100e018658e52626f9d03b9447f1265aaefa26aaab6040f6f19bfb8464f5fe1f0eaec2a6b80e051b02a4321de17c2d6917d5790a669466bfd5bf8ea13a9eefd,08/21/2025 02:48:00 PM,2,DRIVER,,2033865,,LINCOLN,MKT,IL,2012,UNKNOWN,PASSENGER,PERSONAL,N,STRAIGHT AHEAD,,,1,,,,,Y,Y,Y,Y,Y,,,,,,,,,SIDE-RIGHT,,,,,,,,,,,,,,,,,,,,,,,,,,,,,,,,,
2133491,2c1643f31e2d80ad89475c1c9baa79f80c39879ff088c70fe4619fa9f4e4ac0b4ddacc3d580b2dc0063cade6bc3ecf2928fff4a9057c0dbc7d04d11f9e01f1fe,08/21/2025 02:45:00 PM,1,DRIVER,,2033793,,CHEVROLET,SILVERADO,IN,2006,NONE,PICKUP,PERSONAL,S,STRAIGHT AHEAD,,,1,,,,Y,,,,,,N,,,,,,N,,FRONT,,,,,,,,,,,,,,,,,,,,,,,,,,,,,,,,,
2133492,2c1643f31e2d80ad89475c1c9baa79f80c39879ff088c70fe4619fa9f4e4ac0b4ddacc3d580b2dc0063cade6bc3ecf2928fff4a9057c0dbc7d04d11f9e01f1fe,08/21/2025 02:45:00 PM,2,DRIVER,,2033801,,INFINITI,Q50,IN,2020,NONE,PASSENGER,PERSONAL,S,SLOW/STOP IN TRAFFIC,,,1,,,,,,,,,Y,Y,Y,,,,,,,REAR,,,,,,,,,,,,,,,,,,,,,,,,,,,,,,,,,
2133457,47f4f2e1a95784a75614500d45437e2c84dc23db2e7e5f9174c24513bc1cc6bd5cb513cafb971f8e67ea30c80aecbd576d7365d95d9465c38b0b13229561cc54,08/21/2025 02:45:00 PM,1,DRIVER,,2033760,,CHEVROLET,MALIBU,IL,2022,UNKNOWN,PASSENGER,UNKNOWN/NA,S,UNKNOWN/NA,,,1,,,,,Y,,,,,,,,,,,,,FRONT-RIGHT-CORNER,,,,,,,,,,,,,,,,,,,,,,,,,,,,,,,,,
2133458,47f4f2e1a95784a75614500d45437e2c84dc23db2e7e5f9174c24513bc1cc6bd5cb513cafb971f8e67ea30c80aecbd576d7365d95d9465c38b0b13229561cc54,08/21/2025 02:45:00 PM,2,DRIVER,,2033762,,TOYOTA,RAV4,IL,2023,NONE,PASSENGER,PERSONAL,S,STRAIGHT AHEAD,,,1,,,,,,,,,,,Y,Y,Y,Y,,,,SIDE-LEFT,,,,,,,,,,,,,,,,,,,,,,,,,,,,,,,,,
2133740,48fa722b032eefaecbdb8ba916562c8e5df07bb6a2c2cdceb88f92d96e2e2952f5cd4da3727641ec2d65918899c9bb400f244d6511f929c386cb81682a2dbcc1,08/21/2025 02:45:00 PM,1,DRIVER,,2034069,,TOYOTA,COROLLA,IL,2000,NONE,PASSENGER,PERSONAL,W,PASSING/OVERTAKING,,,1,,,,,,,,,,,,,,,,,Y,FRONT-RIGHT-CORNER,,,,,,,,,,,,,,,,,,,,,,,,,,,,,,,,,
2133741,48fa722b032eefaecbdb8ba916562c8e5df07bb6a2c2cdceb88f92d96e2e2952f5cd4da3727641ec2d65918899c9bb400f244d6511f929c386cb81682a2dbcc1,08/21/2025 02:45:00 PM,2,PARKED,2,2034031,,HONDA,PILOT,IL,2011,NONE,PASSENGER,NOT IN USE,W,PARKED,,,2,,,,,,,,,,,,,Y,Y,,,,SIDE-LEFT-FRONT,,,,,,,,,,,,,,,,,,,,,,,,,,,,,,,,,
2133467,d1d454d122cd697d8f0fbe51f346ffd27bad040b2fef3ed70ab0db602ae36728f8c92325700ccd39085a1a8444ddcaf914b3448decc8514929ee8fdf74e65bc9,08/21/2025 02:45:00 PM,1,DRIVER,,2033767,,HONDA,CR-V,IL,2013,NONE,SPORT UTILITY VEHICLE (SUV),PERSONAL,E,STRAIGHT AHEAD,,,1,,,,,Y,,,,,,,,,,Y,Y,,FRONT-LEFT-CORNER,,,,,,,,,,,,,,,,,,,,,,,,,,,,,,,,,
2133468,d1d454d122cd697d8f0fbe51f346ffd27bad040b2fef3ed70ab0db602ae36728f8c92325700ccd39085a1a8444ddcaf914b3448decc8514929ee8fdf74e65bc9,08/21/2025 02:45:00 PM,2,DRIVER,,2033771,,HYUNDAI,ELANTRA,IL,2009,NONE,PASSENGER,PERSONAL,S,STRAIGHT AHEAD,Y,,1,,OWNER,UNKNOWN,,Y,Y,,,,,,,,,,,,FRONT-RIGHT-CORNER,,,,,,,,,,,,,,,,,,,,,,,,,,,,,,,,,
2133606,5b5c7c899b9184e4ce399e732ad25602231f7cbb983d6d89f99a842c6b4a19139644e4d0f89074c4a4a8b8772efac2fe3978b7f2b1bc2e6949c7a7535f7c0ffd,08/21/2025 02:40:00 PM,1,BICYCLE,,,,,,,,,,,,,,,,,,,,,,,,,,,,,,,,,,,,,,,,,,,,,,,,,,,,,,,,,,,,,,,,,,
2133607,5b5c7c899b9184e4ce399e732ad25602231f7cbb983d6d89f99a842c6b4a19139644e4d0f89074c4a4a8b8772efac2fe3978b7f2b1bc2e6949c7a7535f7c0ffd,08/21/2025 02:40:00 PM,2,DRIVER,,2033904,,GENERAL MOTORS CORPORATION (GMC),TERRAIN,IL,2023,NONE,SPORT UTILITY VEHICLE (SUV),PERSONAL,E,STRAIGHT AHEAD,,,1,,,,,,,,,,,,,,,,,,FRONT,,,,,,,,,,,,,,,,,,,,,,,,,,,,,,,,,
2133527,cce57676d79b3f195ac6857c28e336988237b02c25e892c070a11affea09c28bbe6a570ba6c2da6c6e5b825ac382acf9212c19c0f343f2d61895575ac5a5e16c,08/21/2025 02:40:00 PM,1,DRIVER,,2033840,,DODGE,NITRO,IL,2011,NONE,PASSENGER,PERSONAL,SE,BACKING,,,1,,,,,,,,,,Y,,,,,,,,REAR,,,,,,,,,,,,,,,,,,,,,,,,,,,,,,,,,
2133528,cce57676d79b3f195ac6857c28e336988237b02c25e892c070a11affea09c28bbe6a570ba6c2da6c6e5b825ac382acf9212c19c0f343f2d61895575ac5a5e16c,08/21/2025 02:40:00 PM,2,DRIVER,,2033877,,TOYOTA,COROLLA,IL,2023,NONE,PASSENGER,PERSONAL,N,STRAIGHT AHEAD,,,1,,,,,,,,,,,,,,Y,Y,Y,,FRONT-LEFT-CORNER,,,,,,,,,,,,,,,,,,,,,,,,,,,,,,,,,
2133591,8f7de12152a9dce190c236c8d222fda6efca72c93d21d4f76b2976bcd8bcc299ec0d0cf47e0aa8b1ccb8fde215bd44852cbfbad021a3eb935003b4f28e9a2ab8,08/21/2025 02:35:00 PM,1,DRIVER,,2033901,,CADILLAC,STS,IL,2006,NONE,PASSENGER,OTHER,N,DRIVING WRONG WAY,Y,,1,,PRIVATE,PRIVATE,,Y,,,,,,,,,,,Y,,FRONT-RIGHT-CORNER,,,,,,,,,,,,,,,,,,,,,,,,,,,,,,,,,
2133592,8f7de12152a9dce190c236c8d222fda6efca72c93d21d4f76b2976bcd8bcc299ec0d0cf47e0aa8b1ccb8fde215bd44852cbfbad021a3eb935003b4f28e9a2ab8,08/21/2025 02:35:00 PM,2,PARKED,,2033926,,CADILLAC,OTHER (EXPLAIN IN NARRATIVE),IL,2000,NONE,PASSENGER,NOT IN USE,N,PARKED,,,0,,,,,,,,,,,Y,,,,,,,REAR-LEFT-CORNER,,,,,,,,,,,,,,,,,,,,,,,,,,,,,,,,,
2133601,7efea1c2bac92b809e4505fc0a84972690c33e76eb0f277bfff37be44cf0899c3f6e7ac489d93fc449eb12c918eb335ddbfae8efffeeec0c79c437dc98685c86,08/21/2025 02:30:00 PM,1,DRIVER,,2033891,,MAZDA,MAZDA3,IL,2021,UNKNOWN,PASSENGER,PERSONAL,N,BACKING,,,1,,,,,,,,,,,,Y,Y,Y,Y,,,UNKNOWN,,,,,,,,,,,,,,,,,,,,,,,,,,,,,,,,,
2133602,7efea1c2bac92b809e4505fc0a84972690c33e76eb0f277bfff37be44cf0899c3f6e7ac489d93fc449eb12c918eb335ddbfae8efffeeec0c79c437dc98685c86,08/21/2025 02:30:00 PM,2,DRIVER,,2033918,,NOVA BUS,OTHER (EXPLAIN IN NARRATIVE),IL,2015,UNKNOWN,BUS OVER 15 PASS.,CTA,N,PASSING/OVERTAKING,,,1,,,,Y,,,,,,,,,,,,,,SIDE-RIGHT,,,,,,,,,,,,,,,,,,,,,,,,,,,,,,,,,
2133469,d2823dbaffcd28d9d2da8c909faac9470ac8a3f6450ad3560a1cc37bfb93a2117aa278a8e51669fd426e05e7c747e3c8cde33135a7a69e758230c681c23a118f,08/21/2025 02:30:00 PM,1,DRIVER,,2033808,,SPRINTER,SPRINTER,IL,2018,UNKNOWN,VAN/MINI-VAN,UNKNOWN/NA,S,STRAIGHT AHEAD,,,1,,,,,,,,,,,,,,,Y,Y,Y,FRONT-LEFT-CORNER,,,,,,,,,,,,,,,,,,,,,,,,,,,,,,,,,
2133470,d2823dbaffcd28d9d2da8c909faac9470ac8a3f6450ad3560a1cc37bfb93a2117aa278a8e51669fd426e05e7c747e3c8cde33135a7a69e758230c681c23a118f,08/21/2025 02:30:00 PM,2,DRIVER,,2033818,,HYUNDAI,ELANTRA,IL,2025,UNKNOWN,PASSENGER,PERSONAL,S,CHANGING LANES,,,1,,,,,,,,Y,Y,Y,,,,,,,,REAR-RIGHT-CORNER,,,,,,,,,,,,,,,,,,,,,,,,,,,,,,,,,
2133755,f1d9556c7743d744156c57b74407293978b8ff71c3559d043d1ac74dd8ba2e1c5e0a184fb3dfc3f6567c3a90eb01cff15134e748235e2270834452299b12cf8f,08/21/2025 02:28:00 PM,1,DRIVER,,2034058,,LINCOLN,MKT,IL,2012,UNKNOWN,PASSENGER,UNKNOWN/NA,S,STRAIGHT AHEAD,,,1,,,,,,,,,,,,,,,,,Y,UNKNOWN,,,,,,,,,,,,,,,,,,,,,,,,,,,,,,,,,
2133756,f1d9556c7743d744156c57b74407293978b8ff71c3559d043d1ac74dd8ba2e1c5e0a184fb3dfc3f6567c3a90eb01cff15134e748235e2270834452299b12cf8f,08/21/2025 02:28:00 PM,2,DRIVER,,2034045,,NISSAN,ROGUE,IL,2018,UNKNOWN,PASSENGER,PERSONAL,W,STRAIGHT AHEAD,Y,,1,,,,,Y,Y,,,,,,,,Y,Y,Y,,FRONT,,,,,,,,,,,,,,,,,,,,,,,,,,,,,,,,,
2134502,f304aa8ac27ecdfd2e462a615babaeed14f27238e58a640133f5d575d92d2d4e6bf8ae89d5dd046a7ffdfb6fc8449cd93a6457031fb7a28ca8733cc0261e41be,08/21/2025 02:20:00 PM,1,DRIVER,,2034759,,TOYOTA,RAV4,IL,2002,NONE,PASSENGER,PERSONAL,W,TURNING LEFT,,,1,,,,,Y,,,,,,,,,,,,,FRONT-RIGHT-CORNER,,,,,,,,,,,,,,,,,,,,,,,,,,,,,,,,,
2134503,f304aa8ac27ecdfd2e462a615babaeed14f27238e58a640133f5d575d92d2d4e6bf8ae89d5dd046a7ffdfb6fc8449cd93a6457031fb7a28ca8733cc0261e41be,08/21/2025 02:20:00 PM,2,DRIVER,,2034763,,CHEVROLET,EQUINOX,IL,2012,NONE,PASSENGER,PERSONAL,SW,SLOW/STOP IN TRAFFIC,,,1,,,,,,,,,,,,,Y,Y,,,,SIDE-LEFT-FRONT,,,,,,,,,,,,,,,,,,,,,,,,,,,,,,,,,
2133608,192af73aac2d64de58d870aa460ea23dfe8ba22052de5171e8e18ee888483217ec5e295b61de08969c91a5a85c033ed7a697499b849bc69f8339d28509a61b66,08/21/2025 02:00:00 PM,1,DRIVER,,2033910,,UNKNOWN,MOTORIZED,,,UNKNOWN,UNKNOWN/NA,UNKNOWN/NA,N,UNKNOWN/NA,,,1,,,,,,,,,,,,,,,,,,UNKNOWN,,,,,,,,,,,,,,,,,,,,,,,,,,,,,,,,,
2133609,192af73aac2d64de58d870aa460ea23dfe8ba22052de5171e8e18ee888483217ec5e295b61de08969c91a5a85c033ed7a697499b849bc69f8339d28509a61b66,08/21/2025 02:00:00 PM,2,PARKED,,2033925,,TESLA,OTHER (EXPLAIN IN NARRATIVE),IL,2021,UNKNOWN,PASSENGER,PERSONAL,N,PARKED,,,0,,,,,,,,,,,,,,,,,,SIDE-RIGHT,,,,,,,,,,,,,,,,,,,,,,,,,,,,,,,,,
2134263,7c89d57b1bc96762a738c741ea3765e8d5a99c9fba93b76b8583d1d107731f85013d8b995182400f84f18c660ffb190381da328be2227350904262efb520acce,08/21/2025 02:00:00 PM,1,DRIVER,,2034527,,FORD,ESCAPE,IL,2013,UNKNOWN,SPORT UTILITY VEHICLE (SUV),UNKNOWN/NA,N,BACKING,,,1,,,,,,,,,,,,,,,,,Y,REAR,,,,,,,,,,,,,,,,,,,,,,,,,,,,,,,,,
2134264,7c89d57b1bc96762a738c741ea3765e8d5a99c9fba93b76b8583d1d107731f85013d8b995182400f84f18c660ffb190381da328be2227350904262efb520acce,08/21/2025 02:00:00 PM,2,PARKED,1,2034528,,NISSAN,ROGUE,IL,2017,UNKNOWN,SPORT UTILITY VEHICLE (SUV),NOT IN USE,S,PARKED,,,1,,,,,Y,,,,,,,,,,Y,Y,,FRONT,,,,,,,,,,,,,,,,,,,,,,,,,,,,,,,,,
2133477,9e1ecffc88b8b436c95d6b4c1571e12c040c21bbc5e5dae4dd00b94b02d5141d6b7bb89b0aba4a61267775180f3be11b1d9477021d3ead55f82a8160ecb834fc,08/21/2025 02:00:00 PM,1,DRIVER,,2033773,,UNKNOWN,OTHER (EXPLAIN IN NARRATIVE),,,UNKNOWN,UNKNOWN/NA,UNKNOWN/NA,UNKNOWN,UNKNOWN/NA,,,1,,,,,,,,,,,,,,,,,Y,UNKNOWN,,,,,,,,,,,,,,,,,,,,,,,,,,,,,,,,,
2133478,9e1ecffc88b8b436c95d6b4c1571e12c040c21bbc5e5dae4dd00b94b02d5141d6b7bb89b0aba4a61267775180f3be11b1d9477021d3ead55f82a8160ecb834fc,08/21/2025 02:00:00 PM,2,PARKED,,2033782,,FORD,OTHER (EXPLAIN IN NARRATIVE),IL,2019,NONE,PASSENGER,PERSONAL,S,PARKED,,,0,,,,,Y,Y,Y,,,,,,,,,,,SIDE-RIGHT-FRONT,,,,,,,,,,,,,,,,,,,,,,,,,,,,,,,,,
2134149,c1543386310efe517e81a563c6c79d5aed182e3cf94b7c7f472aac952e84c8c3375b66a97f770d5e71e7e9b7271b0033a731c9a16659849771d428d6af19dd23,08/21/2025 02:00:00 PM,1,DRIVER,,2034427,,LEXUS,GX470,IL,2006,UNKNOWN,SPORT UTILITY VEHICLE (SUV),UNKNOWN/NA,W,U-TURN,,,1,,,,,,,,,,,,,,,,,Y,UNKNOWN,,,,,,,,,,,,,,,,,,,,,,,,,,,,,,,,,
2134150,c1543386310efe517e81a563c6c79d5aed182e3cf94b7c7f472aac952e84c8c3375b66a97f770d5e71e7e9b7271b0033a731c9a16659849771d428d6af19dd23,08/21/2025 02:00:00 PM,2,DRIVER,,2034434,,GENERAL MOTORS CORPORATION (GMC),YUKON,IL,2005,NONE,SPORT UTILITY VEHICLE (SUV),PERSONAL,W,STRAIGHT AHEAD,,,1,,,,,Y,,,,,,,,,,,,,FRONT-RIGHT-CORNER,,,,,,,,,,,,,,,,,,,,,,,,,,,,,,,,,
2133589,fefb23b05613c3a5425909eec93e3019e4e924670bbf00cde0ca7754ed3eeea96b27dcd2f157877274da70dc909d326c3dd6c2a234eee32061690045f094bcbc,08/21/2025 02:00:00 PM,1,DRIVER,,2033876,,UNKNOWN,OTHER (EXPLAIN IN NARRATIVE),,,UNKNOWN,UNKNOWN/NA,UNKNOWN/NA,E,UNKNOWN/NA,,,1,,,,,,,,,,,,,,,,,Y,SIDE-RIGHT,,,,,,,,,,,,,,,,,,,,,,,,,,,,,,,,,
2133590,fefb23b05613c3a5425909eec93e3019e4e924670bbf00cde0ca7754ed3eeea96b27dcd2f157877274da70dc909d326c3dd6c2a234eee32061690045f094bcbc,08/21/2025 02:00:00 PM,2,DRIVER,,2033902,,TOYOTA,RAV4,IL,2024,UNKNOWN,PASSENGER,PERSONAL,E,STRAIGHT AHEAD,,,1,,,,,,,,,,,,,Y,,,,,SIDE-RIGHT,,,,,,,,,,,,,,,,,,,,,,,,,,,,,,,,,
2133465,812707e3573e688f6794842f5a2182a865808571f2fc26bf84482134682a5ae03cf0b2bae7db9fc19092ca50fba936704980f41a39fd64e5c3b662f5504eee06,08/21/2025 01:56:00 PM,1,DRIVER,,2033769,,MERCEDES-BENZ,C300,IL,2013,UNKNOWN,PASSENGER,UNKNOWN/NA,W,STRAIGHT AHEAD,,,1,,,,,Y,,,,,,,,,,,,,FRONT-RIGHT-CORNER,,,,,,,,,,,,,,,,,,,,,,,,,,,,,,,,,
2133466,812707e3573e688f6794842f5a2182a865808571f2fc26bf84482134682a5ae03cf0b2bae7db9fc19092ca50fba936704980f41a39fd64e5c3b662f5504eee06,08/21/2025 01:56:00 PM,2,DRIVER,,2033764,,TESLA,MODEL Y,IL,2024,UNKNOWN,SPORT UTILITY VEHICLE (SUV),PERSONAL,S,TURNING LEFT,,,1,,,,,,,,,,,,,,,Y,,,FRONT-LEFT-CORNER,,,,,,,,,,,,,,,,,,,,,,,,,,,,,,,,,
2133449,ee2d5e41cd74623228fc0c2dbf65fb694b1eba06b82cfd4f4c0bc996d88d1dc3ebb5183dc2a977c142e2de4b73ea5bfbd32036b6242cd135cea6fbd4943fdf57,08/21/2025 01:56:00 PM,1,DRIVER,,2033750,,LINCOLN,MKZ,IL,2013,UNKNOWN,UNKNOWN/NA,PERSONAL,N,STRAIGHT AHEAD,,,1,,,,,Y,,,,,,,,,,N,Y,,FRONT-RIGHT-CORNER,,,,,,,,,,,,,,,,,,,,,,,,,,,,,,,,,
2133450,ee2d5e41cd74623228fc0c2dbf65fb694b1eba06b82cfd4f4c0bc996d88d1dc3ebb5183dc2a977c142e2de4b73ea5bfbd32036b6242cd135cea6fbd4943fdf57,08/21/2025 01:56:00 PM,2,DRIVER,,2033753,,VOLVO,240 SERIES,IL,1993,UNKNOWN,PASSENGER,UNKNOWN/NA,W,STRAIGHT AHEAD,Y,,1,,personal tow,,,,,,,,,,,,,Y,,,SIDE-LEFT-FRONT,,,,,,,,,,,,,,,,,,,,,,,,,,,,,,,,,
2133451,e333ac50779b6963899e22a19d44dc5cc920529267a570a11a0f625fe62a1a891dc68116a4b864e9876d60723e48b726d8c284805f67c0a0a1aa7cfde1c43ac8,08/21/2025 01:51:00 PM,1,DRIVER,,2033754,,LINCOLN,CONTINENTAL,IL,2002,UNKNOWN,PASSENGER,PERSONAL,E,STRAIGHT AHEAD,Y,,1,,,,,Y,,,,,,,,,Y,Y,Y,,FRONT,,,,,,,,,,,,,,,,,,,,,,,,,,,,,,,,,
2133452,e333ac50779b6963899e22a19d44dc5cc920529267a570a11a0f625fe62a1a891dc68116a4b864e9876d60723e48b726d8c284805f67c0a0a1aa7cfde1c43ac8,08/21/2025 01:51:00 PM,2,DRIVER,,2033756,,CADILLAC,XT4,IL,2020,UNKNOWN,PASSENGER,PERSONAL,N,STRAIGHT AHEAD,Y,,1,,STREET AND SANITATION,3,,Y,Y,,,,,,,,Y,Y,Y,,FRONT,,,,,,,,,,,,,,,,,,,,,,,,,,,,,,,,,
2133453,e333ac50779b6963899e22a19d44dc5cc920529267a570a11a0f625fe62a1a891dc68116a4b864e9876d60723e48b726d8c284805f67c0a0a1aa7cfde1c43ac8,08/21/2025 01:51:00 PM,3,DRIVER,,2033761,,DODGE,CHALLENGER,IL,2019,NONE,PASSENGER,PERSONAL,W,STARTING IN TRAFFIC,,,1,,,,,Y,,,,,,,,,,Y,Y,,FRONT,,,,,,,,,,,,,,,,,,,,,,,,,,,,,,,,,
2133999,c5d699ac687f1f6e3aa0278a1555b9b369c55ea5656d634e9663715f60c928d17973552b89f88df69ff34e8d09951befad3858fb23fcc04eb626a9988078fc82,08/21/2025 01:45:00 PM,1,DRIVER,,2034282,,UNKNOWN,MOTORIZED,IL,,UNKNOWN,UNKNOWN/NA,UNKNOWN/NA,N,TURNING LEFT,,,1,,,,,,,,,,,,,Y,Y,Y,,,SIDE-LEFT,,,,,,,,,,,,,,,,,,,,,,,,,,,,,,,,,
2134000,c5d699ac687f1f6e3aa0278a1555b9b369c55ea5656d634e9663715f60c928d17973552b89f88df69ff34e8d09951befad3858fb23fcc04eb626a9988078fc82,08/21/2025 01:45:00 PM,2,DRIVER,,2034292,,LEXUS,GX470,IL,2006,NONE,PASSENGER,PERSONAL,NW,TURNING LEFT,,,1,,,,,,,Y,Y,,,,,,,,,,SIDE-RIGHT-REAR,,,,,,,,,,,,,,,,,,,,,,,,,,,,,,,,,
2138266,8a3ed23cb37e997854506f9b6bd8c7c1332fb6d8268b2e04b51bfb56435e6e307d1a74a2a3837187f7ab6a92659146f0e6749d8d62448c2b386ef57eddd2cad1,08/21/2025 01:43:00 PM,1,DRIVER,,2038356,,DODGE,CHARGER,IL,2025,UNKNOWN,PASSENGER,UNKNOWN/NA,NE,BACKING,,,1,,,,,,,,,Y,,,,,,,,,REAR-RIGHT-CORNER,,,,,,,,,,,,,,,,,,,,,,,,,,,,,,,,,
2138267,8a3ed23cb37e997854506f9b6bd8c7c1332fb6d8268b2e04b51bfb56435e6e307d1a74a2a3837187f7ab6a92659146f0e6749d8d62448c2b386ef57eddd2cad1,08/21/2025 01:43:00 PM,2,PARKED,,2038358,,KIA,FORTE,IL,2012,NONE,PASSENGER,PERSONAL,W,PARKED,,,0,,,,,,,,,,,,Y,,,,,,SIDE-LEFT-REAR,,,,,,,,,,,,,,,,,,,,,,,,,,,,,,,,,
2133565,2b5ca426730a3aacde0b8e51c634803a36e47bc97b8758a868cccbc74433bd8fc89f7fce518f61d8d4827bfe90b3043342c9b70c1058666192dede1b76aee863,08/21/2025 01:35:00 PM,1,DRIVER,,2033856,,TOYOTA,CAMRY,IL,1990,NONE,PASSENGER,PERSONAL,W,STRAIGHT AHEAD,,,1,,,,,,,,,,,,,,,,,,REAR,,,,,,,,,,,,,,,,,,,,,,,,,,,,,,,,,
2133566,2b5ca426730a3aacde0b8e51c634803a36e47bc97b8758a868cccbc74433bd8fc89f7fce518f61d8d4827bfe90b3043342c9b70c1058666192dede1b76aee863,08/21/2025 01:35:00 PM,2,DRIVER,,2033867,,UNKNOWN,MOTORIZED,IL,2017,NONE,MOPED OR MOTORIZED BICYCLE,PERSONAL,W,STRAIGHT AHEAD,N,,1,,,,,,,,,,,,,,,,Y,,FRONT,,,,,,,,,,,,,,,,,,,,,,,,,,,,,,,,,
2133521,312f91ee214ed3baf6497c6b408f36d6e55642194b89ec4624b52b27095905247ee5711d0f3af67c42d7c162fb9e71d413d981590ca300f4ce7cd6e798067ed8,08/21/2025 01:30:00 PM,1,DRIVER,,2033826,,TESLA,MODEL X,IL,2022,UNKNOWN,PASSENGER,PERSONAL,S,TURNING LEFT,Y,,1,,Personal,,,Y,Y,,,,,,,,N,N,Y,,FRONT-RIGHT-CORNER,,,,,,,,,,,,,,,,,,,,,,,,,,,,,,,,,
2133522,312f91ee214ed3baf6497c6b408f36d6e55642194b89ec4624b52b27095905247ee5711d0f3af67c42d7c162fb9e71d413d981590ca300f4ce7cd6e798067ed8,08/21/2025 01:30:00 PM,2,DRIVER,,2033847,,NISSAN,ROGUE,IL,2014,NONE,PASSENGER,PERSONAL,N,STRAIGHT AHEAD,Y,,1,,Personal,,,,,,,,,,,,,Y,Y,,FRONT-LEFT-CORNER,,,,,,,,,,,,,,,,,,,,,,,,,,,,,,,,,
2135558,ce091496ab4ea597320687d85e6f27f089d6d65f9e2b7d3f1e825f31f89ce5bf032e64b98a15570b9fa3782c164959202b181196311e3c63072fae4d5f12fe8b,08/21/2025 01:30:00 PM,1,DRIVER,,2035771,,UNKNOWN,MOTORIZED,,,UNKNOWN,UNKNOWN/NA,UNKNOWN/NA,S,UNKNOWN/NA,,,1,,,,,Y,Y,Y,Y,Y,,,,,,,,,SIDE-RIGHT,,,,,,,,,,,,,,,,,,,,,,,,,,,,,,,,,