CRASH_UNIT_ID,CRASH_RECORD_ID,CRASH_DATE,UNIT_NO,UNIT_TYPE,NUM_PASSENGERS,VEHICLE_ID,CMRC_VEH_I,MAKE,MODEL,LIC_PLATE_STATE,VEHICLE_YEAR,VEHICLE_DEFECT,VEHICLE_TYPE,VEHICLE_USE,TRAVEL_DIRECTION,MANEUVER,TOWED_I,FIRE_I,OCCUPANT_CNT,EXCEED_SPEED_LIMIT_I,TOWED_BY,TOWED_TO,AREA_00_I,AREA_01_I,AREA_02_I,AREA_03_I,AREA_04_I,AREA_05_I,AREA_06_I,AREA_07_I,AREA_08_I,AREA_09_I,AREA_10_I,AREA_11_I,AREA_12_I,AREA_99_I,FIRST_CONTACT_POINT,CMV_ID,USDOT_NO,CCMC_NO,ILCC_NO,COMMERCIAL_SRC,GVWR,CARRIER_NAME,CARRIER_STATE,CARRIER_CITY,HAZMAT_PLACARDS_I,HAZMAT_NAME,UN_NO,HAZMAT_PRESENT_I,HAZMAT_REPORT_I,HAZMAT_REPORT_NO,MCS_REPORT_I,MCS_REPORT_NO,HAZMAT_VIO_CAUSE_CRASH_I,MCS_VIO_CAUSE_CRASH_I,IDOT_PERMIT_NO,WIDE_LOAD_I,TRAILER1_WIDTH,TRAILER2_WIDTH,TRAILER1_LENGTH,TRAILER2_LENGTH,TOTAL_VEHICLE_LENGTH,AXLE_CNT,VEHICLE_CONFIG,CARGO_BODY_TYPE,LOAD_TYPE,HAZMAT_OUT_OF_SERVICE_I,MCS_OUT_OF_SERVICE_I,HAZMAT_CLASS
2135559,ce091496ab4ea597320687d85e6f27f089d6d65f9e2b7d3f1e825f31f89ce5bf032e64b98a15570b9fa3782c164959202b181196311e3c63072fae4d5f12fe8b,08/21/2025 01:30:00 PM,2,PARKED,,2035776,,TESLA,MODEL 3,IL,2023,NONE,PASSENGER,PERSONAL,S,PARKED,,,0,,,,,,,,,,,Y,Y,,Y,Y,,,SIDE-LEFT,,,,,,,,,,,,,,,,,,,,,,,,,,,,,,,,,
2133506,e2e15810d515d6af231eaf38149f5b36d4d161bdcf1d81ed257260654157d3949ff6171f78252c6b439dfedc6ee6850d2d45c374affd8deb96ae254fda75f11c,08/21/2025 01:20:00 PM,1,DRIVER,,2033798,,FORD,VAN,IL,2020,UNKNOWN,VAN/MINI-VAN,OTHER,S,STRAIGHT AHEAD,,,1,,,,,,,,,,,,,,Y,Y,,,SIDE-LEFT,,,,,,,,,,,,,,,,,,,,,,,,,,,,,,,,,
2133513,4b4b20788f0c9b2177cb9f95acf04ec2d63b972e9ea8f948a635946b74ca203c21ead5a70566d871943211916d09a896f00365e2224e56544201ed88aac061fc,08/21/2025 01:18:00 PM,1,DRIVER,,2033819,,KIA,SORENTO,IL,2016,NONE,SPORT UTILITY VEHICLE (SUV),PERSONAL,N,STRAIGHT AHEAD,Y,,1,,PRIVATE TOW,8383 S SOUTH CHICAGO MAACO,,Y,Y,,,,,,,,Y,Y,Y,,FRONT,,,,,,,,,,,,,,,,,,,,,,,,,,,,,,,,,
2133514,4b4b20788f0c9b2177cb9f95acf04ec2d63b972e9ea8f948a635946b74ca203c21ead5a70566d871943211916d09a896f00365e2224e56544201ed88aac061fc,08/21/2025 01:18:00 PM,2,DRIVER,,2033831,,HONDA,CR-V,IL,2000,NONE,SPORT UTILITY VEHICLE (SUV),PERSONAL,N,STRAIGHT AHEAD,,,1,,,,Y,,,,,,,,,,,,,,REAR,,,,,,,,,,,,,,,,,,,,,,,,,,,,,,,,,
2133422,516894bf42a6a1fa73efabc0ab2a58d7b2c20ffa792765555f0d1f765ff45bf7b0d02f1c4ebee9c8503696dd2b15abf5bab7c4decfd5cc25f4962498b2619a37,08/21/2025 01:10:00 PM,1,DRIVER,,2033728,,HONDA,PILOT,IL,2007,NONE,PASSENGER,PERSONAL,N,STRAIGHT AHEAD,Y,,1,,INS COMPANY,,,,,,,,,,,,,,,,FRONT-RIGHT-CORNER,,,,,,,,,,,,,,,,,,,,,,,,,,,,,,,,,
2133423,516894bf42a6a1fa73efabc0ab2a58d7b2c20ffa792765555f0d1f765ff45bf7b0d02f1c4ebee9c8503696dd2b15abf5bab7c4decfd5cc25f4962498b2619a37,08/21/2025 01:10:00 PM,2,PARKED,,2033733,,MAZDA,MX-3,IL,2017,NONE,PASSENGER,NOT IN USE,N,PARKED,Y,,0,,INS COMPANY,,,,,,,,,,,,,,,,REAR-LEFT-CORNER,,,,,,,,,,,,,,,,,,,,,,,,,,,,,,,,,
2133424,516894bf42a6a1fa73efabc0ab2a58d7b2c20ffa792765555f0d1f765ff45bf7b0d02f1c4ebee9c8503696dd2b15abf5bab7c4decfd5cc25f4962498b2619a37,08/21/2025 01:10:00 PM,3,PARKED,,2033737,,TOYOTA,CAMRY,IL,2004,UNKNOWN,PASSENGER,NOT IN USE,N,PARKED,,,0,,,,,,,,,,Y,,,,,,,,REAR,,,,,,,,,,,,,,,,,,,,,,,,,,,,,,,,,
2133439,84fa354b6288c72a1248c48d9321b288b4cea0ca9b4b1b9d2bb69ee3ab4a57759fdb534b2cd9f2775aadafe27719204dce6ba076dd312963ef2bbc7d7ec6566a,08/21/2025 01:10:00 PM,1,DRIVER,,2033744,,MINI,COOPER,IL,2013,NONE,PASSENGER,PERSONAL,N,PASSING/OVERTAKING,,,1,,,,,,,Y,,,,,,,,,,,SIDE-RIGHT,,,,,,,,,,,,,,,,,,,,,,,,,,,,,,,,,
2133440,84fa354b6288c72a1248c48d9321b288b4cea0ca9b4b1b9d2bb69ee3ab4a57759fdb534b2cd9f2775aadafe27719204dce6ba076dd312963ef2bbc7d7ec6566a,08/21/2025 01:10:00 PM,2,DRIVER,1,2033749,Y,"PETERBILT MOTORS COMPANY (DIVISION OF PACCAR, INC.)","PETERBILT MOTORS CO., DIVISION PACCAR, INC.",IL,2020,NONE,TRACTOR W/ SEMI-TRAILER,COMMERCIAL - MULTI-UNIT,N,OTHER,,,2,,,,,,,,,,,Y,Y,,,,,,SIDE-LEFT-REAR,"22,048",3279256,,,SIDE OF TRUCK,,CITY BEVERAGE ILLINOIS LLC DBA LAKESHORE BEVERAGE,IL,CHICAGO,,,,,,,,,,,,,,,,,,,TRACTOR/SEMI-TRAILER,OTHER,OTHER,,,
2133428,51a0d12c69d9cdb8891311d3d184cd9e51382f17a799f4ece14a86dfec4eafbb0719ae16bd3a63d5f75f4056fc1691f2db88469b540a117929e23637c5196252,08/21/2025 01:05:00 PM,1,DRIVER,,2033727,Y,FREIGHTLINER CORPORATION,OTHER (EXPLAIN IN NARRATIVE),FL,2023,NONE,TRACTOR W/ SEMI-TRAILER,COMMERCIAL - SINGLE UNIT,W,STRAIGHT AHEAD,,,1,,,,,,,,,,,,,,,,N,,TOP,"22,047",,,,SIDE OF TRUCK,2,MT SERVICE GROUPS,FL,MIAMI,,,,N,N,,N,,N,N,,,0-96,,26,,,,"SINGLE UNIT TRUCK, 2 AXLES, 6 TIRES",VAN/ENCLOSED BOX,OTHER,N,N,
2133515,e505e2f82f7676bd3d4ead42103f7dfb11c0109452180b78ef3c4f8c10ec679440d77c62b524870d48e6d4d4f4454cff5017c1999ffe19734ef0050f95659a7b,08/21/2025 01:05:00 PM,1,DRIVER,,2033833,,BMW,X3,IL,2007,UNKNOWN,PASSENGER,PERSONAL,S,STRAIGHT AHEAD,Y,,1,,CITY OF CHICAGO,POUND#2,,,,,,,,,,,,,,,FRONT,,,,,,,,,,,,,,,,,,,,,,,,,,,,,,,,,
2133516,e505e2f82f7676bd3d4ead42103f7dfb11c0109452180b78ef3c4f8c10ec679440d77c62b524870d48e6d4d4f4454cff5017c1999ffe19734ef0050f95659a7b,08/21/2025 01:05:00 PM,2,DRIVER,2,2033812,,KIA,TELLURIDE,IN,2021,UNKNOWN,PASSENGER,PERSONAL,S,SLOW/STOP IN TRAFFIC,,,3,,,,,,,,,Y,Y,,,,,,,,REAR,,,,,,,,,,,,,,,,,,,,,,,,,,,,,,,,,
2133646,bcb6fb5d4784a08d3d327c13e33889640e0ebfd4ccbaa34c9b5b163d4f962cbbc11947434f97e093ab694596cd8fa4f86c1afc74cbc39d852001925c13491fb9,08/21/2025 01:03:00 PM,1,DRIVER,,2033943,,CHEVROLET,TRAX,IL,2025,NONE,PASSENGER,PERSONAL,W,PASSING/OVERTAKING,,,1,,,,,Y,Y,Y,Y,Y,,,,,,,,,FRONT-RIGHT-CORNER,,,,,,,,,,,,,,,,,,,,,,,,,,,,,,,,,
2133647,bcb6fb5d4784a08d3d327c13e33889640e0ebfd4ccbaa34c9b5b163d4f962cbbc11947434f97e093ab694596cd8fa4f86c1afc74cbc39d852001925c13491fb9,08/21/2025 01:03:00 PM,2,DRIVER,,2033948,,NOVA BUS,OTHER (EXPLAIN IN NARRATIVE),IL,2024,NONE,BUS UP TO 15 PASS.,CTA,W,OTHER,,,1,,,,,,,,,,,Y,Y,,,,,,REAR-LEFT-CORNER,,,,,,,,,,,,,,,,,,,,,,,,,,,,,,,,,
2133759,0e008524e567fd0bcb83aca79c135077415445a76af730d30e5d3da7dcb162264c62e3b8a5c603c75d50a0b4d93cfeade3944fe9fa8e329730f92218b4ab546c,08/21/2025 01:00:00 PM,1,DRIVER,,2034064,,TOYOTA,PRIUS,IL,2016,NONE,PASSENGER,PERSONAL,W,STRAIGHT AHEAD,,,1,,,,Y,,,,,,,,,,,,,,FRONT,,,,,,,,,,,,,,,,,,,,,,,,,,,,,,,,,
2133760,0e008524e567fd0bcb83aca79c135077415445a76af730d30e5d3da7dcb162264c62e3b8a5c603c75d50a0b4d93cfeade3944fe9fa8e329730f92218b4ab546c,08/21/2025 01:00:00 PM,2,DRIVER,,2034077,,FORD,BRONCO / BRONCO II,IL,2022,NONE,PASSENGER,NOT IN USE,W,STRAIGHT AHEAD,,,1,,,,,,,,,,Y,,,,,,,,REAR,,,,,,,,,,,,,,,,,,,,,,,,,,,,,,,,,
2138576,4dc1f2cc3ab73f9d68aed742e80eef1f4b948f5bc883bd0f691fa6fde0c7b3c1a727a4f1a8808de820907cad3149ab6113476166284b685338444c1d61013f53,08/21/2025 01:00:00 PM,1,DRIVER,,2038643,,TOYOTA,COROLLA,IL,2024,NONE,PASSENGER,PERSONAL,N,STRAIGHT AHEAD,,,1,,,,,,,,,,,,,,,,,,,,,,,,,,,,,,,,,,,,,,,,,,,,,,,,,,,
2138577,4dc1f2cc3ab73f9d68aed742e80eef1f4b948f5bc883bd0f691fa6fde0c7b3c1a727a4f1a8808de820907cad3149ab6113476166284b685338444c1d61013f53,08/21/2025 01:00:00 PM,2,DRIVER,,2038644,,HYUNDAI,ACCENT,IL,2006,NONE,PASSENGER,PERSONAL,N,STRAIGHT AHEAD,,,1,,,,,,,,,,,,,,,,,,,,,,,,,,,,,,,,,,,,,,,,,,,,,,,,,,,
2138578,4dc1f2cc3ab73f9d68aed742e80eef1f4b948f5bc883bd0f691fa6fde0c7b3c1a727a4f1a8808de820907cad3149ab6113476166284b685338444c1d61013f53,08/21/2025 01:00:00 PM,3,DRIVER,,2038645,,VOLKSWAGEN,TIGUAN,IL,2022,NONE,PASSENGER,PERSONAL,N,STRAIGHT AHEAD,,,1,,,,,,,,,,,,,,,,,,,,,,,,,,,,,,,,,,,,,,,,,,,,,,,,,,,
2133420,b413a350a26b5f2bedbc33d544718c06bfb0471e12c7bea3ecafc15f7cc23839c6c23489a0b216c6abb19cd1cdbfd259810270b2fd691f45ea46ef1f56757ba0,08/21/2025 01:00:00 PM,1,DRIVER,1,2033724,,DODGE,DURANGO,IL,2014,UNKNOWN,PASSENGER,PERSONAL,N,STRAIGHT AHEAD,,,2,,,,,,,,,,,,,,,,,Y,UNKNOWN,,,,,,,,,,,,,,,,,,,,,,,,,,,,,,,,,
2133421,b413a350a26b5f2bedbc33d544718c06bfb0471e12c7bea3ecafc15f7cc23839c6c23489a0b216c6abb19cd1cdbfd259810270b2fd691f45ea46ef1f56757ba0,08/21/2025 01:00:00 PM,2,DRIVER,1,2033731,,KIA,OPTIMA / K5,IL,2012,NONE,PASSENGER,PERSONAL,N,STRAIGHT AHEAD,,,2,,,,,,Y,Y,Y,Y,,,,,,,,,SIDE-RIGHT,,,,,,,,,,,,,,,,,,,,,,,,,,,,,,,,,
2133435,cd39816db07a9912967ced0a153a117e5b09e616539d87fcadf53f38cc106a5d177356c8549c5a9223d8681dfd9398bedc28e88905f9962234a6c72be9255c1c,08/21/2025 01:00:00 PM,1,DRIVER,,2033738,,TOYOTA,CAMRY,IL,2025,NONE,PASSENGER,PERSONAL,N,STRAIGHT AHEAD,,,1,,,,,,,,,,,,,,,,Y,,FRONT,,,,,,,,,,,,,,,,,,,,,,,,,,,,,,,,,
2133436,cd39816db07a9912967ced0a153a117e5b09e616539d87fcadf53f38cc106a5d177356c8549c5a9223d8681dfd9398bedc28e88905f9962234a6c72be9255c1c,08/21/2025 01:00:00 PM,2,DRIVER,,2033745,,BUICK,ENCORE,IL,2019,NONE,PASSENGER,PERSONAL,E,SLOW/STOP IN TRAFFIC,,,1,,,,,,,Y,,,,,,,,,,,SIDE-LEFT-FRONT,,,,,,,,,,,,,,,,,,,,,,,,,,,,,,,,,
2133481,d6296383e3491d597b559e8e4b443a5b0f9431e19f184e96c3533e5cef0521e27694ce67ee671929eb29f34ff04369699dbe1bd93175eab8c722ac69e8ac5c19,08/21/2025 01:00:00 PM,1,DRIVER,,2033813,,GREAT DANE TRAILERS INC.,GREAT DANE TRAILERS INC.,WI,2016,UNKNOWN,OTHER,UNKNOWN/NA,UNKNOWN,UNKNOWN/NA,,,1,,,,,Y,Y,Y,Y,Y,,,,,,,,,SIDE-RIGHT,,,,,,,,,,,,,,,,,,,,,,,,,,,,,,,,,
2133482,d6296383e3491d597b559e8e4b443a5b0f9431e19f184e96c3533e5cef0521e27694ce67ee671929eb29f34ff04369699dbe1bd93175eab8c722ac69e8ac5c19,08/21/2025 01:00:00 PM,2,DRIVER,,2033853,N,MAZDA,OTHER (EXPLAIN IN NARRATIVE),IL,2013,UNKNOWN,UNKNOWN/NA,UNKNOWN/NA,UNKNOWN,UNKNOWN/NA,,,1,,,,,,,,,,,Y,Y,Y,Y,Y,,,SIDE-LEFT,,,,,,,,,,,,,,,,,,,,,,,,,,,,,,,,,
2136334,f5b5407cd7e40280ec4bb430065f7e025ab430ec861dbf5739cd9e7e9c96f43a9b3927ca0ad228d7ebfb88fedc6731402e6dde6cdcbb2f76933babc11c18641c,08/21/2025 01:00:00 PM,1,DRIVER,,2036531,,UNKNOWN,OTHER (EXPLAIN IN NARRATIVE),WI,2023,UNKNOWN,UNKNOWN/NA,UNKNOWN/NA,W,MERGING,,,1,,,,,,,,,,,N,,,,,,Y,REAR-LEFT-CORNER,,,,,,,,,,,,,,,,,,,,,,,,,,,,,,,,,
2136335,f5b5407cd7e40280ec4bb430065f7e025ab430ec861dbf5739cd9e7e9c96f43a9b3927ca0ad228d7ebfb88fedc6731402e6dde6cdcbb2f76933babc11c18641c,08/21/2025 01:00:00 PM,2,DRIVER,,2036522,,CADILLAC,OTHER (EXPLAIN IN NARRATIVE),IL,2024,NONE,PASSENGER,PERSONAL,W,PASSING/OVERTAKING,Y,,1,,herrera towing,1831 Indianapolis Blvd,,Y,Y,Y,,,,,,,,,,,FRONT-RIGHT-CORNER,,,,,,,,,,,,,,,,,,,,,,,,,,,,,,,,,
2133447,6662e56d8d9646a14eba09f9a1c7cb150cfd375ca2311a5e877470429f68a45b2d27754e2644f5c721c88cf50060ad3f7f7e5ce6d44f188c47a1f0fa379bdb32,08/21/2025 12:57:00 PM,1,DRIVER,1,2033748,,HONDA,CR-V,IL,2010,NONE,SPORT UTILITY VEHICLE (SUV),PERSONAL,S,STRAIGHT AHEAD,,,2,,,,Y,,,,,,,,,,,,,,FRONT,,,,,,,,,,,,,,,,,,,,,,,,,,,,,,,,,
2133448,6662e56d8d9646a14eba09f9a1c7cb150cfd375ca2311a5e877470429f68a45b2d27754e2644f5c721c88cf50060ad3f7f7e5ce6d44f188c47a1f0fa379bdb32,08/21/2025 12:57:00 PM,2,DRIVER,2,2033752,,GENERAL MOTORS CORPORATION (GMC),YUKON,IL,2025,NONE,SPORT UTILITY VEHICLE (SUV),RIDESHARE SERVICE,S,STRAIGHT AHEAD,,,3,,,,,,,,,,Y,,,,,,,,REAR,,,,,,,,,,,,,,,,,,,,,,,,,,,,,,,,,
2136284,61618dba7e4206f16846353a7d9c7bd9efd2a5e1889e52b854560b6c8ef528f81a2532419e6fea9592ffd44a02d74f51f7563d16594ebaab7ea96bdaf92acbc2,08/21/2025 12:50:00 PM,1,DRIVER,,2036474,,FORD,ESCAPE,IL,2025,UNKNOWN,PASSENGER,PERSONAL,W,TURNING LEFT,,,1,,,,,Y,Y,,,,,,,,,,,,SIDE-RIGHT,,,,,,,,,,,,,,,,,,,,,,,,,,,,,,,,,
2136285,61618dba7e4206f16846353a7d9c7bd9efd2a5e1889e52b854560b6c8ef528f81a2532419e6fea9592ffd44a02d74f51f7563d16594ebaab7ea96bdaf92acbc2,08/21/2025 12:50:00 PM,2,DRIVER,,2036483,,TOYOTA,COROLLA,IL,2025,UNKNOWN,PASSENGER,PERSONAL,W,TURNING LEFT,,,1,,,,,,,,,,,,,Y,Y,,,,SIDE-LEFT,,,,,,,,,,,,,,,,,,,,,,,,,,,,,,,,,
2133418,de7d9105b36024a4ffb7cfdf56c4021cea3f81eae4a1cf39382b3ab7f9caf085c79f7dde7e619884a57c33eb122680d307cf530c007932dc50a643ff2de79598,08/21/2025 12:49:00 PM,1,DRIVER,,2033723,,FORD,TRANSIT,WI,2019,NONE,VAN/MINI-VAN,COMMERCIAL - SINGLE UNIT,W,STRAIGHT AHEAD,,,1,,,,,,Y,,,,,,,,,,,,SIDE-RIGHT,,,,,,,,,,,,,,,,,,,,,,,,,,,,,,,,,
2133419,de7d9105b36024a4ffb7cfdf56c4021cea3f81eae4a1cf39382b3ab7f9caf085c79f7dde7e619884a57c33eb122680d307cf530c007932dc50a643ff2de79598,08/21/2025 12:49:00 PM,2,PARKED,1,2033729,,TOYOTA,4RUNNER,IL,2018,NONE,SPORT UTILITY VEHICLE (SUV),PERSONAL,W,PARKED,,,1,,,,,,,,,,,,,,Y,,,,SIDE-LEFT-FRONT,,,,,,,,,,,,,,,,,,,,,,,,,,,,,,,,,
2133511,7ea7cf75ceaef57a4f1dc9b86c414f021fbfa6c9da634888de08d17ad483ce5f69b57073d3f58d0514acaa0d4009a04775ed4af25327f40eaa457cec44506c02,08/21/2025 12:42:00 PM,1,DRIVER,,2033804,,CHEVROLET,OTHER (EXPLAIN IN NARRATIVE),IL,2025,UNKNOWN,SPORT UTILITY VEHICLE (SUV),UNKNOWN/NA,W,ENTERING TRAFFIC LANE FROM PARKING,,,1,,,,,,,,,,,,,,,Y,,,FRONT-LEFT-CORNER,,,,,,,,,,,,,,,,,,,,,,,,,,,,,,,,,
2133512,7ea7cf75ceaef57a4f1dc9b86c414f021fbfa6c9da634888de08d17ad483ce5f69b57073d3f58d0514acaa0d4009a04775ed4af25327f40eaa457cec44506c02,08/21/2025 12:42:00 PM,2,DRIVER,1,2033822,,CHEVROLET,BOLT,IL,2023,NONE,PASSENGER,RIDESHARE SERVICE,W,STRAIGHT AHEAD,,,2,,,,,,Y,Y,Y,Y,,,,,,,,,SIDE-RIGHT,,,,,,,,,,,,,,,,,,,,,,,,,,,,,,,,,
2133412,1544cfd0f876f4ff642de9b8994f05d9973ab85d8e580377536a46ed3c5cfdf5b5d2bb6cf14c93800de1111e650e67ef7be26e3a471f76fae26bcb2f16f7a40b,08/21/2025 12:41:00 PM,1,DRIVER,,2033717,,HONDA,ODYSSEY,IL,2007,UNKNOWN,VAN/MINI-VAN,UNKNOWN/NA,N,OTHER,,,1,,,,,Y,,,,,,Y,,,,Y,,,SIDE-LEFT-REAR,,,,,,,,,,,,,,,,,,,,,,,,,,,,,,,,,
2133413,1544cfd0f876f4ff642de9b8994f05d9973ab85d8e580377536a46ed3c5cfdf5b5d2bb6cf14c93800de1111e650e67ef7be26e3a471f76fae26bcb2f16f7a40b,08/21/2025 12:41:00 PM,2,PARKED,,2033718,,ACURA,TLX,IL,2020,UNKNOWN,PASSENGER,NOT IN USE,N,PARKED,,,0,,,,,,,,,,,Y,,,,,,,REAR-LEFT-CORNER,,,,,,,,,,,,,,,,,,,,,,,,,,,,,,,,,
2133640,3239ef844dbfb159a6020b1d4deb00ff32db22a8b1bf8056490ec889bc1175344302f34bc6edc3078ce991ef70b96b5ef8c66c945e2b4b56743d9327d4af2e0a,08/21/2025 12:40:00 PM,1,DRIVER,,2033953,,TOYOTA,CAMRY,IL,2020,NONE,PASSENGER,PERSONAL,N,PASSING/OVERTAKING,,,1,,,,,Y,Y,Y,Y,Y,Y,Y,,,,,,,OTHER,,,,,,,,,,,,,,,,,,,,,,,,,,,,,,,,,
2133641,3239ef844dbfb159a6020b1d4deb00ff32db22a8b1bf8056490ec889bc1175344302f34bc6edc3078ce991ef70b96b5ef8c66c945e2b4b56743d9327d4af2e0a,08/21/2025 12:40:00 PM,2,DRIVER,2,2033980,,BMW,X5,IL,2016,NONE,SPORT UTILITY VEHICLE (SUV),PERSONAL,N,SLOW/STOP IN TRAFFIC,,,3,,,,,,,,,,,,,,,Y,,,FRONT-LEFT-CORNER,,,,,,,,,,,,,,,,,,,,,,,,,,,,,,,,,
2133403,edddca40e8f08c0639345a4070e62e472cca6b668467eb0a6c6add4b8fa7a14709b9890df5fb64b7af3a401b00bfbed534f91e1c0e344a64d9d0cc171dcd06d4,08/21/2025 12:40:00 PM,1,DRIVER,,2033710,,MERCEDES-BENZ,SPRINTER,IL,2013,UNKNOWN,VAN/MINI-VAN,UNKNOWN/NA,UNKNOWN,UNKNOWN/NA,,,1,,,,,,,,,,,,,,,N,,Y,UNKNOWN,,,,,,,,,,,,,,,,,,,,,,,,,,,,,,,,,
2133404,edddca40e8f08c0639345a4070e62e472cca6b668467eb0a6c6add4b8fa7a14709b9890df5fb64b7af3a401b00bfbed534f91e1c0e344a64d9d0cc171dcd06d4,08/21/2025 12:40:00 PM,2,PARKED,,2033714,,TOYOTA,CAMRY,IL,2009,UNKNOWN,PASSENGER,UNKNOWN/NA,UNKNOWN,PARKED,,,0,,,,,,,,,,,,,,,Y,,,FRONT-LEFT-CORNER,,,,,,,,,,,,,,,,,,,,,,,,,,,,,,,,,
2133416,357b92dac94ae76c74d9a871560a0384dfce879e9a5bfb0244f45b894b00cb61811b6a0e905adfadecd9fe55e68fbdedd85ce821e66d3b6268a5436f90aa706e,08/21/2025 12:35:00 PM,1,DRIVER,,2033720,,CHEVROLET,MALIBU,WA,2023,NONE,PASSENGER,UNKNOWN/NA,S,TURNING LEFT,,,1,,,,,Y,,,,,,,,,,,,N,FRONT-RIGHT-CORNER,,,,,,,,,,,,,,,,,,,,,,,,,,,,,,,,,
2133417,357b92dac94ae76c74d9a871560a0384dfce879e9a5bfb0244f45b894b00cb61811b6a0e905adfadecd9fe55e68fbdedd85ce821e66d3b6268a5436f90aa706e,08/21/2025 12:35:00 PM,2,DRIVER,,2033725,,HONDA,HR-V,IL,2025,NONE,PASSENGER,PERSONAL,S,TURNING LEFT,,,1,,,,,,,,,,,Y,,,,,,,REAR-LEFT-CORNER,,,,,,,,,,,,,,,,,,,,,,,,,,,,,,,,,
2133397,26814d0926695c25a6407f9a1be6a8a4e473603dec1ee828a13a7b0cdaf7dfd506862524f0fc21f62a24f7ed9e4e15c4c6813f2c64402537c8d040db3a3669e9,08/21/2025 12:32:00 PM,1,DRIVER,,2033703,,CHEVROLET,TRAX,IL,2024,NONE,PASSENGER,PERSONAL,S,STRAIGHT AHEAD,,,1,,,,,,,,,,,,,,,,Y,,FRONT,,,,,,,,,,,,,,,,,,,,,,,,,,,,,,,,,
2133398,26814d0926695c25a6407f9a1be6a8a4e473603dec1ee828a13a7b0cdaf7dfd506862524f0fc21f62a24f7ed9e4e15c4c6813f2c64402537c8d040db3a3669e9,08/21/2025 12:32:00 PM,2,DRIVER,,2033708,,HYUNDAI,ELANTRA,IL,2017,NONE,PASSENGER,PERSONAL,N,STRAIGHT AHEAD,Y,,1,,tbd,tbd,,Y,,,,,,,,,,Y,Y,,FRONT-LEFT-CORNER,,,,,,,,,,,,,,,,,,,,,,,,,,,,,,,,,
2133395,1301e42f76b8e282926051fff23d4945a66f23b93177dc7eff4ddbd0897357520702537dce867cc87fc8cb933e394050ea0604f5dec51d06a76bab014ae91c24,08/21/2025 12:30:00 PM,1,DRIVER,4,2033704,,CADILLAC,SRX,IL,2015,NONE,PASSENGER,PERSONAL,E,OTHER,,,5,,,,,Y,,,,,,,,,,,,,FRONT-RIGHT-CORNER,,,,,,,,,,,,,,,,,,,,,,,,,,,,,,,,,
2133396,1301e42f76b8e282926051fff23d4945a66f23b93177dc7eff4ddbd0897357520702537dce867cc87fc8cb933e394050ea0604f5dec51d06a76bab014ae91c24,08/21/2025 12:30:00 PM,2,DRIVER,,2033711,,TESLA,MODEL Y,IL,2021,NONE,PASSENGER,PERSONAL,E,STRAIGHT AHEAD,,,1,,,,,,,,,,,Y,,,,,,,REAR-LEFT-CORNER,,,,,,,,,,,,,,,,,,,,,,,,,,,,,,,,,
2133454,c39b72e2b4e556b0f49b8d5b679e458b6c4fe23f00e5c5c79b13fd2512669b2c76e92cc1ca328cadeb043c1b9df5f0d635849c478f3db493b43b5d078071965c,08/21/2025 12:27:00 PM,1,DRIVER,,2033757,,MITSUBISHI,OUTLANDER,IL,2019,NONE,PASSENGER,PERSONAL,W,STRAIGHT AHEAD,,,1,,,,,,,,,,,,,,,,Y,,FRONT,,,,,,,,,,,,,,,,,,,,,,,,,,,,,,,,,
2133455,c39b72e2b4e556b0f49b8d5b679e458b6c4fe23f00e5c5c79b13fd2512669b2c76e92cc1ca328cadeb043c1b9df5f0d635849c478f3db493b43b5d078071965c,08/21/2025 12:27:00 PM,2,DRIVER,,2033765,,CHEVROLET,EQUINOX,IL,2018,NONE,PASSENGER,PERSONAL,W,STRAIGHT AHEAD,,,1,,,,,,,,,Y,Y,Y,,,,,,,REAR,,,,,,,,,,,,,,,,,,,,,,,,,,,,,,,,,
2133485,7d801b6fcc935a82d414dce5914d07ea5d33de381fbab88360f12cec68efd809ca8e5d4d53ad4cbf28cd7d17d46c1fa352789a23796c9196cbd33f47cc2d90ba,08/21/2025 12:22:00 PM,1,DRIVER,,2033778,,CHEVROLET,TRAX,IL,2022,UNKNOWN,SPORT UTILITY VEHICLE (SUV),PERSONAL,S,STRAIGHT AHEAD,,,1,,,,,,,,,,,,,,,,Y,,FRONT,,,,,,,,,,,,,,,,,,,,,,,,,,,,,,,,,
2133486,7d801b6fcc935a82d414dce5914d07ea5d33de381fbab88360f12cec68efd809ca8e5d4d53ad4cbf28cd7d17d46c1fa352789a23796c9196cbd33f47cc2d90ba,08/21/2025 12:22:00 PM,2,DRIVER,3,2033794,,CHEVROLET,OTHER (EXPLAIN IN NARRATIVE),IL,2024,NONE,SPORT UTILITY VEHICLE (SUV),PERSONAL,S,SLOW/STOP IN TRAFFIC,,,4,,,,,,,,,,Y,Y,,,,,,,REAR,,,,,,,,,,,,,,,,,,,,,,,,,,,,,,,,,
2134386,bd640818ea4ae09117ad5de11397c2fd8e2b2a4e1102f7e2d6e847c4f1c90c176364a4c21f4910ee53fe591a356023104924cad95d2159c0f1a20d22cb2624ff,08/21/2025 12:21:00 PM,1,DRIVER,,2034638,,CHEVROLET,OTHER (EXPLAIN IN NARRATIVE),IL,2014,UNKNOWN,PASSENGER,PERSONAL,E,BACKING,,,1,,,,,,,,,Y,Y,Y,,,,,,,REAR,,,,,,,,,,,,,,,,,,,,,,,,,,,,,,,,,