CRASH_UNIT_ID,CRASH_RECORD_ID,CRASH_DATE,UNIT_NO,UNIT_TYPE,NUM_PASSENGERS,VEHICLE_ID,CMRC_VEH_I,MAKE,MODEL,LIC_PLATE_STATE,VEHICLE_YEAR,VEHICLE_DEFECT,VEHICLE_TYPE,VEHICLE_USE,TRAVEL_DIRECTION,MANEUVER,TOWED_I,FIRE_I,OCCUPANT_CNT,EXCEED_SPEED_LIMIT_I,TOWED_BY,TOWED_TO,AREA_00_I,AREA_01_I,AREA_02_I,AREA_03_I,AREA_04_I,AREA_05_I,AREA_06_I,AREA_07_I,AREA_08_I,AREA_09_I,AREA_10_I,AREA_11_I,AREA_12_I,AREA_99_I,FIRST_CONTACT_POINT,CMV_ID,USDOT_NO,CCMC_NO,ILCC_NO,COMMERCIAL_SRC,GVWR,CARRIER_NAME,CARRIER_STATE,CARRIER_CITY,HAZMAT_PLACARDS_I,HAZMAT_NAME,UN_NO,HAZMAT_PRESENT_I,HAZMAT_REPORT_I,HAZMAT_REPORT_NO,MCS_REPORT_I,MCS_REPORT_NO,HAZMAT_VIO_CAUSE_CRASH_I,MCS_VIO_CAUSE_CRASH_I,IDOT_PERMIT_NO,WIDE_LOAD_I,TRAILER1_WIDTH,TRAILER2_WIDTH,TRAILER1_LENGTH,TRAILER2_LENGTH,TOTAL_VEHICLE_LENGTH,AXLE_CNT,VEHICLE_CONFIG,CARGO_BODY_TYPE,LOAD_TYPE,HAZMAT_OUT_OF_SERVICE_I,MCS_OUT_OF_SERVICE_I,HAZMAT_CLASS
2134387,bd640818ea4ae09117ad5de11397c2fd8e2b2a4e1102f7e2d6e847c4f1c90c176364a4c21f4910ee53fe591a356023104924cad95d2159c0f1a20d22cb2624ff,08/21/2025 12:21:00 PM,2,DRIVER,,2034643,,DATSUN,OTHER (EXPLAIN IN NARRATIVE),IL,1979,UNKNOWN,PASSENGER,PERSONAL,W,SLOW/STOP IN TRAFFIC,,,1,,,,,Y,,,,,,,,,,Y,Y,,FRONT,,,,,,,,,,,,,,,,,,,,,,,,,,,,,,,,,
2133407,28d072137e4e86d66d26c89c71050babe402659e0bbae7c6e3e53f7bf7de38f299fe5ca6049383decc6e9c78c1fe8936943e3c929c550c4e43768fc634c499f0,08/21/2025 12:19:00 PM,1,DRIVER,,2033721,,DODGE,RAM 1500 VAN,IL,2025,UNKNOWN,VAN/MINI-VAN,UNKNOWN/NA,W,TURNING RIGHT,,,1,,,,,Y,,,,,,,,,,,,,FRONT-RIGHT-CORNER,,,,,,,,,,,,,,,,,,,,,,,,,,,,,,,,,
2133408,28d072137e4e86d66d26c89c71050babe402659e0bbae7c6e3e53f7bf7de38f299fe5ca6049383decc6e9c78c1fe8936943e3c929c550c4e43768fc634c499f0,08/21/2025 12:19:00 PM,2,BICYCLE,,,,,,,,,,,,,,,,,,,,,,,,,,,,,,,,,,,,,,,,,,,,,,,,,,,,,,,,,,,,,,,,,,
2133414,83d9a9158f71f15d344a1f3952cc165568b29a4dc697963f38f77cb115708eaa379bc6d434717e8c843185f906b6a0320f53cd6fe13a8c747b37a4839ca11295,08/21/2025 12:15:00 PM,1,DRIVER,1,2033719,,CHEVROLET,MALIBU,MI,2009,UNKNOWN,PASSENGER,UNKNOWN/NA,E,PASSING/OVERTAKING,,,2,,,,,,,,,,,,,,,,,,SIDE-RIGHT,,,,,,,,,,,,,,,,,,,,,,,,,,,,,,,,,
2133415,83d9a9158f71f15d344a1f3952cc165568b29a4dc697963f38f77cb115708eaa379bc6d434717e8c843185f906b6a0320f53cd6fe13a8c747b37a4839ca11295,08/21/2025 12:15:00 PM,2,PEDESTRIAN,,,,,,,,,,,,,,,,,,,,,,,,,,,,,,,,,,,,,,,,,,,,,,,,,,,,,,,,,,,,,,,,,,
2133433,b196607d83936993515f2ae2e903c919ee9ee5cc342e3f20ffa77accbdc0b981be0e172ff9aa5648eea934ba345cfb0b10c13064521d1823fbcd561d89ed38d5,08/21/2025 12:15:00 PM,1,DRIVER,,2033735,,FORD,OTHER (EXPLAIN IN NARRATIVE),IL,2017,UNKNOWN,PASSENGER,PERSONAL,UNKNOWN,UNKNOWN/NA,,,1,,,,,Y,,,,,,,,,,Y,Y,,FRONT,,,,,,,,,,,,,,,,,,,,,,,,,,,,,,,,,
2133434,b196607d83936993515f2ae2e903c919ee9ee5cc342e3f20ffa77accbdc0b981be0e172ff9aa5648eea934ba345cfb0b10c13064521d1823fbcd561d89ed38d5,08/21/2025 12:15:00 PM,2,DRIVER,,2033742,,BMW,OTHER (EXPLAIN IN NARRATIVE),IL,2025,UNKNOWN,PASSENGER,PERSONAL,UNKNOWN,UNKNOWN/NA,,,1,,,,,Y,Y,Y,,,,,,,,,Y,,FRONT-RIGHT-CORNER,,,,,,,,,,,,,,,,,,,,,,,,,,,,,,,,,
2133389,4e01b94f5bef59ddaba05a78acc900d806420fadf977c080a9f20eb961b1ab36472dfc2dbcc03b09aa542aadf4b1ef627c4589833d0db51135ba7cb67d18a30b,08/21/2025 12:00:00 PM,1,DRIVER,,2033699,,NISSAN,ALTIMA,IL,2012,BRAKES,PASSENGER,PERSONAL,N,SKIDDING/CONTROL LOSS,,,1,,,,,Y,,,,,,,,,,N,Y,,FRONT,,,,,,,,,,,,,,,,,,,,,,,,,,,,,,,,,
2133390,4e01b94f5bef59ddaba05a78acc900d806420fadf977c080a9f20eb961b1ab36472dfc2dbcc03b09aa542aadf4b1ef627c4589833d0db51135ba7cb67d18a30b,08/21/2025 12:00:00 PM,2,DRIVER,,2033701,,HONDA,CIVIC,IL,2015,NONE,PASSENGER,PERSONAL,N,SLOW/STOP IN TRAFFIC,,,1,,,,,,,,,,Y,,,,,,,,REAR,,,,,,,,,,,,,,,,,,,,,,,,,,,,,,,,,
2133354,caddc11c3667805b53d894a3632d775b2656865fe523e3d4dc8b245454a5ef3bbbcc1c00c3bc4519730a84f5c36ea75d3444cca0b5053de67e85df345ef56a14,08/21/2025 12:00:00 PM,1,DRIVER,,2033667,,UNKNOWN,OTHER (EXPLAIN IN NARRATIVE),IL,,UNKNOWN,UNKNOWN/NA,UNKNOWN/NA,UNKNOWN,UNKNOWN/NA,,,1,,,,,,,,,,,,,,,,,Y,UNKNOWN,,,,,,,,,,,,,,,,,,,,,,,,,,,,,,,,,
2133355,caddc11c3667805b53d894a3632d775b2656865fe523e3d4dc8b245454a5ef3bbbcc1c00c3bc4519730a84f5c36ea75d3444cca0b5053de67e85df345ef56a14,08/21/2025 12:00:00 PM,2,PARKED,,2033671,,HONDA,HR-V,IL,2024,NONE,PASSENGER,NOT IN USE,S,PARKED,,,0,,,,,,,,,,,,Y,Y,Y,,,,SIDE-LEFT,,,,,,,,,,,,,,,,,,,,,,,,,,,,,,,,,
2133779,e1f41d0c3dba34ee00ec154040e17303f74196ae2a7d8d6592620ba9774d7ab8466af41b2e89b7a07e26b0ff9bb8253661a3d2bb0761bea8d5cda5872ded74ec,08/21/2025 12:00:00 PM,1,DRIVER,,2034073,,HYUNDAI,TUCSON,IL,2012,UNKNOWN,SPORT UTILITY VEHICLE (SUV),PERSONAL,W,STARTING IN TRAFFIC,,,1,,,,,,,,,,,,,,Y,Y,,,SIDE-LEFT-FRONT,,,,,,,,,,,,,,,,,,,,,,,,,,,,,,,,,
2133780,e1f41d0c3dba34ee00ec154040e17303f74196ae2a7d8d6592620ba9774d7ab8466af41b2e89b7a07e26b0ff9bb8253661a3d2bb0761bea8d5cda5872ded74ec,08/21/2025 12:00:00 PM,2,DRIVER,,2034078,,UNKNOWN,OTHER (EXPLAIN IN NARRATIVE),,,UNKNOWN,UNKNOWN/NA,UNKNOWN/NA,W,STRAIGHT AHEAD,,,1,,,,,,N,N,,,,,,,,,,Y,SIDE-RIGHT,,,,,,,,,,,,,,,,,,,,,,,,,,,,,,,,,
2133443,e8e346053dacc495e1f137aff9e19e63d1b3b140ed194b15cb4b8ad99194571999dd0bf760d19a8e7235cec12a4505881fa476798bab3ad9941c8e8d3ddc1b47,08/21/2025 12:00:00 PM,1,DRIVER,,2033743,,UNKNOWN,OTHER (EXPLAIN IN NARRATIVE),,,UNKNOWN,UNKNOWN/NA,UNKNOWN/NA,UNKNOWN,UNKNOWN/NA,,,1,,,,,,,,,,,,,,,,,Y,UNKNOWN,,,,,,,,,,,,,,,,,,,,,,,,,,,,,,,,,
2133446,e8e346053dacc495e1f137aff9e19e63d1b3b140ed194b15cb4b8ad99194571999dd0bf760d19a8e7235cec12a4505881fa476798bab3ad9941c8e8d3ddc1b47,08/21/2025 12:00:00 PM,2,PARKED,,2033747,,FORD,F250,IL,2016,UNKNOWN,PICKUP,OTHER,S,PARKED,,,0,,,,,Y,,,,,,,,,,Y,Y,,FRONT,,,,,,,,,,,,,,,,,,,,,,,,,,,,,,,,,
2133391,3e932984153864195ba4dbf931943aa84eefbd1c018d6f702301df4eabb5bafb5845223db091f026076f401ccde9a48aeda6217f3f97028a6c5a45dee2fa7849,08/21/2025 11:58:00 AM,1,DRIVER,,2033702,,HYUNDAI,OTHER (EXPLAIN IN NARRATIVE),,,UNKNOWN,UNKNOWN/NA,UNKNOWN/NA,W,STRAIGHT AHEAD,,,1,,,,,,,,,,,,,,,Y,Y,,FRONT-LEFT-CORNER,,,,,,,,,,,,,,,,,,,,,,,,,,,,,,,,,
2133392,3e932984153864195ba4dbf931943aa84eefbd1c018d6f702301df4eabb5bafb5845223db091f026076f401ccde9a48aeda6217f3f97028a6c5a45dee2fa7849,08/21/2025 11:58:00 AM,2,DRIVER,1,2033707,,ACURA,ADX,IL,2020,UNKNOWN,PASSENGER,RIDESHARE SERVICE,W,STRAIGHT AHEAD,,,2,,,,,Y,Y,Y,Y,,,,,,,,,,UNKNOWN,,,,,,,,,,,,,,,,,,,,,,,,,,,,,,,,,
2133372,66fc7a4ec6819ffe30e08c019e775c2c9d896119c822fc0db5868bc0185ae98f07d6ee870af89046d271bca0cd1301bd408bb701a3a2716cdf58b12afbca635a,08/21/2025 11:56:00 AM,1,DRIVER,,2033683,,RAMBLER,OTHER (EXPLAIN IN NARRATIVE),IN,2019,UNKNOWN,VAN/MINI-VAN,OTHER,N,STRAIGHT AHEAD,,,1,,,,,,,,,,,,,,,,,,TOP,,,,,,,,,,,,,,,,,,,,,,,,,,,,,,,,,
2133378,03c7ac1b18461b4cb66e83588993e8347e7032228c9509ce614c6f5db6b9de8239649f9c1bb8b27415822ceb9b4669f08f21d71a3be54bb17403e3840f42e46e,08/21/2025 11:55:00 AM,1,DRIVER,,2033692,,HONDA,CR-V,IL,2014,UNKNOWN,PASSENGER,UNKNOWN/NA,W,CHANGING LANES,,,1,,,,,,,,,,,,,Y,Y,Y,,,FRONT-LEFT-CORNER,,,,,,,,,,,,,,,,,,,,,,,,,,,,,,,,,
2133379,03c7ac1b18461b4cb66e83588993e8347e7032228c9509ce614c6f5db6b9de8239649f9c1bb8b27415822ceb9b4669f08f21d71a3be54bb17403e3840f42e46e,08/21/2025 11:55:00 AM,2,DRIVER,,2033689,,FORD,300 SERIES,IL,2020,NONE,VAN/MINI-VAN,COMMERCIAL - SINGLE UNIT,W,STRAIGHT AHEAD,,,1,,,,,Y,Y,,,,,,,,,,Y,,FRONT-RIGHT-CORNER,,,,,,,,,,,,,,,,,,,,,,,,,,,,,,,,,
2133375,9d70f0e3b7ce9db8fd57ba7e47f679616c9bdb65e126791cf99d93725bc59cdba96120f3366f8fa893b3283bd83fcfc6540acf9456cbe1ef5798b17dceecdc72,08/21/2025 11:55:00 AM,1,DRIVER,,2033688,,FORD,F100,IL,2003,NONE,PICKUP,CONSTRUCTION/MAINTENANCE,S,CHANGING LANES,,,1,,,,,Y,,,,Y,,,,,,,,,FRONT-RIGHT-CORNER,,,,,,,,,,,,,,,,,,,,,,,,,,,,,,,,,
2133376,9d70f0e3b7ce9db8fd57ba7e47f679616c9bdb65e126791cf99d93725bc59cdba96120f3366f8fa893b3283bd83fcfc6540acf9456cbe1ef5798b17dceecdc72,08/21/2025 11:55:00 AM,2,DRIVER,,2033694,,HONDA,ACCORD,IL,2008,NONE,PASSENGER,PERSONAL,S,CHANGING LANES,,,1,,,,,Y,,,,,,,,,,Y,,,FRONT-LEFT-CORNER,,,,,,,,,,,,,,,,,,,,,,,,,,,,,,,,,
2133377,9d70f0e3b7ce9db8fd57ba7e47f679616c9bdb65e126791cf99d93725bc59cdba96120f3366f8fa893b3283bd83fcfc6540acf9456cbe1ef5798b17dceecdc72,08/21/2025 11:55:00 AM,3,DRIVER,,2033698,,SUBARU,IMPREZA,,2023,NONE,PASSENGER,PERSONAL,S,STRAIGHT AHEAD,,,1,,,,,,,,,,,Y,Y,,,,,,REAR-LEFT-CORNER,,,,,,,,,,,,,,,,,,,,,,,,,,,,,,,,,
2133385,f160eb7faff213d5817dabf56bcd42c00df21da2284442860f108d8578e2901feecff372a9c4c8ed213a21d8501d1dcf14f4ef8faad0c358bfbd4b2f387ef4b2,08/21/2025 11:49:00 AM,1,DRIVER,,2033693,,DODGE,DURANGO,,,UNKNOWN,PASSENGER,UNKNOWN/NA,E,STRAIGHT AHEAD,,,1,,,,,,,,,,,,,,,Y,,Y,FRONT-LEFT-CORNER,,,,,,,,,,,,,,,,,,,,,,,,,,,,,,,,,
2133386,f160eb7faff213d5817dabf56bcd42c00df21da2284442860f108d8578e2901feecff372a9c4c8ed213a21d8501d1dcf14f4ef8faad0c358bfbd4b2f387ef4b2,08/21/2025 11:49:00 AM,2,DRIVER,,2033697,,DODGE,GRAND CARAVAN,IL,2019,NONE,PASSENGER,PERSONAL,E,STRAIGHT AHEAD,,,1,,,,,,,,Y,Y,Y,,,,,,,,REAR-RIGHT-CORNER,,,,,,,,,,,,,,,,,,,,,,,,,,,,,,,,,
2133393,2425e6ea920d81de0ddc3bb927139d5a1e7505f62305edeb780468c8ad443df0f0041739c27e575391df7b24cea0d99012feec06eae18994e779a563bfae6dd5,08/21/2025 11:46:00 AM,1,DRIVER,,2033705,,GENESIS,G70,XX,2019,UNKNOWN,PASSENGER,UNKNOWN/NA,E,STRAIGHT AHEAD,Y,,1,,City Of Chicago,Pound 6,,Y,Y,,,,,,,,Y,Y,Y,,FRONT,,,,,,,,,,,,,,,,,,,,,,,,,,,,,,,,,
2133394,2425e6ea920d81de0ddc3bb927139d5a1e7505f62305edeb780468c8ad443df0f0041739c27e575391df7b24cea0d99012feec06eae18994e779a563bfae6dd5,08/21/2025 11:46:00 AM,2,DRIVER,2,2033712,,TOYOTA,HIGHLANDER,IL,2017,UNKNOWN,SPORT UTILITY VEHICLE (SUV),PERSONAL,E,STRAIGHT AHEAD,,,3,,,,,,,,,Y,Y,Y,,,,,,,REAR,,,,,,,,,,,,,,,,,,,,,,,,,,,,,,,,,
2134741,126290aae2278e40716f07851c0b739a69a48d4c8386e9449796e843a76c5058bc79ea76b4cdbe3c88605e7d5b2d2ce9170b9ebb65c6edd5ed49e784d4bd9587,08/21/2025 11:30:00 AM,1,DRIVER,,2034994,,KIA,SORENTO,IL,2019,NONE,PASSENGER,PERSONAL,W,CHANGING LANES,,,1,,,,,,,,,,,,,,Y,Y,,,FRONT-LEFT-CORNER,,,,,,,,,,,,,,,,,,,,,,,,,,,,,,,,,
2134742,126290aae2278e40716f07851c0b739a69a48d4c8386e9449796e843a76c5058bc79ea76b4cdbe3c88605e7d5b2d2ce9170b9ebb65c6edd5ed49e784d4bd9587,08/21/2025 11:30:00 AM,2,DRIVER,,2034997,,NISSAN,VERSA,IL,2015,NONE,PASSENGER,PERSONAL,W,STRAIGHT AHEAD,,,1,,,,,N,N,Y,Y,Y,,,,,,,,,SIDE-RIGHT,,,,,,,,,,,,,,,,,,,,,,,,,,,,,,,,,
2133381,d93bc55dd1360114aed873349f416ae66dd3772598cf9f42362fae5543933f2c71ed3c46fbdcb6e52eb037e18182b25e44cd873caec9f39ee13813c8c632a728,08/21/2025 11:30:00 AM,1,DRIVER,,2033691,,KENWORTH MOTOR TRUCK COMPANY,KENWORTH MOTOR TRUCK CO.,IL,2016,UNKNOWN,UNKNOWN/NA,UNKNOWN/NA,E,STRAIGHT AHEAD,,,1,,,,,Y,,,,,,,,,,Y,Y,,FRONT,,,,,,,,,,,,,,,,,,,,,,,,,,,,,,,,,
2133382,d93bc55dd1360114aed873349f416ae66dd3772598cf9f42362fae5543933f2c71ed3c46fbdcb6e52eb037e18182b25e44cd873caec9f39ee13813c8c632a728,08/21/2025 11:30:00 AM,2,DRIVER,,2033696,,CHEVROLET,MALIBU,IL,2010,UNKNOWN,UNKNOWN/NA,UNKNOWN/NA,E,STRAIGHT AHEAD,,,1,,,,,,,,,Y,Y,Y,,,,,,,REAR,,,,,,,,,,,,,,,,,,,,,,,,,,,,,,,,,
2133380,5e9c23b566f33fdfb9e4aedcf3a794cf74330f4774844930f2b5d3a548c7712ec9b3feb9d0a69e205fbf010c8334c52dcce047dc302c1615a05e6b79d7269cbb,08/21/2025 11:22:00 AM,1,PARKED,,2033685,,HONDA,PILOT,IL,2011,UNKNOWN,PASSENGER,PERSONAL,N,PARKED,,,0,,,,,,,,,,,,,,,,,,TOP,,,,,,,,,,,,,,,,,,,,,,,,,,,,,,,,,
2133444,ac927b35e114d34829b004cbd8bf88788f852006446be625936e60dd9f2553205225413d5f830b20a7a3ceb3d19a9dcf273eb015502f88918547749b4164122e,08/21/2025 11:19:00 AM,1,DRIVER,1,2033775,,TESLA,MODEL Y,IL,2020,UNKNOWN,PASSENGER,PERSONAL,E,STRAIGHT AHEAD,Y,,2,,private tow,,,Y,Y,,,,,,,,Y,Y,Y,,FRONT,,,,,,,,,,,,,,,,,,,,,,,,,,,,,,,,,
2133445,ac927b35e114d34829b004cbd8bf88788f852006446be625936e60dd9f2553205225413d5f830b20a7a3ceb3d19a9dcf273eb015502f88918547749b4164122e,08/21/2025 11:19:00 AM,2,DRIVER,,2033787,,NISSAN,ROGUE,IL,2014,UNKNOWN,PASSENGER,PERSONAL,SW,TURNING LEFT,Y,,1,,CITY OF CHICAGO,POUND 2,,,,,,,,,,,,,,,REAR-RIGHT-CORNER,,,,,,,,,,,,,,,,,,,,,,,,,,,,,,,,,
2133399,fd7d4669b760f686ade6d361e9d47175ec516a89ae594dd6319c167767281aa85c4d04adfd8a615a9e5a5957c082d1787674af4177faa84414c5a759239ff68c,08/21/2025 11:18:00 AM,1,DRIVER,,2033709,,TOYOTA,PRIUS,IL,2011,NONE,PASSENGER,PERSONAL,E,STRAIGHT AHEAD,,,1,,,,,,,,,,,,,,,,Y,,FRONT,,,,,,,,,,,,,,,,,,,,,,,,,,,,,,,,,
2133400,fd7d4669b760f686ade6d361e9d47175ec516a89ae594dd6319c167767281aa85c4d04adfd8a615a9e5a5957c082d1787674af4177faa84414c5a759239ff68c,08/21/2025 11:18:00 AM,2,DRIVER,,2033715,,MAZDA,CX-9,IL,2013,NONE,PASSENGER,PERSONAL,S,STRAIGHT AHEAD,,,1,,,,,,,Y,Y,,,,,,,,,,SIDE-RIGHT,,,,,,,,,,,,,,,,,,,,,,,,,,,,,,,,,
2133338,4f86c78f52854ac0914deea190315e546dac363405f7985f5fc04ffae18b3f5e5a3c80644652be3acb1c52481f335eddc7dc23cd4d29a44177683b769599d161,08/21/2025 11:14:00 AM,1,DRIVER,,2033649,Y,KENWORTH MOTOR TRUCK COMPANY,KENWORTH MOTOR TRUCK CO.,IL,2003,NONE,TRACTOR W/ SEMI-TRAILER,COMMERCIAL - MULTI-UNIT,E,STRAIGHT AHEAD,,,1,,,,,Y,,,,,,,,,,Y,Y,,FRONT,"22,046",,,227453,SIDE OF TRUCK,3,GDS TRUCKING INC,IL,JOILET,,,,N,N,,N,,N,N,,,>102,>102,,,,,TRUCK/TRAILER,DUMP,OTHER,N,N,
2133339,4f86c78f52854ac0914deea190315e546dac363405f7985f5fc04ffae18b3f5e5a3c80644652be3acb1c52481f335eddc7dc23cd4d29a44177683b769599d161,08/21/2025 11:14:00 AM,2,DRIVER,,2033655,,BMW,OTHER (EXPLAIN IN NARRATIVE),IL,2022,NONE,PASSENGER,PERSONAL,E,STARTING IN TRAFFIC,,,1,,,,,,,,,Y,Y,Y,,,,,,,REAR,,,,,,,,,,,,,,,,,,,,,,,,,,,,,,,,,
2133437,da02c0e91578f22e571e3b18b3815ebcfb452dcfeba51fff2af47927ca7543967af3c0660849dd4cc31f994d5389b653806c661efa2288b3a85924ef368ad3d3,08/21/2025 11:03:00 AM,1,DRIVER,,2033739,,CHEVROLET,COBALT,IL,2005,UNKNOWN,PASSENGER,UNKNOWN/NA,W,OTHER,,,1,,,,Y,,,,,,,,,,,,,,UNKNOWN,,,,,,,,,,,,,,,,,,,,,,,,,,,,,,,,,
2133438,da02c0e91578f22e571e3b18b3815ebcfb452dcfeba51fff2af47927ca7543967af3c0660849dd4cc31f994d5389b653806c661efa2288b3a85924ef368ad3d3,08/21/2025 11:03:00 AM,2,PARKED,,2033751,,SUBARU,OUTBACK,MI,2023,UNKNOWN,PASSENGER,TAXI/FOR HIRE,UNKNOWN,PARKED,,,0,,,,,Y,Y,,,,,,,,,,,,REAR-RIGHT-CORNER,,,,,,,,,,,,,,,,,,,,,,,,,,,,,,,,,
2133892,ea777c079eeeae5e222c581ffa051219b8f89f271520b657b8f5488e4cbae59eb41e2adf074873a3333d127e484250d0bfa54c525caccb29d17ef229b85d6d72,08/21/2025 11:03:00 AM,1,DRIVER,,2034180,,NISSAN,ROGUE,IN,2014,UNKNOWN,UNKNOWN/NA,PERSONAL,S,STRAIGHT AHEAD,Y,,1,,CPD,DOTY ROAD,,Y,Y,Y,Y,Y,,,,,,,Y,Y,FRONT-RIGHT-CORNER,,,,,,,,,,,,,,,,,,,,,,,,,,,,,,,,,
2133893,ea777c079eeeae5e222c581ffa051219b8f89f271520b657b8f5488e4cbae59eb41e2adf074873a3333d127e484250d0bfa54c525caccb29d17ef229b85d6d72,08/21/2025 11:03:00 AM,2,PARKED,2,2034185,,CHEVROLET,TAHOE,IL,2003,UNKNOWN,PASSENGER,NOT IN USE,S,PARKED,,,2,,,,,,,,,,,Y,Y,Y,Y,Y,,,SIDE-LEFT-REAR,,,,,,,,,,,,,,,,,,,,,,,,,,,,,,,,,
2133894,ea777c079eeeae5e222c581ffa051219b8f89f271520b657b8f5488e4cbae59eb41e2adf074873a3333d127e484250d0bfa54c525caccb29d17ef229b85d6d72,08/21/2025 11:03:00 AM,3,PARKED,,2034194,,VOLKSWAGEN,JETTA,IL,,NONE,PASSENGER,NOT IN USE,S,PARKED,,,0,,,,,,,,,,Y,,Y,Y,Y,,,Y,UNKNOWN,,,,,,,,,,,,,,,,,,,,,,,,,,,,,,,,,
2133717,197ad65cc46e60e8cc67a0f9c3a17885fe221cdec6d4e70df5fbd7d81314db082b2f30aa68966a520406045282660a1c3ab27e8d8f9355cf2f30ec5c6c498b02,08/21/2025 11:00:00 AM,1,DRIVER,,2034004,,FORD,FUSION,IL,2007,UNKNOWN,PASSENGER,PERSONAL,E,ENTERING TRAFFIC LANE FROM PARKING,,,1,,,,,,,,,,,,,,Y,Y,Y,,FRONT-LEFT-CORNER,,,,,,,,,,,,,,,,,,,,,,,,,,,,,,,,,
2133718,197ad65cc46e60e8cc67a0f9c3a17885fe221cdec6d4e70df5fbd7d81314db082b2f30aa68966a520406045282660a1c3ab27e8d8f9355cf2f30ec5c6c498b02,08/21/2025 11:00:00 AM,2,DRIVER,,2034010,,TOYOTA,COROLLA,IL,2012,UNKNOWN,PASSENGER,PERSONAL,E,STRAIGHT AHEAD,,,1,,,,,,,Y,Y,Y,,,,,,,,,SIDE-RIGHT-REAR,,,,,,,,,,,,,,,,,,,,,,,,,,,,,,,,,
2133362,6a57cbde9112e26e404f798620d11417515035df9c21e32db1f062fe49ce98f1bcca04f8ec1ac09787eb51b2d956383f0f5746d40e50645fbfd954c904f23097,08/21/2025 11:00:00 AM,1,DRIVER,1,2033672,,BUICK,OTHER (EXPLAIN IN NARRATIVE),IL,2016,NONE,PASSENGER,PERSONAL,NW,U-TURN,Y,,2,,PRIVATE TOW,PRIVATE TOW,,,,,,,,Y,Y,,,,,Y,SIDE-LEFT-REAR,,,,,,,,,,,,,,,,,,,,,,,,,,,,,,,,,
2133363,6a57cbde9112e26e404f798620d11417515035df9c21e32db1f062fe49ce98f1bcca04f8ec1ac09787eb51b2d956383f0f5746d40e50645fbfd954c904f23097,08/21/2025 11:00:00 AM,2,DRIVER,,2033680,,TOYOTA,OTHER (EXPLAIN IN NARRATIVE),IL,2021,NONE,VAN/MINI-VAN,TAXI/FOR HIRE,N,STRAIGHT AHEAD,,,1,,,,,Y,Y,,,,,,,,,,,Y,FRONT-RIGHT-CORNER,,,,,,,,,,,,,,,,,,,,,,,,,,,,,,,,,
2133364,b348365bcdb521dc36316df524bd48ddc2e86c0c34f2cc46aa3445b8726dc12f263afdbd1aa0aab433cbe73bfd7348fe9fedc8287d963c12ed469cf3240b257d,08/21/2025 11:00:00 AM,1,DRIVER,,2033668,,MERCEDES-BENZ,S-CLASS,IL,1995,UNKNOWN,PASSENGER,PERSONAL,N,STRAIGHT AHEAD,Y,,1,,,,,Y,Y,,,,,,,,Y,Y,Y,,FRONT,,,,,,,,,,,,,,,,,,,,,,,,,,,,,,,,,
2133365,b348365bcdb521dc36316df524bd48ddc2e86c0c34f2cc46aa3445b8726dc12f263afdbd1aa0aab433cbe73bfd7348fe9fedc8287d963c12ed469cf3240b257d,08/21/2025 11:00:00 AM,2,DRIVER,,2033674,,HONDA,CR-V,IL,2012,UNKNOWN,PASSENGER,PERSONAL,N,STRAIGHT AHEAD,,,1,,,,,,,,,Y,Y,Y,,,,,,,REAR,,,,,,,,,,,,,,,,,,,,,,,,,,,,,,,,,
2133366,b348365bcdb521dc36316df524bd48ddc2e86c0c34f2cc46aa3445b8726dc12f263afdbd1aa0aab433cbe73bfd7348fe9fedc8287d963c12ed469cf3240b257d,08/21/2025 11:00:00 AM,3,DRIVER,,2033677,,BMW,OTHER (EXPLAIN IN NARRATIVE),IL,2024,UNKNOWN,PASSENGER,PERSONAL,N,STRAIGHT AHEAD,,,1,,,,,,,,,Y,Y,Y,,,,,,,REAR,,,,,,,,,,,,,,,,,,,,,,,,,,,,,,,,,
2133426,b88b24b253e2bb014e42e2ba8073e232908eb1e6cb37d97f7360a0070d7f1e0681a1542e82885ca6fc8d4367475350ce913b6dcf13db37de43517c6e957045fb,08/21/2025 11:00:00 AM,1,DRIVER,,2033726,,UNKNOWN,OTHER (EXPLAIN IN NARRATIVE),,,UNKNOWN,UNKNOWN/NA,UNKNOWN/NA,UNKNOWN,UNKNOWN/NA,,,1,,,,,,,,,,,,,,,,,,UNKNOWN,,,,,,,,,,,,,,,,,,,,,,,,,,,,,,,,,
2133427,b88b24b253e2bb014e42e2ba8073e232908eb1e6cb37d97f7360a0070d7f1e0681a1542e82885ca6fc8d4367475350ce913b6dcf13db37de43517c6e957045fb,08/21/2025 11:00:00 AM,2,PARKED,,2033732,,CHEVROLET,MALIBU,IL,2007,NONE,PASSENGER,PERSONAL,E,PARKED,,,0,,,,,Y,Y,Y,Y,Y,,,,,,,,,SIDE-RIGHT,,,,,,,,,,,,,,,,,,,,,,,,,,,,,,,,,
2133348,e2df34d5b1a4ca704bb75cd7f614e26f413b46a3ac00e6f9d9355e68e5fd1d4c17d1c3511042da53a4643e18767e7e93500d691bc6a7f74116df20b27ebf174b,08/21/2025 10:55:00 AM,1,DRIVER,,2033661,,PORSCHE,CAYENNE,IL,2018,NONE,PASSENGER,PERSONAL,SE,STRAIGHT AHEAD,,,1,,,,Y,,,,,,,,,,,,,,FRONT-RIGHT-CORNER,,,,,,,,,,,,,,,,,,,,,,,,,,,,,,,,,