CRASH_UNIT_ID,CRASH_RECORD_ID,CRASH_DATE,UNIT_NO,UNIT_TYPE,NUM_PASSENGERS,VEHICLE_ID,CMRC_VEH_I,MAKE,MODEL,LIC_PLATE_STATE,VEHICLE_YEAR,VEHICLE_DEFECT,VEHICLE_TYPE,VEHICLE_USE,TRAVEL_DIRECTION,MANEUVER,TOWED_I,FIRE_I,OCCUPANT_CNT,EXCEED_SPEED_LIMIT_I,TOWED_BY,TOWED_TO,AREA_00_I,AREA_01_I,AREA_02_I,AREA_03_I,AREA_04_I,AREA_05_I,AREA_06_I,AREA_07_I,AREA_08_I,AREA_09_I,AREA_10_I,AREA_11_I,AREA_12_I,AREA_99_I,FIRST_CONTACT_POINT,CMV_ID,USDOT_NO,CCMC_NO,ILCC_NO,COMMERCIAL_SRC,GVWR,CARRIER_NAME,CARRIER_STATE,CARRIER_CITY,HAZMAT_PLACARDS_I,HAZMAT_NAME,UN_NO,HAZMAT_PRESENT_I,HAZMAT_REPORT_I,HAZMAT_REPORT_NO,MCS_REPORT_I,MCS_REPORT_NO,HAZMAT_VIO_CAUSE_CRASH_I,MCS_VIO_CAUSE_CRASH_I,IDOT_PERMIT_NO,WIDE_LOAD_I,TRAILER1_WIDTH,TRAILER2_WIDTH,TRAILER1_LENGTH,TRAILER2_LENGTH,TOTAL_VEHICLE_LENGTH,AXLE_CNT,VEHICLE_CONFIG,CARGO_BODY_TYPE,LOAD_TYPE,HAZMAT_OUT_OF_SERVICE_I,MCS_OUT_OF_SERVICE_I,HAZMAT_CLASS
2133349,e2df34d5b1a4ca704bb75cd7f614e26f413b46a3ac00e6f9d9355e68e5fd1d4c17d1c3511042da53a4643e18767e7e93500d691bc6a7f74116df20b27ebf174b,08/21/2025 10:55:00 AM,2,PEDESTRIAN,,,,,,,,,,,,,,,,,,,,,,,,,,,,,,,,,,,,,,,,,,,,,,,,,,,,,,,,,,,,,,,,,,
2133358,f854a00369241a0b475d30a8067a16a73b52971418cc2b498ed389abce0c791a9820e0453fbfc2a6eaebd481fbb3e99bb7774796de2b9aff0856112aab05ed4a,08/21/2025 10:55:00 AM,1,DRIVER,,2033675,,FORD,F150,IL,,NONE,PICKUP,UNKNOWN/NA,E,SLOW/STOP IN TRAFFIC,,,1,,,,,,,,,,N,N,,,,,Y,,FRONT,,,,,,,,,,,,,,,,,,,,,,,,,,,,,,,,,
2133359,f854a00369241a0b475d30a8067a16a73b52971418cc2b498ed389abce0c791a9820e0453fbfc2a6eaebd481fbb3e99bb7774796de2b9aff0856112aab05ed4a,08/21/2025 10:55:00 AM,2,DRIVER,,2033679,,HONDA,CIVIC,WI,2021,NONE,PASSENGER,PERSONAL,E,SLOW/STOP IN TRAFFIC,,,1,,,,,,,,,,Y,Y,,,,,,,REAR,,,,,,,,,,,,,,,,,,,,,,,,,,,,,,,,,
2133367,f23d3f90bb2c347fb2b69a78aff4344fdbaf78918b623573ec2905f0627340664579ea08710760fef7e82d7a83315c180fc3af7345490dc06e7dd51bdde714ba,08/21/2025 10:54:00 AM,1,DRIVER,,2033678,,CHEVROLET,EQUINOX,IL,2010,UNKNOWN,SPORT UTILITY VEHICLE (SUV),PERSONAL,S,TURNING RIGHT,,,1,,,,,Y,,,,,,,,,Y,Y,Y,,FRONT-LEFT-CORNER,,,,,,,,,,,,,,,,,,,,,,,,,,,,,,,,,
2133368,f23d3f90bb2c347fb2b69a78aff4344fdbaf78918b623573ec2905f0627340664579ea08710760fef7e82d7a83315c180fc3af7345490dc06e7dd51bdde714ba,08/21/2025 10:54:00 AM,2,DRIVER,,2033682,,HYUNDAI,SANTA FE,IL,2019,UNKNOWN,SPORT UTILITY VEHICLE (SUV),PERSONAL,W,STRAIGHT AHEAD,,,1,,,,,Y,Y,Y,Y,,,,,,,,,,SIDE-RIGHT-FRONT,,,,,,,,,,,,,,,,,,,,,,,,,,,,,,,,,
2133383,6ae96c5ed413d460d2f77216154bcefcb5d2432d8308a55dd5074dac66c3c5e1923766c23a3bf8d0357acab08315d5d7a8ee03d275ed82fd53c5ce3a6c51d0cf,08/21/2025 10:47:00 AM,1,DRIVER,,2033690,,JEEP,RENEGADE,IL,2017,UNKNOWN,PASSENGER,UNKNOWN/NA,W,BACKING,,,1,,,,,,,,,,,N,,,,,,Y,REAR,,,,,,,,,,,,,,,,,,,,,,,,,,,,,,,,,
2133384,6ae96c5ed413d460d2f77216154bcefcb5d2432d8308a55dd5074dac66c3c5e1923766c23a3bf8d0357acab08315d5d7a8ee03d275ed82fd53c5ce3a6c51d0cf,08/21/2025 10:47:00 AM,2,PARKED,,2033695,,TOYOTA,COROLLA,IL,2019,UNKNOWN,PASSENGER,UNKNOWN/NA,N,PARKED,,,0,,,,,,,,,,,Y,,,,,,,REAR,,,,,,,,,,,,,,,,,,,,,,,,,,,,,,,,,
2133342,e338f897273e4c784062395de9f92ff7a16b1d9a3654320be28bfc3b9a5ffeba06a2decb696a33a50da6c641fa3fa74611faff3cabf1040051f9d6f05c78618e,08/21/2025 10:44:00 AM,1,DRIVER,,2033656,,NOVA BUS,OTHER (EXPLAIN IN NARRATIVE),IL,2023,UNKNOWN,BUS OVER 15 PASS.,CTA,S,STRAIGHT AHEAD,,,1,,,,Y,,,,,,,,,,,,,,SIDE-LEFT,,,,,,,,,,,,,,,,,,,,,,,,,,,,,,,,,
2133343,e338f897273e4c784062395de9f92ff7a16b1d9a3654320be28bfc3b9a5ffeba06a2decb696a33a50da6c641fa3fa74611faff3cabf1040051f9d6f05c78618e,08/21/2025 10:44:00 AM,2,DRIVER,,2033659,,CHEVROLET,SILVERADO,IL,2018,UNKNOWN,PICKUP,PERSONAL,N,STRAIGHT AHEAD,,,1,,,,,,,,,,,,,,,Y,,,SIDE-LEFT,,,,,,,,,,,,,,,,,,,,,,,,,,,,,,,,,
2133326,268e593fe5e63d7d776203667200920aaa51be0249cb8047a035c09ae7331ac671eea75fd02d1dce16f6cd59b4dff4b8561c0086f8785914914d2e2d7653cd1a,08/21/2025 10:32:00 AM,1,DRIVER,,2033638,,AUTOCAR,AUTOCAR,IL,2010,NONE,UNKNOWN/NA,OTHER,N,STRAIGHT AHEAD,,,1,,,,Y,,,,,,,,,,,,,,NONE,,,,,,,,,,,,,,,,,,,,,,,,,,,,,,,,,
2133327,268e593fe5e63d7d776203667200920aaa51be0249cb8047a035c09ae7331ac671eea75fd02d1dce16f6cd59b4dff4b8561c0086f8785914914d2e2d7653cd1a,08/21/2025 10:32:00 AM,2,PARKED,,2033642,,TOYOTA,CAMRY,,2009,NONE,PASSENGER,PERSONAL,S,PARKED,,,0,,,,,,,,,,,,,,Y,Y,,,SIDE-LEFT,,,,,,,,,,,,,,,,,,,,,,,,,,,,,,,,,
2133318,1c3de9e75084e6b266b50298121c869527a3e4dd50bf6fa60f9aadc0b08afbec1b8b5a0fe038656674cb91fa4c8a2f909862ec2e753433a7210a766a93d5320d,08/21/2025 10:30:00 AM,1,DRIVER,,2033630,,HONDA,PASSPORT,IL,2024,NONE,PASSENGER,PERSONAL,E,STRAIGHT AHEAD,,,1,,,,,,,,,,,,,,,Y,,,FRONT-LEFT-CORNER,,,,,,,,,,,,,,,,,,,,,,,,,,,,,,,,,
2133319,1c3de9e75084e6b266b50298121c869527a3e4dd50bf6fa60f9aadc0b08afbec1b8b5a0fe038656674cb91fa4c8a2f909862ec2e753433a7210a766a93d5320d,08/21/2025 10:30:00 AM,2,DRIVER,,2033635,,DODGE,DURANGO,IL,2015,NONE,VAN/MINI-VAN,PERSONAL,E,STRAIGHT AHEAD,,,1,,,,,,,Y,Y,,,,,,,,,,SIDE-RIGHT,,,,,,,,,,,,,,,,,,,,,,,,,,,,,,,,,
2133332,f1551a3272ca630fd519fa7bdd1135f4e3da0d575a74a4d164029d6814be2d823ce74ed57f00561d933eb8a92c7cde6360f653d99b512f8851baa9c72c80d763,08/21/2025 10:30:00 AM,1,DRIVER,2,2033652,,FORD,OTHER (EXPLAIN IN NARRATIVE),IL,2022,NONE,OTHER,AMBULANCE,W,STRAIGHT AHEAD,,,3,,,,,,,,Y,Y,,,,,,,,,REAR-RIGHT-CORNER,,,,,,,,,,,,,,,,,,,,,,,,,,,,,,,,,
2133333,f1551a3272ca630fd519fa7bdd1135f4e3da0d575a74a4d164029d6814be2d823ce74ed57f00561d933eb8a92c7cde6360f653d99b512f8851baa9c72c80d763,08/21/2025 10:30:00 AM,2,PARKED,,2033657,,NISSAN,SENTRA,IL,2008,NONE,PASSENGER,PERSONAL,UNKNOWN,PARKED,,,0,,,,,,,,,,,Y,Y,Y,,,,,SIDE-LEFT,,,,,,,,,,,,,,,,,,,,,,,,,,,,,,,,,
2134080,a24513b2227ccca833191807e84c5ea5000b0fe514607bbaad5935050a6fc07cca52baaf76d340d1537cdf48d37df080e1fb5d04aabe49537739391a3a66423f,08/21/2025 10:20:00 AM,1,DRIVER,,2034384,,MAZDA,CX-3,IL,2020,NONE,PASSENGER,PERSONAL,N,LEAVING TRAFFIC LANE TO PARK,,,1,,,,,,,,Y,,,,,,,,,,SIDE-RIGHT,,,,,,,,,,,,,,,,,,,,,,,,,,,,,,,,,
2134081,a24513b2227ccca833191807e84c5ea5000b0fe514607bbaad5935050a6fc07cca52baaf76d340d1537cdf48d37df080e1fb5d04aabe49537739391a3a66423f,08/21/2025 10:20:00 AM,2,PARKED,,2034387,,NISSAN,ALTIMA,IL,,NONE,PASSENGER,NOT IN USE,N,PARKED,,,0,,,,,,,,,,,,,,Y,Y,,,FRONT-LEFT-CORNER,,,,,,,,,,,,,,,,,,,,,,,,,,,,,,,,,
2133387,ca89188692f3b674cf35e0135219718d7a0646449e46105ee15f71177f479f4d9e337e174886668845889d5bb18be9918d14f48ef15fd8e730f3a3bfc5b96fb2,08/21/2025 10:20:00 AM,1,DRIVER,,2033700,,TOYOTA,CAMRY,IL,2004,NONE,PASSENGER,PERSONAL,E,STRAIGHT AHEAD,,,1,,,,,,,,,,,,,,,,Y,,UNKNOWN,,,,,,,,,,,,,,,,,,,,,,,,,,,,,,,,,
2133388,ca89188692f3b674cf35e0135219718d7a0646449e46105ee15f71177f479f4d9e337e174886668845889d5bb18be9918d14f48ef15fd8e730f3a3bfc5b96fb2,08/21/2025 10:20:00 AM,2,DRIVER,1,2033706,,FORD,OTHER (EXPLAIN IN NARRATIVE),IL,2020,NONE,OTHER,HOUSE TRAILER,E,SLOW/STOP IN TRAFFIC,,,2,,,,,,,,,Y,,,,,,,,,REAR-RIGHT-CORNER,,,,,,,,,,,,,,,,,,,,,,,,,,,,,,,,,
2133340,f54e6328ccdafad2514686a251cc77b61193a15a49f07ed411d679143fb10b15f1916d8ebbee56abd081c78116653b131d384d32e88df1ea88d017676869177e,08/21/2025 10:18:00 AM,1,DRIVER,,2033650,,FORD,OTHER (EXPLAIN IN NARRATIVE),IL,2020,NONE,BUS UP TO 15 PASS.,OTHER,N,LEAVING TRAFFIC LANE TO PARK,,,1,,,,,,,,Y,,,,,,,,,,SIDE-RIGHT,,,,,,,,,,,,,,,,,,,,,,,,,,,,,,,,,
2133341,f54e6328ccdafad2514686a251cc77b61193a15a49f07ed411d679143fb10b15f1916d8ebbee56abd081c78116653b131d384d32e88df1ea88d017676869177e,08/21/2025 10:18:00 AM,2,PARKED,1,2033654,,DODGE,OTHER (EXPLAIN IN NARRATIVE),IL,2024,NONE,PASSENGER,PERSONAL,N,PARKED,,,1,,,,,,,,,,,,,,Y,Y,,,FRONT-LEFT-CORNER,,,,,,,,,,,,,,,,,,,,,,,,,,,,,,,,,
2133310,551c0be95036ec3ba432f73977725c4699a923206ab788fc808c8c5c49992618b0c6767638511823049da63f217292225eb480ff5cc0e27f5292eb50edfcee29,08/21/2025 10:14:00 AM,1,DRIVER,,2033620,,TOYOTA,COROLLA,IL,2024,NONE,PASSENGER,PERSONAL,S,STRAIGHT AHEAD,,,1,,,,,,,,,,,,,,,,Y,,FRONT,,,,,,,,,,,,,,,,,,,,,,,,,,,,,,,,,
2133311,551c0be95036ec3ba432f73977725c4699a923206ab788fc808c8c5c49992618b0c6767638511823049da63f217292225eb480ff5cc0e27f5292eb50edfcee29,08/21/2025 10:14:00 AM,2,DRIVER,,2033625,,FORD,300 SERIES,IL,2020,NONE,PASSENGER,OTHER,S,STRAIGHT AHEAD,,,1,,,,Y,,,,,,,,,,,,,,REAR,,,,,,,,,,,,,,,,,,,,,,,,,,,,,,,,,
2133500,f0f64965f3e10358540386bdff79e1900f85150f87a42dce61003a6d78d218277ac1b2372aa1966b3cbea3d876566172e0bd791f9f7a63bbd33713321d62bc1c,08/21/2025 10:07:00 AM,1,DRIVER,,2033790,,AUTOCAR,AUTOCAR,IL,2009,NONE,OTHER,OTHER,N,STRAIGHT AHEAD,,,1,,,,,,,,,,,,,,,,,,NONE,,,,,,,,,,,,,,,,,,,,,,,,,,,,,,,,,
2133306,4b1bdc2c6528716a6527608446cc7e8afa0fadb5407152c3e1410b99e014cf20916123351594222162c8e86c1462902826aeccaeb0bb597ba6776143dca183e9,08/21/2025 10:00:00 AM,1,DRIVER,,2033626,,NOVA BUS,OTHER (EXPLAIN IN NARRATIVE),IL,2022,NONE,BUS OVER 15 PASS.,CTA,W,STRAIGHT AHEAD,,,1,,,,,,,Y,N,,,,,,,,,,SIDE-RIGHT,,,,,,,,,,,,,,,,,,,,,,,,,,,,,,,,,
2133307,4b1bdc2c6528716a6527608446cc7e8afa0fadb5407152c3e1410b99e014cf20916123351594222162c8e86c1462902826aeccaeb0bb597ba6776143dca183e9,08/21/2025 10:00:00 AM,2,DRIVER,,2033629,,FORD,TRANSIT CONNECT,WI,2017,NONE,PASSENGER,PERSONAL,W,OTHER,,,1,,,,,,,,,,,,,Y,,,,,SIDE-LEFT,,,,,,,,,,,,,,,,,,,,,,,,,,,,,,,,,
2137256,c532e2b1676d5b1870b9bf14640379c4d9ee27c61ed34ef829a9a4f3022a2cbe108181e74d3fe946b343121935209d2bf46d5a484d4a80a06abd07fddbfd7700,08/21/2025 10:00:00 AM,1,DRIVER,,2037424,,UNKNOWN,OTHER (EXPLAIN IN NARRATIVE),,,UNKNOWN,UNKNOWN/NA,UNKNOWN/NA,UNKNOWN,UNKNOWN/NA,,,1,,,,,,,,,,,,,,,,,Y,UNKNOWN,,,,,,,,,,,,,,,,,,,,,,,,,,,,,,,,,
2137257,c532e2b1676d5b1870b9bf14640379c4d9ee27c61ed34ef829a9a4f3022a2cbe108181e74d3fe946b343121935209d2bf46d5a484d4a80a06abd07fddbfd7700,08/21/2025 10:00:00 AM,2,PARKED,,2037430,,TOYOTA,CAMRY,IL,2014,UNKNOWN,PASSENGER,NOT IN USE,W,PARKED,,,0,,,,,,,,,,,,,,Y,Y,Y,,SIDE-LEFT-FRONT,,,,,,,,,,,,,,,,,,,,,,,,,,,,,,,,,
2133350,d4567a997659476f447786fb3e140a2538b6fd448e06de20491e11ef5de2daa0e923c48af01432980abc6c93670e12686330217f75f3293d8c7e90bca874781b,08/21/2025 10:00:00 AM,1,DRIVER,,2033669,,ACURA,ADX,IL,,UNKNOWN,UNKNOWN/NA,UNKNOWN/NA,W,STRAIGHT AHEAD,,,1,,,,,,,,,,,,,,,,Y,,FRONT,,,,,,,,,,,,,,,,,,,,,,,,,,,,,,,,,
2133351,d4567a997659476f447786fb3e140a2538b6fd448e06de20491e11ef5de2daa0e923c48af01432980abc6c93670e12686330217f75f3293d8c7e90bca874781b,08/21/2025 10:00:00 AM,2,DRIVER,,2033664,,CHEVROLET,MALIBU,IL,2021,NONE,PASSENGER,PERSONAL,W,STRAIGHT AHEAD,,,1,,,,,,Y,Y,,,,,,,,,,,SIDE-RIGHT,,,,,,,,,,,,,,,,,,,,,,,,,,,,,,,,,
2133320,5145427de89825655eb960629616b8a13dad6f3ae6c1194fd172074c98b866e709ca4540430cd0a37169d779c48dc2121bc26c08cb7be7b4b8eecbdd555e3998,08/21/2025 09:50:00 AM,1,DRIVER,3,2033645,,FORD,F450,IL,,UNKNOWN,OTHER,AMBULANCE,S,STRAIGHT AHEAD,,,4,,,,,,,,,,,,,,,,,,SIDE-RIGHT-REAR,,,,,,,,,,,,,,,,,,,,,,,,,,,,,,,,,
2133321,5145427de89825655eb960629616b8a13dad6f3ae6c1194fd172074c98b866e709ca4540430cd0a37169d779c48dc2121bc26c08cb7be7b4b8eecbdd555e3998,08/21/2025 09:50:00 AM,2,DRIVER,,2033653,,FORD,TRANSIT,IL,2020,OTHER,OTHER,OTHER,S,OTHER,,,1,,,,,,,,,,,Y,Y,,,,,,REAR-LEFT-CORNER,,,,,,,,,,,,,,,,,,,,,,,,,,,,,,,,,
2133841,52b9b9cf49533100a23e879c8c42734b0fdcb3473595900df3200265299b5e4a373991a38fa18c0f74e382680e5501df80c893df0ee09d67774dd22c6bdd6547,08/21/2025 09:40:00 AM,1,DRIVER,,2034130,,CHEVROLET,EQUINOX,IL,2016,UNKNOWN,SPORT UTILITY VEHICLE (SUV),PERSONAL,W,SLOW/STOP IN TRAFFIC,,,1,,,,,,,,,,Y,,,,,,,,REAR,,,,,,,,,,,,,,,,,,,,,,,,,,,,,,,,,
2133842,52b9b9cf49533100a23e879c8c42734b0fdcb3473595900df3200265299b5e4a373991a38fa18c0f74e382680e5501df80c893df0ee09d67774dd22c6bdd6547,08/21/2025 09:40:00 AM,2,DRIVER,,2034134,,NISSAN,ROGUE,IL,2020,UNKNOWN,SPORT UTILITY VEHICLE (SUV),PERSONAL,W,SLOW/STOP IN TRAFFIC,,,1,,,,,Y,,,,,,,,,,Y,Y,,FRONT,,,,,,,,,,,,,,,,,,,,,,,,,,,,,,,,,
2133302,5ac460eb67dbcd9a393eaa392799dd5a136e12f6317ceae04449a6dfac3cc003280b5e86ff78d8f68345720f875e5050a672ad193afdfe91b5dc6d93b4a9b3a8,08/21/2025 09:40:00 AM,1,DRIVER,,2033613,,HONDA,CIVIC,IL,,NONE,PASSENGER,PERSONAL,N,STRAIGHT AHEAD,,,1,,,,,,,,,,,,,,,,,,SIDE-RIGHT-FRONT,,,,,,,,,,,,,,,,,,,,,,,,,,,,,,,,,
2133303,5ac460eb67dbcd9a393eaa392799dd5a136e12f6317ceae04449a6dfac3cc003280b5e86ff78d8f68345720f875e5050a672ad193afdfe91b5dc6d93b4a9b3a8,08/21/2025 09:40:00 AM,2,PARKED,,2033617,,LEXUS,OTHER (EXPLAIN IN NARRATIVE),IL,2025,NONE,PASSENGER,PERSONAL,N,PARKED,,,0,,,,,,,,,,,,,,,Y,,,SIDE-LEFT-FRONT,,,,,,,,,,,,,,,,,,,,,,,,,,,,,,,,,
2137971,20b32cc2209b281bf471e1611f377acc6d290cf7d2311fbd8a5bbe325946ddd20210dfae0040b4530b52b0323a0a8b46b7a2117d2fa1b40cbf1153184641b018,08/21/2025 09:30:00 AM,1,PARKED,1,2038072,,SUBARU,FORESTER,IL,2017,NONE,SPORT UTILITY VEHICLE (SUV),PERSONAL,E,PARKED,,,1,,,,,,,,,,,,,Y,,,,,SIDE-LEFT,,,,,,,,,,,,,,,,,,,,,,,,,,,,,,,,,
2137972,20b32cc2209b281bf471e1611f377acc6d290cf7d2311fbd8a5bbe325946ddd20210dfae0040b4530b52b0323a0a8b46b7a2117d2fa1b40cbf1153184641b018,08/21/2025 09:30:00 AM,2,BICYCLE,,,,,,,,,,,,,,,,,,,,,,,,,,,,,,,,,,,,,,,,,,,,,,,,,,,,,,,,,,,,,,,,,,
2133409,2debf5d40ba46bf1f865f0ded5c30eadb0b9a8407ee785d8aebdc664d32bc017a777ecf4c8c1c683ae2bf121f637d38d87ae339bf1b1900a3193b89d5433db90,08/21/2025 09:30:00 AM,1,DRIVER,,2033713,,UNKNOWN,OTHER (EXPLAIN IN NARRATIVE),IL,,UNKNOWN,UNKNOWN/NA,UNKNOWN/NA,E,UNKNOWN/NA,,,1,,,,,,,,,,,,,,,,,Y,UNKNOWN,,,,,,,,,,,,,,,,,,,,,,,,,,,,,,,,,
2133410,2debf5d40ba46bf1f865f0ded5c30eadb0b9a8407ee785d8aebdc664d32bc017a777ecf4c8c1c683ae2bf121f637d38d87ae339bf1b1900a3193b89d5433db90,08/21/2025 09:30:00 AM,2,PARKED,,2033716,,INTERNATIONAL TRAILER CORPORATION,OTHER (EXPLAIN IN NARRATIVE),IL,2024,UNKNOWN,TRACTOR W/ SEMI-TRAILER,UNKNOWN/NA,E,PARKED,,,0,,,,,Y,Y,,N,N,,,,,,,,,FRONT-RIGHT-CORNER,,,,,,,,,,,,,,,,,,,,,,,,,,,,,,,,,
2133288,50d9a2f251078d38ffffe9c4cdf636860dcf2359fbb2eda7c3a0a541eb9caefa779ffe1ee63157237b22dac75ad81956386f1a9b455ce95aa5a9e035d23d3581,08/21/2025 09:20:00 AM,1,DRIVER,,2033598,,NISSAN,ALTIMA,,,UNKNOWN,PASSENGER,UNKNOWN/NA,W,STRAIGHT AHEAD,,,1,,,,,,,,,,,,,,,N,,Y,FRONT-LEFT-CORNER,,,,,,,,,,,,,,,,,,,,,,,,,,,,,,,,,
2133289,50d9a2f251078d38ffffe9c4cdf636860dcf2359fbb2eda7c3a0a541eb9caefa779ffe1ee63157237b22dac75ad81956386f1a9b455ce95aa5a9e035d23d3581,08/21/2025 09:20:00 AM,2,DRIVER,,2033608,,TOYOTA,CAMRY,IL,2018,UNKNOWN,PASSENGER,PERSONAL,W,STRAIGHT AHEAD,,,1,,,,,Y,Y,,,,,,,,,,,,FRONT-RIGHT-CORNER,,,,,,,,,,,,,,,,,,,,,,,,,,,,,,,,,
2134084,e54d6a7554d3b7f91aedc53ca070b83fffdf3d14636796feb1394840802a922879b15ed5d098f485bd64a065f01914f24595554e03c7b5425e1ed9bf803c58b1,08/21/2025 09:20:00 AM,1,DRIVER,,2034365,,LEXUS,ES330,IL,2004,UNKNOWN,PASSENGER,PERSONAL,E,STRAIGHT AHEAD,,,1,,,,,,,,,,,,,,,Y,,,FRONT-LEFT-CORNER,,,,,,,,,,,,,,,,,,,,,,,,,,,,,,,,,
2134085,e54d6a7554d3b7f91aedc53ca070b83fffdf3d14636796feb1394840802a922879b15ed5d098f485bd64a065f01914f24595554e03c7b5425e1ed9bf803c58b1,08/21/2025 09:20:00 AM,2,DRIVER,,2034370,,NISSAN,MURANO,IL,2007,UNKNOWN,PASSENGER,PERSONAL,S,STRAIGHT AHEAD,,,1,,,,,Y,,,,,,,,,,,,,FRONT-RIGHT-CORNER,,,,,,,,,,,,,,,,,,,,,,,,,,,,,,,,,
2133298,4ec892d1f144798d76a7a135c1819729474e420fcf7cc92ff4c479aae91e6002c1870418b293440f037b76fa4750ec6e1031f7c60f9ec305136785a1a7b0fb0c,08/21/2025 09:11:00 AM,1,DRIVER,,2033611,,KIA,NIRO,IL,2024,NONE,SPORT UTILITY VEHICLE (SUV),PERSONAL,N,SLOW/STOP IN TRAFFIC,,,1,,,,,,,,,,,,,,,,,,FRONT,,,,,,,,,,,,,,,,,,,,,,,,,,,,,,,,,
2133299,4ec892d1f144798d76a7a135c1819729474e420fcf7cc92ff4c479aae91e6002c1870418b293440f037b76fa4750ec6e1031f7c60f9ec305136785a1a7b0fb0c,08/21/2025 09:11:00 AM,2,DRIVER,,2033615,,HARLEY-DAVIDSON,HARLEY-DAVIDSON,IL,2024,NONE,MOTORCYCLE (OVER 150CC),PERSONAL,N,SLOW/STOP IN TRAFFIC,,,1,,,,,,,,,Y,Y,Y,,,,,,,REAR,,,,,,,,,,,,,,,,,,,,,,,,,,,,,,,,,
2133278,2109b90e51099ed7426bdab7be73755c6fbb4bd89e7b62c94766fbdc2e16b50308bc47ce3382f08c955811bc1a22989b72b817f57077d8e6a1687a07e39672d7,08/21/2025 09:06:00 AM,1,DRIVER,1,2033597,,CHEVROLET,TAHOE,IL,2023,NONE,SPORT UTILITY VEHICLE (SUV),PERSONAL,NW,TURNING RIGHT,Y,,2,,unknown tow company,unknown  location,,,,,,,,,,,,Y,,,FRONT-LEFT-CORNER,,,,,,,,,,,,,,,,,,,,,,,,,,,,,,,,,
2133279,2109b90e51099ed7426bdab7be73755c6fbb4bd89e7b62c94766fbdc2e16b50308bc47ce3382f08c955811bc1a22989b72b817f57077d8e6a1687a07e39672d7,08/21/2025 09:06:00 AM,2,DRIVER,,2033610,,TOYOTA,CAMRY,IL,2010,NONE,PASSENGER,PERSONAL,N,STRAIGHT AHEAD,Y,,1,,Unknown  tow company,unknown location,,Y,,,,,,,,,,,,,FRONT-RIGHT-CORNER,,,,,,,,,,,,,,,,,,,,,,,,,,,,,,,,,
2133292,94f2a0698c25af8a7bf37bf1420c9190e3de9be0202afea880fbb832b527691bd42055ebc2029035a35c38e82202d8a8b41da4958ee97463bf977a15d727ada2,08/21/2025 09:05:00 AM,1,DRIVER,,2033603,,UNKNOWN,OTHER (EXPLAIN IN NARRATIVE),IL,,UNKNOWN,OTHER,UNKNOWN/NA,UNKNOWN,UNKNOWN/NA,,,1,,,,,,,,,,,,,,,,,,UNKNOWN,,,,,,,,,,,,,,,,,,,,,,,,,,,,,,,,,
2133293,94f2a0698c25af8a7bf37bf1420c9190e3de9be0202afea880fbb832b527691bd42055ebc2029035a35c38e82202d8a8b41da4958ee97463bf977a15d727ada2,08/21/2025 09:05:00 AM,2,PARKED,,2033604,,HONDA,HR-V,IL,,NONE,PASSENGER,PERSONAL,N,PARKED,,,0,,,,,,,,,,,,,,Y,,,,SIDE-LEFT,,,,,,,,,,,,,,,,,,,,,,,,,,,,,,,,,
2133783,0c6cd61f2b9c375c7124ff683a4054c003d6ded6b1942d729edd1f40f7618d1a1d8c1d971c53f812fa0d79e96366261dd389b1c0d3cd4dafe0475f3c32de6efa,08/21/2025 09:00:00 AM,1,DRIVER,,2034072,,UNKNOWN,MOTORIZED,,,UNKNOWN,UNKNOWN/NA,UNKNOWN/NA,UNKNOWN,UNKNOWN/NA,,,1,,,,,,,,,,,,,,,,,,UNKNOWN,,,,,,,,,,,,,,,,,,,,,,,,,,,,,,,,,
2133784,0c6cd61f2b9c375c7124ff683a4054c003d6ded6b1942d729edd1f40f7618d1a1d8c1d971c53f812fa0d79e96366261dd389b1c0d3cd4dafe0475f3c32de6efa,08/21/2025 09:00:00 AM,2,PARKED,,2034075,,DODGE,JOURNEY,IL,2015,NONE,PASSENGER,PERSONAL,E,PARKED,,,0,,,,,,,,,,,,,Y,Y,Y,,,SIDE-LEFT,,,,,,,,,,,,,,,,,,,,,,,,,,,,,,,,,
2133312,87d48143407b15df8c73debc116a48714d6c379ed470b915ccd2d2b0a12b0558d8d009e2753d2227692ef442e7d30053d90e87cc6d48d377a67ce9c3a9f6fc80,08/21/2025 09:00:00 AM,1,DRIVER,,2033622,,KIA,SOUL,IL,2011,UNKNOWN,UNKNOWN/NA,UNKNOWN/NA,E,STRAIGHT AHEAD,,,1,,,,,,,,,,,,,,,,,Y,UNKNOWN,,,,,,,,,,,,,,,,,,,,,,,,,,,,,,,,,
2133313,87d48143407b15df8c73debc116a48714d6c379ed470b915ccd2d2b0a12b0558d8d009e2753d2227692ef442e7d30053d90e87cc6d48d377a67ce9c3a9f6fc80,08/21/2025 09:00:00 AM,2,DRIVER,,2033628,,MAZDA,CX-5,IL,2018,UNKNOWN,UNKNOWN/NA,UNKNOWN/NA,E,U-TURN,,,1,,,,,,,,Y,Y,,,,,,,,,SIDE-RIGHT,,,,,,,,,,,,,,,,,,,,,,,,,,,,,,,,,