CRASH_UNIT_ID,CRASH_RECORD_ID,CRASH_DATE,UNIT_NO,UNIT_TYPE,NUM_PASSENGERS,VEHICLE_ID,CMRC_VEH_I,MAKE,MODEL,LIC_PLATE_STATE,VEHICLE_YEAR,VEHICLE_DEFECT,VEHICLE_TYPE,VEHICLE_USE,TRAVEL_DIRECTION,MANEUVER,TOWED_I,FIRE_I,OCCUPANT_CNT,EXCEED_SPEED_LIMIT_I,TOWED_BY,TOWED_TO,AREA_00_I,AREA_01_I,AREA_02_I,AREA_03_I,AREA_04_I,AREA_05_I,AREA_06_I,AREA_07_I,AREA_08_I,AREA_09_I,AREA_10_I,AREA_11_I,AREA_12_I,AREA_99_I,FIRST_CONTACT_POINT,CMV_ID,USDOT_NO,CCMC_NO,ILCC_NO,COMMERCIAL_SRC,GVWR,CARRIER_NAME,CARRIER_STATE,CARRIER_CITY,HAZMAT_PLACARDS_I,HAZMAT_NAME,UN_NO,HAZMAT_PRESENT_I,HAZMAT_REPORT_I,HAZMAT_REPORT_NO,MCS_REPORT_I,MCS_REPORT_NO,HAZMAT_VIO_CAUSE_CRASH_I,MCS_VIO_CAUSE_CRASH_I,IDOT_PERMIT_NO,WIDE_LOAD_I,TRAILER1_WIDTH,TRAILER2_WIDTH,TRAILER1_LENGTH,TRAILER2_LENGTH,TOTAL_VEHICLE_LENGTH,AXLE_CNT,VEHICLE_CONFIG,CARGO_BODY_TYPE,LOAD_TYPE,HAZMAT_OUT_OF_SERVICE_I,MCS_OUT_OF_SERVICE_I,HAZMAT_CLASS
2133346,ddb960ad932f3becd7ed50dbe728fe52d0929cc6f217265374e3bfe8e1af2d8923f46f37dca8706d761b017cd9a8a0e16ab86575e35f4f2cfe9a7c96fb858c60,08/21/2025 09:00:00 AM,1,DRIVER,,2033662,,HONDA,ACCORD,IL,,UNKNOWN,UNKNOWN/NA,UNKNOWN/NA,UNKNOWN,UNKNOWN/NA,,,1,,,,,,,,,,,,,,,,,Y,UNKNOWN,,,,,,,,,,,,,,,,,,,,,,,,,,,,,,,,,
2133347,ddb960ad932f3becd7ed50dbe728fe52d0929cc6f217265374e3bfe8e1af2d8923f46f37dca8706d761b017cd9a8a0e16ab86575e35f4f2cfe9a7c96fb858c60,08/21/2025 09:00:00 AM,2,PARKED,,2033670,,FORD,F150,IL,2021,UNKNOWN,PICKUP,NOT IN USE,E,PARKED,,,0,,,,,,,,,,Y,,,,,,,,REAR,,,,,,,,,,,,,,,,,,,,,,,,,,,,,,,,,
2133286,e1fccd65e2fc9115712a24106ef38395e9da7140f29a2eaea1ac8968bad77c5c06e6e325e84b8329a477cc83ee30946803d1e6f336da7f258ea9292d1be94973,08/21/2025 09:00:00 AM,1,DRIVER,,2033602,,GENERAL MOTORS CORPORATION (GMC),TRUCK,IL,2017,NONE,TRUCK - SINGLE UNIT,OTHER,E,TURNING LEFT,,,1,,,,Y,,,,,,,,,,,,,,NONE,,,,,,,,,,,,,,,,,,,,,,,,,,,,,,,,,
2133287,e1fccd65e2fc9115712a24106ef38395e9da7140f29a2eaea1ac8968bad77c5c06e6e325e84b8329a477cc83ee30946803d1e6f336da7f258ea9292d1be94973,08/21/2025 09:00:00 AM,2,DRIVER,,2033609,,TOYOTA,PRIUS,IL,2008,NONE,PASSENGER,PERSONAL,N,STRAIGHT AHEAD,,,1,,,,,,,,,,Y,Y,,,,,,,REAR-LEFT-CORNER,,,,,,,,,,,,,,,,,,,,,,,,,,,,,,,,,
2133284,f500a17ced845f5d3de82690136fd53e2acfd96ca091b1191364619129713d7986152714d49c1287f9d45ed65178fa00cc646da2b736cedfaeb410a8caba7c6a,08/21/2025 09:00:00 AM,1,DRIVER,,2033595,,UNKNOWN,OTHER (EXPLAIN IN NARRATIVE),IL,,UNKNOWN,UNKNOWN/NA,UNKNOWN/NA,SW,STRAIGHT AHEAD,,,1,,,,,Y,,,,,,,,,,,,,FRONT-RIGHT-CORNER,,,,,,,,,,,,,,,,,,,,,,,,,,,,,,,,,
2133285,f500a17ced845f5d3de82690136fd53e2acfd96ca091b1191364619129713d7986152714d49c1287f9d45ed65178fa00cc646da2b736cedfaeb410a8caba7c6a,08/21/2025 09:00:00 AM,2,PARKED,,2033601,,HONDA,CR-V,IL,2011,UNKNOWN,SPORT UTILITY VEHICLE (SUV),PERSONAL,SW,PARKED,Y,,0,,private tow,body shop,,Y,,,,,,,,,,Y,Y,,FRONT-LEFT-CORNER,,,,,,,,,,,,,,,,,,,,,,,,,,,,,,,,,
2133946,ffcc32f555a03655525cf4d192b1f7c8190375b72d7e246736135f62f37f8bf8a350cddc8f329a48c4e3f6ccdbf1988733c6a13d541d76e5bf689b72974b7ae8,08/21/2025 09:00:00 AM,1,DRIVER,,2034228,,FREIGHTLINER CORPORATION,FREIGHTLINER CORP.,IL,2016,NONE,SINGLE UNIT TRUCK WITH TRAILER,COMMERCIAL - SINGLE UNIT,W,TURNING RIGHT,Y,,1,,,,,,,,Y,Y,,,,,,,,,SIDE-RIGHT-REAR,,,,,,,,,,,,,,,,,,,,,,,,,,,,,,,,,
2133296,1066472fc5bf013b311e0b32dd614a09ced33f9d40d743ae15d56fc0bfa1c749fb752d76327b6dd9df80148c1b790b9e61e4779a775525b0ec51ac9d21740ffb,08/21/2025 08:51:00 AM,2,DRIVER,,2033612,,NISSAN,ROGUE,IL,2024,NONE,SPORT UTILITY VEHICLE (SUV),PERSONAL,W,PASSING/OVERTAKING,,,1,,,,,Y,Y,,,,,,,,,,,,FRONT-RIGHT-CORNER,,,,,,,,,,,,,,,,,,,,,,,,,,,,,,,,,
2133297,1066472fc5bf013b311e0b32dd614a09ced33f9d40d743ae15d56fc0bfa1c749fb752d76327b6dd9df80148c1b790b9e61e4779a775525b0ec51ac9d21740ffb,08/21/2025 08:51:00 AM,1,DRIVER,,2033621,,CHEVROLET,EQUINOX,IL,2012,NONE,SPORT UTILITY VEHICLE (SUV),PERSONAL,W,STRAIGHT AHEAD,,,1,,,,,,,,,,,,,,Y,Y,,,FRONT-LEFT-CORNER,,,,,,,,,,,,,,,,,,,,,,,,,,,,,,,,,
2133251,0ace1a80a0d3fd1339706f7fec0895f0c05411365dc5507fe1ca944daf3119f862f34c3d03d1b78f1252708184da667ff00b583d97e57d800102180644376caf,08/21/2025 08:50:00 AM,1,DRIVER,,2033564,,UNKNOWN,OTHER (EXPLAIN IN NARRATIVE),,,UNKNOWN,PICKUP,UNKNOWN/NA,S,STRAIGHT AHEAD,,,1,,,,,,,,,,,,,,,,,Y,UNKNOWN,,,,,,,,,,,,,,,,,,,,,,,,,,,,,,,,,
2133252,0ace1a80a0d3fd1339706f7fec0895f0c05411365dc5507fe1ca944daf3119f862f34c3d03d1b78f1252708184da667ff00b583d97e57d800102180644376caf,08/21/2025 08:50:00 AM,2,DRIVER,,2033580,Y,NOVA BUS,LFS,IL,2014,UNKNOWN,BUS OVER 15 PASS.,CTA,S,STRAIGHT AHEAD,,,1,,,,,,,,,,,,,,,,,,OTHER,"22,045",,,,,3,CHICAGO TRANSIT AUTHORITY,IL,CHICAGO,,,,,,,,,,,,,,,,,,,BUS,BUS,OTHER,,,
2134143,7e66c45a607672405424e5f8d2d524b51c46cfc2ad38884a20ec537d92a33ddb0ce4173fc9e9250a14b83cd9a39f8e3bc677ac8bf294a9f0f42c36fff27d5f02,08/21/2025 08:50:00 AM,1,DRIVER,,2034415,,TOYOTA,RAV4,IL,2015,NONE,PASSENGER,PERSONAL,S,TURNING LEFT,,,1,,,,,,,,,,,,,,,,Y,,FRONT,,,,,,,,,,,,,,,,,,,,,,,,,,,,,,,,,
2134144,7e66c45a607672405424e5f8d2d524b51c46cfc2ad38884a20ec537d92a33ddb0ce4173fc9e9250a14b83cd9a39f8e3bc677ac8bf294a9f0f42c36fff27d5f02,08/21/2025 08:50:00 AM,2,DRIVER,,2034416,,ACURA,ADX,IL,,NONE,PASSENGER,PERSONAL,W,STRAIGHT AHEAD,,,1,,,,,,Y,Y,,,,,,,,,,,SIDE-RIGHT,,,,,,,,,,,,,,,,,,,,,,,,,,,,,,,,,
2133266,8431a3f1e0ac9c8a696d9711a793ec12711e6e45406c1c60be0f6d088d7311cbc9caa0e29e57e8862d0d8537e77b7a6b85907e3289d3b0d2393e7d5efd1aa892,08/21/2025 08:50:00 AM,1,DRIVER,2,2033579,,INFINITI,G35,IL,2006,NONE,PASSENGER,PERSONAL,W,STRAIGHT AHEAD,Y,,3,,CPD,DOTY ROAD,,Y,,,,,,,,,,Y,Y,,FRONT,,,,,,,,,,,,,,,,,,,,,,,,,,,,,,,,,
2133267,8431a3f1e0ac9c8a696d9711a793ec12711e6e45406c1c60be0f6d088d7311cbc9caa0e29e57e8862d0d8537e77b7a6b85907e3289d3b0d2393e7d5efd1aa892,08/21/2025 08:50:00 AM,2,DRIVER,,2033586,,CHEVROLET,OTHER (EXPLAIN IN NARRATIVE),IL,2016,NONE,PASSENGER,PERSONAL,E,TURNING LEFT,Y,,1,,PRIVATE TOW,,,Y,,,,,,,,,Y,Y,Y,,FRONT-RIGHT-CORNER,,,,,,,,,,,,,,,,,,,,,,,,,,,,,,,,,
2133456,91be72a84317bc9c7c8ac74b3766c47d4725ed83a7609cc2fa5507071ae709390b381e561b3c543784c2af8b5c3bf08f6fc42c1f0c109d9ebf2533eb8bc13f8d,08/21/2025 08:50:00 AM,1,DRIVER,,2033755,,FORD,F350,IL,2006,UNKNOWN,VAN/MINI-VAN,OTHER,W,BACKING,,,1,,,,,,,,,,Y,Y,,,,,,,REAR,,,,,,,,,,,,,,,,,,,,,,,,,,,,,,,,,
2133234,baf356ef711d15dbdf254950950b798645f3b5bd92356294e57efbab599d029d01f02b21f09d93af61cdd753690faa91f25637d77dea374b2adff8371758ddc9,08/21/2025 08:50:00 AM,1,DRIVER,,2033546,,NISSAN,ALTIMA,IL,2010,NONE,PASSENGER,PERSONAL,E,ENTERING TRAFFIC LANE FROM PARKING,,,1,,,,,,,,,,,,,,Y,Y,,,FRONT-LEFT-CORNER,,,,,,,,,,,,,,,,,,,,,,,,,,,,,,,,,
2133235,baf356ef711d15dbdf254950950b798645f3b5bd92356294e57efbab599d029d01f02b21f09d93af61cdd753690faa91f25637d77dea374b2adff8371758ddc9,08/21/2025 08:50:00 AM,2,DRIVER,,2033555,,FORD,EXPEDITION,IL,2022,NONE,PASSENGER,PERSONAL,E,STRAIGHT AHEAD,,,1,,,,,Y,Y,,,,,,,,,,,,FRONT-RIGHT-CORNER,,,,,,,,,,,,,,,,,,,,,,,,,,,,,,,,,
2133228,6ea00ac7566b4f5c0c50d497d1058e17768e58e7c9f45dc14e8c34f67afbe14dffc4843822a1472639a7a9403775f3d0e506e0874284596a3a746c00f1561a01,08/21/2025 08:45:00 AM,1,DRIVER,,2033543,,TOYOTA,COROLLA,IL,2017,UNKNOWN,PASSENGER,UNKNOWN/NA,S,ENTER FROM DRIVE/ALLEY,,,1,,,,,,,,,,,,,,,,Y,,FRONT,,,,,,,,,,,,,,,,,,,,,,,,,,,,,,,,,
2133229,6ea00ac7566b4f5c0c50d497d1058e17768e58e7c9f45dc14e8c34f67afbe14dffc4843822a1472639a7a9403775f3d0e506e0874284596a3a746c00f1561a01,08/21/2025 08:45:00 AM,2,DRIVER,,2033552,,HYUNDAI,ELANTRA,IL,2019,UNKNOWN,PASSENGER,PERSONAL,E,STRAIGHT AHEAD,,,1,,,,,,,,,,,,Y,Y,Y,,,,SIDE-LEFT,,,,,,,,,,,,,,,,,,,,,,,,,,,,,,,,,
2138597,8fdd6bd65d5a6da99459649d1f8b8c048f7138f5c2a9d3418dfe219228307ac7e35836ad003278b97d2988f4517af5ec2c60ab1515766908471524146f5fcac7,08/21/2025 08:45:00 AM,1,DRIVER,,2038671,,SUBARU,OUTBACK,PA,2015,UNKNOWN,PASSENGER,PERSONAL,W,UNKNOWN/NA,,,1,,,,,Y,,,,,,,,,,,,,FRONT-RIGHT-CORNER,,,,,,,,,,,,,,,,,,,,,,,,,,,,,,,,,
2138598,8fdd6bd65d5a6da99459649d1f8b8c048f7138f5c2a9d3418dfe219228307ac7e35836ad003278b97d2988f4517af5ec2c60ab1515766908471524146f5fcac7,08/21/2025 08:45:00 AM,2,DRIVER,,2038675,,HONDA,CR-V,IL,2025,UNKNOWN,PASSENGER,PERSONAL,W,UNKNOWN/NA,,,1,,,,,Y,Y,,,,,,,,Y,Y,,,UNKNOWN,,,,,,,,,,,,,,,,,,,,,,,,,,,,,,,,,
2138599,8fdd6bd65d5a6da99459649d1f8b8c048f7138f5c2a9d3418dfe219228307ac7e35836ad003278b97d2988f4517af5ec2c60ab1515766908471524146f5fcac7,08/21/2025 08:45:00 AM,3,PARKED,,2038681,,LINCOLN,MKT,IL,2019,UNKNOWN,PASSENGER,RIDESHARE SERVICE,W,PARKED,,,0,,,,,,,,,,,,Y,Y,Y,,,,SIDE-LEFT,,,,,,,,,,,,,,,,,,,,,,,,,,,,,,,,,
2138199,de1515a91fcc853c505397f92c5725ea0e6959c1b1993bf1df5f0e40f8cd474a3c9a6fbfce95c9eb6c7c97a59cfcf335b3cd42c9f6167e7fff59a50e511f50ae,08/21/2025 08:37:00 AM,1,DRIVER,,2038285,,TOYOTA,PRIUS,,2010,UNKNOWN,PASSENGER,UNKNOWN/NA,W,TURNING LEFT,,,1,,,,,Y,Y,,,,,,,,,,Y,,FRONT-RIGHT-CORNER,,,,,,,,,,,,,,,,,,,,,,,,,,,,,,,,,
2138200,de1515a91fcc853c505397f92c5725ea0e6959c1b1993bf1df5f0e40f8cd474a3c9a6fbfce95c9eb6c7c97a59cfcf335b3cd42c9f6167e7fff59a50e511f50ae,08/21/2025 08:37:00 AM,2,DRIVER,,2038290,,NISSAN,SENTRA,IL,2015,UNKNOWN,PASSENGER,UNKNOWN/NA,W,STRAIGHT AHEAD,,,1,,,,,,,,,,,,Y,Y,Y,,,,SIDE-LEFT,,,,,,,,,,,,,,,,,,,,,,,,,,,,,,,,,
2133276,03680eea5b8ade6bfc5519fbfa28b43a32c21ce0b129bcc852941c195b1c2a9b10254a2fd04d44053034e88a9c0819b8236a27fdfc3cade438d72df7cabcad19,08/21/2025 08:31:00 AM,1,DRIVER,,2033593,,LINCOLN,OTHER (EXPLAIN IN NARRATIVE),IL,2023,UNKNOWN,PASSENGER,PERSONAL,E,BACKING,,,1,,,,,,,,,Y,,,,,,,,,REAR-RIGHT-CORNER,,,,,,,,,,,,,,,,,,,,,,,,,,,,,,,,,
2133277,03680eea5b8ade6bfc5519fbfa28b43a32c21ce0b129bcc852941c195b1c2a9b10254a2fd04d44053034e88a9c0819b8236a27fdfc3cade438d72df7cabcad19,08/21/2025 08:31:00 AM,2,DRIVER,,2033605,,CHRYSLER,TOWN & COUNTRY,IL,2016,NONE,PASSENGER,PERSONAL,E,SLOW/STOP IN TRAFFIC,,,1,,,,,Y,,,,,,,,,,,,,FRONT-RIGHT-CORNER,,,,,,,,,,,,,,,,,,,,,,,,,,,,,,,,,
2133575,4c3313cffda0b748d1fdde7477092b6d298d411b538831a9e35145df6c4b40cf14ee1768c8c0185e2b6e85b890700af2465331ca3080e9fbb79b1690865bf9cd,08/21/2025 08:30:00 AM,1,DRIVER,,2033880,,HYUNDAI,SANTA FE,IL,2009,UNKNOWN,SPORT UTILITY VEHICLE (SUV),UNKNOWN/NA,S,PASSING/OVERTAKING,,,1,,,,,,,,,,,,,,,,,Y,UNKNOWN,,,,,,,,,,,,,,,,,,,,,,,,,,,,,,,,,
2133576,4c3313cffda0b748d1fdde7477092b6d298d411b538831a9e35145df6c4b40cf14ee1768c8c0185e2b6e85b890700af2465331ca3080e9fbb79b1690865bf9cd,08/21/2025 08:30:00 AM,2,PARKED,,2033884,,SUBARU,IMPREZA,IL,2017,UNKNOWN,SPORT UTILITY VEHICLE (SUV),UNKNOWN/NA,S,PARKED,,,0,,,,,,,,,,,Y,,,,,,,SIDE-LEFT-REAR,,,,,,,,,,,,,,,,,,,,,,,,,,,,,,,,,
2133219,1b8a62fa28a5ec756f4c877583f0ca12cb40066572412f6aeda3544a6c41e0d285c4e7ff08eb6f5a873b921d9d01fbd635c30e7faa05a171048e8a6d65ca1ae2,08/21/2025 08:15:00 AM,1,DRIVER,3,2033536,,TOYOTA,SIENNA,IL,2020,UNKNOWN,VAN/MINI-VAN,TAXI/FOR HIRE,N,MERGING,,,4,,,,,,,,,,,,,,,,,Y,FRONT-RIGHT-CORNER,,,,,,,,,,,,,,,,,,,,,,,,,,,,,,,,,
2133220,1b8a62fa28a5ec756f4c877583f0ca12cb40066572412f6aeda3544a6c41e0d285c4e7ff08eb6f5a873b921d9d01fbd635c30e7faa05a171048e8a6d65ca1ae2,08/21/2025 08:15:00 AM,2,DRIVER,,2033548,,JEEP,CHEROKEE,IL,2015,UNKNOWN,PASSENGER,PERSONAL,N,STRAIGHT AHEAD,,,1,,,,,,,,,,,,,,,Y,,,FRONT-LEFT-CORNER,,,,,,,,,,,,,,,,,,,,,,,,,,,,,,,,,
2134082,9e4474bc654a7465e427f5d869fdc41650fe2d9569a5d8df43936c56142ad4a44f684a2da29db3c4a715d3d65973d6baeeb81d4b700c5690483e61e711466374,08/21/2025 08:15:00 AM,1,DRIVER,1,2034359,,KIA,FORTE,IL,2017,UNKNOWN,PASSENGER,RIDESHARE SERVICE,NW,TURNING LEFT,,,2,,,,,,,,Y,Y,Y,Y,,,,,,,REAR-RIGHT-CORNER,,,,,,,,,,,,,,,,,,,,,,,,,,,,,,,,,
2134083,9e4474bc654a7465e427f5d869fdc41650fe2d9569a5d8df43936c56142ad4a44f684a2da29db3c4a715d3d65973d6baeeb81d4b700c5690483e61e711466374,08/21/2025 08:15:00 AM,2,DRIVER,,2034360,,CHEVROLET,SILVERADO,IL,2002,UNKNOWN,TRUCK - SINGLE UNIT,CONSTRUCTION/MAINTENANCE,S,STRAIGHT AHEAD,,,1,,,,,Y,,,,,,,,,,,Y,,FRONT-RIGHT-CORNER,,,,,,,,,,,,,,,,,,,,,,,,,,,,,,,,,
2133369,c3842b182fa9f2121c209616d675daa5ebf0d498cbe45f3648f7f53b35c5c800b68513785c8a813eb02717e1dfe3939db784c946c4a62b848721e4f943b84e11,08/21/2025 08:15:00 AM,1,DRIVER,,2033681,,JEEP,GRAND CHEROKEE,IL,2021,NONE,PASSENGER,PERSONAL,E,TURNING LEFT,Y,,1,,GEICO ROADSIDE,PRIVATE LOT,,Y,Y,,,,,,,,,Y,Y,,FRONT-RIGHT-CORNER,,,,,,,,,,,,,,,,,,,,,,,,,,,,,,,,,
2133370,c3842b182fa9f2121c209616d675daa5ebf0d498cbe45f3648f7f53b35c5c800b68513785c8a813eb02717e1dfe3939db784c946c4a62b848721e4f943b84e11,08/21/2025 08:15:00 AM,2,DRIVER,1,2033687,,TOYOTA,PRIUS,IL,2010,NONE,PASSENGER,PERSONAL,N,STRAIGHT AHEAD,Y,,2,,COMPANY TOW,COMPANY LOT,,Y,,,,,,,,,Y,Y,Y,,SIDE-LEFT-FRONT,,,,,,,,,,,,,,,,,,,,,,,,,,,,,,,,,
2133540,8fbb424e323e83ef03363af298941f5e659ad849925a5167129fc3f4e25637d4dc6e7207d1d721fc1661e9120675f1dff30e8e2021b253f768d85d9e14f4cc0d,08/21/2025 08:12:00 AM,1,DRIVER,,2033842,,CHEVROLET,TAHOE,IL,2003,NONE,SPORT UTILITY VEHICLE (SUV),PERSONAL,W,MERGING,,,1,,,,,,,,,,,,,Y,Y,Y,,,SIDE-LEFT-FRONT,,,,,,,,,,,,,,,,,,,,,,,,,,,,,,,,,
2133541,8fbb424e323e83ef03363af298941f5e659ad849925a5167129fc3f4e25637d4dc6e7207d1d721fc1661e9120675f1dff30e8e2021b253f768d85d9e14f4cc0d,08/21/2025 08:12:00 AM,2,DRIVER,,2033857,,AUDI,A5,IL,2018,NONE,PASSENGER,PERSONAL,W,STRAIGHT AHEAD,,,1,,,,,Y,Y,Y,Y,Y,,,,,,,,,SIDE-RIGHT,,,,,,,,,,,,,,,,,,,,,,,,,,,,,,,,,
2133253,8275e1afea1d3f41ca51f5c7ade48ea7f597bc3495282ca361542034d840837db21d6b09b880ee13d3a5879e6469c500ce4ee68fbfaac77d55b10798f4b6d86f,08/21/2025 08:08:00 AM,1,DRIVER,,2033569,,NISSAN,ROGUE,IL,2017,NONE,PASSENGER,PERSONAL,W,STRAIGHT AHEAD,,,1,,,,,,,,,,,,,,,,Y,,FRONT,,,,,,,,,,,,,,,,,,,,,,,,,,,,,,,,,
2133254,8275e1afea1d3f41ca51f5c7ade48ea7f597bc3495282ca361542034d840837db21d6b09b880ee13d3a5879e6469c500ce4ee68fbfaac77d55b10798f4b6d86f,08/21/2025 08:08:00 AM,2,DRIVER,,2033575,,PONTIAC,VIBE,IL,2007,NONE,PASSENGER,PERSONAL,W,SLOW/STOP IN TRAFFIC,Y,,1,,private,,,,,,,,Y,,,,,,Y,,REAR,,,,,,,,,,,,,,,,,,,,,,,,,,,,,,,,,
2133255,8275e1afea1d3f41ca51f5c7ade48ea7f597bc3495282ca361542034d840837db21d6b09b880ee13d3a5879e6469c500ce4ee68fbfaac77d55b10798f4b6d86f,08/21/2025 08:08:00 AM,3,DRIVER,,2033582,,TOYOTA,RAV4,IL,2024,NONE,PASSENGER,PERSONAL,W,SLOW/STOP IN TRAFFIC,,,1,,,,,,,,,,Y,,,,,,,,REAR,,,,,,,,,,,,,,,,,,,,,,,,,,,,,,,,,
2133217,05ffa86bc62515b794dd676ffbb37a0c0e4e1e909eb90b3ed3cce98d0730f2f82cc031c9fb5ce0bfab50f0e44be01f7a67579e0bc1546ea117a41a31f7197c00,08/21/2025 08:04:00 AM,1,DRIVER,,2033534,,NISSAN,ROGUE,IL,2023,UNKNOWN,PASSENGER,PERSONAL,E,STRAIGHT AHEAD,Y,,1,,PRIVATE TOW,UNKNOWN,,,,,,,,,,,,Y,Y,,FRONT-LEFT-CORNER,,,,,,,,,,,,,,,,,,,,,,,,,,,,,,,,,
2133218,05ffa86bc62515b794dd676ffbb37a0c0e4e1e909eb90b3ed3cce98d0730f2f82cc031c9fb5ce0bfab50f0e44be01f7a67579e0bc1546ea117a41a31f7197c00,08/21/2025 08:04:00 AM,2,DRIVER,,2033547,,JEEP,RENEGADE,IL,2015,UNKNOWN,PASSENGER,PERSONAL,S,STRAIGHT AHEAD,,,1,,,,,Y,Y,Y,,,,,,,,,,,SIDE-RIGHT-FRONT,,,,,,,,,,,,,,,,,,,,,,,,,,,,,,,,,
2137017,36918a61121a027e65e9d98293702d63b34d0bd94a1da640ee7f9a85c44f6a69bdc786e138cdc55d005ad0ca14dde36d9ef450d13e2542fb37828b34cfc2a8e8,08/21/2025 08:00:00 AM,1,DRIVER,,2037164,,JEEP,LIBERTY,IL,,UNKNOWN,SPORT UTILITY VEHICLE (SUV),PERSONAL,W,ENTERING TRAFFIC LANE FROM PARKING,,,1,,,,,Y,,,,,,,,,,Y,Y,,FRONT,,,,,,,,,,,,,,,,,,,,,,,,,,,,,,,,,
2137018,36918a61121a027e65e9d98293702d63b34d0bd94a1da640ee7f9a85c44f6a69bdc786e138cdc55d005ad0ca14dde36d9ef450d13e2542fb37828b34cfc2a8e8,08/21/2025 08:00:00 AM,2,DRIVER,,2037170,,JEEP,GRAND CHEROKEE,IL,2016,NONE,SPORT UTILITY VEHICLE (SUV),PERSONAL,W,STRAIGHT AHEAD,,,1,,,,,Y,Y,,,,,,,,,,,,SIDE-RIGHT-FRONT,,,,,,,,,,,,,,,,,,,,,,,,,,,,,,,,,
2133238,4d001a8bf036c0f6b8a2d62123f620e133502a1ea33781544e7698ec2bd8eb6f8d2f8102907d4fa6c16d146d4a90948d5b826849e85214129a8afd3d2b8fbad5,08/21/2025 08:00:00 AM,1,DRIVER,,2033562,,TOYOTA,COROLLA,IL,2020,UNKNOWN,PASSENGER,PERSONAL,N,MERGING,,,1,,,,,,,,,,,,,,Y,Y,,,FRONT-LEFT-CORNER,,,,,,,,,,,,,,,,,,,,,,,,,,,,,,,,,
2133239,4d001a8bf036c0f6b8a2d62123f620e133502a1ea33781544e7698ec2bd8eb6f8d2f8102907d4fa6c16d146d4a90948d5b826849e85214129a8afd3d2b8fbad5,08/21/2025 08:00:00 AM,2,DRIVER,,2033570,,TOYOTA,PRIUS,IL,2007,UNKNOWN,PASSENGER,PERSONAL,E,STRAIGHT AHEAD,,,1,,,,,Y,,,,,,,,,,Y,Y,,FRONT,,,,,,,,,,,,,,,,,,,,,,,,,,,,,,,,,
2133632,64be0acc0a4e8115898f98f6c86043b3f9c0b935e9e1e07ff13519f7e6ece3eb212bbbed65b79531b2688d12da14deaf0ce0e553ed69c608922b21d9076d4fb5,08/21/2025 08:00:00 AM,1,DRIVER,,2033922,,CHEVROLET,SUBURBAN,IL,2003,UNKNOWN,PASSENGER,PERSONAL,UNKNOWN,UNKNOWN/NA,,,1,,,,,,,,,,,,,Y,Y,Y,,,SIDE-LEFT-FRONT,,,,,,,,,,,,,,,,,,,,,,,,,,,,,,,,,
2133633,64be0acc0a4e8115898f98f6c86043b3f9c0b935e9e1e07ff13519f7e6ece3eb212bbbed65b79531b2688d12da14deaf0ce0e553ed69c608922b21d9076d4fb5,08/21/2025 08:00:00 AM,2,DRIVER,,2033932,,AUDI,A5,IL,2018,UNKNOWN,PASSENGER,PERSONAL,UNKNOWN,UNKNOWN/NA,,,1,,,,,Y,Y,Y,Y,Y,,,,,,,,,SIDE-RIGHT,,,,,,,,,,,,,,,,,,,,,,,,,,,,,,,,,
2133185,89d1c725e5b1aa18da26dc642d175263839fcbe2e89bb77e3599c7c127958a05c48c487f76f29a14f31fe5f708693e0043538196254b3f9571ad883789a276c9,08/21/2025 08:00:00 AM,1,DRIVER,,2033504,,TOYOTA,SIENNA,IL,2017,NONE,PASSENGER,PERSONAL,W,STRAIGHT AHEAD,,,1,,,,,,,,,,,,,,,,Y,,FRONT,,,,,,,,,,,,,,,,,,,,,,,,,,,,,,,,,
2133186,89d1c725e5b1aa18da26dc642d175263839fcbe2e89bb77e3599c7c127958a05c48c487f76f29a14f31fe5f708693e0043538196254b3f9571ad883789a276c9,08/21/2025 08:00:00 AM,2,DRIVER,,2033508,,CHEVROLET,TAHOE,IL,2018,NONE,PASSENGER,PERSONAL,W,STRAIGHT AHEAD,,,1,,,,,,,,,,Y,,,,,,,,REAR,,,,,,,,,,,,,,,,,,,,,,,,,,,,,,,,,
2133244,c455a172807714e43116ee609d556102043cdd4bdde00a8938ec2231f41fffc8f9398270b5935a449a458d4a22780ffd2539c71ed590ec3d06ad4d71746cf3d4,08/21/2025 08:00:00 AM,1,DRIVER,,2033560,,FORD,OTHER (EXPLAIN IN NARRATIVE),IA,2020,NONE,PICKUP,PERSONAL,E,STRAIGHT AHEAD,,,1,,,,,,,,,,,,,,,,,Y,UNKNOWN,,,,,,,,,,,,,,,,,,,,,,,,,,,,,,,,,
2133245,c455a172807714e43116ee609d556102043cdd4bdde00a8938ec2231f41fffc8f9398270b5935a449a458d4a22780ffd2539c71ed590ec3d06ad4d71746cf3d4,08/21/2025 08:00:00 AM,2,DRIVER,,2033565,,FORD,BRONCO / BRONCO II,IL,2023,NONE,PASSENGER,PERSONAL,E,STRAIGHT AHEAD,,,1,,,,,,,,,,,Y,Y,,,,,,SIDE-LEFT-REAR,,,,,,,,,,,,,,,,,,,,,,,,,,,,,,,,,
2133191,d22a64af2e6dbf7404dc3cb36d9763d65db16e8815693f520f4ae1e3a43ec03e9a19cf8b9de2953cdd5f44fcd8345437dce13b59adad1695a4f1a4c09a9a8732,08/21/2025 08:00:00 AM,1,DRIVER,,2033507,,NISSAN,X-TERRA,IL,2006,NONE,SPORT UTILITY VEHICLE (SUV),PERSONAL,NW,TURNING LEFT,,,1,,,,,,,,,,,,,,,Y,,,FRONT-LEFT-CORNER,,,,,,,,,,,,,,,,,,,,,,,,,,,,,,,,,