CRASH_UNIT_ID,CRASH_RECORD_ID,CRASH_DATE,UNIT_NO,UNIT_TYPE,NUM_PASSENGERS,VEHICLE_ID,CMRC_VEH_I,MAKE,MODEL,LIC_PLATE_STATE,VEHICLE_YEAR,VEHICLE_DEFECT,VEHICLE_TYPE,VEHICLE_USE,TRAVEL_DIRECTION,MANEUVER,TOWED_I,FIRE_I,OCCUPANT_CNT,EXCEED_SPEED_LIMIT_I,TOWED_BY,TOWED_TO,AREA_00_I,AREA_01_I,AREA_02_I,AREA_03_I,AREA_04_I,AREA_05_I,AREA_06_I,AREA_07_I,AREA_08_I,AREA_09_I,AREA_10_I,AREA_11_I,AREA_12_I,AREA_99_I,FIRST_CONTACT_POINT,CMV_ID,USDOT_NO,CCMC_NO,ILCC_NO,COMMERCIAL_SRC,GVWR,CARRIER_NAME,CARRIER_STATE,CARRIER_CITY,HAZMAT_PLACARDS_I,HAZMAT_NAME,UN_NO,HAZMAT_PRESENT_I,HAZMAT_REPORT_I,HAZMAT_REPORT_NO,MCS_REPORT_I,MCS_REPORT_NO,HAZMAT_VIO_CAUSE_CRASH_I,MCS_VIO_CAUSE_CRASH_I,IDOT_PERMIT_NO,WIDE_LOAD_I,TRAILER1_WIDTH,TRAILER2_WIDTH,TRAILER1_LENGTH,TRAILER2_LENGTH,TOTAL_VEHICLE_LENGTH,AXLE_CNT,VEHICLE_CONFIG,CARGO_BODY_TYPE,LOAD_TYPE,HAZMAT_OUT_OF_SERVICE_I,MCS_OUT_OF_SERVICE_I,HAZMAT_CLASS
2133192,d22a64af2e6dbf7404dc3cb36d9763d65db16e8815693f520f4ae1e3a43ec03e9a19cf8b9de2953cdd5f44fcd8345437dce13b59adad1695a4f1a4c09a9a8732,08/21/2025 08:00:00 AM,2,DRIVER,,2033512,,TOYOTA,COROLLA,IL,2021,NONE,PASSENGER,PERSONAL,E,STRAIGHT AHEAD,,,1,,,,,Y,,,,,,,,,,,,,FRONT-RIGHT-CORNER,,,,,,,,,,,,,,,,,,,,,,,,,,,,,,,,,
2133489,da6e6b0322373f7182565068f0f3bf146a2662a6b72ba7d0e4a81c573ed8ff33300df6ebe9f42fdf588bdde0739c0df140393adeac55453212fc728a47b13228,08/21/2025 08:00:00 AM,1,DRIVER,,2033795,,SUBARU,OUTBACK,IL,2015,NONE,PASSENGER,PERSONAL,W,CHANGING LANES,,,1,,,,,,Y,Y,,,,,,,,,,,SIDE-RIGHT-FRONT,,,,,,,,,,,,,,,,,,,,,,,,,,,,,,,,,
2133490,da6e6b0322373f7182565068f0f3bf146a2662a6b72ba7d0e4a81c573ed8ff33300df6ebe9f42fdf588bdde0739c0df140393adeac55453212fc728a47b13228,08/21/2025 08:00:00 AM,2,DRIVER,,2033802,,MAZDA,MAZDA3,IL,2016,NONE,PICKUP,UNKNOWN/NA,W,STRAIGHT AHEAD,,,1,,,,,,,,,,,,,,,Y,,,FRONT-LEFT-CORNER,,,,,,,,,,,,,,,,,,,,,,,,,,,,,,,,,
2133240,f95846f260c0a650e9ed30e3c0cc6d7d3d2706078c5507082c3554b8a2a9e87d3a40f42225cacf5d8dbdbd195bd4a7698e4276abfcde1cdcdff644130b05a88c,08/21/2025 08:00:00 AM,1,DRIVER,,2033556,,HONDA,CR-V,IL,2016,NONE,PASSENGER,PERSONAL,N,STRAIGHT AHEAD,Y,,1,,STATE FARM INS,,,Y,,,,,,,,,,Y,Y,,FRONT,,,,,,,,,,,,,,,,,,,,,,,,,,,,,,,,,
2133241,f95846f260c0a650e9ed30e3c0cc6d7d3d2706078c5507082c3554b8a2a9e87d3a40f42225cacf5d8dbdbd195bd4a7698e4276abfcde1cdcdff644130b05a88c,08/21/2025 08:00:00 AM,2,DRIVER,,2033568,,CHEVROLET,S10,IL,2015,NONE,PICKUP,PERSONAL,E,STRAIGHT AHEAD,Y,,1,,ALLSTATE INS,,,Y,Y,,,,,,,,,,,,SIDE-RIGHT-FRONT,,,,,,,,,,,,,,,,,,,,,,,,,,,,,,,,,
2133272,7b2b0ab8430b3a6fbaf416f3fa8bab87352f24c6156ac2b9370a78031834e1239353faaf591184f9543b1e1277090107e0f1bd6563f3bfee3618436d6f19f300,08/21/2025 07:59:00 AM,1,DRIVER,1,2033589,,LINCOLN,AVIATOR,IL,2023,NONE,PASSENGER,PERSONAL,SW,TURNING LEFT,,,2,,,,,,,,Y,Y,,,,,,,,,SIDE-RIGHT-REAR,,,,,,,,,,,,,,,,,,,,,,,,,,,,,,,,,
2133273,7b2b0ab8430b3a6fbaf416f3fa8bab87352f24c6156ac2b9370a78031834e1239353faaf591184f9543b1e1277090107e0f1bd6563f3bfee3618436d6f19f300,08/21/2025 07:59:00 AM,2,DRIVER,,2033594,,TOYOTA,TACOMA,IN,2021,NONE,PICKUP,LAWN CARE/LANDSCAPING,E,STRAIGHT AHEAD,,,1,,,,,Y,,,,,,,,,,,,,SIDE-RIGHT-FRONT,,,,,,,,,,,,,,,,,,,,,,,,,,,,,,,,,
2133205,07c11d9e6ed06806c9ee1cc54b06996f2fb5e111bc490424b7d61ba617efd502dd2086a2d9a8f6e95a51e65c7438cf3dc0b51b83d9179ad8c1fca7d119ce5fe1,08/21/2025 07:53:00 AM,1,DRIVER,,2033520,,CHEVROLET,EXPRESS,IL,2007,UNKNOWN,VAN/MINI-VAN,UNKNOWN/NA,N,STRAIGHT AHEAD,,,1,,,,,,,,,,,,,,,,Y,,FRONT,,,,,,,,,,,,,,,,,,,,,,,,,,,,,,,,,
2133206,07c11d9e6ed06806c9ee1cc54b06996f2fb5e111bc490424b7d61ba617efd502dd2086a2d9a8f6e95a51e65c7438cf3dc0b51b83d9179ad8c1fca7d119ce5fe1,08/21/2025 07:53:00 AM,2,DRIVER,,2033528,N,UNKNOWN,OTHER (EXPLAIN IN NARRATIVE),IL,2022,NONE,TRUCK - SINGLE UNIT,OTHER,N,SLOW/STOP IN TRAFFIC,,,1,,,,,,,,,,N,,,,,,,,REAR,,,,,,,,,,,,,,,,,,,,,,,,,,,,,,,,,
2133193,af0a371df19d4a2a8b74925bfda0c2a28f718276085162241856c19aaf621792550e4200556affb0ed8436cef573cc59b87a8f39e1c9957e6863faca9807c02a,08/21/2025 07:53:00 AM,1,DRIVER,,2033516,,BMW,X5,IL,2025,NONE,SPORT UTILITY VEHICLE (SUV),PERSONAL,S,STRAIGHT AHEAD,Y,,1,,PRIVATE,UNKNOWN,,Y,,,,,,,,,,Y,Y,,FRONT,,,,,,,,,,,,,,,,,,,,,,,,,,,,,,,,,
2133194,af0a371df19d4a2a8b74925bfda0c2a28f718276085162241856c19aaf621792550e4200556affb0ed8436cef573cc59b87a8f39e1c9957e6863faca9807c02a,08/21/2025 07:53:00 AM,2,DRIVER,,2033526,,HONDA,CR-V,IL,2016,NONE,SPORT UTILITY VEHICLE (SUV),PERSONAL,W,STRAIGHT AHEAD,Y,,1,,PRIVATE TOW,UNKNOWN,,Y,Y,Y,Y,Y,,,,,,,,,SIDE-RIGHT-FRONT,,,,,,,,,,,,,,,,,,,,,,,,,,,,,,,,,
2133268,19cd726df12c7f54087c1209392d62ba8514deaa1676e3fe0b49221db262206bdbf3943f40313519f3d67dada96504e968ac7122f9e12da1d0e846696da30de4,08/21/2025 07:51:00 AM,1,DRIVER,,2033641,,LEXUS,RX,IL,2019,OTHER,SPORT UTILITY VEHICLE (SUV),PERSONAL,N,STRAIGHT AHEAD,Y,,1,,ALLSTATE,,,Y,,,,,,,,,,Y,Y,,FRONT,,,,,,,,,,,,,,,,,,,,,,,,,,,,,,,,,
2133269,19cd726df12c7f54087c1209392d62ba8514deaa1676e3fe0b49221db262206bdbf3943f40313519f3d67dada96504e968ac7122f9e12da1d0e846696da30de4,08/21/2025 07:51:00 AM,2,DRIVER,,2033651,,DODGE,CHARGER,FL,2022,UNKNOWN,PASSENGER,OTHER,W,STRAIGHT AHEAD,Y,,1,,ALL TOWING & RECOVERY,6800 S SOUTH SHORE,,,,,,,,,,Y,Y,Y,,,SIDE-LEFT,,,,,,,,,,,,,,,,,,,,,,,,,,,,,,,,,
2133215,3f6c378b36f5ae2f1fe084ac7eca86e8fcba1facbf63c6b9f5be5bb95620bcdc8b96ee9b289abdad96bd78dcdf410477197c6995e6431039c564770502730b28,08/21/2025 07:50:00 AM,1,DRIVER,,2033535,,KIA,SEDONA,IL,,NONE,PASSENGER,PERSONAL,N,LEAVING TRAFFIC LANE TO PARK,,,1,,,,,,,,,,,,,,,,,Y,REAR,,,,,,,,,,,,,,,,,,,,,,,,,,,,,,,,,
2133216,3f6c378b36f5ae2f1fe084ac7eca86e8fcba1facbf63c6b9f5be5bb95620bcdc8b96ee9b289abdad96bd78dcdf410477197c6995e6431039c564770502730b28,08/21/2025 07:50:00 AM,2,PARKED,,2033561,,HONDA,ACCORD,IL,2005,NONE,PASSENGER,PERSONAL,N,PARKED,,,0,,,,,,,,,,,Y,,,,,,,REAR-LEFT-CORNER,,,,,,,,,,,,,,,,,,,,,,,,,,,,,,,,,
2139625,4e554ad79e66559bb067afaf39df1a8079de7c7aa25c33c6938a805962f1b302dcbfd3e6fe1a833a820807f29ec0f6bebd88fd49658dcbd1ada1fa980333c89b,08/21/2025 07:49:00 AM,1,DRIVER,,2039627,,KIA,SPORTAGE,IL,2023,UNKNOWN,PASSENGER,PERSONAL,E,STRAIGHT AHEAD,,,1,,,,,,,,,,,,,,,,Y,,FRONT,,,,,,,,,,,,,,,,,,,,,,,,,,,,,,,,,
2139626,4e554ad79e66559bb067afaf39df1a8079de7c7aa25c33c6938a805962f1b302dcbfd3e6fe1a833a820807f29ec0f6bebd88fd49658dcbd1ada1fa980333c89b,08/21/2025 07:49:00 AM,2,DRIVER,2,2039628,,KIA,SORENTO,IL,2022,NONE,SPORT UTILITY VEHICLE (SUV),PERSONAL,E,STRAIGHT AHEAD,,,3,,,,,,,,,,Y,,,,,,,,REAR,,,,,,,,,,,,,,,,,,,,,,,,,,,,,,,,,
2133322,1f7ac17e3b8855ff88860fd2be93314fc13a830f971b587175505a252d249ecde26049df0b9e038312af4f37c43fbd020e64432483349dc1de7768aa840c7e2b,08/21/2025 07:40:00 AM,2,DRIVER,,2033634,,CHEVROLET,TRAVERSE,IL,2019,UNKNOWN,PASSENGER,PERSONAL,NW,STRAIGHT AHEAD,,,1,,,,,,,,,,,Y,,,,,,,REAR,,,,,,,,,,,,,,,,,,,,,,,,,,,,,,,,,
2133323,1f7ac17e3b8855ff88860fd2be93314fc13a830f971b587175505a252d249ecde26049df0b9e038312af4f37c43fbd020e64432483349dc1de7768aa840c7e2b,08/21/2025 07:40:00 AM,1,DRIVER,,2033637,,NISSAN,NISSAN Z,IL,2016,UNKNOWN,PICKUP,PERSONAL,NW,STRAIGHT AHEAD,,,1,,,,,,,,,,,,,,,,,Y,FRONT,,,,,,,,,,,,,,,,,,,,,,,,,,,,,,,,,
2133195,0ffa66f366a1c987b9a3756b5a7ffe19b5c41d83e6294936a07d84312b5e69f672e2e447c9a871dddcf8f63d848368e22a3e3fa45cf2cab13b929878b2f3c850,08/21/2025 07:35:00 AM,1,DRIVER,,2033541,,NISSAN,SENTRA,IL,2015,UNKNOWN,PASSENGER,PERSONAL,E,STRAIGHT AHEAD,,,1,,,,,,,,,,,,,,,,Y,,FRONT,,,,,,,,,,,,,,,,,,,,,,,,,,,,,,,,,
2133196,0ffa66f366a1c987b9a3756b5a7ffe19b5c41d83e6294936a07d84312b5e69f672e2e447c9a871dddcf8f63d848368e22a3e3fa45cf2cab13b929878b2f3c850,08/21/2025 07:35:00 AM,2,DRIVER,,2033559,,HYUNDAI,ELANTRA,IL,2018,UNKNOWN,PASSENGER,PERSONAL,E,SLOW/STOP IN TRAFFIC,,,1,,,,,,,,,,Y,,,,,,,,REAR,,,,,,,,,,,,,,,,,,,,,,,,,,,,,,,,,
2133213,49799237a339050db6782ced94574e68369a5e37d4a4505bd50aa4af614f804b980212643abbc6b094ee4df6211e8d369c0d4c084c0f38bf9a185bf039cc8af5,08/21/2025 07:35:00 AM,1,DRIVER,,2033531,,CHEVROLET,EQUINOX,IL,2017,UNKNOWN,UNKNOWN/NA,UNKNOWN/NA,E,TURNING LEFT,,,1,,,,,,,,,,,,,,,,,Y,UNKNOWN,,,,,,,,,,,,,,,,,,,,,,,,,,,,,,,,,
2133214,49799237a339050db6782ced94574e68369a5e37d4a4505bd50aa4af614f804b980212643abbc6b094ee4df6211e8d369c0d4c084c0f38bf9a185bf039cc8af5,08/21/2025 07:35:00 AM,2,DRIVER,,2033539,,TOYOTA,CAMRY,IL,2004,NONE,PASSENGER,PERSONAL,S,STRAIGHT AHEAD,,,1,,,,,Y,,,,,,,,,,Y,Y,,FRONT,,,,,,,,,,,,,,,,,,,,,,,,,,,,,,,,,
2133199,74afa7843a850770aa63d00ba2cdcd0b17fb8dd2a2bca62a2b6a97dc768050951f6ec35b251116d4b5e1faed3476ec9ec20f455a89de91f3011d28341b52ff35,08/21/2025 07:34:00 AM,1,DRIVER,,2033519,,PONTIAC,TORRENT,IL,2007,UNKNOWN,PASSENGER,PERSONAL,N,MERGING,,,1,,,,,Y,Y,Y,Y,Y,,,,,,,,,FRONT-RIGHT-CORNER,,,,,,,,,,,,,,,,,,,,,,,,,,,,,,,,,
2133200,74afa7843a850770aa63d00ba2cdcd0b17fb8dd2a2bca62a2b6a97dc768050951f6ec35b251116d4b5e1faed3476ec9ec20f455a89de91f3011d28341b52ff35,08/21/2025 07:34:00 AM,2,DRIVER,,2033524,,HYUNDAI,ELANTRA,,2025,UNKNOWN,PASSENGER,PERSONAL,N,STRAIGHT AHEAD,Y,,1,,PRIVATE TOW,,,Y,,,,,,Y,Y,Y,Y,Y,Y,,FRONT-LEFT-CORNER,,,,,,,,,,,,,,,,,,,,,,,,,,,,,,,,,
2133232,6e2316cdf109703286ec6c0b7ef90a74472d3e9b75f5285c64e5a357efa1c2125e8cd892ee878a4e5d666f7cf6abbceb7bd51ef386418f48b5ab3b949f0dd01f,08/21/2025 07:32:00 AM,1,DRIVER,,2033544,,LINCOLN,CONSTRUCTION EQUIPMENT,IL,1999,NONE,PASSENGER,UNKNOWN/NA,N,ENTERING TRAFFIC LANE FROM PARKING,,,1,,,,,,,,,,,,,,Y,Y,,,FRONT-LEFT-CORNER,,,,,,,,,,,,,,,,,,,,,,,,,,,,,,,,,
2133233,6e2316cdf109703286ec6c0b7ef90a74472d3e9b75f5285c64e5a357efa1c2125e8cd892ee878a4e5d666f7cf6abbceb7bd51ef386418f48b5ab3b949f0dd01f,08/21/2025 07:32:00 AM,2,DRIVER,1,2033553,,FORD,EXPLORER,IL,2012,NONE,SPORT UTILITY VEHICLE (SUV),UNKNOWN/NA,N,SLOW/STOP IN TRAFFIC,,,2,,,,,Y,Y,,,,,,,,,,,,FRONT-RIGHT-CORNER,,,,,,,,,,,,,,,,,,,,,,,,,,,,,,,,,
2133201,0904adfaaa20f862c2ba30d711c2ad9af34f037a99d3563e2635b4b7aeb61d09ca40a159280cbe73964bdb385fb96cbd8d1f83c0af9dd08433e402485155175b,08/21/2025 07:31:00 AM,1,DRIVER,,2033515,,FORD,ESCAPE,IL,2025,NONE,SPORT UTILITY VEHICLE (SUV),PERSONAL,N,TURNING RIGHT,,,1,,,,,Y,,,,,,,,,,,,,FRONT-RIGHT-CORNER,,,,,,,,,,,,,,,,,,,,,,,,,,,,,,,,,
2133202,0904adfaaa20f862c2ba30d711c2ad9af34f037a99d3563e2635b4b7aeb61d09ca40a159280cbe73964bdb385fb96cbd8d1f83c0af9dd08433e402485155175b,08/21/2025 07:31:00 AM,2,BICYCLE,,,,,,,,,,,,,,,,,,,,,,,,,,,,,,,,,,,,,,,,,,,,,,,,,,,,,,,,,,,,,,,,,,
2133308,176095043be60c6e8612cc8ef4dfc2c80adcb1f39761e4ed812f8f7f403b9141fe2a3c2d43d0fc4fe4891525c3e293ba6392f453adf6001d3c6eff2a0be0a16d,08/21/2025 07:30:00 AM,1,DRIVER,,2033618,,UNKNOWN,OTHER (EXPLAIN IN NARRATIVE),,,UNKNOWN,PASSENGER,PERSONAL,S,PASSING/OVERTAKING,,,1,,,,,,Y,,,,,,,,,,,,UNKNOWN,,,,,,,,,,,,,,,,,,,,,,,,,,,,,,,,,
2133309,176095043be60c6e8612cc8ef4dfc2c80adcb1f39761e4ed812f8f7f403b9141fe2a3c2d43d0fc4fe4891525c3e293ba6392f453adf6001d3c6eff2a0be0a16d,08/21/2025 07:30:00 AM,2,DRIVER,2,2033623,N,CHEVROLET,TRUCK,IL,2020,NONE,BUS UP TO 15 PASS.,SCHOOL BUS,S,STRAIGHT AHEAD,,,3,,,,,,,,,,,,,,Y,,,,SIDE-LEFT-FRONT,,,,,,,,,,,,,,,,,,,,,,,,,,,,,,,,,
2133207,26693a99c74860d73ffd88c5f85e5eee5762eccec6dba3c35b1ada69ff0660fd9fe1680ea99457ea1e1fab726630128d93f792f66891ddb855bbed867fa42587,08/21/2025 07:30:00 AM,1,BICYCLE,,,,,,,,,,,,,,,,,,,,,,,,,,,,,,,,,,,,,,,,,,,,,,,,,,,,,,,,,,,,,,,,,,
2133208,26693a99c74860d73ffd88c5f85e5eee5762eccec6dba3c35b1ada69ff0660fd9fe1680ea99457ea1e1fab726630128d93f792f66891ddb855bbed867fa42587,08/21/2025 07:30:00 AM,2,DRIVER,,2033529,,HONDA,CIVIC,IL,2020,UNKNOWN,PASSENGER,PERSONAL,NW,STRAIGHT AHEAD,,,1,,,,,Y,Y,Y,,,,,,,,,,,FRONT-RIGHT-CORNER,,,,,,,,,,,,,,,,,,,,,,,,,,,,,,,,,
2133290,86e8ec432cf7106bc785885375e469335f3dcfb8b533467da92d8f887e5f60cb115102333f2434c5e3ebeac8cd5d3fae40b8b8a4833302ec855bbd53cc7e63e1,08/21/2025 07:30:00 AM,1,DRIVER,,2033600,,UNKNOWN,OTHER (EXPLAIN IN NARRATIVE),IL,,NONE,SPORT UTILITY VEHICLE (SUV),PERSONAL,E,CHANGING LANES,,,1,,,,,Y,Y,,,,,,,,,,,,FRONT-RIGHT-CORNER,,,,,,,,,,,,,,,,,,,,,,,,,,,,,,,,,
2133291,86e8ec432cf7106bc785885375e469335f3dcfb8b533467da92d8f887e5f60cb115102333f2434c5e3ebeac8cd5d3fae40b8b8a4833302ec855bbd53cc7e63e1,08/21/2025 07:30:00 AM,2,DRIVER,,2033607,,FORD,TRANSIT,IL,2024,NONE,VAN/MINI-VAN,OTHER,E,STRAIGHT AHEAD,,,1,,,,,,,,,,,Y,Y,Y,Y,Y,,,REAR-LEFT-CORNER,,,,,,,,,,,,,,,,,,,,,,,,,,,,,,,,,
2133211,804b8d173a1bc8e4e57439a820dcdaeb4f58906c2b39b825a597679573ec8fe7d2a94e4c4bb48b8a07125cf968cf972b9dda7c522816784edd89cba22bb56d04,08/21/2025 07:25:00 AM,1,DRIVER,1,2033527,,BUICK,ENCORE,IL,2016,NONE,SPORT UTILITY VEHICLE (SUV),PERSONAL,S,STRAIGHT AHEAD,,,2,,,,,,,,,,,,,,,,Y,,FRONT,,,,,,,,,,,,,,,,,,,,,,,,,,,,,,,,,
2133212,804b8d173a1bc8e4e57439a820dcdaeb4f58906c2b39b825a597679573ec8fe7d2a94e4c4bb48b8a07125cf968cf972b9dda7c522816784edd89cba22bb56d04,08/21/2025 07:25:00 AM,2,DRIVER,,2033533,,HONDA,PILOT,IL,2018,UNKNOWN,SPORT UTILITY VEHICLE (SUV),PERSONAL,S,SLOW/STOP IN TRAFFIC,,,1,,,,,,,,,,Y,,,,,,,,REAR,,,,,,,,,,,,,,,,,,,,,,,,,,,,,,,,,
2133181,083ee726a7e6a522a5dcd3898945481941273cdd0822668b84533a887e9a8caa6f8982b91f8ebef8ad8a8519538e7fc90a993bf1e6e831f4288ab44bb095f98b,08/21/2025 07:20:00 AM,1,DRIVER,,2033523,,MERCEDES-BENZ,GLA,MN,2025,NONE,PASSENGER,PERSONAL,W,STRAIGHT AHEAD,Y,,1,,PRIVATE,,,,,,,,,,,Y,Y,Y,,,SIDE-LEFT,,,,,,,,,,,,,,,,,,,,,,,,,,,,,,,,,
2133182,083ee726a7e6a522a5dcd3898945481941273cdd0822668b84533a887e9a8caa6f8982b91f8ebef8ad8a8519538e7fc90a993bf1e6e831f4288ab44bb095f98b,08/21/2025 07:20:00 AM,2,DRIVER,,2033503,,LEXUS,ES250,IL,2023,NONE,PASSENGER,PERSONAL,N,STRAIGHT AHEAD,Y,,1,,PRIVATE,,,Y,Y,,,,,,,,Y,Y,Y,,FRONT,,,,,,,,,,,,,,,,,,,,,,,,,,,,,,,,,
2133624,7a0c7465ab664f2358ae8fdffd1cac2d6568a9d28c464381dc796812fd9cae160bb84c5b61672c4cce5a85ab46e8661d4f648ae55f7911baf69da56f6e900f79,08/21/2025 07:20:00 AM,1,DRIVER,,2033924,,UNKNOWN,OTHER (EXPLAIN IN NARRATIVE),IL,2018,UNKNOWN,TRACTOR W/ SEMI-TRAILER,OTHER,UNKNOWN,CHANGING LANES,,,1,,,,,,,,,,,,Y,Y,Y,,,,SIDE-LEFT,,,,,,,,,,,,,,,,,,,,,,,,,,,,,,,,,
2133625,7a0c7465ab664f2358ae8fdffd1cac2d6568a9d28c464381dc796812fd9cae160bb84c5b61672c4cce5a85ab46e8661d4f648ae55f7911baf69da56f6e900f79,08/21/2025 07:20:00 AM,2,DRIVER,,2033949,,HONDA,CR-V,IL,2019,UNKNOWN,SPORT UTILITY VEHICLE (SUV),PERSONAL,UNKNOWN,STRAIGHT AHEAD,,,1,,,,,,Y,Y,Y,,,,,,,,,,SIDE-RIGHT,,,,,,,,,,,,,,,,,,,,,,,,,,,,,,,,,
2136716,afb2efab9cab28e80634219e79e8fdd167cc89ac091d095392d2edd925e4e5f7ea097c3b7fcbdd880c55694950ba2d134cef2b605865c35f1de05aa4402e610f,08/21/2025 07:20:00 AM,1,DRIVER,,2036888,,ACURA,ILX,TX,2023,NONE,PASSENGER,UNKNOWN/NA,N,PASSING/OVERTAKING,,,1,,,,,Y,Y,,,,,,,,,,,,FRONT-RIGHT-CORNER,,,,,,,,,,,,,,,,,,,,,,,,,,,,,,,,,
2136717,afb2efab9cab28e80634219e79e8fdd167cc89ac091d095392d2edd925e4e5f7ea097c3b7fcbdd880c55694950ba2d134cef2b605865c35f1de05aa4402e610f,08/21/2025 07:20:00 AM,2,DRIVER,,2036883,,STERLING,STERLING 827,IL,2008,NONE,OTHER,UNKNOWN/NA,N,STRAIGHT AHEAD,,,1,,,,,,,,,,,,,Y,Y,Y,,,SIDE-LEFT-FRONT,,,,,,,,,,,,,,,,,,,,,,,,,,,,,,,,,
2133223,c0f957cb7e60f6df5b3466ea46df0378c6a8c92a7a5ab61b7629ec69a86b808033f3bcd1412a1fade70b525d6ed07103bd218318feda58bab2cb2e416ad0770a,08/21/2025 07:19:00 AM,1,DRIVER,,2033538,,HONDA,CIVIC,IL,2017,UNKNOWN,PASSENGER,PERSONAL,S,U-TURN,Y,,1,,,,,N,,,,,,,,,Y,Y,Y,,FRONT-LEFT-CORNER,,,,,,,,,,,,,,,,,,,,,,,,,,,,,,,,,
2133224,c0f957cb7e60f6df5b3466ea46df0378c6a8c92a7a5ab61b7629ec69a86b808033f3bcd1412a1fade70b525d6ed07103bd218318feda58bab2cb2e416ad0770a,08/21/2025 07:19:00 AM,2,DRIVER,,2033551,,LINCOLN,NAVIGATOR,IL,2023,UNKNOWN,PASSENGER,TAXI/FOR HIRE,S,STRAIGHT AHEAD,,,1,,,,,Y,Y,,,,,,,,,,,,FRONT-RIGHT-CORNER,,,,,,,,,,,,,,,,,,,,,,,,,,,,,,,,,
2133225,001d4191817569a715023ad4f70ab76e08501e88b37ea55ca324b41e89eb35242f05ad2a968077897474631b15e078e26afeb2577b684c9e24653d32c173a908,08/21/2025 07:15:00 AM,1,DRIVER,,2033537,,VOLKSWAGEN,GTI,IL,2007,NONE,PASSENGER,PERSONAL,W,STRAIGHT AHEAD,Y,,1,,CPD,POUND #2,,Y,Y,Y,Y,Y,,,,,,,,,SIDE-RIGHT,,,,,,,,,,,,,,,,,,,,,,,,,,,,,,,,,
2133226,001d4191817569a715023ad4f70ab76e08501e88b37ea55ca324b41e89eb35242f05ad2a968077897474631b15e078e26afeb2577b684c9e24653d32c173a908,08/21/2025 07:15:00 AM,2,PARKED,,2033540,,FORD,OTHER (EXPLAIN IN NARRATIVE),,2014,NONE,SPORT UTILITY VEHICLE (SUV),PERSONAL,W,PARKED,,,0,,,,,,,,,,Y,Y,Y,,,,,,REAR-LEFT-CORNER,,,,,,,,,,,,,,,,,,,,,,,,,,,,,,,,,
2133227,001d4191817569a715023ad4f70ab76e08501e88b37ea55ca324b41e89eb35242f05ad2a968077897474631b15e078e26afeb2577b684c9e24653d32c173a908,08/21/2025 07:15:00 AM,3,PARKED,,2033545,,HONDA,CR-V,IL,2021,NONE,SPORT UTILITY VEHICLE (SUV),PERSONAL,W,PARKED,,,0,,,,,,,,,,,,,Y,Y,Y,,,FRONT-LEFT-CORNER,,,,,,,,,,,,,,,,,,,,,,,,,,,,,,,,,
2133314,1f9bce9d90a63a44fe17b33cd41280b94f1572c81341966fd2f02f756c555236df50a0ed9aa329fcc81abb0b316d89f04bf98ba72e1062045bae1ae4a87a77a4,08/21/2025 07:15:00 AM,1,DRIVER,,2033632,,UNKNOWN,OTHER (EXPLAIN IN NARRATIVE),IL,,UNKNOWN,UNKNOWN/NA,UNKNOWN/NA,UNKNOWN,UNKNOWN/NA,,,1,,,,,,,,,,,,,,,,,Y,UNKNOWN,,,,,,,,,,,,,,,,,,,,,,,,,,,,,,,,,
2133315,1f9bce9d90a63a44fe17b33cd41280b94f1572c81341966fd2f02f756c555236df50a0ed9aa329fcc81abb0b316d89f04bf98ba72e1062045bae1ae4a87a77a4,08/21/2025 07:15:00 AM,2,PARKED,,2033624,,DODGE,AVENGER,IL,2013,NONE,PASSENGER,PERSONAL,E,PARKED,,,0,,,,,Y,,,,,,,,,,Y,Y,,FRONT,,,,,,,,,,,,,,,,,,,,,,,,,,,,,,,,,
2133304,1f4b73a27be31d8bf1a400f3b3556c7169b20edacdbf92bf696d5eb38ba6571b53abfc0dc53a959ca0484455824a03920902c330e80c72b9e576887e760a9d7c,08/21/2025 07:10:00 AM,1,DRIVER,,2033614,,UNKNOWN,OTHER (EXPLAIN IN NARRATIVE),,,UNKNOWN,PICKUP,UNKNOWN/NA,S,CHANGING LANES,,,1,,,,Y,,,,,,,,,,,,,,UNKNOWN,,,,,,,,,,,,,,,,,,,,,,,,,,,,,,,,,
2133305,1f4b73a27be31d8bf1a400f3b3556c7169b20edacdbf92bf696d5eb38ba6571b53abfc0dc53a959ca0484455824a03920902c330e80c72b9e576887e760a9d7c,08/21/2025 07:10:00 AM,2,DRIVER,,2033619,,NISSAN,ARMADA,MN,,NONE,SPORT UTILITY VEHICLE (SUV),PERSONAL,S,STRAIGHT AHEAD,,,1,,,,,,,,,,,,,,,,Y,,FRONT,,,,,,,,,,,,,,,,,,,,,,,,,,,,,,,,,
2133704,3ac3491cbf28d8693184752c177bee9091e44efb358771ffe8e1da5a09b9bff8b08847ea59cb63bd00b96db8a060ad6a9f0533ce3d1644d59619a5063a726145,08/21/2025 07:10:00 AM,1,DRIVER,,2033991,,FORD,OTHER (EXPLAIN IN NARRATIVE),IL,2015,UNKNOWN,PASSENGER,UNKNOWN/NA,E,UNKNOWN/NA,,,1,,,,,Y,,,,,,,,,,Y,Y,,FRONT,,,,,,,,,,,,,,,,,,,,,,,,,,,,,,,,,