CRASH_UNIT_ID,CRASH_RECORD_ID,CRASH_DATE,UNIT_NO,UNIT_TYPE,NUM_PASSENGERS,VEHICLE_ID,CMRC_VEH_I,MAKE,MODEL,LIC_PLATE_STATE,VEHICLE_YEAR,VEHICLE_DEFECT,VEHICLE_TYPE,VEHICLE_USE,TRAVEL_DIRECTION,MANEUVER,TOWED_I,FIRE_I,OCCUPANT_CNT,EXCEED_SPEED_LIMIT_I,TOWED_BY,TOWED_TO,AREA_00_I,AREA_01_I,AREA_02_I,AREA_03_I,AREA_04_I,AREA_05_I,AREA_06_I,AREA_07_I,AREA_08_I,AREA_09_I,AREA_10_I,AREA_11_I,AREA_12_I,AREA_99_I,FIRST_CONTACT_POINT,CMV_ID,USDOT_NO,CCMC_NO,ILCC_NO,COMMERCIAL_SRC,GVWR,CARRIER_NAME,CARRIER_STATE,CARRIER_CITY,HAZMAT_PLACARDS_I,HAZMAT_NAME,UN_NO,HAZMAT_PRESENT_I,HAZMAT_REPORT_I,HAZMAT_REPORT_NO,MCS_REPORT_I,MCS_REPORT_NO,HAZMAT_VIO_CAUSE_CRASH_I,MCS_VIO_CAUSE_CRASH_I,IDOT_PERMIT_NO,WIDE_LOAD_I,TRAILER1_WIDTH,TRAILER2_WIDTH,TRAILER1_LENGTH,TRAILER2_LENGTH,TOTAL_VEHICLE_LENGTH,AXLE_CNT,VEHICLE_CONFIG,CARGO_BODY_TYPE,LOAD_TYPE,HAZMAT_OUT_OF_SERVICE_I,MCS_OUT_OF_SERVICE_I,HAZMAT_CLASS
2133705,3ac3491cbf28d8693184752c177bee9091e44efb358771ffe8e1da5a09b9bff8b08847ea59cb63bd00b96db8a060ad6a9f0533ce3d1644d59619a5063a726145,08/21/2025 07:10:00 AM,2,DRIVER,,2033995,,JEEP,CHEROKEE,IL,2016,NONE,PASSENGER,PERSONAL,N,STRAIGHT AHEAD,,,1,,,,,,,,,,,,,Y,Y,Y,,,SIDE-LEFT,,,,,,,,,,,,,,,,,,,,,,,,,,,,,,,,,
2133230,42f532e03d2f1d12dc868211846e01398f05142d539bb219e1dd3fc6bc64af01cd23a9d83ce0ec8c6d667f5c98694d2d74f894bdac89204dd5a4a4f306d05049,08/21/2025 07:05:00 AM,1,DRIVER,,2033557,,KIA,FORTE,IL,2016,UNKNOWN,PASSENGER,PERSONAL,E,STRAIGHT AHEAD,,,1,,,,,,,,,,,,Y,Y,Y,Y,,,SIDE-LEFT,,,,,,,,,,,,,,,,,,,,,,,,,,,,,,,,,
2133248,42f532e03d2f1d12dc868211846e01398f05142d539bb219e1dd3fc6bc64af01cd23a9d83ce0ec8c6d667f5c98694d2d74f894bdac89204dd5a4a4f306d05049,08/21/2025 07:05:00 AM,2,DRIVER,,2033563,,AUDI,TT,IL,2013,UNKNOWN,PASSENGER,PERSONAL,S,STRAIGHT AHEAD,Y,,1,,,,,Y,Y,,,,,,,N,Y,Y,Y,,FRONT,,,,,,,,,,,,,,,,,,,,,,,,,,,,,,,,,
2134291,4b89c9453a5b0125ad17996560ba68daa9cf5584a86bb932a384e60c64192a49ba9ceb1d40c6c266182b47928420fa3e68df82aa9c50fd4ab1aef3c1e87f527f,08/21/2025 07:00:00 AM,1,DRIVER,,2034554,,NISSAN,ROGUE,IL,2011,NONE,SPORT UTILITY VEHICLE (SUV),PERSONAL,E,STRAIGHT AHEAD,,,1,,,,,Y,,,,,,,,,,Y,Y,,FRONT,,,,,,,,,,,,,,,,,,,,,,,,,,,,,,,,,
2134292,4b89c9453a5b0125ad17996560ba68daa9cf5584a86bb932a384e60c64192a49ba9ceb1d40c6c266182b47928420fa3e68df82aa9c50fd4ab1aef3c1e87f527f,08/21/2025 07:00:00 AM,2,DRIVER,2,2034555,,TOYOTA,COROLLA,IL,2009,NONE,PASSENGER,PERSONAL,S,STRAIGHT AHEAD,Y,,3,,private tow,unk,,,,,Y,Y,,,,,,,,,REAR-RIGHT-CORNER,,,,,,,,,,,,,,,,,,,,,,,,,,,,,,,,,
2133246,5e88b9d3113ef1825dbf6dd213536ee24a248b4480577b19a4864562062e3ca78c3b66c51ceddac92f7e3bd0063db71c2aedf9da073f9926d1efc183df62c440,08/21/2025 07:00:00 AM,1,DRIVER,,2033567,,HYUNDAI,SONATA,IL,2018,UNKNOWN,PASSENGER,PERSONAL,E,STRAIGHT AHEAD,Y,,1,,STREETS/SANITATION,POUND 2,,Y,,,,,,,,,,Y,Y,,FRONT,,,,,,,,,,,,,,,,,,,,,,,,,,,,,,,,,
2133247,5e88b9d3113ef1825dbf6dd213536ee24a248b4480577b19a4864562062e3ca78c3b66c51ceddac92f7e3bd0063db71c2aedf9da073f9926d1efc183df62c440,08/21/2025 07:00:00 AM,2,DRIVER,,2033573,,HONDA,HR-V,IL,2025,UNKNOWN,PASSENGER,PERSONAL,E,SLOW/STOP IN TRAFFIC,,,1,,,,,,,,,,Y,,,,,,,,REAR,,,,,,,,,,,,,,,,,,,,,,,,,,,,,,,,,
2133258,c3ed951437b7c193e6292f1981dde1af6e450765a312ac42c367562814eefee365690c6e330cffc88a399e877f3b76402dec3c2aac9af162ea625e8df8b2bf5b,08/21/2025 07:00:00 AM,1,DRIVER,,2033577,,KIA,CLARUS,NJ,2021,UNKNOWN,PASSENGER,PERSONAL,N,CHANGING LANES,,,1,,,,,,Y,Y,Y,,,,,,,,,,SIDE-RIGHT,,,,,,,,,,,,,,,,,,,,,,,,,,,,,,,,,
2133259,c3ed951437b7c193e6292f1981dde1af6e450765a312ac42c367562814eefee365690c6e330cffc88a399e877f3b76402dec3c2aac9af162ea625e8df8b2bf5b,08/21/2025 07:00:00 AM,2,DRIVER,,2033585,,NISSAN,SENTRA,IL,2011,NONE,PASSENGER,PERSONAL,N,STRAIGHT AHEAD,,,1,,,,,,,,,,,Y,,,,,,,SIDE-LEFT-REAR,,,,,,,,,,,,,,,,,,,,,,,,,,,,,,,,,
2133256,deaa13b495ca24c6b25676f0cd022e7ed3daf875bf5b84d0462383581be1904c1b3e661793abd71733df914a2c2d4a7e14d2ab2c28f6d518fcb2a770da7f0852,08/21/2025 07:00:00 AM,1,DRIVER,,2033572,,CHEVROLET,COLORADO,IL,2006,NONE,TRUCK - SINGLE UNIT,PERSONAL,N,ENTERING TRAFFIC LANE FROM PARKING,,,1,,,,,Y,Y,,,,,,,,,,,,FRONT-RIGHT-CORNER,,,,,,,,,,,,,,,,,,,,,,,,,,,,,,,,,
2133257,deaa13b495ca24c6b25676f0cd022e7ed3daf875bf5b84d0462383581be1904c1b3e661793abd71733df914a2c2d4a7e14d2ab2c28f6d518fcb2a770da7f0852,08/21/2025 07:00:00 AM,2,PARKED,,2033578,,AUDI,A6,IL,2019,UNKNOWN,PASSENGER,NOT IN USE,N,PARKED,Y,,0,,UNKNOWN,UNKNOWN,,Y,,,,,,,,,,Y,Y,,FRONT-LEFT-CORNER,,,,,,,,,,,,,,,,,,,,,,,,,,,,,,,,,
2134755,eb9a0c2073c939dc056f3493b9d54a14e435a46f00fbf4608f969e671dd3a8c10229894bd1fee42b36d61354589e756a39004427b6cc06a88e572889efa5374f,08/21/2025 06:58:00 AM,1,DRIVER,,2035000,,HONDA,ACCORD,IL,2015,UNKNOWN,PASSENGER,PERSONAL,W,TURNING LEFT,,,1,,,,,,,,,,,,Y,,,,,,REAR-LEFT-CORNER,,,,,,,,,,,,,,,,,,,,,,,,,,,,,,,,,
2134756,eb9a0c2073c939dc056f3493b9d54a14e435a46f00fbf4608f969e671dd3a8c10229894bd1fee42b36d61354589e756a39004427b6cc06a88e572889efa5374f,08/21/2025 06:58:00 AM,2,DRIVER,,2035001,,CHEVROLET,EQUINOX,IL,2019,NONE,PASSENGER,NOT IN USE,N,STRAIGHT AHEAD,,,1,,,,,,,,,,,,Y,Y,Y,,,,SIDE-LEFT,,,,,,,,,,,,,,,,,,,,,,,,,,,,,,,,,
2133300,0b32aa10d6211385820ecfbdc0186d43b67e20d84f62b908fc52e8c4a0124989c4c134ec648e268fb8c46d1b8665dbd2fa43df215086524227724432ed5557d3,08/21/2025 06:55:00 AM,1,DRIVER,,2033616,,TOYOTA,RAV4,IL,2025,UNKNOWN,SPORT UTILITY VEHICLE (SUV),PERSONAL,E,TURNING LEFT,,,1,,,,,,,,,,,,,,,Y,Y,,FRONT-LEFT-CORNER,,,,,,,,,,,,,,,,,,,,,,,,,,,,,,,,,
2133301,0b32aa10d6211385820ecfbdc0186d43b67e20d84f62b908fc52e8c4a0124989c4c134ec648e268fb8c46d1b8665dbd2fa43df215086524227724432ed5557d3,08/21/2025 06:55:00 AM,2,BICYCLE,,,,,,,,,,,,,,,,,,,,,,,,,,,,,,,,,,,,,,,,,,,,,,,,,,,,,,,,,,,,,,,,,,
2133183,8b4124be4df77852bdfcfac2960a4a1bb351c65b31c53c221b0d2358b9de9e0239f05a9f6cfb9f2992137def4568c7be2b0bf5fbb95369b0fad1ab620213b516,08/21/2025 06:50:00 AM,1,DRIVER,,2033506,,NISSAN,ALTIMA,IL,2017,UNKNOWN,PASSENGER,PERSONAL,W,STRAIGHT AHEAD,,,1,,,,,Y,Y,,,,,,,,,,Y,,SIDE-RIGHT-FRONT,,,,,,,,,,,,,,,,,,,,,,,,,,,,,,,,,
2133184,8b4124be4df77852bdfcfac2960a4a1bb351c65b31c53c221b0d2358b9de9e0239f05a9f6cfb9f2992137def4568c7be2b0bf5fbb95369b0fad1ab620213b516,08/21/2025 06:50:00 AM,2,DRIVER,,2033513,,FORD,OTHER (EXPLAIN IN NARRATIVE),IL,2022,NONE,SINGLE UNIT TRUCK WITH TRAILER,OTHER,E,TURNING LEFT,,,1,,,,,,,,Y,Y,,,,,,,,,SIDE-LEFT-REAR,,,,,,,,,,,,,,,,,,,,,,,,,,,,,,,,,
2133175,d0491ac404513341bf1bc5450c88eb0bc5a1cf628b935f7d54638d487cd13b399b1838b5306970cda41ee361e0f2f4e6fb4e17113c919385e45e9cee398594a0,08/21/2025 06:50:00 AM,1,DRIVER,,2033497,,LEXUS,ES330,IL,2005,UNKNOWN,PASSENGER,PERSONAL,W,TURNING LEFT,,,1,,,,,,,,,,,,,,Y,Y,Y,,FRONT-LEFT-CORNER,,,,,,,,,,,,,,,,,,,,,,,,,,,,,,,,,
2133176,d0491ac404513341bf1bc5450c88eb0bc5a1cf628b935f7d54638d487cd13b399b1838b5306970cda41ee361e0f2f4e6fb4e17113c919385e45e9cee398594a0,08/21/2025 06:50:00 AM,2,DRIVER,,2033499,,CHEVROLET,EQUINOX,IL,2020,NONE,SPORT UTILITY VEHICLE (SUV),PERSONAL,S,STRAIGHT AHEAD,,,1,,,,,,,,,,,,,,Y,Y,Y,,FRONT-LEFT-CORNER,,,,,,,,,,,,,,,,,,,,,,,,,,,,,,,,,
2133177,419018b6975a9534ddc3ef1b8dbd41d9e02993e1f6eabac70add70a0decdc100cc2ed9e8c777287881a212a62b03fb4d8be7f58494d068cbe29e062a4b55fcb1,08/21/2025 06:47:00 AM,1,DRIVER,,2033496,,VOLKSWAGEN,TIGUAN,IL,2014,UNKNOWN,PASSENGER,UNKNOWN/NA,E,UNKNOWN/NA,,,1,,,,,,,,,,,,,,,,,,UNKNOWN,,,,,,,,,,,,,,,,,,,,,,,,,,,,,,,,,
2133178,419018b6975a9534ddc3ef1b8dbd41d9e02993e1f6eabac70add70a0decdc100cc2ed9e8c777287881a212a62b03fb4d8be7f58494d068cbe29e062a4b55fcb1,08/21/2025 06:47:00 AM,2,DRIVER,,2033505,,TOYOTA,COROLLA,IL,2013,NONE,PASSENGER,PERSONAL,E,STRAIGHT AHEAD,,,1,,,,,,,,,,,,,Y,Y,Y,,,SIDE-LEFT,,,,,,,,,,,,,,,,,,,,,,,,,,,,,,,,,
2133173,3a9b54898b3a22d9b6cf1b8b61abafa9e3149a65ca9a7421bc684d23e8ef9ebb2320abf592122fe362c345ac4c89cc3ce1ab4078a086cd15a1b075ffcde22c7a,08/21/2025 06:45:00 AM,1,DRIVER,,2033492,,KIA,SOUL,IL,,UNKNOWN,UNKNOWN/NA,UNKNOWN/NA,N,STRAIGHT AHEAD,,,1,,,,,Y,Y,,,,,,,,,,,,FRONT-RIGHT-CORNER,,,,,,,,,,,,,,,,,,,,,,,,,,,,,,,,,
2133174,3a9b54898b3a22d9b6cf1b8b61abafa9e3149a65ca9a7421bc684d23e8ef9ebb2320abf592122fe362c345ac4c89cc3ce1ab4078a086cd15a1b075ffcde22c7a,08/21/2025 06:45:00 AM,2,DRIVER,,2033494,,CHEVROLET,TRAX,FL,,NONE,PASSENGER,PERSONAL,N,STRAIGHT AHEAD,,,1,,,,,,,,,,,,,,Y,Y,Y,,FRONT-LEFT-CORNER,,,,,,,,,,,,,,,,,,,,,,,,,,,,,,,,,
2133535,72b170b34ad3cad7d594739f20ae95d1e0a6d4dbabdd4f58cdcc8cb3c9ed206fb96496664b3d8b88ecc98cb6a6799c40c216c558c851cc129d88b0c1cdeacf43,08/21/2025 06:45:00 AM,1,DRIVER,,2033832,,HONDA,CIVIC,IL,2002,UNKNOWN,PASSENGER,PERSONAL,E,STRAIGHT AHEAD,,,1,,,,Y,,,,,,,,,,,,,,FRONT-RIGHT-CORNER,,,,,,,,,,,,,,,,,,,,,,,,,,,,,,,,,
2133158,210c699ef346010c4f995bc77efbd19ac4c447315d31206c64fb42b67ba8f76d08b568ec25c02622ebf34ab7839303deaa18aa683708a77078fd7a57dbe11b53,08/21/2025 06:40:00 AM,1,DRIVER,,2033487,,UNKNOWN,OTHER (EXPLAIN IN NARRATIVE),,,UNKNOWN,TRUCK - SINGLE UNIT,UNKNOWN/NA,N,STRAIGHT AHEAD,,,1,,,,,,Y,,,,,,,,,,,,SIDE-RIGHT,,,,,,,,,,,,,,,,,,,,,,,,,,,,,,,,,
2133159,210c699ef346010c4f995bc77efbd19ac4c447315d31206c64fb42b67ba8f76d08b568ec25c02622ebf34ab7839303deaa18aa683708a77078fd7a57dbe11b53,08/21/2025 06:40:00 AM,2,DRIVER,1,2033483,,CHEVROLET,EXPRESS,IL,2020,NONE,BUS UP TO 15 PASS.,SCHOOL BUS,N,STRAIGHT AHEAD,,,2,,,,,,,,,,,,,,Y,,,,SIDE-LEFT,,,,,,,,,,,,,,,,,,,,,,,,,,,,,,,,,
2133171,dd37111c873a9ef1652496b697129427c2eeff2987a7fce089bcc9a8d83a755845e74adcc46044f19a62f981c5fafe2cd919a0a40b9f0e65b55b60aa42046021,08/21/2025 06:39:00 AM,1,DRIVER,,2033493,Y,AUTOCAR,AUTOCAR,IL,2010,UNKNOWN,TRUCK - SINGLE UNIT,OTHER,S,STRAIGHT AHEAD,,,1,,,,Y,,,,,,,,,,,,,,FRONT-RIGHT-CORNER,"22,044",,,,SIDE OF TRUCK,,DEPARTMENT OF STREETS AND SANITATION,IL,CHICAGO,,,,N,N,,N,,N,N,S10357,,,,,,,,UNKNOWN HEAVY TRUCK,GARBAGE/REFUSE,OTHER,N,N,
2133172,dd37111c873a9ef1652496b697129427c2eeff2987a7fce089bcc9a8d83a755845e74adcc46044f19a62f981c5fafe2cd919a0a40b9f0e65b55b60aa42046021,08/21/2025 06:39:00 AM,2,PARKED,,2033500,,HONDA,ACCORD,IL,2019,UNKNOWN,PASSENGER,PERSONAL,S,PARKED,,,0,,,,,,,,,,,,,Y,,,,,SIDE-LEFT,,,,,,,,,,,,,,,,,,,,,,,,,,,,,,,,,
2133153,ccf19e173ab19502b6203c4ad96702631c5a917030ae3618855aa9c4205942c9000127f8d740431ac48e2c157caf311feae10ed6d16d460ada16bfefa4fab80a,08/21/2025 06:38:00 AM,1,DRIVER,,2033478,,HYUNDAI,OTHER (EXPLAIN IN NARRATIVE),IL,2021,NONE,PASSENGER,PERSONAL,N,STRAIGHT AHEAD,,,1,,,,,,,,,,,,,,,Y,,,SIDE-LEFT,,,,,,,,,,,,,,,,,,,,,,,,,,,,,,,,,
2133154,ccf19e173ab19502b6203c4ad96702631c5a917030ae3618855aa9c4205942c9000127f8d740431ac48e2c157caf311feae10ed6d16d460ada16bfefa4fab80a,08/21/2025 06:38:00 AM,2,DRIVER,,2033479,,CHRYSLER,300,IL,2013,NONE,PASSENGER,PERSONAL,N,STRAIGHT AHEAD,,,1,,,,,Y,,,Y,,,,,,,,,,FRONT-RIGHT-CORNER,,,,,,,,,,,,,,,,,,,,,,,,,,,,,,,,,
2133156,99fd642dd49d88143a2f899b37f60d5c75537fc6ab1d071634987187fc75fd39f20ca3cd6ab422e84a2fca8a9a96de30208b521ab7495516adbb50700b5061ef,08/21/2025 06:30:00 AM,1,DRIVER,,2033480,,UNKNOWN,OTHER (EXPLAIN IN NARRATIVE),,,UNKNOWN,UNKNOWN/NA,UNKNOWN/NA,N,UNKNOWN/NA,,,1,,,,,,,,,,,,,,,N,,Y,UNKNOWN,,,,,,,,,,,,,,,,,,,,,,,,,,,,,,,,,
2133157,99fd642dd49d88143a2f899b37f60d5c75537fc6ab1d071634987187fc75fd39f20ca3cd6ab422e84a2fca8a9a96de30208b521ab7495516adbb50700b5061ef,08/21/2025 06:30:00 AM,2,PARKED,,2033481,,NISSAN,SENTRA,IL,2009,NONE,PASSENGER,PERSONAL,N,PARKED,,,0,,,,,,,,,,,,,,Y,Y,Y,,TOTAL (ALL AREAS),,,,,,,,,,,,,,,,,,,,,,,,,,,,,,,,,
2133542,3f15c93e793a69b92c3686d8af743ab1876c12e3c94c5447c76114baeb1f59d5c56971cbd0749cc5521968a0bfefed15090ddb122b0c1c866ea976c9438ac871,08/21/2025 06:05:00 AM,1,DRIVER,,2033834,,NISSAN,ROGUE,IL,,UNKNOWN,PASSENGER,UNKNOWN/NA,W,STRAIGHT AHEAD,,,1,,,,,,,,,,,,,,,,Y,,FRONT,,,,,,,,,,,,,,,,,,,,,,,,,,,,,,,,,
2133543,3f15c93e793a69b92c3686d8af743ab1876c12e3c94c5447c76114baeb1f59d5c56971cbd0749cc5521968a0bfefed15090ddb122b0c1c866ea976c9438ac871,08/21/2025 06:05:00 AM,2,PARKED,,2033838,,NISSAN,ALTIMA,IL,2024,UNKNOWN,PASSENGER,NOT IN USE,W,PARKED,,,0,,,,,,,,,,Y,,,,,,,,REAR,,,,,,,,,,,,,,,,,,,,,,,,,,,,,,,,,
2135350,0d7c947c4a3bd722819dc8a38d83a469b6a9b002ea43b8e67bb29fb6f0f14f9857a2b0af9eb0981223c57185f360387203b8837a23872bb5a8b602842e4ed3c8,08/21/2025 06:02:00 AM,1,DRIVER,,2035563,,CADILLAC,XT5,IL,2018,UNKNOWN,PASSENGER,PERSONAL,SE,TURNING LEFT,Y,,1,,D.C.T.&.T,,,Y,,,,,,,,Y,Y,Y,Y,,FRONT-LEFT-CORNER,,,,,,,,,,,,,,,,,,,,,,,,,,,,,,,,,
2135351,0d7c947c4a3bd722819dc8a38d83a469b6a9b002ea43b8e67bb29fb6f0f14f9857a2b0af9eb0981223c57185f360387203b8837a23872bb5a8b602842e4ed3c8,08/21/2025 06:02:00 AM,2,DRIVER,1,2035564,,NISSAN,MURANO,IL,2018,UNKNOWN,PASSENGER,PERSONAL,N,STRAIGHT AHEAD,,,2,,,,,Y,Y,,,,,,,,Y,Y,Y,,FRONT,,,,,,,,,,,,,,,,,,,,,,,,,,,,,,,,,
2133209,c21fb19ec39446bbe2ace3852879473fee04ab7d2bef2ac81039472ae8f64ebaec712e640c814ed616feb3e50bf1a434d85306962eba55bded498ebb3fbc7f8c,08/21/2025 05:50:00 AM,1,DRIVER,,2033525,,UNKNOWN,OTHER (EXPLAIN IN NARRATIVE),IL,,UNKNOWN,UNKNOWN/NA,UNKNOWN/NA,UNKNOWN,STRAIGHT AHEAD,,,1,,,,,,,,,,,,,,,,,Y,UNKNOWN,,,,,,,,,,,,,,,,,,,,,,,,,,,,,,,,,
2133210,c21fb19ec39446bbe2ace3852879473fee04ab7d2bef2ac81039472ae8f64ebaec712e640c814ed616feb3e50bf1a434d85306962eba55bded498ebb3fbc7f8c,08/21/2025 05:50:00 AM,2,PARKED,,2033530,,CADILLAC,ESCALADE,IL,2023,NONE,PASSENGER,PERSONAL,S,PARKED,,,0,,,,,,,,,,,Y,Y,,,,,,REAR-LEFT-CORNER,,,,,,,,,,,,,,,,,,,,,,,,,,,,,,,,,
2133152,efe2dab1188e9b8ef4555699e9dea177f5d4e8d3a06e61e829369d166077c137425760957ca687f34b6c5385daff216ef1853294f363e16ec8ecce16ad046804,08/21/2025 05:40:00 AM,1,DRIVER,,2034137,,UNKNOWN,OTHER (EXPLAIN IN NARRATIVE),IL,,UNKNOWN,TRUCK - SINGLE UNIT,OTHER,W,BACKING,,,1,,,,,,,,,,Y,,,,,,,,REAR,,,,,,,,,,,,,,,,,,,,,,,,,,,,,,,,,
2133161,f499d40ca4c51ffdc3b500db67f4cda5f40e218e9dbd58e82cc87ef826ab180e79fd93d3950d9586fec74da40a35cf6325b6f448df47f06ff70686f9aa1228ba,08/21/2025 05:40:00 AM,1,DRIVER,,2033482,,NISSAN,MAXIMA,,,UNKNOWN,PASSENGER,PERSONAL,N,STRAIGHT AHEAD,,,1,,,,,,,,,,,,,,,,Y,,FRONT,,,,,,,,,,,,,,,,,,,,,,,,,,,,,,,,,
2133162,f499d40ca4c51ffdc3b500db67f4cda5f40e218e9dbd58e82cc87ef826ab180e79fd93d3950d9586fec74da40a35cf6325b6f448df47f06ff70686f9aa1228ba,08/21/2025 05:40:00 AM,2,DRIVER,1,2033491,,HYUNDAI,SONATA,IL,2013,UNKNOWN,PASSENGER,PERSONAL,N,SLOW/STOP IN TRAFFIC,,,2,,,,,,,,,,Y,,,,,,,,REAR,,,,,,,,,,,,,,,,,,,,,,,,,,,,,,,,,
2133163,06328a70fdb9fedb9ae8143f2fa4509a8645d837bcce079bd98df50165d67efcab25a2b60085805eec770326cc0818ef19fd93d5b785eacee7b1aaa30e35dd8c,08/21/2025 05:30:00 AM,1,DRIVER,,2033486,,UNKNOWN,ENCLOSED BODY,,,UNKNOWN,PASSENGER,UNKNOWN/NA,N,STRAIGHT AHEAD,,,1,,,,,,,,,,,,,,,,Y,,FRONT,,,,,,,,,,,,,,,,,,,,,,,,,,,,,,,,,
2133164,06328a70fdb9fedb9ae8143f2fa4509a8645d837bcce079bd98df50165d67efcab25a2b60085805eec770326cc0818ef19fd93d5b785eacee7b1aaa30e35dd8c,08/21/2025 05:30:00 AM,2,DRIVER,,2033490,,ACURA,RLX,IL,2016,NONE,SPORT UTILITY VEHICLE (SUV),PERSONAL,NE,STRAIGHT AHEAD,Y,,1,,owner's choice,owner's choice,,,,,Y,Y,,,,,,,,,REAR-RIGHT-CORNER,,,,,,,,,,,,,,,,,,,,,,,,,,,,,,,,,
2133167,bb06703a5f9c14be3bb21b45539da81a0bad42ea22484607100bd7dafb39af4b7e948a5cffe22ce4f4f957c3b59b96fe4180a27bd415319b2c7674d7fa7b7e00,08/21/2025 05:30:00 AM,1,DRIVER,,2033488,,UNKNOWN,OTHER (EXPLAIN IN NARRATIVE),,,UNKNOWN,UNKNOWN/NA,UNKNOWN/NA,N,TURNING LEFT,,,1,,,,,,,,,,,,,,,,,Y,REAR-LEFT-CORNER,,,,,,,,,,,,,,,,,,,,,,,,,,,,,,,,,
2133168,bb06703a5f9c14be3bb21b45539da81a0bad42ea22484607100bd7dafb39af4b7e948a5cffe22ce4f4f957c3b59b96fe4180a27bd415319b2c7674d7fa7b7e00,08/21/2025 05:30:00 AM,2,DRIVER,,2033489,,MERCEDES-BENZ,GLA,IL,2018,UNKNOWN,SPORT UTILITY VEHICLE (SUV),PERSONAL,N,SLOW/STOP IN TRAFFIC,,,1,,,,,,,,,Y,,,,,,,,,REAR-RIGHT-CORNER,,,,,,,,,,,,,,,,,,,,,,,,,,,,,,,,,
2133236,b252ad49e0cf4de4661952b35b540d44e507f9eeffd2b6443cfd51fba214a00c2eadfe4096c95a5cfa66a7bfc6c8b6fe614d96a38b812e63a5836eb0d62e2fd1,08/21/2025 05:15:00 AM,1,DRIVER,,2033558,,UNKNOWN,OTHER (EXPLAIN IN NARRATIVE),,,UNKNOWN,UNKNOWN/NA,UNKNOWN/NA,N,TURNING LEFT,,,1,,,,,,,,,,,,,,,N,,Y,FRONT-LEFT-CORNER,,,,,,,,,,,,,,,,,,,,,,,,,,,,,,,,,
2133237,b252ad49e0cf4de4661952b35b540d44e507f9eeffd2b6443cfd51fba214a00c2eadfe4096c95a5cfa66a7bfc6c8b6fe614d96a38b812e63a5836eb0d62e2fd1,08/21/2025 05:15:00 AM,2,DRIVER,,2033554,,HUMMER,H3,IL,2006,NONE,SPORT UTILITY VEHICLE (SUV),PERSONAL,N,TURNING LEFT,,,1,,,,,Y,Y,Y,,,,,,,,,,,SIDE-RIGHT,,,,,,,,,,,,,,,,,,,,,,,,,,,,,,,,,
2133765,d4cb64e604714bf22a3da930a785855480d6161b90fe5ac9a1e0a64a658a3cbb21d223dc4b70e70ee1c961b1043ffb30184f7fbbc237e5830ba58793050c2028,08/21/2025 05:00:00 AM,1,DRIVER,,2034053,,UNKNOWN,OTHER (EXPLAIN IN NARRATIVE),,,NONE,UNKNOWN/NA,PERSONAL,N,UNKNOWN/NA,,,1,,,,,,,,,,,,,,,,,Y,UNKNOWN,,,,,,,,,,,,,,,,,,,,,,,,,,,,,,,,,
2133766,d4cb64e604714bf22a3da930a785855480d6161b90fe5ac9a1e0a64a658a3cbb21d223dc4b70e70ee1c961b1043ffb30184f7fbbc237e5830ba58793050c2028,08/21/2025 05:00:00 AM,2,PARKED,,2034060,,INFINITI,OTHER (EXPLAIN IN NARRATIVE),IL,2011,NONE,SPORT UTILITY VEHICLE (SUV),NOT IN USE,N,PARKED,,,0,,,,,,,,,Y,Y,Y,,,,,,,REAR,,,,,,,,,,,,,,,,,,,,,,,,,,,,,,,,,
2133140,99747cc0b2f2e7b1c668ce6f3029ac33521f148eb760870ea58218b5f6735fa5a5c10bf7aa4e1898ec19bcd7800aeb55db6886aabe00007c392e4be0acc35ef9,08/21/2025 04:43:00 AM,1,DRIVERLESS,,2033465,,FORD,FOCUS,IL,2003,UNKNOWN,UNKNOWN/NA,UNKNOWN/NA,UNKNOWN,UNKNOWN/NA,Y,,0,,city of chicago,,,Y,Y,,,,,,,,Y,Y,Y,,FRONT,,,,,,,,,,,,,,,,,,,,,,,,,,,,,,,,,
2133149,0452ac4c82aa45b511ce2824845daa8041b21396179c41ec4a4c42f0573fc6eae0347c610aa8a0730363c9e785a54fd3430472a2f0848638566e92717692bcc8,08/21/2025 04:30:00 AM,1,DRIVER,,2033477,,UNKNOWN,OTHER (EXPLAIN IN NARRATIVE),,,UNKNOWN,UNKNOWN/NA,UNKNOWN/NA,UNKNOWN,UNKNOWN/NA,,,1,,,,,,,,,,,,,,,,,Y,UNKNOWN,,,,,,,,,,,,,,,,,,,,,,,,,,,,,,,,,
2133160,0452ac4c82aa45b511ce2824845daa8041b21396179c41ec4a4c42f0573fc6eae0347c610aa8a0730363c9e785a54fd3430472a2f0848638566e92717692bcc8,08/21/2025 04:30:00 AM,2,PEDESTRIAN,,,,,,,,,,,,,,,,,,,,,,,,,,,,,,,,,,,,,,,,,,,,,,,,,,,,,,,,,,,,,,,,,,
2133143,0965103b3343dc5cc8f385879f68810e24a96f201c72b7b046f08ab39993979f559444c4026289d6da42ace3bef885636b1e27c0e75d2409a0a5a57ff6078969,08/21/2025 03:45:00 AM,1,DRIVER,,2033469,,NISSAN,ALTIMA,IL,2022,STEERING,PASSENGER,PERSONAL,N,OTHER,Y,,1,,Ad desk,DOTY 2,,Y,Y,Y,,,,,,,,,Y,Y,FRONT-RIGHT-CORNER,,,,,,,,,,,,,,,,,,,,,,,,,,,,,,,,,