CRASH_UNIT_ID,CRASH_RECORD_ID,CRASH_DATE,UNIT_NO,UNIT_TYPE,NUM_PASSENGERS,VEHICLE_ID,CMRC_VEH_I,MAKE,MODEL,LIC_PLATE_STATE,VEHICLE_YEAR,VEHICLE_DEFECT,VEHICLE_TYPE,VEHICLE_USE,TRAVEL_DIRECTION,MANEUVER,TOWED_I,FIRE_I,OCCUPANT_CNT,EXCEED_SPEED_LIMIT_I,TOWED_BY,TOWED_TO,AREA_00_I,AREA_01_I,AREA_02_I,AREA_03_I,AREA_04_I,AREA_05_I,AREA_06_I,AREA_07_I,AREA_08_I,AREA_09_I,AREA_10_I,AREA_11_I,AREA_12_I,AREA_99_I,FIRST_CONTACT_POINT,CMV_ID,USDOT_NO,CCMC_NO,ILCC_NO,COMMERCIAL_SRC,GVWR,CARRIER_NAME,CARRIER_STATE,CARRIER_CITY,HAZMAT_PLACARDS_I,HAZMAT_NAME,UN_NO,HAZMAT_PRESENT_I,HAZMAT_REPORT_I,HAZMAT_REPORT_NO,MCS_REPORT_I,MCS_REPORT_NO,HAZMAT_VIO_CAUSE_CRASH_I,MCS_VIO_CAUSE_CRASH_I,IDOT_PERMIT_NO,WIDE_LOAD_I,TRAILER1_WIDTH,TRAILER2_WIDTH,TRAILER1_LENGTH,TRAILER2_LENGTH,TOTAL_VEHICLE_LENGTH,AXLE_CNT,VEHICLE_CONFIG,CARGO_BODY_TYPE,LOAD_TYPE,HAZMAT_OUT_OF_SERVICE_I,MCS_OUT_OF_SERVICE_I,HAZMAT_CLASS
2133144,0965103b3343dc5cc8f385879f68810e24a96f201c72b7b046f08ab39993979f559444c4026289d6da42ace3bef885636b1e27c0e75d2409a0a5a57ff6078969,08/21/2025 03:45:00 AM,2,DRIVERLESS,,2033472,,TOYOTA,PRIUS,IL,2013,NONE,PASSENGER,PERSONAL,N,PARKED,,,0,,,,,,,,,,Y,Y,Y,Y,,,,Y,REAR-LEFT-CORNER,,,,,,,,,,,,,,,,,,,,,,,,,,,,,,,,,
2139293,b5c1bdc94b30c54e8015b950301ad90977141a52596dff69c88e91b91f0739a13f633cc7acf640f89f04845578927209cc1882dec528dddd2f80b7867847d2c3,08/21/2025 03:45:00 AM,1,DRIVER,,2039314,,TOYOTA,RAV4,IL,2024,UNKNOWN,PASSENGER,PERSONAL,E,PASSING/OVERTAKING,,,1,,,,,Y,,,,,,,,,,,Y,,FRONT-RIGHT-CORNER,,,,,,,,,,,,,,,,,,,,,,,,,,,,,,,,,
2139294,b5c1bdc94b30c54e8015b950301ad90977141a52596dff69c88e91b91f0739a13f633cc7acf640f89f04845578927209cc1882dec528dddd2f80b7867847d2c3,08/21/2025 03:45:00 AM,2,DRIVER,,2039321,,AUDI,Q5,IL,2018,UNKNOWN,PASSENGER,PERSONAL,E,STRAIGHT AHEAD,,,1,,,,,,,,,,,,Y,Y,Y,,,,SIDE-LEFT,,,,,,,,,,,,,,,,,,,,,,,,,,,,,,,,,
2133145,1d1c0757c803a8b17c74e39d006d090a938ec9818052a2895d456b0119423280aa1c23ab2ea5bb0e39339ea9812c06ea12fb46d05b86fb255c05d03b237275f8,08/21/2025 02:12:00 AM,1,DRIVER,1,2033471,,TOYOTA,RAV4,IL,2012,NONE,PASSENGER,PERSONAL,S,STRAIGHT AHEAD,Y,,2,,CITY OF CHICAGO,IMPOUND LOT,,,,,,,,,,,,,,,FRONT,,,,,,,,,,,,,,,,,,,,,,,,,,,,,,,,,
2133134,b17226650d65093a48e4d32388ba0cd351c10e88a7095762044e3a3516d42e9f3bb095bdcf5dd39921bc3fd418ffb134bac25028521ddb4d8cbd57c0f05427f9,08/21/2025 02:10:00 AM,1,DRIVER,,2033460,,UNKNOWN,OTHER (EXPLAIN IN NARRATIVE),IL,,UNKNOWN,SPORT UTILITY VEHICLE (SUV),UNKNOWN/NA,SE,STRAIGHT AHEAD,,,1,,,,,Y,,,,,,,,,,Y,Y,,FRONT,,,,,,,,,,,,,,,,,,,,,,,,,,,,,,,,,
2133135,b17226650d65093a48e4d32388ba0cd351c10e88a7095762044e3a3516d42e9f3bb095bdcf5dd39921bc3fd418ffb134bac25028521ddb4d8cbd57c0f05427f9,08/21/2025 02:10:00 AM,2,DRIVER,1,2033461,,HYUNDAI,SONATA,IL,2025,NONE,PASSENGER,PERSONAL,SE,SLOW/STOP IN TRAFFIC,,,2,,,,,,,,,Y,Y,Y,,,,,,,REAR,,,,,,,,,,,,,,,,,,,,,,,,,,,,,,,,,
2133128,ded7e5f74d2843771c4e4f7b35163c51ef3373e471a57e18c1d28c469ba72b31b1807790a1da86c064a4d7e861e9edd1159222bdaaef475460c5de0c4c1bb097,08/21/2025 01:40:00 AM,1,DRIVER,2,2033454,,DODGE,DURANGO,IL,2012,UNKNOWN,PASSENGER,PERSONAL,S,STRAIGHT AHEAD,,,3,,,,,,,,,,,,,,,,Y,,FRONT,,,,,,,,,,,,,,,,,,,,,,,,,,,,,,,,,
2133129,ded7e5f74d2843771c4e4f7b35163c51ef3373e471a57e18c1d28c469ba72b31b1807790a1da86c064a4d7e861e9edd1159222bdaaef475460c5de0c4c1bb097,08/21/2025 01:40:00 AM,2,DRIVER,,2033456,,HONDA,HR-V,IL,2017,UNKNOWN,PASSENGER,PERSONAL,S,STRAIGHT AHEAD,,,1,,,,,,,,,,Y,,,,,,,,REAR,,,,,,,,,,,,,,,,,,,,,,,,,,,,,,,,,
2138345,b8f371341423deccff50be9a704dc6914490ec8db227cc53dabfb8e0411de91a14a254b3d2db6e181295c93ca843996b55754a9064d73b550f28cd78d755c290,08/21/2025 01:15:00 AM,1,DRIVER,,2038424,,HONDA,PILOT,IL,2018,NONE,PASSENGER,PERSONAL,N,STRAIGHT AHEAD,,,1,,,,,,,Y,Y,Y,,,,,,,,,SIDE-LEFT-REAR,,,,,,,,,,,,,,,,,,,,,,,,,,,,,,,,,
2138346,b8f371341423deccff50be9a704dc6914490ec8db227cc53dabfb8e0411de91a14a254b3d2db6e181295c93ca843996b55754a9064d73b550f28cd78d755c290,08/21/2025 01:15:00 AM,2,DRIVER,,2038425,,RAMBLER,OTHER (EXPLAIN IN NARRATIVE),IL,2021,NONE,PASSENGER,PERSONAL,W,STRAIGHT AHEAD,,,1,,,,,,,,,,,,,,,,Y,,FRONT,,,,,,,,,,,,,,,,,,,,,,,,,,,,,,,,,
2133136,ef155987f462de39f4a35ed43b149046dd4bbc9ce89f07746db630401012900c56926cb86262a4101ce60a7e327628a113ee0f2fd152bd5985f1e49aebada52f,08/21/2025 01:00:00 AM,1,DRIVER,,2033463,,UNKNOWN,OTHER (EXPLAIN IN NARRATIVE),IL,,UNKNOWN,PICKUP,PERSONAL,N,STRAIGHT AHEAD,,,1,,,,,Y,,,,,,,,,,Y,Y,,FRONT,,,,,,,,,,,,,,,,,,,,,,,,,,,,,,,,,
2133137,ef155987f462de39f4a35ed43b149046dd4bbc9ce89f07746db630401012900c56926cb86262a4101ce60a7e327628a113ee0f2fd152bd5985f1e49aebada52f,08/21/2025 01:00:00 AM,2,DRIVER,2,2033464,,CHEVROLET,TRAVERSE,IL,2023,UNKNOWN,SPORT UTILITY VEHICLE (SUV),PERSONAL,N,STRAIGHT AHEAD,,,3,,,,,,,,,Y,Y,Y,,,,,,,REAR,,,,,,,,,,,,,,,,,,,,,,,,,,,,,,,,,
2133125,41906cc7b32cca5aadcde13f7830745aaeb24dde3eed9f3f3b982946d2ec3b4a8211f6a64ecb5f458da683412c765ebbd1630a2b023d4892b342068a4383e6f8,08/21/2025 12:30:00 AM,1,DRIVER,,2033451,,FORD,CLUB WAGON E150,IL,2003,UNKNOWN,VAN/MINI-VAN,UNKNOWN/NA,S,STRAIGHT AHEAD,,,1,,,,,,Y,Y,Y,,,,,,,,,,SIDE-RIGHT,,,,,,,,,,,,,,,,,,,,,,,,,,,,,,,,,
2133126,41906cc7b32cca5aadcde13f7830745aaeb24dde3eed9f3f3b982946d2ec3b4a8211f6a64ecb5f458da683412c765ebbd1630a2b023d4892b342068a4383e6f8,08/21/2025 12:30:00 AM,2,DRIVER,,2033452,,DODGE,DURANGO,IL,2020,UNKNOWN,PASSENGER,PERSONAL,E,STRAIGHT AHEAD,,,1,,,,,Y,,,,,,,,,,Y,Y,,FRONT,,,,,,,,,,,,,,,,,,,,,,,,,,,,,,,,,
2133124,57a57072874bbc7342fa7ddae03fe5052c3179cbb32b399fac95ea1c7390bbdd64c5f96f530a8fb461bf21ca98ea75efce65fa91e92100549cd63897b37e9247,08/21/2025 12:11:00 AM,1,DRIVER,3,2033458,,PIERCE ARROW,PIERCE ARROW,IL,2002,NONE,TRUCK - SINGLE UNIT,FIRE,E,STRAIGHT AHEAD,,N,4,,,,,,,,,,Y,Y,,,,,,,FRONT-LEFT-CORNER,,,,,,,,,,,,,,,,,,,,,,,,,,,,,,,,,
2133127,57a57072874bbc7342fa7ddae03fe5052c3179cbb32b399fac95ea1c7390bbdd64c5f96f530a8fb461bf21ca98ea75efce65fa91e92100549cd63897b37e9247,08/21/2025 12:11:00 AM,1,DRIVER,3,2033453,,PIERCE ARROW,PIERCE ARROW,IL,2001,NONE,TRUCK - SINGLE UNIT,FIRE,E,STRAIGHT AHEAD,,,3,,,,,,,,,,,,,,,,,,,,,,,,,,,,,,,,,,,,,,,,,,,,,,,,,,,
2133187,fdb8cb315c696dfa684c987015990db486ee0d0c408acc6236a01bca1ef60238b0b4b0d871db42ee2dc944f0d6fba28d525edfe45f7206e67d7f11eafea8cf17,08/21/2025 12:05:00 AM,1,DRIVER,,2033511,,UNKNOWN,OTHER (EXPLAIN IN NARRATIVE),,,UNKNOWN,UNKNOWN/NA,UNKNOWN/NA,UNKNOWN,UNKNOWN/NA,,,1,,,,,,,,,,,,,,,,,Y,UNKNOWN,,,,,,,,,,,,,,,,,,,,,,,,,,,,,,,,,
2133188,fdb8cb315c696dfa684c987015990db486ee0d0c408acc6236a01bca1ef60238b0b4b0d871db42ee2dc944f0d6fba28d525edfe45f7206e67d7f11eafea8cf17,08/21/2025 12:05:00 AM,2,PARKED,,2033514,,CHEVROLET,MALIBU,MN,2024,NONE,PASSENGER,PERSONAL,W,PARKED,,,0,,,,,,,,,,,,,Y,Y,Y,,,FRONT-LEFT-CORNER,,,,,,,,,,,,,,,,,,,,,,,,,,,,,,,,,
2133123,ed74ece0bf8e47101194fef4947bc3b31012859a9a84908d35788ef864c2cf630073257744f28c71cf9ae0e7dbf51115bb6923cfb509f0d09cfba8bee5b60bf6,08/20/2025 11:40:00 PM,1,DRIVER,1,2033449,,MITSUBISHI,OUTLANDER,IL,2021,UNKNOWN,PASSENGER,PERSONAL,E,UNKNOWN/NA,,,2,,,,,Y,,,,,,,,,,,,,FRONT-RIGHT-CORNER,,,,,,,,,,,,,,,,,,,,,,,,,,,,,,,,,
2133099,3aad46a59620b70689e59131a5e3ae9411be6a25d99f1cfcb2c17c06c59b9500d7164d9056d49acaa4ea3f730885ec7317214487ebbdc30fecc14802e6f5c16e,08/20/2025 11:14:00 PM,1,DRIVER,,2033428,,CHEVROLET,SILVERADO,IL,2015,NONE,PICKUP,NOT IN USE,W,STRAIGHT AHEAD,,,1,,,,,Y,,,,,,,,,,,Y,,UNKNOWN,,,,,,,,,,,,,,,,,,,,,,,,,,,,,,,,,
2133100,3aad46a59620b70689e59131a5e3ae9411be6a25d99f1cfcb2c17c06c59b9500d7164d9056d49acaa4ea3f730885ec7317214487ebbdc30fecc14802e6f5c16e,08/20/2025 11:14:00 PM,2,PARKED,1,2033430,,THOMAS BUILT BUS COMPANY,THOMAS BUILT BUS CO.,IL,2017,NONE,BUS OVER 15 PASS.,NOT IN USE,W,PARKED,,,1,,,,,,,,,,,Y,Y,,,,,,REAR-LEFT-CORNER,,,,,,,,,,,,,,,,,,,,,,,,,,,,,,,,,
2133112,f8c6a1b245d7fafc8a94776267833432fec0fcb5bea94268e348fee72b7e004bab2831443b0d5d2c3ee85ada098b6e6b95a7215d0291512a842aaecad1e7cd30,08/20/2025 11:09:00 PM,1,DRIVER,,2033434,,UNKNOWN,OTHER (EXPLAIN IN NARRATIVE),IL,2020,UNKNOWN,UNKNOWN/NA,UNKNOWN/NA,S,STRAIGHT AHEAD,,,1,,,,,,,,,,,,,,,,Y,,FRONT,,,,,,,,,,,,,,,,,,,,,,,,,,,,,,,,,
2133113,f8c6a1b245d7fafc8a94776267833432fec0fcb5bea94268e348fee72b7e004bab2831443b0d5d2c3ee85ada098b6e6b95a7215d0291512a842aaecad1e7cd30,08/20/2025 11:09:00 PM,2,DRIVER,2,2033435,,TESLA,MODEL S,IL,2022,NONE,PASSENGER,RIDESHARE SERVICE,S,SLOW/STOP IN TRAFFIC,,,3,,,,,,,,,Y,Y,,,,,,,,REAR,,,,,,,,,,,,,,,,,,,,,,,,,,,,,,,,,
2133103,756abfbf1a1ad4e9bd9daaa7fcc9babac2e7a2a5ec474aed58b296edd480fa60bd36c51c11034ffa5513a59427f5e029fc541ff58e5329fade8672ab90b3d953,08/20/2025 11:05:00 PM,1,DRIVER,,2033429,,HONDA,CIVIC,IL,2019,UNKNOWN,PASSENGER,PERSONAL,S,STRAIGHT AHEAD,,,1,,,,,,,,,,,,,,,,Y,Y,FRONT,,,,,,,,,,,,,,,,,,,,,,,,,,,,,,,,,
2133104,756abfbf1a1ad4e9bd9daaa7fcc9babac2e7a2a5ec474aed58b296edd480fa60bd36c51c11034ffa5513a59427f5e029fc541ff58e5329fade8672ab90b3d953,08/20/2025 11:05:00 PM,2,DRIVER,,2033432,,NISSAN,SENTRA,WI,2014,UNKNOWN,PASSENGER,PERSONAL,S,STRAIGHT AHEAD,,,1,,,,,,,,,,Y,,,,,,,Y,REAR,,,,,,,,,,,,,,,,,,,,,,,,,,,,,,,,,
2133108,8284b4d9da9c76c9c0c8228345fa807ffdd914ab4812fad946d1f89142c70e13f2712113cd86765d02155966f879373d77b4a9b8b225bfa8d70d6298528fb483,08/20/2025 10:55:00 PM,1,DRIVER,,2033439,,MERCURY,MOUNTAINEER,IL,2005,UNKNOWN,PASSENGER,PERSONAL,N,STRAIGHT AHEAD,,,1,,,,,Y,,,,,,,,,,Y,Y,,FRONT,,,,,,,,,,,,,,,,,,,,,,,,,,,,,,,,,
2133109,8284b4d9da9c76c9c0c8228345fa807ffdd914ab4812fad946d1f89142c70e13f2712113cd86765d02155966f879373d77b4a9b8b225bfa8d70d6298528fb483,08/20/2025 10:55:00 PM,2,DRIVER,1,2033442,,TOYOTA,CAMRY,IL,2010,UNKNOWN,PASSENGER,PERSONAL,N,STRAIGHT AHEAD,,,2,,,,,,,,,N,Y,Y,,,,,,,REAR,,,,,,,,,,,,,,,,,,,,,,,,,,,,,,,,,
2133101,3f2021d588dfec240304c576302b17e7cd5d6fb7cd02a3731cca13c4859d4feef7db207b858a755efd8d76d746cf81e6cfde5a7390b53edc410056e78e398d2f,08/20/2025 10:53:00 PM,1,DRIVER,,2033427,,TOYOTA,COROLLA,IL,2022,UNKNOWN,PASSENGER,PERSONAL,W,STRAIGHT AHEAD,,,1,,,,,Y,,,,,,,,,,Y,Y,,FRONT-RIGHT-CORNER,,,,,,,,,,,,,,,,,,,,,,,,,,,,,,,,,
2133102,3f2021d588dfec240304c576302b17e7cd5d6fb7cd02a3731cca13c4859d4feef7db207b858a755efd8d76d746cf81e6cfde5a7390b53edc410056e78e398d2f,08/20/2025 10:53:00 PM,2,DRIVER,,2033431,,NISSAN,ROGUE,IL,2021,UNKNOWN,PASSENGER,PERSONAL,W,LEAVING TRAFFIC LANE TO PARK,,,1,,,,,,,,,Y,Y,Y,Y,,,,,,REAR-LEFT-CORNER,,,,,,,,,,,,,,,,,,,,,,,,,,,,,,,,,
2133431,e6e50f34f7ff4296618a054caa0be47ef3f3accfebc112026f36ecf361f02a8e444398e24b3bdc756bc0dbec6ba5cedde9bc7615480f4c65aece73bb4ddc44aa,08/20/2025 10:50:00 PM,1,DRIVER,,2033736,,UNKNOWN,REMOVABLE ENCLOSURE,,,UNKNOWN,PASSENGER,UNKNOWN/NA,W,STRAIGHT AHEAD,,,1,,,,,,,,,,,,,,,,Y,Y,FRONT,,,,,,,,,,,,,,,,,,,,,,,,,,,,,,,,,
2133432,e6e50f34f7ff4296618a054caa0be47ef3f3accfebc112026f36ecf361f02a8e444398e24b3bdc756bc0dbec6ba5cedde9bc7615480f4c65aece73bb4ddc44aa,08/20/2025 10:50:00 PM,2,DRIVER,1,2033741,,TOYOTA,CAMRY,IL,2019,NONE,PASSENGER,PERSONAL,S,STRAIGHT AHEAD,,,2,,,,,,,,,Y,,Y,Y,Y,,,,,SIDE-LEFT,,,,,,,,,,,,,,,,,,,,,,,,,,,,,,,,,
2133116,283d3196f9ec420d4a3e2341fe8ba3ee72292ac7cccb0ff84c1d351984910f786bdd79347f7a0b6e7bfd34ec4af39da95ec81cc2a9f4e531980f98bc6f15e46f,08/20/2025 10:48:00 PM,1,DRIVER,,2033438,,TOYOTA,CAMRY,IL,2007,NONE,PASSENGER,PERSONAL,S,BACKING,Y,,1,,PERSONAL TOW,5435 N LOVEJOY AVE,,Y,Y,Y,Y,Y,Y,Y,Y,Y,Y,Y,Y,,SIDE-RIGHT,,,,,,,,,,,,,,,,,,,,,,,,,,,,,,,,,
2133117,283d3196f9ec420d4a3e2341fe8ba3ee72292ac7cccb0ff84c1d351984910f786bdd79347f7a0b6e7bfd34ec4af39da95ec81cc2a9f4e531980f98bc6f15e46f,08/20/2025 10:48:00 PM,2,PARKED,,2033440,,HYUNDAI,TUCSON,IL,2025,NONE,SPORT UTILITY VEHICLE (SUV),PERSONAL,S,PARKED,,,0,,,,,Y,Y,,,,,,N,Y,Y,Y,Y,,FRONT-LEFT-CORNER,,,,,,,,,,,,,,,,,,,,,,,,,,,,,,,,,
2133118,283d3196f9ec420d4a3e2341fe8ba3ee72292ac7cccb0ff84c1d351984910f786bdd79347f7a0b6e7bfd34ec4af39da95ec81cc2a9f4e531980f98bc6f15e46f,08/20/2025 10:48:00 PM,3,PARKED,,2033443,,JEEP,WRANGLER,IL,1991,NONE,PASSENGER,PERSONAL,S,PARKED,,,0,,,,,,,,,,Y,Y,Y,,,,,,REAR-LEFT-CORNER,,,,,,,,,,,,,,,,,,,,,,,,,,,,,,,,,
2133089,57526c31deb21751f8bcf4438865b705c3ccb8a42bb39c20496a2c73a0be00f6a235074b835ae4ed142ef99791440d929f48f277e8c2ecd8bc9949530dcb1209,08/20/2025 10:47:00 PM,1,DRIVER,,2033414,,UNKNOWN,OTHER (EXPLAIN IN NARRATIVE),,,UNKNOWN,SPORT UTILITY VEHICLE (SUV),UNKNOWN/NA,N,STRAIGHT AHEAD,,,1,,,,,,,,,,,,,,,,,Y,FRONT,,,,,,,,,,,,,,,,,,,,,,,,,,,,,,,,,
2133090,57526c31deb21751f8bcf4438865b705c3ccb8a42bb39c20496a2c73a0be00f6a235074b835ae4ed142ef99791440d929f48f277e8c2ecd8bc9949530dcb1209,08/20/2025 10:47:00 PM,2,DRIVER,2,2033415,,FORD,FUSION,IL,2016,UNKNOWN,PASSENGER,PERSONAL,W,STRAIGHT AHEAD,,,3,,,,,,,,,,,,,,,Y,,,FRONT-LEFT-CORNER,,,,,,,,,,,,,,,,,,,,,,,,,,,,,,,,,
2133095,ed1022557ed301e2f822a5ed8dc5778f284923bba8aad81c63b79bc551da0eebe87ca6b6b1f0e5386b391add1249cae40c05e3743b36fb63a8eede3595cd4733,08/20/2025 10:44:00 PM,1,DRIVER,,2033422,,GENERAL MOTORS CORPORATION (GMC),TERRAIN,IL,2017,NONE,SPORT UTILITY VEHICLE (SUV),PERSONAL,W,STRAIGHT AHEAD,,,1,,,,,Y,,,,,,,Y,Y,Y,Y,Y,,FRONT,,,,,,,,,,,,,,,,,,,,,,,,,,,,,,,,,
2133096,ed1022557ed301e2f822a5ed8dc5778f284923bba8aad81c63b79bc551da0eebe87ca6b6b1f0e5386b391add1249cae40c05e3743b36fb63a8eede3595cd4733,08/20/2025 10:44:00 PM,2,PARKED,,2033424,,HONDA,ACCORD,IL,2009,NONE,PASSENGER,NOT IN USE,E,PARKED,,,0,,,,,,,,,,,Y,Y,Y,Y,Y,,,SIDE-LEFT,,,,,,,,,,,,,,,,,,,,,,,,,,,,,,,,,
2133110,d52c7bd5ee354a3055df3424ae4d5e6d7669a513ad047c2acd5959a8fe28b5695a4dfc16cb1dcfbb95fb759eb924dc32e41c032121429cd47f071ce0c06eb832,08/20/2025 10:40:00 PM,1,DRIVER,,2033450,,UNKNOWN,OTHER (EXPLAIN IN NARRATIVE),IL,,UNKNOWN,TRUCK - SINGLE UNIT,UNKNOWN/NA,E,STRAIGHT AHEAD,,,1,,,,,,,,,,,,,,,,,Y,UNKNOWN,,,,,,,,,,,,,,,,,,,,,,,,,,,,,,,,,
2133111,d52c7bd5ee354a3055df3424ae4d5e6d7669a513ad047c2acd5959a8fe28b5695a4dfc16cb1dcfbb95fb759eb924dc32e41c032121429cd47f071ce0c06eb832,08/20/2025 10:40:00 PM,2,DRIVER,1,2033433,,CHRYSLER,TOWN & COUNTRY,IL,2013,NONE,VAN/MINI-VAN,PERSONAL,S,STRAIGHT AHEAD,,,2,,,,,,,,,,,,,,,,Y,,FRONT,,,,,,,,,,,,,,,,,,,,,,,,,,,,,,,,,
2133093,a59049d20fcc28e9f06a53b97d6da777a24bf9eaaaabea6bec5299a944cc5fb3349e23c4d93bea2a3d9ca48d1e500e85f67d0f26e326dfba8a2c9f0ab853fb77,08/20/2025 10:35:00 PM,1,DRIVER,,2033418,,JEEP,COMPASS,IL,2009,UNKNOWN,SPORT UTILITY VEHICLE (SUV),PERSONAL,NW,TURNING LEFT,,,1,,,,Y,,,,,,,,,,,,,,FRONT-RIGHT-CORNER,,,,,,,,,,,,,,,,,,,,,,,,,,,,,,,,,
2133094,a59049d20fcc28e9f06a53b97d6da777a24bf9eaaaabea6bec5299a944cc5fb3349e23c4d93bea2a3d9ca48d1e500e85f67d0f26e326dfba8a2c9f0ab853fb77,08/20/2025 10:35:00 PM,2,DRIVER,,2033421,,TOYOTA,CAMRY,IL,2010,UNKNOWN,PASSENGER,UNKNOWN/NA,W,STRAIGHT AHEAD,,,1,,,,,,,,,,,,,,Y,Y,,,FRONT-LEFT-CORNER,,,,,,,,,,,,,,,,,,,,,,,,,,,,,,,,,
2133087,5f0ea6114be01d4513cf10766f45bd1e086c0c7bd25fda0ac379292c2dff9e055d211aa7b03152c3dd8dfa513087833c07a4dbcf8592e3dd1885938d1b8173ec,08/20/2025 10:30:00 PM,1,DRIVER,,2033416,,HYUNDAI,ELANTRA,IL,2015,UNKNOWN,PASSENGER,PERSONAL,N,U-TURN,,,1,,,,,,,,,,,Y,Y,,,,N,,REAR-LEFT-CORNER,,,,,,,,,,,,,,,,,,,,,,,,,,,,,,,,,
2133088,5f0ea6114be01d4513cf10766f45bd1e086c0c7bd25fda0ac379292c2dff9e055d211aa7b03152c3dd8dfa513087833c07a4dbcf8592e3dd1885938d1b8173ec,08/20/2025 10:30:00 PM,2,DRIVER,,2033419,,TOYOTA,CAMRY,IL,2016,UNKNOWN,PASSENGER,PERSONAL,N,STRAIGHT AHEAD,,,1,,,,,,,,,,,,,,,,Y,,FRONT,,,,,,,,,,,,,,,,,,,,,,,,,,,,,,,,,
2133280,57539dc93e499304309b315e704939a4f7759278713786a127fccb1848fea8a29a0d239b28e9c5b2c2a4fe2c0a22e266ff61031217d8a6a07155f75135125785,08/20/2025 10:20:00 PM,1,DRIVER,,2033591,,TOYOTA,CAMRY,,2019,UNKNOWN,PASSENGER,PERSONAL,N,U-TURN,,,1,,,,,Y,,,,,,,,,,,,,FRONT-RIGHT-CORNER,,,,,,,,,,,,,,,,,,,,,,,,,,,,,,,,,
2133281,57539dc93e499304309b315e704939a4f7759278713786a127fccb1848fea8a29a0d239b28e9c5b2c2a4fe2c0a22e266ff61031217d8a6a07155f75135125785,08/20/2025 10:20:00 PM,2,DRIVER,,2033592,,HYUNDAI,ELANTRA,IL,2020,UNKNOWN,PASSENGER,PERSONAL,S,STRAIGHT AHEAD,,,1,,,,,,,,,,,,Y,Y,Y,Y,,,SIDE-LEFT,,,,,,,,,,,,,,,,,,,,,,,,,,,,,,,,,
2133120,eb29786a48a5a3f63d924c26fd5d0e62a010975e14b3a1c23842ada6746b79893f42b7504158ef1ec46c1130693a1cbfd47c32002e963c84d93a6afeb24a03d8,08/20/2025 10:10:00 PM,1,DRIVER,,2033445,,TOYOTA,HIGHLANDER,,,UNKNOWN,SPORT UTILITY VEHICLE (SUV),UNKNOWN/NA,SW,BACKING,,,1,,,,,,,,,,Y,,,,,,,,REAR,,,,,,,,,,,,,,,,,,,,,,,,,,,,,,,,,
2133121,eb29786a48a5a3f63d924c26fd5d0e62a010975e14b3a1c23842ada6746b79893f42b7504158ef1ec46c1130693a1cbfd47c32002e963c84d93a6afeb24a03d8,08/20/2025 10:10:00 PM,2,DRIVER,,2033448,,ACURA,TLX,IL,2024,NONE,PASSENGER,PERSONAL,NE,TURNING RIGHT,Y,,1,,Personal,Home,,,,,,,,,,,Y,Y,,,FRONT-LEFT-CORNER,,,,,,,,,,,,,,,,,,,,,,,,,,,,,,,,,
2133081,e9c8918867f0b8d34fb9ddbb390e6783fe5712fcba98b63ff655e7df4eab5b4c6d4f1f8260e7eed889232eaf42b7cfabac92b0f62543c662e56ed812a50f981f,08/20/2025 10:09:00 PM,1,DRIVER,,2033403,,NISSAN,ALTIMA,IL,2019,NONE,PASSENGER,PERSONAL,W,TURNING LEFT,Y,,1,,,,,Y,Y,,,,,,,,,,,,FRONT-RIGHT-CORNER,,,,,,,,,,,,,,,,,,,,,,,,,,,,,,,,,
2133082,e9c8918867f0b8d34fb9ddbb390e6783fe5712fcba98b63ff655e7df4eab5b4c6d4f1f8260e7eed889232eaf42b7cfabac92b0f62543c662e56ed812a50f981f,08/20/2025 10:09:00 PM,2,PARKED,,2033406,,BUICK,ENCLAVE,IL,2014,UNKNOWN,PASSENGER,PERSONAL,W,PARKED,,,0,,,,,,,,,,,,Y,Y,Y,,,,SIDE-LEFT,,,,,,,,,,,,,,,,,,,,,,,,,,,,,,,,,
2133119,325a92d45392aed67691ed617f8b211218f044524b8a06059672b16715bc3c419caf89353f887d6a3f841d4ca085d3818795ca9a040a7b6dbb9167934a4442ca,08/20/2025 09:50:00 PM,1,DRIVER,2,2033441,,NISSAN,MURANO,IL,2003,UNKNOWN,PASSENGER,PERSONAL,W,UNKNOWN/NA,Y,,3,,CITY OF CHICAGO,,,Y,,,,,N,,,,Y,Y,Y,,FRONT,,,,,,,,,,,,,,,,,,,,,,,,,,,,,,,,,
2133091,5c909752fa40458025f10875dc679e786b41b8a2d6330f198f6f6d2147a263718e67491542076dfe1c602a9708e48f4ca08ee35f51123873ef648d9a4cc7c5c8,08/20/2025 09:45:00 PM,1,DRIVER,,2033420,,TOYOTA,CAMRY,IL,2004,UNKNOWN,PASSENGER,UNKNOWN/NA,W,PASSING/OVERTAKING,,,1,,,,,,,,,,,,,,,,,,UNKNOWN,,,,,,,,,,,,,,,,,,,,,,,,,,,,,,,,,
2133092,5c909752fa40458025f10875dc679e786b41b8a2d6330f198f6f6d2147a263718e67491542076dfe1c602a9708e48f4ca08ee35f51123873ef648d9a4cc7c5c8,08/20/2025 09:45:00 PM,2,DRIVER,,2033417,,NISSAN,VERSA,IL,2019,NONE,PASSENGER,PERSONAL,W,SLOW/STOP IN TRAFFIC,,,1,,,,,,,,,,,,,,,,,,SIDE-LEFT,,,,,,,,,,,,,,,,,,,,,,,,,,,,,,,,,
2133074,e3831b7b615ac99cdd57788a530dadbbb01fe2411bb5fceaf71f3847da91fd75fc6603698813f0865268de4b3066ca6af0a06f5aedd10d38dc08a7835a9e2680,08/20/2025 09:35:00 PM,1,DRIVER,1,2033397,,DODGE,OTHER (EXPLAIN IN NARRATIVE),WI,2022,UNKNOWN,PICKUP,PERSONAL,W,BACKING,,,2,,,,Y,,,,,,,,,,,,,,SIDE-RIGHT,,,,,,,,,,,,,,,,,,,,,,,,,,,,,,,,,