CRASH_UNIT_ID,CRASH_RECORD_ID,CRASH_DATE,UNIT_NO,UNIT_TYPE,NUM_PASSENGERS,VEHICLE_ID,CMRC_VEH_I,MAKE,MODEL,LIC_PLATE_STATE,VEHICLE_YEAR,VEHICLE_DEFECT,VEHICLE_TYPE,VEHICLE_USE,TRAVEL_DIRECTION,MANEUVER,TOWED_I,FIRE_I,OCCUPANT_CNT,EXCEED_SPEED_LIMIT_I,TOWED_BY,TOWED_TO,AREA_00_I,AREA_01_I,AREA_02_I,AREA_03_I,AREA_04_I,AREA_05_I,AREA_06_I,AREA_07_I,AREA_08_I,AREA_09_I,AREA_10_I,AREA_11_I,AREA_12_I,AREA_99_I,FIRST_CONTACT_POINT,CMV_ID,USDOT_NO,CCMC_NO,ILCC_NO,COMMERCIAL_SRC,GVWR,CARRIER_NAME,CARRIER_STATE,CARRIER_CITY,HAZMAT_PLACARDS_I,HAZMAT_NAME,UN_NO,HAZMAT_PRESENT_I,HAZMAT_REPORT_I,HAZMAT_REPORT_NO,MCS_REPORT_I,MCS_REPORT_NO,HAZMAT_VIO_CAUSE_CRASH_I,MCS_VIO_CAUSE_CRASH_I,IDOT_PERMIT_NO,WIDE_LOAD_I,TRAILER1_WIDTH,TRAILER2_WIDTH,TRAILER1_LENGTH,TRAILER2_LENGTH,TOTAL_VEHICLE_LENGTH,AXLE_CNT,VEHICLE_CONFIG,CARGO_BODY_TYPE,LOAD_TYPE,HAZMAT_OUT_OF_SERVICE_I,MCS_OUT_OF_SERVICE_I,HAZMAT_CLASS
2133075,e3831b7b615ac99cdd57788a530dadbbb01fe2411bb5fceaf71f3847da91fd75fc6603698813f0865268de4b3066ca6af0a06f5aedd10d38dc08a7835a9e2680,08/20/2025 09:35:00 PM,2,PARKED,,2033398,,MAZDA,OTHER (EXPLAIN IN NARRATIVE),IL,2024,NONE,PASSENGER,PERSONAL,W,PARKED,,,0,,,,,,,,,,,,,Y,Y,,,,SIDE-LEFT,,,,,,,,,,,,,,,,,,,,,,,,,,,,,,,,,
2133076,0d0ff3ab2930552527ffa674c465d6f2bd66101c62267fcf84dbeb61208c1356ec43addb5fee96e61b80d82f9df23b15766082a11bbec7dddbf0b6250d83b9e2,08/20/2025 09:21:00 PM,1,DRIVER,2,2033399,,SCION,TC,IL,2005,NONE,PASSENGER,PERSONAL,SW,TURNING LEFT,Y,,3,,,,,Y,Y,Y,,,,,,,,,Y,,FRONT-RIGHT-CORNER,,,,,,,,,,,,,,,,,,,,,,,,,,,,,,,,,
2133077,0d0ff3ab2930552527ffa674c465d6f2bd66101c62267fcf84dbeb61208c1356ec43addb5fee96e61b80d82f9df23b15766082a11bbec7dddbf0b6250d83b9e2,08/20/2025 09:21:00 PM,2,DRIVER,1,2033404,,HONDA,PILOT,IL,2003,NONE,PASSENGER,PERSONAL,NE,STRAIGHT AHEAD,,,2,,,,,Y,,,,,,,,,Y,Y,Y,,FRONT,,,,,,,,,,,,,,,,,,,,,,,,,,,,,,,,,
2133078,0d0ff3ab2930552527ffa674c465d6f2bd66101c62267fcf84dbeb61208c1356ec43addb5fee96e61b80d82f9df23b15766082a11bbec7dddbf0b6250d83b9e2,08/20/2025 09:21:00 PM,3,DRIVER,,2033407,,TESLA,MODEL Y,IL,2022,NONE,PASSENGER,PERSONAL,NE,SLOW/STOP IN TRAFFIC,,,1,,,,,Y,,,,,,,,,,Y,Y,,FRONT,,,,,,,,,,,,,,,,,,,,,,,,,,,,,,,,,
2133069,8b9e26745d3ff21e538f6ad99b4f6e944c701cf36e50932c86807bc48dbeb1a81ff9ce5eda4abd3370d969556b681df13e74da7a76b76e6e2e9e2bcae41abeae,08/20/2025 09:20:00 PM,1,DRIVER,,2033388,,NISSAN,ALTIMA,KY,2024,NONE,PASSENGER,PERSONAL,W,CHANGING LANES,,,1,,,,,,,,,,,Y,,,,,,,SIDE-LEFT-REAR,,,,,,,,,,,,,,,,,,,,,,,,,,,,,,,,,
2133070,8b9e26745d3ff21e538f6ad99b4f6e944c701cf36e50932c86807bc48dbeb1a81ff9ce5eda4abd3370d969556b681df13e74da7a76b76e6e2e9e2bcae41abeae,08/20/2025 09:20:00 PM,2,DRIVER,,2033394,,CHEVROLET,SILVERADO,IL,2025,NONE,PICKUP,PERSONAL,W,STRAIGHT AHEAD,,,1,,,,,,Y,,,,,,,,,,,,SIDE-RIGHT-FRONT,,,,,,,,,,,,,,,,,,,,,,,,,,,,,,,,,
2133066,ea2b22978092b6e52404cb87a4fc767d74256fc6fc0f9b7e6d56f71906c7c3f874c557d3ee21e26fe429b3a405e4dba2e1831c0424a9ee29c2530b49f9453269,08/20/2025 09:15:00 PM,2,DRIVER,,2033391,,TOYOTA,RAV4,IL,2017,UNKNOWN,PASSENGER,PERSONAL,N,TURNING RIGHT,,,1,,,,,,,,,,,Y,Y,Y,Y,Y,,,TOTAL (ALL AREAS),,,,,,,,,,,,,,,,,,,,,,,,,,,,,,,,,
2133067,ea2b22978092b6e52404cb87a4fc767d74256fc6fc0f9b7e6d56f71906c7c3f874c557d3ee21e26fe429b3a405e4dba2e1831c0424a9ee29c2530b49f9453269,08/20/2025 09:15:00 PM,1,DRIVER,,2033402,,HONDA,ODYSSEY,IL,2003,UNKNOWN,VAN/MINI-VAN,PERSONAL,S,TURNING LEFT,,,1,,,,,Y,Y,,,,,,,,,Y,Y,,TOTAL (ALL AREAS),,,,,,,,,,,,,,,,,,,,,,,,,,,,,,,,,
2136961,08669ea263b63240b7ed076d181daf9262321d12336940d7baf4b0dc9746874abc550ced01f21a5214991edc896e2a282675fc214e62d066ad0491d0bd943a9f,08/20/2025 09:00:00 PM,1,DRIVER,,2037107,,NISSAN,VERSA,IL,2023,NONE,PASSENGER,UNKNOWN/NA,W,STRAIGHT AHEAD,,,1,,,,,,,Y,Y,Y,,,,,,,,,SIDE-RIGHT,,,,,,,,,,,,,,,,,,,,,,,,,,,,,,,,,
2136962,08669ea263b63240b7ed076d181daf9262321d12336940d7baf4b0dc9746874abc550ced01f21a5214991edc896e2a282675fc214e62d066ad0491d0bd943a9f,08/20/2025 09:00:00 PM,2,DRIVER,,2037108,,TOYOTA,PRIUS,IL,2015,NONE,PASSENGER,TAXI/FOR HIRE,W,STRAIGHT AHEAD,,,1,,,,,,,,,,,,,,Y,Y,,,FRONT-LEFT-CORNER,,,,,,,,,,,,,,,,,,,,,,,,,,,,,,,,,
2133316,2822c0aca06a808bd6c033491125e5fd7f7a892fc6b70cd1c4626387cd35a4e363ee55f0be554688a53684bea16a5fda8c209097ae35387197de80946c055be1,08/20/2025 09:00:00 PM,1,DRIVER,,2033631,,UNKNOWN,OTHER (EXPLAIN IN NARRATIVE),,,NONE,UNKNOWN/NA,UNKNOWN/NA,UNKNOWN,UNKNOWN/NA,,,1,,,,,,,,,,,,,,,,,Y,UNKNOWN,,,,,,,,,,,,,,,,,,,,,,,,,,,,,,,,,
2133317,2822c0aca06a808bd6c033491125e5fd7f7a892fc6b70cd1c4626387cd35a4e363ee55f0be554688a53684bea16a5fda8c209097ae35387197de80946c055be1,08/20/2025 09:00:00 PM,2,PARKED,,2033627,,TOYOTA,COROLLA,IL,2010,NONE,PASSENGER,PERSONAL,N,PARKED,,,0,,,,,,,,,Y,Y,,,,,,,,OTHER,,,,,,,,,,,,,,,,,,,,,,,,,,,,,,,,,
2133063,cb35d71bfba498d283c8d3a419df62ed07643168ad80e48797a9f7689f7dc07036423c505cf601a2d60e7d26e922ad107f3a2fd571197a57d63e03c1f17e2cf4,08/20/2025 08:56:00 PM,1,DRIVER,,2033386,,JEEP,RENEGADE,IL,2006,UNKNOWN,PASSENGER,UNKNOWN/NA,S,STRAIGHT AHEAD,N,,1,,,,,Y,Y,,,,,,,,,,,,FRONT-RIGHT-CORNER,,,,,,,,,,,,,,,,,,,,,,,,,,,,,,,,,
2133064,cb35d71bfba498d283c8d3a419df62ed07643168ad80e48797a9f7689f7dc07036423c505cf601a2d60e7d26e922ad107f3a2fd571197a57d63e03c1f17e2cf4,08/20/2025 08:56:00 PM,2,PARKED,,2033387,,CHEVROLET,MALIBU,IL,2006,UNKNOWN,PASSENGER,UNKNOWN/NA,UNKNOWN,PARKED,,,0,,,,,,,,,,,Y,Y,,,,,,REAR-LEFT-CORNER,,,,,,,,,,,,,,,,,,,,,,,,,,,,,,,,,
2133065,cb35d71bfba498d283c8d3a419df62ed07643168ad80e48797a9f7689f7dc07036423c505cf601a2d60e7d26e922ad107f3a2fd571197a57d63e03c1f17e2cf4,08/20/2025 08:56:00 PM,3,PARKED,,2033390,,BMW,OTHER (EXPLAIN IN NARRATIVE),IL,2005,UNKNOWN,PASSENGER,UNKNOWN/NA,UNKNOWN,PARKED,,,0,,,,,,,,,,,,,,Y,Y,,,FRONT-LEFT-CORNER,,,,,,,,,,,,,,,,,,,,,,,,,,,,,,,,,
2139446,dda4778a2d521d6ff7a81be25e28626e0a0f86624c6a8b9e723448fc9306ede7035e56b1b52680901a835b8ce17738c8ecacbe4991f05d534b7d85fc24d0e193,08/20/2025 08:43:00 PM,1,DRIVER,1,2039450,,HYUNDAI,ELANTRA,IL,2019,UNKNOWN,PASSENGER,PERSONAL,N,BACKING,,,2,,,,,,Y,Y,Y,Y,,,,,,,,,REAR-RIGHT-CORNER,,,,,,,,,,,,,,,,,,,,,,,,,,,,,,,,,
2139447,dda4778a2d521d6ff7a81be25e28626e0a0f86624c6a8b9e723448fc9306ede7035e56b1b52680901a835b8ce17738c8ecacbe4991f05d534b7d85fc24d0e193,08/20/2025 08:43:00 PM,2,PARKED,,2039458,,JEEP,GRAND CHEROKEE,IL,2014,NONE,PASSENGER,PERSONAL,NE,PARKED,,,0,,,,,,,,,,Y,Y,Y,Y,Y,Y,,,SIDE-LEFT,,,,,,,,,,,,,,,,,,,,,,,,,,,,,,,,,
2133071,9e2c0d90d7e1b8ba487673db828d48d0edacf5d845401086388e0bbf1cc43fdb47c151f4bc4f4503108bb5d1735447121d0b9912186bbcc08539b035df498d23,08/20/2025 08:41:00 PM,1,DRIVER,,2033392,,TOYOTA,AVALON,IL,2013,NONE,PASSENGER,OTHER,E,TURNING LEFT,Y,,1,,UNKNOWN,,,Y,,,,,,,,,,Y,Y,Y,FRONT,,,,,,,,,,,,,,,,,,,,,,,,,,,,,,,,,
2133072,9e2c0d90d7e1b8ba487673db828d48d0edacf5d845401086388e0bbf1cc43fdb47c151f4bc4f4503108bb5d1735447121d0b9912186bbcc08539b035df498d23,08/20/2025 08:41:00 PM,2,DRIVER,3,2033395,,FORD,FIESTA,IL,2011,UNKNOWN,PASSENGER,PERSONAL,W,STRAIGHT AHEAD,Y,,4,,UNKNOWN,,,,,,,,,,,,Y,Y,,Y,SIDE-LEFT-FRONT,,,,,,,,,,,,,,,,,,,,,,,,,,,,,,,,,
2134552,13bf4f9fdcf49f49ec473d214a87b2ca94078d95dc4cfabb74942da319a78caab48b966d059396557878d16db5843c3aab297a3c54bcda2871b13d32e6736edf,08/20/2025 08:37:00 PM,1,DRIVER,,2034805,,"PREVOST CAR / BUS (SAINTE CLAIRE, QUEBEC)","\"PREVOST CAR, (\"\"PREVOST BUS;\"\" SAINTE CLAIRE","QUEBEC\"",IN,2018,NONE,BUS OVER 15 PASS.,COMMERCIAL - SINGLE UNIT,SE,TURNING LEFT,,,1,,,,,,,,,Y,,,,,,,,,SIDE-RIGHT-REAR,,,,,,,,,,,,,,,,,,,,,,,,,,,,,,,,
2134553,13bf4f9fdcf49f49ec473d214a87b2ca94078d95dc4cfabb74942da319a78caab48b966d059396557878d16db5843c3aab297a3c54bcda2871b13d32e6736edf,08/20/2025 08:37:00 PM,2,DRIVER,,2034810,,TOYOTA,HIGHLANDER,IL,2024,NONE,PASSENGER,PERSONAL,S,SLOW/STOP IN TRAFFIC,,,1,,,,,,,,,,,Y,Y,Y,Y,Y,,,SIDE-LEFT,,,,,,,,,,,,,,,,,,,,,,,,,,,,,,,,,
2133059,bc3d537ab55ebfed3361192df1fb15d93c7528648743f6ad01a403cfb43f2ee00274adc79f073f1ee1b830723815a469aa1dc1930a039280c7d025e952d97761,08/20/2025 08:30:00 PM,1,DRIVER,,2033413,,HYUNDAI,SANTA FE,IL,2014,UNKNOWN,SPORT UTILITY VEHICLE (SUV),UNKNOWN/NA,UNKNOWN,UNKNOWN/NA,,,1,,,,,Y,Y,Y,Y,Y,,,,,,,Y,,TOTAL (ALL AREAS),,,,,,,,,,,,,,,,,,,,,,,,,,,,,,,,,
2133060,bc3d537ab55ebfed3361192df1fb15d93c7528648743f6ad01a403cfb43f2ee00274adc79f073f1ee1b830723815a469aa1dc1930a039280c7d025e952d97761,08/20/2025 08:30:00 PM,2,PARKED,,2033409,,VOLVO,XC90,IL,2019,UNKNOWN,SPORT UTILITY VEHICLE (SUV),PERSONAL,UNKNOWN,PARKED,,,0,,,,,,,,,,,,,,Y,Y,Y,,TOTAL (ALL AREAS),,,,,,,,,,,,,,,,,,,,,,,,,,,,,,,,,
2133050,6688f2a145432cac41dfd272ede1339f4638a641b92f6cba8197a29c56d7eb6bd28442da5e28344e02259ab75437025bc465d7f0a45271d315e2e93135533eaf,08/20/2025 08:27:00 PM,1,DRIVER,,2033378,Y,"PETERBILT MOTORS COMPANY (DIVISION OF PACCAR, INC.)","PETERBILT MOTORS CO., DIVISION PACCAR, INC.",IA,2021,UNKNOWN,TRACTOR W/ SEMI-TRAILER,OTHER,E,STRAIGHT AHEAD,Y,,1,,PRIVATE TOW,UNK,,,,,,,N,,,,,,N,,TOP,"22,041",,,,DRIVER,3,HAWTHORN TRANSPORTATION LLC,IA,CASTANA,,,,U,U,,U,,U,U,,,,,53,,,,TRACTOR/SEMI-TRAILER,OTHER,UNKNOWN,N,N,
2133053,02ee0c73222b4f9cd7d7c80a64f60276bb62417b0f0c6dfedea6e226dc2a8b30126e234b9f137cdcfa31218f477f06f6449d350d3f460dfe74af11ee95885b82,08/20/2025 08:21:00 PM,1,DRIVER,1,2033374,,DODGE,CHARGER,IL,2022,UNKNOWN,PASSENGER,UNKNOWN/NA,W,ENTERING TRAFFIC LANE FROM PARKING,,,2,,,,,,,,,,,,,,,,,Y,FRONT-LEFT-CORNER,,,,,,,,,,,,,,,,,,,,,,,,,,,,,,,,,
2133054,02ee0c73222b4f9cd7d7c80a64f60276bb62417b0f0c6dfedea6e226dc2a8b30126e234b9f137cdcfa31218f477f06f6449d350d3f460dfe74af11ee95885b82,08/20/2025 08:21:00 PM,2,DRIVER,,2033379,,HONDA,CR-V,TN,2025,NONE,SPORT UTILITY VEHICLE (SUV),PERSONAL,E,STRAIGHT AHEAD,,,1,,,,,,,,,,,Y,Y,Y,,,,,SIDE-LEFT,,,,,,,,,,,,,,,,,,,,,,,,,,,,,,,,,
2133045,281eb24e5ebe8e90c0012ba26aedea5d751917c2ed20ff032bb14d8db8cca1aac5b2d7137f859c59a929dbc8e0b971316e0e4fbce75d7b2753fe5b7832f6ce5a,08/20/2025 08:20:00 PM,1,DRIVER,,2033372,,NISSAN,ROGUE,IL,2024,UNKNOWN,UNKNOWN/NA,UNKNOWN/NA,N,STRAIGHT AHEAD,,,1,,,,,Y,,,,,,,,,N,Y,Y,,FRONT,,,,,,,,,,,,,,,,,,,,,,,,,,,,,,,,,
2133068,281eb24e5ebe8e90c0012ba26aedea5d751917c2ed20ff032bb14d8db8cca1aac5b2d7137f859c59a929dbc8e0b971316e0e4fbce75d7b2753fe5b7832f6ce5a,08/20/2025 08:20:00 PM,2,BICYCLE,,,,,,,,,,,,,,,,,,,,,,,,,,,,,,,,,,,,,,,,,,,,,,,,,,,,,,,,,,,,,,,,,,
2133405,e5b3d34f0d27e7b3a5a19c4949e8520632a2b50a3b6a1da811396ecf55354ea817c9ba6b0e087851034421c469cd43c7124b67a19888e37e80b6c502482c7286,08/20/2025 08:12:00 PM,1,DRIVER,,2033823,,TOYOTA,CAMRY,IL,2014,UNKNOWN,PASSENGER,UNKNOWN/NA,W,STRAIGHT AHEAD,,,1,,,,,,,,,,,,,,,,Y,,FRONT,,,,,,,,,,,,,,,,,,,,,,,,,,,,,,,,,
2133406,e5b3d34f0d27e7b3a5a19c4949e8520632a2b50a3b6a1da811396ecf55354ea817c9ba6b0e087851034421c469cd43c7124b67a19888e37e80b6c502482c7286,08/20/2025 08:12:00 PM,2,DRIVER,,2033835,,TOYOTA,RAV4,IL,2014,UNKNOWN,SPORT UTILITY VEHICLE (SUV),UNKNOWN/NA,W,STRAIGHT AHEAD,,,1,,,,,,,,,Y,Y,,,,,,,,REAR-RIGHT-CORNER,,,,,,,,,,,,,,,,,,,,,,,,,,,,,,,,,
2133501,b9e84f040329ab21d30d0657cdcd3cecd0510036ddfcee5efe6410342253021f243d3996dc9d6637fda05b3345258e442fc6373e424826fdd3ee20df82ed94b4,08/20/2025 08:00:00 PM,1,DRIVER,,2033792,,UNKNOWN,OTHER (EXPLAIN IN NARRATIVE),,,UNKNOWN,UNKNOWN/NA,UNKNOWN/NA,UNKNOWN,UNKNOWN/NA,,,1,,,,,,,,,,,,,,,,,Y,UNKNOWN,,,,,,,,,,,,,,,,,,,,,,,,,,,,,,,,,
2133502,b9e84f040329ab21d30d0657cdcd3cecd0510036ddfcee5efe6410342253021f243d3996dc9d6637fda05b3345258e442fc6373e424826fdd3ee20df82ed94b4,08/20/2025 08:00:00 PM,2,PARKED,,2033796,,BUICK,ENCLAVE,IL,2017,UNKNOWN,PASSENGER,PERSONAL,S,PARKED,,,0,,,,,,Y,Y,,,,,,,,,,,SIDE-RIGHT,,,,,,,,,,,,,,,,,,,,,,,,,,,,,,,,,
2133085,346b2feb9db6dc4ff86ff72982296c7888aacd43b99f2332b45fc7e9e70438bce3639ddfc5d7ae3444dd7b950381afa0793af08b5e61add2d5dc2f9259f40381,08/20/2025 07:54:00 PM,1,DRIVER,,2033410,,CHEVROLET,SILVERADO,IL,2010,UNKNOWN,PICKUP,UNKNOWN/NA,E,STRAIGHT AHEAD,,,1,,,,,Y,,,,,,,,,,Y,Y,,FRONT,,,,,,,,,,,,,,,,,,,,,,,,,,,,,,,,,
2133086,346b2feb9db6dc4ff86ff72982296c7888aacd43b99f2332b45fc7e9e70438bce3639ddfc5d7ae3444dd7b950381afa0793af08b5e61add2d5dc2f9259f40381,08/20/2025 07:54:00 PM,2,DRIVER,,2033411,,FORD,VAN,IL,2006,UNKNOWN,VAN/MINI-VAN,UNKNOWN/NA,E,STRAIGHT AHEAD,,,1,,,,,,,,,Y,Y,Y,,,,,,,REAR,,,,,,,,,,,,,,,,,,,,,,,,,,,,,,,,,
2133037,f40f853dc2ff8e8c57d334c791bfb813d88d400094c2447cd472fe70ad10dec326099a723795f436b36f2eb4f1b77723af11a5603fbf2210d38fcb4ba908f2f8,08/20/2025 07:50:00 PM,1,DRIVER,1,2033366,,CHEVROLET,EQUINOX,IL,2019,UNKNOWN,PASSENGER,PERSONAL,N,STRAIGHT AHEAD,,,2,,,,,Y,Y,Y,Y,Y,,,,,,,,,SIDE-RIGHT-FRONT,,,,,,,,,,,,,,,,,,,,,,,,,,,,,,,,,
2133038,f40f853dc2ff8e8c57d334c791bfb813d88d400094c2447cd472fe70ad10dec326099a723795f436b36f2eb4f1b77723af11a5603fbf2210d38fcb4ba908f2f8,08/20/2025 07:50:00 PM,2,PARKED,,2033369,,GENERAL MOTORS CORPORATION (GMC),TERRAIN,IN,2018,UNKNOWN,PASSENGER,PERSONAL,N,PARKED,,,0,,,,,,,,,,,Y,Y,Y,Y,Y,,,SIDE-LEFT-REAR,,,,,,,,,,,,,,,,,,,,,,,,,,,,,,,,,
2133498,7e929ffbe53aeb459024e5f6c77d89ce781cfcd22cd8c6d1efd5a4d9b1cab67f8f45a2944688402b1223ab11e7ac4a2e79367733bf7a9e3246755535a400da55,08/20/2025 07:48:00 PM,1,DRIVER,,2033806,,UNKNOWN,MOTORIZED,,,UNKNOWN,VAN/MINI-VAN,COMMERCIAL - SINGLE UNIT,W,STRAIGHT AHEAD,,,1,,,,,Y,,,,,,,,,,Y,Y,,FRONT,,,,,,,,,,,,,,,,,,,,,,,,,,,,,,,,,
2133499,7e929ffbe53aeb459024e5f6c77d89ce781cfcd22cd8c6d1efd5a4d9b1cab67f8f45a2944688402b1223ab11e7ac4a2e79367733bf7a9e3246755535a400da55,08/20/2025 07:48:00 PM,2,PARKED,,2033791,,JEEP,CHEROKEE,IL,2012,UNKNOWN,PASSENGER,PERSONAL,W,PARKED,,,0,,,,,,,,Y,Y,Y,,,,,,,,REAR,,,,,,,,,,,,,,,,,,,,,,,,,,,,,,,,,
2133046,a8b739e7e18881cae22291d8a1282f390454c6ffc07bb82778d2defc9d47b0aefa91403e32246f8cd775da9af3aba8c33a8d8ff17559899c18ae942a86c18d6a,08/20/2025 07:45:00 PM,1,DRIVER,,2033371,,CHEVROLET,TAHOE,IL,2014,UNKNOWN,SPORT UTILITY VEHICLE (SUV),UNKNOWN/NA,S,BACKING,,,1,,,,,,,,,,,,,,,,,Y,SIDE-RIGHT,,,,,,,,,,,,,,,,,,,,,,,,,,,,,,,,,
2133047,a8b739e7e18881cae22291d8a1282f390454c6ffc07bb82778d2defc9d47b0aefa91403e32246f8cd775da9af3aba8c33a8d8ff17559899c18ae942a86c18d6a,08/20/2025 07:45:00 PM,2,DRIVER,,2033376,,TOYOTA,CAMRY,IL,2023,NONE,PASSENGER,PERSONAL,S,SLOW/STOP IN TRAFFIC,,,1,,,,,,,,,,,,Y,Y,Y,,,,SIDE-LEFT,,,,,,,,,,,,,,,,,,,,,,,,,,,,,,,,,
2133356,3fc81269079db645e6bd5eb2f07ca3e91abffd639bba504be9ea1fc9ad7e34d7ee6b7d697144e4009a3cf6d26b6bef7f0d4273a777ae09ee3112f0d95478c1a1,08/20/2025 07:40:00 PM,1,DRIVER,,2033665,,UNKNOWN,OTHER (EXPLAIN IN NARRATIVE),,,UNKNOWN,SPORT UTILITY VEHICLE (SUV),UNKNOWN/NA,W,STRAIGHT AHEAD,,,1,,,,,,,,,,,,,,,,Y,,FRONT,,,,,,,,,,,,,,,,,,,,,,,,,,,,,,,,,
2133357,3fc81269079db645e6bd5eb2f07ca3e91abffd639bba504be9ea1fc9ad7e34d7ee6b7d697144e4009a3cf6d26b6bef7f0d4273a777ae09ee3112f0d95478c1a1,08/20/2025 07:40:00 PM,2,DRIVER,,2033676,,NISSAN,VERSA,IL,2013,UNKNOWN,PASSENGER,PERSONAL,N,STRAIGHT AHEAD,,,1,,,,,Y,Y,Y,,,,,,,,,,,SIDE-RIGHT,,,,,,,,,,,,,,,,,,,,,,,,,,,,,,,,,
2133529,ff617a558e3df098b3da83f92ad18027785cf51f8d10d64ec55cdcd48d241bfb5f8cfc3754ddfa0a3ef7bed0eeb28a49fab617be4438ea6cf5ae1c909080e3f4,08/20/2025 07:40:00 PM,1,PARKED,1,2033820,,KIA,OPTIMA / K5,IN,2020,NONE,PASSENGER,PERSONAL,N,PARKED,,,1,,,,,,,,,,,,,Y,Y,,,,SIDE-LEFT,,,,,,,,,,,,,,,,,,,,,,,,,,,,,,,,,
2133530,ff617a558e3df098b3da83f92ad18027785cf51f8d10d64ec55cdcd48d241bfb5f8cfc3754ddfa0a3ef7bed0eeb28a49fab617be4438ea6cf5ae1c909080e3f4,08/20/2025 07:40:00 PM,2,BICYCLE,,,,,,,,,,,,,,,,,,,,,,,,,,,,,,,,,,,,,,,,,,,,,,,,,,,,,,,,,,,,,,,,,,
2133021,fdf368bc740dec56d6c6585ca790101c3f9d5d60bc37866acd225e2eb6a583da5f160c1a6d209bbb8a260ce8ddb48eb76b5302fb739713bff4750700eb52f5b9,08/20/2025 07:20:00 PM,1,DRIVER,,2033349,,UNKNOWN,MOTORIZED,,,UNKNOWN,UNKNOWN/NA,UNKNOWN/NA,UNKNOWN,UNKNOWN/NA,,,1,,,,,,,,,,,,,,,,,Y,UNKNOWN,,,,,,,,,,,,,,,,,,,,,,,,,,,,,,,,,
2133022,fdf368bc740dec56d6c6585ca790101c3f9d5d60bc37866acd225e2eb6a583da5f160c1a6d209bbb8a260ce8ddb48eb76b5302fb739713bff4750700eb52f5b9,08/20/2025 07:20:00 PM,2,PARKED,,2033353,,CHEVROLET,MALIBU,,2015,NONE,PASSENGER,PERSONAL,N,PARKED,,,0,,,,,,,,,,,,,Y,Y,Y,,,SIDE-RIGHT,,,,,,,,,,,,,,,,,,,,,,,,,,,,,,,,,
2133023,659835f8797d5c89594f22df15234c477a82fe1586fe5089f4806574f88868e4dbce18fa9efd5bbd1834d2f2872da6fd2adb8212464a7b492c21b44bb7353db2,08/20/2025 07:19:00 PM,1,DRIVER,,2033355,,SUZUKI,GRAND VITARA,IL,2011,NONE,SPORT UTILITY VEHICLE (SUV),RIDESHARE SERVICE,W,STRAIGHT AHEAD,,,1,,,,,Y,,,,,,,,,,Y,Y,,FRONT,,,,,,,,,,,,,,,,,,,,,,,,,,,,,,,,,
2133024,659835f8797d5c89594f22df15234c477a82fe1586fe5089f4806574f88868e4dbce18fa9efd5bbd1834d2f2872da6fd2adb8212464a7b492c21b44bb7353db2,08/20/2025 07:19:00 PM,2,DRIVER,,2033360,,TOYOTA,C-HR,IL,2021,NONE,SPORT UTILITY VEHICLE (SUV),PERSONAL,W,OTHER,,,1,,,,,,,,,Y,Y,Y,,,,,,,REAR,,,,,,,,,,,,,,,,,,,,,,,,,,,,,,,,,
2132997,663c25bd25473e817da2c7fb8082e4ceb694bf92bb3bfbd17a0a919f6a7c4c240375d110f27c566fed7c07a69ac0483a0399c90898c49eaf25567e2344c8dbbf,08/20/2025 07:00:00 PM,1,PARKED,2,2033328,,TOYOTA,OTHER (EXPLAIN IN NARRATIVE),IL,2020,NONE,PASSENGER,TAXI/FOR HIRE,W,PARKED,,,2,,,,,,,Y,Y,,,,,,,,,,SIDE-RIGHT,,,,,,,,,,,,,,,,,,,,,,,,,,,,,,,,,
2132998,663c25bd25473e817da2c7fb8082e4ceb694bf92bb3bfbd17a0a919f6a7c4c240375d110f27c566fed7c07a69ac0483a0399c90898c49eaf25567e2344c8dbbf,08/20/2025 07:00:00 PM,2,DRIVER,,2033340,,CHEVROLET,MALIBU,IL,2023,NONE,PASSENGER,PERSONAL,W,STRAIGHT AHEAD,,,1,,,,,,,,,,,N,Y,Y,,,,,SIDE-LEFT,,,,,,,,,,,,,,,,,,,,,,,,,,,,,,,,,
2133097,b7799c28f65950bd34a7c68faa5bb54c55ffe51221766a115bd977417aa1521d3286f5c4298c0054caf1ba6269242fd27aca986b5d78e684e17c88dae425eb68,08/20/2025 07:00:00 PM,1,DRIVER,,2033425,,UNKNOWN,OTHER (EXPLAIN IN NARRATIVE),,,UNKNOWN,UNKNOWN/NA,UNKNOWN/NA,W,UNKNOWN/NA,,,1,,,,,,,,,,,,,,,,,Y,FRONT,,,,,,,,,,,,,,,,,,,,,,,,,,,,,,,,,
2133098,b7799c28f65950bd34a7c68faa5bb54c55ffe51221766a115bd977417aa1521d3286f5c4298c0054caf1ba6269242fd27aca986b5d78e684e17c88dae425eb68,08/20/2025 07:00:00 PM,2,PARKED,,2033426,,TOYOTA,CAMRY,IL,2023,UNKNOWN,PASSENGER,PERSONAL,W,PARKED,Y,,0,,OWNER,OWNER,,,,,Y,Y,Y,Y,Y,,,,,,REAR,,,,,,,,,,,,,,,,,,,,,,,,,,,,,,,,,
2132968,be6c0a48b0d7eb04e156de997e9bab8f5a8756ef8056db49a9849ee8749ca60e6fa565ca51a17bd523f668e4e790d4ecd0b97cd493707d87b95bb0bdf3decee7,08/20/2025 07:00:00 PM,1,DRIVER,,2033293,,UNKNOWN,MOTORIZED,,,UNKNOWN,UNKNOWN/NA,UNKNOWN/NA,E,UNKNOWN/NA,,,1,,,,,,,,,,,,,,,,,Y,FRONT,,,,,,,,,,,,,,,,,,,,,,,,,,,,,,,,,