CRASH_UNIT_ID,CRASH_RECORD_ID,CRASH_DATE,UNIT_NO,UNIT_TYPE,NUM_PASSENGERS,VEHICLE_ID,CMRC_VEH_I,MAKE,MODEL,LIC_PLATE_STATE,VEHICLE_YEAR,VEHICLE_DEFECT,VEHICLE_TYPE,VEHICLE_USE,TRAVEL_DIRECTION,MANEUVER,TOWED_I,FIRE_I,OCCUPANT_CNT,EXCEED_SPEED_LIMIT_I,TOWED_BY,TOWED_TO,AREA_00_I,AREA_01_I,AREA_02_I,AREA_03_I,AREA_04_I,AREA_05_I,AREA_06_I,AREA_07_I,AREA_08_I,AREA_09_I,AREA_10_I,AREA_11_I,AREA_12_I,AREA_99_I,FIRST_CONTACT_POINT,CMV_ID,USDOT_NO,CCMC_NO,ILCC_NO,COMMERCIAL_SRC,GVWR,CARRIER_NAME,CARRIER_STATE,CARRIER_CITY,HAZMAT_PLACARDS_I,HAZMAT_NAME,UN_NO,HAZMAT_PRESENT_I,HAZMAT_REPORT_I,HAZMAT_REPORT_NO,MCS_REPORT_I,MCS_REPORT_NO,HAZMAT_VIO_CAUSE_CRASH_I,MCS_VIO_CAUSE_CRASH_I,IDOT_PERMIT_NO,WIDE_LOAD_I,TRAILER1_WIDTH,TRAILER2_WIDTH,TRAILER1_LENGTH,TRAILER2_LENGTH,TOTAL_VEHICLE_LENGTH,AXLE_CNT,VEHICLE_CONFIG,CARGO_BODY_TYPE,LOAD_TYPE,HAZMAT_OUT_OF_SERVICE_I,MCS_OUT_OF_SERVICE_I,HAZMAT_CLASS
2132969,be6c0a48b0d7eb04e156de997e9bab8f5a8756ef8056db49a9849ee8749ca60e6fa565ca51a17bd523f668e4e790d4ecd0b97cd493707d87b95bb0bdf3decee7,08/20/2025 07:00:00 PM,2,DRIVER,,2033298,,DODGE,CHALLENGER,IL,2013,NONE,PASSENGER,PERSONAL,E,SLOW/STOP IN TRAFFIC,,,1,,,,,,,,,Y,Y,Y,,,,,,,REAR,,,,,,,,,,,,,,,,,,,,,,,,,,,,,,,,,
2133001,771f044506e35c339fa3f06f900b101942fcef8b0ef9ea6d3d6d436b9e5195118a1e7bdf5c94518e019f8808a89902ac5ca5918b844b435dfac5fd2be046dd08,08/20/2025 06:50:00 PM,1,DRIVER,,2033332,,DODGE,CHARGER,MN,2022,UNKNOWN,PASSENGER,OTHER,NW,STRAIGHT AHEAD,,,1,,,,,,,,,,,,,,,,,Y,FRONT,,,,,,,,,,,,,,,,,,,,,,,,,,,,,,,,,
2133002,771f044506e35c339fa3f06f900b101942fcef8b0ef9ea6d3d6d436b9e5195118a1e7bdf5c94518e019f8808a89902ac5ca5918b844b435dfac5fd2be046dd08,08/20/2025 06:50:00 PM,2,PEDESTRIAN,,,,,,,,,,,,,,,,,,,,,,,,,,,,,,,,,,,,,,,,,,,,,,,,,,,,,,,,,,,,,,,,,,
2132976,3462103eac75989b94dd7167f7adeec3cb43cf05c2317b9aafefedb5c3832a8c1e43ebe10229f06625058d5aa4e5bab1bdef0fdacb0c3873c592d54bcd70458b,08/20/2025 06:31:00 PM,1,PARKED,,2033305,,TOYOTA,COROLLA,TN,2015,UNKNOWN,PASSENGER,PERSONAL,W,PARKED IN TRAFFIC LANE,,,0,,,,,,,,,,,,,,,,Y,,FRONT,,,,,,,,,,,,,,,,,,,,,,,,,,,,,,,,,
2132977,3462103eac75989b94dd7167f7adeec3cb43cf05c2317b9aafefedb5c3832a8c1e43ebe10229f06625058d5aa4e5bab1bdef0fdacb0c3873c592d54bcd70458b,08/20/2025 06:31:00 PM,2,PARKED,,2033314,,MERCEDES-BENZ,GLE,IL,2020,UNKNOWN,PASSENGER,PERSONAL,W,PARKED,,,0,,,,,,,,,,Y,,,,,,,,REAR,,,,,,,,,,,,,,,,,,,,,,,,,,,,,,,,,
2136586,b9443082a2f1290e6153e7eb77fa2f2ac317bed13af80ba4534f609cb51a77bff9964a5254e65b3df6306d4dcb03af8b98636c0fea048bd6eaee55f58d3144bd,08/20/2025 06:27:00 PM,1,DRIVER,,2036759,,KIA,OPTIMA / K5,IL,2011,UNKNOWN,PASSENGER,UNKNOWN/NA,S,STRAIGHT AHEAD,,,1,,,,,Y,,,,,,,,,,Y,Y,,FRONT,,,,,,,,,,,,,,,,,,,,,,,,,,,,,,,,,
2136587,b9443082a2f1290e6153e7eb77fa2f2ac317bed13af80ba4534f609cb51a77bff9964a5254e65b3df6306d4dcb03af8b98636c0fea048bd6eaee55f58d3144bd,08/20/2025 06:27:00 PM,2,DRIVER,1,2036760,,FORD,EXPLORER,IL,2005,NONE,PASSENGER,UNKNOWN/NA,E,TURNING RIGHT,,,2,,,,,,,,,,,,Y,Y,Y,,,,SIDE-LEFT,,,,,,,,,,,,,,,,,,,,,,,,,,,,,,,,,
2133007,7da9a0bbbb8aafecab6db01023786970736540a440361d4593181cda6292314dd41d29141baa5a9aedb1e4d35544fd6380605d0be10ec452b533a1f6c3a1251b,08/20/2025 06:26:00 PM,1,DRIVER,,2033339,,MAZDA,CX-7,IL,2010,NONE,PASSENGER,PERSONAL,N,STRAIGHT AHEAD,,,1,,,,,,,,,,,,,,,Y,,,REAR-LEFT-CORNER,,,,,,,,,,,,,,,,,,,,,,,,,,,,,,,,,
2133008,7da9a0bbbb8aafecab6db01023786970736540a440361d4593181cda6292314dd41d29141baa5a9aedb1e4d35544fd6380605d0be10ec452b533a1f6c3a1251b,08/20/2025 06:26:00 PM,2,PEDESTRIAN,,,,,,,,,,,,,,,,,,,,,,,,,,,,,,,,,,,,,,,,,,,,,,,,,,,,,,,,,,,,,,,,,,
2133004,1c21e10103642434dbf1bd3cc95223fe07fdc2f038e40c3d04be4203afa615ef54ea7d4942c85fbf061fb86615974b5172fc70f7515739945afd7bf17d2c7b57,08/20/2025 06:22:00 PM,1,DRIVER,,2033337,,FORD,CROWN VICTORIA,IL,2001,UNKNOWN,PASSENGER,PERSONAL,N,AVOIDING VEHICLES/OBJECTS,Y,,1,,PERSONAL,,,Y,,,,,,,,,,,Y,,FRONT-RIGHT-CORNER,,,,,,,,,,,,,,,,,,,,,,,,,,,,,,,,,
2132980,9a013ddba14036d2a5fead9ecad39981391b2feffba974212e5cb77ee7176c389a60cfc49c0471ff66dba53d74838eeef2c6df41e744e5b50ad5ab03bea45df9,08/20/2025 06:20:00 PM,1,DRIVER,,2033306,,TOYOTA,RAV4,IL,2021,NONE,PASSENGER,PERSONAL,E,STRAIGHT AHEAD,,,1,,,,,Y,Y,,,,,N,N,N,Y,Y,Y,,FRONT-RIGHT-CORNER,,,,,,,,,,,,,,,,,,,,,,,,,,,,,,,,,
2132981,9a013ddba14036d2a5fead9ecad39981391b2feffba974212e5cb77ee7176c389a60cfc49c0471ff66dba53d74838eeef2c6df41e744e5b50ad5ab03bea45df9,08/20/2025 06:20:00 PM,2,DRIVER,,2033318,,NISSAN,ROGUE,IL,2019,NONE,PASSENGER,PERSONAL,N,STRAIGHT AHEAD,,,1,,,,,Y,Y,Y,Y,Y,Y,Y,Y,Y,Y,Y,Y,,SIDE-LEFT,,,,,,,,,,,,,,,,,,,,,,,,,,,,,,,,,
2132982,9a013ddba14036d2a5fead9ecad39981391b2feffba974212e5cb77ee7176c389a60cfc49c0471ff66dba53d74838eeef2c6df41e744e5b50ad5ab03bea45df9,08/20/2025 06:20:00 PM,3,DRIVER,,2033322,,KIA,OPTIMA / K5,IL,2019,NONE,PASSENGER,PERSONAL,N,STRAIGHT AHEAD,,,1,,,,,,,,,Y,Y,Y,,,,,,,SIDE-LEFT-REAR,,,,,,,,,,,,,,,,,,,,,,,,,,,,,,,,,
2132983,9a013ddba14036d2a5fead9ecad39981391b2feffba974212e5cb77ee7176c389a60cfc49c0471ff66dba53d74838eeef2c6df41e744e5b50ad5ab03bea45df9,08/20/2025 06:20:00 PM,4,DRIVER,,2033330,,DODGE,GRAND CARAVAN,IL,2013,NONE,PASSENGER,PERSONAL,N,STRAIGHT AHEAD,,,1,,,,,Y,,,,,,,,,,Y,Y,,FRONT-LEFT-CORNER,,,,,,,,,,,,,,,,,,,,,,,,,,,,,,,,,
2133048,faf6f490a4c9ade5cfa65cc9418f11fb8917080bf13a1a9d3d3c70539f93dd2d596404a5c21f15896e1ea21a188620a51cba0286a2325082be35222f9fb4c057,08/20/2025 06:19:00 PM,1,DRIVER,,2033375,,FREIGHTLINER CORPORATION,FREIGHTLINER CORP.,IL,2018,NONE,TRACTOR W/ SEMI-TRAILER,COMMERCIAL - MULTI-UNIT,S,CHANGING LANES,,,1,,,,Y,,,,,,,,,,,,,,FRONT-RIGHT-CORNER,,,,,,,,,,,,,,,,,,,,,,,,,,,,,,,,,
2133049,faf6f490a4c9ade5cfa65cc9418f11fb8917080bf13a1a9d3d3c70539f93dd2d596404a5c21f15896e1ea21a188620a51cba0286a2325082be35222f9fb4c057,08/20/2025 06:19:00 PM,2,DRIVER,,2033381,,TOYOTA,COROLLA,IL,2021,NONE,PASSENGER,PERSONAL,S,STRAIGHT AHEAD,,,1,,,,,,,,,,,Y,,,,,,,REAR-LEFT-CORNER,,,,,,,,,,,,,,,,,,,,,,,,,,,,,,,,,
2137665,762c28437b2404339d2e947259d7a681dce82536345ddf66abe261e797e149ad096e6a08458525aabd1fdbaea63615d4afa5a8ac1c1ee9c00458660fc1a8a510,08/20/2025 06:05:00 PM,1,DRIVER,,2037788,,TOYOTA,RAV4,IL,2010,UNKNOWN,SPORT UTILITY VEHICLE (SUV),PERSONAL,N,BACKING,,,1,,,,,,,,,,Y,,,,,,,,REAR,,,,,,,,,,,,,,,,,,,,,,,,,,,,,,,,,
2137666,762c28437b2404339d2e947259d7a681dce82536345ddf66abe261e797e149ad096e6a08458525aabd1fdbaea63615d4afa5a8ac1c1ee9c00458660fc1a8a510,08/20/2025 06:05:00 PM,2,DRIVER,,2037797,,LINCOLN,MKX,IL,2007,UNKNOWN,SPORT UTILITY VEHICLE (SUV),PERSONAL,W,STRAIGHT AHEAD,,,1,,,,,Y,Y,,,,,,,,,,,,FRONT-RIGHT-CORNER,,,,,,,,,,,,,,,,,,,,,,,,,,,,,,,,,
2133041,4b20e0e2c763871c5bada9222a08a23ebcfda7d431d014eaa57fdbbe7a11d59f43bdc0aae2a6d743a92ba5b16f22b7da239ecdc5d75f465b82071c545fe7a1fa,08/20/2025 06:04:00 PM,1,DRIVER,,2033368,,UNKNOWN,OTHER (EXPLAIN IN NARRATIVE),,,UNKNOWN,SPORT UTILITY VEHICLE (SUV),UNKNOWN/NA,N,STRAIGHT AHEAD,,,1,,,,,,,,,,,,,,,,,,FRONT,,,,,,,,,,,,,,,,,,,,,,,,,,,,,,,,,
2133042,4b20e0e2c763871c5bada9222a08a23ebcfda7d431d014eaa57fdbbe7a11d59f43bdc0aae2a6d743a92ba5b16f22b7da239ecdc5d75f465b82071c545fe7a1fa,08/20/2025 06:04:00 PM,2,PEDESTRIAN,,,,,,,,,,,,,,,,,,,,,,,,,,,,,,,,,,,,,,,,,,,,,,,,,,,,,,,,,,,,,,,,,,
2133270,b4d127c12fcfe8404fc848a89f8dcdb6fe00d5577a1ccf47a58d73ee0bbbda8ba6b487fa269ae1f1f587d107ef05c45ac1205030d85d37989c960bc93487106e,08/20/2025 06:00:00 PM,1,DRIVER,,2033584,,UNKNOWN,OTHER (EXPLAIN IN NARRATIVE),,,UNKNOWN,UNKNOWN/NA,UNKNOWN/NA,W,UNKNOWN/NA,,,1,,,,,,,,,,,,,,,,,Y,UNKNOWN,,,,,,,,,,,,,,,,,,,,,,,,,,,,,,,,,
2133271,b4d127c12fcfe8404fc848a89f8dcdb6fe00d5577a1ccf47a58d73ee0bbbda8ba6b487fa269ae1f1f587d107ef05c45ac1205030d85d37989c960bc93487106e,08/20/2025 06:00:00 PM,2,PARKED,,2033587,,AUDI,Q5,IL,2012,UNKNOWN,SPORT UTILITY VEHICLE (SUV),PERSONAL,N,PARKED,,,0,,,,,,,,,,,,,Y,Y,Y,,,SIDE-LEFT,,,,,,,,,,,,,,,,,,,,,,,,,,,,,,,,,
2132989,1fa46e623c5586fd6c3cbdefdb21ae7dd6c8c6bdfe6e10b9bc3e501d31d5f9487a902c3b623a89e3f617c155a293cdad42b8da68c527f42cd054a2f7107bf898,08/20/2025 05:57:00 PM,2,DRIVER,,2033320,,HARLEY-DAVIDSON,HARLEY-DAVIDSON,IL,2017,NONE,MOTORCYCLE (OVER 150CC),PERSONAL,N,STRAIGHT AHEAD,,,1,,,,,,,,,,,,,,Y,Y,,,FRONT-LEFT-CORNER,,,,,,,,,,,,,,,,,,,,,,,,,,,,,,,,,
2132990,1fa46e623c5586fd6c3cbdefdb21ae7dd6c8c6bdfe6e10b9bc3e501d31d5f9487a902c3b623a89e3f617c155a293cdad42b8da68c527f42cd054a2f7107bf898,08/20/2025 05:57:00 PM,1,DRIVER,,2033315,,UNKNOWN,MOTORIZED,IL,,UNKNOWN,PASSENGER,UNKNOWN/NA,N,PASSING/OVERTAKING,,,1,,,,,Y,Y,Y,,,,,,,,,,,FRONT-RIGHT-CORNER,,,,,,,,,,,,,,,,,,,,,,,,,,,,,,,,,
2132958,03a385235a4d2da0cb9f5b9dc3291f4d899cd46cd9c827359109329a353e1ceed46acf36b4cb205c6d5ec05a2e92fa81a25cf887eef354e2c53562cf9f2ac28f,08/20/2025 05:50:00 PM,1,DRIVER,,2033288,,JEEP,GRAND CHEROKEE,IL,2006,NONE,SPORT UTILITY VEHICLE (SUV),PERSONAL,S,TURNING LEFT,,,1,,,,,,,,,,,,,,,,,Y,UNKNOWN,,,,,,,,,,,,,,,,,,,,,,,,,,,,,,,,,
2132959,03a385235a4d2da0cb9f5b9dc3291f4d899cd46cd9c827359109329a353e1ceed46acf36b4cb205c6d5ec05a2e92fa81a25cf887eef354e2c53562cf9f2ac28f,08/20/2025 05:50:00 PM,2,DRIVER,,2033289,,INFINITI,G37,IL,2011,NONE,PASSENGER,PERSONAL,W,STRAIGHT AHEAD,,,1,,,,,,Y,Y,Y,,,,,,,,,,SIDE-LEFT,,,,,,,,,,,,,,,,,,,,,,,,,,,,,,,,,
2132974,5fa2fcc861c536facc5e264dc131dbf02bc56a4ea0b1a5828798c96b62204ced8bb93740511c7fbd4dc2a4e1f10662e7935ecb10c78173fdcfda2bb55cd1b908,08/20/2025 05:50:00 PM,1,DRIVER,,2033302,,INFINITI,QX70,IL,2014,NONE,SPORT UTILITY VEHICLE (SUV),PERSONAL,W,STRAIGHT AHEAD,,,1,,,,,,,,,,,,,,,Y,Y,,FRONT-LEFT-CORNER,,,,,,,,,,,,,,,,,,,,,,,,,,,,,,,,,
2132975,5fa2fcc861c536facc5e264dc131dbf02bc56a4ea0b1a5828798c96b62204ced8bb93740511c7fbd4dc2a4e1f10662e7935ecb10c78173fdcfda2bb55cd1b908,08/20/2025 05:50:00 PM,2,DRIVER,2,2033313,,HYUNDAI,ELANTRA,IL,2020,NONE,PASSENGER,PERSONAL,N,STRAIGHT AHEAD,,,3,,,,,,Y,Y,Y,,,,,,,,,,SIDE-RIGHT,,,,,,,,,,,,,,,,,,,,,,,,,,,,,,,,,
2133013,9bb75273f0990f256d90dded5d65e9bbae77a9c4ca14f7fd87bdbedee281c3885e58470fa19fb15bbb50a51ef77fc88d7a58b5f5637a586f7e8a7ad5911de22b,08/20/2025 05:48:00 PM,1,DRIVER,,2033348,,CHEVROLET,CRUZE,FL,2009,NONE,PASSENGER,PERSONAL,E,STRAIGHT AHEAD,Y,,1,,SELF,,,,,,,,,,Y,Y,Y,Y,,,SIDE-LEFT,,,,,,,,,,,,,,,,,,,,,,,,,,,,,,,,,
2133014,9bb75273f0990f256d90dded5d65e9bbae77a9c4ca14f7fd87bdbedee281c3885e58470fa19fb15bbb50a51ef77fc88d7a58b5f5637a586f7e8a7ad5911de22b,08/20/2025 05:48:00 PM,2,DRIVER,,2033352,,A-1 TRAILER,A-1 TRAILER,IL,2017,NONE,OTHER,OTHER,S,STRAIGHT AHEAD,,,1,,,,,Y,Y,Y,,,,,,,N,N,,,SIDE-RIGHT,,,,,,,,,,,,,,,,,,,,,,,,,,,,,,,,,
2132991,22b4ae1bef88d9e221ebe24ed248c41b23c34d818e50cfbfa1a9fe64fa3a274fd5b3559a6ccb238d9135bff1fe6944f3c48273abe947d79cada357032b38b8f7,08/20/2025 05:45:00 PM,1,DRIVER,2,2033327,,BMW,X5,IL,2012,UNKNOWN,UNKNOWN/NA,UNKNOWN/NA,W,STRAIGHT AHEAD,,,3,,,,,,,,,,,,,,,Y,Y,,FRONT-LEFT-CORNER,,,,,,,,,,,,,,,,,,,,,,,,,,,,,,,,,
2132992,22b4ae1bef88d9e221ebe24ed248c41b23c34d818e50cfbfa1a9fe64fa3a274fd5b3559a6ccb238d9135bff1fe6944f3c48273abe947d79cada357032b38b8f7,08/20/2025 05:45:00 PM,2,DRIVER,,2033347,,JEEP,RENEGADE,IL,2023,NONE,PASSENGER,PERSONAL,E,NEGOTIATING A CURVE,,,1,,,,,,,,,,,,,,Y,Y,,,FRONT-LEFT-CORNER,,,,,,,,,,,,,,,,,,,,,,,,,,,,,,,,,
2133027,6359a8b56668140c67ac25beb854d539a819d0da5f1e7f5456bcaaaf29819444da2285b4e2ea2540f86368e834860ee47647fa343f416ff86d0223c495521fc2,08/20/2025 05:44:00 PM,1,DRIVER,,2033356,,UNKNOWN,OTHER (EXPLAIN IN NARRATIVE),IL,2020,NONE,PASSENGER,UNKNOWN/NA,W,STRAIGHT AHEAD,,,1,,,,,,,,,,,,,,,,Y,,FRONT,,,,,,,,,,,,,,,,,,,,,,,,,,,,,,,,,
2133028,6359a8b56668140c67ac25beb854d539a819d0da5f1e7f5456bcaaaf29819444da2285b4e2ea2540f86368e834860ee47647fa343f416ff86d0223c495521fc2,08/20/2025 05:44:00 PM,2,BICYCLE,,,,,,,,,,,,,,,,,,,,,,,,,,,,,,,,,,,,,,,,,,,,,,,,,,,,,,,,,,,,,,,,,,
2133029,f913af26a97d14dda8d7f26f16caed94dc819d88cc7112b61f29301b6282a432134819755bfeee225dc258012d4cf5a067ed203c089a9abb285e5f62726602a9,08/20/2025 05:42:00 PM,1,DRIVER,,2033358,,CHEVROLET,MALIBU,MO,2012,UNKNOWN,PASSENGER,UNKNOWN/NA,N,MERGING,,,1,,,,,,,,,,,,,,,Y,,,FRONT-LEFT-CORNER,,,,,,,,,,,,,,,,,,,,,,,,,,,,,,,,,
2133030,f913af26a97d14dda8d7f26f16caed94dc819d88cc7112b61f29301b6282a432134819755bfeee225dc258012d4cf5a067ed203c089a9abb285e5f62726602a9,08/20/2025 05:42:00 PM,2,DRIVER,,2033362,,LINCOLN,MKS,IL,2017,UNKNOWN,PASSENGER,UNKNOWN/NA,N,STRAIGHT AHEAD,,,1,,,,,,,,Y,N,,,,,,,,,SIDE-RIGHT-REAR,,,,,,,,,,,,,,,,,,,,,,,,,,,,,,,,,
2132944,f4c1c41821552a1217342d833ba8086a6d2c614f2c2e2eaa537ebd1d6057b6bd2303512fbe49733c8a1882b59604619541bdd0ab686c6a1adb0fe15c13c99326,08/20/2025 05:38:00 PM,1,DRIVER,,2033278,,UNKNOWN,OTHER (EXPLAIN IN NARRATIVE),,,UNKNOWN,BUS OVER 15 PASS.,CTA,S,STRAIGHT AHEAD,,,1,,,,,,,,,,,,,,,,,Y,FRONT,,,,,,,,,,,,,,,,,,,,,,,,,,,,,,,,,
2132945,f4c1c41821552a1217342d833ba8086a6d2c614f2c2e2eaa537ebd1d6057b6bd2303512fbe49733c8a1882b59604619541bdd0ab686c6a1adb0fe15c13c99326,08/20/2025 05:38:00 PM,2,DRIVER,,2033285,,HONDA,CIVIC,IL,2024,NONE,PASSENGER,PERSONAL,S,SLOW/STOP IN TRAFFIC,,,1,,,,,,,,,,Y,,,,,,,,REAR-RIGHT-CORNER,,,,,,,,,,,,,,,,,,,,,,,,,,,,,,,,,
2132978,6d8741e5b7844281800cbc03d57ed18d8d2e17191158e49cd5493cd725b4e74b2e4b151886ea98ee44646f45454c2f27a541a56a92c0bbf3bf31d9cb4602f9e2,08/20/2025 05:30:00 PM,1,DRIVER,,2033307,,UNKNOWN,OTHER (EXPLAIN IN NARRATIVE),MO,,UNKNOWN,VAN/MINI-VAN,OTHER,N,STRAIGHT AHEAD,,,1,,,,,,,,,Y,Y,,,,,,,N,REAR,,,,,,,,,,,,,,,,,,,,,,,,,,,,,,,,,
2132979,6d8741e5b7844281800cbc03d57ed18d8d2e17191158e49cd5493cd725b4e74b2e4b151886ea98ee44646f45454c2f27a541a56a92c0bbf3bf31d9cb4602f9e2,08/20/2025 05:30:00 PM,2,PARKED,,2033301,,HONDA,HR-V,IL,2022,NONE,SPORT UTILITY VEHICLE (SUV),PERSONAL,N,PARKED,,,0,,,,,,,,,,,,Y,Y,Y,,,,SIDE-LEFT,,,,,,,,,,,,,,,,,,,,,,,,,,,,,,,,,
2133461,9ceb2d5cad89401b23c55cbce3a7db3ebf0abda461d5f723e82885b10c7bb1112ba8e408558d47224749d8b8796715103631a34d3e091ac7b720814ed274ce20,08/20/2025 05:30:00 PM,1,DRIVER,,2033763,,CHEVROLET,EQUINOX,IL,2025,UNKNOWN,SPORT UTILITY VEHICLE (SUV),UNKNOWN/NA,W,U-TURN,,,1,,,,,,,,,,,,,,,Y,,,FRONT-LEFT-CORNER,,,,,,,,,,,,,,,,,,,,,,,,,,,,,,,,,
2133462,9ceb2d5cad89401b23c55cbce3a7db3ebf0abda461d5f723e82885b10c7bb1112ba8e408558d47224749d8b8796715103631a34d3e091ac7b720814ed274ce20,08/20/2025 05:30:00 PM,2,DRIVER,,2033768,,MAZDA,MAZDA3,IL,2011,NONE,PASSENGER,PERSONAL,W,STRAIGHT AHEAD,,,1,,,,,,Y,Y,,,,,,,,,,,SIDE-RIGHT-FRONT,,,,,,,,,,,,,,,,,,,,,,,,,,,,,,,,,
2133017,c3fa2437492f4f958c8d50e86b9964eb6bff47be26b52329aa3ed0c8c8bad2981487433b7518cab9534b7ef153fb31de228ac377da24232c9ae390e947ea5b1d,08/20/2025 05:30:00 PM,1,DRIVER,,2033345,,CHEVROLET,EQUINOX,IL,,UNKNOWN,UNKNOWN/NA,UNKNOWN/NA,E,BACKING,,,1,,,,,,,,,,Y,,,,,,,,REAR,,,,,,,,,,,,,,,,,,,,,,,,,,,,,,,,,
2133018,c3fa2437492f4f958c8d50e86b9964eb6bff47be26b52329aa3ed0c8c8bad2981487433b7518cab9534b7ef153fb31de228ac377da24232c9ae390e947ea5b1d,08/20/2025 05:30:00 PM,2,DRIVER,,2033350,,CHEVROLET,TRAIL BLAZER,IL,,UNKNOWN,UNKNOWN/NA,UNKNOWN/NA,W,STRAIGHT AHEAD,,,1,,,,,,,,,,,,,,,,Y,,FRONT,,,,,,,,,,,,,,,,,,,,,,,,,,,,,,,,,
2132900,6152f749fc2951de066e3c125caaced22f5f6b90e74a8043c9a95a4c777f75dfa6fcbe0d6349b5d34ee1574d81d1caefdacd8085f6dc80b0fe393903b91aef91,08/20/2025 05:20:00 PM,1,DRIVER,,2033272,,ELECTRIC CYCLE,ELECTRIC CYCLE,IL,,UNKNOWN,OTHER,PERSONAL,S,STRAIGHT AHEAD,,,1,,,,,,,,,,,Y,Y,Y,Y,Y,,,SIDE-LEFT,,,,,,,,,,,,,,,,,,,,,,,,,,,,,,,,,
2132901,6152f749fc2951de066e3c125caaced22f5f6b90e74a8043c9a95a4c777f75dfa6fcbe0d6349b5d34ee1574d81d1caefdacd8085f6dc80b0fe393903b91aef91,08/20/2025 05:20:00 PM,2,DRIVER,2,2033240,,SUBARU,FORESTER,IL,2014,UNKNOWN,PASSENGER,PERSONAL,W,TURNING LEFT,,,3,,,,,,,,,,,,,,,Y,,,FRONT-LEFT-CORNER,,,,,,,,,,,,,,,,,,,,,,,,,,,,,,,,,
2132925,c4a7e428f536f499f3272c087b7044d855eb5646ad6dca334138f57ace3299cc8571dbb90e07c4ebd157a0d253f318e3be4e7442670160bc7fccd2deb65d3490,08/20/2025 05:15:00 PM,1,DRIVER,,2033267,,SATURN,OTHER (EXPLAIN IN NARRATIVE),IL,2008,UNKNOWN,PASSENGER,PERSONAL,E,PASSING/OVERTAKING,,,1,,,,,,,,,,,,,,,,,Y,UNKNOWN,,,,,,,,,,,,,,,,,,,,,,,,,,,,,,,,,
2132926,c4a7e428f536f499f3272c087b7044d855eb5646ad6dca334138f57ace3299cc8571dbb90e07c4ebd157a0d253f318e3be4e7442670160bc7fccd2deb65d3490,08/20/2025 05:15:00 PM,2,DRIVER,,2033270,,CHRYSLER,TOWN & COUNTRY,IL,2014,NONE,PASSENGER,PERSONAL,E,STRAIGHT AHEAD,,,1,,,,,,,,Y,Y,,,,,,,,,SIDE-RIGHT,,,,,,,,,,,,,,,,,,,,,,,,,,,,,,,,,
2132952,f5a32acbbbdd354c3a3483f4d90b874a1158d36a147ac5d55f70198d116984528fe6f50f290651ffa5d35f8f805bb2792e3d971b602b4a85c75a7b203b2eaee8,08/20/2025 05:13:00 PM,1,DRIVER,,2033283,,UNKNOWN,OTHER (EXPLAIN IN NARRATIVE),,,UNKNOWN,UNKNOWN/NA,CAMPER/RV - SINGLE UNIT,N,STRAIGHT AHEAD,,,1,,,,,N,N,,,,,,,,,,,Y,UNKNOWN,,,,,,,,,,,,,,,,,,,,,,,,,,,,,,,,,
2132953,f5a32acbbbdd354c3a3483f4d90b874a1158d36a147ac5d55f70198d116984528fe6f50f290651ffa5d35f8f805bb2792e3d971b602b4a85c75a7b203b2eaee8,08/20/2025 05:13:00 PM,2,PARKED,4,2033287,,TOYOTA,CAMRY,TX,2023,UNKNOWN,PASSENGER,PERSONAL,N,PARKED,,,4,,,,,,,,,,,,Y,Y,Y,Y,,,SIDE-LEFT,,,,,,,,,,,,,,,,,,,,,,,,,,,,,,,,,
2132935,26e8b3d8fe80fdbd5dbf3fbad3d3b737757ecbd0e2790ab11f3342c9970d8544ffb5497b09fbeb2471db7501e2b0e9bb4b7ca28de96951a203d3fa9c130354f4,08/20/2025 05:10:00 PM,1,DRIVER,,2033271,,KAWASAKI,MOTORCYCLE,IL,2007,NONE,MOTORCYCLE (OVER 150CC),PERSONAL,S,TURNING LEFT,Y,,1,,PRIVATE,UNK,,Y,Y,Y,Y,Y,,,,Y,Y,Y,Y,,FRONT-RIGHT-CORNER,,,,,,,,,,,,,,,,,,,,,,,,,,,,,,,,,
2132936,26e8b3d8fe80fdbd5dbf3fbad3d3b737757ecbd0e2790ab11f3342c9970d8544ffb5497b09fbeb2471db7501e2b0e9bb4b7ca28de96951a203d3fa9c130354f4,08/20/2025 05:10:00 PM,2,DRIVER,,2033282,,JEEP,GLADIATOR,IL,2020,NONE,PASSENGER,PERSONAL,S,TURNING LEFT,,,1,,,,,,,,,,,,,Y,Y,Y,,,SIDE-LEFT,,,,,,,,,,,,,,,,,,,,,,,,,,,,,,,,,
2133821,6bbbfa6403491c7db7bc01d05a0999bf4366488b8e2194178506bc64243b0ad04ce6f0e1cae623ddc929cdce9a9bfaa70c5baa61677189bc0f4a7c0013d205f7,08/20/2025 05:10:00 PM,1,DRIVER,,2034109,,FORD,EXPLORER,IL,2016,NONE,SPORT UTILITY VEHICLE (SUV),PERSONAL,W,STRAIGHT AHEAD,,,1,,,,,,,,,,,,,,,,Y,,FRONT,,,,,,,,,,,,,,,,,,,,,,,,,,,,,,,,,
2133822,6bbbfa6403491c7db7bc01d05a0999bf4366488b8e2194178506bc64243b0ad04ce6f0e1cae623ddc929cdce9a9bfaa70c5baa61677189bc0f4a7c0013d205f7,08/20/2025 05:10:00 PM,2,DRIVER,,2034110,,HONDA,ACCORD,IL,2022,NONE,PASSENGER,PERSONAL,W,STRAIGHT AHEAD,,,1,,,,,,,,,,Y,,,,,,,,REAR,,,,,,,,,,,,,,,,,,,,,,,,,,,,,,,,,