CRASH_UNIT_ID,CRASH_RECORD_ID,CRASH_DATE,UNIT_NO,UNIT_TYPE,NUM_PASSENGERS,VEHICLE_ID,CMRC_VEH_I,MAKE,MODEL,LIC_PLATE_STATE,VEHICLE_YEAR,VEHICLE_DEFECT,VEHICLE_TYPE,VEHICLE_USE,TRAVEL_DIRECTION,MANEUVER,TOWED_I,FIRE_I,OCCUPANT_CNT,EXCEED_SPEED_LIMIT_I,TOWED_BY,TOWED_TO,AREA_00_I,AREA_01_I,AREA_02_I,AREA_03_I,AREA_04_I,AREA_05_I,AREA_06_I,AREA_07_I,AREA_08_I,AREA_09_I,AREA_10_I,AREA_11_I,AREA_12_I,AREA_99_I,FIRST_CONTACT_POINT,CMV_ID,USDOT_NO,CCMC_NO,ILCC_NO,COMMERCIAL_SRC,GVWR,CARRIER_NAME,CARRIER_STATE,CARRIER_CITY,HAZMAT_PLACARDS_I,HAZMAT_NAME,UN_NO,HAZMAT_PRESENT_I,HAZMAT_REPORT_I,HAZMAT_REPORT_NO,MCS_REPORT_I,MCS_REPORT_NO,HAZMAT_VIO_CAUSE_CRASH_I,MCS_VIO_CAUSE_CRASH_I,IDOT_PERMIT_NO,WIDE_LOAD_I,TRAILER1_WIDTH,TRAILER2_WIDTH,TRAILER1_LENGTH,TRAILER2_LENGTH,TOTAL_VEHICLE_LENGTH,AXLE_CNT,VEHICLE_CONFIG,CARGO_BODY_TYPE,LOAD_TYPE,HAZMAT_OUT_OF_SERVICE_I,MCS_OUT_OF_SERVICE_I,HAZMAT_CLASS
2132993,4793ba7610f74fce6cdc2635a7506000874ed3e5db1867fae56fa80210ee0098063f2c1383426528245ca962b9c0038e9868ac37cfcb050c5b50d01ce9619448,08/20/2025 05:09:00 PM,1,DRIVER,,2033324,,CHEVROLET,EXPRESS,IL,2017,UNKNOWN,VAN/MINI-VAN,CONSTRUCTION/MAINTENANCE,E,STRAIGHT AHEAD,,,1,,,,Y,,,,,,,,,,,,,,SIDE-RIGHT,,,,,,,,,,,,,,,,,,,,,,,,,,,,,,,,,
2132994,4793ba7610f74fce6cdc2635a7506000874ed3e5db1867fae56fa80210ee0098063f2c1383426528245ca962b9c0038e9868ac37cfcb050c5b50d01ce9619448,08/20/2025 05:09:00 PM,2,PARKED,,2033351,,FORD,FOCUS,IL,2010,UNKNOWN,PASSENGER,UNKNOWN/NA,E,PARKED,,,0,,,,,,,,,,,,,,,Y,,,FRONT-LEFT-CORNER,,,,,,,,,,,,,,,,,,,,,,,,,,,,,,,,,
2133503,dddc8615837697abd56ba76e30c4021ae0bd17356a0170f725ec21e0ebacc145b255572200cdb58635ae25c144c1fad2016db91858d3886a767a83f5417738b1,08/20/2025 05:09:00 PM,1,DRIVER,,2033811,,CADILLAC,OTHER (EXPLAIN IN NARRATIVE),IL,2024,UNKNOWN,PASSENGER,PERSONAL,W,BACKING,,,1,,,,,,,,,Y,Y,Y,,,,,,,REAR,,,,,,,,,,,,,,,,,,,,,,,,,,,,,,,,,
2133504,dddc8615837697abd56ba76e30c4021ae0bd17356a0170f725ec21e0ebacc145b255572200cdb58635ae25c144c1fad2016db91858d3886a767a83f5417738b1,08/20/2025 05:09:00 PM,2,PARKED,,2033885,,KIA,SORENTO,IL,2025,NONE,PASSENGER,PERSONAL,W,PARKED,,,0,,,,,Y,,,,,,,,,,Y,Y,,FRONT,,,,,,,,,,,,,,,,,,,,,,,,,,,,,,,,,
2133055,10db104aba7a6d3fd04fc347759cb506a44aba38c11a6f8965cf8731584d4d54cbc87acd4d64a35268fa09ab773a83b905300acf049931600d06fee3fecffba1,08/20/2025 05:05:00 PM,1,DRIVER,1,2033382,,CHEVROLET,CRUZE,IL,2018,UNKNOWN,PASSENGER,PERSONAL,S,UNKNOWN/NA,Y,,2,,CPD,POUND2,,Y,,,,,,,,,,Y,Y,,FRONT,,,,,,,,,,,,,,,,,,,,,,,,,,,,,,,,,
2133056,10db104aba7a6d3fd04fc347759cb506a44aba38c11a6f8965cf8731584d4d54cbc87acd4d64a35268fa09ab773a83b905300acf049931600d06fee3fecffba1,08/20/2025 05:05:00 PM,2,PARKED,,2033385,,GENERAL MOTORS CORPORATION (GMC),YUKON,IN,2025,UNKNOWN,PASSENGER,PERSONAL,S,PARKED,,,0,,,,,,,,,Y,Y,Y,,,,,N,,REAR,,,,,,,,,,,,,,,,,,,,,,,,,,,,,,,,,
2133057,10db104aba7a6d3fd04fc347759cb506a44aba38c11a6f8965cf8731584d4d54cbc87acd4d64a35268fa09ab773a83b905300acf049931600d06fee3fecffba1,08/20/2025 05:05:00 PM,3,DRIVERLESS,,2033389,,GENERAL MOTORS CORPORATION (GMC),YUKON,IL,2008,UNKNOWN,PASSENGER,PERSONAL,S,UNKNOWN/NA,,,0,,,,Y,,,,,,N,,,,,,,,REAR,,,,,,,,,,,,,,,,,,,,,,,,,,,,,,,,,
2133058,10db104aba7a6d3fd04fc347759cb506a44aba38c11a6f8965cf8731584d4d54cbc87acd4d64a35268fa09ab773a83b905300acf049931600d06fee3fecffba1,08/20/2025 05:05:00 PM,4,DRIVERLESS,,2033393,,FORD,TAURUS,IL,2000,UNKNOWN,PASSENGER,PERSONAL,S,PARKED,,,0,,,,,,Y,Y,Y,,,,,,,,,,SIDE-RIGHT,,,,,,,,,,,,,,,,,,,,,,,,,,,,,,,,,
2133073,10db104aba7a6d3fd04fc347759cb506a44aba38c11a6f8965cf8731584d4d54cbc87acd4d64a35268fa09ab773a83b905300acf049931600d06fee3fecffba1,08/20/2025 05:05:00 PM,5,DRIVERLESS,,2033396,,CADILLAC,ELDORADO,IL,1985,UNKNOWN,PASSENGER,PERSONAL,S,UNKNOWN/NA,,,0,,,,Y,,,,,,Y,,,,,,,,REAR,,,,,,,,,,,,,,,,,,,,,,,,,,,,,,,,,
2132927,5ad410f89a3af836ad0c9a9855a7aff1f0b69d6786d3dc935b0413a9fca142d51c660f73032971b601a290ead5f187f33b7ff26f3e21bafacb628487f3f8c78c,08/20/2025 05:00:00 PM,1,DRIVER,,2033260,,TOYOTA,CAMRY,IL,1999,UNKNOWN,PASSENGER,PERSONAL,W,OTHER,,,1,,,,,,,,,,,,,,,,,,OTHER,,,,,,,,,,,,,,,,,,,,,,,,,,,,,,,,,
2132928,5ad410f89a3af836ad0c9a9855a7aff1f0b69d6786d3dc935b0413a9fca142d51c660f73032971b601a290ead5f187f33b7ff26f3e21bafacb628487f3f8c78c,08/20/2025 05:00:00 PM,2,BICYCLE,,,,,,,,,,,,,,,,,,,,,,,,,,,,,,,,,,,,,,,,,,,,,,,,,,,,,,,,,,,,,,,,,,
2132986,6f19ed72a83416997c61b542baab8e6de4c21a30f65af0cdbc0fc7c7ff79979e6a7e98efa75f289fb7408236fb1f2cb4fdec70c3f967430fbe86d1fff22a733e,08/20/2025 05:00:00 PM,1,DRIVER,1,2033310,,MITSUBISHI,OTHER (EXPLAIN IN NARRATIVE),IL,2023,NONE,SPORT UTILITY VEHICLE (SUV),PERSONAL,W,CHANGING LANES,,,2,,,,,Y,Y,,,,,,,,,,,,FRONT-RIGHT-CORNER,,,,,,,,,,,,,,,,,,,,,,,,,,,,,,,,,
2132987,6f19ed72a83416997c61b542baab8e6de4c21a30f65af0cdbc0fc7c7ff79979e6a7e98efa75f289fb7408236fb1f2cb4fdec70c3f967430fbe86d1fff22a733e,08/20/2025 05:00:00 PM,2,DRIVER,,2033321,,MAZDA,CX-5,IL,2019,NONE,SPORT UTILITY VEHICLE (SUV),PERSONAL,W,SLOW/STOP IN TRAFFIC,,,1,,,,,,,,,,,Y,Y,,,,,,SIDE-LEFT-REAR,,,,,,,,,,,,,,,,,,,,,,,,,,,,,,,,,
2132869,bb1c2c18b51c9c16dacc932110a8ca664c4ed8ad3b9e7e0057db0d27ac980fa77cb00b18dcc642e33ecc160f60216177805ae977a282356371ca3d24049e8b27,08/20/2025 05:00:00 PM,1,DRIVER,,2033199,,TOYOTA,PRIUS,IL,2013,UNKNOWN,PASSENGER,PERSONAL,UNKNOWN,STRAIGHT AHEAD,,,1,,,,,,,,,,,,,,,,Y,,FRONT,,,,,,,,,,,,,,,,,,,,,,,,,,,,,,,,,
2132870,bb1c2c18b51c9c16dacc932110a8ca664c4ed8ad3b9e7e0057db0d27ac980fa77cb00b18dcc642e33ecc160f60216177805ae977a282356371ca3d24049e8b27,08/20/2025 05:00:00 PM,2,DRIVER,,2033208,,NISSAN,ALTIMA,IL,2016,UNKNOWN,PASSENGER,PERSONAL,UNKNOWN,STRAIGHT AHEAD,,,1,,,,,,,,,,Y,,,,,,,,REAR,,,,,,,,,,,,,,,,,,,,,,,,,,,,,,,,,
2132999,8cc4cc10897121aaeadbbd62ee1499048b3129264dfd80858d58ec68fb3098048a57aa0a1ddb9a625f92ca17fe44b5a2ac68c8d0a3fe1d0dd30b7f7a36496a33,08/20/2025 04:58:00 PM,1,DRIVER,,2033326,,UNKNOWN,MOTORIZED,IL,1900,NONE,ALL-TERRAIN VEHICLE (ATV),UNKNOWN/NA,S,PASSING/OVERTAKING,,,1,,,,,,,,,,,,,,,Y,Y,,FRONT-LEFT-CORNER,,,,,,,,,,,,,,,,,,,,,,,,,,,,,,,,,
2133000,8cc4cc10897121aaeadbbd62ee1499048b3129264dfd80858d58ec68fb3098048a57aa0a1ddb9a625f92ca17fe44b5a2ac68c8d0a3fe1d0dd30b7f7a36496a33,08/20/2025 04:58:00 PM,2,PEDESTRIAN,,,,,,,,,,,,,,,,,,,,,,,,,,,,,,,,,,,,,,,,,,,,,,,,,,,,,,,,,,,,,,,,,,
2132948,199c4d74a564abbe8b8e8c8f8c7c327e15750ef278b11da982add4925d6af6763b5c94413314b2e4fc7dff1ffe6e7a456466c91a03b092eaeb3e9f39c97a7d86,08/20/2025 04:52:00 PM,1,DRIVER,,2033317,,UNKNOWN,OTHER (EXPLAIN IN NARRATIVE),,,UNKNOWN,BUS OVER 15 PASS.,CTA,N,STRAIGHT AHEAD,,,1,,,,,,,,,,,Y,Y,Y,Y,Y,,,SIDE-LEFT,,,,,,,,,,,,,,,,,,,,,,,,,,,,,,,,,
2132949,199c4d74a564abbe8b8e8c8f8c7c327e15750ef278b11da982add4925d6af6763b5c94413314b2e4fc7dff1ffe6e7a456466c91a03b092eaeb3e9f39c97a7d86,08/20/2025 04:52:00 PM,2,DRIVER,,2033300,,JEEP,COMPASS,IL,2025,UNKNOWN,PASSENGER,PERSONAL,N,STRAIGHT AHEAD,,,1,,,,,Y,Y,Y,Y,Y,,,,,,,,,SIDE-RIGHT,,,,,,,,,,,,,,,,,,,,,,,,,,,,,,,,,
2132884,ca8522abb6e016ca09db9018b95694eb6c825402f29f7d46d82f8efae320b27dbe541ff6e84a4860e0ccef6226313d7756590f07ee65b883e17ce8003ced57f0,08/20/2025 04:50:00 PM,1,DRIVER,,2033227,,ICL CARGO TRAILER,ICL CARGO TRAILER,IL,2019,UNKNOWN,BUS OVER 15 PASS.,PERSONAL,S,STRAIGHT AHEAD,,,1,,,,,Y,,,,,,,,,,Y,Y,,FRONT,,,,,,,,,,,,,,,,,,,,,,,,,,,,,,,,,
2132885,ca8522abb6e016ca09db9018b95694eb6c825402f29f7d46d82f8efae320b27dbe541ff6e84a4860e0ccef6226313d7756590f07ee65b883e17ce8003ced57f0,08/20/2025 04:50:00 PM,2,DRIVER,2,2033224,,JEEP,WRANGLER,IL,2024,NONE,SPORT UTILITY VEHICLE (SUV),PERSONAL,S,STRAIGHT AHEAD,,,3,,,,,,,,,,Y,Y,,,,,,,REAR-LEFT-CORNER,,,,,,,,,,,,,,,,,,,,,,,,,,,,,,,,,
2133083,d5523ef2fa5b77f6c841e27cecb686566285a7f976fcf8be3e2415192a01f9deaea98a550c3e1c86482fe33a0cb1102ccb1204088f14a7135b598169d3d1e7a0,08/20/2025 04:50:00 PM,1,DRIVER,,2033401,,TOYOTA,COROLLA,IL,2007,NONE,PASSENGER,PERSONAL,N,STRAIGHT AHEAD,,,1,,,,,,,,,,,,,,,,Y,,FRONT,,,,,,,,,,,,,,,,,,,,,,,,,,,,,,,,,
2133084,d5523ef2fa5b77f6c841e27cecb686566285a7f976fcf8be3e2415192a01f9deaea98a550c3e1c86482fe33a0cb1102ccb1204088f14a7135b598169d3d1e7a0,08/20/2025 04:50:00 PM,2,DRIVER,,2033408,,VOLVO,XC70,IL,2008,NONE,PASSENGER,PERSONAL,N,SLOW/STOP IN TRAFFIC,,,1,,,,,,,,,,Y,,,,,,,,REAR,,,,,,,,,,,,,,,,,,,,,,,,,,,,,,,,,
2132917,d896a9d8c3afa6dc5087904c8947fe823d7461556de754abfa2d96d63cb6db8306295ad6e0ee5566ad092650565221fce5073e345fb2dbb9ac0191f8c4168868,08/20/2025 04:48:00 PM,1,DRIVER,,2033263,,NISSAN,ROGUE,IL,,UNKNOWN,SPORT UTILITY VEHICLE (SUV),PERSONAL,S,STRAIGHT AHEAD,,,1,,,,,Y,,,,,,,,,,Y,Y,,FRONT,,,,,,,,,,,,,,,,,,,,,,,,,,,,,,,,,
2132918,d896a9d8c3afa6dc5087904c8947fe823d7461556de754abfa2d96d63cb6db8306295ad6e0ee5566ad092650565221fce5073e345fb2dbb9ac0191f8c4168868,08/20/2025 04:48:00 PM,2,DRIVER,,2033273,,DODGE,RAM 1500 PU,IL,,UNKNOWN,PICKUP,PERSONAL,W,STRAIGHT AHEAD,,,1,,,,,,,,,,,Y,Y,,,,,,SIDE-LEFT-REAR,,,,,,,,,,,,,,,,,,,,,,,,,,,,,,,,,
2133005,d95dfe28e9e9bf2a0294deff66a21d044cc46127966aab619411bdc18034c4cd5120ecb9d480466e19f48d36a3bcc19efedbfdde5a0b0b2b9015df5a68689e98,08/20/2025 04:45:00 PM,1,DRIVER,,2033338,,LINCOLN,MKZ,IL,2008,UNKNOWN,PASSENGER,UNKNOWN/NA,W,STRAIGHT AHEAD,,,1,,,,,,,,,,,,,,,,Y,,FRONT,,,,,,,,,,,,,,,,,,,,,,,,,,,,,,,,,
2133006,d95dfe28e9e9bf2a0294deff66a21d044cc46127966aab619411bdc18034c4cd5120ecb9d480466e19f48d36a3bcc19efedbfdde5a0b0b2b9015df5a68689e98,08/20/2025 04:45:00 PM,2,DRIVER,,2033346,,JEEP,WRANGLER,IL,2018,UNKNOWN,SPORT UTILITY VEHICLE (SUV),UNKNOWN/NA,W,SLOW/STOP IN TRAFFIC,,,1,,,,,,,,,,Y,,,,,,,,REAR,,,,,,,,,,,,,,,,,,,,,,,,,,,,,,,,,
2132886,2b1ae7d05ba4dac0a12742c8cce142954bcdd83533ca69fdabd50787cfe97a0caf2fef58b3114b747e16da37bcc2bcc1c55194cf066d53d62ee41b85502e9351,08/20/2025 04:41:00 PM,1,DRIVER,,2033222,Y,NOVA BUS,OTHER (EXPLAIN IN NARRATIVE),,,NONE,BUS OVER 15 PASS.,CTA,E,TURNING LEFT,,,1,,,,,,,,,,,Y,Y,Y,,,,,SIDE-LEFT-REAR,,,,,,,,,,,,,,,,,,,,,,,,,,,,,,,,,
2132887,2b1ae7d05ba4dac0a12742c8cce142954bcdd83533ca69fdabd50787cfe97a0caf2fef58b3114b747e16da37bcc2bcc1c55194cf066d53d62ee41b85502e9351,08/20/2025 04:41:00 PM,2,DRIVER,,2033229,,JEEP,GRAND CHEROKEE,TX,2024,NONE,PASSENGER,PERSONAL,W,STRAIGHT AHEAD,,,1,,,,,,,,,,,,,,Y,Y,Y,,FRONT-LEFT-CORNER,,,,,,,,,,,,,,,,,,,,,,,,,,,,,,,,,
2132906,56b489bf4bf279cd4d81c30a5f4094abb75df05e058e8c699df2528321325adcb2dc855b6f4e69c50affa2abb0037ca4ae116818ee53443129feca6bc2640140,08/20/2025 04:40:00 PM,1,DRIVER,,2033242,,UNKNOWN,OTHER (EXPLAIN IN NARRATIVE),IL,,UNKNOWN,PASSENGER,UNKNOWN/NA,N,OTHER,,,1,,,,,,,,,,,,Y,Y,Y,,,,SIDE-LEFT,,,,,,,,,,,,,,,,,,,,,,,,,,,,,,,,,
2132907,56b489bf4bf279cd4d81c30a5f4094abb75df05e058e8c699df2528321325adcb2dc855b6f4e69c50affa2abb0037ca4ae116818ee53443129feca6bc2640140,08/20/2025 04:40:00 PM,2,DRIVER,,2033244,,HONDA,CR-V,IL,2015,NONE,PASSENGER,PERSONAL,E,STRAIGHT AHEAD,,,1,,,,,Y,,,,,,,,,,Y,Y,,FRONT,,,,,,,,,,,,,,,,,,,,,,,,,,,,,,,,,
2132858,61af03e1e9aff1cd2c0ec5e5eac556c02a6eab0c680e0d75f17ba846272188952d58f9f2fc1690c4fac82cb33beb5f018780137aa18f10466995998075c67722,08/20/2025 04:40:00 PM,1,DRIVER,,2033179,,UNKNOWN,OTHER (EXPLAIN IN NARRATIVE),,,UNKNOWN,PICKUP,PERSONAL,N,STRAIGHT AHEAD,,,1,,,,,,,,,,,,,,,,Y,,UNKNOWN,,,,,,,,,,,,,,,,,,,,,,,,,,,,,,,,,
2132859,61af03e1e9aff1cd2c0ec5e5eac556c02a6eab0c680e0d75f17ba846272188952d58f9f2fc1690c4fac82cb33beb5f018780137aa18f10466995998075c67722,08/20/2025 04:40:00 PM,2,DRIVER,2,2033192,,HYUNDAI,ELANTRA,IL,2012,UNKNOWN,PASSENGER,PERSONAL,N,STRAIGHT AHEAD,,,3,,,,,,,,,,Y,,,,,,,,REAR,,,,,,,,,,,,,,,,,,,,,,,,,,,,,,,,,
2132850,90f37ab7048e6bfbc5e78a75b5f08fc1276b7c56b5e7ab52fbfa7f6be6d8f4ab23889ebcc5b2c11035ac2a2bcc7af758fcd6d9511bb94a9cab2f9a38e00ef26e,08/20/2025 04:40:00 PM,1,BICYCLE,,,,,,,,,,,,,,,,,,,,,,,,,,,,,,,,,,,,,,,,,,,,,,,,,,,,,,,,,,,,,,,,,,
2132851,90f37ab7048e6bfbc5e78a75b5f08fc1276b7c56b5e7ab52fbfa7f6be6d8f4ab23889ebcc5b2c11035ac2a2bcc7af758fcd6d9511bb94a9cab2f9a38e00ef26e,08/20/2025 04:40:00 PM,2,DRIVER,,2033183,,SUBARU,WRX,IL,2017,NONE,PASSENGER,PERSONAL,E,TURNING RIGHT,,,1,,,,,,,Y,,,,,,,,,,,FRONT-RIGHT-CORNER,,,,,,,,,,,,,,,,,,,,,,,,,,,,,,,,,
2132960,9a17a00da42df2043fce32dfc1213b344146a04e43c904ba2eb98f463ab9b3b4e2f773db1d5a9393563a5942f22d9b45fee50f8e5de265d0cf34417e6f64e58b,08/20/2025 04:40:00 PM,1,DRIVER,,2033299,,HONDA,CR-V,IL,2013,UNKNOWN,SPORT UTILITY VEHICLE (SUV),UNKNOWN/NA,N,U-TURN,,,1,,,,,Y,Y,Y,Y,Y,,,,,,,,,SIDE-RIGHT,,,,,,,,,,,,,,,,,,,,,,,,,,,,,,,,,
2132961,9a17a00da42df2043fce32dfc1213b344146a04e43c904ba2eb98f463ab9b3b4e2f773db1d5a9393563a5942f22d9b45fee50f8e5de265d0cf34417e6f64e58b,08/20/2025 04:40:00 PM,2,DRIVER,,2033312,,HONDA,CR-V,IL,2012,UNKNOWN,SPORT UTILITY VEHICLE (SUV),PERSONAL,S,STRAIGHT AHEAD,,,1,,,,,,,,,,,,,,,Y,N,,FRONT-LEFT-CORNER,,,,,,,,,,,,,,,,,,,,,,,,,,,,,,,,,
2132880,3cd72a2078efd0a63ae8673447506ff2699295f9d03e938bf13de3d68b3a4bf47fda6d71e2de30ad644ef9f94e475af43f47af609c5e1263b9c02491e9eb8b8e,08/20/2025 04:30:00 PM,1,DRIVER,,2033218,,FORD,OTHER (EXPLAIN IN NARRATIVE),IL,2019,UNKNOWN,OTHER,OTHER,W,MERGING,,,1,,,,,,,,,,,,,Y,,,,,SIDE-LEFT,,,,,,,,,,,,,,,,,,,,,,,,,,,,,,,,,
2132881,3cd72a2078efd0a63ae8673447506ff2699295f9d03e938bf13de3d68b3a4bf47fda6d71e2de30ad644ef9f94e475af43f47af609c5e1263b9c02491e9eb8b8e,08/20/2025 04:30:00 PM,2,DRIVER,,2033211,,CHEVROLET,OTHER (EXPLAIN IN NARRATIVE),IL,2010,UNKNOWN,OTHER,OTHER,W,STRAIGHT AHEAD,,,1,,,,,,Y,,,,,,,,,,,,SIDE-RIGHT,,,,,,,,,,,,,,,,,,,,,,,,,,,,,,,,,
2132896,59f2b18557b083af1e236ea400a8507d1d38aa4e261132d91f03b21f1dbbfa05b59179ed7528a5207b57c5b553114b5f1ca071aed5681ef7b21013bdbdb815f2,08/20/2025 04:30:00 PM,1,DRIVER,,2033235,,FORD,FOCUS,IN,2011,NONE,PASSENGER,PERSONAL,W,PASSING/OVERTAKING,,,1,,,,,,Y,,,,,,,,,,,N,SIDE-RIGHT,,,,,,,,,,,,,,,,,,,,,,,,,,,,,,,,,
2132897,59f2b18557b083af1e236ea400a8507d1d38aa4e261132d91f03b21f1dbbfa05b59179ed7528a5207b57c5b553114b5f1ca071aed5681ef7b21013bdbdb815f2,08/20/2025 04:30:00 PM,2,DRIVER,,2033247,,HONDA,HR-V,IL,2019,NONE,PASSENGER,PERSONAL,W,STRAIGHT AHEAD,,,1,,,,,,,,,,,Y,Y,,,,,,SIDE-LEFT,,,,,,,,,,,,,,,,,,,,,,,,,,,,,,,,,
2132873,ecb6851518e9806e04f9b6a4d0db0cd04603b5b263352f763f419d88aa7426765d1fbb28763a6343ebafe4f169eddc79a914fd300bf62a4b249f1fc26007df6b,08/20/2025 04:30:00 PM,1,DRIVER,,2033203,,CHRYSLER,300,IL,2007,UNKNOWN,PASSENGER,UNKNOWN/NA,N,TURNING RIGHT,,,1,,,,,,,,,,,,,,,,,Y,UNKNOWN,,,,,,,,,,,,,,,,,,,,,,,,,,,,,,,,,
2132874,ecb6851518e9806e04f9b6a4d0db0cd04603b5b263352f763f419d88aa7426765d1fbb28763a6343ebafe4f169eddc79a914fd300bf62a4b249f1fc26007df6b,08/20/2025 04:30:00 PM,2,DRIVER,,2033212,,FORD,TRANSIT,IL,2020,UNKNOWN,PICKUP,OTHER,E,STRAIGHT AHEAD,,,1,,,,,,,,Y,Y,,,,,,,,,REAR-RIGHT-CORNER,,,,,,,,,,,,,,,,,,,,,,,,,,,,,,,,,
2132848,8f13abdc56c3ece1bfd450cbec4816ff49e0a54d9ab0444aec15ab807841c0bec60bebe45e919cb21718cc44d923f92193c619c137789a315cf919563bf3db6a,08/20/2025 04:25:00 PM,1,DRIVER,2,2033176,,NISSAN,ALTIMA,IL,2021,NONE,PASSENGER,PERSONAL,NE,TURNING LEFT,,,3,,,,,Y,,,,,,,,,,Y,Y,,FRONT,,,,,,,,,,,,,,,,,,,,,,,,,,,,,,,,,
2132849,8f13abdc56c3ece1bfd450cbec4816ff49e0a54d9ab0444aec15ab807841c0bec60bebe45e919cb21718cc44d923f92193c619c137789a315cf919563bf3db6a,08/20/2025 04:25:00 PM,2,DRIVER,,2033185,,INFINITI,G25,IL,2011,NONE,PASSENGER,PERSONAL,W,STRAIGHT AHEAD,,,1,,,,,,,,,,,,,Y,Y,Y,,,SIDE-LEFT-FRONT,,,,,,,,,,,,,,,,,,,,,,,,,,,,,,,,,
2132890,c87014c90b27aca924860a138fa7b8c307498d405f3ac9bf2dc18b2f1748a100ea1bce730ed1bdd58b78169804c4b8643b9ce8f13bc9835d823dc7138b75854a,08/20/2025 04:25:00 PM,1,DRIVER,,2033220,,UNKNOWN,OTHER (EXPLAIN IN NARRATIVE),,,UNKNOWN,TRUCK - SINGLE UNIT,UNKNOWN/NA,W,TURNING LEFT,,,1,,,,,,,,,,,,Y,Y,Y,Y,,N,SIDE-LEFT,,,,,,,,,,,,,,,,,,,,,,,,,,,,,,,,,
2132891,c87014c90b27aca924860a138fa7b8c307498d405f3ac9bf2dc18b2f1748a100ea1bce730ed1bdd58b78169804c4b8643b9ce8f13bc9835d823dc7138b75854a,08/20/2025 04:25:00 PM,2,DRIVER,,2033225,,BUICK,ENCORE,IL,2013,NONE,PASSENGER,PERSONAL,W,TURNING LEFT,,,1,,,,,,Y,Y,Y,,,,,,,,,,SIDE-RIGHT,,,,,,,,,,,,,,,,,,,,,,,,,,,,,,,,,
2132831,3e99a2a75357fd0b742b13dfd720cfcdd66991d9c3fee90b56fd39f858cb82d8ccf3be77a589f2ea0f3d0d320799c343036fd0a093a058d220377455cae6414e,08/20/2025 04:20:00 PM,1,DRIVER,,2033154,,MITSUBISHI,ENDEAVOR,IL,2008,NONE,SPORT UTILITY VEHICLE (SUV),PERSONAL,SE,STRAIGHT AHEAD,,,1,,,,,Y,,,,,,,,,,Y,Y,,FRONT,,,,,,,,,,,,,,,,,,,,,,,,,,,,,,,,,
2132832,3e99a2a75357fd0b742b13dfd720cfcdd66991d9c3fee90b56fd39f858cb82d8ccf3be77a589f2ea0f3d0d320799c343036fd0a093a058d220377455cae6414e,08/20/2025 04:20:00 PM,2,DRIVER,,2033160,,HONDA,CIVIC,IL,2012,NONE,PASSENGER,PERSONAL,E,STRAIGHT AHEAD,,,1,,,,,,,,,,,Y,Y,Y,,,,,SIDE-LEFT,,,,,,,,,,,,,,,,,,,,,,,,,,,,,,,,,
2135801,54e0c151c388c9ff39ad9f8490baf36e00a594f14b293d1ed73f8a6e4fe91340b776492e70866dfe57968ec998d5bdf9a8f6f9c09330f81d3579dfe264c2bbc2,08/20/2025 04:10:00 PM,1,DRIVER,4,2036006,,TOYOTA,COROLLA,IL,2023,NONE,PASSENGER,RIDESHARE SERVICE,W,STRAIGHT AHEAD,,,5,,,,,Y,,,,,,,,,,,,,FRONT-RIGHT-CORNER,,,,,,,,,,,,,,,,,,,,,,,,,,,,,,,,,
2135802,54e0c151c388c9ff39ad9f8490baf36e00a594f14b293d1ed73f8a6e4fe91340b776492e70866dfe57968ec998d5bdf9a8f6f9c09330f81d3579dfe264c2bbc2,08/20/2025 04:10:00 PM,2,DRIVER,2,2036007,,MERCEDES-BENZ,250 SERIES,IL,2019,UNKNOWN,PASSENGER,UNKNOWN/NA,S,STRAIGHT AHEAD,Y,,3,,CITY OF CHICAG,AUTO POUND,,,,,,,,,,,,Y,,,FRONT-LEFT-CORNER,,,,,,,,,,,,,,,,,,,,,,,,,,,,,,,,,
2132860,70a818decc680cb88f566c7b82c488d16814c5a254f2b933c453e67f7b0a280c27f0773badb714f4cbd48d04d2915dc3b25c7cf00708bb46fb7bb88d7eeec50b,08/20/2025 04:09:00 PM,1,DRIVER,,2033188,,KIA,SOUL,IL,2023,UNKNOWN,PASSENGER,OTHER,W,OTHER,,,1,,,,,,,,,,,,,,Y,Y,,,UNKNOWN,,,,,,,,,,,,,,,,,,,,,,,,,,,,,,,,,
2132861,70a818decc680cb88f566c7b82c488d16814c5a254f2b933c453e67f7b0a280c27f0773badb714f4cbd48d04d2915dc3b25c7cf00708bb46fb7bb88d7eeec50b,08/20/2025 04:09:00 PM,2,DRIVER,2,2033216,,HONDA,CIVIC,IL,2020,UNKNOWN,PASSENGER,PERSONAL,N,OTHER,,,3,,,,,Y,Y,,,,,,,,,,,,UNKNOWN,,,,,,,,,,,,,,,,,,,,,,,,,,,,,,,,,
2134118,c5ac108f7b0c6d4ce7b779cf4d0b2aca262c3f2c4a1fbf0918f6479c6a5eb183b19fe32e4ab002c049141f37cc62a136a1510aceecb6822e4ba27d1e701f4950,08/20/2025 04:08:00 PM,1,DRIVER,,2034390,,NISSAN,X-TERRA,IL,2014,UNKNOWN,SPORT UTILITY VEHICLE (SUV),PERSONAL,UNKNOWN,OTHER,,,1,,,,,,,,,,,,,,,,,Y,UNKNOWN,,,,,,,,,,,,,,,,,,,,,,,,,,,,,,,,,