CRASH_UNIT_ID,CRASH_RECORD_ID,CRASH_DATE,UNIT_NO,UNIT_TYPE,NUM_PASSENGERS,VEHICLE_ID,CMRC_VEH_I,MAKE,MODEL,LIC_PLATE_STATE,VEHICLE_YEAR,VEHICLE_DEFECT,VEHICLE_TYPE,VEHICLE_USE,TRAVEL_DIRECTION,MANEUVER,TOWED_I,FIRE_I,OCCUPANT_CNT,EXCEED_SPEED_LIMIT_I,TOWED_BY,TOWED_TO,AREA_00_I,AREA_01_I,AREA_02_I,AREA_03_I,AREA_04_I,AREA_05_I,AREA_06_I,AREA_07_I,AREA_08_I,AREA_09_I,AREA_10_I,AREA_11_I,AREA_12_I,AREA_99_I,FIRST_CONTACT_POINT,CMV_ID,USDOT_NO,CCMC_NO,ILCC_NO,COMMERCIAL_SRC,GVWR,CARRIER_NAME,CARRIER_STATE,CARRIER_CITY,HAZMAT_PLACARDS_I,HAZMAT_NAME,UN_NO,HAZMAT_PRESENT_I,HAZMAT_REPORT_I,HAZMAT_REPORT_NO,MCS_REPORT_I,MCS_REPORT_NO,HAZMAT_VIO_CAUSE_CRASH_I,MCS_VIO_CAUSE_CRASH_I,IDOT_PERMIT_NO,WIDE_LOAD_I,TRAILER1_WIDTH,TRAILER2_WIDTH,TRAILER1_LENGTH,TRAILER2_LENGTH,TOTAL_VEHICLE_LENGTH,AXLE_CNT,VEHICLE_CONFIG,CARGO_BODY_TYPE,LOAD_TYPE,HAZMAT_OUT_OF_SERVICE_I,MCS_OUT_OF_SERVICE_I,HAZMAT_CLASS
2133033,219576f3c812effd73caae2e9e41fb5ecf3696ed9b519cbe56471713d784fbf8747ed7fae962c35a7dd479fd1e787a2c4e61a777f385119640529606e5d301dc,08/20/2025 04:05:00 PM,1,DRIVER,,2033359,,FORD,FUSION,IL,,UNKNOWN,UNKNOWN/NA,UNKNOWN/NA,S,STRAIGHT AHEAD,,,1,,,,,,,,,,Y,,,,,,,,REAR,,,,,,,,,,,,,,,,,,,,,,,,,,,,,,,,,
2133034,219576f3c812effd73caae2e9e41fb5ecf3696ed9b519cbe56471713d784fbf8747ed7fae962c35a7dd479fd1e787a2c4e61a777f385119640529606e5d301dc,08/20/2025 04:05:00 PM,2,DRIVER,,2033361,,HONDA,CR-V,IL,,UNKNOWN,UNKNOWN/NA,UNKNOWN/NA,S,STRAIGHT AHEAD,,,1,,,,,,,,,,Y,,,,,,,,REAR,,,,,,,,,,,,,,,,,,,,,,,,,,,,,,,,,
2132821,f0805cb77d79caa25d1e806897c3b7b47c712432cc3592badab482a14d57e7a54bcf8c776ec518d965e89f4ac84df213b8d8a6fa7793b6bb74c109c4b4a98ce2,08/20/2025 04:03:00 PM,1,DRIVER,,2033148,,GENERAL MOTORS CORPORATION (GMC),ENVOY,IL,2006,NONE,PASSENGER,PERSONAL,S,STRAIGHT AHEAD,,,1,,,,,,,,,,,,,,,,,Y,UNKNOWN,,,,,,,,,,,,,,,,,,,,,,,,,,,,,,,,,
2132822,f0805cb77d79caa25d1e806897c3b7b47c712432cc3592badab482a14d57e7a54bcf8c776ec518d965e89f4ac84df213b8d8a6fa7793b6bb74c109c4b4a98ce2,08/20/2025 04:03:00 PM,2,DRIVER,,2033155,,FORD,EXPLORER,IL,2020,NONE,PASSENGER,PERSONAL,S,STRAIGHT AHEAD,,,1,,,,,,,Y,Y,,,,,,,,,,SIDE-RIGHT,,,,,,,,,,,,,,,,,,,,,,,,,,,,,,,,,
2132915,1efabae9942136e1b9fdbe0b64d314f942e5d496b5d63d78c34fa5d4a6d4156c9ba81561879f0a24e283f8d1b9cdce0f17eb109138c4845fae23724b716490f8,08/20/2025 04:01:00 PM,1,DRIVER,,2033243,,HONDA,CR-V,IL,,UNKNOWN,PASSENGER,UNKNOWN/NA,S,PASSING/OVERTAKING,,,1,,,,,,,,,,,,,,,,,Y,UNKNOWN,,,,,,,,,,,,,,,,,,,,,,,,,,,,,,,,,
2132916,1efabae9942136e1b9fdbe0b64d314f942e5d496b5d63d78c34fa5d4a6d4156c9ba81561879f0a24e283f8d1b9cdce0f17eb109138c4845fae23724b716490f8,08/20/2025 04:01:00 PM,2,DRIVER,,2033254,,SUBARU,IMPREZA,IL,,NONE,PASSENGER,PERSONAL,S,STRAIGHT AHEAD,,,1,,,,,,,,Y,,,,,,,,,,SIDE-RIGHT-REAR,,,,,,,,,,,,,,,,,,,,,,,,,,,,,,,,,
2137193,0256b393938794f775127e800bc921983a01da5c83c37b5a5f4f249b179c629919e17ac6ac2c2fd87d2dd69ee30465f1d2fab3917a93059019846de5e565cd42,08/20/2025 04:00:00 PM,2,DRIVER,,2037332,,FORD,OTHER (EXPLAIN IN NARRATIVE),IL,2019,NONE,VAN/MINI-VAN,UNKNOWN/NA,S,STRAIGHT AHEAD,,,1,,,,,,,,,,Y,,,,,,,,REAR,,,,,,,,,,,,,,,,,,,,,,,,,,,,,,,,,
2137194,0256b393938794f775127e800bc921983a01da5c83c37b5a5f4f249b179c629919e17ac6ac2c2fd87d2dd69ee30465f1d2fab3917a93059019846de5e565cd42,08/20/2025 04:00:00 PM,1,DRIVER,,2037333,,BUICK,LACROSSE,IL,2012,NONE,PASSENGER,PERSONAL,S,STRAIGHT AHEAD,,,1,,,,,,,,,,,,,,,,Y,,FRONT,,,,,,,,,,,,,,,,,,,,,,,,,,,,,,,,,
2133493,0c5ac83961d698acf7c59d1a4f011bcf1b80a89c510abc8c9dd42e90067bd33980769dcd6821e04d5136cf38fd4d272890d0221aa7132675306fc7ddf98f95cc,08/20/2025 04:00:00 PM,1,DRIVER,,2033789,,ACURA,ZDX,IL,2017,UNKNOWN,SPORT UTILITY VEHICLE (SUV),PERSONAL,UNKNOWN,CHANGING LANES,,,1,,,,,,,,,,,,,,Y,Y,,,FRONT-LEFT-CORNER,,,,,,,,,,,,,,,,,,,,,,,,,,,,,,,,,
2133494,0c5ac83961d698acf7c59d1a4f011bcf1b80a89c510abc8c9dd42e90067bd33980769dcd6821e04d5136cf38fd4d272890d0221aa7132675306fc7ddf98f95cc,08/20/2025 04:00:00 PM,2,DRIVER,,2033800,,NISSAN,SENTRA,CA,2022,UNKNOWN,PASSENGER,PERSONAL,UNKNOWN,STRAIGHT AHEAD,,,1,,,,,Y,Y,,,,,,,,,,,,FRONT-RIGHT-CORNER,,,,,,,,,,,,,,,,,,,,,,,,,,,,,,,,,
2132780,cb6d72931955a00cc050e994e6bbd40f34dcad4a8a17bb62fc91b83f732fb6ca3613e26c9809c081712c593a86dc30135e02ac43c78c6d7bf0054f80bf11d2e9,08/20/2025 04:00:00 PM,1,DRIVER,,2033132,,CHEVROLET,LUMINA,IL,,UNKNOWN,PASSENGER,PERSONAL,W,CHANGING LANES,,,1,,,,,,,,,,,,,Y,Y,Y,Y,,FRONT-LEFT-CORNER,,,,,,,,,,,,,,,,,,,,,,,,,,,,,,,,,
2132781,cb6d72931955a00cc050e994e6bbd40f34dcad4a8a17bb62fc91b83f732fb6ca3613e26c9809c081712c593a86dc30135e02ac43c78c6d7bf0054f80bf11d2e9,08/20/2025 04:00:00 PM,2,DRIVER,,2033119,,HONDA,ODYSSEY,IL,2013,NONE,VAN/MINI-VAN,PERSONAL,W,STRAIGHT AHEAD,,,1,,,,,Y,Y,Y,Y,Y,,,,,,,,,SIDE-RIGHT,,,,,,,,,,,,,,,,,,,,,,,,,,,,,,,,,
2132801,b828e1222490291cd282ebcf4a01d70ad1a701accbef5f99b1909ded54773e1ce890768ca9962bc1b94099b3b3484ba2ddfe9e24a238d7d8ff72f071949afb67,08/20/2025 03:56:00 PM,1,DRIVER,,2033131,,HONDA,OTHER (EXPLAIN IN NARRATIVE),,,UNKNOWN,PASSENGER,UNKNOWN/NA,W,STRAIGHT AHEAD,,,1,,,,,,,,,,,,Y,Y,N,,,,SIDE-LEFT,,,,,,,,,,,,,,,,,,,,,,,,,,,,,,,,,
2132802,b828e1222490291cd282ebcf4a01d70ad1a701accbef5f99b1909ded54773e1ce890768ca9962bc1b94099b3b3484ba2ddfe9e24a238d7d8ff72f071949afb67,08/20/2025 03:56:00 PM,2,DRIVER,,2033129,,AUDI,Q5,IL,,UNKNOWN,PASSENGER,PERSONAL,E,TURNING LEFT,,,1,,,,,Y,,,,,,,,,,Y,Y,,FRONT,,,,,,,,,,,,,,,,,,,,,,,,,,,,,,,,,
2132836,bfa0facc8788c93a479bf9ca103323cf8752d46fe1627d27337cbacb18190ac72ab8c1debd852601fa6cbd9ce6e5f7fd7ad30e031e967050fd7d6d5edb865053,08/20/2025 03:54:00 PM,1,DRIVER,1,2033156,,HYUNDAI,SONATA,IL,2011,NONE,PASSENGER,PERSONAL,W,ENTERING TRAFFIC LANE FROM PARKING,,,2,,,,,,,,,,,,,,,Y,,,FRONT-LEFT-CORNER,,,,,,,,,,,,,,,,,,,,,,,,,,,,,,,,,
2132837,bfa0facc8788c93a479bf9ca103323cf8752d46fe1627d27337cbacb18190ac72ab8c1debd852601fa6cbd9ce6e5f7fd7ad30e031e967050fd7d6d5edb865053,08/20/2025 03:54:00 PM,2,DRIVER,,2033162,,BMW,X5,IL,2018,NONE,SPORT UTILITY VEHICLE (SUV),PERSONAL,W,CHANGING LANES,,,1,,,,,Y,,,,,,,,,,,,,FRONT-RIGHT-CORNER,,,,,,,,,,,,,,,,,,,,,,,,,,,,,,,,,
2132817,224eefe8a44e53c27d075b74693e9ee88a31dbd31385dbfd85e352a2fae4b0685c26e80d44f56045b9c97b0715f09bc42b2d44e2e1fd6baff59006d64cbab928,08/20/2025 03:50:00 PM,1,DRIVER,,2033190,,FORD,EXPLORER,IL,2017,NONE,SPORT UTILITY VEHICLE (SUV),PERSONAL,N,CHANGING LANES,,,1,,,,,Y,Y,,,,,,,,,,,,FRONT-RIGHT-CORNER,,,,,,,,,,,,,,,,,,,,,,,,,,,,,,,,,
2132818,224eefe8a44e53c27d075b74693e9ee88a31dbd31385dbfd85e352a2fae4b0685c26e80d44f56045b9c97b0715f09bc42b2d44e2e1fd6baff59006d64cbab928,08/20/2025 03:50:00 PM,2,DRIVER,,2033196,,TOYOTA,COROLLA,,2014,NONE,PASSENGER,PERSONAL,N,SLOW/STOP IN TRAFFIC,,,1,,,,,,,,,,,Y,,,,,,,SIDE-LEFT-REAR,,,,,,,,,,,,,,,,,,,,,,,,,,,,,,,,,
2132808,56a1395ec409204c5b0ab88a81ed0700abdd4aa7b0ff514acd0a0b1db524e316988c28dcff8bd52d4142b11065358669eafb4b6dc9988fe9c8e1098fc337c8c8,08/20/2025 03:50:00 PM,1,DRIVER,1,2033182,,NISSAN,ALTIMA,IL,2013,NONE,PASSENGER,PERSONAL,S,PASSING/OVERTAKING,,,2,,,,,,,,,,,,,,,,,Y,SIDE-LEFT,,,,,,,,,,,,,,,,,,,,,,,,,,,,,,,,,
2132809,56a1395ec409204c5b0ab88a81ed0700abdd4aa7b0ff514acd0a0b1db524e316988c28dcff8bd52d4142b11065358669eafb4b6dc9988fe9c8e1098fc337c8c8,08/20/2025 03:50:00 PM,2,DRIVER,1,2033198,,MERCEDES-BENZ,ML350,IL,2015,NONE,SPORT UTILITY VEHICLE (SUV),PERSONAL,S,SLOW/STOP IN TRAFFIC,,,2,,,,,Y,Y,Y,,,,,,,,,,,SIDE-RIGHT,,,,,,,,,,,,,,,,,,,,,,,,,,,,,,,,,
2132803,888c0ee66e2f72bbceeeecfe477578375e59fc625eae819f58b77dd548817907fd1f34b64aceae30e008096bcae4a3ed6ffcb2d2b74be59778167822d5689135,08/20/2025 03:50:00 PM,1,DRIVER,,2033138,,CHEVROLET,EXPRESS,IL,2008,UNKNOWN,VAN/MINI-VAN,PERSONAL,E,TURNING RIGHT,,,1,,,,Y,,,,,,,,,,,,,,SIDE-RIGHT,,,,,,,,,,,,,,,,,,,,,,,,,,,,,,,,,
2132804,888c0ee66e2f72bbceeeecfe477578375e59fc625eae819f58b77dd548817907fd1f34b64aceae30e008096bcae4a3ed6ffcb2d2b74be59778167822d5689135,08/20/2025 03:50:00 PM,2,BICYCLE,,,,,,,,,,,,,,,,,,,,,,,,,,,,,,,,,,,,,,,,,,,,,,,,,,,,,,,,,,,,,,,,,,
2132888,da7ab2786ac44ff530ee10011a36f3ff0899da957dc79bf470a2bb7afa58747064b32b19d4ed5d5342db027c9ab4ddbf4019177232ea14f4333727d4aa38d8db,08/20/2025 03:50:00 PM,1,DRIVER,,2033223,,FORD,EXPLORER,IL,2013,UNKNOWN,SPORT UTILITY VEHICLE (SUV),PERSONAL,N,STRAIGHT AHEAD,,,1,,,,,Y,,,,,,,,,,Y,Y,,FRONT,,,,,,,,,,,,,,,,,,,,,,,,,,,,,,,,,
2132889,da7ab2786ac44ff530ee10011a36f3ff0899da957dc79bf470a2bb7afa58747064b32b19d4ed5d5342db027c9ab4ddbf4019177232ea14f4333727d4aa38d8db,08/20/2025 03:50:00 PM,2,DRIVER,,2033226,,UNKNOWN,OTHER (EXPLAIN IN NARRATIVE),,,UNKNOWN,PASSENGER,PERSONAL,N,STRAIGHT AHEAD,,,1,,,,,,,,,,,,,,,,,Y,REAR,,,,,,,,,,,,,,,,,,,,,,,,,,,,,,,,,
2132876,a6dcebad7f851dfa82f56b42280a604b3c38e75438f8752f810d52a54ab944778562ce5adafc1aa26006ddd97fa130379c79bb2ce76016083b4b43f6b6424ce9,08/20/2025 03:45:00 PM,1,DRIVER,1,2033214,,TOYOTA,CAMRY,IL,2007,NONE,PASSENGER,PERSONAL,W,TURNING LEFT,Y,,2,,TOWED BY OWNER,OWNERS ADDRESS,,Y,,,,,,,,,,,Y,,SIDE-RIGHT-FRONT,,,,,,,,,,,,,,,,,,,,,,,,,,,,,,,,,
2132877,a6dcebad7f851dfa82f56b42280a604b3c38e75438f8752f810d52a54ab944778562ce5adafc1aa26006ddd97fa130379c79bb2ce76016083b4b43f6b6424ce9,08/20/2025 03:45:00 PM,2,DRIVER,1,2033221,,TOYOTA,CAMRY,IL,1999,NONE,PASSENGER,PERSONAL,E,STRAIGHT AHEAD,,,2,,,,,,,,,,,,,,,Y,Y,,FRONT-LEFT-CORNER,,,,,,,,,,,,,,,,,,,,,,,,,,,,,,,,,
2132815,b465a8b72757f642346324f80f4c8c5cf4605832a48f2ad135676f54f61dcaa865640962f931cd50f715203c6f3db002ebe8f63df3881b9e8fca589b5a7f37b1,08/20/2025 03:45:00 PM,1,DRIVER,,2033146,,BUICK,ENCLAVE,IL,2018,UNKNOWN,PASSENGER,PERSONAL,S,STRAIGHT AHEAD,,,1,,,,,,,,,,,,,,,,,,UNKNOWN,,,,,,,,,,,,,,,,,,,,,,,,,,,,,,,,,
2132835,b465a8b72757f642346324f80f4c8c5cf4605832a48f2ad135676f54f61dcaa865640962f931cd50f715203c6f3db002ebe8f63df3881b9e8fca589b5a7f37b1,08/20/2025 03:45:00 PM,2,DRIVER,7,2033157,,CHEVROLET,EXPRESS,IL,2013,UNKNOWN,VAN/MINI-VAN,PERSONAL,S,STRAIGHT AHEAD,,,8,,,,,Y,,,,,,,,,,,,,UNKNOWN,,,,,,,,,,,,,,,,,,,,,,,,,,,,,,,,,
2132838,8b2c0ae14f3c5fcc6a9111a0f8cd2f9c108fe90a4cb2710f06d3a7d426fb9083527672037a682b644acd0b3c4d3f1dd138362b2cd50fde5284d14a48501225f2,08/20/2025 03:43:00 PM,1,DRIVER,2,2033161,,TOYOTA,COROLLA,IL,2024,NONE,PASSENGER,PERSONAL,E,STRAIGHT AHEAD,Y,,3,,personal tow,private tow,,,,,,,Y,,,,,,,,REAR,,,,,,,,,,,,,,,,,,,,,,,,,,,,,,,,,
2132839,8b2c0ae14f3c5fcc6a9111a0f8cd2f9c108fe90a4cb2710f06d3a7d426fb9083527672037a682b644acd0b3c4d3f1dd138362b2cd50fde5284d14a48501225f2,08/20/2025 03:43:00 PM,2,DRIVER,,2033178,,MERCEDES-BENZ,C-CLASS,IL,2014,NONE,PASSENGER,PERSONAL,E,STRAIGHT AHEAD,,,1,,,,,,,,,,,,,,,,Y,,FRONT,,,,,,,,,,,,,,,,,,,,,,,,,,,,,,,,,
2133061,67214e99b894734c344a2a94401ec6226780181c1115a747f1e77dbe4894f8e9f01dd6fa49fee37224814d3bdf0273be5c04eebe229f963787d8d63fab0d5aa0,08/20/2025 03:42:00 PM,1,DRIVER,,2033383,,SUBARU,CROSSTREK,IL,2023,UNKNOWN,SPORT UTILITY VEHICLE (SUV),PERSONAL,E,OTHER,,,1,,,,Y,,,,,,Y,,,,,,,,REAR,,,,,,,,,,,,,,,,,,,,,,,,,,,,,,,,,
2133062,67214e99b894734c344a2a94401ec6226780181c1115a747f1e77dbe4894f8e9f01dd6fa49fee37224814d3bdf0273be5c04eebe229f963787d8d63fab0d5aa0,08/20/2025 03:42:00 PM,2,DRIVER,,2033384,,TESLA,MODEL Y,IL,2022,UNKNOWN,PASSENGER,PERSONAL,E,STRAIGHT AHEAD,,,1,,,,,,,,,,,,,,,,Y,,FRONT,,,,,,,,,,,,,,,,,,,,,,,,,,,,,,,,,
2132956,e79474940f1601398b637623433b43965d81fe5d15b6e746ebae27460411ec5520e6f9982ed35f7e7182fd337b7e11f8f541d1032a3b5b2215ac94f1110a207d,08/20/2025 03:42:00 PM,1,NON-CONTACT VEHICLE,,,,,,,,,,,,,,,,,,,,,,,,,,,,,,,,,,,,,,,,,,,,,,,,,,,,,,,,,,,,,,,,,,
2132957,e79474940f1601398b637623433b43965d81fe5d15b6e746ebae27460411ec5520e6f9982ed35f7e7182fd337b7e11f8f541d1032a3b5b2215ac94f1110a207d,08/20/2025 03:42:00 PM,2,DRIVER,1,2033303,,HYUNDAI,SONATA,IL,2013,NONE,PASSENGER,PERSONAL,S,STRAIGHT AHEAD,,,2,,,,,,,Y,,,,,,,,,,,SIDE-RIGHT,,,,,,,,,,,,,,,,,,,,,,,,,,,,,,,,,
2132797,157bb8445a49684bfd1c086cda2f0db5e2cc868e118ef92ed7f9dee48a21592102232689f8c6f85a949f824d609cb8beca1db9f9ea700c437b66b8f7e8dda27e,08/20/2025 03:40:00 PM,1,DRIVER,,2033125,,CHEVROLET,CAVALIER,IL,2002,NONE,PASSENGER,PERSONAL,E,SLOW/STOP IN TRAFFIC,,,1,,,,,,,,,,,,,,,,Y,,FRONT,,,,,,,,,,,,,,,,,,,,,,,,,,,,,,,,,
2132798,157bb8445a49684bfd1c086cda2f0db5e2cc868e118ef92ed7f9dee48a21592102232689f8c6f85a949f824d609cb8beca1db9f9ea700c437b66b8f7e8dda27e,08/20/2025 03:40:00 PM,2,DRIVER,,2033140,,TOYOTA,OTHER (EXPLAIN IN NARRATIVE),IL,2015,NONE,SPORT UTILITY VEHICLE (SUV),PERSONAL,E,STRAIGHT AHEAD,,,1,,,,,,,,,,Y,,,,,,,,REAR,,,,,,,,,,,,,,,,,,,,,,,,,,,,,,,,,
2134003,22b0003d2426da81e4d6aaac505c5f1a5383c54bcb6be39b7ad78da477bfdbe765db79d7f32a65b7acced49140cb262bd4ef7f72263360060b17686c529deb21,08/20/2025 03:40:00 PM,1,DRIVER,,2034284,,TOYOTA,PRIUS,IL,2010,NONE,PASSENGER,UNKNOWN/NA,E,STRAIGHT AHEAD,,,1,,,,,Y,Y,,,,,,,,,,,,FRONT-RIGHT-CORNER,,,,,,,,,,,,,,,,,,,,,,,,,,,,,,,,,
2134004,22b0003d2426da81e4d6aaac505c5f1a5383c54bcb6be39b7ad78da477bfdbe765db79d7f32a65b7acced49140cb262bd4ef7f72263360060b17686c529deb21,08/20/2025 03:40:00 PM,2,DRIVER,,2034287,,LINCOLN,CORSAIR,IL,2021,NONE,SPORT UTILITY VEHICLE (SUV),PERSONAL,E,ENTERING TRAFFIC LANE FROM PARKING,,,1,,,,,,,,,,,,,,Y,Y,,,FRONT-LEFT-CORNER,,,,,,,,,,,,,,,,,,,,,,,,,,,,,,,,,
2132946,f9a55f09e53d6b19f8e9922d7ba4e40687c2995a36744ff4f57e860040db5709b8c6a0a991a34580d8c49d979e0e064d1351537d3546d358c6e5780fcb5d7457,08/20/2025 03:40:00 PM,1,DRIVER,,2033276,,HONDA,CR-V,,,NONE,SPORT UTILITY VEHICLE (SUV),PERSONAL,E,OTHER,,,1,,,,,,,,,,Y,,,,,,,,UNKNOWN,,,,,,,,,,,,,,,,,,,,,,,,,,,,,,,,,
2132947,f9a55f09e53d6b19f8e9922d7ba4e40687c2995a36744ff4f57e860040db5709b8c6a0a991a34580d8c49d979e0e064d1351537d3546d358c6e5780fcb5d7457,08/20/2025 03:40:00 PM,2,PARKED,,2033281,,CHEVROLET,CAMARO,IL,2018,NONE,PASSENGER,PERSONAL,E,PARKED,,,0,,,,,,,,,,,,,,,,Y,,FRONT,,,,,,,,,,,,,,,,,,,,,,,,,,,,,,,,,
2132865,ccd17fba964b1bfbb48120525b45908613d52f0f7f7d54bcf0533b6c57a3dd960f0d6ae818ac0702b992793ebf99bb38dfc5ee45ebc2431f607874b84b822e6e,08/20/2025 03:35:00 PM,1,DRIVER,,2033197,,LEXUS,ES300,IL,2000,NONE,PASSENGER,PERSONAL,S,ENTERING TRAFFIC LANE FROM PARKING,,,1,,,,,,,,,,,,,,,Y,,,FRONT-LEFT-CORNER,,,,,,,,,,,,,,,,,,,,,,,,,,,,,,,,,
2132866,ccd17fba964b1bfbb48120525b45908613d52f0f7f7d54bcf0533b6c57a3dd960f0d6ae818ac0702b992793ebf99bb38dfc5ee45ebc2431f607874b84b822e6e,08/20/2025 03:35:00 PM,2,DRIVER,,2033210,,TOYOTA,COROLLA,IL,2016,NONE,PASSENGER,PERSONAL,S,STRAIGHT AHEAD,,,1,,,,,Y,,,,,,,,,,,,,FRONT-RIGHT-CORNER,,,,,,,,,,,,,,,,,,,,,,,,,,,,,,,,,
2132852,e1958c988ea02e260e736d09b6aff5ed60d0c1c42726972754b024effa765dd5ff5d8869d833f0651c5833115e7f2a0ec4d296363ddf4de1940d7e2a8c1fb2f9,08/20/2025 03:31:00 PM,1,DRIVER,,2033189,,TOYOTA,RAV4,IL,2021,NONE,PASSENGER,PERSONAL,E,STRAIGHT AHEAD,,,1,,,,,,,,,,,,,,Y,Y,Y,,FRONT-LEFT-CORNER,,,,,,,,,,,,,,,,,,,,,,,,,,,,,,,,,
2132853,e1958c988ea02e260e736d09b6aff5ed60d0c1c42726972754b024effa765dd5ff5d8869d833f0651c5833115e7f2a0ec4d296363ddf4de1940d7e2a8c1fb2f9,08/20/2025 03:31:00 PM,2,DRIVER,,2033204,,FORD,EXPLORER,IL,2015,NONE,PASSENGER,PERSONAL,W,STRAIGHT AHEAD,,,1,,,,,,,,,,,,,,Y,Y,Y,,FRONT-LEFT-CORNER,,,,,,,,,,,,,,,,,,,,,,,,,,,,,,,,,
2133471,17d458f8bc83cf9f8032e771648fce1fd24f7a22b636d7fd72e1692ad671bdf43d8c4b6d93144bd2d1a3861775ade3f55127ddb3258be9e481c375f8f34c3523,08/20/2025 03:30:00 PM,1,DRIVER,,2033772,,TOYOTA,RAV4,IL,2017,UNKNOWN,PASSENGER,PERSONAL,UNKNOWN,UNKNOWN/NA,,,1,,,,,,,,,,,,,Y,Y,Y,,,SIDE-LEFT,,,,,,,,,,,,,,,,,,,,,,,,,,,,,,,,,
2133472,17d458f8bc83cf9f8032e771648fce1fd24f7a22b636d7fd72e1692ad671bdf43d8c4b6d93144bd2d1a3861775ade3f55127ddb3258be9e481c375f8f34c3523,08/20/2025 03:30:00 PM,2,DRIVER,,2033779,,JEEP,GRAND CHEROKEE,IL,2018,UNKNOWN,PASSENGER,PERSONAL,UNKNOWN,UNKNOWN/NA,,,1,,,,,Y,Y,Y,Y,Y,,,,,,,Y,,FRONT-RIGHT-CORNER,,,,,,,,,,,,,,,,,,,,,,,,,,,,,,,,,
2133509,2cbbb53f151b05386f9d9865697ff772afc7d0ac53ee6dbb33d08b65e4f2adef09d406e149a891d3bdf4f893257bac7813cf08d0a609100d1e5cb636f15e5d06,08/20/2025 03:30:00 PM,1,DRIVER,,2033810,,UNKNOWN,ENCLOSED BODY,IN,2025,UNKNOWN,OTHER,COMMERCIAL - MULTI-UNIT,N,STRAIGHT AHEAD,,,1,,,,,,,Y,Y,,,,,,,,,,TOTAL (ALL AREAS),,,,,,,,,,,,,,,,,,,,,,,,,,,,,,,,,
2133510,2cbbb53f151b05386f9d9865697ff772afc7d0ac53ee6dbb33d08b65e4f2adef09d406e149a891d3bdf4f893257bac7813cf08d0a609100d1e5cb636f15e5d06,08/20/2025 03:30:00 PM,2,PARKED,,2033816,,KIA,SPORTAGE,OK,2025,NONE,PASSENGER,PERSONAL,UNKNOWN,PARKED,,,0,,,,,,,,,,,Y,Y,Y,Y,Y,,,TOTAL (ALL AREAS),,,,,,,,,,,,,,,,,,,,,,,,,,,,,,,,,
2132840,6b6b7276930c46fa1c51e6b84ae9b3dcadba11982550ff4e58b8af10ae21e3717f372ea33d74f69c80fc8d34d6d2185a6f8369b63822022d68d29858a3667d2b,08/20/2025 03:30:00 PM,1,DRIVER,,2033187,,SUBARU,ASCENT,IL,2024,UNKNOWN,PASSENGER,PERSONAL,W,STRAIGHT AHEAD,,,1,,,,,,,,,,,,,,,,,Y,SIDE-RIGHT,,,,,,,,,,,,,,,,,,,,,,,,,,,,,,,,,
2132841,6b6b7276930c46fa1c51e6b84ae9b3dcadba11982550ff4e58b8af10ae21e3717f372ea33d74f69c80fc8d34d6d2185a6f8369b63822022d68d29858a3667d2b,08/20/2025 03:30:00 PM,2,DRIVER,,2033206,Y,UNKNOWN,OTHER (EXPLAIN IN NARRATIVE),IL,,UNKNOWN,BUS OVER 15 PASS.,SCHOOL BUS,W,STRAIGHT AHEAD,,,1,,,,,,,,,,,Y,,,,,,,REAR-LEFT-CORNER,"22,040",,,,,,ILLINOIS CENTRAL TRUCK LEASING LLC--FIRM OWNED,IL,JOLIET,,,,N,N,,U,,N,N,,,,,,,,,BUS,BUS,OTHER,N,N,
2132819,738374013ae1716c05e94b69f83f74f1c8a2a698f64ca178d2973c416c3193cb1c978d8ace20c40619bb274d73aa6a28044ef72cbecb885ad3490f0d66a18b9f,08/20/2025 03:30:00 PM,1,DRIVER,,2033144,,CHEVROLET,OTHER (EXPLAIN IN NARRATIVE),IL,2002,NONE,PASSENGER,UNKNOWN/NA,N,BACKING,,,1,,,,,,,,,N,N,N,,,,,,,REAR,,,,,,,,,,,,,,,,,,,,,,,,,,,,,,,,,
2132820,738374013ae1716c05e94b69f83f74f1c8a2a698f64ca178d2973c416c3193cb1c978d8ace20c40619bb274d73aa6a28044ef72cbecb885ad3490f0d66a18b9f,08/20/2025 03:30:00 PM,2,PARKED,,2033170,,HONDA,OTHER (EXPLAIN IN NARRATIVE),IL,2024,NONE,PASSENGER,NOT IN USE,N,PARKED,,,0,,,,,Y,,,,,,,,,,Y,Y,,FRONT,,,,,,,,,,,,,,,,,,,,,,,,,,,,,,,,,
2132894,7bf8bc5b014de5e9831162f11577a42fcf723b314228cca0a54d69eac98b63277aaad1e6ddb6447e40822cad37c709e3d72a6a4927e2311eaf2c4f0fadcbe42e,08/20/2025 03:30:00 PM,1,DRIVER,,2033248,,TOYOTA,CAMRY,IL,2000,UNKNOWN,PASSENGER,PERSONAL,SW,TURNING LEFT,,,1,,,,,Y,,,,,,,,,,,Y,,FRONT-RIGHT-CORNER,,,,,,,,,,,,,,,,,,,,,,,,,,,,,,,,,