CRASH_UNIT_ID,CRASH_RECORD_ID,CRASH_DATE,UNIT_NO,UNIT_TYPE,NUM_PASSENGERS,VEHICLE_ID,CMRC_VEH_I,MAKE,MODEL,LIC_PLATE_STATE,VEHICLE_YEAR,VEHICLE_DEFECT,VEHICLE_TYPE,VEHICLE_USE,TRAVEL_DIRECTION,MANEUVER,TOWED_I,FIRE_I,OCCUPANT_CNT,EXCEED_SPEED_LIMIT_I,TOWED_BY,TOWED_TO,AREA_00_I,AREA_01_I,AREA_02_I,AREA_03_I,AREA_04_I,AREA_05_I,AREA_06_I,AREA_07_I,AREA_08_I,AREA_09_I,AREA_10_I,AREA_11_I,AREA_12_I,AREA_99_I,FIRST_CONTACT_POINT,CMV_ID,USDOT_NO,CCMC_NO,ILCC_NO,COMMERCIAL_SRC,GVWR,CARRIER_NAME,CARRIER_STATE,CARRIER_CITY,HAZMAT_PLACARDS_I,HAZMAT_NAME,UN_NO,HAZMAT_PRESENT_I,HAZMAT_REPORT_I,HAZMAT_REPORT_NO,MCS_REPORT_I,MCS_REPORT_NO,HAZMAT_VIO_CAUSE_CRASH_I,MCS_VIO_CAUSE_CRASH_I,IDOT_PERMIT_NO,WIDE_LOAD_I,TRAILER1_WIDTH,TRAILER2_WIDTH,TRAILER1_LENGTH,TRAILER2_LENGTH,TOTAL_VEHICLE_LENGTH,AXLE_CNT,VEHICLE_CONFIG,CARGO_BODY_TYPE,LOAD_TYPE,HAZMAT_OUT_OF_SERVICE_I,MCS_OUT_OF_SERVICE_I,HAZMAT_CLASS
2132895,7bf8bc5b014de5e9831162f11577a42fcf723b314228cca0a54d69eac98b63277aaad1e6ddb6447e40822cad37c709e3d72a6a4927e2311eaf2c4f0fadcbe42e,08/20/2025 03:30:00 PM,2,DRIVER,,2033258,,NISSAN,SENTRA,IL,2013,UNKNOWN,PASSENGER,UNKNOWN/NA,S,STRAIGHT AHEAD,,,1,,,,,,,,,,,Y,Y,Y,Y,Y,,,SIDE-LEFT,,,,,,,,,,,,,,,,,,,,,,,,,,,,,,,,,
2132919,e49081348ddf90bc546f7dc6151f5a7fc8d3b721eeeea27720d39faf519d8ea06a61688c03e778d84b76c7693e1f4a41d3ed8124943eb18ec575c42165b0ae7b,08/20/2025 03:30:00 PM,1,DRIVER,,2033249,,TOYOTA,HIGHLANDER,IL,,UNKNOWN,UNKNOWN/NA,UNKNOWN/NA,E,STRAIGHT AHEAD,,,1,,,,,,,,,,,,,,,,Y,,FRONT,,,,,,,,,,,,,,,,,,,,,,,,,,,,,,,,,
2132920,e49081348ddf90bc546f7dc6151f5a7fc8d3b721eeeea27720d39faf519d8ea06a61688c03e778d84b76c7693e1f4a41d3ed8124943eb18ec575c42165b0ae7b,08/20/2025 03:30:00 PM,2,DRIVER,,2033257,,CHEVROLET,COLORADO,IL,,UNKNOWN,UNKNOWN/NA,UNKNOWN/NA,E,STRAIGHT AHEAD,,,1,,,,,,,,,,Y,,,,,,,,REAR,,,,,,,,,,,,,,,,,,,,,,,,,,,,,,,,,
2133507,eca7eb673690dd3e11f35cd96af2309423fbe6848612df2f71eb928f4fe3dff4947318c3fa93e901dfa324cc555f5df6b665014d7abe9c664f783b337214e01d,08/20/2025 03:30:00 PM,1,DRIVER,,2033799,,NOVA BUS,OTHER (EXPLAIN IN NARRATIVE),IL,,UNKNOWN,PASSENGER,NOT IN USE,UNKNOWN,UNKNOWN/NA,,,1,,,,,,,,,,,Y,Y,,,,,,REAR-LEFT-CORNER,,,,,,,,,,,,,,,,,,,,,,,,,,,,,,,,,
2133508,eca7eb673690dd3e11f35cd96af2309423fbe6848612df2f71eb928f4fe3dff4947318c3fa93e901dfa324cc555f5df6b665014d7abe9c664f783b337214e01d,08/20/2025 03:30:00 PM,2,DRIVER,,2033805,,BUICK,LESABRE,MO,2003,UNKNOWN,PASSENGER,PERSONAL,UNKNOWN,UNKNOWN/NA,,,1,,,,,Y,Y,Y,Y,Y,,,,,,,,,SIDE-RIGHT,,,,,,,,,,,,,,,,,,,,,,,,,,,,,,,,,
2132807,3afe238c6f3a96c4409d19bceecb8b99a162ccb2d3f88491803b26e7067f6440913b503789fbec916c387fca152040da27d950559bd2e6e3d9699bb0dc4fb165,08/20/2025 03:23:00 PM,1,DRIVER,,2033152,,KENWORTH MOTOR TRUCK COMPANY,KENWORTH MOTOR TRUCK CO.,NB,2018,NONE,TRACTOR W/ SEMI-TRAILER,COMMERCIAL - SINGLE UNIT,W,TURNING RIGHT,,,1,,,,,,,,,,,,,,,,,,REAR-LEFT-CORNER,,,,,,,,,,,,,,,,,,,,,,,,,,,,,,,,,
2132789,616eba82602bd248dbeac64bad5de61955dacd393659b6f4a38a1fa2ad5c38d80d92f8eb462120d181d6a206c0c53d2cf9892ad6e74ed616a742d48d27a6a177,08/20/2025 03:20:00 PM,1,DRIVER,,2033121,,INFINITI,QX80,IL,2014,UNKNOWN,SPORT UTILITY VEHICLE (SUV),PERSONAL,S,TURNING LEFT,Y,,1,,UNKNOWN PRIVATE,UNKNOWN,,Y,,,,,,,,,Y,Y,Y,,FRONT-LEFT-CORNER,,,,,,,,,,,,,,,,,,,,,,,,,,,,,,,,,
2132790,616eba82602bd248dbeac64bad5de61955dacd393659b6f4a38a1fa2ad5c38d80d92f8eb462120d181d6a206c0c53d2cf9892ad6e74ed616a742d48d27a6a177,08/20/2025 03:20:00 PM,2,DRIVER,,2033128,,DODGE,RAM 1500 PU,IL,2014,UNKNOWN,PICKUP,PERSONAL,NW,STRAIGHT AHEAD,Y,,1,,UNKNOWN PRIVATE,UNKNOWN,,,,Y,Y,Y,,,,,,,,,SIDE-RIGHT,,,,,,,,,,,,,,,,,,,,,,,,,,,,,,,,,
2132913,8664ce6db2393bb59e9518b06d5219a083fa868bd404a966ce8595ec5c4fae1e2e67dfafc36b962d883cc72f63b4173d5b65403a375ead9e8bdabeea6503ba32,08/20/2025 03:20:00 PM,1,DRIVER,,2033256,,VOLKSWAGEN,JETTA,MN,2024,UNKNOWN,PASSENGER,OTHER,W,TURNING LEFT,,,1,,,,,Y,,,,,,,,,,,,,SIDE-RIGHT-FRONT,,,,,,,,,,,,,,,,,,,,,,,,,,,,,,,,,
2132914,8664ce6db2393bb59e9518b06d5219a083fa868bd404a966ce8595ec5c4fae1e2e67dfafc36b962d883cc72f63b4173d5b65403a375ead9e8bdabeea6503ba32,08/20/2025 03:20:00 PM,2,DRIVER,,2033246,,HONDA,CR-V,IL,2016,UNKNOWN,UNKNOWN/NA,OTHER,W,STRAIGHT AHEAD,,,1,,,,,,,,,,,,,,,Y,,,SIDE-LEFT-FRONT,,,,,,,,,,,,,,,,,,,,,,,,,,,,,,,,,
2132768,d38dace2e6ade9ce4c7b4b3cb4efba5f64c3d4a23c1753097793348b27b7803ffec0233e3adb991efaa4f9bc06d4719da2cde943ac09387204cbfbc80f11ef27,08/20/2025 03:20:00 PM,1,DRIVER,,2033103,,CHEVROLET,COLORADO,IL,2012,UNKNOWN,PICKUP,UNKNOWN/NA,S,STRAIGHT AHEAD,,,1,,,,,Y,,,,,,,,,,Y,Y,,FRONT,,,,,,,,,,,,,,,,,,,,,,,,,,,,,,,,,
2132769,d38dace2e6ade9ce4c7b4b3cb4efba5f64c3d4a23c1753097793348b27b7803ffec0233e3adb991efaa4f9bc06d4719da2cde943ac09387204cbfbc80f11ef27,08/20/2025 03:20:00 PM,2,DRIVER,,2033112,,CHEVROLET,TRAIL BLAZER,IL,2025,UNKNOWN,SPORT UTILITY VEHICLE (SUV),UNKNOWN/NA,S,SLOW/STOP IN TRAFFIC,,,1,,,,,,,,,Y,Y,Y,,,,,,,REAR,,,,,,,,,,,,,,,,,,,,,,,,,,,,,,,,,
2136539,5404f11d5a4efa38fc4ad0eaaf3972b483f38813db4bad7b9114b2c2a1bfeb076529d5fdaae6c0c3f27963454b40449af83452c7e58ee4af217ae8324e216faf,08/20/2025 03:17:00 PM,1,DRIVER,,2036726,,TESLA,MODEL X,IL,2023,NONE,PASSENGER,PERSONAL,S,STRAIGHT AHEAD,,,1,,,,,Y,Y,,,,,,,,,,,,SIDE-RIGHT,,,,,,,,,,,,,,,,,,,,,,,,,,,,,,,,,
2136540,5404f11d5a4efa38fc4ad0eaaf3972b483f38813db4bad7b9114b2c2a1bfeb076529d5fdaae6c0c3f27963454b40449af83452c7e58ee4af217ae8324e216faf,08/20/2025 03:17:00 PM,2,DRIVER,1,2036710,,CHEVROLET,EQUINOX,IL,2012,NONE,PASSENGER,PERSONAL,S,OTHER,,,2,,,,,,,,,,,,,Y,Y,,,,SIDE-LEFT,,,,,,,,,,,,,,,,,,,,,,,,,,,,,,,,,
2132921,8e39cf7dc643dccb8a10d56755a72c71c770f6dc0bb3d5bf6d0c1d9921bc3c64f4b972ebdecc2f43c1c2d49de19330e2dd9eae086f74d5134092c1cb344afe03,08/20/2025 03:16:00 PM,1,DRIVER,,2033250,,UNKNOWN,MOTORIZED,,,UNKNOWN,UNKNOWN/NA,UNKNOWN/NA,UNKNOWN,UNKNOWN/NA,,,1,,,,,,,,,,,,,,,,,,UNKNOWN,,,,,,,,,,,,,,,,,,,,,,,,,,,,,,,,,
2132922,8e39cf7dc643dccb8a10d56755a72c71c770f6dc0bb3d5bf6d0c1d9921bc3c64f4b972ebdecc2f43c1c2d49de19330e2dd9eae086f74d5134092c1cb344afe03,08/20/2025 03:16:00 PM,2,PARKED,,2033255,,TOYOTA,RAV4,IL,2020,NONE,PASSENGER,NOT IN USE,S,PARKED,,,0,,,,,Y,Y,Y,Y,Y,,,,,,,,,SIDE-RIGHT,,,,,,,,,,,,,,,,,,,,,,,,,,,,,,,,,
2132793,3255afc30e1918f8a0c1b9c2e9c6bf604235b7c7ba86e107651ee86ef90d32899bbcd7081bf6717e3a8b4f23c2fc7eab941aeab6c8ecad88ccd52224133a91b9,08/20/2025 03:15:00 PM,1,DRIVER,,2033117,,UNKNOWN,OTHER (EXPLAIN IN NARRATIVE),IL,,UNKNOWN,PASSENGER,PERSONAL,E,STRAIGHT AHEAD,,,1,,,,,,,,,,,,,,,,,Y,FRONT,,,,,,,,,,,,,,,,,,,,,,,,,,,,,,,,,
2132794,3255afc30e1918f8a0c1b9c2e9c6bf604235b7c7ba86e107651ee86ef90d32899bbcd7081bf6717e3a8b4f23c2fc7eab941aeab6c8ecad88ccd52224133a91b9,08/20/2025 03:15:00 PM,2,DRIVER,,2033126,,HONDA,INSIGHT,IL,2019,UNKNOWN,PASSENGER,PERSONAL,E,SLOW/STOP IN TRAFFIC,,,1,,,,,,,,,Y,Y,Y,,,,,,,REAR,,,,,,,,,,,,,,,,,,,,,,,,,,,,,,,,,
2132778,ce0cdcbe7c857f2a63dfcbb017353009b500c327c5347ba4966bc46d7a4a0fb2ad99050d15cf132172b0d229faf1ccda7d4eff844666d304cd8a72a168183cf8,08/20/2025 03:14:00 PM,1,DRIVER,1,2033123,,CHRYSLER,200,IL,2013,NONE,PASSENGER,PERSONAL,W,STRAIGHT AHEAD,,,2,,,,,,,,,,,,,,,,Y,,FRONT,,,,,,,,,,,,,,,,,,,,,,,,,,,,,,,,,
2132779,ce0cdcbe7c857f2a63dfcbb017353009b500c327c5347ba4966bc46d7a4a0fb2ad99050d15cf132172b0d229faf1ccda7d4eff844666d304cd8a72a168183cf8,08/20/2025 03:14:00 PM,2,DRIVER,,2033134,,SUBARU,CROSSTREK,IL,2021,NONE,PASSENGER,PERSONAL,W,SLOW/STOP IN TRAFFIC,,,1,,,,,,,,,,Y,Y,,,,,,,REAR,,,,,,,,,,,,,,,,,,,,,,,,,,,,,,,,,
2132810,096043c9a1cbb8a9e0a23f542147d952f20935bde6e0d346b253327b099a058b1c7b3131f675566a5304812f1e4af10e2f91346138021cadbc63c7d078ba3b0d,08/20/2025 03:10:00 PM,1,DRIVER,1,2033139,,KIA,SOUL,IL,2016,UNKNOWN,SPORT UTILITY VEHICLE (SUV),UNKNOWN/NA,S,CHANGING LANES,,,2,,,,,,,,,,,,,,,,Y,,FRONT-RIGHT-CORNER,,,,,,,,,,,,,,,,,,,,,,,,,,,,,,,,,
2132811,096043c9a1cbb8a9e0a23f542147d952f20935bde6e0d346b253327b099a058b1c7b3131f675566a5304812f1e4af10e2f91346138021cadbc63c7d078ba3b0d,08/20/2025 03:10:00 PM,2,DRIVER,,2033164,,TESLA,MODEL Y,IL,2024,UNKNOWN,PASSENGER,UNKNOWN/NA,S,CHANGING LANES,,,1,,,,,,,,,,,Y,Y,,,,,,UNKNOWN,,,,,,,,,,,,,,,,,,,,,,,,,,,,,,,,,
2132805,58e1810bef5d7a5becfd142efad4afdfb74ac13663f19b919b9d81ee32a853e77827e184ad5a8d617d3c19fdcb02a5574744efcdb529922c56e8c2efd6c74894,08/20/2025 03:10:00 PM,1,DRIVER,,2033147,,TOYOTA,MATRIX,IL,2003,UNKNOWN,PASSENGER,PERSONAL,N,PASSING/OVERTAKING,Y,,1,,CITY OF CHICAGO,CITY POUND,,Y,Y,N,,,,,,,,,,,FRONT-RIGHT-CORNER,,,,,,,,,,,,,,,,,,,,,,,,,,,,,,,,,
2132806,58e1810bef5d7a5becfd142efad4afdfb74ac13663f19b919b9d81ee32a853e77827e184ad5a8d617d3c19fdcb02a5574744efcdb529922c56e8c2efd6c74894,08/20/2025 03:10:00 PM,2,DRIVER,,2033174,,NISSAN,ROGUE,MD,2024,UNKNOWN,SPORT UTILITY VEHICLE (SUV),PERSONAL,N,STRAIGHT AHEAD,,,1,,,,,,,,,,,Y,Y,,,,,,SIDE-LEFT-REAR,,,,,,,,,,,,,,,,,,,,,,,,,,,,,,,,,
2132814,81ab600f1b155d8f7c3a71611b3fe66669bcc27650cc1ef337ef84aeadeca7b693b98f67720f51511c155881db870cb642328b854363704855965626ed7f3f40,08/20/2025 03:01:00 PM,1,DRIVER,,2033145,,HONDA,CR-V,IL,2018,NONE,SPORT UTILITY VEHICLE (SUV),PERSONAL,W,TURNING RIGHT,,,1,,,,,,,Y,Y,,,,,,,,,,SIDE-RIGHT,,,,,,,,,,,,,,,,,,,,,,,,,,,,,,,,,
2132863,96c8edb28de6e328fb8cc381c6170ee108f15ffd30effd328a2ff771dbeea48189b36cd49878fa42372bcae15d1a5e492f7dee60dd41ce97d43cb7f96ddc2c93,08/20/2025 03:00:00 PM,1,DRIVER,1,2033191,,NISSAN,PATHFINDER,IL,2014,UNKNOWN,SPORT UTILITY VEHICLE (SUV),UNKNOWN/NA,NE,TURNING LEFT,Y,,2,,PRIVATE TOW,,,,,Y,Y,Y,,,,,,,,,SIDE-RIGHT-REAR,,,,,,,,,,,,,,,,,,,,,,,,,,,,,,,,,
2132864,96c8edb28de6e328fb8cc381c6170ee108f15ffd30effd328a2ff771dbeea48189b36cd49878fa42372bcae15d1a5e492f7dee60dd41ce97d43cb7f96ddc2c93,08/20/2025 03:00:00 PM,2,DRIVER,,2033201,,CHEVROLET,SILVERADO,IL,2022,UNKNOWN,PICKUP,UNKNOWN/NA,SW,STRAIGHT AHEAD,Y,,1,,PRIVATE TOW,,,Y,Y,,,,,,,,,Y,Y,,FRONT-RIGHT-CORNER,,,,,,,,,,,,,,,,,,,,,,,,,,,,,,,,,
2132882,e9082848be01f1e07d3938a449e4e5bde989db7aacf2aab2886e192278443bd008167bf45f39513353c395726baf0eb78f88b577a96207ec48405eb518dd62da,08/20/2025 03:00:00 PM,1,DRIVER,,2033217,,DODGE,DURANGO,IL,2001,NONE,SPORT UTILITY VEHICLE (SUV),UNKNOWN/NA,W,MERGING,,,1,,,,,,,,,,,,,,,,,Y,UNKNOWN,,,,,,,,,,,,,,,,,,,,,,,,,,,,,,,,,
2132883,e9082848be01f1e07d3938a449e4e5bde989db7aacf2aab2886e192278443bd008167bf45f39513353c395726baf0eb78f88b577a96207ec48405eb518dd62da,08/20/2025 03:00:00 PM,2,DRIVER,1,2033219,,HONDA,CR-V,IL,2022,NONE,SPORT UTILITY VEHICLE (SUV),PERSONAL,W,STRAIGHT AHEAD,,,2,,,,,N,Y,Y,Y,Y,,,,,,,,,SIDE-RIGHT,,,,,,,,,,,,,,,,,,,,,,,,,,,,,,,,,
2132908,f17d24710ebdbff8b4738a5286f54490825cd320cdff2479b38fef187d4d3fc6a08c1208f44e0824a14535fdce5d6c58a513cfce2f25b12126ae039bd11d8812,08/20/2025 03:00:00 PM,1,DRIVER,,2033245,,VOLKSWAGEN,OTHER (EXPLAIN IN NARRATIVE),IL,2014,NONE,PASSENGER,PERSONAL,W,STRAIGHT AHEAD,,,1,,,,,Y,,,,,,,,,,Y,Y,,FRONT,,,,,,,,,,,,,,,,,,,,,,,,,,,,,,,,,
2132909,f17d24710ebdbff8b4738a5286f54490825cd320cdff2479b38fef187d4d3fc6a08c1208f44e0824a14535fdce5d6c58a513cfce2f25b12126ae039bd11d8812,08/20/2025 03:00:00 PM,2,DRIVER,,2033253,,CHEVROLET,MONTE CARLO,IL,1987,NONE,PASSENGER,PERSONAL,W,OTHER,,,1,,,,,,,,,,,,Y,Y,Y,,,,SIDE-LEFT,,,,,,,,,,,,,,,,,,,,,,,,,,,,,,,,,
2132762,01ee133b54737543e2222a66691eedf006fd397eb44ee627e7c48ab65c01588a4ddeb39e8d05271fa6959e27a685230d6efbef1d68b23c79a9182df40e73c33b,08/20/2025 02:57:00 PM,1,DRIVER,,2033099,,JEEP,COMPASS,,2012,UNKNOWN,PASSENGER,PERSONAL,S,STRAIGHT AHEAD,,,1,,,,,,,,,,,,,,,Y,Y,,UNKNOWN,,,,,,,,,,,,,,,,,,,,,,,,,,,,,,,,,
2132763,01ee133b54737543e2222a66691eedf006fd397eb44ee627e7c48ab65c01588a4ddeb39e8d05271fa6959e27a685230d6efbef1d68b23c79a9182df40e73c33b,08/20/2025 02:57:00 PM,2,DRIVER,,2033109,,KIA,FORTE,IL,2023,UNKNOWN,PASSENGER,PERSONAL,S,STRAIGHT AHEAD,,,1,,,,,,,,,Y,Y,Y,,,,,,,UNKNOWN,,,,,,,,,,,,,,,,,,,,,,,,,,,,,,,,,
2132939,3d15a1f968b29fcdecde5f3d9f5a7a7ee6579c3b0bec496d59b6c9220eb5e9dd2a6cd8f3e7de7be56bcf203c293da15aeabdbb63fa3745cf74db49746ce8c56f,08/20/2025 02:50:00 PM,1,DRIVER,,2033269,,TOYOTA,AVALON,IL,1997,UNKNOWN,PASSENGER,PERSONAL,N,STRAIGHT AHEAD,Y,,1,,,,,,,,,,,,Y,Y,Y,,,,SIDE-LEFT,,,,,,,,,,,,,,,,,,,,,,,,,,,,,,,,,
2132940,3d15a1f968b29fcdecde5f3d9f5a7a7ee6579c3b0bec496d59b6c9220eb5e9dd2a6cd8f3e7de7be56bcf203c293da15aeabdbb63fa3745cf74db49746ce8c56f,08/20/2025 02:50:00 PM,2,PARKED,,2033280,,FORD,FUSION,IL,2010,UNKNOWN,PASSENGER,PERSONAL,N,PARKED,Y,,0,,,,,,,,,,,,,,,,,Y,UNKNOWN,,,,,,,,,,,,,,,,,,,,,,,,,,,,,,,,,
2132941,3d15a1f968b29fcdecde5f3d9f5a7a7ee6579c3b0bec496d59b6c9220eb5e9dd2a6cd8f3e7de7be56bcf203c293da15aeabdbb63fa3745cf74db49746ce8c56f,08/20/2025 02:50:00 PM,3,PARKED,,2033286,,FORD,OTHER (EXPLAIN IN NARRATIVE),IN,2011,UNKNOWN,PICKUP,PERSONAL,N,PARKED,Y,,0,,,,,,,,,,,,,,,,,Y,UNKNOWN,,,,,,,,,,,,,,,,,,,,,,,,,,,,,,,,,
2133843,4289977e09cd4d7016018c847c257853630551a6b1a5bc5849967918276405fbfbd9166b5339c17793eeaf48359d5b266511d0424f570b53edfcf0184d011305,08/20/2025 02:50:00 PM,1,DRIVER,,2034127,,FORD,EXPLORER,IL,2001,UNKNOWN,UNKNOWN/NA,UNKNOWN/NA,W,STRAIGHT AHEAD,,,1,,,,,,,,,,,,Y,Y,N,N,,,UNKNOWN,,,,,,,,,,,,,,,,,,,,,,,,,,,,,,,,,
2133844,4289977e09cd4d7016018c847c257853630551a6b1a5bc5849967918276405fbfbd9166b5339c17793eeaf48359d5b266511d0424f570b53edfcf0184d011305,08/20/2025 02:50:00 PM,2,DRIVER,,2034128,,TOYOTA,COROLLA,IL,2022,NONE,PASSENGER,PERSONAL,E,STRAIGHT AHEAD,,,1,,,,,,,,,,,Y,Y,Y,Y,,,,SIDE-LEFT,,,,,,,,,,,,,,,,,,,,,,,,,,,,,,,,,
2132751,886f5940451df00c71edfd3b22ed2cab329b93617b2cffe2ac6b7b99608a4aad7ea6fda2b9e1a68cd1ca9553dea6cbe5aa1838cce6cb2672a08a061c099843bf,08/20/2025 02:50:00 PM,1,DRIVER,,2033088,,NISSAN,SENTRA,IL,2018,NONE,PASSENGER,PERSONAL,E,STRAIGHT AHEAD,,,1,,,,,Y,Y,,,,,,,,,,,,FRONT-RIGHT-CORNER,,,,,,,,,,,,,,,,,,,,,,,,,,,,,,,,,
2132752,886f5940451df00c71edfd3b22ed2cab329b93617b2cffe2ac6b7b99608a4aad7ea6fda2b9e1a68cd1ca9553dea6cbe5aa1838cce6cb2672a08a061c099843bf,08/20/2025 02:50:00 PM,2,DRIVER,1,2033096,,VOLKSWAGEN,113,IL,2023,NONE,SPORT UTILITY VEHICLE (SUV),PERSONAL,E,STRAIGHT AHEAD,,,2,,,,,,,,,,,,Y,Y,N,,,,SIDE-LEFT,,,,,,,,,,,,,,,,,,,,,,,,,,,,,,,,,
2133360,afea521010224a8342a4338dded21af9744797f3e8c8777c8a8ace939c04955a11550769a412c0736003a397c9e840c4cb9359f2c7f1004e4cce554ff7e957f4,08/20/2025 02:45:00 PM,1,DRIVER,,2033666,,UNKNOWN,OTHER (EXPLAIN IN NARRATIVE),,,UNKNOWN,PASSENGER,OTHER,S,STRAIGHT AHEAD,,,1,,,,,,,,,,,,,,Y,Y,Y,Y,UNKNOWN,,,,,,,,,,,,,,,,,,,,,,,,,,,,,,,,,
2133361,afea521010224a8342a4338dded21af9744797f3e8c8777c8a8ace939c04955a11550769a412c0736003a397c9e840c4cb9359f2c7f1004e4cce554ff7e957f4,08/20/2025 02:45:00 PM,2,DRIVER,,2033673,,CHEVROLET,EQUINOX,IL,2019,UNKNOWN,PASSENGER,PERSONAL,S,STRAIGHT AHEAD,,,1,,,,,Y,Y,,,,,,,,,,,Y,UNKNOWN,,,,,,,,,,,,,,,,,,,,,,,,,,,,,,,,,
2132745,c4c28ae457e9d6706a6f306e1a90ead60224913b277c4491d52a8d90975ff51b67396c6b28f723a5d8e36ad77306e609fc3e1a7c85418dad285167366f158aa6,08/20/2025 02:45:00 PM,1,DRIVER,,2033081,,MITSUBISHI,ECLIPSE,IL,2023,UNKNOWN,OTHER,UNKNOWN/NA,S,STRAIGHT AHEAD,,,1,,,,,,,,,,,,,,,,,Y,UNKNOWN,,,,,,,,,,,,,,,,,,,,,,,,,,,,,,,,,
2132746,c4c28ae457e9d6706a6f306e1a90ead60224913b277c4491d52a8d90975ff51b67396c6b28f723a5d8e36ad77306e609fc3e1a7c85418dad285167366f158aa6,08/20/2025 02:45:00 PM,2,DRIVER,,2033101,,MERCEDES-BENZ,C300,IL,2015,UNKNOWN,PASSENGER,PERSONAL,S,SLOW/STOP IN TRAFFIC,,,1,,,,,,,,,Y,Y,Y,,,,,,,REAR,,,,,,,,,,,,,,,,,,,,,,,,,,,,,,,,,
2132846,7205f8693d951f045fc2cac65071ec95a34f9562a7d1a4a25879f1aee3ddce254c6147a79d4a00df9d13d2088e661aab676f0a484f5beeac80d31a97c57646a4,08/20/2025 02:40:00 PM,1,DRIVER,,2033184,,TOYOTA,COROLLA,IL,2010,UNKNOWN,PASSENGER,PERSONAL,S,STRAIGHT AHEAD,,,1,,,,,,,,,,,,,,,Y,,,SIDE-LEFT-FRONT,,,,,,,,,,,,,,,,,,,,,,,,,,,,,,,,,
2132847,7205f8693d951f045fc2cac65071ec95a34f9562a7d1a4a25879f1aee3ddce254c6147a79d4a00df9d13d2088e661aab676f0a484f5beeac80d31a97c57646a4,08/20/2025 02:40:00 PM,2,PARKED,,2033171,,SCION,TC,IL,2010,UNKNOWN,PASSENGER,NOT IN USE,N,PARKED,,,0,,,,,,,Y,Y,Y,,,,,,,,,SIDE-RIGHT,,,,,,,,,,,,,,,,,,,,,,,,,,,,,,,,,
2136396,46540f004f282348173914e3a272c47dedd5e4aecf66556f547bbcd5fc94ea7ac68ac95a7fec1212897189c9e34d8c9ca04741bb8b1aca9cf366f0ee384bd28b,08/20/2025 02:30:00 PM,1,,,,,,,,,,,,,,,,,,,,,,,,,,,,,,,,,,,,,,,,,,,,,,,,,,,,,,,,,,,,,,,,,,,
2136397,46540f004f282348173914e3a272c47dedd5e4aecf66556f547bbcd5fc94ea7ac68ac95a7fec1212897189c9e34d8c9ca04741bb8b1aca9cf366f0ee384bd28b,08/20/2025 02:30:00 PM,2,PARKED,1,2036616,,BUICK,ENVISION,IL,2024,NONE,PASSENGER,PERSONAL,E,PARKED,,,1,,,,,,,,,,,,,,,Y,,,FRONT-LEFT-CORNER,,,,,,,,,,,,,,,,,,,,,,,,,,,,,,,,,
2136406,46540f004f282348173914e3a272c47dedd5e4aecf66556f547bbcd5fc94ea7ac68ac95a7fec1212897189c9e34d8c9ca04741bb8b1aca9cf366f0ee384bd28b,08/20/2025 02:30:00 PM,1,DRIVER,,2036600,,MAZDA,MAZDA6,IL,2016,NONE,PASSENGER,PERSONAL,E,LEAVING TRAFFIC LANE TO PARK,,,1,,,,,,Y,Y,,,,,,,,,,,SIDE-RIGHT-REAR,,,,,,,,,,,,,,,,,,,,,,,,,,,,,,,,,
2132812,64ba31d661f2a70b450036a58123d4348452761d472eb6bd3453f205b2791212b3d7713457be0195d61bcc945aab87a464ba700db844cd927eb03fcafc91e6dc,08/20/2025 02:30:00 PM,1,DRIVER,,2033153,,CHEVROLET,OTHER (EXPLAIN IN NARRATIVE),MO,,UNKNOWN,UNKNOWN/NA,UNKNOWN/NA,N,STRAIGHT AHEAD,,,1,,,,,,,,,,,,,,,,Y,,FRONT,,,,,,,,,,,,,,,,,,,,,,,,,,,,,,,,,
2132813,64ba31d661f2a70b450036a58123d4348452761d472eb6bd3453f205b2791212b3d7713457be0195d61bcc945aab87a464ba700db844cd927eb03fcafc91e6dc,08/20/2025 02:30:00 PM,2,DRIVER,,2033142,,SUBARU,FORESTER,IL,2023,UNKNOWN,PASSENGER,UNKNOWN/NA,N,STRAIGHT AHEAD,,,1,,,,,,,,,,Y,,,,,,,,REAR,,,,,,,,,,,,,,,,,,,,,,,,,,,,,,,,,
2132799,6611614ca9dca7f59a2f8faec18acb160a31958604827c80bbac92fb03f6082a8c26fc8dbcd0cf01a5b4426b954c63e50bd7f307c183c1d1f23081d810dce817,08/20/2025 02:30:00 PM,1,DRIVER,,2033141,,CHEVROLET,EQUINOX,IL,2013,UNKNOWN,SPORT UTILITY VEHICLE (SUV),PERSONAL,UNKNOWN,STRAIGHT AHEAD,,,1,,,,,,,,,,,,,,Y,Y,Y,,FRONT-LEFT-CORNER,,,,,,,,,,,,,,,,,,,,,,,,,,,,,,,,,
2132800,6611614ca9dca7f59a2f8faec18acb160a31958604827c80bbac92fb03f6082a8c26fc8dbcd0cf01a5b4426b954c63e50bd7f307c183c1d1f23081d810dce817,08/20/2025 02:30:00 PM,2,DRIVER,,2033165,,BMW,X5,IL,2015,UNKNOWN,SPORT UTILITY VEHICLE (SUV),PERSONAL,UNKNOWN,STRAIGHT AHEAD,,,1,,,,,Y,Y,Y,Y,Y,,,,,,,,,SIDE-RIGHT,,,,,,,,,,,,,,,,,,,,,,,,,,,,,,,,,
2132795,97339cad05e8099f063ee63a078c5a96cbf19e78ccd92af000a1d3750c7ccd630966da6b7be5cd1396231bc2d1a1db86d25da6d27cfa947469315dee68293ed9,08/20/2025 02:30:00 PM,1,DRIVER,,2033130,,CHEVROLET,EQUINOX,IL,,UNKNOWN,UNKNOWN/NA,UNKNOWN/NA,N,SLOW/STOP IN TRAFFIC,,,1,,,,,,,,,,,,,,,,Y,,FRONT,,,,,,,,,,,,,,,,,,,,,,,,,,,,,,,,,