CRASH_UNIT_ID,CRASH_RECORD_ID,CRASH_DATE,UNIT_NO,UNIT_TYPE,NUM_PASSENGERS,VEHICLE_ID,CMRC_VEH_I,MAKE,MODEL,LIC_PLATE_STATE,VEHICLE_YEAR,VEHICLE_DEFECT,VEHICLE_TYPE,VEHICLE_USE,TRAVEL_DIRECTION,MANEUVER,TOWED_I,FIRE_I,OCCUPANT_CNT,EXCEED_SPEED_LIMIT_I,TOWED_BY,TOWED_TO,AREA_00_I,AREA_01_I,AREA_02_I,AREA_03_I,AREA_04_I,AREA_05_I,AREA_06_I,AREA_07_I,AREA_08_I,AREA_09_I,AREA_10_I,AREA_11_I,AREA_12_I,AREA_99_I,FIRST_CONTACT_POINT,CMV_ID,USDOT_NO,CCMC_NO,ILCC_NO,COMMERCIAL_SRC,GVWR,CARRIER_NAME,CARRIER_STATE,CARRIER_CITY,HAZMAT_PLACARDS_I,HAZMAT_NAME,UN_NO,HAZMAT_PRESENT_I,HAZMAT_REPORT_I,HAZMAT_REPORT_NO,MCS_REPORT_I,MCS_REPORT_NO,HAZMAT_VIO_CAUSE_CRASH_I,MCS_VIO_CAUSE_CRASH_I,IDOT_PERMIT_NO,WIDE_LOAD_I,TRAILER1_WIDTH,TRAILER2_WIDTH,TRAILER1_LENGTH,TRAILER2_LENGTH,TOTAL_VEHICLE_LENGTH,AXLE_CNT,VEHICLE_CONFIG,CARGO_BODY_TYPE,LOAD_TYPE,HAZMAT_OUT_OF_SERVICE_I,MCS_OUT_OF_SERVICE_I,HAZMAT_CLASS
2132796,97339cad05e8099f063ee63a078c5a96cbf19e78ccd92af000a1d3750c7ccd630966da6b7be5cd1396231bc2d1a1db86d25da6d27cfa947469315dee68293ed9,08/20/2025 02:30:00 PM,2,DRIVER,,2033150,,SUBARU,FORESTER,IL,2023,UNKNOWN,PASSENGER,UNKNOWN/NA,N,SLOW/STOP IN TRAFFIC,,,1,,,,,,,,,,Y,,,,,,,,REAR,,,,,,,,,,,,,,,,,,,,,,,,,,,,,,,,,
2132784,8ee52bc1b94d37b567b7c4831cde0f75ed54c3e433e197e6d94dd2ccee0e6f7a399128bdea7c222e8a40e1c8c425f24c706710279187e93d01dd2a7750b1fe60,08/20/2025 02:23:00 PM,1,DRIVER,,2033124,,HONDA,CIVIC,IL,2013,UNKNOWN,PASSENGER,PERSONAL,S,STRAIGHT AHEAD,Y,,1,,PRIVATE TOW,,,Y,,,,,,,,,,Y,Y,N,FRONT,,,,,,,,,,,,,,,,,,,,,,,,,,,,,,,,,
2132785,8ee52bc1b94d37b567b7c4831cde0f75ed54c3e433e197e6d94dd2ccee0e6f7a399128bdea7c222e8a40e1c8c425f24c706710279187e93d01dd2a7750b1fe60,08/20/2025 02:23:00 PM,2,PARKED,,2033136,,AUDI,Q3,IL,2025,UNKNOWN,SPORT UTILITY VEHICLE (SUV),NOT IN USE,UNKNOWN,PARKED,,,0,,,,,Y,,,,Y,Y,Y,N,,,Y,Y,Y,REAR,,,,,,,,,,,,,,,,,,,,,,,,,,,,,,,,,
2132786,8ee52bc1b94d37b567b7c4831cde0f75ed54c3e433e197e6d94dd2ccee0e6f7a399128bdea7c222e8a40e1c8c425f24c706710279187e93d01dd2a7750b1fe60,08/20/2025 02:23:00 PM,3,PARKED,,2033143,,HYUNDAI,SANTA FE,IL,2013,UNKNOWN,SPORT UTILITY VEHICLE (SUV),NOT IN USE,S,PARKED,,,0,,,,,,,,,Y,Y,Y,,,,,,,REAR,,,,,,,,,,,,,,,,,,,,,,,,,,,,,,,,,
2132825,aaf0633ae0a2db3c70dd86921dbe50214b156add4b26466457b4518d8b603760c74633683899820d7117008be21af0199325f6b323489d73102d53b09e220e53,08/20/2025 02:22:00 PM,1,BICYCLE,,,,,,,,,,,,,,,,,,,,,,,,,,,,,,,,,,,,,,,,,,,,,,,,,,,,,,,,,,,,,,,,,,
2132826,aaf0633ae0a2db3c70dd86921dbe50214b156add4b26466457b4518d8b603760c74633683899820d7117008be21af0199325f6b323489d73102d53b09e220e53,08/20/2025 02:22:00 PM,2,DRIVER,,2033173,,MAZDA,CX-5,IL,2023,UNKNOWN,SPORT UTILITY VEHICLE (SUV),PERSONAL,W,TURNING LEFT,,,1,,,,,Y,,,,,,,,,,,,,FRONT-RIGHT-CORNER,,,,,,,,,,,,,,,,,,,,,,,,,,,,,,,,,
2133789,855d75464b9a07ec2b9b78675efa278fb694d9bffa31068d4f1be4a5d3429398738a6a8fb0898ad2027435b7712b485d8f0b91dd840895e2aae6a97bf9bb49fb,08/20/2025 02:12:00 PM,1,DRIVER,,2034083,,UNKNOWN,MOTORIZED,IL,,UNKNOWN,TRUCK - SINGLE UNIT,UNKNOWN/NA,S,MERGING,,,1,,,,,,,,,,,,,,,,,Y,UNKNOWN,,,,,,,,,,,,,,,,,,,,,,,,,,,,,,,,,
2133790,855d75464b9a07ec2b9b78675efa278fb694d9bffa31068d4f1be4a5d3429398738a6a8fb0898ad2027435b7712b485d8f0b91dd840895e2aae6a97bf9bb49fb,08/20/2025 02:12:00 PM,2,DRIVER,,2034087,,CHEVROLET,AVALANCHE,IL,2007,UNKNOWN,PICKUP,UNKNOWN/NA,S,STRAIGHT AHEAD,,,1,,,,,Y,Y,,,,,,,,,,Y,,SIDE-RIGHT-FRONT,,,,,,,,,,,,,,,,,,,,,,,,,,,,,,,,,
2132741,1eafa9d2d6f8fdf18a2f79ae4147a19b6c626952767ef1f0986efa80c32484683bc17ba56866fee93a6bb9681b29ca52ae47721886eb31ae8dd58a58d295c035,08/20/2025 02:05:00 PM,1,DRIVER,,2033082,,MITSUBISHI,OUTLANDER,IL,2012,UNKNOWN,SPORT UTILITY VEHICLE (SUV),UNKNOWN/NA,E,PASSING/OVERTAKING,,,1,,,,,,,,,,,,,,,,,Y,UNKNOWN,,,,,,,,,,,,,,,,,,,,,,,,,,,,,,,,,
2132742,1eafa9d2d6f8fdf18a2f79ae4147a19b6c626952767ef1f0986efa80c32484683bc17ba56866fee93a6bb9681b29ca52ae47721886eb31ae8dd58a58d295c035,08/20/2025 02:05:00 PM,2,DRIVER,,2033135,,TOYOTA,CAMRY,IL,2021,UNKNOWN,PASSENGER,PERSONAL,E,STRAIGHT AHEAD,,,1,,,,,,,,,,,,,,Y,Y,,,REAR-LEFT-CORNER,,,,,,,,,,,,,,,,,,,,,,,,,,,,,,,,,
2132757,bcd3a073e013e0bfebe5caf19c4703bdccd2e325db456844d1bbb286dd07072fa4d7b69a9d4c4201b5cb2630458368b1288281488b9d4e294816f38bf729133f,08/20/2025 02:05:00 PM,1,DRIVER,,2033090,,TOYOTA,CAMRY,IL,2015,UNKNOWN,PASSENGER,PERSONAL,UNKNOWN,STRAIGHT AHEAD,,,1,,,,,,,,,,,,,,Y,Y,Y,,FRONT-LEFT-CORNER,,,,,,,,,,,,,,,,,,,,,,,,,,,,,,,,,
2132758,bcd3a073e013e0bfebe5caf19c4703bdccd2e325db456844d1bbb286dd07072fa4d7b69a9d4c4201b5cb2630458368b1288281488b9d4e294816f38bf729133f,08/20/2025 02:05:00 PM,2,DRIVER,,2033095,,TOYOTA,CAMRY,MI,2011,UNKNOWN,PASSENGER,PERSONAL,UNKNOWN,STRAIGHT AHEAD,,,1,,,,,,,,,,Y,Y,,,,,,,SIDE-LEFT-REAR,,,,,,,,,,,,,,,,,,,,,,,,,,,,,,,,,
2132791,6c0b698b10727bbd4cd75324e7d7b35112e608349949ad60cb1309eb182bd5fc7e1cc58399cf3a1e63bed94b5e8f7e52b40eb5aeca4f4144aa111ca950a5740a,08/20/2025 02:03:00 PM,1,DRIVER,,2033127,,KIA,OPTIMA / K5,IL,2012,UNKNOWN,PASSENGER,PERSONAL,N,AVOIDING VEHICLES/OBJECTS,,,1,,,,,,,,,,,,,,,,Y,,FRONT,,,,,,,,,,,,,,,,,,,,,,,,,,,,,,,,,
2132792,6c0b698b10727bbd4cd75324e7d7b35112e608349949ad60cb1309eb182bd5fc7e1cc58399cf3a1e63bed94b5e8f7e52b40eb5aeca4f4144aa111ca950a5740a,08/20/2025 02:03:00 PM,2,DRIVER,1,2033137,,DODGE,RAM 1500 PU,IL,2014,UNKNOWN,PICKUP,PERSONAL,N,STRAIGHT AHEAD,,,2,,,,,,,,,,Y,,,,,,,,REAR,,,,,,,,,,,,,,,,,,,,,,,,,,,,,,,,,
2132725,b494d23909c509d3885804f2da1d9a76e3e210d0ce5391a729e7ecc49bfb7eac4e479b685913d45ff408e89a05bf5ee7e32209d7962419e79eb73a295cf9ffbf,08/20/2025 02:02:00 PM,1,DRIVER,,2033063,,TOYOTA,RAV4,IL,2017,NONE,PASSENGER,PERSONAL,W,STRAIGHT AHEAD,,,1,,,,,Y,,,,N,,N,,,,,,,FRONT-RIGHT-CORNER,,,,,,,,,,,,,,,,,,,,,,,,,,,,,,,,,
2132726,b494d23909c509d3885804f2da1d9a76e3e210d0ce5391a729e7ecc49bfb7eac4e479b685913d45ff408e89a05bf5ee7e32209d7962419e79eb73a295cf9ffbf,08/20/2025 02:02:00 PM,2,DRIVER,,2033065,,JEEP,WRANGLER,IL,2021,NONE,PASSENGER,PERSONAL,W,STRAIGHT AHEAD,,,1,,,,,,,,,,,Y,,,,,,,REAR-LEFT-CORNER,,,,,,,,,,,,,,,,,,,,,,,,,,,,,,,,,
2132829,2826501169e75a56ce4b4236423ec74d12ffc862451cee466d24740e1919d332924c927841329d393eea2f734805ca9c4728f288682dd37c4ba842778ba79758,08/20/2025 02:01:00 PM,1,DRIVER,1,2033158,,MAZDA,CX-3,IL,2005,UNKNOWN,PASSENGER,PERSONAL,S,CHANGING LANES,,,2,,,,,,,,,,,Y,Y,,,,,,REAR-LEFT-CORNER,,,,,,,,,,,,,,,,,,,,,,,,,,,,,,,,,
2132875,2826501169e75a56ce4b4236423ec74d12ffc862451cee466d24740e1919d332924c927841329d393eea2f734805ca9c4728f288682dd37c4ba842778ba79758,08/20/2025 02:01:00 PM,2,DRIVER,,2033202,,COOK SEMI TRAILER,COOK SEMI TRAILER,XX,,UNKNOWN,TRACTOR W/ SEMI-TRAILER,OTHER,S,STRAIGHT AHEAD,,,1,,,,,,,,,,,,,,,,,Y,UNKNOWN,,,,,,,,,,,,,,,,,,,,,,,,,,,,,,,,,
2132823,2978b8cb284c815e139c9c3a1c046dacac95d20408d74ec4933f346c13815b1c702a24c1e0b04bcfe29892c44acc8769ed04c302ca21b46962d71dec815b2307,08/20/2025 02:00:00 PM,1,DRIVER,,2033151,,UNKNOWN,OTHER (EXPLAIN IN NARRATIVE),,,UNKNOWN,UNKNOWN/NA,UNKNOWN/NA,W,STRAIGHT AHEAD,,,1,,,,,,,,,,N,,,,,,Y,,FRONT,,,,,,,,,,,,,,,,,,,,,,,,,,,,,,,,,
2132824,2978b8cb284c815e139c9c3a1c046dacac95d20408d74ec4933f346c13815b1c702a24c1e0b04bcfe29892c44acc8769ed04c302ca21b46962d71dec815b2307,08/20/2025 02:00:00 PM,2,DRIVER,1,2033163,,MAZDA,SPORT TRUCK,IL,,UNKNOWN,UNKNOWN/NA,UNKNOWN/NA,W,STRAIGHT AHEAD,,,2,,,,,,,,,,Y,,,,,,,,REAR,,,,,,,,,,,,,,,,,,,,,,,,,,,,,,,,,
2132964,39087b604e4eb6f3630753f374adce03379fb4c906b8d9eb3741755fcab25296c0727e132f6199548fdd942f929f203ecce0e9da417cedb559af3b6c4311b59a,08/20/2025 02:00:00 PM,1,DRIVER,,2033295,,UNKNOWN,OTHER (EXPLAIN IN NARRATIVE),IL,,UNKNOWN,UNKNOWN/NA,UNKNOWN/NA,N,UNKNOWN/NA,,,1,,,,,,,,,,,,,,,,,Y,UNKNOWN,,,,,,,,,,,,,,,,,,,,,,,,,,,,,,,,,
2132965,39087b604e4eb6f3630753f374adce03379fb4c906b8d9eb3741755fcab25296c0727e132f6199548fdd942f929f203ecce0e9da417cedb559af3b6c4311b59a,08/20/2025 02:00:00 PM,2,PARKED,,2033297,,KIA,TELLURIDE,IL,,UNKNOWN,UNKNOWN/NA,UNKNOWN/NA,N,PARKED,,,0,,,,,,,,,Y,,Y,,,,,,,OTHER,,,,,,,,,,,,,,,,,,,,,,,,,,,,,,,,,
2132729,54fa70aa561833107682946713c7d4e2375af0bfd876eb077d43885fa161a48cd0218e8fa76ab6974aa54afd3ad99471057f7da8ffe84bf7b0f45fcf2aedd2f0,08/20/2025 02:00:00 PM,1,DRIVER,,2033075,,TOYOTA,RAV4,IL,2019,NONE,PASSENGER,PERSONAL,E,STRAIGHT AHEAD,,,1,,,,,Y,,,,,,,,,,,,,FRONT-RIGHT-CORNER,,,,,,,,,,,,,,,,,,,,,,,,,,,,,,,,,
2132730,54fa70aa561833107682946713c7d4e2375af0bfd876eb077d43885fa161a48cd0218e8fa76ab6974aa54afd3ad99471057f7da8ffe84bf7b0f45fcf2aedd2f0,08/20/2025 02:00:00 PM,2,DRIVER,,2033094,,TOYOTA,HIGHLANDER,IL,2015,NONE,SPORT UTILITY VEHICLE (SUV),PERSONAL,E,STRAIGHT AHEAD,,,1,,,,,,,,,,,,,,Y,Y,,,FRONT-LEFT-CORNER,,,,,,,,,,,,,,,,,,,,,,,,,,,,,,,,,
2132766,fc2666850b595f689d037bd4ec3c399e096e0df0d7ceb1f0420353dee90fbb5f6d07e70414017ddc171d7dd4d18b83c8bb2a668e6beab9496e6e0229936b1a16,08/20/2025 02:00:00 PM,1,DRIVER,,2033092,,FORD,CUSTOM,IL,2017,NONE,PASSENGER,PERSONAL,S,STRAIGHT AHEAD,,,1,,,,,Y,,,,,,,,,,Y,Y,,FRONT,,,,,,,,,,,,,,,,,,,,,,,,,,,,,,,,,
2132767,fc2666850b595f689d037bd4ec3c399e096e0df0d7ceb1f0420353dee90fbb5f6d07e70414017ddc171d7dd4d18b83c8bb2a668e6beab9496e6e0229936b1a16,08/20/2025 02:00:00 PM,2,DRIVER,1,2033102,,NISSAN,VERSA,IL,2023,NONE,PASSENGER,PERSONAL,E,STRAIGHT AHEAD,Y,,2,,PRIVATE TOW,UNK,,,,,,,,,Y,Y,Y,Y,Y,,SIDE-LEFT-FRONT,,,,,,,,,,,,,,,,,,,,,,,,,,,,,,,,,
2132731,aab90967ca597ea56978568accbce83411b7d0ea6be6b0a1bdd57c0f1a96122c7f77bb7d22eb8c89fcb8fb3b04afff8f8a4c6a8cc292a810b6b003eb69305123,08/20/2025 01:55:00 PM,1,DRIVER,,2033067,,NISSAN,ROGUE,IL,2018,UNKNOWN,SPORT UTILITY VEHICLE (SUV),PERSONAL,E,ENTERING TRAFFIC LANE FROM PARKING,Y,,1,,PRIVATE TOW,,,,,,,,,,,,Y,Y,,,FRONT-LEFT-CORNER,,,,,,,,,,,,,,,,,,,,,,,,,,,,,,,,,
2132732,aab90967ca597ea56978568accbce83411b7d0ea6be6b0a1bdd57c0f1a96122c7f77bb7d22eb8c89fcb8fb3b04afff8f8a4c6a8cc292a810b6b003eb69305123,08/20/2025 01:55:00 PM,2,DRIVER,,2033078,,FORD,VAN,IL,1999,UNKNOWN,VAN/MINI-VAN,CONSTRUCTION/MAINTENANCE,E,STRAIGHT AHEAD,,,1,,,,,Y,,,,,,,,,,,,,FRONT-RIGHT-CORNER,,,,,,,,,,,,,,,,,,,,,,,,,,,,,,,,,
2132774,62c976fd693bc219678cae640620ba1110e2383927563e7e5fd69e6ac78b32cd814f47fe2836e732259e9b7522c9927f408b6b84987059fdcd95aab6f3facfcc,08/20/2025 01:50:00 PM,2,BICYCLE,,,,,,,,,,,,,,,,,,,,,,,,,,,,,,,,,,,,,,,,,,,,,,,,,,,,,,,,,,,,,,,,,,
2132775,62c976fd693bc219678cae640620ba1110e2383927563e7e5fd69e6ac78b32cd814f47fe2836e732259e9b7522c9927f408b6b84987059fdcd95aab6f3facfcc,08/20/2025 01:50:00 PM,1,DRIVER,,2033120,,NISSAN,VERSA,IL,2025,UNKNOWN,PASSENGER,OTHER,E,ENTERING TRAFFIC LANE FROM PARKING,,,1,,,,,,,,,,,,,,N,Y,,,FRONT-LEFT-CORNER,,,,,,,,,,,,,,,,,,,,,,,,,,,,,,,,,
2132703,bb4728ef687c6dd15ac4fb6bce37a9d200df3fda052456d37dbdaa5ae50e7de1a60d2c67c8f31c47080fff60e80ff27b6e9e7d5257b8cd4c8ac153a5f1357850,08/20/2025 01:50:00 PM,1,DRIVER,,2033034,,FORD,F150,IL,2018,NONE,PICKUP,PERSONAL,N,BACKING,,,1,,,,,N,,,,,,,,,,,,,FRONT-RIGHT-CORNER,,,,,,,,,,,,,,,,,,,,,,,,,,,,,,,,,
2132704,bb4728ef687c6dd15ac4fb6bce37a9d200df3fda052456d37dbdaa5ae50e7de1a60d2c67c8f31c47080fff60e80ff27b6e9e7d5257b8cd4c8ac153a5f1357850,08/20/2025 01:50:00 PM,2,DRIVER,,2033048,,FORD,F150,IL,2024,NONE,PICKUP,PERSONAL,N,PASSING/OVERTAKING,,,1,,,,,,,,,,,,Y,Y,Y,Y,,,SIDE-LEFT-FRONT,,,,,,,,,,,,,,,,,,,,,,,,,,,,,,,,,
2132705,71bb08d69ee572287aa04f6e3aa96878b030beca866f01edc70170d02e57c6d1b126f5776a537fdcbc157839270bc89d4ba2abb5227f99674cbb1785a4fd9661,08/20/2025 01:47:00 PM,1,DRIVER,,2033037,,GENERAL MOTORS CORPORATION (GMC),ACADIA,IL,2008,NONE,PASSENGER,PERSONAL,W,STRAIGHT AHEAD,,,1,,,,Y,,,,,,,,,,,,,N,FRONT,,,,,,,,,,,,,,,,,,,,,,,,,,,,,,,,,
2132706,71bb08d69ee572287aa04f6e3aa96878b030beca866f01edc70170d02e57c6d1b126f5776a537fdcbc157839270bc89d4ba2abb5227f99674cbb1785a4fd9661,08/20/2025 01:47:00 PM,2,DRIVER,1,2033050,,FORD,TRANSIT,IL,2018,NONE,VAN/MINI-VAN,COMMERCIAL - SINGLE UNIT,W,STRAIGHT AHEAD,,,2,,,,,,,,,Y,Y,,,,,,,,REAR,,,,,,,,,,,,,,,,,,,,,,,,,,,,,,,,,
2132685,750d5f80cce98edec2704cf9c3a33ee5c60d86d505f660a5d5eb5e386558afa1278f47f4c7ac64360ea335b797bd23d83b79c4dc37abc1c7ad75a44f6e2c8d86,08/20/2025 01:40:00 PM,1,DRIVER,,2033015,,LINCOLN,MKZ,IL,2018,NONE,PASSENGER,PERSONAL,N,BACKING,,,1,,,,,,,,,Y,,,,,,,,,REAR-RIGHT-CORNER,,,,,,,,,,,,,,,,,,,,,,,,,,,,,,,,,
2132686,750d5f80cce98edec2704cf9c3a33ee5c60d86d505f660a5d5eb5e386558afa1278f47f4c7ac64360ea335b797bd23d83b79c4dc37abc1c7ad75a44f6e2c8d86,08/20/2025 01:40:00 PM,2,DRIVER,,2033024,,CHEVROLET,VOLT,IL,2017,UNKNOWN,PASSENGER,PERSONAL,S,BACKING,,,1,,,,,,,,,Y,,,,,,,,,REAR-RIGHT-CORNER,,,,,,,,,,,,,,,,,,,,,,,,,,,,,,,,,
2132699,81021ceae40b72f79f79628b661b23cdc6b81022f13bd3c3e7a8e71101eb31984da5e385d5620b4da2da7fac3d2379ec11c85aff579e32d33978d2d065a52e96,08/20/2025 01:40:00 PM,1,DRIVER,,2033051,,UNKNOWN,OTHER (EXPLAIN IN NARRATIVE),IL,,UNKNOWN,TRUCK - SINGLE UNIT,COMMERCIAL - MULTI-UNIT,W,PASSING/OVERTAKING,,,1,,,,,Y,Y,,,,,,,,,,,,FRONT-RIGHT-CORNER,,,,,,,,,,,,,,,,,,,,,,,,,,,,,,,,,
2132700,81021ceae40b72f79f79628b661b23cdc6b81022f13bd3c3e7a8e71101eb31984da5e385d5620b4da2da7fac3d2379ec11c85aff579e32d33978d2d065a52e96,08/20/2025 01:40:00 PM,2,DRIVER,2,2033038,,TOYOTA,PRIUS,IL,2009,NONE,PASSENGER,PERSONAL,W,SLOW/STOP IN TRAFFIC,,,3,,,,,,,,,,N,Y,Y,Y,Y,N,,,REAR-LEFT-CORNER,,,,,,,,,,,,,,,,,,,,,,,,,,,,,,,,,
2132720,9433179cd25c306da8c34b10bff757ca6fb7781fd2cb98d9ba162491a3e248ff4935b77b2da58608a8940119552ec8e6d2c6d4ceece159ba4802068df26c0336,08/20/2025 01:40:00 PM,1,DRIVER,,2033054,,HONDA,OTHER (EXPLAIN IN NARRATIVE),IL,2007,UNKNOWN,PASSENGER,PERSONAL,S,CHANGING LANES,Y,,1,,private,unknown,,Y,,,,,,,,,Y,Y,,,FRONT-LEFT-CORNER,,,,,,,,,,,,,,,,,,,,,,,,,,,,,,,,,
2132721,9433179cd25c306da8c34b10bff757ca6fb7781fd2cb98d9ba162491a3e248ff4935b77b2da58608a8940119552ec8e6d2c6d4ceece159ba4802068df26c0336,08/20/2025 01:40:00 PM,2,DRIVER,,2033058,,FORD,OTHER (EXPLAIN IN NARRATIVE),IL,2023,NONE,PICKUP,PERSONAL,S,STRAIGHT AHEAD,,,1,,,,,Y,Y,Y,Y,Y,,,,,,,,,SIDE-RIGHT,,,,,,,,,,,,,,,,,,,,,,,,,,,,,,,,,
2133150,e0b3e5d0daed1e48fad1ee3e43f4bd41c5dbfd3403770c8e6703683f791cded4695960e27bb75cb91432616e65b606005b16dacf96ee774bd624c66ec3b81c5b,08/20/2025 01:35:00 PM,1,DRIVER,,2033475,,TOYOTA,4RUNNER,IL,2000,NONE,PASSENGER,PERSONAL,W,SLOW/STOP IN TRAFFIC,,,1,,,,N,,,,,,,,,,,,,Y,FRONT-RIGHT-CORNER,,,,,,,,,,,,,,,,,,,,,,,,,,,,,,,,,
2133151,e0b3e5d0daed1e48fad1ee3e43f4bd41c5dbfd3403770c8e6703683f791cded4695960e27bb75cb91432616e65b606005b16dacf96ee774bd624c66ec3b81c5b,08/20/2025 01:35:00 PM,2,BICYCLE,,,,,,,,,,,,,,,,,,,,,,,,,,,,,,,,,,,,,,,,,,,,,,,,,,,,,,,,,,,,,,,,,,
2132878,17b556f7d326614aea2b741ac27113c55ef94be162c015304b42ed2adeb5c6e469da6f5a79b649d08d7fb1200e405ac7f958454cdcd985c22947880eb0cf964f,08/20/2025 01:34:00 PM,1,DRIVER,,2033207,,TOYOTA,RAV4,IL,2013,NONE,PASSENGER,PERSONAL,E,BACKING,,,1,,,,,,,,,,,,,,Y,Y,,,FRONT-LEFT-CORNER,,,,,,,,,,,,,,,,,,,,,,,,,,,,,,,,,
2132879,17b556f7d326614aea2b741ac27113c55ef94be162c015304b42ed2adeb5c6e469da6f5a79b649d08d7fb1200e405ac7f958454cdcd985c22947880eb0cf964f,08/20/2025 01:34:00 PM,2,DRIVER,,2033215,,MITSUBISHI,OUTLANDER,IL,2012,NONE,PASSENGER,PERSONAL,W,STRAIGHT AHEAD,,,1,,,,,N,Y,Y,Y,,,,,,,,,,SIDE-RIGHT,,,,,,,,,,,,,,,,,,,,,,,,,,,,,,,,,
2136855,cd253e652cc80add7ee748b2e81bf0229d044a078d8fbf490b9992cc4ace003b5c7f52d028920844250a60813c861a8dd64f37de491a189e40306f8c143845af,08/20/2025 01:34:00 PM,1,DRIVER,,2037709,,GENERAL MOTORS CORPORATION (GMC),YUKON,IL,2008,UNKNOWN,SPORT UTILITY VEHICLE (SUV),PERSONAL,N,PASSING/OVERTAKING,,,1,,,,,Y,,,,,,,,,,Y,Y,,REAR-RIGHT-CORNER,,,,,,,,,,,,,,,,,,,,,,,,,,,,,,,,,
2136856,cd253e652cc80add7ee748b2e81bf0229d044a078d8fbf490b9992cc4ace003b5c7f52d028920844250a60813c861a8dd64f37de491a189e40306f8c143845af,08/20/2025 01:34:00 PM,2,DRIVER,,2037721,,HYUNDAI,TUCSON,IL,2020,NONE,SPORT UTILITY VEHICLE (SUV),PERSONAL,N,SLOW/STOP IN TRAFFIC,Y,,1,,AAA,,,Y,,,,,Y,Y,,,,Y,Y,,REAR,,,,,,,,,,,,,,,,,,,,,,,,,,,,,,,,,
2136857,cd253e652cc80add7ee748b2e81bf0229d044a078d8fbf490b9992cc4ace003b5c7f52d028920844250a60813c861a8dd64f37de491a189e40306f8c143845af,08/20/2025 01:34:00 PM,3,DRIVER,,2037728,,FORD,ECONOLINE E350,IL,2013,NONE,VAN/MINI-VAN,UNKNOWN/NA,N,SLOW/STOP IN TRAFFIC,,,1,,,,,,,,,Y,Y,Y,,,,,,,REAR,,,,,,,,,,,,,,,,,,,,,,,,,,,,,,,,,
2138910,447f47826c7ef66fd013d3a958af0b3184d3eed320180dc86d4505a69ab6741b0ac16901fbd5d39fddb820f76e2461dc1d1b9a4f47b41e04c1ebaf37df0950aa,08/20/2025 01:30:00 PM,1,DRIVER,,2038968,,HYUNDAI,KONA,IL,2015,NONE,PASSENGER,PERSONAL,S,TURNING LEFT,,,1,,,,,N,N,,Y,Y,,,,,,,,,REAR-RIGHT-CORNER,,,,,,,,,,,,,,,,,,,,,,,,,,,,,,,,,
2138911,447f47826c7ef66fd013d3a958af0b3184d3eed320180dc86d4505a69ab6741b0ac16901fbd5d39fddb820f76e2461dc1d1b9a4f47b41e04c1ebaf37df0950aa,08/20/2025 01:30:00 PM,2,DRIVER,,2038955,,HONDA,HR-V,IL,2025,NONE,PASSENGER,PERSONAL,S,STRAIGHT AHEAD,,,1,,,,,,,,,,,,,,,Y,,,FRONT-LEFT-CORNER,,,,,,,,,,,,,,,,,,,,,,,,,,,,,,,,,
2132862,787720a3a950000194c91d6d0655373cba298e011f5752131255fe76f17c73e5e3da5041a1ece8656b95360c5c2d7d7f4274259e4ef7a8d6d618026afea096df,08/20/2025 01:30:00 PM,1,DRIVER,,2033195,,CHEVROLET,OTHER (EXPLAIN IN NARRATIVE),,2023,UNKNOWN,TRUCK - SINGLE UNIT,PERSONAL,E,STRAIGHT AHEAD,,,1,,,,,,,,,,,,,,,,,,TOP,,,,,,,,,,,,,,,,,,,,,,,,,,,,,,,,,
2133221,7a032a5210fba4c26d34980272eb628e4fd1fc5d29cc731ae65288b3cb82716df9c763ee5dcabd9dca72886cf1e47b26c290b507669910a666fb1b537d327fae,08/20/2025 01:30:00 PM,1,DRIVERLESS,,2033532,,CHEVROLET,SILVERADO,IL,,UNKNOWN,PICKUP,UNKNOWN/NA,SE,STRAIGHT AHEAD,,,0,,,,,,,,,,,,,,,,Y,,FRONT,,,,,,,,,,,,,,,,,,,,,,,,,,,,,,,,,
2133222,7a032a5210fba4c26d34980272eb628e4fd1fc5d29cc731ae65288b3cb82716df9c763ee5dcabd9dca72886cf1e47b26c290b507669910a666fb1b537d327fae,08/20/2025 01:30:00 PM,2,DRIVER,1,2033542,,FORD,F550,IL,,NONE,PICKUP,OTHER,NW,STRAIGHT AHEAD,,,2,,,,Y,,,,,,,,,,,,Y,,FRONT,,,,,,,,,,,,,,,,,,,,,,,,,,,,,,,,,
2133114,470b0555c275f990cc693cd01eafa075f31afb162b1ffe94327de1adc8fba4d0879d793110f31c48cf3ea6888f726e1c04106d4d9146d1c44f47cbed50ac5e61,08/20/2025 01:28:00 PM,1,DRIVER,,2033437,,UNKNOWN,OTHER (EXPLAIN IN NARRATIVE),IL,,NONE,PASSENGER,PERSONAL,E,STRAIGHT AHEAD,,,1,,,,,,,,Y,Y,,,,,,,,,SIDE-RIGHT-REAR,,,,,,,,,,,,,,,,,,,,,,,,,,,,,,,,,