CRASH_UNIT_ID,CRASH_RECORD_ID,CRASH_DATE,UNIT_NO,UNIT_TYPE,NUM_PASSENGERS,VEHICLE_ID,CMRC_VEH_I,MAKE,MODEL,LIC_PLATE_STATE,VEHICLE_YEAR,VEHICLE_DEFECT,VEHICLE_TYPE,VEHICLE_USE,TRAVEL_DIRECTION,MANEUVER,TOWED_I,FIRE_I,OCCUPANT_CNT,EXCEED_SPEED_LIMIT_I,TOWED_BY,TOWED_TO,AREA_00_I,AREA_01_I,AREA_02_I,AREA_03_I,AREA_04_I,AREA_05_I,AREA_06_I,AREA_07_I,AREA_08_I,AREA_09_I,AREA_10_I,AREA_11_I,AREA_12_I,AREA_99_I,FIRST_CONTACT_POINT,CMV_ID,USDOT_NO,CCMC_NO,ILCC_NO,COMMERCIAL_SRC,GVWR,CARRIER_NAME,CARRIER_STATE,CARRIER_CITY,HAZMAT_PLACARDS_I,HAZMAT_NAME,UN_NO,HAZMAT_PRESENT_I,HAZMAT_REPORT_I,HAZMAT_REPORT_NO,MCS_REPORT_I,MCS_REPORT_NO,HAZMAT_VIO_CAUSE_CRASH_I,MCS_VIO_CAUSE_CRASH_I,IDOT_PERMIT_NO,WIDE_LOAD_I,TRAILER1_WIDTH,TRAILER2_WIDTH,TRAILER1_LENGTH,TRAILER2_LENGTH,TOTAL_VEHICLE_LENGTH,AXLE_CNT,VEHICLE_CONFIG,CARGO_BODY_TYPE,LOAD_TYPE,HAZMAT_OUT_OF_SERVICE_I,MCS_OUT_OF_SERVICE_I,HAZMAT_CLASS
2133115,470b0555c275f990cc693cd01eafa075f31afb162b1ffe94327de1adc8fba4d0879d793110f31c48cf3ea6888f726e1c04106d4d9146d1c44f47cbed50ac5e61,08/20/2025 01:28:00 PM,2,DRIVER,,2033436,,TOYOTA,COROLLA,IL,2024,NONE,PASSENGER,PERSONAL,E,STRAIGHT AHEAD,,,1,,,,,,,,,,,Y,Y,,,,,,SIDE-LEFT-REAR,,,,,,,,,,,,,,,,,,,,,,,,,,,,,,,,,
2132755,1ec1112eae09baaadbcf6bd57cf29bfc22a22671797ce8782e8012760799b7490fed5038534e7c6436d4db4e52818a8c3fa54c97723a27a7f2fc9b461d91c2e5,08/20/2025 01:25:00 PM,1,DRIVER,,2033091,,HONDA,CIVIC,IL,2017,UNKNOWN,PASSENGER,PERSONAL,E,STRAIGHT AHEAD,,,1,,,,,,Y,Y,Y,,,,,,,,,,SIDE-RIGHT-FRONT,,,,,,,,,,,,,,,,,,,,,,,,,,,,,,,,,
2132756,1ec1112eae09baaadbcf6bd57cf29bfc22a22671797ce8782e8012760799b7490fed5038534e7c6436d4db4e52818a8c3fa54c97723a27a7f2fc9b461d91c2e5,08/20/2025 01:25:00 PM,2,PARKED,,2033100,,FORD,F150,IL,2007,UNKNOWN,PICKUP,PERSONAL,S,PARKED,,,0,,,,,,,,,,,Y,,,,,,,REAR-LEFT-CORNER,,,,,,,,,,,,,,,,,,,,,,,,,,,,,,,,,
2132716,574804f55ebbfbcf7dd834a0e1ab904c9c48d2c5079c3b341583221cb13351df8d88bc70e85ba8498387e64b5572bec5c29cc9ad7861dd70276afc4151e655ae,08/20/2025 01:20:00 PM,1,DRIVER,,2033047,,BUICK,ENCLAVE,IL,2008,UNKNOWN,SPORT UTILITY VEHICLE (SUV),UNKNOWN/NA,E,CHANGING LANES,,,1,,,,,,Y,Y,Y,,,,,,,,,,SIDE-RIGHT,,,,,,,,,,,,,,,,,,,,,,,,,,,,,,,,,
2132717,574804f55ebbfbcf7dd834a0e1ab904c9c48d2c5079c3b341583221cb13351df8d88bc70e85ba8498387e64b5572bec5c29cc9ad7861dd70276afc4151e655ae,08/20/2025 01:20:00 PM,2,DRIVER,,2033057,,HONDA,ODYSSEY,IL,2007,UNKNOWN,VAN/MINI-VAN,UNKNOWN/NA,E,SLOW/STOP IN TRAFFIC,,,1,,,,,,,,,,,,,,Y,Y,Y,,FRONT-LEFT-CORNER,,,,,,,,,,,,,,,,,,,,,,,,,,,,,,,,,
2140817,d67fb6282ca64f9f46058bdf2bcd45b5dcbe625a417ea242ea499aa4e61e40e239a07eaf2f21b13814771748a0e42871d7e0c273b233b6943b72d52a7b0dc51a,08/20/2025 01:20:00 PM,1,DRIVER,,2040775,,TOYOTA,HIGHLANDER,MI,2025,NONE,PASSENGER,PERSONAL,W,OTHER,,,1,,,,,Y,Y,,,,,,,,,,,,SIDE-RIGHT,,,,,,,,,,,,,,,,,,,,,,,,,,,,,,,,,
2140818,d67fb6282ca64f9f46058bdf2bcd45b5dcbe625a417ea242ea499aa4e61e40e239a07eaf2f21b13814771748a0e42871d7e0c273b233b6943b72d52a7b0dc51a,08/20/2025 01:20:00 PM,2,PARKED,,2040777,,UNKNOWN,OTHER (EXPLAIN IN NARRATIVE),IL,2024,NONE,MOTORCYCLE (OVER 150CC),NOT IN USE,S,PARKED,,,0,,,,,Y,,,,,,,,,,,,,FRONT-RIGHT-CORNER,,,,,,,,,,,,,,,,,,,,,,,,,,,,,,,,,
2132718,9f70ded7be82c7cf3860de1301656dc7e7a0b154b5fb46b963889689e4eef921be3c0c1ba8d51b8bf9912a1e0ccb62ddc221c924a8615e166b558bd62294ea47,08/20/2025 01:18:00 PM,1,DRIVER,1,2033053,Y,(UNLISTED MANUFACTURER),(UNLISTED MANUFACTURER),IL,2006,NONE,SINGLE UNIT TRUCK WITH TRAILER,COMMERCIAL - SINGLE UNIT,N,BACKING,,,2,,,,Y,,,,,,,,,,,,,,REAR,"22,039",,,,DRIVER,3,BREAKTHRU BEVERAGE ILLINOIS LLC,IL,CICERO,,,,N,N,,N,,N,N,,,,,,,,2,"SINGLE UNIT TRUCK, 2 AXLES, 6 TIRES",VAN/ENCLOSED BOX,OTHER,N,N,
2132719,9f70ded7be82c7cf3860de1301656dc7e7a0b154b5fb46b963889689e4eef921be3c0c1ba8d51b8bf9912a1e0ccb62ddc221c924a8615e166b558bd62294ea47,08/20/2025 01:18:00 PM,2,PARKED,1,2033061,,HONDA,FIT,IL,2016,NONE,PASSENGER,PERSONAL,N,PARKED,,,1,,,,,Y,,,,,,,,,,Y,Y,,FRONT,,,,,,,,,,,,,,,,,,,,,,,,,,,,,,,,,
2132693,7152027612b02648cf4a6a5b6e48deff86f25386f72eb3a0fd75199aa85858b1cbf2e07da1b9446d478dc864527b1ad1dd2728d9956ef4716403dd9695b6aec7,08/20/2025 01:15:00 PM,1,DRIVER,,2033042,,SUZUKI,VITARA,IL,2011,UNKNOWN,PASSENGER,PERSONAL,S,STRAIGHT AHEAD,,,1,,,,,,,,,,,,,,,,Y,,FRONT,,,,,,,,,,,,,,,,,,,,,,,,,,,,,,,,,
2132694,7152027612b02648cf4a6a5b6e48deff86f25386f72eb3a0fd75199aa85858b1cbf2e07da1b9446d478dc864527b1ad1dd2728d9956ef4716403dd9695b6aec7,08/20/2025 01:15:00 PM,2,DRIVER,,2033059,,HYUNDAI,AZERA,IL,2025,UNKNOWN,PASSENGER,UNKNOWN/NA,S,NEGOTIATING A CURVE,,,1,,,,,,,,,,Y,,,,,,,,REAR,,,,,,,,,,,,,,,,,,,,,,,,,,,,,,,,,
2132827,b9d1ef9c04de2254234513060c86c8822bb360b392abc28a475973097ed91df346242a4d5d5507be69d0f48c47003f867a0a03637bf5a641b12aa02428d69ca6,08/20/2025 01:15:00 PM,1,DRIVER,,2033149,,FORD,MUSTANG,IL,2013,UNKNOWN,PASSENGER,PERSONAL,UNKNOWN,OTHER,,,1,,,,,,,,,,,,,,,,,Y,UNKNOWN,,,,,,,,,,,,,,,,,,,,,,,,,,,,,,,,,
2132828,b9d1ef9c04de2254234513060c86c8822bb360b392abc28a475973097ed91df346242a4d5d5507be69d0f48c47003f867a0a03637bf5a641b12aa02428d69ca6,08/20/2025 01:15:00 PM,2,DRIVER,,2033169,,TOYOTA,CAMRY,IL,2019,UNKNOWN,PASSENGER,PERSONAL,N,SLOW/STOP IN TRAFFIC,,,1,,,,,,,,,,Y,Y,,,,,,,REAR-LEFT-CORNER,,,,,,,,,,,,,,,,,,,,,,,,,,,,,,,,,
2132652,a2f933554344838999868704dc542d19fbaffc2233788fecf637e6b0d127ef4d851ed37b10ba7d22accfa1f4bc5dbcf02ab65196b291f6437950078c00fe6234,08/20/2025 01:02:00 PM,1,DRIVER,3,2033023,,"SPARTAN MOTORS, INC. (CHARLOTTE, MI)","SPARTAN MOTORS, INC. (MFD. IN CHARLOTTE, MI)",IL,,NONE,OTHER,FIRE,N,STRAIGHT AHEAD,,,4,,,,,,,,,,,,Y,Y,Y,N,,,SIDE-LEFT,,,,,,,,,,,,,,,,,,,,,,,,,,,,,,,,,
2133274,7f3ee5ef83e793c79bb9605b7ff2748073414937b120cc3460effdc6be94c4e9e7f0ef9cd08895c52bb81cc12501ba4d78e5bebd427b6eeb59e73010161ab517,08/20/2025 01:00:00 PM,1,DRIVER,,2033588,,CHEVROLET,210 SERIES,IL,,UNKNOWN,PASSENGER,UNKNOWN/NA,N,BACKING,,,1,,,,,,,,,,Y,,,,,,,,REAR,,,,,,,,,,,,,,,,,,,,,,,,,,,,,,,,,
2133275,7f3ee5ef83e793c79bb9605b7ff2748073414937b120cc3460effdc6be94c4e9e7f0ef9cd08895c52bb81cc12501ba4d78e5bebd427b6eeb59e73010161ab517,08/20/2025 01:00:00 PM,2,DRIVER,1,2033590,,CHEVROLET,IMPALA,IL,2014,UNKNOWN,PASSENGER,PERSONAL,W,STRAIGHT AHEAD,,,2,,,,,,,Y,,,,,,,,,,,SIDE-RIGHT,,,,,,,,,,,,,,,,,,,,,,,,,,,,,,,,,
2132844,9891529009b0f5aad49e76fe224e3a801fb7595a2845b9ee787bb8e2387a904dc15842931836cf3c579c6a6058a00945518d8537da22c63f343c2031458766b0,08/20/2025 01:00:00 PM,1,NON-MOTOR VEHICLE,,,,,,,,,,,,,,,,,,,,,,,,,,,,,,,,,,,,,,,,,,,,,,,,,,,,,,,,,,,,,,,,,,
2132845,9891529009b0f5aad49e76fe224e3a801fb7595a2845b9ee787bb8e2387a904dc15842931836cf3c579c6a6058a00945518d8537da22c63f343c2031458766b0,08/20/2025 01:00:00 PM,2,DRIVER,,2033180,,SUBARU,FORESTER,IL,2025,UNKNOWN,SPORT UTILITY VEHICLE (SUV),PERSONAL,N,STRAIGHT AHEAD,,,1,,,,,,,,,,,,,,Y,Y,Y,,SIDE-LEFT-FRONT,,,,,,,,,,,,,,,,,,,,,,,,,,,,,,,,,
2132770,ce2c387545e027215af921d151fbad47af6f8a3bd3f807882546365ae213ac92ad4987c2344e8f2d19beabd60affbb250d7a6812fbb864cbb74310012011473f,08/20/2025 12:56:00 PM,1,DRIVER,,2033098,,HONDA,ACCORD,IL,2015,NONE,PASSENGER,PERSONAL,E,TURNING LEFT,N,,1,,,,,Y,Y,Y,Y,,,,,N,N,N,,,SIDE-RIGHT,,,,,,,,,,,,,,,,,,,,,,,,,,,,,,,,,
2132771,ce2c387545e027215af921d151fbad47af6f8a3bd3f807882546365ae213ac92ad4987c2344e8f2d19beabd60affbb250d7a6812fbb864cbb74310012011473f,08/20/2025 12:56:00 PM,2,DRIVER,,2033108,,GENESIS,G70,IL,2024,NONE,PASSENGER,PERSONAL,E,STRAIGHT AHEAD,Y,,1,,self,shop,,,,,,,,,Y,Y,Y,Y,,,SIDE-LEFT,,,,,,,,,,,,,,,,,,,,,,,,,,,,,,,,,
2132691,517b4b8fe0c2ac733a1cf6346560495740ebee8cb56627aba8a2c52e5fbb03725c52f1f7e84052773c608ba073bc5e124cd2bbd3b34c2510262fb5695ce11282,08/20/2025 12:54:00 PM,1,DRIVER,,2033022,,FORD,ESCAPE,IL,2008,NONE,PASSENGER,PERSONAL,N,STRAIGHT AHEAD,,,1,,,,,,,,,,,,,,,,,,FRONT,,,,,,,,,,,,,,,,,,,,,,,,,,,,,,,,,
2132692,517b4b8fe0c2ac733a1cf6346560495740ebee8cb56627aba8a2c52e5fbb03725c52f1f7e84052773c608ba073bc5e124cd2bbd3b34c2510262fb5695ce11282,08/20/2025 12:54:00 PM,2,BICYCLE,,,,,,,,,,,,,,,,,,,,,,,,,,,,,,,,,,,,,,,,,,,,,,,,,,,,,,,,,,,,,,,,,,
2132710,831accc426950b4e7c5a8c61864d65a9b2039e3a6f7a02cd249a9a8de48a574e5b3508f01af2b2c4b4c6eefda2a7e236b59508bd1aca6aa815ba781edd2fff44,08/20/2025 12:50:00 PM,1,DRIVER,1,2033069,,VOLKSWAGEN,JETTA,IL,2025,NONE,PASSENGER,PERSONAL,W,PASSING/OVERTAKING,,,2,,,,,Y,Y,,,,,,,,,,Y,,FRONT-RIGHT-CORNER,,,,,,,,,,,,,,,,,,,,,,,,,,,,,,,,,
2132711,831accc426950b4e7c5a8c61864d65a9b2039e3a6f7a02cd249a9a8de48a574e5b3508f01af2b2c4b4c6eefda2a7e236b59508bd1aca6aa815ba781edd2fff44,08/20/2025 12:50:00 PM,2,DRIVER,2,2033062,,FORD,EXPLORER,IL,2017,NONE,SPORT UTILITY VEHICLE (SUV),POLICE,W,STRAIGHT AHEAD,,,3,,,,,,,,Y,Y,Y,,,,,,,,REAR-RIGHT-CORNER,,,,,,,,,,,,,,,,,,,,,,,,,,,,,,,,,
2132657,53738667e0e2b0358ce7c04fcbb460711979f307ab92ec190ee0d59c4f47bd46e56566d3722797068a6adee4e35e8d63ddee7cba4f28c4587b0b41a26762a0e1,08/20/2025 12:48:00 PM,1,DRIVER,,2032995,,TOYOTA,RAV4,IL,2006,UNKNOWN,PASSENGER,PERSONAL,N,TURNING RIGHT,,,1,,,,,Y,,,,,,,,,,,,,FRONT-RIGHT-CORNER,,,,,,,,,,,,,,,,,,,,,,,,,,,,,,,,,
2132658,53738667e0e2b0358ce7c04fcbb460711979f307ab92ec190ee0d59c4f47bd46e56566d3722797068a6adee4e35e8d63ddee7cba4f28c4587b0b41a26762a0e1,08/20/2025 12:48:00 PM,2,BICYCLE,,,,,,,,,,,,,,,,,,,,,,,,,,,,,,,,,,,,,,,,,,,,,,,,,,,,,,,,,,,,,,,,,,
2132670,1e5cba0ddc01b565f2102d1c08f917b15f1e7ac61cf44980ed7a56f34c9117c7647a34393bba06413547b81654e6d25c940234327fe897ccb94698afb34cf2e8,08/20/2025 12:30:00 PM,1,DRIVER,,2033016,,HONDA,CIVIC,IL,2017,BRAKES,PASSENGER,PERSONAL,W,STRAIGHT AHEAD,,,1,,,,,,,,,,,,,Y,Y,,,,SIDE-LEFT,,,,,,,,,,,,,,,,,,,,,,,,,,,,,,,,,
2132671,1e5cba0ddc01b565f2102d1c08f917b15f1e7ac61cf44980ed7a56f34c9117c7647a34393bba06413547b81654e6d25c940234327fe897ccb94698afb34cf2e8,08/20/2025 12:30:00 PM,2,DRIVER,,2033052,,BUICK,OTHER (EXPLAIN IN NARRATIVE),IN,2023,NONE,SPORT UTILITY VEHICLE (SUV),PERSONAL,N,STRAIGHT AHEAD,,,1,,,,,,,,,,,,,,,,,,FRONT,,,,,,,,,,,,,,,,,,,,,,,,,,,,,,,,,
2132624,34d605573f5451b31d134ffcf09a41782d40260ad32983fa6c5370272f402f8d118b9b111d1a25d2d6850239410f353f3d1d67875a3fde1288a2dbf8ffe1686c,08/20/2025 12:30:00 PM,1,DRIVER,,2032964,,HONDA,PILOT,IL,,NONE,PASSENGER,PERSONAL,W,STRAIGHT AHEAD,,,1,,,,,,,,,Y,N,,,,,,,,SIDE-RIGHT-REAR,,,,,,,,,,,,,,,,,,,,,,,,,,,,,,,,,
2132625,34d605573f5451b31d134ffcf09a41782d40260ad32983fa6c5370272f402f8d118b9b111d1a25d2d6850239410f353f3d1d67875a3fde1288a2dbf8ffe1686c,08/20/2025 12:30:00 PM,2,PARKED,,2032970,,MAZDA,CX-5,IL,2024,NONE,PASSENGER,NOT IN USE,N,PARKED,,,0,,,,,,,,,,Y,,,,,,,,REAR,,,,,,,,,,,,,,,,,,,,,,,,,,,,,,,,,
2132735,ddecbfac8adcd4b6b215d1a11a7af2fbf800251f5006ad7444fc60da1ba8ad799a1d05e9b518df3a725a7e12e48b66204469c6ba904831e08415801a638cc28a,08/20/2025 12:30:00 PM,1,DRIVER,,2033072,,FORD,TRANSIT,,,UNKNOWN,UNKNOWN/NA,UNKNOWN/NA,N,STRAIGHT AHEAD,,,1,,,,,,,,,,N,,,,,,Y,,REAR,,,,,,,,,,,,,,,,,,,,,,,,,,,,,,,,,
2132736,ddecbfac8adcd4b6b215d1a11a7af2fbf800251f5006ad7444fc60da1ba8ad799a1d05e9b518df3a725a7e12e48b66204469c6ba904831e08415801a638cc28a,08/20/2025 12:30:00 PM,2,DRIVER,,2033080,,CHEVROLET,COLORADO,IL,,UNKNOWN,UNKNOWN/NA,UNKNOWN/NA,N,STRAIGHT AHEAD,,,1,,,,,,,,,,Y,,,,,,,,REAR,,,,,,,,,,,,,,,,,,,,,,,,,,,,,,,,,
2132622,7667f7e52020025b938e3c66c4da8cddf30ed4b8b5fdc581e0667f34d98b839454ecd5401fe71e8933e684b8529b5e687e85e345990378c11ff8750dfc99bf07,08/20/2025 12:20:00 PM,1,DRIVER,,2032965,,UNKNOWN,OTHER (EXPLAIN IN NARRATIVE),,,UNKNOWN,PASSENGER,PERSONAL,E,TURNING RIGHT,,,1,,,,,,,,,,,,,,,,,,UNKNOWN,,,,,,,,,,,,,,,,,,,,,,,,,,,,,,,,,
2132623,7667f7e52020025b938e3c66c4da8cddf30ed4b8b5fdc581e0667f34d98b839454ecd5401fe71e8933e684b8529b5e687e85e345990378c11ff8750dfc99bf07,08/20/2025 12:20:00 PM,2,DRIVER,,2032962,,NISSAN,ALTIMA,IL,2016,NONE,PASSENGER,PERSONAL,E,STRAIGHT AHEAD,,,1,,,,,,,Y,Y,Y,,,,,,,,,SIDE-RIGHT-REAR,,,,,,,,,,,,,,,,,,,,,,,,,,,,,,,,,
2132636,82263917e605b69284f1668d1da2b62f15b6655b753489a4334fd34b1e0ec3bfa39e7174dbb592aa291f126b7d462723799240c1283f17da803592622d6e8754,08/20/2025 12:15:00 PM,1,DRIVER,,2033043,,UNKNOWN,MOTORIZED,IL,,UNKNOWN,TRUCK - SINGLE UNIT,UNKNOWN/NA,E,TURNING RIGHT,,,1,,,,,,,,,,Y,,,,,,,,REAR,,,,,,,,,,,,,,,,,,,,,,,,,,,,,,,,,
2132637,82263917e605b69284f1668d1da2b62f15b6655b753489a4334fd34b1e0ec3bfa39e7174dbb592aa291f126b7d462723799240c1283f17da803592622d6e8754,08/20/2025 12:15:00 PM,2,DRIVER,,2032986,,SUBARU,IMPREZA,IL,2017,NONE,PASSENGER,PERSONAL,N,TURNING RIGHT,,,1,,,,,,,,,,,,,,,Y,Y,,FRONT-LEFT-CORNER,,,,,,,,,,,,,,,,,,,,,,,,,,,,,,,,,
2132662,d9318d0619e2da2d719520b31c6d92afb71ba99707cd07f4fef6022b91afc2021490cdac9722148c2419b108f8e02402e6be4a5cde40bf7a6e2a72a650bedd83,08/20/2025 12:13:00 PM,1,DRIVER,,2033001,,CADILLAC,SRX,IL,2012,NONE,PASSENGER,PERSONAL,E,SLOW/STOP IN TRAFFIC,,,1,,,,Y,,,,,,,,,,,,,,FRONT,,,,,,,,,,,,,,,,,,,,,,,,,,,,,,,,,
2132663,d9318d0619e2da2d719520b31c6d92afb71ba99707cd07f4fef6022b91afc2021490cdac9722148c2419b108f8e02402e6be4a5cde40bf7a6e2a72a650bedd83,08/20/2025 12:13:00 PM,2,DRIVER,,2033007,,AUDI,Q3,IL,2019,NONE,PASSENGER,PERSONAL,E,SLOW/STOP IN TRAFFIC,,,1,,,,,,,,,Y,Y,Y,,,,,,,REAR,,,,,,,,,,,,,,,,,,,,,,,,,,,,,,,,,
2133577,05713e7ad6de2294103d587a4405194ef76ecd807067894019d83b80fb5c7bc5ec80a788cd8ff8de1e564c099c29dc5dc4d97477401f3b47d1f9c15d9495b1d8,08/20/2025 12:10:00 PM,1,DRIVER,,2033937,,TOYOTA,CAMRY,IN,1995,UNKNOWN,PASSENGER,PERSONAL,W,PASSING/OVERTAKING,,,1,,,,,,,,,,,,,,,,,Y,UNKNOWN,,,,,,,,,,,,,,,,,,,,,,,,,,,,,,,,,
2133578,05713e7ad6de2294103d587a4405194ef76ecd807067894019d83b80fb5c7bc5ec80a788cd8ff8de1e564c099c29dc5dc4d97477401f3b47d1f9c15d9495b1d8,08/20/2025 12:10:00 PM,2,DRIVER,,2033869,,KIA,OTHER (EXPLAIN IN NARRATIVE),IL,2023,UNKNOWN,PASSENGER,PERSONAL,W,STRAIGHT AHEAD,,,1,,,,,,,,,Y,,,,,,,,,REAR-RIGHT-CORNER,,,,,,,,,,,,,,,,,,,,,,,,,,,,,,,,,
2132675,a83524bc25e5c1a4bf894279709dbf3406858ea40d0e9c2739d6702d60f281b2b4f789b0fc1578a64aed916fe24ba32379852563e563a6fc7b6aeb6f6ea44901,08/20/2025 12:10:00 PM,1,DRIVER,,2033005,,FORD,EDGE,IN,2014,UNKNOWN,PASSENGER,PERSONAL,S,STRAIGHT AHEAD,Y,,1,,owner,unk,,Y,Y,,,,,,,,,,,,SIDE-RIGHT,,,,,,,,,,,,,,,,,,,,,,,,,,,,,,,,,
2132676,a83524bc25e5c1a4bf894279709dbf3406858ea40d0e9c2739d6702d60f281b2b4f789b0fc1578a64aed916fe24ba32379852563e563a6fc7b6aeb6f6ea44901,08/20/2025 12:10:00 PM,2,DRIVER,,2033008,,FORD,VAN,IL,2020,UNKNOWN,VAN/MINI-VAN,OTHER,E,STRAIGHT AHEAD,,,1,,,,,,,,,,,,,Y,Y,Y,Y,,FRONT-LEFT-CORNER,,,,,,,,,,,,,,,,,,,,,,,,,,,,,,,,,
2132644,e5535e9bf3f244ad121bd1e40e2e2045225ed6700430a4e9976059902d22c4d12bef34db0c3e5601d055a109217c53c0faee6dc05ad59bab2697bdaf4da70952,08/20/2025 12:05:00 PM,1,DRIVER,,2032981,,JAGUAR,F-PACE,IL,2018,UNKNOWN,PASSENGER,PERSONAL,N,U-TURN,,,1,,,,,,,,,,,,,,Y,Y,Y,,FRONT-LEFT-CORNER,,,,,,,,,,,,,,,,,,,,,,,,,,,,,,,,,
2132645,e5535e9bf3f244ad121bd1e40e2e2045225ed6700430a4e9976059902d22c4d12bef34db0c3e5601d055a109217c53c0faee6dc05ad59bab2697bdaf4da70952,08/20/2025 12:05:00 PM,2,DRIVER,,2032987,,CHRYSLER,PACIFICA,IL,2017,NONE,VAN/MINI-VAN,PERSONAL,N,STRAIGHT AHEAD,,,1,,,,,Y,Y,Y,N,,,,,,,,,,SIDE-RIGHT,,,,,,,,,,,,,,,,,,,,,,,,,,,,,,,,,
2139592,336fc22c791938f49dcc8fff92df22a22824af1e3f09a4efa779d88ab43d7a217d41d72d687436b28f0defd06f833beacdad0debf2da836d15aa937e11ec20e6,08/20/2025 12:04:00 PM,1,DRIVER,,2039603,,NISSAN,OTHER (EXPLAIN IN NARRATIVE),IL,2016,NONE,PASSENGER,PERSONAL,N,TURNING RIGHT,,,1,,,,,,,N,,,,,,,,,,Y,SIDE-RIGHT,,,,,,,,,,,,,,,,,,,,,,,,,,,,,,,,,
2139593,336fc22c791938f49dcc8fff92df22a22824af1e3f09a4efa779d88ab43d7a217d41d72d687436b28f0defd06f833beacdad0debf2da836d15aa937e11ec20e6,08/20/2025 12:04:00 PM,2,DRIVER,,2039620,,TOYOTA,RAV4,IL,2022,NONE,SPORT UTILITY VEHICLE (SUV),PERSONAL,N,STRAIGHT AHEAD,,,1,,,,,,,,,,,,,,,Y,,,FRONT-LEFT-CORNER,,,,,,,,,,,,,,,,,,,,,,,,,,,,,,,,,
2132603,1fb53b54727917204746ba63bbfa6b94edc11dc498adb04a924da7303f7113477b69a72e4f834ba69cfc8a368f5d0dc8aa05cb1abbb27aa7972873913a8dd11b,08/20/2025 12:00:00 PM,1,DRIVER,2,2032942,,CHEVROLET,TAHOE,IL,2006,NONE,SPORT UTILITY VEHICLE (SUV),PERSONAL,N,MERGING,Y,,3,,personal,,,,,,,,,,,,Y,Y,,,FRONT-LEFT-CORNER,,,,,,,,,,,,,,,,,,,,,,,,,,,,,,,,,
2132604,1fb53b54727917204746ba63bbfa6b94edc11dc498adb04a924da7303f7113477b69a72e4f834ba69cfc8a368f5d0dc8aa05cb1abbb27aa7972873913a8dd11b,08/20/2025 12:00:00 PM,2,DRIVER,,2032948,,JEEP,CHEROKEE,IL,2014,NONE,SPORT UTILITY VEHICLE (SUV),PERSONAL,N,STRAIGHT AHEAD,Y,,1,,personal,,,Y,Y,,,,,,,,,Y,Y,,FRONT,,,,,,,,,,,,,,,,,,,,,,,,,,,,,,,,,
2132620,217be372b0e1b1dc250730ba1f3a5a898a50eeedda0d2ff0a85918fe3036b516f001e876b55d94ed6c39e06969be522e93d4d185498ae694e397e49102e2b9f3,08/20/2025 12:00:00 PM,1,DRIVER,,2032955,,TOYOTA,RAV4,IL,2020,UNKNOWN,PASSENGER,UNKNOWN/NA,N,MERGING,,,1,,,,,,,,,,,Y,,,,,,,REAR-LEFT-CORNER,,,,,,,,,,,,,,,,,,,,,,,,,,,,,,,,,
2132621,217be372b0e1b1dc250730ba1f3a5a898a50eeedda0d2ff0a85918fe3036b516f001e876b55d94ed6c39e06969be522e93d4d185498ae694e397e49102e2b9f3,08/20/2025 12:00:00 PM,2,DRIVER,,2032961,,TOYOTA,CAMRY,IL,2018,UNKNOWN,PASSENGER,PERSONAL,N,STRAIGHT AHEAD,,,1,,,,,Y,,,,,,,,,,,,,FRONT-RIGHT-CORNER,,,,,,,,,,,,,,,,,,,,,,,,,,,,,,,,,
2132933,58e1c0b1aeeae4609c670bab7ad67c18d0773932393143b0490bb9137b8f493d8bd4b034ecde05f05f4e34f5b0792b6dbfceadc0a073c8fcb1d451681a25a1f8,08/20/2025 12:00:00 PM,1,DRIVER,,2033265,,FORD,OTHER (EXPLAIN IN NARRATIVE),IL,2011,UNKNOWN,PICKUP,UNKNOWN/NA,N,STRAIGHT AHEAD,,,1,,,,,,,,,,,,,,,,,Y,UNKNOWN,,,,,,,,,,,,,,,,,,,,,,,,,,,,,,,,,
2132934,58e1c0b1aeeae4609c670bab7ad67c18d0773932393143b0490bb9137b8f493d8bd4b034ecde05f05f4e34f5b0792b6dbfceadc0a073c8fcb1d451681a25a1f8,08/20/2025 12:00:00 PM,2,PARKED,,2033266,,TOYOTA,CAMRY,IL,2013,NONE,PASSENGER,PERSONAL,N,PARKED,,,0,,,,,Y,,,,,,,,,,,,,FRONT-RIGHT-CORNER,,,,,,,,,,,,,,,,,,,,,,,,,,,,,,,,,
2132640,68c77a7ad6d943be88d2b3a86d3c2c8e5b239ac28e8e7dd383c40b32163eec18fb490e24c139e6ab632630a7a19acf94d3238ab0e6e384f64bba5e1d533280ca,08/20/2025 12:00:00 PM,1,DRIVER,,2032979,,MERCEDES-BENZ,GLC,IL,2018,NONE,PASSENGER,PERSONAL,S,ENTERING TRAFFIC LANE FROM PARKING,,,1,,,,,,,,,,,,,,,Y,,,FRONT-LEFT-CORNER,,,,,,,,,,,,,,,,,,,,,,,,,,,,,,,,,
2132641,68c77a7ad6d943be88d2b3a86d3c2c8e5b239ac28e8e7dd383c40b32163eec18fb490e24c139e6ab632630a7a19acf94d3238ab0e6e384f64bba5e1d533280ca,08/20/2025 12:00:00 PM,2,DRIVER,,2032983,,HYUNDAI,ACCENT,IL,2016,NONE,PASSENGER,PERSONAL,S,STRAIGHT AHEAD,,,1,,,,,,Y,Y,Y,,,,,,,,,,SIDE-RIGHT,,,,,,,,,,,,,,,,,,,,,,,,,,,,,,,,,