CRASH_UNIT_ID,CRASH_RECORD_ID,CRASH_DATE,UNIT_NO,UNIT_TYPE,NUM_PASSENGERS,VEHICLE_ID,CMRC_VEH_I,MAKE,MODEL,LIC_PLATE_STATE,VEHICLE_YEAR,VEHICLE_DEFECT,VEHICLE_TYPE,VEHICLE_USE,TRAVEL_DIRECTION,MANEUVER,TOWED_I,FIRE_I,OCCUPANT_CNT,EXCEED_SPEED_LIMIT_I,TOWED_BY,TOWED_TO,AREA_00_I,AREA_01_I,AREA_02_I,AREA_03_I,AREA_04_I,AREA_05_I,AREA_06_I,AREA_07_I,AREA_08_I,AREA_09_I,AREA_10_I,AREA_11_I,AREA_12_I,AREA_99_I,FIRST_CONTACT_POINT,CMV_ID,USDOT_NO,CCMC_NO,ILCC_NO,COMMERCIAL_SRC,GVWR,CARRIER_NAME,CARRIER_STATE,CARRIER_CITY,HAZMAT_PLACARDS_I,HAZMAT_NAME,UN_NO,HAZMAT_PRESENT_I,HAZMAT_REPORT_I,HAZMAT_REPORT_NO,MCS_REPORT_I,MCS_REPORT_NO,HAZMAT_VIO_CAUSE_CRASH_I,MCS_VIO_CAUSE_CRASH_I,IDOT_PERMIT_NO,WIDE_LOAD_I,TRAILER1_WIDTH,TRAILER2_WIDTH,TRAILER1_LENGTH,TRAILER2_LENGTH,TOTAL_VEHICLE_LENGTH,AXLE_CNT,VEHICLE_CONFIG,CARGO_BODY_TYPE,LOAD_TYPE,HAZMAT_OUT_OF_SERVICE_I,MCS_OUT_OF_SERVICE_I,HAZMAT_CLASS
2133648,7363fc932c9cbbe9b681b74f54b480aaf59e1186178355143e30e12ef43eb1969f6daa8c94a1883d01771863a9adb8a5e3512efb0e483ed08b5fca36cdcef7f0,08/20/2025 12:00:00 PM,1,DRIVER,,2033945,,NISSAN,TITAN,NB,,UNKNOWN,PASSENGER,PERSONAL,W,STRAIGHT AHEAD,,,1,,,,,,,,,,,Y,Y,Y,Y,Y,,,SIDE-LEFT,,,,,,,,,,,,,,,,,,,,,,,,,,,,,,,,,
2133649,7363fc932c9cbbe9b681b74f54b480aaf59e1186178355143e30e12ef43eb1969f6daa8c94a1883d01771863a9adb8a5e3512efb0e483ed08b5fca36cdcef7f0,08/20/2025 12:00:00 PM,2,DRIVER,,2033952,,NISSAN,OTHER (EXPLAIN IN NARRATIVE),,2021,UNKNOWN,PASSENGER,PERSONAL,W,STRAIGHT AHEAD,,,1,,,,,Y,Y,Y,Y,Y,,,,,,,,,SIDE-RIGHT,,,,,,,,,,,,,,,,,,,,,,,,,,,,,,,,,
2132760,107db7a636948685434e33f16c40da447a23c7c898c5f8a11dfc60ff94d73730e0dad4acdd377bdb386f878b0e0a4eb75263e29ee598e2605901e17ea8f6a67e,08/20/2025 11:58:00 AM,1,DRIVER,,2033113,,HYUNDAI,SANTA FE,IL,2014,NONE,PASSENGER,PERSONAL,N,STRAIGHT AHEAD,,,1,,,,,,,,,,,,,,,Y,,,FRONT-LEFT-CORNER,,,,,,,,,,,,,,,,,,,,,,,,,,,,,,,,,
2132761,107db7a636948685434e33f16c40da447a23c7c898c5f8a11dfc60ff94d73730e0dad4acdd377bdb386f878b0e0a4eb75263e29ee598e2605901e17ea8f6a67e,08/20/2025 11:58:00 AM,2,DRIVER,,2033097,,TESLA,MODEL Y,IL,2024,NONE,PASSENGER,PERSONAL,N,SLOW/STOP IN TRAFFIC,,,1,,,,,,,,,Y,Y,,,,,,,,REAR,,,,,,,,,,,,,,,,,,,,,,,,,,,,,,,,,
2132648,dfeede939fd678d5bb39d9390394b285463df5b18009ccb235c0d2f7f578c59dd3da4ed9d5cca3678bc6918b9d82c41f29e29bb2c6750de4c79bba8837d42f36,08/20/2025 11:55:00 AM,1,DRIVER,,2032988,,TOYOTA,COROLLA,IL,2024,NONE,PASSENGER,PERSONAL,N,STRAIGHT AHEAD,Y,,1,,,,,,,,,,,,,Y,Y,Y,,,SIDE-LEFT,,,,,,,,,,,,,,,,,,,,,,,,,,,,,,,,,
2132649,dfeede939fd678d5bb39d9390394b285463df5b18009ccb235c0d2f7f578c59dd3da4ed9d5cca3678bc6918b9d82c41f29e29bb2c6750de4c79bba8837d42f36,08/20/2025 11:55:00 AM,2,DRIVER,,2032993,,TOYOTA,PRIUS,IL,2014,NONE,PASSENGER,PERSONAL,E,STRAIGHT AHEAD,Y,,1,,,,,Y,,,,,,,,,,,Y,,FRONT-RIGHT-CORNER,,,,,,,,,,,,,,,,,,,,,,,,,,,,,,,,,
2133079,fc3ac7f0c377343b5701709aa3407b662da780a180bfd06a7b5c2cb14cdcfeaeb46a551fb4da0bc3c988ad6078c5fe4fb349cb5fc5220edd9b103e336e98fdee,08/20/2025 11:55:00 AM,1,DRIVER,,2033400,,GENERAL MOTORS CORPORATION (GMC),SIERRA,IL,2014,UNKNOWN,PICKUP,PERSONAL,W,STRAIGHT AHEAD,,,1,,,,,,,,,,,,,,,,Y,,FRONT,,,,,,,,,,,,,,,,,,,,,,,,,,,,,,,,,
2133080,fc3ac7f0c377343b5701709aa3407b662da780a180bfd06a7b5c2cb14cdcfeaeb46a551fb4da0bc3c988ad6078c5fe4fb349cb5fc5220edd9b103e336e98fdee,08/20/2025 11:55:00 AM,2,DRIVER,,2033405,,FREIGHTLINER CORPORATION,FREIGHTLINER CORP.,IL,2025,NONE,TRACTOR W/ SEMI-TRAILER,COMMERCIAL - SINGLE UNIT,W,SLOW/STOP IN TRAFFIC,,,1,,,,,,,,,,Y,,,,,,,,REAR,,,,,,,,,,,,,,,,,,,,,,,,,,,,,,,,,
2132615,0ad2bb7e1a8d820fd7fa3f88dd4c23fb888ded7880fb4cebc69d00f7f6c252e73f14ef67dc9aec12b968e4db7b7d32af82f8a7f090de606ad356473c1493fb44,08/20/2025 11:46:00 AM,1,DRIVER,,2032952,,CHEVROLET,SILVERADO,IL,2015,UNKNOWN,PICKUP,LAWN CARE/LANDSCAPING,S,BACKING,,,1,,,,,,,,,Y,Y,Y,,,,N,,,REAR,,,,,,,,,,,,,,,,,,,,,,,,,,,,,,,,,
2132616,0ad2bb7e1a8d820fd7fa3f88dd4c23fb888ded7880fb4cebc69d00f7f6c252e73f14ef67dc9aec12b968e4db7b7d32af82f8a7f090de606ad356473c1493fb44,08/20/2025 11:46:00 AM,2,DRIVER,,2032960,,CHEVROLET,CRUZE,IL,2016,UNKNOWN,PASSENGER,PERSONAL,NE,STRAIGHT AHEAD,Y,,1,,PRIVATE TOW,,,Y,,,,,,,,,,Y,Y,,FRONT,,,,,,,,,,,,,,,,,,,,,,,,,,,,,,,,,
2132609,1fba6531e11ffadaa57d08771bb2e270a568ae1af4899a12a5f4eaef285f0d2fe93313cce7cd4f08eae070885c8989b9b633a03cf3496f92c35c7cd9eb6e7aee,08/20/2025 11:46:00 AM,1,DRIVER,,2033039,,UNKNOWN,MOTORIZED,IL,,UNKNOWN,UNKNOWN/NA,UNKNOWN/NA,W,STRAIGHT AHEAD,,,1,,,,N,,,,,,,,,,,,,Y,UNKNOWN,,,,,,,,,,,,,,,,,,,,,,,,,,,,,,,,,
2132610,1fba6531e11ffadaa57d08771bb2e270a568ae1af4899a12a5f4eaef285f0d2fe93313cce7cd4f08eae070885c8989b9b633a03cf3496f92c35c7cd9eb6e7aee,08/20/2025 11:46:00 AM,2,PEDESTRIAN,,,,,,,,,,,,,,,,,,,,,,,,,,,,,,,,,,,,,,,,,,,,,,,,,,,,,,,,,,,,,,,,,,
2132892,c3ce3a0928a6393fb9eb5aefb1be03a004e129352e9b384563ce52c3fd103216a2372938e0a4d5fa8a33ba9d1a1198fa34c166fe5ba75d0b733e31147e8e9b01,08/20/2025 11:45:00 AM,1,DRIVER,,2033233,,UNKNOWN,OTHER (EXPLAIN IN NARRATIVE),,,UNKNOWN,PICKUP,UNKNOWN/NA,W,STRAIGHT AHEAD,,,1,,,,,,,,,,,,,,,,,Y,UNKNOWN,,,,,,,,,,,,,,,,,,,,,,,,,,,,,,,,,
2132893,c3ce3a0928a6393fb9eb5aefb1be03a004e129352e9b384563ce52c3fd103216a2372938e0a4d5fa8a33ba9d1a1198fa34c166fe5ba75d0b733e31147e8e9b01,08/20/2025 11:45:00 AM,2,DRIVER,,2033228,,DODGE,GRAND CARAVAN,IL,2014,NONE,VAN/MINI-VAN,PERSONAL,W,STRAIGHT AHEAD,,,1,,,,,,,,,,Y,,,,,,,,REAR,,,,,,,,,,,,,,,,,,,,,,,,,,,,,,,,,
2132672,b0bec45a45ff1463fff32727560451d3912f29d59b4538f17ee30bade2291174a91aaae54f4df1696a6782e2ad0b1eb5525155bdfcbcd1d303ec3bcb03554b50,08/20/2025 11:40:00 AM,1,DRIVER,1,2033028,,DODGE,CARAVAN,IL,2011,UNKNOWN,VAN/MINI-VAN,PERSONAL,N,TURNING LEFT,,,2,,,,,,,,,,,,Y,Y,Y,Y,,,FRONT-LEFT-CORNER,,,,,,,,,,,,,,,,,,,,,,,,,,,,,,,,,
2132673,b0bec45a45ff1463fff32727560451d3912f29d59b4538f17ee30bade2291174a91aaae54f4df1696a6782e2ad0b1eb5525155bdfcbcd1d303ec3bcb03554b50,08/20/2025 11:40:00 AM,2,DRIVER,,2033033,,BUICK,ENCLAVE,IL,2023,NONE,PASSENGER,PERSONAL,E,SLOW/STOP IN TRAFFIC,,,1,,,,,,,,,,,,Y,Y,Y,Y,,,SIDE-LEFT-FRONT,,,,,,,,,,,,,,,,,,,,,,,,,,,,,,,,,
2132674,b0bec45a45ff1463fff32727560451d3912f29d59b4538f17ee30bade2291174a91aaae54f4df1696a6782e2ad0b1eb5525155bdfcbcd1d303ec3bcb03554b50,08/20/2025 11:40:00 AM,3,DRIVER,1,2033044,,BUICK,REGAL,IL,2011,NONE,PASSENGER,PERSONAL,E,SLOW/STOP IN TRAFFIC,,,2,,,,,,,,,,,,Y,Y,Y,,,,SIDE-LEFT,,,,,,,,,,,,,,,,,,,,,,,,,,,,,,,,,
2132655,5307f7428925126333f80329733b6ec78dd8a733bd84b9411abb92f631144b49bd436fabeee5b63011520bcfbe86c6c9b4f2e90fb7cf71e6534d13477260f0d3,08/20/2025 11:30:00 AM,1,DRIVER,,2032991,,TOYOTA,PRIUS,IL,2012,UNKNOWN,PASSENGER,PERSONAL,UNKNOWN,UNKNOWN/NA,,,1,,,,,,,,,,,,,Y,Y,Y,,,SIDE-LEFT-FRONT,,,,,,,,,,,,,,,,,,,,,,,,,,,,,,,,,
2132656,5307f7428925126333f80329733b6ec78dd8a733bd84b9411abb92f631144b49bd436fabeee5b63011520bcfbe86c6c9b4f2e90fb7cf71e6534d13477260f0d3,08/20/2025 11:30:00 AM,2,DRIVER,,2033000,,VOLVO,XC4,IL,2024,UNKNOWN,PASSENGER,PERSONAL,UNKNOWN,UNKNOWN/NA,,,1,,,,,,Y,Y,Y,Y,Y,,,,,,,,SIDE-RIGHT-REAR,,,,,,,,,,,,,,,,,,,,,,,,,,,,,,,,,
2132607,6394540e83d53a8685cee96bb9c4e4a566b35cd4e299dd23cd7c85a3c57c2c78e2d0eef28489080977ab056d0d902991d98f5ef4adb98ae84cb01f25d0c2d3a7,08/20/2025 11:30:00 AM,1,DRIVER,,2032950,,DODGE,CHARGER,IL,2019,UNKNOWN,PASSENGER,PERSONAL,UNKNOWN,STRAIGHT AHEAD,,,1,,,,,Y,,,,,,,,,,,,,FRONT-RIGHT-CORNER,,,,,,,,,,,,,,,,,,,,,,,,,,,,,,,,,
2132608,6394540e83d53a8685cee96bb9c4e4a566b35cd4e299dd23cd7c85a3c57c2c78e2d0eef28489080977ab056d0d902991d98f5ef4adb98ae84cb01f25d0c2d3a7,08/20/2025 11:30:00 AM,2,PARKED,,2032956,,HYUNDAI,VENUE,IL,2022,UNKNOWN,PASSENGER,UNKNOWN/NA,UNKNOWN,PARKED,,,0,,,,,,,,,,,Y,Y,,,N,,,FRONT-LEFT-CORNER,,,,,,,,,,,,,,,,,,,,,,,,,,,,,,,,,
2132593,d5c8eb9359e38794387096356edd13a1e3fd5ad0504ce1a3987ce904ff4c58dab87df926b2765c6d644c2b224aed0b7c8fa8d2a71b5b6fd6258003aec0d0d28f,08/20/2025 11:27:00 AM,1,DRIVER,,2032925,,UNKNOWN,MOTORIZED,IL,,NONE,SPORT UTILITY VEHICLE (SUV),PERSONAL,S,PASSING/OVERTAKING,,,1,,,,,N,N,,,,,,,,,,N,Y,UNKNOWN,,,,,,,,,,,,,,,,,,,,,,,,,,,,,,,,,
2132594,d5c8eb9359e38794387096356edd13a1e3fd5ad0504ce1a3987ce904ff4c58dab87df926b2765c6d644c2b224aed0b7c8fa8d2a71b5b6fd6258003aec0d0d28f,08/20/2025 11:27:00 AM,2,DRIVER,,2032931,,TOYOTA,PRIUS,CA,2016,NONE,PASSENGER,PERSONAL,S,STRAIGHT AHEAD,,,1,,,,,Y,Y,,,,,,,,,,Y,N,FRONT-RIGHT-CORNER,,,,,,,,,,,,,,,,,,,,,,,,,,,,,,,,,
2132617,b3ecb239bda0629713b159211e0944b1ba03a74fe0e5da4e18071b9f94eb6cec83807c4208b902357361f65185f3cd1ea7e72378bfafce2d46bd22115021abee,08/20/2025 11:22:00 AM,1,DRIVER,,2032954,,DODGE,CHARGER,IL,2019,NONE,PASSENGER,PERSONAL,N,STRAIGHT AHEAD,,,1,,,,,Y,Y,,,,,Y,Y,Y,,,Y,,REAR-LEFT-CORNER,,,,,,,,,,,,,,,,,,,,,,,,,,,,,,,,,
2132618,b3ecb239bda0629713b159211e0944b1ba03a74fe0e5da4e18071b9f94eb6cec83807c4208b902357361f65185f3cd1ea7e72378bfafce2d46bd22115021abee,08/20/2025 11:22:00 AM,2,DRIVER,,2032959,,GENERAL MOTORS CORPORATION (GMC),TERRAIN,IL,2011,NONE,SPORT UTILITY VEHICLE (SUV),PERSONAL,N,SLOW/STOP IN TRAFFIC,,,1,,,,,Y,Y,Y,,,,,,,,,Y,,FRONT-RIGHT-CORNER,,,,,,,,,,,,,,,,,,,,,,,,,,,,,,,,,
2132619,b3ecb239bda0629713b159211e0944b1ba03a74fe0e5da4e18071b9f94eb6cec83807c4208b902357361f65185f3cd1ea7e72378bfafce2d46bd22115021abee,08/20/2025 11:22:00 AM,3,DRIVER,,2032963,,CHEVROLET,EQUINOX,IL,2011,NONE,SPORT UTILITY VEHICLE (SUV),PERSONAL,N,SLOW/STOP IN TRAFFIC,,,1,,,,,,,,,,Y,Y,Y,,,,,,REAR-LEFT-CORNER,,,,,,,,,,,,,,,,,,,,,,,,,,,,,,,,,
2132613,70e06772f282cd3c31bed5c3793e4bbf599601c7038b08bd3a5fb7b53d2be4335cd7b326c4c31221162ad980de5459b2e71d856b83f52e77559b62459869427e,08/20/2025 11:15:00 AM,1,DRIVER,,2032949,,LEXUS,ES,IL,1997,UNKNOWN,PASSENGER,UNKNOWN/NA,N,UNKNOWN/NA,,,1,,,,,Y,,,,,,,,,,,Y,,FRONT-RIGHT-CORNER,,,,,,,,,,,,,,,,,,,,,,,,,,,,,,,,,
2132614,70e06772f282cd3c31bed5c3793e4bbf599601c7038b08bd3a5fb7b53d2be4335cd7b326c4c31221162ad980de5459b2e71d856b83f52e77559b62459869427e,08/20/2025 11:15:00 AM,2,DRIVER,1,2032957,,CHEVROLET,CRUZE,IL,2012,NONE,PASSENGER,UNKNOWN/NA,W,SLOW/STOP IN TRAFFIC,,,2,,,,,,,,,,,,,,,,,,FRONT,,,,,,,,,,,,,,,,,,,,,,,,,,,,,,,,,
2132591,ff8c942e64ee88c8c69215c1e09c0368b45e6e6813613ba37aaed21903bbe123f39ef3ec5103f581894df6e37cc855dfd3e23ef85e871a1bdae04b3f70b204b4,08/20/2025 11:15:00 AM,1,DRIVER,,2032922,,MITSUBISHI,LANCER,IL,2008,UNKNOWN,PASSENGER,PERSONAL,W,ENTERING TRAFFIC LANE FROM PARKING,,,1,,,,,,,,,,,,,,Y,Y,,,FRONT-LEFT-CORNER,,,,,,,,,,,,,,,,,,,,,,,,,,,,,,,,,
2132592,ff8c942e64ee88c8c69215c1e09c0368b45e6e6813613ba37aaed21903bbe123f39ef3ec5103f581894df6e37cc855dfd3e23ef85e871a1bdae04b3f70b204b4,08/20/2025 11:15:00 AM,2,DRIVER,,2032929,,NISSAN,PATHFINDER,IL,2018,UNKNOWN,PASSENGER,PERSONAL,W,STRAIGHT AHEAD,,,1,,,,,,Y,Y,Y,,,,,,,,,,SIDE-RIGHT,,,,,,,,,,,,,,,,,,,,,,,,,,,,,,,,,
2132681,3e7eb579d6d06002861e84d4f6e8ba5068948e3687f575e622b0a8bd2eca123cf3c9ef135f545496172d7299042f752e3386a6968aac3c3398e5610d4922be97,08/20/2025 11:10:00 AM,1,DRIVER,,2033009,,TOYOTA,SIENNA,IL,2017,UNKNOWN,VAN/MINI-VAN,PERSONAL,E,BACKING,,,1,,,,,,,,,Y,,,,,,,,,REAR-RIGHT-CORNER,,,,,,,,,,,,,,,,,,,,,,,,,,,,,,,,,
2132682,3e7eb579d6d06002861e84d4f6e8ba5068948e3687f575e622b0a8bd2eca123cf3c9ef135f545496172d7299042f752e3386a6968aac3c3398e5610d4922be97,08/20/2025 11:10:00 AM,2,PARKED,,2033012,,SUBARU,OUTBACK,IL,2019,NONE,PASSENGER,NOT IN USE,N,PARKED,,,0,,,,,,,,,,,Y,,,,,,,SIDE-LEFT-REAR,,,,,,,,,,,,,,,,,,,,,,,,,,,,,,,,,
2132569,13788226c9559086a4be5a0d975f4ef4ec0df34c430b1e3abe5b249f559e91f25c122117033cc858c5b563b8559954701eb58369ea50bb22c50dcfa4cee9fcf5,08/20/2025 11:07:00 AM,1,DRIVER,,2032909,,CHRYSLER,300,IL,2018,NONE,PASSENGER,PERSONAL,S,ENTERING TRAFFIC LANE FROM PARKING,,,1,,,,,,,,,N,Y,N,,,,,,,REAR,,,,,,,,,,,,,,,,,,,,,,,,,,,,,,,,,
2132570,13788226c9559086a4be5a0d975f4ef4ec0df34c430b1e3abe5b249f559e91f25c122117033cc858c5b563b8559954701eb58369ea50bb22c50dcfa4cee9fcf5,08/20/2025 11:07:00 AM,2,DRIVER,,2032916,,CHEVROLET,EQUINOX,IL,2011,NONE,SPORT UTILITY VEHICLE (SUV),PERSONAL,W,STRAIGHT AHEAD,,,1,,,,,,,Y,Y,N,,,,,,,,,SIDE-RIGHT-REAR,,,,,,,,,,,,,,,,,,,,,,,,,,,,,,,,,
2132578,8ab1c08bbd1ad2ee9cd88ed0f28e715f05ff3471fdff6e19690a1e503bd28228537739a7c9367f5282ca99b6517ab8294b5201e3967ac4836dc93126ac5c0af6,08/20/2025 11:07:00 AM,1,DRIVER,1,2032917,,VOLVO,XC60,WI,2023,NONE,PASSENGER,PERSONAL,S,STARTING IN TRAFFIC,,,2,,,,,,,,,,,,,,,Y,,,FRONT-LEFT-CORNER,,,,,,,,,,,,,,,,,,,,,,,,,,,,,,,,,
2132579,8ab1c08bbd1ad2ee9cd88ed0f28e715f05ff3471fdff6e19690a1e503bd28228537739a7c9367f5282ca99b6517ab8294b5201e3967ac4836dc93126ac5c0af6,08/20/2025 11:07:00 AM,2,DRIVER,1,2032924,,FORD,TAURUS,IL,2010,NONE,PASSENGER,PERSONAL,S,STRAIGHT AHEAD,,,2,,,,,,Y,Y,Y,,,,,,,,,,SIDE-LEFT-FRONT,,,,,,,,,,,,,,,,,,,,,,,,,,,,,,,,,
2134837,4a124cc529e1d8be22c0846467132b8459c51b7eec2b2cd8ba772e0cc0ad35a3cd1ca2a80fd7dc8b921f515da8be4541b546800647160a1b979adc1b9d45c00c,08/20/2025 11:00:00 AM,1,DRIVER,,2035078,,BUICK,LUCERNE,IL,2009,NONE,PASSENGER,PERSONAL,W,SLOW/STOP IN TRAFFIC,,,1,,,,,,,,,,,,,,,,Y,,FRONT,,,,,,,,,,,,,,,,,,,,,,,,,,,,,,,,,
2134838,4a124cc529e1d8be22c0846467132b8459c51b7eec2b2cd8ba772e0cc0ad35a3cd1ca2a80fd7dc8b921f515da8be4541b546800647160a1b979adc1b9d45c00c,08/20/2025 11:00:00 AM,2,DRIVER,,2035082,,HONDA,HR-V,IL,2024,NONE,SPORT UTILITY VEHICLE (SUV),PERSONAL,W,SLOW/STOP IN TRAFFIC,,,1,,,,,,,,,,Y,,,,,,,,REAR,,,,,,,,,,,,,,,,,,,,,,,,,,,,,,,,,
2132714,50bf0e6e6137dea724192ea1acc4266f440f592f9f2731025c6abef825a6a365d34be8fb84e5cc9811659e6410b2336ddce76dca8c412adf2b98f59d49010637,08/20/2025 11:00:00 AM,1,DRIVER,,2033049,,UNKNOWN,OTHER (EXPLAIN IN NARRATIVE),IL,1992,UNKNOWN,VAN/MINI-VAN,UNKNOWN/NA,UNKNOWN,UNKNOWN/NA,,,1,,,,,,,,,,,,,,,,,Y,UNKNOWN,,,,,,,,,,,,,,,,,,,,,,,,,,,,,,,,,
2132715,50bf0e6e6137dea724192ea1acc4266f440f592f9f2731025c6abef825a6a365d34be8fb84e5cc9811659e6410b2336ddce76dca8c412adf2b98f59d49010637,08/20/2025 11:00:00 AM,2,DRIVER,2,2033064,,FORD,EXPLORER,IL,2013,UNKNOWN,UNKNOWN/NA,UNKNOWN/NA,UNKNOWN,UNKNOWN/NA,,,3,,,,,,,,,,,Y,Y,,,,,,SIDE-LEFT-REAR,,,,,,,,,,,,,,,,,,,,,,,,,,,,,,,,,
2132563,66c26de3031f714182457a4dbd3a5ddafa7951939a9237bd8ea7ca84a4f656cccf09b54444476ec083cbab52619d9d3bb929fcabea6afbc1bcb49f6e0e179747,08/20/2025 11:00:00 AM,2,DRIVER,,2032902,,GENESIS,G70,IL,2023,UNKNOWN,PASSENGER,PERSONAL,UNKNOWN,STRAIGHT AHEAD,,,1,,,,,,,,,,Y,,,,,,,,REAR,,,,,,,,,,,,,,,,,,,,,,,,,,,,,,,,,
2132564,66c26de3031f714182457a4dbd3a5ddafa7951939a9237bd8ea7ca84a4f656cccf09b54444476ec083cbab52619d9d3bb929fcabea6afbc1bcb49f6e0e179747,08/20/2025 11:00:00 AM,1,DRIVER,,2032906,,CHEVROLET,MALIBU,IL,2011,NONE,PASSENGER,PERSONAL,W,STRAIGHT AHEAD,,,1,,,,,,,,,,,,,,,,Y,,FRONT,,,,,,,,,,,,,,,,,,,,,,,,,,,,,,,,,
2132611,fb19fe24e912dc79128957e212e2e861abe8b8582406ca62b6f6a462e80b5e63412accc10825413a6e53111332739180f51bcc8009423e8c55ad95f58cb7dac9,08/20/2025 11:00:00 AM,1,DRIVER,,2032951,,FORD,FUSION,IN,2017,UNKNOWN,PASSENGER,PERSONAL,S,STRAIGHT AHEAD,,,1,,,,,Y,Y,,,,,,,,,,,,FRONT-RIGHT-CORNER,,,,,,,,,,,,,,,,,,,,,,,,,,,,,,,,,
2132612,fb19fe24e912dc79128957e212e2e861abe8b8582406ca62b6f6a462e80b5e63412accc10825413a6e53111332739180f51bcc8009423e8c55ad95f58cb7dac9,08/20/2025 11:00:00 AM,2,PARKED,,2032953,,JEEP,RENEGADE,IL,2018,UNKNOWN,PASSENGER,PERSONAL,S,PARKED,,,0,,,,,,,,,,,Y,Y,,,,,,REAR-LEFT-CORNER,,,,,,,,,,,,,,,,,,,,,,,,,,,,,,,,,
2132597,bcff52629098c1216d56a8e0be5ca47d68dd2b93a76bc8cec945777c0ba13ef809f50b5f3bef9c12b409988b749fa67657287f598a2dd6a475e5575b4c2f255b,08/20/2025 10:59:00 AM,1,DRIVER,,2032933,,TOYOTA,AVALON,IL,2007,UNKNOWN,PASSENGER,PERSONAL,N,STRAIGHT AHEAD,,,1,,,,,Y,,,,,,N,,,,,,,FRONT-RIGHT-CORNER,,,,,,,,,,,,,,,,,,,,,,,,,,,,,,,,,
2132598,bcff52629098c1216d56a8e0be5ca47d68dd2b93a76bc8cec945777c0ba13ef809f50b5f3bef9c12b409988b749fa67657287f598a2dd6a475e5575b4c2f255b,08/20/2025 10:59:00 AM,2,PARKED,1,2032937,,TOYOTA,RAV4,IL,2024,UNKNOWN,PASSENGER,OTHER,N,PARKED,,,1,,,,,,,,,,,Y,,,,,,,SIDE-LEFT-REAR,,,,,,,,,,,,,,,,,,,,,,,,,,,,,,,,,
2132581,ee6326585bfb833ad3ecd1768b9f67d565e336b05e1e8952d22291234e756c360adbbad3cfc3737366fee5ab3703cf8e7a6dec89c531c3a414cf772138fe72ca,08/20/2025 10:50:00 AM,1,DRIVER,,2032921,,HONDA,CIVIC,IL,2007,NONE,PASSENGER,PERSONAL,SE,TURNING LEFT,,,1,,,,,Y,Y,,,,,,,,,,Y,,FRONT-RIGHT-CORNER,,,,,,,,,,,,,,,,,,,,,,,,,,,,,,,,,
2132582,ee6326585bfb833ad3ecd1768b9f67d565e336b05e1e8952d22291234e756c360adbbad3cfc3737366fee5ab3703cf8e7a6dec89c531c3a414cf772138fe72ca,08/20/2025 10:50:00 AM,2,DRIVER,2,2032928,,JEEP,GRAND CHEROKEE,IL,2015,NONE,PASSENGER,PERSONAL,N,STRAIGHT AHEAD,,,3,,,,,,,,,,,,,,Y,Y,,,FRONT-LEFT-CORNER,,,,,,,,,,,,,,,,,,,,,,,,,,,,,,,,,
2132871,6af614f5e54a397ccafe2b740977c64aa4837464a41372e60adbc9092a6e27663f2051b6da7143406682598d0401d625d6b65f0134e8d37d1f58ea3c5a54b697,08/20/2025 10:45:00 AM,1,DRIVER,,2033209,,ACURA,CL,IL,2014,UNKNOWN,SPORT UTILITY VEHICLE (SUV),UNKNOWN/NA,E,STRAIGHT AHEAD,,,1,,,,,,,,,,,,,,,,Y,,FRONT,,,,,,,,,,,,,,,,,,,,,,,,,,,,,,,,,
2132872,6af614f5e54a397ccafe2b740977c64aa4837464a41372e60adbc9092a6e27663f2051b6da7143406682598d0401d625d6b65f0134e8d37d1f58ea3c5a54b697,08/20/2025 10:45:00 AM,2,DRIVER,,2033200,,TOYOTA,RAV4,TX,2021,NONE,SPORT UTILITY VEHICLE (SUV),PERSONAL,W,STRAIGHT AHEAD,,,1,,,,,Y,,,,,,,,,,,,,FRONT-RIGHT-CORNER,,,,,,,,,,,,,,,,,,,,,,,,,,,,,,,,,
2132575,c7fceca341efe1f2422ad008752f08c7603a8c3a310cc2461cbc9dba7dc22e44a1036532e924e36347c5cecbab621afcfef284f206948da3e2666ccef0bd68e4,08/20/2025 10:39:00 AM,1,DRIVER,,2032913,,JEEP,LIBERTY,IL,2004,UNKNOWN,SPORT UTILITY VEHICLE (SUV),UNKNOWN/NA,E,STRAIGHT AHEAD,,,1,,,,,Y,,,,,,,,,,Y,Y,,FRONT,,,,,,,,,,,,,,,,,,,,,,,,,,,,,,,,,
2132580,c7fceca341efe1f2422ad008752f08c7603a8c3a310cc2461cbc9dba7dc22e44a1036532e924e36347c5cecbab621afcfef284f206948da3e2666ccef0bd68e4,08/20/2025 10:39:00 AM,2,DRIVER,,2032918,,HONDA,OTHER (EXPLAIN IN NARRATIVE),WI,2017,UNKNOWN,SPORT UTILITY VEHICLE (SUV),OTHER,N,STRAIGHT AHEAD,,,1,,,,,,,,,,,,,Y,Y,,,,SIDE-LEFT,,,,,,,,,,,,,,,,,,,,,,,,,,,,,,,,,
2132727,1a4238ca15f592c226401de0654a946f6ad6114c9af7e7dd31de7efc44c644af363fe9351d9bd5a415d7792084eb0b72d7327bacf2c8e6a458e02b93a0e7b3bb,08/20/2025 10:30:00 AM,1,DRIVER,,2033076,,GENERAL MOTORS CORPORATION (GMC),ACADIA,IL,2025,NONE,SPORT UTILITY VEHICLE (SUV),PERSONAL,S,TURNING RIGHT,,,1,,,,,,,,,,,,,,,,,,FRONT-LEFT-CORNER,,,,,,,,,,,,,,,,,,,,,,,,,,,,,,,,,