CRASH_UNIT_ID,CRASH_RECORD_ID,CRASH_DATE,UNIT_NO,UNIT_TYPE,NUM_PASSENGERS,VEHICLE_ID,CMRC_VEH_I,MAKE,MODEL,LIC_PLATE_STATE,VEHICLE_YEAR,VEHICLE_DEFECT,VEHICLE_TYPE,VEHICLE_USE,TRAVEL_DIRECTION,MANEUVER,TOWED_I,FIRE_I,OCCUPANT_CNT,EXCEED_SPEED_LIMIT_I,TOWED_BY,TOWED_TO,AREA_00_I,AREA_01_I,AREA_02_I,AREA_03_I,AREA_04_I,AREA_05_I,AREA_06_I,AREA_07_I,AREA_08_I,AREA_09_I,AREA_10_I,AREA_11_I,AREA_12_I,AREA_99_I,FIRST_CONTACT_POINT,CMV_ID,USDOT_NO,CCMC_NO,ILCC_NO,COMMERCIAL_SRC,GVWR,CARRIER_NAME,CARRIER_STATE,CARRIER_CITY,HAZMAT_PLACARDS_I,HAZMAT_NAME,UN_NO,HAZMAT_PRESENT_I,HAZMAT_REPORT_I,HAZMAT_REPORT_NO,MCS_REPORT_I,MCS_REPORT_NO,HAZMAT_VIO_CAUSE_CRASH_I,MCS_VIO_CAUSE_CRASH_I,IDOT_PERMIT_NO,WIDE_LOAD_I,TRAILER1_WIDTH,TRAILER2_WIDTH,TRAILER1_LENGTH,TRAILER2_LENGTH,TOTAL_VEHICLE_LENGTH,AXLE_CNT,VEHICLE_CONFIG,CARGO_BODY_TYPE,LOAD_TYPE,HAZMAT_OUT_OF_SERVICE_I,MCS_OUT_OF_SERVICE_I,HAZMAT_CLASS
2132728,1a4238ca15f592c226401de0654a946f6ad6114c9af7e7dd31de7efc44c644af363fe9351d9bd5a415d7792084eb0b72d7327bacf2c8e6a458e02b93a0e7b3bb,08/20/2025 10:30:00 AM,2,DRIVER,,2033068,,TOYOTA,RAV4,IL,2013,NONE,PASSENGER,PERSONAL,E,TURNING LEFT,,,1,,,,,,,,,,,,,,,,,,FRONT-LEFT-CORNER,,,,,,,,,,,,,,,,,,,,,,,,,,,,,,,,,
2137977,c7a90a59003185774b320e23ebd9476049bb075bc6294b0fc977f5ed01f7a59a76f554e3214b5dca7c69887cc586d9bf3780347c26a335b9fe4f268440fbcb6e,08/20/2025 10:30:00 AM,1,DRIVER,,2038082,,MERCEDES-BENZ,OTHER (EXPLAIN IN NARRATIVE),IL,2023,UNKNOWN,SPORT UTILITY VEHICLE (SUV),UNKNOWN/NA,E,STRAIGHT AHEAD,,,1,,,,,,,,,,,,,,,,,Y,FRONT,,,,,,,,,,,,,,,,,,,,,,,,,,,,,,,,,
2137978,c7a90a59003185774b320e23ebd9476049bb075bc6294b0fc977f5ed01f7a59a76f554e3214b5dca7c69887cc586d9bf3780347c26a335b9fe4f268440fbcb6e,08/20/2025 10:30:00 AM,2,DRIVER,,2038085,,BMW,325I,NC,2006,UNKNOWN,PASSENGER,UNKNOWN/NA,E,UNKNOWN/NA,,,1,,,,,,,,,,,Y,Y,,,,,,SIDE-LEFT-REAR,,,,,,,,,,,,,,,,,,,,,,,,,,,,,,,,,
2132587,227a753cd1eed9530aedf6f5676af4f7296ab8d1c52f2d5b845191687da4012f644d143e1669c08fffcb8aab12c4bff4fd481203df63c26b43df975a55dfcaa9,08/20/2025 10:26:00 AM,1,DRIVER,,2032920,,NOVA BUS,OTHER (EXPLAIN IN NARRATIVE),,,NONE,BUS OVER 15 PASS.,CTA,S,UNKNOWN/NA,,,1,,,,,,,,,,,,,,,,,Y,UNKNOWN,,,,,,,,,,,,,,,,,,,,,,,,,,,,,,,,,
2132588,227a753cd1eed9530aedf6f5676af4f7296ab8d1c52f2d5b845191687da4012f644d143e1669c08fffcb8aab12c4bff4fd481203df63c26b43df975a55dfcaa9,08/20/2025 10:26:00 AM,2,BICYCLE,,,,,,,,,,,,,,,,,,,,,,,,,,,,,,,,,,,,,,,,,,,,,,,,,,,,,,,,,,,,,,,,,,
2132573,b86f816e4de952c76d5ae8d05acbac74114f84e8e2594eb8566ad65e63079f1a6595fe3c0c2256efe790613e65a0184ccc57f3808e8e7c8d58b4282d63b93dd5,08/20/2025 10:22:00 AM,1,DRIVER,,2032915,Y,VOLKSWAGEN,OTHER (EXPLAIN IN NARRATIVE),IN,2015,NONE,TRACTOR W/ SEMI-TRAILER,COMMERCIAL - MULTI-UNIT,W,TURNING RIGHT,,,1,,,,,,,,,,,Y,,,,,,,REAR-LEFT-CORNER,"22,037",621398,,,,3,SYSCO EASTREN WISCONSIN LLC,IN,INDIANAPOLIS,,,,N,N,,N,,N,N,,,,,42,,,,TRACTOR/SEMI-TRAILER,,,N,N,
2132574,b86f816e4de952c76d5ae8d05acbac74114f84e8e2594eb8566ad65e63079f1a6595fe3c0c2256efe790613e65a0184ccc57f3808e8e7c8d58b4282d63b93dd5,08/20/2025 10:22:00 AM,2,PARKED,,2032923,,BMW,X3,IL,2024,UNKNOWN,SPORT UTILITY VEHICLE (SUV),UNKNOWN/NA,W,PARKED,,,0,,,,,Y,Y,,,,,,,,,,,,SIDE-RIGHT-FRONT,,,,,,,,,,,,,,,,,,,,,,,,,,,,,,,,,
2132550,5cbf634ec1a5b2c02cd9abe11d23750c07692154f28e8a5508fede40975ee34e9250443ff9066da1023cf39f27ee8795c78a1782e40b4865706ebbe67983a435,08/20/2025 10:18:00 AM,1,DRIVER,,2032896,,FREIGHTLINER CORPORATION,OTHER (EXPLAIN IN NARRATIVE),IL,2020,UNKNOWN,OTHER,TOW TRUCK,S,SLOW/STOP IN TRAFFIC,,,1,,,,N,,,,,,,,,,,,,Y,REAR,,,,,,,,,,,,,,,,,,,,,,,,,,,,,,,,,
2132551,5cbf634ec1a5b2c02cd9abe11d23750c07692154f28e8a5508fede40975ee34e9250443ff9066da1023cf39f27ee8795c78a1782e40b4865706ebbe67983a435,08/20/2025 10:18:00 AM,2,DRIVER,1,2032893,,NISSAN,ROGUE,IL,2023,NONE,PASSENGER,PERSONAL,S,SLOW/STOP IN TRAFFIC,,,2,,,,,N,,,,,,,,,,,Y,,FRONT,,,,,,,,,,,,,,,,,,,,,,,,,,,,,,,,,
2132583,db41bea95fa2fe70e103517918c7769038147340edaa4dddd3e8cc1584297aa8426c9784d4261bd75097c52c6a21db853bd01ad4452cdc08b02de78c9f6a95ea,08/20/2025 10:15:00 AM,2,BICYCLE,,,,,,,,,,,,,,,,,,,,,,,,,,,,,,,,,,,,,,,,,,,,,,,,,,,,,,,,,,,,,,,,,,
2132584,db41bea95fa2fe70e103517918c7769038147340edaa4dddd3e8cc1584297aa8426c9784d4261bd75097c52c6a21db853bd01ad4452cdc08b02de78c9f6a95ea,08/20/2025 10:15:00 AM,1,DRIVER,,2032939,,HONDA,PILOT,IL,2019,NONE,SPORT UTILITY VEHICLE (SUV),PERSONAL,W,TURNING LEFT,,,1,,,,,Y,Y,,,,,,,,,,,,SIDE-RIGHT-FRONT,,,,,,,,,,,,,,,,,,,,,,,,,,,,,,,,,
2132626,2e83e8d447b321d763aab8a11c0fcf7d0e699b28adbcbfab63e21ae78878e7b9ec01aab4a483c3773c57a7e56d5a3a93e2a7c4e854c340d3eb1845eca0f100ff,08/20/2025 10:14:00 AM,1,DRIVER,,2032966,,CHEVROLET,SILVERADO,IL,2024,NONE,PICKUP,CONSTRUCTION/MAINTENANCE,S,STRAIGHT AHEAD,,,1,,,,,,Y,,,,,,,,,,,,FRONT-RIGHT-CORNER,,,,,,,,,,,,,,,,,,,,,,,,,,,,,,,,,
2132627,2e83e8d447b321d763aab8a11c0fcf7d0e699b28adbcbfab63e21ae78878e7b9ec01aab4a483c3773c57a7e56d5a3a93e2a7c4e854c340d3eb1845eca0f100ff,08/20/2025 10:14:00 AM,2,DRIVER,,2032975,,MERCEDES-BENZ,SPRINTER,IL,2015,UNKNOWN,VAN/MINI-VAN,UNKNOWN/NA,S,STRAIGHT AHEAD,,,1,,,,,,,,,,,,,,Y,,,,FRONT-LEFT-CORNER,,,,,,,,,,,,,,,,,,,,,,,,,,,,,,,,,
2132753,19083088c26882a261d4aac5f2d927b7a59d323a2ddfbb2c59c8ed922535685041ba71a77c501a5ec06f0eac48cf6027cb018f38abbcbd0a57ee9eea0de6b264,08/20/2025 10:00:00 AM,1,DRIVER,,2033086,,UNKNOWN,MOTORIZED,,,UNKNOWN,UNKNOWN/NA,UNKNOWN/NA,N,UNKNOWN/NA,,,1,,,,,,,,,,,,,,,,,,SIDE-LEFT,,,,,,,,,,,,,,,,,,,,,,,,,,,,,,,,,
2132754,19083088c26882a261d4aac5f2d927b7a59d323a2ddfbb2c59c8ed922535685041ba71a77c501a5ec06f0eac48cf6027cb018f38abbcbd0a57ee9eea0de6b264,08/20/2025 10:00:00 AM,2,PARKED,,2033087,,DODGE,DURANGO,FL,2023,NONE,SPORT UTILITY VEHICLE (SUV),NOT IN USE,N,PARKED,,,0,,,,,N,Y,Y,Y,,,,,,,,,,SIDE-RIGHT,,,,,,,,,,,,,,,,,,,,,,,,,,,,,,,,,
2132772,1d609d7e334a6caf698d2e15fbc48a05409e8abe422a71f1070777730df633dcf70a21c0d77a4860dc173a1b6762bfe996cc9f27efebd8ee624a2ee4b91f3912,08/20/2025 10:00:00 AM,1,DRIVER,,2033106,,CHEVROLET,SILVERADO,IL,2024,UNKNOWN,PICKUP,UNKNOWN/NA,UNKNOWN,OTHER,,,1,,,,,,,,,,,,,,,,,Y,UNKNOWN,,,,,,,,,,,,,,,,,,,,,,,,,,,,,,,,,
2132773,1d609d7e334a6caf698d2e15fbc48a05409e8abe422a71f1070777730df633dcf70a21c0d77a4860dc173a1b6762bfe996cc9f27efebd8ee624a2ee4b91f3912,08/20/2025 10:00:00 AM,2,PARKED,,2033115,,BMW,OTHER (EXPLAIN IN NARRATIVE),IL,2022,NONE,PASSENGER,PERSONAL,UNKNOWN,PARKED,,,0,,,,,,,,,,,,,,,Y,,,FRONT-LEFT-CORNER,,,,,,,,,,,,,,,,,,,,,,,,,,,,,,,,,
2133138,7bfb6b0840e7d3f17e9c9f784375d7a1a4bf70569ec6e0a223e8773123df1c153170e73d774de9583b0a8e85fe3d6f34ba06c958be4cc37aea030722b1d64c54,08/20/2025 10:00:00 AM,1,DRIVER,,2033466,,TOYOTA,RAV4,IL,2013,UNKNOWN,SPORT UTILITY VEHICLE (SUV),UNKNOWN/NA,E,STRAIGHT AHEAD,,,1,,,,,,,,,,,,,,Y,Y,,,FRONT-LEFT-CORNER,,,,,,,,,,,,,,,,,,,,,,,,,,,,,,,,,
2133139,7bfb6b0840e7d3f17e9c9f784375d7a1a4bf70569ec6e0a223e8773123df1c153170e73d774de9583b0a8e85fe3d6f34ba06c958be4cc37aea030722b1d64c54,08/20/2025 10:00:00 AM,2,DRIVER,,2033468,,GENERAL MOTORS CORPORATION (GMC),ACADIA,IL,2025,NONE,SPORT UTILITY VEHICLE (SUV),PERSONAL,W,STRAIGHT AHEAD,,,1,,,,,,,,,,,Y,Y,,,,,,REAR-LEFT-CORNER,,,,,,,,,,,,,,,,,,,,,,,,,,,,,,,,,
2132530,406ac84df47fcded0311228a8353c43bcd40d58a456ff210c3349e5cb3ba96c2fe327bf7f4efc8e7e994f8f683d23ada4dad58c1fba3d889ad949b94a53ac22a,08/20/2025 09:55:00 AM,1,DRIVER,1,2032868,,DODGE,AVENGER,IL,2011,UNKNOWN,UNKNOWN/NA,UNKNOWN/NA,W,STRAIGHT AHEAD,,,2,,,,,,,,,,,,,,,,Y,Y,FRONT,,,,,,,,,,,,,,,,,,,,,,,,,,,,,,,,,
2132531,406ac84df47fcded0311228a8353c43bcd40d58a456ff210c3349e5cb3ba96c2fe327bf7f4efc8e7e994f8f683d23ada4dad58c1fba3d889ad949b94a53ac22a,08/20/2025 09:55:00 AM,2,DRIVER,,2032873,,NISSAN,SENTRA,IL,2016,NONE,PASSENGER,PERSONAL,W,STRAIGHT AHEAD,,,1,,,,,,,,,,Y,,,,,,,,REAR,,,,,,,,,,,,,,,,,,,,,,,,,,,,,,,,,
2132534,e60af670420b0d88b80516581f1c13481d03be1148dd879f468cb33e900c5b88c6e6910330f1ca2fd33d2b896e883f406716eed79f832c524c45581960b193a9,08/20/2025 09:53:00 AM,1,DRIVER,,2032875,,UNKNOWN,OTHER (EXPLAIN IN NARRATIVE),IL,,UNKNOWN,UNKNOWN/NA,UNKNOWN/NA,N,STRAIGHT AHEAD,,,1,,,,,,,,,,,,,,,,,Y,UNKNOWN,,,,,,,,,,,,,,,,,,,,,,,,,,,,,,,,,
2132535,e60af670420b0d88b80516581f1c13481d03be1148dd879f468cb33e900c5b88c6e6910330f1ca2fd33d2b896e883f406716eed79f832c524c45581960b193a9,08/20/2025 09:53:00 AM,2,DRIVERLESS,2,2032879,,KIA,SOUL,IL,2025,UNKNOWN,PASSENGER,PERSONAL,N,PARKED,,,2,,,,,,,,,,Y,Y,,,,,,,REAR-LEFT-CORNER,,,,,,,,,,,,,,,,,,,,,,,,,,,,,,,,,
2132585,bbc38ad73b4ff274b1d348f6134d321a04f85bfa61fa7d1b9e7b2de098347cee0938a76d57440741188fffd8fd8010f9cbdf667a365fc0182eb05d31e7d9d51d,08/20/2025 09:47:00 AM,1,DRIVER,,2032934,,UNKNOWN,OTHER (EXPLAIN IN NARRATIVE),IL,2024,NONE,MOTORCYCLE (OVER 150CC),PERSONAL,N,STRAIGHT AHEAD,,,1,,,,,Y,,,,,,,,,,,,,FRONT-RIGHT-CORNER,,,,,,,,,,,,,,,,,,,,,,,,,,,,,,,,,
2132586,bbc38ad73b4ff274b1d348f6134d321a04f85bfa61fa7d1b9e7b2de098347cee0938a76d57440741188fffd8fd8010f9cbdf667a365fc0182eb05d31e7d9d51d,08/20/2025 09:47:00 AM,2,DRIVER,,2032945,,TOYOTA,COROLLA,IL,2024,NONE,PASSENGER,PERSONAL,N,ENTERING TRAFFIC LANE FROM PARKING,,,1,,,,,,,,,,,,,,,Y,,,FRONT-LEFT-CORNER,,,,,,,,,,,,,,,,,,,,,,,,,,,,,,,,,
2132553,18149b7386e64b920ee30b97dffeb82d7cc1ef872c76191c414d7c0f115d2d06eda7962e8189aa0640eb1ed6e3b650fc82edc2b947b0011ad4e4e4838b77bbb4,08/20/2025 09:46:00 AM,1,DRIVER,,2032892,,HONDA,CR-V,IL,,NONE,PASSENGER,PERSONAL,N,TURNING LEFT,,,1,,,,,,,,,,,,,,,,,,FRONT-LEFT-CORNER,,,,,,,,,,,,,,,,,,,,,,,,,,,,,,,,,
2132554,18149b7386e64b920ee30b97dffeb82d7cc1ef872c76191c414d7c0f115d2d06eda7962e8189aa0640eb1ed6e3b650fc82edc2b947b0011ad4e4e4838b77bbb4,08/20/2025 09:46:00 AM,2,DRIVER,,2032897,,TESLA,MODEL 3,IL,,NONE,PASSENGER,PERSONAL,E,STRAIGHT AHEAD,,,1,,,,,,,,,,,,,,,,Y,,FRONT,,,,,,,,,,,,,,,,,,,,,,,,,,,,,,,,,
2132518,79c47871f13650612684fc7f6d8e93cf998e3477b9d33fbc2d030f93aaf9f1ec11e7bfcab2d9ee5075b627a70d7017276042c1cdf41914dac8a109d3f812e144,08/20/2025 09:45:00 AM,1,DRIVER,,2032854,,NISSAN,ALTIMA,IL,2012,UNKNOWN,PASSENGER,PERSONAL,N,TURNING RIGHT,,,1,,,,,,,,,Y,Y,Y,,,,,,,REAR,,,,,,,,,,,,,,,,,,,,,,,,,,,,,,,,,
2132519,79c47871f13650612684fc7f6d8e93cf998e3477b9d33fbc2d030f93aaf9f1ec11e7bfcab2d9ee5075b627a70d7017276042c1cdf41914dac8a109d3f812e144,08/20/2025 09:45:00 AM,2,DRIVER,,2032871,,CHEVROLET,SILVERADO,IL,2017,NONE,PICKUP,PERSONAL,N,TURNING RIGHT,,,1,,,,,Y,,,,,,,,,,Y,Y,,FRONT,,,,,,,,,,,,,,,,,,,,,,,,,,,,,,,,,
2132660,b7453b00e07b064afb9edb361139799ec8babc28d45e5295483de986abeea5d78f1a7db3b43ed92f8633420fc4c30be48487056b20cdaa911e235f935901094b,08/20/2025 09:30:00 AM,1,DRIVER,1,2032992,,MAZDA,CX-5,IL,2014,NONE,SPORT UTILITY VEHICLE (SUV),PERSONAL,E,CHANGING LANES,,,2,,,,,Y,,,,,,,,,,,,,FRONT-RIGHT-CORNER,,,,,,,,,,,,,,,,,,,,,,,,,,,,,,,,,
2132661,b7453b00e07b064afb9edb361139799ec8babc28d45e5295483de986abeea5d78f1a7db3b43ed92f8633420fc4c30be48487056b20cdaa911e235f935901094b,08/20/2025 09:30:00 AM,2,DRIVER,,2032998,,VOLKSWAGEN,JETTA,IL,2010,NONE,PASSENGER,PERSONAL,E,STRAIGHT AHEAD,,,1,,,,,,,,,,,Y,,,,,,,REAR-LEFT-CORNER,,,,,,,,,,,,,,,,,,,,,,,,,,,,,,,,,
2132557,415c81d268d2480cfa8c7749b1c552e9f710cf22a7386996d9e3e7d2fac548236ffb4c021ab46608b2df6fa29f2e35fb9b14a1b9317a58fa3e76057b2fbaea14,08/20/2025 09:25:00 AM,1,DRIVER,,2032899,,UNKNOWN,OTHER (EXPLAIN IN NARRATIVE),,,UNKNOWN,PASSENGER,PERSONAL,N,STRAIGHT AHEAD,,,1,,,,,,,,,,,,,,,,,Y,UNKNOWN,,,,,,,,,,,,,,,,,,,,,,,,,,,,,,,,,
2132558,415c81d268d2480cfa8c7749b1c552e9f710cf22a7386996d9e3e7d2fac548236ffb4c021ab46608b2df6fa29f2e35fb9b14a1b9317a58fa3e76057b2fbaea14,08/20/2025 09:25:00 AM,2,DRIVER,,2032908,,GENERAL MOTORS CORPORATION (GMC),TERRAIN,,2019,NONE,PASSENGER,PERSONAL,N,STARTING IN TRAFFIC,,,1,,,,,,,,,,Y,,,,,,,,REAR,,,,,,,,,,,,,,,,,,,,,,,,,,,,,,,,,
2132589,24df767bee9068f05ec10147b50df87fd4cd9e3c8095f412ba94fb024643ea245cd125f6c8a6099704d2673a9c1f7dfd5db4ce4cebe29420655a8dedf50d954e,08/20/2025 09:15:00 AM,1,DRIVER,,2032932,,CHEVROLET,CORVETTE,OH,2023,NONE,PASSENGER,PERSONAL,W,STRAIGHT AHEAD,,,1,,,,,,,,,,,,,,,,Y,,FRONT,,,,,,,,,,,,,,,,,,,,,,,,,,,,,,,,,
2132590,24df767bee9068f05ec10147b50df87fd4cd9e3c8095f412ba94fb024643ea245cd125f6c8a6099704d2673a9c1f7dfd5db4ce4cebe29420655a8dedf50d954e,08/20/2025 09:15:00 AM,2,DRIVER,,2032935,,CHEVROLET,TRAVERSE,IL,2013,NONE,PASSENGER,PERSONAL,W,SLOW/STOP IN TRAFFIC,,,1,,,,,,,,,,Y,,,,,,,,REAR,,,,,,,,,,,,,,,,,,,,,,,,,,,,,,,,,
2132487,0ec7ab5a92f5cc1da70101e4882f808e1f7c85b52b710b1fa4a14226412c394bdb924f818e3a2f5c48c567248f08ef344255c5354f9262dbfe5d8c1f74fc94ab,08/20/2025 09:10:00 AM,1,DRIVER,,2032817,,UNKNOWN,MOTORIZED,,,UNKNOWN,SPORT UTILITY VEHICLE (SUV),UNKNOWN/NA,S,STRAIGHT AHEAD,,,1,,,,,,,,,,,,,,,,Y,,FRONT,,,,,,,,,,,,,,,,,,,,,,,,,,,,,,,,,
2132488,0ec7ab5a92f5cc1da70101e4882f808e1f7c85b52b710b1fa4a14226412c394bdb924f818e3a2f5c48c567248f08ef344255c5354f9262dbfe5d8c1f74fc94ab,08/20/2025 09:10:00 AM,2,DRIVER,,2032825,,TOYOTA,CAMRY,IL,2017,NONE,PASSENGER,PERSONAL,W,STRAIGHT AHEAD,,,1,,,,,Y,Y,,,,,,,,,,,,SIDE-RIGHT-FRONT,,,,,,,,,,,,,,,,,,,,,,,,,,,,,,,,,
2132544,ba9d177f1c692a5fa146473ff29c2dc18a2965ec862e8f8347064de0bf3f8ae7ac3de42e6af5ad9ca264758e523a29006dd3b063d12a5c39399ac1cf53156f49,08/20/2025 09:07:00 AM,1,DRIVER,,2032881,Y,FORD,F150 XLT,OH,2022,UNKNOWN,PICKUP,CONSTRUCTION/MAINTENANCE,E,STRAIGHT AHEAD,,,1,,,,,,,,,,,,Y,Y,Y,,,,SIDE-LEFT,"22,036",,,,,,DEPARTMENT OF WATER MANAGEMENT,FL,BONITA SPRINGS,,,,N,N,,N,,N,N,,,,,,,,,UNKNOWN HEAVY TRUCK,OTHER,OTHER,N,N,
2132545,ba9d177f1c692a5fa146473ff29c2dc18a2965ec862e8f8347064de0bf3f8ae7ac3de42e6af5ad9ca264758e523a29006dd3b063d12a5c39399ac1cf53156f49,08/20/2025 09:07:00 AM,2,DRIVER,1,2032890,,TOYOTA,RAV4,IA,2025,UNKNOWN,PASSENGER,PERSONAL,E,STRAIGHT AHEAD,,,2,,,,,,Y,Y,,,,,,,,,,,SIDE-RIGHT,,,,,,,,,,,,,,,,,,,,,,,,,,,,,,,,,
2132492,864cb7f749c4029d21f1b4634a550fc1babca402dc6bc3d90bd9fe32dccdb278e2cc400cb149052d0562926e5b991950b3b2cb18cf7edf25ed68bbdafd25fec3,08/20/2025 09:00:00 AM,1,PARKED,,2032828,,CHEVROLET,SILVERADO,IL,,UNKNOWN,PICKUP,NOT IN USE,S,PARKED,,,0,,,,,,,,,,,,,,Y,,,,FRONT-LEFT-CORNER,,,,,,,,,,,,,,,,,,,,,,,,,,,,,,,,,
2132493,864cb7f749c4029d21f1b4634a550fc1babca402dc6bc3d90bd9fe32dccdb278e2cc400cb149052d0562926e5b991950b3b2cb18cf7edf25ed68bbdafd25fec3,08/20/2025 09:00:00 AM,2,DRIVER,,2032843,,NEW FLYER,D40LF,IL,2007,UNKNOWN,BUS OVER 15 PASS.,CTA,S,STRAIGHT AHEAD,,,1,,,,,,Y,,,,,,,,,,,,FRONT-RIGHT-CORNER,,,,,,,,,,,,,,,,,,,,,,,,,,,,,,,,,
2132513,a7c6f656866a408803e8b0fcfd7c8a6d8964622b9ddb9b53f6b6e2706a94a4943c6be323ef119ad688905e6dba93cd3256659cc00adc5a8f37311c047f02c0c9,08/20/2025 09:00:00 AM,1,DRIVER,,2032877,,VOLKSWAGEN,JETTA,IL,2015,UNKNOWN,PASSENGER,PERSONAL,W,STARTING IN TRAFFIC,,,1,,,,,,,,,,,,,,Y,Y,,,FRONT-LEFT-CORNER,,,,,,,,,,,,,,,,,,,,,,,,,,,,,,,,,
2132514,a7c6f656866a408803e8b0fcfd7c8a6d8964622b9ddb9b53f6b6e2706a94a4943c6be323ef119ad688905e6dba93cd3256659cc00adc5a8f37311c047f02c0c9,08/20/2025 09:00:00 AM,2,DRIVER,,2032880,,DODGE,OTHER (EXPLAIN IN NARRATIVE),IL,,UNKNOWN,UNKNOWN/NA,PERSONAL,W,STRAIGHT AHEAD,,,1,,,,,,,,,,,,,,,,,Y,UNKNOWN,,,,,,,,,,,,,,,,,,,,,,,,,,,,,,,,,
2132536,ee50b78b4d74ff036079a7740ac4c9984a88a2dfc44eb23b00db6c5b41ca30b89008281a17378e63c8f29096376ee4c0e64338ed329cacf2a8fa695ce156a082,08/20/2025 09:00:00 AM,1,DRIVER,,2032876,N,VOLKSWAGEN,OTHER (EXPLAIN IN NARRATIVE),IL,2018,UNKNOWN,UNKNOWN/NA,UNKNOWN/NA,S,STRAIGHT AHEAD,,,1,,,,,,,,,,,Y,Y,Y,Y,Y,,,SIDE-LEFT,,,,,,,,,,,,,,,,,,,,,,,,,,,,,,,,,
2132552,ee50b78b4d74ff036079a7740ac4c9984a88a2dfc44eb23b00db6c5b41ca30b89008281a17378e63c8f29096376ee4c0e64338ed329cacf2a8fa695ce156a082,08/20/2025 09:00:00 AM,2,DRIVER,3,2032891,,FORD,TRANSIT,IL,2022,NONE,VAN/MINI-VAN,OTHER,S,STRAIGHT AHEAD,,,4,,,,,,,,,,,Y,Y,Y,Y,Y,,,SIDE-LEFT,,,,,,,,,,,,,,,,,,,,,,,,,,,,,,,,,
2132507,bd58f86aa9989a59c8e137d7df26c962d0cf3d2ebbe4c60d2ab546784e0feed3431ddd004da9e4d094b127a3db06d4b5aca41a8571e8bc47e2c65c25b3c31e79,08/20/2025 08:53:00 AM,1,DRIVER,,2032847,,FORD,EXPLORER,IL,2013,UNKNOWN,PASSENGER,PERSONAL,W,CHANGING LANES,,,1,,,,,,,,,,,,Y,,,,,,SIDE-LEFT-REAR,,,,,,,,,,,,,,,,,,,,,,,,,,,,,,,,,
2132508,bd58f86aa9989a59c8e137d7df26c962d0cf3d2ebbe4c60d2ab546784e0feed3431ddd004da9e4d094b127a3db06d4b5aca41a8571e8bc47e2c65c25b3c31e79,08/20/2025 08:53:00 AM,2,DRIVER,,2032860,,JEEP,WRANGLER,IL,2015,UNKNOWN,PASSENGER,PERSONAL,W,STRAIGHT AHEAD,,,1,,,,,Y,Y,,,,,,,,,,,,FRONT-RIGHT-CORNER,,,,,,,,,,,,,,,,,,,,,,,,,,,,,,,,,
2132541,63f77534ac9e25dc600b50e28961ed3677ccb708b0f16179fd868de28c861a3e25a1ee6c6bb938c190bcdf914c98c000f9239e6ecea66f44ba8923bbfbf122fd,08/20/2025 08:49:00 AM,1,DRIVER,,2032905,,CHEVROLET,EQUINOX,IL,2016,UNKNOWN,PASSENGER,PERSONAL,S,STRAIGHT AHEAD,,,1,,,,,Y,,,,,,,,,,Y,,,FRONT,,,,,,,,,,,,,,,,,,,,,,,,,,,,,,,,,
2132542,63f77534ac9e25dc600b50e28961ed3677ccb708b0f16179fd868de28c861a3e25a1ee6c6bb938c190bcdf914c98c000f9239e6ecea66f44ba8923bbfbf122fd,08/20/2025 08:49:00 AM,2,DRIVER,,2032910,,CHEVROLET,IMPALA,IL,2011,UNKNOWN,PASSENGER,PERSONAL,S,STRAIGHT AHEAD,,,1,,,,,,,,,Y,,,,,,,,,REAR,,,,,,,,,,,,,,,,,,,,,,,,,,,,,,,,,
2132489,d74facaf3549eb9824614c4b7b135dcba04af043c90b1f05d116486ec034ee4fb2d521eb72ddc671eed3fc06940e69623b27cc23e43bb7f2b2790b3509d672d3,08/20/2025 08:49:00 AM,1,DRIVER,,2032830,,BMW,BMW,IL,2023,NONE,SPORT UTILITY VEHICLE (SUV),PERSONAL,W,MERGING,,,1,,,,,,,,,,,,,,Y,Y,Y,,FRONT-LEFT-CORNER,,,,,,,,,,,,,,,,,,,,,,,,,,,,,,,,,
2132490,d74facaf3549eb9824614c4b7b135dcba04af043c90b1f05d116486ec034ee4fb2d521eb72ddc671eed3fc06940e69623b27cc23e43bb7f2b2790b3509d672d3,08/20/2025 08:49:00 AM,2,DRIVER,,2032834,,KIA,FORTE,IL,2017,NONE,PASSENGER,PERSONAL,W,STRAIGHT AHEAD,,,1,,,,,Y,,,,,,,,,,,,,FRONT-RIGHT-CORNER,,,,,,,,,,,,,,,,,,,,,,,,,,,,,,,,,
2134875,0c4216f123677c01cc8485b61b427e1e021d4616b9c8c83f62f12e6fbc68ed1c40d6b9a99bdf874cf0b4d8f5ff1e8c4bb7273146aeb9c8ce997cdbcf2e9ab766,08/20/2025 08:45:00 AM,1,DRIVER,,2035111,,FORD,FOCUS,IL,2009,UNKNOWN,PASSENGER,PERSONAL,S,TURNING LEFT,Y,,1,,unk,,,,,,,,,,,Y,,,,,SIDE-LEFT-FRONT,,,,,,,,,,,,,,,,,,,,,,,,,,,,,,,,,
2134876,0c4216f123677c01cc8485b61b427e1e021d4616b9c8c83f62f12e6fbc68ed1c40d6b9a99bdf874cf0b4d8f5ff1e8c4bb7273146aeb9c8ce997cdbcf2e9ab766,08/20/2025 08:45:00 AM,2,DRIVER,,2035112,,HYUNDAI,SANTA FE,IL,2020,UNKNOWN,PASSENGER,PERSONAL,E,STRAIGHT AHEAD,,,1,,,,,Y,Y,,,,,,,,,,,,FRONT-RIGHT-CORNER,,,,,,,,,,,,,,,,,,,,,,,,,,,,,,,,,