CRASH_UNIT_ID,CRASH_RECORD_ID,CRASH_DATE,UNIT_NO,UNIT_TYPE,NUM_PASSENGERS,VEHICLE_ID,CMRC_VEH_I,MAKE,MODEL,LIC_PLATE_STATE,VEHICLE_YEAR,VEHICLE_DEFECT,VEHICLE_TYPE,VEHICLE_USE,TRAVEL_DIRECTION,MANEUVER,TOWED_I,FIRE_I,OCCUPANT_CNT,EXCEED_SPEED_LIMIT_I,TOWED_BY,TOWED_TO,AREA_00_I,AREA_01_I,AREA_02_I,AREA_03_I,AREA_04_I,AREA_05_I,AREA_06_I,AREA_07_I,AREA_08_I,AREA_09_I,AREA_10_I,AREA_11_I,AREA_12_I,AREA_99_I,FIRST_CONTACT_POINT,CMV_ID,USDOT_NO,CCMC_NO,ILCC_NO,COMMERCIAL_SRC,GVWR,CARRIER_NAME,CARRIER_STATE,CARRIER_CITY,HAZMAT_PLACARDS_I,HAZMAT_NAME,UN_NO,HAZMAT_PRESENT_I,HAZMAT_REPORT_I,HAZMAT_REPORT_NO,MCS_REPORT_I,MCS_REPORT_NO,HAZMAT_VIO_CAUSE_CRASH_I,MCS_VIO_CAUSE_CRASH_I,IDOT_PERMIT_NO,WIDE_LOAD_I,TRAILER1_WIDTH,TRAILER2_WIDTH,TRAILER1_LENGTH,TRAILER2_LENGTH,TOTAL_VEHICLE_LENGTH,AXLE_CNT,VEHICLE_CONFIG,CARGO_BODY_TYPE,LOAD_TYPE,HAZMAT_OUT_OF_SERVICE_I,MCS_OUT_OF_SERVICE_I,HAZMAT_CLASS
2134877,0c4216f123677c01cc8485b61b427e1e021d4616b9c8c83f62f12e6fbc68ed1c40d6b9a99bdf874cf0b4d8f5ff1e8c4bb7273146aeb9c8ce997cdbcf2e9ab766,08/20/2025 08:45:00 AM,3,DRIVER,2,2035113,,CHEVROLET,EQUINOX,IL,2019,UNKNOWN,PASSENGER,PERSONAL,N,STRAIGHT AHEAD,Y,,3,,unk,,,Y,,,,,,,,,,Y,Y,,FRONT,,,,,,,,,,,,,,,,,,,,,,,,,,,,,,,,,
2132546,1cda88551ac27beeab2f7b6e98e1ac5a1187f62e96b13378c0a2ad1553e57e9093ad622c3f919e8be12257cada346165c04b44a3f424ef38c7badf5117fa9383,08/20/2025 08:40:00 AM,1,DRIVER,,2032887,,UNKNOWN,OTHER (EXPLAIN IN NARRATIVE),,,UNKNOWN,UNKNOWN/NA,UNKNOWN/NA,S,UNKNOWN/NA,,,1,,,,,,,,,,,,,,,,,Y,UNDER CARRIAGE,,,,,,,,,,,,,,,,,,,,,,,,,,,,,,,,,
2132547,1cda88551ac27beeab2f7b6e98e1ac5a1187f62e96b13378c0a2ad1553e57e9093ad622c3f919e8be12257cada346165c04b44a3f424ef38c7badf5117fa9383,08/20/2025 08:40:00 AM,2,DRIVER,,2032889,,MERCEDES-BENZ,350 SERIES,IL,2014,NONE,PASSENGER,PERSONAL,S,STRAIGHT AHEAD,,,1,,,,,Y,Y,Y,Y,Y,,,,,,,,,REAR-RIGHT-CORNER,,,,,,,,,,,,,,,,,,,,,,,,,,,,,,,,,
2133698,24cb0e77a6947b9521cc8389eebc4c77359aa2eaa6326c2184b2171049d6c70e138cbc9df7c873a4eda24954ad61e974ea48d0d4dfc8b9c05ed72de6159d2f20,08/20/2025 08:40:00 AM,1,DRIVER,,2033987,,UNKNOWN,MOTORIZED,IL,,UNKNOWN,BUS OVER 15 PASS.,CTA,S,STRAIGHT AHEAD,,,1,,,,,,,Y,,,,,,,,,,,SIDE-RIGHT-FRONT,,,,,,,,,,,,,,,,,,,,,,,,,,,,,,,,,
2133699,24cb0e77a6947b9521cc8389eebc4c77359aa2eaa6326c2184b2171049d6c70e138cbc9df7c873a4eda24954ad61e974ea48d0d4dfc8b9c05ed72de6159d2f20,08/20/2025 08:40:00 AM,2,DRIVER,,2034006,,CADILLAC,XT5,IL,2025,NONE,PASSENGER,PERSONAL,S,STRAIGHT AHEAD,,,1,,,,,,,,,,,,,,Y,,,,SIDE-LEFT-FRONT,,,,,,,,,,,,,,,,,,,,,,,,,,,,,,,,,
2132491,93be8cebe5777fccd510b7fa84b82f173a6ff13971e8f1dbeab9736715e9b67072eb5f8f762d59bd6338651dfa95c44e6969b25954210939354d250f286e1074,08/20/2025 08:35:00 AM,1,DRIVER,,2032823,N,UNKNOWN,OTHER (EXPLAIN IN NARRATIVE),IL,2017,NONE,OTHER,OTHER,N,OTHER,,,1,,,,,,,Y,Y,,,,,,,,,,SIDE-RIGHT,,,,,,,,,,,,,,,,,,,,,,,,,,,,,,,,,
2132565,24a6c36e72cbe8697bf2d0cbb49aedddec650168d795d769385d76a210406b70980e19c19a7072150132fad1f67feb50c3922ebbad26565df0c2e490b10bb612,08/20/2025 08:30:00 AM,1,DRIVER,1,2032901,,NISSAN,SENTRA,IL,2021,UNKNOWN,PASSENGER,PERSONAL,W,BACKING,,,2,,,,,,Y,Y,,,,,,,,,,,SIDE-RIGHT,,,,,,,,,,,,,,,,,,,,,,,,,,,,,,,,,
2132566,24a6c36e72cbe8697bf2d0cbb49aedddec650168d795d769385d76a210406b70980e19c19a7072150132fad1f67feb50c3922ebbad26565df0c2e490b10bb612,08/20/2025 08:30:00 AM,2,PARKED,1,2032904,,TOYOTA,VENZA,IL,2013,NONE,SPORT UTILITY VEHICLE (SUV),PERSONAL,E,PARKED,,,1,,,,,,,Y,Y,,,,,,,,,N,UNKNOWN,,,,,,,,,,,,,,,,,,,,,,,,,,,,,,,,,
2132679,7c42db0375373505614dea7b150c0e4e0c5948ddb64d5012c3500dd282d837b07f71c1353b62c506737cdd07565d9118a6e0189906707030d79f07e6ff1adf7e,08/20/2025 08:30:00 AM,1,DRIVER,,2033013,,GENERAL MOTORS CORPORATION (GMC),TERRAIN,IL,2015,NONE,SPORT UTILITY VEHICLE (SUV),PERSONAL,W,STRAIGHT AHEAD,,,1,,,,,Y,,,,,,,,,,,,,FRONT-RIGHT-CORNER,,,,,,,,,,,,,,,,,,,,,,,,,,,,,,,,,
2132680,7c42db0375373505614dea7b150c0e4e0c5948ddb64d5012c3500dd282d837b07f71c1353b62c506737cdd07565d9118a6e0189906707030d79f07e6ff1adf7e,08/20/2025 08:30:00 AM,2,PARKED,,2033019,,UNKNOWN,MOTORIZED,,,NONE,UNKNOWN/NA,UNKNOWN/NA,W,PARKED,,,0,,,,,,,,,,,Y,,,,,,,SIDE-LEFT-REAR,,,,,,,,,,,,,,,,,,,,,,,,,,,,,,,,,
2141031,88b8f54fcade94104e32f76c253ce1ea32718306d4db1488b77e914e25a65539d68caea1074e3066de55ecb87459bc979dd3c28d6fe959a99b4fcf004f6ec7ad,08/20/2025 08:29:00 AM,1,DRIVER,,2040975,,HONDA,CIVIC,IL,2015,NONE,PASSENGER,PERSONAL,NE,MERGING,,,1,,,,,Y,,,,,,,,,,,,,FRONT-RIGHT-CORNER,,,,,,,,,,,,,,,,,,,,,,,,,,,,,,,,,
2141032,88b8f54fcade94104e32f76c253ce1ea32718306d4db1488b77e914e25a65539d68caea1074e3066de55ecb87459bc979dd3c28d6fe959a99b4fcf004f6ec7ad,08/20/2025 08:29:00 AM,2,DRIVER,,2040976,,NISSAN,MAXIMA,IL,2017,NONE,PASSENGER,PERSONAL,N,STRAIGHT AHEAD,,,1,,,,,,,,,,,,,,,Y,,,SIDE-LEFT,,,,,,,,,,,,,,,,,,,,,,,,,,,,,,,,,
2133681,86a8b4ef4f4f5bfb15bee429add94cc090b93a5ef53c62cbc4b3a539aa0ade3895c078e729e5aebee043c66362022424bce844be6f5919833fd42f32adc41643,08/20/2025 08:27:00 AM,1,DRIVER,,2033971,,JEEP,JEEP,IL,2015,UNKNOWN,PASSENGER,PERSONAL,UNKNOWN,UNKNOWN/NA,,,1,,,,,,,,,,,,,,Y,Y,,,FRONT-LEFT-CORNER,,,,,,,,,,,,,,,,,,,,,,,,,,,,,,,,,
2133682,86a8b4ef4f4f5bfb15bee429add94cc090b93a5ef53c62cbc4b3a539aa0ade3895c078e729e5aebee043c66362022424bce844be6f5919833fd42f32adc41643,08/20/2025 08:27:00 AM,2,DRIVER,,2033984,,BMW,X3,IL,2017,UNKNOWN,PASSENGER,PERSONAL,UNKNOWN,UNKNOWN/NA,,,1,,,,,Y,Y,Y,Y,Y,Y,,,,,,Y,,SIDE-RIGHT,,,,,,,,,,,,,,,,,,,,,,,,,,,,,,,,,
2132599,db00ea3d37b31fe2a9ecfefa3bd0503b32ab388c21396ad07117902bba72be834f5a6e74cc7878c5912b18b490e94fa7158f8c8dc3aa4b9754591be2730f60cc,08/20/2025 08:27:00 AM,1,DRIVER,,2032941,,INFINITI,QX60,IN,2014,UNKNOWN,SPORT UTILITY VEHICLE (SUV),PERSONAL,S,STRAIGHT AHEAD,,,1,,,,,,,,,,,,,,,,Y,,UNKNOWN,,,,,,,,,,,,,,,,,,,,,,,,,,,,,,,,,
2132600,db00ea3d37b31fe2a9ecfefa3bd0503b32ab388c21396ad07117902bba72be834f5a6e74cc7878c5912b18b490e94fa7158f8c8dc3aa4b9754591be2730f60cc,08/20/2025 08:27:00 AM,2,DRIVER,,2032946,,HYUNDAI,TUCSON,IL,2023,UNKNOWN,SPORT UTILITY VEHICLE (SUV),PERSONAL,S,SLOW/STOP IN TRAFFIC,,,1,,,,,,,,,,Y,,,,,,,,UNKNOWN,,,,,,,,,,,,,,,,,,,,,,,,,,,,,,,,,
2132511,91a35583c35236788f1924e6aefca259336ec8fe7f8cf5085abca379895319b474be275bc29c3b518cb790e8d45739179901e7e3bba55dec11ccb8583f28bfe0,08/20/2025 08:25:00 AM,1,DRIVER,,2032849,,HONDA,PILOT,IL,2012,UNKNOWN,PASSENGER,PERSONAL,N,STRAIGHT AHEAD,,,1,,,,,Y,Y,Y,Y,Y,,,,,,,,,SIDE-RIGHT,,,,,,,,,,,,,,,,,,,,,,,,,,,,,,,,,
2132512,91a35583c35236788f1924e6aefca259336ec8fe7f8cf5085abca379895319b474be275bc29c3b518cb790e8d45739179901e7e3bba55dec11ccb8583f28bfe0,08/20/2025 08:25:00 AM,2,PARKED,,2032855,,CHEVROLET,CRUZE,IL,2011,UNKNOWN,PASSENGER,PERSONAL,N,PARKED,,,0,,,,,,,,,,,Y,Y,Y,,,,,SIDE-LEFT-REAR,,,,,,,,,,,,,,,,,,,,,,,,,,,,,,,,,
2132539,4865389f4fb229e1d849e98da988f633aaa730edb782974b136617ca933203e40a5cc555be8bdba86ad7adeb34b04b6c1ab5d51c2795bf96fba649f9677c92db,08/20/2025 08:20:00 AM,1,DRIVER,1,2032886,,CHEVROLET,EXPRESS,IN,,UNKNOWN,VAN/MINI-VAN,OTHER,N,STRAIGHT AHEAD,,,2,,,,,,,,Y,Y,,,,,,,,,SIDE-RIGHT-REAR,,,,,,,,,,,,,,,,,,,,,,,,,,,,,,,,,
2132540,4865389f4fb229e1d849e98da988f633aaa730edb782974b136617ca933203e40a5cc555be8bdba86ad7adeb34b04b6c1ab5d51c2795bf96fba649f9677c92db,08/20/2025 08:20:00 AM,2,PARKED,,2032894,,CHEVROLET,SILVERADO,IL,,UNKNOWN,PICKUP,UNKNOWN/NA,N,PARKED,,,0,,,,,,,,,,,,,,,Y,,,SIDE-LEFT-FRONT,,,,,,,,,,,,,,,,,,,,,,,,,,,,,,,,,
2132898,47959372aeef25650b8c618342a6190b343079d5feaaae7c83bcd6ffe1a058de2a18321beb2231d9e5bb1036f40c863269b42939494d2d5a6c041512ae89b713,08/20/2025 08:17:00 AM,1,DRIVER,,2033230,,VOLKSWAGEN,GOLF,IL,2011,UNKNOWN,PASSENGER,UNKNOWN/NA,N,OTHER,,,1,,,,,Y,N,N,N,N,,,,,,,,,FRONT-RIGHT-CORNER,,,,,,,,,,,,,,,,,,,,,,,,,,,,,,,,,
2132899,47959372aeef25650b8c618342a6190b343079d5feaaae7c83bcd6ffe1a058de2a18321beb2231d9e5bb1036f40c863269b42939494d2d5a6c041512ae89b713,08/20/2025 08:17:00 AM,2,DRIVER,,2033239,,TOYOTA,COROLLA,IL,2009,NONE,PASSENGER,PERSONAL,N,STRAIGHT AHEAD,,,1,,,,,,,,,,N,Y,Y,N,N,N,,,SIDE-LEFT,,,,,,,,,,,,,,,,,,,,,,,,,,,,,,,,,
2133690,43a64a6f38cd11c509e259f7f3365592e8b85bf47623c5637c8fb84a6f1ffe44af4092bf2c8855bc98f2abce63903412c8ff1116ba8f2fae1b9b7a00f430c3bb,08/20/2025 08:15:00 AM,1,DRIVER,,2033973,,MAZDA,OTHER (EXPLAIN IN NARRATIVE),IL,,UNKNOWN,SPORT UTILITY VEHICLE (SUV),UNKNOWN/NA,W,STRAIGHT AHEAD,,,1,,,,,,,,,,,,,,,,,Y,FRONT,,,,,,,,,,,,,,,,,,,,,,,,,,,,,,,,,
2133691,43a64a6f38cd11c509e259f7f3365592e8b85bf47623c5637c8fb84a6f1ffe44af4092bf2c8855bc98f2abce63903412c8ff1116ba8f2fae1b9b7a00f430c3bb,08/20/2025 08:15:00 AM,2,DRIVER,,2033981,,HONDA,CR-V,IL,2017,NONE,SPORT UTILITY VEHICLE (SUV),UNKNOWN/NA,W,SLOW/STOP IN TRAFFIC,,,1,,,,,,,,,,Y,,,,,,,,REAR,,,,,,,,,,,,,,,,,,,,,,,,,,,,,,,,,
2132474,180d96affc81279facfe77062f5b99bea5bbe207dba3dd531651e1f63b69a2fc06b2259b2eb85404ce6eb365f56f2b6d1c8cefbf05f521243d37c11f35031e63,08/20/2025 08:13:00 AM,1,DRIVER,,2032820,,BMW,X5,IL,2021,UNKNOWN,SPORT UTILITY VEHICLE (SUV),PERSONAL,S,STRAIGHT AHEAD,,,1,,,,,,,,,,,,,,,,,Y,UNKNOWN,,,,,,,,,,,,,,,,,,,,,,,,,,,,,,,,,
2132475,180d96affc81279facfe77062f5b99bea5bbe207dba3dd531651e1f63b69a2fc06b2259b2eb85404ce6eb365f56f2b6d1c8cefbf05f521243d37c11f35031e63,08/20/2025 08:13:00 AM,2,DRIVER,,2032832,,TOYOTA,COROLLA,IL,2021,UNKNOWN,PASSENGER,PERSONAL,N,LEAVING TRAFFIC LANE TO PARK,,,1,,,,,,,,,,,Y,Y,Y,,,,,SIDE-LEFT-REAR,,,,,,,,,,,,,,,,,,,,,,,,,,,,,,,,,
2134951,57444a083469a4e9c2fb2391c0a0b38df345045cce7b1aa5503adc54be41b0f781a9b3b18c006ae8e7f46cca2c36f4b031611345e80d7dec109e655d85178a7e,08/20/2025 08:12:00 AM,1,DRIVER,,2035188,,FORD,FOCUS,IL,,NONE,PASSENGER,PERSONAL,N,TURNING LEFT,,,1,,,,,,,,,,,,,,,,,Y,UNKNOWN,,,,,,,,,,,,,,,,,,,,,,,,,,,,,,,,,
2134952,57444a083469a4e9c2fb2391c0a0b38df345045cce7b1aa5503adc54be41b0f781a9b3b18c006ae8e7f46cca2c36f4b031611345e80d7dec109e655d85178a7e,08/20/2025 08:12:00 AM,2,DRIVER,,2035185,,MERCEDES-BENZ,C-CLASS,,2015,NONE,PASSENGER,PERSONAL,S,STRAIGHT AHEAD,,,1,,,,,,,,,,,,Y,Y,Y,,,,SIDE-LEFT,,,,,,,,,,,,,,,,,,,,,,,,,,,,,,,,,
2132462,8abd7d941c51ee11b35d9d8651f9c0b2f8df17f63c011acef93b00be0ffcad00e1da22f9b0cb3bd804ee92694fc75d66af0e195395f97bd199718bba4dc706e8,08/20/2025 08:10:00 AM,1,DRIVER,,2032798,,CHEVROLET,TAHOE,IL,2005,UNKNOWN,PASSENGER,UNKNOWN/NA,N,STRAIGHT AHEAD,,,1,,,,,N,,,,,,,,,,,,,REAR-RIGHT-CORNER,,,,,,,,,,,,,,,,,,,,,,,,,,,,,,,,,
2132463,8abd7d941c51ee11b35d9d8651f9c0b2f8df17f63c011acef93b00be0ffcad00e1da22f9b0cb3bd804ee92694fc75d66af0e195395f97bd199718bba4dc706e8,08/20/2025 08:10:00 AM,2,DRIVER,,2032811,,JEEP,CHEROKEE,IL,2017,NONE,PICKUP,PERSONAL,N,STRAIGHT AHEAD,,,1,,,,,,,,,,,,,,,Y,,,REAR-LEFT-CORNER,,,,,,,,,,,,,,,,,,,,,,,,,,,,,,,,,
2132469,9573e29b40eb79e759e0f2b0b963a27afa07ba98ef3f5fd112df691ed3d078fa2a2e0570720d94c39a5965bb930ef02fc4905361bceabc939e4d968bf1dc3120,08/20/2025 08:10:00 AM,1,DRIVER,,2032807,,MINI,COOPER,IL,,UNKNOWN,PASSENGER,PERSONAL,E,CHANGING LANES,,,1,,,,,,,,,,,,,,,,,,UNKNOWN,,,,,,,,,,,,,,,,,,,,,,,,,,,,,,,,,
2132470,9573e29b40eb79e759e0f2b0b963a27afa07ba98ef3f5fd112df691ed3d078fa2a2e0570720d94c39a5965bb930ef02fc4905361bceabc939e4d968bf1dc3120,08/20/2025 08:10:00 AM,2,BICYCLE,,,,,,,,,,,,,,,,,,,,,,,,,,,,,,,,,,,,,,,,,,,,,,,,,,,,,,,,,,,,,,,,,,
2132444,dc69b53dee9cabc022b109c183cda988080940d7cf1a608e0ed1f8beae0f95fb906814711dbc2a956724b35ecdf65da220537f51e2359c2eae8d25fc4b180a94,08/20/2025 08:10:00 AM,1,DRIVER,,2032786,,HONDA,CR-V,IL,2018,UNKNOWN,PASSENGER,UNKNOWN/NA,N,BACKING,,,1,,,,,,,,,Y,Y,Y,,,,,,,REAR,,,,,,,,,,,,,,,,,,,,,,,,,,,,,,,,,
2132445,dc69b53dee9cabc022b109c183cda988080940d7cf1a608e0ed1f8beae0f95fb906814711dbc2a956724b35ecdf65da220537f51e2359c2eae8d25fc4b180a94,08/20/2025 08:10:00 AM,2,DRIVER,2,2032788,,JEEP,CHEROKEE,IL,2021,UNKNOWN,UNKNOWN/NA,PERSONAL,N,STRAIGHT AHEAD,,,3,,,,,Y,,,,,,,,,,Y,Y,,FRONT,,,,,,,,,,,,,,,,,,,,,,,,,,,,,,,,,
2132496,f9454e04b05e33131aeb5585fb9c69a83cb9d744ab783ae3341a57528d3a5c7574c4974bb6d9671637a59c7a136fe064535bded9fbae43df648ff2da5de17e0a,08/20/2025 08:10:00 AM,1,DRIVER,,2032833,,CHEVROLET,TRAX,IL,2016,UNKNOWN,PASSENGER,PERSONAL,W,STRAIGHT AHEAD,,,1,,,,,,,,,,,,,,,,Y,,FRONT,,,,,,,,,,,,,,,,,,,,,,,,,,,,,,,,,
2132497,f9454e04b05e33131aeb5585fb9c69a83cb9d744ab783ae3341a57528d3a5c7574c4974bb6d9671637a59c7a136fe064535bded9fbae43df648ff2da5de17e0a,08/20/2025 08:10:00 AM,2,DRIVER,,2032841,,CHEVROLET,OTHER (EXPLAIN IN NARRATIVE),IL,2017,NONE,PASSENGER,PERSONAL,W,STRAIGHT AHEAD,,,1,,,,,,,,,,Y,,,,,,Y,,OTHER,,,,,,,,,,,,,,,,,,,,,,,,,,,,,,,,,
2132498,f9454e04b05e33131aeb5585fb9c69a83cb9d744ab783ae3341a57528d3a5c7574c4974bb6d9671637a59c7a136fe064535bded9fbae43df648ff2da5de17e0a,08/20/2025 08:10:00 AM,3,DRIVER,,2032846,,JEEP,CHEROKEE,IL,2019,NONE,PASSENGER,PERSONAL,W,STRAIGHT AHEAD,,,1,,,,,,,,,,Y,,,,,,,,REAR,,,,,,,,,,,,,,,,,,,,,,,,,,,,,,,,,
2132522,518296b11528aa903b5e2e021d8e859f501c36e5ea6220ef3902fdcb2cdb973dc6eba1eb662d39a28bc2e313bddafefd9f7573859b898661855472434ed5a1d7,08/20/2025 08:09:00 AM,1,DRIVER,,2032862,,CADILLAC,OTHER (EXPLAIN IN NARRATIVE),XX,,UNKNOWN,PASSENGER,UNKNOWN/NA,S,STRAIGHT AHEAD,,,1,,,,,,Y,,,,,,,,,,,,FRONT-RIGHT-CORNER,,,,,,,,,,,,,,,,,,,,,,,,,,,,,,,,,
2132523,518296b11528aa903b5e2e021d8e859f501c36e5ea6220ef3902fdcb2cdb973dc6eba1eb662d39a28bc2e313bddafefd9f7573859b898661855472434ed5a1d7,08/20/2025 08:09:00 AM,2,DRIVER,,2032869,,NOVA BUS,LFS,IL,2024,UNKNOWN,BUS OVER 15 PASS.,CTA,S,SLOW/STOP IN TRAFFIC,,,1,,,,,,,,,,,,,,Y,,,,SIDE-LEFT-FRONT,,,,,,,,,,,,,,,,,,,,,,,,,,,,,,,,,
2132446,da4f44a42c07fffbfbc1a753f4924416824ccad84532ede90acc37af8fbbc46f2a2e62e973ab45014b22df2b4b0730e75cd97228420fe26a22d73a4ffdcda74c,08/20/2025 08:00:00 AM,1,DRIVER,1,2032787,,FORD,F150,IL,2015,NONE,PICKUP,PERSONAL,N,STRAIGHT AHEAD,,,2,,,,,,,,,,,,,,,,Y,,FRONT,,,,,,,,,,,,,,,,,,,,,,,,,,,,,,,,,
2132447,da4f44a42c07fffbfbc1a753f4924416824ccad84532ede90acc37af8fbbc46f2a2e62e973ab45014b22df2b4b0730e75cd97228420fe26a22d73a4ffdcda74c,08/20/2025 08:00:00 AM,2,DRIVER,,2032827,,LEXUS,GS450H,IL,2010,NONE,PASSENGER,PERSONAL,N,STRAIGHT AHEAD,,,1,,,,,,,,,,Y,,,,,,,,REAR,,,,,,,,,,,,,,,,,,,,,,,,,,,,,,,,,
2132454,e87d52bb84463f497fb739b160a7e6dc8e0780f764d0d9631425b8a28ec442eb0aaeb96ec09b7dba8fbd5d5135a49c8f113d9ed64ff30a9f2e4d2a0f7acb4bd3,08/20/2025 08:00:00 AM,1,DRIVER,,2032792,,HYUNDAI,SONATA,IL,2013,UNKNOWN,PASSENGER,PERSONAL,W,STRAIGHT AHEAD,,,1,,,,,Y,Y,,,,,,,,,,Y,,FRONT-RIGHT-CORNER,,,,,,,,,,,,,,,,,,,,,,,,,,,,,,,,,
2132455,e87d52bb84463f497fb739b160a7e6dc8e0780f764d0d9631425b8a28ec442eb0aaeb96ec09b7dba8fbd5d5135a49c8f113d9ed64ff30a9f2e4d2a0f7acb4bd3,08/20/2025 08:00:00 AM,2,DRIVER,,2032796,,VOLKSWAGEN,ATLAS,IL,2019,UNKNOWN,SPORT UTILITY VEHICLE (SUV),PERSONAL,W,STRAIGHT AHEAD,,,1,,,,,,,,,,Y,Y,,,,,,,REAR-LEFT-CORNER,,,,,,,,,,,,,,,,,,,,,,,,,,,,,,,,,
2132630,d43c2c5846292ff67423ddc801f29da8bc915cb579aee0fc1d8e6afa21f9bc495d390d7ddcec73d088e6821bf6a74805fd8b2fb3806cb5ca50ea00c609918ba2,08/20/2025 07:54:00 AM,1,DRIVER,1,2032973,,NISSAN,JUKE,IL,2015,UNKNOWN,PASSENGER,PERSONAL,W,PASSING/OVERTAKING,,,2,,,,,Y,,,,,,,,,,,,,FRONT-RIGHT-CORNER,,,,,,,,,,,,,,,,,,,,,,,,,,,,,,,,,
2132631,d43c2c5846292ff67423ddc801f29da8bc915cb579aee0fc1d8e6afa21f9bc495d390d7ddcec73d088e6821bf6a74805fd8b2fb3806cb5ca50ea00c609918ba2,08/20/2025 07:54:00 AM,2,DRIVER,,2032997,,CHEVROLET,EXPRESS,IL,2023,UNKNOWN,VAN/MINI-VAN,OTHER,W,SLOW/STOP IN TRAFFIC,,,1,,,,,,,,,,,,,,,Y,,,FRONT-LEFT-CORNER,,,,,,,,,,,,,,,,,,,,,,,,,,,,,,,,,
2132460,06feeff6496328be2120a6cff771db3717d294303dca88a8a525c0d9baa345e940b1f7f85a4b6b1e9c688bce359a9167d441c128bc24ccab02aa3cd57bee9f96,08/20/2025 07:52:00 AM,1,DRIVER,,2032802,,DODGE,RAM 1500 PU,IL,,UNKNOWN,UNKNOWN/NA,UNKNOWN/NA,E,TURNING LEFT,,,1,,,,,,,,,,,,,,,,,Y,UNKNOWN,,,,,,,,,,,,,,,,,,,,,,,,,,,,,,,,,
2132461,06feeff6496328be2120a6cff771db3717d294303dca88a8a525c0d9baa345e940b1f7f85a4b6b1e9c688bce359a9167d441c128bc24ccab02aa3cd57bee9f96,08/20/2025 07:52:00 AM,2,DRIVER,1,2032799,,VOLKSWAGEN,JETTA,IL,2021,NONE,PASSENGER,PERSONAL,N,STRAIGHT AHEAD,,,2,,,,,,,,,,,Y,Y,,,,,,REAR-LEFT-CORNER,,,,,,,,,,,,,,,,,,,,,,,,,,,,,,,,,
2132499,5290693d4bcbae469ff1e6c37340ad6752e6395b8f998f258a122ee9fea30c86666f295bcc5e20fb0ea453200c907af6fec35807286b23f932f58463cc868a63,08/20/2025 07:51:00 AM,1,DRIVER,5,2032842,,THOMAS BUILT BUS COMPANY,THOMAS BUILT BUS CO.,IL,2022,NONE,BUS OVER 15 PASS.,SCHOOL BUS,N,TURNING RIGHT,,,6,,,,,,,,,,,,,,Y,Y,,,FRONT-LEFT-CORNER,,,,,,,,,,,,,,,,,,,,,,,,,,,,,,,,,
2132500,5290693d4bcbae469ff1e6c37340ad6752e6395b8f998f258a122ee9fea30c86666f295bcc5e20fb0ea453200c907af6fec35807286b23f932f58463cc868a63,08/20/2025 07:51:00 AM,2,PARKED,,2032850,,LEXUS,RX300,IN,2015,UNKNOWN,PASSENGER,PERSONAL,E,PARKED,,,0,,,,,Y,Y,Y,Y,,,,,,,,,,SIDE-RIGHT,,,,,,,,,,,,,,,,,,,,,,,,,,,,,,,,,
2132452,4ed42f2fc51ff3e513073af0685f5a742ba9532cfc70c955c48ff1f3a8f237fb92a96a498426249058d9b678b9530d80e8306e30fb497d8381078e9c02400b64,08/20/2025 07:50:00 AM,1,DRIVER,,2032803,,LEXUS,OTHER (EXPLAIN IN NARRATIVE),IL,2003,UNKNOWN,SPORT UTILITY VEHICLE (SUV),UNKNOWN/NA,W,STRAIGHT AHEAD,,,1,,,,,,,,,,,,,,,,,Y,FRONT,,,,,,,,,,,,,,,,,,,,,,,,,,,,,,,,,
2132453,4ed42f2fc51ff3e513073af0685f5a742ba9532cfc70c955c48ff1f3a8f237fb92a96a498426249058d9b678b9530d80e8306e30fb497d8381078e9c02400b64,08/20/2025 07:50:00 AM,2,DRIVER,,2032819,,KIA,TELLURIDE,IL,2025,NONE,SPORT UTILITY VEHICLE (SUV),PERSONAL,W,SLOW/STOP IN TRAFFIC,,,1,,,,,,,,,Y,Y,,,,,N,,,REAR,,,,,,,,,,,,,,,,,,,,,,,,,,,,,,,,,
2132653,1a8d794e6b181f7342fdec6e1f9bc5e5722825fdc45d6d975d30dbc49acfca92a1405f441ab17c832cf316e39bfc8bd7b502b29ad082640aff10dfca9a98f843,08/20/2025 07:44:00 AM,1,DRIVER,,2032989,,MAZDA,CX-30,MN,2020,UNKNOWN,SPORT UTILITY VEHICLE (SUV),PERSONAL,W,STRAIGHT AHEAD,,,1,,,,,,,,,,,,,,,,,,FRONT,,,,,,,,,,,,,,,,,,,,,,,,,,,,,,,,,
2132654,1a8d794e6b181f7342fdec6e1f9bc5e5722825fdc45d6d975d30dbc49acfca92a1405f441ab17c832cf316e39bfc8bd7b502b29ad082640aff10dfca9a98f843,08/20/2025 07:44:00 AM,2,DRIVER,,2032994,,HONDA,CR-V,IL,2020,UNKNOWN,PASSENGER,PERSONAL,S,STRAIGHT AHEAD,,,1,,,,,,,,,,,,,,Y,Y,,,FRONT-LEFT-CORNER,,,,,,,,,,,,,,,,,,,,,,,,,,,,,,,,,
2132505,3c4dd13d2a697dce15f89a08ac5029a15c16384df0fa6900c93224294f0f82cc1159c1b1ab46c1273bed9e0d26440f924020a15865728b84d164de16fa3f16f4,08/20/2025 07:40:00 AM,1,DRIVER,,2032851,,UNKNOWN,OTHER (EXPLAIN IN NARRATIVE),,,UNKNOWN,VAN/MINI-VAN,UNKNOWN/NA,E,STRAIGHT AHEAD,,,1,,,,,,,,,,,Y,Y,Y,Y,Y,,,SIDE-LEFT,,,,,,,,,,,,,,,,,,,,,,,,,,,,,,,,,