CRASH_UNIT_ID,CRASH_RECORD_ID,CRASH_DATE,UNIT_NO,UNIT_TYPE,NUM_PASSENGERS,VEHICLE_ID,CMRC_VEH_I,MAKE,MODEL,LIC_PLATE_STATE,VEHICLE_YEAR,VEHICLE_DEFECT,VEHICLE_TYPE,VEHICLE_USE,TRAVEL_DIRECTION,MANEUVER,TOWED_I,FIRE_I,OCCUPANT_CNT,EXCEED_SPEED_LIMIT_I,TOWED_BY,TOWED_TO,AREA_00_I,AREA_01_I,AREA_02_I,AREA_03_I,AREA_04_I,AREA_05_I,AREA_06_I,AREA_07_I,AREA_08_I,AREA_09_I,AREA_10_I,AREA_11_I,AREA_12_I,AREA_99_I,FIRST_CONTACT_POINT,CMV_ID,USDOT_NO,CCMC_NO,ILCC_NO,COMMERCIAL_SRC,GVWR,CARRIER_NAME,CARRIER_STATE,CARRIER_CITY,HAZMAT_PLACARDS_I,HAZMAT_NAME,UN_NO,HAZMAT_PRESENT_I,HAZMAT_REPORT_I,HAZMAT_REPORT_NO,MCS_REPORT_I,MCS_REPORT_NO,HAZMAT_VIO_CAUSE_CRASH_I,MCS_VIO_CAUSE_CRASH_I,IDOT_PERMIT_NO,WIDE_LOAD_I,TRAILER1_WIDTH,TRAILER2_WIDTH,TRAILER1_LENGTH,TRAILER2_LENGTH,TOTAL_VEHICLE_LENGTH,AXLE_CNT,VEHICLE_CONFIG,CARGO_BODY_TYPE,LOAD_TYPE,HAZMAT_OUT_OF_SERVICE_I,MCS_OUT_OF_SERVICE_I,HAZMAT_CLASS
2132506,3c4dd13d2a697dce15f89a08ac5029a15c16384df0fa6900c93224294f0f82cc1159c1b1ab46c1273bed9e0d26440f924020a15865728b84d164de16fa3f16f4,08/20/2025 07:40:00 AM,2,DRIVER,,2032866,,NISSAN,SENTRA,IL,2015,NONE,PASSENGER,PERSONAL,E,CHANGING LANES,,,1,,,,,Y,Y,,,,,,,,,,,,FRONT-RIGHT-CORNER,,,,,,,,,,,,,,,,,,,,,,,,,,,,,,,,,
2135617,7d1b2900c0dd9c136fc3d2e028e22221d5c57820bc29686ae006e7b808944df0bcae5122610d223e576d65d2420f4420f1e076c6fabb2b4c39c38bf6f3229202,08/20/2025 07:40:00 AM,1,DRIVER,,2035832,,KIA,SORENTO,IL,2023,UNKNOWN,UNKNOWN/NA,PERSONAL,E,STRAIGHT AHEAD,,,1,,,,,Y,,,,,,,,,,Y,Y,,FRONT,,,,,,,,,,,,,,,,,,,,,,,,,,,,,,,,,
2135618,7d1b2900c0dd9c136fc3d2e028e22221d5c57820bc29686ae006e7b808944df0bcae5122610d223e576d65d2420f4420f1e076c6fabb2b4c39c38bf6f3229202,08/20/2025 07:40:00 AM,2,DRIVER,,2035841,,CHEVROLET,EQUINOX,IL,2010,UNKNOWN,PASSENGER,PERSONAL,E,STRAIGHT AHEAD,,,1,,,,,Y,,,,Y,Y,Y,,,,Y,Y,,REAR,,,,,,,,,,,,,,,,,,,,,,,,,,,,,,,,,
2135619,7d1b2900c0dd9c136fc3d2e028e22221d5c57820bc29686ae006e7b808944df0bcae5122610d223e576d65d2420f4420f1e076c6fabb2b4c39c38bf6f3229202,08/20/2025 07:40:00 AM,3,DRIVER,,2035849,,HONDA,CIVIC,IL,2014,UNKNOWN,PASSENGER,PERSONAL,E,STRAIGHT AHEAD,,,1,,,,,,,,,Y,Y,Y,,,,,,,REAR,,,,,,,,,,,,,,,,,,,,,,,,,,,,,,,,,
2132494,c308a237380c201df15744f7023a4ee9dd97eccd2fdcd3d504db6791ca61e42097da97eaecf0ea8129fe4e7df50f024a4e6483824fabed8ba3c448066bd3b3cf,08/20/2025 07:40:00 AM,1,DRIVER,,2032829,,CHEVROLET,TRAIL BLAZER,IL,2003,NONE,PASSENGER,PERSONAL,W,STRAIGHT AHEAD,,,1,,,,,Y,,,,,,,,,,Y,Y,,FRONT,,,,,,,,,,,,,,,,,,,,,,,,,,,,,,,,,
2132495,c308a237380c201df15744f7023a4ee9dd97eccd2fdcd3d504db6791ca61e42097da97eaecf0ea8129fe4e7df50f024a4e6483824fabed8ba3c448066bd3b3cf,08/20/2025 07:40:00 AM,2,DRIVER,,2032835,,KIA,FORTE,IL,2023,NONE,PASSENGER,PERSONAL,N,STRAIGHT AHEAD,,,1,,,,,Y,Y,,,,,,,,,,Y,,SIDE-RIGHT-FRONT,,,,,,,,,,,,,,,,,,,,,,,,,,,,,,,,,
2132668,cc09a614113f0a9707f686caf8c1e26723bebe04a435dc6a05d09ebcd0150c3dc55d09173241e132e1458a1f5e942e00093960ba16ced02e32c1921014804fba,08/20/2025 07:37:00 AM,1,DRIVER,,2033011,,UNKNOWN,OTHER (EXPLAIN IN NARRATIVE),,,UNKNOWN,UNKNOWN/NA,UNKNOWN/NA,UNKNOWN,UNKNOWN/NA,,,1,,,,,,,,,,,,,,,,,Y,UNKNOWN,,,,,,,,,,,,,,,,,,,,,,,,,,,,,,,,,
2132669,cc09a614113f0a9707f686caf8c1e26723bebe04a435dc6a05d09ebcd0150c3dc55d09173241e132e1458a1f5e942e00093960ba16ced02e32c1921014804fba,08/20/2025 07:37:00 AM,2,PARKED,,2033004,,MERCEDES-BENZ,C-CLASS,IL,2020,NONE,PASSENGER,PERSONAL,UNKNOWN,PARKED,,,0,,,,,,,,,,,,,,,Y,,,FRONT-LEFT-CORNER,,,,,,,,,,,,,,,,,,,,,,,,,,,,,,,,,
2132867,90104356b3a2dac4c1d4a8e82a453d2c985816eea731f16069ca2b2c34a5fdee269af502e8de5d24c2ad144727626f6d6b766dd3da28edd860181e1d27eba9ab,08/20/2025 07:35:00 AM,1,DRIVER,,2033205,,UNKNOWN,OTHER (EXPLAIN IN NARRATIVE),IL,,UNKNOWN,UNKNOWN/NA,UNKNOWN/NA,N,STRAIGHT AHEAD,,,1,,,,,,,,,,,,,,,,,Y,UNKNOWN,,,,,,,,,,,,,,,,,,,,,,,,,,,,,,,,,
2132868,90104356b3a2dac4c1d4a8e82a453d2c985816eea731f16069ca2b2c34a5fdee269af502e8de5d24c2ad144727626f6d6b766dd3da28edd860181e1d27eba9ab,08/20/2025 07:35:00 AM,2,PARKED,,2033213,,BMW,OTHER (EXPLAIN IN NARRATIVE),IL,,UNKNOWN,UNKNOWN/NA,UNKNOWN/NA,UNKNOWN,PARKED,,,0,,,,,,,,,,,,,Y,Y,Y,,,SIDE-LEFT,,,,,,,,,,,,,,,,,,,,,,,,,,,,,,,,,
2132923,3e7c2f59d995306048db42a98fbbf456da841e5fbb9c611b24a8a95b3c248cb7ac04bd6fba18cbe82997e96060cd969c2506a7d44136952afcd4676cde7af876,08/20/2025 07:30:00 AM,1,DRIVER,,2033251,,SUZUKI,OTHER (EXPLAIN IN NARRATIVE),IL,2005,UNKNOWN,MOPED OR MOTORIZED BICYCLE,PERSONAL,N,STRAIGHT AHEAD,,,1,,,,,,,,,,,,,,,,,,UNKNOWN,,,,,,,,,,,,,,,,,,,,,,,,,,,,,,,,,
2132924,3e7c2f59d995306048db42a98fbbf456da841e5fbb9c611b24a8a95b3c248cb7ac04bd6fba18cbe82997e96060cd969c2506a7d44136952afcd4676cde7af876,08/20/2025 07:30:00 AM,2,DRIVER,,2033252,,HYUNDAI,SANTA FE,IL,2021,NONE,SPORT UTILITY VEHICLE (SUV),PERSONAL,N,STRAIGHT AHEAD,,,1,,,,,,,,,,Y,,,,,,,N,REAR,,,,,,,,,,,,,,,,,,,,,,,,,,,,,,,,,
2132650,5ec84b037181af00b93c40773cc4ff92111bfbf38a88c82d284c747264b4f17b56052e2d00d13f7b61700d1018b798c8884a9fae196a66ea2142e63049bac97c,08/20/2025 07:30:00 AM,1,DRIVER,,2032985,,HONDA,CIVIC,IL,2001,UNKNOWN,PASSENGER,UNKNOWN/NA,NW,TURNING LEFT,,,1,,,,,,Y,Y,Y,,,,,,,,,,SIDE-RIGHT,,,,,,,,,,,,,,,,,,,,,,,,,,,,,,,,,
2132651,5ec84b037181af00b93c40773cc4ff92111bfbf38a88c82d284c747264b4f17b56052e2d00d13f7b61700d1018b798c8884a9fae196a66ea2142e63049bac97c,08/20/2025 07:30:00 AM,2,DRIVER,,2032990,,HONDA,CR-V,,2022,UNKNOWN,SPORT UTILITY VEHICLE (SUV),UNKNOWN/NA,S,STRAIGHT AHEAD,,,1,,,,,,,,,,,,,,Y,Y,Y,,FRONT-LEFT-CORNER,,,,,,,,,,,,,,,,,,,,,,,,,,,,,,,,,
2132520,10b2aeb474ae648161091d2f94185a0339d6a17e88685dfed5dfe4dfb92ba943584cf268c30f6f804d3c900977cd8228e8b90adc68fff241b584095ab924acef,08/20/2025 07:26:00 AM,1,DRIVER,1,2032859,,JEEP,RENEGADE,IL,2017,UNKNOWN,SPORT UTILITY VEHICLE (SUV),PERSONAL,N,STRAIGHT AHEAD,Y,,2,,s&s,unknown,,,,Y,Y,Y,,Y,Y,Y,Y,Y,,,SIDE-RIGHT-REAR,,,,,,,,,,,,,,,,,,,,,,,,,,,,,,,,,
2132521,10b2aeb474ae648161091d2f94185a0339d6a17e88685dfed5dfe4dfb92ba943584cf268c30f6f804d3c900977cd8228e8b90adc68fff241b584095ab924acef,08/20/2025 07:26:00 AM,2,DRIVER,,2032874,,FORD,FLEX,OH,2010,UNKNOWN,SPORT UTILITY VEHICLE (SUV),PERSONAL,W,STRAIGHT AHEAD,,,1,,,,,Y,,,,,,,,,,Y,Y,,FRONT,,,,,,,,,,,,,,,,,,,,,,,,,,,,,,,,,
2132464,a8870cc2b684cfda27e02c4ccda3b71e3dbcffaf690c02d08dca690db04a617e9712ba7fd4a8b06e4147a35383f677ebd2911e7b4330c44e4e1006a9f634827c,08/20/2025 07:24:00 AM,1,DRIVER,3,2032804,,THOMAS BUILT BUS COMPANY,THOMAS BUILT BUS CO.,IL,2018,NONE,BUS OVER 15 PASS.,SCHOOL BUS,N,TURNING LEFT,,,4,,,,,Y,,,,,,,,,,,,,FRONT-RIGHT-CORNER,,,,,,,,,,,,,,,,,,,,,,,,,,,,,,,,,
2132465,a8870cc2b684cfda27e02c4ccda3b71e3dbcffaf690c02d08dca690db04a617e9712ba7fd4a8b06e4147a35383f677ebd2911e7b4330c44e4e1006a9f634827c,08/20/2025 07:24:00 AM,2,PARKED,,2032810,,HONDA,CIVIC,IL,2019,NONE,PASSENGER,PERSONAL,E,PARKED,,,0,,,,Y,,,,,,,,,Y,Y,Y,,,SIDE-LEFT-FRONT,,,,,,,,,,,,,,,,,,,,,,,,,,,,,,,,,
2132722,e297bd27fad5639fb32e7d1e7ac39a6fcf28c30615fd712a22132442dee3708dd6bdbb74a668c77cfac2beb947cd3cc1681a88aa6b7ed579eca38a2515daeb41,08/20/2025 06:58:00 AM,1,DRIVER,,2033056,,NISSAN,ALTIMA,,2014,UNKNOWN,PASSENGER,PERSONAL,SE,TURNING RIGHT,,,1,,,,,,,,,,,,,,,Y,,,FRONT-LEFT-CORNER,,,,,,,,,,,,,,,,,,,,,,,,,,,,,,,,,
2132723,e297bd27fad5639fb32e7d1e7ac39a6fcf28c30615fd712a22132442dee3708dd6bdbb74a668c77cfac2beb947cd3cc1681a88aa6b7ed579eca38a2515daeb41,08/20/2025 06:58:00 AM,2,DRIVER,,2033060,,CHEVROLET,TRAVERSE,IL,2023,NONE,PASSENGER,PERSONAL,SE,TURNING RIGHT,,,1,,,,,,,Y,,,,,,,,,,,SIDE-RIGHT-REAR,,,,,,,,,,,,,,,,,,,,,,,,,,,,,,,,,
2132782,93516e45b75f7eecea82b61a07f580c9aaec9300194be194e76d674f8e11b2fc5c093c1888fa151481fb4050d0adf4b9c9981c549f946aa8ed734a59e7f3fb67,08/20/2025 06:50:00 AM,1,DRIVER,,2033118,,TOYOTA,4RUNNER,IL,2012,UNKNOWN,PICKUP,PERSONAL,S,STRAIGHT AHEAD,,,1,,,,,Y,,,,,,,,,,Y,Y,Y,FRONT,,,,,,,,,,,,,,,,,,,,,,,,,,,,,,,,,
2132783,93516e45b75f7eecea82b61a07f580c9aaec9300194be194e76d674f8e11b2fc5c093c1888fa151481fb4050d0adf4b9c9981c549f946aa8ed734a59e7f3fb67,08/20/2025 06:50:00 AM,2,DRIVER,,2033133,,TOYOTA,COROLLA,IL,2008,NONE,PASSENGER,PERSONAL,W,STRAIGHT AHEAD,,,1,,,,,Y,Y,Y,Y,Y,,,,,,,,,SIDE-RIGHT,,,,,,,,,,,,,,,,,,,,,,,,,,,,,,,,,
2132448,ce2e4bae981e62e4aeddac3d4422406d19470cce44e5f35327e8fb7afb2a7d7795bd44f8fd97d09b4fa9683f7edfc15c3804c33c1b27a92192778f8ce753dd29,08/20/2025 06:50:00 AM,1,DRIVER,,2032791,,FORD,ESCAPE,IL,2018,NONE,SPORT UTILITY VEHICLE (SUV),PERSONAL,NW,STRAIGHT AHEAD,,,1,,,,,,,,,,,,,Y,Y,Y,Y,,FRONT-LEFT-CORNER,,,,,,,,,,,,,,,,,,,,,,,,,,,,,,,,,
2132449,ce2e4bae981e62e4aeddac3d4422406d19470cce44e5f35327e8fb7afb2a7d7795bd44f8fd97d09b4fa9683f7edfc15c3804c33c1b27a92192778f8ce753dd29,08/20/2025 06:50:00 AM,2,DRIVER,,2032794,,FORD,MUSTANG,IL,2015,NONE,PASSENGER,PERSONAL,N,STRAIGHT AHEAD,,,1,,,,,,,Y,Y,Y,,,,,,,,,SIDE-RIGHT-REAR,,,,,,,,,,,,,,,,,,,,,,,,,,,,,,,,,
2132438,e11b1bbb9287d2df8a3666306c8e074f17f21c2ede91727fcd118996aa7085692f9a5fbd31114cf129abc7d48aab0968d6d88e05121ea312a2a8df51f1ff3887,08/20/2025 06:45:00 AM,1,DRIVER,,2032783,,FIAT,OTHER (EXPLAIN IN NARRATIVE),IL,2016,UNKNOWN,PASSENGER,UNKNOWN/NA,N,PASSING/OVERTAKING,,,1,,,,,,,,,,,,,,,,,Y,UNKNOWN,,,,,,,,,,,,,,,,,,,,,,,,,,,,,,,,,
2132439,e11b1bbb9287d2df8a3666306c8e074f17f21c2ede91727fcd118996aa7085692f9a5fbd31114cf129abc7d48aab0968d6d88e05121ea312a2a8df51f1ff3887,08/20/2025 06:45:00 AM,2,DRIVER,,2032784,,FORD,TRANSIT,IL,2014,NONE,VAN/MINI-VAN,OTHER,N,STRAIGHT AHEAD,,,1,,,,,,,,,,,,,,Y,Y,,,FRONT-LEFT-CORNER,,,,,,,,,,,,,,,,,,,,,,,,,,,,,,,,,
2132435,b08797a94ef3d70f42dfea7853fc8f763402fdebb4089d91a17534690209bc83640f447092f16f06ce6b1c054077574dd967a7c586cd6e66b4fb3f3b791624ee,08/20/2025 06:30:00 AM,1,DRIVER,,2032780,,DODGE,RAM 1500 PU,IL,2011,UNKNOWN,PICKUP,PERSONAL,S,STRAIGHT AHEAD,,,1,,,,,Y,,,,,,,,,,Y,Y,,FRONT,,,,,,,,,,,,,,,,,,,,,,,,,,,,,,,,,
2132436,b08797a94ef3d70f42dfea7853fc8f763402fdebb4089d91a17534690209bc83640f447092f16f06ce6b1c054077574dd967a7c586cd6e66b4fb3f3b791624ee,08/20/2025 06:30:00 AM,2,DRIVER,,2032781,,CHEVROLET,CRUZE,,2015,UNKNOWN,PASSENGER,PERSONAL,S,STRAIGHT AHEAD,,,1,,,,,,,,,Y,Y,Y,,,,,,,REAR,,,,,,,,,,,,,,,,,,,,,,,,,,,,,,,,,
2132437,b08797a94ef3d70f42dfea7853fc8f763402fdebb4089d91a17534690209bc83640f447092f16f06ce6b1c054077574dd967a7c586cd6e66b4fb3f3b791624ee,08/20/2025 06:30:00 AM,3,DRIVER,,2032782,,FORD,FUSION,IL,2013,UNKNOWN,PASSENGER,PERSONAL,S,STRAIGHT AHEAD,,,1,,,,,,,,,Y,Y,Y,,,,,,,REAR,,,,,,,,,,,,,,,,,,,,,,,,,,,,,,,,,
2132833,25f61696da942eceb1b5b15762f17a725307544dbaa4ef5590f388c2f4143254bfd3084bf1a926fbe90b3cf558c28daff79820cac07ab4a73bbcdfd90ebc35f6,08/20/2025 06:00:00 AM,1,DRIVER,,2033159,,CHEVROLET,C/K 2500,IL,2015,UNKNOWN,TRUCK - SINGLE UNIT,UNKNOWN/NA,SW,TURNING LEFT,,,1,,,,,Y,,,,,,,,,,Y,Y,,FRONT,,,,,,,,,,,,,,,,,,,,,,,,,,,,,,,,,
2132834,25f61696da942eceb1b5b15762f17a725307544dbaa4ef5590f388c2f4143254bfd3084bf1a926fbe90b3cf558c28daff79820cac07ab4a73bbcdfd90ebc35f6,08/20/2025 06:00:00 AM,2,DRIVER,,2033168,,HONDA,CIVIC,IL,2022,NONE,PASSENGER,PERSONAL,SW,TURNING LEFT,,,1,,,,,,,,,Y,Y,Y,,,,,,,REAR,,,,,,,,,,,,,,,,,,,,,,,,,,,,,,,,,
2132427,9976cd93f3a591820f9fa9b89278857aab9a9c0ab03e0b00b406747f257eda6fc485f7895757de115d5201d3c972d83b182afa7a8b848b3883938196db2fbefb,08/20/2025 05:54:00 AM,1,DRIVER,,2033412,Y,UNKNOWN,OTHER (EXPLAIN IN NARRATIVE),,,NONE,TRACTOR W/ SEMI-TRAILER,COMMERCIAL - MULTI-UNIT,N,TURNING RIGHT,,,1,,,,,,,,,,,,,,,,,Y,SIDE-RIGHT,"22,042",,,,SIDE OF TRUCK,3,UNKNOWN,,,,,,N,N,,N,,N,U,,,,,,,,,TRACTOR/SEMI-TRAILER,OTHER,UNKNOWN,N,N,
2132428,9976cd93f3a591820f9fa9b89278857aab9a9c0ab03e0b00b406747f257eda6fc485f7895757de115d5201d3c972d83b182afa7a8b848b3883938196db2fbefb,08/20/2025 05:54:00 AM,2,DRIVER,1,2033423,,TOYOTA,PRIUS,IL,2021,NONE,PASSENGER,PERSONAL,N,STRAIGHT AHEAD,Y,,2,,PRIVATE TOW,,,,Y,,,,,,Y,Y,Y,Y,,,SIDE-LEFT,,,,,,,,,,,,,,,,,,,,,,,,,,,,,,,,,
2133179,ea1536f738dcc6c6bb2078dad15fff047ac0c72affbec5851e34fd2ca79bed2fb04c624c053df1bb87a40dbb0caa5ee181d5ddb2779a8c55690114cfda9c79f1,08/20/2025 05:45:00 AM,1,DRIVER,1,2033498,,TOYOTA,YARIS,IL,2009,NONE,PASSENGER,OTHER,N,OTHER,,,2,,,,,,,,,,,,,,,,Y,,FRONT,,,,,,,,,,,,,,,,,,,,,,,,,,,,,,,,,
2133180,ea1536f738dcc6c6bb2078dad15fff047ac0c72affbec5851e34fd2ca79bed2fb04c624c053df1bb87a40dbb0caa5ee181d5ddb2779a8c55690114cfda9c79f1,08/20/2025 05:45:00 AM,2,DRIVER,,2033501,,TOYOTA,SEQUOIA,,2006,UNKNOWN,VAN/MINI-VAN,UNKNOWN/NA,N,SLOW/STOP IN TRAFFIC,,,1,,,,,,,,,,Y,,,,,,,,REAR,,,,,,,,,,,,,,,,,,,,,,,,,,,,,,,,,
2132458,fc81d4da1ae9a1ec6d4657762e86d12316ebab78d7cc51bff1f4edbe10022941779e18856217777b04e76e9f152907429c26a4749b544380c52a365ebd2fca2a,08/20/2025 05:45:00 AM,1,DRIVER,,2032797,,UTILITY TRAILER,UTILITY TRAILER,IL,2014,UNKNOWN,TRACTOR W/ SEMI-TRAILER,COMMERCIAL - MULTI-UNIT,W,ENTERING TRAFFIC LANE FROM PARKING,Y,,1,,DNA,DNA,,,,,,,,Y,Y,Y,,,,,SIDE-LEFT,,,,,,,,,,,,,,,,,,,,,,,,,,,,,,,,,
2132459,fc81d4da1ae9a1ec6d4657762e86d12316ebab78d7cc51bff1f4edbe10022941779e18856217777b04e76e9f152907429c26a4749b544380c52a365ebd2fca2a,08/20/2025 05:45:00 AM,2,PARKED,,2032800,,KENWORTH MOTOR TRUCK COMPANY,KENWORTH MOTOR TRUCK CO.,TX,2020,NONE,TRACTOR W/ SEMI-TRAILER,COMMERCIAL - MULTI-UNIT,W,PARKED,,,0,,,,,Y,,,,,,,,,,,Y,,FRONT-RIGHT-CORNER,,,,,,,,,,,,,,,,,,,,,,,,,,,,,,,,,
2133105,5e09d1c4a99fe0551976fd69e72758a70a5c7430c503bcc6b8f90524925e15355d980dc5197ca8429a3bc2ab3d8ca7abb0d7e691225f84a8d591f1c4e09566a2,08/20/2025 05:37:00 AM,1,DRIVER,,2033444,,TOYOTA,COROLLA,IL,2025,UNKNOWN,PASSENGER,PERSONAL,E,STRAIGHT AHEAD,Y,,1,,PRIVATE INSURANCE,,,Y,Y,,,,,,,,,,,,FRONT-RIGHT-CORNER,,,,,,,,,,,,,,,,,,,,,,,,,,,,,,,,,
2133106,5e09d1c4a99fe0551976fd69e72758a70a5c7430c503bcc6b8f90524925e15355d980dc5197ca8429a3bc2ab3d8ca7abb0d7e691225f84a8d591f1c4e09566a2,08/20/2025 05:37:00 AM,2,PARKED,,2033446,,FORD,FUSION,IL,2012,NONE,PASSENGER,NOT IN USE,E,PARKED,,,0,,,,,Y,,,,,,,,,Y,Y,Y,,FRONT,,,,,,,,,,,,,,,,,,,,,,,,,,,,,,,,,
2133107,5e09d1c4a99fe0551976fd69e72758a70a5c7430c503bcc6b8f90524925e15355d980dc5197ca8429a3bc2ab3d8ca7abb0d7e691225f84a8d591f1c4e09566a2,08/20/2025 05:37:00 AM,3,PARKED,,2033447,,KIA,SOUL,IL,2018,NONE,PASSENGER,NOT IN USE,E,PARKED,,,0,,,,,,,,,Y,Y,Y,,,,,,,REAR-LEFT-CORNER,,,,,,,,,,,,,,,,,,,,,,,,,,,,,,,,,
2132424,b244f43c40f6b659e7a6b9f08333b40864f4520dd1c80ee09e0412a2683f95ae4bee256c19a2d8bd7d428abf2786ccb45496c951b5861fb242c7a79750bc48aa,08/20/2025 05:30:00 AM,1,DRIVER,,2032771,,GENERAL MOTORS CORPORATION (GMC),ENVOY,IL,2012,NONE,PASSENGER,PERSONAL,E,STRAIGHT AHEAD,Y,,1,,private,unk,,Y,,,,,,,,,,Y,Y,,FRONT,,,,,,,,,,,,,,,,,,,,,,,,,,,,,,,,,
2132425,b244f43c40f6b659e7a6b9f08333b40864f4520dd1c80ee09e0412a2683f95ae4bee256c19a2d8bd7d428abf2786ccb45496c951b5861fb242c7a79750bc48aa,08/20/2025 05:30:00 AM,2,DRIVER,,2032773,N,"MACK TRUCKS, INC.","MACK TRUCKS, INC.",IL,2003,NONE,TRUCK - SINGLE UNIT,CONSTRUCTION/MAINTENANCE,S,TURNING LEFT,,,1,,,,,Y,Y,Y,,,,,,,,,,,FRONT-RIGHT-CORNER,,,,,,,,,,,,,,,,,,,,,,,,,,,,,,,,,
2132442,277f661a9d556dc1456b45e6c9b4fa19e70e9357875f85ba4d48bd165ab51fb862abfeda8cb0ec7a8addaf6506041ab6d2fba52e17d27ebf084f3fb4fe47116c,08/20/2025 05:15:00 AM,1,DRIVER,,2032785,,UNKNOWN,OTHER (EXPLAIN IN NARRATIVE),,,UNKNOWN,UNKNOWN/NA,UNKNOWN/NA,S,STRAIGHT AHEAD,,,1,,,,,,,,,,,,,,,,,Y,UNKNOWN,,,,,,,,,,,,,,,,,,,,,,,,,,,,,,,,,
2132443,277f661a9d556dc1456b45e6c9b4fa19e70e9357875f85ba4d48bd165ab51fb862abfeda8cb0ec7a8addaf6506041ab6d2fba52e17d27ebf084f3fb4fe47116c,08/20/2025 05:15:00 AM,2,BICYCLE,,,,,,,,,,,,,,,,,,,,,,,,,,,,,,,,,,,,,,,,,,,,,,,,,,,,,,,,,,,,,,,,,,
2132418,4f3c88075e043036716bea6629c571ca2f3b361ca4feea6874d215984e2f6a43057a2638a30bb877d7944ab31bf922de385bd4873375b75cb6a8cf28f07a8359,08/20/2025 04:18:00 AM,1,DRIVER,,2032765,,CHEVROLET,CAMARO,IL,2014,UNKNOWN,PASSENGER,UNKNOWN/NA,S,STRAIGHT AHEAD,,,1,,,,,,,,,,,,,,,Y,Y,,FRONT-LEFT-CORNER,,,,,,,,,,,,,,,,,,,,,,,,,,,,,,,,,
2132543,1dc8e0cda4f3cd3df87dca04fec7141d8281cb0cde5450f6b8eab4c6efb3d3e1b2bc602d6dbd64fad9a8becd626baef2ee59ef9c0b7109774e34aa1784ab50e4,08/20/2025 04:00:00 AM,1,DRIVER,1,2032885,,CHEVROLET,MALIBU,,2013,UNKNOWN,PASSENGER,PERSONAL,N,STRAIGHT AHEAD,,,2,,,,,,,,,,,,,,,,Y,,FRONT,,,,,,,,,,,,,,,,,,,,,,,,,,,,,,,,,
2132423,ae8c68758bec5899f114b17e2053073bf7b122b0cea5c11b7f1cbf02c358c14060203a1588eb52a426ea3aca666ffa668fa59ecd28d41486f7193c07654b8abe,08/20/2025 04:00:00 AM,1,DRIVER,,2032772,,CHEVROLET,MALIBU,IL,2013,UNKNOWN,PASSENGER,UNKNOWN/NA,W,UNKNOWN/NA,Y,,1,,CITY OF CHICAGO TOW,10330 S DOTY ROAD,,Y,Y,,,,,,,,Y,Y,Y,,FRONT-LEFT-CORNER,,,,,,,,,,,,,,,,,,,,,,,,,,,,,,,,,
2132414,73686c6ef709b72863c3daf1dbba3c429d7d9c4900d19babdffb4c33d377c1a025954c6453b2a3abde75935d19785d5025aa93fe9fd1ba54e819ed919447b361,08/20/2025 03:30:00 AM,1,DRIVER,,2032763,,UNKNOWN,OTHER (EXPLAIN IN NARRATIVE),,,UNKNOWN,UNKNOWN/NA,UNKNOWN/NA,UNKNOWN,UNKNOWN/NA,,,1,,,,,,,,,,,,,,,,,Y,UNKNOWN,,,,,,,,,,,,,,,,,,,,,,,,,,,,,,,,,
2132415,73686c6ef709b72863c3daf1dbba3c429d7d9c4900d19babdffb4c33d377c1a025954c6453b2a3abde75935d19785d5025aa93fe9fd1ba54e819ed919447b361,08/20/2025 03:30:00 AM,2,DRIVER,2,2032764,,HONDA,INSIGHT,IL,2022,NONE,PASSENGER,RIDESHARE SERVICE,W,STRAIGHT AHEAD,,,3,,,,,,,,,,Y,Y,Y,,,,,,REAR-LEFT-CORNER,,,,,,,,,,,,,,,,,,,,,,,,,,,,,,,,,
2132416,53a654bdd8d341041d643a36ca1191357030367864b8bcefaf38c0f69d23e69f7971eb6bd6915eee38c5829f75a3bac5ad23e1225e64e0ba064842d60565f841,08/20/2025 03:20:00 AM,1,DRIVER,,2032761,,GENERAL MOTORS CORPORATION (GMC),SIERRA,IL,2025,UNKNOWN,PICKUP,PERSONAL,E,STRAIGHT AHEAD,Y,,1,,CITY OF CHICAGO,,,Y,Y,Y,Y,Y,Y,Y,Y,Y,Y,Y,Y,,TOTAL (ALL AREAS),,,,,,,,,,,,,,,,,,,,,,,,,,,,,,,,,
2132456,d7027f87824e035c3cd7d0215ca36ba32b977d9d0d4c0ceb4acd4f6e7c8a96bb208e5e82868ecedd5605cee5323989d844df0f5d875345711e048a7c33482e73,08/20/2025 03:00:00 AM,1,DRIVER,,2032793,,UNKNOWN,OTHER (EXPLAIN IN NARRATIVE),,,UNKNOWN,UNKNOWN/NA,UNKNOWN/NA,UNKNOWN,UNKNOWN/NA,,,1,,,,,,,,,,,,,,,,,Y,UNKNOWN,,,,,,,,,,,,,,,,,,,,,,,,,,,,,,,,,
2132457,d7027f87824e035c3cd7d0215ca36ba32b977d9d0d4c0ceb4acd4f6e7c8a96bb208e5e82868ecedd5605cee5323989d844df0f5d875345711e048a7c33482e73,08/20/2025 03:00:00 AM,2,PARKED,,2032795,,TOYOTA,4RUNNER,IL,2017,UNKNOWN,PASSENGER,PERSONAL,E,PARKED,,,0,,,,,,,,,Y,Y,,,,,,,,UNKNOWN,,,,,,,,,,,,,,,,,,,,,,,,,,,,,,,,,