CRASH_UNIT_ID,CRASH_RECORD_ID,CRASH_DATE,UNIT_NO,UNIT_TYPE,NUM_PASSENGERS,VEHICLE_ID,CMRC_VEH_I,MAKE,MODEL,LIC_PLATE_STATE,VEHICLE_YEAR,VEHICLE_DEFECT,VEHICLE_TYPE,VEHICLE_USE,TRAVEL_DIRECTION,MANEUVER,TOWED_I,FIRE_I,OCCUPANT_CNT,EXCEED_SPEED_LIMIT_I,TOWED_BY,TOWED_TO,AREA_00_I,AREA_01_I,AREA_02_I,AREA_03_I,AREA_04_I,AREA_05_I,AREA_06_I,AREA_07_I,AREA_08_I,AREA_09_I,AREA_10_I,AREA_11_I,AREA_12_I,AREA_99_I,FIRST_CONTACT_POINT,CMV_ID,USDOT_NO,CCMC_NO,ILCC_NO,COMMERCIAL_SRC,GVWR,CARRIER_NAME,CARRIER_STATE,CARRIER_CITY,HAZMAT_PLACARDS_I,HAZMAT_NAME,UN_NO,HAZMAT_PRESENT_I,HAZMAT_REPORT_I,HAZMAT_REPORT_NO,MCS_REPORT_I,MCS_REPORT_NO,HAZMAT_VIO_CAUSE_CRASH_I,MCS_VIO_CAUSE_CRASH_I,IDOT_PERMIT_NO,WIDE_LOAD_I,TRAILER1_WIDTH,TRAILER2_WIDTH,TRAILER1_LENGTH,TRAILER2_LENGTH,TOTAL_VEHICLE_LENGTH,AXLE_CNT,VEHICLE_CONFIG,CARGO_BODY_TYPE,LOAD_TYPE,HAZMAT_OUT_OF_SERVICE_I,MCS_OUT_OF_SERVICE_I,HAZMAT_CLASS
2132417,26b4deddf11f0c510c77a9b56a5775639ffad34b98e4fa73983f8f78d27b60d7d528ecefe0d9f33db4c9c24538813810d037deb2dd1b75cf345987dfcc5ea4c5,08/20/2025 02:05:00 AM,1,DRIVER,1,2032762,,KIA,SORENTO,IL,2021,NONE,PASSENGER,PERSONAL,S,PASSING/OVERTAKING,Y,,2,,CITY OF CHICAGO,,,Y,,,,,,,,,,Y,Y,,FRONT,,,,,,,,,,,,,,,,,,,,,,,,,,,,,,,,,
2132408,5dccdfa1ad37321c500f221080decc7daa503396efb2e6e6f83c33858524df7aac535183fca0cac032bbfbceee423d089a66617dfb00d0f138708d98ef72219e,08/20/2025 01:32:00 AM,2,DRIVER,,2032754,,DODGE,RAM 1500 PU,IL,2006,UNKNOWN,PICKUP,PERSONAL,W,STRAIGHT AHEAD,Y,,1,,PERSONAL TOW,UNKNOWN,,Y,,,,,,,,,,Y,Y,,FRONT,,,,,,,,,,,,,,,,,,,,,,,,,,,,,,,,,
2132409,5dccdfa1ad37321c500f221080decc7daa503396efb2e6e6f83c33858524df7aac535183fca0cac032bbfbceee423d089a66617dfb00d0f138708d98ef72219e,08/20/2025 01:32:00 AM,3,PARKED,,2032755,,MERCEDES-BENZ,S-CLASS,WI,2011,UNKNOWN,PASSENGER,PERSONAL,W,PARKED,,,0,,,,,,,,Y,Y,Y,Y,,,,,,,REAR,,,,,,,,,,,,,,,,,,,,,,,,,,,,,,,,,
2132410,5dccdfa1ad37321c500f221080decc7daa503396efb2e6e6f83c33858524df7aac535183fca0cac032bbfbceee423d089a66617dfb00d0f138708d98ef72219e,08/20/2025 01:32:00 AM,4,PARKED,,2032756,,PONTIAC,G6,IL,2008,UNKNOWN,PASSENGER,PERSONAL,W,PARKED,,,0,,,,,,,,,Y,Y,Y,,,,,,,REAR,,,,,,,,,,,,,,,,,,,,,,,,,,,,,,,,,
2132413,5dccdfa1ad37321c500f221080decc7daa503396efb2e6e6f83c33858524df7aac535183fca0cac032bbfbceee423d089a66617dfb00d0f138708d98ef72219e,08/20/2025 01:32:00 AM,1,DRIVER,,2032758,,UNKNOWN,OTHER (EXPLAIN IN NARRATIVE),XX,,UNKNOWN,PASSENGER,UNKNOWN/NA,S,STRAIGHT AHEAD,,,1,,,,Y,,,,,,,,,,,,,,NONE,,,,,,,,,,,,,,,,,,,,,,,,,,,,,,,,,
2133011,69c0b7a48945d9eda99ae79a8b980f52e0f82defc36a6d084c560b223e95473a0cac7fbc9637e2d94b8514d77fbf829de10840491a25f5f39a5e7eef7a4579ba,08/20/2025 01:30:00 AM,1,DRIVER,,2033333,,FORD,BRONCO / BRONCO II,IL,2023,NONE,SPORT UTILITY VEHICLE (SUV),PERSONAL,W,STRAIGHT AHEAD,,,1,,,,,Y,Y,,,,,,,,,,,N,FRONT-RIGHT-CORNER,,,,,,,,,,,,,,,,,,,,,,,,,,,,,,,,,
2133012,69c0b7a48945d9eda99ae79a8b980f52e0f82defc36a6d084c560b223e95473a0cac7fbc9637e2d94b8514d77fbf829de10840491a25f5f39a5e7eef7a4579ba,08/20/2025 01:30:00 AM,2,PARKED,,2033334,,VOLKSWAGEN,OTHER (EXPLAIN IN NARRATIVE),IL,1999,UNKNOWN,PASSENGER,PERSONAL,N,PARKED,,,0,,,,N,,,,,,,,,,,,,Y,UNKNOWN,,,,,,,,,,,,,,,,,,,,,,,,,,,,,,,,,
2133324,e0633568a86fe1f4cd4660ca0dfb84f625b80e52edff9b292533232a9be42f683cdba80c5a8a24bc6ae2f6c3966a2aec8726c03d49c5a2c6435c96c82d57e680,08/20/2025 12:01:00 AM,1,DRIVER,,2033633,,UNKNOWN,MOTORIZED,,,UNKNOWN,UNKNOWN/NA,UNKNOWN/NA,UNKNOWN,UNKNOWN/NA,,,1,,,,,,,,,,,,,,,,,Y,UNKNOWN,,,,,,,,,,,,,,,,,,,,,,,,,,,,,,,,,
2133325,e0633568a86fe1f4cd4660ca0dfb84f625b80e52edff9b292533232a9be42f683cdba80c5a8a24bc6ae2f6c3966a2aec8726c03d49c5a2c6435c96c82d57e680,08/20/2025 12:01:00 AM,2,PARKED,,2033636,,TOYOTA,CAMRY,IL,2009,UNKNOWN,PASSENGER,NOT IN USE,S,PARKED,,,0,,,,,Y,,,,,,,,,,Y,Y,,FRONT,,,,,,,,,,,,,,,,,,,,,,,,,,,,,,,,,
2132398,2edaba2e142190ad3fac3115c534259c702b8f2d1c34878eaa902450ba3369523adfd8e51c04b6bd1f9418d39118d45bd4c2f2ccdcd892d1398382be5a11a4d5,08/19/2025 11:59:00 PM,1,DRIVER,1,2032745,,NISSAN,SENTRA,IL,2012,UNKNOWN,PASSENGER,PERSONAL,E,U-TURN,Y,,2,,PRIVATE TOW,RESIDENCE,,,,,,,,,,Y,Y,Y,Y,,FRONT-LEFT-CORNER,,,,,,,,,,,,,,,,,,,,,,,,,,,,,,,,,
2132399,2edaba2e142190ad3fac3115c534259c702b8f2d1c34878eaa902450ba3369523adfd8e51c04b6bd1f9418d39118d45bd4c2f2ccdcd892d1398382be5a11a4d5,08/19/2025 11:59:00 PM,2,DRIVER,,2032743,,CADILLAC,CT4,IL,2016,UNKNOWN,PASSENGER,PERSONAL,E,STRAIGHT AHEAD,Y,,1,,PRIVATE TOW,RESIDENCE,,Y,Y,,,,,,,,,,N,,REAR-RIGHT-CORNER,,,,,,,,,,,,,,,,,,,,,,,,,,,,,,,,,
2132390,ae791f8bd230bb0ac598d9e9036a863a7513bcbc454dae8c18f002a65e3832abf8f9fcd0d1d4e32f491e6db6a617e5bf468f81553b0f8662873e824b331a0969,08/19/2025 11:51:00 PM,1,DRIVER,,2032737,,FORD,EDGE,IL,2011,UNKNOWN,PASSENGER,UNKNOWN/NA,N,STRAIGHT AHEAD,Y,,1,,SELF TOWED,,,Y,,,,,,,,,,Y,Y,,FRONT,,,,,,,,,,,,,,,,,,,,,,,,,,,,,,,,,
2132391,ae791f8bd230bb0ac598d9e9036a863a7513bcbc454dae8c18f002a65e3832abf8f9fcd0d1d4e32f491e6db6a617e5bf468f81553b0f8662873e824b331a0969,08/19/2025 11:51:00 PM,2,DRIVER,,2032739,,DODGE,GRAND CARAVAN,IL,2019,UNKNOWN,VAN/MINI-VAN,PERSONAL,E,STRAIGHT AHEAD,N,,1,,,,,Y,Y,Y,Y,,,,,,,,,,SIDE-RIGHT,,,,,,,,,,,,,,,,,,,,,,,,,,,,,,,,,
2132394,b3c6a7febbe38de4bb9b28aa9327b05a73de934e55cd40741fccb7989e4fd1e67d6c322aebd07e62bad4b33e57fd7378a1b44948c2a42f13437eddb74921c8da,08/19/2025 11:30:00 PM,1,DRIVER,,2032738,,TOYOTA,COROLLA,IL,2006,UNKNOWN,PASSENGER,PERSONAL,S,PASSING/OVERTAKING,,,1,,,,,Y,Y,,,,,,,,,,,,FRONT-RIGHT-CORNER,,,,,,,,,,,,,,,,,,,,,,,,,,,,,,,,,
2132395,b3c6a7febbe38de4bb9b28aa9327b05a73de934e55cd40741fccb7989e4fd1e67d6c322aebd07e62bad4b33e57fd7378a1b44948c2a42f13437eddb74921c8da,08/19/2025 11:30:00 PM,2,DRIVER,,2032740,,TOYOTA,COROLLA,IL,2023,UNKNOWN,SPORT UTILITY VEHICLE (SUV),PERSONAL,S,STRAIGHT AHEAD,,,1,,,,,,,,,,,,Y,Y,Y,,,,SIDE-LEFT,,,,,,,,,,,,,,,,,,,,,,,,,,,,,,,,,
2132379,5c97343760c1dfd66d45ab624dbf7d5c2668298fe45392bdfdb1c2fe9edad77938413c978b77058dc553bb31cace729456ba546fdf6c2408347e67a71799a612,08/19/2025 11:20:00 PM,1,DRIVER,,2032747,,CHEVROLET,EQUINOX,FL,2020,UNKNOWN,SPORT UTILITY VEHICLE (SUV),RIDESHARE SERVICE,S,STRAIGHT AHEAD,,,1,,,,,,,,,,,,,,,,Y,,FRONT,,,,,,,,,,,,,,,,,,,,,,,,,,,,,,,,,
2132380,5c97343760c1dfd66d45ab624dbf7d5c2668298fe45392bdfdb1c2fe9edad77938413c978b77058dc553bb31cace729456ba546fdf6c2408347e67a71799a612,08/19/2025 11:20:00 PM,2,DRIVER,,2032731,,DODGE,CHARGER,IL,2012,UNKNOWN,PASSENGER,PERSONAL,S,STRAIGHT AHEAD,,,1,,,,,,,,,,Y,,,,,,,,REAR,,,,,,,,,,,,,,,,,,,,,,,,,,,,,,,,,
2132381,2a518f1841b868994e2c8a16cd8b996e100b26e9a80ce5afc28d19e8dff0c933b327c08fcd8b088ee4455ae8a6e72a65f61f1c204f3a4b3f3cb9e728db3716ff,08/19/2025 11:10:00 PM,1,DRIVER,,2032727,,UNKNOWN,OTHER (EXPLAIN IN NARRATIVE),,,UNKNOWN,PASSENGER,UNKNOWN/NA,N,STRAIGHT AHEAD,,,1,,,,,,,,,,,,,,,,,Y,FRONT,,,,,,,,,,,,,,,,,,,,,,,,,,,,,,,,,
2132382,2a518f1841b868994e2c8a16cd8b996e100b26e9a80ce5afc28d19e8dff0c933b327c08fcd8b088ee4455ae8a6e72a65f61f1c204f3a4b3f3cb9e728db3716ff,08/19/2025 11:10:00 PM,2,DRIVER,1,2032728,,HYUNDAI,SONATA,IL,2013,NONE,PASSENGER,PERSONAL,W,STRAIGHT AHEAD,Y,,2,,PERSONAL TOW,UNKNOWN,,Y,Y,,,,,,,,Y,Y,Y,,FRONT-LEFT-CORNER,,,,,,,,,,,,,,,,,,,,,,,,,,,,,,,,,
2132532,163eb7a131052f67a98689a0ed5233fe5d6a00c0dbe9848d41dfb6f2dc099be4b4859e00e6e72154a9827bd8d770beba39d85e9e07ff013a975526bd29cd6a01,08/19/2025 10:58:00 PM,1,DRIVER,,2032867,,BMW,5 SERIES,IL,2006,NONE,PASSENGER,PERSONAL,W,BACKING,,,1,,,,,,,,,,Y,,,,,,,,REAR,,,,,,,,,,,,,,,,,,,,,,,,,,,,,,,,,
2132533,163eb7a131052f67a98689a0ed5233fe5d6a00c0dbe9848d41dfb6f2dc099be4b4859e00e6e72154a9827bd8d770beba39d85e9e07ff013a975526bd29cd6a01,08/19/2025 10:58:00 PM,2,PARKED,,2032872,,JEEP,GRAND CHEROKEE,IL,2024,NONE,PASSENGER,PERSONAL,E,PARKED,,,0,,,,,,,,,,,,,,,,Y,,FRONT,,,,,,,,,,,,,,,,,,,,,,,,,,,,,,,,,
2132406,d072830f16c76ba4e8c2821ac8e8084c6c9e5cb636eb47e0f89a07433e733f3460c6839f6465318e3e8d80865081ce468c3c4cba22036c7f6e005f7065a65eca,08/19/2025 10:45:00 PM,1,DRIVER,,2032752,,UNKNOWN,OTHER (EXPLAIN IN NARRATIVE),IL,,UNKNOWN,TRACTOR W/ SEMI-TRAILER,UNKNOWN/NA,S,STRAIGHT AHEAD,,,1,,,,,N,,,,,,,,,,,,Y,UNKNOWN,,,,,,,,,,,,,,,,,,,,,,,,,,,,,,,,,
2132407,d072830f16c76ba4e8c2821ac8e8084c6c9e5cb636eb47e0f89a07433e733f3460c6839f6465318e3e8d80865081ce468c3c4cba22036c7f6e005f7065a65eca,08/19/2025 10:45:00 PM,2,PARKED,,2032753,,FORD,F150,IL,2012,NONE,SPORT UTILITY VEHICLE (SUV),NOT IN USE,S,PARKED,,,0,,,,,,,,,Y,,,,,,,,,REAR-RIGHT-CORNER,,,,,,,,,,,,,,,,,,,,,,,,,,,,,,,,,
2132370,43c3bab86339a0638931f103ba8e24a2d17991e5d0fd0cbafb7432b6750b74c0a704bbbb9e8d5107b1169b24e9a2663000dfb0e8558d2dce77470956187a2c2e,08/19/2025 10:38:00 PM,1,DRIVER,,2032718,,KIA,FORTE,IL,2023,UNKNOWN,PASSENGER,PERSONAL,E,U-TURN,,,1,,,,,Y,Y,,,,,,,,,,,,FRONT-RIGHT-CORNER,,,,,,,,,,,,,,,,,,,,,,,,,,,,,,,,,
2132371,43c3bab86339a0638931f103ba8e24a2d17991e5d0fd0cbafb7432b6750b74c0a704bbbb9e8d5107b1169b24e9a2663000dfb0e8558d2dce77470956187a2c2e,08/19/2025 10:38:00 PM,2,DRIVER,,2032723,,TOYOTA,CAMRY,IL,2015,OTHER,PASSENGER,PERSONAL,W,STRAIGHT AHEAD,,,1,,,,,Y,,,,,,,,,,Y,Y,,FRONT,,,,,,,,,,,,,,,,,,,,,,,,,,,,,,,,,
2132374,e05b98dbc0f13999f3e1df59f791e4096befe0462a6a5f6c0c6d1d2cb4207e9392408bf5ba14c429fe89546a7692edeb0dceeaae4bcadc3e929005c447ace79b,08/19/2025 10:35:00 PM,1,DRIVER,,2032724,,BMW,OTHER (EXPLAIN IN NARRATIVE),IL,2012,UNKNOWN,PASSENGER,PERSONAL,S,STRAIGHT AHEAD,,,1,,,,,,,,,,,,,,,,Y,,FRONT,,,,,,,,,,,,,,,,,,,,,,,,,,,,,,,,,
2132375,e05b98dbc0f13999f3e1df59f791e4096befe0462a6a5f6c0c6d1d2cb4207e9392408bf5ba14c429fe89546a7692edeb0dceeaae4bcadc3e929005c447ace79b,08/19/2025 10:35:00 PM,2,DRIVER,,2032729,,CHEVROLET,MALIBU,IL,2022,UNKNOWN,PASSENGER,PERSONAL,S,SLOW/STOP IN TRAFFIC,,,1,,,,,,,,,,Y,,,,,,,,REAR,,,,,,,,,,,,,,,,,,,,,,,,,,,,,,,,,
2132368,38c462e82a5eaeb294a10e138196c1ba1f5ae3f3b242eaaa302a2bdfb282e8edd762d23773e804df9897ca1ea00cc3a6cd3219e8651e759bed2f7d73b56c5042,08/19/2025 10:30:00 PM,1,DRIVER,,2032719,,UNKNOWN,OTHER (EXPLAIN IN NARRATIVE),XX,,UNKNOWN,UNKNOWN/NA,UNKNOWN/NA,S,STRAIGHT AHEAD,,,1,,,,,,,,,,,,,,,,,Y,UNKNOWN,,,,,,,,,,,,,,,,,,,,,,,,,,,,,,,,,
2132369,38c462e82a5eaeb294a10e138196c1ba1f5ae3f3b242eaaa302a2bdfb282e8edd762d23773e804df9897ca1ea00cc3a6cd3219e8651e759bed2f7d73b56c5042,08/19/2025 10:30:00 PM,2,PARKED,,2032717,,NISSAN,ALTIMA,IL,2015,NONE,PASSENGER,PERSONAL,S,PARKED,,,0,,,,,,,,,,,,,,,Y,,,SIDE-LEFT-FRONT,,,,,,,,,,,,,,,,,,,,,,,,,,,,,,,,,
2132366,1abfa495dd9f921d550e772daa5c03dc876740bccd67cd1b7487902cf183a194702c5f680b6b74e217e57a287e6bca2c6a1b67543d95c2c7ac640eb3afa9f81e,08/19/2025 10:17:00 PM,1,DRIVER,,2032715,,ACURA,TLX,IL,2009,UNKNOWN,PASSENGER,PERSONAL,NW,TURNING LEFT,,,1,,,,,Y,,,,,,,,,,Y,Y,,FRONT-LEFT-CORNER,,,,,,,,,,,,,,,,,,,,,,,,,,,,,,,,,
2132367,1abfa495dd9f921d550e772daa5c03dc876740bccd67cd1b7487902cf183a194702c5f680b6b74e217e57a287e6bca2c6a1b67543d95c2c7ac640eb3afa9f81e,08/19/2025 10:17:00 PM,2,DRIVER,,2032716,,GENESIS,G70,IL,2022,UNKNOWN,PASSENGER,PERSONAL,SE,STRAIGHT AHEAD,Y,,1,,owner,unk,,Y,Y,Y,Y,,,,,Y,Y,Y,Y,,SIDE-LEFT-FRONT,,,,,,,,,,,,,,,,,,,,,,,,,,,,,,,,,
2132724,37cc2bc07668c90825fddf912c82aeb7b84a658e0d5c7cfa2cda89c65d28764b486bd7357e105ae2a7661ce5884647795c46b3cbfe70713a84a8e3ee1f6ec78c,08/19/2025 10:00:00 PM,1,DRIVER,,2033055,,UNKNOWN,OTHER (EXPLAIN IN NARRATIVE),,,UNKNOWN,UNKNOWN/NA,UNKNOWN/NA,UNKNOWN,UNKNOWN/NA,,,1,,,,,,,,,,,,,,,,,Y,UNKNOWN,,,,,,,,,,,,,,,,,,,,,,,,,,,,,,,,,
2132759,37cc2bc07668c90825fddf912c82aeb7b84a658e0d5c7cfa2cda89c65d28764b486bd7357e105ae2a7661ce5884647795c46b3cbfe70713a84a8e3ee1f6ec78c,08/19/2025 10:00:00 PM,2,BICYCLE,,,,,,,,,,,,,,,,,,,,,,,,,,,,,,,,,,,,,,,,,,,,,,,,,,,,,,,,,,,,,,,,,,
2132364,5a8360394c0c0004940fbc50eaaf216e3cb561df0f50a74473ca4bad5f5dc549a68c5a52591e258720d07bc9f63cb896609bd1d61151a89da4ca61c11b0677d4,08/19/2025 10:00:00 PM,1,DRIVER,,2032708,,MAZDA,CX-9,IL,2010,UNKNOWN,PASSENGER,PERSONAL,N,CHANGING LANES,,,1,,,,,Y,Y,,,,,,,,,,,,SIDE-RIGHT-FRONT,,,,,,,,,,,,,,,,,,,,,,,,,,,,,,,,,
2132365,5a8360394c0c0004940fbc50eaaf216e3cb561df0f50a74473ca4bad5f5dc549a68c5a52591e258720d07bc9f63cb896609bd1d61151a89da4ca61c11b0677d4,08/19/2025 10:00:00 PM,2,DRIVER,,2032711,,HONDA,CR-V,IL,2015,NONE,PASSENGER,PERSONAL,N,STRAIGHT AHEAD,,,1,,,,,,,,,,Y,Y,Y,,,,,,REAR-LEFT-CORNER,,,,,,,,,,,,,,,,,,,,,,,,,,,,,,,,,
2132400,81ffcaebe474d5f31910358f74a6a96fae3dfb36f6d8a65481dea2abe3149b3176e077316c852434d918c4bf9bb28e75dcf558de640b8b25f5c4fba620fb2731,08/19/2025 10:00:00 PM,1,DRIVER,,2032746,,CHEVROLET,TRAX,IL,2020,UNKNOWN,SPORT UTILITY VEHICLE (SUV),UNKNOWN/NA,N,UNKNOWN/NA,Y,,1,,CITY OF CHICAGO,DOTY RD,,Y,,,,,,,,,,Y,Y,,FRONT,,,,,,,,,,,,,,,,,,,,,,,,,,,,,,,,,
2132401,81ffcaebe474d5f31910358f74a6a96fae3dfb36f6d8a65481dea2abe3149b3176e077316c852434d918c4bf9bb28e75dcf558de640b8b25f5c4fba620fb2731,08/19/2025 10:00:00 PM,2,PARKED,,2032749,,CADILLAC,CT6,IL,2016,NONE,PASSENGER,PERSONAL,N,PARKED,,,0,,,,,Y,Y,Y,Y,Y,,,,,,,,,SIDE-RIGHT-REAR,,,,,,,,,,,,,,,,,,,,,,,,,,,,,,,,,
2132372,a9ae614c951371818625df68f3c46807a5f1f4021e088cad9d244abe59bd9c38ac5a3cde35ce66b6e304977a758b75b9f8e38d9425c82506ba0dfa77c709776c,08/19/2025 09:50:00 PM,1,DRIVER,,2032725,,UNKNOWN,OTHER (EXPLAIN IN NARRATIVE),IL,,NONE,PASSENGER,PERSONAL,S,STRAIGHT AHEAD,,,1,,,,,,,,,,,,,,,,Y,,FRONT,,,,,,,,,,,,,,,,,,,,,,,,,,,,,,,,,
2132373,a9ae614c951371818625df68f3c46807a5f1f4021e088cad9d244abe59bd9c38ac5a3cde35ce66b6e304977a758b75b9f8e38d9425c82506ba0dfa77c709776c,08/19/2025 09:50:00 PM,2,DRIVER,,2032720,,CHEVROLET,EQUINOX,IL,2015,NONE,PASSENGER,PERSONAL,E,STRAIGHT AHEAD,,,1,,,,,,,,,,,,,,Y,Y,Y,,SIDE-RIGHT-FRONT,,,,,,,,,,,,,,,,,,,,,,,,,,,,,,,,,
2132352,9502d225f4c443c0faf034638075fbccb5216545684fd780be4b5d2356c7352ff80e590a412a45f2d304200c472da3175a18466565c210e1c853586b0947b860,08/19/2025 09:42:00 PM,1,DRIVER,,2032703,,HONDA,ACCORD,IL,2018,NONE,PASSENGER,PERSONAL,E,STRAIGHT AHEAD,,,1,,,,,Y,,,,,,,,,,Y,Y,,FRONT,,,,,,,,,,,,,,,,,,,,,,,,,,,,,,,,,
2132353,9502d225f4c443c0faf034638075fbccb5216545684fd780be4b5d2356c7352ff80e590a412a45f2d304200c472da3175a18466565c210e1c853586b0947b860,08/19/2025 09:42:00 PM,2,DRIVER,,2032704,,HONDA,ACCORD,IL,,NONE,PASSENGER,PERSONAL,E,STRAIGHT AHEAD,,,1,,,,,,,,,Y,Y,Y,,,,,,,REAR,,,,,,,,,,,,,,,,,,,,,,,,,,,,,,,,,
2132342,eb4fb16a9574c6c63a0dd2f5992b580fbda16f52152b156b07c213d975b599080b55833c7802a35e3881c7f2d7807fc43d64183e71d1933d5c3c0e90ffa263f0,08/19/2025 09:31:00 PM,1,DRIVER,,2032689,,NISSAN,PATHFINDER,IL,2015,UNKNOWN,SPORT UTILITY VEHICLE (SUV),PERSONAL,N,PASSING/OVERTAKING,,,1,,,,,Y,Y,Y,Y,Y,Y,,,,,,,,FRONT-RIGHT-CORNER,,,,,,,,,,,,,,,,,,,,,,,,,,,,,,,,,
2132343,eb4fb16a9574c6c63a0dd2f5992b580fbda16f52152b156b07c213d975b599080b55833c7802a35e3881c7f2d7807fc43d64183e71d1933d5c3c0e90ffa263f0,08/19/2025 09:31:00 PM,2,DRIVER,,2032691,,FORD,ESCAPE,IL,2005,UNKNOWN,SPORT UTILITY VEHICLE (SUV),PERSONAL,N,OTHER,,,1,,,,,,,,Y,Y,Y,Y,Y,Y,,,,,REAR-LEFT-CORNER,,,,,,,,,,,,,,,,,,,,,,,,,,,,,,,,,
2132646,53352f57255f5ff2a0ddf914e2df9bc3fb49bb786052a4e08d8a6eaabd0747d7e88824ecc9ecf499dfaf368730afe12376b1377c446f7c7b2c901810ee410a97,08/19/2025 09:30:00 PM,1,DRIVER,,2032980,,UNKNOWN,OTHER (EXPLAIN IN NARRATIVE),,,UNKNOWN,UNKNOWN/NA,UNKNOWN/NA,N,UNKNOWN/NA,,,1,,,,,,,,,,,,,,,,,Y,UNKNOWN,,,,,,,,,,,,,,,,,,,,,,,,,,,,,,,,,
2132647,53352f57255f5ff2a0ddf914e2df9bc3fb49bb786052a4e08d8a6eaabd0747d7e88824ecc9ecf499dfaf368730afe12376b1377c446f7c7b2c901810ee410a97,08/19/2025 09:30:00 PM,2,DRIVERLESS,,2032982,,CHEVROLET,CRUZE,,2016,NONE,PASSENGER,PERSONAL,N,PARKED,,,0,,,,,,,,,,,Y,Y,Y,Y,,,,SIDE-LEFT-REAR,,,,,,,,,,,,,,,,,,,,,,,,,,,,,,,,,
2132433,bf40d87acde7d9f435e3f8cb31273d1e87bfca9dd04366594d00994da7c88b08e706af5a5582d7dd76ac7403cf1dd62091ec9889ae6f0e67a004944cc18a9a78,08/19/2025 09:30:00 PM,1,DRIVER,,2032778,,FORD,ESCAPE,IL,2006,NONE,PASSENGER,PERSONAL,N,STRAIGHT AHEAD,,,1,,,,,,,,,,,,,,,,Y,,FRONT,,,,,,,,,,,,,,,,,,,,,,,,,,,,,,,,,
2132434,bf40d87acde7d9f435e3f8cb31273d1e87bfca9dd04366594d00994da7c88b08e706af5a5582d7dd76ac7403cf1dd62091ec9889ae6f0e67a004944cc18a9a78,08/19/2025 09:30:00 PM,2,DRIVER,,2032779,,JEEP,COMPASS,IL,2019,NONE,PASSENGER,PERSONAL,N,SLOW/STOP IN TRAFFIC,,,1,,,,,,,,,,Y,,,,,,,,REAR,,,,,,,,,,,,,,,,,,,,,,,,,,,,,,,,,
2132396,079fdac0ca654f56bb6d8a719fec28d7528ddde3b7bc8570c89df5f1e5dfeb3cc802da042dc3115bc8325f55ca3b3c9160341e9de421c6742a35b1dbffac4f82,08/19/2025 09:29:00 PM,1,DRIVER,,2032741,,BUICK,CENTURY,IL,2001,UNKNOWN,PASSENGER,PERSONAL,S,U-TURN,Y,,1,,PRIVATE,PRIVATE,,,,,,,,Y,Y,,,,,,SIDE-LEFT-REAR,,,,,,,,,,,,,,,,,,,,,,,,,,,,,,,,,
2132397,079fdac0ca654f56bb6d8a719fec28d7528ddde3b7bc8570c89df5f1e5dfeb3cc802da042dc3115bc8325f55ca3b3c9160341e9de421c6742a35b1dbffac4f82,08/19/2025 09:29:00 PM,2,DRIVER,,2032744,,TESLA,MODEL S,IL,2017,UNKNOWN,PASSENGER,PERSONAL,S,STRAIGHT AHEAD,,,1,,,,,,,,,,,,,,,,,,UNKNOWN,,,,,,,,,,,,,,,,,,,,,,,,,,,,,,,,,
2132354,c0fdc822b3cf8187d002ffe86bcbdb6a81b87a9a68e2727748e42aa7bc29abd8f1b6446fe3c8f34e3c2fdf815d470ecf108a069ec30fd6afbbecf21f93f84cd3,08/19/2025 09:25:00 PM,1,DRIVER,,2032698,,NISSAN,PATHFINDER,IL,2004,UNKNOWN,SPORT UTILITY VEHICLE (SUV),PERSONAL,W,BACKING,,,1,,,,,,,,,Y,Y,Y,,,,,,,REAR,,,,,,,,,,,,,,,,,,,,,,,,,,,,,,,,,
2132355,c0fdc822b3cf8187d002ffe86bcbdb6a81b87a9a68e2727748e42aa7bc29abd8f1b6446fe3c8f34e3c2fdf815d470ecf108a069ec30fd6afbbecf21f93f84cd3,08/19/2025 09:25:00 PM,2,PARKED,,2032702,,CHEVROLET,SILVERADO,IL,2004,UNKNOWN,PICKUP,PERSONAL,W,PARKED,,,0,,,,,Y,,,,,,,,,,Y,Y,,FRONT,,,,,,,,,,,,,,,,,,,,,,,,,,,,,,,,,
2132344,5963f41074b94932d5418bb5db69fe6b61af697b859be792a4f3f3a27d4d456f99ebd21254fd54a0f25c6b176754aaa7f366cf32eccf299360f9f271d5dae950,08/19/2025 09:17:00 PM,1,DRIVER,,2032693,,UNKNOWN,OTHER (EXPLAIN IN NARRATIVE),XX,,UNKNOWN,PASSENGER,UNKNOWN/NA,N,STRAIGHT AHEAD,,,1,,,,,,,,,N,N,N,,,,,,Y,UNKNOWN,,,,,,,,,,,,,,,,,,,,,,,,,,,,,,,,,
2132345,5963f41074b94932d5418bb5db69fe6b61af697b859be792a4f3f3a27d4d456f99ebd21254fd54a0f25c6b176754aaa7f366cf32eccf299360f9f271d5dae950,08/19/2025 09:17:00 PM,2,DRIVER,1,2032696,,CHEVROLET,CAMARO,IL,2020,NONE,PASSENGER,PERSONAL,W,STRAIGHT AHEAD,,,2,,,,,Y,Y,,,,,,,,Y,Y,Y,Y,FRONT,,,,,,,,,,,,,,,,,,,,,,,,,,,,,,,,,
2132383,4e79c33293702a5d013f79be60e10c23eb904a5685b48fb86a64c07bbe09884dd5fb16d351ab18c95f3e739dcc4e9ef25055e6d8a6ff1930ef0ec2d929b32f7d,08/19/2025 09:15:00 PM,1,DRIVER,,2032742,,CHEVROLET,CRUZE,IL,2017,UNKNOWN,PASSENGER,UNKNOWN/NA,E,STRAIGHT AHEAD,,,1,,,,,,,,,,,,,,,Y,,,FRONT-RIGHT-CORNER,,,,,,,,,,,,,,,,,,,,,,,,,,,,,,,,,