CRASH_UNIT_ID,CRASH_RECORD_ID,CRASH_DATE,UNIT_NO,UNIT_TYPE,NUM_PASSENGERS,VEHICLE_ID,CMRC_VEH_I,MAKE,MODEL,LIC_PLATE_STATE,VEHICLE_YEAR,VEHICLE_DEFECT,VEHICLE_TYPE,VEHICLE_USE,TRAVEL_DIRECTION,MANEUVER,TOWED_I,FIRE_I,OCCUPANT_CNT,EXCEED_SPEED_LIMIT_I,TOWED_BY,TOWED_TO,AREA_00_I,AREA_01_I,AREA_02_I,AREA_03_I,AREA_04_I,AREA_05_I,AREA_06_I,AREA_07_I,AREA_08_I,AREA_09_I,AREA_10_I,AREA_11_I,AREA_12_I,AREA_99_I,FIRST_CONTACT_POINT,CMV_ID,USDOT_NO,CCMC_NO,ILCC_NO,COMMERCIAL_SRC,GVWR,CARRIER_NAME,CARRIER_STATE,CARRIER_CITY,HAZMAT_PLACARDS_I,HAZMAT_NAME,UN_NO,HAZMAT_PRESENT_I,HAZMAT_REPORT_I,HAZMAT_REPORT_NO,MCS_REPORT_I,MCS_REPORT_NO,HAZMAT_VIO_CAUSE_CRASH_I,MCS_VIO_CAUSE_CRASH_I,IDOT_PERMIT_NO,WIDE_LOAD_I,TRAILER1_WIDTH,TRAILER2_WIDTH,TRAILER1_LENGTH,TRAILER2_LENGTH,TOTAL_VEHICLE_LENGTH,AXLE_CNT,VEHICLE_CONFIG,CARGO_BODY_TYPE,LOAD_TYPE,HAZMAT_OUT_OF_SERVICE_I,MCS_OUT_OF_SERVICE_I,HAZMAT_CLASS
2132384,4e79c33293702a5d013f79be60e10c23eb904a5685b48fb86a64c07bbe09884dd5fb16d351ab18c95f3e739dcc4e9ef25055e6d8a6ff1930ef0ec2d929b32f7d,08/19/2025 09:15:00 PM,2,DRIVER,,2032748,,HONDA,ACCORD,FL,2024,UNKNOWN,PASSENGER,UNKNOWN/NA,E,STRAIGHT AHEAD,,,1,,,,,,Y,Y,Y,,,,,,,,,,UNKNOWN,,,,,,,,,,,,,,,,,,,,,,,,,,,,,,,,,
2133769,ef3db8fede458b689a638960873c8d59772c74f75b017a25a9ed63bb0f62f91dc7e6b138f3ea33db7296ae46f5692ebdfcef2c49f4d17d967d1c0d3bae6f70b2,08/19/2025 09:15:00 PM,1,DRIVER,,2034047,,TESLA,MODEL Y,IL,2023,UNKNOWN,PASSENGER,UNKNOWN/NA,N,UNKNOWN/NA,,,1,,,,Y,,,,,,,,,,,,,,FRONT,,,,,,,,,,,,,,,,,,,,,,,,,,,,,,,,,
2133770,ef3db8fede458b689a638960873c8d59772c74f75b017a25a9ed63bb0f62f91dc7e6b138f3ea33db7296ae46f5692ebdfcef2c49f4d17d967d1c0d3bae6f70b2,08/19/2025 09:15:00 PM,2,DRIVER,1,2034048,,HONDA,CR-V,IL,2006,NONE,SPORT UTILITY VEHICLE (SUV),UNKNOWN/NA,E,STRAIGHT AHEAD,,,2,,,,,,Y,Y,Y,,,,,,,,,,UNKNOWN,,,,,,,,,,,,,,,,,,,,,,,,,,,,,,,,,
2132338,7581e4ee2bc923866deba42578fa8b98d350117dff599d250ba9151fc9bf0b28ff7180b403f957ecdd3e2247a1d8f678cd0ba137ce86c2e19cb035850a64d308,08/19/2025 09:05:00 PM,1,NON-MOTOR VEHICLE,,,,,,,,,,,,,,,,,,,,,,,,,,,,,,,,,,,,,,,,,,,,,,,,,,,,,,,,,,,,,,,,,,
2132339,7581e4ee2bc923866deba42578fa8b98d350117dff599d250ba9151fc9bf0b28ff7180b403f957ecdd3e2247a1d8f678cd0ba137ce86c2e19cb035850a64d308,08/19/2025 09:05:00 PM,2,PARKED,,2032686,,TOYOTA,COROLLA,IL,2007,NONE,PASSENGER,NOT IN USE,E,PARKED,,,0,,,,,,,,,,Y,Y,,,,,,,REAR,,,,,,,,,,,,,,,,,,,,,,,,,,,,,,,,,
2132362,40a4185ddd334666adb9151f76085ae0c310ef4963543e1d5c4e9885c2296cbb297172bf856bf353bed860e7d0b935b8bd4a1ebedad06fb63c40f707dd20e68d,08/19/2025 08:59:00 PM,1,DRIVER,1,2032705,,CHEVROLET,SUBURBAN,IL,1993,UNKNOWN,SPORT UTILITY VEHICLE (SUV),PERSONAL,W,STRAIGHT AHEAD,Y,,2,,CITY OF CHICAGO,CENTRAL POUND,,,,,,,,,,,,,,,SIDE-RIGHT,,,,,,,,,,,,,,,,,,,,,,,,,,,,,,,,,
2132363,40a4185ddd334666adb9151f76085ae0c310ef4963543e1d5c4e9885c2296cbb297172bf856bf353bed860e7d0b935b8bd4a1ebedad06fb63c40f707dd20e68d,08/19/2025 08:59:00 PM,2,DRIVER,,2032709,,BMW,OTHER (EXPLAIN IN NARRATIVE),IL,2024,UNKNOWN,PASSENGER,PERSONAL,S,STRAIGHT AHEAD,Y,,1,,PRIVATE TOW,PRIVATE TOW,,,,,,,,,,,,,,,FRONT,,,,,,,,,,,,,,,,,,,,,,,,,,,,,,,,,
2132334,6a007109cce2bd760b0fc6e01780055d50ad5be15189a28d5e8e18cf62ff7a9842d3f2982eca8ae4f38db88f2ac32084c321c44e41842518e76a8406aad862c8,08/19/2025 08:40:00 PM,1,DRIVER,,2032690,,TOYOTA,COROLLA,IL,2010,NONE,PASSENGER,PERSONAL,W,STRAIGHT AHEAD,,,1,,,,,Y,,,,,,,,,,,,,TOTAL (ALL AREAS),,,,,,,,,,,,,,,,,,,,,,,,,,,,,,,,,
2132335,6a007109cce2bd760b0fc6e01780055d50ad5be15189a28d5e8e18cf62ff7a9842d3f2982eca8ae4f38db88f2ac32084c321c44e41842518e76a8406aad862c8,08/19/2025 08:40:00 PM,2,DRIVER,3,2032694,,NISSAN,SENTRA,IL,2019,NONE,PASSENGER,PERSONAL,N,STRAIGHT AHEAD,,,4,,,,,Y,Y,Y,Y,Y,,,,,,,,,TOTAL (ALL AREAS),,,,,,,,,,,,,,,,,,,,,,,,,,,,,,,,,
2132376,e901e0e4245bfb95ff7743980ec21a8c115eb84cf923d69e501859f36965c82d371a7478ce23df1b2615b9b980a64c17a6860974c6ab18fd581037ba56f7367c,08/19/2025 08:31:00 PM,1,DRIVER,1,2032722,,NISSAN,MURANO,IL,2017,UNKNOWN,PASSENGER,UNKNOWN/NA,N,STRAIGHT AHEAD,Y,,2,,city,pound 6,,Y,Y,Y,,,,,,,,,,,SIDE-RIGHT,,,,,,,,,,,,,,,,,,,,,,,,,,,,,,,,,
2132336,d16d3e40a7e2d06791e9167bc02fce4281c2b2eeeae954c40ce40824e30531aabe2d86fd778e61997755123cae5a2de354d77cf9b33f7873bc0ec8a5770dbd1c,08/19/2025 08:30:00 PM,1,DRIVER,,2032685,,NISSAN,ROGUE,IL,2016,UNKNOWN,SPORT UTILITY VEHICLE (SUV),PERSONAL,S,STRAIGHT AHEAD,,,1,,,,,Y,Y,,,,,,,,,,Y,,FRONT-RIGHT-CORNER,,,,,,,,,,,,,,,,,,,,,,,,,,,,,,,,,
2132337,d16d3e40a7e2d06791e9167bc02fce4281c2b2eeeae954c40ce40824e30531aabe2d86fd778e61997755123cae5a2de354d77cf9b33f7873bc0ec8a5770dbd1c,08/19/2025 08:30:00 PM,2,DRIVER,,2032687,,TOYOTA,PRIUS,IL,2010,UNKNOWN,PASSENGER,PERSONAL,S,STRAIGHT AHEAD,,,1,,,,,,,,,,,Y,Y,Y,,,,,SIDE-LEFT-REAR,,,,,,,,,,,,,,,,,,,,,,,,,,,,,,,,,
2132324,879d9b670b4e878e54bd1617ae59d8c3d4404f8b0a73db9483a996efe6b7d2cdf3e2bc853b6a9cf0ea5499f8de3bf89b93973417bfdecb7186c61e19b60ffd6c,08/19/2025 08:05:00 PM,2,DRIVER,1,2032674,,NISSAN,ALTIMA,MO,2023,UNKNOWN,PASSENGER,RIDESHARE SERVICE,N,STRAIGHT AHEAD,,,2,,,,,,,,Y,Y,,,,,,,,,REAR-RIGHT-CORNER,,,,,,,,,,,,,,,,,,,,,,,,,,,,,,,,,
2132325,879d9b670b4e878e54bd1617ae59d8c3d4404f8b0a73db9483a996efe6b7d2cdf3e2bc853b6a9cf0ea5499f8de3bf89b93973417bfdecb7186c61e19b60ffd6c,08/19/2025 08:05:00 PM,1,DRIVER,,2032675,,HONDA,ODYSSEY,IL,2007,UNKNOWN,PASSENGER,PERSONAL,N,PASSING/OVERTAKING,,,1,,,,,,,,,,,,,,Y,Y,,,FRONT-LEFT-CORNER,,,,,,,,,,,,,,,,,,,,,,,,,,,,,,,,,
2133373,310aa3441af24cc7f77e7dac26cc2ead9a4be64a07cb599a9e7ce2c082aa8b3ee9c7c79dd2b04543d5a1d9c3cd2b5a1405e7e78b2d2cc0796719d21f3faffb64,08/19/2025 08:00:00 PM,1,DRIVER,,2033684,,UNKNOWN,OTHER (EXPLAIN IN NARRATIVE),,,UNKNOWN,UNKNOWN/NA,UNKNOWN/NA,NW,UNKNOWN/NA,,,1,,,,,,,,,,,,,,,,,Y,UNKNOWN,,,,,,,,,,,,,,,,,,,,,,,,,,,,,,,,,
2133374,310aa3441af24cc7f77e7dac26cc2ead9a4be64a07cb599a9e7ce2c082aa8b3ee9c7c79dd2b04543d5a1d9c3cd2b5a1405e7e78b2d2cc0796719d21f3faffb64,08/19/2025 08:00:00 PM,2,PARKED,,2033686,,LEXUS,ES,IL,2016,UNKNOWN,PASSENGER,NOT IN USE,UNKNOWN,PARKED,,,0,,,,,,,,,,,,,,Y,,,,SIDE-LEFT,,,,,,,,,,,,,,,,,,,,,,,,,,,,,,,,,
2132962,2ed1bfd7001e78f5d6e8ffc400fe15749b6cd4e23ee1764ac53223d6598715c26c6beb0eca3ee9f5e89ef121352b19623a6fbc7f140e410533af021f671dfe6d,08/19/2025 07:53:00 PM,1,DRIVER,,2033290,,FORD,ESCAPE,IL,2014,UNKNOWN,PASSENGER,UNKNOWN/NA,E,BACKING,,,1,,,,,,,,,Y,Y,Y,,,,,,,REAR,,,,,,,,,,,,,,,,,,,,,,,,,,,,,,,,,
2132963,2ed1bfd7001e78f5d6e8ffc400fe15749b6cd4e23ee1764ac53223d6598715c26c6beb0eca3ee9f5e89ef121352b19623a6fbc7f140e410533af021f671dfe6d,08/19/2025 07:53:00 PM,2,PARKED,2,2033294,,HONDA,CIVIC,IL,2016,NONE,PASSENGER,PERSONAL,W,PARKED,,,2,,,,,Y,,,,,,,,,,Y,Y,,FRONT,,,,,,,,,,,,,,,,,,,,,,,,,,,,,,,,,
2132340,878e65331c67efd5abb68f05525766517e75482b41eb5bf03a8ce33f3500c08aef0636d50a0c5fa8917e62480fd0cbdb83e9b35eaf0037591af0c48441a51ba8,08/19/2025 07:50:00 PM,1,DRIVER,,2032688,,CHEVROLET,TRAVERSE,IL,2013,UNKNOWN,PASSENGER,UNKNOWN/NA,W,STRAIGHT AHEAD,Y,,1,,CITY OF CHICAGO,701 N SACRAMENTO,,Y,Y,Y,,,,,,,Y,Y,Y,,FRONT-RIGHT-CORNER,,,,,,,,,,,,,,,,,,,,,,,,,,,,,,,,,
2132341,878e65331c67efd5abb68f05525766517e75482b41eb5bf03a8ce33f3500c08aef0636d50a0c5fa8917e62480fd0cbdb83e9b35eaf0037591af0c48441a51ba8,08/19/2025 07:50:00 PM,2,DRIVER,,2032692,,NISSAN,ROGUE,IL,2020,UNKNOWN,PASSENGER,PERSONAL,N,TURNING LEFT,Y,,1,,28 TOWING INC,2523 OAKTON STREET,,Y,Y,Y,Y,Y,Y,,,,Y,Y,Y,,FRONT-RIGHT-CORNER,,,,,,,,,,,,,,,,,,,,,,,,,,,,,,,,,
2132322,afbeaefe180942871c7e9d31ec846275c3c0a2365e6f29f4a6521ad1ce1453c8457889f4a14e634591a8a095349be6e3309da4c8127018b30c60e54da39c02d7,08/19/2025 07:49:00 PM,1,DRIVER,,2032677,,HONDA,OTHER (EXPLAIN IN NARRATIVE),,,UNKNOWN,PASSENGER,UNKNOWN/NA,S,STRAIGHT AHEAD,,,1,,,,,,,,,,,,,,,,,Y,UNKNOWN,,,,,,,,,,,,,,,,,,,,,,,,,,,,,,,,,
2132323,afbeaefe180942871c7e9d31ec846275c3c0a2365e6f29f4a6521ad1ce1453c8457889f4a14e634591a8a095349be6e3309da4c8127018b30c60e54da39c02d7,08/19/2025 07:49:00 PM,2,PEDESTRIAN,,,,,,,,,,,,,,,,,,,,,,,,,,,,,,,,,,,,,,,,,,,,,,,,,,,,,,,,,,,,,,,,,,
2132326,93757ee657aed04d8b29ef7684215615c824f100bb941dea1b9f2d9bf4ee45edf168190027b0d0ac407ba51e3fc8bdada765fb189c05288163b511ba83cdca4e,08/19/2025 07:43:00 PM,1,DRIVER,1,2032679,,FORD,EXPLORER,IL,2021,NONE,PASSENGER,POLICE,SW,U-TURN,N,,2,,,,,Y,Y,,Y,,,,,,N,Y,Y,,FRONT-LEFT-CORNER,,,,,,,,,,,,,,,,,,,,,,,,,,,,,,,,,
2132314,d4f5313cf08157150d4291ec92ee95f2ad5510ccba4f963148edb4f4e0ec895d2b8368f7d158572bdc5144598d90553910d45805e1127e727e37731f2b62fbe2,08/19/2025 07:33:00 PM,1,DRIVER,,2032665,,CHEVROLET,SILVERADO,IL,2022,UNKNOWN,TRUCK - SINGLE UNIT,UNKNOWN/NA,N,BACKING,,,1,,,,,,,,,,,,,,,,,Y,REAR,,,,,,,,,,,,,,,,,,,,,,,,,,,,,,,,,
2132315,d4f5313cf08157150d4291ec92ee95f2ad5510ccba4f963148edb4f4e0ec895d2b8368f7d158572bdc5144598d90553910d45805e1127e727e37731f2b62fbe2,08/19/2025 07:33:00 PM,2,PARKED,,2032668,,MINI,COOPER,IL,2016,UNKNOWN,PASSENGER,PERSONAL,N,PARKED,,,0,,,,,,,,,,,,,,,,Y,,FRONT,,,,,,,,,,,,,,,,,,,,,,,,,,,,,,,,,
2133031,1128bccd4e36875bc78535ac5a8931f652caa1f75874beee01773887d4987071ccde93e134d41f8e13db6beca66249f2cb8c5ad8c5cc365a659546e6b96f1801,08/19/2025 07:30:00 PM,1,DRIVER,,2033363,,JEEP,WRANGLER,,2022,UNKNOWN,UNKNOWN/NA,UNKNOWN/NA,S,STRAIGHT AHEAD,,,1,,,,,,,,,,,,,,,,N,Y,FRONT,,,,,,,,,,,,,,,,,,,,,,,,,,,,,,,,,
2133032,1128bccd4e36875bc78535ac5a8931f652caa1f75874beee01773887d4987071ccde93e134d41f8e13db6beca66249f2cb8c5ad8c5cc365a659546e6b96f1801,08/19/2025 07:30:00 PM,2,DRIVER,,2033367,,LAND ROVER,FREELANDER,IL,2015,UNKNOWN,UNKNOWN/NA,UNKNOWN/NA,UNKNOWN,UNKNOWN/NA,,,1,,,,,,,Y,Y,,,,,,,,,,SIDE-RIGHT-REAR,,,,,,,,,,,,,,,,,,,,,,,,,,,,,,,,,
2133791,7f8ce862eaa630566d47ece1e288d8a456eeb2ae553349ed649d00d1cefff075e28449e9f98446f66f1187cd67ab0af6eb1080e9aff9520b03151709a6fa8d0d,08/19/2025 07:30:00 PM,1,DRIVER,,2034090,,TOYOTA,RAV4,IL,2018,UNKNOWN,PASSENGER,PERSONAL,N,PASSING/OVERTAKING,,,1,,,,,Y,Y,Y,Y,Y,,,,,,,,,SIDE-RIGHT,,,,,,,,,,,,,,,,,,,,,,,,,,,,,,,,,
2133792,7f8ce862eaa630566d47ece1e288d8a456eeb2ae553349ed649d00d1cefff075e28449e9f98446f66f1187cd67ab0af6eb1080e9aff9520b03151709a6fa8d0d,08/19/2025 07:30:00 PM,2,DRIVER,,2034096,,TOYOTA,CAMRY,IL,2021,NONE,PASSENGER,PERSONAL,N,STRAIGHT AHEAD,,,1,,,,,,,,,,,Y,Y,Y,Y,Y,,,SIDE-LEFT,,,,,,,,,,,,,,,,,,,,,,,,,,,,,,,,,
2132312,9ce3a4f579f5b92d9eacbf741193932b7191c048141cb4c91f104658f4bc98e3de1a10a156d7fd94a69580dfaeb7976850086c92350520b4d7221014a973a916,08/19/2025 07:23:00 PM,1,DRIVER,,2032666,,CHEVROLET,COLORADO,IL,2007,UNKNOWN,PICKUP,PERSONAL,S,SLOW/STOP IN TRAFFIC,,,1,,,,,Y,,,,,,,,,,Y,Y,,FRONT,,,,,,,,,,,,,,,,,,,,,,,,,,,,,,,,,
2132313,9ce3a4f579f5b92d9eacbf741193932b7191c048141cb4c91f104658f4bc98e3de1a10a156d7fd94a69580dfaeb7976850086c92350520b4d7221014a973a916,08/19/2025 07:23:00 PM,2,DRIVER,,2032672,,JEEP,CHEROKEE,IL,2015,UNKNOWN,PASSENGER,PERSONAL,S,SLOW/STOP IN TRAFFIC,,,1,,,,,,,,,Y,Y,Y,,,,,,,REAR,,,,,,,,,,,,,,,,,,,,,,,,,,,,,,,,,
2132320,e8ed1d6bdfdce578040a41ea758573d9d85941f7edcdfb0f1facedcc6a9cdef3a08ee75bff18997eef995030dab8adf39bdf1bcb71f38588946b17d2a4bfdc87,08/19/2025 07:20:00 PM,1,DRIVER,,2032673,,HYUNDAI,KONA,IL,2019,UNKNOWN,UNKNOWN/NA,UNKNOWN/NA,UNKNOWN,STARTING IN TRAFFIC,,,1,,,,,,,,,,,,,,,,,Y,UNKNOWN,,,,,,,,,,,,,,,,,,,,,,,,,,,,,,,,,
2132321,e8ed1d6bdfdce578040a41ea758573d9d85941f7edcdfb0f1facedcc6a9cdef3a08ee75bff18997eef995030dab8adf39bdf1bcb71f38588946b17d2a4bfdc87,08/19/2025 07:20:00 PM,2,DRIVER,1,2032676,,HONDA,CIVIC,IL,2011,UNKNOWN,UNKNOWN/NA,PERSONAL,E,STARTING IN TRAFFIC,,,2,,,,,Y,,,Y,Y,Y,,,,,,Y,,REAR-RIGHT-CORNER,,,,,,,,,,,,,,,,,,,,,,,,,,,,,,,,,
2132525,4434d7589ed010264a6f1853f0c8ea4c1659465fc616ab6df317d2dccc859de9ca6110ecaec4dacbf7809d03b66012238e212d0744e8cbdcc770008161878c15,08/19/2025 07:00:00 PM,1,DRIVER,,2032883,,HONDA,CR-V,IL,2014,NONE,PASSENGER,PERSONAL,N,STRAIGHT AHEAD,,,1,,,,,,,,,,,,,,,,,Y,FRONT,,,,,,,,,,,,,,,,,,,,,,,,,,,,,,,,,
2132526,4434d7589ed010264a6f1853f0c8ea4c1659465fc616ab6df317d2dccc859de9ca6110ecaec4dacbf7809d03b66012238e212d0744e8cbdcc770008161878c15,08/19/2025 07:00:00 PM,2,DRIVER,,2032870,,HONDA,CR-V,IL,2015,NONE,PASSENGER,PERSONAL,N,STRAIGHT AHEAD,,,1,,,,,,,,,Y,Y,Y,,,,,,,REAR,,,,,,,,,,,,,,,,,,,,,,,,,,,,,,,,,
2132904,578d28212e4e323e2a0f983b687f86df406caeec25250a82dd22887b426e7d447fdde9da5d716b079f007fb4cca9684d57240e9a39998ffc9c2b52f9983dcbca,08/19/2025 07:00:00 PM,1,DRIVER,,2033231,,BMW,X3,IL,2016,UNKNOWN,SPORT UTILITY VEHICLE (SUV),PERSONAL,UNKNOWN,LEAVING TRAFFIC LANE TO PARK,,,1,,,,,Y,Y,,,,,,,,,,Y,,FRONT-RIGHT-CORNER,,,,,,,,,,,,,,,,,,,,,,,,,,,,,,,,,
2132905,578d28212e4e323e2a0f983b687f86df406caeec25250a82dd22887b426e7d447fdde9da5d716b079f007fb4cca9684d57240e9a39998ffc9c2b52f9983dcbca,08/19/2025 07:00:00 PM,2,PARKED,,2033232,,LAND ROVER,RANGE ROVER (EVOQUE / SPORT / VELAR),WI,2011,NONE,SPORT UTILITY VEHICLE (SUV),PERSONAL,N,PARKED,,,0,,,,,,,,,,,,,,,,,,REAR-LEFT-CORNER,,,,,,,,,,,,,,,,,,,,,,,,,,,,,,,,,
2132285,66163f0b52ead216c1afaeaafb91f3babd8efadddf88c02aa29f443e6269f394918d2b0ef9a0b00ee0b3dede5b27172300afdcacfba693cdeac6bc86096a3b98,08/19/2025 06:55:00 PM,1,DRIVER,,2032633,,DODGE,DURANGO,IL,2024,UNKNOWN,PASSENGER,PERSONAL,W,STRAIGHT AHEAD,Y,,1,,,,,,,,,,,,,,,,Y,,FRONT,,,,,,,,,,,,,,,,,,,,,,,,,,,,,,,,,
2132286,66163f0b52ead216c1afaeaafb91f3babd8efadddf88c02aa29f443e6269f394918d2b0ef9a0b00ee0b3dede5b27172300afdcacfba693cdeac6bc86096a3b98,08/19/2025 06:55:00 PM,2,DRIVER,,2032643,,HYUNDAI,TUCSON,IL,2023,UNKNOWN,PASSENGER,PERSONAL,W,STRAIGHT AHEAD,Y,,1,,,,,,,,,Y,Y,Y,,,,,Y,,REAR,,,,,,,,,,,,,,,,,,,,,,,,,,,,,,,,,
2132287,66163f0b52ead216c1afaeaafb91f3babd8efadddf88c02aa29f443e6269f394918d2b0ef9a0b00ee0b3dede5b27172300afdcacfba693cdeac6bc86096a3b98,08/19/2025 06:55:00 PM,3,DRIVER,,2032649,,CHEVROLET,C/K 1500,IL,2006,UNKNOWN,PICKUP,PERSONAL,W,STRAIGHT AHEAD,,,1,,,,,,,,,,Y,,,,,,,,REAR,,,,,,,,,,,,,,,,,,,,,,,,,,,,,,,,,
2132310,94beaf9cb124ffd41ada75e1d4b56aba0c85d3fff0f1fd74ff421412c72e479e6191cf355791d6da266c1977e1df4c60a86355fed0563d2716db0400896c0a6d,08/19/2025 06:50:00 PM,1,DRIVER,,2032670,,CHEVROLET,TRAIL BLAZER,IL,2004,NONE,SPORT UTILITY VEHICLE (SUV),PERSONAL,N,PASSING/OVERTAKING,,,1,,,,,,,,Y,Y,,,,,,,,,SIDE-RIGHT-REAR,,,,,,,,,,,,,,,,,,,,,,,,,,,,,,,,,
2132311,94beaf9cb124ffd41ada75e1d4b56aba0c85d3fff0f1fd74ff421412c72e479e6191cf355791d6da266c1977e1df4c60a86355fed0563d2716db0400896c0a6d,08/19/2025 06:50:00 PM,2,DRIVER,,2032671,,TOYOTA,RAV4,IL,2022,NONE,SPORT UTILITY VEHICLE (SUV),PERSONAL,S,SLOW/STOP IN TRAFFIC,,,1,,,,,,,,Y,Y,,,,,,,,,SIDE-RIGHT-REAR,,,,,,,,,,,,,,,,,,,,,,,,,,,,,,,,,
2132299,d5cef66c8945cbedd43c3a7041f87b83fb8e93aee4bf2304387e391419c5bf622b0a413868deab73134468169b520dc811949ec97d188de4a44cde6d57755fba,08/19/2025 06:50:00 PM,1,DRIVER,,2032647,,AUDI,Q3,IL,2018,UNKNOWN,PASSENGER,PERSONAL,S,STRAIGHT AHEAD,Y,,1,,PRIVATE TOW,,,Y,,,,,,,,,,Y,Y,,FRONT,,,,,,,,,,,,,,,,,,,,,,,,,,,,,,,,,
2132300,d5cef66c8945cbedd43c3a7041f87b83fb8e93aee4bf2304387e391419c5bf622b0a413868deab73134468169b520dc811949ec97d188de4a44cde6d57755fba,08/19/2025 06:50:00 PM,2,DRIVER,,2032651,,CHEVROLET,COBALT,IN,2010,NONE,PASSENGER,PERSONAL,W,TURNING LEFT,Y,,1,,PRIVATE TOW,,,Y,Y,,,,,,,,Y,Y,Y,,FRONT-RIGHT-CORNER,,,,,,,,,,,,,,,,,,,,,,,,,,,,,,,,,
2132301,d5cef66c8945cbedd43c3a7041f87b83fb8e93aee4bf2304387e391419c5bf622b0a413868deab73134468169b520dc811949ec97d188de4a44cde6d57755fba,08/19/2025 06:50:00 PM,3,DRIVER,2,2032654,,JEEP,PATRIOT,IN,2015,NONE,PASSENGER,PERSONAL,E,SLOW/STOP IN TRAFFIC,,,3,,,,,,,,,,,,Y,Y,,Y,,,SIDE-LEFT,,,,,,,,,,,,,,,,,,,,,,,,,,,,,,,,,
2132270,39421fd64b23fba77b5a43b701837d8620bdfb70e37b5093a2046be2ecf5fda74f2e15bd8a42e09fdd963b3e2e1e4797b5329375e92f7d55dec83c3b9da86209,08/19/2025 06:40:00 PM,1,DRIVER,,2032642,,TOYOTA,TUNDRA,IN,2016,UNKNOWN,PICKUP,PERSONAL,S,STRAIGHT AHEAD,,,1,,,,,,,,,,,,,,N,Y,Y,,FRONT-LEFT-CORNER,,,,,,,,,,,,,,,,,,,,,,,,,,,,,,,,,
2132271,39421fd64b23fba77b5a43b701837d8620bdfb70e37b5093a2046be2ecf5fda74f2e15bd8a42e09fdd963b3e2e1e4797b5329375e92f7d55dec83c3b9da86209,08/19/2025 06:40:00 PM,2,DRIVER,1,2032646,,NISSAN,SENTRA,IL,2015,UNKNOWN,PASSENGER,PERSONAL,S,STRAIGHT AHEAD,,,2,,,,,,,,Y,Y,Y,,,,,,,,REAR-RIGHT-CORNER,,,,,,,,,,,,,,,,,,,,,,,,,,,,,,,,,
2132293,ab033c3b9e9bf6ceb9322b42acc75afe67228dd8c2687bc37b1312529f2ae689bf11182d91862827ce8554195ecdb2e6ea670ee1e77c297349842843d25b14e8,08/19/2025 06:40:00 PM,1,DRIVER,,2032637,,UNKNOWN,OTHER (EXPLAIN IN NARRATIVE),XX,,UNKNOWN,UNKNOWN/NA,UNKNOWN/NA,N,UNKNOWN/NA,,,1,,,,,,,,,,,,,,,,,,UNKNOWN,,,,,,,,,,,,,,,,,,,,,,,,,,,,,,,,,
2132294,ab033c3b9e9bf6ceb9322b42acc75afe67228dd8c2687bc37b1312529f2ae689bf11182d91862827ce8554195ecdb2e6ea670ee1e77c297349842843d25b14e8,08/19/2025 06:40:00 PM,2,PARKED,,2032640,,JEEP,GRAND CHEROKEE,IL,2014,UNKNOWN,SPORT UTILITY VEHICLE (SUV),PERSONAL,N,PARKED,,,0,,,,,,,,,,,Y,,,,,,,REAR-LEFT-CORNER,,,,,,,,,,,,,,,,,,,,,,,,,,,,,,,,,
2132638,336f5ea323b2957f938e28256328730bfdacedbf404308a748053bd04b22d21bfc0bc0e0a317a1732778fdbb2079abec0ace788543f8feae7d07ff372c9dd4f1,08/19/2025 06:30:00 PM,1,DRIVER,,2032972,,UNKNOWN,MOTORIZED,,,UNKNOWN,PASSENGER,UNKNOWN/NA,E,OTHER,,,1,,,,,Y,,,,,,,,,,Y,Y,,FRONT,,,,,,,,,,,,,,,,,,,,,,,,,,,,,,,,,
2132639,336f5ea323b2957f938e28256328730bfdacedbf404308a748053bd04b22d21bfc0bc0e0a317a1732778fdbb2079abec0ace788543f8feae7d07ff372c9dd4f1,08/19/2025 06:30:00 PM,2,DRIVER,3,2032978,,KIA,RIO / K2,IL,2022,NONE,PASSENGER,PERSONAL,N,STRAIGHT AHEAD,,,4,,,,,,,,,,,Y,Y,Y,,,,,SIDE-LEFT,,,,,,,,,,,,,,,,,,,,,,,,,,,,,,,,,
2132288,178c5211dcb754b4d5a411c85e7fdfc6b8ed5597bf545e111ba66963504cc018f5ea36162c2e8d37b925780e7f76a70c9deec26bfd45aacfd1645623d1c256f5,08/19/2025 06:25:00 PM,1,PARKED,1,2032632,,TOYOTA,COROLLA,IL,2015,NONE,PASSENGER,NOT IN USE,S,PARKED,,,1,,,,,,,,,,,,,Y,,,,,SIDE-LEFT,,,,,,,,,,,,,,,,,,,,,,,,,,,,,,,,,
2132289,178c5211dcb754b4d5a411c85e7fdfc6b8ed5597bf545e111ba66963504cc018f5ea36162c2e8d37b925780e7f76a70c9deec26bfd45aacfd1645623d1c256f5,08/19/2025 06:25:00 PM,2,DRIVER,,2032635,,TOYOTA,CAMRY,IL,2022,NONE,PASSENGER,PERSONAL,S,STRAIGHT AHEAD,,,1,,,,,,Y,,,,,,,,,,,,SIDE-RIGHT-FRONT,,,,,,,,,,,,,,,,,,,,,,,,,,,,,,,,,
2132261,202f4e29add6896c67ad8a025c6d8f30cfb58bbf8a92e0ede877926b0d1b38851493ff343eea2f24c601fe1692648987e37c411104a8f25cfa918da7dcd862dd,08/19/2025 06:16:00 PM,1,DRIVER,,2032610,,CHEVROLET,SILVERADO,IL,2000,UNKNOWN,PICKUP,UNKNOWN/NA,W,STRAIGHT AHEAD,,,1,,,,,,,,Y,Y,,,,,,,,,SIDE-RIGHT-REAR,,,,,,,,,,,,,,,,,,,,,,,,,,,,,,,,,