CRASH_UNIT_ID,CRASH_RECORD_ID,CRASH_DATE,UNIT_NO,UNIT_TYPE,NUM_PASSENGERS,VEHICLE_ID,CMRC_VEH_I,MAKE,MODEL,LIC_PLATE_STATE,VEHICLE_YEAR,VEHICLE_DEFECT,VEHICLE_TYPE,VEHICLE_USE,TRAVEL_DIRECTION,MANEUVER,TOWED_I,FIRE_I,OCCUPANT_CNT,EXCEED_SPEED_LIMIT_I,TOWED_BY,TOWED_TO,AREA_00_I,AREA_01_I,AREA_02_I,AREA_03_I,AREA_04_I,AREA_05_I,AREA_06_I,AREA_07_I,AREA_08_I,AREA_09_I,AREA_10_I,AREA_11_I,AREA_12_I,AREA_99_I,FIRST_CONTACT_POINT,CMV_ID,USDOT_NO,CCMC_NO,ILCC_NO,COMMERCIAL_SRC,GVWR,CARRIER_NAME,CARRIER_STATE,CARRIER_CITY,HAZMAT_PLACARDS_I,HAZMAT_NAME,UN_NO,HAZMAT_PRESENT_I,HAZMAT_REPORT_I,HAZMAT_REPORT_NO,MCS_REPORT_I,MCS_REPORT_NO,HAZMAT_VIO_CAUSE_CRASH_I,MCS_VIO_CAUSE_CRASH_I,IDOT_PERMIT_NO,WIDE_LOAD_I,TRAILER1_WIDTH,TRAILER2_WIDTH,TRAILER1_LENGTH,TRAILER2_LENGTH,TOTAL_VEHICLE_LENGTH,AXLE_CNT,VEHICLE_CONFIG,CARGO_BODY_TYPE,LOAD_TYPE,HAZMAT_OUT_OF_SERVICE_I,MCS_OUT_OF_SERVICE_I,HAZMAT_CLASS
2132262,202f4e29add6896c67ad8a025c6d8f30cfb58bbf8a92e0ede877926b0d1b38851493ff343eea2f24c601fe1692648987e37c411104a8f25cfa918da7dcd862dd,08/19/2025 06:16:00 PM,2,DRIVER,,2032627,,HONDA,ACCORD,IL,2025,NONE,PASSENGER,UNKNOWN/NA,S,STRAIGHT AHEAD,,,1,,,,,Y,,,,,,,,,,Y,Y,,FRONT,,,,,,,,,,,,,,,,,,,,,,,,,,,,,,,,,
2132318,99c3f11608a8b5caf23ba7aeaa361ce9abe54bb4a2965961a84e5bc745e744b7cbfdff885b98f0a6cb15bc56504ab15b9d8a4e09bc17f8699289422fb21fe47c,08/19/2025 06:15:00 PM,1,DRIVER,,2032662,Y,UNKNOWN,MOTORIZED,IN,,UNKNOWN,TRUCK - SINGLE UNIT,UNKNOWN/NA,W,STRAIGHT AHEAD,,,1,,,,,,,,,,,,,,,,,Y,SIDE-LEFT,"22,038",,,,,,PENSKE,IN,,,,,N,N,,N,,N,N,,,,,,,,,"SINGLE UNIT TRUCK, 2 AXLES, 6 TIRES",VAN/ENCLOSED BOX,OTHER,N,N,
2132319,99c3f11608a8b5caf23ba7aeaa361ce9abe54bb4a2965961a84e5bc745e744b7cbfdff885b98f0a6cb15bc56504ab15b9d8a4e09bc17f8699289422fb21fe47c,08/19/2025 06:15:00 PM,2,DRIVER,1,2032667,,DODGE,CARAVAN,IL,2015,NONE,VAN/MINI-VAN,PERSONAL,E,STRAIGHT AHEAD,,,2,,,,,,,,,,,Y,Y,,,,,,SIDE-LEFT,,,,,,,,,,,,,,,,,,,,,,,,,,,,,,,,,
2132251,3d473f434f47207009f0ec9dc32f213b979225fd72d569e94886fb3ae427e092a4cf2f93a4e222a2741ec3374793c04656fbeaf17c693757a041aee31e5db5b2,08/19/2025 06:10:00 PM,1,DRIVER,,2032605,,CHEVROLET,EQUINOX,IL,2020,NONE,SPORT UTILITY VEHICLE (SUV),PERSONAL,N,BACKING,,,1,,,,,,,,,,,Y,Y,,,,,,SIDE-LEFT-REAR,,,,,,,,,,,,,,,,,,,,,,,,,,,,,,,,,
2132252,3d473f434f47207009f0ec9dc32f213b979225fd72d569e94886fb3ae427e092a4cf2f93a4e222a2741ec3374793c04656fbeaf17c693757a041aee31e5db5b2,08/19/2025 06:10:00 PM,2,DRIVER,,2032611,,MERCEDES-BENZ,C300,IL,2020,NONE,PASSENGER,PERSONAL,S,BACKING,,,1,,,,,,,,,,,Y,Y,,,,,,SIDE-LEFT-REAR,,,,,,,,,,,,,,,,,,,,,,,,,,,,,,,,,
2132634,94d4adae08f57cd644ca6446fc9eb46ab240ffe390d769e742a9917d5f31a96565946dda68ac22951461574d0c660b8be7d91e3459e72dc5a9ed2a49ece85d31,08/19/2025 06:05:00 PM,1,DRIVER,,2032976,,HONDA,ACCORD,IL,2007,NONE,PASSENGER,PERSONAL,S,CHANGING LANES,,,1,,,,,,,,,,,,,,,Y,,,FRONT-LEFT-CORNER,,,,,,,,,,,,,,,,,,,,,,,,,,,,,,,,,
2132635,94d4adae08f57cd644ca6446fc9eb46ab240ffe390d769e742a9917d5f31a96565946dda68ac22951461574d0c660b8be7d91e3459e72dc5a9ed2a49ece85d31,08/19/2025 06:05:00 PM,2,DRIVER,,2032984,,MAZDA,CX-5,IL,2021,NONE,SPORT UTILITY VEHICLE (SUV),PERSONAL,S,STRAIGHT AHEAD,,,1,,,,,,,,Y,Y,,,,,,,,,SIDE-RIGHT-REAR,,,,,,,,,,,,,,,,,,,,,,,,,,,,,,,,,
2132245,67954f704ccbde40a9f90cc8d6dec0300c4c9e2d6c0997eaa21e4e1146689969d6aee062d01396189c4a8d4b42791e1598e522d004292acab9616278492e8da4,08/19/2025 06:00:00 PM,1,DRIVER,3,2032589,,INFINITI,Q50,IL,2015,UNKNOWN,PASSENGER,PERSONAL,E,STRAIGHT AHEAD,,,4,,,,,,,,,,,,,,,,,Y,FRONT-RIGHT-CORNER,,,,,,,,,,,,,,,,,,,,,,,,,,,,,,,,,
2132246,67954f704ccbde40a9f90cc8d6dec0300c4c9e2d6c0997eaa21e4e1146689969d6aee062d01396189c4a8d4b42791e1598e522d004292acab9616278492e8da4,08/19/2025 06:00:00 PM,2,DRIVER,,2032593,,DODGE,DART,IL,2016,UNKNOWN,PASSENGER,PERSONAL,N,STRAIGHT AHEAD,,,1,,,,,,,,,,,,,,Y,Y,Y,,FRONT-LEFT-CORNER,,,,,,,,,,,,,,,,,,,,,,,,,,,,,,,,,
2132332,c7efe41984f1bb43ff87562a01286e374c58d2e6f1c9aec7e5c7004472962fae15d65af761bcd30f33ab10121f1ca0070d23553aefc0473e7306dec3811fb0e3,08/19/2025 06:00:00 PM,1,DRIVER,1,2032682,,FORD,OTHER (EXPLAIN IN NARRATIVE),IL,2015,NONE,TRUCK - SINGLE UNIT,COMMERCIAL - SINGLE UNIT,E,STRAIGHT AHEAD,,,2,,,,,,,,,,,,,,Y,,,,SIDE-LEFT,,,,,,,,,,,,,,,,,,,,,,,,,,,,,,,,,
2132333,c7efe41984f1bb43ff87562a01286e374c58d2e6f1c9aec7e5c7004472962fae15d65af761bcd30f33ab10121f1ca0070d23553aefc0473e7306dec3811fb0e3,08/19/2025 06:00:00 PM,2,DRIVER,,2032684,,CHEVROLET,SILVERADO,IL,2019,NONE,PICKUP,PERSONAL,W,STRAIGHT AHEAD,,,1,,,,,,Y,,,,,,,,,,,,SIDE-RIGHT,,,,,,,,,,,,,,,,,,,,,,,,,,,,,,,,,
2132276,cbf58c1ad04cd81a4c1c2e2e74fdbb4b514f6a5a11c90c9a4682b25625edf03f8c9b6319e4a9015808a1021971fb24be1c62ebd63d14d6d708a2df73ec022905,08/19/2025 06:00:00 PM,1,DRIVER,,2032625,,JEEP,WRANGLER,IL,,UNKNOWN,SPORT UTILITY VEHICLE (SUV),UNKNOWN/NA,N,STRAIGHT AHEAD,,,1,,,,,,,,,,,,,,,,Y,,FRONT,,,,,,,,,,,,,,,,,,,,,,,,,,,,,,,,,
2132277,cbf58c1ad04cd81a4c1c2e2e74fdbb4b514f6a5a11c90c9a4682b25625edf03f8c9b6319e4a9015808a1021971fb24be1c62ebd63d14d6d708a2df73ec022905,08/19/2025 06:00:00 PM,2,DRIVER,,2032636,,MITSUBISHI,OUTLANDER,IL,2018,NONE,SPORT UTILITY VEHICLE (SUV),UNKNOWN/NA,N,STRAIGHT AHEAD,Y,,1,,PRIVATE,UNK,,Y,,,,,Y,,,,,,Y,,REAR,,,,,,,,,,,,,,,,,,,,,,,,,,,,,,,,,
2132278,cbf58c1ad04cd81a4c1c2e2e74fdbb4b514f6a5a11c90c9a4682b25625edf03f8c9b6319e4a9015808a1021971fb24be1c62ebd63d14d6d708a2df73ec022905,08/19/2025 06:00:00 PM,3,DRIVER,,2032644,,MERCEDES-BENZ,GLE,IL,2021,NONE,SPORT UTILITY VEHICLE (SUV),UNKNOWN/NA,N,STRAIGHT AHEAD,,,1,,,,,,,,,,Y,,,,,,,,REAR,,,,,,,,,,,,,,,,,,,,,,,,,,,,,,,,,
2132308,f52655a2c7523443d51c9333f8b8df1068099c4a532a133d7fc0f83e5917d23f5df6260123100739d910c24bfeeb2530e8a06d9ca9a5b096f4dcdc1c5f123709,08/19/2025 06:00:00 PM,1,DRIVER,,2032659,,VOLKSWAGEN,JETTA,IL,2015,UNKNOWN,PASSENGER,PERSONAL,W,STRAIGHT AHEAD,,,1,,,,,,,,,,,,,,,,,Y,UNKNOWN,,,,,,,,,,,,,,,,,,,,,,,,,,,,,,,,,
2132309,f52655a2c7523443d51c9333f8b8df1068099c4a532a133d7fc0f83e5917d23f5df6260123100739d910c24bfeeb2530e8a06d9ca9a5b096f4dcdc1c5f123709,08/19/2025 06:00:00 PM,2,PARKED,,2032664,,MERCEDES-BENZ,GLC,IL,,UNKNOWN,PASSENGER,PERSONAL,W,PARKED,Y,,0,,PRIVATE,UNKNOWN,,,,,,,,,,,Y,,,,SIDE-LEFT,,,,,,,,,,,,,,,,,,,,,,,,,,,,,,,,,
2132302,1e2019bb2bdcc8194f251c628b6d544629a31dcbf0a8eabbedf4bb70dc366b9c09b65e68ad75f04bc2b01f05513201525e99275c54dc18d210ea6ac0f16f12d9,08/19/2025 05:58:00 PM,1,PEDESTRIAN,,,,,,,,,,,,,,,,,,,,,,,,,,,,,,,,,,,,,,,,,,,,,,,,,,,,,,,,,,,,,,,,,,
2132303,1e2019bb2bdcc8194f251c628b6d544629a31dcbf0a8eabbedf4bb70dc366b9c09b65e68ad75f04bc2b01f05513201525e99275c54dc18d210ea6ac0f16f12d9,08/19/2025 05:58:00 PM,2,DRIVER,1,2032653,,CHEVROLET,EQUINOX,IL,2013,NONE,SPORT UTILITY VEHICLE (SUV),PERSONAL,N,TURNING RIGHT,,,2,,,,,Y,,,,,,,,,,,,,FRONT-RIGHT-CORNER,,,,,,,,,,,,,,,,,,,,,,,,,,,,,,,,,
2132295,a06ea4be6287cf689b8a1980aae421c3c81498514571e2f4def2f7b876ac96b9f088f9c24ddbe03dfe65fdcbf10c7cd520d0aa9cf831a466c33850965a986928,08/19/2025 05:56:00 PM,1,DRIVER,,2032656,,KIA,FORTE,IL,2022,NONE,PASSENGER,PERSONAL,N,STRAIGHT AHEAD,,,1,,,,,,,,,,,,,,,,Y,,FRONT,,,,,,,,,,,,,,,,,,,,,,,,,,,,,,,,,
2132296,a06ea4be6287cf689b8a1980aae421c3c81498514571e2f4def2f7b876ac96b9f088f9c24ddbe03dfe65fdcbf10c7cd520d0aa9cf831a466c33850965a986928,08/19/2025 05:56:00 PM,2,DRIVER,,2032661,,FORD,ESCAPE,IL,2021,NONE,SPORT UTILITY VEHICLE (SUV),PERSONAL,N,STRAIGHT AHEAD,,,1,,,,,,,,,,Y,,,,,,,,REAR,,,,,,,,,,,,,,,,,,,,,,,,,,,,,,,,,
2132241,991ada1ddb7a7308141eb908476594305a0de0676d70a520d7bb9fbe8bc3e5ff347cfce52874e13676f3b66d3db46cf6587e8a123e3d7ef8b6ced9cb4d8131d6,08/19/2025 05:50:00 PM,1,DRIVER,,2032586,,HYUNDAI,TUCSON,IL,2025,NONE,PASSENGER,PERSONAL,N,STRAIGHT AHEAD,,,1,,,,,Y,Y,,,,,,,,,,,,SIDE-RIGHT,,,,,,,,,,,,,,,,,,,,,,,,,,,,,,,,,
2132242,991ada1ddb7a7308141eb908476594305a0de0676d70a520d7bb9fbe8bc3e5ff347cfce52874e13676f3b66d3db46cf6587e8a123e3d7ef8b6ced9cb4d8131d6,08/19/2025 05:50:00 PM,2,DRIVER,1,2032591,,MERCEDES-BENZ,GLA,IL,2019,NONE,PASSENGER,PERSONAL,N,SLOW/STOP IN TRAFFIC,,,2,,,,,,,,,,,Y,Y,,,,,,SIDE-LEFT,,,,,,,,,,,,,,,,,,,,,,,,,,,,,,,,,
2132283,f7d81d309f6aac1fa8f2256ca0a27456d155e47a6729abe0292b5d5219996489d6b68359912554d6f81ea165dbcbe0b27313be835deb9af446bcebb88608ebb1,08/19/2025 05:50:00 PM,1,DRIVER,,2032638,,FORD,OTHER (EXPLAIN IN NARRATIVE),IL,2015,UNKNOWN,SPORT UTILITY VEHICLE (SUV),UNKNOWN/NA,N,STRAIGHT AHEAD,,,1,,,,,,Y,Y,Y,,,,,,,,,,SIDE-RIGHT,,,,,,,,,,,,,,,,,,,,,,,,,,,,,,,,,
2132284,f7d81d309f6aac1fa8f2256ca0a27456d155e47a6729abe0292b5d5219996489d6b68359912554d6f81ea165dbcbe0b27313be835deb9af446bcebb88608ebb1,08/19/2025 05:50:00 PM,2,DRIVER,,2032634,,VOLKSWAGEN,PASSAT,IL,2018,UNKNOWN,PASSENGER,PERSONAL,S,BACKING,,,1,,,,,,,,,,,Y,Y,,,,,,SIDE-LEFT-REAR,,,,,,,,,,,,,,,,,,,,,,,,,,,,,,,,,
2132297,ee5e5bdc85f465e7a79d4e5bdf6a0dc34a62c8505a1bb0dd8eafc4eea326796502517ac214737af924d78b95c2511412c4545232a6e63ee714b6d03265ca83b5,08/19/2025 05:49:00 PM,1,DRIVER,,2032648,,NEW FLYER,OTHER (EXPLAIN IN NARRATIVE),,,NONE,BUS OVER 15 PASS.,CTA,W,ENTERING TRAFFIC LANE FROM PARKING,,,1,,,,Y,,,,,,,,,,,Y,,,FRONT-LEFT-CORNER,,,,,,,,,,,,,,,,,,,,,,,,,,,,,,,,,
2132298,ee5e5bdc85f465e7a79d4e5bdf6a0dc34a62c8505a1bb0dd8eafc4eea326796502517ac214737af924d78b95c2511412c4545232a6e63ee714b6d03265ca83b5,08/19/2025 05:49:00 PM,2,DRIVER,,2032652,,DODGE,RAM 1500 PU,IN,2014,NONE,PICKUP,PERSONAL,W,STRAIGHT AHEAD,,,1,,,,,,Y,,,,,,,,,,,,SIDE-RIGHT,,,,,,,,,,,,,,,,,,,,,,,,,,,,,,,,,
2132281,84cfc1ad332d23d98da521ffd1c29dafb831d51376b6a702f017cd9f204ca3a0e27054b3be26f01718b61569b1d4b5ed7a66b0b05e31fc8a1d35b19feb90b0a5,08/19/2025 05:45:00 PM,1,BICYCLE,,,,,,,,,,,,,,,,,,,,,,,,,,,,,,,,,,,,,,,,,,,,,,,,,,,,,,,,,,,,,,,,,,
2132282,84cfc1ad332d23d98da521ffd1c29dafb831d51376b6a702f017cd9f204ca3a0e27054b3be26f01718b61569b1d4b5ed7a66b0b05e31fc8a1d35b19feb90b0a5,08/19/2025 05:45:00 PM,2,DRIVER,1,2032630,,BMW,530I,IL,2018,UNKNOWN,PASSENGER,PERSONAL,W,SLOW/STOP IN TRAFFIC,,,2,,,,,,,,,Y,,,,,,,,,REAR-RIGHT-CORNER,,,,,,,,,,,,,,,,,,,,,,,,,,,,,,,,,
2132279,96408f948573fe87334d55792d3d880ae96c405bf94b4781263d4001dfaa5259832fccf3869a11dd8f0cab3a5ec620b0cd338bed8bd1a2015658cfb822ead2dd,08/19/2025 05:45:00 PM,1,DRIVER,,2032629,,HYUNDAI,ELANTRA,IL,2023,NONE,PASSENGER,PERSONAL,NW,ENTERING TRAFFIC LANE FROM PARKING,Y,,1,,private,private,,Y,,,,,,,,,Y,Y,Y,,FRONT-LEFT-CORNER,,,,,,,,,,,,,,,,,,,,,,,,,,,,,,,,,
2132280,96408f948573fe87334d55792d3d880ae96c405bf94b4781263d4001dfaa5259832fccf3869a11dd8f0cab3a5ec620b0cd338bed8bd1a2015658cfb822ead2dd,08/19/2025 05:45:00 PM,2,DRIVER,1,2032639,,SUBARU,FORESTER,IL,2017,NONE,PASSENGER,PERSONAL,NW,STRAIGHT AHEAD,Y,,2,,private,private,,Y,Y,Y,,,,,,,,,Y,,FRONT-RIGHT-CORNER,,,,,,,,,,,,,,,,,,,,,,,,,,,,,,,,,
2132233,599a7b7de2b3b9622a15f1d95e47e72681776a88e227acbe33bf32a1e35fc60ddd0dfd8163e2b07966f600f0a3c1dc9ce0e639191cd6899e4d3729b9b0f06dae,08/19/2025 05:40:00 PM,1,DRIVER,,2032598,,TOYOTA,RAV4,IL,2015,NONE,PASSENGER,PERSONAL,S,OTHER,,,1,,,,,Y,,,,,,,,,,N,Y,,FRONT-RIGHT-CORNER,,,,,,,,,,,,,,,,,,,,,,,,,,,,,,,,,
2132234,599a7b7de2b3b9622a15f1d95e47e72681776a88e227acbe33bf32a1e35fc60ddd0dfd8163e2b07966f600f0a3c1dc9ce0e639191cd6899e4d3729b9b0f06dae,08/19/2025 05:40:00 PM,2,PARKED,,2032607,,LINCOLN,NAVIGATOR,IL,2024,NONE,PASSENGER,NOT IN USE,S,PARKED,,,0,,,,,,,,,N,N,Y,Y,,,,,,REAR-LEFT-CORNER,,,,,,,,,,,,,,,,,,,,,,,,,,,,,,,,,
2132255,aa3de5fe298aede068a0d43aa2c9cf1c43dfcff84e9ca4f753c1be67bc36aa445e4eafec3747a2c972ae1b1693f4b68b26cb7b2e93a268467e0d7a2c29e4f524,08/19/2025 05:37:00 PM,1,DRIVER,,2032604,,DODGE,AVENGER,IL,2014,UNKNOWN,PASSENGER,PERSONAL,N,CHANGING LANES,,,1,,,,,Y,,,,,,,,,,,,,SIDE-RIGHT-FRONT,,,,,,,,,,,,,,,,,,,,,,,,,,,,,,,,,
2132256,aa3de5fe298aede068a0d43aa2c9cf1c43dfcff84e9ca4f753c1be67bc36aa445e4eafec3747a2c972ae1b1693f4b68b26cb7b2e93a268467e0d7a2c29e4f524,08/19/2025 05:37:00 PM,2,BICYCLE,,,,,,,,,,,,,,,,,,,,,,,,,,,,,,,,,,,,,,,,,,,,,,,,,,,,,,,,,,,,,,,,,,
2132267,04552171b79e632b6e58631c395bb8cdf0d95364e223433c1e3f5c2ff451f2abde07b81dd41c1804a9c149f5e43ab10b1b3b0e108b76aa4513b4063754d076bb,08/19/2025 05:30:00 PM,1,DRIVER,,2032618,,FORD,ESCAPE,IL,2024,UNKNOWN,PASSENGER,OTHER,N,TURNING LEFT,,,1,,,,,,,,,,,,,,Y,Y,,,FRONT-LEFT-CORNER,,,,,,,,,,,,,,,,,,,,,,,,,,,,,,,,,
2132290,04552171b79e632b6e58631c395bb8cdf0d95364e223433c1e3f5c2ff451f2abde07b81dd41c1804a9c149f5e43ab10b1b3b0e108b76aa4513b4063754d076bb,08/19/2025 05:30:00 PM,2,DRIVER,1,2032650,,BMW,OTHER (EXPLAIN IN NARRATIVE),IL,2018,UNKNOWN,PASSENGER,PERSONAL,N,STRAIGHT AHEAD,,,2,,,,,,Y,Y,Y,Y,,,,,,,,,SIDE-RIGHT,,,,,,,,,,,,,,,,,,,,,,,,,,,,,,,,,
2132274,177d53d4cbdc574d4769648301a7459059291d15037299d58cb29f092d500bd129773ee60757b94d3e4b73d78a29f5fd0e86b4d94e3f7ff99512cf7935b7dc5a,08/19/2025 05:30:00 PM,1,DRIVER,,2032624,,HONDA,ACCORD,IL,2014,UNKNOWN,PASSENGER,PERSONAL,UNKNOWN,STRAIGHT AHEAD,,,1,,,,,,,,,,,,,,,,Y,,FRONT,,,,,,,,,,,,,,,,,,,,,,,,,,,,,,,,,
2132275,177d53d4cbdc574d4769648301a7459059291d15037299d58cb29f092d500bd129773ee60757b94d3e4b73d78a29f5fd0e86b4d94e3f7ff99512cf7935b7dc5a,08/19/2025 05:30:00 PM,2,DRIVER,,2032628,,BMW,M-5,IL,2006,UNKNOWN,PASSENGER,PERSONAL,UNKNOWN,STRAIGHT AHEAD,,,1,,,,,,,,,,Y,,,,,,,,REAR,,,,,,,,,,,,,,,,,,,,,,,,,,,,,,,,,
2132306,7c3483fbcbaa864884739f83801dbc66911a30f4420138292f323425a265bee0db3c29ab60b8c1798a7b16c922b5a6ccc5074766a89a3f83a9e595cd42ce50cf,08/19/2025 05:30:00 PM,1,PARKED,1,2032657,,MERCEDES-BENZ,300 SERIES,IL,2018,NONE,PASSENGER,NOT IN USE,W,PARKED,,,1,,,,,,,,,,,,,Y,,,,,SIDE-LEFT,,,,,,,,,,,,,,,,,,,,,,,,,,,,,,,,,
2132307,7c3483fbcbaa864884739f83801dbc66911a30f4420138292f323425a265bee0db3c29ab60b8c1798a7b16c922b5a6ccc5074766a89a3f83a9e595cd42ce50cf,08/19/2025 05:30:00 PM,2,DRIVER,,2032660,,VOLKSWAGEN,JETTA,IL,2015,NONE,PASSENGER,PERSONAL,W,STRAIGHT AHEAD,,,1,,,,,Y,Y,Y,Y,,,,,,,,Y,,FRONT-RIGHT-CORNER,,,,,,,,,,,,,,,,,,,,,,,,,,,,,,,,,
2132222,a5ecec9afdc4ca67e355d889cdf964b04f5d65495b3bac7dbbfe381ff2c7e27397ab7d167ba25d1d61059c615618f3d73a4124891f8f576acf3524406e8e8c81,08/19/2025 05:30:00 PM,1,DRIVER,,2032576,,HONDA,CR-V,IL,2009,NONE,PASSENGER,PERSONAL,E,STRAIGHT AHEAD,,,1,,,,,Y,Y,Y,Y,Y,,,,,,,,,SIDE-RIGHT,,,,,,,,,,,,,,,,,,,,,,,,,,,,,,,,,
2132223,a5ecec9afdc4ca67e355d889cdf964b04f5d65495b3bac7dbbfe381ff2c7e27397ab7d167ba25d1d61059c615618f3d73a4124891f8f576acf3524406e8e8c81,08/19/2025 05:30:00 PM,2,DRIVER,1,2032588,,DODGE,OTHER (EXPLAIN IN NARRATIVE),IL,,NONE,OTHER,AMBULANCE,E,STRAIGHT AHEAD,,,2,,,,,,,,,,,Y,Y,Y,Y,,,,SIDE-LEFT,,,,,,,,,,,,,,,,,,,,,,,,,,,,,,,,,
2132235,fc5347b24efaa4c0910586b17e36bb337e3dbe44da0eef2e13d143e45db593c1aa0a4a08070d6749cb6b506cf0590702dd579c2ce4226cc2b67e97c8ccea2532,08/19/2025 05:30:00 PM,1,DRIVER,,2032600,,HYUNDAI,ELANTRA,IL,2013,NONE,PASSENGER,PERSONAL,W,STRAIGHT AHEAD,,,1,,,,,,,,,,,Y,,,,,,,UNKNOWN,,,,,,,,,,,,,,,,,,,,,,,,,,,,,,,,,
2132236,fc5347b24efaa4c0910586b17e36bb337e3dbe44da0eef2e13d143e45db593c1aa0a4a08070d6749cb6b506cf0590702dd579c2ce4226cc2b67e97c8ccea2532,08/19/2025 05:30:00 PM,2,DRIVER,,2032592,,TOYOTA,COROLLA,IL,2024,NONE,PASSENGER,UNKNOWN/NA,S,STRAIGHT AHEAD,,,1,,,,,Y,Y,,,,,,,,,,,,UNKNOWN,,,,,,,,,,,,,,,,,,,,,,,,,,,,,,,,,
2132209,4477da329f3effadc442683b5533aa567c3442dd574b8add0643d079169de315b9f8845fa90c7a5101363d038a4d8ae3307c6fa340c6a1c653520ff4933ad5d2,08/19/2025 05:28:00 PM,1,DRIVER,2,2032570,,CADILLAC,ESCALADE,IL,2008,NONE,PASSENGER,PERSONAL,NW,TURNING LEFT,,,3,,,,,,,,,,,,,,,,,,FRONT,,,,,,,,,,,,,,,,,,,,,,,,,,,,,,,,,
2132210,4477da329f3effadc442683b5533aa567c3442dd574b8add0643d079169de315b9f8845fa90c7a5101363d038a4d8ae3307c6fa340c6a1c653520ff4933ad5d2,08/19/2025 05:28:00 PM,2,BICYCLE,,,,,,,,,,,,,,,,,,,,,,,,,,,,,,,,,,,,,,,,,,,,,,,,,,,,,,,,,,,,,,,,,,
2132250,f26a5cb1e66e3a75f952debbd44858757f2b407db2d74b26a7488a94715b9982c616ac48435b2e4f6a4892432648f4e4f48ff128b4b56675ce669e619d5fcb50,08/19/2025 05:20:00 PM,1,DRIVER,,2032608,,HONDA,CIVIC,IL,2006,NONE,PASSENGER,PERSONAL,SE,STRAIGHT AHEAD,Y,,1,,owner,owner,,,,,,,,,,,,Y,Y,,SIDE-LEFT-FRONT,,,,,,,,,,,,,,,,,,,,,,,,,,,,,,,,,
2132243,283036e61f1a73c5964f940b02e628d2fa1a35d83d78e67de24bbd659fed45c4d71ee9d8c91a02f0f5a80217f57a2887e3563c2b59e1ddc1e70b595c9c62a510,08/19/2025 05:19:00 PM,2,DRIVER,,2032596,,JEEP,GRAND CHEROKEE,IL,2016,UNKNOWN,PASSENGER,PERSONAL,S,TURNING RIGHT,,,1,,,,Y,,,,,,,,,,,,,,REAR-RIGHT-CORNER,,,,,,,,,,,,,,,,,,,,,,,,,,,,,,,,,
2132244,283036e61f1a73c5964f940b02e628d2fa1a35d83d78e67de24bbd659fed45c4d71ee9d8c91a02f0f5a80217f57a2887e3563c2b59e1ddc1e70b595c9c62a510,08/19/2025 05:19:00 PM,1,DRIVER,,2032602,,GENESIS,G70,IL,2022,NONE,PASSENGER,PERSONAL,S,TURNING RIGHT,,,1,,,,,,,,,,,,,,,Y,,,FRONT-LEFT-CORNER,,,,,,,,,,,,,,,,,,,,,,,,,,,,,,,,,
2132239,8d517749043ebb381afd87bad428f55dbcbe48f1715fd3d15a7b9c2d58948e272746ad3e830a704b40c119158e6f9525b9a3ec9364869194cdab8d668c01d9bb,08/19/2025 05:15:00 PM,1,DRIVER,,2032583,,FORD,ESCAPE,IL,2003,UNKNOWN,SPORT UTILITY VEHICLE (SUV),UNKNOWN/NA,N,STRAIGHT AHEAD,,,1,,,,,,,,,,,,,,,,,Y,UNKNOWN,,,,,,,,,,,,,,,,,,,,,,,,,,,,,,,,,
2132240,8d517749043ebb381afd87bad428f55dbcbe48f1715fd3d15a7b9c2d58948e272746ad3e830a704b40c119158e6f9525b9a3ec9364869194cdab8d668c01d9bb,08/19/2025 05:15:00 PM,2,DRIVER,,2032590,,TOYOTA,PRIUS,IL,2017,UNKNOWN,PASSENGER,UNKNOWN/NA,E,STRAIGHT AHEAD,,,1,,,,,N,Y,Y,Y,,,,,,,,,,SIDE-RIGHT-FRONT,,,,,,,,,,,,,,,,,,,,,,,,,,,,,,,,,
2132187,12acddca43b00b756d10a20c015638c05033307253dd6400ddab7885935e26704fb64f37f286eda7c1f116567fc7146886cbca2a91662f675b90ecd8ce8333d2,08/19/2025 05:10:00 PM,1,DRIVER,1,2032542,,FORD,EDGE,IL,2008,UNKNOWN,SPORT UTILITY VEHICLE (SUV),PERSONAL,E,STRAIGHT AHEAD,Y,,2,,PRIVATE,HOME ADDRESS,,Y,Y,Y,,,,,,,,,,,FRONT-RIGHT-CORNER,,,,,,,,,,,,,,,,,,,,,,,,,,,,,,,,,
2132188,12acddca43b00b756d10a20c015638c05033307253dd6400ddab7885935e26704fb64f37f286eda7c1f116567fc7146886cbca2a91662f675b90ecd8ce8333d2,08/19/2025 05:10:00 PM,2,PARKED,,2032549,,TOYOTA,RAV4,IL,2017,UNKNOWN,SPORT UTILITY VEHICLE (SUV),NOT IN USE,E,PARKED,,,0,,,,,,,,,,,Y,Y,Y,Y,Y,,,REAR-RIGHT-CORNER,,,,,,,,,,,,,,,,,,,,,,,,,,,,,,,,,