CRASH_UNIT_ID,CRASH_RECORD_ID,CRASH_DATE,UNIT_NO,UNIT_TYPE,NUM_PASSENGERS,VEHICLE_ID,CMRC_VEH_I,MAKE,MODEL,LIC_PLATE_STATE,VEHICLE_YEAR,VEHICLE_DEFECT,VEHICLE_TYPE,VEHICLE_USE,TRAVEL_DIRECTION,MANEUVER,TOWED_I,FIRE_I,OCCUPANT_CNT,EXCEED_SPEED_LIMIT_I,TOWED_BY,TOWED_TO,AREA_00_I,AREA_01_I,AREA_02_I,AREA_03_I,AREA_04_I,AREA_05_I,AREA_06_I,AREA_07_I,AREA_08_I,AREA_09_I,AREA_10_I,AREA_11_I,AREA_12_I,AREA_99_I,FIRST_CONTACT_POINT,CMV_ID,USDOT_NO,CCMC_NO,ILCC_NO,COMMERCIAL_SRC,GVWR,CARRIER_NAME,CARRIER_STATE,CARRIER_CITY,HAZMAT_PLACARDS_I,HAZMAT_NAME,UN_NO,HAZMAT_PRESENT_I,HAZMAT_REPORT_I,HAZMAT_REPORT_NO,MCS_REPORT_I,MCS_REPORT_NO,HAZMAT_VIO_CAUSE_CRASH_I,MCS_VIO_CAUSE_CRASH_I,IDOT_PERMIT_NO,WIDE_LOAD_I,TRAILER1_WIDTH,TRAILER2_WIDTH,TRAILER1_LENGTH,TRAILER2_LENGTH,TOTAL_VEHICLE_LENGTH,AXLE_CNT,VEHICLE_CONFIG,CARGO_BODY_TYPE,LOAD_TYPE,HAZMAT_OUT_OF_SERVICE_I,MCS_OUT_OF_SERVICE_I,HAZMAT_CLASS
2132173,76a8442c155080b0a1889d022b6d4956602b198f36b7de943617b0898f82aa5df0c213bdc5dbc0757babd5cd75cebb7b809c619eb2af289826b60b451e685add,08/19/2025 05:06:00 PM,1,DRIVER,2,2032536,,MAZDA,CX-9,IL,2008,UNKNOWN,PASSENGER,PERSONAL,N,STRAIGHT AHEAD,Y,,3,,PRIVATE,UNKNOWN,,Y,Y,,,,,,,,,,,,FRONT-RIGHT-CORNER,,,,,,,,,,,,,,,,,,,,,,,,,,,,,,,,,
2132174,76a8442c155080b0a1889d022b6d4956602b198f36b7de943617b0898f82aa5df0c213bdc5dbc0757babd5cd75cebb7b809c619eb2af289826b60b451e685add,08/19/2025 05:06:00 PM,2,DRIVER,,2032540,,NISSAN,ROGUE,IN,2021,UNKNOWN,PASSENGER,PERSONAL,N,U-TURN,Y,,1,,PRIVATE,UNKNOWN,,,,,,,,,,,Y,Y,,,FRONT-LEFT-CORNER,,,,,,,,,,,,,,,,,,,,,,,,,,,,,,,,,
2138251,13cc8f8f10f13976f56793cd12a505958667efa05ae9d444d502bb865ae217fc2c67e6a90b814476a9adde562bb5f199e279dd9c4b339b0816fb7ae6b0dcb290,08/19/2025 05:00:00 PM,1,DRIVER,,2038336,,UNKNOWN,MOTORIZED,,,UNKNOWN,UNKNOWN/NA,UNKNOWN/NA,UNKNOWN,UNKNOWN/NA,,,1,,,,,,,,,,,,,,,,,Y,UNKNOWN,,,,,,,,,,,,,,,,,,,,,,,,,,,,,,,,,
2138252,13cc8f8f10f13976f56793cd12a505958667efa05ae9d444d502bb865ae217fc2c67e6a90b814476a9adde562bb5f199e279dd9c4b339b0816fb7ae6b0dcb290,08/19/2025 05:00:00 PM,2,DRIVER,1,2038340,,HYUNDAI,KONA,IL,2021,UNKNOWN,UNKNOWN/NA,UNKNOWN/NA,S,STRAIGHT AHEAD,Y,,2,,TOW,TOW,,Y,,,,,,,,,Y,,,,SIDE-LEFT,,,,,,,,,,,,,,,,,,,,,,,,,,,,,,,,,
2137468,341e25541e77d3921b31f12b9aa10a8ed2cf47fc8920ed28d26dae2ad15ee703f73daf83abd8b9c590af0431521461dd9141176e105a9fd1b1e89bf65bfdfbeb,08/19/2025 05:00:00 PM,1,DRIVER,,2037600,,UNKNOWN,OTHER (EXPLAIN IN NARRATIVE),,,UNKNOWN,UNKNOWN/NA,UNKNOWN/NA,UNKNOWN,UNKNOWN/NA,,,1,,,,,,,,,,,,,,,,,,UNKNOWN,,,,,,,,,,,,,,,,,,,,,,,,,,,,,,,,,
2137469,341e25541e77d3921b31f12b9aa10a8ed2cf47fc8920ed28d26dae2ad15ee703f73daf83abd8b9c590af0431521461dd9141176e105a9fd1b1e89bf65bfdfbeb,08/19/2025 05:00:00 PM,2,PARKED,,2037604,,KIA,OTHER (EXPLAIN IN NARRATIVE),IL,2021,NONE,PASSENGER,PERSONAL,N,PARKED,,,0,,,,,,,,,,,,,Y,Y,Y,,,SIDE-LEFT,,,,,,,,,,,,,,,,,,,,,,,,,,,,,,,,,
2132193,34952b8f33cf921271da658915606017d346976b9a678f49e88b43c549c496d301c375fa69cb004d611a27565f7a4f1e0fa52370e0f6e71a68bb58ce8fe19b18,08/19/2025 05:00:00 PM,1,DRIVER,,2032544,,UNKNOWN,MOTORIZED,IL,,UNKNOWN,PASSENGER,PERSONAL,W,STRAIGHT AHEAD,,,1,,,,,Y,Y,,,,,,,,,,,,OTHER,,,,,,,,,,,,,,,,,,,,,,,,,,,,,,,,,
2132194,34952b8f33cf921271da658915606017d346976b9a678f49e88b43c549c496d301c375fa69cb004d611a27565f7a4f1e0fa52370e0f6e71a68bb58ce8fe19b18,08/19/2025 05:00:00 PM,2,DRIVER,,2032553,,NOVA BUS,RTS,IL,2024,NONE,BUS UP TO 15 PASS.,CTA,W,STRAIGHT AHEAD,,,1,,,,,Y,Y,,,,,,,,,,,,OTHER,,,,,,,,,,,,,,,,,,,,,,,,,,,,,,,,,
2135881,f5285f6512ccc328044a3df9eb367b74b07b7c016ed6a50564d9810b7ee18892c2f933ee89b34b211b98743b27ea6a0baa257fb6017466998d4cc4a3b0dd30ae,08/19/2025 05:00:00 PM,1,DRIVER,,2036097,,CADILLAC,ESCALADE,IL,2003,UNKNOWN,SPORT UTILITY VEHICLE (SUV),UNKNOWN/NA,S,STRAIGHT AHEAD,,,1,,,,,,,,,,,,,,,,,Y,SIDE-LEFT,,,,,,,,,,,,,,,,,,,,,,,,,,,,,,,,,
2135882,f5285f6512ccc328044a3df9eb367b74b07b7c016ed6a50564d9810b7ee18892c2f933ee89b34b211b98743b27ea6a0baa257fb6017466998d4cc4a3b0dd30ae,08/19/2025 05:00:00 PM,2,PARKED,,2036078,,CHEVROLET,CRUZE,IL,2016,UNKNOWN,PASSENGER,PERSONAL,S,PARKED,,,0,,,,,,Y,Y,Y,,,,,,,,,,SIDE-RIGHT,,,,,,,,,,,,,,,,,,,,,,,,,,,,,,,,,
2132195,d4062f04cda34c472ce8d053e3a8308f64c9857610eeb90846fa5dbb999fbefb8a72f3167fb55e9718d3f9065da6bb403ea2b24ca6c418aa2f0cc016f4115ff6,08/19/2025 04:55:00 PM,1,DRIVER,1,2032546,,BLUEBIRD INTERNATIONAL,OTHER (EXPLAIN IN NARRATIVE),IL,2018,NONE,BUS UP TO 15 PASS.,COMMERCIAL - MULTI-UNIT,N,TURNING RIGHT,,,2,,,,Y,,,,,,,,,,,,,,REAR-RIGHT-CORNER,,,,,,,,,,,,,,,,,,,,,,,,,,,,,,,,,
2132196,d4062f04cda34c472ce8d053e3a8308f64c9857610eeb90846fa5dbb999fbefb8a72f3167fb55e9718d3f9065da6bb403ea2b24ca6c418aa2f0cc016f4115ff6,08/19/2025 04:55:00 PM,2,PARKED,,2032561,,HONDA,ODYSSEY,IL,2018,NONE,VAN/MINI-VAN,UNKNOWN/NA,N,PARKED,,,0,,,,,,,,,,,N,Y,Y,Y,Y,,,SIDE-LEFT,,,,,,,,,,,,,,,,,,,,,,,,,,,,,,,,,
2132216,396f79b17690069dd80596b146e7dad618d5d10661a5aa3c5744165ecbe8a3c34552e0c56bd45102808b68a4bf3897943e064ba4dc8e051a02cb2a982c281de3,08/19/2025 04:48:00 PM,1,DRIVER,4,2032569,N,ICL CARGO TRAILER,ICL CARGO TRAILER,IL,2017,NONE,BUS OVER 15 PASS.,SCHOOL BUS,SE,TURNING RIGHT,,,5,,,,,,,,,,,Y,,,,,,,REAR-LEFT-CORNER,,,,,,,,,,,,,,,,,,,,,,,,,,,,,,,,,
2132217,396f79b17690069dd80596b146e7dad618d5d10661a5aa3c5744165ecbe8a3c34552e0c56bd45102808b68a4bf3897943e064ba4dc8e051a02cb2a982c281de3,08/19/2025 04:48:00 PM,2,PARKED,,2032577,,NISSAN,ALTIMA,IL,2013,NONE,PASSENGER,PERSONAL,E,PARKED IN TRAFFIC LANE,,,0,,,,,Y,,,,,,,,,,,,,FRONT-RIGHT-CORNER,,,,,,,,,,,,,,,,,,,,,,,,,,,,,,,,,
2132231,da4810747ec8932dccf39b210c91e4289ad139bfef2669f571443c4fd4ccccda5861a51aea9d9f516789db7d96df55a6df132c9ff6aea68f2f41a1bf8ac6534f,08/19/2025 04:47:00 PM,1,DRIVER,,2032603,,NISSAN,ALTIMA,IL,,UNKNOWN,PASSENGER,UNKNOWN/NA,W,TURNING RIGHT,,,1,,,,,Y,,,,,,,,,,Y,Y,,FRONT,,,,,,,,,,,,,,,,,,,,,,,,,,,,,,,,,
2132232,da4810747ec8932dccf39b210c91e4289ad139bfef2669f571443c4fd4ccccda5861a51aea9d9f516789db7d96df55a6df132c9ff6aea68f2f41a1bf8ac6534f,08/19/2025 04:47:00 PM,2,DRIVER,1,2032631,,TOYOTA,RAV4,IL,2013,UNKNOWN,SPORT UTILITY VEHICLE (SUV),PERSONAL,N,STRAIGHT AHEAD,,,2,,,,,Y,Y,Y,,,,,,,,,Y,,FRONT-RIGHT-CORNER,,,,,,,,,,,,,,,,,,,,,,,,,,,,,,,,,
2132253,9981d9f9b740a53b060585e4c4b55d6e6208455b7e84639bafe77c30ed1bde3c77243723b9fab4ba2008b8f6aba9d99b86b3ed635ffa58ee9a03ea43a7dec61c,08/19/2025 04:43:00 PM,1,DRIVER,,2032601,,NISSAN,SENTRA,IL,2019,UNKNOWN,PASSENGER,UNKNOWN/NA,NW,TURNING RIGHT,,,1,,,,,Y,,,,,,,,,,,,,FRONT-RIGHT-CORNER,,,,,,,,,,,,,,,,,,,,,,,,,,,,,,,,,
2132254,9981d9f9b740a53b060585e4c4b55d6e6208455b7e84639bafe77c30ed1bde3c77243723b9fab4ba2008b8f6aba9d99b86b3ed635ffa58ee9a03ea43a7dec61c,08/19/2025 04:43:00 PM,2,BICYCLE,,,,,,,,,,,,,,,,,,,,,,,,,,,,,,,,,,,,,,,,,,,,,,,,,,,,,,,,,,,,,,,,,,
2132177,4719be77115776348dc5b7bdcbf9c67eafe9ac3592580ce7ed9397a2e3eff6aee18d5915d3ccf94f93f901737c70213746f6a3b2e5a88f1c68afe83ef82e33d0,08/19/2025 04:30:00 PM,1,DRIVER,,2032572,,TOYOTA,PRIUS,IL,2008,NONE,PASSENGER,PERSONAL,NE,TURNING RIGHT,,,1,,,,,,,,,,,,,,,,Y,,FRONT,,,,,,,,,,,,,,,,,,,,,,,,,,,,,,,,,
2132178,4719be77115776348dc5b7bdcbf9c67eafe9ac3592580ce7ed9397a2e3eff6aee18d5915d3ccf94f93f901737c70213746f6a3b2e5a88f1c68afe83ef82e33d0,08/19/2025 04:30:00 PM,2,DRIVER,,2032616,,CHRYSLER,300,IL,2005,NONE,PASSENGER,PERSONAL,W,STRAIGHT AHEAD,,,1,,,,,,Y,Y,,,,,,,,,,,SIDE-RIGHT,,,,,,,,,,,,,,,,,,,,,,,,,,,,,,,,,
2132984,b41ea0a35764cbad8847e9346ffab5815b7ffb026937d88ff6ea6ba1dabfdc46c90f0ff70320088f021a0516b8a7ff1409cf9119dc105044143e81faa66d9c48,08/19/2025 04:30:00 PM,1,DRIVER,,2033316,,CADILLAC,CTS,,2010,UNKNOWN,PASSENGER,UNKNOWN/NA,E,BACKING,,,1,,,,,,,,,,,,,,,,,Y,REAR,,,,,,,,,,,,,,,,,,,,,,,,,,,,,,,,,
2132985,b41ea0a35764cbad8847e9346ffab5815b7ffb026937d88ff6ea6ba1dabfdc46c90f0ff70320088f021a0516b8a7ff1409cf9119dc105044143e81faa66d9c48,08/19/2025 04:30:00 PM,2,PARKED,,2033319,,HYUNDAI,SANTA FE,IL,2007,NONE,SPORT UTILITY VEHICLE (SUV),AGRICULTURE,S,PARKED,,,0,,,,,,,,,,,,,,,,Y,,FRONT,,,,,,,,,,,,,,,,,,,,,,,,,,,,,,,,,
2132263,aafb597664b327d8ce654b83f97b6eb7ecd834b6c279fe18c2a9608633fe98e5df92713fb4def6ff5cc49590cd64e405bd58c13a61f3e4d036cc28fa4d29b63e,08/19/2025 04:23:00 PM,1,DRIVER,,2032614,,TOYOTA,COROLLA,IL,2015,UNKNOWN,PASSENGER,PERSONAL,N,PASSING/OVERTAKING,,,1,,,,,Y,Y,,,,,,,,,,,,FRONT-RIGHT-CORNER,,,,,,,,,,,,,,,,,,,,,,,,,,,,,,,,,
2132264,aafb597664b327d8ce654b83f97b6eb7ecd834b6c279fe18c2a9608633fe98e5df92713fb4def6ff5cc49590cd64e405bd58c13a61f3e4d036cc28fa4d29b63e,08/19/2025 04:23:00 PM,2,DRIVER,,2032621,,SUBARU,CROSSTREK,IL,2024,NONE,PASSENGER,PERSONAL,N,SLOW/STOP IN TRAFFIC,,,1,,,,,,,,,,,,,,,Y,,,FRONT-LEFT-CORNER,,,,,,,,,,,,,,,,,,,,,,,,,,,,,,,,,
2132136,316e11801140d1aa7e999dbcedd396bcf49211304baf70d71561b8d2238a0d45c56b58a5d73e5cee77a7e5c171ab0715c6a58e41ff8deafc1119e3ff9bb6d239,08/19/2025 04:20:00 PM,1,DRIVER,,2032504,,NISSAN,ROGUE,IL,2019,UNKNOWN,SPORT UTILITY VEHICLE (SUV),PERSONAL,E,STRAIGHT AHEAD,,,1,,,,,Y,Y,Y,,,,,,,Y,Y,Y,,FRONT-RIGHT-CORNER,,,,,,,,,,,,,,,,,,,,,,,,,,,,,,,,,
2132137,316e11801140d1aa7e999dbcedd396bcf49211304baf70d71561b8d2238a0d45c56b58a5d73e5cee77a7e5c171ab0715c6a58e41ff8deafc1119e3ff9bb6d239,08/19/2025 04:20:00 PM,2,DRIVER,,2032517,,ACURA,TLX,IL,2012,UNKNOWN,PASSENGER,PERSONAL,N,STRAIGHT AHEAD,,,1,,,,,,,,,,,,,Y,Y,Y,Y,,FRONT-LEFT-CORNER,,,,,,,,,,,,,,,,,,,,,,,,,,,,,,,,,
2132167,9f8d6e3190213d58d0cbe428c1999827588d2edc6c91ab707c04c26d4e790ad28490ee67c30d7747b4898cacf723689456c18a9d0e69537b310b9b5cda09b3a5,08/19/2025 04:20:00 PM,1,DRIVER,,2032532,,HONDA,CIVIC,IL,2006,NONE,PASSENGER,PERSONAL,N,STRAIGHT AHEAD,,,1,,,,Y,,,,,,,,,,,,,,FRONT,,,,,,,,,,,,,,,,,,,,,,,,,,,,,,,,,
2132168,9f8d6e3190213d58d0cbe428c1999827588d2edc6c91ab707c04c26d4e790ad28490ee67c30d7747b4898cacf723689456c18a9d0e69537b310b9b5cda09b3a5,08/19/2025 04:20:00 PM,2,DRIVER,,2032525,,MAZDA,MAZDA3,IL,2023,NONE,PASSENGER,PERSONAL,N,SLOW/STOP IN TRAFFIC,,,1,,,,,,,,,Y,Y,Y,,,,,,,REAR,,,,,,,,,,,,,,,,,,,,,,,,,,,,,,,,,
2132191,5b1d4e05fe0d1ddbe9bc94c5b445d14fde7c388251453af61cf40da3cf1804ee3bf89b429a7035b4a260fc65024de3f03c1e95f1ee0ed82607d2286b0a5707eb,08/19/2025 04:15:00 PM,1,DRIVER,,2032554,,CHEVROLET,SILVERADO,IL,2008,NONE,PICKUP,PERSONAL,S,STRAIGHT AHEAD,,,1,,,,,,,,,,,,,,Y,Y,,,SIDE-LEFT-FRONT,,,,,,,,,,,,,,,,,,,,,,,,,,,,,,,,,
2132192,5b1d4e05fe0d1ddbe9bc94c5b445d14fde7c388251453af61cf40da3cf1804ee3bf89b429a7035b4a260fc65024de3f03c1e95f1ee0ed82607d2286b0a5707eb,08/19/2025 04:15:00 PM,2,DRIVER,,2032550,,JEEP,JEEP,IL,2017,NONE,SPORT UTILITY VEHICLE (SUV),PERSONAL,S,STRAIGHT AHEAD,,,1,,,,,,,,Y,Y,,,,,,,,,SIDE-RIGHT-REAR,,,,,,,,,,,,,,,,,,,,,,,,,,,,,,,,,
2132316,b9ef18b73014760939059053808f01e9b7428663886c86a91b24cc6adbb3c68053f93b029bb797de0c84fdb2c6f9a75097c8b5d34210754f67bd45621f8842cb,08/19/2025 04:15:00 PM,1,DRIVER,,2032663,,HONDA,ODYSSEY,IL,2002,UNKNOWN,VAN/MINI-VAN,UNKNOWN/NA,UNKNOWN,LEAVING TRAFFIC LANE TO PARK,,,1,,,,,,Y,Y,Y,,,,,,,,,,SIDE-RIGHT,,,,,,,,,,,,,,,,,,,,,,,,,,,,,,,,,
2132317,b9ef18b73014760939059053808f01e9b7428663886c86a91b24cc6adbb3c68053f93b029bb797de0c84fdb2c6f9a75097c8b5d34210754f67bd45621f8842cb,08/19/2025 04:15:00 PM,2,PARKED,,2032669,,NISSAN,SENTRA,MI,2025,UNKNOWN,PASSENGER,UNKNOWN/NA,UNKNOWN,PARKED,,,0,,,,,,,,,,Y,Y,,,,,,,UNKNOWN,,,,,,,,,,,,,,,,,,,,,,,,,,,,,,,,,
2137201,dc8fd02ead882c8f074796c093b8a00e43352c0ee143516d5b255ec013adc2df6165dee3795d38b6b012ed9755586d249eca381ebd3c1c9c8870245659df1610,08/19/2025 04:15:00 PM,1,DRIVER,,2037339,,HUMMER,H3,IL,2009,NONE,SPORT UTILITY VEHICLE (SUV),PERSONAL,N,STRAIGHT AHEAD,,,1,,,,,,Y,Y,,,,,,,,,,,SIDE-RIGHT,,,,,,,,,,,,,,,,,,,,,,,,,,,,,,,,,
2137202,dc8fd02ead882c8f074796c093b8a00e43352c0ee143516d5b255ec013adc2df6165dee3795d38b6b012ed9755586d249eca381ebd3c1c9c8870245659df1610,08/19/2025 04:15:00 PM,2,DRIVER,,2037340,,HYUNDAI,SONATA,IL,2009,NONE,PASSENGER,PERSONAL,N,STRAIGHT AHEAD,,,1,,,,,,,,,,,,Y,Y,Y,,,,SIDE-LEFT,,,,,,,,,,,,,,,,,,,,,,,,,,,,,,,,,
2132142,80140a146387cde87029a743fb86f80872b49ba6d621e0439b1485cfe46ec43391e7166a9dc0ff696377d2e9239c43713859673b19dcce182f0c3f88903afbf0,08/19/2025 04:10:00 PM,1,DRIVER,,2032497,,TOYOTA,RAV4,IL,2007,NONE,SPORT UTILITY VEHICLE (SUV),PERSONAL,E,STRAIGHT AHEAD,,,1,,,,,Y,,,,,,,,,,Y,Y,,FRONT,,,,,,,,,,,,,,,,,,,,,,,,,,,,,,,,,
2132143,80140a146387cde87029a743fb86f80872b49ba6d621e0439b1485cfe46ec43391e7166a9dc0ff696377d2e9239c43713859673b19dcce182f0c3f88903afbf0,08/19/2025 04:10:00 PM,2,DRIVER,,2032503,,TOYOTA,PRIUS,IL,1999,NONE,SPORT UTILITY VEHICLE (SUV),PERSONAL,E,STRAIGHT AHEAD,,,1,,,,,,,,,Y,Y,Y,,,,,,,REAR,,,,,,,,,,,,,,,,,,,,,,,,,,,,,,,,,
2132214,6e788119a2dbaf2724c30c4ed2af8979c9aaed8200db219b04ed271666a2f41ea3ce07a2a67991edf19757698631e60ae3e671badd7c262fbb630c4c01fa2365,08/19/2025 04:06:00 PM,1,DRIVER,1,2032582,,JEEP,GRAND CHEROKEE,IL,2019,NONE,PASSENGER,PERSONAL,N,U-TURN,,,2,,,,,,,,,,,,,,,,,,UNDER CARRIAGE,,,,,,,,,,,,,,,,,,,,,,,,,,,,,,,,,
2132215,6e788119a2dbaf2724c30c4ed2af8979c9aaed8200db219b04ed271666a2f41ea3ce07a2a67991edf19757698631e60ae3e671badd7c262fbb630c4c01fa2365,08/19/2025 04:06:00 PM,2,DRIVER,2,2032595,,TOYOTA,RAV4,IL,,NONE,PASSENGER,PERSONAL,N,STRAIGHT AHEAD,,,3,,,,,Y,Y,,,,,,,,,,,,FRONT-RIGHT-CORNER,,,,,,,,,,,,,,,,,,,,,,,,,,,,,,,,,
2132149,1075f4482d9bc65280d2dab70ae02c5371d59892e965943c6161c0a868bf2ecc0b02c5a015c846adca6f625e86477607f9cd8b0bb58519908ed50b205e579493,08/19/2025 04:05:00 PM,1,DRIVER,,2032511,,SATURN,VUE,IL,2008,BRAKES,SPORT UTILITY VEHICLE (SUV),PERSONAL,E,STRAIGHT AHEAD,Y,,1,,private tow,unk,,Y,,,,,,,,,,Y,Y,,FRONT,,,,,,,,,,,,,,,,,,,,,,,,,,,,,,,,,
2132150,1075f4482d9bc65280d2dab70ae02c5371d59892e965943c6161c0a868bf2ecc0b02c5a015c846adca6f625e86477607f9cd8b0bb58519908ed50b205e579493,08/19/2025 04:05:00 PM,2,DRIVER,,2032519,,JEEP,GRAND CHEROKEE,IL,2012,NONE,SPORT UTILITY VEHICLE (SUV),PERSONAL,E,SLOW/STOP IN TRAFFIC,,,1,,,,,Y,,,,Y,Y,Y,,,,Y,Y,,REAR,,,,,,,,,,,,,,,,,,,,,,,,,,,,,,,,,
2132151,1075f4482d9bc65280d2dab70ae02c5371d59892e965943c6161c0a868bf2ecc0b02c5a015c846adca6f625e86477607f9cd8b0bb58519908ed50b205e579493,08/19/2025 04:05:00 PM,3,DRIVER,,2032523,,UNKNOWN,OTHER (EXPLAIN IN NARRATIVE),,,UNKNOWN,UNKNOWN/NA,UNKNOWN/NA,E,STRAIGHT AHEAD,,,1,,,,,Y,,,,Y,Y,Y,,,,Y,Y,Y,REAR,,,,,,,,,,,,,,,,,,,,,,,,,,,,,,,,,
2132152,1075f4482d9bc65280d2dab70ae02c5371d59892e965943c6161c0a868bf2ecc0b02c5a015c846adca6f625e86477607f9cd8b0bb58519908ed50b205e579493,08/19/2025 04:05:00 PM,4,DRIVER,,2032528,,VOLKSWAGEN,OTHER (EXPLAIN IN NARRATIVE),IL,2022,NONE,SPORT UTILITY VEHICLE (SUV),PERSONAL,E,SLOW/STOP IN TRAFFIC,,,1,,,,N,,,,,Y,Y,Y,,,,,,,REAR,,,,,,,,,,,,,,,,,,,,,,,,,,,,,,,,,
2132130,6d97699ad13da412610ee7eaf1847c6a98c82a2e94e90ec17ed23f4373573efd757ffb5646cb905f111270c5e7c6044fc7f86eebfa5f9e1601bab4e72c135360,08/19/2025 04:05:00 PM,1,DRIVER,,2032495,,"PETERBILT MOTORS COMPANY (DIVISION OF PACCAR, INC.)",OTHER (EXPLAIN IN NARRATIVE),IL,1989,UNKNOWN,OTHER,CONSTRUCTION/MAINTENANCE,W,MERGING,,,1,,,,,Y,Y,,,,,,,,,,,,FRONT-RIGHT-CORNER,,,,,,,,,,,,,,,,,,,,,,,,,,,,,,,,,
2132131,6d97699ad13da412610ee7eaf1847c6a98c82a2e94e90ec17ed23f4373573efd757ffb5646cb905f111270c5e7c6044fc7f86eebfa5f9e1601bab4e72c135360,08/19/2025 04:05:00 PM,2,DRIVER,1,2032500,,LEXUS,ES,IL,2008,UNKNOWN,PASSENGER,PERSONAL,W,STRAIGHT AHEAD,,,2,,,,,,,,,,,Y,Y,Y,N,,,,SIDE-LEFT-REAR,,,,,,,,,,,,,,,,,,,,,,,,,,,,,,,,,
2132220,06e811fda0914c273f18e8e0cdb8d8ca888d60e7cbd23d6dbb7ebaf846a24f559d5c7ae20b35de7c1c430b6f53805903d92c2ecebd592f939a1b957865154325,08/19/2025 04:00:00 PM,1,DRIVER,,2032575,,JAGUAR,XJ,IL,2012,UNKNOWN,PASSENGER,PERSONAL,N,TURNING LEFT,Y,,1,,,,,Y,Y,,,,,,,,,,Y,,FRONT-RIGHT-CORNER,,,,,,,,,,,,,,,,,,,,,,,,,,,,,,,,,
2132221,06e811fda0914c273f18e8e0cdb8d8ca888d60e7cbd23d6dbb7ebaf846a24f559d5c7ae20b35de7c1c430b6f53805903d92c2ecebd592f939a1b957865154325,08/19/2025 04:00:00 PM,2,PARKED,,2032579,,GENERAL MOTORS CORPORATION (GMC),ACADIA,IL,2012,UNKNOWN,SPORT UTILITY VEHICLE (SUV),PERSONAL,N,PARKED,,,0,,,,,,,,,,Y,Y,N,,,,,,SIDE-LEFT-REAR,,,,,,,,,,,,,,,,,,,,,,,,,,,,,,,,,
2132197,85796718c62d9b7f20ac21acc7b4153da955bc9239a4a9d65b844d7a4e889f48bf34bd37f5b0100714aef9d25f6561fadfe10938ef007f5fbcf08a67c25cdf76,08/19/2025 04:00:00 PM,1,DRIVER,2,2032556,,HONDA,PILOT,IL,2021,NONE,PASSENGER,PERSONAL,E,BACKING,,,3,,,,,,,,,,,Y,,,,,,,REAR-LEFT-CORNER,,,,,,,,,,,,,,,,,,,,,,,,,,,,,,,,,
2132198,85796718c62d9b7f20ac21acc7b4153da955bc9239a4a9d65b844d7a4e889f48bf34bd37f5b0100714aef9d25f6561fadfe10938ef007f5fbcf08a67c25cdf76,08/19/2025 04:00:00 PM,2,PARKED,1,2032568,,INTERNATIONAL TRAILER CORPORATION,OTHER (EXPLAIN IN NARRATIVE),IL,2015,NONE,OTHER,OTHER,W,PARKED,,,1,,,,,,,,,,,Y,Y,,,,,,SIDE-LEFT,,,,,,,,,,,,,,,,,,,,,,,,,,,,,,,,,
2132291,b209f7a1bc1b4c2a185699f3400123676d9c5d2b49dd7debdb1a4f9ee1802fc756b2e17fbcb11408a52b1ba061c4b4b442707aecc854482c3510282b1faf32f4,08/19/2025 04:00:00 PM,1,DRIVER,1,2032645,,UNKNOWN,OTHER (EXPLAIN IN NARRATIVE),IL,2007,NONE,PASSENGER,PERSONAL,N,STRAIGHT AHEAD,,,2,,,,,,,,,,,,,,,Y,Y,,FRONT-LEFT-CORNER,,,,,,,,,,,,,,,,,,,,,,,,,,,,,,,,,
2132292,b209f7a1bc1b4c2a185699f3400123676d9c5d2b49dd7debdb1a4f9ee1802fc756b2e17fbcb11408a52b1ba061c4b4b442707aecc854482c3510282b1faf32f4,08/19/2025 04:00:00 PM,2,DRIVER,,2032641,,FORD,ESCAPE,IL,2015,NONE,SPORT UTILITY VEHICLE (SUV),PERSONAL,N,SLOW/STOP IN TRAFFIC,,,1,,,,,,,,,Y,Y,,,,,,,,REAR,,,,,,,,,,,,,,,,,,,,,,,,,,,,,,,,,
2136614,d0261a55b2e00909f2ad397ade6dedbba3c9ebe5303bf66f112e0913e37a66b984eef0002ca4a814d8023e278f07afe6f9fae083fd4dee3f1ad80ace21fa81be,08/19/2025 04:00:00 PM,1,DRIVER,,2036787,,CHEVROLET,CRUZE,IL,2018,NONE,PASSENGER,PERSONAL,S,STRAIGHT AHEAD,,,1,,,,,Y,,,,,,,,,,Y,Y,,FRONT,,,,,,,,,,,,,,,,,,,,,,,,,,,,,,,,,
2136615,d0261a55b2e00909f2ad397ade6dedbba3c9ebe5303bf66f112e0913e37a66b984eef0002ca4a814d8023e278f07afe6f9fae083fd4dee3f1ad80ace21fa81be,08/19/2025 04:00:00 PM,2,DRIVER,,2036791,,CADILLAC,DTS,IL,2008,NONE,PASSENGER,PERSONAL,S,STRAIGHT AHEAD,,,1,,,,,,,,,Y,Y,Y,,,,,,,REAR,,,,,,,,,,,,,,,,,,,,,,,,,,,,,,,,,
2132248,f3ff68c2105bd10845b603fd15427ebcd05eaa43b3bababe879e9592b4330e1b943e9d731d59938427680a38a51ecb9685cba84c07f620777028529c71c1dc65,08/19/2025 04:00:00 PM,1,DRIVER,,2032599,,UNKNOWN,OTHER (EXPLAIN IN NARRATIVE),,,UNKNOWN,TRUCK - SINGLE UNIT,UNKNOWN/NA,N,STRAIGHT AHEAD,,,1,,,,,,,,,,,,,,Y,,,,SIDE-LEFT,,,,,,,,,,,,,,,,,,,,,,,,,,,,,,,,,