CRASH_UNIT_ID,CRASH_RECORD_ID,CRASH_DATE,UNIT_NO,UNIT_TYPE,NUM_PASSENGERS,VEHICLE_ID,CMRC_VEH_I,MAKE,MODEL,LIC_PLATE_STATE,VEHICLE_YEAR,VEHICLE_DEFECT,VEHICLE_TYPE,VEHICLE_USE,TRAVEL_DIRECTION,MANEUVER,TOWED_I,FIRE_I,OCCUPANT_CNT,EXCEED_SPEED_LIMIT_I,TOWED_BY,TOWED_TO,AREA_00_I,AREA_01_I,AREA_02_I,AREA_03_I,AREA_04_I,AREA_05_I,AREA_06_I,AREA_07_I,AREA_08_I,AREA_09_I,AREA_10_I,AREA_11_I,AREA_12_I,AREA_99_I,FIRST_CONTACT_POINT,CMV_ID,USDOT_NO,CCMC_NO,ILCC_NO,COMMERCIAL_SRC,GVWR,CARRIER_NAME,CARRIER_STATE,CARRIER_CITY,HAZMAT_PLACARDS_I,HAZMAT_NAME,UN_NO,HAZMAT_PRESENT_I,HAZMAT_REPORT_I,HAZMAT_REPORT_NO,MCS_REPORT_I,MCS_REPORT_NO,HAZMAT_VIO_CAUSE_CRASH_I,MCS_VIO_CAUSE_CRASH_I,IDOT_PERMIT_NO,WIDE_LOAD_I,TRAILER1_WIDTH,TRAILER2_WIDTH,TRAILER1_LENGTH,TRAILER2_LENGTH,TOTAL_VEHICLE_LENGTH,AXLE_CNT,VEHICLE_CONFIG,CARGO_BODY_TYPE,LOAD_TYPE,HAZMAT_OUT_OF_SERVICE_I,MCS_OUT_OF_SERVICE_I,HAZMAT_CLASS
2132249,f3ff68c2105bd10845b603fd15427ebcd05eaa43b3bababe879e9592b4330e1b943e9d731d59938427680a38a51ecb9685cba84c07f620777028529c71c1dc65,08/19/2025 04:00:00 PM,2,PARKED,,2032623,,RIVIAN,R1S,IL,2023,NONE,VAN/MINI-VAN,OTHER,N,PARKED,,,0,,,,,,,,,,,,,,Y,,,,SIDE-LEFT,,,,,,,,,,,,,,,,,,,,,,,,,,,,,,,,,
2132157,f97d0d7bb66d5e6172a835fe1aa855f41140afc372158d8348240ae6e249881d7bd013b7a74826c982f70d16c4ab7b0a3b40a2ec5d0d99cf0079ca6844b5b4b4,08/19/2025 04:00:00 PM,1,DRIVER,,2032512,,FORD,EXPLORER,FL,2023,UNKNOWN,PASSENGER,PERSONAL,UNKNOWN,UNKNOWN/NA,,,1,,,,,Y,,,,,,,,,,Y,Y,,FRONT,,,,,,,,,,,,,,,,,,,,,,,,,,,,,,,,,
2132158,f97d0d7bb66d5e6172a835fe1aa855f41140afc372158d8348240ae6e249881d7bd013b7a74826c982f70d16c4ab7b0a3b40a2ec5d0d99cf0079ca6844b5b4b4,08/19/2025 04:00:00 PM,2,DRIVER,,2032518,,TOYOTA,PRIUS,IL,2022,UNKNOWN,PASSENGER,PERSONAL,UNKNOWN,UNKNOWN/NA,,,1,,,,,,,,Y,Y,Y,Y,Y,,,,,,REAR,,,,,,,,,,,,,,,,,,,,,,,,,,,,,,,,,
2132089,3a7b7bf437edf9434a754dd4e3b1f0031a0a877d03d03d0dc297f8103c1e7a3f9da623a455bf1457cb55985ac4b776eb896c2d907a418e8406d0280352cc1166,08/19/2025 03:45:00 PM,1,DRIVER,,2032446,,FORD,TRANSIT,IL,2019,NONE,VAN/MINI-VAN,PERSONAL,W,STRAIGHT AHEAD,,,1,,,,,Y,,,,,,,,,,Y,Y,,FRONT,,,,,,,,,,,,,,,,,,,,,,,,,,,,,,,,,
2132090,3a7b7bf437edf9434a754dd4e3b1f0031a0a877d03d03d0dc297f8103c1e7a3f9da623a455bf1457cb55985ac4b776eb896c2d907a418e8406d0280352cc1166,08/19/2025 03:45:00 PM,2,DRIVER,,2032452,,HONDA,CIVIC,IL,2012,NONE,PASSENGER,PERSONAL,W,STRAIGHT AHEAD,,,1,,,,,,,,,Y,Y,Y,,,,,,,REAR,,,,,,,,,,,,,,,,,,,,,,,,,,,,,,,,,
2132112,48cad0f9410783a52aff5a94104f4ca3d8a94209403b5d002944ff8408d59a1288ceedec672cf429993184bfae41d392d973171b9b560762088460bd8424aed5,08/19/2025 03:44:00 PM,1,DRIVER,,2032472,,TESLA,OTHER (EXPLAIN IN NARRATIVE),IL,2021,NONE,PASSENGER,PERSONAL,E,STRAIGHT AHEAD,,,1,,,,,Y,Y,,,,,,,,,,,,FRONT-RIGHT-CORNER,,,,,,,,,,,,,,,,,,,,,,,,,,,,,,,,,
2132113,48cad0f9410783a52aff5a94104f4ca3d8a94209403b5d002944ff8408d59a1288ceedec672cf429993184bfae41d392d973171b9b560762088460bd8424aed5,08/19/2025 03:44:00 PM,2,PARKED,,2032478,,LEXUS,OTHER (EXPLAIN IN NARRATIVE),IL,2024,NONE,PASSENGER,NOT IN USE,E,PARKED,,,0,,,,,,,,,,,,,,Y,Y,,,FRONT-LEFT-CORNER,,,,,,,,,,,,,,,,,,,,,,,,,,,,,,,,,
2132155,aec5e03d15b2504345ab424875ec954a07cc6ba6636972711c5a99289e32062795827c33e82074dbab96dd96d0942522126e92cfe4ef2b6a3349dccf504bf4d4,08/19/2025 03:41:00 PM,1,DRIVER,2,2032514,,PONTIAC,BONNEVILLE,IL,2002,UNKNOWN,PASSENGER,PERSONAL,N,UNKNOWN/NA,Y,,3,,CITY OF CHICAGO,701 N SACRAMENTO,,Y,,,,,,,,,,,Y,,FRONT-RIGHT-CORNER,,,,,,,,,,,,,,,,,,,,,,,,,,,,,,,,,
2132156,aec5e03d15b2504345ab424875ec954a07cc6ba6636972711c5a99289e32062795827c33e82074dbab96dd96d0942522126e92cfe4ef2b6a3349dccf504bf4d4,08/19/2025 03:41:00 PM,2,PARKED,,2032539,,LAND ROVER,DEFENDER,IL,2024,UNKNOWN,SPORT UTILITY VEHICLE (SUV),PERSONAL,N,PARKED,,,0,,,,,,,,,,,Y,Y,,,,,,REAR-LEFT-CORNER,,,,,,,,,,,,,,,,,,,,,,,,,,,,,,,,,
2132102,44571d08ac1712a78571091011cbfc7b3c89f04381a5bba586f1d8dfab6380fa3aed9948a4eb020da68030088d7d39d5bd1fbb9ecc7af200d36720fd42b56a74,08/19/2025 03:40:00 PM,1,DRIVER,,2032463,,TOYOTA,CAMRY,IL,2014,NONE,PASSENGER,PERSONAL,S,BACKING,,,1,,,,,,,,,,Y,Y,,,,,,,REAR-LEFT-CORNER,,,,,,,,,,,,,,,,,,,,,,,,,,,,,,,,,
2132103,44571d08ac1712a78571091011cbfc7b3c89f04381a5bba586f1d8dfab6380fa3aed9948a4eb020da68030088d7d39d5bd1fbb9ecc7af200d36720fd42b56a74,08/19/2025 03:40:00 PM,2,DRIVER,,2032459,,CHEVROLET,EQUINOX,IL,2019,NONE,SPORT UTILITY VEHICLE (SUV),PERSONAL,S,TURNING LEFT,,,1,,,,,,,,,,,,Y,Y,Y,Y,,,SIDE-LEFT,,,,,,,,,,,,,,,,,,,,,,,,,,,,,,,,,
2132207,5f1c4f8773f2ec52efca2afc03b42e6dff5621500a6cf0c42b48379cfe29831502ad169e67f5b40ecd3f1cb2d05a5173418b0d8260fa69ca72c2407455162202,08/19/2025 03:40:00 PM,1,DRIVER,,2032562,,NISSAN,SENTRA,IL,2014,UNKNOWN,PASSENGER,UNKNOWN/NA,N,PASSING/OVERTAKING,N,,1,,,,,,,,,,,,,,,,,Y,FRONT-RIGHT-CORNER,,,,,,,,,,,,,,,,,,,,,,,,,,,,,,,,,
2132208,5f1c4f8773f2ec52efca2afc03b42e6dff5621500a6cf0c42b48379cfe29831502ad169e67f5b40ecd3f1cb2d05a5173418b0d8260fa69ca72c2407455162202,08/19/2025 03:40:00 PM,2,BICYCLE,,,,,,,,,,,,,,,,,,,,,,,,,,,,,,,,,,,,,,,,,,,,,,,,,,,,,,,,,,,,,,,,,,
2132185,7b55bddc01514facd0c6efae2db289e56f69d5f90d425ca1e98033af32f87aa136e56ac63d869e65e32ce806e81d1c2038d410d81d5742e95ee5656e40e62f0e,08/19/2025 03:40:00 PM,1,DRIVER,,2032545,Y,CUB CADET (MANUFACTURED BY INTERNATIONAL HARVESTER COMPANY),CUB CADET (MFD. BY INTERNATIONAL HARVESTER CO.),WI,2023,UNKNOWN,TRACTOR W/ SEMI-TRAILER,COMMERCIAL - MULTI-UNIT,W,TURNING RIGHT,,,1,,,,,,,,,,,Y,,,,,,,SIDE-LEFT-REAR,"22,035",543340,,,DRIVER,3,SPOERL TRUCKING INC.,WI,IXONIA,,,,N,N,,N,,N,N,,Y,,,,,,5,TRACTOR/SEMI-TRAILER,OTHER,OTHER,N,N,
2132186,7b55bddc01514facd0c6efae2db289e56f69d5f90d425ca1e98033af32f87aa136e56ac63d869e65e32ce806e81d1c2038d410d81d5742e95ee5656e40e62f0e,08/19/2025 03:40:00 PM,2,PARKED,1,2032571,,KIA,CARNIVAL,IL,2025,UNKNOWN,VAN/MINI-VAN,PERSONAL,E,PARKED,,,1,,,,,,,,,,,,Y,Y,Y,,,,SIDE-LEFT,,,,,,,,,,,,,,,,,,,,,,,,,,,,,,,,,
2132237,ab0e95804487a84a07e678568304fef4294a5171e9e82a090bc5eb0258c4ef76239c2096e0a647f3d724d705184746f250bd160a781b9c77341202dbc8cf5a7e,08/19/2025 03:40:00 PM,1,DRIVER,,2032587,,UNKNOWN,OTHER (EXPLAIN IN NARRATIVE),,,UNKNOWN,UNKNOWN/NA,UNKNOWN/NA,NW,TURNING LEFT,,,1,,,,,,,,,,,,,,,,,Y,UNKNOWN,,,,,,,,,,,,,,,,,,,,,,,,,,,,,,,,,
2132238,ab0e95804487a84a07e678568304fef4294a5171e9e82a090bc5eb0258c4ef76239c2096e0a647f3d724d705184746f250bd160a781b9c77341202dbc8cf5a7e,08/19/2025 03:40:00 PM,2,DRIVER,,2032594,,MAZDA,OTHER (EXPLAIN IN NARRATIVE),,2025,NONE,SPORT UTILITY VEHICLE (SUV),PERSONAL,N,STRAIGHT AHEAD,,,1,,,,,Y,,,,,,,,,,,,,FRONT-RIGHT-CORNER,,,,,,,,,,,,,,,,,,,,,,,,,,,,,,,,,
2132466,fd87de39c4adf0ca640b20afa7547e8ac445a4401de9a72e616a996b2988796ca4ea9fe0085bf75f38e9ac3473e893c6f477a023a73b4867b203fdbcda371174,08/19/2025 03:38:00 PM,1,DRIVER,,2032801,,HYUNDAI,ELANTRA,IL,2015,UNKNOWN,PASSENGER,PERSONAL,E,STRAIGHT AHEAD,,,1,,,,,,,,,,,,,,,,Y,,FRONT,,,,,,,,,,,,,,,,,,,,,,,,,,,,,,,,,
2132467,fd87de39c4adf0ca640b20afa7547e8ac445a4401de9a72e616a996b2988796ca4ea9fe0085bf75f38e9ac3473e893c6f477a023a73b4867b203fdbcda371174,08/19/2025 03:38:00 PM,2,DRIVER,,2032805,,CHEVROLET,TAHOE,IL,2022,NONE,PASSENGER,PERSONAL,E,STRAIGHT AHEAD,,,1,,,,,,,,,,Y,,,,,,,,REAR,,,,,,,,,,,,,,,,,,,,,,,,,,,,,,,,,
2132966,579c41bb992f28b4213d46e76ac7ff9ae2815a52d2c0208c45860c238a4b87c0701895b06bd9fe91605458f6f120dcbf69e11e17f44eee1dd0e1a69f04908147,08/19/2025 03:33:00 PM,1,DRIVER,,2033308,,TESLA,OTHER (EXPLAIN IN NARRATIVE),IL,,UNKNOWN,UNKNOWN/NA,UNKNOWN/NA,S,BACKING,,,1,,,,,,,,,,Y,,,,,,,,REAR,,,,,,,,,,,,,,,,,,,,,,,,,,,,,,,,,
2132967,579c41bb992f28b4213d46e76ac7ff9ae2815a52d2c0208c45860c238a4b87c0701895b06bd9fe91605458f6f120dcbf69e11e17f44eee1dd0e1a69f04908147,08/19/2025 03:33:00 PM,2,PARKED,,2033296,,TESLA,MODEL Y,IL,2026,UNKNOWN,PASSENGER,NOT IN USE,N,PARKED,,,0,,,,,,,,,,,,,,,,Y,,FRONT,,,,,,,,,,,,,,,,,,,,,,,,,,,,,,,,,
2132145,386c3f209c88284365d3cc601576c1c8f7798e993aa248fd1d4eba7abfcb53eb41848892f00f8cc701654171e1da35cf63789a3014b9db179f01ded9b8a250b4,08/19/2025 03:30:00 PM,1,DRIVER,,2032509,,SCION,XB,IL,2012,UNKNOWN,PASSENGER,PERSONAL,S,STRAIGHT AHEAD,Y,,1,,OWNER,,,Y,Y,,,,,,,,,N,Y,,FRONT-RIGHT-CORNER,,,,,,,,,,,,,,,,,,,,,,,,,,,,,,,,,
2132146,386c3f209c88284365d3cc601576c1c8f7798e993aa248fd1d4eba7abfcb53eb41848892f00f8cc701654171e1da35cf63789a3014b9db179f01ded9b8a250b4,08/19/2025 03:30:00 PM,2,DRIVER,,2032520,,TOYOTA,HIGHLANDER,IL,2018,UNKNOWN,PASSENGER,PERSONAL,E,STRAIGHT AHEAD,Y,,1,,OWNER,,,Y,,,,,,,,,,Y,Y,,FRONT-LEFT-CORNER,,,,,,,,,,,,,,,,,,,,,,,,,,,,,,,,,
2132087,4063e81d6f3c43f72318b50b0d033cc1acde3ee094c28454112dd52758babfb83a65a53ecc0cda077b082f53716a39545d2078128011dcaeac6b1c60c993c931,08/19/2025 03:30:00 PM,1,DRIVER,1,2032451,,CHRYSLER,PACIFICA,IL,2020,NONE,PASSENGER,PERSONAL,W,STRAIGHT AHEAD,,,2,,,,,,Y,Y,Y,,,,,,,,,,SIDE-RIGHT,,,,,,,,,,,,,,,,,,,,,,,,,,,,,,,,,
2132088,4063e81d6f3c43f72318b50b0d033cc1acde3ee094c28454112dd52758babfb83a65a53ecc0cda077b082f53716a39545d2078128011dcaeac6b1c60c993c931,08/19/2025 03:30:00 PM,2,DRIVER,,2032468,,HONDA,CIVIC,IL,2001,NONE,PASSENGER,PERSONAL,SW,TURNING RIGHT,,,1,,,,,,,,,,,,,,,Y,,,FRONT-LEFT-CORNER,,,,,,,,,,,,,,,,,,,,,,,,,,,,,,,,,
2132179,99b696b012e3a6e405a727e18cb62435d150267942754d57c1f226fe82b1fdcfe19179247e86a02a544e6dd62cd446937b9a45a65f5e017c9c6cd64bb65ec4e4,08/19/2025 03:30:00 PM,1,DRIVER,,2032543,,JEEP,GRAND CHEROKEE,,,UNKNOWN,PASSENGER,PERSONAL,N,PASSING/OVERTAKING,,,1,,,,,,,,,,,,,,,,,Y,UNKNOWN,,,,,,,,,,,,,,,,,,,,,,,,,,,,,,,,,
2132180,99b696b012e3a6e405a727e18cb62435d150267942754d57c1f226fe82b1fdcfe19179247e86a02a544e6dd62cd446937b9a45a65f5e017c9c6cd64bb65ec4e4,08/19/2025 03:30:00 PM,2,DRIVER,,2032559,,TOYOTA,RAV4,,2020,UNKNOWN,PASSENGER,PERSONAL,N,STRAIGHT AHEAD,,,1,,,,,Y,Y,Y,,,,,,,,,,,SIDE-LEFT,,,,,,,,,,,,,,,,,,,,,,,,,,,,,,,,,
2132571,de64df745546a8784a788ff4d0459fca1fcd5f8bb87af24e86c9338e4cd3f45c23c0c3fe39585c50daea1faf7fdbf03a8bfd17c6f032c5e131165db365f1a2ae,08/19/2025 03:30:00 PM,1,DRIVER,,2032912,,DODGE,RAM 1500 PU,IL,2024,UNKNOWN,PICKUP,PERSONAL,E,UNKNOWN/NA,,,1,,,,,,,,,,,,,,,,,Y,FRONT,,,,,,,,,,,,,,,,,,,,,,,,,,,,,,,,,
2132572,de64df745546a8784a788ff4d0459fca1fcd5f8bb87af24e86c9338e4cd3f45c23c0c3fe39585c50daea1faf7fdbf03a8bfd17c6f032c5e131165db365f1a2ae,08/19/2025 03:30:00 PM,2,PARKED,,2032919,,HYUNDAI,IONIC,IL,2023,UNKNOWN,PASSENGER,NOT IN USE,E,PARKED,,,0,,,,,Y,Y,,,,,,,,,Y,Y,,FRONT,,,,,,,,,,,,,,,,,,,,,,,,,,,,,,,,,
2132747,f43be3cab0b7064323cb11358b49e58e38073f4b9c90b9b64b5d7d030dbbaa5f9939c2bbf31cf87987cb825b8a07f5cdbe57cf152b7e0080cba482d71233fbbe,08/19/2025 03:30:00 PM,1,DRIVER,,2033085,,FREIGHTLINER CORPORATION,FREIGHTLINER CORP.,IL,2005,UNKNOWN,UNKNOWN/NA,UNKNOWN/NA,S,STRAIGHT AHEAD,,,1,,,,,,,,,,,,,,,,,Y,UNKNOWN,,,,,,,,,,,,,,,,,,,,,,,,,,,,,,,,,
2132748,f43be3cab0b7064323cb11358b49e58e38073f4b9c90b9b64b5d7d030dbbaa5f9939c2bbf31cf87987cb825b8a07f5cdbe57cf152b7e0080cba482d71233fbbe,08/19/2025 03:30:00 PM,2,DRIVER,,2033089,,HYUNDAI,SANTA FE,IL,2020,NONE,PASSENGER,PERSONAL,S,STRAIGHT AHEAD,,,1,,,,,Y,Y,,,,,,,,,,,,FRONT-RIGHT-CORNER,,,,,,,,,,,,,,,,,,,,,,,,,,,,,,,,,
2132114,eebb6e29e4b922a2024115367ac1645fcbfee14df85ad697f4dacec2806ec9e5763dd8cfed7fc7b21e4b94bffbaa4d71bbf412f0419accc97ca8866938b3810e,08/19/2025 03:28:00 PM,1,DRIVER,5,2032471,,CHEVROLET,OTHER (EXPLAIN IN NARRATIVE),IL,2020,NONE,BUS UP TO 15 PASS.,SCHOOL BUS,N,STRAIGHT AHEAD,,,6,,,,Y,,,,,,,,,,,,,,SIDE-RIGHT,,,,,,,,,,,,,,,,,,,,,,,,,,,,,,,,,
2132115,eebb6e29e4b922a2024115367ac1645fcbfee14df85ad697f4dacec2806ec9e5763dd8cfed7fc7b21e4b94bffbaa4d71bbf412f0419accc97ca8866938b3810e,08/19/2025 03:28:00 PM,2,PARKED,,2032480,,CHEVROLET,OTHER (EXPLAIN IN NARRATIVE),,,NONE,PICKUP,NOT IN USE,N,PARKED,,,0,,,,,,,,,,,,,,Y,,,,SIDE-LEFT,,,,,,,,,,,,,,,,,,,,,,,,,,,,,,,,,
2132224,9967415d80f2f1dcadfee4b33369471eb3be3cbe3e9d63631f5cf2ae39ab4538d6d4e044b623a1eea87b5d087e7d44ff319012a51be5a786acae9d90e906904a,08/19/2025 03:26:00 PM,1,DRIVER,,2032574,,HONDA,ACCORD,IL,2019,UNKNOWN,PASSENGER,UNKNOWN/NA,E,DRIVING WRONG WAY,Y,,1,,,,,,,,,,,,,,,,Y,,FRONT,,,,,,,,,,,,,,,,,,,,,,,,,,,,,,,,,
2132096,0fae258766bf85a9c72b79be8399bdde0103cf931336e6ad20aa70d83c47866be78f0639d068e2232319d6d5b615257dec03556c9fdc14bebf52076391338d86,08/19/2025 03:25:00 PM,1,DRIVER,2,2032456,,TOYOTA,PRIUS,IL,2011,UNKNOWN,PASSENGER,PERSONAL,N,STRAIGHT AHEAD,,,3,,,,,Y,,,,,,,,,,Y,Y,,FRONT,,,,,,,,,,,,,,,,,,,,,,,,,,,,,,,,,
2132097,0fae258766bf85a9c72b79be8399bdde0103cf931336e6ad20aa70d83c47866be78f0639d068e2232319d6d5b615257dec03556c9fdc14bebf52076391338d86,08/19/2025 03:25:00 PM,2,DRIVER,,2032538,,HONDA,CR-V,IL,2020,NONE,PASSENGER,PERSONAL,E,STRAIGHT AHEAD,,,1,,,,,,,,,,,,Y,Y,Y,N,,,SIDE-LEFT,,,,,,,,,,,,,,,,,,,,,,,,,,,,,,,,,
2132169,5e91a82968c552afd264a60f4f51c489a5a1c151f16a2561a49d1f201279d665b3a1d5a25db31856b8397446cf8583ddeebf8160f42a7dd362aae34f086f2d51,08/19/2025 03:25:00 PM,1,DRIVER,,2032530,,TOYOTA,COROLLA,IL,2020,UNKNOWN,PASSENGER,PERSONAL,S,STRAIGHT AHEAD,,,1,,,,,Y,Y,Y,,,,,,,,,,,FRONT-RIGHT-CORNER,,,,,,,,,,,,,,,,,,,,,,,,,,,,,,,,,
2132170,5e91a82968c552afd264a60f4f51c489a5a1c151f16a2561a49d1f201279d665b3a1d5a25db31856b8397446cf8583ddeebf8160f42a7dd362aae34f086f2d51,08/19/2025 03:25:00 PM,2,BICYCLE,,,,,,,,,,,,,,,,,,,,,,,,,,,,,,,,,,,,,,,,,,,,,,,,,,,,,,,,,,,,,,,,,,
2132132,81a9401452076c213cc4135f9ac13a017775410cf5fb09292fe48ec082f5e8638fa366790ad91174b029a1af60cd4f8efde9e8c2780587946f448aec9f2dd1d9,08/19/2025 03:25:00 PM,1,DRIVER,,2032493,,NISSAN,MURANO,IL,2011,UNKNOWN,PASSENGER,UNKNOWN/NA,W,STRAIGHT AHEAD,,,1,,,,,,,,,,,,,Y,Y,Y,,,SIDE-LEFT,,,,,,,,,,,,,,,,,,,,,,,,,,,,,,,,,
2132133,81a9401452076c213cc4135f9ac13a017775410cf5fb09292fe48ec082f5e8638fa366790ad91174b029a1af60cd4f8efde9e8c2780587946f448aec9f2dd1d9,08/19/2025 03:25:00 PM,2,DRIVER,1,2032505,Y,MITSUBISHI,TRUCK,IL,2020,UNKNOWN,TRUCK - SINGLE UNIT,COMMERCIAL - SINGLE UNIT,W,STRAIGHT AHEAD,,,2,,,,,,Y,Y,Y,,,,,,,,,,SIDE-RIGHT,"22,034",2846733,954606,,SIDE OF TRUCK,,INCORPORATED ANGELES LOGISTICS,IL,AURORA,,,,N,N,,N,,N,N,,,,,,,,,"SINGLE UNIT TRUCK, 2 AXLES, 6 TIRES",VAN/ENCLOSED BOX,OTHER,N,N,
2132203,ca083062dcb824bb8ac377db0c773aa8f70bc2cd7420f2758a703b0c88a5e5398fed3875fa07e5d9b7e6c908caded2fc09c95e06f5fa1429a4aae4e6214c332f,08/19/2025 03:24:00 PM,1,DRIVER,,2032560,,TOYOTA,RAV4,IL,2023,UNKNOWN,PASSENGER,PERSONAL,NW,STRAIGHT AHEAD,Y,,1,,ALLSTATE,UNKNWN,,Y,Y,,,,,,,,,,,,FRONT-RIGHT-CORNER,,,,,,,,,,,,,,,,,,,,,,,,,,,,,,,,,
2132204,ca083062dcb824bb8ac377db0c773aa8f70bc2cd7420f2758a703b0c88a5e5398fed3875fa07e5d9b7e6c908caded2fc09c95e06f5fa1429a4aae4e6214c332f,08/19/2025 03:24:00 PM,2,DRIVER,,2032567,,INFINITI,OTHER (EXPLAIN IN NARRATIVE),IL,2013,UNKNOWN,PASSENGER,UNKNOWN/NA,S,STRAIGHT AHEAD,,,1,,,,,,,,,,,,,,,N,,Y,FRONT,,,,,,,,,,,,,,,,,,,,,,,,,,,,,,,,,
2132083,440a5f86e1d90d72649ce048e292c06e564fe4e74254e4e544bcb57243825e14ab3c3a1150730b7d9b2239e359c0895a69c095632a4fb36bc9f1f3e6118d44bb,08/19/2025 03:20:00 PM,1,DRIVER,,2032455,,ALFA ROMEO,STELVIO,IL,2019,NONE,PASSENGER,PERSONAL,W,STRAIGHT AHEAD,,,1,,,,,,,,,,,,,,,N,Y,,FRONT,,,,,,,,,,,,,,,,,,,,,,,,,,,,,,,,,
2132084,440a5f86e1d90d72649ce048e292c06e564fe4e74254e4e544bcb57243825e14ab3c3a1150730b7d9b2239e359c0895a69c095632a4fb36bc9f1f3e6118d44bb,08/19/2025 03:20:00 PM,2,DRIVER,,2032473,,AUDI,A8,,2013,NONE,PASSENGER,PERSONAL,SW,TURNING LEFT,,,1,,,,,,,,,,,,Y,,,,,,REAR-LEFT-CORNER,,,,,,,,,,,,,,,,,,,,,,,,,,,,,,,,,
2132695,9462435fd25456f3354d97ba4a6e6fbd9651f3b60fe6e16df96457cb33776e8ccc20808b2ed6c76fc21c9b791fef09c0c45cd206ede46b6b246b8f38753d693f,08/19/2025 03:20:00 PM,1,DRIVER,,2033035,,CHEVROLET,EQUINOX,IL,2020,UNKNOWN,SPORT UTILITY VEHICLE (SUV),UNKNOWN/NA,W,BACKING,,,1,,,,N,,,,,,Y,,,,,,,,REAR,,,,,,,,,,,,,,,,,,,,,,,,,,,,,,,,,
2132696,9462435fd25456f3354d97ba4a6e6fbd9651f3b60fe6e16df96457cb33776e8ccc20808b2ed6c76fc21c9b791fef09c0c45cd206ede46b6b246b8f38753d693f,08/19/2025 03:20:00 PM,2,PARKED,,2033046,,NISSAN,MURANO,IL,2010,UNKNOWN,SPORT UTILITY VEHICLE (SUV),UNKNOWN/NA,W,PARKED,,,0,,,,,,,,,,,,,,,,Y,,FRONT,,,,,,,,,,,,,,,,,,,,,,,,,,,,,,,,,
2132144,2d557c781c4c6ad3c6c5dd51f225af3b5c7652e34141e19043e49914ea3e77ac78a0164d29425f2070106d9a6b1e25beb3a6673355b345db5c7a056d58bcdaa2,08/19/2025 03:03:00 PM,1,DRIVER,,2032506,,FORD,OTHER (EXPLAIN IN NARRATIVE),IL,2012,UNKNOWN,PASSENGER,PERSONAL,S,STRAIGHT AHEAD,,,1,,,,,,,,,,Y,,,,,,,,REAR,,,,,,,,,,,,,,,,,,,,,,,,,,,,,,,,,
2132247,2d557c781c4c6ad3c6c5dd51f225af3b5c7652e34141e19043e49914ea3e77ac78a0164d29425f2070106d9a6b1e25beb3a6673355b345db5c7a056d58bcdaa2,08/19/2025 03:03:00 PM,2,PEDESTRIAN,,,,,,,,,,,,,,,,,,,,,,,,,,,,,,,,,,,,,,,,,,,,,,,,,,,,,,,,,,,,,,,,,,
2132071,0e0f99114abace0aaeb5ae6f3286fbfeac3f96ab7b4a07d385ccbf2d700eb6e42a402dd0350f2a588d851d1667b6d06c923451f8be935f7251af3e3abc6e7a8a,08/19/2025 03:00:00 PM,1,DRIVER,,2032431,,FORD,ESCAPE,IL,2022,UNKNOWN,PASSENGER,PERSONAL,N,STRAIGHT AHEAD,,,1,,,,,Y,,,,,,,,,,,,,FRONT-RIGHT-CORNER,,,,,,,,,,,,,,,,,,,,,,,,,,,,,,,,,
2132072,0e0f99114abace0aaeb5ae6f3286fbfeac3f96ab7b4a07d385ccbf2d700eb6e42a402dd0350f2a588d851d1667b6d06c923451f8be935f7251af3e3abc6e7a8a,08/19/2025 03:00:00 PM,2,PARKED,,2032434,,TOYOTA,RAV4,IL,2025,UNKNOWN,PASSENGER,PERSONAL,N,PARKED,,,0,,,,,,,,,,,Y,,,,,,,REAR-LEFT-CORNER,,,,,,,,,,,,,,,,,,,,,,,,,,,,,,,,,
2132576,2a30474f3c67e8cf9ef5d2d7bb1abfea9f9544e78a5a4f57df7eecaaeb722a8b4c80015cf23cf5f334f29be9e224c3c22a32ba27fa2fbaeff486988ea5d4a398,08/19/2025 03:00:00 PM,1,DRIVER,,2032930,,MITSUBISHI,OUTLANDER,FL,2021,UNKNOWN,PASSENGER,UNKNOWN/NA,N,STRAIGHT AHEAD,,,1,,,,,,,,,,,,,,,Y,,,FRONT-LEFT-CORNER,,,,,,,,,,,,,,,,,,,,,,,,,,,,,,,,,
2132577,2a30474f3c67e8cf9ef5d2d7bb1abfea9f9544e78a5a4f57df7eecaaeb722a8b4c80015cf23cf5f334f29be9e224c3c22a32ba27fa2fbaeff486988ea5d4a398,08/19/2025 03:00:00 PM,2,DRIVER,,2032940,,HYUNDAI,SONATA,IL,2022,UNKNOWN,UNKNOWN/NA,PERSONAL,N,STRAIGHT AHEAD,,,1,,,,,,,,,,,Y,Y,Y,,,,,REAR-LEFT-CORNER,,,,,,,,,,,,,,,,,,,,,,,,,,,,,,,,,
2132227,9b661a9fb7c0f7b141a1ef8813b5ca3c627f4be4326018ca3183d31ec167bdb2808836a7fcf3aa8ee216d7fe56214ff84aaf72e062d05ed08ba57ce8da4ee45c,08/19/2025 03:00:00 PM,1,DRIVER,,2032581,,UNKNOWN,OTHER (EXPLAIN IN NARRATIVE),IL,,NONE,PASSENGER,PERSONAL,UNKNOWN,STRAIGHT AHEAD,,,1,,,,,Y,Y,Y,Y,,,,,,,,,,SIDE-RIGHT,,,,,,,,,,,,,,,,,,,,,,,,,,,,,,,,,