CRASH_UNIT_ID,CRASH_RECORD_ID,CRASH_DATE,UNIT_NO,UNIT_TYPE,NUM_PASSENGERS,VEHICLE_ID,CMRC_VEH_I,MAKE,MODEL,LIC_PLATE_STATE,VEHICLE_YEAR,VEHICLE_DEFECT,VEHICLE_TYPE,VEHICLE_USE,TRAVEL_DIRECTION,MANEUVER,TOWED_I,FIRE_I,OCCUPANT_CNT,EXCEED_SPEED_LIMIT_I,TOWED_BY,TOWED_TO,AREA_00_I,AREA_01_I,AREA_02_I,AREA_03_I,AREA_04_I,AREA_05_I,AREA_06_I,AREA_07_I,AREA_08_I,AREA_09_I,AREA_10_I,AREA_11_I,AREA_12_I,AREA_99_I,FIRST_CONTACT_POINT,CMV_ID,USDOT_NO,CCMC_NO,ILCC_NO,COMMERCIAL_SRC,GVWR,CARRIER_NAME,CARRIER_STATE,CARRIER_CITY,HAZMAT_PLACARDS_I,HAZMAT_NAME,UN_NO,HAZMAT_PRESENT_I,HAZMAT_REPORT_I,HAZMAT_REPORT_NO,MCS_REPORT_I,MCS_REPORT_NO,HAZMAT_VIO_CAUSE_CRASH_I,MCS_VIO_CAUSE_CRASH_I,IDOT_PERMIT_NO,WIDE_LOAD_I,TRAILER1_WIDTH,TRAILER2_WIDTH,TRAILER1_LENGTH,TRAILER2_LENGTH,TOTAL_VEHICLE_LENGTH,AXLE_CNT,VEHICLE_CONFIG,CARGO_BODY_TYPE,LOAD_TYPE,HAZMAT_OUT_OF_SERVICE_I,MCS_OUT_OF_SERVICE_I,HAZMAT_CLASS
2132228,9b661a9fb7c0f7b141a1ef8813b5ca3c627f4be4326018ca3183d31ec167bdb2808836a7fcf3aa8ee216d7fe56214ff84aaf72e062d05ed08ba57ce8da4ee45c,08/19/2025 03:00:00 PM,2,DRIVER,,2032585,,HONDA,CR-V,IL,2020,NONE,PASSENGER,PERSONAL,UNKNOWN,STRAIGHT AHEAD,,,1,,,,,,,,,,,,Y,Y,Y,Y,,,SIDE-LEFT,,,,,,,,,,,,,,,,,,,,,,,,,,,,,,,,,
2132069,d4bac69f9dfdc6eed877b157923a644eb879ad3fd13f21d0019488f0d752b5d0bddb28ebcbcb668cc69c2e50a2e695035753c18e6ba140d4d85c914f1d5e4077,08/19/2025 03:00:00 PM,1,DRIVER,,2032433,,NISSAN,ALTIMA,IL,,UNKNOWN,PASSENGER,PERSONAL,S,OTHER,,,1,,,,,,,,,,,,,,,,,Y,UNKNOWN,,,,,,,,,,,,,,,,,,,,,,,,,,,,,,,,,
2132070,d4bac69f9dfdc6eed877b157923a644eb879ad3fd13f21d0019488f0d752b5d0bddb28ebcbcb668cc69c2e50a2e695035753c18e6ba140d4d85c914f1d5e4077,08/19/2025 03:00:00 PM,2,DRIVER,1,2032437,,SUBARU,OUTBACK,IL,,UNKNOWN,PASSENGER,PERSONAL,S,STRAIGHT AHEAD,,,2,,,,,Y,Y,Y,Y,,,,,,,,,,SIDE-RIGHT,,,,,,,,,,,,,,,,,,,,,,,,,,,,,,,,,
2132098,3a268230bf20295d502831b880ea0fe37061f81986794d24ee224e95b9dc668a52d57970bc561038afb857743411d3e4202204ca3d03a18ee87f567c285c6ae2,08/19/2025 02:55:00 PM,1,DRIVER,,2032488,,UNKNOWN,MOTORIZED,IL,,UNKNOWN,OTHER,UNKNOWN/NA,UNKNOWN,UNKNOWN/NA,,,1,,,,Y,,,,,,,,,,,,,,UNKNOWN,,,,,,,,,,,,,,,,,,,,,,,,,,,,,,,,,
2132099,3a268230bf20295d502831b880ea0fe37061f81986794d24ee224e95b9dc668a52d57970bc561038afb857743411d3e4202204ca3d03a18ee87f567c285c6ae2,08/19/2025 02:55:00 PM,2,DRIVER,,2032489,,UNKNOWN,MOTORIZED,IL,,UNKNOWN,OTHER,UNKNOWN/NA,UNKNOWN,UNKNOWN/NA,,,1,,,,Y,,,,,,,,,,,,,,UNKNOWN,,,,,,,,,,,,,,,,,,,,,,,,,,,,,,,,,
2132063,351c5986d6d6a6e39e810fe48d5ab26e3d4faa2fd8662e37bdb8fa94ace9eed13190e9c6a6ed77395aed7a0c603a3c31a86959af7a56d469b40dd44761b1a041,08/19/2025 02:52:00 PM,1,DRIVER,,2032427,,HONDA,ODYSSEY,IL,2006,NONE,VAN/MINI-VAN,PERSONAL,W,TURNING LEFT,,,1,,,,,Y,,,,,,,,,,Y,Y,,FRONT,,,,,,,,,,,,,,,,,,,,,,,,,,,,,,,,,
2132064,351c5986d6d6a6e39e810fe48d5ab26e3d4faa2fd8662e37bdb8fa94ace9eed13190e9c6a6ed77395aed7a0c603a3c31a86959af7a56d469b40dd44761b1a041,08/19/2025 02:52:00 PM,2,DRIVER,,2032432,,VOLVO,XC60,IL,2011,NONE,PASSENGER,PERSONAL,S,TURNING LEFT,,,1,,,,,,,,,,,,Y,Y,,,,,SIDE-LEFT,,,,,,,,,,,,,,,,,,,,,,,,,,,,,,,,,
2132054,3aebb4ef5f0e0ec5844e4b8e25c697e269f06bfcef815188cde964912e9be3397df5aca9371273873222765f4b3a8e9e460d8af0546340a826c092ae7ed5f419,08/19/2025 02:50:00 PM,1,DRIVER,,2032419,,LAND ROVER,LAND ROVER (SPORT),IL,2020,UNKNOWN,UNKNOWN/NA,UNKNOWN/NA,N,CHANGING LANES,,,1,,,,,,,,,,,,,,Y,Y,,,FRONT-LEFT-CORNER,,,,,,,,,,,,,,,,,,,,,,,,,,,,,,,,,
2132055,3aebb4ef5f0e0ec5844e4b8e25c697e269f06bfcef815188cde964912e9be3397df5aca9371273873222765f4b3a8e9e460d8af0546340a826c092ae7ed5f419,08/19/2025 02:50:00 PM,2,DRIVER,,2032421,,HYUNDAI,SONATA,IL,2017,UNKNOWN,UNKNOWN/NA,UNKNOWN/NA,N,STRAIGHT AHEAD,,,1,,,,,,,,Y,Y,,,,,,,,,SIDE-RIGHT-REAR,,,,,,,,,,,,,,,,,,,,,,,,,,,,,,,,,
2132091,70e36cd14f2ee066029a76d2f1b7340423fa489b7d001de18d9ebab3a30451eb0f50d1b9cc9ae8fbbc762a356c16cc7b7a18d8777bd6249f3083b33a97605d8a,08/19/2025 02:45:00 PM,1,DRIVER,,2032450,,CHEVROLET,OTHER (EXPLAIN IN NARRATIVE),IL,2017,NONE,PASSENGER,PERSONAL,S,STRAIGHT AHEAD,Y,,1,,,,,Y,,,,,,,,,,Y,Y,,FRONT,,,,,,,,,,,,,,,,,,,,,,,,,,,,,,,,,
2132092,70e36cd14f2ee066029a76d2f1b7340423fa489b7d001de18d9ebab3a30451eb0f50d1b9cc9ae8fbbc762a356c16cc7b7a18d8777bd6249f3083b33a97605d8a,08/19/2025 02:45:00 PM,2,DRIVER,,2032458,,SUBARU,OUTBACK,MN,2013,NONE,PASSENGER,PERSONAL,S,STRAIGHT AHEAD,,,1,,,,,,,,,,Y,,,,,,,,REAR,,,,,,,,,,,,,,,,,,,,,,,,,,,,,,,,,
2132067,87d783dd77591d780e6c0b0c6592b274694eb83bce9a398de834b1e70e92312011b52dbbaa84068adf874cd98e672e84979cf04ba4a21fb540dbbac96eb39f6b,08/19/2025 02:35:00 PM,1,DRIVER,,2032429,,TOYOTA,COROLLA,IL,2022,NONE,PASSENGER,PERSONAL,N,BACKING,,,1,,,,,,,,,Y,Y,Y,,,,,,Y,REAR,,,,,,,,,,,,,,,,,,,,,,,,,,,,,,,,,
2132068,87d783dd77591d780e6c0b0c6592b274694eb83bce9a398de834b1e70e92312011b52dbbaa84068adf874cd98e672e84979cf04ba4a21fb540dbbac96eb39f6b,08/19/2025 02:35:00 PM,2,DRIVER,,2032436,Y,FREIGHTLINER CORPORATION,FREIGHTLINER CORP.,IN,2017,NONE,TRUCK - SINGLE UNIT,COMMERCIAL - MULTI-UNIT,S,OTHER,,,1,,,,Y,,,,,,,,,,,,,Y,REAR,"22,033",,,,,,PENSKE TRUCK LEASING CO,PA,READING,,,,N,N,,U,,N,N,,,,,,,,,"SINGLE UNIT TRUCK, 2 AXLES, 6 TIRES",VAN/ENCLOSED BOX,UNKNOWN,N,N,
2132100,90c0a92fa9db12496bf117039863e843cbc3aa2b18b0e08ea182999aae1cd86544c087359f07d295734d31f02ec22036fe46c5abbe1affc14669156a7d89c441,08/19/2025 02:35:00 PM,1,DRIVER,,2032457,,TOYOTA,CAMRY,IL,2013,NONE,PASSENGER,PERSONAL,E,STRAIGHT AHEAD,Y,,1,,private,,,Y,,,,,,,,,,Y,Y,Y,FRONT,,,,,,,,,,,,,,,,,,,,,,,,,,,,,,,,,
2132101,90c0a92fa9db12496bf117039863e843cbc3aa2b18b0e08ea182999aae1cd86544c087359f07d295734d31f02ec22036fe46c5abbe1affc14669156a7d89c441,08/19/2025 02:35:00 PM,2,DRIVER,1,2032462,,TOYOTA,CAMRY,IL,2012,NONE,PASSENGER,RIDESHARE SERVICE,E,STRAIGHT AHEAD,,,2,,,,,,,,,Y,Y,Y,,,,,,Y,REAR,,,,,,,,,,,,,,,,,,,,,,,,,,,,,,,,,
2132126,02bfa038f7b3a73c2114cc0bf9834eb9c89765fdc149fa56eaf36dd9fff07690710964deffb3ae361a24e24d86ad1076def601ec67293b5c4e4129557be2acb4,08/19/2025 02:30:00 PM,1,DRIVER,,2032486,,NISSAN,ROGUE,IL,2010,UNKNOWN,SPORT UTILITY VEHICLE (SUV),PERSONAL,N,U-TURN,,,1,,,,,Y,,,,,,,,,,Y,Y,,FRONT,,,,,,,,,,,,,,,,,,,,,,,,,,,,,,,,,
2132127,02bfa038f7b3a73c2114cc0bf9834eb9c89765fdc149fa56eaf36dd9fff07690710964deffb3ae361a24e24d86ad1076def601ec67293b5c4e4129557be2acb4,08/19/2025 02:30:00 PM,2,DRIVER,1,2032490,,TOYOTA,COROLLA,IL,2016,UNKNOWN,PASSENGER,PERSONAL,S,STRAIGHT AHEAD,,,2,,,,,,,,,,,N,Y,Y,,,,,SIDE-LEFT,,,,,,,,,,,,,,,,,,,,,,,,,,,,,,,,,
2132073,6e3fdecce24d7bc0064b8c2857aa60c97ae3d95bef042de6dae023ba8460c64fac42297c6c348c564303e737042ed07092e0436a8fd51e3606c2e82bae170e9c,08/19/2025 02:30:00 PM,1,DRIVER,,2032439,,KIA,OPTIMA / K5,IL,2014,UNKNOWN,UNKNOWN/NA,UNKNOWN/NA,S,PASSING/OVERTAKING,,,1,,,,,N,,,,,,,,,,,,Y,SIDE-RIGHT,,,,,,,,,,,,,,,,,,,,,,,,,,,,,,,,,
2132074,6e3fdecce24d7bc0064b8c2857aa60c97ae3d95bef042de6dae023ba8460c64fac42297c6c348c564303e737042ed07092e0436a8fd51e3606c2e82bae170e9c,08/19/2025 02:30:00 PM,2,DRIVER,,2032460,,"MACK TRUCKS, INC.","MACK TRUCKS, INC.",IL,2014,UNKNOWN,UNKNOWN/NA,UNKNOWN/NA,S,STRAIGHT AHEAD,,,1,,,,,,,,,,,,Y,Y,Y,,,,SIDE-LEFT,,,,,,,,,,,,,,,,,,,,,,,,,,,,,,,,,
2132138,d7d1cc64d4d7c1442a6923f8e029d5322d6a5dc012fd7d5cf35a83df84a43545d850c77530d1d3591ba3f7003d3133b2c4bf49f081830919f0d3ce7ccdbad6e3,08/19/2025 02:30:00 PM,1,DRIVER,,2032498,,TOYOTA,COROLLA,FL,2025,NONE,PASSENGER,PERSONAL,S,STRAIGHT AHEAD,,,1,,,,,,,,,,,Y,,,,,,,SIDE-LEFT-REAR,,,,,,,,,,,,,,,,,,,,,,,,,,,,,,,,,
2132139,d7d1cc64d4d7c1442a6923f8e029d5322d6a5dc012fd7d5cf35a83df84a43545d850c77530d1d3591ba3f7003d3133b2c4bf49f081830919f0d3ce7ccdbad6e3,08/19/2025 02:30:00 PM,2,DRIVER,,2032510,,HONDA,CR-V,IL,2019,NONE,PASSENGER,PERSONAL,S,STRAIGHT AHEAD,,,1,,,,,Y,,,,,,,,,,,,,FRONT-RIGHT-CORNER,,,,,,,,,,,,,,,,,,,,,,,,,,,,,,,,,
2132040,df98d2df97905fd877e6295617d965e1624f70b17279b4964526b33af21d0cd2368abbf4bb17289cf769886179d2e0c5d2f3b3904a034f918a21942cd16b7285,08/19/2025 02:26:00 PM,1,DRIVER,,2032402,,JEEP,COMPASS,,2014,UNKNOWN,PASSENGER,PERSONAL,W,STRAIGHT AHEAD,,,1,,,,,,,,,,,,,,,,,,FRONT,,,,,,,,,,,,,,,,,,,,,,,,,,,,,,,,,
2132041,df98d2df97905fd877e6295617d965e1624f70b17279b4964526b33af21d0cd2368abbf4bb17289cf769886179d2e0c5d2f3b3904a034f918a21942cd16b7285,08/19/2025 02:26:00 PM,2,DRIVER,2,2032404,,CHEVROLET,SUBURBAN,,2023,UNKNOWN,PASSENGER,PERSONAL,W,STRAIGHT AHEAD,,,3,,,,,,,,,,,,,,,,,,REAR-RIGHT-CORNER,,,,,,,,,,,,,,,,,,,,,,,,,,,,,,,,,
2132677,cf4bdd14b142406b20e5a3b2466a00be671f768e78e3547fd4ce2b118312e3c24cd39b32c2f9e3bce771132f5234069448132e0f80d31d137f22cb3ad861f540,08/19/2025 02:25:00 PM,1,DRIVER,,2033010,,AUDI,Q5,IL,2012,UNKNOWN,SPORT UTILITY VEHICLE (SUV),PERSONAL,NW,TURNING LEFT,,,1,,,,,,,,,,,Y,,,,,,,SIDE-LEFT-REAR,,,,,,,,,,,,,,,,,,,,,,,,,,,,,,,,,
2132678,cf4bdd14b142406b20e5a3b2466a00be671f768e78e3547fd4ce2b118312e3c24cd39b32c2f9e3bce771132f5234069448132e0f80d31d137f22cb3ad861f540,08/19/2025 02:25:00 PM,2,DRIVER,,2033025,,MITSUBISHI,OUTLANDER,IL,2018,NONE,SPORT UTILITY VEHICLE (SUV),PERSONAL,N,STRAIGHT AHEAD,,,1,,,,,Y,Y,,,,,,,,,,Y,,FRONT-RIGHT-CORNER,,,,,,,,,,,,,,,,,,,,,,,,,,,,,,,,,
2132404,2e56a2b670c516f91d37d17deedab0d488e3e1ce02affa4d42afed90cac558939789a4e6a4dbc8c956b6dc2b9595413ee00160807ddab7c9d48025e23be7beb0,08/19/2025 02:24:00 PM,1,DRIVER,,2032750,,ACURA,ADX,IL,2022,UNKNOWN,PASSENGER,PERSONAL,W,CHANGING LANES,,,1,,,,,,,,,,,,,Y,Y,Y,,,FRONT-LEFT-CORNER,,,,,,,,,,,,,,,,,,,,,,,,,,,,,,,,,
2132405,2e56a2b670c516f91d37d17deedab0d488e3e1ce02affa4d42afed90cac558939789a4e6a4dbc8c956b6dc2b9595413ee00160807ddab7c9d48025e23be7beb0,08/19/2025 02:24:00 PM,2,DRIVER,,2032751,,VOLKSWAGEN,TIGUAN,IL,2019,UNKNOWN,PASSENGER,PERSONAL,W,STRAIGHT AHEAD,,,1,,,,,Y,Y,Y,Y,,,,,,,,,,SIDE-RIGHT,,,,,,,,,,,,,,,,,,,,,,,,,,,,,,,,,
2132161,6ccd546c6284cb84cf2fa8ad025e4c530b490bf2554f85bc89e80a8d9d85e4c750c3774e58477e370a27abd9cb9ab15005e8363cdb22f336e3b82855b16663cc,08/19/2025 02:20:00 PM,1,DRIVER,,2032521,,FREIGHTLINER CORPORATION,FREIGHTLINER CORP.,IL,2020,UNKNOWN,TRACTOR W/ SEMI-TRAILER,UNKNOWN/NA,S,TURNING LEFT,,,1,,,,,,,,,,,,,,,,,Y,REAR,,,,,,,,,,,,,,,,,,,,,,,,,,,,,,,,,
2132162,6ccd546c6284cb84cf2fa8ad025e4c530b490bf2554f85bc89e80a8d9d85e4c750c3774e58477e370a27abd9cb9ab15005e8363cdb22f336e3b82855b16663cc,08/19/2025 02:20:00 PM,2,PARKED,,2032527,,JEEP,WRANGLER,IL,2017,UNKNOWN,SPORT UTILITY VEHICLE (SUV),PERSONAL,S,PARKED,,,0,,,,,,,,,,,,,Y,Y,Y,,,SIDE-LEFT-FRONT,,,,,,,,,,,,,,,,,,,,,,,,,,,,,,,,,
2132120,2ad38dec4508e6f50266bc4f3f19e629a2ac348351ad6e26c3afcfb8bc76c5a2d7c82ff2dd8b02a945332a78eff252cf4330b8c36a74dbfd453ac2cc45e9ab43,08/19/2025 02:16:00 PM,1,DRIVER,,2032481,,CHEVROLET,IMPALA,IL,2017,UNKNOWN,PASSENGER,PERSONAL,SE,CHANGING LANES,,,1,,,,,,,,,,,,,,,,,,FRONT-RIGHT-CORNER,,,,,,,,,,,,,,,,,,,,,,,,,,,,,,,,,
2132121,2ad38dec4508e6f50266bc4f3f19e629a2ac348351ad6e26c3afcfb8bc76c5a2d7c82ff2dd8b02a945332a78eff252cf4330b8c36a74dbfd453ac2cc45e9ab43,08/19/2025 02:16:00 PM,2,DRIVER,,2032491,,HONDA,ODYSSEY,IL,2012,UNKNOWN,VAN/MINI-VAN,PERSONAL,S,STRAIGHT AHEAD,,,1,,,,,,,,,,,,,Y,Y,Y,,,SIDE-LEFT,,,,,,,,,,,,,,,,,,,,,,,,,,,,,,,,,
2132739,ed5a248ab04e4040f0d8c4dbcf60a4ddf85f865a16f3c8bbbe8477822a2d226e684d45b31ac3215ebf3abbde425aeffedb41d670df37a7c059306b1db175ff4e,08/19/2025 02:15:00 PM,1,DRIVER,,2033070,,CHEVROLET,CRUZE,IL,2011,UNKNOWN,PASSENGER,PERSONAL,UNKNOWN,CHANGING LANES,,,1,,,,,Y,Y,,,,,,,,,,,,FRONT-RIGHT-CORNER,,,,,,,,,,,,,,,,,,,,,,,,,,,,,,,,,
2132740,ed5a248ab04e4040f0d8c4dbcf60a4ddf85f865a16f3c8bbbe8477822a2d226e684d45b31ac3215ebf3abbde425aeffedb41d670df37a7c059306b1db175ff4e,08/19/2025 02:15:00 PM,2,DRIVER,,2033079,,BUICK,ENCORE,,2023,UNKNOWN,SPORT UTILITY VEHICLE (SUV),PERSONAL,UNKNOWN,STRAIGHT AHEAD,,,1,,,,,,,,,,,,,,Y,Y,,,FRONT-LEFT-CORNER,,,,,,,,,,,,,,,,,,,,,,,,,,,,,,,,,
2132122,c1dcdce4dec8ced7e520e278750075a6c28f63cc8e629d0d7746600947a9f6bdba5294f77a9bcbf5e966f82d0d9d886e66e30c5edae5d1dbd07ac0a405b3ed2e,08/19/2025 02:05:00 PM,1,DRIVER,,2032484,,MITSUBISHI,GALANT,IL,2012,NONE,PASSENGER,PERSONAL,N,TURNING RIGHT,,,1,,,,,Y,,,,,,,,,,,,,FRONT-RIGHT-CORNER,,,,,,,,,,,,,,,,,,,,,,,,,,,,,,,,,
2132123,c1dcdce4dec8ced7e520e278750075a6c28f63cc8e629d0d7746600947a9f6bdba5294f77a9bcbf5e966f82d0d9d886e66e30c5edae5d1dbd07ac0a405b3ed2e,08/19/2025 02:05:00 PM,2,DRIVER,,2032494,,HONDA,CIVIC,IL,2025,NONE,PASSENGER,PERSONAL,N,STRAIGHT AHEAD,,,1,,,,,,,,,,,,,,,Y,,,REAR-LEFT-CORNER,,,,,,,,,,,,,,,,,,,,,,,,,,,,,,,,,
2132065,cdd81b59e4031f9b52c9013fdf1e2f485841a96f42ddcbe28bfb5622673e278d12b782eaca61eab2b8ee4bc034550261e3541f9f6bcc984293686f248dc1a06b,08/19/2025 02:01:00 PM,1,DRIVER,,2032430,,JEEP,GRAND CHEROKEE,IL,2020,UNKNOWN,SPORT UTILITY VEHICLE (SUV),UNKNOWN/NA,N,STRAIGHT AHEAD,,,1,,,,,,,,,,,,,,,,Y,,FRONT,,,,,,,,,,,,,,,,,,,,,,,,,,,,,,,,,
2132066,cdd81b59e4031f9b52c9013fdf1e2f485841a96f42ddcbe28bfb5622673e278d12b782eaca61eab2b8ee4bc034550261e3541f9f6bcc984293686f248dc1a06b,08/19/2025 02:01:00 PM,2,DRIVER,,2032435,,FORD,FUSION,IL,2018,NONE,PASSENGER,PERSONAL,N,SLOW/STOP IN TRAFFIC,,,1,,,,,,,,,,Y,,,,,,,,REAR,,,,,,,,,,,,,,,,,,,,,,,,,,,,,,,,,
2132085,2cce185170d38a6859173b3ecdd982a7298ee73de26b20aa9426292aa237e996c4776cd255de1ea70db5f17563366075a9e5f280eadcfdeb5d9773740801f0d7,08/19/2025 02:00:00 PM,1,DRIVER,,2032442,,UNKNOWN,OTHER (EXPLAIN IN NARRATIVE),,,UNKNOWN,PASSENGER,PERSONAL,UNKNOWN,UNKNOWN/NA,,,1,,,,,,,,,,,,,,,,,Y,UNKNOWN,,,,,,,,,,,,,,,,,,,,,,,,,,,,,,,,,
2132086,2cce185170d38a6859173b3ecdd982a7298ee73de26b20aa9426292aa237e996c4776cd255de1ea70db5f17563366075a9e5f280eadcfdeb5d9773740801f0d7,08/19/2025 02:00:00 PM,2,PARKED,,2032444,,HONDA,CIVIC,IL,2012,NONE,PASSENGER,PERSONAL,UNKNOWN,PARKED,,,0,,,,,,,,,,Y,Y,Y,Y,,,,,SIDE-LEFT,,,,,,,,,,,,,,,,,,,,,,,,,,,,,,,,,
2132478,3b87904166c6410413e4d511bb75d835f379691174eeaac696b499bc36b7510ca568c13fe547e42bce6b8bfa906f8be0a65296bacbeb8370e04644ef5060c708,08/19/2025 02:00:00 PM,1,DRIVER,,2032836,,CHEVROLET,EXPRESS,IL,2004,NONE,VAN/MINI-VAN,PERSONAL,SE,BACKING,,,1,,,,,Y,,,,,,,,,,,,,FRONT-RIGHT-CORNER,,,,,,,,,,,,,,,,,,,,,,,,,,,,,,,,,
2132479,3b87904166c6410413e4d511bb75d835f379691174eeaac696b499bc36b7510ca568c13fe547e42bce6b8bfa906f8be0a65296bacbeb8370e04644ef5060c708,08/19/2025 02:00:00 PM,2,DRIVER,,2032821,,HONDA,ODYSSEY,IL,2006,NONE,SPORT UTILITY VEHICLE (SUV),PERSONAL,NW,TURNING LEFT,,,1,,,,,,,,,,,,,Y,,,,,SIDE-LEFT,,,,,,,,,,,,,,,,,,,,,,,,,,,,,,,,,
2132140,8cffc26f00e76ea05f634a2da5f10f1183200b2eaaab0bd92fdfe2a7b6bfa4f6315c7ae341c1ee9728475b6da425ee3363306de8f48fade0cc751b5e9ca15e94,08/19/2025 02:00:00 PM,1,DRIVER,,2032508,,HYUNDAI,ELANTRA,IL,2010,NONE,OTHER,PERSONAL,E,STRAIGHT AHEAD,,,1,,,,,Y,,,,,,,,,,N,,,FRONT-RIGHT-CORNER,,,,,,,,,,,,,,,,,,,,,,,,,,,,,,,,,
2132141,8cffc26f00e76ea05f634a2da5f10f1183200b2eaaab0bd92fdfe2a7b6bfa4f6315c7ae341c1ee9728475b6da425ee3363306de8f48fade0cc751b5e9ca15e94,08/19/2025 02:00:00 PM,2,DRIVER,,2032499,,HYUNDAI,SONATA,IL,2013,NONE,PASSENGER,PERSONAL,N,STRAIGHT AHEAD,,,1,,,,,,,,,Y,Y,Y,,,,,,,REAR-LEFT-CORNER,,,,,,,,,,,,,,,,,,,,,,,,,,,,,,,,,
2132350,0171dc7c619361c9c7f1d9d56521a849b4d2ef31f9ed7b97cba2d309ebdeed06f8094fe16cf66e2f6e18a76efd60a84f27c6f7915d026b759667597aa6a7d93e,08/19/2025 01:50:00 PM,1,DRIVER,,2032710,,INTERNATIONAL TRAILER CORPORATION,OTHER (EXPLAIN IN NARRATIVE),IL,,UNKNOWN,TRUCK - SINGLE UNIT,CONSTRUCTION/MAINTENANCE,W,BACKING,,,1,,,,Y,,,,,N,N,N,,,,,,,NONE,,,,,,,,,,,,,,,,,,,,,,,,,,,,,,,,,
2132351,0171dc7c619361c9c7f1d9d56521a849b4d2ef31f9ed7b97cba2d309ebdeed06f8094fe16cf66e2f6e18a76efd60a84f27c6f7915d026b759667597aa6a7d93e,08/19/2025 01:50:00 PM,2,DRIVER,,2032713,,HONDA,CIVIC,IL,2018,UNKNOWN,PASSENGER,PERSONAL,S,STRAIGHT AHEAD,,,1,,,,,,,,,Y,Y,Y,,,,,,,REAR-RIGHT-CORNER,,,,,,,,,,,,,,,,,,,,,,,,,,,,,,,,,
2132081,c731afb617da21f98dfb07792f69d61aaa6817640d5f75cfc8f2a43a3c4e0200d2956f58f36ca19f7679766ba77ec346c26a4ed14e4a1c16dde51e36db1de01a,08/19/2025 01:40:00 PM,1,DRIVER,,2032449,,JEEP,JEEP,IL,,NONE,SPORT UTILITY VEHICLE (SUV),PERSONAL,E,BACKING,,,1,,,,,,,,,,,,,,,,,Y,UNKNOWN,,,,,,,,,,,,,,,,,,,,,,,,,,,,,,,,,
2132082,c731afb617da21f98dfb07792f69d61aaa6817640d5f75cfc8f2a43a3c4e0200d2956f58f36ca19f7679766ba77ec346c26a4ed14e4a1c16dde51e36db1de01a,08/19/2025 01:40:00 PM,2,DRIVER,2,2032445,,TOYOTA,PRIUS,IL,2009,NONE,PASSENGER,PERSONAL,S,SLOW/STOP IN TRAFFIC,,,3,,,,,,,,,,,Y,,,,,,,REAR-LEFT-CORNER,,,,,,,,,,,,,,,,,,,,,,,,,,,,,,,,,
2137884,58ef7be0a5fe8fbdc339c8a6cc78cccb5aff5ae9c890adde90199bcf766ef6511afddce30163107b452ffc9592857a2a664f01ce0e1d1aea43ce4861be63f0df,08/19/2025 01:38:00 PM,1,DRIVER,,2037987,,AUDI,Q3,IL,2016,UNKNOWN,UNKNOWN/NA,UNKNOWN/NA,SE,CHANGING LANES,,,1,,,,,,,,,,,,,,,,,Y,REAR-RIGHT-CORNER,,,,,,,,,,,,,,,,,,,,,,,,,,,,,,,,,
2137885,58ef7be0a5fe8fbdc339c8a6cc78cccb5aff5ae9c890adde90199bcf766ef6511afddce30163107b452ffc9592857a2a664f01ce0e1d1aea43ce4861be63f0df,08/19/2025 01:38:00 PM,2,DRIVER,,2037988,N,NEW FLYER,OTHER (EXPLAIN IN NARRATIVE),IL,2008,UNKNOWN,BUS OVER 15 PASS.,CTA,S,STRAIGHT AHEAD,,,1,,,,Y,,,,,,,,,,,,,,FRONT-LEFT-CORNER,,,,,,,,,,,,,,,,,,,,,,,,,,,,,,,,,
2131993,5e6d102d37a91c3bcb444b9d2f428606084eebe48a92b93358d64d3ae23772b50a4063c5ce128d67fbb87bf7292d37660099c163c64be74bed06fbfdc6ce4517,08/19/2025 01:35:00 PM,1,DRIVER,,2032367,,CHEVROLET,COBALT,IL,2009,UNKNOWN,PASSENGER,PERSONAL,W,STRAIGHT AHEAD,,,1,,,,,Y,,,,,,,,,,,Y,,FRONT-LEFT-CORNER,,,,,,,,,,,,,,,,,,,,,,,,,,,,,,,,,
2131994,5e6d102d37a91c3bcb444b9d2f428606084eebe48a92b93358d64d3ae23772b50a4063c5ce128d67fbb87bf7292d37660099c163c64be74bed06fbfdc6ce4517,08/19/2025 01:35:00 PM,2,DRIVER,,2032374,,JEEP,CHEROKEE,IL,2016,UNKNOWN,SPORT UTILITY VEHICLE (SUV),PERSONAL,S,STRAIGHT AHEAD,,,1,,,,,,,,,,,,,,,Y,Y,,FRONT-LEFT-CORNER,,,,,,,,,,,,,,,,,,,,,,,,,,,,,,,,,
2132106,204bd4441ac1ec01a163034fd14a675f409dbd602878c4e35dc2b120b96f6552ed289a59bbd951450b1e4f132eb452c670452c6147d8e29f5f60ec81853270e8,08/19/2025 01:30:00 PM,1,DRIVER,,2032474,,LEXUS,RX350,IL,2019,UNKNOWN,SPORT UTILITY VEHICLE (SUV),UNKNOWN/NA,N,CHANGING LANES,,,1,,,,,,,,,,N,,,,,,Y,,FRONT,,,,,,,,,,,,,,,,,,,,,,,,,,,,,,,,,
2132107,204bd4441ac1ec01a163034fd14a675f409dbd602878c4e35dc2b120b96f6552ed289a59bbd951450b1e4f132eb452c670452c6147d8e29f5f60ec81853270e8,08/19/2025 01:30:00 PM,2,DRIVER,1,2032479,,FORD,F150,IL,2008,UNKNOWN,PICKUP,UNKNOWN/NA,N,STRAIGHT AHEAD,,,2,,,,,,,,,,Y,,,,,,,,REAR,,,,,,,,,,,,,,,,,,,,,,,,,,,,,,,,,