CRASH_UNIT_ID,CRASH_RECORD_ID,CRASH_DATE,UNIT_NO,UNIT_TYPE,NUM_PASSENGERS,VEHICLE_ID,CMRC_VEH_I,MAKE,MODEL,LIC_PLATE_STATE,VEHICLE_YEAR,VEHICLE_DEFECT,VEHICLE_TYPE,VEHICLE_USE,TRAVEL_DIRECTION,MANEUVER,TOWED_I,FIRE_I,OCCUPANT_CNT,EXCEED_SPEED_LIMIT_I,TOWED_BY,TOWED_TO,AREA_00_I,AREA_01_I,AREA_02_I,AREA_03_I,AREA_04_I,AREA_05_I,AREA_06_I,AREA_07_I,AREA_08_I,AREA_09_I,AREA_10_I,AREA_11_I,AREA_12_I,AREA_99_I,FIRST_CONTACT_POINT,CMV_ID,USDOT_NO,CCMC_NO,ILCC_NO,COMMERCIAL_SRC,GVWR,CARRIER_NAME,CARRIER_STATE,CARRIER_CITY,HAZMAT_PLACARDS_I,HAZMAT_NAME,UN_NO,HAZMAT_PRESENT_I,HAZMAT_REPORT_I,HAZMAT_REPORT_NO,MCS_REPORT_I,MCS_REPORT_NO,HAZMAT_VIO_CAUSE_CRASH_I,MCS_VIO_CAUSE_CRASH_I,IDOT_PERMIT_NO,WIDE_LOAD_I,TRAILER1_WIDTH,TRAILER2_WIDTH,TRAILER1_LENGTH,TRAILER2_LENGTH,TOTAL_VEHICLE_LENGTH,AXLE_CNT,VEHICLE_CONFIG,CARGO_BODY_TYPE,LOAD_TYPE,HAZMAT_OUT_OF_SERVICE_I,MCS_OUT_OF_SERVICE_I,HAZMAT_CLASS
2132042,dcf2e861c1b1b283b04b317443b697d2f370d7ccb3c51210b706340af490dd42fd5941e7bf8280eea6e6eb512686e1d2141d8a969fe15b48c765bf11c54bbdcb,08/19/2025 01:30:00 PM,1,DRIVER,,2032407,,FORD,ESCAPE,IL,2019,UNKNOWN,SPORT UTILITY VEHICLE (SUV),PERSONAL,UNKNOWN,STRAIGHT AHEAD,,,1,,,,,,,,,,,,,,Y,Y,Y,,FRONT-LEFT-CORNER,,,,,,,,,,,,,,,,,,,,,,,,,,,,,,,,,
2132043,dcf2e861c1b1b283b04b317443b697d2f370d7ccb3c51210b706340af490dd42fd5941e7bf8280eea6e6eb512686e1d2141d8a969fe15b48c765bf11c54bbdcb,08/19/2025 01:30:00 PM,2,DRIVER,,2032411,,VOLKSWAGEN,PASSAT,IL,2017,UNKNOWN,PASSENGER,PERSONAL,UNKNOWN,STRAIGHT AHEAD,,,1,,,,,,Y,Y,Y,Y,,,,,,,,,SIDE-RIGHT,,,,,,,,,,,,,,,,,,,,,,,,,,,,,,,,,
2132075,c43f7226afcfcf85246eeefb8b9ea656fe3b43332853657901958dcbde5e6fd1c2380239624767ddb98deed1d65d795123a4df2567dd62943069c25f54df2860,08/19/2025 01:20:00 PM,1,DRIVER,,2032443,,MERCEDES-BENZ,EQB,IL,2023,NONE,PASSENGER,PERSONAL,W,TURNING LEFT,Y,,1,,UNIVERSAL TOWING,7740 S SOUTH CHICAGO,,Y,,,,,,,,,,Y,Y,,FRONT,,,,,,,,,,,,,,,,,,,,,,,,,,,,,,,,,
2132076,c43f7226afcfcf85246eeefb8b9ea656fe3b43332853657901958dcbde5e6fd1c2380239624767ddb98deed1d65d795123a4df2567dd62943069c25f54df2860,08/19/2025 01:20:00 PM,2,DRIVER,1,2032454,,NISSAN,ALTIMA,IL,2009,NONE,PASSENGER,PERSONAL,S,STRAIGHT AHEAD,Y,,2,,KAR KARE,7260 S SOUTH CHICAGO,,Y,,,,,,,,,,Y,Y,,FRONT,,,,,,,,,,,,,,,,,,,,,,,,,,,,,,,,,
2132034,4d6f9f199f12c2aac4aa7258dcc3bc9542a7593c133517243c561d06111b0bafa3030d08b05d9f8cff500d537fb81424dc48385f47b281bb235b694f6dcb72b1,08/19/2025 01:05:00 PM,1,DRIVER,,2032391,,UNKNOWN,MOTORIZED,IL,,UNKNOWN,UNKNOWN/NA,UNKNOWN/NA,E,STRAIGHT AHEAD,,,1,,,,,,,,,,,,,,,,,,SIDE-RIGHT,,,,,,,,,,,,,,,,,,,,,,,,,,,,,,,,,
2132035,4d6f9f199f12c2aac4aa7258dcc3bc9542a7593c133517243c561d06111b0bafa3030d08b05d9f8cff500d537fb81424dc48385f47b281bb235b694f6dcb72b1,08/19/2025 01:05:00 PM,2,DRIVER,,2032398,,HONDA,CIVIC,IL,2025,UNKNOWN,PASSENGER,PERSONAL,E,SLOW/STOP IN TRAFFIC,,,1,,,,,,,,,,,,,,,,,,SIDE-LEFT,,,,,,,,,,,,,,,,,,,,,,,,,,,,,,,,,
2132009,0d30d6575cb7c9c7aeb8fa16e1822abcab073200d6143630909960d3846bf201fd0b4644a551b5161ed28cf9cc480b248eccdfb7f3f80d925bce6326c7d55e73,08/19/2025 01:03:00 PM,1,DRIVER,,2032379,,FORD,EXPLORER,IL,2011,UNKNOWN,SPORT UTILITY VEHICLE (SUV),PERSONAL,N,STRAIGHT AHEAD,Y,,1,,State farm,Personal location,,Y,,,,,,,,,,Y,Y,,FRONT,,,,,,,,,,,,,,,,,,,,,,,,,,,,,,,,,
2132010,0d30d6575cb7c9c7aeb8fa16e1822abcab073200d6143630909960d3846bf201fd0b4644a551b5161ed28cf9cc480b248eccdfb7f3f80d925bce6326c7d55e73,08/19/2025 01:03:00 PM,2,DRIVER,,2032385,,HONDA,PILOT,IL,2011,UNKNOWN,SPORT UTILITY VEHICLE (SUV),PERSONAL,N,SLOW/STOP IN TRAFFIC,Y,,1,,State farm,Personal location,,,,,,,,,,,,,,,REAR,,,,,,,,,,,,,,,,,,,,,,,,,,,,,,,,,
2132011,0d30d6575cb7c9c7aeb8fa16e1822abcab073200d6143630909960d3846bf201fd0b4644a551b5161ed28cf9cc480b248eccdfb7f3f80d925bce6326c7d55e73,08/19/2025 01:03:00 PM,3,DRIVER,1,2032390,,VOLVO,XC60,IL,2014,UNKNOWN,SPORT UTILITY VEHICLE (SUV),PERSONAL,N,SLOW/STOP IN TRAFFIC,,,2,,,,,,,,,Y,Y,Y,,,,,,,REAR,,,,,,,,,,,,,,,,,,,,,,,,,,,,,,,,,
2132022,216acd60149191325197bdfa5494c0315eb8e95822017ca6fe3e7e8970f891cb9527779252958423f785b759aa063fee115cd0e613254576f3bc88c8d31501b7,08/19/2025 01:00:00 PM,1,DRIVER,,2032417,,VOLKSWAGEN,BEETLE,IL,2015,NONE,PASSENGER,PERSONAL,S,STRAIGHT AHEAD,,,1,,,,,,,,,,,,,Y,Y,,,,SIDE-LEFT,,,,,,,,,,,,,,,,,,,,,,,,,,,,,,,,,
2132023,216acd60149191325197bdfa5494c0315eb8e95822017ca6fe3e7e8970f891cb9527779252958423f785b759aa063fee115cd0e613254576f3bc88c8d31501b7,08/19/2025 01:00:00 PM,2,DRIVER,,2032422,,LINCOLN,NAVIGATOR,IL,2022,NONE,SPORT UTILITY VEHICLE (SUV),PERSONAL,S,STRAIGHT AHEAD,,,1,,,,,,,Y,Y,,,,,,,,,,SIDE-RIGHT,,,,,,,,,,,,,,,,,,,,,,,,,,,,,,,,,
2132061,cc20d12671a127824174f103700b2e844275fb8ffd28477fd5e9787c1e2863a8e6e0ce1b8827f5445b4e883d23666300a115d89bf238a03576a9cb6d36416fb1,08/19/2025 01:00:00 PM,1,DRIVER,,2032423,,CHEVROLET,TRAVERSE,IL,2017,NONE,SPORT UTILITY VEHICLE (SUV),PERSONAL,S,BACKING,,,1,,,,,,,,,,,Y,Y,Y,Y,Y,,,SIDE-LEFT,,,,,,,,,,,,,,,,,,,,,,,,,,,,,,,,,
2132062,cc20d12671a127824174f103700b2e844275fb8ffd28477fd5e9787c1e2863a8e6e0ce1b8827f5445b4e883d23666300a115d89bf238a03576a9cb6d36416fb1,08/19/2025 01:00:00 PM,2,PARKED,,2032426,,CHEVROLET,TRAX,IL,2017,NONE,SPORT UTILITY VEHICLE (SUV),PERSONAL,N,PARKED,,,0,,,,,Y,Y,Y,Y,Y,,,,,,,,,SIDE-RIGHT,,,,,,,,,,,,,,,,,,,,,,,,,,,,,,,,,
2132018,eb75a3a76c28af0abf46f6067873ffc1d05c43afe6153360dd506ce2365dd89808758059f1566acd3bf7d7841451a5142c9f39cf02438c35a2d1724045bead5c,08/19/2025 01:00:00 PM,1,DRIVER,1,2032856,,HONDA,ACCORD,,2004,UNKNOWN,PASSENGER,UNKNOWN/NA,UNKNOWN,STRAIGHT AHEAD,,,2,,,,,Y,,,,,,,,,,Y,Y,,FRONT,,,,,,,,,,,,,,,,,,,,,,,,,,,,,,,,,
2132019,eb75a3a76c28af0abf46f6067873ffc1d05c43afe6153360dd506ce2365dd89808758059f1566acd3bf7d7841451a5142c9f39cf02438c35a2d1724045bead5c,08/19/2025 01:00:00 PM,2,DRIVER,,2032903,,NISSAN,OTHER (EXPLAIN IN NARRATIVE),IL,2021,UNKNOWN,PASSENGER,UNKNOWN/NA,UNKNOWN,TURNING LEFT,,,1,,,,,,,,,,,,,Y,Y,Y,,,SIDE-LEFT-FRONT,,,,,,,,,,,,,,,,,,,,,,,,,,,,,,,,,
2132014,f567efa7eb96ca142d7bd1bfba8ba2bb3794dc1c298eb4e580e7c7b23f1e3f96a2dd62e895db0284a4ca78b40fbd05085bc972b16de02e08af39c56e8fcb7465,08/19/2025 12:58:00 PM,1,DRIVER,,2032381,,CHEVROLET,OTHER (EXPLAIN IN NARRATIVE),IL,2015,UNKNOWN,PASSENGER,PERSONAL,S,STRAIGHT AHEAD,,,1,,,,,,,,,,,,,,,,,,FRONT,,,,,,,,,,,,,,,,,,,,,,,,,,,,,,,,,
2132015,f567efa7eb96ca142d7bd1bfba8ba2bb3794dc1c298eb4e580e7c7b23f1e3f96a2dd62e895db0284a4ca78b40fbd05085bc972b16de02e08af39c56e8fcb7465,08/19/2025 12:58:00 PM,2,DRIVER,,2032386,,BMW,M-5,IL,2023,NONE,PASSENGER,PERSONAL,E,STRAIGHT AHEAD,,,1,,,,,,,,,,,,,N,Y,Y,,,FRONT-LEFT-CORNER,,,,,,,,,,,,,,,,,,,,,,,,,,,,,,,,,
2132304,1f5cf7673fb00f737a2476c1709968af843aa377c69e50c4d1e494418599bb117592360f7a14c89937a35c5d90bbc5843d33b053ea1fe91974f0fed8b206b6e6,08/19/2025 12:50:00 PM,1,DRIVER,,2032655,,FORD,FOCUS,IL,2014,UNKNOWN,PASSENGER,UNKNOWN/NA,W,U-TURN,,,1,,,,,,,,,,,,Y,Y,Y,,,,SIDE-LEFT,,,,,,,,,,,,,,,,,,,,,,,,,,,,,,,,,
2132305,1f5cf7673fb00f737a2476c1709968af843aa377c69e50c4d1e494418599bb117592360f7a14c89937a35c5d90bbc5843d33b053ea1fe91974f0fed8b206b6e6,08/19/2025 12:50:00 PM,2,DRIVER,,2032658,,CHEVROLET,TRAVERSE,IL,2011,NONE,SPORT UTILITY VEHICLE (SUV),PERSONAL,W,STRAIGHT AHEAD,,,1,,,,,Y,,,,,,,,,,Y,Y,,FRONT,,,,,,,,,,,,,,,,,,,,,,,,,,,,,,,,,
2131997,1fcd911a15d4c602c96cd8902086801107aee046d519998b6f96e5014436cdb88d563c4ae7d51022283dc50fcd464f000a771bdddbb4177500b1dee211193122,08/19/2025 12:50:00 PM,1,DRIVER,,2032365,,CHRYSLER,TOWN & COUNTRY,IL,2010,UNKNOWN,UNKNOWN/NA,UNKNOWN/NA,N,STRAIGHT AHEAD,,,1,,,,,Y,,,,,,,,,,Y,Y,,FRONT,,,,,,,,,,,,,,,,,,,,,,,,,,,,,,,,,
2131998,1fcd911a15d4c602c96cd8902086801107aee046d519998b6f96e5014436cdb88d563c4ae7d51022283dc50fcd464f000a771bdddbb4177500b1dee211193122,08/19/2025 12:50:00 PM,2,DRIVER,,2032375,,CHEVROLET,TRAX,IL,2025,NONE,SPORT UTILITY VEHICLE (SUV),PERSONAL,N,STRAIGHT AHEAD,,,1,,,,,,,,,Y,Y,Y,,,,,,,REAR,,,,,,,,,,,,,,,,,,,,,,,,,,,,,,,,,
2132048,971ca07708736c70ea2790e9900c291501a147c5c5e3504e675f429f2774a85e2bccbb5f9700fbf5488754c9c67c7467065f919e256a625a6640860eda8cfa2c,08/19/2025 12:50:00 PM,1,DRIVER,,2032414,,"MACK TRUCKS, INC.",OTHER (EXPLAIN IN NARRATIVE),,2015,UNKNOWN,TRACTOR W/O SEMI-TRAILER,OTHER,UNKNOWN,TURNING LEFT,,,1,,,,,,,,,,,,,,,,,Y,UNKNOWN,,,,,,,,,,,,,,,,,,,,,,,,,,,,,,,,,
2132049,971ca07708736c70ea2790e9900c291501a147c5c5e3504e675f429f2774a85e2bccbb5f9700fbf5488754c9c67c7467065f919e256a625a6640860eda8cfa2c,08/19/2025 12:50:00 PM,2,PARKED,,2032416,,UNKNOWN,OTHER (EXPLAIN IN NARRATIVE),IL,2018,UNKNOWN,OTHER,AMBULANCE,UNKNOWN,PARKED,,,0,,,,,,,,,,,Y,,,,,,,SIDE-LEFT-REAR,,,,,,,,,,,,,,,,,,,,,,,,,,,,,,,,,
2132036,ce13dcc9c933e299b503d0422037533eeb5e88957df08ec9dc555adcb65c43689532762966c4db4e956707595cfe2980af61d0f08bea44b77db6fe2c4b604116,08/19/2025 12:50:00 PM,1,DRIVER,,2032396,,KIA,OPTIMA / K5,IL,2018,UNKNOWN,PASSENGER,OTHER,S,STRAIGHT AHEAD,,,1,,,,,Y,,,,,,,,,,Y,Y,,FRONT,,,,,,,,,,,,,,,,,,,,,,,,,,,,,,,,,
2132037,ce13dcc9c933e299b503d0422037533eeb5e88957df08ec9dc555adcb65c43689532762966c4db4e956707595cfe2980af61d0f08bea44b77db6fe2c4b604116,08/19/2025 12:50:00 PM,2,PARKED,,2032401,,HYUNDAI,ELANTRA,IL,2015,UNKNOWN,PASSENGER,PERSONAL,S,PARKED,,,0,,,,,,,,,Y,Y,Y,,,,,,,REAR,,,,,,,,,,,,,,,,,,,,,,,,,,,,,,,,,
2132005,8bd1729ea5edb89b6a4dca3ec386e3a323e4a9a9d1c05d0dd50ba094157d36273c976b6d269e5e7e8eb7db917ceb729e666be7643851415475462046841152f3,08/19/2025 12:47:00 PM,1,DRIVER,,2032377,,UNKNOWN,OTHER (EXPLAIN IN NARRATIVE),,,UNKNOWN,UNKNOWN/NA,CTA,S,UNKNOWN/NA,,,1,,,,,,,,,,,,,,,,,Y,UNKNOWN,,,,,,,,,,,,,,,,,,,,,,,,,,,,,,,,,
2132008,8bd1729ea5edb89b6a4dca3ec386e3a323e4a9a9d1c05d0dd50ba094157d36273c976b6d269e5e7e8eb7db917ceb729e666be7643851415475462046841152f3,08/19/2025 12:47:00 PM,2,PEDESTRIAN,,,,,,,,,,,,,,,,,,,,,,,,,,,,,,,,,,,,,,,,,,,,,,,,,,,,,,,,,,,,,,,,,,
2132003,0777e6634807bbff2b048146fc4ec5fea844f5c82faf0d26d3244b0bdde47f31c9c369f76d4b30d26614cc731f541aabc91e6341a4f02c8db03f93af08351415,08/19/2025 12:30:00 PM,1,DRIVER,,2032372,,DODGE,POWER RAM,KY,2016,UNKNOWN,SINGLE UNIT TRUCK WITH TRAILER,PERSONAL,SE,TURNING RIGHT,,,1,,,,,,,,Y,Y,,,,,,,,,SIDE-RIGHT-REAR,,,,,,,,,,,,,,,,,,,,,,,,,,,,,,,,,
2132004,0777e6634807bbff2b048146fc4ec5fea844f5c82faf0d26d3244b0bdde47f31c9c369f76d4b30d26614cc731f541aabc91e6341a4f02c8db03f93af08351415,08/19/2025 12:30:00 PM,2,DRIVER,,2032376,,FORD,EXPLORER,IL,2025,UNKNOWN,PASSENGER,PERSONAL,SE,TURNING RIGHT,,,1,,,,,,,,,,,,,Y,Y,Y,,,FRONT-LEFT-CORNER,,,,,,,,,,,,,,,,,,,,,,,,,,,,,,,,,
2132517,420e248a2f7cfb998d269f171937497878119ae7d2d3084458b6753f99f5b2a220397b63624b4358bd6674b738e5feb6403d514dcdb74bcfc32967e93fb50325,08/19/2025 12:30:00 PM,1,DRIVER,,2032853,,UNKNOWN,OTHER (EXPLAIN IN NARRATIVE),,,UNKNOWN,UNKNOWN/NA,UNKNOWN/NA,UNKNOWN,UNKNOWN/NA,,,1,,,,,,,,,,,,,,,,,Y,UNKNOWN,,,,,,,,,,,,,,,,,,,,,,,,,,,,,,,,,
2132524,420e248a2f7cfb998d269f171937497878119ae7d2d3084458b6753f99f5b2a220397b63624b4358bd6674b738e5feb6403d514dcdb74bcfc32967e93fb50325,08/19/2025 12:30:00 PM,2,PARKED,,2032863,,MAZDA,CX-5,,2025,NONE,PASSENGER,PERSONAL,UNKNOWN,PARKED,,,0,,,,,,,,,,,,,,,Y,,,FRONT-LEFT-CORNER,,,,,,,,,,,,,,,,,,,,,,,,,,,,,,,,,
2132128,595b633104d51bdb99e4249676367f33920161ef4f22631099c761562c4efa5b30c6da5ee0170bf0460c79c1b8a0b502502c7caf82f623ff3cf2b5a788d4363a,08/19/2025 12:30:00 PM,1,DRIVER,,2032482,,BMW,OTHER (EXPLAIN IN NARRATIVE),,,UNKNOWN,PASSENGER,UNKNOWN/NA,E,STRAIGHT AHEAD,,,1,,,,,,,,,,,,,,,,,Y,FRONT,,,,,,,,,,,,,,,,,,,,,,,,,,,,,,,,,
2132129,595b633104d51bdb99e4249676367f33920161ef4f22631099c761562c4efa5b30c6da5ee0170bf0460c79c1b8a0b502502c7caf82f623ff3cf2b5a788d4363a,08/19/2025 12:30:00 PM,2,DRIVER,,2032487,,CHEVROLET,SILVERADO,,,UNKNOWN,PICKUP,UNKNOWN/NA,E,TURNING RIGHT,,,1,,,,,Y,,,,,,,,,,Y,Y,,FRONT,,,,,,,,,,,,,,,,,,,,,,,,,,,,,,,,,
2134780,cf4b156e4e6883ffdabb33fd9e45da083e2fa30ff67d84f836e18ff1974da144b643904de11aea331965d866e90539651d966a39e1e5a31cf0202ef995ceae79,08/19/2025 12:30:00 PM,1,DRIVER,,2035037,Y,INTERNATIONAL HARVESTER,INTERNATIONAL HARVESTER,IL,2024,NONE,OTHER,COMMERCIAL - SINGLE UNIT,E,STRAIGHT AHEAD,,,1,,,,,,,Y,,,,,,,,,,,SIDE-RIGHT,"22,060",159739,,,DRIVER,3,DBA BORDER STATES INDUSTRIES,IL,CHICAGO,,,,N,N,,N,,N,N,,,,,,,,2,"SINGLE UNIT TRUCK, 2 AXLES, 6 TIRES",VAN/ENCLOSED BOX,UNKNOWN,N,N,
2134781,cf4b156e4e6883ffdabb33fd9e45da083e2fa30ff67d84f836e18ff1974da144b643904de11aea331965d866e90539651d966a39e1e5a31cf0202ef995ceae79,08/19/2025 12:30:00 PM,2,DRIVER,,2035041,,TOYOTA,RAV4,IL,2018,NONE,SPORT UTILITY VEHICLE (SUV),PERSONAL,E,STRAIGHT AHEAD,,,1,,,,,,,,,,,Y,Y,Y,Y,Y,,,SIDE-LEFT,,,,,,,,,,,,,,,,,,,,,,,,,,,,,,,,,
2131999,e70dc843563ab9577ce8c9b21e908657d0e722a1227c0763a84aa1a9976a677db35c8c2f97c30d45011da89d16f47a40700823e5ccbb8eb80df6bf49bf5499e6,08/19/2025 12:30:00 PM,1,DRIVER,,2032384,,HONDA,ACCORD,IL,2017,UNKNOWN,PASSENGER,PERSONAL,UNKNOWN,STRAIGHT AHEAD,,,1,,,,,,,Y,Y,,,,,,,,,,SIDE-RIGHT,,,,,,,,,,,,,,,,,,,,,,,,,,,,,,,,,
2132000,e70dc843563ab9577ce8c9b21e908657d0e722a1227c0763a84aa1a9976a677db35c8c2f97c30d45011da89d16f47a40700823e5ccbb8eb80df6bf49bf5499e6,08/19/2025 12:30:00 PM,2,DRIVER,,2032373,,CHEVROLET,SILVERADO,IL,2006,UNKNOWN,PICKUP,PERSONAL,UNKNOWN,OTHER,,,1,,,,,,,,,,,,,,Y,Y,Y,,FRONT-LEFT-CORNER,,,,,,,,,,,,,,,,,,,,,,,,,,,,,,,,,
2132165,b012ba26d1feb0019fb2620c82ec0d3f45408b65ef97815740f6ecff065bd25c0e014bc8ff8c339df377d586a10373f4394912906051dce216713036b56acd76,08/19/2025 12:20:00 PM,1,DRIVER,,2032522,,HONDA,CIVIC,IL,2001,UNKNOWN,PASSENGER,PERSONAL,UNKNOWN,CHANGING LANES,,,1,,,,,Y,Y,,,,,,,,,,,,FRONT-RIGHT-CORNER,,,,,,,,,,,,,,,,,,,,,,,,,,,,,,,,,
2132166,b012ba26d1feb0019fb2620c82ec0d3f45408b65ef97815740f6ecff065bd25c0e014bc8ff8c339df377d586a10373f4394912906051dce216713036b56acd76,08/19/2025 12:20:00 PM,2,DRIVER,,2032526,,AUDI,Q3,IL,2024,UNKNOWN,SPORT UTILITY VEHICLE (SUV),PERSONAL,UNKNOWN,STRAIGHT AHEAD,,,1,,,,,,,,,,,,,,Y,Y,,,FRONT-LEFT-CORNER,,,,,,,,,,,,,,,,,,,,,,,,,,,,,,,,,
2131968,11eb35cd0b93f9ec12a571416a66d32ec89083283f1bef267c339a6ac8d8b58d89a27a00efb1f571fafdcbc6c712e901cc1ce30a56dcec63f4b2f7862c17edc2,08/19/2025 12:17:00 PM,1,DRIVER,1,2032369,,FORD,EDGE,IL,2012,NONE,PASSENGER,PERSONAL,N,STRAIGHT AHEAD,,,2,,,,,Y,,,,,,,,,,Y,Y,,FRONT,,,,,,,,,,,,,,,,,,,,,,,,,,,,,,,,,
2131969,11eb35cd0b93f9ec12a571416a66d32ec89083283f1bef267c339a6ac8d8b58d89a27a00efb1f571fafdcbc6c712e901cc1ce30a56dcec63f4b2f7862c17edc2,08/19/2025 12:17:00 PM,2,NON-MOTOR VEHICLE,,,,,,,,,,,,,,,,,,,,,,,,,,,,,,,,,,,,,,,,,,,,,,,,,,,,,,,,,,,,,,,,,,
2131970,11eb35cd0b93f9ec12a571416a66d32ec89083283f1bef267c339a6ac8d8b58d89a27a00efb1f571fafdcbc6c712e901cc1ce30a56dcec63f4b2f7862c17edc2,08/19/2025 12:17:00 PM,3,PEDESTRIAN,,,,,,,,,,,,,,,,,,,,,,,,,,,,,,,,,,,,,,,,,,,,,,,,,,,,,,,,,,,,,,,,,,
2131971,11eb35cd0b93f9ec12a571416a66d32ec89083283f1bef267c339a6ac8d8b58d89a27a00efb1f571fafdcbc6c712e901cc1ce30a56dcec63f4b2f7862c17edc2,08/19/2025 12:17:00 PM,4,PEDESTRIAN,,,,,,,,,,,,,,,,,,,,,,,,,,,,,,,,,,,,,,,,,,,,,,,,,,,,,,,,,,,,,,,,,,
2131972,11eb35cd0b93f9ec12a571416a66d32ec89083283f1bef267c339a6ac8d8b58d89a27a00efb1f571fafdcbc6c712e901cc1ce30a56dcec63f4b2f7862c17edc2,08/19/2025 12:17:00 PM,5,PEDESTRIAN,,,,,,,,,,,,,,,,,,,,,,,,,,,,,,,,,,,,,,,,,,,,,,,,,,,,,,,,,,,,,,,,,,
2134782,e351d94df9bceee52aa3e4ee4e763bd05e703875d12b743e236f951d7a9f4f3c3317b513a71c6317664b97495179731739c75e8929dcffd7faf3176e6b421fca,08/19/2025 12:10:00 PM,1,DRIVER,,2035029,,FORD,EXPLORER,,2020,NONE,SPORT UTILITY VEHICLE (SUV),PERSONAL,E,BACKING,,,1,,,,,Y,Y,,,,,,,,,,,,SIDE-RIGHT-FRONT,,,,,,,,,,,,,,,,,,,,,,,,,,,,,,,,,
2134783,e351d94df9bceee52aa3e4ee4e763bd05e703875d12b743e236f951d7a9f4f3c3317b513a71c6317664b97495179731739c75e8929dcffd7faf3176e6b421fca,08/19/2025 12:10:00 PM,2,PARKED,,2035031,,CHEVROLET,TRAX,,2016,NONE,SPORT UTILITY VEHICLE (SUV),PERSONAL,E,PARKED,,,0,,,,,,,,,,,Y,Y,,,,,,SIDE-LEFT-REAR,,,,,,,,,,,,,,,,,,,,,,,,,,,,,,,,,
2132006,b19ed770b08d062565b3493a88dccca976d3fc01b0747d1e74dbea5e445ccde0df16d4ece2d9fcf3ca3de89460a6853453810c17ccde52b65927273ab60c62e2,08/19/2025 12:09:00 PM,1,DRIVER,,2032383,,KON KWEST MANUFACTURING,KON KWEST MFG.,OH,2022,UNKNOWN,TRACTOR W/O SEMI-TRAILER,COMMERCIAL - SINGLE UNIT,W,BACKING,,,1,,,,,,,,,,N,,,,,,,,NONE,,,,,,,,,,,,,,,,,,,,,,,,,,,,,,,,,
2132007,b19ed770b08d062565b3493a88dccca976d3fc01b0747d1e74dbea5e445ccde0df16d4ece2d9fcf3ca3de89460a6853453810c17ccde52b65927273ab60c62e2,08/19/2025 12:09:00 PM,2,DRIVER,,2032397,,MAZDA,CX-5,IL,2024,NONE,PASSENGER,PERSONAL,W,STRAIGHT AHEAD,,,1,,,,,Y,Y,,,,,,Y,,,,,,FRONT-RIGHT-CORNER,,,,,,,,,,,,,,,,,,,,,,,,,,,,,,,,,
2132431,560a8c0fc5fc9440160ed888cca12c215fcd8ac093cfd7f659a1d47117377436e6cf45bae4a1bf36cce835aee661c471c911350f6dcd0ea62694bdf35b5e1e09,08/19/2025 12:08:00 PM,1,DRIVER,,2032776,,CHEVROLET,C/K 1500,IL,2006,NONE,PICKUP,PERSONAL,UNKNOWN,BACKING,,,1,,,,,,,,,,Y,,,,,,,,REAR,,,,,,,,,,,,,,,,,,,,,,,,,,,,,,,,,
2132432,560a8c0fc5fc9440160ed888cca12c215fcd8ac093cfd7f659a1d47117377436e6cf45bae4a1bf36cce835aee661c471c911350f6dcd0ea62694bdf35b5e1e09,08/19/2025 12:08:00 PM,2,DRIVER,,2032777,,HONDA,ACCORD,IL,2017,NONE,PASSENGER,PERSONAL,UNKNOWN,STRAIGHT AHEAD,,,1,,,,,,,Y,Y,,,,,,,,,,SIDE-RIGHT,,,,,,,,,,,,,,,,,,,,,,,,,,,,,,,,,
2131973,0494aea7ac906c4dd9129acc1290eb4281fa20c4a8be602ed303cf22418e7347c3b35ff034e584fad97085f62b78847e066ce6fe8782e09e41a8ad91c7d7830c,08/19/2025 12:05:00 PM,1,DRIVER,,2032353,,FORD,ESCAPE,IL,2007,UNKNOWN,PASSENGER,PERSONAL,E,TURNING LEFT,,,1,,,,,,,,,,,,,,Y,Y,,,FRONT-LEFT-CORNER,,,,,,,,,,,,,,,,,,,,,,,,,,,,,,,,,
2131974,0494aea7ac906c4dd9129acc1290eb4281fa20c4a8be602ed303cf22418e7347c3b35ff034e584fad97085f62b78847e066ce6fe8782e09e41a8ad91c7d7830c,08/19/2025 12:05:00 PM,2,DRIVER,,2032362,,KIA,OTHER (EXPLAIN IN NARRATIVE),TN,2024,UNKNOWN,UNKNOWN/NA,OTHER,S,TURNING LEFT,,,1,,,,,,,,,,,,Y,Y,Y,,,,SIDE-LEFT,,,,,,,,,,,,,,,,,,,,,,,,,,,,,,,,,
2132046,3213ceb127570eea59fd4e02fe53de53bd9950af6f66532892ca10e5397c32605a39fe151c466b417d9b32471ed3830659ef0747e8f4cc0fee61cea11be37c84,08/19/2025 12:00:00 PM,1,DRIVER,,2032408,,CHRYSLER,CARAVAN,IL,,UNKNOWN,VAN/MINI-VAN,UNKNOWN/NA,NE,TURNING LEFT,,,1,,,,,Y,Y,,,,,,,,,,,,FRONT-RIGHT-CORNER,,,,,,,,,,,,,,,,,,,,,,,,,,,,,,,,,
2132047,3213ceb127570eea59fd4e02fe53de53bd9950af6f66532892ca10e5397c32605a39fe151c466b417d9b32471ed3830659ef0747e8f4cc0fee61cea11be37c84,08/19/2025 12:00:00 PM,2,DRIVER,,2032412,,MAZDA,CX-3,IL,2023,NONE,PASSENGER,PERSONAL,N,STRAIGHT AHEAD,,,1,,,,,,,,,,,,,,Y,Y,,,FRONT-LEFT-CORNER,,,,,,,,,,,,,,,,,,,,,,,,,,,,,,,,,