CRASH_UNIT_ID,CRASH_RECORD_ID,CRASH_DATE,UNIT_NO,UNIT_TYPE,NUM_PASSENGERS,VEHICLE_ID,CMRC_VEH_I,MAKE,MODEL,LIC_PLATE_STATE,VEHICLE_YEAR,VEHICLE_DEFECT,VEHICLE_TYPE,VEHICLE_USE,TRAVEL_DIRECTION,MANEUVER,TOWED_I,FIRE_I,OCCUPANT_CNT,EXCEED_SPEED_LIMIT_I,TOWED_BY,TOWED_TO,AREA_00_I,AREA_01_I,AREA_02_I,AREA_03_I,AREA_04_I,AREA_05_I,AREA_06_I,AREA_07_I,AREA_08_I,AREA_09_I,AREA_10_I,AREA_11_I,AREA_12_I,AREA_99_I,FIRST_CONTACT_POINT,CMV_ID,USDOT_NO,CCMC_NO,ILCC_NO,COMMERCIAL_SRC,GVWR,CARRIER_NAME,CARRIER_STATE,CARRIER_CITY,HAZMAT_PLACARDS_I,HAZMAT_NAME,UN_NO,HAZMAT_PRESENT_I,HAZMAT_REPORT_I,HAZMAT_REPORT_NO,MCS_REPORT_I,MCS_REPORT_NO,HAZMAT_VIO_CAUSE_CRASH_I,MCS_VIO_CAUSE_CRASH_I,IDOT_PERMIT_NO,WIDE_LOAD_I,TRAILER1_WIDTH,TRAILER2_WIDTH,TRAILER1_LENGTH,TRAILER2_LENGTH,TOTAL_VEHICLE_LENGTH,AXLE_CNT,VEHICLE_CONFIG,CARGO_BODY_TYPE,LOAD_TYPE,HAZMAT_OUT_OF_SERVICE_I,MCS_OUT_OF_SERVICE_I,HAZMAT_CLASS
2131950,91dcee81d01f6102be4ac26886a5edf6d08868d9b290d58f47b992776bf3d572dfc40a11e356e12e9411fbbec73d03492b658a32203bea8082d7ee36c3087cdf,08/19/2025 12:00:00 PM,1,DRIVER,,2032327,,GENERAL MOTORS CORPORATION (GMC),OTHER (EXPLAIN IN NARRATIVE),IL,2022,NONE,PICKUP,PERSONAL,N,BACKING,,,1,,,,,,,,,Y,,,,,,,,,REAR-RIGHT-CORNER,,,,,,,,,,,,,,,,,,,,,,,,,,,,,,,,,
2131951,91dcee81d01f6102be4ac26886a5edf6d08868d9b290d58f47b992776bf3d572dfc40a11e356e12e9411fbbec73d03492b658a32203bea8082d7ee36c3087cdf,08/19/2025 12:00:00 PM,2,DRIVER,1,2032329,,CHEVROLET,EQUINOX,,2016,NONE,PASSENGER,PERSONAL,W,STRAIGHT AHEAD,,,2,,,,,,,,Y,Y,,,,,,,,,SIDE-RIGHT-REAR,,,,,,,,,,,,,,,,,,,,,,,,,,,,,,,,,
2132555,a0c7285aa02f8fe5988bef2421ef79ac99acde223a3f2410329d81eef118d31f33ce5d2523b5f0134ecaec06126efbc9728ab18cb8b6c14977d80adfe816b77e,08/19/2025 12:00:00 PM,1,DRIVER,,2032914,,TESLA,MODEL 3,IL,2018,NONE,PASSENGER,PERSONAL,S,CHANGING LANES,,,1,,,,,,,,,,,,,,,Y,,,FRONT-LEFT-CORNER,,,,,,,,,,,,,,,,,,,,,,,,,,,,,,,,,
2132556,a0c7285aa02f8fe5988bef2421ef79ac99acde223a3f2410329d81eef118d31f33ce5d2523b5f0134ecaec06126efbc9728ab18cb8b6c14977d80adfe816b77e,08/19/2025 12:00:00 PM,2,DRIVER,,2032900,,VOLKSWAGEN,JETTA,IN,2025,NONE,PASSENGER,OTHER,S,STRAIGHT AHEAD,,,1,,,,,,,Y,Y,,,,,,,,,,SIDE-RIGHT,,,,,,,,,,,,,,,,,,,,,,,,,,,,,,,,,
2131983,ce225b6a37c5152253af51788e786fef278901386b9552af63d7c8aa29987424757df4793ab458d1a05e0d636f09a7f75da5d1224ef9445ebb5ac5215d16c7e8,08/19/2025 12:00:00 PM,1,DRIVER,,2032354,,CHEVROLET,SILVERADO,IL,2004,UNKNOWN,PICKUP,UNKNOWN/NA,UNKNOWN,BACKING,,,1,,,,,,,,,,Y,,,,,,,Y,REAR,,,,,,,,,,,,,,,,,,,,,,,,,,,,,,,,,
2131984,ce225b6a37c5152253af51788e786fef278901386b9552af63d7c8aa29987424757df4793ab458d1a05e0d636f09a7f75da5d1224ef9445ebb5ac5215d16c7e8,08/19/2025 12:00:00 PM,2,DRIVER,,2032358,,HONDA,ACCORD,IL,2008,UNKNOWN,PASSENGER,PERSONAL,UNKNOWN,STRAIGHT AHEAD,,,1,,,,,,,,,,,,,,,,Y,Y,FRONT,,,,,,,,,,,,,,,,,,,,,,,,,,,,,,,,,
2140156,e9cbaef7ab1345ad38412aeda981dca0fc8ce0752b66bb397a03adbf85a64b2da0259704f2e50d143e165e2a15552a939c26478b4e9b7d07015d04e9ad302c2d,08/19/2025 12:00:00 PM,1,DRIVER,,2040138,,UNKNOWN,OTHER (EXPLAIN IN NARRATIVE),,,UNKNOWN,UNKNOWN/NA,UNKNOWN/NA,UNKNOWN,UNKNOWN/NA,,,1,,,,,,,,,,,,,,,,,Y,UNKNOWN,,,,,,,,,,,,,,,,,,,,,,,,,,,,,,,,,
2140157,e9cbaef7ab1345ad38412aeda981dca0fc8ce0752b66bb397a03adbf85a64b2da0259704f2e50d143e165e2a15552a939c26478b4e9b7d07015d04e9ad302c2d,08/19/2025 12:00:00 PM,2,PARKED,,2040139,,HONDA,ACCORD,IL,2022,UNKNOWN,PASSENGER,NOT IN USE,E,PARKED,,,0,,,,,,,,,,,Y,Y,,,,,,REAR-LEFT-CORNER,,,,,,,,,,,,,,,,,,,,,,,,,,,,,,,,,
2132056,6eb0823c8ec017b61523b060ff677f26adaeac1e3539cb3c1adc60ff028c517973b67adcdbd2cbb84e4b783e422f0180c307ebb64a3d87c1d74ef987a5316588,08/19/2025 11:45:00 AM,1,DRIVER,,2032418,,UNKNOWN,OTHER (EXPLAIN IN NARRATIVE),,,UNKNOWN,UNKNOWN/NA,UNKNOWN/NA,S,STRAIGHT AHEAD,,,1,,,,,,,,,,,,,,,,,Y,FRONT,,,,,,,,,,,,,,,,,,,,,,,,,,,,,,,,,
2132057,6eb0823c8ec017b61523b060ff677f26adaeac1e3539cb3c1adc60ff028c517973b67adcdbd2cbb84e4b783e422f0180c307ebb64a3d87c1d74ef987a5316588,08/19/2025 11:45:00 AM,2,DRIVER,,2032420,,JAGUAR,XF,IL,2011,NONE,PASSENGER,PERSONAL,W,TURNING LEFT,,,1,,,,,,,,,,,,Y,Y,Y,Y,Y,,SIDE-LEFT,,,,,,,,,,,,,,,,,,,,,,,,,,,,,,,,,
2132058,6eb0823c8ec017b61523b060ff677f26adaeac1e3539cb3c1adc60ff028c517973b67adcdbd2cbb84e4b783e422f0180c307ebb64a3d87c1d74ef987a5316588,08/19/2025 11:45:00 AM,3,PARKED,1,2032424,,NISSAN,ALTIMA,IL,2011,NONE,PASSENGER,PERSONAL,S,PARKED,,,1,,,,,,,,Y,Y,Y,Y,Y,,,,,,REAR,,,,,,,,,,,,,,,,,,,,,,,,,,,,,,,,,
2131915,ce2468ac36bdc778325f7ef73ead739930ebae72a959cda080a80d31eddef36e495e570390859fe81e580171f9d309ae29520e9c528c1c01b81f7c33dec121c0,08/19/2025 11:44:00 AM,1,DRIVER,,2032293,,SUBARU,OUTBACK,IL,2005,NONE,PASSENGER,PERSONAL,SE,STRAIGHT AHEAD,,,1,,,,Y,,,,,,,,,,,,,,NONE,,,,,,,,,,,,,,,,,,,,,,,,,,,,,,,,,
2131916,ce2468ac36bdc778325f7ef73ead739930ebae72a959cda080a80d31eddef36e495e570390859fe81e580171f9d309ae29520e9c528c1c01b81f7c33dec121c0,08/19/2025 11:44:00 AM,2,DRIVER,,2032298,,HONDA,CR-V,IL,2024,NONE,PASSENGER,PERSONAL,SE,STRAIGHT AHEAD,,,1,,,,,,,,,,Y,,,,,,,,REAR,,,,,,,,,,,,,,,,,,,,,,,,,,,,,,,,,
2131940,5cbe5e81ed520095a06e3ed735fd4f6946412175424f783e98533e4c620d9350301a590bbafd3444e8f289eba8443afbdab2edd647543ab20b9789b61e063604,08/19/2025 11:40:00 AM,1,DRIVER,,2032319,,MAZDA,CX-3,IL,2024,OTHER,PASSENGER,PERSONAL,S,CHANGING LANES,,,1,,,,,,,,,,,Y,Y,,,,,,REAR-LEFT-CORNER,,,,,,,,,,,,,,,,,,,,,,,,,,,,,,,,,
2131941,5cbe5e81ed520095a06e3ed735fd4f6946412175424f783e98533e4c620d9350301a590bbafd3444e8f289eba8443afbdab2edd647543ab20b9789b61e063604,08/19/2025 11:40:00 AM,2,DRIVER,,2032322,,FORD,ECONOLINE E350,WA,2006,NONE,VAN/MINI-VAN,OTHER,S,STRAIGHT AHEAD,,,1,,,,,Y,,,,,,,,,,,,,FRONT-RIGHT-CORNER,,,,,,,,,,,,,,,,,,,,,,,,,,,,,,,,,
2131952,82cb198d8903d78bf0baa3c531701941bb5d67e523166d37ee003240e8bb9a839d52a5b8e28d2bf39c177e81e4e1d7f2255dcfa66ea086c9f188acf1dca146e0,08/19/2025 11:40:00 AM,1,DRIVER,,2032330,,NISSAN,PATHFINDER,IL,2019,NONE,SPORT UTILITY VEHICLE (SUV),PERSONAL,E,OTHER,Y,,1,,VEHICLE OWNER,VEHICLE OWNER,,Y,,,,,,,,,,Y,Y,,FRONT,,,,,,,,,,,,,,,,,,,,,,,,,,,,,,,,,
2131953,82cb198d8903d78bf0baa3c531701941bb5d67e523166d37ee003240e8bb9a839d52a5b8e28d2bf39c177e81e4e1d7f2255dcfa66ea086c9f188acf1dca146e0,08/19/2025 11:40:00 AM,2,PARKED,1,2032333,,DODGE,CHARGER,IL,2020,NONE,PASSENGER,POLICE,E,PARKED,,,1,,,,,,,,Y,Y,Y,Y,Y,,,,,,REAR,,,,,,,,,,,,,,,,,,,,,,,,,,,,,,,,,
2133146,cb2ee9f5da1a36b295f6913a022adca43a8c10cb99e3d243b0a84f325400123afee5a697708d7813f72260aa4213fd651a171fc29d226a5253ec723229069033,08/19/2025 11:40:00 AM,1,DRIVER,,2033473,,CHEVROLET,TRAVERSE,IL,2013,NONE,PASSENGER,PERSONAL,UNKNOWN,BACKING,,,1,,,,,,,,,,N,,,,,,,Y,REAR,,,,,,,,,,,,,,,,,,,,,,,,,,,,,,,,,
2133147,cb2ee9f5da1a36b295f6913a022adca43a8c10cb99e3d243b0a84f325400123afee5a697708d7813f72260aa4213fd651a171fc29d226a5253ec723229069033,08/19/2025 11:40:00 AM,2,DRIVER,,2033476,,TOYOTA,COROLLA,IL,2010,NONE,PASSENGER,PERSONAL,S,STRAIGHT AHEAD,,,1,,,,,,,,,,,,,Y,,,,,SIDE-LEFT,,,,,,,,,,,,,,,,,,,,,,,,,,,,,,,,,
2132012,7ed97bd7453926a1b17ca16cd479dd80437d64adba8934c0bfba14e43c9129579e2f1a11ce56f0bca133bf81f8bed97f2b969b0f4031dc5e41043ecca9bc5cb1,08/19/2025 11:36:00 AM,1,DRIVER,,2032378,,TOYOTA,PRIUS,IL,2014,NONE,SPORT UTILITY VEHICLE (SUV),PERSONAL,S,STRAIGHT AHEAD,Y,,1,,PRIVATE,,,Y,,,,,,,,,,Y,Y,,FRONT,,,,,,,,,,,,,,,,,,,,,,,,,,,,,,,,,
2132013,7ed97bd7453926a1b17ca16cd479dd80437d64adba8934c0bfba14e43c9129579e2f1a11ce56f0bca133bf81f8bed97f2b969b0f4031dc5e41043ecca9bc5cb1,08/19/2025 11:36:00 AM,2,DRIVER,1,2032382,,CHEVROLET,EQUINOX,IL,2020,NONE,SPORT UTILITY VEHICLE (SUV),PERSONAL,S,STRAIGHT AHEAD,Y,,2,,PRIVATE,,,,,,,Y,Y,Y,,,,,,,REAR,,,,,,,,,,,,,,,,,,,,,,,,,,,,,,,,,
2131962,719eb6daea5c5240317d3d9c478ce1afbc783e0ccf916737a6ab3636636d150d93e76698c41a2880a00bb41de4824a9bd94815ab8ca638ec2436b3bcb035b3b1,08/19/2025 11:35:00 AM,1,DRIVER,,2032339,,CHEVROLET,OTHER (EXPLAIN IN NARRATIVE),IL,2023,NONE,OTHER,OTHER,N,STRAIGHT AHEAD,,,1,,,,,,,,,,,,,,,Y,,,SIDE-LEFT-FRONT,,,,,,,,,,,,,,,,,,,,,,,,,,,,,,,,,
2131963,719eb6daea5c5240317d3d9c478ce1afbc783e0ccf916737a6ab3636636d150d93e76698c41a2880a00bb41de4824a9bd94815ab8ca638ec2436b3bcb035b3b1,08/19/2025 11:35:00 AM,2,DRIVER,,2032345,,DODGE,DART,IL,2015,NONE,PASSENGER,PERSONAL,E,STRAIGHT AHEAD,Y,,1,,ARRANGED OWN PRIVATE TOW,,,Y,Y,,,,,,,,,Y,Y,,FRONT-RIGHT-CORNER,,,,,,,,,,,,,,,,,,,,,,,,,,,,,,,,,
2132257,c4174de818bd97a174c69f086e88f0987b7df9c7ba1c9d0011cafeb1b28001098be16a3dff18c91201d505faf66cd9605d1f54281f07081656693c5c109b9dda,08/19/2025 11:35:00 AM,1,DRIVER,,2032609,,CHEVROLET,OTHER (EXPLAIN IN NARRATIVE),IL,2025,UNKNOWN,TRUCK - SINGLE UNIT,COMMERCIAL - SINGLE UNIT,E,U-TURN,,,1,,,,,N,,Y,Y,,,,,,,,,,SIDE-RIGHT,,,,,,,,,,,,,,,,,,,,,,,,,,,,,,,,,
2132258,c4174de818bd97a174c69f086e88f0987b7df9c7ba1c9d0011cafeb1b28001098be16a3dff18c91201d505faf66cd9605d1f54281f07081656693c5c109b9dda,08/19/2025 11:35:00 AM,2,PARKED,,2032613,,CHRYSLER,300,IL,2010,OTHER,PASSENGER,PERSONAL,E,PARKED,,,0,,,,,Y,,,,,,,,,Y,Y,Y,,FRONT-LEFT-CORNER,,,,,,,,,,,,,,,,,,,,,,,,,,,,,,,,,
2136193,32515a7c1ff36b3fb5697fd1c0b3ae7051a527173a0eedfb5285940c84c56d617421a1476dfa975dccfce52a14ef90593b23fc8773ddf2f7b91efeaeb6a56bc6,08/19/2025 11:20:00 AM,1,DRIVER,,2036388,,UNKNOWN,MOTORIZED,,,OTHER,UNKNOWN/NA,UNKNOWN/NA,UNKNOWN,UNKNOWN/NA,,,1,,,,,,,,,,,,,,,,,,UNKNOWN,,,,,,,,,,,,,,,,,,,,,,,,,,,,,,,,,
2136194,32515a7c1ff36b3fb5697fd1c0b3ae7051a527173a0eedfb5285940c84c56d617421a1476dfa975dccfce52a14ef90593b23fc8773ddf2f7b91efeaeb6a56bc6,08/19/2025 11:20:00 AM,2,PARKED,,2036386,,CHEVROLET,EQUINOX,IL,2020,NONE,SPORT UTILITY VEHICLE (SUV),PERSONAL,W,PARKED,,,0,,,,,Y,,,,,,,,,,Y,Y,,FRONT,,,,,,,,,,,,,,,,,,,,,,,,,,,,,,,,,
2131932,a6223b3ddf0d3e7836ef8490b0ca3b0d1c9ba7ce6093d5ecf1891afdd62f220da951b1052f01a56f93625009809c70e642c709888d1d090a6e680e8aa6104322,08/19/2025 11:20:00 AM,1,DRIVER,,2032314,,SUBARU,OUTBACK,IL,2016,NONE,PASSENGER,PERSONAL,SE,STRAIGHT AHEAD,,,1,,,,,Y,,,,,,,,,,,,,FRONT-RIGHT-CORNER,,,,,,,,,,,,,,,,,,,,,,,,,,,,,,,,,
2131933,a6223b3ddf0d3e7836ef8490b0ca3b0d1c9ba7ce6093d5ecf1891afdd62f220da951b1052f01a56f93625009809c70e642c709888d1d090a6e680e8aa6104322,08/19/2025 11:20:00 AM,2,DRIVER,,2032306,,TOYOTA,RAV4,IL,2006,NONE,PASSENGER,PERSONAL,SE,STRAIGHT AHEAD,,,1,,,,,,,,,,Y,Y,,,,,,,OTHER,,,,,,,,,,,,,,,,,,,,,,,,,,,,,,,,,
2131954,e6dd9759f48c6d96b0318586611472a999eb6fefac45d5bb8878fabfaebfca42ba5e6aad3394b51b4ecc39bb93b4f6d18461dc3dc9ab75094f21000bb277cd07,08/19/2025 11:20:00 AM,1,DRIVER,,2032331,,KENWORTH MOTOR TRUCK COMPANY,KENWORTH MOTOR TRUCK CO.,TN,2019,UNKNOWN,TRACTOR W/ SEMI-TRAILER,COMMERCIAL - MULTI-UNIT,E,LEAVING TRAFFIC LANE TO PARK,,,1,,,,,,,,,,,Y,,,,,,,REAR-LEFT-CORNER,,,,,,,,,,,,,,,,,,,,,,,,,,,,,,,,,
2131955,e6dd9759f48c6d96b0318586611472a999eb6fefac45d5bb8878fabfaebfca42ba5e6aad3394b51b4ecc39bb93b4f6d18461dc3dc9ab75094f21000bb277cd07,08/19/2025 11:20:00 AM,2,DRIVER,,2032338,,FORD,ESCAPE,IL,2021,UNKNOWN,PASSENGER,PERSONAL,W,STRAIGHT AHEAD,,,1,,,,,,,,,,,Y,Y,,,,,,REAR-LEFT-CORNER,,,,,,,,,,,,,,,,,,,,,,,,,,,,,,,,,
2131934,b85b7fe14f4389e5fe8666f062410294325adc18919373fd25dfac1e2f9b2a4f524424f852e89e819902b9510ea4357dab2a68659082610944961f39b5c69172,08/19/2025 11:14:00 AM,1,DRIVER,,2032307,,HYUNDAI,OTHER (EXPLAIN IN NARRATIVE),IL,2024,NONE,TRACTOR W/ SEMI-TRAILER,OTHER,NW,TURNING RIGHT,,,1,,,,,,,,,,,Y,,,,,,,REAR-LEFT-CORNER,,,,,,,,,,,,,,,,,,,,,,,,,,,,,,,,,
2131935,b85b7fe14f4389e5fe8666f062410294325adc18919373fd25dfac1e2f9b2a4f524424f852e89e819902b9510ea4357dab2a68659082610944961f39b5c69172,08/19/2025 11:14:00 AM,2,DRIVER,1,2032317,,NISSAN,QUEST,IL,2016,NONE,SPORT UTILITY VEHICLE (SUV),PERSONAL,N,STRAIGHT AHEAD,,,2,,,,,Y,Y,,,,,,,,,,,,FRONT-RIGHT-CORNER,,,,,,,,,,,,,,,,,,,,,,,,,,,,,,,,,
2131977,499447f95a9dae3b8c30b0e2db21d847b5c7637d5d42fafea8a266cf67e181d11d67431ca0217eb41d66ae674d66129f54c779757e6f266a446cb9abc70d5a42,08/19/2025 11:09:00 AM,1,DRIVER,,2032349,,INTERNATIONAL TRAILER CORPORATION,OTHER (EXPLAIN IN NARRATIVE),IL,2020,NONE,PASSENGER,PERSONAL,N,STRAIGHT AHEAD,,,1,,,,,Y,Y,,,,,,,,,,,,SIDE-RIGHT,,,,,,,,,,,,,,,,,,,,,,,,,,,,,,,,,
2132419,ab39720a3f252f52556f8e44b6e4d6ababa2ff979e6fc6813ec15210ad36ac5f497ec11d3685e1efefc28c317f9f8b7abeff90d430f3cf393443517ffb350e7d,08/19/2025 11:00:00 AM,1,DRIVER,,2032766,,CHEVROLET,SILVERADO,IL,2019,NONE,PICKUP,PERSONAL,UNKNOWN,BACKING,,,1,,,,,,,,Y,Y,Y,,,,,,,,REAR-RIGHT-CORNER,,,,,,,,,,,,,,,,,,,,,,,,,,,,,,,,,
2132420,ab39720a3f252f52556f8e44b6e4d6ababa2ff979e6fc6813ec15210ad36ac5f497ec11d3685e1efefc28c317f9f8b7abeff90d430f3cf393443517ffb350e7d,08/19/2025 11:00:00 AM,2,DRIVER,,2032769,,TOYOTA,COROLLA,IL,2008,NONE,PASSENGER,PERSONAL,UNKNOWN,BACKING,,,1,,,,,,,,,,,Y,Y,Y,,,,,REAR-LEFT-CORNER,,,,,,,,,,,,,,,,,,,,,,,,,,,,,,,,,
2131975,f7339b2cbb5e60c4aa968e1cef3bf028251308194c9681f5239d2f44be2b7f043ac257c5083ecd654ce66db5b21b741a84135d49e76e03e60c5dfc114c0547eb,08/19/2025 11:00:00 AM,1,DRIVER,,2032346,,CHEVROLET,EQUINOX,IL,2020,UNKNOWN,SPORT UTILITY VEHICLE (SUV),PERSONAL,UNKNOWN,STRAIGHT AHEAD,,,1,,,,,,,,,,,,,,Y,Y,Y,,FRONT-LEFT-CORNER,,,,,,,,,,,,,,,,,,,,,,,,,,,,,,,,,
2131976,f7339b2cbb5e60c4aa968e1cef3bf028251308194c9681f5239d2f44be2b7f043ac257c5083ecd654ce66db5b21b741a84135d49e76e03e60c5dfc114c0547eb,08/19/2025 11:00:00 AM,2,PARKED,,2032351,,HONDA,ACCORD,IL,2005,UNKNOWN,PASSENGER,NOT IN USE,UNKNOWN,PARKED,,,0,,,,,,,,Y,Y,Y,,,,,,,,REAR-RIGHT-CORNER,,,,,,,,,,,,,,,,,,,,,,,,,,,,,,,,,
2131989,0afbf20a67f08a8ef10762fe31e708a63adaa61ebe932d17dbe77793bd4e9164e38b42cc462c90a645d0c29b24aecfc04f061da30a73711177cad1261d44a77e,08/19/2025 10:55:00 AM,1,DRIVER,,2032356,,UNKNOWN,OTHER (EXPLAIN IN NARRATIVE),,,UNKNOWN,PASSENGER,PERSONAL,UNKNOWN,UNKNOWN/NA,,,1,,,,,,,,,,,,,,Y,Y,,,FRONT-LEFT-CORNER,,,,,,,,,,,,,,,,,,,,,,,,,,,,,,,,,
2131990,0afbf20a67f08a8ef10762fe31e708a63adaa61ebe932d17dbe77793bd4e9164e38b42cc462c90a645d0c29b24aecfc04f061da30a73711177cad1261d44a77e,08/19/2025 10:55:00 AM,2,DRIVER,,2032361,,NISSAN,ROGUE,IL,2024,UNKNOWN,PASSENGER,PERSONAL,UNKNOWN,UNKNOWN/NA,,,1,,,,,,,Y,Y,Y,Y,,,,,,,,SIDE-RIGHT-REAR,,,,,,,,,,,,,,,,,,,,,,,,,,,,,,,,,
2131946,795beea1db6c5ab00b4606b5ab678d12bcbb6ccd3592bdd8466308b64063aae6fd25893cbf383a51f021e0b274ca05dddd9db18eea0f7b836a7863226c9c6fa2,08/19/2025 10:55:00 AM,1,DRIVER,,2032323,,HONDA,PILOT,IL,2003,UNKNOWN,SPORT UTILITY VEHICLE (SUV),PERSONAL,S,STRAIGHT AHEAD,,,1,,,,,Y,,,,,,,,,,Y,Y,,FRONT,,,,,,,,,,,,,,,,,,,,,,,,,,,,,,,,,
2131947,795beea1db6c5ab00b4606b5ab678d12bcbb6ccd3592bdd8466308b64063aae6fd25893cbf383a51f021e0b274ca05dddd9db18eea0f7b836a7863226c9c6fa2,08/19/2025 10:55:00 AM,2,DRIVER,1,2032328,,BUICK,ENCLAVE,IL,2014,UNKNOWN,SPORT UTILITY VEHICLE (SUV),RIDESHARE SERVICE,W,STRAIGHT AHEAD,Y,,2,,,,,Y,,,,,,,,,,,Y,,FRONT-RIGHT-CORNER,,,,,,,,,,,,,,,,,,,,,,,,,,,,,,,,,
2131911,24a0ed65b93a1259d0e7acb99d11b1bc95027b9d26197451f5a9b8a09b1b5bef48fcd898cc0d98b96ac4d508342f0c601a0193a00145d7d3aadeb9c03846ef86,08/19/2025 10:45:00 AM,1,DRIVER,1,2032289,,NOVA BUS,LFS,IL,2022,NONE,BUS OVER 15 PASS.,CTA,S,TURNING LEFT,,,2,,,,,,,,,,,,,,,Y,,,FRONT-LEFT-CORNER,,,,,,,,,,,,,,,,,,,,,,,,,,,,,,,,,
2131912,24a0ed65b93a1259d0e7acb99d11b1bc95027b9d26197451f5a9b8a09b1b5bef48fcd898cc0d98b96ac4d508342f0c601a0193a00145d7d3aadeb9c03846ef86,08/19/2025 10:45:00 AM,2,DRIVER,,2032295,,MITSUBISHI,OUTLANDER,IL,2022,NONE,SPORT UTILITY VEHICLE (SUV),PERSONAL,S,TURNING LEFT,,,1,,,,,,,Y,Y,Y,,,,,,,,,REAR-RIGHT-CORNER,,,,,,,,,,,,,,,,,,,,,,,,,,,,,,,,,
2132929,4ee28a0f9cf3cc1feaeffb1050c898b73cc8ea429e15140fd167f389ce71b3e971084689bcee1c772a417b63aac184293e8eb81a98c6760f6c95c3ec12178d97,08/19/2025 10:40:00 AM,1,DRIVER,,2033259,,TOYOTA,CAMRY,IL,2007,UNKNOWN,PASSENGER,PERSONAL,NE,STRAIGHT AHEAD,,,1,,,,,,,,,,,,,,,,Y,,FRONT,,,,,,,,,,,,,,,,,,,,,,,,,,,,,,,,,
2132930,4ee28a0f9cf3cc1feaeffb1050c898b73cc8ea429e15140fd167f389ce71b3e971084689bcee1c772a417b63aac184293e8eb81a98c6760f6c95c3ec12178d97,08/19/2025 10:40:00 AM,2,DRIVER,,2033262,,NISSAN,ROGUE,IL,2017,NONE,PASSENGER,PERSONAL,NE,STRAIGHT AHEAD,,,1,,,,,,,,,Y,Y,,,,,,,,REAR-RIGHT-CORNER,,,,,,,,,,,,,,,,,,,,,,,,,,,,,,,,,
2132329,b58a5503bd178591cb89007c0de53483d3519b036ee9904153748eec54e7184d7c24f5d39b1c76046bb55584ef0ea5d4ccf8495dc222ce2af358aa1a13c3e50c,08/19/2025 10:40:00 AM,1,PARKED,,2032680,,LEXUS,NX,IL,2020,NONE,SPORT UTILITY VEHICLE (SUV),PERSONAL,N,PARKED,,,0,,,,,,,,,,,Y,Y,Y,Y,Y,,,SIDE-LEFT,,,,,,,,,,,,,,,,,,,,,,,,,,,,,,,,,
2131902,498ec18b29f8e6ac36fdaad8290d259e0a38e6a0bbda060e5d7b5e5253288a1916f3fc0cace5847506757a6e705a1e2e1f02eb9423cb0fc1dc2f6f90c5cd2e08,08/19/2025 10:30:00 AM,1,DRIVER,,2032280,,FORD,VAN,WA,2024,UNKNOWN,VAN/MINI-VAN,PERSONAL,W,STRAIGHT AHEAD,,,1,,,,,,Y,,,,,,,,,,,,SIDE-RIGHT,,,,,,,,,,,,,,,,,,,,,,,,,,,,,,,,,
2132440,7ced8d363464f0ce9e6a2c1bd1d7d6db8c7f34dd3541b81e5bc2316bd3fac3798519e17bd48400a0ab29e68c5cdfe4bd4db42def429ab17b865fcfaea4e1e675,08/19/2025 10:30:00 AM,1,DRIVER,,2034987,,LAND ROVER,OTHER (EXPLAIN IN NARRATIVE),IL,2008,NONE,SPORT UTILITY VEHICLE (SUV),PERSONAL,E,STRAIGHT AHEAD,,,1,,,,,,,,,,,,,,,,Y,,FRONT,,,,,,,,,,,,,,,,,,,,,,,,,,,,,,,,,
2132441,7ced8d363464f0ce9e6a2c1bd1d7d6db8c7f34dd3541b81e5bc2316bd3fac3798519e17bd48400a0ab29e68c5cdfe4bd4db42def429ab17b865fcfaea4e1e675,08/19/2025 10:30:00 AM,2,PARKED,,2034989,,HONDA,FIT,IL,2013,NONE,SPORT UTILITY VEHICLE (SUV),PERSONAL,E,PARKED,,,0,,,,,,,,,,Y,,,,,,,,REAR,,,,,,,,,,,,,,,,,,,,,,,,,,,,,,,,,
2131903,c10a6ea095623bef5cb24dc978317b9d50a3de07f552b4c81b7911dec4512b6cef86f9ecdce4b29117ecae7270fd01baaeac104f8f396000cfacfc7fd867cb9e,08/19/2025 10:30:00 AM,1,DRIVER,,2032279,,FORD,ECONOLINE 100,AZ,2019,NONE,TRUCK - SINGLE UNIT,OTHER,UNKNOWN,UNKNOWN/NA,,,1,,,,,,,,,,,,,,,,,Y,UNKNOWN,,,,,,,,,,,,,,,,,,,,,,,,,,,,,,,,,
2131904,c10a6ea095623bef5cb24dc978317b9d50a3de07f552b4c81b7911dec4512b6cef86f9ecdce4b29117ecae7270fd01baaeac104f8f396000cfacfc7fd867cb9e,08/19/2025 10:30:00 AM,2,PARKED,,2032283,,TOYOTA,COROLLA,IL,2019,NONE,PASSENGER,PERSONAL,W,PARKED,,,0,,,,,,,,,Y,,,,,,,,,REAR-RIGHT-CORNER,,,,,,,,,,,,,,,,,,,,,,,,,,,,,,,,,
2131914,c10a6ea095623bef5cb24dc978317b9d50a3de07f552b4c81b7911dec4512b6cef86f9ecdce4b29117ecae7270fd01baaeac104f8f396000cfacfc7fd867cb9e,08/19/2025 10:30:00 AM,3,PARKED,,2032290,,TOYOTA,COROLLA,IL,2019,NONE,PASSENGER,PERSONAL,W,PARKED,,,0,,,,,,,,,Y,,,,,,,,,SIDE-RIGHT-REAR,,,,,,,,,,,,,,,,,,,,,,,,,,,,,,,,,