CRASH_UNIT_ID,CRASH_RECORD_ID,CRASH_DATE,UNIT_NO,UNIT_TYPE,NUM_PASSENGERS,VEHICLE_ID,CMRC_VEH_I,MAKE,MODEL,LIC_PLATE_STATE,VEHICLE_YEAR,VEHICLE_DEFECT,VEHICLE_TYPE,VEHICLE_USE,TRAVEL_DIRECTION,MANEUVER,TOWED_I,FIRE_I,OCCUPANT_CNT,EXCEED_SPEED_LIMIT_I,TOWED_BY,TOWED_TO,AREA_00_I,AREA_01_I,AREA_02_I,AREA_03_I,AREA_04_I,AREA_05_I,AREA_06_I,AREA_07_I,AREA_08_I,AREA_09_I,AREA_10_I,AREA_11_I,AREA_12_I,AREA_99_I,FIRST_CONTACT_POINT,CMV_ID,USDOT_NO,CCMC_NO,ILCC_NO,COMMERCIAL_SRC,GVWR,CARRIER_NAME,CARRIER_STATE,CARRIER_CITY,HAZMAT_PLACARDS_I,HAZMAT_NAME,UN_NO,HAZMAT_PRESENT_I,HAZMAT_REPORT_I,HAZMAT_REPORT_NO,MCS_REPORT_I,MCS_REPORT_NO,HAZMAT_VIO_CAUSE_CRASH_I,MCS_VIO_CAUSE_CRASH_I,IDOT_PERMIT_NO,WIDE_LOAD_I,TRAILER1_WIDTH,TRAILER2_WIDTH,TRAILER1_LENGTH,TRAILER2_LENGTH,TOTAL_VEHICLE_LENGTH,AXLE_CNT,VEHICLE_CONFIG,CARGO_BODY_TYPE,LOAD_TYPE,HAZMAT_OUT_OF_SERVICE_I,MCS_OUT_OF_SERVICE_I,HAZMAT_CLASS
2133051,e531492bbb4c5a20aa26964476c0e3faa948778c38ef2e79f071f5411afe23f43013dfafc58936e213f6556cf057183094845d360b8813bcb47ecab08031b123,08/19/2025 10:20:00 AM,1,PARKED,1,2033377,,AUDI,Q3,IL,2024,UNKNOWN,PASSENGER,UNKNOWN/NA,E,PARKED,,,1,,,,,,,,,,,,,,Y,,,,SIDE-LEFT,,,,,,,,,,,,,,,,,,,,,,,,,,,,,,,,,
2133052,e531492bbb4c5a20aa26964476c0e3faa948778c38ef2e79f071f5411afe23f43013dfafc58936e213f6556cf057183094845d360b8813bcb47ecab08031b123,08/19/2025 10:20:00 AM,2,DRIVER,,2033380,,HONDA,CIVIC,IL,2001,NONE,PASSENGER,PERSONAL,E,STRAIGHT AHEAD,,,1,,,,,Y,Y,,,,,,,,,,Y,,FRONT-RIGHT-CORNER,,,,,,,,,,,,,,,,,,,,,,,,,,,,,,,,,
2131895,1578478c7ba974221f0825215a3cfc08a5ab48f5ebd048033c364a858c03185c615dbfbbfb496e44c630160934d51e397014479ce810814e641134aa6413152c,08/19/2025 10:05:00 AM,1,DRIVER,,2032273,,CHEVROLET,SUBURBAN,IL,2021,UNKNOWN,PASSENGER,PERSONAL,S,OTHER,,,1,,,,,,,,,,,,Y,Y,,,,,SIDE-LEFT,,,,,,,,,,,,,,,,,,,,,,,,,,,,,,,,,
2131896,1578478c7ba974221f0825215a3cfc08a5ab48f5ebd048033c364a858c03185c615dbfbbfb496e44c630160934d51e397014479ce810814e641134aa6413152c,08/19/2025 10:05:00 AM,2,DRIVER,,2032276,,MERCEDES-BENZ,GLE,IL,2025,OTHER,PASSENGER,PERSONAL,S,STRAIGHT AHEAD,,,1,,,,,,,,Y,,,,,,,,,,SIDE-RIGHT-REAR,,,,,,,,,,,,,,,,,,,,,,,,,,,,,,,,,
2131860,7b5e0d069da7b15279bb7735e8587751822a8d0b06bb5270a109da59a1805a2ffd0f7ae97b7a48e914302e9fc706bdfcc39c3f08164a99c7adbfc968c2df7765,08/19/2025 10:05:00 AM,1,PEDESTRIAN,,,,,,,,,,,,,,,,,,,,,,,,,,,,,,,,,,,,,,,,,,,,,,,,,,,,,,,,,,,,,,,,,,
2131861,7b5e0d069da7b15279bb7735e8587751822a8d0b06bb5270a109da59a1805a2ffd0f7ae97b7a48e914302e9fc706bdfcc39c3f08164a99c7adbfc968c2df7765,08/19/2025 10:05:00 AM,2,DRIVER,,2032250,,CHEVROLET,OTHER (EXPLAIN IN NARRATIVE),IL,2014,UNKNOWN,PASSENGER,UNKNOWN/NA,N,SLOW/STOP IN TRAFFIC,,,1,,,,,,,,,,,,,,,,,Y,SIDE-LEFT,,,,,,,,,,,,,,,,,,,,,,,,,,,,,,,,,
2131987,6df95233a63d4885e493dfbebb870bf9a9457f64d444031be56870f78e7ad6824edf38da5dfd4b740144ee7fbe8d838a1eb6bdd997379c12fdf83a6400657b35,08/19/2025 10:00:00 AM,1,DRIVER,,2032366,,UNKNOWN,OTHER (EXPLAIN IN NARRATIVE),,,UNKNOWN,UNKNOWN/NA,UNKNOWN/NA,UNKNOWN,UNKNOWN/NA,,,1,,,,,,,,,,,,,,,,,,UNKNOWN,,,,,,,,,,,,,,,,,,,,,,,,,,,,,,,,,
2131988,6df95233a63d4885e493dfbebb870bf9a9457f64d444031be56870f78e7ad6824edf38da5dfd4b740144ee7fbe8d838a1eb6bdd997379c12fdf83a6400657b35,08/19/2025 10:00:00 AM,2,PARKED,,2032363,,JEEP,RENEGADE,IL,2019,UNKNOWN,SPORT UTILITY VEHICLE (SUV),PERSONAL,UNKNOWN,PARKED,,,0,,,,,,Y,Y,Y,N,,,,,,,,,SIDE-RIGHT,,,,,,,,,,,,,,,,,,,,,,,,,,,,,,,,,
2131981,acd301097e72e95ef86a55abbd0eec08a2fcb80f596f6906086a128340200d398b18a4e1e7ca4b6fe542e71c9d05bc925adf715c2c5033cba69a30fe0f8721cb,08/19/2025 10:00:00 AM,1,DRIVER,,2032347,,UNKNOWN,OTHER (EXPLAIN IN NARRATIVE),,,UNKNOWN,UNKNOWN/NA,UNKNOWN/NA,UNKNOWN,UNKNOWN/NA,,,1,,,,,,,,,,,,,,,,,Y,UNKNOWN,,,,,,,,,,,,,,,,,,,,,,,,,,,,,,,,,
2131982,acd301097e72e95ef86a55abbd0eec08a2fcb80f596f6906086a128340200d398b18a4e1e7ca4b6fe542e71c9d05bc925adf715c2c5033cba69a30fe0f8721cb,08/19/2025 10:00:00 AM,2,PARKED,,2032350,,TOYOTA,COROLLA,IL,2925,NONE,SPORT UTILITY VEHICLE (SUV),NOT IN USE,S,PARKED,,,0,,,,,,,,,,,,Y,Y,Y,,,,SIDE-LEFT,,,,,,,,,,,,,,,,,,,,,,,,,,,,,,,,,
2131958,5d62afc10625344153e38a7f6f1d7be8977747fa5100c46348418d81c9870b56e4ceb90ed3ed9a0da0b36438dfa69a33aafcf81ec32e9d2461a9e15bf7627ee9,08/19/2025 09:50:00 AM,1,DRIVER,,2032334,,UNKNOWN,OTHER (EXPLAIN IN NARRATIVE),,,UNKNOWN,UNKNOWN/NA,UNKNOWN/NA,UNKNOWN,UNKNOWN/NA,,,1,,,,,,,,,,,,,,,,,Y,UNKNOWN,,,,,,,,,,,,,,,,,,,,,,,,,,,,,,,,,
2131959,5d62afc10625344153e38a7f6f1d7be8977747fa5100c46348418d81c9870b56e4ceb90ed3ed9a0da0b36438dfa69a33aafcf81ec32e9d2461a9e15bf7627ee9,08/19/2025 09:50:00 AM,2,PARKED,,2032341,,NISSAN,ROGUE,VA,2025,NONE,SPORT UTILITY VEHICLE (SUV),PERSONAL,UNKNOWN,PARKED,,,0,,,,,Y,,,,,,,,,,,,,FRONT-RIGHT-CORNER,,,,,,,,,,,,,,,,,,,,,,,,,,,,,,,,,
2132159,9896659bf138b74ec258f0adabad32c1e52264883cce9752f8625e14043f46047e4a65ffb90cde2c1234eb47b36ed7beee59b0f3d147e09e953557eca091cc14,08/19/2025 09:50:00 AM,1,BICYCLE,,,,,,,,,,,,,,,,,,,,,,,,,,,,,,,,,,,,,,,,,,,,,,,,,,,,,,,,,,,,,,,,,,
2132160,9896659bf138b74ec258f0adabad32c1e52264883cce9752f8625e14043f46047e4a65ffb90cde2c1234eb47b36ed7beee59b0f3d147e09e953557eca091cc14,08/19/2025 09:50:00 AM,2,DRIVER,,2032535,,MERCEDES-BENZ,E500,IL,2011,UNKNOWN,PASSENGER,PERSONAL,S,STRAIGHT AHEAD,,,1,,,,,,,,,,,,,,,,Y,,SIDE-RIGHT-FRONT,,,,,,,,,,,,,,,,,,,,,,,,,,,,,,,,,
2131901,afe048da6f3c685f17c56a31d62ee34c35c1ca1694eadcbfea1f53d8d5655aa4d8a7e77fd997cb678f1cdb60cb11cc6d69986b98efc0cf80c5ad5cd4715e3329,08/19/2025 09:50:00 AM,1,DRIVER,,2032278,,FREIGHTLINER CORPORATION,FREIGHTLINER CORP.,,2008,NONE,TRACTOR W/O SEMI-TRAILER,OTHER,E,STRAIGHT AHEAD,Y,,1,,private,,,,,,,,Y,,,,,,,,TOP,,,,,,,,,,,,,,,,,,,,,,,,,,,,,,,,,
2132016,13d662515732fa9599ecb625f6c352c2c2d98a8cf62c5f7bf5474d5ad9f8c3d9f853c595e0780cc63e08085dee9b70983ad0a9d69675b7754b68b5836939d3f7,08/19/2025 09:45:00 AM,1,DRIVER,,2032380,,"PETERBILT MOTORS COMPANY (DIVISION OF PACCAR, INC.)","PETERBILT MOTORS CO., DIVISION PACCAR, INC.",IL,2021,NONE,SINGLE UNIT TRUCK WITH TRAILER,COMMERCIAL - SINGLE UNIT,E,STRAIGHT AHEAD,,,1,,,,,,,,,,,,,,,,,,NONE,,,,,,,,,,,,,,,,,,,,,,,,,,,,,,,,,
2132017,13d662515732fa9599ecb625f6c352c2c2d98a8cf62c5f7bf5474d5ad9f8c3d9f853c595e0780cc63e08085dee9b70983ad0a9d69675b7754b68b5836939d3f7,08/19/2025 09:45:00 AM,2,PARKED,,2032388,,JEEP,GRAND CHEROKEE,IN,2023,NONE,SPORT UTILITY VEHICLE (SUV),UNKNOWN/NA,E,PARKED,,,0,,,,,,,,,,,,,Y,Y,,,,SIDE-LEFT,,,,,,,,,,,,,,,,,,,,,,,,,,,,,,,,,
2132189,2ff5a30dfe1174bcda6eac67612567bcdc71cf24270761505cf2582ffc0ac8760670fab6e75bb94789f158d2e0aeedc93dfc9656633083a79c30ef76f8b569e8,08/19/2025 09:38:00 AM,1,DRIVER,,2032555,,JEEP,GRAND CHEROKEE,IL,2011,UNKNOWN,SPORT UTILITY VEHICLE (SUV),PERSONAL,UNKNOWN,TURNING LEFT,,,1,,,,,,,,,,,,,,,,,,UNKNOWN,,,,,,,,,,,,,,,,,,,,,,,,,,,,,,,,,
2132190,2ff5a30dfe1174bcda6eac67612567bcdc71cf24270761505cf2582ffc0ac8760670fab6e75bb94789f158d2e0aeedc93dfc9656633083a79c30ef76f8b569e8,08/19/2025 09:38:00 AM,2,DRIVER,,2032565,,HONDA,CIVIC,IL,2023,UNKNOWN,PASSENGER,PERSONAL,UNKNOWN,TURNING LEFT,,,1,,,,,,,,,,Y,,,,,,,,REAR,,,,,,,,,,,,,,,,,,,,,,,,,,,,,,,,,
2131905,3e355a4345ce9c412c7cd0b97746282192df4c2bf8a932e5386140ad72b5f326115343badbc8d79756f325c1076476d69282fd8949336c6e3d51a11c3cd7f5ec,08/19/2025 09:38:00 AM,1,DRIVER,2,2032284,,NISSAN,MAXIMA,IL,2021,UNKNOWN,PASSENGER,PERSONAL,NW,TURNING LEFT,,,3,,,,,,,,Y,Y,,,,,,,,,SIDE-RIGHT-REAR,,,,,,,,,,,,,,,,,,,,,,,,,,,,,,,,,
2131906,3e355a4345ce9c412c7cd0b97746282192df4c2bf8a932e5386140ad72b5f326115343badbc8d79756f325c1076476d69282fd8949336c6e3d51a11c3cd7f5ec,08/19/2025 09:38:00 AM,2,BICYCLE,,,,,,,,,,,,,,,,,,,,,,,,,,,,,,,,,,,,,,,,,,,,,,,,,,,,,,,,,,,,,,,,,,
2131936,086a77cfa6629c10de02196efc3fc1210f73ef81eec282a4006be6c74836d9393171e0f2fe6849bfcefea8d82e6f4fbc32b7c7297bd8cb80957468fee2ad9d5d,08/19/2025 09:30:00 AM,1,DRIVER,,2032311,,UNKNOWN,OTHER (EXPLAIN IN NARRATIVE),IL,,UNKNOWN,VAN/MINI-VAN,UNKNOWN/NA,N,STRAIGHT AHEAD,,,1,,,,,,,,,,,,,,,,,Y,FRONT,,,,,,,,,,,,,,,,,,,,,,,,,,,,,,,,,
2131937,086a77cfa6629c10de02196efc3fc1210f73ef81eec282a4006be6c74836d9393171e0f2fe6849bfcefea8d82e6f4fbc32b7c7297bd8cb80957468fee2ad9d5d,08/19/2025 09:30:00 AM,2,DRIVER,,2032316,,INFINITI,Q50,IL,2019,NONE,PASSENGER,PERSONAL,N,STRAIGHT AHEAD,,,1,,,,,N,,,,Y,Y,Y,,,,N,N,,REAR,,,,,,,,,,,,,,,,,,,,,,,,,,,,,,,,,
2131872,21390ee6e8051f27571faee2dda796fe4bb9027f8b27b9cbfb30f4f249056f380f674b251bcadcc82c03b79da38b27c289fd52a8cd9c0c89096e5f3c4eb03d93,08/19/2025 09:30:00 AM,1,DRIVER,,2032251,,DODGE,RAM 1500 VAN,IL,2018,UNKNOWN,TRUCK - SINGLE UNIT,COMMERCIAL - SINGLE UNIT,S,STRAIGHT AHEAD,,,1,,,,,,,,,,,,,,,Y,,,FRONT-LEFT-CORNER,,,,,,,,,,,,,,,,,,,,,,,,,,,,,,,,,
2131873,21390ee6e8051f27571faee2dda796fe4bb9027f8b27b9cbfb30f4f249056f380f674b251bcadcc82c03b79da38b27c289fd52a8cd9c0c89096e5f3c4eb03d93,08/19/2025 09:30:00 AM,2,DRIVER,,2032261,,LEXUS,ES350,IL,2014,NONE,PASSENGER,PERSONAL,S,STRAIGHT AHEAD,,,1,,,,,,,Y,,,,,,,,,,,SIDE-RIGHT,,,,,,,,,,,,,,,,,,,,,,,,,,,,,,,,,
2132509,ce0fe9fef9dc592e670e2ec8b058fff950993d6ccd411445f4d7428e47760ece100908a11d1f0de43917009307a7c3e7df1a8577a4e7eb9b8ceeadb7c8dd9f4b,08/19/2025 09:30:00 AM,1,DRIVER,,2032861,,AUDI,Q7,IL,2021,UNKNOWN,PASSENGER,UNKNOWN/NA,E,BACKING,,,1,,,,,,,,,Y,Y,Y,,,,,,,REAR,,,,,,,,,,,,,,,,,,,,,,,,,,,,,,,,,
2132510,ce0fe9fef9dc592e670e2ec8b058fff950993d6ccd411445f4d7428e47760ece100908a11d1f0de43917009307a7c3e7df1a8577a4e7eb9b8ceeadb7c8dd9f4b,08/19/2025 09:30:00 AM,2,PARKED,,2032895,,MAZDA,CX-5,IL,2022,NONE,PASSENGER,NOT IN USE,W,PARKED,,,0,,,,,Y,,,,,,,,,,Y,Y,,FRONT,,,,,,,,,,,,,,,,,,,,,,,,,,,,,,,,,
2131864,cc41284fefed74a940034f9ee6c6794bb7dc66caaa52b83694353e337b13cd2b2851596dd0e667ca4c7c91bec0e55c11d0831d14f1913ccb90d849f4b7b96e2d,08/19/2025 09:21:00 AM,1,DRIVER,,2032247,,TOYOTA,COROLLA,IL,2014,UNKNOWN,PASSENGER,PERSONAL,E,TURNING LEFT,,,1,,,,,,,,Y,Y,,,,,,,,,REAR-RIGHT-CORNER,,,,,,,,,,,,,,,,,,,,,,,,,,,,,,,,,
2131865,cc41284fefed74a940034f9ee6c6794bb7dc66caaa52b83694353e337b13cd2b2851596dd0e667ca4c7c91bec0e55c11d0831d14f1913ccb90d849f4b7b96e2d,08/19/2025 09:21:00 AM,2,DRIVER,,2032256,,NISSAN,MURANO,IL,2005,UNKNOWN,PASSENGER,PERSONAL,E,STRAIGHT AHEAD,,,1,,,,,Y,Y,,,,,,,,,,Y,,FRONT-RIGHT-CORNER,,,,,,,,,,,,,,,,,,,,,,,,,,,,,,,,,
2131883,919690e50fdaf0c5b4d02e75e639569742197d5dc0ec273a4c72bc113397af400165bbe1016c4f3471ac0387c31a77ebc614d362633242bc377ffe7590b16fb4,08/19/2025 09:13:00 AM,1,PEDESTRIAN,,,,,,,,,,,,,,,,,,,,,,,,,,,,,,,,,,,,,,,,,,,,,,,,,,,,,,,,,,,,,,,,,,
2131884,919690e50fdaf0c5b4d02e75e639569742197d5dc0ec273a4c72bc113397af400165bbe1016c4f3471ac0387c31a77ebc614d362633242bc377ffe7590b16fb4,08/19/2025 09:13:00 AM,2,DRIVER,,2032288,,TOYOTA,SIENNA,IL,2020,NONE,VAN/MINI-VAN,TAXI/FOR HIRE,W,STRAIGHT AHEAD,,,1,,,,Y,,,,,,,,,,,Y,Y,,FRONT,,,,,,,,,,,,,,,,,,,,,,,,,,,,,,,,,
2131923,2275206401d39a208e3c091416e509bba69e56f8d5d2c58cc3c2b3710dfd0651c2119ad72b8b41c4879000a5e1afa153aa9798535a0189e42c35ef836b18b8e5,08/19/2025 09:10:00 AM,1,DRIVER,,2032305,,UTILITY TRAILER,UTILITY TRAILER,MI,2009,NONE,OTHER VEHICLE WITH TRAILER,OTHER,E,STRAIGHT AHEAD,,,1,,,,,,,,,,,,,,,,,,OTHER,,,,,,,,,,,,,,,,,,,,,,,,,,,,,,,,,
2131924,2275206401d39a208e3c091416e509bba69e56f8d5d2c58cc3c2b3710dfd0651c2119ad72b8b41c4879000a5e1afa153aa9798535a0189e42c35ef836b18b8e5,08/19/2025 09:10:00 AM,2,PARKED,,2032313,,FORD,EXPLORER,IL,2016,NONE,PASSENGER,PERSONAL,E,PARKED,,,0,,,,,,,,,Y,Y,,,,,,,,REAR-RIGHT-CORNER,,,,,,,,,,,,,,,,,,,,,,,,,,,,,,,,,
2131836,6599be1895ed7895f1aef6194fdf6931278a2e18e04b2945758d1b7c45174b413369b59848479eae4c8398077bb1d4dd904ca713cee7c17266a9ee92706ed28e,08/19/2025 09:10:00 AM,1,BICYCLE,,,,,,,,,,,,,,,,,,,,,,,,,,,,,,,,,,,,,,,,,,,,,,,,,,,,,,,,,,,,,,,,,,
2131837,6599be1895ed7895f1aef6194fdf6931278a2e18e04b2945758d1b7c45174b413369b59848479eae4c8398077bb1d4dd904ca713cee7c17266a9ee92706ed28e,08/19/2025 09:10:00 AM,2,DRIVER,,2032233,,VOLKSWAGEN,ATLAS,IL,2019,NONE,PICKUP,PERSONAL,N,STRAIGHT AHEAD,,,1,,,,,,,,,,,,,,,,Y,,FRONT,,,,,,,,,,,,,,,,,,,,,,,,,,,,,,,,,
2131805,6b3170cd3be4d79be215b99c583ee8252da8eecb0e85e8a6a0c8d0cddacb04c4cffb911a7b61ebe4c6eba6b4d59a82c83f9f640af0d12ef947458cf490cdae70,08/19/2025 08:50:00 AM,1,DRIVER,,2032211,,LEXUS,RX350,IL,2022,UNKNOWN,UNKNOWN/NA,UNKNOWN/NA,E,STRAIGHT AHEAD,,,1,,,,,,,,,,,,,,,,,Y,UNKNOWN,,,,,,,,,,,,,,,,,,,,,,,,,,,,,,,,,
2131806,6b3170cd3be4d79be215b99c583ee8252da8eecb0e85e8a6a0c8d0cddacb04c4cffb911a7b61ebe4c6eba6b4d59a82c83f9f640af0d12ef947458cf490cdae70,08/19/2025 08:50:00 AM,2,DRIVER,,2032204,,HONDA,HR-V,IL,2019,NONE,PASSENGER,PERSONAL,W,STRAIGHT AHEAD,,,1,,,,,,,,,,,,,,Y,,,,OTHER,,,,,,,,,,,,,,,,,,,,,,,,,,,,,,,,,
2131850,17b360f405029afc562b18d0e12fc9ceea28c82bafae489e45b773c5949cbf553ef5929c113d803c7484d4a8f64a513696041a408f861baad095b10b2f883151,08/19/2025 08:45:00 AM,1,DRIVER,,2032242,,VOLKSWAGEN,JETTA,IL,2016,NONE,PASSENGER,PERSONAL,N,STRAIGHT AHEAD,,,1,,,,,,,,,Y,Y,Y,Y,,,,,,REAR-LEFT-CORNER,,,,,,,,,,,,,,,,,,,,,,,,,,,,,,,,,
2131851,17b360f405029afc562b18d0e12fc9ceea28c82bafae489e45b773c5949cbf553ef5929c113d803c7484d4a8f64a513696041a408f861baad095b10b2f883151,08/19/2025 08:45:00 AM,2,DRIVER,,2032244,Y,FREIGHTLINER CORPORATION,FREIGHTLINER CORP.,OK,2021,NONE,TRACTOR W/O SEMI-TRAILER,COMMERCIAL - SINGLE UNIT,N,SLOW/STOP IN TRAFFIC,,,1,,,,Y,,,,,,,,,,,,,,UNKNOWN,"22,031",0080806,,,,,JB HUNT,OK,OKLAHOMA CITY,,,,,,,,,,,,,,,,,,,TRUCK/TRACTOR,OTHER,OTHER,,,
2131866,9f66b9e4108ab61561cf2e825f6bb74d58963dc822b4c0b4ce9e15bd2b8d81a9650d1a76258d224b2fc361675c621d2efbd035283ec0824be2ece492cbd5a6a5,08/19/2025 08:44:00 AM,1,DRIVER,,2032248,,CHEVROLET,CRUZE,IL,2014,UNKNOWN,PASSENGER,PERSONAL,N,PASSING/OVERTAKING,,,1,,,,,,,,,,,,,,,,,Y,FRONT,,,,,,,,,,,,,,,,,,,,,,,,,,,,,,,,,
2131867,9f66b9e4108ab61561cf2e825f6bb74d58963dc822b4c0b4ce9e15bd2b8d81a9650d1a76258d224b2fc361675c621d2efbd035283ec0824be2ece492cbd5a6a5,08/19/2025 08:44:00 AM,2,DRIVER,,2032258,,FORD,F150,IL,2024,NONE,PICKUP,PERSONAL,NW,TURNING LEFT,,,1,,,,,,,,,,,,Y,Y,N,,,,SIDE-LEFT,,,,,,,,,,,,,,,,,,,,,,,,,,,,,,,,,
2131803,35d7838e719c03a240f83e2ce7bc5b53728bb894d17cf045923e9c1b54d8236a5640b7557c20573f487a98bc839f7e3ff62d9b4869dd6aefe2ecd8816dc09107,08/19/2025 08:40:00 AM,2,DRIVER,,2032213,,BMW,330I,IL,2024,NONE,PASSENGER,PERSONAL,W,STRAIGHT AHEAD,,,1,,,,,,,,,Y,Y,Y,,,,,,,REAR-LEFT-CORNER,,,,,,,,,,,,,,,,,,,,,,,,,,,,,,,,,
2131804,35d7838e719c03a240f83e2ce7bc5b53728bb894d17cf045923e9c1b54d8236a5640b7557c20573f487a98bc839f7e3ff62d9b4869dd6aefe2ecd8816dc09107,08/19/2025 08:40:00 AM,1,DRIVER,,2032219,,NISSAN,ALTIMA,IL,2009,UNKNOWN,PASSENGER,PERSONAL,W,STRAIGHT AHEAD,,,1,,,,,,,,,,,,,,,,,Y,FRONT,,,,,,,,,,,,,,,,,,,,,,,,,,,,,,,,,
2131852,5b32b5067e910ff5f91c2894de66d144303e7f744c2725550cd25695a770bce000713967916edfc5050b7bd7265dda1ac2b8252282aaa9dde6369b8da955f008,08/19/2025 08:40:00 AM,1,DRIVER,,2032246,,HYUNDAI,ELANTRA,IL,2013,BRAKES,PASSENGER,PERSONAL,S,STRAIGHT AHEAD,,,1,,,,Y,,,,,,,,,,,,,,FRONT,,,,,,,,,,,,,,,,,,,,,,,,,,,,,,,,,
2131853,5b32b5067e910ff5f91c2894de66d144303e7f744c2725550cd25695a770bce000713967916edfc5050b7bd7265dda1ac2b8252282aaa9dde6369b8da955f008,08/19/2025 08:40:00 AM,2,DRIVER,,2032252,,TOYOTA,CAMRY,IL,2025,NONE,PASSENGER,PERSONAL,S,SLOW/STOP IN TRAFFIC,,,1,,,,Y,,,,,,,,,,,,,,REAR,,,,,,,,,,,,,,,,,,,,,,,,,,,,,,,,,
2131844,3d5d03f04bea0c3257666e8a91a02be05b50a4de7761285ebf9515a121d8558910e3a0f6f39ace4d8e3aeee21a2910f3bb78898f7b12ba5115c0615e65887d3b,08/19/2025 08:38:00 AM,1,DRIVER,,2032237,,FORD,OTHER (EXPLAIN IN NARRATIVE),IL,2014,UNKNOWN,TRUCK - SINGLE UNIT,CONSTRUCTION/MAINTENANCE,W,STRAIGHT AHEAD,,,1,,,,,,,,,,N,,,,,,Y,,FRONT,,,,,,,,,,,,,,,,,,,,,,,,,,,,,,,,,
2131845,3d5d03f04bea0c3257666e8a91a02be05b50a4de7761285ebf9515a121d8558910e3a0f6f39ace4d8e3aeee21a2910f3bb78898f7b12ba5115c0615e65887d3b,08/19/2025 08:38:00 AM,2,DRIVER,,2032243,,JEEP,CHEROKEE,IL,2024,UNKNOWN,SPORT UTILITY VEHICLE (SUV),PERSONAL,W,STRAIGHT AHEAD,,,1,,,,,,,,,,Y,,,,,,,,REAR,,,,,,,,,,,,,,,,,,,,,,,,,,,,,,,,,
2131856,b5671d3ee57e9b02483666ce1174811d17d1b0d4fbd410ff577e5aade306d479c5e1e3fadbde532e1dec77e223082071affb2401e5fef5226f367ef9a258805a,08/19/2025 08:38:00 AM,1,DRIVER,,2032282,,TOYOTA,COROLLA,IL,2023,UNKNOWN,PASSENGER,PERSONAL,SW,STRAIGHT AHEAD,,,1,,,,,,,,Y,Y,,,,,,,,,TOTAL (ALL AREAS),,,,,,,,,,,,,,,,,,,,,,,,,,,,,,,,,
2131857,b5671d3ee57e9b02483666ce1174811d17d1b0d4fbd410ff577e5aade306d479c5e1e3fadbde532e1dec77e223082071affb2401e5fef5226f367ef9a258805a,08/19/2025 08:38:00 AM,2,DRIVER,,2032287,,MAZDA,CX-9,IL,2009,UNKNOWN,PASSENGER,PERSONAL,SW,STRAIGHT AHEAD,,,1,,,,,,,,,,,Y,Y,Y,N,,,,TOTAL (ALL AREAS),,,,,,,,,,,,,,,,,,,,,,,,,,,,,,,,,
2131819,c6dd9d0200bd1592e0342ec1a8c457bd87165cc126e7e4979ad59c62ff639fe0a890aa3d9c7260326a028b802d85f54a0fc0fef63daca02f0af09ff0f8b22a90,08/19/2025 08:36:00 AM,1,DRIVER,2,2032229,,HONDA,ODYSSEY,MD,2013,NONE,VAN/MINI-VAN,PERSONAL,S,TURNING LEFT,Y,,3,,ALLSTATE,BODYSHOP,,Y,,,,,,,,,,Y,Y,,FRONT,,,,,,,,,,,,,,,,,,,,,,,,,,,,,,,,,
2131820,c6dd9d0200bd1592e0342ec1a8c457bd87165cc126e7e4979ad59c62ff639fe0a890aa3d9c7260326a028b802d85f54a0fc0fef63daca02f0af09ff0f8b22a90,08/19/2025 08:36:00 AM,2,DRIVER,,2032232,,CHEVROLET,TAHOE,IN,2021,NONE,SPORT UTILITY VEHICLE (SUV),PERSONAL,N,TURNING RIGHT,,,1,,,,,Y,,,,,,,,,,Y,Y,,FRONT,,,,,,,,,,,,,,,,,,,,,,,,,,,,,,,,,
2131921,6fec42aa22882aabd0e1987b838f73c0c86a5d21d481392e35b09a02a474e166acc81656ce60c2e3d163cbb735576e992569806b4af3a96a69c80dd4a8bf571f,08/19/2025 08:30:00 AM,1,DRIVER,,2032299,Y,FREIGHTLINER CORPORATION,FREIGHTLINER CORP.,IL,2022,NONE,TRACTOR W/ SEMI-TRAILER,COMMERCIAL - SINGLE UNIT,S,BACKING,,,1,,,,Y,,,,,,,,,,,,,,FRONT-LEFT-CORNER,"22,032",3842928,,,SIDE OF TRUCK,,MEGATRANS EXPRESS,IL,AURORA,,,,N,N,,N,,N,N,,,,,,,,5,TRACTOR/SEMI-TRAILER,VAN/ENCLOSED BOX,UNKNOWN,N,N,
2131922,6fec42aa22882aabd0e1987b838f73c0c86a5d21d481392e35b09a02a474e166acc81656ce60c2e3d163cbb735576e992569806b4af3a96a69c80dd4a8bf571f,08/19/2025 08:30:00 AM,2,PARKED,,2032300,,LEXUS,GS300,IL,2014,NONE,SPORT UTILITY VEHICLE (SUV),NOT IN USE,UNKNOWN,PARKED,,,0,,,,,,,,,,,,,,Y,Y,,,SIDE-LEFT-FRONT,,,,,,,,,,,,,,,,,,,,,,,,,,,,,,,,,