CRASH_UNIT_ID,CRASH_RECORD_ID,CRASH_DATE,UNIT_NO,UNIT_TYPE,NUM_PASSENGERS,VEHICLE_ID,CMRC_VEH_I,MAKE,MODEL,LIC_PLATE_STATE,VEHICLE_YEAR,VEHICLE_DEFECT,VEHICLE_TYPE,VEHICLE_USE,TRAVEL_DIRECTION,MANEUVER,TOWED_I,FIRE_I,OCCUPANT_CNT,EXCEED_SPEED_LIMIT_I,TOWED_BY,TOWED_TO,AREA_00_I,AREA_01_I,AREA_02_I,AREA_03_I,AREA_04_I,AREA_05_I,AREA_06_I,AREA_07_I,AREA_08_I,AREA_09_I,AREA_10_I,AREA_11_I,AREA_12_I,AREA_99_I,FIRST_CONTACT_POINT,CMV_ID,USDOT_NO,CCMC_NO,ILCC_NO,COMMERCIAL_SRC,GVWR,CARRIER_NAME,CARRIER_STATE,CARRIER_CITY,HAZMAT_PLACARDS_I,HAZMAT_NAME,UN_NO,HAZMAT_PRESENT_I,HAZMAT_REPORT_I,HAZMAT_REPORT_NO,MCS_REPORT_I,MCS_REPORT_NO,HAZMAT_VIO_CAUSE_CRASH_I,MCS_VIO_CAUSE_CRASH_I,IDOT_PERMIT_NO,WIDE_LOAD_I,TRAILER1_WIDTH,TRAILER2_WIDTH,TRAILER1_LENGTH,TRAILER2_LENGTH,TOTAL_VEHICLE_LENGTH,AXLE_CNT,VEHICLE_CONFIG,CARGO_BODY_TYPE,LOAD_TYPE,HAZMAT_OUT_OF_SERVICE_I,MCS_OUT_OF_SERVICE_I,HAZMAT_CLASS
2131842,ff13920b6043fbda7c9be9248e5d7faa879902b027caf8fdd2757d55268152fef1921a123221cac62a34cda948780ed2f94c5ea411b50a03048c34894c307519,08/19/2025 08:30:00 AM,1,DRIVER,,2032235,,UNKNOWN,OTHER (EXPLAIN IN NARRATIVE),,,TRAILER COUPLING,UNKNOWN/NA,UNKNOWN/NA,W,UNKNOWN/NA,,,1,,,,,,,,,,,,,,,,,,UNKNOWN,,,,,,,,,,,,,,,,,,,,,,,,,,,,,,,,,
2131843,ff13920b6043fbda7c9be9248e5d7faa879902b027caf8fdd2757d55268152fef1921a123221cac62a34cda948780ed2f94c5ea411b50a03048c34894c307519,08/19/2025 08:30:00 AM,2,DRIVERLESS,,2032265,,CHEVROLET,IMPALA,IL,1996,NONE,PASSENGER,NOT IN USE,W,PARKED,,,0,,,,,,,,,,,Y,Y,,,,,,REAR-LEFT-CORNER,,,,,,,,,,,,,,,,,,,,,,,,,,,,,,,,,
2131830,5c07ae3891e37a2ae062aa0bc090e08f8efcd049bd468c148fcae6b937bc442a11ccb4254f392f104f53da876084f59b86f302b53b2f92678a6616813395e65b,08/19/2025 08:15:00 AM,1,DRIVER,4,2032224,,THOMAS BUILT BUS COMPANY,THOMAS BUILT BUS CO.,IL,2021,UNKNOWN,BUS OVER 15 PASS.,SCHOOL BUS,E,TURNING RIGHT,,,5,,,,,,,Y,Y,,,,,,,,,,SIDE-RIGHT,,,,,,,,,,,,,,,,,,,,,,,,,,,,,,,,,
2131831,5c07ae3891e37a2ae062aa0bc090e08f8efcd049bd468c148fcae6b937bc442a11ccb4254f392f104f53da876084f59b86f302b53b2f92678a6616813395e65b,08/19/2025 08:15:00 AM,2,PARKED,,2032227,,HONDA,ACCORD,IL,2000,UNKNOWN,PASSENGER,PERSONAL,E,PARKED,,,0,,,,,,,,,,,Y,,,,,,,REAR-LEFT-CORNER,,,,,,,,,,,,,,,,,,,,,,,,,,,,,,,,,
2132205,aa5952dfe946bcb8814bd2cd5e90b21eccb1a97e1a546dcc8782d1ed595dc66c483b245d5f0d15b54378e136cd11827629ebc9784ca06fc5d81e483cfd1435ba,08/19/2025 08:15:00 AM,1,DRIVER,,2032563,,HONDA,CR-V,IL,2000,UNKNOWN,PASSENGER,PERSONAL,UNKNOWN,UNKNOWN/NA,,,1,,,,,Y,Y,,,,,,,,,Y,Y,,FRONT-RIGHT-CORNER,,,,,,,,,,,,,,,,,,,,,,,,,,,,,,,,,
2132206,aa5952dfe946bcb8814bd2cd5e90b21eccb1a97e1a546dcc8782d1ed595dc66c483b245d5f0d15b54378e136cd11827629ebc9784ca06fc5d81e483cfd1435ba,08/19/2025 08:15:00 AM,2,DRIVER,,2032566,,HONDA,CIVIC,IL,2013,UNKNOWN,PASSENGER,PERSONAL,UNKNOWN,UNKNOWN/NA,,,1,,,,,,,,,,Y,Y,Y,Y,,,,,SIDE-LEFT-REAR,,,,,,,,,,,,,,,,,,,,,,,,,,,,,,,,,
2131823,52cabf0a9a7939bb2604223e410744adba0535419fc204d800d156c562ad7a9990c722e73253a51562f1221edfbdde9957dfeeb3a081636cc4ffbd5f1e29b5ef,08/19/2025 08:10:00 AM,1,DRIVER,,2032216,,FORD,EXPLORER,IL,2023,NONE,SPORT UTILITY VEHICLE (SUV),POLICE,S,STRAIGHT AHEAD,,,1,,,,,,Y,,,,,,,,,,,,SIDE-RIGHT,,,,,,,,,,,,,,,,,,,,,,,,,,,,,,,,,
2131824,52cabf0a9a7939bb2604223e410744adba0535419fc204d800d156c562ad7a9990c722e73253a51562f1221edfbdde9957dfeeb3a081636cc4ffbd5f1e29b5ef,08/19/2025 08:10:00 AM,2,DRIVER,,2032217,,KIA,TELLURIDE,IL,2021,NONE,SPORT UTILITY VEHICLE (SUV),PERSONAL,S,SLOW/STOP IN TRAFFIC,,,1,,,,Y,,,,,,,,,,,,,,SIDE-LEFT,,,,,,,,,,,,,,,,,,,,,,,,,,,,,,,,,
2132327,7ee1283922a866c9ea9a5e674935c391b902331b95e4162f56d15a774c02240dbb962642b51f31cba9750bc87f1fc7c1747d701e8631d85f5c8aa6d613d3deaa,08/19/2025 08:10:00 AM,1,DRIVER,,2032678,,JEEP,JEEP,IL,,UNKNOWN,UNKNOWN/NA,UNKNOWN/NA,NW,TURNING RIGHT,,,1,,,,,,,,,,,,,,,,,Y,FRONT-LEFT-CORNER,,,,,,,,,,,,,,,,,,,,,,,,,,,,,,,,,
2132328,7ee1283922a866c9ea9a5e674935c391b902331b95e4162f56d15a774c02240dbb962642b51f31cba9750bc87f1fc7c1747d701e8631d85f5c8aa6d613d3deaa,08/19/2025 08:10:00 AM,2,DRIVER,1,2032681,,JEEP,COMPASS,IL,2020,NONE,SPORT UTILITY VEHICLE (SUV),PERSONAL,S,SLOW/STOP IN TRAFFIC,,,2,,,,,,,,,,,,Y,Y,,,,,SIDE-LEFT,,,,,,,,,,,,,,,,,,,,,,,,,,,,,,,,,
2131838,cadfd92105b60b20bd346983b965b6b5243c61802cd97ba1c08b951d05056bbd4570afbd3b3d7ce1d84f8ca337504aac52ca70e3ad37466535eee18b679e4684,08/19/2025 08:10:00 AM,1,DRIVER,2,2032234,,ACURA,RLX,IL,2012,UNKNOWN,SPORT UTILITY VEHICLE (SUV),PERSONAL,N,TURNING LEFT,,,3,,,,,,,Y,Y,,,,,,,,,,SIDE-RIGHT,,,,,,,,,,,,,,,,,,,,,,,,,,,,,,,,,
2131839,cadfd92105b60b20bd346983b965b6b5243c61802cd97ba1c08b951d05056bbd4570afbd3b3d7ce1d84f8ca337504aac52ca70e3ad37466535eee18b679e4684,08/19/2025 08:10:00 AM,2,DRIVER,,2032240,,JEEP,LIBERTY,IL,2012,UNKNOWN,SPORT UTILITY VEHICLE (SUV),PERSONAL,W,STRAIGHT AHEAD,,,1,,,,,,,,,,,,,,,,Y,,FRONT-LEFT-CORNER,,,,,,,,,,,,,,,,,,,,,,,,,,,,,,,,,
2131788,7c5ab35893d7ad25e5eddf717ce7b6b8a475e7d56e82aa7076146413757cbbd691736d9e7155543b5aee48b974dda1c1f4021385b25a933542d3ec5514e635ba,08/19/2025 08:04:00 AM,1,DRIVER,,2032177,,DODGE,CARAVAN,,,UNKNOWN,VAN/MINI-VAN,PERSONAL,N,PASSING/OVERTAKING,,,1,,,,,Y,Y,,,,,,,,,,,,FRONT-RIGHT-CORNER,,,,,,,,,,,,,,,,,,,,,,,,,,,,,,,,,
2131789,7c5ab35893d7ad25e5eddf717ce7b6b8a475e7d56e82aa7076146413757cbbd691736d9e7155543b5aee48b974dda1c1f4021385b25a933542d3ec5514e635ba,08/19/2025 08:04:00 AM,2,DRIVER,4,2032189,,NORTH AMERICAN BUS INDUSTRIES,OTHER (EXPLAIN IN NARRATIVE),IL,2025,UNKNOWN,BUS OVER 15 PASS.,SCHOOL BUS,N,OTHER,,,5,,,,Y,,,,,,,,,,,,,,SIDE-LEFT,,,,,,,,,,,,,,,,,,,,,,,,,,,,,,,,,
2131848,c98b8ca84ec4144c008e328aa40da76f1796f89491f51dfae2b1ea88bb96ae4a18240abba893b9d2b2821d68cfa398e119a9912c6c822e4b25cbb5758b59e3f2,08/19/2025 08:04:00 AM,1,DRIVER,,2032238,,CHEVROLET,MALIBU,IN,,UNKNOWN,PASSENGER,PERSONAL,N,UNKNOWN/NA,,,1,,,,,,,,,,,N,,N,,,,Y,SIDE-LEFT,,,,,,,,,,,,,,,,,,,,,,,,,,,,,,,,,
2131849,c98b8ca84ec4144c008e328aa40da76f1796f89491f51dfae2b1ea88bb96ae4a18240abba893b9d2b2821d68cfa398e119a9912c6c822e4b25cbb5758b59e3f2,08/19/2025 08:04:00 AM,2,DRIVER,,2032241,,DODGE,RAM 1500 PU,IL,2014,UNKNOWN,PICKUP,PERSONAL,N,UNKNOWN/NA,,,1,,,,,Y,Y,Y,,,,,,,,,,,SIDE-RIGHT,,,,,,,,,,,,,,,,,,,,,,,,,,,,,,,,,
2131832,5f69c53b3df55b5735076b28e66a6de57a8ded80c1b5073d7d4e8313cd39f1fc299d22c186085f82e3ecc655c6f43f9428e6b3b0b352a7993119ca42bd1100b2,08/19/2025 08:03:00 AM,1,DRIVER,,2032221,,HYUNDAI,ELANTRA,,2018,UNKNOWN,PASSENGER,PERSONAL,S,STRAIGHT AHEAD,,,1,,,,,,,,,,,,,,,Y,,,FRONT,,,,,,,,,,,,,,,,,,,,,,,,,,,,,,,,,
2131833,5f69c53b3df55b5735076b28e66a6de57a8ded80c1b5073d7d4e8313cd39f1fc299d22c186085f82e3ecc655c6f43f9428e6b3b0b352a7993119ca42bd1100b2,08/19/2025 08:03:00 AM,2,DRIVER,1,2032226,,TOYOTA,CAMRY,IL,2021,UNKNOWN,PASSENGER,PERSONAL,S,STRAIGHT AHEAD,,,2,,,,,,,,,,Y,,,,,,,,REAR,,,,,,,,,,,,,,,,,,,,,,,,,,,,,,,,,
2131767,01b3b148eadfdbf384d39b2e0838908af96cd15b70122a6eb8900b12fa236b3347ae4122ce285430be66bdc0eae4475863018f7d61743a0b3a56a3a6b8f03ac3,08/19/2025 08:00:00 AM,1,DRIVER,,2032157,,FORD,F250,IL,2019,NONE,PICKUP,PERSONAL,N,STRAIGHT AHEAD,,,1,,,,,Y,,,,,,,,,,Y,Y,,FRONT,,,,,,,,,,,,,,,,,,,,,,,,,,,,,,,,,
2131768,01b3b148eadfdbf384d39b2e0838908af96cd15b70122a6eb8900b12fa236b3347ae4122ce285430be66bdc0eae4475863018f7d61743a0b3a56a3a6b8f03ac3,08/19/2025 08:00:00 AM,2,DRIVER,,2032161,,DODGE,RAM 1500 VAN,IL,2024,NONE,VAN/MINI-VAN,PERSONAL,N,STRAIGHT AHEAD,,,1,,,,,,,,,Y,Y,Y,,,,,,,REAR,,,,,,,,,,,,,,,,,,,,,,,,,,,,,,,,,
2131930,1e1e27b5a5031c934217ea46996dad24e7ac05d5c2362184cf83a6e9ab8a490e85242888f0ed7859d9389f0b8b9b870b5e475ad32f10e48b9916773b72bad3ee,08/19/2025 08:00:00 AM,1,DRIVER,,2032304,,UNKNOWN,OTHER (EXPLAIN IN NARRATIVE),IL,,NONE,UNKNOWN/NA,UNKNOWN/NA,E,UNKNOWN/NA,,,1,,,,,,,,,,,,,,,,,,UNKNOWN,,,,,,,,,,,,,,,,,,,,,,,,,,,,,,,,,
2131931,1e1e27b5a5031c934217ea46996dad24e7ac05d5c2362184cf83a6e9ab8a490e85242888f0ed7859d9389f0b8b9b870b5e475ad32f10e48b9916773b72bad3ee,08/19/2025 08:00:00 AM,2,PARKED,,2032308,,SUBARU,IMPREZA,IL,,NONE,PASSENGER,OTHER,S,PARKED,,,0,,,,,,,,,Y,Y,,,,,,,,REAR-LEFT-CORNER,,,,,,,,,,,,,,,,,,,,,,,,,,,,,,,,,
2131827,b294b051f66c9d251a640d21465b85d0827ab8ed115d912c32fcd3fbd24b88572866ed04c92ca98575403cd36d6c49e1512c334d05a786883ae3350f2cb37743,08/19/2025 08:00:00 AM,1,DRIVER,,2032218,,UNKNOWN,OTHER (EXPLAIN IN NARRATIVE),XX,2010,NONE,OTHER,FIRE,E,STRAIGHT AHEAD,,,1,,,,,,Y,Y,,,,,,,,,,,SIDE-RIGHT,,,,,,,,,,,,,,,,,,,,,,,,,,,,,,,,,
2132346,c58efc392938156dcc25bc828975d43bfd7e29c5d2f879c2f063ae1a128487cbcaf56d60143a0e572f7f9fe7a5ad011f8d0340cb5976638791cf43a220302cdd,08/19/2025 08:00:00 AM,1,DRIVER,,2032697,,UNKNOWN,OTHER (EXPLAIN IN NARRATIVE),IL,,UNKNOWN,UNKNOWN/NA,UNKNOWN/NA,UNKNOWN,UNKNOWN/NA,,,1,,,,,N,N,,,,,,,,,,,,UNKNOWN,,,,,,,,,,,,,,,,,,,,,,,,,,,,,,,,,
2132347,c58efc392938156dcc25bc828975d43bfd7e29c5d2f879c2f063ae1a128487cbcaf56d60143a0e572f7f9fe7a5ad011f8d0340cb5976638791cf43a220302cdd,08/19/2025 08:00:00 AM,2,PARKED,,2032701,,INFINITI,QX60,IL,2015,NONE,SPORT UTILITY VEHICLE (SUV),PERSONAL,E,PARKED,,,0,,,,,Y,Y,,,,,,,,,,,,FRONT-RIGHT-CORNER,,,,,,,,,,,,,,,,,,,,,,,,,,,,,,,,,
2131854,fe13b983d086a699dedefda01ab16c0c0662ec6374a0cced315a1685c7e2592af7cb17c12ad00b39c76f45bbf3c672b48f53f74727d273856a83525f48884a3a,08/19/2025 08:00:00 AM,1,DRIVER,,2032245,,CHRYSLER,TOWN & COUNTRY,IL,2006,NONE,VAN/MINI-VAN,PERSONAL,SW,TURNING LEFT,Y,,1,,VEHICLE OWNER,VEHICLE OWNER,,Y,Y,,,,,,,,Y,Y,Y,,FRONT-LEFT-CORNER,,,,,,,,,,,,,,,,,,,,,,,,,,,,,,,,,
2131855,fe13b983d086a699dedefda01ab16c0c0662ec6374a0cced315a1685c7e2592af7cb17c12ad00b39c76f45bbf3c672b48f53f74727d273856a83525f48884a3a,08/19/2025 08:00:00 AM,2,DRIVER,1,2032253,,MERCEDES-BENZ,GLA,,2019,NONE,SPORT UTILITY VEHICLE (SUV),PERSONAL,N,STRAIGHT AHEAD,Y,,2,,VEHICLE OWNER,VEHICLE OWNER,,Y,Y,Y,,,,,,,Y,Y,Y,,FRONT-RIGHT-CORNER,,,,,,,,,,,,,,,,,,,,,,,,,,,,,,,,,
2131811,639a9e306604bddb9754d5285a4825430ac45bc479bce71da82062fd6236793da55602f8ea2d67a575682ce86282eb07b5a88b95acbb9cd9e54768f7f1da24d2,08/19/2025 07:57:00 AM,1,DRIVER,,2032202,,TESLA,OTHER (EXPLAIN IN NARRATIVE),IL,2023,NONE,PASSENGER,PERSONAL,E,STRAIGHT AHEAD,Y,,1,,,,,,,,,,,,,Y,Y,Y,Y,,FRONT-LEFT-CORNER,,,,,,,,,,,,,,,,,,,,,,,,,,,,,,,,,
2131812,639a9e306604bddb9754d5285a4825430ac45bc479bce71da82062fd6236793da55602f8ea2d67a575682ce86282eb07b5a88b95acbb9cd9e54768f7f1da24d2,08/19/2025 07:57:00 AM,2,DRIVER,,2032208,,FORD,TRANSIT CONNECT,IL,2018,NONE,VAN/MINI-VAN,PERSONAL,W,STRAIGHT AHEAD,Y,,1,,,,,,,,,,,,,,Y,Y,Y,,FRONT-LEFT-CORNER,,,,,,,,,,,,,,,,,,,,,,,,,,,,,,,,,
2131815,93148185d89bab1555ca866680936dd0f178306beab734262ddac58a408d82d4e6ab27a837a59867e8e921a67a65b913f8a35de2a84995b8bd55fdcc04e11d39,08/19/2025 07:55:00 AM,1,DRIVER,,2032212,,FORD,ESCAPE,IL,2022,UNKNOWN,SPORT UTILITY VEHICLE (SUV),PERSONAL,S,ENTERING TRAFFIC LANE FROM PARKING,,,1,,,,,Y,,,,,,,,,,,,,FRONT-RIGHT-CORNER,,,,,,,,,,,,,,,,,,,,,,,,,,,,,,,,,
2131816,93148185d89bab1555ca866680936dd0f178306beab734262ddac58a408d82d4e6ab27a837a59867e8e921a67a65b913f8a35de2a84995b8bd55fdcc04e11d39,08/19/2025 07:55:00 AM,2,DRIVER,,2032225,,HONDA,CIVIC,IL,2018,UNKNOWN,PASSENGER,PERSONAL,S,STRAIGHT AHEAD,,,1,,,,,,,,,,,Y,Y,Y,Y,Y,,,SIDE-LEFT,,,,,,,,,,,,,,,,,,,,,,,,,,,,,,,,,
2131829,34290088ac2921e911d187c54a9bee33ffb0d5581c90d800d10673c251590f4639dcb6d1c5c9994565afff3cb8c33539eed2ea74b16141f7e5ac8987e977cd74,08/19/2025 07:50:00 AM,1,DRIVER,,2032222,,CHEVROLET,TRAX,IL,2018,UNKNOWN,PASSENGER,PERSONAL,E,STRAIGHT AHEAD,,,1,,,,,Y,,,,,,,,,,Y,Y,,FRONT,,,,,,,,,,,,,,,,,,,,,,,,,,,,,,,,,
2131807,84d0f528e40786d29dd4fd60867913ab0c88fb7dc0fddd23696380b47a26c66bb9f75c3a66320539200c1c3a02efbbfb646e4e2208d95e18ff46be4fd0e0c44d,08/19/2025 07:50:00 AM,1,DRIVER,,2032199,,TOYOTA,CAMRY,IL,,NONE,PASSENGER,PERSONAL,E,STRAIGHT AHEAD,,,1,,,,,,,,,,Y,,,,,N,,,REAR,,,,,,,,,,,,,,,,,,,,,,,,,,,,,,,,,
2131808,84d0f528e40786d29dd4fd60867913ab0c88fb7dc0fddd23696380b47a26c66bb9f75c3a66320539200c1c3a02efbbfb646e4e2208d95e18ff46be4fd0e0c44d,08/19/2025 07:50:00 AM,2,DRIVER,2,2032215,,CHEVROLET,TRAX,IL,,NONE,PASSENGER,PERSONAL,E,STRAIGHT AHEAD,,,3,,,,,,,,,,Y,,,,,,,,REAR,,,,,,,,,,,,,,,,,,,,,,,,,,,,,,,,,
2131858,85a3dde21842d07cde950ff5e7b64965d129083a4ba9dc1a37b37a5a2d373fcdf185589771f69f391377931b534e5038e33e13375bca62ad74f0ab06334178ee,08/19/2025 07:50:00 AM,1,DRIVER,,2032257,,LINCOLN,CONTINENTAL,IL,2020,NONE,PASSENGER,PERSONAL,E,U-TURN,,,1,,,,,Y,,,,,,,,,,,,,FRONT-RIGHT-CORNER,,,,,,,,,,,,,,,,,,,,,,,,,,,,,,,,,
2131859,85a3dde21842d07cde950ff5e7b64965d129083a4ba9dc1a37b37a5a2d373fcdf185589771f69f391377931b534e5038e33e13375bca62ad74f0ab06334178ee,08/19/2025 07:50:00 AM,2,DRIVER,,2032268,,CHEVROLET,IMPALA,IL,1996,NONE,PASSENGER,PERSONAL,W,STRAIGHT AHEAD,Y,,1,,AAA,UNKNOWN,,Y,Y,Y,Y,Y,Y,Y,Y,Y,Y,Y,,,FRONT-LEFT-CORNER,,,,,,,,,,,,,,,,,,,,,,,,,,,,,,,,,
2131868,a292721f44ccf27485e8d84ab9c24e6ac2a9a4f326c5aa4af67717ee2e65df97964c21d0e051c9bc975ae21d448e2105174670df753aa4643a25c98bca02de98,08/19/2025 07:50:00 AM,1,DRIVER,,2032259,,FORD,EDGE,IL,2008,UNKNOWN,SPORT UTILITY VEHICLE (SUV),PERSONAL,E,STRAIGHT AHEAD,,,1,,,,,,,,,,,,,,,,Y,,FRONT,,,,,,,,,,,,,,,,,,,,,,,,,,,,,,,,,
2131869,a292721f44ccf27485e8d84ab9c24e6ac2a9a4f326c5aa4af67717ee2e65df97964c21d0e051c9bc975ae21d448e2105174670df753aa4643a25c98bca02de98,08/19/2025 07:50:00 AM,2,DRIVER,1,2032263,,FORD,FOCUS,IL,2002,NONE,PASSENGER,PERSONAL,S,STRAIGHT AHEAD,,,2,,,,,,Y,Y,,,,,,,,,,,SIDE-RIGHT,,,,,,,,,,,,,,,,,,,,,,,,,,,,,,,,,
2131881,d7a61f597429a2df39ffb32ba7f76617d6b2e981a17832cb71981424ddd7a8a5cb1ec13feaf82ec0e3047d800fbc8c578fda7158a9340b31dba307f88b356f77,08/19/2025 07:50:00 AM,1,DRIVER,,2032266,,HYUNDAI,GENESIS,IL,2016,NONE,PASSENGER,PERSONAL,E,STRAIGHT AHEAD,,,1,,,,,,,,,,,,,,,,,Y,FRONT,,,,,,,,,,,,,,,,,,,,,,,,,,,,,,,,,
2131882,d7a61f597429a2df39ffb32ba7f76617d6b2e981a17832cb71981424ddd7a8a5cb1ec13feaf82ec0e3047d800fbc8c578fda7158a9340b31dba307f88b356f77,08/19/2025 07:50:00 AM,2,DRIVER,,2032272,,CHEVROLET,EQUINOX,IL,2026,NONE,PASSENGER,PERSONAL,SE,TURNING LEFT,,,1,,,,,Y,,,,,,,,,,,,,FRONT-RIGHT-CORNER,,,,,,,,,,,,,,,,,,,,,,,,,,,,,,,,,
2131776,1058f397e9cb6440861761c7179b52b69ce109ed8b134301b4a1338bc14ace917d70727800d77d68e06c32bcb5370bef9d6b8a3868d0d6aab33138b2c6901cba,08/19/2025 07:45:00 AM,1,DRIVER,,2032165,,UNKNOWN,MOTORIZED,IL,,UNKNOWN,PASSENGER,UNKNOWN/NA,S,TURNING LEFT,,,1,,,,,Y,,,,,,,,,,Y,Y,,FRONT,,,,,,,,,,,,,,,,,,,,,,,,,,,,,,,,,
2131777,1058f397e9cb6440861761c7179b52b69ce109ed8b134301b4a1338bc14ace917d70727800d77d68e06c32bcb5370bef9d6b8a3868d0d6aab33138b2c6901cba,08/19/2025 07:45:00 AM,2,DRIVER,,2032172,,TOYOTA,CAMRY,IL,2023,NONE,PASSENGER,PERSONAL,N,STRAIGHT AHEAD,,,1,,,,,,,,,,,Y,Y,,,,,,REAR-LEFT-CORNER,,,,,,,,,,,,,,,,,,,,,,,,,,,,,,,,,
2133141,7bb769fb1569484cbd68eee812f6bbd40aaede4d5857fc0e5d271d68ed8d29660fbbfa5b30c446fc1459245a4869adbf8427ba2d0847577f3c9654841adb7910,08/19/2025 07:45:00 AM,1,DRIVER,,2033467,,FORD,CUSTOM,IL,2014,NONE,TRUCK - SINGLE UNIT,CONSTRUCTION/MAINTENANCE,E,STRAIGHT AHEAD,,,1,,,,,,,,,,,,,,,,Y,Y,FRONT,,,,,,,,,,,,,,,,,,,,,,,,,,,,,,,,,
2133142,7bb769fb1569484cbd68eee812f6bbd40aaede4d5857fc0e5d271d68ed8d29660fbbfa5b30c446fc1459245a4869adbf8427ba2d0847577f3c9654841adb7910,08/19/2025 07:45:00 AM,2,DRIVER,,2033470,,TOYOTA,RAV4,IL,2017,NONE,SPORT UTILITY VEHICLE (SUV),PERSONAL,E,SLOW/STOP IN TRAFFIC,,,1,,,,,,,,,,Y,,,,,,,Y,REAR,,,,,,,,,,,,,,,,,,,,,,,,,,,,,,,,,
2131790,869159063fefe066842e370f5450da55e1c40505fd6bfab37c0c03bdfba48fec6de017acbe034b18d62c1465041ba3ae6914d98313e89b1e05e159880a72bd97,08/19/2025 07:45:00 AM,1,DRIVER,,2032176,,JEEP,PATRIOT,IL,2005,NONE,PASSENGER,PERSONAL,S,STRAIGHT AHEAD,,,1,,,,,,,,,,,,,,,Y,,,FRONT,,,,,,,,,,,,,,,,,,,,,,,,,,,,,,,,,
2131791,869159063fefe066842e370f5450da55e1c40505fd6bfab37c0c03bdfba48fec6de017acbe034b18d62c1465041ba3ae6914d98313e89b1e05e159880a72bd97,08/19/2025 07:45:00 AM,2,DRIVER,,2032193,,FORD,MUSTANG,IL,2013,NONE,PASSENGER,PERSONAL,SW,TURNING LEFT,,,1,,,,,,Y,Y,,,,,,,,,,,SIDE-RIGHT,,,,,,,,,,,,,,,,,,,,,,,,,,,,,,,,,
2131834,91e57ddc587e32e94df1ac4493d4ef0616966c799f7d16175e825bd0552eb3341522becedf1c063b6953da794ed479b5a939c5d2571066ba0954c7c6e7957302,08/19/2025 07:45:00 AM,1,DRIVER,,2032228,,UNKNOWN,OTHER (EXPLAIN IN NARRATIVE),,,UNKNOWN,PASSENGER,UNKNOWN/NA,SW,TURNING RIGHT,,,1,,,,,,,,,,,,,,,,,Y,FRONT-RIGHT-CORNER,,,,,,,,,,,,,,,,,,,,,,,,,,,,,,,,,
2131835,91e57ddc587e32e94df1ac4493d4ef0616966c799f7d16175e825bd0552eb3341522becedf1c063b6953da794ed479b5a939c5d2571066ba0954c7c6e7957302,08/19/2025 07:45:00 AM,2,BICYCLE,,,,,,,,,,,,,,,,,,,,,,,,,,,,,,,,,,,,,,,,,,,,,,,,,,,,,,,,,,,,,,,,,,
2134851,2eef2b996f67a5eb27888c96fbb4a6519f1c7a9f02f45e235bf6cc37175b0a0d2689a44342e4949df874c2e63e2e40afbf9351050214ab35b3f39387c6226cb8,08/19/2025 07:40:00 AM,1,DRIVER,,2035085,,CHRYSLER,PACIFICA,IL,2017,UNKNOWN,VAN/MINI-VAN,PERSONAL,N,STRAIGHT AHEAD,,,1,,,,,,,,,,,,,,,,,Y,UNKNOWN,,,,,,,,,,,,,,,,,,,,,,,,,,,,,,,,,
2134852,2eef2b996f67a5eb27888c96fbb4a6519f1c7a9f02f45e235bf6cc37175b0a0d2689a44342e4949df874c2e63e2e40afbf9351050214ab35b3f39387c6226cb8,08/19/2025 07:40:00 AM,2,PARKED,,2035093,,SUBARU,CROSSTREK,IL,2019,UNKNOWN,SPORT UTILITY VEHICLE (SUV),NOT IN USE,N,PARKED,,,0,,,,,,,,,,,,,,,Y,,,FRONT-LEFT-CORNER,,,,,,,,,,,,,,,,,,,,,,,,,,,,,,,,,
2131765,828696a43182930eae87c180d1e8ea0a02d0faf18d5c3442fb6b5231080bcb8c231aa02fd1fa5fd5d06f077bf40cdca24adc623bb7c4a716ef3dbca7c7e25b51,08/19/2025 07:40:00 AM,1,DRIVER,2,2032163,,FORD,VAN,IL,2020,NONE,VAN/MINI-VAN,AGRICULTURE,W,TURNING LEFT,,,3,,,,,,,,,,,,Y,Y,,,,,SIDE-LEFT,,,,,,,,,,,,,,,,,,,,,,,,,,,,,,,,,
2131766,828696a43182930eae87c180d1e8ea0a02d0faf18d5c3442fb6b5231080bcb8c231aa02fd1fa5fd5d06f077bf40cdca24adc623bb7c4a716ef3dbca7c7e25b51,08/19/2025 07:40:00 AM,2,PARKED,,2032179,,FORD,VAN,IL,2023,NONE,VAN/MINI-VAN,NOT IN USE,E,PARKED,,,0,,,,,,,,,,,Y,,,,,,,REAR-LEFT-CORNER,,,,,,,,,,,,,,,,,,,,,,,,,,,,,,,,,
2131817,3d4243aa98bd7888c8bc0951bd75939108aa3c70d3856abd206d497d7277fa0806c5b889b9603a72b78595bb983fa1ad01eb941fc8d559fa765527e1e27259d4,08/19/2025 07:39:00 AM,1,DRIVER,,2032210,,UNKNOWN,OTHER (EXPLAIN IN NARRATIVE),IL,,UNKNOWN,PASSENGER,UNKNOWN/NA,S,STRAIGHT AHEAD,,,1,,,,,Y,,,,,,,,,,,,,FRONT-RIGHT-CORNER,,,,,,,,,,,,,,,,,,,,,,,,,,,,,,,,,