CRASH_UNIT_ID,CRASH_RECORD_ID,CRASH_DATE,UNIT_NO,UNIT_TYPE,NUM_PASSENGERS,VEHICLE_ID,CMRC_VEH_I,MAKE,MODEL,LIC_PLATE_STATE,VEHICLE_YEAR,VEHICLE_DEFECT,VEHICLE_TYPE,VEHICLE_USE,TRAVEL_DIRECTION,MANEUVER,TOWED_I,FIRE_I,OCCUPANT_CNT,EXCEED_SPEED_LIMIT_I,TOWED_BY,TOWED_TO,AREA_00_I,AREA_01_I,AREA_02_I,AREA_03_I,AREA_04_I,AREA_05_I,AREA_06_I,AREA_07_I,AREA_08_I,AREA_09_I,AREA_10_I,AREA_11_I,AREA_12_I,AREA_99_I,FIRST_CONTACT_POINT,CMV_ID,USDOT_NO,CCMC_NO,ILCC_NO,COMMERCIAL_SRC,GVWR,CARRIER_NAME,CARRIER_STATE,CARRIER_CITY,HAZMAT_PLACARDS_I,HAZMAT_NAME,UN_NO,HAZMAT_PRESENT_I,HAZMAT_REPORT_I,HAZMAT_REPORT_NO,MCS_REPORT_I,MCS_REPORT_NO,HAZMAT_VIO_CAUSE_CRASH_I,MCS_VIO_CAUSE_CRASH_I,IDOT_PERMIT_NO,WIDE_LOAD_I,TRAILER1_WIDTH,TRAILER2_WIDTH,TRAILER1_LENGTH,TRAILER2_LENGTH,TOTAL_VEHICLE_LENGTH,AXLE_CNT,VEHICLE_CONFIG,CARGO_BODY_TYPE,LOAD_TYPE,HAZMAT_OUT_OF_SERVICE_I,MCS_OUT_OF_SERVICE_I,HAZMAT_CLASS
2131818,3d4243aa98bd7888c8bc0951bd75939108aa3c70d3856abd206d497d7277fa0806c5b889b9603a72b78595bb983fa1ad01eb941fc8d559fa765527e1e27259d4,08/19/2025 07:39:00 AM,2,DRIVER,,2032223,,CHEVROLET,SUBURBAN,IL,2024,NONE,SPORT UTILITY VEHICLE (SUV),RIDESHARE SERVICE,S,TURNING LEFT,,,1,,,,,,Y,Y,Y,,,,,,,,,,SIDE-RIGHT,,,,,,,,,,,,,,,,,,,,,,,,,,,,,,,,,
2131928,9c9767c4a840b08be830b8f05a33fad8aa573710beeebbf81d1fc0ffc1763e19939960eb8c74b4277efc442866d3912e0e775dc339b83c9feba0022d96111a31,08/19/2025 07:39:00 AM,1,BICYCLE,,,,,,,,,,,,,,,,,,,,,,,,,,,,,,,,,,,,,,,,,,,,,,,,,,,,,,,,,,,,,,,,,,
2131929,9c9767c4a840b08be830b8f05a33fad8aa573710beeebbf81d1fc0ffc1763e19939960eb8c74b4277efc442866d3912e0e775dc339b83c9feba0022d96111a31,08/19/2025 07:39:00 AM,2,DRIVER,,2032310,N,BMW,L7,IL,2025,UNKNOWN,PASSENGER,OTHER,W,STRAIGHT AHEAD,,,1,,,,,,,,,,,,,,Y,Y,Y,,UNKNOWN,,,,,,,,,,,,,,,,,,,,,,,,,,,,,,,,,
2131761,f6778362224fb5c9052ee2cb9ea76b24924a47d82e8428b78d08b9d1b07130cdfed63e74f3f6223327f227527de75d160da4292013c195e0d2b022c4ce3fd2aa,08/19/2025 07:38:00 AM,1,DRIVER,,2032182,,UNKNOWN,OTHER (EXPLAIN IN NARRATIVE),IL,,UNKNOWN,UNKNOWN/NA,UNKNOWN/NA,UNKNOWN,UNKNOWN/NA,,,1,,,,,Y,Y,Y,,,,,,,,,,,FRONT-RIGHT-CORNER,,,,,,,,,,,,,,,,,,,,,,,,,,,,,,,,,
2131762,f6778362224fb5c9052ee2cb9ea76b24924a47d82e8428b78d08b9d1b07130cdfed63e74f3f6223327f227527de75d160da4292013c195e0d2b022c4ce3fd2aa,08/19/2025 07:38:00 AM,2,DRIVER,,2032164,,NOVA BUS,LFS,IL,2022,NONE,BUS OVER 15 PASS.,CTA,E,STRAIGHT AHEAD,,,1,,,,,,,,,,,,,,,,,,SIDE-LEFT-FRONT,,,,,,,,,,,,,,,,,,,,,,,,,,,,,,,,,
2131771,700f7fbf1f7ce8e3deebc7dee8ff59b9da88313826ed119fc43e156b7fc162d4516d20386c03ec0d4d6dcbede93c998426b1ea2db1300aa9a511b571e87a096e,08/19/2025 07:35:00 AM,1,DRIVER,,2032162,,TOYOTA,CAMRY,IL,2014,UNKNOWN,PASSENGER,PERSONAL,E,STRAIGHT AHEAD,,,1,,,,,,,,,,,,,,,,Y,,FRONT,,,,,,,,,,,,,,,,,,,,,,,,,,,,,,,,,
2131772,700f7fbf1f7ce8e3deebc7dee8ff59b9da88313826ed119fc43e156b7fc162d4516d20386c03ec0d4d6dcbede93c998426b1ea2db1300aa9a511b571e87a096e,08/19/2025 07:35:00 AM,2,DRIVER,,2032183,,SUBARU,FORESTER,IL,2015,UNKNOWN,SPORT UTILITY VEHICLE (SUV),PERSONAL,E,STRAIGHT AHEAD,,,1,,,,,,,,,,,,,,,,,,REAR,,,,,,,,,,,,,,,,,,,,,,,,,,,,,,,,,
2132995,88e1caf05c89180f1a78415691853dcc0ca525cb3109f9a5e6578e22787082c7a3dbb5516a90c06dcf4da727f1617473b1df402773ad3eaf3723654a36df500d,08/19/2025 07:30:00 AM,1,DRIVER,,2033325,,UNKNOWN,OTHER (EXPLAIN IN NARRATIVE),IL,,UNKNOWN,PASSENGER,PERSONAL,S,STRAIGHT AHEAD,,,1,,,,,,,,,,,,,,,,,Y,FRONT-RIGHT-CORNER,,,,,,,,,,,,,,,,,,,,,,,,,,,,,,,,,
2132996,88e1caf05c89180f1a78415691853dcc0ca525cb3109f9a5e6578e22787082c7a3dbb5516a90c06dcf4da727f1617473b1df402773ad3eaf3723654a36df500d,08/19/2025 07:30:00 AM,2,PARKED,,2033323,,NISSAN,VERSA,IL,2024,UNKNOWN,PASSENGER,NOT IN USE,S,PARKED,,,0,,,,,,,,,,,,,,Y,Y,,,FRONT-LEFT-CORNER,,,,,,,,,,,,,,,,,,,,,,,,,,,,,,,,,
2131782,27f5e9eda25de8ca27773a274cdadabb11a27ff42b9691276d64fdc3825718024d406ac68a06eaab0d9b4336acf85eb1197dfff2cf775fe45e79e9e4b901376a,08/19/2025 07:29:00 AM,1,DRIVER,,2032171,,HYUNDAI,ELANTRA,IL,2010,UNKNOWN,PASSENGER,PERSONAL,S,BACKING,,,1,,,,Y,,,,,,,,,,,,,,REAR,,,,,,,,,,,,,,,,,,,,,,,,,,,,,,,,,
2131783,27f5e9eda25de8ca27773a274cdadabb11a27ff42b9691276d64fdc3825718024d406ac68a06eaab0d9b4336acf85eb1197dfff2cf775fe45e79e9e4b901376a,08/19/2025 07:29:00 AM,2,PEDESTRIAN,,,,,,,,,,,,,,,,,,,,,,,,,,,,,,,,,,,,,,,,,,,,,,,,,,,,,,,,,,,,,,,,,,
2131773,46876fd8d1bf821a82da284160fcb6ced6e3ec2346153251d9101f3e0c1a7f55e48f3b10885bf76ae372437e8edad6c32fc364400f8944bc4111126e8ae1dd98,08/19/2025 07:25:00 AM,1,DRIVER,,2032160,,MAZDA,MAZDA3,IL,2016,UNKNOWN,PASSENGER,PERSONAL,N,STRAIGHT AHEAD,,,1,,,,,,,,,,,,,,,,Y,,FRONT,,,,,,,,,,,,,,,,,,,,,,,,,,,,,,,,,
2131774,46876fd8d1bf821a82da284160fcb6ced6e3ec2346153251d9101f3e0c1a7f55e48f3b10885bf76ae372437e8edad6c32fc364400f8944bc4111126e8ae1dd98,08/19/2025 07:25:00 AM,2,DRIVER,,2032187,,DODGE,CHALLENGER,IL,2018,UNKNOWN,PASSENGER,UNKNOWN/NA,N,STRAIGHT AHEAD,,,1,,,,,,,,,,Y,,,,,,Y,,REAR,,,,,,,,,,,,,,,,,,,,,,,,,,,,,,,,,
2131775,46876fd8d1bf821a82da284160fcb6ced6e3ec2346153251d9101f3e0c1a7f55e48f3b10885bf76ae372437e8edad6c32fc364400f8944bc4111126e8ae1dd98,08/19/2025 07:25:00 AM,3,DRIVER,,2032198,,VOLVO,S60,IL,2017,UNKNOWN,PASSENGER,UNKNOWN/NA,N,STRAIGHT AHEAD,,,1,,,,,,,,,,Y,,,,,,,,REAR,,,,,,,,,,,,,,,,,,,,,,,,,,,,,,,,,
2131751,45876ef2707f8c137da88f84dcc455bb54d01cf8202ba97e304b3da8fd98de45791831c5049ba07cbfb9610aa5e1593bb314b1c1a5b6045743cdfdfa93ede9e9,08/19/2025 07:20:00 AM,1,DRIVER,,2032149,,HONDA,CIVIC,IL,2019,NONE,PASSENGER,PERSONAL,W,STRAIGHT AHEAD,Y,,1,,driver,,,Y,,,,,,,,,,Y,Y,Y,FRONT,,,,,,,,,,,,,,,,,,,,,,,,,,,,,,,,,
2131752,45876ef2707f8c137da88f84dcc455bb54d01cf8202ba97e304b3da8fd98de45791831c5049ba07cbfb9610aa5e1593bb314b1c1a5b6045743cdfdfa93ede9e9,08/19/2025 07:20:00 AM,2,DRIVER,,2032155,,LEXUS,RX350,IL,2013,NONE,SPORT UTILITY VEHICLE (SUV),PERSONAL,W,STRAIGHT AHEAD,Y,,1,,,,,,,,,Y,Y,Y,,,,,,,REAR,,,,,,,,,,,,,,,,,,,,,,,,,,,,,,,,,
2131753,e83f096cafc011363749c8ac8368bea1db8f1e048a22a35d2215f7e6bb8fc4636f17372649828e7dd63e4116bcac84ba937c24081689511d50ff74445524e151,08/19/2025 07:15:00 AM,1,DRIVER,,2032147,,BMW,OTHER (EXPLAIN IN NARRATIVE),IL,2022,UNKNOWN,PASSENGER,PERSONAL,E,CHANGING LANES,,,1,,,,,,,,,,,,,,,,,Y,SIDE-LEFT-REAR,,,,,,,,,,,,,,,,,,,,,,,,,,,,,,,,,
2131754,e83f096cafc011363749c8ac8368bea1db8f1e048a22a35d2215f7e6bb8fc4636f17372649828e7dd63e4116bcac84ba937c24081689511d50ff74445524e151,08/19/2025 07:15:00 AM,2,DRIVER,,2032148,,CHEVROLET,VAN,IL,2020,NONE,VAN/MINI-VAN,UNKNOWN/NA,E,SLOW/STOP IN TRAFFIC,,,1,,,,,,Y,Y,,,,,,,,,,,SIDE-RIGHT,,,,,,,,,,,,,,,,,,,,,,,,,,,,,,,,,
2131778,8fdc5f55daf16e0b4c9855753723621417b199a12a9c635c7509bedccb1a5225cd2b43658398dd5623db508abd8695bec5fc801233ecd707f2568e871323a271,08/19/2025 07:10:00 AM,1,DRIVER,,2032178,,HINO,HINO,IL,2020,UNKNOWN,TRUCK - SINGLE UNIT,OTHER,E,TURNING RIGHT,,,1,,,,,N,Y,,Y,,,,,,,,,,SIDE-RIGHT,,,,,,,,,,,,,,,,,,,,,,,,,,,,,,,,,
2131779,8fdc5f55daf16e0b4c9855753723621417b199a12a9c635c7509bedccb1a5225cd2b43658398dd5623db508abd8695bec5fc801233ecd707f2568e871323a271,08/19/2025 07:10:00 AM,2,DRIVER,,2032194,,BMW,X3,IL,2017,UNKNOWN,PASSENGER,PERSONAL,E,TURNING RIGHT,,,1,,,,,,,,,,,,,N,Y,Y,,,FRONT-LEFT-CORNER,,,,,,,,,,,,,,,,,,,,,,,,,,,,,,,,,
2131795,63b8a6a226066261487c61cfe33f92e0fadb1c4de4c28550a19eea5fdb25e4e38ac0dd7b6bd5f38fa195519af31a172cbfb403c3989197d230fd8263fe646e0b,08/19/2025 07:06:00 AM,1,DRIVER,,2032186,,CHEVROLET,MALIBU,IL,2024,NONE,PASSENGER,PERSONAL,S,PASSING/OVERTAKING,,,1,,,,,,,,,,,,,,Y,Y,,,SIDE-LEFT-FRONT,,,,,,,,,,,,,,,,,,,,,,,,,,,,,,,,,
2131796,63b8a6a226066261487c61cfe33f92e0fadb1c4de4c28550a19eea5fdb25e4e38ac0dd7b6bd5f38fa195519af31a172cbfb403c3989197d230fd8263fe646e0b,08/19/2025 07:06:00 AM,2,DRIVER,1,2032196,,FORD,OTHER (EXPLAIN IN NARRATIVE),IL,1995,NONE,PICKUP,PERSONAL,S,STRAIGHT AHEAD,,,2,,,,,,,,Y,Y,,,,,,,,,SIDE-LEFT,,,,,,,,,,,,,,,,,,,,,,,,,,,,,,,,,
2131760,49d8f55e3b7208575d18d02792af2d073c81cf7941e9fea46f980e4270292899d1eba2a42726a62346af8560888ff40403f5b309530384bb2f76db2aa16f00a0,08/19/2025 07:01:00 AM,1,DRIVER,,2032151,,BMW,530I,IL,2025,NONE,PASSENGER,UNKNOWN/NA,W,OTHER,Y,,1,,sixt,10065 w zemke,,Y,,,,,,,,,,Y,Y,,FRONT,,,,,,,,,,,,,,,,,,,,,,,,,,,,,,,,,
2131769,2926eec95909ccecd91d3d371678448f037278f9a96728c1e928f13938b6bd1af97b7e4a0807a0a52943d088cb27c005230708a5c509f0c4c3a1a165c62318a7,08/19/2025 07:00:00 AM,1,DRIVER,,2032159,,UNKNOWN,OTHER (EXPLAIN IN NARRATIVE),IN,,UNKNOWN,TRACTOR W/ SEMI-TRAILER,OTHER,S,OTHER,,,1,,,,,,,,,,,,,,,,Y,,FRONT,,,,,,,,,,,,,,,,,,,,,,,,,,,,,,,,,
2131770,2926eec95909ccecd91d3d371678448f037278f9a96728c1e928f13938b6bd1af97b7e4a0807a0a52943d088cb27c005230708a5c509f0c4c3a1a165c62318a7,08/19/2025 07:00:00 AM,2,DRIVER,,2032168,,FORD,FIVE HUNDRED,IL,,NONE,PASSENGER,PERSONAL,S,STRAIGHT AHEAD,,,1,,,,,,,,,Y,Y,Y,,,,,,,REAR,,,,,,,,,,,,,,,,,,,,,,,,,,,,,,,,,
2133626,f57a6de0dfcb512f01d1cce1976d6ecf46d17d2cee28b4a96ab4fb4f1e31b297d27b62fd54fc628d574b0b9ed7d6e2d862c458847172ce5449bc254dda984db7,08/19/2025 07:00:00 AM,1,DRIVER,,2033911,,UNKNOWN,MOTORIZED,,,UNKNOWN,UNKNOWN/NA,UNKNOWN/NA,UNKNOWN,UNKNOWN/NA,,,1,,,,,,,,,,,,,,,,,,UNKNOWN,,,,,,,,,,,,,,,,,,,,,,,,,,,,,,,,,
2133627,f57a6de0dfcb512f01d1cce1976d6ecf46d17d2cee28b4a96ab4fb4f1e31b297d27b62fd54fc628d574b0b9ed7d6e2d862c458847172ce5449bc254dda984db7,08/19/2025 07:00:00 AM,2,PARKED,,2033912,,INFINITI,QX60,IL,2014,NONE,PASSENGER,NOT IN USE,W,PARKED,,,0,,,,,Y,Y,Y,Y,Y,,N,N,N,N,N,,,SIDE-RIGHT,,,,,,,,,,,,,,,,,,,,,,,,,,,,,,,,,
2131742,457c24a1d626b6132ecf9be29d1b750fd47ec1e9680cc53d6ec43e02bdaf8696704cb700d6e390614ddaa76f3b39ef8c3417c8a8105ebb33bb5c58524753db9e,08/19/2025 06:55:00 AM,1,DRIVER,,2032158,,CHEVROLET,C/K 2500,IL,2018,NONE,PICKUP,OTHER,W,CHANGING LANES,,,1,,,,,,,,,,,,,,Y,,,,SIDE-LEFT,,,,,,,,,,,,,,,,,,,,,,,,,,,,,,,,,
2131743,457c24a1d626b6132ecf9be29d1b750fd47ec1e9680cc53d6ec43e02bdaf8696704cb700d6e390614ddaa76f3b39ef8c3417c8a8105ebb33bb5c58524753db9e,08/19/2025 06:55:00 AM,2,DRIVER,,2032167,,GENERAL MOTORS CORPORATION (GMC),SIERRA,IN,2020,NONE,PICKUP,PERSONAL,W,STRAIGHT AHEAD,,,1,,,,,,Y,Y,Y,,,,,,,,,,SIDE-RIGHT,,,,,,,,,,,,,,,,,,,,,,,,,,,,,,,,,
2131755,346382532e3bbe72f87e45e35eddac8e643b7d6c730f05f5e43d7eeaae1aa87fcb3e55fdaf42951871100863a58ba5963e8fe8d59fbe467c59bea191d50d54c3,08/19/2025 06:46:00 AM,1,DRIVER,,2032150,,FORD,RANGER,IL,2007,UNKNOWN,PICKUP,PERSONAL,W,STRAIGHT AHEAD,,,1,,,,,,,,,,,,,,,,Y,,FRONT,,,,,,,,,,,,,,,,,,,,,,,,,,,,,,,,,
2131756,346382532e3bbe72f87e45e35eddac8e643b7d6c730f05f5e43d7eeaae1aa87fcb3e55fdaf42951871100863a58ba5963e8fe8d59fbe467c59bea191d50d54c3,08/19/2025 06:46:00 AM,2,DRIVER,,2032153,,LEXUS,ES300,IL,2019,UNKNOWN,PASSENGER,PERSONAL,W,STRAIGHT AHEAD,,,1,,,,,,,,,,Y,,,,,,Y,,REAR,,,,,,,,,,,,,,,,,,,,,,,,,,,,,,,,,
2131757,346382532e3bbe72f87e45e35eddac8e643b7d6c730f05f5e43d7eeaae1aa87fcb3e55fdaf42951871100863a58ba5963e8fe8d59fbe467c59bea191d50d54c3,08/19/2025 06:46:00 AM,3,DRIVER,,2032166,,SUBARU,CROSSTREK,IL,2020,UNKNOWN,PASSENGER,PERSONAL,W,STRAIGHT AHEAD,,,1,,,,,,,,,,Y,,,,,,,,REAR,,,,,,,,,,,,,,,,,,,,,,,,,,,,,,,,,
2131780,2adffd037158c17bc2946a2f4c44f2f4eac3a121595fa63d4175dd6abe7466cabc4103f5f4fce304be7fd725d1a25ebe23ee76325d2fc0771a480ef3c72aeec9,08/19/2025 06:41:00 AM,1,DRIVER,,2032174,Y,KENWORTH MOTOR TRUCK COMPANY,KENWORTH MOTOR TRUCK CO.,IL,2018,UNKNOWN,TRACTOR W/ SEMI-TRAILER,COMMERCIAL - SINGLE UNIT,SE,TURNING RIGHT,,,1,,,,,,,Y,,,,,,,,,,,SIDE-RIGHT,,,,,,,,,,,,,,,,,,,,,,,,,,,,,,,,,
2131781,2adffd037158c17bc2946a2f4c44f2f4eac3a121595fa63d4175dd6abe7466cabc4103f5f4fce304be7fd725d1a25ebe23ee76325d2fc0771a480ef3c72aeec9,08/19/2025 06:41:00 AM,2,DRIVER,,2032180,,TOYOTA,HIGHLANDER,,2025,UNKNOWN,PASSENGER,PERSONAL,SE,TURNING RIGHT,,,1,,,,,,,,,,,,,,,Y,,,FRONT-LEFT-CORNER,,,,,,,,,,,,,,,,,,,,,,,,,,,,,,,,,
2131738,40b0fd10757d093bb92d9262616cd6136584a8608fbf8604d04f3284aa192cb5ac58c03e8d0f777324272418efaa63598df79cc43b6109df61df96120b569b51,08/19/2025 06:40:00 AM,1,DRIVER,,2032136,,CHEVROLET,COLORADO,IL,2019,NONE,PICKUP,PERSONAL,N,STRAIGHT AHEAD,,,1,,,,,,,,,,,,,,,,Y,,FRONT,,,,,,,,,,,,,,,,,,,,,,,,,,,,,,,,,
2131739,40b0fd10757d093bb92d9262616cd6136584a8608fbf8604d04f3284aa192cb5ac58c03e8d0f777324272418efaa63598df79cc43b6109df61df96120b569b51,08/19/2025 06:40:00 AM,2,DRIVER,,2032137,,VOLKSWAGEN,JETTA,IL,2012,NONE,PASSENGER,PERSONAL,N,SLOW/STOP IN TRAFFIC,,,1,,,,,,,,,,Y,,,,,,,,REAR,,,,,,,,,,,,,,,,,,,,,,,,,,,,,,,,,
2133242,951faaeb5546f2db1beeda096c8c1b5364109f8a7804c4764f75b5acf340439703965228a4e7c189ef0d502530721eed216fca7a0a8eb880f2427511fb9dbf1a,08/19/2025 06:35:00 AM,1,DRIVER,,2033549,,CHEVROLET,MALIBU,IL,2020,UNKNOWN,UNKNOWN/NA,UNKNOWN/NA,W,MERGING,,,1,,,,,,,,,,,Y,Y,,,,,,SIDE-LEFT-REAR,,,,,,,,,,,,,,,,,,,,,,,,,,,,,,,,,
2133243,951faaeb5546f2db1beeda096c8c1b5364109f8a7804c4764f75b5acf340439703965228a4e7c189ef0d502530721eed216fca7a0a8eb880f2427511fb9dbf1a,08/19/2025 06:35:00 AM,2,DRIVER,,2033550,,TOYOTA,RAV4,IL,2022,UNKNOWN,SPORT UTILITY VEHICLE (SUV),PERSONAL,W,STRAIGHT AHEAD,,,1,,,,,Y,,,,,,,,,,,,,FRONT-RIGHT-CORNER,,,,,,,,,,,,,,,,,,,,,,,,,,,,,,,,,
2131792,e5dac29f25235dc4d97bde6ad4ea3adb7d3a0d0bec1ce1e0d0b974026f53b00edc9241d86414b575ce577c6e6232a44c13a237d30a9ebc6336513162b84473fb,08/19/2025 06:30:00 AM,1,DRIVER,,2032181,,ACURA,ADX,IL,2019,NONE,PASSENGER,PERSONAL,E,STRAIGHT AHEAD,Y,,1,,,,,Y,Y,Y,,,,,Y,Y,Y,Y,Y,,SIDE-RIGHT,,,,,,,,,,,,,,,,,,,,,,,,,,,,,,,,,
2131793,e5dac29f25235dc4d97bde6ad4ea3adb7d3a0d0bec1ce1e0d0b974026f53b00edc9241d86414b575ce577c6e6232a44c13a237d30a9ebc6336513162b84473fb,08/19/2025 06:30:00 AM,2,PARKED,,2032188,,HONDA,CIVIC,IL,2017,NONE,PASSENGER,NOT IN USE,E,PARKED,,,0,,,,,,,,,,,Y,Y,,,,,,REAR-LEFT-CORNER,,,,,,,,,,,,,,,,,,,,,,,,,,,,,,,,,
2131794,e5dac29f25235dc4d97bde6ad4ea3adb7d3a0d0bec1ce1e0d0b974026f53b00edc9241d86414b575ce577c6e6232a44c13a237d30a9ebc6336513162b84473fb,08/19/2025 06:30:00 AM,3,DRIVER,1,2032205,,JEEP,JEEP,TN,2016,NONE,SPORT UTILITY VEHICLE (SUV),PERSONAL,E,STRAIGHT AHEAD,,,2,,,,,Y,,,,Y,,,,,,,,,REAR-RIGHT-CORNER,,,,,,,,,,,,,,,,,,,,,,,,,,,,,,,,,
2133753,06ec55c83ea4bb82eaf209421ed23e2bfb00900f76666135d0135396e009f0471e74b67a1c28b01042bd7de0b91873263304b00b3e0e43b1df4247349947e72c,08/19/2025 06:20:00 AM,1,DRIVER,,2034041,,UNKNOWN,OTHER (EXPLAIN IN NARRATIVE),,,OTHER,UNKNOWN/NA,PERSONAL,E,STRAIGHT AHEAD,,,1,,,,,Y,,,,,,,,,,Y,Y,,FRONT,,,,,,,,,,,,,,,,,,,,,,,,,,,,,,,,,
2133754,06ec55c83ea4bb82eaf209421ed23e2bfb00900f76666135d0135396e009f0471e74b67a1c28b01042bd7de0b91873263304b00b3e0e43b1df4247349947e72c,08/19/2025 06:20:00 AM,2,PARKED,,2034067,,CHEVROLET,TRAIL BLAZER,IL,2023,NONE,PASSENGER,PERSONAL,E,PARKED,,,0,,,,,,,,,Y,Y,Y,,,,,,,REAR,,,,,,,,,,,,,,,,,,,,,,,,,,,,,,,,,
2131733,9e3980e1c1a888cd09ab607ec0032eb587925ccd4359ae220c1c6bde9d90b90330a47eda6199fab778d8a3c87141339ae2244c880cc8b787192c5a584a9f2539,08/19/2025 06:20:00 AM,1,DRIVER,,2032135,,HONDA,ACCORD,OH,2018,UNKNOWN,PASSENGER,PERSONAL,N,STRAIGHT AHEAD,Y,,1,,CPD TOW,,,Y,Y,,,,,,,,,,Y,,FRONT-RIGHT-CORNER,,,,,,,,,,,,,,,,,,,,,,,,,,,,,,,,,
2131734,9e3980e1c1a888cd09ab607ec0032eb587925ccd4359ae220c1c6bde9d90b90330a47eda6199fab778d8a3c87141339ae2244c880cc8b787192c5a584a9f2539,08/19/2025 06:20:00 AM,2,PARKED,,2032138,,FORD,OTHER (EXPLAIN IN NARRATIVE),IL,2014,UNKNOWN,PASSENGER,PERSONAL,S,PARKED,Y,,0,,private tow,,,Y,,,,,,,,,,Y,Y,,FRONT,,,,,,,,,,,,,,,,,,,,,,,,,,,,,,,,,
2131735,9e3980e1c1a888cd09ab607ec0032eb587925ccd4359ae220c1c6bde9d90b90330a47eda6199fab778d8a3c87141339ae2244c880cc8b787192c5a584a9f2539,08/19/2025 06:20:00 AM,3,PARKED,,2032142,,DODGE,CARAVAN,IL,2006,NONE,PASSENGER,PERSONAL,N,STRAIGHT AHEAD,,,0,,,,,,,Y,Y,,,,Y,,,,,,SIDE-RIGHT-REAR,,,,,,,,,,,,,,,,,,,,,,,,,,,,,,,,,
2132595,bc2b9c2976cd4875f0e66e0c33e94de19824d498e33d683ee3aee8ccc4296b9fea36386c2764fafd41ce7aa4f37f13d4daeafd1644916ba2a92bca3abefb699c,08/19/2025 06:16:00 AM,1,DRIVER,,2032926,,JEEP,GRAND CHEROKEE,IL,2025,UNKNOWN,SPORT UTILITY VEHICLE (SUV),PERSONAL,S,TURNING LEFT,,,1,,,,,Y,,,,,,,,,,Y,Y,,FRONT,,,,,,,,,,,,,,,,,,,,,,,,,,,,,,,,,
2132596,bc2b9c2976cd4875f0e66e0c33e94de19824d498e33d683ee3aee8ccc4296b9fea36386c2764fafd41ce7aa4f37f13d4daeafd1644916ba2a92bca3abefb699c,08/19/2025 06:16:00 AM,2,DRIVER,,2032927,,MAZDA,CX-5,IL,2014,UNKNOWN,SPORT UTILITY VEHICLE (SUV),PERSONAL,W,MERGING,Y,,1,,PRIVATE TOW,UNKNOWN,,Y,Y,,,,,,,,,,Y,,FRONT-RIGHT-CORNER,,,,,,,,,,,,,,,,,,,,,,,,,,,,,,,,,
2131731,970bb34ba6eb0710d8a9540f8e284f041f1aaf8be5d73888df4999ea50d57f9c560d9cab696a8f649ebbfaa4788f3bec9d651b8c1ddb83bc6b52e8b8595d49b1,08/19/2025 06:00:00 AM,1,DRIVER,,2032129,,SCION,TC,IL,2014,NONE,PASSENGER,PERSONAL,W,TURNING LEFT,,,1,,,,,Y,,,,,,,,,,Y,Y,,FRONT,,,,,,,,,,,,,,,,,,,,,,,,,,,,,,,,,
2131732,970bb34ba6eb0710d8a9540f8e284f041f1aaf8be5d73888df4999ea50d57f9c560d9cab696a8f649ebbfaa4788f3bec9d651b8c1ddb83bc6b52e8b8595d49b1,08/19/2025 06:00:00 AM,2,DRIVER,,2032131,,FREIGHTLINER CORPORATION,FREIGHTLINER CORP.,ID,2016,NONE,TRACTOR W/ SEMI-TRAILER,OTHER,W,TURNING LEFT,,,1,,,,,,,,,,,,Y,,,,,,REAR-LEFT-CORNER,,,,,,,,,,,,,,,,,,,,,,,,,,,,,,,,,
2131729,fc72551d2c19a82f36768559f0f68837e5cf2f9f844f1f1d3aad73f069cbaffc93104c74d47eac6cb6d507872258760d119323129a8935868846f6991fb5e6f4,08/19/2025 05:40:00 AM,1,DRIVER,,2032130,,MERCEDES-BENZ,350 SERIES,IL,2003,UNKNOWN,SPORT UTILITY VEHICLE (SUV),PERSONAL,S,STRAIGHT AHEAD,Y,,1,,City of Chicago,pound 2,,Y,Y,,,,,,,,,Y,Y,,FRONT,,,,,,,,,,,,,,,,,,,,,,,,,,,,,,,,,
2131730,fc72551d2c19a82f36768559f0f68837e5cf2f9f844f1f1d3aad73f069cbaffc93104c74d47eac6cb6d507872258760d119323129a8935868846f6991fb5e6f4,08/19/2025 05:40:00 AM,2,DRIVER,1,2032133,,HYUNDAI,ELANTRA,IL,2020,NONE,PASSENGER,PERSONAL,E,STRAIGHT AHEAD,,,2,,,,,,,,,,,Y,Y,Y,,,,,SIDE-LEFT,,,,,,,,,,,,,,,,,,,,,,,,,,,,,,,,,
2131725,1503480d201192f6db394d17a51eb26f1a189ad06968eae6af15c84ec0173e38b3f8cf87a107c055e12f50cad469c3c5aede27998ddf6f75a826ef261fd2b528,08/19/2025 05:23:00 AM,1,DRIVER,,2032123,,CADILLAC,XTS,IN,2017,UNKNOWN,PASSENGER,PERSONAL,E,TURNING LEFT,,,1,,,,,,,,,,,Y,Y,,,,,,REAR-LEFT-CORNER,,,,,,,,,,,,,,,,,,,,,,,,,,,,,,,,,
2131726,1503480d201192f6db394d17a51eb26f1a189ad06968eae6af15c84ec0173e38b3f8cf87a107c055e12f50cad469c3c5aede27998ddf6f75a826ef261fd2b528,08/19/2025 05:23:00 AM,2,DRIVER,,2032127,,NEW FLYER,OTHER (EXPLAIN IN NARRATIVE),IL,2007,UNKNOWN,BUS OVER 15 PASS.,CTA,E,STRAIGHT AHEAD,,,1,,,,,Y,,,,,,,,,,,,,FRONT-RIGHT-CORNER,,,,,,,,,,,,,,,,,,,,,,,,,,,,,,,,,