CRASH_UNIT_ID,CRASH_RECORD_ID,CRASH_DATE,UNIT_NO,UNIT_TYPE,NUM_PASSENGERS,VEHICLE_ID,CMRC_VEH_I,MAKE,MODEL,LIC_PLATE_STATE,VEHICLE_YEAR,VEHICLE_DEFECT,VEHICLE_TYPE,VEHICLE_USE,TRAVEL_DIRECTION,MANEUVER,TOWED_I,FIRE_I,OCCUPANT_CNT,EXCEED_SPEED_LIMIT_I,TOWED_BY,TOWED_TO,AREA_00_I,AREA_01_I,AREA_02_I,AREA_03_I,AREA_04_I,AREA_05_I,AREA_06_I,AREA_07_I,AREA_08_I,AREA_09_I,AREA_10_I,AREA_11_I,AREA_12_I,AREA_99_I,FIRST_CONTACT_POINT,CMV_ID,USDOT_NO,CCMC_NO,ILCC_NO,COMMERCIAL_SRC,GVWR,CARRIER_NAME,CARRIER_STATE,CARRIER_CITY,HAZMAT_PLACARDS_I,HAZMAT_NAME,UN_NO,HAZMAT_PRESENT_I,HAZMAT_REPORT_I,HAZMAT_REPORT_NO,MCS_REPORT_I,MCS_REPORT_NO,HAZMAT_VIO_CAUSE_CRASH_I,MCS_VIO_CAUSE_CRASH_I,IDOT_PERMIT_NO,WIDE_LOAD_I,TRAILER1_WIDTH,TRAILER2_WIDTH,TRAILER1_LENGTH,TRAILER2_LENGTH,TOTAL_VEHICLE_LENGTH,AXLE_CNT,VEHICLE_CONFIG,CARGO_BODY_TYPE,LOAD_TYPE,HAZMAT_OUT_OF_SERVICE_I,MCS_OUT_OF_SERVICE_I,HAZMAT_CLASS
2131722,f7869cafb6e86517ce70f834facdafc2a4c68e93a48dabb74db5073cb0f69317ac1ec35a7171e61ef97804a5838beefdcc7319cf12b010483d8263b4db82c162,08/19/2025 05:00:00 AM,1,DRIVER,,2032122,,HONDA,PILOT,IL,2017,NONE,PASSENGER,PERSONAL,W,STRAIGHT AHEAD,Y,,1,,AAA,,,Y,,,,,,,,,,Y,Y,,FRONT,,,,,,,,,,,,,,,,,,,,,,,,,,,,,,,,,
2131723,f7869cafb6e86517ce70f834facdafc2a4c68e93a48dabb74db5073cb0f69317ac1ec35a7171e61ef97804a5838beefdcc7319cf12b010483d8263b4db82c162,08/19/2025 05:00:00 AM,2,DRIVER,,2032126,N,NEW FLYER,D40LF,IL,2006,NONE,BUS OVER 15 PASS.,CTA,W,STRAIGHT AHEAD,,,1,,,,,,,,,,,Y,Y,Y,Y,N,,,REAR-LEFT-CORNER,,,,,,,,,,,,,,,,,,,,,,,,,,,,,,,,,
2131724,647f00a6c575dad65f7b98193c85c16cffef0f96f79ca2341aa73fcb855fa21fc90a0d0ce1e998b01541117ebc56c410976c685b481555ff639dd5abf8affdbe,08/19/2025 04:35:00 AM,1,DRIVER,,2032124,,HONDA,CR-V,IL,2003,UNKNOWN,PASSENGER,PERSONAL,E,STRAIGHT AHEAD,Y,,1,,owner,owner home,,Y,,,,,,,,Y,,Y,Y,,FRONT,,,,,,,,,,,,,,,,,,,,,,,,,,,,,,,,,
2131719,dddf2c0c0c5f89868137b6f5c45d8220586890765c1074effb5f9b861ddea33a289ba24a921c7ccbeb5f9e71bd6c7359c41e88bac1eca843a4924862d3c6fb75,08/19/2025 03:07:00 AM,1,DRIVER,,2032116,,CHEVROLET,EQUINOX,IL,2017,NONE,PASSENGER,PERSONAL,N,NEGOTIATING A CURVE,Y,,1,,private tow,private lot,,Y,Y,,,,,,,,,,,,FRONT-RIGHT-CORNER,,,,,,,,,,,,,,,,,,,,,,,,,,,,,,,,,
2131801,a033329cb3fd464b3f2c03f8987c536e8aa42a0716670292be98df847a619bee19bf4e30d9abd5aa941bc0c662582008b9f7277fe31f8136594c7e8e20633040,08/19/2025 03:00:00 AM,1,DRIVER,,2032192,,UNKNOWN,MOTORIZED,,,UNKNOWN,UNKNOWN/NA,UNKNOWN/NA,E,BACKING,,,1,,,,,,,,,,,,,,,,,Y,UNKNOWN,,,,,,,,,,,,,,,,,,,,,,,,,,,,,,,,,
2131802,a033329cb3fd464b3f2c03f8987c536e8aa42a0716670292be98df847a619bee19bf4e30d9abd5aa941bc0c662582008b9f7277fe31f8136594c7e8e20633040,08/19/2025 03:00:00 AM,2,PARKED,,2032195,,GENERAL MOTORS CORPORATION (GMC),TERRAIN,IL,2019,NONE,PASSENGER,PERSONAL,E,PARKED,,,0,,,,,,,,,,Y,,,,,,,,REAR,,,,,,,,,,,,,,,,,,,,,,,,,,,,,,,,,
2131720,91c2babbb5dd5ed226bf5579ba5545020fa6bd31b887a0dd3b78be49307abb61a4ee4191a5a1f03d21041f9f71fc7774c150ec6b3afff54e3627960f5f91a5ab,08/19/2025 02:57:00 AM,1,DRIVER,,2032119,,FORD,OTHER (EXPLAIN IN NARRATIVE),IL,2024,NONE,PASSENGER,POLICE,E,STRAIGHT AHEAD,,,1,,,,,,,,,,,,,,,,,,UNDER CARRIAGE,,,,,,,,,,,,,,,,,,,,,,,,,,,,,,,,,
2131716,a2bc79c48c235656064e636750b483ab4b1e171cd5795d3ae8e7fd2b03895bff6e7e2206f4a2105701f6a9f928f3a8a983413e8e6dd02e43344ca4a29732b8ab,08/19/2025 02:56:00 AM,1,DRIVER,,2032114,,MERCURY,GRAND MARQUIS,IL,2009,UNKNOWN,UNKNOWN/NA,UNKNOWN/NA,UNKNOWN,UNKNOWN/NA,Y,,1,,STREETS AND SANITATION,IMPOUND 2,,Y,Y,Y,Y,Y,Y,Y,Y,,Y,Y,,,UNKNOWN,,,,,,,,,,,,,,,,,,,,,,,,,,,,,,,,,
2131721,a2bc79c48c235656064e636750b483ab4b1e171cd5795d3ae8e7fd2b03895bff6e7e2206f4a2105701f6a9f928f3a8a983413e8e6dd02e43344ca4a29732b8ab,08/19/2025 02:56:00 AM,2,DRIVER,,2032121,,UNKNOWN,OTHER (EXPLAIN IN NARRATIVE),,,UNKNOWN,UNKNOWN/NA,UNKNOWN/NA,S,STRAIGHT AHEAD,,,1,,,,,,,,,,,,,,,,,Y,UNKNOWN,,,,,,,,,,,,,,,,,,,,,,,,,,,,,,,,,
2131706,a8ecfd6416ca02a58d76773165eec3a58635f5df039152ca1d5d6062e09cdb02897667b7f203545f328c730a338d4773cf709e7be354c9940742a8626dc166f8,08/19/2025 02:30:00 AM,1,DRIVER,,2032105,,UNKNOWN,OTHER (EXPLAIN IN NARRATIVE),IL,,NONE,PASSENGER,UNKNOWN/NA,N,PASSING/OVERTAKING,,,1,,,,,,,,,,,,,,,,,Y,UNKNOWN,,,,,,,,,,,,,,,,,,,,,,,,,,,,,,,,,
2131707,a8ecfd6416ca02a58d76773165eec3a58635f5df039152ca1d5d6062e09cdb02897667b7f203545f328c730a338d4773cf709e7be354c9940742a8626dc166f8,08/19/2025 02:30:00 AM,2,PARKED,,2032106,,ACURA,RLX,IL,2007,NONE,PASSENGER,PERSONAL,N,PARKED,,,0,,,,,,,,,,,Y,Y,,,,,,REAR-LEFT-CORNER,,,,,,,,,,,,,,,,,,,,,,,,,,,,,,,,,
2131717,bb4fb832fd07ec9bba15896f9b94273c3075935bfed9d545b5f67a1cbbb6bf71b538d1018de252020acecb836a834fddfa98bf26631e4c4207e71d13d09c4380,08/19/2025 02:16:00 AM,1,DRIVER,,2032115,,FORD,EXPLORER,IL,2025,UNKNOWN,PASSENGER,UNKNOWN/NA,S,OTHER,Y,,1,,,,,Y,,,,,,,,,,Y,Y,,FRONT,,,,,,,,,,,,,,,,,,,,,,,,,,,,,,,,,
2131718,bb4fb832fd07ec9bba15896f9b94273c3075935bfed9d545b5f67a1cbbb6bf71b538d1018de252020acecb836a834fddfa98bf26631e4c4207e71d13d09c4380,08/19/2025 02:16:00 AM,2,DRIVER,,2032118,,NISSAN,ROGUE,IL,2021,NONE,PASSENGER,PERSONAL,E,STRAIGHT AHEAD,Y,,1,,rescue towing co,,,,,,,,,Y,Y,Y,Y,Y,,,SIDE-LEFT,,,,,,,,,,,,,,,,,,,,,,,,,,,,,,,,,
2131711,8707d5efc1afa46aaa10c21cb9dee2776899e09aa578415eb20125e041ba40fd57787240a2e108cdf35905f33ba58440df5d0c36fb02281b22fb830af3a28f3e,08/19/2025 02:15:00 AM,1,DRIVER,,2032112,,NISSAN,ROGUE,IL,2018,UNKNOWN,PASSENGER,UNKNOWN/NA,S,STRAIGHT AHEAD,Y,,1,,CITY OF CHICAGO,DOTY / POUND 2,,Y,Y,Y,Y,Y,,Y,Y,Y,Y,Y,Y,,FRONT-LEFT-CORNER,,,,,,,,,,,,,,,,,,,,,,,,,,,,,,,,,
2131705,58b66dec3af0a7daa0e561c1c2c996266b413beca9a844110c1e2e5e5e218cf001b57f73b7d13b870d051e0339d1063c7a65c3c40d17398cc6beeca34de95476,08/19/2025 02:05:00 AM,1,,,,,,,,,,,,,,,,,,,,,,,,,,,,,,,,,,,,,,,,,,,,,,,,,,,,,,,,,,,,,,,,,,,
2131708,58b66dec3af0a7daa0e561c1c2c996266b413beca9a844110c1e2e5e5e218cf001b57f73b7d13b870d051e0339d1063c7a65c3c40d17398cc6beeca34de95476,08/19/2025 02:05:00 AM,1,DRIVER,,2032107,,MERCEDES-BENZ,CLS,IN,2014,NONE,PASSENGER,PERSONAL,E,STRAIGHT AHEAD,Y,,1,,cpd,pound 1,,Y,Y,,,,,,,,,,Y,,FRONT-RIGHT-CORNER,,,,,,,,,,,,,,,,,,,,,,,,,,,,,,,,,
2131712,e3d2e8063386cfb6e1e8d03ed783673172c63b79fc73a8bf828521e59029cd687fd1d404a79bab73fabafc954a68c98153509196d80a0a7b4190648c182b0fbc,08/19/2025 02:00:00 AM,1,DRIVER,,2032111,,UNKNOWN,OTHER (EXPLAIN IN NARRATIVE),IL,,UNKNOWN,UNKNOWN/NA,UNKNOWN/NA,N,STRAIGHT AHEAD,,,1,,,,,,,,,,,,,,,,,,FRONT,,,,,,,,,,,,,,,,,,,,,,,,,,,,,,,,,
2131713,e3d2e8063386cfb6e1e8d03ed783673172c63b79fc73a8bf828521e59029cd687fd1d404a79bab73fabafc954a68c98153509196d80a0a7b4190648c182b0fbc,08/19/2025 02:00:00 AM,2,DRIVER,1,2032113,,TESLA,MODEL S,IL,2023,NONE,PASSENGER,PERSONAL,N,STRAIGHT AHEAD,Y,,2,,PRIVATE TOW,,,,,,,,,,,,,,,,REAR,,,,,,,,,,,,,,,,,,,,,,,,,,,,,,,,,
2131714,e3d2e8063386cfb6e1e8d03ed783673172c63b79fc73a8bf828521e59029cd687fd1d404a79bab73fabafc954a68c98153509196d80a0a7b4190648c182b0fbc,08/19/2025 02:00:00 AM,3,DRIVER,,2032117,,TOYOTA,CAMRY,IL,2025,NONE,PASSENGER,PERSONAL,N,STRAIGHT AHEAD,,,1,,,,,,,,,,,,,,,,,,SIDE-LEFT-REAR,,,,,,,,,,,,,,,,,,,,,,,,,,,,,,,,,
2131704,65b50d624a55dfce371d18fe15b6dd8dfb85637e218c1bc0fae6eb89c93126c654b2bf36d190dbea5e9b138be052f6c30af76c5def143142ab6d586e7a0557fa,08/19/2025 01:39:00 AM,1,DRIVER,1,2032104,,JEEP,PATRIOT,IL,2012,NONE,PASSENGER,PERSONAL,W,STRAIGHT AHEAD,,,2,,,,,Y,,,,,,,,,,Y,Y,,FRONT,,,,,,,,,,,,,,,,,,,,,,,,,,,,,,,,,
2131692,6aa2a9a4da2a7f5d5ddce92dbb161fc5301bae289503961587f5452ec6d960cfaff74add3a86f271d51149a94b1e13313ea2bfdce941c07bcea4a7fdd6412390,08/19/2025 01:24:00 AM,1,DRIVER,,2032090,,HYUNDAI,ELANTRA,IL,2013,UNKNOWN,UNKNOWN/NA,UNKNOWN/NA,W,STRAIGHT AHEAD,,,1,,,,,Y,,,,Y,,,Y,Y,Y,Y,Y,,FRONT-LEFT-CORNER,,,,,,,,,,,,,,,,,,,,,,,,,,,,,,,,,
2131693,6aa2a9a4da2a7f5d5ddce92dbb161fc5301bae289503961587f5452ec6d960cfaff74add3a86f271d51149a94b1e13313ea2bfdce941c07bcea4a7fdd6412390,08/19/2025 01:24:00 AM,2,PARKED,,2032093,,CHEVROLET,IMPALA,IL,2009,UNKNOWN,PASSENGER,PERSONAL,UNKNOWN,PARKED,,,0,,,,,,,,,,,,N,Y,Y,Y,,Y,FRONT-LEFT-CORNER,,,,,,,,,,,,,,,,,,,,,,,,,,,,,,,,,
2132175,7577cb904c93777d380d0a842fe43f6654c605323015e3e09f01f7fb69847fe594e4e4d6afbdc8fdd7c35b28bf348a2ebd66079b81c5673f68a7806a7bb56bd1,08/19/2025 01:00:00 AM,1,DRIVER,,2032537,,JEEP,RENEGADE,IL,2023,NONE,PASSENGER,OTHER,N,BACKING,,,1,,,,,,,,Y,Y,Y,Y,,,,,,,REAR-RIGHT-CORNER,,,,,,,,,,,,,,,,,,,,,,,,,,,,,,,,,
2131700,ba7163677985512e6c74721f6570d11c8336e717cd2f0e48d5e387e25ff6b2e4b35b84d6f4a04ce184b3f4d720199364daf0c2f73ef145845a103a6d3ca83ec4,08/19/2025 12:55:00 AM,1,DRIVER,,2032100,,TOYOTA,CAMRY,IL,2021,UNKNOWN,PASSENGER,RIDESHARE SERVICE,N,DRIVING WRONG WAY,Y,,1,,city of chicago,lower wacker,,,,,,,,Y,Y,Y,Y,Y,,,SIDE-LEFT,,,,,,,,,,,,,,,,,,,,,,,,,,,,,,,,,
2131698,8e3788578e491c4380253229a23e906a63df1be7a7d30ba7b6126bbaabaae9ef1fbf492e0000989888b61df138a52e0897f5b43891e194ebd67bc08ee3ecb408,08/19/2025 12:45:00 AM,1,DRIVER,,2032101,,TOYOTA,RAV4,IL,2007,NONE,PASSENGER,PERSONAL,N,STRAIGHT AHEAD,Y,,1,,AAA,HOME,,,,,,,,,,,,,Y,,FRONT,,,,,,,,,,,,,,,,,,,,,,,,,,,,,,,,,
2131701,f2838da1a13e4fec7a9861584055b29c6a248ad213c50bf472fd55efb3d0a49651c9ef4b0fc8a9fd3250a2610b9a69d97e8d4220f17944b906c603b1e75da8d6,08/19/2025 12:30:00 AM,1,DRIVER,,2032099,,FORD,OTHER (EXPLAIN IN NARRATIVE),IL,2024,NONE,SPORT UTILITY VEHICLE (SUV),PERSONAL,S,BACKING,,,1,,,,,,,,,,N,Y,,,,,,,SIDE-LEFT,,,,,,,,,,,,,,,,,,,,,,,,,,,,,,,,,
2131694,dd3593dcbed74c293da265a763083acd396eb351ec9e158e3efa9ba9f2202c9920cb8f0d0deabf1b74db52cbd663d1847340f728da9c1475c96afcf37879029f,08/19/2025 12:10:00 AM,1,DRIVER,,2032095,,DODGE,OTHER (EXPLAIN IN NARRATIVE),IL,2025,NONE,TRUCK - SINGLE UNIT,PERSONAL,W,STRAIGHT AHEAD,Y,,1,,AARP,,,Y,Y,Y,,,,,,,,,Y,Y,FRONT-RIGHT-CORNER,,,,,,,,,,,,,,,,,,,,,,,,,,,,,,,,,
2131690,10d27c507e33ea5ad4a6b777ba003e1191360691a9b1fcec7bee3129f631aa665260a5a13c38cf903f4379a49a63b06d5da8ec4781907ff793c07740a4119efa,08/19/2025 12:04:00 AM,1,DRIVER,,2032091,,KIA,OPTIMA / K5,,2013,NONE,PASSENGER,PERSONAL,N,STRAIGHT AHEAD,Y,,1,,CITY OF CHICAGO,701 N. SACRAMENTO,,Y,,,,,,,,,,Y,Y,,FRONT,,,,,,,,,,,,,,,,,,,,,,,,,,,,,,,,,
2131691,10d27c507e33ea5ad4a6b777ba003e1191360691a9b1fcec7bee3129f631aa665260a5a13c38cf903f4379a49a63b06d5da8ec4781907ff793c07740a4119efa,08/19/2025 12:04:00 AM,2,NON-MOTOR VEHICLE,,,,,,,,,,,,,,,,,,,,,,,,,,,,,,,,,,,,,,,,,,,,,,,,,,,,,,,,,,,,,,,,,,
2131942,848ad46b3b60175fce5cea7729ed8d5be80a04cd241502cd6ad6cb8bd072fd559926c27cd2e7b812dc58418214a3ff1aebecefdb59d18a4a8dcd7b911e3b14ad,08/19/2025 12:00:00 AM,1,DRIVER,,2032315,,UNKNOWN,OTHER (EXPLAIN IN NARRATIVE),IL,,UNKNOWN,UNKNOWN/NA,UNKNOWN/NA,N,UNKNOWN/NA,,,1,,,,,,,,,,,,,,,,Y,,FRONT,,,,,,,,,,,,,,,,,,,,,,,,,,,,,,,,,
2131943,848ad46b3b60175fce5cea7729ed8d5be80a04cd241502cd6ad6cb8bd072fd559926c27cd2e7b812dc58418214a3ff1aebecefdb59d18a4a8dcd7b911e3b14ad,08/19/2025 12:00:00 AM,2,DRIVER,,2032321,,TOYOTA,OTHER (EXPLAIN IN NARRATIVE),IL,2006,NONE,PASSENGER,PERSONAL,N,STRAIGHT AHEAD,,,1,,,,,,,,,,Y,,,,,,,,REAR,,,,,,,,,,,,,,,,,,,,,,,,,,,,,,,,,
2131846,b6890544ef01a84d32fd0948eed4253c3bb1de2f30edb3bbd1daeff91f6c23ea0f51756e27fd9e82f36c6727afee58aaffd6ca46d1011aa46163a9f8778304cd,08/19/2025 12:00:00 AM,1,DRIVER,,2032236,,UNKNOWN,OTHER (EXPLAIN IN NARRATIVE),,,UNKNOWN,UNKNOWN/NA,UNKNOWN/NA,E,TURNING RIGHT,,,1,,,,,Y,Y,Y,Y,Y,,,,,,,,,SIDE-RIGHT,,,,,,,,,,,,,,,,,,,,,,,,,,,,,,,,,
2131847,b6890544ef01a84d32fd0948eed4253c3bb1de2f30edb3bbd1daeff91f6c23ea0f51756e27fd9e82f36c6727afee58aaffd6ca46d1011aa46163a9f8778304cd,08/19/2025 12:00:00 AM,2,PARKED,,2032239,,NISSAN,ROGUE,IL,2020,NONE,SPORT UTILITY VEHICLE (SUV),NOT IN USE,N,PARKED,,,0,,,,,,,,,,,,,,Y,Y,Y,,FRONT-LEFT-CORNER,,,,,,,,,,,,,,,,,,,,,,,,,,,,,,,,,
2131695,5c20725fc49970208667b25d84fc3f2889c7de82495cf19eeb4b90c5d371b80e1d1b721236addca86f2f9851fcecf6c118277ac19f86cb81fe838d7487b8dc0e,08/18/2025 11:55:00 PM,1,DRIVER,1,2032094,,TOYOTA,SIENNA,IL,2015,UNKNOWN,PASSENGER,PERSONAL,S,OTHER,,,2,,,,,Y,Y,Y,,,,,,,,,,,FRONT-RIGHT-CORNER,,,,,,,,,,,,,,,,,,,,,,,,,,,,,,,,,
2131696,5c20725fc49970208667b25d84fc3f2889c7de82495cf19eeb4b90c5d371b80e1d1b721236addca86f2f9851fcecf6c118277ac19f86cb81fe838d7487b8dc0e,08/18/2025 11:55:00 PM,2,PARKED,2,2032096,,HONDA,OTHER (EXPLAIN IN NARRATIVE),IL,2024,UNKNOWN,PASSENGER,PERSONAL,S,PARKED,,,2,,,,,Y,,Y,Y,Y,Y,Y,Y,Y,,Y,Y,,REAR,,,,,,,,,,,,,,,,,,,,,,,,,,,,,,,,,
2131697,5c20725fc49970208667b25d84fc3f2889c7de82495cf19eeb4b90c5d371b80e1d1b721236addca86f2f9851fcecf6c118277ac19f86cb81fe838d7487b8dc0e,08/18/2025 11:55:00 PM,3,PARKED,,2032098,,FORD,OTHER (EXPLAIN IN NARRATIVE),IL,2017,UNKNOWN,PASSENGER,NOT IN USE,S,PARKED,,,0,,,,,,,,,Y,Y,Y,,,,,,,REAR,,,,,,,,,,,,,,,,,,,,,,,,,,,,,,,,,
2131681,736a64fefd8f9ed6eaa5a84658bedb8022a6b17c2985d291b5f7b763b1564765a61f68e07eef49cae508e30a25ab11d513b1d8576845c10569fc9039bf0b42b8,08/18/2025 11:50:00 PM,1,DRIVER,,2032085,,FORD,EXPLORER,IL,2023,NONE,OTHER,POLICE,S,DRIVING WRONG WAY,,,1,,,,Y,,,,,,,,,,,,,,NONE,,,,,,,,,,,,,,,,,,,,,,,,,,,,,,,,,
2131682,736a64fefd8f9ed6eaa5a84658bedb8022a6b17c2985d291b5f7b763b1564765a61f68e07eef49cae508e30a25ab11d513b1d8576845c10569fc9039bf0b42b8,08/18/2025 11:50:00 PM,2,PARKED,1,2032087,,FORD,EXPLORER,IL,2017,NONE,OTHER,POLICE,N,PARKED,,,1,,,,,,,,,,,,,,,Y,,,FRONT-LEFT-CORNER,,,,,,,,,,,,,,,,,,,,,,,,,,,,,,,,,
2131683,2bc8b863b5bb859fc9cdd7fe1daf3ff915f6b150d75e57a297240c89b8848aeb4f895b644ce355a9745d9ab47edf153c27fac871ee2c6df51aef4ab93ca47b44,08/18/2025 11:39:00 PM,1,DRIVER,,2032083,,JEEP,GRAND CHEROKEE,IL,2014,UNKNOWN,PASSENGER,PERSONAL,W,TURNING LEFT,Y,,1,,PRIVATE TOW,,,Y,,,,,,,,,,Y,Y,,FRONT,,,,,,,,,,,,,,,,,,,,,,,,,,,,,,,,,
2131684,2bc8b863b5bb859fc9cdd7fe1daf3ff915f6b150d75e57a297240c89b8848aeb4f895b644ce355a9745d9ab47edf153c27fac871ee2c6df51aef4ab93ca47b44,08/18/2025 11:39:00 PM,2,PARKED,,2032084,,CHEVROLET,EQUINOX,IL,2017,UNKNOWN,PASSENGER,UNKNOWN/NA,W,PARKED,,,0,,,,,,,,,,,Y,Y,,,,,,REAR-LEFT-CORNER,,,,,,,,,,,,,,,,,,,,,,,,,,,,,,,,,
2131669,9116889e2575d4942dbb9ad96a17bd2f8a4e9a6149af6555e625cdeac2e2e26eaa27b1b26f674da46e1635e46085d16bcb90348e2db3f2672f8b97ef5fe0812f,08/18/2025 11:25:00 PM,1,DRIVER,,2032072,N,VOLVO,TRUCK,IL,2005,NONE,TRACTOR W/ SEMI-TRAILER,COMMERCIAL - MULTI-UNIT,N,BACKING,,,1,,,,,,,,,Y,,,,,,,,,FRONT,,,,,,,,,,,,,,,,,,,,,,,,,,,,,,,,,
2131670,9116889e2575d4942dbb9ad96a17bd2f8a4e9a6149af6555e625cdeac2e2e26eaa27b1b26f674da46e1635e46085d16bcb90348e2db3f2672f8b97ef5fe0812f,08/18/2025 11:25:00 PM,2,PARKED,,2032073,,FREIGHTLINER CORPORATION,FREIGHTLINER CORP.,IL,2021,NONE,TRACTOR W/ SEMI-TRAILER,COMMERCIAL - MULTI-UNIT,N,PARKED,,,0,,,,,,,,,,,,,,,Y,,,FRONT-LEFT-CORNER,,,,,,,,,,,,,,,,,,,,,,,,,,,,,,,,,
2131673,75cbf110a085d9c7902471c5592f89b657ad6e51752858c995b814f4469c30ebfee12214769ea21c4106f1d68a993b1b6ed63b9f49dfc4f802a956d3623fb01c,08/18/2025 11:09:00 PM,1,DRIVER,,2032077,,TOYOTA,PRIUS,IL,2011,UNKNOWN,PASSENGER,PERSONAL,E,STRAIGHT AHEAD,,,1,,,,,,,,,,,Y,N,,,,,,REAR-LEFT-CORNER,,,,,,,,,,,,,,,,,,,,,,,,,,,,,,,,,
2131674,75cbf110a085d9c7902471c5592f89b657ad6e51752858c995b814f4469c30ebfee12214769ea21c4106f1d68a993b1b6ed63b9f49dfc4f802a956d3623fb01c,08/18/2025 11:09:00 PM,2,DRIVER,,2032086,Y,VOLVO,TRUCK,IN,2023,UNKNOWN,TRACTOR W/ SEMI-TRAILER,OTHER,SW,TURNING LEFT,,,1,,,,,,,,,,,,,,,Y,,,FRONT-LEFT-CORNER,"22,028",589006,,,,3,PENSKE TRUCK LEASING,IN,EAST CHICAGO,,,,N,N,,N,,N,N,,,,,,,,3,TRACTOR/SEMI-TRAILER,VAN/ENCLOSED BOX,UNKNOWN,N,N,
2131675,33ddad1de3bcc23ddd7fc2c0d76221c2aee21a90ff3c907bcfcbf247762d4a9eea062b80330275e9e912c7841a9189c4ae0b0969c1b86615f69d0cb928b5aee0,08/18/2025 11:08:00 PM,1,DRIVER,,2032080,,UNKNOWN,OTHER (EXPLAIN IN NARRATIVE),IL,,UNKNOWN,PASSENGER,UNKNOWN/NA,W,UNKNOWN/NA,,,1,,,,,,,,,,,,,,,,,Y,UNKNOWN,,,,,,,,,,,,,,,,,,,,,,,,,,,,,,,,,
2131676,33ddad1de3bcc23ddd7fc2c0d76221c2aee21a90ff3c907bcfcbf247762d4a9eea062b80330275e9e912c7841a9189c4ae0b0969c1b86615f69d0cb928b5aee0,08/18/2025 11:08:00 PM,2,PARKED,,2032082,,JEEP,PATRIOT,IL,2013,UNKNOWN,PASSENGER,PERSONAL,W,PARKED,,,0,,,,,Y,Y,Y,,,,,,,,Y,Y,,FRONT-RIGHT-CORNER,,,,,,,,,,,,,,,,,,,,,,,,,,,,,,,,,
2131685,1abbf92fa659da74fa12ea5fe00ea55813e8a407fd23cc0e5e0af259ae9f862413144191044401712e3e33c1619da15607298bf3b10addac93e6a95118e4996a,08/18/2025 11:00:00 PM,1,DRIVER,,2032081,,UNKNOWN,OTHER (EXPLAIN IN NARRATIVE),,,UNKNOWN,UNKNOWN/NA,UNKNOWN/NA,S,STRAIGHT AHEAD,,,1,,,,,,,,,,,,,,,,,Y,UNKNOWN,,,,,,,,,,,,,,,,,,,,,,,,,,,,,,,,,
2131686,1abbf92fa659da74fa12ea5fe00ea55813e8a407fd23cc0e5e0af259ae9f862413144191044401712e3e33c1619da15607298bf3b10addac93e6a95118e4996a,08/18/2025 11:00:00 PM,2,PEDESTRIAN,,,,,,,,,,,,,,,,,,,,,,,,,,,,,,,,,,,,,,,,,,,,,,,,,,,,,,,,,,,,,,,,,,
2132265,8c0e39433329787dd0486b74542f9e0e290826a7bfaf81a014fd6d778e001be3e4b3f5a71dd000392b0b17cf96ee6503f621e6711fd4bc2bd5acfbe46cded36f,08/18/2025 11:00:00 PM,1,DRIVER,,2032615,,UNKNOWN,MOTORIZED,,,UNKNOWN,UNKNOWN/NA,UNKNOWN/NA,UNKNOWN,UNKNOWN/NA,,,1,,,,,,,,,,,,,,,,,Y,UNKNOWN,,,,,,,,,,,,,,,,,,,,,,,,,,,,,,,,,
2132266,8c0e39433329787dd0486b74542f9e0e290826a7bfaf81a014fd6d778e001be3e4b3f5a71dd000392b0b17cf96ee6503f621e6711fd4bc2bd5acfbe46cded36f,08/18/2025 11:00:00 PM,2,PARKED,,2032617,,JEEP,GRAND CHEROKEE,IL,2019,NONE,PASSENGER,NOT IN USE,N,PARKED,,,0,,,,,,,,,,Y,Y,,,,,,,SIDE-LEFT-REAR,,,,,,,,,,,,,,,,,,,,,,,,,,,,,,,,,
2131919,aa0b50b9dd09bf422739673236e601005159af9d0247ab00526f458566e07fd0a068ca4665166d16f7f8bc5b8c953f5fd0539c3e769c525d276c567850afe8ca,08/18/2025 11:00:00 PM,1,DRIVER,,2032296,,UNKNOWN,MOTORIZED,IL,,UNKNOWN,UNKNOWN/NA,UNKNOWN/NA,UNKNOWN,UNKNOWN/NA,,,1,,,,,,,,,,,,,,N,N,N,Y,UNKNOWN,,,,,,,,,,,,,,,,,,,,,,,,,,,,,,,,,
2131925,aa0b50b9dd09bf422739673236e601005159af9d0247ab00526f458566e07fd0a068ca4665166d16f7f8bc5b8c953f5fd0539c3e769c525d276c567850afe8ca,08/18/2025 11:00:00 PM,2,PARKED,,2032302,,CHEVROLET,EQUINOX,IL,2022,NONE,PASSENGER,PERSONAL,S,PARKED,,,0,,,,,,,,,,,,,,Y,Y,Y,,FRONT-LEFT-CORNER,,,,,,,,,,,,,,,,,,,,,,,,,,,,,,,,,
2131658,b091028406d9f601afbb1dad9b66e3ed9427ecd03799b41da6813c9a7069ee2bf199cb9b3f80717ac0271afa63a867479c8298e7700e2d197274d204a2354173,08/18/2025 11:00:00 PM,1,DRIVER,,2032059,,NISSAN,ROGUE,XX,,UNKNOWN,SPORT UTILITY VEHICLE (SUV),UNKNOWN/NA,N,STRAIGHT AHEAD,,,1,,,,,,,,,,,,,,,,,Y,FRONT,,,,,,,,,,,,,,,,,,,,,,,,,,,,,,,,,