CRASH_UNIT_ID,CRASH_RECORD_ID,CRASH_DATE,UNIT_NO,UNIT_TYPE,NUM_PASSENGERS,VEHICLE_ID,CMRC_VEH_I,MAKE,MODEL,LIC_PLATE_STATE,VEHICLE_YEAR,VEHICLE_DEFECT,VEHICLE_TYPE,VEHICLE_USE,TRAVEL_DIRECTION,MANEUVER,TOWED_I,FIRE_I,OCCUPANT_CNT,EXCEED_SPEED_LIMIT_I,TOWED_BY,TOWED_TO,AREA_00_I,AREA_01_I,AREA_02_I,AREA_03_I,AREA_04_I,AREA_05_I,AREA_06_I,AREA_07_I,AREA_08_I,AREA_09_I,AREA_10_I,AREA_11_I,AREA_12_I,AREA_99_I,FIRST_CONTACT_POINT,CMV_ID,USDOT_NO,CCMC_NO,ILCC_NO,COMMERCIAL_SRC,GVWR,CARRIER_NAME,CARRIER_STATE,CARRIER_CITY,HAZMAT_PLACARDS_I,HAZMAT_NAME,UN_NO,HAZMAT_PRESENT_I,HAZMAT_REPORT_I,HAZMAT_REPORT_NO,MCS_REPORT_I,MCS_REPORT_NO,HAZMAT_VIO_CAUSE_CRASH_I,MCS_VIO_CAUSE_CRASH_I,IDOT_PERMIT_NO,WIDE_LOAD_I,TRAILER1_WIDTH,TRAILER2_WIDTH,TRAILER1_LENGTH,TRAILER2_LENGTH,TOTAL_VEHICLE_LENGTH,AXLE_CNT,VEHICLE_CONFIG,CARGO_BODY_TYPE,LOAD_TYPE,HAZMAT_OUT_OF_SERVICE_I,MCS_OUT_OF_SERVICE_I,HAZMAT_CLASS
2131659,b091028406d9f601afbb1dad9b66e3ed9427ecd03799b41da6813c9a7069ee2bf199cb9b3f80717ac0271afa63a867479c8298e7700e2d197274d204a2354173,08/18/2025 11:00:00 PM,2,DRIVER,1,2032065,,VOLKSWAGEN,PASSAT,IL,2014,NONE,PASSENGER,PERSONAL,N,STRAIGHT AHEAD,,,2,,,,,,,,,Y,Y,Y,,,,,,,REAR,,,,,,,,,,,,,,,,,,,,,,,,,,,,,,,,,
2131687,11dcc819376a6eaaafb55bfb23e4a9c9717c7e11e1d0a8a287444bc44e3f30b49898f0456b0b6b9a7f28bd2a893079d785a9159172ee70c93c76b49cc5894ee4,08/18/2025 10:57:00 PM,1,DRIVER,,2032089,,MITSUBISHI,LANCER,IL,2008,UNKNOWN,PASSENGER,PERSONAL,E,STRAIGHT AHEAD,Y,,1,,,,,Y,,,,,,,,,,Y,Y,,FRONT,,,,,,,,,,,,,,,,,,,,,,,,,,,,,,,,,
2131688,11dcc819376a6eaaafb55bfb23e4a9c9717c7e11e1d0a8a287444bc44e3f30b49898f0456b0b6b9a7f28bd2a893079d785a9159172ee70c93c76b49cc5894ee4,08/18/2025 10:57:00 PM,2,DRIVER,,2032092,,CHRYSLER,PACIFICA,IL,2019,UNKNOWN,VAN/MINI-VAN,PERSONAL,SW,STRAIGHT AHEAD,,,1,,,,,Y,Y,Y,Y,,,,,,,,,,SIDE-RIGHT,,,,,,,,,,,,,,,,,,,,,,,,,,,,,,,,,
2131662,d14e84051b19c6abe947208f53b02ee66df7f4ec8624c8fe91022e888c954c61d0a24684f7f37d0846ea5d7747648ce37d453fd372397d67398e0d56b8dda226,08/18/2025 10:28:00 PM,1,DRIVER,,2032067,,FORD,EXPLORER,IL,2025,NONE,SPORT UTILITY VEHICLE (SUV),PERSONAL,W,PASSING/OVERTAKING,Y,,1,,OWNER ARRANGED,UNKNOWN,,Y,Y,Y,,,,,,,Y,Y,Y,,FRONT-RIGHT-CORNER,,,,,,,,,,,,,,,,,,,,,,,,,,,,,,,,,
2131663,d14e84051b19c6abe947208f53b02ee66df7f4ec8624c8fe91022e888c954c61d0a24684f7f37d0846ea5d7747648ce37d453fd372397d67398e0d56b8dda226,08/18/2025 10:28:00 PM,2,PARKED,,2032069,,FORD,ESCAPE,IL,2013,NONE,SPORT UTILITY VEHICLE (SUV),UNKNOWN/NA,W,PARKED IN TRAFFIC LANE,,,0,,,,,Y,,,,,,,Y,Y,N,N,N,,SIDE-LEFT,,,,,,,,,,,,,,,,,,,,,,,,,,,,,,,,,
2131664,d14e84051b19c6abe947208f53b02ee66df7f4ec8624c8fe91022e888c954c61d0a24684f7f37d0846ea5d7747648ce37d453fd372397d67398e0d56b8dda226,08/18/2025 10:28:00 PM,3,DRIVER,,2032071,,NISSAN,MURANO,IL,2005,NONE,SPORT UTILITY VEHICLE (SUV),PERSONAL,W,STRAIGHT AHEAD,,,1,,,,,Y,Y,Y,Y,Y,,,,,,,,,SIDE-RIGHT,,,,,,,,,,,,,,,,,,,,,,,,,,,,,,,,,
2131671,672cb94557e5ee5561c5cd0082b8b95ed8ccb65249491af5bb17af9e49f5d284367d262071f52c2e002ec03e46dc6881eff2b095863695598fa42631b8555fee,08/18/2025 10:25:00 PM,1,DRIVER,,2032075,,TOYOTA,CAMRY,IL,2000,NONE,PASSENGER,PERSONAL,S,PASSING/OVERTAKING,,,1,,,,,Y,Y,,,,,,,,,,,N,FRONT-RIGHT-CORNER,,,,,,,,,,,,,,,,,,,,,,,,,,,,,,,,,
2131672,672cb94557e5ee5561c5cd0082b8b95ed8ccb65249491af5bb17af9e49f5d284367d262071f52c2e002ec03e46dc6881eff2b095863695598fa42631b8555fee,08/18/2025 10:25:00 PM,2,PARKED,,2032078,,JEEP,CHEROKEE,IL,,NONE,PASSENGER,UNKNOWN/NA,S,PARKED,,,0,,,,,,,,,,,,,Y,Y,N,,,SIDE-LEFT,,,,,,,,,,,,,,,,,,,,,,,,,,,,,,,,,
2132377,f7bde1ac0c4b10bd77e8e46ce8c7a76aba3accb5240689b07719eb9dc4eab873fe4a45d98cac3eec609a285e674bdbc802a41f8d56c35d215ea511a04b297b07,08/18/2025 10:25:00 PM,1,DRIVER,,2032721,,UNKNOWN,OTHER (EXPLAIN IN NARRATIVE),,,UNKNOWN,PASSENGER,UNKNOWN/NA,UNKNOWN,TURNING RIGHT,,,1,,,,,,,,,,,,,,,,,Y,UNKNOWN,,,,,,,,,,,,,,,,,,,,,,,,,,,,,,,,,
2132378,f7bde1ac0c4b10bd77e8e46ce8c7a76aba3accb5240689b07719eb9dc4eab873fe4a45d98cac3eec609a285e674bdbc802a41f8d56c35d215ea511a04b297b07,08/18/2025 10:25:00 PM,2,PEDESTRIAN,,,,,,,,,,,,,,,,,,,,,,,,,,,,,,,,,,,,,,,,,,,,,,,,,,,,,,,,,,,,,,,,,,
2131656,71102c36145468865887dc40afd1ac8773c89520af387afef1fdd020846c30f697e3ae46b97ca337b48b2685f253d4ef8103fa2b24641d5e223dc6b24199574a,08/18/2025 10:20:00 PM,1,DRIVER,,2032057,,NISSAN,SENTRA,IL,2013,UNKNOWN,PASSENGER,UNKNOWN/NA,S,U-TURN,,,1,,,,,Y,,,,,,,,,,Y,Y,,FRONT,,,,,,,,,,,,,,,,,,,,,,,,,,,,,,,,,
2131657,71102c36145468865887dc40afd1ac8773c89520af387afef1fdd020846c30f697e3ae46b97ca337b48b2685f253d4ef8103fa2b24641d5e223dc6b24199574a,08/18/2025 10:20:00 PM,2,DRIVER,,2032060,,NISSAN,ROGUE,,,UNKNOWN,SPORT UTILITY VEHICLE (SUV),PERSONAL,N,STRAIGHT AHEAD,,,1,,,,,,,,,,,,,Y,Y,Y,,,SIDE-LEFT,,,,,,,,,,,,,,,,,,,,,,,,,,,,,,,,,
2131679,4d386102a23a7efac446022cb8c46d7b975dccfcfa551a3754e4a7c7acd4c010702fe16056244de26f3fa5ccb2ca9cb02437a21190affec96af220c9d4e79ced,08/18/2025 10:15:00 PM,1,DRIVER,,2032110,,HUMMER,H3,IL,2006,NONE,SPORT UTILITY VEHICLE (SUV),PERSONAL,S,TURNING LEFT,,,1,,,,,Y,,,,,,,,,,Y,,,REAR-RIGHT-CORNER,,,,,,,,,,,,,,,,,,,,,,,,,,,,,,,,,
2131680,4d386102a23a7efac446022cb8c46d7b975dccfcfa551a3754e4a7c7acd4c010702fe16056244de26f3fa5ccb2ca9cb02437a21190affec96af220c9d4e79ced,08/18/2025 10:15:00 PM,2,DRIVER,2,2032097,,FORD,FUSION,IL,2015,NONE,PASSENGER,PERSONAL,W,STRAIGHT AHEAD,,,3,,,,,,,,,,,Y,Y,Y,Y,Y,,,SIDE-LEFT,,,,,,,,,,,,,,,,,,,,,,,,,,,,,,,,,
2131660,f867e760d78b922e75125ab9d1533052a86e561fc9ec46adf68d4953d4f743a8ce725729c03ee73dceeff80c76f85f25176e1e2f70b8dcc7c95f55b6b9574d44,08/18/2025 10:15:00 PM,1,DRIVER,,2032062,,FORD,OTHER (EXPLAIN IN NARRATIVE),IL,,UNKNOWN,PASSENGER,UNKNOWN/NA,E,MERGING,,,1,,,,,,,,,,,Y,Y,,,,,,SIDE-LEFT-REAR,,,,,,,,,,,,,,,,,,,,,,,,,,,,,,,,,
2131661,f867e760d78b922e75125ab9d1533052a86e561fc9ec46adf68d4953d4f743a8ce725729c03ee73dceeff80c76f85f25176e1e2f70b8dcc7c95f55b6b9574d44,08/18/2025 10:15:00 PM,2,DRIVER,,2032063,,SATURN,SL,IL,2001,UNKNOWN,PASSENGER,PERSONAL,E,STRAIGHT AHEAD,,,1,,,,,Y,Y,,,,,,,,,,Y,,FRONT-RIGHT-CORNER,,,,,,,,,,,,,,,,,,,,,,,,,,,,,,,,,
2131650,b837a82221855378401f5d2249db2fdcd1e66ef9a9944f7c250d9ca4d0d88ce424ee725197b839b935cd043e8323f57efe9f72c89babbc2fa364b1625aaa5458,08/18/2025 10:10:00 PM,1,DRIVER,,2032054,,CHEVROLET,MALIBU,IL,2010,UNKNOWN,PASSENGER,PERSONAL,N,STRAIGHT AHEAD,,,1,,,,,Y,,,,,,,,,,,,N,FRONT,,,,,,,,,,,,,,,,,,,,,,,,,,,,,,,,,
2131651,b837a82221855378401f5d2249db2fdcd1e66ef9a9944f7c250d9ca4d0d88ce424ee725197b839b935cd043e8323f57efe9f72c89babbc2fa364b1625aaa5458,08/18/2025 10:10:00 PM,2,PARKED,,2032055,,CHEVROLET,EQUINOX,IL,2020,NONE,PASSENGER,NOT IN USE,N,PARKED,Y,,0,,private,,,,,,,,,Y,Y,,,,,,REAR-LEFT-CORNER,,,,,,,,,,,,,,,,,,,,,,,,,,,,,,,,,
2132110,e8872a65a091095f7b818775043ed213ae2c440fd16b7e39cf39a00fd817d5b4a007e3a22b0c9e17649e5286ee72ba564112913b0d53906e542679c9bfe3c0f8,08/18/2025 10:10:00 PM,1,DRIVER,,2032475,,UNKNOWN,OTHER (EXPLAIN IN NARRATIVE),IL,,UNKNOWN,PASSENGER,UNKNOWN/NA,N,STRAIGHT AHEAD,,,1,,,,,,,,,,,,,,,,,Y,FRONT,,,,,,,,,,,,,,,,,,,,,,,,,,,,,,,,,
2132111,e8872a65a091095f7b818775043ed213ae2c440fd16b7e39cf39a00fd817d5b4a007e3a22b0c9e17649e5286ee72ba564112913b0d53906e542679c9bfe3c0f8,08/18/2025 10:10:00 PM,2,DRIVER,,2032477,,HYUNDAI,ELANTRA,IL,2020,NONE,PASSENGER,PERSONAL,N,STRAIGHT AHEAD,,,1,,,,,,,,,,Y,,,,,,,,REAR,,,,,,,,,,,,,,,,,,,,,,,,,,,,,,,,,
2131985,030ea6c886488c80f77c82f84156e23ef434f9a385afb2667488c4934741755b7f1d473194ca5af11ee917e05c94b8bd966059a7d80cddc6d402f1be4cbb3dd8,08/18/2025 10:00:00 PM,1,DRIVER,,2032355,,UNKNOWN,OTHER (EXPLAIN IN NARRATIVE),IL,,UNKNOWN,UNKNOWN/NA,UNKNOWN/NA,UNKNOWN,STRAIGHT AHEAD,,,1,,,,,,,,,,,,,Y,Y,Y,,,SIDE-LEFT,,,,,,,,,,,,,,,,,,,,,,,,,,,,,,,,,
2131986,030ea6c886488c80f77c82f84156e23ef434f9a385afb2667488c4934741755b7f1d473194ca5af11ee917e05c94b8bd966059a7d80cddc6d402f1be4cbb3dd8,08/18/2025 10:00:00 PM,2,DRIVER,,2032357,,NISSAN,SENTRA,IL,2009,NONE,PASSENGER,PERSONAL,UNKNOWN,STRAIGHT AHEAD,,,1,,,,,Y,,,,,,,,,,Y,Y,,FRONT,,,,,,,,,,,,,,,,,,,,,,,,,,,,,,,,,
2131665,68e13606b892943769970155ddd9b6e2be33fe114d64e33a406c7749bafa05b5cd110265cd48441f5a19e6889a33a47230412acdbeade4df6f1abde7586bffa0,08/18/2025 10:00:00 PM,1,DRIVER,,2032066,,TOYOTA,PRIUS,IL,2010,NONE,PASSENGER,UNKNOWN/NA,S,STRAIGHT AHEAD,,,1,,,,,,,,,,,,,,,,Y,,FRONT,,,,,,,,,,,,,,,,,,,,,,,,,,,,,,,,,
2131666,68e13606b892943769970155ddd9b6e2be33fe114d64e33a406c7749bafa05b5cd110265cd48441f5a19e6889a33a47230412acdbeade4df6f1abde7586bffa0,08/18/2025 10:00:00 PM,2,DRIVER,,2032070,,TOYOTA,RAV4,IL,2019,NONE,SPORT UTILITY VEHICLE (SUV),PERSONAL,S,SLOW/STOP IN TRAFFIC,,,1,,,,,,,,,,Y,,,,,,,,REAR,,,,,,,,,,,,,,,,,,,,,,,,,,,,,,,,,
2133463,7b8a37ec597e3c83170e8402d8bc53a47a8cc33cd098bf5c0dea31f921749b5119abd7a31e11077b13193305c22b9fa9efc720d4264da4aab6429f4be0cece81,08/18/2025 10:00:00 PM,1,DRIVER,,2033758,,UNKNOWN,OTHER (EXPLAIN IN NARRATIVE),XX,,UNKNOWN,PICKUP,UNKNOWN/NA,N,STRAIGHT AHEAD,,,1,,,,,,,,,,,,,,,,,Y,UNKNOWN,,,,,,,,,,,,,,,,,,,,,,,,,,,,,,,,,
2133464,7b8a37ec597e3c83170e8402d8bc53a47a8cc33cd098bf5c0dea31f921749b5119abd7a31e11077b13193305c22b9fa9efc720d4264da4aab6429f4be0cece81,08/18/2025 10:00:00 PM,2,DRIVER,3,2033759,,CHEVROLET,SUBURBAN,IL,2001,UNKNOWN,PASSENGER,PERSONAL,W,TURNING RIGHT,Y,,4,,ALL TOWING & RECOVERY,TOW YARD,,,,,,,,Y,Y,Y,Y,Y,,,SIDE-RIGHT,,,,,,,,,,,,,,,,,,,,,,,,,,,,,,,,,
2131652,a7eb3df1f4ebad67e5b45726b4156e4f96a7e2c71d735a3dca67db2df8fb93dc3a347bf8025c0d1802684b66659e5ee49342373b94a6f3258f77f8d651954dcb,08/18/2025 10:00:00 PM,1,DRIVER,,2032058,,SUBARU,ASCENT,IL,2022,NONE,SPORT UTILITY VEHICLE (SUV),PERSONAL,E,STRAIGHT AHEAD,Y,Y,1,,OWNER,,,Y,,Y,,Y,,,,,Y,Y,Y,,OTHER,,,,,,,,,,,,,,,,,,,,,,,,,,,,,,,,,
2131653,dd58ec2e0d6311c7937ec56988ab895c58c8623d2b449c741c6224fc933cff0f328cd9b5433bf75b94a4d26cc52addeff2e18026d831867b330502a1904561f1,08/18/2025 10:00:00 PM,1,DRIVER,,2032056,,VOLKSWAGEN,JETTA,IL,2002,ENGINE/MOTOR,PASSENGER,PERSONAL,N,SLOW/STOP IN TRAFFIC,,,1,,,,,,,,,Y,Y,Y,,,,,,,REAR,,,,,,,,,,,,,,,,,,,,,,,,,,,,,,,,,
2131654,dd58ec2e0d6311c7937ec56988ab895c58c8623d2b449c741c6224fc933cff0f328cd9b5433bf75b94a4d26cc52addeff2e18026d831867b330502a1904561f1,08/18/2025 10:00:00 PM,2,DRIVER,,2032061,N,FORD,F250,IL,2019,NONE,TRUCK - SINGLE UNIT,OTHER,S,SLOW/STOP IN TRAFFIC,,,1,,,,,,,,,Y,Y,Y,N,,,,,,REAR,,,,,,,,,,,,,,,,,,,,,,,,,,,,,,,,,
2131655,dd58ec2e0d6311c7937ec56988ab895c58c8623d2b449c741c6224fc933cff0f328cd9b5433bf75b94a4d26cc52addeff2e18026d831867b330502a1904561f1,08/18/2025 10:00:00 PM,3,DRIVER,3,2032064,,BUICK,OTHER (EXPLAIN IN NARRATIVE),IL,2024,NONE,PASSENGER,PERSONAL,S,SLOW/STOP IN TRAFFIC,,,4,,,,,Y,,,,,,,,,,Y,Y,,FRONT,,,,,,,,,,,,,,,,,,,,,,,,,,,,,,,,,
2131689,68a7ac93efe8c6df10344659fb5c31725357ba582d71f8d16f572c7e3a37f828d30e5baf22ef88dd6bd72854adfa01470078e6074cd15c75b39dde081724bdd6,08/18/2025 09:46:00 PM,1,DRIVER,2,2032088,,CHEVROLET,CRUZE,IL,2013,UNKNOWN,PASSENGER,PERSONAL,E,STRAIGHT AHEAD,Y,,3,,OWNER TOWED VEHICLE,,,Y,,,,,,,,,,Y,Y,,FRONT,,,,,,,,,,,,,,,,,,,,,,,,,,,,,,,,,
2131625,e2a5692935dff47ecea42eef739018f8151a4f43d244fa87f1a98f550907aea539527d75cc8e9848e3ee0ced05e3b526c0f96cee0032ccf19be11524c59d4120,08/18/2025 09:45:00 PM,1,DRIVER,,2032033,,HONDA,PILOT,IL,2007,UNKNOWN,PASSENGER,UNKNOWN/NA,W,STRAIGHT AHEAD,,,1,,,,,Y,,,,,,,,,,Y,Y,,FRONT,,,,,,,,,,,,,,,,,,,,,,,,,,,,,,,,,
2131626,e2a5692935dff47ecea42eef739018f8151a4f43d244fa87f1a98f550907aea539527d75cc8e9848e3ee0ced05e3b526c0f96cee0032ccf19be11524c59d4120,08/18/2025 09:45:00 PM,2,DRIVER,,2032035,,TOYOTA,PRIUS,IL,2010,UNKNOWN,PASSENGER,UNKNOWN/NA,W,STRAIGHT AHEAD,,,1,,,,,,,,,Y,Y,Y,,,,,,,REAR,,,,,,,,,,,,,,,,,,,,,,,,,,,,,,,,,
2131639,77a587fb9ea1e48c9ad751541ed9a643d8233f96340fb47fc486d5fe49c4676dd94a66690a3dce99921f4fde6084158acc85c8b2f0f6464b4ed7b675af3348cd,08/18/2025 09:35:00 PM,1,DRIVER,,2032042,,UNKNOWN,OTHER (EXPLAIN IN NARRATIVE),,,UNKNOWN,PASSENGER,UNKNOWN/NA,E,TURNING RIGHT,,,1,,,,,,,,,,,,,,,,,Y,UNKNOWN,,,,,,,,,,,,,,,,,,,,,,,,,,,,,,,,,
2131640,77a587fb9ea1e48c9ad751541ed9a643d8233f96340fb47fc486d5fe49c4676dd94a66690a3dce99921f4fde6084158acc85c8b2f0f6464b4ed7b675af3348cd,08/18/2025 09:35:00 PM,2,PARKED,,2032045,,KIA,OPTIMA / K5,,2016,UNKNOWN,PASSENGER,PERSONAL,E,PARKED,,,0,,,,,,,,,Y,,,,,,,,,REAR-RIGHT-CORNER,,,,,,,,,,,,,,,,,,,,,,,,,,,,,,,,,
2131629,d8f0c371717e18b3a4d9686cdb12c7fc0d79793d96738f3c471bcbeb8991efdbac0e17a5ac63b6d690509a3c25f0ca27b03bfb878ec9652f1bb3d580c6b906ce,08/18/2025 09:30:00 PM,1,DRIVER,,2032036,,MERCURY,MILAN,IL,2008,NONE,PASSENGER,PERSONAL,S,TURNING LEFT,,,1,,,,,Y,Y,Y,,,,,,,,,,,SIDE-RIGHT,,,,,,,,,,,,,,,,,,,,,,,,,,,,,,,,,
2131630,d8f0c371717e18b3a4d9686cdb12c7fc0d79793d96738f3c471bcbeb8991efdbac0e17a5ac63b6d690509a3c25f0ca27b03bfb878ec9652f1bb3d580c6b906ce,08/18/2025 09:30:00 PM,2,DRIVER,3,2032039,,MAZDA,CX-9,IN,2024,NONE,PASSENGER,PERSONAL,E,STRAIGHT AHEAD,,,4,,,,,Y,,,,,,,,,,Y,Y,,FRONT,,,,,,,,,,,,,,,,,,,,,,,,,,,,,,,,,
2131636,dd3055e653c94c7db49e0872ba6e2d6da07bbb243a5d84d7db46355ca3249d6cf8a1e130fa7b42a7035be59ba57207540d25ece53e5900e0d538a3aeb5088f29,08/18/2025 09:30:00 PM,1,DRIVER,,2032044,,LEXUS,RX350,IL,2015,STEERING,PASSENGER,PERSONAL,W,TURNING LEFT,Y,,1,,PRIVATE,UNKNOWN,,Y,,,,,,,,,,Y,Y,N,FRONT,,,,,,,,,,,,,,,,,,,,,,,,,,,,,,,,,
2131645,46785b8db247370212596cd5c779fbbe96b1e60fe5c72a34c415f0704eac2081b3ed258aed9ded797e4f512fa1e46cab44f93977b19e836c148c6b602bf97618,08/18/2025 09:20:00 PM,1,DRIVER,,2032050,,TOYOTA,VENZA,IL,,NONE,SPORT UTILITY VEHICLE (SUV),UNKNOWN/NA,N,STRAIGHT AHEAD,,,1,,,,,Y,,,,,,,,,,,,,FRONT-RIGHT-CORNER,,,,,,,,,,,,,,,,,,,,,,,,,,,,,,,,,
2131646,46785b8db247370212596cd5c779fbbe96b1e60fe5c72a34c415f0704eac2081b3ed258aed9ded797e4f512fa1e46cab44f93977b19e836c148c6b602bf97618,08/18/2025 09:20:00 PM,2,DRIVER,,2032052,,KIA,FORTE,IL,2024,NONE,PASSENGER,PERSONAL,N,SLOW/STOP IN TRAFFIC,,,1,,,,,,,,,,,Y,,,,,,,REAR-LEFT-CORNER,,,,,,,,,,,,,,,,,,,,,,,,,,,,,,,,,
2131643,4652942e1df752dd68ec4dfe27e8959c5115e9180712d355686b0ae0021c66bd1231397d141186c05158f822b78c7f877fe18d03531cae55fcbf8e5976bd990f,08/18/2025 09:15:00 PM,1,DRIVER,,2032047,,TOYOTA,CAMRY,IL,,UNKNOWN,PASSENGER,RIDESHARE SERVICE,E,OTHER,,,1,,,,,,,,,,,,,,,,,,OTHER,,,,,,,,,,,,,,,,,,,,,,,,,,,,,,,,,
2131644,4652942e1df752dd68ec4dfe27e8959c5115e9180712d355686b0ae0021c66bd1231397d141186c05158f822b78c7f877fe18d03531cae55fcbf8e5976bd990f,08/18/2025 09:15:00 PM,2,DRIVER,,2032048,,TOYOTA,HIGHLANDER,,,UNKNOWN,SPORT UTILITY VEHICLE (SUV),RIDESHARE SERVICE,E,STRAIGHT AHEAD,,,1,,,,,,,Y,Y,,,,,,,,,,SIDE-RIGHT,,,,,,,,,,,,,,,,,,,,,,,,,,,,,,,,,
2131618,503d27f4151dcea5524400258d67a1e034c3aa82de35c3581fc358c2528c2d965650a1e0c8df47ba123c6ce8a61e600d21d12f06403aef2d8c39f6d05d49b13e,08/18/2025 09:09:00 PM,1,DRIVER,,2032021,,HONDA,ODYSSEY,IL,2005,UNKNOWN,VAN/MINI-VAN,PERSONAL,W,TURNING RIGHT,Y,,1,,PRIVATE,,,Y,,,,,,,,,,Y,Y,,FRONT,,,,,,,,,,,,,,,,,,,,,,,,,,,,,,,,,
2131809,ab1575d63e639902929119ee5bd1a4760ae1244ae70d5498474b70b378e329b3fee18b24c5f468a9caedad574d835caaf8e172bbd22284bfe9e583f9acd70d07,08/18/2025 09:00:00 PM,1,DRIVER,,2032197,,UNKNOWN,OTHER (EXPLAIN IN NARRATIVE),IL,,UNKNOWN,UNKNOWN/NA,UNKNOWN/NA,UNKNOWN,UNKNOWN/NA,,,1,,,,,,,,,,,,,,,,,Y,UNKNOWN,,,,,,,,,,,,,,,,,,,,,,,,,,,,,,,,,
2131810,ab1575d63e639902929119ee5bd1a4760ae1244ae70d5498474b70b378e329b3fee18b24c5f468a9caedad574d835caaf8e172bbd22284bfe9e583f9acd70d07,08/18/2025 09:00:00 PM,2,PARKED,,2032209,,NISSAN,SENTRA,IL,2017,NONE,PASSENGER,PERSONAL,S,PARKED,,,0,,,,,,,,,,,Y,Y,Y,Y,Y,,,SIDE-LEFT,,,,,,,,,,,,,,,,,,,,,,,,,,,,,,,,,
2132708,c5c14266f589a64543e472b3fc9b993e1720dde6e6234cbdcb582a095c092589d07e56173bc5b665fbe5716416b3fa79c100e65c758aa8c6e5a21ee9b238d924,08/18/2025 09:00:00 PM,1,DRIVER,,2033032,,UNKNOWN,MOTORIZED,,,UNKNOWN,UNKNOWN/NA,UNKNOWN/NA,UNKNOWN,UNKNOWN/NA,,,1,,,,,,,,,,,,,,,,,,UNKNOWN,,,,,,,,,,,,,,,,,,,,,,,,,,,,,,,,,
2132709,c5c14266f589a64543e472b3fc9b993e1720dde6e6234cbdcb582a095c092589d07e56173bc5b665fbe5716416b3fa79c100e65c758aa8c6e5a21ee9b238d924,08/18/2025 09:00:00 PM,2,PARKED,,2033036,,CHEVROLET,CRUZE,IL,2018,NONE,PASSENGER,NOT IN USE,S,PARKED,,,0,,,,,Y,,,,,,,,,,Y,Y,,FRONT,,,,,,,,,,,,,,,,,,,,,,,,,,,,,,,,,
2131611,be197159707da84efb8d3c454d1e29bc32b3450b2b5e61d140b6e75ebb95576544d497b3bf82783238244bdda1794929d3c1226cf6c4db1de424d21d12b2c865,08/18/2025 08:55:00 PM,1,DRIVER,,2032017,,LEXUS,IS250,IL,2006,UNKNOWN,PASSENGER,PERSONAL,W,STRAIGHT AHEAD,Y,,1,,PERSONAL,,,,,,,,,,,,,,,,FRONT,,,,,,,,,,,,,,,,,,,,,,,,,,,,,,,,,
2131612,be197159707da84efb8d3c454d1e29bc32b3450b2b5e61d140b6e75ebb95576544d497b3bf82783238244bdda1794929d3c1226cf6c4db1de424d21d12b2c865,08/18/2025 08:55:00 PM,2,PARKED,,2032018,,FORD,FOCUS,IL,2013,OTHER,PASSENGER,PERSONAL,UNKNOWN,PARKED IN TRAFFIC LANE,,,0,,,,,,,,,,Y,Y,Y,Y,Y,Y,,,REAR-LEFT-CORNER,,,,,,,,,,,,,,,,,,,,,,,,,,,,,,,,,
2131613,be197159707da84efb8d3c454d1e29bc32b3450b2b5e61d140b6e75ebb95576544d497b3bf82783238244bdda1794929d3c1226cf6c4db1de424d21d12b2c865,08/18/2025 08:55:00 PM,3,PARKED,,2032023,,FORD,ESCAPE,IL,2008,UNKNOWN,SPORT UTILITY VEHICLE (SUV),PERSONAL,UNKNOWN,PARKED IN TRAFFIC LANE,,,0,,,,,,,,,,,Y,Y,Y,Y,Y,,,REAR-LEFT-CORNER,,,,,,,,,,,,,,,,,,,,,,,,,,,,,,,,,
2131633,547f5909a5fa14f19cb52c48ee6d3f586b60af0777c9de0ca5fe3f85462c9a17b8287edc660c92aa09cd5c93e69bfc08ae5ef8e2e0301d6e982f9ba45c445ac9,08/18/2025 08:45:00 PM,1,DRIVER,,2032043,,CHEVROLET,TRAIL BLAZER,IL,2023,NONE,SPORT UTILITY VEHICLE (SUV),PERSONAL,S,ENTERING TRAFFIC LANE FROM PARKING,,,1,,,,,Y,Y,Y,,,,,,,,,,,FRONT-RIGHT-CORNER,,,,,,,,,,,,,,,,,,,,,,,,,,,,,,,,,
2131609,70b9ad3322ab6e81ddff54e466432602f927cd9ef1d8f79c7105046aaab63e4a54f35710a745f27031f7f1411d3bf898d1d3e39928683b7c0bb8339a002c6828,08/18/2025 08:44:00 PM,1,DRIVER,1,2032029,,FORD,ESCAPE,IL,2017,UNKNOWN,PASSENGER,PERSONAL,E,STRAIGHT AHEAD,,,2,,,,,,Y,Y,Y,,,,,,,,,,SIDE-RIGHT,,,,,,,,,,,,,,,,,,,,,,,,,,,,,,,,,
2131610,70b9ad3322ab6e81ddff54e466432602f927cd9ef1d8f79c7105046aaab63e4a54f35710a745f27031f7f1411d3bf898d1d3e39928683b7c0bb8339a002c6828,08/18/2025 08:44:00 PM,2,DRIVER,1,2032019,,MAZDA,CX-7,IL,2017,UNKNOWN,PASSENGER,PERSONAL,E,OTHER,,,2,,,,,,N,N,N,,,,Y,Y,,,,,SIDE-LEFT,,,,,,,,,,,,,,,,,,,,,,,,,,,,,,,,,
2131614,f3ddec5a4e236053c70f3ee2cd6aeb1c822cfc19ccd97a43b6e429c6150c70779b46f8be7461afbaa71787d6444ab7f181a1b8bd611273eedf23e23c7b1050f6,08/18/2025 08:42:00 PM,1,DRIVER,,2032022,,NISSAN,ALTIMA,IL,,UNKNOWN,PASSENGER,UNKNOWN/NA,S,STRAIGHT AHEAD,,,1,,,,Y,N,,,,,,,,,,,Y,,FRONT,,,,,,,,,,,,,,,,,,,,,,,,,,,,,,,,,