CRASH_UNIT_ID,CRASH_RECORD_ID,CRASH_DATE,UNIT_NO,UNIT_TYPE,NUM_PASSENGERS,VEHICLE_ID,CMRC_VEH_I,MAKE,MODEL,LIC_PLATE_STATE,VEHICLE_YEAR,VEHICLE_DEFECT,VEHICLE_TYPE,VEHICLE_USE,TRAVEL_DIRECTION,MANEUVER,TOWED_I,FIRE_I,OCCUPANT_CNT,EXCEED_SPEED_LIMIT_I,TOWED_BY,TOWED_TO,AREA_00_I,AREA_01_I,AREA_02_I,AREA_03_I,AREA_04_I,AREA_05_I,AREA_06_I,AREA_07_I,AREA_08_I,AREA_09_I,AREA_10_I,AREA_11_I,AREA_12_I,AREA_99_I,FIRST_CONTACT_POINT,CMV_ID,USDOT_NO,CCMC_NO,ILCC_NO,COMMERCIAL_SRC,GVWR,CARRIER_NAME,CARRIER_STATE,CARRIER_CITY,HAZMAT_PLACARDS_I,HAZMAT_NAME,UN_NO,HAZMAT_PRESENT_I,HAZMAT_REPORT_I,HAZMAT_REPORT_NO,MCS_REPORT_I,MCS_REPORT_NO,HAZMAT_VIO_CAUSE_CRASH_I,MCS_VIO_CAUSE_CRASH_I,IDOT_PERMIT_NO,WIDE_LOAD_I,TRAILER1_WIDTH,TRAILER2_WIDTH,TRAILER1_LENGTH,TRAILER2_LENGTH,TOTAL_VEHICLE_LENGTH,AXLE_CNT,VEHICLE_CONFIG,CARGO_BODY_TYPE,LOAD_TYPE,HAZMAT_OUT_OF_SERVICE_I,MCS_OUT_OF_SERVICE_I,HAZMAT_CLASS
2131615,f3ddec5a4e236053c70f3ee2cd6aeb1c822cfc19ccd97a43b6e429c6150c70779b46f8be7461afbaa71787d6444ab7f181a1b8bd611273eedf23e23c7b1050f6,08/18/2025 08:42:00 PM,2,DRIVER,,2032024,,JEEP,COMPASS,XX,2025,NONE,PASSENGER,PERSONAL,E,STRAIGHT AHEAD,,,1,,,,Y,Y,,,,,,,,,,,,,SIDE-RIGHT,,,,,,,,,,,,,,,,,,,,,,,,,,,,,,,,,
2132360,740b6e283571047efaf9eacb4751d6cff627a1aec68650159aefb4f021d040824787087c9fc32bb7cb783fb905b9117cffefe55cc93bcb2cc41003098ffadcc9,08/18/2025 08:40:00 PM,1,DRIVER,,2032706,,JEEP,JEEP,IL,2010,UNKNOWN,SPORT UTILITY VEHICLE (SUV),PERSONAL,UNKNOWN,STARTING IN TRAFFIC,,,1,,,,,,,,,,,,,,,,,Y,UNKNOWN,,,,,,,,,,,,,,,,,,,,,,,,,,,,,,,,,
2132361,740b6e283571047efaf9eacb4751d6cff627a1aec68650159aefb4f021d040824787087c9fc32bb7cb783fb905b9117cffefe55cc93bcb2cc41003098ffadcc9,08/18/2025 08:40:00 PM,2,DRIVER,,2032714,,HONDA,ACCORD,IL,,UNKNOWN,PASSENGER,PERSONAL,UNKNOWN,STRAIGHT AHEAD,,,1,,,,,,,Y,,,,,,,,,,,SIDE-RIGHT,,,,,,,,,,,,,,,,,,,,,,,,,,,,,,,,,
2131591,d7fd00a54c92485e6902b8dc3f883c59e07c4d390b227d234f242f0c20b95975f11d2ed1bafa93036d90a7e08f4360f5f85ee22433d217d46f09a970d6c56454,08/18/2025 08:30:00 PM,1,DRIVER,,2031994,,FORD,F100,IL,,NONE,PICKUP,UNKNOWN/NA,S,STRAIGHT AHEAD,,,1,,,,,,,,,,,,,,,,Y,,FRONT,,,,,,,,,,,,,,,,,,,,,,,,,,,,,,,,,
2131592,d7fd00a54c92485e6902b8dc3f883c59e07c4d390b227d234f242f0c20b95975f11d2ed1bafa93036d90a7e08f4360f5f85ee22433d217d46f09a970d6c56454,08/18/2025 08:30:00 PM,2,DRIVER,,2031998,,HYUNDAI,SANTA FE,IL,2023,NONE,PASSENGER,PERSONAL,W,STRAIGHT AHEAD,,,1,,,,,Y,Y,Y,,,,,,,,,,,SIDE-RIGHT,,,,,,,,,,,,,,,,,,,,,,,,,,,,,,,,,
2131595,f094dd7880095480dbd1437bd861b1bf7710a3e1df7f98973e9d15ce59feb2bd0d75f085a799a42911143246816557c616fe17c10bac3c74520444b3d90ba2fb,08/18/2025 08:30:00 PM,1,DRIVER,,2032000,,UNKNOWN,OTHER (EXPLAIN IN NARRATIVE),,,UNKNOWN,PICKUP,PERSONAL,S,STRAIGHT AHEAD,,,1,,,,,Y,,,,,,,,,,,,,FRONT-RIGHT-CORNER,,,,,,,,,,,,,,,,,,,,,,,,,,,,,,,,,
2131596,f094dd7880095480dbd1437bd861b1bf7710a3e1df7f98973e9d15ce59feb2bd0d75f085a799a42911143246816557c616fe17c10bac3c74520444b3d90ba2fb,08/18/2025 08:30:00 PM,2,DRIVER,,2032008,Y,NOVA BUS,OTHER (EXPLAIN IN NARRATIVE),IL,2016,UNKNOWN,BUS OVER 15 PASS.,CTA,S,SLOW/STOP IN TRAFFIC,,,1,,,,,,,,,,,,,,,Y,,,FRONT-LEFT-CORNER,"22,026",,,,DRIVER,,CHICAGO TRANSIT AUTHORITY,IL,CHICAGO,,,,N,N,,N,,N,N,,,,,,,,,BUS,,,N,N,
2131605,968537a9013ea6f5073e08a8d091f5c32e67c3f3f5ec1987101bb7a572bcbaf5ef0b0aaf022c4da15bc0d3d058cfcae11b305cb222fedae8daaca8b7a9ad4a87,08/18/2025 08:23:00 PM,1,DRIVER,,2032016,,HONDA,CR-V,IL,2017,UNKNOWN,SPORT UTILITY VEHICLE (SUV),PERSONAL,E,TURNING RIGHT,,,1,,,,,N,Y,Y,,,,,,,,,,,SIDE-RIGHT,,,,,,,,,,,,,,,,,,,,,,,,,,,,,,,,,
2131606,968537a9013ea6f5073e08a8d091f5c32e67c3f3f5ec1987101bb7a572bcbaf5ef0b0aaf022c4da15bc0d3d058cfcae11b305cb222fedae8daaca8b7a9ad4a87,08/18/2025 08:23:00 PM,2,BICYCLE,,,,,,,,,,,,,,,,,,,,,,,,,,,,,,,,,,,,,,,,,,,,,,,,,,,,,,,,,,,,,,,,,,
2131637,d122c70bda8231c57a6c6ff478a958d81920ebcc95bc7a860b895857123e2c8dba04b8441506acace1b0a66c0d33acabca6f922de7badb821be129f0da8d4dcf,08/18/2025 08:20:00 PM,1,DRIVER,,2032041,,UNKNOWN,OTHER (EXPLAIN IN NARRATIVE),,,UNKNOWN,UNKNOWN/NA,UNKNOWN/NA,E,UNKNOWN/NA,,,1,,,,,,,,,,,,,,,,,Y,UNKNOWN,,,,,,,,,,,,,,,,,,,,,,,,,,,,,,,,,
2131638,d122c70bda8231c57a6c6ff478a958d81920ebcc95bc7a860b895857123e2c8dba04b8441506acace1b0a66c0d33acabca6f922de7badb821be129f0da8d4dcf,08/18/2025 08:20:00 PM,2,PEDESTRIAN,,,,,,,,,,,,,,,,,,,,,,,,,,,,,,,,,,,,,,,,,,,,,,,,,,,,,,,,,,,,,,,,,,
2131634,f7174159e6e9fa4a6a4f28b8ffdfe94f50c055524bcaad0b4e22ba3ecd7efd40bebc5d570c8bbd303f0d9362a135933f2b8877569bcf05bbacb462d4bb71bb52,08/18/2025 08:20:00 PM,1,DRIVER,,2032037,,UNKNOWN,OTHER (EXPLAIN IN NARRATIVE),,,UNKNOWN,UNKNOWN/NA,UNKNOWN/NA,S,STRAIGHT AHEAD,,,1,,,,,,,,,,,,,,,,,Y,UNKNOWN,,,,,,,,,,,,,,,,,,,,,,,,,,,,,,,,,
2131635,f7174159e6e9fa4a6a4f28b8ffdfe94f50c055524bcaad0b4e22ba3ecd7efd40bebc5d570c8bbd303f0d9362a135933f2b8877569bcf05bbacb462d4bb71bb52,08/18/2025 08:20:00 PM,2,DRIVER,,2032040,,NISSAN,ROGUE,IL,2014,NONE,PASSENGER,PERSONAL,E,STRAIGHT AHEAD,,,1,,,,,Y,,,,,,,,,,Y,Y,,FRONT,,,,,,,,,,,,,,,,,,,,,,,,,,,,,,,,,
2131623,ec09298a541e12fe108f8bd089073944004276fc11186380599e8ccabe3b9eb2803fd8ba92e915c13af360ad548898c87cb3f203f37f7a28215244baf165086d,08/18/2025 08:15:00 PM,1,DRIVER,,2032031,,FORD,EXPLORER,IL,2013,UNKNOWN,PASSENGER,UNKNOWN/NA,W,STRAIGHT AHEAD,Y,,1,,cpd,pound #7,,Y,,,,,,,,,,Y,Y,Y,UNKNOWN,,,,,,,,,,,,,,,,,,,,,,,,,,,,,,,,,
2131624,ec09298a541e12fe108f8bd089073944004276fc11186380599e8ccabe3b9eb2803fd8ba92e915c13af360ad548898c87cb3f203f37f7a28215244baf165086d,08/18/2025 08:15:00 PM,2,PARKED,,2032032,,TOYOTA,OTHER (EXPLAIN IN NARRATIVE),IL,2018,UNKNOWN,PASSENGER,UNKNOWN/NA,W,PARKED,,,0,,,,,Y,Y,,,,,,,,,,Y,,FRONT-RIGHT-CORNER,,,,,,,,,,,,,,,,,,,,,,,,,,,,,,,,,
2131647,29d5be0de1071f3bfb0dc5e8782b22af53f221de8d8a1eecca4459cf939f9da839ccb810da48cc3dd1f826c7f9e503f2f30d31d8c6a4636a5748fce6c006a692,08/18/2025 08:11:00 PM,1,DRIVER,,2032053,Y,VOLVO,OTHER (EXPLAIN IN NARRATIVE),NC,2024,NONE,TRACTOR W/O SEMI-TRAILER,COMMERCIAL - SINGLE UNIT,S,TURNING LEFT,N,,1,,,,,,,,,,,,Y,,,,,,SIDE-LEFT-REAR,"22,027",,,,LOG BOOK,3,IVANOV HOLDINGS LLC,NC,CHARLOTTE,,,,N,N,,U,,N,U,,,,,,,,,TRACTOR/SEMI-TRAILER,VAN/ENCLOSED BOX,UNKNOWN,N,N,MISCELLANEOUS
2131593,30bb0b44ad6efbe20106b8ef0c00a5c32224bcd09ce0607022873dc2e247a491d580ae38f9caf7b5a520ffed17ebda515d9718a5556606489bad7ebe99e7d115,08/18/2025 08:09:00 PM,1,DRIVER,,2032006,,NISSAN,OTHER (EXPLAIN IN NARRATIVE),IL,2015,UNKNOWN,PASSENGER,PERSONAL,N,STRAIGHT AHEAD,,,1,,,,,Y,Y,,,,,,,,,,,,FRONT-RIGHT-CORNER,,,,,,,,,,,,,,,,,,,,,,,,,,,,,,,,,
2131594,30bb0b44ad6efbe20106b8ef0c00a5c32224bcd09ce0607022873dc2e247a491d580ae38f9caf7b5a520ffed17ebda515d9718a5556606489bad7ebe99e7d115,08/18/2025 08:09:00 PM,2,DRIVER,1,2032010,,JEEP,WRANGLER,IL,,UNKNOWN,PASSENGER,PERSONAL,N,STRAIGHT AHEAD,,,2,,,,,,,,,,Y,Y,Y,,,,,,REAR-LEFT-CORNER,,,,,,,,,,,,,,,,,,,,,,,,,,,,,,,,,
2131631,a97063ea540eee1cb63a34050463bc053e6e6a57e97eab9eb7493c177a8d46f364790b28d592cbe70d557978e6c760197ecc74808dd016c1cc5e51b599476268,08/18/2025 08:05:00 PM,1,PARKED,1,2032038,,JEEP,GRAND CHEROKEE,MO,2022,NONE,SPORT UTILITY VEHICLE (SUV),PERSONAL,NW,PARKED,,,1,,,,,,,,,,,,,,,,,Y,SIDE-LEFT,,,,,,,,,,,,,,,,,,,,,,,,,,,,,,,,,
2131632,a97063ea540eee1cb63a34050463bc053e6e6a57e97eab9eb7493c177a8d46f364790b28d592cbe70d557978e6c760197ecc74808dd016c1cc5e51b599476268,08/18/2025 08:05:00 PM,2,BICYCLE,,,,,,,,,,,,,,,,,,,,,,,,,,,,,,,,,,,,,,,,,,,,,,,,,,,,,,,,,,,,,,,,,,
2132211,21f841b64e7aa21d5157c8500ec60f8441013ac9371f5c07140db8559371054f1e51ee0764c596f3f2e9e09598d35373d1a6fbdba3fdbaccebbca993db2fc8fb,08/18/2025 08:00:00 PM,1,DRIVER,1,2032557,,FORD,FUSION,IL,2019,NONE,PASSENGER,PERSONAL,W,MERGING,,,2,,,,,Y,,,,,,,,,,,Y,,FRONT-RIGHT-CORNER,,,,,,,,,,,,,,,,,,,,,,,,,,,,,,,,,
2132212,21f841b64e7aa21d5157c8500ec60f8441013ac9371f5c07140db8559371054f1e51ee0764c596f3f2e9e09598d35373d1a6fbdba3fdbaccebbca993db2fc8fb,08/18/2025 08:00:00 PM,2,DRIVER,,2032558,,FORD,FOCUS,IL,2015,UNKNOWN,PASSENGER,PERSONAL,W,STRAIGHT AHEAD,,,1,,,,,,,,,,Y,Y,N,,,,,,REAR-LEFT-CORNER,,,,,,,,,,,,,,,,,,,,,,,,,,,,,,,,,
2131621,610a34bf3bc9334817cca4e32ff80caa579673cd6b17a6dc26f63e32d7583de7f7916576d3f79a73838db900a2fb6dca23b154066b743b3cd4816c59cb9806ca,08/18/2025 08:00:00 PM,1,DRIVER,,2032026,,TOYOTA,COROLLA,IL,2014,UNKNOWN,PASSENGER,TAXI/FOR HIRE,S,PASSING/OVERTAKING,,,1,,,,,Y,Y,,,,,,,,,,,,FRONT-RIGHT-CORNER,,,,,,,,,,,,,,,,,,,,,,,,,,,,,,,,,
2131622,610a34bf3bc9334817cca4e32ff80caa579673cd6b17a6dc26f63e32d7583de7f7916576d3f79a73838db900a2fb6dca23b154066b743b3cd4816c59cb9806ca,08/18/2025 08:00:00 PM,2,DRIVER,,2032030,,MERCURY,MOUNTAINEER,IL,2004,UNKNOWN,PASSENGER,PERSONAL,S,STRAIGHT AHEAD,,,1,,,,,,,,,,,,,,Y,Y,,,FRONT-LEFT-CORNER,,,,,,,,,,,,,,,,,,,,,,,,,,,,,,,,,
2131580,460de8cc13424a97d4f5689709f1a7288bfaf9a7420671024c010a6ac91e69b5d9d3b5500173c3e09cbc695179ead3f39eb11ca3e68cc16e7d649d0f6aa8a288,08/18/2025 07:58:00 PM,1,BICYCLE,,,,,,,,,,,,,,,,,,,,,,,,,,,,,,,,,,,,,,,,,,,,,,,,,,,,,,,,,,,,,,,,,,
2131581,460de8cc13424a97d4f5689709f1a7288bfaf9a7420671024c010a6ac91e69b5d9d3b5500173c3e09cbc695179ead3f39eb11ca3e68cc16e7d649d0f6aa8a288,08/18/2025 07:58:00 PM,2,DRIVER,1,2031995,,JEEP,WRANGLER,IL,2021,UNKNOWN,PASSENGER,PERSONAL,NW,STRAIGHT AHEAD,,,2,,,,,Y,,,,,,,,,,Y,Y,,FRONT,,,,,,,,,,,,,,,,,,,,,,,,,,,,,,,,,
2132028,894df2fc1a0b54f01c34531debc98511646956affee899e4ab5f827bcfb645856a2abd57187864f1b048a510934776c811b4c221787903b75cd8a1d6c8aae296,08/18/2025 07:58:00 PM,1,DRIVER,,2032395,,HYUNDAI,ELANTRA,IL,2022,UNKNOWN,PASSENGER,PERSONAL,E,STRAIGHT AHEAD,,,1,,,,,Y,,,,,,,,,,Y,Y,,FRONT,,,,,,,,,,,,,,,,,,,,,,,,,,,,,,,,,
2132029,894df2fc1a0b54f01c34531debc98511646956affee899e4ab5f827bcfb645856a2abd57187864f1b048a510934776c811b4c221787903b75cd8a1d6c8aae296,08/18/2025 07:58:00 PM,2,DRIVER,2,2032409,,TOYOTA,COROLLA,IL,2015,NONE,PASSENGER,PERSONAL,N,STRAIGHT AHEAD,,,3,,,,,,,,,,,,Y,Y,Y,Y,,,SIDE-LEFT,,,,,,,,,,,,,,,,,,,,,,,,,,,,,,,,,
2132225,84828755d28473fde558a3f7b0eb6ff77e170f95f6ffa2215dcd59633b7d779b819f28a715c5e4799f63f1c16e1e10d6ab37d4c881be592444eefd650f2c9749,08/18/2025 07:54:00 PM,1,DRIVER,,2032580,,TOYOTA,OTHER (EXPLAIN IN NARRATIVE),IL,2015,NONE,PASSENGER,PERSONAL,N,STRAIGHT AHEAD,,,1,,,,,,,,,,,,,,,,,Y,UNKNOWN,,,,,,,,,,,,,,,,,,,,,,,,,,,,,,,,,
2132226,84828755d28473fde558a3f7b0eb6ff77e170f95f6ffa2215dcd59633b7d779b819f28a715c5e4799f63f1c16e1e10d6ab37d4c881be592444eefd650f2c9749,08/18/2025 07:54:00 PM,2,PEDESTRIAN,,,,,,,,,,,,,,,,,,,,,,,,,,,,,,,,,,,,,,,,,,,,,,,,,,,,,,,,,,,,,,,,,,
2131627,26e3e953ec9fe78801bfc4d66a329874d3d190a6cf9a9ca554450a6d614d1ce79977bd6141aa62dece650023394444147509a617ebe8130b2af3f680e1a42060,08/18/2025 07:50:00 PM,1,DRIVER,,2032051,,UNKNOWN,OTHER (EXPLAIN IN NARRATIVE),XX,,UNKNOWN,UNKNOWN/NA,UNKNOWN/NA,N,STRAIGHT AHEAD,,,1,,,,,,,,,,,,,,,,,Y,UNKNOWN,,,,,,,,,,,,,,,,,,,,,,,,,,,,,,,,,
2131628,26e3e953ec9fe78801bfc4d66a329874d3d190a6cf9a9ca554450a6d614d1ce79977bd6141aa62dece650023394444147509a617ebe8130b2af3f680e1a42060,08/18/2025 07:50:00 PM,2,DRIVER,,2032034,,MITSUBISHI,OUTLANDER,IL,2022,NONE,SPORT UTILITY VEHICLE (SUV),PERSONAL,N,STRAIGHT AHEAD,,,1,,,,,,,,,,Y,,,,,,,,REAR,,,,,,,,,,,,,,,,,,,,,,,,,,,,,,,,,
2131578,82dcd0da6ec3562329aa8bb7eeea962754b85da818948ab6c3eeb3577be8a19be31f2a72116b71ad6ad6aaa2518b093b2ac5ec4ca6960008717f96f6d1f5e752,08/18/2025 07:40:00 PM,1,DRIVER,,2031990,,HONDA,CIVIC,IL,2007,NONE,PASSENGER,PERSONAL,E,SLOW/STOP IN TRAFFIC,,,1,,,,,Y,,,,,,,,,,,,,FRONT-RIGHT-CORNER,,,,,,,,,,,,,,,,,,,,,,,,,,,,,,,,,
2131579,82dcd0da6ec3562329aa8bb7eeea962754b85da818948ab6c3eeb3577be8a19be31f2a72116b71ad6ad6aaa2518b093b2ac5ec4ca6960008717f96f6d1f5e752,08/18/2025 07:40:00 PM,2,DRIVER,,2031992,,HYUNDAI,TUCSON,NB,2022,NONE,PASSENGER,PERSONAL,E,SLOW/STOP IN TRAFFIC,,,1,,,,,,,,,,,Y,,,,,,,REAR-LEFT-CORNER,,,,,,,,,,,,,,,,,,,,,,,,,,,,,,,,,
2131571,142a7ec75d27a62e21f7a4f42db2b83f7c8dde35d90052af84b3877dd79f7a07a6df5044445f52afc015436886a4c1cb2f9691a7b6df942070a67546de15235e,08/18/2025 07:33:00 PM,1,DRIVER,,2031983,,MAZDA,CX-7,IL,2008,UNKNOWN,PASSENGER,UNKNOWN/NA,E,STRAIGHT AHEAD,,,1,,,,,,,,,,,,,,,,Y,,FRONT,,,,,,,,,,,,,,,,,,,,,,,,,,,,,,,,,
2131572,142a7ec75d27a62e21f7a4f42db2b83f7c8dde35d90052af84b3877dd79f7a07a6df5044445f52afc015436886a4c1cb2f9691a7b6df942070a67546de15235e,08/18/2025 07:33:00 PM,2,DRIVER,,2031985,,LEXUS,ES300,IL,2020,UNKNOWN,PASSENGER,UNKNOWN/NA,E,SLOW/STOP IN TRAFFIC,,,1,,,,,,,,,,Y,,,,,,Y,,REAR,,,,,,,,,,,,,,,,,,,,,,,,,,,,,,,,,
2131573,142a7ec75d27a62e21f7a4f42db2b83f7c8dde35d90052af84b3877dd79f7a07a6df5044445f52afc015436886a4c1cb2f9691a7b6df942070a67546de15235e,08/18/2025 07:33:00 PM,3,DRIVER,,2031989,,MERCEDES-BENZ,G-CLASS,IL,2011,UNKNOWN,PASSENGER,UNKNOWN/NA,E,SLOW/STOP IN TRAFFIC,,,1,,,,,,,,,,Y,,,,,,,,REAR,,,,,,,,,,,,,,,,,,,,,,,,,,,,,,,,,
2131616,f0c5e7452715f6c7ee2514d3c7cbbaeeecd297c21b23c23bfa716300b1f103373c66f743f38b8b8302f6defd9c966d182ae8a8832a049cedd5154d2ef7c05c99,08/18/2025 07:30:00 PM,1,DRIVER,,2032020,,ALFA ROMEO,STELVIO,IL,2022,UNKNOWN,PASSENGER,PERSONAL,W,SKIDDING/CONTROL LOSS,Y,,1,,PRIVATE TOW,,,Y,,,Y,Y,,,,,,Y,Y,,FRONT,,,,,,,,,,,,,,,,,,,,,,,,,,,,,,,,,
2131617,f0c5e7452715f6c7ee2514d3c7cbbaeeecd297c21b23c23bfa716300b1f103373c66f743f38b8b8302f6defd9c966d182ae8a8832a049cedd5154d2ef7c05c99,08/18/2025 07:30:00 PM,2,DRIVER,,2032027,,TOYOTA,RAV4,IL,2013,UNKNOWN,PASSENGER,PERSONAL,E,SLOW/STOP IN TRAFFIC,,,1,,,,,,,,,,Y,Y,,,,Y,Y,,FRONT-LEFT-CORNER,,,,,,,,,,,,,,,,,,,,,,,,,,,,,,,,,
2131584,12ce6e5aeafde0be8a44b6a498344f6739482127d6aa3569a3311385aa28e4bb04b8817f98a96708ed069f4e57a75139409abf41a850c115e3d03b07b2a90564,08/18/2025 07:21:00 PM,1,DRIVER,,2031996,,KIA,SEDONA,IL,2024,UNKNOWN,VAN/MINI-VAN,UNKNOWN/NA,W,TURNING LEFT,Y,,1,,PRIVATE TOW,UNK,,Y,,,,,,,,,,,Y,,FRONT-RIGHT-CORNER,,,,,,,,,,,,,,,,,,,,,,,,,,,,,,,,,
2131599,12ce6e5aeafde0be8a44b6a498344f6739482127d6aa3569a3311385aa28e4bb04b8817f98a96708ed069f4e57a75139409abf41a850c115e3d03b07b2a90564,08/18/2025 07:21:00 PM,2,DRIVER,2,2032005,,HONDA,CR-V,IL,2017,UNKNOWN,SPORT UTILITY VEHICLE (SUV),UNKNOWN/NA,E,STRAIGHT AHEAD,Y,,3,,PRIVATE TOW,UNK,,,,,,,,,,,,Y,Y,,FRONT-LEFT-CORNER,,,,,,,,,,,,,,,,,,,,,,,,,,,,,,,,,
2131558,d09c4bc0f24a803c00aea1ab7af2bda97930ceab8941a409111c7ead78d9124988e5150e1dd6ce33a801639a10c26911e46a142125cd99d10ed2b19ea75dc254,08/18/2025 07:15:00 PM,1,DRIVER,,2031972,,SUBARU,IMPREZA,IN,2023,UNKNOWN,PASSENGER,OTHER,N,TURNING RIGHT,,,1,,,,,,,,,,,,,,,Y,,,FRONT-LEFT-CORNER,,,,,,,,,,,,,,,,,,,,,,,,,,,,,,,,,
2131559,d09c4bc0f24a803c00aea1ab7af2bda97930ceab8941a409111c7ead78d9124988e5150e1dd6ce33a801639a10c26911e46a142125cd99d10ed2b19ea75dc254,08/18/2025 07:15:00 PM,2,DRIVER,1,2031975,,CHEVROLET,MALIBU,IL,2010,UNKNOWN,PASSENGER,PERSONAL,W,STRAIGHT AHEAD,,,2,,,,,,,,,,,,,,,Y,,,FRONT-LEFT-CORNER,,,,,,,,,,,,,,,,,,,,,,,,,,,,,,,,,
2131564,ff4a71da120bc22801b5ae0c83fe312f0664455658419be9e0e439db5e2cfec599d314f799617f0cd40435cd16ff66ac9624b4b8b346d165ec8f47989c6fa10e,08/18/2025 07:07:00 PM,1,DRIVER,2,2031977,,MAZDA,OTHER (EXPLAIN IN NARRATIVE),IL,2009,NONE,PASSENGER,PERSONAL,N,ENTERING TRAFFIC LANE FROM PARKING,,,3,,,,,Y,,,,N,,,,,,,,,FRONT-RIGHT-CORNER,,,,,,,,,,,,,,,,,,,,,,,,,,,,,,,,,
2131565,ff4a71da120bc22801b5ae0c83fe312f0664455658419be9e0e439db5e2cfec599d314f799617f0cd40435cd16ff66ac9624b4b8b346d165ec8f47989c6fa10e,08/18/2025 07:07:00 PM,2,DRIVER,,2031981,,CHEVROLET,MALIBU,IL,2017,NONE,PASSENGER,PERSONAL,S,STRAIGHT AHEAD,,,1,,,,,Y,,,,,,,,,,,,,FRONT-RIGHT-CORNER,,,,,,,,,,,,,,,,,,,,,,,,,,,,,,,,,
2131574,90685f5a23324e17b051598da65407e7211940ec436d4e694c45a8a54dc32d31190e5cfaf630c3649b71101623648186b40fa87787f5ff47a216db499e8a4e8d,08/18/2025 07:02:00 PM,1,DRIVER,,2031986,,KIA,SOUL,IL,2013,NONE,PASSENGER,PERSONAL,S,STRAIGHT AHEAD,Y,,1,,,,,Y,Y,,,,,,,,Y,Y,Y,,FRONT,,,,,,,,,,,,,,,,,,,,,,,,,,,,,,,,,
2131575,90685f5a23324e17b051598da65407e7211940ec436d4e694c45a8a54dc32d31190e5cfaf630c3649b71101623648186b40fa87787f5ff47a216db499e8a4e8d,08/18/2025 07:02:00 PM,2,DRIVER,3,2031991,,FORD,ESCAPE,IL,2014,NONE,PASSENGER,PERSONAL,E,TURNING LEFT,Y,,4,,,,,,,,,,,,,Y,Y,Y,Y,,SIDE-LEFT-FRONT,,,,,,,,,,,,,,,,,,,,,,,,,,,,,,,,,
2131588,0f5fef82a4a770a924b5763c1365203f90cb848c8a7de0b99d0e8f644ad907b9bfb5d9f968d78723b5e72bc3759c3fb8a9dca2f11c533fb6cf9c4dddf1abfe59,08/18/2025 07:00:00 PM,1,DRIVER,,2031999,,FORD,F450,IL,2004,TIRES,PICKUP,TOW TRUCK,N,STRAIGHT AHEAD,,,1,,,,,Y,Y,,,,,,,,,,Y,,FRONT-RIGHT-CORNER,,,,,,,,,,,,,,,,,,,,,,,,,,,,,,,,,
2131589,0f5fef82a4a770a924b5763c1365203f90cb848c8a7de0b99d0e8f644ad907b9bfb5d9f968d78723b5e72bc3759c3fb8a9dca2f11c533fb6cf9c4dddf1abfe59,08/18/2025 07:00:00 PM,3,PARKED,,2032009,,NISSAN,SENTRA,IL,2021,NONE,PASSENGER,PERSONAL,UNKNOWN,PARKED,,,0,,,,,,,,,Y,Y,Y,,Y,Y,Y,,,REAR,,,,,,,,,,,,,,,,,,,,,,,,,,,,,,,,,
2131590,0f5fef82a4a770a924b5763c1365203f90cb848c8a7de0b99d0e8f644ad907b9bfb5d9f968d78723b5e72bc3759c3fb8a9dca2f11c533fb6cf9c4dddf1abfe59,08/18/2025 07:00:00 PM,2,PARKED,,2032011,,JEEP,PATRIOT,IL,2014,NONE,PASSENGER,PERSONAL,UNKNOWN,PARKED,,,0,,,,,,,,,,,Y,Y,Y,Y,Y,,,SIDE-LEFT,,,,,,,,,,,,,,,,,,,,,,,,,,,,,,,,,
2132330,1256400ac96ce458064b8a2775afa39eff6233759269fb9d6537283b45723183969e3514c1529a69027c80dcc91d6ede5e6478047d0772131c71507b77051dd1,08/18/2025 07:00:00 PM,1,DRIVER,,2032695,,UNKNOWN,OTHER (EXPLAIN IN NARRATIVE),XX,,UNKNOWN,VAN/MINI-VAN,UNKNOWN/NA,S,PASSING/OVERTAKING,,,1,,,,,,,,,,,,,,,,,Y,UNKNOWN,,,,,,,,,,,,,,,,,,,,,,,,,,,,,,,,,
2132331,1256400ac96ce458064b8a2775afa39eff6233759269fb9d6537283b45723183969e3514c1529a69027c80dcc91d6ede5e6478047d0772131c71507b77051dd1,08/18/2025 07:00:00 PM,2,DRIVER,,2032683,,MERCEDES-BENZ,E300,IL,2017,NONE,PASSENGER,PERSONAL,S,STRAIGHT AHEAD,,,1,,,,,,,,Y,Y,,,,,Y,Y,,,SIDE-RIGHT-REAR,,,,,,,,,,,,,,,,,,,,,,,,,,,,,,,,,
2134667,7b5a8092b49abab7e089eeba16c64e139043a68c0ab7e66abb18e764061997bc98904cd378b26c3960533bc77765a5c3d361520461da6046c849b9aed527a791,08/18/2025 07:00:00 PM,1,DRIVER,,2034905,,UNKNOWN,OTHER (EXPLAIN IN NARRATIVE),,,UNKNOWN,UNKNOWN/NA,UNKNOWN/NA,UNKNOWN,UNKNOWN/NA,,,1,,,,,,,,,,,,,,,,,Y,UNKNOWN,,,,,,,,,,,,,,,,,,,,,,,,,,,,,,,,,
2134668,7b5a8092b49abab7e089eeba16c64e139043a68c0ab7e66abb18e764061997bc98904cd378b26c3960533bc77765a5c3d361520461da6046c849b9aed527a791,08/18/2025 07:00:00 PM,2,DRIVER,,2034910,,NISSAN,ALTIMA,IL,2023,NONE,PASSENGER,PERSONAL,S,STRAIGHT AHEAD,,,1,,,,,,,,,,,Y,Y,,,,,,SIDE-LEFT-REAR,,,,,,,,,,,,,,,,,,,,,,,,,,,,,,,,,