CRASH_UNIT_ID,CRASH_RECORD_ID,CRASH_DATE,UNIT_NO,UNIT_TYPE,NUM_PASSENGERS,VEHICLE_ID,CMRC_VEH_I,MAKE,MODEL,LIC_PLATE_STATE,VEHICLE_YEAR,VEHICLE_DEFECT,VEHICLE_TYPE,VEHICLE_USE,TRAVEL_DIRECTION,MANEUVER,TOWED_I,FIRE_I,OCCUPANT_CNT,EXCEED_SPEED_LIMIT_I,TOWED_BY,TOWED_TO,AREA_00_I,AREA_01_I,AREA_02_I,AREA_03_I,AREA_04_I,AREA_05_I,AREA_06_I,AREA_07_I,AREA_08_I,AREA_09_I,AREA_10_I,AREA_11_I,AREA_12_I,AREA_99_I,FIRST_CONTACT_POINT,CMV_ID,USDOT_NO,CCMC_NO,ILCC_NO,COMMERCIAL_SRC,GVWR,CARRIER_NAME,CARRIER_STATE,CARRIER_CITY,HAZMAT_PLACARDS_I,HAZMAT_NAME,UN_NO,HAZMAT_PRESENT_I,HAZMAT_REPORT_I,HAZMAT_REPORT_NO,MCS_REPORT_I,MCS_REPORT_NO,HAZMAT_VIO_CAUSE_CRASH_I,MCS_VIO_CAUSE_CRASH_I,IDOT_PERMIT_NO,WIDE_LOAD_I,TRAILER1_WIDTH,TRAILER2_WIDTH,TRAILER1_LENGTH,TRAILER2_LENGTH,TOTAL_VEHICLE_LENGTH,AXLE_CNT,VEHICLE_CONFIG,CARGO_BODY_TYPE,LOAD_TYPE,HAZMAT_OUT_OF_SERVICE_I,MCS_OUT_OF_SERVICE_I,HAZMAT_CLASS
2131604,da36c1936f508642be16fb9e9a0eb324cee3de3799a1fb6822ba9eec85cf1cdafd8db514a0ac80e82597add4d4f8ae66222d31f443105c00f48cbbff9af6d1c5,08/18/2025 06:57:00 PM,1,DRIVER,,2032013,,INTERNATIONAL TRAILER CORPORATION,INTERNATIONAL TRAILER CORP.,IL,2017,UNKNOWN,TRACTOR W/ SEMI-TRAILER,OTHER,E,STRAIGHT AHEAD,N,,1,,,,,,,,,,,,,,,,,,TOP,,,,,,,,,,,,,,,,,,,,,,,,,,,,,,,,,
2131552,351ac60905975b3c9ea80dd5ac813360bb27cba9675895e51fc9886ac19dd345a4c726254d3270437adc6c030b95538dea16783278ce34783dfaf3a1415b77c0,08/18/2025 06:54:00 PM,1,DRIVER,,2031966,,NISSAN,MURANO,MI,2022,UNKNOWN,PASSENGER,PERSONAL,N,STRAIGHT AHEAD,,,1,,,,,,,Y,Y,Y,,,,,,,,,REAR-RIGHT-CORNER,,,,,,,,,,,,,,,,,,,,,,,,,,,,,,,,,
2131553,351ac60905975b3c9ea80dd5ac813360bb27cba9675895e51fc9886ac19dd345a4c726254d3270437adc6c030b95538dea16783278ce34783dfaf3a1415b77c0,08/18/2025 06:54:00 PM,2,PARKED,,2031970,,BMW,OTHER (EXPLAIN IN NARRATIVE),IL,2006,UNKNOWN,UNKNOWN/NA,UNKNOWN/NA,N,PARKED,,,0,,,,,,,,,,,,,,Y,Y,Y,,FRONT-LEFT-CORNER,,,,,,,,,,,,,,,,,,,,,,,,,,,,,,,,,
2131560,765da618a1297a49a0423e40a30207f7b4c11f85c241700f5ab108addeabd1c4d3a1c6300941a488e9d103c13e9ba7e352182d79e718776dbcf375161145a599,08/18/2025 06:45:00 PM,1,DRIVER,,2031973,,JEEP,CHEROKEE,IL,2014,NONE,PASSENGER,PERSONAL,S,PASSING/OVERTAKING,Y,,1,,cpd,pound,,,Y,Y,Y,,,,,Y,Y,Y,Y,,OTHER,,,,,,,,,,,,,,,,,,,,,,,,,,,,,,,,,
2131561,765da618a1297a49a0423e40a30207f7b4c11f85c241700f5ab108addeabd1c4d3a1c6300941a488e9d103c13e9ba7e352182d79e718776dbcf375161145a599,08/18/2025 06:45:00 PM,2,DRIVER,,2032001,,TOYOTA,RAV4,IL,,NONE,PASSENGER,PERSONAL,N,STRAIGHT AHEAD,,,1,,,,,,,,,,,,Y,Y,Y,,Y,,SIDE-LEFT,,,,,,,,,,,,,,,,,,,,,,,,,,,,,,,,,
2131562,765da618a1297a49a0423e40a30207f7b4c11f85c241700f5ab108addeabd1c4d3a1c6300941a488e9d103c13e9ba7e352182d79e718776dbcf375161145a599,08/18/2025 06:45:00 PM,3,DRIVER,,2031978,,FORD,EXPEDITION,IL,2012,NONE,PASSENGER,PERSONAL,S,STRAIGHT AHEAD,,,1,,,,,,,,,,,,Y,Y,Y,Y,,,SIDE-LEFT,,,,,,,,,,,,,,,,,,,,,,,,,,,,,,,,,
2131563,765da618a1297a49a0423e40a30207f7b4c11f85c241700f5ab108addeabd1c4d3a1c6300941a488e9d103c13e9ba7e352182d79e718776dbcf375161145a599,08/18/2025 06:45:00 PM,4,DRIVER,,2031976,,CHEVROLET,EXPRESS,IL,2012,BRAKES,VAN/MINI-VAN,PERSONAL,S,STRAIGHT AHEAD,,,1,,,,,Y,,,,,,,,,,Y,Y,,FRONT,,,,,,,,,,,,,,,,,,,,,,,,,,,,,,,,,
2131516,830405f1668fe4a30b67629499e2f4bc00150c2a5bec2ca074140ed7d476e752b3c146829c1f95266b2f69bc1c932a11845feae49872587ed5e69e108aa0c807,08/18/2025 06:45:00 PM,1,DRIVER,,2031931,,DODGE,DURANGO,FL,2024,NONE,PASSENGER,PERSONAL,W,STRAIGHT AHEAD,,,1,,,,,Y,,,,,,,,,,Y,Y,,FRONT,,,,,,,,,,,,,,,,,,,,,,,,,,,,,,,,,
2131517,830405f1668fe4a30b67629499e2f4bc00150c2a5bec2ca074140ed7d476e752b3c146829c1f95266b2f69bc1c932a11845feae49872587ed5e69e108aa0c807,08/18/2025 06:45:00 PM,2,DRIVER,,2031940,,HYUNDAI,ELANTRA,IL,2013,NONE,PASSENGER,PERSONAL,W,STRAIGHT AHEAD,,,1,,,,,,,,,Y,Y,Y,,,,,,,REAR,,,,,,,,,,,,,,,,,,,,,,,,,,,,,,,,,
2132259,c1259d5de438ca63419704d76803ab80435f7fa9832c0edbdaf3f9df1b0442681c7f5fdcf6bae4acbedb61d2da91c7cb341c47e66414da930ba857802de27910,08/18/2025 06:45:00 PM,1,DRIVER,,2032606,,TOYOTA,CAMRY,IL,2014,UNKNOWN,PASSENGER,TAXI/FOR HIRE,UNKNOWN,BACKING,,,1,,,,,,,,,Y,Y,,,,,,,,REAR-RIGHT-CORNER,,,,,,,,,,,,,,,,,,,,,,,,,,,,,,,,,
2132260,c1259d5de438ca63419704d76803ab80435f7fa9832c0edbdaf3f9df1b0442681c7f5fdcf6bae4acbedb61d2da91c7cb341c47e66414da930ba857802de27910,08/18/2025 06:45:00 PM,2,DRIVER,,2032612,,MAZDA,CX-30,IL,2025,UNKNOWN,SPORT UTILITY VEHICLE (SUV),PERSONAL,UNKNOWN,STRAIGHT AHEAD,,,1,,,,,,,,,,,,,,,Y,Y,,FRONT-LEFT-CORNER,,,,,,,,,,,,,,,,,,,,,,,,,,,,,,,,,
2131964,81a1a02a2e807364077c721c01411ae32be82618a1d678c2a4c757acfaffe364fec0b3e08ca4f2ebde1dfb4bfbcbf21a53c0456b05674633f7d48cd3a6c16da8,08/18/2025 06:40:00 PM,1,DRIVER,,2032336,,UNKNOWN,MOTORIZED,,,UNKNOWN,UNKNOWN/NA,UNKNOWN/NA,E,UNKNOWN/NA,,,1,,,,,,,,,,,,,,,,,Y,UNKNOWN,,,,,,,,,,,,,,,,,,,,,,,,,,,,,,,,,
2131965,81a1a02a2e807364077c721c01411ae32be82618a1d678c2a4c757acfaffe364fec0b3e08ca4f2ebde1dfb4bfbcbf21a53c0456b05674633f7d48cd3a6c16da8,08/18/2025 06:40:00 PM,2,PARKED,,2032352,,SUBARU,CROSSTREK,IL,2023,UNKNOWN,PASSENGER,NOT IN USE,E,PARKED,,,0,,,,,,,,,,,Y,Y,Y,,,,Y,REAR-LEFT-CORNER,,,,,,,,,,,,,,,,,,,,,,,,,,,,,,,,,
2131597,2eeeb131c8b3c00a7130dfa03dcaa615fc8a232fcb8c2113c3b4b9e91a93bbb794d1d8dbb5f86decc514d9cdb258a76739c0860d73398ce3efcda6c57ee6372b,08/18/2025 06:30:00 PM,1,DRIVER,,2032007,,DODGE,DAKOTA,IL,2001,NONE,PICKUP,PERSONAL,W,STRAIGHT AHEAD,,,1,,,,,,,,,,,,,,,,Y,,FRONT,,,,,,,,,,,,,,,,,,,,,,,,,,,,,,,,,
2131598,2eeeb131c8b3c00a7130dfa03dcaa615fc8a232fcb8c2113c3b4b9e91a93bbb794d1d8dbb5f86decc514d9cdb258a76739c0860d73398ce3efcda6c57ee6372b,08/18/2025 06:30:00 PM,2,DRIVER,,2032012,,DODGE,DURANGO,IL,2018,UNKNOWN,SPORT UTILITY VEHICLE (SUV),UNKNOWN/NA,W,SLOW/STOP IN TRAFFIC,,,1,,,,,,,,,,,,,,,,,Y,REAR,,,,,,,,,,,,,,,,,,,,,,,,,,,,,,,,,
2131520,a6aea3c31b68b1a1355fb581d78f704f686427fa500ff1f63644cc2d97024610391e438b2ac75a8568eb1b450cd750428fd633b6e7a48fc38b6db9edf73e786e,08/18/2025 06:30:00 PM,1,BICYCLE,,,,,,,,,,,,,,,,,,,,,,,,,,,,,,,,,,,,,,,,,,,,,,,,,,,,,,,,,,,,,,,,,,
2131521,a6aea3c31b68b1a1355fb581d78f704f686427fa500ff1f63644cc2d97024610391e438b2ac75a8568eb1b450cd750428fd633b6e7a48fc38b6db9edf73e786e,08/18/2025 06:30:00 PM,2,DRIVER,,2031938,,MERCEDES-BENZ,GLS,IL,2021,NONE,PASSENGER,PERSONAL,E,STRAIGHT AHEAD,,,1,,,,,,,,,,,,,,N,Y,,,FRONT-LEFT-CORNER,,,,,,,,,,,,,,,,,,,,,,,,,,,,,,,,,
2132229,c453f73a4e38ec499ccec140508a18593d0d3891b572a99cbc1ee44d6aa71b490fa8e45c3393554aa3b3eee5c4e228f11ae0a3d9cefc9b7a057ec845333f9463,08/18/2025 06:30:00 PM,1,DRIVER,,2032597,,TESLA,MODEL 3,MD,2020,UNKNOWN,PASSENGER,UNKNOWN/NA,S,CHANGING LANES,,,1,,,,,,,,,,,,,,,,,Y,UNKNOWN,,,,,,,,,,,,,,,,,,,,,,,,,,,,,,,,,
2132230,c453f73a4e38ec499ccec140508a18593d0d3891b572a99cbc1ee44d6aa71b490fa8e45c3393554aa3b3eee5c4e228f11ae0a3d9cefc9b7a057ec845333f9463,08/18/2025 06:30:00 PM,2,DRIVER,,2032584,,FORD,FUSION,IL,2014,UNKNOWN,PASSENGER,PERSONAL,S,STRAIGHT AHEAD,,,1,,,,,Y,Y,,,,,,,,,,,,SIDE-RIGHT-FRONT,,,,,,,,,,,,,,,,,,,,,,,,,,,,,,,,,
2131535,fd27c593b0dc91c19691532621cfd0f0327c0a92b0eb5efe679e8389e16026762f2a2c4748c6146d67a7619448f8d40957c7c2ee23241aabd16dd652fa508576,08/18/2025 06:30:00 PM,1,DRIVER,,2031951,,FORD,ESCAPE,IL,2014,NONE,SPORT UTILITY VEHICLE (SUV),PERSONAL,E,STRAIGHT AHEAD,,,1,,,,,,,,,,,,,,,,Y,,FRONT,,,,,,,,,,,,,,,,,,,,,,,,,,,,,,,,,
2131536,fd27c593b0dc91c19691532621cfd0f0327c0a92b0eb5efe679e8389e16026762f2a2c4748c6146d67a7619448f8d40957c7c2ee23241aabd16dd652fa508576,08/18/2025 06:30:00 PM,2,DRIVER,,2031967,,LINCOLN,MKS,IL,2012,NONE,PASSENGER,PERSONAL,E,STRAIGHT AHEAD,,,1,,,,,,,,,,Y,,,,,,,,REAR,,,,,,,,,,,,,,,,,,,,,,,,,,,,,,,,,
2131531,2bd37cf8fc725270bd3a05b4786c82d4b79b05bc979bef40fc4f671dc390154be7f489a4bc505727f17f8d82098da07e883641103739b9c990a24ea6290daaf5,08/18/2025 06:20:00 PM,1,DRIVER,,2031942,,HONDA,CR-V,IL,2014,NONE,SPORT UTILITY VEHICLE (SUV),PERSONAL,SE,CHANGING LANES,,,1,,,,,,,,,,,,,,,Y,,,FRONT-LEFT-CORNER,,,,,,,,,,,,,,,,,,,,,,,,,,,,,,,,,
2131532,2bd37cf8fc725270bd3a05b4786c82d4b79b05bc979bef40fc4f671dc390154be7f489a4bc505727f17f8d82098da07e883641103739b9c990a24ea6290daaf5,08/18/2025 06:20:00 PM,2,DRIVER,,2031949,,ACURA,ADX,IL,2016,NONE,SPORT UTILITY VEHICLE (SUV),PERSONAL,S,STRAIGHT AHEAD,,,1,,,,,Y,Y,Y,Y,Y,,,,,,,,,SIDE-RIGHT-FRONT,,,,,,,,,,,,,,,,,,,,,,,,,,,,,,,,,
2131522,60f46f3ab7d5a87d620a62f762ea18a316ef9f47d44a57641ff7f2ba6b033c1e5001d63f79c9c7d0201434af36bbcc9af7eb04dbb6379c6362aac697dbe27197,08/18/2025 06:20:00 PM,1,DRIVER,,2031961,,HINO,HINO,IL,2023,NONE,TRUCK - SINGLE UNIT,TOW TRUCK,S,STRAIGHT AHEAD,,,1,,,,,Y,Y,,,,,,,,,,,,SIDE-RIGHT,,,,,,,,,,,,,,,,,,,,,,,,,,,,,,,,,
2131523,60f46f3ab7d5a87d620a62f762ea18a316ef9f47d44a57641ff7f2ba6b033c1e5001d63f79c9c7d0201434af36bbcc9af7eb04dbb6379c6362aac697dbe27197,08/18/2025 06:20:00 PM,2,DRIVER,,2031963,,TOYOTA,COROLLA,IL,2016,NONE,PASSENGER,PERSONAL,S,STRAIGHT AHEAD,,,1,,,,,,,,,,,,Y,Y,Y,,,,SIDE-LEFT,,,,,,,,,,,,,,,,,,,,,,,,,,,,,,,,,
2133599,8ca80f63fb4aade350edf379dbc5ce13db37e44bc9d454287cff3e779cfb463b0cf5cc7bde9636fb9407886716af94a318f55b48e1c3bbad752ca5df59122f6e,08/18/2025 06:15:00 PM,1,DRIVER,,2033886,,GENERAL MOTORS CORPORATION (GMC),YUKON,IL,2014,UNKNOWN,PASSENGER,PERSONAL,UNKNOWN,UNKNOWN/NA,,,1,,,,,,,,,Y,Y,Y,,,,,,,REAR,,,,,,,,,,,,,,,,,,,,,,,,,,,,,,,,,
2133600,8ca80f63fb4aade350edf379dbc5ce13db37e44bc9d454287cff3e779cfb463b0cf5cc7bde9636fb9407886716af94a318f55b48e1c3bbad752ca5df59122f6e,08/18/2025 06:15:00 PM,2,DRIVER,,2033896,,AUDI,A5,IL,2018,UNKNOWN,PASSENGER,PERSONAL,UNKNOWN,UNKNOWN/NA,,,1,,,,,Y,Y,,,,,,,,Y,Y,Y,,FRONT,,,,,,,,,,,,,,,,,,,,,,,,,,,,,,,,,
2131505,5fbcc308429fce76a066efb8b6da2cd5aad1cef468dcd9dd509520621655e006d7a40ede192c382c36928eb36098417358b9da16bdf53b41fc282acdd48003f4,08/18/2025 06:11:00 PM,2,DRIVER,,2031912,,YAMAHA,YAMAHA,IL,2014,UNKNOWN,PASSENGER,UNKNOWN/NA,S,STRAIGHT AHEAD,,,1,,,,,,,,,,,,,,,,,,TOTAL (ALL AREAS),,,,,,,,,,,,,,,,,,,,,,,,,,,,,,,,,
2131506,5fbcc308429fce76a066efb8b6da2cd5aad1cef468dcd9dd509520621655e006d7a40ede192c382c36928eb36098417358b9da16bdf53b41fc282acdd48003f4,08/18/2025 06:11:00 PM,1,DRIVER,,2031933,,TOYOTA,OTHER (EXPLAIN IN NARRATIVE),IL,2006,NONE,PASSENGER,PERSONAL,S,STRAIGHT AHEAD,,,1,,,,,,,,,,Y,,Y,Y,,,,,SIDE-LEFT-REAR,,,,,,,,,,,,,,,,,,,,,,,,,,,,,,,,,
2131492,0f104dbbaeea845d867af8bcfaa93d7cbb7e6a5da4a296a3fbcb39020a1834ea94c2109d1376cd7b979951f3ffe493920cc998532b6b3d1d7bafd28a3f2ff44b,08/18/2025 06:03:00 PM,1,DRIVER,,2031892,,TOYOTA,COROLLA,IL,2005,NONE,PASSENGER,PERSONAL,S,STRAIGHT AHEAD,,,1,,,,Y,,,,,,,,,,,,,,FRONT,,,,,,,,,,,,,,,,,,,,,,,,,,,,,,,,,
2131493,0f104dbbaeea845d867af8bcfaa93d7cbb7e6a5da4a296a3fbcb39020a1834ea94c2109d1376cd7b979951f3ffe493920cc998532b6b3d1d7bafd28a3f2ff44b,08/18/2025 06:03:00 PM,2,DRIVER,,2031899,,TOYOTA,RAV4,IL,2018,NONE,SPORT UTILITY VEHICLE (SUV),PERSONAL,S,SLOW/STOP IN TRAFFIC,,,1,,,,,,,,,Y,Y,Y,,,,,,,REAR,,,,,,,,,,,,,,,,,,,,,,,,,,,,,,,,,
2131448,149080a0df257913e7b1afbeb2f20f0b12d98936a5b010c4fe008cd02250ae15ac82003e08c2151bd007a60241fa0453343800eeb1f7775099ffd20b40ce32df,08/18/2025 06:00:00 PM,1,DRIVER,,2031864,,NISSAN,ROGUE,IL,2019,UNKNOWN,PASSENGER,PERSONAL,S,STRAIGHT AHEAD,,,1,,,,,Y,,,,,,,,,,Y,Y,,FRONT,,,,,,,,,,,,,,,,,,,,,,,,,,,,,,,,,
2131449,149080a0df257913e7b1afbeb2f20f0b12d98936a5b010c4fe008cd02250ae15ac82003e08c2151bd007a60241fa0453343800eeb1f7775099ffd20b40ce32df,08/18/2025 06:00:00 PM,2,DRIVER,,2031867,,TOYOTA,RAV4,IL,2015,UNKNOWN,PASSENGER,PERSONAL,S,STRAIGHT AHEAD,,,1,,,,,Y,,,,Y,Y,Y,,,,Y,Y,,REAR,,,,,,,,,,,,,,,,,,,,,,,,,,,,,,,,,
2131463,149080a0df257913e7b1afbeb2f20f0b12d98936a5b010c4fe008cd02250ae15ac82003e08c2151bd007a60241fa0453343800eeb1f7775099ffd20b40ce32df,08/18/2025 06:00:00 PM,3,DRIVER,,2031877,,LAND ROVER,RANGE ROVER (EVOQUE / SPORT / VELAR),IL,,UNKNOWN,PASSENGER,PERSONAL,S,STRAIGHT AHEAD,,,1,,,,,,,,,,Y,,,,,,,,REAR,,,,,,,,,,,,,,,,,,,,,,,,,,,,,,,,,
2132147,37793a8a3fd9035bd865258eaf4e533ec248824b9a6101be92b3c88098d1fe672d5bb509d6e0279c9416fd765db89b42490f515812395499afe20b5e9c528fb9,08/18/2025 06:00:00 PM,1,DRIVER,,2032502,,UNKNOWN,OTHER (EXPLAIN IN NARRATIVE),,,UNKNOWN,UNKNOWN/NA,UNKNOWN/NA,UNKNOWN,UNKNOWN/NA,,,1,,,,,,,,,,,,,,,,,Y,UNKNOWN,,,,,,,,,,,,,,,,,,,,,,,,,,,,,,,,,
2132148,37793a8a3fd9035bd865258eaf4e533ec248824b9a6101be92b3c88098d1fe672d5bb509d6e0279c9416fd765db89b42490f515812395499afe20b5e9c528fb9,08/18/2025 06:00:00 PM,2,PARKED,,2032507,,BUICK,ENCORE,NY,2021,UNKNOWN,SPORT UTILITY VEHICLE (SUV),NOT IN USE,UNKNOWN,PARKED,,,0,,,,,,,,,,,,Y,Y,Y,,,,SIDE-LEFT,,,,,,,,,,,,,,,,,,,,,,,,,,,,,,,,,
2132787,71b9c4903fe2c65be52d4958b7bac8b59ed9b13895dfc8b83eb85c66118216e274c99bb102775a2358032e7a1f7cabb34f9be8275ebc3f3842f92c078a4f14e1,08/18/2025 06:00:00 PM,1,DRIVER,,2033116,,LEXUS,RX350,IL,2018,NONE,PASSENGER,PERSONAL,W,STRAIGHT AHEAD,,,1,,,,,Y,,,,,,,,,,Y,Y,,FRONT,,,,,,,,,,,,,,,,,,,,,,,,,,,,,,,,,
2132788,71b9c4903fe2c65be52d4958b7bac8b59ed9b13895dfc8b83eb85c66118216e274c99bb102775a2358032e7a1f7cabb34f9be8275ebc3f3842f92c078a4f14e1,08/18/2025 06:00:00 PM,2,DRIVER,,2033122,,JEEP,PATRIOT,IL,2015,UNKNOWN,PASSENGER,UNKNOWN/NA,W,UNKNOWN/NA,,,1,,,,,,,,,Y,Y,Y,,,,,,,REAR,,,,,,,,,,,,,,,,,,,,,,,,,,,,,,,,,
2131758,73717dd8808c4ba090b761f06b13a3a2c8553fa04fd44c520923c486194b9dc1766582e2cd0f415268e1c67130e5273beab4fc620ac76cf8dfe843d5e2c00dc0,08/18/2025 06:00:00 PM,1,DRIVER,,2032152,,CHEVROLET,EQUINOX,IL,2025,NONE,PASSENGER,PERSONAL,W,STRAIGHT AHEAD,,,1,,,,,,,,,,,,,,,,,,UNKNOWN,,,,,,,,,,,,,,,,,,,,,,,,,,,,,,,,,
2131759,73717dd8808c4ba090b761f06b13a3a2c8553fa04fd44c520923c486194b9dc1766582e2cd0f415268e1c67130e5273beab4fc620ac76cf8dfe843d5e2c00dc0,08/18/2025 06:00:00 PM,2,BICYCLE,,,,,,,,,,,,,,,,,,,,,,,,,,,,,,,,,,,,,,,,,,,,,,,,,,,,,,,,,,,,,,,,,,
2131541,d3bc87692817fe534c9b01d339c06aac14660593d344835fd181a61de884c5d12dd47e51997de892f5fd62fb1395e254ecc9ead318442e6fa05ddc99b225b5a5,08/18/2025 06:00:00 PM,1,DRIVER,,2031953,,FREIGHTLINER CORPORATION,FREIGHTLINER CORP.,IL,2006,UNKNOWN,BUS OVER 15 PASS.,OTHER,S,STRAIGHT AHEAD,,,1,,,,,,,,,,,,,,,,,Y,FRONT,,,,,,,,,,,,,,,,,,,,,,,,,,,,,,,,,
2131542,d3bc87692817fe534c9b01d339c06aac14660593d344835fd181a61de884c5d12dd47e51997de892f5fd62fb1395e254ecc9ead318442e6fa05ddc99b225b5a5,08/18/2025 06:00:00 PM,2,DRIVER,,2031958,,TOYOTA,OTHER (EXPLAIN IN NARRATIVE),IL,2016,NONE,PASSENGER,PERSONAL,S,TURNING RIGHT,,,1,,,,,,,,,Y,Y,Y,,,,,,,REAR,,,,,,,,,,,,,,,,,,,,,,,,,,,,,,,,,
2131539,dcd6a373e878aeaee35f2a44ebc0b14f6beef548e4c1bbb97a338264b7d22c4220316a9d8892e06d639d974b8c62a465eca78b577cf8e5a321e6d9270764c96d,08/18/2025 06:00:00 PM,1,DRIVER,,2031952,,FORD,F150,IL,2001,UNKNOWN,TRUCK - SINGLE UNIT,COMMERCIAL - SINGLE UNIT,W,STRAIGHT AHEAD,,,1,,,,,Y,,,,,,,,,,Y,Y,,FRONT,,,,,,,,,,,,,,,,,,,,,,,,,,,,,,,,,
2131540,dcd6a373e878aeaee35f2a44ebc0b14f6beef548e4c1bbb97a338264b7d22c4220316a9d8892e06d639d974b8c62a465eca78b577cf8e5a321e6d9270764c96d,08/18/2025 06:00:00 PM,2,DRIVER,,2031957,,ACURA,ADX,IL,2001,UNKNOWN,SPORT UTILITY VEHICLE (SUV),PERSONAL,W,STRAIGHT AHEAD,,,1,,,,,Y,,,,Y,Y,Y,,,,Y,Y,,REAR,,,,,,,,,,,,,,,,,,,,,,,,,,,,,,,,,
2131551,dcd6a373e878aeaee35f2a44ebc0b14f6beef548e4c1bbb97a338264b7d22c4220316a9d8892e06d639d974b8c62a465eca78b577cf8e5a321e6d9270764c96d,08/18/2025 06:00:00 PM,3,DRIVER,,2031959,,UNKNOWN,ENGINE,,,UNKNOWN,UNKNOWN/NA,UNKNOWN/NA,W,STRAIGHT AHEAD,,,1,,,,,,,,,Y,Y,Y,,,,,,,REAR,,,,,,,,,,,,,,,,,,,,,,,,,,,,,,,,,
2131503,a4f6b6fec6da6fa63cd2f2d703c3a20c136422006eea858df46e855de832ff8a6e437a9ec4e58d5c4df634a50b2aa65a55a793e3e71433684ace3a7f6cd36182,08/18/2025 05:55:00 PM,1,DRIVER,,2031916,,NISSAN,ALTIMA,IL,2014,NONE,PASSENGER,PERSONAL,N,TURNING LEFT,,,1,,,,,,,,,,,,Y,Y,,,,,SIDE-LEFT,,,,,,,,,,,,,,,,,,,,,,,,,,,,,,,,,
2131504,a4f6b6fec6da6fa63cd2f2d703c3a20c136422006eea858df46e855de832ff8a6e437a9ec4e58d5c4df634a50b2aa65a55a793e3e71433684ace3a7f6cd36182,08/18/2025 05:55:00 PM,2,DRIVER,,2031921,,NISSAN,SENTRA,IL,2025,NONE,PASSENGER,PERSONAL,E,STRAIGHT AHEAD,,,1,,,,,,,,,,,,,,,,Y,,FRONT,,,,,,,,,,,,,,,,,,,,,,,,,,,,,,,,,
2131543,6938ca00c9c56543fb46147e9b0892c62dcea8ab395454617a86cd881b6c40f4ca3c4006313c83c3068b22c62c070ce0c935579ae245758f6b99b45df4e8e5c4,08/18/2025 05:54:00 PM,1,DRIVER,,2031960,,GENERAL MOTORS CORPORATION (GMC),YUKON,IL,2020,UNKNOWN,SPORT UTILITY VEHICLE (SUV),UNKNOWN/NA,N,PASSING/OVERTAKING,,,1,,,,,,,,,,,,,,,,,Y,FRONT-RIGHT-CORNER,,,,,,,,,,,,,,,,,,,,,,,,,,,,,,,,,
2131544,6938ca00c9c56543fb46147e9b0892c62dcea8ab395454617a86cd881b6c40f4ca3c4006313c83c3068b22c62c070ce0c935579ae245758f6b99b45df4e8e5c4,08/18/2025 05:54:00 PM,2,PARKED,1,2031955,,TOYOTA,RAV4,IL,2024,UNKNOWN,SPORT UTILITY VEHICLE (SUV),PERSONAL,N,PARKED,,,1,,,,,,,,,,,,,,,Y,,,FRONT-LEFT-CORNER,,,,,,,,,,,,,,,,,,,,,,,,,,,,,,,,,
2136709,1ab179c695325f2956e124382d373d8cbfb99a258656d4cced39e39ae350ce5d025d479203346b296fd44facc7d05f1d5ef7499d4e7b6813fdbd9116f7410fc2,08/18/2025 05:50:00 PM,2,BICYCLE,,,,,,,,,,,,,,,,,,,,,,,,,,,,,,,,,,,,,,,,,,,,,,,,,,,,,,,,,,,,,,,,,,
2136710,1ab179c695325f2956e124382d373d8cbfb99a258656d4cced39e39ae350ce5d025d479203346b296fd44facc7d05f1d5ef7499d4e7b6813fdbd9116f7410fc2,08/18/2025 05:50:00 PM,1,DRIVER,,2036878,,TOYOTA,HIGHLANDER,IL,2015,NONE,PASSENGER,PERSONAL,S,OTHER,,,1,,,,,,,,,,,,,,Y,,,N,SIDE-RIGHT-FRONT,,,,,,,,,,,,,,,,,,,,,,,,,,,,,,,,,
2136711,1ab179c695325f2956e124382d373d8cbfb99a258656d4cced39e39ae350ce5d025d479203346b296fd44facc7d05f1d5ef7499d4e7b6813fdbd9116f7410fc2,08/18/2025 05:50:00 PM,3,DRIVER,1,2036879,,FORD,ESCAPE,MI,2024,NONE,PASSENGER,PERSONAL,S,STRAIGHT AHEAD,,,2,,,,,,,Y,Y,,,,,,,,,,SIDE-RIGHT-REAR,,,,,,,,,,,,,,,,,,,,,,,,,,,,,,,,,
2131453,b7fbd022625ba7cff2edbb73b3b362e1c30a957a9bf7e1fe6f4e2340b853c10a9ebb76d073a2931490ddd40e7dee803a753a220ab38ce0b1ad16bd3250a4fb5e,08/18/2025 05:50:00 PM,1,DRIVER,,2031866,,HYUNDAI,ELANTRA,IL,2017,UNKNOWN,PASSENGER,PERSONAL,W,STRAIGHT AHEAD,,,1,,,,,,,,,,,,,,,,Y,,FRONT,,,,,,,,,,,,,,,,,,,,,,,,,,,,,,,,,
2131454,b7fbd022625ba7cff2edbb73b3b362e1c30a957a9bf7e1fe6f4e2340b853c10a9ebb76d073a2931490ddd40e7dee803a753a220ab38ce0b1ad16bd3250a4fb5e,08/18/2025 05:50:00 PM,2,DRIVER,,2031872,,LEXUS,RX350,IL,2017,UNKNOWN,PASSENGER,PERSONAL,W,STRAIGHT AHEAD,,,1,,,,,,,,,,Y,,,,,,,,REAR,,,,,,,,,,,,,,,,,,,,,,,,,,,,,,,,,