CRASH_UNIT_ID,CRASH_RECORD_ID,CRASH_DATE,UNIT_NO,UNIT_TYPE,NUM_PASSENGERS,VEHICLE_ID,CMRC_VEH_I,MAKE,MODEL,LIC_PLATE_STATE,VEHICLE_YEAR,VEHICLE_DEFECT,VEHICLE_TYPE,VEHICLE_USE,TRAVEL_DIRECTION,MANEUVER,TOWED_I,FIRE_I,OCCUPANT_CNT,EXCEED_SPEED_LIMIT_I,TOWED_BY,TOWED_TO,AREA_00_I,AREA_01_I,AREA_02_I,AREA_03_I,AREA_04_I,AREA_05_I,AREA_06_I,AREA_07_I,AREA_08_I,AREA_09_I,AREA_10_I,AREA_11_I,AREA_12_I,AREA_99_I,FIRST_CONTACT_POINT,CMV_ID,USDOT_NO,CCMC_NO,ILCC_NO,COMMERCIAL_SRC,GVWR,CARRIER_NAME,CARRIER_STATE,CARRIER_CITY,HAZMAT_PLACARDS_I,HAZMAT_NAME,UN_NO,HAZMAT_PRESENT_I,HAZMAT_REPORT_I,HAZMAT_REPORT_NO,MCS_REPORT_I,MCS_REPORT_NO,HAZMAT_VIO_CAUSE_CRASH_I,MCS_VIO_CAUSE_CRASH_I,IDOT_PERMIT_NO,WIDE_LOAD_I,TRAILER1_WIDTH,TRAILER2_WIDTH,TRAILER1_LENGTH,TRAILER2_LENGTH,TOTAL_VEHICLE_LENGTH,AXLE_CNT,VEHICLE_CONFIG,CARGO_BODY_TYPE,LOAD_TYPE,HAZMAT_OUT_OF_SERVICE_I,MCS_OUT_OF_SERVICE_I,HAZMAT_CLASS
2132032,0044a3a5edb6307eb2c190f9be6591853321b177db44b6dfcba2bcd709e4acc4199247ed382242e1606d107fdac08db62c06e2fcfbce106702d57f98e765f681,08/18/2025 05:46:00 PM,1,DRIVER,,2032394,,BUICK,ENCLAVE,IL,2013,UNKNOWN,PASSENGER,PERSONAL,N,STRAIGHT AHEAD,,,1,,,,,,,,,,,,,,,Y,Y,,FRONT-LEFT-CORNER,,,,,,,,,,,,,,,,,,,,,,,,,,,,,,,,,
2132033,0044a3a5edb6307eb2c190f9be6591853321b177db44b6dfcba2bcd709e4acc4199247ed382242e1606d107fdac08db62c06e2fcfbce106702d57f98e765f681,08/18/2025 05:46:00 PM,2,DRIVER,,2032400,,GENERAL MOTORS CORPORATION (GMC),TERRAIN,IL,2014,UNKNOWN,PASSENGER,PERSONAL,E,STRAIGHT AHEAD,,,1,,,,,Y,Y,,,,,,,,,,,,FRONT-RIGHT-CORNER,,,,,,,,,,,,,,,,,,,,,,,,,,,,,,,,,
2131451,11bd1d61a98fa40addc077517dedf8834d7d97c9213f26382d73e0144dc3e4d5b315fbdfa07c54d09f452568509e4bae94317b5205804b8cb73ed0d7be7cd373,08/18/2025 05:44:00 PM,1,DRIVER,,2031862,,DODGE,OTHER (EXPLAIN IN NARRATIVE),XX,,UNKNOWN,PASSENGER,UNKNOWN/NA,W,UNKNOWN/NA,,,1,,,,N,,,,,,,,,,,,,Y,FRONT,,,,,,,,,,,,,,,,,,,,,,,,,,,,,,,,,
2131452,11bd1d61a98fa40addc077517dedf8834d7d97c9213f26382d73e0144dc3e4d5b315fbdfa07c54d09f452568509e4bae94317b5205804b8cb73ed0d7be7cd373,08/18/2025 05:44:00 PM,2,DRIVER,1,2031870,,LEXUS,GX460,IL,2019,UNKNOWN,PASSENGER,UNKNOWN/NA,W,STRAIGHT AHEAD,,,2,,,,,,,,Y,Y,Y,,,,,,,,REAR-RIGHT-CORNER,,,,,,,,,,,,,,,,,,,,,,,,,,,,,,,,,
2131473,188607e4c50781d0b53ffc53d4de0aafbf0a814c8b6be6747a07809d231930bd1b3e7cc3f2775316e8a15faacc3f46ea865331e72d2050905546e8dde2f3b6ce,08/18/2025 05:40:00 PM,1,DRIVER,,2031907,,JEEP,GRAND CHEROKEE,IL,2000,UNKNOWN,UNKNOWN/NA,UNKNOWN/NA,UNKNOWN,UNKNOWN/NA,,,1,,,,,,,,,,,,,,,,,Y,UNKNOWN,,,,,,,,,,,,,,,,,,,,,,,,,,,,,,,,,
2131474,188607e4c50781d0b53ffc53d4de0aafbf0a814c8b6be6747a07809d231930bd1b3e7cc3f2775316e8a15faacc3f46ea865331e72d2050905546e8dde2f3b6ce,08/18/2025 05:40:00 PM,2,DRIVER,,2031930,,HONDA,RIDGELINE,IL,2025,UNKNOWN,UNKNOWN/NA,UNKNOWN/NA,N,STRAIGHT AHEAD,,,1,,,,,,,,,Y,Y,Y,,,,,,,REAR,,,,,,,,,,,,,,,,,,,,,,,,,,,,,,,,,
2131477,2f66bb2c97e74d6ca33ebe753ff364604dba1e28d192f55e82df5f122af270d1ae15a6d30c30eb8dd99caf404d55b351f4861068e2877ba1c8dc2a4585b6f064,08/18/2025 05:40:00 PM,1,DRIVER,2,2031888,,CHRYSLER,200,IL,2011,NONE,PASSENGER,UNKNOWN/NA,E,STRAIGHT AHEAD,,,3,,,,,Y,,,,,,,,,,,Y,,FRONT-RIGHT-CORNER,,,,,,,,,,,,,,,,,,,,,,,,,,,,,,,,,
2131478,2f66bb2c97e74d6ca33ebe753ff364604dba1e28d192f55e82df5f122af270d1ae15a6d30c30eb8dd99caf404d55b351f4861068e2877ba1c8dc2a4585b6f064,08/18/2025 05:40:00 PM,2,DRIVER,2,2031904,,HYUNDAI,SONATA,IL,2012,NONE,PASSENGER,UNKNOWN/NA,E,OTHER,,,3,,,,,,,,,,Y,Y,Y,,,,,,REAR-LEFT-CORNER,,,,,,,,,,,,,,,,,,,,,,,,,,,,,,,,,
2131498,dae8e3e545187225d650cd235039c4194a77c72daf3aa7025e3e88a31ebd6804ba3558066c0c988b4761ce3bf9e27ce9a21edeb9d6a5b080e9f69d3e6ac77e93,08/18/2025 05:40:00 PM,1,DRIVER,,2031905,,TOYOTA,HIGHLANDER,IL,2019,UNKNOWN,SPORT UTILITY VEHICLE (SUV),PERSONAL,S,STRAIGHT AHEAD,Y,,1,,PRIVATE,UNK,,Y,,,,,,,,,,Y,Y,,FRONT,,,,,,,,,,,,,,,,,,,,,,,,,,,,,,,,,
2131499,dae8e3e545187225d650cd235039c4194a77c72daf3aa7025e3e88a31ebd6804ba3558066c0c988b4761ce3bf9e27ce9a21edeb9d6a5b080e9f69d3e6ac77e93,08/18/2025 05:40:00 PM,2,PARKED,,2031917,,DODGE,MAGNUM,IL,2005,UNKNOWN,PASSENGER,PERSONAL,S,PARKED,,,0,,,,,Y,,,,Y,Y,Y,,,,Y,Y,,REAR,,,,,,,,,,,,,,,,,,,,,,,,,,,,,,,,,
2131500,dae8e3e545187225d650cd235039c4194a77c72daf3aa7025e3e88a31ebd6804ba3558066c0c988b4761ce3bf9e27ce9a21edeb9d6a5b080e9f69d3e6ac77e93,08/18/2025 05:40:00 PM,3,PARKED,,2031928,,FORD,F150,IL,2006,UNKNOWN,PICKUP,PERSONAL,S,PARKED,,,0,,,,,,,,,Y,Y,Y,,,,,,,REAR,,,,,,,,,,,,,,,,,,,,,,,,,,,,,,,,,
2131607,6ece7aec32d6bd2d01f118e1602944faf1f135f4b7e97d77c86794202930848dc881ea4f98110911fa39f659bf982b8e4d2eb3107dd8da69662d69212750c268,08/18/2025 05:35:00 PM,2,DRIVER,,2033107,,BMW,X3,IL,2024,NONE,PASSENGER,PERSONAL,S,STRAIGHT AHEAD,,,1,,,,,Y,,,,,,,,,,Y,Y,,FRONT,,,,,,,,,,,,,,,,,,,,,,,,,,,,,,,,,
2131608,6ece7aec32d6bd2d01f118e1602944faf1f135f4b7e97d77c86794202930848dc881ea4f98110911fa39f659bf982b8e4d2eb3107dd8da69662d69212750c268,08/18/2025 05:35:00 PM,1,DRIVER,,2033104,,GENERAL MOTORS CORPORATION (GMC),ENVOY,IL,2004,NONE,PASSENGER,PERSONAL,S,BACKING,,,1,,,,,,,,,Y,Y,Y,,,,,,,REAR,,,,,,,,,,,,,,,,,,,,,,,,,,,,,,,,,
2131438,a322772547b8e66e18749927bd38a0416c5de9d823b55c2e4973ad965db25d02a7ffb33f2a5c36d752ac63f9a41eee9b486335ae5a8e92d5a205362a652fd63b,08/18/2025 05:33:00 PM,1,DRIVER,,2031848,,HONDA,ODYSSEY,IL,2003,UNKNOWN,PASSENGER,PERSONAL,N,STRAIGHT AHEAD,,,1,,,,,Y,Y,Y,,,,,,,,,Y,,FRONT-RIGHT-CORNER,,,,,,,,,,,,,,,,,,,,,,,,,,,,,,,,,
2131439,a322772547b8e66e18749927bd38a0416c5de9d823b55c2e4973ad965db25d02a7ffb33f2a5c36d752ac63f9a41eee9b486335ae5a8e92d5a205362a652fd63b,08/18/2025 05:33:00 PM,2,DRIVER,1,2031855,,CHEVROLET,TAHOE,IL,2011,UNKNOWN,PASSENGER,PERSONAL,W,STRAIGHT AHEAD,,,2,,,,,,,,,,,,,,Y,Y,Y,,FRONT-LEFT-CORNER,,,,,,,,,,,,,,,,,,,,,,,,,,,,,,,,,
2131475,dae6a66a51c04f5ab2745001fdb8fd7861250e93b50cea45ee11b0eaf79d7d17f19adcc298c57e73c4565d5d592e87f53517aa21e210e8e3e3fba192a714d38a,08/18/2025 05:33:00 PM,1,DRIVER,,2031891,,CHEVROLET,SUBURBAN,IN,2006,NONE,PASSENGER,PERSONAL,W,STRAIGHT AHEAD,,,1,,,,,,,,,,,,,,,,Y,,FRONT,,,,,,,,,,,,,,,,,,,,,,,,,,,,,,,,,
2131476,dae6a66a51c04f5ab2745001fdb8fd7861250e93b50cea45ee11b0eaf79d7d17f19adcc298c57e73c4565d5d592e87f53517aa21e210e8e3e3fba192a714d38a,08/18/2025 05:33:00 PM,2,DRIVER,,2031918,,JEEP,WRANGLER,IN,2017,UNKNOWN,PASSENGER,PERSONAL,S,TURNING LEFT,Y,,1,,private tow,,,,,,,,,,,,,Y,,,FRONT-LEFT-CORNER,,,,,,,,,,,,,,,,,,,,,,,,,,,,,,,,,
2134396,7e876a4c8e25362f72064131b9150c217d3892771ba33ba68b72162efcbb21f61a2262af4826f997cbe7cb93a13d63f037dbb1251b44f6c1c21f74f948a5e180,08/18/2025 05:30:00 PM,1,DRIVER,,2034648,,CHEVROLET,MALIBU,MI,2021,UNKNOWN,PASSENGER,UNKNOWN/NA,W,OTHER,,,1,,,,,Y,,,,,,,,,,,,,FRONT-RIGHT-CORNER,,,,,,,,,,,,,,,,,,,,,,,,,,,,,,,,,
2134397,7e876a4c8e25362f72064131b9150c217d3892771ba33ba68b72162efcbb21f61a2262af4826f997cbe7cb93a13d63f037dbb1251b44f6c1c21f74f948a5e180,08/18/2025 05:30:00 PM,2,DRIVER,4,2034660,,HYUNDAI,ELANTRA,IL,2013,NONE,PASSENGER,PERSONAL,W,STRAIGHT AHEAD,,,5,,,,,,,,,,,,Y,Y,Y,,,,SIDE-LEFT,,,,,,,,,,,,,,,,,,,,,,,,,,,,,,,,,
2133019,d9dd51f8aa833c9cb2dff01299e9a6de7b1f7a16227b7577eaf1ee18e4275b6a4198d9881b9c9f8ca1ce2e628ba193affc8c5629b0a17b34d684e51a3c9e54c8,08/18/2025 05:30:00 PM,1,DRIVER,1,2033342,,FORD,OTHER (EXPLAIN IN NARRATIVE),AZ,2014,NONE,TRUCK - SINGLE UNIT,OTHER,W,STRAIGHT AHEAD,,,2,,,,Y,,,,,,,,,,,,,,SIDE-RIGHT,,,,,,,,,,,,,,,,,,,,,,,,,,,,,,,,,
2133020,d9dd51f8aa833c9cb2dff01299e9a6de7b1f7a16227b7577eaf1ee18e4275b6a4198d9881b9c9f8ca1ce2e628ba193affc8c5629b0a17b34d684e51a3c9e54c8,08/18/2025 05:30:00 PM,2,PARKED,,2033343,,TOYOTA,COROLLA,IL,1999,UNKNOWN,PASSENGER,UNKNOWN/NA,W,PARKED,,,0,,,,,Y,,,,,,,,,,Y,Y,,FRONT,,,,,,,,,,,,,,,,,,,,,,,,,,,,,,,,,
2137400,77394c80bea287961d44f8b6da078b7d9b1996063df238c0bc48ffef26ec6e9263a216b342e17997f3012ad57643ae76f60572a4b7519eeab00ddd226804ccff,08/18/2025 05:25:00 PM,1,DRIVER,,2037530,,UNKNOWN,OTHER (EXPLAIN IN NARRATIVE),,,UNKNOWN,UNKNOWN/NA,UNKNOWN/NA,UNKNOWN,UNKNOWN/NA,,,1,,,,,,,,,,,,,,,,,Y,UNKNOWN,,,,,,,,,,,,,,,,,,,,,,,,,,,,,,,,,
2137401,77394c80bea287961d44f8b6da078b7d9b1996063df238c0bc48ffef26ec6e9263a216b342e17997f3012ad57643ae76f60572a4b7519eeab00ddd226804ccff,08/18/2025 05:25:00 PM,2,PARKED,,2037537,,MINI,COOPER,IL,2017,NONE,PASSENGER,NOT IN USE,N,PARKED,,,0,,,,,,,,,,Y,Y,,,,,,,UNKNOWN,,,,,,,,,,,,,,,,,,,,,,,,,,,,,,,,,
2131545,3a62efdafe4218773b75895d31c8dec17e7d27b6d55493547926ca4c3f37581b4efcb033ec01f8e5b13d51a9abb04f3d3cd23f37d231aaf5f39387a91b030d02,08/18/2025 05:24:00 PM,1,DRIVER,,2031971,,NEW FLYER,DE60LFR,,,NONE,BUS OVER 15 PASS.,CTA,S,STRAIGHT AHEAD,,,1,,,,,,,,,,,,,,,N,,Y,FRONT,,,,,,,,,,,,,,,,,,,,,,,,,,,,,,,,,
2131566,3a62efdafe4218773b75895d31c8dec17e7d27b6d55493547926ca4c3f37581b4efcb033ec01f8e5b13d51a9abb04f3d3cd23f37d231aaf5f39387a91b030d02,08/18/2025 05:24:00 PM,2,PEDESTRIAN,,,,,,,,,,,,,,,,,,,,,,,,,,,,,,,,,,,,,,,,,,,,,,,,,,,,,,,,,,,,,,,,,,
2131446,d33b06f86b349ab4248ade2a3fad3c4e439475a9e797c5e7840d1957c8b08442b1ea2df1ab0592621ae0cf19a3b1fd320fdf4411c97b09795053f113977dc31e,08/18/2025 05:23:00 PM,1,DRIVER,,2031854,,CHEVROLET,IMPALA,IL,2005,UNKNOWN,PASSENGER,PERSONAL,W,PASSING/OVERTAKING,,,1,,,,,,N,N,N,,,,,,,,,Y,SIDE-RIGHT-FRONT,,,,,,,,,,,,,,,,,,,,,,,,,,,,,,,,,
2131447,d33b06f86b349ab4248ade2a3fad3c4e439475a9e797c5e7840d1957c8b08442b1ea2df1ab0592621ae0cf19a3b1fd320fdf4411c97b09795053f113977dc31e,08/18/2025 05:23:00 PM,2,DRIVER,,2031863,,CHEVROLET,EQUINOX,IL,2024,UNKNOWN,SPORT UTILITY VEHICLE (SUV),PERSONAL,W,STRAIGHT AHEAD,,,1,,,,,,,,,,,,Y,Y,Y,,,,SIDE-LEFT-REAR,,,,,,,,,,,,,,,,,,,,,,,,,,,,,,,,,
2131582,21944a282ed5e2d91c4b0b114319d09181745e01077e49aea52c6f2364985be9c185475177ca8c1d4733c4673892b446bdfea53023684fd685650e58b0ba2ac6,08/18/2025 05:20:00 PM,1,DRIVER,1,2031997,,TOYOTA,CAMRY,IL,2010,UNKNOWN,PASSENGER,UNKNOWN/NA,W,STRAIGHT AHEAD,,,2,,,,,,,,,,,,,,Y,Y,,,FRONT-LEFT-CORNER,,,,,,,,,,,,,,,,,,,,,,,,,,,,,,,,,
2131583,21944a282ed5e2d91c4b0b114319d09181745e01077e49aea52c6f2364985be9c185475177ca8c1d4733c4673892b446bdfea53023684fd685650e58b0ba2ac6,08/18/2025 05:20:00 PM,2,DRIVER,,2032004,,MAZDA,MAZDA3,IL,2019,UNKNOWN,PASSENGER,UNKNOWN/NA,W,STRAIGHT AHEAD,,,1,,,,,,,Y,Y,Y,,,,,,,,,REAR-RIGHT-CORNER,,,,,,,,,,,,,,,,,,,,,,,,,,,,,,,,,
2131459,cb359d0e919666b331c7c2604d0fe16a2036bff5218cb1c375b84376c9aa40ef0f712b3c6d4249eb9390adbb67f4d5bdb1e0d7af7dca85253f0662d1a2a5742f,08/18/2025 05:18:00 PM,1,DRIVER,,2031868,,SUBARU,OUTBACK,IL,2016,UNKNOWN,PASSENGER,UNKNOWN/NA,W,MERGING,,,1,,,,,,,,Y,Y,,,,,,,,,SIDE-RIGHT-REAR,,,,,,,,,,,,,,,,,,,,,,,,,,,,,,,,,
2131460,cb359d0e919666b331c7c2604d0fe16a2036bff5218cb1c375b84376c9aa40ef0f712b3c6d4249eb9390adbb67f4d5bdb1e0d7af7dca85253f0662d1a2a5742f,08/18/2025 05:18:00 PM,2,DRIVER,,2031879,,HONDA,ACCORD,IL,2013,UNKNOWN,PASSENGER,UNKNOWN/NA,W,SLOW/STOP IN TRAFFIC,,,1,,,,,,,,,,,Y,,,,,,,SIDE-LEFT-REAR,,,,,,,,,,,,,,,,,,,,,,,,,,,,,,,,,
2131429,ceeba8d6f6f98148cc2dfa1b7de47599766ac4bc5035bb057e987513bbee893c9f6e77879f93a8799941ca86130562015a8b932cbcd825608e52af44c8dee6ad,08/18/2025 05:18:00 PM,1,DRIVER,2,2031841,,TOYOTA,CAMRY,IL,2012,NONE,PASSENGER,PERSONAL,N,SLOW/STOP IN TRAFFIC,,,3,,,,,,,,,,Y,Y,Y,Y,Y,,,,REAR-LEFT-CORNER,,,,,,,,,,,,,,,,,,,,,,,,,,,,,,,,,
2131430,ceeba8d6f6f98148cc2dfa1b7de47599766ac4bc5035bb057e987513bbee893c9f6e77879f93a8799941ca86130562015a8b932cbcd825608e52af44c8dee6ad,08/18/2025 05:18:00 PM,2,DRIVER,1,2031856,,CHEVROLET,MALIBU,IL,2018,NONE,PASSENGER,PERSONAL,N,PASSING/OVERTAKING,,,2,,,,,Y,Y,Y,Y,,,,,,,,,,FRONT-RIGHT-CORNER,,,,,,,,,,,,,,,,,,,,,,,,,,,,,,,,,
2131556,fba38c629421713ad1dabe6ba6d86d2996395dcf731b554a36d7e7917e54116bc9bc41afb7d894f1ca98881a00103be31b36d65dc1242e370522a08541bf75b8,08/18/2025 05:18:00 PM,1,DRIVER,,2031968,,CHEVROLET,VAN,IL,2002,UNKNOWN,SPORT UTILITY VEHICLE (SUV),UNKNOWN/NA,E,TURNING RIGHT,,,1,,,,,,,,,,,,,,,,,Y,UNKNOWN,,,,,,,,,,,,,,,,,,,,,,,,,,,,,,,,,
2131557,fba38c629421713ad1dabe6ba6d86d2996395dcf731b554a36d7e7917e54116bc9bc41afb7d894f1ca98881a00103be31b36d65dc1242e370522a08541bf75b8,08/18/2025 05:18:00 PM,2,DRIVER,,2031974,,ACURA,TLX,IL,2013,UNKNOWN,PASSENGER,UNKNOWN/NA,E,STRAIGHT AHEAD,,,1,,,,,Y,,,,,,,,,,Y,Y,,FRONT-LEFT-CORNER,,,,,,,,,,,,,,,,,,,,,,,,,,,,,,,,,
2131416,ae351f5bc5593816eb7d4ebb73a7b51e54cee27895cab2db8358dd690933588fa61b411f38d59669095d6c1ab654e3b68e9d4362e47900e5631c23ae2a2b399f,08/18/2025 05:09:00 PM,1,DRIVER,,2031830,,CHEVROLET,CRUZE,IL,2016,NONE,PASSENGER,PERSONAL,N,STRAIGHT AHEAD,,,1,,,,,,,,,,,,,,Y,Y,Y,,SIDE-LEFT,,,,,,,,,,,,,,,,,,,,,,,,,,,,,,,,,
2131417,ae351f5bc5593816eb7d4ebb73a7b51e54cee27895cab2db8358dd690933588fa61b411f38d59669095d6c1ab654e3b68e9d4362e47900e5631c23ae2a2b399f,08/18/2025 05:09:00 PM,2,DRIVER,,2031834,,CHEVROLET,TAHOE,IL,2013,NONE,PASSENGER,PERSONAL,N,STRAIGHT AHEAD,Y,,1,,private tow,unknown,,Y,Y,,,,,,,,,,Y,,FRONT-RIGHT-CORNER,,,,,,,,,,,,,,,,,,,,,,,,,,,,,,,,,
2131507,43b98d0b1c1585ab52ced038c9ebed023e61f5c6702771eddea7be5298f1a7bf3ce566cde7e0a7638979d23d59c25df176594436fd0b6277de7ce264912ce5a5,08/18/2025 05:00:00 PM,1,DRIVER,,2031901,,UNKNOWN,OTHER (EXPLAIN IN NARRATIVE),XX,1999,UNKNOWN,BUS OVER 15 PASS.,DRIVER EDUCATION,SE,TURNING LEFT,,,1,,,,,,,,,,,,,,,,,Y,UNKNOWN,,,,,,,,,,,,,,,,,,,,,,,,,,,,,,,,,
2131508,43b98d0b1c1585ab52ced038c9ebed023e61f5c6702771eddea7be5298f1a7bf3ce566cde7e0a7638979d23d59c25df176594436fd0b6277de7ce264912ce5a5,08/18/2025 05:00:00 PM,2,PARKED,,2031919,,KIA,SOUL,IL,2024,UNKNOWN,PASSENGER,PERSONAL,E,PARKED,,,0,,,,,,,,,,,Y,Y,Y,Y,Y,,,UNKNOWN,,,,,,,,,,,,,,,,,,,,,,,,,,,,,,,,,
2131509,43b98d0b1c1585ab52ced038c9ebed023e61f5c6702771eddea7be5298f1a7bf3ce566cde7e0a7638979d23d59c25df176594436fd0b6277de7ce264912ce5a5,08/18/2025 05:00:00 PM,3,PARKED,,2031932,,CHEVROLET,TAHOE,IL,2009,UNKNOWN,PASSENGER,PERSONAL,E,PARKED,,,0,,,,,,,,Y,Y,,,,,,,,,UNKNOWN,,,,,,,,,,,,,,,,,,,,,,,,,,,,,,,,,
2131744,ad98c76cc1369ec5a90318a085099120fe48c0e76123c065277f7e37dd76c2ca9b8051c580d95d8348784cecac372791f44ba388634e5cf6a7f1f54f0e73f8e5,08/18/2025 05:00:00 PM,1,DRIVER,,2032141,,JEEP,WRANGLER,IL,,UNKNOWN,SPORT UTILITY VEHICLE (SUV),PERSONAL,S,STRAIGHT AHEAD,,,1,,,,,Y,,,,,,,,,,Y,Y,,FRONT,,,,,,,,,,,,,,,,,,,,,,,,,,,,,,,,,
2131745,ad98c76cc1369ec5a90318a085099120fe48c0e76123c065277f7e37dd76c2ca9b8051c580d95d8348784cecac372791f44ba388634e5cf6a7f1f54f0e73f8e5,08/18/2025 05:00:00 PM,2,DRIVER,,2032145,,KIA,SOUL,IL,2013,NONE,SPORT UTILITY VEHICLE (SUV),PERSONAL,S,SLOW/STOP IN TRAFFIC,,,1,,,,,,,,,Y,Y,Y,,,,,,,REAR,,,,,,,,,,,,,,,,,,,,,,,,,,,,,,,,,
2131423,eaaf6518d98da7c8c56ea124881f1cb3f16fc44a9c2a20bdbd5d34cda8564248c88e496953b9d3bd2688398c1298c3d496047482dda0d85b05f65c6c276f30a9,08/18/2025 04:58:00 PM,1,DRIVER,1,2031837,,PONTIAC,GRAND PRIX,IL,2006,UNKNOWN,PASSENGER,PERSONAL,N,PASSING/OVERTAKING,,,2,,,,,,,,,,,Y,Y,Y,Y,Y,,,FRONT-LEFT-CORNER,,,,,,,,,,,,,,,,,,,,,,,,,,,,,,,,,
2131424,eaaf6518d98da7c8c56ea124881f1cb3f16fc44a9c2a20bdbd5d34cda8564248c88e496953b9d3bd2688398c1298c3d496047482dda0d85b05f65c6c276f30a9,08/18/2025 04:58:00 PM,2,DRIVER,,2031852,,DODGE,RAM 2500 PU,IL,2017,UNKNOWN,PICKUP,PERSONAL,N,STRAIGHT AHEAD,,,1,,,,,,Y,Y,Y,,,,,,,,,,SIDE-RIGHT,,,,,,,,,,,,,,,,,,,,,,,,,,,,,,,,,
2131432,3e3be43eda26241afab758808ae54b9508e109c6dafff12a4e19f6c3e2b2b68b6473fa1f3a5c260e2b94b7856b68a11df8da5b2046db47ece6309f56983d1406,08/18/2025 04:53:00 PM,1,DRIVER,,2031845,,TOYOTA,AVALON,IL,2001,NONE,PASSENGER,PERSONAL,E,STRAIGHT AHEAD,,,1,,,,,,,,,,,,,,,Y,Y,,FRONT,,,,,,,,,,,,,,,,,,,,,,,,,,,,,,,,,
2131433,3e3be43eda26241afab758808ae54b9508e109c6dafff12a4e19f6c3e2b2b68b6473fa1f3a5c260e2b94b7856b68a11df8da5b2046db47ece6309f56983d1406,08/18/2025 04:53:00 PM,2,DRIVER,1,2031873,,TOYOTA,COROLLA,IL,2021,NONE,PASSENGER,PERSONAL,S,STRAIGHT AHEAD,Y,,2,,PRIVATE,,,,Y,Y,Y,,,,,,,,,,SIDE-RIGHT,,,,,,,,,,,,,,,,,,,,,,,,,,,,,,,,,
2131763,ca9f2ec79ca3e1e8669512ee1b35b7f710277fb1c0036cfc15f9d1ec494dd5cb968fa00c08f9dea1f147aec32a28f7861999a734b48182a29dcdbe392c002539,08/18/2025 04:50:00 PM,1,DRIVER,,2032156,,HYUNDAI,SONATA,IL,2012,UNKNOWN,PASSENGER,PERSONAL,N,STRAIGHT AHEAD,,,1,,,,,Y,,,,,,,,,,Y,Y,,FRONT,,,,,,,,,,,,,,,,,,,,,,,,,,,,,,,,,
2131764,ca9f2ec79ca3e1e8669512ee1b35b7f710277fb1c0036cfc15f9d1ec494dd5cb968fa00c08f9dea1f147aec32a28f7861999a734b48182a29dcdbe392c002539,08/18/2025 04:50:00 PM,2,DRIVER,1,2032173,,JEEP,COMMANDER,IL,2024,UNKNOWN,PASSENGER,PERSONAL,E,STRAIGHT AHEAD,,,2,,,,,N,Y,Y,Y,,,,,,,,,,SIDE-RIGHT,,,,,,,,,,,,,,,,,,,,,,,,,,,,,,,,,
2131487,7e7b009643938f9060c4913b4c3973515edede3c5c52714000f53f2bfb59fda61ed467e35e918c87945af6c379dc15dcd17ad7c842263fb7412aaee5f487ab22,08/18/2025 04:49:00 PM,1,DRIVER,,2031909,,CHEVROLET,IMPALA,IL,2019,UNKNOWN,PASSENGER,PERSONAL,N,STRAIGHT AHEAD,Y,,1,,CITY TOW,,,,,,,,,,,,,,,,UNKNOWN,,,,,,,,,,,,,,,,,,,,,,,,,,,,,,,,,
2131488,7e7b009643938f9060c4913b4c3973515edede3c5c52714000f53f2bfb59fda61ed467e35e918c87945af6c379dc15dcd17ad7c842263fb7412aaee5f487ab22,08/18/2025 04:49:00 PM,2,PARKED,,2031923,,TOYOTA,RAV4,IL,2018,UNKNOWN,UNKNOWN/NA,UNKNOWN/NA,N,PARKED,,,0,,,,,,,,,,Y,Y,Y,Y,,,,,UNKNOWN,,,,,,,,,,,,,,,,,,,,,,,,,,,,,,,,,
2131489,7e7b009643938f9060c4913b4c3973515edede3c5c52714000f53f2bfb59fda61ed467e35e918c87945af6c379dc15dcd17ad7c842263fb7412aaee5f487ab22,08/18/2025 04:49:00 PM,3,PARKED,,2031956,,TOYOTA,HIGHLANDER,IL,2024,UNKNOWN,PASSENGER,PERSONAL,N,PARKED,,,0,,,,,,,,,Y,Y,Y,,,,,,,UNKNOWN,,,,,,,,,,,,,,,,,,,,,,,,,,,,,,,,,
2132697,adaae681f6f021c9b9f81e36b89b3303f77e8caa4a4b85140e3248510f25a16f27118770b1b20b81cacdc015669e786470a1731aeb202765c44ffe45f300c7ba,08/18/2025 04:47:00 PM,1,DRIVER,,2033026,,UNKNOWN,OTHER (EXPLAIN IN NARRATIVE),IL,,UNKNOWN,PICKUP,UNKNOWN/NA,W,STRAIGHT AHEAD,,,1,,,,,,,,,,,,,,,,,Y,FRONT,,,,,,,,,,,,,,,,,,,,,,,,,,,,,,,,,
2132698,adaae681f6f021c9b9f81e36b89b3303f77e8caa4a4b85140e3248510f25a16f27118770b1b20b81cacdc015669e786470a1731aeb202765c44ffe45f300c7ba,08/18/2025 04:47:00 PM,2,DRIVER,3,2033027,,CHRYSLER,PACIFICA,IL,2021,UNKNOWN,VAN/MINI-VAN,PERSONAL,W,STRAIGHT AHEAD,,,4,,,,,,,,,,Y,,,,,,,,REAR,,,,,,,,,,,,,,,,,,,,,,,,,,,,,,,,,
2131512,139bd11f06e725d0b832072f0ba3b5ee38ad604315feaa8a96889db414e166f0c26a212c5a9bb67b92532e0863f175e6a1899ec3331da7dfc233a9a770f82297,08/18/2025 04:45:00 PM,1,DRIVER,1,2031908,,NISSAN,SENTRA,IL,2010,NONE,PASSENGER,PERSONAL,NW,CHANGING LANES,,,2,,,,,Y,,,,,,,,,,Y,Y,,FRONT-RIGHT-CORNER,,,,,,,,,,,,,,,,,,,,,,,,,,,,,,,,,