CRASH_UNIT_ID,CRASH_RECORD_ID,CRASH_DATE,UNIT_NO,UNIT_TYPE,NUM_PASSENGERS,VEHICLE_ID,CMRC_VEH_I,MAKE,MODEL,LIC_PLATE_STATE,VEHICLE_YEAR,VEHICLE_DEFECT,VEHICLE_TYPE,VEHICLE_USE,TRAVEL_DIRECTION,MANEUVER,TOWED_I,FIRE_I,OCCUPANT_CNT,EXCEED_SPEED_LIMIT_I,TOWED_BY,TOWED_TO,AREA_00_I,AREA_01_I,AREA_02_I,AREA_03_I,AREA_04_I,AREA_05_I,AREA_06_I,AREA_07_I,AREA_08_I,AREA_09_I,AREA_10_I,AREA_11_I,AREA_12_I,AREA_99_I,FIRST_CONTACT_POINT,CMV_ID,USDOT_NO,CCMC_NO,ILCC_NO,COMMERCIAL_SRC,GVWR,CARRIER_NAME,CARRIER_STATE,CARRIER_CITY,HAZMAT_PLACARDS_I,HAZMAT_NAME,UN_NO,HAZMAT_PRESENT_I,HAZMAT_REPORT_I,HAZMAT_REPORT_NO,MCS_REPORT_I,MCS_REPORT_NO,HAZMAT_VIO_CAUSE_CRASH_I,MCS_VIO_CAUSE_CRASH_I,IDOT_PERMIT_NO,WIDE_LOAD_I,TRAILER1_WIDTH,TRAILER2_WIDTH,TRAILER1_LENGTH,TRAILER2_LENGTH,TOTAL_VEHICLE_LENGTH,AXLE_CNT,VEHICLE_CONFIG,CARGO_BODY_TYPE,LOAD_TYPE,HAZMAT_OUT_OF_SERVICE_I,MCS_OUT_OF_SERVICE_I,HAZMAT_CLASS
2131513,139bd11f06e725d0b832072f0ba3b5ee38ad604315feaa8a96889db414e166f0c26a212c5a9bb67b92532e0863f175e6a1899ec3331da7dfc233a9a770f82297,08/18/2025 04:45:00 PM,2,DRIVER,,2031936,,CHEVROLET,COLORADO,IL,2012,NONE,PICKUP,PERSONAL,W,STRAIGHT AHEAD,,,1,,,,,,,,,,,Y,Y,N,N,N,,,SIDE-LEFT,,,,,,,,,,,,,,,,,,,,,,,,,,,,,,,,,
2131797,6d6a23610cae0b716a623638ed63e768902047f26b18628940b942dbe8f78ee48d1e0f01851a9c8173a9f5978536b6a691ed8d81713d0352305c2c2e3958937b,08/18/2025 04:45:00 PM,1,DRIVER,,2032184,,HONDA,ACCORD,IL,2017,UNKNOWN,PASSENGER,PERSONAL,S,SLOW/STOP IN TRAFFIC,,,1,,,,,,,,,,,,,,,,Y,,FRONT,,,,,,,,,,,,,,,,,,,,,,,,,,,,,,,,,
2131798,6d6a23610cae0b716a623638ed63e768902047f26b18628940b942dbe8f78ee48d1e0f01851a9c8173a9f5978536b6a691ed8d81713d0352305c2c2e3958937b,08/18/2025 04:45:00 PM,2,DRIVER,,2032190,,CHEVROLET,MALIBU,GA,2025,NONE,PASSENGER,PERSONAL,S,SLOW/STOP IN TRAFFIC,,,1,,,,,,,,,,Y,,,,,,,,REAR,,,,,,,,,,,,,,,,,,,,,,,,,,,,,,,,,
2131402,af272dd4e8da5921dab8a5f00348b80b0ca17a71232d6b86ee585e29213ca9893be2acdaa9fd465f9d71d7e7feeb332a7425b18f42145798955cec486aca6267,08/18/2025 04:42:00 PM,1,DRIVER,,2031821,,BLUE BIRD BODY COMPANY,BLUE BIRD BODY CO.,IL,2014,NONE,BUS OVER 15 PASS.,SCHOOL BUS,W,STRAIGHT AHEAD,,,1,,,,,Y,,,,,,,,,,Y,Y,,FRONT,,,,,,,,,,,,,,,,,,,,,,,,,,,,,,,,,
2131403,af272dd4e8da5921dab8a5f00348b80b0ca17a71232d6b86ee585e29213ca9893be2acdaa9fd465f9d71d7e7feeb332a7425b18f42145798955cec486aca6267,08/18/2025 04:42:00 PM,2,DRIVER,1,2031828,,DODGE,DAKOTA,IL,2006,NONE,PICKUP,PERSONAL,E,TURNING LEFT,,,2,,,,,,,,,,Y,Y,Y,,,,,,SIDE-LEFT-REAR,,,,,,,,,,,,,,,,,,,,,,,,,,,,,,,,,
2131481,09727cf4b6f4e51af1f6040a0aeb3fd85b6ff2a7796b150f0a7aac895e9e6640110b594af4375ddb798d0b0f111989f88edfbc7cceb472add1d2c43c23053ce0,08/18/2025 04:40:00 PM,1,DRIVER,1,2031889,,SUBARU,CROSSTREK,IL,2019,UNKNOWN,PASSENGER,UNKNOWN/NA,N,STRAIGHT AHEAD,,,2,,,,,,,,,,,,,,,,,,UNKNOWN,,,,,,,,,,,,,,,,,,,,,,,,,,,,,,,,,
2131482,09727cf4b6f4e51af1f6040a0aeb3fd85b6ff2a7796b150f0a7aac895e9e6640110b594af4375ddb798d0b0f111989f88edfbc7cceb472add1d2c43c23053ce0,08/18/2025 04:40:00 PM,2,BICYCLE,,,,,,,,,,,,,,,,,,,,,,,,,,,,,,,,,,,,,,,,,,,,,,,,,,,,,,,,,,,,,,,,,,
2131991,a393c960dbcef5c96303bd68ca176d1295b39e4772ccce3790d326f5fc6228ae634f08fb0ed192c633cda54c3583a82218a0e7c03df038397d2a6eb21188c006,08/18/2025 04:40:00 PM,1,DRIVER,,2032364,,NISSAN,ALTIMA,IL,2021,UNKNOWN,PASSENGER,PERSONAL,E,ENTERING TRAFFIC LANE FROM PARKING,,,1,,,,,Y,,,,,,,,,,,,,FRONT-RIGHT-CORNER,,,,,,,,,,,,,,,,,,,,,,,,,,,,,,,,,
2131992,a393c960dbcef5c96303bd68ca176d1295b39e4772ccce3790d326f5fc6228ae634f08fb0ed192c633cda54c3583a82218a0e7c03df038397d2a6eb21188c006,08/18/2025 04:40:00 PM,2,DRIVER,,2032371,,INFINITI,QX60,IL,2023,UNKNOWN,PASSENGER,UNKNOWN/NA,W,STRAIGHT AHEAD,,,1,,,,,Y,,,,,,,,,,,,,SIDE-RIGHT-FRONT,,,,,,,,,,,,,,,,,,,,,,,,,,,,,,,,,
2131461,c5309e8ac02a6d4d48053c8bf6dfc4b68c35f9ff3128e5e6bfa404567aadfd8337329e371d10c88aaa2f13f9e2919fd395039b9cf59700d5a47d4056bd63c83a,08/18/2025 04:40:00 PM,1,DRIVER,,2031878,,HYUNDAI,ELANTRA,IL,2011,UNKNOWN,PASSENGER,PERSONAL,S,STRAIGHT AHEAD,,,1,,,,,,,,,,,,,,,,N,Y,UNKNOWN,,,,,,,,,,,,,,,,,,,,,,,,,,,,,,,,,
2131462,c5309e8ac02a6d4d48053c8bf6dfc4b68c35f9ff3128e5e6bfa404567aadfd8337329e371d10c88aaa2f13f9e2919fd395039b9cf59700d5a47d4056bd63c83a,08/18/2025 04:40:00 PM,2,DRIVER,,2031884,,TOYOTA,MATRIX,IL,2008,UNKNOWN,PASSENGER,PERSONAL,S,STRAIGHT AHEAD,,,1,,,,,,,,,,Y,,,,,,,,REAR,,,,,,,,,,,,,,,,,,,,,,,,,,,,,,,,,
2131576,73f5c4027b5a1e10962f47a1737d7e421e6b9799ae25320938bc74e5f233d7cef7517a895c82eb442f261d3bd256bb3b60634b018b642c51cf60e2c946f6887e,08/18/2025 04:37:00 PM,1,DRIVER,,2031984,,NISSAN,ALTIMA,IL,2014,UNKNOWN,PASSENGER,UNKNOWN/NA,S,PASSING/OVERTAKING,,,1,,,,,Y,Y,,,,,,,,,,,,FRONT-RIGHT-CORNER,,,,,,,,,,,,,,,,,,,,,,,,,,,,,,,,,
2131577,73f5c4027b5a1e10962f47a1737d7e421e6b9799ae25320938bc74e5f233d7cef7517a895c82eb442f261d3bd256bb3b60634b018b642c51cf60e2c946f6887e,08/18/2025 04:37:00 PM,2,DRIVER,,2031987,,FORD,TRANSIT,IL,2020,UNKNOWN,OTHER,OTHER,S,SLOW/STOP IN TRAFFIC,,,1,,,,,,,,,,Y,Y,,,,,,,SIDE-LEFT-REAR,,,,,,,,,,,,,,,,,,,,,,,,,,,,,,,,,
2131434,0d88b0b7be54c1829e6fe4e30be96ec05fde9a62836f01619fc21c943d7150ef9361abc392681911ab9aeccf6aa0e0254329abf3f2c0e0690e039309473970c5,08/18/2025 04:33:00 PM,1,DRIVER,4,2031842,,BUICK,ENCLAVE,OH,2011,NONE,VAN/MINI-VAN,PERSONAL,N,STRAIGHT AHEAD,Y,,5,,private tow,private tow,,Y,,,,,,,,,,Y,Y,,FRONT,,,,,,,,,,,,,,,,,,,,,,,,,,,,,,,,,
2131435,0d88b0b7be54c1829e6fe4e30be96ec05fde9a62836f01619fc21c943d7150ef9361abc392681911ab9aeccf6aa0e0254329abf3f2c0e0690e039309473970c5,08/18/2025 04:33:00 PM,2,DRIVER,,2031857,,FORD,FOCUS,IL,2012,NONE,PASSENGER,PERSONAL,W,STRAIGHT AHEAD,Y,,1,,City of chicago SS#054801,auto pound #2,,,Y,Y,Y,Y,,Y,Y,Y,Y,Y,,,SIDE-LEFT,,,,,,,,,,,,,,,,,,,,,,,,,,,,,,,,,
2131394,636fe4a13b1d591f8c0ba76c6a953038846738177850496f44409eea954eeb8fa5f9540b5f8fc589139ba29a66c44c7301fc1e8eb6b6466b2994d95c23fa14d0,08/18/2025 04:32:00 PM,1,DRIVER,,2031812,N,NISSAN,FRONTIER,NJ,2018,NONE,PASSENGER,PERSONAL,E,STRAIGHT AHEAD,Y,,1,,owners company,unknown,,Y,,,,,,,,,,Y,Y,,FRONT-LEFT-CORNER,,,,,,,,,,,,,,,,,,,,,,,,,,,,,,,,,
2131395,636fe4a13b1d591f8c0ba76c6a953038846738177850496f44409eea954eeb8fa5f9540b5f8fc589139ba29a66c44c7301fc1e8eb6b6466b2994d95c23fa14d0,08/18/2025 04:32:00 PM,2,BICYCLE,,,,,,,,,,,,,,,,,,,,,,,,,,,,,,,,,,,,,,,,,,,,,,,,,,,,,,,,,,,,,,,,,,
2131444,25afbf233408ce29179b182ffe1104dc7fd8404c1d13e59a587c38ce6afb48af035a8997f6ed201286386a5777d3f956080acc1f8f4fe48e62e755b5a29b62a0,08/18/2025 04:30:00 PM,1,DRIVER,3,2031861,,NORTH AMERICAN BUS INDUSTRIES,OTHER (EXPLAIN IN NARRATIVE),IL,2012,NONE,BUS OVER 15 PASS.,SCHOOL BUS,S,LEAVING TRAFFIC LANE TO PARK,,,4,,,,,,,,,Y,,,,,,,,,REAR-RIGHT-CORNER,,,,,,,,,,,,,,,,,,,,,,,,,,,,,,,,,
2131445,25afbf233408ce29179b182ffe1104dc7fd8404c1d13e59a587c38ce6afb48af035a8997f6ed201286386a5777d3f956080acc1f8f4fe48e62e755b5a29b62a0,08/18/2025 04:30:00 PM,2,PARKED,,2031898,,SATURN,ION,IL,2005,NONE,PASSENGER,PERSONAL,N,PARKED,,,0,,,,,,,,,,,,,,,Y,,,FRONT-LEFT-CORNER,,,,,,,,,,,,,,,,,,,,,,,,,,,,,,,,,
2131702,76ac8f74d1eadfba1ea63d5b50b887e8ea87bbcba5b224e8fb7eb01b8f71828e7e3535239a303b842d3defa551f341e04eaf7f659ea3613f02c3c01f1b98037a,08/18/2025 04:30:00 PM,1,DRIVER,,2032102,,CADILLAC,XT5,IL,2020,UNKNOWN,SPORT UTILITY VEHICLE (SUV),PERSONAL,NE,TURNING LEFT,,,1,,,,,Y,,,,,,,,,,,,,FRONT-RIGHT-CORNER,,,,,,,,,,,,,,,,,,,,,,,,,,,,,,,,,
2131703,76ac8f74d1eadfba1ea63d5b50b887e8ea87bbcba5b224e8fb7eb01b8f71828e7e3535239a303b842d3defa551f341e04eaf7f659ea3613f02c3c01f1b98037a,08/18/2025 04:30:00 PM,2,DRIVER,,2032103,,CHEVROLET,EQUINOX,IL,2016,UNKNOWN,SPORT UTILITY VEHICLE (SUV),PERSONAL,N,STRAIGHT AHEAD,,,1,,,,,,,,,,,Y,Y,,,,,,REAR-LEFT-CORNER,,,,,,,,,,,,,,,,,,,,,,,,,,,,,,,,,
2131529,7959cab9b9b2e8a377204f52bb4b8c1c80ea4bc77a6319d7ae77035fa8e3fa04e0d355a73fe2dc9ffc9887b69b52684afe35e8930f21a15f095012489296c5b1,08/18/2025 04:30:00 PM,1,DRIVER,,2031939,,UNKNOWN,ENCLOSED BODY,,,UNKNOWN,UNKNOWN/NA,UNKNOWN/NA,UNKNOWN,UNKNOWN/NA,,,1,,,,,,,,,,,,,,,,,Y,UNKNOWN,,,,,,,,,,,,,,,,,,,,,,,,,,,,,,,,,
2131530,7959cab9b9b2e8a377204f52bb4b8c1c80ea4bc77a6319d7ae77035fa8e3fa04e0d355a73fe2dc9ffc9887b69b52684afe35e8930f21a15f095012489296c5b1,08/18/2025 04:30:00 PM,2,PARKED,,2031944,,VOLKSWAGEN,GOLF,IL,2021,UNKNOWN,PASSENGER,PERSONAL,S,PARKED,,,0,,,,,,,,,,,,,,Y,Y,,,FRONT-LEFT-CORNER,,,,,,,,,,,,,,,,,,,,,,,,,,,,,,,,,
2131455,9354980edcb427fcb8e72feac5f7e35a36ed22dbb0b5b1577bdc960fb9745ba477fa980679572ea022b04bf41d8d5e17c44d66cabde516f930d5848f4b091999,08/18/2025 04:30:00 PM,1,DRIVER,,2031876,,HYUNDAI,KONA,IL,2023,NONE,SPORT UTILITY VEHICLE (SUV),UNKNOWN/NA,W,STRAIGHT AHEAD,,,1,,,,,,,,,,,,,,,,Y,,FRONT,,,,,,,,,,,,,,,,,,,,,,,,,,,,,,,,,
2131456,9354980edcb427fcb8e72feac5f7e35a36ed22dbb0b5b1577bdc960fb9745ba477fa980679572ea022b04bf41d8d5e17c44d66cabde516f930d5848f4b091999,08/18/2025 04:30:00 PM,2,DRIVER,,2031881,,HONDA,OTHER (EXPLAIN IN NARRATIVE),IL,2014,UNKNOWN,SPORT UTILITY VEHICLE (SUV),UNKNOWN/NA,W,SLOW/STOP IN TRAFFIC,,,1,,,,,,,,,,,,,,,,,Y,REAR,,,,,,,,,,,,,,,,,,,,,,,,,,,,,,,,,
2131567,96ff516a56e6ddb258e756e35e765386ba1a21a2512ec18467f419c245e14737471689ab1fdbbf3fbb5dc908e12ffa8bd4e8e68dafa102f3f2e4dfff861d0594,08/18/2025 04:30:00 PM,1,DRIVER,,2031980,,UNKNOWN,OTHER (EXPLAIN IN NARRATIVE),IL,,UNKNOWN,UNKNOWN/NA,UNKNOWN/NA,UNKNOWN,UNKNOWN/NA,,,1,,,,,,,,,,N,N,N,,,,,Y,UNKNOWN,,,,,,,,,,,,,,,,,,,,,,,,,,,,,,,,,
2131568,96ff516a56e6ddb258e756e35e765386ba1a21a2512ec18467f419c245e14737471689ab1fdbbf3fbb5dc908e12ffa8bd4e8e68dafa102f3f2e4dfff861d0594,08/18/2025 04:30:00 PM,2,PARKED,,2031988,,GENERAL MOTORS CORPORATION (GMC),ACADIA,IL,2015,NONE,SPORT UTILITY VEHICLE (SUV),NOT IN USE,W,PARKED,Y,,0,,,,,,,,,,Y,Y,Y,,,,,,REAR-LEFT-CORNER,,,,,,,,,,,,,,,,,,,,,,,,,,,,,,,,,
2131348,2aad66b00b60834112f13066926fd851a9dc8ad2a8811f9f4ade46cda08d75026baf60bcaffda0d5e106c6df7d588705616e1a05ab8806549ae5fa3af3a9c35e,08/18/2025 04:29:00 PM,1,DRIVER,,2031766,,UNKNOWN,OTHER (EXPLAIN IN NARRATIVE),,,UNKNOWN,VAN/MINI-VAN,UNKNOWN/NA,E,STRAIGHT AHEAD,,,1,,,,,,,,,,,,,,,,,Y,FRONT-RIGHT-CORNER,,,,,,,,,,,,,,,,,,,,,,,,,,,,,,,,,
2131349,2aad66b00b60834112f13066926fd851a9dc8ad2a8811f9f4ade46cda08d75026baf60bcaffda0d5e106c6df7d588705616e1a05ab8806549ae5fa3af3a9c35e,08/18/2025 04:29:00 PM,2,PARKED,2,2031770,,BLUEBIRD INTERNATIONAL,BLUEBIRD INTERNATIONAL,IL,2019,NONE,BUS OVER 15 PASS.,SCHOOL BUS,E,PARKED,,,2,,,,,,,,,,,,,,Y,Y,Y,,FRONT-LEFT-CORNER,,,,,,,,,,,,,,,,,,,,,,,,,,,,,,,,,
2131418,65a8a4bb7c686dea0eba471175e500bc0581c2b635686d986cc8bad1214438d764206bce0953adfd39ad0480ae320d049b12acecead34973ab07cac7d731a71b,08/18/2025 04:29:00 PM,1,DRIVER,,2031835,,NISSAN,VERSA,IL,2021,NONE,PASSENGER,PERSONAL,S,CHANGING LANES,,,1,,,,,,,,,,,,,,,Y,,,FRONT-LEFT-CORNER,,,,,,,,,,,,,,,,,,,,,,,,,,,,,,,,,
2131419,65a8a4bb7c686dea0eba471175e500bc0581c2b635686d986cc8bad1214438d764206bce0953adfd39ad0480ae320d049b12acecead34973ab07cac7d731a71b,08/18/2025 04:29:00 PM,2,DRIVER,,2031851,,LEXUS,RX,IL,2022,NONE,PASSENGER,PERSONAL,S,STRAIGHT AHEAD,,,1,,,,,Y,Y,,,,,,,,,,,,SIDE-RIGHT-FRONT,,,,,,,,,,,,,,,,,,,,,,,,,,,,,,,,,
2131471,d8d283a43d85af43a45ab9c93160e302ed189bba1bd225ded7c6aa58abe1488bd64786c06e77ce6341d84d063c4fa960c8ce218dd37cd25f56eba6a70f00e686,08/18/2025 04:26:00 PM,1,DRIVER,,2031883,,NISSAN,PATHFINDER,IL,2019,UNKNOWN,SPORT UTILITY VEHICLE (SUV),PERSONAL,UNKNOWN,CHANGING LANES,,,1,,,,,Y,,,,,,,,,,Y,Y,,FRONT,,,,,,,,,,,,,,,,,,,,,,,,,,,,,,,,,
2131472,d8d283a43d85af43a45ab9c93160e302ed189bba1bd225ded7c6aa58abe1488bd64786c06e77ce6341d84d063c4fa960c8ce218dd37cd25f56eba6a70f00e686,08/18/2025 04:26:00 PM,2,DRIVER,,2031890,,HYUNDAI,ELANTRA,IL,2013,UNKNOWN,PASSENGER,PERSONAL,UNKNOWN,STRAIGHT AHEAD,,,1,,,,,,,,,,,Y,Y,Y,Y,N,,,SIDE-LEFT,,,,,,,,,,,,,,,,,,,,,,,,,,,,,,,,,
2131363,b957a44d4b8899a5effbec664006110417b891309a4a40092cab2d4fe8ae8049aa6b45d6b21cac66e1c478f2e0785c9d50ffe32c061eda412b2bf33ad6cad84e,08/18/2025 04:25:00 PM,1,DRIVER,,2031784,,FORD,FUSION,IL,2012,NONE,PASSENGER,PERSONAL,S,TURNING RIGHT,,,1,,,,,,,,,,,,,,,Y,,,FRONT-LEFT-CORNER,,,,,,,,,,,,,,,,,,,,,,,,,,,,,,,,,
2131364,b957a44d4b8899a5effbec664006110417b891309a4a40092cab2d4fe8ae8049aa6b45d6b21cac66e1c478f2e0785c9d50ffe32c061eda412b2bf33ad6cad84e,08/18/2025 04:25:00 PM,2,DRIVER,,2031795,,TOYOTA,4RUNNER,IL,2023,NONE,SPORT UTILITY VEHICLE (SUV),PERSONAL,S,TURNING RIGHT,,,1,,,,,,Y,Y,,,,,,,,,,,SIDE-RIGHT,,,,,,,,,,,,,,,,,,,,,,,,,,,,,,,,,
2132050,e252aa35b18fc6f5e56443c6795f61e7ae1f54ed5cc40abae126d4d95558e716f05d9d2c9416aeabaf90977e3d580f02a97318fb3c9b94e3e5e1366057eae3e4,08/18/2025 04:20:00 PM,1,DRIVER,,2032413,,CHEVROLET,EXPRESS,IL,2022,UNKNOWN,VAN/MINI-VAN,UNKNOWN/NA,W,STRAIGHT AHEAD,,,1,,,,Y,,,,,,,,,,,,,,FRONT-RIGHT-CORNER,,,,,,,,,,,,,,,,,,,,,,,,,,,,,,,,,
2132051,e252aa35b18fc6f5e56443c6795f61e7ae1f54ed5cc40abae126d4d95558e716f05d9d2c9416aeabaf90977e3d580f02a97318fb3c9b94e3e5e1366057eae3e4,08/18/2025 04:20:00 PM,2,PARKED,,2032415,,HYUNDAI,SANTA FE,IL,2022,UNKNOWN,SPORT UTILITY VEHICLE (SUV),NOT IN USE,W,PARKED,,,0,,,,,,,,,,,Y,Y,,,,,,SIDE-LEFT-REAR,,,,,,,,,,,,,,,,,,,,,,,,,,,,,,,,,
2131371,5292c1b5839768db2eb392556ac7abe50ee75dbff201dc411839df7eec444d418ccad8f86337952d8818e3a8c6c564142c8d7f3c1cb5d15af3400eed697cb8fb,08/18/2025 04:19:00 PM,1,DRIVER,,2031787,,JEEP,CHEROKEE,IL,2005,UNKNOWN,SPORT UTILITY VEHICLE (SUV),PERSONAL,W,STRAIGHT AHEAD,,,1,,,,,Y,,,,,,,,,,Y,Y,,FRONT,,,,,,,,,,,,,,,,,,,,,,,,,,,,,,,,,
2131372,5292c1b5839768db2eb392556ac7abe50ee75dbff201dc411839df7eec444d418ccad8f86337952d8818e3a8c6c564142c8d7f3c1cb5d15af3400eed697cb8fb,08/18/2025 04:19:00 PM,2,DRIVER,,2031802,,JEEP,WRANGLER,IL,2018,UNKNOWN,SPORT UTILITY VEHICLE (SUV),PERSONAL,W,SLOW/STOP IN TRAFFIC,,,1,,,,,,,,,Y,Y,Y,,,,,,,REAR,,,,,,,,,,,,,,,,,,,,,,,,,,,,,,,,,
2131387,52b119c52f23b252485ec5299f7d4ba0255e97374f582f40535ba2b915b312b543d3749caad585d40c1c3a74dec680bf6dce2d05254e3211c7935c7477c37ebc,08/18/2025 04:15:00 PM,1,DRIVER,,2031808,,TOYOTA,COROLLA,IL,2010,NONE,PASSENGER,PERSONAL,S,STRAIGHT AHEAD,,,1,,,,,,,,,,,,,,,,Y,,FRONT,,,,,,,,,,,,,,,,,,,,,,,,,,,,,,,,,
2131388,52b119c52f23b252485ec5299f7d4ba0255e97374f582f40535ba2b915b312b543d3749caad585d40c1c3a74dec680bf6dce2d05254e3211c7935c7477c37ebc,08/18/2025 04:15:00 PM,2,DRIVER,,2031817,,TOYOTA,CAMRY,IL,2005,NONE,PASSENGER,PERSONAL,S,STRAIGHT AHEAD,,,1,,,,,,,,,,Y,,,,,,Y,,OTHER,,,,,,,,,,,,,,,,,,,,,,,,,,,,,,,,,
2131389,52b119c52f23b252485ec5299f7d4ba0255e97374f582f40535ba2b915b312b543d3749caad585d40c1c3a74dec680bf6dce2d05254e3211c7935c7477c37ebc,08/18/2025 04:15:00 PM,3,DRIVER,,2031833,,CHEVROLET,TRAX,IL,2019,NONE,PASSENGER,PERSONAL,S,STRAIGHT AHEAD,,,1,,,,,,,,,,Y,,,,,,,,REAR,,,,,,,,,,,,,,,,,,,,,,,,,,,,,,,,,
2131411,c5b17a0150fb95d533d63fca2ec1a1d45f481e11c4b7f4bf144c1edcc7b3cb14bf2fe93894fdb5b2fe3508a3dbed909f230ba38d5e195caaf0ee901207f1dc3d,08/18/2025 04:15:00 PM,1,DRIVER,2,2031831,,CHEVROLET,EQUINOX,IL,2014,NONE,SPORT UTILITY VEHICLE (SUV),PERSONAL,S,TURNING LEFT,,,3,,,,Y,Y,Y,,,,,,,,,,Y,,FRONT-RIGHT-CORNER,,,,,,,,,,,,,,,,,,,,,,,,,,,,,,,,,
2131533,e0c2c3a097daf65f4a4212fd6dd801c638c2f44123d1c41cf6f187a98f4c5506410c5f253235d2060d6876ea107db045b766f933b470cf7ed70f0b9c4b9965c3,08/18/2025 04:15:00 PM,1,DRIVER,,2031943,,GENERAL MOTORS CORPORATION (GMC),OTHER (EXPLAIN IN NARRATIVE),IL,2021,NONE,SPORT UTILITY VEHICLE (SUV),PERSONAL,SW,ENTER FROM DRIVE/ALLEY,,,1,,,,,,,,,,,,,,,,,Y,FRONT,,,,,,,,,,,,,,,,,,,,,,,,,,,,,,,,,
2131534,e0c2c3a097daf65f4a4212fd6dd801c638c2f44123d1c41cf6f187a98f4c5506410c5f253235d2060d6876ea107db045b766f933b470cf7ed70f0b9c4b9965c3,08/18/2025 04:15:00 PM,2,DRIVER,,2031948,,TOYOTA,COROLLA,IL,2015,NONE,PASSENGER,PERSONAL,W,SLOW/STOP IN TRAFFIC,,,1,,,,,,,,,Y,,,,,,,,,REAR-RIGHT-CORNER,,,,,,,,,,,,,,,,,,,,,,,,,,,,,,,,,
2131318,b68de621c306b529ab7c1208a9d6759f1a76cb0799b061f498e0531ae8db1095c4c46f36fe1549587781826805d8c317885412596a84d8363496677452d2db13,08/18/2025 04:12:00 PM,1,DRIVER,,2031747,Y,VOLVO,TRUCK,IL,2014,UNKNOWN,TRACTOR W/ SEMI-TRAILER,COMMERCIAL - SINGLE UNIT,S,STRAIGHT AHEAD,,,1,,,,,,,,,,,,,,,,,,REAR,"22,021",3953049,147183,,PAPERS,3,SPIRIT CARGO NC,IL,PALOS HEIGHTS,,,2866,N,N,,N,,N,N,U778459,,>102,0-96,,,,2,TRUCK/TRAILER,VAN/ENCLOSED BOX,OTHER,N,N,
2131319,b68de621c306b529ab7c1208a9d6759f1a76cb0799b061f498e0531ae8db1095c4c46f36fe1549587781826805d8c317885412596a84d8363496677452d2db13,08/18/2025 04:12:00 PM,3,DRIVER,,2031768,,JEEP,CHEROKEE,IL,2018,NONE,PASSENGER,PERSONAL,S,AVOIDING VEHICLES/OBJECTS,,,1,,,,,Y,Y,,,,,,,,,,,,FRONT-RIGHT-CORNER,,,,,,,,,,,,,,,,,,,,,,,,,,,,,,,,,
2131320,b68de621c306b529ab7c1208a9d6759f1a76cb0799b061f498e0531ae8db1095c4c46f36fe1549587781826805d8c317885412596a84d8363496677452d2db13,08/18/2025 04:12:00 PM,2,DRIVER,,2031771,,NISSAN,ROGUE,,,UNKNOWN,PASSENGER,UNKNOWN/NA,S,AVOIDING VEHICLES/OBJECTS,,,1,,,,,,,,,,,,,,Y,Y,Y,,FRONT-LEFT-CORNER,,,,,,,,,,,,,,,,,,,,,,,,,,,,,,,,,
2131353,99fff892629e6cbb01d69c0f847a64c968b6e048efdcbec54969a9bc98a829e1d2d3a9215d3d3c4793f931723ce5ff9b683c05d3e128cc377b82fbe0d2b466f2,08/18/2025 04:10:00 PM,1,BICYCLE,,,,,,,,,,,,,,,,,,,,,,,,,,,,,,,,,,,,,,,,,,,,,,,,,,,,,,,,,,,,,,,,,,
2131354,99fff892629e6cbb01d69c0f847a64c968b6e048efdcbec54969a9bc98a829e1d2d3a9215d3d3c4793f931723ce5ff9b683c05d3e128cc377b82fbe0d2b466f2,08/18/2025 04:10:00 PM,2,DRIVER,,2031777,Y,NEW FLYER,OTHER (EXPLAIN IN NARRATIVE),IL,2012,UNKNOWN,BUS OVER 15 PASS.,CTA,S,SLOW/STOP IN TRAFFIC,,,1,,,,Y,,,,,,,,,,,,,,FRONT-LEFT-CORNER,"22,024",,,,DRIVER,1,CHICAGO TRANSIT AUTHORITY,IL,CHICAGO,,,,N,N,,N,,N,N,,,,,,,,,BUS,BUS,OTHER,N,N,
2131350,42a63d4e2c96ecfb0e4f24883550e5d01bf65a37d0a18e4bc839a47a5e171deec578782086406dd5d12cfab91ff0102af38eb832222b53656aa2ec59540f3d17,08/18/2025 04:08:00 PM,1,DRIVER,,2031776,,CHEVROLET,CRUZE,IL,2012,UNKNOWN,PASSENGER,PERSONAL,NE,STRAIGHT AHEAD,,,1,,,,,,,,Y,Y,,,,,,,,,REAR-RIGHT-CORNER,,,,,,,,,,,,,,,,,,,,,,,,,,,,,,,,,
2131351,42a63d4e2c96ecfb0e4f24883550e5d01bf65a37d0a18e4bc839a47a5e171deec578782086406dd5d12cfab91ff0102af38eb832222b53656aa2ec59540f3d17,08/18/2025 04:08:00 PM,2,DRIVER,1,2031796,,TOYOTA,AVALON,IL,2006,UNKNOWN,PASSENGER,PERSONAL,N,STRAIGHT AHEAD,,,2,,,,,,,,,,,,,,,Y,,,FRONT-LEFT-CORNER,,,,,,,,,,,,,,,,,,,,,,,,,,,,,,,,,