CRASH_UNIT_ID,CRASH_RECORD_ID,CRASH_DATE,UNIT_NO,UNIT_TYPE,NUM_PASSENGERS,VEHICLE_ID,CMRC_VEH_I,MAKE,MODEL,LIC_PLATE_STATE,VEHICLE_YEAR,VEHICLE_DEFECT,VEHICLE_TYPE,VEHICLE_USE,TRAVEL_DIRECTION,MANEUVER,TOWED_I,FIRE_I,OCCUPANT_CNT,EXCEED_SPEED_LIMIT_I,TOWED_BY,TOWED_TO,AREA_00_I,AREA_01_I,AREA_02_I,AREA_03_I,AREA_04_I,AREA_05_I,AREA_06_I,AREA_07_I,AREA_08_I,AREA_09_I,AREA_10_I,AREA_11_I,AREA_12_I,AREA_99_I,FIRST_CONTACT_POINT,CMV_ID,USDOT_NO,CCMC_NO,ILCC_NO,COMMERCIAL_SRC,GVWR,CARRIER_NAME,CARRIER_STATE,CARRIER_CITY,HAZMAT_PLACARDS_I,HAZMAT_NAME,UN_NO,HAZMAT_PRESENT_I,HAZMAT_REPORT_I,HAZMAT_REPORT_NO,MCS_REPORT_I,MCS_REPORT_NO,HAZMAT_VIO_CAUSE_CRASH_I,MCS_VIO_CAUSE_CRASH_I,IDOT_PERMIT_NO,WIDE_LOAD_I,TRAILER1_WIDTH,TRAILER2_WIDTH,TRAILER1_LENGTH,TRAILER2_LENGTH,TOTAL_VEHICLE_LENGTH,AXLE_CNT,VEHICLE_CONFIG,CARGO_BODY_TYPE,LOAD_TYPE,HAZMAT_OUT_OF_SERVICE_I,MCS_OUT_OF_SERVICE_I,HAZMAT_CLASS
2131396,22700467e95f0c887b69c0dfefeb3f61fe550d060006906d75c9108838f5abd4c863a24cfa7fddedc0998c2b032b587dc5a5f78ede8508280e7d442574eb1079,08/18/2025 04:00:00 PM,1,DRIVER,,2031810,,FORD,OTHER (EXPLAIN IN NARRATIVE),IL,2020,NONE,BUS UP TO 15 PASS.,CTA,N,BACKING,,,1,,,,,,,,,,Y,Y,,,,,,,REAR,,,,,,,,,,,,,,,,,,,,,,,,,,,,,,,,,
2131397,22700467e95f0c887b69c0dfefeb3f61fe550d060006906d75c9108838f5abd4c863a24cfa7fddedc0998c2b032b587dc5a5f78ede8508280e7d442574eb1079,08/18/2025 04:00:00 PM,2,PARKED,,2031813,,JAGUAR,OTHER (EXPLAIN IN NARRATIVE),IL,2001,UNKNOWN,PASSENGER,UNKNOWN/NA,UNKNOWN,PARKED,,,0,,,,,,,,,,,,,,,Y,,,FRONT,,,,,,,,,,,,,,,,,,,,,,,,,,,,,,,,,
2131427,3cb17c1b359c3c4c60f38b5fb99e37e31ce6d4ce40ad9bbe4f1f597d4322b2f11765689620f36ec1c89a9d4710a4c021e5a107c0200dcaba509c7389e26553ac,08/18/2025 04:00:00 PM,1,DRIVER,,2031839,,TOYOTA,RAV4,IL,2015,UNKNOWN,PASSENGER,PERSONAL,S,CHANGING LANES,,,1,,,,,,,,,,,,,,Y,Y,,,SIDE-LEFT-FRONT,,,,,,,,,,,,,,,,,,,,,,,,,,,,,,,,,
2131428,3cb17c1b359c3c4c60f38b5fb99e37e31ce6d4ce40ad9bbe4f1f597d4322b2f11765689620f36ec1c89a9d4710a4c021e5a107c0200dcaba509c7389e26553ac,08/18/2025 04:00:00 PM,2,DRIVER,,2031844,,TOYOTA,HIGHLANDER,IL,2023,UNKNOWN,PASSENGER,PERSONAL,S,OTHER,,,1,,,,,,,Y,Y,Y,,,,,,,,,SIDE-RIGHT-REAR,,,,,,,,,,,,,,,,,,,,,,,,,,,,,,,,,
2131442,bf74a35d05ece735ed891d078715f06111635b148d1292bdc7d1714ee47af04b6ff0c9d0e2f33acb1f3d21f4765ca5e6bccfb303aae5cb0c274e919839247d72,08/18/2025 04:00:00 PM,1,DRIVER,,2031858,,HYUNDAI,ELANTRA,IL,2025,UNKNOWN,PASSENGER,PERSONAL,W,STRAIGHT AHEAD,,,1,,,,,,,,,,,,,,,,,,UNKNOWN,,,,,,,,,,,,,,,,,,,,,,,,,,,,,,,,,
2131443,bf74a35d05ece735ed891d078715f06111635b148d1292bdc7d1714ee47af04b6ff0c9d0e2f33acb1f3d21f4765ca5e6bccfb303aae5cb0c274e919839247d72,08/18/2025 04:00:00 PM,2,DRIVER,1,2031871,,NISSAN,PATHFINDER,NY,2008,UNKNOWN,PASSENGER,PERSONAL,W,STRAIGHT AHEAD,,,2,,,,,Y,,,,,,,,,,,,,UNKNOWN,,,,,,,,,,,,,,,,,,,,,,,,,,,,,,,,,
2131899,dbdd3c3d91609c7dbd817b8827f9b5d8d3a2f5add1150e687581f486aef314424acaac54645b19112418691e0902531b1f1daa2028f73be146437d8d15eb94c8,08/18/2025 04:00:00 PM,1,DRIVER,3,2032277,,UNKNOWN,OTHER (EXPLAIN IN NARRATIVE),IL,,UNKNOWN,SPORT UTILITY VEHICLE (SUV),UNKNOWN/NA,S,STRAIGHT AHEAD,,,4,,,,,Y,,,,,,,,,,,Y,,UNKNOWN,,,,,,,,,,,,,,,,,,,,,,,,,,,,,,,,,
2131900,dbdd3c3d91609c7dbd817b8827f9b5d8d3a2f5add1150e687581f486aef314424acaac54645b19112418691e0902531b1f1daa2028f73be146437d8d15eb94c8,08/18/2025 04:00:00 PM,2,DRIVER,,2032281,,FORD,ESCAPE,IL,2022,UNKNOWN,SPORT UTILITY VEHICLE (SUV),PERSONAL,E,UNKNOWN/NA,,,1,,,,,,,,,,,,,,Y,Y,,,FRONT-LEFT-CORNER,,,,,,,,,,,,,,,,,,,,,,,,,,,,,,,,,
2140352,a226dff9e8c21db991de5567bf92fc906147fcfc2bfe6949474c9bd278d7757a491dd8f9f6db161cba9eed774c5b3e307511e6e1a2a5b72e3b05a58734c5083e,08/18/2025 03:57:00 PM,1,BICYCLE,,,,,,,,,,,,,,,,,,,,,,,,,,,,,,,,,,,,,,,,,,,,,,,,,,,,,,,,,,,,,,,,,,
2140353,a226dff9e8c21db991de5567bf92fc906147fcfc2bfe6949474c9bd278d7757a491dd8f9f6db161cba9eed774c5b3e307511e6e1a2a5b72e3b05a58734c5083e,08/18/2025 03:57:00 PM,2,DRIVER,,2040329,,TOYOTA,VENZA,IL,2022,UNKNOWN,PASSENGER,UNKNOWN/NA,E,STRAIGHT AHEAD,,,1,,,,,,Y,Y,,,,,,,,,,,SIDE-RIGHT,,,,,,,,,,,,,,,,,,,,,,,,,,,,,,,,,
2131382,3fb959eb930db585d4436da4f9040b3a3df38c1cebe0da625929381d96d72d03b55b0adaeb024fba7387e3b600d584d84b7e380530a8cf96a7a0c040f27f5c45,08/18/2025 03:53:00 PM,1,DRIVER,,2031823,,TOYOTA,CAMRY,IL,2007,UNKNOWN,PASSENGER,PERSONAL,S,STRAIGHT AHEAD,,,1,,,,,Y,Y,,,,,,,,,,,,FRONT-RIGHT-CORNER,,,,,,,,,,,,,,,,,,,,,,,,,,,,,,,,,
2131383,3fb959eb930db585d4436da4f9040b3a3df38c1cebe0da625929381d96d72d03b55b0adaeb024fba7387e3b600d584d84b7e380530a8cf96a7a0c040f27f5c45,08/18/2025 03:53:00 PM,2,DRIVERLESS,,2031829,,VOLKSWAGEN,JETTA,IL,,UNKNOWN,PASSENGER,PERSONAL,S,PARKED,,,0,,,,,,,,,,,,,,Y,Y,,,SIDE-LEFT-FRONT,,,,,,,,,,,,,,,,,,,,,,,,,,,,,,,,,
2131334,0f698a4e50a05952087f75c0759490831b1d8a70bbfdf1275990c92dd50abc1765a579c4c9d43f37c4db64940c9923bb65548434cbb8777ba8b7b8379b46ced6,08/18/2025 03:52:00 PM,2,DRIVER,,2031756,,NOVA BUS,RTS,IL,2023,NONE,BUS OVER 15 PASS.,CTA,E,STRAIGHT AHEAD,,,1,,,,,,,,,,,,,,,Y,,,FRONT-LEFT-CORNER,,,,,,,,,,,,,,,,,,,,,,,,,,,,,,,,,
2131335,0f698a4e50a05952087f75c0759490831b1d8a70bbfdf1275990c92dd50abc1765a579c4c9d43f37c4db64940c9923bb65548434cbb8777ba8b7b8379b46ced6,08/18/2025 03:52:00 PM,1,DRIVER,,2031764,,UNKNOWN,MOTORIZED,XX,,UNKNOWN,UNKNOWN/NA,UNKNOWN/NA,E,PASSING/OVERTAKING,,,1,,,,,Y,,,,,,,,,,,,,FRONT-RIGHT-CORNER,,,,,,,,,,,,,,,,,,,,,,,,,,,,,,,,,
2131384,1a93bbcdbb0acf9ce5807ef1157d03aaecba7f670b4b02350395ddb180283f73f5dc0d2e66a580084aab4777471608bc4876fc9de55432c90bf1aa134c537c04,08/18/2025 03:45:00 PM,1,DRIVER,,2031791,,HYUNDAI,ELANTRA,IL,2021,UNKNOWN,PASSENGER,UNKNOWN/NA,N,TURNING LEFT,,,1,,,,,,,,,,,,,,Y,Y,Y,,FRONT-LEFT-CORNER,,,,,,,,,,,,,,,,,,,,,,,,,,,,,,,,,
2131385,1a93bbcdbb0acf9ce5807ef1157d03aaecba7f670b4b02350395ddb180283f73f5dc0d2e66a580084aab4777471608bc4876fc9de55432c90bf1aa134c537c04,08/18/2025 03:45:00 PM,2,DRIVER,,2031799,,NISSAN,VERSA,IL,2013,UNKNOWN,PASSENGER,UNKNOWN/NA,W,STRAIGHT AHEAD,,,1,,,,,,,,,,,Y,Y,Y,,,,,SIDE-LEFT-REAR,,,,,,,,,,,,,,,,,,,,,,,,,,,,,,,,,
2131344,ac6257bd15079e5b9837c31063a6116fedc9edb4310ae6330f66537ae618bfc22b8f362439b7bed697dd03d418138fa9bfd6dbd46d83cd67d9da3cc60086cc9d,08/18/2025 03:42:00 PM,1,DRIVER,,2031761,,CHEVROLET,TRAX,IL,2018,UNKNOWN,SPORT UTILITY VEHICLE (SUV),PERSONAL,S,STRAIGHT AHEAD,,,1,,,,,Y,,,,,,,,,,Y,Y,,FRONT,,,,,,,,,,,,,,,,,,,,,,,,,,,,,,,,,
2131345,ac6257bd15079e5b9837c31063a6116fedc9edb4310ae6330f66537ae618bfc22b8f362439b7bed697dd03d418138fa9bfd6dbd46d83cd67d9da3cc60086cc9d,08/18/2025 03:42:00 PM,2,DRIVER,1,2031782,,INFINITI,QX30,IL,2017,NONE,PASSENGER,PERSONAL,S,STRAIGHT AHEAD,,,2,,,,,,,,,Y,Y,Y,,,,,,,REAR,,,,,,,,,,,,,,,,,,,,,,,,,,,,,,,,,
2131329,2ba5c5cd9803dbc78d4e928dae67e70ceaee1e970a206f114f64e71fac0ec8cb00d47560400cb30837e6ba0ea1d7413aceb9257ccb25a42d76d469437621a36c,08/18/2025 03:40:00 PM,1,DRIVER,1,2031752,Y,THOMAS BUILT BUS COMPANY,THOMAS BUILT BUS CO.,IL,2015,NONE,BUS OVER 15 PASS.,SCHOOL BUS,NE,TURNING RIGHT,,,2,,,,,,,,,,,Y,Y,,,,,,SIDE-LEFT-REAR,"22,023",76635,,193112,SIDE OF TRUCK,3,ALLTOWN BUS SERVICE INC--FIRM OWNED,IL,SKOKIE,,,,N,N,,N,,N,N,,,,,,,,,BUS,BUS,OTHER,N,N,
2131330,2ba5c5cd9803dbc78d4e928dae67e70ceaee1e970a206f114f64e71fac0ec8cb00d47560400cb30837e6ba0ea1d7413aceb9257ccb25a42d76d469437621a36c,08/18/2025 03:40:00 PM,2,DRIVER,1,2031765,,INFINITI,FX50,IL,2011,NONE,SPORT UTILITY VEHICLE (SUV),UNKNOWN/NA,N,STRAIGHT AHEAD,,,2,,,,,Y,Y,,,,,,,,,,Y,,FRONT-RIGHT-CORNER,,,,,,,,,,,,,,,,,,,,,,,,,,,,,,,,,
2131440,40b4920cd8baff691c4046aacb47c3c5cee3d7dc474397cd8551e531835f6347e13fdcc2e4188fc046976e0d66cc7bf6baf4101cb3ebc8ca3ccd8f6e795fa436,08/18/2025 03:30:00 PM,1,DRIVER,,2031850,,CHEVROLET,SUBURBAN,IL,2008,NONE,SPORT UTILITY VEHICLE (SUV),PERSONAL,N,TURNING RIGHT,,,1,,,,,,,,Y,,,,,,,,,,SIDE-RIGHT-REAR,,,,,,,,,,,,,,,,,,,,,,,,,,,,,,,,,
2131441,40b4920cd8baff691c4046aacb47c3c5cee3d7dc474397cd8551e531835f6347e13fdcc2e4188fc046976e0d66cc7bf6baf4101cb3ebc8ca3ccd8f6e795fa436,08/18/2025 03:30:00 PM,2,PARKED,1,2031860,,MERCEDES-BENZ,SPRINTER,IL,2010,NONE,VAN/MINI-VAN,PERSONAL,UNKNOWN,PARKED,,,1,,,,,,,,,,,,,,,,Y,,FRONT,,,,,,,,,,,,,,,,,,,,,,,,,,,,,,,,,
2131336,8044266c282fb612fd862454dfcb648497ec251957e018c45499a6f8bb5aab56bea8429062e41cd5f05950954b8aa3dc5877d032b4d087d43fe42a1c175ff352,08/18/2025 03:30:00 PM,2,DRIVER,,2031750,,GENESIS,G70,GA,2023,UNKNOWN,PASSENGER,PERSONAL,E,STRAIGHT AHEAD,,,1,,,,,,,,,,,Y,Y,Y,Y,Y,,,SIDE-LEFT,,,,,,,,,,,,,,,,,,,,,,,,,,,,,,,,,
2131337,8044266c282fb612fd862454dfcb648497ec251957e018c45499a6f8bb5aab56bea8429062e41cd5f05950954b8aa3dc5877d032b4d087d43fe42a1c175ff352,08/18/2025 03:30:00 PM,1,DRIVER,,2031767,,GENERAL MOTORS CORPORATION (GMC),OTHER (EXPLAIN IN NARRATIVE),IL,2011,UNKNOWN,PASSENGER,PERSONAL,E,STRAIGHT AHEAD,,,1,,,,,Y,Y,Y,Y,Y,,,,,,,,,SIDE-RIGHT,,,,,,,,,,,,,,,,,,,,,,,,,,,,,,,,,
2137846,8209a9f0561f7c2a3d0003339108b77241a0201e49778a1cf7a614145fa8830685b22c7e72be885a54d6a964094fd58cb9c6b88968505127410caf9fe7322512,08/18/2025 03:30:00 PM,1,DRIVER,,2037951,,MAZDA,MAZDA3,IL,2011,UNKNOWN,PASSENGER,UNKNOWN/NA,N,STRAIGHT AHEAD,,,1,,,,,Y,,,,,,,,,,Y,Y,,FRONT,,,,,,,,,,,,,,,,,,,,,,,,,,,,,,,,,
2137847,8209a9f0561f7c2a3d0003339108b77241a0201e49778a1cf7a614145fa8830685b22c7e72be885a54d6a964094fd58cb9c6b88968505127410caf9fe7322512,08/18/2025 03:30:00 PM,2,DRIVER,,2037952,,HONDA,HR-V,IL,2024,UNKNOWN,SPORT UTILITY VEHICLE (SUV),UNKNOWN/NA,N,STRAIGHT AHEAD,,,1,,,,,,,,,Y,Y,Y,,,,,,,REAR,,,,,,,,,,,,,,,,,,,,,,,,,,,,,,,,,
2131365,88c196cb061c0c57d9a8855132a0697ff22a48507f8b59540fcfa4d1301499a00003ad7bc7f40bff2e19c09d09b06bd46952179223e54e5c57ad2fa56c81c01e,08/18/2025 03:30:00 PM,1,DRIVER,,2031778,,DODGE,DURANGO,IL,2021,NONE,SPORT UTILITY VEHICLE (SUV),PERSONAL,N,STRAIGHT AHEAD,,,1,,,,,,,,,,,Y,Y,Y,,,,,SIDE-LEFT,,,,,,,,,,,,,,,,,,,,,,,,,,,,,,,,,
2131366,88c196cb061c0c57d9a8855132a0697ff22a48507f8b59540fcfa4d1301499a00003ad7bc7f40bff2e19c09d09b06bd46952179223e54e5c57ad2fa56c81c01e,08/18/2025 03:30:00 PM,2,DRIVER,,2031798,N,UNKNOWN,OTHER (EXPLAIN IN NARRATIVE),IL,2013,NONE,BUS OVER 15 PASS.,SCHOOL BUS,S,STRAIGHT AHEAD,,,1,,,,,,,,,,,Y,Y,Y,,,,,SIDE-LEFT,,,,,,,,,,,,,,,,,,,,,,,,,,,,,,,,,
2131392,ca99b7b2cde01fc4e03616e214b19d8baf710e8b5b66787ed4e761b036bac360e5a004f4fbd52f0a5f256fecb606522a85a271ddaf99d8349d727e6adb838d87,08/18/2025 03:30:00 PM,1,DRIVER,2,2031801,,CHEVROLET,TAHOE,IL,2022,NONE,SPORT UTILITY VEHICLE (SUV),PERSONAL,N,TURNING LEFT,,,3,,,,,,,,,,,,,,,,Y,,FRONT-RIGHT-CORNER,,,,,,,,,,,,,,,,,,,,,,,,,,,,,,,,,
2131393,ca99b7b2cde01fc4e03616e214b19d8baf710e8b5b66787ed4e761b036bac360e5a004f4fbd52f0a5f256fecb606522a85a271ddaf99d8349d727e6adb838d87,08/18/2025 03:30:00 PM,2,BICYCLE,,,,,,,,,,,,,,,,,,,,,,,,,,,,,,,,,,,,,,,,,,,,,,,,,,,,,,,,,,,,,,,,,,
2131677,d59aeb58892ce4c2a21fbab18e0b71243daa12668d41e041bce1399c69fd1a3acdcaa92063304cf57660788ec3b4a78f74e8897bac3f5099bf0927407d1a8392,08/18/2025 03:30:00 PM,1,DRIVER,,2032076,,HONDA,CIVIC,,2003,NONE,PASSENGER,PERSONAL,N,STRAIGHT AHEAD,,,1,,,,,,,,Y,Y,,,,,,,,,SIDE-RIGHT-REAR,,,,,,,,,,,,,,,,,,,,,,,,,,,,,,,,,
2131678,d59aeb58892ce4c2a21fbab18e0b71243daa12668d41e041bce1399c69fd1a3acdcaa92063304cf57660788ec3b4a78f74e8897bac3f5099bf0927407d1a8392,08/18/2025 03:30:00 PM,2,DRIVER,,2032079,,NISSAN,SENTRA,,2017,NONE,PASSENGER,PERSONAL,N,STRAIGHT AHEAD,,,1,,,,,,,,,,,Y,Y,,,,,,SIDE-LEFT-REAR,,,,,,,,,,,,,,,,,,,,,,,,,,,,,,,,,
2131295,8470f4e3c07b085998844fec2484ba41624bba7bf7dd31f3a5c081951f9e8a47c164dc5e05c12b2fb35276337d02c4afa957b978badab3cbf1a7371304bdf16e,08/18/2025 03:21:00 PM,1,DRIVER,,2031714,,UNKNOWN,MOTORIZED,,,UNKNOWN,UNKNOWN/NA,UNKNOWN/NA,N,STRAIGHT AHEAD,,,1,,,,,,,,,,,,,,,,,Y,UNKNOWN,,,,,,,,,,,,,,,,,,,,,,,,,,,,,,,,,
2131296,8470f4e3c07b085998844fec2484ba41624bba7bf7dd31f3a5c081951f9e8a47c164dc5e05c12b2fb35276337d02c4afa957b978badab3cbf1a7371304bdf16e,08/18/2025 03:21:00 PM,2,DRIVER,,2031721,,NISSAN,ROGUE,IL,2023,UNKNOWN,PASSENGER,PERSONAL,W,STRAIGHT AHEAD,,,1,,,,,,,,,,,,,,Y,Y,Y,,FRONT-RIGHT-CORNER,,,,,,,,,,,,,,,,,,,,,,,,,,,,,,,,,
2131409,2f67bbbe1830734ec8537d151de768f40913752e61c72c24c299fc337567a3b95ef0d79f3fcab202e92edd6cfa6ede80ef25d55f8d53ff1aa56b11926e1551ef,08/18/2025 03:18:00 PM,1,DRIVER,,2031840,,JEEP,WRANGLER,IL,2021,UNKNOWN,SPORT UTILITY VEHICLE (SUV),PERSONAL,N,STRAIGHT AHEAD,,,1,,,,,Y,,,,,,,,,,Y,Y,,FRONT,,,,,,,,,,,,,,,,,,,,,,,,,,,,,,,,,
2131410,2f67bbbe1830734ec8537d151de768f40913752e61c72c24c299fc337567a3b95ef0d79f3fcab202e92edd6cfa6ede80ef25d55f8d53ff1aa56b11926e1551ef,08/18/2025 03:18:00 PM,2,DRIVER,,2031853,,FORD,TRANSIT,IL,2024,UNKNOWN,PASSENGER,PERSONAL,N,SLOW/STOP IN TRAFFIC,,,1,,,,,,,,,Y,Y,Y,,,,,,,REAR,,,,,,,,,,,,,,,,,,,,,,,,,,,,,,,,,
2131450,2f67bbbe1830734ec8537d151de768f40913752e61c72c24c299fc337567a3b95ef0d79f3fcab202e92edd6cfa6ede80ef25d55f8d53ff1aa56b11926e1551ef,08/18/2025 03:18:00 PM,3,DRIVER,,2031859,,UNKNOWN,OTHER (EXPLAIN IN NARRATIVE),,,UNKNOWN,PASSENGER,PERSONAL,N,SLOW/STOP IN TRAFFIC,,,1,,,,,,,,,Y,Y,Y,,,,,,,REAR,,,,,,,,,,,,,,,,,,,,,,,,,,,,,,,,,
2131331,0394fe7b423ff5da555dd461844a841597cc93e173ba9739a2b2517895f17940b12f30a6fd1f7cbd701a8800d804819212d2bd310010b18cedb199bc3eab8044,08/18/2025 03:14:00 PM,1,DRIVER,2,2031762,,TOYOTA,COROLLA,IL,2007,UNKNOWN,PASSENGER,PERSONAL,W,PASSING/OVERTAKING,,,3,,,,,,Y,Y,Y,Y,Y,Y,Y,Y,Y,,,,TOTAL (ALL AREAS),,,,,,,,,,,,,,,,,,,,,,,,,,,,,,,,,
2131332,0394fe7b423ff5da555dd461844a841597cc93e173ba9739a2b2517895f17940b12f30a6fd1f7cbd701a8800d804819212d2bd310010b18cedb199bc3eab8044,08/18/2025 03:14:00 PM,2,DRIVER,,2031774,,INTERNATIONAL COACH MANUFACTURING,INTERNATIONAL COACH MFG.,IL,2002,UNKNOWN,TRUCK - SINGLE UNIT,UNKNOWN/NA,W,STRAIGHT AHEAD,,,1,,,,,Y,Y,Y,Y,,,,,,,,,,SIDE-RIGHT,,,,,,,,,,,,,,,,,,,,,,,,,,,,,,,,,
2131333,0394fe7b423ff5da555dd461844a841597cc93e173ba9739a2b2517895f17940b12f30a6fd1f7cbd701a8800d804819212d2bd310010b18cedb199bc3eab8044,08/18/2025 03:14:00 PM,3,PARKED,,2031781,,HYUNDAI,SONATA,IL,2011,UNKNOWN,PASSENGER,UNKNOWN/NA,W,PARKED,,,0,,,,,,,,,,Y,Y,Y,,,,,,REAR-LEFT-CORNER,,,,,,,,,,,,,,,,,,,,,,,,,,,,,,,,,
2133969,e5720a0335df66b2e367af4e94ecb98189c3c0e5791def4018ee7316be4b5d8923809f83c8b8f8ca7d669dde8ebeedcb53c7479ede622d5fcfde0d739a0c1eba,08/18/2025 03:14:00 PM,1,DRIVER,,2034246,,UNKNOWN,OTHER (EXPLAIN IN NARRATIVE),,,UNKNOWN,TRUCK - SINGLE UNIT,UNKNOWN/NA,N,CHANGING LANES,,,1,,,,,,,,,,,,,,Y,Y,,Y,SIDE-LEFT,,,,,,,,,,,,,,,,,,,,,,,,,,,,,,,,,
2133970,e5720a0335df66b2e367af4e94ecb98189c3c0e5791def4018ee7316be4b5d8923809f83c8b8f8ca7d669dde8ebeedcb53c7479ede622d5fcfde0d739a0c1eba,08/18/2025 03:14:00 PM,2,DRIVER,,2034251,,JEEP,COMPASS,IL,,NONE,SPORT UTILITY VEHICLE (SUV),PERSONAL,N,STRAIGHT AHEAD,,,1,,,,,,Y,Y,Y,,,,,,,,,,SIDE-RIGHT,,,,,,,,,,,,,,,,,,,,,,,,,,,,,,,,,
2131342,62913f688337e922a8ef5ccfac54d583fe57996ac4426cd1f2e1b36927ef2fc6ca44db2c4d636e16a41b22fc888c8526e2842efaabf56ffc0f704bd7392532c9,08/18/2025 03:07:00 PM,1,DRIVER,,2031758,,TOYOTA,OTHER (EXPLAIN IN NARRATIVE),IL,2021,UNKNOWN,PASSENGER,UNKNOWN/NA,UNKNOWN,UNKNOWN/NA,,,1,,,,,,,,,,,,,,,,,Y,UNKNOWN,,,,,,,,,,,,,,,,,,,,,,,,,,,,,,,,,
2131343,62913f688337e922a8ef5ccfac54d583fe57996ac4426cd1f2e1b36927ef2fc6ca44db2c4d636e16a41b22fc888c8526e2842efaabf56ffc0f704bd7392532c9,08/18/2025 03:07:00 PM,2,BICYCLE,,,,,,,,,,,,,,,,,,,,,,,,,,,,,,,,,,,,,,,,,,,,,,,,,,,,,,,,,,,,,,,,,,
2131367,083fa402e50890b028a9c808d435e9541d6777941bdfd4e702c0f7cd7ea5ac96031809d3be18cd89f2e8f165c1c40d7336fd1ae7e543d39aa1b564b3fe9e169d,08/18/2025 03:00:00 PM,1,DRIVER,,2031785,,TOYOTA,RAV4,IL,2014,UNKNOWN,PASSENGER,UNKNOWN/NA,S,MERGING,,,1,,,,,Y,,,,,,,,Y,Y,Y,Y,,FRONT-LEFT-CORNER,,,,,,,,,,,,,,,,,,,,,,,,,,,,,,,,,
2131368,083fa402e50890b028a9c808d435e9541d6777941bdfd4e702c0f7cd7ea5ac96031809d3be18cd89f2e8f165c1c40d7336fd1ae7e543d39aa1b564b3fe9e169d,08/18/2025 03:00:00 PM,2,DRIVER,,2031803,,CHRYSLER,TOWN & COUNTRY,IL,2009,UNKNOWN,PASSENGER,UNKNOWN/NA,S,STRAIGHT AHEAD,Y,,1,,PRIVATE TOW,UNK,,Y,Y,Y,Y,,,,,,N,Y,Y,,SIDE-RIGHT,,,,,,,,,,,,,,,,,,,,,,,,,,,,,,,,,
2131369,083fa402e50890b028a9c808d435e9541d6777941bdfd4e702c0f7cd7ea5ac96031809d3be18cd89f2e8f165c1c40d7336fd1ae7e543d39aa1b564b3fe9e169d,08/18/2025 03:00:00 PM,3,PARKED,1,2031814,,PORSCHE,CAYENNE,IL,2024,UNKNOWN,PASSENGER,UNKNOWN/NA,S,PARKED,,,1,,,,,Y,,,,Y,Y,Y,,,,Y,Y,,REAR,,,,,,,,,,,,,,,,,,,,,,,,,,,,,,,,,
2131370,083fa402e50890b028a9c808d435e9541d6777941bdfd4e702c0f7cd7ea5ac96031809d3be18cd89f2e8f165c1c40d7336fd1ae7e543d39aa1b564b3fe9e169d,08/18/2025 03:00:00 PM,4,PARKED,,2031822,,FORD,F150,IL,2018,OTHER,PASSENGER,UNKNOWN/NA,S,PARKED,,,0,,,,,,,,,Y,Y,Y,,,,,,,REAR,,,,,,,,,,,,,,,,,,,,,,,,,,,,,,,,,
2132026,12d85575a98c8adb8993620df42778c2ad41166005ad1286468a9b3bf4c16ce6503ca19e08d48eb4a1224214d03e8c1f9940380725412f9c06fcec7c3964aca1,08/18/2025 03:00:00 PM,1,DRIVER,,2032389,,TOYOTA,OTHER (EXPLAIN IN NARRATIVE),IL,2010,UNKNOWN,PASSENGER,PERSONAL,UNKNOWN,UNKNOWN/NA,,,1,,,,,Y,,,,,,,,,,Y,Y,,FRONT,,,,,,,,,,,,,,,,,,,,,,,,,,,,,,,,,
2132027,12d85575a98c8adb8993620df42778c2ad41166005ad1286468a9b3bf4c16ce6503ca19e08d48eb4a1224214d03e8c1f9940380725412f9c06fcec7c3964aca1,08/18/2025 03:00:00 PM,2,BICYCLE,,,,,,,,,,,,,,,,,,,,,,,,,,,,,,,,,,,,,,,,,,,,,,,,,,,,,,,,,,,,,,,,,,
2131338,84485c4f33b8acaf83b6c27ba917781a7cb03e1306db73791cf7856cdef8435ca5670648fe3dadde5470faa6ca6e7694cab60dc808cea6c29c66701cdb1c3dd0,08/18/2025 03:00:00 PM,1,DRIVER,,2031769,,FREIGHTLINER CORPORATION,OTHER (EXPLAIN IN NARRATIVE),IL,,NONE,TRACTOR W/ SEMI-TRAILER,COMMERCIAL - MULTI-UNIT,E,MERGING,,,1,,,,,,,,,,,Y,,,,,,,REAR-LEFT-CORNER,,,,,,,,,,,,,,,,,,,,,,,,,,,,,,,,,
2131339,84485c4f33b8acaf83b6c27ba917781a7cb03e1306db73791cf7856cdef8435ca5670648fe3dadde5470faa6ca6e7694cab60dc808cea6c29c66701cdb1c3dd0,08/18/2025 03:00:00 PM,2,DRIVER,,2031753,Y,FREIGHTLINER CORPORATION,OTHER (EXPLAIN IN NARRATIVE),IL,,NONE,TRACTOR W/ SEMI-TRAILER,COMMERCIAL - MULTI-UNIT,E,STRAIGHT AHEAD,,,1,,,,,Y,,,,,,,,,,,,,FRONT-RIGHT-CORNER,"22,022",2333549,,,,,,,,,,,N,N,,U,,N,U,,,,,,,,,TRACTOR/SEMI-TRAILER,VAN/ENCLOSED BOX,,N,N,
2131313,ab9ca5b250a27bc0004ede346b0256259900cd49107061a0077505e77c86a509d9236c3c1cac4409974efc9d766151f2fb0d7c445690e42a774a06572393f992,08/18/2025 03:00:00 PM,1,DRIVER,,2031733,,TOYOTA,CAMRY,IL,2016,NONE,PASSENGER,TAXI/FOR HIRE,W,STRAIGHT AHEAD,Y,,1,,PRIVATE INSURANCE,,,,,,,,,,,,,,,,FRONT,,,,,,,,,,,,,,,,,,,,,,,,,,,,,,,,,