CRASH_UNIT_ID,CRASH_RECORD_ID,CRASH_DATE,UNIT_NO,UNIT_TYPE,NUM_PASSENGERS,VEHICLE_ID,CMRC_VEH_I,MAKE,MODEL,LIC_PLATE_STATE,VEHICLE_YEAR,VEHICLE_DEFECT,VEHICLE_TYPE,VEHICLE_USE,TRAVEL_DIRECTION,MANEUVER,TOWED_I,FIRE_I,OCCUPANT_CNT,EXCEED_SPEED_LIMIT_I,TOWED_BY,TOWED_TO,AREA_00_I,AREA_01_I,AREA_02_I,AREA_03_I,AREA_04_I,AREA_05_I,AREA_06_I,AREA_07_I,AREA_08_I,AREA_09_I,AREA_10_I,AREA_11_I,AREA_12_I,AREA_99_I,FIRST_CONTACT_POINT,CMV_ID,USDOT_NO,CCMC_NO,ILCC_NO,COMMERCIAL_SRC,GVWR,CARRIER_NAME,CARRIER_STATE,CARRIER_CITY,HAZMAT_PLACARDS_I,HAZMAT_NAME,UN_NO,HAZMAT_PRESENT_I,HAZMAT_REPORT_I,HAZMAT_REPORT_NO,MCS_REPORT_I,MCS_REPORT_NO,HAZMAT_VIO_CAUSE_CRASH_I,MCS_VIO_CAUSE_CRASH_I,IDOT_PERMIT_NO,WIDE_LOAD_I,TRAILER1_WIDTH,TRAILER2_WIDTH,TRAILER1_LENGTH,TRAILER2_LENGTH,TOTAL_VEHICLE_LENGTH,AXLE_CNT,VEHICLE_CONFIG,CARGO_BODY_TYPE,LOAD_TYPE,HAZMAT_OUT_OF_SERVICE_I,MCS_OUT_OF_SERVICE_I,HAZMAT_CLASS
2131288,d20083bd5a6f308053d05200cf9047f5cd8e851995dc45e351a304dac0431cd00afbe058c94759fe4154dafc35bd2e7d5bf127e16182b373ba72af001a7cc0a1,08/18/2025 03:00:00 PM,1,DRIVER,,2031724,,FORD,F750,IL,2012,NONE,OTHER,CONSTRUCTION/MAINTENANCE,S,STRAIGHT AHEAD,,,1,,,,Y,,,,,,,,,,,,,,FRONT,,,,,,,,,,,,,,,,,,,,,,,,,,,,,,,,,
2131289,d20083bd5a6f308053d05200cf9047f5cd8e851995dc45e351a304dac0431cd00afbe058c94759fe4154dafc35bd2e7d5bf127e16182b373ba72af001a7cc0a1,08/18/2025 03:00:00 PM,2,DRIVER,,2031720,,TOYOTA,TACOMA,IL,2011,NONE,PICKUP,PERSONAL,S,SLOW/STOP IN TRAFFIC,,,1,,,,,,,,,,,,,,,,Y,,REAR,,,,,,,,,,,,,,,,,,,,,,,,,,,,,,,,,
2131290,d20083bd5a6f308053d05200cf9047f5cd8e851995dc45e351a304dac0431cd00afbe058c94759fe4154dafc35bd2e7d5bf127e16182b373ba72af001a7cc0a1,08/18/2025 03:00:00 PM,3,DRIVER,,2031713,,MERCEDES-BENZ,OTHER (EXPLAIN IN NARRATIVE),IL,2021,NONE,SPORT UTILITY VEHICLE (SUV),PERSONAL,S,SLOW/STOP IN TRAFFIC,,,1,,,,,,,,,,Y,Y,,,,,,,REAR,,,,,,,,,,,,,,,,,,,,,,,,,,,,,,,,,
2131303,e5e9a74ccb634dc79ab4ef36169fd245ed4681e6c003479d1306f144e4eab2a7798247c0fcf77be67bd635fa8e61c8aa0f2a5cb77989ad038f378588045361a0,08/18/2025 03:00:00 PM,1,DRIVER,,2031736,,TOYOTA,SIENNA,IL,2015,UNKNOWN,VAN/MINI-VAN,PERSONAL,E,STRAIGHT AHEAD,,,1,,,,,,Y,,,,,,,,N,,,,SIDE-RIGHT,,,,,,,,,,,,,,,,,,,,,,,,,,,,,,,,,
2131304,e5e9a74ccb634dc79ab4ef36169fd245ed4681e6c003479d1306f144e4eab2a7798247c0fcf77be67bd635fa8e61c8aa0f2a5cb77989ad038f378588045361a0,08/18/2025 03:00:00 PM,2,PARKED,1,2031738,,FORD,TRANSIT,IL,2019,NONE,VAN/MINI-VAN,NOT IN USE,E,PARKED,,,1,,,,,,,,,,,,,,Y,,,,SIDE-LEFT,,,,,,,,,,,,,,,,,,,,,,,,,,,,,,,,,
2131301,30f4b5aa6641d6d5ca9a6d2ef8c51c315c6500f6c9346c3d331f66309132921683bfc37e2053566a11e35d0ddf26417a97cbd9aa687c241de35ce382b646f929,08/18/2025 02:55:00 PM,1,DRIVER,,2031731,,UNKNOWN,OTHER (EXPLAIN IN NARRATIVE),IL,,UNKNOWN,UNKNOWN/NA,UNKNOWN/NA,SE,TURNING RIGHT,,,1,,,,,,,,,,,,,,,,,Y,UNKNOWN,,,,,,,,,,,,,,,,,,,,,,,,,,,,,,,,,
2131302,30f4b5aa6641d6d5ca9a6d2ef8c51c315c6500f6c9346c3d331f66309132921683bfc37e2053566a11e35d0ddf26417a97cbd9aa687c241de35ce382b646f929,08/18/2025 02:55:00 PM,2,DRIVER,2,2031744,,CHEVROLET,EQUINOX,IL,2017,NONE,SPORT UTILITY VEHICLE (SUV),PERSONAL,N,STRAIGHT AHEAD,,,3,,,,,,,,,,,,,,Y,Y,,,FRONT-LEFT-CORNER,,,,,,,,,,,,,,,,,,,,,,,,,,,,,,,,,
2131374,343e0edc1fc452ca1878a5158ccb4bc7da9c92cb84e098ecbedb28964b293d2b18bf1aef0d0a63ede2806987640c9c98fecc46ce16f798d5bd8abfcbdb9c27ce,08/18/2025 02:50:00 PM,1,DRIVER,,2031783,,TOYOTA,COROLLA,IL,2013,NONE,PASSENGER,PERSONAL,N,TURNING RIGHT,,,1,,,,,,,,,,,,,,,,Y,,FRONT,,,,,,,,,,,,,,,,,,,,,,,,,,,,,,,,,
2131375,343e0edc1fc452ca1878a5158ccb4bc7da9c92cb84e098ecbedb28964b293d2b18bf1aef0d0a63ede2806987640c9c98fecc46ce16f798d5bd8abfcbdb9c27ce,08/18/2025 02:50:00 PM,2,DRIVER,,2031789,,HONDA,CR-V,IL,2012,NONE,SPORT UTILITY VEHICLE (SUV),PERSONAL,N,TURNING LEFT,,,1,,,,,,,,,,,,,,,,,Y,SIDE-RIGHT,,,,,,,,,,,,,,,,,,,,,,,,,,,,,,,,,
2131956,54a9e5b84b85d011b09bd06ddd4b20ed033eecf6275823cd933c69c8610ed80b207565934150355d3c58982fe4651a642b4cce3d697c89fce8436bab793c106e,08/18/2025 02:50:00 PM,1,DRIVER,,2032332,,TOYOTA,SIENNA,,2015,UNKNOWN,PASSENGER,PERSONAL,W,STRAIGHT AHEAD,,,1,,,,,Y,Y,,,,,,,,,,,,FRONT-RIGHT-CORNER,,,,,,,,,,,,,,,,,,,,,,,,,,,,,,,,,
2131957,54a9e5b84b85d011b09bd06ddd4b20ed033eecf6275823cd933c69c8610ed80b207565934150355d3c58982fe4651a642b4cce3d697c89fce8436bab793c106e,08/18/2025 02:50:00 PM,2,PARKED,,2032335,,CHEVROLET,MALIBU,IL,2015,UNKNOWN,PASSENGER,NOT IN USE,S,PARKED,,,0,,,,,,,,,,Y,,,,,,,,REAR,,,,,,,,,,,,,,,,,,,,,,,,,,,,,,,,,
2132059,79b687da3d4dc93b408d8cd6edb6ddbea7f3b0ab615ee0c745a2af50e8ac0c3afddef57f1471d506cdb2b9e588f389ce07ffbbef63234fbae525b60591b61197,08/18/2025 02:45:00 PM,1,DRIVER,,2032428,,UNKNOWN,OTHER (EXPLAIN IN NARRATIVE),IL,,NONE,PASSENGER,UNKNOWN/NA,UNKNOWN,STRAIGHT AHEAD,,,1,,,,,,,,,,,,,,,,,Y,UNKNOWN,,,,,,,,,,,,,,,,,,,,,,,,,,,,,,,,,
2132060,79b687da3d4dc93b408d8cd6edb6ddbea7f3b0ab615ee0c745a2af50e8ac0c3afddef57f1471d506cdb2b9e588f389ce07ffbbef63234fbae525b60591b61197,08/18/2025 02:45:00 PM,2,PEDESTRIAN,,,,,,,,,,,,,,,,,,,,,,,,,,,,,,,,,,,,,,,,,,,,,,,,,,,,,,,,,,,,,,,,,,
2131283,9bd9a6722501c9c7437bc933461c702d4d40ba37314b8c2eeda11b3a5a1c7c5b55308538ffd9455028753c74b733a19e50deec1620b67abd769b9dd60cbe0c48,08/18/2025 02:45:00 PM,1,DRIVER,,2031711,,MAZDA,CX-5,IL,2013,NONE,SPORT UTILITY VEHICLE (SUV),PERSONAL,N,STRAIGHT AHEAD,,,1,,,,,Y,Y,Y,Y,Y,,,,,,,,,SIDE-RIGHT,,,,,,,,,,,,,,,,,,,,,,,,,,,,,,,,,
2131284,9bd9a6722501c9c7437bc933461c702d4d40ba37314b8c2eeda11b3a5a1c7c5b55308538ffd9455028753c74b733a19e50deec1620b67abd769b9dd60cbe0c48,08/18/2025 02:45:00 PM,2,DRIVER,,2031719,,CHEVROLET,BLAZER,IL,2022,NONE,SPORT UTILITY VEHICLE (SUV),PERSONAL,N,STRAIGHT AHEAD,,,1,,,,,,,,,,,Y,Y,Y,Y,Y,,,SIDE-LEFT,,,,,,,,,,,,,,,,,,,,,,,,,,,,,,,,,
2131327,b74c82b0c5a390ca9e74a30048582968c31585855d3180b2b93b1f704ab70112c1ddc583383c1703835ac1ae9b840a1f11585149ce42a6b291df298b6c3a1ffa,08/18/2025 02:45:00 PM,1,DRIVER,,2031763,,MITSUBISHI,OUTLANDER,IL,2019,UNKNOWN,SPORT UTILITY VEHICLE (SUV),PERSONAL,S,U-TURN,,,1,,,,,,,,,,,,,,,Y,,,FRONT-LEFT-CORNER,,,,,,,,,,,,,,,,,,,,,,,,,,,,,,,,,
2131328,b74c82b0c5a390ca9e74a30048582968c31585855d3180b2b93b1f704ab70112c1ddc583383c1703835ac1ae9b840a1f11585149ce42a6b291df298b6c3a1ffa,08/18/2025 02:45:00 PM,2,DRIVER,,2031895,,HYUNDAI,GENESIS,IL,2015,NONE,PASSENGER,PERSONAL,S,STRAIGHT AHEAD,,,1,,,,,,Y,Y,Y,,,,,,,,,,SIDE-RIGHT-FRONT,,,,,,,,,,,,,,,,,,,,,,,,,,,,,,,,,
2131305,cfdc63fe41094cbe511869ced83fb796fca68a124383943302afa00a523f7c7d16208fc40397036706f7ac509594de0a4338905399574ba5f448244c9b4dcd72,08/18/2025 02:45:00 PM,1,DRIVER,1,2031727,,TOYOTA,OTHER (EXPLAIN IN NARRATIVE),IL,2010,UNKNOWN,PASSENGER,PERSONAL,W,ENTERING TRAFFIC LANE FROM PARKING,,,2,,,,,,,,,,,,,,Y,Y,,,FRONT-LEFT-CORNER,,,,,,,,,,,,,,,,,,,,,,,,,,,,,,,,,
2131306,cfdc63fe41094cbe511869ced83fb796fca68a124383943302afa00a523f7c7d16208fc40397036706f7ac509594de0a4338905399574ba5f448244c9b4dcd72,08/18/2025 02:45:00 PM,2,DRIVER,,2031737,,HONDA,CR-V,IL,2024,UNKNOWN,PASSENGER,PERSONAL,W,STRAIGHT AHEAD,Y,,1,,AAA,,,,,Y,Y,Y,,,,,,,,,REAR-RIGHT-CORNER,,,,,,,,,,,,,,,,,,,,,,,,,,,,,,,,,
2131323,77cca8c9a0781bdeec464866516ad78bb81c5b57a916c862273a411d35307a39d852472c3b9a708c8b1c8459a5e946d46eea0bee5b804071bba044397aded9cb,08/18/2025 02:43:00 PM,1,DRIVER,1,2031748,,CHEVROLET,MALIBU,IN,2010,UNKNOWN,PASSENGER,PERSONAL,E,TURNING LEFT,,,2,,,,,Y,Y,,,,,,,,,,,,FRONT-RIGHT-CORNER,,,,,,,,,,,,,,,,,,,,,,,,,,,,,,,,,
2131324,77cca8c9a0781bdeec464866516ad78bb81c5b57a916c862273a411d35307a39d852472c3b9a708c8b1c8459a5e946d46eea0bee5b804071bba044397aded9cb,08/18/2025 02:43:00 PM,2,DRIVER,,2031754,,HONDA,PILOT,IL,2021,UNKNOWN,PASSENGER,PERSONAL,N,STRAIGHT AHEAD,Y,,1,,private tow,,,,,,,,,,,,Y,Y,N,,FRONT-LEFT-CORNER,,,,,,,,,,,,,,,,,,,,,,,,,,,,,,,,,
2131271,e2bd0a80da6a552c027c08c77b48496aa711726a325b5acd33f51d41e2a040ca97763f9dc0ad6efcfc733807c28332398f568f244a882ba6182a9ee2665cdfe9,08/18/2025 02:34:00 PM,1,DRIVER,,2031699,,UNKNOWN,OTHER (EXPLAIN IN NARRATIVE),,,UNKNOWN,SPORT UTILITY VEHICLE (SUV),UNKNOWN/NA,N,STRAIGHT AHEAD,,,1,,,,,,,,,,,,,,,,,,UNKNOWN,,,,,,,,,,,,,,,,,,,,,,,,,,,,,,,,,
2131272,e2bd0a80da6a552c027c08c77b48496aa711726a325b5acd33f51d41e2a040ca97763f9dc0ad6efcfc733807c28332398f568f244a882ba6182a9ee2665cdfe9,08/18/2025 02:34:00 PM,2,PARKED,,2031700,,NISSAN,ROGUE,IL,2025,NONE,SPORT UTILITY VEHICLE (SUV),NOT IN USE,N,PARKED,,,0,,,,,,,,,,,,,,Y,,,,SIDE-LEFT,,,,,,,,,,,,,,,,,,,,,,,,,,,,,,,,,
2131352,68fd2c83c46827dc9b61cea74f6457edfa7b71fad9d1268ba33e3320e7270fc04f66bf1a5276fbe8c15ea296c56425d7be782751876272b033582d6759c78a54,08/18/2025 02:33:00 PM,1,DRIVER,,2031775,Y,FREIGHTLINER CORPORATION,FREIGHTLINER CORP.,WI,2022,UNKNOWN,TRACTOR W/ SEMI-TRAILER,COMMERCIAL - SINGLE UNIT,E,STRAIGHT AHEAD,,,1,,,,,,,,,,,,,,,,,,TOP,"22,025",100139,,,,1,KREILKAMP TRUCKING INC,WI,ALLENTON,,,,N,N,,N,,N,N,,,,,,,,3,TRACTOR/SEMI-TRAILER,VAN/ENCLOSED BOX,UNKNOWN,N,N,
2132001,4b99d4f89892a625680bb6385ad3cc638ad0f3a4a45b716d60ac59f74fcc0c5c242fefe989ca638cad744afaaddff68727df049fe2d0b7504978033edec669eb,08/18/2025 02:30:00 PM,1,DRIVER,,2032368,,CHEVROLET,TRAVERSE,IL,2018,NONE,SPORT UTILITY VEHICLE (SUV),PERSONAL,S,STRAIGHT AHEAD,,,1,,,,,,,,,,,,,,,,Y,,FRONT,,,,,,,,,,,,,,,,,,,,,,,,,,,,,,,,,
2132002,4b99d4f89892a625680bb6385ad3cc638ad0f3a4a45b716d60ac59f74fcc0c5c242fefe989ca638cad744afaaddff68727df049fe2d0b7504978033edec669eb,08/18/2025 02:30:00 PM,2,DRIVER,,2032370,,SUBARU,OTHER (EXPLAIN IN NARRATIVE),IL,2017,NONE,PASSENGER,PERSONAL,S,STRAIGHT AHEAD,,,1,,,,,,,,,,Y,,,,,,,,REAR,,,,,,,,,,,,,,,,,,,,,,,,,,,,,,,,,
2131307,70356057b9ef2081a8f6627a62476f23757f223a74f98639b509abffd928bc9bdeb6cae38d72b038609afbaf9f83a9ad5621549cb238f70b2189f0e25bc8f3dd,08/18/2025 02:30:00 PM,1,PARKED,3,2031729,,SUBARU,STANDAR,IL,2025,UNKNOWN,PASSENGER,PERSONAL,W,PARKED,,,3,,,,,,,,,,,N,Y,,,,,Y,SIDE-LEFT,,,,,,,,,,,,,,,,,,,,,,,,,,,,,,,,,
2131308,70356057b9ef2081a8f6627a62476f23757f223a74f98639b509abffd928bc9bdeb6cae38d72b038609afbaf9f83a9ad5621549cb238f70b2189f0e25bc8f3dd,08/18/2025 02:30:00 PM,2,DRIVER,,2031755,,"SEAGRAVE FIRE APPARTUS, CLINTONVILLE,WI","SEAGRAVE FIRE APPARTUS, CLINTONVILLE,WI",IL,,UNKNOWN,TRUCK - SINGLE UNIT,FIRE,W,STRAIGHT AHEAD,,,1,,,,,,Y,Y,,,,,,,,,,Y,SIDE-RIGHT,,,,,,,,,,,,,,,,,,,,,,,,,,,,,,,,,
2131311,931eb452da668bd432ad350dc60e051c9aef52c6c4445000e2dbd51eff4b1ee55ea3ddbce0f96ecc50e2f35886d3d032238120dddecee7292b7f729492a807a1,08/18/2025 02:30:00 PM,1,DRIVER,,2031725,,UNKNOWN,OTHER (EXPLAIN IN NARRATIVE),,,UNKNOWN,UNKNOWN/NA,UNKNOWN/NA,E,STRAIGHT AHEAD,,,1,,,,,,,,,,,,,,,,Y,,FRONT,,,,,,,,,,,,,,,,,,,,,,,,,,,,,,,,,
2131312,931eb452da668bd432ad350dc60e051c9aef52c6c4445000e2dbd51eff4b1ee55ea3ddbce0f96ecc50e2f35886d3d032238120dddecee7292b7f729492a807a1,08/18/2025 02:30:00 PM,2,DRIVER,,2031732,,GENERAL MOTORS CORPORATION (GMC),TERRAIN,IL,2012,NONE,PASSENGER,PERSONAL,E,STRAIGHT AHEAD,,,1,,,,,,,,,,Y,,,,,,,,REAR,,,,,,,,,,,,,,,,,,,,,,,,,,,,,,,,,
2131297,9c974af6fe54e430b943c12c47a7fa2a20c44cc8e1c36510945017090a373948410069f0c389f46b50e3d671034c6497199aae8130291fc384dc2038e32f2247,08/18/2025 02:30:00 PM,2,DRIVER,,2031726,,TOYOTA,COROLLA,IL,2020,NONE,PASSENGER,PERSONAL,E,TURNING LEFT,,,1,,,,,Y,Y,,,,,,,,,,,,SIDE-RIGHT,,,,,,,,,,,,,,,,,,,,,,,,,,,,,,,,,
2131298,9c974af6fe54e430b943c12c47a7fa2a20c44cc8e1c36510945017090a373948410069f0c389f46b50e3d671034c6497199aae8130291fc384dc2038e32f2247,08/18/2025 02:30:00 PM,1,DRIVER,,2031739,,TOYOTA,RAV4,IL,2025,NONE,PASSENGER,PERSONAL,N,STRAIGHT AHEAD,,,1,,,,,,,,,,,,,,Y,Y,,,SIDE-LEFT,,,,,,,,,,,,,,,,,,,,,,,,,,,,,,,,,
2131281,a575752ddcadf61a72e7a2dc73add7ee332581bcdb21f570a8a9070f1cc1b7192df38c3ad5d50f1d5e1f120e629dce08391f7de796c65379ce313882f30baa76,08/18/2025 02:25:00 PM,1,DRIVER,,2031706,,FREIGHTLINER CORPORATION,OTHER (EXPLAIN IN NARRATIVE),NY,2022,NONE,TRACTOR W/ SEMI-TRAILER,COMMERCIAL - MULTI-UNIT,S,BACKING,,,1,,,,,,,,,Y,,,,,,,,,REAR-RIGHT-CORNER,,,,,,,,,,,,,,,,,,,,,,,,,,,,,,,,,
2131282,a575752ddcadf61a72e7a2dc73add7ee332581bcdb21f570a8a9070f1cc1b7192df38c3ad5d50f1d5e1f120e629dce08391f7de796c65379ce313882f30baa76,08/18/2025 02:25:00 PM,2,DRIVER,,2031712,,FREIGHTLINER CORPORATION,FREIGHTLINER CORP.,CA,2023,NONE,TRACTOR W/O SEMI-TRAILER,COMMERCIAL - MULTI-UNIT,S,STRAIGHT AHEAD,,,1,,,,,,,,,,,,,,Y,,,,SIDE-LEFT,,,,,,,,,,,,,,,,,,,,,,,,,,,,,,,,,
2133819,aab2ea97f0a405757880f914fa12a6bd17d57e4fcc15a3832550d9e8b0e4f07398a4630977fcfac9c1fe91cd145c44309d2f89f8379e07c69f23ab52e1ccd5a1,08/18/2025 02:23:00 PM,1,DRIVER,1,2034107,,FORD,FOCUS,IL,2013,NONE,PASSENGER,PERSONAL,E,STRAIGHT AHEAD,,,2,,,,,Y,Y,,,,,,,,,,Y,,FRONT-RIGHT-CORNER,,,,,,,,,,,,,,,,,,,,,,,,,,,,,,,,,
2133820,aab2ea97f0a405757880f914fa12a6bd17d57e4fcc15a3832550d9e8b0e4f07398a4630977fcfac9c1fe91cd145c44309d2f89f8379e07c69f23ab52e1ccd5a1,08/18/2025 02:23:00 PM,2,DRIVER,,2034108,,HONDA,FIT,IL,2018,NONE,PASSENGER,PERSONAL,S,STRAIGHT AHEAD,,,1,,,,,,,,,,,,Y,Y,,,,,SIDE-LEFT,,,,,,,,,,,,,,,,,,,,,,,,,,,,,,,,,
2131293,7ddfb3b76c1d61cac0c271788395b36c078cc0b8304fa7f25bd7f6a86ef3bad15b6aa1a82d57605f1cd865be00d82b46e8160a69af65952319d90da36386db5c,08/18/2025 02:21:00 PM,1,DRIVER,,2031716,,HONDA,OTHER (EXPLAIN IN NARRATIVE),IL,2012,UNKNOWN,PASSENGER,UNKNOWN/NA,NW,MERGING,Y,,1,,,,,Y,,,,,,,,,,Y,Y,,FRONT-RIGHT-CORNER,,,,,,,,,,,,,,,,,,,,,,,,,,,,,,,,,
2131294,7ddfb3b76c1d61cac0c271788395b36c078cc0b8304fa7f25bd7f6a86ef3bad15b6aa1a82d57605f1cd865be00d82b46e8160a69af65952319d90da36386db5c,08/18/2025 02:21:00 PM,2,DRIVER,,2031722,,TOYOTA,RAV4,IL,2025,UNKNOWN,PASSENGER,UNKNOWN/NA,NW,STRAIGHT AHEAD,,,1,,,,,,,,,,,Y,Y,Y,,,,,REAR-LEFT-CORNER,,,,,,,,,,,,,,,,,,,,,,,,,,,,,,,,,
2131948,40185db4d533b06d24346e5a20febb2e2b7fa9a020895988f208888ea616ec47f4cafdc791fb6f38de935c8cde82fd140e990c7c71e9b0b2a5e115dd774fc930,08/18/2025 02:20:00 PM,1,DRIVER,,2032324,,CHEVROLET,BLAZER,IL,2013,NONE,PASSENGER,PERSONAL,S,STRAIGHT AHEAD,,,1,,,,,,,,,,,,,,,,,Y,UNKNOWN,,,,,,,,,,,,,,,,,,,,,,,,,,,,,,,,,
2131949,40185db4d533b06d24346e5a20febb2e2b7fa9a020895988f208888ea616ec47f4cafdc791fb6f38de935c8cde82fd140e990c7c71e9b0b2a5e115dd774fc930,08/18/2025 02:20:00 PM,2,DRIVER,,2032326,,LEXUS,300,IL,2019,NONE,PASSENGER,PERSONAL,W,STRAIGHT AHEAD,,,1,,,,,,,Y,Y,,,,,,,,,,REAR-RIGHT-CORNER,,,,,,,,,,,,,,,,,,,,,,,,,,,,,,,,,
2131340,77bac5d6736a80450755364f65638a921a2c0c8ac1d7ef1c5cd4bf6d724b8056947ebfab09d8aeac2f29d432434b223a8f260164dad386a6dc20c290e9c097ab,08/18/2025 02:15:00 PM,1,DRIVER,,2031751,,UNKNOWN,OTHER (EXPLAIN IN NARRATIVE),IL,,UNKNOWN,UNKNOWN/NA,UNKNOWN/NA,W,PASSING/OVERTAKING,,,1,,,,,,,,,,,,,,,,,Y,UNKNOWN,,,,,,,,,,,,,,,,,,,,,,,,,,,,,,,,,
2131341,77bac5d6736a80450755364f65638a921a2c0c8ac1d7ef1c5cd4bf6d724b8056947ebfab09d8aeac2f29d432434b223a8f260164dad386a6dc20c290e9c097ab,08/18/2025 02:15:00 PM,2,DRIVER,,2031760,,FORD,TRANSIT,IL,2020,NONE,VAN/MINI-VAN,OTHER,W,STRAIGHT AHEAD,,,1,,,,,Y,,,,,,,,,,,,,FRONT-RIGHT-CORNER,,,,,,,,,,,,,,,,,,,,,,,,,,,,,,,,,
2131291,c2b5ee5d3326b9f43fb9a96478b551044d0b0801ae205a911d2e2cf763da60792c4b2da810a11d87dea211fd8487ffecca27a2fedd10d6745f231030bab16478,08/18/2025 02:15:00 PM,1,BICYCLE,,,,,,,,,,,,,,,,,,,,,,,,,,,,,,,,,,,,,,,,,,,,,,,,,,,,,,,,,,,,,,,,,,
2131292,c2b5ee5d3326b9f43fb9a96478b551044d0b0801ae205a911d2e2cf763da60792c4b2da810a11d87dea211fd8487ffecca27a2fedd10d6745f231030bab16478,08/18/2025 02:15:00 PM,2,DRIVER,,2031717,,JEEP,GRAND CHEROKEE,IL,2012,NONE,PASSENGER,PERSONAL,S,ENTERING TRAFFIC LANE FROM PARKING,,,1,,,,,Y,,,,,,,,,,,Y,,FRONT-RIGHT-CORNER,,,,,,,,,,,,,,,,,,,,,,,,,,,,,,,,,
2131709,5ec898c44f9ee75428ec91df8ab6c301ea0c5a7bc8f8073d073de425017e0d1e83114b20f3a2ac3e5aa105fb3fc766488cfb804b77d093d9fb7ac469f9dc4b01,08/18/2025 02:10:00 PM,1,DRIVER,,2032108,,TOYOTA,COROLLA,IL,2008,NONE,PASSENGER,PERSONAL,W,TURNING LEFT,,,1,,,,,Y,,,,,,,,,,,Y,,FRONT-RIGHT-CORNER,,,,,,,,,,,,,,,,,,,,,,,,,,,,,,,,,
2131710,5ec898c44f9ee75428ec91df8ab6c301ea0c5a7bc8f8073d073de425017e0d1e83114b20f3a2ac3e5aa105fb3fc766488cfb804b77d093d9fb7ac469f9dc4b01,08/18/2025 02:10:00 PM,2,DRIVER,,2032109,,CHEVROLET,HHR,IL,2008,NONE,PASSENGER,PERSONAL,E,STRAIGHT AHEAD,,,1,,,,,,,,,,,,Y,Y,Y,Y,,,SIDE-LEFT,,,,,,,,,,,,,,,,,,,,,,,,,,,,,,,,,
2131275,ad5800189b247aba44343eabad5f84f291761576050d9cd559667a8aed3542d501c6dfbbc9d7c702162ea2efcf79c8cff3d5d7e753cc798321759368315ee454,08/18/2025 02:10:00 PM,1,DRIVER,,2031704,,JEEP,CHEROKEE,IL,2022,NONE,SPORT UTILITY VEHICLE (SUV),PERSONAL,NE,U-TURN,,,1,,,,,Y,Y,,,,,,,,,,,,FRONT-RIGHT-CORNER,,,,,,,,,,,,,,,,,,,,,,,,,,,,,,,,,
2131276,ad5800189b247aba44343eabad5f84f291761576050d9cd559667a8aed3542d501c6dfbbc9d7c702162ea2efcf79c8cff3d5d7e753cc798321759368315ee454,08/18/2025 02:10:00 PM,2,DRIVER,,2031708,,DODGE,RAM 1500 PU,IL,2013,NONE,PICKUP,PERSONAL,W,STRAIGHT AHEAD,,,1,,,,,,,,,,,,,,,Y,,,FRONT-LEFT-CORNER,,,,,,,,,,,,,,,,,,,,,,,,,,,,,,,,,
2132044,aeaa06b8e45ae403ab4fe944f5a34ba6536711a67cd4b251148df6bde8290dd025527f3c721cda6bb2f1a9016a6bae3d640c970be4275ddd6784fbe829dd1ef5,08/18/2025 02:10:00 PM,1,DRIVER,,2032410,,TOYOTA,CAMRY,IL,2015,NONE,PASSENGER,PERSONAL,N,STRAIGHT AHEAD,,,1,,,,,Y,,,,,,,,,,Y,Y,,FRONT,,,,,,,,,,,,,,,,,,,,,,,,,,,,,,,,,
2132045,aeaa06b8e45ae403ab4fe944f5a34ba6536711a67cd4b251148df6bde8290dd025527f3c721cda6bb2f1a9016a6bae3d640c970be4275ddd6784fbe829dd1ef5,08/18/2025 02:10:00 PM,2,DRIVER,,2032406,,HYUNDAI,GENESIS,IL,2026,NONE,PASSENGER,PERSONAL,N,STRAIGHT AHEAD,,,1,,,,,,,,,Y,Y,Y,,,,,,,REAR,,,,,,,,,,,,,,,,,,,,,,,,,,,,,,,,,
2131373,0ee1f78f0d5988f6057879efe21c552b53814ff81cb3d66e75824b1bfb900c83c9aab91d419ce7fb5ad2012ab70d20ba2578a7e4129ac70ded10147b0ae21698,08/18/2025 02:07:00 PM,1,DRIVER,,2031780,,NISSAN,ROGUE,IL,2017,NONE,PASSENGER,PERSONAL,N,CHANGING LANES,Y,,1,,CITY OF CHICAGO,103RD / DOTY,,,,,,,,,,,Y,Y,,,FRONT-LEFT-CORNER,,,,,,,,,,,,,,,,,,,,,,,,,,,,,,,,,
2131386,0ee1f78f0d5988f6057879efe21c552b53814ff81cb3d66e75824b1bfb900c83c9aab91d419ce7fb5ad2012ab70d20ba2578a7e4129ac70ded10147b0ae21698,08/18/2025 02:07:00 PM,2,DRIVER,,2031797,,CHEVROLET,TRAVERSE,IN,2022,NONE,PASSENGER,PERSONAL,N,STRAIGHT AHEAD,Y,,1,,PRIVATE,UNKNOWN,,Y,Y,Y,,,,,,,,,Y,,SIDE-LEFT,,,,,,,,,,,,,,,,,,,,,,,,,,,,,,,,,