CRASH_UNIT_ID,CRASH_RECORD_ID,CRASH_DATE,UNIT_NO,UNIT_TYPE,NUM_PASSENGERS,VEHICLE_ID,CMRC_VEH_I,MAKE,MODEL,LIC_PLATE_STATE,VEHICLE_YEAR,VEHICLE_DEFECT,VEHICLE_TYPE,VEHICLE_USE,TRAVEL_DIRECTION,MANEUVER,TOWED_I,FIRE_I,OCCUPANT_CNT,EXCEED_SPEED_LIMIT_I,TOWED_BY,TOWED_TO,AREA_00_I,AREA_01_I,AREA_02_I,AREA_03_I,AREA_04_I,AREA_05_I,AREA_06_I,AREA_07_I,AREA_08_I,AREA_09_I,AREA_10_I,AREA_11_I,AREA_12_I,AREA_99_I,FIRST_CONTACT_POINT,CMV_ID,USDOT_NO,CCMC_NO,ILCC_NO,COMMERCIAL_SRC,GVWR,CARRIER_NAME,CARRIER_STATE,CARRIER_CITY,HAZMAT_PLACARDS_I,HAZMAT_NAME,UN_NO,HAZMAT_PRESENT_I,HAZMAT_REPORT_I,HAZMAT_REPORT_NO,MCS_REPORT_I,MCS_REPORT_NO,HAZMAT_VIO_CAUSE_CRASH_I,MCS_VIO_CAUSE_CRASH_I,IDOT_PERMIT_NO,WIDE_LOAD_I,TRAILER1_WIDTH,TRAILER2_WIDTH,TRAILER1_LENGTH,TRAILER2_LENGTH,TOTAL_VEHICLE_LENGTH,AXLE_CNT,VEHICLE_CONFIG,CARGO_BODY_TYPE,LOAD_TYPE,HAZMAT_OUT_OF_SERVICE_I,MCS_OUT_OF_SERVICE_I,HAZMAT_CLASS
2131242,44abf9ee927b6a92d1a61047d9eb629fe0bc959814991c316367b7c60ce2b63ed975b068c0a082835e88049ff7092a71a330081015c5e17b2cc821aab24eab1c,08/18/2025 02:06:00 PM,1,DRIVER,,2031673,,DODGE,RAM 1500 VAN,IL,2016,UNKNOWN,VAN/MINI-VAN,UNKNOWN/NA,W,STRAIGHT AHEAD,,,1,,,,,Y,,,,,,,,,,,,,FRONT-RIGHT-CORNER,,,,,,,,,,,,,,,,,,,,,,,,,,,,,,,,,
2131243,44abf9ee927b6a92d1a61047d9eb629fe0bc959814991c316367b7c60ce2b63ed975b068c0a082835e88049ff7092a71a330081015c5e17b2cc821aab24eab1c,08/18/2025 02:06:00 PM,2,DRIVER,1,2031678,,BUICK,OTHER (EXPLAIN IN NARRATIVE),IL,2024,UNKNOWN,PASSENGER,UNKNOWN/NA,S,STRAIGHT AHEAD,,,2,,,,,,,,,,,Y,,,,Y,,,REAR-LEFT-CORNER,,,,,,,,,,,,,,,,,,,,,,,,,,,,,,,,,
2131376,32697bf79215d293aa20c6ee98b930f5bcc8d9652f80af076e900eab165f4279ebe68950efd3e9c99e0c4c6f1ae04ca954ba2704f737d49e8408fee114273ba1,08/18/2025 02:00:00 PM,1,DRIVER,,2031792,,FORD,F150,IL,2014,UNKNOWN,PICKUP,PERSONAL,N,STRAIGHT AHEAD,,,1,,,,,N,N,N,N,,,,,,,,Y,,FRONT,,,,,,,,,,,,,,,,,,,,,,,,,,,,,,,,,
2131377,32697bf79215d293aa20c6ee98b930f5bcc8d9652f80af076e900eab165f4279ebe68950efd3e9c99e0c4c6f1ae04ca954ba2704f737d49e8408fee114273ba1,08/18/2025 02:00:00 PM,2,DRIVER,1,2031811,,TOYOTA,HIGHLANDER,IL,2018,UNKNOWN,PASSENGER,PERSONAL,E,STRAIGHT AHEAD,,,2,,,,,,Y,Y,Y,,,,,,,,,,SIDE-RIGHT,,,,,,,,,,,,,,,,,,,,,,,,,,,,,,,,,
2131250,c4fd2f450347be618583bc9bc28414664eec802d1bd5611ab5a8a5c6d1c980c2fb7657e852ca0588e02751f3f6023d50e332f02bbee80e484dfe6a165d6ee8a0,08/18/2025 01:48:00 PM,1,DRIVER,,2031677,,FORD,TRANSIT,IL,2016,NONE,OTHER,PERSONAL,S,BACKING,,,1,,,,,,,,,,,Y,,,,,,,REAR-LEFT-CORNER,,,,,,,,,,,,,,,,,,,,,,,,,,,,,,,,,
2131251,c4fd2f450347be618583bc9bc28414664eec802d1bd5611ab5a8a5c6d1c980c2fb7657e852ca0588e02751f3f6023d50e332f02bbee80e484dfe6a165d6ee8a0,08/18/2025 01:48:00 PM,2,DRIVER,,2031683,,JEEP,COMPASS,MO,2025,NONE,PASSENGER,PERSONAL,N,STRAIGHT AHEAD,,,1,,,,,,,,,,,,,,,Y,,,FRONT-RIGHT-CORNER,,,,,,,,,,,,,,,,,,,,,,,,,,,,,,,,,
2131494,f0ef5d9c554f3e5406481c52787de142abb1810f05bb3bcc1d0cc7ddd5dc5282992b24124cb975dd1cdcc5e39ae078bef1494798403fcfe3a41c8153f220ac66,08/18/2025 01:44:00 PM,1,DRIVER,3,2031934,,KIA,SORENTO,IL,2025,UNKNOWN,PASSENGER,PERSONAL,N,TURNING RIGHT,,,4,,,,,,Y,Y,Y,,,,,,,,,,SIDE-RIGHT,,,,,,,,,,,,,,,,,,,,,,,,,,,,,,,,,
2131495,f0ef5d9c554f3e5406481c52787de142abb1810f05bb3bcc1d0cc7ddd5dc5282992b24124cb975dd1cdcc5e39ae078bef1494798403fcfe3a41c8153f220ac66,08/18/2025 01:44:00 PM,2,DRIVER,,2031954,,JEEP,COMPASS,IL,2018,UNKNOWN,PASSENGER,PERSONAL,N,TURNING RIGHT,Y,,1,,Self tow,,,Y,,,,,,,,,,Y,Y,,FRONT,,,,,,,,,,,,,,,,,,,,,,,,,,,,,,,,,
2133197,67f4386a7af51cad31692c094eaa3169da18ddd5f83e83acbfd091dfb2ae0229f53c9ee5ee232ba99c372ca91f4595f1adc799da4b67d7b2e0fd5827210d1080,08/18/2025 01:40:00 PM,1,DRIVER,,2033509,,FORD,MUSTANG,IL,2006,UNKNOWN,PASSENGER,PERSONAL,S,STRAIGHT AHEAD,,,1,,,,,Y,,,,,,,,,,,Y,,FRONT-RIGHT-CORNER,,,,,,,,,,,,,,,,,,,,,,,,,,,,,,,,,
2133198,67f4386a7af51cad31692c094eaa3169da18ddd5f83e83acbfd091dfb2ae0229f53c9ee5ee232ba99c372ca91f4595f1adc799da4b67d7b2e0fd5827210d1080,08/18/2025 01:40:00 PM,2,DRIVER,,2033510,,MAZDA,CX-9,IL,2010,UNKNOWN,SPORT UTILITY VEHICLE (SUV),PERSONAL,W,STRAIGHT AHEAD,,,1,,,,,,,Y,Y,,,,,,,,,,SIDE-RIGHT,,,,,,,,,,,,,,,,,,,,,,,,,,,,,,,,,
2131244,95da23185444e5b81b768bbe137f681c1e121bb9f80cbf2befdb70e6f249abc7d5477369d7d7b576d9146b3acaccc91fe1f055846e4712d7d1b63193e30b146e,08/18/2025 01:40:00 PM,1,DRIVER,,2031671,,CHEVROLET,SILVERADO,IL,2001,UNKNOWN,PICKUP,UNKNOWN/NA,S,STRAIGHT AHEAD,Y,,1,,,,,Y,Y,,,,,,,,,,Y,,FRONT-RIGHT-CORNER,,,,,,,,,,,,,,,,,,,,,,,,,,,,,,,,,
2131245,95da23185444e5b81b768bbe137f681c1e121bb9f80cbf2befdb70e6f249abc7d5477369d7d7b576d9146b3acaccc91fe1f055846e4712d7d1b63193e30b146e,08/18/2025 01:40:00 PM,2,PARKED,,2031681,,CHRYSLER,300,IL,2000,UNKNOWN,PASSENGER,UNKNOWN/NA,S,PARKED,,,0,,,,,,,,,,,Y,,,,,,,REAR-LEFT-CORNER,,,,,,,,,,,,,,,,,,,,,,,,,,,,,,,,,
2131316,8a2f4d898377de0126c3d06409ee62c7ea42a2dfaf002711f4dd641a350cfd5def9cc8448f7246955dc003b5cc76d61270d3d8738414e961ffe1384312081d98,08/18/2025 01:30:00 PM,1,DRIVER,1,2031740,,FORD,FUSION,DC,2017,NONE,PASSENGER,PERSONAL,W,STRAIGHT AHEAD,,,2,,,,,Y,,,,,,,,,,Y,Y,,FRONT,,,,,,,,,,,,,,,,,,,,,,,,,,,,,,,,,
2131317,8a2f4d898377de0126c3d06409ee62c7ea42a2dfaf002711f4dd641a350cfd5def9cc8448f7246955dc003b5cc76d61270d3d8738414e961ffe1384312081d98,08/18/2025 01:30:00 PM,2,DRIVER,1,2031745,,TOYOTA,RAV4,IL,2025,NONE,SPORT UTILITY VEHICLE (SUV),RIDESHARE SERVICE,W,STRAIGHT AHEAD,,,2,,,,,,,,,Y,Y,Y,,,,,,,REAR,,,,,,,,,,,,,,,,,,,,,,,,,,,,,,,,,
2131425,9f92cf621f2dbd92462a64500a264e193ef36fbaadbbcbe482daf8a5adf7715f5bb8a3315e7220e465629f0f5d80bf2cd48cb0f2711b61da2fbfbb62a9e62bee,08/18/2025 01:30:00 PM,1,DRIVER,,2031846,,UNKNOWN,OTHER (EXPLAIN IN NARRATIVE),IL,,UNKNOWN,UNKNOWN/NA,UNKNOWN/NA,N,UNKNOWN/NA,,,1,,,,,,,,,,,,,,,,,Y,UNKNOWN,,,,,,,,,,,,,,,,,,,,,,,,,,,,,,,,,
2131426,9f92cf621f2dbd92462a64500a264e193ef36fbaadbbcbe482daf8a5adf7715f5bb8a3315e7220e465629f0f5d80bf2cd48cb0f2711b61da2fbfbb62a9e62bee,08/18/2025 01:30:00 PM,2,PARKED,,2031849,,ACURA,TLX,IL,2023,UNKNOWN,PASSENGER,UNKNOWN/NA,N,PARKED,,,0,,,,,Y,Y,,,,,,,,,,Y,,FRONT-RIGHT-CORNER,,,,,,,,,,,,,,,,,,,,,,,,,,,,,,,,,
2131240,00ef607dfa4785def10ad7acc8f1b95c511cc7d1f7c635294dadc9b18e985264793742bfab2d631f8b97632e4566108c546c240e8c85661d88e4577a4b4c8a33,08/18/2025 01:20:00 PM,1,DRIVER,,2031663,,TOYOTA,CAMRY,IL,2006,NONE,PASSENGER,PERSONAL,S,STRAIGHT AHEAD,,,1,,,,,,,,,,,,,,,,Y,,FRONT,,,,,,,,,,,,,,,,,,,,,,,,,,,,,,,,,
2131241,00ef607dfa4785def10ad7acc8f1b95c511cc7d1f7c635294dadc9b18e985264793742bfab2d631f8b97632e4566108c546c240e8c85661d88e4577a4b4c8a33,08/18/2025 01:20:00 PM,2,DRIVER,,2031669,,LINCOLN,NAVIGATOR,IL,2008,NONE,SPORT UTILITY VEHICLE (SUV),PERSONAL,S,STRAIGHT AHEAD,,,1,,,,,,,,,,Y,,,,,,,,REAR,,,,,,,,,,,,,,,,,,,,,,,,,,,,,,,,,
2131325,0d787ded0a775274c1735e7b88739718a69ad811217e4791fb67ae40c3ddc0dfa38baebcd9ff0f9a9cb8ad1aae59af4628f7af373a488469c6d665ff6ac5e272,08/18/2025 01:20:00 PM,1,DRIVER,,2031742,,NISSAN,ARMADA,IL,2011,UNKNOWN,SPORT UTILITY VEHICLE (SUV),UNKNOWN/NA,S,CHANGING LANES,,,1,,,,,,,,,,,,,,,,,Y,FRONT-RIGHT-CORNER,,,,,,,,,,,,,,,,,,,,,,,,,,,,,,,,,
2131326,0d787ded0a775274c1735e7b88739718a69ad811217e4791fb67ae40c3ddc0dfa38baebcd9ff0f9a9cb8ad1aae59af4628f7af373a488469c6d665ff6ac5e272,08/18/2025 01:20:00 PM,2,DRIVER,1,2031743,,CHEVROLET,IMPALA,IL,2008,NONE,PASSENGER,UNKNOWN/NA,S,STRAIGHT AHEAD,,,2,,,,,,,,,,,,Y,Y,,,,,SIDE-LEFT,,,,,,,,,,,,,,,,,,,,,,,,,,,,,,,,,
2131267,2ea2bd0fd405c91270806aec41a2fea4e8f7972450880e64c633e57a6481ae88078cfabe167fe00234c7d05296ef3053faf54f7ece8a7965de3937f4755d8d46,08/18/2025 01:15:00 PM,1,DRIVER,,2031698,,FORD,TRANSIT,IL,2010,NONE,VAN/MINI-VAN,OTHER,S,ENTERING TRAFFIC LANE FROM PARKING,,,1,,,,,,,,,,,,,,,Y,Y,,FRONT-LEFT-CORNER,,,,,,,,,,,,,,,,,,,,,,,,,,,,,,,,,
2131268,2ea2bd0fd405c91270806aec41a2fea4e8f7972450880e64c633e57a6481ae88078cfabe167fe00234c7d05296ef3053faf54f7ece8a7965de3937f4755d8d46,08/18/2025 01:15:00 PM,2,DRIVER,,2031691,,TOYOTA,COROLLA,IL,2010,NONE,PASSENGER,PERSONAL,S,STRAIGHT AHEAD,,,1,,,,,Y,,,,,,,,,,,,,FRONT-RIGHT-CORNER,,,,,,,,,,,,,,,,,,,,,,,,,,,,,,,,,
2131263,ef522c14333c3ae23754c9ed934d5a5df83fa4f067244520c1880ecfdcc74828e5540103bd5916bbcf4294b7e0edbcbcc1eb0f82c0767c8850ab34b11e013827,08/18/2025 01:15:00 PM,1,DRIVER,2,2031690,,DODGE,JOURNEY,VA,2020,NONE,SPORT UTILITY VEHICLE (SUV),PERSONAL,N,STRAIGHT AHEAD,Y,,3,,VEHICLE OWNER,VEHICLE OWNER,,Y,Y,,,,,,,,Y,Y,Y,,FRONT,,,,,,,,,,,,,,,,,,,,,,,,,,,,,,,,,
2131264,ef522c14333c3ae23754c9ed934d5a5df83fa4f067244520c1880ecfdcc74828e5540103bd5916bbcf4294b7e0edbcbcc1eb0f82c0767c8850ab34b11e013827,08/18/2025 01:15:00 PM,2,DRIVER,,2031701,,"PETERBILT MOTORS COMPANY (DIVISION OF PACCAR, INC.)","PETERBILT MOTORS CO., DIVISION PACCAR, INC.",WV,2019,NONE,SINGLE UNIT TRUCK WITH TRAILER,COMMERCIAL - MULTI-UNIT,N,STRAIGHT AHEAD,,,1,,,,,,,,,,Y,,,,,,,,REAR,,,,,,,,,,,,,,,,,,,,,,,,,,,,,,,,,
2131236,3e53fa44fd1522ae90003a808f4918c4117cd9ac46388f5f694a30957ee20f64065689e7987aa7ae8445844da9072bd695424a04021088a754a3c02f7ac220c2,08/18/2025 01:08:00 PM,1,DRIVER,1,2031661,,FORD,ESCAPE,IL,2012,NONE,SPORT UTILITY VEHICLE (SUV),PERSONAL,W,STRAIGHT AHEAD,,,2,,,,Y,,,,,,,,,,,,,,FRONT-LEFT-CORNER,,,,,,,,,,,,,,,,,,,,,,,,,,,,,,,,,
2131237,3e53fa44fd1522ae90003a808f4918c4117cd9ac46388f5f694a30957ee20f64065689e7987aa7ae8445844da9072bd695424a04021088a754a3c02f7ac220c2,08/18/2025 01:08:00 PM,2,PEDESTRIAN,,,,,,,,,,,,,,,,,,,,,,,,,,,,,,,,,,,,,,,,,,,,,,,,,,,,,,,,,,,,,,,,,,
2131496,0a2c9a135b3c3237e7c560701aad2be6c1133657ab6b6b52b3d012f3d0243dedad4a225a53d631fc84b33ad412492cefae24c098f0d023d872c17bf271870bb8,08/18/2025 01:00:00 PM,1,DRIVER,,2031913,,FREIGHTLINER CORPORATION,FREIGHTLINER CORP.,IL,2013,NONE,TRACTOR W/ SEMI-TRAILER,UNKNOWN/NA,N,STRAIGHT AHEAD,,,1,,,,,,Y,,,,,,,,,,,,SIDE-RIGHT,,,,,,,,,,,,,,,,,,,,,,,,,,,,,,,,,
2131497,0a2c9a135b3c3237e7c560701aad2be6c1133657ab6b6b52b3d012f3d0243dedad4a225a53d631fc84b33ad412492cefae24c098f0d023d872c17bf271870bb8,08/18/2025 01:00:00 PM,2,DRIVER,,2031900,,KENWORTH MOTOR TRUCK COMPANY,KENWORTH MOTOR TRUCK CO.,IL,2005,NONE,TRACTOR W/ SEMI-TRAILER,UNKNOWN/NA,N,SLOW/STOP IN TRAFFIC,,,1,,,,,,,,,,,,,Y,Y,,,,SIDE-LEFT,,,,,,,,,,,,,,,,,,,,,,,,,,,,,,,,,
2131285,a8b05625faa6cc111725f1a81a67757941e8c88f12771896d095b1fc20fa155d3e12e27420f130a7b5c6a5838f5d84d72d7fd0fc861227f190b8bc143837a703,08/18/2025 01:00:00 PM,1,DRIVER,,2031707,,FORD,F150,MN,2012,NONE,PICKUP,PERSONAL,S,STRAIGHT AHEAD,,,1,,,,,,Y,,,,,,,,,,,,SIDE-RIGHT,,,,,,,,,,,,,,,,,,,,,,,,,,,,,,,,,
2131286,a8b05625faa6cc111725f1a81a67757941e8c88f12771896d095b1fc20fa155d3e12e27420f130a7b5c6a5838f5d84d72d7fd0fc861227f190b8bc143837a703,08/18/2025 01:00:00 PM,2,PARKED,,2031715,,CADILLAC,ESCALADE,IL,2023,NONE,PASSENGER,NOT IN USE,S,PARKED,,,0,,,,,,,,,,,,,,Y,,,,SIDE-LEFT,,,,,,,,,,,,,,,,,,,,,,,,,,,,,,,,,
2131234,dbea26b9c282f51e9492bf5c4b602da61f57d1ede04d21c666c72f6fb605a39a4dd8bec5b63a640bc33132a4d5b451a9db1f09ead20296cd935addd23b9c234c,08/18/2025 12:56:00 PM,1,DRIVER,,2031670,,DODGE,GRAND CARAVAN,IL,2017,NONE,VAN/MINI-VAN,PERSONAL,W,CHANGING LANES,,,1,,,,,,,,,,,Y,,,,,,,REAR-LEFT-CORNER,,,,,,,,,,,,,,,,,,,,,,,,,,,,,,,,,
2131235,dbea26b9c282f51e9492bf5c4b602da61f57d1ede04d21c666c72f6fb605a39a4dd8bec5b63a640bc33132a4d5b451a9db1f09ead20296cd935addd23b9c234c,08/18/2025 12:56:00 PM,2,DRIVER,3,2031664,,GENERAL MOTORS CORPORATION (GMC),DENALI,IL,2015,NONE,SPORT UTILITY VEHICLE (SUV),PERSONAL,W,STRAIGHT AHEAD,,,4,,,,,Y,,,,,,,,,,,,,FRONT-RIGHT-CORNER,,,,,,,,,,,,,,,,,,,,,,,,,,,,,,,,,
2131198,240bb6c1ae3bd4bb5b186ea584299bac98d720fccdba319a1028b5337575a9456788dd748c50ab80b6ff753a89116d61419006bf402cc76e4f0ecfa273611742,08/18/2025 12:55:00 PM,1,DRIVER,,2031629,,UNKNOWN,OTHER (EXPLAIN IN NARRATIVE),,,NONE,OTHER,OTHER,E,TURNING LEFT,,,1,,,,,,,,,,,,,,,Y,,,FRONT-LEFT-CORNER,,,,,,,,,,,,,,,,,,,,,,,,,,,,,,,,,
2131199,240bb6c1ae3bd4bb5b186ea584299bac98d720fccdba319a1028b5337575a9456788dd748c50ab80b6ff753a89116d61419006bf402cc76e4f0ecfa273611742,08/18/2025 12:55:00 PM,2,DRIVER,,2031632,,CHEVROLET,OTHER (EXPLAIN IN NARRATIVE),IL,2022,NONE,PASSENGER,PERSONAL,W,TURNING LEFT,,,1,,,,,,,,,,,,,,Y,Y,,,FRONT-LEFT-CORNER,,,,,,,,,,,,,,,,,,,,,,,,,,,,,,,,,
2131727,a57aa86e19d8adcea30975d1e81a1e97e5c659735d4c802a93d7fade1b67238c6770d1543b329b0ac0ec4ee350ae6cfb5e2944bfe2029836bed7cee287a84c62,08/18/2025 12:54:00 PM,1,DRIVER,1,2032125,,CHEVROLET,IMPALA,IL,2015,NONE,PASSENGER,PERSONAL,S,STRAIGHT AHEAD,Y,,2,,PRIVATE TOW,,,Y,,,,,,,,,,,,,FRONT-RIGHT-CORNER,,,,,,,,,,,,,,,,,,,,,,,,,,,,,,,,,
2131728,a57aa86e19d8adcea30975d1e81a1e97e5c659735d4c802a93d7fade1b67238c6770d1543b329b0ac0ec4ee350ae6cfb5e2944bfe2029836bed7cee287a84c62,08/18/2025 12:54:00 PM,2,PARKED,,2032128,,BMW,3 SERIES,IL,2014,NONE,PASSENGER,PERSONAL,S,PARKED,,,0,,,,,,,,,,,Y,,,,,,,SIDE-LEFT-REAR,,,,,,,,,,,,,,,,,,,,,,,,,,,,,,,,,
2131212,10cad76c49f54970e204ab925f6a6276b65a2db126f314f78ffaa87077e959d3a61fc2ba809688e9ff50e59d40704b9750408b3960ffd0cf14218062b4f071d0,08/18/2025 12:45:00 PM,1,DRIVER,,2031639,Y,UNKNOWN,OTHER (EXPLAIN IN NARRATIVE),IN,2026,UNKNOWN,OTHER,COMMERCIAL - MULTI-UNIT,E,STRAIGHT AHEAD,,,1,,,,,,,,,,,,,,,Y,Y,,TOP,"22,020",2824853,,,SIDE OF TRUCK,,MWE,WI,GREEN BAY,,,,N,N,,U,,N,N,,,,,,,,,TRACTOR/SEMI-TRAILER,VAN/ENCLOSED BOX,UNKNOWN,N,N,
2131215,d59cfee5eda11af39f81fa072ab50a13c2fe74967d7bf0b3215d4897540dddeb30525f3ee933ec119b5372b343fad74d27733987ddb6a77e8a307efb90d3bb1b,08/18/2025 12:40:00 PM,1,DRIVER,1,2031647,,NISSAN,MURANO,IL,2010,NONE,SPORT UTILITY VEHICLE (SUV),PERSONAL,W,ENTER FROM DRIVE/ALLEY,,,2,,,,,Y,,,,,,,,,,,,,FRONT-RIGHT-CORNER,,,,,,,,,,,,,,,,,,,,,,,,,,,,,,,,,
2131216,d59cfee5eda11af39f81fa072ab50a13c2fe74967d7bf0b3215d4897540dddeb30525f3ee933ec119b5372b343fad74d27733987ddb6a77e8a307efb90d3bb1b,08/18/2025 12:40:00 PM,2,DRIVER,1,2031665,,NOVA BUS,RTS,IL,2023,NONE,BUS OVER 15 PASS.,CTA,N,SLOW/STOP IN TRAFFIC,,,2,,,,Y,,,,,,,,,,,,,,REAR-RIGHT-CORNER,,,,,,,,,,,,,,,,,,,,,,,,,,,,,,,,,
2131431,008cb7266e0e9d05a68fcbfc8b7989a9383ac49109cc439ae691bb64d337c63fd3209a885187e316fb6d50b8b59807d9f60cf0a84caef5f4ac63a3b614a2eaa0,08/18/2025 12:35:00 PM,1,DRIVER,,2031847,,CHEVROLET,CRUZE,IL,2014,NONE,PASSENGER,PERSONAL,W,STRAIGHT AHEAD,Y,,1,,CPD,CITY POUND / DOTY RD,,Y,,,,,,,,,,,,,FRONT-RIGHT-CORNER,,,,,,,,,,,,,,,,,,,,,,,,,,,,,,,,,
2131230,1251c7056ab8b81fd1d08deb0d46a7cce79237400d2293df623fdd67b4734e291192cc50199495db750e05532e91ec3ec414496cabd466518f498a7f3dff2603,08/18/2025 12:35:00 PM,1,DRIVER,,2031654,,FREIGHTLINER CORPORATION,OTHER (EXPLAIN IN NARRATIVE),IL,2022,UNKNOWN,TRACTOR W/ SEMI-TRAILER,OTHER,N,TURNING LEFT,,,1,,,,,,,,,,,Y,Y,,,,,,FRONT,,,,,,,,,,,,,,,,,,,,,,,,,,,,,,,,,
2131231,1251c7056ab8b81fd1d08deb0d46a7cce79237400d2293df623fdd67b4734e291192cc50199495db750e05532e91ec3ec414496cabd466518f498a7f3dff2603,08/18/2025 12:35:00 PM,2,DRIVER,,2031662,,CHRYSLER,200,IL,2016,UNKNOWN,PASSENGER,PERSONAL,N,TURNING LEFT,Y,,1,,PRIVATE TOW,UNK,,Y,Y,Y,Y,,,,,,Y,Y,Y,,TOP,,,,,,,,,,,,,,,,,,,,,,,,,,,,,,,,,
2131208,f518a6732fcddf7ad4442b367e0ee13ecd877c8f00b268064b3b3fbaad22500d806ba307c388801987fd780f8a415d3a25a357acc7efecd1c1442ddf1ba308d4,08/18/2025 12:35:00 PM,1,DRIVER,,2031641,,UNKNOWN,OTHER (EXPLAIN IN NARRATIVE),XX,,UNKNOWN,UNKNOWN/NA,UNKNOWN/NA,N,STRAIGHT AHEAD,,,1,,,,,,Y,,,,,,,,,,,,SIDE-RIGHT,,,,,,,,,,,,,,,,,,,,,,,,,,,,,,,,,
2131209,f518a6732fcddf7ad4442b367e0ee13ecd877c8f00b268064b3b3fbaad22500d806ba307c388801987fd780f8a415d3a25a357acc7efecd1c1442ddf1ba308d4,08/18/2025 12:35:00 PM,2,DRIVER,,2031634,,NOVA BUS,LFS,IL,2024,NONE,BUS OVER 15 PASS.,CTA,N,STRAIGHT AHEAD,,,1,,,,,,,,,,,,,,Y,,,,SIDE-LEFT,,,,,,,,,,,,,,,,,,,,,,,,,,,,,,,,,
2131897,0b56e2259952bec514c253089fb4ff366f82db32b66b3bf30e773cb5bd6f51d351b2d2eca2bf3b2d5816aee53c7ba72f3097d30d510e1c206d0dbf4360f82dbc,08/18/2025 12:31:00 PM,1,DRIVER,,2032274,,UNKNOWN,OTHER (EXPLAIN IN NARRATIVE),,,UNKNOWN,UNKNOWN/NA,OTHER,S,STRAIGHT AHEAD,,,1,,,,,,,,,,,,,,,,,Y,FRONT,,,,,,,,,,,,,,,,,,,,,,,,,,,,,,,,,
2131898,0b56e2259952bec514c253089fb4ff366f82db32b66b3bf30e773cb5bd6f51d351b2d2eca2bf3b2d5816aee53c7ba72f3097d30d510e1c206d0dbf4360f82dbc,08/18/2025 12:31:00 PM,2,DRIVER,1,2032275,,CHEVROLET,BOLT,NY,2023,OTHER,PASSENGER,RIDESHARE SERVICE,W,STARTING IN TRAFFIC,,,2,,,,,,,,Y,,,,,,,,,,SIDE-RIGHT-REAR,,,,,,,,,,,,,,,,,,,,,,,,,,,,,,,,,
2132567,60d207d7d45161999d864904b4528bfb6e54fcd433f36d6f1ee447f77f75a8f70b10b36d6b493dc9b6d80c62e39dd903fce66e2a5f543d80f3c153fbf17bd759,08/18/2025 12:20:00 PM,1,DRIVER,,2032907,,CHEVROLET,IMPALA,IL,2006,NONE,PASSENGER,PERSONAL,W,STRAIGHT AHEAD,,,1,,,,,,,,,,,,,,,,Y,,FRONT,,,,,,,,,,,,,,,,,,,,,,,,,,,,,,,,,
2132568,60d207d7d45161999d864904b4528bfb6e54fcd433f36d6f1ee447f77f75a8f70b10b36d6b493dc9b6d80c62e39dd903fce66e2a5f543d80f3c153fbf17bd759,08/18/2025 12:20:00 PM,2,DRIVER,,2032911,,CHRYSLER,SEBRING,IL,2009,NONE,PASSENGER,PERSONAL,W,STRAIGHT AHEAD,,,1,,,,,,,,,,Y,,,,,,,,REAR,,,,,,,,,,,,,,,,,,,,,,,,,,,,,,,,,
2131204,e4b800b94f339bcc670bbe779862c1f74c43f5f69386ce173defae32434d290aebfab8433f3c0cff69f07b1fce099e4c9a61e5f3b92a14f0ed644eeb41340bf4,08/18/2025 12:20:00 PM,1,DRIVER,,2031636,,GENERAL MOTORS CORPORATION (GMC),TERRAIN,IL,2023,UNKNOWN,PASSENGER,PERSONAL,S,STRAIGHT AHEAD,N,,1,,,,,Y,,,,,,,,,,N,Y,,FRONT-RIGHT-CORNER,,,,,,,,,,,,,,,,,,,,,,,,,,,,,,,,,
2131205,e4b800b94f339bcc670bbe779862c1f74c43f5f69386ce173defae32434d290aebfab8433f3c0cff69f07b1fce099e4c9a61e5f3b92a14f0ed644eeb41340bf4,08/18/2025 12:20:00 PM,2,DRIVER,1,2031644,,HONDA,CIVIC,IL,2008,UNKNOWN,PASSENGER,PERSONAL,E,STRAIGHT AHEAD,Y,,2,,PRIVATE,PIVATE,,Y,,,,,,,,,,Y,Y,,FRONT-LEFT-CORNER,,,,,,,,,,,,,,,,,,,,,,,,,,,,,,,,,
2131874,3318ae94aac8eefce8681a34f166afb7bd7653b853c8184945a62b96283be169bac9a36fc6ae7ac47fcb4d8869bebc1b8de736851ef909221c6266f467e7c29f,08/18/2025 12:15:00 PM,1,DRIVER,,2032260,,UNKNOWN,OTHER (EXPLAIN IN NARRATIVE),,,UNKNOWN,VAN/MINI-VAN,UNKNOWN/NA,UNKNOWN,UNKNOWN/NA,,,1,,,,,,,,,,,,,,,,,Y,UNKNOWN,,,,,,,,,,,,,,,,,,,,,,,,,,,,,,,,,
2131875,3318ae94aac8eefce8681a34f166afb7bd7653b853c8184945a62b96283be169bac9a36fc6ae7ac47fcb4d8869bebc1b8de736851ef909221c6266f467e7c29f,08/18/2025 12:15:00 PM,2,PARKED,,2032264,,NISSAN,SENTRA,IL,2023,UNKNOWN,PASSENGER,NOT IN USE,S,PARKED,,,0,,,,,,,,,,,,,,,Y,Y,,FRONT-LEFT-CORNER,,,,,,,,,,,,,,,,,,,,,,,,,,,,,,,,,