CRASH_UNIT_ID,CRASH_RECORD_ID,CRASH_DATE,UNIT_NO,UNIT_TYPE,NUM_PASSENGERS,VEHICLE_ID,CMRC_VEH_I,MAKE,MODEL,LIC_PLATE_STATE,VEHICLE_YEAR,VEHICLE_DEFECT,VEHICLE_TYPE,VEHICLE_USE,TRAVEL_DIRECTION,MANEUVER,TOWED_I,FIRE_I,OCCUPANT_CNT,EXCEED_SPEED_LIMIT_I,TOWED_BY,TOWED_TO,AREA_00_I,AREA_01_I,AREA_02_I,AREA_03_I,AREA_04_I,AREA_05_I,AREA_06_I,AREA_07_I,AREA_08_I,AREA_09_I,AREA_10_I,AREA_11_I,AREA_12_I,AREA_99_I,FIRST_CONTACT_POINT,CMV_ID,USDOT_NO,CCMC_NO,ILCC_NO,COMMERCIAL_SRC,GVWR,CARRIER_NAME,CARRIER_STATE,CARRIER_CITY,HAZMAT_PLACARDS_I,HAZMAT_NAME,UN_NO,HAZMAT_PRESENT_I,HAZMAT_REPORT_I,HAZMAT_REPORT_NO,MCS_REPORT_I,MCS_REPORT_NO,HAZMAT_VIO_CAUSE_CRASH_I,MCS_VIO_CAUSE_CRASH_I,IDOT_PERMIT_NO,WIDE_LOAD_I,TRAILER1_WIDTH,TRAILER2_WIDTH,TRAILER1_LENGTH,TRAILER2_LENGTH,TOTAL_VEHICLE_LENGTH,AXLE_CNT,VEHICLE_CONFIG,CARGO_BODY_TYPE,LOAD_TYPE,HAZMAT_OUT_OF_SERVICE_I,MCS_OUT_OF_SERVICE_I,HAZMAT_CLASS
2131740,32207e2833638cfe0c88be80cfeb1f5dc729a007e8d09e7a574cadefab4b14769a163461b71b7ff94366e86fe37966a172b8a0f4adfec53de785b6d3a58c2ca4,08/18/2025 12:14:00 PM,1,DRIVER,,2032139,Y,FREIGHTLINER CORPORATION,FREIGHTLINER CORP.,IN,2019,NONE,TRUCK - SINGLE UNIT,COMMERCIAL - SINGLE UNIT,N,TURNING LEFT,,,1,,,,Y,,,,,,,,,,,,,,UNDER CARRIAGE,"22,030",3020918,34301,,DRIVER,3,BKS LOGISTICS INC,IL,ITASCA,,,,,,,,,,,,,,,,,,,"SINGLE UNIT TRUCK, 3 OR MORE AXLES",VAN/ENCLOSED BOX,OTHER,,,
2131741,32207e2833638cfe0c88be80cfeb1f5dc729a007e8d09e7a574cadefab4b14769a163461b71b7ff94366e86fe37966a172b8a0f4adfec53de785b6d3a58c2ca4,08/18/2025 12:14:00 PM,2,PARKED,1,2032140,,TOYOTA,SEQUOIA,IL,2019,NONE,PASSENGER,PERSONAL,N,PARKED,,,1,,,,,,,,,,,,,,,Y,,,FRONT-LEFT-CORNER,,,,,,,,,,,,,,,,,,,,,,,,,,,,,,,,,
2131206,3c9130b0d03d8e3aafd9cfe2f86e3a41d8e16cb03503ecbd1c7759bf3e5ef3d226c575a75d7522152c8ada2968cda0a847fc31a1d5f332a15ff2b0de15b2e7b9,08/18/2025 12:07:00 PM,1,DRIVER,,2031633,,HONDA,PILOT,IL,2003,UNKNOWN,PASSENGER,PERSONAL,S,LEAVING TRAFFIC LANE TO PARK,,,1,,,,,Y,,,,,,,,,,,,,FRONT-RIGHT-CORNER,,,,,,,,,,,,,,,,,,,,,,,,,,,,,,,,,
2131207,3c9130b0d03d8e3aafd9cfe2f86e3a41d8e16cb03503ecbd1c7759bf3e5ef3d226c575a75d7522152c8ada2968cda0a847fc31a1d5f332a15ff2b0de15b2e7b9,08/18/2025 12:07:00 PM,2,PARKED,,2031638,,TOYOTA,RAV4,IL,2015,UNKNOWN,PASSENGER,PERSONAL,S,PARKED,,,0,,,,,,,,,,,Y,,,,,,,REAR-LEFT-CORNER,,,,,,,,,,,,,,,,,,,,,,,,,,,,,,,,,
2131202,bf1fa8c7958c43046f544e0f9d493ad6b8401e56e36cb26f7464364a587dcc186086e01e575c5fe2541d8f3785978ee4e34f09f5a7897c061f95535c2ccf0c7c,08/18/2025 12:00:00 PM,1,DRIVER,,2031635,,HUMMER,HUMMER,IL,2006,NONE,PASSENGER,PERSONAL,S,TURNING LEFT,,,1,,,,,,,,,,,,,,,,Y,,FRONT,,,,,,,,,,,,,,,,,,,,,,,,,,,,,,,,,
2131203,bf1fa8c7958c43046f544e0f9d493ad6b8401e56e36cb26f7464364a587dcc186086e01e575c5fe2541d8f3785978ee4e34f09f5a7897c061f95535c2ccf0c7c,08/18/2025 12:00:00 PM,2,DRIVER,1,2031637,,NISSAN,ROGUE,IL,2018,NONE,PASSENGER,PERSONAL,N,STRAIGHT AHEAD,Y,,2,,PRIVATE TOW,,,,,,,Y,Y,Y,Y,,,,,,SIDE-LEFT,,,,,,,,,,,,,,,,,,,,,,,,,,,,,,,,,
2131210,5c6fbbbb4bbb1c087d5bddd81103e00f97fcc0b7177a8d0f94ed6232d01efe9d919a8e20c63515d8a67e6e20ec7c336908d96ef6e94ea292781a0838b012804b,08/18/2025 11:50:00 AM,1,DRIVER,,2031631,,UNKNOWN,OTHER (EXPLAIN IN NARRATIVE),IL,,NONE,TRACTOR W/ SEMI-TRAILER,UNKNOWN/NA,W,TURNING LEFT,,,1,,,,,,,,,,,,,,,,,Y,UNKNOWN,,,,,,,,,,,,,,,,,,,,,,,,,,,,,,,,,
2131211,5c6fbbbb4bbb1c087d5bddd81103e00f97fcc0b7177a8d0f94ed6232d01efe9d919a8e20c63515d8a67e6e20ec7c336908d96ef6e94ea292781a0838b012804b,08/18/2025 11:50:00 AM,2,DRIVER,,2031645,,MAZDA,CX-5,IL,2015,NONE,SPORT UTILITY VEHICLE (SUV),PERSONAL,W,TURNING LEFT,Y,,1,,private / insure on the spot,,,,,,,,,Y,Y,,,,,,REAR-LEFT-CORNER,,,,,,,,,,,,,,,,,,,,,,,,,,,,,,,,,
2131414,fe418d16218f9ce0da5a3c8a467e6df26bc00cb09e36c81de618fff40eb108e5648ccb70194d641e13c01d77daaadd434e9ee02d60b30f42f390939cf352ef39,08/18/2025 11:48:00 AM,1,DRIVER,,2031836,,UNKNOWN,OTHER (EXPLAIN IN NARRATIVE),,,OTHER,PASSENGER,UNKNOWN/NA,E,STRAIGHT AHEAD,,,1,,,,Y,,,,,,,,,,,,,,SIDE-RIGHT,,,,,,,,,,,,,,,,,,,,,,,,,,,,,,,,,
2131415,fe418d16218f9ce0da5a3c8a467e6df26bc00cb09e36c81de618fff40eb108e5648ccb70194d641e13c01d77daaadd434e9ee02d60b30f42f390939cf352ef39,08/18/2025 11:48:00 AM,2,PARKED,1,2031832,,FORD,OTHER (EXPLAIN IN NARRATIVE),IL,2020,NONE,OTHER,NOT IN USE,E,PARKED,,,1,,,,Y,,,,,,,,,,,,,,FRONT-LEFT-CORNER,,,,,,,,,,,,,,,,,,,,,,,,,,,,,,,,,
2131217,3b706d2ffdf05c279cfa670144e3bd293a90b0df25cacc07563cfc0a92ff9a2b7980d5ff1b4f4f9ef19a0a6e841bd503ea6fd18b2a12c4a07c7c48c4400fa21c,08/18/2025 11:47:00 AM,1,DRIVER,,2031646,,JEEP,WRANGLER,IL,2016,UNKNOWN,PASSENGER,PERSONAL,S,STRAIGHT AHEAD,,,1,,,,,Y,,,,,,Y,Y,,,Y,Y,Y,FRONT,,,,,,,,,,,,,,,,,,,,,,,,,,,,,,,,,
2131218,3b706d2ffdf05c279cfa670144e3bd293a90b0df25cacc07563cfc0a92ff9a2b7980d5ff1b4f4f9ef19a0a6e841bd503ea6fd18b2a12c4a07c7c48c4400fa21c,08/18/2025 11:47:00 AM,2,DRIVER,,2031655,,FORD,F150,IL,,UNKNOWN,PASSENGER,PERSONAL,W,STRAIGHT AHEAD,,,1,,,,,Y,Y,Y,Y,Y,Y,Y,,,,,,Y,SIDE-RIGHT-REAR,,,,,,,,,,,,,,,,,,,,,,,,,,,,,,,,,
2131157,bd4ac4142bb955b44988767462fef079cff3a846f13d0b33faab39f7d3636c1296dbf8bb911fd586d41fbaa28f85c81eed480ddacb2e8a689ce5e0359f774258,08/18/2025 11:40:00 AM,1,DRIVER,,2031585,,DODGE,RAM 1500 PU,IL,2006,NONE,TRUCK - SINGLE UNIT,PERSONAL,N,BACKING,,,1,,,,Y,,,,,,,,,,,,,,REAR,,,,,,,,,,,,,,,,,,,,,,,,,,,,,,,,,
2131158,bd4ac4142bb955b44988767462fef079cff3a846f13d0b33faab39f7d3636c1296dbf8bb911fd586d41fbaa28f85c81eed480ddacb2e8a689ce5e0359f774258,08/18/2025 11:40:00 AM,2,DRIVER,,2031592,,JEEP,GRAND CHEROKEE,IL,2008,NONE,PASSENGER,PERSONAL,S,STRAIGHT AHEAD,,,1,,,,,,,,,,,,,,,,Y,,FRONT,,,,,,,,,,,,,,,,,,,,,,,,,,,,,,,,,
2131186,444b6de0fa8f3ad6f7dbccde6b9a38855aae595571ca3060a1e9ade0e21108dd413030d4823cf33b4d9417a46d0b13fb5c72899bf4f55b9c46f58e51eac9b5e1,08/18/2025 11:37:00 AM,1,DRIVER,,2031621,,LEXUS,NX,IL,2022,UNKNOWN,PASSENGER,PERSONAL,W,CHANGING LANES,,,1,,,,,Y,,,,,,,,,,,,,FRONT-RIGHT-CORNER,,,,,,,,,,,,,,,,,,,,,,,,,,,,,,,,,
2131187,444b6de0fa8f3ad6f7dbccde6b9a38855aae595571ca3060a1e9ade0e21108dd413030d4823cf33b4d9417a46d0b13fb5c72899bf4f55b9c46f58e51eac9b5e1,08/18/2025 11:37:00 AM,2,DRIVER,,2031628,,TOYOTA,RAV4,IL,2020,UNKNOWN,SPORT UTILITY VEHICLE (SUV),TAXI/FOR HIRE,UNKNOWN,STRAIGHT AHEAD,,,1,,,,,,,,,,,,Y,Y,Y,,,,SIDE-LEFT,,,,,,,,,,,,,,,,,,,,,,,,,,,,,,,,,
2131166,33899209952918915229f1594e5ecaf092c1437db0871753aedb90b48ddc13b7f574daf71ddb0daf7b86dcd2807a9b1c0b4121739838b9eac3c2802566ffc0b3,08/18/2025 11:30:00 AM,1,DRIVER,,2031604,,SUBARU,FORESTER,IL,2015,UNKNOWN,PASSENGER,PERSONAL,W,STRAIGHT AHEAD,,,1,,,,Y,,,,,,,,,,,,,,FRONT,,,,,,,,,,,,,,,,,,,,,,,,,,,,,,,,,
2131167,33899209952918915229f1594e5ecaf092c1437db0871753aedb90b48ddc13b7f574daf71ddb0daf7b86dcd2807a9b1c0b4121739838b9eac3c2802566ffc0b3,08/18/2025 11:30:00 AM,2,DRIVER,1,2031614,,TESLA,MODEL 3,WA,2024,UNKNOWN,PASSENGER,PERSONAL,W,STRAIGHT AHEAD,,,2,,,,Y,,,,,,,,,,,,,,REAR,,,,,,,,,,,,,,,,,,,,,,,,,,,,,,,,,
2131182,4ce2d317797aec13836a3a638d27d947c0ea217ffbe950a699317716b03afb8fbf4c16cf05e6b6748621da66e5bb944af25d1cc5862dbf4c2c339c5a1e6a962a,08/18/2025 11:30:00 AM,1,DRIVER,,2031610,,VOLKSWAGEN,PASSAT,IN,2017,UNKNOWN,PASSENGER,PERSONAL,W,TURNING LEFT,,,1,,,,,,,,,Y,,,,,,,,,REAR-RIGHT-CORNER,,,,,,,,,,,,,,,,,,,,,,,,,,,,,,,,,
2131183,4ce2d317797aec13836a3a638d27d947c0ea217ffbe950a699317716b03afb8fbf4c16cf05e6b6748621da66e5bb944af25d1cc5862dbf4c2c339c5a1e6a962a,08/18/2025 11:30:00 AM,2,DRIVER,,2031615,,NISSAN,MURANO,IL,2011,UNKNOWN,SPORT UTILITY VEHICLE (SUV),PERSONAL,E,TURNING RIGHT,,,1,,,,,,,,,,,,,,,Y,,,FRONT-LEFT-CORNER,,,,,,,,,,,,,,,,,,,,,,,,,,,,,,,,,
2131178,8d5b2f790d0e303db7db6d4d44d8f11fed1ad08764b156c732b86236ce46b094240dff908b2705d762666174f0aa28f7fe136c92c30bcbc5ae7c57ed5d3218ae,08/18/2025 11:30:00 AM,1,DRIVER,,2031613,,HONDA,ODYSSEY,IL,2010,NONE,VAN/MINI-VAN,PERSONAL,E,STRAIGHT AHEAD,Y,,1,,,,,,,,,,,,,,,,,,FRONT-RIGHT-CORNER,,,,,,,,,,,,,,,,,,,,,,,,,,,,,,,,,
2131179,8d5b2f790d0e303db7db6d4d44d8f11fed1ad08764b156c732b86236ce46b094240dff908b2705d762666174f0aa28f7fe136c92c30bcbc5ae7c57ed5d3218ae,08/18/2025 11:30:00 AM,2,PARKED,,2031620,,FORD,EXPLORER,IL,2020,NONE,SPORT UTILITY VEHICLE (SUV),NOT IN USE,E,PARKED,Y,,0,,,,,,,,,,Y,Y,Y,Y,Y,,,,REAR-LEFT-CORNER,,,,,,,,,,,,,,,,,,,,,,,,,,,,,,,,,
2131176,b70c47ff6351309cfdc0e64de26b5330d4550900e1c2812192e825ae69cd495f5a79b0d62434c7173ee4335423b96f77d0f727bbc07a5cefc7b22650dc96eeb4,08/18/2025 11:30:00 AM,1,DRIVER,,2031603,,HONDA,ODYSSEY,IL,2004,UNKNOWN,VAN/MINI-VAN,PERSONAL,W,BACKING,,,1,,,,,,,,,Y,,,,,,,,,REAR-RIGHT-CORNER,,,,,,,,,,,,,,,,,,,,,,,,,,,,,,,,,
2131177,b70c47ff6351309cfdc0e64de26b5330d4550900e1c2812192e825ae69cd495f5a79b0d62434c7173ee4335423b96f77d0f727bbc07a5cefc7b22650dc96eeb4,08/18/2025 11:30:00 AM,2,DRIVER,,2031611,,TOYOTA,COROLLA,IL,2024,UNKNOWN,PASSENGER,PERSONAL,E,BACKING,,,1,,,,,,,,,Y,,,,,,,,,REAR-RIGHT-CORNER,,,,,,,,,,,,,,,,,,,,,,,,,,,,,,,,,
2131153,e8585b5f95b5ee1d28010b9286fb61a8d2a2c84612af5ab29a9648bc1b6d2c11512e4f8428b10226f19a68be26566ee6b01132f9ecdf7e4fedd605ea199dea90,08/18/2025 11:15:00 AM,1,DRIVER,,2031581,,CHEVROLET,COLORADO,IL,2016,UNKNOWN,PICKUP,UNKNOWN/NA,N,STRAIGHT AHEAD,,,1,,,,,N,Y,Y,,,,,,,,,,,SIDE-RIGHT,,,,,,,,,,,,,,,,,,,,,,,,,,,,,,,,,
2131154,e8585b5f95b5ee1d28010b9286fb61a8d2a2c84612af5ab29a9648bc1b6d2c11512e4f8428b10226f19a68be26566ee6b01132f9ecdf7e4fedd605ea199dea90,08/18/2025 11:15:00 AM,2,PARKED,,2031586,,HYUNDAI,TUCSON,IL,2014,NONE,PASSENGER,PERSONAL,N,PARKED,,,0,,,,,N,Y,Y,,,,,,,,,,,SIDE-LEFT,,,,,,,,,,,,,,,,,,,,,,,,,,,,,,,,,
2131144,f0bda073207b2c0deade84dd44c5d827a677451e5fe73daf1d84220937a29ed72e58bb30d6b36ed7fa5091e439577013745b233ea2ac9f1d223ecf115bc4ecdc,08/18/2025 10:55:00 AM,1,DRIVER,1,2031577,,CHEVROLET,SILVERADO,IL,2008,UNKNOWN,PASSENGER,PERSONAL,E,STRAIGHT AHEAD,Y,,2,,PRIVATE,,,,,,,,,,Y,Y,Y,,,,SIDE-LEFT,,,,,,,,,,,,,,,,,,,,,,,,,,,,,,,,,
2131145,f0bda073207b2c0deade84dd44c5d827a677451e5fe73daf1d84220937a29ed72e58bb30d6b36ed7fa5091e439577013745b233ea2ac9f1d223ecf115bc4ecdc,08/18/2025 10:55:00 AM,2,DRIVER,,2031587,,JEEP,CHEROKEE,,2015,UNKNOWN,PASSENGER,PERSONAL,S,STRAIGHT AHEAD,Y,,1,,PRIVATE,,,Y,,,,,,,,,,Y,Y,,FRONT,,,,,,,,,,,,,,,,,,,,,,,,,,,,,,,,,
2132561,55420e9909952ba6e4c9f88b4359c020ee72f6e94110757e5d73ef0dca8cbd81e0bb333cea3fb16d05412cd9e48f077595ed300a59555e2517662192a1036cde,08/18/2025 10:51:00 AM,1,DRIVER,,2032938,,JEEP,COMPASS,IL,2018,UNKNOWN,PASSENGER,UNKNOWN/NA,N,ENTER FROM DRIVE/ALLEY,,,1,,,,,,,,,,,,,,Y,Y,,,FRONT-LEFT-CORNER,,,,,,,,,,,,,,,,,,,,,,,,,,,,,,,,,
2132562,55420e9909952ba6e4c9f88b4359c020ee72f6e94110757e5d73ef0dca8cbd81e0bb333cea3fb16d05412cd9e48f077595ed300a59555e2517662192a1036cde,08/18/2025 10:51:00 AM,2,DRIVER,,2032944,,VOLKSWAGEN,GTI,IL,2011,NONE,PASSENGER,PERSONAL,E,STRAIGHT AHEAD,,,1,,,,,Y,Y,,,,,,,,,,,,FRONT-RIGHT-CORNER,,,,,,,,,,,,,,,,,,,,,,,,,,,,,,,,,
2132776,35840a5f63e684b29b866e90ab0987b76dd76dfebf1ad2df61c67b18373cf6a03f56acfba0fdc9b3db6ceebcbaf3a2f88d24a9c4b890f0d265029aca6c0349c6,08/18/2025 10:45:00 AM,1,DRIVER,1,2033110,,TOYOTA,CAMRY,IL,2025,UNKNOWN,PASSENGER,PERSONAL,N,ENTERING TRAFFIC LANE FROM PARKING,,,2,,,,,,,,,,,,,,,Y,,,FRONT-LEFT-CORNER,,,,,,,,,,,,,,,,,,,,,,,,,,,,,,,,,
2132777,35840a5f63e684b29b866e90ab0987b76dd76dfebf1ad2df61c67b18373cf6a03f56acfba0fdc9b3db6ceebcbaf3a2f88d24a9c4b890f0d265029aca6c0349c6,08/18/2025 10:45:00 AM,2,DRIVER,,2033111,,VOLKSWAGEN,BEETLE,GA,2018,UNKNOWN,PASSENGER,PERSONAL,N,STRAIGHT AHEAD,,,1,,,,,Y,Y,Y,Y,Y,,,,,,,,,FRONT-RIGHT-CORNER,,,,,,,,,,,,,,,,,,,,,,,,,,,,,,,,,
2131135,44f2f4a4be9622fc62804eb2d428ae97a30539f4d12df6fad3f5997f7c75fd9405add19e0f2f89295921ad983490ee333ebf87d169c7aeba126936e64b832b66,08/18/2025 10:44:00 AM,1,DRIVER,,2031561,,"PETERBILT MOTORS COMPANY (DIVISION OF PACCAR, INC.)","PETERBILT MOTORS CO., DIVISION PACCAR, INC.",IL,2008,UNKNOWN,TRACTOR W/O SEMI-TRAILER,COMMERCIAL - SINGLE UNIT,E,TURNING LEFT,,,1,,,,,,,,,,,,Y,,,,,,REAR-LEFT-CORNER,,,,,,,,,,,,,,,,,,,,,,,,,,,,,,,,,
2131136,44f2f4a4be9622fc62804eb2d428ae97a30539f4d12df6fad3f5997f7c75fd9405add19e0f2f89295921ad983490ee333ebf87d169c7aeba126936e64b832b66,08/18/2025 10:44:00 AM,2,DRIVER,,2031574,,FREIGHTLINER CORPORATION,FREIGHTLINER CORP.,OK,2021,UNKNOWN,TRACTOR W/ SEMI-TRAILER,COMMERCIAL - SINGLE UNIT,E,TURNING LEFT,,,1,,,,,Y,,,,,,,,,,,,,FRONT-RIGHT-CORNER,,,,,,,,,,,,,,,,,,,,,,,,,,,,,,,,,
2131108,15620254ed590cd6e9bfa9e7bc388a4dca2a7dd950d64db5e7259e2a2a6459194cfe313fd87d27b1419a0f347fe84756edd6216145c6342970485f0c87a61f75,08/18/2025 10:40:00 AM,1,DRIVER,,2031524,,JEEP,CHEROKEE,IL,2019,NONE,PASSENGER,PERSONAL,S,STRAIGHT AHEAD,,,1,,,,,Y,,,,,,,,,,Y,Y,,FRONT,,,,,,,,,,,,,,,,,,,,,,,,,,,,,,,,,
2131109,15620254ed590cd6e9bfa9e7bc388a4dca2a7dd950d64db5e7259e2a2a6459194cfe313fd87d27b1419a0f347fe84756edd6216145c6342970485f0c87a61f75,08/18/2025 10:40:00 AM,2,DRIVER,,2031534,,CHRYSLER,OTHER (EXPLAIN IN NARRATIVE),IL,2022,NONE,VAN/MINI-VAN,OTHER,S,OTHER,,,1,,,,,,,,,Y,Y,Y,,,,,,,REAR,,,,,,,,,,,,,,,,,,,,,,,,,,,,,,,,,
2131141,8ba79b25ba13452ca2fbcbd651202c9f88c679b2edca30dbdbc076b7d8a8fa977e278f9dc1c38e6e57cfa6ee0070164a509a75e91de835c50a234fae687cbd02,08/18/2025 10:34:00 AM,1,DRIVER,,2031569,,JEEP,CHEROKEE,IL,,UNKNOWN,SPORT UTILITY VEHICLE (SUV),UNKNOWN/NA,N,STRAIGHT AHEAD,,,1,,,,,,,,,,,,,,,,,Y,FRONT,,,,,,,,,,,,,,,,,,,,,,,,,,,,,,,,,
2131142,8ba79b25ba13452ca2fbcbd651202c9f88c679b2edca30dbdbc076b7d8a8fa977e278f9dc1c38e6e57cfa6ee0070164a509a75e91de835c50a234fae687cbd02,08/18/2025 10:34:00 AM,2,DRIVER,6,2031575,N,NOVA BUS,OTHER (EXPLAIN IN NARRATIVE),IL,2023,NONE,BUS OVER 15 PASS.,CTA,N,OTHER,,,7,,,,,,,,,,,,,,,,,,REAR,,,,,,,,,,,,,,,,,,,,,,,,,,,,,,,,,
2131171,55fc299f247eb65f13a26de9bc5d03b92de04173dcb7c325f1aaf0ceefcdfe601d84557c96d5dcd0cf08708f74b177385078532832ee3f887bb5037e5732afe5,08/18/2025 10:30:00 AM,1,DRIVER,,2031601,,EASY LOADER TRAILER,EASY LOADER TRAILER,IL,,NONE,TRACTOR W/O SEMI-TRAILER,OTHER,E,STRAIGHT AHEAD,,,1,,,,Y,,,,,,,,,,,,,,FRONT-RIGHT-CORNER,,,,,,,,,,,,,,,,,,,,,,,,,,,,,,,,,
2131193,5f1b5f2b7000049eee311ac4c0ccd33e8d3d73b1aa2142a4d6513ef04003e8c1c0ecbd8d5bdb396e61ff546b732057d00fb547153d17bb9ab91ee1a611faba53,08/18/2025 10:30:00 AM,1,DRIVER,,2031626,,DODGE,AVENGER,IL,2013,UNKNOWN,PASSENGER,PERSONAL,E,CHANGING LANES,,,1,,,,,Y,,,,,,,,,,,,,FRONT-RIGHT-CORNER,,,,,,,,,,,,,,,,,,,,,,,,,,,,,,,,,
2131194,5f1b5f2b7000049eee311ac4c0ccd33e8d3d73b1aa2142a4d6513ef04003e8c1c0ecbd8d5bdb396e61ff546b732057d00fb547153d17bb9ab91ee1a611faba53,08/18/2025 10:30:00 AM,2,DRIVER,,2031630,,VOLKSWAGEN,GOLF,IL,2012,NONE,PASSENGER,PERSONAL,E,STRAIGHT AHEAD,,,1,,,,,,,,,,,Y,,,,,,,SIDE-LEFT-REAR,,,,,,,,,,,,,,,,,,,,,,,,,,,,,,,,,
2131143,ac3514a2926b1783203521e803951ce647fcbac954225c43afba5f39ebf3042ee4b367082aea17bec5ddd41a408c386358269e7b2dec9e457097f7148ff06f72,08/18/2025 10:30:00 AM,1,DRIVER,,2031573,N,MERCEDES-BENZ,SPRINTER,IL,2022,UNKNOWN,OTHER,PERSONAL,E,STRAIGHT AHEAD,,,1,,,,,,,,,,,,,,,,,,TOP,,,,,,,,,,,,,,,,,,,,,,,,,,,,,,,,,
2131162,f55be9bffbebbcf39da839d51455995d96201845ad4864bee489052d4aad19b03e83f08cae7f196e60db976c66ebc34e5cc1ae61fddb7846cc8ef2b5eee7c029,08/18/2025 10:30:00 AM,1,DRIVER,,2031593,,NEW FLYER,XCELSIOR XE40,IL,2008,NONE,BUS OVER 15 PASS.,CTA,SW,TURNING LEFT,,,1,,,,,,,,,,,Y,,,,,,,SIDE-LEFT-REAR,,,,,,,,,,,,,,,,,,,,,,,,,,,,,,,,,
2131163,f55be9bffbebbcf39da839d51455995d96201845ad4864bee489052d4aad19b03e83f08cae7f196e60db976c66ebc34e5cc1ae61fddb7846cc8ef2b5eee7c029,08/18/2025 10:30:00 AM,2,DRIVER,,2031596,,LEXUS,RX350,IL,2015,NONE,SPORT UTILITY VEHICLE (SUV),PERSONAL,N,SLOW/STOP IN TRAFFIC,,,1,,,,,,,,,,,,,,,Y,,,FRONT-LEFT-CORNER,,,,,,,,,,,,,,,,,,,,,,,,,,,,,,,,,
2131132,b7731838393ba3c871bf3367dbe2873f702b0f3ded3020a399f4a5fd6c1e74d800e816c68d5c26910bc62a2660e24ace7caef56737841b91122cab5c212355e1,08/18/2025 10:28:00 AM,1,DRIVER,1,2031571,,VOLKSWAGEN,JETTA,IL,2015,UNKNOWN,PASSENGER,PERSONAL,S,TURNING LEFT,,,2,,,,,,,,,,,,,,Y,Y,,,SIDE-LEFT-FRONT,,,,,,,,,,,,,,,,,,,,,,,,,,,,,,,,,
2131133,b7731838393ba3c871bf3367dbe2873f702b0f3ded3020a399f4a5fd6c1e74d800e816c68d5c26910bc62a2660e24ace7caef56737841b91122cab5c212355e1,08/18/2025 10:28:00 AM,2,DRIVER,,2031578,,WANAMAKER TRAILER,WANAMAKER TRAILER,TN,2021,UNKNOWN,TRACTOR W/ SEMI-TRAILER,COMMERCIAL - SINGLE UNIT,N,TURNING LEFT,,,1,,,,Y,,,,,,,,Y,,,,,,SIDE-LEFT,,,,,,,,,,,,,,,,,,,,,,,,,,,,,,,,,
2131114,5e6e93443dd3a3ba5638a1937f6e1a6e9716b204c235e17cfcf584b6cac1cb5101ddbbf1cdab6e643afddbb6ebcf33e79dc9b5ff02f868e039cc00057490bbc8,08/18/2025 10:27:00 AM,1,DRIVER,,2031531,,SUBARU,IMPREZA,IL,2022,UNKNOWN,PASSENGER,PERSONAL,E,STRAIGHT AHEAD,,,1,,,,,,,,,,,,,,Y,Y,,,SIDE-LEFT-FRONT,,,,,,,,,,,,,,,,,,,,,,,,,,,,,,,,,
2131115,5e6e93443dd3a3ba5638a1937f6e1a6e9716b204c235e17cfcf584b6cac1cb5101ddbbf1cdab6e643afddbb6ebcf33e79dc9b5ff02f868e039cc00057490bbc8,08/18/2025 10:27:00 AM,2,DRIVER,1,2031542,,LEXUS,RX350,IL,2017,UNKNOWN,SPORT UTILITY VEHICLE (SUV),PERSONAL,S,STRAIGHT AHEAD,Y,,2,,PRIVATE TOW,,,Y,Y,,,,,,,,,,,,SIDE-RIGHT,,,,,,,,,,,,,,,,,,,,,,,,,,,,,,,,,
2131104,c4fe22ce22545fb4223d6997bf4bb3cbd0c2b02e296c6b03a26ffe33425154fac97f097ecda03090a0c6dc403f03b4eecfd792e3cf0e01620aa12a93ac6dc617,08/18/2025 10:21:00 AM,1,DRIVER,,2031532,,FORD,TRANSIT,IL,2019,UNKNOWN,VAN/MINI-VAN,UNKNOWN/NA,UNKNOWN,UNKNOWN/NA,,,1,,,,,,,,,,,,,,,,,Y,UNKNOWN,,,,,,,,,,,,,,,,,,,,,,,,,,,,,,,,,
2131105,c4fe22ce22545fb4223d6997bf4bb3cbd0c2b02e296c6b03a26ffe33425154fac97f097ecda03090a0c6dc403f03b4eecfd792e3cf0e01620aa12a93ac6dc617,08/18/2025 10:21:00 AM,2,PARKED,,2031543,,CHEVROLET,SUBURBAN,IN,2023,UNKNOWN,SPORT UTILITY VEHICLE (SUV),NOT IN USE,UNKNOWN,PARKED,,,0,,,,,Y,Y,,,,,,,,,,,,FRONT-RIGHT-CORNER,,,,,,,,,,,,,,,,,,,,,,,,,,,,,,,,,
2131124,109390367588e0afe93cce369505b0f30a7686ad2556f85365b95029cc184860f4e8cdf47803c2796e055e9fd8ce4d498292d54e6c764e59f6604a89f5981e52,08/18/2025 10:20:00 AM,1,DRIVER,,2031551,,NISSAN,ROGUE,IL,,UNKNOWN,PASSENGER,PERSONAL,W,STRAIGHT AHEAD,,,1,,,,,,,,,,,,,,,,,Y,REAR-LEFT-CORNER,,,,,,,,,,,,,,,,,,,,,,,,,,,,,,,,,
2131125,109390367588e0afe93cce369505b0f30a7686ad2556f85365b95029cc184860f4e8cdf47803c2796e055e9fd8ce4d498292d54e6c764e59f6604a89f5981e52,08/18/2025 10:20:00 AM,2,BICYCLE,,,,,,,,,,,,,,,,,,,,,,,,,,,,,,,,,,,,,,,,,,,,,,,,,,,,,,,,,,,,,,,,,,
2131112,1e02c7d381dd30ee4b9266c24df2a87fb1cf9cc30ff8f45bfd24db44c026f19b926a351bdcc6aebfb8d0b8cafdb95b0f14e379ba679ed4e412c6590f0e2cab26,08/18/2025 10:20:00 AM,1,DRIVER,,2031555,,HONDA,ACCORD,IL,2004,NONE,PASSENGER,PERSONAL,W,STRAIGHT AHEAD,,,1,,,,,,,Y,Y,Y,,,,,,,,,SIDE-RIGHT,,,,,,,,,,,,,,,,,,,,,,,,,,,,,,,,,