CRASH_UNIT_ID,CRASH_RECORD_ID,CRASH_DATE,UNIT_NO,UNIT_TYPE,NUM_PASSENGERS,VEHICLE_ID,CMRC_VEH_I,MAKE,MODEL,LIC_PLATE_STATE,VEHICLE_YEAR,VEHICLE_DEFECT,VEHICLE_TYPE,VEHICLE_USE,TRAVEL_DIRECTION,MANEUVER,TOWED_I,FIRE_I,OCCUPANT_CNT,EXCEED_SPEED_LIMIT_I,TOWED_BY,TOWED_TO,AREA_00_I,AREA_01_I,AREA_02_I,AREA_03_I,AREA_04_I,AREA_05_I,AREA_06_I,AREA_07_I,AREA_08_I,AREA_09_I,AREA_10_I,AREA_11_I,AREA_12_I,AREA_99_I,FIRST_CONTACT_POINT,CMV_ID,USDOT_NO,CCMC_NO,ILCC_NO,COMMERCIAL_SRC,GVWR,CARRIER_NAME,CARRIER_STATE,CARRIER_CITY,HAZMAT_PLACARDS_I,HAZMAT_NAME,UN_NO,HAZMAT_PRESENT_I,HAZMAT_REPORT_I,HAZMAT_REPORT_NO,MCS_REPORT_I,MCS_REPORT_NO,HAZMAT_VIO_CAUSE_CRASH_I,MCS_VIO_CAUSE_CRASH_I,IDOT_PERMIT_NO,WIDE_LOAD_I,TRAILER1_WIDTH,TRAILER2_WIDTH,TRAILER1_LENGTH,TRAILER2_LENGTH,TOTAL_VEHICLE_LENGTH,AXLE_CNT,VEHICLE_CONFIG,CARGO_BODY_TYPE,LOAD_TYPE,HAZMAT_OUT_OF_SERVICE_I,MCS_OUT_OF_SERVICE_I,HAZMAT_CLASS
2131113,1e02c7d381dd30ee4b9266c24df2a87fb1cf9cc30ff8f45bfd24db44c026f19b926a351bdcc6aebfb8d0b8cafdb95b0f14e379ba679ed4e412c6590f0e2cab26,08/18/2025 10:20:00 AM,2,DRIVER,1,2031564,,FORD,FOCUS,IL,2015,NONE,PASSENGER,PERSONAL,W,LEAVING TRAFFIC LANE TO PARK,,,2,,,,,,,,,,,Y,,,,,,,SIDE-LEFT-REAR,,,,,,,,,,,,,,,,,,,,,,,,,,,,,,,,,
2131073,5da22a20652967c3273dfa37041ad478d2ea011978d7a7cc905e17d4addd48c864452c98cecdc51d23b781772229824898607834606ce6a4e65fd6c9f7aa2d9a,08/18/2025 10:10:00 AM,1,BICYCLE,,,,,,,,,,,,,,,,,,,,,,,,,,,,,,,,,,,,,,,,,,,,,,,,,,,,,,,,,,,,,,,,,,
2131074,5da22a20652967c3273dfa37041ad478d2ea011978d7a7cc905e17d4addd48c864452c98cecdc51d23b781772229824898607834606ce6a4e65fd6c9f7aa2d9a,08/18/2025 10:10:00 AM,2,DRIVER,,2031565,,NISSAN,OTHER (EXPLAIN IN NARRATIVE),IL,2022,NONE,PASSENGER,PERSONAL,N,STRAIGHT AHEAD,,,1,,,,,,,,,,,,,,,Y,,,FRONT-LEFT-CORNER,,,,,,,,,,,,,,,,,,,,,,,,,,,,,,,,,
2131126,e7464162ba5b8ced0c2527e6211a1983beb07db31dcf2363265554982d5724dc4025b8fab2dd12db51336517712ba72f51f53abe9588350149d105a5c322e468,08/18/2025 10:00:00 AM,1,DRIVER,,2031552,,NISSAN,ROGUE,IL,2014,NONE,SPORT UTILITY VEHICLE (SUV),PERSONAL,N,PASSING/OVERTAKING,,,1,,,,,,,Y,Y,Y,,,,,,,,,SIDE-RIGHT-REAR,,,,,,,,,,,,,,,,,,,,,,,,,,,,,,,,,
2131127,e7464162ba5b8ced0c2527e6211a1983beb07db31dcf2363265554982d5724dc4025b8fab2dd12db51336517712ba72f51f53abe9588350149d105a5c322e468,08/18/2025 10:00:00 AM,2,DRIVER,,2031566,,AUTOCAR,AUTOCAR,IL,2009,NONE,OTHER,OTHER,N,OTHER,,,1,,,,,,,,,,,Y,,,,,,,SIDE-LEFT-REAR,,,,,,,,,,,,,,,,,,,,,,,,,,,,,,,,,
2131148,df8caaad72a36ca9a6ca2653b5e76c3ee295a0e6e05794e0ca49802655185315ca37961cb8ba5df100f1293b2f67cf98d2cc1d8ecc93cd90bc86e7df259f6341,08/18/2025 09:50:00 AM,1,DRIVER,,2031580,Y,"PETERBILT MOTORS COMPANY (DIVISION OF PACCAR, INC.)","PETERBILT MOTORS CO., DIVISION PACCAR, INC.",IN,2024,UNKNOWN,TRACTOR W/ SEMI-TRAILER,COMMERCIAL - MULTI-UNIT,E,STRAIGHT AHEAD,,,1,,,,,,,,,,,,,,,,,,TOP,"22,019",759493,,,SIDE OF TRUCK,3,HENIFF TTL LLC,IN,RICHMOND,Y,,5305,N,U,,U,,N,U,6004796C,,,,,,,,TRACTOR/SEMI-TRAILER,VAN/ENCLOSED BOX,UNKNOWN,N,N,FLAMMABLE OR COMBUSTIBLE LIQUID
2131137,94371da4d165b58d2d30fbada06093db831feaa179f6e39e1abc6365bb80845a487f77bd1036c57e1edb8fce5561d57cc09400d315b0d3dc27491348f69ed2f1,08/18/2025 09:45:00 AM,1,DRIVER,,2031560,,CHEVROLET,OTHER (EXPLAIN IN NARRATIVE),IL,2024,NONE,TRUCK - SINGLE UNIT,UNKNOWN/NA,S,SLOW/STOP IN TRAFFIC,,,1,,,,,,,,,,,,,,,,Y,,FRONT,,,,,,,,,,,,,,,,,,,,,,,,,,,,,,,,,
2131138,94371da4d165b58d2d30fbada06093db831feaa179f6e39e1abc6365bb80845a487f77bd1036c57e1edb8fce5561d57cc09400d315b0d3dc27491348f69ed2f1,08/18/2025 09:45:00 AM,2,DRIVER,,2031568,,MERCEDES-BENZ,OTHER (EXPLAIN IN NARRATIVE),IL,2024,NONE,VAN/MINI-VAN,UNKNOWN/NA,S,SLOW/STOP IN TRAFFIC,,,1,,,,,,,,,,Y,,,,,,,,REAR,,,,,,,,,,,,,,,,,,,,,,,,,,,,,,,,,
2131139,a63aa1c55198a4164dce3bfdd745b7c28d9350919672bcc38a613c931b721c5d89982798e3822c374cd749ddb8120871cf7ff5cb4888b9ea6bbb2742c7635e43,08/18/2025 09:39:00 AM,1,DRIVER,,2031567,,UNKNOWN,OTHER (EXPLAIN IN NARRATIVE),IL,,UNKNOWN,OTHER,CONSTRUCTION/MAINTENANCE,E,BACKING,,,1,,,,,,,,,,Y,,,,,,,,REAR,,,,,,,,,,,,,,,,,,,,,,,,,,,,,,,,,
2131140,a63aa1c55198a4164dce3bfdd745b7c28d9350919672bcc38a613c931b721c5d89982798e3822c374cd749ddb8120871cf7ff5cb4888b9ea6bbb2742c7635e43,08/18/2025 09:39:00 AM,2,PARKED,,2031572,,ISUZU,OTHER (EXPLAIN IN NARRATIVE),IL,2020,NONE,TRUCK - SINGLE UNIT,OTHER,S,PARKED,,,0,,,,,,Y,Y,,,,,,,,,,,SIDE-RIGHT,,,,,,,,,,,,,,,,,,,,,,,,,,,,,,,,,
2131069,03a455273868edab5b19d845068da185a9ef6b5dee39823dcf922819d01dbadea344e62604a3f838a6a4f9467ae44afd0d2630cb70ed0e2ca1170de4562b4215,08/18/2025 09:30:00 AM,1,DRIVER,,2031499,,HYUNDAI,ACCENT,IL,2016,UNKNOWN,PASSENGER,UNKNOWN/NA,E,ENTER FROM DRIVE/ALLEY,Y,,1,,streets and san,103/Doty,,,,,,,,,,,,,Y,,FRONT,,,,,,,,,,,,,,,,,,,,,,,,,,,,,,,,,
2131070,03a455273868edab5b19d845068da185a9ef6b5dee39823dcf922819d01dbadea344e62604a3f838a6a4f9467ae44afd0d2630cb70ed0e2ca1170de4562b4215,08/18/2025 09:30:00 AM,2,PARKED,,2031508,,FORD,EXPLORER,IL,2023,NONE,PASSENGER,POLICE,S,PARKED,,,0,,,,,,,,Y,Y,,,,,,,,,SIDE-RIGHT-REAR,,,,,,,,,,,,,,,,,,,,,,,,,,,,,,,,,
2131077,9b6b18201ad267a2d23d0f5efc856062515ea0a0af047d778223fe2b077f9dfb1666a73bf71d5b72b5c34b4ee77fc855036e48470e8a30fc4e7f043eacb942a8,08/18/2025 09:19:00 AM,1,DRIVER,,2031507,,FORD,F150,IL,2008,UNKNOWN,PICKUP,PERSONAL,E,BACKING,,,1,,,,Y,,,,,,,,,,,,,,NONE,,,,,,,,,,,,,,,,,,,,,,,,,,,,,,,,,
2131078,9b6b18201ad267a2d23d0f5efc856062515ea0a0af047d778223fe2b077f9dfb1666a73bf71d5b72b5c34b4ee77fc855036e48470e8a30fc4e7f043eacb942a8,08/18/2025 09:19:00 AM,2,DRIVER,,2031511,,HONDA,CR-V,IL,2015,UNKNOWN,SPORT UTILITY VEHICLE (SUV),PERSONAL,W,STRAIGHT AHEAD,,,1,,,,,Y,,,,,,,,,,,,,REAR-RIGHT-CORNER,,,,,,,,,,,,,,,,,,,,,,,,,,,,,,,,,
2131065,49e8c28ebf9a7182a55fd7b2a77643fb3cd62b70d59abf724a8a46ece9d17158b1cb18943b90cdbc1c6efd4e2a1894f8927557990c0baf4037310e22fe4213d5,08/18/2025 09:15:00 AM,1,DRIVER,,2031488,,UNKNOWN,OTHER (EXPLAIN IN NARRATIVE),IL,,UNKNOWN,TRUCK - SINGLE UNIT,OTHER,N,BACKING,,,1,,,,,,,,,N,Y,,,,,,,,REAR,,,,,,,,,,,,,,,,,,,,,,,,,,,,,,,,,
2131066,49e8c28ebf9a7182a55fd7b2a77643fb3cd62b70d59abf724a8a46ece9d17158b1cb18943b90cdbc1c6efd4e2a1894f8927557990c0baf4037310e22fe4213d5,08/18/2025 09:15:00 AM,2,PARKED,,2031491,,NISSAN,VERSA,IL,2024,OTHER,PASSENGER,PERSONAL,UNKNOWN,PARKED,,,0,,,,,Y,,,,,,,,,,,,,FRONT-RIGHT-CORNER,,,,,,,,,,,,,,,,,,,,,,,,,,,,,,,,,
2131040,4afd1d8c4bfb87062ef98180c8fd3a052c9b30d2cb82db01fcb8b90d739495fba3250a4b112e63e216d1a9b20953f1bdbf1bd0768b605b9de0ae923b2ee09c64,08/18/2025 09:15:00 AM,1,DRIVER,,2031470,,JEEP,COMPASS,IL,2016,NONE,SPORT UTILITY VEHICLE (SUV),PERSONAL,E,STRAIGHT AHEAD,Y,,1,,PERSONAL,TOW YARD,,,,,,,,,,,,,Y,,FRONT,,,,,,,,,,,,,,,,,,,,,,,,,,,,,,,,,
2131041,4afd1d8c4bfb87062ef98180c8fd3a052c9b30d2cb82db01fcb8b90d739495fba3250a4b112e63e216d1a9b20953f1bdbf1bd0768b605b9de0ae923b2ee09c64,08/18/2025 09:15:00 AM,2,DRIVER,1,2031493,,THOMAS BUILT BUS COMPANY,THOMAS BUILT BUS CO.,IL,2017,NONE,BUS OVER 15 PASS.,SCHOOL BUS,E,SLOW/STOP IN TRAFFIC,,,2,,,,,,,,,,Y,,,,,,,,REAR,,,,,,,,,,,,,,,,,,,,,,,,,,,,,,,,,
2131083,d6b5c47764aed116e9f4e465c5b5ca1b54369cb0ebb0d27421c8e59a1fdac8183bce31871f727f1815d396e973d7d33c2b97b109df1e4f6ecc558409cdc45e74,08/18/2025 09:15:00 AM,1,DRIVER,,2031516,,TOYOTA,CAMRY,IL,2022,NONE,PASSENGER,PERSONAL,W,STRAIGHT AHEAD,,,1,,,,,,,,,,,,,,,,Y,,FRONT,,,,,,,,,,,,,,,,,,,,,,,,,,,,,,,,,
2131084,d6b5c47764aed116e9f4e465c5b5ca1b54369cb0ebb0d27421c8e59a1fdac8183bce31871f727f1815d396e973d7d33c2b97b109df1e4f6ecc558409cdc45e74,08/18/2025 09:15:00 AM,2,DRIVER,,2031522,,ACURA,ADX,IL,2010,NONE,PASSENGER,PERSONAL,W,STRAIGHT AHEAD,,,1,,,,,,,,,,Y,,,,,,,,REAR,,,,,,,,,,,,,,,,,,,,,,,,,,,,,,,,,
2131017,2ddd0d19474d269632e16170277360f9728a49489d9029684d3bcdd470e807e18b260fd638419a4ab06ce149015df5214b1cfb4ebe5284fab2f72565670d104f,08/18/2025 09:05:00 AM,1,DRIVER,,2031449,,UNKNOWN,OTHER (EXPLAIN IN NARRATIVE),IL,,UNKNOWN,PICKUP,PERSONAL,S,STRAIGHT AHEAD,,,1,,,,,Y,Y,,,,,,,,N,N,Y,,SIDE-RIGHT,,,,,,,,,,,,,,,,,,,,,,,,,,,,,,,,,
2131018,2ddd0d19474d269632e16170277360f9728a49489d9029684d3bcdd470e807e18b260fd638419a4ab06ce149015df5214b1cfb4ebe5284fab2f72565670d104f,08/18/2025 09:05:00 AM,2,DRIVER,,2031454,,MERCEDES-BENZ,SPRINTER,IL,2022,UNKNOWN,VAN/MINI-VAN,PERSONAL,S,STRAIGHT AHEAD,Y,,1,,private tow,unk,,,,,,,,,,,Y,Y,Y,,SIDE-LEFT-FRONT,,,,,,,,,,,,,,,,,,,,,,,,,,,,,,,,,
2131051,3038ea92ca156599f1a4aaa69af7876074b6e8a7772b773f29137a51ccfdc90d47f3bd135c27311e671e19e2a5d8da489ca2b0cae19b96581a4b23300aa12343,08/18/2025 09:00:00 AM,1,DRIVER,,2031478,,HYUNDAI,VENUE,IL,2025,NONE,PASSENGER,PERSONAL,NW,ENTERING TRAFFIC LANE FROM PARKING,,,1,,,,,Y,,,,,,,,Y,Y,Y,Y,,SIDE-LEFT,,,,,,,,,,,,,,,,,,,,,,,,,,,,,,,,,
2131052,3038ea92ca156599f1a4aaa69af7876074b6e8a7772b773f29137a51ccfdc90d47f3bd135c27311e671e19e2a5d8da489ca2b0cae19b96581a4b23300aa12343,08/18/2025 09:00:00 AM,2,DRIVER,,2031495,,HONDA,PILOT,IL,2005,NONE,PASSENGER,PERSONAL,E,STRAIGHT AHEAD,,,1,,,,,Y,Y,Y,Y,Y,,,,,,,,,SIDE-RIGHT,,,,,,,,,,,,,,,,,,,,,,,,,,,,,,,,,
2131421,7d190201f2631bb7eb1a4a995da6b841cb84c7e501100657f573ca23780ffb05a27d8f9e378557a5a3682a740f13a42ed32f1bf4560ff3eb9152575804e493c4,08/18/2025 09:00:00 AM,1,DRIVER,,2031838,,UNKNOWN,OTHER (EXPLAIN IN NARRATIVE),IL,,UNKNOWN,UNKNOWN/NA,UNKNOWN/NA,UNKNOWN,UNKNOWN/NA,,,1,,,,,,,,,,,,,,,,,Y,UNKNOWN,,,,,,,,,,,,,,,,,,,,,,,,,,,,,,,,,
2131422,7d190201f2631bb7eb1a4a995da6b841cb84c7e501100657f573ca23780ffb05a27d8f9e378557a5a3682a740f13a42ed32f1bf4560ff3eb9152575804e493c4,08/18/2025 09:00:00 AM,2,PARKED,,2031843,,NISSAN,ALTIMA,IL,2023,UNKNOWN,PASSENGER,PERSONAL,UNKNOWN,PARKED,,,0,,,,,,,,,,Y,Y,Y,,,,,,REAR-LEFT-CORNER,,,,,,,,,,,,,,,,,,,,,,,,,,,,,,,,,
2131938,89d855b7418c0caba6b4107a6c7be366205c7a59a566b72563596d734f4291f64939057ea1ec7fd273e0094699406c3554b159d86546fe001b5d623a488f03f2,08/18/2025 09:00:00 AM,1,DRIVER,,2032312,,KENWORTH MOTOR TRUCK COMPANY,KENWORTH MOTOR TRUCK CO.,IL,2009,UNKNOWN,TRUCK - SINGLE UNIT,COMMERCIAL - SINGLE UNIT,N,STRAIGHT AHEAD,,,1,,,,,,,,,,,,,,,,N,Y,FRONT,,,,,,,,,,,,,,,,,,,,,,,,,,,,,,,,,
2131939,89d855b7418c0caba6b4107a6c7be366205c7a59a566b72563596d734f4291f64939057ea1ec7fd273e0094699406c3554b159d86546fe001b5d623a488f03f2,08/18/2025 09:00:00 AM,2,DRIVER,,2032320,,MERCEDES-BENZ,500 SERIES,IL,2007,UNKNOWN,PASSENGER,PERSONAL,N,SLOW/STOP IN TRAFFIC,,,1,,,,,,,,,Y,Y,Y,,,,,,,REAR,,,,,,,,,,,,,,,,,,,,,,,,,,,,,,,,,
2131100,a0936adc294a82bdc5494ec3504b550cc8ee6dd9862639b8b51cfca412edf07530de5d0addff730cd94ca9ff206235a009a6b508d9c360de79e96c1fe689aa47,08/18/2025 09:00:00 AM,1,DRIVER,,2031529,,SUBARU,FORESTER,IL,2015,NONE,PASSENGER,PERSONAL,W,STRAIGHT AHEAD,,,1,,,,,,,,Y,,,,,,,,,,SIDE-RIGHT-REAR,,,,,,,,,,,,,,,,,,,,,,,,,,,,,,,,,
2131101,a0936adc294a82bdc5494ec3504b550cc8ee6dd9862639b8b51cfca412edf07530de5d0addff730cd94ca9ff206235a009a6b508d9c360de79e96c1fe689aa47,08/18/2025 09:00:00 AM,2,DRIVER,,2031539,,JEEP,JEEP,IL,2022,NONE,PASSENGER,PERSONAL,S,STRAIGHT AHEAD,,,1,,,,,,,,Y,Y,,,,,,,,,SIDE-RIGHT-REAR,,,,,,,,,,,,,,,,,,,,,,,,,,,,,,,,,
2131821,aa16de950539ee879a372534e089bacf5719835aa32e6a579f9ae5b4b9fad422052138d82d18b79134cc493f4cd73472bd21d3943f63877efab0e316a6d33c8b,08/18/2025 09:00:00 AM,1,DRIVER,,2032214,,"MORITZ, INC. (MANSFIELD, OH)","MORITZ, INC., MANSFIELD, OHIO",IL,2022,UNKNOWN,TRACTOR W/ SEMI-TRAILER,UNKNOWN/NA,W,STRAIGHT AHEAD,,,1,,,,,,,,,,,Y,Y,,,,,,SIDE-LEFT-REAR,,,,,,,,,,,,,,,,,,,,,,,,,,,,,,,,,
2131822,aa16de950539ee879a372534e089bacf5719835aa32e6a579f9ae5b4b9fad422052138d82d18b79134cc493f4cd73472bd21d3943f63877efab0e316a6d33c8b,08/18/2025 09:00:00 AM,2,DRIVER,,2032220,,ISUZU,OTHER (EXPLAIN IN NARRATIVE),IL,2017,UNKNOWN,PASSENGER,PERSONAL,W,STRAIGHT AHEAD,,,1,,,,,,Y,Y,,,,,,,,,,,SIDE-RIGHT,,,,,,,,,,,,,,,,,,,,,,,,,,,,,,,,,
2132468,ca697c811c65dfb0113cbb1440edcfd9474f5467308905219bce7f3bbc2ed2d92408acb181f8db5241bb350ff4d5604ee8a06d8827bbc6ac3154b80527514536,08/18/2025 09:00:00 AM,1,DRIVER,,2032815,,TOYOTA,SIENNA,GA,2025,NONE,VAN/MINI-VAN,PERSONAL,UNKNOWN,UNKNOWN/NA,,,1,,,,,,,,Y,,,,,,,,,,SIDE-RIGHT-REAR,,,,,,,,,,,,,,,,,,,,,,,,,,,,,,,,,
2131093,d9f753a8543206ab78c4e33176bce2a9f4e242b428528fcb68baffeda30fee501129fef0c74a89d9a410d1ef0b3376719813b9852a7cf4be9925176809c7a8fe,08/18/2025 09:00:00 AM,1,DRIVER,,2031520,,FORD,ECONOLINE E150,IL,2007,UNKNOWN,VAN/MINI-VAN,UNKNOWN/NA,S,STRAIGHT AHEAD,,,1,,,,,,,,,,,,,,,,Y,,FRONT,,,,,,,,,,,,,,,,,,,,,,,,,,,,,,,,,
2131094,d9f753a8543206ab78c4e33176bce2a9f4e242b428528fcb68baffeda30fee501129fef0c74a89d9a410d1ef0b3376719813b9852a7cf4be9925176809c7a8fe,08/18/2025 09:00:00 AM,2,DRIVER,,2031527,,ACURA,TLX,IL,2009,NONE,PASSENGER,PERSONAL,SE,ENTERING TRAFFIC LANE FROM PARKING,,,1,,,,,,,,,,,,,,Y,Y,,,FRONT-LEFT-CORNER,,,,,,,,,,,,,,,,,,,,,,,,,,,,,,,,,
2131036,6843045da305dbf6715a7b55bfec0312bceed2cf7cf5a257f46d7fd66fbcbfd5f9c926637548aebf193dc48ae468f4c98ac8809883c4bab2b8dc236602fe4712,08/18/2025 08:50:00 AM,2,DRIVER,,2031475,,BUICK,ENCLAVE,IL,2010,UNKNOWN,PASSENGER,PERSONAL,E,STRAIGHT AHEAD,Y,,1,,WESTSIDE TOW LLC,HOME,,Y,N,,,,,,,Y,Y,Y,Y,,FRONT-LEFT-CORNER,,,,,,,,,,,,,,,,,,,,,,,,,,,,,,,,,
2131044,6843045da305dbf6715a7b55bfec0312bceed2cf7cf5a257f46d7fd66fbcbfd5f9c926637548aebf193dc48ae468f4c98ac8809883c4bab2b8dc236602fe4712,08/18/2025 08:50:00 AM,1,DRIVER,,2031465,,FORD,ECONOLINE E350,IL,2008,UNKNOWN,VAN/MINI-VAN,PERSONAL,SW,TURNING LEFT,Y,,1,,SELF,HOME,,Y,,,,,,,,,Y,Y,Y,,FRONT-LEFT-CORNER,,,,,,,,,,,,,,,,,,,,,,,,,,,,,,,,,
2131001,2c32ec9e7066f2d230702fe025bf78db67ed5856949e637e5bb2cb8c0b563645509eae88829bde10b5fccb27107f9cd2a953a7aa1e67ccd7dabb93e2a6cf690c,08/18/2025 08:45:00 AM,1,DRIVER,2,2031440,,INFINITI,QX60,IL,2019,NONE,SPORT UTILITY VEHICLE (SUV),PERSONAL,E,TURNING RIGHT,N,,3,,,,,Y,Y,,,,,,,,,,,,FRONT-RIGHT-CORNER,,,,,,,,,,,,,,,,,,,,,,,,,,,,,,,,,
2131002,2c32ec9e7066f2d230702fe025bf78db67ed5856949e637e5bb2cb8c0b563645509eae88829bde10b5fccb27107f9cd2a953a7aa1e67ccd7dabb93e2a6cf690c,08/18/2025 08:45:00 AM,2,DRIVER,,2031464,,SUBARU,RX,IL,2020,NONE,PASSENGER,PERSONAL,E,TURNING RIGHT,,,1,,,,,,,,,,,,Y,Y,Y,,,,SIDE-LEFT,,,,,,,,,,,,,,,,,,,,,,,,,,,,,,,,,
2131022,220bb26ce7af7d5401f446519f3f0f8b52c2db7f6ba51e0048749a07125f09ecbe9024b75e2cc25aadcf7632a68434503b98488f2a66502300c20561a6bf5147,08/18/2025 08:41:00 AM,1,DRIVER,,2031458,,HONDA,CR-V,IL,2011,NONE,PASSENGER,PERSONAL,W,PASSING/OVERTAKING,,,1,,,,,,Y,Y,,,,,,,,,,,SIDE-RIGHT,,,,,,,,,,,,,,,,,,,,,,,,,,,,,,,,,
2131023,220bb26ce7af7d5401f446519f3f0f8b52c2db7f6ba51e0048749a07125f09ecbe9024b75e2cc25aadcf7632a68434503b98488f2a66502300c20561a6bf5147,08/18/2025 08:41:00 AM,2,DRIVER,,2031469,,TOYOTA,PRIUS,IL,2006,NONE,PASSENGER,PERSONAL,W,BACKING,,,1,,,,,,,,,,,,,,,Y,,,FRONT-LEFT-CORNER,,,,,,,,,,,,,,,,,,,,,,,,,,,,,,,,,
2131059,d708158bcfcf94663ae1dc3b979627ce6cf52edb69f1af74745da9a5bc3156f4c04d2aa2338752a09743dbeb50205fdedca62376caecb1217e2a46fb6dbcb170,08/18/2025 08:41:00 AM,1,DRIVER,1,2031494,,MITSUBISHI,OUTLANDER,IN,2011,NONE,SPORT UTILITY VEHICLE (SUV),PERSONAL,NW,TURNING LEFT,Y,,2,,Insurance,House,,Y,Y,Y,Y,,,,,,,,,,SIDE-RIGHT,,,,,,,,,,,,,,,,,,,,,,,,,,,,,,,,,
2131060,d708158bcfcf94663ae1dc3b979627ce6cf52edb69f1af74745da9a5bc3156f4c04d2aa2338752a09743dbeb50205fdedca62376caecb1217e2a46fb6dbcb170,08/18/2025 08:41:00 AM,2,DRIVER,6,2031517,,DODGE,JOURNEY,IL,2020,NONE,SPORT UTILITY VEHICLE (SUV),PERSONAL,S,STRAIGHT AHEAD,Y,,7,,Onwner,House,,Y,Y,,,,,,,,Y,Y,Y,,FRONT,,,,,,,,,,,,,,,,,,,,,,,,,,,,,,,,,
2131042,b03a5562b7883f41033b4bf5b212cf4b6255131211e9598b7d4abb30dc86e73734f3847073d4d308d3bf64c299d30b7895bca7799e6be26822e23795f82b9ed2,08/18/2025 08:40:00 AM,1,DRIVER,,2031466,,UNKNOWN,OTHER (EXPLAIN IN NARRATIVE),,,UNKNOWN,UNKNOWN/NA,UNKNOWN/NA,S,STRAIGHT AHEAD,,,1,,,,,Y,,,,,,,,,,Y,Y,,FRONT,,,,,,,,,,,,,,,,,,,,,,,,,,,,,,,,,
2131043,b03a5562b7883f41033b4bf5b212cf4b6255131211e9598b7d4abb30dc86e73734f3847073d4d308d3bf64c299d30b7895bca7799e6be26822e23795f82b9ed2,08/18/2025 08:40:00 AM,2,DRIVER,,2031498,,KIA,OPTIMA / K5,IL,,UNKNOWN,PASSENGER,PERSONAL,S,STRAIGHT AHEAD,,,1,,,,,,,,,Y,Y,Y,,,,,,,REAR,,,,,,,,,,,,,,,,,,,,,,,,,,,,,,,,,
2134024,3d9eec0f0a9c257b9467abf2caf06ca836b5f42fcc45f71e76bed355676032d5bdcbe33c5aa62276007f01b55f71e21367b123c840e6459f968da752162514b7,08/18/2025 08:35:00 AM,1,DRIVER,,2034348,,UNKNOWN,MOTORIZED,XX,,UNKNOWN,SPORT UTILITY VEHICLE (SUV),UNKNOWN/NA,E,STRAIGHT AHEAD,,,1,,,,,,,,,,,,,,,Y,,,FRONT-LEFT-CORNER,,,,,,,,,,,,,,,,,,,,,,,,,,,,,,,,,
2134025,3d9eec0f0a9c257b9467abf2caf06ca836b5f42fcc45f71e76bed355676032d5bdcbe33c5aa62276007f01b55f71e21367b123c840e6459f968da752162514b7,08/18/2025 08:35:00 AM,2,DRIVER,,2034342,,CHEVROLET,SILVERADO,IL,2020,NONE,PICKUP,PERSONAL,E,TURNING RIGHT,,,1,,,,,,,,Y,,,,,,,,,,SIDE-RIGHT-REAR,,,,,,,,,,,,,,,,,,,,,,,,,,,,,,,,,
2131061,21623be04a61438f6b20324d186a92cd1b5c1173a7744717425e6c42d1c13cc2b57c154b87ef4e9b3b9d0fb422a46226559e8b4c1a241a61afbce62a36173209,08/18/2025 08:30:00 AM,1,DRIVER,,2031485,,UNKNOWN,ENCLOSED BODY,,,UNKNOWN,UNKNOWN/NA,UNKNOWN/NA,UNKNOWN,UNKNOWN/NA,,,1,,,,,,,,,,,,,,,,,Y,UNKNOWN,,,,,,,,,,,,,,,,,,,,,,,,,,,,,,,,,
2131062,21623be04a61438f6b20324d186a92cd1b5c1173a7744717425e6c42d1c13cc2b57c154b87ef4e9b3b9d0fb422a46226559e8b4c1a241a61afbce62a36173209,08/18/2025 08:30:00 AM,2,PARKED,,2031487,,TOYOTA,COROLLA,IL,2018,NONE,PASSENGER,PERSONAL,W,PARKED,,,0,,,,,,,,,,,,,,,Y,,,SIDE-LEFT,,,,,,,,,,,,,,,,,,,,,,,,,,,,,,,,,
2131257,685514c88a4ff3e6cb4b6ce796bd3fca754c4530a7b34a945b04193adf14e5df9265b783b9d228a4fd14549160ba5ac83f9df008c1b244289af1b8a09d78e888,08/18/2025 08:30:00 AM,1,DRIVER,,2031686,,UNKNOWN,MOTORIZED,,,UNKNOWN,UNKNOWN/NA,UNKNOWN/NA,UNKNOWN,UNKNOWN/NA,,,1,,,,,,,,,,,,,,,,,Y,UNKNOWN,,,,,,,,,,,,,,,,,,,,,,,,,,,,,,,,,
2131258,685514c88a4ff3e6cb4b6ce796bd3fca754c4530a7b34a945b04193adf14e5df9265b783b9d228a4fd14549160ba5ac83f9df008c1b244289af1b8a09d78e888,08/18/2025 08:30:00 AM,2,PARKED,,2031684,,HYUNDAI,SANTA FE,IL,2015,UNKNOWN,SPORT UTILITY VEHICLE (SUV),PERSONAL,S,PARKED,,,0,,,,,Y,,,,,,,,,,,,,FRONT-RIGHT-CORNER,,,,,,,,,,,,,,,,,,,,,,,,,,,,,,,,,
2130985,78b95450c1fd2a9491d21fcc36399e9f169ce6b35f693deea58c292f5c042d5b76e3861a514c396a930c1a11013d31dbd38ea048c1c7de9f8b2d8157e42a47f3,08/18/2025 08:30:00 AM,1,DRIVER,,2031421,,HONDA,PILOT,IL,2020,NONE,PASSENGER,PERSONAL,SE,TURNING LEFT,,,1,,,,,,,,,,,,,,,,,Y,UNKNOWN,,,,,,,,,,,,,,,,,,,,,,,,,,,,,,,,,