CRASH_UNIT_ID,CRASH_RECORD_ID,CRASH_DATE,UNIT_NO,UNIT_TYPE,NUM_PASSENGERS,VEHICLE_ID,CMRC_VEH_I,MAKE,MODEL,LIC_PLATE_STATE,VEHICLE_YEAR,VEHICLE_DEFECT,VEHICLE_TYPE,VEHICLE_USE,TRAVEL_DIRECTION,MANEUVER,TOWED_I,FIRE_I,OCCUPANT_CNT,EXCEED_SPEED_LIMIT_I,TOWED_BY,TOWED_TO,AREA_00_I,AREA_01_I,AREA_02_I,AREA_03_I,AREA_04_I,AREA_05_I,AREA_06_I,AREA_07_I,AREA_08_I,AREA_09_I,AREA_10_I,AREA_11_I,AREA_12_I,AREA_99_I,FIRST_CONTACT_POINT,CMV_ID,USDOT_NO,CCMC_NO,ILCC_NO,COMMERCIAL_SRC,GVWR,CARRIER_NAME,CARRIER_STATE,CARRIER_CITY,HAZMAT_PLACARDS_I,HAZMAT_NAME,UN_NO,HAZMAT_PRESENT_I,HAZMAT_REPORT_I,HAZMAT_REPORT_NO,MCS_REPORT_I,MCS_REPORT_NO,HAZMAT_VIO_CAUSE_CRASH_I,MCS_VIO_CAUSE_CRASH_I,IDOT_PERMIT_NO,WIDE_LOAD_I,TRAILER1_WIDTH,TRAILER2_WIDTH,TRAILER1_LENGTH,TRAILER2_LENGTH,TOTAL_VEHICLE_LENGTH,AXLE_CNT,VEHICLE_CONFIG,CARGO_BODY_TYPE,LOAD_TYPE,HAZMAT_OUT_OF_SERVICE_I,MCS_OUT_OF_SERVICE_I,HAZMAT_CLASS
2130986,78b95450c1fd2a9491d21fcc36399e9f169ce6b35f693deea58c292f5c042d5b76e3861a514c396a930c1a11013d31dbd38ea048c1c7de9f8b2d8157e42a47f3,08/18/2025 08:30:00 AM,2,PARKED,,2031423,,BUICK,ENVISION,IL,2025,NONE,PASSENGER,PERSONAL,N,PARKED,,,0,,,,,,,,,,,Y,,,,,,,SIDE-LEFT-REAR,,,,,,,,,,,,,,,,,,,,,,,,,,,,,,,,,
2131028,a9a0d6eb9dd7c63ce88185424bdbf9670095cd5691fbb7b3c617e218494302dfe17569789511bd02de16ca8918dd2cbe46f0b9418744f992f34827efaebc2170,08/18/2025 08:30:00 AM,1,DRIVER,,2031455,,UNKNOWN,OTHER (EXPLAIN IN NARRATIVE),,,UNKNOWN,PASSENGER,UNKNOWN/NA,W,STRAIGHT AHEAD,,,1,,,,,Y,Y,Y,Y,Y,,,,,,,,,SIDE-RIGHT,,,,,,,,,,,,,,,,,,,,,,,,,,,,,,,,,
2131029,a9a0d6eb9dd7c63ce88185424bdbf9670095cd5691fbb7b3c617e218494302dfe17569789511bd02de16ca8918dd2cbe46f0b9418744f992f34827efaebc2170,08/18/2025 08:30:00 AM,2,DRIVER,,2031460,,KIA,TELLURIDE,IL,2021,NONE,SPORT UTILITY VEHICLE (SUV),PERSONAL,SW,TURNING RIGHT,,,1,,,,,,,,,,,,,,Y,Y,Y,,FRONT-LEFT-CORNER,,,,,,,,,,,,,,,,,,,,,,,,,,,,,,,,,
2131089,e7ec43a9b2d0269bc90e394de7270d9a9b6db6af8a2e0fca706636c15fe448be15db2a60909d682da3166d28c036bb3628141890c92f5f4672d8bd6a77e41775,08/18/2025 08:25:00 AM,1,DRIVER,,2031537,,HONDA,PILOT,IL,2018,UNKNOWN,SPORT UTILITY VEHICLE (SUV),PERSONAL,E,STRAIGHT AHEAD,,,1,,,,,Y,Y,,,,,,,,,,Y,,FRONT-RIGHT-CORNER,,,,,,,,,,,,,,,,,,,,,,,,,,,,,,,,,
2131090,e7ec43a9b2d0269bc90e394de7270d9a9b6db6af8a2e0fca706636c15fe448be15db2a60909d682da3166d28c036bb3628141890c92f5f4672d8bd6a77e41775,08/18/2025 08:25:00 AM,2,PARKED,3,2031563,,CHRYSLER,300,IL,2005,NONE,PASSENGER,PERSONAL,E,PARKED,,,3,,,,,,,,,,Y,Y,Y,,,,,,REAR-LEFT-CORNER,,,,,,,,,,,,,,,,,,,,,,,,,,,,,,,,,
2130981,2fdc20aa9d0f0bf8cb59ed5fc11441f082869f026dda9d6a7dc57d7c22891067d6f4b18a2e5f5f02b75a39203f7a5cb53c13943b1076533fa406480c247f5f6a,08/18/2025 08:20:00 AM,1,DRIVER,,2031418,,CHEVROLET,TRAVERSE,IL,,UNKNOWN,SPORT UTILITY VEHICLE (SUV),PERSONAL,W,BACKING,,,1,,,,,,,,,Y,Y,Y,,,,,,,REAR,,,,,,,,,,,,,,,,,,,,,,,,,,,,,,,,,
2130982,2fdc20aa9d0f0bf8cb59ed5fc11441f082869f026dda9d6a7dc57d7c22891067d6f4b18a2e5f5f02b75a39203f7a5cb53c13943b1076533fa406480c247f5f6a,08/18/2025 08:20:00 AM,2,DRIVER,,2031424,,JEEP,CHEROKEE,IL,2019,NONE,SPORT UTILITY VEHICLE (SUV),PERSONAL,N,STRAIGHT AHEAD,,,1,,,,,,Y,Y,Y,,,,,,,,,,SIDE-RIGHT,,,,,,,,,,,,,,,,,,,,,,,,,,,,,,,,,
2130999,60c0a52df1b812e7873b2f06e5f37a6058b0c5ca5300b7dfca7414f2bdf5d005421ddb3f0b9a93c723417e35f2c96de134d7fed97bfef23705912d30209430d8,08/18/2025 08:20:00 AM,1,DRIVER,,2031445,,NISSAN,ALTIMA,IL,2018,UNKNOWN,PASSENGER,UNKNOWN/NA,S,UNKNOWN/NA,,,1,,,,,,,,,,,,,,,,,Y,UNKNOWN,,,,,,,,,,,,,,,,,,,,,,,,,,,,,,,,,
2131000,60c0a52df1b812e7873b2f06e5f37a6058b0c5ca5300b7dfca7414f2bdf5d005421ddb3f0b9a93c723417e35f2c96de134d7fed97bfef23705912d30209430d8,08/18/2025 08:20:00 AM,2,DRIVER,1,2031439,,BMW,X5,IL,2021,UNKNOWN,SPORT UTILITY VEHICLE (SUV),PERSONAL,S,SLOW/STOP IN TRAFFIC,,,2,,,,,,,,,Y,Y,Y,,,,,,,REAR,,,,,,,,,,,,,,,,,,,,,,,,,,,,,,,,,
2132183,80ecc55cade318108d500db2965207ed60876bd49d3c55e2bf26143e845c57af1f7efbaadf30f6d958f4aa959ef0ad91472a008d5fd1d24029da41c1c0b0892d,08/18/2025 08:20:00 AM,1,DRIVER,,2032541,,HONDA,CIVIC,,,UNKNOWN,PASSENGER,PERSONAL,E,TURNING RIGHT,,,1,,,,,,,,,,,,,,,,,Y,UNKNOWN,,,,,,,,,,,,,,,,,,,,,,,,,,,,,,,,,
2132184,80ecc55cade318108d500db2965207ed60876bd49d3c55e2bf26143e845c57af1f7efbaadf30f6d958f4aa959ef0ad91472a008d5fd1d24029da41c1c0b0892d,08/18/2025 08:20:00 AM,2,DRIVER,,2032564,,NISSAN,ROGUE,IL,2022,NONE,PASSENGER,PERSONAL,S,STRAIGHT AHEAD,,,1,,,,,,,,,,,,,,,Y,N,,FRONT-LEFT-CORNER,,,,,,,,,,,,,,,,,,,,,,,,,,,,,,,,,
2131007,3db46a14d1f1cd6efc963c695f86277b3af0b0bac354b0ab12b930bb8e5dcdc8c94e0b06e8a4f3f0214bbd400eb0def05a68efa2a645ba110d83a175922d04b3,08/18/2025 08:15:00 AM,1,DRIVER,,2031447,,UNKNOWN,OTHER (EXPLAIN IN NARRATIVE),IL,,UNKNOWN,UNKNOWN/NA,UNKNOWN/NA,UNKNOWN,UNKNOWN/NA,,,1,,,,,,,,,,,,,,,,,,UNKNOWN,,,,,,,,,,,,,,,,,,,,,,,,,,,,,,,,,
2131008,3db46a14d1f1cd6efc963c695f86277b3af0b0bac354b0ab12b930bb8e5dcdc8c94e0b06e8a4f3f0214bbd400eb0def05a68efa2a645ba110d83a175922d04b3,08/18/2025 08:15:00 AM,2,PARKED,,2031442,,HONDA,CR-V,IL,2017,NONE,PASSENGER,PERSONAL,E,PARKED,,,0,,,,,,,,,,,Y,Y,Y,,,,,SIDE-LEFT,,,,,,,,,,,,,,,,,,,,,,,,,,,,,,,,,
2130992,7abee14a7e736251c048929add73ad785b4fe72b98931b27e8c8ca77e6e1ff3d18ba9bd270d3b7d177f418e36826bd30edb8423d30b5d0ec23add293c20fd1da,08/18/2025 08:15:00 AM,2,PARKED,5,2031441,,MODEL A AND MODEL T MOTOR CAR REPRODUCTION CORPORATION,MODEL A AND MODEL T MOTOR CAR REPRODUCTION CORP.,,,UNKNOWN,OTHER,FIRE,W,PARKED,,,5,,,,,,,,,,,Y,Y,Y,,,,,SIDE-LEFT,,,,,,,,,,,,,,,,,,,,,,,,,,,,,,,,,
2130994,7abee14a7e736251c048929add73ad785b4fe72b98931b27e8c8ca77e6e1ff3d18ba9bd270d3b7d177f418e36826bd30edb8423d30b5d0ec23add293c20fd1da,08/18/2025 08:15:00 AM,1,DRIVER,,2031430,,FORD,OTHER (EXPLAIN IN NARRATIVE),IL,2019,UNKNOWN,TRUCK - SINGLE UNIT,CONSTRUCTION/MAINTENANCE,W,STRAIGHT AHEAD,,,1,,,,Y,,,,,,,,,,,,,,OTHER,,,,,,,,,,,,,,,,,,,,,,,,,,,,,,,,,
2131102,d7df19b9c549cd478b44474b18251cbbd90514d44095eebe8d8c9dbfa7714febd0a3fd4c5257de5bbd9d763a2f7e8ad4bad67a9379635766a899b85be9c25d1a,08/18/2025 08:15:00 AM,1,DRIVER,,2031526,,HONDA,ACCORD,IL,2012,NONE,PASSENGER,PERSONAL,N,STRAIGHT AHEAD,,,1,,,,,Y,,,,,,,,,,,Y,,FRONT,,,,,,,,,,,,,,,,,,,,,,,,,,,,,,,,,
2131103,d7df19b9c549cd478b44474b18251cbbd90514d44095eebe8d8c9dbfa7714febd0a3fd4c5257de5bbd9d763a2f7e8ad4bad67a9379635766a899b85be9c25d1a,08/18/2025 08:15:00 AM,2,DRIVER,2,2031544,,MITSUBISHI,OUTLANDER,IL,2015,NONE,PASSENGER,PERSONAL,N,SLOW/STOP IN TRAFFIC,,,3,,,,,,,,,,Y,Y,,,,,,,REAR,,,,,,,,,,,,,,,,,,,,,,,,,,,,,,,,,
2131168,57296c53e906772ae2e4543936d39e3ad17c4ee47d8a04b90717ed7fee7872106d8d463f392ad8a15ded4b1c84ecb9ef300b7e19fde6a1a0c2933ff1056560db,08/18/2025 08:10:00 AM,2,DRIVER,,2031595,,NISSAN,VERSA,IL,2015,UNKNOWN,PASSENGER,OTHER,S,STRAIGHT AHEAD,,,1,,,,Y,,,,,,,,,,,,,,REAR,,,,,,,,,,,,,,,,,,,,,,,,,,,,,,,,,
2131169,57296c53e906772ae2e4543936d39e3ad17c4ee47d8a04b90717ed7fee7872106d8d463f392ad8a15ded4b1c84ecb9ef300b7e19fde6a1a0c2933ff1056560db,08/18/2025 08:10:00 AM,1,DRIVER,,2031607,,CHEVROLET,SILVERADO,WI,2007,UNKNOWN,SPORT UTILITY VEHICLE (SUV),PERSONAL,S,STRAIGHT AHEAD,,,1,,,,Y,,,,,,,,,,,,,,FRONT,,,,,,,,,,,,,,,,,,,,,,,,,,,,,,,,,
2131067,bc31433c8226550d38f8afc0733277ca8c96a947967471725ffd3e0f0897dadca297c572c0e9ff6f270a13df2faa637e9a670cee880fb78a59be153b2a3204da,08/18/2025 08:09:00 AM,1,DRIVER,,2031496,,FORD,OTHER (EXPLAIN IN NARRATIVE),IL,2022,UNKNOWN,PASSENGER,UNKNOWN/NA,E,STRAIGHT AHEAD,,,1,,,,,Y,,,,,,,,,,,,Y,FRONT-RIGHT-CORNER,,,,,,,,,,,,,,,,,,,,,,,,,,,,,,,,,
2131068,bc31433c8226550d38f8afc0733277ca8c96a947967471725ffd3e0f0897dadca297c572c0e9ff6f270a13df2faa637e9a670cee880fb78a59be153b2a3204da,08/18/2025 08:09:00 AM,2,DRIVER,,2031505,,FORD,TRANSIT,IL,2022,UNKNOWN,VAN/MINI-VAN,UNKNOWN/NA,E,STRAIGHT AHEAD,,,1,,,,,,,,,,,,,,Y,N,,,OTHER,,,,,,,,,,,,,,,,,,,,,,,,,,,,,,,,,
2131015,8b6dd4781e97f619b12915396667e5c49a681a65c5fd51c348087030b898ad44562905b1add3ac7825b3eb1f0586db86d42a5ae72b192ed399d26f593f43ae5d,08/18/2025 08:07:00 AM,1,DRIVER,,2031453,,NISSAN,OTHER (EXPLAIN IN NARRATIVE),IL,2016,UNKNOWN,SPORT UTILITY VEHICLE (SUV),UNKNOWN/NA,E,CHANGING LANES,,,1,,,,,,Y,Y,,,,,,,,,,,SIDE-RIGHT,,,,,,,,,,,,,,,,,,,,,,,,,,,,,,,,,
2131016,8b6dd4781e97f619b12915396667e5c49a681a65c5fd51c348087030b898ad44562905b1add3ac7825b3eb1f0586db86d42a5ae72b192ed399d26f593f43ae5d,08/18/2025 08:07:00 AM,2,DRIVER,,2031451,,FORD,ESCAPE,IL,2014,UNKNOWN,SPORT UTILITY VEHICLE (SUV),PERSONAL,E,STRAIGHT AHEAD,,,1,,,,,,,,,,,,,Y,Y,,,,SIDE-LEFT,,,,,,,,,,,,,,,,,,,,,,,,,,,,,,,,,
2131049,fb15a5b8f12faca735100c1e80cc22d02f0ac29c8d8d061879a9329caab229247eed55575b3765ffc7554a1cffd9e9b69283bc23a6f8d4379b9ad925d377c984,08/18/2025 08:05:00 AM,1,DRIVER,,2031482,,TESLA,MODEL Y,IL,2024,NONE,PASSENGER,PERSONAL,N,TURNING RIGHT,,,1,,,,,,,Y,,,,,,,,,,,SIDE-RIGHT,,,,,,,,,,,,,,,,,,,,,,,,,,,,,,,,,
2131050,fb15a5b8f12faca735100c1e80cc22d02f0ac29c8d8d061879a9329caab229247eed55575b3765ffc7554a1cffd9e9b69283bc23a6f8d4379b9ad925d377c984,08/18/2025 08:05:00 AM,2,DRIVER,,2031503,,TOYOTA,HIGHLANDER,IL,2017,NONE,PASSENGER,PERSONAL,N,TURNING RIGHT,Y,,1,,PRIVATE,,,,,,,,,,,,Y,Y,,,FRONT-LEFT-CORNER,,,,,,,,,,,,,,,,,,,,,,,,,,,,,,,,,
2130995,60a1e6a9f0e7c38ddfa17b5231044df8448479b842025c4ee35942f537882b4daec559beaab7015b1939a5e4f8ea47e7d15f68d5522f6ce42be6674fdd9f0ded,08/18/2025 08:03:00 AM,1,DRIVER,,2031432,,FORD,ECONOLINE 100,IL,2000,NONE,PASSENGER,PERSONAL,N,STRAIGHT AHEAD,,,1,,,,,Y,,,,,,,,,,,Y,,FRONT,,,,,,,,,,,,,,,,,,,,,,,,,,,,,,,,,
2130996,60a1e6a9f0e7c38ddfa17b5231044df8448479b842025c4ee35942f537882b4daec559beaab7015b1939a5e4f8ea47e7d15f68d5522f6ce42be6674fdd9f0ded,08/18/2025 08:03:00 AM,2,DRIVER,,2031437,,NISSAN,PATHFINDER,IL,2024,NONE,PASSENGER,PERSONAL,W,PASSING/OVERTAKING,,,1,,,,,,,,,,,,,,Y,Y,Y,,FRONT-LEFT-CORNER,,,,,,,,,,,,,,,,,,,,,,,,,,,,,,,,,
2130979,03d0c64b7d6c50b472beaa273373e0c10b8f0cf4f9d9a255053f15de412b7902a02c099b0019a5c01afd9652659161e3ab7689bc53cd2eb4878534474c905b0b,08/18/2025 08:02:00 AM,1,DRIVER,,2031417,,TOYOTA,HIGHLANDER,IL,2017,UNKNOWN,SPORT UTILITY VEHICLE (SUV),PERSONAL,N,PASSING/OVERTAKING,,,1,,,,,,,,,,,,,,Y,Y,,,FRONT-LEFT-CORNER,,,,,,,,,,,,,,,,,,,,,,,,,,,,,,,,,
2130980,03d0c64b7d6c50b472beaa273373e0c10b8f0cf4f9d9a255053f15de412b7902a02c099b0019a5c01afd9652659161e3ab7689bc53cd2eb4878534474c905b0b,08/18/2025 08:02:00 AM,2,DRIVER,,2031427,,TESLA,MODEL Y,IL,2024,NONE,PASSENGER,PERSONAL,N,STRAIGHT AHEAD,,,1,,,,,,Y,Y,,,,,,,,,,,SIDE-RIGHT,,,,,,,,,,,,,,,,,,,,,,,,,,,,,,,,,
2130997,7e9f2aad63a6d4952f7b85ca8cdcb62573d02e114035dbb8fdb38ce15b54bd6f123694066916e67c55e708825c205c6feac7208ad58f2537fc36c3ca44106572,08/18/2025 08:00:00 AM,1,DRIVER,,2031431,,CHEVROLET,OTHER (EXPLAIN IN NARRATIVE),IL,2018,OTHER,TRUCK - SINGLE UNIT,UNKNOWN/NA,S,STRAIGHT AHEAD,,,1,,,,,,,,,,,,,,,,,Y,UNKNOWN,,,,,,,,,,,,,,,,,,,,,,,,,,,,,,,,,
2130998,7e9f2aad63a6d4952f7b85ca8cdcb62573d02e114035dbb8fdb38ce15b54bd6f123694066916e67c55e708825c205c6feac7208ad58f2537fc36c3ca44106572,08/18/2025 08:00:00 AM,2,PARKED,,2031436,,VOLKSWAGEN,TIGUAN,IL,2020,NONE,SPORT UTILITY VEHICLE (SUV),NOT IN USE,S,PARKED,,,0,,,,,,,,,,,,,,Y,,,,SIDE-LEFT-FRONT,,,,,,,,,,,,,,,,,,,,,,,,,,,,,,,,,
2131146,f13519153e852d6d61a6d761fe1fa03abdf8570dcb8248d277b82931113dce024d790724d733b392d0bfc53f73ac7f8865c7981e7bafa2da629b160273945d9d,08/18/2025 08:00:00 AM,1,DRIVER,1,2031576,,MAZDA,MAZDA3,IL,2014,UNKNOWN,PASSENGER,PERSONAL,E,OTHER,,,2,,,,,,,,Y,,,,,,,,,,SIDE-RIGHT-REAR,,,,,,,,,,,,,,,,,,,,,,,,,,,,,,,,,
2131147,f13519153e852d6d61a6d761fe1fa03abdf8570dcb8248d277b82931113dce024d790724d733b392d0bfc53f73ac7f8865c7981e7bafa2da629b160273945d9d,08/18/2025 08:00:00 AM,2,DRIVER,2,2031584,,NISSAN,ALTIMA,IL,2009,UNKNOWN,PASSENGER,PERSONAL,E,ENTERING TRAFFIC LANE FROM PARKING,,,3,,,,,,,,,,,,Y,Y,Y,,,,SIDE-LEFT-FRONT,,,,,,,,,,,,,,,,,,,,,,,,,,,,,,,,,
2131549,f2dd5b858d40970dc5eafff23da85fd9c12d1e2f9b12dbbfc9b8f2648f316b0b5eeea78866f5e33c69ba8ad57e0b2ef422e7a2bb661f5959246330f5670826f4,08/18/2025 08:00:00 AM,1,DRIVER,,2031962,,HONDA,CIVIC,IN,2018,UNKNOWN,PASSENGER,PERSONAL,W,STRAIGHT AHEAD,,,1,,,,,,,,,,,,,,,,Y,,FRONT,,,,,,,,,,,,,,,,,,,,,,,,,,,,,,,,,
2131550,f2dd5b858d40970dc5eafff23da85fd9c12d1e2f9b12dbbfc9b8f2648f316b0b5eeea78866f5e33c69ba8ad57e0b2ef422e7a2bb661f5959246330f5670826f4,08/18/2025 08:00:00 AM,2,DRIVER,,2031965,,BMW,OTHER (EXPLAIN IN NARRATIVE),FL,2025,NONE,UNKNOWN/NA,OTHER,W,SLOW/STOP IN TRAFFIC,,,1,,,,,,,,,,Y,,,,,,,,REAR,,,,,,,,,,,,,,,,,,,,,,,,,,,,,,,,,
2131026,1770ca3e3a6a431337e60e3d4ba3b86ee1e6b1a2ad9ac554fd2c312b0e2719fb30a6667298fb5455614e11157bd410cb894ee12fd04af8a9399c94ee9884461c,08/18/2025 07:57:00 AM,1,DRIVER,,2031463,,CHEVROLET,OTHER (EXPLAIN IN NARRATIVE),IL,2014,UNKNOWN,PASSENGER,PERSONAL,N,BACKING,,,1,,,,,,,,Y,Y,,,,,,,,,SIDE-RIGHT-REAR,,,,,,,,,,,,,,,,,,,,,,,,,,,,,,,,,
2131027,1770ca3e3a6a431337e60e3d4ba3b86ee1e6b1a2ad9ac554fd2c312b0e2719fb30a6667298fb5455614e11157bd410cb894ee12fd04af8a9399c94ee9884461c,08/18/2025 07:57:00 AM,2,DRIVER,,2031471,,BMW,OTHER (EXPLAIN IN NARRATIVE),,2015,NONE,PASSENGER,PERSONAL,S,STARTING IN TRAFFIC,,,1,,,,,,,,,,,,,,,Y,,,FRONT-LEFT-CORNER,,,,,,,,,,,,,,,,,,,,,,,,,,,,,,,,,
2131003,65021231774a2de6bf8d51753ee727af8debf54513cae9e5393496afd7df3ab3cd4feae8363d2f36ec21e9c4630e19a85b4e6b98af1b43867ecfb01a9f85a6d0,08/18/2025 07:53:00 AM,1,DRIVER,1,2031438,,HYUNDAI,ELANTRA,IL,2023,NONE,PASSENGER,PERSONAL,S,STRAIGHT AHEAD,,,2,,,,,Y,Y,Y,Y,Y,,,,,,,,,SIDE-RIGHT,,,,,,,,,,,,,,,,,,,,,,,,,,,,,,,,,
2131004,65021231774a2de6bf8d51753ee727af8debf54513cae9e5393496afd7df3ab3cd4feae8363d2f36ec21e9c4630e19a85b4e6b98af1b43867ecfb01a9f85a6d0,08/18/2025 07:53:00 AM,2,DRIVER,2,2031444,,DODGE,GRAND CARAVAN,IL,2019,NONE,VAN/MINI-VAN,PERSONAL,E,TURNING LEFT,Y,,3,,,,,Y,Y,,,,,,,,Y,Y,Y,,FRONT,,,,,,,,,,,,,,,,,,,,,,,,,,,,,,,,,
2131020,120c0a41679a1dc60cd27537ecb4322fadab9a4996916a75f577141d0809fb3307c1a0a54f401de4fbf5408578dda6c60c1ef83165922cb37b34c7ae6a1f657a,08/18/2025 07:48:00 AM,1,DRIVER,,2031450,,UNKNOWN,MOTORIZED,,,UNKNOWN,SPORT UTILITY VEHICLE (SUV),PERSONAL,S,STRAIGHT AHEAD,,,1,,,,,,,,,,,,,,,,Y,Y,FRONT,,,,,,,,,,,,,,,,,,,,,,,,,,,,,,,,,
2131021,120c0a41679a1dc60cd27537ecb4322fadab9a4996916a75f577141d0809fb3307c1a0a54f401de4fbf5408578dda6c60c1ef83165922cb37b34c7ae6a1f657a,08/18/2025 07:48:00 AM,2,DRIVER,,2031457,,HONDA,ACCORD,IL,2014,NONE,PASSENGER,PERSONAL,E,STRAIGHT AHEAD,,,1,,,,,,,,,,N,Y,,,,,,,REAR,,,,,,,,,,,,,,,,,,,,,,,,,,,,,,,,,
2131037,da0d286f9cf99ce3f5d5ab67f85fb0c2e5903c178edb7af0eb8c51b48d456b3c0fedc4698c53d35f2d02fa9cbe93c58fb6cd5387f4a6aee2b85802601aa02f14,08/18/2025 07:45:00 AM,1,DRIVER,,2031476,,HONDA,ODYSSEY,IL,2005,UNKNOWN,VAN/MINI-VAN,PERSONAL,N,STRAIGHT AHEAD,,,1,,,,,,,,,,,,,,,,Y,,FRONT,,,,,,,,,,,,,,,,,,,,,,,,,,,,,,,,,
2131038,da0d286f9cf99ce3f5d5ab67f85fb0c2e5903c178edb7af0eb8c51b48d456b3c0fedc4698c53d35f2d02fa9cbe93c58fb6cd5387f4a6aee2b85802601aa02f14,08/18/2025 07:45:00 AM,2,DRIVER,3,2031497,,CHEVROLET,CRUZE,,2017,UNKNOWN,PASSENGER,PERSONAL,N,STRAIGHT AHEAD,,,4,,,,,,,,,,Y,,,,,,Y,,REAR,,,,,,,,,,,,,,,,,,,,,,,,,,,,,,,,,
2131039,da0d286f9cf99ce3f5d5ab67f85fb0c2e5903c178edb7af0eb8c51b48d456b3c0fedc4698c53d35f2d02fa9cbe93c58fb6cd5387f4a6aee2b85802601aa02f14,08/18/2025 07:45:00 AM,3,DRIVER,,2031510,,NISSAN,MAXIMA,IL,2012,UNKNOWN,PASSENGER,PERSONAL,N,STRAIGHT AHEAD,,,1,,,,,,,,,,Y,,,,,,,,REAR,,,,,,,,,,,,,,,,,,,,,,,,,,,,,,,,,
2131081,def611cefc7bf4653d3a515fb9792be250e04a764e5cfc07f04cd79bfecaca4a289831a34b9968f0fcfeea8dc15cac671217b00459550b1066c6fdada9f5c9a0,08/18/2025 07:44:00 AM,1,DRIVER,,2031514,,JEEP,CHEROKEE,IL,2018,NONE,PASSENGER,PERSONAL,W,STRAIGHT AHEAD,,,1,,,,,,,,,Y,Y,Y,,,,,,,REAR,,,,,,,,,,,,,,,,,,,,,,,,,,,,,,,,,
2131082,def611cefc7bf4653d3a515fb9792be250e04a764e5cfc07f04cd79bfecaca4a289831a34b9968f0fcfeea8dc15cac671217b00459550b1066c6fdada9f5c9a0,08/18/2025 07:44:00 AM,2,DRIVER,,2031519,,CHEVROLET,MALIBU,IL,2018,NONE,PASSENGER,PERSONAL,W,STRAIGHT AHEAD,Y,,1,,PRIVATE,,,Y,N,,,,,,N,,,Y,Y,,FRONT,,,,,,,,,,,,,,,,,,,,,,,,,,,,,,,,,
2130969,0b6ac6e3496c7dfcb34c7c5a55063c6975a3fbede7291e4c560cb33326bb8c69c3593c95d46742d5285a064c88a33fd5ef56360cf6e8b559b5e9694146fe6cdb,08/18/2025 07:40:00 AM,1,DRIVER,,2031406,N,KENWORTH MOTOR TRUCK COMPANY,KENWORTH MOTOR TRUCK CO.,IL,2017,NONE,TRACTOR W/ SEMI-TRAILER,COMMERCIAL - MULTI-UNIT,SW,BACKING,,,1,,,,,,,,Y,Y,,,,,,,,,REAR-RIGHT-CORNER,,,,,,,,,,,,,,,,,,,,,,,,,,,,,,,,,
2130970,0b6ac6e3496c7dfcb34c7c5a55063c6975a3fbede7291e4c560cb33326bb8c69c3593c95d46742d5285a064c88a33fd5ef56360cf6e8b559b5e9694146fe6cdb,08/18/2025 07:40:00 AM,2,DRIVER,,2031412,,NISSAN,KICKS,IL,2020,NONE,SPORT UTILITY VEHICLE (SUV),PERSONAL,N,SLOW/STOP IN TRAFFIC,,,1,,,,,N,N,,,,,,,,Y,Y,,,FRONT-LEFT-CORNER,,,,,,,,,,,,,,,,,,,,,,,,,,,,,,,,,
2131011,7243a6a20f49f3966458aa3ea3245ad356f60e7c68c093a9004de1f07ed752be25b0cfa0df36dc447abe6f93626e50c84ba223e9bfe92d95287b89488a7c1242,08/18/2025 07:40:00 AM,1,DRIVER,,2031456,,CHRYSLER,200,IL,2015,UNKNOWN,PASSENGER,PERSONAL,E,TURNING LEFT,Y,,1,,private,,,Y,,,,,,,,,,Y,Y,,FRONT-LEFT-CORNER,,,,,,,,,,,,,,,,,,,,,,,,,,,,,,,,,
2131012,7243a6a20f49f3966458aa3ea3245ad356f60e7c68c093a9004de1f07ed752be25b0cfa0df36dc447abe6f93626e50c84ba223e9bfe92d95287b89488a7c1242,08/18/2025 07:40:00 AM,2,DRIVER,,2031489,Y,FREIGHTLINER CORPORATION,FREIGHTLINER CORP.,IN,2023,UNKNOWN,TRACTOR W/ SEMI-TRAILER,COMMERCIAL - SINGLE UNIT,W,STRAIGHT AHEAD,,,1,,,,,,,,,,,,,Y,Y,,,,SIDE-LEFT,"22,016",880689,,,DRIVER,,ANCO STEEL,IN,HAMMOND,,,,N,,,,,U,,,,,,,,,,,,,,,
2130971,a2bac8b5a9a8d6ec88a76427678054217f24115ff963d497317eae07222310357375664d8a95d6a51d5b72403ca1721d824676ce7e552370c5c7648bb09d6b09,08/18/2025 07:40:00 AM,1,BICYCLE,,,,,,,,,,,,,,,,,,,,,,,,,,,,,,,,,,,,,,,,,,,,,,,,,,,,,,,,,,,,,,,,,,
2130972,a2bac8b5a9a8d6ec88a76427678054217f24115ff963d497317eae07222310357375664d8a95d6a51d5b72403ca1721d824676ce7e552370c5c7648bb09d6b09,08/18/2025 07:40:00 AM,2,DRIVER,,2031411,,BMW,X3,IL,2019,NONE,PASSENGER,PERSONAL,N,STRAIGHT AHEAD,,,1,,,,,,,,,,,,Y,Y,Y,,,,SIDE-LEFT,,,,,,,,,,,,,,,,,,,,,,,,,,,,,,,,,
2131063,e4d25a223517657bfbfc2a8db1e0afaa009d1ed28b65c5464f7626ee90842ea78b8b3b3b31f8534fd3cbc5e9d6ebd713a0f110c9fdb415bc39c6d7d85b1cec0d,08/18/2025 07:40:00 AM,1,DRIVER,,2031490,,CHEVROLET,BLAZER,IL,2020,UNKNOWN,SPORT UTILITY VEHICLE (SUV),UNKNOWN/NA,E,STRAIGHT AHEAD,,,1,,,,,,,,,Y,,,,,,,,,SIDE-RIGHT-REAR,,,,,,,,,,,,,,,,,,,,,,,,,,,,,,,,,