CRASH_UNIT_ID,CRASH_RECORD_ID,CRASH_DATE,UNIT_NO,UNIT_TYPE,NUM_PASSENGERS,VEHICLE_ID,CMRC_VEH_I,MAKE,MODEL,LIC_PLATE_STATE,VEHICLE_YEAR,VEHICLE_DEFECT,VEHICLE_TYPE,VEHICLE_USE,TRAVEL_DIRECTION,MANEUVER,TOWED_I,FIRE_I,OCCUPANT_CNT,EXCEED_SPEED_LIMIT_I,TOWED_BY,TOWED_TO,AREA_00_I,AREA_01_I,AREA_02_I,AREA_03_I,AREA_04_I,AREA_05_I,AREA_06_I,AREA_07_I,AREA_08_I,AREA_09_I,AREA_10_I,AREA_11_I,AREA_12_I,AREA_99_I,FIRST_CONTACT_POINT,CMV_ID,USDOT_NO,CCMC_NO,ILCC_NO,COMMERCIAL_SRC,GVWR,CARRIER_NAME,CARRIER_STATE,CARRIER_CITY,HAZMAT_PLACARDS_I,HAZMAT_NAME,UN_NO,HAZMAT_PRESENT_I,HAZMAT_REPORT_I,HAZMAT_REPORT_NO,MCS_REPORT_I,MCS_REPORT_NO,HAZMAT_VIO_CAUSE_CRASH_I,MCS_VIO_CAUSE_CRASH_I,IDOT_PERMIT_NO,WIDE_LOAD_I,TRAILER1_WIDTH,TRAILER2_WIDTH,TRAILER1_LENGTH,TRAILER2_LENGTH,TOTAL_VEHICLE_LENGTH,AXLE_CNT,VEHICLE_CONFIG,CARGO_BODY_TYPE,LOAD_TYPE,HAZMAT_OUT_OF_SERVICE_I,MCS_OUT_OF_SERVICE_I,HAZMAT_CLASS
2131064,e4d25a223517657bfbfc2a8db1e0afaa009d1ed28b65c5464f7626ee90842ea78b8b3b3b31f8534fd3cbc5e9d6ebd713a0f110c9fdb415bc39c6d7d85b1cec0d,08/18/2025 07:40:00 AM,2,DRIVER,,2031502,,THOMAS BUILT BUS COMPANY,THOMAS BUILT BUS CO.,IL,2018,NONE,BUS OVER 15 PASS.,SCHOOL BUS,E,SLOW/STOP IN TRAFFIC,,,1,,,,,,,,,,,,,,,Y,,,FRONT-LEFT-CORNER,,,,,,,,,,,,,,,,,,,,,,,,,,,,,,,,,
2131024,4f15b9114e1378bd3bbe1dd87cbcafaff5fcacea0c8054f7555d5fe01833b342ab96b469f0bd0b105c68b862381ce013df684f40526c3601f0440f09c2cbbc62,08/18/2025 07:36:00 AM,1,DRIVER,,2031461,,TOYOTA,HIGHLANDER,IL,2006,UNKNOWN,SPORT UTILITY VEHICLE (SUV),PERSONAL,S,BACKING,,,1,,,,,,,,,Y,,,,,,,,,REAR-RIGHT-CORNER,,,,,,,,,,,,,,,,,,,,,,,,,,,,,,,,,
2131025,4f15b9114e1378bd3bbe1dd87cbcafaff5fcacea0c8054f7555d5fe01833b342ab96b469f0bd0b105c68b862381ce013df684f40526c3601f0440f09c2cbbc62,08/18/2025 07:36:00 AM,2,DRIVER,,2031468,,HONDA,HR-V,IL,2024,NONE,SPORT UTILITY VEHICLE (SUV),PERSONAL,W,STRAIGHT AHEAD,,,1,,,,,Y,,,,,,,,,,,,,FRONT-RIGHT-CORNER,,,,,,,,,,,,,,,,,,,,,,,,,,,,,,,,,
2131134,197be97b244bad13135dbca3164501fe7fc9fefad0e3a83f6eadf144027d3b81e79d0c7d541143f888b7fbd50e014eb908eecff68e390cf935bcc8656d0c044a,08/18/2025 07:35:00 AM,1,DRIVER,,2031562,Y,UNKNOWN,OTHER (EXPLAIN IN NARRATIVE),IN,2025,UNKNOWN,TRACTOR W/ SEMI-TRAILER,COMMERCIAL - MULTI-UNIT,N,TURNING LEFT,,,1,,,,,,,,,,,,Y,,,,,,SIDE-LEFT-REAR,"22,017",757161,,,SIDE OF TRUCK,,QUICKWAY TRANSPORTATION INC/ CAPITAL CITY LEASING,IN,INDIANAPOLIS,,,,N,N,,U,,N,N,,,,,,,,,TRACTOR/SEMI-TRAILER,VAN/ENCLOSED BOX,UNKNOWN,N,N,
2131602,5244071d05ea765d2212a30775990e97d1d7e9ac2fd30a2e040adcaf794d5513800625ff3530118fb70e085a8450c4ebde10674ef8d6c346d98ebcc47f4495c2,08/18/2025 07:35:00 AM,1,DRIVER,,2032014,,CHEVROLET,OTHER (EXPLAIN IN NARRATIVE),IL,2014,UNKNOWN,PASSENGER,UNKNOWN/NA,E,STRAIGHT AHEAD,,,1,,,,,,,,,,,,,,,,Y,,FRONT,,,,,,,,,,,,,,,,,,,,,,,,,,,,,,,,,
2131603,5244071d05ea765d2212a30775990e97d1d7e9ac2fd30a2e040adcaf794d5513800625ff3530118fb70e085a8450c4ebde10674ef8d6c346d98ebcc47f4495c2,08/18/2025 07:35:00 AM,2,DRIVER,,2032015,,JEEP,COMPASS,WI,2025,NONE,SPORT UTILITY VEHICLE (SUV),PERSONAL,E,SLOW/STOP IN TRAFFIC,,,1,,,,,,,,,,Y,,,,,,,,REAR,,,,,,,,,,,,,,,,,,,,,,,,,,,,,,,,,
2134191,b37252dade579b903572a75235260f83fa1150b08d7788c99fcba1a74dd5e1971fda18e04eb66068d2383a0350cce8d6975e9cbb6449cbad9d5e9ca5f04de948,08/18/2025 07:32:00 AM,1,DRIVER,,2034466,,HONDA,PILOT,IL,2009,UNKNOWN,SPORT UTILITY VEHICLE (SUV),PERSONAL,N,STRAIGHT AHEAD,,,1,,,,,,,,,,,,,,,,,Y,FRONT-LEFT-CORNER,,,,,,,,,,,,,,,,,,,,,,,,,,,,,,,,,
2134192,b37252dade579b903572a75235260f83fa1150b08d7788c99fcba1a74dd5e1971fda18e04eb66068d2383a0350cce8d6975e9cbb6449cbad9d5e9ca5f04de948,08/18/2025 07:32:00 AM,2,DRIVER,,2034472,,VOLKSWAGEN,ATLAS,IL,2023,UNKNOWN,SPORT UTILITY VEHICLE (SUV),PERSONAL,N,STRAIGHT AHEAD,,,1,,,,,,Y,Y,,,,,,,,,,,SIDE-RIGHT,,,,,,,,,,,,,,,,,,,,,,,,,,,,,,,,,
2131091,cc4ae7ffeb94dd1a0e3b09227ca1d6eb7719ed25864f632a80b4230a4d1c65310cd48e4d8ce0baa00c021ec406780be5f6deeca1b95f613b80aa7f942ff19493,08/18/2025 07:32:00 AM,1,DRIVER,,2031521,,TOYOTA,COROLLA,IL,2013,UNKNOWN,PASSENGER,TAXI/FOR HIRE,E,STRAIGHT AHEAD,Y,,1,,private tow,,,,,,,,,,,,,,Y,,FRONT,,,,,,,,,,,,,,,,,,,,,,,,,,,,,,,,,
2131092,cc4ae7ffeb94dd1a0e3b09227ca1d6eb7719ed25864f632a80b4230a4d1c65310cd48e4d8ce0baa00c021ec406780be5f6deeca1b95f613b80aa7f942ff19493,08/18/2025 07:32:00 AM,2,DRIVER,,2031545,,JEEP,RENEGADE,IL,2020,UNKNOWN,PASSENGER,PERSONAL,N,STRAIGHT AHEAD,Y,,1,,e&r,,,,,,,,,,Y,Y,Y,,,,SIDE-LEFT,,,,,,,,,,,,,,,,,,,,,,,,,,,,,,,,,
2132077,02ab83c08635573c7297bb319de494fe704901f989251118b89c45d25d5bf7f76f4b8d4ae000fbbcbde762e0a0e954ab53a6d93a8f4e01c59f8fb6fa75d7f1ac,08/18/2025 07:30:00 AM,1,DRIVER,,2032440,,INFINITI,OTHER (EXPLAIN IN NARRATIVE),IL,2010,UNKNOWN,PASSENGER,UNKNOWN/NA,W,STRAIGHT AHEAD,,,1,,,,,,,,,,,,,,,,,Y,UNKNOWN,,,,,,,,,,,,,,,,,,,,,,,,,,,,,,,,,
2132078,02ab83c08635573c7297bb319de494fe704901f989251118b89c45d25d5bf7f76f4b8d4ae000fbbcbde762e0a0e954ab53a6d93a8f4e01c59f8fb6fa75d7f1ac,08/18/2025 07:30:00 AM,2,DRIVER,1,2032453,,CHRYSLER,300,PA,2010,UNKNOWN,PASSENGER,PERSONAL,W,STRAIGHT AHEAD,,,2,,,,,,,,,,,,,,,,,,REAR,,,,,,,,,,,,,,,,,,,,,,,,,,,,,,,,,
2131736,109b064f8250225b0e1181a67bd8e5cb51c57babd594ac19c15f055fa6b80447a412c839751615ece339dd65c2d2406d7a47ce6d2e5ab7a82987c00093c72604,08/18/2025 07:30:00 AM,1,DRIVER,,2032132,,NISSAN,OTHER (EXPLAIN IN NARRATIVE),IL,,NONE,PASSENGER,UNKNOWN/NA,E,LEAVING TRAFFIC LANE TO PARK,,,1,,,,,,,,,,,Y,Y,Y,,,,,SIDE-LEFT,,,,,,,,,,,,,,,,,,,,,,,,,,,,,,,,,
2131737,109b064f8250225b0e1181a67bd8e5cb51c57babd594ac19c15f055fa6b80447a412c839751615ece339dd65c2d2406d7a47ce6d2e5ab7a82987c00093c72604,08/18/2025 07:30:00 AM,2,PARKED,,2032134,,MAZDA,OTHER (EXPLAIN IN NARRATIVE),IL,2021,NONE,PASSENGER,NOT IN USE,W,PARKED,,,0,,,,,,,Y,Y,Y,,,,,,,,,SIDE-RIGHT,,,,,,,,,,,,,,,,,,,,,,,,,,,,,,,,,
2131467,2b3402db142ba6426cbc9a63eb6a95176fe89e6b05f5725b9d54a46e2501c3bd324c1e26f6a5192ace94e570a04743dec7d64b3c0294188aae83156b64bb3456,08/18/2025 07:30:00 AM,1,DRIVER,,2031874,,FORD,F250,IL,2023,UNKNOWN,PICKUP,PERSONAL,N,BACKING,,,1,,,,,,,,,Y,Y,Y,,,,,,,REAR,,,,,,,,,,,,,,,,,,,,,,,,,,,,,,,,,
2131468,2b3402db142ba6426cbc9a63eb6a95176fe89e6b05f5725b9d54a46e2501c3bd324c1e26f6a5192ace94e570a04743dec7d64b3c0294188aae83156b64bb3456,08/18/2025 07:30:00 AM,2,DRIVER,,2031875,,DODGE,RAM 1500 PU,IL,2018,UNKNOWN,PICKUP,PERSONAL,S,UNKNOWN/NA,,,1,,,,,,,,,,,,,,,,,,REAR,,,,,,,,,,,,,,,,,,,,,,,,,,,,,,,,,
2131030,8cb29216ccf7f18c06d4604e546ace9c795633c7941555926749596c4005ed1a1d9e2d6113d82521b17697a8eff1c4ab789c42d03d73aa95b88381d87347910f,08/18/2025 07:28:00 AM,1,DRIVER,,2031462,,HONDA,OTHER (EXPLAIN IN NARRATIVE),IL,2024,UNKNOWN,PASSENGER,UNKNOWN/NA,S,STRAIGHT AHEAD,,,1,,,,,,Y,Y,,,,,,,,,,,SIDE-RIGHT,,,,,,,,,,,,,,,,,,,,,,,,,,,,,,,,,
2131031,8cb29216ccf7f18c06d4604e546ace9c795633c7941555926749596c4005ed1a1d9e2d6113d82521b17697a8eff1c4ab789c42d03d73aa95b88381d87347910f,08/18/2025 07:28:00 AM,2,DRIVER,,2031473,,ACURA,ADX,IL,2020,UNKNOWN,SPORT UTILITY VEHICLE (SUV),PERSONAL,S,STRAIGHT AHEAD,,,1,,,,,,,,,,,Y,,,,,,,REAR-LEFT-CORNER,,,,,,,,,,,,,,,,,,,,,,,,,,,,,,,,,
2130961,42c979f33c0c75cf754b130ec2e8c9cace1724dc10203f5ccb53a24be7f54e64f79a42833e850003cb9da11bab8765b109e48a97363cebb9adc7645e76375e07,08/18/2025 07:25:00 AM,1,DRIVER,,2031401,,TOYOTA,PRIUS,IL,2015,UNKNOWN,PASSENGER,PERSONAL,W,STRAIGHT AHEAD,,,1,,,,,Y,Y,,,,,,,,Y,Y,Y,Y,FRONT,,,,,,,,,,,,,,,,,,,,,,,,,,,,,,,,,
2130962,42c979f33c0c75cf754b130ec2e8c9cace1724dc10203f5ccb53a24be7f54e64f79a42833e850003cb9da11bab8765b109e48a97363cebb9adc7645e76375e07,08/18/2025 07:25:00 AM,2,DRIVER,,2031408,,CHEVROLET,MALIBU,IL,2018,UNKNOWN,PASSENGER,PERSONAL,N,STRAIGHT AHEAD,,,1,,,,,,,Y,Y,Y,,,,,,,,,SIDE-RIGHT,,,,,,,,,,,,,,,,,,,,,,,,,,,,,,,,,
2136137,85f6c23c0e2b915d9462b85a133155aa95e4e852d555cfbe320b5a64df125b7499ae142b5ae4cb1be7c154b1a2f342c91e3327abf2d5af4f9667f9394e1f833e,08/18/2025 07:25:00 AM,1,DRIVER,1,2036333,,VOLKSWAGEN,ATLAS,IL,2023,UNKNOWN,SPORT UTILITY VEHICLE (SUV),UNKNOWN/NA,W,PASSING/OVERTAKING,,,2,,,,,Y,Y,,,,,,,,,,,,SIDE-RIGHT-FRONT,,,,,,,,,,,,,,,,,,,,,,,,,,,,,,,,,
2136138,85f6c23c0e2b915d9462b85a133155aa95e4e852d555cfbe320b5a64df125b7499ae142b5ae4cb1be7c154b1a2f342c91e3327abf2d5af4f9667f9394e1f833e,08/18/2025 07:25:00 AM,2,DRIVER,,2036334,,HONDA,PILOT,IL,2009,NONE,SPORT UTILITY VEHICLE (SUV),PERSONAL,W,STRAIGHT AHEAD,,,1,,,,,,,,,,,,,,,Y,,,FRONT-LEFT-CORNER,,,,,,,,,,,,,,,,,,,,,,,,,,,,,,,,,
2130977,2d8e2e35bf3af7d9b94b05e4b53b2256e8b095fbbff4a1ee2011e79ded0163092b196925a72364dfdf93a506dd83638a04a2cd81e8ae8188805cff1604faa93c,08/18/2025 07:20:00 AM,1,DRIVER,,2031415,Y,THOMAS BUILT BUS COMPANY,THOMAS BUILT BUS CO.,IL,2020,UNKNOWN,BUS OVER 15 PASS.,SCHOOL BUS,S,STRAIGHT AHEAD,,,1,,,,,,,,Y,Y,,,,,,,,,SIDE-RIGHT-REAR,"22,015",3052915,,,,2,MIDWEST BUS SALES COMPASS TRANSPORTATION,IL,CHICAGO,,,,N,N,,N,,N,N,,,,,,,,,BUS,BUS,OTHER,N,N,
2130978,2d8e2e35bf3af7d9b94b05e4b53b2256e8b095fbbff4a1ee2011e79ded0163092b196925a72364dfdf93a506dd83638a04a2cd81e8ae8188805cff1604faa93c,08/18/2025 07:20:00 AM,2,PARKED,,2031419,,CHEVROLET,SILVERADO,IL,2017,UNKNOWN,PICKUP,PERSONAL,S,PARKED,N,,0,,,,,,,,,,,,,Y,Y,Y,,,SIDE-LEFT-FRONT,,,,,,,,,,,,,,,,,,,,,,,,,,,,,,,,,
2132348,59b87a8e1b1b925a43c2f808f53bbfd6849c7f6f9bc332253b8facaae3c54db20bc44a8234d336a110e2db349a8552f9b6d168645ad6dd8b0fc52c909a26b1cb,08/18/2025 07:19:00 AM,1,DRIVER,,2032726,,FORD,EXPLORER,IL,2015,NONE,SPORT UTILITY VEHICLE (SUV),PERSONAL,UNKNOWN,STRAIGHT AHEAD,,,1,,,,,Y,,,,,,,,,,,,,SIDE-RIGHT,,,,,,,,,,,,,,,,,,,,,,,,,,,,,,,,,
2132349,59b87a8e1b1b925a43c2f808f53bbfd6849c7f6f9bc332253b8facaae3c54db20bc44a8234d336a110e2db349a8552f9b6d168645ad6dd8b0fc52c909a26b1cb,08/18/2025 07:19:00 AM,2,DRIVER,,2032730,,LAND ROVER,RANGE ROVER (EVOQUE / SPORT / VELAR),IL,2012,NONE,PASSENGER,PERSONAL,UNKNOWN,STRAIGHT AHEAD,,,1,,,,,,,,,,,,Y,Y,Y,Y,,,SIDE-LEFT,,,,,,,,,,,,,,,,,,,,,,,,,,,,,,,,,
2137310,9fcf966b086c8e0a22a627d8991459ef0e219580090f853027b59f2e0d69890108d1069b9c4d067971c7cc3dce0affc9f29bf5d998fd354f05c348d9541860b3,08/18/2025 07:18:00 AM,1,DRIVER,,2037433,,SUBARU,CROSSTREK,,2019,UNKNOWN,PICKUP,PERSONAL,W,STRAIGHT AHEAD,,,1,,,,,Y,,,,,,,,,,,,,FRONT-RIGHT-CORNER,,,,,,,,,,,,,,,,,,,,,,,,,,,,,,,,,
2137311,9fcf966b086c8e0a22a627d8991459ef0e219580090f853027b59f2e0d69890108d1069b9c4d067971c7cc3dce0affc9f29bf5d998fd354f05c348d9541860b3,08/18/2025 07:18:00 AM,2,DRIVER,,2037434,,FORD,EDGE,,2014,UNKNOWN,PASSENGER,PERSONAL,S,STRAIGHT AHEAD,,,1,,,,,,,,,,,,Y,,,,,,SIDE-LEFT-REAR,,,,,,,,,,,,,,,,,,,,,,,,,,,,,,,,,
2131085,30df2ba9b05b0c84fcec543ddad759da2223a121fd984bd064269b818e1428412357fd62b4fcaf227189de77a2248474d206688773932094c36378460f4e2237,08/18/2025 07:15:00 AM,1,DRIVER,,2031518,,LAND ROVER,RANGE ROVER (EVOQUE / SPORT / VELAR),IL,2012,UNKNOWN,SPORT UTILITY VEHICLE (SUV),PERSONAL,E,TURNING LEFT,,,1,,,,,,,,,,,,,Y,,,,,SIDE-LEFT,,,,,,,,,,,,,,,,,,,,,,,,,,,,,,,,,
2131086,30df2ba9b05b0c84fcec543ddad759da2223a121fd984bd064269b818e1428412357fd62b4fcaf227189de77a2248474d206688773932094c36378460f4e2237,08/18/2025 07:15:00 AM,2,DRIVER,,2031523,,FORD,EXPLORER,IL,2015,NONE,SPORT UTILITY VEHICLE (SUV),PERSONAL,E,TURNING LEFT,,,1,,,,,Y,,,,,,,,,,,,,FRONT-RIGHT-CORNER,,,,,,,,,,,,,,,,,,,,,,,,,,,,,,,,,
2130989,657ed55df910fe95c07bc22dcf58cc08d6f80d7aba15b4beab6264e91fbf46610bc98d463a187f1c399abe863c73b4448e8f4b59566f00ba2fc2c1da0729d2fd,08/18/2025 07:02:00 AM,1,DRIVER,,2031426,,FREIGHTLINER CORPORATION,FREIGHTLINER CORP.,IL,2017,UNKNOWN,TRUCK - SINGLE UNIT,CONSTRUCTION/MAINTENANCE,SE,OTHER,,,1,,,,Y,,,,,,,,,,,,,Y,FRONT,,,,,,,,,,,,,,,,,,,,,,,,,,,,,,,,,
2130990,657ed55df910fe95c07bc22dcf58cc08d6f80d7aba15b4beab6264e91fbf46610bc98d463a187f1c399abe863c73b4448e8f4b59566f00ba2fc2c1da0729d2fd,08/18/2025 07:02:00 AM,2,PARKED,,2031429,,DODGE,RAM 1500 PU,NJ,2025,UNKNOWN,PICKUP,PERSONAL,W,PARKED,,,0,,,,,,,,,,,,Y,Y,Y,,,,SIDE-LEFT,,,,,,,,,,,,,,,,,,,,,,,,,,,,,,,,,
2131079,7fecb95a33aa0557b2fd9bc78e70632c025439604422cff224a902a4e1951cd80762fb230ddf645ed777051c08f73d3e957742f868217d5f0b4445bea9dab68d,08/18/2025 07:00:00 AM,1,DRIVER,,2031509,N,UNKNOWN,OTHER (EXPLAIN IN NARRATIVE),IL,2007,UNKNOWN,SINGLE UNIT TRUCK WITH TRAILER,CONSTRUCTION/MAINTENANCE,S,STRAIGHT AHEAD,,,1,,,,,Y,Y,,,,,,,,,,Y,,FRONT-RIGHT-CORNER,,,,,,,,,,,,,,,,,,,,,,,,,,,,,,,,,
2131080,7fecb95a33aa0557b2fd9bc78e70632c025439604422cff224a902a4e1951cd80762fb230ddf645ed777051c08f73d3e957742f868217d5f0b4445bea9dab68d,08/18/2025 07:00:00 AM,2,PARKED,,2031515,,NISSAN,OTHER (EXPLAIN IN NARRATIVE),IL,2010,UNKNOWN,PASSENGER,NOT IN USE,S,PARKED,Y,,0,,PERSONAL,,,,,,,,,,Y,Y,Y,Y,Y,,SIDE-LEFT,,,,,,,,,,,,,,,,,,,,,,,,,,,,,,,,,
2130983,ad381a3e2e0839e1dec0d0e0cdd29f106860b26f20673094d7094a7cee04b30082b1d8b1dbba3622ff335976a6073fe26f7183d7e83bb04fcc68b5ee08b838b9,08/18/2025 07:00:00 AM,1,DRIVER,,2031420,,HONDA,ELEMENT,IL,2004,UNKNOWN,SPORT UTILITY VEHICLE (SUV),PERSONAL,E,STRAIGHT AHEAD,,,1,,,,,Y,,,,,,,,,,Y,Y,,FRONT,,,,,,,,,,,,,,,,,,,,,,,,,,,,,,,,,
2130984,ad381a3e2e0839e1dec0d0e0cdd29f106860b26f20673094d7094a7cee04b30082b1d8b1dbba3622ff335976a6073fe26f7183d7e83bb04fcc68b5ee08b838b9,08/18/2025 07:00:00 AM,2,DRIVER,,2031422,,CHEVROLET,TRAVERSE,IL,2013,UNKNOWN,SPORT UTILITY VEHICLE (SUV),PERSONAL,E,SLOW/STOP IN TRAFFIC,,,1,,,,,,,,,,Y,,,,,,,,REAR,,,,,,,,,,,,,,,,,,,,,,,,,,,,,,,,,
2131469,d109296a5c4e7ced3b8632ebba92058d00aaaa1e759763dc185a8e8505b51869ce57b05bee75a2d102d44cdf162f67fc6c1b28c02da9e4bafcce108578761bff,08/18/2025 07:00:00 AM,1,DRIVER,,2031929,,UNKNOWN,OTHER (EXPLAIN IN NARRATIVE),IL,,UNKNOWN,UNKNOWN/NA,UNKNOWN/NA,UNKNOWN,UNKNOWN/NA,,,1,,,,,,,,,,,,,,,,,Y,UNKNOWN,,,,,,,,,,,,,,,,,,,,,,,,,,,,,,,,,
2131470,d109296a5c4e7ced3b8632ebba92058d00aaaa1e759763dc185a8e8505b51869ce57b05bee75a2d102d44cdf162f67fc6c1b28c02da9e4bafcce108578761bff,08/18/2025 07:00:00 AM,2,PARKED,,2031887,,FORD,ESCAPE,IL,2002,UNKNOWN,PASSENGER,UNKNOWN/NA,N,PARKED,,,0,,,,,Y,,,,,,,,,Y,Y,,,FRONT-LEFT-CORNER,,,,,,,,,,,,,,,,,,,,,,,,,,,,,,,,,
2131346,e61137174014affc15d58a37ff73ef73ad51b38c4ab90a8a47948cb405123971d153ccb616dcdc7dee3eaedae1130bd28a21217fd2bc2dedd5fdc7b7552c1c49,08/18/2025 07:00:00 AM,1,DRIVER,,2031757,,UNKNOWN,MOTORIZED,,,UNKNOWN,UNKNOWN/NA,UNKNOWN/NA,UNKNOWN,UNKNOWN/NA,,,1,,,,,,,,,,,,,,,,,,UNKNOWN,,,,,,,,,,,,,,,,,,,,,,,,,,,,,,,,,
2131347,e61137174014affc15d58a37ff73ef73ad51b38c4ab90a8a47948cb405123971d153ccb616dcdc7dee3eaedae1130bd28a21217fd2bc2dedd5fdc7b7552c1c49,08/18/2025 07:00:00 AM,2,PARKED,,2031759,,KIA,OTHER (EXPLAIN IN NARRATIVE),IL,2019,NONE,PASSENGER,PERSONAL,N,PARKED,,,0,,,,,,,,,,,,Y,Y,Y,,,,SIDE-LEFT,,,,,,,,,,,,,,,,,,,,,,,,,,,,,,,,,
2131075,96d4d6f0175b1c174cd109baf31953b56bc553d6e053e86a7a5915f1b0b1d0c10075e250d3e679ebf399db15f9624656f88d3ffb3a00a661c574cfeacb60740d,08/18/2025 06:58:00 AM,1,DRIVER,,2031500,,HONDA,CIVIC,IL,2024,UNKNOWN,PASSENGER,UNKNOWN/NA,N,STRAIGHT AHEAD,,,1,,,,,Y,Y,Y,Y,Y,,,,,,,,,SIDE-RIGHT,,,,,,,,,,,,,,,,,,,,,,,,,,,,,,,,,
2131076,96d4d6f0175b1c174cd109baf31953b56bc553d6e053e86a7a5915f1b0b1d0c10075e250d3e679ebf399db15f9624656f88d3ffb3a00a661c574cfeacb60740d,08/18/2025 06:58:00 AM,2,PARKED,,2031506,,VOLKSWAGEN,PASSAT,IL,2015,NONE,PASSENGER,NOT IN USE,N,PARKED,Y,,0,,,,,,,,,,,Y,Y,Y,Y,Y,,,SIDE-LEFT,,,,,,,,,,,,,,,,,,,,,,,,,,,,,,,,,
2131361,164cb2d79550d208c1fb3dad9aa9c42da539546fff35a776574055bc97d3a37dfb49e26340bb38cd48cba03ff211609933f03165174ddf85947753148deefaa0,08/18/2025 06:50:00 AM,1,DRIVER,,2031779,,TOYOTA,RAV4,IL,2016,UNKNOWN,PASSENGER,PERSONAL,N,STRAIGHT AHEAD,,,1,,,,,,,,,,,,Y,,,,,,UNKNOWN,,,,,,,,,,,,,,,,,,,,,,,,,,,,,,,,,
2131362,164cb2d79550d208c1fb3dad9aa9c42da539546fff35a776574055bc97d3a37dfb49e26340bb38cd48cba03ff211609933f03165174ddf85947753148deefaa0,08/18/2025 06:50:00 AM,2,DRIVER,,2031794,,BUICK,ENCORE,IL,2019,UNKNOWN,PASSENGER,PERSONAL,N,STRAIGHT AHEAD,,,1,,,,,,,,,,,,Y,,,,,,UNKNOWN,,,,,,,,,,,,,,,,,,,,,,,,,,,,,,,,,
2130973,93f0e18e9d4e8333353b61ffcd429f329be7c6d7fa0a17b07b2a0bd79713fb77955aed6ec1f665fe1c5c56dc0f2720eb680b5b25b375736287c9308165b973b8,08/18/2025 06:45:00 AM,1,DRIVER,,2031413,,FORD,F350,IL,,UNKNOWN,PICKUP,UNKNOWN/NA,E,BACKING,,,1,,,,,,,,,Y,,,,,,,,,REAR-RIGHT-CORNER,,,,,,,,,,,,,,,,,,,,,,,,,,,,,,,,,
2130974,93f0e18e9d4e8333353b61ffcd429f329be7c6d7fa0a17b07b2a0bd79713fb77955aed6ec1f665fe1c5c56dc0f2720eb680b5b25b375736287c9308165b973b8,08/18/2025 06:45:00 AM,2,DRIVER,,2031416,,LEXUS,300,IL,,UNKNOWN,PASSENGER,PERSONAL,E,STRAIGHT AHEAD,,,1,,,,,,,,,,,,,,,Y,Y,,FRONT-LEFT-CORNER,,,,,,,,,,,,,,,,,,,,,,,,,,,,,,,,,
2130955,1cdac4d76311faae87168f1f7e206482fb0f85c102b5c5bbc66d1cec93cd126d114a0687506cfb8c0bd249ce680d66917748fd5ece266fb36e34571606abccfe,08/18/2025 06:40:00 AM,1,DRIVER,,2031397,,UNKNOWN,OTHER (EXPLAIN IN NARRATIVE),,,UNKNOWN,SPORT UTILITY VEHICLE (SUV),UNKNOWN/NA,N,BACKING,,,1,,,,,,,,,,Y,,,,,,,Y,REAR,,,,,,,,,,,,,,,,,,,,,,,,,,,,,,,,,
2130956,1cdac4d76311faae87168f1f7e206482fb0f85c102b5c5bbc66d1cec93cd126d114a0687506cfb8c0bd249ce680d66917748fd5ece266fb36e34571606abccfe,08/18/2025 06:40:00 AM,2,PARKED,,2031399,,CHEVROLET,EQUINOX,IL,2019,UNKNOWN,SPORT UTILITY VEHICLE (SUV),PERSONAL,S,PARKED,,,0,,,,,,,,,,,,,,,Y,Y,,FRONT-LEFT-CORNER,,,,,,,,,,,,,,,,,,,,,,,,,,,,,,,,,
2130967,a556fb9b19f143c8231d2e80e717ef8da2d49d874dbdaf51d09ad635ed17cad609536eb054f6753ab762d2562fec55fab9e7e49ef42a0b38d85dafc8042562cd,08/18/2025 06:30:00 AM,1,DRIVER,,2031407,,TOYOTA,COROLLA,IL,2002,NONE,PASSENGER,PERSONAL,E,STRAIGHT AHEAD,,,1,,,,,Y,,,,,,,,,,Y,Y,,FRONT,,,,,,,,,,,,,,,,,,,,,,,,,,,,,,,,,
2130968,a556fb9b19f143c8231d2e80e717ef8da2d49d874dbdaf51d09ad635ed17cad609536eb054f6753ab762d2562fec55fab9e7e49ef42a0b38d85dafc8042562cd,08/18/2025 06:30:00 AM,2,DRIVER,,2031409,,TOYOTA,RAV4,IL,2023,NONE,PASSENGER,PERSONAL,S,STRAIGHT AHEAD,,,1,,,,,,,Y,Y,Y,,,,,,,,,SIDE-RIGHT,,,,,,,,,,,,,,,,,,,,,,,,,,,,,,,,,
2131009,2f1b4d2f21f313504d956f54feb11deed3e1278116259f825f68456014f5a62f268cf5e5a3ad1ef4e443a249d7b6cdbdebf12c25ea4ae2b9482c440a1a768c6a,08/18/2025 06:00:00 AM,1,DRIVER,,2031443,,UNKNOWN,MOTORIZED,,,UNKNOWN,PASSENGER,UNKNOWN/NA,N,STRAIGHT AHEAD,,,1,,,,,,,,,,,,,,,,,Y,UNKNOWN,,,,,,,,,,,,,,,,,,,,,,,,,,,,,,,,,