CRASH_UNIT_ID,CRASH_RECORD_ID,CRASH_DATE,UNIT_NO,UNIT_TYPE,NUM_PASSENGERS,VEHICLE_ID,CMRC_VEH_I,MAKE,MODEL,LIC_PLATE_STATE,VEHICLE_YEAR,VEHICLE_DEFECT,VEHICLE_TYPE,VEHICLE_USE,TRAVEL_DIRECTION,MANEUVER,TOWED_I,FIRE_I,OCCUPANT_CNT,EXCEED_SPEED_LIMIT_I,TOWED_BY,TOWED_TO,AREA_00_I,AREA_01_I,AREA_02_I,AREA_03_I,AREA_04_I,AREA_05_I,AREA_06_I,AREA_07_I,AREA_08_I,AREA_09_I,AREA_10_I,AREA_11_I,AREA_12_I,AREA_99_I,FIRST_CONTACT_POINT,CMV_ID,USDOT_NO,CCMC_NO,ILCC_NO,COMMERCIAL_SRC,GVWR,CARRIER_NAME,CARRIER_STATE,CARRIER_CITY,HAZMAT_PLACARDS_I,HAZMAT_NAME,UN_NO,HAZMAT_PRESENT_I,HAZMAT_REPORT_I,HAZMAT_REPORT_NO,MCS_REPORT_I,MCS_REPORT_NO,HAZMAT_VIO_CAUSE_CRASH_I,MCS_VIO_CAUSE_CRASH_I,IDOT_PERMIT_NO,WIDE_LOAD_I,TRAILER1_WIDTH,TRAILER2_WIDTH,TRAILER1_LENGTH,TRAILER2_LENGTH,TOTAL_VEHICLE_LENGTH,AXLE_CNT,VEHICLE_CONFIG,CARGO_BODY_TYPE,LOAD_TYPE,HAZMAT_OUT_OF_SERVICE_I,MCS_OUT_OF_SERVICE_I,HAZMAT_CLASS
2131010,2f1b4d2f21f313504d956f54feb11deed3e1278116259f825f68456014f5a62f268cf5e5a3ad1ef4e443a249d7b6cdbdebf12c25ea4ae2b9482c440a1a768c6a,08/18/2025 06:00:00 AM,2,PARKED,,2031448,,MERCEDES-BENZ,GLS,IL,2017,UNKNOWN,PASSENGER,NOT IN USE,N,PARKED,,,0,,,,,,,,,,,Y,Y,,,,,,SIDE-LEFT-REAR,,,,,,,,,,,,,,,,,,,,,,,,,,,,,,,,,
2131045,e4abf5924e7cdd5e4badf5ec56ab390b9f33c4e97daef9a51e278fb5d61758d90323f2e0fc106b0573f332947ac3964bab6b9df7575506631f20dbb1dea47917,08/18/2025 06:00:00 AM,1,DRIVER,,2031467,,UNKNOWN,OTHER (EXPLAIN IN NARRATIVE),,,UNKNOWN,UNKNOWN/NA,UNKNOWN/NA,S,UNKNOWN/NA,,,1,,,,,,,,,,,,,,,,,,UNKNOWN,,,,,,,,,,,,,,,,,,,,,,,,,,,,,,,,,
2131046,e4abf5924e7cdd5e4badf5ec56ab390b9f33c4e97daef9a51e278fb5d61758d90323f2e0fc106b0573f332947ac3964bab6b9df7575506631f20dbb1dea47917,08/18/2025 06:00:00 AM,2,PARKED,,2031472,,NISSAN,ALTIMA,IL,2015,NONE,PASSENGER,NOT IN USE,S,PARKED,,,0,,,,,,,,,,,,,,,Y,,,FRONT-LEFT-CORNER,,,,,,,,,,,,,,,,,,,,,,,,,,,,,,,,,
2130943,4be167b9c646e22aba47afb5fea484686ed12360b028dbacf598b15da17318e069a768798e3979876fa8ac384cf0ba80037e3e0f04624d7ab0af832ea8bf3ca4,08/18/2025 05:29:00 AM,1,DRIVER,,2031387,,UNKNOWN,MOTORIZED,IL,,UNKNOWN,PASSENGER,PERSONAL,S,STRAIGHT AHEAD,,,1,,,,,Y,,,,,,,,,,Y,Y,,FRONT,,,,,,,,,,,,,,,,,,,,,,,,,,,,,,,,,
2130944,4be167b9c646e22aba47afb5fea484686ed12360b028dbacf598b15da17318e069a768798e3979876fa8ac384cf0ba80037e3e0f04624d7ab0af832ea8bf3ca4,08/18/2025 05:29:00 AM,2,PEDESTRIAN,,,,,,,,,,,,,,,,,,,,,,,,,,,,,,,,,,,,,,,,,,,,,,,,,,,,,,,,,,,,,,,,,,
2130945,4be167b9c646e22aba47afb5fea484686ed12360b028dbacf598b15da17318e069a768798e3979876fa8ac384cf0ba80037e3e0f04624d7ab0af832ea8bf3ca4,08/18/2025 05:29:00 AM,3,PEDESTRIAN,,,,,,,,,,,,,,,,,,,,,,,,,,,,,,,,,,,,,,,,,,,,,,,,,,,,,,,,,,,,,,,,,,
2130946,567105a8bb3c5276f68e9b6a5828b06ccd7b24add50148b27925b64bebfc2eac9b69b573efe2a314d4dc4b66151f728ab2220ceae273838fdc32b1f18f7bc032,08/18/2025 05:26:00 AM,1,DRIVER,,2031385,,ACURA,ADX,IL,2007,NONE,SPORT UTILITY VEHICLE (SUV),PERSONAL,N,CHANGING LANES,,,1,,,,,Y,Y,,,,,,,,,,,,REAR-RIGHT-CORNER,,,,,,,,,,,,,,,,,,,,,,,,,,,,,,,,,
2130947,567105a8bb3c5276f68e9b6a5828b06ccd7b24add50148b27925b64bebfc2eac9b69b573efe2a314d4dc4b66151f728ab2220ceae273838fdc32b1f18f7bc032,08/18/2025 05:26:00 AM,2,DRIVER,,2031386,,CHEVROLET,TAHOE,IL,2020,NONE,SPORT UTILITY VEHICLE (SUV),PERSONAL,N,STRAIGHT AHEAD,,,1,,,,,,,,,,,,Y,Y,,,,,SIDE-LEFT,,,,,,,,,,,,,,,,,,,,,,,,,,,,,,,,,
2130993,869da1d9636f9c3157b4f28e9568c474c5396595232de63e032513547a959a7ef94b26c6aae371cec59d8e8b8c12e95247dccd1bdfa48d078bbd2eb3e43a2cfc,08/18/2025 05:25:00 AM,1,DRIVER,,2031433,,VOLVO,OTHER (EXPLAIN IN NARRATIVE),IL,2010,NONE,TRACTOR W/ SEMI-TRAILER,COMMERCIAL - MULTI-UNIT,W,STRAIGHT AHEAD,Y,,1,,PRIVATE,,,,,,,,,,,,,,,,TOP,,,,,,,,,,,,,,,,,,,,,,,,,,,,,,,,,
2131569,1a7d3a94ace39a476ab1582b89f2b3b0b6eafd338268c5eb033f212c965597d0836d57d68afeb8b4272622c838b58a6340ac6c9e3b4e0287b2880438162ea9fe,08/18/2025 05:20:00 AM,1,DRIVER,,2031979,,HONDA,OTHER (EXPLAIN IN NARRATIVE),IL,2008,NONE,PASSENGER,PERSONAL,N,STRAIGHT AHEAD,,,1,,,,,,,,,,,,,,,,Y,,FRONT,,,,,,,,,,,,,,,,,,,,,,,,,,,,,,,,,
2131570,1a7d3a94ace39a476ab1582b89f2b3b0b6eafd338268c5eb033f212c965597d0836d57d68afeb8b4272622c838b58a6340ac6c9e3b4e0287b2880438162ea9fe,08/18/2025 05:20:00 AM,2,DRIVER,,2031982,,NISSAN,OTHER (EXPLAIN IN NARRATIVE),IL,2015,NONE,PASSENGER,PERSONAL,W,STRAIGHT AHEAD,,,1,,,,,,,,,,,,Y,Y,Y,,,,SIDE-LEFT,,,,,,,,,,,,,,,,,,,,,,,,,,,,,,,,,
2133475,ef87136c770e1cb08bba81d7c90cba3fef60524ddb5e58c4dd5c7c9f67fe2e64bde7493c1b2b48419fa0fe5663db5020383911d780d4ef8f178ad91f36b08fde,08/18/2025 05:20:00 AM,1,DRIVER,,2033774,,FORD,FUSION,IL,2017,UNKNOWN,PASSENGER,UNKNOWN/NA,W,STRAIGHT AHEAD,Y,,1,,unknown,unknown,,,,,,,,,,,,,,Y,FRONT,,,,,,,,,,,,,,,,,,,,,,,,,,,,,,,,,
2133476,ef87136c770e1cb08bba81d7c90cba3fef60524ddb5e58c4dd5c7c9f67fe2e64bde7493c1b2b48419fa0fe5663db5020383911d780d4ef8f178ad91f36b08fde,08/18/2025 05:20:00 AM,2,DRIVER,,2033781,,FREIGHTLINER CORPORATION,FREIGHTLINER CORP.,IL,2021,NONE,TRACTOR W/ SEMI-TRAILER,OTHER,N,STRAIGHT AHEAD,,,1,,,,,,,,Y,Y,,,,,,,,,SIDE-RIGHT-REAR,,,,,,,,,,,,,,,,,,,,,,,,,,,,,,,,,
2130948,c969ae78267a4db89956f8f90a372d6abc7ad38a80cb310a5f6dba5a10fd43590b7fcd8306c7168ce3f1d0cfc8285ed30f7486b6a8bd4da20b5aafa827605d18,08/18/2025 05:00:00 AM,1,DRIVER,,2031388,,NISSAN,ROGUE,IL,,NONE,PASSENGER,PERSONAL,UNKNOWN,BACKING,,,1,,,,,,,,,Y,Y,Y,,,,,,,REAR,,,,,,,,,,,,,,,,,,,,,,,,,,,,,,,,,
2130949,c969ae78267a4db89956f8f90a372d6abc7ad38a80cb310a5f6dba5a10fd43590b7fcd8306c7168ce3f1d0cfc8285ed30f7486b6a8bd4da20b5aafa827605d18,08/18/2025 05:00:00 AM,2,PEDESTRIAN,,,,,,,,,,,,,,,,,,,,,,,,,,,,,,,,,,,,,,,,,,,,,,,,,,,,,,,,,,,,,,,,,,
2130965,42adfaa26f113d83bcc47c866b05c70610ec42bcf3dfee0daa19527574cd15369d9a1d8d5308d012a0346242c183c23663cdeae5ae4478ab46de061fec17a751,08/18/2025 04:30:00 AM,2,PARKED,,2031405,,FORD,EXPLORER,IL,2024,NONE,SPORT UTILITY VEHICLE (SUV),PERSONAL,W,PARKED,,,0,,,,,,,,,,,,,,Y,Y,,N,FRONT-LEFT-CORNER,,,,,,,,,,,,,,,,,,,,,,,,,,,,,,,,,
2130966,42adfaa26f113d83bcc47c866b05c70610ec42bcf3dfee0daa19527574cd15369d9a1d8d5308d012a0346242c183c23663cdeae5ae4478ab46de061fec17a751,08/18/2025 04:30:00 AM,1,DRIVER,,2031403,,UNKNOWN,OTHER (EXPLAIN IN NARRATIVE),,,UNKNOWN,OTHER,UNKNOWN/NA,UNKNOWN,UNKNOWN/NA,,,1,,,,,,,,,,,,,,,,,Y,UNKNOWN,,,,,,,,,,,,,,,,,,,,,,,,,,,,,,,,,
2132052,c955b198b7ea4b5e301e95d5df165ded3e7ccd406b7fd0eeb80e9189e4115b10214c223d86665030a292b1ea67fc1580d29577f8221f5d3290870154292da30e,08/18/2025 04:00:00 AM,1,DRIVER,,2032425,,CHEVROLET,OTHER (EXPLAIN IN NARRATIVE),IL,2021,UNKNOWN,PASSENGER,PERSONAL,UNKNOWN,BACKING,,,1,,,,,,,,,,,,,,,,Y,,FRONT,,,,,,,,,,,,,,,,,,,,,,,,,,,,,,,,,
2132053,c955b198b7ea4b5e301e95d5df165ded3e7ccd406b7fd0eeb80e9189e4115b10214c223d86665030a292b1ea67fc1580d29577f8221f5d3290870154292da30e,08/18/2025 04:00:00 AM,2,PARKED,,2032438,,LEXUS,NX,IL,2018,UNKNOWN,SPORT UTILITY VEHICLE (SUV),PERSONAL,UNKNOWN,PARKED,,,0,,,,,,,,,,Y,,,,,,,,REAR,,,,,,,,,,,,,,,,,,,,,,,,,,,,,,,,,
2130938,e504e681e5d7f1c7fa43f45bb3f59701072e01b3995d1e540eae96b01299e854494becb26a428cf77910e4985118558b7a59c456460edde1ed90bb5d9fb81318,08/18/2025 03:41:00 AM,1,DRIVER,,2031381,,NISSAN,ALTIMA,IL,2013,UNKNOWN,PASSENGER,UNKNOWN/NA,W,UNKNOWN/NA,Y,,1,,,,,Y,,,,,,,,Y,Y,Y,Y,,FRONT,,,,,,,,,,,,,,,,,,,,,,,,,,,,,,,,,
2130939,e504e681e5d7f1c7fa43f45bb3f59701072e01b3995d1e540eae96b01299e854494becb26a428cf77910e4985118558b7a59c456460edde1ed90bb5d9fb81318,08/18/2025 03:41:00 AM,2,PARKED,,2031382,,DODGE,GRAND CARAVAN,IL,2019,UNKNOWN,VAN/MINI-VAN,UNKNOWN/NA,W,PARKED,,,0,,,,,,,,,Y,Y,Y,Y,,,,,,REAR,,,,,,,,,,,,,,,,,,,,,,,,,,,,,,,,,
2131172,955e764ca0563412cec9d89772760585f66b1dafa2039d4eece92d5e40c5c05fffa5e122187e8a80fc65233d83d917d421655111eab3722495cc13b849ab38f1,08/18/2025 03:30:00 AM,1,DRIVER,,2031594,,UNKNOWN,OTHER (EXPLAIN IN NARRATIVE),,,UNKNOWN,UNKNOWN/NA,UNKNOWN/NA,UNKNOWN,UNKNOWN/NA,,,1,,,,,,,,,,,,,,,,,,UNKNOWN,,,,,,,,,,,,,,,,,,,,,,,,,,,,,,,,,
2131173,955e764ca0563412cec9d89772760585f66b1dafa2039d4eece92d5e40c5c05fffa5e122187e8a80fc65233d83d917d421655111eab3722495cc13b849ab38f1,08/18/2025 03:30:00 AM,2,PARKED,,2031598,,FORD,F150,IL,2019,NONE,PICKUP,NOT IN USE,W,PARKED,,,0,,,,,,,,,,,Y,Y,,,,,,SIDE-LEFT-REAR,,,,,,,,,,,,,,,,,,,,,,,,,,,,,,,,,
2130933,972981c73a177cd2031398e9d57808270910728dae01b315bc163bc16375b8d5de1f6857a0699e63faf4045e86b0c6c74c52500422e5194628c109de7016128c,08/18/2025 03:15:00 AM,1,DRIVER,,2031375,,CHRYSLER,200,IN,2013,UNKNOWN,PASSENGER,UNKNOWN/NA,W,STRAIGHT AHEAD,Y,,1,,city towing,city pound 3,,Y,,,,,,,,,,Y,Y,,FRONT,,,,,,,,,,,,,,,,,,,,,,,,,,,,,,,,,
2130934,972981c73a177cd2031398e9d57808270910728dae01b315bc163bc16375b8d5de1f6857a0699e63faf4045e86b0c6c74c52500422e5194628c109de7016128c,08/18/2025 03:15:00 AM,2,DRIVER,,2031380,,JEEP,LIBERTY,IL,2010,NONE,SPORT UTILITY VEHICLE (SUV),PERSONAL,S,STRAIGHT AHEAD,Y,,1,,private tow,,,,,,,,,,Y,Y,Y,Y,,,FRONT-LEFT-CORNER,,,,,,,,,,,,,,,,,,,,,,,,,,,,,,,,,
2130935,ce42834407656f38529b27cedbbe18cb13a7461b4eb8ed5ad4dfd12521595478921875d97d6f5db8f6f0e5914ae6ace9185f82ae487b444a3d6104ca3b706abd,08/18/2025 02:58:00 AM,1,DRIVER,,2031377,,CHEVROLET,EQUINOX,IL,2019,UNKNOWN,PASSENGER,PERSONAL,N,STRAIGHT AHEAD,Y,,1,,e/r towing (private tow),owner address,,Y,,,,,,,,Y,Y,Y,Y,Y,FRONT,,,,,,,,,,,,,,,,,,,,,,,,,,,,,,,,,
2130940,0f382400905b48595b0a95fac9131e01ba56ec9394c4bb0dcdcb7d2ee02fb39787b54bdb8b7c9bd1c4b8587b8725154a3bc601d6696e2ac24cbfa5c257a58116,08/18/2025 02:34:00 AM,1,DRIVER,1,2031383,,CHEVROLET,EQUINOX,IN,2015,NONE,PASSENGER,PERSONAL,N,TURNING LEFT,Y,,2,,,,,Y,,,,,,,,,,Y,Y,,FRONT,,,,,,,,,,,,,,,,,,,,,,,,,,,,,,,,,
2130936,65ccb70ade3454a444e02ac368e79b3f29571ba6639da36f5c9922ac945caece6c17ad5ec99e08be41bc4134864f172f1617c115e9abf1119565521cc176a980,08/18/2025 02:28:00 AM,1,DRIVER,,2031378,,MERCEDES-BENZ,CLA,IL,2024,NONE,PASSENGER,PERSONAL,W,STRAIGHT AHEAD,Y,,1,,City of City,400 E Lower Wacker,,Y,,,,,,,,,,Y,Y,,FRONT,,,,,,,,,,,,,,,,,,,,,,,,,,,,,,,,,
2130937,65ccb70ade3454a444e02ac368e79b3f29571ba6639da36f5c9922ac945caece6c17ad5ec99e08be41bc4134864f172f1617c115e9abf1119565521cc176a980,08/18/2025 02:28:00 AM,2,DRIVER,,2031379,,NISSAN,ROGUE,IL,2014,NONE,PASSENGER,PERSONAL,S,DRIVING WRONG WAY,,,1,,,,,,,,,,,,,,Y,Y,Y,,SIDE-LEFT,,,,,,,,,,,,,,,,,,,,,,,,,,,,,,,,,
2130931,3373279ad8a0ad8f8b8ea7af9b66493d59f9aee1c98162fc780cbada986496a5130244e095ff4f4c6473f44bf1ef4eeca0bf0ea6429a0db2c94e09303cc518f4,08/18/2025 02:00:00 AM,1,DRIVER,,2031372,,UNKNOWN,OTHER (EXPLAIN IN NARRATIVE),XX,,UNKNOWN,PASSENGER,PERSONAL,S,TURNING LEFT,,,1,,,,,,,,,,,,,,,Y,,,FRONT-LEFT-CORNER,,,,,,,,,,,,,,,,,,,,,,,,,,,,,,,,,
2130932,3373279ad8a0ad8f8b8ea7af9b66493d59f9aee1c98162fc780cbada986496a5130244e095ff4f4c6473f44bf1ef4eeca0bf0ea6429a0db2c94e09303cc518f4,08/18/2025 02:00:00 AM,2,DRIVER,,2031374,,NISSAN,ALTIMA,IL,2022,UNKNOWN,PASSENGER,PERSONAL,N,STRAIGHT AHEAD,,,1,,,,,,,,,,,,Y,Y,Y,,,,SIDE-LEFT,,,,,,,,,,,,,,,,,,,,,,,,,,,,,,,,,
2131223,acdb353f14d5edf0a61bfb7cfa186def5a411980f4ab69176b9899ffa05e6d5c6af7ef896fa1c1bbe1d8d30e8de13ae9c3ecadbbd2d467a9a570a34c36901682,08/18/2025 02:00:00 AM,1,DRIVER,,2031650,,TOYOTA,PRIUS,IL,2013,UNKNOWN,PASSENGER,PERSONAL,N,STRAIGHT AHEAD,,,1,,,,,Y,,,,,,,,,Y,Y,Y,,FRONT,,,,,,,,,,,,,,,,,,,,,,,,,,,,,,,,,
2130929,f9cd6433a1fdc08df825146b207f4df7f317ea2ade868dba7cc50c24d76e3de3406f3204bb9836ce09d79c2d24ec6abe4835464a33c6c82e8064bc19bb2d3562,08/18/2025 01:30:00 AM,1,DRIVER,,2031366,,FORD,F150,IL,2023,NONE,PICKUP,PERSONAL,W,PASSING/OVERTAKING,,,1,,,,Y,,,,,,,,,,,,,N,NONE,,,,,,,,,,,,,,,,,,,,,,,,,,,,,,,,,
2130930,f9cd6433a1fdc08df825146b207f4df7f317ea2ade868dba7cc50c24d76e3de3406f3204bb9836ce09d79c2d24ec6abe4835464a33c6c82e8064bc19bb2d3562,08/18/2025 01:30:00 AM,2,PARKED,,2031368,,HONDA,CLARITY,IL,2018,NONE,PASSENGER,PERSONAL,W,PARKED,,,0,,,,,,,,,,,Y,Y,,,,,,REAR-LEFT-CORNER,,,,,,,,,,,,,,,,,,,,,,,,,,,,,,,,,
2130927,8ffbe088d440bccdf7fef2563a58a2fcaa6564a92329e9b2697364b47a0bab5750618e3c35ce13855c971147a0a03549618b90df5ce3f035e0e5137185dbe967,08/18/2025 01:20:00 AM,1,DRIVER,1,2031373,,FORD,EXPLORER,IL,2023,NONE,OTHER,POLICE,S,STRAIGHT AHEAD,Y,,2,,city of chicago,,,Y,,,,,,,,,,Y,Y,,FRONT,,,,,,,,,,,,,,,,,,,,,,,,,,,,,,,,,
2130928,8ffbe088d440bccdf7fef2563a58a2fcaa6564a92329e9b2697364b47a0bab5750618e3c35ce13855c971147a0a03549618b90df5ce3f035e0e5137185dbe967,08/18/2025 01:20:00 AM,2,DRIVER,,2031376,,KIA,SOUL,IL,2024,NONE,PASSENGER,OTHER,N,STRAIGHT AHEAD,Y,,1,,PRIVATE TOW,,,Y,,,,,,,,,,Y,Y,,FRONT,,,,,,,,,,,,,,,,,,,,,,,,,,,,,,,,,
2130919,7f5b7a60029bdfb8afe6c9bd162725cc1a12bc9088f6198a39942135aee8fdfe4db3636f8549c911081e5fe432b20941401c6a0e3e8ebf40ac5c7d3cb75501a7,08/18/2025 01:17:00 AM,1,DRIVER,,2031359,,ALFA ROMEO,OTHER (EXPLAIN IN NARRATIVE),IL,2021,UNKNOWN,SPORT UTILITY VEHICLE (SUV),UNKNOWN/NA,N,STRAIGHT AHEAD,,,1,,,,,,,,,,,,,,,,Y,,FRONT,,,,,,,,,,,,,,,,,,,,,,,,,,,,,,,,,
2130920,7f5b7a60029bdfb8afe6c9bd162725cc1a12bc9088f6198a39942135aee8fdfe4db3636f8549c911081e5fe432b20941401c6a0e3e8ebf40ac5c7d3cb75501a7,08/18/2025 01:17:00 AM,2,DRIVER,,2031358,,UNKNOWN,ENGINE,IL,2025,UNKNOWN,SINGLE UNIT TRUCK WITH TRAILER,UNKNOWN/NA,N,STRAIGHT AHEAD,,,1,,,,,,,,,Y,Y,Y,,,,,,,REAR,,,,,,,,,,,,,,,,,,,,,,,,,,,,,,,,,
2131019,a2e71cacf9e8d71b57615e2ff6655314c50b7dc464f221cd22e13e3ff04c6fc1ff544664e35658be4cfadc2191b5e7507a0f9f6ed1e7a01ffbffca1c923269f7,08/18/2025 01:00:00 AM,1,DRIVER,,2031459,,FORD,OTHER (EXPLAIN IN NARRATIVE),IL,2002,UNKNOWN,OTHER,UNKNOWN/NA,E,STRAIGHT AHEAD,,,1,,,,,Y,,,,,,,,,,,Y,,FRONT-RIGHT-CORNER,,,,,,,,,,,,,,,,,,,,,,,,,,,,,,,,,
2131261,1d07a6737bb4035b6c9e8483a9cf8bd59257d3ad7f64ffc42758c94a0c864af6c68ce1929502f7c915fdc3e717374a7fcf4debddbccfdc27ca8a00bf882999e1,08/18/2025 12:55:00 AM,1,DRIVER,,2031687,,TOYOTA,PRIUS,IL,2013,NONE,PASSENGER,UNKNOWN/NA,N,BACKING,,,1,,,,,,,,,,,,,,,,,Y,UNKNOWN,,,,,,,,,,,,,,,,,,,,,,,,,,,,,,,,,
2131262,1d07a6737bb4035b6c9e8483a9cf8bd59257d3ad7f64ffc42758c94a0c864af6c68ce1929502f7c915fdc3e717374a7fcf4debddbccfdc27ca8a00bf882999e1,08/18/2025 12:55:00 AM,2,DRIVER,,2031696,,HONDA,CIVIC,IL,2024,NONE,PASSENGER,PERSONAL,S,OTHER,,,1,,,,,Y,,,,,,,,,,Y,Y,,FRONT,,,,,,,,,,,,,,,,,,,,,,,,,,,,,,,,,
2130907,1523ee753de22c03ae82f289038ac17cb88c6b46a415c922dce271e66dae9eb19c5e1e2d6c69f2e5372332fbc4cc16e22f5c5c81ea5b38d5e24ef18b0c96a104,08/18/2025 12:48:00 AM,2,DRIVER,1,2031354,,BUICK,ENCLAVE,IL,2015,UNKNOWN,PICKUP,PERSONAL,W,SLOW/STOP IN TRAFFIC,Y,,2,,25-054609,POUND #2,,Y,Y,,,,,,,,Y,Y,Y,,FRONT,,,,,,,,,,,,,,,,,,,,,,,,,,,,,,,,,
2130910,1523ee753de22c03ae82f289038ac17cb88c6b46a415c922dce271e66dae9eb19c5e1e2d6c69f2e5372332fbc4cc16e22f5c5c81ea5b38d5e24ef18b0c96a104,08/18/2025 12:48:00 AM,1,DRIVER,1,2031370,,FORD,OTHER (EXPLAIN IN NARRATIVE),IL,2005,NONE,PASSENGER,PERSONAL,E,TURNING RIGHT,Y,,2,,25-0544605,POUND #2,,Y,Y,,,,,,,,Y,Y,Y,,FRONT,,,,,,,,,,,,,,,,,,,,,,,,,,,,,,,,,
2130900,ce51abb5588c00890c44d741365c71cfc1515b4cfab2dc90245a74f67152ae75935f61e89ed9383d64753009921716c22723b0e4a04c26745f1b2857f753b099,08/18/2025 12:32:00 AM,1,DRIVER,,2031347,,"(HOMEMADE MOTORCYCLE, MOPED.ETC.)","(HOMEMADE MOTORCYCLE, MOPED.ETC.)",IL,,UNKNOWN,MOTORCYCLE (OVER 150CC),UNKNOWN/NA,W,STRAIGHT AHEAD,,,1,,,,,,,,,,,,,,,,,Y,FRONT,,,,,,,,,,,,,,,,,,,,,,,,,,,,,,,,,
2130901,ce51abb5588c00890c44d741365c71cfc1515b4cfab2dc90245a74f67152ae75935f61e89ed9383d64753009921716c22723b0e4a04c26745f1b2857f753b099,08/18/2025 12:32:00 AM,2,PEDESTRIAN,,,,,,,,,,,,,,,,,,,,,,,,,,,,,,,,,,,,,,,,,,,,,,,,,,,,,,,,,,,,,,,,,,
2130894,a930e36f62a7e35c635ca715478b20dffb0acda362ecf608d53f6ea3fb1db949719c2ae9b4ab4dcdb3aca8ce5c2af54632e3427128cb7cbbb472fc6d6cd343f1,08/18/2025 12:30:00 AM,1,DRIVER,1,2031340,,HONDA,CIVIC,IL,2016,NONE,PASSENGER,PERSONAL,N,STRAIGHT AHEAD,Y,,2,,private,unk,,Y,Y,,,,,,,,,,,,FRONT-RIGHT-CORNER,,,,,,,,,,,,,,,,,,,,,,,,,,,,,,,,,
2130904,b3de071daf9838e2299112087bc930c2fa30330dc48a0d5cad2f3824e57c91d28d76ba0da47677dcc250eab6dbe69632cfe9c4ffdee55d302266c7c8105f8d71,08/18/2025 12:28:00 AM,1,DRIVER,,2031348,,JEEP,GRAND CHEROKEE,IL,2019,UNKNOWN,PASSENGER,PERSONAL,S,STRAIGHT AHEAD,,,1,,,,,N,,,,,,,,,,,,,UNKNOWN,,,,,,,,,,,,,,,,,,,,,,,,,,,,,,,,,
2130905,b3de071daf9838e2299112087bc930c2fa30330dc48a0d5cad2f3824e57c91d28d76ba0da47677dcc250eab6dbe69632cfe9c4ffdee55d302266c7c8105f8d71,08/18/2025 12:28:00 AM,2,PEDESTRIAN,,,,,,,,,,,,,,,,,,,,,,,,,,,,,,,,,,,,,,,,,,,,,,,,,,,,,,,,,,,,,,,,,,
2130914,93b0e570a621f3d72d93abbe0d1fdf5c8e50de6f8955dce520958cd6cb0304d2e5d516ea35312a7cb35afe57937491d720b18e96cc985561aac1afc4a023f9d8,08/18/2025 12:25:00 AM,2,PARKED,,2031362,,TOYOTA,CAMRY,IL,2007,UNKNOWN,PASSENGER,PERSONAL,N,PARKED,,,0,,,,,,,,,,,,,,Y,Y,,,TOTAL (ALL AREAS),,,,,,,,,,,,,,,,,,,,,,,,,,,,,,,,,
2130915,93b0e570a621f3d72d93abbe0d1fdf5c8e50de6f8955dce520958cd6cb0304d2e5d516ea35312a7cb35afe57937491d720b18e96cc985561aac1afc4a023f9d8,08/18/2025 12:25:00 AM,3,PARKED,,2031367,,BUICK,LACROSSE,IL,2005,UNKNOWN,PASSENGER,PERSONAL,N,PARKED,,,0,,,,,Y,,,,Y,Y,Y,,,,Y,Y,,TOTAL (ALL AREAS),,,,,,,,,,,,,,,,,,,,,,,,,,,,,,,,,
2130916,93b0e570a621f3d72d93abbe0d1fdf5c8e50de6f8955dce520958cd6cb0304d2e5d516ea35312a7cb35afe57937491d720b18e96cc985561aac1afc4a023f9d8,08/18/2025 12:25:00 AM,4,PARKED,,2031371,,SUBARU,OUTBACK,CA,2011,UNKNOWN,PASSENGER,PERSONAL,N,PARKED,,,0,,,,,,,,,,Y,,,,,,,,REAR,,,,,,,,,,,,,,,,,,,,,,,,,,,,,,,,,
2130921,93b0e570a621f3d72d93abbe0d1fdf5c8e50de6f8955dce520958cd6cb0304d2e5d516ea35312a7cb35afe57937491d720b18e96cc985561aac1afc4a023f9d8,08/18/2025 12:25:00 AM,1,DRIVER,,2031360,,TOYOTA,PRIUS,IL,2010,UNKNOWN,PASSENGER,PERSONAL,N,STRAIGHT AHEAD,Y,,1,,AAA,17W710 BUTTERFIELD RD APT218,,Y,Y,Y,,,,,,,,Y,Y,,FRONT-RIGHT-CORNER,,,,,,,,,,,,,,,,,,,,,,,,,,,,,,,,,
2130902,5a51307d8d8ae05db31500943a14ed5bb786886d87f7fa65560b4d31ef9a17db5a90260310dba091ee9cb50171895581c4aeba7002550e7b89334539b417404d,08/18/2025 12:24:00 AM,1,DRIVER,,2031349,,ACURA,TLX,IL,2004,UNKNOWN,PASSENGER,PERSONAL,N,U-TURN,Y,,1,,PERSONAL TOW,,,,,,,,,,,Y,Y,Y,,,FRONT-LEFT-CORNER,,,,,,,,,,,,,,,,,,,,,,,,,,,,,,,,,
2130903,5a51307d8d8ae05db31500943a14ed5bb786886d87f7fa65560b4d31ef9a17db5a90260310dba091ee9cb50171895581c4aeba7002550e7b89334539b417404d,08/18/2025 12:24:00 AM,2,DRIVER,,2031353,,VOLKSWAGEN,PASSAT,IL,2014,UNKNOWN,PASSENGER,PERSONAL,N,STRAIGHT AHEAD,Y,,1,,PERSONAL TOW,,,Y,Y,,,,,,,,,,,,FRONT-RIGHT-CORNER,,,,,,,,,,,,,,,,,,,,,,,,,,,,,,,,,