CRASH_UNIT_ID,CRASH_RECORD_ID,CRASH_DATE,UNIT_NO,UNIT_TYPE,NUM_PASSENGERS,VEHICLE_ID,CMRC_VEH_I,MAKE,MODEL,LIC_PLATE_STATE,VEHICLE_YEAR,VEHICLE_DEFECT,VEHICLE_TYPE,VEHICLE_USE,TRAVEL_DIRECTION,MANEUVER,TOWED_I,FIRE_I,OCCUPANT_CNT,EXCEED_SPEED_LIMIT_I,TOWED_BY,TOWED_TO,AREA_00_I,AREA_01_I,AREA_02_I,AREA_03_I,AREA_04_I,AREA_05_I,AREA_06_I,AREA_07_I,AREA_08_I,AREA_09_I,AREA_10_I,AREA_11_I,AREA_12_I,AREA_99_I,FIRST_CONTACT_POINT,CMV_ID,USDOT_NO,CCMC_NO,ILCC_NO,COMMERCIAL_SRC,GVWR,CARRIER_NAME,CARRIER_STATE,CARRIER_CITY,HAZMAT_PLACARDS_I,HAZMAT_NAME,UN_NO,HAZMAT_PRESENT_I,HAZMAT_REPORT_I,HAZMAT_REPORT_NO,MCS_REPORT_I,MCS_REPORT_NO,HAZMAT_VIO_CAUSE_CRASH_I,MCS_VIO_CAUSE_CRASH_I,IDOT_PERMIT_NO,WIDE_LOAD_I,TRAILER1_WIDTH,TRAILER2_WIDTH,TRAILER1_LENGTH,TRAILER2_LENGTH,TOTAL_VEHICLE_LENGTH,AXLE_CNT,VEHICLE_CONFIG,CARGO_BODY_TYPE,LOAD_TYPE,HAZMAT_OUT_OF_SERVICE_I,MCS_OUT_OF_SERVICE_I,HAZMAT_CLASS
2130908,347a7b8c2e7da445a0cb29e53721bc7fad4196dada12f11d0466602472a340866d463315bc5b5b83893795bdcc139d4153b25644befaf2d71ba0ad8dffa1b02c,08/18/2025 12:18:00 AM,1,DRIVER,,2031350,,CADILLAC,ESCALADE,IL,2002,NONE,SPORT UTILITY VEHICLE (SUV),PERSONAL,N,STRAIGHT AHEAD,,,1,,,,,,,,,,,,,,,,Y,,FRONT,,,,,,,,,,,,,,,,,,,,,,,,,,,,,,,,,
2130909,347a7b8c2e7da445a0cb29e53721bc7fad4196dada12f11d0466602472a340866d463315bc5b5b83893795bdcc139d4153b25644befaf2d71ba0ad8dffa1b02c,08/18/2025 12:18:00 AM,2,PEDESTRIAN,,,,,,,,,,,,,,,,,,,,,,,,,,,,,,,,,,,,,,,,,,,,,,,,,,,,,,,,,,,,,,,,,,
2131252,0139b4c5805211169bb2794826b44b725ad58e935139bbc12b209cd04888d2dfa1728413a550cc5fc5cf76ca7f5e4be530aa653854b7e68160b90d77f5f4c35c,08/18/2025 12:08:00 AM,1,DRIVER,,2031675,,TOYOTA,CAMRY,IL,2002,UNKNOWN,PASSENGER,UNKNOWN/NA,E,ENTERING TRAFFIC LANE FROM PARKING,Y,,1,,CITY OF CHICAGO SS # 054593,AUTO POUND,,Y,,,,,,,,,Y,Y,Y,Y,SIDE-LEFT-FRONT,,,,,,,,,,,,,,,,,,,,,,,,,,,,,,,,,
2131253,0139b4c5805211169bb2794826b44b725ad58e935139bbc12b209cd04888d2dfa1728413a550cc5fc5cf76ca7f5e4be530aa653854b7e68160b90d77f5f4c35c,08/18/2025 12:08:00 AM,2,PARKED,,2031676,,SUBARU,CROSSTREK,IL,2024,UNKNOWN,PASSENGER,NOT IN USE,UNKNOWN,PARKED,,,0,,,,,Y,Y,Y,,,,,,Y,Y,Y,,Y,FRONT-RIGHT-CORNER,,,,,,,,,,,,,,,,,,,,,,,,,,,,,,,,,
2131254,0139b4c5805211169bb2794826b44b725ad58e935139bbc12b209cd04888d2dfa1728413a550cc5fc5cf76ca7f5e4be530aa653854b7e68160b90d77f5f4c35c,08/18/2025 12:08:00 AM,3,PARKED,,2031679,,VOLVO,XC60,IL,2019,NONE,SPORT UTILITY VEHICLE (SUV),NOT IN USE,E,PARKED,,,0,,,,,Y,,,,,Y,,,,,,Y,,FRONT,,,,,,,,,,,,,,,,,,,,,,,,,,,,,,,,,
2130897,bc5d32cf769402a54ffaaa8a44a9bfb308cf53a7ed26628caf1da692e33064733ac3687921b3eef4a606c3ce2d1cc64d838d665198c2e1a95b638f1ed1aec0ed,08/18/2025 12:05:00 AM,1,DRIVER,,2031343,,UNKNOWN,OTHER (EXPLAIN IN NARRATIVE),,,UNKNOWN,VAN/MINI-VAN,UNKNOWN/NA,E,TURNING LEFT,,,1,,,,,,,,,,,,,,,,,Y,UNKNOWN,,,,,,,,,,,,,,,,,,,,,,,,,,,,,,,,,
2130898,bc5d32cf769402a54ffaaa8a44a9bfb308cf53a7ed26628caf1da692e33064733ac3687921b3eef4a606c3ce2d1cc64d838d665198c2e1a95b638f1ed1aec0ed,08/18/2025 12:05:00 AM,2,PARKED,,2031344,,MERCEDES-BENZ,500 SERIES,IL,2013,NONE,PASSENGER,NOT IN USE,W,PARKED,,,0,,,,,,,,,,,,,,,Y,,,FRONT-LEFT-CORNER,,,,,,,,,,,,,,,,,,,,,,,,,,,,,,,,,
2130899,bc5d32cf769402a54ffaaa8a44a9bfb308cf53a7ed26628caf1da692e33064733ac3687921b3eef4a606c3ce2d1cc64d838d665198c2e1a95b638f1ed1aec0ed,08/18/2025 12:05:00 AM,3,PARKED,,2031345,,JEEP,CHEROKEE,IL,2020,NONE,PASSENGER,NOT IN USE,W,PARKED,Y,,0,,private tow,,,,Y,,,Y,,,Y,,,Y,,,SIDE-LEFT-REAR,,,,,,,,,,,,,,,,,,,,,,,,,,,,,,,,,
2130884,5fb584416342815f593e0302c3ad98cd336978649dd2a3d9ebd7e137db33f2ef1241879ed01bc0a1112a9655fb7dc9e38089af78f8cb1fb4927a1f0ab20ba673,08/18/2025 12:01:00 AM,1,DRIVER,,2031332,,INFINITI,G37,IL,2013,NONE,PASSENGER,PERSONAL,N,CHANGING LANES,,,1,,,,,,,,Y,Y,,,,,,,,,SIDE-RIGHT-REAR,,,,,,,,,,,,,,,,,,,,,,,,,,,,,,,,,
2130885,5fb584416342815f593e0302c3ad98cd336978649dd2a3d9ebd7e137db33f2ef1241879ed01bc0a1112a9655fb7dc9e38089af78f8cb1fb4927a1f0ab20ba673,08/18/2025 12:01:00 AM,2,DRIVER,,2031334,,CHEVROLET,TRAX,IL,2025,NONE,PASSENGER,PERSONAL,N,STRAIGHT AHEAD,,,1,,,,,,,,,,,,,Y,Y,Y,,,SIDE-LEFT-FRONT,,,,,,,,,,,,,,,,,,,,,,,,,,,,,,,,,
2130889,31d01822ad64fead3911eda23ff9c7d54f53bbbf428ebd03b463a163f5306dced3c7be4c5efa55d1bfdfbbecc67526f82c4ee1874d146238f9d592b275b019ef,08/18/2025 12:00:00 AM,1,DRIVER,,2031337,,FORD,WINDSTAR,IL,2003,NONE,VAN/MINI-VAN,PERSONAL,N,STRAIGHT AHEAD,,,1,,,,,Y,,,,,,,,,,Y,Y,,FRONT-RIGHT-CORNER,,,,,,,,,,,,,,,,,,,,,,,,,,,,,,,,,
2130890,31d01822ad64fead3911eda23ff9c7d54f53bbbf428ebd03b463a163f5306dced3c7be4c5efa55d1bfdfbbecc67526f82c4ee1874d146238f9d592b275b019ef,08/18/2025 12:00:00 AM,2,DRIVER,,2031338,,GENERAL MOTORS CORPORATION (GMC),ACADIA,IL,2020,NONE,PASSENGER,PERSONAL,NE,TURNING RIGHT,,,1,,,,,,,,,Y,Y,N,,,,,,,REAR-RIGHT-CORNER,,,,,,,,,,,,,,,,,,,,,,,,,,,,,,,,,
2132387,ad7b93507001bb6ae20b2a778f976013ae5fa8db41b00bbb710ba589dcae3f2186161fa336976ca00393f9a94c63193888bbf0f454ac60241a7c7c2ef92dfb91,08/17/2025 11:56:00 PM,1,DRIVER,1,2032732,,INFINITI,Q50,IL,2022,NONE,PASSENGER,PERSONAL,UNKNOWN,STRAIGHT AHEAD,Y,,2,,,,,Y,Y,,,,,,,,,,,,FRONT-RIGHT-CORNER,,,,,,,,,,,,,,,,,,,,,,,,,,,,,,,,,
2132388,ad7b93507001bb6ae20b2a778f976013ae5fa8db41b00bbb710ba589dcae3f2186161fa336976ca00393f9a94c63193888bbf0f454ac60241a7c7c2ef92dfb91,08/17/2025 11:56:00 PM,2,DRIVER,1,2032733,,FORD,EXPLORER,IL,2021,NONE,SPORT UTILITY VEHICLE (SUV),POLICE,S,STRAIGHT AHEAD,,,2,,,,,,,,,,,,,,,Y,,,FRONT-LEFT-CORNER,,,,,,,,,,,,,,,,,,,,,,,,,,,,,,,,,
2132389,ad7b93507001bb6ae20b2a778f976013ae5fa8db41b00bbb710ba589dcae3f2186161fa336976ca00393f9a94c63193888bbf0f454ac60241a7c7c2ef92dfb91,08/17/2025 11:56:00 PM,3,DRIVER,1,2032734,,TOYOTA,HIGHLANDER,IL,2008,NONE,SPORT UTILITY VEHICLE (SUV),PERSONAL,N,STRAIGHT AHEAD,,,2,,,,,Y,Y,Y,Y,Y,,,,,,,,,SIDE-RIGHT-REAR,,,,,,,,,,,,,,,,,,,,,,,,,,,,,,,,,
2130878,6a15da58af0ee70ae7dbaa57cec4b194154fa885a0eba785c9bfec1bc53238a3e01779940faa7e1e3890cd719e428a40d5f4a883c09fda24cdad2e0e02670fd2,08/17/2025 11:50:00 PM,1,DRIVER,,2031325,,UNKNOWN,OTHER (EXPLAIN IN NARRATIVE),,,UNKNOWN,UNKNOWN/NA,UNKNOWN/NA,N,STRAIGHT AHEAD,,,1,,,,,,,,,,,,,,,,N,Y,UNKNOWN,,,,,,,,,,,,,,,,,,,,,,,,,,,,,,,,,
2130879,6a15da58af0ee70ae7dbaa57cec4b194154fa885a0eba785c9bfec1bc53238a3e01779940faa7e1e3890cd719e428a40d5f4a883c09fda24cdad2e0e02670fd2,08/17/2025 11:50:00 PM,2,DRIVER,,2031329,,NAVISTAR,NAVISTAR,IL,1998,NONE,OTHER,TOW TRUCK,N,STRAIGHT AHEAD,,,1,,,,,,,,,Y,Y,Y,,,,,,,REAR,,,,,,,,,,,,,,,,,,,,,,,,,,,,,,,,,
2130880,839ad53e6d97fe3abfd6a3e59b873a7c94f2fce80161592f86a39382f7db9936afdca4588b5c9e771bc523cf9a338bc240a455c67f2749c577cb3d55ab9a3560,08/17/2025 11:27:00 PM,1,DRIVER,,2031328,,FORD,FUSION,IL,2012,NONE,PASSENGER,PERSONAL,S,U-TURN,Y,,1,,OWNER,UNK,,Y,,,,,,,,,,Y,Y,,FRONT,,,,,,,,,,,,,,,,,,,,,,,,,,,,,,,,,
2130881,839ad53e6d97fe3abfd6a3e59b873a7c94f2fce80161592f86a39382f7db9936afdca4588b5c9e771bc523cf9a338bc240a455c67f2749c577cb3d55ab9a3560,08/17/2025 11:27:00 PM,2,DRIVER,,2031330,,DODGE,CHALLENGER,IL,2018,NONE,PASSENGER,PERSONAL,S,STRAIGHT AHEAD,Y,,1,,OWNER,UNK,,Y,Y,,,,,,,,,,Y,,FRONT-RIGHT-CORNER,,,,,,,,,,,,,,,,,,,,,,,,,,,,,,,,,
2130887,87dd2fe5bd201a8429bd549a42bb94dd015762d88ed637cb855503cbf5e1358748a0738fe33241c117ea60af5721b59ed19ab643fabf4cf16f5a66fbb314ac9b,08/17/2025 10:40:00 PM,1,DRIVER,,2031341,,TOYOTA,OTHER (EXPLAIN IN NARRATIVE),IL,2014,UNKNOWN,PASSENGER,TAXI/FOR HIRE,E,TURNING LEFT,,,1,,,,,,,,,,,,,,,Y,,,FRONT,,,,,,,,,,,,,,,,,,,,,,,,,,,,,,,,,
2130888,87dd2fe5bd201a8429bd549a42bb94dd015762d88ed637cb855503cbf5e1358748a0738fe33241c117ea60af5721b59ed19ab643fabf4cf16f5a66fbb314ac9b,08/17/2025 10:40:00 PM,2,DRIVER,,2031339,,LEXUS,OTHER (EXPLAIN IN NARRATIVE),MI,2018,UNKNOWN,PASSENGER,UNKNOWN/NA,W,STRAIGHT AHEAD,,,1,,,,,,,,,,Y,Y,,,,,,,REAR,,,,,,,,,,,,,,,,,,,,,,,,,,,,,,,,,
2132527,d266ecf8db00e756ede52efff2bf74704558492478854a7961d0771151a161b97db5f2c923964ae3b913b8ea345980c72b5e0685401c55e5bac7d3b9e3923e3c,08/17/2025 10:40:00 PM,1,DRIVER,,2032857,,PONTIAC,GRAND PRIX,IL,2004,NONE,PASSENGER,PERSONAL,S,STRAIGHT AHEAD,,,1,,,,,,,,,,,,,,Y,Y,,,FRONT-LEFT-CORNER,,,,,,,,,,,,,,,,,,,,,,,,,,,,,,,,,
2132528,d266ecf8db00e756ede52efff2bf74704558492478854a7961d0771151a161b97db5f2c923964ae3b913b8ea345980c72b5e0685401c55e5bac7d3b9e3923e3c,08/17/2025 10:40:00 PM,2,DRIVER,,2032858,,FORD,F350,IL,,NONE,PICKUP,TOW TRUCK,S,STRAIGHT AHEAD,,,1,,,,,Y,Y,,,,,,,,,,,,FRONT-RIGHT-CORNER,,,,,,,,,,,,,,,,,,,,,,,,,,,,,,,,,
2130951,f7390d01bafaf203f28afccb7ee2a4b085461497adf04408e5f5e0075edf4dd37fc6de979739a974c73448bdd6d3c6cb89a0c87170336b0c5c7565d9abf1cf25,08/17/2025 10:40:00 PM,1,DRIVER,,2031390,,AUDI,OTHER (EXPLAIN IN NARRATIVE),,,UNKNOWN,PASSENGER,UNKNOWN/NA,N,TURNING RIGHT,,,1,,,,,,,,,,,,,,,,,,SIDE-RIGHT-REAR,,,,,,,,,,,,,,,,,,,,,,,,,,,,,,,,,
2130952,f7390d01bafaf203f28afccb7ee2a4b085461497adf04408e5f5e0075edf4dd37fc6de979739a974c73448bdd6d3c6cb89a0c87170336b0c5c7565d9abf1cf25,08/17/2025 10:40:00 PM,2,DRIVER,,2031392,,CHEVROLET,TRAIL BLAZER,,,NONE,SPORT UTILITY VEHICLE (SUV),PERSONAL,N,STRAIGHT AHEAD,,,1,,,,,,,,,,,,,,,Y,,,FRONT-LEFT-CORNER,,,,,,,,,,,,,,,,,,,,,,,,,,,,,,,,,
2136316,a5adba3b9cfdcfbb2451e9d3c4f17afdde8958178db983a59f93bb2324e47c2ac7856ca5c3b66277b80f0a9ff14457a830ad92fce2ccb581bf1fcf1c1a8d1f06,08/17/2025 10:24:00 PM,1,DRIVER,,2036506,,SAAB,OTHER (EXPLAIN IN NARRATIVE),IL,2007,UNKNOWN,SPORT UTILITY VEHICLE (SUV),UNKNOWN/NA,S,UNKNOWN/NA,,,1,,,,,,,,,,,,,,,,,Y,FRONT,,,,,,,,,,,,,,,,,,,,,,,,,,,,,,,,,
2136317,a5adba3b9cfdcfbb2451e9d3c4f17afdde8958178db983a59f93bb2324e47c2ac7856ca5c3b66277b80f0a9ff14457a830ad92fce2ccb581bf1fcf1c1a8d1f06,08/17/2025 10:24:00 PM,2,DRIVER,,2036508,,BUICK,VERANO,IL,2012,NONE,PASSENGER,UNKNOWN/NA,S,STRAIGHT AHEAD,,,1,,,,,,,,,Y,Y,Y,,,,,,,REAR,,,,,,,,,,,,,,,,,,,,,,,,,,,,,,,,,
2130837,f28e0d96f2ec0670c2a067028da7d6d98a4437936c22d9b89719e85266b45ed36735d3953a83aa98afb4a66b9535cfa6af9e5be01a676b7b6e9fe8654a5d4d45,08/17/2025 10:11:00 PM,1,DRIVER,,2031284,,UNKNOWN,OTHER (EXPLAIN IN NARRATIVE),,,UNKNOWN,PICKUP,PERSONAL,E,PASSING/OVERTAKING,,,1,,,,,,,,,,,,,,,,,Y,UNKNOWN,,,,,,,,,,,,,,,,,,,,,,,,,,,,,,,,,
2130838,f28e0d96f2ec0670c2a067028da7d6d98a4437936c22d9b89719e85266b45ed36735d3953a83aa98afb4a66b9535cfa6af9e5be01a676b7b6e9fe8654a5d4d45,08/17/2025 10:11:00 PM,2,DRIVER,,2031287,N,UNKNOWN,OTHER (EXPLAIN IN NARRATIVE),IL,2016,UNKNOWN,BUS OVER 15 PASS.,OTHER,E,STRAIGHT AHEAD,,,1,,,,,,,,,,,,,,,Y,,,SIDE-LEFT-FRONT,,,,,,,,,,,,,,,,,,,,,,,,,,,,,,,,,
2131188,81e9bc6ae547863fef39cb0eed3c06a15490d601d3b136d0e9aa36af1218fbf28bdf32f13c92107b80e1104f3c949c1c2b9a5f87bf7e66facc4c3446a52d32d8,08/17/2025 10:10:00 PM,1,DRIVER,,2031616,,MERCEDES-BENZ,OTHER (EXPLAIN IN NARRATIVE),IL,2020,UNKNOWN,UNKNOWN/NA,UNKNOWN/NA,E,PASSING/OVERTAKING,,,1,,,,,,,,,,,Y,Y,Y,Y,Y,,,SIDE-LEFT,,,,,,,,,,,,,,,,,,,,,,,,,,,,,,,,,
2131189,81e9bc6ae547863fef39cb0eed3c06a15490d601d3b136d0e9aa36af1218fbf28bdf32f13c92107b80e1104f3c949c1c2b9a5f87bf7e66facc4c3446a52d32d8,08/17/2025 10:10:00 PM,2,DRIVER,1,2031617,,CHEVROLET,SILVERADO,IL,2018,NONE,PASSENGER,PERSONAL,E,STRAIGHT AHEAD,,,2,,,,,,Y,Y,,,,,,,,,,,SIDE-RIGHT-FRONT,,,,,,,,,,,,,,,,,,,,,,,,,,,,,,,,,
2131164,08f6957022d0df0d95b4a7b0bd8620b84eeac922685a5906afa1bdd244d405ba559e7c44ef98db3c5ccfe58ca8632298e0e8d991695721c5e5f27ac7a530503f,08/17/2025 10:01:00 PM,1,DRIVER,,2031590,,FORD,VAN,IL,2015,UNKNOWN,VAN/MINI-VAN,PERSONAL,UNKNOWN,UNKNOWN/NA,,,1,,,,,,,,,,,,,,,,,Y,SIDE-RIGHT-FRONT,,,,,,,,,,,,,,,,,,,,,,,,,,,,,,,,,
2131165,08f6957022d0df0d95b4a7b0bd8620b84eeac922685a5906afa1bdd244d405ba559e7c44ef98db3c5ccfe58ca8632298e0e8d991695721c5e5f27ac7a530503f,08/17/2025 10:01:00 PM,2,DRIVER,,2031599,,VOLKSWAGEN,JETTA,IL,2019,UNKNOWN,PASSENGER,PERSONAL,UNKNOWN,UNKNOWN/NA,,,1,,,,,,,,,,,,,,Y,Y,Y,,SIDE-LEFT-FRONT,,,,,,,,,,,,,,,,,,,,,,,,,,,,,,,,,
2131155,95b481568b20a048d80c94672a66da496c811f0577eb7dd112a18fe2a8642ae963a1116c30e268a98dbf97ece9535d26acef2f7d15d756a04f1fa00884225817,08/17/2025 10:00:00 PM,1,DRIVER,2,2031597,,HYUNDAI,ELANTRA,WI,,UNKNOWN,PASSENGER,UNKNOWN/NA,N,PASSING/OVERTAKING,,,3,,,,,,,Y,Y,,,,,,,,,,SIDE-RIGHT-REAR,,,,,,,,,,,,,,,,,,,,,,,,,,,,,,,,,
2131156,95b481568b20a048d80c94672a66da496c811f0577eb7dd112a18fe2a8642ae963a1116c30e268a98dbf97ece9535d26acef2f7d15d756a04f1fa00884225817,08/17/2025 10:00:00 PM,2,DRIVER,1,2031582,,GENERAL MOTORS CORPORATION (GMC),ACADIA,IL,2015,UNKNOWN,SPORT UTILITY VEHICLE (SUV),PERSONAL,N,STRAIGHT AHEAD,,,2,,,,,,,,,,,,,,Y,Y,,,FRONT-LEFT-CORNER,,,,,,,,,,,,,,,,,,,,,,,,,,,,,,,,,
2131095,a0d85a784d3d89a4b66246c34d2545a480801243c9a829d0c78483b96faa5e2c31ac90c06644b627c60401b68b055fa4d713ee5313d282800fef013c821eb0bb,08/17/2025 10:00:00 PM,1,DRIVER,,2031528,,DODGE,RAM 2500 PU,UT,2024,UNKNOWN,PICKUP,UNKNOWN/NA,W,STRAIGHT AHEAD,,,1,,,,,,,,,,,,,,,,,Y,FRONT,,,,,,,,,,,,,,,,,,,,,,,,,,,,,,,,,
2131096,a0d85a784d3d89a4b66246c34d2545a480801243c9a829d0c78483b96faa5e2c31ac90c06644b627c60401b68b055fa4d713ee5313d282800fef013c821eb0bb,08/17/2025 10:00:00 PM,2,PARKED,,2031548,,JEEP,CHEROKEE,IL,2017,UNKNOWN,SPORT UTILITY VEHICLE (SUV),PERSONAL,W,PARKED,,,0,,,,,Y,,,,,,,,Y,Y,Y,Y,,SIDE-LEFT-FRONT,,,,,,,,,,,,,,,,,,,,,,,,,,,,,,,,,
2131097,a0d85a784d3d89a4b66246c34d2545a480801243c9a829d0c78483b96faa5e2c31ac90c06644b627c60401b68b055fa4d713ee5313d282800fef013c821eb0bb,08/17/2025 10:00:00 PM,3,PARKED,,2031540,,TOYOTA,HIGHLANDER,IL,2019,UNKNOWN,SPORT UTILITY VEHICLE (SUV),PERSONAL,W,PARKED,,,0,,,,,,,,,Y,Y,Y,,N,Y,Y,,,REAR,,,,,,,,,,,,,,,,,,,,,,,,,,,,,,,,,
2131098,a0d85a784d3d89a4b66246c34d2545a480801243c9a829d0c78483b96faa5e2c31ac90c06644b627c60401b68b055fa4d713ee5313d282800fef013c821eb0bb,08/17/2025 10:00:00 PM,4,PARKED,,2031550,,TOYOTA,TUNDRA,IL,2024,UNKNOWN,PICKUP,PERSONAL,W,PARKED,,,0,,,,,,,,,,,,,Y,Y,Y,,,SIDE-LEFT-FRONT,,,,,,,,,,,,,,,,,,,,,,,,,,,,,,,,,
2131099,a0d85a784d3d89a4b66246c34d2545a480801243c9a829d0c78483b96faa5e2c31ac90c06644b627c60401b68b055fa4d713ee5313d282800fef013c821eb0bb,08/17/2025 10:00:00 PM,5,PARKED,,2031559,,HYUNDAI,ELANTRA,IL,2019,UNKNOWN,PASSENGER,PERSONAL,E,PARKED,,,0,,,,,,,,,,,,,Y,Y,,,,SIDE-LEFT,,,,,,,,,,,,,,,,,,,,,,,,,,,,,,,,,
2130882,af2107ef617373a3c7fad6e5272f8794bfeb23d9885946ff5469922e0dfe3573ae9fda7d3f967e1025d3935638fefe5bbc29240016679716a914890b9fec7fc2,08/17/2025 09:44:00 PM,1,DRIVER,,2031335,,HONDA,ACCORD,IL,2011,UNKNOWN,PASSENGER,UNKNOWN/NA,S,TURNING LEFT,,,1,,,,,,,,,,,,,,,,,Y,UNKNOWN,,,,,,,,,,,,,,,,,,,,,,,,,,,,,,,,,
2130886,af2107ef617373a3c7fad6e5272f8794bfeb23d9885946ff5469922e0dfe3573ae9fda7d3f967e1025d3935638fefe5bbc29240016679716a914890b9fec7fc2,08/17/2025 09:44:00 PM,2,DRIVER,1,2031333,,HARLEY-DAVIDSON,OTHER (EXPLAIN IN NARRATIVE),IL,2005,UNKNOWN,MOTORCYCLE (OVER 150CC),UNKNOWN/NA,N,STRAIGHT AHEAD,,,2,,,,,,,,,,,N,N,Y,Y,Y,,,SIDE-LEFT,,,,,,,,,,,,,,,,,,,,,,,,,,,,,,,,,
2137693,0927ee86f24c261008d07452d9ec6236f4273f202a65b2909d81117a509735a81bf1625ee2b27d3ddd2b804917805975b25b5e742479fde1f40cbd4651876fe8,08/17/2025 09:40:00 PM,1,DRIVER,1,2037808,,CHEVROLET,TRAX,IL,2025,NONE,PASSENGER,PERSONAL,W,STRAIGHT AHEAD,Y,,2,,CITY OF CHICAGO,,,,,,,,,,,,,Y,Y,,FRONT-LEFT-CORNER,,,,,,,,,,,,,,,,,,,,,,,,,,,,,,,,,
2137694,0927ee86f24c261008d07452d9ec6236f4273f202a65b2909d81117a509735a81bf1625ee2b27d3ddd2b804917805975b25b5e742479fde1f40cbd4651876fe8,08/17/2025 09:40:00 PM,2,PEDESTRIAN,,,,,,,,,,,,,,,,,,,,,,,,,,,,,,,,,,,,,,,,,,,,,,,,,,,,,,,,,,,,,,,,,,
2137695,0927ee86f24c261008d07452d9ec6236f4273f202a65b2909d81117a509735a81bf1625ee2b27d3ddd2b804917805975b25b5e742479fde1f40cbd4651876fe8,08/17/2025 09:40:00 PM,3,PEDESTRIAN,,,,,,,,,,,,,,,,,,,,,,,,,,,,,,,,,,,,,,,,,,,,,,,,,,,,,,,,,,,,,,,,,,
2130871,4e8b56b119dd4e8c1c88181aec139ce105f412f0587dceae49f274f0e7054c8cd3c089bcb1011b5deb351f032e3c1cf9584826122b7c7c4361e3821cde722a84,08/17/2025 09:30:00 PM,1,DRIVER,,2031336,,DODGE,SENECA,IL,2015,UNKNOWN,PASSENGER,UNKNOWN/NA,E,TURNING LEFT,,,1,,,,,,,,,Y,,Y,,,,,,,REAR-RIGHT-CORNER,,,,,,,,,,,,,,,,,,,,,,,,,,,,,,,,,
2130872,4e8b56b119dd4e8c1c88181aec139ce105f412f0587dceae49f274f0e7054c8cd3c089bcb1011b5deb351f032e3c1cf9584826122b7c7c4361e3821cde722a84,08/17/2025 09:30:00 PM,2,DRIVER,1,2031326,,BUICK,LUCERNE,IL,2010,UNKNOWN,PASSENGER,UNKNOWN/NA,W,STRAIGHT AHEAD,,,2,,,,,Y,,,,,,,,,,Y,Y,,FRONT,,,,,,,,,,,,,,,,,,,,,,,,,,,,,,,,,
2130841,e945a5735ebe90e612f2b7fff041642adbbe9e35dc716ade7889e517cb84e2fb5d0f391df4a62c3ff47040bb0a6cdddfdc91e62dce5541196885f75e02de65a3,08/17/2025 09:23:00 PM,1,DRIVER,1,2031288,,FORD,EXPLORER,IL,2021,NONE,SPORT UTILITY VEHICLE (SUV),POLICE,N,STRAIGHT AHEAD,,,2,,,,,,,,,,,,,,Y,Y,Y,,FRONT-LEFT-CORNER,,,,,,,,,,,,,,,,,,,,,,,,,,,,,,,,,
2130853,e945a5735ebe90e612f2b7fff041642adbbe9e35dc716ade7889e517cb84e2fb5d0f391df4a62c3ff47040bb0a6cdddfdc91e62dce5541196885f75e02de65a3,08/17/2025 09:23:00 PM,2,DRIVER,1,2031298,,ACURA,RLX,IL,2017,UNKNOWN,PASSENGER,PERSONAL,NE,TURNING LEFT,,,2,,,,,,Y,Y,,,,,,,,,,,SIDE-RIGHT,,,,,,,,,,,,,,,,,,,,,,,,,,,,,,,,,
2130823,339f6a2eb583ca98deeb4e76706392eb751ba1f0dda3730bfc5f008de878375a411c38c1004c3aa56d26ef713c835d7907060a6c08175d4b718a6ced28b41e3e,08/17/2025 09:20:00 PM,1,DRIVER,,2031276,,HYUNDAI,OTHER (EXPLAIN IN NARRATIVE),IL,2014,UNKNOWN,PASSENGER,UNKNOWN/NA,W,UNKNOWN/NA,,,1,,,,,,,,,,,,,,,,Y,,FRONT,,,,,,,,,,,,,,,,,,,,,,,,,,,,,,,,,
2130824,339f6a2eb583ca98deeb4e76706392eb751ba1f0dda3730bfc5f008de878375a411c38c1004c3aa56d26ef713c835d7907060a6c08175d4b718a6ced28b41e3e,08/17/2025 09:20:00 PM,2,DRIVER,,2031277,,TOYOTA,RAV4,,,UNKNOWN,SPORT UTILITY VEHICLE (SUV),PERSONAL,W,TURNING RIGHT,,,1,,,,,,,,,,Y,,,,,,,,REAR,,,,,,,,,,,,,,,,,,,,,,,,,,,,,,,,,
2130857,6dd00ebb892004b57cb2e1bb938233fcfda8aa385e5033a7937a5d48962898789a72cb05d0ddcab52e62ce2e7ade8c1c0c377fb886b4264b59e9fb4663a4fd8c,08/17/2025 09:20:00 PM,1,DRIVER,,2031304,,NEW FLYER,OTHER (EXPLAIN IN NARRATIVE),IL,,UNKNOWN,BUS OVER 15 PASS.,OTHER,W,TURNING RIGHT,,,1,,,,,,,,,,,,,,,,,Y,FRONT-RIGHT-CORNER,,,,,,,,,,,,,,,,,,,,,,,,,,,,,,,,,
2130858,6dd00ebb892004b57cb2e1bb938233fcfda8aa385e5033a7937a5d48962898789a72cb05d0ddcab52e62ce2e7ade8c1c0c377fb886b4264b59e9fb4663a4fd8c,08/17/2025 09:20:00 PM,2,DRIVER,,2031308,,NEW FLYER,OTHER (EXPLAIN IN NARRATIVE),IL,,UNKNOWN,BUS OVER 15 PASS.,OTHER,W,OTHER,,,1,,,,,,,,,,,,,,,Y,,,FRONT-LEFT-CORNER,,,,,,,,,,,,,,,,,,,,,,,,,,,,,,,,,