CRASH_UNIT_ID,CRASH_RECORD_ID,CRASH_DATE,UNIT_NO,UNIT_TYPE,NUM_PASSENGERS,VEHICLE_ID,CMRC_VEH_I,MAKE,MODEL,LIC_PLATE_STATE,VEHICLE_YEAR,VEHICLE_DEFECT,VEHICLE_TYPE,VEHICLE_USE,TRAVEL_DIRECTION,MANEUVER,TOWED_I,FIRE_I,OCCUPANT_CNT,EXCEED_SPEED_LIMIT_I,TOWED_BY,TOWED_TO,AREA_00_I,AREA_01_I,AREA_02_I,AREA_03_I,AREA_04_I,AREA_05_I,AREA_06_I,AREA_07_I,AREA_08_I,AREA_09_I,AREA_10_I,AREA_11_I,AREA_12_I,AREA_99_I,FIRST_CONTACT_POINT,CMV_ID,USDOT_NO,CCMC_NO,ILCC_NO,COMMERCIAL_SRC,GVWR,CARRIER_NAME,CARRIER_STATE,CARRIER_CITY,HAZMAT_PLACARDS_I,HAZMAT_NAME,UN_NO,HAZMAT_PRESENT_I,HAZMAT_REPORT_I,HAZMAT_REPORT_NO,MCS_REPORT_I,MCS_REPORT_NO,HAZMAT_VIO_CAUSE_CRASH_I,MCS_VIO_CAUSE_CRASH_I,IDOT_PERMIT_NO,WIDE_LOAD_I,TRAILER1_WIDTH,TRAILER2_WIDTH,TRAILER1_LENGTH,TRAILER2_LENGTH,TOTAL_VEHICLE_LENGTH,AXLE_CNT,VEHICLE_CONFIG,CARGO_BODY_TYPE,LOAD_TYPE,HAZMAT_OUT_OF_SERVICE_I,MCS_OUT_OF_SERVICE_I,HAZMAT_CLASS
2130832,07b4cecbaf3903728c312fc5b3c9bb01fc822bb121c4be3f25faebdb60f284fbeb992556d0ac5223e042c5390bdfb200c9e123adc09cefe75e586c55d639fb70,08/17/2025 09:19:00 PM,1,DRIVER,,2031289,,CHRYSLER,300,IL,2016,UNKNOWN,PASSENGER,UNKNOWN/NA,N,BACKING,,,1,,,,,Y,Y,Y,Y,Y,Y,Y,Y,Y,Y,Y,Y,,UNKNOWN,,,,,,,,,,,,,,,,,,,,,,,,,,,,,,,,,
2130833,07b4cecbaf3903728c312fc5b3c9bb01fc822bb121c4be3f25faebdb60f284fbeb992556d0ac5223e042c5390bdfb200c9e123adc09cefe75e586c55d639fb70,08/17/2025 09:19:00 PM,2,PARKED,,2031292,,TOYOTA,RAV4,IL,2019,NONE,PASSENGER,NOT IN USE,E,PARKED,,,0,,,,,Y,Y,Y,Y,Y,Y,,,,,,,,REAR-LEFT-CORNER,,,,,,,,,,,,,,,,,,,,,,,,,,,,,,,,,
2130834,07b4cecbaf3903728c312fc5b3c9bb01fc822bb121c4be3f25faebdb60f284fbeb992556d0ac5223e042c5390bdfb200c9e123adc09cefe75e586c55d639fb70,08/17/2025 09:19:00 PM,3,PARKED,,2031297,,FORD,F150,IL,2003,UNKNOWN,PICKUP,NOT IN USE,E,PARKED,,,0,,,,,Y,Y,Y,Y,Y,Y,,,,,,,,UNKNOWN,,,,,,,,,,,,,,,,,,,,,,,,,,,,,,,,,
2130835,07b4cecbaf3903728c312fc5b3c9bb01fc822bb121c4be3f25faebdb60f284fbeb992556d0ac5223e042c5390bdfb200c9e123adc09cefe75e586c55d639fb70,08/17/2025 09:19:00 PM,4,PARKED,,2031301,,TOYOTA,OTHER (EXPLAIN IN NARRATIVE),IL,2008,UNKNOWN,PICKUP,NOT IN USE,E,PARKED,,,0,,,,,Y,Y,Y,Y,Y,Y,,,,,,,,UNKNOWN,,,,,,,,,,,,,,,,,,,,,,,,,,,,,,,,,
2130836,07b4cecbaf3903728c312fc5b3c9bb01fc822bb121c4be3f25faebdb60f284fbeb992556d0ac5223e042c5390bdfb200c9e123adc09cefe75e586c55d639fb70,08/17/2025 09:19:00 PM,5,PARKED,,2031307,,FORD,EXPLORER,IL,2012,UNKNOWN,PASSENGER,NOT IN USE,N,PARKED,,,0,,,,,Y,Y,Y,Y,Y,,,,,,,,,UNKNOWN,,,,,,,,,,,,,,,,,,,,,,,,,,,,,,,,,
2130842,07b4cecbaf3903728c312fc5b3c9bb01fc822bb121c4be3f25faebdb60f284fbeb992556d0ac5223e042c5390bdfb200c9e123adc09cefe75e586c55d639fb70,08/17/2025 09:19:00 PM,14,PARKED,,2031290,,TOYOTA,CAMRY,IL,2007,OTHER,PASSENGER,UNKNOWN/NA,N,PARKED,,,0,,,,,,Y,Y,Y,,Y,,,,,,,,REAR-RIGHT-CORNER,,,,,,,,,,,,,,,,,,,,,,,,,,,,,,,,,
2130849,07b4cecbaf3903728c312fc5b3c9bb01fc822bb121c4be3f25faebdb60f284fbeb992556d0ac5223e042c5390bdfb200c9e123adc09cefe75e586c55d639fb70,08/17/2025 09:19:00 PM,13,PARKED,,2031295,,HONDA,PILOT,IL,2022,UNKNOWN,SPORT UTILITY VEHICLE (SUV),UNKNOWN/NA,N,PARKED,,,0,,,,,Y,Y,Y,Y,Y,,,,,,,,,SIDE-RIGHT,,,,,,,,,,,,,,,,,,,,,,,,,,,,,,,,,
2130854,07b4cecbaf3903728c312fc5b3c9bb01fc822bb121c4be3f25faebdb60f284fbeb992556d0ac5223e042c5390bdfb200c9e123adc09cefe75e586c55d639fb70,08/17/2025 09:19:00 PM,12,PARKED,,2031302,,HONDA,CIVIC,IL,2007,UNKNOWN,PASSENGER,UNKNOWN/NA,N,PARKED,,,0,,,,,,,,,,,Y,Y,Y,Y,Y,,,SIDE-LEFT,,,,,,,,,,,,,,,,,,,,,,,,,,,,,,,,,
2130861,07b4cecbaf3903728c312fc5b3c9bb01fc822bb121c4be3f25faebdb60f284fbeb992556d0ac5223e042c5390bdfb200c9e123adc09cefe75e586c55d639fb70,08/17/2025 09:19:00 PM,11,PARKED,,2031306,,HONDA,CR-V,IL,2010,UNKNOWN,PASSENGER,UNKNOWN/NA,N,PARKED,,,0,,,,,Y,Y,Y,Y,Y,,,,,,,,,SIDE-RIGHT,,,,,,,,,,,,,,,,,,,,,,,,,,,,,,,,,
2130862,07b4cecbaf3903728c312fc5b3c9bb01fc822bb121c4be3f25faebdb60f284fbeb992556d0ac5223e042c5390bdfb200c9e123adc09cefe75e586c55d639fb70,08/17/2025 09:19:00 PM,10,PARKED,,2031309,,FORD,EDGE,IL,2024,UNKNOWN,SPORT UTILITY VEHICLE (SUV),UNKNOWN/NA,N,PARKED,,,0,,,,,Y,Y,Y,Y,Y,,,,,,,,,SIDE-RIGHT,,,,,,,,,,,,,,,,,,,,,,,,,,,,,,,,,
2130863,07b4cecbaf3903728c312fc5b3c9bb01fc822bb121c4be3f25faebdb60f284fbeb992556d0ac5223e042c5390bdfb200c9e123adc09cefe75e586c55d639fb70,08/17/2025 09:19:00 PM,6,PARKED,,2031310,,HYUNDAI,SONATA,IL,2017,UNKNOWN,PASSENGER,NOT IN USE,N,PARKED,,,0,,,,,Y,Y,,,,,,,,,,,,UNKNOWN,,,,,,,,,,,,,,,,,,,,,,,,,,,,,,,,,
2130864,07b4cecbaf3903728c312fc5b3c9bb01fc822bb121c4be3f25faebdb60f284fbeb992556d0ac5223e042c5390bdfb200c9e123adc09cefe75e586c55d639fb70,08/17/2025 09:19:00 PM,9,PARKED,,2031312,,CHEVROLET,TAHOE,IL,2002,UNKNOWN,SPORT UTILITY VEHICLE (SUV),UNKNOWN/NA,N,PARKED,,,0,,,,,,,,,,,Y,Y,Y,Y,Y,,,SIDE-LEFT,,,,,,,,,,,,,,,,,,,,,,,,,,,,,,,,,
2130865,07b4cecbaf3903728c312fc5b3c9bb01fc822bb121c4be3f25faebdb60f284fbeb992556d0ac5223e042c5390bdfb200c9e123adc09cefe75e586c55d639fb70,08/17/2025 09:19:00 PM,7,PARKED,,2031315,,FORD,EXPLORER,IL,2010,UNKNOWN,PASSENGER,NOT IN USE,N,PARKED,,,0,,,,,Y,Y,Y,Y,Y,,,,,,,,,UNKNOWN,,,,,,,,,,,,,,,,,,,,,,,,,,,,,,,,,
2130868,07b4cecbaf3903728c312fc5b3c9bb01fc822bb121c4be3f25faebdb60f284fbeb992556d0ac5223e042c5390bdfb200c9e123adc09cefe75e586c55d639fb70,08/17/2025 09:19:00 PM,8,PARKED,,2031317,,MERCEDES-BENZ,C250,IL,2014,UNKNOWN,PASSENGER,NOT IN USE,N,PARKED,,,0,,,,,Y,Y,Y,Y,Y,,,,,,,,,UNKNOWN,,,,,,,,,,,,,,,,,,,,,,,,,,,,,,,,,
2130866,a009d7ed0ef292d35cb81db406aaab44e6ffa74eff0dbcacd510c4e61bd45771e73d12ba071f2b929a886aff1d68b4e59e8b66571d7393c462eaa6f6cd924223,08/17/2025 09:15:00 PM,1,DRIVER,,2031319,,NISSAN,MAXIMA,IL,2024,UNKNOWN,PASSENGER,UNKNOWN/NA,E,STRAIGHT AHEAD,,,1,,,,,,Y,,,,,,,,,,,,SIDE-RIGHT-FRONT,,,,,,,,,,,,,,,,,,,,,,,,,,,,,,,,,
2130867,a009d7ed0ef292d35cb81db406aaab44e6ffa74eff0dbcacd510c4e61bd45771e73d12ba071f2b929a886aff1d68b4e59e8b66571d7393c462eaa6f6cd924223,08/17/2025 09:15:00 PM,2,DRIVER,,2031320,,NOVA BUS,LFS,IL,2023,NONE,BUS OVER 15 PASS.,CTA,E,SLOW/STOP IN TRAFFIC,,,1,,,,Y,,,,,,,,,,,,,,FRONT-LEFT-CORNER,,,,,,,,,,,,,,,,,,,,,,,,,,,,,,,,,
2130855,3262e0e209ed38cc26214c3bdb77a28133c1494c5dabb3f5802da9f112806e6044ea2435f0c4eabd81f429d92caef82eddb22e18652fe24b6ff1bc023a38eb46,08/17/2025 09:00:00 PM,1,DRIVER,,2031314,,FORD,FUSION,IL,2017,NONE,PASSENGER,PERSONAL,N,STRAIGHT AHEAD,,,1,,,,,,,,,,,,,,,,,Y,FRONT,,,,,,,,,,,,,,,,,,,,,,,,,,,,,,,,,
2130856,3262e0e209ed38cc26214c3bdb77a28133c1494c5dabb3f5802da9f112806e6044ea2435f0c4eabd81f429d92caef82eddb22e18652fe24b6ff1bc023a38eb46,08/17/2025 09:00:00 PM,2,DRIVER,,2031305,,TOYOTA,AVALON,IL,2014,NONE,PASSENGER,PERSONAL,N,SLOW/STOP IN TRAFFIC,,,1,,,,,,,,,,Y,,,,,,,,REAR,,,,,,,,,,,,,,,,,,,,,,,,,,,,,,,,,
2131355,b91ac947b98e3f731a34706716a788d142c4d288f6829a9df0a1f31638fa495ea1a70b1cff2fd7879344b716317b95936bf79d24e97a34530701a553f7049b6c,08/17/2025 09:00:00 PM,1,DRIVER,,2031786,,DODGE,RAM 1500 PU,IL,2016,NONE,PICKUP,PERSONAL,S,TURNING RIGHT,,,1,,,,,Y,,,,,,,,,,Y,Y,,FRONT,,,,,,,,,,,,,,,,,,,,,,,,,,,,,,,,,
2131356,b91ac947b98e3f731a34706716a788d142c4d288f6829a9df0a1f31638fa495ea1a70b1cff2fd7879344b716317b95936bf79d24e97a34530701a553f7049b6c,08/17/2025 09:00:00 PM,2,DRIVER,,2031788,,HONDA,ACCORD,IL,,UNKNOWN,PASSENGER,UNKNOWN/NA,W,STRAIGHT AHEAD,,,1,,,,,,,,,,Y,,,,,,,,REAR,,,,,,,,,,,,,,,,,,,,,,,,,,,,,,,,,
2132201,eb594e0b57cb8dca5618d72bb2ad0a7ee7054ec67423674af6e3c5a791397515cbd9f5f87bcdab2e3912e97884c63cfeb61d40db98634f6a2f1b85a0f09b1e2d,08/17/2025 09:00:00 PM,1,DRIVER,,2032551,,CHEVROLET,TRAVERSE,IL,2010,UNKNOWN,PASSENGER,PERSONAL,W,TURNING LEFT,Y,,1,,CITY OF CHICAGO,,,Y,,,,,,,,,Y,Y,Y,,FRONT,,,,,,,,,,,,,,,,,,,,,,,,,,,,,,,,,
2132202,eb594e0b57cb8dca5618d72bb2ad0a7ee7054ec67423674af6e3c5a791397515cbd9f5f87bcdab2e3912e97884c63cfeb61d40db98634f6a2f1b85a0f09b1e2d,08/17/2025 09:00:00 PM,2,DRIVER,4,2032552,,HYUNDAI,ELANTRA,IN,2013,UNKNOWN,PASSENGER,PERSONAL,E,STRAIGHT AHEAD,Y,,5,,CITY OF CHICAGO,,,Y,Y,,,,,,,Y,Y,Y,Y,,FRONT,,,,,,,,,,,,,,,,,,,,,,,,,,,,,,,,,
2130850,1eebb64611cfefb000b70c0e3e029508766bd293bc6e7b00786224daa621c2ca6c1d94c84e23c564c76299479562d97a93f70215a8b925feaef1e8411e0ebac6,08/17/2025 08:50:00 PM,1,DRIVER,,2031299,,JEEP,CHEROKEE,IL,2023,UNKNOWN,PASSENGER,PERSONAL,E,TURNING LEFT,,,1,,,,,Y,Y,Y,Y,,,,,,,,,,SIDE-LEFT-FRONT,,,,,,,,,,,,,,,,,,,,,,,,,,,,,,,,,
2130851,1eebb64611cfefb000b70c0e3e029508766bd293bc6e7b00786224daa621c2ca6c1d94c84e23c564c76299479562d97a93f70215a8b925feaef1e8411e0ebac6,08/17/2025 08:50:00 PM,2,DRIVER,,2031311,,"(HOMEMADE MOTORCYCLE, MOPED.ETC.)","(HOMEMADE MOTORCYCLE, MOPED.ETC.)",IL,2009,UNKNOWN,MOPED OR MOTORIZED BICYCLE,PERSONAL,N,STRAIGHT AHEAD,Y,,1,,OWNER,,,Y,Y,Y,Y,Y,,Y,Y,Y,Y,Y,Y,,FRONT-LEFT-CORNER,,,,,,,,,,,,,,,,,,,,,,,,,,,,,,,,,
2130826,9dda04934f24a3577f10307e68bc15bd0b1f65703ae401c2ecf06cfa146a59ac92a185d998f7bc7c0e248196b2946aaba44823c74f1409cd6188a3006e23d10a,08/17/2025 08:50:00 PM,1,DRIVER,,2031278,,ACURA,ADX,IL,2011,UNKNOWN,PASSENGER,PERSONAL,N,STRAIGHT AHEAD,Y,,1,,STREETS AND SANS,DOTY ROAD,,Y,,,,,,,,,,Y,Y,,FRONT,,,,,,,,,,,,,,,,,,,,,,,,,,,,,,,,,
2131149,c3a2413ccfcb8880be689740cc6aa4238fce4fb4405e2d37e25bd69056dbceec9977b9dd19cfda31bb78b7c3aa58a91b68996677d531d4afcf1d20dd4e9febbe,08/17/2025 08:45:00 PM,1,DRIVER,,2031588,,A & M COACH,A & M COACH,IL,,UNKNOWN,BUS OVER 15 PASS.,PERSONAL,E,MERGING,,,1,,,,,Y,,,,,,,,,,,,,FRONT-RIGHT-CORNER,,,,,,,,,,,,,,,,,,,,,,,,,,,,,,,,,
2131150,c3a2413ccfcb8880be689740cc6aa4238fce4fb4405e2d37e25bd69056dbceec9977b9dd19cfda31bb78b7c3aa58a91b68996677d531d4afcf1d20dd4e9febbe,08/17/2025 08:45:00 PM,2,DRIVER,,2032120,,HONDA,ACCORD,IL,2003,NONE,PASSENGER,PERSONAL,E,STRAIGHT AHEAD,,,1,,,,,,,,,Y,,,,,,,,,FRONT-RIGHT-CORNER,,,,,,,,,,,,,,,,,,,,,,,,,,,,,,,,,
2130807,b6988f12a49cb0f6292d2585a882e653da9e0cdcc6d1ee7651ec4da3dbb0c31f723aaf0203a395b49ea078ddd35d0f552d7cdf43b154824ca1f5db720a49c70e,08/17/2025 08:31:00 PM,1,DRIVER,,2031260,,VOLKSWAGEN,TIGUAN,IL,2019,UNKNOWN,SPORT UTILITY VEHICLE (SUV),PERSONAL,S,NEGOTIATING A CURVE,,,1,,,,,Y,Y,,,,,,,,,,,,FRONT-RIGHT-CORNER,,,,,,,,,,,,,,,,,,,,,,,,,,,,,,,,,
2130808,b6988f12a49cb0f6292d2585a882e653da9e0cdcc6d1ee7651ec4da3dbb0c31f723aaf0203a395b49ea078ddd35d0f552d7cdf43b154824ca1f5db720a49c70e,08/17/2025 08:31:00 PM,2,DRIVER,,2031263,,AUDI,Q7,IL,2025,OTHER,SPORT UTILITY VEHICLE (SUV),PERSONAL,S,NEGOTIATING A CURVE,,,1,,,,,,,,,,Y,Y,Y,,,,,,REAR-LEFT-CORNER,,,,,,,,,,,,,,,,,,,,,,,,,,,,,,,,,
2130815,9dd62523fceb946dfd767a9d7620d0ea6be1d0747d17ad5d706c3d53ecab9e12e036897671d05d09d64df1bdf3e47c15ffce1bed880dfce9329687dfa550e5e3,08/17/2025 08:30:00 PM,1,DRIVER,,2031265,,CHEVROLET,SILVERADO,IL,2007,UNKNOWN,PICKUP,UNKNOWN/NA,SW,STRAIGHT AHEAD,,,1,,,,,Y,Y,,,,,,,,,,Y,,FRONT-RIGHT-CORNER,,,,,,,,,,,,,,,,,,,,,,,,,,,,,,,,,
2130816,9dd62523fceb946dfd767a9d7620d0ea6be1d0747d17ad5d706c3d53ecab9e12e036897671d05d09d64df1bdf3e47c15ffce1bed880dfce9329687dfa550e5e3,08/17/2025 08:30:00 PM,2,PARKED,,2031268,,HONDA,CR-V,IL,2016,UNKNOWN,SPORT UTILITY VEHICLE (SUV),NOT IN USE,SW,PARKED,Y,,0,,UNKK PRIVATE TOW,UNK,,Y,Y,,,Y,Y,Y,,,Y,Y,Y,,REAR,,,,,,,,,,,,,,,,,,,,,,,,,,,,,,,,,
2130817,9dd62523fceb946dfd767a9d7620d0ea6be1d0747d17ad5d706c3d53ecab9e12e036897671d05d09d64df1bdf3e47c15ffce1bed880dfce9329687dfa550e5e3,08/17/2025 08:30:00 PM,3,PARKED,,2031270,,CHEVROLET,EXPRESS,MN,2015,UNKNOWN,VAN/MINI-VAN,NOT IN USE,SW,PARKED,,,0,,,,,Y,,,,Y,Y,Y,,,,Y,Y,,REAR,,,,,,,,,,,,,,,,,,,,,,,,,,,,,,,,,
2130818,9dd62523fceb946dfd767a9d7620d0ea6be1d0747d17ad5d706c3d53ecab9e12e036897671d05d09d64df1bdf3e47c15ffce1bed880dfce9329687dfa550e5e3,08/17/2025 08:30:00 PM,4,PARKED,,2031273,,GENERAL MOTORS CORPORATION (GMC),SIERRA,IL,2015,UNKNOWN,PICKUP,NOT IN USE,SW,PARKED,,,0,,,,,,,,,,Y,,,,,,,,REAR,,,,,,,,,,,,,,,,,,,,,,,,,,,,,,,,,
2130811,caf7590bcceb8e0816467e6ccfef4d029601e9d4e656f90f70c4685e646c78953e93f9452e9984af0c0dd51fcc671c038d9999a6fa99aa73e858b3b7f2a9f133,08/17/2025 08:10:00 PM,1,DRIVER,,2031262,,FORD,OTHER (EXPLAIN IN NARRATIVE),IL,,UNKNOWN,PASSENGER,UNKNOWN/NA,S,BACKING,,,1,,,,,,,,,,,,,,N,N,N,,UNKNOWN,,,,,,,,,,,,,,,,,,,,,,,,,,,,,,,,,
2130812,caf7590bcceb8e0816467e6ccfef4d029601e9d4e656f90f70c4685e646c78953e93f9452e9984af0c0dd51fcc671c038d9999a6fa99aa73e858b3b7f2a9f133,08/17/2025 08:10:00 PM,2,DRIVER,1,2031264,,NISSAN,VERSA,IL,2024,NONE,PASSENGER,PERSONAL,N,OTHER,,,2,,,,,,,,,,,,,,Y,Y,Y,,FRONT-LEFT-CORNER,,,,,,,,,,,,,,,,,,,,,,,,,,,,,,,,,
2130805,5942d360a07970220a5bf264fe3401cfa89fe2f422f53c78f70fbce5b54cfd299e499fb2587922f7486f523a0e4005a2163549d5dcd1d31120daedba4b10b03c,08/17/2025 08:06:00 PM,1,PEDESTRIAN,,,,,,,,,,,,,,,,,,,,,,,,,,,,,,,,,,,,,,,,,,,,,,,,,,,,,,,,,,,,,,,,,,
2130806,5942d360a07970220a5bf264fe3401cfa89fe2f422f53c78f70fbce5b54cfd299e499fb2587922f7486f523a0e4005a2163549d5dcd1d31120daedba4b10b03c,08/17/2025 08:06:00 PM,2,DRIVER,,2031271,,FORD,EXPLORER,IL,2018,NONE,PASSENGER,POLICE,W,ENTERING TRAFFIC LANE FROM PARKING,,,1,,,,,Y,Y,,,,,,,,,,,,SIDE-RIGHT-FRONT,,,,,,,,,,,,,,,,,,,,,,,,,,,,,,,,,
2130813,b53e99fd5d0d20399f655ce7ab06a2f87b35570d1c2be1f3d3ab223d5af9dcc3090647810a3a0660ebed64142f1d2e77bf07f8ea8c46981f3720506808489265,08/17/2025 08:05:00 PM,1,DRIVER,,2031266,,HONDA,ACCORD,IL,2004,UNKNOWN,PASSENGER,PERSONAL,S,STRAIGHT AHEAD,,,1,,,,,Y,,,,,,,,,,,,,SIDE-RIGHT-FRONT,,,,,,,,,,,,,,,,,,,,,,,,,,,,,,,,,
2130814,b53e99fd5d0d20399f655ce7ab06a2f87b35570d1c2be1f3d3ab223d5af9dcc3090647810a3a0660ebed64142f1d2e77bf07f8ea8c46981f3720506808489265,08/17/2025 08:05:00 PM,2,PARKED,,2031274,,CHEVROLET,OTHER (EXPLAIN IN NARRATIVE),IL,2019,UNKNOWN,PASSENGER,PERSONAL,S,PARKED,,,0,,,,,,,,,,,Y,,,,,,,REAR-LEFT-CORNER,,,,,,,,,,,,,,,,,,,,,,,,,,,,,,,,,
2130803,e71ad2c5c8fbb9cc38890444506125b67ea5c0a59ecd32b54757c814027537d435c16fbca708cbec83c1790db80bc224308c787eee40160fe8025a688706ad94,08/17/2025 08:05:00 PM,1,DRIVER,,2031257,,VOLKSWAGEN,TIGUAN,IL,2017,UNKNOWN,PASSENGER,PERSONAL,W,BACKING,,,1,,,,,,,,,,,,,,,,,Y,REAR-RIGHT-CORNER,,,,,,,,,,,,,,,,,,,,,,,,,,,,,,,,,
2130804,e71ad2c5c8fbb9cc38890444506125b67ea5c0a59ecd32b54757c814027537d435c16fbca708cbec83c1790db80bc224308c787eee40160fe8025a688706ad94,08/17/2025 08:05:00 PM,2,PARKED,,2031259,,KIA,SORENTO,IL,2021,NONE,PASSENGER,PERSONAL,E,PARKED,,,0,,,,,,,,,,,,Y,Y,Y,,,,SIDE-LEFT,,,,,,,,,,,,,,,,,,,,,,,,,,,,,,,,,
2132701,450f9e5c2951bc6e97085630d9274c8f1b56c9b36dd1040514f0bd18d8fe69ca42cf3f02874e5d50a59dd4c99e8b3bc604675c3ba114bad0307627d8a5005470,08/17/2025 08:00:00 PM,1,DRIVER,,2033030,,UNKNOWN,OTHER (EXPLAIN IN NARRATIVE),MN,,NONE,UNKNOWN/NA,UNKNOWN/NA,UNKNOWN,TURNING RIGHT,,,1,,,,,,,,,,,,,,,,,Y,UNKNOWN,,,,,,,,,,,,,,,,,,,,,,,,,,,,,,,,,
2132702,450f9e5c2951bc6e97085630d9274c8f1b56c9b36dd1040514f0bd18d8fe69ca42cf3f02874e5d50a59dd4c99e8b3bc604675c3ba114bad0307627d8a5005470,08/17/2025 08:00:00 PM,2,PARKED,1,2033041,,LEXUS,RX400H,IL,2017,NONE,PASSENGER,PERSONAL,S,PARKED,,,1,,,,,,,,,,,,,,Y,Y,,,FRONT-LEFT-CORNER,,,,,,,,,,,,,,,,,,,,,,,,,,,,,,,,,
2130819,6cb73dbcacb818d27f5ea2f10e119817b6ae29ff58708c7c636444df72f9f6889a77d516bb61aa355680b1dfdfb383d10ff413491c317195a7c3570cf58fdd5a,08/17/2025 07:55:00 PM,1,DRIVER,,2031269,,TOYOTA,CORONA,IL,2011,UNKNOWN,PASSENGER,PERSONAL,N,OTHER,,,1,,,,N,,,,,,,,,,,,Y,,FRONT,,,,,,,,,,,,,,,,,,,,,,,,,,,,,,,,,
2130820,6cb73dbcacb818d27f5ea2f10e119817b6ae29ff58708c7c636444df72f9f6889a77d516bb61aa355680b1dfdfb383d10ff413491c317195a7c3570cf58fdd5a,08/17/2025 07:55:00 PM,2,BICYCLE,,,,,,,,,,,,,,,,,,,,,,,,,,,,,,,,,,,,,,,,,,,,,,,,,,,,,,,,,,,,,,,,,,
2130786,2be48f196b634d57a4a96790ca7bee7c9a3fb24496a777aab5661f3b8fa21fd80c0ceead8027555da9fc9e814014413519d8b8221303a4fed8715fc1d0e763fb,08/17/2025 07:40:00 PM,1,DRIVER,,2031240,,FORD,FUSION,IL,2017,NONE,PASSENGER,PERSONAL,N,PASSING/OVERTAKING,,,1,,,,,Y,,,,,,,,,,,,,FRONT-RIGHT-CORNER,,,,,,,,,,,,,,,,,,,,,,,,,,,,,,,,,
2130787,2be48f196b634d57a4a96790ca7bee7c9a3fb24496a777aab5661f3b8fa21fd80c0ceead8027555da9fc9e814014413519d8b8221303a4fed8715fc1d0e763fb,08/17/2025 07:40:00 PM,2,DRIVER,,2031247,,TOYOTA,RAV4,,2018,NONE,PASSENGER,PERSONAL,N,STRAIGHT AHEAD,,,1,,,,,,,,,,,Y,Y,Y,Y,,,,SIDE-LEFT,,,,,,,,,,,,,,,,,,,,,,,,,,,,,,,,,
2132024,4a8c5097dc48df8bb2ca16501b56770fb3cb448276e6aef152c93b809bfe1d6fe58508e0103b214d4401918952091c3103face0d49a870dbf05973633b801021,08/17/2025 07:30:00 PM,1,DRIVER,,2032399,,HYUNDAI,SANTA FE,IL,2016,NONE,SPORT UTILITY VEHICLE (SUV),PERSONAL,N,CHANGING LANES,,,1,,,,,,,,,Y,,,,,,,,,REAR-RIGHT-CORNER,,,,,,,,,,,,,,,,,,,,,,,,,,,,,,,,,
2132025,4a8c5097dc48df8bb2ca16501b56770fb3cb448276e6aef152c93b809bfe1d6fe58508e0103b214d4401918952091c3103face0d49a870dbf05973633b801021,08/17/2025 07:30:00 PM,2,DRIVER,,2032405,,CHEVROLET,EQUINOX,IL,2024,NONE,SPORT UTILITY VEHICLE (SUV),PERSONAL,N,STRAIGHT AHEAD,,,1,,,,,,,,,,,Y,,,,,,,SIDE-LEFT-REAR,,,,,,,,,,,,,,,,,,,,,,,,,,,,,,,,,
2136291,924225a040bce9438af14163fe16f8e7443dc2649d6c3de7e0250900d6a1937b309efa87d8018db84f713b2f12fbb1879b9a9f071837889eb157938ac3627482,08/17/2025 07:30:00 PM,1,DRIVER,,2036485,,DODGE,CARAVAN,IL,,UNKNOWN,PASSENGER,UNKNOWN/NA,N,STRAIGHT AHEAD,,,1,,,,,,,,,,,,,,,,,,UNKNOWN,,,,,,,,,,,,,,,,,,,,,,,,,,,,,,,,,
2136292,924225a040bce9438af14163fe16f8e7443dc2649d6c3de7e0250900d6a1937b309efa87d8018db84f713b2f12fbb1879b9a9f071837889eb157938ac3627482,08/17/2025 07:30:00 PM,2,DRIVER,,2036487,,HONDA,CR-V,IL,,NONE,PASSENGER,PERSONAL,N,UNKNOWN/NA,,,1,,,,,,,,,Y,Y,Y,,,,,,,REAR,,,,,,,,,,,,,,,,,,,,,,,,,,,,,,,,,
2130800,15aab2a296900f123c24a9ec8399a7040b50d97b26c7d834e295d593a159c59349b076f4deb9f5d1f5015b9dd75b7e77e55085b49fefb7881a30ae8007cf8c90,08/17/2025 07:26:00 PM,1,DRIVER,1,2031249,,CHRYSLER,300,IL,2012,UNKNOWN,PASSENGER,PERSONAL,E,STRAIGHT AHEAD,Y,,2,,BNR,9420 S KEDZIE AVE,,Y,,,,,,,,,,Y,Y,,UNKNOWN,,,,,,,,,,,,,,,,,,,,,,,,,,,,,,,,,
2130845,4870cb7629cbaf1a42e5d4f4df65e7928767ccf68e1aff4bc2977f4b82e8274565171afae0029f245b58dff8497aecb7407ff07dba151b1f442de361f9c17070,08/17/2025 07:25:00 PM,1,DRIVER,,2031313,,JEEP,GRAND CHEROKEE,IL,2012,NONE,PASSENGER,PERSONAL,N,STRAIGHT AHEAD,,,1,,,,,Y,Y,Y,Y,Y,,,,,,,,,SIDE-RIGHT,,,,,,,,,,,,,,,,,,,,,,,,,,,,,,,,,
2130846,4870cb7629cbaf1a42e5d4f4df65e7928767ccf68e1aff4bc2977f4b82e8274565171afae0029f245b58dff8497aecb7407ff07dba151b1f442de361f9c17070,08/17/2025 07:25:00 PM,2,DRIVER,3,2031294,,TOYOTA,CAMRY,IL,2009,NONE,PASSENGER,PERSONAL,W,STRAIGHT AHEAD,,,4,,,,,Y,,,,,,,,,,Y,Y,,FRONT,,,,,,,,,,,,,,,,,,,,,,,,,,,,,,,,,