CRASH_UNIT_ID,CRASH_RECORD_ID,CRASH_DATE,UNIT_NO,UNIT_TYPE,NUM_PASSENGERS,VEHICLE_ID,CMRC_VEH_I,MAKE,MODEL,LIC_PLATE_STATE,VEHICLE_YEAR,VEHICLE_DEFECT,VEHICLE_TYPE,VEHICLE_USE,TRAVEL_DIRECTION,MANEUVER,TOWED_I,FIRE_I,OCCUPANT_CNT,EXCEED_SPEED_LIMIT_I,TOWED_BY,TOWED_TO,AREA_00_I,AREA_01_I,AREA_02_I,AREA_03_I,AREA_04_I,AREA_05_I,AREA_06_I,AREA_07_I,AREA_08_I,AREA_09_I,AREA_10_I,AREA_11_I,AREA_12_I,AREA_99_I,FIRST_CONTACT_POINT,CMV_ID,USDOT_NO,CCMC_NO,ILCC_NO,COMMERCIAL_SRC,GVWR,CARRIER_NAME,CARRIER_STATE,CARRIER_CITY,HAZMAT_PLACARDS_I,HAZMAT_NAME,UN_NO,HAZMAT_PRESENT_I,HAZMAT_REPORT_I,HAZMAT_REPORT_NO,MCS_REPORT_I,MCS_REPORT_NO,HAZMAT_VIO_CAUSE_CRASH_I,MCS_VIO_CAUSE_CRASH_I,IDOT_PERMIT_NO,WIDE_LOAD_I,TRAILER1_WIDTH,TRAILER2_WIDTH,TRAILER1_LENGTH,TRAILER2_LENGTH,TOTAL_VEHICLE_LENGTH,AXLE_CNT,VEHICLE_CONFIG,CARGO_BODY_TYPE,LOAD_TYPE,HAZMAT_OUT_OF_SERVICE_I,MCS_OUT_OF_SERVICE_I,HAZMAT_CLASS
2130798,47c856489ff578ab71c60e1e5156370e2a5c86a17233cad426d2b41a114be6a86a8d298952e9bffbcc148ac00dd8a053f9b46d2200f07cf650d0cf08bc253109,08/17/2025 07:16:00 PM,1,DRIVER,,2031251,,VOLKSWAGEN,JETTA,IL,2023,NONE,PASSENGER,PERSONAL,N,TURNING LEFT,,,1,,,,,Y,,,,,,,,,,Y,Y,,FRONT,,,,,,,,,,,,,,,,,,,,,,,,,,,,,,,,,
2130799,47c856489ff578ab71c60e1e5156370e2a5c86a17233cad426d2b41a114be6a86a8d298952e9bffbcc148ac00dd8a053f9b46d2200f07cf650d0cf08bc253109,08/17/2025 07:16:00 PM,2,DRIVER,,2031255,,CHRYSLER,300,IL,2013,NONE,PASSENGER,PERSONAL,S,STRAIGHT AHEAD,Y,,1,,PERSONAL INSURANCE,,,Y,Y,,,,,,,,Y,Y,Y,,FRONT,,,,,,,,,,,,,,,,,,,,,,,,,,,,,,,,,
2135704,f710a753a4a1eb0265361b07ac2adcfcae8118df21d6ea38044c2c073a29617b546488f64f39f6f5ae6562a59f8b1016e0c610b31e1654f2a825e8c383e57536,08/17/2025 07:15:00 PM,1,DRIVER,,2036057,,FORD,ECONOLINE 100,,2009,UNKNOWN,TRUCK - SINGLE UNIT,UNKNOWN/NA,W,TURNING RIGHT,,,1,,,,,Y,,,,,,,,,,,,,FRONT-RIGHT-CORNER,,,,,,,,,,,,,,,,,,,,,,,,,,,,,,,,,
2135705,f710a753a4a1eb0265361b07ac2adcfcae8118df21d6ea38044c2c073a29617b546488f64f39f6f5ae6562a59f8b1016e0c610b31e1654f2a825e8c383e57536,08/17/2025 07:15:00 PM,2,PARKED,,2036054,,BUICK,ENCORE,IL,2016,NONE,PASSENGER,NOT IN USE,N,PARKED,,,0,,,,,,,,,,,,,,,,,,REAR-LEFT-CORNER,,,,,,,,,,,,,,,,,,,,,,,,,,,,,,,,,
2133294,1cdd3201396ec316d5d4064d8fe65adc74cabe5b2ef08ed5e2f8993e4a5ea9331000f3e595d94c0a1411b205ec7324021149273fcf0dcbe8ebdb80d78be05859,08/17/2025 07:00:00 PM,1,DRIVER,,2033599,,UNKNOWN,OTHER (EXPLAIN IN NARRATIVE),,,UNKNOWN,PASSENGER,UNKNOWN/NA,S,UNKNOWN/NA,,,1,,,,,,,,,,,,,,,,,Y,UNKNOWN,,,,,,,,,,,,,,,,,,,,,,,,,,,,,,,,,
2133295,1cdd3201396ec316d5d4064d8fe65adc74cabe5b2ef08ed5e2f8993e4a5ea9331000f3e595d94c0a1411b205ec7324021149273fcf0dcbe8ebdb80d78be05859,08/17/2025 07:00:00 PM,2,BICYCLE,,,,,,,,,,,,,,,,,,,,,,,,,,,,,,,,,,,,,,,,,,,,,,,,,,,,,,,,,,,,,,,,,,
2130788,5adff6d5aefa4e24513b577298af8e0ec923d12374cffa9ca417611c4600b97084e854ed63959cde68444fb1234faa5ea0ae5bbe1be61a791efb0dc55ef52724,08/17/2025 07:00:00 PM,1,DRIVER,1,2031241,,JEEP,GRAND CHEROKEE,IL,2007,NONE,SPORT UTILITY VEHICLE (SUV),UNKNOWN/NA,E,STRAIGHT AHEAD,,,2,,,,,Y,,,,,,,,,,Y,Y,,FRONT,,,,,,,,,,,,,,,,,,,,,,,,,,,,,,,,,
2130789,5adff6d5aefa4e24513b577298af8e0ec923d12374cffa9ca417611c4600b97084e854ed63959cde68444fb1234faa5ea0ae5bbe1be61a791efb0dc55ef52724,08/17/2025 07:00:00 PM,2,DRIVER,3,2031244,,ACURA,ADX,IL,2025,NONE,SPORT UTILITY VEHICLE (SUV),UNKNOWN/NA,E,STRAIGHT AHEAD,,,4,,,,,,,,,Y,Y,Y,,,,,Y,,REAR,,,,,,,,,,,,,,,,,,,,,,,,,,,,,,,,,
2130790,5adff6d5aefa4e24513b577298af8e0ec923d12374cffa9ca417611c4600b97084e854ed63959cde68444fb1234faa5ea0ae5bbe1be61a791efb0dc55ef52724,08/17/2025 07:00:00 PM,3,DRIVER,1,2031253,,DODGE,RAM 1500 PU,IL,2018,NONE,PICKUP,UNKNOWN/NA,E,STRAIGHT AHEAD,,,2,,,,Y,,,,,,,,,,,,,,REAR,,,,,,,,,,,,,,,,,,,,,,,,,,,,,,,,,
2130774,6312600dcc0e3c31cfd2b04c4be518a6f67c3fa94db3412b9b98d1d7957127dbc8f2fb5f5a95943bac4a95309d89898e70e144cf0f1ed5ea9c0a99ff2654bb13,08/17/2025 07:00:00 PM,1,DRIVER,,2031230,,VOLKSWAGEN,ATLAS,IL,2020,NONE,PASSENGER,PERSONAL,N,CHANGING LANES,,,1,,,,,,,,,,,,Y,Y,Y,Y,,,FRONT-LEFT-CORNER,,,,,,,,,,,,,,,,,,,,,,,,,,,,,,,,,
2130775,6312600dcc0e3c31cfd2b04c4be518a6f67c3fa94db3412b9b98d1d7957127dbc8f2fb5f5a95943bac4a95309d89898e70e144cf0f1ed5ea9c0a99ff2654bb13,08/17/2025 07:00:00 PM,2,DRIVER,,2031236,,FORD,EXPLORER,IL,2012,NONE,PASSENGER,PERSONAL,N,STRAIGHT AHEAD,,,1,,,,,,,Y,Y,,,,,,,,,,SIDE-RIGHT,,,,,,,,,,,,,,,,,,,,,,,,,,,,,,,,,
2130791,93ec185efe05f7efe1464c76346b5434a4f6deebcaf874b3bed052a87fbf1d8a2e901f00e93475aadbd41dee2dbcddf45a342fceb8f2d4b6153d247ae010134e,08/17/2025 06:45:00 PM,1,DRIVER,,2031246,,CHEVROLET,TRAIL BLAZER,IL,2021,UNKNOWN,PASSENGER,UNKNOWN/NA,N,CHANGING LANES,,,1,,,,,Y,,,,,,,,,,,,,FRONT-RIGHT-CORNER,,,,,,,,,,,,,,,,,,,,,,,,,,,,,,,,,
2130792,93ec185efe05f7efe1464c76346b5434a4f6deebcaf874b3bed052a87fbf1d8a2e901f00e93475aadbd41dee2dbcddf45a342fceb8f2d4b6153d247ae010134e,08/17/2025 06:45:00 PM,2,DRIVER,,2031252,,CHEVROLET,TRAIL BLAZER,IL,2009,UNKNOWN,PASSENGER,UNKNOWN/NA,N,STRAIGHT AHEAD,,,1,,,,,,,,,,,,,Y,Y,,,,SIDE-LEFT-FRONT,,,,,,,,,,,,,,,,,,,,,,,,,,,,,,,,,
2130768,1430c17074483fdfbf3f21fbfb34e5eca91613b20f5c9e8ff4ee24076d13198d991332da158a6f2bc1c769f2d4c62d9d613ac3ea9d7ce56c3def8a17397bd943,08/17/2025 06:30:00 PM,1,DRIVER,,2031215,,KIA,SORENTO,IL,2019,UNKNOWN,PASSENGER,PERSONAL,E,TURNING LEFT,,,1,,,,,,,,,,,,,,,,Y,,FRONT,,,,,,,,,,,,,,,,,,,,,,,,,,,,,,,,,
2131221,1f1790ed520352eb3f587fe53857182a94b95babfa2023b97666bbc14c24077c2478b128c3040783f0dbab8be050d1b9fdaa8944f6b2d222288afffce9494cd8,08/17/2025 06:30:00 PM,1,DRIVER,,2031648,,KIA,SPECTRA,IL,2008,UNKNOWN,PASSENGER,UNKNOWN/NA,W,STRAIGHT AHEAD,,,1,,,,,,,,,,,,,,,,Y,,FRONT,,,,,,,,,,,,,,,,,,,,,,,,,,,,,,,,,
2131222,1f1790ed520352eb3f587fe53857182a94b95babfa2023b97666bbc14c24077c2478b128c3040783f0dbab8be050d1b9fdaa8944f6b2d222288afffce9494cd8,08/17/2025 06:30:00 PM,2,DRIVER,2,2031656,,MITSUBISHI,MIRAGE,MD,2024,UNKNOWN,PASSENGER,UNKNOWN/NA,W,SLOW/STOP IN TRAFFIC,,,3,,,,,,,,,,Y,,,,,,,,REAR,,,,,,,,,,,,,,,,,,,,,,,,,,,,,,,,,
2130821,267a75e55ab916d854d6aca4e3071f81a7076bbc8cb49e22232a06bad0a6bf46be8df38f11ad32216fe275155ee5113f5c9ccb6c41c0b594f2d84615d87e181f,08/17/2025 06:30:00 PM,1,DRIVER,,2031272,,UNKNOWN,OTHER (EXPLAIN IN NARRATIVE),IL,,UNKNOWN,UNKNOWN/NA,UNKNOWN/NA,UNKNOWN,UNKNOWN/NA,,,1,,,,,,,,,,,,,,,,,Y,UNKNOWN,,,,,,,,,,,,,,,,,,,,,,,,,,,,,,,,,
2130822,267a75e55ab916d854d6aca4e3071f81a7076bbc8cb49e22232a06bad0a6bf46be8df38f11ad32216fe275155ee5113f5c9ccb6c41c0b594f2d84615d87e181f,08/17/2025 06:30:00 PM,3,PARKED,,2031275,,CHEVROLET,EQUINOX,,2022,NONE,SPORT UTILITY VEHICLE (SUV),PERSONAL,UNKNOWN,PARKED,,,0,,,,,,,,,,Y,,,,,,,,REAR,,,,,,,,,,,,,,,,,,,,,,,,,,,,,,,,,
2130827,267a75e55ab916d854d6aca4e3071f81a7076bbc8cb49e22232a06bad0a6bf46be8df38f11ad32216fe275155ee5113f5c9ccb6c41c0b594f2d84615d87e181f,08/17/2025 06:30:00 PM,2,PARKED,,2031279,,BUICK,REGAL,,2011,NONE,PASSENGER,PERSONAL,UNKNOWN,PARKED,,,0,,,,,,,,,,Y,,,,,,Y,,REAR,,,,,,,,,,,,,,,,,,,,,,,,,,,,,,,,,
2131641,551f13da7671458f59de6ce4864407aa152247839f2b84f0ba0042ca00bb42a731001eb81c9e1fc4715d6ce1a5f9ea7c878eb1f94fe95d6111aee9b4e0878d22,08/17/2025 06:30:00 PM,1,DRIVER,2,2032046,,VOLKSWAGEN,TIGUAN,IL,2024,UNKNOWN,SPORT UTILITY VEHICLE (SUV),UNKNOWN/NA,N,LEAVING TRAFFIC LANE TO PARK,,,3,,,,,,,,Y,Y,,,,,,,,,REAR-RIGHT-CORNER,,,,,,,,,,,,,,,,,,,,,,,,,,,,,,,,,
2131642,551f13da7671458f59de6ce4864407aa152247839f2b84f0ba0042ca00bb42a731001eb81c9e1fc4715d6ce1a5f9ea7c878eb1f94fe95d6111aee9b4e0878d22,08/17/2025 06:30:00 PM,2,DRIVER,,2032049,,HONDA,ODYSSEY,IL,2004,NONE,VAN/MINI-VAN,PERSONAL,N,ENTERING TRAFFIC LANE FROM PARKING,,,1,,,,,,,,,,,,,,,Y,,,FRONT-LEFT-CORNER,,,,,,,,,,,,,,,,,,,,,,,,,,,,,,,,,
2132116,4d29305d32d16349420fcb3bf059ef439c2023cfeae70612d95c468928aa1c64232e9d06bb34a58f1bfd2fdfa39a678d3038b5c4aa3ff084a40e3a776a40b5b1,08/17/2025 06:25:00 PM,1,DRIVER,1,2032470,,TOYOTA,PRIUS,IL,2015,NONE,PASSENGER,TAXI/FOR HIRE,NE,CHANGING LANES,,,2,,,,,,,,,,,,Y,Y,,,,,SIDE-LEFT,,,,,,,,,,,,,,,,,,,,,,,,,,,,,,,,,
2132117,4d29305d32d16349420fcb3bf059ef439c2023cfeae70612d95c468928aa1c64232e9d06bb34a58f1bfd2fdfa39a678d3038b5c4aa3ff084a40e3a776a40b5b1,08/17/2025 06:25:00 PM,2,DRIVER,,2032476,,LINCOLN,MKZ,IL,2017,NONE,SPORT UTILITY VEHICLE (SUV),PERSONAL,E,STARTING IN TRAFFIC,,,1,,,,,Y,Y,,,,,,,,,,Y,,SIDE-RIGHT-FRONT,,,,,,,,,,,,,,,,,,,,,,,,,,,,,,,,,
2130753,9eb5138bc3e63f47247ee5f83722e03003dbbfdd217c24c9b737eb8820ddaf0fb6db31ab6c35fa51b1f89142f2bb96879a80d6a0e490d1e061354b0fb6b1912b,08/17/2025 06:25:00 PM,1,DRIVER,,2031205,,HONDA,CIVIC,IL,2008,NONE,PASSENGER,PERSONAL,UNKNOWN,STRAIGHT AHEAD,,,1,,,,,Y,Y,Y,,,,,,,,,,,FRONT-RIGHT-CORNER,,,,,,,,,,,,,,,,,,,,,,,,,,,,,,,,,
2130754,9eb5138bc3e63f47247ee5f83722e03003dbbfdd217c24c9b737eb8820ddaf0fb6db31ab6c35fa51b1f89142f2bb96879a80d6a0e490d1e061354b0fb6b1912b,08/17/2025 06:25:00 PM,2,DRIVER,1,2031204,,JEEP,CHEROKEE,IL,2018,NONE,PASSENGER,PERSONAL,N,STRAIGHT AHEAD,,,2,,,,,,,,,,,Y,Y,Y,,Y,,,SIDE-LEFT,,,,,,,,,,,,,,,,,,,,,,,,,,,,,,,,,
2130784,c41c9d3ed8b7628f14a2ed07b2565359b49e9138c970f9cd7cbbf25290476eabbb17b7b57107e2c55733cd6b7eb6ee7481e4a30d41011e71f731c090d5c2c193,08/17/2025 06:20:00 PM,1,DRIVER,,2031248,,CADILLAC,SRX,IL,2012,NONE,SPORT UTILITY VEHICLE (SUV),PERSONAL,E,STRAIGHT AHEAD,,,1,,,,,,,,Y,Y,Y,,,,,,,,REAR-RIGHT-CORNER,,,,,,,,,,,,,,,,,,,,,,,,,,,,,,,,,
2130785,c41c9d3ed8b7628f14a2ed07b2565359b49e9138c970f9cd7cbbf25290476eabbb17b7b57107e2c55733cd6b7eb6ee7481e4a30d41011e71f731c090d5c2c193,08/17/2025 06:20:00 PM,2,DRIVER,1,2031254,,CHEVROLET,IMPALA,IL,2023,UNKNOWN,PASSENGER,PERSONAL,E,UNKNOWN/NA,,,2,,,,,,,,,,,,,,Y,Y,Y,,FRONT-LEFT-CORNER,,,,,,,,,,,,,,,,,,,,,,,,,,,,,,,,,
2130758,417115e595e2a94cef29e80e7c2e4e65136bf61d8f358f68eb965d849faeacf1ba9bcde24e33f0608034984ae6f99df6df329947ed3948c09b96ad6fca73e712,08/17/2025 06:15:00 PM,1,DRIVER,,2031209,,TOYOTA,COROLLA,IL,2017,UNKNOWN,PASSENGER,PERSONAL,S,STRAIGHT AHEAD,,,1,,,,,Y,,,,,,,,,,Y,Y,,FRONT,,,,,,,,,,,,,,,,,,,,,,,,,,,,,,,,,
2130759,417115e595e2a94cef29e80e7c2e4e65136bf61d8f358f68eb965d849faeacf1ba9bcde24e33f0608034984ae6f99df6df329947ed3948c09b96ad6fca73e712,08/17/2025 06:15:00 PM,2,PEDESTRIAN,,,,,,,,,,,,,,,,,,,,,,,,,,,,,,,,,,,,,,,,,,,,,,,,,,,,,,,,,,,,,,,,,,
2130769,cbf1bc09d3c5fb5dcef7d7a8b88262f0687cdb20e34ea5cafe90fe300b15625f9d53e8c4bf45867e8d2aaf62f9bdae2864f1339dbffb911866943bd3c5f759d8,08/17/2025 06:15:00 PM,1,DRIVER,,2031219,,CHEVROLET,EXPRESS,IL,2015,UNKNOWN,VAN/MINI-VAN,UNKNOWN/NA,W,BACKING,,,1,,,,,,,,,Y,Y,Y,,,,,,,REAR,,,,,,,,,,,,,,,,,,,,,,,,,,,,,,,,,
2130770,cbf1bc09d3c5fb5dcef7d7a8b88262f0687cdb20e34ea5cafe90fe300b15625f9d53e8c4bf45867e8d2aaf62f9bdae2864f1339dbffb911866943bd3c5f759d8,08/17/2025 06:15:00 PM,2,PARKED,,2031235,,NISSAN,SENTRA,IL,2009,UNKNOWN,PASSENGER,PERSONAL,N,PARKED,,,0,,,,,Y,,,,,,,,,Y,Y,Y,,SIDE-LEFT-FRONT,,,,,,,,,,,,,,,,,,,,,,,,,,,,,,,,,
2130771,cbf1bc09d3c5fb5dcef7d7a8b88262f0687cdb20e34ea5cafe90fe300b15625f9d53e8c4bf45867e8d2aaf62f9bdae2864f1339dbffb911866943bd3c5f759d8,08/17/2025 06:15:00 PM,3,PARKED,,2031238,,BUICK,LUCERNE,IL,2010,UNKNOWN,PASSENGER,PERSONAL,N,PARKED,,,0,,,,,,,,,,,Y,Y,,,,,,REAR-LEFT-CORNER,,,,,,,,,,,,,,,,,,,,,,,,,,,,,,,,,
2130762,d68049c69dbcca947f35423759a5d87665682ebea9198e240d22f25034f85b201970e3bf2af2d6cce3b581fc0f412b467b9f4ebd54d8b734a4d71f9ad30d80dd,08/17/2025 06:15:00 PM,1,DRIVER,,2031214,,GEO,PRISM,IL,1997,NONE,PASSENGER,PERSONAL,N,STRAIGHT AHEAD,Y,,1,,SELF,UNKNOWN,,Y,Y,Y,Y,Y,,,,,,Y,Y,,FRONT-RIGHT-CORNER,,,,,,,,,,,,,,,,,,,,,,,,,,,,,,,,,
2130763,d68049c69dbcca947f35423759a5d87665682ebea9198e240d22f25034f85b201970e3bf2af2d6cce3b581fc0f412b467b9f4ebd54d8b734a4d71f9ad30d80dd,08/17/2025 06:15:00 PM,2,DRIVER,,2031227,,NISSAN,SENTRA,IL,2018,NONE,PASSENGER,PERSONAL,NW,STRAIGHT AHEAD,Y,,1,,SELF,UNKNOWN,,Y,,,,,,Y,Y,,,Y,Y,,FRONT-LEFT-CORNER,,,,,,,,,,,,,,,,,,,,,,,,,,,,,,,,,
2130730,039febd6be15629f1d21cef9bca0f6d0ced9685d1e28f6b8ca813d10daa2fc881894044571da6a057d229e8578bad5fbdab0c583b479ba95f168b3fb0eabbe43,08/17/2025 06:00:00 PM,1,DISABLED VEHICLE,,2031202,,CHEVROLET,CRUZE,IL,2014,NONE,PASSENGER,PERSONAL,NW,DISABLED,Y,,0,,CITY OF CHICAGO,DOTY POUND 2,,Y,,,,,,,,,,Y,Y,,FRONT,,,,,,,,,,,,,,,,,,,,,,,,,,,,,,,,,
2130731,039febd6be15629f1d21cef9bca0f6d0ced9685d1e28f6b8ca813d10daa2fc881894044571da6a057d229e8578bad5fbdab0c583b479ba95f168b3fb0eabbe43,08/17/2025 06:00:00 PM,2,DRIVER,1,2031191,,CHEVROLET,SILVERADO,IL,2003,NONE,TRUCK - SINGLE UNIT,PERSONAL,W,STRAIGHT AHEAD,,,2,,,,,,,,,,,Y,Y,,,,,,REAR,,,,,,,,,,,,,,,,,,,,,,,,,,,,,,,,,
2132104,ee6d109d4c95e69201dad31b97ddee833c554524254b7900266682c48440affe7b17b8fe0ded3b126752cf0937de4dbeebb8f9ce5c6c69e25313a40a9816f862,08/17/2025 06:00:00 PM,1,NON-CONTACT VEHICLE,,,,,,,,,,,,,,,,,,,,,,,,,,,,,,,,,,,,,,,,,,,,,,,,,,,,,,,,,,,,,,,,,,
2132105,ee6d109d4c95e69201dad31b97ddee833c554524254b7900266682c48440affe7b17b8fe0ded3b126752cf0937de4dbeebb8f9ce5c6c69e25313a40a9816f862,08/17/2025 06:00:00 PM,2,PARKED,,2032464,,BMW,X3,IL,2013,UNKNOWN,UNKNOWN/NA,UNKNOWN/NA,UNKNOWN,PARKED,,,0,,,,,N,Y,Y,Y,,,,,,,N,N,,SIDE-RIGHT-REAR,,,,,,,,,,,,,,,,,,,,,,,,,,,,,,,,,
2131840,fa5f49f46445f3c6123778eaa0da61f5b54b54072dac2ce9a874a106cc75616ad165229d98abf29b08363b6b59bc6ebb85a1092fc6ff4153095dd61babb3b899,08/17/2025 06:00:00 PM,1,DRIVER,,2032230,,UNKNOWN,OTHER (EXPLAIN IN NARRATIVE),,,UNKNOWN,UNKNOWN/NA,UNKNOWN/NA,UNKNOWN,UNKNOWN/NA,,,1,,,,,,,,,,,,,,,,,Y,UNKNOWN,,,,,,,,,,,,,,,,,,,,,,,,,,,,,,,,,
2131841,fa5f49f46445f3c6123778eaa0da61f5b54b54072dac2ce9a874a106cc75616ad165229d98abf29b08363b6b59bc6ebb85a1092fc6ff4153095dd61babb3b899,08/17/2025 06:00:00 PM,2,PARKED,,2032231,,TESLA,MODEL 3,IL,2022,UNKNOWN,UNKNOWN/NA,UNKNOWN/NA,E,PARKED,,,0,,,,,,,,,,,,,,Y,Y,Y,,SIDE-LEFT-FRONT,,,,,,,,,,,,,,,,,,,,,,,,,,,,,,,,,
2130780,74b3dfc7078283fde77545e3c542f27040f3cc51b4b48cfeee7450003d48745159c395b9afbae2055dd856c3a9593c7b43b3b7fa24f0e11d98d330d32e7a771c,08/17/2025 05:55:00 PM,1,DRIVER,,2031226,,JEEP,CHEROKEE,IL,2015,NONE,SPORT UTILITY VEHICLE (SUV),UNKNOWN/NA,N,CHANGING LANES,,,1,,,,,Y,Y,,,,,,,,,,,,FRONT-RIGHT-CORNER,,,,,,,,,,,,,,,,,,,,,,,,,,,,,,,,,
2130781,74b3dfc7078283fde77545e3c542f27040f3cc51b4b48cfeee7450003d48745159c395b9afbae2055dd856c3a9593c7b43b3b7fa24f0e11d98d330d32e7a771c,08/17/2025 05:55:00 PM,2,DRIVER,1,2031233,,CHEVROLET,EQUINOX,IL,2024,NONE,SPORT UTILITY VEHICLE (SUV),PERSONAL,N,STRAIGHT AHEAD,,,2,,,,,,,,,,,Y,Y,,,,,,REAR-LEFT-CORNER,,,,,,,,,,,,,,,,,,,,,,,,,,,,,,,,,
2130734,402baa0b434f055050cd0543e3cf64396cfea3f357262eced77b1b1e5958b3bcc77b8bf6ec204f4d19becb56a35afffc0f2dfdfdb61f6d08bc8274d2a96fce37,08/17/2025 05:50:00 PM,1,DRIVER,1,2031192,,CHEVROLET,VOLT,IL,2014,UNKNOWN,PASSENGER,PERSONAL,N,BACKING,,,2,,,,,,,,,Y,Y,Y,,,,,,,REAR,,,,,,,,,,,,,,,,,,,,,,,,,,,,,,,,,
2130735,402baa0b434f055050cd0543e3cf64396cfea3f357262eced77b1b1e5958b3bcc77b8bf6ec204f4d19becb56a35afffc0f2dfdfdb61f6d08bc8274d2a96fce37,08/17/2025 05:50:00 PM,2,DRIVER,,2031198,,DODGE,JOURNEY,TX,2014,UNKNOWN,UNKNOWN/NA,UNKNOWN/NA,UNKNOWN,STRAIGHT AHEAD,,,1,,,,,Y,,,,,,,,,,Y,Y,,FRONT,,,,,,,,,,,,,,,,,,,,,,,,,,,,,,,,,
2131248,56fa41695cad78099e9033e68cca7bc5c21eb49ed2aadc573cf7ad6dabf5f0d68cb163a92e9d371d5a2be90ab1497200e4ff84ee8a715f9046b37b9ede831658,08/17/2025 05:50:00 PM,1,BICYCLE,,,,,,,,,,,,,,,,,,,,,,,,,,,,,,,,,,,,,,,,,,,,,,,,,,,,,,,,,,,,,,,,,,
2131249,56fa41695cad78099e9033e68cca7bc5c21eb49ed2aadc573cf7ad6dabf5f0d68cb163a92e9d371d5a2be90ab1497200e4ff84ee8a715f9046b37b9ede831658,08/17/2025 05:50:00 PM,2,DRIVER,,2031682,,FORD,EXPLORER,IL,,NONE,PASSENGER,POLICE,N,STRAIGHT AHEAD,,,1,,,,,,,,,,,,,,,Y,,,SIDE-LEFT-FRONT,,,,,,,,,,,,,,,,,,,,,,,,,,,,,,,,,
2130744,ab2a8edf940d93b8187e2708b06e3e1c46f997dc65a5543c57f8cdf4bb8edf677e634c03b9b3de5e37988e49788b1f12b0dd729831ac1ed827c45ee33995e008,08/17/2025 05:50:00 PM,1,DRIVER,,2031199,,MAZDA,CX-30,IL,2024,UNKNOWN,SPORT UTILITY VEHICLE (SUV),PERSONAL,N,STRAIGHT AHEAD,,,1,,,,,Y,,,,,,,,,,Y,Y,,FRONT,,,,,,,,,,,,,,,,,,,,,,,,,,,,,,,,,
2130745,ab2a8edf940d93b8187e2708b06e3e1c46f997dc65a5543c57f8cdf4bb8edf677e634c03b9b3de5e37988e49788b1f12b0dd729831ac1ed827c45ee33995e008,08/17/2025 05:50:00 PM,2,DRIVER,,2031203,,INFINITI,FX35,IL,2011,UNKNOWN,PASSENGER,PERSONAL,E,STRAIGHT AHEAD,,,1,,,,,,Y,Y,Y,,,,,,,,,,SIDE-RIGHT,,,,,,,,,,,,,,,,,,,,,,,,,,,,,,,,,
2130742,ba8aa559b92f15a44da1eb3199b4103513a3df2e6310a520b37623fcab8799f7dfa56398602b6829d1f33c31d09971e65ae2c91796a62b689ac1a43a460a2a75,08/17/2025 05:48:00 PM,1,DRIVER,,2031197,,NOVA BUS,LFS,IL,2016,UNKNOWN,BUS OVER 15 PASS.,CTA,NW,TURNING LEFT,,,1,,,,,,,,,,,,,,Y,,,,SIDE-LEFT-FRONT,,,,,,,,,,,,,,,,,,,,,,,,,,,,,,,,,
2130743,ba8aa559b92f15a44da1eb3199b4103513a3df2e6310a520b37623fcab8799f7dfa56398602b6829d1f33c31d09971e65ae2c91796a62b689ac1a43a460a2a75,08/17/2025 05:48:00 PM,2,DRIVER,1,2031201,,SUBARU,FORESTER,IL,2017,NONE,PASSENGER,PERSONAL,S,STRAIGHT AHEAD,,,2,,,,,,,,,,,Y,,,,,,,SIDE-LEFT-REAR,,,,,,,,,,,,,,,,,,,,,,,,,,,,,,,,,
2131518,106cdf87ccbf9db71b2d4c6b30a3ea598d4b48ab57ed656a03dec97130b5bf619c3acdddb334d45004e968e35e65410fbf1ac26a527a88133edad7de4c90907a,08/17/2025 05:30:00 PM,1,DRIVER,,2031927,,UNKNOWN,MOTORIZED,,,UNKNOWN,UNKNOWN/NA,UNKNOWN/NA,UNKNOWN,UNKNOWN/NA,,,1,,,,,,,,,,,,,,,,,Y,UNKNOWN,,,,,,,,,,,,,,,,,,,,,,,,,,,,,,,,,
2131519,106cdf87ccbf9db71b2d4c6b30a3ea598d4b48ab57ed656a03dec97130b5bf619c3acdddb334d45004e968e35e65410fbf1ac26a527a88133edad7de4c90907a,08/17/2025 05:30:00 PM,2,PARKED,,2031922,,MAZDA,CX-30,IL,2022,UNKNOWN,SPORT UTILITY VEHICLE (SUV),PERSONAL,E,PARKED,,,0,,,,,,,,,,,,,,Y,,,,SIDE-LEFT-FRONT,,,,,,,,,,,,,,,,,,,,,,,,,,,,,,,,,
2131265,540775e42e2af93e672f4e434e719bf96c3d0f30d9aa77b3d267be38ab1c695fa29f26259c99e68edf0154c5716c0ce8787e7ca28e16ff924ae42c28b5b1aeae,08/17/2025 05:30:00 PM,1,DRIVER,,2031689,,JEEP,WRANGLER,IL,2018,NONE,PASSENGER,PERSONAL,W,STRAIGHT AHEAD,,,1,,,,Y,,,,,,,,,,,,N,,NONE,,,,,,,,,,,,,,,,,,,,,,,,,,,,,,,,,
2131266,540775e42e2af93e672f4e434e719bf96c3d0f30d9aa77b3d267be38ab1c695fa29f26259c99e68edf0154c5716c0ce8787e7ca28e16ff924ae42c28b5b1aeae,08/17/2025 05:30:00 PM,2,DRIVER,,2031695,,NISSAN,ROGUE,IL,2019,NONE,PASSENGER,PERSONAL,W,STRAIGHT AHEAD,,,1,,,,,,,,,,Y,,,,,,,,REAR,,,,,,,,,,,,,,,,,,,,,,,,,,,,,,,,,