CRASH_UNIT_ID,CRASH_RECORD_ID,CRASH_DATE,UNIT_NO,UNIT_TYPE,NUM_PASSENGERS,VEHICLE_ID,CMRC_VEH_I,MAKE,MODEL,LIC_PLATE_STATE,VEHICLE_YEAR,VEHICLE_DEFECT,VEHICLE_TYPE,VEHICLE_USE,TRAVEL_DIRECTION,MANEUVER,TOWED_I,FIRE_I,OCCUPANT_CNT,EXCEED_SPEED_LIMIT_I,TOWED_BY,TOWED_TO,AREA_00_I,AREA_01_I,AREA_02_I,AREA_03_I,AREA_04_I,AREA_05_I,AREA_06_I,AREA_07_I,AREA_08_I,AREA_09_I,AREA_10_I,AREA_11_I,AREA_12_I,AREA_99_I,FIRST_CONTACT_POINT,CMV_ID,USDOT_NO,CCMC_NO,ILCC_NO,COMMERCIAL_SRC,GVWR,CARRIER_NAME,CARRIER_STATE,CARRIER_CITY,HAZMAT_PLACARDS_I,HAZMAT_NAME,UN_NO,HAZMAT_PRESENT_I,HAZMAT_REPORT_I,HAZMAT_REPORT_NO,MCS_REPORT_I,MCS_REPORT_NO,HAZMAT_VIO_CAUSE_CRASH_I,MCS_VIO_CAUSE_CRASH_I,IDOT_PERMIT_NO,WIDE_LOAD_I,TRAILER1_WIDTH,TRAILER2_WIDTH,TRAILER1_LENGTH,TRAILER2_LENGTH,TOTAL_VEHICLE_LENGTH,AXLE_CNT,VEHICLE_CONFIG,CARGO_BODY_TYPE,LOAD_TYPE,HAZMAT_OUT_OF_SERVICE_I,MCS_OUT_OF_SERVICE_I,HAZMAT_CLASS
2130711,602833d5ccbbe703f572ec343e095cce4d71c675e9615765cf58966ce87ad8e3c1d539fb5c72488460162eda4c45828375297b1779adc761209817baa5ab1bda,08/17/2025 05:30:00 PM,1,DRIVER,,2031178,,INFINITI,OTHER (EXPLAIN IN NARRATIVE),IL,2013,NONE,SPORT UTILITY VEHICLE (SUV),UNKNOWN/NA,S,DRIVING WRONG WAY,,,1,,,,,,,,,,,,,,,,,Y,UNKNOWN,,,,,,,,,,,,,,,,,,,,,,,,,,,,,,,,,
2130712,602833d5ccbbe703f572ec343e095cce4d71c675e9615765cf58966ce87ad8e3c1d539fb5c72488460162eda4c45828375297b1779adc761209817baa5ab1bda,08/17/2025 05:30:00 PM,2,DRIVER,1,2031173,,HONDA,CR-V,IL,2020,NONE,SPORT UTILITY VEHICLE (SUV),PERSONAL,S,STRAIGHT AHEAD,,,2,,,,,,,,,,,,,,Y,,,,SIDE-LEFT,,,,,,,,,,,,,,,,,,,,,,,,,,,,,,,,,
2133025,7aab96c0e91a62467a1a8ed12526ddabc95ef37b2b9deda49a9dbf51d2a98f5e1f99a285d43212061c530c62a3d0611eba66eec02fd4d6caa2bbb0881c1a7fb9,08/17/2025 05:30:00 PM,1,DRIVER,,2033354,,NISSAN,SENTRA,IL,2025,UNKNOWN,PASSENGER,UNKNOWN/NA,S,TURNING LEFT,,,1,,,,,,,,,,,Y,Y,Y,N,N,,,SIDE-LEFT,,,,,,,,,,,,,,,,,,,,,,,,,,,,,,,,,
2133026,7aab96c0e91a62467a1a8ed12526ddabc95ef37b2b9deda49a9dbf51d2a98f5e1f99a285d43212061c530c62a3d0611eba66eec02fd4d6caa2bbb0881c1a7fb9,08/17/2025 05:30:00 PM,2,DRIVER,,2033357,,NISSAN,VERSA,IL,2014,NONE,PASSENGER,PERSONAL,N,TURNING RIGHT,,,1,,,,,,,,,,,Y,,,,,,,REAR-LEFT-CORNER,,,,,,,,,,,,,,,,,,,,,,,,,,,,,,,,,
2131400,7c4ae9383962986aecae38729b14b77565465349eac6b3928cabe0298553040892d479d21d8167d1f29342049779314e29f9b76f120e8b2fad916b95748e9225,08/17/2025 05:30:00 PM,1,DRIVER,,2031819,,FORD,OTHER (EXPLAIN IN NARRATIVE),IL,2021,UNKNOWN,PASSENGER,UNKNOWN/NA,UNKNOWN,UNKNOWN/NA,,,1,,,,,,,,,,,,,,,,,Y,UNKNOWN,,,,,,,,,,,,,,,,,,,,,,,,,,,,,,,,,
2131401,7c4ae9383962986aecae38729b14b77565465349eac6b3928cabe0298553040892d479d21d8167d1f29342049779314e29f9b76f120e8b2fad916b95748e9225,08/17/2025 05:30:00 PM,2,PARKED,,2031827,,MAZDA,OTHER (EXPLAIN IN NARRATIVE),IL,2016,NONE,PASSENGER,NOT IN USE,N,PARKED,,,0,,,,,,,,,,,,,Y,Y,Y,,,SIDE-LEFT-FRONT,,,,,,,,,,,,,,,,,,,,,,,,,,,,,,,,,
2130707,84ce38d922a391606b16602a0c098578c43af3b48d1e7d7b2d83ad36aab0e3564fa01fc87f69f5867f0d6fb4bde203e72b11081ce02834d3456194dd9d049f97,08/17/2025 05:30:00 PM,1,DRIVER,,2031172,,UNKNOWN,OTHER (EXPLAIN IN NARRATIVE),,,UNKNOWN,PASSENGER,UNKNOWN/NA,W,UNKNOWN/NA,,,1,,,,,,,,,,,,,,,,Y,,FRONT,,,,,,,,,,,,,,,,,,,,,,,,,,,,,,,,,
2130708,84ce38d922a391606b16602a0c098578c43af3b48d1e7d7b2d83ad36aab0e3564fa01fc87f69f5867f0d6fb4bde203e72b11081ce02834d3456194dd9d049f97,08/17/2025 05:30:00 PM,2,DRIVER,,2031177,,TOYOTA,CAMRY,IL,1996,UNKNOWN,PASSENGER,PERSONAL,W,STRAIGHT AHEAD,,,1,,,,,,,,,,Y,,,,,,Y,,REAR,,,,,,,,,,,,,,,,,,,,,,,,,,,,,,,,,
2130709,84ce38d922a391606b16602a0c098578c43af3b48d1e7d7b2d83ad36aab0e3564fa01fc87f69f5867f0d6fb4bde203e72b11081ce02834d3456194dd9d049f97,08/17/2025 05:30:00 PM,3,DRIVER,1,2031188,,HONDA,ACCORD,IL,2011,UNKNOWN,PASSENGER,PERSONAL,W,STRAIGHT AHEAD,,,2,,,,,,,,,,Y,,,,,,Y,,REAR,,,,,,,,,,,,,,,,,,,,,,,,,,,,,,,,,
2130710,84ce38d922a391606b16602a0c098578c43af3b48d1e7d7b2d83ad36aab0e3564fa01fc87f69f5867f0d6fb4bde203e72b11081ce02834d3456194dd9d049f97,08/17/2025 05:30:00 PM,4,DRIVER,,2031196,,UNKNOWN,OTHER (EXPLAIN IN NARRATIVE),,,UNKNOWN,PASSENGER,UNKNOWN/NA,W,STRAIGHT AHEAD,,,1,,,,,,,,,,Y,,,,,,,,REAR,,,,,,,,,,,,,,,,,,,,,,,,,,,,,,,,,
2132268,fc8242d5c112ed25b4373da52bdae07f3b4ab8e77e3c23dc698c881d3c492a147782c6872fe14e7eed401cfdf4f48ea5b19d15db58a12d7593a1263ac3c324e1,08/17/2025 05:30:00 PM,1,DRIVER,,2032622,,HONDA,CR-V,IL,2015,UNKNOWN,SPORT UTILITY VEHICLE (SUV),UNKNOWN/NA,W,UNKNOWN/NA,,,1,,,,,,,,,,,,,,,,,Y,UNKNOWN,,,,,,,,,,,,,,,,,,,,,,,,,,,,,,,,,
2132269,fc8242d5c112ed25b4373da52bdae07f3b4ab8e77e3c23dc698c881d3c492a147782c6872fe14e7eed401cfdf4f48ea5b19d15db58a12d7593a1263ac3c324e1,08/17/2025 05:30:00 PM,2,PARKED,,2032626,,TOYOTA,VENZA,IL,2013,NONE,SPORT UTILITY VEHICLE (SUV),NOT IN USE,W,PARKED,,,0,,,,,,,,,,,Y,,Y,Y,Y,,,REAR-LEFT-CORNER,,,,,,,,,,,,,,,,,,,,,,,,,,,,,,,,,
2130693,d9c8f7ac6f1b3fc4c778addb601210d962910a855fe26d3f5e2b6ac9986869567b76e1841943773be78bf284f7ab15ac03edc3f2a9c9d3cafa46c68218e2a8b3,08/17/2025 05:15:00 PM,1,DRIVER,,2031157,,UNKNOWN,OTHER (EXPLAIN IN NARRATIVE),,,UNKNOWN,UNKNOWN/NA,UNKNOWN/NA,N,STRAIGHT AHEAD,,,1,,,,,,,,,,,,,,,,Y,,FRONT,,,,,,,,,,,,,,,,,,,,,,,,,,,,,,,,,
2130694,d9c8f7ac6f1b3fc4c778addb601210d962910a855fe26d3f5e2b6ac9986869567b76e1841943773be78bf284f7ab15ac03edc3f2a9c9d3cafa46c68218e2a8b3,08/17/2025 05:15:00 PM,2,DRIVER,,2031162,,BUICK,ENCORE,IL,2016,NONE,PASSENGER,PERSONAL,N,STRAIGHT AHEAD,,,1,,,,,,,,,,Y,,,,,,,,REAR,,,,,,,,,,,,,,,,,,,,,,,,,,,,,,,,,
2130764,004861a16d89863db1b02bfa74d5e5d9a9ed5deeb8a89af2cfa48327a44553a43f186a31431a5104ad050a860e1b23a1fbd281fb71da363ccb5c1162b44b9b81,08/17/2025 05:10:00 PM,1,DRIVER,,2031212,,HONDA,PILOT,IL,2012,NONE,PASSENGER,PERSONAL,N,STRAIGHT AHEAD,,,1,,,,,,,,,,,,,,,,Y,,FRONT,,,,,,,,,,,,,,,,,,,,,,,,,,,,,,,,,
2130765,004861a16d89863db1b02bfa74d5e5d9a9ed5deeb8a89af2cfa48327a44553a43f186a31431a5104ad050a860e1b23a1fbd281fb71da363ccb5c1162b44b9b81,08/17/2025 05:10:00 PM,2,DRIVER,,2031218,,MAZDA,MAZDA3,IL,2025,NONE,PASSENGER,PERSONAL,E,STRAIGHT AHEAD,,,1,,,,,,Y,Y,,,,,,,,,,,SIDE-LEFT,,,,,,,,,,,,,,,,,,,,,,,,,,,,,,,,,
2134731,f61c32970a263d53aa5a26ed59fc0e060d19cff390feb3485d52a1b944ba878b5660eddfd5b25b742cfdb0da4d09e370aee1521a258eb8639006f4a67d21a414,08/17/2025 05:10:00 PM,1,DRIVER,,2034975,,FORD,FUSION,IL,2014,UNKNOWN,PASSENGER,PERSONAL,N,STRAIGHT AHEAD,,,1,,,,,Y,Y,,,,,,,,,,,,FRONT-RIGHT-CORNER,,,,,,,,,,,,,,,,,,,,,,,,,,,,,,,,,
2134732,f61c32970a263d53aa5a26ed59fc0e060d19cff390feb3485d52a1b944ba878b5660eddfd5b25b742cfdb0da4d09e370aee1521a258eb8639006f4a67d21a414,08/17/2025 05:10:00 PM,2,DRIVER,,2034976,,HONDA,ACCORD,IL,2013,NONE,PASSENGER,PERSONAL,N,STRAIGHT AHEAD,,,1,,,,,,,,,,,Y,Y,Y,,,,,SIDE-LEFT,,,,,,,,,,,,,,,,,,,,,,,,,,,,,,,,,
2130760,a1a1a725781e037fd7b2fd1ef0330382e3dfc95d6c5ea9ffb8ce64f46dcb3613d7c9371c2f28b92b60a4f553bd7443f1ccbfa2df6808d49609e7715965ca78d1,08/17/2025 05:05:00 PM,1,DRIVER,,2031221,,BMW,3 SERIES,IL,2007,NONE,PASSENGER,PERSONAL,E,STRAIGHT AHEAD,N,,1,,,,,,,,,,,,,,Y,Y,,,FRONT-LEFT-CORNER,,,,,,,,,,,,,,,,,,,,,,,,,,,,,,,,,
2130761,a1a1a725781e037fd7b2fd1ef0330382e3dfc95d6c5ea9ffb8ce64f46dcb3613d7c9371c2f28b92b60a4f553bd7443f1ccbfa2df6808d49609e7715965ca78d1,08/17/2025 05:05:00 PM,2,DRIVER,1,2031229,,HONDA,CIVIC,IL,2014,NONE,PASSENGER,PERSONAL,S,STRAIGHT AHEAD,,,2,,,,,,,,,,,,,,,Y,Y,,FRONT,,,,,,,,,,,,,,,,,,,,,,,,,,,,,,,,,
2130699,7a53274b0edb970767e1aa2e34ffd47efb0df5f3eaabacea2f39b2cc3ddf21919fcd9f3ebe6cdc4d8f69a96f917385bfd6da19a45ac39e2cf1c1bd7b46c75414,08/17/2025 05:01:00 PM,1,DRIVER,,2031165,,ACURA,TLX,IL,2015,NONE,PASSENGER,PERSONAL,SW,TURNING LEFT,,,1,,,,,,,,,,,,,,,,Y,,FRONT,,,,,,,,,,,,,,,,,,,,,,,,,,,,,,,,,
2130700,7a53274b0edb970767e1aa2e34ffd47efb0df5f3eaabacea2f39b2cc3ddf21919fcd9f3ebe6cdc4d8f69a96f917385bfd6da19a45ac39e2cf1c1bd7b46c75414,08/17/2025 05:01:00 PM,2,DRIVER,2,2031168,,FORD,TAURUS,IL,2012,NONE,PASSENGER,PERSONAL,NE,TURNING LEFT,,,3,,,,,,,Y,Y,,,,,,,,,,SIDE-RIGHT-REAR,,,,,,,,,,,,,,,,,,,,,,,,,,,,,,,,,
2130691,022b3699155b0c3101ef7c3938d8ef595468236bcc6178627a1dacc923975ce960e764f271150203f23d32b19eb1dd1ebe5ac54cb38f36a36dac9c5dd459ec93,08/17/2025 05:00:00 PM,1,DRIVER,,2031159,,TOYOTA,CAMRY,IL,2014,NONE,PASSENGER,PERSONAL,S,ENTERING TRAFFIC LANE FROM PARKING,,,1,,,,,Y,,,,,,,,,,Y,Y,,FRONT,,,,,,,,,,,,,,,,,,,,,,,,,,,,,,,,,
2130692,022b3699155b0c3101ef7c3938d8ef595468236bcc6178627a1dacc923975ce960e764f271150203f23d32b19eb1dd1ebe5ac54cb38f36a36dac9c5dd459ec93,08/17/2025 05:00:00 PM,2,DRIVER,1,2031163,,TOYOTA,RAV4,RI,2015,NONE,PASSENGER,PERSONAL,S,STRAIGHT AHEAD,Y,,2,,,,,,,Y,Y,Y,,,,,,,,,REAR-RIGHT-CORNER,,,,,,,,,,,,,,,,,,,,,,,,,,,,,,,,,
2130679,951cd10175200f6b394e93cb0a1d07fd10db9ceee33be5fb3a668d5431fdbb3156a520fd5e94c8f2704f8a64925687b9366c56a20d087b4223ff6c4351b98585,08/17/2025 05:00:00 PM,1,DRIVER,,2031142,,HYUNDAI,TUCSON,IL,2011,UNKNOWN,PASSENGER,PERSONAL,SE,STRAIGHT AHEAD,Y,,1,,CPD SSN #054521,,,,,,,,,,,,Y,,,,SIDE-LEFT,,,,,,,,,,,,,,,,,,,,,,,,,,,,,,,,,
2130680,951cd10175200f6b394e93cb0a1d07fd10db9ceee33be5fb3a668d5431fdbb3156a520fd5e94c8f2704f8a64925687b9366c56a20d087b4223ff6c4351b98585,08/17/2025 05:00:00 PM,2,DRIVER,1,2031145,,FORD,ESCAPE,IL,2018,NONE,PASSENGER,PERSONAL,NW,STRAIGHT AHEAD,,,2,,,,,,,,,,,,,,Y,,,,SIDE-LEFT,,,,,,,,,,,,,,,,,,,,,,,,,,,,,,,,,
2130766,9d41ed0c719a3774f5baf9562ae0519f2ab96769349a204bf01841c7c156374c6214463fcc5e18e67c5b6d8a6aa9d14f364136aeff586b8c235281cfe61188e7,08/17/2025 05:00:00 PM,1,DRIVER,,2031213,,HONDA,OTHER (EXPLAIN IN NARRATIVE),IL,2018,UNKNOWN,PASSENGER,UNKNOWN/NA,N,BACKING,,,1,,,,,,,,,Y,,,,,,,,,REAR-RIGHT-CORNER,,,,,,,,,,,,,,,,,,,,,,,,,,,,,,,,,
2130767,9d41ed0c719a3774f5baf9562ae0519f2ab96769349a204bf01841c7c156374c6214463fcc5e18e67c5b6d8a6aa9d14f364136aeff586b8c235281cfe61188e7,08/17/2025 05:00:00 PM,2,DRIVER,,2031222,,FORD,ESCAPE,TN,2014,UNKNOWN,SPORT UTILITY VEHICLE (SUV),PERSONAL,S,STRAIGHT AHEAD,,,1,,,,,Y,,,,,,,,,,,,,FRONT-RIGHT-CORNER,,,,,,,,,,,,,,,,,,,,,,,,,,,,,,,,,
2130649,e4351a741f12d87c0b1d124743b4661c4b7cd1f4d4f911a6b53b33859e59aa2eb3e57aa3227bdeef004c623106b5ddb9ee668f710908bc55c2a5bbbce9fcf052,08/17/2025 05:00:00 PM,1,DRIVER,,2031112,,TESLA,MODEL Y,IL,2022,UNKNOWN,PASSENGER,UNKNOWN/NA,S,SLOW/STOP IN TRAFFIC,,,1,,,,,Y,,,,,,,,,,Y,Y,,FRONT,,,,,,,,,,,,,,,,,,,,,,,,,,,,,,,,,
2130650,e4351a741f12d87c0b1d124743b4661c4b7cd1f4d4f911a6b53b33859e59aa2eb3e57aa3227bdeef004c623106b5ddb9ee668f710908bc55c2a5bbbce9fcf052,08/17/2025 05:00:00 PM,2,DRIVER,,2031115,,MERCEDES-BENZ,GLC,IL,2019,NONE,SPORT UTILITY VEHICLE (SUV),PERSONAL,S,SLOW/STOP IN TRAFFIC,,,1,,,,,,,,,Y,Y,Y,,,,,,,REAR,,,,,,,,,,,,,,,,,,,,,,,,,,,,,,,,,
2130683,61f8e3c4f7c2425b9b7e075cfbd17b57e403f0f32d426617a604a106f82876a52fe1306514357f6e5058574ba260960b22c0ebb520ea4c402885a3d3dfd38ddd,08/17/2025 04:53:00 PM,1,DRIVER,3,2031151,,HONDA,CIVIC,IL,2009,UNKNOWN,PASSENGER,PERSONAL,S,STRAIGHT AHEAD,,,4,,,,,Y,,,,,,,,,,,,,SIDE-RIGHT,,,,,,,,,,,,,,,,,,,,,,,,,,,,,,,,,
2130684,61f8e3c4f7c2425b9b7e075cfbd17b57e403f0f32d426617a604a106f82876a52fe1306514357f6e5058574ba260960b22c0ebb520ea4c402885a3d3dfd38ddd,08/17/2025 04:53:00 PM,2,DRIVER,1,2031155,,TOYOTA,PRIUS,IL,2010,UNKNOWN,PASSENGER,PERSONAL,S,STRAIGHT AHEAD,,,2,,,,,,,,,,,,,,,Y,,,SIDE-LEFT,,,,,,,,,,,,,,,,,,,,,,,,,,,,,,,,,
2130681,a3b87c2096acf7dbcaac342da7e962adc12b89fcd8c4a1d217952130f3765c2781faecf42f707a00b6c0b3464fac3718124ce64819a826850becb62df40674fa,08/17/2025 04:53:00 PM,1,DRIVER,,2031149,,DODGE,CARAVAN,IL,2016,UNKNOWN,VAN/MINI-VAN,PERSONAL,W,TURNING LEFT,Y,,1,,PERSONAL TOW,,,Y,,,,,,,,,,Y,Y,,FRONT-LEFT-CORNER,,,,,,,,,,,,,,,,,,,,,,,,,,,,,,,,,
2130682,a3b87c2096acf7dbcaac342da7e962adc12b89fcd8c4a1d217952130f3765c2781faecf42f707a00b6c0b3464fac3718124ce64819a826850becb62df40674fa,08/17/2025 04:53:00 PM,2,DRIVER,1,2031153,,GENERAL MOTORS CORPORATION (GMC),SIERRA,IL,2024,NONE,PICKUP,PERSONAL,N,STRAIGHT AHEAD,,,2,,,,,Y,Y,Y,Y,,,,,,,,,,SIDE-RIGHT,,,,,,,,,,,,,,,,,,,,,,,,,,,,,,,,,
2132664,31b8867fadceab102b2929c86250391bc94922ad80bde0a1a993dc9e22258b7ea937b6842b275ee10fb2380972bfd2a83aeca295766c2ae1a4f71a20dcb9bd88,08/17/2025 04:43:00 PM,1,DRIVER,,2032999,,CHRYSLER,OTHER (EXPLAIN IN NARRATIVE),IL,2017,NONE,PASSENGER,PERSONAL,E,STRAIGHT AHEAD,,,1,,,,,,,,,,,,,,,,Y,,FRONT,,,,,,,,,,,,,,,,,,,,,,,,,,,,,,,,,
2132665,31b8867fadceab102b2929c86250391bc94922ad80bde0a1a993dc9e22258b7ea937b6842b275ee10fb2380972bfd2a83aeca295766c2ae1a4f71a20dcb9bd88,08/17/2025 04:43:00 PM,2,DRIVER,,2032996,,CHEVROLET,CAVALIER,IL,2004,NONE,PASSENGER,PERSONAL,E,STRAIGHT AHEAD,,,1,,,,,,,,,,Y,,,,,,,,REAR,,,,,,,,,,,,,,,,,,,,,,,,,,,,,,,,,
2130668,fc51fc971246af75c51894a0eba74a5ae92a2c1fe1ebf9c10e7de2f3618651fead9d1449a34dd2afb2f4dbd0240aea55a1febfc5735263af46fdea0d10821234,08/17/2025 04:43:00 PM,1,DRIVER,1,2031135,,VOLKSWAGEN,TIGUAN,IL,2016,UNKNOWN,PASSENGER,PERSONAL,W,ENTERING TRAFFIC LANE FROM PARKING,,,2,,,,,,,,,,,,Y,Y,Y,Y,,,SIDE-LEFT,,,,,,,,,,,,,,,,,,,,,,,,,,,,,,,,,
2130669,fc51fc971246af75c51894a0eba74a5ae92a2c1fe1ebf9c10e7de2f3618651fead9d1449a34dd2afb2f4dbd0240aea55a1febfc5735263af46fdea0d10821234,08/17/2025 04:43:00 PM,2,DRIVER,1,2031141,,MAZDA,CX-9,IL,2009,UNKNOWN,PASSENGER,PERSONAL,W,STRAIGHT AHEAD,,,2,,,,,Y,,,,,,,,,,Y,Y,,FRONT,,,,,,,,,,,,,,,,,,,,,,,,,,,,,,,,,
2130647,b1e466cf42e5c8c3e7713eba073992fe7dcacd2e676e08f209547026f45713c748fa57ad67e1c9369a3eae7ee0616540b0b9855229363f591c01111dcdc29ad3,08/17/2025 04:40:00 PM,2,DRIVER,,2031114,,HYUNDAI,SONATA,IL,2017,NONE,PASSENGER,PERSONAL,N,STRAIGHT AHEAD,,,1,,,,,,,,,,,,,Y,Y,,,,SIDE-LEFT,,,,,,,,,,,,,,,,,,,,,,,,,,,,,,,,,
2130648,b1e466cf42e5c8c3e7713eba073992fe7dcacd2e676e08f209547026f45713c748fa57ad67e1c9369a3eae7ee0616540b0b9855229363f591c01111dcdc29ad3,08/17/2025 04:40:00 PM,1,DRIVER,,2031122,,TOYOTA,PRIUS,IL,2010,NONE,PASSENGER,PERSONAL,S,U-TURN,,,1,,,,,,,,,,,,,,,,,Y,FRONT,,,,,,,,,,,,,,,,,,,,,,,,,,,,,,,,,
2130705,c45ef20e75c91ba9a2f123788ecf343287e42a524439ae3fddaed783656c36180fb8b2e0293789b7dc38931d104eee42030f1b414fe5d0134a367ff0dc55fb40,08/17/2025 04:40:00 PM,1,DRIVER,,2031171,,CHEVROLET,TRAIL BLAZER,IL,2002,NONE,PASSENGER,PERSONAL,E,BACKING,,,1,,,,,,,,,,,,,,,,,Y,UNKNOWN,,,,,,,,,,,,,,,,,,,,,,,,,,,,,,,,,
2130706,c45ef20e75c91ba9a2f123788ecf343287e42a524439ae3fddaed783656c36180fb8b2e0293789b7dc38931d104eee42030f1b414fe5d0134a367ff0dc55fb40,08/17/2025 04:40:00 PM,2,DRIVER,,2031193,,TESLA,MODEL Y,IL,2025,NONE,PASSENGER,PERSONAL,W,BACKING,,,1,,,,,,,,,,Y,,,,,,,,REAR,,,,,,,,,,,,,,,,,,,,,,,,,,,,,,,,,
2130755,aa910369c4b0c8fe2e71079953f8f87aeb50b91aed67c65abe38dfa25de954099db4c7c283f19ff0a9e45bf5e7e57c1a8921c8beddeacffd4ee4abe4081f3068,08/17/2025 04:36:00 PM,1,DRIVER,,2031206,,CHEVROLET,EQUINOX,IL,2008,UNKNOWN,PASSENGER,PERSONAL,S,STRAIGHT AHEAD,Y,,1,,private comapny,,,Y,Y,,,,,Y,Y,Y,Y,Y,Y,,TOTAL (ALL AREAS),,,,,,,,,,,,,,,,,,,,,,,,,,,,,,,,,
2130756,aa910369c4b0c8fe2e71079953f8f87aeb50b91aed67c65abe38dfa25de954099db4c7c283f19ff0a9e45bf5e7e57c1a8921c8beddeacffd4ee4abe4081f3068,08/17/2025 04:36:00 PM,2,PARKED,,2031210,,TOYOTA,RAV4,IL,2019,NONE,PASSENGER,NOT IN USE,S,PARKED IN TRAFFIC LANE,,,0,,,,,,,,,,,Y,Y,,,Y,,,SIDE-LEFT,,,,,,,,,,,,,,,,,,,,,,,,,,,,,,,,,
2130757,aa910369c4b0c8fe2e71079953f8f87aeb50b91aed67c65abe38dfa25de954099db4c7c283f19ff0a9e45bf5e7e57c1a8921c8beddeacffd4ee4abe4081f3068,08/17/2025 04:36:00 PM,3,PARKED,,2031232,,CHEVROLET,AVEO,IL,2009,NONE,PASSENGER,NOT IN USE,S,PARKED,,,0,,,,,,,,,Y,Y,Y,,,,,,,REAR,,,,,,,,,,,,,,,,,,,,,,,,,,,,,,,,,
2130670,43b03cae497c279ca4f912b285ec2d2052ffa2c54b11101656196256b327d1533005dc188983ff8d51bd039ecfa80324ea9629dd814e47999beea0d9d16f7bad,08/17/2025 04:30:00 PM,1,DRIVER,,2031134,,CHEVROLET,TRAVERSE,IL,2012,UNKNOWN,PASSENGER,PERSONAL,S,STRAIGHT AHEAD,,,1,,,,,Y,,,,,,,,,,,,,FRONT-RIGHT-CORNER,,,,,,,,,,,,,,,,,,,,,,,,,,,,,,,,,
2130671,43b03cae497c279ca4f912b285ec2d2052ffa2c54b11101656196256b327d1533005dc188983ff8d51bd039ecfa80324ea9629dd814e47999beea0d9d16f7bad,08/17/2025 04:30:00 PM,2,DRIVER,,2031144,,TESLA,MODEL Y,IL,2021,UNKNOWN,PASSENGER,PERSONAL,E,STRAIGHT AHEAD,,,1,,,,,,,,,,,,,,,Y,,,FRONT-LEFT-CORNER,,,,,,,,,,,,,,,,,,,,,,,,,,,,,,,,,
2130661,8cf1fac86fedc4e0bdde11c6b00a852be52ce71f77d24750519f2ec00b570e8556b0d8f4c0bba7d804d89cf0e3c1af26457ba6faddfa413a226654415b1d05d3,08/17/2025 04:28:00 PM,1,DRIVER,1,2031129,,NISSAN,ROGUE,IL,2019,NONE,PASSENGER,PERSONAL,N,TURNING LEFT,Y,,2,,PERSONAL,PERSONAL,,Y,Y,,,,,,,,,Y,Y,,SIDE-RIGHT-FRONT,,,,,,,,,,,,,,,,,,,,,,,,,,,,,,,,,
2130662,8cf1fac86fedc4e0bdde11c6b00a852be52ce71f77d24750519f2ec00b570e8556b0d8f4c0bba7d804d89cf0e3c1af26457ba6faddfa413a226654415b1d05d3,08/17/2025 04:28:00 PM,2,DRIVER,,2031137,,MAZDA,CX-5,IL,2018,NONE,PASSENGER,PERSONAL,S,STRAIGHT AHEAD,Y,,1,,PERSONAL,PERSONAL,,Y,,,,,,,,,Y,Y,Y,,FRONT-LEFT-CORNER,,,,,,,,,,,,,,,,,,,,,,,,,,,,,,,,,
2131436,bfac196cc68d674fda30bf9e50527fbd81878a8f3cbf4d2ac3371b822c9bc4924997537567b081b7642425cafdfdece4c446e5055f137c90967b26168960edde,08/17/2025 04:20:00 PM,1,DRIVER,,2031865,,CHEVROLET,PRIZM,,1999,NONE,PASSENGER,PERSONAL,W,STRAIGHT AHEAD,,,1,,,,,,,,,,,,,Y,Y,Y,,,SIDE-LEFT,,,,,,,,,,,,,,,,,,,,,,,,,,,,,,,,,
2131437,bfac196cc68d674fda30bf9e50527fbd81878a8f3cbf4d2ac3371b822c9bc4924997537567b081b7642425cafdfdece4c446e5055f137c90967b26168960edde,08/17/2025 04:20:00 PM,2,DRIVER,,2031869,,KIA,SPORTAGE,IL,2020,NONE,SPORT UTILITY VEHICLE (SUV),PERSONAL,N,STRAIGHT AHEAD,,,1,,,,,,,,,,,,,,,,Y,,FRONT,,,,,,,,,,,,,,,,,,,,,,,,,,,,,,,,,
2130675,9c3f5455a769077f65deaf6a72e34bf5fb7fc418669ac58a220ce8209609a881d653f1a40675cbef9736f6462d259e73fceec722abe4ff3514ab43f3ac240240,08/17/2025 04:16:00 PM,1,DRIVER,1,2031146,,HONDA,ACCORD,IL,2013,NONE,PASSENGER,PERSONAL,W,STRAIGHT AHEAD,,,2,,,,,Y,Y,,,,,,,,,,Y,,FRONT-RIGHT-CORNER,,,,,,,,,,,,,,,,,,,,,,,,,,,,,,,,,
2130676,9c3f5455a769077f65deaf6a72e34bf5fb7fc418669ac58a220ce8209609a881d653f1a40675cbef9736f6462d259e73fceec722abe4ff3514ab43f3ac240240,08/17/2025 04:16:00 PM,2,DRIVER,,2031152,,TOYOTA,PRIUS,IL,2024,NONE,PASSENGER,PERSONAL,W,STRAIGHT AHEAD,,,1,,,,,,,,,,Y,Y,Y,,,,,,REAR-LEFT-CORNER,,,,,,,,,,,,,,,,,,,,,,,,,,,,,,,,,
2130617,df5a074bf86221b637c76e9fe4f8a4d6ff7b69c9c63fd17d9b8882a48d971848269bba3814cceef643d027eb27982834ed93c5a9210c67afefcba2e6d20af5b9,08/17/2025 04:16:00 PM,1,DRIVER,,2031088,,AUDI,Q5,IL,2016,UNKNOWN,PASSENGER,PERSONAL,W,CHANGING LANES,,,1,,,,,Y,Y,,,,,Y,Y,Y,Y,Y,,,FRONT-RIGHT-CORNER,,,,,,,,,,,,,,,,,,,,,,,,,,,,,,,,,