CRASH_UNIT_ID,CRASH_RECORD_ID,CRASH_DATE,UNIT_NO,UNIT_TYPE,NUM_PASSENGERS,VEHICLE_ID,CMRC_VEH_I,MAKE,MODEL,LIC_PLATE_STATE,VEHICLE_YEAR,VEHICLE_DEFECT,VEHICLE_TYPE,VEHICLE_USE,TRAVEL_DIRECTION,MANEUVER,TOWED_I,FIRE_I,OCCUPANT_CNT,EXCEED_SPEED_LIMIT_I,TOWED_BY,TOWED_TO,AREA_00_I,AREA_01_I,AREA_02_I,AREA_03_I,AREA_04_I,AREA_05_I,AREA_06_I,AREA_07_I,AREA_08_I,AREA_09_I,AREA_10_I,AREA_11_I,AREA_12_I,AREA_99_I,FIRST_CONTACT_POINT,CMV_ID,USDOT_NO,CCMC_NO,ILCC_NO,COMMERCIAL_SRC,GVWR,CARRIER_NAME,CARRIER_STATE,CARRIER_CITY,HAZMAT_PLACARDS_I,HAZMAT_NAME,UN_NO,HAZMAT_PRESENT_I,HAZMAT_REPORT_I,HAZMAT_REPORT_NO,MCS_REPORT_I,MCS_REPORT_NO,HAZMAT_VIO_CAUSE_CRASH_I,MCS_VIO_CAUSE_CRASH_I,IDOT_PERMIT_NO,WIDE_LOAD_I,TRAILER1_WIDTH,TRAILER2_WIDTH,TRAILER1_LENGTH,TRAILER2_LENGTH,TOTAL_VEHICLE_LENGTH,AXLE_CNT,VEHICLE_CONFIG,CARGO_BODY_TYPE,LOAD_TYPE,HAZMAT_OUT_OF_SERVICE_I,MCS_OUT_OF_SERVICE_I,HAZMAT_CLASS
2130618,df5a074bf86221b637c76e9fe4f8a4d6ff7b69c9c63fd17d9b8882a48d971848269bba3814cceef643d027eb27982834ed93c5a9210c67afefcba2e6d20af5b9,08/17/2025 04:16:00 PM,2,DRIVER,,2031097,,DODGE,GRAND CARAVAN,NV,2013,UNKNOWN,VAN/MINI-VAN,DRIVER EDUCATION,W,STRAIGHT AHEAD,,,1,,,,,,,,,,,,Y,Y,Y,,,,SIDE-LEFT,,,,,,,,,,,,,,,,,,,,,,,,,,,,,,,,,
2130619,df5a074bf86221b637c76e9fe4f8a4d6ff7b69c9c63fd17d9b8882a48d971848269bba3814cceef643d027eb27982834ed93c5a9210c67afefcba2e6d20af5b9,08/17/2025 04:16:00 PM,3,DRIVER,,2031102,,CHEVROLET,TAHOE,IL,2016,UNKNOWN,PASSENGER,PERSONAL,W,STRAIGHT AHEAD,,,1,,,,,,N,N,Y,Y,,,,,,,,,REAR-RIGHT-CORNER,,,,,,,,,,,,,,,,,,,,,,,,,,,,,,,,,
2130663,e1f46cc3993876c5677fe886ca1cf708dbc5f1c1b00828bdc0089ad9f2ff8c6fbe9e916bffe41ef74a51cfdb98a4f6ae0f5c27506b6024b0506ce608393272d2,08/17/2025 04:15:00 PM,1,DRIVER,,2031130,,UNKNOWN,MOTORIZED,XX,,UNKNOWN,PASSENGER,UNKNOWN/NA,UNKNOWN,UNKNOWN/NA,,,1,,,,,,,,,,,,,,,,,Y,UNKNOWN,,,,,,,,,,,,,,,,,,,,,,,,,,,,,,,,,
2130674,e1f46cc3993876c5677fe886ca1cf708dbc5f1c1b00828bdc0089ad9f2ff8c6fbe9e916bffe41ef74a51cfdb98a4f6ae0f5c27506b6024b0506ce608393272d2,08/17/2025 04:15:00 PM,2,PEDESTRIAN,,,,,,,,,,,,,,,,,,,,,,,,,,,,,,,,,,,,,,,,,,,,,,,,,,,,,,,,,,,,,,,,,,
2130749,cb103b08aa511a089ca7f473f589e7d8c0c6ced51de7e00fdb66d69830bcad8c139722496a50685b163f2fec460bf303343979bec046c1f9d4afc4e4d9202ef3,08/17/2025 04:07:00 PM,1,DRIVER,,2031223,,DODGE,GRAND CARAVAN,IL,2008,OTHER,VAN/MINI-VAN,PERSONAL,UNKNOWN,ENTERING TRAFFIC LANE FROM PARKING,,,1,,,,,,,,,,,Y,Y,Y,,,,,SIDE-LEFT,,,,,,,,,,,,,,,,,,,,,,,,,,,,,,,,,
2130750,cb103b08aa511a089ca7f473f589e7d8c0c6ced51de7e00fdb66d69830bcad8c139722496a50685b163f2fec460bf303343979bec046c1f9d4afc4e4d9202ef3,08/17/2025 04:07:00 PM,2,DRIVER,1,2031208,,JEEP,CHEROKEE,IL,2019,OTHER,SPORT UTILITY VEHICLE (SUV),AMBULANCE,UNKNOWN,STRAIGHT AHEAD,,,2,,,,,Y,Y,Y,,,,,,,,,,,SIDE-RIGHT,,,,,,,,,,,,,,,,,,,,,,,,,,,,,,,,,
2130725,c385213a3103c7514c90b8710b560998ea5fcd5ad5ffcddf833a8e9a6ec346a7b57816d93aab156e0201c42602c1a25906c97c269bf403b30c8d41543b0f8cde,08/17/2025 04:01:00 PM,1,DRIVER,,2031175,,BUICK,LACROSSE,IL,2010,UNKNOWN,PASSENGER,PERSONAL,W,STRAIGHT AHEAD,,,1,,,,,Y,,,,,,,,,,,Y,,FRONT-RIGHT-CORNER,,,,,,,,,,,,,,,,,,,,,,,,,,,,,,,,,
2130726,c385213a3103c7514c90b8710b560998ea5fcd5ad5ffcddf833a8e9a6ec346a7b57816d93aab156e0201c42602c1a25906c97c269bf403b30c8d41543b0f8cde,08/17/2025 04:01:00 PM,2,PARKED,,2031181,,DODGE,GRAND CARAVAN,IL,2017,UNKNOWN,VAN/MINI-VAN,PERSONAL,E,PARKED,,,0,,,,,,,,,Y,,,,,,,,,REAR-RIGHT-CORNER,,,,,,,,,,,,,,,,,,,,,,,,,,,,,,,,,
2130727,c385213a3103c7514c90b8710b560998ea5fcd5ad5ffcddf833a8e9a6ec346a7b57816d93aab156e0201c42602c1a25906c97c269bf403b30c8d41543b0f8cde,08/17/2025 04:01:00 PM,3,PARKED,,2031190,,MAZDA,CX-5,IL,2024,UNKNOWN,PASSENGER,PERSONAL,E,PARKED,,,0,,,,,,Y,Y,Y,Y,,,,,,,,,SIDE-RIGHT,,,,,,,,,,,,,,,,,,,,,,,,,,,,,,,,,
2130776,0395559f4b1ef041d1fc39a060aeeb3234bcb335fc0ebe0bbf12151c2a6f7df9f0742a332334df8dfbcfe1899e67699af026dd618365d5dc25ac41f212db6b57,08/17/2025 04:00:00 PM,1,DRIVER,,2031224,,UNKNOWN,OTHER (EXPLAIN IN NARRATIVE),IL,,UNKNOWN,PICKUP,UNKNOWN/NA,E,STRAIGHT AHEAD,,,1,,,,,Y,,,,,,,,,,,,,FRONT-RIGHT-CORNER,,,,,,,,,,,,,,,,,,,,,,,,,,,,,,,,,
2130777,0395559f4b1ef041d1fc39a060aeeb3234bcb335fc0ebe0bbf12151c2a6f7df9f0742a332334df8dfbcfe1899e67699af026dd618365d5dc25ac41f212db6b57,08/17/2025 04:00:00 PM,2,PARKED,,2031228,,FORD,F150,IL,2012,UNKNOWN,PICKUP,NOT IN USE,E,PARKED,,,0,,,,,,,,,,,,,,Y,,,,FRONT-LEFT-CORNER,,,,,,,,,,,,,,,,,,,,,,,,,,,,,,,,,
2130666,e8cb9da3e14492f5442ee514c33b00b181795cfe7c6e1b59f142977793444788134580dbd9f0277bff6cc82c2db1a5f5d4d145097a1b1bce6caf5d74bf9283d0,08/17/2025 04:00:00 PM,1,DRIVER,2,2031131,,JEEP,GRAND CHEROKEE,IL,2020,NONE,SPORT UTILITY VEHICLE (SUV),PERSONAL,N,STRAIGHT AHEAD,,,3,,,,Y,,,,,,,,,,,,,,SIDE-LEFT,,,,,,,,,,,,,,,,,,,,,,,,,,,,,,,,,
2130667,e8cb9da3e14492f5442ee514c33b00b181795cfe7c6e1b59f142977793444788134580dbd9f0277bff6cc82c2db1a5f5d4d145097a1b1bce6caf5d74bf9283d0,08/17/2025 04:00:00 PM,2,PEDESTRIAN,,,,,,,,,,,,,,,,,,,,,,,,,,,,,,,,,,,,,,,,,,,,,,,,,,,,,,,,,,,,,,,,,,
2130620,833e9d7f25da27f400cde0ec040e197be115ed245d2e931f63f8ddaa1836afa829d8dd0699984f10243aef158238f24fd7e61a600b267aa299e4a0a83fdd7405,08/17/2025 03:59:00 PM,1,DRIVER,,2031094,,NISSAN,SENTRA,IL,2008,UNKNOWN,PASSENGER,UNKNOWN/NA,E,ENTERING TRAFFIC LANE FROM PARKING,,,1,,,,,,,,,,,,,,Y,Y,N,,FRONT-LEFT-CORNER,,,,,,,,,,,,,,,,,,,,,,,,,,,,,,,,,
2130621,833e9d7f25da27f400cde0ec040e197be115ed245d2e931f63f8ddaa1836afa829d8dd0699984f10243aef158238f24fd7e61a600b267aa299e4a0a83fdd7405,08/17/2025 03:59:00 PM,2,DRIVER,,2031106,,CHEVROLET,MALIBU,IL,2016,UNKNOWN,PASSENGER,PERSONAL,E,STRAIGHT AHEAD,,,1,,,,,Y,Y,,,,,,,,,,,,FRONT-RIGHT-CORNER,,,,,,,,,,,,,,,,,,,,,,,,,,,,,,,,,
2130653,ba5c6b04487262e0aa3b76bb55156a43161f534fc6268bb5095f28d163e98a6907fcb7bb9b5fc0d2ef2a64054dfb11083b3f911a6026749576929db5dd97c95f,08/17/2025 03:47:00 PM,1,DRIVER,,2031133,,NISSAN,ALTIMA,IN,2021,UNKNOWN,PASSENGER,PERSONAL,W,STRAIGHT AHEAD,Y,,1,,E&R,POUND 2,,Y,,,,,,,,,,Y,Y,,FRONT,,,,,,,,,,,,,,,,,,,,,,,,,,,,,,,,,
2130654,ba5c6b04487262e0aa3b76bb55156a43161f534fc6268bb5095f28d163e98a6907fcb7bb9b5fc0d2ef2a64054dfb11083b3f911a6026749576929db5dd97c95f,08/17/2025 03:47:00 PM,2,DRIVER,1,2031140,,GENERAL MOTORS CORPORATION (GMC),ACADIA,IL,2011,UNKNOWN,PASSENGER,PERSONAL,W,STRAIGHT AHEAD,,,2,,,,,,,,,Y,Y,Y,,,,,,,REAR,,,,,,,,,,,,,,,,,,,,,,,,,,,,,,,,,
2130634,f8e5324e2fe074a308584d1d6d163a8f5fbe2b505d6c1172df14b3df14fe11861468b9ed6e14a3e551dae5ab21d131669f17bcfaad91e61b636d847c57b4b3c3,08/17/2025 03:47:00 PM,1,BICYCLE,,,,,,,,,,,,,,,,,,,,,,,,,,,,,,,,,,,,,,,,,,,,,,,,,,,,,,,,,,,,,,,,,,
2130635,f8e5324e2fe074a308584d1d6d163a8f5fbe2b505d6c1172df14b3df14fe11861468b9ed6e14a3e551dae5ab21d131669f17bcfaad91e61b636d847c57b4b3c3,08/17/2025 03:47:00 PM,2,DRIVER,,2031109,,TOYOTA,RAV4,IL,2007,UNKNOWN,SPORT UTILITY VEHICLE (SUV),UNKNOWN/NA,S,STRAIGHT AHEAD,,,1,,,,,Y,,,,,,,,,,,N,,FRONT-RIGHT-CORNER,,,,,,,,,,,,,,,,,,,,,,,,,,,,,,,,,
2130613,d5bd1cb5861766105d15b9251d8c68c77a3516a8d4b9e879da67266c5f3c5adc0ce31d92ff0085a5d09f3536ec68b51acb5ad84281c6f9d5db38d2919e6aaf8f,08/17/2025 03:41:00 PM,1,DRIVER,,2031083,,TOYOTA,CAMRY,IL,2025,UNKNOWN,PASSENGER,PERSONAL,W,UNKNOWN/NA,,,1,,,,,Y,,,,,,,,,,,,,FRONT-RIGHT-CORNER,,,,,,,,,,,,,,,,,,,,,,,,,,,,,,,,,
2130614,d5bd1cb5861766105d15b9251d8c68c77a3516a8d4b9e879da67266c5f3c5adc0ce31d92ff0085a5d09f3536ec68b51acb5ad84281c6f9d5db38d2919e6aaf8f,08/17/2025 03:41:00 PM,2,DRIVER,,2031099,,LINCOLN,NAUTILUS,IL,2022,UNKNOWN,SPORT UTILITY VEHICLE (SUV),OTHER,S,STRAIGHT AHEAD,,,1,,,,,,,,,,,,,,,Y,,,FRONT-LEFT-CORNER,,,,,,,,,,,,,,,,,,,,,,,,,,,,,,,,,
2130590,1a17da671f02a44e88a1b84d8b1e60ac901af03a6e99e062cd40c77c7f23a270294ff5fe69169e38954b85c559e5ef2cfeaa56257f77cc5bdcecf3c29acbd4e5,08/17/2025 03:40:00 PM,1,DRIVER,,2031054,,JEEP,CHEROKEE,IL,2012,UNKNOWN,SPORT UTILITY VEHICLE (SUV),PERSONAL,N,TURNING RIGHT,,,1,,,,,Y,,,,,,,,,,,,,FRONT-RIGHT-CORNER,,,,,,,,,,,,,,,,,,,,,,,,,,,,,,,,,
2130591,1a17da671f02a44e88a1b84d8b1e60ac901af03a6e99e062cd40c77c7f23a270294ff5fe69169e38954b85c559e5ef2cfeaa56257f77cc5bdcecf3c29acbd4e5,08/17/2025 03:40:00 PM,2,DRIVER,1,2031065,,TOYOTA,YARIS,IL,,NONE,SPORT UTILITY VEHICLE (SUV),PERSONAL,E,STRAIGHT AHEAD,,,2,,,,,,,,,,,,,,,Y,,,FRONT-LEFT-CORNER,,,,,,,,,,,,,,,,,,,,,,,,,,,,,,,,,
2130607,1f222ebd56f5e61c2ad1dd9e7480f3ddf75fc71dfd8d13cb34bff20537ab2d5087b5577de26b4d5858280f2a03d63511963f970c64aa130759353830b70c5bbf,08/17/2025 03:40:00 PM,1,DRIVER,,2031071,,BMW,528I,IL,2014,UNKNOWN,PASSENGER,PERSONAL,W,STRAIGHT AHEAD,,,1,,,,,Y,,,,,,,,,,Y,Y,,FRONT,,,,,,,,,,,,,,,,,,,,,,,,,,,,,,,,,
2130608,1f222ebd56f5e61c2ad1dd9e7480f3ddf75fc71dfd8d13cb34bff20537ab2d5087b5577de26b4d5858280f2a03d63511963f970c64aa130759353830b70c5bbf,08/17/2025 03:40:00 PM,2,DRIVER,,2031078,,TOYOTA,RAV4,IL,2026,UNKNOWN,SPORT UTILITY VEHICLE (SUV),PERSONAL,UNKNOWN,BACKING,,,1,,,,,,,,,,,,,,,,,Y,UNKNOWN,,,,,,,,,,,,,,,,,,,,,,,,,,,,,,,,,
2130643,67bbfaaaee3066607f89ad283ae041a7e8863958255c40bacd86392ca024f533fa809ea3165cea63f622c94fcb9c1678c767e7a58a3c68b1027640f9484400c6,08/17/2025 03:40:00 PM,1,DRIVER,1,2031116,,UNKNOWN,OTHER (EXPLAIN IN NARRATIVE),XX,,UNKNOWN,UNKNOWN/NA,UNKNOWN/NA,S,STRAIGHT AHEAD,,,2,,,,,,,,,,,,,,N,Y,,,FRONT-LEFT-CORNER,,,,,,,,,,,,,,,,,,,,,,,,,,,,,,,,,
2130644,67bbfaaaee3066607f89ad283ae041a7e8863958255c40bacd86392ca024f533fa809ea3165cea63f622c94fcb9c1678c767e7a58a3c68b1027640f9484400c6,08/17/2025 03:40:00 PM,2,PARKED,,2031123,,CHEVROLET,CRUZE,IL,2014,UNKNOWN,PASSENGER,PERSONAL,S,PARKED IN TRAFFIC LANE,,,0,,,,,Y,,,,,,,,,,Y,Y,,FRONT-RIGHT-CORNER,,,,,,,,,,,,,,,,,,,,,,,,,,,,,,,,,
2130740,19d2f8b1d6ce0d7806c471de8783204fe1d952870f3b5ae5fc5b1e0588c76cb430ec65f31ce0077819355dfe8c8b59d276d9ba55d7d7d0cab7cc50bb33f43806,08/17/2025 03:38:00 PM,1,DRIVER,,2031187,,UNKNOWN,MOTORIZED,IL,,UNKNOWN,UNKNOWN/NA,UNKNOWN/NA,UNKNOWN,UNKNOWN/NA,,,1,,,,,,,,,,,,,,,,,Y,UNKNOWN,,,,,,,,,,,,,,,,,,,,,,,,,,,,,,,,,
2130741,19d2f8b1d6ce0d7806c471de8783204fe1d952870f3b5ae5fc5b1e0588c76cb430ec65f31ce0077819355dfe8c8b59d276d9ba55d7d7d0cab7cc50bb33f43806,08/17/2025 03:38:00 PM,2,PARKED,,2031194,,DODGE,DURANGO,IL,2021,UNKNOWN,PASSENGER,OTHER,W,PARKED,Y,,0,,TRIPPLE A,93 PAXTON AVE CALUMET CITY,,,,,,,,Y,Y,Y,Y,,,,SIDE-LEFT-REAR,,,,,,,,,,,,,,,,,,,,,,,,,,,,,,,,,
2133344,0941ca1f742fc46e1dfc58ab20ff1851590f38ee9e09a5968b80c090f32cd5c1d6fff7632a75219e229432b757dfa6f9c7d01dee12220b4f3fb0ecb179fae50b,08/17/2025 03:37:00 PM,1,DRIVER,,2033658,,NISSAN,200 SX,IL,,UNKNOWN,PASSENGER,UNKNOWN/NA,UNKNOWN,BACKING,,,1,,,,,,,,,Y,Y,Y,,,,,,,UNKNOWN,,,,,,,,,,,,,,,,,,,,,,,,,,,,,,,,,
2133345,0941ca1f742fc46e1dfc58ab20ff1851590f38ee9e09a5968b80c090f32cd5c1d6fff7632a75219e229432b757dfa6f9c7d01dee12220b4f3fb0ecb179fae50b,08/17/2025 03:37:00 PM,2,DRIVER,,2033660,,LEXUS,ES300,IL,,NONE,PASSENGER,PERSONAL,UNKNOWN,STRAIGHT AHEAD,,,1,,,,,,Y,Y,Y,,,,,,,,,,SIDE-RIGHT,,,,,,,,,,,,,,,,,,,,,,,,,,,,,,,,,
2130622,2ba063f69134bea01b0d92f43721c675944199bb8246210b2d8399e7904eb02cfd32cb85de8804557caab88692f90e37ff058cd35a64b1eb7745404a2e78fe41,08/17/2025 03:31:00 PM,1,DRIVER,,2031086,,UNKNOWN,OTHER (EXPLAIN IN NARRATIVE),IL,,NONE,ALL-TERRAIN VEHICLE (ATV),PERSONAL,N,STRAIGHT AHEAD,,,1,,,,,,,,,,,,,,,,,Y,UNKNOWN,,,,,,,,,,,,,,,,,,,,,,,,,,,,,,,,,
2130623,2ba063f69134bea01b0d92f43721c675944199bb8246210b2d8399e7904eb02cfd32cb85de8804557caab88692f90e37ff058cd35a64b1eb7745404a2e78fe41,08/17/2025 03:31:00 PM,2,DRIVER,4,2031096,,KIA,FORTE,IL,2020,NONE,PASSENGER,PERSONAL,S,TURNING LEFT,Y,,5,,,,,,,,,,,,,,,Y,Y,,FRONT-LEFT-CORNER,,,,,,,,,,,,,,,,,,,,,,,,,,,,,,,,,
2130609,26b6d80e40ef689b68c5bed677b5c7eddc76c2501518e6614f6c9392c9df2203b9f30fed2ff46411877de6e7425ba0be9e1ab87605626d643d274a191249655a,08/17/2025 03:30:00 PM,1,PARKED,,2031118,,TOYOTA,COROLLA,TX,2018,UNKNOWN,PASSENGER,PERSONAL,N,PARKED,,,0,,,,,,,,,,,,,,,,,Y,SIDE-LEFT,,,,,,,,,,,,,,,,,,,,,,,,,,,,,,,,,
2130610,26b6d80e40ef689b68c5bed677b5c7eddc76c2501518e6614f6c9392c9df2203b9f30fed2ff46411877de6e7425ba0be9e1ab87605626d643d274a191249655a,08/17/2025 03:30:00 PM,2,DRIVER,,2031127,,TESLA,MODEL X,IL,2023,UNKNOWN,SPORT UTILITY VEHICLE (SUV),PERSONAL,N,STRAIGHT AHEAD,,,1,,,,,,,,,,,,,,,,,Y,FRONT-RIGHT-CORNER,,,,,,,,,,,,,,,,,,,,,,,,,,,,,,,,,
2130746,58bd7a2864e5b7240d8cf3ff018cc969d141795783c637763155ff4aa2921032e6584c5ce4ae9a8584b6ce17a87e1d2c615de12de14f374280536826ec0f4516,08/17/2025 03:30:00 PM,1,DRIVER,,2031207,,FORD,ESCAPE,TN,2014,UNKNOWN,PASSENGER,UNKNOWN/NA,S,STRAIGHT AHEAD,,,1,,,,,,,,,,,,,,,,,Y,UNKNOWN,,,,,,,,,,,,,,,,,,,,,,,,,,,,,,,,,
2130747,58bd7a2864e5b7240d8cf3ff018cc969d141795783c637763155ff4aa2921032e6584c5ce4ae9a8584b6ce17a87e1d2c615de12de14f374280536826ec0f4516,08/17/2025 03:30:00 PM,2,DRIVER,,2031225,,HONDA,ACCORD,IL,2018,UNKNOWN,PASSENGER,PERSONAL,UNKNOWN,BACKING,,,1,,,,,,,,,,Y,,,,,,,,REAR-RIGHT-CORNER,,,,,,,,,,,,,,,,,,,,,,,,,,,,,,,,,
2130782,7b09edbfd2be3c7700c6d765e5fdd964083bfad7f9a358d1224f646ce2a6a51d629786ccf63de51b637732806b31f223dbac294e6aac25320e7911290f46b95a,08/17/2025 03:30:00 PM,1,DRIVER,,2031237,,FORD,F150,IL,2013,UNKNOWN,PICKUP,UNKNOWN/NA,E,STRAIGHT AHEAD,,,1,,,,,,,,,,,,,,,,,Y,FRONT,,,,,,,,,,,,,,,,,,,,,,,,,,,,,,,,,
2130783,7b09edbfd2be3c7700c6d765e5fdd964083bfad7f9a358d1224f646ce2a6a51d629786ccf63de51b637732806b31f223dbac294e6aac25320e7911290f46b95a,08/17/2025 03:30:00 PM,2,DRIVER,1,2031239,,CHEVROLET,MALIBU,IL,2018,NONE,PASSENGER,PERSONAL,E,SLOW/STOP IN TRAFFIC,,,2,,,,,,,,,Y,Y,Y,,,,,,,REAR,,,,,,,,,,,,,,,,,,,,,,,,,,,,,,,,,
2132471,7fcde4cb92a16e00daa523f245336c5c61fa7900a980fe5a7f2d5702ff6e9621a5721460f1c7d68dde69f2625484ebeab5e6d9f2a542035ee320f9303f521bd0,08/17/2025 03:30:00 PM,1,DRIVER,,2032806,,DODGE,OTHER (EXPLAIN IN NARRATIVE),IL,2015,UNKNOWN,VAN/MINI-VAN,PERSONAL,W,SLOW/STOP IN TRAFFIC,,,1,,,,,,,,,,,,,,,,Y,,FRONT,,,,,,,,,,,,,,,,,,,,,,,,,,,,,,,,,
2132472,7fcde4cb92a16e00daa523f245336c5c61fa7900a980fe5a7f2d5702ff6e9621a5721460f1c7d68dde69f2625484ebeab5e6d9f2a542035ee320f9303f521bd0,08/17/2025 03:30:00 PM,2,DRIVER,,2032809,,JEEP,GRAND CHEROKEE,IL,2024,UNKNOWN,SPORT UTILITY VEHICLE (SUV),PERSONAL,W,SLOW/STOP IN TRAFFIC,,,1,,,,,,,,,,Y,,,,,,Y,,REAR,,,,,,,,,,,,,,,,,,,,,,,,,,,,,,,,,
2132473,7fcde4cb92a16e00daa523f245336c5c61fa7900a980fe5a7f2d5702ff6e9621a5721460f1c7d68dde69f2625484ebeab5e6d9f2a542035ee320f9303f521bd0,08/17/2025 03:30:00 PM,3,DRIVER,,2032814,,DODGE,OTHER (EXPLAIN IN NARRATIVE),IL,2017,UNKNOWN,UNKNOWN/NA,PERSONAL,W,SLOW/STOP IN TRAFFIC,,,1,,,,,,,,,,Y,,,,,,,,REAR,,,,,,,,,,,,,,,,,,,,,,,,,,,,,,,,,
2130628,4304e6fb8f46f654c7831d3f8cbf539fa7be197541465f94c57c3a5883c68ef88298808485a020f2d3b069ef33096e6869b2f73eef6eb32ff2323b12ef7b15b4,08/17/2025 03:20:00 PM,1,DRIVER,,2031108,,VOLVO,XC4,IL,2021,NONE,PASSENGER,PERSONAL,UNKNOWN,STRAIGHT AHEAD,,,1,,,,,Y,,,,,,,,,,,,,FRONT-RIGHT-CORNER,,,,,,,,,,,,,,,,,,,,,,,,,,,,,,,,,
2130642,4304e6fb8f46f654c7831d3f8cbf539fa7be197541465f94c57c3a5883c68ef88298808485a020f2d3b069ef33096e6869b2f73eef6eb32ff2323b12ef7b15b4,08/17/2025 03:20:00 PM,2,PEDESTRIAN,,,,,,,,,,,,,,,,,,,,,,,,,,,,,,,,,,,,,,,,,,,,,,,,,,,,,,,,,,,,,,,,,,
2130736,e2d9dd7e7d26ee2c01d0530be030f694639d12ef39c96a4b5a02802205fca954e4f39652e768cb8016c9db07d84623798430b30a25c1207637b326e70adcf2a5,08/17/2025 03:20:00 PM,1,DRIVER,1,2031182,,TOYOTA,COROLLA,IL,2017,UNKNOWN,PASSENGER,PERSONAL,E,UNKNOWN/NA,,,2,,,,,N,,,,,,,,,,Y,,,FRONT-LEFT-CORNER,,,,,,,,,,,,,,,,,,,,,,,,,,,,,,,,,
2130737,e2d9dd7e7d26ee2c01d0530be030f694639d12ef39c96a4b5a02802205fca954e4f39652e768cb8016c9db07d84623798430b30a25c1207637b326e70adcf2a5,08/17/2025 03:20:00 PM,2,DRIVER,,2031183,,MAZDA,MAZDA3,IL,2015,UNKNOWN,UNKNOWN/NA,PERSONAL,E,STRAIGHT AHEAD,,,1,,,,,,,,,,,,,,,,,,FRONT-RIGHT-CORNER,,,,,,,,,,,,,,,,,,,,,,,,,,,,,,,,,
2130573,c6e88222fff798b2a2c7ab2c7330e1d22c8a4167d4027fd44cc4abdd6e21c68409221042cf60aed5f870efeee4bdc45d15f8be2736035f6eb17b1ff64dec3d0b,08/17/2025 03:15:00 PM,1,DRIVER,,2031046,,RIVIAN,R1S,IL,2022,UNKNOWN,OTHER,OTHER,E,U-TURN,,,1,,,,,,,,,,,,Y,Y,Y,,,,SIDE-LEFT,,,,,,,,,,,,,,,,,,,,,,,,,,,,,,,,,
2130574,c6e88222fff798b2a2c7ab2c7330e1d22c8a4167d4027fd44cc4abdd6e21c68409221042cf60aed5f870efeee4bdc45d15f8be2736035f6eb17b1ff64dec3d0b,08/17/2025 03:15:00 PM,2,DRIVER,,2031055,,CHEVROLET,EQUINOX,IL,2019,UNKNOWN,PASSENGER,PERSONAL,N,SLOW/STOP IN TRAFFIC,,,1,,,,,Y,,,,,,,,,Y,Y,Y,,FRONT,,,,,,,,,,,,,,,,,,,,,,,,,,,,,,,,,
2130605,fb7abb713cf2be48ca50217c5e27d82c2d9c14b53653e25f4d9d4380853774e3113a5f713629381ca00ed77220213759b78c2d0c3bee915790647e5e892040fe,08/17/2025 03:10:00 PM,1,DRIVER,1,2031082,,UNKNOWN,OTHER (EXPLAIN IN NARRATIVE),,,UNKNOWN,UNKNOWN/NA,UNKNOWN/NA,N,UNKNOWN/NA,,,2,,,,,,,,,,,,,,,,,Y,FRONT,,,,,,,,,,,,,,,,,,,,,,,,,,,,,,,,,
2130606,fb7abb713cf2be48ca50217c5e27d82c2d9c14b53653e25f4d9d4380853774e3113a5f713629381ca00ed77220213759b78c2d0c3bee915790647e5e892040fe,08/17/2025 03:10:00 PM,2,DRIVER,2,2031068,,CHEVROLET,EQUINOX,IN,2023,NONE,SPORT UTILITY VEHICLE (SUV),PERSONAL,N,SLOW/STOP IN TRAFFIC,,,3,,,,,,,,,,Y,,,,,,,,REAR,,,,,,,,,,,,,,,,,,,,,,,,,,,,,,,,,
2131159,62eda35cc166230d3dd4c99f3b3c6cf160d01783c256a3bdcaf15b9220532fbd90b413da08c6aa503c8c05a1a078f0ecbb23dacac95e522e7b67849e70d2e450,08/17/2025 03:00:00 PM,1,DRIVER,,2031591,,FORD,FIESTA,IL,2013,UNKNOWN,UNKNOWN/NA,UNKNOWN/NA,W,U-TURN,,,1,,,,,,,,,,,,,,,,,,UNKNOWN,,,,,,,,,,,,,,,,,,,,,,,,,,,,,,,,,
2131160,62eda35cc166230d3dd4c99f3b3c6cf160d01783c256a3bdcaf15b9220532fbd90b413da08c6aa503c8c05a1a078f0ecbb23dacac95e522e7b67849e70d2e450,08/17/2025 03:00:00 PM,2,DRIVER,,2031602,,VESPA,LXV SERIES,IL,2009,NONE,MOTORCYCLE (OVER 150CC),PERSONAL,E,STRAIGHT AHEAD,,,1,,,,,,,,,,,,,,,,Y,,FRONT,,,,,,,,,,,,,,,,,,,,,,,,,,,,,,,,,
2130563,9081d290595001a663012c88b9d47d47410a30115bb6be58b261ba9b7fa045c38e1cc84da588443d8012f868ff90c4a321d71028f09b9f32177f9089dd742df5,08/17/2025 03:00:00 PM,1,DRIVER,,2031049,,UNKNOWN,OTHER (EXPLAIN IN NARRATIVE),,,UNKNOWN,PASSENGER,PERSONAL,W,STRAIGHT AHEAD,,,1,,,,,,,,,,,,,,,,,Y,UNKNOWN,,,,,,,,,,,,,,,,,,,,,,,,,,,,,,,,,
2130564,9081d290595001a663012c88b9d47d47410a30115bb6be58b261ba9b7fa045c38e1cc84da588443d8012f868ff90c4a321d71028f09b9f32177f9089dd742df5,08/17/2025 03:00:00 PM,2,DRIVER,,2031028,,MERCEDES-BENZ,GLA,IL,2020,NONE,PASSENGER,PERSONAL,E,TURNING LEFT,,,1,,,,,Y,,,,,,,,,,,Y,,FRONT-RIGHT-CORNER,,,,,,,,,,,,,,,,,,,,,,,,,,,,,,,,,