CRASH_UNIT_ID,CRASH_RECORD_ID,CRASH_DATE,UNIT_NO,UNIT_TYPE,NUM_PASSENGERS,VEHICLE_ID,CMRC_VEH_I,MAKE,MODEL,LIC_PLATE_STATE,VEHICLE_YEAR,VEHICLE_DEFECT,VEHICLE_TYPE,VEHICLE_USE,TRAVEL_DIRECTION,MANEUVER,TOWED_I,FIRE_I,OCCUPANT_CNT,EXCEED_SPEED_LIMIT_I,TOWED_BY,TOWED_TO,AREA_00_I,AREA_01_I,AREA_02_I,AREA_03_I,AREA_04_I,AREA_05_I,AREA_06_I,AREA_07_I,AREA_08_I,AREA_09_I,AREA_10_I,AREA_11_I,AREA_12_I,AREA_99_I,FIRST_CONTACT_POINT,CMV_ID,USDOT_NO,CCMC_NO,ILCC_NO,COMMERCIAL_SRC,GVWR,CARRIER_NAME,CARRIER_STATE,CARRIER_CITY,HAZMAT_PLACARDS_I,HAZMAT_NAME,UN_NO,HAZMAT_PRESENT_I,HAZMAT_REPORT_I,HAZMAT_REPORT_NO,MCS_REPORT_I,MCS_REPORT_NO,HAZMAT_VIO_CAUSE_CRASH_I,MCS_VIO_CAUSE_CRASH_I,IDOT_PERMIT_NO,WIDE_LOAD_I,TRAILER1_WIDTH,TRAILER2_WIDTH,TRAILER1_LENGTH,TRAILER2_LENGTH,TOTAL_VEHICLE_LENGTH,AXLE_CNT,VEHICLE_CONFIG,CARGO_BODY_TYPE,LOAD_TYPE,HAZMAT_OUT_OF_SERVICE_I,MCS_OUT_OF_SERVICE_I,HAZMAT_CLASS
2130581,f2cbc58337f0aa7c998cd0fc0f13cced4a7352198685620d0a6a8b2532231f5ce199cd81c10d346f7a6cfa2ee19cbdd4a42132e27b89caf8ca102cc6a8632069,08/17/2025 03:00:00 PM,1,DRIVER,,2031058,,TOYOTA,CAMRY,IL,2012,NONE,PASSENGER,PERSONAL,S,STRAIGHT AHEAD,,,1,,,,,,,,,,,,,,Y,Y,Y,,FRONT-LEFT-CORNER,,,,,,,,,,,,,,,,,,,,,,,,,,,,,,,,,
2130582,f2cbc58337f0aa7c998cd0fc0f13cced4a7352198685620d0a6a8b2532231f5ce199cd81c10d346f7a6cfa2ee19cbdd4a42132e27b89caf8ca102cc6a8632069,08/17/2025 03:00:00 PM,2,DRIVER,1,2031066,,NISSAN,ALTIMA,VA,2023,NONE,PASSENGER,RIDESHARE SERVICE,W,STRAIGHT AHEAD,,,2,,,,,Y,Y,,,,,,,,,,Y,,FRONT-RIGHT-CORNER,,,,,,,,,,,,,,,,,,,,,,,,,,,,,,,,,
2130655,ff96b852a08f56603768aec8a1c0859739ba122d521892287462dccd575871b0cf5d677d55436727b18ed48cde2b38c63269bb529b181374ff002ce3cc1c4800,08/17/2025 03:00:00 PM,1,DRIVER,1,2031128,,BUICK,OTHER (EXPLAIN IN NARRATIVE),IL,2019,NONE,PASSENGER,PERSONAL,E,STRAIGHT AHEAD,,,2,,,,,Y,,,,,,,,,,,,,FRONT-RIGHT-CORNER,,,,,,,,,,,,,,,,,,,,,,,,,,,,,,,,,
2130656,ff96b852a08f56603768aec8a1c0859739ba122d521892287462dccd575871b0cf5d677d55436727b18ed48cde2b38c63269bb529b181374ff002ce3cc1c4800,08/17/2025 03:00:00 PM,2,PARKED,,2031132,,TOYOTA,PRIUS,IL,2015,NONE,PASSENGER,NOT IN USE,E,PARKED,,,0,,,,,,,,,,,Y,Y,,,,,,REAR-LEFT-CORNER,,,,,,,,,,,,,,,,,,,,,,,,,,,,,,,,,
2130555,91519283ab51c01b049b27026f5cabd1b67bc6fa37246ff3c6bcd67451b85ce5b26195dac75661f735ed403f26851277c57876b3756322d527ecba7e373527d1,08/17/2025 02:58:00 PM,1,DRIVER,,2031030,,FORD,EXPLORER,IL,2017,UNKNOWN,SPORT UTILITY VEHICLE (SUV),PERSONAL,W,STRAIGHT AHEAD,,,1,,,,,Y,,,,,,,,,,,,,FRONT-RIGHT-CORNER,,,,,,,,,,,,,,,,,,,,,,,,,,,,,,,,,
2130556,91519283ab51c01b049b27026f5cabd1b67bc6fa37246ff3c6bcd67451b85ce5b26195dac75661f735ed403f26851277c57876b3756322d527ecba7e373527d1,08/17/2025 02:58:00 PM,2,BICYCLE,,,,,,,,,,,,,,,,,,,,,,,,,,,,,,,,,,,,,,,,,,,,,,,,,,,,,,,,,,,,,,,,,,
2130651,b0f02c492c056b4fa0518d4927f0686036f69f3677aa20247288ad7c465ba8a1fcc1614e268e662463b85b9c5feea65aa56fada2420680732e87fffdba7411dd,08/17/2025 02:57:00 PM,1,DRIVER,,2031117,,NISSAN,SENTRA,IL,2019,UNKNOWN,PASSENGER,UNKNOWN/NA,N,STRAIGHT AHEAD,,,1,,,,,Y,Y,Y,,,,,,,,,,N,FRONT-RIGHT-CORNER,,,,,,,,,,,,,,,,,,,,,,,,,,,,,,,,,
2130652,b0f02c492c056b4fa0518d4927f0686036f69f3677aa20247288ad7c465ba8a1fcc1614e268e662463b85b9c5feea65aa56fada2420680732e87fffdba7411dd,08/17/2025 02:57:00 PM,2,DRIVER,,2031126,,HONDA,FIT,IL,2016,NONE,PASSENGER,PERSONAL,N,CHANGING LANES,,,1,,,,,,,,,,,Y,Y,Y,Y,Y,,,REAR-RIGHT-CORNER,,,,,,,,,,,,,,,,,,,,,,,,,,,,,,,,,
2130626,a8b2125b88df925d2b6dd2afd7e80e0c2ec959ea610c0c0bc62012350146081e7561a4542b6a05a4882ebaa795498ad693b2b328c227fa953750e9bd545fa628,08/17/2025 02:54:00 PM,1,DRIVER,,2031089,,HYUNDAI,ELANTRA,IL,2025,UNKNOWN,PASSENGER,PERSONAL,E,U-TURN,Y,,1,,AAA,UNKNOWN,,,,,,,,Y,Y,Y,Y,Y,,,SIDE-LEFT,,,,,,,,,,,,,,,,,,,,,,,,,,,,,,,,,
2130627,a8b2125b88df925d2b6dd2afd7e80e0c2ec959ea610c0c0bc62012350146081e7561a4542b6a05a4882ebaa795498ad693b2b328c227fa953750e9bd545fa628,08/17/2025 02:54:00 PM,2,DRIVER,1,2031098,,DODGE,DURANGO,IL,2017,UNKNOWN,PASSENGER,PERSONAL,E,STRAIGHT AHEAD,,,2,,,,,Y,,,,,,,,,,Y,Y,,FRONT,,,,,,,,,,,,,,,,,,,,,,,,,,,,,,,,,
2131224,42ba2e67102cf1a872a90fb9a68c81bfc4524d199e56e5ba6224ec570665f1fa73f75aadb428a53eb636ee191eb1c269271d5c75ba0cbd7a40f023d768bfa5b5,08/17/2025 02:52:00 PM,1,DRIVER,,2031657,,HYUNDAI,ELANTRA,IL,2017,UNKNOWN,PASSENGER,PERSONAL,N,UNKNOWN/NA,,,1,,,,,,,,,,,,,,,,Y,N,UNKNOWN,,,,,,,,,,,,,,,,,,,,,,,,,,,,,,,,,
2131225,42ba2e67102cf1a872a90fb9a68c81bfc4524d199e56e5ba6224ec570665f1fa73f75aadb428a53eb636ee191eb1c269271d5c75ba0cbd7a40f023d768bfa5b5,08/17/2025 02:52:00 PM,2,DRIVER,,2031667,,GENERAL MOTORS CORPORATION (GMC),YUKON,IL,2023,UNKNOWN,UNKNOWN/NA,UNKNOWN/NA,UNKNOWN,TURNING LEFT,,,1,,,,Y,,,,,,,,,,,,,N,FRONT-RIGHT-CORNER,,,,,,,,,,,,,,,,,,,,,,,,,,,,,,,,,
2130537,48a40d2d1fe0f5a5e70cda9967dfbe872b73bf7ed5ff8299a91c56fab4637e4d8bf44d060c09e52974aa196c39a6531430f1b0c2019ba0959c43e53854dd817c,08/17/2025 02:50:00 PM,1,DRIVER,,2031013,,UNKNOWN,MOTORIZED,,,UNKNOWN,UNKNOWN/NA,UNKNOWN/NA,UNKNOWN,UNKNOWN/NA,,,1,,,,,,,,,,,,,,,,,Y,UNKNOWN,,,,,,,,,,,,,,,,,,,,,,,,,,,,,,,,,
2130538,48a40d2d1fe0f5a5e70cda9967dfbe872b73bf7ed5ff8299a91c56fab4637e4d8bf44d060c09e52974aa196c39a6531430f1b0c2019ba0959c43e53854dd817c,08/17/2025 02:50:00 PM,2,PARKED,,2031012,,TOYOTA,CAMRY,IL,2021,UNKNOWN,PASSENGER,PERSONAL,E,PARKED,,,0,,,,,,,,,,,Y,Y,,,,,,REAR-LEFT-CORNER,,,,,,,,,,,,,,,,,,,,,,,,,,,,,,,,,
2130571,b438f6d3478fda8376bc6877c72f1dc96cb74fa92b7ccdfae8bb6d785cfe082a2201b0cd17e30f7019054eb952e1600428980cf4b3400c926ab1f76ab748069f,08/17/2025 02:49:00 PM,1,DRIVER,,2031034,,CHEVROLET,CRUZE,WI,2015,UNKNOWN,PASSENGER,PERSONAL,S,STRAIGHT AHEAD,,,1,,,,,,,,,,,,,,,Y,Y,,FRONT-LEFT-CORNER,,,,,,,,,,,,,,,,,,,,,,,,,,,,,,,,,
2130572,b438f6d3478fda8376bc6877c72f1dc96cb74fa92b7ccdfae8bb6d785cfe082a2201b0cd17e30f7019054eb952e1600428980cf4b3400c926ab1f76ab748069f,08/17/2025 02:49:00 PM,2,DRIVER,,2031039,,CHEVROLET,CAMARO,IL,2021,NONE,PASSENGER,PERSONAL,S,SLOW/STOP IN TRAFFIC,,,1,,,,,,,,,Y,Y,,,,,,,,REAR-RIGHT-CORNER,,,,,,,,,,,,,,,,,,,,,,,,,,,,,,,,,
2130640,ff39424c5c31e96aebd55d30308e4c6b5290f7168ff003d2037042f5d1619b5d311693796068de1a30e66f7d13e2924ca3f2d66155785bbe1439c417e1aeadde,08/17/2025 02:45:00 PM,1,DRIVER,1,2031107,,JEEP,LAREDO,IL,2018,NONE,PASSENGER,PERSONAL,S,PASSING/OVERTAKING,,,2,,,,,,,,,,,Y,Y,,,,,,SIDE-LEFT-REAR,,,,,,,,,,,,,,,,,,,,,,,,,,,,,,,,,
2130641,ff39424c5c31e96aebd55d30308e4c6b5290f7168ff003d2037042f5d1619b5d311693796068de1a30e66f7d13e2924ca3f2d66155785bbe1439c417e1aeadde,08/17/2025 02:45:00 PM,2,DRIVER,3,2031111,,HYUNDAI,ACCENT,IL,2018,NONE,PASSENGER,PERSONAL,S,STRAIGHT AHEAD,,,4,,,,,Y,Y,,,,,,,,,,,,FRONT-RIGHT-CORNER,,,,,,,,,,,,,,,,,,,,,,,,,,,,,,,,,
2130545,67d5156c3d17508343860100863e69af2746d5eedb12107900404acaed47e2f79aabbbe44723734c1196a2cdbd3af008b8ce027c0097aba635d7105e893df725,08/17/2025 02:40:00 PM,1,DRIVER,1,2031023,,UNKNOWN,OTHER (EXPLAIN IN NARRATIVE),IL,,NONE,TRUCK - SINGLE UNIT,OTHER,SE,TURNING LEFT,,,2,,,,,,,,,,,,,,,,,Y,UNKNOWN,,,,,,,,,,,,,,,,,,,,,,,,,,,,,,,,,
2130546,67d5156c3d17508343860100863e69af2746d5eedb12107900404acaed47e2f79aabbbe44723734c1196a2cdbd3af008b8ce027c0097aba635d7105e893df725,08/17/2025 02:40:00 PM,2,DRIVER,3,2031045,,VOLVO,XC90,IL,2016,NONE,PASSENGER,PERSONAL,N,SLOW/STOP IN TRAFFIC,,,4,,,,,Y,,,,,,,,,Y,Y,Y,,FRONT-LEFT-CORNER,,,,,,,,,,,,,,,,,,,,,,,,,,,,,,,,,
2130587,07bb12fc93367d34f700b55ae5cafe57f7ef0edc424e02197dcbc5dbee0205c43387768e2ade1bbe5a4b52713aa0ce26fbd49cedd67f1e32e727f90fdc3bd5b4,08/17/2025 02:30:00 PM,1,DRIVER,,2031052,,UNKNOWN,OTHER (EXPLAIN IN NARRATIVE),,,UNKNOWN,UNKNOWN/NA,UNKNOWN/NA,UNKNOWN,UNKNOWN/NA,,,1,,,,,,,,,,,,,,,,,Y,UNKNOWN,,,,,,,,,,,,,,,,,,,,,,,,,,,,,,,,,
2130588,07bb12fc93367d34f700b55ae5cafe57f7ef0edc424e02197dcbc5dbee0205c43387768e2ade1bbe5a4b52713aa0ce26fbd49cedd67f1e32e727f90fdc3bd5b4,08/17/2025 02:30:00 PM,2,PARKED,,2031060,,VOLVO,XC60,IL,2018,UNKNOWN,PASSENGER,UNKNOWN/NA,S,PARKED,,,0,,,,,Y,Y,,,,,,,,Y,Y,Y,,SIDE-LEFT-FRONT,,,,,,,,,,,,,,,,,,,,,,,,,,,,,,,,,
2130525,62afd40b38994d6e52416cdd93055e7e0e9424e392f39f71c8d65b24b6b9b59bdab58d84a0b4973d7ba1729d49aa9b0f57bb6259a623b061c7a20019e1124c46,08/17/2025 02:30:00 PM,1,DRIVER,,2030997,,JEEP,WRANGLER,IL,2022,UNKNOWN,PASSENGER,PERSONAL,N,STRAIGHT AHEAD,,,1,,,,,Y,,,,,,,,,,Y,Y,,FRONT,,,,,,,,,,,,,,,,,,,,,,,,,,,,,,,,,
2130526,62afd40b38994d6e52416cdd93055e7e0e9424e392f39f71c8d65b24b6b9b59bdab58d84a0b4973d7ba1729d49aa9b0f57bb6259a623b061c7a20019e1124c46,08/17/2025 02:30:00 PM,2,DRIVER,1,2031001,,MERCEDES-BENZ,OTHER (EXPLAIN IN NARRATIVE),IL,2024,UNKNOWN,PASSENGER,PERSONAL,N,SLOW/STOP IN TRAFFIC,,,2,,,,,,,,,Y,Y,Y,,,,,,,REAR,,,,,,,,,,,,,,,,,,,,,,,,,,,,,,,,,
2130645,6929a793814b031c4842bd3b1f3f442c0f6b71937f5abd3e37d5ddf41c735d9a3167b4eaed81846bd09880640a4f9d71f0f7d7dab5d3184a1c6b13dca148356d,08/17/2025 02:30:00 PM,1,DRIVER,,2031113,,CHEVROLET,COLORADO,IL,2019,UNKNOWN,PICKUP,UNKNOWN/NA,N,TURNING LEFT,,,1,,,,,Y,Y,Y,Y,,,,,,,,,,SIDE-RIGHT,,,,,,,,,,,,,,,,,,,,,,,,,,,,,,,,,
2130646,6929a793814b031c4842bd3b1f3f442c0f6b71937f5abd3e37d5ddf41c735d9a3167b4eaed81846bd09880640a4f9d71f0f7d7dab5d3184a1c6b13dca148356d,08/17/2025 02:30:00 PM,2,DRIVER,1,2031125,,TOYOTA,RAV4,IL,2016,NONE,SPORT UTILITY VEHICLE (SUV),PERSONAL,N,TURNING LEFT,,,2,,,,,,,,,,,,,Y,Y,Y,,,FRONT-LEFT-CORNER,,,,,,,,,,,,,,,,,,,,,,,,,,,,,,,,,
2133039,ada6e24d6d0e8503b00fd543f81bf674365e8514afa905ec32e357f1ca63ea087374e007c8e855ae3fd14643246dd4594b2eea127279a6d429749bb557317176,08/17/2025 02:30:00 PM,1,DRIVER,,2033785,,HONDA,CIVIC,IN,2019,UNKNOWN,PASSENGER,PERSONAL,E,MERGING,,,1,,,,,,,,,,,,,,,,,Y,UNKNOWN,,,,,,,,,,,,,,,,,,,,,,,,,,,,,,,,,
2133040,ada6e24d6d0e8503b00fd543f81bf674365e8514afa905ec32e357f1ca63ea087374e007c8e855ae3fd14643246dd4594b2eea127279a6d429749bb557317176,08/17/2025 02:30:00 PM,2,DRIVER,,2033803,,CADILLAC,ESCALADE,IL,2008,UNKNOWN,PASSENGER,PERSONAL,E,STRAIGHT AHEAD,Y,,1,,PERSONAL,,,Y,,,,,,,,,,,,,FRONT-RIGHT-CORNER,,,,,,,,,,,,,,,,,,,,,,,,,,,,,,,,,
2130687,e8cfaa412463c87de854281bfb27745b747ffbe7dd7b31483512d1acb8f0a8a6f1c1c5cfcc05ccd8263426ed69d738f8f3988ee305f4be3c2f6d7b82d54c7fa9,08/17/2025 02:30:00 PM,1,DRIVER,,2031160,,CHEVROLET,MALIBU,IL,,NONE,PASSENGER,PERSONAL,N,BACKING,,,1,,,,Y,,,,,,,,,,,,,,REAR,,,,,,,,,,,,,,,,,,,,,,,,,,,,,,,,,
2130688,e8cfaa412463c87de854281bfb27745b747ffbe7dd7b31483512d1acb8f0a8a6f1c1c5cfcc05ccd8263426ed69d738f8f3988ee305f4be3c2f6d7b82d54c7fa9,08/17/2025 02:30:00 PM,2,DRIVERLESS,,2031156,,JEEP,JEEP,IL,2025,UNKNOWN,UNKNOWN/NA,UNKNOWN/NA,E,PARKED,,,0,,,,Y,,,,,,,,,,,,,,SIDE-LEFT-FRONT,,,,,,,,,,,,,,,,,,,,,,,,,,,,,,,,,
2132163,ff75474c9578035c15dc821c2bb642d37e04c45c8949c5f83a837ef757a454404cb371f8a1e1f1d977c059e71ff9fa99bec73d5da1ddc3e9624db252e1b2e7af,08/17/2025 02:30:00 PM,1,DRIVER,,2032515,,YAMAHA,YAMAHA,IL,2020,NONE,MOTORCYCLE (OVER 150CC),PERSONAL,E,STRAIGHT AHEAD,,,1,,,,,Y,,,,,,,,,,,,,FRONT-RIGHT-CORNER,,,,,,,,,,,,,,,,,,,,,,,,,,,,,,,,,
2132164,ff75474c9578035c15dc821c2bb642d37e04c45c8949c5f83a837ef757a454404cb371f8a1e1f1d977c059e71ff9fa99bec73d5da1ddc3e9624db252e1b2e7af,08/17/2025 02:30:00 PM,2,PARKED,,2032524,,INFINITI,QX60,IL,2020,NONE,PASSENGER,PERSONAL,E,PARKED,,,0,,,,,,,,,,Y,Y,,,,,,,SIDE-LEFT-REAR,,,,,,,,,,,,,,,,,,,,,,,,,,,,,,,,,
2133043,5c83b9f1e7ba382d2933843a122a807eeabb49089eb75d1b08b431202362cc9ac30c9735e91a21e186532f8e02cdcee1636b258c30cc25fa514a93e3595f4860,08/17/2025 02:15:00 PM,1,DRIVER,,2033370,,TOYOTA,AVALON,IL,2019,UNKNOWN,PASSENGER,PERSONAL,W,CHANGING LANES,,,1,,,,,,,,,,,,,,,,,Y,UNKNOWN,,,,,,,,,,,,,,,,,,,,,,,,,,,,,,,,,
2133044,5c83b9f1e7ba382d2933843a122a807eeabb49089eb75d1b08b431202362cc9ac30c9735e91a21e186532f8e02cdcee1636b258c30cc25fa514a93e3595f4860,08/17/2025 02:15:00 PM,2,DRIVER,,2033373,,NISSAN,ALTIMA,IL,2009,NONE,PASSENGER,NOT IN USE,W,STRAIGHT AHEAD,,,1,,,,,Y,,,,,,,,,,Y,Y,,FRONT,,,,,,,,,,,,,,,,,,,,,,,,,,,,,,,,,
2130631,7af573405a972c13b9f1865111385f038c79fe6ee4008299684bb8697d494569b751c74ef3951a75e3bf24c8239124b7b1b71f0bc4de95d522c7ad1441fc24ea,08/17/2025 02:10:00 PM,1,DRIVER,,2031100,,UNKNOWN,OTHER (EXPLAIN IN NARRATIVE),,,UNKNOWN,PASSENGER,UNKNOWN/NA,E,STRAIGHT AHEAD,,,1,,,,,Y,,,,,,,,,,,,,FRONT-RIGHT-CORNER,,,,,,,,,,,,,,,,,,,,,,,,,,,,,,,,,
2130632,7af573405a972c13b9f1865111385f038c79fe6ee4008299684bb8697d494569b751c74ef3951a75e3bf24c8239124b7b1b71f0bc4de95d522c7ad1441fc24ea,08/17/2025 02:10:00 PM,2,DRIVER,,2031104,,FORD,EDGE,IL,2010,NONE,PASSENGER,PERSONAL,N,TURNING RIGHT,,,1,,,,,,,,,,,,,,,Y,,,FRONT-LEFT-CORNER,,,,,,,,,,,,,,,,,,,,,,,,,,,,,,,,,
2130615,a0f05577e963a515154ad5ef67f7db5b5425976b8d51738a6e272fb096989a04db900182184a2f835310767dab56a7d3673d6cd66d166cd279d2e611a6635308,08/17/2025 02:10:00 PM,1,DRIVER,,2031079,,UNKNOWN,MOTORIZED,,,UNKNOWN,UNKNOWN/NA,UNKNOWN/NA,N,STRAIGHT AHEAD,,,1,,,,,Y,,,,,,,,,,,Y,,FRONT-RIGHT-CORNER,,,,,,,,,,,,,,,,,,,,,,,,,,,,,,,,,
2130616,a0f05577e963a515154ad5ef67f7db5b5425976b8d51738a6e272fb096989a04db900182184a2f835310767dab56a7d3673d6cd66d166cd279d2e611a6635308,08/17/2025 02:10:00 PM,2,DRIVER,,2031093,,ACURA,ADX,IL,2017,NONE,SPORT UTILITY VEHICLE (SUV),PERSONAL,E,STRAIGHT AHEAD,,,1,,,,,,,,Y,Y,Y,,,,,,,,REAR-RIGHT-CORNER,,,,,,,,,,,,,,,,,,,,,,,,,,,,,,,,,
2130703,71fd6e415f7512a36ea383068797d5ed0ea25653ca9c384a0eddcf0058086337df5c91332dc983b79481ba34f19d7f7ff6c959ba85f3dc5ec200776e5022d95f,08/17/2025 02:00:00 PM,1,DRIVER,,2031169,,UNKNOWN,OTHER (EXPLAIN IN NARRATIVE),,,UNKNOWN,TRUCK - SINGLE UNIT,COMMERCIAL - SINGLE UNIT,N,STRAIGHT AHEAD,,,1,,,,,Y,,,,,,,,,,,,,FRONT-RIGHT-CORNER,,,,,,,,,,,,,,,,,,,,,,,,,,,,,,,,,
2130704,71fd6e415f7512a36ea383068797d5ed0ea25653ca9c384a0eddcf0058086337df5c91332dc983b79481ba34f19d7f7ff6c959ba85f3dc5ec200776e5022d95f,08/17/2025 02:00:00 PM,2,PARKED,,2031170,,GENERAL MOTORS CORPORATION (GMC),TERRAIN,,2014,UNKNOWN,SPORT UTILITY VEHICLE (SUV),NOT IN USE,S,PARKED,,,0,,,,,,,,,,,,,,,Y,,,FRONT-LEFT-CORNER,,,,,,,,,,,,,,,,,,,,,,,,,,,,,,,,,
2130592,e7e965f1ae17ba8edf6a3666837a51520e99baed0cf3c786820ff7261e10c0693e872c3c663e80169c50ba5835f72cbb15672ca6017c8719695cf2eba8f28afc,08/17/2025 02:00:00 PM,1,DRIVER,,2031061,,UNKNOWN,MOTORIZED,IL,,UNKNOWN,BUS OVER 15 PASS.,CTA,N,STRAIGHT AHEAD,,,1,,,,,Y,,,,,,,,,,,,N,FRONT-RIGHT-CORNER,,,,,,,,,,,,,,,,,,,,,,,,,,,,,,,,,
2130593,e7e965f1ae17ba8edf6a3666837a51520e99baed0cf3c786820ff7261e10c0693e872c3c663e80169c50ba5835f72cbb15672ca6017c8719695cf2eba8f28afc,08/17/2025 02:00:00 PM,2,PARKED,,2031062,,FORD,OTHER (EXPLAIN IN NARRATIVE),IL,2017,UNKNOWN,TRUCK - SINGLE UNIT,COMMERCIAL - SINGLE UNIT,N,PARKED,,,0,,,,,,,,,,,Y,Y,Y,Y,,,,SIDE-RIGHT,,,,,,,,,,,,,,,,,,,,,,,,,,,,,,,,,
2131279,fd38884c12b125e32a573636e90e7f9250f9ffb783b35b32cd2a472b9024a2f26cf3e9582be72946565118e6bdf42c9da924903e98732330674c7dc47b480fb9,08/17/2025 02:00:00 PM,2,DRIVER,,2031705,,DODGE,DURANGO,IL,2023,NONE,SPORT UTILITY VEHICLE (SUV),PERSONAL,E,STRAIGHT AHEAD,,,1,,,,,,,,,,,,,,,,,,SIDE-LEFT-REAR,,,,,,,,,,,,,,,,,,,,,,,,,,,,,,,,,
2131280,fd38884c12b125e32a573636e90e7f9250f9ffb783b35b32cd2a472b9024a2f26cf3e9582be72946565118e6bdf42c9da924903e98732330674c7dc47b480fb9,08/17/2025 02:00:00 PM,1,DRIVER,,2031709,,MERCEDES-BENZ,AMG GT,IL,2014,NONE,PASSENGER,NOT IN USE,E,U-TURN,,,1,,,,,,,,,,,,,,,,,,REAR-LEFT-CORNER,,,,,,,,,,,,,,,,,,,,,,,,,,,,,,,,,
2130520,f44a02c8f9cbd33b7960a5032845a686702632014e8179af7ad814f392ac7d54b8325bb6de122cd8be60b562cbe4936742c4add5be051096ed1ba79a2404971d,08/17/2025 01:57:00 PM,1,DRIVER,,2031003,,UNKNOWN,OTHER (EXPLAIN IN NARRATIVE),XX,,UNKNOWN,TRUCK - SINGLE UNIT,UNKNOWN/NA,NW,UNKNOWN/NA,,,1,,,,,,N,N,N,N,,,,,,,,Y,SIDE-RIGHT,,,,,,,,,,,,,,,,,,,,,,,,,,,,,,,,,
2130579,eafb67ce82977397d3bb398336890d232655e0b9415722f711e99d1b9fbc0f8bf91589bc569a3d6f264332f1e243a2979663ee8b8c6dbeec763e6406ffae2150,08/17/2025 01:55:00 PM,1,DRIVER,1,2031074,,TOYOTA,PRIUS,IN,2018,NONE,PASSENGER,PERSONAL,N,STRAIGHT AHEAD,,,2,,,,,,,,,,,,,,,,Y,,FRONT,,,,,,,,,,,,,,,,,,,,,,,,,,,,,,,,,
2130580,eafb67ce82977397d3bb398336890d232655e0b9415722f711e99d1b9fbc0f8bf91589bc569a3d6f264332f1e243a2979663ee8b8c6dbeec763e6406ffae2150,08/17/2025 01:55:00 PM,2,BICYCLE,,,,,,,,,,,,,,,,,,,,,,,,,,,,,,,,,,,,,,,,,,,,,,,,,,,,,,,,,,,,,,,,,,
2130601,3e4bb679cbad60ccecec7b9648fcc9823234973280de0db1247e1fe68411a2312ae02a7aecd217203882b51c2a0527e14017877019a14eee284da726eda882ef,08/17/2025 01:50:00 PM,1,DRIVER,,2031087,,GENERAL MOTORS CORPORATION (GMC),ENVOY,IL,2017,NONE,SPORT UTILITY VEHICLE (SUV),PERSONAL,N,PASSING/OVERTAKING,,,1,,,,,,,,,,,Y,Y,Y,,,,,SIDE-LEFT,,,,,,,,,,,,,,,,,,,,,,,,,,,,,,,,,
2130602,3e4bb679cbad60ccecec7b9648fcc9823234973280de0db1247e1fe68411a2312ae02a7aecd217203882b51c2a0527e14017877019a14eee284da726eda882ef,08/17/2025 01:50:00 PM,2,DRIVER,,2031073,,HONDA,ACCORD,,2020,NONE,PASSENGER,PERSONAL,N,PASSING/OVERTAKING,Y,,1,,PERSONAL,,,Y,,,,,,,,,,,,,FRONT-RIGHT-CORNER,,,,,,,,,,,,,,,,,,,,,,,,,,,,,,,,,
2130541,635592be0ea70db1109c0b67f14aae4ee4c51ae2c2b4c857ff9b2653c3f02161cfb157e0bcac742a3835168d9c6b8582395fd1cbf36d4e55c35bd01a4027f9ba,08/17/2025 01:50:00 PM,1,DRIVER,,2031016,,UNKNOWN,OTHER (EXPLAIN IN NARRATIVE),,,UNKNOWN,UNKNOWN/NA,UNKNOWN/NA,SE,MERGING,,,1,,,,,,,,,,,,,,,,,Y,UNKNOWN,,,,,,,,,,,,,,,,,,,,,,,,,,,,,,,,,
2130542,635592be0ea70db1109c0b67f14aae4ee4c51ae2c2b4c857ff9b2653c3f02161cfb157e0bcac742a3835168d9c6b8582395fd1cbf36d4e55c35bd01a4027f9ba,08/17/2025 01:50:00 PM,2,DRIVER,,2031021,,CHRYSLER,VOYAGER,IL,2023,UNKNOWN,UNKNOWN/NA,UNKNOWN/NA,S,STRAIGHT AHEAD,,,1,,,,,,,,,,,,,,,,,,UNKNOWN,,,,,,,,,,,,,,,,,,,,,,,,,,,,,,,,,
2131032,9c14f469923e654f2e5999d71d6e92e2221527af19a2fb0bf4b83b4bd087d695b39db705d90b2cab485ef91b49cb6b90670c01c16ebbb47623dee7318c8584e2,08/17/2025 01:50:00 PM,1,DRIVER,,2031501,,DODGE,DAYTONA,IL,2023,NONE,PASSENGER,PERSONAL,W,STRAIGHT AHEAD,,,1,,,,,,,,,,,,,,,,Y,,FRONT,,,,,,,,,,,,,,,,,,,,,,,,,,,,,,,,,
2131033,9c14f469923e654f2e5999d71d6e92e2221527af19a2fb0bf4b83b4bd087d695b39db705d90b2cab485ef91b49cb6b90670c01c16ebbb47623dee7318c8584e2,08/17/2025 01:50:00 PM,2,DRIVER,,2031474,,TOYOTA,PRIUS,MO,2019,NONE,PASSENGER,PERSONAL,W,SLOW/STOP IN TRAFFIC,,,1,,,,,Y,,,,Y,Y,Y,,,,Y,Y,,REAR,,,,,,,,,,,,,,,,,,,,,,,,,,,,,,,,,