CRASH_UNIT_ID,CRASH_RECORD_ID,CRASH_DATE,UNIT_NO,UNIT_TYPE,NUM_PASSENGERS,VEHICLE_ID,CMRC_VEH_I,MAKE,MODEL,LIC_PLATE_STATE,VEHICLE_YEAR,VEHICLE_DEFECT,VEHICLE_TYPE,VEHICLE_USE,TRAVEL_DIRECTION,MANEUVER,TOWED_I,FIRE_I,OCCUPANT_CNT,EXCEED_SPEED_LIMIT_I,TOWED_BY,TOWED_TO,AREA_00_I,AREA_01_I,AREA_02_I,AREA_03_I,AREA_04_I,AREA_05_I,AREA_06_I,AREA_07_I,AREA_08_I,AREA_09_I,AREA_10_I,AREA_11_I,AREA_12_I,AREA_99_I,FIRST_CONTACT_POINT,CMV_ID,USDOT_NO,CCMC_NO,ILCC_NO,COMMERCIAL_SRC,GVWR,CARRIER_NAME,CARRIER_STATE,CARRIER_CITY,HAZMAT_PLACARDS_I,HAZMAT_NAME,UN_NO,HAZMAT_PRESENT_I,HAZMAT_REPORT_I,HAZMAT_REPORT_NO,MCS_REPORT_I,MCS_REPORT_NO,HAZMAT_VIO_CAUSE_CRASH_I,MCS_VIO_CAUSE_CRASH_I,IDOT_PERMIT_NO,WIDE_LOAD_I,TRAILER1_WIDTH,TRAILER2_WIDTH,TRAILER1_LENGTH,TRAILER2_LENGTH,TOTAL_VEHICLE_LENGTH,AXLE_CNT,VEHICLE_CONFIG,CARGO_BODY_TYPE,LOAD_TYPE,HAZMAT_OUT_OF_SERVICE_I,MCS_OUT_OF_SERVICE_I,HAZMAT_CLASS
2131034,9c14f469923e654f2e5999d71d6e92e2221527af19a2fb0bf4b83b4bd087d695b39db705d90b2cab485ef91b49cb6b90670c01c16ebbb47623dee7318c8584e2,08/17/2025 01:50:00 PM,3,DRIVER,,2031504,,LEXUS,OTHER (EXPLAIN IN NARRATIVE),IL,,NONE,PASSENGER,PERSONAL,W,SLOW/STOP IN TRAFFIC,,,1,,,,,,,,,,Y,,,,,,,,REAR,,,,,,,,,,,,,,,,,,,,,,,,,,,,,,,,,
2130516,405683ab542252dd34c197e14bdf36ce51c2c408fb79e67454c5d84e865ed2d66f7f3d2eb9267cf24734443a543b97cc172f6454ce8eb2219d725fa5d83a1017,08/17/2025 01:48:00 PM,1,DRIVER,2,2031005,,DODGE,CHALLENGER,IN,2015,NONE,PASSENGER,PERSONAL,E,STRAIGHT AHEAD,,,3,,,,,,,,,,,,,,,Y,Y,,FRONT,,,,,,,,,,,,,,,,,,,,,,,,,,,,,,,,,
2130517,405683ab542252dd34c197e14bdf36ce51c2c408fb79e67454c5d84e865ed2d66f7f3d2eb9267cf24734443a543b97cc172f6454ce8eb2219d725fa5d83a1017,08/17/2025 01:48:00 PM,2,DRIVER,,2031010,,CHEVROLET,EQUINOX,IL,2013,NONE,PASSENGER,PERSONAL,E,STRAIGHT AHEAD,,,1,,,,,,,,,,Y,,,,,,,,REAR,,,,,,,,,,,,,,,,,,,,,,,,,,,,,,,,,
2130561,3ddbf6024f7139d1796774a3581c0b56351769d8ae2ce63dc0dead0fe1e2cd2a3cb4b382be14abfc3bb88bfa57f0490b77d289ef42ad5034bf4a4450cbc1c5ed,08/17/2025 01:46:00 PM,1,DRIVER,,2031031,,UNKNOWN,MOTORIZED,,,UNKNOWN,UNKNOWN/NA,UNKNOWN/NA,N,PASSING/OVERTAKING,,,1,,,,,,,,,,,,,,,Y,,,FRONT-LEFT-CORNER,,,,,,,,,,,,,,,,,,,,,,,,,,,,,,,,,
2130562,3ddbf6024f7139d1796774a3581c0b56351769d8ae2ce63dc0dead0fe1e2cd2a3cb4b382be14abfc3bb88bfa57f0490b77d289ef42ad5034bf4a4450cbc1c5ed,08/17/2025 01:46:00 PM,2,DRIVER,1,2031027,,NISSAN,ROGUE,IL,2020,UNKNOWN,SPORT UTILITY VEHICLE (SUV),PERSONAL,N,STRAIGHT AHEAD,,,2,,,,,,Y,Y,,,,,,,,,,,SIDE-RIGHT-FRONT,,,,,,,,,,,,,,,,,,,,,,,,,,,,,,,,,
2132181,dd60413fcd9c1abf2d4205b5e99eea3e2a7d3994ff1aa9fdc6c978a1bfb9e5dea08332e24b5fc4448ba08b3ec67e80d82beedba2ce4b199b22d4179a362fe5df,08/17/2025 01:43:00 PM,1,DRIVER,,2032533,,DODGE,RAM 1500 PU,IL,2020,NONE,PICKUP,PERSONAL,S,OTHER,,,1,,,,Y,,,,,,,,,,,,,Y,SIDE-LEFT-REAR,,,,,,,,,,,,,,,,,,,,,,,,,,,,,,,,,
2132182,dd60413fcd9c1abf2d4205b5e99eea3e2a7d3994ff1aa9fdc6c978a1bfb9e5dea08332e24b5fc4448ba08b3ec67e80d82beedba2ce4b199b22d4179a362fe5df,08/17/2025 01:43:00 PM,2,DRIVER,,2032534,,CHEVROLET,EQUINOX,IL,2008,UNKNOWN,UNKNOWN/NA,UNKNOWN/NA,N,STRAIGHT AHEAD,,,1,,,,,,,,,,,,Y,Y,,,,,SIDE-LEFT-REAR,,,,,,,,,,,,,,,,,,,,,,,,,,,,,,,,,
2130513,9ab1e5091a19ce1accfe8291abf5002f5fffd7c9979672a7575551739716f34094577da6b40a87999d25183a37b0e66f81e062fa5c4f2236ecaab64d079c1b4f,08/17/2025 01:39:00 PM,1,DRIVER,,2030988,,FORD,F150,IL,2010,NONE,PASSENGER,PERSONAL,W,STRAIGHT AHEAD,,,1,,,,Y,,,,,,,,,,,,,,NONE,,,,,,,,,,,,,,,,,,,,,,,,,,,,,,,,,
2130514,9ab1e5091a19ce1accfe8291abf5002f5fffd7c9979672a7575551739716f34094577da6b40a87999d25183a37b0e66f81e062fa5c4f2236ecaab64d079c1b4f,08/17/2025 01:39:00 PM,2,DRIVER,1,2030992,,CHEVROLET,BLAZER,IL,2021,NONE,PASSENGER,PERSONAL,W,STRAIGHT AHEAD,,,2,,,,,,,,,,Y,,,,,,,,REAR,,,,,,,,,,,,,,,,,,,,,,,,,,,,,,,,,
2130509,5bfc0a99fcf084595325ef1f5e8d5815bbf87fcccc80909f21b1f338d926d5e43b75fafd00a0b73ab2b63de883895fe8bf0eadafafcb1deb1aa9c963e3fcd879,08/17/2025 01:37:00 PM,1,DRIVER,,2030980,,UNKNOWN,BLIMP,,,UNKNOWN,UNKNOWN/NA,UNKNOWN/NA,UNKNOWN,UNKNOWN/NA,,,1,,,,,,,,,,,,,,,,,Y,UNKNOWN,,,,,,,,,,,,,,,,,,,,,,,,,,,,,,,,,
2130510,5bfc0a99fcf084595325ef1f5e8d5815bbf87fcccc80909f21b1f338d926d5e43b75fafd00a0b73ab2b63de883895fe8bf0eadafafcb1deb1aa9c963e3fcd879,08/17/2025 01:37:00 PM,2,PARKED,,2030982,,TOYOTA,RAV4,IL,2018,NONE,PASSENGER,PERSONAL,N,PARKED,,,0,,,,,Y,,,,,,,,,,Y,Y,,FRONT,,,,,,,,,,,,,,,,,,,,,,,,,,,,,,,,,
2130487,e97086d96289a5c5d8caee913ef982167beb671bc21842eea2112d9138c28b9c0f6a78577d9e8c8b506a4ae18f792d9b0a100ab9e5c8772140e9d4ccd266f3fa,08/17/2025 01:35:00 PM,1,DRIVER,2,2030964,,FORD,F150,IL,2006,UNKNOWN,PICKUP,UNKNOWN/NA,E,STRAIGHT AHEAD,,,3,,,,,,,,,,,,,,,,Y,,FRONT,,,,,,,,,,,,,,,,,,,,,,,,,,,,,,,,,
2130488,e97086d96289a5c5d8caee913ef982167beb671bc21842eea2112d9138c28b9c0f6a78577d9e8c8b506a4ae18f792d9b0a100ab9e5c8772140e9d4ccd266f3fa,08/17/2025 01:35:00 PM,2,DRIVER,2,2030976,,NISSAN,X-TERRA,IL,2015,UNKNOWN,PASSENGER,UNKNOWN/NA,E,SLOW/STOP IN TRAFFIC,,,3,,,,,,,,,,Y,,,,,,,,REAR,,,,,,,,,,,,,,,,,,,,,,,,,,,,,,,,,
2130594,48f868f1cca95ee1e398dc13c9218b75dc629396ffbc82cafc66bfffd5ef61b34d5a7cdbf16741e007426fded0d39decc3f7d7fde9f40d5b5ba18137b1d89ae9,08/17/2025 01:30:00 PM,1,DRIVER,1,2031064,,KIA,SEDONA,IL,2007,NONE,VAN/MINI-VAN,PERSONAL,N,BACKING,,,2,,,,N,,,,,Y,,,,,,Y,Y,,REAR-RIGHT-CORNER,,,,,,,,,,,,,,,,,,,,,,,,,,,,,,,,,
2130595,48f868f1cca95ee1e398dc13c9218b75dc629396ffbc82cafc66bfffd5ef61b34d5a7cdbf16741e007426fded0d39decc3f7d7fde9f40d5b5ba18137b1d89ae9,08/17/2025 01:30:00 PM,2,PARKED,,2031069,,TOYOTA,RAV4,IL,2025,NONE,SPORT UTILITY VEHICLE (SUV),PERSONAL,W,PARKED,,,0,,,,,,,,,Y,,,,,,,,,REAR-RIGHT-CORNER,,,,,,,,,,,,,,,,,,,,,,,,,,,,,,,,,
2130596,48f868f1cca95ee1e398dc13c9218b75dc629396ffbc82cafc66bfffd5ef61b34d5a7cdbf16741e007426fded0d39decc3f7d7fde9f40d5b5ba18137b1d89ae9,08/17/2025 01:30:00 PM,3,PARKED,,2031075,,TOYOTA,PRIUS,IL,2022,NONE,PASSENGER,PERSONAL,W,PARKED,Y,,0,,INSURANCE,,,,,,,Y,,Y,,,,,,,REAR-LEFT-CORNER,,,,,,,,,,,,,,,,,,,,,,,,,,,,,,,,,
2130597,48f868f1cca95ee1e398dc13c9218b75dc629396ffbc82cafc66bfffd5ef61b34d5a7cdbf16741e007426fded0d39decc3f7d7fde9f40d5b5ba18137b1d89ae9,08/17/2025 01:30:00 PM,4,PARKED,,2031085,,HONDA,CR-V,IL,2025,NONE,SPORT UTILITY VEHICLE (SUV),PERSONAL,W,PARKED,,,0,,,,N,,,,,,,Y,,,,,,,REAR-LEFT-CORNER,,,,,,,,,,,,,,,,,,,,,,,,,,,,,,,,,
2130598,48f868f1cca95ee1e398dc13c9218b75dc629396ffbc82cafc66bfffd5ef61b34d5a7cdbf16741e007426fded0d39decc3f7d7fde9f40d5b5ba18137b1d89ae9,08/17/2025 01:30:00 PM,5,PARKED,,2031092,,TOYOTA,COROLLA,IL,2020,NONE,PASSENGER,PERSONAL,W,PARKED,Y,,0,,INSURANCE,,,,,,,Y,Y,Y,,,,,,,REAR-LEFT-CORNER,,,,,,,,,,,,,,,,,,,,,,,,,,,,,,,,,
2130633,48f868f1cca95ee1e398dc13c9218b75dc629396ffbc82cafc66bfffd5ef61b34d5a7cdbf16741e007426fded0d39decc3f7d7fde9f40d5b5ba18137b1d89ae9,08/17/2025 01:30:00 PM,6,PARKED,,2031101,,JEEP,GRAND CHEROKEE,IL,2011,NONE,SPORT UTILITY VEHICLE (SUV),PERSONAL,W,PARKED,,,0,,,,,,Y,,,,,,,,,,,,SIDE-RIGHT-FRONT,,,,,,,,,,,,,,,,,,,,,,,,,,,,,,,,,
2130529,de074527eb4967de9f08621dcc54a8e82780f98f0ae094eb3169c064c7705a96e42f8230e8852e2acd07c90fbcc11c601e5b9b36880e591c47cdf1a8571bbc9f,08/17/2025 01:30:00 PM,1,DRIVER,,2031009,,CHRYSLER,300,IL,2000,NONE,PASSENGER,PERSONAL,E,STRAIGHT AHEAD,,,1,,,,,,,,,,,,,,,,Y,,FRONT,,,,,,,,,,,,,,,,,,,,,,,,,,,,,,,,,
2130530,de074527eb4967de9f08621dcc54a8e82780f98f0ae094eb3169c064c7705a96e42f8230e8852e2acd07c90fbcc11c601e5b9b36880e591c47cdf1a8571bbc9f,08/17/2025 01:30:00 PM,2,DRIVER,,2031014,,BMW,X3,IL,2019,NONE,PASSENGER,PERSONAL,E,STRAIGHT AHEAD,,,1,,,,,,,,,,Y,,,,,,N,,REAR,,,,,,,,,,,,,,,,,,,,,,,,,,,,,,,,,
2130492,794523ef41f66d9890c31a8099aaaeefa6873009eda7d36c0fa03585c0fe49eb4be41ccee25d64e85abce3946d435bc1f722d2a8c23da655a41ca0ea37d333e8,08/17/2025 01:27:00 PM,1,DRIVER,,2030965,,LINCOLN,MKS,IL,2013,NONE,PASSENGER,PERSONAL,W,STRAIGHT AHEAD,,,1,,,,,,,,,,,,,,,,Y,,FRONT,,,,,,,,,,,,,,,,,,,,,,,,,,,,,,,,,
2130493,794523ef41f66d9890c31a8099aaaeefa6873009eda7d36c0fa03585c0fe49eb4be41ccee25d64e85abce3946d435bc1f722d2a8c23da655a41ca0ea37d333e8,08/17/2025 01:27:00 PM,2,DRIVER,,2030975,,NISSAN,MURANO,IL,2020,NONE,PASSENGER,PERSONAL,W,SLOW/STOP IN TRAFFIC,,,1,,,,,,,,,,Y,,,,,,,,REAR,,,,,,,,,,,,,,,,,,,,,,,,,,,,,,,,,
2131277,404f4c7614e241f5cb49a171e2d68f56eaf8ba2c58ebb6f64d54feb36c3ccb7668c080f9f0e28fb2e40c92e1ee149ccf120c62e94a1849f0d5301a45c01f88eb,08/17/2025 01:20:00 PM,1,DRIVER,,2031702,,UNKNOWN,MOTORIZED,,,UNKNOWN,BUS OVER 15 PASS.,CTA,S,STRAIGHT AHEAD,,,1,,,,,,,,,,,,,,,,,Y,FRONT-RIGHT-CORNER,,,,,,,,,,,,,,,,,,,,,,,,,,,,,,,,,
2131278,404f4c7614e241f5cb49a171e2d68f56eaf8ba2c58ebb6f64d54feb36c3ccb7668c080f9f0e28fb2e40c92e1ee149ccf120c62e94a1849f0d5301a45c01f88eb,08/17/2025 01:20:00 PM,2,PARKED,,2031703,,FORD,F150,IL,2022,NONE,PICKUP,PERSONAL,S,PARKED,,,0,,,,,,,,,,,,Y,Y,Y,Y,,,SIDE-LEFT,,,,,,,,,,,,,,,,,,,,,,,,,,,,,,,,,
2131255,7277c7de4439b05aa19324205e5cf7e2a14b1061a45ce13b3a4a2ba4c2c2a49f2993f5652ba5db3ad6de415a49e21e63da28dc8a383dfa12defaa422461b9b01,08/17/2025 01:15:00 PM,1,DRIVER,,2031688,,FORD,F150,,2022,NONE,PICKUP,PERSONAL,S,STRAIGHT AHEAD,,,1,,,,Y,,,,,,,,,,,,,,FRONT-LEFT-CORNER,,,,,,,,,,,,,,,,,,,,,,,,,,,,,,,,,
2131256,7277c7de4439b05aa19324205e5cf7e2a14b1061a45ce13b3a4a2ba4c2c2a49f2993f5652ba5db3ad6de415a49e21e63da28dc8a383dfa12defaa422461b9b01,08/17/2025 01:15:00 PM,2,DRIVER,,2031694,,TOYOTA,CAMRY,IL,2007,NONE,PASSENGER,PERSONAL,W,TURNING LEFT,,,1,,,,,,,,,Y,Y,Y,,,,,,,REAR-RIGHT-CORNER,,,,,,,,,,,,,,,,,,,,,,,,,,,,,,,,,
2130485,761fc47bfb1503627dca1e929d1b27b51ad8803de3427424d9725d06ea46c0c747d9f2b1ab2a0412ad6eae16f603a57f629950d5e05c0cb75923fc1de581edfe,08/17/2025 01:15:00 PM,1,DRIVER,,2030977,,HONDA,CIVIC,IL,2013,NONE,PASSENGER,PERSONAL,S,STRAIGHT AHEAD,,,1,,,,,,,,,,,,,,,,,Y,FRONT,,,,,,,,,,,,,,,,,,,,,,,,,,,,,,,,,
2130486,761fc47bfb1503627dca1e929d1b27b51ad8803de3427424d9725d06ea46c0c747d9f2b1ab2a0412ad6eae16f603a57f629950d5e05c0cb75923fc1de581edfe,08/17/2025 01:15:00 PM,2,DRIVER,,2030985,,KIA,OTHER (EXPLAIN IN NARRATIVE),IL,2014,NONE,PASSENGER,PERSONAL,S,STRAIGHT AHEAD,,,1,,,,,,,,,Y,Y,,,,,,,,REAR-RIGHT-CORNER,,,,,,,,,,,,,,,,,,,,,,,,,,,,,,,,,
2130483,57c5b98fdc81c3bcefa8bbd1c308038ecddf061511a6b1bc4e7c69df997ea0e51b82e6d6108b2e3210aa12960ad071df08e5d91730d57bd1f58b1e899babe47e,08/17/2025 01:10:00 PM,1,DRIVER,,2030956,,JEEP,GRAND CHEROKEE,IL,2018,UNKNOWN,PASSENGER,PERSONAL,E,STRAIGHT AHEAD,,,1,,,,,,,,,,,,,,,,Y,,UNKNOWN,,,,,,,,,,,,,,,,,,,,,,,,,,,,,,,,,
2130484,57c5b98fdc81c3bcefa8bbd1c308038ecddf061511a6b1bc4e7c69df997ea0e51b82e6d6108b2e3210aa12960ad071df08e5d91730d57bd1f58b1e899babe47e,08/17/2025 01:10:00 PM,2,DRIVER,,2030960,,INFINITI,Q50,IL,2015,UNKNOWN,PASSENGER,PERSONAL,E,SLOW/STOP IN TRAFFIC,,,1,,,,,,,,,,Y,,,,,,,,UNKNOWN,,,,,,,,,,,,,,,,,,,,,,,,,,,,,,,,,
2130677,5c876f4198acb6213c7502f3ee1600d398ffc80021ae471b7735c4f1b0c514487352b0270eda90e04e101e624551aae851cb159ed15a579d1a06642a289f8b67,08/17/2025 01:08:00 PM,1,DRIVER,,2031143,,TOYOTA,COROLLA,IL,2015,UNKNOWN,PASSENGER,PERSONAL,N,MERGING,,,1,,,,,,,,,,,,,,,Y,,,FRONT-LEFT-CORNER,,,,,,,,,,,,,,,,,,,,,,,,,,,,,,,,,
2130678,5c876f4198acb6213c7502f3ee1600d398ffc80021ae471b7735c4f1b0c514487352b0270eda90e04e101e624551aae851cb159ed15a579d1a06642a289f8b67,08/17/2025 01:08:00 PM,2,DRIVER,,2031147,,INFINITI,QX60,IL,2015,UNKNOWN,PASSENGER,PERSONAL,N,STRAIGHT AHEAD,,,1,,,,,,,Y,Y,,,,,,,,,,REAR-RIGHT-CORNER,,,,,,,,,,,,,,,,,,,,,,,,,,,,,,,,,
2130533,2136e6af490fe5ce4e27907ab1bcd3a84887ae766cfb4847c18ab16ae25c9873e78e49c780689438fe9120a9e19495970530225d1c9bffc0d4fdbe19aa9e7b48,08/17/2025 01:00:00 PM,1,DRIVER,,2031008,,NISSAN,ROGUE,IL,2015,UNKNOWN,SPORT UTILITY VEHICLE (SUV),PERSONAL,N,STRAIGHT AHEAD,,,1,,,,,Y,,,,,,,,,,,Y,,SIDE-RIGHT-FRONT,,,,,,,,,,,,,,,,,,,,,,,,,,,,,,,,,
2130534,2136e6af490fe5ce4e27907ab1bcd3a84887ae766cfb4847c18ab16ae25c9873e78e49c780689438fe9120a9e19495970530225d1c9bffc0d4fdbe19aa9e7b48,08/17/2025 01:00:00 PM,2,DRIVER,,2031011,,HONDA,PILOT,IL,2015,UNKNOWN,SPORT UTILITY VEHICLE (SUV),PERSONAL,N,STRAIGHT AHEAD,,,1,,,,,,,,,Y,Y,,,,,,,,REAR,,,,,,,,,,,,,,,,,,,,,,,,,,,,,,,,,
2130728,36b10cbb63840efca43e785ee061f75945d3e171bb647628b477190a6d3ac5b3744f89ad6c185e59ff5ec8ab1ba8d7d83f78c5860f60e247ca0b49480621aedb,08/17/2025 01:00:00 PM,1,DRIVER,,2031185,,UNKNOWN,MOTORIZED,,,UNKNOWN,PICKUP,PERSONAL,NW,STRAIGHT AHEAD,,,1,,,,,,,,,,,,,,,,,Y,UNKNOWN,,,,,,,,,,,,,,,,,,,,,,,,,,,,,,,,,
2130729,36b10cbb63840efca43e785ee061f75945d3e171bb647628b477190a6d3ac5b3744f89ad6c185e59ff5ec8ab1ba8d7d83f78c5860f60e247ca0b49480621aedb,08/17/2025 01:00:00 PM,2,PARKED,,2031189,,VOLKSWAGEN,PASSAT,IL,2012,UNKNOWN,PASSENGER,PERSONAL,UNKNOWN,PARKED,,,0,,,,,Y,,,,,,,,,Y,Y,Y,,OTHER,,,,,,,,,,,,,,,,,,,,,,,,,,,,,,,,,
2135780,90a55f2c3601f37c15085c05c483298a40bf94933fa1e7dba78c140102cc9e1d41d4ec87789ba29b7f2d2f16f6598637748b272d3e4d278c56f8505b7c0e757f,08/17/2025 01:00:00 PM,1,DRIVER,,2035982,,HONDA,CR-V,,2007,UNKNOWN,SPORT UTILITY VEHICLE (SUV),UNKNOWN/NA,S,STRAIGHT AHEAD,,,1,,,,,Y,,,,,,,,,,,,,FRONT-RIGHT-CORNER,,,,,,,,,,,,,,,,,,,,,,,,,,,,,,,,,
2135781,90a55f2c3601f37c15085c05c483298a40bf94933fa1e7dba78c140102cc9e1d41d4ec87789ba29b7f2d2f16f6598637748b272d3e4d278c56f8505b7c0e757f,08/17/2025 01:00:00 PM,2,PARKED,,2035987,,HYUNDAI,SANTA FE,IL,2017,UNKNOWN,SPORT UTILITY VEHICLE (SUV),PERSONAL,S,PARKED,,,0,,,,,,,,,,,Y,,,,,,,REAR-LEFT-CORNER,,,,,,,,,,,,,,,,,,,,,,,,,,,,,,,,,
2130479,625388f8515d78cc5cd0d3fd52b18e1fa018e99b936077d3ad0789411cd82e0d503be0e03cc05408a3a560bee0615773d61ebe81fe5f6ca4a2f530ca0e977b08,08/17/2025 12:53:00 PM,1,DRIVER,,2030955,,CHRYSLER,200,WI,2015,UNKNOWN,PASSENGER,PERSONAL,SE,STRAIGHT AHEAD,,,1,,,,,,,,,,,,,,,,Y,,FRONT,,,,,,,,,,,,,,,,,,,,,,,,,,,,,,,,,
2130480,625388f8515d78cc5cd0d3fd52b18e1fa018e99b936077d3ad0789411cd82e0d503be0e03cc05408a3a560bee0615773d61ebe81fe5f6ca4a2f530ca0e977b08,08/17/2025 12:53:00 PM,2,DRIVER,,2030961,,LEXUS,GX460,IL,2014,NONE,PASSENGER,PERSONAL,SE,STRAIGHT AHEAD,,,1,,,,,,,,,,Y,,,,,,,,REAR,,,,,,,,,,,,,,,,,,,,,,,,,,,,,,,,,
2130505,9cbe00af78c6fb3aa8ec9483c98526edd28b364411ed963e5da85e955efc7b1bd1fe528d7a9ea5bc057dda0b4a8cad8d33e73b3c809b84c63a0432333cc71d87,08/17/2025 12:50:00 PM,1,DRIVER,,2030981,,TOYOTA,PRIUS,IL,,UNKNOWN,UNKNOWN/NA,UNKNOWN/NA,E,BACKING,,,1,,,,,,,,,,,Y,,,,,,,REAR-LEFT-CORNER,,,,,,,,,,,,,,,,,,,,,,,,,,,,,,,,,
2130506,9cbe00af78c6fb3aa8ec9483c98526edd28b364411ed963e5da85e955efc7b1bd1fe528d7a9ea5bc057dda0b4a8cad8d33e73b3c809b84c63a0432333cc71d87,08/17/2025 12:50:00 PM,2,DRIVER,,2030989,,ACURA,TLX,IL,2009,NONE,PASSENGER,PERSONAL,W,OTHER,,,1,,,,,Y,,,,,,,,,,,,,FRONT-RIGHT-CORNER,,,,,,,,,,,,,,,,,,,,,,,,,,,,,,,,,
2130474,263385c92b49795156178b1d6cbc851355f9b2db5156870b8f7898cf152b2e149adf53fed57bfd20cd6bad8e1c72c95b519ed2c3cb6267f851b308754d17b4c3,08/17/2025 12:30:00 PM,1,DRIVER,,2030950,,HONDA,ODYSSEY,,2012,UNKNOWN,SPORT UTILITY VEHICLE (SUV),PERSONAL,N,BACKING,,,1,,,,,,,,,,,Y,,,,,,,REAR-LEFT-CORNER,,,,,,,,,,,,,,,,,,,,,,,,,,,,,,,,,
2130475,263385c92b49795156178b1d6cbc851355f9b2db5156870b8f7898cf152b2e149adf53fed57bfd20cd6bad8e1c72c95b519ed2c3cb6267f851b308754d17b4c3,08/17/2025 12:30:00 PM,2,DRIVER,7,2030953,,FORD,EXPLORER,IL,2011,UNKNOWN,SPORT UTILITY VEHICLE (SUV),PERSONAL,E,STRAIGHT AHEAD,,,8,,,,,,,Y,Y,,,,,,,,,,SIDE-RIGHT-REAR,,,,,,,,,,,,,,,,,,,,,,,,,,,,,,,,,
2131501,5acde343f06713e4564443b4f89aa4c956c56c1bc975ac88caa1160ad3c390c2da3b9a4a4997c55a7f54c0c9b4a810e9a7ff353c24962425be73a25485e610ad,08/17/2025 12:30:00 PM,1,DRIVER,1,2031894,,FORD,ESCORT,IL,,NONE,TRUCK - SINGLE UNIT,PERSONAL,S,STRAIGHT AHEAD,,,2,,,,,,,Y,,,,,,,,,,,SIDE-RIGHT,,,,,,,,,,,,,,,,,,,,,,,,,,,,,,,,,
2131502,5acde343f06713e4564443b4f89aa4c956c56c1bc975ac88caa1160ad3c390c2da3b9a4a4997c55a7f54c0c9b4a810e9a7ff353c24962425be73a25485e610ad,08/17/2025 12:30:00 PM,2,DRIVER,1,2031902,,TOYOTA,CAMRY,IL,2022,NONE,PASSENGER,PERSONAL,S,STRAIGHT AHEAD,,,2,,,,,,,Y,,,,,,,,,,,SIDE-RIGHT,,,,,,,,,,,,,,,,,,,,,,,,,,,,,,,,,
2130449,96dbefe8ba41ed116f08f4d9659f1cbd62893303c18f751ecb852b221192cf6a380396179efaacc35f54bb8c1cd2467fcfed09b28cfb5fecb431050442c711fe,08/17/2025 12:30:00 PM,1,DRIVER,,2030933,,KIA,SOUL,IL,2016,NONE,OTHER,PERSONAL,E,STRAIGHT AHEAD,,,1,,,,,,,,,,,,,,,,,Y,FRONT,,,,,,,,,,,,,,,,,,,,,,,,,,,,,,,,,
2130450,96dbefe8ba41ed116f08f4d9659f1cbd62893303c18f751ecb852b221192cf6a380396179efaacc35f54bb8c1cd2467fcfed09b28cfb5fecb431050442c711fe,08/17/2025 12:30:00 PM,2,DRIVER,,2030927,,HYUNDAI,ELANTRA,IL,2013,NONE,PASSENGER,PERSONAL,E,STRAIGHT AHEAD,,,1,,,,,,,,,,,Y,,,,,,,REAR-LEFT-CORNER,,,,,,,,,,,,,,,,,,,,,,,,,,,,,,,,,
2130463,b8fc6ac6fed2cbe4c91a58ee44b1d29fde53598fbbdc7b6a3c919306fe1e053ea599644d96533b6ca5e6357effedcdb3a62cb419bd1e08d48e0e2eacc1bf0e81,08/17/2025 12:30:00 PM,1,DRIVER,,2030949,,TOYOTA,MATRIX,IL,2006,NONE,PASSENGER,PERSONAL,E,STRAIGHT AHEAD,,,1,,,,,Y,,,,,,,,,,Y,Y,,FRONT,,,,,,,,,,,,,,,,,,,,,,,,,,,,,,,,,
2130464,b8fc6ac6fed2cbe4c91a58ee44b1d29fde53598fbbdc7b6a3c919306fe1e053ea599644d96533b6ca5e6357effedcdb3a62cb419bd1e08d48e0e2eacc1bf0e81,08/17/2025 12:30:00 PM,2,DRIVER,,2030954,,FORD,FOCUS,IL,2016,NONE,PASSENGER,PERSONAL,E,STRAIGHT AHEAD,,,1,,,,,Y,,,,Y,Y,Y,,,,Y,Y,,REAR,,,,,,,,,,,,,,,,,,,,,,,,,,,,,,,,,
2130465,b8fc6ac6fed2cbe4c91a58ee44b1d29fde53598fbbdc7b6a3c919306fe1e053ea599644d96533b6ca5e6357effedcdb3a62cb419bd1e08d48e0e2eacc1bf0e81,08/17/2025 12:30:00 PM,3,DRIVER,,2030962,,FORD,EXPEDITION,IL,2023,UNKNOWN,SPORT UTILITY VEHICLE (SUV),UNKNOWN/NA,E,STRAIGHT AHEAD,,,1,,,,,,,,,Y,Y,Y,,,,,,,REAR,,,,,,,,,,,,,,,,,,,,,,,,,,,,,,,,,
2131321,cae34c87d6422d4bae86d60fd278f57d7fd5012b8e6b9fa2610737d6721d3334b790191c029ef2705b6859ced184d7708ae22e441beeee99b99f0469d4fec2cc,08/17/2025 12:30:00 PM,1,DRIVER,,2031749,,HONDA,ODYSSEY,IL,2006,NONE,VAN/MINI-VAN,PERSONAL,N,CHANGING LANES,,,1,,,,,Y,,,,,,,,,,,,,FRONT-RIGHT-CORNER,,,,,,,,,,,,,,,,,,,,,,,,,,,,,,,,,
2131322,cae34c87d6422d4bae86d60fd278f57d7fd5012b8e6b9fa2610737d6721d3334b790191c029ef2705b6859ced184d7708ae22e441beeee99b99f0469d4fec2cc,08/17/2025 12:30:00 PM,2,PARKED,2,2031746,,HONDA,CIVIC,IL,2021,NONE,PASSENGER,PERSONAL,N,PARKED IN TRAFFIC LANE,,,2,,,,,,,,,,,Y,,,,,,,REAR-LEFT-CORNER,,,,,,,,,,,,,,,,,,,,,,,,,,,,,,,,,
2130557,dac7d2f8c31d5ed076e3e4ee8de5b4b1d81cf2c3d79eea17f8389e3a91c22e7cccc8369a2ff50233e260f81fe3b4f86cb5eba1e698f55474c5b7fbbfc02e0180,08/17/2025 12:30:00 PM,1,DRIVER,,2031029,,UNKNOWN,OTHER (EXPLAIN IN NARRATIVE),,,UNKNOWN,UNKNOWN/NA,UNKNOWN/NA,S,STRAIGHT AHEAD,,,1,,,,,,,,,,,,,,,,,Y,UNKNOWN,,,,,,,,,,,,,,,,,,,,,,,,,,,,,,,,,