CRASH_UNIT_ID,CRASH_RECORD_ID,CRASH_DATE,UNIT_NO,UNIT_TYPE,NUM_PASSENGERS,VEHICLE_ID,CMRC_VEH_I,MAKE,MODEL,LIC_PLATE_STATE,VEHICLE_YEAR,VEHICLE_DEFECT,VEHICLE_TYPE,VEHICLE_USE,TRAVEL_DIRECTION,MANEUVER,TOWED_I,FIRE_I,OCCUPANT_CNT,EXCEED_SPEED_LIMIT_I,TOWED_BY,TOWED_TO,AREA_00_I,AREA_01_I,AREA_02_I,AREA_03_I,AREA_04_I,AREA_05_I,AREA_06_I,AREA_07_I,AREA_08_I,AREA_09_I,AREA_10_I,AREA_11_I,AREA_12_I,AREA_99_I,FIRST_CONTACT_POINT,CMV_ID,USDOT_NO,CCMC_NO,ILCC_NO,COMMERCIAL_SRC,GVWR,CARRIER_NAME,CARRIER_STATE,CARRIER_CITY,HAZMAT_PLACARDS_I,HAZMAT_NAME,UN_NO,HAZMAT_PRESENT_I,HAZMAT_REPORT_I,HAZMAT_REPORT_NO,MCS_REPORT_I,MCS_REPORT_NO,HAZMAT_VIO_CAUSE_CRASH_I,MCS_VIO_CAUSE_CRASH_I,IDOT_PERMIT_NO,WIDE_LOAD_I,TRAILER1_WIDTH,TRAILER2_WIDTH,TRAILER1_LENGTH,TRAILER2_LENGTH,TOTAL_VEHICLE_LENGTH,AXLE_CNT,VEHICLE_CONFIG,CARGO_BODY_TYPE,LOAD_TYPE,HAZMAT_OUT_OF_SERVICE_I,MCS_OUT_OF_SERVICE_I,HAZMAT_CLASS
2130558,dac7d2f8c31d5ed076e3e4ee8de5b4b1d81cf2c3d79eea17f8389e3a91c22e7cccc8369a2ff50233e260f81fe3b4f86cb5eba1e698f55474c5b7fbbfc02e0180,08/17/2025 12:30:00 PM,2,PARKED,,2031038,,NISSAN,VERSA,IL,2015,UNKNOWN,PASSENGER,PERSONAL,S,PARKED,,,0,,,,,,,,,,,Y,Y,Y,Y,Y,,,SIDE-LEFT,,,,,,,,,,,,,,,,,,,,,,,,,,,,,,,,,
2130461,a8db606ce491efbe63d648d9b36055efb684c10be749087694e63aa3d01d0af41fafb4c4f203680529ccba8e25709b55e71c0fa039e88d8b8b6fb2ceb0df326d,08/17/2025 12:28:00 PM,1,DRIVER,,2030938,,FORD,ESCAPE,IL,2013,NONE,PASSENGER,PERSONAL,W,STRAIGHT AHEAD,,,1,,,,,,,,,,,,,,,,Y,,FRONT,,,,,,,,,,,,,,,,,,,,,,,,,,,,,,,,,
2130462,a8db606ce491efbe63d648d9b36055efb684c10be749087694e63aa3d01d0af41fafb4c4f203680529ccba8e25709b55e71c0fa039e88d8b8b6fb2ceb0df326d,08/17/2025 12:28:00 PM,2,DRIVER,,2030942,,LAND ROVER,RANGE ROVER (EVOQUE / SPORT / VELAR),IL,2025,NONE,PASSENGER,PERSONAL,W,STRAIGHT AHEAD,,,1,,,,,,,,,,Y,,,,,,,,REAR,,,,,,,,,,,,,,,,,,,,,,,,,,,,,,,,,
2130457,c9b4c8ee4ac230f077e1deb756b4d4449475384fe0fd2061161c3e8457c31b93c025ffe42170e673d74bf3b30f9e145d035652b63a06080f6e073c6d054c62ac,08/17/2025 12:25:00 PM,1,DRIVER,,2030936,,KIA,SEDONA,IL,2015,NONE,PASSENGER,PERSONAL,W,STRAIGHT AHEAD,,,1,,,,,,,Y,Y,,,,,,,,,,SIDE-RIGHT,,,,,,,,,,,,,,,,,,,,,,,,,,,,,,,,,
2130458,c9b4c8ee4ac230f077e1deb756b4d4449475384fe0fd2061161c3e8457c31b93c025ffe42170e673d74bf3b30f9e145d035652b63a06080f6e073c6d054c62ac,08/17/2025 12:25:00 PM,2,DRIVER,,2030940,,CHEVROLET,OTHER (EXPLAIN IN NARRATIVE),IL,2017,NONE,PASSENGER,PERSONAL,S,STRAIGHT AHEAD,,,1,,,,,Y,Y,,,,,,,,,,Y,,FRONT,,,,,,,,,,,,,,,,,,,,,,,,,,,,,,,,,
2130953,0f37b97efdb914f31f3b98aa81859c413d5ea81e40ae17025eca36d503138f08505568b3ecafc2efc2053a8c3a95c0d52e923a17e61f0ea622d3c738fa3c27de,08/17/2025 12:20:00 PM,1,DRIVER,,2031393,,HONDA,CIVIC,IL,1999,UNKNOWN,UNKNOWN/NA,UNKNOWN/NA,UNKNOWN,BACKING,,,1,,,,,,,,,,,,,,,,,Y,UNKNOWN,,,,,,,,,,,,,,,,,,,,,,,,,,,,,,,,,
2130954,0f37b97efdb914f31f3b98aa81859c413d5ea81e40ae17025eca36d503138f08505568b3ecafc2efc2053a8c3a95c0d52e923a17e61f0ea622d3c738fa3c27de,08/17/2025 12:20:00 PM,2,DRIVER,1,2031394,,CHEVROLET,TRAX,IL,2018,UNKNOWN,UNKNOWN/NA,UNKNOWN/NA,UNKNOWN,STRAIGHT AHEAD,,,2,,,,,,,,,,,,,,N,Y,Y,,FRONT,,,,,,,,,,,,,,,,,,,,,,,,,,,,,,,,,
2131457,1db50c4f3b01034537897e8ec67d417e1e9953997a638a78f36035cbf8fffa917b401884adcf8fc07ace7780d92ec98e8ce37b7e65eb6d608bc9f197f6dbf5b5,08/17/2025 12:20:00 PM,2,DRIVER,,2031880,,JEEP,WRANGLER,,2015,NONE,PASSENGER,UNKNOWN/NA,S,TURNING RIGHT,,,1,,,,,,,,,,,,,,Y,Y,,,FRONT-LEFT-CORNER,,,,,,,,,,,,,,,,,,,,,,,,,,,,,,,,,
2131458,1db50c4f3b01034537897e8ec67d417e1e9953997a638a78f36035cbf8fffa917b401884adcf8fc07ace7780d92ec98e8ce37b7e65eb6d608bc9f197f6dbf5b5,08/17/2025 12:20:00 PM,1,DRIVER,,2031886,,TOYOTA,RAV4,IL,,NONE,SPORT UTILITY VEHICLE (SUV),PERSONAL,S,TURNING RIGHT,,,1,,,,,,,,,,,,,,,,,,FRONT-RIGHT-CORNER,,,,,,,,,,,,,,,,,,,,,,,,,,,,,,,,,
2130438,3e70002ca2ada87bf7a5075746ee291cd195be7faa9c50bdfe61209b3576bda297b5dc33c6712204266da1b4ea18f003bc963772d26b4a72433d120a593bacca,08/17/2025 12:20:00 PM,1,DRIVER,,2030920,,TOYOTA,COROLLA,IL,2017,NONE,PASSENGER,PERSONAL,E,STRAIGHT AHEAD,,,1,,,,,,,,,,,,,,,,,Y,FRONT,,,,,,,,,,,,,,,,,,,,,,,,,,,,,,,,,
2130439,3e70002ca2ada87bf7a5075746ee291cd195be7faa9c50bdfe61209b3576bda297b5dc33c6712204266da1b4ea18f003bc963772d26b4a72433d120a593bacca,08/17/2025 12:20:00 PM,2,DRIVER,,2030928,,TOYOTA,AVALON,IL,2014,NONE,PASSENGER,PERSONAL,S,STRAIGHT AHEAD,,,1,,,,,,,,,,Y,Y,,,,,,,REAR,,,,,,,,,,,,,,,,,,,,,,,,,,,,,,,,,
2130443,5c94242a46e02d9d87124958ba4a6e891357139cdbb50c3de12a20ac8b9e600a6b8e37e38cd3430322e92d3628e6c6ddc0416355e2ba9b5d6a5f59e615c85c12,08/17/2025 12:14:00 PM,1,DRIVER,,2030921,,CHEVROLET,TAHOE,WA,2022,NONE,PASSENGER,PERSONAL,S,STRAIGHT AHEAD,,,1,,,,,,,,,,,,,,Y,Y,,,SIDE-LEFT-FRONT,,,,,,,,,,,,,,,,,,,,,,,,,,,,,,,,,
2130444,5c94242a46e02d9d87124958ba4a6e891357139cdbb50c3de12a20ac8b9e600a6b8e37e38cd3430322e92d3628e6c6ddc0416355e2ba9b5d6a5f59e615c85c12,08/17/2025 12:14:00 PM,2,PARKED,,2030923,,MERCURY,MOUNTAINEER,IL,2010,NONE,PASSENGER,PERSONAL,UNKNOWN,PARKED,,,0,,,,,,,,,,,,,,Y,Y,,,FRONT-LEFT-CORNER,,,,,,,,,,,,,,,,,,,,,,,,,,,,,,,,,
2130489,1e1a80156576ceba86404b613a60fc82dbc3e744de5d0d3e9d58bd0fe1ebd6d26d250dab0528e16318befa113c90f20f21e97a73ebbd7a9074ab2b5a2fd282bb,08/17/2025 12:13:00 PM,1,DRIVER,,2030967,,TOYOTA,PRIUS,IL,2013,NONE,PASSENGER,TAXI/FOR HIRE,W,STRAIGHT AHEAD,,,1,,,,,Y,,,,,,,,,,,,,FRONT-RIGHT-CORNER,,,,,,,,,,,,,,,,,,,,,,,,,,,,,,,,,
2130490,1e1a80156576ceba86404b613a60fc82dbc3e744de5d0d3e9d58bd0fe1ebd6d26d250dab0528e16318befa113c90f20f21e97a73ebbd7a9074ab2b5a2fd282bb,08/17/2025 12:13:00 PM,2,DRIVER,1,2030978,,NISSAN,ALTIMA,IL,2024,NONE,PASSENGER,PERSONAL,W,STRAIGHT AHEAD,,,2,,,,,Y,,,,,,Y,,,,,Y,,REAR-LEFT-CORNER,,,,,,,,,,,,,,,,,,,,,,,,,,,,,,,,,
2130491,1e1a80156576ceba86404b613a60fc82dbc3e744de5d0d3e9d58bd0fe1ebd6d26d250dab0528e16318befa113c90f20f21e97a73ebbd7a9074ab2b5a2fd282bb,08/17/2025 12:13:00 PM,3,DRIVER,,2030987,,KIA,OTHER (EXPLAIN IN NARRATIVE),IL,2023,NONE,PASSENGER,PERSONAL,W,STRAIGHT AHEAD,,,1,,,,,,,,,,Y,Y,,,,,,,REAR,,,,,,,,,,,,,,,,,,,,,,,,,,,,,,,,,
2132559,6d056d5aef651701715c90075af44e5b42c29fec8aec45e9fd2f9fcf8aa1c7102b57438115a6b9210762ead4288441c8baef2cf8e48ad18f291fdec3a65850b0,08/17/2025 12:00:00 PM,1,DRIVER,,2032898,,HONDA,OTHER (EXPLAIN IN NARRATIVE),IL,2012,NONE,PASSENGER,PERSONAL,S,STRAIGHT AHEAD,,,1,,,,,,,,,,,,,,,,,Y,UNKNOWN,,,,,,,,,,,,,,,,,,,,,,,,,,,,,,,,,
2132560,6d056d5aef651701715c90075af44e5b42c29fec8aec45e9fd2f9fcf8aa1c7102b57438115a6b9210762ead4288441c8baef2cf8e48ad18f291fdec3a65850b0,08/17/2025 12:00:00 PM,2,BICYCLE,,,,,,,,,,,,,,,,,,,,,,,,,,,,,,,,,,,,,,,,,,,,,,,,,,,,,,,,,,,,,,,,,,
2130455,d55a0a608fc5ebca65afa6a131455986d5fff7ed98f895ef01dbd09a2fda908ab4350bd8247231693dd07b7d96c45c922ab44b3557c765deeee6ce54af7f37d5,08/17/2025 12:00:00 PM,1,DRIVER,,2030931,,SUBARU,OUTBACK,IL,2021,NONE,PASSENGER,PERSONAL,UNKNOWN,TURNING LEFT,,,1,,,,,,,Y,Y,Y,,N,N,,,,,,SIDE-RIGHT,,,,,,,,,,,,,,,,,,,,,,,,,,,,,,,,,
2130456,d55a0a608fc5ebca65afa6a131455986d5fff7ed98f895ef01dbd09a2fda908ab4350bd8247231693dd07b7d96c45c922ab44b3557c765deeee6ce54af7f37d5,08/17/2025 12:00:00 PM,2,DRIVER,,2030934,,TOYOTA,SIENNA,IL,2011,NONE,PASSENGER,PERSONAL,UNKNOWN,STRAIGHT AHEAD,,,1,,,,,Y,Y,,,,,,,,,N,Y,,FRONT-RIGHT-CORNER,,,,,,,,,,,,,,,,,,,,,,,,,,,,,,,,,
2130567,f57243c62a533f9acc0b1ecff588721cab8986619d6ec9f3eeb4d33d56897780ec8a61bc53b094eb4f2109e828476677fe4691869d3ee697c1d58e8beb9b2d56,08/17/2025 11:45:00 AM,1,DRIVER,,2031032,,TOYOTA,PRIUS,IL,2018,UNKNOWN,PASSENGER,UNKNOWN/NA,N,OTHER,,,1,,,,,,,,,,,,,Y,Y,,,,SIDE-LEFT-FRONT,,,,,,,,,,,,,,,,,,,,,,,,,,,,,,,,,
2130568,f57243c62a533f9acc0b1ecff588721cab8986619d6ec9f3eeb4d33d56897780ec8a61bc53b094eb4f2109e828476677fe4691869d3ee697c1d58e8beb9b2d56,08/17/2025 11:45:00 AM,2,DRIVER,,2031033,,TOYOTA,HIGHLANDER,IL,2015,UNKNOWN,PASSENGER,UNKNOWN/NA,N,STRAIGHT AHEAD,,,1,,,,,,Y,,Y,Y,,,,,,,,,SIDE-RIGHT-FRONT,,,,,,,,,,,,,,,,,,,,,,,,,,,,,,,,,
2130410,7e72e6d3daa4fc96bc6dcfcbba9c13c186aa8cd77f4a637b725329ad2715a46f6c602ee255f01336c5c604d6aa1206e2d47de3b255722d6e38a0f166a1b39fff,08/17/2025 11:40:00 AM,1,DRIVER,,2030900,,NISSAN,ALTIMA,MN,2025,NONE,PASSENGER,PERSONAL,NW,BACKING,,,1,,,,,,,,,,,,,,,Y,,,FRONT-LEFT-CORNER,,,,,,,,,,,,,,,,,,,,,,,,,,,,,,,,,
2130411,7e72e6d3daa4fc96bc6dcfcbba9c13c186aa8cd77f4a637b725329ad2715a46f6c602ee255f01336c5c604d6aa1206e2d47de3b255722d6e38a0f166a1b39fff,08/17/2025 11:40:00 AM,2,DRIVER,,2030904,,HYUNDAI,ELANTRA,IL,2017,NONE,PASSENGER,PERSONAL,NW,PASSING/OVERTAKING,,,1,,,,,,,,Y,Y,,,,,,,,,REAR-RIGHT-CORNER,,,,,,,,,,,,,,,,,,,,,,,,,,,,,,,,,
2130447,723ca4838b2edf84d4c8aa549adcc7873b67259f8be26b3fa246b918a5c16afab810b7a30de87359eaec6ac2422abd94397642c6f2573835c4f45f73db5d4705,08/17/2025 11:35:00 AM,1,DRIVER,2,2030929,,KIA,SORENTO,IL,2019,UNKNOWN,PASSENGER,PERSONAL,E,STRAIGHT AHEAD,,,3,,,,,,Y,Y,Y,,,,,,,,,,SIDE-RIGHT,,,,,,,,,,,,,,,,,,,,,,,,,,,,,,,,,
2130448,723ca4838b2edf84d4c8aa549adcc7873b67259f8be26b3fa246b918a5c16afab810b7a30de87359eaec6ac2422abd94397642c6f2573835c4f45f73db5d4705,08/17/2025 11:35:00 AM,2,DRIVER,,2030937,,FORD,ESCAPE,IL,2025,UNKNOWN,PASSENGER,RIDESHARE SERVICE,N,STRAIGHT AHEAD,,,1,,,,,Y,,,,,,,,,,Y,Y,,FRONT,,,,,,,,,,,,,,,,,,,,,,,,,,,,,,,,,
2130428,639e27de53a4d24f6631b88466dbbba23bc67931a8f662cee8de2eadf43c211b7701375ad7c117dc6ef1c78e8af578ce83708b4f76217ee2bb474c523016b53b,08/17/2025 11:30:00 AM,1,DRIVER,,2030907,,INFINITI,OTHER (EXPLAIN IN NARRATIVE),IL,2013,UNKNOWN,UNKNOWN/NA,UNKNOWN/NA,N,TURNING RIGHT,,,1,,,,Y,,,,,,,,,,,,,,FRONT,,,,,,,,,,,,,,,,,,,,,,,,,,,,,,,,,
2130429,639e27de53a4d24f6631b88466dbbba23bc67931a8f662cee8de2eadf43c211b7701375ad7c117dc6ef1c78e8af578ce83708b4f76217ee2bb474c523016b53b,08/17/2025 11:30:00 AM,2,BICYCLE,,,,,,,,,,,,,,,,,,,,,,,,,,,,,,,,,,,,,,,,,,,,,,,,,,,,,,,,,,,,,,,,,,
2130406,05ba0f08daadcdc7ba24d68b1e3877ae27edc9376105fa8680c3795f43dbbe84a614363fa1afc7e450ccae78e89d2a8af182c7b4249337d2f03607eadbb91c2d,08/17/2025 11:28:00 AM,1,DRIVER,,2030891,,JEEP,CHEROKEE,IL,2022,NONE,SPORT UTILITY VEHICLE (SUV),PERSONAL,UNKNOWN,BACKING,,,1,,,,,,,,,,Y,,,,,,,,REAR,,,,,,,,,,,,,,,,,,,,,,,,,,,,,,,,,
2130407,05ba0f08daadcdc7ba24d68b1e3877ae27edc9376105fa8680c3795f43dbbe84a614363fa1afc7e450ccae78e89d2a8af182c7b4249337d2f03607eadbb91c2d,08/17/2025 11:28:00 AM,2,DRIVER,,2030895,,MERCEDES-BENZ,C32,IL,2003,NONE,PASSENGER,PERSONAL,UNKNOWN,OTHER,,,1,,,,,,,,,,,,,,,,Y,,FRONT,,,,,,,,,,,,,,,,,,,,,,,,,,,,,,,,,
2130476,c318042f5e0fb9a173b24eb1e097c6fddb3c9c993c790aa10e920eca2a7f404d40a4f7f75195f59ba7ec5144a2ced153f7dde35310bf734d496d1dbe58d0aba3,08/17/2025 11:25:00 AM,1,DRIVER,,2030948,,FORD,EDGE,WI,,UNKNOWN,SPORT UTILITY VEHICLE (SUV),UNKNOWN/NA,S,BACKING,,,1,,,,,,,,,Y,Y,Y,,,,,,,REAR,,,,,,,,,,,,,,,,,,,,,,,,,,,,,,,,,
2130477,c318042f5e0fb9a173b24eb1e097c6fddb3c9c993c790aa10e920eca2a7f404d40a4f7f75195f59ba7ec5144a2ced153f7dde35310bf734d496d1dbe58d0aba3,08/17/2025 11:25:00 AM,2,PARKED,,2030952,,HONDA,OTHER (EXPLAIN IN NARRATIVE),IL,2012,NONE,MOTORCYCLE (OVER 150CC),NOT IN USE,S,PARKED,,,0,,,,,Y,Y,Y,Y,Y,,,,Y,Y,Y,,,FRONT-LEFT-CORNER,,,,,,,,,,,,,,,,,,,,,,,,,,,,,,,,,
2130478,c318042f5e0fb9a173b24eb1e097c6fddb3c9c993c790aa10e920eca2a7f404d40a4f7f75195f59ba7ec5144a2ced153f7dde35310bf734d496d1dbe58d0aba3,08/17/2025 11:25:00 AM,3,PARKED,,2030959,,KAWASAKI,MOTORCYCLE,IL,2009,NONE,MOTORCYCLE (OVER 150CC),NOT IN USE,S,PARKED,,,0,,,,,Y,Y,Y,Y,Y,,Y,Y,Y,Y,Y,,,FRONT-LEFT-CORNER,,,,,,,,,,,,,,,,,,,,,,,,,,,,,,,,,
2130418,3fa1c0109abbb11e08c343c164271c91b030ea5deb9b78d37c1c6a56b85e814140136ca59693416f737f28d856d7592f0f3d430b83e96f0cd922f9f3bc3b4803,08/17/2025 11:24:00 AM,1,DRIVER,,2030899,,MERCEDES-BENZ,OTHER (EXPLAIN IN NARRATIVE),IL,,UNKNOWN,PASSENGER,UNKNOWN/NA,N,TURNING LEFT,,,1,,,,,,,,,,,,,,,,,Y,UNKNOWN,,,,,,,,,,,,,,,,,,,,,,,,,,,,,,,,,
2130419,3fa1c0109abbb11e08c343c164271c91b030ea5deb9b78d37c1c6a56b85e814140136ca59693416f737f28d856d7592f0f3d430b83e96f0cd922f9f3bc3b4803,08/17/2025 11:24:00 AM,2,PEDESTRIAN,,,,,,,,,,,,,,,,,,,,,,,,,,,,,,,,,,,,,,,,,,,,,,,,,,,,,,,,,,,,,,,,,,
2130408,8103854543fe4a071add8b5d694edc309f4c192e5b91b672dcaaab9dc91e7ad3d1ad7c043d47c9a7b9c886e720ab89167235dc97e4279443e9efbbfb2dbbc848,08/17/2025 11:15:00 AM,1,DRIVER,,2030894,,UNKNOWN,OTHER (EXPLAIN IN NARRATIVE),IL,,UNKNOWN,PASSENGER,PERSONAL,N,OTHER,,,1,,,,,,,,,,,,,,Y,Y,,,FRONT-LEFT-CORNER,,,,,,,,,,,,,,,,,,,,,,,,,,,,,,,,,
2130409,8103854543fe4a071add8b5d694edc309f4c192e5b91b672dcaaab9dc91e7ad3d1ad7c043d47c9a7b9c886e720ab89167235dc97e4279443e9efbbfb2dbbc848,08/17/2025 11:15:00 AM,2,DRIVER,1,2030896,,NISSAN,SENTRA,IL,2022,NONE,PASSENGER,PERSONAL,N,STRAIGHT AHEAD,,,2,,,,,,,Y,Y,Y,,,,,,,,,SIDE-RIGHT,,,,,,,,,,,,,,,,,,,,,,,,,,,,,,,,,
2130402,3ce5046c31b2829fcf549f8f3ad57c7e3499762174bbd1330c3991bc49899bc6b380b64e4e0f11ac042023ce8e8da9b0dac3e9dd2e3b001ed46eaa8a4f9c62a8,08/17/2025 11:13:00 AM,1,DRIVER,,2030888,,NISSAN,SENTRA,IL,2012,NONE,PASSENGER,PERSONAL,NE,TURNING RIGHT,Y,,1,,SELF,,,,,,,,,Y,,,,,,,REAR-LEFT-CORNER,,,,,,,,,,,,,,,,,,,,,,,,,,,,,,,,,
2130403,3ce5046c31b2829fcf549f8f3ad57c7e3499762174bbd1330c3991bc49899bc6b380b64e4e0f11ac042023ce8e8da9b0dac3e9dd2e3b001ed46eaa8a4f9c62a8,08/17/2025 11:13:00 AM,2,DRIVER,,2030893,,CHEVROLET,TRUCK,IL,2005,NONE,PICKUP,PERSONAL,NE,TURNING RIGHT,,,1,,,,,Y,Y,Y,,,,,,,,,,,SIDE-RIGHT,,,,,,,,,,,,,,,,,,,,,,,,,,,,,,,,,
2130414,833fa447142456015994a14bdeb20d341f0807d0c8b4794256b726d689ef26469e841ba66f739ca07ed0c62184401d43134e5dcd38d005e424779b9ee41f60b9,08/17/2025 11:10:00 AM,1,DRIVER,,2030903,,BUICK,ENCORE,IL,2016,UNKNOWN,SPORT UTILITY VEHICLE (SUV),PERSONAL,N,STRAIGHT AHEAD,,,1,,,,,Y,,,,,,,,,,,,,FRONT-RIGHT-CORNER,,,,,,,,,,,,,,,,,,,,,,,,,,,,,,,,,
2130415,833fa447142456015994a14bdeb20d341f0807d0c8b4794256b726d689ef26469e841ba66f739ca07ed0c62184401d43134e5dcd38d005e424779b9ee41f60b9,08/17/2025 11:10:00 AM,2,PEDESTRIAN,,,,,,,,,,,,,,,,,,,,,,,,,,,,,,,,,,,,,,,,,,,,,,,,,,,,,,,,,,,,,,,,,,
2130422,44eef027702ede34d6864aae940282638e0a5620df74ae2e9781cba06aae41be48f8091f97dd66a55db7123dd9a5d977e997ba7a0290b47125fc1429953dfc28,08/17/2025 11:00:00 AM,1,DRIVER,1,2030905,,HONDA,OTHER (EXPLAIN IN NARRATIVE),IL,2010,UNKNOWN,PASSENGER,PERSONAL,E,ENTERING TRAFFIC LANE FROM PARKING,,,2,,,,,,,,,,,Y,Y,,,,,,REAR-LEFT-CORNER,,,,,,,,,,,,,,,,,,,,,,,,,,,,,,,,,
2130423,44eef027702ede34d6864aae940282638e0a5620df74ae2e9781cba06aae41be48f8091f97dd66a55db7123dd9a5d977e997ba7a0290b47125fc1429953dfc28,08/17/2025 11:00:00 AM,2,DRIVERLESS,,2030910,,BUICK,OTHER (EXPLAIN IN NARRATIVE),IL,2025,UNKNOWN,PASSENGER,PERSONAL,E,PARKED,,,0,,,,,,,Y,Y,Y,,,,,,,,,REAR-RIGHT-CORNER,,,,,,,,,,,,,,,,,,,,,,,,,,,,,,,,,
2130527,4f3f2d5cb72cb7f3b1ea38eeb53fa4c87c81cd9190960b1f27e72bc6d5ee994e21c33194a04515812aa1308b26f3ad82f6a9f5b7b3a1a07c13b4822f0a088d0d,08/17/2025 11:00:00 AM,1,DRIVER,,2030998,,UNKNOWN,OTHER (EXPLAIN IN NARRATIVE),,,UNKNOWN,UNKNOWN/NA,UNKNOWN/NA,S,TURNING RIGHT,,,1,,,,,Y,,,,,,,,,,,,,FRONT-RIGHT-CORNER,,,,,,,,,,,,,,,,,,,,,,,,,,,,,,,,,
2130528,4f3f2d5cb72cb7f3b1ea38eeb53fa4c87c81cd9190960b1f27e72bc6d5ee994e21c33194a04515812aa1308b26f3ad82f6a9f5b7b3a1a07c13b4822f0a088d0d,08/17/2025 11:00:00 AM,2,PARKED,,2031002,,TOYOTA,RAV4,IL,2021,UNKNOWN,SPORT UTILITY VEHICLE (SUV),NOT IN USE,N,PARKED,,,0,,,,,Y,,,,Y,,,,,,,,,FRONT-RIGHT-CORNER,,,,,,,,,,,,,,,,,,,,,,,,,,,,,,,,,
2130388,5e383a5e0ba976aacb1b03180c2b4718ec7efb996c6ec58f49f6373695555851a94f30ecb0da0b5fb6a6cd695b33efa3223fd4ec78f30cd7265299e61e7e10de,08/17/2025 11:00:00 AM,1,DRIVER,,2030872,,LEXUS,ES350,IL,2015,NONE,PASSENGER,PERSONAL,E,UNKNOWN/NA,,,1,,,,,,Y,Y,Y,,,,,,,,,,SIDE-RIGHT,,,,,,,,,,,,,,,,,,,,,,,,,,,,,,,,,
2130389,5e383a5e0ba976aacb1b03180c2b4718ec7efb996c6ec58f49f6373695555851a94f30ecb0da0b5fb6a6cd695b33efa3223fd4ec78f30cd7265299e61e7e10de,08/17/2025 11:00:00 AM,2,PARKED,,2030874,,NISSAN,ROGUE,IL,2017,NONE,SPORT UTILITY VEHICLE (SUV),NOT IN USE,E,PARKED,,,0,,,,,,,,,,,,,,Y,Y,,,FRONT-LEFT-CORNER,,,,,,,,,,,,,,,,,,,,,,,,,,,,,,,,,
2137808,8ba567291deb137772f6d6c5e6c60366688fee3275d69dab7b0c4b84a6d88d41f0f34699cb269a7ec7a0b858b028a8deddcb99e0e2b10f228c913b198778b537,08/17/2025 11:00:00 AM,1,DRIVER,,2037918,,ACURA,ZDX,IL,2024,NONE,PASSENGER,PERSONAL,W,TURNING LEFT,,,1,,,,,,,,Y,Y,,,,,N,N,,,REAR-RIGHT-CORNER,,,,,,,,,,,,,,,,,,,,,,,,,,,,,,,,,
2137809,8ba567291deb137772f6d6c5e6c60366688fee3275d69dab7b0c4b84a6d88d41f0f34699cb269a7ec7a0b858b028a8deddcb99e0e2b10f228c913b198778b537,08/17/2025 11:00:00 AM,2,DRIVER,,2037919,,TOYOTA,OTHER (EXPLAIN IN NARRATIVE),OH,2011,NONE,PASSENGER,PERSONAL,W,TURNING LEFT,,,1,,,,,,,,N,N,,,,Y,Y,Y,,,SIDE-LEFT-FRONT,,,,,,,,,,,,,,,,,,,,,,,,,,,,,,,,,
2130398,c0475a35ecbbb50cfc4bce72247a78c4f59eac6dd344e9e00b6d116d199415dbe69f90ec62c37e4c76f62f54e16a144d9dbc81e5059f80c8f1accbf631ac43f9,08/17/2025 10:50:00 AM,1,DRIVER,,2030880,,SUBARU,BRZ,IL,2023,NONE,PASSENGER,PERSONAL,N,STRAIGHT AHEAD,,,1,,,,,Y,Y,,,,,,,,,,,,FRONT-RIGHT-CORNER,,,,,,,,,,,,,,,,,,,,,,,,,,,,,,,,,
2130399,c0475a35ecbbb50cfc4bce72247a78c4f59eac6dd344e9e00b6d116d199415dbe69f90ec62c37e4c76f62f54e16a144d9dbc81e5059f80c8f1accbf631ac43f9,08/17/2025 10:50:00 AM,2,DRIVER,1,2030887,,CHEVROLET,MALIBU,IL,2010,NONE,PASSENGER,PERSONAL,E,TURNING RIGHT,,,2,,,,,,,,,,,,,,,,Y,,FRONT,,,,,,,,,,,,,,,,,,,,,,,,,,,,,,,,,
2130390,2dae1e7483532e07fb4899e874ea0a0cc28b03732f9645af0abda443bdd50d4c6074c3ce5fae8d67442ddd93d04dc5c89c8cf5d964607f1d3a78e5021198e2bd,08/17/2025 10:45:00 AM,1,DRIVER,,2030876,,HYUNDAI,OTHER (EXPLAIN IN NARRATIVE),IL,,UNKNOWN,PASSENGER,PERSONAL,S,UNKNOWN/NA,,,1,,,,,,,,,,,,,,,Y,,,SIDE-LEFT,,,,,,,,,,,,,,,,,,,,,,,,,,,,,,,,,
2130391,2dae1e7483532e07fb4899e874ea0a0cc28b03732f9645af0abda443bdd50d4c6074c3ce5fae8d67442ddd93d04dc5c89c8cf5d964607f1d3a78e5021198e2bd,08/17/2025 10:45:00 AM,2,DRIVER,1,2030878,,MITSUBISHI,OUTLANDER,IL,2019,UNKNOWN,PASSENGER,PERSONAL,S,STRAIGHT AHEAD,,,2,,,,,Y,Y,,,,,,,,,,,,SIDE-LEFT,,,,,,,,,,,,,,,,,,,,,,,,,,,,,,,,,
2130404,7a6fe0cef6552f98f66f6818c473ab2e4e410e4b850cddb488930be61d338b831c0f290e76646ca234ee14bd0cbf700ef09b9c22cb8a47c023e21b2db8d68fa9,08/17/2025 10:45:00 AM,1,DRIVER,,2030884,,LINCOLN,MKX,IL,2018,UNKNOWN,UNKNOWN/NA,UNKNOWN/NA,UNKNOWN,UNKNOWN/NA,,,1,,,,,,,,,,,,,,,,,Y,UNKNOWN,,,,,,,,,,,,,,,,,,,,,,,,,,,,,,,,,