CRASH_UNIT_ID,CRASH_RECORD_ID,CRASH_DATE,UNIT_NO,UNIT_TYPE,NUM_PASSENGERS,VEHICLE_ID,CMRC_VEH_I,MAKE,MODEL,LIC_PLATE_STATE,VEHICLE_YEAR,VEHICLE_DEFECT,VEHICLE_TYPE,VEHICLE_USE,TRAVEL_DIRECTION,MANEUVER,TOWED_I,FIRE_I,OCCUPANT_CNT,EXCEED_SPEED_LIMIT_I,TOWED_BY,TOWED_TO,AREA_00_I,AREA_01_I,AREA_02_I,AREA_03_I,AREA_04_I,AREA_05_I,AREA_06_I,AREA_07_I,AREA_08_I,AREA_09_I,AREA_10_I,AREA_11_I,AREA_12_I,AREA_99_I,FIRST_CONTACT_POINT,CMV_ID,USDOT_NO,CCMC_NO,ILCC_NO,COMMERCIAL_SRC,GVWR,CARRIER_NAME,CARRIER_STATE,CARRIER_CITY,HAZMAT_PLACARDS_I,HAZMAT_NAME,UN_NO,HAZMAT_PRESENT_I,HAZMAT_REPORT_I,HAZMAT_REPORT_NO,MCS_REPORT_I,MCS_REPORT_NO,HAZMAT_VIO_CAUSE_CRASH_I,MCS_VIO_CAUSE_CRASH_I,IDOT_PERMIT_NO,WIDE_LOAD_I,TRAILER1_WIDTH,TRAILER2_WIDTH,TRAILER1_LENGTH,TRAILER2_LENGTH,TOTAL_VEHICLE_LENGTH,AXLE_CNT,VEHICLE_CONFIG,CARGO_BODY_TYPE,LOAD_TYPE,HAZMAT_OUT_OF_SERVICE_I,MCS_OUT_OF_SERVICE_I,HAZMAT_CLASS
2130405,7a6fe0cef6552f98f66f6818c473ab2e4e410e4b850cddb488930be61d338b831c0f290e76646ca234ee14bd0cbf700ef09b9c22cb8a47c023e21b2db8d68fa9,08/17/2025 10:45:00 AM,2,PARKED,,2030889,,TOYOTA,COROLLA,IL,2025,UNKNOWN,PASSENGER,PERSONAL,UNKNOWN,PARKED,,,0,,,,,,,,,Y,,,,,,,,,REAR-RIGHT-CORNER,,,,,,,,,,,,,,,,,,,,,,,,,,,,,,,,,
2130453,912916ba3abefac73202e4dddb6e9fdd8f2c5ba273b61c9efe09ff7c5039bba6fd25e9498645387d77bc100b5ec21312a388c713e06ab1b43ddfe9c329ca01b3,08/17/2025 10:44:00 AM,1,DRIVER,,2030930,,SATURN,ION,IL,2006,UNKNOWN,PASSENGER,PERSONAL,S,STRAIGHT AHEAD,Y,,1,,CITY OF CHICAGO,701 N SACRAMENTO,,,,,,,,,,,,Y,Y,,FRONT-LEFT-CORNER,,,,,,,,,,,,,,,,,,,,,,,,,,,,,,,,,
2130454,912916ba3abefac73202e4dddb6e9fdd8f2c5ba273b61c9efe09ff7c5039bba6fd25e9498645387d77bc100b5ec21312a388c713e06ab1b43ddfe9c329ca01b3,08/17/2025 10:44:00 AM,2,PARKED,,2030932,,HONDA,PILOT,IL,2010,UNKNOWN,SPORT UTILITY VEHICLE (SUV),PERSONAL,S,PARKED,,,0,,,,,,,,,Y,,,,,,,,,SIDE-RIGHT-REAR,,,,,,,,,,,,,,,,,,,,,,,,,,,,,,,,,
2130426,20d63cef6c3939abfa246fb2cea05e6f2cd77e8d41bbd764a141d43b3c4bd8d3563346dc2ed91b6f5bf597434da8cfed9f6d23c1f070c71f173ef51ce430921a,08/17/2025 10:40:00 AM,1,PARKED,,2030911,,FORD,TRANSIT CONNECT,IL,2010,UNKNOWN,VAN/MINI-VAN,UNKNOWN/NA,N,PARKED,,,0,,,,,,,,,,,,,,,,,,NONE,,,,,,,,,,,,,,,,,,,,,,,,,,,,,,,,,
2130427,20d63cef6c3939abfa246fb2cea05e6f2cd77e8d41bbd764a141d43b3c4bd8d3563346dc2ed91b6f5bf597434da8cfed9f6d23c1f070c71f173ef51ce430921a,08/17/2025 10:40:00 AM,2,PARKED,,2030916,,HONDA,ODYSSEY,IL,2002,NONE,PASSENGER,PERSONAL,N,PARKED,,,0,,,,,,,,,,Y,,,,,,,,REAR,,,,,,,,,,,,,,,,,,,,,,,,,,,,,,,,,
2130466,808ac174f0d39cf82db33d46d92b0d81d636105eb319593a313184858431a901a8a0761843101bccb6c22d07e572636c5ced4cbd913f156325a407ed44b86bbf,08/17/2025 10:30:00 AM,1,DRIVER,,2030951,,UNKNOWN,OTHER (EXPLAIN IN NARRATIVE),,,UNKNOWN,UNKNOWN/NA,UNKNOWN/NA,UNKNOWN,UNKNOWN/NA,,,1,,,,,,,,,,,,,,,,,Y,UNKNOWN,,,,,,,,,,,,,,,,,,,,,,,,,,,,,,,,,
2130467,808ac174f0d39cf82db33d46d92b0d81d636105eb319593a313184858431a901a8a0761843101bccb6c22d07e572636c5ced4cbd913f156325a407ed44b86bbf,08/17/2025 10:30:00 AM,2,PARKED,,2030941,,CHEVROLET,TRAX,IL,2019,NONE,SPORT UTILITY VEHICLE (SUV),NOT IN USE,W,PARKED,,,0,,,,,,,,,,,,,,,Y,,,FRONT-LEFT-CORNER,,,,,,,,,,,,,,,,,,,,,,,,,,,,,,,,,
2130611,7b0c73adce69782ff1bcf8a76f8938a3451800c109d15bb9370204f5ae8276c62da22541188bc7adf9c5bc2f5c90572bbb40df5c3e1d06a1881d722300b4bdd2,08/17/2025 10:28:00 AM,1,DRIVER,,2031084,,UNKNOWN,MOTORIZED,IL,,NONE,PASSENGER,PERSONAL,E,STRAIGHT AHEAD,,,1,,,,,,,,,,,,,,Y,,,,OTHER,,,,,,,,,,,,,,,,,,,,,,,,,,,,,,,,,
2130612,7b0c73adce69782ff1bcf8a76f8938a3451800c109d15bb9370204f5ae8276c62da22541188bc7adf9c5bc2f5c90572bbb40df5c3e1d06a1881d722300b4bdd2,08/17/2025 10:28:00 AM,2,DRIVER,,2031090,,FORD,TRANSIT,IL,2020,NONE,BUS UP TO 15 PASS.,OTHER,W,STRAIGHT AHEAD,,,1,,,,,,,,,,,,,,Y,,,,OTHER,,,,,,,,,,,,,,,,,,,,,,,,,,,,,,,,,
2130539,d3a521bcc37a18e1d76da92dfd55540edcc6a86785f18829f73390617d9b095f56b4209c33ec03d09bbd71b9ad18dd441a2f0945ae60be713a3627625ee90c53,08/17/2025 10:27:00 AM,1,DRIVER,,2031022,,UNKNOWN,MOTORIZED,IL,,UNKNOWN,UNKNOWN/NA,UNKNOWN/NA,N,STRAIGHT AHEAD,,,1,,,,,Y,,,,,,,,,,Y,Y,,FRONT,,,,,,,,,,,,,,,,,,,,,,,,,,,,,,,,,
2130540,d3a521bcc37a18e1d76da92dfd55540edcc6a86785f18829f73390617d9b095f56b4209c33ec03d09bbd71b9ad18dd441a2f0945ae60be713a3627625ee90c53,08/17/2025 10:27:00 AM,2,PARKED,,2031019,,NISSAN,ALTIMA,IL,2022,UNKNOWN,PASSENGER,PERSONAL,N,PARKED,,,0,,,,,,,,,Y,Y,Y,,,,,,,REAR,,,,,,,,,,,,,,,,,,,,,,,,,,,,,,,,,
2130380,1b9c332a0f146bfddc6875927360d59ac601edc5903e6859332c035bd48b0e385af6cf19c640f6a2ac91d84a0dc952e84ce95e89c90312a2b524c0fcf8009a37,08/17/2025 10:20:00 AM,1,DRIVER,3,2030863,,FORD,F150,IL,2002,UNKNOWN,PICKUP,PERSONAL,NW,TURNING RIGHT,,,4,,,,,,,,,,,,,,,,,,FRONT-RIGHT-CORNER,,,,,,,,,,,,,,,,,,,,,,,,,,,,,,,,,
2130381,1b9c332a0f146bfddc6875927360d59ac601edc5903e6859332c035bd48b0e385af6cf19c640f6a2ac91d84a0dc952e84ce95e89c90312a2b524c0fcf8009a37,08/17/2025 10:20:00 AM,2,BICYCLE,,,,,,,,,,,,,,,,,,,,,,,,,,,,,,,,,,,,,,,,,,,,,,,,,,,,,,,,,,,,,,,,,,
2130472,f19250ca79038c6ffa459f04e4f15b2e974410768f91e904667e59e66c9add50b3cbab7f1f8ba6e5c7d19d5be723f7d9c7ee79a7c3013855b59dde3439ca3be6,08/17/2025 10:20:00 AM,1,DRIVER,,2030945,,NISSAN,ALTIMA,IL,2012,NONE,PASSENGER,PERSONAL,N,STRAIGHT AHEAD,,,1,,,,,,,,,,,,,,,Y,,,FRONT-LEFT-CORNER,,,,,,,,,,,,,,,,,,,,,,,,,,,,,,,,,
2130473,f19250ca79038c6ffa459f04e4f15b2e974410768f91e904667e59e66c9add50b3cbab7f1f8ba6e5c7d19d5be723f7d9c7ee79a7c3013855b59dde3439ca3be6,08/17/2025 10:20:00 AM,2,PARKED,,2030947,,CADILLAC,ESCALADE,IL,2008,NONE,SPORT UTILITY VEHICLE (SUV),PERSONAL,N,PARKED,,,0,,,,,,,,Y,Y,,,,,,,,,SIDE-RIGHT-REAR,,,,,,,,,,,,,,,,,,,,,,,,,,,,,,,,,
2130569,b03eb2909993748c9c996580dde67128ca67af295665c7b46ca7934cd38c2290952e68045cbdba719c727d1444e62ce1ee11ae047da0f6b9e76e1512b5f4e14c,08/17/2025 10:15:00 AM,1,DRIVER,,2031035,,UNKNOWN,OTHER (EXPLAIN IN NARRATIVE),,,NONE,PASSENGER,UNKNOWN/NA,E,STRAIGHT AHEAD,,,1,,,,Y,,,,,,,,,,,,,,SIDE-RIGHT,,,,,,,,,,,,,,,,,,,,,,,,,,,,,,,,,
2130570,b03eb2909993748c9c996580dde67128ca67af295665c7b46ca7934cd38c2290952e68045cbdba719c727d1444e62ce1ee11ae047da0f6b9e76e1512b5f4e14c,08/17/2025 10:15:00 AM,2,PEDESTRIAN,,,,,,,,,,,,,,,,,,,,,,,,,,,,,,,,,,,,,,,,,,,,,,,,,,,,,,,,,,,,,,,,,,
2130372,066cb81ab552a2fc4bef412898f235924f2ce65b3d9380892c840c5dfa376089b10d9a22bdbf8e5d4722dd09b08f4e6ca088194bd2d64565e8b1ec9aa7c8f95f,08/17/2025 10:00:00 AM,1,DRIVER,,2030853,,UNKNOWN,OTHER (EXPLAIN IN NARRATIVE),XX,,UNKNOWN,UNKNOWN/NA,UNKNOWN/NA,S,UNKNOWN/NA,,,1,,,,,,,,,,,,,,,,,Y,UNKNOWN,,,,,,,,,,,,,,,,,,,,,,,,,,,,,,,,,
2130373,066cb81ab552a2fc4bef412898f235924f2ce65b3d9380892c840c5dfa376089b10d9a22bdbf8e5d4722dd09b08f4e6ca088194bd2d64565e8b1ec9aa7c8f95f,08/17/2025 10:00:00 AM,2,PARKED,,2030857,,NISSAN,ALTIMA,IL,2021,NONE,PASSENGER,NOT IN USE,S,PARKED,,,0,,,,,,,,,,,,,,Y,Y,,,FRONT-LEFT-CORNER,,,,,,,,,,,,,,,,,,,,,,,,,,,,,,,,,
2130387,3e104cc4ccbc3e564b0515a6e82dba983b365b40899fafac75485ca55bc63edd9b8a35305e89bbce8dd96e6093b29877cf9ad0f28b22bbdc35fefc91702958a2,08/17/2025 10:00:00 AM,1,DRIVER,1,2030875,,FORD,OTHER (EXPLAIN IN NARRATIVE),IL,2021,UNKNOWN,TRUCK - SINGLE UNIT,AMBULANCE,W,STRAIGHT AHEAD,,,2,,,,Y,,,,,,,,,,,,N,,TOP,,,,,,,,,,,,,,,,,,,,,,,,,,,,,,,,,
2130451,a0f1f9e587b98560c9704fa05cf263c8b033bbd1c50727a22c5041c11ff75e476c0c64676a3d2e1ed2375af4a323bd2fb88566b51535115987e253a4658d071f,08/17/2025 10:00:00 AM,1,DRIVER,,2030924,,NISSAN,SENTRA,IL,2020,NONE,PASSENGER,PERSONAL,E,STRAIGHT AHEAD,,,1,,,,,,,,,,,,,,,,Y,,FRONT,,,,,,,,,,,,,,,,,,,,,,,,,,,,,,,,,
2130452,a0f1f9e587b98560c9704fa05cf263c8b033bbd1c50727a22c5041c11ff75e476c0c64676a3d2e1ed2375af4a323bd2fb88566b51535115987e253a4658d071f,08/17/2025 10:00:00 AM,2,DRIVER,,2030925,,FORD,EDGE,IL,2009,NONE,PASSENGER,PERSONAL,N,STRAIGHT AHEAD,,,1,,,,,,,,,,,,,,,Y,,,FRONT-LEFT-CORNER,,,,,,,,,,,,,,,,,,,,,,,,,,,,,,,,,
2130400,e4644fcd3db0aed1256642140475d0d15c8cb1f552befb9d0e8c2184011fe6bfd5c59b9c77e8d26b827cab280c89256bc3fdb73131e2a89b6fa3149cb962c2de,08/17/2025 10:00:00 AM,1,DRIVER,,2030882,,UNKNOWN,OTHER (EXPLAIN IN NARRATIVE),,,UNKNOWN,UNKNOWN/NA,UNKNOWN/NA,UNKNOWN,UNKNOWN/NA,,,1,,,,,,,,,,,,,,,,,,UNKNOWN,,,,,,,,,,,,,,,,,,,,,,,,,,,,,,,,,
2130401,e4644fcd3db0aed1256642140475d0d15c8cb1f552befb9d0e8c2184011fe6bfd5c59b9c77e8d26b827cab280c89256bc3fdb73131e2a89b6fa3149cb962c2de,08/17/2025 10:00:00 AM,2,PARKED,,2030886,,DODGE,OTHER (EXPLAIN IN NARRATIVE),IL,2024,NONE,SPORT UTILITY VEHICLE (SUV),NOT IN USE,S,PARKED,,,0,,,,,Y,,,,,,,,,,Y,Y,,FRONT,,,,,,,,,,,,,,,,,,,,,,,,,,,,,,,,,
2130354,b712687a29d5b02f1860fd4d15638eb4952fc25d79409eb63c72eaee18f772930cc569a03ec28101194a80d011a6ace884a3d03cdc97f09976a3fa003bbcf0f3,08/17/2025 09:50:00 AM,1,DRIVER,,2030839,,TOYOTA,RAV4,IL,2012,UNKNOWN,PASSENGER,UNKNOWN/NA,W,STRAIGHT AHEAD,,,1,,,,,,,,,,,,,,,,,Y,FRONT,,,,,,,,,,,,,,,,,,,,,,,,,,,,,,,,,
2130355,b712687a29d5b02f1860fd4d15638eb4952fc25d79409eb63c72eaee18f772930cc569a03ec28101194a80d011a6ace884a3d03cdc97f09976a3fa003bbcf0f3,08/17/2025 09:50:00 AM,2,BICYCLE,,,,,,,,,,,,,,,,,,,,,,,,,,,,,,,,,,,,,,,,,,,,,,,,,,,,,,,,,,,,,,,,,,
2130336,5e7c3bebf380347fcb5a5ed84627ea051a3b1997c4839761968c17f1e8730c3db683f3471c2073f6c95d6ae995cb276aafa2ceb4089f0280fbebb30c9f0216d8,08/17/2025 09:45:00 AM,1,DRIVER,,2030820,,BUICK,ENCORE,KS,2017,UNKNOWN,UNKNOWN/NA,UNKNOWN/NA,E,TURNING LEFT,,,1,,,,,,,,,,,,,,,,,Y,UNKNOWN,,,,,,,,,,,,,,,,,,,,,,,,,,,,,,,,,
2130337,5e7c3bebf380347fcb5a5ed84627ea051a3b1997c4839761968c17f1e8730c3db683f3471c2073f6c95d6ae995cb276aafa2ceb4089f0280fbebb30c9f0216d8,08/17/2025 09:45:00 AM,2,DRIVER,,2030822,,CHEVROLET,IMPALA,IL,2008,UNKNOWN,UNKNOWN/NA,UNKNOWN/NA,E,TURNING LEFT,,,1,,,,,,,,,Y,Y,Y,,,,,,,REAR,,,,,,,,,,,,,,,,,,,,,,,,,,,,,,,,,
2130339,af75349d00b3c4598c260e18a226ccb8e0ee03de4c03e73328a4cca165baf677457e47cdd605357e520996a4b6e26377fbe3bb687a23ddb8aaf9147edcd39d22,08/17/2025 09:38:00 AM,2,PARKED,1,2030834,,JEEP,COMPASS,IL,2016,UNKNOWN,PASSENGER,PERSONAL,S,PARKED,,,1,,,,,,,,,,,,,,,,Y,,FRONT,,,,,,,,,,,,,,,,,,,,,,,,,,,,,,,,,
2130346,af75349d00b3c4598c260e18a226ccb8e0ee03de4c03e73328a4cca165baf677457e47cdd605357e520996a4b6e26377fbe3bb687a23ddb8aaf9147edcd39d22,08/17/2025 09:38:00 AM,1,DRIVER,,2030830,,DODGE,DAKOTA,IL,2010,UNKNOWN,PICKUP,PERSONAL,N,BACKING,,,1,,,,Y,,,,,,,,,,,,,,REAR,,,,,,,,,,,,,,,,,,,,,,,,,,,,,,,,,
2130358,375535c3a7d5cf5409b3cdcac210de601f217852cec5c0984a087e776dc3b694fbeaee2e4127e42452671351cafd70c6990f95795167646a219c478996096183,08/17/2025 09:30:00 AM,1,DRIVER,,2030845,,JEEP,LIBERTY,IL,2003,NONE,SPORT UTILITY VEHICLE (SUV),PERSONAL,S,STRAIGHT AHEAD,Y,,1,,PRIVATE,UNKNOWN,,Y,Y,,,,,,,,,,Y,,FRONT-RIGHT-CORNER,,,,,,,,,,,,,,,,,,,,,,,,,,,,,,,,,
2130359,375535c3a7d5cf5409b3cdcac210de601f217852cec5c0984a087e776dc3b694fbeaee2e4127e42452671351cafd70c6990f95795167646a219c478996096183,08/17/2025 09:30:00 AM,2,DRIVER,,2030848,,HYUNDAI,PALISADE,IL,,NONE,SPORT UTILITY VEHICLE (SUV),UNKNOWN/NA,W,TURNING LEFT,,,1,,,,Y,,,,,,,,,,,,,,NONE,,,,,,,,,,,,,,,,,,,,,,,,,,,,,,,,,
2130424,3b77d39973b2bef7f1f9a6bb6ddbc4aeb28aafa92b4f9cb66f0674e197cc3adae02af3b36954b95f9b0f0d2974ddb5cf69db8be1e96d9f365bfca1f2264ec560,08/17/2025 09:30:00 AM,1,DRIVER,,2030908,,FORD,EXPLORER,IL,,UNKNOWN,SPORT UTILITY VEHICLE (SUV),UNKNOWN/NA,UNKNOWN,UNKNOWN/NA,,,1,,,,,,,,,,,,,,,,,,UNKNOWN,,,,,,,,,,,,,,,,,,,,,,,,,,,,,,,,,
2130425,3b77d39973b2bef7f1f9a6bb6ddbc4aeb28aafa92b4f9cb66f0674e197cc3adae02af3b36954b95f9b0f0d2974ddb5cf69db8be1e96d9f365bfca1f2264ec560,08/17/2025 09:30:00 AM,2,PARKED,,2030917,,NISSAN,MAXIMA,IL,,NONE,PASSENGER,NOT IN USE,E,PARKED,,,0,,,,,,,,,,,Y,Y,,Y,,,,SIDE-LEFT,,,,,,,,,,,,,,,,,,,,,,,,,,,,,,,,,
2132485,4dbc8ad27044cad5ef65d59b8daf462afdc369e18f4862dc3c8ac8da46930fd29b3f9e9ff89470ee5be470131dd17789ab776f237d1e6b035046362079b119c2,08/17/2025 09:30:00 AM,1,DRIVER,,2032824,,DODGE,RAM PROMASTER,OR,2025,NONE,PASSENGER,PERSONAL,N,STRAIGHT AHEAD,,,1,,,,,,,,Y,Y,,,,,,,,,SIDE-RIGHT-REAR,,,,,,,,,,,,,,,,,,,,,,,,,,,,,,,,,
2132486,4dbc8ad27044cad5ef65d59b8daf462afdc369e18f4862dc3c8ac8da46930fd29b3f9e9ff89470ee5be470131dd17789ab776f237d1e6b035046362079b119c2,08/17/2025 09:30:00 AM,2,PARKED,,2032826,,HONDA,PASSPORT,IL,2023,NONE,PASSENGER,PERSONAL,N,PARKED,,,0,,,,,,,,,,,,,,Y,Y,,,FRONT-LEFT-CORNER,,,,,,,,,,,,,,,,,,,,,,,,,,,,,,,,,
2130664,ce4d332b3670f110efa2ca547a73736f1235c7c826be8310f00f5376fa25740a1560bd4b131e11806ff48be7790526646e10567268f793121f123948a7edb721,08/17/2025 09:30:00 AM,1,DRIVER,,2031136,,UNKNOWN,MOTORIZED,,,UNKNOWN,UNKNOWN/NA,UNKNOWN/NA,UNKNOWN,UNKNOWN/NA,,,1,,,,,,,,,,,,,,,,,,UNKNOWN,,,,,,,,,,,,,,,,,,,,,,,,,,,,,,,,,
2130665,ce4d332b3670f110efa2ca547a73736f1235c7c826be8310f00f5376fa25740a1560bd4b131e11806ff48be7790526646e10567268f793121f123948a7edb721,08/17/2025 09:30:00 AM,2,PARKED,,2031139,,TOYOTA,CAMRY,IL,2017,UNKNOWN,PASSENGER,PERSONAL,E,PARKED,,,0,,,,,,,,,,,,,,,Y,,,FRONT-LEFT-CORNER,,,,,,,,,,,,,,,,,,,,,,,,,,,,,,,,,
2134212,51a6dcf063c23d760ceb794a98f37c6604bd871d8ac27927550cf6662bc19e08354ef140701fad72cc8421beb2b28938b011cb252c2b828d776ee8c7a8428083,08/17/2025 09:20:00 AM,1,DRIVER,,2034489,,FORD,OTHER (EXPLAIN IN NARRATIVE),IL,2019,NONE,TRUCK - SINGLE UNIT,PERSONAL,N,PASSING/OVERTAKING,,,1,,,,Y,,,,,,,,,,,,,,SIDE-RIGHT,,,,,,,,,,,,,,,,,,,,,,,,,,,,,,,,,
2134213,51a6dcf063c23d760ceb794a98f37c6604bd871d8ac27927550cf6662bc19e08354ef140701fad72cc8421beb2b28938b011cb252c2b828d776ee8c7a8428083,08/17/2025 09:20:00 AM,2,PARKED,,2034490,,CHRYSLER,PACIFICA,GA,2026,NONE,VAN/MINI-VAN,NOT IN USE,N,PARKED IN TRAFFIC LANE,,,0,,,,,,,,,,,,Y,Y,,,,,SIDE-LEFT,,,,,,,,,,,,,,,,,,,,,,,,,,,,,,,,,
2130316,79eff838f24ed85089bdbb634b3324da4f4223c2112d764176e82812346fc37332cec80cda88f25bb4497ad1de3b3f901289cccf08214eeb6c7c965007c61f28,08/17/2025 09:12:00 AM,1,DRIVER,,2030808,,HONDA,CR-V,IL,2024,NONE,PICKUP,PERSONAL,E,STRAIGHT AHEAD,,,1,,,,,Y,,,,,,,,,,Y,Y,,FRONT,,,,,,,,,,,,,,,,,,,,,,,,,,,,,,,,,
2130317,79eff838f24ed85089bdbb634b3324da4f4223c2112d764176e82812346fc37332cec80cda88f25bb4497ad1de3b3f901289cccf08214eeb6c7c965007c61f28,08/17/2025 09:12:00 AM,2,DRIVER,,2030810,,CHEVROLET,EQUINOX,FL,2020,NONE,PASSENGER,PERSONAL,E,STRAIGHT AHEAD,,,1,,,,,,,,,Y,Y,Y,,,,,,,REAR,,,,,,,,,,,,,,,,,,,,,,,,,,,,,,,,,
2130325,3816d798d88267bcb7dd06f358d55ff6ce607ff4c1b79e9084e876160dc3c44d033da2606496a8b3d6890e56583f5766f5d850b81ec3069dab148b2e67d4b073,08/17/2025 09:11:00 AM,1,DRIVER,,2030823,,CHEVROLET,CRUZE,IL,2018,UNKNOWN,PASSENGER,UNKNOWN/NA,E,STRAIGHT AHEAD,,,1,,,,,,,,,,,,,,,,,,FRONT,,,,,,,,,,,,,,,,,,,,,,,,,,,,,,,,,
2130326,3816d798d88267bcb7dd06f358d55ff6ce607ff4c1b79e9084e876160dc3c44d033da2606496a8b3d6890e56583f5766f5d850b81ec3069dab148b2e67d4b073,08/17/2025 09:11:00 AM,2,DRIVER,,2030832,,BMW,X3,IL,2025,NONE,SPORT UTILITY VEHICLE (SUV),PERSONAL,E,SLOW/STOP IN TRAFFIC,,,1,,,,,,,,,,,,,,,,,,REAR,,,,,,,,,,,,,,,,,,,,,,,,,,,,,,,,,
2130366,f0a986ee8f12339f74e427ad8e7f680b360b092b758860d636461ced29a3d770c7baa21795e9794d0d39678ee66e44a6db416949acead580c5cc7769944fcbfc,08/17/2025 09:05:00 AM,1,DRIVER,,2030854,,FORD,F150,IL,2011,UNKNOWN,PICKUP,PERSONAL,UNKNOWN,OTHER,,,1,,,,,Y,Y,Y,Y,Y,,Y,Y,Y,N,N,,,SIDE-LEFT,,,,,,,,,,,,,,,,,,,,,,,,,,,,,,,,,
2130367,f0a986ee8f12339f74e427ad8e7f680b360b092b758860d636461ced29a3d770c7baa21795e9794d0d39678ee66e44a6db416949acead580c5cc7769944fcbfc,08/17/2025 09:05:00 AM,2,PARKED,,2030859,,MAZDA,CX-5,IL,2022,NONE,SPORT UTILITY VEHICLE (SUV),PERSONAL,W,PARKED,,,0,,,,,,,Y,Y,Y,,,,,,,,,REAR-RIGHT-CORNER,,,,,,,,,,,,,,,,,,,,,,,,,,,,,,,,,
2130368,f0a986ee8f12339f74e427ad8e7f680b360b092b758860d636461ced29a3d770c7baa21795e9794d0d39678ee66e44a6db416949acead580c5cc7769944fcbfc,08/17/2025 09:05:00 AM,3,PARKED,,2030862,,JEEP,CHEROKEE,IL,2017,NONE,SPORT UTILITY VEHICLE (SUV),PERSONAL,W,PARKED,,,0,,,,,Y,Y,Y,Y,Y,Y,,,,,,,,SIDE-RIGHT,,,,,,,,,,,,,,,,,,,,,,,,,,,,,,,,,
2130369,f0a986ee8f12339f74e427ad8e7f680b360b092b758860d636461ced29a3d770c7baa21795e9794d0d39678ee66e44a6db416949acead580c5cc7769944fcbfc,08/17/2025 09:05:00 AM,4,PARKED,,2030866,,JEEP,COMPASS,IL,2019,NONE,SPORT UTILITY VEHICLE (SUV),PERSONAL,W,PARKED,,,0,,,,,,Y,Y,Y,Y,,,,,,,,,SIDE-RIGHT,,,,,,,,,,,,,,,,,,,,,,,,,,,,,,,,,
2130350,6d431c61219ff9ccb32b8d0e9ad8839da3b684c965738285fcb6e1e038980f7d046458b899d36bafd280fed4b6a083defda318032b34ed63f716b4cf1c406f2d,08/17/2025 09:03:00 AM,1,DRIVER,,2030835,,CHEVROLET,IMPALA,IL,2010,UNKNOWN,UNKNOWN/NA,UNKNOWN/NA,E,STRAIGHT AHEAD,,,1,,,,,,,,,,,,,,,,,Y,UNKNOWN,,,,,,,,,,,,,,,,,,,,,,,,,,,,,,,,,
2130351,6d431c61219ff9ccb32b8d0e9ad8839da3b684c965738285fcb6e1e038980f7d046458b899d36bafd280fed4b6a083defda318032b34ed63f716b4cf1c406f2d,08/17/2025 09:03:00 AM,2,DRIVER,,2030841,,CHEVROLET,MALIBU,IL,2023,NONE,PASSENGER,PERSONAL,E,STRAIGHT AHEAD,,,1,,,,,,,,,Y,,Y,,,,,,,REAR,,,,,,,,,,,,,,,,,,,,,,,,,,,,,,,,,
2130496,48d960527807978e8b8a9fbdb1623f3924198778df284955bc8d6fa7ae4f046b7c515ddc2757224021c5ab36a0dd5a63fcaf880595264052c20ca9b8408300c0,08/17/2025 09:00:00 AM,1,DRIVER,,2030984,,HYUNDAI,OTHER (EXPLAIN IN NARRATIVE),,,UNKNOWN,PASSENGER,UNKNOWN/NA,N,UNKNOWN/NA,,,1,,,,,Y,,,,,,,,,,,,,FRONT-RIGHT-CORNER,,,,,,,,,,,,,,,,,,,,,,,,,,,,,,,,,
2130497,48d960527807978e8b8a9fbdb1623f3924198778df284955bc8d6fa7ae4f046b7c515ddc2757224021c5ab36a0dd5a63fcaf880595264052c20ca9b8408300c0,08/17/2025 09:00:00 AM,2,PARKED,,2030990,,TOYOTA,RAV4,IL,2016,NONE,PASSENGER,PERSONAL,N,PARKED,,,0,,,,,,,,,,,Y,,,,,,,REAR-LEFT-CORNER,,,,,,,,,,,,,,,,,,,,,,,,,,,,,,,,,
2130778,5aaa006eea3312dae7824f64d3d778f7df768c6144492d052a9f18b8fb556164e87a55284bb9148c9c61e46d9deb8e4899ec12f171f121ad9437cdd614333ca4,08/17/2025 09:00:00 AM,1,DRIVER,,2031234,,FORD,CLUB WAGON E150,IL,2023,NONE,PASSENGER,PERSONAL,UNKNOWN,STRAIGHT AHEAD,,,1,,,,,Y,,,,,,,,,,Y,Y,,FRONT,,,,,,,,,,,,,,,,,,,,,,,,,,,,,,,,,
2130779,5aaa006eea3312dae7824f64d3d778f7df768c6144492d052a9f18b8fb556164e87a55284bb9148c9c61e46d9deb8e4899ec12f171f121ad9437cdd614333ca4,08/17/2025 09:00:00 AM,2,DRIVER,,2031231,,LINCOLN,NAVIGATOR,IL,2019,NONE,PASSENGER,PERSONAL,UNKNOWN,STRAIGHT AHEAD,,,1,,,,,,,,,Y,Y,Y,,,,,,,REAR,,,,,,,,,,,,,,,,,,,,,,,,,,,,,,,,,
2130347,cb499a7214e11d43346e03ef722f9716cd53e7bad46b112bbb2d1418671506eb8a2c0734fcae3f2ce78a773ed07312078260bb897ff46fc1a9f91405c17b7f83,08/17/2025 09:00:00 AM,1,DRIVER,,2030840,,UNKNOWN,OTHER (EXPLAIN IN NARRATIVE),IL,2022,NONE,OTHER,FIRE,E,TURNING LEFT,,,1,,,,,,,,,,,,Y,Y,,,,,SIDE-LEFT,,,,,,,,,,,,,,,,,,,,,,,,,,,,,,,,,