CRASH_UNIT_ID,CRASH_RECORD_ID,CRASH_DATE,UNIT_NO,UNIT_TYPE,NUM_PASSENGERS,VEHICLE_ID,CMRC_VEH_I,MAKE,MODEL,LIC_PLATE_STATE,VEHICLE_YEAR,VEHICLE_DEFECT,VEHICLE_TYPE,VEHICLE_USE,TRAVEL_DIRECTION,MANEUVER,TOWED_I,FIRE_I,OCCUPANT_CNT,EXCEED_SPEED_LIMIT_I,TOWED_BY,TOWED_TO,AREA_00_I,AREA_01_I,AREA_02_I,AREA_03_I,AREA_04_I,AREA_05_I,AREA_06_I,AREA_07_I,AREA_08_I,AREA_09_I,AREA_10_I,AREA_11_I,AREA_12_I,AREA_99_I,FIRST_CONTACT_POINT,CMV_ID,USDOT_NO,CCMC_NO,ILCC_NO,COMMERCIAL_SRC,GVWR,CARRIER_NAME,CARRIER_STATE,CARRIER_CITY,HAZMAT_PLACARDS_I,HAZMAT_NAME,UN_NO,HAZMAT_PRESENT_I,HAZMAT_REPORT_I,HAZMAT_REPORT_NO,MCS_REPORT_I,MCS_REPORT_NO,HAZMAT_VIO_CAUSE_CRASH_I,MCS_VIO_CAUSE_CRASH_I,IDOT_PERMIT_NO,WIDE_LOAD_I,TRAILER1_WIDTH,TRAILER2_WIDTH,TRAILER1_LENGTH,TRAILER2_LENGTH,TOTAL_VEHICLE_LENGTH,AXLE_CNT,VEHICLE_CONFIG,CARGO_BODY_TYPE,LOAD_TYPE,HAZMAT_OUT_OF_SERVICE_I,MCS_OUT_OF_SERVICE_I,HAZMAT_CLASS
2130918,e81325fa75bd2a4657a2da77730363d57bc18edc377ac5ae6a8306968cd8cbc3c490b3f391b4ba93d941c9edf97a93fbefff52ad6e96e75c82f6e1c7a5588563,08/17/2025 09:00:00 AM,2,PARKED,,2031357,,NISSAN,SENTRA,IL,2017,NONE,PASSENGER,PERSONAL,W,PARKED,,,0,,,,,,,Y,,,,,,,,,,,SIDE-RIGHT-FRONT,,,,,,,,,,,,,,,,,,,,,,,,,,,,,,,,,
2130924,e81325fa75bd2a4657a2da77730363d57bc18edc377ac5ae6a8306968cd8cbc3c490b3f391b4ba93d941c9edf97a93fbefff52ad6e96e75c82f6e1c7a5588563,08/17/2025 09:00:00 AM,1,DRIVER,,2031361,,UNKNOWN,OTHER (EXPLAIN IN NARRATIVE),,,UNKNOWN,UNKNOWN/NA,UNKNOWN/NA,UNKNOWN,UNKNOWN/NA,,,1,,,,,,,,,,,,,,,,,,UNKNOWN,,,,,,,,,,,,,,,,,,,,,,,,,,,,,,,,,
2130329,c40401eafc7a4f072f22882432f378f8b8c5aa381e2abb7b07b88e79386031ede939c31d35e896eff6502fcb0defabf2fffce0cae594e5b7f122add0038b4f11,08/17/2025 08:45:00 AM,1,DRIVER,2,2030843,,TESLA,OTHER (EXPLAIN IN NARRATIVE),IL,2019,UNKNOWN,UNKNOWN/NA,UNKNOWN/NA,W,AVOIDING VEHICLES/OBJECTS,,,3,,,,,,,,,,,Y,,,,,,,REAR-LEFT-CORNER,,,,,,,,,,,,,,,,,,,,,,,,,,,,,,,,,
2130330,c40401eafc7a4f072f22882432f378f8b8c5aa381e2abb7b07b88e79386031ede939c31d35e896eff6502fcb0defabf2fffce0cae594e5b7f122add0038b4f11,08/17/2025 08:45:00 AM,2,DRIVER,,2030860,,SUBARU,ASCENT,IL,2024,UNKNOWN,PASSENGER,PERSONAL,UNKNOWN,ENTERING TRAFFIC LANE FROM PARKING,,,1,,,,,,,Y,Y,,,,,,,,,,SIDE-RIGHT,,,,,,,,,,,,,,,,,,,,,,,,,,,,,,,,,
2130352,833ae5043742af2f2a27137af1e006522853b448e49a9624305de2b2b8952c1138a2fca444bca8856b733ec6e98df467f889a07990f3850e11d6ebebc8a1cdb3,08/17/2025 08:30:00 AM,1,DRIVER,1,2030844,,KIA,OPTIMA / K5,IL,2022,NONE,PASSENGER,PERSONAL,S,STRAIGHT AHEAD,,,2,,,,,,,,,Y,,Y,,,,,,,REAR-RIGHT-CORNER,,,,,,,,,,,,,,,,,,,,,,,,,,,,,,,,,
2130353,833ae5043742af2f2a27137af1e006522853b448e49a9624305de2b2b8952c1138a2fca444bca8856b733ec6e98df467f889a07990f3850e11d6ebebc8a1cdb3,08/17/2025 08:30:00 AM,2,DRIVER,,2030849,,SUBARU,LEGACY,IL,2017,NONE,PASSENGER,PERSONAL,S,BACKING,,,1,,,,,,,,,,,,,,,Y,Y,,FRONT-LEFT-CORNER,,,,,,,,,,,,,,,,,,,,,,,,,,,,,,,,,
2131412,8adffe03e5b33f54ea5e72cb7b1f0dec2b0fa6f5d2353a6793cb8048f88cf40e8207031e043e116486e763daf1f7e4b240e1df9bf622ae0388924990602cec1d,08/17/2025 08:30:00 AM,1,DRIVER,,2031824,,UNKNOWN,MOTORIZED,,,UNKNOWN,UNKNOWN/NA,UNKNOWN/NA,UNKNOWN,UNKNOWN/NA,,,1,,,,,,,,,,,,,,,,,Y,UNKNOWN,,,,,,,,,,,,,,,,,,,,,,,,,,,,,,,,,
2131413,8adffe03e5b33f54ea5e72cb7b1f0dec2b0fa6f5d2353a6793cb8048f88cf40e8207031e043e116486e763daf1f7e4b240e1df9bf622ae0388924990602cec1d,08/17/2025 08:30:00 AM,2,PARKED,,2031826,,CHEVROLET,SILVERADO,IL,2004,NONE,PICKUP,NOT IN USE,N,PARKED,,,0,,,,,,,,,,,,Y,Y,Y,Y,Y,,SIDE-LEFT,,,,,,,,,,,,,,,,,,,,,,,,,,,,,,,,,
2130518,f1ccde8ab327ef333b346db11a7a6890c6c5dbfc769a92a69c90d14c38874f4c98ba0efd780f2629ea10d97135507d22c0dfe395e1e4950f97108990943d4a5b,08/17/2025 08:30:00 AM,1,DRIVER,,2030993,,UNKNOWN,MOTORIZED,,,UNKNOWN,UNKNOWN/NA,UNKNOWN/NA,UNKNOWN,UNKNOWN/NA,,,1,,,,,,,,,,,,,,,,,Y,UNKNOWN,,,,,,,,,,,,,,,,,,,,,,,,,,,,,,,,,
2130519,f1ccde8ab327ef333b346db11a7a6890c6c5dbfc769a92a69c90d14c38874f4c98ba0efd780f2629ea10d97135507d22c0dfe395e1e4950f97108990943d4a5b,08/17/2025 08:30:00 AM,2,PARKED,,2030999,,CADILLAC,SRX,IL,2011,NONE,SPORT UTILITY VEHICLE (SUV),PERSONAL,S,PARKED,,,0,,,,,,Y,Y,Y,,,,,,,,,,SIDE-RIGHT,,,,,,,,,,,,,,,,,,,,,,,,,,,,,,,,,
2130312,a3745c64d792c4f24c39269101d5131574b1ce65663009519513d1bdeb40796a1c29b070521d20a1a11adbf28d5daa1794c2b01f447ca1ee0523f2efcbfda34d,08/17/2025 08:20:00 AM,1,DRIVER,,2030805,,NISSAN,SENTRA,PA,2024,NONE,PASSENGER,OTHER,N,STRAIGHT AHEAD,,,1,,,,,Y,,,,,,,,,,,Y,,FRONT,,,,,,,,,,,,,,,,,,,,,,,,,,,,,,,,,
2130306,4fc2f4d2a201176ea6a2ce4c03cf4f0902ded88428a495a267b40d3b739661bf2228071a3222963a534efa859cc31804707bf82c9e1078b60e1f349b21ef19af,08/17/2025 08:05:00 AM,1,DRIVER,,2030801,,TOYOTA,PRIUS,IL,2012,NONE,PASSENGER,PERSONAL,N,ENTERING TRAFFIC LANE FROM PARKING,,,1,,,,,,,,,,,Y,Y,,,,,,SIDE-LEFT-REAR,,,,,,,,,,,,,,,,,,,,,,,,,,,,,,,,,
2130307,4fc2f4d2a201176ea6a2ce4c03cf4f0902ded88428a495a267b40d3b739661bf2228071a3222963a534efa859cc31804707bf82c9e1078b60e1f349b21ef19af,08/17/2025 08:05:00 AM,2,DRIVER,,2030806,,CHEVROLET,TRAIL BLAZER,WI,2020,NONE,PASSENGER,PERSONAL,N,STRAIGHT AHEAD,,,1,,,,,Y,Y,,N,N,,,,,,,,,FRONT-RIGHT-CORNER,,,,,,,,,,,,,,,,,,,,,,,,,,,,,,,,,
2130302,6680a5481377ad641931421640191620336630fae87b9d2efe7dbd29afc5d549a444ef0b251c152f76473af963230a9572b3fe0fee8377507ffd23e1629ad9df,08/17/2025 07:55:00 AM,1,DRIVER,,2030798,,UNKNOWN,OTHER (EXPLAIN IN NARRATIVE),IL,2016,NONE,BUS OVER 15 PASS.,OTHER,UNKNOWN,STARTING IN TRAFFIC,,,1,,,,Y,,,,,,,,,,,,,,SIDE-LEFT-REAR,,,,,,,,,,,,,,,,,,,,,,,,,,,,,,,,,
2130308,6680a5481377ad641931421640191620336630fae87b9d2efe7dbd29afc5d549a444ef0b251c152f76473af963230a9572b3fe0fee8377507ffd23e1629ad9df,08/17/2025 07:55:00 AM,2,PEDESTRIAN,,,,,,,,,,,,,,,,,,,,,,,,,,,,,,,,,,,,,,,,,,,,,,,,,,,,,,,,,,,,,,,,,,
2130313,2560834a1bd4d382dcc98394891de907bb719452de6a79290430fe9227d57deff5d3cfc690f506430c2b276f1efdc8000036e94d1c2e2f4c3699fab1df2c3200,08/17/2025 07:51:00 AM,1,DRIVER,1,2030809,,PORSCHE,PANAMERA,IL,2010,UNKNOWN,PASSENGER,PERSONAL,W,STRAIGHT AHEAD,Y,,2,,CITY OF CHICAGO,,,Y,Y,Y,Y,,,,,,,,Y,,FRONT-RIGHT-CORNER,,,,,,,,,,,,,,,,,,,,,,,,,,,,,,,,,
2130314,2560834a1bd4d382dcc98394891de907bb719452de6a79290430fe9227d57deff5d3cfc690f506430c2b276f1efdc8000036e94d1c2e2f4c3699fab1df2c3200,08/17/2025 07:51:00 AM,2,PARKED,,2030816,,CHEVROLET,COLORADO,IL,2022,UNKNOWN,PICKUP,NOT IN USE,W,PARKED,,,0,,,,,,,,,,,Y,,,,,,,REAR-LEFT-CORNER,,,,,,,,,,,,,,,,,,,,,,,,,,,,,,,,,
2130323,64887ee5c2a619052b007f2b5d80704c853794e60c4167ef02a0fbafb97f6df7f7f00809d5ee741bdc3b7f4478f1564822d6cc3a88b29401bc55822b77a21061,08/17/2025 07:48:00 AM,1,DRIVER,,2030821,,PORSCHE,PANAMERA,IL,2010,UNKNOWN,PASSENGER,PERSONAL,S,TURNING RIGHT,,,1,,,,,,,,,,,,,,,Y,,,FRONT-LEFT-CORNER,,,,,,,,,,,,,,,,,,,,,,,,,,,,,,,,,
2130324,64887ee5c2a619052b007f2b5d80704c853794e60c4167ef02a0fbafb97f6df7f7f00809d5ee741bdc3b7f4478f1564822d6cc3a88b29401bc55822b77a21061,08/17/2025 07:48:00 AM,2,PARKED,,2030828,,CHEVROLET,OTHER (EXPLAIN IN NARRATIVE),IL,2011,UNKNOWN,PASSENGER,NOT IN USE,S,PARKED,Y,,0,,unknown,,,,,,Y,Y,Y,,,,,,,,REAR-RIGHT-CORNER,,,,,,,,,,,,,,,,,,,,,,,,,,,,,,,,,
2130319,8598b3316ce7f49e438b96edf575ef579b23a311e204f699b99cc636af31dc51bb96975b097e88a681a6ea9a0341cf16c230698396ead4e0003413d32661b58e,08/17/2025 07:29:00 AM,1,DRIVER,1,2030811,,TOYOTA,CAMRY,IL,2017,UNKNOWN,PASSENGER,UNKNOWN/NA,S,STRAIGHT AHEAD,Y,,2,,City of Chicago,701 N Sacramento,,Y,Y,Y,Y,,,,Y,Y,Y,Y,Y,,FRONT,,,,,,,,,,,,,,,,,,,,,,,,,,,,,,,,,
2130320,8598b3316ce7f49e438b96edf575ef579b23a311e204f699b99cc636af31dc51bb96975b097e88a681a6ea9a0341cf16c230698396ead4e0003413d32661b58e,08/17/2025 07:29:00 AM,2,DRIVER,,2030814,,FORD,F150,IL,2013,UNKNOWN,PICKUP,PERSONAL,W,STRAIGHT AHEAD,Y,,1,,FUEL DELIVERY,UNK,,Y,Y,Y,Y,Y,Y,Y,Y,Y,Y,Y,Y,,FRONT-LEFT-CORNER,,,,,,,,,,,,,,,,,,,,,,,,,,,,,,,,,
2130321,8598b3316ce7f49e438b96edf575ef579b23a311e204f699b99cc636af31dc51bb96975b097e88a681a6ea9a0341cf16c230698396ead4e0003413d32661b58e,08/17/2025 07:29:00 AM,3,DRIVER,,2030831,,KIA,SOUL,IL,2022,UNKNOWN,OTHER,PERSONAL,E,STRAIGHT AHEAD,Y,,1,,RELLO TOWING INC,UNK,,Y,Y,Y,Y,Y,Y,Y,Y,Y,Y,Y,Y,,FRONT-LEFT-CORNER,,,,,,,,,,,,,,,,,,,,,,,,,,,,,,,,,
2130298,227b37c83b67b3bb43ef238eb946b679a42666823fa8a10fdbbfec6a8735457d041d5082597c77e9daa631aacbd315a34d542833bc5c7b602dc33edb71be27d3,08/17/2025 07:20:00 AM,1,DRIVER,,2030793,,UNKNOWN,OTHER (EXPLAIN IN NARRATIVE),,,UNKNOWN,UNKNOWN/NA,UNKNOWN/NA,E,UNKNOWN/NA,,,1,,,,,,,,,,,,,,,,,Y,SIDE-LEFT,,,,,,,,,,,,,,,,,,,,,,,,,,,,,,,,,
2130299,227b37c83b67b3bb43ef238eb946b679a42666823fa8a10fdbbfec6a8735457d041d5082597c77e9daa631aacbd315a34d542833bc5c7b602dc33edb71be27d3,08/17/2025 07:20:00 AM,2,DRIVER,,2030794,,FORD,OTHER (EXPLAIN IN NARRATIVE),IL,2020,UNKNOWN,BUS UP TO 15 PASS.,OTHER,W,UNKNOWN/NA,,,1,,,,,,,,,Y,Y,Y,Y,,,,,,SIDE-LEFT-REAR,,,,,,,,,,,,,,,,,,,,,,,,,,,,,,,,,
2131799,49201763e9d2b6b29aae0978b1d07317180b5291033f5ff7631bae37cf16c420cb9f3b49583f0903dc78464d41ac114a9c5bc42825e00e7f76c4416949df732e,08/17/2025 07:00:00 AM,1,DRIVER,,2032191,,DODGE,CARAVAN,IL,2019,UNKNOWN,UNKNOWN/NA,UNKNOWN/NA,UNKNOWN,UNKNOWN/NA,,,1,,,,,,,,,,,,,,,,,Y,UNKNOWN,,,,,,,,,,,,,,,,,,,,,,,,,,,,,,,,,
2131800,49201763e9d2b6b29aae0978b1d07317180b5291033f5ff7631bae37cf16c420cb9f3b49583f0903dc78464d41ac114a9c5bc42825e00e7f76c4416949df732e,08/17/2025 07:00:00 AM,2,DRIVERLESS,,2032203,,JEEP,LAREDO,,2006,UNKNOWN,PASSENGER,PERSONAL,UNKNOWN,PARKED,,,0,,,,,,,,,,,,,,,,Y,,FRONT,,,,,,,,,,,,,,,,,,,,,,,,,,,,,,,,,
2130420,344436a43afe9369e0919cac4f72adb9d72b2af4d8c439e470d88cfda15a927fc2386a0aa27a30a12bf325b72b573ff2d61e8f2a9871db53fce30051564fed09,08/17/2025 06:45:00 AM,1,DRIVER,,2030902,,DODGE,DART,IL,2015,UNKNOWN,PASSENGER,UNKNOWN/NA,N,OTHER,,,1,,,,,,,,,,,,Y,Y,,,,,SIDE-LEFT,,,,,,,,,,,,,,,,,,,,,,,,,,,,,,,,,
2130421,344436a43afe9369e0919cac4f72adb9d72b2af4d8c439e470d88cfda15a927fc2386a0aa27a30a12bf325b72b573ff2d61e8f2a9871db53fce30051564fed09,08/17/2025 06:45:00 AM,2,DRIVER,,2030906,,BUICK,ENCORE,IL,2013,NONE,PASSENGER,PERSONAL,N,STRAIGHT AHEAD,,,1,,,,,Y,Y,,,,,,,,,,,,SIDE-LEFT-FRONT,,,,,,,,,,,,,,,,,,,,,,,,,,,,,,,,,
2130657,f79cd4bab6a5458c5382a7e7dc1d9390e223322677963fcda7e25a6aca4ced72eb4633696cfe72d0177eaf911668281c0380491feaf62473e109d878d2c45a4f,08/17/2025 06:45:00 AM,1,DRIVER,,2031119,,HONDA,CIVIC,IL,2012,UNKNOWN,PASSENGER,PERSONAL,W,STRAIGHT AHEAD,,,1,,,,,Y,,,,,,,,,,Y,Y,,FRONT,,,,,,,,,,,,,,,,,,,,,,,,,,,,,,,,,
2130658,f79cd4bab6a5458c5382a7e7dc1d9390e223322677963fcda7e25a6aca4ced72eb4633696cfe72d0177eaf911668281c0380491feaf62473e109d878d2c45a4f,08/17/2025 06:45:00 AM,2,PARKED,,2031120,,CHEVROLET,TRAVERSE,AR,2013,NONE,SPORT UTILITY VEHICLE (SUV),NOT IN USE,W,PARKED,,,0,,,,,,,,,,Y,,,,,,,,REAR,,,,,,,,,,,,,,,,,,,,,,,,,,,,,,,,,
2130659,f79cd4bab6a5458c5382a7e7dc1d9390e223322677963fcda7e25a6aca4ced72eb4633696cfe72d0177eaf911668281c0380491feaf62473e109d878d2c45a4f,08/17/2025 06:45:00 AM,3,PARKED,,2031121,,MAZDA,323,IL,2015,UNKNOWN,PASSENGER,NOT IN USE,W,PARKED,,,0,,,,,,,,,,Y,,,,,,Y,,REAR,,,,,,,,,,,,,,,,,,,,,,,,,,,,,,,,,
2130660,f79cd4bab6a5458c5382a7e7dc1d9390e223322677963fcda7e25a6aca4ced72eb4633696cfe72d0177eaf911668281c0380491feaf62473e109d878d2c45a4f,08/17/2025 06:45:00 AM,4,PARKED,,2031124,,NISSAN,SENTRA,IL,2008,NONE,PASSENGER,NOT IN USE,W,PARKED,,,0,,,,,,,,,,Y,,,,,,,,REAR,,,,,,,,,,,,,,,,,,,,,,,,,,,,,,,,,
2130292,7a1b1024fc8d3b7f66550b6b852d889d333181fa1143089b7ba220d9ddfeb0c458b42a6d3d113ba9d2fbf66571748fb048d5042a12b66855ccb7e821c57e8337,08/17/2025 06:30:00 AM,1,DRIVER,,2030786,,UNKNOWN,OTHER (EXPLAIN IN NARRATIVE),IL,,UNKNOWN,UNKNOWN/NA,UNKNOWN/NA,UNKNOWN,UNKNOWN/NA,,,1,,,,,,,,,,,,,,,,,,UNKNOWN,,,,,,,,,,,,,,,,,,,,,,,,,,,,,,,,,
2130293,7a1b1024fc8d3b7f66550b6b852d889d333181fa1143089b7ba220d9ddfeb0c458b42a6d3d113ba9d2fbf66571748fb048d5042a12b66855ccb7e821c57e8337,08/17/2025 06:30:00 AM,2,PARKED,,2030788,,NISSAN,MURANO,IL,2018,NONE,SPORT UTILITY VEHICLE (SUV),NOT IN USE,E,PARKED,,,0,,,,,,,,,,,,,,,,,,SIDE-RIGHT-REAR,,,,,,,,,,,,,,,,,,,,,,,,,,,,,,,,,
2130288,c41a9cde65b0a6d184eb1fd3e9f6217109833704b0b4b5a208a5b514ae941497e4dd1745b87273a6f64ad61797dfc6139bfa6063234b33ec4f831269e232fbb3,08/17/2025 06:00:00 AM,1,DRIVER,,2030779,,FORD,F150,IL,2011,NONE,PICKUP,PERSONAL,W,STRAIGHT AHEAD,,,1,,,,,Y,,,,,,,,,,Y,Y,,FRONT,,,,,,,,,,,,,,,,,,,,,,,,,,,,,,,,,
2130289,c41a9cde65b0a6d184eb1fd3e9f6217109833704b0b4b5a208a5b514ae941497e4dd1745b87273a6f64ad61797dfc6139bfa6063234b33ec4f831269e232fbb3,08/17/2025 06:00:00 AM,2,DRIVER,,2030782,,TOYOTA,HIGHLANDER,IL,2023,NONE,SPORT UTILITY VEHICLE (SUV),OTHER,W,SLOW/STOP IN TRAFFIC,,,1,,,,,,,,,Y,Y,Y,,,,,,,REAR,,,,,,,,,,,,,,,,,,,,,,,,,,,,,,,,,
2130523,dc8983a4ec3b06ec53e0f0b3055b4acb2a0dc08ac1e00a31423bee9a91afc42bbb768606c18508481aa85588387224df976f4cf798816940d0cded5db212c146,08/17/2025 06:00:00 AM,1,DRIVER,,2031000,,NEW FLYER,D40LF,IL,2007,NONE,BUS OVER 15 PASS.,CTA,UNKNOWN,STRAIGHT AHEAD,,,1,,,,,,,,,Y,Y,Y,,,,,,,OTHER,,,,,,,,,,,,,,,,,,,,,,,,,,,,,,,,,
2130524,dc8983a4ec3b06ec53e0f0b3055b4acb2a0dc08ac1e00a31423bee9a91afc42bbb768606c18508481aa85588387224df976f4cf798816940d0cded5db212c146,08/17/2025 06:00:00 AM,2,PARKED,,2030995,,CHEVROLET,BLAZER,IL,2019,NONE,PASSENGER,PERSONAL,UNKNOWN,PARKED,,,0,,,,,,,Y,Y,Y,Y,,,,,,,,SIDE-RIGHT-REAR,,,,,,,,,,,,,,,,,,,,,,,,,,,,,,,,,
2130286,f4bbdd566b59ab88d6f25552c4920d1771e4ae05074dc7b81c5ab6f2fd1c01254279c463ab8e48d2f6ebf4efd25df924bd54ff340a3350d3ac1cbcdf089ca8fe,08/17/2025 05:46:00 AM,1,DRIVER,,2030780,,TOYOTA,CAMRY,IL,2021,UNKNOWN,PASSENGER,PERSONAL,E,STRAIGHT AHEAD,,,1,,,,,Y,,,,,,,,,,Y,Y,,FRONT,,,,,,,,,,,,,,,,,,,,,,,,,,,,,,,,,
2130287,f4bbdd566b59ab88d6f25552c4920d1771e4ae05074dc7b81c5ab6f2fd1c01254279c463ab8e48d2f6ebf4efd25df924bd54ff340a3350d3ac1cbcdf089ca8fe,08/17/2025 05:46:00 AM,2,DRIVER,1,2030784,,VOLKSWAGEN,OTHER (EXPLAIN IN NARRATIVE),IL,2022,NONE,PICKUP,PERSONAL,E,SLOW/STOP IN TRAFFIC,,,2,,,,,,,,,Y,Y,Y,,,,,,Y,REAR,,,,,,,,,,,,,,,,,,,,,,,,,,,,,,,,,
2130277,64aa3bc82b191b9b704156bc11bb8084fedfd241f5b3db766ad583535e7178b2c8303f394f1620e5f21a62d64ece6e18969d35887d78193501dcb415feeb163d,08/17/2025 05:20:00 AM,1,DRIVER,,2030772,,VOLVO,S80,IL,2011,NONE,PASSENGER,PERSONAL,W,STRAIGHT AHEAD,Y,,1,,,,,,,,,,,,,,,Y,,,FRONT-LEFT-CORNER,,,,,,,,,,,,,,,,,,,,,,,,,,,,,,,,,
2130278,64aa3bc82b191b9b704156bc11bb8084fedfd241f5b3db766ad583535e7178b2c8303f394f1620e5f21a62d64ece6e18969d35887d78193501dcb415feeb163d,08/17/2025 05:20:00 AM,2,DRIVER,,2030776,,FORD,F350,IL,2000,NONE,TRUCK - SINGLE UNIT,TOW TRUCK,S,STRAIGHT AHEAD,,,1,,,,,,,,,,,Y,,,,,,,SIDE-LEFT-REAR,,,,,,,,,,,,,,,,,,,,,,,,,,,,,,,,,
2130294,932b5eb28afefa0c39e4842e9f9d14fa8416d756d38b5d8a3c43edbc964bceee9cfc77856fef9e4f5d500c2bd6f6ccd92339cca48d34f298f8ed2201c34a729e,08/17/2025 05:15:00 AM,1,DRIVER,,2030790,,CHEVROLET,IMPALA,,,UNKNOWN,PASSENGER,UNKNOWN/NA,N,UNKNOWN/NA,,,1,,,,,,,,,,,,,,,,,Y,FRONT,,,,,,,,,,,,,,,,,,,,,,,,,,,,,,,,,
2130295,932b5eb28afefa0c39e4842e9f9d14fa8416d756d38b5d8a3c43edbc964bceee9cfc77856fef9e4f5d500c2bd6f6ccd92339cca48d34f298f8ed2201c34a729e,08/17/2025 05:15:00 AM,2,DRIVERLESS,1,2030791,,HYUNDAI,SANTA FE,IL,2004,OTHER,SPORT UTILITY VEHICLE (SUV),UNKNOWN/NA,N,SLOW/STOP IN TRAFFIC,Y,,1,,J&M TOWINF,RESIDENCE,,,,,,,Y,,,,,,,,REAR,,,,,,,,,,,,,,,,,,,,,,,,,,,,,,,,,
2130276,8e03753c8457faaaa09128ecc854990fa9edf533922295d66b1bd8b8403413221b1f0d0a67f3ce2dc1fd9989de284a74555b6677521450a698bec2e6556bbf9b,08/17/2025 05:12:00 AM,1,DRIVER,,2030771,,TOYOTA,RAV4,IL,2011,UNKNOWN,PASSENGER,PERSONAL,E,STRAIGHT AHEAD,Y,,1,,private tow,,,Y,,,,,,,,,Y,Y,Y,,FRONT-LEFT-CORNER,,,,,,,,,,,,,,,,,,,,,,,,,,,,,,,,,
2130279,48c85955532292f058054f680eecb99ed156c1659363db13b214a9cc3607355d0e754e470878ad4d72393fc66eace68e8cdf9d6e8bed8e7d53e1c12392959abb,08/17/2025 05:10:00 AM,1,DRIVER,,2030774,,GENERAL MOTORS CORPORATION (GMC),ENVOY,IL,2002,UNKNOWN,SPORT UTILITY VEHICLE (SUV),PERSONAL,S,STRAIGHT AHEAD,N,,1,,,,,Y,,,,,,,,,,Y,Y,,FRONT-RIGHT-CORNER,,,,,,,,,,,,,,,,,,,,,,,,,,,,,,,,,
2132385,2e8e3a1f1c438d250b8227b508521f69e09abf66c90857f1615e95253a1bc59da335e600b77e7e81123740e677813efa54bb65c682a93641aabc9e4da1677965,08/17/2025 05:00:00 AM,1,DRIVER,,2032759,,NISSAN,ALTIMA,IL,2022,UNKNOWN,PASSENGER,PERSONAL,UNKNOWN,UNKNOWN/NA,,,1,,,,,Y,,,,,,,,,,,,,FRONT,,,,,,,,,,,,,,,,,,,,,,,,,,,,,,,,,
2132386,2e8e3a1f1c438d250b8227b508521f69e09abf66c90857f1615e95253a1bc59da335e600b77e7e81123740e677813efa54bb65c682a93641aabc9e4da1677965,08/17/2025 05:00:00 AM,2,DRIVER,,2032760,,TOYOTA,CAMRY,,2015,NONE,PASSENGER,PERSONAL,E,STRAIGHT AHEAD,,,1,,,,,,,,,,,,,,,,,,REAR,,,,,,,,,,,,,,,,,,,,,,,,,,,,,,,,,
2130333,52038194afc299038a6d24d5c5c302feb2e63128f93e72bab1d73ab01ca2255ab75dfad73dacac6d6ef4887f472053fd12b59eefe68ca80bec09caa69abd9acf,08/17/2025 05:00:00 AM,1,DRIVER,,2030815,,HONDA,CR-V,,,UNKNOWN,SPORT UTILITY VEHICLE (SUV),UNKNOWN/NA,S,STRAIGHT AHEAD,,,1,,,,,Y,,,,,,,,,,,Y,,FRONT-RIGHT-CORNER,,,,,,,,,,,,,,,,,,,,,,,,,,,,,,,,,
2130334,52038194afc299038a6d24d5c5c302feb2e63128f93e72bab1d73ab01ca2255ab75dfad73dacac6d6ef4887f472053fd12b59eefe68ca80bec09caa69abd9acf,08/17/2025 05:00:00 AM,2,PARKED,,2030817,,TOYOTA,PRIUS,IL,2014,UNKNOWN,PASSENGER,PERSONAL,S,PARKED,,,0,,,,,Y,,,,,,,,,,,Y,,FRONT-RIGHT-CORNER,,,,,,,,,,,,,,,,,,,,,,,,,,,,,,,,,
2130260,2bdafeaf9569054225bd1d32d2a6bb41fd5e65e7d7caf0b0810aeadbfd5f574c1e06a2be8130a1e9258f5a8ae4c61006f15e195a270ae203a673aeec2862d2b7,08/17/2025 04:59:00 AM,1,DRIVER,,2030756,,HONDA,CR-V,IL,1999,UNKNOWN,SPORT UTILITY VEHICLE (SUV),UNKNOWN/NA,S,UNKNOWN/NA,Y,,1,,city of chicago dept of police,impound city,,,,,,,,,,,,Y,Y,,FRONT-LEFT-CORNER,,,,,,,,,,,,,,,,,,,,,,,,,,,,,,,,,
2130261,2bdafeaf9569054225bd1d32d2a6bb41fd5e65e7d7caf0b0810aeadbfd5f574c1e06a2be8130a1e9258f5a8ae4c61006f15e195a270ae203a673aeec2862d2b7,08/17/2025 04:59:00 AM,2,PARKED,,2030758,,CHEVROLET,TRAVERSE,IL,2022,UNKNOWN,SPORT UTILITY VEHICLE (SUV),PERSONAL,N,PARKED,,,0,,,,,,,,,,,,,,Y,Y,,,SIDE-LEFT-FRONT,,,,,,,,,,,,,,,,,,,,,,,,,,,,,,,,,
2130270,a74bd384fca90722485ef6ec72ec491aabd93644bbdcf0c3c5cbdf202a70c70f147af5c9d294a73de5b1319cf07ec737020ea4d1a209bdb6299bd05f32110b12,08/17/2025 04:57:00 AM,1,DRIVER,,2030766,,HONDA,ACCORD,IL,2010,UNKNOWN,PASSENGER,PERSONAL,NW,STRAIGHT AHEAD,Y,,1,,"\"INSURANCE \"\"STATE FARM\"\"\"",,,Y,Y,,,,,Y,Y,Y,Y,Y,Y,,FRONT,,,,,,,,,,,,,,,,,,,,,,,,,,,,,,,,,