CRASH_UNIT_ID,CRASH_RECORD_ID,CRASH_DATE,UNIT_NO,UNIT_TYPE,NUM_PASSENGERS,VEHICLE_ID,CMRC_VEH_I,MAKE,MODEL,LIC_PLATE_STATE,VEHICLE_YEAR,VEHICLE_DEFECT,VEHICLE_TYPE,VEHICLE_USE,TRAVEL_DIRECTION,MANEUVER,TOWED_I,FIRE_I,OCCUPANT_CNT,EXCEED_SPEED_LIMIT_I,TOWED_BY,TOWED_TO,AREA_00_I,AREA_01_I,AREA_02_I,AREA_03_I,AREA_04_I,AREA_05_I,AREA_06_I,AREA_07_I,AREA_08_I,AREA_09_I,AREA_10_I,AREA_11_I,AREA_12_I,AREA_99_I,FIRST_CONTACT_POINT,CMV_ID,USDOT_NO,CCMC_NO,ILCC_NO,COMMERCIAL_SRC,GVWR,CARRIER_NAME,CARRIER_STATE,CARRIER_CITY,HAZMAT_PLACARDS_I,HAZMAT_NAME,UN_NO,HAZMAT_PRESENT_I,HAZMAT_REPORT_I,HAZMAT_REPORT_NO,MCS_REPORT_I,MCS_REPORT_NO,HAZMAT_VIO_CAUSE_CRASH_I,MCS_VIO_CAUSE_CRASH_I,IDOT_PERMIT_NO,WIDE_LOAD_I,TRAILER1_WIDTH,TRAILER2_WIDTH,TRAILER1_LENGTH,TRAILER2_LENGTH,TOTAL_VEHICLE_LENGTH,AXLE_CNT,VEHICLE_CONFIG,CARGO_BODY_TYPE,LOAD_TYPE,HAZMAT_OUT_OF_SERVICE_I,MCS_OUT_OF_SERVICE_I,HAZMAT_CLASS
2130257,697b87a39563917aa7a40fe3cc02014b69182ec37f79380b6263122707f01d495c71fd558988a2f58d639331a47a05c8553b2cbf9fdf0e1243a8c486379cb33a,08/17/2025 04:41:00 AM,1,DRIVER,,2030755,,NISSAN,OTHER (EXPLAIN IN NARRATIVE),IL,,UNKNOWN,PASSENGER,UNKNOWN/NA,E,STRAIGHT AHEAD,,,1,,,,,Y,,,,,,,,,,Y,Y,,FRONT,,,,,,,,,,,,,,,,,,,,,,,,,,,,,,,,,
2130258,697b87a39563917aa7a40fe3cc02014b69182ec37f79380b6263122707f01d495c71fd558988a2f58d639331a47a05c8553b2cbf9fdf0e1243a8c486379cb33a,08/17/2025 04:41:00 AM,2,DRIVER,1,2030754,,TOYOTA,CAMRY,IL,2024,NONE,PASSENGER,RIDESHARE SERVICE,E,SLOW/STOP IN TRAFFIC,,,2,,,,,,,,,Y,Y,Y,,,,,,,REAR,,,,,,,,,,,,,,,,,,,,,,,,,,,,,,,,,
2138677,48ac64023c2a2ff4d1d44f6d4a6a0111e3f2408feee671a47a22e393a8b83dd09a43cd8a80bcbe91d5b829a4616f51aefd41afda192fd489d57b6d89819f2eac,08/17/2025 04:30:00 AM,1,DRIVER,,2038744,,UNKNOWN,OTHER (EXPLAIN IN NARRATIVE),XX,,UNKNOWN,UNKNOWN/NA,UNKNOWN/NA,N,STRAIGHT AHEAD,,,1,,,,,Y,,,,,,,,,,Y,Y,,FRONT,,,,,,,,,,,,,,,,,,,,,,,,,,,,,,,,,
2138678,48ac64023c2a2ff4d1d44f6d4a6a0111e3f2408feee671a47a22e393a8b83dd09a43cd8a80bcbe91d5b829a4616f51aefd41afda192fd489d57b6d89819f2eac,08/17/2025 04:30:00 AM,2,DRIVER,,2038750,,NISSAN,FRONTIER,IL,2017,UNKNOWN,UNKNOWN/NA,UNKNOWN/NA,E,STRAIGHT AHEAD,,,1,,,,,Y,Y,Y,Y,Y,,,,,,,,,SIDE-RIGHT,,,,,,,,,,,,,,,,,,,,,,,,,,,,,,,,,
2130283,e176710cddceb5386a6f3c8147600a7072a68d50f45b59417621ec7892d25d02b0664b184e8f6ba952681c52f56f2f72d994c73fa21ab5aeb593959cced1a54d,08/17/2025 04:30:00 AM,1,DRIVER,,2030778,,SUBARU,FORESTER,IL,2014,UNKNOWN,PASSENGER,PERSONAL,E,STRAIGHT AHEAD,,,1,,,,,,,,,,,,,,,,Y,,FRONT,,,,,,,,,,,,,,,,,,,,,,,,,,,,,,,,,
2130284,e176710cddceb5386a6f3c8147600a7072a68d50f45b59417621ec7892d25d02b0664b184e8f6ba952681c52f56f2f72d994c73fa21ab5aeb593959cced1a54d,08/17/2025 04:30:00 AM,2,DRIVER,,2030781,,HONDA,CIVIC,IL,2000,NONE,PASSENGER,PERSONAL,E,STRAIGHT AHEAD,Y,,1,,UNK,UNK,,,,,,,Y,,,,,,Y,,REAR,,,,,,,,,,,,,,,,,,,,,,,,,,,,,,,,,
2130285,e176710cddceb5386a6f3c8147600a7072a68d50f45b59417621ec7892d25d02b0664b184e8f6ba952681c52f56f2f72d994c73fa21ab5aeb593959cced1a54d,08/17/2025 04:30:00 AM,3,DRIVER,,2030783,,JEEP,COMPASS,IL,2014,NONE,SPORT UTILITY VEHICLE (SUV),PERSONAL,E,STRAIGHT AHEAD,,,1,,,,,,,,,,Y,,,,,,,,REAR,,,,,,,,,,,,,,,,,,,,,,,,,,,,,,,,,
2130240,206f38d31275e0f000c37f6ab1dd1f6401dac7fcb3816bbdc145f6d29f542755bc74118dfa491ab2a97456272b40462331f1eefbdfac55013b675f93c21e468b,08/17/2025 04:25:00 AM,1,DRIVER,,2030733,,TOYOTA,PRIUS,,,UNKNOWN,PASSENGER,PERSONAL,N,U-TURN,,,1,,,,,,,,,,,,,,,,Y,,FRONT,,,,,,,,,,,,,,,,,,,,,,,,,,,,,,,,,
2130241,206f38d31275e0f000c37f6ab1dd1f6401dac7fcb3816bbdc145f6d29f542755bc74118dfa491ab2a97456272b40462331f1eefbdfac55013b675f93c21e468b,08/17/2025 04:25:00 AM,2,DRIVER,,2030736,,TOYOTA,PRIUS,,,UNKNOWN,PASSENGER,RIDESHARE SERVICE,N,STRAIGHT AHEAD,,,1,,,,,,,,Y,Y,,,,,,,,,SIDE-RIGHT,,,,,,,,,,,,,,,,,,,,,,,,,,,,,,,,,
2130249,c2240318e308db749b0b63c7c5bf261d4ea81fba939cd3698d03174969cffe21d8397ebd876468abdcc7d91af400e5c9da35918dc263aad98937a3ddd9ccf59b,08/17/2025 04:20:00 AM,1,DRIVER,,2030741,,NISSAN,SENTRA,IL,2015,UNKNOWN,PASSENGER,PERSONAL,N,STRAIGHT AHEAD,,,1,,,,,,,,,,,,,,,,Y,Y,FRONT,,,,,,,,,,,,,,,,,,,,,,,,,,,,,,,,,
2130250,c2240318e308db749b0b63c7c5bf261d4ea81fba939cd3698d03174969cffe21d8397ebd876468abdcc7d91af400e5c9da35918dc263aad98937a3ddd9ccf59b,08/17/2025 04:20:00 AM,2,DRIVER,,2030746,,TOYOTA,CAMRY,IL,2025,NONE,PASSENGER,PERSONAL,N,SLOW/STOP IN TRAFFIC,,,1,,,,,,,,,,Y,,,,,,,Y,REAR,,,,,,,,,,,,,,,,,,,,,,,,,,,,,,,,,
2130290,13afc07493fb1098371ecd7a146849bfd33bfa974c8fe12fcd9121f5ca9ab3bb22583c207dcfb04db9627c53e3cc92adfd1a982ac609bee66e7039cdf2b6e72e,08/17/2025 04:18:00 AM,1,DRIVER,1,2030785,,AUDI,A4,IL,2012,NONE,PASSENGER,PERSONAL,E,STRAIGHT AHEAD,,,2,,,,,Y,Y,Y,,,,,,,,Y,Y,,FRONT-RIGHT-CORNER,,,,,,,,,,,,,,,,,,,,,,,,,,,,,,,,,
2130291,13afc07493fb1098371ecd7a146849bfd33bfa974c8fe12fcd9121f5ca9ab3bb22583c207dcfb04db9627c53e3cc92adfd1a982ac609bee66e7039cdf2b6e72e,08/17/2025 04:18:00 AM,2,DRIVER,,2030789,,FORD,EXPLORER,IL,,NONE,PASSENGER,POLICE,UNKNOWN,STRAIGHT AHEAD,,,1,,,,,,,,,,Y,Y,Y,Y,,,,,SIDE-LEFT-REAR,,,,,,,,,,,,,,,,,,,,,,,,,,,,,,,,,
2130242,d8a8e5e97742feac74f307d6a57cdedc8e3fac6966587c6cdd330156f345b7d4853a5dfd464569e9ccb7e1d4aa1f5ffe7e3307c08a141570a66b120cc051e21b,08/17/2025 04:10:00 AM,1,DRIVER,,2030735,,UNKNOWN,OTHER (EXPLAIN IN NARRATIVE),,,UNKNOWN,PICKUP,UNKNOWN/NA,S,STRAIGHT AHEAD,,,1,,,,,Y,,,,,,,,,Y,Y,Y,,FRONT,,,,,,,,,,,,,,,,,,,,,,,,,,,,,,,,,
2130243,d8a8e5e97742feac74f307d6a57cdedc8e3fac6966587c6cdd330156f345b7d4853a5dfd464569e9ccb7e1d4aa1f5ffe7e3307c08a141570a66b120cc051e21b,08/17/2025 04:10:00 AM,2,PARKED,,2030738,,TOYOTA,TACOMA,IL,2005,UNKNOWN,PICKUP,PERSONAL,S,PARKED,Y,,0,,OWNER,PRIVATE TOW,,Y,Y,Y,Y,Y,Y,Y,,,,,Y,,REAR-RIGHT-CORNER,,,,,,,,,,,,,,,,,,,,,,,,,,,,,,,,,
2130244,d8a8e5e97742feac74f307d6a57cdedc8e3fac6966587c6cdd330156f345b7d4853a5dfd464569e9ccb7e1d4aa1f5ffe7e3307c08a141570a66b120cc051e21b,08/17/2025 04:10:00 AM,3,PARKED,,2030743,,MERCEDES-BENZ,G-CLASS,IL,2010,UNKNOWN,PASSENGER,PERSONAL,S,PARKED,,,0,,,,,,,,,,Y,Y,,,,,,,REAR-LEFT-CORNER,,,,,,,,,,,,,,,,,,,,,,,,,,,,,,,,,
2130231,0935a167e0b7a36116b7780a6c723726ac6e5c6e4acda02c83c879dc237610741c4106177ce96f3f5941d1b74d5072aafe78c1c3adbe37126f1fdc9aed2f7a09,08/17/2025 04:00:00 AM,1,DRIVER,,2030726,,CHEVROLET,MALIBU,IL,2025,NONE,PASSENGER,PERSONAL,S,STRAIGHT AHEAD,,,1,,,,,,,,,,,,,,Y,Y,,,SIDE-LEFT-FRONT,,,,,,,,,,,,,,,,,,,,,,,,,,,,,,,,,
2130245,11968fbbb52737693520a38ac2abdaab6a0ff597461ac7426b6a34c595c8ce1dee5a62a0e0981aa2d205bd6f2ae9ef6e6a9a9065061667012f0febbbca032a8a,08/17/2025 04:00:00 AM,1,DRIVER,,2030739,,DODGE,GRAND CARAVAN,IL,2008,UNKNOWN,VAN/MINI-VAN,PERSONAL,N,STRAIGHT AHEAD,,,1,,,,,Y,,,,,,,,,,Y,Y,,FRONT,,,,,,,,,,,,,,,,,,,,,,,,,,,,,,,,,
2130246,11968fbbb52737693520a38ac2abdaab6a0ff597461ac7426b6a34c595c8ce1dee5a62a0e0981aa2d205bd6f2ae9ef6e6a9a9065061667012f0febbbca032a8a,08/17/2025 04:00:00 AM,2,DRIVER,,2030744,,HYUNDAI,PALISADE,IL,2023,UNKNOWN,SPORT UTILITY VEHICLE (SUV),PERSONAL,N,SLOW/STOP IN TRAFFIC,,,1,,,,,,,,,,Y,,,,,,,,REAR,,,,,,,,,,,,,,,,,,,,,,,,,,,,,,,,,
2130322,67d8fb51ddbb5b10ec4d5afc99212e818d6c95f8c47f61515bfca33df2f522c80dce70848d68522d4fd4e287bc15e344f13629d983b9796e991426a685eebc54,08/17/2025 04:00:00 AM,1,DRIVER,,2030812,,JEEP,WRANGLER,IL,2015,UNKNOWN,SPORT UTILITY VEHICLE (SUV),UNKNOWN/NA,E,UNKNOWN/NA,Y,,1,,,,,Y,,,,,,,,,,Y,Y,,FRONT,,,,,,,,,,,,,,,,,,,,,,,,,,,,,,,,,
2130338,67d8fb51ddbb5b10ec4d5afc99212e818d6c95f8c47f61515bfca33df2f522c80dce70848d68522d4fd4e287bc15e344f13629d983b9796e991426a685eebc54,08/17/2025 04:00:00 AM,2,PARKED,,2030825,,FIAT,OTHER (EXPLAIN IN NARRATIVE),IN,2018,UNKNOWN,PASSENGER,NOT IN USE,W,PARKED,,,0,,,,,Y,,,,,,,,,Y,Y,Y,,FRONT,,,,,,,,,,,,,,,,,,,,,,,,,,,,,,,,,
2130262,e55af480042c312dbaf0fbbd135018f528c7ff77a7ab2cd98dd6f8c882515f1ad8423020d67ce17ea0b6a0806356fd4abf0d2fbec94f7fa448cfb8b0e24214f6,08/17/2025 04:00:00 AM,1,DRIVER,3,2030757,,MAZDA,MAZDA3,MN,2013,UNKNOWN,UNKNOWN/NA,UNKNOWN/NA,W,STRAIGHT AHEAD,Y,,4,,only tows,103 doty,,Y,Y,Y,Y,Y,Y,Y,Y,Y,Y,Y,Y,,FRONT,,,,,,,,,,,,,,,,,,,,,,,,,,,,,,,,,
2130263,e55af480042c312dbaf0fbbd135018f528c7ff77a7ab2cd98dd6f8c882515f1ad8423020d67ce17ea0b6a0806356fd4abf0d2fbec94f7fa448cfb8b0e24214f6,08/17/2025 04:00:00 AM,2,PARKED,,2030759,,FORD,TRANSIT,IL,2023,NONE,VAN/MINI-VAN,OTHER,W,PARKED,,,0,,,,,,,,,,,Y,Y,Y,,,,,REAR,,,,,,,,,,,,,,,,,,,,,,,,,,,,,,,,,
2130264,e55af480042c312dbaf0fbbd135018f528c7ff77a7ab2cd98dd6f8c882515f1ad8423020d67ce17ea0b6a0806356fd4abf0d2fbec94f7fa448cfb8b0e24214f6,08/17/2025 04:00:00 AM,3,PARKED,,2030761,,KIA,FORTE,IL,2015,NONE,PASSENGER,PERSONAL,N,STRAIGHT AHEAD,,,0,,,,,Y,,,,Y,Y,Y,,,,Y,Y,,REAR,,,,,,,,,,,,,,,,,,,,,,,,,,,,,,,,,
2130265,e55af480042c312dbaf0fbbd135018f528c7ff77a7ab2cd98dd6f8c882515f1ad8423020d67ce17ea0b6a0806356fd4abf0d2fbec94f7fa448cfb8b0e24214f6,08/17/2025 04:00:00 AM,4,PARKED,,2030765,,HYUNDAI,KONA,IL,2021,NONE,VAN/MINI-VAN,PERSONAL,W,PARKED,,,0,,,,N,,,,,,Y,Y,Y,,,,,,REAR,,,,,,,,,,,,,,,,,,,,,,,,,,,,,,,,,
2130300,04e5b3d7be5df2a49f61ac7067ac463c5ae3831a7a2531e7ce2fb1268b59b64e57983815b08cde4e40c03f62fb244fc065d304c7ded8686fba9eb7c942a5e8f3,08/17/2025 03:58:00 AM,1,DRIVER,1,2030796,,FORD,FUSION,IN,2013,UNKNOWN,PASSENGER,PERSONAL,E,STRAIGHT AHEAD,Y,,2,,CITY OF CHICAGO,CITY OF CHICAGO POUND 2,,Y,,,,,,,,,,Y,Y,,FRONT,,,,,,,,,,,,,,,,,,,,,,,,,,,,,,,,,
2130559,f0bb56d5fa340acf39ee6bc5656730b2fb4576761a8868ba6b3c2b0ad45a0e2916e638b156fb5b8a3db61237dee7aa589609d692813dfd6c99d34ff39068edcc,08/17/2025 03:45:00 AM,1,DRIVER,1,2031047,,LEXUS,OTHER (EXPLAIN IN NARRATIVE),IL,,UNKNOWN,PASSENGER,UNKNOWN/NA,N,UNKNOWN/NA,,,2,,,,,Y,,,,,,,,,,Y,Y,,FRONT,,,,,,,,,,,,,,,,,,,,,,,,,,,,,,,,,
2130560,f0bb56d5fa340acf39ee6bc5656730b2fb4576761a8868ba6b3c2b0ad45a0e2916e638b156fb5b8a3db61237dee7aa589609d692813dfd6c99d34ff39068edcc,08/17/2025 03:45:00 AM,2,DRIVER,,2031057,,CHEVROLET,IMPALA,IL,2015,NONE,PASSENGER,PERSONAL,N,SLOW/STOP IN TRAFFIC,,,1,,,,,,,,,Y,Y,Y,,,,,,,REAR,,,,,,,,,,,,,,,,,,,,,,,,,,,,,,,,,
2130280,7ad013328d5683b6408e0f6fc37e92562d38c1fe7d37f281b018ca2113d7fb41bd3291266070239f22bf114885249d8735768a214cd3ac073174e98a775800d9,08/17/2025 03:42:00 AM,1,DRIVER,1,2030770,,HONDA,ACCORD,IL,2012,NONE,PASSENGER,PERSONAL,E,STRAIGHT AHEAD,Y,,2,,CPD,POUND 2,,Y,Y,,Y,Y,,,,,Y,Y,Y,,FRONT,,,,,,,,,,,,,,,,,,,,,,,,,,,,,,,,,
2130281,7ad013328d5683b6408e0f6fc37e92562d38c1fe7d37f281b018ca2113d7fb41bd3291266070239f22bf114885249d8735768a214cd3ac073174e98a775800d9,08/17/2025 03:42:00 AM,2,PARKED,,2030775,,KIA,TELLURIDE,IL,2024,NONE,PASSENGER,NOT IN USE,UNKNOWN,PARKED,,,0,,,,,,,,,Y,Y,Y,,,,,,,REAR,,,,,,,,,,,,,,,,,,,,,,,,,,,,,,,,,
2130282,7ad013328d5683b6408e0f6fc37e92562d38c1fe7d37f281b018ca2113d7fb41bd3291266070239f22bf114885249d8735768a214cd3ac073174e98a775800d9,08/17/2025 03:42:00 AM,3,PARKED,,2030777,,LEXUS,ES,IL,2001,UNKNOWN,PASSENGER,NOT IN USE,UNKNOWN,PARKED,,,0,,,,,,,,,,Y,,,,,,,,REAR,,,,,,,,,,,,,,,,,,,,,,,,,,,,,,,,,
2130310,01a14ffd6e28105cd1c2fc653cc023cc97281ff05e841845af56325ac800cc7b52d83f1df2040a5ec8cc94ca838aaf1a81d55e5f2bf31c713283a2b174f6ffd0,08/17/2025 03:30:00 AM,1,DRIVER,,2030804,,CHEVROLET,EQUINOX,IL,2016,NONE,PASSENGER,PERSONAL,S,STRAIGHT AHEAD,,,1,,,,,,,,,,,,,,,,Y,,FRONT,,,,,,,,,,,,,,,,,,,,,,,,,,,,,,,,,
2130311,01a14ffd6e28105cd1c2fc653cc023cc97281ff05e841845af56325ac800cc7b52d83f1df2040a5ec8cc94ca838aaf1a81d55e5f2bf31c713283a2b174f6ffd0,08/17/2025 03:30:00 AM,2,DRIVER,,2030807,,CHEVROLET,TRUCK,IL,2022,NONE,UNKNOWN/NA,PERSONAL,S,SLOW/STOP IN TRAFFIC,,,1,,,,,,,,,,Y,,,,,,,,REAR,,,,,,,,,,,,,,,,,,,,,,,,,,,,,,,,,
2131926,bd13552a306218674bec2744555fe74ea00fa8f9d8cb77743d8f8994448f45dd8af44404bb5a19d7f01b3e02b98b6750f95dda72c2d988146dae37ad3c10e258,08/17/2025 03:30:00 AM,1,DRIVER,,2032309,,UNKNOWN,MOTORIZED,XX,,UNKNOWN,UNKNOWN/NA,UNKNOWN/NA,UNKNOWN,UNKNOWN/NA,,,1,,,,,,,,,,,,,,,,,Y,UNKNOWN,,,,,,,,,,,,,,,,,,,,,,,,,,,,,,,,,
2131927,bd13552a306218674bec2744555fe74ea00fa8f9d8cb77743d8f8994448f45dd8af44404bb5a19d7f01b3e02b98b6750f95dda72c2d988146dae37ad3c10e258,08/17/2025 03:30:00 AM,2,PARKED,,2032303,,HONDA,CIVIC,,2022,NONE,PASSENGER,NOT IN USE,W,PARKED,,,0,,,,,,,,Y,Y,,,,,,,,,SIDE-RIGHT-REAR,,,,,,,,,,,,,,,,,,,,,,,,,,,,,,,,,
2131128,c5b47be833a3714c470f37af6e4076cb67e54ebf51a387bdd891df4cd57ec27d7a961e345ff264677f1dabe71aafe6b5e5f273c33535fa875aef6a13a11ed84b,08/17/2025 03:30:00 AM,1,DRIVER,,2031547,,UNKNOWN,OTHER (EXPLAIN IN NARRATIVE),,,UNKNOWN,UNKNOWN/NA,PERSONAL,S,STRAIGHT AHEAD,,,1,,,,,N,,,,,,,,,,N,N,Y,UNKNOWN,,,,,,,,,,,,,,,,,,,,,,,,,,,,,,,,,
2131129,c5b47be833a3714c470f37af6e4076cb67e54ebf51a387bdd891df4cd57ec27d7a961e345ff264677f1dabe71aafe6b5e5f273c33535fa875aef6a13a11ed84b,08/17/2025 03:30:00 AM,2,PARKED,,2031554,,MERCEDES-BENZ,G55,IL,2010,NONE,SPORT UTILITY VEHICLE (SUV),NOT IN USE,S,PARKED,,,0,,,,,,,,,Y,Y,Y,Y,Y,,,,,REAR,,,,,,,,,,,,,,,,,,,,,,,,,,,,,,,,,
2130500,d4dd4eaadea4a4a6fee0c268e99f8b1ede0121f75727ce098c04377d2a55eb3d1cde78b8db764b36e230f88fa2f060fcf17702ab12f56182744e56659368fb80,08/17/2025 03:30:00 AM,1,DRIVER,,2030971,,CHEVROLET,TRAVERSE,IL,2023,UNKNOWN,PASSENGER,PERSONAL,W,STRAIGHT AHEAD,,,1,,,,,Y,,,,,,,,,,Y,Y,,FRONT,,,,,,,,,,,,,,,,,,,,,,,,,,,,,,,,,
2132392,739f6808beb61fd5e451f5a437fcd419f8a4ea4878d94f8c986536086ee0b37f8d0c5fe990af991c525b6fb9359109cd9b47d89802dd46251a9b1770a14cc02b,08/17/2025 03:25:00 AM,1,DRIVER,,2032735,,MAZDA,CX-5,IL,2015,UNKNOWN,PASSENGER,PERSONAL,E,BACKING,,,1,,,,,,,,,,Y,,,,,,,,REAR,,,,,,,,,,,,,,,,,,,,,,,,,,,,,,,,,
2132393,739f6808beb61fd5e451f5a437fcd419f8a4ea4878d94f8c986536086ee0b37f8d0c5fe990af991c525b6fb9359109cd9b47d89802dd46251a9b1770a14cc02b,08/17/2025 03:25:00 AM,2,DRIVER,1,2032736,,HONDA,CIVIC,IL,2010,NONE,PASSENGER,PERSONAL,E,STRAIGHT AHEAD,,,2,,,,,,,,,,,,,,,,Y,,FRONT,,,,,,,,,,,,,,,,,,,,,,,,,,,,,,,,,
2130226,1545d26743f1e5fce3743fcb51ee4da9bd4493552919ff6a1440168563bdd765f712ea7139eb032ad4a371a0e8e41c0aef39e4ac2de490cd73dff50c4942a23a,08/17/2025 03:22:00 AM,1,DRIVER,,2030723,,MITSUBISHI,OTHER (EXPLAIN IN NARRATIVE),IL,2014,UNKNOWN,PASSENGER,PERSONAL,E,STRAIGHT AHEAD,,,1,,,,,Y,,,,,,,,,,Y,Y,,FRONT,,,,,,,,,,,,,,,,,,,,,,,,,,,,,,,,,
2130227,1545d26743f1e5fce3743fcb51ee4da9bd4493552919ff6a1440168563bdd765f712ea7139eb032ad4a371a0e8e41c0aef39e4ac2de490cd73dff50c4942a23a,08/17/2025 03:22:00 AM,2,DRIVER,,2030727,,MERCEDES-BENZ,GLA,IL,2023,UNKNOWN,PASSENGER,PERSONAL,E,OTHER,,,1,,,,,,,,,Y,Y,Y,,,,,,,REAR,,,,,,,,,,,,,,,,,,,,,,,,,,,,,,,,,
2132429,a85df591cc24a37ede8ce61771c8c319eb6c09710d9c651f9f123e8a0a2e485c12ba38fefda2720a3ffb61f17cc4b311e19dde1f7f6098d1558cf0fbd205e0a3,08/17/2025 03:15:00 AM,1,DRIVER,,2032774,,OLDSMOBILE,BRAVADA,IL,2000,UNKNOWN,SPORT UTILITY VEHICLE (SUV),UNKNOWN/NA,E,UNKNOWN/NA,,,1,,,,,,,,,,,,,,,,,Y,FRONT,,,,,,,,,,,,,,,,,,,,,,,,,,,,,,,,,
2132430,a85df591cc24a37ede8ce61771c8c319eb6c09710d9c651f9f123e8a0a2e485c12ba38fefda2720a3ffb61f17cc4b311e19dde1f7f6098d1558cf0fbd205e0a3,08/17/2025 03:15:00 AM,2,DRIVER,,2032775,,TESLA,MODEL Y,IL,2024,NONE,PASSENGER,UNKNOWN/NA,E,SLOW/STOP IN TRAFFIC,,,1,,,,,,,,,Y,Y,Y,,,,,,,REAR,,,,,,,,,,,,,,,,,,,,,,,,,,,,,,,,,
2130274,0c8def5a27a633a88c11a3570142bc995b0a7b7a1299693c5e11cb42f5bc9f206d1b2a29654c3b6a5e83441ea639cebc88d88b225d3ab503a1f773f7ce260828,08/17/2025 03:04:00 AM,1,DRIVER,,2030764,,JEEP,CHEROKEE,IL,2019,UNKNOWN,PASSENGER,PERSONAL,W,UNKNOWN/NA,Y,,1,,,,,Y,,,,,,,,,,Y,Y,,FRONT,,,,,,,,,,,,,,,,,,,,,,,,,,,,,,,,,
2130275,0c8def5a27a633a88c11a3570142bc995b0a7b7a1299693c5e11cb42f5bc9f206d1b2a29654c3b6a5e83441ea639cebc88d88b225d3ab503a1f773f7ce260828,08/17/2025 03:04:00 AM,2,DRIVER,,2030769,,TOYOTA,SIENNA,IL,2002,UNKNOWN,PASSENGER,PERSONAL,W,STRAIGHT AHEAD,Y,,1,,,,,,,,,Y,Y,Y,,,,Y,Y,,REAR,,,,,,,,,,,,,,,,,,,,,,,,,,,,,,,,,
2130748,4284fd72bf1c67d4af39a7d6f6246838649ab660bce00fb0ecd4e934d859af207f28c791e2b3f2ea57f4d7d595376e675aa122ca85a5f2750b61467a27b656ed,08/17/2025 03:00:00 AM,1,DRIVER,,2031200,,LEXUS,GX,IL,2025,NONE,PASSENGER,PERSONAL,S,STRAIGHT AHEAD,,,1,,,,,,N,,,,,,Y,Y,Y,,,,SIDE-LEFT,,,,,,,,,,,,,,,,,,,,,,,,,,,,,,,,,
2130271,617cd3be7b34cddab13b97702bdea4f0d071c637daed26debed1c61d3171b90f94307243d5a1290a4c5ef9a5055b16b49d8d1796ad3c0e151cbb25bac8c179ac,08/17/2025 03:00:00 AM,1,DRIVER,,2030763,,KIA,SELTOS,IL,2025,UNKNOWN,PASSENGER,PERSONAL,UNKNOWN,UNKNOWN/NA,Y,,1,,cpd,doty pound,,Y,Y,Y,Y,,,,Y,Y,Y,Y,Y,,FRONT,,,,,,,,,,,,,,,,,,,,,,,,,,,,,,,,,
2130272,617cd3be7b34cddab13b97702bdea4f0d071c637daed26debed1c61d3171b90f94307243d5a1290a4c5ef9a5055b16b49d8d1796ad3c0e151cbb25bac8c179ac,08/17/2025 03:00:00 AM,2,PARKED,,2030767,,JEEP,CHEROKEE,IL,2017,UNKNOWN,PASSENGER,NOT IN USE,N,PARKED,,,0,,,,,Y,,,Y,Y,,Y,Y,Y,Y,Y,Y,,FRONT,,,,,,,,,,,,,,,,,,,,,,,,,,,,,,,,,
2130273,617cd3be7b34cddab13b97702bdea4f0d071c637daed26debed1c61d3171b90f94307243d5a1290a4c5ef9a5055b16b49d8d1796ad3c0e151cbb25bac8c179ac,08/17/2025 03:00:00 AM,3,PARKED,,2030768,,ALFA ROMEO,MILANO,IL,2018,UNKNOWN,PASSENGER,PERSONAL,N,PARKED,,,0,,,,,,Y,Y,Y,Y,Y,Y,Y,Y,N,N,,,REAR,,,,,,,,,,,,,,,,,,,,,,,,,,,,,,,,,
2130304,945552cedb33d246830b942c344280806cd4606006d08e2a47df6a7c0b7929c44b82dc1e1a97ed6715e016c8c0a301c98acdbeaead49c995453fd466785d1306,08/17/2025 03:00:00 AM,1,DRIVER,,2030800,,KIA,SPECTRA,XX,2009,UNKNOWN,PASSENGER,PERSONAL,E,STRAIGHT AHEAD,Y,,1,,CITY OF CHICAGO,,,,,,,,,,,,,,Y,,FRONT,,,,,,,,,,,,,,,,,,,,,,,,,,,,,,,,,
2130305,945552cedb33d246830b942c344280806cd4606006d08e2a47df6a7c0b7929c44b82dc1e1a97ed6715e016c8c0a301c98acdbeaead49c995453fd466785d1306,08/17/2025 03:00:00 AM,2,DRIVER,,2030802,,LAND ROVER,DISCOVERY,IL,2014,UNKNOWN,SPORT UTILITY VEHICLE (SUV),PERSONAL,E,STRAIGHT AHEAD,,,1,,,,,,,,,,Y,,,,,,,,REAR,,,,,,,,,,,,,,,,,,,,,,,,,,,,,,,,,
2131013,e4d5c2dbdec735c1bd5932fc1424a8909bcd5ec32db31af263ae323ea64c95d7fe6955d24243b025143a5416d02a796b1f80b16bb59df25c8623a0f8ee23bb16,08/17/2025 03:00:00 AM,1,DRIVER,,2031446,,UNKNOWN,ULTRALIGHT,,,UNKNOWN,UNKNOWN/NA,UNKNOWN/NA,UNKNOWN,STRAIGHT AHEAD,,,1,,,,,,,,,,,,,,,,Y,,FRONT,,,,,,,,,,,,,,,,,,,,,,,,,,,,,,,,,
2131014,e4d5c2dbdec735c1bd5932fc1424a8909bcd5ec32db31af263ae323ea64c95d7fe6955d24243b025143a5416d02a796b1f80b16bb59df25c8623a0f8ee23bb16,08/17/2025 03:00:00 AM,2,DRIVER,,2031452,,JEEP,COMPASS,IL,2012,NONE,PASSENGER,PERSONAL,W,STRAIGHT AHEAD,,,1,,,,,,,,,,,,,,,,,,REAR,,,,,,,,,,,,,,,,,,,,,,,,,,,,,,,,,