CRASH_UNIT_ID,CRASH_RECORD_ID,CRASH_DATE,UNIT_NO,UNIT_TYPE,NUM_PASSENGERS,VEHICLE_ID,CMRC_VEH_I,MAKE,MODEL,LIC_PLATE_STATE,VEHICLE_YEAR,VEHICLE_DEFECT,VEHICLE_TYPE,VEHICLE_USE,TRAVEL_DIRECTION,MANEUVER,TOWED_I,FIRE_I,OCCUPANT_CNT,EXCEED_SPEED_LIMIT_I,TOWED_BY,TOWED_TO,AREA_00_I,AREA_01_I,AREA_02_I,AREA_03_I,AREA_04_I,AREA_05_I,AREA_06_I,AREA_07_I,AREA_08_I,AREA_09_I,AREA_10_I,AREA_11_I,AREA_12_I,AREA_99_I,FIRST_CONTACT_POINT,CMV_ID,USDOT_NO,CCMC_NO,ILCC_NO,COMMERCIAL_SRC,GVWR,CARRIER_NAME,CARRIER_STATE,CARRIER_CITY,HAZMAT_PLACARDS_I,HAZMAT_NAME,UN_NO,HAZMAT_PRESENT_I,HAZMAT_REPORT_I,HAZMAT_REPORT_NO,MCS_REPORT_I,MCS_REPORT_NO,HAZMAT_VIO_CAUSE_CRASH_I,MCS_VIO_CAUSE_CRASH_I,IDOT_PERMIT_NO,WIDE_LOAD_I,TRAILER1_WIDTH,TRAILER2_WIDTH,TRAILER1_LENGTH,TRAILER2_LENGTH,TOTAL_VEHICLE_LENGTH,AXLE_CNT,VEHICLE_CONFIG,CARGO_BODY_TYPE,LOAD_TYPE,HAZMAT_OUT_OF_SERVICE_I,MCS_OUT_OF_SERVICE_I,HAZMAT_CLASS
2130238,de9c54d439c823102cd09d08f8d6cc10e836bea67a16f614ea65de36f2cf10f404db440d802cc9604833e8b6e69278e35eb6e490c73aa6c67eb48730333ad5f4,08/17/2025 02:59:00 AM,1,DRIVER,,2030737,,TOYOTA,CAMRY,IL,2004,NONE,PASSENGER,PERSONAL,W,STRAIGHT AHEAD,Y,,1,,city of chicago,701 n sacramento blvd,,Y,,,,,,,,,,Y,Y,,FRONT,,,,,,,,,,,,,,,,,,,,,,,,,,,,,,,,,
2130239,de9c54d439c823102cd09d08f8d6cc10e836bea67a16f614ea65de36f2cf10f404db440d802cc9604833e8b6e69278e35eb6e490c73aa6c67eb48730333ad5f4,08/17/2025 02:59:00 AM,2,DRIVER,,2030748,,FORD,ESCAPE,IL,2013,NONE,SPORT UTILITY VEHICLE (SUV),PERSONAL,N,STRAIGHT AHEAD,Y,,1,,city of chicago,701 n sacramento blvd,,,,,,,,Y,Y,Y,Y,Y,,,SIDE-LEFT,,,,,,,,,,,,,,,,,,,,,,,,,,,,,,,,,
2132950,c4b9e5cb37242ca2218c7e50552df9f0082f12f2eb2183d5a67dab9bfd96678fb41bc91c5f3166bd6d1ca0af384811beda915ffb51ad508857a92791636a62fb,08/17/2025 02:54:00 AM,1,DRIVER,,2033275,,UNKNOWN,OTHER (EXPLAIN IN NARRATIVE),,,UNKNOWN,PASSENGER,UNKNOWN/NA,S,STRAIGHT AHEAD,,,1,,,,,,,,,,,,,,,,,Y,UNKNOWN,,,,,,,,,,,,,,,,,,,,,,,,,,,,,,,,,
2132951,c4b9e5cb37242ca2218c7e50552df9f0082f12f2eb2183d5a67dab9bfd96678fb41bc91c5f3166bd6d1ca0af384811beda915ffb51ad508857a92791636a62fb,08/17/2025 02:54:00 AM,2,PARKED,,2033279,,JEEP,LIBERTY,IL,2012,NONE,SPORT UTILITY VEHICLE (SUV),PERSONAL,N,PARKED,,,0,,,,,,,,Y,Y,,,,,,,,,REAR-RIGHT-CORNER,,,,,,,,,,,,,,,,,,,,,,,,,,,,,,,,,
2130232,acafac0b1ccb2943562eb80950e1a2a72aa809a971cbe2b16e656cc201f599dabb5b2c108c591504c4bb37d5a6b305e910a6406469706e3cf09ad85ff42145a8,08/17/2025 02:53:00 AM,1,DRIVER,2,2030729,,HYUNDAI,ELANTRA,IL,2017,UNKNOWN,PASSENGER,PERSONAL,NW,TURNING LEFT,Y,,3,,SELF,SELF,,Y,Y,,,,,,,,,Y,Y,,FRONT,,,,,,,,,,,,,,,,,,,,,,,,,,,,,,,,,
2130233,acafac0b1ccb2943562eb80950e1a2a72aa809a971cbe2b16e656cc201f599dabb5b2c108c591504c4bb37d5a6b305e910a6406469706e3cf09ad85ff42145a8,08/17/2025 02:53:00 AM,2,DRIVER,,2030732,,BUICK,INVICTA,IL,2024,UNKNOWN,PASSENGER,PERSONAL,S,STRAIGHT AHEAD,Y,,1,,SELF,SELF,,Y,,,,,,,,,,Y,Y,,FRONT,,,,,,,,,,,,,,,,,,,,,,,,,,,,,,,,,
2130217,2ef9c3b9a59726c66a7314ad861ab7e7f0b603cd50a005b09d65b7d6169389617d86c8cc1daa95b072e9828268fd0224ec56bb958c9476456a0b4d66fb5d849c,08/17/2025 02:40:00 AM,1,DRIVER,,2030713,,FORD,ESCAPE,,,UNKNOWN,PASSENGER,UNKNOWN/NA,N,SLOW/STOP IN TRAFFIC,,,1,,,,,,,,,,,,,,,,Y,,FRONT,,,,,,,,,,,,,,,,,,,,,,,,,,,,,,,,,
2130218,2ef9c3b9a59726c66a7314ad861ab7e7f0b603cd50a005b09d65b7d6169389617d86c8cc1daa95b072e9828268fd0224ec56bb958c9476456a0b4d66fb5d849c,08/17/2025 02:40:00 AM,2,DRIVER,,2030715,,TOYOTA,HIGHLANDER,,,UNKNOWN,SPORT UTILITY VEHICLE (SUV),RIDESHARE SERVICE,E,SLOW/STOP IN TRAFFIC,,,1,,,,,,Y,Y,,,,,,,,,,,SIDE-RIGHT,,,,,,,,,,,,,,,,,,,,,,,,,,,,,,,,,
2130515,f0075b6c221ebc4c6fb5a84160b2f1ed5693ff794b05dc72a66fac595504966afe4e91f09a805ab80a5a8d6f69669dbc542e900719aa3b767ce68943f69d760f,08/17/2025 02:37:00 AM,1,DRIVER,1,2031015,,BMW,OTHER (EXPLAIN IN NARRATIVE),IL,2023,NONE,PASSENGER,PERSONAL,S,STRAIGHT AHEAD,Y,,2,,ubk,,,,,,,,,,Y,Y,Y,,,,SIDE-LEFT,,,,,,,,,,,,,,,,,,,,,,,,,,,,,,,,,
2130839,343a997771b5d43f85a26705cfeec32297d124538a96f2f3b39c9d6252f4782fef6cf7fc94fa5a877b6f36e53654b8319b4ddaf623e8e08a16b9a2eb0918f862,08/17/2025 02:35:00 AM,1,DRIVER,,2031285,,CHEVROLET,EQUINOX,IL,2012,UNKNOWN,PASSENGER,PERSONAL,W,TURNING RIGHT,Y,,1,,,,,Y,N,N,N,N,,,,,N,Y,Y,,FRONT,,,,,,,,,,,,,,,,,,,,,,,,,,,,,,,,,
2130840,343a997771b5d43f85a26705cfeec32297d124538a96f2f3b39c9d6252f4782fef6cf7fc94fa5a877b6f36e53654b8319b4ddaf623e8e08a16b9a2eb0918f862,08/17/2025 02:35:00 AM,2,DRIVER,,2031286,,FORD,EXPLORER,IL,2016,UNKNOWN,PASSENGER,PERSONAL,N,STRAIGHT AHEAD,Y,,1,,,,,N,,,Y,Y,,N,N,N,N,N,N,,FRONT-LEFT-CORNER,,,,,,,,,,,,,,,,,,,,,,,,,,,,,,,,,
2130348,8b55278539245aecaedaef1e907773234304e6e497a505896582fd11c79118235fb38f5f3f4e6bd2e7de2544a3618b1f9e6d1955f8ffb417bf9ac59b2a730c07,08/17/2025 02:30:00 AM,1,DRIVER,,2030833,,UNKNOWN,OTHER (EXPLAIN IN NARRATIVE),,,UNKNOWN,UNKNOWN/NA,UNKNOWN/NA,UNKNOWN,UNKNOWN/NA,,,1,,,,,,,,,,,,,,,,,,UNKNOWN,,,,,,,,,,,,,,,,,,,,,,,,,,,,,,,,,
2130349,8b55278539245aecaedaef1e907773234304e6e497a505896582fd11c79118235fb38f5f3f4e6bd2e7de2544a3618b1f9e6d1955f8ffb417bf9ac59b2a730c07,08/17/2025 02:30:00 AM,2,PARKED,,2030837,,SATURN,ION,IL,2004,NONE,PASSENGER,NOT IN USE,N,PARKED,,,0,,,,,,,,,Y,Y,Y,,,,,,,REAR,,,,,,,,,,,,,,,,,,,,,,,,,,,,,,,,,
2130234,526c569f8c933e63651595d33ab8ea33a6c2aafbbee2ca2519fdd7bb16145fa09e22ee1952560fff3587abba4756cb434d71a60933e81f73dcff6db36d6da33d,08/17/2025 02:25:00 AM,1,DRIVER,,2030724,,CHRYSLER,PACIFICA,MI,,UNKNOWN,PASSENGER,UNKNOWN/NA,E,UNKNOWN/NA,,,1,,,,,,Y,Y,,,,,,,,,,,SIDE-LEFT,,,,,,,,,,,,,,,,,,,,,,,,,,,,,,,,,
2130235,526c569f8c933e63651595d33ab8ea33a6c2aafbbee2ca2519fdd7bb16145fa09e22ee1952560fff3587abba4756cb434d71a60933e81f73dcff6db36d6da33d,08/17/2025 02:25:00 AM,2,PARKED,1,2030730,,TOYOTA,PRIUS,,,UNKNOWN,PASSENGER,PERSONAL,E,PARKED,,,1,,,,,,,,,,,,Y,Y,Y,,,,SIDE-LEFT,,,,,,,,,,,,,,,,,,,,,,,,,,,,,,,,,
2130215,1c655716ff8bea3c257a0b38aeaf5e998a4b5eb1e33ef096942267023d1c7a01375dcd948511976f96211d168893ffbb092ca7fbe79ea29cf32e4dd5c66d0d68,08/17/2025 02:16:00 AM,1,DRIVER,,2030712,,JEEP,COMPASS,IL,2019,UNKNOWN,UNKNOWN/NA,PERSONAL,E,TURNING LEFT,Y,,1,,Coria Garcia,701 n tripp,,Y,Y,,,,,,,,,,Y,,FRONT-RIGHT-CORNER,,,,,,,,,,,,,,,,,,,,,,,,,,,,,,,,,
2130216,1c655716ff8bea3c257a0b38aeaf5e998a4b5eb1e33ef096942267023d1c7a01375dcd948511976f96211d168893ffbb092ca7fbe79ea29cf32e4dd5c66d0d68,08/17/2025 02:16:00 AM,2,DRIVER,1,2030718,,FORD,FUSION,IL,2016,UNKNOWN,PASSENGER,PERSONAL,W,UNKNOWN/NA,,,2,,,,,Y,,,,,,,,,,Y,Y,,FRONT,,,,,,,,,,,,,,,,,,,,,,,,,,,,,,,,,
2130204,a06dbd98972676953d9d9cb190b092c6a26d11f6bf4f0aa4307df4fff6243cf80e1632c22c3db13fb5b725d0c38fb6350836782687d98d885181b5718b87faab,08/17/2025 02:06:00 AM,1,DRIVER,,2030700,N,FORD,RANGER,IL,2021,UNKNOWN,PICKUP,PERSONAL,W,STRAIGHT AHEAD,Y,,1,,PRIVATE,UNKNOWN,,Y,,,,,,,,,,Y,Y,,FRONT,,,,,,,,,,,,,,,,,,,,,,,,,,,,,,,,,
2130205,a06dbd98972676953d9d9cb190b092c6a26d11f6bf4f0aa4307df4fff6243cf80e1632c22c3db13fb5b725d0c38fb6350836782687d98d885181b5718b87faab,08/17/2025 02:06:00 AM,2,DRIVER,,2030702,,FORD,ESCAPE,IL,2013,UNKNOWN,PASSENGER,PERSONAL,S,U-TURN,Y,,1,,PRIVATE,UNKNOWN,,,,,,,,Y,Y,Y,Y,,,,SIDE-LEFT,,,,,,,,,,,,,,,,,,,,,,,,,,,,,,,,,
2130213,13cce7f52911879bc18097fde588b2b67c5114f65d264977a6421b354d023e06d430de50119ee4214addc4164a17540f165e6a531f5fd9318007db286c85f682,08/17/2025 02:02:00 AM,1,DRIVER,1,2030711,,CHEVROLET,TRAX,IL,2024,UNKNOWN,PASSENGER,PERSONAL,W,ENTERING TRAFFIC LANE FROM PARKING,Y,,2,,A & E TOWING,UNKNOWN,,,,,,,,,,Y,Y,Y,,,SIDE-LEFT,,,,,,,,,,,,,,,,,,,,,,,,,,,,,,,,,
2130214,13cce7f52911879bc18097fde588b2b67c5114f65d264977a6421b354d023e06d430de50119ee4214addc4164a17540f165e6a531f5fd9318007db286c85f682,08/17/2025 02:02:00 AM,2,DRIVER,2,2030714,,NISSAN,ALTIMA,IL,2013,UNKNOWN,PASSENGER,PERSONAL,W,STRAIGHT AHEAD,,,3,,,,,Y,,,,,,,,,,,,,FRONT-RIGHT-CORNER,,,,,,,,,,,,,,,,,,,,,,,,,,,,,,,,,
2130192,06c40aa7d442656f2d281d154a527cf2931863bcc0673bde15d46763c62d1f9e9bf49fb3726e063e179308e6da265171dea9f5ae8988f0d7a5637254a6d8925f,08/17/2025 02:00:00 AM,1,NON-MOTOR VEHICLE,,,,,,,,,,,,,,,,,,,,,,,,,,,,,,,,,,,,,,,,,,,,,,,,,,,,,,,,,,,,,,,,,,
2130193,06c40aa7d442656f2d281d154a527cf2931863bcc0673bde15d46763c62d1f9e9bf49fb3726e063e179308e6da265171dea9f5ae8988f0d7a5637254a6d8925f,08/17/2025 02:00:00 AM,2,DRIVER,,2030686,,TOYOTA,RAV4,,,UNKNOWN,SPORT UTILITY VEHICLE (SUV),PERSONAL,N,SLOW/STOP IN TRAFFIC,,,1,,,,,,,Y,Y,Y,,,,,,,,,REAR-RIGHT-CORNER,,,,,,,,,,,,,,,,,,,,,,,,,,,,,,,,,
2130247,42c7bf755c1c41ea336b6973a3a2b46967f82cc4e0de736ee530c262a3f96fcc43e3f3c9c6f348c87bfb5fedca4703e83c18628d32fbac0082e627037b39fcb6,08/17/2025 02:00:00 AM,1,DRIVER,1,2030742,,HYUNDAI,SONATA,IL,2008,NONE,PASSENGER,UNKNOWN/NA,E,STRAIGHT AHEAD,,,2,,,,,,,,,,,,,,,,Y,,FRONT,,,,,,,,,,,,,,,,,,,,,,,,,,,,,,,,,
2130248,42c7bf755c1c41ea336b6973a3a2b46967f82cc4e0de736ee530c262a3f96fcc43e3f3c9c6f348c87bfb5fedca4703e83c18628d32fbac0082e627037b39fcb6,08/17/2025 02:00:00 AM,2,DRIVER,,2030747,,TOYOTA,COROLLA,MI,2024,UNKNOWN,PASSENGER,UNKNOWN/NA,N,STRAIGHT AHEAD,Y,,1,,,,,,,,,,,,,Y,,,,,SIDE-LEFT,,,,,,,,,,,,,,,,,,,,,,,,,,,,,,,,,
2130494,7f4464c963fb2b1c6ab948fef5e201b412a7033bf68811c7ad8484b04196c9e87d30a47396cb5cd6b4cde355793095ae113e1ff27aebf91cf89a28c7890062e3,08/17/2025 02:00:00 AM,1,DRIVER,,2030963,,UNKNOWN,MOTORIZED,IL,,UNKNOWN,UNKNOWN/NA,UNKNOWN/NA,UNKNOWN,UNKNOWN/NA,,,1,,,,,,,,,,,,,,,,,Y,UNKNOWN,,,,,,,,,,,,,,,,,,,,,,,,,,,,,,,,,
2130495,7f4464c963fb2b1c6ab948fef5e201b412a7033bf68811c7ad8484b04196c9e87d30a47396cb5cd6b4cde355793095ae113e1ff27aebf91cf89a28c7890062e3,08/17/2025 02:00:00 AM,2,PARKED,,2030968,,NISSAN,ROGUE,FL,2024,UNKNOWN,PASSENGER,PERSONAL,N,PARKED,,,0,,,,,,,,,,,Y,Y,Y,Y,,,,SIDE-LEFT,,,,,,,,,,,,,,,,,,,,,,,,,,,,,,,,,
2130396,c99cdfab0c018df52393fa83227fefb374051686af807da070d7e5f515c14809ca6292d984f8c2b105387dbede0683764d7ab5a93585e7be0a995de4de3f82d5,08/17/2025 02:00:00 AM,1,DRIVER,1,2030879,,NISSAN,MURANO,IL,2020,NONE,PASSENGER,PERSONAL,N,STRAIGHT AHEAD,,,2,,,,,,,,,,,,,,,,Y,,FRONT,,,,,,,,,,,,,,,,,,,,,,,,,,,,,,,,,
2130397,c99cdfab0c018df52393fa83227fefb374051686af807da070d7e5f515c14809ca6292d984f8c2b105387dbede0683764d7ab5a93585e7be0a995de4de3f82d5,08/17/2025 02:00:00 AM,2,DRIVER,,2030885,,NISSAN,ROGUE,IL,2014,NONE,PASSENGER,PERSONAL,N,STRAIGHT AHEAD,,,1,,,,,,,,,,Y,,,,,,,,REAR,,,,,,,,,,,,,,,,,,,,,,,,,,,,,,,,,
2130202,c6686db244591c375f968a74acd8d3d48110c244a12b9ccc3da21c3038f9ef210a9f8b80ebebc9661ca04311bbdc20d0eb7aa80a9209202e5f465aa62151a0a0,08/17/2025 01:58:00 AM,1,DRIVER,,2030698,,UNKNOWN,OTHER (EXPLAIN IN NARRATIVE),,,UNKNOWN,PASSENGER,UNKNOWN/NA,N,STRAIGHT AHEAD,,,1,,,,,Y,,,,,,,,,,,,,FRONT-RIGHT-CORNER,,,,,,,,,,,,,,,,,,,,,,,,,,,,,,,,,
2130203,c6686db244591c375f968a74acd8d3d48110c244a12b9ccc3da21c3038f9ef210a9f8b80ebebc9661ca04311bbdc20d0eb7aa80a9209202e5f465aa62151a0a0,08/17/2025 01:58:00 AM,2,DRIVER,,2030720,,JEEP,CHEROKEE,IL,2015,NONE,PASSENGER,PERSONAL,W,STRAIGHT AHEAD,,,1,,,,,,,,,,,,,,Y,Y,,,FRONT-LEFT-CORNER,,,,,,,,,,,,,,,,,,,,,,,,,,,,,,,,,
2130206,444aa5a3a2be9f9e47847153b24403d08cbc016d4f9d87570c6163bbd327005e49694cb60062a06ffc837e49c9386f5f1cdac11f96a470cb099572304dc2ffb3,08/17/2025 01:54:00 AM,1,DRIVER,,2030705,,FORD,FUSION,IL,2014,NONE,PASSENGER,PERSONAL,N,SKIDDING/CONTROL LOSS,Y,,1,,city of chuicago,pound 3,,Y,,,,,,,,,,Y,Y,,FRONT,,,,,,,,,,,,,,,,,,,,,,,,,,,,,,,,,
2130200,2be761b083f2ae32735eaf6233298584046755f7c6370d68f3528a042c2c91b7ca856aedbebd7510386506c65dd8959b4a6f221a710c7fd0f793f281c8ee1999,08/17/2025 01:50:00 AM,1,DRIVER,,2030701,,TOYOTA,PRIUS,,2014,UNKNOWN,PASSENGER,PERSONAL,E,STRAIGHT AHEAD,,,1,,,,,,,,,,,,,,,,,,FRONT,,,,,,,,,,,,,,,,,,,,,,,,,,,,,,,,,
2130201,2be761b083f2ae32735eaf6233298584046755f7c6370d68f3528a042c2c91b7ca856aedbebd7510386506c65dd8959b4a6f221a710c7fd0f793f281c8ee1999,08/17/2025 01:50:00 AM,2,DRIVER,1,2030704,,LINCOLN,NAVIGATOR,IL,2024,UNKNOWN,SPORT UTILITY VEHICLE (SUV),TAXI/FOR HIRE,E,STRAIGHT AHEAD,,,2,,,,,,,,,,,,,,,,,,REAR,,,,,,,,,,,,,,,,,,,,,,,,,,,,,,,,,
2130830,6816fba0b2b72d83ec7fe36cf310b8057d03dd7d8d6c40329939ec5cb66917498b96cae46d8071c34ee2f5ad3b43fc7e1ff8b7d1185a5142eb61a7f8c46bfad1,08/17/2025 01:50:00 AM,1,DRIVER,,2031281,,UNKNOWN,OTHER (EXPLAIN IN NARRATIVE),XX,,UNKNOWN,UNKNOWN/NA,UNKNOWN/NA,UNKNOWN,UNKNOWN/NA,,,1,,,,,,,,,,,,,,,Y,,,FRONT-RIGHT-CORNER,,,,,,,,,,,,,,,,,,,,,,,,,,,,,,,,,
2130831,6816fba0b2b72d83ec7fe36cf310b8057d03dd7d8d6c40329939ec5cb66917498b96cae46d8071c34ee2f5ad3b43fc7e1ff8b7d1185a5142eb61a7f8c46bfad1,08/17/2025 01:50:00 AM,2,DRIVER,,2031283,,NISSAN,ALTIMA,MI,2025,UNKNOWN,PASSENGER,PERSONAL,E,TURNING LEFT,,,1,,,,,Y,,,,,,,,,,,,,FRONT,,,,,,,,,,,,,,,,,,,,,,,,,,,,,,,,,
2130223,81080bb6862056acc161f89aa220132997a5041a7066c9c5334e2fe718a1d2405f1f493480802149563936661fe19743c4e294099ff3c9f4df6c579fdd416f70,08/17/2025 01:49:00 AM,1,DRIVER,,2030721,,FORD,ECOSPORT,IL,2019,UNKNOWN,SPORT UTILITY VEHICLE (SUV),PERSONAL,S,LEAVING TRAFFIC LANE TO PARK,,,1,,,,,N,,,,,,,,,,N,Y,,FRONT,,,,,,,,,,,,,,,,,,,,,,,,,,,,,,,,,
2130224,81080bb6862056acc161f89aa220132997a5041a7066c9c5334e2fe718a1d2405f1f493480802149563936661fe19743c4e294099ff3c9f4df6c579fdd416f70,08/17/2025 01:49:00 AM,2,PARKED,,2030722,,HYUNDAI,ACCENT,IL,2016,UNKNOWN,PASSENGER,UNKNOWN/NA,S,PARKED,,,0,,,,,,,,,Y,Y,Y,,,,,,,REAR,,,,,,,,,,,,,,,,,,,,,,,,,,,,,,,,,
2130225,81080bb6862056acc161f89aa220132997a5041a7066c9c5334e2fe718a1d2405f1f493480802149563936661fe19743c4e294099ff3c9f4df6c579fdd416f70,08/17/2025 01:49:00 AM,3,PARKED,,2030725,,JEEP,CHEROKEE,IL,2017,UNKNOWN,SPORT UTILITY VEHICLE (SUV),UNKNOWN/NA,S,PARKED,,,0,,,,,,,,,Y,Y,Y,,,,,,,REAR,,,,,,,,,,,,,,,,,,,,,,,,,,,,,,,,,
2130416,1c0dca096654b522aad234f6583d56a7bd690eea96add8e306a521301ea9ab53adbbabcc3dce2fde2502ad5cb0de40d802bf66974e1c3b8eadd202c88d8e57d6,08/17/2025 01:30:00 AM,1,DRIVER,,2030897,,UNKNOWN,OTHER (EXPLAIN IN NARRATIVE),,,UNKNOWN,PASSENGER,UNKNOWN/NA,E,STRAIGHT AHEAD,,,1,,,,,,,,,,,,,,Y,Y,Y,,FRONT-LEFT-CORNER,,,,,,,,,,,,,,,,,,,,,,,,,,,,,,,,,
2130417,1c0dca096654b522aad234f6583d56a7bd690eea96add8e306a521301ea9ab53adbbabcc3dce2fde2502ad5cb0de40d802bf66974e1c3b8eadd202c88d8e57d6,08/17/2025 01:30:00 AM,2,DRIVER,,2030901,,JEEP,GRAND CHEROKEE,IL,2016,NONE,SPORT UTILITY VEHICLE (SUV),PERSONAL,E,TURNING LEFT,,,1,,,,,Y,,,,,,,,,,Y,Y,,FRONT,,,,,,,,,,,,,,,,,,,,,,,,,,,,,,,,,
2130198,338fb100e88ce688b1d2af19772a3003834f08c422ebaf4b36804764da93c49d64a1451e8ef01919dbd661153d1166a72cc8147d862140ed7338e421349cdd9e,08/17/2025 01:30:00 AM,1,DRIVER,,2030695,,TOYOTA,CAMRY,IL,2014,UNKNOWN,PASSENGER,UNKNOWN/NA,S,CHANGING LANES,,,1,,,,,Y,Y,,,,,,,,,,,,SIDE-RIGHT,,,,,,,,,,,,,,,,,,,,,,,,,,,,,,,,,
2130199,338fb100e88ce688b1d2af19772a3003834f08c422ebaf4b36804764da93c49d64a1451e8ef01919dbd661153d1166a72cc8147d862140ed7338e421349cdd9e,08/17/2025 01:30:00 AM,2,DRIVER,,2030697,,HONDA,ACCORD,IL,2015,UNKNOWN,UNKNOWN/NA,UNKNOWN/NA,S,STRAIGHT AHEAD,,,1,,,,,,,,,,,,,Y,Y,Y,,,UNKNOWN,,,,,,,,,,,,,,,,,,,,,,,,,,,,,,,,,
2130385,c40e9516bb310179e2856cc76d3de16d954b901aeffa0d4762e2569730b1ecf72e0ff07a0cac325c98101c35f8792c2422e18ef544b37c750e10b742024028fe,08/17/2025 01:30:00 AM,1,DRIVER,,2030870,,UNKNOWN,MOTORIZED,,,UNKNOWN,SPORT UTILITY VEHICLE (SUV),UNKNOWN/NA,S,STRAIGHT AHEAD,,,1,,,,,Y,,,,,,,,,,Y,Y,,FRONT,,,,,,,,,,,,,,,,,,,,,,,,,,,,,,,,,
2130386,c40e9516bb310179e2856cc76d3de16d954b901aeffa0d4762e2569730b1ecf72e0ff07a0cac325c98101c35f8792c2422e18ef544b37c750e10b742024028fe,08/17/2025 01:30:00 AM,2,PARKED,,2030871,,TOYOTA,CAMRY,IL,2025,NONE,PASSENGER,NOT IN USE,S,PARKED,Y,,0,,OWNER,,,,,,,Y,Y,Y,,,,,,,REAR,,,,,,,,,,,,,,,,,,,,,,,,,,,,,,,,,
2130236,bb716ae191a1f5d9a1eb6d92213d660e641f59b95b0f3ee45f2298b0f2f16bd365cabc43b5d3f747d555847d32e38a811b63a957c4554efd2d3d194839c28cb5,08/17/2025 01:19:00 AM,1,DRIVER,1,2030731,,CHEVROLET,CRUZE,IL,2017,UNKNOWN,PASSENGER,PERSONAL,S,TURNING LEFT,Y,,2,,private tow,,,,,,,,,,,,,Y,,,FRONT-LEFT-CORNER,,,,,,,,,,,,,,,,,,,,,,,,,,,,,,,,,
2130237,bb716ae191a1f5d9a1eb6d92213d660e641f59b95b0f3ee45f2298b0f2f16bd365cabc43b5d3f747d555847d32e38a811b63a957c4554efd2d3d194839c28cb5,08/17/2025 01:19:00 AM,2,DRIVER,,2030740,,PORSCHE,CAYENNE,IL,2017,NONE,PASSENGER,PERSONAL,S,STRAIGHT AHEAD,Y,,1,,priavte,home,,Y,Y,,,,,,,,,,,,FRONT-RIGHT-CORNER,,,,,,,,,,,,,,,,,,,,,,,,,,,,,,,,,
2130191,b7e98781a0f19930b25ec96235237d252da023a596b98d98914f899d3715eb396d9b9069e4313dda164fb6fd072f3db4e28e388698a5032a8fdb79c51438017f,08/17/2025 01:10:00 AM,1,DRIVER,,2030688,,HONDA,ACCORD,IL,2007,BRAKES,PASSENGER,PERSONAL,E,STRAIGHT AHEAD,Y,,1,,CITY OF CHICAGO,POUND 6,,,,,,,,,,,,Y,Y,,FRONT-LEFT-CORNER,,,,,,,,,,,,,,,,,,,,,,,,,,,,,,,,,
2130172,881216e5355ea03fbf63dcfe50e1720b27b4b26aa3d38891139d057a5d4c05edae19c7f5c91cc9a5dfda40fddb094af3c059c53db4b008e1712bd63d19df02da,08/17/2025 01:05:00 AM,1,DRIVER,,2030669,,CHEVROLET,MALIBU,IL,2021,UNKNOWN,PASSENGER,UNKNOWN/NA,S,STRAIGHT AHEAD,Y,,1,,CITY OF CHICAGO,701 N SACRAMENTO,,Y,,,,,,,,,Y,Y,Y,,FRONT-LEFT-CORNER,,,,,,,,,,,,,,,,,,,,,,,,,,,,,,,,,
2130173,881216e5355ea03fbf63dcfe50e1720b27b4b26aa3d38891139d057a5d4c05edae19c7f5c91cc9a5dfda40fddb094af3c059c53db4b008e1712bd63d19df02da,08/17/2025 01:05:00 AM,2,DRIVERLESS,,2030672,,MAZDA,CX-5,IL,2019,NONE,SPORT UTILITY VEHICLE (SUV),NOT IN USE,E,PARKED,Y,,0,,PRIVATE TOW,,,,,,,,,Y,Y,Y,Y,Y,,,SIDE-LEFT,,,,,,,,,,,,,,,,,,,,,,,,,,,,,,,,,
2130481,be0731d014da1b878c57f74477b6e20ec4211b74694f28d2109852581d9f0082b0a48b80561c02e960e2edb6eb5c368b8b383c89ba803949f77b4e2f7235f3f2,08/17/2025 01:05:00 AM,1,DRIVER,,2030957,,NISSAN,MAXIMA,IL,2018,UNKNOWN,PASSENGER,PERSONAL,S,STRAIGHT AHEAD,Y,,1,,CITY OF CHICAGO,POUND 1 DOTY,,,,,,,,,,,Y,Y,N,,FRONT-LEFT-CORNER,,,,,,,,,,,,,,,,,,,,,,,,,,,,,,,,,
2130482,be0731d014da1b878c57f74477b6e20ec4211b74694f28d2109852581d9f0082b0a48b80561c02e960e2edb6eb5c368b8b383c89ba803949f77b4e2f7235f3f2,08/17/2025 01:05:00 AM,2,DRIVER,2,2030969,N,LINCOLN,MKZ,IL,2020,UNKNOWN,PASSENGER,RIDESHARE SERVICE,S,STRAIGHT AHEAD,,,3,,,,,,,,,Y,Y,,,,,,,,REAR-RIGHT-CORNER,,,,,,,,,,,,,,,,,,,,,,,,,,,,,,,,,
2130975,bc7c710f1a3fc749440ceeb4b2e8345ff59b2c9bc79a9b94e66f8f57fc95cc54fd0a492472050d27943c0dfae6e0f0440fac8fb110763f3dc346491f18f99464,08/17/2025 01:00:00 AM,1,DRIVER,,2031414,,BUICK,OTHER (EXPLAIN IN NARRATIVE),IL,2001,UNKNOWN,PASSENGER,UNKNOWN/NA,W,STRAIGHT AHEAD,,,1,,,,,,,,,,,,,,,Y,,,FRONT-LEFT-CORNER,,,,,,,,,,,,,,,,,,,,,,,,,,,,,,,,,