CRASH_UNIT_ID,CRASH_RECORD_ID,CRASH_DATE,UNIT_NO,UNIT_TYPE,NUM_PASSENGERS,VEHICLE_ID,CMRC_VEH_I,MAKE,MODEL,LIC_PLATE_STATE,VEHICLE_YEAR,VEHICLE_DEFECT,VEHICLE_TYPE,VEHICLE_USE,TRAVEL_DIRECTION,MANEUVER,TOWED_I,FIRE_I,OCCUPANT_CNT,EXCEED_SPEED_LIMIT_I,TOWED_BY,TOWED_TO,AREA_00_I,AREA_01_I,AREA_02_I,AREA_03_I,AREA_04_I,AREA_05_I,AREA_06_I,AREA_07_I,AREA_08_I,AREA_09_I,AREA_10_I,AREA_11_I,AREA_12_I,AREA_99_I,FIRST_CONTACT_POINT,CMV_ID,USDOT_NO,CCMC_NO,ILCC_NO,COMMERCIAL_SRC,GVWR,CARRIER_NAME,CARRIER_STATE,CARRIER_CITY,HAZMAT_PLACARDS_I,HAZMAT_NAME,UN_NO,HAZMAT_PRESENT_I,HAZMAT_REPORT_I,HAZMAT_REPORT_NO,MCS_REPORT_I,MCS_REPORT_NO,HAZMAT_VIO_CAUSE_CRASH_I,MCS_VIO_CAUSE_CRASH_I,IDOT_PERMIT_NO,WIDE_LOAD_I,TRAILER1_WIDTH,TRAILER2_WIDTH,TRAILER1_LENGTH,TRAILER2_LENGTH,TOTAL_VEHICLE_LENGTH,AXLE_CNT,VEHICLE_CONFIG,CARGO_BODY_TYPE,LOAD_TYPE,HAZMAT_OUT_OF_SERVICE_I,MCS_OUT_OF_SERVICE_I,HAZMAT_CLASS
2130976,bc7c710f1a3fc749440ceeb4b2e8345ff59b2c9bc79a9b94e66f8f57fc95cc54fd0a492472050d27943c0dfae6e0f0440fac8fb110763f3dc346491f18f99464,08/17/2025 01:00:00 AM,2,DRIVER,,2031410,,TESLA,MODEL Y,IL,2021,UNKNOWN,PASSENGER,PERSONAL,E,STRAIGHT AHEAD,,,1,,,,,,,,,,,,,,Y,Y,Y,,FRONT-LEFT-CORNER,,,,,,,,,,,,,,,,,,,,,,,,,,,,,,,,,
2130382,d21a5d90caa904c4acbb70556b38bfaecb3721c715eddb91d63b5749f8912044ede68d4d987f2cdcd74e286a824537c97259cf570160b104ecce1267df593b3a,08/17/2025 01:00:00 AM,1,DRIVER,,2030867,,DODGE,CHALLENGER,IL,2020,UNKNOWN,PASSENGER,PERSONAL,W,UNKNOWN/NA,,,1,,,,,Y,Y,,,,,,,,,,,,FRONT-RIGHT-CORNER,,,,,,,,,,,,,,,,,,,,,,,,,,,,,,,,,
2130383,d21a5d90caa904c4acbb70556b38bfaecb3721c715eddb91d63b5749f8912044ede68d4d987f2cdcd74e286a824537c97259cf570160b104ecce1267df593b3a,08/17/2025 01:00:00 AM,2,DRIVERLESS,,2030869,,CADILLAC,XT5,IL,2017,UNKNOWN,PASSENGER,PERSONAL,W,PARKED,,,0,,,,,,,,,,,Y,Y,,,,,,REAR-LEFT-CORNER,,,,,,,,,,,,,,,,,,,,,,,,,,,,,,,,,
2130189,5aaf3bd9c1e181f64dd0c4e59fcb9989c89388730be348da65fd49ee5ed93cdeb15f882d3e4fe8bfe7947aba2795e59f154b4c98bc4698636ec7e71566e7d49f,08/17/2025 12:56:00 AM,1,DRIVER,,2030683,,UNKNOWN,MOTORIZED,IL,,UNKNOWN,PASSENGER,PERSONAL,UNKNOWN,STRAIGHT AHEAD,,,1,,,,,,,,,,,,,,,,,,UNKNOWN,,,,,,,,,,,,,,,,,,,,,,,,,,,,,,,,,
2130190,5aaf3bd9c1e181f64dd0c4e59fcb9989c89388730be348da65fd49ee5ed93cdeb15f882d3e4fe8bfe7947aba2795e59f154b4c98bc4698636ec7e71566e7d49f,08/17/2025 12:56:00 AM,2,PEDESTRIAN,,,,,,,,,,,,,,,,,,,,,,,,,,,,,,,,,,,,,,,,,,,,,,,,,,,,,,,,,,,,,,,,,,
2130161,495b61a32a5b476018fbd2ad2189e264923986cd33a7d1d15612ccb540104052b1d57d17f046f397d73c35f9c64a7e78fa1fceb310060e01f39fff5c3f778d9a,08/17/2025 12:53:00 AM,1,DRIVER,,2030659,,TOYOTA,RAV4,,,UNKNOWN,SPORT UTILITY VEHICLE (SUV),RIDESHARE SERVICE,W,TURNING LEFT,,,1,,,,,N,N,,,,,,,,Y,Y,,,SIDE-LEFT-FRONT,,,,,,,,,,,,,,,,,,,,,,,,,,,,,,,,,
2130162,495b61a32a5b476018fbd2ad2189e264923986cd33a7d1d15612ccb540104052b1d57d17f046f397d73c35f9c64a7e78fa1fceb310060e01f39fff5c3f778d9a,08/17/2025 12:53:00 AM,2,DRIVER,,2030661,,TOYOTA,CAMRY,,,UNKNOWN,PASSENGER,PERSONAL,W,TURNING LEFT,,,1,,,,,,Y,Y,,,,,,,,,,,SIDE-RIGHT,,,,,,,,,,,,,,,,,,,,,,,,,,,,,,,,,
2130228,f41bd443e6ad6c2954fd96407977ca39aa86048810af41c7efa795e306dc5db2f4b6b338305e65a426c219ae4816911db02f7a0cc86d21acfd6d1c7bf2438340,08/17/2025 12:50:00 AM,1,DRIVER,1,2030728,,LEXUS,OTHER (EXPLAIN IN NARRATIVE),IL,2016,NONE,PASSENGER,PERSONAL,W,TURNING LEFT,Y,,2,,private,residence,,,,,,,,,,,,Y,Y,,FRONT,,,,,,,,,,,,,,,,,,,,,,,,,,,,,,,,,
2130229,f41bd443e6ad6c2954fd96407977ca39aa86048810af41c7efa795e306dc5db2f4b6b338305e65a426c219ae4816911db02f7a0cc86d21acfd6d1c7bf2438340,08/17/2025 12:50:00 AM,2,DRIVER,,2030734,,VOLKSWAGEN,OTHER (EXPLAIN IN NARRATIVE),IL,2008,NONE,PASSENGER,PERSONAL,E,STRAIGHT AHEAD,Y,,1,,CITY OF CHICAGO,AUTO POUND #2,,Y,Y,Y,,,,,,,,,Y,,FRONT-RIGHT-CORNER,,,,,,,,,,,,,,,,,,,,,,,,,,,,,,,,,
2137547,4c7e3efb215a27d7512969d749296387783ffe41ee03914557cccb8e7bd1728f3c0d1d14c5069afb0f20bccc60b0ff2a2d19680e9d2f8f35b29d9fd80eeaa0a5,08/17/2025 12:41:00 AM,1,DRIVER,,2037681,,BUICK,ENCORE,IL,2025,NONE,PASSENGER,PERSONAL,E,STRAIGHT AHEAD,,,1,,,,,,,,,,,,,,,Y,,,FRONT-LEFT-CORNER,,,,,,,,,,,,,,,,,,,,,,,,,,,,,,,,,
2137548,4c7e3efb215a27d7512969d749296387783ffe41ee03914557cccb8e7bd1728f3c0d1d14c5069afb0f20bccc60b0ff2a2d19680e9d2f8f35b29d9fd80eeaa0a5,08/17/2025 12:41:00 AM,2,DRIVER,,2037682,,BUICK,REGAL,IL,2004,NONE,PASSENGER,PERSONAL,S,STRAIGHT AHEAD,,,1,,,,,Y,,,,,,,,,,,,,FRONT-RIGHT-CORNER,,,,,,,,,,,,,,,,,,,,,,,,,,,,,,,,,
2130177,1dbc7e223a132a4bf890644ffcecb69e1932f4aa70a39f21848912823c97f900edd062c77b88d0dbc8eb68cf80de82949feaf05c6ddb51dbbf287382e899c1dc,08/17/2025 12:40:00 AM,1,DRIVER,,2030674,,INFINITI,Q60,IL,2017,UNKNOWN,PASSENGER,PERSONAL,N,SKIDDING/CONTROL LOSS,Y,,1,,city of chicago,701 n sacramento blvd,,Y,Y,Y,Y,Y,N,Y,Y,Y,Y,Y,Y,,FRONT,,,,,,,,,,,,,,,,,,,,,,,,,,,,,,,,,
2130207,c8266085e60be5c1e8216a17129976c81f7ec7fb35f63cf66b27dd52e64779eaa5d404e6c4125705b1018728440373c033a1ebfffa42f5f583c065842f5e7731,08/17/2025 12:40:00 AM,1,DRIVER,1,2030703,,BMW,X3,IL,2019,UNKNOWN,PASSENGER,UNKNOWN/NA,S,UNKNOWN/NA,Y,,2,,S&S 054401,701 N SACRAMENTO,,Y,Y,,,,,,,,Y,Y,Y,,FRONT,,,,,,,,,,,,,,,,,,,,,,,,,,,,,,,,,
2130208,c8266085e60be5c1e8216a17129976c81f7ec7fb35f63cf66b27dd52e64779eaa5d404e6c4125705b1018728440373c033a1ebfffa42f5f583c065842f5e7731,08/17/2025 12:40:00 AM,2,DRIVER,,2030709,,NISSAN,MURANO,IL,2005,UNKNOWN,SPORT UTILITY VEHICLE (SUV),PERSONAL,N,TURNING LEFT,,,1,,,,,Y,Y,Y,Y,,,,,,,,Y,,SIDE-RIGHT,,,,,,,,,,,,,,,,,,,,,,,,,,,,,,,,,
2130186,6bc9622ab445a5c966083912f241952bff3e93f8db27d1167268e14152c5c73a4625c674da0aaf2c47e8df644c5eaf9c4d27c7ba3603f74549bf60e5896a82f5,08/17/2025 12:38:00 AM,1,DRIVER,,2030692,,HONDA,CR-V,IL,1999,UNKNOWN,PASSENGER,PERSONAL,W,UNKNOWN/NA,Y,,1,,E&R TOWING,10301 DOTY RD,,Y,,,,,,,,,,Y,Y,,FRONT,,,,,,,,,,,,,,,,,,,,,,,,,,,,,,,,,
2130187,6bc9622ab445a5c966083912f241952bff3e93f8db27d1167268e14152c5c73a4625c674da0aaf2c47e8df644c5eaf9c4d27c7ba3603f74549bf60e5896a82f5,08/17/2025 12:38:00 AM,2,PARKED,,2030687,,(HOMEMADE TRAILER),(HOMEMADE TRAILER),IL,2019,NONE,OTHER,CONSTRUCTION/MAINTENANCE,W,PARKED,,,0,,,,,,,,,,,Y,Y,,,,Y,,REAR-LEFT-CORNER,,,,,,,,,,,,,,,,,,,,,,,,,,,,,,,,,
2130188,6bc9622ab445a5c966083912f241952bff3e93f8db27d1167268e14152c5c73a4625c674da0aaf2c47e8df644c5eaf9c4d27c7ba3603f74549bf60e5896a82f5,08/17/2025 12:38:00 AM,3,PARKED,,2030696,,FORD,F450,IL,2010,NONE,PICKUP,PERSONAL,W,PARKED,,,0,,,,,,,,,Y,Y,Y,,,,,,,REAR,,,,,,,,,,,,,,,,,,,,,,,,,,,,,,,,,
2130159,3302ae99d7e3791310bc2f6523ab93fd2ad4312a5d01e6b459a32da5f1b974320ac5dcc3ad3519e418ba2e5fe0b858d6746dcc14e103bb42b48faeae71ac156e,08/17/2025 12:30:00 AM,1,DRIVER,,2030658,,CHEVROLET,MALIBU,IL,2021,UNKNOWN,PASSENGER,PERSONAL,S,SLOW/STOP IN TRAFFIC,,,1,,,,,Y,,,,,,,,,,Y,Y,,FRONT,,,,,,,,,,,,,,,,,,,,,,,,,,,,,,,,,
2130160,3302ae99d7e3791310bc2f6523ab93fd2ad4312a5d01e6b459a32da5f1b974320ac5dcc3ad3519e418ba2e5fe0b858d6746dcc14e103bb42b48faeae71ac156e,08/17/2025 12:30:00 AM,2,DRIVER,1,2030664,,CHEVROLET,TRAX,IL,2018,UNKNOWN,PASSENGER,PERSONAL,S,SLOW/STOP IN TRAFFIC,,,2,,,,,,,,,Y,Y,Y,,,,,,,REAR,,,,,,,,,,,,,,,,,,,,,,,,,,,,,,,,,
2130503,7b6d5cac093d35c3ec2a1e325500960a6a47b1dcf8248100a09db6a371b867cbe6f75d21ab3cbedd66ecea04b52e8b9166c9b689e4df46897c1d1ff421b68b89,08/17/2025 12:30:00 AM,1,DRIVER,,2030986,,HONDA,OTHER (EXPLAIN IN NARRATIVE),IL,2018,NONE,PASSENGER,PERSONAL,N,STRAIGHT AHEAD,,,1,,,,,Y,,,,,,,,,,Y,Y,,FRONT,,,,,,,,,,,,,,,,,,,,,,,,,,,,,,,,,
2130504,7b6d5cac093d35c3ec2a1e325500960a6a47b1dcf8248100a09db6a371b867cbe6f75d21ab3cbedd66ecea04b52e8b9166c9b689e4df46897c1d1ff421b68b89,08/17/2025 12:30:00 AM,2,PARKED,,2030972,,FORD,EXPEDITION,IL,2003,NONE,SPORT UTILITY VEHICLE (SUV),PERSONAL,UNKNOWN,PARKED,,,0,,,,,,,,,Y,Y,Y,,,,,,,REAR,,,,,,,,,,,,,,,,,,,,,,,,,,,,,,,,,
2130211,920dbe192f112ac6eb97bdd7e83085cec8a075c2605d45d7ecf9ff9f9212a4e193a06b77234d5c1e892d6c05f0e22d217ca894f47179d747ec7a7b76de3f3d43,08/17/2025 12:30:00 AM,1,DRIVER,,2030706,,UNKNOWN,OTHER (EXPLAIN IN NARRATIVE),,,UNKNOWN,UNKNOWN/NA,UNKNOWN/NA,UNKNOWN,UNKNOWN/NA,,,1,,,,,,,,,,,,,,,,,,UNKNOWN,,,,,,,,,,,,,,,,,,,,,,,,,,,,,,,,,
2130212,920dbe192f112ac6eb97bdd7e83085cec8a075c2605d45d7ecf9ff9f9212a4e193a06b77234d5c1e892d6c05f0e22d217ca894f47179d747ec7a7b76de3f3d43,08/17/2025 12:30:00 AM,2,PARKED,,2030708,,CHEVROLET,TAHOE,IL,2016,NONE,SPORT UTILITY VEHICLE (SUV),NOT IN USE,W,PARKED,,,0,,,,,,,,,Y,Y,Y,,,,,,,REAR,,,,,,,,,,,,,,,,,,,,,,,,,,,,,,,,,
2132079,dad30f5efb69256de24db8146831a5953b906bf784d21114bacf8b14bca1cd2c399d359d030ee8559269ec992cccaa64a8659bb8eec5ba0443b40c62c5e17750,08/17/2025 12:30:00 AM,1,DRIVER,,2032441,,DODGE,JOURNEY,IL,2017,UNKNOWN,SPORT UTILITY VEHICLE (SUV),UNKNOWN/NA,S,STRAIGHT AHEAD,,,1,,,,,Y,,,,,,,,,,Y,Y,,FRONT,,,,,,,,,,,,,,,,,,,,,,,,,,,,,,,,,
2132080,dad30f5efb69256de24db8146831a5953b906bf784d21114bacf8b14bca1cd2c399d359d030ee8559269ec992cccaa64a8659bb8eec5ba0443b40c62c5e17750,08/17/2025 12:30:00 AM,2,DRIVER,,2032448,,TOYOTA,COROLLA,IL,2016,NONE,PASSENGER,PERSONAL,S,STRAIGHT AHEAD,,,1,,,,,,,,,Y,Y,Y,,,,,,,REAR,,,,,,,,,,,,,,,,,,,,,,,,,,,,,,,,,
2130182,e00f7589ec5d28249e557170ec2ca6fad7deca4f644d088a93252c9b4733e5a0bef8dc6e945caaed635c1c5cc8b36cf66487e5d71f495ae70c9e84f273e10eee,08/17/2025 12:30:00 AM,1,DRIVER,,2030677,,CHEVROLET,TAHOE,IL,2017,UNKNOWN,PASSENGER,UNKNOWN/NA,UNKNOWN,UNKNOWN/NA,,,1,,,,,,,,,,,,,,,,,Y,FRONT,,,,,,,,,,,,,,,,,,,,,,,,,,,,,,,,,
2130183,e00f7589ec5d28249e557170ec2ca6fad7deca4f644d088a93252c9b4733e5a0bef8dc6e945caaed635c1c5cc8b36cf66487e5d71f495ae70c9e84f273e10eee,08/17/2025 12:30:00 AM,2,PEDESTRIAN,,,,,,,,,,,,,,,,,,,,,,,,,,,,,,,,,,,,,,,,,,,,,,,,,,,,,,,,,,,,,,,,,,
2130925,f3551b54876eef12b0c1465ff599277d98601f0951d5090b1c08445d8aa16d4cf9b5c3acc947f3878988b58305bee851690a38fca614bc2b3de8297124ea0a49,08/17/2025 12:23:00 AM,1,DRIVER,,2031364,,NOVA BUS,OTHER (EXPLAIN IN NARRATIVE),IL,2022,NONE,BUS OVER 15 PASS.,CTA,N,STRAIGHT AHEAD,,,1,,,,,,,Y,Y,,,,,,,,,,REAR-RIGHT-CORNER,,,,,,,,,,,,,,,,,,,,,,,,,,,,,,,,,
2130926,f3551b54876eef12b0c1465ff599277d98601f0951d5090b1c08445d8aa16d4cf9b5c3acc947f3878988b58305bee851690a38fca614bc2b3de8297124ea0a49,08/17/2025 12:23:00 AM,2,PARKED,,2031365,,GENERAL MOTORS CORPORATION (GMC),SIERRA,IL,2011,NONE,PICKUP,PERSONAL,N,PARKED,Y,,0,,PRIVATE TOW,PRIVATE,,,,,,,,,,,Y,Y,,,FRONT-LEFT-CORNER,,,,,,,,,,,,,,,,,,,,,,,,,,,,,,,,,
2130166,d0feaf55458abf770177544ea994b0cd9fdf7d992d4f1abc4fb3a79190989219dcae7277b7fa944631d679a48ea76bc50843a2ce550b927900b53605d17c44da,08/17/2025 12:22:00 AM,1,DRIVER,,2030666,,HONDA,ACCORD,IL,2002,NONE,PASSENGER,PERSONAL,S,STRAIGHT AHEAD,Y,,1,,DEPT. OF STREET AND SANITATION,,,Y,Y,,,,,,,,,Y,Y,,FRONT-RIGHT-CORNER,,,,,,,,,,,,,,,,,,,,,,,,,,,,,,,,,
2130167,d0feaf55458abf770177544ea994b0cd9fdf7d992d4f1abc4fb3a79190989219dcae7277b7fa944631d679a48ea76bc50843a2ce550b927900b53605d17c44da,08/17/2025 12:22:00 AM,2,PARKED,,2030668,,UNKNOWN,OTHER (EXPLAIN IN NARRATIVE),,,UNKNOWN,TRUCK - SINGLE UNIT,UNKNOWN/NA,S,PARKED,,,0,,,,,,,,,,,Y,,,,,,,REAR-LEFT-CORNER,,,,,,,,,,,,,,,,,,,,,,,,,,,,,,,,,
2130470,0d6f04f446a7eea8081148dbf06333b71c1d701ccc21663f041257b39c915a50ea24557c8b70c8cfe50b613fd6e809ee4d5c605b53fc0ea13f45e9790d63e6fa,08/17/2025 12:20:00 AM,1,DRIVER,,2030944,,HONDA,ACCORD,IL,2018,NONE,PASSENGER,PERSONAL,E,STRAIGHT AHEAD,,,1,,,,,,,,,,,,,,,,,Y,UNKNOWN,,,,,,,,,,,,,,,,,,,,,,,,,,,,,,,,,
2130471,0d6f04f446a7eea8081148dbf06333b71c1d701ccc21663f041257b39c915a50ea24557c8b70c8cfe50b613fd6e809ee4d5c605b53fc0ea13f45e9790d63e6fa,08/17/2025 12:20:00 AM,2,DRIVER,,2030946,,TOYOTA,COROLLA,IL,2020,NONE,PASSENGER,PERSONAL,E,STRAIGHT AHEAD,,,1,,,,,,,,,,,,Y,Y,Y,,,,SIDE-LEFT,,,,,,,,,,,,,,,,,,,,,,,,,,,,,,,,,
2130301,30a1268cd03d1069c0748d6d5994cf67f73972fa5bae7bfa3f5bf081f638c172112bd5710fa7927e0a483688f613c7fd5384536d26b3f4d567ec920cbb27ce0b,08/17/2025 12:15:00 AM,1,DRIVER,,2030797,,MERCEDES-BENZ,500 SERIES,IL,2010,NONE,PASSENGER,PERSONAL,W,STRAIGHT AHEAD,,,1,,,,,,,,,,,,,,,Y,Y,,FRONT,,,,,,,,,,,,,,,,,,,,,,,,,,,,,,,,,
2130442,30a1268cd03d1069c0748d6d5994cf67f73972fa5bae7bfa3f5bf081f638c172112bd5710fa7927e0a483688f613c7fd5384536d26b3f4d567ec920cbb27ce0b,08/17/2025 12:15:00 AM,2,NON-MOTOR VEHICLE,,,,,,,,,,,,,,,,,,,,,,,,,,,,,,,,,,,,,,,,,,,,,,,,,,,,,,,,,,,,,,,,,,
2130194,6400045e9e7baf0c3dfc95336a4da3b1f39efdb663410937af691743839153a93099d15f9820bf2193a27bd7199260c17164053088c6278fa0ad87de40954a5e,08/17/2025 12:15:00 AM,1,DRIVER,,2030689,,CHEVROLET,SUBURBAN,,,UNKNOWN,SPORT UTILITY VEHICLE (SUV),UNKNOWN/NA,E,STRAIGHT AHEAD,,,1,,,,,N,,,,,,,,,,,,Y,FRONT-RIGHT-CORNER,,,,,,,,,,,,,,,,,,,,,,,,,,,,,,,,,
2130195,6400045e9e7baf0c3dfc95336a4da3b1f39efdb663410937af691743839153a93099d15f9820bf2193a27bd7199260c17164053088c6278fa0ad87de40954a5e,08/17/2025 12:15:00 AM,2,DRIVER,2,2030693,,CADILLAC,CT5,IL,2021,NONE,PASSENGER,PERSONAL,E,STRAIGHT AHEAD,,,3,,,,,,,,,,,Y,Y,,,,,,REAR-LEFT-CORNER,,,,,,,,,,,,,,,,,,,,,,,,,,,,,,,,,
2133815,e4895a9dbfe9d1ed381df91e5776357499c2b4dcc3c7ef99537da3fe290e8239c8d348f332a4a37efec55db15a4316f1958c073c7facbb859a9f589a027dde36,08/17/2025 12:14:00 AM,1,DRIVER,,2034105,,TOYOTA,OTHER (EXPLAIN IN NARRATIVE),,,UNKNOWN,PASSENGER,UNKNOWN/NA,E,UNKNOWN/NA,,,1,,,,,,,,,,,,,,,,Y,,FRONT,,,,,,,,,,,,,,,,,,,,,,,,,,,,,,,,,
2133816,e4895a9dbfe9d1ed381df91e5776357499c2b4dcc3c7ef99537da3fe290e8239c8d348f332a4a37efec55db15a4316f1958c073c7facbb859a9f589a027dde36,08/17/2025 12:14:00 AM,2,DRIVER,,2034111,,TESLA,MODEL X,,,UNKNOWN,PASSENGER,PERSONAL,E,SLOW/STOP IN TRAFFIC,,,1,,,,,,,,,,Y,,,,,,,,REAR,,,,,,,,,,,,,,,,,,,,,,,,,,,,,,,,,
2130178,12903a0184f5b8ac5f05a38fd35c89812f2303b3bddb23aba9093c565c7ef86107b831ef92fb88112f19ed617a9d23ff1d9cfa16810d5a32baa41b35a410ecc1,08/17/2025 12:10:00 AM,1,DRIVER,,2030676,,TOYOTA,CAMRY,IL,2013,UNKNOWN,PASSENGER,UNKNOWN/NA,W,UNKNOWN/NA,Y,,1,,city of chicago,701 n sacramento,,,,,,,,,,,,,Y,,FRONT,,,,,,,,,,,,,,,,,,,,,,,,,,,,,,,,,
2130179,12903a0184f5b8ac5f05a38fd35c89812f2303b3bddb23aba9093c565c7ef86107b831ef92fb88112f19ed617a9d23ff1d9cfa16810d5a32baa41b35a410ecc1,08/17/2025 12:10:00 AM,2,DRIVER,,2030678,,HONDA,OTHER (EXPLAIN IN NARRATIVE),IL,2014,NONE,SPORT UTILITY VEHICLE (SUV),PERSONAL,W,STRAIGHT AHEAD,,,1,,,,,,,,,,Y,,,,,,,,REAR,,,,,,,,,,,,,,,,,,,,,,,,,,,,,,,,,
2130180,12903a0184f5b8ac5f05a38fd35c89812f2303b3bddb23aba9093c565c7ef86107b831ef92fb88112f19ed617a9d23ff1d9cfa16810d5a32baa41b35a410ecc1,08/17/2025 12:10:00 AM,3,PARKED,2,2030680,,KIA,OTHER (EXPLAIN IN NARRATIVE),IL,2011,NONE,SPORT UTILITY VEHICLE (SUV),PERSONAL,S,PARKED,,,2,,,,,,,,,,Y,,,,,,,,SIDE-LEFT-REAR,,,,,,,,,,,,,,,,,,,,,,,,,,,,,,,,,
2130181,12903a0184f5b8ac5f05a38fd35c89812f2303b3bddb23aba9093c565c7ef86107b831ef92fb88112f19ed617a9d23ff1d9cfa16810d5a32baa41b35a410ecc1,08/17/2025 12:10:00 AM,4,PARKED,,2030684,,FORD,OTHER (EXPLAIN IN NARRATIVE),IL,2022,UNKNOWN,VAN/MINI-VAN,UNKNOWN/NA,S,PARKED,,,0,,,,,,,,,,Y,,,,,,,,REAR,,,,,,,,,,,,,,,,,,,,,,,,,,,,,,,,,
2130170,791d2fef97f329a8e3c0b1db3f013588d858de83f15a2cd45244242b73f791a55b2d9ec5a8ac60e23074723bfcc91c91ac0b8786aa12a685b446ab74e84656fd,08/17/2025 12:10:00 AM,1,DRIVER,,2030670,,FORD,ESCAPE,IL,2011,NONE,PASSENGER,PERSONAL,W,STRAIGHT AHEAD,,,1,,,,,,,,,,,,,,,,Y,,FRONT,,,,,,,,,,,,,,,,,,,,,,,,,,,,,,,,,
2130171,791d2fef97f329a8e3c0b1db3f013588d858de83f15a2cd45244242b73f791a55b2d9ec5a8ac60e23074723bfcc91c91ac0b8786aa12a685b446ab74e84656fd,08/17/2025 12:10:00 AM,2,DRIVER,,2030673,,CADILLAC,OTHER (EXPLAIN IN NARRATIVE),IL,2019,NONE,PASSENGER,PERSONAL,W,STRAIGHT AHEAD,,,1,,,,,,,,,,Y,,,,,,,,REAR,,,,,,,,,,,,,,,,,,,,,,,,,,,,,,,,,
2130153,6a5add79707840b81b02c670af9ee4f2a400389dba7c785b0a67835d4f8e6e5b608cc34870f41a424d2a2a509f9cc7db6d1817bccf05850291992dcf5bf8671d,08/17/2025 12:05:00 AM,1,DRIVER,1,2030656,,LINCOLN,NAVIGATOR,IL,2019,NONE,PASSENGER,RIDESHARE SERVICE,NW,SLOW/STOP IN TRAFFIC,,,2,,,,Y,,,Y,Y,,,,,,,,,,SIDE-RIGHT-REAR,,,,,,,,,,,,,,,,,,,,,,,,,,,,,,,,,
2130154,6a5add79707840b81b02c670af9ee4f2a400389dba7c785b0a67835d4f8e6e5b608cc34870f41a424d2a2a509f9cc7db6d1817bccf05850291992dcf5bf8671d,08/17/2025 12:05:00 AM,2,BICYCLE,,,,,,,,,,,,,,,,,,,,,,,,,,,,,,,,,,,,,,,,,,,,,,,,,,,,,,,,,,,,,,,,,,
2130155,6a5add79707840b81b02c670af9ee4f2a400389dba7c785b0a67835d4f8e6e5b608cc34870f41a424d2a2a509f9cc7db6d1817bccf05850291992dcf5bf8671d,08/17/2025 12:05:00 AM,3,PARKED,,2030657,,INFINITI,M35,IL,2007,UNKNOWN,PASSENGER,PERSONAL,UNKNOWN,PARKED,,,0,,,,,,,,,,Y,Y,Y,,,,,Y,REAR-LEFT-CORNER,,,,,,,,,,,,,,,,,,,,,,,,,,,,,,,,,
2130164,82f17023f5a1d7e55fb63ad7c9bd9064a062e430f9dd8af44b91fe3619f301404d0ee99a480efb90d0d673c4732bf651f96eca2cf859fef5ce0166ffeed57776,08/17/2025 12:05:00 AM,1,DRIVER,,2030662,,UNKNOWN,OTHER (EXPLAIN IN NARRATIVE),IL,,UNKNOWN,PASSENGER,PERSONAL,W,STRAIGHT AHEAD,,,1,,,,,,,,,,,,,,,,Y,,FRONT,,,,,,,,,,,,,,,,,,,,,,,,,,,,,,,,,
2130165,82f17023f5a1d7e55fb63ad7c9bd9064a062e430f9dd8af44b91fe3619f301404d0ee99a480efb90d0d673c4732bf651f96eca2cf859fef5ce0166ffeed57776,08/17/2025 12:05:00 AM,2,DRIVER,,2030665,,FORD,ESCAPE,IL,2009,NONE,SPORT UTILITY VEHICLE (SUV),PERSONAL,W,STRAIGHT AHEAD,,,1,,,,,,,,,,Y,,,,,,,,REAR,,,,,,,,,,,,,,,,,,,,,,,,,,,,,,,,,
2130184,8c65163da4ca18864e2f9cf2238fa0ce458dd919ce482839fba85a8decacb2d8e2cd89dca3103e82cc0658b51bffe36b01eb4922f1b327360809d92166f90b3f,08/17/2025 12:05:00 AM,1,DRIVER,,2030681,,DODGE,JOURNEY,IL,2026,UNKNOWN,PASSENGER,PERSONAL,W,TURNING LEFT,Y,,1,,CITY OF CHICAGO,,,Y,Y,,,,,,,,Y,Y,Y,,FRONT,,,,,,,,,,,,,,,,,,,,,,,,,,,,,,,,,
2130185,8c65163da4ca18864e2f9cf2238fa0ce458dd919ce482839fba85a8decacb2d8e2cd89dca3103e82cc0658b51bffe36b01eb4922f1b327360809d92166f90b3f,08/17/2025 12:05:00 AM,2,DRIVER,,2030691,,HONDA,ACCORD,IL,2010,NONE,PASSENGER,PERSONAL,E,STRAIGHT AHEAD,,,1,,,,,Y,,,,,,,,Y,Y,Y,Y,,FRONT,,,,,,,,,,,,,,,,,,,,,,,,,,,,,,,,,
2130751,562dfec15c20ff51dfe6c109d7b545018f8331e93c2e4859af6c2c7f4325bdb1c5c271a825f0d88d7149561222de4d216b16820d8e69082a3107ae515802ea40,08/17/2025 12:00:00 AM,1,DRIVER,,2031211,,UNKNOWN,OTHER (EXPLAIN IN NARRATIVE),,,NONE,PASSENGER,UNKNOWN/NA,UNKNOWN,UNKNOWN/NA,,,1,,,,,,,,,,,,,,,,,Y,UNKNOWN,,,,,,,,,,,,,,,,,,,,,,,,,,,,,,,,,