CRASH_UNIT_ID,CRASH_RECORD_ID,CRASH_DATE,UNIT_NO,UNIT_TYPE,NUM_PASSENGERS,VEHICLE_ID,CMRC_VEH_I,MAKE,MODEL,LIC_PLATE_STATE,VEHICLE_YEAR,VEHICLE_DEFECT,VEHICLE_TYPE,VEHICLE_USE,TRAVEL_DIRECTION,MANEUVER,TOWED_I,FIRE_I,OCCUPANT_CNT,EXCEED_SPEED_LIMIT_I,TOWED_BY,TOWED_TO,AREA_00_I,AREA_01_I,AREA_02_I,AREA_03_I,AREA_04_I,AREA_05_I,AREA_06_I,AREA_07_I,AREA_08_I,AREA_09_I,AREA_10_I,AREA_11_I,AREA_12_I,AREA_99_I,FIRST_CONTACT_POINT,CMV_ID,USDOT_NO,CCMC_NO,ILCC_NO,COMMERCIAL_SRC,GVWR,CARRIER_NAME,CARRIER_STATE,CARRIER_CITY,HAZMAT_PLACARDS_I,HAZMAT_NAME,UN_NO,HAZMAT_PRESENT_I,HAZMAT_REPORT_I,HAZMAT_REPORT_NO,MCS_REPORT_I,MCS_REPORT_NO,HAZMAT_VIO_CAUSE_CRASH_I,MCS_VIO_CAUSE_CRASH_I,IDOT_PERMIT_NO,WIDE_LOAD_I,TRAILER1_WIDTH,TRAILER2_WIDTH,TRAILER1_LENGTH,TRAILER2_LENGTH,TOTAL_VEHICLE_LENGTH,AXLE_CNT,VEHICLE_CONFIG,CARGO_BODY_TYPE,LOAD_TYPE,HAZMAT_OUT_OF_SERVICE_I,MCS_OUT_OF_SERVICE_I,HAZMAT_CLASS
2130752,562dfec15c20ff51dfe6c109d7b545018f8331e93c2e4859af6c2c7f4325bdb1c5c271a825f0d88d7149561222de4d216b16820d8e69082a3107ae515802ea40,08/17/2025 12:00:00 AM,2,PARKED,,2031220,,LINCOLN,TOWNCAR,IL,2003,NONE,PASSENGER,PERSONAL,W,PARKED,,,0,,,,,,,,,,Y,,,,,,N,,REAR,,,,,,,,,,,,,,,,,,,,,,,,,,,,,,,,,
2130168,fca94c41825b3c63cca216b3187a67bc0ae13f06eaa54f8a6a5452e77085e89f37784c7f0e32fdc85d98b1b078528e456bade23356cabf8128b02ce04cbd8378,08/16/2025 11:50:00 PM,1,DRIVER,,2030685,,CHEVROLET,EQUINOX,IL,2024,UNKNOWN,PASSENGER,PERSONAL,W,STRAIGHT AHEAD,Y,,1,,E&R,10300 S DOTY,,,,,,,,Y,Y,Y,Y,Y,,,SIDE-LEFT,,,,,,,,,,,,,,,,,,,,,,,,,,,,,,,,,
2130169,fca94c41825b3c63cca216b3187a67bc0ae13f06eaa54f8a6a5452e77085e89f37784c7f0e32fdc85d98b1b078528e456bade23356cabf8128b02ce04cbd8378,08/16/2025 11:50:00 PM,2,DRIVER,,2030690,,FORD,EXPLORER,IL,1998,UNKNOWN,PASSENGER,PERSONAL,E,STRAIGHT AHEAD,Y,,1,,E&R,10300 S DOTY,,,,,,,,Y,Y,Y,Y,Y,,,SIDE-LEFT,,,,,,,,,,,,,,,,,,,,,,,,,,,,,,,,,
2130156,9aa4438c765f13df27a8239446f56818ae9a258b9d34f829ecd6ada1bde666972b14efb9aeaaacf4a246c52bd4cfc8675b9bb971eda49a06b7633679e7c4d692,08/16/2025 11:35:00 PM,1,DRIVER,,2030671,,LEXUS,ES350,IL,2024,UNKNOWN,PASSENGER,PERSONAL,W,STRAIGHT AHEAD,Y,,1,,PRIVATE TOW,,,Y,Y,,,,,,,,,,,,FRONT-RIGHT-CORNER,,,,,,,,,,,,,,,,,,,,,,,,,,,,,,,,,
2130139,c662c85a028832d7207fd5aa482039b590428b8a0ccd6d67c9d15705f36d15ddf7819b3469945c8ea01eb819c60c05793f7362943649f81bc5497f50e0ae1c8a,08/16/2025 11:30:00 PM,1,DRIVER,,2030667,,UNKNOWN,OTHER (EXPLAIN IN NARRATIVE),IL,,UNKNOWN,UNKNOWN/NA,UNKNOWN/NA,UNKNOWN,UNKNOWN/NA,,,1,,,,,,,,,,,,,,,,,,FRONT,,,,,,,,,,,,,,,,,,,,,,,,,,,,,,,,,
2130140,c662c85a028832d7207fd5aa482039b590428b8a0ccd6d67c9d15705f36d15ddf7819b3469945c8ea01eb819c60c05793f7362943649f81bc5497f50e0ae1c8a,08/16/2025 11:30:00 PM,2,PARKED,,2030653,,HYUNDAI,OTHER (EXPLAIN IN NARRATIVE),IL,2022,UNKNOWN,PASSENGER,PERSONAL,UNKNOWN,PARKED,,,0,,,,,Y,Y,,,,,,,,,,,,FRONT-RIGHT-CORNER,,,,,,,,,,,,,,,,,,,,,,,,,,,,,,,,,
2138335,f3b6fee59b49843d173efcf415f7ef989cca1043e3ccceeae81c989fa25158e59f96d85748a46fadbcc00ecefe1e015c9be84f0f9a2cf4cf87e6f5c265b4d202,08/16/2025 11:30:00 PM,1,DRIVER,,2038411,,UNKNOWN,OTHER (EXPLAIN IN NARRATIVE),IL,,UNKNOWN,UNKNOWN/NA,PERSONAL,UNKNOWN,UNKNOWN/NA,,,1,,,,,,,,,,,,,,,,,,UNKNOWN,,,,,,,,,,,,,,,,,,,,,,,,,,,,,,,,,
2138336,f3b6fee59b49843d173efcf415f7ef989cca1043e3ccceeae81c989fa25158e59f96d85748a46fadbcc00ecefe1e015c9be84f0f9a2cf4cf87e6f5c265b4d202,08/16/2025 11:30:00 PM,2,PARKED,,2038414,,TOYOTA,PRIUS,IL,2014,UNKNOWN,PASSENGER,NOT IN USE,S,PARKED,,,0,,,,,,,,,N,,Y,,,,,,,REAR-LEFT-CORNER,,,,,,,,,,,,,,,,,,,,,,,,,,,,,,,,,
2130149,8faa1d54076ef4a7b1982541d4b7abc487852d650be909498ecd64ad31e65b9e37e3191fbe2920ca6cd5f65c5b4c14085a5b0059355c9aab9499c0735fbaaec8,08/16/2025 11:25:00 PM,1,DRIVER,,2030650,,TOYOTA,COROLLA,IL,2009,UNKNOWN,PASSENGER,PERSONAL,N,LEAVING TRAFFIC LANE TO PARK,,,1,,,,,Y,Y,Y,,,,,,,,,,,FRONT-RIGHT-CORNER,,,,,,,,,,,,,,,,,,,,,,,,,,,,,,,,,
2130150,8faa1d54076ef4a7b1982541d4b7abc487852d650be909498ecd64ad31e65b9e37e3191fbe2920ca6cd5f65c5b4c14085a5b0059355c9aab9499c0735fbaaec8,08/16/2025 11:25:00 PM,2,PARKED,,2030652,,CHEVROLET,OTHER (EXPLAIN IN NARRATIVE),IL,2017,NONE,PASSENGER,NOT IN USE,N,PARKED,,,0,,,,,,,,,,Y,Y,Y,N,,,,,REAR-LEFT-CORNER,,,,,,,,,,,,,,,,,,,,,,,,,,,,,,,,,
2130141,f3238febc10598c8418f846d5c68f61dca58cef36499a7f6c532ef72a725dee8091f5d8fa691ddef24b1fa90c7b8cdd7ef7242f7ab34523a57e3526d44f1110e,08/16/2025 11:25:00 PM,1,DRIVER,,2030642,,DODGE,JOURNEY,,,UNKNOWN,PASSENGER,RIDESHARE SERVICE,S,CHANGING LANES,,,1,,,,,,,,,,,,,,,Y,,,FRONT-LEFT-CORNER,,,,,,,,,,,,,,,,,,,,,,,,,,,,,,,,,
2130142,f3238febc10598c8418f846d5c68f61dca58cef36499a7f6c532ef72a725dee8091f5d8fa691ddef24b1fa90c7b8cdd7ef7242f7ab34523a57e3526d44f1110e,08/16/2025 11:25:00 PM,2,DRIVER,,2030643,,KIA,FORTE,CT,,UNKNOWN,PASSENGER,RIDESHARE SERVICE,S,STRAIGHT AHEAD,,,1,,,,,,,,Y,Y,,,,,,,,,SIDE-RIGHT-REAR,,,,,,,,,,,,,,,,,,,,,,,,,,,,,,,,,
2130143,392721efd209e994b74e507e310f9eb759706cbe7b11c4aa253812da6f4e222eb2c0bb255ca73478082ed3bd3e9520710b6ec4089dca6c974fc2dc8b35846bb7,08/16/2025 11:20:00 PM,1,DRIVER,,2030645,,NISSAN,SENTRA,IL,2017,NONE,PASSENGER,PERSONAL,UNKNOWN,SLOW/STOP IN TRAFFIC,,,1,,,,Y,,,,,,,,,,,,,,REAR,,,,,,,,,,,,,,,,,,,,,,,,,,,,,,,,,
2130144,392721efd209e994b74e507e310f9eb759706cbe7b11c4aa253812da6f4e222eb2c0bb255ca73478082ed3bd3e9520710b6ec4089dca6c974fc2dc8b35846bb7,08/16/2025 11:20:00 PM,2,DRIVER,,2030660,,UNKNOWN,OTHER (EXPLAIN IN NARRATIVE),IL,,UNKNOWN,UNKNOWN/NA,UNKNOWN/NA,UNKNOWN,SLOW/STOP IN TRAFFIC,,,1,,,,,Y,,,,,,,,,,Y,Y,Y,FRONT,,,,,,,,,,,,,,,,,,,,,,,,,,,,,,,,,
2130362,80bf30fd9ac86bedab4c83a3d07465741a21dccd11055379241856bc74a44cf230e622efc2e315c48b4def705afeb2784d1fcb18b36ed46cd772f2db2b9c75a2,08/16/2025 11:20:00 PM,1,DRIVER,,2030850,,UNKNOWN,OTHER (EXPLAIN IN NARRATIVE),,,UNKNOWN,UNKNOWN/NA,UNKNOWN/NA,W,STRAIGHT AHEAD,,,1,,,,,Y,Y,,,,,,,,,,Y,Y,UNKNOWN,,,,,,,,,,,,,,,,,,,,,,,,,,,,,,,,,
2130363,80bf30fd9ac86bedab4c83a3d07465741a21dccd11055379241856bc74a44cf230e622efc2e315c48b4def705afeb2784d1fcb18b36ed46cd772f2db2b9c75a2,08/16/2025 11:20:00 PM,2,PARKED,,2030858,,CHEVROLET,OTHER (EXPLAIN IN NARRATIVE),IL,2015,UNKNOWN,PASSENGER,PERSONAL,W,PARKED,,,0,,,,,,,,,,,,,,Y,Y,,Y,FRONT-LEFT-CORNER,,,,,,,,,,,,,,,,,,,,,,,,,,,,,,,,,
2130135,92e7b7418a78861b9a022f9d5eb471b0e9ab3b8795aa71329fdf2725cc1a2ecf3a749ca124f1a69307030cf0ce32d903ccd7262335a469d5238c7333c91a4733,08/16/2025 11:18:00 PM,1,DRIVER,,2030641,,AUDI,A4,IL,2017,UNKNOWN,PASSENGER,PERSONAL,S,PASSING/OVERTAKING,,,1,,,,,,,,,,,,,,,,,,FRONT,,,,,,,,,,,,,,,,,,,,,,,,,,,,,,,,,
2130136,92e7b7418a78861b9a022f9d5eb471b0e9ab3b8795aa71329fdf2725cc1a2ecf3a749ca124f1a69307030cf0ce32d903ccd7262335a469d5238c7333c91a4733,08/16/2025 11:18:00 PM,2,DRIVER,,2030644,,HONDA,PILOT,IL,2025,NONE,SPORT UTILITY VEHICLE (SUV),PERSONAL,S,SLOW/STOP IN TRAFFIC,,,1,,,,,,,,,,,,,,,,,,REAR,,,,,,,,,,,,,,,,,,,,,,,,,,,,,,,,,
2130636,e4a655232f3d7bfae523e10be2045f2db8d3c94b365e38126c3a1f1a1b9257af38c6b3b74936eb0d507325db05f717c8fdb8e970f957b6abf396d002296a0b25,08/16/2025 11:00:00 PM,1,DRIVER,,2031103,,UNKNOWN,MOTORIZED,,,UNKNOWN,UNKNOWN/NA,UNKNOWN/NA,UNKNOWN,UNKNOWN/NA,,,1,,,,,,,,,,,,,,,,,,UNKNOWN,,,,,,,,,,,,,,,,,,,,,,,,,,,,,,,,,
2130637,e4a655232f3d7bfae523e10be2045f2db8d3c94b365e38126c3a1f1a1b9257af38c6b3b74936eb0d507325db05f717c8fdb8e970f957b6abf396d002296a0b25,08/16/2025 11:00:00 PM,2,PARKED,,2031105,,FORD,EDGE,IL,2011,NONE,PASSENGER,PERSONAL,N,PARKED,Y,,0,,city of chicago,pound 6,,,,,,,,,Y,Y,,,,,SIDE-LEFT,,,,,,,,,,,,,,,,,,,,,,,,,,,,,,,,,
2130599,fa928dc222ec194af00a5754485214750c40e15c61d3dd12f45f67189c620f8b85f300ebf90571de3c4c0d091dd59c0083f65f3763b10e37d8fe4a1dfa076b40,08/16/2025 11:00:00 PM,1,DRIVER,,2031067,,UNKNOWN,OTHER (EXPLAIN IN NARRATIVE),,,UNKNOWN,UNKNOWN/NA,UNKNOWN/NA,UNKNOWN,UNKNOWN/NA,,,1,,,,,,,,,,,,,,,,,Y,UNKNOWN,,,,,,,,,,,,,,,,,,,,,,,,,,,,,,,,,
2130600,fa928dc222ec194af00a5754485214750c40e15c61d3dd12f45f67189c620f8b85f300ebf90571de3c4c0d091dd59c0083f65f3763b10e37d8fe4a1dfa076b40,08/16/2025 11:00:00 PM,2,PARKED,,2031077,,BUICK,ENVISION,IL,2025,UNKNOWN,PASSENGER,PERSONAL,N,PARKED,,,0,,,,,,,,,,,,,Y,Y,Y,,,SIDE-LEFT,,,,,,,,,,,,,,,,,,,,,,,,,,,,,,,,,
2130624,febd1f49963390dc5315df6a2e228449f9c9657817f4486f26ab018d20c718cf8ab7b5b92144a8e1ecee3a863995dbf75bce5c532ae1f0dd8259130662dc7be6,08/16/2025 11:00:00 PM,1,DRIVER,,2031080,,UNKNOWN,OTHER (EXPLAIN IN NARRATIVE),,,UNKNOWN,UNKNOWN/NA,UNKNOWN/NA,UNKNOWN,UNKNOWN/NA,,,1,,,,,,,,,,,,,,,,,Y,UNKNOWN,,,,,,,,,,,,,,,,,,,,,,,,,,,,,,,,,
2130625,febd1f49963390dc5315df6a2e228449f9c9657817f4486f26ab018d20c718cf8ab7b5b92144a8e1ecee3a863995dbf75bce5c532ae1f0dd8259130662dc7be6,08/16/2025 11:00:00 PM,2,PARKED,,2031081,,LEXUS,ES350,IL,2011,NONE,PASSENGER,PERSONAL,N,PARKED,Y,,0,,,,,,,,,,,,,,Y,Y,,,SIDE-RIGHT-FRONT,,,,,,,,,,,,,,,,,,,,,,,,,,,,,,,,,
2130157,bc62bf30ad9a43ecbe2ecf978b6dc767e538dc41769050453c0fffd4596439ef63cf07928dcebc5d1a38727e74730b04ea1bdeae2c9f9e3147c48fac3a111ef0,08/16/2025 10:55:00 PM,1,PEDESTRIAN,,,,,,,,,,,,,,,,,,,,,,,,,,,,,,,,,,,,,,,,,,,,,,,,,,,,,,,,,,,,,,,,,,
2130158,bc62bf30ad9a43ecbe2ecf978b6dc767e538dc41769050453c0fffd4596439ef63cf07928dcebc5d1a38727e74730b04ea1bdeae2c9f9e3147c48fac3a111ef0,08/16/2025 10:55:00 PM,2,DRIVER,1,2030682,,HONDA,CIVIC,IL,2018,NONE,PASSENGER,RIDESHARE SERVICE,S,STRAIGHT AHEAD,,,2,,,,,,,,,,,,Y,Y,Y,Y,,,FRONT-LEFT-CORNER,,,,,,,,,,,,,,,,,,,,,,,,,,,,,,,,,
2130151,d4326bd9758dcc1fe88e2ace3277217b8df93a6d3235c0d7d56257072129c5e60099510e5bbf09984fa23f72f66acf26b58f327c37e236659732354323c38dd8,08/16/2025 10:45:00 PM,1,DRIVER,3,2030654,,UNKNOWN,OTHER (EXPLAIN IN NARRATIVE),IL,2025,UNKNOWN,BUS OVER 15 PASS.,UNKNOWN/NA,W,TURNING RIGHT,,,4,,,,,Y,Y,,Y,Y,,,,,,,,,FRONT-RIGHT-CORNER,,,,,,,,,,,,,,,,,,,,,,,,,,,,,,,,,
2130152,d4326bd9758dcc1fe88e2ace3277217b8df93a6d3235c0d7d56257072129c5e60099510e5bbf09984fa23f72f66acf26b58f327c37e236659732354323c38dd8,08/16/2025 10:45:00 PM,2,DRIVER,4,2030655,,HONDA,ACCORD,IL,2020,NONE,PASSENGER,PERSONAL,W,TURNING RIGHT,,,5,,,,,Y,Y,,,,,,,Y,Y,Y,,,FRONT-LEFT-CORNER,,,,,,,,,,,,,,,,,,,,,,,,,,,,,,,,,
2130543,72d0fdb93e63370387d3788d6f27aef010d8bbd3973922e5761f7e77cd7fff2df5d9048b6b052d9e721be33c6490198366c41f834bb81e6c7f740e8045b37134,08/16/2025 10:42:00 PM,1,DRIVER,,2031020,,DODGE,OTHER (EXPLAIN IN NARRATIVE),FL,2022,UNKNOWN,PASSENGER,PERSONAL,N,STRAIGHT AHEAD,,,1,,,,,,,,,,,,,,,,,Y,FRONT,,,,,,,,,,,,,,,,,,,,,,,,,,,,,,,,,
2130544,72d0fdb93e63370387d3788d6f27aef010d8bbd3973922e5761f7e77cd7fff2df5d9048b6b052d9e721be33c6490198366c41f834bb81e6c7f740e8045b37134,08/16/2025 10:42:00 PM,2,DRIVER,1,2031026,,MITSUBISHI,ECLIPSE,IN,2018,NONE,SPORT UTILITY VEHICLE (SUV),PERSONAL,N,STRAIGHT AHEAD,,,2,,,,,,,,,,,Y,,,,,,,REAR-LEFT-CORNER,,,,,,,,,,,,,,,,,,,,,,,,,,,,,,,,,
2132632,f010a1330fb3b068777419f5f49a4de7572ac65e85bfcc05d0504d2ea5a59af83f1e8a61f448233cbb3f62d29ff7c30034ee6c01a9b3d16cdb48686fc4dd94fe,08/16/2025 10:41:00 PM,1,DRIVER,3,2032968,,CHEVROLET,IMPALA,IL,2024,NONE,PASSENGER,PERSONAL,N,STRAIGHT AHEAD,Y,,4,,PRIVATE,,,Y,,Y,Y,Y,Y,Y,Y,,,Y,Y,,FRONT,,,,,,,,,,,,,,,,,,,,,,,,,,,,,,,,,
2132633,f010a1330fb3b068777419f5f49a4de7572ac65e85bfcc05d0504d2ea5a59af83f1e8a61f448233cbb3f62d29ff7c30034ee6c01a9b3d16cdb48686fc4dd94fe,08/16/2025 10:41:00 PM,2,DRIVER,,2032969,,NISSAN,MAXIMA,IL,2021,NONE,PASSENGER,PERSONAL,E,STRAIGHT AHEAD,Y,,1,,PRIVATE,,,Y,,,,,,,,,Y,Y,Y,,FRONT,,,,,,,,,,,,,,,,,,,,,,,,,,,,,,,,,
2130922,c7668de4207a3f8f5b2a351dcb7fdfa4a2a62fadaf58e11baea05a1aebf9b20f4985048e34d438a03eb9f6f57fe2b0728019ec72d343aa9902f23eb1c3d72777,08/16/2025 10:40:00 PM,1,DRIVER,,2031363,,JEEP,GRAND CHEROKEE,WI,2017,NONE,PASSENGER,PERSONAL,UNKNOWN,AVOIDING VEHICLES/OBJECTS,,,1,,,,,,,,,,,,,Y,Y,,,,SIDE-LEFT,,,,,,,,,,,,,,,,,,,,,,,,,,,,,,,,,
2130923,c7668de4207a3f8f5b2a351dcb7fdfa4a2a62fadaf58e11baea05a1aebf9b20f4985048e34d438a03eb9f6f57fe2b0728019ec72d343aa9902f23eb1c3d72777,08/16/2025 10:40:00 PM,2,PARKED,1,2031369,,CHEVROLET,TRAVERSE,IL,2022,UNKNOWN,PASSENGER,PERSONAL,UNKNOWN,PARKED,,,1,,,,,Y,,,,,,,,,,,,,FRONT-RIGHT-CORNER,,,,,,,,,,,,,,,,,,,,,,,,,,,,,,,,,
2136437,db0087735c92184fd2d14ba111d0b8b3e3ab05e4fd37fde7489e7acbd52301da4ef3a22356bd552c011b224bbb86042ac636e4dd529bc755fd4b31eeac91e648,08/16/2025 10:30:00 PM,1,DRIVER,,2036623,,HYUNDAI,ELANTRA,IL,2020,NONE,PASSENGER,PERSONAL,S,STRAIGHT AHEAD,,,1,,,,,,,,,,,,,,,,Y,,FRONT,,,,,,,,,,,,,,,,,,,,,,,,,,,,,,,,,
2136438,db0087735c92184fd2d14ba111d0b8b3e3ab05e4fd37fde7489e7acbd52301da4ef3a22356bd552c011b224bbb86042ac636e4dd529bc755fd4b31eeac91e648,08/16/2025 10:30:00 PM,2,PARKED,,2036627,,MERCEDES-BENZ,C-CLASS,IL,2018,NONE,VAN/MINI-VAN,PERSONAL,S,PARKED,,,0,,,,,,,,,,Y,,,,,,,,REAR,,,,,,,,,,,,,,,,,,,,,,,,,,,,,,,,,
2130134,05948a97934b1ce5697b435d99dde60fa4829d683216bbb00c1c87be2c533b3a476a020039fd2fe81a3ccba953c2987bea99e6a2ca2bb09f6f63a5369a53e8f0,08/16/2025 10:15:00 PM,1,DRIVER,,2030638,,CHRYSLER,300,,2006,UNKNOWN,PASSENGER,PERSONAL,N,STRAIGHT AHEAD,Y,,1,,PRIVATE,,,,,,,,Y,,,,,,Y,,FRONT,,,,,,,,,,,,,,,,,,,,,,,,,,,,,,,,,
2130732,afb23176191e1776c9e344610b0883c8cfb05dac58ebe49ea2504f6cfaf604e754081803fc098da7d52db989d7b52113a52b62a0af5b3990f42b6daf22fcf24b,08/16/2025 10:15:00 PM,1,DRIVER,,2031179,,NISSAN,OTHER (EXPLAIN IN NARRATIVE),IL,2015,UNKNOWN,UNKNOWN/NA,UNKNOWN/NA,W,STRAIGHT AHEAD,Y,,1,,AAA,,,,,,,,,,,,,,Y,,FRONT,,,,,,,,,,,,,,,,,,,,,,,,,,,,,,,,,
2130733,afb23176191e1776c9e344610b0883c8cfb05dac58ebe49ea2504f6cfaf604e754081803fc098da7d52db989d7b52113a52b62a0af5b3990f42b6daf22fcf24b,08/16/2025 10:15:00 PM,2,DRIVER,,2031180,,CADILLAC,SRX,,2014,NONE,SPORT UTILITY VEHICLE (SUV),PERSONAL,W,SLOW/STOP IN TRAFFIC,,,1,,,,,,,,,,Y,,,,,,,,REAR,,,,,,,,,,,,,,,,,,,,,,,,,,,,,,,,,
2130130,92b782f71be897120bf720f0da825eb3ee56196285a1eafa778768fd2432cb206f4fa8fe12837fdc462863ba246211b9c47a70c38f5303269986ac7e0d910264,08/16/2025 10:08:00 PM,1,DRIVER,,2030632,,UNKNOWN,MOTORIZED,,,UNKNOWN,SPORT UTILITY VEHICLE (SUV),UNKNOWN/NA,W,STRAIGHT AHEAD,Y,,1,,unknown,unknown,,N,N,,,,,,,,,,N,Y,UNKNOWN,,,,,,,,,,,,,,,,,,,,,,,,,,,,,,,,,
2130131,92b782f71be897120bf720f0da825eb3ee56196285a1eafa778768fd2432cb206f4fa8fe12837fdc462863ba246211b9c47a70c38f5303269986ac7e0d910264,08/16/2025 10:08:00 PM,2,PARKED,,2030635,,NISSAN,350Z,IN,2006,NONE,PASSENGER,PERSONAL,W,PARKED,,,0,,,,,,,,,,Y,Y,Y,Y,,,,,REAR-LEFT-CORNER,,,,,,,,,,,,,,,,,,,,,,,,,,,,,,,,,
2131053,54c6f82b94818673354e2ae48c50177ad024198afab140d321364476ee80115981258255726ea52b3172432c8e054589ecbc89f9fcd006ea0b142c08762a7c89,08/16/2025 10:00:00 PM,1,DRIVER,,2031477,,UNKNOWN,OTHER (EXPLAIN IN NARRATIVE),IL,,UNKNOWN,UNKNOWN/NA,UNKNOWN/NA,UNKNOWN,UNKNOWN/NA,,,1,,,,,,,,,,,,,,,,,Y,UNKNOWN,,,,,,,,,,,,,,,,,,,,,,,,,,,,,,,,,
2131054,54c6f82b94818673354e2ae48c50177ad024198afab140d321364476ee80115981258255726ea52b3172432c8e054589ecbc89f9fcd006ea0b142c08762a7c89,08/16/2025 10:00:00 PM,2,PARKED,,2031481,,HONDA,CIVIC,IL,2017,NONE,PASSENGER,NOT IN USE,S,PARKED,,,0,,,,,,,,,,Y,Y,Y,Y,Y,Y,,,UNKNOWN,,,,,,,,,,,,,,,,,,,,,,,,,,,,,,,,,
2130565,5e0ce86d246ceccdec74195177e1c3f07dbc6f2aef63892d88a6872cc264c996930f6c84743d8102cfdff5558aeb12bc389d6f8dc597781b1c187f70a927f46a,08/16/2025 10:00:00 PM,1,DRIVER,,2031037,,UNKNOWN,MOTORIZED,IL,,UNKNOWN,UNKNOWN/NA,UNKNOWN/NA,W,STRAIGHT AHEAD,,,1,,,,,Y,,,,,,,,,,Y,Y,,FRONT,,,,,,,,,,,,,,,,,,,,,,,,,,,,,,,,,
2130566,5e0ce86d246ceccdec74195177e1c3f07dbc6f2aef63892d88a6872cc264c996930f6c84743d8102cfdff5558aeb12bc389d6f8dc597781b1c187f70a927f46a,08/16/2025 10:00:00 PM,2,DRIVER,,2031059,,FORD,FUSION,FL,2012,NONE,PASSENGER,PERSONAL,N,STRAIGHT AHEAD,,,1,,,,,Y,Y,Y,,,,,,,,,,,FRONT-RIGHT-CORNER,,,,,,,,,,,,,,,,,,,,,,,,,,,,,,,,,
2130341,7e6a5db9784fee030f9906d359d465cce14777bc5b7681289d7dedbe2634b7c8d40716d22a098c0a7c5888c88007e7060babd946174cc698e21f828615b3dd28,08/16/2025 10:00:00 PM,1,DRIVER,,2030827,,CHEVROLET,C/K 1500,IL,2001,UNKNOWN,PICKUP,PERSONAL,S,SLOW/STOP IN TRAFFIC,,,1,,,,,,,,,,,,,,,,Y,,FRONT,,,,,,,,,,,,,,,,,,,,,,,,,,,,,,,,,
2130342,7e6a5db9784fee030f9906d359d465cce14777bc5b7681289d7dedbe2634b7c8d40716d22a098c0a7c5888c88007e7060babd946174cc698e21f828615b3dd28,08/16/2025 10:00:00 PM,2,DRIVER,,2030838,,HONDA,OTHER (EXPLAIN IN NARRATIVE),IL,2022,NONE,PASSENGER,PERSONAL,S,SLOW/STOP IN TRAFFIC,,,1,,,,,,,,,,Y,,,,,,,,REAR,,,,,,,,,,,,,,,,,,,,,,,,,,,,,,,,,
2131055,9ca91e7f170b1e6676dd4031c74dc9c5809f85cf9331c16c96cc0bc3a8e82df0a37142daad832334066756cd7193e9a5833b42291161744de284f28b6a4041f2,08/16/2025 10:00:00 PM,1,DRIVER,,2031480,,UNKNOWN,OTHER (EXPLAIN IN NARRATIVE),XX,,UNKNOWN,UNKNOWN/NA,UNKNOWN/NA,N,UNKNOWN/NA,,,1,,,,,Y,Y,,,,,,,,,,,,FRONT-RIGHT-CORNER,,,,,,,,,,,,,,,,,,,,,,,,,,,,,,,,,
2131056,9ca91e7f170b1e6676dd4031c74dc9c5809f85cf9331c16c96cc0bc3a8e82df0a37142daad832334066756cd7193e9a5833b42291161744de284f28b6a4041f2,08/16/2025 10:00:00 PM,2,PARKED,,2031483,,HONDA,CIVIC,IL,1993,NONE,PASSENGER,NOT IN USE,N,PARKED,,,0,,,,,,,,,,,,Y,Y,Y,,,,SIDE-LEFT,,,,,,,,,,,,,,,,,,,,,,,,,,,,,,,,,
2131110,c89a50cda775172e7de6ba8378c203fa417e98dff63982bc37caed9afba68f30a25a75ae045e4c8cfd3a32dcf6a4a2de81f7b25a81a18733b016891dd0a28d2f,08/16/2025 10:00:00 PM,1,DRIVER,,2031525,,MITSUBISHI,OTHER (EXPLAIN IN NARRATIVE),IL,,UNKNOWN,SPORT UTILITY VEHICLE (SUV),PERSONAL,S,STRAIGHT AHEAD,,,1,,,,,Y,,,,,,,,,,Y,Y,,FRONT,,,,,,,,,,,,,,,,,,,,,,,,,,,,,,,,,
2131111,c89a50cda775172e7de6ba8378c203fa417e98dff63982bc37caed9afba68f30a25a75ae045e4c8cfd3a32dcf6a4a2de81f7b25a81a18733b016891dd0a28d2f,08/16/2025 10:00:00 PM,2,DRIVER,,2031533,,JEEP,PATRIOT,IL,2016,NONE,SPORT UTILITY VEHICLE (SUV),PERSONAL,S,STRAIGHT AHEAD,,,1,,,,,,,,,Y,Y,Y,,,,,,,REAR,,,,,,,,,,,,,,,,,,,,,,,,,,,,,,,,,
2130137,d82d08ef1253e5a521ede73729661be6e6f96b119cb4f60982bfd8210dc260cf9cb02fb41b33f6aa2d5e17a6cc1012e0b1d8e8cdda97e94f4c585dd22e3f7422,08/16/2025 09:47:00 PM,1,DRIVER,,2030646,,CHEVROLET,OTHER (EXPLAIN IN NARRATIVE),IL,2010,UNKNOWN,PASSENGER,PERSONAL,E,STRAIGHT AHEAD,,,1,,,,,Y,,,,,,,,,,Y,Y,,FRONT,,,,,,,,,,,,,,,,,,,,,,,,,,,,,,,,,
2130138,d82d08ef1253e5a521ede73729661be6e6f96b119cb4f60982bfd8210dc260cf9cb02fb41b33f6aa2d5e17a6cc1012e0b1d8e8cdda97e94f4c585dd22e3f7422,08/16/2025 09:47:00 PM,2,DRIVER,1,2030640,,KIA,TELLURIDE,IL,2022,NONE,PASSENGER,PERSONAL,E,STRAIGHT AHEAD,,,2,,,,,,,,,Y,Y,Y,,,,,,,REAR,,,,,,,,,,,,,,,,,,,,,,,,,,,,,,,,,
2130412,56ece71170cfa2a92d53cf4f05c5e13b0ea23aabed0b737119674e3b21f900dc833cd7a3a20c8033b89cf293602dff2d38363cfadee3df77941ca7679d5383ea,08/16/2025 09:46:00 PM,1,DRIVER,,2030892,,JEEP,CHEROKEE,IL,2021,UNKNOWN,PASSENGER,PERSONAL,W,STRAIGHT AHEAD,,,1,,,,,,,,,,,,,,,,Y,,FRONT,,,,,,,,,,,,,,,,,,,,,,,,,,,,,,,,,