CRASH_UNIT_ID,CRASH_RECORD_ID,CRASH_DATE,UNIT_NO,UNIT_TYPE,NUM_PASSENGERS,VEHICLE_ID,CMRC_VEH_I,MAKE,MODEL,LIC_PLATE_STATE,VEHICLE_YEAR,VEHICLE_DEFECT,VEHICLE_TYPE,VEHICLE_USE,TRAVEL_DIRECTION,MANEUVER,TOWED_I,FIRE_I,OCCUPANT_CNT,EXCEED_SPEED_LIMIT_I,TOWED_BY,TOWED_TO,AREA_00_I,AREA_01_I,AREA_02_I,AREA_03_I,AREA_04_I,AREA_05_I,AREA_06_I,AREA_07_I,AREA_08_I,AREA_09_I,AREA_10_I,AREA_11_I,AREA_12_I,AREA_99_I,FIRST_CONTACT_POINT,CMV_ID,USDOT_NO,CCMC_NO,ILCC_NO,COMMERCIAL_SRC,GVWR,CARRIER_NAME,CARRIER_STATE,CARRIER_CITY,HAZMAT_PLACARDS_I,HAZMAT_NAME,UN_NO,HAZMAT_PRESENT_I,HAZMAT_REPORT_I,HAZMAT_REPORT_NO,MCS_REPORT_I,MCS_REPORT_NO,HAZMAT_VIO_CAUSE_CRASH_I,MCS_VIO_CAUSE_CRASH_I,IDOT_PERMIT_NO,WIDE_LOAD_I,TRAILER1_WIDTH,TRAILER2_WIDTH,TRAILER1_LENGTH,TRAILER2_LENGTH,TOTAL_VEHICLE_LENGTH,AXLE_CNT,VEHICLE_CONFIG,CARGO_BODY_TYPE,LOAD_TYPE,HAZMAT_OUT_OF_SERVICE_I,MCS_OUT_OF_SERVICE_I,HAZMAT_CLASS
2130413,56ece71170cfa2a92d53cf4f05c5e13b0ea23aabed0b737119674e3b21f900dc833cd7a3a20c8033b89cf293602dff2d38363cfadee3df77941ca7679d5383ea,08/16/2025 09:46:00 PM,2,DRIVER,,2030898,,HONDA,ACCORD,IL,2009,NONE,PASSENGER,PERSONAL,W,SLOW/STOP IN TRAFFIC,,,1,,,,,,,,,Y,Y,Y,,,,,,,REAR,,,,,,,,,,,,,,,,,,,,,,,,,,,,,,,,,
2131228,c0aecf98226edbc1764263b12aaafb78a70ba19f671a1169b4a5b2aa70cf93572bbe475c9304095ff8df1b11765b7a26aa47d7526603d21129ddddc01b43ca98,08/16/2025 09:45:00 PM,1,DRIVER,,2031660,,UNKNOWN,MOTORIZED,,,UNKNOWN,UNKNOWN/NA,UNKNOWN/NA,UNKNOWN,UNKNOWN/NA,,,1,,,,,,,,,,,,,,,,,Y,FRONT,,,,,,,,,,,,,,,,,,,,,,,,,,,,,,,,,
2131229,c0aecf98226edbc1764263b12aaafb78a70ba19f671a1169b4a5b2aa70cf93572bbe475c9304095ff8df1b11765b7a26aa47d7526603d21129ddddc01b43ca98,08/16/2025 09:45:00 PM,2,PARKED,,2031652,,FORD,EDGE,IL,2013,NONE,PASSENGER,PERSONAL,UNKNOWN,PARKED,,,0,,,,,,,,,,,,Y,Y,Y,,,,SIDE-LEFT,,,,,,,,,,,,,,,,,,,,,,,,,,,,,,,,,
2130163,cab589a3a789e3e943e52a3a841adfe9f25fcd3da78fea12c83df0c5f18e79de86ffec41d01c4b268c03482b5d1118162a1d11096bbf9ce43cfa8cf8f01c47d7,08/16/2025 09:37:00 PM,1,DRIVER,,2030663,,CHEVROLET,SILVERADO,IL,2002,UNKNOWN,PICKUP,UNKNOWN/NA,N,STRAIGHT AHEAD,Y,,1,,CITY OF CHICAGO,400 E LOWER WACKER,,Y,Y,Y,,,Y,,,Y,Y,Y,Y,,FRONT,,,,,,,,,,,,,,,,,,,,,,,,,,,,,,,,,
2130124,165bdfdf749f09fec7fab2dc5ce13f6450e2c692c0eda8d6bc3097eae0352f0798bdf3ce49694cfbc1d8596a0d525a7d5bea061fa0980128ccd66f49a56edf8f,08/16/2025 09:30:00 PM,1,DRIVER,,2030628,,UNKNOWN,OTHER (EXPLAIN IN NARRATIVE),,,NONE,UNKNOWN/NA,PERSONAL,S,UNKNOWN/NA,,,1,,,,,,,,,,,,,,,,,Y,UNKNOWN,,,,,,,,,,,,,,,,,,,,,,,,,,,,,,,,,
2130125,165bdfdf749f09fec7fab2dc5ce13f6450e2c692c0eda8d6bc3097eae0352f0798bdf3ce49694cfbc1d8596a0d525a7d5bea061fa0980128ccd66f49a56edf8f,08/16/2025 09:30:00 PM,2,PARKED,,2030625,,NISSAN,ALTIMA,IL,2023,NONE,PASSENGER,PERSONAL,S,PARKED,,,0,,,,,,,,,,,Y,Y,,,,,,SIDE-LEFT-REAR,,,,,,,,,,,,,,,,,,,,,,,,,,,,,,,,,
2130436,51ec9184ce27a13261d8a596d0c33a1193a95eaad7caa53c0f7cfd2d26f24bd7272c916f794609a713bba01b14185847481de4ca4d8b964b1c615432f33f4efb,08/16/2025 09:30:00 PM,1,DRIVER,,2030914,,UNKNOWN,OTHER (EXPLAIN IN NARRATIVE),IL,,UNKNOWN,UNKNOWN/NA,UNKNOWN/NA,S,BACKING,,,1,,,,,,,,,,,,,,,,,,REAR,,,,,,,,,,,,,,,,,,,,,,,,,,,,,,,,,
2130437,51ec9184ce27a13261d8a596d0c33a1193a95eaad7caa53c0f7cfd2d26f24bd7272c916f794609a713bba01b14185847481de4ca4d8b964b1c615432f33f4efb,08/16/2025 09:30:00 PM,2,PARKED,,2030919,,SUBARU,IMPREZA,IL,2011,NONE,OTHER,NOT IN USE,S,PARKED,,,0,,,,,,,,,,,,,,,,,,FRONT,,,,,,,,,,,,,,,,,,,,,,,,,,,,,,,,,
2130370,94f2c39bb683e6b17580dc2919fb7f2e6c0836f8cb92f999b8a9011b27378ff47ce7271c08bceab26e6f66c59d4fc57d85f54c19f2b399d824e33e40bd380542,08/16/2025 09:30:00 PM,1,DRIVER,,2030856,,BMW,5 SERIES,IL,2013,NONE,PASSENGER,PERSONAL,S,SKIDDING/CONTROL LOSS,,,1,,,,,Y,,,,,,,,,,Y,Y,,FRONT,,,,,,,,,,,,,,,,,,,,,,,,,,,,,,,,,
2130371,94f2c39bb683e6b17580dc2919fb7f2e6c0836f8cb92f999b8a9011b27378ff47ce7271c08bceab26e6f66c59d4fc57d85f54c19f2b399d824e33e40bd380542,08/16/2025 09:30:00 PM,2,DRIVER,,2030865,,HONDA,ACCORD,IL,2012,UNKNOWN,PASSENGER,PERSONAL,SE,SLOW/STOP IN TRAFFIC,,,1,,,,,,,,,Y,Y,Y,,,,,,,REAR,,,,,,,,,,,,,,,,,,,,,,,,,,,,,,,,,
2130364,d9f31f9f8508eff21c7810e34782fc4febd40cb06861557147197e81d5711f0fa26ce03ed55607d9d5a2a4932c0cc1f9bf1f3efabdafc38ce4c788ff388373a6,08/16/2025 09:30:00 PM,1,DRIVER,,2030855,,FORD,OTHER (EXPLAIN IN NARRATIVE),IL,2015,UNKNOWN,PASSENGER,UNKNOWN/NA,UNKNOWN,BACKING,,,1,,,,,,,,,Y,Y,Y,,,,,,,REAR,,,,,,,,,,,,,,,,,,,,,,,,,,,,,,,,,
2130365,d9f31f9f8508eff21c7810e34782fc4febd40cb06861557147197e81d5711f0fa26ce03ed55607d9d5a2a4932c0cc1f9bf1f3efabdafc38ce4c788ff388373a6,08/16/2025 09:30:00 PM,2,PARKED,1,2030847,,TOYOTA,COROLLA,IL,2005,UNKNOWN,PASSENGER,PERSONAL,UNKNOWN,PARKED,,,1,,,,,Y,,,,,,,,,,Y,Y,,FRONT,,,,,,,,,,,,,,,,,,,,,,,,,,,,,,,,,
2131180,fa2bacd5dcf3edbc225cada3c430a8d7e3fec89bd206cb6ca5b04f12d13ed1d90cea9263f8bc594e1cb390c7d51c1a594202d75bee9c3483f414fb43d12eef5d,08/16/2025 09:30:00 PM,1,DRIVER,,2031609,,UNKNOWN,OTHER (EXPLAIN IN NARRATIVE),XX,,UNKNOWN,UNKNOWN/NA,UNKNOWN/NA,UNKNOWN,UNKNOWN/NA,,,1,,,,,,,,,,,,,,,,,Y,UNKNOWN,,,,,,,,,,,,,,,,,,,,,,,,,,,,,,,,,
2131181,fa2bacd5dcf3edbc225cada3c430a8d7e3fec89bd206cb6ca5b04f12d13ed1d90cea9263f8bc594e1cb390c7d51c1a594202d75bee9c3483f414fb43d12eef5d,08/16/2025 09:30:00 PM,2,PARKED,,2031605,,FORD,ESCAPE,IL,2019,NONE,SPORT UTILITY VEHICLE (SUV),PERSONAL,N,PARKED,,,0,,,,,,,,,,,Y,,,,,,,REAR-LEFT-CORNER,,,,,,,,,,,,,,,,,,,,,,,,,,,,,,,,,
2130114,b8dfba27d945d965195acc9cf296da9902beb76c95238800261579ec174cc49e75174b363597f81f4706535cda8ba1f6cd84da54bc4810657cd33038d884b609,08/16/2025 09:26:00 PM,1,DRIVER,,2030616,,FORD,OTHER (EXPLAIN IN NARRATIVE),XX,,UNKNOWN,PASSENGER,UNKNOWN/NA,N,STRAIGHT AHEAD,,,1,,,,,,,,,,,,,,,,Y,,FRONT,,,,,,,,,,,,,,,,,,,,,,,,,,,,,,,,,
2130577,e9d1eac14ebd15d3babe4e7b536ca31c65e58b47a6c165c33c40e1f8b37ff2b38c682d9403ba168004576ce788988ef99f60fd07af1210cc08be2c8db128ac4e,08/16/2025 09:24:00 PM,1,DRIVER,,2031042,,KIA,FORTE,IL,2021,UNKNOWN,PASSENGER,PERSONAL,N,STRAIGHT AHEAD,,,1,,,,,Y,,,,,,,,,,,,Y,FRONT-RIGHT-CORNER,,,,,,,,,,,,,,,,,,,,,,,,,,,,,,,,,
2130578,e9d1eac14ebd15d3babe4e7b536ca31c65e58b47a6c165c33c40e1f8b37ff2b38c682d9403ba168004576ce788988ef99f60fd07af1210cc08be2c8db128ac4e,08/16/2025 09:24:00 PM,2,DRIVER,,2031043,,PORSCHE,TAYCAN,IL,2025,NONE,PASSENGER,OTHER,W,STRAIGHT AHEAD,Y,,1,,CHICAGO,103/DOTY,,Y,Y,,,,,,,,Y,Y,Y,,SIDE-LEFT,,,,,,,,,,,,,,,,,,,,,,,,,,,,,,,,,
2130115,e8f39943e360acc86b0cececfc3f91309cfa63a4fecf8ccc52d2459cb667e036af874e1ce61fe6c071c4db2366af342628b75e43368af3c53c895d5fcefdc9ad,08/16/2025 09:15:00 PM,1,DRIVER,,2030617,,TOYOTA,CAMRY,IL,,UNKNOWN,PASSENGER,OTHER,W,STRAIGHT AHEAD,,,1,,,,,Y,,,,,,,,,,,,,FRONT-RIGHT-CORNER,,,,,,,,,,,,,,,,,,,,,,,,,,,,,,,,,
2130116,e8f39943e360acc86b0cececfc3f91309cfa63a4fecf8ccc52d2459cb667e036af874e1ce61fe6c071c4db2366af342628b75e43368af3c53c895d5fcefdc9ad,08/16/2025 09:15:00 PM,2,DRIVER,,2030620,,LEXUS,RX350,IL,,UNKNOWN,PASSENGER,PERSONAL,W,STRAIGHT AHEAD,,,1,,,,,,,,,,Y,Y,,,,,,,REAR,,,,,,,,,,,,,,,,,,,,,,,,,,,,,,,,,
2130196,f8937f8c263124ba18776a071bd2bf61b9d94a6be009700cb64cc87f54e993bfbbbaa0dabe37f285ad70c99af2840073a8338c871621479a2cbe9d568c0e40d2,08/16/2025 09:04:00 PM,1,DRIVER,,2030694,,HONDA,HR-V,IL,2025,NONE,PASSENGER,PERSONAL,N,AVOIDING VEHICLES/OBJECTS,,,1,,,,,Y,N,N,N,,,,,,,,,,FRONT-RIGHT-CORNER,,,,,,,,,,,,,,,,,,,,,,,,,,,,,,,,,
2130197,f8937f8c263124ba18776a071bd2bf61b9d94a6be009700cb64cc87f54e993bfbbbaa0dabe37f285ad70c99af2840073a8338c871621479a2cbe9d568c0e40d2,08/16/2025 09:04:00 PM,2,PARKED,,2030699,,TOYOTA,RAV4,IL,2019,NONE,PASSENGER,PERSONAL,N,PARKED,,,0,,,,,,,,,,,Y,Y,Y,Y,Y,,,SIDE-LEFT,,,,,,,,,,,,,,,,,,,,,,,,,,,,,,,,,
2130445,587145f5608dc65e081f2f0b2a8225810a5f18e25616db8ed0e4cd963cffb0efc371f82c13e516567fd5073516548fcd5102e490ef9d06e6361146bf49c1895b,08/16/2025 09:00:00 PM,1,DRIVER,,2030926,,MAZDA,MAZDA3,IL,2017,UNKNOWN,PASSENGER,PERSONAL,NE,STRAIGHT AHEAD,,,1,,,,,,,,,,,,,,,Y,,,FRONT-LEFT-CORNER,,,,,,,,,,,,,,,,,,,,,,,,,,,,,,,,,
2130446,587145f5608dc65e081f2f0b2a8225810a5f18e25616db8ed0e4cd963cffb0efc371f82c13e516567fd5073516548fcd5102e490ef9d06e6361146bf49c1895b,08/16/2025 09:00:00 PM,2,DRIVER,,2030958,,FORD,OTHER (EXPLAIN IN NARRATIVE),IL,2008,UNKNOWN,PASSENGER,PERSONAL,N,UNKNOWN/NA,,,1,,,,,,,,,,Y,,,,,,,,REAR,,,,,,,,,,,,,,,,,,,,,,,,,,,,,,,,,
2130801,f8afb405d6ae368da792dd1199fe540c8e85b12b95d815fa366a97aae7a149a95b280df3ef88b9bbf04d34b247104ba9aa38cf37d72666f12503510020eb086b,08/16/2025 09:00:00 PM,1,DRIVER,,2031256,,UNKNOWN,OTHER (EXPLAIN IN NARRATIVE),IL,,UNKNOWN,UNKNOWN/NA,UNKNOWN/NA,W,STRAIGHT AHEAD,,,1,,,,,Y,Y,Y,Y,Y,,,,,,,,,SIDE-RIGHT,,,,,,,,,,,,,,,,,,,,,,,,,,,,,,,,,
2130802,f8afb405d6ae368da792dd1199fe540c8e85b12b95d815fa366a97aae7a149a95b280df3ef88b9bbf04d34b247104ba9aa38cf37d72666f12503510020eb086b,08/16/2025 09:00:00 PM,2,PARKED,,2031258,,CHEVROLET,MALIBU,IL,2007,UNKNOWN,PASSENGER,PERSONAL,W,PARKED,,,0,,,,,,,,,,,Y,Y,Y,Y,Y,,,SIDE-LEFT,,,,,,,,,,,,,,,,,,,,,,,,,,,,,,,,,
2130103,e7044731cd5d59236bd5979560b5b54fe4e2b1ff0f63684c1163d782c9fcf2e0d8e86ba5fbcc240eab2e759c2965e735f5c80be0a00fd812c7d42e09c50b3a4c,08/16/2025 08:52:00 PM,1,DRIVER,1,2030609,,NISSAN,SENTRA,IL,2025,NONE,PASSENGER,PERSONAL,W,STRAIGHT AHEAD,,,2,,,,Y,,,,,,,,,,,,,,FRONT,,,,,,,,,,,,,,,,,,,,,,,,,,,,,,,,,
2130106,e7044731cd5d59236bd5979560b5b54fe4e2b1ff0f63684c1163d782c9fcf2e0d8e86ba5fbcc240eab2e759c2965e735f5c80be0a00fd812c7d42e09c50b3a4c,08/16/2025 08:52:00 PM,2,PEDESTRIAN,,,,,,,,,,,,,,,,,,,,,,,,,,,,,,,,,,,,,,,,,,,,,,,,,,,,,,,,,,,,,,,,,,
2130113,e7044731cd5d59236bd5979560b5b54fe4e2b1ff0f63684c1163d782c9fcf2e0d8e86ba5fbcc240eab2e759c2965e735f5c80be0a00fd812c7d42e09c50b3a4c,08/16/2025 08:52:00 PM,3,PEDESTRIAN,,,,,,,,,,,,,,,,,,,,,,,,,,,,,,,,,,,,,,,,,,,,,,,,,,,,,,,,,,,,,,,,,,
2130132,ce451f8302ee876c1de1583b3bcf46bd7b3e4887518366cd1ca25318f462657b8cbb50d6a76e10767033b39464e35f8ea10fc84ca8350aef68a7889f460642a3,08/16/2025 08:49:00 PM,1,DRIVER,,2030636,,JEEP,WRANGLER,IL,2023,UNKNOWN,SPORT UTILITY VEHICLE (SUV),PERSONAL,S,MERGING,,,1,,,,,,,,,,,,,,,,,Y,UNKNOWN,,,,,,,,,,,,,,,,,,,,,,,,,,,,,,,,,
2130133,ce451f8302ee876c1de1583b3bcf46bd7b3e4887518366cd1ca25318f462657b8cbb50d6a76e10767033b39464e35f8ea10fc84ca8350aef68a7889f460642a3,08/16/2025 08:49:00 PM,2,DRIVER,1,2030639,,TESLA,MODEL Y,IL,2022,UNKNOWN,PASSENGER,PERSONAL,S,STRAIGHT AHEAD,,,2,,,,,,,Y,Y,Y,,,,,,,,,SIDE-RIGHT-REAR,,,,,,,,,,,,,,,,,,,,,,,,,,,,,,,,,
2130119,f483d61d2386fdb5a1c1aa8bc04b067520619b58118feb874cbfadf501eb26a4773d60c186d01dd957210778eedc40438fe6eda03081d2c85c24c4e26a05c3fa,08/16/2025 08:47:00 PM,1,DRIVER,,2030621,,MERCURY,OTHER (EXPLAIN IN NARRATIVE),IL,1990,NONE,PASSENGER,UNKNOWN/NA,N,PASSING/OVERTAKING,,,1,,,,,,,,,,,,,,,,,Y,UNKNOWN,,,,,,,,,,,,,,,,,,,,,,,,,,,,,,,,,
2130120,f483d61d2386fdb5a1c1aa8bc04b067520619b58118feb874cbfadf501eb26a4773d60c186d01dd957210778eedc40438fe6eda03081d2c85c24c4e26a05c3fa,08/16/2025 08:47:00 PM,2,PARKED,,2030623,,CADILLAC,STS,IL,2006,NONE,PASSENGER,PERSONAL,N,PARKED,,,0,,,,,,,,,,,,,,Y,Y,,,FRONT-LEFT-CORNER,,,,,,,,,,,,,,,,,,,,,,,,,,,,,,,,,
2130584,d1eef7820ba147c91f252658405ba63752cdcd55b3d717950f229cf5223686af020ffd6b385ae816e620bcf947da13eb10edf728e7befcf950f7dd40c9acef7a,08/16/2025 08:45:00 PM,2,DRIVER,,2031070,,JEEP,PATRIOT,IL,2011,UNKNOWN,PASSENGER,PERSONAL,S,SLOW/STOP IN TRAFFIC,,,1,,,,,,,,,Y,Y,Y,,,,,,,REAR,,,,,,,,,,,,,,,,,,,,,,,,,,,,,,,,,
2130589,d1eef7820ba147c91f252658405ba63752cdcd55b3d717950f229cf5223686af020ffd6b385ae816e620bcf947da13eb10edf728e7befcf950f7dd40c9acef7a,08/16/2025 08:45:00 PM,1,DRIVER,,2031063,,UNKNOWN,OTHER (EXPLAIN IN NARRATIVE),IL,,UNKNOWN,UNKNOWN/NA,UNKNOWN/NA,S,STRAIGHT AHEAD,,,1,,,,,,,,,,,,,,,,,Y,UNKNOWN,,,,,,,,,,,,,,,,,,,,,,,,,,,,,,,,,
2130091,7195193ccb808c4a4d1a7eeab016687bfa977a882ded8c63f19a9b035a73880a45d5598956d4cc0b4dadf573907d7cb932a23c2645a9fe17d0df9e5331f7ee17,08/16/2025 08:39:00 PM,1,DRIVER,,2030595,,CHEVROLET,CRUZE,IL,2015,NONE,PASSENGER,PERSONAL,S,STRAIGHT AHEAD,Y,,1,,personal tow,unknown,N,Y,Y,Y,Y,Y,Y,Y,Y,Y,Y,Y,Y,,TOTAL (ALL AREAS),,,,,,,,,,,,,,,,,,,,,,,,,,,,,,,,,
2130092,7195193ccb808c4a4d1a7eeab016687bfa977a882ded8c63f19a9b035a73880a45d5598956d4cc0b4dadf573907d7cb932a23c2645a9fe17d0df9e5331f7ee17,08/16/2025 08:39:00 PM,2,DRIVER,,2030601,,CHEVROLET,IMPALA,IL,2010,NONE,PASSENGER,PERSONAL,S,STRAIGHT AHEAD,,,1,,,,,,,Y,Y,Y,,,,,,,,,SIDE-RIGHT-REAR,,,,,,,,,,,,,,,,,,,,,,,,,,,,,,,,,
2130080,3df24ad82385f1cca0a23e54f3a90bf60f7cab92a616cda0e9d641b4b497fb63781013d6d44b275fab06ea01e398088f753b99a2fd6bc26846fd2be7b291ad98,08/16/2025 08:30:00 PM,1,DRIVER,,2030588,,KIA,SOUL,IL,2013,NONE,PASSENGER,PERSONAL,N,SKIDDING/CONTROL LOSS,,,1,,,,,,,,,,,,,,,,,,FRONT,,,,,,,,,,,,,,,,,,,,,,,,,,,,,,,,,
2130081,3df24ad82385f1cca0a23e54f3a90bf60f7cab92a616cda0e9d641b4b497fb63781013d6d44b275fab06ea01e398088f753b99a2fd6bc26846fd2be7b291ad98,08/16/2025 08:30:00 PM,2,DRIVER,,2030583,,HONDA,CIVIC,IL,,UNKNOWN,PASSENGER,UNKNOWN/NA,N,STRAIGHT AHEAD,,,1,,,,,,,,,,,,,,,,,,REAR,,,,,,,,,,,,,,,,,,,,,,,,,,,,,,,,,
2130107,c765fdcb0576747299541c8f8feb0bd1afb18e0d31fdc99532013bb9e01addffccf6f5a4f5e2f71a8ec3ad5d750f2c81823841aabeab29e8fa6c9cbacb30ffee,08/16/2025 08:30:00 PM,1,DRIVER,,2030618,N,"A & B TRAILER MANUFACTURING COMPANY, INC. (CROWN POINT, IN)","A & B TRAILER MFG. CO., INC., CROWN POINT, IN",IL,2017,NONE,BUS OVER 15 PASS.,OTHER,N,TURNING LEFT,,,1,,,,,,,,,,,,,,,,,Y,SIDE-RIGHT,,,,,,,,,,,,,,,,,,,,,,,,,,,,,,,,,
2130121,c765fdcb0576747299541c8f8feb0bd1afb18e0d31fdc99532013bb9e01addffccf6f5a4f5e2f71a8ec3ad5d750f2c81823841aabeab29e8fa6c9cbacb30ffee,08/16/2025 08:30:00 PM,2,DRIVER,,2030622,,GENERAL MOTORS CORPORATION (GMC),OTHER (EXPLAIN IN NARRATIVE),IL,2019,NONE,PASSENGER,PERSONAL,N,STRAIGHT AHEAD,,,1,,,,,Y,Y,,,,,,,,,,,,SIDE-RIGHT-FRONT,,,,,,,,,,,,,,,,,,,,,,,,,,,,,,,,,
2130086,f664594db671fdc4ee0dd714ddc517a59525767b6e549a2afeffc024c09dbd8bca17821909966772c9bf6d39632c0841d50069940bb014885df51fc1f1e7a73e,08/16/2025 08:28:00 PM,1,DRIVER,,2030597,,NISSAN,ALTIMA,IL,2015,NONE,PASSENGER,PERSONAL,S,STRAIGHT AHEAD,,,1,,,,,,,,,,,,,,,N,Y,,FRONT,,,,,,,,,,,,,,,,,,,,,,,,,,,,,,,,,
2130087,f664594db671fdc4ee0dd714ddc517a59525767b6e549a2afeffc024c09dbd8bca17821909966772c9bf6d39632c0841d50069940bb014885df51fc1f1e7a73e,08/16/2025 08:28:00 PM,2,DRIVER,,2030592,,DODGE,RAM 1500 PU,IL,2012,NONE,PICKUP,PERSONAL,E,STRAIGHT AHEAD,,,1,,,,,,,,,,,,Y,Y,Y,,,,SIDE-LEFT,,,,,,,,,,,,,,,,,,,,,,,,,,,,,,,,,
2130082,03b388a825c7dd058793cc696eb2534d342bc631942a867c5bbdac81c6b59034dbf163db63e6cc7d877eeded5c6e3fb2d198fe3e44f9610c04997cf9e7628063,08/16/2025 08:22:00 PM,1,DRIVER,1,2030591,,MERCEDES-BENZ,450 SERIES,IL,2015,NONE,PASSENGER,PERSONAL,N,STRAIGHT AHEAD,,,2,,,,,Y,Y,,,,,,,,,Y,Y,,FRONT-RIGHT-CORNER,,,,,,,,,,,,,,,,,,,,,,,,,,,,,,,,,
2130083,03b388a825c7dd058793cc696eb2534d342bc631942a867c5bbdac81c6b59034dbf163db63e6cc7d877eeded5c6e3fb2d198fe3e44f9610c04997cf9e7628063,08/16/2025 08:22:00 PM,2,DRIVER,,2030598,,SUBARU,OTHER (EXPLAIN IN NARRATIVE),IL,2018,NONE,PASSENGER,PERSONAL,W,STRAIGHT AHEAD,,,1,,,,,Y,,,,,,,,,,Y,Y,,FRONT-LEFT-CORNER,,,,,,,,,,,,,,,,,,,,,,,,,,,,,,,,,
2130070,8cade004fbb243899d5fb073f767bbfe01096ad49fdd9060196b41aa936fa253efe8b9b64dbbbc6fbdcb318bf7f9b96b8dd802a2939f9583e4afa7067b7d22cb,08/16/2025 08:20:00 PM,1,DRIVER,,2030578,,HONDA,CR-V,IL,2018,NONE,PASSENGER,PERSONAL,W,STRAIGHT AHEAD,,,1,,,,,,,,,,,,,,Y,Y,Y,,FRONT-LEFT-CORNER,,,,,,,,,,,,,,,,,,,,,,,,,,,,,,,,,
2130071,8cade004fbb243899d5fb073f767bbfe01096ad49fdd9060196b41aa936fa253efe8b9b64dbbbc6fbdcb318bf7f9b96b8dd802a2939f9583e4afa7067b7d22cb,08/16/2025 08:20:00 PM,2,DRIVER,,2030584,,TOYOTA,RAV4,IL,2015,NONE,PASSENGER,PERSONAL,E,STRAIGHT AHEAD,,,1,,,,,,,,,,,,,,Y,Y,Y,,FRONT-LEFT-CORNER,,,,,,,,,,,,,,,,,,,,,,,,,,,,,,,,,
2130066,eee547a1a0275bff11ff4824b1c4b00549136058abe0b7362bd55666a85079b13852ad1cdbeda369abaa0f520587ea56be02d175e9e3615c5d4c4b0bb4606cc1,08/16/2025 08:15:00 PM,1,DRIVER,,2030574,,CHEVROLET,IMPALA,IL,2015,UNKNOWN,PASSENGER,PERSONAL,S,STRAIGHT AHEAD,,,1,,,,,N,,,,,,,,,,N,N,Y,UNKNOWN,,,,,,,,,,,,,,,,,,,,,,,,,,,,,,,,,
2130067,eee547a1a0275bff11ff4824b1c4b00549136058abe0b7362bd55666a85079b13852ad1cdbeda369abaa0f520587ea56be02d175e9e3615c5d4c4b0bb4606cc1,08/16/2025 08:15:00 PM,2,DRIVER,,2030576,,JEEP,GRAND CHEROKEE,IL,2018,UNKNOWN,PASSENGER,PERSONAL,S,STRAIGHT AHEAD,,,1,,,,,,,,,,,Y,,,,,,,REAR-LEFT-CORNER,,,,,,,,,,,,,,,,,,,,,,,,,,,,,,,,,
2130117,d414faa8a85607dd1a727c4b63dbded35e98ea5eb32052e302ce84c38219038b1ca4a8666a2673ec0d7f2ffc957570a905a21c35001f5e2faa4341db157c66d0,08/16/2025 08:11:00 PM,1,DRIVER,2,2030624,,ACURA,ADX,IL,2007,NONE,PASSENGER,PERSONAL,S,STRAIGHT AHEAD,,,3,,,,,N,Y,Y,Y,,,,,,,,,,SIDE-RIGHT,,,,,,,,,,,,,,,,,,,,,,,,,,,,,,,,,
2130118,d414faa8a85607dd1a727c4b63dbded35e98ea5eb32052e302ce84c38219038b1ca4a8666a2673ec0d7f2ffc957570a905a21c35001f5e2faa4341db157c66d0,08/16/2025 08:11:00 PM,2,DRIVER,1,2030629,,TOYOTA,CAMRY,TX,2025,NONE,PASSENGER,OTHER,E,STRAIGHT AHEAD,Y,,2,,PRIVATE,HOME,,Y,,,,,,,,,,Y,Y,,FRONT,,,,,,,,,,,,,,,,,,,,,,,,,,,,,,,,,
2130847,0df484d1b3fb0b099658411994f81a003e688a211215fd206fc4494b8ffc822a01f29491c82c7b50d12d95beb0a3fb05b08b6ac6304af1d1b8c805a61820f43a,08/16/2025 08:10:00 PM,1,DRIVER,,2031293,,MAZDA,MAZDA3,IL,2018,UNKNOWN,PASSENGER,PERSONAL,N,TURNING RIGHT,,,1,,,,,,,,Y,,,,,,,,,,SIDE-RIGHT,,,,,,,,,,,,,,,,,,,,,,,,,,,,,,,,,
2130848,0df484d1b3fb0b099658411994f81a003e688a211215fd206fc4494b8ffc822a01f29491c82c7b50d12d95beb0a3fb05b08b6ac6304af1d1b8c805a61820f43a,08/16/2025 08:10:00 PM,2,PARKED,1,2031300,,TOYOTA,PRIUS,IL,2011,UNKNOWN,PASSENGER,PERSONAL,N,PARKED,,,1,,,,,,,,,,,Y,,,,,,,REAR-LEFT-CORNER,,,,,,,,,,,,,,,,,,,,,,,,,,,,,,,,,
2130057,cbde564936db6fe45ab16e550906880592c6f22490a0a859ee68a880c932dd0e0d9195d07280c9a783252c9d8c294b653ffdd780551a4584e98f73f550824dc3,08/16/2025 08:10:00 PM,1,DRIVER,,2030566,,KIA,SOUL,IL,,UNKNOWN,UNKNOWN/NA,UNKNOWN/NA,S,STRAIGHT AHEAD,,,1,,,,,,,,,,,,,,,,Y,,FRONT,,,,,,,,,,,,,,,,,,,,,,,,,,,,,,,,,
2130058,cbde564936db6fe45ab16e550906880592c6f22490a0a859ee68a880c932dd0e0d9195d07280c9a783252c9d8c294b653ffdd780551a4584e98f73f550824dc3,08/16/2025 08:10:00 PM,2,DRIVER,,2030572,,HONDA,CIVIC,IL,2020,UNKNOWN,PASSENGER,PERSONAL,S,SLOW/STOP IN TRAFFIC,,,1,,,,,,,,,,Y,,,,,,,,REAR,,,,,,,,,,,,,,,,,,,,,,,,,,,,,,,,,