CRASH_UNIT_ID,CRASH_RECORD_ID,CRASH_DATE,UNIT_NO,UNIT_TYPE,NUM_PASSENGERS,VEHICLE_ID,CMRC_VEH_I,MAKE,MODEL,LIC_PLATE_STATE,VEHICLE_YEAR,VEHICLE_DEFECT,VEHICLE_TYPE,VEHICLE_USE,TRAVEL_DIRECTION,MANEUVER,TOWED_I,FIRE_I,OCCUPANT_CNT,EXCEED_SPEED_LIMIT_I,TOWED_BY,TOWED_TO,AREA_00_I,AREA_01_I,AREA_02_I,AREA_03_I,AREA_04_I,AREA_05_I,AREA_06_I,AREA_07_I,AREA_08_I,AREA_09_I,AREA_10_I,AREA_11_I,AREA_12_I,AREA_99_I,FIRST_CONTACT_POINT,CMV_ID,USDOT_NO,CCMC_NO,ILCC_NO,COMMERCIAL_SRC,GVWR,CARRIER_NAME,CARRIER_STATE,CARRIER_CITY,HAZMAT_PLACARDS_I,HAZMAT_NAME,UN_NO,HAZMAT_PRESENT_I,HAZMAT_REPORT_I,HAZMAT_REPORT_NO,MCS_REPORT_I,MCS_REPORT_NO,HAZMAT_VIO_CAUSE_CRASH_I,MCS_VIO_CAUSE_CRASH_I,IDOT_PERMIT_NO,WIDE_LOAD_I,TRAILER1_WIDTH,TRAILER2_WIDTH,TRAILER1_LENGTH,TRAILER2_LENGTH,TOTAL_VEHICLE_LENGTH,AXLE_CNT,VEHICLE_CONFIG,CARGO_BODY_TYPE,LOAD_TYPE,HAZMAT_OUT_OF_SERVICE_I,MCS_OUT_OF_SERVICE_I,HAZMAT_CLASS
2130088,cbde564936db6fe45ab16e550906880592c6f22490a0a859ee68a880c932dd0e0d9195d07280c9a783252c9d8c294b653ffdd780551a4584e98f73f550824dc3,08/16/2025 08:10:00 PM,3,NON-MOTOR VEHICLE,,,,,,,,,,,,,,,,,,,,,,,,,,,,,,,,,,,,,,,,,,,,,,,,,,,,,,,,,,,,,,,,,,
2130074,1ac7ea138a69eb8e958f2efb46ff5aee08cd41b3b61b20e3e7d09630ad558f8bb49f63f875a5e0a4ed5d03416ccf76723e400fe0d9fc087ed4942ef037e8d633,08/16/2025 08:07:00 PM,1,DRIVER,,2030580,,TOYOTA,COROLLA,IL,2025,UNKNOWN,PASSENGER,PERSONAL,E,STRAIGHT AHEAD,,,1,,,,,Y,,,,,,,,,,Y,Y,,FRONT,,,,,,,,,,,,,,,,,,,,,,,,,,,,,,,,,
2130075,1ac7ea138a69eb8e958f2efb46ff5aee08cd41b3b61b20e3e7d09630ad558f8bb49f63f875a5e0a4ed5d03416ccf76723e400fe0d9fc087ed4942ef037e8d633,08/16/2025 08:07:00 PM,2,DRIVER,,2030582,,AUDI,Q5,IL,2014,NONE,PASSENGER,PERSONAL,W,STRAIGHT AHEAD,,,1,,,,,,,,,Y,Y,Y,,,,,,,REAR,,,,,,,,,,,,,,,,,,,,,,,,,,,,,,,,,
2132108,d1287286cb726d0d8edcdd1e13746a63c03c9e95c8916b469d7762e85390a23b2e5a7623d7b3f1c128bd4c3f52dd4def2380b962e0b488f85f3284a3cecaca36,08/16/2025 08:05:00 PM,1,DRIVER,,2032461,,MAZDA,CX-3,IL,2017,NONE,PASSENGER,PERSONAL,S,TURNING LEFT,,,1,,,,,,,,,,,,,,,,,Y,FRONT,,,,,,,,,,,,,,,,,,,,,,,,,,,,,,,,,
2132109,d1287286cb726d0d8edcdd1e13746a63c03c9e95c8916b469d7762e85390a23b2e5a7623d7b3f1c128bd4c3f52dd4def2380b962e0b488f85f3284a3cecaca36,08/16/2025 08:05:00 PM,2,DRIVER,1,2032469,,FORD,FUSION,IL,2009,NONE,PASSENGER,PERSONAL,E,STRAIGHT AHEAD,,,2,,,,,,,,,,,Y,Y,Y,Y,Y,,,SIDE-LEFT,,,,,,,,,,,,,,,,,,,,,,,,,,,,,,,,,
2130097,137725f9f1062e2d11ba30cd6fe6960126090a417d1e37d8da93a330123144b1bd940f22c8febcfb2a435b5098fd1c9504b8b3c0512c549c232b8475c5dbc84c,08/16/2025 08:00:00 PM,1,DRIVER,,2030599,,FORD,ESCAPE,IL,2005,NONE,PASSENGER,PERSONAL,W,BACKING,,,1,,,,Y,,,,,,,,,,,,,,REAR,,,,,,,,,,,,,,,,,,,,,,,,,,,,,,,,,
2130098,137725f9f1062e2d11ba30cd6fe6960126090a417d1e37d8da93a330123144b1bd940f22c8febcfb2a435b5098fd1c9504b8b3c0512c549c232b8475c5dbc84c,08/16/2025 08:00:00 PM,2,PARKED,,2030605,,HONDA,CR-V,IL,2020,NONE,PASSENGER,PERSONAL,SW,PARKED,,,0,,,,,,,,,Y,,,,,,,,,REAR-RIGHT-CORNER,,,,,,,,,,,,,,,,,,,,,,,,,,,,,,,,,
2130055,53e173947a96ac442ba2a352a40e769a152e058adaacc6c8a5f8643ed07a697913451b860f862e55125e90be5944aa5d9dabe66d24894fa0a3fbb77cc7a5d99f,08/16/2025 08:00:00 PM,1,DRIVER,,2030564,,KIA,SORENTO,IL,2022,UNKNOWN,SPORT UTILITY VEHICLE (SUV),UNKNOWN/NA,W,PASSING/OVERTAKING,,,1,,,,,Y,,,,,,,,,,,,,FRONT-RIGHT-CORNER,,,,,,,,,,,,,,,,,,,,,,,,,,,,,,,,,
2130056,53e173947a96ac442ba2a352a40e769a152e058adaacc6c8a5f8643ed07a697913451b860f862e55125e90be5944aa5d9dabe66d24894fa0a3fbb77cc7a5d99f,08/16/2025 08:00:00 PM,2,DRIVER,,2030568,,TOYOTA,CAMRY,IL,2012,NONE,PASSENGER,PERSONAL,W,LEAVING TRAFFIC LANE TO PARK,,,1,,,,,,,,,,,Y,,,,,,,REAR-LEFT-CORNER,,,,,,,,,,,,,,,,,,,,,,,,,,,,,,,,,
2130950,f407030eaefb97d2ea98c650a95e5169b0f2983ed0ef1e9478a158f16164420b49143658119fb4a922b05200e3b16a119bcd7bb0cfd8c34573ebecb2b22f9d83,08/16/2025 08:00:00 PM,1,DRIVER,1,2031389,,CHEVROLET,SILVERADO,IL,1996,UNKNOWN,PICKUP,PERSONAL,N,AVOIDING VEHICLES/OBJECTS,Y,,2,,PRIVATE TOW,PRIVATE TOW,Y,Y,,,,,,,,,,,,,FRONT-RIGHT-CORNER,,,,,,,,,,,,,,,,,,,,,,,,,,,,,,,,,
2130095,96d3a4a62beb321befd4538946b2687fa672b557a1fabc559494a531fc50f0b7794690bf758094bb63a2c78f747a09e48fb5eab604750e8ab0a290e136232aac,08/16/2025 07:55:00 PM,1,DRIVER,,2030600,,FORD,BRONCO / BRONCO II,IL,2024,NONE,SPORT UTILITY VEHICLE (SUV),PERSONAL,S,PASSING/OVERTAKING,,,1,,,,,,,Y,,,,,,,,,,,SIDE-RIGHT,,,,,,,,,,,,,,,,,,,,,,,,,,,,,,,,,
2130096,96d3a4a62beb321befd4538946b2687fa672b557a1fabc559494a531fc50f0b7794690bf758094bb63a2c78f747a09e48fb5eab604750e8ab0a290e136232aac,08/16/2025 07:55:00 PM,2,DRIVER,,2030606,,CADILLAC,ESCALADE,IL,2019,NONE,SPORT UTILITY VEHICLE (SUV),PERSONAL,S,STRAIGHT AHEAD,,,1,,,,,,,,,,Y,,,,,,,,REAR,,,,,,,,,,,,,,,,,,,,,,,,,,,,,,,,,
2130093,7af47f947fcfff520521b068c2fe76c7fe9138edd2aa8aed871f6b5992e0204de8b0526ec7d795535f4e158c89882b58f796c0e0b67f9b5be3f77601e6a8372a,08/16/2025 07:50:00 PM,1,DRIVER,,2030596,,JEEP,CHEROKEE,IL,2018,UNKNOWN,SPORT UTILITY VEHICLE (SUV),PERSONAL,E,STRAIGHT AHEAD,,,1,,,,,Y,,,,,,,,,,Y,Y,,FRONT,,,,,,,,,,,,,,,,,,,,,,,,,,,,,,,,,
2130094,7af47f947fcfff520521b068c2fe76c7fe9138edd2aa8aed871f6b5992e0204de8b0526ec7d795535f4e158c89882b58f796c0e0b67f9b5be3f77601e6a8372a,08/16/2025 07:50:00 PM,2,DRIVER,,2030602,,MAZDA,CX-5,FL,2025,UNKNOWN,PASSENGER,PERSONAL,E,SLOW/STOP IN TRAFFIC,,,1,,,,,,,,,Y,Y,Y,N,,,,,,REAR,,,,,,,,,,,,,,,,,,,,,,,,,,,,,,,,,
2130078,f549777c4506ced7e700570a7e83bd3f3934e78f9b835189dfc0f802ecb3186db4e430cc48b67a907be8a62be5e79722f927241b7c705b86eeaabf2a099107fd,08/16/2025 07:45:00 PM,1,DRIVER,,2030586,,FORD,ESCAPE,IL,2013,OTHER,PASSENGER,UNKNOWN/NA,E,STRAIGHT AHEAD,,,1,,,,,,,,,,,,,,,,Y,,FRONT,,,,,,,,,,,,,,,,,,,,,,,,,,,,,,,,,
2130079,f549777c4506ced7e700570a7e83bd3f3934e78f9b835189dfc0f802ecb3186db4e430cc48b67a907be8a62be5e79722f927241b7c705b86eeaabf2a099107fd,08/16/2025 07:45:00 PM,2,DRIVER,1,2030589,,LAND ROVER,LAND ROVER (SPORT),IL,2008,NONE,SPORT UTILITY VEHICLE (SUV),PERSONAL,E,SLOW/STOP IN TRAFFIC,,,2,,,,,,,,,,Y,,,,,,,,REAR,,,,,,,,,,,,,,,,,,,,,,,,,,,,,,,,,
2130109,77e4b6409b485a9cd0381c953468f1ec03ceafa19b5ac2dd85b3b9166d86fc876b2e9a324af7861d098a1cae51527cd94cb3f2abc5484e59e40cafd9aba1bfb9,08/16/2025 07:44:00 PM,1,DRIVER,,2030613,,ACURA,TLX,IL,2016,UNKNOWN,PASSENGER,PERSONAL,N,STRAIGHT AHEAD,Y,,1,,,,,Y,,,,,,,,,,Y,Y,,FRONT,,,,,,,,,,,,,,,,,,,,,,,,,,,,,,,,,
2130110,77e4b6409b485a9cd0381c953468f1ec03ceafa19b5ac2dd85b3b9166d86fc876b2e9a324af7861d098a1cae51527cd94cb3f2abc5484e59e40cafd9aba1bfb9,08/16/2025 07:44:00 PM,2,DRIVER,2,2030614,,TOYOTA,COROLLA,IL,2025,UNKNOWN,PASSENGER,RIDESHARE SERVICE,E,STRAIGHT AHEAD,Y,,3,,YOUR AUTOPAL (847-786-8888),4428 N ELSTON AVE (SUPER AUTO),,,Y,Y,Y,,,,,,,,,,SIDE-RIGHT,,,,,,,,,,,,,,,,,,,,,,,,,,,,,,,,,
2130042,e1de683c642adb9365802acf67c56977596c5e8b73b32ea28f7697685d57f2be86e56ccd880b21eb514f32a9fec0cbddec9425bf1da298b80ef08aa102a44ff0,08/16/2025 07:40:00 PM,1,DRIVER,,2030550,,NISSAN,OTHER (EXPLAIN IN NARRATIVE),IL,2015,UNKNOWN,UNKNOWN/NA,UNKNOWN/NA,W,STRAIGHT AHEAD,,,1,,,,,Y,,,,,,,,,,Y,Y,,FRONT,,,,,,,,,,,,,,,,,,,,,,,,,,,,,,,,,
2130043,e1de683c642adb9365802acf67c56977596c5e8b73b32ea28f7697685d57f2be86e56ccd880b21eb514f32a9fec0cbddec9425bf1da298b80ef08aa102a44ff0,08/16/2025 07:40:00 PM,2,DRIVER,1,2030557,,TOYOTA,COROLLA,IL,2025,NONE,PASSENGER,PERSONAL,W,STRAIGHT AHEAD,,,2,,,,,,,,,Y,Y,Y,,,,,,,REAR,,,,,,,,,,,,,,,,,,,,,,,,,,,,,,,,,
2130072,ddbd6812e71dfd28eec47d9490c31ce0e2ac2ec91a63d6be2f267ade4858dbd481522713a5ccdeed0bf9d8145acbcd329a8d4be43583a17d3283674de15a6b04,08/16/2025 07:36:00 PM,1,DRIVER,,2030581,,BMW,X3,IL,2021,NONE,PASSENGER,PERSONAL,S,STRAIGHT AHEAD,,,1,,,,,Y,,,,,,,,,,,,,FRONT-RIGHT-CORNER,,,,,,,,,,,,,,,,,,,,,,,,,,,,,,,,,
2130073,ddbd6812e71dfd28eec47d9490c31ce0e2ac2ec91a63d6be2f267ade4858dbd481522713a5ccdeed0bf9d8145acbcd329a8d4be43583a17d3283674de15a6b04,08/16/2025 07:36:00 PM,2,DRIVER,,2030585,,NISSAN,MAXIMA,IL,2007,NONE,PASSENGER,PERSONAL,S,STRAIGHT AHEAD,,,1,,,,,,,,,Y,,,,,,,,,REAR-RIGHT-CORNER,,,,,,,,,,,,,,,,,,,,,,,,,,,,,,,,,
2130063,a4bd1194d9584fbee1403df058527d2b721a29c789069c0dea5c2df63ed86186f2fb5ab222318b199cea1129b7e20db12a7113a758919114f3fb93622f98b715,08/16/2025 07:35:00 PM,1,DRIVER,,2030571,,TOYOTA,COROLLA,IL,2017,UNKNOWN,PASSENGER,PERSONAL,N,STRAIGHT AHEAD,,,1,,,,,,,,,,,Y,Y,Y,Y,Y,,,SIDE-LEFT,,,,,,,,,,,,,,,,,,,,,,,,,,,,,,,,,
2130064,a4bd1194d9584fbee1403df058527d2b721a29c789069c0dea5c2df63ed86186f2fb5ab222318b199cea1129b7e20db12a7113a758919114f3fb93622f98b715,08/16/2025 07:35:00 PM,2,DRIVER,1,2030575,,NISSAN,ROGUE,IL,2013,UNKNOWN,PASSENGER,PERSONAL,N,STRAIGHT AHEAD,,,2,,,,,N,Y,Y,Y,Y,,,,,,,,,SIDE-RIGHT,,,,,,,,,,,,,,,,,,,,,,,,,,,,,,,,,
2130128,bb8bd8b5fd4cea4b08c5f551d53d3b215f1fedd94fa2cb73a62bd247d442ec123dfa1b402667100e3feb49b271b117339ddd8514b3162fecef226a7eb6401243,08/16/2025 07:32:00 PM,1,DRIVER,,2030634,,NISSAN,VERSA,IL,2020,NONE,PASSENGER,PERSONAL,E,STRAIGHT AHEAD,Y,,1,,S/S # 054259,103/DOTY RD,,,,,,,,,,,,,,,FRONT,,,,,,,,,,,,,,,,,,,,,,,,,,,,,,,,,
2130129,bb8bd8b5fd4cea4b08c5f551d53d3b215f1fedd94fa2cb73a62bd247d442ec123dfa1b402667100e3feb49b271b117339ddd8514b3162fecef226a7eb6401243,08/16/2025 07:32:00 PM,2,DRIVER,4,2030637,,TOYOTA,CAMRY,IL,2020,NONE,PASSENGER,PERSONAL,S,STRAIGHT AHEAD,Y,,5,,PRIVATE TOW,,,,,,,,,,,,,,,,SIDE-RIGHT,,,,,,,,,,,,,,,,,,,,,,,,,,,,,,,,,
2131398,9c2b95cad133b35377b3d81fdd9c46efe62a5eb9105c3c0efb3769ce82c03d64d1fd1df534ca2a4e89f5db454977f882cfd9bb7df03b01dcdbb67ccec91956ed,08/16/2025 07:31:00 PM,1,DRIVER,,2031806,,TOYOTA,PRIUS,IL,2012,NONE,PASSENGER,PERSONAL,S,SLOW/STOP IN TRAFFIC,Y,,1,,PRIVATE,,,,,,,,,Y,Y,Y,Y,Y,,,SIDE-LEFT-FRONT,,,,,,,,,,,,,,,,,,,,,,,,,,,,,,,,,
2131399,9c2b95cad133b35377b3d81fdd9c46efe62a5eb9105c3c0efb3769ce82c03d64d1fd1df534ca2a4e89f5db454977f882cfd9bb7df03b01dcdbb67ccec91956ed,08/16/2025 07:31:00 PM,2,DRIVER,,2031807,,MAZDA,TRIBUTE,IL,2001,NONE,PASSENGER,PERSONAL,W,STRAIGHT AHEAD,,,1,,,,,Y,,,,,,,,,,Y,Y,,FRONT,,,,,,,,,,,,,,,,,,,,,,,,,,,,,,,,,
2130099,3b5f43b0d6c8563afcbf7ea26b2ff15895bf7587929a721eca659bc460447a8155636b790f72c91f4d73b44f84e5dc48e40ea136f7527fa8715e0cf70f4fd3d9,08/16/2025 07:30:00 PM,1,DRIVER,,2030603,,GENERAL MOTORS CORPORATION (GMC),TERRAIN,IL,2019,UNKNOWN,SPORT UTILITY VEHICLE (SUV),PERSONAL,S,STRAIGHT AHEAD,Y,,1,,OWNER,UNK,,Y,Y,,,,,,,,,,,,FRONT-RIGHT-CORNER,,,,,,,,,,,,,,,,,,,,,,,,,,,,,,,,,
2130100,3b5f43b0d6c8563afcbf7ea26b2ff15895bf7587929a721eca659bc460447a8155636b790f72c91f4d73b44f84e5dc48e40ea136f7527fa8715e0cf70f4fd3d9,08/16/2025 07:30:00 PM,2,PARKED,,2030610,,TOYOTA,CAMRY,IL,1994,UNKNOWN,PASSENGER,PERSONAL,S,PARKED,,,0,,,,,,,,,,,,Y,Y,Y,,,,SIDE-LEFT,,,,,,,,,,,,,,,,,,,,,,,,,,,,,,,,,
2130044,ecea959662e0d28455e2de18c341313c65f90c6d2e6c7cef438e836a99db79705729c50cdcba597203a1e9110812e3115b9c3abf0f0892625ce7e9fb63fe1226,08/16/2025 07:03:00 PM,1,DRIVER,,2030551,,TOYOTA,RAV4,IL,2022,NONE,PASSENGER,PERSONAL,E,STRAIGHT AHEAD,,,1,,,,,Y,,,,,,,,,,,Y,,FRONT-RIGHT-CORNER,,,,,,,,,,,,,,,,,,,,,,,,,,,,,,,,,
2130045,ecea959662e0d28455e2de18c341313c65f90c6d2e6c7cef438e836a99db79705729c50cdcba597203a1e9110812e3115b9c3abf0f0892625ce7e9fb63fe1226,08/16/2025 07:03:00 PM,2,DRIVER,,2030555,,TOYOTA,CAMRY,IL,2015,NONE,PASSENGER,PERSONAL,N,STRAIGHT AHEAD,,,1,,,,,N,,,,,,,,,,Y,Y,,FRONT,,,,,,,,,,,,,,,,,,,,,,,,,,,,,,,,,
2131907,246005af54a936716c904f9d4aa4db3c7612aa728dee64b2384646ac89ac77497038501e1f77db9bf5cf4a9c0fbf9586555ffabd1ba44313c959337ee97038b6,08/16/2025 07:00:00 PM,1,DRIVER,,2032286,,UNKNOWN,OTHER (EXPLAIN IN NARRATIVE),,,UNKNOWN,UNKNOWN/NA,UNKNOWN/NA,UNKNOWN,UNKNOWN/NA,,,1,,,,,,,,,,,,,,,,,Y,UNKNOWN,,,,,,,,,,,,,,,,,,,,,,,,,,,,,,,,,
2131908,246005af54a936716c904f9d4aa4db3c7612aa728dee64b2384646ac89ac77497038501e1f77db9bf5cf4a9c0fbf9586555ffabd1ba44313c959337ee97038b6,08/16/2025 07:00:00 PM,2,PARKED,,2032294,,FORD,EDGE,IL,2007,NONE,SPORT UTILITY VEHICLE (SUV),PERSONAL,W,PARKED,Y,,0,,J & K AUTO,4936 W FLOURNOY,,,,,Y,Y,,Y,Y,Y,Y,Y,,N,SIDE-RIGHT-REAR,,,,,,,,,,,,,,,,,,,,,,,,,,,,,,,,,
2130047,33cce060562dbb34f5e685a97f6dc513d0d0baf3c139f8677433568f9d8dafd86f832cf1c490bf35b0d1365c4715fa2d8096850c5efe515f53ecafe33e1598c9,08/16/2025 07:00:00 PM,1,DRIVER,,2030552,,LINCOLN,MKZ,IL,2014,UNKNOWN,PASSENGER,PERSONAL,N,TURNING LEFT,,,1,,,,,Y,,,,,,,,,,,,,SIDE-RIGHT-FRONT,,,,,,,,,,,,,,,,,,,,,,,,,,,,,,,,,
2130048,33cce060562dbb34f5e685a97f6dc513d0d0baf3c139f8677433568f9d8dafd86f832cf1c490bf35b0d1365c4715fa2d8096850c5efe515f53ecafe33e1598c9,08/16/2025 07:00:00 PM,2,DRIVER,1,2030553,,NISSAN,ALTIMA,IL,2020,NONE,PASSENGER,PERSONAL,N,TURNING LEFT,,,2,,,,,,,,,,,,,Y,N,,,,SIDE-LEFT,,,,,,,,,,,,,,,,,,,,,,,,,,,,,,,,,
2131057,59f556974e555cf5a962cbaba14c30b0a9a94bbbc04fc5154834897744900a325ce0abc3baad5a1f6d1db465a75626eec23100439dd995ce73b5fcc1778176a8,08/16/2025 07:00:00 PM,1,DRIVER,,2031479,,UNKNOWN,OTHER (EXPLAIN IN NARRATIVE),IL,,UNKNOWN,UNKNOWN/NA,UNKNOWN/NA,UNKNOWN,UNKNOWN/NA,,,1,,,,,,,,,,,,,,,,,Y,UNKNOWN,,,,,,,,,,,,,,,,,,,,,,,,,,,,,,,,,
2131058,59f556974e555cf5a962cbaba14c30b0a9a94bbbc04fc5154834897744900a325ce0abc3baad5a1f6d1db465a75626eec23100439dd995ce73b5fcc1778176a8,08/16/2025 07:00:00 PM,2,PARKED,,2031486,,TOYOTA,PRIUS,IL,2014,OTHER,PASSENGER,TAXI/FOR HIRE,E,PARKED,,,0,,,,,,,,,,,,,,Y,Y,,,SIDE-LEFT-FRONT,,,,,,,,,,,,,,,,,,,,,,,,,,,,,,,,,
2136742,98ef433e7b3d88c5f18519c8003a6a862236661d93d70940cc183ee07b4f9cee9398b220dd09df77cefc034b072453522ef7892f4b37e9315fe229a7e0e30a34,08/16/2025 07:00:00 PM,1,DRIVER,,2036911,,UNKNOWN,MOTORIZED,,,OTHER,UNKNOWN/NA,UNKNOWN/NA,UNKNOWN,UNKNOWN/NA,,,1,,,,,,,,,,,,,,,,,Y,UNKNOWN,,,,,,,,,,,,,,,,,,,,,,,,,,,,,,,,,
2136743,98ef433e7b3d88c5f18519c8003a6a862236661d93d70940cc183ee07b4f9cee9398b220dd09df77cefc034b072453522ef7892f4b37e9315fe229a7e0e30a34,08/16/2025 07:00:00 PM,2,PARKED,,2036913,,KIA,FORTE,IL,2019,NONE,PASSENGER,PERSONAL,N,PARKED,,,0,,,,,,,,,,,Y,Y,,Y,,,,REAR-LEFT-CORNER,,,,,,,,,,,,,,,,,,,,,,,,,,,,,,,,,
2130033,b4b76ad8dd122674eb34330408a8b61c5fd1a4104f8e4bf1f48a73690cccaf0284bc164c512bf1b85ebbcdf814a37071153799cd43f9d50ba3cb7ea0a5626ee1,08/16/2025 07:00:00 PM,1,DRIVER,,2030547,,TOYOTA,4RUNNER,WI,2004,UNKNOWN,PASSENGER,PERSONAL,W,SLOW/STOP IN TRAFFIC,,,1,,,,,,,,,,,,,,,,,,FRONT,,,,,,,,,,,,,,,,,,,,,,,,,,,,,,,,,
2130034,b4b76ad8dd122674eb34330408a8b61c5fd1a4104f8e4bf1f48a73690cccaf0284bc164c512bf1b85ebbcdf814a37071153799cd43f9d50ba3cb7ea0a5626ee1,08/16/2025 07:00:00 PM,2,DRIVER,,2030543,,CHEVROLET,IMPALA,IL,2014,UNKNOWN,PASSENGER,PERSONAL,W,SLOW/STOP IN TRAFFIC,,,1,,,,,,,,,Y,Y,Y,,,,,,,REAR,,,,,,,,,,,,,,,,,,,,,,,,,,,,,,,,,
2130111,d13ffde79381f526c10512cec23c2db1a343d119bfbaa0aa828525da37aeec08f330510fdf6a21fd65d0d8ef76b9379d052887baa4ac29c5225ec44f38eb09a0,08/16/2025 07:00:00 PM,1,DRIVER,,2030615,,NISSAN,VERSA,IL,2020,NONE,PASSENGER,PERSONAL,N,STRAIGHT AHEAD,N,,1,,,,,,,,,,,,,,,N,N,Y,UNKNOWN,,,,,,,,,,,,,,,,,,,,,,,,,,,,,,,,,
2130112,d13ffde79381f526c10512cec23c2db1a343d119bfbaa0aa828525da37aeec08f330510fdf6a21fd65d0d8ef76b9379d052887baa4ac29c5225ec44f38eb09a0,08/16/2025 07:00:00 PM,2,PARKED,1,2030619,,JEEP,GRAND CHEROKEE,IL,2011,NONE,SPORT UTILITY VEHICLE (SUV),PERSONAL,N,PARKED,,,1,,,,,,,,,Y,Y,Y,,,,,,,REAR,,,,,,,,,,,,,,,,,,,,,,,,,,,,,,,,,
2130029,fee5747b3b5321693e2b1a3c26362008a1c543a0e7b9d306d7e273a30a297d9f85762b96d353ed376dead542bf4f7ef6a86b63463186ced4e46ccfe4cc56ad7a,08/16/2025 07:00:00 PM,1,DRIVER,,2030536,,UNKNOWN,OTHER (EXPLAIN IN NARRATIVE),,,UNKNOWN,UNKNOWN/NA,UNKNOWN/NA,UNKNOWN,UNKNOWN/NA,,,1,,,,,,,,,,,,,,,,,Y,UNKNOWN,,,,,,,,,,,,,,,,,,,,,,,,,,,,,,,,,
2130030,fee5747b3b5321693e2b1a3c26362008a1c543a0e7b9d306d7e273a30a297d9f85762b96d353ed376dead542bf4f7ef6a86b63463186ced4e46ccfe4cc56ad7a,08/16/2025 07:00:00 PM,2,PARKED,,2030540,,CHEVROLET,SILVERADO,IL,2018,UNKNOWN,PICKUP,PERSONAL,UNKNOWN,PARKED,,,0,,,,,Y,Y,Y,Y,Y,,,,,,N,,,UNKNOWN,,,,,,,,,,,,,,,,,,,,,,,,,,,,,,,,,
2130101,3dc7d33fa04454971ef491f4b42eeafa6c59941382ed5a7395c8045db288a130ce782e1e2b74f59ea6532514d0bdaebf5ac778fe2f03bd2e860ee905cf76a2eb,08/16/2025 06:57:00 PM,1,DRIVER,,2030608,,CHEVROLET,SILVERADO,IL,2001,NONE,PICKUP,PERSONAL,W,STRAIGHT AHEAD,,,1,,,,,Y,,,,,,,,,,Y,Y,,FRONT,,,,,,,,,,,,,,,,,,,,,,,,,,,,,,,,,
2130102,3dc7d33fa04454971ef491f4b42eeafa6c59941382ed5a7395c8045db288a130ce782e1e2b74f59ea6532514d0bdaebf5ac778fe2f03bd2e860ee905cf76a2eb,08/16/2025 06:57:00 PM,2,DRIVER,4,2030627,,NISSAN,KICKS,IL,2025,NONE,PASSENGER,PERSONAL,W,STRAIGHT AHEAD,,,5,,,,,,,,,Y,Y,Y,,,,,,,REAR,,,,,,,,,,,,,,,,,,,,,,,,,,,,,,,,,
2130084,3c825985ee02f992050584a1fd90a24da79e9ea059e01e9b92e029251950d331d329ec57d80430bd045f65ae2a391dc11214a59b8d6d863dc2876d77cfe6bbce,08/16/2025 06:55:00 PM,1,DRIVER,,2030587,,FORD,EXPLORER,IL,2013,UNKNOWN,SPORT UTILITY VEHICLE (SUV),UNKNOWN/NA,W,TURNING LEFT,,,1,,,,,Y,,,,,,,,,,Y,Y,,FRONT,,,,,,,,,,,,,,,,,,,,,,,,,,,,,,,,,
2130085,3c825985ee02f992050584a1fd90a24da79e9ea059e01e9b92e029251950d331d329ec57d80430bd045f65ae2a391dc11214a59b8d6d863dc2876d77cfe6bbce,08/16/2025 06:55:00 PM,2,DRIVER,2,2030593,,HONDA,FIT,IL,2010,UNKNOWN,PASSENGER,UNKNOWN/NA,E,STRAIGHT AHEAD,,,3,,,,,Y,Y,,,,,,,,Y,Y,Y,,FRONT-LEFT-CORNER,,,,,,,,,,,,,,,,,,,,,,,,,,,,,,,,,
2130013,106d5ef7faabc49e10469a28ff0564056bf9c9d3dfd3848242a5a1ddd1297acd9cd18c3b267059b37a8240cec318094cda4f13f447cf40e6c94ba1f51999bbe7,08/16/2025 06:50:00 PM,1,DRIVER,,2030531,,KIA,RIO / K2,IL,2011,UNKNOWN,PASSENGER,UNKNOWN/NA,N,U-TURN,,,1,,,,,,,,,,,,,,,,,Y,FRONT-LEFT-CORNER,,,,,,,,,,,,,,,,,,,,,,,,,,,,,,,,,
2130014,106d5ef7faabc49e10469a28ff0564056bf9c9d3dfd3848242a5a1ddd1297acd9cd18c3b267059b37a8240cec318094cda4f13f447cf40e6c94ba1f51999bbe7,08/16/2025 06:50:00 PM,2,DRIVER,1,2030539,,JEEP,CHEROKEE,IL,2019,NONE,SPORT UTILITY VEHICLE (SUV),RIDESHARE SERVICE,S,STRAIGHT AHEAD,,,2,,,,,,Y,Y,Y,,,,,,,,,,SIDE-RIGHT,,,,,,,,,,,,,,,,,,,,,,,,,,,,,,,,,
2130021,719a8032a2519305cfe2b1cf056bf3d1cd4f667e09967c38c0a72d8697cd350e0b26d83a17728e4944bcb5d8d4ff02341ef91d56a391f0622b603c62c1543d09,08/16/2025 06:40:00 PM,1,DRIVER,,2030535,,BUICK,LACROSSE,IL,2006,NONE,PASSENGER,PERSONAL,E,STRAIGHT AHEAD,,,1,,,,,Y,,,,,,,,,,Y,Y,,FRONT,,,,,,,,,,,,,,,,,,,,,,,,,,,,,,,,,