CRASH_UNIT_ID,CRASH_RECORD_ID,CRASH_DATE,UNIT_NO,UNIT_TYPE,NUM_PASSENGERS,VEHICLE_ID,CMRC_VEH_I,MAKE,MODEL,LIC_PLATE_STATE,VEHICLE_YEAR,VEHICLE_DEFECT,VEHICLE_TYPE,VEHICLE_USE,TRAVEL_DIRECTION,MANEUVER,TOWED_I,FIRE_I,OCCUPANT_CNT,EXCEED_SPEED_LIMIT_I,TOWED_BY,TOWED_TO,AREA_00_I,AREA_01_I,AREA_02_I,AREA_03_I,AREA_04_I,AREA_05_I,AREA_06_I,AREA_07_I,AREA_08_I,AREA_09_I,AREA_10_I,AREA_11_I,AREA_12_I,AREA_99_I,FIRST_CONTACT_POINT,CMV_ID,USDOT_NO,CCMC_NO,ILCC_NO,COMMERCIAL_SRC,GVWR,CARRIER_NAME,CARRIER_STATE,CARRIER_CITY,HAZMAT_PLACARDS_I,HAZMAT_NAME,UN_NO,HAZMAT_PRESENT_I,HAZMAT_REPORT_I,HAZMAT_REPORT_NO,MCS_REPORT_I,MCS_REPORT_NO,HAZMAT_VIO_CAUSE_CRASH_I,MCS_VIO_CAUSE_CRASH_I,IDOT_PERMIT_NO,WIDE_LOAD_I,TRAILER1_WIDTH,TRAILER2_WIDTH,TRAILER1_LENGTH,TRAILER2_LENGTH,TOTAL_VEHICLE_LENGTH,AXLE_CNT,VEHICLE_CONFIG,CARGO_BODY_TYPE,LOAD_TYPE,HAZMAT_OUT_OF_SERVICE_I,MCS_OUT_OF_SERVICE_I,HAZMAT_CLASS
2130022,719a8032a2519305cfe2b1cf056bf3d1cd4f667e09967c38c0a72d8697cd350e0b26d83a17728e4944bcb5d8d4ff02341ef91d56a391f0622b603c62c1543d09,08/16/2025 06:40:00 PM,2,DRIVER,,2030538,,JEEP,GRAND CHEROKEE,IL,2013,NONE,PASSENGER,PERSONAL,W,TURNING LEFT,,,1,,,,,Y,Y,Y,,,,,,,,Y,Y,,FRONT,,,,,,,,,,,,,,,,,,,,,,,,,,,,,,,,,
2129995,44f73d87995d7e11d340183a3b00deb3e4fd82953825fbeb3a302947bf304e64dd7bac6334730db44782813bf1aef40083e4e4e3e18acb750d672f227994a8dc,08/16/2025 06:30:00 PM,1,DRIVER,,2030511,,CHEVROLET,BLAZER,IL,2023,UNKNOWN,PASSENGER,PERSONAL,S,TURNING LEFT,,,1,,,,,Y,Y,,,,,,,,,,,,FRONT-RIGHT-CORNER,,,,,,,,,,,,,,,,,,,,,,,,,,,,,,,,,
2129996,44f73d87995d7e11d340183a3b00deb3e4fd82953825fbeb3a302947bf304e64dd7bac6334730db44782813bf1aef40083e4e4e3e18acb750d672f227994a8dc,08/16/2025 06:30:00 PM,2,DRIVER,,2030513,N,CHEVROLET,EXPRESS,IL,2020,UNKNOWN,VAN/MINI-VAN,COMMERCIAL - SINGLE UNIT,S,STRAIGHT AHEAD,,,1,,,,,,,,,,,Y,Y,,,,,,REAR-RIGHT-CORNER,,,,,,,,,,,,,,,,,,,,,,,,,,,,,,,,,
2131269,7fbe6b84e92c87c4298e54b84530ed3be5303a997d7f896f3fa4d1d8f62f71077e873803211678307dbe228c4edc6f24f6831659a408167ec0516585a63da179,08/16/2025 06:30:00 PM,1,DRIVER,,2031692,,NISSAN,PATHFINDER,IL,2013,NONE,SPORT UTILITY VEHICLE (SUV),PERSONAL,W,STRAIGHT AHEAD,,,1,,,,,Y,,,,,,,,,,Y,Y,,FRONT,,,,,,,,,,,,,,,,,,,,,,,,,,,,,,,,,
2131270,7fbe6b84e92c87c4298e54b84530ed3be5303a997d7f896f3fa4d1d8f62f71077e873803211678307dbe228c4edc6f24f6831659a408167ec0516585a63da179,08/16/2025 06:30:00 PM,2,DRIVER,,2031697,,TOYOTA,RAV4,IL,2021,NONE,SPORT UTILITY VEHICLE (SUV),PERSONAL,W,STRAIGHT AHEAD,,,1,,,,,,,,,Y,Y,Y,,,,,,,REAR,,,,,,,,,,,,,,,,,,,,,,,,,,,,,,,,,
2130009,840f28b7497199bf7f62045c6bac2f2b6c68edba8095a1a7e9fff79daba656e8b62e743de1c4146822def1b465f91746d34022a74bb8b36a4db44e9c4ad4073f,08/16/2025 06:30:00 PM,1,DRIVER,1,2030521,,AUDI,A3,IL,2018,NONE,PASSENGER,RIDESHARE SERVICE,S,SLOW/STOP IN TRAFFIC,,,2,,,,,,,Y,Y,,,,,,,,,,SIDE-RIGHT-REAR,,,,,,,,,,,,,,,,,,,,,,,,,,,,,,,,,
2130010,840f28b7497199bf7f62045c6bac2f2b6c68edba8095a1a7e9fff79daba656e8b62e743de1c4146822def1b465f91746d34022a74bb8b36a4db44e9c4ad4073f,08/16/2025 06:30:00 PM,2,DRIVER,,2030524,,TOYOTA,AVALON,IL,2014,NONE,PASSENGER,RIDESHARE SERVICE,S,SLOW/STOP IN TRAFFIC,,,1,,,,,,,,,,,Y,Y,,,,,,SIDE-LEFT-REAR,,,,,,,,,,,,,,,,,,,,,,,,,,,,,,,,,
2130037,86cde67462bb15498b6aafb5923f2a27475b9c09ceed7c2e8fb57811ae08a09adb95e8b6d4b4918720f3073c12f8b2f78eb28b800ee3d5428425390abf110ccf,08/16/2025 06:30:00 PM,1,DRIVER,,2030544,,MITSUBISHI,OUTLANDER,IL,2015,UNKNOWN,SPORT UTILITY VEHICLE (SUV),UNKNOWN/NA,N,SLOW/STOP IN TRAFFIC,,,1,,,,,Y,,,,,,,,,,Y,Y,,FRONT,,,,,,,,,,,,,,,,,,,,,,,,,,,,,,,,,
2130038,86cde67462bb15498b6aafb5923f2a27475b9c09ceed7c2e8fb57811ae08a09adb95e8b6d4b4918720f3073c12f8b2f78eb28b800ee3d5428425390abf110ccf,08/16/2025 06:30:00 PM,2,DRIVER,,2030545,,TOYOTA,CAMRY,IL,2025,NONE,PASSENGER,PERSONAL,N,SLOW/STOP IN TRAFFIC,,,1,,,,,,,,,Y,Y,Y,,,,,,,REAR,,,,,,,,,,,,,,,,,,,,,,,,,,,,,,,,,
2130076,ca3fa088a8c5a28d4ceb72933c92522a84a8e358dc1dba9230606a868b3585fcc12e6394b87efdbf5596d7371b2df53abd074546788e3fa6ad11218e4055c69e,08/16/2025 06:30:00 PM,1,DRIVER,,2030604,,HONDA,CR-V,IL,2018,UNKNOWN,SPORT UTILITY VEHICLE (SUV),PERSONAL,S,SLOW/STOP IN TRAFFIC,,,1,,,,,Y,,,,,,,,,,Y,Y,,FRONT,,,,,,,,,,,,,,,,,,,,,,,,,,,,,,,,,
2130077,ca3fa088a8c5a28d4ceb72933c92522a84a8e358dc1dba9230606a868b3585fcc12e6394b87efdbf5596d7371b2df53abd074546788e3fa6ad11218e4055c69e,08/16/2025 06:30:00 PM,2,DRIVER,3,2030607,,TOYOTA,COROLLA,IL,2010,NONE,PASSENGER,PERSONAL,S,SLOW/STOP IN TRAFFIC,,,4,,,,,,,,,Y,Y,Y,,,,,,,REAR,,,,,,,,,,,,,,,,,,,,,,,,,,,,,,,,,
2130011,1b8bfa6043dab2965fe0f8e79d4f4e9faea6ea24afa7604b3ea6aa8a5032650d711a986dd3b56052785d14f8af4b9b9a3759b9f39790acf66130740d1650ac19,08/16/2025 06:25:00 PM,1,DRIVER,,2030518,,JEEP,GRAND CHEROKEE,IL,2013,UNKNOWN,PASSENGER,PERSONAL,W,TURNING LEFT,,,1,,,,,Y,Y,,,,,,,,,,Y,,FRONT-RIGHT-CORNER,,,,,,,,,,,,,,,,,,,,,,,,,,,,,,,,,
2130012,1b8bfa6043dab2965fe0f8e79d4f4e9faea6ea24afa7604b3ea6aa8a5032650d711a986dd3b56052785d14f8af4b9b9a3759b9f39790acf66130740d1650ac19,08/16/2025 06:25:00 PM,2,DRIVER,,2030523,,BUICK,LACROSSE,IL,2006,NONE,PASSENGER,PERSONAL,E,STRAIGHT AHEAD,,,1,,,,,,,,,,,,,,Y,Y,Y,,FRONT-LEFT-CORNER,,,,,,,,,,,,,,,,,,,,,,,,,,,,,,,,,
2130051,f09301edcaf2a6d541ce97734fca4443e63a475467c884c7c3e776b127071dbe6f33b11feb77cc1f62738f171dad41b6fbdef5dab4fe1dd8dbd081504090eda4,08/16/2025 06:15:00 PM,1,DRIVER,,2030558,,FORD,EXPLORER,IL,2012,UNKNOWN,SPORT UTILITY VEHICLE (SUV),UNKNOWN/NA,E,STRAIGHT AHEAD,,,1,,,,,Y,,,,,,,,,,,,,UNKNOWN,,,,,,,,,,,,,,,,,,,,,,,,,,,,,,,,,
2130052,f09301edcaf2a6d541ce97734fca4443e63a475467c884c7c3e776b127071dbe6f33b11feb77cc1f62738f171dad41b6fbdef5dab4fe1dd8dbd081504090eda4,08/16/2025 06:15:00 PM,2,DRIVER,,2030562,,TOYOTA,COROLLA,IL,2006,UNKNOWN,PASSENGER,PERSONAL,E,TURNING LEFT,,,1,,,,,,,,,,,,,,Y,Y,,,FRONT-LEFT-CORNER,,,,,,,,,,,,,,,,,,,,,,,,,,,,,,,,,
2130035,e1ee5605a68ab90004640709cafe9858187c75358a44cbfeab206f3f4a313a0f8cf35390b5fdd37e87713bcda03de14b78a7ae05cc2354f21dcdb134e79021a1,08/16/2025 06:10:00 PM,1,DRIVER,,2030565,,CHEVROLET,MALIBU,IL,2021,UNKNOWN,PASSENGER,PERSONAL,E,TURNING RIGHT,N,,1,,,,,,,,,,,,,Y,Y,Y,,,FRONT-LEFT-CORNER,,,,,,,,,,,,,,,,,,,,,,,,,,,,,,,,,
2130036,e1ee5605a68ab90004640709cafe9858187c75358a44cbfeab206f3f4a313a0f8cf35390b5fdd37e87713bcda03de14b78a7ae05cc2354f21dcdb134e79021a1,08/16/2025 06:10:00 PM,2,DRIVER,1,2030554,,GENERAL MOTORS CORPORATION (GMC),TRUCK,IN,2022,UNKNOWN,TRUCK - SINGLE UNIT,OTHER,E,TURNING RIGHT,,,2,,,,,,,Y,,,,,,,,,,,SIDE-RIGHT,,,,,,,,,,,,,,,,,,,,,,,,,,,,,,,,,
2129978,d7aae8b8d1961843d92557d178f75c74b9f5682dd0b7f13110b405c344c6377732a891bffcb4835d562f4847cdae445317aa2410e7f7afbe91c1a8bd9e758ef6,08/16/2025 06:05:00 PM,1,DRIVER,,2030482,,UNKNOWN,OTHER (EXPLAIN IN NARRATIVE),IL,,UNKNOWN,PASSENGER,PERSONAL,W,PASSING/OVERTAKING,,,1,,,,,,N,N,,,,,,,,,,Y,SIDE-RIGHT,,,,,,,,,,,,,,,,,,,,,,,,,,,,,,,,,
2129979,d7aae8b8d1961843d92557d178f75c74b9f5682dd0b7f13110b405c344c6377732a891bffcb4835d562f4847cdae445317aa2410e7f7afbe91c1a8bd9e758ef6,08/16/2025 06:05:00 PM,2,DRIVER,,2030490,,MERCEDES-BENZ,GLB,CA,2022,NONE,SPORT UTILITY VEHICLE (SUV),PERSONAL,W,CHANGING LANES,,,1,,,,,,,,,,,,Y,Y,Y,,,,SIDE-LEFT,,,,,,,,,,,,,,,,,,,,,,,,,,,,,,,,,
2132642,0285bc5bf792c19d9859a32ad46f71d81e01007e04f0e9c09b8a8e2747d1cdd3b60d3dc460826e88094560b1b7c775f5c4809c01afb01f7c6e7197624f6176a1,08/16/2025 06:00:00 PM,1,DRIVER,,2032977,,UNKNOWN,OTHER (EXPLAIN IN NARRATIVE),,,UNKNOWN,UNKNOWN/NA,UNKNOWN/NA,UNKNOWN,UNKNOWN/NA,,,1,,,,,,,,,,,,,,,,,Y,UNKNOWN,,,,,,,,,,,,,,,,,,,,,,,,,,,,,,,,,
2132643,0285bc5bf792c19d9859a32ad46f71d81e01007e04f0e9c09b8a8e2747d1cdd3b60d3dc460826e88094560b1b7c775f5c4809c01afb01f7c6e7197624f6176a1,08/16/2025 06:00:00 PM,2,PARKED,,2032974,,ACURA,ADX,IL,2022,NONE,PASSENGER,PERSONAL,UNKNOWN,PARKED,,,0,,,,,,,,Y,Y,,,,,,,,,REAR-RIGHT-CORNER,,,,,,,,,,,,,,,,,,,,,,,,,,,,,,,,,
2131995,33f445d73d96f99af0e51f931eff31f8ec99889fa429501c736b3559a5bc993dd60c727e9c5c7c7df845cbf098fb52c2ff9d5314cdff9ef950b2d088cf750168,08/16/2025 06:00:00 PM,1,DRIVER,,2032359,,INFINITI,QX30,IL,2019,NONE,PASSENGER,PERSONAL,N,STRAIGHT AHEAD,,,1,,,,,Y,,,,,,,,,,Y,Y,,FRONT,,,,,,,,,,,,,,,,,,,,,,,,,,,,,,,,,
2131996,33f445d73d96f99af0e51f931eff31f8ec99889fa429501c736b3559a5bc993dd60c727e9c5c7c7df845cbf098fb52c2ff9d5314cdff9ef950b2d088cf750168,08/16/2025 06:00:00 PM,2,DRIVER,,2032360,,LEXUS,UX,IL,2024,NONE,PASSENGER,PERSONAL,W,STRAIGHT AHEAD,,,1,,,,,N,,,,,,,Y,Y,,N,N,,FRONT,,,,,,,,,,,,,,,,,,,,,,,,,,,,,,,,,
2129972,552bacdba0a1251da5c8eb9c371758115c6972291f5f35ac4bed8c63f774efeab18fea541a44faeb620e04b7ff8508d91f2020f689e73abb3066a55dbf513e39,08/16/2025 06:00:00 PM,1,DRIVER,1,2030483,,CHRYSLER,200,MO,2015,UNKNOWN,PASSENGER,UNKNOWN/NA,W,CHANGING LANES,,,2,,,,,Y,,,,,,,,,,,Y,,FRONT-RIGHT-CORNER,,,,,,,,,,,,,,,,,,,,,,,,,,,,,,,,,
2129973,552bacdba0a1251da5c8eb9c371758115c6972291f5f35ac4bed8c63f774efeab18fea541a44faeb620e04b7ff8508d91f2020f689e73abb3066a55dbf513e39,08/16/2025 06:00:00 PM,2,DRIVER,,2030502,,FORD,EXPEDITION,IL,2024,NONE,SPORT UTILITY VEHICLE (SUV),PERSONAL,W,SLOW/STOP IN TRAFFIC,,,1,,,,,,,,,,Y,Y,,,,,,,REAR,,,,,,,,,,,,,,,,,,,,,,,,,,,,,,,,,
2130017,84b2bdd910f436bc2b534f58ccd178af220de7c9d9fd3c125fd4444412b750bb344e27b9453a0f07f6bcb1bd50171627b5ae0e0bc8e8f40d7104e15d72cb98e4,08/16/2025 06:00:00 PM,1,DRIVER,,2030520,,GENERAL MOTORS CORPORATION (GMC),OTHER (EXPLAIN IN NARRATIVE),IL,1997,UNKNOWN,VAN/MINI-VAN,UNKNOWN/NA,S,STRAIGHT AHEAD,,,1,,,,,,,,,,,,,,,,Y,,FRONT,,,,,,,,,,,,,,,,,,,,,,,,,,,,,,,,,
2130018,84b2bdd910f436bc2b534f58ccd178af220de7c9d9fd3c125fd4444412b750bb344e27b9453a0f07f6bcb1bd50171627b5ae0e0bc8e8f40d7104e15d72cb98e4,08/16/2025 06:00:00 PM,2,DRIVER,1,2030522,,FORD,FUSION,IL,2018,NONE,PASSENGER,RIDESHARE SERVICE,S,SLOW/STOP IN TRAFFIC,,,2,,,,,,,,,,Y,,,,,,,,REAR,,,,,,,,,,,,,,,,,,,,,,,,,,,,,,,,,
2130027,fce58322691ae93a8e4c4daaf732204fba352bd4809ebec79f0e5d7189b33eb945c82fcfe5e29a92f7a324507180cf1b394077cbb10c54a181eb4c469a359b50,08/16/2025 06:00:00 PM,1,DRIVER,,2030542,,FORD,FUSION,IL,2014,BRAKES,PASSENGER,PERSONAL,W,AVOIDING VEHICLES/OBJECTS,Y,,1,,private tow,,,Y,,,,,,,,,,Y,Y,,FRONT,,,,,,,,,,,,,,,,,,,,,,,,,,,,,,,,,
2130028,fce58322691ae93a8e4c4daaf732204fba352bd4809ebec79f0e5d7189b33eb945c82fcfe5e29a92f7a324507180cf1b394077cbb10c54a181eb4c469a359b50,08/16/2025 06:00:00 PM,2,DRIVER,1,2030548,,FORD,FOCUS,,2010,UNKNOWN,PASSENGER,OTHER,E,STRAIGHT AHEAD,Y,,2,,private tow,,,Y,,,,,,,,,,Y,Y,,FRONT,,,,,,,,,,,,,,,,,,,,,,,,,,,,,,,,,
2129982,11f9e2ac2d79b562fc764f4de5c2f0abf2ef5fa9f2539d4e2affa83625d8aaebe18c80f7bdbecfd232b458ef26915139f2b392b6ad09a2d83b772c0c29405a5f,08/16/2025 05:54:00 PM,1,DRIVER,,2030494,,KIA,SPORTAGE,IN,2013,UNKNOWN,PASSENGER,UNKNOWN/NA,E,STRAIGHT AHEAD,,,1,,,,,,,,,,,,,Y,Y,Y,,,SIDE-LEFT,,,,,,,,,,,,,,,,,,,,,,,,,,,,,,,,,
2129983,11f9e2ac2d79b562fc764f4de5c2f0abf2ef5fa9f2539d4e2affa83625d8aaebe18c80f7bdbecfd232b458ef26915139f2b392b6ad09a2d83b772c0c29405a5f,08/16/2025 05:54:00 PM,2,DRIVER,,2030512,,KIA,OPTIMA / K5,IL,2016,UNKNOWN,PASSENGER,PERSONAL,E,STRAIGHT AHEAD,,,1,,,,,Y,Y,Y,,,,,,,,,,,SIDE-RIGHT,,,,,,,,,,,,,,,,,,,,,,,,,,,,,,,,,
2130061,34c87335d05b2d24a5d0e359c4fa728acaff6a9dc4958e19eee4d62ce8ce826d596ad8ded1630230c99e48ad3c7166d3038381ddbd0fe631a140a4f4be0009c4,08/16/2025 05:52:00 PM,1,DRIVER,,2030569,,TOYOTA,SIENNA,AZ,2025,UNKNOWN,VAN/MINI-VAN,PERSONAL,W,TURNING LEFT,,,1,,,,,,,,,,,,,,Y,Y,Y,,FRONT-LEFT-CORNER,,,,,,,,,,,,,,,,,,,,,,,,,,,,,,,,,
2130062,34c87335d05b2d24a5d0e359c4fa728acaff6a9dc4958e19eee4d62ce8ce826d596ad8ded1630230c99e48ad3c7166d3038381ddbd0fe631a140a4f4be0009c4,08/16/2025 05:52:00 PM,2,DRIVER,,2030573,,TOYOTA,HIGHLANDER,IL,2022,UNKNOWN,SPORT UTILITY VEHICLE (SUV),PERSONAL,S,STRAIGHT AHEAD,Y,,1,,O'HARE TOW TRUCK,RELO LOT/11 N. BESSIE COLEMAN,,,,,,,,Y,Y,Y,Y,Y,,,SIDE-LEFT,,,,,,,,,,,,,,,,,,,,,,,,,,,,,,,,,
2129989,d17178fe7ba0072107adf78ce4dc2fa08d838fcd580663df7619d192d0c6db48812d9e9a5d5e6e5b15c24306cdc63ea9f4ed7adaa716ed92b3f91d23e0be785b,08/16/2025 05:50:00 PM,1,DRIVER,,2030506,,UNKNOWN,OTHER (EXPLAIN IN NARRATIVE),,,UNKNOWN,UNKNOWN/NA,UNKNOWN/NA,W,PASSING/OVERTAKING,,,1,,,,,,,,,,,,,,,,,,UNKNOWN,,,,,,,,,,,,,,,,,,,,,,,,,,,,,,,,,
2129990,d17178fe7ba0072107adf78ce4dc2fa08d838fcd580663df7619d192d0c6db48812d9e9a5d5e6e5b15c24306cdc63ea9f4ed7adaa716ed92b3f91d23e0be785b,08/16/2025 05:50:00 PM,2,DRIVER,,2030503,,HONDA,ACCORD,IL,2013,UNKNOWN,PASSENGER,PERSONAL,W,STRAIGHT AHEAD,,,1,,,,,,,,,,,,,,,,,,FRONT-LEFT-CORNER,,,,,,,,,,,,,,,,,,,,,,,,,,,,,,,,,
2129991,42dd9a5666f2190f299e61683f0fdadd199b927c03aa54c9ab4186bf8219311832c44bf9499a2dfab941321dcaae45677a25ba9bf179b9a34f71ff6389ffa955,08/16/2025 05:48:00 PM,1,DRIVER,3,2030504,,MITSUBISHI,OUTLANDER,IL,2019,UNKNOWN,PASSENGER,RIDESHARE SERVICE,N,U-TURN,,,4,,,,,,,,,,,,,Y,Y,Y,,,FRONT-LEFT-CORNER,,,,,,,,,,,,,,,,,,,,,,,,,,,,,,,,,
2129992,42dd9a5666f2190f299e61683f0fdadd199b927c03aa54c9ab4186bf8219311832c44bf9499a2dfab941321dcaae45677a25ba9bf179b9a34f71ff6389ffa955,08/16/2025 05:48:00 PM,2,DRIVER,,2030517,,GENERAL MOTORS CORPORATION (GMC),YUKON,IL,2025,UNKNOWN,PASSENGER,RIDESHARE SERVICE,N,STRAIGHT AHEAD,,,1,,,,,Y,Y,,,,,,,,,,Y,,FRONT-RIGHT-CORNER,,,,,,,,,,,,,,,,,,,,,,,,,,,,,,,,,
2129960,66fc0c5560dbb8322f8f01626ae5c4667f2f267c5df0e9aefe8d8b82d0464aeda36fe6645cdebe84c857ea6686220c0b967e2efa11accaf87ffa3a38d7ce15cf,08/16/2025 05:45:00 PM,1,DRIVER,,2030471,,GENERAL MOTORS CORPORATION (GMC),SIERRA,IA,2014,NONE,PICKUP,PERSONAL,W,STRAIGHT AHEAD,,,1,,,,,,,,,,,,,,,,Y,,FRONT,,,,,,,,,,,,,,,,,,,,,,,,,,,,,,,,,
2129961,66fc0c5560dbb8322f8f01626ae5c4667f2f267c5df0e9aefe8d8b82d0464aeda36fe6645cdebe84c857ea6686220c0b967e2efa11accaf87ffa3a38d7ce15cf,08/16/2025 05:45:00 PM,2,DRIVER,,2030474,,TOYOTA,COROLLA,IL,2023,NONE,PASSENGER,PERSONAL,W,STRAIGHT AHEAD,,,1,,,,,,,,,,Y,,,,,,,,REAR,,,,,,,,,,,,,,,,,,,,,,,,,,,,,,,,,
2130015,94d4b47daf44dc53a336cdeffda64049795282c2cbc3c8dc26ea54f563bb0849f60f63ba461aa3a66e8ee1444808dabeb95ad9371ced5ce6391d360b49d2eae5,08/16/2025 05:45:00 PM,1,DRIVER,,2030526,,TOYOTA,SIENNA,IL,2018,UNKNOWN,VAN/MINI-VAN,PERSONAL,E,TURNING LEFT,,,1,,,,Y,,,,,,,,,,,N,,,SIDE-LEFT-FRONT,,,,,,,,,,,,,,,,,,,,,,,,,,,,,,,,,
2130016,94d4b47daf44dc53a336cdeffda64049795282c2cbc3c8dc26ea54f563bb0849f60f63ba461aa3a66e8ee1444808dabeb95ad9371ced5ce6391d360b49d2eae5,08/16/2025 05:45:00 PM,2,BICYCLE,,,,,,,,,,,,,,,,,,,,,,,,,,,,,,,,,,,,,,,,,,,,,,,,,,,,,,,,,,,,,,,,,,
2129974,9807ff94ef98044b9f9759a282a023e107727e2b4e4777dad9d21923455b48d770223ce98e67addb121e51591c26b2cfb521312f5e16c84f295383ebd89cefab,08/16/2025 05:45:00 PM,1,DRIVER,,2030481,,HONDA,CR-V,IL,2015,NONE,SPORT UTILITY VEHICLE (SUV),PERSONAL,E,CHANGING LANES,,,1,,,,,,,,,,,,,,,Y,,,FRONT-LEFT-CORNER,,,,,,,,,,,,,,,,,,,,,,,,,,,,,,,,,
2129975,9807ff94ef98044b9f9759a282a023e107727e2b4e4777dad9d21923455b48d770223ce98e67addb121e51591c26b2cfb521312f5e16c84f295383ebd89cefab,08/16/2025 05:45:00 PM,2,DRIVER,,2030484,,MINI,CLUBMAN,IL,2021,NONE,PASSENGER,PERSONAL,E,STRAIGHT AHEAD,,,1,,,,,,,,,Y,,,,,,,,,REAR-RIGHT-CORNER,,,,,,,,,,,,,,,,,,,,,,,,,,,,,,,,,
2131309,656325873f70f99c7dd070c0d22318d5c0de9b30993c91400a389601d2051b564cfcb2b96151e3ed1e6f038ec5121685158a85cad8de84ce8e62f37c2fa8065f,08/16/2025 05:40:00 PM,1,DRIVER,,2031730,,JEEP,LIBERTY,IL,2005,UNKNOWN,UNKNOWN/NA,UNKNOWN/NA,N,UNKNOWN/NA,,,1,,,,,,,,,,,,,,,,,Y,UNKNOWN,,,,,,,,,,,,,,,,,,,,,,,,,,,,,,,,,
2131310,656325873f70f99c7dd070c0d22318d5c0de9b30993c91400a389601d2051b564cfcb2b96151e3ed1e6f038ec5121685158a85cad8de84ce8e62f37c2fa8065f,08/16/2025 05:40:00 PM,2,DRIVER,,2031735,,VOLVO,XC90,IL,2023,UNKNOWN,PASSENGER,PERSONAL,N,SLOW/STOP IN TRAFFIC,,,1,,,,,,,,,,,,,,,,Y,,FRONT,,,,,,,,,,,,,,,,,,,,,,,,,,,,,,,,,
2129980,d98cf5b4d1db7308f41d2b6590869a98c4cfe129937ce498406c5914772e93e97871ed09d681690d692a2546e4414a3d4b605374bd9e1c6962d05c4a23de6cc3,08/16/2025 05:40:00 PM,1,DRIVER,1,2030485,,FORD,EXPLORER,IL,2017,UNKNOWN,PASSENGER,PERSONAL,N,OTHER,,,2,,,,Y,Y,Y,,,,,,,,,,,,SIDE-RIGHT,,,,,,,,,,,,,,,,,,,,,,,,,,,,,,,,,
2129981,d98cf5b4d1db7308f41d2b6590869a98c4cfe129937ce498406c5914772e93e97871ed09d681690d692a2546e4414a3d4b605374bd9e1c6962d05c4a23de6cc3,08/16/2025 05:40:00 PM,2,PARKED,,2030491,,HONDA,CR-V,IL,2019,UNKNOWN,PASSENGER,PERSONAL,N,PARKED,,,0,,,,,,,,,,,,,,Y,Y,,,SIDE-LEFT-FRONT,,,,,,,,,,,,,,,,,,,,,,,,,,,,,,,,,
2130003,e0037f486cc8834e583d0cdc188f0985b088df863b6321e6af46db89952631659288087d5afcb6ea2ea1e3413125a0f6c0fcf2da2f236aaed84124446dd281bb,08/16/2025 05:38:00 PM,1,DRIVER,,2030519,,FORD,F650,IL,2004,NONE,TRUCK - SINGLE UNIT,PERSONAL,N,STRAIGHT AHEAD,,,1,,,,Y,,,,,,,,,,,N,,N,FRONT-LEFT-CORNER,,,,,,,,,,,,,,,,,,,,,,,,,,,,,,,,,
2130004,e0037f486cc8834e583d0cdc188f0985b088df863b6321e6af46db89952631659288087d5afcb6ea2ea1e3413125a0f6c0fcf2da2f236aaed84124446dd281bb,08/16/2025 05:38:00 PM,2,DRIVER,1,2030532,,CHRYSLER,PACIFICA,IL,2022,NONE,VAN/MINI-VAN,PERSONAL,S,STRAIGHT AHEAD,,,2,,,,,,,,,,,,,,,Y,,,FRONT-LEFT-CORNER,,,,,,,,,,,,,,,,,,,,,,,,,,,,,,,,,
2133282,2a038f16e0f1cd424fce8136de1425736108ea303eeadb26c7c7945194afce73775face4f61efaebe929ab1745f4f79b9d7d59ada1e8490049a0d81327ac4fa2,08/16/2025 05:35:00 PM,1,DRIVER,,2033596,,JEEP,WRANGLER,MI,2002,UNKNOWN,SPORT UTILITY VEHICLE (SUV),PERSONAL,W,SLOW/STOP IN TRAFFIC,,,1,,,,,,,,,,,,,,,,N,Y,FRONT,,,,,,,,,,,,,,,,,,,,,,,,,,,,,,,,,
2133283,2a038f16e0f1cd424fce8136de1425736108ea303eeadb26c7c7945194afce73775face4f61efaebe929ab1745f4f79b9d7d59ada1e8490049a0d81327ac4fa2,08/16/2025 05:35:00 PM,2,DRIVER,,2033606,,CHEVROLET,OTHER (EXPLAIN IN NARRATIVE),IL,2018,UNKNOWN,PASSENGER,PERSONAL,W,SLOW/STOP IN TRAFFIC,,,1,,,,,,,,,Y,Y,Y,,,,,,,REAR,,,,,,,,,,,,,,,,,,,,,,,,,,,,,,,,,
2130059,b162ac708c854973ce6cd1d2c461643081c3a52dcb7236add19da60531a2cad2043c8e414043d187f7973fc9fe0125785959f9723ba17e483e5b5b111fe5ec93,08/16/2025 05:30:00 PM,1,DRIVER,,2030567,,TOYOTA,OTHER (EXPLAIN IN NARRATIVE),IL,2012,NONE,PASSENGER,TAXI/FOR HIRE,S,STRAIGHT AHEAD,,,1,,,,,,,,,,,,,,,,Y,,FRONT,,,,,,,,,,,,,,,,,,,,,,,,,,,,,,,,,
2130060,b162ac708c854973ce6cd1d2c461643081c3a52dcb7236add19da60531a2cad2043c8e414043d187f7973fc9fe0125785959f9723ba17e483e5b5b111fe5ec93,08/16/2025 05:30:00 PM,2,DRIVER,,2030570,,FORD,OTHER (EXPLAIN IN NARRATIVE),IL,2013,NONE,PASSENGER,PERSONAL,S,SLOW/STOP IN TRAFFIC,,,1,,,,,,,,,,Y,,,,,,,,REAR,,,,,,,,,,,,,,,,,,,,,,,,,,,,,,,,,