CRASH_UNIT_ID,CRASH_RECORD_ID,CRASH_DATE,UNIT_NO,UNIT_TYPE,NUM_PASSENGERS,VEHICLE_ID,CMRC_VEH_I,MAKE,MODEL,LIC_PLATE_STATE,VEHICLE_YEAR,VEHICLE_DEFECT,VEHICLE_TYPE,VEHICLE_USE,TRAVEL_DIRECTION,MANEUVER,TOWED_I,FIRE_I,OCCUPANT_CNT,EXCEED_SPEED_LIMIT_I,TOWED_BY,TOWED_TO,AREA_00_I,AREA_01_I,AREA_02_I,AREA_03_I,AREA_04_I,AREA_05_I,AREA_06_I,AREA_07_I,AREA_08_I,AREA_09_I,AREA_10_I,AREA_11_I,AREA_12_I,AREA_99_I,FIRST_CONTACT_POINT,CMV_ID,USDOT_NO,CCMC_NO,ILCC_NO,COMMERCIAL_SRC,GVWR,CARRIER_NAME,CARRIER_STATE,CARRIER_CITY,HAZMAT_PLACARDS_I,HAZMAT_NAME,UN_NO,HAZMAT_PRESENT_I,HAZMAT_REPORT_I,HAZMAT_REPORT_NO,MCS_REPORT_I,MCS_REPORT_NO,HAZMAT_VIO_CAUSE_CRASH_I,MCS_VIO_CAUSE_CRASH_I,IDOT_PERMIT_NO,WIDE_LOAD_I,TRAILER1_WIDTH,TRAILER2_WIDTH,TRAILER1_LENGTH,TRAILER2_LENGTH,TOTAL_VEHICLE_LENGTH,AXLE_CNT,VEHICLE_CONFIG,CARGO_BODY_TYPE,LOAD_TYPE,HAZMAT_OUT_OF_SERVICE_I,MCS_OUT_OF_SERVICE_I,HAZMAT_CLASS
2129984,e4a99ca79640f25c028cde08f67b0a22a22fc94496b1840baf9873b1f16d5463592c0ed1f2ed59c0a404fbbb7affa6cc7b2b552eee14872390b5d2ca4212e37b,08/16/2025 05:30:00 PM,1,DRIVER,,2030487,,LEXUS,NX,IL,2019,UNKNOWN,SPORT UTILITY VEHICLE (SUV),PERSONAL,UNKNOWN,CHANGING LANES,,,1,,,,,Y,Y,,,,,,,,,,,,FRONT-RIGHT-CORNER,,,,,,,,,,,,,,,,,,,,,,,,,,,,,,,,,
2129985,e4a99ca79640f25c028cde08f67b0a22a22fc94496b1840baf9873b1f16d5463592c0ed1f2ed59c0a404fbbb7affa6cc7b2b552eee14872390b5d2ca4212e37b,08/16/2025 05:30:00 PM,2,DRIVER,,2030492,,TOYOTA,CAMRY,TX,2025,UNKNOWN,PASSENGER,PERSONAL,UNKNOWN,STRAIGHT AHEAD,,,1,,,,,,,,,,,,,,Y,Y,,,FRONT-LEFT-CORNER,,,,,,,,,,,,,,,,,,,,,,,,,,,,,,,,,
2131479,6e855fffb7e115927e117c88114a66133665d77c66427180be6a105effedee0e9bec2c38f1d00d245b6e3d35b2f017f15b06557c9869bfbdd193fb27106b627e,08/16/2025 05:20:00 PM,1,DRIVER,,2031910,,FORD,ECONOLINE 100,AZ,2017,NONE,TRUCK - SINGLE UNIT,UNKNOWN/NA,W,BACKING,,,1,,,,,,,,,,Y,,,,,,,,REAR,,,,,,,,,,,,,,,,,,,,,,,,,,,,,,,,,
2131480,6e855fffb7e115927e117c88114a66133665d77c66427180be6a105effedee0e9bec2c38f1d00d245b6e3d35b2f017f15b06557c9869bfbdd193fb27106b627e,08/16/2025 05:20:00 PM,2,PARKED,,2031896,,AUDI,S5,IL,2009,NONE,PASSENGER,NOT IN USE,W,PARKED,,,0,,,,,,,,,,,,Y,Y,,,,,SIDE-LEFT,,,,,,,,,,,,,,,,,,,,,,,,,,,,,,,,,
2129987,91ed0736431cec25ed58cc68ef1c628be462761360922c8f1625232bc603e23da35637d07fa2be0c56f6eeef6c0ff1130e76f1bf689077505565241356b9cc0c,08/16/2025 05:11:00 PM,1,DRIVER,,2030499,,NISSAN,ROGUE,IL,2024,NONE,PASSENGER,PERSONAL,W,TURNING LEFT,,,1,,,,,Y,Y,Y,Y,,,,,,,,,,SIDE-RIGHT,,,,,,,,,,,,,,,,,,,,,,,,,,,,,,,,,
2129988,91ed0736431cec25ed58cc68ef1c628be462761360922c8f1625232bc603e23da35637d07fa2be0c56f6eeef6c0ff1130e76f1bf689077505565241356b9cc0c,08/16/2025 05:11:00 PM,2,PEDESTRIAN,,,,,,,,,,,,,,,,,,,,,,,,,,,,,,,,,,,,,,,,,,,,,,,,,,,,,,,,,,,,,,,,,,
2130005,2291b395ffab75a78152a04b1fbbe3009be26fde8660a23ab25aea38fce081676b722f9a9bda6cbddb58e7a330cad9e13c29491edf52954b699c297bd2ac0641,08/16/2025 05:10:00 PM,1,DRIVER,,2030515,,HONDA,ACCORD,IL,2000,UNKNOWN,PASSENGER,PERSONAL,W,PASSING/OVERTAKING,,,1,,,,,,Y,Y,,,,,,,,,,,SIDE-RIGHT,,,,,,,,,,,,,,,,,,,,,,,,,,,,,,,,,
2130006,2291b395ffab75a78152a04b1fbbe3009be26fde8660a23ab25aea38fce081676b722f9a9bda6cbddb58e7a330cad9e13c29491edf52954b699c297bd2ac0641,08/16/2025 05:10:00 PM,2,DRIVER,1,2030528,,FORD,EDGE,WI,2024,NONE,PASSENGER,PERSONAL,W,PASSING/OVERTAKING,,,2,,,,,,,,,,,,Y,Y,Y,,,,SIDE-LEFT,,,,,,,,,,,,,,,,,,,,,,,,,,,,,,,,,
2129941,56fe1736ba14b749d559cbe0df4646e8ec5519a31db9b2dcab2f72f4abc4e5d974deea50cf5c7855718b782240a7ba7779171c6accaaafe5895adfeca17b3478,08/16/2025 05:10:00 PM,1,DRIVER,1,2030468,,JEEP,CHEROKEE,IL,2018,NONE,SPORT UTILITY VEHICLE (SUV),PERSONAL,W,PASSING/OVERTAKING,,,2,,,,,Y,Y,,,,,,,,,,,,FRONT-RIGHT-CORNER,,,,,,,,,,,,,,,,,,,,,,,,,,,,,,,,,
2129942,56fe1736ba14b749d559cbe0df4646e8ec5519a31db9b2dcab2f72f4abc4e5d974deea50cf5c7855718b782240a7ba7779171c6accaaafe5895adfeca17b3478,08/16/2025 05:10:00 PM,2,DRIVER,3,2030473,,FORD,BRONCO / BRONCO II,IL,2022,NONE,SPORT UTILITY VEHICLE (SUV),PERSONAL,W,TURNING LEFT,Y,,4,,insurance,insurance mechanic,,,,,,,,,,Y,Y,Y,Y,,FRONT-LEFT-CORNER,,,,,,,,,,,,,,,,,,,,,,,,,,,,,,,,,
2129966,6078db0f11e61a1f69f004ea77f6a5154f528c67ddd74602cde8ebbf48a59216c9b063fd07a6dcf2f1f8020a497d53f2f1b02653dcacbde4f169f25276c72b05,08/16/2025 05:05:00 PM,1,DRIVER,,2030477,,TOYOTA,CAMRY,IL,2004,UNKNOWN,PASSENGER,PERSONAL,W,STRAIGHT AHEAD,,,1,,,,,Y,,,,,,,,,,Y,Y,,FRONT,,,,,,,,,,,,,,,,,,,,,,,,,,,,,,,,,
2129967,6078db0f11e61a1f69f004ea77f6a5154f528c67ddd74602cde8ebbf48a59216c9b063fd07a6dcf2f1f8020a497d53f2f1b02653dcacbde4f169f25276c72b05,08/16/2025 05:05:00 PM,2,PARKED,,2030479,,CHEVROLET,EQUINOX,IL,2017,NONE,SPORT UTILITY VEHICLE (SUV),PERSONAL,E,PARKED,,,0,,,,,Y,,,,,,,,,,Y,Y,,FRONT,,,,,,,,,,,,,,,,,,,,,,,,,,,,,,,,,
2129950,34034a3ca312bb09005f44099a70049b366eb8b92bad88e24a2c09135dcf454084b034f0e500a6d36e9fc93000a808deb96c1600e9a8d66c4d7606fa7e34289c,08/16/2025 05:00:00 PM,1,DRIVER,,2030459,,TOYOTA,OTHER (EXPLAIN IN NARRATIVE),IL,2009,NONE,PASSENGER,PERSONAL,N,STRAIGHT AHEAD,,,1,,,,,Y,,,,,,,,,,Y,Y,,FRONT,,,,,,,,,,,,,,,,,,,,,,,,,,,,,,,,,
2129951,34034a3ca312bb09005f44099a70049b366eb8b92bad88e24a2c09135dcf454084b034f0e500a6d36e9fc93000a808deb96c1600e9a8d66c4d7606fa7e34289c,08/16/2025 05:00:00 PM,2,DRIVER,,2030463,,CHEVROLET,COBALT,IL,2007,NONE,PASSENGER,PERSONAL,N,STRAIGHT AHEAD,,,1,,,,,Y,,,,Y,Y,Y,,,,Y,Y,,REAR,,,,,,,,,,,,,,,,,,,,,,,,,,,,,,,,,
2129952,34034a3ca312bb09005f44099a70049b366eb8b92bad88e24a2c09135dcf454084b034f0e500a6d36e9fc93000a808deb96c1600e9a8d66c4d7606fa7e34289c,08/16/2025 05:00:00 PM,3,DRIVER,,2030467,,HONDA,PILOT,IL,2010,NONE,PASSENGER,PERSONAL,N,STRAIGHT AHEAD,,,1,,,,,,,,,Y,Y,Y,,,,,,,REAR,,,,,,,,,,,,,,,,,,,,,,,,,,,,,,,,,
2131390,82bf7fe34a17dde525bc57b9275466e8aeeaaf2d4cf119e6285356dc42ece9f2c75f62a5d186ec065e3a67e8bb5a10ab2c4baa94221f5277e502db3a13eebe22,08/16/2025 05:00:00 PM,1,DRIVER,,2031804,,HONDA,ODYSSEY,IL,2012,NONE,PASSENGER,PERSONAL,W,STRAIGHT AHEAD,,,1,,,,,Y,,,,,,,,,,Y,Y,,FRONT,,,,,,,,,,,,,,,,,,,,,,,,,,,,,,,,,
2131391,82bf7fe34a17dde525bc57b9275466e8aeeaaf2d4cf119e6285356dc42ece9f2c75f62a5d186ec065e3a67e8bb5a10ab2c4baa94221f5277e502db3a13eebe22,08/16/2025 05:00:00 PM,2,DRIVER,,2031809,,INFINITI,G37,IL,2013,NONE,PASSENGER,PERSONAL,W,STRAIGHT AHEAD,,,1,,,,,,,,,Y,Y,Y,,,,,,,REAR,,,,,,,,,,,,,,,,,,,,,,,,,,,,,,,,,
2129957,8b33c80de7063cb0bf006049e811b491ea67c183f0f57d9ce18981c68ed2950c0f0516c1cc08321aad4dcc8366b7e4fbfa0a996a2304834dcd4ca16765e792c0,08/16/2025 05:00:00 PM,1,DRIVER,,2030465,,FORD,ESCAPE,IL,2016,UNKNOWN,SPORT UTILITY VEHICLE (SUV),UNKNOWN/NA,S,STRAIGHT AHEAD,,,1,,,,,,,,,,,,,,,,,Y,FRONT,,,,,,,,,,,,,,,,,,,,,,,,,,,,,,,,,
2129958,8b33c80de7063cb0bf006049e811b491ea67c183f0f57d9ce18981c68ed2950c0f0516c1cc08321aad4dcc8366b7e4fbfa0a996a2304834dcd4ca16765e792c0,08/16/2025 05:00:00 PM,2,DRIVER,,2030469,,NISSAN,SENTRA,IL,2020,NONE,PASSENGER,PERSONAL,S,SLOW/STOP IN TRAFFIC,,,1,,,,,,,,,,Y,,,,,,Y,,REAR,,,,,,,,,,,,,,,,,,,,,,,,,,,,,,,,,
2129959,8b33c80de7063cb0bf006049e811b491ea67c183f0f57d9ce18981c68ed2950c0f0516c1cc08321aad4dcc8366b7e4fbfa0a996a2304834dcd4ca16765e792c0,08/16/2025 05:00:00 PM,3,DRIVER,,2030476,,LEXUS,RX350,IL,2017,NONE,PASSENGER,PERSONAL,S,SLOW/STOP IN TRAFFIC,,,1,,,,,,,,,,Y,,,,,,,,REAR,,,,,,,,,,,,,,,,,,,,,,,,,,,,,,,,,
2129964,e1fb55c98f92476563699b61f7d88ff1ddb7276bfcb4d29eef382f6135c1306cab62a0159dbf08287ddea2fdf4a3c6692fea1694daa6fd54d0c91689907dbeb8,08/16/2025 05:00:00 PM,1,DRIVER,,2030472,,CHEVROLET,AVALANCHE,MN,2025,UNKNOWN,TRUCK - SINGLE UNIT,UNKNOWN/NA,E,OTHER,,,1,,,,,,,,,,,,,,,,,Y,FRONT,,,,,,,,,,,,,,,,,,,,,,,,,,,,,,,,,
2129965,e1fb55c98f92476563699b61f7d88ff1ddb7276bfcb4d29eef382f6135c1306cab62a0159dbf08287ddea2fdf4a3c6692fea1694daa6fd54d0c91689907dbeb8,08/16/2025 05:00:00 PM,2,DRIVER,,2030478,,CHEVROLET,S10,IL,2025,UNKNOWN,PICKUP,PERSONAL,E,OTHER,,,1,,,,,,,,Y,Y,Y,Y,Y,,,,,,REAR,,,,,,,,,,,,,,,,,,,,,,,,,,,,,,,,,
2130738,f48e1c25140680c15e0f39cc5b496bd003c2ec16f571ba3ef9b2d61d441c5fe4c8ac335416f8da760c2dae3b6b2f9dca113068be5f509f7cfae73fe6293d2fdf,08/16/2025 05:00:00 PM,1,DRIVER,,2031195,,TOYOTA,RAV4,IL,2023,NONE,UNKNOWN/NA,PERSONAL,UNKNOWN,UNKNOWN/NA,,,1,,,,,,,,,,,,,,,,,Y,UNKNOWN,,,,,,,,,,,,,,,,,,,,,,,,,,,,,,,,,
2130739,f48e1c25140680c15e0f39cc5b496bd003c2ec16f571ba3ef9b2d61d441c5fe4c8ac335416f8da760c2dae3b6b2f9dca113068be5f509f7cfae73fe6293d2fdf,08/16/2025 05:00:00 PM,2,PARKED,,2031186,,HYUNDAI,TUCSON,IL,2018,NONE,PASSENGER,PERSONAL,UNKNOWN,PARKED,,,0,,,,,Y,Y,Y,,,,,,,,,Y,,FRONT-RIGHT-CORNER,,,,,,,,,,,,,,,,,,,,,,,,,,,,,,,,,
2130126,984ef9ab05f87247260caae838d8538800096c6c5e203dbd85140b0a01f3d5bb33e0e424956b32010d86a8601adada3c8a89c087c2c5d76987f4a60a03dbc27d,08/16/2025 04:51:00 PM,1,DRIVER,,2030630,,UNKNOWN,OTHER (EXPLAIN IN NARRATIVE),IL,,UNKNOWN,UNKNOWN/NA,UNKNOWN/NA,UNKNOWN,UNKNOWN/NA,,,1,,,,,,,,,,,,,,,,,Y,UNKNOWN,,,,,,,,,,,,,,,,,,,,,,,,,,,,,,,,,
2130127,984ef9ab05f87247260caae838d8538800096c6c5e203dbd85140b0a01f3d5bb33e0e424956b32010d86a8601adada3c8a89c087c2c5d76987f4a60a03dbc27d,08/16/2025 04:51:00 PM,2,PARKED,,2030633,,VOLKSWAGEN,JETTA,IL,2013,NONE,PASSENGER,PERSONAL,N,PARKED,,,0,,,,,,,,,,,,,,,Y,Y,,FRONT-LEFT-CORNER,,,,,,,,,,,,,,,,,,,,,,,,,,,,,,,,,
2129917,223af1fc946ba25d75b0bb2f4ead1b401e3b114584ede5fa0a24de4348916814671f05fc2365a6586bf57d1d28b62ce245a69950dfd72caceab4ba143f605625,08/16/2025 04:45:00 PM,1,DRIVER,,2030437,,TOYOTA,PRIUS,IL,2009,NONE,PASSENGER,RIDESHARE SERVICE,S,BACKING,,,1,,,,,,,,,,Y,,,,,,,,REAR,,,,,,,,,,,,,,,,,,,,,,,,,,,,,,,,,
2129918,223af1fc946ba25d75b0bb2f4ead1b401e3b114584ede5fa0a24de4348916814671f05fc2365a6586bf57d1d28b62ce245a69950dfd72caceab4ba143f605625,08/16/2025 04:45:00 PM,2,DRIVER,,2030431,,LINCOLN,MKZ,IL,2009,NONE,UNKNOWN/NA,PERSONAL,S,STRAIGHT AHEAD,,,1,,,,,Y,,,,,,,,,,,Y,,FRONT,,,,,,,,,,,,,,,,,,,,,,,,,,,,,,,,,
2129921,8d6ba59eb8536743cfa85ff785f28ecccdc9b745354ae098b060ae1ab86ad7733aeb9032f84fb89716f0456af1bf4998cf04e30cbf73da05f8503f0901b7423a,08/16/2025 04:40:00 PM,1,DRIVER,,2030435,,DODGE,RAM 1500 PU,IL,2017,UNKNOWN,PICKUP,PERSONAL,W,STRAIGHT AHEAD,,,1,,,,,Y,Y,,,,,,,,,,,,FRONT-RIGHT-CORNER,,,,,,,,,,,,,,,,,,,,,,,,,,,,,,,,,
2129922,8d6ba59eb8536743cfa85ff785f28ecccdc9b745354ae098b060ae1ab86ad7733aeb9032f84fb89716f0456af1bf4998cf04e30cbf73da05f8503f0901b7423a,08/16/2025 04:40:00 PM,2,PARKED,1,2030444,,GENERAL MOTORS CORPORATION (GMC),SAVANNAH,AZ,2014,UNKNOWN,TRUCK - SINGLE UNIT,OTHER,W,PARKED,,,1,,,,,,,,,,,,,,Y,Y,,,FRONT-LEFT-CORNER,,,,,,,,,,,,,,,,,,,,,,,,,,,,,,,,,
2129919,f4428a2e5036aa434b15a966595482a1121e5afc7a50ecd6380b4114c9e03ccc3d7e34f26b552f5a8a2ce772755cf8cb098331a7f89ff5c5cdaea550df75bcb4,08/16/2025 04:35:00 PM,1,DRIVER,,2030449,,CHEVROLET,EQUINOX,IL,2012,UNKNOWN,PASSENGER,PERSONAL,S,STRAIGHT AHEAD,,,1,,,,,,,,,,,,Y,,,,,,SIDE-LEFT-REAR,,,,,,,,,,,,,,,,,,,,,,,,,,,,,,,,,
2129920,f4428a2e5036aa434b15a966595482a1121e5afc7a50ecd6380b4114c9e03ccc3d7e34f26b552f5a8a2ce772755cf8cb098331a7f89ff5c5cdaea550df75bcb4,08/16/2025 04:35:00 PM,2,DRIVER,,2030429,,CHEVROLET,SILVERADO,IL,2005,UNKNOWN,PICKUP,COMMERCIAL - SINGLE UNIT,S,SLOW/STOP IN TRAFFIC,,,1,,,,,,,,,Y,,,,,,,,,SIDE-LEFT-REAR,,,,,,,,,,,,,,,,,,,,,,,,,,,,,,,,,
2129929,17d99c61cf7a352aabc4e7e13db47248df404b794206fa3018d5ae16ddfd21646daacb70d97f49b4ead1adda43c3f36b91e493289f8a9c49c380673324bb6083,08/16/2025 04:30:00 PM,1,DRIVER,,2030440,,JEEP,RENEGADE,IL,2018,NONE,PASSENGER,PERSONAL,N,CHANGING LANES,,,1,,,,,,Y,Y,Y,,,,,,,,,,SIDE-RIGHT,,,,,,,,,,,,,,,,,,,,,,,,,,,,,,,,,
2129930,17d99c61cf7a352aabc4e7e13db47248df404b794206fa3018d5ae16ddfd21646daacb70d97f49b4ead1adda43c3f36b91e493289f8a9c49c380673324bb6083,08/16/2025 04:30:00 PM,2,DRIVER,,2030445,,FORD,FOCUS,IL,2006,NONE,PASSENGER,PERSONAL,N,STRAIGHT AHEAD,,,1,,,,,,,,,,,,,,,Y,,,SIDE-LEFT-FRONT,,,,,,,,,,,,,,,,,,,,,,,,,,,,,,,,,
2132733,e7e9d82f3528241e7f01aac94af6ae7b82d031325cb28fe77007ba8aaa94f0aa092667618c1fc2e9ee6262f358e5d23e358bd303b75332424eee72629e8614e6,08/16/2025 04:30:00 PM,1,DRIVER,,2033066,,HONDA,CIVIC,IL,2012,UNKNOWN,PASSENGER,UNKNOWN/NA,W,TURNING RIGHT,,,1,,,,,,,,,,,,,,,Y,Y,,FRONT-LEFT-CORNER,,,,,,,,,,,,,,,,,,,,,,,,,,,,,,,,,
2132734,e7e9d82f3528241e7f01aac94af6ae7b82d031325cb28fe77007ba8aaa94f0aa092667618c1fc2e9ee6262f358e5d23e358bd303b75332424eee72629e8614e6,08/16/2025 04:30:00 PM,2,DRIVER,,2033071,,HONDA,FIT,IL,2008,UNKNOWN,PASSENGER,UNKNOWN/NA,N,STRAIGHT AHEAD,,,1,,,,,,,,Y,Y,,,,,,,,,SIDE-RIGHT-REAR,,,,,,,,,,,,,,,,,,,,,,,,,,,,,,,,,
2129945,ae078f59c5d327e32910e2c55d1f246662989ac768781956893e6b035ff4dfb7a4d35d8327a34dd34cdea6a9b1953b0cc7a42d149e0afffec660d129e8956155,08/16/2025 04:24:00 PM,1,DRIVER,,2030454,,UNKNOWN,OTHER (EXPLAIN IN NARRATIVE),,,UNKNOWN,UNKNOWN/NA,UNKNOWN/NA,W,TURNING LEFT,,,1,,,,,,,,,,,,,,,,N,Y,FRONT,,,,,,,,,,,,,,,,,,,,,,,,,,,,,,,,,
2129946,ae078f59c5d327e32910e2c55d1f246662989ac768781956893e6b035ff4dfb7a4d35d8327a34dd34cdea6a9b1953b0cc7a42d149e0afffec660d129e8956155,08/16/2025 04:24:00 PM,2,DRIVER,1,2030462,,HONDA,FIT,,2008,UNKNOWN,PASSENGER,PERSONAL,S,STRAIGHT AHEAD,,,2,,,,,,,,,,,,,Y,Y,Y,Y,,SIDE-LEFT-FRONT,,,,,,,,,,,,,,,,,,,,,,,,,,,,,,,,,
2139371,0da2f140b4a7767e9702d41d97340db4886c0127edfbbb5ee363e53f9e69c2cae85031aaf603e64930d6a76a3d119a484b190932b61596e84cc4e7f1ac1274b4,08/16/2025 04:20:00 PM,1,DRIVER,,2039387,,KIA,OTHER (EXPLAIN IN NARRATIVE),IL,2006,UNKNOWN,PASSENGER,PERSONAL,E,BACKING,,,1,,,,,,,,,,Y,,,,,,,,REAR,,,,,,,,,,,,,,,,,,,,,,,,,,,,,,,,,
2139372,0da2f140b4a7767e9702d41d97340db4886c0127edfbbb5ee363e53f9e69c2cae85031aaf603e64930d6a76a3d119a484b190932b61596e84cc4e7f1ac1274b4,08/16/2025 04:20:00 PM,2,PARKED,,2039394,,TOYOTA,CAMRY,IL,2008,NONE,PASSENGER,PERSONAL,E,PARKED,,,0,,,,,,,,,,Y,,,,,,,,REAR,,,,,,,,,,,,,,,,,,,,,,,,,,,,,,,,,
2129927,0596019d7c3f1327b8eaba166180ad6722c9194f127e60d8eee53bdb9863793bdb1ef1407d4c7fb31f9ffb6aa9bdd959b42f6a4c17c37b910623c32638f1c41f,08/16/2025 04:12:00 PM,1,DRIVER,,2030439,Y,"MOTOR COACH INDUSTRIES, INC.","MOTOR COACH INDUSTRIES, INC.",IL,2000,UNKNOWN,BUS OVER 15 PASS.,UNKNOWN/NA,E,STRAIGHT AHEAD,,,1,,,,,,,,Y,Y,,,,,,,,,SIDE-RIGHT-REAR,"22,013",,,,,,RELIABLE LIMO BUS CORP,IL,KANKAKEE,,,,U,U,,U,,U,U,,,,,,,,,BUS,BUS,,N,N,
2129928,0596019d7c3f1327b8eaba166180ad6722c9194f127e60d8eee53bdb9863793bdb1ef1407d4c7fb31f9ffb6aa9bdd959b42f6a4c17c37b910623c32638f1c41f,08/16/2025 04:12:00 PM,2,PARKED,,2030446,,CHRYSLER,PACIFICA,IL,2017,UNKNOWN,VAN/MINI-VAN,UNKNOWN/NA,UNKNOWN,PARKED,,,0,,,,,,,,,,,,,Y,Y,Y,,,FRONT-LEFT-CORNER,,,,,,,,,,,,,,,,,,,,,,,,,,,,,,,,,
2129962,d5a20fc5dee28815d92047892d42068da521d8d25902aadc86ce37bb521eec4cdb478ceac52f1ab9d65a888229adaf07b8e73b61e7d482e1cc14e7e65672a1a0,08/16/2025 04:10:00 PM,1,DRIVER,1,2030475,,DODGE,CALIBER,IL,2010,UNKNOWN,PASSENGER,PERSONAL,SW,TURNING LEFT,Y,,2,,,,,Y,Y,,,,,,,,,Y,Y,,FRONT,,,,,,,,,,,,,,,,,,,,,,,,,,,,,,,,,
2129963,d5a20fc5dee28815d92047892d42068da521d8d25902aadc86ce37bb521eec4cdb478ceac52f1ab9d65a888229adaf07b8e73b61e7d482e1cc14e7e65672a1a0,08/16/2025 04:10:00 PM,2,DRIVER,3,2030493,,FORD,F150,IN,2010,UNKNOWN,PICKUP,PERSONAL,S,STRAIGHT AHEAD,,,4,,,,,,,,,,,,,,Y,Y,,,FRONT-LEFT-CORNER,,,,,,,,,,,,,,,,,,,,,,,,,,,,,,,,,
2134324,0e50dc04c1efdac80855ff71ecc2019daeb2c22e93fc1365f9a16a77c9be6fec2449ca8ab9a3777a8f0d40ad819e06b51fb9ec0a2219997071c3a4f67f629524,08/16/2025 04:00:00 PM,1,DRIVER,,2034582,,UNKNOWN,OTHER (EXPLAIN IN NARRATIVE),,,UNKNOWN,UNKNOWN/NA,UNKNOWN/NA,UNKNOWN,UNKNOWN/NA,,,1,,,,,,,,,,,,,,,,,Y,UNKNOWN,,,,,,,,,,,,,,,,,,,,,,,,,,,,,,,,,
2134325,0e50dc04c1efdac80855ff71ecc2019daeb2c22e93fc1365f9a16a77c9be6fec2449ca8ab9a3777a8f0d40ad819e06b51fb9ec0a2219997071c3a4f67f629524,08/16/2025 04:00:00 PM,2,PARKED,,2034587,,TOYOTA,CAMRY,MI,2017,NONE,PASSENGER,NOT IN USE,N,PARKED,,,0,,,,,,,,,Y,,,,,,,,,REAR-RIGHT-CORNER,,,,,,,,,,,,,,,,,,,,,,,,,,,,,,,,,
2129883,1c520b1ce3effd75c6f2253bdce68927ca6023f32e7af012e9d7f85e4598652bcb5431e0d73840537c6708f22871f82f08871485c0329569cff8fd94dbb3a245,08/16/2025 04:00:00 PM,1,DRIVER,,2030390,,TOYOTA,PRIUS,IL,2015,UNKNOWN,PASSENGER,TAXI/FOR HIRE,N,STRAIGHT AHEAD,Y,,1,,CITY OF CHICAGO,UNK,,,,,,,,,,Y,,,,,SIDE-LEFT,,,,,,,,,,,,,,,,,,,,,,,,,,,,,,,,,
2129884,1c520b1ce3effd75c6f2253bdce68927ca6023f32e7af012e9d7f85e4598652bcb5431e0d73840537c6708f22871f82f08871485c0329569cff8fd94dbb3a245,08/16/2025 04:00:00 PM,2,DRIVER,,2030407,,GILL MANUFACTURING COMPANY,GILL MFG. CO.,IL,2013,NONE,BUS OVER 15 PASS.,OTHER,N,STRAIGHT AHEAD,,,1,,,,,,,Y,,,,,,,,,,,SIDE-RIGHT,,,,,,,,,,,,,,,,,,,,,,,,,,,,,,,,,
2130007,42c6b59d4357e27f29ff8262a85df0214e63a1616781b292317b2927f59407bc32b8d22d8e0fbfe2875331326dc717047159ac10737495044a9d03c6af0fc2dd,08/16/2025 04:00:00 PM,1,DRIVER,1,2030514,,UNKNOWN,OTHER (EXPLAIN IN NARRATIVE),XX,,UNKNOWN,UNKNOWN/NA,UNKNOWN/NA,S,UNKNOWN/NA,,,2,,,,,,,,,,,,,,,,,,UNKNOWN,,,,,,,,,,,,,,,,,,,,,,,,,,,,,,,,,
2130008,42c6b59d4357e27f29ff8262a85df0214e63a1616781b292317b2927f59407bc32b8d22d8e0fbfe2875331326dc717047159ac10737495044a9d03c6af0fc2dd,08/16/2025 04:00:00 PM,2,BICYCLE,,,,,,,,,,,,,,,,,,,,,,,,,,,,,,,,,,,,,,,,,,,,,,,,,,,,,,,,,,,,,,,,,,
2129901,bfc1aac70cfd492dca493daa064ba44be11a1a8a009bade3306790836dc7a6e8c142317d8192553c7388473a0da42dfdd30edb58fbaf2322c22cd71ec8e8dbfc,08/16/2025 04:00:00 PM,1,DRIVER,,2030417,,SUBARU,IMPREZA,IN,2023,UNKNOWN,PASSENGER,PERSONAL,UNKNOWN,BACKING,,,1,,,,,,,,,Y,Y,Y,,,,,,,REAR,,,,,,,,,,,,,,,,,,,,,,,,,,,,,,,,,
2129902,bfc1aac70cfd492dca493daa064ba44be11a1a8a009bade3306790836dc7a6e8c142317d8192553c7388473a0da42dfdd30edb58fbaf2322c22cd71ec8e8dbfc,08/16/2025 04:00:00 PM,2,DRIVER,,2030420,,DODGE,DURANGO,IN,2023,UNKNOWN,SPORT UTILITY VEHICLE (SUV),PERSONAL,UNKNOWN,BACKING,,,1,,,,,,,,,,Y,,,,,,,,REAR,,,,,,,,,,,,,,,,,,,,,,,,,,,,,,,,,
2132421,cf93485211e31a6d6aa714896f41eb882f27904b58ec29b9dcb48330dd7ef94270341016f586b379870736c4a6a92b817f30fa72dbb5f59feec45ee48db19338,08/16/2025 04:00:00 PM,1,DRIVER,,2032767,,AUDI,A6,IL,2007,UNKNOWN,PASSENGER,PERSONAL,W,TURNING LEFT,,,1,,,,,Y,Y,,,,,,,,N,N,N,,REAR-RIGHT-CORNER,,,,,,,,,,,,,,,,,,,,,,,,,,,,,,,,,
2132422,cf93485211e31a6d6aa714896f41eb882f27904b58ec29b9dcb48330dd7ef94270341016f586b379870736c4a6a92b817f30fa72dbb5f59feec45ee48db19338,08/16/2025 04:00:00 PM,2,DRIVER,,2032768,,CHEVROLET,EQUINOX,IL,2014,UNKNOWN,PASSENGER,PERSONAL,S,STRAIGHT AHEAD,,,1,,,,,N,N,N,N,N,N,,,,Y,Y,,,FRONT-LEFT-CORNER,,,,,,,,,,,,,,,,,,,,,,,,,,,,,,,,,