CRASH_UNIT_ID,CRASH_RECORD_ID,CRASH_DATE,UNIT_NO,UNIT_TYPE,NUM_PASSENGERS,VEHICLE_ID,CMRC_VEH_I,MAKE,MODEL,LIC_PLATE_STATE,VEHICLE_YEAR,VEHICLE_DEFECT,VEHICLE_TYPE,VEHICLE_USE,TRAVEL_DIRECTION,MANEUVER,TOWED_I,FIRE_I,OCCUPANT_CNT,EXCEED_SPEED_LIMIT_I,TOWED_BY,TOWED_TO,AREA_00_I,AREA_01_I,AREA_02_I,AREA_03_I,AREA_04_I,AREA_05_I,AREA_06_I,AREA_07_I,AREA_08_I,AREA_09_I,AREA_10_I,AREA_11_I,AREA_12_I,AREA_99_I,FIRST_CONTACT_POINT,CMV_ID,USDOT_NO,CCMC_NO,ILCC_NO,COMMERCIAL_SRC,GVWR,CARRIER_NAME,CARRIER_STATE,CARRIER_CITY,HAZMAT_PLACARDS_I,HAZMAT_NAME,UN_NO,HAZMAT_PRESENT_I,HAZMAT_REPORT_I,HAZMAT_REPORT_NO,MCS_REPORT_I,MCS_REPORT_NO,HAZMAT_VIO_CAUSE_CRASH_I,MCS_VIO_CAUSE_CRASH_I,IDOT_PERMIT_NO,WIDE_LOAD_I,TRAILER1_WIDTH,TRAILER2_WIDTH,TRAILER1_LENGTH,TRAILER2_LENGTH,TOTAL_VEHICLE_LENGTH,AXLE_CNT,VEHICLE_CONFIG,CARGO_BODY_TYPE,LOAD_TYPE,HAZMAT_OUT_OF_SERVICE_I,MCS_OUT_OF_SERVICE_I,HAZMAT_CLASS
2129899,4e6871cf0f00b3a638c3aa07790a4af3216ef8f3d3ba00ed854ad7ffd70d439e10e446da8da58ae0762d568fe9fcded9aa463df12d0ec64ca6a55fe3d0486773,08/16/2025 03:59:00 PM,1,DRIVER,,2030406,,NISSAN,OTHER (EXPLAIN IN NARRATIVE),IL,2013,UNKNOWN,PICKUP,UNKNOWN/NA,N,BACKING,,,1,,,,,,,,,,Y,,,,,,,,REAR,,,,,,,,,,,,,,,,,,,,,,,,,,,,,,,,,
2129900,4e6871cf0f00b3a638c3aa07790a4af3216ef8f3d3ba00ed854ad7ffd70d439e10e446da8da58ae0762d568fe9fcded9aa463df12d0ec64ca6a55fe3d0486773,08/16/2025 03:59:00 PM,2,DRIVER,1,2030408,,FORD,OTHER (EXPLAIN IN NARRATIVE),IL,2007,UNKNOWN,SPORT UTILITY VEHICLE (SUV),UNKNOWN/NA,E,STRAIGHT AHEAD,Y,,2,,UNKNOWN,UNKNOWN,,Y,Y,Y,,,,,,,,,,,FRONT-RIGHT-CORNER,,,,,,,,,,,,,,,,,,,,,,,,,,,,,,,,,
2130959,994d96ad1d68e594de3b4088ed3a5fe33298b2da671affd13bf5e32093f2d7d2cc2b0e2a56a34f48b6d632e037be18b6d651315b9239aa24a4510fcf6ac1f065,08/16/2025 03:55:00 PM,1,DRIVER,,2031398,,HONDA,PILOT,,2006,NONE,SPORT UTILITY VEHICLE (SUV),PERSONAL,N,STRAIGHT AHEAD,,,1,,,,,,,,,,,,,,,,,,FRONT,,,,,,,,,,,,,,,,,,,,,,,,,,,,,,,,,
2130960,994d96ad1d68e594de3b4088ed3a5fe33298b2da671affd13bf5e32093f2d7d2cc2b0e2a56a34f48b6d632e037be18b6d651315b9239aa24a4510fcf6ac1f065,08/16/2025 03:55:00 PM,2,DRIVER,,2031400,,FORD,OTHER (EXPLAIN IN NARRATIVE),,2024,UNKNOWN,TRUCK - SINGLE UNIT,PERSONAL,N,STRAIGHT AHEAD,,,1,,,,,,,,,,,,,,,,,,REAR,,,,,,,,,,,,,,,,,,,,,,,,,,,,,,,,,
2129911,0b04826a03029a8b92fb805ed0dcc7d9c9dec97f300bd9dc5be9250f2b79a0dc40b6299a511a3163ddb222ad14e492a40547cf227c46b5368c9efa103f815e3c,08/16/2025 03:50:00 PM,1,DRIVER,,2030428,,UNKNOWN,OTHER (EXPLAIN IN NARRATIVE),IL,,UNKNOWN,UNKNOWN/NA,UNKNOWN/NA,S,STRAIGHT AHEAD,,,1,,,,,,,,,,,,,Y,Y,,,,SIDE-LEFT,,,,,,,,,,,,,,,,,,,,,,,,,,,,,,,,,
2129912,0b04826a03029a8b92fb805ed0dcc7d9c9dec97f300bd9dc5be9250f2b79a0dc40b6299a511a3163ddb222ad14e492a40547cf227c46b5368c9efa103f815e3c,08/16/2025 03:50:00 PM,2,DRIVER,,2030436,,TOYOTA,COROLLA,IL,2018,NONE,PASSENGER,PERSONAL,S,STRAIGHT AHEAD,,,1,,,,,Y,Y,,,,,,,,,,,,FRONT-RIGHT-CORNER,,,,,,,,,,,,,,,,,,,,,,,,,,,,,,,,,
2129935,66fbc9a6778a847b7413e098060ea51c78d4b072ce3cc267d47bb54b748c93018cb35e34729ba54ac44af13d97fc5becb9dcb86849310c4515ca1cd01c1538b6,08/16/2025 03:45:00 PM,1,DRIVER,,2030455,,CHEVROLET,VOLT,IL,2013,UNKNOWN,PASSENGER,PERSONAL,W,TURNING LEFT,Y,,1,,PRIVATE TOW,RESIDENCE,,Y,,,,,,,,N,Y,Y,Y,,FRONT-LEFT-CORNER,,,,,,,,,,,,,,,,,,,,,,,,,,,,,,,,,
2129936,66fbc9a6778a847b7413e098060ea51c78d4b072ce3cc267d47bb54b748c93018cb35e34729ba54ac44af13d97fc5becb9dcb86849310c4515ca1cd01c1538b6,08/16/2025 03:45:00 PM,2,DRIVER,,2030480,,JEEP,GRAND CHEROKEE,IL,2014,UNKNOWN,SPORT UTILITY VEHICLE (SUV),PERSONAL,N,STRAIGHT AHEAD,Y,,1,,PRIVATE TOW,RESIDENCE,,Y,Y,,,,,,,,,Y,Y,,FRONT-RIGHT-CORNER,,,,,,,,,,,,,,,,,,,,,,,,,,,,,,,,,
2131174,66c9c92f3a5314a289a06a0f5fe1b8a6d6fc1f91b0a63d571ddd137b1dfdb3656f2ecf09228b8edb70d1d81eff9b706e305f80d21aed96e185b59312957ce07e,08/16/2025 03:42:00 PM,1,DRIVER,1,2031600,,TOYOTA,YARIS,IL,2017,UNKNOWN,PASSENGER,PERSONAL,E,STRAIGHT AHEAD,,,2,,,,,,,,,,,,,,Y,Y,,,FRONT-LEFT-CORNER,,,,,,,,,,,,,,,,,,,,,,,,,,,,,,,,,
2131175,66c9c92f3a5314a289a06a0f5fe1b8a6d6fc1f91b0a63d571ddd137b1dfdb3656f2ecf09228b8edb70d1d81eff9b706e305f80d21aed96e185b59312957ce07e,08/16/2025 03:42:00 PM,2,DRIVER,,2031606,,JEEP,CHEROKEE,IL,2012,NONE,PASSENGER,PERSONAL,E,STRAIGHT AHEAD,,,1,,,,,Y,Y,,,,,,,,,,,,FRONT-RIGHT-CORNER,,,,,,,,,,,,,,,,,,,,,,,,,,,,,,,,,
2130701,5960c2696c196da56826dcc342bf28f7e8f9b5a90712a297bb5830aa47fb24f4d20b7acff3f3e6a24dd1906ec84795404b4dd3c649a838cce8b9036d03a775b1,08/16/2025 03:30:00 PM,1,DRIVER,,2031166,,TOYOTA,HIGHLANDER,IL,2019,UNKNOWN,PASSENGER,PERSONAL,W,STRAIGHT AHEAD,,,1,,,,,,,,,,,,,,Y,Y,Y,,FRONT-LEFT-CORNER,,,,,,,,,,,,,,,,,,,,,,,,,,,,,,,,,
2130702,5960c2696c196da56826dcc342bf28f7e8f9b5a90712a297bb5830aa47fb24f4d20b7acff3f3e6a24dd1906ec84795404b4dd3c649a838cce8b9036d03a775b1,08/16/2025 03:30:00 PM,2,DRIVER,,2031167,,NISSAN,ROGUE,IL,2021,UNKNOWN,PASSENGER,PERSONAL,W,STRAIGHT AHEAD,,,1,,,,,,,,Y,Y,Y,,,,,,,,REAR-RIGHT-CORNER,,,,,,,,,,,,,,,,,,,,,,,,,,,,,,,,,
2132118,6be0b4d61bca934b5fd2551f18c3e5c4b98fb1fabbccc34081a387baccf4be7c0440ae02ac1b4712d491614e09aca8466b4d3f32bcfce51fb5608002b097422b,08/16/2025 03:30:00 PM,2,DRIVER,,2032465,,TOYOTA,COROLLA,IL,2021,NONE,PASSENGER,PERSONAL,S,SLOW/STOP IN TRAFFIC,,,1,,,,,,,,,,Y,Y,,,,,,,REAR,,,,,,,,,,,,,,,,,,,,,,,,,,,,,,,,,
2132119,6be0b4d61bca934b5fd2551f18c3e5c4b98fb1fabbccc34081a387baccf4be7c0440ae02ac1b4712d491614e09aca8466b4d3f32bcfce51fb5608002b097422b,08/16/2025 03:30:00 PM,1,DRIVER,,2032466,,DODGE,CHARGER,IL,2015,NONE,PASSENGER,PERSONAL,S,STRAIGHT AHEAD,,,1,,,,,,,,,,,,,,,,Y,,FRONT,,,,,,,,,,,,,,,,,,,,,,,,,,,,,,,,,
2130046,9f5c3405f326ca4dacebfb7d8b28b4cb706e264e50dbe61600a4c78a96dfe2c4e42b619365ed1f7d951b0155dba517f12205ebdefea8aef8f76d0b0b13615c52,08/16/2025 03:30:00 PM,1,DRIVER,,2030560,,VOLVO,TRUCK,IN,2009,UNKNOWN,SINGLE UNIT TRUCK WITH TRAILER,OTHER,E,STRAIGHT AHEAD,,,1,,,,,,,,,,,,,,,,Y,,FRONT,,,,,,,,,,,,,,,,,,,,,,,,,,,,,,,,,
2129869,b5b986936521e7203a26c8a3dab1326d7979d32c3b5cdcff4b4d03a798e337af4334621917c9dd845b7914a60a43d2b8571665d3550e76fa8c5c96785612deeb,08/16/2025 03:29:00 PM,1,DRIVER,,2030383,N,FORD,TRANSIT,IL,2020,UNKNOWN,BUS UP TO 15 PASS.,PERSONAL,N,STRAIGHT AHEAD,Y,,1,,THIRD PARTY,,,,,,,,,,,Y,Y,Y,N,,FRONT-LEFT-CORNER,,,,,,,,,,,,,,,,,,,,,,,,,,,,,,,,,
2129870,b5b986936521e7203a26c8a3dab1326d7979d32c3b5cdcff4b4d03a798e337af4334621917c9dd845b7914a60a43d2b8571665d3550e76fa8c5c96785612deeb,08/16/2025 03:29:00 PM,2,DRIVER,,2030394,,NISSAN,ROGUE,IL,2023,UNKNOWN,PASSENGER,PERSONAL,S,STRAIGHT AHEAD,Y,,1,,THIRD PARTY,,,,,,,,,,,Y,Y,Y,Y,,FRONT-LEFT-CORNER,,,,,,,,,,,,,,,,,,,,,,,,,,,,,,,,,
2129881,9ea88aee04cf8f5264332ffb7089bd3c06e72df357602b365b2c25193ebf5cb12b2b21ea25db3c8d6512ed71f3459fff6577c7b3ff36d3d820b9fc3f13e8c32d,08/16/2025 03:20:00 PM,1,DRIVER,1,2030381,,FORD,F150,IL,2023,UNKNOWN,PICKUP,UNKNOWN/NA,W,STRAIGHT AHEAD,,,2,,,,,,,,,,,,,,,,,,FRONT,,,,,,,,,,,,,,,,,,,,,,,,,,,,,,,,,
2129882,9ea88aee04cf8f5264332ffb7089bd3c06e72df357602b365b2c25193ebf5cb12b2b21ea25db3c8d6512ed71f3459fff6577c7b3ff36d3d820b9fc3f13e8c32d,08/16/2025 03:20:00 PM,2,DRIVER,,2030400,,LEXUS,NX,TX,2018,NONE,PASSENGER,PERSONAL,W,SLOW/STOP IN TRAFFIC,,,1,,,,,,,,,,,,,,,,,,REAR,,,,,,,,,,,,,,,,,,,,,,,,,,,,,,,,,
2129852,bbcc830d70065d3c630bde90230c32ef36dd3d6d873fa01a6d006aa6495347b4ec5477fd50af9ae548f76f33a738724d36f996f419b4beb64b40f071ceb091c2,08/16/2025 03:20:00 PM,1,DRIVER,,2030386,,NISSAN,JUKE,IL,2016,NONE,SPORT UTILITY VEHICLE (SUV),PERSONAL,S,STRAIGHT AHEAD,,,1,,,,,Y,,,,,,,,,,,Y,,FRONT-RIGHT-CORNER,,,,,,,,,,,,,,,,,,,,,,,,,,,,,,,,,
2129853,bbcc830d70065d3c630bde90230c32ef36dd3d6d873fa01a6d006aa6495347b4ec5477fd50af9ae548f76f33a738724d36f996f419b4beb64b40f071ceb091c2,08/16/2025 03:20:00 PM,2,DRIVER,,2030392,,NISSAN,VERSA,IL,2024,NONE,PASSENGER,PERSONAL,S,SLOW/STOP IN TRAFFIC,,,1,,,,,,,,,,Y,Y,,,,,,,REAR-LEFT-CORNER,,,,,,,,,,,,,,,,,,,,,,,,,,,,,,,,,
2129821,6bb72f5d1d6cfe42fcffddc86da02ce0b610dd65dce41f6fdaeb4a0ec5474f2fabc6f2f7f9fe05b0ea039878c1810b775795031a9db736c47580d00f92b4e2b3,08/16/2025 03:15:00 PM,1,DRIVER,,2030340,,SUBARU,OTHER (EXPLAIN IN NARRATIVE),IL,,UNKNOWN,PASSENGER,UNKNOWN/NA,E,STRAIGHT AHEAD,,,1,,,,,Y,,,,,,,,,,Y,Y,,FRONT,,,,,,,,,,,,,,,,,,,,,,,,,,,,,,,,,
2129822,6bb72f5d1d6cfe42fcffddc86da02ce0b610dd65dce41f6fdaeb4a0ec5474f2fabc6f2f7f9fe05b0ea039878c1810b775795031a9db736c47580d00f92b4e2b3,08/16/2025 03:15:00 PM,2,DRIVER,,2030333,,CHEVROLET,MALIBU,IL,,UNKNOWN,PASSENGER,OTHER,E,STRAIGHT AHEAD,,,1,,,,,,,,,Y,Y,Y,,,,,,,REAR,,,,,,,,,,,,,,,,,,,,,,,,,,,,,,,,,
2129937,6aa61b2253b27d35a6c360d57a675ccd41af57d4b09499f4470e147822088fd59a1c6f802540399a423df54ddd8d861df64c270d71fccbe9aff71915b9e6e9fe,08/16/2025 03:12:00 PM,1,DRIVER,,2030489,,HONDA,ODYSSEY,IL,2015,UNKNOWN,VAN/MINI-VAN,PERSONAL,N,LEAVING TRAFFIC LANE TO PARK,,,1,,,,,,,,,,,,,,,,,Y,UNKNOWN,,,,,,,,,,,,,,,,,,,,,,,,,,,,,,,,,
2129938,6aa61b2253b27d35a6c360d57a675ccd41af57d4b09499f4470e147822088fd59a1c6f802540399a423df54ddd8d861df64c270d71fccbe9aff71915b9e6e9fe,08/16/2025 03:12:00 PM,2,PARKED,,2030505,,CHEVROLET,SILVERADO,IN,2015,NONE,PICKUP,PERSONAL,S,PARKED,,,0,,,,,Y,,,,,,,,,,,,,FRONT-RIGHT-CORNER,,,,,,,,,,,,,,,,,,,,,,,,,,,,,,,,,
2129860,598413acffc71d300d49e9dbe069694b6eaf262383a536a5638cde003cca7e230581fda7ffafd43c944d70e2201c003ad94d76246d417c5ad4264348ed18aac4,08/16/2025 03:11:00 PM,1,DRIVER,,2030365,,KIA,SORENTO,IL,2017,UNKNOWN,PASSENGER,UNKNOWN/NA,NW,TURNING RIGHT,,,1,,,,,Y,Y,,,,,,,,,,,,FRONT-RIGHT-CORNER,,,,,,,,,,,,,,,,,,,,,,,,,,,,,,,,,
2129861,598413acffc71d300d49e9dbe069694b6eaf262383a536a5638cde003cca7e230581fda7ffafd43c944d70e2201c003ad94d76246d417c5ad4264348ed18aac4,08/16/2025 03:11:00 PM,2,DRIVER,,2030375,,FORD,MAVERICK TRUCK,IL,2024,UNKNOWN,PICKUP,UNKNOWN/NA,NW,TURNING RIGHT,,,1,,,,,,,,,,,,Y,Y,Y,,,,SIDE-LEFT-REAR,,,,,,,,,,,,,,,,,,,,,,,,,,,,,,,,,
2129897,dbbf00ca64809f8965a078c906b3673bc596fa65ff0385071637e117b1057b30c96bfa9fe58769ff75ae3a8726fcc5a2117e6f25999c11c2a796c1970c54f59f,08/16/2025 03:10:00 PM,1,DRIVER,1,2030402,,FORD,TRANSIT,IL,2016,NONE,VAN/MINI-VAN,AMBULANCE,N,STRAIGHT AHEAD,,,2,,,,,Y,,,,,,,,,,,,,FRONT-RIGHT-CORNER,,,,,,,,,,,,,,,,,,,,,,,,,,,,,,,,,
2129898,dbbf00ca64809f8965a078c906b3673bc596fa65ff0385071637e117b1057b30c96bfa9fe58769ff75ae3a8726fcc5a2117e6f25999c11c2a796c1970c54f59f,08/16/2025 03:10:00 PM,2,DRIVER,1,2030411,,HONDA,CIVIC,IL,2020,NONE,PASSENGER,PERSONAL,S,MERGING,,,2,,,,,,,,,,,Y,Y,,,,,,SIDE-LEFT-REAR,,,,,,,,,,,,,,,,,,,,,,,,,,,,,,,,,
2129835,e1fc7c33d8b734dc80e2c0353df6260b1b8c7fb56949346075aba7fca1e818d3222ef34e49ac78b7ad15cc910723c187f21f3f32b2493c1beb677afff093d7a9,08/16/2025 03:09:00 PM,1,DRIVER,,2030347,,CHEVROLET,TAHOE,IL,2008,UNKNOWN,PASSENGER,UNKNOWN/NA,SW,STRAIGHT AHEAD,,,1,,,,,,,,,,,,,,,,,Y,FRONT,,,,,,,,,,,,,,,,,,,,,,,,,,,,,,,,,
2129836,e1fc7c33d8b734dc80e2c0353df6260b1b8c7fb56949346075aba7fca1e818d3222ef34e49ac78b7ad15cc910723c187f21f3f32b2493c1beb677afff093d7a9,08/16/2025 03:09:00 PM,2,DRIVER,1,2030352,,VOLKSWAGEN,PASSAT,IL,2015,UNKNOWN,PASSENGER,UNKNOWN/NA,SW,STRAIGHT AHEAD,,,2,,,,,,,,,Y,,,,,,,,,REAR,,,,,,,,,,,,,,,,,,,,,,,,,,,,,,,,,
2129891,9b01db114c149740b22cc7e970769fcfeabdbbb93763f05c391746ed132ff4a9a87b9cbde0f520a2e0b6b03f6efac48278c3f23ff4b0a55392319a0cede76a02,08/16/2025 03:03:00 PM,1,DRIVER,,2030397,,UNKNOWN,MOTORIZED,,,UNKNOWN,UNKNOWN/NA,UNKNOWN/NA,SE,STRAIGHT AHEAD,,,1,,,,,,,,,,,,,,,,,Y,UNKNOWN,,,,,,,,,,,,,,,,,,,,,,,,,,,,,,,,,
2129892,9b01db114c149740b22cc7e970769fcfeabdbbb93763f05c391746ed132ff4a9a87b9cbde0f520a2e0b6b03f6efac48278c3f23ff4b0a55392319a0cede76a02,08/16/2025 03:03:00 PM,2,DRIVER,,2030410,,NOVA BUS,LFS,IL,2024,UNKNOWN,BUS OVER 15 PASS.,CTA,SE,STRAIGHT AHEAD,,,1,,,,,,,,,,,,,,,Y,,,FRONT-LEFT-CORNER,,,,,,,,,,,,,,,,,,,,,,,,,,,,,,,,,
2130695,3675760850acb859b45612bb1ffeae149ad13a6391ffa7155b11b16d04859c0aabc835f8f738d4c87788004b50cb27fcc06b0e66d76529df24ed2df6b01969ba,08/16/2025 03:00:00 PM,1,DRIVER,,2031164,,UNKNOWN,OTHER (EXPLAIN IN NARRATIVE),,,UNKNOWN,UNKNOWN/NA,UNKNOWN/NA,UNKNOWN,STRAIGHT AHEAD,,,1,,,,,,,,,,,,,,,,,Y,UNKNOWN,,,,,,,,,,,,,,,,,,,,,,,,,,,,,,,,,
2130696,3675760850acb859b45612bb1ffeae149ad13a6391ffa7155b11b16d04859c0aabc835f8f738d4c87788004b50cb27fcc06b0e66d76529df24ed2df6b01969ba,08/16/2025 03:00:00 PM,2,PARKED,,2031161,,VOLKSWAGEN,PASSAT,OH,2017,NONE,PASSENGER,NOT IN USE,UNKNOWN,PARKED,,,0,,,,,,,,,Y,,,,,,,,,REAR-RIGHT-CORNER,,,,,,,,,,,,,,,,,,,,,,,,,,,,,,,,,
2131120,4e4147dfd275c4ed5911bd9b190bec3a1ef16fdebdb316ae32a4e8c6415268b612210b2b2052b5332e2f86b9e5b9a23aca0d94e8c3fe2a1a23dcbab29d3c2b2a,08/16/2025 03:00:00 PM,1,DRIVER,,2031541,,NISSAN,ALTIMA,IL,2020,NONE,PASSENGER,PERSONAL,W,STRAIGHT AHEAD,,,1,,,,,Y,,,,,,,,,,,Y,,FRONT,,,,,,,,,,,,,,,,,,,,,,,,,,,,,,,,,
2131121,4e4147dfd275c4ed5911bd9b190bec3a1ef16fdebdb316ae32a4e8c6415268b612210b2b2052b5332e2f86b9e5b9a23aca0d94e8c3fe2a1a23dcbab29d3c2b2a,08/16/2025 03:00:00 PM,2,PARKED,,2031553,,VOLVO,XC60,FL,2020,NONE,PASSENGER,PERSONAL,W,PARKED,,,0,,,,,,,,,,,Y,Y,,,,,,REAR-LEFT-CORNER,,,,,,,,,,,,,,,,,,,,,,,,,,,,,,,,,
2137195,5e71aae13626bb7158722e9f56b8bbbdaf819a0e88afc9bfe56d7f534fb2af431f95cfb14449860e9a9aad1d1b6bab02953b767afed393c260998e33409681dd,08/16/2025 03:00:00 PM,1,DRIVER,,2037342,,HYUNDAI,OTHER (EXPLAIN IN NARRATIVE),,,UNKNOWN,PASSENGER,UNKNOWN/NA,W,BACKING,,,1,,,,,,,,,Y,Y,Y,,,,,,,REAR,,,,,,,,,,,,,,,,,,,,,,,,,,,,,,,,,
2137196,5e71aae13626bb7158722e9f56b8bbbdaf819a0e88afc9bfe56d7f534fb2af431f95cfb14449860e9a9aad1d1b6bab02953b767afed393c260998e33409681dd,08/16/2025 03:00:00 PM,2,PARKED,,2037344,,JEEP,CHEROKEE,,2024,NONE,SPORT UTILITY VEHICLE (SUV),PERSONAL,N,PARKED,,,0,,,,,,,Y,Y,Y,Y,,,,,,,,SIDE-RIGHT-REAR,,,,,,,,,,,,,,,,,,,,,,,,,,,,,,,,,
2129923,6485bfff70b9979b8e9167b65b9cccd874b6c8d8a1e2a7c970367834a5872467f8fdc84796a2647d7baa9f9b05aeaf47b5ce65ccf7343cfa000882d4e03ab143,08/16/2025 03:00:00 PM,1,DRIVER,,2030434,,DODGE,NITRO,IL,2008,UNKNOWN,PASSENGER,PERSONAL,E,TURNING LEFT,,,1,,,,,,,,,,,,,,,,Y,,FRONT,,,,,,,,,,,,,,,,,,,,,,,,,,,,,,,,,
2129924,6485bfff70b9979b8e9167b65b9cccd874b6c8d8a1e2a7c970367834a5872467f8fdc84796a2647d7baa9f9b05aeaf47b5ce65ccf7343cfa000882d4e03ab143,08/16/2025 03:00:00 PM,2,DRIVER,,2030451,,VOLKSWAGEN,ATLAS,IL,2024,NONE,PASSENGER,PERSONAL,N,STRAIGHT AHEAD,,,1,,,,,,,,,,Y,Y,,,,,,,REAR,,,,,,,,,,,,,,,,,,,,,,,,,,,,,,,,,
2130025,b2e38165141ead2309984b140091fed1119185bfccf0e5205e9eff8050743b2e4e8e37f7610b1560bb4b3870d9c65154fb54d4e24d9069f32db3eb338c6d3e3b,08/16/2025 03:00:00 PM,1,DRIVER,,2030533,,BMW,BMW,IL,2025,UNKNOWN,PASSENGER,PERSONAL,S,STRAIGHT AHEAD,,,1,,,,,,,,,,,Y,Y,,,,,,SIDE-LEFT-REAR,,,,,,,,,,,,,,,,,,,,,,,,,,,,,,,,,
2130026,b2e38165141ead2309984b140091fed1119185bfccf0e5205e9eff8050743b2e4e8e37f7610b1560bb4b3870d9c65154fb54d4e24d9069f32db3eb338c6d3e3b,08/16/2025 03:00:00 PM,2,DRIVER,,2030534,,CHEVROLET,TRAX,IL,2019,UNKNOWN,PASSENGER,PERSONAL,S,UNKNOWN/NA,,,1,,,,,Y,Y,,,,,,,,,,,,FRONT-RIGHT-CORNER,,,,,,,,,,,,,,,,,,,,,,,,,,,,,,,,,
2129865,d1cc95bbbbe2a5e3cea0223a1faa74ec82c85ca83f38c586dfbc373a00c2b057eeff6d433834175908dc0d79faab1df1954d8f088f3a8271cba9be6fcae80c6b,08/16/2025 03:00:00 PM,1,DRIVER,,2030391,,HYUNDAI,TUCSON,IL,2024,NONE,SPORT UTILITY VEHICLE (SUV),PERSONAL,E,STRAIGHT AHEAD,,,1,,,,,,,,,,,,,,,Y,,,FRONT-LEFT-CORNER,,,,,,,,,,,,,,,,,,,,,,,,,,,,,,,,,
2129866,d1cc95bbbbe2a5e3cea0223a1faa74ec82c85ca83f38c586dfbc373a00c2b057eeff6d433834175908dc0d79faab1df1954d8f088f3a8271cba9be6fcae80c6b,08/16/2025 03:00:00 PM,2,DRIVER,,2030404,,HYUNDAI,ELANTRA,IL,2016,NONE,PASSENGER,PERSONAL,E,SLOW/STOP IN TRAFFIC,,,1,,,,,,Y,Y,,,,,,,,,,,FRONT-RIGHT-CORNER,,,,,,,,,,,,,,,,,,,,,,,,,,,,,,,,,
2129825,0eb3bfacab9d6fbdb5a23c85efb0ed8ac2d90b6df38c3b08aaece0fe4413e1a4a916d1cc42182453fd7086e0257b64f09136366d935a67e50f53c11316b4fa3b,08/16/2025 02:50:00 PM,1,DRIVER,,2030345,,TOYOTA,OTHER (EXPLAIN IN NARRATIVE),IL,2022,UNKNOWN,UNKNOWN/NA,UNKNOWN/NA,N,MERGING,,,1,,,,,,,,,,,,,,,,,Y,FRONT-RIGHT-CORNER,,,,,,,,,,,,,,,,,,,,,,,,,,,,,,,,,
2129826,0eb3bfacab9d6fbdb5a23c85efb0ed8ac2d90b6df38c3b08aaece0fe4413e1a4a916d1cc42182453fd7086e0257b64f09136366d935a67e50f53c11316b4fa3b,08/16/2025 02:50:00 PM,2,DRIVER,,2030341,,HONDA,OTHER (EXPLAIN IN NARRATIVE),IL,2012,UNKNOWN,UNKNOWN/NA,UNKNOWN/NA,N,STRAIGHT AHEAD,,,1,,,,,,,,,,,,,,Y,Y,Y,,FRONT-LEFT-CORNER,,,,,,,,,,,,,,,,,,,,,,,,,,,,,,,,,
2129893,d842c779da7878364b529cc8bfbcc98aae3bd67ea50ce475e262e95460f98de0550c2221315092d96485eb3348204b2403b5672af253b43161f3415ba07fc297,08/16/2025 02:49:00 PM,1,DRIVER,,2030405,,CHEVROLET,MALIBU,IL,2010,NONE,PASSENGER,PERSONAL,S,STRAIGHT AHEAD,Y,,1,,"E&R, SS#054216",,,Y,,,,,,,,,,Y,Y,,FRONT-LEFT-CORNER,,,,,,,,,,,,,,,,,,,,,,,,,,,,,,,,,
2129894,d842c779da7878364b529cc8bfbcc98aae3bd67ea50ce475e262e95460f98de0550c2221315092d96485eb3348204b2403b5672af253b43161f3415ba07fc297,08/16/2025 02:49:00 PM,2,DRIVER,,2030414,,DODGE,AVENGER,IL,2014,NONE,PASSENGER,PERSONAL,W,STRAIGHT AHEAD,Y,,1,,PRIVATE TOW,,,,,,Y,Y,,,,,,,,,REAR-RIGHT-CORNER,,,,,,,,,,,,,,,,,,,,,,,,,,,,,,,,,
2129905,995658bd84c74d0b5c5c400bcf98a785e120f7cccf1c4dd9882e3c6f85348211e666a4204d077559f8a3d8c2c692585c5587ea69c24b5f9ff066daa380178d08,08/16/2025 02:47:00 PM,1,DRIVER,,2030418,,JEEP,CHEROKEE,IL,2015,NONE,PASSENGER,PERSONAL,E,TURNING RIGHT,,,1,,,,,,,,,,,,,,,Y,,,FRONT-LEFT-CORNER,,,,,,,,,,,,,,,,,,,,,,,,,,,,,,,,,
2129906,995658bd84c74d0b5c5c400bcf98a785e120f7cccf1c4dd9882e3c6f85348211e666a4204d077559f8a3d8c2c692585c5587ea69c24b5f9ff066daa380178d08,08/16/2025 02:47:00 PM,2,DRIVER,1,2030425,,NISSAN,ALTIMA,IL,2019,NONE,PASSENGER,PERSONAL,S,STRAIGHT AHEAD,Y,,2,,PRIVATE TOW,,,Y,Y,Y,,,,,,,,,,,FRONT-RIGHT-CORNER,,,,,,,,,,,,,,,,,,,,,,,,,,,,,,,,,
2132480,31d2adaadaa09739be6d1f9791c41332091cf1bba767cf6c6cff4b834da76dde2e2ac25ab7a361893c7443a6e126fc9bdca5b32435dc3a85b6fe05df25873172,08/16/2025 02:45:00 PM,1,DRIVER,,2032816,,HONDA,HR-V,IL,2020,UNKNOWN,PASSENGER,UNKNOWN/NA,S,STRAIGHT AHEAD,,,1,,,,,,,,,,,,,,,,,Y,FRONT-RIGHT-CORNER,,,,,,,,,,,,,,,,,,,,,,,,,,,,,,,,,
2132481,31d2adaadaa09739be6d1f9791c41332091cf1bba767cf6c6cff4b834da76dde2e2ac25ab7a361893c7443a6e126fc9bdca5b32435dc3a85b6fe05df25873172,08/16/2025 02:45:00 PM,2,DRIVER,,2032822,,SUBARU,FORESTER,,2018,NONE,PASSENGER,PERSONAL,E,TURNING LEFT,,,1,,,,,,,,,Y,,,,,,,,,REAR-RIGHT-CORNER,,,,,,,,,,,,,,,,,,,,,,,,,,,,,,,,,