CRASH_UNIT_ID,CRASH_RECORD_ID,CRASH_DATE,UNIT_NO,UNIT_TYPE,NUM_PASSENGERS,VEHICLE_ID,CMRC_VEH_I,MAKE,MODEL,LIC_PLATE_STATE,VEHICLE_YEAR,VEHICLE_DEFECT,VEHICLE_TYPE,VEHICLE_USE,TRAVEL_DIRECTION,MANEUVER,TOWED_I,FIRE_I,OCCUPANT_CNT,EXCEED_SPEED_LIMIT_I,TOWED_BY,TOWED_TO,AREA_00_I,AREA_01_I,AREA_02_I,AREA_03_I,AREA_04_I,AREA_05_I,AREA_06_I,AREA_07_I,AREA_08_I,AREA_09_I,AREA_10_I,AREA_11_I,AREA_12_I,AREA_99_I,FIRST_CONTACT_POINT,CMV_ID,USDOT_NO,CCMC_NO,ILCC_NO,COMMERCIAL_SRC,GVWR,CARRIER_NAME,CARRIER_STATE,CARRIER_CITY,HAZMAT_PLACARDS_I,HAZMAT_NAME,UN_NO,HAZMAT_PRESENT_I,HAZMAT_REPORT_I,HAZMAT_REPORT_NO,MCS_REPORT_I,MCS_REPORT_NO,HAZMAT_VIO_CAUSE_CRASH_I,MCS_VIO_CAUSE_CRASH_I,IDOT_PERMIT_NO,WIDE_LOAD_I,TRAILER1_WIDTH,TRAILER2_WIDTH,TRAILER1_LENGTH,TRAILER2_LENGTH,TOTAL_VEHICLE_LENGTH,AXLE_CNT,VEHICLE_CONFIG,CARGO_BODY_TYPE,LOAD_TYPE,HAZMAT_OUT_OF_SERVICE_I,MCS_OUT_OF_SERVICE_I,HAZMAT_CLASS
2129814,776aba48e3b3045276f7e669eb32eb956ae2c12876537eb7047ba43bb15121488f5d26d84fcbd53f9dcb813dbedf6c4567aa031e3ccb22dc299f2221359b1fbb,08/16/2025 02:45:00 PM,1,DRIVER,,2030319,,KIA,OTHER (EXPLAIN IN NARRATIVE),IL,2024,OTHER,UNKNOWN/NA,UNKNOWN/NA,N,STRAIGHT AHEAD,,,1,,,,,,,,,,,,,,,,,Y,FRONT,,,,,,,,,,,,,,,,,,,,,,,,,,,,,,,,,
2129815,776aba48e3b3045276f7e669eb32eb956ae2c12876537eb7047ba43bb15121488f5d26d84fcbd53f9dcb813dbedf6c4567aa031e3ccb22dc299f2221359b1fbb,08/16/2025 02:45:00 PM,2,DRIVER,,2030324,,TOYOTA,PRIUS,IL,2018,UNKNOWN,UNKNOWN/NA,UNKNOWN/NA,E,STRAIGHT AHEAD,,,1,,,,,,,Y,Y,Y,,,,,,,,,SIDE-RIGHT-REAR,,,,,,,,,,,,,,,,,,,,,,,,,,,,,,,,,
2129925,01b022dd15350976d76d2e353fbbdfc84bfd40ee2cef53caa4314ade8f605b14e8b394baac15d1795e51ff58f90842536e9a3fe823c3582d7f2b044794e6ed31,08/16/2025 02:43:00 PM,1,DRIVER,1,2030432,,TOYOTA,CAMRY,IL,2014,UNKNOWN,PASSENGER,UNKNOWN/NA,S,STRAIGHT AHEAD,Y,,2,,CITY OF CHICAGO,CITY OF CHICAGO,,,,,,,,,Y,Y,Y,,,,SIDE-LEFT,,,,,,,,,,,,,,,,,,,,,,,,,,,,,,,,,
2129926,01b022dd15350976d76d2e353fbbdfc84bfd40ee2cef53caa4314ade8f605b14e8b394baac15d1795e51ff58f90842536e9a3fe823c3582d7f2b044794e6ed31,08/16/2025 02:43:00 PM,2,DRIVER,2,2030441,,FORD,FUSION,AL,2016,UNKNOWN,PASSENGER,UNKNOWN/NA,W,STRAIGHT AHEAD,Y,,3,,PRIVATE TOW,UNKNOWN LOCATION,,,,,,,,,,,,,Y,,FRONT,,,,,,,,,,,,,,,,,,,,,,,,,,,,,,,,,
2129968,1c2d3739411936b3714b274603d38e6cea38d1ccc13e64c70a1889befbdef7b2afe26ad951ffd460671819b8eeb27faea44fadeae399b82854543ce868fe8108,08/16/2025 02:40:00 PM,1,BICYCLE,,,,,,,,,,,,,,,,,,,,,,,,,,,,,,,,,,,,,,,,,,,,,,,,,,,,,,,,,,,,,,,,,,
2129969,1c2d3739411936b3714b274603d38e6cea38d1ccc13e64c70a1889befbdef7b2afe26ad951ffd460671819b8eeb27faea44fadeae399b82854543ce868fe8108,08/16/2025 02:40:00 PM,2,DRIVER,,2030516,,NISSAN,ROGUE,IL,2020,UNKNOWN,SPORT UTILITY VEHICLE (SUV),PERSONAL,W,STRAIGHT AHEAD,,,1,,,,,,,Y,,,,,,,,,,,SIDE-RIGHT,,,,,,,,,,,,,,,,,,,,,,,,,,,,,,,,,
2129854,242eef0106b6f45787ba27dc220208292a0b1a87878ff200066b5150de7ac84a014d60594cd31b6f8bac319d1185aebebf43ced614651e1bed8494fab2d6934c,08/16/2025 02:40:00 PM,1,DRIVER,,2030371,,JEEP,GRAND CHEROKEE,IL,2015,UNKNOWN,SPORT UTILITY VEHICLE (SUV),PERSONAL,UNKNOWN,TURNING RIGHT,,,1,,,,,,,,,,,,,,Y,Y,Y,,FRONT-LEFT-CORNER,,,,,,,,,,,,,,,,,,,,,,,,,,,,,,,,,
2129855,242eef0106b6f45787ba27dc220208292a0b1a87878ff200066b5150de7ac84a014d60594cd31b6f8bac319d1185aebebf43ced614651e1bed8494fab2d6934c,08/16/2025 02:40:00 PM,2,DRIVER,,2030389,,NISSAN,ALTIMA,IL,2026,UNKNOWN,PASSENGER,PERSONAL,UNKNOWN,STRAIGHT AHEAD,,,1,,,,,Y,Y,,,,,,,,,,Y,,FRONT-RIGHT-CORNER,,,,,,,,,,,,,,,,,,,,,,,,,,,,,,,,,
2129817,b6566b9867051f8a99b2c279c4099db43357d1da5c09df075b37f729bc9a677af60f8eae801eebf5b6897ba318880f99cae509ebb7b4fc64d19bf0a477ef05fc,08/16/2025 02:36:00 PM,1,DRIVER,,2030325,,JEEP,CHEROKEE,IL,,UNKNOWN,PASSENGER,UNKNOWN/NA,S,PASSING/OVERTAKING,,,1,,,,,,,,,,,,,,,,,Y,FRONT-RIGHT-CORNER,,,,,,,,,,,,,,,,,,,,,,,,,,,,,,,,,
2129818,b6566b9867051f8a99b2c279c4099db43357d1da5c09df075b37f729bc9a677af60f8eae801eebf5b6897ba318880f99cae509ebb7b4fc64d19bf0a477ef05fc,08/16/2025 02:36:00 PM,2,DRIVER,,2030331,,HONDA,FIT,IL,2015,UNKNOWN,PASSENGER,PERSONAL,S,STRAIGHT AHEAD,,,1,,,,,,,,,,,Y,Y,Y,Y,Y,,,REAR-LEFT-CORNER,,,,,,,,,,,,,,,,,,,,,,,,,,,,,,,,,
2129867,9984f88140adae63c59dcf4bf5da230da2dba13844d1839366a4f1e2d4948382c66f2ba2bbb0238f80f11c1bc7c7c27ee44a70cd5610e378cc9d2ab2912da966,08/16/2025 02:30:00 PM,1,BICYCLE,,,,,,,,,,,,,,,,,,,,,,,,,,,,,,,,,,,,,,,,,,,,,,,,,,,,,,,,,,,,,,,,,,
2129868,9984f88140adae63c59dcf4bf5da230da2dba13844d1839366a4f1e2d4948382c66f2ba2bbb0238f80f11c1bc7c7c27ee44a70cd5610e378cc9d2ab2912da966,08/16/2025 02:30:00 PM,2,DRIVER,,2030368,,LINCOLN,CORSAIR,IL,2024,UNKNOWN,SPORT UTILITY VEHICLE (SUV),PERSONAL,UNKNOWN,STRAIGHT AHEAD,,,1,,,,,,Y,Y,Y,,,,,,,,,,SIDE-RIGHT,,,,,,,,,,,,,,,,,,,,,,,,,,,,,,,,,
2129877,ee153b6eeb2177cea6276d5234be035b858f8bd8a7fe97e751555731510293032b66258733fc875b31d2d9f12ab6ebc166e9f24afca9f7785561758519dc883a,08/16/2025 02:30:00 PM,1,DRIVER,,2030433,N,NEW FLYER,D40LF,IL,2006,NONE,BUS OVER 15 PASS.,CTA,W,STRAIGHT AHEAD,,,1,,,,,,,,,,,,,,,,,Y,UNKNOWN,,,,,,,,,,,,,,,,,,,,,,,,,,,,,,,,,
2129878,ee153b6eeb2177cea6276d5234be035b858f8bd8a7fe97e751555731510293032b66258733fc875b31d2d9f12ab6ebc166e9f24afca9f7785561758519dc883a,08/16/2025 02:30:00 PM,2,DRIVER,,2030403,,FORD,EXPLORER,IL,2020,NONE,PASSENGER,PERSONAL,W,SLOW/STOP IN TRAFFIC,,,1,,,,,,,,,,,Y,Y,Y,Y,,,,SIDE-LEFT,,,,,,,,,,,,,,,,,,,,,,,,,,,,,,,,,
2129839,4dd0911409dae38f54730551554e317faeb43d93bc307deab5868235cc34738c5c8d708e393b82a77c4bca0168e04f30feb6716aa31de7b9af4759794b7e68c9,08/16/2025 02:28:00 PM,1,DRIVER,,2030349,,ACURA,TLX,IL,2006,UNKNOWN,PASSENGER,PERSONAL,N,STRAIGHT AHEAD,,,1,,,,,Y,Y,,,,,,,,Y,Y,Y,,FRONT,,,,,,,,,,,,,,,,,,,,,,,,,,,,,,,,,
2129840,4dd0911409dae38f54730551554e317faeb43d93bc307deab5868235cc34738c5c8d708e393b82a77c4bca0168e04f30feb6716aa31de7b9af4759794b7e68c9,08/16/2025 02:28:00 PM,2,DRIVER,,2030355,,LEXUS,IS250,IL,2010,UNKNOWN,PASSENGER,PERSONAL,N,STRAIGHT AHEAD,,,1,,,,,,,,Y,Y,Y,,,,,,,,REAR,,,,,,,,,,,,,,,,,,,,,,,,,,,,,,,,,
2129885,795c8832afcfef82b5d93a58d0d9b435d3e82a3177a9039c6c6140b9886fb7f401e0f208b11f836f21a0661b194bab6e599cd7fbbc54a917b3f734b90eeafd19,08/16/2025 02:27:00 PM,1,DRIVER,,2030378,,UNKNOWN,OTHER (EXPLAIN IN NARRATIVE),,,UNKNOWN,UNKNOWN/NA,UNKNOWN/NA,W,STRAIGHT AHEAD,,,1,,,,,,,,,,,,,,,,,Y,UNKNOWN,,,,,,,,,,,,,,,,,,,,,,,,,,,,,,,,,
2129886,795c8832afcfef82b5d93a58d0d9b435d3e82a3177a9039c6c6140b9886fb7f401e0f208b11f836f21a0661b194bab6e599cd7fbbc54a917b3f734b90eeafd19,08/16/2025 02:27:00 PM,2,DRIVER,,2030388,,CHEVROLET,MALIBU,,2017,UNKNOWN,PASSENGER,PERSONAL,W,STRAIGHT AHEAD,,,1,,,,,,,,,,Y,,,,,,,,REAR,,,,,,,,,,,,,,,,,,,,,,,,,,,,,,,,,
2129837,84d079e186f9161bee6676650bad9ff7c65ee341b946ef3ef2f0e27a510cbd7ad8ca75183d7cf38b4ee8d12490aca304d1a3b1ef58ad84df87370342234a907e,08/16/2025 02:27:00 PM,1,DRIVER,,2030353,,TOYOTA,COROLLA,IL,2024,UNKNOWN,PASSENGER,PERSONAL,E,CHANGING LANES,,,1,,,,,,,,,,,Y,Y,Y,Y,Y,,,SIDE-LEFT,,,,,,,,,,,,,,,,,,,,,,,,,,,,,,,,,
2129838,84d079e186f9161bee6676650bad9ff7c65ee341b946ef3ef2f0e27a510cbd7ad8ca75183d7cf38b4ee8d12490aca304d1a3b1ef58ad84df87370342234a907e,08/16/2025 02:27:00 PM,2,DRIVER,,2030373,,TOYOTA,CAMRY,IL,2019,NONE,PASSENGER,TAXI/FOR HIRE,E,STRAIGHT AHEAD,,,1,,,,,Y,Y,Y,Y,Y,,,,,,,,,SIDE-RIGHT,,,,,,,,,,,,,,,,,,,,,,,,,,,,,,,,,
2129889,fc0533a8cad0f6fe39dcef848793130eec67fcac877143e332894afc241b74e06f5c561b8ae075e668fe11bc9a76999187e4d62c092d210696027b86c93c2d1b,08/16/2025 02:27:00 PM,1,DRIVER,,2030398,,VESPA,OTHER (EXPLAIN IN NARRATIVE),IL,2021,UNKNOWN,MOTORCYCLE (OVER 150CC),PERSONAL,N,STRAIGHT AHEAD,,,1,,,,,Y,Y,Y,,,,,,,N,Y,Y,,FRONT-RIGHT-CORNER,,,,,,,,,,,,,,,,,,,,,,,,,,,,,,,,,
2129890,fc0533a8cad0f6fe39dcef848793130eec67fcac877143e332894afc241b74e06f5c561b8ae075e668fe11bc9a76999187e4d62c092d210696027b86c93c2d1b,08/16/2025 02:27:00 PM,2,DRIVER,1,2030412,,NISSAN,VERSA,IL,2024,UNKNOWN,PASSENGER,PERSONAL,S,TURNING LEFT,,,2,,,,,,,Y,Y,Y,,,,,,,,,SIDE-RIGHT-REAR,,,,,,,,,,,,,,,,,,,,,,,,,,,,,,,,,
2130459,cb0c06ad1dac9516537a059139ed7bfeae298b1febd6f8e2f5a5882b081888ed278360e19b6d4024473e22ed0f3c1bda85b571e0580f79bb2b67f5a93c3e1e2f,08/16/2025 02:25:00 PM,1,DRIVER,,2030935,,UNKNOWN,MOTORIZED,IL,,NONE,OTHER,UNKNOWN/NA,S,STRAIGHT AHEAD,,,1,,,,,,,,,,,,,,,,,Y,UNKNOWN,,,,,,,,,,,,,,,,,,,,,,,,,,,,,,,,,
2130460,cb0c06ad1dac9516537a059139ed7bfeae298b1febd6f8e2f5a5882b081888ed278360e19b6d4024473e22ed0f3c1bda85b571e0580f79bb2b67f5a93c3e1e2f,08/16/2025 02:25:00 PM,2,PARKED,,2030939,,VOLKSWAGEN,GOLF,IL,2015,NONE,PASSENGER,UNKNOWN/NA,S,PARKED,,,0,,,,,Y,,,,,,,,Y,Y,Y,Y,,FRONT-LEFT-CORNER,,,,,,,,,,,,,,,,,,,,,,,,,,,,,,,,,
2129873,25d5b83ae4819e9f7e7aae379a92d1dc045cbb6bc236836e16d1d311e5906a0b6fff1db56be864dd1a8876f398f4c4fced3d19beafdc136f14ec368ad7ad3216,08/16/2025 02:20:00 PM,1,DRIVER,,2030379,,KIA,SPORTAGE,XX,,UNKNOWN,PASSENGER,UNKNOWN/NA,NW,STRAIGHT AHEAD,,,1,,,,,,,,,,,,,,,,Y,,FRONT,,,,,,,,,,,,,,,,,,,,,,,,,,,,,,,,,
2129874,25d5b83ae4819e9f7e7aae379a92d1dc045cbb6bc236836e16d1d311e5906a0b6fff1db56be864dd1a8876f398f4c4fced3d19beafdc136f14ec368ad7ad3216,08/16/2025 02:20:00 PM,2,DRIVER,1,2030409,,SUBARU,IMPREZA,IL,2018,UNKNOWN,PASSENGER,PERSONAL,SE,TURNING LEFT,Y,,2,,AAA,UNKNOWN,,,,Y,Y,,,Y,Y,,,,,,SIDE-RIGHT-REAR,,,,,,,,,,,,,,,,,,,,,,,,,,,,,,,,,
2129785,12fc192287668e0a753747abd564cfc98086fa1689db6461b6e2dd20a5969a31f0c3bcd4c6be809573b747e3a517b544c4cbd9698d623e09a5490d020c27cec3,08/16/2025 02:17:00 PM,1,DRIVER,,2030313,,MAZDA,MAZDA6,IL,,UNKNOWN,PASSENGER,UNKNOWN/NA,S,STRAIGHT AHEAD,,,1,,,,,Y,,,,,,,,,,Y,Y,,FRONT,,,,,,,,,,,,,,,,,,,,,,,,,,,,,,,,,
2129786,12fc192287668e0a753747abd564cfc98086fa1689db6461b6e2dd20a5969a31f0c3bcd4c6be809573b747e3a517b544c4cbd9698d623e09a5490d020c27cec3,08/16/2025 02:17:00 PM,2,DRIVER,,2030307,,HYUNDAI,ELANTRA,,,UNKNOWN,PASSENGER,PERSONAL,S,STRAIGHT AHEAD,,,1,,,,,,,,,Y,Y,Y,,,,,,,REAR,,,,,,,,,,,,,,,,,,,,,,,,,,,,,,,,,
2129909,b3ae553bc503ad39db3605633551fe998fceeb8da7552671b378a80d480f870feadf41a7a3fff7433a911f07144ac40b92f155e29499042bd02b507138c3ee12,08/16/2025 02:17:00 PM,1,DRIVER,,2030426,,HONDA,CIVIC,,,UNKNOWN,PASSENGER,PERSONAL,S,STRAIGHT AHEAD,,,1,,,,,,,,,,,,,,,,,Y,FRONT-RIGHT-CORNER,,,,,,,,,,,,,,,,,,,,,,,,,,,,,,,,,
2129910,b3ae553bc503ad39db3605633551fe998fceeb8da7552671b378a80d480f870feadf41a7a3fff7433a911f07144ac40b92f155e29499042bd02b507138c3ee12,08/16/2025 02:17:00 PM,2,DRIVER,,2030430,,ACURA,ADX,IL,2001,UNKNOWN,PASSENGER,PERSONAL,N,STRAIGHT AHEAD,,,1,,,,,Y,Y,Y,,,,,,,,,,,FRONT-RIGHT-CORNER,,,,,,,,,,,,,,,,,,,,,,,,,,,,,,,,,
2129810,0545277837568a56cef417b2cd6ca74feacc488ac39a6c665772b4539313b292755bf4d1d759c9107648a2bd1493d939377e077a9cae02bb1face6d429b90bdf,08/16/2025 02:04:00 PM,1,DRIVER,1,2030328,,CHEVROLET,MALIBU,IL,2018,UNKNOWN,PASSENGER,UNKNOWN/NA,N,TURNING LEFT,,,2,,,,,Y,,,,,,,,,,,Y,,FRONT-RIGHT-CORNER,,,,,,,,,,,,,,,,,,,,,,,,,,,,,,,,,
2129811,0545277837568a56cef417b2cd6ca74feacc488ac39a6c665772b4539313b292755bf4d1d759c9107648a2bd1493d939377e077a9cae02bb1face6d429b90bdf,08/16/2025 02:04:00 PM,2,DRIVER,,2030338,,TOYOTA,CAMRY,IL,2007,UNKNOWN,PASSENGER,UNKNOWN/NA,W,STRAIGHT AHEAD,,,1,,,,,,,,,,,,,Y,Y,,,,SIDE-LEFT,,,,,,,,,,,,,,,,,,,,,,,,,,,,,,,,,
2129778,368ff2c3aca3addcca808dfe466653b112ef91b76a1adf4e4d00c18694d44e7b24eab5a4d7df834032e509bdbb0917cbf3ec5864ac47d61107fdeee4fcfc6b3c,08/16/2025 02:00:00 PM,1,DRIVER,1,2030286,,BMW,OTHER (EXPLAIN IN NARRATIVE),IL,2015,UNKNOWN,PASSENGER,PERSONAL,E,CHANGING LANES,,,2,,,,,,,,,,,,,,Y,Y,,,SIDE-LEFT-FRONT,,,,,,,,,,,,,,,,,,,,,,,,,,,,,,,,,
2129779,368ff2c3aca3addcca808dfe466653b112ef91b76a1adf4e4d00c18694d44e7b24eab5a4d7df834032e509bdbb0917cbf3ec5864ac47d61107fdeee4fcfc6b3c,08/16/2025 02:00:00 PM,2,DRIVER,,2030293,,TOYOTA,CAMRY,IL,2013,UNKNOWN,PASSENGER,UNKNOWN/NA,E,STRAIGHT AHEAD,,,1,,,,,,Y,Y,Y,,,,,,,,,,SIDE-RIGHT,,,,,,,,,,,,,,,,,,,,,,,,,,,,,,,,,
2129782,96447e80d8e913cc5d18addcc71e81aaceefc129c04e220ccd88e65cde6302fa48f14fd795c713922ad38b308ea0f751e5d5a38f065adc8d27937e3b6664a3d7,08/16/2025 02:00:00 PM,1,DRIVER,,2030288,,UNKNOWN,OTHER (EXPLAIN IN NARRATIVE),,,UNKNOWN,PASSENGER,UNKNOWN/NA,S,CHANGING LANES,,,1,,,,,Y,Y,Y,,,,,,,,,,,FRONT-RIGHT-CORNER,,,,,,,,,,,,,,,,,,,,,,,,,,,,,,,,,
2129783,96447e80d8e913cc5d18addcc71e81aaceefc129c04e220ccd88e65cde6302fa48f14fd795c713922ad38b308ea0f751e5d5a38f065adc8d27937e3b6664a3d7,08/16/2025 02:00:00 PM,2,DRIVER,1,2030292,,TOYOTA,CAMRY,IN,2012,NONE,PASSENGER,PERSONAL,S,STRAIGHT AHEAD,,,2,,,,,,,,,,,Y,Y,Y,,,,,SIDE-LEFT,,,,,,,,,,,,,,,,,,,,,,,,,,,,,,,,,
2129761,bed9613bfc8b84e12a69f7a54678b4e0837e9f3c6364348f7ee0444372805ec3a87b0899b5f419a930cf98db2adfa3e4f14a43f1c3571baa6d2e13ef2f30213a,08/16/2025 02:00:00 PM,1,BICYCLE,,,,,,,,,,,,,,,,,,,,,,,,,,,,,,,,,,,,,,,,,,,,,,,,,,,,,,,,,,,,,,,,,,
2129762,bed9613bfc8b84e12a69f7a54678b4e0837e9f3c6364348f7ee0444372805ec3a87b0899b5f419a930cf98db2adfa3e4f14a43f1c3571baa6d2e13ef2f30213a,08/16/2025 02:00:00 PM,2,DRIVER,,2030275,,DODGE,OTHER (EXPLAIN IN NARRATIVE),IL,2024,NONE,TRUCK - SINGLE UNIT,TOW TRUCK,E,SLOW/STOP IN TRAFFIC,,,1,,,,Y,,,,,,,,,,,,,,SIDE-RIGHT-REAR,,,,,,,,,,,,,,,,,,,,,,,,,,,,,,,,,
2129862,d6c112525bb417c46628e16145dbf37c81a5dc1704a954b968962f98a600b36c9c3ca3500f1e140e0c4c5048ba2abbfca27d28d329c7f365b73536dc30e8f65a,08/16/2025 02:00:00 PM,1,DRIVER,,2030380,N,GENERAL MOTORS CORPORATION (GMC),YUKON,IL,2013,STEERING,PASSENGER,PERSONAL,N,STRAIGHT AHEAD,Y,,1,,,,,Y,Y,,,,,,,,Y,Y,,,FRONT-RIGHT-CORNER,,,,,,,,,,,,,,,,,,,,,,,,,,,,,,,,,
2129863,d6c112525bb417c46628e16145dbf37c81a5dc1704a954b968962f98a600b36c9c3ca3500f1e140e0c4c5048ba2abbfca27d28d329c7f365b73536dc30e8f65a,08/16/2025 02:00:00 PM,2,PARKED,,2030393,,CHEVROLET,TRAVERSE,IL,2020,NONE,PASSENGER,PERSONAL,N,PARKED,,,0,,,,,,,,,,,Y,Y,,,,,,REAR-LEFT-CORNER,,,,,,,,,,,,,,,,,,,,,,,,,,,,,,,,,
2129864,d6c112525bb417c46628e16145dbf37c81a5dc1704a954b968962f98a600b36c9c3ca3500f1e140e0c4c5048ba2abbfca27d28d329c7f365b73536dc30e8f65a,08/16/2025 02:00:00 PM,3,DRIVER,,2030396,,UNKNOWN,MOTORIZED,,,UNKNOWN,UNKNOWN/NA,UNKNOWN/NA,UNKNOWN,UNKNOWN/NA,,,1,,,,,,,,,,,,,,,,,Y,UNKNOWN,,,,,,,,,,,,,,,,,,,,,,,,,,,,,,,,,
2129895,d7b7da1f0f414fd0f98951d870ef9c44176bb741f15452ff25d54a6e9ba9963d760aa149c1c4f5bef0930c3be1d5d680c46566cfd44f3e84843820b8580d8f29,08/16/2025 02:00:00 PM,1,DRIVER,,2030395,,HONDA,ACCORD,IL,2010,NONE,PASSENGER,PERSONAL,W,STRAIGHT AHEAD,,,1,,,,,Y,,,,,,,,,,N,Y,,FRONT,,,,,,,,,,,,,,,,,,,,,,,,,,,,,,,,,
2129896,d7b7da1f0f414fd0f98951d870ef9c44176bb741f15452ff25d54a6e9ba9963d760aa149c1c4f5bef0930c3be1d5d680c46566cfd44f3e84843820b8580d8f29,08/16/2025 02:00:00 PM,2,DRIVER,,2030401,,LINCOLN,MKX,IL,2011,NONE,PASSENGER,PERSONAL,W,SLOW/STOP IN TRAFFIC,,,1,,,,,,,,,,Y,Y,,,,,,,REAR,,,,,,,,,,,,,,,,,,,,,,,,,,,,,,,,,
2129939,fdb0bef5a3a9a6146c74b36969d56044e83933c82e346ceb71f297b1f0a40fb758b75f46a659188b9e3fcb9306a3b50ff0213100f0c2aad0b55c070a3baf9f96,08/16/2025 02:00:00 PM,1,DRIVER,,2030452,,NISSAN,FRONTIER,IL,2023,NONE,PICKUP,OTHER,N,STRAIGHT AHEAD,,,1,,,,,,,,,,,,,,,,Y,,FRONT-RIGHT-CORNER,,,,,,,,,,,,,,,,,,,,,,,,,,,,,,,,,
2129940,fdb0bef5a3a9a6146c74b36969d56044e83933c82e346ceb71f297b1f0a40fb758b75f46a659188b9e3fcb9306a3b50ff0213100f0c2aad0b55c070a3baf9f96,08/16/2025 02:00:00 PM,2,PARKED,,2030457,,TOYOTA,COROLLA,IL,2023,NONE,PASSENGER,NOT IN USE,N,PARKED,,,0,,,,,,,,,,Y,Y,,,,,,,REAR-LEFT-CORNER,,,,,,,,,,,,,,,,,,,,,,,,,,,,,,,,,
2129827,07059aab65d1c83625dbea2f86b29cbdf1bddb206e46cede3251a9fd7d7fb74d9b492d18e86ab97653c4c762429b6a204e35ac0e15ae955dd6d1d04e122c3109,08/16/2025 01:57:00 PM,1,DRIVER,,2030350,,UNKNOWN,OTHER (EXPLAIN IN NARRATIVE),,,UNKNOWN,SPORT UTILITY VEHICLE (SUV),UNKNOWN/NA,N,TURNING RIGHT,,,1,,,,,,,,,,,,,,,,,Y,UNKNOWN,,,,,,,,,,,,,,,,,,,,,,,,,,,,,,,,,
2129828,07059aab65d1c83625dbea2f86b29cbdf1bddb206e46cede3251a9fd7d7fb74d9b492d18e86ab97653c4c762429b6a204e35ac0e15ae955dd6d1d04e122c3109,08/16/2025 01:57:00 PM,2,DRIVER,,2030356,,NEW FLYER,OTHER (EXPLAIN IN NARRATIVE),IL,2006,UNKNOWN,BUS OVER 15 PASS.,CTA,W,TURNING LEFT,,,1,,,,,,,,,Y,,,,,,,,,REAR-RIGHT-CORNER,,,,,,,,,,,,,,,,,,,,,,,,,,,,,,,,,
2129798,775bb65ce7e1f0661bbc8617588e065b3ed4a3dcb2d07987f11b617bbc7b513fa755ad0308c7a46d06b04a15df648fba29e29e4d414bf71a4eb2c25c37027228,08/16/2025 01:55:00 PM,1,DRIVER,,2030309,,UNKNOWN,OTHER (EXPLAIN IN NARRATIVE),,,UNKNOWN,PASSENGER,UNKNOWN/NA,S,STRAIGHT AHEAD,,,1,,,,,Y,,,,,,,,,,Y,Y,,FRONT,,,,,,,,,,,,,,,,,,,,,,,,,,,,,,,,,
2129799,775bb65ce7e1f0661bbc8617588e065b3ed4a3dcb2d07987f11b617bbc7b513fa755ad0308c7a46d06b04a15df648fba29e29e4d414bf71a4eb2c25c37027228,08/16/2025 01:55:00 PM,2,DRIVER,,2030314,,KIA,NIRO,IL,2023,NONE,SPORT UTILITY VEHICLE (SUV),PERSONAL,S,TURNING LEFT,,,1,,,,,,,,,Y,Y,Y,,,,,,,REAR,,,,,,,,,,,,,,,,,,,,,,,,,,,,,,,,,
2129858,0db9523694480417bcbc1ac0f1a1352d123d9a9a06a390d6cfadfa4097a41c5e268e84e402b0cbc9caa2404d761b443940a2811e1c5fb6358f855d12adc31907,08/16/2025 01:45:00 PM,1,DRIVER,,2030362,,KIA,RIO / K2,IL,2013,NONE,PASSENGER,PERSONAL,W,BACKING,,,1,,,,,,,,,Y,N,N,,,,,,,REAR,,,,,,,,,,,,,,,,,,,,,,,,,,,,,,,,,
2129859,0db9523694480417bcbc1ac0f1a1352d123d9a9a06a390d6cfadfa4097a41c5e268e84e402b0cbc9caa2404d761b443940a2811e1c5fb6358f855d12adc31907,08/16/2025 01:45:00 PM,2,DRIVER,,2030366,,NISSAN,ROGUE,IL,2023,NONE,PASSENGER,PERSONAL,E,SLOW/STOP IN TRAFFIC,,,1,,,,,,,,,,,,,,,Y,,,FRONT-LEFT-CORNER,,,,,,,,,,,,,,,,,,,,,,,,,,,,,,,,,
2129791,44a58116a80a1a87b1bd618e53adb32be29a8a4a3ef551fbd1611550dbb6a98c5be4d41843ace9c3a86f703e0bc753f1a80218a89fdf6d6b2e9b151fcaeae91d,08/16/2025 01:45:00 PM,1,DRIVER,,2030303,,TOYOTA,CAMRY,IL,2002,NONE,PASSENGER,PERSONAL,N,OTHER,,,1,,,,,Y,Y,,,,,,,,Y,Y,Y,,FRONT,,,,,,,,,,,,,,,,,,,,,,,,,,,,,,,,,
2129843,db1f990ef6a23ad20a3dd4815960c261925b76777bc54b3c955090ee6edbde373fb7ddf9842d19e666fa8e04b8b6f79045142bb728c532ae1b63f8a71e65abed,08/16/2025 01:42:00 PM,1,DRIVER,,2030354,,KIA,SPORTAGE,IL,2013,UNKNOWN,SPORT UTILITY VEHICLE (SUV),UNKNOWN/NA,E,ENTERING TRAFFIC LANE FROM PARKING,,,1,,,,,,,,,,,,,,,Y,Y,,FRONT-LEFT-CORNER,,,,,,,,,,,,,,,,,,,,,,,,,,,,,,,,,
2129844,db1f990ef6a23ad20a3dd4815960c261925b76777bc54b3c955090ee6edbde373fb7ddf9842d19e666fa8e04b8b6f79045142bb728c532ae1b63f8a71e65abed,08/16/2025 01:42:00 PM,2,DRIVER,2,2030369,,MAZDA,CX-5,IL,2025,UNKNOWN,SPORT UTILITY VEHICLE (SUV),UNKNOWN/NA,E,STRAIGHT AHEAD,Y,,3,,OWNER,GIBERT COLLISION GLASS,,Y,Y,Y,Y,,,,,,,,,,SIDE-RIGHT,,,,,,,,,,,,,,,,,,,,,,,,,,,,,,,,,