CRASH_UNIT_ID,CRASH_RECORD_ID,CRASH_DATE,UNIT_NO,UNIT_TYPE,NUM_PASSENGERS,VEHICLE_ID,CMRC_VEH_I,MAKE,MODEL,LIC_PLATE_STATE,VEHICLE_YEAR,VEHICLE_DEFECT,VEHICLE_TYPE,VEHICLE_USE,TRAVEL_DIRECTION,MANEUVER,TOWED_I,FIRE_I,OCCUPANT_CNT,EXCEED_SPEED_LIMIT_I,TOWED_BY,TOWED_TO,AREA_00_I,AREA_01_I,AREA_02_I,AREA_03_I,AREA_04_I,AREA_05_I,AREA_06_I,AREA_07_I,AREA_08_I,AREA_09_I,AREA_10_I,AREA_11_I,AREA_12_I,AREA_99_I,FIRST_CONTACT_POINT,CMV_ID,USDOT_NO,CCMC_NO,ILCC_NO,COMMERCIAL_SRC,GVWR,CARRIER_NAME,CARRIER_STATE,CARRIER_CITY,HAZMAT_PLACARDS_I,HAZMAT_NAME,UN_NO,HAZMAT_PRESENT_I,HAZMAT_REPORT_I,HAZMAT_REPORT_NO,MCS_REPORT_I,MCS_REPORT_NO,HAZMAT_VIO_CAUSE_CRASH_I,MCS_VIO_CAUSE_CRASH_I,IDOT_PERMIT_NO,WIDE_LOAD_I,TRAILER1_WIDTH,TRAILER2_WIDTH,TRAILER1_LENGTH,TRAILER2_LENGTH,TOTAL_VEHICLE_LENGTH,AXLE_CNT,VEHICLE_CONFIG,CARGO_BODY_TYPE,LOAD_TYPE,HAZMAT_OUT_OF_SERVICE_I,MCS_OUT_OF_SERVICE_I,HAZMAT_CLASS
2129823,dd9796f1d7c247ed0dae01c0e5f55ba1d2b260da214025bbf9a0856f83aeef99d103c13789e5ed57d09c3872bd868934a5d2449fad2bb129a7bf2959ce14ca14,08/16/2025 01:40:00 PM,1,DRIVER,,2030334,,TOYOTA,CAMRY,IL,2010,UNKNOWN,PASSENGER,UNKNOWN/NA,N,TURNING LEFT,,,1,,,,,Y,Y,,,,,,,,,,,,FRONT-RIGHT-CORNER,,,,,,,,,,,,,,,,,,,,,,,,,,,,,,,,,
2129824,dd9796f1d7c247ed0dae01c0e5f55ba1d2b260da214025bbf9a0856f83aeef99d103c13789e5ed57d09c3872bd868934a5d2449fad2bb129a7bf2959ce14ca14,08/16/2025 01:40:00 PM,2,DRIVER,1,2030346,,HONDA,OTHER (EXPLAIN IN NARRATIVE),IL,2018,NONE,PASSENGER,PERSONAL,W,STRAIGHT AHEAD,,,2,,,,,,,,,,,Y,Y,Y,,,,,SIDE-LEFT,,,,,,,,,,,,,,,,,,,,,,,,,,,,,,,,,
2130031,e42ba625127134d7e370b667389284da505d8a50cee8b19bd5c87da5a5e96de5f9de6e651955e93c17a71f4bb4accb939a7382fef41f3080ff142c048b5c2860,08/16/2025 01:40:00 PM,1,DRIVER,,2030537,,UNKNOWN,OTHER (EXPLAIN IN NARRATIVE),IL,,NONE,OTHER,PERSONAL,UNKNOWN,STRAIGHT AHEAD,,,1,,,,,,,,,,,,,,,,,Y,FRONT,,,,,,,,,,,,,,,,,,,,,,,,,,,,,,,,,
2130032,e42ba625127134d7e370b667389284da505d8a50cee8b19bd5c87da5a5e96de5f9de6e651955e93c17a71f4bb4accb939a7382fef41f3080ff142c048b5c2860,08/16/2025 01:40:00 PM,2,DRIVER,,2030541,,KIA,OTHER (EXPLAIN IN NARRATIVE),IL,2025,NONE,OTHER,PERSONAL,E,STRAIGHT AHEAD,,,1,,,,,Y,,,,,,,,,,,,,FRONT-RIGHT-CORNER,,,,,,,,,,,,,,,,,,,,,,,,,,,,,,,,,
2129789,fd0f3c8b812f0b84bcdccbd8aa618ba83b467c41cfdc541535183e950d3adf087174d4f47ce9c447c9b2a8fad46e578ee6b160bc7a3b5532d55fa0fc364d23f1,08/16/2025 01:40:00 PM,1,DRIVER,,2030301,,KIA,OPTIMA / K5,IL,2013,NONE,PASSENGER,PERSONAL,N,STRAIGHT AHEAD,,,1,,,,,Y,,,,,,,,,,Y,Y,,FRONT,,,,,,,,,,,,,,,,,,,,,,,,,,,,,,,,,
2129790,fd0f3c8b812f0b84bcdccbd8aa618ba83b467c41cfdc541535183e950d3adf087174d4f47ce9c447c9b2a8fad46e578ee6b160bc7a3b5532d55fa0fc364d23f1,08/16/2025 01:40:00 PM,2,DRIVER,3,2030305,,TOYOTA,TACOMA,IL,2020,NONE,PICKUP,PERSONAL,N,STRAIGHT AHEAD,,,4,,,,,,,,,Y,Y,Y,,,,,,,REAR,,,,,,,,,,,,,,,,,,,,,,,,,,,,,,,,,
2129794,c3245df08f6b9a7724ea2ca5fa739bc685cf7297474de3c66dc2f06eafdb5084dcf6d58b34935dfa65ede34d03ebfd782b85a2a8c65a6a52e82583ae4e65838d,08/16/2025 01:39:00 PM,1,DRIVER,,2030316,,TOYOTA,RAV4,WI,2015,UNKNOWN,SPORT UTILITY VEHICLE (SUV),UNKNOWN/NA,NW,PASSING/OVERTAKING,,,1,,,,,,,,,,,,,,,Y,,,FRONT-LEFT-CORNER,,,,,,,,,,,,,,,,,,,,,,,,,,,,,,,,,
2129795,c3245df08f6b9a7724ea2ca5fa739bc685cf7297474de3c66dc2f06eafdb5084dcf6d58b34935dfa65ede34d03ebfd782b85a2a8c65a6a52e82583ae4e65838d,08/16/2025 01:39:00 PM,2,DRIVER,,2030327,,KIA,FORTE,IL,2014,NONE,PASSENGER,PERSONAL,NW,TURNING LEFT,,,1,,,,,Y,Y,Y,Y,Y,,,,,,,,,SIDE-RIGHT,,,,,,,,,,,,,,,,,,,,,,,,,,,,,,,,,
2131407,445200e0c619c6317eb7171be02f0c0a837f0230c32dc6f66a399f71745afe19265d9bbb7cd1ce780a4d1ad3bc671a3cc823a16f00dc31e55e794ba2ff92ef24,08/16/2025 01:35:00 PM,1,DRIVER,,2031815,,HONDA,CIVIC,IL,2323,UNKNOWN,PASSENGER,PERSONAL,E,TURNING RIGHT,,,1,,,,,,,,,Y,,,,,,,,,REAR-RIGHT-CORNER,,,,,,,,,,,,,,,,,,,,,,,,,,,,,,,,,
2131408,445200e0c619c6317eb7171be02f0c0a837f0230c32dc6f66a399f71745afe19265d9bbb7cd1ce780a4d1ad3bc671a3cc823a16f00dc31e55e794ba2ff92ef24,08/16/2025 01:35:00 PM,2,DRIVER,,2031816,,TOYOTA,COROLLA,IL,2021,UNKNOWN,PASSENGER,PERSONAL,E,STRAIGHT AHEAD,,,1,,,,,,,,,,,,,,,Y,,,FRONT-LEFT-CORNER,,,,,,,,,,,,,,,,,,,,,,,,,,,,,,,,,
2129806,6271fc3c4b23249832d5cad459213c6d4897f043174e3e0737084a2483f1065dfbbe88d6da40344dfe9a624e1eeb5146583235bf11621bd78b031fa49a04fa6f,08/16/2025 01:35:00 PM,1,DRIVER,,2030318,,UNKNOWN,OTHER (EXPLAIN IN NARRATIVE),,,UNKNOWN,PASSENGER,UNKNOWN/NA,N,OTHER,,,1,,,,,,,,,,,,,,,,,Y,SIDE-LEFT,,,,,,,,,,,,,,,,,,,,,,,,,,,,,,,,,
2129807,6271fc3c4b23249832d5cad459213c6d4897f043174e3e0737084a2483f1065dfbbe88d6da40344dfe9a624e1eeb5146583235bf11621bd78b031fa49a04fa6f,08/16/2025 01:35:00 PM,2,DRIVER,,2030336,,TOYOTA,VENZA,IL,2023,NONE,SPORT UTILITY VEHICLE (SUV),PERSONAL,SE,STRAIGHT AHEAD,,,1,,,,,,,,,,,,,,,,Y,,FRONT-LEFT-CORNER,,,,,,,,,,,,,,,,,,,,,,,,,,,,,,,,,
2133793,111626b94b710bf840d11a45a57effa19a01e1cc830e36fb30a07eab8f0ee5bc672e0712b522276af5a6a19b2d2b439ad0ce966c11dd57154e2ae2db73fddfe5,08/16/2025 01:30:00 PM,1,DRIVER,,2034082,,SUBARU,FORESTER,IL,2006,NONE,PASSENGER,PERSONAL,E,STRAIGHT AHEAD,,,1,,,,,Y,Y,Y,,,,,,,,,,,FRONT-RIGHT-CORNER,,,,,,,,,,,,,,,,,,,,,,,,,,,,,,,,,
2133794,111626b94b710bf840d11a45a57effa19a01e1cc830e36fb30a07eab8f0ee5bc672e0712b522276af5a6a19b2d2b439ad0ce966c11dd57154e2ae2db73fddfe5,08/16/2025 01:30:00 PM,2,DRIVER,,2034089,,CHRYSLER,300,IL,2011,NONE,PASSENGER,PERSONAL,E,STRAIGHT AHEAD,,,1,,,,,,,,,,,,Y,Y,Y,,,,SIDE-LEFT,,,,,,,,,,,,,,,,,,,,,,,,,,,,,,,,,
2129875,9758d404d9236da3336ab9880f5edd980e020af477168343ed64003680eafb7f1809eb8ae479f0a13af00b4f211a40dca78021adb041da7958469a60396fe048,08/16/2025 01:30:00 PM,1,DRIVER,,2030377,,UNKNOWN,OTHER (EXPLAIN IN NARRATIVE),,,UNKNOWN,UNKNOWN/NA,UNKNOWN/NA,UNKNOWN,UNKNOWN/NA,,,1,,,,,,,,,,,,,,,,,Y,UNKNOWN,,,,,,,,,,,,,,,,,,,,,,,,,,,,,,,,,
2129876,9758d404d9236da3336ab9880f5edd980e020af477168343ed64003680eafb7f1809eb8ae479f0a13af00b4f211a40dca78021adb041da7958469a60396fe048,08/16/2025 01:30:00 PM,2,PARKED,,2030382,,HONDA,CIVIC,IL,2017,UNKNOWN,PASSENGER,PERSONAL,S,PARKED,,,0,,,,,,,,,,,,,,Y,Y,,,FRONT-LEFT-CORNER,,,,,,,,,,,,,,,,,,,,,,,,,,,,,,,,,
2129808,75b82815c149fae2e68a74109d45560621415658a6a81a5fcc8a9815f8db58dd5cdfadccd79a988476060a0b8084487c587da3765a2c792b0955ad336fbebc14,08/16/2025 01:24:00 PM,1,DRIVER,,2030322,,HYUNDAI,SANTA FE,IL,2022,NONE,PASSENGER,PERSONAL,E,TURNING LEFT,,,1,,,,,,,,,,,,,,,,Y,,FRONT,,,,,,,,,,,,,,,,,,,,,,,,,,,,,,,,,
2129809,75b82815c149fae2e68a74109d45560621415658a6a81a5fcc8a9815f8db58dd5cdfadccd79a988476060a0b8084487c587da3765a2c792b0955ad336fbebc14,08/16/2025 01:24:00 PM,2,DRIVER,,2030329,,HONDA,CR-V,IL,1998,NONE,PASSENGER,PERSONAL,W,STRAIGHT AHEAD,,,1,,,,,,,,,,,Y,Y,Y,,,,,SIDE-LEFT-REAR,,,,,,,,,,,,,,,,,,,,,,,,,,,,,,,,,
2130309,cc7a23b9d5fad74409d5933d957ac9adc70b7708f8fb7790f5260235e2ff92e67ebe5394d3f75895b03b92515a52edbf86cc0058c0f190ac308f673241291da9,08/16/2025 01:20:00 PM,1,DRIVER,,2030803,,UNKNOWN,OPEN BODY,,,UNKNOWN,PASSENGER,PERSONAL,SE,STRAIGHT AHEAD,,,1,,,,,,,,,,,,,,,,,Y,FRONT,,,,,,,,,,,,,,,,,,,,,,,,,,,,,,,,,
2130315,cc7a23b9d5fad74409d5933d957ac9adc70b7708f8fb7790f5260235e2ff92e67ebe5394d3f75895b03b92515a52edbf86cc0058c0f190ac308f673241291da9,08/16/2025 01:20:00 PM,2,PEDESTRIAN,,,,,,,,,,,,,,,,,,,,,,,,,,,,,,,,,,,,,,,,,,,,,,,,,,,,,,,,,,,,,,,,,,
2131405,d65be62f5335cd5727ed84eac098e279d243c81192826d7ba45bf2d649a9ece1454ef076a3ea86c22e8189390129167d27a80c30a8dea0d1dc99aa9a61704507,08/16/2025 01:20:00 PM,1,DRIVER,,2031820,,JEEP,JEEP,IL,2011,UNKNOWN,SPORT UTILITY VEHICLE (SUV),PERSONAL,UNKNOWN,UNKNOWN/NA,,,1,,,,,,,,,,,,,,,,,Y,UNKNOWN,,,,,,,,,,,,,,,,,,,,,,,,,,,,,,,,,
2131406,d65be62f5335cd5727ed84eac098e279d243c81192826d7ba45bf2d649a9ece1454ef076a3ea86c22e8189390129167d27a80c30a8dea0d1dc99aa9a61704507,08/16/2025 01:20:00 PM,2,PARKED,1,2031825,,HONDA,CR-V,IL,2017,NONE,PASSENGER,PERSONAL,UNKNOWN,PARKED,,,1,,,,,,,,,,,,,,,,,Y,UNKNOWN,,,,,,,,,,,,,,,,,,,,,,,,,,,,,,,,,
2129737,140b6007d03305dfa9ed5f43ba72461ce7f108aca97c2ffdca6b095ff568af2114db89b249c80bfa7a36ace6fb38e31b25ffeab811c4f411d7d85bc38245f809,08/16/2025 01:11:00 PM,1,DRIVER,,2030259,,UNKNOWN,MOTORIZED,IL,,UNKNOWN,UNKNOWN/NA,UNKNOWN/NA,W,BACKING,,,1,,,,,,,,,,,,,,,,,Y,REAR,,,,,,,,,,,,,,,,,,,,,,,,,,,,,,,,,
2129738,140b6007d03305dfa9ed5f43ba72461ce7f108aca97c2ffdca6b095ff568af2114db89b249c80bfa7a36ace6fb38e31b25ffeab811c4f411d7d85bc38245f809,08/16/2025 01:11:00 PM,2,PARKED,3,2030254,,FORD,TRANSIT,IL,2020,UNKNOWN,BUS UP TO 15 PASS.,OTHER,E,PARKED,,,3,,,,Y,,,,,,,,,,,,,,FRONT,,,,,,,,,,,,,,,,,,,,,,,,,,,,,,,,,
2129819,52ccebddd5e08e09a566407324fcb560b4d47ff603e6443399f871af4d9242a7f66eebc74e210fb2e7cba9a272a23fcbaf5acfc0e3bb9d65e0af9900a167bdae,08/16/2025 01:10:00 PM,1,DRIVER,,2030343,,UNKNOWN,OTHER (EXPLAIN IN NARRATIVE),,,UNKNOWN,UNKNOWN/NA,UNKNOWN/NA,N,UNKNOWN/NA,,,1,,,,,,,,,,,,,,,,,Y,UNKNOWN,,,,,,,,,,,,,,,,,,,,,,,,,,,,,,,,,
2129820,52ccebddd5e08e09a566407324fcb560b4d47ff603e6443399f871af4d9242a7f66eebc74e210fb2e7cba9a272a23fcbaf5acfc0e3bb9d65e0af9900a167bdae,08/16/2025 01:10:00 PM,2,DRIVER,,2030357,,TOYOTA,SIENNA,IL,2022,UNKNOWN,PASSENGER,TAXI/FOR HIRE,N,UNKNOWN/NA,,,1,,,,,,,,,Y,,,,,,,,,UNKNOWN,,,,,,,,,,,,,,,,,,,,,,,,,,,,,,,,,
2129744,90f9dbf9f7cdd73ff1feed78d1fed5db4c256bb2c057ee99248745d63a2559bf7a8461092bf98ad60b35703b47ab31e93fc5ae7cbe7c2ef612d3b44e4f3a8989,08/16/2025 01:10:00 PM,1,DRIVER,,2030261,,NISSAN,ALTIMA,,,UNKNOWN,PASSENGER,UNKNOWN/NA,UNKNOWN,ENTER FROM DRIVE/ALLEY,,,1,,,,,,,,,,,,,,,,Y,,FRONT,,,,,,,,,,,,,,,,,,,,,,,,,,,,,,,,,
2129745,90f9dbf9f7cdd73ff1feed78d1fed5db4c256bb2c057ee99248745d63a2559bf7a8461092bf98ad60b35703b47ab31e93fc5ae7cbe7c2ef612d3b44e4f3a8989,08/16/2025 01:10:00 PM,2,DRIVER,,2030266,,TOYOTA,CAMRY,IL,2022,UNKNOWN,PASSENGER,PERSONAL,N,STRAIGHT AHEAD,,,1,,,,,,,,,,,,,Y,Y,,,,SIDE-LEFT,,,,,,,,,,,,,,,,,,,,,,,,,,,,,,,,,
2129726,d9ba6a6c3ed3d487a67c837453229d036a8426fbffad4a8a80a54268684c34d5416d7bb80df213d34d8c9a22d73f915f6ccf956e7abff6047b2801c64aaa5674,08/16/2025 01:08:00 PM,2,DRIVER,,2030256,,CHEVROLET,MALIBU,IL,2007,NONE,PASSENGER,PERSONAL,N,TURNING LEFT,,,1,,,,,,,,,,,,,,,,Y,,FRONT,,,,,,,,,,,,,,,,,,,,,,,,,,,,,,,,,
2129727,d9ba6a6c3ed3d487a67c837453229d036a8426fbffad4a8a80a54268684c34d5416d7bb80df213d34d8c9a22d73f915f6ccf956e7abff6047b2801c64aaa5674,08/16/2025 01:08:00 PM,1,BICYCLE,,,,,,,,,,,,,,,,,,,,,,,,,,,,,,,,,,,,,,,,,,,,,,,,,,,,,,,,,,,,,,,,,,
2129768,dffdf7a996c74622700d1f467d44bf7aa3a83ba356cc9e1790d6d66f73f6e5ae11d54740964c1e5adae9c76e4c1f312b1fe044af6980460906d5f629c1ae758e,08/16/2025 01:00:00 PM,1,DRIVER,1,2030290,,HYUNDAI,TUCSON,IL,2024,NONE,SPORT UTILITY VEHICLE (SUV),PERSONAL,E,STRAIGHT AHEAD,,,2,,,,,,,,,,,,,,,Y,,,FRONT-LEFT-CORNER,,,,,,,,,,,,,,,,,,,,,,,,,,,,,,,,,
2129769,dffdf7a996c74622700d1f467d44bf7aa3a83ba356cc9e1790d6d66f73f6e5ae11d54740964c1e5adae9c76e4c1f312b1fe044af6980460906d5f629c1ae758e,08/16/2025 01:00:00 PM,2,DRIVER,,2030298,,HONDA,CIVIC,IL,2025,NONE,PASSENGER,PERSONAL,E,STRAIGHT AHEAD,,,1,,,,,,Y,Y,Y,,,,,,,,,,SIDE-RIGHT,,,,,,,,,,,,,,,,,,,,,,,,,,,,,,,,,
2131870,ecfa8e2f6b0cf886b8f69f04af8475bea5cb3d446e8c54cf67502f259603944a6e131adcee2ebccb74bd829955d5e766651bce50f8e1bd1973555f82f4ed6c5e,08/16/2025 01:00:00 PM,1,DRIVER,,2032270,,UNKNOWN,OTHER (EXPLAIN IN NARRATIVE),IL,,UNKNOWN,PASSENGER,PERSONAL,UNKNOWN,STRAIGHT AHEAD,,,1,,,,,,,,,,,,,,,,,Y,UNKNOWN,,,,,,,,,,,,,,,,,,,,,,,,,,,,,,,,,
2131871,ecfa8e2f6b0cf886b8f69f04af8475bea5cb3d446e8c54cf67502f259603944a6e131adcee2ebccb74bd829955d5e766651bce50f8e1bd1973555f82f4ed6c5e,08/16/2025 01:00:00 PM,2,BICYCLE,,,,,,,,,,,,,,,,,,,,,,,,,,,,,,,,,,,,,,,,,,,,,,,,,,,,,,,,,,,,,,,,,,
2129706,1025cf5a20b10dd05751d2562efca1feaff2aa7b7ad4675a342053c70c92f62d704e1238411ab0f4b26b8b715992f95636123f27b0252454239ffbf9891af5a6,08/16/2025 12:50:00 PM,1,DRIVER,,2030237,,NISSAN,OTHER (EXPLAIN IN NARRATIVE),IL,2018,NONE,PASSENGER,PERSONAL,S,STRAIGHT AHEAD,,,1,,,,,,,,,,,,,,,,Y,,FRONT,,,,,,,,,,,,,,,,,,,,,,,,,,,,,,,,,
2129707,1025cf5a20b10dd05751d2562efca1feaff2aa7b7ad4675a342053c70c92f62d704e1238411ab0f4b26b8b715992f95636123f27b0252454239ffbf9891af5a6,08/16/2025 12:50:00 PM,2,DRIVER,1,2030230,,JEEP,COMPASS,IL,2022,NONE,SPORT UTILITY VEHICLE (SUV),PERSONAL,S,SLOW/STOP IN TRAFFIC,,,2,,,,,,,,,,Y,,,,,,,,REAR,,,,,,,,,,,,,,,,,,,,,,,,,,,,,,,,,
2131005,2c09c74bf2bf48b2d3ca1b25cab341f5a10ea07c8077c0ce30398e5faf6408dc87c79a9c4249c27b6f39f85c6094bc3af0c76cc2c34ff5942c5e651bb336dd57,08/16/2025 12:50:00 PM,1,DRIVER,1,2031434,,CHEVROLET,CRUZE,IL,2014,UNKNOWN,PASSENGER,PERSONAL,E,STRAIGHT AHEAD,Y,,2,,private tow,unknown,,,,,,Y,Y,Y,Y,,,,,,SIDE-LEFT-REAR,,,,,,,,,,,,,,,,,,,,,,,,,,,,,,,,,
2131006,2c09c74bf2bf48b2d3ca1b25cab341f5a10ea07c8077c0ce30398e5faf6408dc87c79a9c4249c27b6f39f85c6094bc3af0c76cc2c34ff5942c5e651bb336dd57,08/16/2025 12:50:00 PM,2,DRIVER,3,2031435,,CHRYSLER,PACIFICA,FL,2025,OTHER,PASSENGER,PERSONAL,S,STRAIGHT AHEAD,,,4,,,,,Y,,,,N,N,N,,,,Y,Y,,FRONT,,,,,,,,,,,,,,,,,,,,,,,,,,,,,,,,,
2129765,afba49f9dcefee3477c62c1395b4dce9886dcd57084753e364333f6606e45d6f926f47c89d878fc1ac4882ba9a92ee04cf7c39531d2c60460e832c531ed0074b,08/16/2025 12:50:00 PM,1,DRIVER,,2030274,,CHRYSLER,OTHER (EXPLAIN IN NARRATIVE),CA,2021,UNKNOWN,UNKNOWN/NA,UNKNOWN/NA,S,STRAIGHT AHEAD,,,1,,,,,,,,,,,,,,,Y,,,FRONT-LEFT-CORNER,,,,,,,,,,,,,,,,,,,,,,,,,,,,,,,,,
2129766,afba49f9dcefee3477c62c1395b4dce9886dcd57084753e364333f6606e45d6f926f47c89d878fc1ac4882ba9a92ee04cf7c39531d2c60460e832c531ed0074b,08/16/2025 12:50:00 PM,2,DRIVER,,2030281,,CHRYSLER,OTHER (EXPLAIN IN NARRATIVE),IL,2019,UNKNOWN,UNKNOWN/NA,UNKNOWN/NA,S,UNKNOWN/NA,,,1,,,,,,,,,,,,,,,,,Y,REAR,,,,,,,,,,,,,,,,,,,,,,,,,,,,,,,,,
2129787,ccb8b8d9ea32698060bc5c4862ee6d90c45ca252b21256b8486ee3288bf83e95df2b62f9d395c1d89d6673aac1304223cf818a9c01dbb1a582434300b1c8aac5,08/16/2025 12:50:00 PM,1,DRIVER,,2030300,,JEEP,WRANGLER,IL,2018,UNKNOWN,UNKNOWN/NA,UNKNOWN/NA,E,TURNING LEFT,,,1,,,,,,,,,,,Y,Y,,,,,,REAR-LEFT-CORNER,,,,,,,,,,,,,,,,,,,,,,,,,,,,,,,,,
2129788,ccb8b8d9ea32698060bc5c4862ee6d90c45ca252b21256b8486ee3288bf83e95df2b62f9d395c1d89d6673aac1304223cf818a9c01dbb1a582434300b1c8aac5,08/16/2025 12:50:00 PM,2,DRIVER,,2030304,,NISSAN,ROGUE,IL,2017,NONE,SPORT UTILITY VEHICLE (SUV),UNKNOWN/NA,S,TURNING RIGHT,,,1,,,,,Y,,,,,,,,,,Y,Y,,FRONT,,,,,,,,,,,,,,,,,,,,,,,,,,,,,,,,,
2129746,3f063d615771e76fa143d41d7ea234725db73f444fa8d395d24567bb3b45582c83a66297a131bda0423e94928dfa7606d1f9299035d8dac565dbc05795b71587,08/16/2025 12:46:00 PM,1,PARKED,2,2030262,,MAZDA,MAZDA3,IL,2011,UNKNOWN,PASSENGER,UNKNOWN/NA,N,PARKED,,,2,,,,,,,,,,,,,Y,,,,,OTHER,,,,,,,,,,,,,,,,,,,,,,,,,,,,,,,,,
2129747,3f063d615771e76fa143d41d7ea234725db73f444fa8d395d24567bb3b45582c83a66297a131bda0423e94928dfa7606d1f9299035d8dac565dbc05795b71587,08/16/2025 12:46:00 PM,2,DRIVER,,2030273,,HYUNDAI,SANTA FE,IL,2010,UNKNOWN,PASSENGER,UNKNOWN/NA,N,STRAIGHT AHEAD,,,1,,,,,Y,,,,,,,,,,,N,,FRONT-RIGHT-CORNER,,,,,,,,,,,,,,,,,,,,,,,,,,,,,,,,,
2130360,37be9d40e0f60f2a084b4aa7c6ddc0a2b131519513b3347cc187d96191f464ca9022af478e8ff003e7b0d7d86d1c81934ecee255e59d3d31397a0eb802db9f05,08/16/2025 12:45:00 PM,1,DRIVER,1,2030846,,NISSAN,PATHFINDER,IL,2017,NONE,PASSENGER,PERSONAL,W,STRAIGHT AHEAD,,,2,,,,,Y,,,,,,,,,,Y,Y,,FRONT,,,,,,,,,,,,,,,,,,,,,,,,,,,,,,,,,
2130361,37be9d40e0f60f2a084b4aa7c6ddc0a2b131519513b3347cc187d96191f464ca9022af478e8ff003e7b0d7d86d1c81934ecee255e59d3d31397a0eb802db9f05,08/16/2025 12:45:00 PM,2,DRIVER,,2030851,,UNKNOWN,OTHER (EXPLAIN IN NARRATIVE),XX,,UNKNOWN,PASSENGER,PERSONAL,W,STRAIGHT AHEAD,,,1,,,,,,,,,,,,,,,,,Y,REAR-RIGHT-CORNER,,,,,,,,,,,,,,,,,,,,,,,,,,,,,,,,,
2130379,37be9d40e0f60f2a084b4aa7c6ddc0a2b131519513b3347cc187d96191f464ca9022af478e8ff003e7b0d7d86d1c81934ecee255e59d3d31397a0eb802db9f05,08/16/2025 12:45:00 PM,3,DRIVER,,2030861,,UNKNOWN,OTHER (EXPLAIN IN NARRATIVE),,,UNKNOWN,PASSENGER,PERSONAL,W,STRAIGHT AHEAD,,,1,,,,,,,,,,,,,,,,,,REAR,,,,,,,,,,,,,,,,,,,,,,,,,,,,,,,,,
2129887,b934be9f389980a3363a26996756e3a3839da12084c25244255078d109e5a82c37fbc1eabb5c029798a134db933001f63515183ae02e2fb77e67f7dd8c6e0c19,08/16/2025 12:45:00 PM,1,DRIVER,,2030419,,NISSAN,ALTIMA,IL,2012,UNKNOWN,PASSENGER,UNKNOWN/NA,E,CHANGING LANES,,,1,,,,,,,,,,,,,,Y,Y,,,FRONT-LEFT-CORNER,,,,,,,,,,,,,,,,,,,,,,,,,,,,,,,,,
2129888,b934be9f389980a3363a26996756e3a3839da12084c25244255078d109e5a82c37fbc1eabb5c029798a134db933001f63515183ae02e2fb77e67f7dd8c6e0c19,08/16/2025 12:45:00 PM,2,DRIVER,,2030427,,VOLKSWAGEN,ATLAS,IL,2024,UNKNOWN,SPORT UTILITY VEHICLE (SUV),UNKNOWN/NA,E,STRAIGHT AHEAD,,,1,,,,,Y,,,,,,,,,,,Y,,FRONT-RIGHT-CORNER,,,,,,,,,,,,,,,,,,,,,,,,,,,,,,,,,
2129724,606a1b47f68e9bdd61e99fd3a8dff014d2fccba74b8cd1f6d131001f6fe7bc992b9c09ccbedfcd2cd4a9c92e131dcff7b8da40d0745c5273a5e8eaa1283e71bc,08/16/2025 12:42:00 PM,1,DRIVER,,2030249,,CHEVROLET,TRAX,MI,2019,UNKNOWN,PASSENGER,UNKNOWN/NA,N,STRAIGHT AHEAD,,,1,,,,,,Y,Y,,,,,,,,,,,SIDE-RIGHT,,,,,,,,,,,,,,,,,,,,,,,,,,,,,,,,,
2129725,606a1b47f68e9bdd61e99fd3a8dff014d2fccba74b8cd1f6d131001f6fe7bc992b9c09ccbedfcd2cd4a9c92e131dcff7b8da40d0745c5273a5e8eaa1283e71bc,08/16/2025 12:42:00 PM,2,PARKED,1,2030257,,FORD,F250,IL,2025,NONE,PICKUP,CONSTRUCTION/MAINTENANCE,N,PARKED,,,1,,,,,,,,,,,,,,Y,,,,SIDE-LEFT,,,,,,,,,,,,,,,,,,,,,,,,,,,,,,,,,
2131226,154f44e7285beaafebd05f2acea35763d800a96a00ecb137031990f1334f7804952892a43adcdc543ac88aa9ab8a57d18805c8797c04f7a6c45dac4f682c2c0c,08/16/2025 12:41:00 PM,1,DRIVER,,2031651,,VOLKSWAGEN,PASSAT,IL,2014,NONE,PASSENGER,PERSONAL,W,STRAIGHT AHEAD,,,1,,,,,Y,,,,,,,,,,Y,Y,,FRONT,,,,,,,,,,,,,,,,,,,,,,,,,,,,,,,,,
2131227,154f44e7285beaafebd05f2acea35763d800a96a00ecb137031990f1334f7804952892a43adcdc543ac88aa9ab8a57d18805c8797c04f7a6c45dac4f682c2c0c,08/16/2025 12:41:00 PM,2,PARKED,,2031666,,BMW,OTHER (EXPLAIN IN NARRATIVE),IL,2014,UNKNOWN,SPORT UTILITY VEHICLE (SUV),NOT IN USE,W,PARKED,,,0,,,,,,,,,Y,Y,Y,,,,,,,REAR,,,,,,,,,,,,,,,,,,,,,,,,,,,,,,,,,
2129816,20bfaeb02f55b55bbbf60834bdcce8a3c227392c20447e1dbf7b56f3467b342ff4d36b631aee01f60f2051be31cc2295124aa1d36a2ba86fa94ff970b57d3942,08/16/2025 12:41:00 PM,1,DRIVER,,2030337,,HONDA,ODYSSEY,IL,2019,NONE,VAN/MINI-VAN,PERSONAL,W,STRAIGHT AHEAD,,,1,,,,,,,,,,,,,,,Y,,,FRONT-LEFT-CORNER,,,,,,,,,,,,,,,,,,,,,,,,,,,,,,,,,