CRASH_UNIT_ID,CRASH_RECORD_ID,CRASH_DATE,UNIT_NO,UNIT_TYPE,NUM_PASSENGERS,VEHICLE_ID,CMRC_VEH_I,MAKE,MODEL,LIC_PLATE_STATE,VEHICLE_YEAR,VEHICLE_DEFECT,VEHICLE_TYPE,VEHICLE_USE,TRAVEL_DIRECTION,MANEUVER,TOWED_I,FIRE_I,OCCUPANT_CNT,EXCEED_SPEED_LIMIT_I,TOWED_BY,TOWED_TO,AREA_00_I,AREA_01_I,AREA_02_I,AREA_03_I,AREA_04_I,AREA_05_I,AREA_06_I,AREA_07_I,AREA_08_I,AREA_09_I,AREA_10_I,AREA_11_I,AREA_12_I,AREA_99_I,FIRST_CONTACT_POINT,CMV_ID,USDOT_NO,CCMC_NO,ILCC_NO,COMMERCIAL_SRC,GVWR,CARRIER_NAME,CARRIER_STATE,CARRIER_CITY,HAZMAT_PLACARDS_I,HAZMAT_NAME,UN_NO,HAZMAT_PRESENT_I,HAZMAT_REPORT_I,HAZMAT_REPORT_NO,MCS_REPORT_I,MCS_REPORT_NO,HAZMAT_VIO_CAUSE_CRASH_I,MCS_VIO_CAUSE_CRASH_I,IDOT_PERMIT_NO,WIDE_LOAD_I,TRAILER1_WIDTH,TRAILER2_WIDTH,TRAILER1_LENGTH,TRAILER2_LENGTH,TOTAL_VEHICLE_LENGTH,AXLE_CNT,VEHICLE_CONFIG,CARGO_BODY_TYPE,LOAD_TYPE,HAZMAT_OUT_OF_SERVICE_I,MCS_OUT_OF_SERVICE_I,HAZMAT_CLASS
2129712,2ef44e38428923b1de19e6bdf202073c63105af70ebf5dc1351149bb89463c9f698186f2bdf7ac11f10bf3201c45fdb2be7a2b5a28eab0b3088d2b0e8ed7d47f,08/16/2025 12:40:00 PM,1,DRIVER,,2030231,,TOYOTA,RAV4,IL,2015,NONE,PASSENGER,PERSONAL,N,BACKING,,,1,,,,,,,,,,,Y,,,,,,,REAR-LEFT-CORNER,,,,,,,,,,,,,,,,,,,,,,,,,,,,,,,,,
2129713,2ef44e38428923b1de19e6bdf202073c63105af70ebf5dc1351149bb89463c9f698186f2bdf7ac11f10bf3201c45fdb2be7a2b5a28eab0b3088d2b0e8ed7d47f,08/16/2025 12:40:00 PM,2,PARKED,,2030235,,CADILLAC,SRX,WI,2016,NONE,PASSENGER,PERSONAL,UNKNOWN,PARKED,,,0,,,,,,,,,,,Y,,,,,,,REAR-LEFT-CORNER,,,,,,,,,,,,,,,,,,,,,,,,,,,,,,,,,
2129708,4689dee2286ef93e75562cf442cfc6f70abe63b4ce71860db6f62ea4c0bbe594b15098fdfb836def11f98e321ad46706d08a18b51642b08ebdb818b9de0e74c1,08/16/2025 12:39:00 PM,1,DRIVER,1,2030228,,CHEVROLET,AVALANCHE,IL,2003,NONE,PICKUP,PERSONAL,N,STRAIGHT AHEAD,,,2,,,,,,,,,,,,,,,,,Y,FRONT,,,,,,,,,,,,,,,,,,,,,,,,,,,,,,,,,
2129709,4689dee2286ef93e75562cf442cfc6f70abe63b4ce71860db6f62ea4c0bbe594b15098fdfb836def11f98e321ad46706d08a18b51642b08ebdb818b9de0e74c1,08/16/2025 12:39:00 PM,2,DRIVER,2,2030239,,JEEP,GRAND CHEROKEE,IL,2022,NONE,SPORT UTILITY VEHICLE (SUV),PERSONAL,N,SLOW/STOP IN TRAFFIC,,,3,,,,,,,,,Y,Y,Y,,,,,,,REAR,,,,,,,,,,,,,,,,,,,,,,,,,,,,,,,,,
2129728,7f1e169841fbea0c0ef917bc5f4b1d572f1f50fb3deb5240eaa31e2b0f4d383756bc1d4ae1163cfe49c14af4c8933e9090ed421deda00fce70a1a83b24ed2b7a,08/16/2025 12:36:00 PM,1,DRIVER,,2030247,,BUICK,ENCLAVE,IL,2017,UNKNOWN,SPORT UTILITY VEHICLE (SUV),PERSONAL,S,TURNING RIGHT,,,1,,,,,,,N,Y,Y,,,,,,,,,SIDE-RIGHT-REAR,,,,,,,,,,,,,,,,,,,,,,,,,,,,,,,,,
2129729,7f1e169841fbea0c0ef917bc5f4b1d572f1f50fb3deb5240eaa31e2b0f4d383756bc1d4ae1163cfe49c14af4c8933e9090ed421deda00fce70a1a83b24ed2b7a,08/16/2025 12:36:00 PM,2,PARKED,,2030252,,KIA,RIO / K2,IL,2020,NONE,PASSENGER,NOT IN USE,S,PARKED,,,0,,,,,,,,,,,,,,Y,Y,Y,,FRONT,,,,,,,,,,,,,,,,,,,,,,,,,,,,,,,,,
2129699,1eb7f074eb9572b56febe68dc7057fd387d7d20ef847e9f5772a7c75d557882c30556849ff988e686258de350bf541bd228e7f4aad3e00a5de79b75bfce24b92,08/16/2025 12:33:00 PM,1,DRIVER,,2030219,,UNKNOWN,OTHER (EXPLAIN IN NARRATIVE),IL,,UNKNOWN,OTHER,FIRE,E,STRAIGHT AHEAD,,,1,,,,,,,,,,,,,,,,,,TOP,,,,,,,,,,,,,,,,,,,,,,,,,,,,,,,,,
2129770,3e125c5aad172f05f608c4a1fbcd5f62b98a060581438a20091ce61646850ce463e5d40c398a643387361ea83e4d20f5487092e011581468871dbe5a3327a44c,08/16/2025 12:30:00 PM,1,DRIVER,,2030294,,KIA,RIO / K2,IL,2019,NONE,PASSENGER,PERSONAL,E,CHANGING LANES,,,1,,,,,,,,,,,,,,Y,Y,,,FRONT-LEFT-CORNER,,,,,,,,,,,,,,,,,,,,,,,,,,,,,,,,,
2129771,3e125c5aad172f05f608c4a1fbcd5f62b98a060581438a20091ce61646850ce463e5d40c398a643387361ea83e4d20f5487092e011581468871dbe5a3327a44c,08/16/2025 12:30:00 PM,2,DRIVER,,2030297,,CHEVROLET,SILVERADO,IL,2023,NONE,PICKUP,PERSONAL,E,STRAIGHT AHEAD,,,1,,,,,Y,Y,Y,Y,Y,,,,,,,,,FRONT-RIGHT-CORNER,,,,,,,,,,,,,,,,,,,,,,,,,,,,,,,,,
2129752,88e2d80b9794041edefe0fad6e5ae932687cac9ff0be6616fa6d5727ed7c608e402612f600e79bc863a0ee497bc0bc8401e722c10757dcfdb8a0680cf78f3f7b,08/16/2025 12:30:00 PM,1,DRIVER,,2030264,,TOYOTA,RAV4,,,UNKNOWN,PASSENGER,PERSONAL,E,STRAIGHT AHEAD,,,1,,,,,Y,Y,,,,,,,,,,,,FRONT-RIGHT-CORNER,,,,,,,,,,,,,,,,,,,,,,,,,,,,,,,,,
2129753,88e2d80b9794041edefe0fad6e5ae932687cac9ff0be6616fa6d5727ed7c608e402612f600e79bc863a0ee497bc0bc8401e722c10757dcfdb8a0680cf78f3f7b,08/16/2025 12:30:00 PM,2,DRIVER,,2030268,,TOYOTA,CAMRY,IL,2005,NONE,PASSENGER,PERSONAL,N,STRAIGHT AHEAD,,,1,,,,,,,,,,,,,,,,Y,,FRONT,,,,,,,,,,,,,,,,,,,,,,,,,,,,,,,,,
2131200,98697710a7629ca0494f2f5f1b400eb10abb19a22f68467e06c08332bad9646704ef892ce176641f5ec85d75a2397466a8ce67d8d9f720d8b38234a6a25372e8,08/16/2025 12:30:00 PM,1,DRIVER,,2031627,,JEEP,GRAND CHEROKEE,MN,2014,NONE,PASSENGER,UNKNOWN/NA,N,STRAIGHT AHEAD,,,1,,,,,N,,,,,,,,,,N,Y,,FRONT,,,,,,,,,,,,,,,,,,,,,,,,,,,,,,,,,
2131201,98697710a7629ca0494f2f5f1b400eb10abb19a22f68467e06c08332bad9646704ef892ce176641f5ec85d75a2397466a8ce67d8d9f720d8b38234a6a25372e8,08/16/2025 12:30:00 PM,2,DRIVER,,2031640,,TOYOTA,CAMRY,IL,2014,NONE,PASSENGER,UNKNOWN/NA,N,OTHER,,,1,,,,,,,,,,Y,,,,,,,,REAR,,,,,,,,,,,,,,,,,,,,,,,,,,,,,,,,,
2129687,bda8622154c8db0d2a4545d9b8c30e0572fa1b1d8363f509d7858a9500312e03a275a42ce5e50c7989818180c655f978dfe8f6aaa79aed244c4005fb9013da80,08/16/2025 12:25:00 PM,1,DRIVER,,2030209,,CHEVROLET,TAHOE,IL,2017,UNKNOWN,PASSENGER,PERSONAL,W,SLOW/STOP IN TRAFFIC,,,1,,,,,,,,,,,,,,,,Y,,FRONT,,,,,,,,,,,,,,,,,,,,,,,,,,,,,,,,,
2129688,bda8622154c8db0d2a4545d9b8c30e0572fa1b1d8363f509d7858a9500312e03a275a42ce5e50c7989818180c655f978dfe8f6aaa79aed244c4005fb9013da80,08/16/2025 12:25:00 PM,2,DRIVER,,2030214,,BUICK,ENVISION,IL,2019,UNKNOWN,PASSENGER,PERSONAL,W,SLOW/STOP IN TRAFFIC,,,1,,,,,,,,,,Y,,,,,,,,REAR,,,,,,,,,,,,,,,,,,,,,,,,,,,,,,,,,
2129693,e2c7d8bb21851a72fed96fa76394320d9528949d504993f11f3c0d44c0d6f1d97f92dde6096ca56692e79be49fa3e05c1bbdc926d0078f491dde6f508b76a78d,08/16/2025 12:23:00 PM,1,DRIVER,,2030216,,LEXUS,GS300,IL,2000,UNKNOWN,PASSENGER,UNKNOWN/NA,N,STRAIGHT AHEAD,,,1,,,,,,,,,,,,,,,,Y,,FRONT,,,,,,,,,,,,,,,,,,,,,,,,,,,,,,,,,
2129694,e2c7d8bb21851a72fed96fa76394320d9528949d504993f11f3c0d44c0d6f1d97f92dde6096ca56692e79be49fa3e05c1bbdc926d0078f491dde6f508b76a78d,08/16/2025 12:23:00 PM,2,DRIVER,,2030211,,GENERAL MOTORS CORPORATION (GMC),ACADIA,IN,2008,NONE,UNKNOWN/NA,PERSONAL,N,SLOW/STOP IN TRAFFIC,,,1,,,,,,,,,,Y,,,,,,N,,REAR,,,,,,,,,,,,,,,,,,,,,,,,,,,,,,,,,
2129845,9be60998f7403e126b14174365b9cb27e921c81bfc17b6539fe232e65151d3bb6f20a29828cfbe9c208ea61034d9fb933ae0eb53436c80f3441bebb2c6becfd2,08/16/2025 12:20:00 PM,1,DRIVER,,2030364,,MAZDA,TRIBUTE,IL,2005,NONE,PASSENGER,PERSONAL,W,STRAIGHT AHEAD,Y,,1,,PRIVATE TOW,PRIVATE LOC,,Y,N,,,,,,,,,Y,Y,,FRONT,,,,,,,,,,,,,,,,,,,,,,,,,,,,,,,,,
2129846,9be60998f7403e126b14174365b9cb27e921c81bfc17b6539fe232e65151d3bb6f20a29828cfbe9c208ea61034d9fb933ae0eb53436c80f3441bebb2c6becfd2,08/16/2025 12:20:00 PM,2,DRIVER,,2030387,,HYUNDAI,OTHER (EXPLAIN IN NARRATIVE),IL,2022,NONE,PICKUP,PERSONAL,S,STRAIGHT AHEAD,N,,1,,,,,,,,,,,Y,Y,Y,,,,,SIDE-LEFT,,,,,,,,,,,,,,,,,,,,,,,,,,,,,,,,,
2129847,9be60998f7403e126b14174365b9cb27e921c81bfc17b6539fe232e65151d3bb6f20a29828cfbe9c208ea61034d9fb933ae0eb53436c80f3441bebb2c6becfd2,08/16/2025 12:20:00 PM,3,DRIVER,,2030399,,MERCEDES-BENZ,GLE,IL,2020,NONE,PASSENGER,PERSONAL,E,TURNING LEFT,Y,,1,,PRIVATE,PRIVATE,,N,,,,,,,,,,Y,Y,,FRONT-LEFT-CORNER,,,,,,,,,,,,,,,,,,,,,,,,,,,,,,,,,
2129748,cc7e50bd75e966d9e6ebcc1f4305850f81ba75a53dfa6e3d59c6ab3ac0df308d5098a203bc0e725c691c2ddf256e6db7ee3dbd92180f4e6c2920728df42cf70b,08/16/2025 12:20:00 PM,1,DRIVER,1,2030263,,CHRYSLER,PT CRUISER,IL,2003,NONE,PASSENGER,PERSONAL,SE,STRAIGHT AHEAD,,,2,,,,,,,,,Y,Y,,,,,,,,REAR-RIGHT-CORNER,,,,,,,,,,,,,,,,,,,,,,,,,,,,,,,,,
2129749,cc7e50bd75e966d9e6ebcc1f4305850f81ba75a53dfa6e3d59c6ab3ac0df308d5098a203bc0e725c691c2ddf256e6db7ee3dbd92180f4e6c2920728df42cf70b,08/16/2025 12:20:00 PM,2,BICYCLE,,,,,,,,,,,,,,,,,,,,,,,,,,,,,,,,,,,,,,,,,,,,,,,,,,,,,,,,,,,,,,,,,,
2129691,832a89ecb35ab662460af8ca2e1f8c0774285561ae2233d6cab8aeaf4c28f32e55dda9257d2e4de7682bbfc3b342dc04a407872ac943ba0aa0ae13b491d8665f,08/16/2025 12:17:00 PM,1,DRIVER,,2030212,,HONDA,CR-V,IN,2024,NONE,PASSENGER,PERSONAL,E,TURNING LEFT,,,1,,,,,Y,,,,,,,,,,Y,Y,,FRONT-LEFT-CORNER,,,,,,,,,,,,,,,,,,,,,,,,,,,,,,,,,
2129692,832a89ecb35ab662460af8ca2e1f8c0774285561ae2233d6cab8aeaf4c28f32e55dda9257d2e4de7682bbfc3b342dc04a407872ac943ba0aa0ae13b491d8665f,08/16/2025 12:17:00 PM,2,DRIVER,,2030233,,VOLVO,OTHER (EXPLAIN IN NARRATIVE),IN,2007,UNKNOWN,TRACTOR W/ SEMI-TRAILER,OTHER,S,STRAIGHT AHEAD,,,1,,,,,,,,,,,,,,,,Y,,FRONT,,,,,,,,,,,,,,,,,,,,,,,,,,,,,,,,,
2129722,120934d6d36946116472c056974c66cac07f5d538f742302f2cb5e6a41d032c83872cf26da297f517e8a153dfc93425484c8ff085aec91791977815bf47e8e1b,08/16/2025 12:15:00 PM,1,DRIVER,,2030245,,HONDA,ACCORD,IL,2025,UNKNOWN,PASSENGER,PERSONAL,UNKNOWN,CHANGING LANES,,,1,,,,,,,,,,,,,,Y,Y,,,FRONT-LEFT-CORNER,,,,,,,,,,,,,,,,,,,,,,,,,,,,,,,,,
2129723,120934d6d36946116472c056974c66cac07f5d538f742302f2cb5e6a41d032c83872cf26da297f517e8a153dfc93425484c8ff085aec91791977815bf47e8e1b,08/16/2025 12:15:00 PM,2,DRIVER,,2030255,,TOYOTA,CAMRY,IL,2024,UNKNOWN,PASSENGER,PERSONAL,UNKNOWN,STRAIGHT AHEAD,,,1,,,,,,,Y,Y,Y,,,,,,,,,REAR-RIGHT-CORNER,,,,,,,,,,,,,,,,,,,,,,,,,,,,,,,,,
2129933,58c7ce113af88dc4577b2d2aa32ee0c62d6dee130c220e1c355778056dbb6281bd08d15f83250e54d45602d178e5754936d187bc642b5b539a3ec52f0a8aa89e,08/16/2025 12:15:00 PM,1,DRIVER,,2030443,,FORD,OTHER (EXPLAIN IN NARRATIVE),IL,2013,UNKNOWN,PASSENGER,PERSONAL,UNKNOWN,BACKING,,,1,,,,,,,,,,Y,,,,,,,,REAR,,,,,,,,,,,,,,,,,,,,,,,,,,,,,,,,,
2129934,58c7ce113af88dc4577b2d2aa32ee0c62d6dee130c220e1c355778056dbb6281bd08d15f83250e54d45602d178e5754936d187bc642b5b539a3ec52f0a8aa89e,08/16/2025 12:15:00 PM,2,DRIVER,,2030447,,CHEVROLET,SUBURBAN,IL,2021,UNKNOWN,SPORT UTILITY VEHICLE (SUV),TAXI/FOR HIRE,UNKNOWN,UNKNOWN/NA,,,1,,,,,Y,,,,,,,,,,,Y,,FRONT-RIGHT-CORNER,,,,,,,,,,,,,,,,,,,,,,,,,,,,,,,,,
2129700,b3d31eae716e86883d1b588a92afc16f81bc0a393f2e92f4c1b69b23f5ead4a6c48a9458fd8e5e50785e2bda3d8e26785d1ad9b60c12bf33a6c0d289da5d4e6e,08/16/2025 12:15:00 PM,1,DRIVER,1,2030222,,FORD,FOCUS,IL,2014,UNKNOWN,PASSENGER,PERSONAL,S,STRAIGHT AHEAD,Y,,2,,PERSONAL TOW,,,Y,,,,,,,,,,Y,Y,Y,FRONT,,,,,,,,,,,,,,,,,,,,,,,,,,,,,,,,,
2129701,b3d31eae716e86883d1b588a92afc16f81bc0a393f2e92f4c1b69b23f5ead4a6c48a9458fd8e5e50785e2bda3d8e26785d1ad9b60c12bf33a6c0d289da5d4e6e,08/16/2025 12:15:00 PM,2,DRIVER,,2030227,,CHEVROLET,SILVERADO,IL,2008,UNKNOWN,PICKUP,PERSONAL,S,SLOW/STOP IN TRAFFIC,,,1,,,,,,,,,Y,Y,Y,,,,,,Y,REAR,,,,,,,,,,,,,,,,,,,,,,,,,,,,,,,,,
2129755,76572ccb768d4d7ebfdad1239a6eb4efdf14bd324da1b172f55b814660a8eb841e3dda6244a0b4c6b4078447bdc7e2ca525cf9abab549ace2efaddebb783f26f,08/16/2025 12:14:00 PM,1,DRIVER,,2030265,,CHRYSLER,PACIFICA,IL,2017,UNKNOWN,VAN/MINI-VAN,PERSONAL,UNKNOWN,CHANGING LANES,,,1,,,,,,Y,Y,Y,Y,,,,,,,,,SIDE-RIGHT,,,,,,,,,,,,,,,,,,,,,,,,,,,,,,,,,
2129756,76572ccb768d4d7ebfdad1239a6eb4efdf14bd324da1b172f55b814660a8eb841e3dda6244a0b4c6b4078447bdc7e2ca525cf9abab549ace2efaddebb783f26f,08/16/2025 12:14:00 PM,2,DRIVER,,2030285,,TOYOTA,SIENNA,IL,2023,UNKNOWN,VAN/MINI-VAN,TAXI/FOR HIRE,UNKNOWN,STRAIGHT AHEAD,,,1,,,,,,,,,,,,,Y,Y,Y,,,FRONT-LEFT-CORNER,,,,,,,,,,,,,,,,,,,,,,,,,,,,,,,,,
2129689,a6dbb8576cec18c9d6067bd990844a98f49d41052d469b0a8b0570f8c251129d70fbdc1cabd6937251d99e9d4899d38829aa2c558e5faa4e715eb143fd808fa3,08/16/2025 12:13:00 PM,1,DRIVER,,2030206,,TOYOTA,RAV4,IL,2018,NONE,PASSENGER,PERSONAL,N,STRAIGHT AHEAD,,,1,,,,,Y,Y,,,,,,,,,,,,SIDE-RIGHT-FRONT,,,,,,,,,,,,,,,,,,,,,,,,,,,,,,,,,
2129690,a6dbb8576cec18c9d6067bd990844a98f49d41052d469b0a8b0570f8c251129d70fbdc1cabd6937251d99e9d4899d38829aa2c558e5faa4e715eb143fd808fa3,08/16/2025 12:13:00 PM,2,PARKED,,2030215,,BUICK,ENCORE,IN,2020,NONE,PASSENGER,PERSONAL,N,PARKED,,,0,,,,,,,,,,,,,,Y,Y,,,SIDE-LEFT-FRONT,,,,,,,,,,,,,,,,,,,,,,,,,,,,,,,,,
2129704,e4b7ae905373777347c33e1faeef39685a6f37d13d14275269caa3f29d9b6579103d67e6912f9496a4493afd26e23b6d19890cfdae90a7970c73c77199e26260,08/16/2025 12:12:00 PM,1,DRIVER,,2030223,,MERCEDES-BENZ,SPRINTER,IL,2023,NONE,VAN/MINI-VAN,OTHER,E,BACKING,,,1,,,,,,,,,Y,Y,Y,,,,,,,REAR,,,,,,,,,,,,,,,,,,,,,,,,,,,,,,,,,
2129705,e4b7ae905373777347c33e1faeef39685a6f37d13d14275269caa3f29d9b6579103d67e6912f9496a4493afd26e23b6d19890cfdae90a7970c73c77199e26260,08/16/2025 12:12:00 PM,2,DRIVER,,2030224,,UNKNOWN,OTHER (EXPLAIN IN NARRATIVE),,,UNKNOWN,UNKNOWN/NA,UNKNOWN/NA,W,STRAIGHT AHEAD,,,1,,,,,Y,,,,,,,,,,Y,Y,,FRONT,,,,,,,,,,,,,,,,,,,,,,,,,,,,,,,,,
2129759,5a4d3d0dfb6762039dd6758327ad810b134eead57e2270fe0f5f37ca85ef1df6c520771708720887f7c27f414a3ded68aa3fa1ebca014bc1a371b951b8acc508,08/16/2025 12:10:00 PM,1,DRIVER,,2030277,,TOYOTA,TUNDRA,IL,2004,UNKNOWN,PICKUP,PERSONAL,S,BACKING,,,1,,,,Y,,,,,,,,,,,,,,REAR,,,,,,,,,,,,,,,,,,,,,,,,,,,,,,,,,
2129760,5a4d3d0dfb6762039dd6758327ad810b134eead57e2270fe0f5f37ca85ef1df6c520771708720887f7c27f414a3ded68aa3fa1ebca014bc1a371b951b8acc508,08/16/2025 12:10:00 PM,2,PARKED,,2030282,,BUICK,LUCERNE,IN,2010,UNKNOWN,PASSENGER,PERSONAL,S,PARKED,,,0,,,,,,,,,,,,,,,,Y,,FRONT,,,,,,,,,,,,,,,,,,,,,,,,,,,,,,,,,
2129695,7202070d8af63a8b2298a99f5ccfdf3f27bc353f8a4773a3001776b777809aeac50dc78ac5f6e5ba856ce1df2d95ce9c6210669aee46be31216b083df3654244,08/16/2025 12:00:00 PM,1,DRIVER,,2030213,,UNKNOWN,MOTORIZED,,,NONE,MOTORCYCLE (OVER 150CC),PERSONAL,N,STRAIGHT AHEAD,,,1,,,,Y,,,,,,,,,,,,Y,,UNKNOWN,,,,,,,,,,,,,,,,,,,,,,,,,,,,,,,,,
2129696,7202070d8af63a8b2298a99f5ccfdf3f27bc353f8a4773a3001776b777809aeac50dc78ac5f6e5ba856ce1df2d95ce9c6210669aee46be31216b083df3654244,08/16/2025 12:00:00 PM,2,PEDESTRIAN,,,,,,,,,,,,,,,,,,,,,,,,,,,,,,,,,,,,,,,,,,,,,,,,,,,,,,,,,,,,,,,,,,
2130430,d1cf195812a14bcbb9e42a4147494b952838e0a1552a62d87d66c859e02a06899c84707a30058390bf96dafda60c67b72d30248c43d876e69af6aa9f08c616bd,08/16/2025 12:00:00 PM,1,DRIVER,,2030918,,UNKNOWN,OTHER (EXPLAIN IN NARRATIVE),,,UNKNOWN,UNKNOWN/NA,UNKNOWN/NA,W,UNKNOWN/NA,,,1,,,,,,,,,,,,,,,,,Y,UNKNOWN,,,,,,,,,,,,,,,,,,,,,,,,,,,,,,,,,
2130431,d1cf195812a14bcbb9e42a4147494b952838e0a1552a62d87d66c859e02a06899c84707a30058390bf96dafda60c67b72d30248c43d876e69af6aa9f08c616bd,08/16/2025 12:00:00 PM,2,PARKED,,2030915,,BUICK,LACROSSE,IL,2016,NONE,PASSENGER,PERSONAL,W,PARKED,Y,,0,,private,,,,,,,,,Y,Y,Y,,,,,SIDE-LEFT,,,,,,,,,,,,,,,,,,,,,,,,,,,,,,,,,
2130432,d1cf195812a14bcbb9e42a4147494b952838e0a1552a62d87d66c859e02a06899c84707a30058390bf96dafda60c67b72d30248c43d876e69af6aa9f08c616bd,08/16/2025 12:00:00 PM,3,PARKED,,2030922,,CHEVROLET,CRUZE,IL,2017,NONE,PASSENGER,PERSONAL,W,PARKED,,,0,,,,,,,,,,Y,,,,,,,,REAR,,,,,,,,,,,,,,,,,,,,,,,,,,,,,,,,,
2132501,d615811f2f86363fa496db078b6eafcdf6e5bec41c24ca290a1e8559322f4601b6c5f40b74aa930f115147a1a59eb82cfeacb4199a9b401bc4f3889834372341,08/16/2025 12:00:00 PM,1,DRIVER,,2032848,,TOYOTA,SIENNA,IL,2023,UNKNOWN,VAN/MINI-VAN,TAXI/FOR HIRE,N,CHANGING LANES,,,1,,,,,Y,,,,,,,,,,,,,FRONT-RIGHT-CORNER,,,,,,,,,,,,,,,,,,,,,,,,,,,,,,,,,
2132529,d615811f2f86363fa496db078b6eafcdf6e5bec41c24ca290a1e8559322f4601b6c5f40b74aa930f115147a1a59eb82cfeacb4199a9b401bc4f3889834372341,08/16/2025 12:00:00 PM,2,DRIVER,,2032865,,CHRYSLER,PACIFICA,IL,2017,UNKNOWN,PASSENGER,PERSONAL,N,ENTERING TRAFFIC LANE FROM PARKING,,,1,,,,,,,,,,,Y,Y,Y,,,,,SIDE-LEFT,,,,,,,,,,,,,,,,,,,,,,,,,,,,,,,,,
2129702,4748a337c1e38629ca9d1a3835a56bc7211352d58709160a7c152a41a7103f117691b24ddc4487ea1c3dbabde95a1c01ca1b69183e4963f7d6234899ef77533c,08/16/2025 11:56:00 AM,1,DRIVER,,2030221,,HYUNDAI,OTHER (EXPLAIN IN NARRATIVE),XX,,UNKNOWN,UNKNOWN/NA,PERSONAL,E,TURNING LEFT,,,1,,,,,,,,,,,,,,,,,,UNKNOWN,,,,,,,,,,,,,,,,,,,,,,,,,,,,,,,,,
2129703,4748a337c1e38629ca9d1a3835a56bc7211352d58709160a7c152a41a7103f117691b24ddc4487ea1c3dbabde95a1c01ca1b69183e4963f7d6234899ef77533c,08/16/2025 11:56:00 AM,2,DRIVER,,2030226,,MITSUBISHI,OUTLANDER,IL,2017,UNKNOWN,PASSENGER,PERSONAL,E,SLOW/STOP IN TRAFFIC,,,1,,,,,,,,,,,Y,,,,,,,REAR-LEFT-CORNER,,,,,,,,,,,,,,,,,,,,,,,,,,,,,,,,,
2129831,0ac26437008dc33d42177d3272246d746e9017cb3a3c8c2d05b4225d42fa1791c2b3d65ef16378d1f34bc9748cd749e50ce44832ce6442dd077919fc064a999d,08/16/2025 11:53:00 AM,1,DRIVER,,2030339,,FORD,FUSION,,2012,UNKNOWN,UNKNOWN/NA,UNKNOWN/NA,UNKNOWN,STRAIGHT AHEAD,,,1,,,,,,,,,,,,,,,,,Y,UNKNOWN,,,,,,,,,,,,,,,,,,,,,,,,,,,,,,,,,
2129832,0ac26437008dc33d42177d3272246d746e9017cb3a3c8c2d05b4225d42fa1791c2b3d65ef16378d1f34bc9748cd749e50ce44832ce6442dd077919fc064a999d,08/16/2025 11:53:00 AM,2,PARKED,,2030344,,DODGE,GRAND CARAVAN,IL,2011,UNKNOWN,VAN/MINI-VAN,PERSONAL,E,PARKED,,,0,,,,,,,,,,,Y,Y,Y,Y,Y,,,SIDE-LEFT,,,,,,,,,,,,,,,,,,,,,,,,,,,,,,,,,
2129742,ec070d15cb49867c16c0ab8489777b4940178b9790369093b9725d8b9adef06684d01bfe9899e857a73696503c0db473576483e2eae613fde894647d08927602,08/16/2025 11:52:00 AM,1,PEDESTRIAN,,,,,,,,,,,,,,,,,,,,,,,,,,,,,,,,,,,,,,,,,,,,,,,,,,,,,,,,,,,,,,,,,,
2129743,ec070d15cb49867c16c0ab8489777b4940178b9790369093b9725d8b9adef06684d01bfe9899e857a73696503c0db473576483e2eae613fde894647d08927602,08/16/2025 11:52:00 AM,2,DRIVER,,2030267,,TOYOTA,RAV4,IL,2017,UNKNOWN,PASSENGER,TAXI/FOR HIRE,N,STRAIGHT AHEAD,,,1,,,,Y,,,,,,,,,,,,,,FRONT,,,,,,,,,,,,,,,,,,,,,,,,,,,,,,,,,
2129731,31ac4ec21eb30e1bed952c3ddeac816713467823e8ab68128844d4145995b310f1ac675b8606727a78a824fd3906e3d287d8b01456e5a21ab5a74cec7c5a5419,08/16/2025 11:45:00 AM,1,DRIVER,,2030250,,TOYOTA,OTHER (EXPLAIN IN NARRATIVE),IL,2013,UNKNOWN,PASSENGER,PERSONAL,E,CHANGING LANES,,,1,,,,,,,,,,,,,,,,,,SIDE-RIGHT,,,,,,,,,,,,,,,,,,,,,,,,,,,,,,,,,
2129732,31ac4ec21eb30e1bed952c3ddeac816713467823e8ab68128844d4145995b310f1ac675b8606727a78a824fd3906e3d287d8b01456e5a21ab5a74cec7c5a5419,08/16/2025 11:45:00 AM,2,DRIVER,,2030260,,CHEVROLET,TRAVERSE,IL,2010,UNKNOWN,SPORT UTILITY VEHICLE (SUV),PERSONAL,E,STRAIGHT AHEAD,,,1,,,,,,,,,,,,,,,,,,SIDE-LEFT,,,,,,,,,,,,,,,,,,,,,,,,,,,,,,,,,
2130356,d19ac702e8820d5fadde51930129b0fcf53b6380f32819c2680185b51975f2a44777b3547273efe0914c4803463817f9d004e70fbe02a2c01b9884c4d8eaeef8,08/16/2025 11:35:00 AM,1,DRIVER,,2030842,,BUICK,OTHER (EXPLAIN IN NARRATIVE),XX,2018,UNKNOWN,PASSENGER,UNKNOWN/NA,E,TURNING RIGHT,,,1,,,,,,,,,,,,,,,,Y,,FRONT,,,,,,,,,,,,,,,,,,,,,,,,,,,,,,,,,