CRASH_UNIT_ID,CRASH_RECORD_ID,CRASH_DATE,UNIT_NO,UNIT_TYPE,NUM_PASSENGERS,VEHICLE_ID,CMRC_VEH_I,MAKE,MODEL,LIC_PLATE_STATE,VEHICLE_YEAR,VEHICLE_DEFECT,VEHICLE_TYPE,VEHICLE_USE,TRAVEL_DIRECTION,MANEUVER,TOWED_I,FIRE_I,OCCUPANT_CNT,EXCEED_SPEED_LIMIT_I,TOWED_BY,TOWED_TO,AREA_00_I,AREA_01_I,AREA_02_I,AREA_03_I,AREA_04_I,AREA_05_I,AREA_06_I,AREA_07_I,AREA_08_I,AREA_09_I,AREA_10_I,AREA_11_I,AREA_12_I,AREA_99_I,FIRST_CONTACT_POINT,CMV_ID,USDOT_NO,CCMC_NO,ILCC_NO,COMMERCIAL_SRC,GVWR,CARRIER_NAME,CARRIER_STATE,CARRIER_CITY,HAZMAT_PLACARDS_I,HAZMAT_NAME,UN_NO,HAZMAT_PRESENT_I,HAZMAT_REPORT_I,HAZMAT_REPORT_NO,MCS_REPORT_I,MCS_REPORT_NO,HAZMAT_VIO_CAUSE_CRASH_I,MCS_VIO_CAUSE_CRASH_I,IDOT_PERMIT_NO,WIDE_LOAD_I,TRAILER1_WIDTH,TRAILER2_WIDTH,TRAILER1_LENGTH,TRAILER2_LENGTH,TOTAL_VEHICLE_LENGTH,AXLE_CNT,VEHICLE_CONFIG,CARGO_BODY_TYPE,LOAD_TYPE,HAZMAT_OUT_OF_SERVICE_I,MCS_OUT_OF_SERVICE_I,HAZMAT_CLASS
2130357,d19ac702e8820d5fadde51930129b0fcf53b6380f32819c2680185b51975f2a44777b3547273efe0914c4803463817f9d004e70fbe02a2c01b9884c4d8eaeef8,08/16/2025 11:35:00 AM,2,BICYCLE,,,,,,,,,,,,,,,,,,,,,,,,,,,,,,,,,,,,,,,,,,,,,,,,,,,,,,,,,,,,,,,,,,
2129676,faf308eb99aa70364c7170643b1ae90ce7bf20f91d5ffcd12e3abf47bcbb05df51aa9908b08b77d9909d5095d0403fb3cdcca9bb400a12d900463b2c35f28653,08/16/2025 11:35:00 AM,1,DRIVER,,2030195,,TOYOTA,PRIUS,IL,,UNKNOWN,PASSENGER,UNKNOWN/NA,S,STRAIGHT AHEAD,,,1,,,,,,,,,,,,,,,,,Y,FRONT-LEFT-CORNER,,,,,,,,,,,,,,,,,,,,,,,,,,,,,,,,,
2129677,faf308eb99aa70364c7170643b1ae90ce7bf20f91d5ffcd12e3abf47bcbb05df51aa9908b08b77d9909d5095d0403fb3cdcca9bb400a12d900463b2c35f28653,08/16/2025 11:35:00 AM,2,DRIVER,,2030208,,VOLKSWAGEN,JETTA,IL,2009,NONE,PASSENGER,PERSONAL,S,LEAVING TRAFFIC LANE TO PARK,,,1,,,,,,,,,Y,,,,,,,,,REAR-RIGHT-CORNER,,,,,,,,,,,,,,,,,,,,,,,,,,,,,,,,,
2129685,2d7b6f1ed7267b005f166fc87528f1507d3ad3155ba817daa066845b6ab63a190640fbc080558babe0f8c9fed9494fdf9b51e28fddfe40fe3eab2ddcdfa918b4,08/16/2025 11:32:00 AM,1,DRIVER,,2030210,,NEW FLYER,D40LF,IL,2007,NONE,BUS OVER 15 PASS.,CTA,E,STRAIGHT AHEAD,,,1,,,,,,,,Y,,,,,,,,,,SIDE-RIGHT-REAR,,,,,,,,,,,,,,,,,,,,,,,,,,,,,,,,,
2129686,2d7b6f1ed7267b005f166fc87528f1507d3ad3155ba817daa066845b6ab63a190640fbc080558babe0f8c9fed9494fdf9b51e28fddfe40fe3eab2ddcdfa918b4,08/16/2025 11:32:00 AM,2,PARKED,,2030220,,TOYOTA,COROLLA,IL,2021,NONE,PASSENGER,NOT IN USE,E,PARKED,,,0,,,,,,,,,,,Y,Y,,,,,,REAR-LEFT-CORNER,,,,,,,,,,,,,,,,,,,,,,,,,,,,,,,,,
2130575,1add9e6b33e867b5a4aa2a96d212082ab0f0a56b6a57f4c709bc3c59b7181bc64ba2982c1903ebd93c13e9dd79d305e844322bd96362f3f25d434572c4d796fd,08/16/2025 11:30:00 AM,1,DRIVER,1,2031044,,VOLKSWAGEN,RABBIT,IL,2007,UNKNOWN,PASSENGER,UNKNOWN/NA,S,STRAIGHT AHEAD,,,2,,,,,,,,,,,,,,,,,,FRONT,,,,,,,,,,,,,,,,,,,,,,,,,,,,,,,,,
2130576,1add9e6b33e867b5a4aa2a96d212082ab0f0a56b6a57f4c709bc3c59b7181bc64ba2982c1903ebd93c13e9dd79d305e844322bd96362f3f25d434572c4d796fd,08/16/2025 11:30:00 AM,2,DRIVER,1,2031050,,INFINITI,Q40,IL,2015,NONE,PASSENGER,PERSONAL,S,SLOW/STOP IN TRAFFIC,,,2,,,,,,,,,,,,,,,,,,REAR,,,,,,,,,,,,,,,,,,,,,,,,,,,,,,,,,
2129653,6fa18a661b7ed46ad9de5a2289721d3ca5afe821a1965b946c2a609b25fc8caf676c1aab799b1b73690ddff96c054e126b3e961e58a2942642e8878f494cb7a9,08/16/2025 11:30:00 AM,1,DRIVER,,2030177,,SATURN,VUE,IL,2014,NONE,PASSENGER,PERSONAL,W,STRAIGHT AHEAD,,,1,,,,,,,,,,,,,,,,Y,,FRONT,,,,,,,,,,,,,,,,,,,,,,,,,,,,,,,,,
2129654,6fa18a661b7ed46ad9de5a2289721d3ca5afe821a1965b946c2a609b25fc8caf676c1aab799b1b73690ddff96c054e126b3e961e58a2942642e8878f494cb7a9,08/16/2025 11:30:00 AM,2,DRIVER,1,2030178,,TOYOTA,COROLLA,IL,2005,NONE,PASSENGER,PERSONAL,S,STRAIGHT AHEAD,,,2,,,,,,,,,,,,,,,Y,,,FRONT-LEFT-CORNER,,,,,,,,,,,,,,,,,,,,,,,,,,,,,,,,,
2129739,a7020d3559c69c038b1aa0468c49c8de42f51c61c4d72262044ff92000c7363927bf63c9305a3c571e6ea8f1f8d4f6cfae30cba91b29b465d2edb27a6f249a9c,08/16/2025 11:30:00 AM,1,DRIVER,,2030271,,VOLKSWAGEN,JETTA,TX,2025,UNKNOWN,PASSENGER,PERSONAL,S,STRAIGHT AHEAD,,,1,,,,,Y,,,,,,,,,,Y,Y,,FRONT,,,,,,,,,,,,,,,,,,,,,,,,,,,,,,,,,
2129740,a7020d3559c69c038b1aa0468c49c8de42f51c61c4d72262044ff92000c7363927bf63c9305a3c571e6ea8f1f8d4f6cfae30cba91b29b465d2edb27a6f249a9c,08/16/2025 11:30:00 AM,2,PARKED,,2030283,,CADILLAC,ESCALADE,IL,2020,NONE,PASSENGER,PERSONAL,S,PARKED IN TRAFFIC LANE,,,0,,,,,,,,,Y,Y,Y,,,,,,,REAR,,,,,,,,,,,,,,,,,,,,,,,,,,,,,,,,,
2129741,a7020d3559c69c038b1aa0468c49c8de42f51c61c4d72262044ff92000c7363927bf63c9305a3c571e6ea8f1f8d4f6cfae30cba91b29b465d2edb27a6f249a9c,08/16/2025 11:30:00 AM,3,PARKED,,2030291,,CADILLAC,OTHER (EXPLAIN IN NARRATIVE),IL,2017,NONE,PASSENGER,OTHER,S,STRAIGHT AHEAD,,,0,,,,,,,,,,Y,Y,,,,,,,REAR,,,,,,,,,,,,,,,,,,,,,,,,,,,,,,,,,
2129642,bef877037768ee5d04c8c8315aa512e78366dedaf8d8f54c10b5d78c3e43dab1cc37836273eead0c83910529cacf66490e0802e97a2fedd87e551a66809b108b,08/16/2025 11:30:00 AM,1,DRIVER,,2030159,,UNKNOWN,ENCLOSED BODY,,,UNKNOWN,UNKNOWN/NA,UNKNOWN/NA,N,UNKNOWN/NA,,,1,,,,,,,,,,,,,,,,,Y,UNKNOWN,,,,,,,,,,,,,,,,,,,,,,,,,,,,,,,,,
2129643,bef877037768ee5d04c8c8315aa512e78366dedaf8d8f54c10b5d78c3e43dab1cc37836273eead0c83910529cacf66490e0802e97a2fedd87e551a66809b108b,08/16/2025 11:30:00 AM,2,PARKED,,2030165,,NISSAN,ROGUE,IA,2025,UNKNOWN,PASSENGER,PERSONAL,N,PARKED,,,0,,,,,,,,,,Y,Y,,,,,,,REAR-LEFT-CORNER,,,,,,,,,,,,,,,,,,,,,,,,,,,,,,,,,
2129953,3b653b45157baf309bf0d7e541a897a91b06864b2d967a02a52f88ca508c8d205dc2155ec6f22429ecc20af00981788b8a5a5ba67bec641c6bf54630662f0f50,08/16/2025 11:20:00 AM,1,DRIVER,,2030460,,FORD,F150 XLT,IL,2006,UNKNOWN,PICKUP,UNKNOWN/NA,W,LEAVING TRAFFIC LANE TO PARK,,,1,,,,,,,,,,,,,,,,,Y,REAR-RIGHT-CORNER,,,,,,,,,,,,,,,,,,,,,,,,,,,,,,,,,
2129954,3b653b45157baf309bf0d7e541a897a91b06864b2d967a02a52f88ca508c8d205dc2155ec6f22429ecc20af00981788b8a5a5ba67bec641c6bf54630662f0f50,08/16/2025 11:20:00 AM,2,PARKED,,2030466,,MAZDA,OTHER (EXPLAIN IN NARRATIVE),IN,2025,UNKNOWN,SPORT UTILITY VEHICLE (SUV),PERSONAL,UNKNOWN,PARKED,Y,,0,,PERSONAL TOW,PERSONAL TOW,,,,,,,,,,,Y,Y,Y,,SIDE-LEFT-FRONT,,,,,,,,,,,,,,,,,,,,,,,,,,,,,,,,,
2131106,9704bcd8e45829098b574fddc5fffe33976740ebba7d17508801b19fa297fcb15557022c65d57ad7fa560d431cecc397def9f47ae0d638e42009b89b190662c5,08/16/2025 11:15:00 AM,1,DRIVER,,2031530,,MAZDA,MAZDA3,IL,2010,UNKNOWN,PASSENGER,PERSONAL,N,STRAIGHT AHEAD,,,1,,,,,Y,,,,,,,,,,Y,Y,,FRONT,,,,,,,,,,,,,,,,,,,,,,,,,,,,,,,,,
2131107,9704bcd8e45829098b574fddc5fffe33976740ebba7d17508801b19fa297fcb15557022c65d57ad7fa560d431cecc397def9f47ae0d638e42009b89b190662c5,08/16/2025 11:15:00 AM,2,DRIVER,,2031538,,INFINITI,G37,IL,2009,UNKNOWN,UNKNOWN/NA,PERSONAL,N,STRAIGHT AHEAD,,,1,,,,,,,,,Y,Y,Y,,,,,,,REAR,,,,,,,,,,,,,,,,,,,,,,,,,,,,,,,,,
2129670,04b6d893949c866ef6938acb1ff36438edfbee41b38394d225ffd7092c7f8217bae9e45b19aa8fad92e1c78265b1d223e39a2ac8fe83ee36b21577cf3ebaf2f9,08/16/2025 11:00:00 AM,1,DRIVER,,2030193,,TOYOTA,OTHER (EXPLAIN IN NARRATIVE),IL,2024,UNKNOWN,PASSENGER,PERSONAL,S,UNKNOWN/NA,,,1,,,,,,Y,,,,,,,,,,,,FRONT-RIGHT-CORNER,,,,,,,,,,,,,,,,,,,,,,,,,,,,,,,,,
2129671,04b6d893949c866ef6938acb1ff36438edfbee41b38394d225ffd7092c7f8217bae9e45b19aa8fad92e1c78265b1d223e39a2ac8fe83ee36b21577cf3ebaf2f9,08/16/2025 11:00:00 AM,2,PARKED,,2030197,,VOLKSWAGEN,GTI,IL,2020,UNKNOWN,PASSENGER,PERSONAL,S,PARKED,,,0,,,,,,,,,,,,,,Y,,,,SIDE-LEFT-FRONT,,,,,,,,,,,,,,,,,,,,,,,,,,,,,,,,,
2129640,81f59dc4cbb9be66e1c761130e6e9c02b0ca869e5ad8fd3371ac655e5cf62af2d96352da909e833aed3b655f3238d76f192bbf869f90d57275c9aa98b47ea624,08/16/2025 11:00:00 AM,1,DRIVER,,2030164,,TOYOTA,CAMRY,IL,2003,NONE,PASSENGER,PERSONAL,N,STRAIGHT AHEAD,,,1,,,,,,,,,,,,,,,,Y,,FRONT,,,,,,,,,,,,,,,,,,,,,,,,,,,,,,,,,
2129641,81f59dc4cbb9be66e1c761130e6e9c02b0ca869e5ad8fd3371ac655e5cf62af2d96352da909e833aed3b655f3238d76f192bbf869f90d57275c9aa98b47ea624,08/16/2025 11:00:00 AM,2,DRIVER,2,2030174,,AUDI,RS3,IL,2018,NONE,PASSENGER,PERSONAL,N,STRAIGHT AHEAD,,,3,,,,,,,,,,Y,,,,,,,,REAR,,,,,,,,,,,,,,,,,,,,,,,,,,,,,,,,,
2129658,8e18a8a1deda633be2af82ff13141e4df64d4fd71cefe4469b4eef7bc3791c1a15d09fd5b0046469283f0ff04ae6454a9b65c0daf5b798c6e724fdb730fffac1,08/16/2025 11:00:00 AM,1,DRIVER,,2030180,,FORD,TRANSIT CONNECT,IL,2016,NONE,VAN/MINI-VAN,PERSONAL,UNKNOWN,BACKING,,,1,,,,Y,,,,,,,,,,,,,,NONE,,,,,,,,,,,,,,,,,,,,,,,,,,,,,,,,,
2129659,8e18a8a1deda633be2af82ff13141e4df64d4fd71cefe4469b4eef7bc3791c1a15d09fd5b0046469283f0ff04ae6454a9b65c0daf5b798c6e724fdb730fffac1,08/16/2025 11:00:00 AM,2,DRIVER,,2030189,,UNKNOWN,OTHER (EXPLAIN IN NARRATIVE),,,OTHER,OTHER,OTHER,E,STRAIGHT AHEAD,,,1,,,,N,,,,,,,,,,,,,Y,UNKNOWN,,,,,,,,,,,,,,,,,,,,,,,,,,,,,,,,,
2129674,eb84bda4b742e252b48282b59513b73faaa56964c78401235ea95cf606a71bbb982ba1c5469e0d5ca6a069b2af0aa92396d929347a3c472ece970459c86e3216,08/16/2025 11:00:00 AM,1,DRIVER,,2030194,,HONDA,CR-V,IL,2015,NONE,PASSENGER,UNKNOWN/NA,N,STRAIGHT AHEAD,,,1,,,,,,,,,,,,,,,,,,UNKNOWN,,,,,,,,,,,,,,,,,,,,,,,,,,,,,,,,,
2129675,eb84bda4b742e252b48282b59513b73faaa56964c78401235ea95cf606a71bbb982ba1c5469e0d5ca6a069b2af0aa92396d929347a3c472ece970459c86e3216,08/16/2025 11:00:00 AM,2,DRIVER,,2030204,,TOYOTA,CAMRY,IL,2005,NONE,PASSENGER,PERSONAL,N,SLOW/STOP IN TRAFFIC,,,1,,,,,,,,,,,,,,Y,Y,,,SIDE-LEFT,,,,,,,,,,,,,,,,,,,,,,,,,,,,,,,,,
2129683,22f752dcf467a0bb56746d6819066af8e01566cd8e0bc5fa2fbb6b4b3ea21ec48ea107295003bb3fca325b1e3488235af1b15954ec054a68934c3ab934e0c879,08/16/2025 10:57:00 AM,1,DRIVER,,2030198,,HONDA,OTHER (EXPLAIN IN NARRATIVE),IL,,UNKNOWN,PASSENGER,PERSONAL,E,STRAIGHT AHEAD,,,1,,,,,,,,,,,,,,,,,Y,UNKNOWN,,,,,,,,,,,,,,,,,,,,,,,,,,,,,,,,,
2129684,22f752dcf467a0bb56746d6819066af8e01566cd8e0bc5fa2fbb6b4b3ea21ec48ea107295003bb3fca325b1e3488235af1b15954ec054a68934c3ab934e0c879,08/16/2025 10:57:00 AM,2,PARKED,,2030202,,VOLVO,OTHER (EXPLAIN IN NARRATIVE),IL,2018,NONE,PASSENGER,PERSONAL,E,PARKED,,,0,,,,,,,,,,,,,,Y,Y,,,FRONT-LEFT-CORNER,,,,,,,,,,,,,,,,,,,,,,,,,,,,,,,,,
2129628,aef36e12430be3669a109c083fab1360c527bdf965590d9d3d80b83ea902acae327c068a079d58eacf8ec388c1ce72ebded9e138e5c3c84af643bb274d7f6b53,08/16/2025 10:55:00 AM,1,DRIVER,,2030150,,CHEVROLET,TRUCK,IL,2023,NONE,PASSENGER,OTHER,NE,TURNING LEFT,,,1,,,,,Y,Y,,,,,,,,,,,,FRONT-RIGHT-CORNER,,,,,,,,,,,,,,,,,,,,,,,,,,,,,,,,,
2129629,aef36e12430be3669a109c083fab1360c527bdf965590d9d3d80b83ea902acae327c068a079d58eacf8ec388c1ce72ebded9e138e5c3c84af643bb274d7f6b53,08/16/2025 10:55:00 AM,2,DRIVER,,2030169,,TOYOTA,OTHER (EXPLAIN IN NARRATIVE),IL,2003,UNKNOWN,PASSENGER,UNKNOWN/NA,N,ENTERING TRAFFIC LANE FROM PARKING,,,1,,,,,,,,,,,,,,Y,Y,,,FRONT-LEFT-CORNER,,,,,,,,,,,,,,,,,,,,,,,,,,,,,,,,,
2129710,b36a3917a7ff453f45ccffcde7ff9bb583fb1ceb64010c0009f6f4071fe2fa559a13a1ee4dfae891753667d25674a6c88a0fd136f816a24b0f51a2af2288889b,08/16/2025 10:54:00 AM,1,DRIVER,,2030229,,TOYOTA,OTHER (EXPLAIN IN NARRATIVE),IL,2008,NONE,PASSENGER,UNKNOWN/NA,S,SLOW/STOP IN TRAFFIC,,,1,,,,,Y,,,,,,,,,,Y,Y,,FRONT,,,,,,,,,,,,,,,,,,,,,,,,,,,,,,,,,
2129711,b36a3917a7ff453f45ccffcde7ff9bb583fb1ceb64010c0009f6f4071fe2fa559a13a1ee4dfae891753667d25674a6c88a0fd136f816a24b0f51a2af2288889b,08/16/2025 10:54:00 AM,2,DRIVER,,2030234,,CHEVROLET,EXPRESS,TN,2025,NONE,VAN/MINI-VAN,OTHER,S,SLOW/STOP IN TRAFFIC,,,1,,,,,,,,,Y,Y,Y,,,,,,,REAR,,,,,,,,,,,,,,,,,,,,,,,,,,,,,,,,,
2129947,1ed0c04e61d9b67749b0fcb23dfaa323ef2ef2a270e99dc45d58ffee12a3564f45c977a1063b4594c68c016463ed33f13428f07d49fce728310da9ab6d81a805,08/16/2025 10:45:00 AM,1,DRIVER,,2030456,,HONDA,PILOT,IL,2006,UNKNOWN,PASSENGER,PERSONAL,S,CHANGING LANES,,,1,,,,,Y,,,,,,,,,,Y,,,FRONT,,,,,,,,,,,,,,,,,,,,,,,,,,,,,,,,,
2129948,1ed0c04e61d9b67749b0fcb23dfaa323ef2ef2a270e99dc45d58ffee12a3564f45c977a1063b4594c68c016463ed33f13428f07d49fce728310da9ab6d81a805,08/16/2025 10:45:00 AM,2,DRIVER,,2030458,,FORD,TAURUS,IL,2015,NONE,PASSENGER,PERSONAL,S,STRAIGHT AHEAD,,,1,,,,,,,,,,,,,,,Y,,,FRONT-LEFT-CORNER,,,,,,,,,,,,,,,,,,,,,,,,,,,,,,,,,
2129949,1ed0c04e61d9b67749b0fcb23dfaa323ef2ef2a270e99dc45d58ffee12a3564f45c977a1063b4594c68c016463ed33f13428f07d49fce728310da9ab6d81a805,08/16/2025 10:45:00 AM,3,DRIVER,,2030461,,TOYOTA,COROLLA,IL,2010,NONE,PASSENGER,PERSONAL,S,STRAIGHT AHEAD,,,1,,,,,,,,,Y,,,,,,,,,REAR-RIGHT-CORNER,,,,,,,,,,,,,,,,,,,,,,,,,,,,,,,,,
2129833,0e06d0029214ead28481de2802d96881b44188753271f5f649ce71b51d852fce22884b489f145b3178d8e0d762ace3d11e1d7db906daa1e33772cd16db33e1ab,08/16/2025 10:40:00 AM,1,DRIVER,,2030351,,GENERAL MOTORS CORPORATION (GMC),TERRAIN,IL,2012,NONE,SPORT UTILITY VEHICLE (SUV),PERSONAL,NW,ENTERING TRAFFIC LANE FROM PARKING,,,1,,,,,,,,,,,,Y,Y,Y,Y,,,FRONT-LEFT-CORNER,,,,,,,,,,,,,,,,,,,,,,,,,,,,,,,,,
2129834,0e06d0029214ead28481de2802d96881b44188753271f5f649ce71b51d852fce22884b489f145b3178d8e0d762ace3d11e1d7db906daa1e33772cd16db33e1ab,08/16/2025 10:40:00 AM,2,DRIVER,,2030358,,TOYOTA,PRIUS,IL,2013,NONE,PASSENGER,PERSONAL,N,STRAIGHT AHEAD,,,1,,,,,Y,Y,Y,Y,,,,,,,,,,FRONT-RIGHT-CORNER,,,,,,,,,,,,,,,,,,,,,,,,,,,,,,,,,
2129812,0f106bb9082af8ed6cf1e05de6e8467bc2e831c90ec819f237767d503530ca45c7b4d6051076c531a9ece37361c2ea6d25831784ad1bd244cfc913d3389af7fc,08/16/2025 10:40:00 AM,1,DRIVER,,2030326,,HONDA,HR-V,IL,2016,NONE,PASSENGER,PERSONAL,W,TURNING LEFT,,,1,,,,,Y,Y,,,,,,,,,,,,FRONT-RIGHT-CORNER,,,,,,,,,,,,,,,,,,,,,,,,,,,,,,,,,
2129813,0f106bb9082af8ed6cf1e05de6e8467bc2e831c90ec819f237767d503530ca45c7b4d6051076c531a9ece37361c2ea6d25831784ad1bd244cfc913d3389af7fc,08/16/2025 10:40:00 AM,2,DRIVER,1,2030332,,INFINITI,QX70,IL,2017,NONE,PASSENGER,PERSONAL,W,TURNING LEFT,,,2,,,,,,,,,,,,,,Y,Y,,,FRONT-LEFT-CORNER,,,,,,,,,,,,,,,,,,,,,,,,,,,,,,,,,
2129616,e77d5199a3e1d7d849bea968ca27fc58f5f4d8c73832f2df122048bd998c32c0f6bb7af094cf081d3655887c022ae549e7b674589875d9ffe699056d1a28b438,08/16/2025 10:40:00 AM,1,DRIVER,,2030148,,HYUNDAI,ELANTRA,IL,2020,NONE,PASSENGER,PERSONAL,W,ENTERING TRAFFIC LANE FROM PARKING,,,1,,,,,,,,,,,,,,,Y,,,FRONT-LEFT-CORNER,,,,,,,,,,,,,,,,,,,,,,,,,,,,,,,,,
2129617,e77d5199a3e1d7d849bea968ca27fc58f5f4d8c73832f2df122048bd998c32c0f6bb7af094cf081d3655887c022ae549e7b674589875d9ffe699056d1a28b438,08/16/2025 10:40:00 AM,2,DRIVER,,2030152,,TOYOTA,PRIUS,IL,2010,UNKNOWN,PASSENGER,PERSONAL,W,STRAIGHT AHEAD,,,1,,,,,,Y,Y,Y,,,,,,,,,,SIDE-RIGHT,,,,,,,,,,,,,,,,,,,,,,,,,,,,,,,,,
2129649,eae0c1385d3d9644d9e2b37cb87397ab87f8ca099a80ff1c49d39167df455448e8e3d6e5b22b09844bc68c8d0d4bd9bc4d380ce03429f1518b7d1e925e4d286c,08/16/2025 10:40:00 AM,1,DRIVER,4,2030176,,CADILLAC,ESCALADE,MN,2014,NONE,PASSENGER,PERSONAL,NE,MERGING,,,5,,,,,Y,Y,,,,,,,,,,Y,,FRONT-RIGHT-CORNER,,,,,,,,,,,,,,,,,,,,,,,,,,,,,,,,,
2129650,eae0c1385d3d9644d9e2b37cb87397ab87f8ca099a80ff1c49d39167df455448e8e3d6e5b22b09844bc68c8d0d4bd9bc4d380ce03429f1518b7d1e925e4d286c,08/16/2025 10:40:00 AM,2,DRIVER,2,2030181,,FORD,EXPLORER,IL,2013,NONE,PASSENGER,PERSONAL,NE,TURNING RIGHT,,,3,,,,,,,,,,,,,Y,Y,,,,SIDE-LEFT,,,,,,,,,,,,,,,,,,,,,,,,,,,,,,,,,
2130521,b8d14b32c13d5dc3478a7ce7427b3a8607529cab1fb7d14b8f33510f3a03756c467f537849fb1f94b6afc42800c88238e0edcca1c4daf9f9c3f68d32bd6899dc,08/16/2025 10:36:00 AM,1,DRIVER,,2030996,,LEXUS,IS350,IL,2024,UNKNOWN,PASSENGER,UNKNOWN/NA,UNKNOWN,U-TURN,,,1,,,,,,,,,,,,,,,,,Y,UNKNOWN,,,,,,,,,,,,,,,,,,,,,,,,,,,,,,,,,
2130522,b8d14b32c13d5dc3478a7ce7427b3a8607529cab1fb7d14b8f33510f3a03756c467f537849fb1f94b6afc42800c88238e0edcca1c4daf9f9c3f68d32bd6899dc,08/16/2025 10:36:00 AM,2,PARKED,,2031004,,SUBARU,CROSSTREK,IL,2019,UNKNOWN,PASSENGER,UNKNOWN/NA,E,PARKED,,,0,,,,,,,,,Y,,,,,,,,,SIDE-RIGHT-REAR,,,,,,,,,,,,,,,,,,,,,,,,,,,,,,,,,
2129666,e7a49ec509e34342dee113f784f7f0f4ed86d984045538d3cf0970f1dcdc2c9c35d2fd65f2a5d4928feaf048f7e0e1d0d73e65a73be592712c7f699fd235751c,08/16/2025 10:36:00 AM,1,DRIVER,,2030187,,UNKNOWN,MOTORIZED,,,UNKNOWN,VAN/MINI-VAN,UNKNOWN/NA,W,STRAIGHT AHEAD,,,1,,,,,,Y,,,,,,,,,,,,SIDE-RIGHT,,,,,,,,,,,,,,,,,,,,,,,,,,,,,,,,,
2129667,e7a49ec509e34342dee113f784f7f0f4ed86d984045538d3cf0970f1dcdc2c9c35d2fd65f2a5d4928feaf048f7e0e1d0d73e65a73be592712c7f699fd235751c,08/16/2025 10:36:00 AM,2,PARKED,1,2030191,,FORD,OTHER (EXPLAIN IN NARRATIVE),IL,2020,UNKNOWN,BUS UP TO 15 PASS.,OTHER,W,PARKED,,,1,,,,,,,,,,,,,,Y,,,,SIDE-LEFT,,,,,,,,,,,,,,,,,,,,,,,,,,,,,,,,,
2129612,6a2955930f3ad668597fb10adbba9b2249f4ee6f5c8210b5aaeb98143bff2dd1cc8e4b931236b527390770c3a9d2a79c6febda0697830d01918aeea33ef0077b,08/16/2025 10:30:00 AM,1,DRIVER,,2030142,,TOYOTA,OTHER (EXPLAIN IN NARRATIVE),IL,2009,UNKNOWN,SPORT UTILITY VEHICLE (SUV),UNKNOWN/NA,UNKNOWN,UNKNOWN/NA,,,1,,,,,,,,,,,,,,,,,Y,UNKNOWN,,,,,,,,,,,,,,,,,,,,,,,,,,,,,,,,,
2129599,830eaf104d4b735db070b383f4d9164cfc2b34deeb754f2b5f4bd7ee26a42967f872fbe2d0a94290e0bcc9b4e12116ada34c12172a17ac0299326ba863db8547,08/16/2025 10:30:00 AM,1,DRIVER,,2030132,,FORD,EXPLORER,IL,2024,NONE,SPORT UTILITY VEHICLE (SUV),POLICE,N,U-TURN,,,1,,,,,Y,Y,,,,,,,,,,Y,,FRONT-RIGHT-CORNER,,,,,,,,,,,,,,,,,,,,,,,,,,,,,,,,,
2129605,752637bbb9f573b80beb7d11d4ad7856b6c1bfb4e61df0beeb3d8e68c7ca7e819a3085f0565145f7f108b736ec7de011fc63fc5d7b9effa7a940a48eb589bdba,08/16/2025 10:26:00 AM,2,BICYCLE,,,,,,,,,,,,,,,,,,,,,,,,,,,,,,,,,,,,,,,,,,,,,,,,,,,,,,,,,,,,,,,,,,
2129608,752637bbb9f573b80beb7d11d4ad7856b6c1bfb4e61df0beeb3d8e68c7ca7e819a3085f0565145f7f108b736ec7de011fc63fc5d7b9effa7a940a48eb589bdba,08/16/2025 10:26:00 AM,1,DRIVER,1,2030137,,HONDA,CIVIC,IL,2016,NONE,PASSENGER,PERSONAL,S,OTHER,,,2,,,,Y,,,,,,,,,,,,,,SIDE-LEFT,,,,,,,,,,,,,,,,,,,,,,,,,,,,,,,,,
2129618,f9de361bc820d341282db1ff94120fb361e876bbb4ee08282bc07ffd4895043877d8178dcfc2aa08652702dea4bd83004f911e145011c15e64dc76e7eba4905e,08/16/2025 10:25:00 AM,1,DRIVER,1,2030151,,INFINITI,M37,IL,2013,UNKNOWN,PASSENGER,PERSONAL,E,U-TURN,,,2,,,,,,,,,,,Y,,,,,,,REAR-LEFT-CORNER,,,,,,,,,,,,,,,,,,,,,,,,,,,,,,,,,
2129619,f9de361bc820d341282db1ff94120fb361e876bbb4ee08282bc07ffd4895043877d8178dcfc2aa08652702dea4bd83004f911e145011c15e64dc76e7eba4905e,08/16/2025 10:25:00 AM,2,DRIVER,,2030167,,JAGUAR,F-PACE,IL,2018,UNKNOWN,PASSENGER,PERSONAL,E,STRAIGHT AHEAD,,,1,,,,,Y,,,,,,,,,,,Y,,FRONT-RIGHT-CORNER,,,,,,,,,,,,,,,,,,,,,,,,,,,,,,,,,
2129647,41f13675dcb75f0034e23bf36af283a65714fed2b3aeea9b4dd52d948880f0944832ac773169da208cc6f26fa1113d523d91f1625c052ac92728f021840a9064,08/16/2025 10:22:00 AM,1,DRIVER,,2030175,,FORD,OTHER (EXPLAIN IN NARRATIVE),IL,,UNKNOWN,UNKNOWN/NA,UNKNOWN/NA,E,STRAIGHT AHEAD,,,1,,,,,Y,,,,,,,,,,Y,Y,,FRONT,,,,,,,,,,,,,,,,,,,,,,,,,,,,,,,,,