CRASH_UNIT_ID,CRASH_RECORD_ID,CRASH_DATE,UNIT_NO,UNIT_TYPE,NUM_PASSENGERS,VEHICLE_ID,CMRC_VEH_I,MAKE,MODEL,LIC_PLATE_STATE,VEHICLE_YEAR,VEHICLE_DEFECT,VEHICLE_TYPE,VEHICLE_USE,TRAVEL_DIRECTION,MANEUVER,TOWED_I,FIRE_I,OCCUPANT_CNT,EXCEED_SPEED_LIMIT_I,TOWED_BY,TOWED_TO,AREA_00_I,AREA_01_I,AREA_02_I,AREA_03_I,AREA_04_I,AREA_05_I,AREA_06_I,AREA_07_I,AREA_08_I,AREA_09_I,AREA_10_I,AREA_11_I,AREA_12_I,AREA_99_I,FIRST_CONTACT_POINT,CMV_ID,USDOT_NO,CCMC_NO,ILCC_NO,COMMERCIAL_SRC,GVWR,CARRIER_NAME,CARRIER_STATE,CARRIER_CITY,HAZMAT_PLACARDS_I,HAZMAT_NAME,UN_NO,HAZMAT_PRESENT_I,HAZMAT_REPORT_I,HAZMAT_REPORT_NO,MCS_REPORT_I,MCS_REPORT_NO,HAZMAT_VIO_CAUSE_CRASH_I,MCS_VIO_CAUSE_CRASH_I,IDOT_PERMIT_NO,WIDE_LOAD_I,TRAILER1_WIDTH,TRAILER2_WIDTH,TRAILER1_LENGTH,TRAILER2_LENGTH,TOTAL_VEHICLE_LENGTH,AXLE_CNT,VEHICLE_CONFIG,CARGO_BODY_TYPE,LOAD_TYPE,HAZMAT_OUT_OF_SERVICE_I,MCS_OUT_OF_SERVICE_I,HAZMAT_CLASS
2129648,41f13675dcb75f0034e23bf36af283a65714fed2b3aeea9b4dd52d948880f0944832ac773169da208cc6f26fa1113d523d91f1625c052ac92728f021840a9064,08/16/2025 10:22:00 AM,2,DRIVER,,2030186,,NISSAN,ALTIMA,OH,2014,UNKNOWN,UNKNOWN/NA,UNKNOWN/NA,N,OTHER,,,1,,,,,,,,,N,Y,Y,Y,Y,,,,,REAR-RIGHT-CORNER,,,,,,,,,,,,,,,,,,,,,,,,,,,,,,,,,
2129602,f2e97c2e2077ca3970983873f5ce7e570b884d9ccd5635a68cf2a9b794c86c8b6bcf3a53e4d9a0b4199760ef6a3e541df44b0c142df013d19544212fcafbc285,08/16/2025 10:20:00 AM,1,DRIVER,,2030136,,MAZDA,CX-3,IL,2023,UNKNOWN,PASSENGER,PERSONAL,S,BACKING,,,1,,,,,,,,,,Y,,,,,,,,REAR,,,,,,,,,,,,,,,,,,,,,,,,,,,,,,,,,
2129603,f2e97c2e2077ca3970983873f5ce7e570b884d9ccd5635a68cf2a9b794c86c8b6bcf3a53e4d9a0b4199760ef6a3e541df44b0c142df013d19544212fcafbc285,08/16/2025 10:20:00 AM,2,PARKED,,2030140,,TOYOTA,SIENNA,TX,2017,UNKNOWN,VAN/MINI-VAN,PERSONAL,S,PARKED,,,0,,,,,,,,,Y,,,,,,,,,REAR-RIGHT-CORNER,,,,,,,,,,,,,,,,,,,,,,,,,,,,,,,,,
2129714,5b197d7ec1f0c9ebd09b41870ecfa3546f45b63b43287b04e18dfa166939a1c10fcae4841af516bf1f9e30f627a8fa6d7ca5541f2371fe71febf21350b1a65fa,08/16/2025 10:15:00 AM,1,DRIVER,,2030241,,CHEVROLET,OTHER (EXPLAIN IN NARRATIVE),IL,2010,UNKNOWN,UNKNOWN/NA,UNKNOWN/NA,SW,TURNING LEFT,,,1,,,,,,,,,,,,,,,Y,,,FRONT-LEFT-CORNER,,,,,,,,,,,,,,,,,,,,,,,,,,,,,,,,,
2129715,5b197d7ec1f0c9ebd09b41870ecfa3546f45b63b43287b04e18dfa166939a1c10fcae4841af516bf1f9e30f627a8fa6d7ca5541f2371fe71febf21350b1a65fa,08/16/2025 10:15:00 AM,2,DRIVER,,2030244,,HONDA,CIVIC,IL,2012,NONE,PASSENGER,PERSONAL,W,STRAIGHT AHEAD,,,1,,,,,Y,,,,,,,,,,,,,FRONT-RIGHT-CORNER,,,,,,,,,,,,,,,,,,,,,,,,,,,,,,,,,
2129716,37501b6702cc66833b63522ca4122f55cec55342f1b42cacc10eabf285830626ac67f904d95eec950f78c660cc22f5b28551c51a93dccba5b3dd15c85e8b6c2f,08/16/2025 10:10:00 AM,1,DRIVER,,2030232,,FORD,TRANSIT,IL,2016,UNKNOWN,VAN/MINI-VAN,UNKNOWN/NA,N,BACKING,,,1,,,,,,,,,Y,Y,,,,,,,,REAR-RIGHT-CORNER,,,,,,,,,,,,,,,,,,,,,,,,,,,,,,,,,
2129717,37501b6702cc66833b63522ca4122f55cec55342f1b42cacc10eabf285830626ac67f904d95eec950f78c660cc22f5b28551c51a93dccba5b3dd15c85e8b6c2f,08/16/2025 10:10:00 AM,2,BICYCLE,,,,,,,,,,,,,,,,,,,,,,,,,,,,,,,,,,,,,,,,,,,,,,,,,,,,,,,,,,,,,,,,,,
2129631,181598a36471997d4d0747a55bc94d18df30f53e3e36e5f43b483ae4027c2a2d8f63904b7597b0afa17d39cb45ba553e8a8216a1f5ca7a0d9818c3c487aeb9c6,08/16/2025 10:00:00 AM,1,DRIVER,,2030149,,UNKNOWN,OTHER (EXPLAIN IN NARRATIVE),,,UNKNOWN,PASSENGER,UNKNOWN/NA,N,ENTERING TRAFFIC LANE FROM PARKING,,,1,,,,,,,,,,,,,,,Y,,,UNKNOWN,,,,,,,,,,,,,,,,,,,,,,,,,,,,,,,,,
2129632,181598a36471997d4d0747a55bc94d18df30f53e3e36e5f43b483ae4027c2a2d8f63904b7597b0afa17d39cb45ba553e8a8216a1f5ca7a0d9818c3c487aeb9c6,08/16/2025 10:00:00 AM,2,DRIVER,,2030158,,TOYOTA,COROLLA,IL,2014,NONE,PASSENGER,PERSONAL,N,STRAIGHT AHEAD,,,1,,,,,Y,,,,,,,,,,,,,SIDE-RIGHT-FRONT,,,,,,,,,,,,,,,,,,,,,,,,,,,,,,,,,
2130793,8b3ce03203c58cd85ed8a164e62434a54b9a36c4f398f37df52d6e29c9ce053f2283677aa16d3723b39cb24c1db099899f8fbdeccba7e971d90972857c9e0847,08/16/2025 10:00:00 AM,1,DRIVER,,2031242,,UNKNOWN,OTHER (EXPLAIN IN NARRATIVE),,,UNKNOWN,UNKNOWN/NA,UNKNOWN/NA,UNKNOWN,UNKNOWN/NA,,,1,,,,,,,,,,,,,,,,,Y,UNKNOWN,,,,,,,,,,,,,,,,,,,,,,,,,,,,,,,,,
2130794,8b3ce03203c58cd85ed8a164e62434a54b9a36c4f398f37df52d6e29c9ce053f2283677aa16d3723b39cb24c1db099899f8fbdeccba7e971d90972857c9e0847,08/16/2025 10:00:00 AM,2,PARKED,,2031243,,NISSAN,OTHER (EXPLAIN IN NARRATIVE),IL,2025,NONE,PASSENGER,PERSONAL,N,PARKED,,,0,,,,,,,,,,,,,,,Y,,,FRONT-LEFT-CORNER,,,,,,,,,,,,,,,,,,,,,,,,,,,,,,,,,
2129943,b3392a74dcfc2593f99022074c5717c2fb051acdea4d6023470f0f35ec3a5b5ae81e867f45e83ad0cb880da63424573e27f8faa3fe516fcf5dd5f1b8f9f9ded2,08/16/2025 10:00:00 AM,1,DRIVER,,2030450,,UNKNOWN,OTHER (EXPLAIN IN NARRATIVE),,,UNKNOWN,UNKNOWN/NA,UNKNOWN/NA,UNKNOWN,UNKNOWN/NA,,,1,,,,,,,,,,,,,,,,,Y,UNKNOWN,,,,,,,,,,,,,,,,,,,,,,,,,,,,,,,,,
2129944,b3392a74dcfc2593f99022074c5717c2fb051acdea4d6023470f0f35ec3a5b5ae81e867f45e83ad0cb880da63424573e27f8faa3fe516fcf5dd5f1b8f9f9ded2,08/16/2025 10:00:00 AM,2,PARKED,,2030453,,FORD,OTHER (EXPLAIN IN NARRATIVE),IL,2020,UNKNOWN,UNKNOWN/NA,UNKNOWN/NA,NW,PARKED,,,0,,,,,,,,,,Y,Y,,,,,,,REAR-LEFT-CORNER,,,,,,,,,,,,,,,,,,,,,,,,,,,,,,,,,
2129587,08fbc576b7808affbfc021ee912d4b2316e1e1fafb5ab225cde1643caf4c0e9cea875fbe793bbdd1021f03499c5d8d1dbacff9d3fd9d570f88fdebe1978a6325,08/16/2025 09:50:00 AM,1,DRIVER,,2030120,,JEEP,CHEROKEE,IL,2018,NONE,SPORT UTILITY VEHICLE (SUV),PERSONAL,N,TURNING LEFT,,,1,,,,,,,,,,,,,,,,Y,,FRONT,,,,,,,,,,,,,,,,,,,,,,,,,,,,,,,,,
2129588,08fbc576b7808affbfc021ee912d4b2316e1e1fafb5ab225cde1643caf4c0e9cea875fbe793bbdd1021f03499c5d8d1dbacff9d3fd9d570f88fdebe1978a6325,08/16/2025 09:50:00 AM,2,DRIVER,1,2030125,,HONDA,CIVIC,IL,2019,NONE,PASSENGER,PERSONAL,E,STRAIGHT AHEAD,,,2,,,,,,,,Y,Y,,,,,,,,,REAR-RIGHT-CORNER,,,,,,,,,,,,,,,,,,,,,,,,,,,,,,,,,
2129662,98ae7985b97304a02d9aacb9021c1799fea27369a6bb50d740b9e2bfbdd0a73e994642190b76e82cf67b515ad1a6b4d4c69ba59eb051d49ef9fee44cd96ce0b2,08/16/2025 09:50:00 AM,1,DRIVER,,2030203,,CHEVROLET,CRUZE,IL,2014,UNKNOWN,PASSENGER,PERSONAL,N,MERGING,Y,,1,,PERSONAL,,,Y,,,,,,,,,,,,,FRONT-RIGHT-CORNER,,,,,,,,,,,,,,,,,,,,,,,,,,,,,,,,,
2129663,98ae7985b97304a02d9aacb9021c1799fea27369a6bb50d740b9e2bfbdd0a73e994642190b76e82cf67b515ad1a6b4d4c69ba59eb051d49ef9fee44cd96ce0b2,08/16/2025 09:50:00 AM,2,DRIVER,,2030207,N,NORTH AMERICAN BUS INDUSTRIES,45C-LFW,IL,2000,UNKNOWN,BUS OVER 15 PASS.,CTA,N,STRAIGHT AHEAD,Y,,1,,,,,,,,,,,Y,,,,,,,REAR-LEFT-CORNER,,,,,,,,,,,,,,,,,,,,,,,,,,,,,,,,,
2129651,2dff3531cf9d2fb8c6e57b632e2135560202ca94e52ffb6528e5bd824eac82e26c324e2e0c71edd45317c35d208579ae9acec97b267b5d460158c3d4c8986d29,08/16/2025 09:49:00 AM,1,DRIVER,,2030179,,MERCEDES-BENZ,C350,IL,2009,NONE,PASSENGER,PERSONAL,E,STRAIGHT AHEAD,Y,,1,,PRIVATE TOW,PRIVATE TOW,,Y,,,,,,,,,,Y,Y,,FRONT,,,,,,,,,,,,,,,,,,,,,,,,,,,,,,,,,
2129652,2dff3531cf9d2fb8c6e57b632e2135560202ca94e52ffb6528e5bd824eac82e26c324e2e0c71edd45317c35d208579ae9acec97b267b5d460158c3d4c8986d29,08/16/2025 09:49:00 AM,2,DRIVER,3,2030183,,DODGE,DURANGO,IN,2011,NONE,SPORT UTILITY VEHICLE (SUV),PERSONAL,E,STRAIGHT AHEAD,,,4,,,,,,,,,,Y,,,,,,,,REAR,,,,,,,,,,,,,,,,,,,,,,,,,,,,,,,,,
2129633,fcf1c8c251c6aeb556c00f760ed22263301f3dd8d9f1d02ede060b5319b94ffc837407906548f80f30308143724a4fab6996068fe0b775214a7ae5cdd1648888,08/16/2025 09:45:00 AM,1,DRIVER,,2030155,,INFINITI,G35,IL,2007,NONE,PASSENGER,UNKNOWN/NA,UNKNOWN,LEAVING TRAFFIC LANE TO PARK,,,1,,,,,,,,,,,,,,Y,Y,,,FRONT-LEFT-CORNER,,,,,,,,,,,,,,,,,,,,,,,,,,,,,,,,,
2129634,fcf1c8c251c6aeb556c00f760ed22263301f3dd8d9f1d02ede060b5319b94ffc837407906548f80f30308143724a4fab6996068fe0b775214a7ae5cdd1648888,08/16/2025 09:45:00 AM,2,DRIVER,,2030161,,KIA,RIO / K2,IL,2013,NONE,PASSENGER,UNKNOWN/NA,UNKNOWN,SLOW/STOP IN TRAFFIC,,,1,,,,,,Y,Y,Y,,,,,,,,,,SIDE-RIGHT,,,,,,,,,,,,,,,,,,,,,,,,,,,,,,,,,
2130772,41e0f4e74bb060b623c4a5ffb4de225744a0a5d49eabd2f0e3154dc10cafbb11b0d7744887062043f7711151e4cdae285f1625cf87522629837e5b7e019d7fa0,08/16/2025 09:30:00 AM,1,DRIVER,,2031216,,UNKNOWN,OTHER (EXPLAIN IN NARRATIVE),,,UNKNOWN,UNKNOWN/NA,UNKNOWN/NA,UNKNOWN,UNKNOWN/NA,,,1,,,,,,,,,,,,,,,,,Y,UNKNOWN,,,,,,,,,,,,,,,,,,,,,,,,,,,,,,,,,
2130773,41e0f4e74bb060b623c4a5ffb4de225744a0a5d49eabd2f0e3154dc10cafbb11b0d7744887062043f7711151e4cdae285f1625cf87522629837e5b7e019d7fa0,08/16/2025 09:30:00 AM,2,PARKED,,2031217,,CHEVROLET,EQUINOX,IL,2024,NONE,SPORT UTILITY VEHICLE (SUV),NOT IN USE,N,PARKED,,,0,,,,,,,,,,Y,Y,Y,,,,,,SIDE-LEFT-REAR,,,,,,,,,,,,,,,,,,,,,,,,,,,,,,,,,
2129646,84b6030d9d440761eb4599d5e44ca12e39526e74de8faae331d02a902c396a61fd9a96c18c03e115241d82e22ef5ba588c75502010c7787a3788bff2753bc5ae,08/16/2025 09:15:00 AM,1,DRIVER,,2030171,,MERCEDES-BENZ,C300,IL,2024,UNKNOWN,PASSENGER,PERSONAL,S,STRAIGHT AHEAD,,,1,,,,,,,,,,,,,,,,Y,,FRONT,,,,,,,,,,,,,,,,,,,,,,,,,,,,,,,,,
2129635,66126e5970035a019d63c2eea03c2c1e88c9127f2962b48c927ef1c2c2c1e019bd88ea5ca197b4457238110da89be35340fec79e147b7524270d26d419e8271d,08/16/2025 09:11:00 AM,1,DRIVER,,2030157,,TOYOTA,HIGHLANDER,IL,2009,NONE,PASSENGER,PERSONAL,N,STRAIGHT AHEAD,,,1,,,,,,,Y,Y,Y,,,,,,,,,REAR-RIGHT-CORNER,,,,,,,,,,,,,,,,,,,,,,,,,,,,,,,,,
2129636,66126e5970035a019d63c2eea03c2c1e88c9127f2962b48c927ef1c2c2c1e019bd88ea5ca197b4457238110da89be35340fec79e147b7524270d26d419e8271d,08/16/2025 09:11:00 AM,2,PARKED,,2030163,,FORD,CUSTOMLINE,IL,2019,NONE,VAN/MINI-VAN,COMMERCIAL - MULTI-UNIT,N,PARKED,,,0,,,,,,,,,,,Y,,,,,,,REAR,,,,,,,,,,,,,,,,,,,,,,,,,,,,,,,,,
2129585,b47c3d40b20e66b2d452724ddf91c5948d7959cae48539dc5d722b2faf14a3bf7c9b84bd1cc24c74cca3255871c17176bd7938e8cbab3707b64d57d49c42aed8,08/16/2025 09:10:00 AM,1,DRIVER,,2030119,N,CHEVROLET,VAN,IL,2019,UNKNOWN,VAN/MINI-VAN,OTHER,SW,TURNING RIGHT,,,1,,,,,Y,,,,,,,,,,,,,FRONT-RIGHT-CORNER,,,,,,,,,,,,,,,,,,,,,,,,,,,,,,,,,
2129586,b47c3d40b20e66b2d452724ddf91c5948d7959cae48539dc5d722b2faf14a3bf7c9b84bd1cc24c74cca3255871c17176bd7938e8cbab3707b64d57d49c42aed8,08/16/2025 09:10:00 AM,2,BICYCLE,,,,,,,,,,,,,,,,,,,,,,,,,,,,,,,,,,,,,,,,,,,,,,,,,,,,,,,,,,,,,,,,,,
2129613,5b332ce5ef8be080a2079ebe7b9b53a1754501128f8a58437d21dd308cc903fe117d747d4e36205d8abb270103960fef734dcc35787983dcf9fdc989dbd226e0,08/16/2025 09:05:00 AM,1,DRIVER,,2030160,,ACURA,TLX,IL,2008,NONE,PASSENGER,PERSONAL,NE,STRAIGHT AHEAD,N,,1,,,,,Y,,,,,,,,,,Y,Y,,FRONT,,,,,,,,,,,,,,,,,,,,,,,,,,,,,,,,,
2129614,5b332ce5ef8be080a2079ebe7b9b53a1754501128f8a58437d21dd308cc903fe117d747d4e36205d8abb270103960fef734dcc35787983dcf9fdc989dbd226e0,08/16/2025 09:05:00 AM,2,DRIVER,,2030172,,HYUNDAI,PALISADE,,2020,NONE,SPORT UTILITY VEHICLE (SUV),PERSONAL,N,SLOW/STOP IN TRAFFIC,,,1,,,,,,,,,Y,Y,Y,,,,,,,REAR,,,,,,,,,,,,,,,,,,,,,,,,,,,,,,,,,
2129579,3cc431baa7a678cd934a0c4cd25ae6278ab98cbb6e9f48777f53920850568771abe1842e681d35b417a6aaa2d63bebcaab30f167f8991f8e838a0196c80e85dc,08/16/2025 09:00:00 AM,1,DRIVER,,2030112,,NISSAN,OTHER (EXPLAIN IN NARRATIVE),IL,2009,UNKNOWN,PASSENGER,PERSONAL,S,STRAIGHT AHEAD,,,1,,,,,Y,,,,,,,,,,Y,Y,,FRONT,,,,,,,,,,,,,,,,,,,,,,,,,,,,,,,,,
2129580,3cc431baa7a678cd934a0c4cd25ae6278ab98cbb6e9f48777f53920850568771abe1842e681d35b417a6aaa2d63bebcaab30f167f8991f8e838a0196c80e85dc,08/16/2025 09:00:00 AM,2,DRIVER,,2030114,,LEXUS,OTHER (EXPLAIN IN NARRATIVE),IL,2013,UNKNOWN,PASSENGER,PERSONAL,S,STRAIGHT AHEAD,,,1,,,,,,,,,Y,Y,Y,,,,,,,REAR,,,,,,,,,,,,,,,,,,,,,,,,,,,,,,,,,
2129606,52a9fa1121976718b946f1470d0e17472a583de99a613269cd80df1451fd248b878ec34f14172d32b10747e4c3a9139d3cdd637996ce27aa60734c6dda0f379a,08/16/2025 09:00:00 AM,1,DRIVER,,2030138,,HYUNDAI,KONA,IL,,NONE,PASSENGER,PERSONAL,W,STRAIGHT AHEAD,,,1,,,,,,,,,,,,,,,,Y,,FRONT,,,,,,,,,,,,,,,,,,,,,,,,,,,,,,,,,
2129607,52a9fa1121976718b946f1470d0e17472a583de99a613269cd80df1451fd248b878ec34f14172d32b10747e4c3a9139d3cdd637996ce27aa60734c6dda0f379a,08/16/2025 09:00:00 AM,2,PEDESTRIAN,,,,,,,,,,,,,,,,,,,,,,,,,,,,,,,,,,,,,,,,,,,,,,,,,,,,,,,,,,,,,,,,,,
2131273,6125a5d25adcfdac71aafa437f905004e8859113042c31091bbb9ec9bb5cf4daeab07de95317bbb44f7c022a927e9246e271654705caf30eb84bd28d70f9b96a,08/16/2025 09:00:00 AM,1,DRIVER,,2031710,,UNKNOWN,MOTORIZED,XX,,UNKNOWN,UNKNOWN/NA,UNKNOWN/NA,UNKNOWN,UNKNOWN/NA,,,1,,,,,,,,,,,,,,,,,Y,UNKNOWN,,,,,,,,,,,,,,,,,,,,,,,,,,,,,,,,,
2131274,6125a5d25adcfdac71aafa437f905004e8859113042c31091bbb9ec9bb5cf4daeab07de95317bbb44f7c022a927e9246e271654705caf30eb84bd28d70f9b96a,08/16/2025 09:00:00 AM,2,PARKED,,2031718,,NISSAN,ROGUE,IL,2017,UNKNOWN,PASSENGER,PERSONAL,E,PARKED,Y,,0,,,TIP TOWING,,,,,,,,,Y,Y,Y,Y,Y,,FRONT,,,,,,,,,,,,,,,,,,,,,,,,,,,,,,,,,
2129593,a99d8154da5be0fc19f1566ec03f8ae391b1c04d7ec485379a6bc974e52ffd279506301ac476079286ff0b4c99f0b50290163b8c6979dd6552b178417d0d886f,08/16/2025 09:00:00 AM,1,DRIVER,,2030124,,NISSAN,ALTIMA,,,UNKNOWN,PASSENGER,NOT IN USE,N,CHANGING LANES,,,1,,,,,Y,,,,,,,,,,,,,FRONT-RIGHT-CORNER,,,,,,,,,,,,,,,,,,,,,,,,,,,,,,,,,
2129594,a99d8154da5be0fc19f1566ec03f8ae391b1c04d7ec485379a6bc974e52ffd279506301ac476079286ff0b4c99f0b50290163b8c6979dd6552b178417d0d886f,08/16/2025 09:00:00 AM,2,DRIVER,,2030126,,TOYOTA,CAMRY,IL,2021,NONE,PASSENGER,PERSONAL,N,PASSING/OVERTAKING,,,1,,,,,,,,,,,,,,,Y,,,FRONT-LEFT-CORNER,,,,,,,,,,,,,,,,,,,,,,,,,,,,,,,,,
2129595,b64c2325ecc53824e6eb8ffcf1ce9280b29860e55cf95975c00d486d05e265cec799e5f2c6b27fb8a9c47a67812b70d5ddd6397464674b8dbc28be896251e62e,08/16/2025 08:59:00 AM,1,DRIVER,1,2030133,,KIA,SOUL,IL,2023,NONE,PASSENGER,PERSONAL,E,STRAIGHT AHEAD,Y,,2,,,,,Y,Y,,,,,,,,Y,Y,Y,,FRONT,,,,,,,,,,,,,,,,,,,,,,,,,,,,,,,,,
2129596,b64c2325ecc53824e6eb8ffcf1ce9280b29860e55cf95975c00d486d05e265cec799e5f2c6b27fb8a9c47a67812b70d5ddd6397464674b8dbc28be896251e62e,08/16/2025 08:59:00 AM,2,PARKED,,2030131,,UNKNOWN,OTHER (EXPLAIN IN NARRATIVE),IL,2025,NONE,VAN/MINI-VAN,NOT IN USE,E,PARKED,,,0,,,,Y,,,,,Y,Y,Y,,,,,,,REAR,,,,,,,,,,,,,,,,,,,,,,,,,,,,,,,,,
2133009,a076b8843248871a1d703951063d2d200f7b261bb7f9158d19d138c8801b5aa9ec6b4bd9d41322330b9709fb240f71eed5b1d2c1f6eb71ca163b3bc747da4e73,08/16/2025 08:30:00 AM,1,DRIVER,,2033344,,UNKNOWN,MOTORIZED,,,UNKNOWN,PASSENGER,UNKNOWN/NA,S,PASSING/OVERTAKING,,,1,,,,,,,,,,Y,,,,,,,,REAR,,,,,,,,,,,,,,,,,,,,,,,,,,,,,,,,,
2133010,a076b8843248871a1d703951063d2d200f7b261bb7f9158d19d138c8801b5aa9ec6b4bd9d41322330b9709fb240f71eed5b1d2c1f6eb71ca163b3bc747da4e73,08/16/2025 08:30:00 AM,2,DRIVER,,2033341,,HYUNDAI,KONA,IL,2025,UNKNOWN,PASSENGER,PERSONAL,S,SLOW/STOP IN TRAFFIC,,,1,,,,,,,,,,,,,,,,,Y,UNKNOWN,,,,,,,,,,,,,,,,,,,,,,,,,,,,,,,,,
2129589,b6c950a0d853f607d9ac72876d89ba0f4fe5afcab5db3bd479cf2cd5eea844ae4ea847f621418d66c0302918b372cf0c7c185a5be607bb38d29f0ca18f789477,08/16/2025 08:15:00 AM,1,DRIVER,,2030122,,CHEVROLET,IMPALA,WI,2005,NONE,PASSENGER,PERSONAL,S,BACKING,Y,,1,,CITY OF CHICAGO,701 N SACRAMENTO,,,,,,Y,,,,,,,,,REAR-RIGHT-CORNER,,,,,,,,,,,,,,,,,,,,,,,,,,,,,,,,,
2129590,b6c950a0d853f607d9ac72876d89ba0f4fe5afcab5db3bd479cf2cd5eea844ae4ea847f621418d66c0302918b372cf0c7c185a5be607bb38d29f0ca18f789477,08/16/2025 08:15:00 AM,2,DRIVER,,2030129,,FORD,ESCAPE,IL,2021,NONE,PASSENGER,PERSONAL,E,STARTING IN TRAFFIC,,,1,,,,,,,,,,,,,Y,Y,,,,FRONT-LEFT-CORNER,,,,,,,,,,,,,,,,,,,,,,,,,,,,,,,,,
2129569,a8e60fa54ade2a5690541c11a2aac9283f741c68279e8df3880f7017c9469d4efe3d8135799f678c92d8d86190afe1df90f7f01e1a70f467a94e44fb4d96cfaa,08/16/2025 08:10:00 AM,1,DRIVER,,2030105,,SCION,IA,IL,2016,NONE,PASSENGER,PERSONAL,S,STRAIGHT AHEAD,,,1,,,,,,,,,,,,,,,Y,,,FRONT-LEFT-CORNER,,,,,,,,,,,,,,,,,,,,,,,,,,,,,,,,,
2129570,a8e60fa54ade2a5690541c11a2aac9283f741c68279e8df3880f7017c9469d4efe3d8135799f678c92d8d86190afe1df90f7f01e1a70f467a94e44fb4d96cfaa,08/16/2025 08:10:00 AM,2,DRIVER,,2030106,,NISSAN,ROGUE,IL,2015,NONE,PASSENGER,PERSONAL,S,STRAIGHT AHEAD,,,1,,,,,,,Y,,Y,,,,,,,,,SIDE-RIGHT,,,,,,,,,,,,,,,,,,,,,,,,,,,,,,,,,
2129856,dd549929e659dc5146f2378c82a3a7e8d7285e418efe59b5be1c21f2a5570c98c49006de106d6653249b59beb6415ed196f191d02a5ce10d21c291b93c3a84d4,08/16/2025 08:10:00 AM,1,DRIVER,,2030367,,HONDA,ODYSSEY,IL,2008,UNKNOWN,VAN/MINI-VAN,PERSONAL,E,BACKING,,,1,,,,,,,,,Y,,,,,,,,,REAR-RIGHT-CORNER,,,,,,,,,,,,,,,,,,,,,,,,,,,,,,,,,
2129857,dd549929e659dc5146f2378c82a3a7e8d7285e418efe59b5be1c21f2a5570c98c49006de106d6653249b59beb6415ed196f191d02a5ce10d21c291b93c3a84d4,08/16/2025 08:10:00 AM,2,PARKED,,2030376,,MAZDA,MX-3,IL,2017,NONE,SPORT UTILITY VEHICLE (SUV),NOT IN USE,N,PARKED,,,0,,,,,,,,,,,,,Y,Y,,,,SIDE-LEFT,,,,,,,,,,,,,,,,,,,,,,,,,,,,,,,,,
2129615,5923a07ed77f78acb55da16e855e8872c6106ae4e7ecdfa17eafb28cfc7bee5ac580e6dab1c9e8b6f634864d9d4a9127cc15bfac96171f39b7c692e87b21e4a8,08/16/2025 08:00:00 AM,1,DRIVER,,2030143,,UNKNOWN,MOTORIZED,,,UNKNOWN,UNKNOWN/NA,UNKNOWN/NA,UNKNOWN,UNKNOWN/NA,,,1,,,,,,,,,,,,,,,,,Y,UNKNOWN,,,,,,,,,,,,,,,,,,,,,,,,,,,,,,,,,
2129558,a16647fb8ed61f082035b186c7223834b9c8df17737eb3783a126a916204efd926f677c950b0dc8e1d63d318aa5eeccc034f7a19144d56d219d58e2d93bb8224,08/16/2025 07:45:00 AM,1,DRIVER,1,2030097,,HONDA,CIVIC,IL,1998,NONE,PASSENGER,PERSONAL,W,STRAIGHT AHEAD,,,2,,,,,Y,,,,,,,,,,Y,Y,,FRONT,,,,,,,,,,,,,,,,,,,,,,,,,,,,,,,,,
2129559,a16647fb8ed61f082035b186c7223834b9c8df17737eb3783a126a916204efd926f677c950b0dc8e1d63d318aa5eeccc034f7a19144d56d219d58e2d93bb8224,08/16/2025 07:45:00 AM,2,DRIVER,,2030100,,TOYOTA,RAV4,IL,2020,NONE,SPORT UTILITY VEHICLE (SUV),PERSONAL,W,SLOW/STOP IN TRAFFIC,,,1,,,,,,,,,Y,Y,Y,,,,,,,REAR,,,,,,,,,,,,,,,,,,,,,,,,,,,,,,,,,
2129976,6e627168c40620696ed23333acf412d4410e5235ae178a1e5166fbd875b3a841c02406b6379d9ab3c087946002983f475c1ea551364a6b391b74b7b5b44b0cff,08/16/2025 07:30:00 AM,1,DRIVER,,2030488,,HONDA,HR-V,IL,2026,NONE,PASSENGER,PERSONAL,E,STRAIGHT AHEAD,,,1,,,,,,,,,,,,,,,,Y,,FRONT,,,,,,,,,,,,,,,,,,,,,,,,,,,,,,,,,
2129977,6e627168c40620696ed23333acf412d4410e5235ae178a1e5166fbd875b3a841c02406b6379d9ab3c087946002983f475c1ea551364a6b391b74b7b5b44b0cff,08/16/2025 07:30:00 AM,2,DRIVER,,2030496,,FORD,ESCAPE,IL,2023,NONE,PASSENGER,PERSONAL,E,SLOW/STOP IN TRAFFIC,,,1,,,,,,,,,,Y,,,,,,,,REAR,,,,,,,,,,,,,,,,,,,,,,,,,,,,,,,,,
2129565,8a91ef512b7be791ee7929dc5147402fbce412ca041f3d43f279581b4f5f27c79b997418a1635ddc186d1693de86d4ae5d059d3292f3df76dd35b49707729026,08/16/2025 07:30:00 AM,1,DRIVER,,2030102,,MAZDA,CX-5,IL,2014,UNKNOWN,SPORT UTILITY VEHICLE (SUV),PERSONAL,N,STRAIGHT AHEAD,,,1,,,,,,,,,,,,Y,Y,Y,Y,Y,,SIDE-LEFT,,,,,,,,,,,,,,,,,,,,,,,,,,,,,,,,,