CRASH_UNIT_ID,CRASH_RECORD_ID,CRASH_DATE,UNIT_NO,UNIT_TYPE,NUM_PASSENGERS,VEHICLE_ID,CMRC_VEH_I,MAKE,MODEL,LIC_PLATE_STATE,VEHICLE_YEAR,VEHICLE_DEFECT,VEHICLE_TYPE,VEHICLE_USE,TRAVEL_DIRECTION,MANEUVER,TOWED_I,FIRE_I,OCCUPANT_CNT,EXCEED_SPEED_LIMIT_I,TOWED_BY,TOWED_TO,AREA_00_I,AREA_01_I,AREA_02_I,AREA_03_I,AREA_04_I,AREA_05_I,AREA_06_I,AREA_07_I,AREA_08_I,AREA_09_I,AREA_10_I,AREA_11_I,AREA_12_I,AREA_99_I,FIRST_CONTACT_POINT,CMV_ID,USDOT_NO,CCMC_NO,ILCC_NO,COMMERCIAL_SRC,GVWR,CARRIER_NAME,CARRIER_STATE,CARRIER_CITY,HAZMAT_PLACARDS_I,HAZMAT_NAME,UN_NO,HAZMAT_PRESENT_I,HAZMAT_REPORT_I,HAZMAT_REPORT_NO,MCS_REPORT_I,MCS_REPORT_NO,HAZMAT_VIO_CAUSE_CRASH_I,MCS_VIO_CAUSE_CRASH_I,IDOT_PERMIT_NO,WIDE_LOAD_I,TRAILER1_WIDTH,TRAILER2_WIDTH,TRAILER1_LENGTH,TRAILER2_LENGTH,TOTAL_VEHICLE_LENGTH,AXLE_CNT,VEHICLE_CONFIG,CARGO_BODY_TYPE,LOAD_TYPE,HAZMAT_OUT_OF_SERVICE_I,MCS_OUT_OF_SERVICE_I,HAZMAT_CLASS
2129566,8a91ef512b7be791ee7929dc5147402fbce412ca041f3d43f279581b4f5f27c79b997418a1635ddc186d1693de86d4ae5d059d3292f3df76dd35b49707729026,08/16/2025 07:30:00 AM,2,DRIVER,,2030107,,NISSAN,ROGUE,IL,2022,UNKNOWN,SPORT UTILITY VEHICLE (SUV),PERSONAL,E,STRAIGHT AHEAD,Y,,1,,private tow,8025 s. justine,,Y,Y,,,,,,,,,Y,Y,,FRONT,,,,,,,,,,,,,,,,,,,,,,,,,,,,,,,,,
2129571,b8d7ec8696386df896cab798ac8e8e5359e27d6ee8743c975ce2cb429813e37b2a3a536e3ad64a2bdf447680ff73ecc3b55c78e5d821212329309b64ad0d9a99,08/16/2025 06:54:00 AM,1,DRIVER,,2030108,,CHEVROLET,MALIBU,IL,2015,NONE,PASSENGER,PERSONAL,S,TURNING LEFT,Y,,1,,self towed by driver,,,,,,,,Y,Y,Y,Y,,,,,OTHER,,,,,,,,,,,,,,,,,,,,,,,,,,,,,,,,,
2129572,b8d7ec8696386df896cab798ac8e8e5359e27d6ee8743c975ce2cb429813e37b2a3a536e3ad64a2bdf447680ff73ecc3b55c78e5d821212329309b64ad0d9a99,08/16/2025 06:54:00 AM,2,DRIVER,,2030110,,JEEP,GRAND CHEROKEE,IL,2011,UNKNOWN,PASSENGER,PERSONAL,S,STRAIGHT AHEAD,Y,,1,,city of chicago,,,Y,,,,,,,,,,Y,Y,,FRONT,,,,,,,,,,,,,,,,,,,,,,,,,,,,,,,,,
2129567,4830200e63cda939f6408e6a59d79b0abd68899ce374c7e1166826b2e86fe6fb9b4b866bc09ebb2f07a09f27a89b0b6e34a4ad40320229082e9e107c83128c91,08/16/2025 06:30:00 AM,1,DRIVER,,2030099,,UNKNOWN,MOTORIZED,,,UNKNOWN,UNKNOWN/NA,UNKNOWN/NA,UNKNOWN,UNKNOWN/NA,,,1,,,,,N,N,N,N,N,,,,,,,,Y,UNKNOWN,,,,,,,,,,,,,,,,,,,,,,,,,,,,,,,,,
2129568,4830200e63cda939f6408e6a59d79b0abd68899ce374c7e1166826b2e86fe6fb9b4b866bc09ebb2f07a09f27a89b0b6e34a4ad40320229082e9e107c83128c91,08/16/2025 06:30:00 AM,2,PARKED,,2030101,,BUICK,ENCLAVE,,2020,NONE,SPORT UTILITY VEHICLE (SUV),NOT IN USE,W,PARKED,,,0,,,,,,Y,Y,Y,,,,,,,,,,UNKNOWN,,,,,,,,,,,,,,,,,,,,,,,,,,,,,,,,,
2129545,8895f57bdb0b931072adc3e3a15cf5703bc0c11c7c4d46bef3e474a10d2df796d9a2b81b861afb836cf969eb65f3b883aba8038e74fd55951554bfc726739c2a,08/16/2025 06:15:00 AM,1,DRIVER,,2030084,,FORD,EXPLORER,IL,2023,NONE,PASSENGER,POLICE,N,BACKING,,,1,,,,,,,,,,Y,,,,,,,,REAR,,,,,,,,,,,,,,,,,,,,,,,,,,,,,,,,,
2129546,8895f57bdb0b931072adc3e3a15cf5703bc0c11c7c4d46bef3e474a10d2df796d9a2b81b861afb836cf969eb65f3b883aba8038e74fd55951554bfc726739c2a,08/16/2025 06:15:00 AM,2,PARKED,,2030085,,TOYOTA,COROLLA,KS,2007,UNKNOWN,PASSENGER,UNKNOWN/NA,UNKNOWN,PARKED,,,0,,,,,,,,,,,,,,,,Y,,FRONT,,,,,,,,,,,,,,,,,,,,,,,,,,,,,,,,,
2139869,52c1e93081c35089847acb7ba0f8d6c0150d6e9ce40ad3c786942581a322ec84401a28a3660d7bc683512d149078efedbd571d976596b7af05f26f3d17f01264,08/16/2025 06:00:00 AM,1,DRIVER,,2039859,,UNKNOWN,OTHER (EXPLAIN IN NARRATIVE),IL,,UNKNOWN,UNKNOWN/NA,UNKNOWN/NA,UNKNOWN,UNKNOWN/NA,,,1,,,,,,,,,,,,,,,,,,UNKNOWN,,,,,,,,,,,,,,,,,,,,,,,,,,,,,,,,,
2139870,52c1e93081c35089847acb7ba0f8d6c0150d6e9ce40ad3c786942581a322ec84401a28a3660d7bc683512d149078efedbd571d976596b7af05f26f3d17f01264,08/16/2025 06:00:00 AM,2,PARKED,,2039866,,NISSAN,ALTIMA,IL,2015,UNKNOWN,PASSENGER,PERSONAL,N,PARKED,,,0,,,,,,,,,,,Y,Y,,,,,,REAR-LEFT-CORNER,,,,,,,,,,,,,,,,,,,,,,,,,,,,,,,,,
2139871,52c1e93081c35089847acb7ba0f8d6c0150d6e9ce40ad3c786942581a322ec84401a28a3660d7bc683512d149078efedbd571d976596b7af05f26f3d17f01264,08/16/2025 06:00:00 AM,3,PARKED,,2039869,,HONDA,ODYSSEY,IL,2005,UNKNOWN,VAN/MINI-VAN,PERSONAL,N,PARKED,,,0,,,,,,,,,Y,Y,,,,,,,,REAR-RIGHT-CORNER,,,,,,,,,,,,,,,,,,,,,,,,,,,,,,,,,
2129609,cce77d6e2310040ae2f1e9713dffa4a1c112c3ac7ba5e99e7b84ba9653146f6e7e2bca00352a6af28049f3fd4e76873154b22f097267a3f8863107dca03d8f13,08/16/2025 06:00:00 AM,1,DRIVER,,2030139,,CHEVROLET,IMPALA,IL,2015,UNKNOWN,PASSENGER,UNKNOWN/NA,N,UNKNOWN/NA,Y,,1,,,pound 2,,Y,Y,,,,,,,,,Y,Y,,FRONT,,,,,,,,,,,,,,,,,,,,,,,,,,,,,,,,,
2129610,cce77d6e2310040ae2f1e9713dffa4a1c112c3ac7ba5e99e7b84ba9653146f6e7e2bca00352a6af28049f3fd4e76873154b22f097267a3f8863107dca03d8f13,08/16/2025 06:00:00 AM,2,PARKED,,2030141,,TOYOTA,CAMRY,IL,2019,UNKNOWN,PASSENGER,UNKNOWN/NA,N,PARKED,,,0,,,,,,,,,,,,,,,,,Y,UNKNOWN,,,,,,,,,,,,,,,,,,,,,,,,,,,,,,,,,
2129611,cce77d6e2310040ae2f1e9713dffa4a1c112c3ac7ba5e99e7b84ba9653146f6e7e2bca00352a6af28049f3fd4e76873154b22f097267a3f8863107dca03d8f13,08/16/2025 06:00:00 AM,3,DRIVERLESS,,2030144,,NISSAN,ALTIMA,IL,2012,NONE,PASSENGER,PERSONAL,N,PARKED,,,0,,,,,,,,,Y,Y,Y,,,,,,,REAR,,,,,,,,,,,,,,,,,,,,,,,,,,,,,,,,,
2129552,742beebe5d935914339c57cd5b158d7f416ba2e2e8ea19471b002b22510d6f7afd87593f3be83c7737aac283d4326d52577b28eb91d217c52b3bac1479aacfaa,08/16/2025 05:00:00 AM,1,DRIVER,,2030089,,MITSUBISHI,TRUCK,IL,2001,UNKNOWN,PICKUP,OTHER,E,BACKING,,,1,,,,,,,,,Y,Y,Y,,,,,,,REAR,,,,,,,,,,,,,,,,,,,,,,,,,,,,,,,,,
2129553,742beebe5d935914339c57cd5b158d7f416ba2e2e8ea19471b002b22510d6f7afd87593f3be83c7737aac283d4326d52577b28eb91d217c52b3bac1479aacfaa,08/16/2025 05:00:00 AM,2,PARKED,,2030091,,HONDA,ACCORD,IL,2022,UNKNOWN,PASSENGER,PERSONAL,UNKNOWN,PARKED,,,0,,,,,Y,,,,,,,,,,Y,Y,,FRONT,,,,,,,,,,,,,,,,,,,,,,,,,,,,,,,,,
2129544,08a64f44e0e97ec2e410d7ffc37eddcd24729371e057a697b65c657afc4a79bd1b760b438c332d5e85331eb85745dea5276763361effca4ae9a16a265285547c,08/16/2025 04:30:00 AM,1,DRIVER,,2030082,,INFINITI,Q50,IL,2014,NONE,PASSENGER,PERSONAL,E,STRAIGHT AHEAD,Y,,1,,ER,POUND 1,,,,,,,,,,,Y,Y,Y,,FRONT,,,,,,,,,,,,,,,,,,,,,,,,,,,,,,,,,
2129534,5b39aa7fbf2b896915eecb4d316563a87b12bcfeb0b839d50526501a480159fda1e6d8f91058447f887b038fbfda36c855eb414c6f4d556f601a8be6de582789,08/16/2025 04:19:00 AM,1,DRIVER,,2030069,,CHEVROLET,IMPALA,IN,2025,NONE,PASSENGER,PERSONAL,W,STRAIGHT AHEAD,Y,,1,,private tow,,,Y,Y,,,,,,,Y,Y,Y,Y,,FRONT,,,,,,,,,,,,,,,,,,,,,,,,,,,,,,,,,
2129535,5b39aa7fbf2b896915eecb4d316563a87b12bcfeb0b839d50526501a480159fda1e6d8f91058447f887b038fbfda36c855eb414c6f4d556f601a8be6de582789,08/16/2025 04:19:00 AM,2,DRIVER,,2030081,,CHEVROLET,MALIBU,IL,2022,NONE,PASSENGER,PERSONAL,S,STRAIGHT AHEAD,Y,,1,,cpd,,,,,,,,,,,Y,Y,Y,,,SIDE-LEFT,,,,,,,,,,,,,,,,,,,,,,,,,,,,,,,,,
2129530,8f7b2fa40efd533753a14f279f96576e73df61af601aad493536d7ffad30a5df57985ee9a6b285cd11a974b98860fc03aefeb161a44890323873af54708d921f,08/16/2025 03:52:00 AM,1,DRIVER,,2030070,,FORD,EXPLORER,IL,2017,UNKNOWN,SPORT UTILITY VEHICLE (SUV),POLICE,S,STRAIGHT AHEAD,,,1,,,,,,Y,,,,,,,,,,,,FRONT-RIGHT-CORNER,,,,,,,,,,,,,,,,,,,,,,,,,,,,,,,,,
2133614,1ba1c765730b2ea5ce0dfd574e6018bb2ae7832b982febe0b476f3cdc64b3c082c355b5f12ef4fa3d7c530be626f6a9bbf867637f69cc72c3f157e9f956eec0b,08/16/2025 03:51:00 AM,1,DRIVER,,2033908,,UNKNOWN,OTHER (EXPLAIN IN NARRATIVE),,,UNKNOWN,UNKNOWN/NA,UNKNOWN/NA,SE,BACKING,,,1,,,,,,,,,,Y,Y,,,,,,,REAR,,,,,,,,,,,,,,,,,,,,,,,,,,,,,,,,,
2133615,1ba1c765730b2ea5ce0dfd574e6018bb2ae7832b982febe0b476f3cdc64b3c082c355b5f12ef4fa3d7c530be626f6a9bbf867637f69cc72c3f157e9f956eec0b,08/16/2025 03:51:00 AM,2,PARKED,,2033915,,NISSAN,NV CARGO,IL,2018,NONE,VAN/MINI-VAN,OTHER,W,PARKED,,,0,,,,,Y,,,,,,,,,,N,Y,,FRONT,,,,,,,,,,,,,,,,,,,,,,,,,,,,,,,,,
2129644,8b3325bd3b97d333a4862cfc29862e36bef943d600c2ad2b457a16674ce489bdce6f2961d504a142e77d330c9f37bf49d26e69ec2d34815e4467b98eae4d74c2,08/16/2025 03:40:00 AM,1,DRIVER,,2030166,,JEEP,GRAND CHEROKEE,IL,,UNKNOWN,SPORT UTILITY VEHICLE (SUV),PERSONAL,E,STRAIGHT AHEAD,,,1,,,,,Y,Y,,,,,,,,,Y,Y,,FRONT-RIGHT-CORNER,,,,,,,,,,,,,,,,,,,,,,,,,,,,,,,,,
2129645,8b3325bd3b97d333a4862cfc29862e36bef943d600c2ad2b457a16674ce489bdce6f2961d504a142e77d330c9f37bf49d26e69ec2d34815e4467b98eae4d74c2,08/16/2025 03:40:00 AM,2,DRIVER,,2030173,,INFINITI,Q50,IL,2010,UNKNOWN,SPORT UTILITY VEHICLE (SUV),PERSONAL,N,STRAIGHT AHEAD,,,1,,,,,,,,,,,,,Y,Y,Y,,,FRONT-LEFT-CORNER,,,,,,,,,,,,,,,,,,,,,,,,,,,,,,,,,
2129529,9a2e58f2b8b2f2673c3c355cc973624f33e1fbba91f0027a33408fa4a3b0b9ee8f57abcc47dc92fe36fee3ae7a44d672b019b0292f8557453b80aed6131e28b6,08/16/2025 03:11:00 AM,1,DRIVER,5,2030068,,DODGE,CHARGER,IL,2018,STEERING,PASSENGER,PERSONAL,N,SKIDDING/CONTROL LOSS,Y,,6,,PERSONAL TOW,,,Y,Y,Y,Y,Y,,,,,,Y,Y,,UNKNOWN,,,,,,,,,,,,,,,,,,,,,,,,,,,,,,,,,
2130251,7917acedcebc60b352fa562684a072cc49acc3d30c6ac834e59e69e6fc6e86505547faa78f75c78be57ff7d1d360d72fc5b7f8fd89405808e96ad4d09343cbcd,08/16/2025 03:10:00 AM,1,DRIVER,,2030745,,HYUNDAI,SANTA FE,IL,2022,NONE,SPORT UTILITY VEHICLE (SUV),PERSONAL,S,STRAIGHT AHEAD,,,1,,,,,Y,,,,,,,,,,Y,Y,,FRONT,,,,,,,,,,,,,,,,,,,,,,,,,,,,,,,,,
2130252,7917acedcebc60b352fa562684a072cc49acc3d30c6ac834e59e69e6fc6e86505547faa78f75c78be57ff7d1d360d72fc5b7f8fd89405808e96ad4d09343cbcd,08/16/2025 03:10:00 AM,2,DRIVER,,2030753,,BMW,OTHER (EXPLAIN IN NARRATIVE),TX,2016,NONE,PASSENGER,PERSONAL,S,STRAIGHT AHEAD,Y,,1,,STATE FARM,,,,,,,Y,Y,Y,,,,,,,REAR,,,,,,,,,,,,,,,,,,,,,,,,,,,,,,,,,
2131619,eed2585e6f4fece1a65824e522ebcf2a50ce7a3dbb3a8e1e67203bb10269b9f7b86cf1150ce750a888fd18f5fc2d998cb3feddd077d5c4182a6b2bb603b9b9ea,08/16/2025 02:44:00 AM,1,DRIVER,,2032025,,TOYOTA,OTHER (EXPLAIN IN NARRATIVE),IL,2020,UNKNOWN,PASSENGER,UNKNOWN/NA,W,STRAIGHT AHEAD,,,1,,,,,,,,,,,,,,,,,Y,FRONT,,,,,,,,,,,,,,,,,,,,,,,,,,,,,,,,,
2131620,eed2585e6f4fece1a65824e522ebcf2a50ce7a3dbb3a8e1e67203bb10269b9f7b86cf1150ce750a888fd18f5fc2d998cb3feddd077d5c4182a6b2bb603b9b9ea,08/16/2025 02:44:00 AM,2,PARKED,2,2032028,,FORD,XL,IL,2022,NONE,PICKUP,PERSONAL,W,PARKED,,,2,,,,,,,,,,Y,,,,,,,,REAR,,,,,,,,,,,,,,,,,,,,,,,,,,,,,,,,,
2129531,2536129082d4424fea0bbb1ac4d9b3227dec16594562f7d049fe7af8b5e5dc8d04cd765de1eccceccfc5fb250e4a1c33f4d9d1104ae76a3d930bbd7dac74f6f2,08/16/2025 02:40:00 AM,1,DRIVER,1,2030071,,NISSAN,SENTRA,IL,2014,NONE,OTHER,PERSONAL,N,STRAIGHT AHEAD,Y,,2,,PRIVATE TOW,,,Y,,,,,,,,,,Y,Y,,FRONT-RIGHT-CORNER,,,,,,,,,,,,,,,,,,,,,,,,,,,,,,,,,
2129532,2536129082d4424fea0bbb1ac4d9b3227dec16594562f7d049fe7af8b5e5dc8d04cd765de1eccceccfc5fb250e4a1c33f4d9d1104ae76a3d930bbd7dac74f6f2,08/16/2025 02:40:00 AM,2,PARKED,,2030075,,HONDA,CIVIC,IL,2017,NONE,PASSENGER,NOT IN USE,N,PARKED,,,0,,,,,,,,,,,Y,Y,,,,,,REAR-LEFT-CORNER,,,,,,,,,,,,,,,,,,,,,,,,,,,,,,,,,
2129533,2536129082d4424fea0bbb1ac4d9b3227dec16594562f7d049fe7af8b5e5dc8d04cd765de1eccceccfc5fb250e4a1c33f4d9d1104ae76a3d930bbd7dac74f6f2,08/16/2025 02:40:00 AM,3,PARKED,,2030076,,MAZDA,CX-5,IL,2014,NONE,PASSENGER,NOT IN USE,N,PARKED,,,0,,,,,,,,,,Y,,,,,,,,REAR,,,,,,,,,,,,,,,,,,,,,,,,,,,,,,,,,
2129512,05fa75e0597c75bba81477e905836fe11a09362b1735304ea793fd4ac5511267b31165f77c75b016ea1c9c7e13e9e12988f77547480a6be4554959c17f383511,08/16/2025 02:35:00 AM,1,DRIVER,,2030052,,FORD,EDGE,IL,2012,NONE,PASSENGER,PERSONAL,W,STRAIGHT AHEAD,,,1,,,,,,,,,,,,,,,,Y,,FRONT,,,,,,,,,,,,,,,,,,,,,,,,,,,,,,,,,
2129513,05fa75e0597c75bba81477e905836fe11a09362b1735304ea793fd4ac5511267b31165f77c75b016ea1c9c7e13e9e12988f77547480a6be4554959c17f383511,08/16/2025 02:35:00 AM,2,DRIVER,,2030056,,DODGE,RAM 3500 PU,IL,2022,NONE,TRUCK - SINGLE UNIT,PERSONAL,W,STRAIGHT AHEAD,,,1,,,,,,,,,,Y,,,,,,,,REAR,,,,,,,,,,,,,,,,,,,,,,,,,,,,,,,,,
2129528,c0a8c9d5b405ae251ebb9f0c6639e5d86e1f6279eb23732451adbfbc47e3e2ec3528995b3c9fc2af19467a341dbe0ade05a6d50907c93f3a16b3e9bfc9eec6ca,08/16/2025 02:28:00 AM,1,DRIVER,,2030067,,JEEP,CHEROKEE,IN,2025,NONE,PASSENGER,PERSONAL,S,LEAVING TRAFFIC LANE TO PARK,,,1,,,,,,,,,,,,,,,,,,UNKNOWN,,,,,,,,,,,,,,,,,,,,,,,,,,,,,,,,,
2129510,24fe13d56c95e3654b7f529139270b97e678ffb16c3ad5416b1c72a17c581e85bfa2bd9a6adf9021a5ee84498bb37a8caf272626a4e4ead5ec233e88f4034ddc,08/16/2025 02:15:00 AM,1,DRIVER,,2030053,,VOLKSWAGEN,ATLAS,IL,2024,UNKNOWN,UNKNOWN/NA,UNKNOWN/NA,W,STRAIGHT AHEAD,,,1,,,,,,,,,,,,,,,Y,Y,,FRONT-LEFT-CORNER,,,,,,,,,,,,,,,,,,,,,,,,,,,,,,,,,
2129511,24fe13d56c95e3654b7f529139270b97e678ffb16c3ad5416b1c72a17c581e85bfa2bd9a6adf9021a5ee84498bb37a8caf272626a4e4ead5ec233e88f4034ddc,08/16/2025 02:15:00 AM,2,DRIVER,1,2030050,,BMW,3 SERIES,IL,2015,UNKNOWN,PASSENGER,PERSONAL,S,TURNING LEFT,,,2,,,,,,,,,,,Y,,,,,,,REAR-LEFT-CORNER,,,,,,,,,,,,,,,,,,,,,,,,,,,,,,,,,
2129506,cfe1c7025316495da80c993c0d2b5f90ab99bea6f4e3356a335f7acdaaf58c9e09306684b37e22d0b5117268841f3e98faa1ab0b75a4b4aa1e9e6c2355879445,08/16/2025 02:05:00 AM,1,DRIVER,,2030044,,NISSAN,SENTRA,IL,2024,NONE,PASSENGER,PERSONAL,S,STRAIGHT AHEAD,Y,,1,,by owner,by owner,,Y,Y,,,,,,,,,,Y,,FRONT-RIGHT-CORNER,,,,,,,,,,,,,,,,,,,,,,,,,,,,,,,,,
2129507,cfe1c7025316495da80c993c0d2b5f90ab99bea6f4e3356a335f7acdaaf58c9e09306684b37e22d0b5117268841f3e98faa1ab0b75a4b4aa1e9e6c2355879445,08/16/2025 02:05:00 AM,2,DRIVER,,2030046,,TOYOTA,SIENNA,,2012,NONE,VAN/MINI-VAN,PERSONAL,S,STRAIGHT AHEAD,,,1,,,,,,,,,,Y,Y,Y,,,,,,REAR-LEFT-CORNER,,,,,,,,,,,,,,,,,,,,,,,,,,,,,,,,,
2129522,ef2cfe022d89894b469dd04a6fa6d2c84d490ba2994749e7b14a20281bdba0220a26cf51089d83bec8bb0bf36bd9d9dc3a8b4d65e636c6dff5efde261bdd5762,08/16/2025 02:05:00 AM,1,DRIVER,,2030063,,BMW,X3,IL,2008,UNKNOWN,PASSENGER,PERSONAL,E,OTHER,,,1,,,,,,,,,,,,,,,N,Y,,FRONT-RIGHT-CORNER,,,,,,,,,,,,,,,,,,,,,,,,,,,,,,,,,
2129523,ef2cfe022d89894b469dd04a6fa6d2c84d490ba2994749e7b14a20281bdba0220a26cf51089d83bec8bb0bf36bd9d9dc3a8b4d65e636c6dff5efde261bdd5762,08/16/2025 02:05:00 AM,2,PARKED,,2030064,,JEEP,WRANGLER,IL,2004,NONE,PASSENGER,NOT IN USE,E,PARKED,,,0,,,,,,,,,Y,Y,Y,,,,N,,,REAR-LEFT-CORNER,,,,,,,,,,,,,,,,,,,,,,,,,,,,,,,,,
2129524,ef2cfe022d89894b469dd04a6fa6d2c84d490ba2994749e7b14a20281bdba0220a26cf51089d83bec8bb0bf36bd9d9dc3a8b4d65e636c6dff5efde261bdd5762,08/16/2025 02:05:00 AM,3,PARKED,,2030066,,CHRYSLER,TOWN & COUNTRY,FL,2014,NONE,VAN/MINI-VAN,NOT IN USE,E,PARKED,,,0,,,,,,,,,N,Y,Y,,,,,,,SIDE-LEFT-REAR,,,,,,,,,,,,,,,,,,,,,,,,,,,,,,,,,
2129518,509a1163826736d5f17da0d6a9daa96180fb54bfbf8a9cad5e33659f6487e939f07be1e694fcd8383f1704ca83d609a0261d10ef43d1a53ca1c36746740ffca0,08/16/2025 01:53:00 AM,1,DRIVER,2,2030057,,TOYOTA,HIGHLANDER,IL,2019,NONE,PASSENGER,RIDESHARE SERVICE,E,STRAIGHT AHEAD,Y,,3,,PERSONAL,UNKNOWN,,,,,,,,,,,N,Y,,,FRONT,,,,,,,,,,,,,,,,,,,,,,,,,,,,,,,,,
2129519,509a1163826736d5f17da0d6a9daa96180fb54bfbf8a9cad5e33659f6487e939f07be1e694fcd8383f1704ca83d609a0261d10ef43d1a53ca1c36746740ffca0,08/16/2025 01:53:00 AM,2,DRIVER,1,2030059,,CHEVROLET,MALIBU,CT,2023,NONE,PASSENGER,RIDESHARE SERVICE,N,STRAIGHT AHEAD,,,2,,,,,Y,,,,,,Y,Y,Y,Y,Y,N,,SIDE-LEFT,,,,,,,,,,,,,,,,,,,,,,,,,,,,,,,,,
2129502,c21b99390cc1010bb094bbc1c8e4e4bde6d3d4eb6f0a58b2cb9619e2d89ede483c03962179c45c3e15501f843542c5821749307bbb09a688b4cb186419618d70,08/16/2025 01:43:00 AM,1,DRIVER,,2030043,,JEEP,COMPASS,IN,2023,NONE,PASSENGER,PERSONAL,S,STRAIGHT AHEAD,Y,,1,,E&R,POUND 2,,Y,Y,Y,,,,,Y,Y,Y,Y,Y,,OTHER,,,,,,,,,,,,,,,,,,,,,,,,,,,,,,,,,
2129503,c21b99390cc1010bb094bbc1c8e4e4bde6d3d4eb6f0a58b2cb9619e2d89ede483c03962179c45c3e15501f843542c5821749307bbb09a688b4cb186419618d70,08/16/2025 01:43:00 AM,2,PARKED,,2030048,,FORD,EXPLORER,IL,2018,UNKNOWN,UNKNOWN/NA,NOT IN USE,N,PARKED,,,0,,,,,,,,,,,,,,Y,Y,,,FRONT-LEFT-CORNER,,,,,,,,,,,,,,,,,,,,,,,,,,,,,,,,,
2129720,b3b4f80fdd654b6f87c5f63d1c1ecc1fac8a27299746676d28719b6c118df7eb57cc858878bd5227d5631f8f9e597caf4a9c2744d8542ba1a71d9e27a95f631c,08/16/2025 01:40:00 AM,1,DRIVER,,2030243,,FORD,F150,IL,2020,UNKNOWN,PICKUP,UNKNOWN/NA,N,STRAIGHT AHEAD,,,1,,,,,Y,Y,Y,Y,Y,,,,,,,,,SIDE-RIGHT,,,,,,,,,,,,,,,,,,,,,,,,,,,,,,,,,
2129721,b3b4f80fdd654b6f87c5f63d1c1ecc1fac8a27299746676d28719b6c118df7eb57cc858878bd5227d5631f8f9e597caf4a9c2744d8542ba1a71d9e27a95f631c,08/16/2025 01:40:00 AM,2,PARKED,,2030240,,DODGE,DURANGO,IL,2017,NONE,SPORT UTILITY VEHICLE (SUV),PERSONAL,N,PARKED,,,0,,,,,,,,,,,Y,Y,Y,Y,Y,,,SIDE-LEFT,,,,,,,,,,,,,,,,,,,,,,,,,,,,,,,,,
2129767,b3b4f80fdd654b6f87c5f63d1c1ecc1fac8a27299746676d28719b6c118df7eb57cc858878bd5227d5631f8f9e597caf4a9c2744d8542ba1a71d9e27a95f631c,08/16/2025 01:40:00 AM,3,PARKED,,2030276,,GENERAL MOTORS CORPORATION (GMC),ACADIA,IL,2011,NONE,SPORT UTILITY VEHICLE (SUV),PERSONAL,N,PARKED,,,0,,,,,,,,,,,Y,Y,Y,Y,Y,,,SIDE-LEFT,,,,,,,,,,,,,,,,,,,,,,,,,,,,,,,,,
2130377,5dc1b6a8edf254b794b8fff7ab5034b55456e12df5f8a190d6d8317d2ac4d4b507ab1d28b83e1d3d7da7e794a2cd22d223ed5d26c1eb37684b945045466ed4b7,08/16/2025 01:30:00 AM,1,DRIVER,,2030852,,UNKNOWN,OTHER (EXPLAIN IN NARRATIVE),,,UNKNOWN,UNKNOWN/NA,UNKNOWN/NA,N,STRAIGHT AHEAD,,,1,,,,,N,,,,,,,,,,Y,Y,,UNKNOWN,,,,,,,,,,,,,,,,,,,,,,,,,,,,,,,,,
2130378,5dc1b6a8edf254b794b8fff7ab5034b55456e12df5f8a190d6d8317d2ac4d4b507ab1d28b83e1d3d7da7e794a2cd22d223ed5d26c1eb37684b945045466ed4b7,08/16/2025 01:30:00 AM,2,PEDESTRIAN,,,,,,,,,,,,,,,,,,,,,,,,,,,,,,,,,,,,,,,,,,,,,,,,,,,,,,,,,,,,,,,,,,
2129550,7a2be4f4cf6b37d0d3715eee08dab65461d80f836b7c292b93b5d80149c7b796b1c82d104433854d37c205574bbaa1e8aea0d5aebdcca979948d068e77b1d22a,08/16/2025 01:30:00 AM,1,DRIVER,,2030086,,UNKNOWN,OTHER (EXPLAIN IN NARRATIVE),XX,2018,NONE,UNKNOWN/NA,UNKNOWN/NA,W,UNKNOWN/NA,,,1,,,,,,,,,,,,,,,,,Y,UNKNOWN,,,,,,,,,,,,,,,,,,,,,,,,,,,,,,,,,
2129551,7a2be4f4cf6b37d0d3715eee08dab65461d80f836b7c292b93b5d80149c7b796b1c82d104433854d37c205574bbaa1e8aea0d5aebdcca979948d068e77b1d22a,08/16/2025 01:30:00 AM,2,PARKED,,2030088,,VOLKSWAGEN,JETTA,IL,2020,NONE,PASSENGER,NOT IN USE,W,PARKED,,,0,,,,,,,,,,,Y,Y,,,,,,REAR-LEFT-CORNER,,,,,,,,,,,,,,,,,,,,,,,,,,,,,,,,,
2129495,85d43b9475a3ccfb219ae4565137fa209199f9c1de538d3ca894b59c933828018c44245dc2b74692bb1b7a2cce61242489387c89904d43d03c2d7ba76a4d9ac1,08/16/2025 01:30:00 AM,1,DRIVER,,2030032,,JEEP,GRAND CHEROKEE,IL,2006,NONE,PASSENGER,PERSONAL,E,STRAIGHT AHEAD,Y,,1,,private tow,,,,,,,,,,,,,,,,FRONT-RIGHT-CORNER,,,,,,,,,,,,,,,,,,,,,,,,,,,,,,,,,
2129504,4fe02a93cdf68588c1c4a37fc03d99eda6a79e2f0b43f6e764fed15cd8d10b829f3d60fd66819ce9ce66d6270aa7ee37fcc23781f418d4dda063cea087092551,08/16/2025 01:15:00 AM,1,DRIVER,,2030045,,NISSAN,SENTRA,IL,2010,UNKNOWN,PASSENGER,UNKNOWN/NA,S,STRAIGHT AHEAD,Y,,1,,CITY TOW,POUND 2,,,,,,,,,Y,Y,,,,,UNKNOWN,,,,,,,,,,,,,,,,,,,,,,,,,,,,,,,,,