CRASH_UNIT_ID,CRASH_RECORD_ID,CRASH_DATE,UNIT_NO,UNIT_TYPE,NUM_PASSENGERS,VEHICLE_ID,CMRC_VEH_I,MAKE,MODEL,LIC_PLATE_STATE,VEHICLE_YEAR,VEHICLE_DEFECT,VEHICLE_TYPE,VEHICLE_USE,TRAVEL_DIRECTION,MANEUVER,TOWED_I,FIRE_I,OCCUPANT_CNT,EXCEED_SPEED_LIMIT_I,TOWED_BY,TOWED_TO,AREA_00_I,AREA_01_I,AREA_02_I,AREA_03_I,AREA_04_I,AREA_05_I,AREA_06_I,AREA_07_I,AREA_08_I,AREA_09_I,AREA_10_I,AREA_11_I,AREA_12_I,AREA_99_I,FIRST_CONTACT_POINT,CMV_ID,USDOT_NO,CCMC_NO,ILCC_NO,COMMERCIAL_SRC,GVWR,CARRIER_NAME,CARRIER_STATE,CARRIER_CITY,HAZMAT_PLACARDS_I,HAZMAT_NAME,UN_NO,HAZMAT_PRESENT_I,HAZMAT_REPORT_I,HAZMAT_REPORT_NO,MCS_REPORT_I,MCS_REPORT_NO,HAZMAT_VIO_CAUSE_CRASH_I,MCS_VIO_CAUSE_CRASH_I,IDOT_PERMIT_NO,WIDE_LOAD_I,TRAILER1_WIDTH,TRAILER2_WIDTH,TRAILER1_LENGTH,TRAILER2_LENGTH,TOTAL_VEHICLE_LENGTH,AXLE_CNT,VEHICLE_CONFIG,CARGO_BODY_TYPE,LOAD_TYPE,HAZMAT_OUT_OF_SERVICE_I,MCS_OUT_OF_SERVICE_I,HAZMAT_CLASS
2129505,4fe02a93cdf68588c1c4a37fc03d99eda6a79e2f0b43f6e764fed15cd8d10b829f3d60fd66819ce9ce66d6270aa7ee37fcc23781f418d4dda063cea087092551,08/16/2025 01:15:00 AM,2,DRIVER,,2030051,,KIA,TELLURIDE,IL,2016,NONE,PASSENGER,PERSONAL,N,STRAIGHT AHEAD,,,1,,,,,,,,,,,Y,Y,Y,N,N,,,SIDE-LEFT,,,,,,,,,,,,,,,,,,,,,,,,,,,,,,,,,
2129496,792d119875d8f0f04c27c0f6dacad78c3bf19b3190e6f34f9b09c0b5695aa5a6d05f321ef6384bfbde9f7b9107fd177f40ab48c1679dbb1ca97c6ebfe0a3777c,08/16/2025 01:09:00 AM,1,DRIVER,,2030039,,HONDA,CR-V,IL,2004,STEERING,PASSENGER,PERSONAL,S,STRAIGHT AHEAD,Y,,1,,PRIVATE,,,,,,,,,,,,Y,Y,Y,,FRONT-LEFT-CORNER,,,,,,,,,,,,,,,,,,,,,,,,,,,,,,,,,
2129497,792d119875d8f0f04c27c0f6dacad78c3bf19b3190e6f34f9b09c0b5695aa5a6d05f321ef6384bfbde9f7b9107fd177f40ab48c1679dbb1ca97c6ebfe0a3777c,08/16/2025 01:09:00 AM,2,PARKED,,2030042,,VOLKSWAGEN,OTHER (EXPLAIN IN NARRATIVE),IL,2024,NONE,PASSENGER,PERSONAL,N,PARKED,,,0,,,,,,Y,,,,,,,,Y,Y,Y,,FRONT-LEFT-CORNER,,,,,,,,,,,,,,,,,,,,,,,,,,,,,,,,,
2129516,108d327d945c473fa4ace968a6120889b1868e1d762952344e2b88f17ebedd08aadf26d5d71d8a5b20eae8fc65269663c3a4c19ade90bb66dbd37d6db720739d,08/16/2025 01:08:00 AM,1,DRIVER,,2030054,,"(HOMEMADE MOTORCYCLE, MOPED.ETC.)","(HOMEMADE MOTORCYCLE, MOPED.ETC.)",XX,,UNKNOWN,MOTORCYCLE (OVER 150CC),UNKNOWN/NA,W,STRAIGHT AHEAD,Y,,1,,city of chicago,city pound,,Y,,,,Y,Y,Y,,,,Y,Y,,UNKNOWN,,,,,,,,,,,,,,,,,,,,,,,,,,,,,,,,,
2129517,108d327d945c473fa4ace968a6120889b1868e1d762952344e2b88f17ebedd08aadf26d5d71d8a5b20eae8fc65269663c3a4c19ade90bb66dbd37d6db720739d,08/16/2025 01:08:00 AM,2,DRIVER,,2030062,,TOYOTA,CAMRY,IL,2013,NONE,PASSENGER,PERSONAL,W,STRAIGHT AHEAD,,,1,,,,,,,Y,,,,,,,,,,,OTHER,,,,,,,,,,,,,,,,,,,,,,,,,,,,,,,,,
2129536,c7480a528eca036f5e85ce4dfe7320c37dff49ee719ca40942677224342f85a1328377aaeefaa19c26152bf8e658a86d29c57723e8ab4cfca2651ba8952a52f1,08/16/2025 01:02:00 AM,1,DRIVER,,2030072,,CHEVROLET,AVEO,IL,2007,NONE,PASSENGER,PERSONAL,W,STRAIGHT AHEAD,,,1,,,,,Y,Y,Y,Y,,,,,,Y,Y,Y,,FRONT-LEFT-CORNER,,,,,,,,,,,,,,,,,,,,,,,,,,,,,,,,,
2129537,c7480a528eca036f5e85ce4dfe7320c37dff49ee719ca40942677224342f85a1328377aaeefaa19c26152bf8e658a86d29c57723e8ab4cfca2651ba8952a52f1,08/16/2025 01:02:00 AM,2,DRIVER,,2030074,,BUICK,ENCORE,IL,2017,NONE,PASSENGER,PERSONAL,S,STRAIGHT AHEAD,,,1,,,,,Y,Y,Y,,,,,,Y,Y,Y,Y,,FRONT-LEFT-CORNER,,,,,,,,,,,,,,,,,,,,,,,,,,,,,,,,,
2129620,669c91096cdd5eb43d71d9c78e7902d2e571ec42778c65d06668abd2df8137700da3992c23a9bec13d208910002757e030f83a570a29c3d72c42a561a8715757,08/16/2025 01:00:00 AM,1,DRIVER,,2030153,,GENERAL MOTORS CORPORATION (GMC),SIERRA,IL,2020,SUSPENSION,PICKUP,PERSONAL,W,STRAIGHT AHEAD,,,1,,,,,Y,,,,,,,,,,,,,FRONT-RIGHT-CORNER,,,,,,,,,,,,,,,,,,,,,,,,,,,,,,,,,
2129621,669c91096cdd5eb43d71d9c78e7902d2e571ec42778c65d06668abd2df8137700da3992c23a9bec13d208910002757e030f83a570a29c3d72c42a561a8715757,08/16/2025 01:00:00 AM,2,PARKED,,2030162,,UNKNOWN,MOTORIZED,IL,,UNKNOWN,UNKNOWN/NA,UNKNOWN/NA,W,PARKED,,,0,,,,,,,,,,,Y,Y,,,,,,REAR-LEFT-CORNER,,,,,,,,,,,,,,,,,,,,,,,,,,,,,,,,,
2129622,669c91096cdd5eb43d71d9c78e7902d2e571ec42778c65d06668abd2df8137700da3992c23a9bec13d208910002757e030f83a570a29c3d72c42a561a8715757,08/16/2025 01:00:00 AM,3,PARKED,,2030168,,UNKNOWN,MOTORIZED,XX,,UNKNOWN,UNKNOWN/NA,UNKNOWN/NA,W,PARKED,,,0,,,,,,,,,,,Y,Y,,,,,,SIDE-LEFT-REAR,,,,,,,,,,,,,,,,,,,,,,,,,,,,,,,,,
2131213,85b427f3680192a76eb8444363feca9ae5967ab3a057d7c37cf2131df649fa11962f5710c1e8a48a38b8a3901f2fd501aeb11ed865b52cf6f83fb0ffa685d60b,08/16/2025 01:00:00 AM,1,DRIVER,,2031642,,UNKNOWN,OTHER (EXPLAIN IN NARRATIVE),,,UNKNOWN,UNKNOWN/NA,UNKNOWN/NA,UNKNOWN,UNKNOWN/NA,,,1,,,,,,,,,,,,,,,,,Y,UNKNOWN,,,,,,,,,,,,,,,,,,,,,,,,,,,,,,,,,
2131214,85b427f3680192a76eb8444363feca9ae5967ab3a057d7c37cf2131df649fa11962f5710c1e8a48a38b8a3901f2fd501aeb11ed865b52cf6f83fb0ffa685d60b,08/16/2025 01:00:00 AM,2,PARKED,,2031643,,JEEP,COMPASS,IL,2015,UNKNOWN,SPORT UTILITY VEHICLE (SUV),UNKNOWN/NA,UNKNOWN,PARKED,,,0,,,,,,,,,,Y,Y,Y,,,,,,SIDE-LEFT-REAR,,,,,,,,,,,,,,,,,,,,,,,,,,,,,,,,,
2129493,d80e254d208e5b9e850cffc3886ca31924561f5ab34bbc71e15226aee6cdefbca848a52191af147dff5d7d709f841606a7e65845a3660f367ffdf56968b60024,08/16/2025 12:55:00 AM,1,DRIVER,,2030034,,TOYOTA,YARIS,IL,2012,UNKNOWN,PASSENGER,PERSONAL,E,OTHER,,,1,,,,,,,,,,,,,,,,,,REAR,,,,,,,,,,,,,,,,,,,,,,,,,,,,,,,,,
2129494,d80e254d208e5b9e850cffc3886ca31924561f5ab34bbc71e15226aee6cdefbca848a52191af147dff5d7d709f841606a7e65845a3660f367ffdf56968b60024,08/16/2025 12:55:00 AM,2,DRIVER,,2030038,,HYUNDAI,TUCSON,IL,2008,UNKNOWN,PASSENGER,PERSONAL,W,STRAIGHT AHEAD,,,1,,,,,,,,,,,,,,,,,,FRONT,,,,,,,,,,,,,,,,,,,,,,,,,,,,,,,,,
2129498,9146409fa79d1fd186f2d05592c25f1cb12e6879b7c4f6e1348ea87a3eb8d4a19627262feab93cec0449f7b38d3941487383c6553d15679601d93ef2885ab4a5,08/16/2025 12:51:00 AM,1,DRIVER,,2030036,,UNKNOWN,MOTORIZED,,,UNKNOWN,UNKNOWN/NA,UNKNOWN/NA,W,UNKNOWN/NA,,,1,,,,,,,,,,,,,,,,,Y,UNKNOWN,,,,,,,,,,,,,,,,,,,,,,,,,,,,,,,,,
2129499,9146409fa79d1fd186f2d05592c25f1cb12e6879b7c4f6e1348ea87a3eb8d4a19627262feab93cec0449f7b38d3941487383c6553d15679601d93ef2885ab4a5,08/16/2025 12:51:00 AM,2,PARKED,,2030040,,CHRYSLER,300,IL,2016,NONE,PASSENGER,PERSONAL,W,PARKED,Y,,0,,CITY OF CHICAGO,,,,,,,,,,,Y,Y,Y,,,SIDE-LEFT,,,,,,,,,,,,,,,,,,,,,,,,,,,,,,,,,
2129473,369bd16c0abe4ca6df2b80c08bfd42e678b6f40094d78111c3581df57b2ab43c4c6678c09755cf3321dd1a85ceed656bf2baec9005acbd8ebed0510b3c5797b5,08/16/2025 12:50:00 AM,1,DRIVER,,2030010,,UNKNOWN,OTHER (EXPLAIN IN NARRATIVE),IL,,UNKNOWN,UNKNOWN/NA,UNKNOWN/NA,UNKNOWN,UNKNOWN/NA,,,1,,,,,,,,,,,,,,,,,,UNKNOWN,,,,,,,,,,,,,,,,,,,,,,,,,,,,,,,,,
2129474,369bd16c0abe4ca6df2b80c08bfd42e678b6f40094d78111c3581df57b2ab43c4c6678c09755cf3321dd1a85ceed656bf2baec9005acbd8ebed0510b3c5797b5,08/16/2025 12:50:00 AM,2,DRIVER,,2030015,,HONDA,ACCORD,IL,,NONE,PASSENGER,PERSONAL,E,STRAIGHT AHEAD,,,1,,,,,,,,,,,Y,,,,,,,REAR-LEFT-CORNER,,,,,,,,,,,,,,,,,,,,,,,,,,,,,,,,,
2129508,adc404373213ed38aec0f77f77f8622da459b1c1d022eedf8fd8d9a1733446db16123eed18cae34a2ad169fbab63fe542d07f55c3a9c883bdc3b1c3c8dcc7225,08/16/2025 12:50:00 AM,1,DRIVER,,2030047,,TOYOTA,COROLLA,IL,2009,NONE,PASSENGER,PERSONAL,E,STRAIGHT AHEAD,Y,,1,,VEHICLE OWNER,PRIVATE TOW,,Y,Y,Y,,,,,,,,,,,FRONT-RIGHT-CORNER,,,,,,,,,,,,,,,,,,,,,,,,,,,,,,,,,
2129509,adc404373213ed38aec0f77f77f8622da459b1c1d022eedf8fd8d9a1733446db16123eed18cae34a2ad169fbab63fe542d07f55c3a9c883bdc3b1c3c8dcc7225,08/16/2025 12:50:00 AM,2,PARKED,,2030049,,CADILLAC,ESCALADE,IL,2003,NONE,SPORT UTILITY VEHICLE (SUV),UNKNOWN/NA,E,PARKED,,,0,,,,,,,,,,,Y,Y,Y,Y,Y,,,REAR-LEFT-CORNER,,,,,,,,,,,,,,,,,,,,,,,,,,,,,,,,,
2129488,af99767f3394a7cc55bd944487ab317b3db2e5c04df81cd55ed99fe26de44ec7057c6893cf2ea9317d4cd5c0eec8e89b40cdddd07d15c975f2404063d6d7481d,08/16/2025 12:45:00 AM,1,DRIVER,,2030022,,FORD,EXPEDITION,IL,2023,NONE,PASSENGER,PERSONAL,E,BACKING,,,1,,,,,,,,,Y,Y,Y,,,,,,,REAR,,,,,,,,,,,,,,,,,,,,,,,,,,,,,,,,,
2129489,af99767f3394a7cc55bd944487ab317b3db2e5c04df81cd55ed99fe26de44ec7057c6893cf2ea9317d4cd5c0eec8e89b40cdddd07d15c975f2404063d6d7481d,08/16/2025 12:45:00 AM,2,DRIVER,,2030027,,VOLKSWAGEN,PASSAT,IL,2012,NONE,PASSENGER,PERSONAL,W,STRAIGHT AHEAD,,,1,,,,,Y,,,,,,,,,,Y,Y,,FRONT,,,,,,,,,,,,,,,,,,,,,,,,,,,,,,,,,
2129491,d399ffb60dae5d7f2ef2ecf7081a4859e9ca537a9240245b369212d9aa7a5ebfbf56f50576a6681b8c32dbc36cccb9532ad90b9f32d44b0beb6e883e08bd7f61,08/16/2025 12:30:00 AM,1,DRIVER,,2030026,,VOLKSWAGEN,PASSAT,,,UNKNOWN,PASSENGER,OTHER,W,UNKNOWN/NA,,,1,,,,,,,,,,,,,,,,Y,,FRONT,,,,,,,,,,,,,,,,,,,,,,,,,,,,,,,,,
2129492,d399ffb60dae5d7f2ef2ecf7081a4859e9ca537a9240245b369212d9aa7a5ebfbf56f50576a6681b8c32dbc36cccb9532ad90b9f32d44b0beb6e883e08bd7f61,08/16/2025 12:30:00 AM,2,DRIVER,,2030029,,FORD,EXPEDITION,,,UNKNOWN,SPORT UTILITY VEHICLE (SUV),COMMERCIAL - SINGLE UNIT,W,SLOW/STOP IN TRAFFIC,,,1,,,,,,,,,,Y,,,,,,,,REAR,,,,,,,,,,,,,,,,,,,,,,,,,,,,,,,,,
2129475,00eabf73f30fb0e2270f6de52c70be128c06bb54b59c1b150af56bb73895f1993d771b3f91c5dba5eb104e5483dcfa764dc99181ea1c39871f11ecd637dad49f,08/16/2025 12:27:00 AM,1,DRIVER,,2030011,,UNKNOWN,OTHER (EXPLAIN IN NARRATIVE),,,UNKNOWN,SPORT UTILITY VEHICLE (SUV),UNKNOWN/NA,S,UNKNOWN/NA,,,1,,,,,,,,,,,,,,,,Y,,FRONT,,,,,,,,,,,,,,,,,,,,,,,,,,,,,,,,,
2129476,00eabf73f30fb0e2270f6de52c70be128c06bb54b59c1b150af56bb73895f1993d771b3f91c5dba5eb104e5483dcfa764dc99181ea1c39871f11ecd637dad49f,08/16/2025 12:27:00 AM,2,DRIVER,,2030014,,LEXUS,RX450H,,,UNKNOWN,PASSENGER,PERSONAL,S,SLOW/STOP IN TRAFFIC,,,1,,,,,,,,,,Y,,,,,,,,REAR,,,,,,,,,,,,,,,,,,,,,,,,,,,,,,,,,
2129554,2ad77ef326b518b03221755fc9b22bae3311bfcdd0b451156dee2367faef17b59ab602f577327353f8a9c57e636b2e1d12fd1d17ae8dd2d6d0080345114510b8,08/16/2025 12:00:00 AM,1,DRIVER,,2030092,,UNKNOWN,OTHER (EXPLAIN IN NARRATIVE),,,UNKNOWN,UNKNOWN/NA,UNKNOWN/NA,S,STRAIGHT AHEAD,,,1,,,,,,,,,,,,,,,,,Y,UNKNOWN,,,,,,,,,,,,,,,,,,,,,,,,,,,,,,,,,
2129555,2ad77ef326b518b03221755fc9b22bae3311bfcdd0b451156dee2367faef17b59ab602f577327353f8a9c57e636b2e1d12fd1d17ae8dd2d6d0080345114510b8,08/16/2025 12:00:00 AM,2,PARKED,,2030093,,HYUNDAI,ELANTRA,IL,2024,NONE,PASSENGER,PERSONAL,S,PARKED,Y,,0,,private,,,,,,Y,Y,Y,Y,Y,,,,,,REAR,,,,,,,,,,,,,,,,,,,,,,,,,,,,,,,,,
2129478,57acc19033915fb08327333014425accbb03667b92312879da26b63882f5a07d6a79b2c698a182712dd8fca2f2033fb3e0fda71565c997e5482b0b8dec442c95,08/16/2025 12:00:00 AM,1,DRIVER,,2030016,,GENERAL MOTORS CORPORATION (GMC),OTHER (EXPLAIN IN NARRATIVE),,,UNKNOWN,PICKUP,UNKNOWN/NA,UNKNOWN,STRAIGHT AHEAD,Y,,1,,unknown,,,Y,Y,Y,,,,,,,,,,,SIDE-RIGHT,,,,,,,,,,,,,,,,,,,,,,,,,,,,,,,,,
2129479,57acc19033915fb08327333014425accbb03667b92312879da26b63882f5a07d6a79b2c698a182712dd8fca2f2033fb3e0fda71565c997e5482b0b8dec442c95,08/16/2025 12:00:00 AM,2,PARKED,,2030018,,JEEP,GRAND CHEROKEE,,2006,NONE,SPORT UTILITY VEHICLE (SUV),PERSONAL,UNKNOWN,PARKED,,,0,,,,,,,,,,,,Y,Y,Y,Y,,,SIDE-LEFT,,,,,,,,,,,,,,,,,,,,,,,,,,,,,,,,,
2130219,5fad6334974361fea8568ceec11e8f8932d0d6449d945b3ad6521e0912620e01a435bf0d99e5d91eba3163998e94936f21e959a692c057aeace16397bda81a88,08/16/2025 12:00:00 AM,1,DRIVER,,2030716,,UNKNOWN,OTHER (EXPLAIN IN NARRATIVE),,,UNKNOWN,UNKNOWN/NA,UNKNOWN/NA,W,STRAIGHT AHEAD,,,1,,,,,,,,,,,,,,,,,Y,FRONT-RIGHT-CORNER,,,,,,,,,,,,,,,,,,,,,,,,,,,,,,,,,
2130220,5fad6334974361fea8568ceec11e8f8932d0d6449d945b3ad6521e0912620e01a435bf0d99e5d91eba3163998e94936f21e959a692c057aeace16397bda81a88,08/16/2025 12:00:00 AM,2,PEDESTRIAN,,,,,,,,,,,,,,,,,,,,,,,,,,,,,,,,,,,,,,,,,,,,,,,,,,,,,,,,,,,,,,,,,,
2129483,f531d7e52ed19405a28833d98f98734e0ca4a6ff0bb4fa2255a13c00ff9725f6bb081face568e4a413941c632a48bc60cbad6aa37d706ac013e29e059a74d96a,08/16/2025 12:00:00 AM,1,DRIVER,,2030031,,CHRYSLER,300,IL,,UNKNOWN,PASSENGER,UNKNOWN/NA,N,BACKING,,,1,,,,,,,,,Y,Y,Y,,,,,,,REAR,,,,,,,,,,,,,,,,,,,,,,,,,,,,,,,,,
2129484,f531d7e52ed19405a28833d98f98734e0ca4a6ff0bb4fa2255a13c00ff9725f6bb081face568e4a413941c632a48bc60cbad6aa37d706ac013e29e059a74d96a,08/16/2025 12:00:00 AM,2,DRIVER,,2030025,,CHEVROLET,SILVERADO,IL,2015,NONE,PICKUP,PERSONAL,S,STRAIGHT AHEAD,Y,,1,,FIRST CHICAGO INSURANCE,,,Y,,,,,,,,,,Y,Y,,FRONT,,,,,,,,,,,,,,,,,,,,,,,,,,,,,,,,,
2129514,7bf624d9f4c46071390beab7eaad4d1fffd0669dcb71075f0e4a175ccf97f419181a93ce0b17e48510d11c105d3393ded0243734b5f7d7193e6bf12456a9cf88,08/15/2025 11:56:00 PM,1,DRIVER,,2030055,,YAMAHA,YAMAHA,,2025,UNKNOWN,MOTORCYCLE (OVER 150CC),PERSONAL,N,STRAIGHT AHEAD,Y,,1,,city of chicago,city of chicago,,Y,Y,,,,,,,,Y,Y,Y,,FRONT,,,,,,,,,,,,,,,,,,,,,,,,,,,,,,,,,
2129515,7bf624d9f4c46071390beab7eaad4d1fffd0669dcb71075f0e4a175ccf97f419181a93ce0b17e48510d11c105d3393ded0243734b5f7d7193e6bf12456a9cf88,08/15/2025 11:56:00 PM,2,DRIVER,1,2030058,,NISSAN,ROGUE,AL,2013,NONE,PASSENGER,PERSONAL,N,SLOW/STOP IN TRAFFIC,,,2,,,,,,,,,Y,Y,Y,,,,,,,REAR,,,,,,,,,,,,,,,,,,,,,,,,,,,,,,,,,
2129471,039132110e4d7c67ef3893724b2f986cba44baab834d81510e001878423266fdb75df4b213c165ef49e62c91581d6790935d87e4249e410ac863188ec2bb0fcb,08/15/2025 11:52:00 PM,1,DRIVER,1,2030013,,CHEVROLET,BLAZER,IL,2022,UNKNOWN,SPORT UTILITY VEHICLE (SUV),PERSONAL,E,TURNING LEFT,N,,2,,,,,Y,Y,Y,,,,,,,,,,,SIDE-RIGHT,,,,,,,,,,,,,,,,,,,,,,,,,,,,,,,,,
2129472,039132110e4d7c67ef3893724b2f986cba44baab834d81510e001878423266fdb75df4b213c165ef49e62c91581d6790935d87e4249e410ac863188ec2bb0fcb,08/15/2025 11:52:00 PM,2,DRIVER,1,2030017,,TOYOTA,CAMRY,IL,2013,UNKNOWN,PASSENGER,PERSONAL,N,STRAIGHT AHEAD,Y,,2,,OWNER,,,Y,,,,,,,,,,Y,Y,,FRONT,,,,,,,,,,,,,,,,,,,,,,,,,,,,,,,,,
2129583,bdc9659445810646c14062c3d32e4b3f25f11ed60cd8cc95a1ba1fad45380f72a1334e2c880a36f17c68232d49dec57a98a3509f22514c4e479f82c83df6e301,08/15/2025 11:45:00 PM,1,DRIVER,,2030117,,UNKNOWN,MOTORIZED,,,UNKNOWN,PASSENGER,PERSONAL,N,STRAIGHT AHEAD,,,1,,,,,,,,,,,,,Y,,,,,SIDE-LEFT,,,,,,,,,,,,,,,,,,,,,,,,,,,,,,,,,
2129584,bdc9659445810646c14062c3d32e4b3f25f11ed60cd8cc95a1ba1fad45380f72a1334e2c880a36f17c68232d49dec57a98a3509f22514c4e479f82c83df6e301,08/15/2025 11:45:00 PM,2,DRIVER,,2030121,,CHEVROLET,MALIBU,IL,2015,UNKNOWN,PASSENGER,PERSONAL,N,STRAIGHT AHEAD,,,1,,,,,Y,,,,,,,,,,,,,FRONT-RIGHT-CORNER,,,,,,,,,,,,,,,,,,,,,,,,,,,,,,,,,
2129462,69c7646db4573ab3bf1b782584d940525f8586fbbad0ace0457ff7007dc9921e8c8d05b25372e58652960ecc676d1a6add0b951e19ec920e3205e78fed6452d5,08/15/2025 11:20:00 PM,1,DRIVER,1,2030004,,CHEVROLET,SILVERADO,IL,2024,UNKNOWN,PICKUP,UNKNOWN/NA,UNKNOWN,STRAIGHT AHEAD,,,2,,,,,Y,,,,,,,,,,Y,Y,,FRONT,,,,,,,,,,,,,,,,,,,,,,,,,,,,,,,,,
2129463,69c7646db4573ab3bf1b782584d940525f8586fbbad0ace0457ff7007dc9921e8c8d05b25372e58652960ecc676d1a6add0b951e19ec920e3205e78fed6452d5,08/15/2025 11:20:00 PM,2,PARKED,,2030006,,CAN-AM,CAN-AM,IL,2023,UNKNOWN,3-WHEELED MOTORCYCLE (2 REAR WHEELS),PERSONAL,UNKNOWN,PARKED,,,0,,,,,,,,,Y,Y,Y,,,,,,,REAR,,,,,,,,,,,,,,,,,,,,,,,,,,,,,,,,,
2129490,0929c146abacbd0b8734547a01cf9df065548d32190b7c568f96af4fd2d9f2a0790437e7efc6074ee11cd8535084f32c2a7e680fdd42b71a6409e0c6ce125d1e,08/15/2025 11:16:00 PM,1,DRIVER,1,2030023,,BMW,OTHER (EXPLAIN IN NARRATIVE),IL,2019,NONE,PASSENGER,PERSONAL,W,STRAIGHT AHEAD,Y,,2,,personal tow,,,Y,Y,Y,Y,Y,Y,Y,Y,Y,Y,Y,Y,,FRONT-RIGHT-CORNER,,,,,,,,,,,,,,,,,,,,,,,,,,,,,,,,,
2136302,339062609e69bf570a177db913939bf4d2720d919686da5e9743a2471395b9b1763a9b1690f34df3e1674c2375a638642723bc2e32cf994472873dee3a9c8693,08/15/2025 11:00:00 PM,1,DRIVER,1,2036491,,TOYOTA,SIENNA,IL,,NONE,VAN/MINI-VAN,PERSONAL,S,LEAVING TRAFFIC LANE TO PARK,,,2,,,,,,,N,Y,,,,,,,,,,SIDE-RIGHT,,,,,,,,,,,,,,,,,,,,,,,,,,,,,,,,,
2129735,5ad0a1240e8874c962ec69444370d974252abf1221e67e4e6bcc4374e9c55128af4405acf3bef6b41ea18b8cda56f97fee24294f43404de111ea56da49d0f204,08/15/2025 11:00:00 PM,1,DRIVER,,2030248,,UNKNOWN,OTHER (EXPLAIN IN NARRATIVE),IL,,UNKNOWN,UNKNOWN/NA,UNKNOWN/NA,UNKNOWN,UNKNOWN/NA,,,1,,,,,,,,,,,,,,,,,Y,UNKNOWN,,,,,,,,,,,,,,,,,,,,,,,,,,,,,,,,,
2129736,5ad0a1240e8874c962ec69444370d974252abf1221e67e4e6bcc4374e9c55128af4405acf3bef6b41ea18b8cda56f97fee24294f43404de111ea56da49d0f204,08/15/2025 11:00:00 PM,2,PARKED,,2030251,,TOYOTA,RAV4,IL,2007,NONE,SPORT UTILITY VEHICLE (SUV),UNKNOWN/NA,N,PARKED,,,0,,,,,,,,,,,,Y,Y,Y,Y,,,SIDE-LEFT,,,,,,,,,,,,,,,,,,,,,,,,,,,,,,,,,
2129792,9535cb1053fecca4a906ea84beb46569cbe4333ba0a72c83126e4678b1e6b98be64380c373e07a879acf36cbd96efcb4b3deaa66fe1f4a75a1acc3497cfff208,08/15/2025 11:00:00 PM,1,DRIVER,,2030302,,CHEVROLET,MALIBU,IL,2021,UNKNOWN,PASSENGER,PERSONAL,UNKNOWN,CHANGING LANES,,,1,,,,,,,,,,,,,Y,Y,Y,,,FRONT-LEFT-CORNER,,,,,,,,,,,,,,,,,,,,,,,,,,,,,,,,,
2129793,9535cb1053fecca4a906ea84beb46569cbe4333ba0a72c83126e4678b1e6b98be64380c373e07a879acf36cbd96efcb4b3deaa66fe1f4a75a1acc3497cfff208,08/15/2025 11:00:00 PM,2,DRIVER,,2030311,,HYUNDAI,ELANTRA,IL,2021,UNKNOWN,PASSENGER,PERSONAL,UNKNOWN,STRAIGHT AHEAD,,,1,,,,,Y,Y,,,,,,,,,,,,FRONT-RIGHT-CORNER,,,,,,,,,,,,,,,,,,,,,,,,,,,,,,,,,
2134939,e8c47df750722a934863446ed853852321485f8de47aa300d9f82dacd24bad2c9e46d11ec0d4ebd37d81569d2eaf066e58311fb2e1adccbbdda20cf4354a05e4,08/15/2025 11:00:00 PM,1,DRIVER,,2035178,,UNKNOWN,OTHER (EXPLAIN IN NARRATIVE),,,UNKNOWN,UNKNOWN/NA,UNKNOWN/NA,UNKNOWN,UNKNOWN/NA,,,1,,,,,,,,,,,,,,,,,Y,UNKNOWN,,,,,,,,,,,,,,,,,,,,,,,,,,,,,,,,,
2134940,e8c47df750722a934863446ed853852321485f8de47aa300d9f82dacd24bad2c9e46d11ec0d4ebd37d81569d2eaf066e58311fb2e1adccbbdda20cf4354a05e4,08/15/2025 11:00:00 PM,2,PARKED,,2035180,,BMW,OTHER (EXPLAIN IN NARRATIVE),IL,2024,UNKNOWN,PASSENGER,NOT IN USE,S,PARKED,,,0,,,,,,,,,,,Y,Y,,,,,,UNKNOWN,,,,,,,,,,,,,,,,,,,,,,,,,,,,,,,,,
2129466,5f93d2bc79bc0bea7cf8d78ac3b6af6fe904f531939835b5a4dcfb6c555b103aa689529ec6f217c59c1be60109014b48bebddd296b6d975c58060e721c094605,08/15/2025 10:55:00 PM,1,DRIVER,,2030033,,TOYOTA,COROLLA,WI,2011,NONE,PASSENGER,PERSONAL,W,CHANGING LANES,,,1,,,,,,,,,,,Y,Y,,,,,,SIDE-LEFT-REAR,,,,,,,,,,,,,,,,,,,,,,,,,,,,,,,,,
2129467,5f93d2bc79bc0bea7cf8d78ac3b6af6fe904f531939835b5a4dcfb6c555b103aa689529ec6f217c59c1be60109014b48bebddd296b6d975c58060e721c094605,08/15/2025 10:55:00 PM,2,DRIVER,1,2030035,,CHEVROLET,SILVERADO,IL,2023,NONE,PICKUP,PERSONAL,W,STRAIGHT AHEAD,,,2,,,,,Y,,,,,,,,,,,,,FRONT-RIGHT-CORNER,,,,,,,,,,,,,,,,,,,,,,,,,,,,,,,,,
2129447,663c26d1dd43a1267d6b654374c619bd17aa9af4da056ab2ef3dcbb6059959d83eed063d219cbc79e33bc6702c401327e255646d4e0832113e674c668aa4c1a1,08/15/2025 10:45:00 PM,1,DRIVER,,2029988,,LAND ROVER,RANGE ROVER (EVOQUE / SPORT / VELAR),IL,2016,NONE,SPORT UTILITY VEHICLE (SUV),PERSONAL,S,TURNING RIGHT,,,1,,,,,,,,,,,Y,Y,Y,Y,Y,,,SIDE-LEFT,,,,,,,,,,,,,,,,,,,,,,,,,,,,,,,,,