CRASH_UNIT_ID,CRASH_RECORD_ID,CRASH_DATE,UNIT_NO,UNIT_TYPE,NUM_PASSENGERS,VEHICLE_ID,CMRC_VEH_I,MAKE,MODEL,LIC_PLATE_STATE,VEHICLE_YEAR,VEHICLE_DEFECT,VEHICLE_TYPE,VEHICLE_USE,TRAVEL_DIRECTION,MANEUVER,TOWED_I,FIRE_I,OCCUPANT_CNT,EXCEED_SPEED_LIMIT_I,TOWED_BY,TOWED_TO,AREA_00_I,AREA_01_I,AREA_02_I,AREA_03_I,AREA_04_I,AREA_05_I,AREA_06_I,AREA_07_I,AREA_08_I,AREA_09_I,AREA_10_I,AREA_11_I,AREA_12_I,AREA_99_I,FIRST_CONTACT_POINT,CMV_ID,USDOT_NO,CCMC_NO,ILCC_NO,COMMERCIAL_SRC,GVWR,CARRIER_NAME,CARRIER_STATE,CARRIER_CITY,HAZMAT_PLACARDS_I,HAZMAT_NAME,UN_NO,HAZMAT_PRESENT_I,HAZMAT_REPORT_I,HAZMAT_REPORT_NO,MCS_REPORT_I,MCS_REPORT_NO,HAZMAT_VIO_CAUSE_CRASH_I,MCS_VIO_CAUSE_CRASH_I,IDOT_PERMIT_NO,WIDE_LOAD_I,TRAILER1_WIDTH,TRAILER2_WIDTH,TRAILER1_LENGTH,TRAILER2_LENGTH,TOTAL_VEHICLE_LENGTH,AXLE_CNT,VEHICLE_CONFIG,CARGO_BODY_TYPE,LOAD_TYPE,HAZMAT_OUT_OF_SERVICE_I,MCS_OUT_OF_SERVICE_I,HAZMAT_CLASS
2129448,663c26d1dd43a1267d6b654374c619bd17aa9af4da056ab2ef3dcbb6059959d83eed063d219cbc79e33bc6702c401327e255646d4e0832113e674c668aa4c1a1,08/15/2025 10:45:00 PM,2,PARKED,,2029981,,CADILLAC,CTS,IL,2013,NONE,PASSENGER,PERSONAL,N,PARKED,,,0,,,,,,,,,,,Y,Y,Y,Y,Y,,,SIDE-LEFT,,,,,,,,,,,,,,,,,,,,,,,,,,,,,,,,,
2129774,f144c327623850cc7d8008ccfe8bbfd337d0e90c996853837bbac8567bcb257f7978caaaaeb26a0eb2f0fc47b0d9c6a8a1d228d451d46c1a0036751945da5d2f,08/15/2025 10:45:00 PM,1,DRIVER,,2030306,,JEEP,WRANGLER,IL,2022,UNKNOWN,PICKUP,PERSONAL,UNKNOWN,CHANGING LANES,,,1,,,,,,,,,,,,,,,,,,UNKNOWN,,,,,,,,,,,,,,,,,,,,,,,,,,,,,,,,,
2129775,f144c327623850cc7d8008ccfe8bbfd337d0e90c996853837bbac8567bcb257f7978caaaaeb26a0eb2f0fc47b0d9c6a8a1d228d451d46c1a0036751945da5d2f,08/15/2025 10:45:00 PM,2,DRIVER,,2030299,,JEEP,COMPASS,IL,,UNKNOWN,SPORT UTILITY VEHICLE (SUV),PERSONAL,UNKNOWN,SLOW/STOP IN TRAFFIC,,,1,,,,,,,,Y,Y,,,,,,,,,REAR-RIGHT-CORNER,,,,,,,,,,,,,,,,,,,,,,,,,,,,,,,,,
2129458,f6f5ffa32f4e5391769fe7a6851905d858aabca2edcf24841d0c9128a58867e21ed6f1734f156fa56f43124c54771ae50de2859a8175ec608f51da5702f79bb1,08/15/2025 10:40:00 PM,1,DRIVER,,2030001,,UNKNOWN,OTHER (EXPLAIN IN NARRATIVE),IL,,UNKNOWN,UNKNOWN/NA,UNKNOWN/NA,UNKNOWN,UNKNOWN/NA,,,1,,,,,,,,,,,,,,,,,Y,UNKNOWN,,,,,,,,,,,,,,,,,,,,,,,,,,,,,,,,,
2129459,f6f5ffa32f4e5391769fe7a6851905d858aabca2edcf24841d0c9128a58867e21ed6f1734f156fa56f43124c54771ae50de2859a8175ec608f51da5702f79bb1,08/15/2025 10:40:00 PM,2,PARKED,,2030002,,HONDA,CIVIC,IL,2007,UNKNOWN,PASSENGER,PERSONAL,W,PARKED,,,0,,,,,Y,,,,,,,,,,,,,FRONT,,,,,,,,,,,,,,,,,,,,,,,,,,,,,,,,,
2129437,1676ae6e56a18c10844bb7991a04203139cf547d9ba8326db6114aa7ba95c29d914beb0f52dbbea5f9195f5f0789a0478f53ddc76835a7387099c1997cbe0882,08/15/2025 10:30:00 PM,1,DRIVER,,2029973,,DODGE,AVENGER,,,UNKNOWN,PASSENGER,UNKNOWN/NA,UNKNOWN,OTHER,,,1,,,,,Y,,,,,,,,,,,,,FRONT-RIGHT-CORNER,,,,,,,,,,,,,,,,,,,,,,,,,,,,,,,,,
2129438,1676ae6e56a18c10844bb7991a04203139cf547d9ba8326db6114aa7ba95c29d914beb0f52dbbea5f9195f5f0789a0478f53ddc76835a7387099c1997cbe0882,08/15/2025 10:30:00 PM,2,PARKED,1,2029974,,FORD,TRANSIT,IL,,UNKNOWN,SPORT UTILITY VEHICLE (SUV),PERSONAL,UNKNOWN,PARKED,,,1,,,,,,,,,Y,,,,,,,,,REAR-RIGHT-CORNER,,,,,,,,,,,,,,,,,,,,,,,,,,,,,,,,,
2136005,63ec0ec2e7c4cf71549cbd73f6b847c71961e49151c173c353148c3c6eb47bc1d957e668d238eee41d787a899face5e7ebe5f4eb7133cec6c5fcf8acbc59e46c,08/15/2025 10:30:00 PM,1,DRIVER,,2036189,,GENERAL MOTORS CORPORATION (GMC),OTHER (EXPLAIN IN NARRATIVE),,,UNKNOWN,UNKNOWN/NA,UNKNOWN/NA,UNKNOWN,STRAIGHT AHEAD,Y,,1,,unknown,,,Y,,,,,,,,,,Y,Y,,FRONT,,,,,,,,,,,,,,,,,,,,,,,,,,,,,,,,,
2136006,63ec0ec2e7c4cf71549cbd73f6b847c71961e49151c173c353148c3c6eb47bc1d957e668d238eee41d787a899face5e7ebe5f4eb7133cec6c5fcf8acbc59e46c,08/15/2025 10:30:00 PM,2,PARKED,,2036190,,LINCOLN,NAVIGATOR,,2012,NONE,SPORT UTILITY VEHICLE (SUV),PERSONAL,UNKNOWN,PARKED,,,0,,,,,,,,,,Y,,,,,,,,REAR,,,,,,,,,,,,,,,,,,,,,,,,,,,,,,,,,
2129439,786a0ce77b8888a88995ad08d8af65f145d7540c83bcabf399b581c72f92de09f78bae0cc0495795b3aa9616807d58ac2e6787d399a733d8dbec11b1bbedfd7e,08/15/2025 10:30:00 PM,1,DRIVER,,2029977,,NISSAN,KICKS,IL,2019,NONE,PASSENGER,PERSONAL,E,STRAIGHT AHEAD,,,1,,,,,Y,Y,,,,,,,,,,Y,,FRONT-RIGHT-CORNER,,,,,,,,,,,,,,,,,,,,,,,,,,,,,,,,,
2129440,786a0ce77b8888a88995ad08d8af65f145d7540c83bcabf399b581c72f92de09f78bae0cc0495795b3aa9616807d58ac2e6787d399a733d8dbec11b1bbedfd7e,08/15/2025 10:30:00 PM,2,DRIVER,,2029982,,LEXUS,RX350,IL,2012,NONE,SPORT UTILITY VEHICLE (SUV),PERSONAL,E,SLOW/STOP IN TRAFFIC,,,1,,,,,,,,,,Y,Y,Y,,,,,,REAR-LEFT-CORNER,,,,,,,,,,,,,,,,,,,,,,,,,,,,,,,,,
2129477,d8ecdf705e1ff67b86105bfc590777b236d8847dd43bda78780a7245edac170d470aaa50b312312c43b27647affc772c76d2679e62e734eff71f1cd03058ea61,08/15/2025 10:30:00 PM,1,DRIVER,2,2030020,,TOYOTA,GR86,IL,2023,NONE,PASSENGER,PERSONAL,NW,SKIDDING/CONTROL LOSS,Y,,3,,PRIVATE TOW,PRIVATE LOCATION,,Y,Y,,Y,Y,,,,,Y,Y,Y,,FRONT-RIGHT-CORNER,,,,,,,,,,,,,,,,,,,,,,,,,,,,,,,,,
2129443,ff7430fc0875ede392eaa4da13315915feca91d568c56166f0bb1bef43b0ca38fc48cace99a0815538ba78bd12527bbcfe5715768b5e8e12d64873fba34de9b5,08/15/2025 10:25:00 PM,1,DRIVER,,2029980,,VOLKSWAGEN,JETTA,IL,2025,NONE,PASSENGER,PERSONAL,E,STRAIGHT AHEAD,,,1,,,,,,,,,,,,,,,,Y,,FRONT,,,,,,,,,,,,,,,,,,,,,,,,,,,,,,,,,
2129444,ff7430fc0875ede392eaa4da13315915feca91d568c56166f0bb1bef43b0ca38fc48cace99a0815538ba78bd12527bbcfe5715768b5e8e12d64873fba34de9b5,08/15/2025 10:25:00 PM,2,DRIVER,,2029984,,KIA,FORTE,IL,,NONE,PASSENGER,PERSONAL,E,STRAIGHT AHEAD,,,1,,,,,,,,,,Y,,,,,,,,REAR,,,,,,,,,,,,,,,,,,,,,,,,,,,,,,,,,
2129449,8945cd10830857acd75c08781be85294dc332ca4e2f630bab78a0da3c0eec286d888c88c89a1d1b98ff45ebae6313f07507340e93d9daaedbd5986a6c06c5d98,08/15/2025 10:20:00 PM,1,DRIVER,2,2029989,,CHRYSLER,200,IL,2015,UNKNOWN,PASSENGER,UNKNOWN/NA,E,STRAIGHT AHEAD,,,3,,,,,Y,,,,,,,,,,Y,Y,,FRONT,,,,,,,,,,,,,,,,,,,,,,,,,,,,,,,,,
2129450,8945cd10830857acd75c08781be85294dc332ca4e2f630bab78a0da3c0eec286d888c88c89a1d1b98ff45ebae6313f07507340e93d9daaedbd5986a6c06c5d98,08/15/2025 10:20:00 PM,2,DRIVER,,2029993,,FORD,ESCAPE,IL,2015,NONE,PASSENGER,UNKNOWN/NA,E,SLOW/STOP IN TRAFFIC,,,1,,,,,,,,,,Y,Y,,,,,,,REAR,,,,,,,,,,,,,,,,,,,,,,,,,,,,,,,,,
2129500,295cdda0a85c16c1378f39677d4e8150f176cb3ec3b68b87720555ddd11137dea61ba79d84c4e3ff6e1387c9def2bba4e37004740d64e38fb2374462cecf5510,08/15/2025 10:00:00 PM,1,DRIVER,,2030037,,JEEP,JEEP,IL,,UNKNOWN,UNKNOWN/NA,UNKNOWN/NA,W,STRAIGHT AHEAD,,,1,,,,,Y,,,,,,,,,,,,,FRONT-RIGHT-CORNER,,,,,,,,,,,,,,,,,,,,,,,,,,,,,,,,,
2129501,295cdda0a85c16c1378f39677d4e8150f176cb3ec3b68b87720555ddd11137dea61ba79d84c4e3ff6e1387c9def2bba4e37004740d64e38fb2374462cecf5510,08/15/2025 10:00:00 PM,2,BICYCLE,,,,,,,,,,,,,,,,,,,,,,,,,,,,,,,,,,,,,,,,,,,,,,,,,,,,,,,,,,,,,,,,,,
2129802,4dfffc6c07e857721cad3ddb95b3a58e6a9346f517911ef1d4a554dcea6d9c625acb789e07644626d2baa3a4ee10156d513241f056d7217b88d1af9e05381636,08/15/2025 10:00:00 PM,1,DRIVER,1,2030335,,BMW,X5,,2016,UNKNOWN,PASSENGER,UNKNOWN/NA,E,STRAIGHT AHEAD,,,2,,,,,,,,,,,,,,,Y,Y,,FRONT-LEFT-CORNER,,,,,,,,,,,,,,,,,,,,,,,,,,,,,,,,,
2129803,4dfffc6c07e857721cad3ddb95b3a58e6a9346f517911ef1d4a554dcea6d9c625acb789e07644626d2baa3a4ee10156d513241f056d7217b88d1af9e05381636,08/15/2025 10:00:00 PM,2,DRIVER,,2030317,,HYUNDAI,ELANTRA,IL,2024,UNKNOWN,PASSENGER,PERSONAL,S,STRAIGHT AHEAD,,,1,,,,,Y,Y,,,,,,,,Y,Y,Y,,SIDE-RIGHT-FRONT,,,,,,,,,,,,,,,,,,,,,,,,,,,,,,,,,
2132902,9ce33ec8fcc1bc837ac1de8462d0002abe15c2647736979f9a78120a78dced8f3b67639de397c76e41661f599ea4499b8c3fbdc3b872cb8eac30f4ba531f5898,08/15/2025 10:00:00 PM,1,DRIVER,,2033234,,HYUNDAI,TUCSON,IL,2015,NONE,SPORT UTILITY VEHICLE (SUV),PERSONAL,W,STRAIGHT AHEAD,,,1,,,,,,,,,,,,,,,,,Y,UNKNOWN,,,,,,,,,,,,,,,,,,,,,,,,,,,,,,,,,
2132903,9ce33ec8fcc1bc837ac1de8462d0002abe15c2647736979f9a78120a78dced8f3b67639de397c76e41661f599ea4499b8c3fbdc3b872cb8eac30f4ba531f5898,08/15/2025 10:00:00 PM,2,DRIVER,,2033241,,MERCEDES-BENZ,OTHER (EXPLAIN IN NARRATIVE),IL,2013,NONE,PASSENGER,PERSONAL,W,STRAIGHT AHEAD,,,1,,,,,,,,,,,,,,Y,Y,,,FRONT-LEFT-CORNER,,,,,,,,,,,,,,,,,,,,,,,,,,,,,,,,,
2129464,dd3cb4586a68764aee7b7a1e8aecac4322ab213091bc28d0ecda72623a23391a2049ad06f55e7c5219913f33d7247d0e82f935da10487c24c04abfbfa2b6a4c5,08/15/2025 10:00:00 PM,1,DRIVER,,2030003,,BUICK,OTHER (EXPLAIN IN NARRATIVE),IL,2015,UNKNOWN,SPORT UTILITY VEHICLE (SUV),UNKNOWN/NA,S,MERGING,,,1,,,,,,,,,,,,,,Y,Y,,,FRONT-LEFT-CORNER,,,,,,,,,,,,,,,,,,,,,,,,,,,,,,,,,
2129465,dd3cb4586a68764aee7b7a1e8aecac4322ab213091bc28d0ecda72623a23391a2049ad06f55e7c5219913f33d7247d0e82f935da10487c24c04abfbfa2b6a4c5,08/15/2025 10:00:00 PM,2,DRIVER,,2030005,,CHEVROLET,IMPALA,IL,2019,NONE,PASSENGER,PERSONAL,S,STRAIGHT AHEAD,,,1,,,,,,,,Y,Y,,,,,,,,,REAR-RIGHT-CORNER,,,,,,,,,,,,,,,,,,,,,,,,,,,,,,,,,
2129772,7234f82a4772b1692e89acd72faa908881301d2a49dc2cc221031470358dede70e176dc2b265eaeca039086f3a1e795049e63107dd1f1d47f4ccec2425a41e77,08/15/2025 09:55:00 PM,1,DRIVER,,2030315,,MAZDA,CX-9,IL,2024,UNKNOWN,PASSENGER,PERSONAL,UNKNOWN,UNKNOWN/NA,,,1,,,,,Y,,,,,,,,,,,Y,,FRONT-RIGHT-CORNER,,,,,,,,,,,,,,,,,,,,,,,,,,,,,,,,,
2129773,7234f82a4772b1692e89acd72faa908881301d2a49dc2cc221031470358dede70e176dc2b265eaeca039086f3a1e795049e63107dd1f1d47f4ccec2425a41e77,08/15/2025 09:55:00 PM,2,PARKED,,2030323,,VOLKSWAGEN,TIGUAN,IL,2022,UNKNOWN,PASSENGER,UNKNOWN/NA,UNKNOWN,PARKED,,,0,,,,,,,,,Y,Y,,,,,,,,REAR-RIGHT-CORNER,,,,,,,,,,,,,,,,,,,,,,,,,,,,,,,,,
2129445,70608bcaa11ed53b904e5dc13bf7e6714eb564faa618bdfdbf24ad06b7e60f0b593c34693e1f80a43bf188f4c6a6685c2a4b053997db78e1357740915fe8e3ec,08/15/2025 09:54:00 PM,1,DRIVER,,2029987,,FREIGHTLINER CORPORATION,FREIGHTLINER CORP.,TN,2024,NONE,PASSENGER,PERSONAL,S,BACKING,,,1,,,,,,,,Y,Y,,,,,,,,,REAR-RIGHT-CORNER,,,,,,,,,,,,,,,,,,,,,,,,,,,,,,,,,
2129446,70608bcaa11ed53b904e5dc13bf7e6714eb564faa618bdfdbf24ad06b7e60f0b593c34693e1f80a43bf188f4c6a6685c2a4b053997db78e1357740915fe8e3ec,08/15/2025 09:54:00 PM,2,DRIVER,,2029991,,FREIGHTLINER CORPORATION,FREIGHTLINER CORP.,IL,2014,NONE,PASSENGER,PERSONAL,SE,STRAIGHT AHEAD,,,1,,,,Y,,,,,,,,,,Y,Y,,,REAR-RIGHT-CORNER,,,,,,,,,,,,,,,,,,,,,,,,,,,,,,,,,
2129999,46aee250f43db047949f3fea277c1b05700653a51a56f2eeab7736d6cd53a81ecbb43ea4ac8a31c447fa9a3b6fd8555f6e8562db5700f4c94201fe5ad59fd3a1,08/15/2025 09:50:00 PM,1,DRIVER,,2030507,,LAND ROVER,RANGE ROVER (EVOQUE / SPORT / VELAR),IL,2020,UNKNOWN,SPORT UTILITY VEHICLE (SUV),UNKNOWN/NA,E,BACKING,,,1,,,,,,,,,N,Y,N,,,,,,Y,REAR,,,,,,,,,,,,,,,,,,,,,,,,,,,,,,,,,
2130000,46aee250f43db047949f3fea277c1b05700653a51a56f2eeab7736d6cd53a81ecbb43ea4ac8a31c447fa9a3b6fd8555f6e8562db5700f4c94201fe5ad59fd3a1,08/15/2025 09:50:00 PM,2,DRIVER,,2030508,,FORD,F450,IL,2017,UNKNOWN,PICKUP,UNKNOWN/NA,W,STRAIGHT AHEAD,,,1,,,,,,,,,,,,,,,,,Y,FRONT,,,,,,,,,,,,,,,,,,,,,,,,,,,,,,,,,
2130001,46aee250f43db047949f3fea277c1b05700653a51a56f2eeab7736d6cd53a81ecbb43ea4ac8a31c447fa9a3b6fd8555f6e8562db5700f4c94201fe5ad59fd3a1,08/15/2025 09:50:00 PM,3,PARKED,,2030509,,TOYOTA,TACOMA,IL,2024,UNKNOWN,PICKUP,NOT IN USE,W,PARKED,Y,,0,,PRIVATE,PRIVATE,,Y,,,Y,Y,,,,,,Y,Y,,REAR-RIGHT-CORNER,,,,,,,,,,,,,,,,,,,,,,,,,,,,,,,,,
2130002,46aee250f43db047949f3fea277c1b05700653a51a56f2eeab7736d6cd53a81ecbb43ea4ac8a31c447fa9a3b6fd8555f6e8562db5700f4c94201fe5ad59fd3a1,08/15/2025 09:50:00 PM,4,PARKED,,2030510,,MAZDA,CX-30,IL,2021,UNKNOWN,SPORT UTILITY VEHICLE (SUV),NOT IN USE,W,PARKED,,,0,,,,,,,,,,,,,,,,,Y,REAR,,,,,,,,,,,,,,,,,,,,,,,,,,,,,,,,,
2129468,a060a710f491e2dc2e52ae9b530f21cd901666b686b194f3fd3e5d97966a5a70781d9abf23f834a9d846df242bf914e536ed266c1948ee5b6a9bf74792effd6c,08/15/2025 09:50:00 PM,1,DRIVER,,2030007,,UNKNOWN,MOTORIZED,XX,,UNKNOWN,PASSENGER,UNKNOWN/NA,W,UNKNOWN/NA,,,1,,,,,Y,N,N,,,,,,,,Y,Y,Y,FRONT-RIGHT-CORNER,,,,,,,,,,,,,,,,,,,,,,,,,,,,,,,,,
2129469,a060a710f491e2dc2e52ae9b530f21cd901666b686b194f3fd3e5d97966a5a70781d9abf23f834a9d846df242bf914e536ed266c1948ee5b6a9bf74792effd6c,08/15/2025 09:50:00 PM,2,PARKED,,2030009,,GENERAL MOTORS CORPORATION (GMC),YUKON,IL,2015,NONE,SPORT UTILITY VEHICLE (SUV),PERSONAL,W,PARKED,Y,,0,,PRIVATE TOWING,,,,,,,,Y,Y,Y,Y,Y,Y,Y,,SIDE-LEFT,,,,,,,,,,,,,,,,,,,,,,,,,,,,,,,,,
2129470,a060a710f491e2dc2e52ae9b530f21cd901666b686b194f3fd3e5d97966a5a70781d9abf23f834a9d846df242bf914e536ed266c1948ee5b6a9bf74792effd6c,08/15/2025 09:50:00 PM,3,PARKED,,2030012,,TESLA,MODEL 3,IN,2025,NONE,PASSENGER,PERSONAL,W,PARKED,,,0,,,,,,,,,,Y,Y,,,,,,,REAR,,,,,,,,,,,,,,,,,,,,,,,,,,,,,,,,,
2130039,7a6fcd2a54a3a7563e2633ce135eef0e0e5e87046e708326bcd0db76487681a1ea1b228d918665acdc6b006a5ca9e5f381348827b4d8da677f76363b09e45cb7,08/15/2025 09:42:00 PM,1,DRIVER,,2030546,,TOYOTA,CAMRY,,2017,UNKNOWN,PASSENGER,UNKNOWN/NA,N,MERGING,,,1,,,,,,,,,,,,,,,,,Y,SIDE-LEFT,,,,,,,,,,,,,,,,,,,,,,,,,,,,,,,,,
2130040,7a6fcd2a54a3a7563e2633ce135eef0e0e5e87046e708326bcd0db76487681a1ea1b228d918665acdc6b006a5ca9e5f381348827b4d8da677f76363b09e45cb7,08/15/2025 09:42:00 PM,2,DRIVER,,2030549,,GENESIS,G70,,2025,UNKNOWN,SPORT UTILITY VEHICLE (SUV),PERSONAL,N,PASSING/OVERTAKING,,,1,,,,,,,,,,,,,,,Y,,,FRONT-LEFT-CORNER,,,,,,,,,,,,,,,,,,,,,,,,,,,,,,,,,
2129486,1ad7c07d50f36426ce5d0d04755790a66f6478b746a9ec7a33ad42ed4e142555b49b9d00ebdec12d4d1187d58d0e635d615ebeab84f055c78ab848d66a71c962,08/15/2025 09:40:00 PM,1,DRIVER,,2030021,,GENERAL MOTORS CORPORATION (GMC),SUBURBAN,XX,,UNKNOWN,SPORT UTILITY VEHICLE (SUV),UNKNOWN/NA,E,STRAIGHT AHEAD,,,1,,,,,,,,,,,,,,,,,Y,FRONT,,,,,,,,,,,,,,,,,,,,,,,,,,,,,,,,,
2129487,1ad7c07d50f36426ce5d0d04755790a66f6478b746a9ec7a33ad42ed4e142555b49b9d00ebdec12d4d1187d58d0e635d615ebeab84f055c78ab848d66a71c962,08/15/2025 09:40:00 PM,2,PARKED,,2030024,,CHRYSLER,300,IL,2014,UNKNOWN,PASSENGER,PERSONAL,W,PARKED,Y,,0,,personal,,,Y,,,,,,,,,,Y,Y,,FRONT,,,,,,,,,,,,,,,,,,,,,,,,,,,,,,,,,
2129433,64e45bc735a3664668394330814eb02103bba59f27ddde133319ba43e12455829e51c80c5ffa1a82b39c56246056c89640f4b652cbb0e3596c197f5344677396,08/15/2025 09:32:00 PM,1,DRIVER,,2029969,,HYUNDAI,SONATA,IL,2017,NONE,PASSENGER,PERSONAL,N,TURNING RIGHT,,,1,,,,,,Y,Y,Y,,,,,,,,,,SIDE-RIGHT,,,,,,,,,,,,,,,,,,,,,,,,,,,,,,,,,
2129434,64e45bc735a3664668394330814eb02103bba59f27ddde133319ba43e12455829e51c80c5ffa1a82b39c56246056c89640f4b652cbb0e3596c197f5344677396,08/15/2025 09:32:00 PM,2,DRIVER,,2029970,,TOYOTA,CAMRY,IL,2017,NONE,PASSENGER,PERSONAL,N,STRAIGHT AHEAD,Y,,1,,PRIVATE,,,,,,,,,,,Y,Y,Y,Y,,SIDE-LEFT-FRONT,,,,,,,,,,,,,,,,,,,,,,,,,,,,,,,,,
2131878,999c49646f1ab694fd88bf201ee2be72cf790dad19fe289689a6a1221299e6b65034b87981dacfacafa610e0faa9ef7d3d263f15b6392e3ef8b448bb51a99bc3,08/15/2025 09:30:00 PM,1,DRIVER,,2032269,,UNKNOWN,OTHER (EXPLAIN IN NARRATIVE),IL,,UNKNOWN,UNKNOWN/NA,UNKNOWN/NA,W,UNKNOWN/NA,,,1,,,,,,,,,,,,,,,,,,UNKNOWN,,,,,,,,,,,,,,,,,,,,,,,,,,,,,,,,,
2131879,999c49646f1ab694fd88bf201ee2be72cf790dad19fe289689a6a1221299e6b65034b87981dacfacafa610e0faa9ef7d3d263f15b6392e3ef8b448bb51a99bc3,08/15/2025 09:30:00 PM,2,DRIVERLESS,,2032271,,DODGE,JOURNEY,IL,2015,NONE,PASSENGER,NOT IN USE,W,PARKED,,,0,,,,,,,,,,Y,Y,Y,Y,Y,Y,,,UNKNOWN,,,,,,,,,,,,,,,,,,,,,,,,,,,,,,,,,
2136475,da34d1ecd20fef210b8074613a52af46719f6c0ad22f230a9ae9a43fa41b33f5bb31fb4a109eb1d927474dc4e3344da7e71741defe11cfc058d72a813b066af1,08/15/2025 09:30:00 PM,1,DRIVER,,2036660,,HONDA,ODYSSEY,IL,2015,NONE,VAN/MINI-VAN,PERSONAL,N,STRAIGHT AHEAD,,,1,,,,,,,,,,,,,,,,Y,,FRONT,,,,,,,,,,,,,,,,,,,,,,,,,,,,,,,,,
2136476,da34d1ecd20fef210b8074613a52af46719f6c0ad22f230a9ae9a43fa41b33f5bb31fb4a109eb1d927474dc4e3344da7e71741defe11cfc058d72a813b066af1,08/15/2025 09:30:00 PM,2,DRIVER,,2036665,,CHEVROLET,IMPALA,IL,2019,NONE,PASSENGER,PERSONAL,W,STRAIGHT AHEAD,,,1,,,,,,,,,,,,Y,Y,Y,,,,SIDE-LEFT,,,,,,,,,,,,,,,,,,,,,,,,,,,,,,,,,
2129415,89d90142ccbdee6df3ffe30c8316066fef675447288ad167c9ea101d82ac60171db0885c0c9d87d01c0c0673fb87ea12f2e9afe46abe7631db352125151e2dd4,08/15/2025 09:20:00 PM,1,DRIVER,,2029954,,KIA,TELLURIDE,,,UNKNOWN,SPORT UTILITY VEHICLE (SUV),UNKNOWN/NA,E,STARTING IN TRAFFIC,,,1,,,,,Y,,,,,,,,,,,,,FRONT-RIGHT-CORNER,,,,,,,,,,,,,,,,,,,,,,,,,,,,,,,,,
2129416,89d90142ccbdee6df3ffe30c8316066fef675447288ad167c9ea101d82ac60171db0885c0c9d87d01c0c0673fb87ea12f2e9afe46abe7631db352125151e2dd4,08/15/2025 09:20:00 PM,2,DRIVER,,2029953,,MERCEDES-BENZ,S500,,,UNKNOWN,PASSENGER,OTHER,E,STRAIGHT AHEAD,,,1,,,,,,,,,,,,,Y,,,,,SIDE-LEFT,,,,,,,,,,,,,,,,,,,,,,,,,,,,,,,,,
2129480,c7b9d908139824e256a0ecca3e6d10f446cf11287b75e8be1a7cf439d23a875766ac250263c6f4a420e19b3f02e35534c1b0e11c18d8596ceadb1a58308ef619,08/15/2025 09:20:00 PM,1,DRIVER,,2030019,,VOLKSWAGEN,PASSAT,IL,2012,UNKNOWN,PASSENGER,UNKNOWN/NA,S,TURNING LEFT,Y,,1,,cpd,pound 2,,Y,Y,Y,Y,Y,,,,,,,Y,,SIDE-RIGHT,,,,,,,,,,,,,,,,,,,,,,,,,,,,,,,,,
2129481,c7b9d908139824e256a0ecca3e6d10f446cf11287b75e8be1a7cf439d23a875766ac250263c6f4a420e19b3f02e35534c1b0e11c18d8596ceadb1a58308ef619,08/15/2025 09:20:00 PM,2,DRIVER,,2030028,,LEXUS,RX330,IL,2005,UNKNOWN,SPORT UTILITY VEHICLE (SUV),UNKNOWN/NA,N,STRAIGHT AHEAD,Y,,1,,OWNER,,,Y,Y,,,,,,,,Y,Y,Y,,FRONT,,,,,,,,,,,,,,,,,,,,,,,,,,,,,,,,,
2129482,c7b9d908139824e256a0ecca3e6d10f446cf11287b75e8be1a7cf439d23a875766ac250263c6f4a420e19b3f02e35534c1b0e11c18d8596ceadb1a58308ef619,08/15/2025 09:20:00 PM,3,DRIVER,,2030030,,FORD,ESCAPE,IL,2018,UNKNOWN,SPORT UTILITY VEHICLE (SUV),UNKNOWN/NA,W,STRAIGHT AHEAD,Y,,1,,OWNER,,,Y,,,,,,,,,,Y,Y,,FRONT,,,,,,,,,,,,,,,,,,,,,,,,,,,,,,,,,
2129800,29a5c7eaa0819630a28f19c29f3cd79f0da04496f1b7dfe5456ddcc121f4f68ad08d2aa305cb77e438f840cfcccedae9b150871871b1802f08625e42d787ed57,08/15/2025 09:15:00 PM,1,DRIVER,1,2030321,,CADILLAC,CT5,IL,2023,NONE,PASSENGER,PERSONAL,N,BACKING,,,2,,,,,,,,,,,,,,,,,Y,UNKNOWN,,,,,,,,,,,,,,,,,,,,,,,,,,,,,,,,,
2129801,29a5c7eaa0819630a28f19c29f3cd79f0da04496f1b7dfe5456ddcc121f4f68ad08d2aa305cb77e438f840cfcccedae9b150871871b1802f08625e42d787ed57,08/15/2025 09:15:00 PM,2,PARKED,3,2030312,,MITSUBISHI,OUTLANDER,IL,2019,NONE,SPORT UTILITY VEHICLE (SUV),PERSONAL,S,PARKED,,,3,,,,,,,,,Y,,,,,,,,,REAR-RIGHT-CORNER,,,,,,,,,,,,,,,,,,,,,,,,,,,,,,,,,
2129423,8ecf4e333aefd57ba4983b66f2b960c4ae0f0a24fd3c8394a4e1eb0fcb2684d484637afcf481af9a3da33794fd296026cc371cc12000294767122bee0b945ec4,08/15/2025 09:10:00 PM,1,DRIVER,,2029958,,HONDA,CIVIC,CT,2012,NONE,PASSENGER,PERSONAL,W,PASSING/OVERTAKING,,,1,,,,,,,,,,,,,,,,,Y,UNKNOWN,,,,,,,,,,,,,,,,,,,,,,,,,,,,,,,,,