CRASH_UNIT_ID,CRASH_RECORD_ID,CRASH_DATE,UNIT_NO,UNIT_TYPE,NUM_PASSENGERS,VEHICLE_ID,CMRC_VEH_I,MAKE,MODEL,LIC_PLATE_STATE,VEHICLE_YEAR,VEHICLE_DEFECT,VEHICLE_TYPE,VEHICLE_USE,TRAVEL_DIRECTION,MANEUVER,TOWED_I,FIRE_I,OCCUPANT_CNT,EXCEED_SPEED_LIMIT_I,TOWED_BY,TOWED_TO,AREA_00_I,AREA_01_I,AREA_02_I,AREA_03_I,AREA_04_I,AREA_05_I,AREA_06_I,AREA_07_I,AREA_08_I,AREA_09_I,AREA_10_I,AREA_11_I,AREA_12_I,AREA_99_I,FIRST_CONTACT_POINT,CMV_ID,USDOT_NO,CCMC_NO,ILCC_NO,COMMERCIAL_SRC,GVWR,CARRIER_NAME,CARRIER_STATE,CARRIER_CITY,HAZMAT_PLACARDS_I,HAZMAT_NAME,UN_NO,HAZMAT_PRESENT_I,HAZMAT_REPORT_I,HAZMAT_REPORT_NO,MCS_REPORT_I,MCS_REPORT_NO,HAZMAT_VIO_CAUSE_CRASH_I,MCS_VIO_CAUSE_CRASH_I,IDOT_PERMIT_NO,WIDE_LOAD_I,TRAILER1_WIDTH,TRAILER2_WIDTH,TRAILER1_LENGTH,TRAILER2_LENGTH,TOTAL_VEHICLE_LENGTH,AXLE_CNT,VEHICLE_CONFIG,CARGO_BODY_TYPE,LOAD_TYPE,HAZMAT_OUT_OF_SERVICE_I,MCS_OUT_OF_SERVICE_I,HAZMAT_CLASS
2129424,8ecf4e333aefd57ba4983b66f2b960c4ae0f0a24fd3c8394a4e1eb0fcb2684d484637afcf481af9a3da33794fd296026cc371cc12000294767122bee0b945ec4,08/15/2025 09:10:00 PM,2,DRIVER,,2029963,,NISSAN,ALTIMA,IL,2016,NONE,PASSENGER,PERSONAL,SW,STRAIGHT AHEAD,,,1,,,,,,,,Y,Y,,,,,,,,,SIDE-RIGHT-REAR,,,,,,,,,,,,,,,,,,,,,,,,,,,,,,,,,
2129419,2a7c12fecd1869320627e5bacb9d8cdfeb5e6d38b00c67eee8956c446791cc0b5d62f05a94a7a0418035c6bdb06b8980ec6eb7b62fea771c97859964e48b1eb0,08/15/2025 09:01:00 PM,1,BICYCLE,,,,,,,,,,,,,,,,,,,,,,,,,,,,,,,,,,,,,,,,,,,,,,,,,,,,,,,,,,,,,,,,,,
2129420,2a7c12fecd1869320627e5bacb9d8cdfeb5e6d38b00c67eee8956c446791cc0b5d62f05a94a7a0418035c6bdb06b8980ec6eb7b62fea771c97859964e48b1eb0,08/15/2025 09:01:00 PM,2,DRIVER,,2029960,,CHRYSLER,PACIFICA,IL,2017,UNKNOWN,VAN/MINI-VAN,UNKNOWN/NA,N,STRAIGHT AHEAD,,,1,,,,,,,,,Y,,,,,,,,,REAR-RIGHT-CORNER,,,,,,,,,,,,,,,,,,,,,,,,,,,,,,,,,
2130253,01fe287f91c0cba4cb2d20195f99255f9e595e438c69b53d6f7489dc75ce0be759a8da52abfbde800b5c841dee34ece4c85ed6bb8110014d6e412658b9391cad,08/15/2025 09:00:00 PM,1,DRIVER,,2030749,,LEXUS,IS350,IL,2023,UNKNOWN,PASSENGER,PERSONAL,E,STRAIGHT AHEAD,,,1,,,,,Y,Y,Y,Y,Y,,,,,,,,,SIDE-RIGHT,,,,,,,,,,,,,,,,,,,,,,,,,,,,,,,,,
2130254,01fe287f91c0cba4cb2d20195f99255f9e595e438c69b53d6f7489dc75ce0be759a8da52abfbde800b5c841dee34ece4c85ed6bb8110014d6e412658b9391cad,08/15/2025 09:00:00 PM,2,PARKED,,2030750,,RANGE ROVER OF NORTH AMERICA,RANGE ROVER OF NORTH AMERICA,IL,2016,UNKNOWN,SPORT UTILITY VEHICLE (SUV),UNKNOWN/NA,E,PARKED,,,0,,,,,,,,,,,Y,Y,Y,,,,,SIDE-LEFT-REAR,,,,,,,,,,,,,,,,,,,,,,,,,,,,,,,,,
2129408,8f9c59d25149041eaf83dc439546a4fecd7395e4acf5531cc36d9d48f21a6671951832231eca1f96421f0d9c6f8997c60951e40bc0b8c2e481049594bd7c4830,08/15/2025 09:00:00 PM,1,DRIVER,,2029952,,JEEP,CHEROKEE,,2016,NONE,SPORT UTILITY VEHICLE (SUV),PERSONAL,S,CHANGING LANES,,,1,,,,,Y,,,,,,,,,,,,,FRONT-RIGHT-CORNER,,,,,,,,,,,,,,,,,,,,,,,,,,,,,,,,,
2129409,8f9c59d25149041eaf83dc439546a4fecd7395e4acf5531cc36d9d48f21a6671951832231eca1f96421f0d9c6f8997c60951e40bc0b8c2e481049594bd7c4830,08/15/2025 09:00:00 PM,2,DRIVER,,2029951,,LEXUS,IS350,IL,2021,NONE,PASSENGER,PERSONAL,S,STRAIGHT AHEAD,,,1,,,,,,,,,,,Y,,,,,,,SIDE-LEFT-REAR,,,,,,,,,,,,,,,,,,,,,,,,,,,,,,,,,
2129718,b9615077cb103bbb21b684e5a4cdd6e3faf3f42133c72e95b3db0428e03491fc90b6abb0199de20caaad1c861a14e14ec9126b860c27c7fa7235f534f2a89d4a,08/15/2025 09:00:00 PM,1,DRIVER,,2030238,,UNKNOWN,OTHER (EXPLAIN IN NARRATIVE),IL,,UNKNOWN,UNKNOWN/NA,UNKNOWN/NA,UNKNOWN,STRAIGHT AHEAD,,,1,,,,,,,,,,,,,,,,,Y,UNKNOWN,,,,,,,,,,,,,,,,,,,,,,,,,,,,,,,,,
2129719,b9615077cb103bbb21b684e5a4cdd6e3faf3f42133c72e95b3db0428e03491fc90b6abb0199de20caaad1c861a14e14ec9126b860c27c7fa7235f534f2a89d4a,08/15/2025 09:00:00 PM,2,PARKED,,2030242,,HONDA,CIVIC,IL,2017,NONE,PASSENGER,NOT IN USE,N,PARKED,,,0,,,,,,,,,,,Y,Y,Y,Y,Y,Y,,SIDE-LEFT,,,,,,,,,,,,,,,,,,,,,,,,,,,,,,,,,
2129429,8f15cf543b4cec5234f19f6b63fcf1913ffdcc5c3787e48647b9cb989b1076f4bb4ab1e4f970f42d5e681e12b0d873ec00f89be9fe8233866e12035891934e4b,08/15/2025 08:56:00 PM,1,DRIVER,,2029961,,UNKNOWN,OTHER (EXPLAIN IN NARRATIVE),IL,,UNKNOWN,PICKUP,UNKNOWN/NA,W,TURNING LEFT,,,1,,,,,,,,,,,,,,,,,Y,UNKNOWN,,,,,,,,,,,,,,,,,,,,,,,,,,,,,,,,,
2129430,8f15cf543b4cec5234f19f6b63fcf1913ffdcc5c3787e48647b9cb989b1076f4bb4ab1e4f970f42d5e681e12b0d873ec00f89be9fe8233866e12035891934e4b,08/15/2025 08:56:00 PM,2,DRIVER,,2029964,,TOYOTA,COROLLA,IL,2015,NONE,PASSENGER,PERSONAL,N,STRAIGHT AHEAD,,,1,,,,,Y,,,,,,,,,,Y,Y,,FRONT,,,,,,,,,,,,,,,,,,,,,,,,,,,,,,,,,
2129431,e821eab21f75ed0b47114aca31c88eb70386099a03ff250f94190049587a14dcc77eaf2f2d98321d18a41e96f8ee53644d6e1a4db8f739e51449cea01a2d3135,08/15/2025 08:52:00 PM,1,DRIVER,,2029975,,ACURA,ADX,IL,2017,UNKNOWN,SPORT UTILITY VEHICLE (SUV),PERSONAL,N,TURNING RIGHT,,,1,,,,,,,,Y,Y,,,,,,,,,SIDE-RIGHT-REAR,,,,,,,,,,,,,,,,,,,,,,,,,,,,,,,,,
2129432,e821eab21f75ed0b47114aca31c88eb70386099a03ff250f94190049587a14dcc77eaf2f2d98321d18a41e96f8ee53644d6e1a4db8f739e51449cea01a2d3135,08/15/2025 08:52:00 PM,2,PARKED,4,2029968,,BMW,OTHER (EXPLAIN IN NARRATIVE),IL,2009,NONE,PASSENGER,PERSONAL,N,PARKED,Y,,4,,RICK TOWING,10170 S WINSTON AVE,,,,,,,N,Y,Y,Y,,,,,REAR-LEFT-CORNER,,,,,,,,,,,,,,,,,,,,,,,,,,,,,,,,,
2129425,af4399c1ac90cf52229d75157afe0596c7de52d9459fd0dca525c09c0e0ff992dc1f7890c50f52e19e6e69803c3cf50d64130348742098c82e0597005fbd99f2,08/15/2025 08:40:00 PM,1,DRIVER,,2029966,,SUZUKI,MOTORCYCLE,,,UNKNOWN,MOTORCYCLE (OVER 150CC),PERSONAL,W,STRAIGHT AHEAD,,,1,,,,,,,,,,,,,,,,,Y,UNKNOWN,,,,,,,,,,,,,,,,,,,,,,,,,,,,,,,,,
2129426,af4399c1ac90cf52229d75157afe0596c7de52d9459fd0dca525c09c0e0ff992dc1f7890c50f52e19e6e69803c3cf50d64130348742098c82e0597005fbd99f2,08/15/2025 08:40:00 PM,2,DRIVER,,2029967,,FORD,EDGE,IL,2020,NONE,SPORT UTILITY VEHICLE (SUV),PERSONAL,E,STRAIGHT AHEAD,,,1,,,,,,,,,,,,,Y,Y,Y,,,SIDE-LEFT,,,,,,,,,,,,,,,,,,,,,,,,,,,,,,,,,
2129520,790926e60aec48cbd2fcf462884c08c66f625c912415c07eb23a4ff9d76d87419264f0ae7e7adf1aca6d008f066278f46face80c07df691a32cc02c8ad94546f,08/15/2025 08:20:00 PM,1,DRIVER,,2030060,,LINCOLN,NAVIGATOR,IL,2023,UNKNOWN,SPORT UTILITY VEHICLE (SUV),RIDESHARE SERVICE,W,STRAIGHT AHEAD,,,1,,,,,Y,,,,,,,,,,,,,FRONT-RIGHT-CORNER,,,,,,,,,,,,,,,,,,,,,,,,,,,,,,,,,
2129521,790926e60aec48cbd2fcf462884c08c66f625c912415c07eb23a4ff9d76d87419264f0ae7e7adf1aca6d008f066278f46face80c07df691a32cc02c8ad94546f,08/15/2025 08:20:00 PM,2,DRIVER,,2030061,,TOYOTA,SIENNA,IL,2025,UNKNOWN,VAN/MINI-VAN,UNKNOWN/NA,S,OTHER,,,1,,,,,,,,,,,,,,Y,Y,,,SIDE-LEFT-FRONT,,,,,,,,,,,,,,,,,,,,,,,,,,,,,,,,,
2129427,84205bb4f6d41ddc1620ede6dab1b7f3c38cf6f3cd53ba7f416b661b65be36c0e17eecc0d7b2caa124fea86bfb0e0d7f4cfe5f1ef3a60d92f848931c31e2f511,08/15/2025 08:20:00 PM,1,DRIVER,,2029959,,UNKNOWN,OTHER (EXPLAIN IN NARRATIVE),IL,,UNKNOWN,PASSENGER,UNKNOWN/NA,W,PASSING/OVERTAKING,,,1,,,,,,,,,,,,,,,,,Y,SIDE-RIGHT,,,,,,,,,,,,,,,,,,,,,,,,,,,,,,,,,
2129428,84205bb4f6d41ddc1620ede6dab1b7f3c38cf6f3cd53ba7f416b661b65be36c0e17eecc0d7b2caa124fea86bfb0e0d7f4cfe5f1ef3a60d92f848931c31e2f511,08/15/2025 08:20:00 PM,2,DRIVER,3,2029965,,NOVA BUS,LFS,IL,2022,UNKNOWN,BUS OVER 15 PASS.,CTA,W,CHANGING LANES,,,4,,,,,,,,,,,,Y,Y,Y,Y,,,SIDE-LEFT,,,,,,,,,,,,,,,,,,,,,,,,,,,,,,,,,
2129538,8018f6e07d447ecaf7422389bca04ba8229a581e10d46ed9cee56b2b334de225b076a2e25140a80cb5053150d7b48db61cdd21b36cd438e71f4bb3db76fc243b,08/15/2025 08:15:00 PM,1,DRIVER,,2030073,,JEEP,PATRIOT,,,UNKNOWN,SPORT UTILITY VEHICLE (SUV),UNKNOWN/NA,E,STRAIGHT AHEAD,,,1,,,,,,,,,,,,,,,,,Y,FRONT,,,,,,,,,,,,,,,,,,,,,,,,,,,,,,,,,
2129539,8018f6e07d447ecaf7422389bca04ba8229a581e10d46ed9cee56b2b334de225b076a2e25140a80cb5053150d7b48db61cdd21b36cd438e71f4bb3db76fc243b,08/15/2025 08:15:00 PM,2,PEDESTRIAN,,,,,,,,,,,,,,,,,,,,,,,,,,,,,,,,,,,,,,,,,,,,,,,,,,,,,,,,,,,,,,,,,,
2129395,456a0dd36ae0455696df50882386383e76501c2eeb285df9838887526ccf651a1b7796cb6471b27f82487ea41084c79f8519fede8d46e06ffdb7d99b4cc4be2c,08/15/2025 08:10:00 PM,1,DRIVER,1,2029937,,VOLKSWAGEN,OTHER (EXPLAIN IN NARRATIVE),IL,2025,OTHER,SPORT UTILITY VEHICLE (SUV),OTHER,W,TURNING RIGHT,,,2,,,,,Y,,,,,,,,,,,,,FRONT-LEFT-CORNER,,,,,,,,,,,,,,,,,,,,,,,,,,,,,,,,,
2129396,456a0dd36ae0455696df50882386383e76501c2eeb285df9838887526ccf651a1b7796cb6471b27f82487ea41084c79f8519fede8d46e06ffdb7d99b4cc4be2c,08/15/2025 08:10:00 PM,2,PARKED,,2029940,,BMW,OTHER (EXPLAIN IN NARRATIVE),MI,2018,UNKNOWN,SPORT UTILITY VEHICLE (SUV),UNKNOWN/NA,E,PARKED,,,0,,,,,Y,,,,,,,,,,,,,FRONT-RIGHT-CORNER,,,,,,,,,,,,,,,,,,,,,,,,,,,,,,,,,
2129406,59f2c3b1e5ca455baaac0fc130a6eef0ab57f34c629698702f3deb54647fff2476a2865deb77f3ce701375bc1e81052802d2763453b45836384bb9df32ef08af,08/15/2025 08:03:00 PM,1,DRIVER,,2029947,,TOYOTA,PRIUS,IL,2011,UNKNOWN,PASSENGER,PERSONAL,N,TURNING LEFT,,,1,,,,Y,,,,,,,,,,,,,,FRONT,,,,,,,,,,,,,,,,,,,,,,,,,,,,,,,,,
2129407,59f2c3b1e5ca455baaac0fc130a6eef0ab57f34c629698702f3deb54647fff2476a2865deb77f3ce701375bc1e81052802d2763453b45836384bb9df32ef08af,08/15/2025 08:03:00 PM,2,PEDESTRIAN,,,,,,,,,,,,,,,,,,,,,,,,,,,,,,,,,,,,,,,,,,,,,,,,,,,,,,,,,,,,,,,,,,
2129386,7edadf64c92a15ea88c0389a38c8782e685dbb1b66f4dcd4ea66357a32ddf49cd57eb1a2c6d4d6011bac7167b1bfbead3470493aea046907ec7c9994f65a5b39,08/15/2025 08:00:00 PM,1,DRIVER,1,2029929,,TESLA,MODEL Y,IL,,NONE,PASSENGER,PERSONAL,NW,STRAIGHT AHEAD,,,2,,,,,,,,Y,,,,,,,,,,SIDE-RIGHT-REAR,,,,,,,,,,,,,,,,,,,,,,,,,,,,,,,,,
2129387,7edadf64c92a15ea88c0389a38c8782e685dbb1b66f4dcd4ea66357a32ddf49cd57eb1a2c6d4d6011bac7167b1bfbead3470493aea046907ec7c9994f65a5b39,08/15/2025 08:00:00 PM,2,BICYCLE,,,,,,,,,,,,,,,,,,,,,,,,,,,,,,,,,,,,,,,,,,,,,,,,,,,,,,,,,,,,,,,,,,
2129421,cea4b085bdf64f34e213ba459521aba714871fece1d3c297e6d9744534986052a966504aa0b48432e7a86eb8fc02e2fddbf2c7514b13e503961f61e0e9e3a268,08/15/2025 08:00:00 PM,1,DRIVER,,2029957,,JEEP,CHEROKEE,IL,2017,NONE,PASSENGER,PERSONAL,E,TURNING LEFT,,,1,,,,,Y,Y,,,,,,,,,,Y,,FRONT-RIGHT-CORNER,,,,,,,,,,,,,,,,,,,,,,,,,,,,,,,,,
2129422,cea4b085bdf64f34e213ba459521aba714871fece1d3c297e6d9744534986052a966504aa0b48432e7a86eb8fc02e2fddbf2c7514b13e503961f61e0e9e3a268,08/15/2025 08:00:00 PM,2,DRIVER,,2029962,,FORD,FUSION,IL,2015,NONE,PASSENGER,PERSONAL,W,TURNING RIGHT,,,1,,,,,,,,,,,,Y,Y,Y,Y,,,SIDE-LEFT,,,,,,,,,,,,,,,,,,,,,,,,,,,,,,,,,
2129591,eb43081ea4ec6aec125fd660c1910b3db159e43ded795cd1acf97cea491aa9e837de6dc68f396fcb6123ca65c589fb795a8ef5027cb01a7f1788f603d2846fce,08/15/2025 08:00:00 PM,1,DRIVER,,2030127,,CADILLAC,ESCALADE,IL,2020,NONE,PASSENGER,PERSONAL,S,STRAIGHT AHEAD,,,1,,,,,,,,,,,,,,Y,Y,,,SIDE-LEFT-FRONT,,,,,,,,,,,,,,,,,,,,,,,,,,,,,,,,,
2129592,eb43081ea4ec6aec125fd660c1910b3db159e43ded795cd1acf97cea491aa9e837de6dc68f396fcb6123ca65c589fb795a8ef5027cb01a7f1788f603d2846fce,08/15/2025 08:00:00 PM,2,DRIVER,1,2030130,,HONDA,CIVIC,IL,2021,NONE,PASSENGER,PERSONAL,S,STRAIGHT AHEAD,,,2,,,,,,,,Y,Y,,,,,,,,,SIDE-RIGHT-REAR,,,,,,,,,,,,,,,,,,,,,,,,,,,,,,,,,
2129393,25438dd73b378f5baa02450bbc97de92c734052d6eb7d9cab263cb89234bc44fa9e5ae28affef1f342574c204ec3beff297ba77f0664037bbcc5d8b9858ff0e4,08/15/2025 07:55:00 PM,1,DRIVER,,2029933,,GENERAL MOTORS CORPORATION (GMC),OTHER (EXPLAIN IN NARRATIVE),,,UNKNOWN,PICKUP,UNKNOWN/NA,N,STRAIGHT AHEAD,,,1,,,,,,,,,,,,,,,,,Y,FRONT,,,,,,,,,,,,,,,,,,,,,,,,,,,,,,,,,
2129394,25438dd73b378f5baa02450bbc97de92c734052d6eb7d9cab263cb89234bc44fa9e5ae28affef1f342574c204ec3beff297ba77f0664037bbcc5d8b9858ff0e4,08/15/2025 07:55:00 PM,2,DRIVER,1,2029936,,TOYOTA,CAMRY,IL,2021,NONE,PASSENGER,PERSONAL,N,OTHER,,,2,,,,,,,,,Y,Y,Y,,,,,,,REAR,,,,,,,,,,,,,,,,,,,,,,,,,,,,,,,,,
2129391,09ce24b1b385cb2de80172f29c0bdceea0c9dd577c53598fd1a248cc427e4990cc4d5c7346f629fd3f5abb7aa739863ea6e0a12e7f8df6f164248bf669062f05,08/15/2025 07:54:00 PM,1,DRIVER,,2029935,,KIA,SPECTRA,WI,2009,UNKNOWN,PASSENGER,PERSONAL,S,U-TURN,,,1,,,,,,,,,,,,,,Y,Y,,,FRONT-LEFT-CORNER,,,,,,,,,,,,,,,,,,,,,,,,,,,,,,,,,
2129392,09ce24b1b385cb2de80172f29c0bdceea0c9dd577c53598fd1a248cc427e4990cc4d5c7346f629fd3f5abb7aa739863ea6e0a12e7f8df6f164248bf669062f05,08/15/2025 07:54:00 PM,2,DRIVER,,2029939,,"(HOMEMADE MOTORCYCLE, MOPED.ETC.)","(HOMEMADE MOTORCYCLE, MOPED.ETC.)",IL,2013,UNKNOWN,MOPED OR MOTORIZED BICYCLE,PERSONAL,E,STRAIGHT AHEAD,,,1,,,,,,,,,,,,,,,,Y,,FRONT,,,,,,,,,,,,,,,,,,,,,,,,,,,,,,,,,
2129390,81c326a80722672fe792985674b17b05a1b516a942858c6291c405e392bfa7b1994d851f9839963ff489329806369af85a0acb3891d2f6de356f1ccbcf0c5f8e,08/15/2025 07:41:00 PM,1,DRIVER,1,2029931,,JEEP,RENEGADE,IL,2019,UNKNOWN,PASSENGER,UNKNOWN/NA,S,STRAIGHT AHEAD,Y,,2,,E&R,103/doty,,,,,,,,,,,,,Y,,FRONT,,,,,,,,,,,,,,,,,,,,,,,,,,,,,,,,,
2131151,c19d1e45a5b6233c2d5b4e5b7e6fbf7c89c08712705993d96c6f9fe71cb4a5b61cd8ae83b8f0fb2b000694b0fec386b24a07506eaf1a679c79774cb6f00d6aa5,08/15/2025 07:36:00 PM,1,DRIVER,,2031579,,CHEVROLET,CRUZE,IL,,NONE,PASSENGER,DRIVER EDUCATION,S,TURNING LEFT,,,1,,,,,,,,,,,,,,,,Y,,FRONT,,,,,,,,,,,,,,,,,,,,,,,,,,,,,,,,,
2131152,c19d1e45a5b6233c2d5b4e5b7e6fbf7c89c08712705993d96c6f9fe71cb4a5b61cd8ae83b8f0fb2b000694b0fec386b24a07506eaf1a679c79774cb6f00d6aa5,08/15/2025 07:36:00 PM,2,DRIVER,,2031583,,FORD,FUSION,IL,2018,NONE,PASSENGER,PERSONAL,N,STRAIGHT AHEAD,,,1,,,,,,,,,,,,,,,Y,,,FRONT,,,,,,,,,,,,,,,,,,,,,,,,,,,,,,,,,
2129405,a77970df17dfd975588423541e210907000294cf6053b160867e3d868662e147e13e4f8c3393f252c7f6686b9946169cd8939e06aca6a44214c15626686d8759,08/15/2025 07:30:00 PM,1,DRIVER,,2029946,,UNKNOWN,MOTORIZED,XX,,NONE,PASSENGER,UNKNOWN/NA,S,STRAIGHT AHEAD,,,1,,,,,,,,,,,,,,,,,Y,FRONT-RIGHT-CORNER,,,,,,,,,,,,,,,,,,,,,,,,,,,,,,,,,
2129410,a77970df17dfd975588423541e210907000294cf6053b160867e3d868662e147e13e4f8c3393f252c7f6686b9946169cd8939e06aca6a44214c15626686d8759,08/15/2025 07:30:00 PM,2,PEDESTRIAN,,,,,,,,,,,,,,,,,,,,,,,,,,,,,,,,,,,,,,,,,,,,,,,,,,,,,,,,,,,,,,,,,,
2129399,b4e562a34b1720ba1dfb042ba16c97ac68c6287c6a37e8759ba09b6a9ac196bea725fc62e60fb85e3e025df2ecb43f6b2f9a4fb509b077be4f4fdad4723c2068,08/15/2025 07:30:00 PM,1,DRIVER,,2029944,,MIDDLEBURY (MANUFACTURED BY COACHMAN HOMES),"MIDDLEBURY(MFD. BY COACHMAN HOMES, DIV.OF COACHMEN",IL,1996,NONE,OTHER,OTHER,S,CHANGING LANES,,,1,,,,,,,,,,,Y,Y,Y,,,,,REAR-LEFT-CORNER,,,,,,,,,,,,,,,,,,,,,,,,,,,,,,,,,
2129400,b4e562a34b1720ba1dfb042ba16c97ac68c6287c6a37e8759ba09b6a9ac196bea725fc62e60fb85e3e025df2ecb43f6b2f9a4fb509b077be4f4fdad4723c2068,08/15/2025 07:30:00 PM,2,DRIVER,,2029950,,KIA,TELLURIDE,IL,2021,NONE,PASSENGER,PERSONAL,S,STRAIGHT AHEAD,,,1,,,,,Y,Y,Y,Y,Y,,,,,,,Y,,FRONT-RIGHT-CORNER,,,,,,,,,,,,,,,,,,,,,,,,,,,,,,,,,
2129388,5550cf0cf4e6d8bf4d969d52348fdd236f7bd98e2fca4e980be234fa990701c69760b406a01243b5fecf3cf69046351b15e295fed6352abb3b7454451152da5e,08/15/2025 07:29:00 PM,1,DRIVER,,2029928,,UNKNOWN,OTHER (EXPLAIN IN NARRATIVE),,,UNKNOWN,SPORT UTILITY VEHICLE (SUV),UNKNOWN/NA,N,TURNING LEFT,,,1,,,,,Y,,,,,,,,,,,,,FRONT-RIGHT-CORNER,,,,,,,,,,,,,,,,,,,,,,,,,,,,,,,,,
2129389,5550cf0cf4e6d8bf4d969d52348fdd236f7bd98e2fca4e980be234fa990701c69760b406a01243b5fecf3cf69046351b15e295fed6352abb3b7454451152da5e,08/15/2025 07:29:00 PM,2,DRIVER,,2029930,,KIA,OPTIMA / K5,IL,2025,NONE,PASSENGER,PERSONAL,N,TURNING LEFT,,,1,,,,,,,,,,,Y,Y,,,,,,SIDE-LEFT-REAR,,,,,,,,,,,,,,,,,,,,,,,,,,,,,,,,,
2129354,5ede8961898fb2d7b1db7ba03bd37a160685bf0225b58fc09baa2c2ffa3f01b7f55f18e7bba52856049c48fda55a7bd0f03fc4b5a2db26a7073ca0fb01528379,08/15/2025 07:21:00 PM,1,DRIVER,,2029901,,NISSAN,SENTRA,IL,2022,UNKNOWN,PASSENGER,UNKNOWN/NA,N,PASSING/OVERTAKING,,,1,,,,,,,,,,,,,,,,,,UNKNOWN,,,,,,,,,,,,,,,,,,,,,,,,,,,,,,,,,
2129355,5ede8961898fb2d7b1db7ba03bd37a160685bf0225b58fc09baa2c2ffa3f01b7f55f18e7bba52856049c48fda55a7bd0f03fc4b5a2db26a7073ca0fb01528379,08/15/2025 07:21:00 PM,2,DRIVER,4,2029907,,NISSAN,ROGUE,IL,2016,UNKNOWN,PASSENGER,PERSONAL,N,STRAIGHT AHEAD,,,5,,,,,,,,,,,Y,Y,Y,Y,,,,SIDE-LEFT,,,,,,,,,,,,,,,,,,,,,,,,,,,,,,,,,
2131813,72b017ef87557d3d07563aa184ac1c92916501c7f5b9b97a1daf3ec251b0295a45c5a6ef695a33afb97a1db9b09965831a7b6809ea1f27444cc38d6816dde517,08/15/2025 07:20:00 PM,1,DRIVER,,2032200,,GENERAL MOTORS CORPORATION (GMC),SIERRA,IL,,UNKNOWN,PICKUP,PERSONAL,S,STRAIGHT AHEAD,,,1,,,,,,,,,,N,,,,,,Y,,FRONT,,,,,,,,,,,,,,,,,,,,,,,,,,,,,,,,,
2131814,72b017ef87557d3d07563aa184ac1c92916501c7f5b9b97a1daf3ec251b0295a45c5a6ef695a33afb97a1db9b09965831a7b6809ea1f27444cc38d6816dde517,08/15/2025 07:20:00 PM,2,DRIVER,3,2032201,,CHEVROLET,EQUINOX,IL,2021,UNKNOWN,PASSENGER,PERSONAL,S,STRAIGHT AHEAD,,,4,,,,,,,,,,Y,,,,,,Y,,REAR,,,,,,,,,,,,,,,,,,,,,,,,,,,,,,,,,
2129403,73b406331679f930b7158b2a84b944a95b64ebb5a82664f0676f1156c7a51d282509897a2b6fbebffdb262a852593a6fca2b819ab7d7a4ffa5d2ecae45d0205b,08/15/2025 07:20:00 PM,1,DRIVER,,2029945,,TOYOTA,COROLLA,IL,2011,UNKNOWN,PASSENGER,UNKNOWN/NA,W,U-TURN,,,1,,,,,,,,,,,Y,Y,,,,,,UNKNOWN,,,,,,,,,,,,,,,,,,,,,,,,,,,,,,,,,
2129404,73b406331679f930b7158b2a84b944a95b64ebb5a82664f0676f1156c7a51d282509897a2b6fbebffdb262a852593a6fca2b819ab7d7a4ffa5d2ecae45d0205b,08/15/2025 07:20:00 PM,2,DRIVER,,2029949,,FORD,ESCAPE,IL,2011,UNKNOWN,SPORT UTILITY VEHICLE (SUV),TAXI/FOR HIRE,W,STRAIGHT AHEAD,Y,,1,,owner,,,Y,Y,,,,,,,,,,Y,,FRONT-RIGHT-CORNER,,,,,,,,,,,,,,,,,,,,,,,,,,,,,,,,,
2132094,5e6a13a3da961b3fad662fe9864ddca91d752369d535feb861fccf34fe368a5208fa0994d6dcd82c9407981985d2b39011932346a30dc129ced96f5e74823ba9,08/15/2025 07:15:00 PM,2,PEDESTRIAN,,,,,,,,,,,,,,,,,,,,,,,,,,,,,,,,,,,,,,,,,,,,,,,,,,,,,,,,,,,,,,,,,,
2132095,5e6a13a3da961b3fad662fe9864ddca91d752369d535feb861fccf34fe368a5208fa0994d6dcd82c9407981985d2b39011932346a30dc129ced96f5e74823ba9,08/15/2025 07:15:00 PM,1,DRIVER,,2032467,,CHEVROLET,SILVERADO,IL,2013,NONE,SPORT UTILITY VEHICLE (SUV),PERSONAL,UNKNOWN,STRAIGHT AHEAD,,,1,,,,,,,,,,,,,,,,Y,,FRONT,,,,,,,,,,,,,,,,,,,,,,,,,,,,,,,,,
2129379,57ab3223382d9acd0725263571f087d4faf8855defd29dd776d41a7c615d5de82a2dfc3be069a8b755dfbea3252b6de753f3d34c690222b2659458603d37940a,08/15/2025 07:08:00 PM,1,DRIVER,,2029925,,HONDA,CIVIC,IL,2019,NONE,PASSENGER,PERSONAL,S,STRAIGHT AHEAD,,,1,,,,,Y,,,,,,,,,,Y,Y,,FRONT-LEFT-CORNER,,,,,,,,,,,,,,,,,,,,,,,,,,,,,,,,,
2129380,57ab3223382d9acd0725263571f087d4faf8855defd29dd776d41a7c615d5de82a2dfc3be069a8b755dfbea3252b6de753f3d34c690222b2659458603d37940a,08/15/2025 07:08:00 PM,2,DRIVER,,2029927,,FORD,EXPLORER,IL,2018,UNKNOWN,PASSENGER,PERSONAL,W,STRAIGHT AHEAD,Y,,1,,SELF,UNKNOWN,,N,Y,Y,Y,,,,,,,,,,SIDE-RIGHT,,,,,,,,,,,,,,,,,,,,,,,,,,,,,,,,,