CRASH_UNIT_ID,CRASH_RECORD_ID,CRASH_DATE,UNIT_NO,UNIT_TYPE,NUM_PASSENGERS,VEHICLE_ID,CMRC_VEH_I,MAKE,MODEL,LIC_PLATE_STATE,VEHICLE_YEAR,VEHICLE_DEFECT,VEHICLE_TYPE,VEHICLE_USE,TRAVEL_DIRECTION,MANEUVER,TOWED_I,FIRE_I,OCCUPANT_CNT,EXCEED_SPEED_LIMIT_I,TOWED_BY,TOWED_TO,AREA_00_I,AREA_01_I,AREA_02_I,AREA_03_I,AREA_04_I,AREA_05_I,AREA_06_I,AREA_07_I,AREA_08_I,AREA_09_I,AREA_10_I,AREA_11_I,AREA_12_I,AREA_99_I,FIRST_CONTACT_POINT,CMV_ID,USDOT_NO,CCMC_NO,ILCC_NO,COMMERCIAL_SRC,GVWR,CARRIER_NAME,CARRIER_STATE,CARRIER_CITY,HAZMAT_PLACARDS_I,HAZMAT_NAME,UN_NO,HAZMAT_PRESENT_I,HAZMAT_REPORT_I,HAZMAT_REPORT_NO,MCS_REPORT_I,MCS_REPORT_NO,HAZMAT_VIO_CAUSE_CRASH_I,MCS_VIO_CAUSE_CRASH_I,IDOT_PERMIT_NO,WIDE_LOAD_I,TRAILER1_WIDTH,TRAILER2_WIDTH,TRAILER1_LENGTH,TRAILER2_LENGTH,TOTAL_VEHICLE_LENGTH,AXLE_CNT,VEHICLE_CONFIG,CARGO_BODY_TYPE,LOAD_TYPE,HAZMAT_OUT_OF_SERVICE_I,MCS_OUT_OF_SERVICE_I,HAZMAT_CLASS
2129413,40bf663d6f5d5ba30eb136966761b14a47597e28687c6d640cff622873752e8e2f2efc683d5be4bbcfefa936ddaf6854e98e81028e3524613093cfc8e4800eb0,08/15/2025 07:00:00 PM,1,DRIVER,,2029972,,TOYOTA,OTHER (EXPLAIN IN NARRATIVE),IL,2024,NONE,PASSENGER,PERSONAL,E,CHANGING LANES,,,1,,,,,,,Y,Y,,,,,,,,,,SIDE-RIGHT,,,,,,,,,,,,,,,,,,,,,,,,,,,,,,,,,
2129414,40bf663d6f5d5ba30eb136966761b14a47597e28687c6d640cff622873752e8e2f2efc683d5be4bbcfefa936ddaf6854e98e81028e3524613093cfc8e4800eb0,08/15/2025 07:00:00 PM,2,DRIVER,,2029983,,TOYOTA,OTHER (EXPLAIN IN NARRATIVE),IL,2025,NONE,PASSENGER,PERSONAL,E,SLOW/STOP IN TRAFFIC,,,1,,,,,,,,,,,Y,,,,,,,SIDE-LEFT-REAR,,,,,,,,,,,,,,,,,,,,,,,,,,,,,,,,,
2129373,6f6750858f3afc15f505d0592e8bc44e5e9dc0cfd403f08d26aadb739470f7e3dcd76a03839eac0b3af01b27d50cab062a4a2a37e876d656ec87def8c5f467c1,08/15/2025 07:00:00 PM,1,DRIVER,,2029914,,VOLKSWAGEN,TIGUAN,IL,2014,NONE,PASSENGER,PERSONAL,W,ENTER FROM DRIVE/ALLEY,,,1,,,,,,,,,,,,,,,,Y,,FRONT,,,,,,,,,,,,,,,,,,,,,,,,,,,,,,,,,
2129374,6f6750858f3afc15f505d0592e8bc44e5e9dc0cfd403f08d26aadb739470f7e3dcd76a03839eac0b3af01b27d50cab062a4a2a37e876d656ec87def8c5f467c1,08/15/2025 07:00:00 PM,2,DRIVER,,2029923,,TOYOTA,RAV4,IA,2013,NONE,SPORT UTILITY VEHICLE (SUV),PERSONAL,W,PASSING/OVERTAKING,,,1,,,,,,,Y,,,,,,,,,,,SIDE-RIGHT,,,,,,,,,,,,,,,,,,,,,,,,,,,,,,,,,
2129383,7d40cccc353d75287afc5f1baa95bd3d56ffab97bab5126154c8b68ecfb206fe148d29c0c9d93b727638c10b550743d46d52e9fe92a5c47b2cf0c19d2e0a3b68,08/15/2025 07:00:00 PM,1,DRIVER,2,2029924,,FORD,EXPLORER,IL,2016,UNKNOWN,SPORT UTILITY VEHICLE (SUV),PERSONAL,W,STRAIGHT AHEAD,Y,,3,,VEHICLE OWNER,UNKNOWN,,Y,Y,,,,,,,,,,Y,,FRONT-RIGHT-CORNER,,,,,,,,,,,,,,,,,,,,,,,,,,,,,,,,,
2129850,c287a5564c0a0a3ce09615aba2f705a4fae3d0837458be371881ec36b171fc89e70e2ff6bc854a3e6dec9f21be18a8c086c72e22934cb4d17c4e0ade531a684b,08/15/2025 07:00:00 PM,1,DRIVER,,2030360,,UNKNOWN,OTHER (EXPLAIN IN NARRATIVE),IL,,UNKNOWN,PASSENGER,PERSONAL,E,STRAIGHT AHEAD,,,1,,,,,,,,,,,,,,,,,Y,UNKNOWN,,,,,,,,,,,,,,,,,,,,,,,,,,,,,,,,,
2129851,c287a5564c0a0a3ce09615aba2f705a4fae3d0837458be371881ec36b171fc89e70e2ff6bc854a3e6dec9f21be18a8c086c72e22934cb4d17c4e0ade531a684b,08/15/2025 07:00:00 PM,2,PARKED,,2030363,,CHEVROLET,SILVERADO,IL,2019,NONE,PASSENGER,PERSONAL,W,PARKED,,,0,,,,,,,,,,,,Y,Y,Y,,,,SIDE-LEFT,,,,,,,,,,,,,,,,,,,,,,,,,,,,,,,,,
2129360,45b9c0468c25a419acbb480c1707a2d4e0b7c40636a3c57262d7ce1b0a3bbd9cb93f5ef1a31aedba5ebe2a9cbdf4c2fcec123f32a5125496269cccf84d8684a0,08/15/2025 06:50:00 PM,1,DRIVER,,2029904,,HONDA,CR-V,IL,2019,UNKNOWN,PASSENGER,PERSONAL,W,STRAIGHT AHEAD,,,1,,,,,,,,,,,N,Y,Y,Y,Y,,,SIDE-LEFT,,,,,,,,,,,,,,,,,,,,,,,,,,,,,,,,,
2129361,45b9c0468c25a419acbb480c1707a2d4e0b7c40636a3c57262d7ce1b0a3bbd9cb93f5ef1a31aedba5ebe2a9cbdf4c2fcec123f32a5125496269cccf84d8684a0,08/15/2025 06:50:00 PM,2,DRIVER,1,2029921,,TOYOTA,RAV4,IL,2019,UNKNOWN,PASSENGER,PERSONAL,N,STRAIGHT AHEAD,Y,,2,,OWNER REQUEST,UNK,,Y,,,,,,,,,,Y,Y,,FRONT,,,,,,,,,,,,,,,,,,,,,,,,,,,,,,,,,
2133809,ca0a61405cea8c8219bfb8d8e6a1b07f10c4c9b11c1766192192d991e90c069eb32546f339168d56879b1b59efb1ff635733a4f91def0d25bbca80b65905b06c,08/15/2025 06:45:00 PM,1,DRIVER,2,2034098,,NISSAN,SENTRA,IL,2012,UNKNOWN,UNKNOWN/NA,UNKNOWN/NA,UNKNOWN,UNKNOWN/NA,,,3,,,,,,,,,,,,,,,Y,,,FRONT-LEFT-CORNER,,,,,,,,,,,,,,,,,,,,,,,,,,,,,,,,,
2133810,ca0a61405cea8c8219bfb8d8e6a1b07f10c4c9b11c1766192192d991e90c069eb32546f339168d56879b1b59efb1ff635733a4f91def0d25bbca80b65905b06c,08/15/2025 06:45:00 PM,2,DRIVER,,2034113,,CHEVROLET,EQUINOX,IL,2010,UNKNOWN,UNKNOWN/NA,UNKNOWN/NA,UNKNOWN,UNKNOWN/NA,,,1,,,,,,,,,,,Y,Y,Y,Y,Y,,,SIDE-LEFT,,,,,,,,,,,,,,,,,,,,,,,,,,,,,,,,,
2129366,9c2059a537342ef2772de802fd57691725521469ea7b12b285f16d9fc10a0684f33ef19c700562ec76eb72743c65ba09e315f910b8f95fc15c012b2a740294f9,08/15/2025 06:20:00 PM,1,DRIVER,,2029915,,UNKNOWN,OTHER (EXPLAIN IN NARRATIVE),,,NONE,PASSENGER,PERSONAL,N,STRAIGHT AHEAD,,,1,,,,,,,,,,,,,,,,,Y,UNKNOWN,,,,,,,,,,,,,,,,,,,,,,,,,,,,,,,,,
2129367,9c2059a537342ef2772de802fd57691725521469ea7b12b285f16d9fc10a0684f33ef19c700562ec76eb72743c65ba09e315f910b8f95fc15c012b2a740294f9,08/15/2025 06:20:00 PM,2,PARKED,,2029918,,NISSAN,VERSA,IL,2016,NONE,PASSENGER,PERSONAL,N,PARKED,,,0,,,,,,,,,,,Y,Y,Y,Y,Y,,,SIDE-LEFT,,,,,,,,,,,,,,,,,,,,,,,,,,,,,,,,,
2129338,ed84f55b0d0ae67b019d281f5bf3ac640f74e9e898236ccf550442755ec8801a665fa35d34865e36e3b6da3ed1ed0aeb58e572b692163fc09fa193bf46aca329,08/15/2025 06:15:00 PM,1,DRIVER,,2029887,,JEEP,RENEGADE,IL,2022,UNKNOWN,PASSENGER,PERSONAL,N,TURNING LEFT,,,1,,,,,,,,,,,Y,Y,,,,,,REAR-LEFT-CORNER,,,,,,,,,,,,,,,,,,,,,,,,,,,,,,,,,
2129339,ed84f55b0d0ae67b019d281f5bf3ac640f74e9e898236ccf550442755ec8801a665fa35d34865e36e3b6da3ed1ed0aeb58e572b692163fc09fa193bf46aca329,08/15/2025 06:15:00 PM,2,DRIVER,,2029891,,LEXUS,ES350,IL,2016,UNKNOWN,PASSENGER,PERSONAL,E,STRAIGHT AHEAD,,,1,,,,,,,,,,,,,,N,Y,Y,,FRONT-LEFT-CORNER,,,,,,,,,,,,,,,,,,,,,,,,,,,,,,,,,
2129335,cff85048afbb0bbc942a55494103fbba831df53f45111a537ea921fa2856bd3876241a1e423946337c7a1390c875a5bab6b83fd0bfc2eeb48cc7c058721b1ba9,08/15/2025 06:11:00 PM,1,BICYCLE,,,,,,,,,,,,,,,,,,,,,,,,,,,,,,,,,,,,,,,,,,,,,,,,,,,,,,,,,,,,,,,,,,
2129336,cff85048afbb0bbc942a55494103fbba831df53f45111a537ea921fa2856bd3876241a1e423946337c7a1390c875a5bab6b83fd0bfc2eeb48cc7c058721b1ba9,08/15/2025 06:11:00 PM,2,DRIVER,,2029889,,TOYOTA,HIGHLANDER,IL,2024,UNKNOWN,PASSENGER,PERSONAL,E,SLOW/STOP IN TRAFFIC,,,1,,,,,,,,,,Y,,,,,,,,REAR,,,,,,,,,,,,,,,,,,,,,,,,,,,,,,,,,
2129342,6b5d7a98af76de03d6838c5379081d6fd5c5a23e7ef3b07277f999494f9aafbde54650ff0d3b05ec74bc3d27bc585d690e113ff2647b5e623b226805b955e8d2,08/15/2025 06:10:00 PM,1,DRIVER,,2029916,,CHEVROLET,TRAX,IL,2018,NONE,PASSENGER,PERSONAL,S,BACKING,,,1,,,,,,,,,,Y,,,,,,,,REAR,,,,,,,,,,,,,,,,,,,,,,,,,,,,,,,,,
2129343,6b5d7a98af76de03d6838c5379081d6fd5c5a23e7ef3b07277f999494f9aafbde54650ff0d3b05ec74bc3d27bc585d690e113ff2647b5e623b226805b955e8d2,08/15/2025 06:10:00 PM,2,PARKED,,2029900,,CHEVROLET,TRAX,IL,2025,NONE,PASSENGER,PERSONAL,UNKNOWN,PARKED,,,0,,,,,,,,,,,,,,,,Y,,FRONT,,,,,,,,,,,,,,,,,,,,,,,,,,,,,,,,,
2129301,dfdb1da28caa2a9779a6e1ae2eabd64dd9d72877e6a62e647b47db0e2a3d64a56f050f903721c4b73d3135d6d70fbb127a1dedea4d443c222b08db48e550d475,08/15/2025 06:10:00 PM,1,DRIVER,,2029848,,DODGE,RAM 1500 PU,IL,2008,NONE,PICKUP,PERSONAL,S,STRAIGHT AHEAD,,,1,,,,,Y,,,,,,,,,,Y,Y,,FRONT,,,,,,,,,,,,,,,,,,,,,,,,,,,,,,,,,
2129302,dfdb1da28caa2a9779a6e1ae2eabd64dd9d72877e6a62e647b47db0e2a3d64a56f050f903721c4b73d3135d6d70fbb127a1dedea4d443c222b08db48e550d475,08/15/2025 06:10:00 PM,2,DRIVER,1,2029852,,JEEP,COMPASS,IL,2023,NONE,PASSENGER,PERSONAL,S,STRAIGHT AHEAD,,,2,,,,,,,,,,Y,Y,Y,,,,,,REAR-LEFT-CORNER,,,,,,,,,,,,,,,,,,,,,,,,,,,,,,,,,
2129384,7061b93a7257cade2de961f84a4ae5244af6be48f12813c3ccb2112db321a641cd870bd744e2d75e98c376fa4f11d60fe903159a87eced309e458727cf290ba5,08/15/2025 06:07:00 PM,1,DRIVER,,2029938,,FREIGHTLINER CORPORATION,FREIGHTLINER CORP.,IN,,NONE,TRUCK - SINGLE UNIT,PERSONAL,E,TURNING RIGHT,,,1,,,,,,,Y,,,,,,,,,,,SIDE-RIGHT-REAR,,,,,,,,,,,,,,,,,,,,,,,,,,,,,,,,,
2129385,7061b93a7257cade2de961f84a4ae5244af6be48f12813c3ccb2112db321a641cd870bd744e2d75e98c376fa4f11d60fe903159a87eced309e458727cf290ba5,08/15/2025 06:07:00 PM,2,PARKED,,2029932,,KIA,FORTE,IL,,NONE,PASSENGER,NOT IN USE,E,PARKED,,,0,,,,,,,,,,Y,Y,,,,,,,REAR-LEFT-CORNER,,,,,,,,,,,,,,,,,,,,,,,,,,,,,,,,,
2129317,4fd0534ece9fffb842e133cbb6ae338927c140c8995c6bd9e95df86d020a6ec855f70860378308f6a3d0f8173bf62b530af054551bda4687cac90ef10658151d,08/15/2025 06:00:00 PM,1,DRIVER,,2029865,,UNKNOWN,OTHER (EXPLAIN IN NARRATIVE),,,UNKNOWN,UNKNOWN/NA,UNKNOWN/NA,UNKNOWN,UNKNOWN/NA,,,1,,,,,,,,,,,,,,,,,Y,UNKNOWN,,,,,,,,,,,,,,,,,,,,,,,,,,,,,,,,,
2129318,4fd0534ece9fffb842e133cbb6ae338927c140c8995c6bd9e95df86d020a6ec855f70860378308f6a3d0f8173bf62b530af054551bda4687cac90ef10658151d,08/15/2025 06:00:00 PM,2,PARKED,,2029866,,BUICK,ENCORE,IL,2024,NONE,SPORT UTILITY VEHICLE (SUV),NOT IN USE,E,PARKED,,,0,,,,,,,,,,,Y,Y,,,,,,REAR-LEFT-CORNER,,,,,,,,,,,,,,,,,,,,,,,,,,,,,,,,,
2129327,c2c513b7195ffce98980e8f59b3dd5dc49ec10caf365f10b697ff8ac05f3fef8ce3123a54d5f0035a254c71331d7747d6e2305e676fffdd36597d26a322af68a,08/15/2025 05:57:00 PM,1,BICYCLE,,,,,,,,,,,,,,,,,,,,,,,,,,,,,,,,,,,,,,,,,,,,,,,,,,,,,,,,,,,,,,,,,,
2129328,c2c513b7195ffce98980e8f59b3dd5dc49ec10caf365f10b697ff8ac05f3fef8ce3123a54d5f0035a254c71331d7747d6e2305e676fffdd36597d26a322af68a,08/15/2025 05:57:00 PM,2,DRIVER,,2029883,,BMW,X5,IL,2012,UNKNOWN,SPORT UTILITY VEHICLE (SUV),UNKNOWN/NA,N,TURNING LEFT,,,1,,,,,,,,,,,,,,,,Y,,FRONT,,,,,,,,,,,,,,,,,,,,,,,,,,,,,,,,,
2129375,3d7dc304152dd3fa5b8593d75c82490e407b05470216d418a5ebe7d5f6db112405cca3b748743ac5fe701dc72ce54dc05ab6afc7fea47ae7f68694c70f68ac8c,08/15/2025 05:55:00 PM,1,DRIVER,,2029919,,MAZDA,OTHER (EXPLAIN IN NARRATIVE),IL,2012,NONE,PASSENGER,PERSONAL,NW,STRAIGHT AHEAD,,,1,,,,,Y,Y,,,,,,,,,,,,FRONT-RIGHT-CORNER,,,,,,,,,,,,,,,,,,,,,,,,,,,,,,,,,
2129376,3d7dc304152dd3fa5b8593d75c82490e407b05470216d418a5ebe7d5f6db112405cca3b748743ac5fe701dc72ce54dc05ab6afc7fea47ae7f68694c70f68ac8c,08/15/2025 05:55:00 PM,2,PEDESTRIAN,,,,,,,,,,,,,,,,,,,,,,,,,,,,,,,,,,,,,,,,,,,,,,,,,,,,,,,,,,,,,,,,,,
2129915,04ed2aae4815d4e90c7def841285d5afa509a231e50c4ae735444a23b6ec94b1a6e7749f29bfb3e17bb1df1ab01587ff776aac509e6c26db9a64623fec11828b,08/15/2025 05:50:00 PM,1,DRIVER,,2030424,,GENERAL MOTORS CORPORATION (GMC),YUKON,IL,2016,UNKNOWN,SPORT UTILITY VEHICLE (SUV),UNKNOWN/NA,S,STRAIGHT AHEAD,,,1,,,,,,,,,,,,,,,,,Y,UNKNOWN,,,,,,,,,,,,,,,,,,,,,,,,,,,,,,,,,
2129916,04ed2aae4815d4e90c7def841285d5afa509a231e50c4ae735444a23b6ec94b1a6e7749f29bfb3e17bb1df1ab01587ff776aac509e6c26db9a64623fec11828b,08/15/2025 05:50:00 PM,2,DRIVER,1,2030438,,SUBARU,FORESTER,IL,2017,NONE,PASSENGER,PERSONAL,NW,CHANGING LANES,,,2,,,,,,,,,,,Y,Y,Y,,,,,SIDE-LEFT,,,,,,,,,,,,,,,,,,,,,,,,,,,,,,,,,
2129303,ba8ff137c33aad7c76bb697d2ca3f1475d4f4905fab5219c97c82fa51db97c27c25dc541f5e17f06f726a1fb8eb473398e866d03b60a6bc51895c08b2d7411c6,08/15/2025 05:50:00 PM,1,DRIVER,,2029851,,CHEVROLET,MALIBU,,2018,NONE,PASSENGER,PERSONAL,N,TURNING LEFT,Y,,1,,PERSONAL,,,Y,,,,,,,,,,Y,Y,,FRONT,,,,,,,,,,,,,,,,,,,,,,,,,,,,,,,,,
2129304,ba8ff137c33aad7c76bb697d2ca3f1475d4f4905fab5219c97c82fa51db97c27c25dc541f5e17f06f726a1fb8eb473398e866d03b60a6bc51895c08b2d7411c6,08/15/2025 05:50:00 PM,2,DRIVER,,2029858,,CHEVROLET,SILVERADO,IL,2024,NONE,PICKUP,PERSONAL,N,STRAIGHT AHEAD,,,1,,,,,Y,Y,Y,Y,,,,,,,,,,SIDE-RIGHT,,,,,,,,,,,,,,,,,,,,,,,,,,,,,,,,,
2129293,d78c3ea3a0f869b44c2f445e74a068b2289891dd16b84c0b88bc429eaed6ba365366f0e74cd23590a45bdc22689243cdd62c1ab8dc9babce9e876f46c07e645c,08/15/2025 05:50:00 PM,1,DRIVER,,2029842,Y,NEW FLYER,OTHER (EXPLAIN IN NARRATIVE),IL,2007,UNKNOWN,BUS OVER 15 PASS.,CTA,W,TURNING LEFT,,,1,,,,,,,,,,,,,Y,,,,,SIDE-LEFT,"22,007",,,,,2,CTA,IL,CHICAGO,,,,N,N,,U,,N,N,,,,,,,40,2,BUS,BUS,OTHER,N,N,
2129294,d78c3ea3a0f869b44c2f445e74a068b2289891dd16b84c0b88bc429eaed6ba365366f0e74cd23590a45bdc22689243cdd62c1ab8dc9babce9e876f46c07e645c,08/15/2025 05:50:00 PM,2,DRIVER,,2029855,,MERCEDES-BENZ,C-CLASS,IL,2012,UNKNOWN,PASSENGER,PERSONAL,W,STRAIGHT AHEAD,,,1,,,,,,Y,,,Y,,,,,,,,,SIDE-RIGHT-REAR,,,,,,,,,,,,,,,,,,,,,,,,,,,,,,,,,
2129344,1a7f33f443e6c4c193ded77c425e6a20ba4528eb84521585250015ae77e5c9d9908093e02adcf42ab6f9daa9ffabf6dd105c13946098894338758efc770e9678,08/15/2025 05:45:00 PM,1,DRIVER,,2029888,,JEEP,GRAND CHEROKEE,IL,2020,UNKNOWN,SPORT UTILITY VEHICLE (SUV),PERSONAL,NW,TURNING LEFT,,,1,,,,Y,,,,,,,,,,,,,,SIDE-LEFT-REAR,,,,,,,,,,,,,,,,,,,,,,,,,,,,,,,,,
2129345,1a7f33f443e6c4c193ded77c425e6a20ba4528eb84521585250015ae77e5c9d9908093e02adcf42ab6f9daa9ffabf6dd105c13946098894338758efc770e9678,08/15/2025 05:45:00 PM,2,PEDESTRIAN,,,,,,,,,,,,,,,,,,,,,,,,,,,,,,,,,,,,,,,,,,,,,,,,,,,,,,,,,,,,,,,,,,
2129329,7e7022badc1be745bfd0b5e212809e1a2dae2dabba2a68a1c96e82e80e2a3b7adfb2054bb36b9e7c8f6f106dd24489764c4c0685e50ab44fa324a0d34c5e25b0,08/15/2025 05:40:00 PM,1,DRIVER,,2029882,,FORD,FOCUS,IL,2014,NONE,PASSENGER,PERSONAL,NW,TURNING LEFT,,,1,,,,,Y,Y,,,,,,,,,,,,FRONT-RIGHT-CORNER,,,,,,,,,,,,,,,,,,,,,,,,,,,,,,,,,
2129330,7e7022badc1be745bfd0b5e212809e1a2dae2dabba2a68a1c96e82e80e2a3b7adfb2054bb36b9e7c8f6f106dd24489764c4c0685e50ab44fa324a0d34c5e25b0,08/15/2025 05:40:00 PM,2,DRIVER,,2029893,,MERCEDES-BENZ,300 SERIES,MA,2017,NONE,PASSENGER,PERSONAL,W,STRAIGHT AHEAD,,,1,,,,,,,,,,,Y,Y,,,,,,REAR-LEFT-CORNER,,,,,,,,,,,,,,,,,,,,,,,,,,,,,,,,,
2129321,fa670b9ced900c57e3f41568421582649061efa443e844e90a387f298ac808d4a8c27bc85df7ee01ce40aa84a42c367f3dc5f73cb9d1d21f838ce5c2c3e0d2be,08/15/2025 05:38:00 PM,1,DRIVER,1,2029872,,VOLVO,OTHER (EXPLAIN IN NARRATIVE),WI,2015,UNKNOWN,PASSENGER,PERSONAL,W,TURNING RIGHT,,,2,,,,,,,,Y,,,,,,,,,,SIDE-RIGHT-REAR,,,,,,,,,,,,,,,,,,,,,,,,,,,,,,,,,
2129322,fa670b9ced900c57e3f41568421582649061efa443e844e90a387f298ac808d4a8c27bc85df7ee01ce40aa84a42c367f3dc5f73cb9d1d21f838ce5c2c3e0d2be,08/15/2025 05:38:00 PM,2,DRIVER,,2029884,,"PREVOST CAR / BUS (SAINTE CLAIRE, QUEBEC)",OTHER (EXPLAIN IN NARRATIVE),IL,2016,UNKNOWN,BUS OVER 15 PASS.,CTA,W,STRAIGHT AHEAD,,,1,,,,,,,,,,,,,,,Y,N,,FRONT-LEFT-CORNER,,,,,,,,,,,,,,,,,,,,,,,,,,,,,,,,,
2129275,d9449025052899d56775c64900785830db670c255b8fea445540406ae2b212235592524013c643ce594c0915d2f38e7fed1ab8936eb127cbfa7705985bf18d60,08/15/2025 05:36:00 PM,1,DRIVER,,2029857,,UNKNOWN,OTHER (EXPLAIN IN NARRATIVE),IL,,UNKNOWN,OTHER,UNKNOWN/NA,W,STRAIGHT AHEAD,,,1,,,,,,,,,,,,,,,,N,Y,FRONT,,,,,,,,,,,,,,,,,,,,,,,,,,,,,,,,,
2129276,d9449025052899d56775c64900785830db670c255b8fea445540406ae2b212235592524013c643ce594c0915d2f38e7fed1ab8936eb127cbfa7705985bf18d60,08/15/2025 05:36:00 PM,2,DRIVER,1,2029829,,TOYOTA,CAMRY,IL,2016,NONE,PASSENGER,PERSONAL,W,STRAIGHT AHEAD,,,2,,,,,,,,,,,Y,,,,,,,REAR-LEFT-CORNER,,,,,,,,,,,,,,,,,,,,,,,,,,,,,,,,,
2129311,a5c7d8e1c7bb456d7013d26ef553780f12128921ac490f08f482fda3584c6b67fd5e02c31f1afd3d1907e4051688be4b423fbe20187f703b5f599825282689fc,08/15/2025 05:35:00 PM,1,DRIVER,,2029861,,MAZDA,CX-5,IL,2022,UNKNOWN,PASSENGER,PERSONAL,W,STRAIGHT AHEAD,,,1,,,,,Y,,,,,,,,,,Y,Y,,FRONT,,,,,,,,,,,,,,,,,,,,,,,,,,,,,,,,,
2129312,a5c7d8e1c7bb456d7013d26ef553780f12128921ac490f08f482fda3584c6b67fd5e02c31f1afd3d1907e4051688be4b423fbe20187f703b5f599825282689fc,08/15/2025 05:35:00 PM,2,DRIVER,,2029869,,TOYOTA,HIGHLANDER,CA,2024,UNKNOWN,PASSENGER,PERSONAL,W,STRAIGHT AHEAD,,,1,,,,,,,,Y,Y,Y,Y,,,,,,,REAR-RIGHT-CORNER,,,,,,,,,,,,,,,,,,,,,,,,,,,,,,,,,
2129331,3aa7f3906ebd70cb9be91578c694c207b57e984a3cd0ad5a29c8fa6de89781112353a3b157991936a01e9469485933af7028503e18bcc5b2d53550aa954bc539,08/15/2025 05:34:00 PM,1,DRIVER,,2029885,,MERCEDES-BENZ,400 SERIES,IL,2017,UNKNOWN,SPORT UTILITY VEHICLE (SUV),PERSONAL,SE,TURNING LEFT,,,1,,,,,,,,,,,,,,,,Y,,FRONT,,,,,,,,,,,,,,,,,,,,,,,,,,,,,,,,,
2129332,3aa7f3906ebd70cb9be91578c694c207b57e984a3cd0ad5a29c8fa6de89781112353a3b157991936a01e9469485933af7028503e18bcc5b2d53550aa954bc539,08/15/2025 05:34:00 PM,2,PEDESTRIAN,,,,,,,,,,,,,,,,,,,,,,,,,,,,,,,,,,,,,,,,,,,,,,,,,,,,,,,,,,,,,,,,,,
2129325,b791eead9134185e2b959254c4180b14bfba9115f40992effbcda1395698db59b974d2de27b302b107af2d22a155e3bfdcbc0b508fb30039377a247950931192,08/15/2025 05:31:00 PM,1,DRIVER,,2029870,,CHEVROLET,SUBURBAN,IL,2011,UNKNOWN,OTHER,PERSONAL,S,TURNING LEFT,Y,,1,,CITY,POUND #2,,Y,Y,,,,,,,,Y,Y,Y,,UNKNOWN,,,,,,,,,,,,,,,,,,,,,,,,,,,,,,,,,
2129326,b791eead9134185e2b959254c4180b14bfba9115f40992effbcda1395698db59b974d2de27b302b107af2d22a155e3bfdcbc0b508fb30039377a247950931192,08/15/2025 05:31:00 PM,2,DRIVER,,2029879,,CHEVROLET,EQUINOX,IL,2019,UNKNOWN,PASSENGER,PERSONAL,E,STRAIGHT AHEAD,,,1,,,,,Y,Y,,,,,Y,Y,Y,Y,Y,Y,,UNKNOWN,,,,,,,,,,,,,,,,,,,,,,,,,,,,,,,,,
2129307,40b09a4d2524bb7a9fc57d32cfdfe1d0bd7a010c39e79023601b73777067695b9625bc51ac7fe883479e75f1694e95774a63514f6652d9067a3a8efb6f39b6a7,08/15/2025 05:20:00 PM,1,DRIVER,,2029862,,HONDA,ACCORD,IL,2013,NONE,PASSENGER,NOT IN USE,W,STRAIGHT AHEAD,Y,,1,,private,,,Y,,,,,,,,,,Y,Y,,FRONT,,,,,,,,,,,,,,,,,,,,,,,,,,,,,,,,,
2129308,40b09a4d2524bb7a9fc57d32cfdfe1d0bd7a010c39e79023601b73777067695b9625bc51ac7fe883479e75f1694e95774a63514f6652d9067a3a8efb6f39b6a7,08/15/2025 05:20:00 PM,2,DRIVER,2,2029874,,HYUNDAI,SANTA FE,IL,2022,NONE,SPORT UTILITY VEHICLE (SUV),NOT IN USE,N,STRAIGHT AHEAD,Y,,3,,private,,,Y,Y,Y,Y,Y,,,,,,,,,SIDE-RIGHT,,,,,,,,,,,,,,,,,,,,,,,,,,,,,,,,,
2129287,f5a43f158478e4651ded39125b4659eff6773ae9db05d577d6dc35abd7ca590650c7bb67effc2442fb1623c1985c6cb93affddf23c8bdb97962847ebec093b40,08/15/2025 05:20:00 PM,1,DRIVER,,2029832,,HONDA,CR-V,IL,2003,UNKNOWN,SPORT UTILITY VEHICLE (SUV),UNKNOWN/NA,N,STRAIGHT AHEAD,,,1,,,,,,,,,,,,,,,,Y,,FRONT,,,,,,,,,,,,,,,,,,,,,,,,,,,,,,,,,
2129288,f5a43f158478e4651ded39125b4659eff6773ae9db05d577d6dc35abd7ca590650c7bb67effc2442fb1623c1985c6cb93affddf23c8bdb97962847ebec093b40,08/15/2025 05:20:00 PM,2,DRIVER,,2029843,,TOYOTA,CROWN,IL,2025,UNKNOWN,SPORT UTILITY VEHICLE (SUV),UNKNOWN/NA,N,SLOW/STOP IN TRAFFIC,,,1,,,,,,,,,,Y,,,,,,,,REAR,,,,,,,,,,,,,,,,,,,,,,,,,,,,,,,,,
2129368,646a312c060ac1f657d328a99a3cf1c6fec81fb12b3952edb0816e75bea7293796b0d02ec4aece15baa80f991a1fcb5c75d0f2608bdc42655468263d20171208,08/15/2025 05:17:00 PM,1,DRIVER,,2029912,,FORD,FUSION,IL,2014,NONE,PASSENGER,PERSONAL,W,STRAIGHT AHEAD,,,1,,,,,Y,,,,,,,,,,,Y,,FRONT-RIGHT-CORNER,,,,,,,,,,,,,,,,,,,,,,,,,,,,,,,,,