CRASH_UNIT_ID,CRASH_RECORD_ID,CRASH_DATE,UNIT_NO,UNIT_TYPE,NUM_PASSENGERS,VEHICLE_ID,CMRC_VEH_I,MAKE,MODEL,LIC_PLATE_STATE,VEHICLE_YEAR,VEHICLE_DEFECT,VEHICLE_TYPE,VEHICLE_USE,TRAVEL_DIRECTION,MANEUVER,TOWED_I,FIRE_I,OCCUPANT_CNT,EXCEED_SPEED_LIMIT_I,TOWED_BY,TOWED_TO,AREA_00_I,AREA_01_I,AREA_02_I,AREA_03_I,AREA_04_I,AREA_05_I,AREA_06_I,AREA_07_I,AREA_08_I,AREA_09_I,AREA_10_I,AREA_11_I,AREA_12_I,AREA_99_I,FIRST_CONTACT_POINT,CMV_ID,USDOT_NO,CCMC_NO,ILCC_NO,COMMERCIAL_SRC,GVWR,CARRIER_NAME,CARRIER_STATE,CARRIER_CITY,HAZMAT_PLACARDS_I,HAZMAT_NAME,UN_NO,HAZMAT_PRESENT_I,HAZMAT_REPORT_I,HAZMAT_REPORT_NO,MCS_REPORT_I,MCS_REPORT_NO,HAZMAT_VIO_CAUSE_CRASH_I,MCS_VIO_CAUSE_CRASH_I,IDOT_PERMIT_NO,WIDE_LOAD_I,TRAILER1_WIDTH,TRAILER2_WIDTH,TRAILER1_LENGTH,TRAILER2_LENGTH,TOTAL_VEHICLE_LENGTH,AXLE_CNT,VEHICLE_CONFIG,CARGO_BODY_TYPE,LOAD_TYPE,HAZMAT_OUT_OF_SERVICE_I,MCS_OUT_OF_SERVICE_I,HAZMAT_CLASS
2129369,646a312c060ac1f657d328a99a3cf1c6fec81fb12b3952edb0816e75bea7293796b0d02ec4aece15baa80f991a1fcb5c75d0f2608bdc42655468263d20171208,08/15/2025 05:17:00 PM,2,DRIVER,2,2029934,,FORD,BRONCO / BRONCO II,IL,2022,NONE,PASSENGER,PERSONAL,W,TURNING LEFT,Y,,3,,PRIVATE TOW,,,,,,,,,,,Y,Y,Y,,,FRONT-LEFT-CORNER,,,,,,,,,,,,,,,,,,,,,,,,,,,,,,,,,
2129397,c43e658a0a7de2efd8ca9abbfed4fe51b6d887a37c01084f4d9925c3a30b6f44e8c84eb0b0cf17a7e4fd099a945ae6573eb8d89253dca3e62e62e04a119f9431,08/15/2025 05:17:00 PM,1,BICYCLE,,,,,,,,,,,,,,,,,,,,,,,,,,,,,,,,,,,,,,,,,,,,,,,,,,,,,,,,,,,,,,,,,,
2129398,c43e658a0a7de2efd8ca9abbfed4fe51b6d887a37c01084f4d9925c3a30b6f44e8c84eb0b0cf17a7e4fd099a945ae6573eb8d89253dca3e62e62e04a119f9431,08/15/2025 05:17:00 PM,2,DRIVER,,2029941,,AUDI,A6,IL,2018,NONE,PASSENGER,PERSONAL,N,SLOW/STOP IN TRAFFIC,,,1,,,,,,,,,,,,,,,Y,,,FRONT-LEFT-CORNER,,,,,,,,,,,,,,,,,,,,,,,,,,,,,,,,,
2129285,f655fe3f2c9219915777f7a010da576b0bb3bd06a3662c8367efaae565385ff3716ea60c3467dbc318a91682d83230aba6ceb6dfd74ad05b90bfe3075bb50dad,08/15/2025 05:17:00 PM,1,DRIVER,,2029833,Y,FORD,OTHER (EXPLAIN IN NARRATIVE),AZ,2019,UNKNOWN,OTHER,OTHER,S,STRAIGHT AHEAD,,,1,,,,,Y,,,,,,,,,,,,,FRONT-RIGHT-CORNER,,,,,,,,,,,,,,,,,,,,,,,,,,,,,,,,,
2129286,f655fe3f2c9219915777f7a010da576b0bb3bd06a3662c8367efaae565385ff3716ea60c3467dbc318a91682d83230aba6ceb6dfd74ad05b90bfe3075bb50dad,08/15/2025 05:17:00 PM,2,PARKED,,2029838,,HYUNDAI,TUCSON,GA,2025,UNKNOWN,SPORT UTILITY VEHICLE (SUV),PERSONAL,S,PARKED,,,0,,,,,,,,,,,Y,Y,,,,,,REAR-LEFT-CORNER,,,,,,,,,,,,,,,,,,,,,,,,,,,,,,,,,
2129272,712a3ad2426358e04663b34834797596a0a273b806c90d2963d1a115c87b5e254607b41354ced9916c1a72794616fffe083b1f1a65d6a9ffb2073694c99986db,08/15/2025 05:15:00 PM,1,DRIVER,2,2029856,,CHEVROLET,COBALT,IL,2006,UNKNOWN,PASSENGER,PERSONAL,S,STRAIGHT AHEAD,,,3,,,,,,,,,,,,,,,Y,Y,,FRONT,,,,,,,,,,,,,,,,,,,,,,,,,,,,,,,,,
2129279,712a3ad2426358e04663b34834797596a0a273b806c90d2963d1a115c87b5e254607b41354ced9916c1a72794616fffe083b1f1a65d6a9ffb2073694c99986db,08/15/2025 05:15:00 PM,2,DRIVER,,2029827,,TESLA,MODEL 3,IL,2025,UNKNOWN,UNKNOWN/NA,UNKNOWN/NA,S,STRAIGHT AHEAD,,,1,,,,,,,,,Y,Y,Y,,,,,,,REAR,,,,,,,,,,,,,,,,,,,,,,,,,,,,,,,,,
2129246,de2821d9be2aabe8b2dfdbc37e9a8aaaba0242fe63b290494794afb4f87597e3f90c19b118ec1484877c87da69a2b72d140e0ea04ca6c1802940c7dcea10d50e,08/15/2025 05:12:00 PM,1,DRIVERLESS,,2029801,,NISSAN,MURANO,IL,2005,UNKNOWN,OTHER,OTHER,S,STRAIGHT AHEAD,,,0,,,,,Y,,,,,,,,,,,,,UNKNOWN,,,,,,,,,,,,,,,,,,,,,,,,,,,,,,,,,
2129273,b1fbd8c3abd6737befb14de8b0e0337d5d64eb0e7151761d701c112de599c23f2c0e32c8b4d2103fef6bb5732c27980cf51039602c64a3691c4477ec63361d5d,08/15/2025 05:11:00 PM,1,DRIVER,,2029821,,HONDA,PILOT,IL,2004,UNKNOWN,SPORT UTILITY VEHICLE (SUV),PERSONAL,N,STRAIGHT AHEAD,,,1,,,,,Y,Y,,,,,,,,,,,Y,FRONT-RIGHT-CORNER,,,,,,,,,,,,,,,,,,,,,,,,,,,,,,,,,
2129274,b1fbd8c3abd6737befb14de8b0e0337d5d64eb0e7151761d701c112de599c23f2c0e32c8b4d2103fef6bb5732c27980cf51039602c64a3691c4477ec63361d5d,08/15/2025 05:11:00 PM,2,DRIVER,,2029826,,JEEP,COMPASS,IL,2007,UNKNOWN,SPORT UTILITY VEHICLE (SUV),UNKNOWN/NA,N,STRAIGHT AHEAD,,,1,,,,,,,,,,,Y,Y,,,,,Y,REAR-LEFT-CORNER,,,,,,,,,,,,,,,,,,,,,,,,,,,,,,,,,
2129267,63a41adef19829c74c197092464cd5b2c9f8de4d09e996931a8b04f869901f5df18d3536519785f7b05d570bd4f6453bb9b8aab411c1225c7f8799d662cdb0dd,08/15/2025 05:10:00 PM,1,DRIVER,1,2029824,,CHEVROLET,TRAVERSE,IL,2011,UNKNOWN,SPORT UTILITY VEHICLE (SUV),UNKNOWN/NA,N,TURNING RIGHT,,,2,,,,,Y,,,,,,,,,,,,,FRONT-RIGHT-CORNER,,,,,,,,,,,,,,,,,,,,,,,,,,,,,,,,,
2129268,63a41adef19829c74c197092464cd5b2c9f8de4d09e996931a8b04f869901f5df18d3536519785f7b05d570bd4f6453bb9b8aab411c1225c7f8799d662cdb0dd,08/15/2025 05:10:00 PM,2,PARKED,,2029834,,CHEVROLET,TAHOE,IL,2013,UNKNOWN,SPORT UTILITY VEHICLE (SUV),PERSONAL,N,PARKED,,,0,,,,,,,,,,,Y,,,,,,,REAR-LEFT-CORNER,,,,,,,,,,,,,,,,,,,,,,,,,,,,,,,,,
2129280,cc47c0fd35ec0cc14e2e6a1b2ed294a1558da25780f413feae1fd8c2803db8eff8f974e12a662830fb1c179f43f1548efe24a7a0c9318b776141577ac8e115fa,08/15/2025 05:10:00 PM,1,DRIVER,,2029849,Y,VOLVO,OTHER (EXPLAIN IN NARRATIVE),IL,2015,UNKNOWN,TRACTOR W/ SEMI-TRAILER,COMMERCIAL - SINGLE UNIT,N,TURNING LEFT,,,1,,,,,,,,,,,,,,,,,,SIDE-LEFT-REAR,"22,009",2351785,,,SIDE OF TRUCK,,TORPEDO EXPEDITED INC,IL,CHICAGO,,,,N,N,,N,,N,N,,,,,,,,,TRACTOR/SEMI-TRAILER,FLATBED,OTHER,N,N,
2129281,cc47c0fd35ec0cc14e2e6a1b2ed294a1558da25780f413feae1fd8c2803db8eff8f974e12a662830fb1c179f43f1548efe24a7a0c9318b776141577ac8e115fa,08/15/2025 05:10:00 PM,2,DRIVER,,2029837,Y,NOVA BUS,LFS,IL,2016,UNKNOWN,BUS OVER 15 PASS.,OTHER,E,TURNING LEFT,,,1,,,,,,,,,,,,,,,Y,,,FRONT-LEFT-CORNER,"22,006",,,,,,,,,,,,N,N,,N,,N,N,,,,,,,,,BUS,BUS,OTHER,N,N,
2131232,2f8874758a947db12b25eddd44ffe4e7a3806147ddac7922f96c848c012ec520b771cef8ff0bcb22328167a35d4533450e7ddfff8be4058865b143205128f911,08/15/2025 05:09:00 PM,1,DRIVER,,2031668,,UNKNOWN,OTHER (EXPLAIN IN NARRATIVE),,,UNKNOWN,UNKNOWN/NA,UNKNOWN/NA,UNKNOWN,UNKNOWN/NA,,,1,,,,,,,,,,,,,,,,,Y,UNKNOWN,,,,,,,,,,,,,,,,,,,,,,,,,,,,,,,,,
2131233,2f8874758a947db12b25eddd44ffe4e7a3806147ddac7922f96c848c012ec520b771cef8ff0bcb22328167a35d4533450e7ddfff8be4058865b143205128f911,08/15/2025 05:09:00 PM,2,PARKED,,2031674,,SUBARU,OUTBACK,NC,2025,UNKNOWN,UNKNOWN/NA,UNKNOWN/NA,UNKNOWN,PARKED,,,0,,,,,,,,,,,Y,Y,Y,,,,,SIDE-LEFT-REAR,,,,,,,,,,,,,,,,,,,,,,,,,,,,,,,,,
2129247,f5a608dbb25a51a99b9cdcb221f605499d0eee5908dafe0aedc67fb0a79d21894c0081b9c7487d942c40ba288756859785134c37734ca17f11fffb4b46431dd4,08/15/2025 05:07:00 PM,1,DRIVER,,2029796,,AUDI,OTHER (EXPLAIN IN NARRATIVE),IL,2012,NONE,PASSENGER,PERSONAL,S,MERGING,,,1,,,,,,,,,,,,,,Y,Y,,,SIDE-LEFT,,,,,,,,,,,,,,,,,,,,,,,,,,,,,,,,,
2129248,f5a608dbb25a51a99b9cdcb221f605499d0eee5908dafe0aedc67fb0a79d21894c0081b9c7487d942c40ba288756859785134c37734ca17f11fffb4b46431dd4,08/15/2025 05:07:00 PM,2,DRIVER,,2029806,,HYUNDAI,OTHER (EXPLAIN IN NARRATIVE),IL,2012,NONE,PASSENGER,PERSONAL,S,STRAIGHT AHEAD,,,1,,,,,Y,Y,Y,Y,Y,,,,,,,,,SIDE-RIGHT,,,,,,,,,,,,,,,,,,,,,,,,,,,,,,,,,
2131380,08f4bbebe3c6ee714baf1209a5e117c8faa2199b7539334e2a446d442afe2e0dbe85f908c0a43fce5e4199adc6230848e2f8ab6df2d59d5f76578aae25715005,08/15/2025 05:05:00 PM,1,DRIVER,,2031790,,HONDA,PILOT,IL,2011,UNKNOWN,SPORT UTILITY VEHICLE (SUV),UNKNOWN/NA,E,ENTERING TRAFFIC LANE FROM PARKING,,,1,,,,,,,,,,,,,,,,,Y,FRONT-RIGHT-CORNER,,,,,,,,,,,,,,,,,,,,,,,,,,,,,,,,,
2131381,08f4bbebe3c6ee714baf1209a5e117c8faa2199b7539334e2a446d442afe2e0dbe85f908c0a43fce5e4199adc6230848e2f8ab6df2d59d5f76578aae25715005,08/15/2025 05:05:00 PM,2,DRIVER,,2031805,,KIA,OPTIMA / K5,IL,2013,NONE,PASSENGER,UNKNOWN/NA,E,STRAIGHT AHEAD,,,1,,,,,,,,,,,,Y,Y,Y,,,,SIDE-LEFT,,,,,,,,,,,,,,,,,,,,,,,,,,,,,,,,,
2129265,4e58bd4641f7e7adc3c9ae1497672cd3fd4c9b1c4189658cf0c3249114ea92b0ad4af2c445366215741c7980daaae85b07e648f938198fb22cb3e2122be097f6,08/15/2025 05:00:00 PM,1,DRIVER,,2029823,,LEXUS,RX,IL,,NONE,PASSENGER,PERSONAL,W,TURNING LEFT,,,1,,,,,,,,,,,,,,,Y,,,FRONT-LEFT-CORNER,,,,,,,,,,,,,,,,,,,,,,,,,,,,,,,,,
2129266,4e58bd4641f7e7adc3c9ae1497672cd3fd4c9b1c4189658cf0c3249114ea92b0ad4af2c445366215741c7980daaae85b07e648f938198fb22cb3e2122be097f6,08/15/2025 05:00:00 PM,2,DRIVER,,2029831,,HYUNDAI,SONATA,IL,,NONE,PASSENGER,PERSONAL,N,STRAIGHT AHEAD,,,1,,,,,Y,,,,,,,,,,,,,FRONT-RIGHT-CORNER,,,,,,,,,,,,,,,,,,,,,,,,,,,,,,,,,
2131191,6102dfe0f971453136397ef86419b112ade417d15286868259dca209c4fc6f24bf98eff7e3a89df4da8f1725c108d6d1a1b8dd48466147331eeed78c1a72cafb,08/15/2025 05:00:00 PM,1,DRIVER,,2031618,,LAND ROVER,LR3,IL,2010,UNKNOWN,UNKNOWN/NA,PERSONAL,W,OTHER,,,1,,,,,,,,,,Y,,,,,,,,REAR,,,,,,,,,,,,,,,,,,,,,,,,,,,,,,,,,
2131192,6102dfe0f971453136397ef86419b112ade417d15286868259dca209c4fc6f24bf98eff7e3a89df4da8f1725c108d6d1a1b8dd48466147331eeed78c1a72cafb,08/15/2025 05:00:00 PM,2,DRIVER,,2031619,,HONDA,ODYSSEY,IL,2016,NONE,PASSENGER,PERSONAL,E,SLOW/STOP IN TRAFFIC,,,1,,,,,Y,,,,,,,,,,Y,Y,,FRONT,,,,,,,,,,,,,,,,,,,,,,,,,,,,,,,,,
2129879,a09bc7f346a337cd79df348f75ae3d7bb0c3dcfe63eb33c3facc374d5df57cbb9b74e840242c9e63c81ef92b5c0637893b304c6510ade09478a4100ff8291d11,08/15/2025 05:00:00 PM,1,BICYCLE,,,,,,,,,,,,,,,,,,,,,,,,,,,,,,,,,,,,,,,,,,,,,,,,,,,,,,,,,,,,,,,,,,
2129880,a09bc7f346a337cd79df348f75ae3d7bb0c3dcfe63eb33c3facc374d5df57cbb9b74e840242c9e63c81ef92b5c0637893b304c6510ade09478a4100ff8291d11,08/15/2025 05:00:00 PM,2,DRIVER,,2030372,,FIAT,OTHER (EXPLAIN IN NARRATIVE),IL,2015,NONE,PASSENGER,PERSONAL,W,STRAIGHT AHEAD,,,1,,,,,,,,,,,,Y,Y,Y,,,Y,SIDE-LEFT,,,,,,,,,,,,,,,,,,,,,,,,,,,,,,,,,
2129263,b31377364e62d065bcc6e10aa34b70bb93506cede0065ed6de2180a2eaec9977ca1d6749d3f49ed61a1d8af241d7eab7a6c2730a5ace18830bbfdeaf3e823f2e,08/15/2025 05:00:00 PM,1,DRIVER,,2029822,,TOYOTA,RAV4,IL,2024,NONE,SPORT UTILITY VEHICLE (SUV),PERSONAL,S,TURNING LEFT,,,1,,,,,Y,,,,,,,,,,Y,Y,,FRONT-RIGHT-CORNER,,,,,,,,,,,,,,,,,,,,,,,,,,,,,,,,,
2129264,b31377364e62d065bcc6e10aa34b70bb93506cede0065ed6de2180a2eaec9977ca1d6749d3f49ed61a1d8af241d7eab7a6c2730a5ace18830bbfdeaf3e823f2e,08/15/2025 05:00:00 PM,2,DRIVER,,2029815,,HYUNDAI,SONATA,IL,2013,NONE,PASSENGER,PERSONAL,N,STRAIGHT AHEAD,,,1,,,,,Y,,,,,,,,,,Y,Y,,FRONT-LEFT-CORNER,,,,,,,,,,,,,,,,,,,,,,,,,,,,,,,,,
2129351,c33a70fe9f5502fd0072945ae5f589220ae399936545723cf5b4dd477ed6e502692d9b280d5b75160d91526f63bbb957421462d4b791b450963f27ab8c41e445,08/15/2025 05:00:00 PM,1,DRIVER,4,2029899,,HONDA,PILOT,IL,2005,UNKNOWN,SPORT UTILITY VEHICLE (SUV),UNKNOWN/NA,W,STRAIGHT AHEAD,,,5,,,,,,,,,,,,,,,,Y,,FRONT,,,,,,,,,,,,,,,,,,,,,,,,,,,,,,,,,
2129352,c33a70fe9f5502fd0072945ae5f589220ae399936545723cf5b4dd477ed6e502692d9b280d5b75160d91526f63bbb957421462d4b791b450963f27ab8c41e445,08/15/2025 05:00:00 PM,2,DRIVER,2,2029906,,HYUNDAI,TUCSON,IL,2023,NONE,SPORT UTILITY VEHICLE (SUV),PERSONAL,W,SLOW/STOP IN TRAFFIC,,,3,,,,,,,,,,Y,,,,,,,,REAR,,,,,,,,,,,,,,,,,,,,,,,,,,,,,,,,,
2129236,f5023038a3c8cdbd64844cc25fee24985d4fc1736731452bafda1485a11d984d873246e52bcdb3caf6f0d41d424235df76091162af3e7d8a0e5f8f73521a046b,08/15/2025 05:00:00 PM,1,DRIVER,,2029807,,TOYOTA,PRIUS,IL,2012,UNKNOWN,PASSENGER,UNKNOWN/NA,N,UNKNOWN/NA,,,1,,,,,,,,,,,,,,,,,,SIDE-RIGHT,,,,,,,,,,,,,,,,,,,,,,,,,,,,,,,,,
2129237,f5023038a3c8cdbd64844cc25fee24985d4fc1736731452bafda1485a11d984d873246e52bcdb3caf6f0d41d424235df76091162af3e7d8a0e5f8f73521a046b,08/15/2025 05:00:00 PM,2,PARKED,,2029812,,MAZDA,MAZDA3,IL,2009,UNKNOWN,PASSENGER,NOT IN USE,N,PARKED,,,0,,,,,,,,,,,Y,Y,Y,Y,Y,,,SIDE-LEFT,,,,,,,,,,,,,,,,,,,,,,,,,,,,,,,,,
2137516,6beef179669d8e99b3b1f99b94069f3ce928dc1f76fd894d21f9422e6d21f6ee274013b5fd51ef11787743fbbf40a5b9c1daec42aa9af1f78c0d8caa16472a82,08/15/2025 04:45:00 PM,1,PARKED,1,2037647,,LEXUS,RX350,IL,2016,UNKNOWN,SPORT UTILITY VEHICLE (SUV),UNKNOWN/NA,E,PARKED,,,1,,,,,,,,,,,,,,,,,Y,SIDE-LEFT-FRONT,,,,,,,,,,,,,,,,,,,,,,,,,,,,,,,,,
2137517,6beef179669d8e99b3b1f99b94069f3ce928dc1f76fd894d21f9422e6d21f6ee274013b5fd51ef11787743fbbf40a5b9c1daec42aa9af1f78c0d8caa16472a82,08/15/2025 04:45:00 PM,2,BICYCLE,,,,,,,,,,,,,,,,,,,,,,,,,,,,,,,,,,,,,,,,,,,,,,,,,,,,,,,,,,,,,,,,,,
2129295,bbf3bc41a81ee5f09998ce652f3f9cfddd21b18d2afe16b142495d1e5b1e5c7bfd02f70323be2bff28d4783b5f0d9c7ad3d8febaaf5c416005dd79776a4ae22a,08/15/2025 04:42:00 PM,1,DRIVER,,2029845,,DODGE,GRAND CARAVAN,IL,,NONE,VAN/MINI-VAN,UNKNOWN/NA,W,BACKING,,,1,,,,,,,,,,Y,N,,,,,,,REAR,,,,,,,,,,,,,,,,,,,,,,,,,,,,,,,,,
2129296,bbf3bc41a81ee5f09998ce652f3f9cfddd21b18d2afe16b142495d1e5b1e5c7bfd02f70323be2bff28d4783b5f0d9c7ad3d8febaaf5c416005dd79776a4ae22a,08/15/2025 04:42:00 PM,2,DRIVER,,2029839,,LINCOLN,MKS,IL,2010,NONE,PASSENGER,PERSONAL,E,STRAIGHT AHEAD,,,1,,,,,Y,,,,,,,,,,Y,Y,,FRONT,,,,,,,,,,,,,,,,,,,,,,,,,,,,,,,,,
2129210,11fc45b90a840703fb495258b25713fb177dd64c0494433ea7da31132c3a64d70271d8b87124f89a9f6422b4e5c2b104881632f494201e2f11e0ead329e1b2e5,08/15/2025 04:41:00 PM,1,DRIVER,,2029763,,UNKNOWN,MOTORIZED,IL,,UNKNOWN,PASSENGER,PERSONAL,S,STRAIGHT AHEAD,,,1,,,,,,,,,,,,,,,,Y,,FRONT,,,,,,,,,,,,,,,,,,,,,,,,,,,,,,,,,
2129211,11fc45b90a840703fb495258b25713fb177dd64c0494433ea7da31132c3a64d70271d8b87124f89a9f6422b4e5c2b104881632f494201e2f11e0ead329e1b2e5,08/15/2025 04:41:00 PM,2,DRIVER,3,2029775,,CADILLAC,SRX,IL,2014,NONE,SPORT UTILITY VEHICLE (SUV),PERSONAL,S,SLOW/STOP IN TRAFFIC,,,4,,,,,,,,,,Y,,,,,,,,REAR,,,,,,,,,,,,,,,,,,,,,,,,,,,,,,,,,
2129730,331c880626f1aaba0a24bcf376f774ea60520672d3817838439ccd516423e9db9f1cf474ef8e5516acde70c5817af32db9e205a40f30f0c21b0a496faab03fc9,08/15/2025 04:41:00 PM,1,DRIVER,,2030258,,UNKNOWN,OTHER (EXPLAIN IN NARRATIVE),IL,,UNKNOWN,PASSENGER,UNKNOWN/NA,S,NEGOTIATING A CURVE,,,1,,,,,,,,,,,,,,,,,Y,UNKNOWN,,,,,,,,,,,,,,,,,,,,,,,,,,,,,,,,,
2129289,fa53966c6762e6d614e5593218e59ba3d666d0bea484f7855f28b0d1234e52d4313f1fd367838584c30dde7313f94421a8ee96a7be8789882ce0362c67f92a57,08/15/2025 04:38:00 PM,1,DRIVER,,2029828,,TOYOTA,PRIUS,IL,2012,UNKNOWN,PASSENGER,UNKNOWN/NA,N,ENTERING TRAFFIC LANE FROM PARKING,,,1,,,,,,,,,,,Y,Y,,,,,,REAR-LEFT-CORNER,,,,,,,,,,,,,,,,,,,,,,,,,,,,,,,,,
2129290,fa53966c6762e6d614e5593218e59ba3d666d0bea484f7855f28b0d1234e52d4313f1fd367838584c30dde7313f94421a8ee96a7be8789882ce0362c67f92a57,08/15/2025 04:38:00 PM,2,DRIVER,,2029835,Y,FREIGHTLINER CORPORATION,FREIGHTLINER CORP.,IN,2013,UNKNOWN,TRACTOR W/ SEMI-TRAILER,COMMERCIAL - MULTI-UNIT,N,SLOW/STOP IN TRAFFIC,,,1,,,,,Y,,,,,,,,,,,,,FRONT-RIGHT-CORNER,"22,008",330984,,,SIDE OF TRUCK,3,SYSCO CHICAGO INC,IL,DES PLAINES,,,,N,N,,N,,N,N,,,0-96,,,,,,TRACTOR/SEMI-TRAILER,VAN/ENCLOSED BOX,OTHER,N,N,
2129313,403ec3334babf4b8b15bad6ff3e13a2e8f316212737ecb6dc3e528a11c96758c9e767fba98ec3a7af543d1b56ef1981d2e4787911735f6a87715125d7737683d,08/15/2025 04:36:00 PM,1,DRIVER,,2029860,,TOYOTA,OTHER (EXPLAIN IN NARRATIVE),IL,2007,UNKNOWN,UNKNOWN/NA,UNKNOWN/NA,S,STRAIGHT AHEAD,,,1,,,,,,,,,,,,,,Y,Y,,,UNKNOWN,,,,,,,,,,,,,,,,,,,,,,,,,,,,,,,,,
2129314,403ec3334babf4b8b15bad6ff3e13a2e8f316212737ecb6dc3e528a11c96758c9e767fba98ec3a7af543d1b56ef1981d2e4787911735f6a87715125d7737683d,08/15/2025 04:36:00 PM,2,DRIVER,1,2029867,,TOYOTA,PRIUS,IL,2024,UNKNOWN,UNKNOWN/NA,UNKNOWN/NA,W,TURNING LEFT,Y,,2,,PRIVATE TOW,,,Y,Y,Y,,,,,,,,,,,UNKNOWN,,,,,,,,,,,,,,,,,,,,,,,,,,,,,,,,,
2129315,07278e52e1d96417b0bb72f6e64bf0f9812b1b67109bbab5d9f1b53d1acef0b259984692a6af19d102ada72a2113396456cde7f4882d38ac89763707d0ca7ea6,08/15/2025 04:30:00 PM,1,DRIVER,,2029863,,JEEP,CHEROKEE,IL,2015,UNKNOWN,SPORT UTILITY VEHICLE (SUV),PERSONAL,S,STRAIGHT AHEAD,Y,,1,,CITY TOW SS#25053819,AUTO POUND 2,,,,,,,,,,,,,Y,,FRONT,,,,,,,,,,,,,,,,,,,,,,,,,,,,,,,,,
2129316,07278e52e1d96417b0bb72f6e64bf0f9812b1b67109bbab5d9f1b53d1acef0b259984692a6af19d102ada72a2113396456cde7f4882d38ac89763707d0ca7ea6,08/15/2025 04:30:00 PM,2,DRIVER,,2029864,,CHEVROLET,EQUINOX,IL,2019,UNKNOWN,SPORT UTILITY VEHICLE (SUV),PERSONAL,W,STRAIGHT AHEAD,,,1,,,,,,Y,Y,,,,,,,,,,,SIDE-RIGHT,,,,,,,,,,,,,,,,,,,,,,,,,,,,,,,,,
2129364,281e512fd2f6c30abb36125b37f6d3cde3684ebbb4707d20d8c093e7f6f7767f54e2002dc61a22558c0bdb01feefda3d2d1e5a49e95630f806e9a2df64944f5e,08/15/2025 04:30:00 PM,1,DRIVER,,2029908,,TOYOTA,CAMRY,IL,2021,UNKNOWN,PASSENGER,UNKNOWN/NA,N,STRAIGHT AHEAD,,,1,,,,,,,,,Y,,,,,,,,Y,REAR-RIGHT-CORNER,,,,,,,,,,,,,,,,,,,,,,,,,,,,,,,,,
2129365,281e512fd2f6c30abb36125b37f6d3cde3684ebbb4707d20d8c093e7f6f7767f54e2002dc61a22558c0bdb01feefda3d2d1e5a49e95630f806e9a2df64944f5e,08/15/2025 04:30:00 PM,2,BICYCLE,,,,,,,,,,,,,,,,,,,,,,,,,,,,,,,,,,,,,,,,,,,,,,,,,,,,,,,,,,,,,,,,,,
2130147,2dcf2ad19d095eb3cfb7b1a1afdc0cb0787ef1e5fda2aa88f0bd3c6d46943a32a35b41172a7a8332b1bee9a5f9078936095298390dbc8ff8d0137b567bf57d81,08/15/2025 04:30:00 PM,1,DRIVER,,2030648,,CHEVROLET,OTHER (EXPLAIN IN NARRATIVE),,,UNKNOWN,SPORT UTILITY VEHICLE (SUV),UNKNOWN/NA,S,CHANGING LANES,,,1,,,,,,,,,,,,,,Y,Y,,,SIDE-LEFT-FRONT,,,,,,,,,,,,,,,,,,,,,,,,,,,,,,,,,
2130148,2dcf2ad19d095eb3cfb7b1a1afdc0cb0787ef1e5fda2aa88f0bd3c6d46943a32a35b41172a7a8332b1bee9a5f9078936095298390dbc8ff8d0137b567bf57d81,08/15/2025 04:30:00 PM,2,DRIVER,,2030649,,TOYOTA,CAMRY,IL,2014,NONE,PASSENGER,TAXI/FOR HIRE,S,STRAIGHT AHEAD,,,1,,,,,Y,Y,,,,,,,,,,Y,,SIDE-RIGHT-FRONT,,,,,,,,,,,,,,,,,,,,,,,,,,,,,,,,,
2129218,5b8116628365ae31b3f9a19245463ed4850acb83ed2c1e919267ecac2b0b8a48051b2c0ec78dd438b5a63cc7d7e55c3c45f12b4237ac800545f50596e46da107,08/15/2025 04:30:00 PM,1,DRIVER,,2029770,,JEEP,PATRIOT,IL,2012,UNKNOWN,PASSENGER,PERSONAL,E,STRAIGHT AHEAD,,,1,,,,,,,,,,,,,,,,Y,,FRONT,,,,,,,,,,,,,,,,,,,,,,,,,,,,,,,,,
2129219,5b8116628365ae31b3f9a19245463ed4850acb83ed2c1e919267ecac2b0b8a48051b2c0ec78dd438b5a63cc7d7e55c3c45f12b4237ac800545f50596e46da107,08/15/2025 04:30:00 PM,2,DRIVER,,2029774,,TOYOTA,CAMRY,IL,2010,UNKNOWN,PASSENGER,PERSONAL,E,STARTING IN TRAFFIC,Y,,1,,PRIVATE TOW,UNKNOWN,,,,,,,Y,,,,,,Y,,REAR,,,,,,,,,,,,,,,,,,,,,,,,,,,,,,,,,
2129220,5b8116628365ae31b3f9a19245463ed4850acb83ed2c1e919267ecac2b0b8a48051b2c0ec78dd438b5a63cc7d7e55c3c45f12b4237ac800545f50596e46da107,08/15/2025 04:30:00 PM,3,DRIVER,,2029782,,DODGE,RAM 1500 PU,IL,2016,NONE,PICKUP,PERSONAL,E,STARTING IN TRAFFIC,,,1,,,,,,,,,,Y,,,,,,,,REAR,,,,,,,,,,,,,,,,,,,,,,,,,,,,,,,,,