CRASH_UNIT_ID,CRASH_RECORD_ID,CRASH_DATE,UNIT_NO,UNIT_TYPE,NUM_PASSENGERS,VEHICLE_ID,CMRC_VEH_I,MAKE,MODEL,LIC_PLATE_STATE,VEHICLE_YEAR,VEHICLE_DEFECT,VEHICLE_TYPE,VEHICLE_USE,TRAVEL_DIRECTION,MANEUVER,TOWED_I,FIRE_I,OCCUPANT_CNT,EXCEED_SPEED_LIMIT_I,TOWED_BY,TOWED_TO,AREA_00_I,AREA_01_I,AREA_02_I,AREA_03_I,AREA_04_I,AREA_05_I,AREA_06_I,AREA_07_I,AREA_08_I,AREA_09_I,AREA_10_I,AREA_11_I,AREA_12_I,AREA_99_I,FIRST_CONTACT_POINT,CMV_ID,USDOT_NO,CCMC_NO,ILCC_NO,COMMERCIAL_SRC,GVWR,CARRIER_NAME,CARRIER_STATE,CARRIER_CITY,HAZMAT_PLACARDS_I,HAZMAT_NAME,UN_NO,HAZMAT_PRESENT_I,HAZMAT_REPORT_I,HAZMAT_REPORT_NO,MCS_REPORT_I,MCS_REPORT_NO,HAZMAT_VIO_CAUSE_CRASH_I,MCS_VIO_CAUSE_CRASH_I,IDOT_PERMIT_NO,WIDE_LOAD_I,TRAILER1_WIDTH,TRAILER2_WIDTH,TRAILER1_LENGTH,TRAILER2_LENGTH,TOTAL_VEHICLE_LENGTH,AXLE_CNT,VEHICLE_CONFIG,CARGO_BODY_TYPE,LOAD_TYPE,HAZMAT_OUT_OF_SERVICE_I,MCS_OUT_OF_SERVICE_I,HAZMAT_CLASS
2129234,e37a2e8813f45755da31215c6edda634522ebf7460534297f3ea76087764e371415178a409ddb69b40c1a379e7c26ae6fc702087a3a4d9f9102c6f8b18eb3f7c,08/15/2025 04:30:00 PM,1,DRIVER,,2029785,,UNKNOWN,OTHER (EXPLAIN IN NARRATIVE),IL,,UNKNOWN,UNKNOWN/NA,UNKNOWN/NA,UNKNOWN,UNKNOWN/NA,,,1,,,,,,,,,,,,,,,,,Y,UNKNOWN,,,,,,,,,,,,,,,,,,,,,,,,,,,,,,,,,
2129235,e37a2e8813f45755da31215c6edda634522ebf7460534297f3ea76087764e371415178a409ddb69b40c1a379e7c26ae6fc702087a3a4d9f9102c6f8b18eb3f7c,08/15/2025 04:30:00 PM,2,PARKED,,2029778,,CADILLAC,ESCALADE,IL,2008,NONE,PASSENGER,PERSONAL,N,PARKED,,,0,,,,,N,,Y,,,,,,,,,,,SIDE-RIGHT,,,,,,,,,,,,,,,,,,,,,,,,,,,,,,,,,
2129319,f3e8d3409b299ac3256170838d42599a3e176254077262e762b3dd290134735e73afff940a85b3484c13a42afaf0b199415dd5a8625a453fcd46d44763219b6b,08/15/2025 04:30:00 PM,1,DRIVER,2,2029875,,HONDA,CIVIC,IL,2012,NONE,PASSENGER,PERSONAL,N,STRAIGHT AHEAD,,,3,,,,,,,,,,,,,,,,Y,,FRONT,,,,,,,,,,,,,,,,,,,,,,,,,,,,,,,,,
2129320,f3e8d3409b299ac3256170838d42599a3e176254077262e762b3dd290134735e73afff940a85b3484c13a42afaf0b199415dd5a8625a453fcd46d44763219b6b,08/15/2025 04:30:00 PM,2,DRIVER,,2029873,,HONDA,ACCORD,IL,2012,NONE,PASSENGER,PERSONAL,E,STRAIGHT AHEAD,,,1,,,,,,,Y,Y,,,,,,,,,,SIDE-RIGHT,,,,,,,,,,,,,,,,,,,,,,,,,,,,,,,,,
2129269,bcc756aceb66fa5bffeb421ebbe16802b9b71532b0cbaae630e17acce544f7f17437e25dd63a6c92882b5b3a2c359a9dad0a42d90f34d7a05366728ded444d33,08/15/2025 04:25:00 PM,1,DRIVER,,2029816,,UNKNOWN,OTHER (EXPLAIN IN NARRATIVE),,,UNKNOWN,PASSENGER,UNKNOWN/NA,W,STRAIGHT AHEAD,,,1,,,,Y,,,,,,,,,,,,,,SIDE-RIGHT,,,,,,,,,,,,,,,,,,,,,,,,,,,,,,,,,
2129270,bcc756aceb66fa5bffeb421ebbe16802b9b71532b0cbaae630e17acce544f7f17437e25dd63a6c92882b5b3a2c359a9dad0a42d90f34d7a05366728ded444d33,08/15/2025 04:25:00 PM,2,DRIVER,,2029825,,NOVA BUS,OTHER (EXPLAIN IN NARRATIVE),IL,2022,UNKNOWN,BUS OVER 15 PASS.,CTA,W,STRAIGHT AHEAD,,,1,,,,,,,,,,,,,,Y,Y,,,FRONT-LEFT-CORNER,,,,,,,,,,,,,,,,,,,,,,,,,,,,,,,,,
2129221,77926f825fde1b2ba7aaeace44e8ae8a0161412960cf6f7a32aa2cc43b4658b99606061cde2ff04f0d21b0f6261d1a099c0d8f2c0ba7b721be858313edba9894,08/15/2025 04:22:00 PM,1,DRIVER,,2029820,,FORD,MAVERICK SEDAN,IL,2022,NONE,TRUCK - SINGLE UNIT,PERSONAL,W,CHANGING LANES,,,1,,,,,Y,,,,,,,,,,,,,FRONT-RIGHT-CORNER,,,,,,,,,,,,,,,,,,,,,,,,,,,,,,,,,
2129222,77926f825fde1b2ba7aaeace44e8ae8a0161412960cf6f7a32aa2cc43b4658b99606061cde2ff04f0d21b0f6261d1a099c0d8f2c0ba7b721be858313edba9894,08/15/2025 04:22:00 PM,2,DRIVER,1,2029840,,MERCEDES-BENZ,400 SERIES,IL,2012,NONE,SPORT UTILITY VEHICLE (SUV),PERSONAL,W,MERGING,,,2,,,,,,,,,,,Y,,,,,,,SIDE-LEFT-REAR,,,,,,,,,,,,,,,,,,,,,,,,,,,,,,,,,
2129282,53c5c64ff7b0e5be61f1cf1f116a940fa42ae1de70e4cd487c66f6859e5ef148604d4be78cf628ef8f5a9012fbc2b9bfd237725dd7155615b87dbf390aaf9199,08/15/2025 04:20:00 PM,1,DRIVER,,2029830,,FORD,EXPLORER,IL,2001,NONE,PICKUP,PERSONAL,N,STRAIGHT AHEAD,,,1,,,,Y,,,,,,,,,,,,Y,,FRONT,,,,,,,,,,,,,,,,,,,,,,,,,,,,,,,,,
2129283,53c5c64ff7b0e5be61f1cf1f116a940fa42ae1de70e4cd487c66f6859e5ef148604d4be78cf628ef8f5a9012fbc2b9bfd237725dd7155615b87dbf390aaf9199,08/15/2025 04:20:00 PM,2,DRIVER,,2029844,,HONDA,FIT,IL,2013,NONE,PASSENGER,PERSONAL,N,STRAIGHT AHEAD,,,1,,,,Y,Y,,,,,Y,,,,,Y,Y,,FRONT,,,,,,,,,,,,,,,,,,,,,,,,,,,,,,,,,
2129284,53c5c64ff7b0e5be61f1cf1f116a940fa42ae1de70e4cd487c66f6859e5ef148604d4be78cf628ef8f5a9012fbc2b9bfd237725dd7155615b87dbf390aaf9199,08/15/2025 04:20:00 PM,3,DRIVER,1,2029854,,JEEP,WRANGLER,IL,2015,NONE,PASSENGER,PERSONAL,N,STRAIGHT AHEAD,,,2,,,,Y,,,,,,Y,,,,,,,,REAR,,,,,,,,,,,,,,,,,,,,,,,,,,,,,,,,,
2129435,83312d3c61cb66d8de6e09b357e878bf8947d1d53968730bf87966555bafa2b57a98f328388d99de669a4dd3b8f17c14fb6e24113ed7934e621a32808f51fcaa,08/15/2025 04:20:00 PM,1,DRIVER,,2029979,,FORD,ESCAPE,IL,2013,UNKNOWN,PASSENGER,PERSONAL,W,PASSING/OVERTAKING,,,1,,,,,,,,,,,,,,,,,,FRONT,,,,,,,,,,,,,,,,,,,,,,,,,,,,,,,,,
2129436,83312d3c61cb66d8de6e09b357e878bf8947d1d53968730bf87966555bafa2b57a98f328388d99de669a4dd3b8f17c14fb6e24113ed7934e621a32808f51fcaa,08/15/2025 04:20:00 PM,2,DRIVER,,2029985,,HONDA,CIVIC,IL,2025,NONE,PASSENGER,PERSONAL,N,STRAIGHT AHEAD,,,1,,,,,,,,Y,Y,,,,,,,,,SIDE-RIGHT-REAR,,,,,,,,,,,,,,,,,,,,,,,,,,,,,,,,,
2129232,b91dbbec1b36e55dc07cec15461881de707e165a32baefb80815f37508c04b4b91692b0398784e0be39eb69c37b55a880dace42dbfcac5f65ecf7cfea233e8ce,08/15/2025 04:20:00 PM,1,DRIVER,1,2029786,,UNKNOWN,OTHER (EXPLAIN IN NARRATIVE),,,NONE,VAN/MINI-VAN,UNKNOWN/NA,E,STRAIGHT AHEAD,,,2,,,,,,,,,,,,,,,,,Y,UNKNOWN,,,,,,,,,,,,,,,,,,,,,,,,,,,,,,,,,
2129233,b91dbbec1b36e55dc07cec15461881de707e165a32baefb80815f37508c04b4b91692b0398784e0be39eb69c37b55a880dace42dbfcac5f65ecf7cfea233e8ce,08/15/2025 04:20:00 PM,2,PARKED,,2029813,,DODGE,RAM 2500 VAN,IL,2023,NONE,VAN/MINI-VAN,OTHER,E,PARKED IN TRAFFIC LANE,,,0,,,,,,Y,,,,,,,,N,,,,SIDE-RIGHT,,,,,,,,,,,,,,,,,,,,,,,,,,,,,,,,,
2129230,c3b9d2f4c9fae7d76bb369fa6985a0b531270a4ab36aa992fc6a24148d72c1e6905be636e8a4687065b7f331b1b6e89b5479a9d4ac1865686dab0860f0ff4965,08/15/2025 04:20:00 PM,1,DRIVER,,2029780,,GENERAL MOTORS CORPORATION (GMC),ACADIA,IL,2009,UNKNOWN,SPORT UTILITY VEHICLE (SUV),UNKNOWN/NA,N,CHANGING LANES,,,1,,,,,Y,,,,,,,,,,,,,FRONT-RIGHT-CORNER,,,,,,,,,,,,,,,,,,,,,,,,,,,,,,,,,
2129231,c3b9d2f4c9fae7d76bb369fa6985a0b531270a4ab36aa992fc6a24148d72c1e6905be636e8a4687065b7f331b1b6e89b5479a9d4ac1865686dab0860f0ff4965,08/15/2025 04:20:00 PM,2,DRIVER,,2029783,,TOYOTA,CAMRY,IL,2012,NONE,PASSENGER,PERSONAL,N,STRAIGHT AHEAD,,,1,,,,,Y,,,,,,Y,Y,Y,Y,Y,Y,,REAR-LEFT-CORNER,,,,,,,,,,,,,,,,,,,,,,,,,,,,,,,,,
2129216,f2b418ccc7b06d1a99ad7bb1b4eef7b1658bd4457014609e404905c1805e6870b5f0cf04933783e1f6ccf1027334dcc2141d1fe547eea5634c108b14e7e5443a,08/15/2025 04:20:00 PM,1,DRIVER,1,2029772,,CHEVROLET,MALIBU,IL,2017,UNKNOWN,PASSENGER,PERSONAL,E,STRAIGHT AHEAD,,,2,,,,,Y,N,N,N,,,,,,,Y,Y,,FRONT,,,,,,,,,,,,,,,,,,,,,,,,,,,,,,,,,
2129217,f2b418ccc7b06d1a99ad7bb1b4eef7b1658bd4457014609e404905c1805e6870b5f0cf04933783e1f6ccf1027334dcc2141d1fe547eea5634c108b14e7e5443a,08/15/2025 04:20:00 PM,2,DRIVER,,2029781,,NISSAN,VERSA,XX,2014,NONE,SPORT UTILITY VEHICLE (SUV),PERSONAL,N,STRAIGHT AHEAD,Y,,1,,PRIVATE,,,Y,Y,Y,Y,,,,,,,,,,SIDE-RIGHT,,,,,,,,,,,,,,,,,,,,,,,,,,,,,,,,,
2129249,c9de6ec42e6a1467388c1ed647bf206c33cb5e6c96ee0adf2a3ae512538987a8c6b03f1070c00e46fcf1aedb894a4f1c3b947cbfe6e57094dd1c03349ee63944,08/15/2025 04:15:00 PM,1,DRIVER,,2029799,,JEEP,CHEROKEE,IL,2016,UNKNOWN,PASSENGER,PERSONAL,E,PASSING/OVERTAKING,,,1,,,,,,,,,,,,,Y,Y,Y,,,SIDE-LEFT,,,,,,,,,,,,,,,,,,,,,,,,,,,,,,,,,
2129250,c9de6ec42e6a1467388c1ed647bf206c33cb5e6c96ee0adf2a3ae512538987a8c6b03f1070c00e46fcf1aedb894a4f1c3b947cbfe6e57094dd1c03349ee63944,08/15/2025 04:15:00 PM,2,DRIVER,,2029814,,TOYOTA,TUNDRA,IL,2001,UNKNOWN,PASSENGER,PERSONAL,E,STRAIGHT AHEAD,,,1,,,,,,Y,Y,Y,,,,,,,,,,SIDE-RIGHT,,,,,,,,,,,,,,,,,,,,,,,,,,,,,,,,,
2130585,e72e5a6d61cf082a4c33e70c678086142f9ebfb8fc5f63f2ee8d2b77f0cbb3a15f0a9d8d9eae00a503b33f1397e17437e80b6729a9dcd5a506c684416b29b888,08/15/2025 04:15:00 PM,1,DRIVER,,2031051,,UNKNOWN,OTHER (EXPLAIN IN NARRATIVE),,,UNKNOWN,VAN/MINI-VAN,UNKNOWN/NA,S,STRAIGHT AHEAD,,,1,,,,,,,,,,,,,,,,,Y,UNKNOWN,,,,,,,,,,,,,,,,,,,,,,,,,,,,,,,,,
2130586,e72e5a6d61cf082a4c33e70c678086142f9ebfb8fc5f63f2ee8d2b77f0cbb3a15f0a9d8d9eae00a503b33f1397e17437e80b6729a9dcd5a506c684416b29b888,08/15/2025 04:15:00 PM,2,PARKED,,2031056,,UNKNOWN,OTHER (EXPLAIN IN NARRATIVE),,2020,UNKNOWN,OTHER,OTHER,S,PARKED,,,0,,,,,,,,,,,,,,,,Y,,FRONT,,,,,,,,,,,,,,,,,,,,,,,,,,,,,,,,,
2129228,926252c94019b59370627aa2677a16c9aaca09a816e5c2a0810ac9769cccfada473aa7d72742469bd7b7adcc56cd012d9ac5e2eb7e97b2e3b89cfa5a3b05b7d6,08/15/2025 04:10:00 PM,1,DRIVER,,2029773,,CHEVROLET,TAHOE,IL,2021,UNKNOWN,SPORT UTILITY VEHICLE (SUV),PERSONAL,UNKNOWN,STRAIGHT AHEAD,,,1,,,,,Y,,,,,,,,,,,Y,,FRONT-RIGHT-CORNER,,,,,,,,,,,,,,,,,,,,,,,,,,,,,,,,,
2129229,926252c94019b59370627aa2677a16c9aaca09a816e5c2a0810ac9769cccfada473aa7d72742469bd7b7adcc56cd012d9ac5e2eb7e97b2e3b89cfa5a3b05b7d6,08/15/2025 04:10:00 PM,2,DRIVER,,2029803,,DODGE,OTHER (EXPLAIN IN NARRATIVE),IL,2024,UNKNOWN,TRUCK - SINGLE UNIT,TOW TRUCK,UNKNOWN,STRAIGHT AHEAD,,,1,,,,,,,,,,Y,Y,,,,,,,SIDE-LEFT-REAR,,,,,,,,,,,,,,,,,,,,,,,,,,,,,,,,,
2129240,f27ec9e321e499ced326263380061e099188ef5e1d24313aea58caa02979cda99cf3ea2d54f5d1a68fb53c589fa9fc3636e33b3e1b75b782a345994b0f2acb1f,08/15/2025 04:10:00 PM,1,DRIVER,1,2029800,,LEXUS,RX300,SD,1999,NONE,PASSENGER,PERSONAL,E,STRAIGHT AHEAD,,,2,,,,,,,,,,,,,,,,Y,,FRONT,,,,,,,,,,,,,,,,,,,,,,,,,,,,,,,,,
2129241,f27ec9e321e499ced326263380061e099188ef5e1d24313aea58caa02979cda99cf3ea2d54f5d1a68fb53c589fa9fc3636e33b3e1b75b782a345994b0f2acb1f,08/15/2025 04:10:00 PM,2,DRIVER,3,2029810,,HONDA,CIVIC,IL,2024,NONE,PASSENGER,PERSONAL,N,STRAIGHT AHEAD,,,4,,,,,,,,,,,,Y,Y,Y,Y,,,SIDE-LEFT,,,,,,,,,,,,,,,,,,,,,,,,,,,,,,,,,
2129353,69ebb8a106fed0abdfa7d862ba2262f7ce94000d02fa4fd5354629a1597adcf309704d85ec09974d40ee45a775ae37b70a5ee207eab6cc4775850d1e446e949b,08/15/2025 04:05:00 PM,1,DRIVER,,2029890,,UNKNOWN,OTHER (EXPLAIN IN NARRATIVE),,,UNKNOWN,UNKNOWN/NA,UNKNOWN/NA,UNKNOWN,UNKNOWN/NA,,,1,,,,,Y,,,,,,,,,,Y,Y,,FRONT,,,,,,,,,,,,,,,,,,,,,,,,,,,,,,,,,
2129204,83a54bb00e06d68a606871ed82462cd2c950d0f65faddca8a20ea1ee3e1b863b2f37eed61c69183a29dbc52aebef15b056666daf2bf371735573b62e033b0ae4,08/15/2025 04:00:00 PM,1,DRIVER,,2029768,,UNKNOWN,MOTORIZED,IL,,UNKNOWN,TRUCK - SINGLE UNIT,UNKNOWN/NA,N,BACKING,,,1,,,,,,,,,Y,Y,Y,,,,,,,REAR,,,,,,,,,,,,,,,,,,,,,,,,,,,,,,,,,
2129205,83a54bb00e06d68a606871ed82462cd2c950d0f65faddca8a20ea1ee3e1b863b2f37eed61c69183a29dbc52aebef15b056666daf2bf371735573b62e033b0ae4,08/15/2025 04:00:00 PM,2,PARKED,,2029758,,KIA,SORENTO,,,UNKNOWN,UNKNOWN/NA,PERSONAL,S,PARKED,,,0,,,,,Y,,,,,,,,,,Y,Y,,FRONT,,,,,,,,,,,,,,,,,,,,,,,,,,,,,,,,,
2129184,a64b4330a8799c2f436708a4c41f02f34b54a608143b12aef239a80fdd9e74b7bf809f6e96cd6265367be4abcece556aff833457c3520885fabc70cf6e858d37,08/15/2025 04:00:00 PM,1,DRIVER,,2029732,,FORD,FOCUS,IL,2014,NONE,PASSENGER,PERSONAL,W,STRAIGHT AHEAD,,,1,,,,,Y,,,,,,,,,,Y,Y,,FRONT,,,,,,,,,,,,,,,,,,,,,,,,,,,,,,,,,
2129185,a64b4330a8799c2f436708a4c41f02f34b54a608143b12aef239a80fdd9e74b7bf809f6e96cd6265367be4abcece556aff833457c3520885fabc70cf6e858d37,08/15/2025 04:00:00 PM,2,DRIVER,,2029734,,CHEVROLET,MALIBU,IL,2011,NONE,PASSENGER,PERSONAL,N,STRAIGHT AHEAD,,,1,,,,,Y,Y,Y,Y,Y,,,,,,,,,SIDE-RIGHT,,,,,,,,,,,,,,,,,,,,,,,,,,,,,,,,,
2129196,aa74023b76f2c803dc137c41764bf56988c0b86a260c61a7419aebdce02958d83d2acfd5652c18d3d42e721905806cd0317515ad51937b7a000be09be269ff88,08/15/2025 04:00:00 PM,1,DRIVER,,2029749,,UNKNOWN,OTHER (EXPLAIN IN NARRATIVE),IL,,UNKNOWN,UNKNOWN/NA,UNKNOWN/NA,W,STRAIGHT AHEAD,,,1,,,,,Y,,,,,,,,,,,,,SIDE-RIGHT,,,,,,,,,,,,,,,,,,,,,,,,,,,,,,,,,
2129197,aa74023b76f2c803dc137c41764bf56988c0b86a260c61a7419aebdce02958d83d2acfd5652c18d3d42e721905806cd0317515ad51937b7a000be09be269ff88,08/15/2025 04:00:00 PM,2,DRIVER,,2029762,,TOYOTA,COROLLA,IL,2009,UNKNOWN,PASSENGER,PERSONAL,E,STRAIGHT AHEAD,,,1,,,,,,,,,,,,,,,,Y,,FRONT,,,,,,,,,,,,,,,,,,,,,,,,,,,,,,,,,
2129251,df9b29efc04b3d3e4a62f6f90f86671124f7d0ac1de42dca0994a80dc2f5c9bce3d7bf36986537fda85eb4092935efc784ce38c08087c555bbb8e46bd1eacbca,08/15/2025 04:00:00 PM,1,DRIVER,,2029802,,NISSAN,ALTIMA,IL,2013,UNKNOWN,PASSENGER,PERSONAL,N,STRAIGHT AHEAD,Y,,1,,PRIVATE TOW,UNK,,Y,,,,,,,,,,Y,Y,,FRONT,,,,,,,,,,,,,,,,,,,,,,,,,,,,,,,,,
2129252,df9b29efc04b3d3e4a62f6f90f86671124f7d0ac1de42dca0994a80dc2f5c9bce3d7bf36986537fda85eb4092935efc784ce38c08087c555bbb8e46bd1eacbca,08/15/2025 04:00:00 PM,2,DRIVER,,2029809,,HONDA,CIVIC,IL,2012,UNKNOWN,PASSENGER,PERSONAL,E,STRAIGHT AHEAD,Y,,1,,E & R TOWING,103000 S. DOTY RD,,Y,,,,,,,,,,Y,Y,,FRONT,,,,,,,,,,,,,,,,,,,,,,,,,,,,,,,,,
2133015,e96ad81b7713357f008909d70ae4fa24f981d6091e6944b6c755f71134c836e07887c2f71bfa676fb27c30ba8baea9c10dd1b1757f09df06e7bdf5a0878bc259,08/15/2025 04:00:00 PM,1,DRIVER,,2033335,,PONTIAC,G5,IL,2005,UNKNOWN,PASSENGER,UNKNOWN/NA,UNKNOWN,UNKNOWN/NA,,,1,,,,,,,,,,,,,,,,,Y,UNKNOWN,,,,,,,,,,,,,,,,,,,,,,,,,,,,,,,,,
2133016,e96ad81b7713357f008909d70ae4fa24f981d6091e6944b6c755f71134c836e07887c2f71bfa676fb27c30ba8baea9c10dd1b1757f09df06e7bdf5a0878bc259,08/15/2025 04:00:00 PM,2,PARKED,,2033336,,TOYOTA,RAV4,IL,2021,UNKNOWN,SPORT UTILITY VEHICLE (SUV),NOT IN USE,N,PARKED,,,0,,,,,,,N,,,,,Y,Y,Y,,,,SIDE-LEFT,,,,,,,,,,,,,,,,,,,,,,,,,,,,,,,,,
2129242,8208b5ea40df9f3edb0a897a7bfb50c914a173939ce6bf545b51beeb2af9c1e033d25fa203cd1889571409d4dae3a45253d0f6c0d5ba66d6b4b3abc87a901fb2,08/15/2025 03:59:00 PM,1,DRIVER,,2029789,,TESLA,OTHER (EXPLAIN IN NARRATIVE),IL,2022,UNKNOWN,PASSENGER,PERSONAL,E,CHANGING LANES,Y,,1,,by owner,unknown,,,,,,,,,,,Y,Y,,,FRONT-LEFT-CORNER,,,,,,,,,,,,,,,,,,,,,,,,,,,,,,,,,
2129243,8208b5ea40df9f3edb0a897a7bfb50c914a173939ce6bf545b51beeb2af9c1e033d25fa203cd1889571409d4dae3a45253d0f6c0d5ba66d6b4b3abc87a901fb2,08/15/2025 03:59:00 PM,2,DRIVER,,2029804,,HARLEY-DAVIDSON,OTHER (EXPLAIN IN NARRATIVE),IL,2014,UNKNOWN,MOTORCYCLE (OVER 150CC),PERSONAL,E,STRAIGHT AHEAD,,,1,,,,,,Y,Y,,,,,,,,,,,SIDE-RIGHT,,,,,,,,,,,,,,,,,,,,,,,,,,,,,,,,,
2129212,b9990f1e100ed1a5276fe95b60818d7681fa241029fab10d311df89021db5bed756023b41bdb0ded5bedbfd6621236115f05eaae24c5350b3d58c988f6f05260,08/15/2025 03:57:00 PM,1,DRIVER,,2029771,,VOLKSWAGEN,TIGUAN,IL,2021,UNKNOWN,PASSENGER,PERSONAL,E,STRAIGHT AHEAD,,,1,,,,,,,Y,,,,,,,,,,,SIDE-RIGHT,,,,,,,,,,,,,,,,,,,,,,,,,,,,,,,,,
2129213,b9990f1e100ed1a5276fe95b60818d7681fa241029fab10d311df89021db5bed756023b41bdb0ded5bedbfd6621236115f05eaae24c5350b3d58c988f6f05260,08/15/2025 03:57:00 PM,2,DRIVER,,2029776,,HYUNDAI,SANTA FE,IL,2008,UNKNOWN,PASSENGER,PERSONAL,N,STRAIGHT AHEAD,,,1,,,,,,,,,,,,,,,,Y,,FRONT,,,,,,,,,,,,,,,,,,,,,,,,,,,,,,,,,
2129150,d3b0f6ae3b0af5a0ad5d4414668450a1808ce8c787d2a44cd15d72e5463772d2f9efbf37c18200ae7e108c3476082b2c6d0679f81f404b02462b7217fa6bd4b3,08/15/2025 03:50:00 PM,1,DRIVER,,2029712,,HYUNDAI,ELANTRA,IL,2018,NONE,PASSENGER,PERSONAL,S,STRAIGHT AHEAD,,,1,,,,,Y,,,,,,,,,,Y,Y,,FRONT,,,,,,,,,,,,,,,,,,,,,,,,,,,,,,,,,
2129151,d3b0f6ae3b0af5a0ad5d4414668450a1808ce8c787d2a44cd15d72e5463772d2f9efbf37c18200ae7e108c3476082b2c6d0679f81f404b02462b7217fa6bd4b3,08/15/2025 03:50:00 PM,2,DRIVER,,2029727,,HYUNDAI,SANTA FE,FL,2023,NONE,PASSENGER,PERSONAL,S,SLOW/STOP IN TRAFFIC,,,1,,,,,,,,,Y,Y,Y,,,,,,,REAR,,,,,,,,,,,,,,,,,,,,,,,,,,,,,,,,,
2129200,197b29138b0aad06be369179f90cc183b47f7cf9d65d8fd74a5b8144b5b5bc10b612f84c44bf019893a90ff3eea15d501641eed079764df216a397a3989c7433,08/15/2025 03:45:00 PM,1,DRIVER,,2029755,,TOYOTA,CAMRY,IL,2012,NONE,PASSENGER,TAXI/FOR HIRE,S,SLOW/STOP IN TRAFFIC,,,1,,,,,Y,,,,,,,,,,Y,Y,,FRONT,,,,,,,,,,,,,,,,,,,,,,,,,,,,,,,,,
2129201,197b29138b0aad06be369179f90cc183b47f7cf9d65d8fd74a5b8144b5b5bc10b612f84c44bf019893a90ff3eea15d501641eed079764df216a397a3989c7433,08/15/2025 03:45:00 PM,2,DRIVER,,2029767,,LEXUS,ES300,IL,2013,NONE,PASSENGER,PERSONAL,S,SLOW/STOP IN TRAFFIC,,,1,,,,,,,,,Y,Y,Y,,,,,,,REAR,,,,,,,,,,,,,,,,,,,,,,,,,,,,,,,,,
2129297,ff8350c7f6c3f5de2e3df1af5142515f9e3f2a4b3fbd3a87192cbf34809d6131d963804e3b8201fcc375ed21bdad201a2ad09d859cb503307f0e19308416a8c7,08/15/2025 03:45:00 PM,1,DRIVER,,2029846,,TOYOTA,OTHER (EXPLAIN IN NARRATIVE),IL,,UNKNOWN,PASSENGER,UNKNOWN/NA,SE,TURNING LEFT,,,1,,,,,,,,,,,,,Y,,,,,SIDE-LEFT,,,,,,,,,,,,,,,,,,,,,,,,,,,,,,,,,
2129298,ff8350c7f6c3f5de2e3df1af5142515f9e3f2a4b3fbd3a87192cbf34809d6131d963804e3b8201fcc375ed21bdad201a2ad09d859cb503307f0e19308416a8c7,08/15/2025 03:45:00 PM,2,DRIVER,2,2029878,Y,FORD,OTHER (EXPLAIN IN NARRATIVE),IL,2019,UNKNOWN,OTHER,AMBULANCE,S,STRAIGHT AHEAD,,,3,,,,,Y,,,,,,,,,,,,,SIDE-RIGHT-FRONT,"22,010",,,,DRIVER,1,ELITE MEDICAL TRANSPORTATION LLC--FIRM OWNED,IL,ORLAND PARK,,,,N,N,,N,,N,N,,,,,,,,2,"SINGLE UNIT TRUCK, 2 AXLES, 6 TIRES",OTHER,OTHER,N,N,
2129255,c739e9f7f2970a9d3d0e7c7f06476981ec93026fca9fe5da29fdc80510da1110268b8110e7058d6e86e712f8a05d187dc4edaf2ae0fc5a68c1db3254a299aacf,08/15/2025 03:44:00 PM,1,PEDESTRIAN,,,,,,,,,,,,,,,,,,,,,,,,,,,,,,,,,,,,,,,,,,,,,,,,,,,,,,,,,,,,,,,,,,
2129256,c739e9f7f2970a9d3d0e7c7f06476981ec93026fca9fe5da29fdc80510da1110268b8110e7058d6e86e712f8a05d187dc4edaf2ae0fc5a68c1db3254a299aacf,08/15/2025 03:44:00 PM,2,DRIVER,,2029811,,HONDA,CR-V,IL,2010,UNKNOWN,SPORT UTILITY VEHICLE (SUV),PERSONAL,S,STRAIGHT AHEAD,,,1,,,,,Y,,,,,,,,,,Y,Y,,FRONT,,,,,,,,,,,,,,,,,,,,,,,,,,,,,,,,,
2129776,8d6904002cb8a55b1e0f070fe80ff82b439af134f6152b24eead57935b9d07c0b83cf9c85973ec747a3d8694b77fb6cd6dd4cdc9d9383a0f10f86a6999aae68f,08/15/2025 03:40:00 PM,1,DRIVER,,2030289,,SUBARU,LEGACY,IL,2016,NONE,PASSENGER,PERSONAL,N,STRAIGHT AHEAD,,,1,,,,Y,,,,,,,,,,,,,,FRONT,,,,,,,,,,,,,,,,,,,,,,,,,,,,,,,,,
2129777,8d6904002cb8a55b1e0f070fe80ff82b439af134f6152b24eead57935b9d07c0b83cf9c85973ec747a3d8694b77fb6cd6dd4cdc9d9383a0f10f86a6999aae68f,08/15/2025 03:40:00 PM,2,DRIVER,,2030295,,TOYOTA,RAV4,IL,2014,NONE,SPORT UTILITY VEHICLE (SUV),PERSONAL,N,STRAIGHT AHEAD,,,1,,,,,,,,,,Y,,,,,,,,REAR,,,,,,,,,,,,,,,,,,,,,,,,,,,,,,,,,
2129257,5e819aea3cce931dad44c1a700721f320b3f81e03541751489069454def814cdb4d89e250029bd4e22e192df77e7c2948ff6a79187d96d506b9f121cbd5a0aaf,08/15/2025 03:35:00 PM,1,DRIVER,1,2029805,,MERCEDES-BENZ,GLC,IL,2018,UNKNOWN,SPORT UTILITY VEHICLE (SUV),UNKNOWN/NA,W,LEAVING TRAFFIC LANE TO PARK,,,2,,,,,,Y,Y,,,,,,,,,,,SIDE-RIGHT-FRONT,,,,,,,,,,,,,,,,,,,,,,,,,,,,,,,,,