CRASH_UNIT_ID,CRASH_RECORD_ID,CRASH_DATE,UNIT_NO,UNIT_TYPE,NUM_PASSENGERS,VEHICLE_ID,CMRC_VEH_I,MAKE,MODEL,LIC_PLATE_STATE,VEHICLE_YEAR,VEHICLE_DEFECT,VEHICLE_TYPE,VEHICLE_USE,TRAVEL_DIRECTION,MANEUVER,TOWED_I,FIRE_I,OCCUPANT_CNT,EXCEED_SPEED_LIMIT_I,TOWED_BY,TOWED_TO,AREA_00_I,AREA_01_I,AREA_02_I,AREA_03_I,AREA_04_I,AREA_05_I,AREA_06_I,AREA_07_I,AREA_08_I,AREA_09_I,AREA_10_I,AREA_11_I,AREA_12_I,AREA_99_I,FIRST_CONTACT_POINT,CMV_ID,USDOT_NO,CCMC_NO,ILCC_NO,COMMERCIAL_SRC,GVWR,CARRIER_NAME,CARRIER_STATE,CARRIER_CITY,HAZMAT_PLACARDS_I,HAZMAT_NAME,UN_NO,HAZMAT_PRESENT_I,HAZMAT_REPORT_I,HAZMAT_REPORT_NO,MCS_REPORT_I,MCS_REPORT_NO,HAZMAT_VIO_CAUSE_CRASH_I,MCS_VIO_CAUSE_CRASH_I,IDOT_PERMIT_NO,WIDE_LOAD_I,TRAILER1_WIDTH,TRAILER2_WIDTH,TRAILER1_LENGTH,TRAILER2_LENGTH,TOTAL_VEHICLE_LENGTH,AXLE_CNT,VEHICLE_CONFIG,CARGO_BODY_TYPE,LOAD_TYPE,HAZMAT_OUT_OF_SERVICE_I,MCS_OUT_OF_SERVICE_I,HAZMAT_CLASS
2129258,5e819aea3cce931dad44c1a700721f320b3f81e03541751489069454def814cdb4d89e250029bd4e22e192df77e7c2948ff6a79187d96d506b9f121cbd5a0aaf,08/15/2025 03:35:00 PM,2,BICYCLE,,,,,,,,,,,,,,,,,,,,,,,,,,,,,,,,,,,,,,,,,,,,,,,,,,,,,,,,,,,,,,,,,,
2129238,3d129da74c689cc8d5deba17193159d93d4d9a25fc7fe0f60ce1968d61602ac5e518023fb3b0b197c488dccc997897aa4c20be5229d7790485068f5408c30c94,08/15/2025 03:24:00 PM,1,DRIVER,,2029787,,NEW FLYER,D40LF,IL,2008,NONE,OTHER,CTA,E,TURNING RIGHT,,,1,,,,,,,,,,,,,,,,Y,,FRONT,,,,,,,,,,,,,,,,,,,,,,,,,,,,,,,,,
2129239,3d129da74c689cc8d5deba17193159d93d4d9a25fc7fe0f60ce1968d61602ac5e518023fb3b0b197c488dccc997897aa4c20be5229d7790485068f5408c30c94,08/15/2025 03:24:00 PM,2,DRIVER,,2029797,,NISSAN,VERSA,IL,2012,NONE,PASSENGER,PERSONAL,E,TURNING RIGHT,,,1,,,,,,,,,,Y,Y,,,,,,,REAR-LEFT-CORNER,,,,,,,,,,,,,,,,,,,,,,,,,,,,,,,,,
2129164,152262307841142f85c13bb5f34e8cb36911f138eb4d7d2d94c97c6ec888d058193ade34dcb1ae631de2a1ed8fc43c1e26574eeca8087bd7f30f5ec1536d612d,08/15/2025 03:20:00 PM,1,DRIVER,,2029711,,FORD,TAURUS,MN,,NONE,PASSENGER,PERSONAL,W,UNKNOWN/NA,,,1,,,,,,,,,,,,,,,,,Y,UNKNOWN,,,,,,,,,,,,,,,,,,,,,,,,,,,,,,,,,
2129165,152262307841142f85c13bb5f34e8cb36911f138eb4d7d2d94c97c6ec888d058193ade34dcb1ae631de2a1ed8fc43c1e26574eeca8087bd7f30f5ec1536d612d,08/15/2025 03:20:00 PM,2,DRIVER,,2029715,,MAZDA,MAZDA3,IL,2017,NONE,PASSENGER,PERSONAL,W,STRAIGHT AHEAD,,,1,,,,,,,N,,,,Y,Y,Y,Y,Y,,,SIDE-LEFT,,,,,,,,,,,,,,,,,,,,,,,,,,,,,,,,,
2129152,5b70d6c1c28b3008c2720aabb187177fc5c2db1e05680993f91624a7a48a3c97c59398d367ea7092a7f528a1e2c7bc58b6668be967504e756deea76b90e6ae39,08/15/2025 03:20:00 PM,1,DRIVER,1,2029699,,NISSAN,ALTIMA,,,UNKNOWN,PASSENGER,UNKNOWN/NA,W,STRAIGHT AHEAD,,,2,,,,,,,,,,,,,,,,Y,,FRONT,,,,,,,,,,,,,,,,,,,,,,,,,,,,,,,,,
2129153,5b70d6c1c28b3008c2720aabb187177fc5c2db1e05680993f91624a7a48a3c97c59398d367ea7092a7f528a1e2c7bc58b6668be967504e756deea76b90e6ae39,08/15/2025 03:20:00 PM,2,DRIVER,3,2029706,,INFINITI,Q50,IL,2014,UNKNOWN,PASSENGER,PERSONAL,W,SLOW/STOP IN TRAFFIC,,,4,,,,,,,,,Y,,,,,,,,,REAR-RIGHT-CORNER,,,,,,,,,,,,,,,,,,,,,,,,,,,,,,,,,
2129637,5dc27fc8137f9b9007d711ddc18af64a554f4bd38d93cc756cd41191ccd3c4a315f4d310ef9de316ab74ab2b1cf1f18d1b6be6c17dfcf4c7793bead73171fda3,08/15/2025 03:20:00 PM,1,DRIVER,,2030156,,AUDI,E-TRON,IL,2021,UNKNOWN,SPORT UTILITY VEHICLE (SUV),UNKNOWN/NA,S,TURNING LEFT,,,1,,,,,,,,,,,Y,,,,,,,SIDE-LEFT-REAR,,,,,,,,,,,,,,,,,,,,,,,,,,,,,,,,,
2129638,5dc27fc8137f9b9007d711ddc18af64a554f4bd38d93cc756cd41191ccd3c4a315f4d310ef9de316ab74ab2b1cf1f18d1b6be6c17dfcf4c7793bead73171fda3,08/15/2025 03:20:00 PM,2,DRIVER,,2030170,,MERCEDES-BENZ,GLS,IL,2021,NONE,SPORT UTILITY VEHICLE (SUV),PERSONAL,S,TURNING LEFT,,,1,,,,,Y,,,,,,,,,,,,,FRONT-RIGHT-CORNER,,,,,,,,,,,,,,,,,,,,,,,,,,,,,,,,,
2131357,5046d5c5ccd5ca5fda24eb6b00b94e76981f8e763458bb10d4d7d5c84e8274749dfb15c2b220de97eac07fe8b78b3186527ffef9fc0228ba102a53bf5e979eb4,08/15/2025 03:15:00 PM,1,DRIVER,,2031772,,SUBARU,CROSSTREK,IL,2024,NONE,PASSENGER,PERSONAL,UNKNOWN,BACKING,,,1,,,,,,,,,Y,Y,Y,,,,,,,REAR,,,,,,,,,,,,,,,,,,,,,,,,,,,,,,,,,
2131358,5046d5c5ccd5ca5fda24eb6b00b94e76981f8e763458bb10d4d7d5c84e8274749dfb15c2b220de97eac07fe8b78b3186527ffef9fc0228ba102a53bf5e979eb4,08/15/2025 03:15:00 PM,2,DRIVER,1,2031773,,HYUNDAI,ELANTRA,IL,2025,NONE,PASSENGER,PERSONAL,N,STRAIGHT AHEAD,,,2,,,,,,,Y,Y,Y,Y,,,,,,,,REAR-RIGHT-CORNER,,,,,,,,,,,,,,,,,,,,,,,,,,,,,,,,,
2129127,aa496fdcef324a5953429aa28275de02d914f772e3dffe6048a50e26e49a656e454fedb4055bb560196fa40b602840271aff26e13634f908b7a6797b9df052c4,08/15/2025 03:15:00 PM,1,DRIVER,,2029676,,CADILLAC,XT4,IL,2024,NONE,PASSENGER,PERSONAL,W,STRAIGHT AHEAD,,,1,,,,,Y,,Y,Y,,,,,,,,Y,,SIDE-RIGHT,,,,,,,,,,,,,,,,,,,,,,,,,,,,,,,,,
2129128,aa496fdcef324a5953429aa28275de02d914f772e3dffe6048a50e26e49a656e454fedb4055bb560196fa40b602840271aff26e13634f908b7a6797b9df052c4,08/15/2025 03:15:00 PM,2,PARKED,,2029678,,AUDI,A6,IL,2015,UNKNOWN,PASSENGER,PERSONAL,W,PARKED,,,0,,,,,Y,,,,,,,,,Y,Y,Y,,FRONT-LEFT-CORNER,,,,,,,,,,,,,,,,,,,,,,,,,,,,,,,,,
2129381,e9435fe549c8dba19d900eb35ee65e1e6282166f1f729d002f91e21831b9a6e2c04b90140646b73ab5f665ea618dff80f665bd3fe996fda4c26ac0c4484522e0,08/15/2025 03:10:00 PM,1,DRIVER,,2029920,,ACURA,RL,IL,2005,UNKNOWN,PASSENGER,UNKNOWN/NA,W,STRAIGHT AHEAD,,,1,,,,,,,,,,,,,,,,,Y,UNKNOWN,,,,,,,,,,,,,,,,,,,,,,,,,,,,,,,,,
2129382,e9435fe549c8dba19d900eb35ee65e1e6282166f1f729d002f91e21831b9a6e2c04b90140646b73ab5f665ea618dff80f665bd3fe996fda4c26ac0c4484522e0,08/15/2025 03:10:00 PM,2,DRIVER,,2029926,,VOLKSWAGEN,JETTA,IL,2013,UNKNOWN,PASSENGER,UNKNOWN/NA,W,STRAIGHT AHEAD,,,1,,,,,,,,,,Y,,,,,,,,REAR-RIGHT-CORNER,,,,,,,,,,,,,,,,,,,,,,,,,,,,,,,,,
2129188,cb08b156e4aeafcffbe6306853e83563c4155750a40bfdea397730df624f0ba7a11e7a4b419a72ffccbb4ff35fbec0b97a999153e978a617cc517c59096158e1,08/15/2025 03:06:00 PM,1,DRIVER,,2029741,,UNKNOWN,OTHER (EXPLAIN IN NARRATIVE),,,UNKNOWN,SPORT UTILITY VEHICLE (SUV),UNKNOWN/NA,UNKNOWN,CHANGING LANES,,,1,,,,,Y,Y,,,,,,,,,,,,FRONT-RIGHT-CORNER,,,,,,,,,,,,,,,,,,,,,,,,,,,,,,,,,
2129189,cb08b156e4aeafcffbe6306853e83563c4155750a40bfdea397730df624f0ba7a11e7a4b419a72ffccbb4ff35fbec0b97a999153e978a617cc517c59096158e1,08/15/2025 03:06:00 PM,2,DRIVER,,2029751,,NISSAN,ALTIMA,IN,2021,UNKNOWN,PASSENGER,PERSONAL,UNKNOWN,STRAIGHT AHEAD,,,1,,,,,,,,,,,,,Y,Y,Y,,,FRONT-LEFT-CORNER,,,,,,,,,,,,,,,,,,,,,,,,,,,,,,,,,
2132601,b7f5ac303295ff30d5eeb7827126675496b26c2f87a1345aefe99d9589db64c0ecc39db6ab24a9628a477e9c33b9a3d8162a107ac30cdb09384778a00783b5c6,08/15/2025 03:00:00 PM,1,DRIVER,,2032936,,CHRYSLER,PACIFICA,IL,2022,NONE,PASSENGER,PERSONAL,N,TURNING RIGHT,,,1,,,,,,,Y,,Y,,,,,,,,,SIDE-RIGHT,,,,,,,,,,,,,,,,,,,,,,,,,,,,,,,,,
2132602,b7f5ac303295ff30d5eeb7827126675496b26c2f87a1345aefe99d9589db64c0ecc39db6ab24a9628a477e9c33b9a3d8162a107ac30cdb09384778a00783b5c6,08/15/2025 03:00:00 PM,2,DRIVER,,2032943,,HONDA,CIVIC,IL,2008,NONE,PASSENGER,PERSONAL,N,STRAIGHT AHEAD,,,1,,,,,,,,,,,,,,Y,Y,,,SIDE-LEFT,,,,,,,,,,,,,,,,,,,,,,,,,,,,,,,,,
2129796,db110b412ea27dedf6d6d9ad47f6540f5dde78c77f5fadbefff59d2c93742fc886dc7cb759cef372091d542e7594f186e17b42a69e608c38581ccceb7e68e06a,08/15/2025 03:00:00 PM,1,DRIVER,,2030310,,UNKNOWN,MOTORIZED,,,UNKNOWN,UNKNOWN/NA,UNKNOWN/NA,UNKNOWN,UNKNOWN/NA,,,1,,,,,,,,,,,,,,,,,Y,UNKNOWN,,,,,,,,,,,,,,,,,,,,,,,,,,,,,,,,,
2129797,db110b412ea27dedf6d6d9ad47f6540f5dde78c77f5fadbefff59d2c93742fc886dc7cb759cef372091d542e7594f186e17b42a69e608c38581ccceb7e68e06a,08/15/2025 03:00:00 PM,2,PARKED,,2030308,,CHEVROLET,TRAIL BLAZER,IL,2008,UNKNOWN,SPORT UTILITY VEHICLE (SUV),PERSONAL,E,PARKED,,,0,,,,,Y,,,,,,,,,,Y,Y,,FRONT,,,,,,,,,,,,,,,,,,,,,,,,,,,,,,,,,
2129174,366631d71e8e5cc17ac4bdabcc6d09d0113c6b0f050731665c66e86a38a67d8c2d216505c72b0a9f99e31e6e4e9ae7e4c86f3144a983d236c92180ce81176db7,08/15/2025 02:50:00 PM,1,DRIVER,,2029724,,NISSAN,FRONTIER,IL,2013,UNKNOWN,PICKUP,PERSONAL,N,STRAIGHT AHEAD,,,1,,,,,,,,,N,Y,N,,,,,,,REAR,,,,,,,,,,,,,,,,,,,,,,,,,,,,,,,,,
2129175,366631d71e8e5cc17ac4bdabcc6d09d0113c6b0f050731665c66e86a38a67d8c2d216505c72b0a9f99e31e6e4e9ae7e4c86f3144a983d236c92180ce81176db7,08/15/2025 02:50:00 PM,2,DRIVER,,2029736,,NISSAN,PATHFINDER,IL,2016,UNKNOWN,PASSENGER,PERSONAL,N,STRAIGHT AHEAD,,,1,,,,,,,,,,,,,,,,Y,,FRONT,,,,,,,,,,,,,,,,,,,,,,,,,,,,,,,,,
2129131,acf17f30fb95b3e632788c5fc79ce4e41e0c0b6f94a1f9c155eafef9fc7f26ce5d2169912905264eb088695e13cb7d0f13eed817fcb6ae09fd633e8a227d7b68,08/15/2025 02:50:00 PM,1,DRIVER,,2029690,,GENERAL MOTORS CORPORATION (GMC),TERRAIN,IL,2015,UNKNOWN,SPORT UTILITY VEHICLE (SUV),UNKNOWN/NA,N,CHANGING LANES,,,1,,,,,,,Y,Y,Y,,,,,,,,,SIDE-RIGHT-REAR,,,,,,,,,,,,,,,,,,,,,,,,,,,,,,,,,
2129132,acf17f30fb95b3e632788c5fc79ce4e41e0c0b6f94a1f9c155eafef9fc7f26ce5d2169912905264eb088695e13cb7d0f13eed817fcb6ae09fd633e8a227d7b68,08/15/2025 02:50:00 PM,2,DRIVER,2,2029714,,JEEP,WRANGLER,IL,2015,NONE,SPORT UTILITY VEHICLE (SUV),PERSONAL,N,STRAIGHT AHEAD,,,3,,,,,,,,,,,Y,Y,Y,,,,,SIDE-LEFT-REAR,,,,,,,,,,,,,,,,,,,,,,,,,,,,,,,,,
2129116,f2b74db6ef860c799dc3ebd7b78999bd67d348bfc0837d993a454e625935823d830f04af3a3e762816f133d37adf0c942464d5f06fba6adf2aa4bea27eb9e535,08/15/2025 02:50:00 PM,1,DRIVER,,2029668,,UNKNOWN,OTHER (EXPLAIN IN NARRATIVE),,,UNKNOWN,UNKNOWN/NA,UNKNOWN/NA,S,UNKNOWN/NA,,,1,,,,,,,,,,,,,,,,,Y,UNKNOWN,,,,,,,,,,,,,,,,,,,,,,,,,,,,,,,,,
2129117,f2b74db6ef860c799dc3ebd7b78999bd67d348bfc0837d993a454e625935823d830f04af3a3e762816f133d37adf0c942464d5f06fba6adf2aa4bea27eb9e535,08/15/2025 02:50:00 PM,2,DRIVER,,2029672,,TOYOTA,C-HR,IL,2019,NONE,PASSENGER,PERSONAL,S,SLOW/STOP IN TRAFFIC,,,1,,,,,,,,,Y,Y,,,,,,,,REAR,,,,,,,,,,,,,,,,,,,,,,,,,,,,,,,,,
2129133,3a50f0f8b225d1508d90b7121d632aa4e7ddaee278941706d7152fcc89d6c19fca1a1764e7b9bc8513073115282fd1370318a08008af21ae51f08b57e1dc5b13,08/15/2025 02:48:00 PM,1,DRIVER,,2029684,,JEEP,WRANGLER,IL,2022,NONE,PASSENGER,PERSONAL,N,STRAIGHT AHEAD,,,1,,,,,,,,,,,,,,,,,Y,FRONT,,,,,,,,,,,,,,,,,,,,,,,,,,,,,,,,,
2129134,3a50f0f8b225d1508d90b7121d632aa4e7ddaee278941706d7152fcc89d6c19fca1a1764e7b9bc8513073115282fd1370318a08008af21ae51f08b57e1dc5b13,08/15/2025 02:48:00 PM,2,DRIVER,1,2029689,,TOYOTA,SEQUOIA,IL,2003,NONE,PASSENGER,PERSONAL,N,STRAIGHT AHEAD,,,2,,,,,Y,,,,Y,Y,Y,,,,Y,Y,,REAR,,,,,,,,,,,,,,,,,,,,,,,,,,,,,,,,,
2129135,3a50f0f8b225d1508d90b7121d632aa4e7ddaee278941706d7152fcc89d6c19fca1a1764e7b9bc8513073115282fd1370318a08008af21ae51f08b57e1dc5b13,08/15/2025 02:48:00 PM,3,DRIVER,,2029693,,SUBARU,FORESTER,IL,2021,NONE,PASSENGER,PERSONAL,N,STRAIGHT AHEAD,,,1,,,,,,,,,Y,Y,Y,,,,,,,REAR,,,,,,,,,,,,,,,,,,,,,,,,,,,,,,,,,
2129120,e3a879c1a8a534d9bd44b07549c7e205213c7371b87ba85c85f24b138d5ba691c749da5386eb473a4d8cd4ed727d23402a6ee0ce7c57fbc73465595d99094191,08/15/2025 02:45:00 PM,1,DRIVER,,2029701,,MERCEDES-BENZ,CLA,MI,2025,NONE,PASSENGER,PERSONAL,S,LEAVING TRAFFIC LANE TO PARK,,,1,,,,,,,,,,,,,,,Y,,,FRONT-LEFT-CORNER,,,,,,,,,,,,,,,,,,,,,,,,,,,,,,,,,
2129121,e3a879c1a8a534d9bd44b07549c7e205213c7371b87ba85c85f24b138d5ba691c749da5386eb473a4d8cd4ed727d23402a6ee0ce7c57fbc73465595d99094191,08/15/2025 02:45:00 PM,2,DRIVER,1,2029717,,HONDA,FIT,IL,2015,NONE,PASSENGER,PERSONAL,S,STRAIGHT AHEAD,,,2,,,,,Y,Y,,,,,,,,,,,,SIDE-RIGHT,,,,,,,,,,,,,,,,,,,,,,,,,,,,,,,,,
2130629,41e3a85d1bea1a95c01daf2f0f66cf330d0093eb2e06f7173fcc8f5fc9b09b4c10c00a208c29191f66117663e86d1cb7b5db8e7591b37821da228d654ca00b1c,08/15/2025 02:40:00 PM,1,DRIVER,,2031091,,VOLVO,XC60,IL,,UNKNOWN,SPORT UTILITY VEHICLE (SUV),UNKNOWN/NA,E,CHANGING LANES,,,1,,,,,,,,,,,,Y,Y,Y,,,,SIDE-LEFT-FRONT,,,,,,,,,,,,,,,,,,,,,,,,,,,,,,,,,
2130630,41e3a85d1bea1a95c01daf2f0f66cf330d0093eb2e06f7173fcc8f5fc9b09b4c10c00a208c29191f66117663e86d1cb7b5db8e7591b37821da228d654ca00b1c,08/15/2025 02:40:00 PM,2,DRIVER,,2031095,,TOYOTA,SIENNA,IL,2019,NONE,VAN/MINI-VAN,TAXI/FOR HIRE,E,STRAIGHT AHEAD,,,1,,,,,Y,,,,,,,,,,,,,FRONT-RIGHT-CORNER,,,,,,,,,,,,,,,,,,,,,,,,,,,,,,,,,
2129166,8557080ff95e9659e7fd2ee6adc466000f8b56a08dec6fd56953e87b73ef78373221dd7ff02583f6e8ba15a3d3c424d00ded49a4343bdf0008dee475cd7f9b48,08/15/2025 02:38:00 PM,1,DRIVER,,2029716,,CHEVROLET,TRAX,IL,2017,UNKNOWN,PASSENGER,PERSONAL,SW,TURNING LEFT,,,1,,,,Y,,,,,,,,,,,N,N,,FRONT,,,,,,,,,,,,,,,,,,,,,,,,,,,,,,,,,
2129167,8557080ff95e9659e7fd2ee6adc466000f8b56a08dec6fd56953e87b73ef78373221dd7ff02583f6e8ba15a3d3c424d00ded49a4343bdf0008dee475cd7f9b48,08/15/2025 02:38:00 PM,2,PEDESTRIAN,,,,,,,,,,,,,,,,,,,,,,,,,,,,,,,,,,,,,,,,,,,,,,,,,,,,,,,,,,,,,,,,,,
2129176,f1441e628e9bccad3afe7989a0658d2b1f2de9ed413bebd844399e7772e8d27699ee8d67aabc67003147878aec8bb37ef5aef2d081576fd64d24d694ec86436d,08/15/2025 02:35:00 PM,1,DRIVER,,2029739,,HONDA,ODYSSEY,IL,2023,UNKNOWN,VAN/MINI-VAN,UNKNOWN/NA,W,CHANGING LANES,,,1,,,,,,,,,,,,,,,,Y,,FRONT-RIGHT-CORNER,,,,,,,,,,,,,,,,,,,,,,,,,,,,,,,,,
2129177,f1441e628e9bccad3afe7989a0658d2b1f2de9ed413bebd844399e7772e8d27699ee8d67aabc67003147878aec8bb37ef5aef2d081576fd64d24d694ec86436d,08/15/2025 02:35:00 PM,2,DRIVER,,2029745,,SUBARU,OUTBACK,IL,2015,UNKNOWN,SPORT UTILITY VEHICLE (SUV),UNKNOWN/NA,W,SLOW/STOP IN TRAFFIC,,,1,,,,,,,,,,Y,,,,,,,,REAR,,,,,,,,,,,,,,,,,,,,,,,,,,,,,,,,,
2139904,f35177e51cbbe4a36080f622d09ec268854a9df3979602669e5d55dc5710915a4c58c7067ea7522be02853028420d7bcf01bf5cf173101096277e3f568cf30f0,08/15/2025 02:35:00 PM,1,DRIVER,,2039901,,FREIGHTLINER CORPORATION,OTHER (EXPLAIN IN NARRATIVE),,,UNKNOWN,TRUCK - SINGLE UNIT,UNKNOWN/NA,NW,STRAIGHT AHEAD,,,1,,,,,,,,,,,,,,,,,Y,FRONT,,,,,,,,,,,,,,,,,,,,,,,,,,,,,,,,,
2139905,f35177e51cbbe4a36080f622d09ec268854a9df3979602669e5d55dc5710915a4c58c7067ea7522be02853028420d7bcf01bf5cf173101096277e3f568cf30f0,08/15/2025 02:35:00 PM,2,BICYCLE,,,,,,,,,,,,,,,,,,,,,,,,,,,,,,,,,,,,,,,,,,,,,,,,,,,,,,,,,,,,,,,,,,
2139906,f35177e51cbbe4a36080f622d09ec268854a9df3979602669e5d55dc5710915a4c58c7067ea7522be02853028420d7bcf01bf5cf173101096277e3f568cf30f0,08/15/2025 02:35:00 PM,3,DRIVER,,2039902,,FORD,ESCAPE,IN,2020,UNKNOWN,PASSENGER,PERSONAL,NW,SLOW/STOP IN TRAFFIC,,,1,,,,,,,,,Y,Y,,,,,,,,REAR-RIGHT-CORNER,,,,,,,,,,,,,,,,,,,,,,,,,,,,,,,,,
2129198,91900e58b981c6726ce12decc658483c56752d214e2085b6fb4c37f382ad6060e95d8ab6d42b2a5b9fef1d240bb2ed4e889514fc7b75046cb9a72048ee8ebe29,08/15/2025 02:32:00 PM,1,DRIVER,,2029753,,UNKNOWN,MOTORIZED,IL,,UNKNOWN,PASSENGER,UNKNOWN/NA,E,STRAIGHT AHEAD,,,1,,,,,,,,Y,Y,,,,,,,,,REAR-RIGHT-CORNER,,,,,,,,,,,,,,,,,,,,,,,,,,,,,,,,,
2129199,91900e58b981c6726ce12decc658483c56752d214e2085b6fb4c37f382ad6060e95d8ab6d42b2a5b9fef1d240bb2ed4e889514fc7b75046cb9a72048ee8ebe29,08/15/2025 02:32:00 PM,2,DRIVER,,2029765,,UNKNOWN,MOTORIZED,IL,2022,NONE,OTHER,PERSONAL,N,STRAIGHT AHEAD,,,1,,,,,,,,,,,,,,,,Y,,FRONT,,,,,,,,,,,,,,,,,,,,,,,,,,,,,,,,,
2129129,27fe465baa20e60ba3dc63f8e42f8480f24895ba253228238b4f8725ee4098420701487b8fd73686e761e6425e0ff7f41a357b372b67e295ddadfcaa9ac66456,08/15/2025 02:30:00 PM,1,DRIVER,,2029696,,JEEP,WRANGLER,IL,2017,UNKNOWN,PASSENGER,PERSONAL,UNKNOWN,STRAIGHT AHEAD,,,1,,,,,,Y,Y,Y,,,,,,,,,,SIDE-RIGHT,,,,,,,,,,,,,,,,,,,,,,,,,,,,,,,,,
2129130,27fe465baa20e60ba3dc63f8e42f8480f24895ba253228238b4f8725ee4098420701487b8fd73686e761e6425e0ff7f41a357b372b67e295ddadfcaa9ac66456,08/15/2025 02:30:00 PM,2,DRIVER,,2029691,,HYUNDAI,ELANTRA,,2010,UNKNOWN,PASSENGER,UNKNOWN/NA,E,STRAIGHT AHEAD,,,1,,,,,,,,,,,,,,,Y,Y,,FRONT-LEFT-CORNER,,,,,,,,,,,,,,,,,,,,,,,,,,,,,,,,,
2129098,914c10e79b93de74874d5ea6c162427f103b2a8d8868c1256ac8468cc8e62b9044c820c55372dd801960740ff622d305fecd5236f202511c14bf00cf9b0e13fe,08/15/2025 02:30:00 PM,1,PARKED,,2029656,,VOLVO,OTHER (EXPLAIN IN NARRATIVE),IL,,UNKNOWN,PASSENGER,UNKNOWN/NA,S,PARKED IN TRAFFIC LANE,,,0,,,,,,,,,Y,Y,,,,,,,,REAR,,,,,,,,,,,,,,,,,,,,,,,,,,,,,,,,,
2129138,b5ab933b5fa6fe4ff1bc34a529c48828376cd65291e1d790dae2857920816a00d1d249b90ea85567eb5cf5f83ddddfe95a27631d0ab1487185eb28d12c72f256,08/15/2025 02:30:00 PM,1,DRIVER,,2029708,,DODGE,RAM 1500 VAN,IL,2015,NONE,VAN/MINI-VAN,PERSONAL,S,MERGING,,,1,,,,,,,,,Y,,,,,,,,,SIDE-RIGHT-REAR,,,,,,,,,,,,,,,,,,,,,,,,,,,,,,,,,
2129139,b5ab933b5fa6fe4ff1bc34a529c48828376cd65291e1d790dae2857920816a00d1d249b90ea85567eb5cf5f83ddddfe95a27631d0ab1487185eb28d12c72f256,08/15/2025 02:30:00 PM,2,PARKED,,2029731,,DODGE,DURANGO,IL,2022,NONE,SPORT UTILITY VEHICLE (SUV),PERSONAL,S,PARKED,,,0,,,,,,,,,,,,,,,Y,,,FRONT-LEFT-CORNER,,,,,,,,,,,,,,,,,,,,,,,,,,,,,,,,,
2129142,a35b14b6a7be1dc7c6fc9816b1834507afc871ea14396842ba8983e60e0c6857a6e1da80e60e7c77098045156c785e9662ec65526df5ebc24d46334839ab5ead,08/15/2025 02:25:00 PM,1,DRIVER,,2029695,,CHEVROLET,IMPALA,IL,2012,UNKNOWN,PASSENGER,PERSONAL,S,STRAIGHT AHEAD,,,1,,,,,,Y,Y,Y,,,,,,,,,,SIDE-RIGHT,,,,,,,,,,,,,,,,,,,,,,,,,,,,,,,,,
2129143,a35b14b6a7be1dc7c6fc9816b1834507afc871ea14396842ba8983e60e0c6857a6e1da80e60e7c77098045156c785e9662ec65526df5ebc24d46334839ab5ead,08/15/2025 02:25:00 PM,2,PARKED,,2029707,,FORD,OTHER (EXPLAIN IN NARRATIVE),IL,2017,UNKNOWN,OTHER,AMBULANCE,S,PARKED IN TRAFFIC LANE,,,0,,,,,,,,,,,,Y,Y,Y,,,,SIDE-LEFT,,,,,,,,,,,,,,,,,,,,,,,,,,,,,,,,,
2129291,2202f131b71fad9522512ac1a498204598b01061c596dbc77985de13df74e7862f50983088e5fe290edc7d750201a4df9c3802fc905bab50d0820af05f817bbb,08/15/2025 02:20:00 PM,1,DRIVER,,2029836,,(HOMEMADE TRAILER),(HOMEMADE TRAILER),IL,2026,UNKNOWN,UNKNOWN/NA,UNKNOWN/NA,W,STRAIGHT AHEAD,,,1,,,,,,,,,,,,,,,,,Y,SIDE-LEFT,,,,,,,,,,,,,,,,,,,,,,,,,,,,,,,,,
2129292,2202f131b71fad9522512ac1a498204598b01061c596dbc77985de13df74e7862f50983088e5fe290edc7d750201a4df9c3802fc905bab50d0820af05f817bbb,08/15/2025 02:20:00 PM,2,PARKED,,2029847,,TOYOTA,VENZA,IL,2022,UNKNOWN,SPORT UTILITY VEHICLE (SUV),UNKNOWN/NA,W,PARKED,Y,,0,,city of chicago,pound #6,,Y,Y,,,,,,,,,,,,SIDE-RIGHT-FRONT,,,,,,,,,,,,,,,,,,,,,,,,,,,,,,,,,
2129148,1e850472400c4ad308a24a90b0afe8f3c9f985fcfba7954833ba8a9158d085fab9e29b9473f7cd62c3fad06dc6deecc02a9b4d199561d105a76644d38c23f35a,08/15/2025 02:19:00 PM,1,DRIVER,,2029725,,CHRYSLER,TRUCK,XX,2021,NONE,TRUCK - SINGLE UNIT,STATE OWNED,W,MERGING,,,1,,,,,Y,Y,Y,,,,,,,,,,,FRONT-RIGHT-CORNER,,,,,,,,,,,,,,,,,,,,,,,,,,,,,,,,,
2129149,1e850472400c4ad308a24a90b0afe8f3c9f985fcfba7954833ba8a9158d085fab9e29b9473f7cd62c3fad06dc6deecc02a9b4d199561d105a76644d38c23f35a,08/15/2025 02:19:00 PM,2,PARKED,,2029730,,STERLING,825,IL,2007,NONE,TRUCK - SINGLE UNIT,NOT IN USE,W,PARKED,,,0,,,,,,,,,,,,,Y,Y,Y,,,FRONT-LEFT-CORNER,,,,,,,,,,,,,,,,,,,,,,,,,,,,,,,,,