CRASH_UNIT_ID,CRASH_RECORD_ID,CRASH_DATE,UNIT_NO,UNIT_TYPE,NUM_PASSENGERS,VEHICLE_ID,CMRC_VEH_I,MAKE,MODEL,LIC_PLATE_STATE,VEHICLE_YEAR,VEHICLE_DEFECT,VEHICLE_TYPE,VEHICLE_USE,TRAVEL_DIRECTION,MANEUVER,TOWED_I,FIRE_I,OCCUPANT_CNT,EXCEED_SPEED_LIMIT_I,TOWED_BY,TOWED_TO,AREA_00_I,AREA_01_I,AREA_02_I,AREA_03_I,AREA_04_I,AREA_05_I,AREA_06_I,AREA_07_I,AREA_08_I,AREA_09_I,AREA_10_I,AREA_11_I,AREA_12_I,AREA_99_I,FIRST_CONTACT_POINT,CMV_ID,USDOT_NO,CCMC_NO,ILCC_NO,COMMERCIAL_SRC,GVWR,CARRIER_NAME,CARRIER_STATE,CARRIER_CITY,HAZMAT_PLACARDS_I,HAZMAT_NAME,UN_NO,HAZMAT_PRESENT_I,HAZMAT_REPORT_I,HAZMAT_REPORT_NO,MCS_REPORT_I,MCS_REPORT_NO,HAZMAT_VIO_CAUSE_CRASH_I,MCS_VIO_CAUSE_CRASH_I,IDOT_PERMIT_NO,WIDE_LOAD_I,TRAILER1_WIDTH,TRAILER2_WIDTH,TRAILER1_LENGTH,TRAILER2_LENGTH,TOTAL_VEHICLE_LENGTH,AXLE_CNT,VEHICLE_CONFIG,CARGO_BODY_TYPE,LOAD_TYPE,HAZMAT_OUT_OF_SERVICE_I,MCS_OUT_OF_SERVICE_I,HAZMAT_CLASS
2129156,f321c26cd5ed0db4536ef6b7c3e31823b2fd21c1da1e3ed09db7492b8752ee2c244a793261460b299b326f58e2df8f6add7b9b43df5df44ee5b0ecf5d87cdad8,08/15/2025 02:16:00 PM,1,DRIVER,,2029704,,DODGE,RAM 1500 VAN,IL,2017,NONE,VAN/MINI-VAN,OTHER,E,CHANGING LANES,,,1,,,,,,,,,,,,,,,Y,,,FRONT-LEFT-CORNER,,,,,,,,,,,,,,,,,,,,,,,,,,,,,,,,,
2129157,f321c26cd5ed0db4536ef6b7c3e31823b2fd21c1da1e3ed09db7492b8752ee2c244a793261460b299b326f58e2df8f6add7b9b43df5df44ee5b0ecf5d87cdad8,08/15/2025 02:16:00 PM,2,DRIVER,,2029718,,TOYOTA,COROLLA,IL,2020,NONE,PASSENGER,PERSONAL,E,STRAIGHT AHEAD,,,1,,,,,,Y,Y,Y,Y,,,,,,,,,SIDE-RIGHT-FRONT,,,,,,,,,,,,,,,,,,,,,,,,,,,,,,,,,
2129186,0ccaaaea1377fe8157b1969c7e0d3340689b6bbcb23d19be8cc81fbe1086683464fdffca76eba7e170f0a417ae0442bbc4d50d60ee4a39e9eae57a4ca8968811,08/15/2025 02:15:00 PM,1,DRIVER,,2029747,,NISSAN,OTHER (EXPLAIN IN NARRATIVE),IL,2024,NONE,PASSENGER,PERSONAL,N,CHANGING LANES,,,1,,,,,,,,,,,,,,,,,Y,UNKNOWN,,,,,,,,,,,,,,,,,,,,,,,,,,,,,,,,,
2129187,0ccaaaea1377fe8157b1969c7e0d3340689b6bbcb23d19be8cc81fbe1086683464fdffca76eba7e170f0a417ae0442bbc4d50d60ee4a39e9eae57a4ca8968811,08/15/2025 02:15:00 PM,2,DRIVER,3,2029740,,HONDA,ACCORD,IL,2019,NONE,PASSENGER,PERSONAL,N,SLOW/STOP IN TRAFFIC,,,4,,,,,,,,,,,,,,Y,,,,SIDE-LEFT,,,,,,,,,,,,,,,,,,,,,,,,,,,,,,,,,
2129871,48f13ada679cd45a277a41589440aa0d54657ac6c18e0fed3b65ce734d6ad606e597b9f2211dfa24204999c0d68ecfec55cd0650f4fb2da987ed99c862a8e199,08/15/2025 02:15:00 PM,1,DRIVER,,2030384,,HYUNDAI,SONATA,IL,2013,NONE,PASSENGER,PERSONAL,UNKNOWN,BACKING,,,1,,,,,,,,,,Y,,,,,,,,REAR,,,,,,,,,,,,,,,,,,,,,,,,,,,,,,,,,
2129872,48f13ada679cd45a277a41589440aa0d54657ac6c18e0fed3b65ce734d6ad606e597b9f2211dfa24204999c0d68ecfec55cd0650f4fb2da987ed99c862a8e199,08/15/2025 02:15:00 PM,2,PARKED,1,2030370,,HONDA,HR-V,IL,2024,NONE,SPORT UTILITY VEHICLE (SUV),PERSONAL,UNKNOWN,PARKED,,,1,,,,,,,,,,,,,,,,Y,,FRONT,,,,,,,,,,,,,,,,,,,,,,,,,,,,,,,,,
2129083,f8d703c0f2c87e0a59c75170a52ff4995da93a459a568115efeb19c16513f5d763dac497b7be3b560f99979338e13c06d64d035245f8b488fb4fc52b1abb3559,08/15/2025 02:15:00 PM,1,DRIVER,,2029637,,UNKNOWN,OTHER (EXPLAIN IN NARRATIVE),,,OTHER,UNKNOWN/NA,UNKNOWN/NA,UNKNOWN,UNKNOWN/NA,,,1,,,,,,,,,,,,,,,,,Y,UNKNOWN,,,,,,,,,,,,,,,,,,,,,,,,,,,,,,,,,
2129084,f8d703c0f2c87e0a59c75170a52ff4995da93a459a568115efeb19c16513f5d763dac497b7be3b560f99979338e13c06d64d035245f8b488fb4fc52b1abb3559,08/15/2025 02:15:00 PM,2,PARKED,,2029644,,VOLKSWAGEN,ATLAS,IL,2024,NONE,SPORT UTILITY VEHICLE (SUV),NOT IN USE,E,PARKED,,,0,,,,,,,,,,,Y,Y,Y,,,,,SIDE-LEFT-REAR,,,,,,,,,,,,,,,,,,,,,,,,,,,,,,,,,
2131746,9af00d029537085ff31bc2153f0907bc0cca733a0a2acfc3ef4434048faaee1ebd9339abd045e4e1f7dc47aa8e68b2861fc95c7ba9a366c4d55b091561320ce6,08/15/2025 02:09:00 PM,1,DRIVER,,2032143,,HONDA,OTHER (EXPLAIN IN NARRATIVE),IL,2008,NONE,PASSENGER,PERSONAL,E,STRAIGHT AHEAD,,,1,,,,,,Y,Y,Y,,,,,,,,,,SIDE-RIGHT,,,,,,,,,,,,,,,,,,,,,,,,,,,,,,,,,
2131747,9af00d029537085ff31bc2153f0907bc0cca733a0a2acfc3ef4434048faaee1ebd9339abd045e4e1f7dc47aa8e68b2861fc95c7ba9a366c4d55b091561320ce6,08/15/2025 02:09:00 PM,2,DRIVER,1,2032144,,TOYOTA,4RUNNER,IL,2017,NONE,PASSENGER,PERSONAL,N,STRAIGHT AHEAD,,,2,,,,,Y,,,,,,,,,,Y,Y,,FRONT,,,,,,,,,,,,,,,,,,,,,,,,,,,,,,,,,
2129106,fe94fe4875882efd0e9d643e85d18b702eec5032f340d009e28f8a58d1680c74bdc7af6c0f0daa0e67e98d1d07d5fb413a1205a39db5775dd0dc810c3dce5ef3,08/15/2025 02:05:00 PM,1,DRIVER,,2029659,,DODGE,JOURNEY,,2013,NONE,VAN/MINI-VAN,PERSONAL,N,TURNING LEFT,,,1,,,,,Y,,,,,,,,,,Y,Y,,FRONT,,,,,,,,,,,,,,,,,,,,,,,,,,,,,,,,,
2129107,fe94fe4875882efd0e9d643e85d18b702eec5032f340d009e28f8a58d1680c74bdc7af6c0f0daa0e67e98d1d07d5fb413a1205a39db5775dd0dc810c3dce5ef3,08/15/2025 02:05:00 PM,2,DRIVER,,2029663,,JEEP,CHEROKEE,IL,2015,NONE,SPORT UTILITY VEHICLE (SUV),PERSONAL,S,STRAIGHT AHEAD,,,1,,,,,,,,,,,,,,Y,Y,,,FRONT-LEFT-CORNER,,,,,,,,,,,,,,,,,,,,,,,,,,,,,,,,,
2129681,09e273ee7c37ee76cfe9c3ee9e49b32d94ff4a18beb1cd0721a9ac31c6a8f2fe498439ba71d1f364d3bb7cce05c1620668d52ad55b823b26348709e60c525a3c,08/15/2025 02:00:00 PM,1,DRIVER,1,2030199,,CHEVROLET,EQUINOX,IL,,UNKNOWN,PASSENGER,PERSONAL,N,STRAIGHT AHEAD,,,2,,,,,,,,Y,,,,,,,,,,SIDE-RIGHT,,,,,,,,,,,,,,,,,,,,,,,,,,,,,,,,,
2129682,09e273ee7c37ee76cfe9c3ee9e49b32d94ff4a18beb1cd0721a9ac31c6a8f2fe498439ba71d1f364d3bb7cce05c1620668d52ad55b823b26348709e60c525a3c,08/15/2025 02:00:00 PM,2,DRIVER,,2030218,,HYUNDAI,TUCSON,IL,2014,UNKNOWN,PASSENGER,PERSONAL,N,STRAIGHT AHEAD,,,1,,,,,,,,,,,,Y,Y,,,,,SIDE-LEFT,,,,,,,,,,,,,,,,,,,,,,,,,,,,,,,,,
2129460,1513d281052edec32e7e53edf6885bb1c84e7f5c03d609f9e4c51028ad27616f3c0fe53b2719b5865db2d08a0f2a238fe1785f0b070f23c9882b82f7f8cb6581,08/15/2025 02:00:00 PM,1,DRIVER,,2029999,,UNKNOWN,MOTORIZED,IL,,UNKNOWN,UNKNOWN/NA,UNKNOWN/NA,UNKNOWN,UNKNOWN/NA,,,1,,,,,Y,Y,,,,,,,,,,,,FRONT-RIGHT-CORNER,,,,,,,,,,,,,,,,,,,,,,,,,,,,,,,,,
2129461,1513d281052edec32e7e53edf6885bb1c84e7f5c03d609f9e4c51028ad27616f3c0fe53b2719b5865db2d08a0f2a238fe1785f0b070f23c9882b82f7f8cb6581,08/15/2025 02:00:00 PM,2,PARKED,,2030000,,NISSAN,PATHFINDER,IL,2023,UNKNOWN,PASSENGER,NOT IN USE,N,PARKED,Y,,0,,INSURANCE,UNKNOWN,,,,,,,,Y,Y,,,,,,REAR-LEFT-CORNER,,,,,,,,,,,,,,,,,,,,,,,,,,,,,,,,,
2129664,7307595514e859a4c2401a9082a7d63e7ed568542b86942265a0586c97ebc0c0ef0d8d4cc442c30ab975bdefb5a16bc2bbc18f34c8a29d24e0326e1bf98e6a8c,08/15/2025 02:00:00 PM,1,DRIVER,,2030188,,NISSAN,ALTIMA,IA,2010,NONE,PASSENGER,PERSONAL,S,STRAIGHT AHEAD,,,1,,,,,,,,,,,,,,,Y,,,FRONT-LEFT-CORNER,,,,,,,,,,,,,,,,,,,,,,,,,,,,,,,,,
2129665,7307595514e859a4c2401a9082a7d63e7ed568542b86942265a0586c97ebc0c0ef0d8d4cc442c30ab975bdefb5a16bc2bbc18f34c8a29d24e0326e1bf98e6a8c,08/15/2025 02:00:00 PM,2,DRIVER,,2030184,,TOYOTA,CAMRY,IL,2022,NONE,PASSENGER,PERSONAL,S,SLOW/STOP IN TRAFFIC,,,1,,,,,,,,,Y,Y,,,,,,,,REAR-RIGHT-CORNER,,,,,,,,,,,,,,,,,,,,,,,,,,,,,,,,,
2129067,eb9fe1d6680037b41958ce7a574d1f676b88220a202ec21cf516d749f87041b33cd61113b8c98bbd0a201c1174e9013535786f4951ab9d34daaa694bffc93ad0,08/15/2025 02:00:00 PM,1,DRIVER,,2029626,,CHEVROLET,SILVERADO,IL,2004,UNKNOWN,PICKUP,PERSONAL,N,TURNING RIGHT,,,1,,,,,Y,,,,,,,,,,,,,FRONT-RIGHT-CORNER,,,,,,,,,,,,,,,,,,,,,,,,,,,,,,,,,
2129068,eb9fe1d6680037b41958ce7a574d1f676b88220a202ec21cf516d749f87041b33cd61113b8c98bbd0a201c1174e9013535786f4951ab9d34daaa694bffc93ad0,08/15/2025 02:00:00 PM,2,DRIVER,,2029629,,TOYOTA,CAMRY,IL,2014,UNKNOWN,PASSENGER,TAXI/FOR HIRE,W,STRAIGHT AHEAD,,,1,,,,,,,,,,,,Y,,,,,,SIDE-LEFT-REAR,,,,,,,,,,,,,,,,,,,,,,,,,,,,,,,,,
2129081,bbf2497593812c3aba61ab59214a73ace0619fdbc999ea040393be8131385161f8dcc2d2cd3645285d0e93a4c4e416585d2250e53c472456689a47b5fa2753ba,08/15/2025 01:54:00 PM,1,DRIVER,,2029635,,UNKNOWN,OTHER (EXPLAIN IN NARRATIVE),,,UNKNOWN,UNKNOWN/NA,UNKNOWN/NA,UNKNOWN,UNKNOWN/NA,,,1,,,,,,,,,,,,,,,,,Y,UNKNOWN,,,,,,,,,,,,,,,,,,,,,,,,,,,,,,,,,
2129082,bbf2497593812c3aba61ab59214a73ace0619fdbc999ea040393be8131385161f8dcc2d2cd3645285d0e93a4c4e416585d2250e53c472456689a47b5fa2753ba,08/15/2025 01:54:00 PM,2,PARKED,,2029640,,AUDI,Q5,IL,2018,UNKNOWN,PASSENGER,UNKNOWN/NA,N,PARKED,,,0,,,,,,,,,,,Y,Y,,,,,,SIDE-LEFT-REAR,,,,,,,,,,,,,,,,,,,,,,,,,,,,,,,,,
2129085,bef87f9475ed6ba12615132763afc3496c0e774a7b66fa6496aa2c26e0bfdb645ddfe8fa3a78a37b9cd279b7784e88a93ffbca9ea26d9d76805672f64aa18d85,08/15/2025 01:53:00 PM,1,DRIVER,,2029647,,MERCEDES-BENZ,GLK220,IL,2013,NONE,SPORT UTILITY VEHICLE (SUV),PERSONAL,S,STRAIGHT AHEAD,Y,,1,,PRIVATE TOW COMPANY,PRIVATE TOW COMPANY,,Y,Y,,,,,,,,Y,Y,Y,,FRONT,,,,,,,,,,,,,,,,,,,,,,,,,,,,,,,,,
2129086,bef87f9475ed6ba12615132763afc3496c0e774a7b66fa6496aa2c26e0bfdb645ddfe8fa3a78a37b9cd279b7784e88a93ffbca9ea26d9d76805672f64aa18d85,08/15/2025 01:53:00 PM,2,DRIVER,2,2029654,,CHEVROLET,TAHOE,IL,2013,NONE,SPORT UTILITY VEHICLE (SUV),PERSONAL,W,TURNING LEFT,,,3,,,,,,,,,Y,,,,,,,,,REAR-RIGHT-CORNER,,,,,,,,,,,,,,,,,,,,,,,,,,,,,,,,,
2129049,597ead144f8ab8dd40ba33d9e77f1ed179fc720203804f13dab3974c0e9aed829a6871f5e58f6d3361895b07a76ac09309ba8c2b67a62d9728b930e07cac8891,08/15/2025 01:52:00 PM,1,DRIVER,,2029615,,NISSAN,VERSA,IL,2009,UNKNOWN,PASSENGER,PERSONAL,NE,TURNING LEFT,,,1,,,,,Y,,,,,,,Y,,,,,,FRONT-RIGHT-CORNER,,,,,,,,,,,,,,,,,,,,,,,,,,,,,,,,,
2129050,597ead144f8ab8dd40ba33d9e77f1ed179fc720203804f13dab3974c0e9aed829a6871f5e58f6d3361895b07a76ac09309ba8c2b67a62d9728b930e07cac8891,08/15/2025 01:52:00 PM,2,DRIVER,,2029610,,CHEVROLET,CRUZE,IL,2016,UNKNOWN,PASSENGER,PERSONAL,W,STRAIGHT AHEAD,,,1,,,,,,,,,,,,Y,Y,Y,Y,,,SIDE-LEFT,,,,,,,,,,,,,,,,,,,,,,,,,,,,,,,,,
2129108,df93691331fa8b307c51efdd6d0c246b049b73e25c4f89fb2a2942239168a31295efb62c57256629cf201f9452c59b9c8e71be0b5626bc12f9e9f8d45326a6b6,08/15/2025 01:52:00 PM,1,DRIVER,1,2029683,,MERCEDES-BENZ,E-CLASS,IL,2010,UNKNOWN,PASSENGER,UNKNOWN/NA,W,BACKING,,,2,,,,,,,,,,,Y,,,,,,,REAR-LEFT-CORNER,,,,,,,,,,,,,,,,,,,,,,,,,,,,,,,,,
2129109,df93691331fa8b307c51efdd6d0c246b049b73e25c4f89fb2a2942239168a31295efb62c57256629cf201f9452c59b9c8e71be0b5626bc12f9e9f8d45326a6b6,08/15/2025 01:52:00 PM,2,DRIVER,,2029688,,UNKNOWN,OTHER (EXPLAIN IN NARRATIVE),,,UNKNOWN,UNKNOWN/NA,UNKNOWN/NA,S,STRAIGHT AHEAD,,,1,,,,,,,,,,,,,,,Y,,Y,UNKNOWN,,,,,,,,,,,,,,,,,,,,,,,,,,,,,,,,,
2129356,019b730b6203c10ccaee5f3cf48896706ee9020cef73ec5b736e35efeb1e8381baed970f94a328d7e01739918da957b94650327240bf69559802f8165fc9acfd,08/15/2025 01:50:00 PM,1,DRIVER,,2029894,,NISSAN,MAXIMA,IL,2013,OTHER,SPORT UTILITY VEHICLE (SUV),PERSONAL,N,AVOIDING VEHICLES/OBJECTS,Y,,1,,PRIVATE TOW,PRIVATE YARD,,N,N,,,,,N,N,N,N,N,N,,FRONT-RIGHT-CORNER,,,,,,,,,,,,,,,,,,,,,,,,,,,,,,,,,
2129357,019b730b6203c10ccaee5f3cf48896706ee9020cef73ec5b736e35efeb1e8381baed970f94a328d7e01739918da957b94650327240bf69559802f8165fc9acfd,08/15/2025 01:50:00 PM,2,BICYCLE,,,,,,,,,,,,,,,,,,,,,,,,,,,,,,,,,,,,,,,,,,,,,,,,,,,,,,,,,,,,,,,,,,
2129358,019b730b6203c10ccaee5f3cf48896706ee9020cef73ec5b736e35efeb1e8381baed970f94a328d7e01739918da957b94650327240bf69559802f8165fc9acfd,08/15/2025 01:50:00 PM,3,PARKED,,2029895,,CHEVROLET,SILVERADO,IL,2020,NONE,PICKUP,NOT IN USE,N,PARKED,,,0,,,,,Y,,,,,,Y,Y,Y,,Y,Y,,SIDE-LEFT,,,,,,,,,,,,,,,,,,,,,,,,,,,,,,,,,
2129359,019b730b6203c10ccaee5f3cf48896706ee9020cef73ec5b736e35efeb1e8381baed970f94a328d7e01739918da957b94650327240bf69559802f8165fc9acfd,08/15/2025 01:50:00 PM,4,PARKED,,2029896,,HONDA,CR-V,IL,2018,NONE,SPORT UTILITY VEHICLE (SUV),NOT IN USE,N,PARKED,Y,,0,,PRIVATE TOW,PRIVATE YARD,,,,,,Y,Y,Y,,,,,,,REAR,,,,,,,,,,,,,,,,,,,,,,,,,,,,,,,,,
2129093,4cc2128803f5177222a2c03205da14da10b6de656bd0f312bb5d11bd9cc6a5877e8ae19937c9c3e776f4fe464ad96bf1edb24dcfb4279a4344d6b16824e8d7e8,08/15/2025 01:50:00 PM,1,DRIVER,,2029646,,CHEVROLET,TRAVERSE,IL,2023,NONE,SPORT UTILITY VEHICLE (SUV),PERSONAL,S,MERGING,,,1,,,,,,,,,,,,,,Y,Y,,,SIDE-LEFT,,,,,,,,,,,,,,,,,,,,,,,,,,,,,,,,,
2129094,4cc2128803f5177222a2c03205da14da10b6de656bd0f312bb5d11bd9cc6a5877e8ae19937c9c3e776f4fe464ad96bf1edb24dcfb4279a4344d6b16824e8d7e8,08/15/2025 01:50:00 PM,2,DRIVER,,2029648,,TOYOTA,CAMRY,IL,2009,NONE,PASSENGER,PERSONAL,S,STRAIGHT AHEAD,,,1,,,,,Y,Y,,,,,,,,,,,,SIDE-RIGHT,,,,,,,,,,,,,,,,,,,,,,,,,,,,,,,,,
2129144,5047b5cd17cbef960716573ed95e28f2e2447632fb45311a48e76f42abf18218ac937e79f43622cd8e70dfca612cf8cd2dc01dcb97392d0691e6de35b04024cf,08/15/2025 01:50:00 PM,1,DRIVER,,2029700,,TOYOTA,RAV4,IL,2010,UNKNOWN,SPORT UTILITY VEHICLE (SUV),PERSONAL,S,STRAIGHT AHEAD,Y,,1,,hulk towing,unk,,,,,,,,,,,,,Y,,FRONT,,,,,,,,,,,,,,,,,,,,,,,,,,,,,,,,,
2129145,5047b5cd17cbef960716573ed95e28f2e2447632fb45311a48e76f42abf18218ac937e79f43622cd8e70dfca612cf8cd2dc01dcb97392d0691e6de35b04024cf,08/15/2025 01:50:00 PM,2,PARKED,,2029710,,HONDA,CR-V,IL,2025,UNKNOWN,SPORT UTILITY VEHICLE (SUV),NOT IN USE,UNKNOWN,PARKED,,,0,,,,,,,,,,,,,Y,Y,Y,,,SIDE-LEFT-FRONT,,,,,,,,,,,,,,,,,,,,,,,,,,,,,,,,,
2129061,4f36606407b555af67d0ae1b858d7738afd580ced92bed26c794671926e16b2adb15b18dc6445dbf4d123148819630deaabf9858288d30db96db5696e0c6d483,08/15/2025 01:45:00 PM,1,DRIVER,,2029670,,CHEVROLET,TAHOE,IL,2022,UNKNOWN,PASSENGER,PERSONAL,W,SLOW/STOP IN TRAFFIC,,,1,,,,,,,Y,Y,Y,,,,,,,,,SIDE-RIGHT,,,,,,,,,,,,,,,,,,,,,,,,,,,,,,,,,
2129062,4f36606407b555af67d0ae1b858d7738afd580ced92bed26c794671926e16b2adb15b18dc6445dbf4d123148819630deaabf9858288d30db96db5696e0c6d483,08/15/2025 01:45:00 PM,2,DRIVER,,2029677,,TOYOTA,RAV4,IL,2018,UNKNOWN,PASSENGER,PERSONAL,W,STRAIGHT AHEAD,,,1,,,,,,,,,,,Y,Y,Y,,,,,SIDE-LEFT,,,,,,,,,,,,,,,,,,,,,,,,,,,,,,,,,
2129223,6331d1bb64cff9738a8265ceb9e9f15f40c0b62fd194053c50ef89ebf0bdc435b9a44c9946c126e8b29e213412b1d0e5f235c8ed472161ff1230ec8016673a8b,08/15/2025 01:43:00 PM,1,DRIVER,3,2029784,,HONDA,ODYSSEY,IL,2005,UNKNOWN,VAN/MINI-VAN,UNKNOWN/NA,W,STRAIGHT AHEAD,,,4,,,,,,,,,,,,,,,,Y,,FRONT,,,,,,,,,,,,,,,,,,,,,,,,,,,,,,,,,
2129224,6331d1bb64cff9738a8265ceb9e9f15f40c0b62fd194053c50ef89ebf0bdc435b9a44c9946c126e8b29e213412b1d0e5f235c8ed472161ff1230ec8016673a8b,08/15/2025 01:43:00 PM,2,DRIVER,1,2029798,,TOYOTA,C-HR,IL,2020,NONE,SPORT UTILITY VEHICLE (SUV),PERSONAL,W,SLOW/STOP IN TRAFFIC,,,2,,,,,,,,,,Y,,,,,,,,REAR,,,,,,,,,,,,,,,,,,,,,,,,,,,,,,,,,
2129202,bef9db5905543ed1b23560a254d65bbee76340dfdb2096c9b771a0727e51c14d2327a9b3a65f36b9e8e906a00ba0d54b67bfabc90cfc095afcdd729adbb67425,08/15/2025 01:40:00 PM,1,DRIVER,,2029756,,MERCEDES-BENZ,E-CLASS,IL,2010,NONE,PASSENGER,PERSONAL,E,STRAIGHT AHEAD,,,1,,,,,,,,,Y,Y,Y,,,,,,,REAR,,,,,,,,,,,,,,,,,,,,,,,,,,,,,,,,,
2129203,bef9db5905543ed1b23560a254d65bbee76340dfdb2096c9b771a0727e51c14d2327a9b3a65f36b9e8e906a00ba0d54b67bfabc90cfc095afcdd729adbb67425,08/15/2025 01:40:00 PM,2,DRIVER,,2029766,,BUICK,LACROSSE,IL,2007,NONE,PASSENGER,PERSONAL,SW,STRAIGHT AHEAD,,,1,,,,,Y,,,,,,,,,,Y,Y,,FRONT,,,,,,,,,,,,,,,,,,,,,,,,,,,,,,,,,
2129114,0c217e4aec2acdb6e0fb3a61291a8881ba70f195ffd56e3a0ee808ca7f8f8a2897abf3f177fd320a9e78c4dd1c71d8ebf84c66a004dde29b74915ba50e9c1c6d,08/15/2025 01:30:00 PM,1,DRIVER,,2029681,,VOLVO,OTHER (EXPLAIN IN NARRATIVE),IN,2022,UNKNOWN,SPORT UTILITY VEHICLE (SUV),PERSONAL,UNKNOWN,CHANGING LANES,,,1,,,,,,,,,,,,,,Y,Y,,,FRONT-LEFT-CORNER,,,,,,,,,,,,,,,,,,,,,,,,,,,,,,,,,
2129115,0c217e4aec2acdb6e0fb3a61291a8881ba70f195ffd56e3a0ee808ca7f8f8a2897abf3f177fd320a9e78c4dd1c71d8ebf84c66a004dde29b74915ba50e9c1c6d,08/15/2025 01:30:00 PM,2,DRIVER,,2029687,,MERCEDES-BENZ,GLA,IL,2020,UNKNOWN,SPORT UTILITY VEHICLE (SUV),PERSONAL,UNKNOWN,STRAIGHT AHEAD,,,1,,,,,Y,Y,Y,Y,Y,,,,,,,,,SIDE-RIGHT,,,,,,,,,,,,,,,,,,,,,,,,,,,,,,,,,
2129183,c51f3833a775a286e752b44d5c269bb724fea8b7a80678eadadde7d7a1bd58f167a0904a9c8fc29ea317f826b81c698b8ccb1ce8a5e4bd811cd45252ef92638a,08/15/2025 01:30:00 PM,1,DRIVER,,2029728,N,DODGE,RAM 3500 PU,IL,2016,NONE,PICKUP,CONSTRUCTION/MAINTENANCE,SW,OTHER,,,1,,,,,Y,,,,,,,,,,,,,FRONT-RIGHT-CORNER,,,,,,,,,,,,,,,,,,,,,,,,,,,,,,,,,
2129112,db4990ba57e69151328b6b7ffd69e2e5ee6d5f9e4e40036d25e0111ebfdedc401977f9c97e8021cb99160ed1e94fb038c36665637de2049fa2e1f5056d63681c,08/15/2025 01:30:00 PM,1,DRIVER,,2029662,,SUBARU,FORESTER,IL,2017,NONE,SPORT UTILITY VEHICLE (SUV),PERSONAL,E,TURNING LEFT,Y,,1,,private tow,private lot,,N,,,,,,,,Y,Y,Y,Y,,FRONT,,,,,,,,,,,,,,,,,,,,,,,,,,,,,,,,,
2129113,db4990ba57e69151328b6b7ffd69e2e5ee6d5f9e4e40036d25e0111ebfdedc401977f9c97e8021cb99160ed1e94fb038c36665637de2049fa2e1f5056d63681c,08/15/2025 01:30:00 PM,2,DRIVER,,2029669,,SUBARU,FORESTER,IL,2011,NONE,SPORT UTILITY VEHICLE (SUV),PERSONAL,S,STRAIGHT AHEAD,,,1,,,,,Y,Y,,,,,,,,,,Y,,FRONT,,,,,,,,,,,,,,,,,,,,,,,,,,,,,,,,,
2129073,56f09c0afc3759b69e9ad807ab9b9453e6b8a78a48aaba14a085b2eb65995df0c2e37d585ea76bbecdaa5f920ae800072f76b24ba39491584a47a2aeecd67130,08/15/2025 01:26:00 PM,1,DRIVER,1,2029631,Y,CHEVROLET,AVALANCHE,IL,2005,UNKNOWN,SPORT UTILITY VEHICLE (SUV),UNKNOWN/NA,W,TURNING RIGHT,,,2,,,,,Y,,,,,,,,,,Y,Y,,FRONT,,,,,,,,,,,,,,,,,,,,,,,,,,,,,,,,,
2129074,56f09c0afc3759b69e9ad807ab9b9453e6b8a78a48aaba14a085b2eb65995df0c2e37d585ea76bbecdaa5f920ae800072f76b24ba39491584a47a2aeecd67130,08/15/2025 01:26:00 PM,2,PARKED,,2029639,,NISSAN,SENTRA,,2014,UNKNOWN,PASSENGER,UNKNOWN/NA,W,PARKED,Y,,0,,PRIVATE,,,,,,,,,Y,Y,Y,Y,Y,,,SIDE-LEFT,,,,,,,,,,,,,,,,,,,,,,,,,,,,,,,,,
2129057,ebb87f56a4bd7c20fc14823735f3b8ff7f648ee7e15cdc008e6275075c227dc5bebc73f97fede91dbbd57b455f1da86a30429f10ffc3584a1b259f1ba20ea694,08/15/2025 01:23:00 PM,1,DRIVER,,2029622,,TOYOTA,RAV4,IL,2013,UNKNOWN,SPORT UTILITY VEHICLE (SUV),UNKNOWN/NA,E,BACKING,,,1,,,,,,,,,Y,,,,,,,,,REAR-RIGHT-CORNER,,,,,,,,,,,,,,,,,,,,,,,,,,,,,,,,,
2129058,ebb87f56a4bd7c20fc14823735f3b8ff7f648ee7e15cdc008e6275075c227dc5bebc73f97fede91dbbd57b455f1da86a30429f10ffc3584a1b259f1ba20ea694,08/15/2025 01:23:00 PM,2,DRIVER,,2029630,,TOYOTA,RAV4,IL,2007,UNKNOWN,SPORT UTILITY VEHICLE (SUV),PERSONAL,S,OTHER,,,1,,,,,,,,,Y,,,,,,,,,REAR-RIGHT-CORNER,,,,,,,,,,,,,,,,,,,,,,,,,,,,,,,,,
2129036,1aa9fd83ab9ecfbc30cead8ae7ee02508fe2f4014ddedc44ab8383cd19ce3ca19ecb7df2977075e24df194f38034931309e4c5ad050af0affcfeff26e8d5f227,08/15/2025 01:20:00 PM,1,DRIVER,,2029609,,BUICK,ENCORE,IL,2019,UNKNOWN,SPORT UTILITY VEHICLE (SUV),PERSONAL,UNKNOWN,CHANGING LANES,,,1,,,,,,,,,,,,,,Y,Y,,,FRONT-LEFT-CORNER,,,,,,,,,,,,,,,,,,,,,,,,,,,,,,,,,
2129037,1aa9fd83ab9ecfbc30cead8ae7ee02508fe2f4014ddedc44ab8383cd19ce3ca19ecb7df2977075e24df194f38034931309e4c5ad050af0affcfeff26e8d5f227,08/15/2025 01:20:00 PM,2,DRIVER,,2029612,,TOYOTA,RAV4,IL,2024,UNKNOWN,SPORT UTILITY VEHICLE (SUV),PERSONAL,UNKNOWN,STRAIGHT AHEAD,,,1,,,,,,Y,Y,Y,,,,,,,,,,SIDE-RIGHT,,,,,,,,,,,,,,,,,,,,,,,,,,,,,,,,,