CRASH_UNIT_ID,CRASH_RECORD_ID,CRASH_DATE,UNIT_NO,UNIT_TYPE,NUM_PASSENGERS,VEHICLE_ID,CMRC_VEH_I,MAKE,MODEL,LIC_PLATE_STATE,VEHICLE_YEAR,VEHICLE_DEFECT,VEHICLE_TYPE,VEHICLE_USE,TRAVEL_DIRECTION,MANEUVER,TOWED_I,FIRE_I,OCCUPANT_CNT,EXCEED_SPEED_LIMIT_I,TOWED_BY,TOWED_TO,AREA_00_I,AREA_01_I,AREA_02_I,AREA_03_I,AREA_04_I,AREA_05_I,AREA_06_I,AREA_07_I,AREA_08_I,AREA_09_I,AREA_10_I,AREA_11_I,AREA_12_I,AREA_99_I,FIRST_CONTACT_POINT,CMV_ID,USDOT_NO,CCMC_NO,ILCC_NO,COMMERCIAL_SRC,GVWR,CARRIER_NAME,CARRIER_STATE,CARRIER_CITY,HAZMAT_PLACARDS_I,HAZMAT_NAME,UN_NO,HAZMAT_PRESENT_I,HAZMAT_REPORT_I,HAZMAT_REPORT_NO,MCS_REPORT_I,MCS_REPORT_NO,HAZMAT_VIO_CAUSE_CRASH_I,MCS_VIO_CAUSE_CRASH_I,IDOT_PERMIT_NO,WIDE_LOAD_I,TRAILER1_WIDTH,TRAILER2_WIDTH,TRAILER1_LENGTH,TRAILER2_LENGTH,TOTAL_VEHICLE_LENGTH,AXLE_CNT,VEHICLE_CONFIG,CARGO_BODY_TYPE,LOAD_TYPE,HAZMAT_OUT_OF_SERVICE_I,MCS_OUT_OF_SERVICE_I,HAZMAT_CLASS
2129059,528e9d2dc35e401f1464071d447817bc1d59c0fd20a1eee584a4456eafffa68f1fdd078e8ca19ed11c006e9dff2db54eb85f3208884e6cbc25d0a1309b62ef69,08/15/2025 01:20:00 PM,1,DRIVER,,2029617,,HONDA,CIVIC,IL,2023,UNKNOWN,PASSENGER,PERSONAL,S,TURNING RIGHT,,,1,,,,,,,,,,,,,,,Y,Y,,FRONT-LEFT-CORNER,,,,,,,,,,,,,,,,,,,,,,,,,,,,,,,,,
2129060,528e9d2dc35e401f1464071d447817bc1d59c0fd20a1eee584a4456eafffa68f1fdd078e8ca19ed11c006e9dff2db54eb85f3208884e6cbc25d0a1309b62ef69,08/15/2025 01:20:00 PM,2,DRIVER,,2029620,,HONDA,PASSPORT,IL,2023,UNKNOWN,SPORT UTILITY VEHICLE (SUV),PERSONAL,W,STRAIGHT AHEAD,,,1,,,,,Y,Y,,,,,,,,,,,,FRONT-RIGHT-CORNER,,,,,,,,,,,,,,,,,,,,,,,,,,,,,,,,,
2129038,f99f08fad962ad2e63c01620e67565f15b488a6650097ec75b394d45bb4f6349ee8a6156edcc553219a22850d74cad3696da57d868d180593af98ab00c3e6e1f,08/15/2025 01:15:00 PM,1,DRIVER,,2029611,,BMW,OTHER (EXPLAIN IN NARRATIVE),IL,2016,UNKNOWN,SPORT UTILITY VEHICLE (SUV),PERSONAL,S,STRAIGHT AHEAD,,,1,,,,,Y,,,,,,,,,,Y,Y,,FRONT,,,,,,,,,,,,,,,,,,,,,,,,,,,,,,,,,
2129039,f99f08fad962ad2e63c01620e67565f15b488a6650097ec75b394d45bb4f6349ee8a6156edcc553219a22850d74cad3696da57d868d180593af98ab00c3e6e1f,08/15/2025 01:15:00 PM,2,DRIVER,2,2029598,,DODGE,CARAVAN,IL,2019,NONE,VAN/MINI-VAN,OTHER,S,TURNING LEFT,,,3,,,,,,,Y,Y,Y,Y,,,,,,,,SIDE-RIGHT-REAR,,,,,,,,,,,,,,,,,,,,,,,,,,,,,,,,,
2129065,ca1f51295fddefba6b66798b107c5a26e5281fff7ce743d88306931ba73fe039d1a53fa6c017a7f8cc13edd77a0fa7a66c93ed88a5942c5ead2d997491023367,08/15/2025 01:09:00 PM,1,DRIVER,,2029624,,VOLVO,OTHER (EXPLAIN IN NARRATIVE),IL,2008,UNKNOWN,PASSENGER,UNKNOWN/NA,S,PASSING/OVERTAKING,,,1,,,,,,,,,,,Y,Y,,,,,,SIDE-LEFT-REAR,,,,,,,,,,,,,,,,,,,,,,,,,,,,,,,,,
2129066,ca1f51295fddefba6b66798b107c5a26e5281fff7ce743d88306931ba73fe039d1a53fa6c017a7f8cc13edd77a0fa7a66c93ed88a5942c5ead2d997491023367,08/15/2025 01:09:00 PM,2,DRIVER,,2029628,,HONDA,CR-V,IL,2018,NONE,SPORT UTILITY VEHICLE (SUV),PERSONAL,S,STRAIGHT AHEAD,,,1,,,,,Y,,,,,,,,,,,,,FRONT-RIGHT-CORNER,,,,,,,,,,,,,,,,,,,,,,,,,,,,,,,,,
2129075,5d23a95c634f0e53cf39d707fe56c431d8560ae1976415f15443bbdeafa073565b0721cbfb9b00e2f2af7d3ab7baf43e05c0f517d9eab95206254f8f0b9fd26c,08/15/2025 12:55:00 PM,1,DRIVER,,2029634,,UNKNOWN,MOTORIZED,XX,,UNKNOWN,PASSENGER,UNKNOWN/NA,NE,STRAIGHT AHEAD,,,1,,,,,Y,,,,,,,,,,Y,Y,,FRONT,,,,,,,,,,,,,,,,,,,,,,,,,,,,,,,,,
2129076,5d23a95c634f0e53cf39d707fe56c431d8560ae1976415f15443bbdeafa073565b0721cbfb9b00e2f2af7d3ab7baf43e05c0f517d9eab95206254f8f0b9fd26c,08/15/2025 12:55:00 PM,2,PEDESTRIAN,,,,,,,,,,,,,,,,,,,,,,,,,,,,,,,,,,,,,,,,,,,,,,,,,,,,,,,,,,,,,,,,,,
2129051,1c2429db77cfbc29f31a4c679e1a94ae1718cd7667ddd8955530dd9e37a7735cc87e5d0a06b5d4b360157dd1f1984fd93289616771104fc519400a900e4f4d37,08/15/2025 12:50:00 PM,1,DRIVER,1,2029613,,FORD,ECONOLINE E450,IL,2022,NONE,TRUCK - SINGLE UNIT,OTHER,N,STRAIGHT AHEAD,,,2,,,,,,,,,Y,,,,,,,,,REAR-RIGHT-CORNER,,,,,,,,,,,,,,,,,,,,,,,,,,,,,,,,,
2129052,1c2429db77cfbc29f31a4c679e1a94ae1718cd7667ddd8955530dd9e37a7735cc87e5d0a06b5d4b360157dd1f1984fd93289616771104fc519400a900e4f4d37,08/15/2025 12:50:00 PM,2,PARKED,,2029619,,HYUNDAI,KONA,IL,2018,NONE,PASSENGER,PERSONAL,N,PARKED,Y,,0,,,,,,,,,,,,,,,Y,Y,,FRONT-LEFT-CORNER,,,,,,,,,,,,,,,,,,,,,,,,,,,,,,,,,
2129780,6564dfd08670622370f6d3c344f5991558eaaae5c1f8691cec1051457ca5d91e07d04a53002de401d1695fca3f43de095f527fc49d72a46dbb27eba938ebae73,08/15/2025 12:50:00 PM,1,DRIVER,1,2030284,,UNKNOWN,OTHER (EXPLAIN IN NARRATIVE),IL,,NONE,SPORT UTILITY VEHICLE (SUV),PERSONAL,UNKNOWN,STRAIGHT AHEAD,,,2,,,,,,,,,Y,,,,,,,,,REAR-RIGHT-CORNER,,,,,,,,,,,,,,,,,,,,,,,,,,,,,,,,,
2129781,6564dfd08670622370f6d3c344f5991558eaaae5c1f8691cec1051457ca5d91e07d04a53002de401d1695fca3f43de095f527fc49d72a46dbb27eba938ebae73,08/15/2025 12:50:00 PM,2,BICYCLE,,,,,,,,,,,,,,,,,,,,,,,,,,,,,,,,,,,,,,,,,,,,,,,,,,,,,,,,,,,,,,,,,,
2129053,2c2efe58969826b5b09dadd337a632924ddde9aacc8d671bdcca2026c08f2045ced5a821a97401ed8ee6138321927f08e8ca9caa1258510128c8f70ff5709f4e,08/15/2025 12:45:00 PM,1,DRIVER,,2029614,,VOLVO,XC90,IL,2015,UNKNOWN,SPORT UTILITY VEHICLE (SUV),PERSONAL,W,STRAIGHT AHEAD,Y,,1,,private,,,Y,Y,Y,,,,,,,,,,,FRONT-RIGHT-CORNER,,,,,,,,,,,,,,,,,,,,,,,,,,,,,,,,,
2129054,2c2efe58969826b5b09dadd337a632924ddde9aacc8d671bdcca2026c08f2045ced5a821a97401ed8ee6138321927f08e8ca9caa1258510128c8f70ff5709f4e,08/15/2025 12:45:00 PM,2,PARKED,,2029616,,BMW,X5,,2024,UNKNOWN,SPORT UTILITY VEHICLE (SUV),PERSONAL,W,PARKED,Y,,0,,private,,,Y,,,,,,,,Y,Y,,,,SIDE-LEFT,,,,,,,,,,,,,,,,,,,,,,,,,,,,,,,,,
2129055,2c2efe58969826b5b09dadd337a632924ddde9aacc8d671bdcca2026c08f2045ced5a821a97401ed8ee6138321927f08e8ca9caa1258510128c8f70ff5709f4e,08/15/2025 12:45:00 PM,3,PARKED,1,2029618,,MERCEDES-BENZ,300 SERIES,IL,2017,UNKNOWN,PASSENGER,PERSONAL,W,PARKED,,,1,,,,,,,,,,,Y,Y,Y,Y,Y,,,SIDE-LEFT,,,,,,,,,,,,,,,,,,,,,,,,,,,,,,,,,
2129056,2c2efe58969826b5b09dadd337a632924ddde9aacc8d671bdcca2026c08f2045ced5a821a97401ed8ee6138321927f08e8ca9caa1258510128c8f70ff5709f4e,08/15/2025 12:45:00 PM,4,PARKED,,2029623,,INFINITI,FX45,IL,2017,UNKNOWN,SPORT UTILITY VEHICLE (SUV),PERSONAL,W,PARKED,,,0,,,,,,,,,,,Y,,,,,,,REAR-LEFT-CORNER,,,,,,,,,,,,,,,,,,,,,,,,,,,,,,,,,
2129103,ba990c7895eb12931129af1e2e644d235d00954028492c9a21235ff281cb2339cebf6f6268dcc00fd3e009c1eaf66054577329dce4ecc836e342f3d7dec39c56,08/15/2025 12:35:00 PM,1,DRIVER,,2029657,,JEEP,WRANGLER,IL,2018,UNKNOWN,SPORT UTILITY VEHICLE (SUV),PERSONAL,N,STRAIGHT AHEAD,,,1,,,,,,,,,,,,,,,,Y,,FRONT,,,,,,,,,,,,,,,,,,,,,,,,,,,,,,,,,
2129104,ba990c7895eb12931129af1e2e644d235d00954028492c9a21235ff281cb2339cebf6f6268dcc00fd3e009c1eaf66054577329dce4ecc836e342f3d7dec39c56,08/15/2025 12:35:00 PM,2,DRIVER,,2029658,,HONDA,ACCORD,IL,1999,NONE,PASSENGER,PERSONAL,N,SLOW/STOP IN TRAFFIC,,,1,,,,,,,,,,Y,,,,,,Y,,REAR,,,,,,,,,,,,,,,,,,,,,,,,,,,,,,,,,
2129105,ba990c7895eb12931129af1e2e644d235d00954028492c9a21235ff281cb2339cebf6f6268dcc00fd3e009c1eaf66054577329dce4ecc836e342f3d7dec39c56,08/15/2025 12:35:00 PM,3,DRIVER,,2029667,,TOYOTA,PRIUS,IN,2016,NONE,PASSENGER,PERSONAL,N,SLOW/STOP IN TRAFFIC,,,1,,,,,,,,,,Y,,,,,,,,REAR,,,,,,,,,,,,,,,,,,,,,,,,,,,,,,,,,
2129010,18daeef905b7c80731d39d592d01ebc717135493f3e8c0d11180db0f2ff1bc8169ef79d36b05ae7867376804e2a02853485b331aff487402de9920efb3354ac7,08/15/2025 12:30:00 PM,1,DRIVER,,2029576,,UNKNOWN,ENGINE,IL,,UNKNOWN,PICKUP,UNKNOWN/NA,S,TURNING LEFT,,,1,,,,,,,,,,,,,,,,Y,,FRONT,,,,,,,,,,,,,,,,,,,,,,,,,,,,,,,,,
2129011,18daeef905b7c80731d39d592d01ebc717135493f3e8c0d11180db0f2ff1bc8169ef79d36b05ae7867376804e2a02853485b331aff487402de9920efb3354ac7,08/15/2025 12:30:00 PM,2,DRIVER,,2029578,,HONDA,ACCORD,IL,2017,UNKNOWN,PASSENGER,PERSONAL,S,TURNING LEFT,,,1,,,,,,,,,N,Y,N,,,,,,,REAR,,,,,,,,,,,,,,,,,,,,,,,,,,,,,,,,,
2129672,2673cc34d71116cd05fae4b20aca4edc000aa97eeabf9d8f782d35b07a868c71fc3e2432c4b17a923cd4ecfcf38a1d8da01a14da118aa36d0c0435b6142c737d,08/15/2025 12:30:00 PM,1,DRIVER,,2030200,,VOLVO,XC60,IL,2025,NONE,SPORT UTILITY VEHICLE (SUV),PERSONAL,W,LEAVING TRAFFIC LANE TO PARK,,,1,,,,,Y,,,,,,,,,,,,,FRONT-RIGHT-CORNER,,,,,,,,,,,,,,,,,,,,,,,,,,,,,,,,,
2129673,2673cc34d71116cd05fae4b20aca4edc000aa97eeabf9d8f782d35b07a868c71fc3e2432c4b17a923cd4ecfcf38a1d8da01a14da118aa36d0c0435b6142c737d,08/15/2025 12:30:00 PM,2,PARKED,,2030205,,HONDA,CR-V,IL,2015,NONE,SPORT UTILITY VEHICLE (SUV),PERSONAL,W,PARKED,,,0,,,,,,,,,,,,Y,,,,,,SIDE-LEFT-REAR,,,,,,,,,,,,,,,,,,,,,,,,,,,,,,,,,
2129026,3a849d9032160c5dee229df99a2fc1c3fb53bcc6ebad04d5e51115f31142df375b79b7dd2ccae4bdb750880aef232f090575f37c36262ee56b0077a27a20c3c3,08/15/2025 12:30:00 PM,1,DRIVER,,2029602,,TOYOTA,COROLLA,IL,2025,NONE,PASSENGER,PERSONAL,S,STRAIGHT AHEAD,,,1,,,,,Y,Y,,,,,,,,,,,,SIDE-RIGHT-FRONT,,,,,,,,,,,,,,,,,,,,,,,,,,,,,,,,,
2129027,3a849d9032160c5dee229df99a2fc1c3fb53bcc6ebad04d5e51115f31142df375b79b7dd2ccae4bdb750880aef232f090575f37c36262ee56b0077a27a20c3c3,08/15/2025 12:30:00 PM,2,DRIVER,,2029608,,NISSAN,ALTIMA,IL,2010,NONE,PASSENGER,PERSONAL,E,STRAIGHT AHEAD,,,1,,,,,,,,,,,,,,,Y,,,FRONT-LEFT-CORNER,,,,,,,,,,,,,,,,,,,,,,,,,,,,,,,,,
2129023,95cd3d7038c3626bd109a81d873374c0e75baab9ba8c2d6b4b3417dabb1a1a2f457b69089c91f922658a30feb0bf95fd8afaef65a6ce45eeae16fe32f90dcab7,08/15/2025 12:30:00 PM,1,DRIVER,1,2029586,,JEEP,GLADIATOR,IL,2020,UNKNOWN,PASSENGER,PERSONAL,S,STRAIGHT AHEAD,,,2,,,,,Y,,,,,,,,,,Y,Y,,FRONT,,,,,,,,,,,,,,,,,,,,,,,,,,,,,,,,,
2129024,95cd3d7038c3626bd109a81d873374c0e75baab9ba8c2d6b4b3417dabb1a1a2f457b69089c91f922658a30feb0bf95fd8afaef65a6ce45eeae16fe32f90dcab7,08/15/2025 12:30:00 PM,2,DRIVER,,2029592,,TOYOTA,COROLLA,IL,2006,UNKNOWN,PASSENGER,PERSONAL,S,STRAIGHT AHEAD,,,1,,,,,Y,,,,Y,Y,Y,,,,Y,Y,,REAR,,,,,,,,,,,,,,,,,,,,,,,,,,,,,,,,,
2129025,95cd3d7038c3626bd109a81d873374c0e75baab9ba8c2d6b4b3417dabb1a1a2f457b69089c91f922658a30feb0bf95fd8afaef65a6ce45eeae16fe32f90dcab7,08/15/2025 12:30:00 PM,3,DRIVER,,2029595,,JEEP,COMPASS,IL,2020,UNKNOWN,PASSENGER,PERSONAL,S,STRAIGHT AHEAD,,,1,,,,,,,,,Y,Y,Y,,,,,,,REAR,,,,,,,,,,,,,,,,,,,,,,,,,,,,,,,,,
2129575,a186c4bee8efeacf3b45df1ff2a2006ef247722f470accc29fc694766f1e137ec428e94bf67600a6d62a0a110261f00eef46f9943c6b762f6bd7689558f13947,08/15/2025 12:30:00 PM,1,DRIVER,,2030115,,GENESIS,G80,IL,2018,NONE,SPORT UTILITY VEHICLE (SUV),PERSONAL,S,STRAIGHT AHEAD,,,1,,,,,Y,,Y,,,,,,,,,,,FRONT-RIGHT-CORNER,,,,,,,,,,,,,,,,,,,,,,,,,,,,,,,,,
2129576,a186c4bee8efeacf3b45df1ff2a2006ef247722f470accc29fc694766f1e137ec428e94bf67600a6d62a0a110261f00eef46f9943c6b762f6bd7689558f13947,08/15/2025 12:30:00 PM,2,PARKED,,2030118,,BUICK,LACROSSE,IL,2013,NONE,PASSENGER,PERSONAL,UNKNOWN,PARKED,,,0,,,,,,,,,,,Y,Y,,,,,,REAR-LEFT-CORNER,,,,,,,,,,,,,,,,,,,,,,,,,,,,,,,,,
2129014,7bc365dc7db8158a34324f88eaff9c9905a18ff39ccea3f526975b162f2d3bcbe69828c4e8ceb4804bac1647352aacefedc49e94512f165ceef95a483a5e4a73,08/15/2025 12:25:00 PM,1,DRIVER,,2029582,,HONDA,CIVIC,IL,2014,NONE,PASSENGER,PERSONAL,W,BACKING,,,1,,,,,,,,,Y,,,,,,,,,REAR-RIGHT-CORNER,,,,,,,,,,,,,,,,,,,,,,,,,,,,,,,,,
2129015,7bc365dc7db8158a34324f88eaff9c9905a18ff39ccea3f526975b162f2d3bcbe69828c4e8ceb4804bac1647352aacefedc49e94512f165ceef95a483a5e4a73,08/15/2025 12:25:00 PM,2,DRIVER,,2029584,,FIAT-ABARTH,FIAT-ABARTH,IL,2012,NONE,PASSENGER,PERSONAL,N,STRAIGHT AHEAD,,,1,,,,Y,,,,,,,,,,,,,,FRONT-RIGHT-CORNER,,,,,,,,,,,,,,,,,,,,,,,,,,,,,,,,,
2129006,813e4df929e168b079a621ca1bd59eb8214ef1c6f0f0ddcb743bfc8c5260d57f5a0c0c249a66ee689c8d687f399f67212944506ed3536d835ac5af1572dfd684,08/15/2025 12:20:00 PM,1,DRIVER,,2029572,,CHEVROLET,C/K 3500,IL,2016,NONE,PICKUP,PERSONAL,S,BACKING,,,1,,,,Y,,,,,,,,,,,,,,REAR-RIGHT-CORNER,,,,,,,,,,,,,,,,,,,,,,,,,,,,,,,,,
2129007,813e4df929e168b079a621ca1bd59eb8214ef1c6f0f0ddcb743bfc8c5260d57f5a0c0c249a66ee689c8d687f399f67212944506ed3536d835ac5af1572dfd684,08/15/2025 12:20:00 PM,2,PARKED,,2029575,,TESLA,MODEL S,,2018,NONE,PASSENGER,NOT IN USE,UNKNOWN,PARKED,,,0,,,,,,,,,,,,,,Y,Y,,,FRONT-LEFT-CORNER,,,,,,,,,,,,,,,,,,,,,,,,,,,,,,,,,
2129000,6dcc19f67df66e107ce7bea00fb3ddae9a6769bd45961fbd80693e7f5f0f081775f162e1c9547586e78f03f2ae3ef01449ae45ba60823ef4de0d34b15316a126,08/15/2025 12:10:00 PM,1,DRIVER,1,2029574,,HONDA,ACCORD,IL,2018,NONE,PASSENGER,PERSONAL,S,CHANGING LANES,,,2,,,,,,Y,Y,Y,,,,,,,,,Y,SIDE-RIGHT,,,,,,,,,,,,,,,,,,,,,,,,,,,,,,,,,
2129001,6dcc19f67df66e107ce7bea00fb3ddae9a6769bd45961fbd80693e7f5f0f081775f162e1c9547586e78f03f2ae3ef01449ae45ba60823ef4de0d34b15316a126,08/15/2025 12:10:00 PM,2,DRIVER,,2029579,,CHEVROLET,IMPALA,IL,2015,NONE,PASSENGER,PERSONAL,S,STRAIGHT AHEAD,,,1,,,,,,,,,,,Y,,,,,,Y,SIDE-LEFT,,,,,,,,,,,,,,,,,,,,,,,,,,,,,,,,,
2129018,1044a0a3644954698d8d99f3664f97ebc429071f4600b50562f2b963336fa215421562b292d26813d06eafe8fb5ff289369b342703bf5993717be7dbe1d98c20,08/15/2025 12:08:00 PM,1,DRIVER,,2029594,,HONDA,CR-V,IL,2008,NONE,SPORT UTILITY VEHICLE (SUV),PERSONAL,E,CHANGING LANES,,,1,,,,,Y,,,,,,,,,,,,,FRONT-RIGHT-CORNER,,,,,,,,,,,,,,,,,,,,,,,,,,,,,,,,,
2129019,1044a0a3644954698d8d99f3664f97ebc429071f4600b50562f2b963336fa215421562b292d26813d06eafe8fb5ff289369b342703bf5993717be7dbe1d98c20,08/15/2025 12:08:00 PM,2,DRIVER,1,2029587,,FORD,OTHER (EXPLAIN IN NARRATIVE),IL,2005,UNKNOWN,VAN/MINI-VAN,UNKNOWN/NA,E,STRAIGHT AHEAD,,,2,,,,,,,,,,,,,,,,,Y,SIDE-LEFT,,,,,,,,,,,,,,,,,,,,,,,,,,,,,,,,,
2130468,19ea812cdb7192a85110695e04acae9b2bae96239bd0b3d26f5f64755befb2936ae8789246a6e46299c0ad38971485689fc6e1699cfe0b180229781dddc4d4df,08/15/2025 12:06:00 PM,1,DRIVER,,2030943,,DODGE,JOURNEY,IL,2019,UNKNOWN,PASSENGER,PERSONAL,S,STRAIGHT AHEAD,,,1,,,,Y,,,,,,,,,,,,,,FRONT-RIGHT-CORNER,,,,,,,,,,,,,,,,,,,,,,,,,,,,,,,,,
2130469,19ea812cdb7192a85110695e04acae9b2bae96239bd0b3d26f5f64755befb2936ae8789246a6e46299c0ad38971485689fc6e1699cfe0b180229781dddc4d4df,08/15/2025 12:06:00 PM,2,PEDESTRIAN,,,,,,,,,,,,,,,,,,,,,,,,,,,,,,,,,,,,,,,,,,,,,,,,,,,,,,,,,,,,,,,,,,
2129337,225bf7c3cb9fb4f9dcb78c15ce9770abfad50a5505d0151fac263871436fc0929e727f9d24f228060f0cc2104415abc2bffbe3a646ce0dff5ed6320f65376eb3,08/15/2025 12:00:00 PM,1,DRIVER,,2029902,,TOYOTA,RAV4,IL,2013,UNKNOWN,PASSENGER,PERSONAL,N,TURNING LEFT,,,1,,,,,,,,,,,,,,,,,,FRONT,,,,,,,,,,,,,,,,,,,,,,,,,,,,,,,,,
2129372,225bf7c3cb9fb4f9dcb78c15ce9770abfad50a5505d0151fac263871436fc0929e727f9d24f228060f0cc2104415abc2bffbe3a646ce0dff5ed6320f65376eb3,08/15/2025 12:00:00 PM,2,BICYCLE,,,,,,,,,,,,,,,,,,,,,,,,,,,,,,,,,,,,,,,,,,,,,,,,,,,,,,,,,,,,,,,,,,
2129045,af415ed17998350088ac654ee94ac31c1ff14351dbc6acb418135d341e928a8689b4042c01ff0b9d5a67d4fcf068c78a9abd493f345880b16ab2906001fde05d,08/15/2025 12:00:00 PM,1,DRIVER,,2029627,,FORD,VAN,IL,2001,UNKNOWN,OTHER,OTHER,W,UNKNOWN/NA,,,1,,,,,Y,,,,,,,,,,,,,FRONT-RIGHT-CORNER,,,,,,,,,,,,,,,,,,,,,,,,,,,,,,,,,
2129046,af415ed17998350088ac654ee94ac31c1ff14351dbc6acb418135d341e928a8689b4042c01ff0b9d5a67d4fcf068c78a9abd493f345880b16ab2906001fde05d,08/15/2025 12:00:00 PM,2,PARKED,,2029660,,HYUNDAI,ELANTRA,TX,2023,UNKNOWN,PASSENGER,PERSONAL,UNKNOWN,PARKED,,,0,,,,N,,,,,,,Y,,,,,,N,REAR-LEFT-CORNER,,,,,,,,,,,,,,,,,,,,,,,,,,,,,,,,,
2136666,d2bbc87e7adb5fd990ef518db6e61553e60724b16d97155e750c4b729429e1f3745269b3b3647f134d831612a55146a7e2b09e6bd74baa36f309b2148b217fa2,08/15/2025 12:00:00 PM,1,DRIVER,,2036836,,MAZDA,MX-6,IL,2006,NONE,PASSENGER,PERSONAL,S,BACKING,,,1,,,,,Y,,,,,,,,,,Y,Y,,REAR,,,,,,,,,,,,,,,,,,,,,,,,,,,,,,,,,
2136667,d2bbc87e7adb5fd990ef518db6e61553e60724b16d97155e750c4b729429e1f3745269b3b3647f134d831612a55146a7e2b09e6bd74baa36f309b2148b217fa2,08/15/2025 12:00:00 PM,2,DRIVER,1,2036845,,VOLKSWAGEN,TIGUAN,IL,2019,NONE,PASSENGER,PERSONAL,E,STRAIGHT AHEAD,,,2,,,,,N,,Y,Y,Y,,,,,,,,,SIDE-RIGHT,,,,,,,,,,,,,,,,,,,,,,,,,,,,,,,,,
2129004,12f04637cd08fbd4b9036bc08fdb4e7d77abc7ef1d7f8595d57791054f3c9d1ce44e7c46cd44e366380dc7cb2d6446d6d8a8fc7a9f60211b909eea0838802e70,08/15/2025 11:55:00 AM,1,DRIVER,,2029571,,NISSAN,ROGUE,IL,2011,NONE,SPORT UTILITY VEHICLE (SUV),PERSONAL,W,STRAIGHT AHEAD,,,1,,,,,,,Y,,,,,,,,,,,SIDE-RIGHT,,,,,,,,,,,,,,,,,,,,,,,,,,,,,,,,,
2129005,12f04637cd08fbd4b9036bc08fdb4e7d77abc7ef1d7f8595d57791054f3c9d1ce44e7c46cd44e366380dc7cb2d6446d6d8a8fc7a9f60211b909eea0838802e70,08/15/2025 11:55:00 AM,2,PARKED,,2029573,,JEEP,COMPASS,IL,2012,NONE,SPORT UTILITY VEHICLE (SUV),PERSONAL,W,PARKED,,,0,,,,,,,,,,,,,Y,,,,,SIDE-LEFT,,,,,,,,,,,,,,,,,,,,,,,,,,,,,,,,,
2129008,03fe637d258bcc509cf2fcaf0d270a5fb1de96a7e83e99e97cd20e34e0a748700c1b87cbf53f47a2b8a4a8d9e24d5f6ac74f33793782cd198a3092d3af84f800,08/15/2025 11:53:00 AM,1,DRIVER,,2029591,,TOYOTA,HIGHLANDER,IL,2021,NONE,PASSENGER,PERSONAL,UNKNOWN,TURNING LEFT,,,1,,,,,Y,,,,,,,,,,Y,Y,,FRONT,,,,,,,,,,,,,,,,,,,,,,,,,,,,,,,,,
2129009,03fe637d258bcc509cf2fcaf0d270a5fb1de96a7e83e99e97cd20e34e0a748700c1b87cbf53f47a2b8a4a8d9e24d5f6ac74f33793782cd198a3092d3af84f800,08/15/2025 11:53:00 AM,2,DRIVER,3,2029583,,KIA,NIRO,MO,2018,NONE,PASSENGER,PERSONAL,UNKNOWN,STRAIGHT AHEAD,,,4,,,,,Y,Y,Y,Y,Y,,,,,,,,,SIDE-LEFT,,,,,,,,,,,,,,,,,,,,,,,,,,,,,,,,,
2129063,5afbcfe8a4a45f52f31f35f6b969d1d1af3c14e822726d02eda24f49bf73cd34876547d59f99cca1cb821b41ae687b39cb8cc83e845734f607d50b9923b95e8a,08/15/2025 11:45:00 AM,2,DRIVER,,2029625,,HONDA,CR-V,IL,2016,NONE,SPORT UTILITY VEHICLE (SUV),PERSONAL,S,SLOW/STOP IN TRAFFIC,,,1,,,,,,,,,,,,,,,,,,FRONT,,,,,,,,,,,,,,,,,,,,,,,,,,,,,,,,,
2129064,5afbcfe8a4a45f52f31f35f6b969d1d1af3c14e822726d02eda24f49bf73cd34876547d59f99cca1cb821b41ae687b39cb8cc83e845734f607d50b9923b95e8a,08/15/2025 11:45:00 AM,1,DRIVER,,2029653,,HYUNDAI,ELANTRA,IL,2012,NONE,PASSENGER,PERSONAL,N,BACKING,,,1,,,,,,,,,,,,,,,,,,REAR,,,,,,,,,,,,,,,,,,,,,,,,,,,,,,,,,
2129035,5d08657311b4a21c322688b896a81d86b1cc66127f72e920ec200fedb5b6c33a5e5bf31728cbff4e8e38aefb8d8fd884c64fa7c6ac3bbfe63fbb86ad97bca3ed,08/15/2025 11:45:00 AM,2,DRIVER,,2029593,,TOYOTA,SIENNA,IL,2024,UNKNOWN,VAN/MINI-VAN,UNKNOWN/NA,N,STRAIGHT AHEAD,,,1,,,,,,Y,,,,,,,,,,,,SIDE-RIGHT,,,,,,,,,,,,,,,,,,,,,,,,,,,,,,,,,
2129044,5d08657311b4a21c322688b896a81d86b1cc66127f72e920ec200fedb5b6c33a5e5bf31728cbff4e8e38aefb8d8fd884c64fa7c6ac3bbfe63fbb86ad97bca3ed,08/15/2025 11:45:00 AM,1,BICYCLE,,,,,,,,,,,,,,,,,,,,,,,,,,,,,,,,,,,,,,,,,,,,,,,,,,,,,,,,,,,,,,,,,,
2128973,7c857b8f2323ab8e4200c7a1dd5156d444ed63cd664a914a20b9050e6bfbfdd089ad7b5c40e5b3b36815bf3807b648c588ada907f1d84d94048bf5eed8a978f8,08/15/2025 11:40:00 AM,1,DRIVER,,2029554,,MERCURY,GRAND MARQUIS,IL,2003,UNKNOWN,PASSENGER,UNKNOWN/NA,N,STRAIGHT AHEAD,,,1,,,,,Y,,,,,,,,,,Y,Y,,FRONT,,,,,,,,,,,,,,,,,,,,,,,,,,,,,,,,,