CRASH_UNIT_ID,CRASH_RECORD_ID,CRASH_DATE,UNIT_NO,UNIT_TYPE,NUM_PASSENGERS,VEHICLE_ID,CMRC_VEH_I,MAKE,MODEL,LIC_PLATE_STATE,VEHICLE_YEAR,VEHICLE_DEFECT,VEHICLE_TYPE,VEHICLE_USE,TRAVEL_DIRECTION,MANEUVER,TOWED_I,FIRE_I,OCCUPANT_CNT,EXCEED_SPEED_LIMIT_I,TOWED_BY,TOWED_TO,AREA_00_I,AREA_01_I,AREA_02_I,AREA_03_I,AREA_04_I,AREA_05_I,AREA_06_I,AREA_07_I,AREA_08_I,AREA_09_I,AREA_10_I,AREA_11_I,AREA_12_I,AREA_99_I,FIRST_CONTACT_POINT,CMV_ID,USDOT_NO,CCMC_NO,ILCC_NO,COMMERCIAL_SRC,GVWR,CARRIER_NAME,CARRIER_STATE,CARRIER_CITY,HAZMAT_PLACARDS_I,HAZMAT_NAME,UN_NO,HAZMAT_PRESENT_I,HAZMAT_REPORT_I,HAZMAT_REPORT_NO,MCS_REPORT_I,MCS_REPORT_NO,HAZMAT_VIO_CAUSE_CRASH_I,MCS_VIO_CAUSE_CRASH_I,IDOT_PERMIT_NO,WIDE_LOAD_I,TRAILER1_WIDTH,TRAILER2_WIDTH,TRAILER1_LENGTH,TRAILER2_LENGTH,TOTAL_VEHICLE_LENGTH,AXLE_CNT,VEHICLE_CONFIG,CARGO_BODY_TYPE,LOAD_TYPE,HAZMAT_OUT_OF_SERVICE_I,MCS_OUT_OF_SERVICE_I,HAZMAT_CLASS
2128974,7c857b8f2323ab8e4200c7a1dd5156d444ed63cd664a914a20b9050e6bfbfdd089ad7b5c40e5b3b36815bf3807b648c588ada907f1d84d94048bf5eed8a978f8,08/15/2025 11:40:00 AM,2,DRIVER,1,2029557,,CHEVROLET,MALIBU,,2021,UNKNOWN,PASSENGER,UNKNOWN/NA,E,STRAIGHT AHEAD,,,2,,,,,Y,Y,Y,,,,,,,,,,,SIDE-RIGHT-FRONT,,,,,,,,,,,,,,,,,,,,,,,,,,,,,,,,,
2128977,43a7166bc5750c82f5c2fbb90f4201c929264c4af273a3902dae30dd4297f4c0705773a797a812b9816d6e1addd513d429501702d67f5fd485f83111e9d4e6e0,08/15/2025 11:35:00 AM,1,DRIVER,,2029542,,HYUNDAI,ELANTRA,IL,2022,UNKNOWN,PASSENGER,UNKNOWN/NA,N,STRAIGHT AHEAD,,,1,,,,,,,,,,,,,,,,,,FRONT,,,,,,,,,,,,,,,,,,,,,,,,,,,,,,,,,
2128978,43a7166bc5750c82f5c2fbb90f4201c929264c4af273a3902dae30dd4297f4c0705773a797a812b9816d6e1addd513d429501702d67f5fd485f83111e9d4e6e0,08/15/2025 11:35:00 AM,2,DRIVER,1,2029550,,GENERAL MOTORS CORPORATION (GMC),ACADIA,IL,2017,NONE,SPORT UTILITY VEHICLE (SUV),PERSONAL,S,STRAIGHT AHEAD,,,2,,,,,Y,,,,,,,,,,Y,Y,,FRONT,,,,,,,,,,,,,,,,,,,,,,,,,,,,,,,,,
2130053,2a02f499172b1e8bb546213dd1ec505ffd15bf6253690fba1b3999948d0518a0cb2fc2c278900a07d9763c3df7b73dff015df80dcbdae430d615fe6425c8a8de,08/15/2025 11:27:00 AM,1,DRIVER,,2030559,,BMW,OTHER (EXPLAIN IN NARRATIVE),IL,1984,UNKNOWN,OTHER,PERSONAL,N,OTHER,,,1,,,,Y,,,,,,,,,,,,,,OTHER,,,,,,,,,,,,,,,,,,,,,,,,,,,,,,,,,
2130054,2a02f499172b1e8bb546213dd1ec505ffd15bf6253690fba1b3999948d0518a0cb2fc2c278900a07d9763c3df7b73dff015df80dcbdae430d615fe6425c8a8de,08/15/2025 11:27:00 AM,2,DRIVER,,2030563,,KIA,SOUL,IL,2021,UNKNOWN,SPORT UTILITY VEHICLE (SUV),PERSONAL,N,STRAIGHT AHEAD,,,1,,,,,Y,Y,Y,,,,,,,,,Y,,FRONT-LEFT-CORNER,,,,,,,,,,,,,,,,,,,,,,,,,,,,,,,,,
2128982,0cad036b50de54cd5d5d1dce7a02bcbdadfbaf48674beaecd6ab3eb37a7c0649b2658a38cdd18facfa27527ed02c11f06133cdcd18c4facdc114e4e6ca7a5197,08/15/2025 11:20:00 AM,1,DRIVER,,2029551,,TESLA,MODEL S,IL,2024,NONE,PASSENGER,PERSONAL,S,BACKING,,,1,,,,,,,,,,,Y,Y,,,,,,SIDE-LEFT-REAR,,,,,,,,,,,,,,,,,,,,,,,,,,,,,,,,,
2128983,0cad036b50de54cd5d5d1dce7a02bcbdadfbaf48674beaecd6ab3eb37a7c0649b2658a38cdd18facfa27527ed02c11f06133cdcd18c4facdc114e4e6ca7a5197,08/15/2025 11:20:00 AM,2,PARKED,,2029552,,FORD,CONSTRUCTION EQUIPMENT,IL,2011,NONE,PICKUP,CONSTRUCTION/MAINTENANCE,S,PARKED,,,0,,,,,,,,,Y,,,,,,,,,SIDE-RIGHT-REAR,,,,,,,,,,,,,,,,,,,,,,,,,,,,,,,,,
2129020,386bba0d4450a71c61636889d618af42e38f88dadc1e4930c08549dcec7b489ed69479cb0327a62a5b0d11a8197b0ef4e674c043fe5632c6a9ceddda9693f62b,08/15/2025 11:20:00 AM,1,DRIVER,,2029590,,VOLKSWAGEN,TIGUAN,IL,2022,UNKNOWN,SPORT UTILITY VEHICLE (SUV),PERSONAL,W,ENTERING TRAFFIC LANE FROM PARKING,,,1,,,,,,Y,Y,Y,,,,,,Y,Y,,,FRONT-LEFT-CORNER,,,,,,,,,,,,,,,,,,,,,,,,,,,,,,,,,
2129021,386bba0d4450a71c61636889d618af42e38f88dadc1e4930c08549dcec7b489ed69479cb0327a62a5b0d11a8197b0ef4e674c043fe5632c6a9ceddda9693f62b,08/15/2025 11:20:00 AM,2,DRIVER,,2029600,,GENERAL MOTORS CORPORATION (GMC),YUKON,IL,2017,UNKNOWN,PASSENGER,PERSONAL,W,STRAIGHT AHEAD,,,1,,,,,Y,Y,,,,,,,,,,N,,FRONT-RIGHT-CORNER,,,,,,,,,,,,,,,,,,,,,,,,,,,,,,,,,
2129022,386bba0d4450a71c61636889d618af42e38f88dadc1e4930c08549dcec7b489ed69479cb0327a62a5b0d11a8197b0ef4e674c043fe5632c6a9ceddda9693f62b,08/15/2025 11:20:00 AM,3,PARKED,,2029606,,TESLA,MODEL 3,IL,2024,UNKNOWN,PASSENGER,UNKNOWN/NA,UNKNOWN,PARKED,,,0,,,,,,,,,,,Y,Y,Y,,,,,REAR-LEFT-CORNER,,,,,,,,,,,,,,,,,,,,,,,,,,,,,,,,,
2128995,d3a438514a1d8063cf14ff8e1b82be2e10362878ebd22595daca2f7eda97fa24e4c24d8540dcf33085bce311b702855ae8e05cdc76bede05d9aaa236da38b493,08/15/2025 11:20:00 AM,1,DRIVER,,2029560,,FORD,OTHER (EXPLAIN IN NARRATIVE),IL,2006,UNKNOWN,PASSENGER,PERSONAL,E,STRAIGHT AHEAD,Y,,1,,STREETS AND SAN,701 S SACRAMENTO,,Y,,,,,,,,,,Y,Y,,FRONT,,,,,,,,,,,,,,,,,,,,,,,,,,,,,,,,,
2128996,d3a438514a1d8063cf14ff8e1b82be2e10362878ebd22595daca2f7eda97fa24e4c24d8540dcf33085bce311b702855ae8e05cdc76bede05d9aaa236da38b493,08/15/2025 11:20:00 AM,2,DRIVER,,2029566,,FORD,F150,IL,2000,OTHER,PICKUP,PERSONAL,N,TURNING LEFT,,,1,,,,,,,,,,,Y,Y,Y,,,,,REAR-LEFT-CORNER,,,,,,,,,,,,,,,,,,,,,,,,,,,,,,,,,
2128971,539e3038831020432181b19f77ac7c836bc1b531fa3192b69c8db7683c2248db896cb9861f8b0b579e32b15181c3486f96e0bd86eebaf983bd7d712266205be6,08/15/2025 11:15:00 AM,1,DRIVER,,2029541,,FORD,OTHER (EXPLAIN IN NARRATIVE),IL,2018,UNKNOWN,PICKUP,UNKNOWN/NA,N,UNKNOWN/NA,,,1,,,,,,,,,,,,,,,,,Y,FRONT,,,,,,,,,,,,,,,,,,,,,,,,,,,,,,,,,
2128972,539e3038831020432181b19f77ac7c836bc1b531fa3192b69c8db7683c2248db896cb9861f8b0b579e32b15181c3486f96e0bd86eebaf983bd7d712266205be6,08/15/2025 11:15:00 AM,2,DRIVER,1,2029544,,KIA,SOUL,IL,2013,NONE,SPORT UTILITY VEHICLE (SUV),UNKNOWN/NA,N,SLOW/STOP IN TRAFFIC,,,2,,,,,,,,,,Y,,,,,,,,REAR,,,,,,,,,,,,,,,,,,,,,,,,,,,,,,,,,
2129122,43563f443114e8a3489fe642a04a2520411067d4c7c10688b0f6b7440df09086a7603013456482f68fc125649c28065c989d312b97db4314241a9c158edbc10b,08/15/2025 11:12:00 AM,1,DRIVER,,2029675,,JEEP,WRANGLER,IL,2018,UNKNOWN,PASSENGER,PERSONAL,W,STRAIGHT AHEAD,,,1,,,,,Y,,,,,,,,,,,,,SIDE-RIGHT-FRONT,,,,,,,,,,,,,,,,,,,,,,,,,,,,,,,,,
2129123,43563f443114e8a3489fe642a04a2520411067d4c7c10688b0f6b7440df09086a7603013456482f68fc125649c28065c989d312b97db4314241a9c158edbc10b,08/15/2025 11:12:00 AM,2,PARKED,,2029679,,CHEVROLET,EXPRESS,IL,2003,UNKNOWN,VAN/MINI-VAN,PERSONAL,W,PARKED,,,0,,,,,,,,,,,Y,,,,,,,SIDE-LEFT-REAR,,,,,,,,,,,,,,,,,,,,,,,,,,,,,,,,,
2128961,1d802bb9067584016fde82186716a0b5acc57d4713bd30624f7b991fb729315a65ca662113e372b3386c2b29626ea3a7cf31ab4b951b9baff6de1c984f2e453d,08/15/2025 11:00:00 AM,1,DRIVER,,2029533,,TOYOTA,OTHER (EXPLAIN IN NARRATIVE),IL,2024,UNKNOWN,PASSENGER,PERSONAL,N,ENTERING TRAFFIC LANE FROM PARKING,,,1,,,,,,,,,,,,,,,Y,,,FRONT-LEFT-CORNER,,,,,,,,,,,,,,,,,,,,,,,,,,,,,,,,,
2128962,1d802bb9067584016fde82186716a0b5acc57d4713bd30624f7b991fb729315a65ca662113e372b3386c2b29626ea3a7cf31ab4b951b9baff6de1c984f2e453d,08/15/2025 11:00:00 AM,2,DRIVER,,2029539,,NISSAN,MAXIMA,FL,2022,NONE,PASSENGER,PERSONAL,N,STRAIGHT AHEAD,,,1,,,,,Y,,,,,,,,,,,Y,,FRONT-RIGHT-CORNER,,,,,,,,,,,,,,,,,,,,,,,,,,,,,,,,,
2136431,ac94654b434b2d1e3932dd5e628f6191d5054c2f4b95ebaac8776684d3c858f8d7c15b82e80f8b5b14d86e1ca43a11f390b7cf830735f6cbcc07e6a082d45ad3,08/15/2025 11:00:00 AM,1,DRIVER,,2036643,,DODGE,RAM 1500 PU,IL,2014,UNKNOWN,PICKUP,PERSONAL,E,BACKING,,,1,,,,,Y,Y,,,,,,,,,,,,REAR-RIGHT-CORNER,,,,,,,,,,,,,,,,,,,,,,,,,,,,,,,,,
2136432,ac94654b434b2d1e3932dd5e628f6191d5054c2f4b95ebaac8776684d3c858f8d7c15b82e80f8b5b14d86e1ca43a11f390b7cf830735f6cbcc07e6a082d45ad3,08/15/2025 11:00:00 AM,2,PARKED,,2036653,,"(HOMEMADE MOTORCYCLE, MOPED.ETC.)","(HOMEMADE MOTORCYCLE, MOPED.ETC.)",IL,2021,UNKNOWN,MOTORCYCLE (OVER 150CC),PERSONAL,E,PARKED,,,0,,,,,,,,,,,,,Y,,,,,SIDE-LEFT,,,,,,,,,,,,,,,,,,,,,,,,,,,,,,,,,
2128998,c4d25a682bc23be3ab4a6adb937880a4fb882fb3429651d70bcc9f530b0d54509bd94968bd2e6f95aae132d540de44f047b2b953947b0d9ca936c509a4ba2585,08/15/2025 11:00:00 AM,1,DRIVER,,2029570,,GRADALL,GRADALL,IL,2006,NONE,TRUCK - SINGLE UNIT,CONSTRUCTION/MAINTENANCE,N,STRAIGHT AHEAD,,,1,,,,Y,,,,,,,,,,,,,,FRONT-RIGHT-CORNER,,,,,,,,,,,,,,,,,,,,,,,,,,,,,,,,,
2128999,c4d25a682bc23be3ab4a6adb937880a4fb882fb3429651d70bcc9f530b0d54509bd94968bd2e6f95aae132d540de44f047b2b953947b0d9ca936c509a4ba2585,08/15/2025 11:00:00 AM,2,DRIVER,,2029577,,NISSAN,VERSA,IL,2023,NONE,PASSENGER,PERSONAL,N,CHANGING LANES,,,1,,,,,,,,,,Y,Y,,,,,,,REAR,,,,,,,,,,,,,,,,,,,,,,,,,,,,,,,,,
2128963,8444e842c8c721464581af75111ff72905d7e19b5107722abe7b4f4997838ce41437e3fe35c3d64cf818ad4f09129380b5e4d74f3fa35eb5c700ee3fe5fe96cb,08/15/2025 10:50:00 AM,1,DRIVER,,2029532,,INTERNATIONAL COACH MANUFACTURING,OTHER (EXPLAIN IN NARRATIVE),IL,2024,UNKNOWN,TRUCK - SINGLE UNIT,UNKNOWN/NA,S,STRAIGHT AHEAD,,,1,,,,,,,,,,,Y,Y,N,,,,,SIDE-LEFT-REAR,,,,,,,,,,,,,,,,,,,,,,,,,,,,,,,,,
2128964,8444e842c8c721464581af75111ff72905d7e19b5107722abe7b4f4997838ce41437e3fe35c3d64cf818ad4f09129380b5e4d74f3fa35eb5c700ee3fe5fe96cb,08/15/2025 10:50:00 AM,2,PARKED,,2029538,,TOYOTA,TACOMA,IL,2019,NONE,PICKUP,PERSONAL,S,PARKED,,,0,,,,,,,Y,Y,,,,,,,,,,SIDE-RIGHT-REAR,,,,,,,,,,,,,,,,,,,,,,,,,,,,,,,,,
2130501,43f881299d475032aba30d7ae116c82798134b23a4578fbe71c639813ae9240ac3f99da74e0e5c063b22ba84192d8b21797f2a776014c9637aa937b0d8494be0,08/15/2025 10:45:00 AM,1,DRIVER,,2030979,,AUDI,Q3,IL,2016,UNKNOWN,UNKNOWN/NA,UNKNOWN/NA,UNKNOWN,STRAIGHT AHEAD,,,1,,,,,,,,,,,,,,,,,Y,UNKNOWN,,,,,,,,,,,,,,,,,,,,,,,,,,,,,,,,,
2130502,43f881299d475032aba30d7ae116c82798134b23a4578fbe71c639813ae9240ac3f99da74e0e5c063b22ba84192d8b21797f2a776014c9637aa937b0d8494be0,08/15/2025 10:45:00 AM,2,DRIVER,,2030991,,FORD,ESCAPE,IL,2013,UNKNOWN,PASSENGER,UNKNOWN/NA,E,SLOW/STOP IN TRAFFIC,,,1,,,,,,,,,,,Y,,,,,,,REAR-LEFT-CORNER,,,,,,,,,,,,,,,,,,,,,,,,,,,,,,,,,
2128951,50859ba08d7dbf01909f8b96ceafbe15e95802ca7870ca3a47ef47e687a0170968ddb9f667e5d249b2ca854d29e75b05a4caa14bb6342a6b026ca54e51a2e88c,08/15/2025 10:45:00 AM,1,DRIVER,,2029519,,BUICK,RENDEZVOUS,IL,2007,NONE,SPORT UTILITY VEHICLE (SUV),PERSONAL,N,STRAIGHT AHEAD,,,1,,,,,Y,,,,,,,,,,Y,Y,,FRONT,,,,,,,,,,,,,,,,,,,,,,,,,,,,,,,,,
2128952,50859ba08d7dbf01909f8b96ceafbe15e95802ca7870ca3a47ef47e687a0170968ddb9f667e5d249b2ca854d29e75b05a4caa14bb6342a6b026ca54e51a2e88c,08/15/2025 10:45:00 AM,2,DRIVER,,2029526,,TOYOTA,CAMRY,IL,2012,NONE,PASSENGER,PERSONAL,N,SLOW/STOP IN TRAFFIC,,,1,,,,,,,,,Y,Y,Y,,,,,,,REAR,,,,,,,,,,,,,,,,,,,,,,,,,,,,,,,,,
2128969,7df28e4730bebe7c57882134a9769b1fa6beaad8cd7b8d6291dbfa328ceec575cebb6f6c553609d4d53fe781ad1732fd5f19c67e4a6a3497ab9cdea482b8af79,08/15/2025 10:45:00 AM,1,DRIVER,,2029549,,NISSAN,ROGUE,IL,2016,UNKNOWN,SPORT UTILITY VEHICLE (SUV),PERSONAL,S,TURNING LEFT,,,1,,,,,Y,Y,Y,,,,,,,,,,,FRONT-RIGHT-CORNER,,,,,,,,,,,,,,,,,,,,,,,,,,,,,,,,,
2128970,7df28e4730bebe7c57882134a9769b1fa6beaad8cd7b8d6291dbfa328ceec575cebb6f6c553609d4d53fe781ad1732fd5f19c67e4a6a3497ab9cdea482b8af79,08/15/2025 10:45:00 AM,2,DRIVER,,2029561,,HYUNDAI,ELANTRA,IL,2017,NONE,PASSENGER,PERSONAL,W,STRAIGHT AHEAD,,,1,,,,,,,,,,,,Y,Y,,,,,REAR-LEFT-CORNER,,,,,,,,,,,,,,,,,,,,,,,,,,,,,,,,,
2129244,b74d029babfe178d7ac0b16cd11b8c9842cfc28de351726e47706cbe46448526665ad2ee895d698bc03d3c18bf3c2eb23385ad0903e48c4dd2a50dd1fde44b24,08/15/2025 10:45:00 AM,1,DRIVER,,2029788,,UNKNOWN,OTHER (EXPLAIN IN NARRATIVE),,,UNKNOWN,UNKNOWN/NA,UNKNOWN/NA,UNKNOWN,UNKNOWN/NA,,,1,,,,,,,,,,,,,,,,,Y,UNKNOWN,,,,,,,,,,,,,,,,,,,,,,,,,,,,,,,,,
2129245,b74d029babfe178d7ac0b16cd11b8c9842cfc28de351726e47706cbe46448526665ad2ee895d698bc03d3c18bf3c2eb23385ad0903e48c4dd2a50dd1fde44b24,08/15/2025 10:45:00 AM,2,PARKED,,2029793,,CHEVROLET,OTHER (EXPLAIN IN NARRATIVE),IL,2021,NONE,SPORT UTILITY VEHICLE (SUV),NOT IN USE,E,PARKED,,,0,,,,,Y,Y,,,,,,,,,N,,,FRONT-LEFT-CORNER,,,,,,,,,,,,,,,,,,,,,,,,,,,,,,,,,
2128986,42bfba8c3d45267a76a1abe2ab80067d692650a488b5b56c5be23db6b2f65072e6348cb3d1c2ee24d2c24636e3ada2945d2b6b8b76e96ae5a1296ee1fcc37156,08/15/2025 10:40:00 AM,1,DRIVER,2,2029565,,MERCEDES-BENZ,OTHER (EXPLAIN IN NARRATIVE),,,NONE,TRUCK - SINGLE UNIT,AMBULANCE,N,STRAIGHT AHEAD,,,3,,,,,,Y,,,,,,,,,,,,SIDE-RIGHT,,,,,,,,,,,,,,,,,,,,,,,,,,,,,,,,,
2128987,42bfba8c3d45267a76a1abe2ab80067d692650a488b5b56c5be23db6b2f65072e6348cb3d1c2ee24d2c24636e3ada2945d2b6b8b76e96ae5a1296ee1fcc37156,08/15/2025 10:40:00 AM,2,PARKED,,2029567,,UNKNOWN,OTHER (EXPLAIN IN NARRATIVE),IL,,UNKNOWN,TRUCK - SINGLE UNIT,OTHER,N,PARKED,,,0,,,,,,,,,,,,,,Y,,,,SIDE-LEFT,,,,,,,,,,,,,,,,,,,,,,,,,,,,,,,,,
2128949,776d109db7cd0a21871e9ac272ddb787acf305ed5137f76b7850439e375352767c8a5fe70844ac9403d0c8bcd2f3ad34838b29d82269eb769d19559fea8eb970,08/15/2025 10:38:00 AM,1,DRIVER,,2029522,,CHEVROLET,MALIBU,IL,2012,NONE,PASSENGER,PERSONAL,S,STRAIGHT AHEAD,,,1,,,,,,,,,,,,,,,,Y,,FRONT,,,,,,,,,,,,,,,,,,,,,,,,,,,,,,,,,
2128950,776d109db7cd0a21871e9ac272ddb787acf305ed5137f76b7850439e375352767c8a5fe70844ac9403d0c8bcd2f3ad34838b29d82269eb769d19559fea8eb970,08/15/2025 10:38:00 AM,2,DRIVER,,2029529,,NEW FLYER,OTHER (EXPLAIN IN NARRATIVE),IL,2006,NONE,BUS OVER 15 PASS.,CTA,W,STRAIGHT AHEAD,,,1,,,,,,,,,Y,,,,,,,,,REAR-RIGHT-CORNER,,,,,,,,,,,,,,,,,,,,,,,,,,,,,,,,,
2129042,d1ce1891e1aea945756977c85ab504d893f474c9ad14ab68f029bb4d4e5dc7118cee2c8a73a8c817cb14bd50ea0bda41bf545f3e5190ea1574aa40a9607830d3,08/15/2025 10:30:00 AM,1,DRIVER,,2029599,,DODGE,RAM 1500 PU,,2024,UNKNOWN,PICKUP,UNKNOWN/NA,S,STRAIGHT AHEAD,,,1,,,,,,,,,,,,,,,,,,UNKNOWN,,,,,,,,,,,,,,,,,,,,,,,,,,,,,,,,,
2129043,d1ce1891e1aea945756977c85ab504d893f474c9ad14ab68f029bb4d4e5dc7118cee2c8a73a8c817cb14bd50ea0bda41bf545f3e5190ea1574aa40a9607830d3,08/15/2025 10:30:00 AM,2,BICYCLE,,,,,,,,,,,,,,,,,,,,,,,,,,,,,,,,,,,,,,,,,,,,,,,,,,,,,,,,,,,,,,,,,,
2131116,911e9b9c2a217d6cca5e332bf94f3043eeb2110f01eebc27356620743d09a545a4568b3c8d18614c3a0aa61e7289c06db0bf4a18a3e6c9bd8519b253d890bdc2,08/15/2025 10:28:00 AM,1,DRIVER,,2031546,,FORD,ESCAPE,IL,,NONE,PASSENGER,PERSONAL,E,BACKING,,,1,,,,,,,,,,Y,,,,,,,,REAR,,,,,,,,,,,,,,,,,,,,,,,,,,,,,,,,,
2131117,911e9b9c2a217d6cca5e332bf94f3043eeb2110f01eebc27356620743d09a545a4568b3c8d18614c3a0aa61e7289c06db0bf4a18a3e6c9bd8519b253d890bdc2,08/15/2025 10:28:00 AM,2,PARKED,,2031556,,AUDI,Q3,IL,2016,NONE,PASSENGER,PERSONAL,E,PARKED,,,0,,,,,,,,,,,,,,,,Y,,FRONT,,,,,,,,,,,,,,,,,,,,,,,,,,,,,,,,,
2129170,38041f9f89bbb930d971d724a8c6b6363a4ecfcb84dd1e5f2e9c24886a9c8818d73d6bb2e30837b2a7677a1d18c84ff1a750734aa871ae66059a2411ddb884f5,08/15/2025 10:20:00 AM,1,DRIVER,,2029754,,CHRYSLER,SEBRING,FL,2014,UNKNOWN,PASSENGER,UNKNOWN/NA,S,STRAIGHT AHEAD,,,1,,,,,,,,,,,Y,,,,,,,REAR-LEFT-CORNER,,,,,,,,,,,,,,,,,,,,,,,,,,,,,,,,,
2129171,38041f9f89bbb930d971d724a8c6b6363a4ecfcb84dd1e5f2e9c24886a9c8818d73d6bb2e30837b2a7677a1d18c84ff1a750734aa871ae66059a2411ddb884f5,08/15/2025 10:20:00 AM,2,DRIVER,,2029779,Y,CHEVROLET,SILVERADO,IL,2016,UNKNOWN,UNKNOWN/NA,PERSONAL,S,STRAIGHT AHEAD,,,1,,,,Y,,,,,,,,,,,,,,FRONT,"22,005",,,,,,"BENSON, SYLVESTER P",,,,,,N,N,,N,,N,N,,,,,,,,,,,,N,N,
2128941,e4186f769d56e9b0748b5a386c51aff87b1755549b45e17ce3d028b163c7ee70263c19329d3267d349112731271afe64cc6f9c7936bc1962d46204b8449e60e7,08/15/2025 10:20:00 AM,1,DRIVER,,2029508,,GENERAL MOTORS CORPORATION (GMC),TERRAIN,IL,2011,NONE,SPORT UTILITY VEHICLE (SUV),PERSONAL,S,ENTERING TRAFFIC LANE FROM PARKING,,,1,,,,,Y,,,,,,,,,Y,Y,Y,,FRONT-LEFT-CORNER,,,,,,,,,,,,,,,,,,,,,,,,,,,,,,,,,
2128942,e4186f769d56e9b0748b5a386c51aff87b1755549b45e17ce3d028b163c7ee70263c19329d3267d349112731271afe64cc6f9c7936bc1962d46204b8449e60e7,08/15/2025 10:20:00 AM,2,DRIVER,,2029513,,FORD,OTHER (EXPLAIN IN NARRATIVE),IL,2022,NONE,TRUCK - SINGLE UNIT,OTHER,S,STRAIGHT AHEAD,,,1,,,,,Y,,,,,,,,,,,,,FRONT-RIGHT-CORNER,,,,,,,,,,,,,,,,,,,,,,,,,,,,,,,,,
2129162,cc3dffa6e84826ca44581255313df6436d21cfe7e82028d8214ed027150f3f9a6a4e98de428aae9e220902b78f5eb2bdc839a43086212b27a7b8e10abe61616b,08/15/2025 10:18:00 AM,1,DRIVER,,2029713,,LINCOLN,NAUTILUS,IL,2019,UNKNOWN,SPORT UTILITY VEHICLE (SUV),PERSONAL,UNKNOWN,CHANGING LANES,,,1,,,,,,,Y,Y,Y,,,,,,,,,SIDE-RIGHT-REAR,,,,,,,,,,,,,,,,,,,,,,,,,,,,,,,,,
2129163,cc3dffa6e84826ca44581255313df6436d21cfe7e82028d8214ed027150f3f9a6a4e98de428aae9e220902b78f5eb2bdc839a43086212b27a7b8e10abe61616b,08/15/2025 10:18:00 AM,2,DRIVER,,2029720,,TOYOTA,COROLLA,IL,2023,UNKNOWN,PASSENGER,PERSONAL,UNKNOWN,STRAIGHT AHEAD,,,1,,,,,,,,,,,,,Y,Y,Y,,,FRONT-LEFT-CORNER,,,,,,,,,,,,,,,,,,,,,,,,,,,,,,,,,
2128943,4ede61e7152787551d400b99f4c37b7048ccca9c7414f516166e14dabf5fe302dad1e66e054da6235131fc1993bf18a005a4a74e0a8239e6062693cbeb1bc197,08/15/2025 10:10:00 AM,1,DRIVER,,2029515,N,CHEVROLET,OTHER (EXPLAIN IN NARRATIVE),IL,2016,NONE,PICKUP,UNKNOWN/NA,S,STRAIGHT AHEAD,,,1,,,,,,,,,,,,,,,Y,,,FRONT-LEFT-CORNER,,,,,,,,,,,,,,,,,,,,,,,,,,,,,,,,,
2128944,4ede61e7152787551d400b99f4c37b7048ccca9c7414f516166e14dabf5fe302dad1e66e054da6235131fc1993bf18a005a4a74e0a8239e6062693cbeb1bc197,08/15/2025 10:10:00 AM,2,DRIVER,,2029527,,CHRYSLER,200,FL,2014,NONE,PASSENGER,PERSONAL,S,TURNING LEFT,,,1,,,,,,,,,,,Y,,,,,,,SIDE-LEFT-REAR,,,,,,,,,,,,,,,,,,,,,,,,,,,,,,,,,
2128933,735c7f99f021f9ff62e5a60ce8c1626e03f15b7b43e9a0ac25d904129a8693133d8c2d0cedb5e35dcf9fbd0e18f924326fe933253b2be4bd99b3e2e2c7b80b84,08/15/2025 10:07:00 AM,1,DRIVER,,2029502,,JEEP,COMMANDER,IL,2008,NONE,PASSENGER,PERSONAL,N,STRAIGHT AHEAD,,,1,,,,,,,,,,,,,,,,,,REAR,,,,,,,,,,,,,,,,,,,,,,,,,,,,,,,,,
2128934,735c7f99f021f9ff62e5a60ce8c1626e03f15b7b43e9a0ac25d904129a8693133d8c2d0cedb5e35dcf9fbd0e18f924326fe933253b2be4bd99b3e2e2c7b80b84,08/15/2025 10:07:00 AM,2,DRIVER,,2029505,,NISSAN,QUEST,IL,2014,NONE,PASSENGER,PERSONAL,N,STRAIGHT AHEAD,,,1,,,,,,,,,,,,,,,Y,,,FRONT,,,,,,,,,,,,,,,,,,,,,,,,,,,,,,,,,
2128988,6d1bc8091d333d0772dc9a58fbf883a1a451f77f4b547feff8605be48db86e1163747950f627b71cc90e3b099874651d5d5085ab96819698d5300a3574dfd401,08/15/2025 10:00:00 AM,1,DRIVER,,2029555,,CHEVROLET,MALIBU,IL,2017,NONE,PASSENGER,PERSONAL,W,STRAIGHT AHEAD,,,1,,,,,Y,,,,,,,,,,Y,Y,,FRONT,,,,,,,,,,,,,,,,,,,,,,,,,,,,,,,,,
2128989,6d1bc8091d333d0772dc9a58fbf883a1a451f77f4b547feff8605be48db86e1163747950f627b71cc90e3b099874651d5d5085ab96819698d5300a3574dfd401,08/15/2025 10:00:00 AM,2,DRIVER,,2029556,,HYUNDAI,TUCSON,IL,,NONE,SPORT UTILITY VEHICLE (SUV),PERSONAL,W,SLOW/STOP IN TRAFFIC,,,1,,,,,,,,,,Y,,,,,,,,REAR,,,,,,,,,,,,,,,,,,,,,,,,,,,,,,,,,