CRASH_UNIT_ID,CRASH_RECORD_ID,CRASH_DATE,UNIT_NO,UNIT_TYPE,NUM_PASSENGERS,VEHICLE_ID,CMRC_VEH_I,MAKE,MODEL,LIC_PLATE_STATE,VEHICLE_YEAR,VEHICLE_DEFECT,VEHICLE_TYPE,VEHICLE_USE,TRAVEL_DIRECTION,MANEUVER,TOWED_I,FIRE_I,OCCUPANT_CNT,EXCEED_SPEED_LIMIT_I,TOWED_BY,TOWED_TO,AREA_00_I,AREA_01_I,AREA_02_I,AREA_03_I,AREA_04_I,AREA_05_I,AREA_06_I,AREA_07_I,AREA_08_I,AREA_09_I,AREA_10_I,AREA_11_I,AREA_12_I,AREA_99_I,FIRST_CONTACT_POINT,CMV_ID,USDOT_NO,CCMC_NO,ILCC_NO,COMMERCIAL_SRC,GVWR,CARRIER_NAME,CARRIER_STATE,CARRIER_CITY,HAZMAT_PLACARDS_I,HAZMAT_NAME,UN_NO,HAZMAT_PRESENT_I,HAZMAT_REPORT_I,HAZMAT_REPORT_NO,MCS_REPORT_I,MCS_REPORT_NO,HAZMAT_VIO_CAUSE_CRASH_I,MCS_VIO_CAUSE_CRASH_I,IDOT_PERMIT_NO,WIDE_LOAD_I,TRAILER1_WIDTH,TRAILER2_WIDTH,TRAILER1_LENGTH,TRAILER2_LENGTH,TOTAL_VEHICLE_LENGTH,AXLE_CNT,VEHICLE_CONFIG,CARGO_BODY_TYPE,LOAD_TYPE,HAZMAT_OUT_OF_SERVICE_I,MCS_OUT_OF_SERVICE_I,HAZMAT_CLASS
2129095,c9adc8434230050749120c3b9173ad7d4fb266a24d459a79879e05dd76dadeb3fd38e0c1fba5d9933b9aa5e6c39b5a60f43b91186f9bdd1e03855bb01ca9fd29,08/15/2025 10:00:00 AM,1,DRIVER,,2029692,,UNKNOWN,ENCLOSED BODY,,,OTHER,PASSENGER,PERSONAL,UNKNOWN,STRAIGHT AHEAD,,,1,,,,,,,,,,,,,,,,,Y,UNKNOWN,,,,,,,,,,,,,,,,,,,,,,,,,,,,,,,,,
2129096,c9adc8434230050749120c3b9173ad7d4fb266a24d459a79879e05dd76dadeb3fd38e0c1fba5d9933b9aa5e6c39b5a60f43b91186f9bdd1e03855bb01ca9fd29,08/15/2025 10:00:00 AM,2,PARKED,,2029733,,HONDA,ODYSSEY,IL,2014,UNKNOWN,VAN/MINI-VAN,PERSONAL,UNKNOWN,PARKED,,,0,,,,,,,,,,,Y,Y,Y,,,,,SIDE-LEFT-REAR,,,,,,,,,,,,,,,,,,,,,,,,,,,,,,,,,
2128925,0d3e684341d1a50aae19d620c160e1d695701695978f4f13dc00fe5b0a83dd977e975cade8c24a7766b7cb657562fc8562cd945093c33ea2c0acc8df6b5cebbb,08/15/2025 09:51:00 AM,1,DRIVER,,2029499,,TOYOTA,RAV4,IL,2020,NONE,PASSENGER,PERSONAL,W,TURNING LEFT,,,1,,,,,,,Y,Y,,,,,,,,,,SIDE-RIGHT,,,,,,,,,,,,,,,,,,,,,,,,,,,,,,,,,
2128926,0d3e684341d1a50aae19d620c160e1d695701695978f4f13dc00fe5b0a83dd977e975cade8c24a7766b7cb657562fc8562cd945093c33ea2c0acc8df6b5cebbb,08/15/2025 09:51:00 AM,2,BICYCLE,,,,,,,,,,,,,,,,,,,,,,,,,,,,,,,,,,,,,,,,,,,,,,,,,,,,,,,,,,,,,,,,,,
2128979,8942c5c0127d0bbc49ca9e0cb376a9c489a2c93c5599cca9861bada09d7c1eeeb11d351942f335f17f1b29063431bdfbc93f1e6bc64039aed9edf5846a43232b,08/15/2025 09:50:00 AM,1,DRIVER,,2029547,,INTERNATIONAL TRAILER CORPORATION,OTHER (EXPLAIN IN NARRATIVE),OH,2025,NONE,TRUCK - SINGLE UNIT,COMMERCIAL - SINGLE UNIT,W,BACKING,,,1,,,,,,,,,Y,,,,,,,,,SIDE-LEFT-REAR,,,,,,,,,,,,,,,,,,,,,,,,,,,,,,,,,
2128980,8942c5c0127d0bbc49ca9e0cb376a9c489a2c93c5599cca9861bada09d7c1eeeb11d351942f335f17f1b29063431bdfbc93f1e6bc64039aed9edf5846a43232b,08/15/2025 09:50:00 AM,2,PARKED,,2029553,,CHEVROLET,OTHER (EXPLAIN IN NARRATIVE),IL,2017,NONE,VAN/MINI-VAN,COMMERCIAL - SINGLE UNIT,E,PARKED,,,0,,,,,Y,,,,,,,,,,Y,Y,,FRONT,,,,,,,,,,,,,,,,,,,,,,,,,,,,,,,,,
2128935,6a131a72c62aafdf3738c7aaf2852a5d14e8f5356ba6d1d094941960e282edb141d3d679e0988e21eafcc66a04ee684a3d68b582f713d6a7e00814c13ed636ab,08/15/2025 09:40:00 AM,1,DRIVER,,2029503,,UNKNOWN,OTHER (EXPLAIN IN NARRATIVE),,,UNKNOWN,TRACTOR W/ SEMI-TRAILER,UNKNOWN/NA,E,TURNING RIGHT,,,1,,,,,,,,,,,,,,,,,Y,REAR-LEFT-CORNER,,,,,,,,,,,,,,,,,,,,,,,,,,,,,,,,,
2128936,6a131a72c62aafdf3738c7aaf2852a5d14e8f5356ba6d1d094941960e282edb141d3d679e0988e21eafcc66a04ee684a3d68b582f713d6a7e00814c13ed636ab,08/15/2025 09:40:00 AM,2,DRIVER,,2029507,,BMW,330I,IL,,NONE,SPORT UTILITY VEHICLE (SUV),PERSONAL,N,SLOW/STOP IN TRAFFIC,,,1,,,,,,,Y,Y,Y,,,,,,,,,SIDE-RIGHT,,,,,,,,,,,,,,,,,,,,,,,,,,,,,,,,,
2128927,53bb2086e91d7a15f0b7a967833fa049b767ddccd82637189253617ad5e4abe0c3c16e90a50ba653cc9d5f1fb2dd19b2ed1adf323d8de6a66579edb689021d36,08/15/2025 09:35:00 AM,1,DRIVER,,2029500,,CHEVROLET,BLAZER,IL,2006,NONE,SPORT UTILITY VEHICLE (SUV),PERSONAL,N,STRAIGHT AHEAD,,,1,,,,,,,,,,,,,,,,Y,,FRONT,,,,,,,,,,,,,,,,,,,,,,,,,,,,,,,,,
2128928,53bb2086e91d7a15f0b7a967833fa049b767ddccd82637189253617ad5e4abe0c3c16e90a50ba653cc9d5f1fb2dd19b2ed1adf323d8de6a66579edb689021d36,08/15/2025 09:35:00 AM,2,DRIVER,,2029512,,HONDA,HR-V,IL,2024,NONE,SPORT UTILITY VEHICLE (SUV),PERSONAL,E,STRAIGHT AHEAD,,,1,,,,,,Y,Y,Y,,,,N,N,N,,,,SIDE-RIGHT,,,,,,,,,,,,,,,,,,,,,,,,,,,,,,,,,
2128945,9152db78a15406bb746c805b37128096b1df9c1c3417efdc7c23cf339d2b62a0c6363483ba048baa0f46887d031ada652ea76642cacc9ec1d52764712a3b6615,08/15/2025 09:30:00 AM,1,DRIVER,,2029510,,VOLKSWAGEN,ARTEON,IL,2023,NONE,PASSENGER,PERSONAL,S,U-TURN,,,1,,,,,Y,Y,,,,,,,,,,,,FRONT-RIGHT-CORNER,,,,,,,,,,,,,,,,,,,,,,,,,,,,,,,,,
2128946,9152db78a15406bb746c805b37128096b1df9c1c3417efdc7c23cf339d2b62a0c6363483ba048baa0f46887d031ada652ea76642cacc9ec1d52764712a3b6615,08/15/2025 09:30:00 AM,2,DRIVER,,2029516,,HYUNDAI,SONATA,IL,2010,NONE,PASSENGER,PERSONAL,N,STRAIGHT AHEAD,,,1,,,,,,,,,,,,,,Y,Y,,,FRONT-LEFT-CORNER,,,,,,,,,,,,,,,,,,,,,,,,,,,,,,,,,
2129012,fecb2fc3b74b78d6676f7e9d4cfb2aecb983a15b791aed42ac98fd970f7d392908a3eac38584bfdbbe04fd2350c27125a0bd3c963ccb381ef30b66ed499f5ef3,08/15/2025 09:25:00 AM,1,DRIVER,,2029580,,TOYOTA,CAMRY,IL,2004,NONE,PASSENGER,PERSONAL,S,STRAIGHT AHEAD,,,1,,,,Y,,,,,,,,,,,,,,SIDE-LEFT-FRONT,,,,,,,,,,,,,,,,,,,,,,,,,,,,,,,,,
2129013,fecb2fc3b74b78d6676f7e9d4cfb2aecb983a15b791aed42ac98fd970f7d392908a3eac38584bfdbbe04fd2350c27125a0bd3c963ccb381ef30b66ed499f5ef3,08/15/2025 09:25:00 AM,2,DRIVER,,2029585,,AUDI,A4,IL,2003,NONE,PASSENGER,PERSONAL,S,PASSING/OVERTAKING,,,1,,,,,,Y,,,,,,,,,,,,OTHER,,,,,,,,,,,,,,,,,,,,,,,,,,,,,,,,,
2128889,1f1f4d4bcd1cd16926b652d3cdbea42499c9320f41874c5aeb2181e55d449daea26d9ea5e5e8290618c274119dd8906ca4b038df3fc7362c67929edf11ad1a64,08/15/2025 09:15:00 AM,1,DRIVER,,2029462,,HYUNDAI,SANTA FE,IL,2013,UNKNOWN,SPORT UTILITY VEHICLE (SUV),PERSONAL,W,STRAIGHT AHEAD,,,1,,,,,,,,,,,,,,,,Y,,FRONT,,,,,,,,,,,,,,,,,,,,,,,,,,,,,,,,,
2128890,1f1f4d4bcd1cd16926b652d3cdbea42499c9320f41874c5aeb2181e55d449daea26d9ea5e5e8290618c274119dd8906ca4b038df3fc7362c67929edf11ad1a64,08/15/2025 09:15:00 AM,2,DRIVER,,2029472,,UNKNOWN,OTHER (EXPLAIN IN NARRATIVE),IL,,UNKNOWN,PASSENGER,PERSONAL,W,STRAIGHT AHEAD,,,1,,,,,,,,,,Y,,,,,,,,REAR,,,,,,,,,,,,,,,,,,,,,,,,,,,,,,,,,
2128897,c78427dda37adc1a52fbfecc20ad6fe46f28f546c2afca2557caa8d5d73e353d734b8c760fc58b4e8820ac48b03a10ee9ed59895eceae4409880e7d174884fe0,08/15/2025 09:14:00 AM,1,DRIVER,,2029469,,KIA,SEDONA,IL,2009,NONE,PASSENGER,PERSONAL,E,STRAIGHT AHEAD,,,1,,,,,,,,,,,,,,,Y,,,FRONT-LEFT-CORNER,,,,,,,,,,,,,,,,,,,,,,,,,,,,,,,,,
2128898,c78427dda37adc1a52fbfecc20ad6fe46f28f546c2afca2557caa8d5d73e353d734b8c760fc58b4e8820ac48b03a10ee9ed59895eceae4409880e7d174884fe0,08/15/2025 09:14:00 AM,2,DRIVER,,2029480,,HYUNDAI,SONATA,IL,2017,NONE,PASSENGER,PERSONAL,S,STRAIGHT AHEAD,,,1,,,,,Y,,,,,,,,,,,,,FRONT-RIGHT-CORNER,,,,,,,,,,,,,,,,,,,,,,,,,,,,,,,,,
2128990,a5b7aa5bcbf7e2dacbd79316f4ade71e9508d99885ce6e05965ae2f646c2711cd69ddd1d0e43e34b0068841f8837a967cff4f61083cf831885630fcc2e38bcd2,08/15/2025 09:12:00 AM,1,DRIVER,,2029562,,HYUNDAI,ELANTRA,IL,2011,NONE,PASSENGER,PERSONAL,W,STRAIGHT AHEAD,Y,,1,,City of chicago,701 N Sacramento,,Y,,,,,,,,,,Y,Y,N,FRONT,,,,,,,,,,,,,,,,,,,,,,,,,,,,,,,,,
2128997,a5b7aa5bcbf7e2dacbd79316f4ade71e9508d99885ce6e05965ae2f646c2711cd69ddd1d0e43e34b0068841f8837a967cff4f61083cf831885630fcc2e38bcd2,08/15/2025 09:12:00 AM,2,BICYCLE,,,,,,,,,,,,,,,,,,,,,,,,,,,,,,,,,,,,,,,,,,,,,,,,,,,,,,,,,,,,,,,,,,
2129190,05cc50e454b297b1b139f8d18f0983b19bcee702fa7505dd47b2eb6a85c06e246420bec1daa362e3be87ab5f10e3d69055fa5aa46149d2e8cabe5f7d5e15bab7,08/15/2025 09:00:00 AM,1,DRIVER,,2029738,,HONDA,OTHER (EXPLAIN IN NARRATIVE),IL,2006,UNKNOWN,UNKNOWN/NA,UNKNOWN/NA,E,TURNING LEFT,,,1,,,,,,,,,,,,,,,,Y,,FRONT,,,,,,,,,,,,,,,,,,,,,,,,,,,,,,,,,
2129191,05cc50e454b297b1b139f8d18f0983b19bcee702fa7505dd47b2eb6a85c06e246420bec1daa362e3be87ab5f10e3d69055fa5aa46149d2e8cabe5f7d5e15bab7,08/15/2025 09:00:00 AM,2,PEDESTRIAN,,,,,,,,,,,,,,,,,,,,,,,,,,,,,,,,,,,,,,,,,,,,,,,,,,,,,,,,,,,,,,,,,,
2128887,41ec119f28747b5d5a2dd251488b6802c9a5fa318db1ed1290d1eaead5c97fd1a58741b144572ee4e60bf9a72330be45c65a289dadef558c33183efba2fe6def,08/15/2025 09:00:00 AM,1,DRIVER,,2029460,,NISSAN,ROGUE,IL,2009,NONE,PASSENGER,PERSONAL,E,STRAIGHT AHEAD,,,1,,,,,,,,,,,,,,,,Y,,FRONT,,,,,,,,,,,,,,,,,,,,,,,,,,,,,,,,,
2128888,41ec119f28747b5d5a2dd251488b6802c9a5fa318db1ed1290d1eaead5c97fd1a58741b144572ee4e60bf9a72330be45c65a289dadef558c33183efba2fe6def,08/15/2025 09:00:00 AM,2,DRIVER,,2029470,,NISSAN,PATHFINDER,IL,2023,NONE,PASSENGER,PERSONAL,E,STRAIGHT AHEAD,,,1,,,,,,,,,,Y,,,,,,,,REAR,,,,,,,,,,,,,,,,,,,,,,,,,,,,,,,,,
2133328,4d3094d95555139796d12d8307d042b9159f6c66de19d2505727e6c07609b2878f92dc81cdbf9bbe46400665848fa4100ad04e71fbab7689693db412fa941a72,08/15/2025 09:00:00 AM,1,DRIVER,,2033640,,UNKNOWN,MOTORIZED,,,UNKNOWN,UNKNOWN/NA,UNKNOWN/NA,UNKNOWN,UNKNOWN/NA,,,1,,,,,,,,,,,,,,,,,Y,UNKNOWN,,,,,,,,,,,,,,,,,,,,,,,,,,,,,,,,,
2133329,4d3094d95555139796d12d8307d042b9159f6c66de19d2505727e6c07609b2878f92dc81cdbf9bbe46400665848fa4100ad04e71fbab7689693db412fa941a72,08/15/2025 09:00:00 AM,2,PARKED,,2033646,,TOYOTA,COROLLA,IL,2016,UNKNOWN,PASSENGER,NOT IN USE,N,PARKED,,,0,,,,,,,,,,Y,Y,Y,,,,,,REAR-LEFT-CORNER,,,,,,,,,,,,,,,,,,,,,,,,,,,,,,,,,
2129540,58f509051b4ee538b7529e420054645e64cfa0ad9df57450023e9c3bdc714de387f8c19576c97a47971489797068822a1200a1fce702d0448c3f8884d1c79fc5,08/15/2025 09:00:00 AM,1,DRIVER,,2030077,,UNKNOWN,OTHER (EXPLAIN IN NARRATIVE),IL,,UNKNOWN,UNKNOWN/NA,UNKNOWN/NA,UNKNOWN,UNKNOWN/NA,,,1,,,,,,,,,,,,,,,,,Y,UNKNOWN,,,,,,,,,,,,,,,,,,,,,,,,,,,,,,,,,
2129541,58f509051b4ee538b7529e420054645e64cfa0ad9df57450023e9c3bdc714de387f8c19576c97a47971489797068822a1200a1fce702d0448c3f8884d1c79fc5,08/15/2025 09:00:00 AM,2,PARKED,,2030078,,JEEP,WRANGLER,IL,2023,NONE,SPORT UTILITY VEHICLE (SUV),NOT IN USE,W,PARKED,,,0,,,,,,,,,,Y,Y,Y,,,,,,REAR,,,,,,,,,,,,,,,,,,,,,,,,,,,,,,,,,
2129181,bc05d60b97dac40e20ee062e8e74bf052a170e25c89cad2cda7ba9abed6b332fa892d3c1bc8119b27aff877f0442ff2d28f0ae1f71a74b79df2e2858f925d5b0,08/15/2025 09:00:00 AM,1,DRIVER,,2029841,,CHEVROLET,OTHER (EXPLAIN IN NARRATIVE),IL,2014,UNKNOWN,UNKNOWN/NA,UNKNOWN/NA,N,UNKNOWN/NA,,,1,,,,,Y,Y,Y,Y,Y,,,,,,,,N,FRONT-RIGHT-CORNER,,,,,,,,,,,,,,,,,,,,,,,,,,,,,,,,,
2129182,bc05d60b97dac40e20ee062e8e74bf052a170e25c89cad2cda7ba9abed6b332fa892d3c1bc8119b27aff877f0442ff2d28f0ae1f71a74b79df2e2858f925d5b0,08/15/2025 09:00:00 AM,2,DRIVER,1,2029853,,CHEVROLET,OTHER (EXPLAIN IN NARRATIVE),IL,2014,UNKNOWN,UNKNOWN/NA,UNKNOWN/NA,N,STRAIGHT AHEAD,,,2,,,,,,,,,,,Y,Y,Y,Y,Y,,,SIDE-LEFT,,,,,,,,,,,,,,,,,,,,,,,,,,,,,,,,,
2128859,c68d7e42a55249a84c0918ca9acc4e6fccf3293a4e0e1ec25e26ba64388ef522c9b48c36d61523277a92b645cf6d915069e7a7e2b9c91d6d8dc44840a4596dac,08/15/2025 09:00:00 AM,1,DRIVER,,2029435,,NISSAN,ROGUE,NV,2024,NONE,SPORT UTILITY VEHICLE (SUV),PERSONAL,E,NEGOTIATING A CURVE,,,1,,,,,,,,,,,,,,Y,Y,,,FRONT-LEFT-CORNER,,,,,,,,,,,,,,,,,,,,,,,,,,,,,,,,,
2128860,c68d7e42a55249a84c0918ca9acc4e6fccf3293a4e0e1ec25e26ba64388ef522c9b48c36d61523277a92b645cf6d915069e7a7e2b9c91d6d8dc44840a4596dac,08/15/2025 09:00:00 AM,2,DRIVER,,2029438,,HONDA,CIVIC,IL,2025,NONE,PASSENGER,PERSONAL,E,NEGOTIATING A CURVE,,,1,,,,,,,,Y,Y,,,,,,,,,REAR-RIGHT-CORNER,,,,,,,,,,,,,,,,,,,,,,,,,,,,,,,,,
2128863,7618a2b042f480c6e9d623c1c32dbdc7e0a79cd0fb7943c008ed35cc720e3718b71b2f0cd0e7fa2a36d32c99cf7d21051cc2efc8e568e51932df3e682c462d29,08/15/2025 08:50:00 AM,1,DRIVER,,2029439,,MERCEDES-BENZ,GLS,IL,2023,UNKNOWN,PASSENGER,UNKNOWN/NA,N,STRAIGHT AHEAD,,,1,,,,,Y,,,,,,,,,,Y,Y,,FRONT,,,,,,,,,,,,,,,,,,,,,,,,,,,,,,,,,
2128864,7618a2b042f480c6e9d623c1c32dbdc7e0a79cd0fb7943c008ed35cc720e3718b71b2f0cd0e7fa2a36d32c99cf7d21051cc2efc8e568e51932df3e682c462d29,08/15/2025 08:50:00 AM,2,DRIVER,,2029453,,LEXUS,IS350,IL,2022,UNKNOWN,PASSENGER,PERSONAL,N,SLOW/STOP IN TRAFFIC,,,1,,,,,,,,,Y,Y,Y,,,,,,,REAR,,,,,,,,,,,,,,,,,,,,,,,,,,,,,,,,,
2128871,693278da91b87bd1734ae982047b14569ca89e89ae6195f5736f24f0aded16c71a899afef9ba270833b6ebafa1e6af0aec4ad399faa83d98e1c032f1e4390b85,08/15/2025 08:47:00 AM,1,DRIVER,,2029444,,GENERAL MOTORS CORPORATION (GMC),TERRAIN,,,UNKNOWN,PASSENGER,UNKNOWN/NA,UNKNOWN,STRAIGHT AHEAD,,,1,,,,,,Y,,,,,,,,,,,,TOTAL (ALL AREAS),,,,,,,,,,,,,,,,,,,,,,,,,,,,,,,,,
2128872,693278da91b87bd1734ae982047b14569ca89e89ae6195f5736f24f0aded16c71a899afef9ba270833b6ebafa1e6af0aec4ad399faa83d98e1c032f1e4390b85,08/15/2025 08:47:00 AM,2,DRIVER,1,2029455,,FORD,OTHER (EXPLAIN IN NARRATIVE),IL,2020,UNKNOWN,BUS UP TO 15 PASS.,OTHER,W,STRAIGHT AHEAD,,,2,,,,,,,,,,,,,,,,,,SIDE-RIGHT,,,,,,,,,,,,,,,,,,,,,,,,,,,,,,,,,
2129136,89236bfeafe55a040b2482d702b1940f63ef5bea07119741d8f16a75748f1eb5fcd80c48b15755ac0d577ab614e35404389f00ffc725e655043fabc9aa94963c,08/15/2025 08:41:00 AM,1,DRIVER,,2029685,,FORD,TRANSIT,IL,2013,UNKNOWN,VAN/MINI-VAN,PERSONAL,E,STRAIGHT AHEAD,,,1,,,,,,,,,,,,,,,,,Y,FRONT,,,,,,,,,,,,,,,,,,,,,,,,,,,,,,,,,
2129137,89236bfeafe55a040b2482d702b1940f63ef5bea07119741d8f16a75748f1eb5fcd80c48b15755ac0d577ab614e35404389f00ffc725e655043fabc9aa94963c,08/15/2025 08:41:00 AM,2,DRIVER,,2029697,,BMW,525IA,IL,2003,UNKNOWN,PASSENGER,PERSONAL,E,STRAIGHT AHEAD,,,1,,,,,,,,,Y,Y,Y,,,,,,,REAR,,,,,,,,,,,,,,,,,,,,,,,,,,,,,,,,,
2128907,7a3262c09825c51cb10cebc0d9325df057390279de2061b2eef0be96e0f92a84318e55a52a3d267cc62659a742c69594ac8aee02ae05438ab174cb4c72d60360,08/15/2025 08:40:00 AM,1,DRIVER,,2029474,,TESLA,MODEL Y,IL,2024,NONE,PASSENGER,PERSONAL,N,STRAIGHT AHEAD,,,1,,,,,,Y,,Y,,,,,,,,,,SIDE-RIGHT-FRONT,,,,,,,,,,,,,,,,,,,,,,,,,,,,,,,,,
2128908,7a3262c09825c51cb10cebc0d9325df057390279de2061b2eef0be96e0f92a84318e55a52a3d267cc62659a742c69594ac8aee02ae05438ab174cb4c72d60360,08/15/2025 08:40:00 AM,2,BICYCLE,,,,,,,,,,,,,,,,,,,,,,,,,,,,,,,,,,,,,,,,,,,,,,,,,,,,,,,,,,,,,,,,,,
2128849,e13ae053f455b3b4a380475c3f645a6583bc8ee72acab5b36c05b8200df60d2b420c981766a71ffa51a172b2bd6937970bb10c7abf39ad6e0f3cfa34cfeb9911,08/15/2025 08:40:00 AM,1,DRIVER,,2029424,,UNKNOWN,OTHER (EXPLAIN IN NARRATIVE),IL,,UNKNOWN,VAN/MINI-VAN,UNKNOWN/NA,S,PASSING/OVERTAKING,,,1,,,,,,Y,,,,,,,,,,,,SIDE-RIGHT-FRONT,,,,,,,,,,,,,,,,,,,,,,,,,,,,,,,,,
2128850,e13ae053f455b3b4a380475c3f645a6583bc8ee72acab5b36c05b8200df60d2b420c981766a71ffa51a172b2bd6937970bb10c7abf39ad6e0f3cfa34cfeb9911,08/15/2025 08:40:00 AM,2,DRIVER,,2029426,,UNKNOWN,OTHER (EXPLAIN IN NARRATIVE),IL,,UNKNOWN,SPORT UTILITY VEHICLE (SUV),UNKNOWN/NA,S,PASSING/OVERTAKING,,,1,,,,,N,Y,,,,,,,,,,,,SIDE-RIGHT-FRONT,,,,,,,,,,,,,,,,,,,,,,,,,,,,,,,,,
2128851,e13ae053f455b3b4a380475c3f645a6583bc8ee72acab5b36c05b8200df60d2b420c981766a71ffa51a172b2bd6937970bb10c7abf39ad6e0f3cfa34cfeb9911,08/15/2025 08:40:00 AM,3,DRIVER,,2029430,,NOVA BUS,OTHER (EXPLAIN IN NARRATIVE),IL,2024,NONE,BUS OVER 15 PASS.,CTA,S,OTHER,,,1,,,,,,,,,,,,,,Y,,,,SIDE-LEFT-FRONT,,,,,,,,,,,,,,,,,,,,,,,,,,,,,,,,,
2128885,f8bced0d93b02970beaf8bfc32483bff04225b519b3a3d5acd66b7d8bcd5db222dca012b456d477cdf48267e8375e78e03154007b33cd5ef160b4551b7ef45d3,08/15/2025 08:33:00 AM,1,PARKED,,2029456,,TOYOTA,COROLLA,IL,2006,UNKNOWN,PASSENGER,PERSONAL,S,PARKED,,,0,,,,Y,,,,,,,,,Y,,,,,SIDE-LEFT-FRONT,,,,,,,,,,,,,,,,,,,,,,,,,,,,,,,,,
2128886,f8bced0d93b02970beaf8bfc32483bff04225b519b3a3d5acd66b7d8bcd5db222dca012b456d477cdf48267e8375e78e03154007b33cd5ef160b4551b7ef45d3,08/15/2025 08:33:00 AM,2,BICYCLE,,,,,,,,,,,,,,,,,,,,,,,,,,,,,,,,,,,,,,,,,,,,,,,,,,,,,,,,,,,,,,,,,,
2129154,e36fe34cbb2626fe33a2bfc00e42a0057f4157df8c0103bd710b185c3bce02ddacbdd88fb873beb187306e9300e3379d69a01879e33f259adf76098b7ab898a7,08/15/2025 08:30:00 AM,1,DRIVER,,2029702,,HONDA,CR-V,IL,2009,NONE,SPORT UTILITY VEHICLE (SUV),PERSONAL,E,BACKING,,,1,,,,Y,,,,,,,,,,,,,,REAR,,,,,,,,,,,,,,,,,,,,,,,,,,,,,,,,,
2129155,e36fe34cbb2626fe33a2bfc00e42a0057f4157df8c0103bd710b185c3bce02ddacbdd88fb873beb187306e9300e3379d69a01879e33f259adf76098b7ab898a7,08/15/2025 08:30:00 AM,2,DRIVER,,2029709,,NISSAN,ALTIMA,IL,1998,NONE,PASSENGER,PERSONAL,W,SLOW/STOP IN TRAFFIC,,,1,,,,,Y,,,,,,,,,,Y,Y,,FRONT,,,,,,,,,,,,,,,,,,,,,,,,,,,,,,,,,
2128923,7ff4e4442b4e511ff37ce6f22ff48d13fb2ee8b932bccc311adff23b49870a616fec39a500d333e0c8728a79d61d4d0ad074b7b24f8f811df81f6d993435ad36,08/15/2025 08:15:00 AM,1,DRIVER,,2029494,,TESLA,MODEL Y,IL,2025,UNKNOWN,PASSENGER,OTHER,S,TURNING RIGHT,,,1,,,,,,,,,,,,,,,Y,,,FRONT-LEFT-CORNER,,,,,,,,,,,,,,,,,,,,,,,,,,,,,,,,,
2128924,7ff4e4442b4e511ff37ce6f22ff48d13fb2ee8b932bccc311adff23b49870a616fec39a500d333e0c8728a79d61d4d0ad074b7b24f8f811df81f6d993435ad36,08/15/2025 08:15:00 AM,2,DRIVER,,2029501,,TOYOTA,CAMRY,IL,2012,UNKNOWN,PASSENGER,PERSONAL,S,STRAIGHT AHEAD,,,1,,,,,,,Y,,,,,,,,,,,SIDE-RIGHT,,,,,,,,,,,,,,,,,,,,,,,,,,,,,,,,,
2129323,5d1159e81f77c4bee740a7528400a26b9620e776453aba286b296ce8eac7c7a310fe73d83a91b4462931b5ed5fb17d809c6629c16207a00b481a9bc7e1e6ffc3,08/15/2025 08:14:00 AM,1,DRIVER,,2029868,,TOYOTA,RAV4,IL,2018,UNKNOWN,SPORT UTILITY VEHICLE (SUV),PERSONAL,N,STRAIGHT AHEAD,,,1,,,,,Y,,,,,,,,,,,Y,,SIDE-RIGHT-FRONT,,,,,,,,,,,,,,,,,,,,,,,,,,,,,,,,,
2129324,5d1159e81f77c4bee740a7528400a26b9620e776453aba286b296ce8eac7c7a310fe73d83a91b4462931b5ed5fb17d809c6629c16207a00b481a9bc7e1e6ffc3,08/15/2025 08:14:00 AM,2,DRIVER,,2029880,,TOYOTA,TUNDRA,IL,2024,UNKNOWN,PICKUP,PERSONAL,N,STRAIGHT AHEAD,,,1,,,,,,,,,,Y,Y,,,,,,,REAR,,,,,,,,,,,,,,,,,,,,,,,,,,,,,,,,,
2128833,c9e97faae73598e87fd6cea109c369b0a03eac38265bb4fac060dbb1fa5918bdeabebe54991d169ca6554cc88d1f7f164b08e06ed8ee1dcf5a0ee6e20ddbd971,08/15/2025 08:12:00 AM,1,DRIVER,,2029413,N,FORD,OTHER (EXPLAIN IN NARRATIVE),CA,,NONE,TRACTOR W/ SEMI-TRAILER,COMMERCIAL - SINGLE UNIT,E,BACKING,,,1,,,,Y,,,,,,,,,,,,,,NONE,,,,,,,,,,,,,,,,,,,,,,,,,,,,,,,,,
2128834,c9e97faae73598e87fd6cea109c369b0a03eac38265bb4fac060dbb1fa5918bdeabebe54991d169ca6554cc88d1f7f164b08e06ed8ee1dcf5a0ee6e20ddbd971,08/15/2025 08:12:00 AM,2,PARKED,,2029419,N,CHEVROLET,OTHER (EXPLAIN IN NARRATIVE),IL,,NONE,TRACTOR W/ SEMI-TRAILER,COMMERCIAL - SINGLE UNIT,E,PARKED,,,0,,,,,,,,,,,,,,,Y,,,SIDE-LEFT,,,,,,,,,,,,,,,,,,,,,,,,,,,,,,,,,
2130296,18a1498fe98742ebc77e1c91475eb347142f6ffaabab96c362d915d72c17e17655a48cb92feb6af93dac693dc8c47cb94547b5294e5b614e83b53270bcd9cbc7,08/15/2025 08:09:00 AM,1,DRIVER,,2030792,,CHEVROLET,TRAVERSE,IL,2021,UNKNOWN,PASSENGER,PERSONAL,S,STRAIGHT AHEAD,,,1,,,,,Y,,,,,,,,,,Y,Y,,FRONT,,,,,,,,,,,,,,,,,,,,,,,,,,,,,,,,,