CRASH_UNIT_ID,CRASH_RECORD_ID,CRASH_DATE,UNIT_NO,UNIT_TYPE,NUM_PASSENGERS,VEHICLE_ID,CMRC_VEH_I,MAKE,MODEL,LIC_PLATE_STATE,VEHICLE_YEAR,VEHICLE_DEFECT,VEHICLE_TYPE,VEHICLE_USE,TRAVEL_DIRECTION,MANEUVER,TOWED_I,FIRE_I,OCCUPANT_CNT,EXCEED_SPEED_LIMIT_I,TOWED_BY,TOWED_TO,AREA_00_I,AREA_01_I,AREA_02_I,AREA_03_I,AREA_04_I,AREA_05_I,AREA_06_I,AREA_07_I,AREA_08_I,AREA_09_I,AREA_10_I,AREA_11_I,AREA_12_I,AREA_99_I,FIRST_CONTACT_POINT,CMV_ID,USDOT_NO,CCMC_NO,ILCC_NO,COMMERCIAL_SRC,GVWR,CARRIER_NAME,CARRIER_STATE,CARRIER_CITY,HAZMAT_PLACARDS_I,HAZMAT_NAME,UN_NO,HAZMAT_PRESENT_I,HAZMAT_REPORT_I,HAZMAT_REPORT_NO,MCS_REPORT_I,MCS_REPORT_NO,HAZMAT_VIO_CAUSE_CRASH_I,MCS_VIO_CAUSE_CRASH_I,IDOT_PERMIT_NO,WIDE_LOAD_I,TRAILER1_WIDTH,TRAILER2_WIDTH,TRAILER1_LENGTH,TRAILER2_LENGTH,TOTAL_VEHICLE_LENGTH,AXLE_CNT,VEHICLE_CONFIG,CARGO_BODY_TYPE,LOAD_TYPE,HAZMAT_OUT_OF_SERVICE_I,MCS_OUT_OF_SERVICE_I,HAZMAT_CLASS
2130297,18a1498fe98742ebc77e1c91475eb347142f6ffaabab96c362d915d72c17e17655a48cb92feb6af93dac693dc8c47cb94547b5294e5b614e83b53270bcd9cbc7,08/15/2025 08:09:00 AM,2,DRIVER,,2030795,,KIA,SPORTAGE,IL,2024,NONE,PASSENGER,PERSONAL,S,STRAIGHT AHEAD,,,1,,,,,,,,,Y,Y,Y,,,,,,,REAR,,,,,,,,,,,,,,,,,,,,,,,,,,,,,,,,,
2128839,c4c96abf397ec60e1217ea62cf5ed6afcc1e495caa2688aa0c75ad3ae798d07996566e24671830dff65cce6b430bc068ca7f37c5643a0b1e41749c2dca31968a,08/15/2025 08:00:00 AM,1,DRIVER,,2029418,,JEEP,PATRIOT,IL,2015,NONE,SPORT UTILITY VEHICLE (SUV),PERSONAL,E,PASSING/OVERTAKING,,,1,,,,,,,,,,,,,,,,,Y,FRONT-RIGHT-CORNER,,,,,,,,,,,,,,,,,,,,,,,,,,,,,,,,,
2128840,c4c96abf397ec60e1217ea62cf5ed6afcc1e495caa2688aa0c75ad3ae798d07996566e24671830dff65cce6b430bc068ca7f37c5643a0b1e41749c2dca31968a,08/15/2025 08:00:00 AM,2,DRIVER,,2029422,,HYUNDAI,ELANTRA,IL,2015,NONE,PASSENGER,PERSONAL,E,SLOW/STOP IN TRAFFIC,,,1,,,,,,,,,,,Y,,,,,,,REAR-LEFT-CORNER,,,,,,,,,,,,,,,,,,,,,,,,,,,,,,,,,
2128857,db9ade977ac7e81d3b946942f50e1198a99b671eb99dd366883013f3fcc1b5ab2519bf4b9dbf2281dbc196808e904946c87b3c6c4d11d8db1331c01c20d7941a,08/15/2025 08:00:00 AM,1,DRIVER,,2029452,,JEEP,CHEROKEE,IL,2014,UNKNOWN,PASSENGER,PERSONAL,N,STRAIGHT AHEAD,,,1,,,,,,,,,,,,,,Y,,,,SIDE-LEFT,,,,,,,,,,,,,,,,,,,,,,,,,,,,,,,,,
2128858,db9ade977ac7e81d3b946942f50e1198a99b671eb99dd366883013f3fcc1b5ab2519bf4b9dbf2281dbc196808e904946c87b3c6c4d11d8db1331c01c20d7941a,08/15/2025 08:00:00 AM,2,DRIVER,,2029459,,BLUE BIRD BODY COMPANY,BLUE BIRD BODY CO.,IL,2016,NONE,BUS OVER 15 PASS.,SCHOOL BUS,N,SLOW/STOP IN TRAFFIC,,,1,,,,,,,,,,,,,,Y,,,,SIDE-LEFT,,,,,,,,,,,,,,,,,,,,,,,,,,,,,,,,,
2128965,dfd314d8e6a7fa51ce308161b93c05c6dcb5d8f347f85f85a550a92168119132331dc343646f42a324d1a301131cbfc4f834a67d141ff3c093cba44d8e058f01,08/15/2025 08:00:00 AM,1,DRIVER,,2029531,,UNKNOWN,OTHER (EXPLAIN IN NARRATIVE),,,UNKNOWN,UNKNOWN/NA,UNKNOWN/NA,UNKNOWN,UNKNOWN/NA,,,1,,,,,,,,,,,,,,,,,Y,UNKNOWN,,,,,,,,,,,,,,,,,,,,,,,,,,,,,,,,,
2128901,763ff16dae4da6ee79a5991e22a37ed0381913f334054b22ccf383139135490456537e326caa0dbad844a1470e69195168488b9ebdba4bd471470f60ad6c2a88,08/15/2025 07:59:00 AM,1,DRIVER,,2029471,,FORD,OTHER (EXPLAIN IN NARRATIVE),IL,2011,UNKNOWN,PASSENGER,UNKNOWN/NA,W,PASSING/OVERTAKING,,,1,,,,,,,,,,,N,,,,,,Y,UNKNOWN,,,,,,,,,,,,,,,,,,,,,,,,,,,,,,,,,
2128902,763ff16dae4da6ee79a5991e22a37ed0381913f334054b22ccf383139135490456537e326caa0dbad844a1470e69195168488b9ebdba4bd471470f60ad6c2a88,08/15/2025 07:59:00 AM,2,DRIVER,,2029481,,FORD,OTHER (EXPLAIN IN NARRATIVE),IL,2020,NONE,BUS OVER 15 PASS.,CTA,W,STRAIGHT AHEAD,,,1,,,,,,,,,,,Y,,,,,,,REAR-LEFT-CORNER,,,,,,,,,,,,,,,,,,,,,,,,,,,,,,,,,
2128841,4278b2ea267f32a1b4ef391f0d35dd4e061e6ca50a9e4aaeffb574751639f85b1bd857723714d370fadea77d1f659ce93d9c67330db6d22e06170e03a4bbd3ba,08/15/2025 07:58:00 AM,1,DRIVER,1,2029421,,FORD,TRANSIT,IL,2024,NONE,VAN/MINI-VAN,OTHER,S,BACKING,,,2,,,,,,,,,,Y,Y,,,,,,,REAR,,,,,,,,,,,,,,,,,,,,,,,,,,,,,,,,,
2128842,4278b2ea267f32a1b4ef391f0d35dd4e061e6ca50a9e4aaeffb574751639f85b1bd857723714d370fadea77d1f659ce93d9c67330db6d22e06170e03a4bbd3ba,08/15/2025 07:58:00 AM,2,PARKED,,2029423,,TESLA,MODEL X,IL,2020,UNKNOWN,PASSENGER,PERSONAL,S,PARKED,,,0,,,,,,,,,Y,Y,Y,,,,,,,REAR,,,,,,,,,,,,,,,,,,,,,,,,,,,,,,,,,
2128883,4e14513407798696324ebb1f701cbd7736eed4bb718d7bc7e98b37f039a5565c45779b82d20a33e909be9ba7522bf3db58a330fded7d65307e8909112acc0497,08/15/2025 07:50:00 AM,1,DRIVER,,2029450,,UNKNOWN,MOTORIZED,,,OTHER,UNKNOWN/NA,UNKNOWN/NA,UNKNOWN,STRAIGHT AHEAD,,,1,,,,,,,,,,,,,,,,,Y,UNKNOWN,,,,,,,,,,,,,,,,,,,,,,,,,,,,,,,,,
2128884,4e14513407798696324ebb1f701cbd7736eed4bb718d7bc7e98b37f039a5565c45779b82d20a33e909be9ba7522bf3db58a330fded7d65307e8909112acc0497,08/15/2025 07:50:00 AM,2,PARKED,,2029454,,FORD,EXPEDITION,IL,2010,UNKNOWN,SPORT UTILITY VEHICLE (SUV),PERSONAL,E,PARKED,Y,,0,,PRIVATE TOW,UNK,,,,,,,Y,Y,,,,,,,REAR-LEFT-CORNER,,,,,,,,,,,,,,,,,,,,,,,,,,,,,,,,,
2128835,a586bb47dc1e3a5a114b3c1e7f1208e88769443cd3b12c9543a0dc9fc91ea718cba8835d3072a4d19491aca766c740191b634ba30cfeed2550f40d3a9b838259,08/15/2025 07:50:00 AM,1,DRIVER,,2029410,,UNKNOWN,OTHER (EXPLAIN IN NARRATIVE),IL,2017,NONE,OTHER,COMMERCIAL - SINGLE UNIT,S,STRAIGHT AHEAD,,,1,,,,,Y,,,,,,,,,,,,,FRONT-RIGHT-CORNER,,,,,,,,,,,,,,,,,,,,,,,,,,,,,,,,,
2128836,a586bb47dc1e3a5a114b3c1e7f1208e88769443cd3b12c9543a0dc9fc91ea718cba8835d3072a4d19491aca766c740191b634ba30cfeed2550f40d3a9b838259,08/15/2025 07:50:00 AM,2,PARKED,,2029412,,BUICK,ENCORE,IL,,NONE,PASSENGER,PERSONAL,S,PARKED,,,0,,,,,,,,,,,,Y,Y,,,,,SIDE-LEFT,,,,,,,,,,,,,,,,,,,,,,,,,,,,,,,,,
2128866,d89202e64094c26d7dabb1972833382a3d5331aff8f44b6e6164608ec680804278abeaaa19ce36b5e45133796eee0901329900561b4606ccba2fb50403c200fe,08/15/2025 07:50:00 AM,1,DRIVER,,2029437,,UNKNOWN,OTHER (EXPLAIN IN NARRATIVE),,,UNKNOWN,UNKNOWN/NA,UNKNOWN/NA,E,STRAIGHT AHEAD,,,1,,,,,,,,,,,,,,,,Y,,FRONT-LEFT-CORNER,,,,,,,,,,,,,,,,,,,,,,,,,,,,,,,,,
2128867,d89202e64094c26d7dabb1972833382a3d5331aff8f44b6e6164608ec680804278abeaaa19ce36b5e45133796eee0901329900561b4606ccba2fb50403c200fe,08/15/2025 07:50:00 AM,2,DRIVER,,2029447,,NISSAN,SENTRA,MS,2014,UNKNOWN,PASSENGER,PERSONAL,E,SLOW/STOP IN TRAFFIC,,,1,,,,,,,,,Y,,,,,,,Y,,REAR-RIGHT-CORNER,,,,,,,,,,,,,,,,,,,,,,,,,,,,,,,,,
2128852,e7e4901bfcc7a248ed28c5ab0b21794d7cbdc6f9ea7432be9518260819c024f36572603eaaf223d110240e40e0c54ca8edb480ca3ddafa560f38230f831369b5,08/15/2025 07:50:00 AM,1,DRIVER,,2029431,,TOYOTA,SIENNA,IL,2014,NONE,VAN/MINI-VAN,PERSONAL,N,STRAIGHT AHEAD,,,1,,,,,,Y,Y,Y,,,,,,,,,,SIDE-RIGHT,,,,,,,,,,,,,,,,,,,,,,,,,,,,,,,,,
2128853,e7e4901bfcc7a248ed28c5ab0b21794d7cbdc6f9ea7432be9518260819c024f36572603eaaf223d110240e40e0c54ca8edb480ca3ddafa560f38230f831369b5,08/15/2025 07:50:00 AM,2,DRIVER,,2029434,,UNKNOWN,OTHER (EXPLAIN IN NARRATIVE),IL,,UNKNOWN,PASSENGER,UNKNOWN/NA,N,SLOW/STOP IN TRAFFIC,,,1,,,,,,,,,,,Y,,,,,,,SIDE-LEFT-REAR,,,,,,,,,,,,,,,,,,,,,,,,,,,,,,,,,
2129047,67c925a1e07c32fd000dbb94e16bd3031329884c4bb6679413d35d06d6b1e4aeb8f410938f1f6a8b35ea5b1b2259320e9bb59f81524cfea8f4b91f624e87753b,08/15/2025 07:45:00 AM,1,DRIVER,,2029601,,TOYOTA,COROLLA,IL,2023,NONE,PASSENGER,PERSONAL,N,PASSING/OVERTAKING,,,1,,,,,Y,Y,Y,Y,Y,,,,,,,,,FRONT-RIGHT-CORNER,,,,,,,,,,,,,,,,,,,,,,,,,,,,,,,,,
2129048,67c925a1e07c32fd000dbb94e16bd3031329884c4bb6679413d35d06d6b1e4aeb8f410938f1f6a8b35ea5b1b2259320e9bb59f81524cfea8f4b91f624e87753b,08/15/2025 07:45:00 AM,2,DRIVER,,2029607,,INFINITI,QX50,IL,2023,NONE,PASSENGER,PERSONAL,N,STRAIGHT AHEAD,,,1,,,,,,,,,,,Y,Y,Y,Y,Y,,,FRONT-LEFT-CORNER,,,,,,,,,,,,,,,,,,,,,,,,,,,,,,,,,
2128861,45e56debbc50c7a45ca3ca5971cce1c0f557bc294920a929e86f3ed6300c37b98f31dcdb1a8633dc296aa38af9eeeb437ba993581b06acbeb4af65637d894a5f,08/15/2025 07:40:00 AM,1,DRIVER,,2029458,,DODGE,RAM 3500 PU,IL,2019,NONE,PICKUP,UNKNOWN/NA,SE,TURNING LEFT,,,1,,,,,Y,,,,,,,,,Y,Y,Y,,FRONT,,,,,,,,,,,,,,,,,,,,,,,,,,,,,,,,,
2128862,45e56debbc50c7a45ca3ca5971cce1c0f557bc294920a929e86f3ed6300c37b98f31dcdb1a8633dc296aa38af9eeeb437ba993581b06acbeb4af65637d894a5f,08/15/2025 07:40:00 AM,2,DRIVER,1,2029466,,JEEP,PATRIOT,WI,2015,NONE,SPORT UTILITY VEHICLE (SUV),PERSONAL,N,STRAIGHT AHEAD,Y,,2,,city of chicago,city pound 2,,,,,,,,,Y,Y,Y,,,,SIDE-LEFT,,,,,,,,,,,,,,,,,,,,,,,,,,,,,,,,,
2128954,3ea27073128782bcf31e5c2594ba7e934de4bedfada04b0578ab596682bbab8a699d317ec11bb9306abed691d0ce3241239783491e1189f88c281aed5b5837b6,08/15/2025 07:30:00 AM,1,DRIVER,,2029518,,UNKNOWN,OTHER (EXPLAIN IN NARRATIVE),,,UNKNOWN,UNKNOWN/NA,UNKNOWN/NA,UNKNOWN,UNKNOWN/NA,,,1,,,,,,,,,,,,,,,,,Y,UNKNOWN,,,,,,,,,,,,,,,,,,,,,,,,,,,,,,,,,
2128955,3ea27073128782bcf31e5c2594ba7e934de4bedfada04b0578ab596682bbab8a699d317ec11bb9306abed691d0ce3241239783491e1189f88c281aed5b5837b6,08/15/2025 07:30:00 AM,2,PARKED,,2029521,,LINCOLN,NAVIGATOR,IL,2018,NONE,SPORT UTILITY VEHICLE (SUV),NOT IN USE,UNKNOWN,PARKED,,,0,,,,,,,,,,,,Y,Y,Y,,,,SIDE-LEFT,,,,,,,,,,,,,,,,,,,,,,,,,,,,,,,,,
2128870,45b4511a108b9ba443e945d636057e0b0f01f9e5abb8241aa82f7ca1dde1360c20c071b0d509f36a8a3c9f6162fc7b14224b80bd889e1b832e0b10857c4a1c92,08/15/2025 07:30:00 AM,1,DRIVER,,2029449,,FORD,OTHER (EXPLAIN IN NARRATIVE),IL,2024,UNKNOWN,TRACTOR W/ SEMI-TRAILER,COMMERCIAL - SINGLE UNIT,E,STRAIGHT AHEAD,Y,,1,,,,,,,,,,Y,,,,,,Y,,TOP,,,,,,,,,,,,,,,,,,,,,,,,,,,,,,,,,
2129192,59b5c90d723a5d91377b9b64b36613067193c476a74992f534a4f6098a8c6b087fbd0e47770d4d4ecc9f86c63ca70b12e974488a9db4a00f317ddf027ee27e1a,08/15/2025 07:30:00 AM,1,DRIVER,,2029742,,UNKNOWN,OTHER (EXPLAIN IN NARRATIVE),,,UNKNOWN,UNKNOWN/NA,UNKNOWN/NA,UNKNOWN,UNKNOWN/NA,,,1,,,,,,,,,,,,,,,,,Y,UNKNOWN,,,,,,,,,,,,,,,,,,,,,,,,,,,,,,,,,
2129193,59b5c90d723a5d91377b9b64b36613067193c476a74992f534a4f6098a8c6b087fbd0e47770d4d4ecc9f86c63ca70b12e974488a9db4a00f317ddf027ee27e1a,08/15/2025 07:30:00 AM,2,PARKED,,2029744,,HYUNDAI,PALISADE,IL,2020,NONE,SPORT UTILITY VEHICLE (SUV),PERSONAL,UNKNOWN,PARKED,,,0,,,,,,,,Y,Y,,,,,,,,,REAR-RIGHT-CORNER,,,,,,,,,,,,,,,,,,,,,,,,,,,,,,,,,
2128827,f288497a48d7d94000c359a5685f17684a33a26947167bc2a9443c13a0d82de1fad5dabfe051a5987c0f4dce85dd1a3b6f3606f4cc1fbb3ffe5a7bc470ec8c80,08/15/2025 07:30:00 AM,1,DRIVER,,2029400,,CHEVROLET,OTHER (EXPLAIN IN NARRATIVE),IL,2011,UNKNOWN,PASSENGER,UNKNOWN/NA,E,PASSING/OVERTAKING,,,1,,,,,,,,,,,Y,Y,,,,,,SIDE-LEFT-REAR,,,,,,,,,,,,,,,,,,,,,,,,,,,,,,,,,
2128828,f288497a48d7d94000c359a5685f17684a33a26947167bc2a9443c13a0d82de1fad5dabfe051a5987c0f4dce85dd1a3b6f3606f4cc1fbb3ffe5a7bc470ec8c80,08/15/2025 07:30:00 AM,2,DRIVER,,2029406,,CHEVROLET,SILVERADO,IL,2022,NONE,PICKUP,PERSONAL,E,STRAIGHT AHEAD,,,1,,,,,Y,Y,,,,,,,,,,,,FRONT-RIGHT-CORNER,,,,,,,,,,,,,,,,,,,,,,,,,,,,,,,,,
2128829,7ffe132baea15aa547a91b7dbf0aff45d2df36894d53420acbd69d74848c6c3963ac3a58a2710102b48b41f1bb749abaad60be01e12cf223db92eca88478bd66,08/15/2025 07:24:00 AM,1,DRIVER,,2029407,,UNKNOWN,OTHER (EXPLAIN IN NARRATIVE),IL,,UNKNOWN,UNKNOWN/NA,UNKNOWN/NA,N,STRAIGHT AHEAD,,,1,,,,,,,,,,,,,,N,,,Y,SIDE-RIGHT,,,,,,,,,,,,,,,,,,,,,,,,,,,,,,,,,
2128830,7ffe132baea15aa547a91b7dbf0aff45d2df36894d53420acbd69d74848c6c3963ac3a58a2710102b48b41f1bb749abaad60be01e12cf223db92eca88478bd66,08/15/2025 07:24:00 AM,2,DRIVER,,2029411,,NOVA BUS,OTHER (EXPLAIN IN NARRATIVE),IL,2014,NONE,BUS OVER 15 PASS.,CTA,N,SLOW/STOP IN TRAFFIC,,,1,,,,,,,,,,,,,,Y,,,Y,SIDE-LEFT,,,,,,,,,,,,,,,,,,,,,,,,,,,,,,,,,
2128893,19b35960ec7e17f850790ae3bd1ac96d093a5e88f2179426aee59c8116e691d5025f2639b3bfef8c9a59ae4130dec3b88d10633c49d90ed91e23808d36b80cb3,08/15/2025 07:23:00 AM,1,DRIVER,,2029464,,HONDA,CIVIC,IL,2007,UNKNOWN,PASSENGER,PERSONAL,N,STRAIGHT AHEAD,,,1,,,,,,,,,,,,,,,,Y,,FRONT,,,,,,,,,,,,,,,,,,,,,,,,,,,,,,,,,
2128894,19b35960ec7e17f850790ae3bd1ac96d093a5e88f2179426aee59c8116e691d5025f2639b3bfef8c9a59ae4130dec3b88d10633c49d90ed91e23808d36b80cb3,08/15/2025 07:23:00 AM,2,DRIVER,2,2029475,,CHEVROLET,BOLT,IL,2023,UNKNOWN,PASSENGER,RIDESHARE SERVICE,W,STRAIGHT AHEAD,,,3,,,,,,,,,,,,,,,Y,,,FRONT-LEFT-CORNER,,,,,,,,,,,,,,,,,,,,,,,,,,,,,,,,,
2128937,e78b1f9cdaa0672fb2d7f91fda54ee1f07871ed4cfeb8f74b7dd7e7c176b8035107a2d7b505eb179dafb3eaea45354e7e222ef0e8f0096a4105f7033a1b1fc3f,08/15/2025 07:20:00 AM,1,DRIVER,,2029504,,MAZDA,CX-5,IL,2015,NONE,SPORT UTILITY VEHICLE (SUV),PERSONAL,SW,TURNING LEFT,,,1,,,,,,,,,,,,Y,Y,,,,,SIDE-LEFT,,,,,,,,,,,,,,,,,,,,,,,,,,,,,,,,,
2128938,e78b1f9cdaa0672fb2d7f91fda54ee1f07871ed4cfeb8f74b7dd7e7c176b8035107a2d7b505eb179dafb3eaea45354e7e222ef0e8f0096a4105f7033a1b1fc3f,08/15/2025 07:20:00 AM,2,DRIVER,,2029509,,UNKNOWN,OTHER (EXPLAIN IN NARRATIVE),,,UNKNOWN,SPORT UTILITY VEHICLE (SUV),UNKNOWN/NA,N,STRAIGHT AHEAD,,,1,,,,,,,,,,,,,,,,,Y,FRONT,,,,,,,,,,,,,,,,,,,,,,,,,,,,,,,,,
2128819,a1308da0769f4c7f907c32114abb3c75f658f6d28963864b2b249e3eee7b2ab90c586e9d67e1a46a2d70339340756040a186cb7162e388a48150acf7f8cb31ec,08/15/2025 07:15:00 AM,1,DRIVER,,2029399,,MITSUBISHI,MIRAGE,IL,2017,NONE,PASSENGER,PERSONAL,W,CHANGING LANES,,,1,,,,,,,,,,,,,,,Y,Y,,FRONT-LEFT-CORNER,,,,,,,,,,,,,,,,,,,,,,,,,,,,,,,,,
2128820,a1308da0769f4c7f907c32114abb3c75f658f6d28963864b2b249e3eee7b2ab90c586e9d67e1a46a2d70339340756040a186cb7162e388a48150acf7f8cb31ec,08/15/2025 07:15:00 AM,2,DRIVER,,2029403,,BUICK,VERANO,CT,2015,UNKNOWN,PASSENGER,PERSONAL,W,STRAIGHT AHEAD,,,1,,,,,,Y,Y,Y,,,,,,,,,,SIDE-RIGHT,,,,,,,,,,,,,,,,,,,,,,,,,,,,,,,,,
2128831,7cf7fbad39140933b72587bba8b62a2956508aaa65fb60d66d37ec2c749ee5e50bd9a830a3c9baea415372326b524e8610853b5575c6381449002cbe8b03de74,08/15/2025 07:10:00 AM,1,DRIVER,2,2029408,,BMW,X5,IL,2001,NONE,SPORT UTILITY VEHICLE (SUV),PERSONAL,N,STRAIGHT AHEAD,,,3,,,,,,,,,,,,,,,,Y,,FRONT,,,,,,,,,,,,,,,,,,,,,,,,,,,,,,,,,
2128832,7cf7fbad39140933b72587bba8b62a2956508aaa65fb60d66d37ec2c749ee5e50bd9a830a3c9baea415372326b524e8610853b5575c6381449002cbe8b03de74,08/15/2025 07:10:00 AM,2,DRIVER,,2029415,,HONDA,ACCORD,IL,2019,NONE,PASSENGER,PERSONAL,N,STRAIGHT AHEAD,,,1,,,,,,,,,,Y,,,,,,,,REAR,,,,,,,,,,,,,,,,,,,,,,,,,,,,,,,,,
2128837,184e119fcbe8d1b8554f36b17acd50d2460981fd8400a8163d76774cf559f582ddcb52a5577fadaa0e7963a7ba75763526501252e0ed3ab073c59e757a95a357,08/15/2025 07:03:00 AM,1,DRIVER,,2029414,,BMW,X3,IL,2022,NONE,PASSENGER,PERSONAL,N,U-TURN,,,1,,,,,Y,,,,,,,,,,,,,FRONT-RIGHT-CORNER,,,,,,,,,,,,,,,,,,,,,,,,,,,,,,,,,
2128838,184e119fcbe8d1b8554f36b17acd50d2460981fd8400a8163d76774cf559f582ddcb52a5577fadaa0e7963a7ba75763526501252e0ed3ab073c59e757a95a357,08/15/2025 07:03:00 AM,2,DRIVER,,2029420,,CHEVROLET,TRUCK,IL,2008,NONE,TRUCK - SINGLE UNIT,LAWN CARE/LANDSCAPING,S,STRAIGHT AHEAD,,,1,,,,,,,,,,,,Y,,,,,,REAR-LEFT-CORNER,,,,,,,,,,,,,,,,,,,,,,,,,,,,,,,,,
2129071,c1baeb7620f9f78cdeead88dd7ab608e6d05482038c3c420839a2aaa2e0ffa2804967f03fc35f1ca40fa18facf56fe54f58be826bdddd922045b1719a6387d7d,08/15/2025 07:00:00 AM,1,DRIVER,,2029649,,MITSUBISHI,MIRAGE,IL,2017,UNKNOWN,PASSENGER,PERSONAL,UNKNOWN,CHANGING LANES,,,1,,,,,,,,,,,,,,Y,Y,,,FRONT-LEFT-CORNER,,,,,,,,,,,,,,,,,,,,,,,,,,,,,,,,,
2129072,c1baeb7620f9f78cdeead88dd7ab608e6d05482038c3c420839a2aaa2e0ffa2804967f03fc35f1ca40fa18facf56fe54f58be826bdddd922045b1719a6387d7d,08/15/2025 07:00:00 AM,2,DRIVER,,2029655,,BUICK,VERANO,CT,2015,UNKNOWN,PASSENGER,PERSONAL,UNKNOWN,STRAIGHT AHEAD,,,1,,,,,,Y,Y,Y,,,,,,,,,,SIDE-RIGHT,,,,,,,,,,,,,,,,,,,,,,,,,,,,,,,,,
2128891,49169c5fea3feaf3e2b4c9f3c1c7ad71744806c8d1578f8859f6764dbd8b031c08fca57f2063306a805ef32ac6830599b93b615999600ae3455668389f3861eb,08/15/2025 06:57:00 AM,1,DRIVER,1,2029465,,HYUNDAI,TUCSON,IL,2024,UNKNOWN,PASSENGER,PERSONAL,N,STRAIGHT AHEAD,Y,,2,,PERSONAL CHOISE,,,Y,,,,,,,,,,Y,Y,,FRONT,,,,,,,,,,,,,,,,,,,,,,,,,,,,,,,,,
2128892,49169c5fea3feaf3e2b4c9f3c1c7ad71744806c8d1578f8859f6764dbd8b031c08fca57f2063306a805ef32ac6830599b93b615999600ae3455668389f3861eb,08/15/2025 06:57:00 AM,2,DRIVER,2,2029487,,TESLA,MODEL Y,IL,2023,UNKNOWN,PASSENGER,PERSONAL,SE,TURNING LEFT,Y,,3,,Chicago Central Auto Pound,500 E Lower Wacker Dr,,Y,Y,Y,Y,,,,,,,,,,SIDE-RIGHT,,,,,,,,,,,,,,,,,,,,,,,,,,,,,,,,,
2128991,3a61c22d3997dc4f05808d4defc2a0e3abb312ee13aa2f4a4f8ad85fdcad205039b0248ef56d89fc158305df6551415c39a50640b754a9e7f213dbe9f9dccbbd,08/15/2025 06:45:00 AM,1,DRIVER,,2029559,,FORD,F150 XLT,IL,2022,NONE,PICKUP,CONSTRUCTION/MAINTENANCE,W,STRAIGHT AHEAD,,,1,,,,,,Y,,,,,,,,,,,,FRONT-RIGHT-CORNER,,,,,,,,,,,,,,,,,,,,,,,,,,,,,,,,,
2128992,3a61c22d3997dc4f05808d4defc2a0e3abb312ee13aa2f4a4f8ad85fdcad205039b0248ef56d89fc158305df6551415c39a50640b754a9e7f213dbe9f9dccbbd,08/15/2025 06:45:00 AM,2,PARKED,,2029564,,NISSAN,MURANO,IL,2013,NONE,SPORT UTILITY VEHICLE (SUV),NOT IN USE,W,PARKED,,,0,,,,,,,,,,,,,,Y,,,,FRONT-LEFT-CORNER,,,,,,,,,,,,,,,,,,,,,,,,,,,,,,,,,
2128903,743de8f02b894701e3fe7b7347ae1e8f509f186b4f6c858f0b0d632bd6f181e7aae02a58a727b426ec57f2fc84f4d7db3ff86eb5056db72a68225a196749326e,08/15/2025 06:30:00 AM,1,DRIVER,,2029473,,HONDA,CIVIC,IL,2015,UNKNOWN,PASSENGER,UNKNOWN/NA,E,MERGING,,,1,,,,,,,N,Y,Y,,,,,,,,,SIDE-RIGHT-REAR,,,,,,,,,,,,,,,,,,,,,,,,,,,,,,,,,
2128904,743de8f02b894701e3fe7b7347ae1e8f509f186b4f6c858f0b0d632bd6f181e7aae02a58a727b426ec57f2fc84f4d7db3ff86eb5056db72a68225a196749326e,08/15/2025 06:30:00 AM,2,PARKED,,2029478,,NISSAN,ROGUE,IL,2015,UNKNOWN,SPORT UTILITY VEHICLE (SUV),NOT IN USE,E,PARKED,,,0,,,,,,,,,,,,,,,Y,,,FRONT-LEFT-CORNER,,,,,,,,,,,,,,,,,,,,,,,,,,,,,,,,,
2128847,ddbf70fd32bc91cde36231a516cba33138f3e5fa548309a9d27ad09caf9afa23d2860908c4a97d5b5235361079f0af4b4c08f06080eb7a8fb644cf7a8aa1172f,08/15/2025 06:29:00 AM,1,DRIVER,,2029425,,SATURN,VUE,IL,2004,UNKNOWN,SPORT UTILITY VEHICLE (SUV),UNKNOWN/NA,E,TURNING LEFT,,,1,,,,,,,,,,,,,,,,,,UNKNOWN,,,,,,,,,,,,,,,,,,,,,,,,,,,,,,,,,
2128848,ddbf70fd32bc91cde36231a516cba33138f3e5fa548309a9d27ad09caf9afa23d2860908c4a97d5b5235361079f0af4b4c08f06080eb7a8fb644cf7a8aa1172f,08/15/2025 06:29:00 AM,2,PEDESTRIAN,,,,,,,,,,,,,,,,,,,,,,,,,,,,,,,,,,,,,,,,,,,,,,,,,,,,,,,,,,,,,,,,,,
2128815,a18c4e6b75bccffc2520c3088ca777092ad66e432f331622a8a37204178817989313048d457e99f9d7e858c910273b4ac955805c3d9bf3cc0fe210f151f2a3b4,08/15/2025 06:12:00 AM,1,DRIVER,,2029395,,MITSUBISHI,OUTLANDER,IL,2016,UNKNOWN,PASSENGER,PERSONAL,S,STRAIGHT AHEAD,,,1,,,,,Y,Y,,,,,,,,,,Y,,FRONT-RIGHT-CORNER,,,,,,,,,,,,,,,,,,,,,,,,,,,,,,,,,
2128816,a18c4e6b75bccffc2520c3088ca777092ad66e432f331622a8a37204178817989313048d457e99f9d7e858c910273b4ac955805c3d9bf3cc0fe210f151f2a3b4,08/15/2025 06:12:00 AM,2,DRIVER,,2029398,,TOYOTA,COROLLA,IL,2010,NONE,PASSENGER,PERSONAL,S,STRAIGHT AHEAD,Y,,1,,private tow,,,,,,N,N,Y,Y,Y,,,,,,REAR-LEFT-CORNER,,,,,,,,,,,,,,,,,,,,,,,,,,,,,,,,,