CRASH_UNIT_ID,CRASH_RECORD_ID,CRASH_DATE,UNIT_NO,UNIT_TYPE,NUM_PASSENGERS,VEHICLE_ID,CMRC_VEH_I,MAKE,MODEL,LIC_PLATE_STATE,VEHICLE_YEAR,VEHICLE_DEFECT,VEHICLE_TYPE,VEHICLE_USE,TRAVEL_DIRECTION,MANEUVER,TOWED_I,FIRE_I,OCCUPANT_CNT,EXCEED_SPEED_LIMIT_I,TOWED_BY,TOWED_TO,AREA_00_I,AREA_01_I,AREA_02_I,AREA_03_I,AREA_04_I,AREA_05_I,AREA_06_I,AREA_07_I,AREA_08_I,AREA_09_I,AREA_10_I,AREA_11_I,AREA_12_I,AREA_99_I,FIRST_CONTACT_POINT,CMV_ID,USDOT_NO,CCMC_NO,ILCC_NO,COMMERCIAL_SRC,GVWR,CARRIER_NAME,CARRIER_STATE,CARRIER_CITY,HAZMAT_PLACARDS_I,HAZMAT_NAME,UN_NO,HAZMAT_PRESENT_I,HAZMAT_REPORT_I,HAZMAT_REPORT_NO,MCS_REPORT_I,MCS_REPORT_NO,HAZMAT_VIO_CAUSE_CRASH_I,MCS_VIO_CAUSE_CRASH_I,IDOT_PERMIT_NO,WIDE_LOAD_I,TRAILER1_WIDTH,TRAILER2_WIDTH,TRAILER1_LENGTH,TRAILER2_LENGTH,TOTAL_VEHICLE_LENGTH,AXLE_CNT,VEHICLE_CONFIG,CARGO_BODY_TYPE,LOAD_TYPE,HAZMAT_OUT_OF_SERVICE_I,MCS_OUT_OF_SERVICE_I,HAZMAT_CLASS
2130089,a3ee7117845e6f105e44155481911d1f9418c31456ffbf19988515088678b426e7e880445daa6492ca853fc46ca0b314ea23c01b7a70dbbe8440f1f1118ef53b,08/15/2025 05:57:00 AM,1,DRIVER,,2030594,,HYUNDAI,ELANTRA,IL,2018,RESTRAINT SYSTEM,PASSENGER,PERSONAL,W,SKIDDING/CONTROL LOSS,,,1,,,,,Y,Y,,,,,,,,,,,,FRONT-RIGHT-CORNER,,,,,,,,,,,,,,,,,,,,,,,,,,,,,,,,,
2130090,a3ee7117845e6f105e44155481911d1f9418c31456ffbf19988515088678b426e7e880445daa6492ca853fc46ca0b314ea23c01b7a70dbbe8440f1f1118ef53b,08/15/2025 05:57:00 AM,2,PARKED,,2030590,,MERCEDES-BENZ,GLC,IL,2022,NONE,PASSENGER,NOT IN USE,UNKNOWN,PARKED,,,0,,,,,Y,Y,,,,,,,,,,,,FRONT-RIGHT-CORNER,,,,,,,,,,,,,,,,,,,,,,,,,,,,,,,,,
2128823,cfe04ac0663bb20ed206592323c66a70385b6716a150610891d766890aa988c414f5e00480b79bc6cc1e4f36d2c4916ad3f510bd9fae63d9d890e13aa4c5baab,08/15/2025 05:53:00 AM,1,DRIVER,,2029397,,HONDA,ACCORD,TX,2023,NONE,PASSENGER,PERSONAL,S,TURNING LEFT,,,1,,,,,Y,N,,,,,,,,,N,Y,,FRONT-RIGHT-CORNER,,,,,,,,,,,,,,,,,,,,,,,,,,,,,,,,,
2128824,cfe04ac0663bb20ed206592323c66a70385b6716a150610891d766890aa988c414f5e00480b79bc6cc1e4f36d2c4916ad3f510bd9fae63d9d890e13aa4c5baab,08/15/2025 05:53:00 AM,2,DRIVER,,2029405,,TRAILSTAR TRAILER,TRAIL STAR TENT TRAILER,MI,2019,NONE,SINGLE UNIT TRUCK WITH TRAILER,COMMERCIAL - SINGLE UNIT,S,TURNING LEFT,,,1,,,,,,,,,,,,Y,,,,,,REAR-LEFT-CORNER,,,,,,,,,,,,,,,,,,,,,,,,,,,,,,,,,
2128803,88287ea0abfe179f36fbedd89a230cb5fe1a5d2b4a958263f878470067db4767288c4bd7ba554a36bae866785dee4533f8f51199291a4315a96ab045d52ba9b7,08/15/2025 05:30:00 AM,1,DRIVER,,2029382,,UNKNOWN,OTHER (EXPLAIN IN NARRATIVE),,,UNKNOWN,PASSENGER,UNKNOWN/NA,S,PASSING/OVERTAKING,,,1,,,,,,,,,,,,,,,,,Y,FRONT-LEFT-CORNER,,,,,,,,,,,,,,,,,,,,,,,,,,,,,,,,,
2128804,88287ea0abfe179f36fbedd89a230cb5fe1a5d2b4a958263f878470067db4767288c4bd7ba554a36bae866785dee4533f8f51199291a4315a96ab045d52ba9b7,08/15/2025 05:30:00 AM,2,DRIVER,1,2029383,,FORD,TRANSIT,IL,2020,NONE,BUS UP TO 15 PASS.,COMMERCIAL - SINGLE UNIT,S,STRAIGHT AHEAD,,,2,,,,,,Y,Y,Y,Y,Y,,,,,,,,REAR-RIGHT-CORNER,,,,,,,,,,,,,,,,,,,,,,,,,,,,,,,,,
2128796,cf67dbf5b30b1ecd72c898ad1730c301a48b0ebe4479ea9e15cde52ca4c0f30b377abf96c5144bb529aa6601d9d87e58868e430683d4dfa8368ed30c0cadebfd,08/15/2025 04:58:00 AM,1,DRIVER,1,2029375,,TESLA,MODEL 3,IL,2018,UNKNOWN,PASSENGER,PERSONAL,S,STRAIGHT AHEAD,Y,,2,,STREETS AND SANITATION,400 E LOWER WACKER,,Y,,,,,,,,,,Y,Y,,FRONT,,,,,,,,,,,,,,,,,,,,,,,,,,,,,,,,,
2129206,07703b76cec9cb86800d91fb11e9ee9bd06cfac28b88c623089a1352ba63374f9c03c847f115e5148120d61fa11104ac2eeec51f04ff47314d7cb1369b75a96e,08/15/2025 04:30:00 AM,1,DRIVER,,2029757,,UNKNOWN,OTHER (EXPLAIN IN NARRATIVE),,,UNKNOWN,UNKNOWN/NA,UNKNOWN/NA,UNKNOWN,UNKNOWN/NA,,,1,,,,,,,,,,,,,,,,,Y,UNKNOWN,,,,,,,,,,,,,,,,,,,,,,,,,,,,,,,,,
2129207,07703b76cec9cb86800d91fb11e9ee9bd06cfac28b88c623089a1352ba63374f9c03c847f115e5148120d61fa11104ac2eeec51f04ff47314d7cb1369b75a96e,08/15/2025 04:30:00 AM,2,PARKED,,2029761,,HYUNDAI,TUCSON,IL,2017,NONE,SPORT UTILITY VEHICLE (SUV),NOT IN USE,N,PARKED,,,0,,,,,Y,Y,Y,Y,Y,Y,,,,,,,,REAR,,,,,,,,,,,,,,,,,,,,,,,,,,,,,,,,,
2129754,a1a5e73ee1065332da2dd63f2f413f235c5fd2f31f870c2b2676b906c502e4a8ce08b206eddd22e6891757d15af1f64f20658c2a1000fa4e1730ff4b35fb7a6f,08/15/2025 04:30:00 AM,1,DRIVER,,2030270,,AUDI,A3,IN,2013,NONE,PASSENGER,PERSONAL,N,CHANGING LANES,,,1,,,,,,,,,,,,,,Y,Y,,,SIDE-LEFT-FRONT,,,,,,,,,,,,,,,,,,,,,,,,,,,,,,,,,
2128797,7edc7bc33690ea0db11591e5872244da9d705d1cb3d129b3664fb4f5386bebbaa6bcfae08c7ba518405c984a7fff69e0922127e72bfa07a62b5064bb2c5ba170,08/15/2025 04:11:00 AM,1,DRIVER,,2029376,,SUBARU,FORESTER,IL,2011,UNKNOWN,SPORT UTILITY VEHICLE (SUV),PERSONAL,W,UNKNOWN/NA,Y,,1,,8115125,DOTY RD,,Y,,,,,,Y,Y,Y,Y,Y,,,FRONT-RIGHT-CORNER,,,,,,,,,,,,,,,,,,,,,,,,,,,,,,,,,
2128798,7edc7bc33690ea0db11591e5872244da9d705d1cb3d129b3664fb4f5386bebbaa6bcfae08c7ba518405c984a7fff69e0922127e72bfa07a62b5064bb2c5ba170,08/15/2025 04:11:00 AM,2,PARKED,,2029377,,HONDA,CIVIC,IL,2007,UNKNOWN,PASSENGER,PERSONAL,W,PARKED,,,0,,,,,,,,,,,Y,,,,,Y,,REAR-LEFT-CORNER,,,,,,,,,,,,,,,,,,,,,,,,,,,,,,,,,
2128799,7edc7bc33690ea0db11591e5872244da9d705d1cb3d129b3664fb4f5386bebbaa6bcfae08c7ba518405c984a7fff69e0922127e72bfa07a62b5064bb2c5ba170,08/15/2025 04:11:00 AM,3,PARKED,,2029378,,KIA,SOUL,IL,2015,UNKNOWN,PASSENGER,PERSONAL,W,PARKED,,,0,,,,,,,,,Y,,,,,,,,,REAR-RIGHT-CORNER,,,,,,,,,,,,,,,,,,,,,,,,,,,,,,,,,
2128800,7edc7bc33690ea0db11591e5872244da9d705d1cb3d129b3664fb4f5386bebbaa6bcfae08c7ba518405c984a7fff69e0922127e72bfa07a62b5064bb2c5ba170,08/15/2025 04:11:00 AM,4,PARKED,,2029380,,NISSAN,ROGUE,IL,2016,UNKNOWN,SPORT UTILITY VEHICLE (SUV),PERSONAL,W,PARKED,,,0,,,,,,,,,,Y,,,,,,,,REAR,,,,,,,,,,,,,,,,,,,,,,,,,,,,,,,,,
2128802,7edc7bc33690ea0db11591e5872244da9d705d1cb3d129b3664fb4f5386bebbaa6bcfae08c7ba518405c984a7fff69e0922127e72bfa07a62b5064bb2c5ba170,08/15/2025 04:11:00 AM,5,PARKED,,2029381,,GENERAL MOTORS CORPORATION (GMC),YUKON,IL,2002,UNKNOWN,SPORT UTILITY VEHICLE (SUV),PERSONAL,W,PARKED,,,0,,,,,,,,,,,,,,,Y,,,FRONT-LEFT-CORNER,,,,,,,,,,,,,,,,,,,,,,,,,,,,,,,,,
2128801,f5c5a2afb429384eb25f29a7683bea4c3f9fe17924076a132ac7bf8ab5010febf6df237198ff9f97b9980678758fadc509b7b8562a88f18af15dee0ad26e4a87,08/15/2025 04:07:00 AM,1,DRIVER,,2029379,,UNKNOWN,OTHER (EXPLAIN IN NARRATIVE),MN,2018,NONE,SINGLE UNIT TRUCK WITH TRAILER,OTHER,S,U-TURN,,,1,,,,Y,,,,,,,,,,,,,,FRONT,,,,,,,,,,,,,,,,,,,,,,,,,,,,,,,,,
2128785,c4e5698d8657200126b67e9754eccd08b2ff7d67d955410249536bff93ee444bbba45070592eb900540119ea8d55b1701d0a09c9a949d260f2539aff4ab7000b,08/15/2025 03:03:00 AM,1,DRIVER,,2029365,,CHEVROLET,IMPALA,IL,2008,WHEELS,PASSENGER,PERSONAL,SW,STRAIGHT AHEAD,Y,,1,,CITY TOW,AUTO POUND 2,,,,,,,,,,,Y,Y,Y,,FRONT,,,,,,,,,,,,,,,,,,,,,,,,,,,,,,,,,
2129168,12c9fe705f8e273eb2fcf6d960ab2f284f075bcf43501151577998e56cbaa39f02bbb05651d815434f40af88781e3fa90aa0c94834301f9505595fb920e52673,08/15/2025 03:00:00 AM,1,DRIVER,,2029723,,DODGE,RAM 1500 PU,IL,,NONE,PICKUP,PERSONAL,N,STRAIGHT AHEAD,Y,,1,,,,,,,Y,Y,,,,,,,,,,SIDE-RIGHT,,,,,,,,,,,,,,,,,,,,,,,,,,,,,,,,,
2129169,12c9fe705f8e273eb2fcf6d960ab2f284f075bcf43501151577998e56cbaa39f02bbb05651d815434f40af88781e3fa90aa0c94834301f9505595fb920e52673,08/15/2025 03:00:00 AM,2,DRIVER,,2029735,,KIA,TELLURIDE,IL,,NONE,PASSENGER,PERSONAL,W,STRAIGHT AHEAD,Y,,1,,,,,Y,,,,,,,,,,Y,Y,,FRONT,,,,,,,,,,,,,,,,,,,,,,,,,,,,,,,,,
2128854,88576d96a99a60b839adeab06abf0b149e727a57f479b445abf84dc74bb5cff42eebd8d175092c5e130bcb107c65c2b5bcd6ca7fb259fcee8a4e28614e187369,08/15/2025 02:59:00 AM,1,DRIVER,,2029428,,KIA,SOUL,IL,,UNKNOWN,PASSENGER,UNKNOWN/NA,E,STRAIGHT AHEAD,,,1,,,,,N,N,,,,,,,,,,,Y,FRONT-RIGHT-CORNER,,,,,,,,,,,,,,,,,,,,,,,,,,,,,,,,,
2128855,88576d96a99a60b839adeab06abf0b149e727a57f479b445abf84dc74bb5cff42eebd8d175092c5e130bcb107c65c2b5bcd6ca7fb259fcee8a4e28614e187369,08/15/2025 02:59:00 AM,2,PARKED,,2029429,,DODGE,CALIBER,IL,2008,NONE,PASSENGER,PERSONAL,E,PARKED,,,0,,,,,,,,,,,,,Y,Y,Y,,,FRONT-LEFT-CORNER,,,,,,,,,,,,,,,,,,,,,,,,,,,,,,,,,
2128856,88576d96a99a60b839adeab06abf0b149e727a57f479b445abf84dc74bb5cff42eebd8d175092c5e130bcb107c65c2b5bcd6ca7fb259fcee8a4e28614e187369,08/15/2025 02:59:00 AM,3,PARKED,,2029433,,HONDA,ACCORD,IL,2011,NONE,PASSENGER,PERSONAL,E,PARKED,,,0,,,,,,,,,,,,,Y,Y,Y,,,FRONT-LEFT-CORNER,,,,,,,,,,,,,,,,,,,,,,,,,,,,,,,,,
2132356,aef90c70dce1136f9a9838cc4b55e9fa8c6d54280421ee3e7e633b606b8daa1e1fd58a8018d6b1b4165a33bbd8222b96ac976f24be922026c96cc4f3156f8520,08/15/2025 02:52:00 AM,1,DRIVER,,2032699,,TOYOTA,CAMRY,IL,2004,UNKNOWN,PASSENGER,UNKNOWN/NA,E,UNKNOWN/NA,Y,,1,,city tow,,,Y,Y,,,,,,,,,,Y,,UNKNOWN,,,,,,,,,,,,,,,,,,,,,,,,,,,,,,,,,
2132357,aef90c70dce1136f9a9838cc4b55e9fa8c6d54280421ee3e7e633b606b8daa1e1fd58a8018d6b1b4165a33bbd8222b96ac976f24be922026c96cc4f3156f8520,08/15/2025 02:52:00 AM,2,PARKED,,2032700,,TOYOTA,CAMRY,IL,2014,UNKNOWN,OTHER,NOT IN USE,E,PARKED,,,0,,,,,,,,,,,Y,Y,Y,Y,Y,,,UNKNOWN,,,,,,,,,,,,,,,,,,,,,,,,,,,,,,,,,
2128786,76cc10e257fdcd5634cceb28de51aaac91f4c00942e29283da8ead5e7c20c6c3a34adf117ae6f5eff2fd245336333abd552a7354daa4a3d4ae08126e05dcd7d9,08/15/2025 02:44:00 AM,1,DRIVER,,2029368,,FORD,EXPLORER,IL,2017,UNKNOWN,SPORT UTILITY VEHICLE (SUV),PERSONAL,E,STRAIGHT AHEAD,,,1,,,,,Y,,,,,,,,,,Y,Y,,FRONT,,,,,,,,,,,,,,,,,,,,,,,,,,,,,,,,,
2128787,76cc10e257fdcd5634cceb28de51aaac91f4c00942e29283da8ead5e7c20c6c3a34adf117ae6f5eff2fd245336333abd552a7354daa4a3d4ae08126e05dcd7d9,08/15/2025 02:44:00 AM,2,PARKED,,2029370,,FORD,EXPLORER,IL,2014,NONE,SPORT UTILITY VEHICLE (SUV),PERSONAL,E,PARKED,,,0,,,,,,,,,Y,Y,Y,,,,,Y,,REAR,,,,,,,,,,,,,,,,,,,,,,,,,,,,,,,,,
2128788,76cc10e257fdcd5634cceb28de51aaac91f4c00942e29283da8ead5e7c20c6c3a34adf117ae6f5eff2fd245336333abd552a7354daa4a3d4ae08126e05dcd7d9,08/15/2025 02:44:00 AM,3,PARKED,,2029373,,GENERAL MOTORS CORPORATION (GMC),TERRAIN,IL,2016,NONE,SPORT UTILITY VEHICLE (SUV),UNKNOWN/NA,E,PARKED,,,0,,,,,,,,,,Y,,,,,,,,REAR,,,,,,,,,,,,,,,,,,,,,,,,,,,,,,,,,
2128781,be954df924afaa0104082012707fb93ace5becaafba18d146c1838f8ac9528b1bc7303e9607faa08fd81875e52bd8faf12310b5daf61d94bde2edeab33160505,08/15/2025 02:02:00 AM,1,DRIVERLESS,,2029360,,MASERATI,GHIBLI,IL,2014,NONE,PASSENGER,OTHER,S,STRAIGHT AHEAD,Y,,0,,city of chicago,,,Y,,,,,,,,,,Y,Y,,FRONT,,,,,,,,,,,,,,,,,,,,,,,,,,,,,,,,,
2128782,be954df924afaa0104082012707fb93ace5becaafba18d146c1838f8ac9528b1bc7303e9607faa08fd81875e52bd8faf12310b5daf61d94bde2edeab33160505,08/15/2025 02:02:00 AM,2,PARKED,,2029361,,FORD,EDGE,IL,2015,NONE,PASSENGER,NOT IN USE,S,PARKED,,,0,,,,,,,,,Y,Y,Y,,,,,,,REAR,,,,,,,,,,,,,,,,,,,,,,,,,,,,,,,,,
2128772,0f11a097cbcacff30406a7ae357319877379a5a0600e787dde7146b8fce8313ae48c293675a5a48bc1d9b7d7e1607430ca689ed8f3e36f5024728b8c0e150cff,08/15/2025 01:02:00 AM,1,DRIVER,,2029351,,SUBARU,CROSSTREK,IL,2010,UNKNOWN,PASSENGER,PERSONAL,N,STRAIGHT AHEAD,Y,,1,,CITY OF CHICAGO,POUND 2,,Y,Y,Y,N,N,,N,N,Y,Y,Y,Y,,FRONT-RIGHT-CORNER,,,,,,,,,,,,,,,,,,,,,,,,,,,,,,,,,
2128773,0f11a097cbcacff30406a7ae357319877379a5a0600e787dde7146b8fce8313ae48c293675a5a48bc1d9b7d7e1607430ca689ed8f3e36f5024728b8c0e150cff,08/15/2025 01:02:00 AM,2,PARKED,,2029353,,GENERAL MOTORS CORPORATION (GMC),TERRAIN,IL,2012,UNKNOWN,UNKNOWN/NA,NOT IN USE,UNKNOWN,PARKED,,,0,,,,,Y,Y,Y,Y,Y,Y,Y,Y,Y,Y,Y,Y,,SIDE-LEFT-REAR,,,,,,,,,,,,,,,,,,,,,,,,,,,,,,,,,
2128774,0f11a097cbcacff30406a7ae357319877379a5a0600e787dde7146b8fce8313ae48c293675a5a48bc1d9b7d7e1607430ca689ed8f3e36f5024728b8c0e150cff,08/15/2025 01:02:00 AM,3,PARKED,,2029354,,NISSAN,MURANO,IL,2008,UNKNOWN,PASSENGER,NOT IN USE,UNKNOWN,DRIVERLESS,,,0,,,,,,,,Y,Y,Y,Y,Y,,,,,,REAR,,,,,,,,,,,,,,,,,,,,,,,,,,,,,,,,,
2128775,70d07a440969264ea458a2c99ba943322524034ad51c72a03c707d9d21c06c8159d94ccffd63bbff034d61e7b75e6eff3d576f51856a084c2e2d7374f0f466f8,08/15/2025 12:48:00 AM,1,DRIVER,,2029355,,SUBARU,FORESTER,IL,2016,UNKNOWN,PASSENGER,PERSONAL,E,STRAIGHT AHEAD,Y,,1,,AUTO INSURANCE COMPANY,,,Y,,,Y,Y,Y,,,N,Y,Y,Y,,FRONT-LEFT-CORNER,,,,,,,,,,,,,,,,,,,,,,,,,,,,,,,,,
2128776,70d07a440969264ea458a2c99ba943322524034ad51c72a03c707d9d21c06c8159d94ccffd63bbff034d61e7b75e6eff3d576f51856a084c2e2d7374f0f466f8,08/15/2025 12:48:00 AM,2,PARKED,,2029356,,MERCEDES-BENZ,ML350,IL,2011,UNKNOWN,PASSENGER,NOT IN USE,E,PARKED,,,0,,,,,,,,Y,Y,Y,,,,,,,,REAR-RIGHT-CORNER,,,,,,,,,,,,,,,,,,,,,,,,,,,,,,,,,
2128777,70d07a440969264ea458a2c99ba943322524034ad51c72a03c707d9d21c06c8159d94ccffd63bbff034d61e7b75e6eff3d576f51856a084c2e2d7374f0f466f8,08/15/2025 12:48:00 AM,3,PARKED,,2029357,,KIA,NIRO,IL,2019,UNKNOWN,PASSENGER,NOT IN USE,E,PARKED,,,0,,,,,,,,,,,,,Y,Y,Y,,,SIDE-LEFT,,,,,,,,,,,,,,,,,,,,,,,,,,,,,,,,,
2128766,d6f901005f833871508b5f8a4ccb5282a4b1f7574c751f4235e87456e4b360d3df87b6a648c6a3402f6add443a4bd9e28898cd77d1b24b82d69dbfa067b3a8f4,08/15/2025 12:30:00 AM,2,DRIVER,,2029343,,COOK SEMI TRAILER,COOK SEMI TRAILER,IN,,NONE,TRACTOR W/ SEMI-TRAILER,UNKNOWN/NA,W,TURNING LEFT,,,1,,,,,Y,,,,,,,,,,,,,FRONT-RIGHT-CORNER,,,,,,,,,,,,,,,,,,,,,,,,,,,,,,,,,
2128767,d6f901005f833871508b5f8a4ccb5282a4b1f7574c751f4235e87456e4b360d3df87b6a648c6a3402f6add443a4bd9e28898cd77d1b24b82d69dbfa067b3a8f4,08/15/2025 12:30:00 AM,1,DRIVER,,2029342,,GENERAL MOTORS CORPORATION (GMC),TERRAIN,IL,2011,NONE,PASSENGER,PERSONAL,W,TURNING LEFT,,,1,,,,,,,,,,,Y,Y,,,,,,SIDE-LEFT-REAR,,,,,,,,,,,,,,,,,,,,,,,,,,,,,,,,,
2129600,e0915fcabb15458170c89cded54702a958366828d3e1ee92efe37997a89f805ccfb9c26d60adbf816fce3ddb346ea5cfbecef1d5d44a710fa060a79e571face2,08/15/2025 12:30:00 AM,1,DRIVER,,2030236,,AUDI,RS4,IL,2017,NONE,SPORT UTILITY VEHICLE (SUV),UNKNOWN/NA,S,BACKING,,,1,,,,,,,,,,Y,,,,,,,,REAR,,,,,,,,,,,,,,,,,,,,,,,,,,,,,,,,,
2129601,e0915fcabb15458170c89cded54702a958366828d3e1ee92efe37997a89f805ccfb9c26d60adbf816fce3ddb346ea5cfbecef1d5d44a710fa060a79e571face2,08/15/2025 12:30:00 AM,2,DRIVERLESS,,2030787,,JEEP,CHEROKEE,IL,2019,NONE,SPORT UTILITY VEHICLE (SUV),NOT IN USE,N,PARKED,,,0,,,,,,,,,,,,,,,,Y,,FRONT,,,,,,,,,,,,,,,,,,,,,,,,,,,,,,,,,
2128780,34aec92f6666c17b2bcda184b9929e64e889276bc54d64a3444a6661a7d5bf0503c1a804863ee9de67661e5207ebf01c82a71045e8ed72173e36f7b9776278e9,08/15/2025 12:23:00 AM,1,DRIVER,,2029362,,HONDA,MOTORCYCLE,CO,1975,UNKNOWN,MOTORCYCLE (OVER 150CC),PERSONAL,W,STRAIGHT AHEAD,,,1,,,,,,,,,,,,,,,,,,SIDE-RIGHT,,,,,,,,,,,,,,,,,,,,,,,,,,,,,,,,,
2128749,520d9f41a522cfa83d8951b8ae404f1461f598ab62889652755cd624b872cb7dd45aa0797ee1cd8296fa9f6a3b19633f5a6a8e3ab7fa5de951d361753e2d428e,08/15/2025 12:10:00 AM,1,DRIVER,,2029326,,INFINITI,QX30,IL,2018,UNKNOWN,PASSENGER,UNKNOWN/NA,UNKNOWN,UNKNOWN/NA,,,1,,,,,N,,,,,,,,,,Y,Y,,FRONT-LEFT-CORNER,,,,,,,,,,,,,,,,,,,,,,,,,,,,,,,,,
2128750,520d9f41a522cfa83d8951b8ae404f1461f598ab62889652755cd624b872cb7dd45aa0797ee1cd8296fa9f6a3b19633f5a6a8e3ab7fa5de951d361753e2d428e,08/15/2025 12:10:00 AM,2,DRIVER,,2029328,,CHEVROLET,CRUZE,IL,2015,UNKNOWN,PASSENGER,PERSONAL,UNKNOWN,UNKNOWN/NA,,,1,,,,,Y,,,,,,,,,,Y,Y,,FRONT,,,,,,,,,,,,,,,,,,,,,,,,,,,,,,,,,
2128768,34a2dfebe3b6ae17d0a9c983df6eb47ed6af264a2702c1af793ac95f64919c176da1096e8a6a4055d486a625e62bbfacd2f41fccdeff0061ca4980afe06b08b5,08/14/2025 11:55:00 PM,1,DRIVER,,2029345,,TESLA,MODEL 3,CA,2018,NONE,PASSENGER,PERSONAL,S,TURNING LEFT,,,1,,,,,,,,,,,,,,,,Y,,FRONT,,,,,,,,,,,,,,,,,,,,,,,,,,,,,,,,,
2128769,34a2dfebe3b6ae17d0a9c983df6eb47ed6af264a2702c1af793ac95f64919c176da1096e8a6a4055d486a625e62bbfacd2f41fccdeff0061ca4980afe06b08b5,08/14/2025 11:55:00 PM,2,BICYCLE,,,,,,,,,,,,,,,,,,,,,,,,,,,,,,,,,,,,,,,,,,,,,,,,,,,,,,,,,,,,,,,,,,
2134562,cc663cb034427f1850f78f8b61dad26d81eb9c611463ed5743f8f365bc1e03b71bacc3645007a816d6cf9868098d1caf8e8cb54b978cd8b99f9af13102a35292,08/14/2025 11:30:00 PM,1,DRIVER,1,2034811,,PONTIAC,GTO,IN,2004,NONE,PASSENGER,PERSONAL,E,STRAIGHT AHEAD,Y,,2,,CITY TOW,,,,,,,,,,,,,,,,TOTAL (ALL AREAS),,,,,,,,,,,,,,,,,,,,,,,,,,,,,,,,,
2134563,cc663cb034427f1850f78f8b61dad26d81eb9c611463ed5743f8f365bc1e03b71bacc3645007a816d6cf9868098d1caf8e8cb54b978cd8b99f9af13102a35292,08/14/2025 11:30:00 PM,2,DRIVER,1,2034812,,JEEP,WRANGLER,MO,,NONE,PASSENGER,PERSONAL,SE,TURNING LEFT,Y,,2,,CITY TOW,,,Y,Y,,,,,,,,,,Y,,FRONT-RIGHT-CORNER,,,,,,,,,,,,,,,,,,,,,,,,,,,,,,,,,
2129032,34b9eed3def4ffdbaf7bb06ee328b8b3a9eb8e4b7be1fcfcc918860a48dd627f5a8b73c65fafac2480e5da7ce761cd3c0fc261f94d5239c4b24979f099510087,08/14/2025 11:15:00 PM,1,BICYCLE,,,,,,,,,,,,,,,,,,,,,,,,,,,,,,,,,,,,,,,,,,,,,,,,,,,,,,,,,,,,,,,,,,
2129033,34b9eed3def4ffdbaf7bb06ee328b8b3a9eb8e4b7be1fcfcc918860a48dd627f5a8b73c65fafac2480e5da7ce761cd3c0fc261f94d5239c4b24979f099510087,08/14/2025 11:15:00 PM,2,DRIVER,,2029603,,MAZDA,MAZDA3,IL,2010,NONE,PASSENGER,PERSONAL,W,STRAIGHT AHEAD,,,1,,,,,,,,,,,,,,Y,Y,Y,,FRONT-LEFT-CORNER,,,,,,,,,,,,,,,,,,,,,,,,,,,,,,,,,
2128770,6d0b3bd5fb9aa3f7e1cce75104b35cd348ab0061df3b31f01a7befef7cc4c91afa4a666fb3d428aeb5e79e60caf7bf798927f754d841071031f41e4d64591983,08/14/2025 11:04:00 PM,1,DRIVER,,2029347,,KIA,SOUL,IL,2011,UNKNOWN,PASSENGER,PERSONAL,E,STRAIGHT AHEAD,Y,,1,,CPD,701 N Sacramento Blvd,Y,Y,,,,,,,,,,Y,Y,,FRONT,,,,,,,,,,,,,,,,,,,,,,,,,,,,,,,,,
2128771,6d0b3bd5fb9aa3f7e1cce75104b35cd348ab0061df3b31f01a7befef7cc4c91afa4a666fb3d428aeb5e79e60caf7bf798927f754d841071031f41e4d64591983,08/14/2025 11:04:00 PM,2,DRIVER,,2029350,,HONDA,ODYSSEY,IL,2012,UNKNOWN,PASSENGER,PERSONAL,E,STRAIGHT AHEAD,,,1,,,,,,,,,Y,Y,Y,,,,,,,REAR,,,,,,,,,,,,,,,,,,,,,,,,,,,,,,,,,
2128751,41514f97f77fd26d308637b1780e62aeec1d7d4bca533333b872f314532c9023eb0273e99eee5db9a2bf76d4ee906b2db2669083a29009071717de6d5334f3a3,08/14/2025 10:50:00 PM,1,DRIVER,,2029329,,UNKNOWN,OTHER (EXPLAIN IN NARRATIVE),IL,,UNKNOWN,UNKNOWN/NA,UNKNOWN/NA,UNKNOWN,PASSING/OVERTAKING,,,1,,,,,,,,,,,,,,,,,,UNKNOWN,,,,,,,,,,,,,,,,,,,,,,,,,,,,,,,,,
2128752,41514f97f77fd26d308637b1780e62aeec1d7d4bca533333b872f314532c9023eb0273e99eee5db9a2bf76d4ee906b2db2669083a29009071717de6d5334f3a3,08/14/2025 10:50:00 PM,2,PARKED,,2029333,,DODGE,OTHER (EXPLAIN IN NARRATIVE),IL,2023,NONE,PASSENGER,PERSONAL,N,PARKED,,,0,,,,,,,,,,,Y,Y,,,,,,SIDE-LEFT-REAR,,,,,,,,,,,,,,,,,,,,,,,,,,,,,,,,,
2128761,a891c3ac695fae73a0832f3e3fa1eee9f8621fc82def9093b336ffca3148b69babf062e7d5c852c0210f33ce9c3b3a043749abb60de400a10166ef1eb4b290c8,08/14/2025 10:41:00 PM,1,DRIVER,,2029338,,HONDA,CIVIC,,2000,NONE,PASSENGER,PERSONAL,W,STRAIGHT AHEAD,,,1,,,,,,,,Y,Y,Y,Y,,,,,,,SIDE-RIGHT-REAR,,,,,,,,,,,,,,,,,,,,,,,,,,,,,,,,,