CRASH_UNIT_ID,CRASH_RECORD_ID,CRASH_DATE,UNIT_NO,UNIT_TYPE,NUM_PASSENGERS,VEHICLE_ID,CMRC_VEH_I,MAKE,MODEL,LIC_PLATE_STATE,VEHICLE_YEAR,VEHICLE_DEFECT,VEHICLE_TYPE,VEHICLE_USE,TRAVEL_DIRECTION,MANEUVER,TOWED_I,FIRE_I,OCCUPANT_CNT,EXCEED_SPEED_LIMIT_I,TOWED_BY,TOWED_TO,AREA_00_I,AREA_01_I,AREA_02_I,AREA_03_I,AREA_04_I,AREA_05_I,AREA_06_I,AREA_07_I,AREA_08_I,AREA_09_I,AREA_10_I,AREA_11_I,AREA_12_I,AREA_99_I,FIRST_CONTACT_POINT,CMV_ID,USDOT_NO,CCMC_NO,ILCC_NO,COMMERCIAL_SRC,GVWR,CARRIER_NAME,CARRIER_STATE,CARRIER_CITY,HAZMAT_PLACARDS_I,HAZMAT_NAME,UN_NO,HAZMAT_PRESENT_I,HAZMAT_REPORT_I,HAZMAT_REPORT_NO,MCS_REPORT_I,MCS_REPORT_NO,HAZMAT_VIO_CAUSE_CRASH_I,MCS_VIO_CAUSE_CRASH_I,IDOT_PERMIT_NO,WIDE_LOAD_I,TRAILER1_WIDTH,TRAILER2_WIDTH,TRAILER1_LENGTH,TRAILER2_LENGTH,TOTAL_VEHICLE_LENGTH,AXLE_CNT,VEHICLE_CONFIG,CARGO_BODY_TYPE,LOAD_TYPE,HAZMAT_OUT_OF_SERVICE_I,MCS_OUT_OF_SERVICE_I,HAZMAT_CLASS
2128762,a891c3ac695fae73a0832f3e3fa1eee9f8621fc82def9093b336ffca3148b69babf062e7d5c852c0210f33ce9c3b3a043749abb60de400a10166ef1eb4b290c8,08/14/2025 10:41:00 PM,2,DRIVER,1,2029341,,TOYOTA,PRIUS,IL,2014,NONE,PASSENGER,RIDESHARE SERVICE,S,STRAIGHT AHEAD,,,2,,,,,Y,,,,,,,,,,,Y,,FRONT-RIGHT-CORNER,,,,,,,,,,,,,,,,,,,,,,,,,,,,,,,,,
2128975,772257a44fc93def9d76e627417a59c43b8f31e58dbcffa0e097bd526f20c751d88b2d99d16b215638ef5a93113ced42efa46b52d59d1107ca290b70c9fa501d,08/14/2025 10:40:00 PM,1,DRIVER,,2029540,,TOYOTA,COROLLA,IL,2007,UNKNOWN,PASSENGER,UNKNOWN/NA,S,UNKNOWN/NA,,,1,,,,,Y,Y,,,,,,,,,,Y,,FRONT-RIGHT-CORNER,,,,,,,,,,,,,,,,,,,,,,,,,,,,,,,,,
2128976,772257a44fc93def9d76e627417a59c43b8f31e58dbcffa0e097bd526f20c751d88b2d99d16b215638ef5a93113ced42efa46b52d59d1107ca290b70c9fa501d,08/14/2025 10:40:00 PM,2,PARKED,,2029543,,LEXUS,IS250,IL,2013,UNKNOWN,SPORT UTILITY VEHICLE (SUV),NOT IN USE,S,PARKED,,,0,,,,,,,,,,,Y,Y,Y,,,,,REAR-LEFT-CORNER,,,,,,,,,,,,,,,,,,,,,,,,,,,,,,,,,
2128731,fe1d9bfff7118c24dde54f94e6a9d031059687279121dc135a8bbb145731bf99c546d8f231dbe130c1b22f886a27aed007162f0eeb4a50e63ee0ae86d7cd09bc,08/14/2025 10:10:00 PM,1,DRIVER,,2029314,,HONDA,PILOT,IL,2018,NONE,SPORT UTILITY VEHICLE (SUV),UNKNOWN/NA,E,MERGING,,,1,,,,,,,,,,,,,,,Y,,,FRONT-LEFT-CORNER,,,,,,,,,,,,,,,,,,,,,,,,,,,,,,,,,
2128732,fe1d9bfff7118c24dde54f94e6a9d031059687279121dc135a8bbb145731bf99c546d8f231dbe130c1b22f886a27aed007162f0eeb4a50e63ee0ae86d7cd09bc,08/14/2025 10:10:00 PM,2,DRIVER,,2029320,,JEEP,GRAND CHEROKEE,IL,2025,UNKNOWN,SPORT UTILITY VEHICLE (SUV),UNKNOWN/NA,E,STRAIGHT AHEAD,,,1,,,,,,,,Y,,,,,,,,,,SIDE-LEFT-REAR,,,,,,,,,,,,,,,,,,,,,,,,,,,,,,,,,
2128733,d1b5cba684569acf6f54eecf4c4e1de76c4521e9499a587673e0517ab301464ccd20ba530355bf9ec9233229229d88fdbe39c0e3b6653bb75b86e855d0293d29,08/14/2025 10:00:00 PM,1,DRIVER,,2029307,,CHEVROLET,OTHER (EXPLAIN IN NARRATIVE),IL,2016,NONE,PASSENGER,PERSONAL,W,STRAIGHT AHEAD,Y,,1,,,,,,,,,,,,,,,,,,FRONT-RIGHT-CORNER,,,,,,,,,,,,,,,,,,,,,,,,,,,,,,,,,
2128734,d1b5cba684569acf6f54eecf4c4e1de76c4521e9499a587673e0517ab301464ccd20ba530355bf9ec9233229229d88fdbe39c0e3b6653bb75b86e855d0293d29,08/14/2025 10:00:00 PM,2,PARKED,,2029308,,CHEVROLET,OTHER (EXPLAIN IN NARRATIVE),IL,2017,NONE,PASSENGER,NOT IN USE,W,PARKED,,,0,,,,,,,,,,,Y,Y,,,,,,REAR-LEFT-CORNER,,,,,,,,,,,,,,,,,,,,,,,,,,,,,,,,,
2128747,db0ce2e6de9236ab20f1eb5f2fff6788e993f32fa8ebb94fcf42cf827c3bf12f665e73741783356d134989c175b9fc3f01047f47f59a5d88e3f7835c5a85098f,08/14/2025 09:54:00 PM,1,DRIVER,,2029325,,CHRYSLER,TOWN & COUNTRY,IL,2010,UNKNOWN,VAN/MINI-VAN,UNKNOWN/NA,S,STRAIGHT AHEAD,,,1,,,,,,,,,,,,,,,,,Y,FRONT,,,,,,,,,,,,,,,,,,,,,,,,,,,,,,,,,
2128748,db0ce2e6de9236ab20f1eb5f2fff6788e993f32fa8ebb94fcf42cf827c3bf12f665e73741783356d134989c175b9fc3f01047f47f59a5d88e3f7835c5a85098f,08/14/2025 09:54:00 PM,2,DRIVER,,2029323,,HARLEY-DAVIDSON,HARLEY-DAVIDSON,IL,2025,NONE,MOTORCYCLE (OVER 150CC),PERSONAL,S,SLOW/STOP IN TRAFFIC,Y,,1,,,,,,,,,,Y,,,,,,,,REAR,,,,,,,,,,,,,,,,,,,,,,,,,,,,,,,,,
2129179,d4b9f62a3f31b623ab55ebd46c4529e9c9e764ca5d6efbd098a34e4294c2a5f06ec8a5b832617c5ed06081526a094ea028a32eed0aa417bcd24f0c7ea75eee48,08/14/2025 09:52:00 PM,1,DRIVER,,2029721,,UNKNOWN,OTHER (EXPLAIN IN NARRATIVE),,,UNKNOWN,UNKNOWN/NA,UNKNOWN/NA,S,UNKNOWN/NA,,,1,,,,,,,,,,,,,,,,,Y,UNKNOWN,,,,,,,,,,,,,,,,,,,,,,,,,,,,,,,,,
2129180,d4b9f62a3f31b623ab55ebd46c4529e9c9e764ca5d6efbd098a34e4294c2a5f06ec8a5b832617c5ed06081526a094ea028a32eed0aa417bcd24f0c7ea75eee48,08/14/2025 09:52:00 PM,2,PARKED,,2029726,,FORD,EXPEDITION,IL,2021,UNKNOWN,PASSENGER,UNKNOWN/NA,W,PARKED,,,0,,,,,,,,,Y,,,,,,,,,REAR-RIGHT-CORNER,,,,,,,,,,,,,,,,,,,,,,,,,,,,,,,,,
2128745,d4453e330ca1549ae50a0b92b05c9697360e647a352f8d6f9b009b127357ed95e0c09a8ab47cc4ca4b501792a1fda48e02e36b2139d01a6e40482cbbbfefc2ed,08/14/2025 09:45:00 PM,1,DRIVER,,2029318,,HYUNDAI,ACCENT,IL,2020,UNKNOWN,PASSENGER,UNKNOWN/NA,S,STRAIGHT AHEAD,,,1,,,,,Y,,,,,,,,,,,,,FRONT-RIGHT-CORNER,,,,,,,,,,,,,,,,,,,,,,,,,,,,,,,,,
2128746,d4453e330ca1549ae50a0b92b05c9697360e647a352f8d6f9b009b127357ed95e0c09a8ab47cc4ca4b501792a1fda48e02e36b2139d01a6e40482cbbbfefc2ed,08/14/2025 09:45:00 PM,2,DRIVER,1,2029321,,HYUNDAI,ELANTRA,IL,2022,UNKNOWN,PASSENGER,UNKNOWN/NA,S,STRAIGHT AHEAD,,,2,,,,,,,,,,,,Y,Y,Y,Y,,,SIDE-LEFT,,,,,,,,,,,,,,,,,,,,,,,,,,,,,,,,,
2128735,f906f6731d03278b916f2e4321c161390e95a2a4619f1b1f13e723ec4288c5cb8d1d605cee61033eeb3562c4dba9c342c3e39c34cbdc2a7ef0b0f169fe6b25c5,08/14/2025 09:30:00 PM,1,DRIVER,,2029311,,DODGE,GRAND CARAVAN,IL,2016,UNKNOWN,VAN/MINI-VAN,TAXI/FOR HIRE,W,STRAIGHT AHEAD,,,1,,,,,,,,,,,,,,,Y,,,FRONT-LEFT-CORNER,,,,,,,,,,,,,,,,,,,,,,,,,,,,,,,,,
2128736,f906f6731d03278b916f2e4321c161390e95a2a4619f1b1f13e723ec4288c5cb8d1d605cee61033eeb3562c4dba9c342c3e39c34cbdc2a7ef0b0f169fe6b25c5,08/14/2025 09:30:00 PM,2,DRIVER,,2029313,,GENERAL MOTORS CORPORATION (GMC),TERRAIN,IL,2013,UNKNOWN,SPORT UTILITY VEHICLE (SUV),PERSONAL,SW,STARTING IN TRAFFIC,,,1,,,,,,,,,Y,Y,,,,,,,,REAR-RIGHT-CORNER,,,,,,,,,,,,,,,,,,,,,,,,,,,,,,,,,
2128715,45ff706ed558031ad8597935ea4e9502fd570660125b618b698520035d94048c388913fe291115be33585ffe7419f4df68712ff0a4c12265dab0eaf94a7753ab,08/14/2025 09:18:00 PM,1,DRIVER,,2029291,,CHEVROLET,TRAVERSE,IN,2012,NONE,SPORT UTILITY VEHICLE (SUV),PERSONAL,E,PASSING/OVERTAKING,,,1,,,,,,Y,,,,,,,,,,,,OTHER,,,,,,,,,,,,,,,,,,,,,,,,,,,,,,,,,
2128716,45ff706ed558031ad8597935ea4e9502fd570660125b618b698520035d94048c388913fe291115be33585ffe7419f4df68712ff0a4c12265dab0eaf94a7753ab,08/14/2025 09:18:00 PM,2,DRIVER,1,2029294,,FORD,EXPLORER,IL,2024,NONE,SPORT UTILITY VEHICLE (SUV),POLICE,E,STARTING IN TRAFFIC,,,2,,,,,,,,,,,,,,Y,,,,UNKNOWN,,,,,,,,,,,,,,,,,,,,,,,,,,,,,,,,,
2128755,4af7557e43a9eb9699c71bcc6c013e5ca708986e18ea41829b410664e759c5a35a75dbf6654f09b686daef615cc45e37c6eeb1f68c792acec70508efcd9ca092,08/14/2025 09:16:00 PM,1,DRIVER,,2029340,,HARLEY-DAVIDSON,HARLEY-DAVIDSON,IL,2017,NONE,PASSENGER,PERSONAL,N,STRAIGHT AHEAD,,,1,,,,,,,,,,,,,,,,Y,,FRONT,,,,,,,,,,,,,,,,,,,,,,,,,,,,,,,,,
2128756,4af7557e43a9eb9699c71bcc6c013e5ca708986e18ea41829b410664e759c5a35a75dbf6654f09b686daef615cc45e37c6eeb1f68c792acec70508efcd9ca092,08/14/2025 09:16:00 PM,2,DRIVER,,2029335,,CHEVROLET,BLAZER,IL,2022,NONE,PASSENGER,PERSONAL,W,STRAIGHT AHEAD,,,1,,,,,,,,,,,,Y,Y,Y,,,,SIDE-LEFT,,,,,,,,,,,,,,,,,,,,,,,,,,,,,,,,,
2128725,03a0546a819cd36a27b0e7bf0d3c45d94f4e96c530f8160fb0061d0b242866724df888cffcc9d7188fddf0e68113fdb1db3e11ed3550cabab9673835a5081285,08/14/2025 09:15:00 PM,1,DRIVER,,2029298,,UNKNOWN,OTHER (EXPLAIN IN NARRATIVE),IL,,NONE,PICKUP,UNKNOWN/NA,E,PASSING/OVERTAKING,,,1,,,,,,,,,,,,,,,,,Y,UNKNOWN,,,,,,,,,,,,,,,,,,,,,,,,,,,,,,,,,
2128726,03a0546a819cd36a27b0e7bf0d3c45d94f4e96c530f8160fb0061d0b242866724df888cffcc9d7188fddf0e68113fdb1db3e11ed3550cabab9673835a5081285,08/14/2025 09:15:00 PM,2,DRIVER,,2029301,,NISSAN,SENTRA,IL,2013,NONE,PASSENGER,PERSONAL,E,STRAIGHT AHEAD,,,1,,,,,N,Y,Y,Y,Y,,,,,,,,,SIDE-RIGHT,,,,,,,,,,,,,,,,,,,,,,,,,,,,,,,,,
2128783,22e082d4b4e218fa0b403da8a22974c709740c61c75c05d765ba2e15994365220017c0d86a54ade0f46757c093762ecc3d729415fbb803eb9917a3bcc8229145,08/14/2025 09:00:00 PM,1,DRIVER,,2029363,,CHEVROLET,TRAIL BLAZER,IL,2021,NONE,PASSENGER,PERSONAL,E,STRAIGHT AHEAD,,,1,,,,,,,Y,Y,,,,,,,,,N,SIDE-RIGHT,,,,,,,,,,,,,,,,,,,,,,,,,,,,,,,,,
2128784,22e082d4b4e218fa0b403da8a22974c709740c61c75c05d765ba2e15994365220017c0d86a54ade0f46757c093762ecc3d729415fbb803eb9917a3bcc8229145,08/14/2025 09:00:00 PM,2,DRIVER,,2029364,,JEEP,JEEP,IL,2015,NONE,PASSENGER,UNKNOWN/NA,N,STRAIGHT AHEAD,,,1,,,,,Y,,,,,,,,,,Y,Y,N,FRONT,,,,,,,,,,,,,,,,,,,,,,,,,,,,,,,,,
2128721,befa64618c1de52c3fa4a7f704c8ec509d0bcd5d525334cabb806fbfa59c1d41709b45ed5d8abb29e03da8245ff62a936d6385e014164421e87f9d2b391d9bd3,08/14/2025 09:00:00 PM,1,DRIVER,3,2029299,,CHEVROLET,MALIBU,,2018,NONE,PASSENGER,PERSONAL,UNKNOWN,TURNING LEFT,Y,,4,,,,,Y,Y,,,,,,,,,,,,SIDE-RIGHT-FRONT,,,,,,,,,,,,,,,,,,,,,,,,,,,,,,,,,
2128722,befa64618c1de52c3fa4a7f704c8ec509d0bcd5d525334cabb806fbfa59c1d41709b45ed5d8abb29e03da8245ff62a936d6385e014164421e87f9d2b391d9bd3,08/14/2025 09:00:00 PM,2,DRIVER,,2029303,,HONDA,CIVIC,,2020,NONE,PASSENGER,PERSONAL,UNKNOWN,STRAIGHT AHEAD,,,1,,,,,,,,,,,,,,,,Y,,FRONT,,,,,,,,,,,,,,,,,,,,,,,,,,,,,,,,,
2129903,c678af9b1b12eec523975fc35d1952a208785493f38937f64c045b1c33c55e688f6ac76add17cd48f688cf9c4b815bbda686af4d2346ed099445aff26166e562,08/14/2025 09:00:00 PM,1,DRIVER,,2030415,,UNKNOWN,OTHER (EXPLAIN IN NARRATIVE),,,UNKNOWN,UNKNOWN/NA,UNKNOWN/NA,UNKNOWN,UNKNOWN/NA,,,1,,,,,,,,,,,,,,,,,Y,UNKNOWN,,,,,,,,,,,,,,,,,,,,,,,,,,,,,,,,,
2129904,c678af9b1b12eec523975fc35d1952a208785493f38937f64c045b1c33c55e688f6ac76add17cd48f688cf9c4b815bbda686af4d2346ed099445aff26166e562,08/14/2025 09:00:00 PM,2,PARKED,,2030422,,TOYOTA,TUNDRA,IL,2025,UNKNOWN,TRUCK - SINGLE UNIT,UNKNOWN/NA,E,PARKED,,,0,,,,,,,,,,,Y,,,,,,,REAR-LEFT-CORNER,,,,,,,,,,,,,,,,,,,,,,,,,,,,,,,,,
2128931,760c03d044adc2ce721f15e321f6fc7ca3f6c4ae71282deaa6632b1054ca70c0672eec8f55ac1439719e2ee1cdefe2f17af249142ef49d3c8e2f06c5b829fc8d,08/14/2025 08:52:00 PM,1,DRIVER,,2029506,,DODGE,CARAVAN,IL,2019,UNKNOWN,PASSENGER,OTHER,S,STRAIGHT AHEAD,,,1,,,,,,,,,,,,,,,,Y,,FRONT,,,,,,,,,,,,,,,,,,,,,,,,,,,,,,,,,
2128932,760c03d044adc2ce721f15e321f6fc7ca3f6c4ae71282deaa6632b1054ca70c0672eec8f55ac1439719e2ee1cdefe2f17af249142ef49d3c8e2f06c5b829fc8d,08/14/2025 08:52:00 PM,2,DRIVER,,2029520,,HYUNDAI,TUCSON,IL,2024,UNKNOWN,PASSENGER,UNKNOWN/NA,S,STRAIGHT AHEAD,,,1,,,,,,,,,,Y,,,,,,,,REAR,,,,,,,,,,,,,,,,,,,,,,,,,,,,,,,,,
2129841,ab525bbddaa584b75691507e75d0d761b7af25150cd5b7574338b3f09927e3b29be59146c0427aedfedeadfc5cd668d3c242f551d0d7f5b10c5f347175fd8656,08/14/2025 08:50:00 PM,1,DRIVER,,2030361,,SUBARU,LEGACY,IL,2012,NONE,PASSENGER,PERSONAL,S,BACKING,,,1,,,,,,,,,Y,,,,,,,,,REAR-RIGHT-CORNER,,,,,,,,,,,,,,,,,,,,,,,,,,,,,,,,,
2129842,ab525bbddaa584b75691507e75d0d761b7af25150cd5b7574338b3f09927e3b29be59146c0427aedfedeadfc5cd668d3c242f551d0d7f5b10c5f347175fd8656,08/14/2025 08:50:00 PM,2,DRIVERLESS,,2030374,,VOLKSWAGEN,JETTA,IL,2012,NONE,PASSENGER,PERSONAL,S,PARKED,,,0,,,,,,,,,,,,,Y,Y,Y,,,FRONT-LEFT-CORNER,,,,,,,,,,,,,,,,,,,,,,,,,,,,,,,,,
2128707,60812e5ee067605e5268d96ffb7420f6936956b5f5b2a4fb80e7cd17444e196ccc6199d44de603a116b8247a8e4113a7e432aac1365de6da1e3e274a55b4a5b9,08/14/2025 08:45:00 PM,1,DRIVER,,2029306,,HYUNDAI,KONA,IL,2021,NONE,PASSENGER,PERSONAL,N,STRAIGHT AHEAD,,,1,,,,,Y,,,,,,,,,,,N,,SIDE-RIGHT-FRONT,,,,,,,,,,,,,,,,,,,,,,,,,,,,,,,,,
2128708,60812e5ee067605e5268d96ffb7420f6936956b5f5b2a4fb80e7cd17444e196ccc6199d44de603a116b8247a8e4113a7e432aac1365de6da1e3e274a55b4a5b9,08/14/2025 08:45:00 PM,2,DRIVER,,2029290,,CHEVROLET,EQUINOX,IL,2017,NONE,PASSENGER,PERSONAL,E,STRAIGHT AHEAD,,,1,,,,,,Y,Y,,,,,,,,,,,SIDE-RIGHT,,,,,,,,,,,,,,,,,,,,,,,,,,,,,,,,,
2129087,ef2de2317ea07022b3b0a19e881f38912f9ee1e5ba632176853ed808d93dc08f951d2b89980b689c242f3f415ce2dbf8bee4ceb152fac133f446f89b83914a88,08/14/2025 08:40:00 PM,1,DRIVER,,2029652,,UNKNOWN,OTHER (EXPLAIN IN NARRATIVE),IL,,NONE,PASSENGER,PERSONAL,N,TURNING RIGHT,,,1,,,,,Y,Y,Y,Y,Y,,,,,,,,,SIDE-RIGHT,,,,,,,,,,,,,,,,,,,,,,,,,,,,,,,,,
2129088,ef2de2317ea07022b3b0a19e881f38912f9ee1e5ba632176853ed808d93dc08f951d2b89980b689c242f3f415ce2dbf8bee4ceb152fac133f446f89b83914a88,08/14/2025 08:40:00 PM,2,DRIVER,,2029642,,FORD,ESCAPE,IL,2014,NONE,SPORT UTILITY VEHICLE (SUV),PERSONAL,N,TURNING RIGHT,,,1,,,,,,,,,,,Y,Y,Y,Y,Y,,,SIDE-LEFT,,,,,,,,,,,,,,,,,,,,,,,,,,,,,,,,,
2128705,3bdff87b57ec09d2654336759745d4a4a2c594c79961c2425135256fb81907c92031eaa0d035d2be965ed9371be6982595a7bc509a382134824d94d7a50bf62c,08/14/2025 08:35:00 PM,1,DRIVER,,2029287,,DODGE,RAM 2500 VAN,IL,2021,NONE,OTHER,OTHER,UNKNOWN,STRAIGHT AHEAD,,,1,,,,,,,,,,,,,,N,N,,Y,UNKNOWN,,,,,,,,,,,,,,,,,,,,,,,,,,,,,,,,,
2128706,3bdff87b57ec09d2654336759745d4a4a2c594c79961c2425135256fb81907c92031eaa0d035d2be965ed9371be6982595a7bc509a382134824d94d7a50bf62c,08/14/2025 08:35:00 PM,2,DRIVER,,2029292,,NISSAN,OTHER (EXPLAIN IN NARRATIVE),IL,2025,NONE,SPORT UTILITY VEHICLE (SUV),PERSONAL,UNKNOWN,STRAIGHT AHEAD,,,1,,,,,,,,,,,,,,Y,Y,,,SIDE-LEFT,,,,,,,,,,,,,,,,,,,,,,,,,,,,,,,,,
2128791,87f9bdfa4da345c986299d123b25236b8d7f9b56282ecb11c14bc65c2fd274cac90307c8054414cbbb0d477e79c90766549212610c22a8d7a8d6805d8f1e6b3b,08/14/2025 08:30:00 PM,1,DRIVER,,2029366,,UNKNOWN,OTHER (EXPLAIN IN NARRATIVE),,,UNKNOWN,UNKNOWN/NA,UNKNOWN/NA,UNKNOWN,UNKNOWN/NA,,,1,,,,,,,,,,,,,,,,,Y,UNKNOWN,,,,,,,,,,,,,,,,,,,,,,,,,,,,,,,,,
2128792,87f9bdfa4da345c986299d123b25236b8d7f9b56282ecb11c14bc65c2fd274cac90307c8054414cbbb0d477e79c90766549212610c22a8d7a8d6805d8f1e6b3b,08/14/2025 08:30:00 PM,2,PARKED,,2029369,,CHEVROLET,AVALANCHE,IL,2003,NONE,PICKUP,PERSONAL,N,PARKED,,,0,,,,,,,,,Y,Y,Y,Y,,,,,,REAR-LEFT-CORNER,,,,,,,,,,,,,,,,,,,,,,,,,,,,,,,,,
2128757,907b1a49b85d67422a4b239d82cbc2a5992e0d392da1eac4b9b51832fec2dadb31370d9b4b47ed469b11b1a47c1ed62e20dc821a5f165e76c003ea238168dfb6,08/14/2025 08:30:00 PM,1,DRIVER,,2029344,,FORD,EDGE,IL,2013,UNKNOWN,SPORT UTILITY VEHICLE (SUV),PERSONAL,E,STRAIGHT AHEAD,,,1,,,,,Y,Y,,,,,,,,,,N,,FRONT-RIGHT-CORNER,,,,,,,,,,,,,,,,,,,,,,,,,,,,,,,,,
2128758,907b1a49b85d67422a4b239d82cbc2a5992e0d392da1eac4b9b51832fec2dadb31370d9b4b47ed469b11b1a47c1ed62e20dc821a5f165e76c003ea238168dfb6,08/14/2025 08:30:00 PM,2,DRIVER,,2029348,,TOYOTA,CAMRY,IL,2013,NONE,PASSENGER,PERSONAL,E,OTHER,,,1,,,,,,,,,,,,,,Y,Y,Y,,SIDE-LEFT-FRONT,,,,,,,,,,,,,,,,,,,,,,,,,,,,,,,,,
2130697,809db010105247869fc0f351e30cfacfbf5b9578b30550bde3f555811feb62acc32922ff4a602d957e292ec6f0a4b21733edc3d3ec961b7a4ea12cc8eec86d45,08/14/2025 08:25:00 PM,1,DRIVER,,2031174,,FORD,F150,IL,2013,NONE,PICKUP,PERSONAL,E,BACKING,,,1,,,,,,,,,,Y,,,,,,,,REAR,,,,,,,,,,,,,,,,,,,,,,,,,,,,,,,,,
2130698,809db010105247869fc0f351e30cfacfbf5b9578b30550bde3f555811feb62acc32922ff4a602d957e292ec6f0a4b21733edc3d3ec961b7a4ea12cc8eec86d45,08/14/2025 08:25:00 PM,2,PARKED,,2031176,,NISSAN,ALTIMA,IL,2011,NONE,PASSENGER,NOT IN USE,W,PARKED,,,0,,,,,,,,,,,,,,,,Y,,FRONT,,,,,,,,,,,,,,,,,,,,,,,,,,,,,,,,,
2128739,ae301dbf8527a1591bffee0adec0d5f3acf905f08178a72f5880d00fa76e5dd9eddcdef2e56342de4f35bc5c7232f5e7f3be6cba7d76690e3361505a02b55556,08/14/2025 08:19:00 PM,1,DRIVER,,2029319,,TOYOTA,COROLLA,IL,2020,NONE,PASSENGER,PERSONAL,E,TURNING LEFT,,,1,,,,,Y,,,,,,,,,,,Y,,FRONT-RIGHT-CORNER,,,,,,,,,,,,,,,,,,,,,,,,,,,,,,,,,
2128740,ae301dbf8527a1591bffee0adec0d5f3acf905f08178a72f5880d00fa76e5dd9eddcdef2e56342de4f35bc5c7232f5e7f3be6cba7d76690e3361505a02b55556,08/14/2025 08:19:00 PM,2,PARKED,4,2029324,,NORTH AMERICAN BUS INDUSTRIES,60-LFW,IL,2023,NONE,BUS OVER 15 PASS.,CTA,E,PARKED,,,4,,,,,,,,,,,Y,Y,,,,,,REAR-LEFT-CORNER,,,,,,,,,,,,,,,,,,,,,,,,,,,,,,,,,
2128741,ae301dbf8527a1591bffee0adec0d5f3acf905f08178a72f5880d00fa76e5dd9eddcdef2e56342de4f35bc5c7232f5e7f3be6cba7d76690e3361505a02b55556,08/14/2025 08:19:00 PM,3,PEDESTRIAN,,,,,,,,,,,,,,,,,,,,,,,,,,,,,,,,,,,,,,,,,,,,,,,,,,,,,,,,,,,,,,,,,,
2128701,1c07eab9d4443d22572a3c641f19b75cee3fa8b22e0ccfbae1750b5b063ee0c7cdb31f384415faedb0a4970c521801488383c4d7c1eb643f614e99a6b0871eb0,08/14/2025 08:10:00 PM,1,DRIVER,,2029286,,UNKNOWN,OTHER (EXPLAIN IN NARRATIVE),,,UNKNOWN,UNKNOWN/NA,UNKNOWN/NA,UNKNOWN,UNKNOWN/NA,,,1,,,,,,,,,,,,,,,,,Y,UNKNOWN,,,,,,,,,,,,,,,,,,,,,,,,,,,,,,,,,
2128702,1c07eab9d4443d22572a3c641f19b75cee3fa8b22e0ccfbae1750b5b063ee0c7cdb31f384415faedb0a4970c521801488383c4d7c1eb643f614e99a6b0871eb0,08/14/2025 08:10:00 PM,2,PARKED,,2029282,,KIA,OPTIMA / K5,IL,2012,NONE,PASSENGER,NOT IN USE,E,PARKED,,,0,,,,,,,,,,,,Y,Y,,,,,SIDE-RIGHT,,,,,,,,,,,,,,,,,,,,,,,,,,,,,,,,,
2128695,792f0dcd66d0e4fd3ca60d0648e9ff751633cfdd54eba79632e2da55dbd2cf2098e781671238d185794e7fdb340208abe801008a9666621b698483a8ae887ea4,08/14/2025 08:07:00 PM,1,DRIVER,1,2029274,,DODGE,CHARGER,IL,2008,NONE,PASSENGER,PERSONAL,W,TURNING LEFT,N,,2,,,,,Y,,,,,,,,,,Y,Y,,TOTAL (ALL AREAS),,,,,,,,,,,,,,,,,,,,,,,,,,,,,,,,,
2128696,792f0dcd66d0e4fd3ca60d0648e9ff751633cfdd54eba79632e2da55dbd2cf2098e781671238d185794e7fdb340208abe801008a9666621b698483a8ae887ea4,08/14/2025 08:07:00 PM,2,DRIVER,,2029279,,FORD,ESCAPE,IL,2018,NONE,SPORT UTILITY VEHICLE (SUV),PERSONAL,N,STRAIGHT AHEAD,Y,,1,,PRIVATE TOW/ INSURANCE,,,Y,N,,,,,,,,,N,Y,,FRONT-RIGHT-CORNER,,,,,,,,,,,,,,,,,,,,,,,,,,,,,,,,,
2128919,bfaf6e97b62e1a73d61cfaa5afa2075181e51a9e37cbb91ac7158489c7f1ebd63d95789d93cabbc13898a1e18a96a4231729e95a29d77555fbcdd2827d11ccd2,08/14/2025 08:00:00 PM,1,DRIVER,,2029485,,UNKNOWN,OTHER (EXPLAIN IN NARRATIVE),,,UNKNOWN,UNKNOWN/NA,UNKNOWN/NA,UNKNOWN,UNKNOWN/NA,,,1,,,,,,,,,,,,,,,,,,UNKNOWN,,,,,,,,,,,,,,,,,,,,,,,,,,,,,,,,,
2128920,bfaf6e97b62e1a73d61cfaa5afa2075181e51a9e37cbb91ac7158489c7f1ebd63d95789d93cabbc13898a1e18a96a4231729e95a29d77555fbcdd2827d11ccd2,08/14/2025 08:00:00 PM,2,PARKED,,2029489,,CHRYSLER,TOWN & COUNTRY,IL,2014,NONE,VAN/MINI-VAN,NOT IN USE,W,PARKED,,,0,,,,,Y,Y,,,,,,,,,,,,FRONT-RIGHT-CORNER,,,,,,,,,,,,,,,,,,,,,,,,,,,,,,,,,
2128753,9416fb5ebddfeb5782c7aec4463090e761c96abc6289a8e8f1d858ab62d953744cba20f1b2b0a5a46a0ac5eb65dbabeb38e10366bdc77c481d9e2ac3dd616a3a,08/14/2025 07:53:00 PM,1,DRIVER,,2029327,,HONDA,PILOT,IL,2017,UNKNOWN,SPORT UTILITY VEHICLE (SUV),UNKNOWN/NA,E,OTHER,,,1,,,,,Y,Y,,,,,,,,,,,,FRONT-RIGHT-CORNER,,,,,,,,,,,,,,,,,,,,,,,,,,,,,,,,,