CRASH_UNIT_ID,CRASH_RECORD_ID,CRASH_DATE,UNIT_NO,UNIT_TYPE,NUM_PASSENGERS,VEHICLE_ID,CMRC_VEH_I,MAKE,MODEL,LIC_PLATE_STATE,VEHICLE_YEAR,VEHICLE_DEFECT,VEHICLE_TYPE,VEHICLE_USE,TRAVEL_DIRECTION,MANEUVER,TOWED_I,FIRE_I,OCCUPANT_CNT,EXCEED_SPEED_LIMIT_I,TOWED_BY,TOWED_TO,AREA_00_I,AREA_01_I,AREA_02_I,AREA_03_I,AREA_04_I,AREA_05_I,AREA_06_I,AREA_07_I,AREA_08_I,AREA_09_I,AREA_10_I,AREA_11_I,AREA_12_I,AREA_99_I,FIRST_CONTACT_POINT,CMV_ID,USDOT_NO,CCMC_NO,ILCC_NO,COMMERCIAL_SRC,GVWR,CARRIER_NAME,CARRIER_STATE,CARRIER_CITY,HAZMAT_PLACARDS_I,HAZMAT_NAME,UN_NO,HAZMAT_PRESENT_I,HAZMAT_REPORT_I,HAZMAT_REPORT_NO,MCS_REPORT_I,MCS_REPORT_NO,HAZMAT_VIO_CAUSE_CRASH_I,MCS_VIO_CAUSE_CRASH_I,IDOT_PERMIT_NO,WIDE_LOAD_I,TRAILER1_WIDTH,TRAILER2_WIDTH,TRAILER1_LENGTH,TRAILER2_LENGTH,TOTAL_VEHICLE_LENGTH,AXLE_CNT,VEHICLE_CONFIG,CARGO_BODY_TYPE,LOAD_TYPE,HAZMAT_OUT_OF_SERVICE_I,MCS_OUT_OF_SERVICE_I,HAZMAT_CLASS
2128754,9416fb5ebddfeb5782c7aec4463090e761c96abc6289a8e8f1d858ab62d953744cba20f1b2b0a5a46a0ac5eb65dbabeb38e10366bdc77c481d9e2ac3dd616a3a,08/14/2025 07:53:00 PM,2,DRIVER,2,2029334,,FORD,ECONOLINE E350,IL,2014,UNKNOWN,VAN/MINI-VAN,AMBULANCE,E,STRAIGHT AHEAD,,,3,,,,,,,,,,,,,,Y,,,,SIDE-LEFT,,,,,,,,,,,,,,,,,,,,,,,,,,,,,,,,,
2128682,3aeb72f002937a17f6d3457091e7e4ba2a07560ef304b6d6ecb2bca2fe6f285db411626b7372c25be0052b667b32737c90149dde31cfbf726c8a093db4a7a27f,08/14/2025 07:50:00 PM,1,DRIVER,,2029267,,MERCEDES-BENZ,CLK320,IL,2008,UNKNOWN,PASSENGER,PERSONAL,E,STRAIGHT AHEAD,,,1,,,,,,,,,,,,,,,,Y,,FRONT,,,,,,,,,,,,,,,,,,,,,,,,,,,,,,,,,
2128683,3aeb72f002937a17f6d3457091e7e4ba2a07560ef304b6d6ecb2bca2fe6f285db411626b7372c25be0052b667b32737c90149dde31cfbf726c8a093db4a7a27f,08/14/2025 07:50:00 PM,2,DRIVER,,2029269,,FORD,ASPIRE,IL,2016,NONE,PASSENGER,PERSONAL,E,STRAIGHT AHEAD,,,1,,,,,,,,,Y,Y,Y,,,,,,,REAR,,,,,,,,,,,,,,,,,,,,,,,,,,,,,,,,,
2128693,4fb15237b54e01b9264d46126520dc23cdffb47365abb8a5909fff9b34da82e5ed59d9523f93513f084e8f94b048fd8b805aefebbdb5d303a53763055b84f7af,08/14/2025 07:41:00 PM,1,DRIVER,,2029273,,INFINITI,QX30,IL,2019,UNKNOWN,PASSENGER,PERSONAL,W,STRAIGHT AHEAD,,,1,,,,,,,,,,,,,,Y,Y,N,,FRONT-LEFT-CORNER,,,,,,,,,,,,,,,,,,,,,,,,,,,,,,,,,
2128694,4fb15237b54e01b9264d46126520dc23cdffb47365abb8a5909fff9b34da82e5ed59d9523f93513f084e8f94b048fd8b805aefebbdb5d303a53763055b84f7af,08/14/2025 07:41:00 PM,2,DRIVER,,2029278,,FORD,ESCAPE,IL,2002,UNKNOWN,PASSENGER,PERSONAL,W,STRAIGHT AHEAD,,,1,,,,,Y,Y,,,,,,,,,,N,,FRONT-RIGHT-CORNER,,,,,,,,,,,,,,,,,,,,,,,,,,,,,,,,,
2131246,f247075ea6ec40f40031e0c098c77eef06c5c1a5045d75442cf31e3e5266a15e0785711bbbe2ab16a9d8f52df6c21baf07d9fb3fd92278da613410e527ad8a26,08/14/2025 07:38:00 PM,1,DRIVER,,2031672,,CHEVROLET,MALIBU,IL,,UNKNOWN,PASSENGER,PERSONAL,N,BACKING,,,1,,,,,,,,,,,,,,,,,,UNKNOWN,,,,,,,,,,,,,,,,,,,,,,,,,,,,,,,,,
2131247,f247075ea6ec40f40031e0c098c77eef06c5c1a5045d75442cf31e3e5266a15e0785711bbbe2ab16a9d8f52df6c21baf07d9fb3fd92278da613410e527ad8a26,08/14/2025 07:38:00 PM,2,DRIVER,,2031680,,CHEVROLET,IMPALA,IL,2011,UNKNOWN,PASSENGER,PERSONAL,N,STRAIGHT AHEAD,,,1,,,,,,,,,,,,,,,,Y,,UNKNOWN,,,,,,,,,,,,,,,,,,,,,,,,,,,,,,,,,
2128685,e3ae287e36f84eb45baef4f885cd9197b287c143e38601d0647ec98d1b0777d959e5e3784c458237ea95db33f41fbda0654cff1dce52a2b484cca87ad27b2779,08/14/2025 07:36:00 PM,1,DRIVER,,2029268,,DODGE,RAM 1500 VAN,IL,2021,NONE,VAN/MINI-VAN,PERSONAL,W,TURNING LEFT,,,1,,,,,,,,,,,,,,,Y,Y,,FRONT-LEFT-CORNER,,,,,,,,,,,,,,,,,,,,,,,,,,,,,,,,,
2128686,e3ae287e36f84eb45baef4f885cd9197b287c143e38601d0647ec98d1b0777d959e5e3784c458237ea95db33f41fbda0654cff1dce52a2b484cca87ad27b2779,08/14/2025 07:36:00 PM,2,DRIVER,,2029270,,VOLKSWAGEN,TIGUAN,IL,2019,NONE,SPORT UTILITY VEHICLE (SUV),NOT IN USE,NE,STRAIGHT AHEAD,,,1,,,,,,,,,Y,Y,,,,,,,,REAR-RIGHT-CORNER,,,,,,,,,,,,,,,,,,,,,,,,,,,,,,,,,
2128737,2d0e5450a8884c4d92e41f5d691b5fce246d298c9ecbdf0b8282974721744cd092303dc84c45df160a8fc632d3fcb8b098340abcfa5a74208404bac5bb6285b6,08/14/2025 07:30:00 PM,1,DRIVER,,2029310,,TOYOTA,CAMRY,IL,2016,NONE,PASSENGER,PERSONAL,N,STRAIGHT AHEAD,,,1,,,,,Y,,,,,,,,,,Y,Y,,FRONT,,,,,,,,,,,,,,,,,,,,,,,,,,,,,,,,,
2128738,2d0e5450a8884c4d92e41f5d691b5fce246d298c9ecbdf0b8282974721744cd092303dc84c45df160a8fc632d3fcb8b098340abcfa5a74208404bac5bb6285b6,08/14/2025 07:30:00 PM,2,DRIVER,,2029322,,UNKNOWN,OTHER (EXPLAIN IN NARRATIVE),IL,2024,NONE,MOTORCYCLE (OVER 150CC),PERSONAL,N,OTHER,,,1,,,,,,,,,Y,Y,Y,,,,,,,REAR,,,,,,,,,,,,,,,,,,,,,,,,,,,,,,,,,
2128657,62e10a5dba658aa28a87bb5766c4a2a0996298d7e9136ceea904abf3e092c85137cb8b6816e53932f070d166662da0e765c8774719fb6c9d3c9f411d62e237e6,08/14/2025 07:02:00 PM,1,DRIVER,,2029237,,HYUNDAI,ELANTRA,IL,,UNKNOWN,PASSENGER,UNKNOWN/NA,N,STRAIGHT AHEAD,,,1,,,,,Y,,,,,,,,,,,Y,,FRONT-RIGHT-CORNER,,,,,,,,,,,,,,,,,,,,,,,,,,,,,,,,,
2128658,62e10a5dba658aa28a87bb5766c4a2a0996298d7e9136ceea904abf3e092c85137cb8b6816e53932f070d166662da0e765c8774719fb6c9d3c9f411d62e237e6,08/14/2025 07:02:00 PM,2,DRIVER,,2029233,,TOYOTA,COROLLA,IL,,UNKNOWN,PASSENGER,UNKNOWN/NA,S,BACKING,,,1,,,,,,,,,,,,Y,Y,,,,,SIDE-LEFT,,,,,,,,,,,,,,,,,,,,,,,,,,,,,,,,,
2128778,23fb40cd5dbe24072b043c27aeedf3ae8dc303c2d2bbc48639e69a8eea7198ed92a6097cc0fd1b954e52740562c8eadc026401bd683a6ddeba49078985f63795,08/14/2025 07:00:00 PM,1,DRIVER,,2029358,,LEXUS,ES300,FL,2024,NONE,PASSENGER,NOT IN USE,W,STRAIGHT AHEAD,,,1,,,,,,,,,,,Y,Y,,,,,,SIDE-LEFT-REAR,,,,,,,,,,,,,,,,,,,,,,,,,,,,,,,,,
2128779,23fb40cd5dbe24072b043c27aeedf3ae8dc303c2d2bbc48639e69a8eea7198ed92a6097cc0fd1b954e52740562c8eadc026401bd683a6ddeba49078985f63795,08/14/2025 07:00:00 PM,2,DRIVER,,2029359,,HONDA,CR-V,IL,2018,NONE,PASSENGER,NOT IN USE,W,PASSING/OVERTAKING,,,1,,,,,Y,Y,,N,N,,,,,,,,,FRONT-RIGHT-CORNER,,,,,,,,,,,,,,,,,,,,,,,,,,,,,,,,,
2128663,2f627d12b3154ed9c6236c03f63d645dde35ca0a2fddda984422a4abacaab986090c1c85b0a347c5627391144e5ace000667abfc757b0b3d9e582c730ba0cdba,08/14/2025 07:00:00 PM,1,DRIVER,,2029246,,MITSUBISHI,OUTLANDER,MD,2024,UNKNOWN,PASSENGER,OTHER,S,STRAIGHT AHEAD,,,1,,,,,,,,,,,,,,,,Y,,FRONT,,,,,,,,,,,,,,,,,,,,,,,,,,,,,,,,,
2128672,2f627d12b3154ed9c6236c03f63d645dde35ca0a2fddda984422a4abacaab986090c1c85b0a347c5627391144e5ace000667abfc757b0b3d9e582c730ba0cdba,08/14/2025 07:00:00 PM,2,DRIVER,,2029253,,NISSAN,KICKS,IL,2023,NONE,PASSENGER,PERSONAL,S,STRAIGHT AHEAD,,,1,,,,,,,,,N,Y,,,,,,,,REAR,,,,,,,,,,,,,,,,,,,,,,,,,,,,,,,,,
2130603,69af584207a53fee321c04659e8fde0f3f525acac0f73934202e8a0900e4fb3dd0bb34a58246c48641ca9abac92b49515d8d0022e1ad697433fcdde672b1db17,08/14/2025 07:00:00 PM,1,DRIVER,,2031072,,TOYOTA,PRIUS,IL,2015,NONE,PASSENGER,PERSONAL,S,STRAIGHT AHEAD,,,1,,,,,,,,,,,,,,,Y,,,FRONT-LEFT-CORNER,,,,,,,,,,,,,,,,,,,,,,,,,,,,,,,,,
2130604,69af584207a53fee321c04659e8fde0f3f525acac0f73934202e8a0900e4fb3dd0bb34a58246c48641ca9abac92b49515d8d0022e1ad697433fcdde672b1db17,08/14/2025 07:00:00 PM,2,DRIVER,,2031076,,HYUNDAI,SONATA,IL,2011,NONE,PASSENGER,PERSONAL,N,STRAIGHT AHEAD,,,1,,,,,,,,,,,Y,Y,,,,,,REAR-LEFT-CORNER,,,,,,,,,,,,,,,,,,,,,,,,,,,,,,,,,
2128675,a484fcb0138cb546d1506cd83f12d8f7d26458fb15da826b232ed52b20e56ba5c0975046cd61b0de3479173a832e280303b6213c9277fe7fb19d5b0919995d52,08/14/2025 07:00:00 PM,1,DRIVER,,2029257,,HYUNDAI,ELANTRA,IL,2013,UNKNOWN,PASSENGER,PERSONAL,N,UNKNOWN/NA,,,1,,,,,Y,,,,,,,,,,,,,FRONT-RIGHT-CORNER,,,,,,,,,,,,,,,,,,,,,,,,,,,,,,,,,
2128676,a484fcb0138cb546d1506cd83f12d8f7d26458fb15da826b232ed52b20e56ba5c0975046cd61b0de3479173a832e280303b6213c9277fe7fb19d5b0919995d52,08/14/2025 07:00:00 PM,2,PARKED,,2029260,,BUICK,VERANO,IL,2017,UNKNOWN,PASSENGER,PERSONAL,N,PARKED,,,0,,,,,,,,,,,,,Y,Y,Y,,,SIDE-LEFT,,,,,,,,,,,,,,,,,,,,,,,,,,,,,,,,,
2128673,dc914a9019e62693dd6dd1761f003f5ccb8d9101b1de8e5847fe8ade34e3ea4b063e6d615dd3363f56615c3948d7af78422fbe31011ced745c45d0151d31bf27,08/14/2025 07:00:00 PM,1,NON-MOTOR VEHICLE,,,,,,,,,,,,,,,,,,,,,,,,,,,,,,,,,,,,,,,,,,,,,,,,,,,,,,,,,,,,,,,,,,
2128674,dc914a9019e62693dd6dd1761f003f5ccb8d9101b1de8e5847fe8ade34e3ea4b063e6d615dd3363f56615c3948d7af78422fbe31011ced745c45d0151d31bf27,08/14/2025 07:00:00 PM,2,DRIVER,,2029265,,KIA,SORENTO,IL,2011,UNKNOWN,SPORT UTILITY VEHICLE (SUV),PERSONAL,E,TURNING RIGHT,,,1,,,,,,Y,,,,,,,,,,,,SIDE-RIGHT-FRONT,,,,,,,,,,,,,,,,,,,,,,,,,,,,,,,,,
2128709,e5fa9f88673b26e80dc35ed2f75b38a417177c2e6b9fcff5f9924f72b27fe481f19bdd18f5c2b8e4f1bbcecac5352d108d52bda41f9e72221480f778f2506b4d,08/14/2025 06:58:00 PM,1,DRIVER,,2029288,,TOYOTA,SIENNA,IL,2017,NONE,VAN/MINI-VAN,PERSONAL,N,OTHER,,,1,,,,,,,,,,,,,,,,,,UNKNOWN,,,,,,,,,,,,,,,,,,,,,,,,,,,,,,,,,
2128710,e5fa9f88673b26e80dc35ed2f75b38a417177c2e6b9fcff5f9924f72b27fe481f19bdd18f5c2b8e4f1bbcecac5352d108d52bda41f9e72221480f778f2506b4d,08/14/2025 06:58:00 PM,2,PARKED,,2029293,,FORD,MUSTANG,IL,2023,NONE,PASSENGER,PERSONAL,N,PARKED,,,0,,,,,,,,,,,,,,,,,,REAR,,,,,,,,,,,,,,,,,,,,,,,,,,,,,,,,,
2128680,704d243fcc5500205059ae8290bcb0d6087cf131a34c9ee2223e7e5ff4fe779a6c57b0a2ddf59f2ac00ca2b06ddeeb45caceda09824aac369bc16d258edcb42c,08/14/2025 06:55:00 PM,1,DRIVER,,2029261,,FORD,F150,IL,2006,SUSPENSION,PICKUP,PERSONAL,W,STRAIGHT AHEAD,,,1,,,,,,,,,,,,,,,Y,,,FRONT-LEFT-CORNER,,,,,,,,,,,,,,,,,,,,,,,,,,,,,,,,,
2128681,704d243fcc5500205059ae8290bcb0d6087cf131a34c9ee2223e7e5ff4fe779a6c57b0a2ddf59f2ac00ca2b06ddeeb45caceda09824aac369bc16d258edcb42c,08/14/2025 06:55:00 PM,2,PARKED,,2029264,,FORD,EDGE,IL,2011,UNKNOWN,SPORT UTILITY VEHICLE (SUV),NOT IN USE,W,PARKED,,,0,,,,,,,,Y,Y,,,,,,,,,REAR-RIGHT-CORNER,,,,,,,,,,,,,,,,,,,,,,,,,,,,,,,,,
2128689,1a3a8a279d074e076aff2c400834ab1303dcabfe7054f33dd934715a06eee92df34374bc599fad0b525bb92ec83ee0de1d1581175e053668d44979a3ae660d5f,08/14/2025 06:50:00 PM,1,DRIVER,,2029272,,TOYOTA,OTHER (EXPLAIN IN NARRATIVE),FL,2020,UNKNOWN,SPORT UTILITY VEHICLE (SUV),UNKNOWN/NA,W,STRAIGHT AHEAD,,,1,,,,,,,,,,,,,,,,,Y,FRONT,,,,,,,,,,,,,,,,,,,,,,,,,,,,,,,,,
2128690,1a3a8a279d074e076aff2c400834ab1303dcabfe7054f33dd934715a06eee92df34374bc599fad0b525bb92ec83ee0de1d1581175e053668d44979a3ae660d5f,08/14/2025 06:50:00 PM,2,DRIVER,1,2029275,,HYUNDAI,TUCSON,IL,2023,NONE,SPORT UTILITY VEHICLE (SUV),PERSONAL,W,SLOW/STOP IN TRAFFIC,,,2,,,,,,,,,,Y,,,,,,,,REAR,,,,,,,,,,,,,,,,,,,,,,,,,,,,,,,,,
2129733,1e026125d1f5db4e94249baa43c0a8a24e2e96d91b1a078a6743e9b13b54d32bcafcd31ead327575c7b38bc23a54e31a9bcc0998e55cf23918979497acd8170b,08/14/2025 06:45:00 PM,1,DRIVER,,2030246,,FORD,VAN,,,UNKNOWN,VAN/MINI-VAN,UNKNOWN/NA,E,STRAIGHT AHEAD,,,1,,,,,,,,,,,,,,,,Y,,FRONT,,,,,,,,,,,,,,,,,,,,,,,,,,,,,,,,,
2129734,1e026125d1f5db4e94249baa43c0a8a24e2e96d91b1a078a6743e9b13b54d32bcafcd31ead327575c7b38bc23a54e31a9bcc0998e55cf23918979497acd8170b,08/14/2025 06:45:00 PM,2,DRIVER,1,2030253,,SUBARU,FORESTER,IL,2015,NONE,SPORT UTILITY VEHICLE (SUV),PERSONAL,E,SLOW/STOP IN TRAFFIC,,,2,,,,,,,,,,Y,,,,,,,,REAR,,,,,,,,,,,,,,,,,,,,,,,,,,,,,,,,,
2128621,c13cade31e0ccd2ec6f159e76de9d9aee42aaadb138e215f46ff0aa56b14cd9e70732fe092dd8b1bbf86b05c70b4f6ed5b0b8d5ae4fbf102c615dfd0caf00051,08/14/2025 06:45:00 PM,1,DRIVER,,2029228,,NISSAN,ROGUE,IL,2017,UNKNOWN,PASSENGER,PERSONAL,NW,TURNING RIGHT,,,1,,,,,Y,Y,Y,Y,Y,,,,,,,,,SIDE-RIGHT,,,,,,,,,,,,,,,,,,,,,,,,,,,,,,,,,
2128622,c13cade31e0ccd2ec6f159e76de9d9aee42aaadb138e215f46ff0aa56b14cd9e70732fe092dd8b1bbf86b05c70b4f6ed5b0b8d5ae4fbf102c615dfd0caf00051,08/14/2025 06:45:00 PM,2,DRIVER,1,2029240,,LEXUS,RX,IL,2011,UNKNOWN,PASSENGER,PERSONAL,NW,TURNING RIGHT,,,2,,,,,,,,,,,Y,Y,Y,Y,Y,,,SIDE-LEFT,,,,,,,,,,,,,,,,,,,,,,,,,,,,,,,,,
2128653,7dc670248ead31ca620f964364bf5e6e0e32811f278f891b95406ac0dfd134b38dcb9de2fd487755f32615baa561070914e1fa164bf1299f99406e656d1f8664,08/14/2025 06:40:00 PM,1,DRIVER,,2029231,,KIA,SPORTAGE,IL,2015,UNKNOWN,SPORT UTILITY VEHICLE (SUV),PERSONAL,UNKNOWN,CHANGING LANES,,,1,,,,,Y,Y,,,,,,,,,,,,FRONT-RIGHT-CORNER,,,,,,,,,,,,,,,,,,,,,,,,,,,,,,,,,
2128654,7dc670248ead31ca620f964364bf5e6e0e32811f278f891b95406ac0dfd134b38dcb9de2fd487755f32615baa561070914e1fa164bf1299f99406e656d1f8664,08/14/2025 06:40:00 PM,2,DRIVER,,2029239,,KIA,SPORTAGE,IL,2017,UNKNOWN,SPORT UTILITY VEHICLE (SUV),PERSONAL,UNKNOWN,STRAIGHT AHEAD,,,1,,,,,,,,,,,Y,Y,,,,,,REAR-LEFT-CORNER,,,,,,,,,,,,,,,,,,,,,,,,,,,,,,,,,
2128598,5d1ac48442b03f434593a9887b35ff5ee3e562f0e2110ba7f8fe69b192127db9ff75d5e695e862d35deeeffbc86b6f52545689e9d8ce22b750a58ab96a0d57e7,08/14/2025 06:34:00 PM,1,DRIVER,1,2029171,,NISSAN,JUKE,IL,2013,NONE,SPORT UTILITY VEHICLE (SUV),PERSONAL,E,STRAIGHT AHEAD,Y,,2,,,,,Y,,,,,,,,,,Y,Y,,FRONT,,,,,,,,,,,,,,,,,,,,,,,,,,,,,,,,,
2128599,5d1ac48442b03f434593a9887b35ff5ee3e562f0e2110ba7f8fe69b192127db9ff75d5e695e862d35deeeffbc86b6f52545689e9d8ce22b750a58ab96a0d57e7,08/14/2025 06:34:00 PM,2,DRIVER,,2029196,,HONDA,CIVIC,IL,2013,NONE,PASSENGER,PERSONAL,S,STRAIGHT AHEAD,,,1,,,,,,Y,Y,Y,,,,,,,,,,SIDE-RIGHT,,,,,,,,,,,,,,,,,,,,,,,,,,,,,,,,,
2128647,d5d26c2f2a9c00bb5aa9916a6883bd0d4749614f6ba98d92686ae41cb76668d3dc43a9f1cce2d02f75ff53d6d3a5fb12772b6e5a3e6d466b5e3bfd567962eb7a,08/14/2025 06:33:00 PM,1,DRIVER,,2029224,,FORD,ESCAPE,IL,2005,NONE,PASSENGER,PERSONAL,W,TURNING LEFT,Y,,1,,E and r,103/DOTY,,Y,Y,,,,,,,,Y,Y,Y,,FRONT,,,,,,,,,,,,,,,,,,,,,,,,,,,,,,,,,
2128648,d5d26c2f2a9c00bb5aa9916a6883bd0d4749614f6ba98d92686ae41cb76668d3dc43a9f1cce2d02f75ff53d6d3a5fb12772b6e5a3e6d466b5e3bfd567962eb7a,08/14/2025 06:33:00 PM,2,DRIVER,,2029232,,MITSUBISHI,OUTLANDER,MD,2024,NONE,PASSENGER,PERSONAL,S,STRAIGHT AHEAD,Y,,1,,E and r,103/DOTY,,Y,Y,,,,,,,,Y,Y,Y,,FRONT,,,,,,,,,,,,,,,,,,,,,,,,,,,,,,,,,
2131195,205c2241890af8e845aebf2936af44a45366495c4b382f9316f536161c97d302dac2665a48b82411129356020a8617a7a9efaab8ca4a2fd37eae94efd6c19b18,08/14/2025 06:32:00 PM,1,DRIVER,,2031623,,GENERAL MOTORS CORPORATION (GMC),TERRAIN,IL,2012,UNKNOWN,SPORT UTILITY VEHICLE (SUV),UNKNOWN/NA,W,STRAIGHT AHEAD,,,1,,,,,Y,,,,,,,,,,Y,Y,,FRONT,,,,,,,,,,,,,,,,,,,,,,,,,,,,,,,,,
2131196,205c2241890af8e845aebf2936af44a45366495c4b382f9316f536161c97d302dac2665a48b82411129356020a8617a7a9efaab8ca4a2fd37eae94efd6c19b18,08/14/2025 06:32:00 PM,2,DRIVER,,2031624,,TOYOTA,RAV4,MI,2024,NONE,SPORT UTILITY VEHICLE (SUV),PERSONAL,W,SLOW/STOP IN TRAFFIC,,,1,,,,,Y,,,,Y,Y,Y,,,,Y,Y,,REAR,,,,,,,,,,,,,,,,,,,,,,,,,,,,,,,,,
2131197,205c2241890af8e845aebf2936af44a45366495c4b382f9316f536161c97d302dac2665a48b82411129356020a8617a7a9efaab8ca4a2fd37eae94efd6c19b18,08/14/2025 06:32:00 PM,3,DRIVER,,2031625,,MAZDA,CX-5,FL,2025,UNKNOWN,SPORT UTILITY VEHICLE (SUV),UNKNOWN/NA,W,SLOW/STOP IN TRAFFIC,,,1,,,,,,,,,Y,Y,Y,,,,,,,REAR,,,,,,,,,,,,,,,,,,,,,,,,,,,,,,,,,
2129110,23d4387bac418b97c38151108299c14458399ac0bab8543ef6c90844ef4ff74aa498db90ae338708510968a1992d1cb6e6fece44c7973cf9d3cbc14b02d77d70,08/14/2025 06:30:00 PM,1,DRIVER,,2029661,,FORD,ESCAPE,IL,2014,OTHER,PASSENGER,UNKNOWN/NA,N,MERGING,,,1,,,,,,,,,,,Y,,,,,,,SIDE-LEFT-REAR,,,,,,,,,,,,,,,,,,,,,,,,,,,,,,,,,
2129111,23d4387bac418b97c38151108299c14458399ac0bab8543ef6c90844ef4ff74aa498db90ae338708510968a1992d1cb6e6fece44c7973cf9d3cbc14b02d77d70,08/14/2025 06:30:00 PM,2,DRIVER,,2029671,,NISSAN,ALTIMA,IL,2025,FUEL SYSTEM,PASSENGER,UNKNOWN/NA,N,STRAIGHT AHEAD,,,1,,,,,Y,,,,,,,,,,,,,FRONT-RIGHT-CORNER,,,,,,,,,,,,,,,,,,,,,,,,,,,,,,,,,
2129757,8bf815c2177669562bf4d3c558907273bca75d0012912f93c195799be2e905ec9386685bce6b3297987cce8581679703433b7a1f9e19d830382e99094f9bc750,08/14/2025 06:28:00 PM,1,DRIVER,,2030269,,CHEVROLET,COLORADO,IL,2015,UNKNOWN,PICKUP,UNKNOWN/NA,E,OTHER,,,1,,,,,,,,,,,,,,,,,Y,FRONT,,,,,,,,,,,,,,,,,,,,,,,,,,,,,,,,,
2129758,8bf815c2177669562bf4d3c558907273bca75d0012912f93c195799be2e905ec9386685bce6b3297987cce8581679703433b7a1f9e19d830382e99094f9bc750,08/14/2025 06:28:00 PM,2,DRIVER,,2030278,,NISSAN,SENTRA,IL,2019,UNKNOWN,PASSENGER,PERSONAL,E,OTHER,,,1,,,,,,,,,,Y,,,,,,,,REAR,,,,,,,,,,,,,,,,,,,,,,,,,,,,,,,,,
2128825,f505c520cbadfea88a13f1d457c4b4ce781dccfa19507fceab0f83725c26b40d8d093a3b892c70d4304b1fb881eb06a7509ad0bb2adf2ce7e368e9861476b5ce,08/14/2025 06:24:00 PM,1,DRIVER,1,2029396,,DODGE,OTHER (EXPLAIN IN NARRATIVE),IL,2017,UNKNOWN,PASSENGER,UNKNOWN/NA,W,STRAIGHT AHEAD,,,2,,,,,,,,,,,,Y,,,,,,SIDE-RIGHT,,,,,,,,,,,,,,,,,,,,,,,,,,,,,,,,,
2128826,f505c520cbadfea88a13f1d457c4b4ce781dccfa19507fceab0f83725c26b40d8d093a3b892c70d4304b1fb881eb06a7509ad0bb2adf2ce7e368e9861476b5ce,08/14/2025 06:24:00 PM,2,DRIVER,,2029402,,CHEVROLET,EQUINOX,IL,2015,NONE,PICKUP,PERSONAL,W,STRAIGHT AHEAD,,,1,,,,,Y,,,,,,,,,,,,,SIDE-LEFT-FRONT,,,,,,,,,,,,,,,,,,,,,,,,,,,,,,,,,
2128611,5ee5757f5d60e86906f4f53630181b121235cddc29c3521910bb456917f7d20ea35c67b72cdc5c7652ef7be1a05f58ac817dd611e0ecb55631095849cb59b3ca,08/14/2025 06:17:00 PM,1,DRIVER,,2029188,,FORD,VAN,IL,2018,NONE,PASSENGER,PERSONAL,S,STRAIGHT AHEAD,,,1,,,,,,,,,,,,,,,,Y,,FRONT,,,,,,,,,,,,,,,,,,,,,,,,,,,,,,,,,
2128612,5ee5757f5d60e86906f4f53630181b121235cddc29c3521910bb456917f7d20ea35c67b72cdc5c7652ef7be1a05f58ac817dd611e0ecb55631095849cb59b3ca,08/14/2025 06:17:00 PM,2,DRIVER,,2029197,,TOYOTA,RAV4,IL,2023,NONE,PASSENGER,PERSONAL,S,STRAIGHT AHEAD,,,1,,,,,,,,,,Y,,,,,,,,REAR,,,,,,,,,,,,,,,,,,,,,,,,,,,,,,,,,
2128645,212a488f767ea29239a77e5143203e2989bea5f8ca932cf2db9ac5e4484e77328ebdf99f8033f01a147ff3f066b54b5672459d7a030ddbf20e30b4e4e1916d24,08/14/2025 06:15:00 PM,1,DRIVER,,2029227,,MERCEDES-BENZ,OTHER (EXPLAIN IN NARRATIVE),IN,,UNKNOWN,PASSENGER,PERSONAL,N,STRAIGHT AHEAD,,,1,,,,,Y,,,,,,,,,Y,Y,Y,,FRONT-LEFT-CORNER,,,,,,,,,,,,,,,,,,,,,,,,,,,,,,,,,
2128646,212a488f767ea29239a77e5143203e2989bea5f8ca932cf2db9ac5e4484e77328ebdf99f8033f01a147ff3f066b54b5672459d7a030ddbf20e30b4e4e1916d24,08/14/2025 06:15:00 PM,2,DRIVER,,2029236,,CHRYSLER,300,IL,2015,NONE,PASSENGER,PERSONAL,SE,TURNING LEFT,Y,,1,,personal,,,Y,Y,Y,Y,,,,,,,Y,Y,,FRONT-RIGHT-CORNER,,,,,,,,,,,,,,,,,,,,,,,,,,,,,,,,,
2128641,2cbb31abbee776f962a680d068fb21dd3bc98c696c757521c22ccbb5daaf3579e95d4d44a502a0814e0cf5ce2518f5be5185e52964e3b45cc5acd978d1d70b72,08/14/2025 06:11:00 PM,1,DRIVER,,2029216,,ACURA,ADX,IL,2016,UNKNOWN,PASSENGER,PERSONAL,N,TURNING LEFT,Y,,1,,PRIVATE,,,Y,Y,,,,,,,,,Y,Y,,FRONT-RIGHT-CORNER,,,,,,,,,,,,,,,,,,,,,,,,,,,,,,,,,
2128642,2cbb31abbee776f962a680d068fb21dd3bc98c696c757521c22ccbb5daaf3579e95d4d44a502a0814e0cf5ce2518f5be5185e52964e3b45cc5acd978d1d70b72,08/14/2025 06:11:00 PM,2,DRIVER,,2029225,,TESLA,MODEL 3,IL,2023,UNKNOWN,PASSENGER,PERSONAL,W,STRAIGHT AHEAD,,,1,,,,,Y,,,,,,,,,Y,Y,Y,,FRONT-LEFT-CORNER,,,,,,,,,,,,,,,,,,,,,,,,,,,,,,,,,