CRASH_UNIT_ID,CRASH_RECORD_ID,CRASH_DATE,UNIT_NO,UNIT_TYPE,NUM_PASSENGERS,VEHICLE_ID,CMRC_VEH_I,MAKE,MODEL,LIC_PLATE_STATE,VEHICLE_YEAR,VEHICLE_DEFECT,VEHICLE_TYPE,VEHICLE_USE,TRAVEL_DIRECTION,MANEUVER,TOWED_I,FIRE_I,OCCUPANT_CNT,EXCEED_SPEED_LIMIT_I,TOWED_BY,TOWED_TO,AREA_00_I,AREA_01_I,AREA_02_I,AREA_03_I,AREA_04_I,AREA_05_I,AREA_06_I,AREA_07_I,AREA_08_I,AREA_09_I,AREA_10_I,AREA_11_I,AREA_12_I,AREA_99_I,FIRST_CONTACT_POINT,CMV_ID,USDOT_NO,CCMC_NO,ILCC_NO,COMMERCIAL_SRC,GVWR,CARRIER_NAME,CARRIER_STATE,CARRIER_CITY,HAZMAT_PLACARDS_I,HAZMAT_NAME,UN_NO,HAZMAT_PRESENT_I,HAZMAT_REPORT_I,HAZMAT_REPORT_NO,MCS_REPORT_I,MCS_REPORT_NO,HAZMAT_VIO_CAUSE_CRASH_I,MCS_VIO_CAUSE_CRASH_I,IDOT_PERMIT_NO,WIDE_LOAD_I,TRAILER1_WIDTH,TRAILER2_WIDTH,TRAILER1_LENGTH,TRAILER2_LENGTH,TOTAL_VEHICLE_LENGTH,AXLE_CNT,VEHICLE_CONFIG,CARGO_BODY_TYPE,LOAD_TYPE,HAZMAT_OUT_OF_SERVICE_I,MCS_OUT_OF_SERVICE_I,HAZMAT_CLASS
2128587,1eb2eea280b3927d11f185f85f815bef9b14cca8c65ea4e535c7513909d2cae8e460ecc1ab19f48b6e292c2c9a5d696b8b2aec82b1431b836c22fa953bfa14c6,08/14/2025 06:10:00 PM,1,DRIVER,,2029166,,FORD,F150,IL,2007,UNKNOWN,PICKUP,UNKNOWN/NA,W,STRAIGHT AHEAD,,,1,,,,,,,,,,,,,,,,Y,,FRONT,,,,,,,,,,,,,,,,,,,,,,,,,,,,,,,,,
2128588,1eb2eea280b3927d11f185f85f815bef9b14cca8c65ea4e535c7513909d2cae8e460ecc1ab19f48b6e292c2c9a5d696b8b2aec82b1431b836c22fa953bfa14c6,08/14/2025 06:10:00 PM,2,DRIVER,,2029174,,HONDA,CIVIC,IL,2014,UNKNOWN,PASSENGER,PERSONAL,W,STRAIGHT AHEAD,,,1,,,,,Y,,,,,Y,,,,,,,,REAR,,,,,,,,,,,,,,,,,,,,,,,,,,,,,,,,,
2128591,ab71ed4d332278eb69566901aaa9197eed955af51facab40e7986e215fac4e961092179c0c6fdaa07e242689850468a3e439a3565ac739640ae5467c7cff4d9c,08/14/2025 06:10:00 PM,1,DRIVER,,2029177,,FORD,OTHER (EXPLAIN IN NARRATIVE),IL,2012,NONE,PASSENGER,PERSONAL,S,STRAIGHT AHEAD,,,1,,,,,,,,,,,,,,,,Y,,FRONT,,,,,,,,,,,,,,,,,,,,,,,,,,,,,,,,,
2128592,ab71ed4d332278eb69566901aaa9197eed955af51facab40e7986e215fac4e961092179c0c6fdaa07e242689850468a3e439a3565ac739640ae5467c7cff4d9c,08/14/2025 06:10:00 PM,2,DRIVER,1,2029169,,JEEP,WRANGLER,IL,2015,NONE,SPORT UTILITY VEHICLE (SUV),PERSONAL,S,SLOW/STOP IN TRAFFIC,,,2,,,,,,,,,,Y,,,,,,,,REAR,,,,,,,,,,,,,,,,,,,,,,,,,,,,,,,,,
2128875,1b52c1ae79372b5de1e5d71b23fb16d5a0ae859ea6d6d28cd4c27c788ebcf0fa4ff19cd7e5c2aee914d9d0b40873781e02ec8e9d13435eceb67d2f99a9fd3be1,08/14/2025 06:08:00 PM,1,DRIVER,,2029445,,UNKNOWN,MOTORIZED,IL,,NONE,BUS OVER 15 PASS.,CTA,N,STRAIGHT AHEAD,,,1,,,,,,Y,Y,,,,,,,,,,,SIDE-RIGHT,,,,,,,,,,,,,,,,,,,,,,,,,,,,,,,,,
2128876,1b52c1ae79372b5de1e5d71b23fb16d5a0ae859ea6d6d28cd4c27c788ebcf0fa4ff19cd7e5c2aee914d9d0b40873781e02ec8e9d13435eceb67d2f99a9fd3be1,08/14/2025 06:08:00 PM,2,PARKED,,2029448,,FORD,TRANSIT,IL,2020,NONE,VAN/MINI-VAN,NOT IN USE,N,PARKED,,,0,,,,,,,,,,,Y,,,,,,,REAR-LEFT-CORNER,,,,,,,,,,,,,,,,,,,,,,,,,,,,,,,,,
2128959,0374ba18f2b3dc72ca846d11c7a7fba7d1b8e59628d28d0ef4243dd18de35a796f317731bfee63f7d22ef04c24a7a3d8eb3e58c3bb37d1ff28d260b370994eb9,08/14/2025 06:00:00 PM,1,DRIVER,,2029530,,GENERAL MOTORS CORPORATION (GMC),CANYON,TX,,UNKNOWN,PICKUP,UNKNOWN/NA,W,CHANGING LANES,,,1,,,,,Y,,,,,,,,,,,,,FRONT-RIGHT-CORNER,,,,,,,,,,,,,,,,,,,,,,,,,,,,,,,,,
2128960,0374ba18f2b3dc72ca846d11c7a7fba7d1b8e59628d28d0ef4243dd18de35a796f317731bfee63f7d22ef04c24a7a3d8eb3e58c3bb37d1ff28d260b370994eb9,08/14/2025 06:00:00 PM,2,DRIVER,,2029534,,HONDA,CIVIC,IL,,NONE,PASSENGER,PERSONAL,W,STRAIGHT AHEAD,,,1,,,,,,,,,,,Y,Y,Y,Y,,,,SIDE-LEFT,,,,,,,,,,,,,,,,,,,,,,,,,,,,,,,,,
2129089,68b1de89000f805b544b6e633e7c2892e9d63405f4b22e3bc14295f626e5e25b816dc98ecb14731226c986b8611d261e565cfa85a5ebc5cc9b4a916653b378c2,08/14/2025 06:00:00 PM,1,DRIVER,,2029682,,UNKNOWN,OTHER (EXPLAIN IN NARRATIVE),IL,,UNKNOWN,UNKNOWN/NA,UNKNOWN/NA,E,UNKNOWN/NA,,,1,,,,,N,N,N,N,,,,,,,,,,UNKNOWN,,,,,,,,,,,,,,,,,,,,,,,,,,,,,,,,,
2129090,68b1de89000f805b544b6e633e7c2892e9d63405f4b22e3bc14295f626e5e25b816dc98ecb14731226c986b8611d261e565cfa85a5ebc5cc9b4a916653b378c2,08/14/2025 06:00:00 PM,2,PARKED,,2029686,,SUBARU,FORESTER,IL,2013,UNKNOWN,PASSENGER,NOT IN USE,E,PARKED,,,0,,,,,,,,,,,,,,,,,,UNKNOWN,,,,,,,,,,,,,,,,,,,,,,,,,,,,,,,,,
2128664,7104711b0683e318f72079d36220c5f0400aecab8cba70e11695dc541132a38e625ec5ead9062922e818b41d5ac7fbfbee3e1ab0fff829ec2f43d4b472e267fa,08/14/2025 06:00:00 PM,1,DRIVER,,2029243,,CHEVROLET,BLAZER,IL,1993,NONE,PASSENGER,PERSONAL,N,STRAIGHT AHEAD,,,1,,,,,Y,,,,,,,,,,Y,Y,,FRONT,,,,,,,,,,,,,,,,,,,,,,,,,,,,,,,,,
2128665,7104711b0683e318f72079d36220c5f0400aecab8cba70e11695dc541132a38e625ec5ead9062922e818b41d5ac7fbfbee3e1ab0fff829ec2f43d4b472e267fa,08/14/2025 06:00:00 PM,2,DRIVER,2,2029249,,KIA,SPORTAGE,IL,2020,NONE,PASSENGER,PERSONAL,N,STRAIGHT AHEAD,,,3,,,,,,,,,Y,Y,Y,,,,,,,REAR,,,,,,,,,,,,,,,,,,,,,,,,,,,,,,,,,
2128589,bd7939b3d07d343b6aa32ebe34ab35be840b3cdd8dcf8654e881a8b5435535573ba5e463d4eac88a8992d767cdab74e1068649806ba1af98b28a5fb5057e41db,08/14/2025 06:00:00 PM,1,DRIVER,,2029170,,SUBARU,IMPREZA,IL,2020,UNKNOWN,PASSENGER,PERSONAL,W,TURNING LEFT,,,1,,,,,,,,,,,,Y,Y,Y,,,,SIDE-LEFT,,,,,,,,,,,,,,,,,,,,,,,,,,,,,,,,,
2128590,bd7939b3d07d343b6aa32ebe34ab35be840b3cdd8dcf8654e881a8b5435535573ba5e463d4eac88a8992d767cdab74e1068649806ba1af98b28a5fb5057e41db,08/14/2025 06:00:00 PM,2,DRIVER,,2029182,,HYUNDAI,KONA,IL,2024,NONE,PASSENGER,PERSONAL,W,STRAIGHT AHEAD,,,1,,,,,Y,,,,,,,,,,,,,FRONT-RIGHT-CORNER,,,,,,,,,,,,,,,,,,,,,,,,,,,,,,,,,
2129253,e577c799029f48e65d45fe024db035e76033b43d9d37b545051512fddd08bdb3a15be8dcc92f9c76f713030ec1f220bf1741e2d88bd82555144c46ac2ff53efc,08/14/2025 06:00:00 PM,1,DRIVER,,2029808,,TOYOTA,CAMRY,IL,1999,UNKNOWN,PASSENGER,PERSONAL,S,STRAIGHT AHEAD,,,1,,,,,,,,,,,,,,,,Y,,FRONT,,,,,,,,,,,,,,,,,,,,,,,,,,,,,,,,,
2129254,e577c799029f48e65d45fe024db035e76033b43d9d37b545051512fddd08bdb3a15be8dcc92f9c76f713030ec1f220bf1741e2d88bd82555144c46ac2ff53efc,08/14/2025 06:00:00 PM,2,DRIVER,,2029817,,GENERAL MOTORS CORPORATION (GMC),TERRAIN,IL,2023,NONE,SPORT UTILITY VEHICLE (SUV),PERSONAL,S,SLOW/STOP IN TRAFFIC,,,1,,,,,,,,,Y,Y,Y,,,,,,,REAR,,,,,,,,,,,,,,,,,,,,,,,,,,,,,,,,,
2128554,38149a30eff59aabfd23a2e287c2300d9005937c10173724bb16833fa118e14f71be3d8966cccfaab8f38889bf12ec5f27e6a0e7e0ed52ee32446d248e3a6ff7,08/14/2025 05:53:00 PM,1,DRIVER,,2029139,,NISSAN,MURANO,IL,2006,UNKNOWN,PASSENGER,PERSONAL,E,STRAIGHT AHEAD,,,1,,,,,Y,,,,,,,,,,Y,Y,,FRONT,,,,,,,,,,,,,,,,,,,,,,,,,,,,,,,,,
2128555,38149a30eff59aabfd23a2e287c2300d9005937c10173724bb16833fa118e14f71be3d8966cccfaab8f38889bf12ec5f27e6a0e7e0ed52ee32446d248e3a6ff7,08/14/2025 05:53:00 PM,2,DRIVER,1,2029149,,HYUNDAI,SONATA,IL,2025,NONE,PASSENGER,PERSONAL,E,STRAIGHT AHEAD,,,2,,,,,,,,,Y,Y,Y,,,,,,,REAR,,,,,,,,,,,,,,,,,,,,,,,,,,,,,,,,,
2128546,f470c8527667d82b3d5626ea6ad216571141e754f9e4b8195bb5eef28d1ca8169fefd0e4cd522ced65612b805011ad84a726bfd4729c7e3c49d5b8379f4bcf37,08/14/2025 05:52:00 PM,1,DRIVER,,2029116,,UNKNOWN,OTHER (EXPLAIN IN NARRATIVE),,,UNKNOWN,OTHER,PERSONAL,UNKNOWN,STRAIGHT AHEAD,,,1,,,,,,,,,,,,,,,,Y,,FRONT,,,,,,,,,,,,,,,,,,,,,,,,,,,,,,,,,
2128547,f470c8527667d82b3d5626ea6ad216571141e754f9e4b8195bb5eef28d1ca8169fefd0e4cd522ced65612b805011ad84a726bfd4729c7e3c49d5b8379f4bcf37,08/14/2025 05:52:00 PM,2,DRIVER,,2029131,,MERCEDES-BENZ,AMG GT,IN,2019,UNKNOWN,PASSENGER,PERSONAL,UNKNOWN,STRAIGHT AHEAD,,,1,,,,,,,,,,Y,Y,Y,,,,,,REAR-LEFT-CORNER,,,,,,,,,,,,,,,,,,,,,,,,,,,,,,,,,
2136295,cf64fc3d21a79ca3f1234de74ff4954df7d051893a894c076f06aa1639d74356773139f159aece77e93fc4a40ce5e23f920b6078ecb13a751d411b3c5a2dd93b,08/14/2025 05:50:00 PM,1,DRIVER,1,2036479,,HYUNDAI,ELANTRA,IN,2023,UNKNOWN,PASSENGER,PERSONAL,W,STRAIGHT AHEAD,Y,,2,,CPD TOW,POUND 2,,Y,Y,,,,,,,,Y,Y,Y,,FRONT,,,,,,,,,,,,,,,,,,,,,,,,,,,,,,,,,
2136296,cf64fc3d21a79ca3f1234de74ff4954df7d051893a894c076f06aa1639d74356773139f159aece77e93fc4a40ce5e23f920b6078ecb13a751d411b3c5a2dd93b,08/14/2025 05:50:00 PM,2,DRIVER,1,2036480,,CHEVROLET,EQUINOX,IL,2022,NONE,SPORT UTILITY VEHICLE (SUV),PERSONAL,S,STRAIGHT AHEAD,,,2,,,,,,,,,,,Y,Y,Y,,,,,REAR-LEFT-CORNER,,,,,,,,,,,,,,,,,,,,,,,,,,,,,,,,,
2136297,cf64fc3d21a79ca3f1234de74ff4954df7d051893a894c076f06aa1639d74356773139f159aece77e93fc4a40ce5e23f920b6078ecb13a751d411b3c5a2dd93b,08/14/2025 05:50:00 PM,3,DRIVER,,2036481,,BUICK,ROADMASTER,IN,1993,NONE,PASSENGER,PERSONAL,E,STRAIGHT AHEAD,,,1,,,,,Y,,,,,,,,,,,,,FRONT-RIGHT-CORNER,,,,,,,,,,,,,,,,,,,,,,,,,,,,,,,,,
2128629,1c629624f46675e7ae84b7ca6bcb1df25a9b24320e3704b283b56970d478def5e26079d3faf55a3616386779475a5c9b1a699a949fb57543a4761bde892feb34,08/14/2025 05:45:00 PM,1,DRIVER,,2029202,,HONDA,ACCORD,,,NONE,PASSENGER,PERSONAL,S,BACKING,,,1,,,,,,,,N,Y,,,,,,,,,REAR-RIGHT-CORNER,,,,,,,,,,,,,,,,,,,,,,,,,,,,,,,,,
2128630,1c629624f46675e7ae84b7ca6bcb1df25a9b24320e3704b283b56970d478def5e26079d3faf55a3616386779475a5c9b1a699a949fb57543a4761bde892feb34,08/14/2025 05:45:00 PM,2,DRIVER,,2029214,,TOYOTA,COROLLA,IL,2023,NONE,PASSENGER,PERSONAL,W,STRAIGHT AHEAD,,,1,,,,,Y,Y,,,,,,,,,,,,FRONT-RIGHT-CORNER,,,,,,,,,,,,,,,,,,,,,,,,,,,,,,,,,
2132689,c5115ebe570f38d55af6bbed270ce47f69f84bcd98479aac27f47d1a857d0100fe09ca19fd0824c45ba5b07cded1e1bd23b1fa5d6102973b4f22cd55eb0579b8,08/14/2025 05:42:00 PM,1,DRIVER,,2033014,,DODGE,CHARGER,,,UNKNOWN,PASSENGER,PERSONAL,UNKNOWN,UNKNOWN/NA,,,1,,,,,Y,,,,,,,,,,Y,Y,,FRONT,,,,,,,,,,,,,,,,,,,,,,,,,,,,,,,,,
2132690,c5115ebe570f38d55af6bbed270ce47f69f84bcd98479aac27f47d1a857d0100fe09ca19fd0824c45ba5b07cded1e1bd23b1fa5d6102973b4f22cd55eb0579b8,08/14/2025 05:42:00 PM,2,DRIVER,,2033020,,LEXUS,RX,IL,2015,UNKNOWN,PASSENGER,PERSONAL,UNKNOWN,UNKNOWN/NA,,,1,,,,,,,Y,Y,Y,Y,Y,Y,Y,,,,,REAR,,,,,,,,,,,,,,,,,,,,,,,,,,,,,,,,,
2133429,6b23d08473a480a0c8fa6083d0e7cc6618405806dadbafecc590ed2e39cfa140135a09e5bf0e38b67f1ed4881ca9fc5a928103029c60f6188aaab1feaa56220d,08/14/2025 05:40:00 PM,1,DRIVER,,2033734,,NISSAN,OTHER (EXPLAIN IN NARRATIVE),IL,2006,UNKNOWN,UNKNOWN/NA,UNKNOWN/NA,N,STRAIGHT AHEAD,,,1,,,,,,,,,,,,,,,,,,UNKNOWN,,,,,,,,,,,,,,,,,,,,,,,,,,,,,,,,,
2133430,6b23d08473a480a0c8fa6083d0e7cc6618405806dadbafecc590ed2e39cfa140135a09e5bf0e38b67f1ed4881ca9fc5a928103029c60f6188aaab1feaa56220d,08/14/2025 05:40:00 PM,2,DRIVER,,2033740,,TOYOTA,RAV4,IL,2023,UNKNOWN,UNKNOWN/NA,UNKNOWN/NA,N,SLOW/STOP IN TRAFFIC,,,1,,,,,,,,,,,,,,,,,,UNKNOWN,,,,,,,,,,,,,,,,,,,,,,,,,,,,,,,,,
2128600,72e8f0ced74434a56d676dfb448ae0f9da626e877c50f78b316147d8f61bb996eded79ff98f818823140caecca8c3fdb5e6a74edb997656c145dac218d26c05e,08/14/2025 05:40:00 PM,1,DRIVER,,2029181,,TOYOTA,YARIS,IL,2007,NONE,PASSENGER,PERSONAL,N,BACKING,,,1,,,,,,,,,Y,Y,Y,,,,,,,REAR,,,,,,,,,,,,,,,,,,,,,,,,,,,,,,,,,
2128601,72e8f0ced74434a56d676dfb448ae0f9da626e877c50f78b316147d8f61bb996eded79ff98f818823140caecca8c3fdb5e6a74edb997656c145dac218d26c05e,08/14/2025 05:40:00 PM,2,DRIVER,,2029185,,KIA,SPORTAGE,IL,2023,NONE,PASSENGER,PERSONAL,S,OTHER,,,1,,,,,,,,,Y,Y,,,,,,,,REAR-RIGHT-CORNER,,,,,,,,,,,,,,,,,,,,,,,,,,,,,,,,,
2128544,f55ecca0bc401f9294e691379b735ba7b6d3a879d02a1f5d6628dfe1896822cb6e30cb255005f9e0906ea997a30f91951d9fd2dc80f018db9e30d16de7908db0,08/14/2025 05:40:00 PM,1,DRIVER,,2029117,,NISSAN,SENTRA,IL,2020,UNKNOWN,PASSENGER,PERSONAL,E,STRAIGHT AHEAD,,,1,,,,,,,,,,,,,,,,,Y,FRONT-LEFT-CORNER,,,,,,,,,,,,,,,,,,,,,,,,,,,,,,,,,
2128545,f55ecca0bc401f9294e691379b735ba7b6d3a879d02a1f5d6628dfe1896822cb6e30cb255005f9e0906ea997a30f91951d9fd2dc80f018db9e30d16de7908db0,08/14/2025 05:40:00 PM,2,DRIVER,1,2029128,,HONDA,CR-V,IL,2026,UNKNOWN,SPORT UTILITY VEHICLE (SUV),RIDESHARE SERVICE,E,STRAIGHT AHEAD,,,2,,,,,,,,,Y,Y,Y,,,,,,,REAR,,,,,,,,,,,,,,,,,,,,,,,,,,,,,,,,,
2128558,92379cee4b595e148cb80510c368f3668f3f37d6815328329e45c1a1f27266a3021749e516e2d830ee3c74059ea25aec578361d77ba72f727fb650dd7e725e47,08/14/2025 05:32:00 PM,1,DRIVER,,2029134,,CHEVROLET,EQUINOX,IL,2010,UNKNOWN,PASSENGER,PERSONAL,W,STRAIGHT AHEAD,,,1,,,,,Y,,,,,,,,,,Y,Y,,FRONT,,,,,,,,,,,,,,,,,,,,,,,,,,,,,,,,,
2128559,92379cee4b595e148cb80510c368f3668f3f37d6815328329e45c1a1f27266a3021749e516e2d830ee3c74059ea25aec578361d77ba72f727fb650dd7e725e47,08/14/2025 05:32:00 PM,2,DRIVER,,2029153,,NISSAN,ALTIMA,IL,2010,UNKNOWN,PASSENGER,PERSONAL,W,STRAIGHT AHEAD,,,1,,,,,Y,,,,Y,Y,Y,,,,Y,Y,,REAR,,,,,,,,,,,,,,,,,,,,,,,,,,,,,,,,,
2128560,92379cee4b595e148cb80510c368f3668f3f37d6815328329e45c1a1f27266a3021749e516e2d830ee3c74059ea25aec578361d77ba72f727fb650dd7e725e47,08/14/2025 05:32:00 PM,3,DRIVER,,2029164,,NISSAN,ALTIMA,IL,2016,UNKNOWN,PASSENGER,PERSONAL,W,STRAIGHT AHEAD,,,1,,,,,,,,,,Y,,,,,,,,REAR,,,,,,,,,,,,,,,,,,,,,,,,,,,,,,,,,
2128637,147adf72a8c1525138fc4e12119bf84919aebeeeff846a3e6d1ce6491ae5e6560078dece4570c400d6333eae09509e9d7e02dfe78d8719b97e173bc3f0c12716,08/14/2025 05:30:00 PM,1,DRIVER,,2029220,Y,CHEVROLET,OTHER (EXPLAIN IN NARRATIVE),IL,1976,NONE,OTHER,COMMERCIAL - MULTI-UNIT,W,STRAIGHT AHEAD,,,1,,,,,,,,,,,,,,,,Y,,FRONT,"22,003",,,,SIDE OF TRUCK,2,ICE CREAM TRUCK,IL,HIGHLAND PARK,,,,N,N,,N,,N,N,,,,,,,,,"SINGLE UNIT TRUCK, 2 AXLES, 6 TIRES",VAN/ENCLOSED BOX,OTHER,N,N,
2128638,147adf72a8c1525138fc4e12119bf84919aebeeeff846a3e6d1ce6491ae5e6560078dece4570c400d6333eae09509e9d7e02dfe78d8719b97e173bc3f0c12716,08/14/2025 05:30:00 PM,2,DRIVER,,2029229,,HYUNDAI,OTHER (EXPLAIN IN NARRATIVE),IL,2020,NONE,PASSENGER,PERSONAL,W,STRAIGHT AHEAD,,,1,,,,,,,,,,Y,,,,,,,,REAR,,,,,,,,,,,,,,,,,,,,,,,,,,,,,,,,,
2137136,2204c8a155ab85088103124a77aff05c6cf82a7548ce3d03ec30dfc3a524fb4d8c1a9e42850ec30f90d5e51bbf1e5e81d3cfe0a83a3a939457a0f6b631a6660b,08/14/2025 05:30:00 PM,1,DRIVER,,2037277,,NISSAN,FRONTIER,,,UNKNOWN,PASSENGER,PERSONAL,E,STRAIGHT AHEAD,,,1,,,,,,,,,,,,,,Y,Y,,,FRONT-LEFT-CORNER,,,,,,,,,,,,,,,,,,,,,,,,,,,,,,,,,
2137137,2204c8a155ab85088103124a77aff05c6cf82a7548ce3d03ec30dfc3a524fb4d8c1a9e42850ec30f90d5e51bbf1e5e81d3cfe0a83a3a939457a0f6b631a6660b,08/14/2025 05:30:00 PM,2,DRIVER,,2037278,,HONDA,ODYSSEY,IL,,UNKNOWN,PASSENGER,PERSONAL,E,STRAIGHT AHEAD,,,1,,,,,,,Y,Y,,,,,,,,,,SIDE-RIGHT,,,,,,,,,,,,,,,,,,,,,,,,,,,,,,,,,
2129340,31103b2a0a7f06ede15d81b1cdd487b9065c5074b3e585c38b332c91376db2b2c4a3421da22aa7ae69be8cdc2e9f9f50de65849c8326bd28fa6ca9d066a7197f,08/14/2025 05:30:00 PM,1,DRIVER,,2029886,,TOYOTA,RAV4,IL,2018,NONE,PASSENGER,PERSONAL,N,PASSING/OVERTAKING,,,1,,,,,Y,Y,Y,,,,,,,,,,,FRONT-RIGHT-CORNER,,,,,,,,,,,,,,,,,,,,,,,,,,,,,,,,,
2129341,31103b2a0a7f06ede15d81b1cdd487b9065c5074b3e585c38b332c91376db2b2c4a3421da22aa7ae69be8cdc2e9f9f50de65849c8326bd28fa6ca9d066a7197f,08/14/2025 05:30:00 PM,2,DRIVER,,2029898,,NORTH AMERICAN BUS INDUSTRIES,OTHER (EXPLAIN IN NARRATIVE),IL,2011,NONE,BUS OVER 15 PASS.,OTHER,N,STRAIGHT AHEAD,,,1,,,,,,,,,,,Y,,,,,,,REAR-LEFT-CORNER,,,,,,,,,,,,,,,,,,,,,,,,,,,,,,,,,
2128538,374bfecd8582dab25e76ae8e9adb46ed0125e35f5ae6cefcc9d625e109c26598e879cb52e0e90c9eed60fbc42239126615da696f1391cb76013f36b7f87724c8,08/14/2025 05:30:00 PM,1,DRIVER,,2029127,,AUDI,Q5,IL,2016,UNKNOWN,PASSENGER,PERSONAL,E,STRAIGHT AHEAD,,,1,,,,,Y,,,,,,,,,,Y,Y,,FRONT,,,,,,,,,,,,,,,,,,,,,,,,,,,,,,,,,
2128539,374bfecd8582dab25e76ae8e9adb46ed0125e35f5ae6cefcc9d625e109c26598e879cb52e0e90c9eed60fbc42239126615da696f1391cb76013f36b7f87724c8,08/14/2025 05:30:00 PM,2,DRIVER,,2029137,,FORD,MUSTANG,,2022,NONE,PASSENGER,PERSONAL,E,STRAIGHT AHEAD,,,1,,,,,Y,,,,,,,,,,Y,Y,,FRONT,,,,,,,,,,,,,,,,,,,,,,,,,,,,,,,,,
2128565,6c641846a3e208479131fc5d70f1dec8c0a8eeb5e1ec66fa6cfe1fa28939b6f5e21f685264edce80642c2e0df99745a01266f7064e08b42ef82c122af04ca2e6,08/14/2025 05:30:00 PM,1,DRIVER,,2029141,,LEXUS,RX450H,IL,2019,UNKNOWN,PASSENGER,PERSONAL,N,STRAIGHT AHEAD,,,1,,,,N,,,,,,,,,,,,Y,,FRONT,,,,,,,,,,,,,,,,,,,,,,,,,,,,,,,,,
2128566,6c641846a3e208479131fc5d70f1dec8c0a8eeb5e1ec66fa6cfe1fa28939b6f5e21f685264edce80642c2e0df99745a01266f7064e08b42ef82c122af04ca2e6,08/14/2025 05:30:00 PM,2,DRIVER,,2029151,,CHRYSLER,TOWN & COUNTRY,IL,2013,UNKNOWN,PASSENGER,PERSONAL,N,STRAIGHT AHEAD,,,1,,,,,,,,,Y,Y,Y,,,,,,,REAR,,,,,,,,,,,,,,,,,,,,,,,,,,,,,,,,,
2131510,9a993e8711c069cc8141cd85a1974a57afa5c73993230e58ea2f12b070cc2ea0ce2700e719752f6b2450ce63bc05bc50d6a631a4d7c23edadf673d053e82e96a,08/14/2025 05:30:00 PM,1,DRIVER,,2031906,,NISSAN,ROGUE,IL,2011,UNKNOWN,SPORT UTILITY VEHICLE (SUV),UNKNOWN/NA,E,STRAIGHT AHEAD,,,1,,,,,Y,,,,N,N,N,,,,Y,Y,,FRONT,,,,,,,,,,,,,,,,,,,,,,,,,,,,,,,,,
2131511,9a993e8711c069cc8141cd85a1974a57afa5c73993230e58ea2f12b070cc2ea0ce2700e719752f6b2450ce63bc05bc50d6a631a4d7c23edadf673d053e82e96a,08/14/2025 05:30:00 PM,2,DRIVER,1,2031914,,CHEVROLET,TRAX,IL,2024,UNKNOWN,SPORT UTILITY VEHICLE (SUV),UNKNOWN/NA,E,SLOW/STOP IN TRAFFIC,,,2,,,,,,,,,Y,Y,Y,,,,,,,REAR,,,,,,,,,,,,,,,,,,,,,,,,,,,,,,,,,
2128947,d174de6b2569e0b43c63de82cb2282cc9ec981c2f7d7bc472297df36c6c0379db01fcefeed2d30cf558eef3a96d86cf6daa05ed4755967880a32f395c74f76ae,08/14/2025 05:30:00 PM,1,DRIVER,,2029517,,CHEVROLET,CRUZE,IL,,UNKNOWN,UNKNOWN/NA,UNKNOWN/NA,N,STRAIGHT AHEAD,,,1,,,,,,,,,,,,,,,,Y,,FRONT,,,,,,,,,,,,,,,,,,,,,,,,,,,,,,,,,
2128948,d174de6b2569e0b43c63de82cb2282cc9ec981c2f7d7bc472297df36c6c0379db01fcefeed2d30cf558eef3a96d86cf6daa05ed4755967880a32f395c74f76ae,08/14/2025 05:30:00 PM,2,DRIVER,,2029525,,NISSAN,ALTIMA,IL,,NONE,PASSENGER,PERSONAL,N,SLOW/STOP IN TRAFFIC,,,1,,,,,,,,,,Y,,,,,,,,REAR,,,,,,,,,,,,,,,,,,,,,,,,,,,,,,,,,
2128635,e068952e074d98f56e6a72e678ce209324e80250a9cee72f4a16ec3e654a037e204c1b0b7b55402979a95f920050d28ca6b5d1b692ec2a4aede35f8976e75c67,08/14/2025 05:30:00 PM,1,DRIVER,,2029206,,UNKNOWN,OTHER (EXPLAIN IN NARRATIVE),IL,,NONE,PASSENGER,PERSONAL,N,CHANGING LANES,,,1,,,,,,,,,,,,,,,,,Y,UNKNOWN,,,,,,,,,,,,,,,,,,,,,,,,,,,,,,,,,
2128636,e068952e074d98f56e6a72e678ce209324e80250a9cee72f4a16ec3e654a037e204c1b0b7b55402979a95f920050d28ca6b5d1b692ec2a4aede35f8976e75c67,08/14/2025 05:30:00 PM,2,DRIVER,,2029213,,INFINITI,QX60,IL,2019,NONE,PASSENGER,PERSONAL,N,STRAIGHT AHEAD,,,1,,,,,,,,,,,,Y,Y,Y,,,,SIDE-LEFT,,,,,,,,,,,,,,,,,,,,,,,,,,,,,,,,,
2128542,fe2714cb758179f6751a3d580029d1dd3ca39d61780020e97bc2ac962db7c2937510ca7c7382aaddc424761a9cd5eb634b2e7fe2ecf06f03cd82a73e4bed5943,08/14/2025 05:30:00 PM,1,DRIVER,,2029110,,UNKNOWN,OTHER (EXPLAIN IN NARRATIVE),,,UNKNOWN,PASSENGER,PERSONAL,N,STRAIGHT AHEAD,,,1,,,,,,,,,,,,,,Y,Y,Y,,FRONT-LEFT-CORNER,,,,,,,,,,,,,,,,,,,,,,,,,,,,,,,,,