CRASH_UNIT_ID,CRASH_RECORD_ID,CRASH_DATE,UNIT_NO,UNIT_TYPE,NUM_PASSENGERS,VEHICLE_ID,CMRC_VEH_I,MAKE,MODEL,LIC_PLATE_STATE,VEHICLE_YEAR,VEHICLE_DEFECT,VEHICLE_TYPE,VEHICLE_USE,TRAVEL_DIRECTION,MANEUVER,TOWED_I,FIRE_I,OCCUPANT_CNT,EXCEED_SPEED_LIMIT_I,TOWED_BY,TOWED_TO,AREA_00_I,AREA_01_I,AREA_02_I,AREA_03_I,AREA_04_I,AREA_05_I,AREA_06_I,AREA_07_I,AREA_08_I,AREA_09_I,AREA_10_I,AREA_11_I,AREA_12_I,AREA_99_I,FIRST_CONTACT_POINT,CMV_ID,USDOT_NO,CCMC_NO,ILCC_NO,COMMERCIAL_SRC,GVWR,CARRIER_NAME,CARRIER_STATE,CARRIER_CITY,HAZMAT_PLACARDS_I,HAZMAT_NAME,UN_NO,HAZMAT_PRESENT_I,HAZMAT_REPORT_I,HAZMAT_REPORT_NO,MCS_REPORT_I,MCS_REPORT_NO,HAZMAT_VIO_CAUSE_CRASH_I,MCS_VIO_CAUSE_CRASH_I,IDOT_PERMIT_NO,WIDE_LOAD_I,TRAILER1_WIDTH,TRAILER2_WIDTH,TRAILER1_LENGTH,TRAILER2_LENGTH,TOTAL_VEHICLE_LENGTH,AXLE_CNT,VEHICLE_CONFIG,CARGO_BODY_TYPE,LOAD_TYPE,HAZMAT_OUT_OF_SERVICE_I,MCS_OUT_OF_SERVICE_I,HAZMAT_CLASS
2128543,fe2714cb758179f6751a3d580029d1dd3ca39d61780020e97bc2ac962db7c2937510ca7c7382aaddc424761a9cd5eb634b2e7fe2ecf06f03cd82a73e4bed5943,08/14/2025 05:30:00 PM,2,DRIVER,,2029119,,JEEP,CHEROKEE,IL,2019,NONE,SPORT UTILITY VEHICLE (SUV),PERSONAL,E,STRAIGHT AHEAD,,,1,,,,,Y,,Y,,,,,,,,,,,FRONT-RIGHT-CORNER,,,,,,,,,,,,,,,,,,,,,,,,,,,,,,,,,
2128532,dc1d14e4af30f803c7946a96c2d68c8d7564ad4c46d74dbd452e429eab686bca06d46b9260e8a6c0779520f500526ea9916cebe40d136a4dcf7e4ec528fcdeba,08/14/2025 05:29:00 PM,1,DRIVER,1,2029107,,BUICK,OTHER (EXPLAIN IN NARRATIVE),IL,2025,NONE,SPORT UTILITY VEHICLE (SUV),PERSONAL,S,TURNING RIGHT,,,2,,,,,,,,,,,,,,Y,Y,,,FRONT-LEFT-CORNER,,,,,,,,,,,,,,,,,,,,,,,,,,,,,,,,,
2128533,dc1d14e4af30f803c7946a96c2d68c8d7564ad4c46d74dbd452e429eab686bca06d46b9260e8a6c0779520f500526ea9916cebe40d136a4dcf7e4ec528fcdeba,08/14/2025 05:29:00 PM,2,DRIVER,3,2029120,,JEEP,RENEGADE,IL,2017,NONE,SPORT UTILITY VEHICLE (SUV),PERSONAL,W,STRAIGHT AHEAD,,,4,,,,,Y,Y,Y,Y,,,,,,,,,,FRONT-RIGHT-CORNER,,,,,,,,,,,,,,,,,,,,,,,,,,,,,,,,,
2128552,4186fab768cf2f713e711590a380b14b5a68a37838e1675c7e8bac3737cbd3a14017cd74da56c63d5c02b01c06436845c643e7739e243b04d4aaa762f7ff9cf3,08/14/2025 05:25:00 PM,1,PARKED,1,2029133,,VOLKSWAGEN,TIGUAN,IL,2019,NONE,SPORT UTILITY VEHICLE (SUV),PERSONAL,N,PARKED,,,1,,,,,,,,,,,,,Y,,,,,SIDE-LEFT-FRONT,,,,,,,,,,,,,,,,,,,,,,,,,,,,,,,,,
2128553,4186fab768cf2f713e711590a380b14b5a68a37838e1675c7e8bac3737cbd3a14017cd74da56c63d5c02b01c06436845c643e7739e243b04d4aaa762f7ff9cf3,08/14/2025 05:25:00 PM,2,DRIVER,,2029140,,CHEVROLET,CRUZE,IL,2018,NONE,PASSENGER,PERSONAL,N,STRAIGHT AHEAD,,,1,,,,,Y,,,,,,,,,,,,,FRONT-RIGHT-CORNER,,,,,,,,,,,,,,,,,,,,,,,,,,,,,,,,,
2128684,76ea95f872002a2a6a2c5c3fef217416a74523fcf44006344ae7cfd07528a5516e7b13b5b5eea5d25ce6da67b3754354f531dc92ea41eb61b53190914dc56775,08/14/2025 05:25:00 PM,1,DRIVER,,2029266,,TOYOTA,CAMRY,IL,2001,UNKNOWN,PASSENGER,PERSONAL,S,TURNING LEFT,Y,,1,,CITY OF CHICAGO,,,Y,,,,,,,,,,Y,Y,,FRONT,,,,,,,,,,,,,,,,,,,,,,,,,,,,,,,,,
2128498,ea25d32cc5b4de342dbd3a8c0d3f973244a82c94417c9036ba7979e6b1a4f7039c1ab2af7589b1283b217b404b8ffb22b67534d40ce1d3431962f8c23e8e7a5d,08/14/2025 05:25:00 PM,1,DRIVER,,2029083,,UNKNOWN,MOTORIZED,IL,,UNKNOWN,VAN/MINI-VAN,UNKNOWN/NA,E,STRAIGHT AHEAD,,,1,,,,,Y,,,,,,,,,,,,,TOTAL (ALL AREAS),,,,,,,,,,,,,,,,,,,,,,,,,,,,,,,,,
2128499,ea25d32cc5b4de342dbd3a8c0d3f973244a82c94417c9036ba7979e6b1a4f7039c1ab2af7589b1283b217b404b8ffb22b67534d40ce1d3431962f8c23e8e7a5d,08/14/2025 05:25:00 PM,2,DRIVER,1,2029090,,FORD,TAURUS,IL,2016,UNKNOWN,PASSENGER,PERSONAL,E,STRAIGHT AHEAD,,,2,,,,,,,,,,,Y,Y,Y,Y,,,,UNKNOWN,,,,,,,,,,,,,,,,,,,,,,,,,,,,,,,,,
2128713,88a0e9a0a77325293d3553c22ce345093c5912c128bb9eccca38039b98cff86cf57f4a91fae79106d9c94483676ce4649dfda416cb4f0898a12802d4e5d7d5b2,08/14/2025 05:22:00 PM,1,DRIVER,,2029331,,RIVIAN,R1S,,2022,NONE,VAN/MINI-VAN,COMMERCIAL - SINGLE UNIT,S,PASSING/OVERTAKING,,,1,,,,,Y,Y,Y,Y,,,,,,,,,,SIDE-RIGHT,,,,,,,,,,,,,,,,,,,,,,,,,,,,,,,,,
2128714,88a0e9a0a77325293d3553c22ce345093c5912c128bb9eccca38039b98cff86cf57f4a91fae79106d9c94483676ce4649dfda416cb4f0898a12802d4e5d7d5b2,08/14/2025 05:22:00 PM,2,DRIVER,,2029336,,JEEP,RENEGADE,IL,2018,NONE,TRUCK - SINGLE UNIT,PERSONAL,S,STRAIGHT AHEAD,,,1,,,,,,,,,,,,,Y,Y,Y,,,SIDE-LEFT-FRONT,,,,,,,,,,,,,,,,,,,,,,,,,,,,,,,,,
2128615,51db5bacb1a8e96607b56a846dcccc46b8cfc3e184b99cbc7e63a48d3997252ac71c2829ec49cc0145c80d5ca7c70551b2a50caa2991eccde3a5110e4fe37f70,08/14/2025 05:20:00 PM,1,DRIVER,,2029193,,HONDA,CIVIC,IL,2019,UNKNOWN,PASSENGER,PERSONAL,N,TURNING LEFT,,,1,,,,,,,,,,,Y,Y,,,,,,SIDE-LEFT-REAR,,,,,,,,,,,,,,,,,,,,,,,,,,,,,,,,,
2128616,51db5bacb1a8e96607b56a846dcccc46b8cfc3e184b99cbc7e63a48d3997252ac71c2829ec49cc0145c80d5ca7c70551b2a50caa2991eccde3a5110e4fe37f70,08/14/2025 05:20:00 PM,2,DRIVER,,2029199,,CHEVROLET,COLORADO,IN,2021,NONE,PASSENGER,PERSONAL,N,SLOW/STOP IN TRAFFIC,,,1,,,,Y,,,,,,,,,,,,,,NONE,,,,,,,,,,,,,,,,,,,,,,,,,,,,,,,,,
2128569,61cd814d0dbe32eb68faf2c54912b9c5d5a849a8beec9d33fd6803e44a328f2cfd23de37237c5b288764c14cad6f0bb757265f1e03d7c057594d2bd5f87aa189,08/14/2025 05:20:00 PM,1,DRIVER,,2029148,,CHEVROLET,COLORADO,IN,,NONE,PICKUP,PERSONAL,E,TURNING LEFT,,,1,,,,,Y,,,,,,,,,,Y,Y,,FRONT,,,,,,,,,,,,,,,,,,,,,,,,,,,,,,,,,
2128570,61cd814d0dbe32eb68faf2c54912b9c5d5a849a8beec9d33fd6803e44a328f2cfd23de37237c5b288764c14cad6f0bb757265f1e03d7c057594d2bd5f87aa189,08/14/2025 05:20:00 PM,2,DRIVER,,2029142,,HONDA,CIVIC,IL,2019,NONE,PASSENGER,PERSONAL,W,STRAIGHT AHEAD,,,1,,,,,,,,,,,Y,Y,Y,Y,Y,,,SIDE-LEFT,,,,,,,,,,,,,,,,,,,,,,,,,,,,,,,,,
2128633,b4f6aaf0682730c42e238f82e22d0d8962a70113e0dec29967ecde338b2e892059d4f2b4dbeaf990b0081dda36fb8ec20b2e11f8745f215ca14b9bfd36ecd059,08/14/2025 05:20:00 PM,1,DRIVER,,2029209,,NISSAN,SENTRA,OH,2016,UNKNOWN,PASSENGER,UNKNOWN/NA,N,STRAIGHT AHEAD,,,1,,,,,,,,,,,,,,,,,Y,FRONT,,,,,,,,,,,,,,,,,,,,,,,,,,,,,,,,,
2128634,b4f6aaf0682730c42e238f82e22d0d8962a70113e0dec29967ecde338b2e892059d4f2b4dbeaf990b0081dda36fb8ec20b2e11f8745f215ca14b9bfd36ecd059,08/14/2025 05:20:00 PM,2,DRIVER,,2029217,,SUBARU,CROSSTREK,IL,2019,UNKNOWN,SPORT UTILITY VEHICLE (SUV),PERSONAL,N,STRAIGHT AHEAD,,,1,,,,,,,,,Y,Y,Y,,,,,,,REAR,,,,,,,,,,,,,,,,,,,,,,,,,,,,,,,,,
2128505,9991e7f929934275dd776aeb1e2d6a80bdffa8edf5da891dc0609a66a2e285a445ff935166473bb38474e9e851b26a6fdbf62d2d2a37e66d4e4ced7a06acfde7,08/14/2025 05:15:00 PM,1,DRIVER,,2029124,,FORD,OTHER (EXPLAIN IN NARRATIVE),IL,2019,NONE,OTHER,OTHER,S,STRAIGHT AHEAD,,,1,,,,,,,,,,,,,,,,Y,,FRONT,,,,,,,,,,,,,,,,,,,,,,,,,,,,,,,,,
2128506,9991e7f929934275dd776aeb1e2d6a80bdffa8edf5da891dc0609a66a2e285a445ff935166473bb38474e9e851b26a6fdbf62d2d2a37e66d4e4ced7a06acfde7,08/14/2025 05:15:00 PM,2,DRIVER,,2029129,,HYUNDAI,ELANTRA,IL,2022,NONE,PASSENGER,PERSONAL,S,SLOW/STOP IN TRAFFIC,,,1,,,,,,,,,,Y,,,,,,,,REAR,,,,,,,,,,,,,,,,,,,,,,,,,,,,,,,,,
2128578,9e82cf75d8a0d9567785decdefd78b572e4764bbb9dfce03bc47fc0e6101c0d25b3d61386e377562b148b0968bf3f59f8c0d63047cc78d09911c6b2b9dc68405,08/14/2025 05:15:00 PM,1,DRIVER,,2029154,,UNKNOWN,OTHER (EXPLAIN IN NARRATIVE),,,UNKNOWN,UNKNOWN/NA,UNKNOWN/NA,UNKNOWN,UNKNOWN/NA,,,1,,,,,,,,,,,,,,,,,Y,UNKNOWN,,,,,,,,,,,,,,,,,,,,,,,,,,,,,,,,,
2128579,9e82cf75d8a0d9567785decdefd78b572e4764bbb9dfce03bc47fc0e6101c0d25b3d61386e377562b148b0968bf3f59f8c0d63047cc78d09911c6b2b9dc68405,08/14/2025 05:15:00 PM,2,PARKED,,2029157,,JEEP,CHEROKEE,IN,2015,NONE,SPORT UTILITY VEHICLE (SUV),PERSONAL,UNKNOWN,PARKED,,,0,,,,,,,,,,,,,Y,Y,Y,,,SIDE-LEFT,,,,,,,,,,,,,,,,,,,,,,,,,,,,,,,,,
2128763,b4d7c5e9742240aa5a209ff75a250189723e918d8729e65cf985bcd83de58ae6a949c46f05dd5b49dfbe6f120cb6c2dcb2dc6fbe4abd8e4784e5888879521a3e,08/14/2025 05:15:00 PM,1,DRIVER,,2029346,,UNKNOWN,OTHER (EXPLAIN IN NARRATIVE),IL,,UNKNOWN,UNKNOWN/NA,UNKNOWN/NA,S,STRAIGHT AHEAD,,,1,,,,,,,,,,,,,,,,,Y,UNKNOWN,,,,,,,,,,,,,,,,,,,,,,,,,,,,,,,,,
2128764,b4d7c5e9742240aa5a209ff75a250189723e918d8729e65cf985bcd83de58ae6a949c46f05dd5b49dfbe6f120cb6c2dcb2dc6fbe4abd8e4784e5888879521a3e,08/14/2025 05:15:00 PM,2,PARKED,,2029349,,TOYOTA,PRIUS,IL,2008,NONE,PASSENGER,NOT IN USE,S,PARKED,,,0,,,,,,,,,,,Y,Y,Y,Y,Y,,,SIDE-RIGHT,,,,,,,,,,,,,,,,,,,,,,,,,,,,,,,,,
2128507,f65adfaf96df75687ee9ad367d99eba26fdef6107d59cbcd38dc8554ab7c529d9f70c06bcefaff8918118fca64aa3df0dfb56adc33d504f43b485cd3e92e6eec,08/14/2025 05:15:00 PM,1,DRIVER,,2029088,,HONDA,ACCORD,IL,2015,UNKNOWN,PASSENGER,PERSONAL,UNKNOWN,CHANGING LANES,,,1,,,,,Y,Y,,,,,,,,,,,,FRONT-RIGHT-CORNER,,,,,,,,,,,,,,,,,,,,,,,,,,,,,,,,,
2128508,f65adfaf96df75687ee9ad367d99eba26fdef6107d59cbcd38dc8554ab7c529d9f70c06bcefaff8918118fca64aa3df0dfb56adc33d504f43b485cd3e92e6eec,08/14/2025 05:15:00 PM,2,DRIVER,,2029103,,JEEP,GRAND CHEROKEE,IL,2025,UNKNOWN,SPORT UTILITY VEHICLE (SUV),PERSONAL,UNKNOWN,STRAIGHT AHEAD,,,1,,,,,,,,,,,Y,Y,Y,,,,,SIDE-LEFT-REAR,,,,,,,,,,,,,,,,,,,,,,,,,,,,,,,,,
2128526,e2c46685e0fda073c776db5cfd933712dd4bec1563591239d68f0bb36bf0933b19cd1afdc77cc6711e056c23ac2494d525aa7ff4fbb86973953423f36a841cbf,08/14/2025 05:05:00 PM,1,DRIVER,1,2029115,,HONDA,CR-V,IL,2007,UNKNOWN,PASSENGER,PERSONAL,E,SLOW/STOP IN TRAFFIC,,,2,,,,,,,Y,,,,,,,,,,N,OTHER,,,,,,,,,,,,,,,,,,,,,,,,,,,,,,,,,
2128527,e2c46685e0fda073c776db5cfd933712dd4bec1563591239d68f0bb36bf0933b19cd1afdc77cc6711e056c23ac2494d525aa7ff4fbb86973953423f36a841cbf,08/14/2025 05:05:00 PM,2,BICYCLE,,,,,,,,,,,,,,,,,,,,,,,,,,,,,,,,,,,,,,,,,,,,,,,,,,,,,,,,,,,,,,,,,,
2128523,8f65d7f3a3bb7dbb175513dd4a0713f40a1a9f63d7e3e67ae08b268e3dbbddd2326d243834c39edc762715abcd0a1a57ccaddc8dfda57b2adc8b1d43ef39550e,08/14/2025 05:04:00 PM,1,DRIVER,,2029101,,HYUNDAI,AZERA,IL,2007,NONE,PASSENGER,PERSONAL,E,TURNING LEFT,Y,,1,,,,,Y,Y,Y,Y,,,,,,,Y,Y,,FRONT-RIGHT-CORNER,,,,,,,,,,,,,,,,,,,,,,,,,,,,,,,,,
2128524,8f65d7f3a3bb7dbb175513dd4a0713f40a1a9f63d7e3e67ae08b268e3dbbddd2326d243834c39edc762715abcd0a1a57ccaddc8dfda57b2adc8b1d43ef39550e,08/14/2025 05:04:00 PM,2,DRIVER,,2029106,,INFINITI,Q50,IL,2020,NONE,PASSENGER,PERSONAL,N,STRAIGHT AHEAD,Y,,1,,,,,Y,,,Y,Y,,,,,Y,Y,Y,,FRONT,,,,,,,,,,,,,,,,,,,,,,,,,,,,,,,,,
2128525,8f65d7f3a3bb7dbb175513dd4a0713f40a1a9f63d7e3e67ae08b268e3dbbddd2326d243834c39edc762715abcd0a1a57ccaddc8dfda57b2adc8b1d43ef39550e,08/14/2025 05:04:00 PM,3,DRIVER,1,2029113,,TOYOTA,COROLLA,IL,2010,NONE,PASSENGER,PERSONAL,W,SLOW/STOP IN TRAFFIC,,,2,,,,,Y,,,,,,,,,Y,Y,Y,,FRONT-LEFT-CORNER,,,,,,,,,,,,,,,,,,,,,,,,,,,,,,,,,
2128556,d8eecbc9bb490cd4c6e1fd59dc847da470a96d48cac8b95ad765ecd993e1e37b046fe5566fb72b482cd8a7b7f710a95c61fc4ce9717d7ba36a2ac49f38a9c9ab,08/14/2025 05:01:00 PM,1,DRIVER,,2029152,,LEXUS,RX400H,IL,2006,NONE,PASSENGER,PERSONAL,E,STRAIGHT AHEAD,Y,,1,,,,,,,,,,,,,,,Y,Y,,FRONT-LEFT-CORNER,,,,,,,,,,,,,,,,,,,,,,,,,,,,,,,,,
2128557,d8eecbc9bb490cd4c6e1fd59dc847da470a96d48cac8b95ad765ecd993e1e37b046fe5566fb72b482cd8a7b7f710a95c61fc4ce9717d7ba36a2ac49f38a9c9ab,08/14/2025 05:01:00 PM,2,DRIVER,,2029180,Y,KENWORTH MOTOR TRUCK COMPANY,KENWORTH MOTOR TRUCK CO.,MN,2025,NONE,SINGLE UNIT TRUCK WITH TRAILER,COMMERCIAL - SINGLE UNIT,W,TURNING LEFT,,,1,,,,,Y,,,,,,,,,,,,,FRONT-RIGHT-CORNER,"22,001",0184150,,,DRIVER,,AUTUMN TRANSPORT INC,MN,WOODBURY,,,,N,N,,N,,N,N,,,,,,,,,"SINGLE UNIT TRUCK, 3 OR MORE AXLES",TANK,UNKNOWN,N,N,
2128809,05b05607ee797780fb9f501751f27f4ee6da7b242ca43facf444209f39e09b93487a1d2de00a44dea89527467d3219db3c9fd7b09ede544c7f74d3ef13cd5fb7,08/14/2025 05:00:00 PM,1,DRIVER,,2029387,,UNKNOWN,OTHER (EXPLAIN IN NARRATIVE),,,UNKNOWN,UNKNOWN/NA,UNKNOWN/NA,UNKNOWN,UNKNOWN/NA,,,1,,,,,,,,,,,,,,,,,Y,UNKNOWN,,,,,,,,,,,,,,,,,,,,,,,,,,,,,,,,,
2128810,05b05607ee797780fb9f501751f27f4ee6da7b242ca43facf444209f39e09b93487a1d2de00a44dea89527467d3219db3c9fd7b09ede544c7f74d3ef13cd5fb7,08/14/2025 05:00:00 PM,2,PARKED,,2029389,,HONDA,ACCORD,IL,2023,NONE,PASSENGER,PERSONAL,E,PARKED,,,0,,,,,,Y,Y,Y,,,,,,,,,,SIDE-RIGHT,,,,,,,,,,,,,,,,,,,,,,,,,,,,,,,,,
2128548,ca95d075d19ff5de6091554127c3855ded0aa2620a5cfae753541354652170990813688153136bf2cef3107c68fcad94047c7fe654b6a974c9603d1fe4695608,08/14/2025 05:00:00 PM,1,DRIVER,,2029121,,JEEP,RENEGADE,TX,2015,NONE,PASSENGER,PERSONAL,E,ENTER FROM DRIVE/ALLEY,,,1,,,,,,,,,,,,,,Y,Y,N,,FRONT-LEFT-CORNER,,,,,,,,,,,,,,,,,,,,,,,,,,,,,,,,,
2128549,ca95d075d19ff5de6091554127c3855ded0aa2620a5cfae753541354652170990813688153136bf2cef3107c68fcad94047c7fe654b6a974c9603d1fe4695608,08/14/2025 05:00:00 PM,2,DRIVER,1,2029132,,FORD,EXPLORER,IL,2007,NONE,PASSENGER,PERSONAL,S,STRAIGHT AHEAD,,,2,,,,,Y,,,,,,,,,,Y,Y,,FRONT,,,,,,,,,,,,,,,,,,,,,,,,,,,,,,,,,
2128596,ed7221d65d75fec9eb13676653eddd8df2611602561a1f61e82ec19de9af7c0cb4dd77deeb68152064463fd072dd98461437edfd45792661a936f8471afcf45b,08/14/2025 05:00:00 PM,1,DRIVER,1,2029172,,TOYOTA,CAMRY,IL,2009,UNKNOWN,PASSENGER,PERSONAL,N,STRAIGHT AHEAD,,,2,,,,,,,,Y,Y,,,,,,,,,REAR-RIGHT-CORNER,,,,,,,,,,,,,,,,,,,,,,,,,,,,,,,,,
2128597,ed7221d65d75fec9eb13676653eddd8df2611602561a1f61e82ec19de9af7c0cb4dd77deeb68152064463fd072dd98461437edfd45792661a936f8471afcf45b,08/14/2025 05:00:00 PM,2,DRIVER,,2029190,,VOLKSWAGEN,TIGUAN,IL,2020,UNKNOWN,SPORT UTILITY VEHICLE (SUV),PERSONAL,E,SLOW/STOP IN TRAFFIC,,,1,,,,,,,,,,,,,,Y,,,,FRONT-LEFT-CORNER,,,,,,,,,,,,,,,,,,,,,,,,,,,,,,,,,
2128509,c9998e330f169ede0014c8901c68cf1d55a8668990c07c5575793a86e27c2dadfd1cf034fd9dc1c1a71991a2e77d427246d8c99a00819f908e811bd2088b37bd,08/14/2025 04:55:00 PM,2,DRIVER,,2029089,,ISUZU,OTHER (EXPLAIN IN NARRATIVE),IL,2015,NONE,PASSENGER,NOT IN USE,E,STRAIGHT AHEAD,,,1,,,,,,,,,,,,,,Y,,,,FRONT-LEFT-CORNER,,,,,,,,,,,,,,,,,,,,,,,,,,,,,,,,,
2128510,c9998e330f169ede0014c8901c68cf1d55a8668990c07c5575793a86e27c2dadfd1cf034fd9dc1c1a71991a2e77d427246d8c99a00819f908e811bd2088b37bd,08/14/2025 04:55:00 PM,1,DRIVER,,2029097,,CHRYSLER,CARAVAN,IL,2013,NONE,PASSENGER,NOT IN USE,E,STRAIGHT AHEAD,,,1,,,,,,N,,,,,,,N,Y,Y,,,FRONT-LEFT-CORNER,,,,,,,,,,,,,,,,,,,,,,,,,,,,,,,,,
2128609,4da06fb1694dd1509415abc2aa578b105b993c9ab046badcdc32091fc53de455b26c96a71b3bab2d28b7f001632f70de755fe48fafae1d0e51e738cee1570a02,08/14/2025 04:48:00 PM,1,DRIVER,2,2029187,,VOLKSWAGEN,JETTA,IL,2013,UNKNOWN,PASSENGER,PERSONAL,N,TURNING LEFT,Y,,3,,PRIVATE TOW,,,,,,,,,,,,,Y,,,FRONT-LEFT-CORNER,,,,,,,,,,,,,,,,,,,,,,,,,,,,,,,,,
2128610,4da06fb1694dd1509415abc2aa578b105b993c9ab046badcdc32091fc53de455b26c96a71b3bab2d28b7f001632f70de755fe48fafae1d0e51e738cee1570a02,08/14/2025 04:48:00 PM,2,DRIVER,,2029210,,VESPA,PRIMAVERA,IL,2022,UNKNOWN,MOPED OR MOTORIZED BICYCLE,PERSONAL,N,STRAIGHT AHEAD,Y,,1,,PRIVATE TOW,,,N,Y,Y,Y,,,,,,,,,Y,SIDE-RIGHT-FRONT,,,,,,,,,,,,,,,,,,,,,,,,,,,,,,,,,
2128528,39166901e8c6a416e6d5720049757e1c36b2213b384aab1a3bbfe4c43590da2861bee313055c4feb7644f5893e62031cfcb3955ff4e15febea9e472a7282352c,08/14/2025 04:45:00 PM,1,DRIVER,,2029109,,TOYOTA,CAMRY,,,UNKNOWN,PASSENGER,UNKNOWN/NA,N,STRAIGHT AHEAD,,,1,,,,,,,,,,,,,,,,,Y,UNKNOWN,,,,,,,,,,,,,,,,,,,,,,,,,,,,,,,,,
2128529,39166901e8c6a416e6d5720049757e1c36b2213b384aab1a3bbfe4c43590da2861bee313055c4feb7644f5893e62031cfcb3955ff4e15febea9e472a7282352c,08/14/2025 04:45:00 PM,2,DRIVER,,2029122,,HYUNDAI,ELANTRA,IL,2016,UNKNOWN,PASSENGER,UNKNOWN/NA,E,STRAIGHT AHEAD,,,1,,,,,,,,,,,,,,,,Y,,FRONT,,,,,,,,,,,,,,,,,,,,,,,,,,,,,,,,,
2128913,8ece5cb575cce941b8356c7925d9425cd3797061846bb324a7e38dd5a20d2146cd66c6b6716c4473a16fccfe288b7456adf6ae52d26d5655481237099417d560,08/14/2025 04:45:00 PM,1,DRIVER,,2029483,,UNKNOWN,OTHER (EXPLAIN IN NARRATIVE),,,UNKNOWN,PASSENGER,PERSONAL,E,STRAIGHT AHEAD,,,1,,,,,,,,,,,,,,,,,Y,FRONT,,,,,,,,,,,,,,,,,,,,,,,,,,,,,,,,,
2128914,8ece5cb575cce941b8356c7925d9425cd3797061846bb324a7e38dd5a20d2146cd66c6b6716c4473a16fccfe288b7456adf6ae52d26d5655481237099417d560,08/14/2025 04:45:00 PM,2,DRIVER,,2029488,,LEXUS,ES,IL,2015,NONE,PASSENGER,PERSONAL,N,STRAIGHT AHEAD,Y,,1,,PRIVATE TOW,UNKNOWN,,,,,,,,,,Y,Y,Y,Y,,SIDE-LEFT-FRONT,,,,,,,,,,,,,,,,,,,,,,,,,,,,,,,,,
2128536,81a3e6523fadb1f7c11b712eb1e7a499c5fe5fa3f656765c01a58241025bd799ad5f7151fe9ff73edc2068d392c79d048a28a8c8ecf56a4be9ddab409387fadd,08/14/2025 04:41:00 PM,1,DRIVER,,2029111,,FORD,F150,IN,,UNKNOWN,PICKUP,UNKNOWN/NA,UNKNOWN,BACKING,,,1,,,,,,,,,Y,,,,,,,,,REAR-RIGHT-CORNER,,,,,,,,,,,,,,,,,,,,,,,,,,,,,,,,,
2128537,81a3e6523fadb1f7c11b712eb1e7a499c5fe5fa3f656765c01a58241025bd799ad5f7151fe9ff73edc2068d392c79d048a28a8c8ecf56a4be9ddab409387fadd,08/14/2025 04:41:00 PM,2,DRIVER,,2029145,,CHEVROLET,OTHER (EXPLAIN IN NARRATIVE),IL,2019,UNKNOWN,PASSENGER,PERSONAL,S,BACKING,,,1,,,,,,,,,Y,,,,,,,,,REAR-RIGHT-CORNER,,,,,,,,,,,,,,,,,,,,,,,,,,,,,,,,,
2128491,8f174d30f9f496f8685f111a73693f3aa9715c27f640280438a2df8b64af5fae7c7929d168af3605f250be681a86ed469019577f3df5db3c77a04b43f56d8bcf,08/14/2025 04:40:00 PM,1,DRIVER,,2029144,,CHEVROLET,IMPALA,IL,2010,UNKNOWN,PASSENGER,UNKNOWN/NA,E,PASSING/OVERTAKING,,,1,,,,,,,,,,,,,,,,,,FRONT-LEFT-CORNER,,,,,,,,,,,,,,,,,,,,,,,,,,,,,,,,,
2128492,8f174d30f9f496f8685f111a73693f3aa9715c27f640280438a2df8b64af5fae7c7929d168af3605f250be681a86ed469019577f3df5db3c77a04b43f56d8bcf,08/14/2025 04:40:00 PM,2,PARKED,,2029159,,CHRYSLER,OTHER (EXPLAIN IN NARRATIVE),MO,2024,UNKNOWN,OTHER,RIDESHARE SERVICE,E,PARKED,,,0,,,,,,,,,,,,,,,,,,SIDE-RIGHT,,,,,,,,,,,,,,,,,,,,,,,,,,,,,,,,,
2128582,8affbc3bfea45e16d7e57f2ef16262293a8baef82e61b820f0be79fd0d0f19ef3f63cb9e2fd6f8b3b1782ea5c76dd8335806c844f2ac44be9ee0ea452c657af8,08/14/2025 04:39:00 PM,1,DRIVER,2,2029198,,FORD,ESCAPE,IL,2009,NONE,SPORT UTILITY VEHICLE (SUV),PERSONAL,N,STRAIGHT AHEAD,N,,3,,,,,Y,,,,,,,,,,Y,Y,,FRONT,,,,,,,,,,,,,,,,,,,,,,,,,,,,,,,,,
2128583,8affbc3bfea45e16d7e57f2ef16262293a8baef82e61b820f0be79fd0d0f19ef3f63cb9e2fd6f8b3b1782ea5c76dd8335806c844f2ac44be9ee0ea452c657af8,08/14/2025 04:39:00 PM,2,DRIVER,,2029178,,CHEVROLET,SILVERADO,IL,2002,NONE,PICKUP,PERSONAL,S,TURNING LEFT,N,,1,,,,,Y,,,,,,,,,,Y,Y,,SIDE-RIGHT,,,,,,,,,,,,,,,,,,,,,,,,,,,,,,,,,
2128697,a8eeb514bf4343fdf656035b792d01efda97c6a02f3b9047e660f9f84555763d1774cb26f5a8b35224ba4f3003378db994a07e2e149e8397348286b976ab9ea6,08/14/2025 04:30:00 PM,1,DRIVER,,2029276,,JEEP,WRANGLER,,,UNKNOWN,SPORT UTILITY VEHICLE (SUV),PERSONAL,E,STRAIGHT AHEAD,,,1,,,,,,,,,,,,,,,,,Y,FRONT,,,,,,,,,,,,,,,,,,,,,,,,,,,,,,,,,
2128698,a8eeb514bf4343fdf656035b792d01efda97c6a02f3b9047e660f9f84555763d1774cb26f5a8b35224ba4f3003378db994a07e2e149e8397348286b976ab9ea6,08/14/2025 04:30:00 PM,2,DRIVER,1,2029283,,MERCEDES-BENZ,C300,IL,2017,NONE,PASSENGER,RIDESHARE SERVICE,E,TURNING LEFT,,,2,,,,,,,,,,,Y,Y,,,,,,SIDE-LEFT,,,,,,,,,,,,,,,,,,,,,,,,,,,,,,,,,