CRASH_UNIT_ID,CRASH_RECORD_ID,CRASH_DATE,UNIT_NO,UNIT_TYPE,NUM_PASSENGERS,VEHICLE_ID,CMRC_VEH_I,MAKE,MODEL,LIC_PLATE_STATE,VEHICLE_YEAR,VEHICLE_DEFECT,VEHICLE_TYPE,VEHICLE_USE,TRAVEL_DIRECTION,MANEUVER,TOWED_I,FIRE_I,OCCUPANT_CNT,EXCEED_SPEED_LIMIT_I,TOWED_BY,TOWED_TO,AREA_00_I,AREA_01_I,AREA_02_I,AREA_03_I,AREA_04_I,AREA_05_I,AREA_06_I,AREA_07_I,AREA_08_I,AREA_09_I,AREA_10_I,AREA_11_I,AREA_12_I,AREA_99_I,FIRST_CONTACT_POINT,CMV_ID,USDOT_NO,CCMC_NO,ILCC_NO,COMMERCIAL_SRC,GVWR,CARRIER_NAME,CARRIER_STATE,CARRIER_CITY,HAZMAT_PLACARDS_I,HAZMAT_NAME,UN_NO,HAZMAT_PRESENT_I,HAZMAT_REPORT_I,HAZMAT_REPORT_NO,MCS_REPORT_I,MCS_REPORT_NO,HAZMAT_VIO_CAUSE_CRASH_I,MCS_VIO_CAUSE_CRASH_I,IDOT_PERMIT_NO,WIDE_LOAD_I,TRAILER1_WIDTH,TRAILER2_WIDTH,TRAILER1_LENGTH,TRAILER2_LENGTH,TOTAL_VEHICLE_LENGTH,AXLE_CNT,VEHICLE_CONFIG,CARGO_BODY_TYPE,LOAD_TYPE,HAZMAT_OUT_OF_SERVICE_I,MCS_OUT_OF_SERVICE_I,HAZMAT_CLASS
2128813,d9c1fd0c0c84fada4638479c7e811d29987b447f651c06c53c8245e63a8ab192ae643ae4082471a7f75e00ab60640f6bbde194fcaa5606bb4a828c2f05fe5d02,08/14/2025 04:30:00 PM,1,DRIVER,,2029391,,UNKNOWN,OTHER (EXPLAIN IN NARRATIVE),IL,,UNKNOWN,TRACTOR W/ SEMI-TRAILER,UNKNOWN/NA,SW,OTHER,,,1,,,,,,,,,,,,,,,,,Y,UNKNOWN,,,,,,,,,,,,,,,,,,,,,,,,,,,,,,,,,
2128814,d9c1fd0c0c84fada4638479c7e811d29987b447f651c06c53c8245e63a8ab192ae643ae4082471a7f75e00ab60640f6bbde194fcaa5606bb4a828c2f05fe5d02,08/14/2025 04:30:00 PM,2,DRIVER,,2029392,,LINCOLN,MKZ,IL,2017,NONE,PASSENGER,PERSONAL,S,STRAIGHT AHEAD,,,1,,,,,,Y,Y,Y,,,,,,,,,,SIDE-RIGHT,,,,,,,,,,,,,,,,,,,,,,,,,,,,,,,,,
2128668,1f44ad2d05ee40bc6a18a65bd6cf0218177630577d0f17b730dddb8e0d538878c968d6dd7b9cd64a5eeda8f69c4fba9923eb3d54c2865abfc5e6c1a8f25ff60b,08/14/2025 04:20:00 PM,1,DRIVER,,2029255,,CADILLAC,CT5,IL,2012,UNKNOWN,PASSENGER,UNKNOWN/NA,E,ENTER FROM DRIVE/ALLEY,,,1,,,,,Y,Y,,,,,,Y,,,,,,FRONT-RIGHT-CORNER,,,,,,,,,,,,,,,,,,,,,,,,,,,,,,,,,
2128669,1f44ad2d05ee40bc6a18a65bd6cf0218177630577d0f17b730dddb8e0d538878c968d6dd7b9cd64a5eeda8f69c4fba9923eb3d54c2865abfc5e6c1a8f25ff60b,08/14/2025 04:20:00 PM,2,DRIVER,1,2029248,,FORD,ESCAPE,IL,2024,OTHER,PASSENGER,PERSONAL,S,SLOW/STOP IN TRAFFIC,,,2,,,,,,,,,Y,,,,,,,,,REAR-RIGHT-CORNER,,,,,,,,,,,,,,,,,,,,,,,,,,,,,,,,,
2129077,5085bbf232c1814154f7e11d5baaff57c2d0cd06a38e7696a5f3f9287f7f81afa8879d8b57bde97d397427872cccacdc18c0e1c9f8400cd7be1134cd068e8d82,08/14/2025 04:20:00 PM,1,PARKED,1,2029633,,NISSAN,SENTRA,IL,2012,NONE,PASSENGER,PERSONAL,W,PARKED,,,1,,,,,,,,,,,,,Y,Y,Y,,,SIDE-LEFT,,,,,,,,,,,,,,,,,,,,,,,,,,,,,,,,,
2129078,5085bbf232c1814154f7e11d5baaff57c2d0cd06a38e7696a5f3f9287f7f81afa8879d8b57bde97d397427872cccacdc18c0e1c9f8400cd7be1134cd068e8d82,08/14/2025 04:20:00 PM,2,DRIVER,,2029641,,NISSAN,FRONTIER,IL,2011,NONE,PICKUP,PERSONAL,W,STRAIGHT AHEAD,,,1,,,,,Y,Y,Y,Y,Y,,,,,,,Y,,FRONT,,,,,,,,,,,,,,,,,,,,,,,,,,,,,,,,,
2128479,59cb914579617e6e2ebdfec81244ff8d13b34303ae0b540c97ed815c0e191786286ad697499a829860cb96f6f829927b5ef999563b998b2f685a3e0c0dc31f12,08/14/2025 04:20:00 PM,1,DRIVER,,2029062,,CADILLAC,OTHER (EXPLAIN IN NARRATIVE),IL,2008,NONE,PASSENGER,PERSONAL,E,STRAIGHT AHEAD,,,1,,,,,Y,Y,Y,,,,,,,,Y,Y,,UNKNOWN,,,,,,,,,,,,,,,,,,,,,,,,,,,,,,,,,
2128480,59cb914579617e6e2ebdfec81244ff8d13b34303ae0b540c97ed815c0e191786286ad697499a829860cb96f6f829927b5ef999563b998b2f685a3e0c0dc31f12,08/14/2025 04:20:00 PM,2,DRIVER,,2029066,,HYUNDAI,SONATA,IL,2011,NONE,PASSENGER,PERSONAL,N,STRAIGHT AHEAD,,,1,,,,,Y,,,,,,,,,,Y,Y,,FRONT,,,,,,,,,,,,,,,,,,,,,,,,,,,,,,,,,
2128575,4522122d0687edb4aae2a01c16317ea40cc3a88a731d97b763c9098ad75f5537c101ca0dd35ef2aba8102535a246d03d3fedebf65f6f5fedb860de36dc72a125,08/14/2025 04:17:00 PM,1,DRIVER,,2029161,Y,UNKNOWN,MOTORIZED,IL,1996,UNKNOWN,TRACTOR W/ SEMI-TRAILER,OTHER,SW,STRAIGHT AHEAD,,,1,,,,Y,,,,,,,,,,,,,,SIDE-RIGHT,"22,002",,,,,,WENDELL STAHL,IL,BRADFORD,,,,U,U,,U,,U,U,,,,,,,,,,,,N,N,
2128576,4522122d0687edb4aae2a01c16317ea40cc3a88a731d97b763c9098ad75f5537c101ca0dd35ef2aba8102535a246d03d3fedebf65f6f5fedb860de36dc72a125,08/14/2025 04:17:00 PM,2,DRIVER,,2029183,Y,FORD,OTHER (EXPLAIN IN NARRATIVE),IL,2023,UNKNOWN,TRACTOR W/ SEMI-TRAILER,COMMERCIAL - SINGLE UNIT,SW,STRAIGHT AHEAD,,,1,,,,,,,,,,,,,,Y,,,,SIDE-LEFT,"22,000",,,,,,TRIPE EAGLE LEASING LLC,IL,BLUE ISLAND,,,,U,U,,U,,U,U,,,,,,,,,,,,N,N,
2128519,6b6cea38827e341dfa11797ddb1893fa55f4a147324878f9467c20852c38124cea6378419abd1ffe866d75bb22587ed551587566101d2f8ce1dc0bac02088c34,08/14/2025 04:15:00 PM,1,DRIVER,,2029102,,UNKNOWN,OTHER (EXPLAIN IN NARRATIVE),IL,,UNKNOWN,OTHER,UNKNOWN/NA,UNKNOWN,UNKNOWN/NA,,,1,,,,,,,,,,,,,,,,,Y,UNKNOWN,,,,,,,,,,,,,,,,,,,,,,,,,,,,,,,,,
2128520,6b6cea38827e341dfa11797ddb1893fa55f4a147324878f9467c20852c38124cea6378419abd1ffe866d75bb22587ed551587566101d2f8ce1dc0bac02088c34,08/14/2025 04:15:00 PM,2,PARKED,,2029099,,DODGE,DURANGO,IL,2019,NONE,SPORT UTILITY VEHICLE (SUV),PERSONAL,N,PARKED,,,0,,,,,,,,,,,Y,Y,Y,Y,Y,,,SIDE-LEFT,,,,,,,,,,,,,,,,,,,,,,,,,,,,,,,,,
2128521,6eb48d5e16291838d054c840b88f12fc37b35dd93a2bb89f025baec94daed47ff02e96c1bded92676d47f4392fcffd00f58c6f37c85cbad441258a6f06b15c87,08/14/2025 04:15:00 PM,1,DRIVER,,2029093,,UNKNOWN,OTHER (EXPLAIN IN NARRATIVE),,,UNKNOWN,UNKNOWN/NA,PERSONAL,UNKNOWN,UNKNOWN/NA,,,1,,,,,,,,,,,,,,,,,Y,UNKNOWN,,,,,,,,,,,,,,,,,,,,,,,,,,,,,,,,,
2128522,6eb48d5e16291838d054c840b88f12fc37b35dd93a2bb89f025baec94daed47ff02e96c1bded92676d47f4392fcffd00f58c6f37c85cbad441258a6f06b15c87,08/14/2025 04:15:00 PM,2,PARKED,,2029095,,JEEP,GLADIATOR,IL,2020,UNKNOWN,PICKUP,NOT IN USE,S,PARKED,,,0,,,,,,,,,,,,,,,,Y,,FRONT-LEFT-CORNER,,,,,,,,,,,,,,,,,,,,,,,,,,,,,,,,,
2128691,ce1b63b83f2d623a8e8d08a8639d123a0dd6eef55b0e90a5fb1f05b4824d85fe46b96db73ffc4b82cb01734af8e446b4f98fa029a6a7523faa3d250b4619cb47,08/14/2025 04:15:00 PM,1,DRIVER,,2029271,,CHEVROLET,TAHOE,XX,,UNKNOWN,PASSENGER,UNKNOWN/NA,E,STRAIGHT AHEAD,,,1,,,,,,,,,,,,,,,,Y,,FRONT,,,,,,,,,,,,,,,,,,,,,,,,,,,,,,,,,
2128692,ce1b63b83f2d623a8e8d08a8639d123a0dd6eef55b0e90a5fb1f05b4824d85fe46b96db73ffc4b82cb01734af8e446b4f98fa029a6a7523faa3d250b4619cb47,08/14/2025 04:15:00 PM,2,DRIVER,,2029280,,JEEP,CHEROKEE,IL,,NONE,PASSENGER,PERSONAL,S,STRAIGHT AHEAD,,,1,,,,,,,Y,,,,,,,,,,,SIDE-RIGHT,,,,,,,,,,,,,,,,,,,,,,,,,,,,,,,,,
2128929,9324023324154edef1815e1adb27cb6efcb7432cc690bab9b020d6721d19bb1b383581463fb919f080759a771e23f13d85141af5ad872dbb1fc51487ba75507f,08/14/2025 04:14:00 PM,1,DRIVER,,2029495,,JEEP,CHEROKEE,IL,2014,NONE,SPORT UTILITY VEHICLE (SUV),OTHER,NW,PASSING/OVERTAKING,,,1,,,,,,,,,,,,,,,Y,,,FRONT-LEFT-CORNER,,,,,,,,,,,,,,,,,,,,,,,,,,,,,,,,,
2128930,9324023324154edef1815e1adb27cb6efcb7432cc690bab9b020d6721d19bb1b383581463fb919f080759a771e23f13d85141af5ad872dbb1fc51487ba75507f,08/14/2025 04:14:00 PM,2,DRIVER,,2029496,,NISSAN,ARMADA,IL,2024,NONE,SPORT UTILITY VEHICLE (SUV),PERSONAL,NW,STRAIGHT AHEAD,,,1,,,,,Y,Y,Y,,,,,,,,,,,FRONT-RIGHT-CORNER,,,,,,,,,,,,,,,,,,,,,,,,,,,,,,,,,
2128513,26fcb0dc685b8f76bbbc7b390bb31cfc2fb6783dce3eb4dbd598d02bf8b1b29f3b9d41ba9a3d3aba62b59d09418e3706db16887f69061d5649d4c005a438d48b,08/14/2025 04:10:00 PM,1,DRIVER,,2029108,,VOLKSWAGEN,JETTA,IL,2021,UNKNOWN,PASSENGER,PERSONAL,S,STRAIGHT AHEAD,,,1,,,,,Y,,,,,,,,,,Y,Y,N,UNKNOWN,,,,,,,,,,,,,,,,,,,,,,,,,,,,,,,,,
2128514,26fcb0dc685b8f76bbbc7b390bb31cfc2fb6783dce3eb4dbd598d02bf8b1b29f3b9d41ba9a3d3aba62b59d09418e3706db16887f69061d5649d4c005a438d48b,08/14/2025 04:10:00 PM,2,DRIVER,1,2029118,,BMW,OTHER (EXPLAIN IN NARRATIVE),IL,2023,NONE,PASSENGER,PERSONAL,S,SLOW/STOP IN TRAFFIC,,,2,,,,,,,,,Y,Y,,,,,,,,REAR,,,,,,,,,,,,,,,,,,,,,,,,,,,,,,,,,
2128717,fb2e7efb93bd05c5251d376708b93ac10fa3d5bef8492dc4660f98f8f7b67e74109a091ff78606765d95a8cf7eca8990c3b04d4e93473b8d6c1608083c791d3a,08/14/2025 04:08:00 PM,1,DRIVER,,2029302,,CHEVROLET,TRUCK,IL,2002,OTHER,PICKUP,PERSONAL,N,STRAIGHT AHEAD,,,1,,,,,Y,,,,,,,,,,,Y,,FRONT-RIGHT-CORNER,,,,,,,,,,,,,,,,,,,,,,,,,,,,,,,,,
2128718,fb2e7efb93bd05c5251d376708b93ac10fa3d5bef8492dc4660f98f8f7b67e74109a091ff78606765d95a8cf7eca8990c3b04d4e93473b8d6c1608083c791d3a,08/14/2025 04:08:00 PM,2,PARKED,,2029296,,CHEVROLET,TRAVERSE,IL,2010,OTHER,PASSENGER,PERSONAL,N,PARKED,,,0,,,,,,,,,,Y,Y,,,,,,,REAR-LEFT-CORNER,,,,,,,,,,,,,,,,,,,,,,,,,,,,,,,,,
2128457,500f120f7ef5704f072ee5692064ee259fbb570c9241d23f55ce6e5bfb110c7e418ab30363421c1e55071776e477feee96b09ae3a781c9665bdcda75030c0e76,08/14/2025 04:01:00 PM,1,DRIVER,,2029060,,HYUNDAI,VENUE,IL,2022,UNKNOWN,PASSENGER,PERSONAL,W,STRAIGHT AHEAD,,,1,,,,,Y,,,,,,,,,,Y,Y,,FRONT,,,,,,,,,,,,,,,,,,,,,,,,,,,,,,,,,
2128458,500f120f7ef5704f072ee5692064ee259fbb570c9241d23f55ce6e5bfb110c7e418ab30363421c1e55071776e477feee96b09ae3a781c9665bdcda75030c0e76,08/14/2025 04:01:00 PM,2,DRIVER,2,2029071,,TOYOTA,COROLLA,IL,2019,UNKNOWN,PASSENGER,PERSONAL,N,STRAIGHT AHEAD,,,3,,,,,Y,Y,Y,Y,Y,,,,,,,,,SIDE-RIGHT,,,,,,,,,,,,,,,,,,,,,,,,,,,,,,,,,
2139893,172728d77df9b9c654099328a2c85a0c66de82863884337eee8f27ab5d7c3a814ea547bdba259bf4039ffa939fcaa9ffc0231442e7f9098c530d90b216bb3c8c,08/14/2025 04:00:00 PM,1,DRIVER,,2039887,,CHEVROLET,HHR,IL,2007,UNKNOWN,OTHER,PERSONAL,S,STRAIGHT AHEAD,Y,,1,,OWNER,OWNER,,Y,Y,,,,,,,,,,Y,,FRONT-RIGHT-CORNER,,,,,,,,,,,,,,,,,,,,,,,,,,,,,,,,,
2139894,172728d77df9b9c654099328a2c85a0c66de82863884337eee8f27ab5d7c3a814ea547bdba259bf4039ffa939fcaa9ffc0231442e7f9098c530d90b216bb3c8c,08/14/2025 04:00:00 PM,2,PARKED,,2039890,,GENERAL MOTORS CORPORATION (GMC),YUKON,IL,2010,UNKNOWN,OTHER,PERSONAL,S,PARKED,,,0,,,,,,,,,,,Y,,,,,,,REAR-LEFT-CORNER,,,,,,,,,,,,,,,,,,,,,,,,,,,,,,,,,
2128447,26b20a0375453f57456f669e502dc86b319e9ce5db6794ec0a9dff2414ede4f49159e1af69f21abce0d1491311305fdde971b796a850d4ebdd6f66143a04e6f5,08/14/2025 04:00:00 PM,1,DRIVER,,2029072,,YAMAHA,YAMAHA,IL,2014,NONE,MOTORCYCLE (OVER 150CC),PERSONAL,S,STRAIGHT AHEAD,,,1,,,,,,,,,Y,Y,Y,,,,,,,REAR,,,,,,,,,,,,,,,,,,,,,,,,,,,,,,,,,
2128448,26b20a0375453f57456f669e502dc86b319e9ce5db6794ec0a9dff2414ede4f49159e1af69f21abce0d1491311305fdde971b796a850d4ebdd6f66143a04e6f5,08/14/2025 04:00:00 PM,2,DRIVER,,2029081,,CHEVROLET,SILVERADO,IL,2023,NONE,PICKUP,COMMERCIAL - SINGLE UNIT,S,SLOW/STOP IN TRAFFIC,,,1,,,,,Y,,,,,,,,,,,,,FRONT-RIGHT-CORNER,,,,,,,,,,,,,,,,,,,,,,,,,,,,,,,,,
2128469,3d64a34d24bd64455c3e1707301c356e7e5c24e36afae33094fcc576da2175de328626826e3563bde4335cf407e3e3d51b78dfd43832a307610fdf656976fd3a,08/14/2025 04:00:00 PM,1,DRIVER,,2029052,,UNKNOWN,OTHER (EXPLAIN IN NARRATIVE),,,UNKNOWN,PASSENGER,UNKNOWN/NA,W,UNKNOWN/NA,,,1,,,,,Y,Y,Y,Y,Y,,,,,,,,,SIDE-RIGHT,,,,,,,,,,,,,,,,,,,,,,,,,,,,,,,,,
2128470,3d64a34d24bd64455c3e1707301c356e7e5c24e36afae33094fcc576da2175de328626826e3563bde4335cf407e3e3d51b78dfd43832a307610fdf656976fd3a,08/14/2025 04:00:00 PM,2,PARKED,,2029079,Y,FORD,CLUB WAGON E350,IL,2017,UNKNOWN,OTHER,NOT IN USE,W,PARKED,,,0,,,,,,,,,,,,,Y,Y,Y,,,SIDE-LEFT,"21,999",,,,DRIVER,1,USPS,IL,CHICAHO,,,,N,N,,N,,N,N,,,,,,,,2,"SINGLE UNIT TRUCK, 2 AXLES, 6 TIRES",VAN/ENCLOSED BOX,OTHER,N,N,
2129194,4b741683874b78745795d36066b9f276141d8cd33bee1f707a1909861ab0dfdfb997eb7c0de445f90ecf72a09023a0b30530463ba620b32f6e5aa6dcf1ac0dcc,08/14/2025 04:00:00 PM,1,DRIVER,,2029748,,UNKNOWN,MOTORIZED,,,UNKNOWN,PASSENGER,DRIVER EDUCATION,UNKNOWN,STRAIGHT AHEAD,,,1,,,,,,,,,,,,,,,,,Y,UNKNOWN,,,,,,,,,,,,,,,,,,,,,,,,,,,,,,,,,
2129195,4b741683874b78745795d36066b9f276141d8cd33bee1f707a1909861ab0dfdfb997eb7c0de445f90ecf72a09023a0b30530463ba620b32f6e5aa6dcf1ac0dcc,08/14/2025 04:00:00 PM,2,PARKED,,2029752,,KIA,RIO / K2,IL,2002,UNKNOWN,PASSENGER,PERSONAL,UNKNOWN,PARKED,,,0,,,,,,,,,,,Y,Y,Y,,,,,SIDE-LEFT,,,,,,,,,,,,,,,,,,,,,,,,,,,,,,,,,
2128661,5f1ad4a8cc05b248fa73c03558b5bc7d3980ec53b4291ea14d96ed856a62d90971afcce26d8d27a6415ff5c833d3e7d29cd99523a13f758e5aef1c30b51922b3,08/14/2025 04:00:00 PM,1,DRIVER,,2029245,,UNKNOWN,OTHER (EXPLAIN IN NARRATIVE),XX,,UNKNOWN,UNKNOWN/NA,UNKNOWN/NA,UNKNOWN,UNKNOWN/NA,,,1,,,,,,,,,,,,,,,,,Y,UNKNOWN,,,,,,,,,,,,,,,,,,,,,,,,,,,,,,,,,
2128662,5f1ad4a8cc05b248fa73c03558b5bc7d3980ec53b4291ea14d96ed856a62d90971afcce26d8d27a6415ff5c833d3e7d29cd99523a13f758e5aef1c30b51922b3,08/14/2025 04:00:00 PM,2,PARKED,,2029247,,HYUNDAI,SONATA,IL,2020,NONE,PASSENGER,PERSONAL,UNKNOWN,PARKED,,,0,,,,,,,,,,,Y,,,,,,,REAR-LEFT-CORNER,,,,,,,,,,,,,,,,,,,,,,,,,,,,,,,,,
2128580,81806130ecb2927cddca62957d653065a4840c946376c404b30cbcac94dbfc44742226deba56f0a10d2a2cf62e6f95eea3a9353e9ff8b78641534ed583df5f3a,08/14/2025 04:00:00 PM,1,DRIVER,,2029155,,JEEP,COMPASS,IL,,UNKNOWN,PASSENGER,UNKNOWN/NA,S,STRAIGHT AHEAD,,,1,,,,,,,,Y,,,,,,,,,,SIDE-RIGHT-REAR,,,,,,,,,,,,,,,,,,,,,,,,,,,,,,,,,
2128581,81806130ecb2927cddca62957d653065a4840c946376c404b30cbcac94dbfc44742226deba56f0a10d2a2cf62e6f95eea3a9353e9ff8b78641534ed583df5f3a,08/14/2025 04:00:00 PM,2,PARKED,,2029162,,NISSAN,SENTRA,IL,,UNKNOWN,PASSENGER,PERSONAL,S,PARKED,,,0,,,,,,,,,,,Y,,,,,,,SIDE-LEFT-REAR,,,,,,,,,,,,,,,,,,,,,,,,,,,,,,,,,
2128534,8198cb30f4322244b31699b55c64cdec55cd48acf8e947b42557eac5ce1c561f72f68ddbdb10b8156bee2e1fa2c4ea6cd4f70159bafe4135a860c9d88eb097fc,08/14/2025 04:00:00 PM,1,DRIVER,1,2029125,,PONTIAC,GRAND PRIX,NM,2004,NONE,PASSENGER,PERSONAL,N,STRAIGHT AHEAD,,,2,,,,Y,,,,,,,,,,,,,,FRONT,,,,,,,,,,,,,,,,,,,,,,,,,,,,,,,,,
2128535,8198cb30f4322244b31699b55c64cdec55cd48acf8e947b42557eac5ce1c561f72f68ddbdb10b8156bee2e1fa2c4ea6cd4f70159bafe4135a860c9d88eb097fc,08/14/2025 04:00:00 PM,2,DRIVER,,2029136,,TOYOTA,CAMRY,IL,2016,NONE,PASSENGER,PERSONAL,N,STRAIGHT AHEAD,,,1,,,,,,,,,,Y,,,,,,,,REAR,,,,,,,,,,,,,,,,,,,,,,,,,,,,,,,,,
2128511,828513311ff3fac83a565bd694c44b2be50d2af6f26f078d55c11f6a9c102183289a33f05aec5907956bc0a91039fd1a2c3d1ebe1a8cbad93787990d5eaad0a6,08/14/2025 04:00:00 PM,1,DRIVER,1,2029091,,UNKNOWN,OTHER (EXPLAIN IN NARRATIVE),,,NONE,PASSENGER,UNKNOWN/NA,W,UNKNOWN/NA,,,2,,,,,Y,,,,,,,,,,Y,Y,Y,FRONT,,,,,,,,,,,,,,,,,,,,,,,,,,,,,,,,,
2128512,828513311ff3fac83a565bd694c44b2be50d2af6f26f078d55c11f6a9c102183289a33f05aec5907956bc0a91039fd1a2c3d1ebe1a8cbad93787990d5eaad0a6,08/14/2025 04:00:00 PM,2,DRIVER,,2029105,,JEEP,GRAND CHEROKEE,IL,2012,NONE,SPORT UTILITY VEHICLE (SUV),PERSONAL,W,CHANGING LANES,,,1,,,,Y,,,,,,,,,,,,,,NONE,,,,,,,,,,,,,,,,,,,,,,,,,,,,,,,,,
2128483,9bf4207f7f7e932c35478e82c7aae5991688eba0dc2baf78cf87cf653be2a3e2f82d555aa168f55982dc621718eb7959c8c0f5e0c755635cbc6233f1ae94500a,08/14/2025 04:00:00 PM,1,DRIVER,,2029080,,CHEVROLET,IMPALA,IL,2017,UNKNOWN,PASSENGER,PERSONAL,W,CHANGING LANES,Y,,1,,unknown,,,Y,,,,,,,,,,Y,Y,,FRONT-RIGHT-CORNER,,,,,,,,,,,,,,,,,,,,,,,,,,,,,,,,,
2128484,9bf4207f7f7e932c35478e82c7aae5991688eba0dc2baf78cf87cf653be2a3e2f82d555aa168f55982dc621718eb7959c8c0f5e0c755635cbc6233f1ae94500a,08/14/2025 04:00:00 PM,2,DRIVER,,2029084,,LINCOLN,MKX,IL,2013,UNKNOWN,SPORT UTILITY VEHICLE (SUV),PERSONAL,W,STRAIGHT AHEAD,,,1,,,,,,,,,,,,,,Y,Y,,,FRONT-LEFT-CORNER,,,,,,,,,,,,,,,,,,,,,,,,,,,,,,,,,
2129140,af364d75f22ac1bccfb5506d22712285ca51ad5a03e746cb12b9f1facd9691ce6175482cd963799561f5262e9549941600c9e7d30ac03d1087ed84d44ae2cc77,08/14/2025 04:00:00 PM,1,DRIVER,,2029694,,HYUNDAI,SANTA FE,,2004,NONE,PASSENGER,DRIVER EDUCATION,E,STRAIGHT AHEAD,,,1,,,,,,,,,,,,,,,,Y,,FRONT,,,,,,,,,,,,,,,,,,,,,,,,,,,,,,,,,
2129141,af364d75f22ac1bccfb5506d22712285ca51ad5a03e746cb12b9f1facd9691ce6175482cd963799561f5262e9549941600c9e7d30ac03d1087ed84d44ae2cc77,08/14/2025 04:00:00 PM,2,DRIVER,,2029705,,TOYOTA,4RUNNER,IL,2012,NONE,PASSENGER,AMBULANCE,E,SLOW/STOP IN TRAFFIC,,,1,,,,,,,,,,Y,,,,,,,,REAR,,,,,,,,,,,,,,,,,,,,,,,,,,,,,,,,,
2128431,dfbbae7e32170feff611ecde2ba5e90eb8d4062e7ccb4e573e509aed81dfa627369f1cbd61e2b848c7db2503937f4a9a086e5b9ecfe781d95f40fc94c4ddc8f3,08/14/2025 04:00:00 PM,1,DRIVER,,2029047,,MAZDA,MAZDA3,IL,2025,NONE,PASSENGER,PERSONAL,W,STRAIGHT AHEAD,,,1,,,,,Y,,,,,,,,,,,Y,,FRONT,,,,,,,,,,,,,,,,,,,,,,,,,,,,,,,,,
2128432,dfbbae7e32170feff611ecde2ba5e90eb8d4062e7ccb4e573e509aed81dfa627369f1cbd61e2b848c7db2503937f4a9a086e5b9ecfe781d95f40fc94c4ddc8f3,08/14/2025 04:00:00 PM,2,DRIVER,,2029041,,HONDA,CIVIC,IL,2001,NONE,PASSENGER,PERSONAL,S,STRAIGHT AHEAD,,,1,,,,,Y,,,,,,,,,,Y,Y,,FRONT,,,,,,,,,,,,,,,,,,,,,,,,,,,,,,,,,
2128899,eead37e8032e30feb8b12c588d9a8596e4dd207a98601e6fd7ba346321d9c8c8565eb9a1fb419a80d08a24b69e38d3678dfd289c075d3660a83e0bf43560c7d8,08/14/2025 04:00:00 PM,1,DRIVER,,2029467,,UNKNOWN,OTHER (EXPLAIN IN NARRATIVE),,,UNKNOWN,UNKNOWN/NA,UNKNOWN/NA,UNKNOWN,UNKNOWN/NA,,,1,,,,,,,,,,,,,,,,,Y,UNKNOWN,,,,,,,,,,,,,,,,,,,,,,,,,,,,,,,,,
2128900,eead37e8032e30feb8b12c588d9a8596e4dd207a98601e6fd7ba346321d9c8c8565eb9a1fb419a80d08a24b69e38d3678dfd289c075d3660a83e0bf43560c7d8,08/14/2025 04:00:00 PM,2,PARKED,,2029476,,TOYOTA,RAV4,IL,2019,NONE,PASSENGER,TAXI/FOR HIRE,E,PARKED,,,0,,,,,,,,,,,,,,,Y,,,FRONT-LEFT-CORNER,,,,,,,,,,,,,,,,,,,,,,,,,,,,,,,,,
2137926,aa6c51d512f900e6c031d3a9c42597cafa77e05472aa4b21d78a8d571ccd21eec91e6658fdeee0091535afa55deaad23ae9387849b75287ecbcf5aa78336fae8,08/14/2025 03:56:00 PM,1,DRIVER,5,2038029,,CHRYSLER,TOWN & COUNTRY,IL,2016,NONE,VAN/MINI-VAN,PERSONAL,S,SLOW/STOP IN TRAFFIC,Y,,6,,DCT,,,,,,,,,,Y,Y,Y,Y,,,SIDE-LEFT,,,,,,,,,,,,,,,,,,,,,,,,,,,,,,,,,
2137927,aa6c51d512f900e6c031d3a9c42597cafa77e05472aa4b21d78a8d571ccd21eec91e6658fdeee0091535afa55deaad23ae9387849b75287ecbcf5aa78336fae8,08/14/2025 03:56:00 PM,2,DRIVER,2,2038030,,CHEVROLET,MALIBU,IL,2023,NONE,PASSENGER,PERSONAL,W,STRAIGHT AHEAD,Y,,3,,,,,,,,,,,,,,,,Y,,FRONT,,,,,,,,,,,,,,,,,,,,,,,,,,,,,,,,,
2128993,c981438422e8352b2a5322b42195417eef4c6c1c3c349065a51c080c30d6229c5e186b04ed9f2bad64a5774706c133ec9e5b511fe26c3feac1c89a2d9ab58e8c,08/14/2025 03:55:00 PM,1,DRIVER,,2029558,,TOYOTA,COROLLA,IL,2025,UNKNOWN,PASSENGER,UNKNOWN/NA,E,STRAIGHT AHEAD,,,1,,,,,Y,Y,Y,Y,Y,,,,,,,,,SIDE-RIGHT,,,,,,,,,,,,,,,,,,,,,,,,,,,,,,,,,
2128994,c981438422e8352b2a5322b42195417eef4c6c1c3c349065a51c080c30d6229c5e186b04ed9f2bad64a5774706c133ec9e5b511fe26c3feac1c89a2d9ab58e8c,08/14/2025 03:55:00 PM,2,PARKED,,2029563,,FORD,EXPEDITION,IL,2025,UNKNOWN,SPORT UTILITY VEHICLE (SUV),UNKNOWN/NA,E,PARKED,,,0,,,,,,,,,,,Y,Y,Y,,,,,SIDE-LEFT,,,,,,,,,,,,,,,,,,,,,,,,,,,,,,,,,
2128477,1d93c21948f662eac97d902f0732f3229b92a5a9f301c22571dd98f1076d20b26540b4671138151cbf80c7e7e788b7555ac1b9995709b7dde425bac550c057e1,08/14/2025 03:47:00 PM,1,DRIVER,,2029061,,INFINITI,QX60,IL,2014,UNKNOWN,PASSENGER,PERSONAL,S,STRAIGHT AHEAD,,,1,,,,,Y,,,,,,,,,,Y,Y,,FRONT,,,,,,,,,,,,,,,,,,,,,,,,,,,,,,,,,