CRASH_UNIT_ID,CRASH_RECORD_ID,CRASH_DATE,UNIT_NO,UNIT_TYPE,NUM_PASSENGERS,VEHICLE_ID,CMRC_VEH_I,MAKE,MODEL,LIC_PLATE_STATE,VEHICLE_YEAR,VEHICLE_DEFECT,VEHICLE_TYPE,VEHICLE_USE,TRAVEL_DIRECTION,MANEUVER,TOWED_I,FIRE_I,OCCUPANT_CNT,EXCEED_SPEED_LIMIT_I,TOWED_BY,TOWED_TO,AREA_00_I,AREA_01_I,AREA_02_I,AREA_03_I,AREA_04_I,AREA_05_I,AREA_06_I,AREA_07_I,AREA_08_I,AREA_09_I,AREA_10_I,AREA_11_I,AREA_12_I,AREA_99_I,FIRST_CONTACT_POINT,CMV_ID,USDOT_NO,CCMC_NO,ILCC_NO,COMMERCIAL_SRC,GVWR,CARRIER_NAME,CARRIER_STATE,CARRIER_CITY,HAZMAT_PLACARDS_I,HAZMAT_NAME,UN_NO,HAZMAT_PRESENT_I,HAZMAT_REPORT_I,HAZMAT_REPORT_NO,MCS_REPORT_I,MCS_REPORT_NO,HAZMAT_VIO_CAUSE_CRASH_I,MCS_VIO_CAUSE_CRASH_I,IDOT_PERMIT_NO,WIDE_LOAD_I,TRAILER1_WIDTH,TRAILER2_WIDTH,TRAILER1_LENGTH,TRAILER2_LENGTH,TOTAL_VEHICLE_LENGTH,AXLE_CNT,VEHICLE_CONFIG,CARGO_BODY_TYPE,LOAD_TYPE,HAZMAT_OUT_OF_SERVICE_I,MCS_OUT_OF_SERVICE_I,HAZMAT_CLASS
2128478,1d93c21948f662eac97d902f0732f3229b92a5a9f301c22571dd98f1076d20b26540b4671138151cbf80c7e7e788b7555ac1b9995709b7dde425bac550c057e1,08/14/2025 03:47:00 PM,2,DRIVER,,2029068,,FORD,FUSION,IL,2020,NONE,PASSENGER,PERSONAL,W,STRAIGHT AHEAD,Y,,1,,,,,,,Y,Y,Y,,,,,,,,,REAR-RIGHT-CORNER,,,,,,,,,,,,,,,,,,,,,,,,,,,,,,,,,
2128727,4f5a67dc26538453ba0f2609dbabbd9975aec7f7263ad20fba29f274973e9ae33600f0fd50eba56dd3f66407491132e0379cf8dd93117d2c71e7fc0017a97496,08/14/2025 03:47:00 PM,1,DRIVER,,2029317,,KTM,KTM,IL,2019,NONE,MOTORCYCLE (OVER 150CC),PERSONAL,E,STRAIGHT AHEAD,,,1,,,,,,,Y,Y,Y,,,,,,,,,FRONT-LEFT-CORNER,,,,,,,,,,,,,,,,,,,,,,,,,,,,,,,,,
2128728,4f5a67dc26538453ba0f2609dbabbd9975aec7f7263ad20fba29f274973e9ae33600f0fd50eba56dd3f66407491132e0379cf8dd93117d2c71e7fc0017a97496,08/14/2025 03:47:00 PM,2,DRIVER,,2029332,,MERCEDES-BENZ,OTHER (EXPLAIN IN NARRATIVE),,2022,NONE,PASSENGER,PERSONAL,E,TURNING RIGHT,,,1,,,,Y,,,,,,,,,,,,,,FRONT-RIGHT-CORNER,,,,,,,,,,,,,,,,,,,,,,,,,,,,,,,,,
2128449,f31f1156b93d2f8106bbe325fab83e847ad5ba661daa4bdd3692324740b3914cdafc7a0a3ce9edb3a72231928bc7d54472f9ebff8b5867c16e3075132455bdd8,08/14/2025 03:45:00 PM,1,DRIVER,,2029037,,NISSAN,ALTIMA,IL,2023,UNKNOWN,PASSENGER,UNKNOWN/NA,W,TURNING RIGHT,,,1,,,,,,,N,,,,,,,,Y,Y,,UNKNOWN,,,,,,,,,,,,,,,,,,,,,,,,,,,,,,,,,
2128450,f31f1156b93d2f8106bbe325fab83e847ad5ba661daa4bdd3692324740b3914cdafc7a0a3ce9edb3a72231928bc7d54472f9ebff8b5867c16e3075132455bdd8,08/14/2025 03:45:00 PM,2,DRIVER,,2029044,,MITSUBISHI,OUTLANDER,IL,2016,UNKNOWN,SPORT UTILITY VEHICLE (SUV),UNKNOWN/NA,W,TURNING RIGHT,,,1,,,,,,,Y,,,,,,,,,,,SIDE-RIGHT,,,,,,,,,,,,,,,,,,,,,,,,,,,,,,,,,
2129763,647e1a62c324e0b02a2a14c63b52feabaee84325c499b746e8300fd4dbde98bb6b198a288ed0d3e0eea9e11fbaaa9955c9e8f3e2ed43bfe57208546c2797ad4f,08/14/2025 03:40:00 PM,1,DRIVER,,2030279,,FORD,BRONCO / BRONCO II,MI,2025,UNKNOWN,PASSENGER,PERSONAL,UNKNOWN,BACKING,,,1,,,,,,,,,,Y,Y,,,,,,,REAR,,,,,,,,,,,,,,,,,,,,,,,,,,,,,,,,,
2129764,647e1a62c324e0b02a2a14c63b52feabaee84325c499b746e8300fd4dbde98bb6b198a288ed0d3e0eea9e11fbaaa9955c9e8f3e2ed43bfe57208546c2797ad4f,08/14/2025 03:40:00 PM,2,PARKED,,2030287,,DODGE,JOURNEY,IL,2019,UNKNOWN,PASSENGER,PERSONAL,UNKNOWN,PARKED,,,0,,,,,,,,,Y,Y,Y,,,,,,,REAR,,,,,,,,,,,,,,,,,,,,,,,,,,,,,,,,,
2128584,716f7c0f47d599cb7767f06c7c6e33b459f548ac6298228259908cfd4b9fdf82bea4b5d52eaa337f226e2111b16bf751df6488f4ff2fb08d3ff8f6e8eff042ab,08/14/2025 03:40:00 PM,1,DRIVER,,2029189,,TOYOTA,CAMRY,IL,2024,UNKNOWN,PASSENGER,PERSONAL,S,BACKING,,,1,,,,,,,,,Y,,,,,,,,,REAR-RIGHT-CORNER,,,,,,,,,,,,,,,,,,,,,,,,,,,,,,,,,
2136427,b87241432ec6515153e4853d384c7cf3bcabc3c98835e6d9de6cb31bf54ae3e9159ff1bdf3a88add71df0fe3c0693de82d87530575d81588a2a2d23203fabd4b,08/14/2025 03:40:00 PM,1,DRIVER,,2036613,,TOYOTA,COROLLA,IL,2018,NONE,PASSENGER,TAXI/FOR HIRE,S,SLOW/STOP IN TRAFFIC,,,1,,,,Y,,,,,,,,,,,,,,NONE,,,,,,,,,,,,,,,,,,,,,,,,,,,,,,,,,
2136428,b87241432ec6515153e4853d384c7cf3bcabc3c98835e6d9de6cb31bf54ae3e9159ff1bdf3a88add71df0fe3c0693de82d87530575d81588a2a2d23203fabd4b,08/14/2025 03:40:00 PM,2,DRIVER,,2036614,,LEXUS,RX350,IL,2013,NONE,PASSENGER,PERSONAL,S,STARTING IN TRAFFIC,,,1,,,,,,,,,,Y,,,,,,,,REAR,,,,,,,,,,,,,,,,,,,,,,,,,,,,,,,,,
2128429,3338494a091e66c636177cf3e9ea3b0a842128cc0d1fdf497720809c543878b623474576641217b6f8dfeb4c855f731c466d6362165b6d560eba0d5bde9631f9,08/14/2025 03:39:00 PM,1,DRIVER,,2029021,,CHEVROLET,OTHER (EXPLAIN IN NARRATIVE),IL,,UNKNOWN,PASSENGER,PERSONAL,W,STRAIGHT AHEAD,,,1,,,,,,,,,,,,,,,,,Y,FRONT,,,,,,,,,,,,,,,,,,,,,,,,,,,,,,,,,
2128430,3338494a091e66c636177cf3e9ea3b0a842128cc0d1fdf497720809c543878b623474576641217b6f8dfeb4c855f731c466d6362165b6d560eba0d5bde9631f9,08/14/2025 03:39:00 PM,2,DRIVER,1,2029028,,NISSAN,SENTRA,IL,2023,NONE,PASSENGER,PERSONAL,W,STRAIGHT AHEAD,,,2,,,,,,,,,,,,,,Y,Y,,,FRONT-LEFT-CORNER,,,,,,,,,,,,,,,,,,,,,,,,,,,,,,,,,
2128475,6d0c0d2c27c06a752b362fd836fc29dd890b446e43ea3d4703afe4ce533b7c0aa196e0bfc304988ebd4e6973dc104f316bbf660bd216ab5d70fa810623ff82fa,08/14/2025 03:39:00 PM,1,DRIVER,,2029056,,NISSAN,VERSA,IL,2011,NONE,PASSENGER,PERSONAL,E,TURNING LEFT,Y,,1,,drivers choice,drivers mechanic,,Y,,,,,,,,,,Y,Y,,FRONT,,,,,,,,,,,,,,,,,,,,,,,,,,,,,,,,,
2128476,6d0c0d2c27c06a752b362fd836fc29dd890b446e43ea3d4703afe4ce533b7c0aa196e0bfc304988ebd4e6973dc104f316bbf660bd216ab5d70fa810623ff82fa,08/14/2025 03:39:00 PM,2,DRIVER,1,2029070,,CHEVROLET,SILVERADO,IL,2009,NONE,PICKUP,PERSONAL,N,STRAIGHT AHEAD,,,2,,,,,,,,,,,,Y,Y,Y,,,,SIDE-LEFT,,,,,,,,,,,,,,,,,,,,,,,,,,,,,,,,,
2130809,9143a2381ced9a1aa18c0f2ce354863bb8f2dbd15f31c52686e39019e6b91bd2bb0ce8282bb244ce3e19c5fbb3941b3584b57542fef36150930dd1496586db5d,08/14/2025 03:37:00 PM,1,DRIVER,,2031267,,UNKNOWN,MOTORIZED,XX,,UNKNOWN,UNKNOWN/NA,UNKNOWN/NA,UNKNOWN,UNKNOWN/NA,,,1,,,,,,,,,,,,,,,,,Y,UNKNOWN,,,,,,,,,,,,,,,,,,,,,,,,,,,,,,,,,
2130810,9143a2381ced9a1aa18c0f2ce354863bb8f2dbd15f31c52686e39019e6b91bd2bb0ce8282bb244ce3e19c5fbb3941b3584b57542fef36150930dd1496586db5d,08/14/2025 03:37:00 PM,2,PARKED,,2031261,,TOYOTA,COROLLA,IL,2016,NONE,PASSENGER,PERSONAL,N,PARKED,,,0,,,,,,,,,,,Y,Y,Y,Y,,,,SIDE-LEFT,,,,,,,,,,,,,,,,,,,,,,,,,,,,,,,,,
2128723,46048db608aa27c7faeeddc18130892db4c210dedd28bd9f0f1f91cbc3b108e81625a3516ee170cdb8e86993df7f7423434a26ce1b7ca4da45a4fd1c9478c3cf,08/14/2025 03:35:00 PM,1,DRIVER,,2029309,,TOYOTA,COROLLA,IL,2022,UNKNOWN,PASSENGER,OTHER,E,PASSING/OVERTAKING,,,1,,,,,Y,Y,Y,Y,Y,,,,,,,,,SIDE-RIGHT,,,,,,,,,,,,,,,,,,,,,,,,,,,,,,,,,
2128724,46048db608aa27c7faeeddc18130892db4c210dedd28bd9f0f1f91cbc3b108e81625a3516ee170cdb8e86993df7f7423434a26ce1b7ca4da45a4fd1c9478c3cf,08/14/2025 03:35:00 PM,2,PARKED,2,2029315,,TOYOTA,SIENNA,IL,2025,NONE,PASSENGER,OTHER,E,PARKED,,,2,,,,,,,,,,,Y,Y,Y,Y,Y,,,SIDE-LEFT,,,,,,,,,,,,,,,,,,,,,,,,,,,,,,,,,
2128719,1e00c5911b63712bdbfdb1357567a924fcc9099fa5f99f70279634c23c0fd857f13a46c58c6dc9f1d39024b73bdce42f30bba17d09438810ab077534a938d796,08/14/2025 03:33:00 PM,1,DRIVER,,2029297,,NISSAN,ROGUE,CA,2019,NONE,SPORT UTILITY VEHICLE (SUV),PERSONAL,S,PASSING/OVERTAKING,Y,,1,,,,,Y,Y,,,,,,,,,,,,FRONT-RIGHT-CORNER,,,,,,,,,,,,,,,,,,,,,,,,,,,,,,,,,
2128720,1e00c5911b63712bdbfdb1357567a924fcc9099fa5f99f70279634c23c0fd857f13a46c58c6dc9f1d39024b73bdce42f30bba17d09438810ab077534a938d796,08/14/2025 03:33:00 PM,2,DRIVER,,2029300,,LINCOLN,OTHER (EXPLAIN IN NARRATIVE),IL,2020,NONE,PASSENGER,PERSONAL,S,STARTING IN TRAFFIC,,,1,,,,,,,,,,,,,Y,Y,Y,,,SIDE-LEFT,,,,,,,,,,,,,,,,,,,,,,,,,,,,,,,,,
2128500,cf5ac2ac0f567708fdb90fe2cafba37ea7c2981cc4ce67b49273cffa2c1af9946ed6a03899d6ae42ff056f072e1da6b5dbbeff0df34853f299a8ed68e0b54277,08/14/2025 03:31:00 PM,1,DRIVER,,2029168,,HONDA,CR-V,IL,2005,UNKNOWN,SPORT UTILITY VEHICLE (SUV),PERSONAL,E,TURNING LEFT,Y,,1,,private,UNK,,,Y,Y,Y,,,,,,,,,N,SIDE-LEFT,,,,,,,,,,,,,,,,,,,,,,,,,,,,,,,,,
2128501,cf5ac2ac0f567708fdb90fe2cafba37ea7c2981cc4ce67b49273cffa2c1af9946ed6a03899d6ae42ff056f072e1da6b5dbbeff0df34853f299a8ed68e0b54277,08/14/2025 03:31:00 PM,2,DRIVER,1,2029086,,JEEP,CHEROKEE,IL,2015,UNKNOWN,SPORT UTILITY VEHICLE (SUV),PERSONAL,W,STRAIGHT AHEAD,,,2,,,,,Y,,,,,,,,,,Y,Y,,FRONT-LEFT-CORNER,,,,,,,,,,,,,,,,,,,,,,,,,,,,,,,,,
2132030,28eba37d6625cae09d68877c6d55a09b664afa3366b1fcacad7a36785ae00fa7c5b5982f36bde3045f8aa28921b1aa3c09e5e6408834ba239c1fed17cd89b58e,08/14/2025 03:30:00 PM,1,DRIVER,,2032392,,HYUNDAI,VENUE,IL,2025,UNKNOWN,SPORT UTILITY VEHICLE (SUV),UNKNOWN/NA,N,STRAIGHT AHEAD,,,1,,,,,,,,,,,,,,,,,Y,UNKNOWN,,,,,,,,,,,,,,,,,,,,,,,,,,,,,,,,,
2132031,28eba37d6625cae09d68877c6d55a09b664afa3366b1fcacad7a36785ae00fa7c5b5982f36bde3045f8aa28921b1aa3c09e5e6408834ba239c1fed17cd89b58e,08/14/2025 03:30:00 PM,2,DRIVER,,2032403,,CHEVROLET,EQUINOX,IL,2014,UNKNOWN,SPORT UTILITY VEHICLE (SUV),PERSONAL,N,STRAIGHT AHEAD,,,1,,,,,,,,,,Y,,,,,,,,REAR,,,,,,,,,,,,,,,,,,,,,,,,,,,,,,,,,
2128497,370e126eb365e1418d61e84d6768731ea1bcabaa215835c4681ff990e465f6b0465407ba08ccf0d1dd1cfd78100c6fd5bc469d55544f9513f0a346cfaf95b42f,08/14/2025 03:30:00 PM,1,DRIVER,,2029082,,HONDA,ACCORD,IL,2003,TIRES,PASSENGER,PERSONAL,W,STRAIGHT AHEAD,Y,,1,,SUPER FAST TOWING,8057 S. PRINCETON AVE,,Y,Y,Y,Y,,,,,,,Y,Y,,FRONT,,,,,,,,,,,,,,,,,,,,,,,,,,,,,,,,,
2128602,6a9c1a2f623a3f04cf8288f312b564e5ddaf6aa67b53a2924ca30d764785b1cc2eb0c5670801ea02c5ebce72f87b2d2ad4106f35ef9af4119310b7fb4bc0f8b9,08/14/2025 03:30:00 PM,1,PARKED,,2029179,,TOYOTA,SIENNA,IL,2025,OTHER,UNKNOWN/NA,UNKNOWN/NA,E,PARKED IN TRAFFIC LANE,,,0,,,,,,,,,,,Y,Y,Y,Y,Y,,,SIDE-LEFT,,,,,,,,,,,,,,,,,,,,,,,,,,,,,,,,,
2128603,6a9c1a2f623a3f04cf8288f312b564e5ddaf6aa67b53a2924ca30d764785b1cc2eb0c5670801ea02c5ebce72f87b2d2ad4106f35ef9af4119310b7fb4bc0f8b9,08/14/2025 03:30:00 PM,2,DRIVER,1,2029186,,TOYOTA,COROLLA,IL,2022,NONE,PASSENGER,OTHER,E,STRAIGHT AHEAD,,,2,,,,Y,,,,,,,,,,,,,,SIDE-RIGHT-FRONT,,,,,,,,,,,,,,,,,,,,,,,,,,,,,,,,,
2133985,7f92db972fe5ecbc05a8bb42633236a868fe7de8a2b95d9fb7aa8dd137041b714b9669443073bd1f5cf06f1cae3b148a91eaacb3cf7807ccbf8cf9e62ade791e,08/14/2025 03:30:00 PM,1,DRIVER,,2034271,,JEEP,COMPASS,IL,2018,NONE,SPORT UTILITY VEHICLE (SUV),PERSONAL,E,BACKING,,,1,,,,,,,,,,,,,Y,Y,Y,Y,,SIDE-LEFT-FRONT,,,,,,,,,,,,,,,,,,,,,,,,,,,,,,,,,
2133986,7f92db972fe5ecbc05a8bb42633236a868fe7de8a2b95d9fb7aa8dd137041b714b9669443073bd1f5cf06f1cae3b148a91eaacb3cf7807ccbf8cf9e62ade791e,08/14/2025 03:30:00 PM,2,PARKED,,2034274,,CHEVROLET,SILVERADO,IL,2015,NONE,PICKUP,NOT IN USE,W,PARKED,,,0,,,,,,,Y,Y,Y,Y,,,,,,,,SIDE-RIGHT,,,,,,,,,,,,,,,,,,,,,,,,,,,,,,,,,
2131238,a51b61d70bcf124c3abcfcd239a3b36ff043f16ced5a0daa58b9fa15d192e2f4e141a042afad82ed8427fbe1026214b5b219fa31a5af73a47accc32be4343dd9,08/14/2025 03:30:00 PM,1,DRIVER,,2031658,,UNKNOWN,OTHER (EXPLAIN IN NARRATIVE),IL,,UNKNOWN,UNKNOWN/NA,UNKNOWN/NA,UNKNOWN,UNKNOWN/NA,,,1,,,,,,,,,,,,,,,,,,UNKNOWN,,,,,,,,,,,,,,,,,,,,,,,,,,,,,,,,,
2131239,a51b61d70bcf124c3abcfcd239a3b36ff043f16ced5a0daa58b9fa15d192e2f4e141a042afad82ed8427fbe1026214b5b219fa31a5af73a47accc32be4343dd9,08/14/2025 03:30:00 PM,2,PARKED,,2031659,,TOYOTA,COROLLA,IL,2025,NONE,PASSENGER,PERSONAL,UNKNOWN,PARKED,,,0,,,,,,Y,Y,Y,,,,,,,,,,SIDE-RIGHT,,,,,,,,,,,,,,,,,,,,,,,,,,,,,,,,,
2128530,d7f7b2337f2f17b78f32f356a221f2dabfe9dda2dbb8e2233a32ca9ffc775cc9590488b05bc136a463a12d1d504465c9c4e010f47b80941c53e5a7529a2e6229,08/14/2025 03:30:00 PM,1,DRIVER,,2029130,,KIA,SPORTAGE,IL,2020,UNKNOWN,PASSENGER,PERSONAL,S,ENTERING TRAFFIC LANE FROM PARKING,,,1,,,,,,,,,,,,,,,Y,,,FRONT-LEFT-CORNER,,,,,,,,,,,,,,,,,,,,,,,,,,,,,,,,,
2128531,d7f7b2337f2f17b78f32f356a221f2dabfe9dda2dbb8e2233a32ca9ffc775cc9590488b05bc136a463a12d1d504465c9c4e010f47b80941c53e5a7529a2e6229,08/14/2025 03:30:00 PM,2,DRIVER,,2029160,,HYUNDAI,ELANTRA,IL,2009,NONE,PASSENGER,PERSONAL,S,STRAIGHT AHEAD,,,1,,,,,,Y,Y,Y,,,,,,,,,,SIDE-RIGHT,,,,,,,,,,,,,,,,,,,,,,,,,,,,,,,,,
2128515,399641ec47e03a92e29a01e131dafa320ee970482c686ea952d0cf8edf5d2a3fb894963c203b91e928bea04ccec78e168f92f10274b690bb1d5bc6135b8916ae,08/14/2025 03:27:00 PM,1,DRIVER,,2029092,,FORD,OTHER (EXPLAIN IN NARRATIVE),IL,2014,UNKNOWN,PASSENGER,UNKNOWN/NA,W,TURNING RIGHT,,,1,,,,,,,,,,,,,,,Y,,,FRONT-LEFT-CORNER,,,,,,,,,,,,,,,,,,,,,,,,,,,,,,,,,
2128516,399641ec47e03a92e29a01e131dafa320ee970482c686ea952d0cf8edf5d2a3fb894963c203b91e928bea04ccec78e168f92f10274b690bb1d5bc6135b8916ae,08/14/2025 03:27:00 PM,2,DRIVER,,2029098,,TOYOTA,VENZA,IL,2022,NONE,PASSENGER,OTHER,N,STRAIGHT AHEAD,,,1,,,,,Y,,,,,,,,,,,,,FRONT-RIGHT-CORNER,,,,,,,,,,,,,,,,,,,,,,,,,,,,,,,,,
2128909,b66cd565378c70b9521fae28c827f729daf48a8baa7bdf622f890b19496b96df51056088d198ef0cad47351c1dcc034a3888ec36a937593c90c9e56e02b88f9d,08/14/2025 03:27:00 PM,1,DRIVER,,2029477,,TOYOTA,OTHER (EXPLAIN IN NARRATIVE),IL,,NONE,PASSENGER,TAXI/FOR HIRE,W,ENTERING TRAFFIC LANE FROM PARKING,,,1,,,,,,,,,,,,,,,,,Y,FRONT-LEFT-CORNER,,,,,,,,,,,,,,,,,,,,,,,,,,,,,,,,,
2128910,b66cd565378c70b9521fae28c827f729daf48a8baa7bdf622f890b19496b96df51056088d198ef0cad47351c1dcc034a3888ec36a937593c90c9e56e02b88f9d,08/14/2025 03:27:00 PM,2,DRIVER,,2029479,,TOYOTA,RAV4,IL,2023,NONE,SPORT UTILITY VEHICLE (SUV),TAXI/FOR HIRE,W,STRAIGHT AHEAD,,,1,,,,,,Y,Y,Y,,,,,,,,,,SIDE-RIGHT,,,,,,,,,,,,,,,,,,,,,,,,,,,,,,,,,
2129907,9378234e5f57f6fd9638ab59f20d2d9ae05d781ee03d894b144dee39c7f3c6b424e83c69314098eb1c02c9535d31bf86de51d9ac38da6d22b98fe39dcfea2e8e,08/14/2025 03:25:00 PM,1,DRIVER,,2030413,,UNKNOWN,MOTORIZED,IL,,UNKNOWN,UNKNOWN/NA,UNKNOWN/NA,UNKNOWN,UNKNOWN/NA,,,1,,,,,,,,,,,,,,,,,Y,UNKNOWN,,,,,,,,,,,,,,,,,,,,,,,,,,,,,,,,,
2129908,9378234e5f57f6fd9638ab59f20d2d9ae05d781ee03d894b144dee39c7f3c6b424e83c69314098eb1c02c9535d31bf86de51d9ac38da6d22b98fe39dcfea2e8e,08/14/2025 03:25:00 PM,2,PARKED,,2030416,,CHEVROLET,EQUINOX,IL,2020,UNKNOWN,SPORT UTILITY VEHICLE (SUV),PERSONAL,UNKNOWN,PARKED,,,0,,,,,,,,,,,Y,Y,Y,Y,Y,,,SIDE-LEFT,,,,,,,,,,,,,,,,,,,,,,,,,,,,,,,,,
2128441,ad3d81d96c847f2ebbe81f77a527c8a71a947d3d3dcd613617cfd3893c0ee3a6d365475713a00ebde23a0fef76ed020f5538213b800a228d2587cf07e7ddf423,08/14/2025 03:20:00 PM,1,DRIVER,,2029031,,HONDA,CR-V,IL,2014,UNKNOWN,SPORT UTILITY VEHICLE (SUV),PERSONAL,W,STRAIGHT AHEAD,,,1,,,,,Y,,,,,,,,,,,,,FRONT-RIGHT-CORNER,,,,,,,,,,,,,,,,,,,,,,,,,,,,,,,,,
2128442,ad3d81d96c847f2ebbe81f77a527c8a71a947d3d3dcd613617cfd3893c0ee3a6d365475713a00ebde23a0fef76ed020f5538213b800a228d2587cf07e7ddf423,08/14/2025 03:20:00 PM,2,PARKED,,2029035,,TESLA,MODEL 3,IL,2025,NONE,SPORT UTILITY VEHICLE (SUV),PERSONAL,W,PARKED,,,0,,,,,,,,,,,,,,,Y,,,FRONT-LEFT-CORNER,,,,,,,,,,,,,,,,,,,,,,,,,,,,,,,,,
2128433,e44d8c0ff5b6f6ff4af30bf144f93b7ad3434c41aa12ac5f216d241fdbbef424d7315b2113a4184b3e212db1d8216e88fed89f5956699af875750c4340cd11ce,08/14/2025 03:20:00 PM,1,DRIVER,,2029029,,CHEVROLET,TRAX,IL,2016,UNKNOWN,SPORT UTILITY VEHICLE (SUV),PERSONAL,S,STARTING IN TRAFFIC,,,1,,,,,,,,,,,,,,,Y,,,FRONT-LEFT-CORNER,,,,,,,,,,,,,,,,,,,,,,,,,,,,,,,,,
2128434,e44d8c0ff5b6f6ff4af30bf144f93b7ad3434c41aa12ac5f216d241fdbbef424d7315b2113a4184b3e212db1d8216e88fed89f5956699af875750c4340cd11ce,08/14/2025 03:20:00 PM,2,DRIVER,,2029036,,DODGE,CARAVAN,IL,2011,UNKNOWN,VAN/MINI-VAN,UNKNOWN/NA,S,STRAIGHT AHEAD,,,1,,,,,,,,,,,,,,,,,,SIDE-RIGHT,,,,,,,,,,,,,,,,,,,,,,,,,,,,,,,,,
2128585,f21e3b09cf3e6b24ab0f6d001d77800227365e53f36d9ded81dc558fce7e17c64c59fdae887c18d846dda74402afc6b33a3bd5e2d5e9f1ab9c4f0fb5c5fe92f1,08/14/2025 03:15:00 PM,1,DRIVER,,2029158,,UNKNOWN,OTHER (EXPLAIN IN NARRATIVE),,,UNKNOWN,UNKNOWN/NA,UNKNOWN/NA,N,STRAIGHT AHEAD,,,1,,,,,,,,,,,,,,,,,Y,UNKNOWN,,,,,,,,,,,,,,,,,,,,,,,,,,,,,,,,,
2128586,f21e3b09cf3e6b24ab0f6d001d77800227365e53f36d9ded81dc558fce7e17c64c59fdae887c18d846dda74402afc6b33a3bd5e2d5e9f1ab9c4f0fb5c5fe92f1,08/14/2025 03:15:00 PM,2,DRIVER,1,2029163,,CHEVROLET,CRUZE,IL,2012,UNKNOWN,PASSENGER,PERSONAL,E,STRAIGHT AHEAD,,,2,,,,,,Y,Y,Y,,,,,,,,,,SIDE-RIGHT,,,,,,,,,,,,,,,,,,,,,,,,,,,,,,,,,
2128467,5da861ab0ae3467499ef8ea2dace834721e87474e15fb7b08ec1b975bbbc1a540188674fc18b59a2a971caec00945486fc5f3d39af2701f96554941524ad145d,08/14/2025 03:13:00 PM,1,DRIVER,,2029065,,HONDA,OTHER (EXPLAIN IN NARRATIVE),,,UNKNOWN,PASSENGER,PERSONAL,UNKNOWN,UNKNOWN/NA,,,1,,,,,,,,,,,,,,,,,Y,UNKNOWN,,,,,,,,,,,,,,,,,,,,,,,,,,,,,,,,,
2128468,5da861ab0ae3467499ef8ea2dace834721e87474e15fb7b08ec1b975bbbc1a540188674fc18b59a2a971caec00945486fc5f3d39af2701f96554941524ad145d,08/14/2025 03:13:00 PM,2,PARKED,,2029096,,TESLA,MODEL Y,IL,2026,NONE,SPORT UTILITY VEHICLE (SUV),NOT IN USE,UNKNOWN,PARKED,,,0,,,,,Y,,,,,,,,,,,,,FRONT-RIGHT-CORNER,,,,,,,,,,,,,,,,,,,,,,,,,,,,,,,,,
2128415,771cbb68ff5d1e41265271556ad0b5c827886820b27d4949b6cdf38e3d899f3eab71042622d8052a92cc46b354c68638becebdbd0053e611f5699466c2eae748,08/14/2025 03:13:00 PM,1,DRIVER,,2029013,,TOYOTA,YARIS,IL,2007,UNKNOWN,PASSENGER,PERSONAL,N,BACKING,,,1,,,,,,,,Y,Y,,,,,,,,,REAR-RIGHT-CORNER,,,,,,,,,,,,,,,,,,,,,,,,,,,,,,,,,
2128416,771cbb68ff5d1e41265271556ad0b5c827886820b27d4949b6cdf38e3d899f3eab71042622d8052a92cc46b354c68638becebdbd0053e611f5699466c2eae748,08/14/2025 03:13:00 PM,2,DRIVER,1,2029024,,TOYOTA,COROLLA,IL,2014,UNKNOWN,PASSENGER,PERSONAL,S,LEAVING TRAFFIC LANE TO PARK,,,2,,,,,,,,,,,,,,Y,Y,Y,,FRONT-LEFT-CORNER,,,,,,,,,,,,,,,,,,,,,,,,,,,,,,,,,
2129002,ecffcf03693b6fb812e7c8a2549b7c5d2e511cfccad624ea21de97ae941513f3041f982b5729fe2ecb24b09d1f17413df3c90bea0525939d6e576bef4ee1a02e,08/14/2025 03:13:00 PM,1,DRIVER,,2029568,,CHEVROLET,TRAX,IL,2016,UNKNOWN,UNKNOWN/NA,UNKNOWN/NA,S,ENTERING TRAFFIC LANE FROM PARKING,,,1,,,,,,,,,,,,,Y,Y,Y,Y,,FRONT-LEFT-CORNER,,,,,,,,,,,,,,,,,,,,,,,,,,,,,,,,,
2129003,ecffcf03693b6fb812e7c8a2549b7c5d2e511cfccad624ea21de97ae941513f3041f982b5729fe2ecb24b09d1f17413df3c90bea0525939d6e576bef4ee1a02e,08/14/2025 03:13:00 PM,2,DRIVER,2,2029569,,DODGE,JOURNEY,IL,2011,NONE,SPORT UTILITY VEHICLE (SUV),PERSONAL,S,TURNING RIGHT,,,3,,,,,N,Y,Y,Y,Y,,,,,,,,,SIDE-RIGHT,,,,,,,,,,,,,,,,,,,,,,,,,,,,,,,,,
2128631,02f2db004a533b4a2d4aa2760756b9d62a9e6b79241b5335c49f0ee23ac2614edff5bed5f1c5eabf4e83cfab2bdccc90cc871ade9d1cf558920cbc36ca14ed75,08/14/2025 03:12:00 PM,1,DRIVER,,2029208,,FORD,ESCAPE,IL,2015,NONE,PASSENGER,PERSONAL,N,STRAIGHT AHEAD,,,1,,,,,Y,,,,,,,,,Y,Y,Y,,FRONT,,,,,,,,,,,,,,,,,,,,,,,,,,,,,,,,,