CRASH_UNIT_ID,CRASH_RECORD_ID,CRASH_DATE,UNIT_NO,UNIT_TYPE,NUM_PASSENGERS,VEHICLE_ID,CMRC_VEH_I,MAKE,MODEL,LIC_PLATE_STATE,VEHICLE_YEAR,VEHICLE_DEFECT,VEHICLE_TYPE,VEHICLE_USE,TRAVEL_DIRECTION,MANEUVER,TOWED_I,FIRE_I,OCCUPANT_CNT,EXCEED_SPEED_LIMIT_I,TOWED_BY,TOWED_TO,AREA_00_I,AREA_01_I,AREA_02_I,AREA_03_I,AREA_04_I,AREA_05_I,AREA_06_I,AREA_07_I,AREA_08_I,AREA_09_I,AREA_10_I,AREA_11_I,AREA_12_I,AREA_99_I,FIRST_CONTACT_POINT,CMV_ID,USDOT_NO,CCMC_NO,ILCC_NO,COMMERCIAL_SRC,GVWR,CARRIER_NAME,CARRIER_STATE,CARRIER_CITY,HAZMAT_PLACARDS_I,HAZMAT_NAME,UN_NO,HAZMAT_PRESENT_I,HAZMAT_REPORT_I,HAZMAT_REPORT_NO,MCS_REPORT_I,MCS_REPORT_NO,HAZMAT_VIO_CAUSE_CRASH_I,MCS_VIO_CAUSE_CRASH_I,IDOT_PERMIT_NO,WIDE_LOAD_I,TRAILER1_WIDTH,TRAILER2_WIDTH,TRAILER1_LENGTH,TRAILER2_LENGTH,TOTAL_VEHICLE_LENGTH,AXLE_CNT,VEHICLE_CONFIG,CARGO_BODY_TYPE,LOAD_TYPE,HAZMAT_OUT_OF_SERVICE_I,MCS_OUT_OF_SERVICE_I,HAZMAT_CLASS
2128632,02f2db004a533b4a2d4aa2760756b9d62a9e6b79241b5335c49f0ee23ac2614edff5bed5f1c5eabf4e83cfab2bdccc90cc871ade9d1cf558920cbc36ca14ed75,08/14/2025 03:12:00 PM,2,DRIVER,,2029223,,CHEVROLET,CRUZE,IL,2011,NONE,PASSENGER,PERSONAL,W,STRAIGHT AHEAD,,,1,,,,,,,,,,,,,Y,Y,Y,,,SIDE-LEFT,,,,,,,,,,,,,,,,,,,,,,,,,,,,,,,,,
2128395,8503d9d1e172fe408b84590b2ec78aed5450dda305a70623eaabbe9b2a7206f31a31f2658aca424035a8bc0ce0616fc6b56d89968dfa0e130a7ae40dd59c0ee7,08/14/2025 03:02:00 PM,1,DRIVER,,2028986,,TOYOTA,COROLLA,IL,2019,NONE,PASSENGER,PERSONAL,E,STRAIGHT AHEAD,,,1,,,,,Y,Y,Y,,,,,,,,,Y,,FRONT-RIGHT-CORNER,,,,,,,,,,,,,,,,,,,,,,,,,,,,,,,,,
2128396,8503d9d1e172fe408b84590b2ec78aed5450dda305a70623eaabbe9b2a7206f31a31f2658aca424035a8bc0ce0616fc6b56d89968dfa0e130a7ae40dd59c0ee7,08/14/2025 03:02:00 PM,2,DRIVER,,2028990,,TOYOTA,HIGHLANDER,IL,2017,NONE,SPORT UTILITY VEHICLE (SUV),PERSONAL,N,STRAIGHT AHEAD,,,1,,,,,,,,,,,Y,Y,Y,Y,,,,SIDE-LEFT-FRONT,,,,,,,,,,,,,,,,,,,,,,,,,,,,,,,,,
2128455,5c4685228613cf6373d8c3af2bf9fd21c61908f93262776e2fd6d1856595664978d7706bd625a71d5ce593461122218304b7d960b51d47a968dba85dd2dcf754,08/14/2025 03:00:00 PM,1,DRIVER,,2029043,,JEEP,GLADIATOR,IL,2011,UNKNOWN,SPORT UTILITY VEHICLE (SUV),UNKNOWN/NA,S,SLOW/STOP IN TRAFFIC,,,1,,,,,Y,,,,,,,,,,Y,Y,,FRONT,,,,,,,,,,,,,,,,,,,,,,,,,,,,,,,,,
2128456,5c4685228613cf6373d8c3af2bf9fd21c61908f93262776e2fd6d1856595664978d7706bd625a71d5ce593461122218304b7d960b51d47a968dba85dd2dcf754,08/14/2025 03:00:00 PM,2,DRIVER,,2029054,,CHEVROLET,VAN,IL,2022,NONE,VAN/MINI-VAN,OTHER,S,SLOW/STOP IN TRAFFIC,,,1,,,,,,,,,Y,Y,Y,,,,,,,REAR,,,,,,,,,,,,,,,,,,,,,,,,,,,,,,,,,
2128378,8a69a10cace3d49bc480b9f18d2eff6aef61326c892f283cea875a14bf7b607324999a0f808a35a6b7516713f5b8da34fe3286616647e9c91f7dc47d6d8a40f7,08/14/2025 03:00:00 PM,1,DRIVER,,2028976,,FORD,TAURUS,IL,2011,NONE,PASSENGER,UNKNOWN/NA,W,STRAIGHT AHEAD,,,1,,,,,,,,,,,,,,,,,,UNKNOWN,,,,,,,,,,,,,,,,,,,,,,,,,,,,,,,,,
2128379,8a69a10cace3d49bc480b9f18d2eff6aef61326c892f283cea875a14bf7b607324999a0f808a35a6b7516713f5b8da34fe3286616647e9c91f7dc47d6d8a40f7,08/14/2025 03:00:00 PM,2,DRIVER,,2028979,,JEEP,GRAND CHEROKEE,IL,2014,NONE,SPORT UTILITY VEHICLE (SUV),PERSONAL,W,STRAIGHT AHEAD,,,1,,,,,,,,Y,Y,Y,Y,,,,,,,REAR,,,,,,,,,,,,,,,,,,,,,,,,,,,,,,,,,
2128502,9f172820fffa8cceb87d2be99a4b8e199cf55d6fd7eca8e564f6b6a35fb190098fd65cd8b9e53b6c1d1bf67487ea27417c6785dc88c879516cede281f77c2aed,08/14/2025 03:00:00 PM,1,DRIVER,,2029087,,DODGE,RAM PROMASTER,IL,2019,UNKNOWN,VAN/MINI-VAN,OTHER,UNKNOWN,UNKNOWN/NA,,,1,,,,,,,,,,,,Y,Y,,,,,UNKNOWN,,,,,,,,,,,,,,,,,,,,,,,,,,,,,,,,,
2128382,a1d284c63125861a783b2ab9feddbb2dbc2321ec885d3ae33c07b100931ac6453def7ea8b80f46cf467602b56b6bb8661050b202fe59c54d825482fbf8d00916,08/14/2025 03:00:00 PM,1,DRIVER,1,2028984,,LAND ROVER,DEFENDER,IL,2023,UNKNOWN,PASSENGER,UNKNOWN/NA,N,TURNING LEFT,,,2,,,,,,,,,,,,,,,,Y,,FRONT,,,,,,,,,,,,,,,,,,,,,,,,,,,,,,,,,
2128383,a1d284c63125861a783b2ab9feddbb2dbc2321ec885d3ae33c07b100931ac6453def7ea8b80f46cf467602b56b6bb8661050b202fe59c54d825482fbf8d00916,08/14/2025 03:00:00 PM,2,DRIVER,,2028992,,TOYOTA,CAMRY,IL,2015,UNKNOWN,PASSENGER,UNKNOWN/NA,E,STRAIGHT AHEAD,,,1,,,,,,,,Y,Y,,,,,,,,,SIDE-RIGHT-REAR,,,,,,,,,,,,,,,,,,,,,,,,,,,,,,,,,
2128388,214a59aa8b8aec0e068fe1100947eb2e2a05b9a9f922e77f7e10912556f26e0cc0d124d2604762a84e611804693438e4392f0dbb2ecc6dab67f503afeaf06ede,08/14/2025 02:50:00 PM,1,DRIVER,1,2029000,,FORD,OTHER (EXPLAIN IN NARRATIVE),IL,2017,NONE,PICKUP,TOW TRUCK,S,STRAIGHT AHEAD,,,2,,,,,,,,,,,,,,,,,Y,FRONT,,,,,,,,,,,,,,,,,,,,,,,,,,,,,,,,,
2128389,214a59aa8b8aec0e068fe1100947eb2e2a05b9a9f922e77f7e10912556f26e0cc0d124d2604762a84e611804693438e4392f0dbb2ecc6dab67f503afeaf06ede,08/14/2025 02:50:00 PM,2,DRIVER,2,2028993,,MERCEDES-BENZ,CLA,IL,2014,NONE,PASSENGER,PERSONAL,S,SLOW/STOP IN TRAFFIC,,,3,,,,,,,,,,Y,Y,,,,,,,REAR-LEFT-CORNER,,,,,,,,,,,,,,,,,,,,,,,,,,,,,,,,,
2128393,b98340dc157152f6a7c4b79a60292011b275f3ad7726aa671eb4eee5dd4582cd64bdc23b148030d94fcc867eb17124609e5c03711d42f05e005919a3a243b18f,08/14/2025 02:50:00 PM,1,DRIVER,,2028998,,JEEP,COMPASS,IL,2019,UNKNOWN,SPORT UTILITY VEHICLE (SUV),PERSONAL,E,CHANGING LANES,,,1,,,,,Y,,,,,,,,,,,,,FRONT-RIGHT-CORNER,,,,,,,,,,,,,,,,,,,,,,,,,,,,,,,,,
2128394,b98340dc157152f6a7c4b79a60292011b275f3ad7726aa671eb4eee5dd4582cd64bdc23b148030d94fcc867eb17124609e5c03711d42f05e005919a3a243b18f,08/14/2025 02:50:00 PM,2,DRIVER,,2029016,,NISSAN,ROGUE,IL,2011,UNKNOWN,SPORT UTILITY VEHICLE (SUV),PERSONAL,E,STRAIGHT AHEAD,,,1,,,,,,,,,,,Y,,,,,,,REAR-LEFT-CORNER,,,,,,,,,,,,,,,,,,,,,,,,,,,,,,,,,
2128397,35b198364e14ccab3d4a9a693f71f64df61cb20f46c3a9af9f3f9b55422ae5eb250331f907fe17a21199f19a200f9ea2f8c27ede4eb7506df9134ddfcb744580,08/14/2025 02:45:00 PM,1,DRIVER,,2029002,,UNKNOWN,OTHER (EXPLAIN IN NARRATIVE),,,UNKNOWN,PASSENGER,PERSONAL,NE,STRAIGHT AHEAD,,,1,,,,,,Y,Y,,,,,,,,,,,SIDE-RIGHT,,,,,,,,,,,,,,,,,,,,,,,,,,,,,,,,,
2128398,35b198364e14ccab3d4a9a693f71f64df61cb20f46c3a9af9f3f9b55422ae5eb250331f907fe17a21199f19a200f9ea2f8c27ede4eb7506df9134ddfcb744580,08/14/2025 02:45:00 PM,2,DRIVER,,2029017,,KIA,OTHER (EXPLAIN IN NARRATIVE),IL,2022,UNKNOWN,SPORT UTILITY VEHICLE (SUV),PERSONAL,N,SLOW/STOP IN TRAFFIC,,,1,,,,,,Y,Y,,,,,,,,,,,SIDE-RIGHT,,,,,,,,,,,,,,,,,,,,,,,,,,,,,,,,,
2128380,177a2bff1e7c4f2ba5b73349d31a871d7f39010ed7f06aa34dabca2179d48c30db7e9d2ec1f5c7c77fe733307a24ca336253ea19ddad2dedc75175d06f0bc18d,08/14/2025 02:42:00 PM,1,DRIVER,,2028973,,BUICK,OTHER (EXPLAIN IN NARRATIVE),,,UNKNOWN,UNKNOWN/NA,UNKNOWN/NA,UNKNOWN,STRAIGHT AHEAD,,,1,,,,,,,,,,,,,,,,,Y,UNKNOWN,,,,,,,,,,,,,,,,,,,,,,,,,,,,,,,,,
2128381,177a2bff1e7c4f2ba5b73349d31a871d7f39010ed7f06aa34dabca2179d48c30db7e9d2ec1f5c7c77fe733307a24ca336253ea19ddad2dedc75175d06f0bc18d,08/14/2025 02:42:00 PM,2,DRIVER,,2028978,,KIA,FORTE,FL,2022,UNKNOWN,PASSENGER,OTHER,UNKNOWN,STRAIGHT AHEAD,,,1,,,,,,,,,,Y,,,,,,,,REAR,,,,,,,,,,,,,,,,,,,,,,,,,,,,,,,,,
2128412,eb4442c3f61698d358ecdf2be9b3b1333ee97d324757e757ae95c0aa83f913d864916d70e82e410870ca4a55ae37daaa98444e441be0505b361202bf10fa7150,08/14/2025 02:42:00 PM,1,DRIVER,,2029006,,DODGE,CHALLENGER,IL,2018,UNKNOWN,PASSENGER,UNKNOWN/NA,S,TURNING LEFT,,,1,,,,,N,,,,,,,,,,N,N,,UNKNOWN,,,,,,,,,,,,,,,,,,,,,,,,,,,,,,,,,
2128413,eb4442c3f61698d358ecdf2be9b3b1333ee97d324757e757ae95c0aa83f913d864916d70e82e410870ca4a55ae37daaa98444e441be0505b361202bf10fa7150,08/14/2025 02:42:00 PM,2,PEDESTRIAN,,,,,,,,,,,,,,,,,,,,,,,,,,,,,,,,,,,,,,,,,,,,,,,,,,,,,,,,,,,,,,,,,,
2136177,41cd566370a4a062dba829cad543baf58c1e11c816adcd9eaf420a38105c2fb80e465e814ca041326fa669d64ee2456efc475a7f5936fcf88dcaf0d3bfedab80,08/14/2025 02:40:00 PM,1,DRIVER,,2036371,Y,"MACK TRUCKS, INC.","MACK TRUCKS, INC.",IL,2005,UNKNOWN,TRUCK - SINGLE UNIT,UNKNOWN/NA,S,STRAIGHT AHEAD,,,1,,,,,,,,,,,,,,,,,Y,SIDE-RIGHT,"22,071",1052526,,,SIDE OF TRUCK,3,FOINDATION BUILDING,IL,CHICAGO,,,,N,U,,U,,U,U,,,,,,,,,TRUCK/TRACTOR,FLATBED,OTHER,N,N,
2136178,41cd566370a4a062dba829cad543baf58c1e11c816adcd9eaf420a38105c2fb80e465e814ca041326fa669d64ee2456efc475a7f5936fcf88dcaf0d3bfedab80,08/14/2025 02:40:00 PM,2,DRIVER,,2036372,,ACURA,RLX,IL,2024,NONE,PASSENGER,PERSONAL,S,STRAIGHT AHEAD,,,1,,,,,N,N,N,N,N,,Y,Y,Y,Y,Y,,,SIDE-LEFT-REAR,,,,,,,,,,,,,,,,,,,,,,,,,,,,,,,,,
2128423,10f4807ef036fd1cd7272cebdc65f8232a9aeb5701dd4e376b99a1e9357962bc3e8a7d14dc284c0fdb8677e15884fa22ff29561ee6d76842f945352dba4e9c88,08/14/2025 02:32:00 PM,1,DRIVER,,2029020,,BMW,OTHER (EXPLAIN IN NARRATIVE),,,UNKNOWN,UNKNOWN/NA,UNKNOWN/NA,W,STRAIGHT AHEAD,,,1,,,,,Y,,,,,,,,,,Y,Y,N,FRONT,,,,,,,,,,,,,,,,,,,,,,,,,,,,,,,,,
2128424,10f4807ef036fd1cd7272cebdc65f8232a9aeb5701dd4e376b99a1e9357962bc3e8a7d14dc284c0fdb8677e15884fa22ff29561ee6d76842f945352dba4e9c88,08/14/2025 02:32:00 PM,2,DRIVER,3,2029014,,HYUNDAI,SONATA,IL,2013,NONE,PASSENGER,PERSONAL,S,STRAIGHT AHEAD,Y,,4,,Unknown,Unknown,,,,,,,,,,,Y,Y,,,FRONT-LEFT-CORNER,,,,,,,,,,,,,,,,,,,,,,,,,,,,,,,,,
2133987,0cdb9859b7ff98877f6c8415fd6ef066416893499678a3cdecfcf33f237abcad6ec6e5ce28509ee599e1dfa8fa3020f0e051dff99e52f1273611654e00265ade,08/14/2025 02:30:00 PM,1,DRIVER,,2034267,,KIA,OPTIMA / K5,IL,2025,NONE,PASSENGER,PERSONAL,E,CHANGING LANES,,,1,,,,,Y,Y,Y,Y,Y,,,,,,,,,SIDE-RIGHT,,,,,,,,,,,,,,,,,,,,,,,,,,,,,,,,,
2133988,0cdb9859b7ff98877f6c8415fd6ef066416893499678a3cdecfcf33f237abcad6ec6e5ce28509ee599e1dfa8fa3020f0e051dff99e52f1273611654e00265ade,08/14/2025 02:30:00 PM,2,DRIVER,1,2034268,,TOYOTA,HIGHLANDER,IL,2022,NONE,PASSENGER,PERSONAL,E,STRAIGHT AHEAD,Y,,2,,Kustom Tows,Airport auto rebuilders,,,,,N,,,Y,Y,Y,Y,Y,,,SIDE-LEFT,,,,,,,,,,,,,,,,,,,,,,,,,,,,,,,,,
2129913,0fbf239e432a06676e7092e84f3909b2be683dbfcbeea13c6ad2dadf4437e855fea5e8e886a6bf575d723dd6f4c446103c6f87ea5cc869640aacd74262307e4c,08/14/2025 02:30:00 PM,1,DRIVER,,2030421,,JEEP,JEEP,IL,2012,UNKNOWN,SPORT UTILITY VEHICLE (SUV),UNKNOWN/NA,N,BACKING,,,1,,,,,,,,,,Y,,,,,,,,REAR,,,,,,,,,,,,,,,,,,,,,,,,,,,,,,,,,
2129914,0fbf239e432a06676e7092e84f3909b2be683dbfcbeea13c6ad2dadf4437e855fea5e8e886a6bf575d723dd6f4c446103c6f87ea5cc869640aacd74262307e4c,08/14/2025 02:30:00 PM,2,PARKED,,2030423,,HONDA,PILOT,IL,2021,NONE,SPORT UTILITY VEHICLE (SUV),PERSONAL,S,PARKED,,,0,,,,,,,,,,Y,,,,,,,,REAR,,,,,,,,,,,,,,,,,,,,,,,,,,,,,,,,,
2128410,4433f32829e49251d30d4c1609ebe258419c8712f39b37dc1a5b6b924ad4f8630f016df7902ee9d2b890d6531e0b59c8953bd07df9152f108d63f1902831a6a2,08/14/2025 02:30:00 PM,1,DRIVER,,2029007,,CHEVROLET,SILVERADO,IL,2015,UNKNOWN,PASSENGER,PERSONAL,W,STRAIGHT AHEAD,,,1,,,,,,,,,Y,,,,,,,,,REAR-RIGHT-CORNER,,,,,,,,,,,,,,,,,,,,,,,,,,,,,,,,,
2128411,4433f32829e49251d30d4c1609ebe258419c8712f39b37dc1a5b6b924ad4f8630f016df7902ee9d2b890d6531e0b59c8953bd07df9152f108d63f1902831a6a2,08/14/2025 02:30:00 PM,2,PARKED,,2029010,,SUBARU,IMPREZA,IL,2016,UNKNOWN,PASSENGER,PERSONAL,W,PARKED,,,0,,,,,,,,,,,,,,,Y,,,FRONT-LEFT-CORNER,,,,,,,,,,,,,,,,,,,,,,,,,,,,,,,,,
2128445,83b2b3b7c636a241ccb91f769c0e48ad30e60209b699166d5fd3970acb98dd0d5d39ea874c7c27483761ee736f7af55ded9a327aec9546e10c9052772dcda786,08/14/2025 02:30:00 PM,1,DRIVER,,2029034,,UNKNOWN,OTHER (EXPLAIN IN NARRATIVE),IL,,UNKNOWN,UNKNOWN/NA,UNKNOWN/NA,E,UNKNOWN/NA,,,1,,,,,,,,,,,,,,,,,Y,UNKNOWN,,,,,,,,,,,,,,,,,,,,,,,,,,,,,,,,,
2128446,83b2b3b7c636a241ccb91f769c0e48ad30e60209b699166d5fd3970acb98dd0d5d39ea874c7c27483761ee736f7af55ded9a327aec9546e10c9052772dcda786,08/14/2025 02:30:00 PM,2,PARKED,,2029038,,CHEVROLET,MALIBU,IL,2022,NONE,PASSENGER,PERSONAL,E,PARKED,,,0,,,,,,,,,,,Y,Y,,,,,,REAR-LEFT-CORNER,,,,,,,,,,,,,,,,,,,,,,,,,,,,,,,,,
2128401,ae9533040cfd960bbe677d389da6f0d9e2821f6ea2b0547a512365385a6e62bbd0c0301fb3d42acf33451e27600372fab531d5dcd47388116dabe7979a5c3edd,08/14/2025 02:11:00 PM,1,DRIVER,,2028991,,TOYOTA,CAMRY,IL,2008,UNKNOWN,PASSENGER,PERSONAL,N,PASSING/OVERTAKING,,,1,,,,,,,,,,,,,,Y,Y,,,FRONT-LEFT-CORNER,,,,,,,,,,,,,,,,,,,,,,,,,,,,,,,,,
2128402,ae9533040cfd960bbe677d389da6f0d9e2821f6ea2b0547a512365385a6e62bbd0c0301fb3d42acf33451e27600372fab531d5dcd47388116dabe7979a5c3edd,08/14/2025 02:11:00 PM,2,DRIVER,,2028996,,FORD,F150,IL,2016,UNKNOWN,PICKUP,PERSONAL,N,STRAIGHT AHEAD,,,1,,,,,,,Y,Y,Y,,,,,,,,,REAR-RIGHT-CORNER,,,,,,,,,,,,,,,,,,,,,,,,,,,,,,,,,
2128368,fa26cdd8a9fd599db348810568e070ce410b95da96b016af4fec061dda5298ce9359758663d3768919f6bf934ed8aca4d9a96dae563322e9bfd5c3f7e5776964,08/14/2025 02:10:00 PM,1,DRIVER,,2028962,,JEEP,CHEROKEE,IL,2016,UNKNOWN,SPORT UTILITY VEHICLE (SUV),PERSONAL,E,STRAIGHT AHEAD,,,1,,,,,,,,,,,,,,,,Y,,FRONT,,,,,,,,,,,,,,,,,,,,,,,,,,,,,,,,,
2128369,fa26cdd8a9fd599db348810568e070ce410b95da96b016af4fec061dda5298ce9359758663d3768919f6bf934ed8aca4d9a96dae563322e9bfd5c3f7e5776964,08/14/2025 02:10:00 PM,2,DRIVER,,2028968,,HONDA,CR-V,IN,2014,UNKNOWN,SPORT UTILITY VEHICLE (SUV),PERSONAL,E,SLOW/STOP IN TRAFFIC,,,1,,,,,,,,,,Y,,,,,,,,REAR,,,,,,,,,,,,,,,,,,,,,,,,,,,,,,,,,
2128364,26f07fc60fa03a86a13a0a62fa9bfebc10b69202181f3b2efff5fe024c26ea646f0fc880d9dcd67c72257bc052abc8e4f3fe4ff24c84a6df3e72b0fb372c17b3,08/14/2025 02:07:00 PM,1,DRIVER,,2028966,,HUMMER,H3,IL,2007,UNKNOWN,UNKNOWN/NA,UNKNOWN/NA,E,BACKING,,,1,,,,,,,,,Y,Y,Y,,,,,,,REAR,,,,,,,,,,,,,,,,,,,,,,,,,,,,,,,,,
2128365,26f07fc60fa03a86a13a0a62fa9bfebc10b69202181f3b2efff5fe024c26ea646f0fc880d9dcd67c72257bc052abc8e4f3fe4ff24c84a6df3e72b0fb372c17b3,08/14/2025 02:07:00 PM,2,DRIVER,,2028971,,CHEVROLET,TRACKER,IL,2000,NONE,PASSENGER,PERSONAL,N,STRAIGHT AHEAD,,,1,,,,,,,Y,Y,Y,,,,,,,,,SIDE-RIGHT,,,,,,,,,,,,,,,,,,,,,,,,,,,,,,,,,
2128374,5d1036589164be97f24b8dab5c1fa08c3df7ebec2bd684dc31cc3c9dd3b46d47102278cc0ba619b82451b1f85f9c900ec8c44b0cd1c2c070d8b65712ea6cbee5,08/14/2025 02:06:00 PM,1,DRIVER,,2028967,,JEEP,COMPASS,IL,2016,UNKNOWN,PASSENGER,PERSONAL,E,STRAIGHT AHEAD,,,1,,,,,Y,,,,,,,,,,Y,Y,,FRONT,,,,,,,,,,,,,,,,,,,,,,,,,,,,,,,,,
2128375,5d1036589164be97f24b8dab5c1fa08c3df7ebec2bd684dc31cc3c9dd3b46d47102278cc0ba619b82451b1f85f9c900ec8c44b0cd1c2c070d8b65712ea6cbee5,08/14/2025 02:06:00 PM,2,DRIVER,,2028972,,HYUNDAI,KONA,IL,2024,UNKNOWN,PASSENGER,PERSONAL,S,STRAIGHT AHEAD,,,1,,,,,Y,Y,Y,Y,Y,,,,,,,,,SIDE-RIGHT,,,,,,,,,,,,,,,,,,,,,,,,,,,,,,,,,
2135853,7e0f860cbb3c1ba3f21c43759d9f9660a8186f25b01fbc78afc6cc0ddc98828d1e46c206569e448d9781050cd8486adca9b9c5c0cc32794122e03af73a222a21,08/14/2025 02:03:00 PM,1,DRIVER,,2036051,,CHEVROLET,MALIBU,IL,2018,UNKNOWN,PASSENGER,UNKNOWN/NA,W,CHANGING LANES,,,1,,,,,Y,,,,,,,,,,,,,FRONT-RIGHT-CORNER,,,,,,,,,,,,,,,,,,,,,,,,,,,,,,,,,
2135854,7e0f860cbb3c1ba3f21c43759d9f9660a8186f25b01fbc78afc6cc0ddc98828d1e46c206569e448d9781050cd8486adca9b9c5c0cc32794122e03af73a222a21,08/14/2025 02:03:00 PM,2,DRIVER,,2036062,,HONDA,CIVIC,IL,2007,UNKNOWN,PASSENGER,UNKNOWN/NA,W,STRAIGHT AHEAD,,,1,,,,,,,,,Y,Y,Y,Y,,,,,,OTHER,,,,,,,,,,,,,,,,,,,,,,,,,,,,,,,,,
2128366,03e7de2c3e7c93f8e7730c25442b3aa21c5e117410f8f8b0620e2a1e3d4fb9f82350a284eacc121147951a35d671a80299ac0aa6101604cc99f5747cafdf01ad,08/14/2025 01:57:00 PM,1,DRIVER,,2028958,,UNKNOWN,OTHER (EXPLAIN IN NARRATIVE),,,UNKNOWN,UNKNOWN/NA,UNKNOWN/NA,E,UNKNOWN/NA,,,1,,,,,,,,,,,,,,,,,Y,UNKNOWN,,,,,,,,,,,,,,,,,,,,,,,,,,,,,,,,,
2128367,03e7de2c3e7c93f8e7730c25442b3aa21c5e117410f8f8b0620e2a1e3d4fb9f82350a284eacc121147951a35d671a80299ac0aa6101604cc99f5747cafdf01ad,08/14/2025 01:57:00 PM,2,PARKED,,2028961,,AUTOCAR,AUTOCAR,IL,2009,NONE,OTHER,NOT IN USE,E,PARKED,,,0,,,,,,,,,,,,,,Y,Y,Y,,UNKNOWN,,,,,,,,,,,,,,,,,,,,,,,,,,,,,,,,,
2128463,12f84560c6a257bb1cc9186726e0944faa0aa21bfb2c560bec9f68544d2e08142f59097a2715d3dbdabe12fedafa73027998eafe74562fcab956e0f57f96ce18,08/14/2025 01:50:00 PM,1,DRIVER,,2029049,,MAZDA,CX-3,IL,2013,NONE,PASSENGER,PERSONAL,W,SLOW/STOP IN TRAFFIC,,,1,,,,,,,,,,,,,,,,Y,,FRONT,,,,,,,,,,,,,,,,,,,,,,,,,,,,,,,,,
2128464,12f84560c6a257bb1cc9186726e0944faa0aa21bfb2c560bec9f68544d2e08142f59097a2715d3dbdabe12fedafa73027998eafe74562fcab956e0f57f96ce18,08/14/2025 01:50:00 PM,2,DRIVER,,2029057,,FORD,FUSION,IL,2020,NONE,PASSENGER,PERSONAL,W,SLOW/STOP IN TRAFFIC,,,1,,,,,,,,,Y,Y,Y,,,,,,,REAR,,,,,,,,,,,,,,,,,,,,,,,,,,,,,,,,,
2128911,5cdd6453cd1447d9038284ae1cf9185e6c1b42707069daca891592c4ecafd764b3720d134530ffc7993dfd6e653c6c91d56a545a1100979c9c69d4745c77cfaf,08/14/2025 01:49:00 PM,1,DRIVER,,2029490,,CHEVROLET,OTHER (EXPLAIN IN NARRATIVE),IL,2012,UNKNOWN,PASSENGER,UNKNOWN/NA,W,STRAIGHT AHEAD,,,1,,,,,,,,,,,,,,,,N,Y,UNKNOWN,,,,,,,,,,,,,,,,,,,,,,,,,,,,,,,,,
2128912,5cdd6453cd1447d9038284ae1cf9185e6c1b42707069daca891592c4ecafd764b3720d134530ffc7993dfd6e653c6c91d56a545a1100979c9c69d4745c77cfaf,08/14/2025 01:49:00 PM,2,DRIVER,,2029493,,BUICK,ENCORE,IN,2025,NONE,SPORT UTILITY VEHICLE (SUV),PERSONAL,W,SLOW/STOP IN TRAFFIC,,,1,,,,,,,,,,Y,,,,,,,,REAR,,,,,,,,,,,,,,,,,,,,,,,,,,,,,,,,,
2128390,37d15d7197a848d4aefd9f4f06fde7109d6af5717b633c3ac1393c04a769e363ac0d9e4ca42111fc91716824765bcf87fdb61a185f4483b80b1e469d4b434631,08/14/2025 01:45:00 PM,1,DRIVER,,2028983,,NISSAN,ALTIMA,IL,,UNKNOWN,UNKNOWN/NA,UNKNOWN/NA,N,PASSING/OVERTAKING,,,1,,,,,,,,,,,,,,,Y,,,FRONT-LEFT-CORNER,,,,,,,,,,,,,,,,,,,,,,,,,,,,,,,,,
2128391,37d15d7197a848d4aefd9f4f06fde7109d6af5717b633c3ac1393c04a769e363ac0d9e4ca42111fc91716824765bcf87fdb61a185f4483b80b1e469d4b434631,08/14/2025 01:45:00 PM,2,DRIVER,,2028995,,BMW,OTHER (EXPLAIN IN NARRATIVE),IL,2020,NONE,PASSENGER,PERSONAL,N,STRAIGHT AHEAD,,,1,,,,,,,,,Y,,,,,,,,,REAR-RIGHT-CORNER,,,,,,,,,,,,,,,,,,,,,,,,,,,,,,,,,
2128807,2f55fa077303aa350754dcb8a27b41a57538ecb8016496afc4203250975dd3cf1526b6b7d6400374ff0136c04babf3f0d8031309dc3f3e91d184be9790b8eec1,08/14/2025 01:40:00 PM,1,DRIVER,,2029386,,FORD,F350,IL,2024,NONE,PICKUP,OTHER,E,STRAIGHT AHEAD,,,1,,,,,Y,,,,,,,,,,Y,Y,,FRONT,,,,,,,,,,,,,,,,,,,,,,,,,,,,,,,,,
2128808,2f55fa077303aa350754dcb8a27b41a57538ecb8016496afc4203250975dd3cf1526b6b7d6400374ff0136c04babf3f0d8031309dc3f3e91d184be9790b8eec1,08/14/2025 01:40:00 PM,2,DRIVER,1,2029388,,KIA,OPTIMA / K5,IL,2021,NONE,PASSENGER,PERSONAL,N,STRAIGHT AHEAD,Y,,2,,PRIVATE TO,UNKNOWN,,Y,Y,Y,Y,Y,,,Y,Y,Y,Y,Y,,FRONT-RIGHT-CORNER,,,,,,,,,,,,,,,,,,,,,,,,,,,,,,,,,
2128495,8adb91af8ad9089b315719bafd27a764a03d8f23977711c5f919fe9298114f06e3bac3fa2111bbd2948009d37ec352bfcc8a237ffa56b82afdad1cb36aea3129,08/14/2025 01:40:00 PM,1,DRIVER,2,2029085,,"WELLS CARGO, INC.","WELLS CARGO, INC.",IL,2014,NONE,SINGLE UNIT TRUCK WITH TRAILER,LAWN CARE/LANDSCAPING,W,BACKING,,,3,,,,Y,,,,,,,,,,,,,,REAR,,,,,,,,,,,,,,,,,,,,,,,,,,,,,,,,,
2128496,8adb91af8ad9089b315719bafd27a764a03d8f23977711c5f919fe9298114f06e3bac3fa2111bbd2948009d37ec352bfcc8a237ffa56b82afdad1cb36aea3129,08/14/2025 01:40:00 PM,2,PEDESTRIAN,,,,,,,,,,,,,,,,,,,,,,,,,,,,,,,,,,,,,,,,,,,,,,,,,,,,,,,,,,,,,,,,,,