CRASH_UNIT_ID,CRASH_RECORD_ID,CRASH_DATE,UNIT_NO,UNIT_TYPE,NUM_PASSENGERS,VEHICLE_ID,CMRC_VEH_I,MAKE,MODEL,LIC_PLATE_STATE,VEHICLE_YEAR,VEHICLE_DEFECT,VEHICLE_TYPE,VEHICLE_USE,TRAVEL_DIRECTION,MANEUVER,TOWED_I,FIRE_I,OCCUPANT_CNT,EXCEED_SPEED_LIMIT_I,TOWED_BY,TOWED_TO,AREA_00_I,AREA_01_I,AREA_02_I,AREA_03_I,AREA_04_I,AREA_05_I,AREA_06_I,AREA_07_I,AREA_08_I,AREA_09_I,AREA_10_I,AREA_11_I,AREA_12_I,AREA_99_I,FIRST_CONTACT_POINT,CMV_ID,USDOT_NO,CCMC_NO,ILCC_NO,COMMERCIAL_SRC,GVWR,CARRIER_NAME,CARRIER_STATE,CARRIER_CITY,HAZMAT_PLACARDS_I,HAZMAT_NAME,UN_NO,HAZMAT_PRESENT_I,HAZMAT_REPORT_I,HAZMAT_REPORT_NO,MCS_REPORT_I,MCS_REPORT_NO,HAZMAT_VIO_CAUSE_CRASH_I,MCS_VIO_CAUSE_CRASH_I,IDOT_PERMIT_NO,WIDE_LOAD_I,TRAILER1_WIDTH,TRAILER2_WIDTH,TRAILER1_LENGTH,TRAILER2_LENGTH,TOTAL_VEHICLE_LENGTH,AXLE_CNT,VEHICLE_CONFIG,CARGO_BODY_TYPE,LOAD_TYPE,HAZMAT_OUT_OF_SERVICE_I,MCS_OUT_OF_SERVICE_I,HAZMAT_CLASS
2128437,95e2247125594e4df000c7e452242bc008fc388c840b43c6742162a25d421c41871869106f46f4c34d33f2b26fde555f67869848a7ea844a3d5809bcd5c60a20,08/14/2025 01:36:00 PM,1,DRIVER,,2029027,,HYUNDAI,SONATA,IL,2016,UNKNOWN,PASSENGER,PERSONAL,W,TURNING LEFT,,,1,,,,,,,,,,,,,,,,,Y,UNKNOWN,,,,,,,,,,,,,,,,,,,,,,,,,,,,,,,,,
2128438,95e2247125594e4df000c7e452242bc008fc388c840b43c6742162a25d421c41871869106f46f4c34d33f2b26fde555f67869848a7ea844a3d5809bcd5c60a20,08/14/2025 01:36:00 PM,2,PEDESTRIAN,,,,,,,,,,,,,,,,,,,,,,,,,,,,,,,,,,,,,,,,,,,,,,,,,,,,,,,,,,,,,,,,,,
2128341,27577428476c2f0e3ee94f01dcbacb03a1dc7718d8fd32f3bee97be376513faceb425cf86c689d0a45afd0baa7e7421c9a00b0a7ae85b2832374eb5c43892354,08/14/2025 01:35:00 PM,1,DRIVER,,2028935,,TOYOTA,RAV4,IL,2003,NONE,SPORT UTILITY VEHICLE (SUV),PERSONAL,NE,TURNING LEFT,,,1,,,,,Y,,,,,,,,,,Y,Y,,FRONT,,,,,,,,,,,,,,,,,,,,,,,,,,,,,,,,,
2128342,27577428476c2f0e3ee94f01dcbacb03a1dc7718d8fd32f3bee97be376513faceb425cf86c689d0a45afd0baa7e7421c9a00b0a7ae85b2832374eb5c43892354,08/14/2025 01:35:00 PM,2,DRIVER,1,2028939,,TOYOTA,PRIUS,IL,2010,NONE,PASSENGER,PERSONAL,W,STRAIGHT AHEAD,,,2,,,,,Y,,,,,,,,,,Y,Y,,FRONT,,,,,,,,,,,,,,,,,,,,,,,,,,,,,,,,,
2128335,7f3f11d8d472e5419730c76a2feab653203a8e975b9416c388ec0da9070c6ebd1e8dd9be03c5b8e8c05f4334482c163465a8c7762bfb573b7a1dd4ab15722f8d,08/14/2025 01:25:00 PM,1,DRIVER,,2028930,,INFINITI,OTHER (EXPLAIN IN NARRATIVE),IL,2007,UNKNOWN,SPORT UTILITY VEHICLE (SUV),UNKNOWN/NA,W,SLOW/STOP IN TRAFFIC,,,1,,,,,,,,,,N,,,,,,Y,,FRONT,,,,,,,,,,,,,,,,,,,,,,,,,,,,,,,,,
2128336,7f3f11d8d472e5419730c76a2feab653203a8e975b9416c388ec0da9070c6ebd1e8dd9be03c5b8e8c05f4334482c163465a8c7762bfb573b7a1dd4ab15722f8d,08/14/2025 01:25:00 PM,2,DRIVER,,2028936,,HONDA,CIVIC,IL,2005,UNKNOWN,PASSENGER,PERSONAL,W,SLOW/STOP IN TRAFFIC,,,1,,,,,,,,,,Y,,,,,,,,REAR,,,,,,,,,,,,,,,,,,,,,,,,,,,,,,,,,
2128811,b529ac3f477d5d2bb0553c746bc333b464a676950281a02b945af25f7126f30d0d3fc8bacd797577b8f160e3679ac64e7917b80c47d85709eb2898008a3fb491,08/14/2025 01:25:00 PM,1,DRIVER,,2029390,,MERCEDES-BENZ,C300,IL,2024,UNKNOWN,PASSENGER,PERSONAL,E,ENTERING TRAFFIC LANE FROM PARKING,,,1,,,,,,,,,,,,,,Y,Y,Y,,FRONT-LEFT-CORNER,,,,,,,,,,,,,,,,,,,,,,,,,,,,,,,,,
2128812,b529ac3f477d5d2bb0553c746bc333b464a676950281a02b945af25f7126f30d0d3fc8bacd797577b8f160e3679ac64e7917b80c47d85709eb2898008a3fb491,08/14/2025 01:25:00 PM,2,DRIVER,,2029409,Y,TOYOTA,OTHER (EXPLAIN IN NARRATIVE),IL,2019,UNKNOWN,VAN/MINI-VAN,TAXI/FOR HIRE,E,STRAIGHT AHEAD,,,1,,,,,Y,Y,,,,,,,,,,,,FRONT-RIGHT-CORNER,,,,,,,,,,,,,,,,,,,,,,,,,,,,,,,,,
2137015,eb64bc640645901ec81b3eddf0c58c246b42df7eb126333ac167d3310defb7fd4c4af79723dc0877663e2a3141e5ccb3196183e8dece9bff2fbbac5b99876dad,08/14/2025 01:25:00 PM,1,DRIVER,,2037158,,TOYOTA,COROLLA,IL,2006,NONE,PASSENGER,PERSONAL,W,PASSING/OVERTAKING,Y,,1,,city of chicago,pound 2,,Y,,,,,,,,,,,,,FRONT-RIGHT-CORNER,,,,,,,,,,,,,,,,,,,,,,,,,,,,,,,,,
2137016,eb64bc640645901ec81b3eddf0c58c246b42df7eb126333ac167d3310defb7fd4c4af79723dc0877663e2a3141e5ccb3196183e8dece9bff2fbbac5b99876dad,08/14/2025 01:25:00 PM,2,DRIVER,,2037159,,MAZDA,MAZDA3,IL,2021,NONE,PASSENGER,PERSONAL,W,STRAIGHT AHEAD,,,1,,,,,,,,,,,Y,,,,,,,SIDE-LEFT-REAR,,,,,,,,,,,,,,,,,,,,,,,,,,,,,,,,,
2128370,c428f309ad198e0f70587019c12c04e90b7f5acc44f9dae093df150d383a96153dca8fc2e9a575de8d474e45aa9e5dbb75ba378d4a20874af29e03a7b587f090,08/14/2025 01:20:00 PM,1,DRIVER,,2028975,,UNKNOWN,OTHER (EXPLAIN IN NARRATIVE),,,UNKNOWN,UNKNOWN/NA,UNKNOWN/NA,UNKNOWN,UNKNOWN/NA,,,1,,,,,,,,,,,,,,,,,Y,UNKNOWN,,,,,,,,,,,,,,,,,,,,,,,,,,,,,,,,,
2128371,c428f309ad198e0f70587019c12c04e90b7f5acc44f9dae093df150d383a96153dca8fc2e9a575de8d474e45aa9e5dbb75ba378d4a20874af29e03a7b587f090,08/14/2025 01:20:00 PM,2,PARKED,,2028969,,INFINITI,QX70,IL,2015,UNKNOWN,PASSENGER,PERSONAL,E,PARKED,,,0,,,,,,,,Y,Y,Y,,,,,,,,REAR-RIGHT-CORNER,,,,,,,,,,,,,,,,,,,,,,,,,,,,,,,,,
2128345,844c702a714aa4af05505d78b481b01f9d124baefa07c6fc15b12e998e26a180628a049b4928fddf537bea10e9f64bfc89a09804164ea76ce2fbef3e2a420172,08/14/2025 01:15:00 PM,1,DRIVER,1,2028942,,MERCEDES-BENZ,GLC,IL,2020,UNKNOWN,SPORT UTILITY VEHICLE (SUV),PERSONAL,N,TURNING RIGHT,,,2,,,,,,,,,,,,,,,Y,,,FRONT-LEFT-CORNER,,,,,,,,,,,,,,,,,,,,,,,,,,,,,,,,,
2128346,844c702a714aa4af05505d78b481b01f9d124baefa07c6fc15b12e998e26a180628a049b4928fddf537bea10e9f64bfc89a09804164ea76ce2fbef3e2a420172,08/14/2025 01:15:00 PM,2,DRIVER,,2028949,,NISSAN,ROGUE,IL,2023,UNKNOWN,SPORT UTILITY VEHICLE (SUV),PERSONAL,N,TURNING RIGHT,,,1,,,,,,Y,Y,Y,,,,,,,,,,REAR-RIGHT-CORNER,,,,,,,,,,,,,,,,,,,,,,,,,,,,,,,,,
2128333,b68eadc2ad86ffff1786e2dadc47f2879807d85c99047b9cab22364e2f55439c74ac5a61bb2ad3f711ea357636ee3ff08245d5253b47e7646e635ca98e6cbd36,08/14/2025 01:15:00 PM,1,DRIVER,,2028925,,CHEVROLET,CRUZE,IL,2015,UNKNOWN,UNKNOWN/NA,UNKNOWN/NA,UNKNOWN,BACKING,,,1,,,,,,,,,,,,,,,,,Y,UNKNOWN,,,,,,,,,,,,,,,,,,,,,,,,,,,,,,,,,
2128334,b68eadc2ad86ffff1786e2dadc47f2879807d85c99047b9cab22364e2f55439c74ac5a61bb2ad3f711ea357636ee3ff08245d5253b47e7646e635ca98e6cbd36,08/14/2025 01:15:00 PM,2,DRIVER,,2028927,,DODGE,CARAVAN,IL,2014,UNKNOWN,PASSENGER,PERSONAL,UNKNOWN,STRAIGHT AHEAD,,,1,,,,,,,,,,,,,,,,Y,,FRONT,,,,,,,,,,,,,,,,,,,,,,,,,,,,,,,,,
2128409,126d67e1f391a14dba3536d5a38fd953101cf3193b2f6fe4e43afb79c6ab7694576e17e2c83ad88e791c80c7c1a716d2928f864a1917030ba20fe979f74e112c,08/14/2025 01:13:00 PM,1,DRIVER,,2029003,,CHEVROLET,EQUINOX,IL,2019,NONE,PASSENGER,PERSONAL,N,TURNING LEFT,,,1,,,,,,,,,,,,,,,,Y,,FRONT,,,,,,,,,,,,,,,,,,,,,,,,,,,,,,,,,
2128414,126d67e1f391a14dba3536d5a38fd953101cf3193b2f6fe4e43afb79c6ab7694576e17e2c83ad88e791c80c7c1a716d2928f864a1917030ba20fe979f74e112c,08/14/2025 01:13:00 PM,2,PEDESTRIAN,,,,,,,,,,,,,,,,,,,,,,,,,,,,,,,,,,,,,,,,,,,,,,,,,,,,,,,,,,,,,,,,,,
2128327,00b96fdc5d82363496f28501f2917e41909f4f0dd6d3815b33e009e91291f0f3c79dbfe6f512a70be77ab441990ab3af3221f7bce24842e00e0b4bc4d8d4e0d7,08/14/2025 01:10:00 PM,1,DRIVER,,2028924,,FORD,EXPLORER,IL,2013,UNKNOWN,SPORT UTILITY VEHICLE (SUV),PERSONAL,UNKNOWN,STRAIGHT AHEAD,,,1,,,,,N,,,,,,,,,,N,Y,,FRONT,,,,,,,,,,,,,,,,,,,,,,,,,,,,,,,,,
2128328,00b96fdc5d82363496f28501f2917e41909f4f0dd6d3815b33e009e91291f0f3c79dbfe6f512a70be77ab441990ab3af3221f7bce24842e00e0b4bc4d8d4e0d7,08/14/2025 01:10:00 PM,2,DRIVER,,2028933,,KIA,NIRO,IL,2024,UNKNOWN,SPORT UTILITY VEHICLE (SUV),TAXI/FOR HIRE,UNKNOWN,STRAIGHT AHEAD,,,1,,,,,,,,,,Y,,,,,,,,REAR,,,,,,,,,,,,,,,,,,,,,,,,,,,,,,,,,
2128805,195f5a1f5226abef52a74386948e2b2222968ddde6258cb7ce33323b898847c5e3366c55ad1c8bdbdca464be91545d36218a0e7b3dbb145df97f2a9f2b30faad,08/14/2025 01:10:00 PM,1,DRIVER,,2029384,,NOVA BUS,OTHER (EXPLAIN IN NARRATIVE),IL,2023,NONE,BUS OVER 15 PASS.,CTA,N,STARTING IN TRAFFIC,,,1,,,,,,,,,,,,,,,Y,,,FRONT-LEFT-CORNER,,,,,,,,,,,,,,,,,,,,,,,,,,,,,,,,,
2128806,195f5a1f5226abef52a74386948e2b2222968ddde6258cb7ce33323b898847c5e3366c55ad1c8bdbdca464be91545d36218a0e7b3dbb145df97f2a9f2b30faad,08/14/2025 01:10:00 PM,2,DRIVER,,2029385,,CHEVROLET,OTHER (EXPLAIN IN NARRATIVE),IL,2023,NONE,TRUCK - SINGLE UNIT,PERSONAL,S,STRAIGHT AHEAD,,,1,,,,,,,,,,,,,,,Y,,,SIDE-LEFT-FRONT,,,,,,,,,,,,,,,,,,,,,,,,,,,,,,,,,
2128427,e3a9afb5ea51461b4ad454b88d9363faed593d119d9b2aa0d3277034a20e07ac9f9a896634202f2b3c1578699ecc7992ac1441ddd4eea632e370e1509c32c760,08/14/2025 01:05:00 PM,1,DRIVER,,2029019,,CHEVROLET,SILVERADO,IL,2005,UNKNOWN,PICKUP,PERSONAL,N,STRAIGHT AHEAD,,,1,,,,,,,,,,,,,,,,Y,,FRONT,,,,,,,,,,,,,,,,,,,,,,,,,,,,,,,,,
2128428,e3a9afb5ea51461b4ad454b88d9363faed593d119d9b2aa0d3277034a20e07ac9f9a896634202f2b3c1578699ecc7992ac1441ddd4eea632e370e1509c32c760,08/14/2025 01:05:00 PM,2,DRIVER,,2029023,,FORD,EXPLORER,IL,2016,NONE,SPORT UTILITY VEHICLE (SUV),PERSONAL,N,STRAIGHT AHEAD,,,1,,,,,,,,,,Y,,,,,,,,REAR,,,,,,,,,,,,,,,,,,,,,,,,,,,,,,,,,
2128953,47c8c63c078a52da7c62c339e579ea41f51fa7caa349480a0e68301e61f5f99827c5eaa8e4c9ee2e1b85c1c1dc0dfd7a1ab776f7a61a8ffed60cfcc086b74739,08/14/2025 01:00:00 PM,1,DRIVER,,2029523,,CHEVROLET,MALIBU,IL,2012,UNKNOWN,PASSENGER,PERSONAL,UNKNOWN,STRAIGHT AHEAD,,,1,,,,,,,,,,,,,,,,Y,,FRONT,,,,,,,,,,,,,,,,,,,,,,,,,,,,,,,,,
2128347,c4b08ee2888c6bb4a63830c6f19236cac5f38d0b66f59112052d4292243ce0fc8c4da5d1ab98fd12cb53bbec4ec4d45c8bc13728ecdae55aba27e85877345d10,08/14/2025 12:56:00 PM,1,DRIVER,,2028945,,FORD,FUSION,IL,,UNKNOWN,PASSENGER,UNKNOWN/NA,E,STRAIGHT AHEAD,,,1,,,,,,,,,,,,,,,,,Y,FRONT-RIGHT-CORNER,,,,,,,,,,,,,,,,,,,,,,,,,,,,,,,,,
2128348,c4b08ee2888c6bb4a63830c6f19236cac5f38d0b66f59112052d4292243ce0fc8c4da5d1ab98fd12cb53bbec4ec4d45c8bc13728ecdae55aba27e85877345d10,08/14/2025 12:56:00 PM,2,BICYCLE,,,,,,,,,,,,,,,,,,,,,,,,,,,,,,,,,,,,,,,,,,,,,,,,,,,,,,,,,,,,,,,,,,
2128561,a1800ef8994efe2bd401cab7a40cb4761b1c86b6e44013e64840199111e77eb06179e861c8c21fb872d03f323252a038eb3e217fa6ecd494b430d0e20e6730a2,08/14/2025 12:50:00 PM,1,DRIVER,,2029135,,CHEVROLET,TRAX,IL,2019,UNKNOWN,SPORT UTILITY VEHICLE (SUV),UNKNOWN/NA,N,STRAIGHT AHEAD,,,1,,,,,Y,,,,,,,,,,Y,Y,,FRONT,,,,,,,,,,,,,,,,,,,,,,,,,,,,,,,,,
2128562,a1800ef8994efe2bd401cab7a40cb4761b1c86b6e44013e64840199111e77eb06179e861c8c21fb872d03f323252a038eb3e217fa6ecd494b430d0e20e6730a2,08/14/2025 12:50:00 PM,2,DRIVER,,2029146,,HONDA,ODYSSEY,,2018,UNKNOWN,VAN/MINI-VAN,UNKNOWN/NA,W,STRAIGHT AHEAD,,,1,,,,,,,,,,,,Y,Y,Y,Y,,,SIDE-LEFT,,,,,,,,,,,,,,,,,,,,,,,,,,,,,,,,,
2128320,6e2f9e6995f24ec5a607c49ba9f1adf3e14d96a4d4aedb3f7eae3d037b7c294f99ac2e17dc0e7b73bfb14a05d972a3afd988f9497745bd90e11ed764bfe4b6e5,08/14/2025 12:48:00 PM,1,DRIVER,,2028915,,FORD,FUSION,MN,2008,UNKNOWN,PASSENGER,PERSONAL,S,STRAIGHT AHEAD,,,1,,,,,Y,,,,,,,,,,Y,Y,,FRONT,,,,,,,,,,,,,,,,,,,,,,,,,,,,,,,,,
2128321,6e2f9e6995f24ec5a607c49ba9f1adf3e14d96a4d4aedb3f7eae3d037b7c294f99ac2e17dc0e7b73bfb14a05d972a3afd988f9497745bd90e11ed764bfe4b6e5,08/14/2025 12:48:00 PM,2,DRIVER,1,2028921,,MITSUBISHI,OUTLANDER,IL,2022,NONE,SPORT UTILITY VEHICLE (SUV),PERSONAL,S,SLOW/STOP IN TRAFFIC,,,2,,,,,,,,,Y,Y,Y,,,,,,,REAR,,,,,,,,,,,,,,,,,,,,,,,,,,,,,,,,,
2128354,78c6145f08c8e22c6327f293c2bda754f5fce8a810db0251bf6140ee66c8380bce7a3c26102483d6ed0c787523d0664f257fae3a79a966623287331e1c7e4b27,08/14/2025 12:45:00 PM,1,DRIVER,,2028957,,HONDA,ACCORD,IL,2003,NONE,PASSENGER,PERSONAL,W,TURNING LEFT,,,1,,,,,,,,,,,,,,,,Y,,FRONT-RIGHT-CORNER,,,,,,,,,,,,,,,,,,,,,,,,,,,,,,,,,
2128355,78c6145f08c8e22c6327f293c2bda754f5fce8a810db0251bf6140ee66c8380bce7a3c26102483d6ed0c787523d0664f257fae3a79a966623287331e1c7e4b27,08/14/2025 12:45:00 PM,2,DRIVER,,2028960,,LEXUS,RX450H,IL,2012,NONE,SPORT UTILITY VEHICLE (SUV),PERSONAL,S,STRAIGHT AHEAD,,,1,,,,,,,,,,,,,Y,,,,,SIDE-LEFT,,,,,,,,,,,,,,,,,,,,,,,,,,,,,,,,,
2128687,85eac723f29f31c8811975aab6b5c4fc5fae49f82ffe3390387cf620121f981ce4e7d6b30f28070c2994af67fa1cd969e69efb0435fc6f561c67d5d767a3d7f5,08/14/2025 12:45:00 PM,1,DRIVER,,2029719,,CHEVROLET,EQUINOX,IL,2022,UNKNOWN,SPORT UTILITY VEHICLE (SUV),UNKNOWN/NA,UNKNOWN,UNKNOWN/NA,,,1,,,,,,,,,,,,,,,,,Y,UNKNOWN,,,,,,,,,,,,,,,,,,,,,,,,,,,,,,,,,
2128688,85eac723f29f31c8811975aab6b5c4fc5fae49f82ffe3390387cf620121f981ce4e7d6b30f28070c2994af67fa1cd969e69efb0435fc6f561c67d5d767a3d7f5,08/14/2025 12:45:00 PM,2,DRIVERLESS,,2029722,,JEEP,GRAND CHEROKEE,IL,2021,UNKNOWN,SPORT UTILITY VEHICLE (SUV),NOT IN USE,N,PARKED,,,0,,,,,,,,,,,,Y,,,,,,SIDE-LEFT-REAR,,,,,,,,,,,,,,,,,,,,,,,,,,,,,,,,,
2128349,a5e161fcddc26ad35d6d555cfb2cc9f0b62466a78c10ec7ccc4241ff92f48d48081d7c50a133cf9b3fbab4008331739be161146a56e1d77802fb8fbac080cd4f,08/14/2025 12:45:00 PM,1,DRIVER,1,2028946,,HONDA,ACCORD,IL,2008,UNKNOWN,PASSENGER,PERSONAL,NW,TURNING LEFT,,,2,,,,,Y,Y,,,,,,,,,Y,Y,,FRONT-RIGHT-CORNER,,,,,,,,,,,,,,,,,,,,,,,,,,,,,,,,,
2128350,a5e161fcddc26ad35d6d555cfb2cc9f0b62466a78c10ec7ccc4241ff92f48d48081d7c50a133cf9b3fbab4008331739be161146a56e1d77802fb8fbac080cd4f,08/14/2025 12:45:00 PM,2,DRIVER,1,2028948,,FORD,EDGE,IL,2007,UNKNOWN,SPORT UTILITY VEHICLE (SUV),PERSONAL,W,STRAIGHT AHEAD,Y,,2,,PRIVATE INSURANCE/OWNER,,,,,,,,,Y,Y,Y,,,,,SIDE-LEFT-REAR,,,,,,,,,,,,,,,,,,,,,,,,,,,,,,,,,
2128351,a5e161fcddc26ad35d6d555cfb2cc9f0b62466a78c10ec7ccc4241ff92f48d48081d7c50a133cf9b3fbab4008331739be161146a56e1d77802fb8fbac080cd4f,08/14/2025 12:45:00 PM,3,PARKED,,2028950,,HYUNDAI,ELANTRA,IL,2014,UNKNOWN,PASSENGER,PERSONAL,E,PARKED,Y,,0,,PRIVATE INSURANCE/OWNER,,,Y,Y,,,,,,,,Y,Y,Y,,FRONT,,,,,,,,,,,,,,,,,,,,,,,,,,,,,,,,,
2128881,2d56f832e69d69a1dd63c44b7956a8bf6393949475e0d73b949495e1b7e86e408727dacadc2f6c17f03272a278cb12efa13a3089cdb7217cb54ac7fb3fbfafef,08/14/2025 12:35:00 PM,1,DRIVER,,2029451,,FORD,OTHER (EXPLAIN IN NARRATIVE),IL,2015,NONE,TRUCK - SINGLE UNIT,COMMERCIAL - SINGLE UNIT,W,TURNING LEFT,,,1,,,,,,,,,Y,,,,,,,,,SIDE-RIGHT-REAR,,,,,,,,,,,,,,,,,,,,,,,,,,,,,,,,,
2128882,2d56f832e69d69a1dd63c44b7956a8bf6393949475e0d73b949495e1b7e86e408727dacadc2f6c17f03272a278cb12efa13a3089cdb7217cb54ac7fb3fbfafef,08/14/2025 12:35:00 PM,2,PARKED,1,2029457,,FREIGHTLINER CORPORATION,FREIGHTLINER CORP.,IL,2014,NONE,VAN/MINI-VAN,COMMERCIAL - SINGLE UNIT,W,PARKED,,,1,,,,,,,,,,,,,,Y,,,,SIDE-LEFT,,,,,,,,,,,,,,,,,,,,,,,,,,,,,,,,,
2129784,b9d9925f14a8f36ea02aaee9641a452bca8f688ba4ea39312a9bf5b461a6303e6072f4ed72e1b91a288d1de53a6a4448a2e80120fff6a90c7c3dd546d0876917,08/14/2025 12:30:00 PM,1,DRIVER,,2030296,,CHEVROLET,MALIBU,IL,2012,UNKNOWN,PASSENGER,PERSONAL,S,STRAIGHT AHEAD,Y,,1,,PRIVATE TOW,,,Y,Y,,,,,,,,Y,Y,Y,,UNDER CARRIAGE,,,,,,,,,,,,,,,,,,,,,,,,,,,,,,,,,
2128316,d73be48d5bf63d07cae4bd4d41ee1e66f818c595564ad7a54dbae44edcdf6d368e138038d275e34d18aff09b64ad77efcafbbc7930f6f355967b956035db075d,08/14/2025 12:30:00 PM,1,DRIVER,,2028913,,JEEP,CHEROKEE,IL,2018,NONE,PASSENGER,PERSONAL,S,BACKING,,,1,,,,,,,,,,Y,,,,,,,,REAR,,,,,,,,,,,,,,,,,,,,,,,,,,,,,,,,,
2128317,d73be48d5bf63d07cae4bd4d41ee1e66f818c595564ad7a54dbae44edcdf6d368e138038d275e34d18aff09b64ad77efcafbbc7930f6f355967b956035db075d,08/14/2025 12:30:00 PM,2,DRIVER,,2028914,,NISSAN,SENTRA,IL,2016,NONE,PASSENGER,PERSONAL,N,SLOW/STOP IN TRAFFIC,,,1,,,,,,,,,,,,,,,,Y,,FRONT,,,,,,,,,,,,,,,,,,,,,,,,,,,,,,,,,
2128312,e8613ea8dba7c0330127ade5cd60060a9184eb491000360a4c1d26458e4eec174fac2d6edcd50d209a1a5f51a4db4b431d599d28f9c9e0b445085773f57409b1,08/14/2025 12:30:00 PM,1,DRIVER,,2028907,,MERCEDES-BENZ,C300,IL,2025,NONE,PASSENGER,PERSONAL,SW,MERGING,,,1,,,,,,,,,,,,,,Y,Y,,,FRONT-LEFT-CORNER,,,,,,,,,,,,,,,,,,,,,,,,,,,,,,,,,
2128313,e8613ea8dba7c0330127ade5cd60060a9184eb491000360a4c1d26458e4eec174fac2d6edcd50d209a1a5f51a4db4b431d599d28f9c9e0b445085773f57409b1,08/14/2025 12:30:00 PM,2,DRIVER,,2028912,,DODGE,RAM 1500 PU,IL,2020,NONE,PASSENGER,PERSONAL,W,STRAIGHT AHEAD,,,1,,,,,,Y,,,,,,,,,,,,FRONT-RIGHT-CORNER,,,,,,,,,,,,,,,,,,,,,,,,,,,,,,,,,
2128435,fd14df05437d101912c8aff165b4bb37cacaf484aaf13757149b779816d873a687c22dd15a7ae2c220d905fd513accbf22ccd10421e528505b8175d84586bb23,08/14/2025 12:25:00 PM,1,DRIVER,,2029025,,UNKNOWN,MOTORIZED,,,UNKNOWN,TRUCK - SINGLE UNIT,UNKNOWN/NA,UNKNOWN,STRAIGHT AHEAD,,,1,,,,,,,,,,,,,,,,,Y,UNKNOWN,,,,,,,,,,,,,,,,,,,,,,,,,,,,,,,,,
2128436,fd14df05437d101912c8aff165b4bb37cacaf484aaf13757149b779816d873a687c22dd15a7ae2c220d905fd513accbf22ccd10421e528505b8175d84586bb23,08/14/2025 12:25:00 PM,2,PARKED,,2029048,,AUDI,Q5,IL,2023,UNKNOWN,PASSENGER,PERSONAL,UNKNOWN,PARKED,,,0,,,,,,,,,,,Y,Y,N,,,,,SIDE-LEFT-REAR,,,,,,,,,,,,,,,,,,,,,,,,,,,,,,,,,
2135685,2b620443f4067de95b7da057a8ff45a03c0b792e4611e415441c5234ae3bde3763b0829e813f88b20107e26887f75c5361d4849f69ae90d079885a5d56a6bd86,08/14/2025 12:20:00 PM,1,DRIVER,,2035902,,VOLKSWAGEN,JETTA,IL,2016,UNKNOWN,UNKNOWN/NA,UNKNOWN/NA,N,UNKNOWN/NA,,,1,,,,,,,,,,,,,,,,,Y,UNKNOWN,,,,,,,,,,,,,,,,,,,,,,,,,,,,,,,,,
2135686,2b620443f4067de95b7da057a8ff45a03c0b792e4611e415441c5234ae3bde3763b0829e813f88b20107e26887f75c5361d4849f69ae90d079885a5d56a6bd86,08/14/2025 12:20:00 PM,2,DRIVER,,2035906,,TOYOTA,RAV4,IL,2018,UNKNOWN,PASSENGER,TAXI/FOR HIRE,E,STRAIGHT AHEAD,,,1,,,,,Y,,,,,,,,,,,,,UNKNOWN,,,,,,,,,,,,,,,,,,,,,,,,,,,,,,,,,
2131876,081c126318b0e6e954bfeba4c55413d77b7df90b9060e69512faebd97cefb36492afb84dbbe3c6531efc61865c74c1fd1ec795ba70cf95c0619fc900d11bd2e2,08/14/2025 12:15:00 PM,1,DRIVER,,2032254,,FORD,EXPLORER,IL,2020,NONE,OTHER,POLICE,S,STRAIGHT AHEAD,,,1,,,,Y,,,,,,,,,,,,,,NONE,,,,,,,,,,,,,,,,,,,,,,,,,,,,,,,,,
2131877,081c126318b0e6e954bfeba4c55413d77b7df90b9060e69512faebd97cefb36492afb84dbbe3c6531efc61865c74c1fd1ec795ba70cf95c0619fc900d11bd2e2,08/14/2025 12:15:00 PM,2,DRIVER,,2032255,,TOYOTA,CAMRY,IL,2023,NONE,PASSENGER,PERSONAL,S,STRAIGHT AHEAD,,,1,,,,,,,,,,Y,,,,,,,,REAR,,,,,,,,,,,,,,,,,,,,,,,,,,,,,,,,,
2131979,a503457eeab0081b48906e789214723e293a2cb2da1da63ef4656a72448554e37b92d80ab4b2bcaf5a1b406e8698a0aa850506ad6621ed7fff58b0463ee21aca,08/14/2025 12:15:00 PM,1,DRIVER,1,2032343,,TOYOTA,PRIUS,IL,2014,NONE,PASSENGER,PERSONAL,E,TURNING LEFT,,,2,,,,,,,,,,,,,,Y,Y,,,FRONT-LEFT-CORNER,,,,,,,,,,,,,,,,,,,,,,,,,,,,,,,,,
2131980,a503457eeab0081b48906e789214723e293a2cb2da1da63ef4656a72448554e37b92d80ab4b2bcaf5a1b406e8698a0aa850506ad6621ed7fff58b0463ee21aca,08/14/2025 12:15:00 PM,2,DRIVER,1,2032344,,HYUNDAI,SONATA,IL,2013,NONE,PASSENGER,PERSONAL,E,STRAIGHT AHEAD,,,2,,,,,Y,Y,,,,,,,,,,,,FRONT-RIGHT-CORNER,,,,,,,,,,,,,,,,,,,,,,,,,,,,,,,,,