CRASH_UNIT_ID,CRASH_RECORD_ID,CRASH_DATE,UNIT_NO,UNIT_TYPE,NUM_PASSENGERS,VEHICLE_ID,CMRC_VEH_I,MAKE,MODEL,LIC_PLATE_STATE,VEHICLE_YEAR,VEHICLE_DEFECT,VEHICLE_TYPE,VEHICLE_USE,TRAVEL_DIRECTION,MANEUVER,TOWED_I,FIRE_I,OCCUPANT_CNT,EXCEED_SPEED_LIMIT_I,TOWED_BY,TOWED_TO,AREA_00_I,AREA_01_I,AREA_02_I,AREA_03_I,AREA_04_I,AREA_05_I,AREA_06_I,AREA_07_I,AREA_08_I,AREA_09_I,AREA_10_I,AREA_11_I,AREA_12_I,AREA_99_I,FIRST_CONTACT_POINT,CMV_ID,USDOT_NO,CCMC_NO,ILCC_NO,COMMERCIAL_SRC,GVWR,CARRIER_NAME,CARRIER_STATE,CARRIER_CITY,HAZMAT_PLACARDS_I,HAZMAT_NAME,UN_NO,HAZMAT_PRESENT_I,HAZMAT_REPORT_I,HAZMAT_REPORT_NO,MCS_REPORT_I,MCS_REPORT_NO,HAZMAT_VIO_CAUSE_CRASH_I,MCS_VIO_CAUSE_CRASH_I,IDOT_PERMIT_NO,WIDE_LOAD_I,TRAILER1_WIDTH,TRAILER2_WIDTH,TRAILER1_LENGTH,TRAILER2_LENGTH,TOTAL_VEHICLE_LENGTH,AXLE_CNT,VEHICLE_CONFIG,CARGO_BODY_TYPE,LOAD_TYPE,HAZMAT_OUT_OF_SERVICE_I,MCS_OUT_OF_SERVICE_I,HAZMAT_CLASS
2128314,30aece073bc84dd929b5ef9f578c1a2f69f95ed1687aeb7fbae03fc7b45513770258d6a541fb8186240b172c992422d73290ea78446fd3681650642d70959ae2,08/14/2025 12:10:00 PM,1,DRIVER,,2028917,,JEEP,JEEP,IL,2014,NONE,SPORT UTILITY VEHICLE (SUV),UNKNOWN/NA,S,STRAIGHT AHEAD,,,1,,,,,,,,,,,,,,,,N,Y,FRONT,,,,,,,,,,,,,,,,,,,,,,,,,,,,,,,,,
2128315,30aece073bc84dd929b5ef9f578c1a2f69f95ed1687aeb7fbae03fc7b45513770258d6a541fb8186240b172c992422d73290ea78446fd3681650642d70959ae2,08/14/2025 12:10:00 PM,2,DRIVER,1,2028920,,DODGE,CHARGER,IN,2017,NONE,SPORT UTILITY VEHICLE (SUV),PERSONAL,S,SLOW/STOP IN TRAFFIC,,,2,,,,,,,,,,,,,,,,,Y,REAR,,,,,,,,,,,,,,,,,,,,,,,,,,,,,,,,,
2132153,08cc83ab99230ca17718ce41d9a3f85aaf79adfda1fc7b3ac560cbecfc5057637d7baf26bf3f786a0682ab08d214edc5304e6e2b630d219b0b84ae4af64b1387,08/14/2025 12:05:00 PM,1,DRIVER,,2032513,,MAZDA,CX-9,IL,2008,UNKNOWN,UNKNOWN/NA,UNKNOWN/NA,UNKNOWN,LEAVING TRAFFIC LANE TO PARK,,,1,,,,,,,,,,,,,,Y,Y,Y,,FRONT-LEFT-CORNER,,,,,,,,,,,,,,,,,,,,,,,,,,,,,,,,,
2132154,08cc83ab99230ca17718ce41d9a3f85aaf79adfda1fc7b3ac560cbecfc5057637d7baf26bf3f786a0682ab08d214edc5304e6e2b630d219b0b84ae4af64b1387,08/14/2025 12:05:00 PM,2,PARKED,,2032516,,NISSAN,SENTRA,IL,2019,UNKNOWN,PASSENGER,UNKNOWN/NA,UNKNOWN,PARKED,,,0,,,,,,,,Y,Y,Y,,,,,,,,REAR-RIGHT-CORNER,,,,,,,,,,,,,,,,,,,,,,,,,,,,,,,,,
2128331,4efa587babeba6bd0d96239387489cb74960a73330304477a53cfd3c96431c005d806aee42ccd6b6592fe9008d64c0ecff86200f2b27111be00751d1ac5a5cbb,08/14/2025 12:05:00 PM,1,DRIVER,,2028928,,ACURA,ADX,IL,2005,UNKNOWN,SPORT UTILITY VEHICLE (SUV),PERSONAL,W,BACKING,,,1,,,,,,,,,Y,Y,Y,,,,,,,REAR,,,,,,,,,,,,,,,,,,,,,,,,,,,,,,,,,
2128332,4efa587babeba6bd0d96239387489cb74960a73330304477a53cfd3c96431c005d806aee42ccd6b6592fe9008d64c0ecff86200f2b27111be00751d1ac5a5cbb,08/14/2025 12:05:00 PM,2,DRIVER,,2028934,,CHEVROLET,MALIBU,IL,2018,NONE,PASSENGER,PERSONAL,N,STRAIGHT AHEAD,,,1,,,,,,Y,Y,Y,,,,,,,,,,SIDE-RIGHT,,,,,,,,,,,,,,,,,,,,,,,,,,,,,,,,,
2128324,6083596240e9a414608276c74fd6640f8b4e0327d6dc2d7602feb5fedc8fce2e4958e8f819bb53e8c941cae61e86389fda5d97be368b7ae98d6a8abf8975d20a,08/14/2025 12:00:00 PM,1,DRIVER,,2028918,,UNKNOWN,MOTORIZED,,,UNKNOWN,UNKNOWN/NA,UNKNOWN/NA,UNKNOWN,UNKNOWN/NA,,,1,,,,,,,,,,,,,,,,,,UNKNOWN,,,,,,,,,,,,,,,,,,,,,,,,,,,,,,,,,
2128325,6083596240e9a414608276c74fd6640f8b4e0327d6dc2d7602feb5fedc8fce2e4958e8f819bb53e8c941cae61e86389fda5d97be368b7ae98d6a8abf8975d20a,08/14/2025 12:00:00 PM,2,PARKED,,2028922,,ACURA,ADX,IL,2022,NONE,PASSENGER,NOT IN USE,E,PARKED,,,0,,,,,Y,Y,Y,Y,Y,,,,,,,,,SIDE-RIGHT,,,,,,,,,,,,,,,,,,,,,,,,,,,,,,,,,
2128302,94f6fe6147c456d238eb824069283545af9dd50b1b302f62b834b4fa14115b689508a253356790cc8c3449f037b612a87ee05c2cdb440ceb55e51c6fbeb3300d,08/14/2025 12:00:00 PM,1,DRIVER,,2028893,,BLUEBIRD INTERNATIONAL,BLUEBIRD INTERNATIONAL,IL,2018,NONE,BUS OVER 15 PASS.,PERSONAL,SE,TURNING LEFT,,,1,,,,,,,,Y,Y,,,,,,,,,REAR-RIGHT-CORNER,,,,,,,,,,,,,,,,,,,,,,,,,,,,,,,,,
2128303,94f6fe6147c456d238eb824069283545af9dd50b1b302f62b834b4fa14115b689508a253356790cc8c3449f037b612a87ee05c2cdb440ceb55e51c6fbeb3300d,08/14/2025 12:00:00 PM,2,PARKED,,2028897,,BUICK,ENCLAVE,IL,2011,NONE,SPORT UTILITY VEHICLE (SUV),NOT IN USE,E,PARKED,,,0,,,,,,,,,,,,Y,Y,Y,,,,SIDE-LEFT,,,,,,,,,,,,,,,,,,,,,,,,,,,,,,,,,
2128471,9a5124d1d2997f52b966f543416aff10fe98b537f613bccdb891ec8c30c7aca6ff75537e0ea8e7ab62d21ff5a74bae603730743cdbcb32558d4511cc419f70b0,08/14/2025 12:00:00 PM,1,DRIVER,,2029059,,JEEP,COMPASS,IL,2011,UNKNOWN,PASSENGER,PERSONAL,W,STRAIGHT AHEAD,,,1,,,,N,,,,,,,,,,,,,,UNKNOWN,,,,,,,,,,,,,,,,,,,,,,,,,,,,,,,,,
2128472,9a5124d1d2997f52b966f543416aff10fe98b537f613bccdb891ec8c30c7aca6ff75537e0ea8e7ab62d21ff5a74bae603730743cdbcb32558d4511cc419f70b0,08/14/2025 12:00:00 PM,2,PARKED,,2029069,,FORD,ESCAPE,IL,2024,UNKNOWN,PASSENGER,PERSONAL,W,PARKED,,,0,,,,,Y,Y,Y,,,,,,,,,,,FRONT-RIGHT-CORNER,,,,,,,,,,,,,,,,,,,,,,,,,,,,,,,,,
2128443,b2a47e6a4fd548b50152b5aa737be29d5d4c58b6b5d82b7c9df93bd76f5f5ebd9c82a8bcaa68b5f21c0e57eb0b4ff6b42d682161574fb71552ffa28c871107fa,08/14/2025 12:00:00 PM,1,DRIVER,1,2029033,,OLDSMOBILE,ALERO,IL,,UNKNOWN,PASSENGER,UNKNOWN/NA,S,STRAIGHT AHEAD,,,2,,,,,Y,,,,,,,,,,Y,Y,,FRONT,,,,,,,,,,,,,,,,,,,,,,,,,,,,,,,,,
2128444,b2a47e6a4fd548b50152b5aa737be29d5d4c58b6b5d82b7c9df93bd76f5f5ebd9c82a8bcaa68b5f21c0e57eb0b4ff6b42d682161574fb71552ffa28c871107fa,08/14/2025 12:00:00 PM,2,DRIVER,,2029040,,TOYOTA,CAMRY,IL,2011,NONE,PASSENGER,PERSONAL,N,STRAIGHT AHEAD,,,1,,,,,N,,,,,,,,,,Y,Y,,FRONT-LEFT-CORNER,,,,,,,,,,,,,,,,,,,,,,,,,,,,,,,,,
2128742,e75cabb85f436d1ad8bdabf0d75330ad9b18e75cfb9996b1c80f8abcbfcb2d8955731afb4d2dfe5b8eee78cc32ddf177fa4e2ae3f67e0d0c2206115b570d0bfb,08/14/2025 12:00:00 PM,1,DRIVER,,2029312,,UNKNOWN,OTHER (EXPLAIN IN NARRATIVE),,,UNKNOWN,UNKNOWN/NA,UNKNOWN/NA,UNKNOWN,UNKNOWN/NA,,,1,,,,,,,,,,,,,,,,,Y,UNKNOWN,,,,,,,,,,,,,,,,,,,,,,,,,,,,,,,,,
2128743,e75cabb85f436d1ad8bdabf0d75330ad9b18e75cfb9996b1c80f8abcbfcb2d8955731afb4d2dfe5b8eee78cc32ddf177fa4e2ae3f67e0d0c2206115b570d0bfb,08/14/2025 12:00:00 PM,2,PARKED,,2029316,,FORD,ESCORT,IL,2018,NONE,SPORT UTILITY VEHICLE (SUV),NOT IN USE,UNKNOWN,PARKED,,,0,,,,,Y,,,,,,,,,,Y,Y,,SIDE-RIGHT-FRONT,,,,,,,,,,,,,,,,,,,,,,,,,,,,,,,,,
2128298,fc8e5f72a02d21174305c633679b0df8c3b119995f219b62b3e536d39e09e1b3435feeea15ecf0736ca64b610d4e949c92865df4a6376ad8b49cbeb516060e69,08/14/2025 12:00:00 PM,1,DRIVER,,2028891,,FORD,F150,IL,2022,UNKNOWN,PICKUP,PERSONAL,E,TURNING LEFT,,,1,,,,,Y,Y,,,,,,,,,,,,FRONT-RIGHT-CORNER,,,,,,,,,,,,,,,,,,,,,,,,,,,,,,,,,
2128299,fc8e5f72a02d21174305c633679b0df8c3b119995f219b62b3e536d39e09e1b3435feeea15ecf0736ca64b610d4e949c92865df4a6376ad8b49cbeb516060e69,08/14/2025 12:00:00 PM,2,DRIVER,1,2028898,,MERCEDES-BENZ,350 SERIES,IL,2020,UNKNOWN,PASSENGER,RIDESHARE SERVICE,N,STRAIGHT AHEAD,,,2,,,,,,,,,,,,,,,Y,,,FRONT-LEFT-CORNER,,,,,,,,,,,,,,,,,,,,,,,,,,,,,,,,,
2128291,4c91a7193974ca95aa8463080dacc8b35fd35d8f128034a974c9a53d92e8a29dc689855f4488a4fbb20ea3ecc78341a9cafd63bf8394119bbceabc60ff48f056,08/14/2025 11:50:00 AM,1,DRIVER,,2028896,,UNKNOWN,MOTORIZED,IL,,UNKNOWN,UNKNOWN/NA,UNKNOWN/NA,W,STRAIGHT AHEAD,,,1,,,,,,,,,,,,,,,,,,UNKNOWN,,,,,,,,,,,,,,,,,,,,,,,,,,,,,,,,,
2128292,4c91a7193974ca95aa8463080dacc8b35fd35d8f128034a974c9a53d92e8a29dc689855f4488a4fbb20ea3ecc78341a9cafd63bf8394119bbceabc60ff48f056,08/14/2025 11:50:00 AM,2,DRIVER,1,2028894,,KIA,TELLURIDE,IL,2020,NONE,PASSENGER,PERSONAL,W,MERGING,,,2,,,,,,,,,,,Y,Y,Y,,,,,SIDE-RIGHT-REAR,,,,,,,,,,,,,,,,,,,,,,,,,,,,,,,,,
2129124,c733480cc9606d54f2a2d0d143d9c1236b9d6abeee0d6bd512c67833f5459827bff13c74ec1f6a215dd3e94e422b9fabe88bf850d83263fbb2bd1b4bc07cf0ce,08/14/2025 11:50:00 AM,1,DRIVER,,2029673,,HYUNDAI,ACCENT,IL,2013,UNKNOWN,PASSENGER,UNKNOWN/NA,S,ENTERING TRAFFIC LANE FROM PARKING,,,1,,,,,,,,,,,,,,,Y,,,FRONT-LEFT-CORNER,,,,,,,,,,,,,,,,,,,,,,,,,,,,,,,,,
2129125,c733480cc9606d54f2a2d0d143d9c1236b9d6abeee0d6bd512c67833f5459827bff13c74ec1f6a215dd3e94e422b9fabe88bf850d83263fbb2bd1b4bc07cf0ce,08/14/2025 11:50:00 AM,2,DRIVER,,2029680,,HONDA,CR-V,MI,2011,NONE,SPORT UTILITY VEHICLE (SUV),PERSONAL,S,STRAIGHT AHEAD,Y,,1,,,,,Y,Y,,,,,,,,,,,,FRONT-RIGHT-CORNER,,,,,,,,,,,,,,,,,,,,,,,,,,,,,,,,,
2128360,3b2d508a7abdc8fea7428cee8105ae913acf4897e666670b9378ef04b8caaffc884c1b0c9804ae453dbd998351ce406dd5dee141ef34eb626c4e1c0ad9e6d26f,08/14/2025 11:48:00 AM,1,DRIVER,,2028970,,KIA,TELLURIDE,IL,2020,UNKNOWN,UNKNOWN/NA,UNKNOWN/NA,W,TURNING LEFT,,,1,,,,,,,,,,,,,,,Y,,,FRONT-LEFT-CORNER,,,,,,,,,,,,,,,,,,,,,,,,,,,,,,,,,
2128361,3b2d508a7abdc8fea7428cee8105ae913acf4897e666670b9378ef04b8caaffc884c1b0c9804ae453dbd998351ce406dd5dee141ef34eb626c4e1c0ad9e6d26f,08/14/2025 11:48:00 AM,2,DRIVER,,2028965,,HONDA,HR-V,IL,2021,UNKNOWN,PASSENGER,UNKNOWN/NA,W,TURNING LEFT,,,1,,,,,Y,Y,,,,,,,,,,Y,,SIDE-RIGHT-FRONT,,,,,,,,,,,,,,,,,,,,,,,,,,,,,,,,,
2128666,4b4391086cbbf3333c3c915435f22f1ea1b94e33bcb1248c349f32942a9498c011751f4b2b7612d3c0f0d09a33e53efa7af486d02c38320e405c77d20e397d9d,08/14/2025 11:45:00 AM,1,DRIVER,,2029244,Y,UNKNOWN,MOTORIZED,IL,,UNKNOWN,UNKNOWN/NA,COMMERCIAL - SINGLE UNIT,UNKNOWN,UNKNOWN/NA,,,1,,,,,,,,,,,,,,,,,Y,UNKNOWN,"22,004",,,,,,AVROM FARM,WI,RIPON,,,,U,U,,U,,U,U,,,,,,,,,,,UNKNOWN,N,N,
2128667,4b4391086cbbf3333c3c915435f22f1ea1b94e33bcb1248c349f32942a9498c011751f4b2b7612d3c0f0d09a33e53efa7af486d02c38320e405c77d20e397d9d,08/14/2025 11:45:00 AM,2,PARKED,,2029252,,JEEP,WRANGLER,IL,2008,UNKNOWN,PASSENGER,PERSONAL,UNKNOWN,PARKED,Y,,0,,intent to tow,intent to tow,,,,,,,,,,,Y,Y,,,FRONT-LEFT-CORNER,,,,,,,,,,,,,,,,,,,,,,,,,,,,,,,,,
2128310,904ec80affd9bed3e10074dfb41d43170981598c9e024678d6780d21bfbfda65bd0cd0e4608d83d978dc8f60896f430cf3daad21d0b8ecaece131b25370689be,08/14/2025 11:41:00 AM,1,DRIVER,,2028908,,FORD,300 SERIES,IL,2020,NONE,OTHER,COMMERCIAL - SINGLE UNIT,W,LEAVING TRAFFIC LANE TO PARK,,,1,,,,Y,,,,,,,,,,,,,,REAR-RIGHT-CORNER,,,,,,,,,,,,,,,,,,,,,,,,,,,,,,,,,
2128311,904ec80affd9bed3e10074dfb41d43170981598c9e024678d6780d21bfbfda65bd0cd0e4608d83d978dc8f60896f430cf3daad21d0b8ecaece131b25370689be,08/14/2025 11:41:00 AM,2,PARKED,,2028911,,BUICK,ENVISION,IL,2023,NONE,PASSENGER,PERSONAL,UNKNOWN,PARKED,,,0,,,,,,,,,,,,,,,,Y,,FRONT,,,,,,,,,,,,,,,,,,,,,,,,,,,,,,,,,
2128300,03caf7e64f298618e1156c131f748b76fac678deb952f508dd4e4dd1b99a54444f351a7faa01d69fc353afaa97a038961b2d95941c37d6bda576aa22e2990da6,08/14/2025 11:40:00 AM,1,DRIVER,,2028895,,NISSAN,SENTRA,IL,2011,UNKNOWN,PASSENGER,PERSONAL,N,ENTERING TRAFFIC LANE FROM PARKING,,,1,,,,,Y,,,,,,,,,,Y,Y,,REAR,,,,,,,,,,,,,,,,,,,,,,,,,,,,,,,,,
2128301,03caf7e64f298618e1156c131f748b76fac678deb952f508dd4e4dd1b99a54444f351a7faa01d69fc353afaa97a038961b2d95941c37d6bda576aa22e2990da6,08/14/2025 11:40:00 AM,2,DRIVER,2,2028900,,HONDA,CIVIC,IL,2019,UNKNOWN,PASSENGER,PERSONAL,E,STRAIGHT AHEAD,,,3,,,,,,,,,,,,,Y,Y,Y,Y,,SIDE-LEFT,,,,,,,,,,,,,,,,,,,,,,,,,,,,,,,,,
2130335,ecb4b9cb8f924ba08cd07663999cfbcc3a2745d781f54a727ab184ae54bdc3e9c0e5b24b17f1ef412b7fd9d8f3cf0569620bb9d017a6244d408052303ddfa9e7,08/14/2025 11:39:00 AM,1,DRIVER,,2030826,Y,ISUZU,TRUCK,IL,2021,NONE,TRUCK - SINGLE UNIT,COMMERCIAL - SINGLE UNIT,W,STRAIGHT AHEAD,Y,,1,,PRIVATE,,,,,,,,,,,,,,,,TOP,"22,014",,,,,,PENSKE LEASING AND RENTAL CO,IL,WAUKEGAN,,,,N,N,,N,,N,N,,,,,,,,2,"SINGLE UNIT TRUCK, 2 AXLES, 6 TIRES",OTHER,OTHER,N,N,
2128306,20ac4b77ac5d93bc7537bc0b881b77ea6dad229ba5d58a142d1ba1ebcbed467d8842e47619cc6a031d616a88f8e967ca38101702f904750e3f55d92f6f0a8804,08/14/2025 11:35:00 AM,1,DRIVER,,2028905,,TOYOTA,AVALON,IL,2011,UNKNOWN,PASSENGER,PERSONAL,N,CHANGING LANES,,,1,,,,,,,Y,Y,Y,Y,Y,,,,,,,REAR-RIGHT-CORNER,,,,,,,,,,,,,,,,,,,,,,,,,,,,,,,,,
2128307,20ac4b77ac5d93bc7537bc0b881b77ea6dad229ba5d58a142d1ba1ebcbed467d8842e47619cc6a031d616a88f8e967ca38101702f904750e3f55d92f6f0a8804,08/14/2025 11:35:00 AM,2,DRIVER,,2028910,,INFINITI,QX50,IL,2019,UNKNOWN,PASSENGER,PERSONAL,N,STRAIGHT AHEAD,Y,,1,,,,,Y,,,,,,,,,,Y,Y,,FRONT-LEFT-CORNER,,,,,,,,,,,,,,,,,,,,,,,,,,,,,,,,,
2128293,d46097213291eb90d49756d2d9b1683aa15d5347969a2c9668d272e14974ac36b67ccf6e81515f198af84ee79a531cf124a09d5286b0794ca8997f9e3e849ea8,08/14/2025 11:35:00 AM,1,DRIVER,,2028890,,NISSAN,SENTRA,IL,2005,UNKNOWN,PASSENGER,PERSONAL,S,STRAIGHT AHEAD,,,1,,,,,,,,,,,,,,,,Y,,FRONT,,,,,,,,,,,,,,,,,,,,,,,,,,,,,,,,,
2128294,d46097213291eb90d49756d2d9b1683aa15d5347969a2c9668d272e14974ac36b67ccf6e81515f198af84ee79a531cf124a09d5286b0794ca8997f9e3e849ea8,08/14/2025 11:35:00 AM,2,DRIVER,,2028899,,HONDA,HR-V,IL,2018,NONE,PASSENGER,PERSONAL,S,SLOW/STOP IN TRAFFIC,,,1,,,,,,,,,,Y,,,,,,Y,,REAR,,,,,,,,,,,,,,,,,,,,,,,,,,,,,,,,,
2128295,d46097213291eb90d49756d2d9b1683aa15d5347969a2c9668d272e14974ac36b67ccf6e81515f198af84ee79a531cf124a09d5286b0794ca8997f9e3e849ea8,08/14/2025 11:35:00 AM,3,DRIVER,1,2028902,,NISSAN,ALTIMA,KY,2014,NONE,PASSENGER,PERSONAL,S,SLOW/STOP IN TRAFFIC,,,2,,,,,,,,,,Y,,,,,,,,REAR,,,,,,,,,,,,,,,,,,,,,,,,,,,,,,,,,
2128285,2266a3779e620e7770c1c25488ab70248d734a34bcb622cf0d7a6863d1f8dc3139179043543e286327ce759eb07ad1e8a3750568cb6d9c631668dff5557cdf6c,08/14/2025 11:23:00 AM,1,DRIVER,,2028880,,TOYOTA,RAV4,IL,2018,NONE,PASSENGER,PERSONAL,W,STARTING IN TRAFFIC,,,1,,,,,,,,,,,,,,,Y,,,FRONT-LEFT-CORNER,,,,,,,,,,,,,,,,,,,,,,,,,,,,,,,,,
2128286,2266a3779e620e7770c1c25488ab70248d734a34bcb622cf0d7a6863d1f8dc3139179043543e286327ce759eb07ad1e8a3750568cb6d9c631668dff5557cdf6c,08/14/2025 11:23:00 AM,2,DRIVER,,2028888,,TOYOTA,RAV4,IL,2025,NONE,PASSENGER,PERSONAL,W,STRAIGHT AHEAD,,,1,,,,,Y,,,,,,,,,,,,,FRONT-RIGHT-CORNER,,,,,,,,,,,,,,,,,,,,,,,,,,,,,,,,,
2128289,d591214b318fd877b3baf0458daac3b8e80cd110acb298a856da9d69d6a88fadd3b896ba12017ce7b6a565632740430417b80fe5008284abedcc00a65b1aec4e,08/14/2025 11:22:00 AM,1,DRIVER,,2028885,,UNKNOWN,OTHER (EXPLAIN IN NARRATIVE),,,UNKNOWN,PASSENGER,PERSONAL,N,BACKING,,,1,,,,,,,,,,,,,,,,,Y,REAR,,,,,,,,,,,,,,,,,,,,,,,,,,,,,,,,,
2128290,d591214b318fd877b3baf0458daac3b8e80cd110acb298a856da9d69d6a88fadd3b896ba12017ce7b6a565632740430417b80fe5008284abedcc00a65b1aec4e,08/14/2025 11:22:00 AM,2,PARKED,,2028886,,AUDI,Q7,IL,2025,UNKNOWN,PASSENGER,NOT IN USE,N,PARKED,,,0,,,,,,,,,,Y,Y,,,,,,,REAR,,,,,,,,,,,,,,,,,,,,,,,,,,,,,,,,,
2128279,9129c1bbfd74980ad8f7e8e38c49b8e55839348be7f07a2c23c4e9839848413b63ea6a744587b2fc9e9800711bf8f53315fb9d4f9eb7780cba917199b5a11937,08/14/2025 11:20:00 AM,1,DRIVER,,2028878,,TOYOTA,RAV4,IL,2021,NONE,PASSENGER,PERSONAL,S,PASSING/OVERTAKING,Y,,1,,SSN,500 E LOWER WACKER DR,,,,,Y,Y,Y,,,,Y,Y,,,REAR-RIGHT-CORNER,,,,,,,,,,,,,,,,,,,,,,,,,,,,,,,,,
2128280,9129c1bbfd74980ad8f7e8e38c49b8e55839348be7f07a2c23c4e9839848413b63ea6a744587b2fc9e9800711bf8f53315fb9d4f9eb7780cba917199b5a11937,08/14/2025 11:20:00 AM,2,DRIVER,,2028883,,LINCOLN,TOWNCAR,IL,2000,NONE,PASSENGER,PERSONAL,S,STRAIGHT AHEAD,Y,,1,,SSN,500 E LOWER WACKER DR,,,,,,,Y,Y,Y,,,,,,REAR-LEFT-CORNER,,,,,,,,,,,,,,,,,,,,,,,,,,,,,,,,,
2128417,26e1274f0fb283bbcd67598081444ff66275f4ad446d3fe28f20ae34c2687d67e5a8e846b5eea831a0ca458756e35b9484c87082281e9092d07ae4cade1873a4,08/14/2025 11:00:00 AM,1,DRIVER,,2029022,,UNKNOWN,MOTORIZED,,,UNKNOWN,TRACTOR W/ SEMI-TRAILER,UNKNOWN/NA,S,STRAIGHT AHEAD,,,1,,,,,,,,,,,,,,,,,Y,SIDE-LEFT,,,,,,,,,,,,,,,,,,,,,,,,,,,,,,,,,
2128418,26e1274f0fb283bbcd67598081444ff66275f4ad446d3fe28f20ae34c2687d67e5a8e846b5eea831a0ca458756e35b9484c87082281e9092d07ae4cade1873a4,08/14/2025 11:00:00 AM,2,DRIVER,,2029026,,FORD,BRONCO / BRONCO II,IL,2021,NONE,PASSENGER,PERSONAL,S,SLOW/STOP IN TRAFFIC,,,1,,,,,,Y,Y,Y,,,,,,,,,,SIDE-RIGHT,,,,,,,,,,,,,,,,,,,,,,,,,,,,,,,,,
2128283,7d57110812a31e8efc27340758901c571c9ca96445feabf76fd16c54c7e3e87e303f54ed50cc9e33ba7c353d17ed2c38da72e3f8416baa19ee9b7d41e3a52f38,08/14/2025 11:00:00 AM,1,DRIVER,,2028877,,JEEP,COMPASS,GA,2019,UNKNOWN,SPORT UTILITY VEHICLE (SUV),PERSONAL,E,MERGING,,,1,,,,,,,,,,,,,,Y,Y,,,FRONT-LEFT-CORNER,,,,,,,,,,,,,,,,,,,,,,,,,,,,,,,,,
2128284,7d57110812a31e8efc27340758901c571c9ca96445feabf76fd16c54c7e3e87e303f54ed50cc9e33ba7c353d17ed2c38da72e3f8416baa19ee9b7d41e3a52f38,08/14/2025 11:00:00 AM,2,DRIVER,,2028882,,TESLA,MODEL Y,IL,2021,NONE,PASSENGER,PERSONAL,E,STRAIGHT AHEAD,,,1,,,,,Y,,,,,,,,,,Y,Y,,FRONT,,,,,,,,,,,,,,,,,,,,,,,,,,,,,,,,,
2129441,1369f23bf04277ca802e8106580d5ebc48b43cbd2083a1df7aa19a18a9383f7daa822504b5cceb4b1dacc6a40cea9150e97343ab4934cf35affac02f672ce3c4,08/14/2025 10:39:00 AM,1,DRIVER,,2029978,,TOYOTA,RAV4,IL,2021,UNKNOWN,PASSENGER,PERSONAL,S,OTHER,,,1,,,,,,,,,,,,,,,,,Y,UNKNOWN,,,,,,,,,,,,,,,,,,,,,,,,,,,,,,,,,
2129442,1369f23bf04277ca802e8106580d5ebc48b43cbd2083a1df7aa19a18a9383f7daa822504b5cceb4b1dacc6a40cea9150e97343ab4934cf35affac02f672ce3c4,08/14/2025 10:39:00 AM,2,DRIVER,,2029986,,HINO,OTHER (EXPLAIN IN NARRATIVE),IL,2009,UNKNOWN,OTHER,OTHER,S,STRAIGHT AHEAD,,,1,,,,,Y,Y,Y,Y,Y,,,,,,,,,SIDE-RIGHT,,,,,,,,,,,,,,,,,,,,,,,,,,,,,,,,,
2129451,1369f23bf04277ca802e8106580d5ebc48b43cbd2083a1df7aa19a18a9383f7daa822504b5cceb4b1dacc6a40cea9150e97343ab4934cf35affac02f672ce3c4,08/14/2025 10:39:00 AM,3,DISABLED VEHICLE,,2030008,,MAZDA,MAZDA3,,,UNKNOWN,OTHER,OTHER,S,OTHER,,,0,,,,,Y,Y,,,,,,,,,,,,SIDE-RIGHT-FRONT,,,,,,,,,,,,,,,,,,,,,,,,,,,,,,,,,
2128276,c8f520ccdad84eed58de2748289c99ade9678d88663090494841d79208192db660e4ba7b96bc3642d740764e6ae841769277921708f3d0c11ac5a5150479fa16,08/14/2025 10:39:00 AM,1,DRIVER,1,2028879,,TOYOTA,COROLLA,IL,2023,NONE,PASSENGER,PERSONAL,N,STRAIGHT AHEAD,Y,,2,,CITY OF CHICAGO,400 E LOWER WACKER DR,,,,,,,,,,,,,Y,,FRONT,,,,,,,,,,,,,,,,,,,,,,,,,,,,,,,,,
2128277,c8f520ccdad84eed58de2748289c99ade9678d88663090494841d79208192db660e4ba7b96bc3642d740764e6ae841769277921708f3d0c11ac5a5150479fa16,08/14/2025 10:39:00 AM,2,DRIVER,1,2028889,,DODGE,CHARGER,IL,2015,NONE,PASSENGER,PERSONAL,N,STRAIGHT AHEAD,,,2,,,,,,,,,,Y,,,,,,,,REAR,,,,,,,,,,,,,,,,,,,,,,,,,,,,,,,,,
2128269,0fa3d52e4e77e9264634c98226f2446a287e398645dd9932c5946adbe29a222128ac9b3b1b4e1d0c1a38f986d423499a5214814d45a7a297e8e03929f7ef0d08,08/14/2025 10:36:00 AM,1,DRIVER,,2028871,,HYUNDAI,SONATA,IL,2023,UNKNOWN,SPORT UTILITY VEHICLE (SUV),PERSONAL,W,CHANGING LANES,,,1,,,,,,,,,,,,,,Y,Y,,,FRONT,,,,,,,,,,,,,,,,,,,,,,,,,,,,,,,,,
2128270,0fa3d52e4e77e9264634c98226f2446a287e398645dd9932c5946adbe29a222128ac9b3b1b4e1d0c1a38f986d423499a5214814d45a7a297e8e03929f7ef0d08,08/14/2025 10:36:00 AM,2,DRIVER,,2028887,,NOVA BUS,LFS,IL,2022,NONE,BUS UP TO 15 PASS.,CTA,W,STRAIGHT AHEAD,,,1,,,,,,,,,,,Y,Y,,,,,,REAR-LEFT-CORNER,,,,,,,,,,,,,,,,,,,,,,,,,,,,,,,,,