CRASH_UNIT_ID,CRASH_RECORD_ID,CRASH_DATE,UNIT_NO,UNIT_TYPE,NUM_PASSENGERS,VEHICLE_ID,CMRC_VEH_I,MAKE,MODEL,LIC_PLATE_STATE,VEHICLE_YEAR,VEHICLE_DEFECT,VEHICLE_TYPE,VEHICLE_USE,TRAVEL_DIRECTION,MANEUVER,TOWED_I,FIRE_I,OCCUPANT_CNT,EXCEED_SPEED_LIMIT_I,TOWED_BY,TOWED_TO,AREA_00_I,AREA_01_I,AREA_02_I,AREA_03_I,AREA_04_I,AREA_05_I,AREA_06_I,AREA_07_I,AREA_08_I,AREA_09_I,AREA_10_I,AREA_11_I,AREA_12_I,AREA_99_I,FIRST_CONTACT_POINT,CMV_ID,USDOT_NO,CCMC_NO,ILCC_NO,COMMERCIAL_SRC,GVWR,CARRIER_NAME,CARRIER_STATE,CARRIER_CITY,HAZMAT_PLACARDS_I,HAZMAT_NAME,UN_NO,HAZMAT_PRESENT_I,HAZMAT_REPORT_I,HAZMAT_REPORT_NO,MCS_REPORT_I,MCS_REPORT_NO,HAZMAT_VIO_CAUSE_CRASH_I,MCS_VIO_CAUSE_CRASH_I,IDOT_PERMIT_NO,WIDE_LOAD_I,TRAILER1_WIDTH,TRAILER2_WIDTH,TRAILER1_LENGTH,TRAILER2_LENGTH,TOTAL_VEHICLE_LENGTH,AXLE_CNT,VEHICLE_CONFIG,CARGO_BODY_TYPE,LOAD_TYPE,HAZMAT_OUT_OF_SERVICE_I,MCS_OUT_OF_SERVICE_I,HAZMAT_CLASS
2128659,134c028cdaa5cf826ab731da11f6656d1ee4a788006352fb609bc6e0fa09e9c37dcc5e923a8e392db8ffc985874ff93aeb120d5d791d03972001769472c3fa25,08/14/2025 10:30:00 AM,1,DRIVER,,2029238,,INTERNATIONAL COACH MANUFACTURING,OTHER (EXPLAIN IN NARRATIVE),IL,2018,NONE,BUS OVER 15 PASS.,SCHOOL BUS,S,PASSING/OVERTAKING,,,1,,,,,,,,Y,,,,,,,,,,REAR-RIGHT-CORNER,,,,,,,,,,,,,,,,,,,,,,,,,,,,,,,,,
2128660,134c028cdaa5cf826ab731da11f6656d1ee4a788006352fb609bc6e0fa09e9c37dcc5e923a8e392db8ffc985874ff93aeb120d5d791d03972001769472c3fa25,08/14/2025 10:30:00 AM,2,PARKED,,2029241,,BUICK,ENCLAVE,IL,2011,NONE,SPORT UTILITY VEHICLE (SUV),NOT IN USE,S,PARKED,,,0,,,,,,,,,,,Y,Y,Y,Y,Y,,,SIDE-LEFT,,,,,,,,,,,,,,,,,,,,,,,,,,,,,,,,,
2128259,d3ab3f771eafe662cf0dbe14d0f90cb1758d05218ab26086107ee95eb24736c9caddc8d74e9f31fb46950341cccf01256b9e97f09cbaa780af8a337b3e0e09fb,08/14/2025 10:17:00 AM,1,DRIVER,,2028859,Y,UNKNOWN,OTHER (EXPLAIN IN NARRATIVE),IL,,UNKNOWN,OTHER,UNKNOWN/NA,E,STRAIGHT AHEAD,,,1,,,,,,,,,,,,,,,,,,OTHER,"21,997",,,,,,UNKNOWN,,UNKNOWN,,,,U,U,,U,,U,U,UNKNOWN,,,,,,,,TRUCK/TRAILER,OTHER,UNKNOWN,N,N,
2128264,15cc1c4a3780b33d4401162a2c52554905e69acaf7560cbcac4962666d966606fa8a74c693f73b65ab573fa27da4c42076df80ba11345501839b1742c2dfd4d9,08/14/2025 10:15:00 AM,1,DRIVER,,2028858,,CHEVROLET,SILVERADO,GA,2023,NONE,PICKUP,PERSONAL,SE,TURNING LEFT,,,1,,,,,Y,Y,,,,,,,,,,Y,,FRONT-RIGHT-CORNER,,,,,,,,,,,,,,,,,,,,,,,,,,,,,,,,,
2128265,15cc1c4a3780b33d4401162a2c52554905e69acaf7560cbcac4962666d966606fa8a74c693f73b65ab573fa27da4c42076df80ba11345501839b1742c2dfd4d9,08/14/2025 10:15:00 AM,2,DRIVER,,2028864,,CADILLAC,CTS,IL,2018,NONE,SPORT UTILITY VEHICLE (SUV),PERSONAL,SE,TURNING LEFT,,,1,,,,,,,,,,,Y,Y,Y,,,,,SIDE-LEFT,,,,,,,,,,,,,,,,,,,,,,,,,,,,,,,,,
2128868,ba39b413de1c8aa5a4f32216908cc522fe62d3e3603d3c2edc8c826c7b3f0a9122d7ece1b667fb87500df208d5cba8a8d024ef3e11476679d4dfecf88370f217,08/14/2025 10:09:00 AM,1,DRIVER,,2029443,,DODGE,OTHER (EXPLAIN IN NARRATIVE),IL,2011,UNKNOWN,UNKNOWN/NA,UNKNOWN/NA,UNKNOWN,TURNING RIGHT,,,1,,,,,,,,,,,,,,,,,Y,UNKNOWN,,,,,,,,,,,,,,,,,,,,,,,,,,,,,,,,,
2128869,ba39b413de1c8aa5a4f32216908cc522fe62d3e3603d3c2edc8c826c7b3f0a9122d7ece1b667fb87500df208d5cba8a8d024ef3e11476679d4dfecf88370f217,08/14/2025 10:09:00 AM,2,DRIVER,,2029436,,GENERAL MOTORS CORPORATION (GMC),SIERRA,IL,2021,NONE,PICKUP,PERSONAL,UNKNOWN,SLOW/STOP IN TRAFFIC,,,1,,,,,,,,,,,,Y,Y,Y,,,,SIDE-LEFT,,,,,,,,,,,,,,,,,,,,,,,,,,,,,,,,,
2128262,1788910ec66b7d44fd58509e283a8e97d5a95d964fccf1a32b7c2804dd9ae5fea2941944e6cb7a2f58a8df706090735403d232e123326477b1a1245e99eee3f7,08/14/2025 10:07:00 AM,1,DRIVER,,2028856,,JEEP,CHEROKEE,IL,2019,UNKNOWN,SPORT UTILITY VEHICLE (SUV),PERSONAL,UNKNOWN,STRAIGHT AHEAD,,,1,,,,,,,,,,,,,,,,Y,,FRONT,,,,,,,,,,,,,,,,,,,,,,,,,,,,,,,,,
2128263,1788910ec66b7d44fd58509e283a8e97d5a95d964fccf1a32b7c2804dd9ae5fea2941944e6cb7a2f58a8df706090735403d232e123326477b1a1245e99eee3f7,08/14/2025 10:07:00 AM,2,DRIVER,,2028862,,HYUNDAI,TUCSON,IL,2020,UNKNOWN,SPORT UTILITY VEHICLE (SUV),PERSONAL,UNKNOWN,STRAIGHT AHEAD,,,1,,,,,,,,,,,,,Y,,,,,SIDE-LEFT,,,,,,,,,,,,,,,,,,,,,,,,,,,,,,,,,
2133441,801a64535bee4da51146a8c02f7fd98bc49fc55a090d5de049968480f9d23e069530dd487779c229ebf721a1a603a63546c2168df209e1b5bb93da2a6e633864,08/14/2025 10:00:00 AM,1,DRIVER,,2033746,,HONDA,CR-V,IL,,UNKNOWN,UNKNOWN/NA,UNKNOWN/NA,UNKNOWN,UNKNOWN/NA,,,1,,,,,,,,,,,,,,,,,,NONE,,,,,,,,,,,,,,,,,,,,,,,,,,,,,,,,,
2133442,801a64535bee4da51146a8c02f7fd98bc49fc55a090d5de049968480f9d23e069530dd487779c229ebf721a1a603a63546c2168df209e1b5bb93da2a6e633864,08/14/2025 10:00:00 AM,2,PEDESTRIAN,,,,,,,,,,,,,,,,,,,,,,,,,,,,,,,,,,,,,,,,,,,,,,,,,,,,,,,,,,,,,,,,,,
2128619,d126c14b09d9093f9b0ffcd03391779562b874dd653e83f26c1f1d25e77bed251ffda8683cfc204081bb88a9e44f3410f2454f4aff251c9c99ca54508ebc527b,08/14/2025 10:00:00 AM,1,DRIVER,,2029191,,UNKNOWN,OTHER (EXPLAIN IN NARRATIVE),,,UNKNOWN,UNKNOWN/NA,UNKNOWN/NA,NW,TURNING RIGHT,,,1,,,,,Y,,,,,,,,,,Y,Y,,FRONT,,,,,,,,,,,,,,,,,,,,,,,,,,,,,,,,,
2128620,d126c14b09d9093f9b0ffcd03391779562b874dd653e83f26c1f1d25e77bed251ffda8683cfc204081bb88a9e44f3410f2454f4aff251c9c99ca54508ebc527b,08/14/2025 10:00:00 AM,2,PEDESTRIAN,,,,,,,,,,,,,,,,,,,,,,,,,,,,,,,,,,,,,,,,,,,,,,,,,,,,,,,,,,,,,,,,,,
2128281,3a4d15b2ba14a27f2561094ed028c626188defd663ebdc457152e18327a17323928ecd1996787f0dd598f26a2839e993cd3f2e98f6397e46405f24094de77b9f,08/14/2025 09:46:00 AM,1,DRIVER,,2028875,,UNKNOWN,OTHER (EXPLAIN IN NARRATIVE),,,UNKNOWN,PASSENGER,PERSONAL,W,BACKING,,,1,,,,,,,,,,,,,,,,,Y,REAR,,,,,,,,,,,,,,,,,,,,,,,,,,,,,,,,,
2128282,3a4d15b2ba14a27f2561094ed028c626188defd663ebdc457152e18327a17323928ecd1996787f0dd598f26a2839e993cd3f2e98f6397e46405f24094de77b9f,08/14/2025 09:46:00 AM,2,PARKED,,2028876,,FORD,ESCAPE,IL,2022,UNKNOWN,PASSENGER,NOT IN USE,S,PARKED,,,0,,,,,,,,,,,,Y,Y,,,,,SIDE-LEFT,,,,,,,,,,,,,,,,,,,,,,,,,,,,,,,,,
2128729,acb708f76cc98da97998bf767b80dcfba3ec2cf851e57bb3c148086ce11b0ed8eca2fabe15463f76b06af645bda9bcf3b2e573c7dadfe108c5780fb22ab65ea8,08/14/2025 09:30:00 AM,1,DRIVER,,2029304,,KIA,SORENTO,IL,2016,UNKNOWN,SPORT UTILITY VEHICLE (SUV),UNKNOWN/NA,S,OTHER,,,1,,,,,,,,,,,,,,,,,,SIDE-RIGHT,,,,,,,,,,,,,,,,,,,,,,,,,,,,,,,,,
2128730,acb708f76cc98da97998bf767b80dcfba3ec2cf851e57bb3c148086ce11b0ed8eca2fabe15463f76b06af645bda9bcf3b2e573c7dadfe108c5780fb22ab65ea8,08/14/2025 09:30:00 AM,2,DRIVER,,2029305,,FORD,BRONCO / BRONCO II,IL,2024,NONE,SPORT UTILITY VEHICLE (SUV),PERSONAL,S,STRAIGHT AHEAD,,,1,,,,,,,,,,,,Y,Y,Y,Y,,,SIDE-LEFT,,,,,,,,,,,,,,,,,,,,,,,,,,,,,,,,,
2128251,f34d231627c3197c9b8485a60f368510d38f4bc0dec46eadedae4b573880f63e551886470ea754667446eef10b77433b243404fc6f6fcac3dbe5fd47f1ee06d9,08/14/2025 09:30:00 AM,1,DRIVER,,2028849,,TOYOTA,HIGHLANDER,IL,2019,NONE,SPORT UTILITY VEHICLE (SUV),TAXI/FOR HIRE,N,CHANGING LANES,,,1,,,,,Y,,,,,,,,,,,,,FRONT-RIGHT-CORNER,,,,,,,,,,,,,,,,,,,,,,,,,,,,,,,,,
2128252,f34d231627c3197c9b8485a60f368510d38f4bc0dec46eadedae4b573880f63e551886470ea754667446eef10b77433b243404fc6f6fcac3dbe5fd47f1ee06d9,08/14/2025 09:30:00 AM,2,DRIVER,,2028854,,KIA,SELTOS,IL,2022,NONE,SPORT UTILITY VEHICLE (SUV),PERSONAL,N,SLOW/STOP IN TRAFFIC,,,1,,,,,,,,,,,Y,,,,,,,REAR-LEFT-CORNER,,,,,,,,,,,,,,,,,,,,,,,,,,,,,,,,,
2128267,f685330c42aa3796f2979fd2fe112c4858727a1f37d5ecbfb7f82bb5ed135fcb20dd90217a9131ca3a8c9b98a239755dd9c94bac5cfda339a4252380ede708b2,08/14/2025 09:30:00 AM,1,DRIVER,,2028867,,JEEP,CHEROKEE,IL,2014,UNKNOWN,PASSENGER,PERSONAL,NE,TURNING LEFT,,,1,,,,,,,Y,Y,,,,,,,,,,SIDE-RIGHT,,,,,,,,,,,,,,,,,,,,,,,,,,,,,,,,,
2128268,f685330c42aa3796f2979fd2fe112c4858727a1f37d5ecbfb7f82bb5ed135fcb20dd90217a9131ca3a8c9b98a239755dd9c94bac5cfda339a4252380ede708b2,08/14/2025 09:30:00 AM,2,DRIVER,1,2028868,,TOYOTA,COROLLA,IL,2017,UNKNOWN,PASSENGER,PERSONAL,N,STRAIGHT AHEAD,,,2,,,,,,,,,,,,,,N,Y,Y,,FRONT-LEFT-CORNER,,,,,,,,,,,,,,,,,,,,,,,,,,,,,,,,,
2128241,7fc1c74f2ad1763d76d0b11f3b87d966b7d408d99d58c5ad6051d4a2b97d4c746edb1b263f642c7d9ad3976271c7c0605c2ac58608d70af8af4d43509759f16d,08/14/2025 09:25:00 AM,1,DRIVER,,2028843,,JEEP,GRAND CHEROKEE,IL,2014,NONE,SPORT UTILITY VEHICLE (SUV),PERSONAL,E,STRAIGHT AHEAD,,,1,,,,,,,,,,,,,,,,Y,,FRONT,,,,,,,,,,,,,,,,,,,,,,,,,,,,,,,,,
2128242,7fc1c74f2ad1763d76d0b11f3b87d966b7d408d99d58c5ad6051d4a2b97d4c746edb1b263f642c7d9ad3976271c7c0605c2ac58608d70af8af4d43509759f16d,08/14/2025 09:25:00 AM,2,DRIVER,,2028846,,HYUNDAI,ELANTRA,IL,2025,NONE,SPORT UTILITY VEHICLE (SUV),PERSONAL,N,STRAIGHT AHEAD,,,1,,,,,,,,,,,,Y,,,,,,SIDE-LEFT,,,,,,,,,,,,,,,,,,,,,,,,,,,,,,,,,
2128239,5fe2139dea95d212c0088c2bc9960e1a6aa5ed633e82ab69a2dc1c92aa69b03f4ee8380dfdeb6ff3c2835b5cf73a4e015f6050986167407edfa184fc80425475,08/14/2025 09:21:00 AM,1,DRIVER,1,2028837,,CHRYSLER,200,IL,2016,UNKNOWN,UNKNOWN/NA,UNKNOWN/NA,S,STRAIGHT AHEAD,,,2,,,,,,Y,,,,,,,,,,,,SIDE-RIGHT,,,,,,,,,,,,,,,,,,,,,,,,,,,,,,,,,
2128240,5fe2139dea95d212c0088c2bc9960e1a6aa5ed633e82ab69a2dc1c92aa69b03f4ee8380dfdeb6ff3c2835b5cf73a4e015f6050986167407edfa184fc80425475,08/14/2025 09:21:00 AM,2,PARKED,2,2028844,,INFINITI,QX60,IL,2017,UNKNOWN,UNKNOWN/NA,UNKNOWN/NA,S,PARKED,,,2,,,,,,,,,,,,Y,,,,,,SIDE-LEFT,,,,,,,,,,,,,,,,,,,,,,,,,,,,,,,,,
2128258,5441ab4d1dd72833c984b6c545a931d6029af31aa086a179c9bdc833f5a5262c1ba9635aa5e7ea8d7c168de90cd7aba306a1e63e36c6c4a596a5ff22592a29ca,08/14/2025 09:20:00 AM,1,DRIVER,,2028853,,UNKNOWN,OTHER (EXPLAIN IN NARRATIVE),,,UNKNOWN,UNKNOWN/NA,UNKNOWN/NA,UNKNOWN,UNKNOWN/NA,,,1,,,,,,,,,,,,,,,,,Y,UNKNOWN,,,,,,,,,,,,,,,,,,,,,,,,,,,,,,,,,
2128571,54c68f2470edeccda22632305ad219dcfc644d7e41a97577364bdbbb2fb260ae30fbd81ae47a073c4f2b234f9fdd25bf390c337bc2b15dc680ce6eb4fd3aa82d,08/14/2025 09:20:00 AM,1,DRIVER,,2029167,,FORD,BRONCO / BRONCO II,IL,2024,UNKNOWN,SPORT UTILITY VEHICLE (SUV),PERSONAL,S,ENTERING TRAFFIC LANE FROM PARKING,,,1,,,,,,,,,,,,,Y,Y,Y,,,FRONT,,,,,,,,,,,,,,,,,,,,,,,,,,,,,,,,,
2128572,54c68f2470edeccda22632305ad219dcfc644d7e41a97577364bdbbb2fb260ae30fbd81ae47a073c4f2b234f9fdd25bf390c337bc2b15dc680ce6eb4fd3aa82d,08/14/2025 09:20:00 AM,2,DRIVER,1,2029173,,KIA,SORENTO,IL,2016,UNKNOWN,SPORT UTILITY VEHICLE (SUV),PERSONAL,S,STRAIGHT AHEAD,,,2,,,,,Y,Y,Y,Y,,,,,,,,,,SIDE-RIGHT,,,,,,,,,,,,,,,,,,,,,,,,,,,,,,,,,
2128216,0a2a862a9aa7fec573ada5e06664892747d3b0da01f736493f5b0e137021c2cb81f180e1e5de08527418ad7860119ab1adf1589f78389f326b920938a41bd52d,08/14/2025 09:15:00 AM,1,DRIVER,,2028812,,JEEP,GRAND CHEROKEE,IL,2016,NONE,PASSENGER,PERSONAL,W,STRAIGHT AHEAD,,,1,,,,,,,,,,,,Y,Y,Y,,,,SIDE-LEFT,,,,,,,,,,,,,,,,,,,,,,,,,,,,,,,,,
2128217,0a2a862a9aa7fec573ada5e06664892747d3b0da01f736493f5b0e137021c2cb81f180e1e5de08527418ad7860119ab1adf1589f78389f326b920938a41bd52d,08/14/2025 09:15:00 AM,2,DRIVER,,2028817,,"PETERBILT MOTORS COMPANY (DIVISION OF PACCAR, INC.)",OTHER (EXPLAIN IN NARRATIVE),IN,2007,NONE,TRUCK - SINGLE UNIT,COMMERCIAL - SINGLE UNIT,W,STRAIGHT AHEAD,,,1,,,,,,Y,Y,Y,,,,,,,,,,SIDE-RIGHT,,,,,,,,,,,,,,,,,,,,,,,,,,,,,,,,,
2128271,bcd7f271f5e6ddee950fd948b484ecb67a330900c6d1512aaf84115eb2e534c0e657bdce52a330b2c398ba786606a2a8d9a5bff28284dfd46a4aa455cdea5460,08/14/2025 09:15:00 AM,1,DRIVER,,2028873,,HONDA,ELEMENT,IL,2008,UNKNOWN,PASSENGER,PERSONAL,N,STRAIGHT AHEAD,,,1,,,,,Y,Y,,,,,,,,,,Y,,FRONT-RIGHT-CORNER,,,,,,,,,,,,,,,,,,,,,,,,,,,,,,,,,
2128272,bcd7f271f5e6ddee950fd948b484ecb67a330900c6d1512aaf84115eb2e534c0e657bdce52a330b2c398ba786606a2a8d9a5bff28284dfd46a4aa455cdea5460,08/14/2025 09:15:00 AM,2,PARKED,,2028874,,NISSAN,ALTIMA,IL,2005,UNKNOWN,PASSENGER,PERSONAL,UNKNOWN,PARKED,,,0,,,,,Y,Y,,,Y,Y,Y,Y,,,,Y,,REAR-LEFT-CORNER,,,,,,,,,,,,,,,,,,,,,,,,,,,,,,,,,
2128249,14436347821c87dbbb3bde0b3a2e592c55dd4311728f463920ad9f4bcadda10902fc150dfa1c3ca87f7ca009ad44b05fb69efba29cf871f2a5755a2fb569285d,08/14/2025 09:13:00 AM,1,DRIVER,1,2028850,,NISSAN,ALTIMA,IL,2013,NONE,PASSENGER,PERSONAL,N,STRAIGHT AHEAD,Y,,2,,private,,Y,Y,,,,,,,,Y,Y,Y,Y,,FRONT,,,,,,,,,,,,,,,,,,,,,,,,,,,,,,,,,
2128250,14436347821c87dbbb3bde0b3a2e592c55dd4311728f463920ad9f4bcadda10902fc150dfa1c3ca87f7ca009ad44b05fb69efba29cf871f2a5755a2fb569285d,08/14/2025 09:13:00 AM,2,DRIVER,,2028861,,GENERAL MOTORS CORPORATION (GMC),OTHER (EXPLAIN IN NARRATIVE),IL,2010,NONE,PASSENGER,PERSONAL,S,TURNING LEFT,Y,,1,,private,,,Y,Y,Y,Y,Y,,,,,,,Y,Y,SIDE-LEFT,,,,,,,,,,,,,,,,,,,,,,,,,,,,,,,,,
2128266,9514dec10a5d137180f0d408724890a98431fff56ac8271e9979f34708957d4dc923723c7ccbbf3d1a57e2b0830f28570ce91d7823d882adabed58772e6fcf82,08/14/2025 09:10:00 AM,1,DRIVER,,2028865,N,FORD,OTHER (EXPLAIN IN NARRATIVE),IL,2024,OTHER,UNKNOWN/NA,COMMERCIAL - SINGLE UNIT,S,UNKNOWN/NA,,,1,,,,,,,,,,,,,,,,,,NONE,,,,,,,,,,,,,,,,,,,,,,,,,,,,,,,,,
2128221,38786350a5cfa906c7cef79426ef31dac62f3586b695796763e481054190a65adfff75b067f87de79425c3500791279cc2901fb55fc78d5bd382000de4acf605,08/14/2025 09:00:00 AM,1,DRIVER,,2028822,,CHEVROLET,SUBURBAN,IL,2002,NONE,SPORT UTILITY VEHICLE (SUV),POLICE,S,STRAIGHT AHEAD,,,1,,,,Y,,,,,N,N,,,,,,,,FRONT-RIGHT-CORNER,,,,,,,,,,,,,,,,,,,,,,,,,,,,,,,,,
2128222,38786350a5cfa906c7cef79426ef31dac62f3586b695796763e481054190a65adfff75b067f87de79425c3500791279cc2901fb55fc78d5bd382000de4acf605,08/14/2025 09:00:00 AM,2,DRIVER,,2028830,,FORD,EXPLORER,IL,2023,UNKNOWN,SPORT UTILITY VEHICLE (SUV),PERSONAL,S,STRAIGHT AHEAD,,,1,,,,Y,,,,,Y,Y,,,,,,,,REAR-RIGHT-CORNER,,,,,,,,,,,,,,,,,,,,,,,,,,,,,,,,,
2128193,bc2733f248d89120b8a9ac96d0980d88c7f0f987f358df211e09c078ade1000addb2048ed78096bd5f91325f26872d6b24214b6e0baa9b53c1b70558f4826637,08/14/2025 09:00:00 AM,1,DRIVER,,2028795,,FORD,TRANSIT,IL,2022,NONE,VAN/MINI-VAN,STATE OWNED,W,BACKING,,,1,,,,,,,,,Y,,,,,,,,,REAR-RIGHT-CORNER,,,,,,,,,,,,,,,,,,,,,,,,,,,,,,,,,
2128194,bc2733f248d89120b8a9ac96d0980d88c7f0f987f358df211e09c078ade1000addb2048ed78096bd5f91325f26872d6b24214b6e0baa9b53c1b70558f4826637,08/14/2025 09:00:00 AM,2,DRIVER,,2028802,,CADILLAC,XTS,IL,2022,NONE,SPORT UTILITY VEHICLE (SUV),PERSONAL,N,STRAIGHT AHEAD,,,1,,,,,,Y,,,,,,,,,,,,SIDE-RIGHT,,,,,,,,,,,,,,,,,,,,,,,,,,,,,,,,,
2128879,d82efa0680952e0b27cee9617e9acee66d9358579f1349891be70739a37b085400f7563a503a0450ae67f53e8eedcd12d80b29a5cdc2a72702d855d401559245,08/14/2025 09:00:00 AM,1,DRIVER,,2029461,,BMW,OTHER (EXPLAIN IN NARRATIVE),IL,2024,UNKNOWN,PASSENGER,PERSONAL,E,SLOW/STOP IN TRAFFIC,,,1,,,,Y,,,,,,,,,,,,,,NONE,,,,,,,,,,,,,,,,,,,,,,,,,,,,,,,,,
2128880,d82efa0680952e0b27cee9617e9acee66d9358579f1349891be70739a37b085400f7563a503a0450ae67f53e8eedcd12d80b29a5cdc2a72702d855d401559245,08/14/2025 09:00:00 AM,2,BICYCLE,,,,,,,,,,,,,,,,,,,,,,,,,,,,,,,,,,,,,,,,,,,,,,,,,,,,,,,,,,,,,,,,,,
2128817,65c70e5a809b4b59ed41b795d8978413d6268e7c9a7150d8fc41881400a90d5516cc52652aa255cc22d6aef4e82fd0e76d60336740412d798f474d48c6711f94,08/14/2025 08:55:00 AM,1,DRIVER,,2029401,,GENERAL MOTORS CORPORATION (GMC),TRUCK,IL,2016,UNKNOWN,PASSENGER,UNKNOWN/NA,UNKNOWN,UNKNOWN/NA,,,1,,,,,,,,,,Y,,,,,,,,REAR,,,,,,,,,,,,,,,,,,,,,,,,,,,,,,,,,
2128818,65c70e5a809b4b59ed41b795d8978413d6268e7c9a7150d8fc41881400a90d5516cc52652aa255cc22d6aef4e82fd0e76d60336740412d798f474d48c6711f94,08/14/2025 08:55:00 AM,2,PARKED,,2029404,,CHEVROLET,TRAVERSE,IL,2016,UNKNOWN,PASSENGER,PERSONAL,N,PARKED,,,0,,,,,Y,,,,,,,,,,Y,Y,,FRONT,,,,,,,,,,,,,,,,,,,,,,,,,,,,,,,,,
2128245,a0174dce47b1bc6033692e7001fb26d08fe77dcdf56e4f565334933f7a8d893ccdb402b1e3d7a6a500fb99ba12dfdb5c86f8d4e6c2e3af85f8d7cbbf98cbb202,08/14/2025 08:55:00 AM,1,DRIVER,,2028841,,FORD,OTHER (EXPLAIN IN NARRATIVE),IL,,UNKNOWN,PASSENGER,UNKNOWN/NA,W,STRAIGHT AHEAD,,,1,,,,,,,,,,,,,,,,,Y,UNKNOWN,,,,,,,,,,,,,,,,,,,,,,,,,,,,,,,,,
2128246,a0174dce47b1bc6033692e7001fb26d08fe77dcdf56e4f565334933f7a8d893ccdb402b1e3d7a6a500fb99ba12dfdb5c86f8d4e6c2e3af85f8d7cbbf98cbb202,08/14/2025 08:55:00 AM,2,PEDESTRIAN,,,,,,,,,,,,,,,,,,,,,,,,,,,,,,,,,,,,,,,,,,,,,,,,,,,,,,,,,,,,,,,,,,
2128296,71852f4a83833c8bce639226bd6a5ade743252bccb8873aebfd0b7665bead329963a1fcda1c7d2d1a942bd97feb14d79886ce88ba55b19042cce6e0160dab58a,08/14/2025 08:50:00 AM,1,DRIVER,,2028892,,TOYOTA,PRIUS,IL,2010,NONE,PASSENGER,TAXI/FOR HIRE,W,PASSING/OVERTAKING,Y,,1,,EASY LEASING,,,Y,,,,,,,,,,Y,Y,,FRONT,,,,,,,,,,,,,,,,,,,,,,,,,,,,,,,,,
2128297,71852f4a83833c8bce639226bd6a5ade743252bccb8873aebfd0b7665bead329963a1fcda1c7d2d1a942bd97feb14d79886ce88ba55b19042cce6e0160dab58a,08/14/2025 08:50:00 AM,2,DRIVER,,2028901,,CHEVROLET,OTHER (EXPLAIN IN NARRATIVE),IL,2012,NONE,PASSENGER,PERSONAL,E,TURNING LEFT,Y,,1,,CPD,103/DOTY,,Y,Y,Y,Y,,,,,,,,Y,,SIDE-RIGHT,,,,,,,,,,,,,,,,,,,,,,,,,,,,,,,,,
2128234,1c524f9af80d18c6c860084ab42073975377eafa85dd48d25a2bd7f01ae0cd5f5b636d8d30557b234146b48273643d564a1734c70aa8be0f03f40a0e5bda6b04,08/14/2025 08:45:00 AM,1,DRIVER,,2028836,,DODGE,RAM 2500 VAN,,2021,NONE,VAN/MINI-VAN,STATE OWNED,W,BACKING,,,1,,,,,,,,,,Y,,,,,,,,REAR,,,,,,,,,,,,,,,,,,,,,,,,,,,,,,,,,
2128235,1c524f9af80d18c6c860084ab42073975377eafa85dd48d25a2bd7f01ae0cd5f5b636d8d30557b234146b48273643d564a1734c70aa8be0f03f40a0e5bda6b04,08/14/2025 08:45:00 AM,2,DRIVER,,2028842,,FORD,FUSION,,2013,NONE,PASSENGER,PERSONAL,N,STRAIGHT AHEAD,,,1,,,,,Y,,,,,,,,,,,,,FRONT-RIGHT-CORNER,,,,,,,,,,,,,,,,,,,,,,,,,,,,,,,,,
2128199,3fd0bad931241a6cf071e633c72c46b3d589066368833d481c5ff9f87c4f926fed242055b8461e69f95b7e22c27bc20cc3033e3f308b04875ee9da11f8a1f00c,08/14/2025 08:42:00 AM,1,DRIVER,,2028811,,TOYOTA,COROLLA,MI,2005,UNKNOWN,PASSENGER,PERSONAL,S,TURNING LEFT,Y,,1,,,,,,,,,,,,,,,,Y,,FRONT,,,,,,,,,,,,,,,,,,,,,,,,,,,,,,,,,
2128200,3fd0bad931241a6cf071e633c72c46b3d589066368833d481c5ff9f87c4f926fed242055b8461e69f95b7e22c27bc20cc3033e3f308b04875ee9da11f8a1f00c,08/14/2025 08:42:00 AM,2,DRIVER,,2028823,,HONDA,PILOT,IL,2021,UNKNOWN,SPORT UTILITY VEHICLE (SUV),PERSONAL,N,STRAIGHT AHEAD,Y,,1,,,,,,,,,,,,,,,Y,,,FRONT-LEFT-CORNER,,,,,,,,,,,,,,,,,,,,,,,,,,,,,,,,,
2128228,9b9783aeedf8d3850d687f0694383ebeef18704c024c9de2b5ed3d7c89bdc2c08b9ee4f7ac5367a0b040f4c156de28a86bd0a95dd9e9d6932949fe440ff75e8c,08/14/2025 08:41:00 AM,1,DRIVER,,2028828,,LEXUS,ES350,IL,2011,NONE,PASSENGER,PERSONAL,W,TURNING LEFT,,,1,,,,,Y,,,,,,,,,,Y,Y,,FRONT,,,,,,,,,,,,,,,,,,,,,,,,,,,,,,,,,
2128229,9b9783aeedf8d3850d687f0694383ebeef18704c024c9de2b5ed3d7c89bdc2c08b9ee4f7ac5367a0b040f4c156de28a86bd0a95dd9e9d6932949fe440ff75e8c,08/14/2025 08:41:00 AM,2,DRIVER,,2028832,,HYUNDAI,TUCSON,IL,2016,NONE,PASSENGER,PERSONAL,E,STRAIGHT AHEAD,,,1,,,,,,,,,,,Y,Y,Y,,,,,SIDE-LEFT,,,,,,,,,,,,,,,,,,,,,,,,,,,,,,,,,