CRASH_UNIT_ID,CRASH_RECORD_ID,CRASH_DATE,UNIT_NO,UNIT_TYPE,NUM_PASSENGERS,VEHICLE_ID,CMRC_VEH_I,MAKE,MODEL,LIC_PLATE_STATE,VEHICLE_YEAR,VEHICLE_DEFECT,VEHICLE_TYPE,VEHICLE_USE,TRAVEL_DIRECTION,MANEUVER,TOWED_I,FIRE_I,OCCUPANT_CNT,EXCEED_SPEED_LIMIT_I,TOWED_BY,TOWED_TO,AREA_00_I,AREA_01_I,AREA_02_I,AREA_03_I,AREA_04_I,AREA_05_I,AREA_06_I,AREA_07_I,AREA_08_I,AREA_09_I,AREA_10_I,AREA_11_I,AREA_12_I,AREA_99_I,FIRST_CONTACT_POINT,CMV_ID,USDOT_NO,CCMC_NO,ILCC_NO,COMMERCIAL_SRC,GVWR,CARRIER_NAME,CARRIER_STATE,CARRIER_CITY,HAZMAT_PLACARDS_I,HAZMAT_NAME,UN_NO,HAZMAT_PRESENT_I,HAZMAT_REPORT_I,HAZMAT_REPORT_NO,MCS_REPORT_I,MCS_REPORT_NO,HAZMAT_VIO_CAUSE_CRASH_I,MCS_VIO_CAUSE_CRASH_I,IDOT_PERMIT_NO,WIDE_LOAD_I,TRAILER1_WIDTH,TRAILER2_WIDTH,TRAILER1_LENGTH,TRAILER2_LENGTH,TOTAL_VEHICLE_LENGTH,AXLE_CNT,VEHICLE_CONFIG,CARGO_BODY_TYPE,LOAD_TYPE,HAZMAT_OUT_OF_SERVICE_I,MCS_OUT_OF_SERVICE_I,HAZMAT_CLASS
2128209,fa40874366e9335d8e89fe0cd6206b9f3da2724a9d8f358e772dabc37c49d7540bf200984d03e597d8b4ec9626b863852c5f0066b44ac0e75dc6e5c881013f4c,08/14/2025 08:41:00 AM,1,DRIVER,,2028810,Y,FREIGHTLINER CORPORATION,FREIGHTLINER CORP.,IL,2025,UNKNOWN,BUS OVER 15 PASS.,OTHER,S,STRAIGHT AHEAD,,,1,,,,,Y,,,,,,,,,,,,,FRONT,,,,,,,,,,,,,,,,,,,,,,,,,,,,,,,,,
2128210,fa40874366e9335d8e89fe0cd6206b9f3da2724a9d8f358e772dabc37c49d7540bf200984d03e597d8b4ec9626b863852c5f0066b44ac0e75dc6e5c881013f4c,08/14/2025 08:41:00 AM,2,PARKED,2,2028814,,FREIGHTLINER CORPORATION,FREIGHTLINER CORP.,TX,2018,UNKNOWN,TRUCK - SINGLE UNIT,UNKNOWN/NA,S,PARKED,,,2,,,,,,,,,,,,,,,Y,,,FRONT,,,,,,,,,,,,,,,,,,,,,,,,,,,,,,,,,
2128183,760a934a709c41bd2f40ffed400e5d9c7f1c15183cc8acab05de240b51e3927fc06c38bb9a31936d92fdb2e6ed402404e24296a146f85c84bf3da38535e7d820,08/14/2025 08:40:00 AM,1,DRIVER,,2028788,,CHRYSLER,TOWN & COUNTRY,IL,2014,UNKNOWN,VAN/MINI-VAN,PERSONAL,W,STRAIGHT AHEAD,,,1,,,,,Y,,,,,,,,,,Y,Y,Y,FRONT,,,,,,,,,,,,,,,,,,,,,,,,,,,,,,,,,
2128184,760a934a709c41bd2f40ffed400e5d9c7f1c15183cc8acab05de240b51e3927fc06c38bb9a31936d92fdb2e6ed402404e24296a146f85c84bf3da38535e7d820,08/14/2025 08:40:00 AM,2,DRIVER,,2028794,,NISSAN,ALTIMA,IL,2022,UNKNOWN,PASSENGER,PERSONAL,W,UNKNOWN/NA,,,1,,,,,,,,,Y,Y,Y,,,,,,Y,REAR,,,,,,,,,,,,,,,,,,,,,,,,,,,,,,,,,
2128188,ef1a264785fa2eb11792c4bc9fae2bdd5d4abdc28b7875c5c5edda0054c269535426f17a3d51e00e7ff42cd31f3ba1378b73734a48e10c8e52c53d7a02aca2e1,08/14/2025 08:30:00 AM,1,DRIVER,,2028790,,UNKNOWN,OTHER (EXPLAIN IN NARRATIVE),,,UNKNOWN,TRACTOR W/ SEMI-TRAILER,UNKNOWN/NA,UNKNOWN,U-TURN,,,1,,,,,,,,,,,,,,,,,Y,UNKNOWN,,,,,,,,,,,,,,,,,,,,,,,,,,,,,,,,,
2128362,8a5cd30838fd52974aac78e87f81220ed24b597af1609ee8df5aa9d95690413ae3e18a7fff8d0ad51e2e297ffccc2ed1fbb56f42902616a101fbcf68c4a1f875,08/14/2025 08:20:00 AM,1,DRIVER,,2028956,,MAZDA,OTHER (EXPLAIN IN NARRATIVE),,2014,UNKNOWN,UNKNOWN/NA,UNKNOWN/NA,E,TURNING LEFT,,,1,,,,,,,,,,,,,,,,,Y,UNKNOWN,,,,,,,,,,,,,,,,,,,,,,,,,,,,,,,,,
2128363,8a5cd30838fd52974aac78e87f81220ed24b597af1609ee8df5aa9d95690413ae3e18a7fff8d0ad51e2e297ffccc2ed1fbb56f42902616a101fbcf68c4a1f875,08/14/2025 08:20:00 AM,2,DRIVER,,2028959,,HYUNDAI,ELANTRA,IL,2024,UNKNOWN,PASSENGER,PERSONAL,N,U-TURN,,,1,,,,,,,,,,,,,,Y,Y,,,FRONT-LEFT-CORNER,,,,,,,,,,,,,,,,,,,,,,,,,,,,,,,,,
2128201,1a24267d6da4729ca44aa40b03ad315854c677128439bd1e5b00f97c0c4b668bf1f855cffc44f6d2a4eceecc8664b7eeee43903c4a7a3cf09475001ff6feaa77,08/14/2025 08:15:00 AM,1,DRIVER,,2028807,,HONDA,OTHER (EXPLAIN IN NARRATIVE),IL,2010,NONE,PASSENGER,PERSONAL,W,STRAIGHT AHEAD,,,1,,,,,,,,,,,,,,,,Y,,FRONT,,,,,,,,,,,,,,,,,,,,,,,,,,,,,,,,,
2128202,1a24267d6da4729ca44aa40b03ad315854c677128439bd1e5b00f97c0c4b668bf1f855cffc44f6d2a4eceecc8664b7eeee43903c4a7a3cf09475001ff6feaa77,08/14/2025 08:15:00 AM,2,DRIVER,,2028805,,HONDA,CIVIC,IL,2023,NONE,PASSENGER,PERSONAL,W,STRAIGHT AHEAD,,,1,,,,,,,,,,Y,,,,,,,,REAR,,,,,,,,,,,,,,,,,,,,,,,,,,,,,,,,,
2128174,3e7787302fc2948e2ed7134d58f7e5781445b91cfdcc5750136e8ff616ca14ff063b1f169ec50deca1db5716ebde6dcdb2e7baed2e9a596fc74f7d2cb5dd7205,08/14/2025 08:15:00 AM,1,DRIVER,,2028774,,INTERNATIONAL HARVESTER,INTERNATIONAL HARVESTER,IL,2008,NONE,TRUCK - SINGLE UNIT,COMMERCIAL - SINGLE UNIT,W,STRAIGHT AHEAD,,,1,,,,,,,,,,,,,,,,,,REAR,,,,,,,,,,,,,,,,,,,,,,,,,,,,,,,,,
2128175,3e7787302fc2948e2ed7134d58f7e5781445b91cfdcc5750136e8ff616ca14ff063b1f169ec50deca1db5716ebde6dcdb2e7baed2e9a596fc74f7d2cb5dd7205,08/14/2025 08:15:00 AM,2,DRIVER,,2028778,,HONDA,CR-V,IL,2022,NONE,PASSENGER,PERSONAL,W,STRAIGHT AHEAD,,,1,,,,,,,,,,,,,,,,Y,,FRONT,,,,,,,,,,,,,,,,,,,,,,,,,,,,,,,,,
2128256,dd643a8229275577bfd3eef61149295194fce7cd963df9c5fd6822a6e278513e3d6f14d92bfc9a2da0114d83dc4f0043c79dbb9c062737ea7120e3e5e718979c,08/14/2025 08:12:00 AM,1,DRIVER,,2028863,,TOYOTA,CAMRY,IL,2018,UNKNOWN,PASSENGER,UNKNOWN/NA,S,UNKNOWN/NA,,,1,,,,,Y,Y,,,,,,,,,Y,Y,,FRONT,,,,,,,,,,,,,,,,,,,,,,,,,,,,,,,,,
2128257,dd643a8229275577bfd3eef61149295194fce7cd963df9c5fd6822a6e278513e3d6f14d92bfc9a2da0114d83dc4f0043c79dbb9c062737ea7120e3e5e718979c,08/14/2025 08:12:00 AM,2,DRIVER,,2028860,,CHEVROLET,COBALT,IL,2006,UNKNOWN,PASSENGER,UNKNOWN/NA,S,STRAIGHT AHEAD,,,1,,,,,,,,,,Y,Y,,Y,Y,Y,Y,,REAR,,,,,,,,,,,,,,,,,,,,,,,,,,,,,,,,,
2128238,df3160e4ee46c525d971fb669c2f119774c81189b32e5d7a5b0f303a630111abd126c3b07b2eea1ca25c788bd817b16ed5c9461672b198448c2f4d2e35f0a9e8,08/14/2025 08:10:00 AM,1,DRIVER,,2028834,,TOYOTA,SIENNA,IL,2015,UNKNOWN,VAN/MINI-VAN,PERSONAL,N,UNKNOWN/NA,,,1,,,,,Y,,Y,,,,,,,,Y,Y,,FRONT,,,,,,,,,,,,,,,,,,,,,,,,,,,,,,,,,
2128203,0a763ec5fea512285a2be1e4803d6a6b402f42bde9ed71c1f752ba6d3441dd3f9e7a5af3236c88cc81f63a447b8703d58d03eb3c3d61cdc77c29739744d10d0a,08/14/2025 07:50:00 AM,1,DRIVER,,2028808,,TOYOTA,CAMRY,IL,2012,UNKNOWN,PASSENGER,PERSONAL,N,SLOW/STOP IN TRAFFIC,,,1,,,,,,,,,,Y,,,,,,,,REAR,,,,,,,,,,,,,,,,,,,,,,,,,,,,,,,,,
2128204,0a763ec5fea512285a2be1e4803d6a6b402f42bde9ed71c1f752ba6d3441dd3f9e7a5af3236c88cc81f63a447b8703d58d03eb3c3d61cdc77c29739744d10d0a,08/14/2025 07:50:00 AM,2,DRIVER,,2028816,,TOYOTA,COROLLA,IL,2015,UNKNOWN,PASSENGER,PERSONAL,N,SLOW/STOP IN TRAFFIC,,,1,,,,,,,,,,,,,,,,Y,,FRONT,,,,,,,,,,,,,,,,,,,,,,,,,,,,,,,,,
2128161,69a8a7835b42288dc85547583e2ad36eecaadd5158f7a6c90ccfef3bdf7e0455b19bff04519a1104f9d8923e490cef235a28591e2f340329f0654945787f3126,08/14/2025 07:50:00 AM,1,DRIVER,,2028768,Y,FREIGHTLINER CORPORATION,FREIGHTLINER CORP.,WI,2021,NONE,TRUCK - SINGLE UNIT,COMMERCIAL - SINGLE UNIT,N,BACKING,,,1,,,,,,,,,,,Y,,,,,,,SIDE-LEFT-REAR,"21,994",,,,,3,AIROLDI BROTHERS BERNATELLO'S PIZZA INC,WI,KAUKAUNA,,,,N,N,,U,,N,N,,,,,,,,,,,,N,N,
2128162,69a8a7835b42288dc85547583e2ad36eecaadd5158f7a6c90ccfef3bdf7e0455b19bff04519a1104f9d8923e490cef235a28591e2f340329f0654945787f3126,08/14/2025 07:50:00 AM,2,PARKED,,2028781,Y,FORD,TRANSIT,IL,2018,NONE,VAN/MINI-VAN,COMMERCIAL - SINGLE UNIT,E,PARKED,,,0,,,,,,,Y,Y,,,,,,,,,,SIDE-RIGHT,"21,995",,,,,1,EAGLE DISTRIBUTORS,IL,BERKELEY,,,,N,N,,N,,N,N,,,,,,,,,,,,N,N,
2128165,27476a38ee1ceb54c2651b17f75e93089c8ce33413f47c7c8727e35bd6d05a008a7a2e25c9e6943e520f3a97b260c2672aa406d44dd64795822b33ce7841cac2,08/14/2025 07:45:00 AM,1,DRIVER,,2028763,,HYUNDAI,PALISADE,TN,2025,NONE,PASSENGER,PERSONAL,E,U-TURN,,,1,,,,,,,,,,,,,,,Y,Y,,FRONT-LEFT-CORNER,,,,,,,,,,,,,,,,,,,,,,,,,,,,,,,,,
2128166,27476a38ee1ceb54c2651b17f75e93089c8ce33413f47c7c8727e35bd6d05a008a7a2e25c9e6943e520f3a97b260c2672aa406d44dd64795822b33ce7841cac2,08/14/2025 07:45:00 AM,2,DRIVER,,2028770,,FORD,FOCUS,IL,2015,NONE,PASSENGER,PERSONAL,E,STRAIGHT AHEAD,,,1,,,,,,Y,Y,Y,,,,,,,,,,SIDE-RIGHT,,,,,,,,,,,,,,,,,,,,,,,,,,,,,,,,,
2128163,edfbd618c0e172e35e04bd75aab1c95d9a30b2b7c55109c368e49b7d87f2f535583f44ff84053ae277bedb7f72f293d2e98a1aa5f6ae1661e7afc463c5e97765,08/14/2025 07:45:00 AM,1,DRIVER,,2028762,,HONDA,OTHER (EXPLAIN IN NARRATIVE),IL,1999,OTHER,PASSENGER,PERSONAL,E,STRAIGHT AHEAD,,,1,,,,,Y,,,,,,,,,,Y,Y,,FRONT,,,,,,,,,,,,,,,,,,,,,,,,,,,,,,,,,
2128164,edfbd618c0e172e35e04bd75aab1c95d9a30b2b7c55109c368e49b7d87f2f535583f44ff84053ae277bedb7f72f293d2e98a1aa5f6ae1661e7afc463c5e97765,08/14/2025 07:45:00 AM,2,DRIVER,,2028767,,NISSAN,KICKS,IL,2022,NONE,PASSENGER,PERSONAL,E,SLOW/STOP IN TRAFFIC,,,1,,,,,,,,,Y,Y,Y,,,,,,,REAR,,,,,,,,,,,,,,,,,,,,,,,,,,,,,,,,,
2128154,eb910a602bd70eaf9359ed962f9ee3136bb9b35e9d3dac6e757607863f803fadc1a3078d5dff757830eab2d530d3c88e384a71a769fe71874fa482dd7fa60b2d,08/14/2025 07:41:00 AM,1,DRIVER,,2028756,,TOYOTA,PRIUS,IL,2017,NONE,PASSENGER,PERSONAL,E,PASSING/OVERTAKING,,,1,,,,N,,,,,,,,Y,Y,Y,,,,SIDE-LEFT,,,,,,,,,,,,,,,,,,,,,,,,,,,,,,,,,
2128155,eb910a602bd70eaf9359ed962f9ee3136bb9b35e9d3dac6e757607863f803fadc1a3078d5dff757830eab2d530d3c88e384a71a769fe71874fa482dd7fa60b2d,08/14/2025 07:41:00 AM,2,DRIVER,,2028759,,ACURA,ADX,IL,2018,NONE,SPORT UTILITY VEHICLE (SUV),PERSONAL,E,STRAIGHT AHEAD,,,1,,,,,Y,Y,Y,,,,,,,,,,,SIDE-RIGHT,,,,,,,,,,,,,,,,,,,,,,,,,,,,,,,,,
2128247,ec225681c5c55b882d178e8355b9dc4202586c5bf014dacc73d7155bc5c1044b4c6bdfdec04f6b9bc3f6e66e8fb612faca81bb6c6763b5691114c1aee862ee1f,08/14/2025 07:41:00 AM,1,DRIVER,,2028845,,FIAT,OTHER (EXPLAIN IN NARRATIVE),IL,2016,NONE,PASSENGER,PERSONAL,E,PASSING/OVERTAKING,,,1,,,,,,Y,Y,Y,,,,,,,,,,SIDE-RIGHT,,,,,,,,,,,,,,,,,,,,,,,,,,,,,,,,,
2128248,ec225681c5c55b882d178e8355b9dc4202586c5bf014dacc73d7155bc5c1044b4c6bdfdec04f6b9bc3f6e66e8fb612faca81bb6c6763b5691114c1aee862ee1f,08/14/2025 07:41:00 AM,2,DRIVER,,2028851,,TOYOTA,OTHER (EXPLAIN IN NARRATIVE),IL,2005,NONE,PASSENGER,PERSONAL,E,SLOW/STOP IN TRAFFIC,,,1,,,,,,,,,,,Y,,,,,,,SIDE-LEFT-REAR,,,,,,,,,,,,,,,,,,,,,,,,,,,,,,,,,
2128181,2a4ec41bbc3f208485f0c5a7d6ab4a2d3fb63b4a626aeecc8ecad4997235d63d1a6c5e2bc3f58c1c33e5cd8dad5467fad62a15fc24521d45b6b0f1ed9a59292c,08/14/2025 07:40:00 AM,1,DRIVER,,2028783,,TOYOTA,COROLLA,IL,2006,UNKNOWN,PASSENGER,PERSONAL,E,STRAIGHT AHEAD,,,1,,,,,Y,Y,,,,,,,,Y,Y,Y,,FRONT,,,,,,,,,,,,,,,,,,,,,,,,,,,,,,,,,
2128182,2a4ec41bbc3f208485f0c5a7d6ab4a2d3fb63b4a626aeecc8ecad4997235d63d1a6c5e2bc3f58c1c33e5cd8dad5467fad62a15fc24521d45b6b0f1ed9a59292c,08/14/2025 07:40:00 AM,2,DRIVER,,2028785,,FORD,EXPLORER,IL,2013,UNKNOWN,SPORT UTILITY VEHICLE (SUV),PERSONAL,E,STRAIGHT AHEAD,,,1,,,,,,,,,,Y,,,,,,,,REAR,,,,,,,,,,,,,,,,,,,,,,,,,,,,,,,,,
2128318,f1004d572626946d29704b57bcb157379593b5a81aa838af198fca49861d76aea5c741073d6ab09a59f6246e0b8c7884d592eeb88631562298813136753ea1af,08/14/2025 07:40:00 AM,1,DRIVER,,2028916,,CHEVROLET,VAN,FL,2022,UNKNOWN,VAN/MINI-VAN,UNKNOWN/NA,SE,PASSING/OVERTAKING,,,1,,,,,,,,,,,,Y,Y,Y,,,,SIDE-LEFT-FRONT,,,,,,,,,,,,,,,,,,,,,,,,,,,,,,,,,
2128319,f1004d572626946d29704b57bcb157379593b5a81aa838af198fca49861d76aea5c741073d6ab09a59f6246e0b8c7884d592eeb88631562298813136753ea1af,08/14/2025 07:40:00 AM,2,DRIVER,,2028923,,FREIGHTLINER CORPORATION,FREIGHTLINER CORP.,IN,2015,NONE,TRUCK - SINGLE UNIT,OTHER,SE,STRAIGHT AHEAD,,,1,,,,,,,,,Y,,,,,,,,,REAR-RIGHT-CORNER,,,,,,,,,,,,,,,,,,,,,,,,,,,,,,,,,
2128151,2a878f82806d15cbf6bb31c123f01e470683a158cc795630529af9976626d7f8ae898b3506b769747d2828668b9a4b6b1fbc559bb5993695db135b72d92e265e,08/14/2025 07:36:00 AM,1,DRIVER,1,2028754,,JEEP,GRAND CHEROKEE,IL,2017,UNKNOWN,SPORT UTILITY VEHICLE (SUV),PERSONAL,W,STRAIGHT AHEAD,,,2,,,,,Y,,,,,,,,,,Y,,,SIDE-LEFT-FRONT,,,,,,,,,,,,,,,,,,,,,,,,,,,,,,,,,
2128152,2a878f82806d15cbf6bb31c123f01e470683a158cc795630529af9976626d7f8ae898b3506b769747d2828668b9a4b6b1fbc559bb5993695db135b72d92e265e,08/14/2025 07:36:00 AM,2,DRIVER,,2028758,,FORD,ESCAPE,IL,2017,UNKNOWN,SPORT UTILITY VEHICLE (SUV),PERSONAL,W,SLOW/STOP IN TRAFFIC,,,1,,,,,,,,,Y,,,,,,,,,REAR-RIGHT-CORNER,,,,,,,,,,,,,,,,,,,,,,,,,,,,,,,,,
2128167,aa616a8e80ba81f0fe9675cae98c0bde9ceb60c5d6a61dbf80cd59f54ca7e80f578387c9bbb7ba993398da52d504e9be5f29ed9af9add05e2db5801a402fc08a,08/14/2025 07:36:00 AM,1,DRIVER,2,2028775,,CHEVROLET,EXPRESS,IL,2008,NONE,VAN/MINI-VAN,PERSONAL,E,BACKING,,,3,,,,,,,,,Y,,,,,,,,Y,REAR-RIGHT-CORNER,,,,,,,,,,,,,,,,,,,,,,,,,,,,,,,,,
2128168,aa616a8e80ba81f0fe9675cae98c0bde9ceb60c5d6a61dbf80cd59f54ca7e80f578387c9bbb7ba993398da52d504e9be5f29ed9af9add05e2db5801a402fc08a,08/14/2025 07:36:00 AM,2,DRIVER,,2028779,,CHEVROLET,MALIBU,IL,2015,NONE,PASSENGER,PERSONAL,S,STRAIGHT AHEAD,,,1,,,,,Y,,,,,,,,,,,,Y,FRONT-RIGHT-CORNER,,,,,,,,,,,,,,,,,,,,,,,,,,,,,,,,,
2128147,45d6ed7c858dcf5d10323ae6cd60422ff850af3405ecdbcf54e8c416854a066561cbe4bf41e50c4f47670fe0976c31068b96e4977f69d34b0a933adb6d340937,08/14/2025 07:30:00 AM,1,DRIVER,,2028751,,DODGE,DURANGO,IL,2023,NONE,SPORT UTILITY VEHICLE (SUV),PERSONAL,UNKNOWN,TURNING LEFT,,,1,,,,,Y,,,,,,,,,,,,,FRONT-RIGHT-CORNER,,,,,,,,,,,,,,,,,,,,,,,,,,,,,,,,,
2128148,45d6ed7c858dcf5d10323ae6cd60422ff850af3405ecdbcf54e8c416854a066561cbe4bf41e50c4f47670fe0976c31068b96e4977f69d34b0a933adb6d340937,08/14/2025 07:30:00 AM,2,DRIVER,,2028753,,BMW,X3,AR,2022,UNKNOWN,SPORT UTILITY VEHICLE (SUV),PERSONAL,N,STRAIGHT AHEAD,,,1,,,,,,,,,,,Y,,,,,,,SIDE-LEFT-REAR,,,,,,,,,,,,,,,,,,,,,,,,,,,,,,,,,
2128895,fc4feadbb1e61fe67789977f8d82e4de9ea1a83729d4e95bdd7f63b0143a1b7f707034a29c8d02c45141d861bc85a37d70179cd70875bac5ebd65dc9b8633677,08/14/2025 07:30:00 AM,1,DRIVER,,2029463,,DODGE,RAM PROMASTER,IL,2020,NONE,VAN/MINI-VAN,PERSONAL,S,STRAIGHT AHEAD,,,1,,,,,,,,,,,,,,,Y,,,FRONT-LEFT-CORNER,,,,,,,,,,,,,,,,,,,,,,,,,,,,,,,,,
2128896,fc4feadbb1e61fe67789977f8d82e4de9ea1a83729d4e95bdd7f63b0143a1b7f707034a29c8d02c45141d861bc85a37d70179cd70875bac5ebd65dc9b8633677,08/14/2025 07:30:00 AM,2,DRIVER,,2029468,,TOYOTA,TACOMA,IL,2022,NONE,PICKUP,PERSONAL,S,TURNING RIGHT,,,1,,,,,,,Y,,,,,,,,,,,SIDE-RIGHT,,,,,,,,,,,,,,,,,,,,,,,,,,,,,,,,,
2128153,af07af8c8ecda4740cb082fcb73169ccc1b0b44f051ca8ea16f020082bbc4f2658ab8dbd0ec0fe84152908ffdd41ad85a5e284a44d0a2e548910caebc6e92384,08/14/2025 07:16:00 AM,1,DRIVER,,2028752,,CHEVROLET,OTHER (EXPLAIN IN NARRATIVE),,,UNKNOWN,PASSENGER,UNKNOWN/NA,N,STRAIGHT AHEAD,,,1,,,,,,,,,,,,,,,,,Y,FRONT,,,,,,,,,,,,,,,,,,,,,,,,,,,,,,,,,
2128156,af07af8c8ecda4740cb082fcb73169ccc1b0b44f051ca8ea16f020082bbc4f2658ab8dbd0ec0fe84152908ffdd41ad85a5e284a44d0a2e548910caebc6e92384,08/14/2025 07:16:00 AM,2,PEDESTRIAN,,,,,,,,,,,,,,,,,,,,,,,,,,,,,,,,,,,,,,,,,,,,,,,,,,,,,,,,,,,,,,,,,,
2128178,842f89bca6900fd4b08699847f4d76bd54bc2a563a7eaf8f569cc57b1469fe7bab71dcf8dee90b75b0caba48dfca8fc2358eb3b0a242228cade8355ae1a3aa2d,08/14/2025 07:15:00 AM,1,DRIVER,,2028772,,DODGE,CHALLENGER,,,UNKNOWN,PASSENGER,PERSONAL,E,UNKNOWN/NA,,,1,,,,,,,,,,,,,,,,,Y,FRONT,,,,,,,,,,,,,,,,,,,,,,,,,,,,,,,,,
2128179,842f89bca6900fd4b08699847f4d76bd54bc2a563a7eaf8f569cc57b1469fe7bab71dcf8dee90b75b0caba48dfca8fc2358eb3b0a242228cade8355ae1a3aa2d,08/14/2025 07:15:00 AM,2,DRIVER,,2028777,,TOYOTA,COROLLA,IL,2022,UNKNOWN,PASSENGER,PERSONAL,E,SLOW/STOP IN TRAFFIC,,,1,,,,,,,,,Y,Y,Y,,,,,,,REAR,,,,,,,,,,,,,,,,,,,,,,,,,,,,,,,,,
2128145,fe5db383c4d852351cc52172b1208bb42d220a580110c8b1c962b15e54ca94c7d0649893b78073a2b1f638d44c89ebdc0793586e27b4b52083ee21f5801ec8b6,08/14/2025 07:08:00 AM,1,DRIVER,,2028750,,MITSUBISHI,OUTLANDER,IL,2018,NONE,PASSENGER,PERSONAL,E,TURNING LEFT,,,1,,,,,,,,,,,,,,N,Y,,,SIDE-LEFT-FRONT,,,,,,,,,,,,,,,,,,,,,,,,,,,,,,,,,
2128146,fe5db383c4d852351cc52172b1208bb42d220a580110c8b1c962b15e54ca94c7d0649893b78073a2b1f638d44c89ebdc0793586e27b4b52083ee21f5801ec8b6,08/14/2025 07:08:00 AM,2,BICYCLE,,,,,,,,,,,,,,,,,,,,,,,,,,,,,,,,,,,,,,,,,,,,,,,,,,,,,,,,,,,,,,,,,,
2128376,5dd0dd89343c8e908be025e49443f98b64c97ba64ee85b85e07a8c62bd1cbf9bf579b75933d65c745c9cf856f16439ab593b28f47b324575d0b619151be35eb2,08/14/2025 07:00:00 AM,1,DRIVER,,2028974,,FREIGHTLINER CORPORATION,FREIGHTLINER CORP.,IL,2025,NONE,TRACTOR W/ SEMI-TRAILER,COMMERCIAL - SINGLE UNIT,S,BACKING,,,1,,,,Y,,,,,,Y,,,,,,,,REAR,,,,,,,,,,,,,,,,,,,,,,,,,,,,,,,,,
2128377,5dd0dd89343c8e908be025e49443f98b64c97ba64ee85b85e07a8c62bd1cbf9bf579b75933d65c745c9cf856f16439ab593b28f47b324575d0b619151be35eb2,08/14/2025 07:00:00 AM,2,DRIVERLESS,,2028980,,TOYOTA,OTHER (EXPLAIN IN NARRATIVE),IL,2005,UNKNOWN,PASSENGER,UNKNOWN/NA,UNKNOWN,UNKNOWN/NA,,,0,,,,,,,,,,,,,,,,Y,,FRONT,,,,,,,,,,,,,,,,,,,,,,,,,,,,,,,,,
2128149,a1b3b1dc518934860664315b391350b1ba437fa19cab4eae46dfdec043b546a25a6507e9b7d871d842cce076f2da0b5deab5bb72335c556d32564e703c70bec0,08/14/2025 07:00:00 AM,1,DRIVER,1,2028755,,HYUNDAI,ELANTRA,IL,2025,UNKNOWN,PASSENGER,RIDESHARE SERVICE,SE,STRAIGHT AHEAD,,,2,,,,,,,,,,,,,,,Y,,,FRONT-LEFT-CORNER,,,,,,,,,,,,,,,,,,,,,,,,,,,,,,,,,
2128150,a1b3b1dc518934860664315b391350b1ba437fa19cab4eae46dfdec043b546a25a6507e9b7d871d842cce076f2da0b5deab5bb72335c556d32564e703c70bec0,08/14/2025 07:00:00 AM,2,DRIVER,,2028757,,TOYOTA,RAV4,IL,2009,UNKNOWN,SPORT UTILITY VEHICLE (SUV),PERSONAL,SE,STRAIGHT AHEAD,,,1,,,,,Y,,,,,,,,,,,,,FRONT-RIGHT-CORNER,,,,,,,,,,,,,,,,,,,,,,,,,,,,,,,,,
2128172,ac7bd38cb3dc5abf45913ecfdeffefcc7dbc57317cc7ac7708e9dd11eaf2c9b660c2147883d64a2efb9035de862f7bd5b7e8b8492eef0560d8c03ac21f13bfe5,08/14/2025 07:00:00 AM,1,DRIVER,,2028764,,UNKNOWN,OTHER (EXPLAIN IN NARRATIVE),,,UNKNOWN,UNKNOWN/NA,UNKNOWN/NA,UNKNOWN,UNKNOWN/NA,,,1,,,,,,,,,,,,,,,,,,UNKNOWN,,,,,,,,,,,,,,,,,,,,,,,,,,,,,,,,,
2128173,ac7bd38cb3dc5abf45913ecfdeffefcc7dbc57317cc7ac7708e9dd11eaf2c9b660c2147883d64a2efb9035de862f7bd5b7e8b8492eef0560d8c03ac21f13bfe5,08/14/2025 07:00:00 AM,2,PARKED,,2028765,,HONDA,ACCORD,IL,2025,NONE,PASSENGER,NOT IN USE,UNKNOWN,PARKED,,,0,,,,,,,,,,,Y,,,,,,,REAR-LEFT-CORNER,,,,,,,,,,,,,,,,,,,,,,,,,,,,,,,,,
2129597,f9202f9dc467723a63772c15d01387f9187ba06b4c02c1b8d5d94496411dc31dd9baaa309d51b6eb8692fade2ff087fe084590370fd2619791cd4a838b5d9aff,08/14/2025 07:00:00 AM,1,DRIVER,,2030134,,UNKNOWN,OTHER (EXPLAIN IN NARRATIVE),IL,,UNKNOWN,UNKNOWN/NA,UNKNOWN/NA,UNKNOWN,UNKNOWN/NA,,,1,,,,,,,,,,,,,,,,,Y,UNKNOWN,,,,,,,,,,,,,,,,,,,,,,,,,,,,,,,,,
2129598,f9202f9dc467723a63772c15d01387f9187ba06b4c02c1b8d5d94496411dc31dd9baaa309d51b6eb8692fade2ff087fe084590370fd2619791cd4a838b5d9aff,08/14/2025 07:00:00 AM,2,PARKED,,2030135,,TOYOTA,CAMRY,IL,2019,NONE,PASSENGER,PERSONAL,SW,PARKED,,,0,,,,,,,,,,,Y,,,,,,,REAR-LEFT-CORNER,,,,,,,,,,,,,,,,,,,,,,,,,,,,,,,,,
2128159,918a1d494eafdd68a377ea8268d76505536c98105d6cd975738e44fec87c8922a12a4dfeb5a20e6ef1bb78290413599649acc8c6a19740e50a799d699f74cd40,08/14/2025 06:58:00 AM,1,DRIVER,,2028771,,JEEP,WRANGLER,IL,2021,UNKNOWN,UNKNOWN/NA,PERSONAL,S,STRAIGHT AHEAD,,,1,,,,Y,,,,,,,,,,,,,,FRONT,,,,,,,,,,,,,,,,,,,,,,,,,,,,,,,,,