CRASH_UNIT_ID,CRASH_RECORD_ID,CRASH_DATE,UNIT_NO,UNIT_TYPE,NUM_PASSENGERS,VEHICLE_ID,CMRC_VEH_I,MAKE,MODEL,LIC_PLATE_STATE,VEHICLE_YEAR,VEHICLE_DEFECT,VEHICLE_TYPE,VEHICLE_USE,TRAVEL_DIRECTION,MANEUVER,TOWED_I,FIRE_I,OCCUPANT_CNT,EXCEED_SPEED_LIMIT_I,TOWED_BY,TOWED_TO,AREA_00_I,AREA_01_I,AREA_02_I,AREA_03_I,AREA_04_I,AREA_05_I,AREA_06_I,AREA_07_I,AREA_08_I,AREA_09_I,AREA_10_I,AREA_11_I,AREA_12_I,AREA_99_I,FIRST_CONTACT_POINT,CMV_ID,USDOT_NO,CCMC_NO,ILCC_NO,COMMERCIAL_SRC,GVWR,CARRIER_NAME,CARRIER_STATE,CARRIER_CITY,HAZMAT_PLACARDS_I,HAZMAT_NAME,UN_NO,HAZMAT_PRESENT_I,HAZMAT_REPORT_I,HAZMAT_REPORT_NO,MCS_REPORT_I,MCS_REPORT_NO,HAZMAT_VIO_CAUSE_CRASH_I,MCS_VIO_CAUSE_CRASH_I,IDOT_PERMIT_NO,WIDE_LOAD_I,TRAILER1_WIDTH,TRAILER2_WIDTH,TRAILER1_LENGTH,TRAILER2_LENGTH,TOTAL_VEHICLE_LENGTH,AXLE_CNT,VEHICLE_CONFIG,CARGO_BODY_TYPE,LOAD_TYPE,HAZMAT_OUT_OF_SERVICE_I,MCS_OUT_OF_SERVICE_I,HAZMAT_CLASS
2128160,918a1d494eafdd68a377ea8268d76505536c98105d6cd975738e44fec87c8922a12a4dfeb5a20e6ef1bb78290413599649acc8c6a19740e50a799d699f74cd40,08/14/2025 06:58:00 AM,2,DRIVER,,2028782,,CHEVROLET,MALIBU,IL,2018,NONE,PASSENGER,PERSONAL,S,SLOW/STOP IN TRAFFIC,,,1,,,,,,,,,Y,,,,,,,,,REAR-RIGHT-CORNER,,,,,,,,,,,,,,,,,,,,,,,,,,,,,,,,,
2128226,280811804f41b4479dc4958ad2701a9c4e510a1a97ee153d8f9b1935974d79faa6d9c68a5052b1f5290e1d32dc349075da6aa35c4ce965a97fe98c5ea7c6906c,08/14/2025 06:50:00 AM,1,DRIVER,,2028838,N,UNKNOWN,MOTORIZED,IL,,UNKNOWN,OTHER,CONSTRUCTION/MAINTENANCE,W,STRAIGHT AHEAD,,,1,,,,,,,,,,,,,,,,,Y,UNKNOWN,,,,,,,,,,,,,,,,,,,,,,,,,,,,,,,,,
2128227,280811804f41b4479dc4958ad2701a9c4e510a1a97ee153d8f9b1935974d79faa6d9c68a5052b1f5290e1d32dc349075da6aa35c4ce965a97fe98c5ea7c6906c,08/14/2025 06:50:00 AM,2,DRIVER,,2028866,,TOYOTA,CAMRY,IL,2020,UNKNOWN,PASSENGER,UNKNOWN/NA,E,STRAIGHT AHEAD,,,1,,,,,,,,,,,,,,,,,,TOP,,,,,,,,,,,,,,,,,,,,,,,,,,,,,,,,,
2128218,066648a44b292651679591ad835a767058f2ec01c77c888633b320546255ed9a208c280e654d7743c100ed1b17a41d1be62327a81b461aae013d253c124cbf53,08/14/2025 06:45:00 AM,1,DRIVER,,2028815,,HONDA,CR-V,IL,2019,UNKNOWN,SPORT UTILITY VEHICLE (SUV),UNKNOWN/NA,NW,STRAIGHT AHEAD,,,1,,,,,,,,,,,,,,,Y,Y,,FRONT-LEFT-CORNER,,,,,,,,,,,,,,,,,,,,,,,,,,,,,,,,,
2128219,066648a44b292651679591ad835a767058f2ec01c77c888633b320546255ed9a208c280e654d7743c100ed1b17a41d1be62327a81b461aae013d253c124cbf53,08/14/2025 06:45:00 AM,2,DRIVER,,2028819,,DODGE,CHARGER,IL,2007,UNKNOWN,PASSENGER,PERSONAL,N,STRAIGHT AHEAD,,,1,,,,,,,Y,Y,,,,,,,,,,REAR-RIGHT-CORNER,,,,,,,,,,,,,,,,,,,,,,,,,,,,,,,,,
2128143,a8ee35b9a8c93b2675de346c5ac0318666d8a0a6de37e7ecb4a295c6800fed21123c51d596413b208b15e93417040c78ecb5d438e8828e04d56fd3e80dcc9c4e,08/14/2025 06:40:00 AM,1,DRIVER,,2028749,,HONDA,ACCORD,IL,2010,UNKNOWN,PASSENGER,PERSONAL,E,TURNING LEFT,,,1,,,,,Y,Y,,,,,N,N,,,,,,FRONT-RIGHT-CORNER,,,,,,,,,,,,,,,,,,,,,,,,,,,,,,,,,
2128144,a8ee35b9a8c93b2675de346c5ac0318666d8a0a6de37e7ecb4a295c6800fed21123c51d596413b208b15e93417040c78ecb5d438e8828e04d56fd3e80dcc9c4e,08/14/2025 06:40:00 AM,2,DRIVER,,2028769,,HONDA,CIVIC,IL,2004,UNKNOWN,PASSENGER,PERSONAL,W,STRAIGHT AHEAD,,,1,,,,,,,,,,,Y,Y,,,,,,REAR-LEFT-CORNER,,,,,,,,,,,,,,,,,,,,,,,,,,,,,,,,,
2128180,127839032c07f1ad56865c016108b732a5597b2d18a65f73a6cb414928dac64e4e58c0819832e95350bcd21689784198098e9b3f161ad611e22b13bcea0c578f,08/14/2025 06:00:00 AM,1,DRIVER,,2028792,Y,HYUNDAI TRAILERS,HYUNDAI TRAILERS,IN,2015,UNKNOWN,TRACTOR W/ SEMI-TRAILER,COMMERCIAL - SINGLE UNIT,W,STRAIGHT AHEAD,,,1,,,,,,,,,,,,,,,,,,TOP,"21,996",2318393,,,DRIVER,2,INDUSTRIAL/CONTRACT TRANSPORT SERVICES LLC,WI,GREEN BAY,,,1037,N,U,,U,,N,U,,,,,,,,3,TRACTOR/SEMI-TRAILER,VAN/ENCLOSED BOX,UNKNOWN,N,N,MISCELLANEOUS
2132687,58e889fb89fd6262ab72a45d37bfa0b3a97accb5ed3b8bb2d3494189a2c05f8290de6b3ada5382a8ca615fbeacb86892ae74e4ca1a3c1158d3b6e08a93330907,08/14/2025 05:55:00 AM,1,DRIVER,,2033018,,NISSAN,MAXIMA,IL,2012,UNKNOWN,PASSENGER,UNKNOWN/NA,E,STRAIGHT AHEAD,,,1,,,,,,,,,,,N,N,,Y,Y,,,FRONT-LEFT-CORNER,,,,,,,,,,,,,,,,,,,,,,,,,,,,,,,,,
2132688,58e889fb89fd6262ab72a45d37bfa0b3a97accb5ed3b8bb2d3494189a2c05f8290de6b3ada5382a8ca615fbeacb86892ae74e4ca1a3c1158d3b6e08a93330907,08/14/2025 05:55:00 AM,2,DRIVER,,2033017,,CHEVROLET,CRUZE,IL,,UNKNOWN,PASSENGER,PERSONAL,S,STRAIGHT AHEAD,,,1,,,,,,,,N,N,,Y,Y,,,,,,REAR-LEFT-CORNER,,,,,,,,,,,,,,,,,,,,,,,,,,,,,,,,,
2128459,2b7ac4280c4d51cf4e274e7feca3601f16d10eb9e9376306240e50c5cb5103ae591d6136bef65998fb6618871989d7962435089ad51c31157e146269861f173e,08/14/2025 05:40:00 AM,1,DRIVER,,2029039,,VOLKSWAGEN,BEETLE,IL,2012,NONE,PASSENGER,PERSONAL,N,STRAIGHT AHEAD,,,1,,,,,Y,,,,,,,,,,Y,Y,,FRONT,,,,,,,,,,,,,,,,,,,,,,,,,,,,,,,,,
2128460,2b7ac4280c4d51cf4e274e7feca3601f16d10eb9e9376306240e50c5cb5103ae591d6136bef65998fb6618871989d7962435089ad51c31157e146269861f173e,08/14/2025 05:40:00 AM,2,DRIVER,,2029050,,HYUNDAI,SONATA,IL,2018,NONE,SPORT UTILITY VEHICLE (SUV),PERSONAL,N,SLOW/STOP IN TRAFFIC,,,1,,,,,,,,,Y,Y,Y,,,,,,,REAR,,,,,,,,,,,,,,,,,,,,,,,,,,,,,,,,,
2128135,52412f3caf5aa947b44e803b2e1b97fa1e55124ba4e252da768030d6de1ec701d87d54f2559d511d057cfab654fb564dee30f32425fbd59b2f4e43aedd155441,08/14/2025 05:39:00 AM,1,DRIVER,,2028741,,NISSAN,ROGUE,IL,2016,UNKNOWN,PASSENGER,PERSONAL,N,STRAIGHT AHEAD,,,1,,,,,Y,,,,,,,,,,Y,Y,,FRONT,,,,,,,,,,,,,,,,,,,,,,,,,,,,,,,,,
2128136,52412f3caf5aa947b44e803b2e1b97fa1e55124ba4e252da768030d6de1ec701d87d54f2559d511d057cfab654fb564dee30f32425fbd59b2f4e43aedd155441,08/14/2025 05:39:00 AM,2,DRIVER,,2028744,,CHEVROLET,EQUINOX,IL,2024,UNKNOWN,PASSENGER,PERSONAL,N,STRAIGHT AHEAD,,,1,,,,,,,,,Y,Y,Y,,,,,,,REAR,,,,,,,,,,,,,,,,,,,,,,,,,,,,,,,,,
2128137,52412f3caf5aa947b44e803b2e1b97fa1e55124ba4e252da768030d6de1ec701d87d54f2559d511d057cfab654fb564dee30f32425fbd59b2f4e43aedd155441,08/14/2025 05:39:00 AM,3,DRIVER,,2028745,,FORD,ESCAPE,IL,2016,UNKNOWN,PASSENGER,PERSONAL,N,STRAIGHT AHEAD,,,1,,,,,,,,,,,Y,,,,,,,SIDE-LEFT-REAR,,,,,,,,,,,,,,,,,,,,,,,,,,,,,,,,,
2128138,52412f3caf5aa947b44e803b2e1b97fa1e55124ba4e252da768030d6de1ec701d87d54f2559d511d057cfab654fb564dee30f32425fbd59b2f4e43aedd155441,08/14/2025 05:39:00 AM,4,PARKED,,2028746,,CHEVROLET,OTHER (EXPLAIN IN NARRATIVE),IL,2013,UNKNOWN,PASSENGER,PERSONAL,S,PARKED,,,0,,,,,,,,,,,,Y,Y,Y,,,,SIDE-LEFT,,,,,,,,,,,,,,,,,,,,,,,,,,,,,,,,,
2128141,971b9255ebc67c4c4278cc9a7d4b3768a400310199352eb0e97d275925b84ba88edaf5e6e25cdc32f111dee04f2fb78688e58628d5fe4abee33a0ec5415a98f5,08/14/2025 05:35:00 AM,1,DRIVER,,2028747,,CHEVROLET,SILVERADO,IL,2014,UNKNOWN,PICKUP,PERSONAL,E,STRAIGHT AHEAD,,,1,,,,,Y,Y,Y,,,,,,,,,Y,,FRONT-RIGHT-CORNER,,,,,,,,,,,,,,,,,,,,,,,,,,,,,,,,,
2128142,971b9255ebc67c4c4278cc9a7d4b3768a400310199352eb0e97d275925b84ba88edaf5e6e25cdc32f111dee04f2fb78688e58628d5fe4abee33a0ec5415a98f5,08/14/2025 05:35:00 AM,2,DRIVER,1,2028748,,FORD,FOCUS,IL,2012,NONE,PASSENGER,PERSONAL,W,STRAIGHT AHEAD,Y,,2,,PRIVATE TOW,OWNERS HOME,,Y,Y,Y,Y,Y,Y,,,,,Y,Y,,SIDE-RIGHT,,,,,,,,,,,,,,,,,,,,,,,,,,,,,,,,,
2132020,c37203105514ee0565ffd72c3978f44615392d0186cac51e89c11c5afe5afc615a2544d5171019e36cfa1591a2ff205666ff5f7bc3cdda2787f2a10a628b5978,08/14/2025 05:30:00 AM,1,DRIVER,,2032387,,LEXUS,OTHER (EXPLAIN IN NARRATIVE),IL,1997,UNKNOWN,PASSENGER,UNKNOWN/NA,N,PASSING/OVERTAKING,,,1,,,,,Y,Y,,,,,,,,,,,,FRONT-RIGHT-CORNER,,,,,,,,,,,,,,,,,,,,,,,,,,,,,,,,,
2132021,c37203105514ee0565ffd72c3978f44615392d0186cac51e89c11c5afe5afc615a2544d5171019e36cfa1591a2ff205666ff5f7bc3cdda2787f2a10a628b5978,08/14/2025 05:30:00 AM,2,DRIVER,,2032393,,CHEVROLET,MALIBU,IL,2013,ENGINE/MOTOR,PASSENGER,PERSONAL,N,STRAIGHT AHEAD,,,1,,,,,,,,,,,,,,Y,Y,,,FRONT-LEFT-CORNER,,,,,,,,,,,,,,,,,,,,,,,,,,,,,,,,,
2128759,1a508a795198853461231fb42670b4bfe2a55a9f89f96d9318f24eea70abdceacee01f7b5d462c64a511bfc43dc45587b4d02ef253336df1f29a64a87313de60,08/14/2025 05:15:00 AM,1,DRIVER,,2029337,,KIA,OPTIMA / K5,IL,2016,NONE,PASSENGER,PERSONAL,N,STRAIGHT AHEAD,Y,,1,,PRIVATE TOW,,,,,,,,,,,,,,Y,,FRONT,,,,,,,,,,,,,,,,,,,,,,,,,,,,,,,,,
2128760,1a508a795198853461231fb42670b4bfe2a55a9f89f96d9318f24eea70abdceacee01f7b5d462c64a511bfc43dc45587b4d02ef253336df1f29a64a87313de60,08/14/2025 05:15:00 AM,2,DRIVER,,2029339,,DODGE,RAM 1500 PU,IL,2007,NONE,PICKUP,PERSONAL,N,SLOW/STOP IN TRAFFIC,,,1,,,,,,,,,,Y,,,,,,,,REAR,,,,,,,,,,,,,,,,,,,,,,,,,,,,,,,,,
2128125,323e344c24100c0c28c27b666241aa736dd44a5decdee99b9316de9f22e9b2878285a52aea836715322cd09f484090085e3ec5ec717bd1835aea5e097d3d0b82,08/14/2025 04:37:00 AM,1,DRIVER,,2028732,,TOYOTA,COROLLA,IL,2021,UNKNOWN,PASSENGER,PERSONAL,E,STRAIGHT AHEAD,,,1,,,,,Y,Y,,,,,,,,,Y,Y,,FRONT-RIGHT-CORNER,,,,,,,,,,,,,,,,,,,,,,,,,,,,,,,,,
2128126,323e344c24100c0c28c27b666241aa736dd44a5decdee99b9316de9f22e9b2878285a52aea836715322cd09f484090085e3ec5ec717bd1835aea5e097d3d0b82,08/14/2025 04:37:00 AM,2,PARKED,,2028735,,HYUNDAI,TUCSON,IL,2021,UNKNOWN,SPORT UTILITY VEHICLE (SUV),UNKNOWN/NA,UNKNOWN,PARKED,,,0,,,,,,,,,,,Y,Y,Y,Y,Y,,,SIDE-LEFT,,,,,,,,,,,,,,,,,,,,,,,,,,,,,,,,,
2128127,323e344c24100c0c28c27b666241aa736dd44a5decdee99b9316de9f22e9b2878285a52aea836715322cd09f484090085e3ec5ec717bd1835aea5e097d3d0b82,08/14/2025 04:37:00 AM,3,PARKED,,2028736,,TOYOTA,HIGHLANDER,IL,2006,UNKNOWN,SPORT UTILITY VEHICLE (SUV),PERSONAL,UNKNOWN,PARKED,,,0,,,,,,,,,,Y,Y,Y,,,,,,SIDE-LEFT-REAR,,,,,,,,,,,,,,,,,,,,,,,,,,,,,,,,,
2128577,6b4367049767de7f2fb511a4ff9bb31f650777d7aa8525a402e822cfb92c79df56c3c0ae4b505f7d9c37e03a4c9eca88d59fc522f46216239bf41457b23530f9,08/14/2025 04:00:00 AM,1,DRIVER,,2029165,,UNKNOWN,OTHER (EXPLAIN IN NARRATIVE),IL,,NONE,PASSENGER,UNKNOWN/NA,UNKNOWN,UNKNOWN/NA,,,1,,,,,,,,,,,,,,,,,Y,UNKNOWN,,,,,,,,,,,,,,,,,,,,,,,,,,,,,,,,,
2128595,6b4367049767de7f2fb511a4ff9bb31f650777d7aa8525a402e822cfb92c79df56c3c0ae4b505f7d9c37e03a4c9eca88d59fc522f46216239bf41457b23530f9,08/14/2025 04:00:00 AM,2,PARKED,,2029176,,HYUNDAI,KONA,IL,2020,NONE,PASSENGER,PERSONAL,N,PARKED,,,0,,,,,,Y,Y,Y,Y,Y,,,,,,,,REAR-RIGHT-CORNER,,,,,,,,,,,,,,,,,,,,,,,,,,,,,,,,,
2128287,8abe8e0929e09cc851e07c35c3ea5f11dc13618e78e2041d56113e32f2e863043ce260d6045d86c8cf3794f7d383d6402d8635c87156b9d194de93ddfc023250,08/14/2025 04:00:00 AM,1,DRIVER,,2028881,,UNKNOWN,OTHER (EXPLAIN IN NARRATIVE),,,UNKNOWN,UNKNOWN/NA,UNKNOWN/NA,UNKNOWN,UNKNOWN/NA,,,1,,,,,,,,,,,,,,,,,Y,UNKNOWN,,,,,,,,,,,,,,,,,,,,,,,,,,,,,,,,,
2128288,8abe8e0929e09cc851e07c35c3ea5f11dc13618e78e2041d56113e32f2e863043ce260d6045d86c8cf3794f7d383d6402d8635c87156b9d194de93ddfc023250,08/14/2025 04:00:00 AM,2,PARKED,,2028884,,FORD,TRANSIT,AZ,2025,UNKNOWN,VAN/MINI-VAN,NOT IN USE,N,PARKED,,,0,,,,,,,,,,,,Y,Y,Y,,,,SIDE-LEFT,,,,,,,,,,,,,,,,,,,,,,,,,,,,,,,,,
2129208,f04a9dd282819dbfe8dc0991f3f0e147dd6d56c75bca2ef0401adbf1225094bbdfc134417b2528a55c0beb3db9ea48e4c16403545370058cde567019b3342c81,08/14/2025 03:57:00 AM,1,DRIVER,,2029759,,JEEP,RENEGADE,IL,2015,UNKNOWN,SPORT UTILITY VEHICLE (SUV),PERSONAL,N,STRAIGHT AHEAD,Y,,1,,,,,Y,Y,Y,Y,Y,Y,Y,Y,Y,Y,Y,Y,,SIDE-LEFT,,,,,,,,,,,,,,,,,,,,,,,,,,,,,,,,,
2129209,f04a9dd282819dbfe8dc0991f3f0e147dd6d56c75bca2ef0401adbf1225094bbdfc134417b2528a55c0beb3db9ea48e4c16403545370058cde567019b3342c81,08/14/2025 03:57:00 AM,2,DRIVER,,2029760,,TOYOTA,CAMRY,IL,2024,UNKNOWN,PASSENGER,PERSONAL,E,STRAIGHT AHEAD,Y,,1,,,,,Y,Y,,,,,,,,Y,Y,Y,,FRONT,,,,,,,,,,,,,,,,,,,,,,,,,,,,,,,,,
2128128,423c275634426ce9d6d0e30dc8c29fcc047d07c05650df7a8699396f59a5e8dbba49f35a0d7665ed6d294a657cf5c89e5477bc441d6804bffe14a4fa0fde124e,08/14/2025 03:50:00 AM,1,DRIVER,,2028733,,LAND ROVER,RANGE ROVER PHEV,IL,2016,NONE,SPORT UTILITY VEHICLE (SUV),UNKNOWN/NA,N,STRAIGHT AHEAD,,,1,,,,,Y,,,,,,,,,Y,Y,Y,,FRONT,,,,,,,,,,,,,,,,,,,,,,,,,,,,,,,,,
2128131,423c275634426ce9d6d0e30dc8c29fcc047d07c05650df7a8699396f59a5e8dbba49f35a0d7665ed6d294a657cf5c89e5477bc441d6804bffe14a4fa0fde124e,08/14/2025 03:50:00 AM,2,PEDESTRIAN,,,,,,,,,,,,,,,,,,,,,,,,,,,,,,,,,,,,,,,,,,,,,,,,,,,,,,,,,,,,,,,,,,
2128132,423c275634426ce9d6d0e30dc8c29fcc047d07c05650df7a8699396f59a5e8dbba49f35a0d7665ed6d294a657cf5c89e5477bc441d6804bffe14a4fa0fde124e,08/14/2025 03:50:00 AM,3,PEDESTRIAN,,,,,,,,,,,,,,,,,,,,,,,,,,,,,,,,,,,,,,,,,,,,,,,,,,,,,,,,,,,,,,,,,,
2128195,f243deb33282a1914f38622980c70dcb607f06be5cf6f4b249e2f923bea33c2ee3a9cd7caaa6252efc1b6c69c65eb861e5cddae4e9fca054e7db740f2fc84821,08/14/2025 02:30:00 AM,1,DRIVER,,2028799,,UNKNOWN,OTHER (EXPLAIN IN NARRATIVE),XX,,UNKNOWN,UNKNOWN/NA,UNKNOWN/NA,UNKNOWN,STRAIGHT AHEAD,,,1,,,,,,,,,,,,,,,,,,UNKNOWN,,,,,,,,,,,,,,,,,,,,,,,,,,,,,,,,,
2128196,f243deb33282a1914f38622980c70dcb607f06be5cf6f4b249e2f923bea33c2ee3a9cd7caaa6252efc1b6c69c65eb861e5cddae4e9fca054e7db740f2fc84821,08/14/2025 02:30:00 AM,2,PARKED,,2028804,,INFINITI,G35,IL,2008,UNKNOWN,PASSENGER,NOT IN USE,W,PARKED,,,0,,,,,,,,,,,,,,Y,Y,,,FRONT-LEFT-CORNER,,,,,,,,,,,,,,,,,,,,,,,,,,,,,,,,,
2128117,ecb00ee3707ccdcacd25aec43148e36637f318b489e5fb5ed16a4d891de874183413c3ec93cb37a872aa49b2088cbdfd6e958b9d6d3b37cf60b0d684e4380aca,08/14/2025 01:42:00 AM,1,DRIVER,,2028722,,JEEP,WRANGLER,IL,,UNKNOWN,PASSENGER,PERSONAL,W,UNKNOWN/NA,,,1,,,,,,,,,,,,,,,,Y,Y,FRONT,,,,,,,,,,,,,,,,,,,,,,,,,,,,,,,,,
2128118,ecb00ee3707ccdcacd25aec43148e36637f318b489e5fb5ed16a4d891de874183413c3ec93cb37a872aa49b2088cbdfd6e958b9d6d3b37cf60b0d684e4380aca,08/14/2025 01:42:00 AM,2,DRIVER,,2028723,,FORD,VAN,IL,2017,UNKNOWN,VAN/MINI-VAN,CONSTRUCTION/MAINTENANCE,W,SLOW/STOP IN TRAFFIC,,,1,,,,,,,,,,Y,,,Y,Y,,,,REAR,,,,,,,,,,,,,,,,,,,,,,,,,,,,,,,,,
2128119,93b695be2331f4f73bd37023a9587401dac4b4d1467622e9f0fdc47be195ac837c871632f13dcc2dd115baec780bd9bd964e3663ba4122d3266e58ea505710d0,08/14/2025 01:39:00 AM,1,DRIVER,,2028726,,FORD,EXPLORER,IL,2013,NONE,SPORT UTILITY VEHICLE (SUV),PERSONAL,S,SLOW/STOP IN TRAFFIC,,,1,,,,,Y,,,,,,,,,,,,,FRONT-RIGHT-CORNER,,,,,,,,,,,,,,,,,,,,,,,,,,,,,,,,,
2128120,93b695be2331f4f73bd37023a9587401dac4b4d1467622e9f0fdc47be195ac837c871632f13dcc2dd115baec780bd9bd964e3663ba4122d3266e58ea505710d0,08/14/2025 01:39:00 AM,2,PARKED,,2028727,,LEXUS,ES300,IL,2002,NONE,PASSENGER,NOT IN USE,S,PARKED,,,0,,,,,,,,,,,Y,,,,,,,SIDE-LEFT-REAR,,,,,,,,,,,,,,,,,,,,,,,,,,,,,,,,,
2128308,6ae3bd0a7af019c085cb8b93fd80169e0289159a8e629143d1a2d642be5cbe5b1b7f2a8682fd65b55083cc2607c993d2142a96a5a78cf9bed653a90a3f2d144b,08/14/2025 01:15:00 AM,1,DRIVER,,2028904,,UNKNOWN,OTHER (EXPLAIN IN NARRATIVE),,,UNKNOWN,UNKNOWN/NA,UNKNOWN/NA,UNKNOWN,UNKNOWN/NA,,,1,,,,,,,,,,,,,,,,,Y,UNKNOWN,,,,,,,,,,,,,,,,,,,,,,,,,,,,,,,,,
2128309,6ae3bd0a7af019c085cb8b93fd80169e0289159a8e629143d1a2d642be5cbe5b1b7f2a8682fd65b55083cc2607c993d2142a96a5a78cf9bed653a90a3f2d144b,08/14/2025 01:15:00 AM,2,PARKED,,2028909,,CADILLAC,SEVILLE,IL,2001,UNKNOWN,PASSENGER,PERSONAL,N,PARKED,,,0,,,,,,Y,Y,Y,,,,,,,,,,SIDE-RIGHT,,,,,,,,,,,,,,,,,,,,,,,,,,,,,,,,,
2128405,599125ba2e5c88a13b19759151ba0e7e467b0e82fb9372f120f540c575ea9a3c5277c2c9e4d3fcb0aa9a9a3d2af12d753263109862eb3fc7520a8801fa5cba70,08/14/2025 01:10:00 AM,1,DRIVER,,2028997,,DODGE,CHARGER,,,UNKNOWN,PASSENGER,PERSONAL,E,STRAIGHT AHEAD,,,1,,,,,,,,,,,,,,,,,Y,UNKNOWN,,,,,,,,,,,,,,,,,,,,,,,,,,,,,,,,,
2128406,599125ba2e5c88a13b19759151ba0e7e467b0e82fb9372f120f540c575ea9a3c5277c2c9e4d3fcb0aa9a9a3d2af12d753263109862eb3fc7520a8801fa5cba70,08/14/2025 01:10:00 AM,2,PARKED,,2028999,,GENESIS,G80,IL,2025,NONE,PASSENGER,NOT IN USE,W,PARKED,,,0,,,,,Y,Y,,,,,,,,,,,,SIDE-RIGHT-FRONT,,,,,,,,,,,,,,,,,,,,,,,,,,,,,,,,,
2128113,8e134fc0068c0f1454722059de5308173415fadb34d12d866a4834b97a52734ee4c21b2a7ce937368a3961846530d3bd2f4f2095fef9fbe96de193bc3280c78f,08/14/2025 01:00:00 AM,1,DRIVER,,2028719,,HYUNDAI,OTHER (EXPLAIN IN NARRATIVE),IL,2013,UNKNOWN,PASSENGER,UNKNOWN/NA,E,STRAIGHT AHEAD,,,1,,,,,,,,,,,,,,,,Y,,FRONT,,,,,,,,,,,,,,,,,,,,,,,,,,,,,,,,,
2128114,8e134fc0068c0f1454722059de5308173415fadb34d12d866a4834b97a52734ee4c21b2a7ce937368a3961846530d3bd2f4f2095fef9fbe96de193bc3280c78f,08/14/2025 01:00:00 AM,2,DRIVER,,2028720,,TOYOTA,PRIUS,IL,2004,NONE,PASSENGER,UNKNOWN/NA,E,SLOW/STOP IN TRAFFIC,,,1,,,,,,,,,Y,Y,Y,,,,,,,REAR,,,,,,,,,,,,,,,,,,,,,,,,,,,,,,,,,
2128107,e9d5e0173ef9dd4918e2bd9a7e301e73a6bf30d959c32446926242288014e6faa2460ab3523cc4a0c9017ff705eff406124d5e1ddb8ffdf8d72d8428aedbff76,08/14/2025 12:20:00 AM,1,DRIVER,,2028712,,KIA,OTHER (EXPLAIN IN NARRATIVE),,,UNKNOWN,UNKNOWN/NA,UNKNOWN/NA,N,UNKNOWN/NA,,,1,,,,,,,,,,,,,,,,,,FRONT,,,,,,,,,,,,,,,,,,,,,,,,,,,,,,,,,
2128108,e9d5e0173ef9dd4918e2bd9a7e301e73a6bf30d959c32446926242288014e6faa2460ab3523cc4a0c9017ff705eff406124d5e1ddb8ffdf8d72d8428aedbff76,08/14/2025 12:20:00 AM,2,DRIVER,,2028713,,CHEVROLET,SUBURBAN,IL,2025,UNKNOWN,UNKNOWN/NA,UNKNOWN/NA,N,SLOW/STOP IN TRAFFIC,,,1,,,,,,,,,,,,,,,,,,REAR,,,,,,,,,,,,,,,,,,,,,,,,,,,,,,,,,
2128109,a658222ecdd6bae6351ccc4bf1829db06b80945a948eb7a52eddf3a91b337dbd8fe9e348295eb36cb399c3ea6c625cd8a5489649af21923fa4d46d5c06f036ae,08/14/2025 12:07:00 AM,1,DRIVER,,2028717,,MERCEDES-BENZ,CLS,IL,2020,UNKNOWN,PASSENGER,PERSONAL,S,STRAIGHT AHEAD,,,1,,,,,,Y,Y,Y,,,,,,,,,,SIDE-RIGHT,,,,,,,,,,,,,,,,,,,,,,,,,,,,,,,,,
2128110,a658222ecdd6bae6351ccc4bf1829db06b80945a948eb7a52eddf3a91b337dbd8fe9e348295eb36cb399c3ea6c625cd8a5489649af21923fa4d46d5c06f036ae,08/14/2025 12:07:00 AM,2,DRIVER,,2028721,,JEEP,COMPASS,IL,2021,UNKNOWN,PASSENGER,PERSONAL,E,STRAIGHT AHEAD,Y,,1,,city of chicago,701 n sacramento,,Y,,,,,,,,,,Y,Y,,FRONT,,,,,,,,,,,,,,,,,,,,,,,,,,,,,,,,,
2129679,56d07c13d7ff6f1923befde89df3e50501f6a769c55b69bf62fefc81be913cb03187730f6eaff2ce6f3ca0b48e0d0012b414530d021496c66a1f4bdc15e3b8d0,08/13/2025 11:55:00 PM,1,DRIVER,,2030196,,UNKNOWN,OTHER (EXPLAIN IN NARRATIVE),,,UNKNOWN,UNKNOWN/NA,UNKNOWN/NA,N,UNKNOWN/NA,,,1,,,,,,,,,,,,,,,,,Y,UNKNOWN,,,,,,,,,,,,,,,,,,,,,,,,,,,,,,,,,
2129680,56d07c13d7ff6f1923befde89df3e50501f6a769c55b69bf62fefc81be913cb03187730f6eaff2ce6f3ca0b48e0d0012b414530d021496c66a1f4bdc15e3b8d0,08/13/2025 11:55:00 PM,2,DRIVER,,2030201,,TOYOTA,COROLLA,IL,2016,OTHER,UNKNOWN/NA,UNKNOWN/NA,N,UNKNOWN/NA,,,1,,,,,,,,,,,,Y,Y,,,,,REAR-LEFT-CORNER,,,,,,,,,,,,,,,,,,,,,,,,,,,,,,,,,
2128094,62ce58d25b0c8b87a209a25a07b488bb316bc7f16aa2f59f69b4933d2b18caf997ee7f90e9aa04a09ea98bfa955e199f37a8f13891dd869792962902eb9e3c7b,08/13/2025 11:48:00 PM,1,DRIVER,,2028701,,JEEP,GRAND CHEROKEE,,,UNKNOWN,PASSENGER,UNKNOWN/NA,W,TURNING RIGHT,,,1,,,,,Y,,,,,,,,,,,,,FRONT-RIGHT-CORNER,,,,,,,,,,,,,,,,,,,,,,,,,,,,,,,,,