CRASH_UNIT_ID,CRASH_RECORD_ID,CRASH_DATE,UNIT_NO,UNIT_TYPE,NUM_PASSENGERS,VEHICLE_ID,CMRC_VEH_I,MAKE,MODEL,LIC_PLATE_STATE,VEHICLE_YEAR,VEHICLE_DEFECT,VEHICLE_TYPE,VEHICLE_USE,TRAVEL_DIRECTION,MANEUVER,TOWED_I,FIRE_I,OCCUPANT_CNT,EXCEED_SPEED_LIMIT_I,TOWED_BY,TOWED_TO,AREA_00_I,AREA_01_I,AREA_02_I,AREA_03_I,AREA_04_I,AREA_05_I,AREA_06_I,AREA_07_I,AREA_08_I,AREA_09_I,AREA_10_I,AREA_11_I,AREA_12_I,AREA_99_I,FIRST_CONTACT_POINT,CMV_ID,USDOT_NO,CCMC_NO,ILCC_NO,COMMERCIAL_SRC,GVWR,CARRIER_NAME,CARRIER_STATE,CARRIER_CITY,HAZMAT_PLACARDS_I,HAZMAT_NAME,UN_NO,HAZMAT_PRESENT_I,HAZMAT_REPORT_I,HAZMAT_REPORT_NO,MCS_REPORT_I,MCS_REPORT_NO,HAZMAT_VIO_CAUSE_CRASH_I,MCS_VIO_CAUSE_CRASH_I,IDOT_PERMIT_NO,WIDE_LOAD_I,TRAILER1_WIDTH,TRAILER2_WIDTH,TRAILER1_LENGTH,TRAILER2_LENGTH,TOTAL_VEHICLE_LENGTH,AXLE_CNT,VEHICLE_CONFIG,CARGO_BODY_TYPE,LOAD_TYPE,HAZMAT_OUT_OF_SERVICE_I,MCS_OUT_OF_SERVICE_I,HAZMAT_CLASS
2128095,62ce58d25b0c8b87a209a25a07b488bb316bc7f16aa2f59f69b4933d2b18caf997ee7f90e9aa04a09ea98bfa955e199f37a8f13891dd869792962902eb9e3c7b,08/13/2025 11:48:00 PM,2,DRIVER,2,2028702,,FORD,CROWN VICTORIA,IL,2011,UNKNOWN,OTHER,POLICE,W,STRAIGHT AHEAD,Y,,3,,,,,,,,,,,,,,Y,Y,,,FRONT-LEFT-CORNER,,,,,,,,,,,,,,,,,,,,,,,,,,,,,,,,,
2128088,594786160da84aef18c437b937b93754d3e2a9f63291fa0d938e972ed9336f5c989dc588f03d19d7e495237a2bf865d22bf41661da5963e5d08fc1576e546a0b,08/13/2025 11:00:00 PM,1,DRIVER,,2028691,,JEEP,PATRIOT,IL,2017,UNKNOWN,SPORT UTILITY VEHICLE (SUV),UNKNOWN/NA,E,OTHER,,,1,,,,,,,,,,,,,,,,Y,,FRONT,,,,,,,,,,,,,,,,,,,,,,,,,,,,,,,,,
2128089,594786160da84aef18c437b937b93754d3e2a9f63291fa0d938e972ed9336f5c989dc588f03d19d7e495237a2bf865d22bf41661da5963e5d08fc1576e546a0b,08/13/2025 11:00:00 PM,2,DRIVER,,2028699,,ACURA,ILX,IL,2024,NONE,PASSENGER,UNKNOWN/NA,S,STRAIGHT AHEAD,,,1,,,,,Y,Y,Y,Y,Y,,,,,,,,,SIDE-RIGHT,,,,,,,,,,,,,,,,,,,,,,,,,,,,,,,,,
2128086,de1667658439bb2c0e448e5d2a5fae77c9d0484bd4f9a392f3e9c1576f76dcb086ee012784088dbbe9d7b5bb8898b91e49ff1a5e2d007c42c0d5a57f9d03880b,08/13/2025 10:55:00 PM,1,DRIVER,,2028692,,CHEVROLET,MALIBU,IL,,NONE,PASSENGER,PERSONAL,W,PASSING/OVERTAKING,,,1,,,,,,,,,,,,,,,,,,SIDE-RIGHT,,,,,,,,,,,,,,,,,,,,,,,,,,,,,,,,,
2128087,de1667658439bb2c0e448e5d2a5fae77c9d0484bd4f9a392f3e9c1576f76dcb086ee012784088dbbe9d7b5bb8898b91e49ff1a5e2d007c42c0d5a57f9d03880b,08/13/2025 10:55:00 PM,2,DRIVER,1,2028690,,KIA,FORTE,TX,2024,NONE,PASSENGER,PERSONAL,W,STRAIGHT AHEAD,,,2,,,,,,,,,,,,,,Y,Y,,,SIDE-LEFT-FRONT,,,,,,,,,,,,,,,,,,,,,,,,,,,,,,,,,
2128100,d8d3a4cbe5a6b441a494c4a34443f888bd98f6fc1cfa187c4b8cc5ec0c5dbb0341519c34400fa977b804a5308db0aba04ba46265051b00bd945be1d28ea90f7c,08/13/2025 10:33:00 PM,1,DRIVER,,2028706,,HYUNDAI,SONATA,IL,2023,UNKNOWN,PASSENGER,PERSONAL,S,BACKING,,,1,,,,,,,,,Y,Y,Y,,,,,,,REAR,,,,,,,,,,,,,,,,,,,,,,,,,,,,,,,,,
2128101,d8d3a4cbe5a6b441a494c4a34443f888bd98f6fc1cfa187c4b8cc5ec0c5dbb0341519c34400fa977b804a5308db0aba04ba46265051b00bd945be1d28ea90f7c,08/13/2025 10:33:00 PM,2,PARKED,,2028708,,FORD,FUSION,IL,2014,UNKNOWN,PASSENGER,PERSONAL,S,PARKED,,,0,,,,,Y,,,,,,,,,,Y,Y,,FRONT,,,,,,,,,,,,,,,,,,,,,,,,,,,,,,,,,
2128092,94e97f3b185f99e9bdb3fb0232ab7f58aa3b1a9c8be0cc88f767c214e133b290cf68818b745822495d5ac9e201591c3763017198304e0d5f2df40e80b5bfcac8,08/13/2025 10:30:00 PM,1,BICYCLE,,,,,,,,,,,,,,,,,,,,,,,,,,,,,,,,,,,,,,,,,,,,,,,,,,,,,,,,,,,,,,,,,,
2128093,94e97f3b185f99e9bdb3fb0232ab7f58aa3b1a9c8be0cc88f767c214e133b290cf68818b745822495d5ac9e201591c3763017198304e0d5f2df40e80b5bfcac8,08/13/2025 10:30:00 PM,2,DRIVER,,2028696,,NISSAN,SENTRA,IL,2020,NONE,PASSENGER,PERSONAL,S,SLOW/STOP IN TRAFFIC,,,1,,,,,Y,,,,,,,,,,,Y,,FRONT-RIGHT-CORNER,,,,,,,,,,,,,,,,,,,,,,,,,,,,,,,,,
2128096,a30546fa78d4ae4af6ab6c47fb378faa9fe49cb5c846f9fcd36da7911663d92ea5543f94873ed02a8dc4cce4fa94f4b1caa6101517e946a3d095551146fee040,08/13/2025 10:10:00 PM,1,DRIVER,,2029971,,TOYOTA,SIENNA,IL,2012,UNKNOWN,PASSENGER,UNKNOWN/NA,S,STRAIGHT AHEAD,Y,,1,,OHARE TOWING,RELOCATION LOT,,Y,,,,,,,,,,Y,Y,,FRONT-LEFT-CORNER,,,,,,,,,,,,,,,,,,,,,,,,,,,,,,,,,
2128097,a30546fa78d4ae4af6ab6c47fb378faa9fe49cb5c846f9fcd36da7911663d92ea5543f94873ed02a8dc4cce4fa94f4b1caa6101517e946a3d095551146fee040,08/13/2025 10:10:00 PM,2,DRIVER,,2029976,,FORD,FUSION,IL,2017,UNKNOWN,PASSENGER,UNKNOWN/NA,S,STRAIGHT AHEAD,,,1,,,,,,,,,Y,Y,Y,,,,,,,REAR-RIGHT-CORNER,,,,,,,,,,,,,,,,,,,,,,,,,,,,,,,,,
2132605,32714fa8800a3d24e092f1b6229f1b36a90601b92374e2d8a26cb03ee72a582191dc442a0bbc5d89e3c3bde994a8bbffa88b9da6d91216278a099ae075b7f416,08/13/2025 10:00:00 PM,1,DRIVER,,2032958,,UNKNOWN,OTHER (EXPLAIN IN NARRATIVE),IL,,UNKNOWN,UNKNOWN/NA,UNKNOWN/NA,UNKNOWN,UNKNOWN/NA,,,1,,,,,,,,,,,,,,,,,Y,UNKNOWN,,,,,,,,,,,,,,,,,,,,,,,,,,,,,,,,,
2132606,32714fa8800a3d24e092f1b6229f1b36a90601b92374e2d8a26cb03ee72a582191dc442a0bbc5d89e3c3bde994a8bbffa88b9da6d91216278a099ae075b7f416,08/13/2025 10:00:00 PM,2,PARKED,,2032947,,LEXUS,RX350,IL,2019,NONE,PASSENGER,PERSONAL,S,PARKED,,,0,,,,,,,,,,,,Y,Y,Y,,,,SIDE-LEFT,,,,,,,,,,,,,,,,,,,,,,,,,,,,,,,,,
2128102,3d9a177e6052edd8f2f4cc50c872ff0305565c0b7576f846ca15cb2605acc8a98ca0c313933925b90a4686b2a891ebca5842ecd84090a096f43942fc9225b099,08/13/2025 10:00:00 PM,1,DRIVER,,2028709,,UNKNOWN,OTHER (EXPLAIN IN NARRATIVE),IL,,UNKNOWN,UNKNOWN/NA,UNKNOWN/NA,N,STRAIGHT AHEAD,,,1,,,,,Y,Y,,,,,,,,,,Y,N,FRONT-RIGHT-CORNER,,,,,,,,,,,,,,,,,,,,,,,,,,,,,,,,,
2128103,3d9a177e6052edd8f2f4cc50c872ff0305565c0b7576f846ca15cb2605acc8a98ca0c313933925b90a4686b2a891ebca5842ecd84090a096f43942fc9225b099,08/13/2025 10:00:00 PM,2,PARKED,,2028710,,BMW,X3,IL,2016,NONE,PASSENGER,PERSONAL,N,PARKED,,,0,,,,,,,,,,Y,Y,,,,,Y,,REAR-LEFT-CORNER,,,,,,,,,,,,,,,,,,,,,,,,,,,,,,,,,
2128104,3d9a177e6052edd8f2f4cc50c872ff0305565c0b7576f846ca15cb2605acc8a98ca0c313933925b90a4686b2a891ebca5842ecd84090a096f43942fc9225b099,08/13/2025 10:00:00 PM,3,PARKED,,2028711,,FORD,FOCUS,IL,2005,NONE,PASSENGER,PERSONAL,N,PARKED,,,0,,,,,,,,,,Y,,,,,,N,,REAR,,,,,,,,,,,,,,,,,,,,,,,,,,,,,,,,,
2128070,758558034bc943b841a2c020e1b3dab607a5b930aef82a98f89ada6b5c2b38dbe4c9052fb19200a22977aab17ff19690a8e07a1ea9f099e7936cec9349bfb532,08/13/2025 09:35:00 PM,1,DRIVER,,2028678,,UNKNOWN,OTHER (EXPLAIN IN NARRATIVE),,,UNKNOWN,UNKNOWN/NA,UNKNOWN/NA,W,STRAIGHT AHEAD,,,1,,,,,,,,,,,,,,,,,Y,UNKNOWN,,,,,,,,,,,,,,,,,,,,,,,,,,,,,,,,,
2128071,758558034bc943b841a2c020e1b3dab607a5b930aef82a98f89ada6b5c2b38dbe4c9052fb19200a22977aab17ff19690a8e07a1ea9f099e7936cec9349bfb532,08/13/2025 09:35:00 PM,2,PEDESTRIAN,,,,,,,,,,,,,,,,,,,,,,,,,,,,,,,,,,,,,,,,,,,,,,,,,,,,,,,,,,,,,,,,,,
2128711,916acec60b50622c85d27855b66fee00461ff43a48f074e41615afb9c22641a966a5e1f49ee48d2cbc34bf16e1e1f48c774ced23d82ee5586f97d2e54eade93d,08/13/2025 09:33:00 PM,1,DRIVER,,2029289,,HONDA,CR-V,IL,2003,UNKNOWN,SPORT UTILITY VEHICLE (SUV),PERSONAL,W,STRAIGHT AHEAD,,,1,,,,,Y,,,,,,,,,,Y,Y,,FRONT,,,,,,,,,,,,,,,,,,,,,,,,,,,,,,,,,
2128712,916acec60b50622c85d27855b66fee00461ff43a48f074e41615afb9c22641a966a5e1f49ee48d2cbc34bf16e1e1f48c774ced23d82ee5586f97d2e54eade93d,08/13/2025 09:33:00 PM,2,DRIVER,3,2029295,,MITSUBISHI,OUTLANDER,IL,2015,UNKNOWN,SPORT UTILITY VEHICLE (SUV),PERSONAL,W,STRAIGHT AHEAD,,,4,,,,,,,,,Y,Y,Y,,,,,,,REAR,,,,,,,,,,,,,,,,,,,,,,,,,,,,,,,,,
2128084,3c7aa6ec089e1b08812db3e5bc1953f89e0770527c7461b781ff535304d38f30589ddbb2c4f7a857dcfefce824b030bc0fa9cd23cbb3ab17e0485d4642773777,08/13/2025 09:30:00 PM,1,DRIVER,,2028694,,INTERNATIONAL HARVESTER COMPANY,INTERNATIONAL HARVESTER CO.,IN,2022,UNKNOWN,TRUCK - SINGLE UNIT,UNKNOWN/NA,E,STRAIGHT AHEAD,,,1,,,,,,,,,,,,,,,,,,OTHER,,,,,,,,,,,,,,,,,,,,,,,,,,,,,,,,,
2128085,3c7aa6ec089e1b08812db3e5bc1953f89e0770527c7461b781ff535304d38f30589ddbb2c4f7a857dcfefce824b030bc0fa9cd23cbb3ab17e0485d4642773777,08/13/2025 09:30:00 PM,2,PARKED,,2028697,,HYUNDAI,KONA,IL,2022,UNKNOWN,SPORT UTILITY VEHICLE (SUV),PERSONAL,E,PARKED,,,0,,,,,,,,,,,,,,,,,,SIDE-LEFT,,,,,,,,,,,,,,,,,,,,,,,,,,,,,,,,,
2128078,467e51f36ff8507804184c3b19a2e07eecad7a3d839525d45adc3c9fb1ae386a008364767546bb76ebdddf82a7b3eec3d26c4377f518fd9536c066ca4437067b,08/13/2025 09:30:00 PM,1,DRIVER,,2028686,,BUICK,LACROSSE,IL,2014,NONE,PASSENGER,PERSONAL,W,PASSING/OVERTAKING,,,1,,,,,Y,Y,Y,Y,Y,,,,,,,,,SIDE-RIGHT,,,,,,,,,,,,,,,,,,,,,,,,,,,,,,,,,
2128079,467e51f36ff8507804184c3b19a2e07eecad7a3d839525d45adc3c9fb1ae386a008364767546bb76ebdddf82a7b3eec3d26c4377f518fd9536c066ca4437067b,08/13/2025 09:30:00 PM,2,DRIVER,,2028688,,CHEVROLET,TRAIL BLAZER,IL,2007,NONE,SPORT UTILITY VEHICLE (SUV),PERSONAL,W,CHANGING LANES,,,1,,,,,,,,,,,,,,,Y,,,FRONT-LEFT-CORNER,,,,,,,,,,,,,,,,,,,,,,,,,,,,,,,,,
2128055,3b8b4052d17474f104931389a5a8e88173580e4015e3a53570310732db1641fda2122d4d72247f55d3bc03a3af19fd87ea4692bc8788d9fcdce722dac0c316e0,08/13/2025 09:26:00 PM,1,DRIVER,,2028661,,CHEVROLET,SUBURBAN,IL,2012,UNKNOWN,PASSENGER,PERSONAL,W,STRAIGHT AHEAD,,,1,,,,,,,,,,Y,,,,,,,,REAR,,,,,,,,,,,,,,,,,,,,,,,,,,,,,,,,,
2128056,3b8b4052d17474f104931389a5a8e88173580e4015e3a53570310732db1641fda2122d4d72247f55d3bc03a3af19fd87ea4692bc8788d9fcdce722dac0c316e0,08/13/2025 09:26:00 PM,2,DRIVER,,2028663,,HYUNDAI,ELANTRA,IL,2018,UNKNOWN,PASSENGER,PERSONAL,W,STRAIGHT AHEAD,,,1,,,,,,,,,,,,,,,,Y,,FRONT,,,,,,,,,,,,,,,,,,,,,,,,,,,,,,,,,
2128062,d3096548aba18c131dca032471b8ba2db3586e1e0e1b4c52821556805e6ae550bbe87f5c5ffeab77469f7b0ee0ec66e583170108a70f2c2a7bf26faba1abf866,08/13/2025 09:20:00 PM,1,DRIVER,,2028668,,BUICK,OTHER (EXPLAIN IN NARRATIVE),IL,2002,UNKNOWN,PASSENGER,UNKNOWN/NA,N,STRAIGHT AHEAD,,,1,,,,,,,,,,,,,,,,Y,,FRONT,,,,,,,,,,,,,,,,,,,,,,,,,,,,,,,,,
2128063,d3096548aba18c131dca032471b8ba2db3586e1e0e1b4c52821556805e6ae550bbe87f5c5ffeab77469f7b0ee0ec66e583170108a70f2c2a7bf26faba1abf866,08/13/2025 09:20:00 PM,2,DRIVER,,2028672,,TOYOTA,SIENNA,IL,2002,NONE,SPORT UTILITY VEHICLE (SUV),UNKNOWN/NA,N,SLOW/STOP IN TRAFFIC,,,1,,,,,,,,,,Y,,,,,,,,REAR,,,,,,,,,,,,,,,,,,,,,,,,,,,,,,,,,
2128090,11e90b80744ed4fc5be09bdeca2971b65ce3e42ba1aa241d9cf826daff1887de1fd32a52ace2b20df46a30b720f3c085a34d66917109963493e17531e9be88c5,08/13/2025 09:00:00 PM,2,DRIVER,,2028693,,ALFA ROMEO,STELVIO,IL,2020,NONE,PASSENGER,PERSONAL,E,STRAIGHT AHEAD,Y,,1,,owner,private,,Y,Y,Y,Y,,,,,,,,Y,,SIDE-RIGHT,,,,,,,,,,,,,,,,,,,,,,,,,,,,,,,,,
2128091,11e90b80744ed4fc5be09bdeca2971b65ce3e42ba1aa241d9cf826daff1887de1fd32a52ace2b20df46a30b720f3c085a34d66917109963493e17531e9be88c5,08/13/2025 09:00:00 PM,1,DRIVER,,2028695,,UNKNOWN,MOTORIZED,,,UNKNOWN,PICKUP,UNKNOWN/NA,N,STRAIGHT AHEAD,,,1,,,,,,,,,,,,,,,,,Y,UNKNOWN,,,,,,,,,,,,,,,,,,,,,,,,,,,,,,,,,
2128984,588988cfbd09dafac1115831711e8b62f7488964026cc88efbd777d9cfc1336b453db51288faf6463c5a0bc6b46271582b02cc11820500aceaa4541b8b6b8edd,08/13/2025 09:00:00 PM,1,DRIVER,,2029545,,CHEVROLET,EQUINOX,IL,,NONE,PASSENGER,PERSONAL,S,STRAIGHT AHEAD,,,1,,,,,,,Y,Y,,,,,,,,,,SIDE-RIGHT,,,,,,,,,,,,,,,,,,,,,,,,,,,,,,,,,
2128985,588988cfbd09dafac1115831711e8b62f7488964026cc88efbd777d9cfc1336b453db51288faf6463c5a0bc6b46271582b02cc11820500aceaa4541b8b6b8edd,08/13/2025 09:00:00 PM,2,DRIVER,,2029546,,ACURA,TLX,IL,,NONE,PASSENGER,NOT IN USE,S,PASSING/OVERTAKING,,,1,,,,,,,,,,,,,,Y,Y,,,FRONT-LEFT-CORNER,,,,,,,,,,,,,,,,,,,,,,,,,,,,,,,,,
2130689,bc51bce4088c4b2a849b37daef40978c87c02ad661f960f2ec45d525b6c0f57096056d710985740bdcfe099d6af03d4596d2a70880f65ffd95489fa053f8b3dc,08/13/2025 09:00:00 PM,1,DRIVER,,2031158,,FORD,F150,IL,2016,NONE,PICKUP,PERSONAL,S,TURNING LEFT,,,1,,,,Y,,,,,,,,,,,,,,FRONT-LEFT-CORNER,,,,,,,,,,,,,,,,,,,,,,,,,,,,,,,,,
2130690,bc51bce4088c4b2a849b37daef40978c87c02ad661f960f2ec45d525b6c0f57096056d710985740bdcfe099d6af03d4596d2a70880f65ffd95489fa053f8b3dc,08/13/2025 09:00:00 PM,2,PEDESTRIAN,,,,,,,,,,,,,,,,,,,,,,,,,,,,,,,,,,,,,,,,,,,,,,,,,,,,,,,,,,,,,,,,,,
2128072,42bf52164cb7e0b65072629b184f23909520eb9c4cf51fac74d272f20a17eb081864027db4d1c1e939102502b992eb5d2d25c2cbd2a7e55a7474804d8b5f3743,08/13/2025 08:55:00 PM,1,DRIVER,,2028680,,CHEVROLET,SILVERADO,IL,1998,UNKNOWN,PICKUP,UNKNOWN/NA,N,UNKNOWN/NA,,,1,,,,,,,,,,,,,,,,,Y,FRONT-RIGHT-CORNER,,,,,,,,,,,,,,,,,,,,,,,,,,,,,,,,,
2128073,42bf52164cb7e0b65072629b184f23909520eb9c4cf51fac74d272f20a17eb081864027db4d1c1e939102502b992eb5d2d25c2cbd2a7e55a7474804d8b5f3743,08/13/2025 08:55:00 PM,2,PARKED,,2028684,,CHEVROLET,C/K 1500,IL,2010,NONE,PICKUP,NOT IN USE,N,PARKED,,,0,,,,,Y,,,,,,,,Y,Y,Y,,,SIDE-LEFT,,,,,,,,,,,,,,,,,,,,,,,,,,,,,,,,,
2134218,a24ddcb013ae95d3b6a5e1511706b8b6438a6b48b8116f67d8125349f95ec4b1d0768338df7b3e51561bf309e6bea19b2d8985c6d6d677bdc5d7030abbd6663c,08/13/2025 08:55:00 PM,1,DRIVER,,2034499,,BMW,OTHER (EXPLAIN IN NARRATIVE),,,UNKNOWN,SPORT UTILITY VEHICLE (SUV),UNKNOWN/NA,E,BACKING,,,1,,,,Y,,,,,,,,,,,,,,REAR,,,,,,,,,,,,,,,,,,,,,,,,,,,,,,,,,
2134219,a24ddcb013ae95d3b6a5e1511706b8b6438a6b48b8116f67d8125349f95ec4b1d0768338df7b3e51561bf309e6bea19b2d8985c6d6d677bdc5d7030abbd6663c,08/13/2025 08:55:00 PM,2,DRIVER,,2034495,,NISSAN,ALTIMA,TN,2015,NONE,PASSENGER,PERSONAL,S,STRAIGHT AHEAD,,,1,,,,,,,,,,,Y,,,,,,,REAR-LEFT-CORNER,,,,,,,,,,,,,,,,,,,,,,,,,,,,,,,,,
2128057,04d46fdb53a4546c7eb2ef92a8c59e5a02568908707a551d9234520f7005407ed041771dd25cb4be5aac336ae4fbf30f433f18b926a345a4eb4b5d3cd434114b,08/13/2025 08:52:00 PM,1,DRIVER,,2028662,,AUDI,Q5,IL,2012,UNKNOWN,UNKNOWN/NA,UNKNOWN/NA,N,STRAIGHT AHEAD,,,1,,,,,Y,,,,,,,,,,Y,Y,,FRONT,,,,,,,,,,,,,,,,,,,,,,,,,,,,,,,,,
2128058,04d46fdb53a4546c7eb2ef92a8c59e5a02568908707a551d9234520f7005407ed041771dd25cb4be5aac336ae4fbf30f433f18b926a345a4eb4b5d3cd434114b,08/13/2025 08:52:00 PM,2,DRIVER,1,2028666,,CHEVROLET,MALIBU,IL,2022,UNKNOWN,PASSENGER,PERSONAL,E,STRAIGHT AHEAD,,,2,,,,,,,,,Y,,,,,,Y,,,REAR-RIGHT-CORNER,,,,,,,,,,,,,,,,,,,,,,,,,,,,,,,,,
2128059,04d46fdb53a4546c7eb2ef92a8c59e5a02568908707a551d9234520f7005407ed041771dd25cb4be5aac336ae4fbf30f433f18b926a345a4eb4b5d3cd434114b,08/13/2025 08:52:00 PM,3,PARKED,,2028671,,MITSUBISHI,ECLIPSE,IL,2019,NONE,SPORT UTILITY VEHICLE (SUV),PERSONAL,UNKNOWN,PARKED,,,0,,,,,,,,,Y,,,,,,,,,REAR-RIGHT-CORNER,,,,,,,,,,,,,,,,,,,,,,,,,,,,,,,,,
2128157,7ee155248e4f66e8d27576e163b0fb22b3cc8d99cda901951fe1575a2ca6c839c80c2d20a280cf36c5e8af97a3d64d0edca03554d41dc2dc8628d0ffd1cca60f,08/13/2025 08:49:00 PM,1,DRIVER,,2028761,,HONDA,CR-V,IL,2005,NONE,PASSENGER,PERSONAL,S,BACKING,,,1,,,,,,,,,,Y,Y,,,,,,,REAR-LEFT-CORNER,,,,,,,,,,,,,,,,,,,,,,,,,,,,,,,,,
2128158,7ee155248e4f66e8d27576e163b0fb22b3cc8d99cda901951fe1575a2ca6c839c80c2d20a280cf36c5e8af97a3d64d0edca03554d41dc2dc8628d0ffd1cca60f,08/13/2025 08:49:00 PM,2,DRIVER,,2028760,,DODGE,JOURNEY,IL,2017,NONE,PASSENGER,PERSONAL,N,SLOW/STOP IN TRAFFIC,,,1,,,,,,,,,,,,,,,Y,,,FRONT-LEFT-CORNER,,,,,,,,,,,,,,,,,,,,,,,,,,,,,,,,,
2128060,8eb83faf300527f1519b6458b01f74822e9e603106ea27f215b488d88721e9729ba3d0fb01519ff281a36f57c1e0f5a1996ec6aa3e2a21b7571b2fe0fad22ee2,08/13/2025 08:45:00 PM,1,DRIVER,1,2028665,,MERCEDES-BENZ,OTHER (EXPLAIN IN NARRATIVE),IL,2010,NONE,PASSENGER,PERSONAL,W,PASSING/OVERTAKING,,,2,,,,,,,,,,,Y,,,,,,,REAR-LEFT-CORNER,,,,,,,,,,,,,,,,,,,,,,,,,,,,,,,,,
2128061,8eb83faf300527f1519b6458b01f74822e9e603106ea27f215b488d88721e9729ba3d0fb01519ff281a36f57c1e0f5a1996ec6aa3e2a21b7571b2fe0fad22ee2,08/13/2025 08:45:00 PM,2,DRIVER,,2028669,,PINSON TRUCK EQUIPMENT COMPANY,PINSON TRUCK EQUIPMENT CO.,IN,2018,NONE,TRACTOR W/ SEMI-TRAILER,OTHER,W,STRAIGHT AHEAD,,,1,,,,,Y,,,,,,,,,,,,,FRONT-RIGHT-CORNER,,,,,,,,,,,,,,,,,,,,,,,,,,,,,,,,,
2128047,f60d4a4820fc57b1a00510feaa5a584b0dd457d674dc612224e8166721681e91dfa1e00302839168e65bbb718b54e40fb5bb24c9e08b03d9ef1ee0131078ad1e,08/13/2025 08:30:00 PM,1,DRIVER,,2028653,,HYUNDAI,SANTA FE,IL,2007,NONE,PASSENGER,PERSONAL,N,STRAIGHT AHEAD,,,1,,,,,Y,,,,,,,,,,Y,Y,,FRONT,,,,,,,,,,,,,,,,,,,,,,,,,,,,,,,,,
2128048,f60d4a4820fc57b1a00510feaa5a584b0dd457d674dc612224e8166721681e91dfa1e00302839168e65bbb718b54e40fb5bb24c9e08b03d9ef1ee0131078ad1e,08/13/2025 08:30:00 PM,2,DRIVER,,2028654,,TOYOTA,CAMRY,IL,2022,NONE,PASSENGER,NOT IN USE,N,STRAIGHT AHEAD,,,1,,,,,,,,,Y,Y,Y,,,,,,,REAR,,,,,,,,,,,,,,,,,,,,,,,,,,,,,,,,,
2128064,05711dcc84c0e1f024e84f8a4b3b050aacd34fc4e5be2c6a174f559311363a59984a1e7e75f6721becf17f8d765695d287e6c58183df397b2290f82981e5cead,08/13/2025 08:20:00 PM,1,DRIVER,,2028670,,TOYOTA,CAMRY,IL,2009,UNKNOWN,PASSENGER,PERSONAL,S,UNKNOWN/NA,Y,,1,,CITY OF CHICAGO,,,Y,,,,,Y,,,,,Y,Y,,FRONT,,,,,,,,,,,,,,,,,,,,,,,,,,,,,,,,,
2128065,05711dcc84c0e1f024e84f8a4b3b050aacd34fc4e5be2c6a174f559311363a59984a1e7e75f6721becf17f8d765695d287e6c58183df397b2290f82981e5cead,08/13/2025 08:20:00 PM,2,DRIVER,,2028674,,UNKNOWN,OTHER (EXPLAIN IN NARRATIVE),,,UNKNOWN,BUS OVER 15 PASS.,CTA,N,STRAIGHT AHEAD,,,1,,,,,,,,,,,,,,,,Y,Y,UNKNOWN,,,,,,,,,,,,,,,,,,,,,,,,,,,,,,,,,
2128068,1bb349c946ba5c8ac81c3e8181981fd93b11abf3c873e9ba3bb356167853c56662cf90b0a54d8875498a107e53017f2d20d79d7ca564dca07872fb645b9523c8,08/13/2025 08:14:00 PM,1,DRIVER,1,2028673,,HONDA,CIVIC,IL,1999,NONE,PASSENGER,PERSONAL,S,TURNING LEFT,,,2,,,,,,,,,,,,,,,Y,Y,,FRONT-LEFT-CORNER,,,,,,,,,,,,,,,,,,,,,,,,,,,,,,,,,
2128069,1bb349c946ba5c8ac81c3e8181981fd93b11abf3c873e9ba3bb356167853c56662cf90b0a54d8875498a107e53017f2d20d79d7ca564dca07872fb645b9523c8,08/13/2025 08:14:00 PM,2,DRIVER,,2028679,,MOTO GUZZI,MOTO GUZZI,IL,2020,NONE,MOTORCYCLE (OVER 150CC),PERSONAL,N,STRAIGHT AHEAD,Y,,1,,CITY OF CHICAGO,,,Y,,,,,N,,,,,Y,Y,,FRONT,,,,,,,,,,,,,,,,,,,,,,,,,,,,,,,,,
2128037,e7a9593334c7349650d8e9caeb62aeac15cbea766f78fe57dd8815af2db2f0c3854addb7ddc6290f3f5b8d08d2817438a1bb44aedf6cebc0edd848da43567854,08/13/2025 08:13:00 PM,1,DRIVER,,2028649,,NISSAN,ALTIMA,IL,2003,UNKNOWN,PASSENGER,UNKNOWN/NA,UNKNOWN,BACKING,,,1,,,,,,,,,,,,,,,,,,REAR,,,,,,,,,,,,,,,,,,,,,,,,,,,,,,,,,
2128038,e7a9593334c7349650d8e9caeb62aeac15cbea766f78fe57dd8815af2db2f0c3854addb7ddc6290f3f5b8d08d2817438a1bb44aedf6cebc0edd848da43567854,08/13/2025 08:13:00 PM,2,PARKED,,2028652,,TOYOTA,RAV4,IL,2022,NONE,SPORT UTILITY VEHICLE (SUV),NOT IN USE,UNKNOWN,PARKED,,,0,,,,,,,,,Y,,,,,,,,,REAR-RIGHT-CORNER,,,,,,,,,,,,,,,,,,,,,,,,,,,,,,,,,
2128045,ba76fd09292a2f93ec6cb4f77fec8db0f9502685ea50251de7cd303877bad1d88f84f3688637a34ad2ad6305da790ef79d46d63f7d914cdf505edcb0bf6c7c5c,08/13/2025 08:07:00 PM,1,DRIVER,,2028655,,FORD,FUSION,IL,2010,NONE,PASSENGER,PERSONAL,N,STRAIGHT AHEAD,,,1,,,,,,,,,,,,,Y,Y,Y,,,SIDE-LEFT,,,,,,,,,,,,,,,,,,,,,,,,,,,,,,,,,