CRASH_UNIT_ID,CRASH_RECORD_ID,CRASH_DATE,UNIT_NO,UNIT_TYPE,NUM_PASSENGERS,VEHICLE_ID,CMRC_VEH_I,MAKE,MODEL,LIC_PLATE_STATE,VEHICLE_YEAR,VEHICLE_DEFECT,VEHICLE_TYPE,VEHICLE_USE,TRAVEL_DIRECTION,MANEUVER,TOWED_I,FIRE_I,OCCUPANT_CNT,EXCEED_SPEED_LIMIT_I,TOWED_BY,TOWED_TO,AREA_00_I,AREA_01_I,AREA_02_I,AREA_03_I,AREA_04_I,AREA_05_I,AREA_06_I,AREA_07_I,AREA_08_I,AREA_09_I,AREA_10_I,AREA_11_I,AREA_12_I,AREA_99_I,FIRST_CONTACT_POINT,CMV_ID,USDOT_NO,CCMC_NO,ILCC_NO,COMMERCIAL_SRC,GVWR,CARRIER_NAME,CARRIER_STATE,CARRIER_CITY,HAZMAT_PLACARDS_I,HAZMAT_NAME,UN_NO,HAZMAT_PRESENT_I,HAZMAT_REPORT_I,HAZMAT_REPORT_NO,MCS_REPORT_I,MCS_REPORT_NO,HAZMAT_VIO_CAUSE_CRASH_I,MCS_VIO_CAUSE_CRASH_I,IDOT_PERMIT_NO,WIDE_LOAD_I,TRAILER1_WIDTH,TRAILER2_WIDTH,TRAILER1_LENGTH,TRAILER2_LENGTH,TOTAL_VEHICLE_LENGTH,AXLE_CNT,VEHICLE_CONFIG,CARGO_BODY_TYPE,LOAD_TYPE,HAZMAT_OUT_OF_SERVICE_I,MCS_OUT_OF_SERVICE_I,HAZMAT_CLASS
2128046,ba76fd09292a2f93ec6cb4f77fec8db0f9502685ea50251de7cd303877bad1d88f84f3688637a34ad2ad6305da790ef79d46d63f7d914cdf505edcb0bf6c7c5c,08/13/2025 08:07:00 PM,2,DRIVER,,2028651,,SUBARU,LEGACY,IL,2013,NONE,PASSENGER,PERSONAL,E,STRAIGHT AHEAD,,,1,,,,,,,,,,,,,,,,Y,,FRONT,,,,,,,,,,,,,,,,,,,,,,,,,,,,,,,,,
2129146,69536a6e0b0434b5108d28c5218597b41c9b00db759a145bdd789cf2147244ab0d368193ccbd18f46ee66f051987a3b3437942030681a1b2e43b70a4512a7e85,08/13/2025 08:00:00 PM,1,DRIVER,,2029698,,ACURA,ADX,IL,2017,NONE,SPORT UTILITY VEHICLE (SUV),PERSONAL,S,LEAVING TRAFFIC LANE TO PARK,,,1,,,,,,,,,,,,,,,,,Y,SIDE-RIGHT,,,,,,,,,,,,,,,,,,,,,,,,,,,,,,,,,
2129147,69536a6e0b0434b5108d28c5218597b41c9b00db759a145bdd789cf2147244ab0d368193ccbd18f46ee66f051987a3b3437942030681a1b2e43b70a4512a7e85,08/13/2025 08:00:00 PM,2,PARKED,,2029703,,LEXUS,NX,IL,2018,NONE,SPORT UTILITY VEHICLE (SUV),PERSONAL,S,PARKED,,,0,,,,,,,,,,,,,,,Y,,,FRONT-LEFT-CORNER,,,,,,,,,,,,,,,,,,,,,,,,,,,,,,,,,
2128082,27723a093bd052628550a98d8599a0a99212f1fade014bc465cf8e67cbbaf5c44afdea181ab22e8d02762e31beb1240305e7c1832300315265feb2ede4c4cdb3,08/13/2025 07:50:00 PM,1,DRIVER,,2028703,,NISSAN,370Z,IL,2015,UNKNOWN,PASSENGER,PERSONAL,W,STRAIGHT AHEAD,,,1,,,,,,,,,,,,,,,,,Y,UNKNOWN,,,,,,,,,,,,,,,,,,,,,,,,,,,,,,,,,
2128083,27723a093bd052628550a98d8599a0a99212f1fade014bc465cf8e67cbbaf5c44afdea181ab22e8d02762e31beb1240305e7c1832300315265feb2ede4c4cdb3,08/13/2025 07:50:00 PM,2,DRIVER,,2028707,,TOYOTA,AVALON,IL,2013,UNKNOWN,PASSENGER,PERSONAL,S,STRAIGHT AHEAD,,,1,,,,,,,,,,,Y,Y,Y,,,,,UNKNOWN,,,,,,,,,,,,,,,,,,,,,,,,,,,,,,,,,
2128025,565fc814dfa353bf15bfd4d1d7d573a07de07e1874cbfe5456917e2d173eba2e2fa32fb1002e9eefa9d9d8ac31692c9c62b012950cf950a9c80d97e8e84341e7,08/13/2025 07:41:00 PM,1,DRIVER,,2028643,,BUICK,ENCORE,IL,2019,NONE,PASSENGER,PERSONAL,NE,TURNING RIGHT,,,1,,,,,,Y,,,,,,,,,,,,SIDE-RIGHT,,,,,,,,,,,,,,,,,,,,,,,,,,,,,,,,,
2128026,565fc814dfa353bf15bfd4d1d7d573a07de07e1874cbfe5456917e2d173eba2e2fa32fb1002e9eefa9d9d8ac31692c9c62b012950cf950a9c80d97e8e84341e7,08/13/2025 07:41:00 PM,2,BICYCLE,,,,,,,,,,,,,,,,,,,,,,,,,,,,,,,,,,,,,,,,,,,,,,,,,,,,,,,,,,,,,,,,,,
2128053,c341f55f2934a009e180051d6b0a4726db948bcc075716c799d2b2ade030d94e834270b309da82c46dfe81a5350a7bc673d41ce94e244e6164d82c9628536f34,08/13/2025 07:36:00 PM,1,DRIVER,,2028664,,LEXUS,RX450H,IL,2022,UNKNOWN,PASSENGER,PERSONAL,N,PASSING/OVERTAKING,,,1,,,,,,,,,,,,,Y,Y,Y,,,SIDE-LEFT-FRONT,,,,,,,,,,,,,,,,,,,,,,,,,,,,,,,,,
2128054,c341f55f2934a009e180051d6b0a4726db948bcc075716c799d2b2ade030d94e834270b309da82c46dfe81a5350a7bc673d41ce94e244e6164d82c9628536f34,08/13/2025 07:36:00 PM,2,DRIVER,,2028667,,CHRYSLER,TOWN & COUNTRY,IL,2015,UNKNOWN,VAN/MINI-VAN,UNKNOWN/NA,N,STRAIGHT AHEAD,,,1,,,,,Y,Y,Y,,,,,,,,,,,SIDE-RIGHT-FRONT,,,,,,,,,,,,,,,,,,,,,,,,,,,,,,,,,
2128013,b3c3d3328a3697b117bd2f6113c7f8fb9476c48ca9aab76b0380345c7f240069ab52fbc1e716c5ef82e1c519661800c61838fed5444f3673a61fb14a8c8737bb,08/13/2025 07:34:00 PM,1,DRIVER,1,2028615,,CHEVROLET,TRAX,IL,2020,NONE,PASSENGER,PERSONAL,E,TURNING LEFT,,,2,,,,,Y,,,,,,,,,,Y,Y,,FRONT,,,,,,,,,,,,,,,,,,,,,,,,,,,,,,,,,
2128014,b3c3d3328a3697b117bd2f6113c7f8fb9476c48ca9aab76b0380345c7f240069ab52fbc1e716c5ef82e1c519661800c61838fed5444f3673a61fb14a8c8737bb,08/13/2025 07:34:00 PM,2,BICYCLE,,,,,,,,,,,,,,,,,,,,,,,,,,,,,,,,,,,,,,,,,,,,,,,,,,,,,,,,,,,,,,,,,,
2127995,07a7e21a80c4981acc437b8e2c56e1978e07cab302eeda16c924b3b844bbca4f9cebd021e27c159bf4c116e43da6b8a3464625a21f68cf4331beb41906bb88e9,08/13/2025 07:30:00 PM,1,DRIVER,1,2028602,,FORD,EXPLORER,IL,2024,NONE,SPORT UTILITY VEHICLE (SUV),POLICE,W,BACKING,,,2,,,,,,,,,,Y,,,,,,,,REAR,,,,,,,,,,,,,,,,,,,,,,,,,,,,,,,,,
2128010,34bb069faa635fb15790cfcf9926177e15f5786d9c5e50186e54a03ef53bea3f2d374a5acc29dd45b45ada7103bddc532e678494ed32536a7193b88f54be5226,08/13/2025 07:30:00 PM,1,DRIVER,,2028610,,UNKNOWN,OTHER (EXPLAIN IN NARRATIVE),,,UNKNOWN,PASSENGER,PERSONAL,UNKNOWN,UNKNOWN/NA,,,1,,,,,,,,,,,,,,,,,,UNKNOWN,,,,,,,,,,,,,,,,,,,,,,,,,,,,,,,,,
2128011,34bb069faa635fb15790cfcf9926177e15f5786d9c5e50186e54a03ef53bea3f2d374a5acc29dd45b45ada7103bddc532e678494ed32536a7193b88f54be5226,08/13/2025 07:30:00 PM,2,DRIVER,,2028617,,TOYOTA,RAV4,IL,2022,UNKNOWN,PASSENGER,PERSONAL,UNKNOWN,UNKNOWN/NA,,,1,,,,,,,,,,,,,Y,Y,Y,Y,,FRONT-LEFT-CORNER,,,,,,,,,,,,,,,,,,,,,,,,,,,,,,,,,
2127993,9e8ca6818daf30e3570521e324d2edafb6f7c778e1ebf161de6e1be51db4a0e9e8158ca3aa3fe385f4143351b4bb3447b86829bcde55376fd17b74c4d73cf9ec,08/13/2025 07:30:00 PM,1,PARKED,1,2028600,,TOYOTA,CAMRY,IL,2002,UNKNOWN,PASSENGER,NOT IN USE,S,PARKED,,,1,,,,,,,,,,,,,Y,Y,,,,SIDE-LEFT,,,,,,,,,,,,,,,,,,,,,,,,,,,,,,,,,
2127994,9e8ca6818daf30e3570521e324d2edafb6f7c778e1ebf161de6e1be51db4a0e9e8158ca3aa3fe385f4143351b4bb3447b86829bcde55376fd17b74c4d73cf9ec,08/13/2025 07:30:00 PM,2,BICYCLE,,,,,,,,,,,,,,,,,,,,,,,,,,,,,,,,,,,,,,,,,,,,,,,,,,,,,,,,,,,,,,,,,,
2128017,3898c782957f83c4e8ea80d16e8facd167438b2afa1cda374d176cfe32a431ff5f23529951b80f6885caf33a0950b4492478e3f7da364fc00b025b08c003b186,08/13/2025 07:26:00 PM,1,DRIVER,,2028630,,FORD,FOCUS,IL,2012,NONE,PASSENGER,PERSONAL,S,STRAIGHT AHEAD,,,1,,,,,Y,Y,,,,,,,,,,,,SIDE-RIGHT,,,,,,,,,,,,,,,,,,,,,,,,,,,,,,,,,
2128018,3898c782957f83c4e8ea80d16e8facd167438b2afa1cda374d176cfe32a431ff5f23529951b80f6885caf33a0950b4492478e3f7da364fc00b025b08c003b186,08/13/2025 07:26:00 PM,2,PARKED,,2028635,,LINCOLN,OTHER (EXPLAIN IN NARRATIVE),IL,2011,NONE,PASSENGER,PERSONAL,N,PARKED,,,0,,,,,,,,,,,,,Y,Y,,,,SIDE-LEFT,,,,,,,,,,,,,,,,,,,,,,,,,,,,,,,,,
2132856,7613ac2a53e14c0292f2889a486dda16cc2bb431ad582af7cda063b9c3b18d1de3600607521c502e85f459e4fa51ab358d333b681c9621f9bec85f2a32c01e7c,08/13/2025 07:20:00 PM,1,DRIVER,,2033181,,CHRYSLER,PACIFICA,XX,8147,UNKNOWN,SPORT UTILITY VEHICLE (SUV),UNKNOWN/NA,S,PASSING/OVERTAKING,,,1,,,,,,,,,,,,,,,,,Y,UNKNOWN,,,,,,,,,,,,,,,,,,,,,,,,,,,,,,,,,
2132857,7613ac2a53e14c0292f2889a486dda16cc2bb431ad582af7cda063b9c3b18d1de3600607521c502e85f459e4fa51ab358d333b681c9621f9bec85f2a32c01e7c,08/13/2025 07:20:00 PM,2,DRIVER,,2033194,,HONDA,INSIGHT,IL,2020,UNKNOWN,PASSENGER,PERSONAL,S,STRAIGHT AHEAD,,,1,,,,,,,,,,,,Y,Y,Y,,,,SIDE-LEFT,,,,,,,,,,,,,,,,,,,,,,,,,,,,,,,,,
2127989,49c84b6eacf0cc9225fef99e44997491cc5e89586d3b56fed5cf1ab339e573da3518a33238fc93c2322fd13d201bbdbfac98f14e3e3f5f3092c6088d26bdc306,08/13/2025 07:15:00 PM,1,DRIVER,,2028599,,CHRYSLER,PACIFICA,IL,2021,UNKNOWN,VAN/MINI-VAN,PERSONAL,S,STRAIGHT AHEAD,,,1,,,,,,,,,,,,,,,,,Y,UNKNOWN,,,,,,,,,,,,,,,,,,,,,,,,,,,,,,,,,
2127990,49c84b6eacf0cc9225fef99e44997491cc5e89586d3b56fed5cf1ab339e573da3518a33238fc93c2322fd13d201bbdbfac98f14e3e3f5f3092c6088d26bdc306,08/13/2025 07:15:00 PM,2,DRIVER,,2028605,,LINCOLN,NAUTILUS,IL,2023,UNKNOWN,SPORT UTILITY VEHICLE (SUV),PERSONAL,S,STRAIGHT AHEAD,,,1,,,,,,,,,,Y,,,,,,,,REAR,,,,,,,,,,,,,,,,,,,,,,,,,,,,,,,,,
2127986,85f19c40abb8592d37e5cbeaf2d798163ddc26f3b47615c625cb7e62f9cfc79382763872406831d4388535dc53c655a94b39c9982298b0d34973c6bd3cacc2e4,08/13/2025 07:15:00 PM,1,DRIVER,1,2028612,,SUBARU,FORESTER,IL,2021,NONE,SPORT UTILITY VEHICLE (SUV),PERSONAL,N,ENTERING TRAFFIC LANE FROM PARKING,Y,,2,,PRIVATE,PRIVATE,,Y,,,,,,,,,,Y,Y,,FRONT,,,,,,,,,,,,,,,,,,,,,,,,,,,,,,,,,
2127987,85f19c40abb8592d37e5cbeaf2d798163ddc26f3b47615c625cb7e62f9cfc79382763872406831d4388535dc53c655a94b39c9982298b0d34973c6bd3cacc2e4,08/13/2025 07:15:00 PM,2,DRIVER,,2028604,,CHEVROLET,TAHOE,IL,2003,NONE,SPORT UTILITY VEHICLE (SUV),PERSONAL,N,STRAIGHT AHEAD,Y,,1,,private,,,,,Y,Y,Y,,,,,,,,,SIDE-RIGHT-FRONT,,,,,,,,,,,,,,,,,,,,,,,,,,,,,,,,,
2127988,85f19c40abb8592d37e5cbeaf2d798163ddc26f3b47615c625cb7e62f9cfc79382763872406831d4388535dc53c655a94b39c9982298b0d34973c6bd3cacc2e4,08/13/2025 07:15:00 PM,3,PARKED,,2028620,,CHEVROLET,SILVERADO,IL,2020,NONE,PICKUP,PERSONAL,N,PARKED,Y,,0,,PRIVATE,PRIVATE,,Y,Y,Y,Y,Y,,Y,Y,,,,,,SIDE-RIGHT,,,,,,,,,,,,,,,,,,,,,,,,,,,,,,,,,
2128019,666aa6f2174c3010e5008870a24e1944f501115c234a1824756f2289426d05802823af48957aab4deba7d71017f9fa7f44cb1176c7a720c06a4f161e616c158e,08/13/2025 07:00:00 PM,1,DRIVER,,2028624,,HONDA,CIVIC,IL,2008,UNKNOWN,PASSENGER,PERSONAL,W,PASSING/OVERTAKING,,,1,,,,,,,,,,,Y,Y,Y,Y,Y,Y,,SIDE-LEFT-REAR,,,,,,,,,,,,,,,,,,,,,,,,,,,,,,,,,
2128020,666aa6f2174c3010e5008870a24e1944f501115c234a1824756f2289426d05802823af48957aab4deba7d71017f9fa7f44cb1176c7a720c06a4f161e616c158e,08/13/2025 07:00:00 PM,2,DRIVER,,2028627,,FREIGHTLINER CORPORATION,FREIGHTLINER CORP.,IL,2015,UNKNOWN,TRACTOR W/ SEMI-TRAILER,UNKNOWN/NA,W,STRAIGHT AHEAD,,,1,,,,,Y,,,,,,,,,,Y,Y,,FRONT,,,,,,,,,,,,,,,,,,,,,,,,,,,,,,,,,
2128006,c38ef1daa88f36b93cf8e4809be99c533bd8959fe362f6d4a1ccf5a010b38fe733d574987a65c5f9b36bb9b700f0d1988d6cf1ece074b626fa6153206983770b,08/13/2025 07:00:00 PM,1,DRIVER,1,2028614,N,NOVA BUS,OTHER (EXPLAIN IN NARRATIVE),IL,2014,NONE,BUS OVER 15 PASS.,CTA,S,TURNING RIGHT,,,2,,,,,,,Y,Y,Y,,,,,,,,,SIDE-RIGHT-REAR,,,,,,,,,,,,,,,,,,,,,,,,,,,,,,,,,
2128007,c38ef1daa88f36b93cf8e4809be99c533bd8959fe362f6d4a1ccf5a010b38fe733d574987a65c5f9b36bb9b700f0d1988d6cf1ece074b626fa6153206983770b,08/13/2025 07:00:00 PM,2,DRIVER,,2028623,,MAZDA,CX-30,IL,2021,NONE,SPORT UTILITY VEHICLE (SUV),PERSONAL,S,STRAIGHT AHEAD,,,1,,,,,,,,,,,,,,Y,Y,Y,,FRONT-LEFT-CORNER,,,,,,,,,,,,,,,,,,,,,,,,,,,,,,,,,
2127984,6c3e517d9707aa1893846a0f728bccd0ca908def1164f22ed462f45d6a1bb48d6716d08008f44301f762d596aa1b537a2bb7b934b3b59d2a8687e996183d862c,08/13/2025 06:58:00 PM,1,DRIVER,,2028607,,HONDA,ACCORD,IL,2016,UNKNOWN,PASSENGER,PERSONAL,N,STRAIGHT AHEAD,,,1,,,,,Y,,,,,,,,,,,,,FRONT-RIGHT-CORNER,,,,,,,,,,,,,,,,,,,,,,,,,,,,,,,,,
2127985,6c3e517d9707aa1893846a0f728bccd0ca908def1164f22ed462f45d6a1bb48d6716d08008f44301f762d596aa1b537a2bb7b934b3b59d2a8687e996183d862c,08/13/2025 06:58:00 PM,2,DRIVER,,2028618,,HONDA,CR-V,IL,2025,UNKNOWN,PASSENGER,PERSONAL,W,STRAIGHT AHEAD,,,1,,,,,,,,,,,,,,,Y,,,FRONT-LEFT-CORNER,,,,,,,,,,,,,,,,,,,,,,,,,,,,,,,,,
2128015,e1719c24e98761bb742d695199b5a6afec9fdb42ac1b3d4c2587b5f4ea8d480bd08deccd3ecb2bae3d9504dba068d6d4d74d251920b4177b5abe883e362734db,08/13/2025 06:54:00 PM,2,DRIVER,,2028621,,HONDA,ACCORD,IL,2016,NONE,PASSENGER,PERSONAL,UNKNOWN,STRAIGHT AHEAD,,,1,,,,,Y,Y,Y,,,,,,,,,,,SIDE-RIGHT-FRONT,,,,,,,,,,,,,,,,,,,,,,,,,,,,,,,,,
2128016,e1719c24e98761bb742d695199b5a6afec9fdb42ac1b3d4c2587b5f4ea8d480bd08deccd3ecb2bae3d9504dba068d6d4d74d251920b4177b5abe883e362734db,08/13/2025 06:54:00 PM,1,DRIVER,,2028637,,HONDA,CR-V,IL,2025,UNKNOWN,PASSENGER,PERSONAL,UNKNOWN,STRAIGHT AHEAD,,,1,,,,,,,,,,,,,,,,Y,,FRONT,,,,,,,,,,,,,,,,,,,,,,,,,,,,,,,,,
2137474,e9bcb2ef579982bb8afeca98ab145576ec21c142cae9ae00464acacc46cb53e8762bf208dfbe47624479b819c9414dfd6660fe7d1e03c948788f7a467c72249f,08/13/2025 06:53:00 PM,1,DRIVER,1,2037608,,VOLKSWAGEN,PASSAT,IL,2016,NONE,PASSENGER,PERSONAL,W,BACKING,,,2,,,,,,,,,Y,Y,Y,,,,,,,REAR,,,,,,,,,,,,,,,,,,,,,,,,,,,,,,,,,
2137475,e9bcb2ef579982bb8afeca98ab145576ec21c142cae9ae00464acacc46cb53e8762bf208dfbe47624479b819c9414dfd6660fe7d1e03c948788f7a467c72249f,08/13/2025 06:53:00 PM,2,DRIVER,,2037609,,AUDI,A4,IL,2011,NONE,PASSENGER,PERSONAL,E,BACKING,,,1,,,,,,,,,,,,,,,,,Y,UNKNOWN,,,,,,,,,,,,,,,,,,,,,,,,,,,,,,,,,
2131960,1900022a5345b88c4a87fc70d4a4181ec2d6e69bd5f1c33bceca889f6098c58c3c27c291dae1c4e2bcfd44732301680a2e3ddad58b731042ee0f281c74f075dd,08/13/2025 06:51:00 PM,1,DRIVER,1,2032342,,VOLKSWAGEN,PASSAT,IL,2016,NONE,PASSENGER,PERSONAL,S,BACKING,,,2,,,,,Y,Y,,,,,,,,,,Y,,REAR-RIGHT-CORNER,,,,,,,,,,,,,,,,,,,,,,,,,,,,,,,,,
2131961,1900022a5345b88c4a87fc70d4a4181ec2d6e69bd5f1c33bceca889f6098c58c3c27c291dae1c4e2bcfd44732301680a2e3ddad58b731042ee0f281c74f075dd,08/13/2025 06:51:00 PM,2,DRIVER,1,2032348,,AUDI,A4,IL,2011,NONE,PASSENGER,PERSONAL,N,BACKING,,,2,,,,,,,,,,,,,,Y,Y,Y,,REAR-LEFT-CORNER,,,,,,,,,,,,,,,,,,,,,,,,,,,,,,,,,
2127998,a9e46a3a7b2e9a681e7f03e4e65ae0553778baf0bc42dbcb4bc6418fbe5aff1c0180b949954ea8f1bc32ea3a28e013d63041f072d818671902d2d45191ff4bd7,08/13/2025 06:46:00 PM,1,DRIVERLESS,,2028613,,SCOOTALONG,SCOOTALONG,IL,,NONE,OTHER,PERSONAL,E,STRAIGHT AHEAD,,,0,,,,,,,,,,,,,,,,Y,,FRONT,,,,,,,,,,,,,,,,,,,,,,,,,,,,,,,,,
2127999,a9e46a3a7b2e9a681e7f03e4e65ae0553778baf0bc42dbcb4bc6418fbe5aff1c0180b949954ea8f1bc32ea3a28e013d63041f072d818671902d2d45191ff4bd7,08/13/2025 06:46:00 PM,2,PARKED,1,2028606,,BUICK,ENCORE,IL,2019,NONE,PASSENGER,PERSONAL,S,PARKED,,,1,,,,,Y,,,,,,,,,,,Y,,FRONT-RIGHT-CORNER,,,,,,,,,,,,,,,,,,,,,,,,,,,,,,,,,
2131786,f4cb8811d241268525c9b000439302189150253243021c477688e08268e44f5d525568b92f29cf7bb4fc097720b2583bffeac01f2cf2cc96cdadc4995c11471c,08/13/2025 06:40:00 PM,1,DRIVER,,2032169,,HONDA,ACCORD,IL,2022,NONE,PASSENGER,PERSONAL,W,CHANGING LANES,,,1,,,,,,,,Y,Y,,,,,,,,,REAR-RIGHT-CORNER,,,,,,,,,,,,,,,,,,,,,,,,,,,,,,,,,
2131787,f4cb8811d241268525c9b000439302189150253243021c477688e08268e44f5d525568b92f29cf7bb4fc097720b2583bffeac01f2cf2cc96cdadc4995c11471c,08/13/2025 06:40:00 PM,2,DRIVER,,2032170,,JEEP,WAGONEER,IL,2024,NONE,PASSENGER,OTHER,W,STRAIGHT AHEAD,,,1,,,,,,,,,,,,,,Y,Y,Y,,FRONT-LEFT-CORNER,,,,,,,,,,,,,,,,,,,,,,,,,,,,,,,,,
2127959,56f496122f4e8e99d50cdb4bf07d78a9ddc7fd8638469cac24d9e9b7c394479d67c7b43e17c4280c4c04edee7c34bab140f7cec1eb66b7edbd4255564f96bd82,08/13/2025 06:30:00 PM,1,DRIVER,,2028572,,GENERAL MOTORS CORPORATION (GMC),TERRAIN,IL,2010,UNKNOWN,PASSENGER,PERSONAL,N,STRAIGHT AHEAD,,,1,,,,,Y,Y,,,,,,,,,,,,FRONT-RIGHT-CORNER,,,,,,,,,,,,,,,,,,,,,,,,,,,,,,,,,
2127960,56f496122f4e8e99d50cdb4bf07d78a9ddc7fd8638469cac24d9e9b7c394479d67c7b43e17c4280c4c04edee7c34bab140f7cec1eb66b7edbd4255564f96bd82,08/13/2025 06:30:00 PM,2,DRIVER,,2028564,,MERCEDES-BENZ,GLE,IL,2025,UNKNOWN,SPORT UTILITY VEHICLE (SUV),PERSONAL,N,STRAIGHT AHEAD,,,1,,,,,,,,,,,,Y,Y,Y,,,,SIDE-LEFT,,,,,,,,,,,,,,,,,,,,,,,,,,,,,,,,,
2128031,95b003bae790c2d5e49554c1d58ecfb88d9b91ca9a19e9d68917a27c70c3025a86aa141b6ac4a944fc7c42805d971860b1bb82e8eaa0ced3473691b73d35a93a,08/13/2025 06:30:00 PM,1,DRIVER,,2028953,,BUICK,ENCORE,IL,2025,UNKNOWN,PASSENGER,PERSONAL,W,CHANGING LANES,,,1,,,,,Y,,,,,,,,,,,,,FRONT-RIGHT-CORNER,,,,,,,,,,,,,,,,,,,,,,,,,,,,,,,,,
2128032,95b003bae790c2d5e49554c1d58ecfb88d9b91ca9a19e9d68917a27c70c3025a86aa141b6ac4a944fc7c42805d971860b1bb82e8eaa0ced3473691b73d35a93a,08/13/2025 06:30:00 PM,2,DRIVER,,2028985,,NISSAN,MAXIMA,GA,2012,UNKNOWN,PASSENGER,PERSONAL,W,CHANGING LANES,,,1,,,,,,,,,,,,,,,,,,SIDE-LEFT,,,,,,,,,,,,,,,,,,,,,,,,,,,,,,,,,
2131299,bcc638a438bbc64dc89ef4c3ce3c814033b925de72e59e4aa2cd7740f46492d07bb71592cb85a651c16b676d64e67ec2a2537844a5b2b75acebefff9f6c12371,08/13/2025 06:30:00 PM,1,DRIVER,,2031723,,FORD,FOCUS,IL,2018,UNKNOWN,PASSENGER,PERSONAL,W,STRAIGHT AHEAD,,,1,,,,,Y,,,,,,,,,,Y,Y,,FRONT,,,,,,,,,,,,,,,,,,,,,,,,,,,,,,,,,
2131300,bcc638a438bbc64dc89ef4c3ce3c814033b925de72e59e4aa2cd7740f46492d07bb71592cb85a651c16b676d64e67ec2a2537844a5b2b75acebefff9f6c12371,08/13/2025 06:30:00 PM,2,DRIVER,,2031728,,GENESIS,G80,IL,2021,UNKNOWN,PASSENGER,PERSONAL,N,STRAIGHT AHEAD,,,1,,,,,,Y,Y,,,,,,,,,,,SIDE-RIGHT,,,,,,,,,,,,,,,,,,,,,,,,,,,,,,,,,
2127940,f72591d0298659ba765e08da07a2d677447630e268a9661e37ad81cb0358a3053e016ad85bfc295d82f7a66bcab389658ae68d7b7c5c423a34c884d1ff62ac02,08/13/2025 06:30:00 PM,1,DRIVER,,2028551,,KIA,SORENTO,IL,2008,UNKNOWN,SPORT UTILITY VEHICLE (SUV),PERSONAL,N,PASSING/OVERTAKING,,,1,,,,,Y,,,,,,,,,,,,,FRONT-RIGHT-CORNER,,,,,,,,,,,,,,,,,,,,,,,,,,,,,,,,,
2127941,f72591d0298659ba765e08da07a2d677447630e268a9661e37ad81cb0358a3053e016ad85bfc295d82f7a66bcab389658ae68d7b7c5c423a34c884d1ff62ac02,08/13/2025 06:30:00 PM,2,DRIVER,,2028555,,HONDA,CR-V,IL,2020,UNKNOWN,SPORT UTILITY VEHICLE (SUV),PERSONAL,N,STRAIGHT AHEAD,,,1,,,,,,,,,,Y,Y,,,,,,,REAR-LEFT-CORNER,,,,,,,,,,,,,,,,,,,,,,,,,,,,,,,,,
2127949,10dd137df1aef89e74e0667cb75977e5b10909912c27824b34c9c6187446f4ce954f441c0670ce908ec5959a7f9870df8a1518d61d3db6a20f684e42e830f0cc,08/13/2025 06:27:00 PM,1,DRIVER,,2028568,,TOYOTA,PRIUS,IL,2022,NONE,PASSENGER,PERSONAL,S,U-TURN,,,1,,,,,,,,,,,,,,,,Y,,FRONT,,,,,,,,,,,,,,,,,,,,,,,,,,,,,,,,,
2127950,10dd137df1aef89e74e0667cb75977e5b10909912c27824b34c9c6187446f4ce954f441c0670ce908ec5959a7f9870df8a1518d61d3db6a20f684e42e830f0cc,08/13/2025 06:27:00 PM,2,DRIVER,1,2028573,,NISSAN,VERSA,IL,2022,NONE,PASSENGER,PERSONAL,S,STRAIGHT AHEAD,,,2,,,,,,,Y,,,,,,,,,,,SIDE-RIGHT,,,,,,,,,,,,,,,,,,,,,,,,,,,,,,,,,
2127922,008c8f58e02976227f6316cbdc7432610731229350c75b1838c621ce549d4a73ed7386b4106d98f6b37dd8438887db3bff9d5f3cb2995f329df1c0adf2ae3978,08/13/2025 06:26:00 PM,2,DRIVER,,2028550,,JEEP,COMPASS,IL,2021,NONE,PASSENGER,PERSONAL,UNKNOWN,TURNING RIGHT,,,1,,,,,,,,,,Y,,,,,,,,REAR,,,,,,,,,,,,,,,,,,,,,,,,,,,,,,,,,
2127923,008c8f58e02976227f6316cbdc7432610731229350c75b1838c621ce549d4a73ed7386b4106d98f6b37dd8438887db3bff9d5f3cb2995f329df1c0adf2ae3978,08/13/2025 06:26:00 PM,1,DRIVER,,2028558,,MAZDA,CX-5,IL,2020,UNKNOWN,PASSENGER,PERSONAL,UNKNOWN,STRAIGHT AHEAD,,,1,,,,,,,,,,,,,,,,Y,,FRONT,,,,,,,,,,,,,,,,,,,,,,,,,,,,,,,,,
2127980,bb5e1d2fb1246e272301d4dda26e87556f02857a31c2df4c053d9e64bfc44bf9c3ff24bdd723e38547df89617b5bd7071dfc065d307c1acc65cce2369123c25e,08/13/2025 06:17:00 PM,1,DRIVER,,2028587,,FORD,F150,,,UNKNOWN,UNKNOWN/NA,UNKNOWN/NA,N,STRAIGHT AHEAD,,,1,,,,,,,,,,,,,,,,,N,FRONT,,,,,,,,,,,,,,,,,,,,,,,,,,,,,,,,,