CRASH_UNIT_ID,CRASH_RECORD_ID,CRASH_DATE,UNIT_NO,UNIT_TYPE,NUM_PASSENGERS,VEHICLE_ID,CMRC_VEH_I,MAKE,MODEL,LIC_PLATE_STATE,VEHICLE_YEAR,VEHICLE_DEFECT,VEHICLE_TYPE,VEHICLE_USE,TRAVEL_DIRECTION,MANEUVER,TOWED_I,FIRE_I,OCCUPANT_CNT,EXCEED_SPEED_LIMIT_I,TOWED_BY,TOWED_TO,AREA_00_I,AREA_01_I,AREA_02_I,AREA_03_I,AREA_04_I,AREA_05_I,AREA_06_I,AREA_07_I,AREA_08_I,AREA_09_I,AREA_10_I,AREA_11_I,AREA_12_I,AREA_99_I,FIRST_CONTACT_POINT,CMV_ID,USDOT_NO,CCMC_NO,ILCC_NO,COMMERCIAL_SRC,GVWR,CARRIER_NAME,CARRIER_STATE,CARRIER_CITY,HAZMAT_PLACARDS_I,HAZMAT_NAME,UN_NO,HAZMAT_PRESENT_I,HAZMAT_REPORT_I,HAZMAT_REPORT_NO,MCS_REPORT_I,MCS_REPORT_NO,HAZMAT_VIO_CAUSE_CRASH_I,MCS_VIO_CAUSE_CRASH_I,IDOT_PERMIT_NO,WIDE_LOAD_I,TRAILER1_WIDTH,TRAILER2_WIDTH,TRAILER1_LENGTH,TRAILER2_LENGTH,TOTAL_VEHICLE_LENGTH,AXLE_CNT,VEHICLE_CONFIG,CARGO_BODY_TYPE,LOAD_TYPE,HAZMAT_OUT_OF_SERVICE_I,MCS_OUT_OF_SERVICE_I,HAZMAT_CLASS
2127981,bb5e1d2fb1246e272301d4dda26e87556f02857a31c2df4c053d9e64bfc44bf9c3ff24bdd723e38547df89617b5bd7071dfc065d307c1acc65cce2369123c25e,08/13/2025 06:17:00 PM,2,DRIVER,,2028594,,CHEVROLET,ASTRO,IL,2005,NONE,VAN/MINI-VAN,PERSONAL,N,STRAIGHT AHEAD,,,1,,,,,,,,,Y,Y,Y,,,,,,,REAR,,,,,,,,,,,,,,,,,,,,,,,,,,,,,,,,,
2128034,ca5b379be1287e23fdf3cf324ce3ac6a20f058d8e079108f1523544b8ddb38596d75029ca8974b7739e6f0cb455eb34c446bc885629b7abdd97e1c485fd9c4f0,08/13/2025 06:13:00 PM,1,DRIVER,1,2028645,,UNKNOWN,OTHER (EXPLAIN IN NARRATIVE),IL,,UNKNOWN,UNKNOWN/NA,UNKNOWN/NA,E,STRAIGHT AHEAD,,,2,,,,,Y,,,,,,,,,,Y,Y,,FRONT,,,,,,,,,,,,,,,,,,,,,,,,,,,,,,,,,
2128041,ca5b379be1287e23fdf3cf324ce3ac6a20f058d8e079108f1523544b8ddb38596d75029ca8974b7739e6f0cb455eb34c446bc885629b7abdd97e1c485fd9c4f0,08/13/2025 06:13:00 PM,2,PARKED,,2028647,,NISSAN,SENTRA,IL,1989,UNKNOWN,PASSENGER,PERSONAL,E,PARKED,,,0,,,,,Y,,,,Y,Y,Y,,,,Y,Y,,REAR,,,,,,,,,,,,,,,,,,,,,,,,,,,,,,,,,
2128044,ca5b379be1287e23fdf3cf324ce3ac6a20f058d8e079108f1523544b8ddb38596d75029ca8974b7739e6f0cb455eb34c446bc885629b7abdd97e1c485fd9c4f0,08/13/2025 06:13:00 PM,3,PARKED,,2028648,,FORD,FUSION,IL,2013,NONE,PASSENGER,PERSONAL,E,PARKED,,,0,,,,,,,,,Y,Y,Y,,,,,,,REAR,,,,,,,,,,,,,,,,,,,,,,,,,,,,,,,,,
2128042,c28b71ff66e9b52c52dfc20d4075ecad3571915a133e250d903f5418ddcf1648c6c7ad65ca96030823b788f2cc22634d018c467c9a24aa15c7e2d32576dbc9fc,08/13/2025 06:05:00 PM,1,DRIVER,,2028676,,CHEVROLET,MALIBU,IL,2016,UNKNOWN,PASSENGER,UNKNOWN/NA,UNKNOWN,UNKNOWN/NA,,,1,,,,,,,,,,,,,,,,Y,,FRONT,,,,,,,,,,,,,,,,,,,,,,,,,,,,,,,,,
2128043,c28b71ff66e9b52c52dfc20d4075ecad3571915a133e250d903f5418ddcf1648c6c7ad65ca96030823b788f2cc22634d018c467c9a24aa15c7e2d32576dbc9fc,08/13/2025 06:05:00 PM,2,DRIVER,,2028681,,HONDA,FIT,,2016,NONE,PASSENGER,PERSONAL,W,STRAIGHT AHEAD,,,1,,,,,,,,,Y,,,,,,,,,REAR,,,,,,,,,,,,,,,,,,,,,,,,,,,,,,,,,
2127909,b72a8d5cf7893db3cbf689431454c53c202929758f4bd880cdf1934abe18fc33c91a1be3047c8d9634970564174425ccf236022741ce24e326579038363e97bc,08/13/2025 06:02:00 PM,1,DRIVER,1,2028526,,LEXUS,RX,MD,2017,UNKNOWN,PASSENGER,PERSONAL,W,BACKING,,,2,,,,,,,,,,,Y,,,,,,,REAR-LEFT-CORNER,,,,,,,,,,,,,,,,,,,,,,,,,,,,,,,,,
2127910,b72a8d5cf7893db3cbf689431454c53c202929758f4bd880cdf1934abe18fc33c91a1be3047c8d9634970564174425ccf236022741ce24e326579038363e97bc,08/13/2025 06:02:00 PM,2,PARKED,,2028531,,TESLA,MODEL 3,IL,2023,UNKNOWN,PASSENGER,PERSONAL,UNKNOWN,PARKED,,,0,,,,,,,,,,,Y,,,,,,,SIDE-LEFT-REAR,,,,,,,,,,,,,,,,,,,,,,,,,,,,,,,,,
2128039,311f2c12ee407e456b64eb6ed65df5ded84f22da5b7214050eb800d732fc056606f4ce3aee75623b5b9a5b5f1216365d3f60f3b1edaeadf63211aad369175d83,08/13/2025 06:00:00 PM,1,DRIVER,,2028646,,UNKNOWN,OTHER (EXPLAIN IN NARRATIVE),,,NONE,PASSENGER,UNKNOWN/NA,UNKNOWN,BACKING,,,1,,,,,,,,,,,,,,,,,Y,UNKNOWN,,,,,,,,,,,,,,,,,,,,,,,,,,,,,,,,,
2128040,311f2c12ee407e456b64eb6ed65df5ded84f22da5b7214050eb800d732fc056606f4ce3aee75623b5b9a5b5f1216365d3f60f3b1edaeadf63211aad369175d83,08/13/2025 06:00:00 PM,2,DRIVER,,2028650,,VOLKSWAGEN,JETTA,IL,2008,NONE,PASSENGER,PERSONAL,UNKNOWN,STRAIGHT AHEAD,,,1,,,,,Y,Y,,,,,,,,,,,,FRONT-RIGHT-CORNER,,,,,,,,,,,,,,,,,,,,,,,,,,,,,,,,,
2128453,657bfbfda830259e5ebfa7c10c32b0dc3b14013b1007fa1116cd40874925dbc562221f657ba1c950144077a52655376ab49ed5fab46ef991540c72ff6089e929,08/13/2025 06:00:00 PM,1,DRIVER,,2029042,,DODGE,CHARGER,IL,2019,NONE,PASSENGER,PERSONAL,N,STRAIGHT AHEAD,,,1,,,,,,,,,,,,,,,,Y,,FRONT,,,,,,,,,,,,,,,,,,,,,,,,,,,,,,,,,
2128454,657bfbfda830259e5ebfa7c10c32b0dc3b14013b1007fa1116cd40874925dbc562221f657ba1c950144077a52655376ab49ed5fab46ef991540c72ff6089e929,08/13/2025 06:00:00 PM,2,DRIVER,,2029055,,FORD,VAN,IL,2015,UNKNOWN,VAN/MINI-VAN,OTHER,N,STRAIGHT AHEAD,,,1,,,,,,,,,,Y,,,,,,,,REAR,,,,,,,,,,,,,,,,,,,,,,,,,,,,,,,,,
2127911,8bd0b71ec6a874b0bcff0412daa4837a510459cbdb613837a396ef1b124da08052cb06e272fbb7a2bdab8567bca92d95695153c5de58ab7e6404b8ca8394956a,08/13/2025 06:00:00 PM,1,DRIVER,,2028525,,CHEVROLET,TRAIL BLAZER,IL,2005,UNKNOWN,PASSENGER,PERSONAL,E,TURNING RIGHT,,,1,,,,,,,,,Y,,,,,,,,,REAR-RIGHT-CORNER,,,,,,,,,,,,,,,,,,,,,,,,,,,,,,,,,
2127912,8bd0b71ec6a874b0bcff0412daa4837a510459cbdb613837a396ef1b124da08052cb06e272fbb7a2bdab8567bca92d95695153c5de58ab7e6404b8ca8394956a,08/13/2025 06:00:00 PM,2,DRIVER,,2028529,,HYUNDAI,SONATA,IL,2019,NONE,PASSENGER,PERSONAL,E,BACKING,,,1,,,,,,,,,,,,,,,Y,,,FRONT-RIGHT-CORNER,,,,,,,,,,,,,,,,,,,,,,,,,,,,,,,,,
2127969,a7c077807e5edda84dfb45bb08c4d59b2df08928358a304d1fdcbd1ecb0ae9f45ccb66d69c4a1c43967701126951b9d76ddcc0e312d04d5f590a94ac124621a7,08/13/2025 05:51:00 PM,1,BICYCLE,,,,,,,,,,,,,,,,,,,,,,,,,,,,,,,,,,,,,,,,,,,,,,,,,,,,,,,,,,,,,,,,,,
2127970,a7c077807e5edda84dfb45bb08c4d59b2df08928358a304d1fdcbd1ecb0ae9f45ccb66d69c4a1c43967701126951b9d76ddcc0e312d04d5f590a94ac124621a7,08/13/2025 05:51:00 PM,2,DRIVER,,2028593,,JEEP,GRAND CHEROKEE,IL,2021,UNKNOWN,SPORT UTILITY VEHICLE (SUV),PERSONAL,SW,TURNING RIGHT,,,1,,,,,,Y,Y,,,,,,,,,,,SIDE-RIGHT-FRONT,,,,,,,,,,,,,,,,,,,,,,,,,,,,,,,,,
2127942,7d7980e002c9cc9d9177c799f22a77732e8793e169cda434963062ec9747bb0f23d92f437542867c91d98e2944eead992679314149d5f9215e14fea0625f99e8,08/13/2025 05:50:00 PM,1,DRIVER,2,2028557,,BMW,750,IL,2006,UNKNOWN,PASSENGER,UNKNOWN/NA,UNKNOWN,UNKNOWN/NA,Y,,3,,METRA POLICE (T-SH-25-4195),"B&R TOWING ALSIP,IL",,Y,Y,Y,Y,Y,Y,,,Y,Y,Y,Y,,FRONT,,,,,,,,,,,,,,,,,,,,,,,,,,,,,,,,,
2127932,5d72e836d72ecd31d0071f238c2f15db63935689bced71516bdad0446e5a2d3ba09e6b9fb2330f0afb6cdae5739067662fd7a6feedd7e15797d89853922dc700,08/13/2025 05:46:00 PM,1,DRIVER,,2028541,,SUBARU,IMPREZA,IL,2008,UNKNOWN,PASSENGER,PERSONAL,N,TURNING LEFT,Y,,1,,TOWED BY OWNER,,,Y,,,,,,,Y,Y,Y,Y,Y,,FRONT,,,,,,,,,,,,,,,,,,,,,,,,,,,,,,,,,
2127933,5d72e836d72ecd31d0071f238c2f15db63935689bced71516bdad0446e5a2d3ba09e6b9fb2330f0afb6cdae5739067662fd7a6feedd7e15797d89853922dc700,08/13/2025 05:46:00 PM,2,DRIVER,,2028547,,TOYOTA,COROLLA,IL,2024,UNKNOWN,PASSENGER,TAXI/FOR HIRE,S,STRAIGHT AHEAD,,,1,,,,,,,,,,,,,,Y,Y,,,FRONT-LEFT-CORNER,,,,,,,,,,,,,,,,,,,,,,,,,,,,,,,,,
2127976,f5c40ee75d629f3ff3e1842d6ced91d3eab4033dd279dfd669c64af476bdff24f14f241d876d513e9ed5d7471813966b16d595e4ca21400b0988ed50f7c0d554,08/13/2025 05:45:00 PM,1,DRIVER,,2028592,,MERCEDES-BENZ,300 SERIES,IL,2016,UNKNOWN,PASSENGER,UNKNOWN/NA,N,STRAIGHT AHEAD,,,1,,,,,,,,,,,,,,,,Y,,FRONT,,,,,,,,,,,,,,,,,,,,,,,,,,,,,,,,,
2127977,f5c40ee75d629f3ff3e1842d6ced91d3eab4033dd279dfd669c64af476bdff24f14f241d876d513e9ed5d7471813966b16d595e4ca21400b0988ed50f7c0d554,08/13/2025 05:45:00 PM,2,DRIVER,,2028603,,HONDA,CR-V,IL,2023,UNKNOWN,SPORT UTILITY VEHICLE (SUV),PERSONAL,N,SLOW/STOP IN TRAFFIC,,,1,,,,,,,,,,Y,,,,,,,,REAR,,,,,,,,,,,,,,,,,,,,,,,,,,,,,,,,,
2127936,0f8fa61cb6dce12bcae711a35a4d521196825513c34163a4fbf2997f12bffa1e263b83649f2c4801ee14cbffd5a94c8e8a71856caf658a98709da49967ca7f82,08/13/2025 05:43:00 PM,1,DRIVER,,2028537,,DODGE,OTHER (EXPLAIN IN NARRATIVE),,,UNKNOWN,PASSENGER,PERSONAL,S,STRAIGHT AHEAD,,,1,,,,,,,,,,,,,,,,,Y,FRONT,,,,,,,,,,,,,,,,,,,,,,,,,,,,,,,,,
2127937,0f8fa61cb6dce12bcae711a35a4d521196825513c34163a4fbf2997f12bffa1e263b83649f2c4801ee14cbffd5a94c8e8a71856caf658a98709da49967ca7f82,08/13/2025 05:43:00 PM,2,DRIVER,1,2028543,,NISSAN,ROGUE,IL,2018,UNKNOWN,SPORT UTILITY VEHICLE (SUV),PERSONAL,W,STRAIGHT AHEAD,Y,,2,,PERSONAL TOW,,,,,,,,Y,Y,Y,Y,Y,Y,Y,,SIDE-LEFT,,,,,,,,,,,,,,,,,,,,,,,,,,,,,,,,,
2127920,7e0daec467e8fb0d5791da8f82f361e0488b7808901478329b458384d0d5b13151faf2d5b01473821a6ee2a922c03b1e5489b5883bfb10a75ff5da58481886f0,08/13/2025 05:38:00 PM,1,DRIVER,,2028533,,DODGE,RAM 1500 PU,IL,2017,UNKNOWN,PICKUP,PERSONAL,S,STRAIGHT AHEAD,,,1,,,,,Y,,,,,,,,,,Y,Y,,FRONT,,,,,,,,,,,,,,,,,,,,,,,,,,,,,,,,,
2127921,7e0daec467e8fb0d5791da8f82f361e0488b7808901478329b458384d0d5b13151faf2d5b01473821a6ee2a922c03b1e5489b5883bfb10a75ff5da58481886f0,08/13/2025 05:38:00 PM,2,DRIVER,,2028540,,NISSAN,ALTIMA,IL,2020,NONE,PASSENGER,PERSONAL,S,STRAIGHT AHEAD,Y,,1,,UNKNOWN,UNKNOWN,,,,,,Y,Y,Y,Y,,,,,,REAR,,,,,,,,,,,,,,,,,,,,,,,,,,,,,,,,,
2127892,69c4d3b39b5129f874b5bdfa4650e0aefe4e5ad6763c7b57230c4ee598aea8ea74a91a7ae502836ee42025b3a8ae18614d4341d68ae3f6a0cfd279ef0f818199,08/13/2025 05:34:00 PM,1,DRIVER,1,2028510,,FORD,EDGE,IL,2013,UNKNOWN,PASSENGER,UNKNOWN/NA,W,STRAIGHT AHEAD,,,2,,,,Y,N,,,,,,,,,,N,N,,FRONT,,,,,,,,,,,,,,,,,,,,,,,,,,,,,,,,,
2127893,69c4d3b39b5129f874b5bdfa4650e0aefe4e5ad6763c7b57230c4ee598aea8ea74a91a7ae502836ee42025b3a8ae18614d4341d68ae3f6a0cfd279ef0f818199,08/13/2025 05:34:00 PM,2,BICYCLE,,,,,,,,,,,,,,,,,,,,,,,,,,,,,,,,,,,,,,,,,,,,,,,,,,,,,,,,,,,,,,,,,,
2127905,bab96a70685db0e4c5b6525c6ab8b40417a0f57bb8fc41f1a9a2c90615696759019b74af74f1c85c4fddf23650cf264602ac4ebb8892381a84c16b04e6c9cc79,08/13/2025 05:30:00 PM,1,DRIVER,1,2028520,,TOYOTA,RAV4,IL,2002,UNKNOWN,SPORT UTILITY VEHICLE (SUV),PERSONAL,N,STRAIGHT AHEAD,,,2,,,,,,,Y,Y,,,,,,,,,,SIDE-RIGHT-REAR,,,,,,,,,,,,,,,,,,,,,,,,,,,,,,,,,
2127906,bab96a70685db0e4c5b6525c6ab8b40417a0f57bb8fc41f1a9a2c90615696759019b74af74f1c85c4fddf23650cf264602ac4ebb8892381a84c16b04e6c9cc79,08/13/2025 05:30:00 PM,2,DRIVER,,2028545,,VOLKSWAGEN,JETTA,IL,2021,UNKNOWN,PASSENGER,PERSONAL,W,SLOW/STOP IN TRAFFIC,,,1,,,,,,,,,,,,,,,Y,,,FRONT-LEFT-CORNER,,,,,,,,,,,,,,,,,,,,,,,,,,,,,,,,,
2127928,bc97b8d3de2ced069f4f3d8d577596d4b2a5c2f2497dac321faa8a4c7801cc4643ed5a8c6b3ff40fa42d86bb8a57b0019aac1b98503a24b16b04f5201d619f61,08/13/2025 05:30:00 PM,1,DRIVER,1,2028539,,FORD,TAURUS,IL,2003,NONE,PASSENGER,PERSONAL,N,ENTERING TRAFFIC LANE FROM PARKING,,,2,,,,,,,,,,,,,,,Y,,,FRONT-LEFT-CORNER,,,,,,,,,,,,,,,,,,,,,,,,,,,,,,,,,
2127929,bc97b8d3de2ced069f4f3d8d577596d4b2a5c2f2497dac321faa8a4c7801cc4643ed5a8c6b3ff40fa42d86bb8a57b0019aac1b98503a24b16b04f5201d619f61,08/13/2025 05:30:00 PM,2,DRIVER,,2028549,,TESLA,MODEL Y,IL,2022,NONE,PASSENGER,PERSONAL,N,STRAIGHT AHEAD,,,1,,,,,Y,Y,Y,Y,,,,,,,,,,SIDE-RIGHT,,,,,,,,,,,,,,,,,,,,,,,,,,,,,,,,,
2128008,d6467bf65cd0130a665f66248114721f1edcb66030d48abd751378f64c24b72dfb831de53c4a9340d59c177eb79ec802c26f3c546d82bfd147b534357f60343d,08/13/2025 05:30:00 PM,1,DRIVER,,2028616,,FORD,OTHER (EXPLAIN IN NARRATIVE),IL,2003,UNKNOWN,PASSENGER,UNKNOWN/NA,E,STRAIGHT AHEAD,,,1,,,,,,,,,,,,,,Y,,,,SIDE-LEFT,,,,,,,,,,,,,,,,,,,,,,,,,,,,,,,,,
2128009,d6467bf65cd0130a665f66248114721f1edcb66030d48abd751378f64c24b72dfb831de53c4a9340d59c177eb79ec802c26f3c546d82bfd147b534357f60343d,08/13/2025 05:30:00 PM,2,DRIVER,2,2028628,,FORD,F150,IL,2018,UNKNOWN,PICKUP,UNKNOWN/NA,W,STRAIGHT AHEAD,,,3,,,,,,,,,,,,,,Y,,,,SIDE-LEFT,,,,,,,,,,,,,,,,,,,,,,,,,,,,,,,,,
2128000,db68e2e556e88d7975544244a9793dfee2ed14fcecdf73261b892ef909959552421896bb5f9a2626049122a4307b873cee224d7e797a6a47a1eb61aa39b28dbb,08/13/2025 05:30:00 PM,1,DRIVER,,2028625,,VOLKSWAGEN,TOUAREG,IL,2024,NONE,SPORT UTILITY VEHICLE (SUV),PERSONAL,S,STRAIGHT AHEAD,,,1,,,,,,,,,,,,,,,,Y,,FRONT,,,,,,,,,,,,,,,,,,,,,,,,,,,,,,,,,
2128001,db68e2e556e88d7975544244a9793dfee2ed14fcecdf73261b892ef909959552421896bb5f9a2626049122a4307b873cee224d7e797a6a47a1eb61aa39b28dbb,08/13/2025 05:30:00 PM,2,DRIVER,,2028634,,FORD,TRANSIT,IL,2015,NONE,OTHER,PERSONAL,S,STRAIGHT AHEAD,,,1,,,,,,,,,,Y,,,,,,,,REAR,,,,,,,,,,,,,,,,,,,,,,,,,,,,,,,,,
2127930,fb597a403b1471131a20098ebed3e0d20989d43fa6cf53a21ce5300b19034d675e38194c237382c9f6ca061c1cc99648e625b34f3f37f9c698a8e36e36a2601e,08/13/2025 05:30:00 PM,1,DRIVER,,2028544,,CHEVROLET,CAPRICE,IL,1996,NONE,PASSENGER,PERSONAL,S,TURNING LEFT,Y,,1,,ALLSTAR,3030 W LAAWRENCE AVE,,,Y,Y,,,,,,,N,,,,SIDE-RIGHT,,,,,,,,,,,,,,,,,,,,,,,,,,,,,,,,,
2127931,fb597a403b1471131a20098ebed3e0d20989d43fa6cf53a21ce5300b19034d675e38194c237382c9f6ca061c1cc99648e625b34f3f37f9c698a8e36e36a2601e,08/13/2025 05:30:00 PM,2,DRIVER,,2028563,,TOYOTA,RAV4,IL,2004,NONE,PASSENGER,PERSONAL,SE,STARTING IN TRAFFIC,,,1,,,,,Y,,,,,,,,,,Y,Y,,FRONT,,,,,,,,,,,,,,,,,,,,,,,,,,,,,,,,,
2127947,777fb16ad76b4980aec9dd20c01465c3102ee35f768dafe5bab5ac3eafff955aa6e0230325e19e3fae81ba53e52829817edb1ca2bdcb4d12af0f8456390e50e9,08/13/2025 05:20:00 PM,1,DRIVER,,2028561,,TOYOTA,RAV4,IL,2021,UNKNOWN,SPORT UTILITY VEHICLE (SUV),UNKNOWN/NA,UNKNOWN,UNKNOWN/NA,,,1,,,,,,,,,,,,,,,,Y,,FRONT,,,,,,,,,,,,,,,,,,,,,,,,,,,,,,,,,
2127948,777fb16ad76b4980aec9dd20c01465c3102ee35f768dafe5bab5ac3eafff955aa6e0230325e19e3fae81ba53e52829817edb1ca2bdcb4d12af0f8456390e50e9,08/13/2025 05:20:00 PM,2,PEDESTRIAN,,,,,,,,,,,,,,,,,,,,,,,,,,,,,,,,,,,,,,,,,,,,,,,,,,,,,,,,,,,,,,,,,,
2127890,07cf627fba80ec868c493f58e7f4f947556e1453d06f2f34310f7d8eecf1b79a07b21c5c346ee162037ad116689417dcbb3ea8dab4c3b7f7bbfecd6e0a384f11,08/13/2025 05:16:00 PM,1,DRIVER,1,2028513,Y,ISUZU,TRUCK,IL,2022,NONE,TRUCK - SINGLE UNIT,OTHER,W,ENTERING TRAFFIC LANE FROM PARKING,,,2,,,,Y,,,,,N,,,,,,,,,REAR-RIGHT-CORNER,"21,993",704116,,,SIDE OF TRUCK,3,ABT ELECTRONICS INC,IL,GLENVIEW,,,,N,N,,N,,N,N,,,,,,,,,"SINGLE UNIT TRUCK, 2 AXLES, 6 TIRES",OTHER,OTHER,N,N,
2127915,b1ee586ee52e3ae043d2b8796975d146d7440ec2cea5e7d149cdd364aba9f58a1faed77a2baa3cd33cb90b123cca8d365ba444340a2be7786441c3cf6aaa7fea,08/13/2025 05:13:00 PM,1,DRIVER,,2028528,,HONDA,CR-V,IL,2009,NONE,SPORT UTILITY VEHICLE (SUV),PERSONAL,NW,UNKNOWN/NA,Y,,1,,private tow,unk,,Y,,,,,,,,,,Y,Y,,FRONT,,,,,,,,,,,,,,,,,,,,,,,,,,,,,,,,,
2128012,0bc087040f49d2860dcc1536a7897a7da4cfeb7c5858bbb2221dfc27ad13e0b35994815ffbe88bc4ebae2ab6bfac19b118899d70376be5043ffda6b0faec9374,08/13/2025 05:11:00 PM,2,BICYCLE,,,,,,,,,,,,,,,,,,,,,,,,,,,,,,,,,,,,,,,,,,,,,,,,,,,,,,,,,,,,,,,,,,
2128021,0bc087040f49d2860dcc1536a7897a7da4cfeb7c5858bbb2221dfc27ad13e0b35994815ffbe88bc4ebae2ab6bfac19b118899d70376be5043ffda6b0faec9374,08/13/2025 05:11:00 PM,1,DRIVER,,2028636,,HONDA,PILOT,IL,2008,UNKNOWN,PASSENGER,PERSONAL,W,TURNING LEFT,,,1,,,,,,,,,,,Y,Y,,,,,,REAR-LEFT-CORNER,,,,,,,,,,,,,,,,,,,,,,,,,,,,,,,,,
2127896,1257c076670a627a57d9437e9976a5e827fda4873d8a0b30b12f87b33e6840d7efb76a697c8ecb3707b75da2cfea4293776e9a88e7227ea5072154685cd805d9,08/13/2025 05:10:00 PM,1,DRIVER,,2028518,,CHEVROLET,TRAX,IL,2020,UNKNOWN,SPORT UTILITY VEHICLE (SUV),UNKNOWN/NA,S,STRAIGHT AHEAD,,,1,,,,,,,,,,,,,,,,,,FRONT-RIGHT-CORNER,,,,,,,,,,,,,,,,,,,,,,,,,,,,,,,,,
2127897,1257c076670a627a57d9437e9976a5e827fda4873d8a0b30b12f87b33e6840d7efb76a697c8ecb3707b75da2cfea4293776e9a88e7227ea5072154685cd805d9,08/13/2025 05:10:00 PM,2,DRIVER,,2028522,,FORD,EXPLORER,IL,2017,UNKNOWN,SPORT UTILITY VEHICLE (SUV),UNKNOWN/NA,E,TURNING LEFT,,,1,,,,,,,,,Y,,,,,,,,,SIDE-RIGHT-REAR,,,,,,,,,,,,,,,,,,,,,,,,,,,,,,,,,
2127882,194b69b8998baf0130d52933de9a42bccca4bc5225ef6e54f49e96e81181ec7e4d325fc2feada2e6337bf7be8203473c327ec2dd04573c4b4fc77e7e83a0fd62,08/13/2025 05:00:00 PM,1,DRIVER,,2028501,,FORD,F150,IL,2018,UNKNOWN,PICKUP,UNKNOWN/NA,W,U-TURN,,,1,,,,,,,,,,,,,,,,,Y,UNKNOWN,,,,,,,,,,,,,,,,,,,,,,,,,,,,,,,,,
2127883,194b69b8998baf0130d52933de9a42bccca4bc5225ef6e54f49e96e81181ec7e4d325fc2feada2e6337bf7be8203473c327ec2dd04573c4b4fc77e7e83a0fd62,08/13/2025 05:00:00 PM,2,DRIVER,,2028504,,ACURA,TLX,IL,2020,UNKNOWN,PASSENGER,UNKNOWN/NA,E,TURNING RIGHT,,,1,,,,,,,,,,,Y,Y,,,,,,SIDE-LEFT-REAR,,,,,,,,,,,,,,,,,,,,,,,,,,,,,,,,,
2128905,c9cd35c6962347eea971c68d2524bad2228dbff3677abd56c30807ce2b89a93d51239e41161df8f573ace0e7a08f165a2315db2a534cd015044e799fb88092be,08/13/2025 05:00:00 PM,1,NON-MOTOR VEHICLE,,,,,,,,,,,,,,,,,,,,,,,,,,,,,,,,,,,,,,,,,,,,,,,,,,,,,,,,,,,,,,,,,,
2128906,c9cd35c6962347eea971c68d2524bad2228dbff3677abd56c30807ce2b89a93d51239e41161df8f573ace0e7a08f165a2315db2a534cd015044e799fb88092be,08/13/2025 05:00:00 PM,2,DRIVER,,2029484,Y,FORD,ECONOLINE 100,IL,2005,NONE,VAN/MINI-VAN,PERSONAL,W,SLOW/STOP IN TRAFFIC,,,1,,,,,,,Y,,,,,,,,,,,SIDE-RIGHT,,,,,,,,,,,,,,,,,,,,,,,,,,,,,,,,,
2127965,41224184a1a113ba6ce5c2fea9925a1b5322a52181678b2a17d2b8a53c4240fe41ff28d99685ebf6436c83806e0c6566e7b3c88a285408a6d2d73f05936a0e84,08/13/2025 04:56:00 PM,1,DRIVER,,2028578,,CHEVROLET,MALIBU,IN,2015,NONE,PASSENGER,PERSONAL,N,ENTERING TRAFFIC LANE FROM PARKING,Y,,1,,PRIVATE TOW,,,,,,,,,,,N,Y,Y,Y,,FRONT-LEFT-CORNER,,,,,,,,,,,,,,,,,,,,,,,,,,,,,,,,,
2127966,41224184a1a113ba6ce5c2fea9925a1b5322a52181678b2a17d2b8a53c4240fe41ff28d99685ebf6436c83806e0c6566e7b3c88a285408a6d2d73f05936a0e84,08/13/2025 04:56:00 PM,2,DRIVER,,2028589,,CHEVROLET,MALIBU,IL,2017,NONE,PASSENGER,PERSONAL,N,STRAIGHT AHEAD,,,1,,,,,Y,Y,,,,,,,,,,Y,,FRONT-RIGHT-CORNER,,,,,,,,,,,,,,,,,,,,,,,,,,,,,,,,,
2128066,fde46bd475ccc449c93e3d01fcebe7dce3438b308ceaf7824b8677e1ae1b44d1687f96c3c64ac88b2c5674c749d7cfb815cae5e4facbed3d326cb34cb75e974a,08/13/2025 04:54:00 PM,1,DRIVER,,2028677,,UNKNOWN,OTHER (EXPLAIN IN NARRATIVE),IL,,NONE,PASSENGER,PERSONAL,W,STRAIGHT AHEAD,,,1,,,,,,Y,Y,,,,,,,,,,,SIDE-RIGHT,,,,,,,,,,,,,,,,,,,,,,,,,,,,,,,,,
2128067,fde46bd475ccc449c93e3d01fcebe7dce3438b308ceaf7824b8677e1ae1b44d1687f96c3c64ac88b2c5674c749d7cfb815cae5e4facbed3d326cb34cb75e974a,08/13/2025 04:54:00 PM,2,DRIVER,,2028675,,LINCOLN,CONTINENTAL,IL,2017,NONE,PASSENGER,PERSONAL,W,STRAIGHT AHEAD,,,1,,,,,,,,,,,,N,Y,Y,N,,,SIDE-LEFT,,,,,,,,,,,,,,,,,,,,,,,,,,,,,,,,,
2127886,4991334dffca6f9bc771c2f24a7a9ef98bd6947a15ba62b300f1f08346d725769e8786646554dbca5801c1652ea36ff79e039996e151c16d4f9029c870a9e3e6,08/13/2025 04:50:00 PM,1,DRIVER,,2028517,Y,ISUZU,TRUCK,IL,2024,NONE,TRUCK - SINGLE UNIT,COMMERCIAL - SINGLE UNIT,E,BACKING,,,1,,,,,,,,,,,,,,Y,Y,,,SIDE-LEFT,"21,991",2017857,173570,173570,DRIVER,2,TWO MEN AND A TRUCK,IL,NORTHBROOK,,,,N,N,,N,,N,N,,,,,,,,,"SINGLE UNIT TRUCK, 2 AXLES, 6 TIRES",VAN/ENCLOSED BOX,,N,N,