CRASH_UNIT_ID,CRASH_RECORD_ID,CRASH_DATE,UNIT_NO,UNIT_TYPE,NUM_PASSENGERS,VEHICLE_ID,CMRC_VEH_I,MAKE,MODEL,LIC_PLATE_STATE,VEHICLE_YEAR,VEHICLE_DEFECT,VEHICLE_TYPE,VEHICLE_USE,TRAVEL_DIRECTION,MANEUVER,TOWED_I,FIRE_I,OCCUPANT_CNT,EXCEED_SPEED_LIMIT_I,TOWED_BY,TOWED_TO,AREA_00_I,AREA_01_I,AREA_02_I,AREA_03_I,AREA_04_I,AREA_05_I,AREA_06_I,AREA_07_I,AREA_08_I,AREA_09_I,AREA_10_I,AREA_11_I,AREA_12_I,AREA_99_I,FIRST_CONTACT_POINT,CMV_ID,USDOT_NO,CCMC_NO,ILCC_NO,COMMERCIAL_SRC,GVWR,CARRIER_NAME,CARRIER_STATE,CARRIER_CITY,HAZMAT_PLACARDS_I,HAZMAT_NAME,UN_NO,HAZMAT_PRESENT_I,HAZMAT_REPORT_I,HAZMAT_REPORT_NO,MCS_REPORT_I,MCS_REPORT_NO,HAZMAT_VIO_CAUSE_CRASH_I,MCS_VIO_CAUSE_CRASH_I,IDOT_PERMIT_NO,WIDE_LOAD_I,TRAILER1_WIDTH,TRAILER2_WIDTH,TRAILER1_LENGTH,TRAILER2_LENGTH,TOTAL_VEHICLE_LENGTH,AXLE_CNT,VEHICLE_CONFIG,CARGO_BODY_TYPE,LOAD_TYPE,HAZMAT_OUT_OF_SERVICE_I,MCS_OUT_OF_SERVICE_I,HAZMAT_CLASS
2127887,4991334dffca6f9bc771c2f24a7a9ef98bd6947a15ba62b300f1f08346d725769e8786646554dbca5801c1652ea36ff79e039996e151c16d4f9029c870a9e3e6,08/13/2025 04:50:00 PM,2,DRIVER,,2028542,,VOLVO,XC90,IL,2023,NONE,SPORT UTILITY VEHICLE (SUV),PERSONAL,W,STRAIGHT AHEAD,,,1,,,,,,Y,,Y,,,,,,,,,,SIDE-RIGHT,,,,,,,,,,,,,,,,,,,,,,,,,,,,,,,,,
2127878,73b8691cdac0f7d59f1bb24c9fe333f31568da77e3808a3be4925fad0d737b19f60217956819454ae9f02c4dacf98b2eeb5537e185ab966c70e9c604c6815a3e,08/13/2025 04:48:00 PM,1,DRIVER,,2028515,,FORD,ESCAPE,IL,2012,NONE,PASSENGER,PERSONAL,S,MERGING,,,1,,,,,N,N,,Y,Y,,,N,,,,,,REAR-RIGHT-CORNER,,,,,,,,,,,,,,,,,,,,,,,,,,,,,,,,,
2127879,73b8691cdac0f7d59f1bb24c9fe333f31568da77e3808a3be4925fad0d737b19f60217956819454ae9f02c4dacf98b2eeb5537e185ab966c70e9c604c6815a3e,08/13/2025 04:48:00 PM,2,DRIVER,,2028506,,JEEP,GRAND CHEROKEE,IL,2014,NONE,PASSENGER,PERSONAL,S,STRAIGHT AHEAD,,,1,,,,,,,,,,,,,,,Y,N,,FRONT-LEFT-CORNER,,,,,,,,,,,,,,,,,,,,,,,,,,,,,,,,,
2127898,71653522353fbf4f8832d8bb969d5f929ddcd71accb5d50412c78922275d2ade32575ad3db0567257727324c64e2388e23948b64a5c501a494e7d5061ba8b155,08/13/2025 04:45:00 PM,1,DRIVER,,2028516,,CHEVROLET,SILVERADO,IL,2016,UNKNOWN,PASSENGER,PERSONAL,S,TURNING RIGHT,,,1,,,,,Y,,,,,,,,,,Y,Y,,FRONT,,,,,,,,,,,,,,,,,,,,,,,,,,,,,,,,,
2127899,71653522353fbf4f8832d8bb969d5f929ddcd71accb5d50412c78922275d2ade32575ad3db0567257727324c64e2388e23948b64a5c501a494e7d5061ba8b155,08/13/2025 04:45:00 PM,2,PEDESTRIAN,,,,,,,,,,,,,,,,,,,,,,,,,,,,,,,,,,,,,,,,,,,,,,,,,,,,,,,,,,,,,,,,,,
2128613,d227ce450a4eb88a2e696f9b9dc378a5baaa857faf7eda9bcbb079e64c34c8816bf8bb1bbf743e8bb88ae496e505d79da53106d24f101b2082ebb0973f547f60,08/13/2025 04:45:00 PM,1,DRIVER,2,2029184,,JEEP,COMPASS,IL,2021,UNKNOWN,SPORT UTILITY VEHICLE (SUV),UNKNOWN/NA,N,CHANGING LANES,,,3,,,,,Y,Y,Y,Y,Y,,,,,,,,,SIDE-RIGHT,,,,,,,,,,,,,,,,,,,,,,,,,,,,,,,,,
2128614,d227ce450a4eb88a2e696f9b9dc378a5baaa857faf7eda9bcbb079e64c34c8816bf8bb1bbf743e8bb88ae496e505d79da53106d24f101b2082ebb0973f547f60,08/13/2025 04:45:00 PM,2,DRIVER,,2029195,,VOLVO,V70,IL,1998,UNKNOWN,SPORT UTILITY VEHICLE (SUV),UNKNOWN/NA,N,STRAIGHT AHEAD,,,1,,,,,,,,,,,Y,Y,Y,Y,Y,,,SIDE-LEFT,,,,,,,,,,,,,,,,,,,,,,,,,,,,,,,,,
2130876,269bdfb9efbee5a7987219f229bec222551b7ca016517aa601820fac6386c1004f176f610691bf33ccae81dc758f194da334fd53c20e7e990fd76f4abc397ffe,08/13/2025 04:40:00 PM,1,DRIVER,,2031324,,NISSAN,MURANO,IL,2005,NONE,PASSENGER,PERSONAL,S,STRAIGHT AHEAD,,,1,,,,,,,,,,,,,,,Y,,,FRONT-LEFT-CORNER,,,,,,,,,,,,,,,,,,,,,,,,,,,,,,,,,
2130877,269bdfb9efbee5a7987219f229bec222551b7ca016517aa601820fac6386c1004f176f610691bf33ccae81dc758f194da334fd53c20e7e990fd76f4abc397ffe,08/13/2025 04:40:00 PM,2,DRIVER,,2031327,,FORD,ECONOLINE E150,IL,2009,NONE,PICKUP,PERSONAL,S,SLOW/STOP IN TRAFFIC,,,1,,,,,,,,,Y,,,,,,,,,REAR-RIGHT-CORNER,,,,,,,,,,,,,,,,,,,,,,,,,,,,,,,,,
2127876,4f9e9b5994c5b85951073f1fa02c33ceaebf87b5cb1ff479b3cd50e2920c5098742c8a8703edd018e252ee862e59a38b8ef0fe75028ee134715b02812defaaa3,08/13/2025 04:32:00 PM,1,DRIVER,,2028698,,KIA,SORENTO,IL,2011,NONE,PASSENGER,PERSONAL,UNKNOWN,BACKING,,,1,,,,Y,,,,,N,,,,,,,,,NONE,,,,,,,,,,,,,,,,,,,,,,,,,,,,,,,,,
2127877,4f9e9b5994c5b85951073f1fa02c33ceaebf87b5cb1ff479b3cd50e2920c5098742c8a8703edd018e252ee862e59a38b8ef0fe75028ee134715b02812defaaa3,08/13/2025 04:32:00 PM,2,DRIVER,,2028700,,VOLKSWAGEN,JETTA,IL,2019,NONE,PASSENGER,PERSONAL,UNKNOWN,PASSING/OVERTAKING,,,1,,,,N,,,,,Y,,,,,,,,N,REAR-RIGHT-CORNER,,,,,,,,,,,,,,,,,,,,,,,,,,,,,,,,,
2127836,1dbeac71a6687ea9379d4046b78770a9b748eed550ff6f162062cd63e8f3e1fdd5d6335b4d933196dadce182ed10aa6ea266a91f30430dd40be6aa4f527bada2,08/13/2025 04:30:00 PM,1,DRIVER,,2028458,,SATURN,ION,IL,2005,UNKNOWN,PASSENGER,PERSONAL,S,STRAIGHT AHEAD,,,1,,,,,,,,,,,,,,,,Y,,FRONT,,,,,,,,,,,,,,,,,,,,,,,,,,,,,,,,,
2127837,1dbeac71a6687ea9379d4046b78770a9b748eed550ff6f162062cd63e8f3e1fdd5d6335b4d933196dadce182ed10aa6ea266a91f30430dd40be6aa4f527bada2,08/13/2025 04:30:00 PM,2,DRIVER,,2028471,,JEEP,WRANGLER,IL,2017,NONE,PASSENGER,PERSONAL,S,SLOW/STOP IN TRAFFIC,,,1,,,,,,,,,,Y,,,,,,,,REAR,,,,,,,,,,,,,,,,,,,,,,,,,,,,,,,,,
2127884,4f5776db533b467ec87c8be4704577c4700fe5b3595df8610f19cec615486ad16eb98d8948390b42b8fa338f086fb982e494b1eb02338cc791ba88c0477e9430,08/13/2025 04:30:00 PM,1,DRIVER,1,2028503,,FORD,FIESTA,IL,2019,NONE,PASSENGER,PERSONAL,E,STRAIGHT AHEAD,,,2,,,,,Y,Y,Y,Y,,,,,,,Y,Y,,SIDE-RIGHT,,,,,,,,,,,,,,,,,,,,,,,,,,,,,,,,,
2127885,4f5776db533b467ec87c8be4704577c4700fe5b3595df8610f19cec615486ad16eb98d8948390b42b8fa338f086fb982e494b1eb02338cc791ba88c0477e9430,08/13/2025 04:30:00 PM,2,DRIVER,,2028508,,TESLA,MODEL 3,IL,2023,NONE,PASSENGER,PERSONAL,N,STRAIGHT AHEAD,,,1,,,,,Y,,,,,,,,,,Y,Y,,FRONT,,,,,,,,,,,,,,,,,,,,,,,,,,,,,,,,,
2127858,7e7e03ed9a9e59f2ce116a817682f293da16070d3707e2be7b0aa7a3932bdb931699ba167ee0b449906a080511909146eb7b5d347b76571e8dbdad1a4d901adf,08/13/2025 04:30:00 PM,1,DRIVER,,2028476,,UNKNOWN,OTHER (EXPLAIN IN NARRATIVE),,,UNKNOWN,UNKNOWN/NA,UNKNOWN/NA,UNKNOWN,UNKNOWN/NA,,,1,,,,,,,,,,,,,,,,,Y,UNKNOWN,,,,,,,,,,,,,,,,,,,,,,,,,,,,,,,,,
2127859,7e7e03ed9a9e59f2ce116a817682f293da16070d3707e2be7b0aa7a3932bdb931699ba167ee0b449906a080511909146eb7b5d347b76571e8dbdad1a4d901adf,08/13/2025 04:30:00 PM,2,PARKED,,2028479,,TOYOTA,RAV4,IL,2002,UNKNOWN,PASSENGER,NOT IN USE,UNKNOWN,PARKED,,,0,,,,,,,,,,Y,Y,Y,Y,,,,,SIDE-LEFT,,,,,,,,,,,,,,,,,,,,,,,,,,,,,,,,,
2129126,b64234e9a9da55bfad631622a287c9e639776b7b30e4e2cd32bec5c08af2d03b47d33a132b6d5e9bb9342d52261ad514d4d370ae954bbe4d9112ad452a628708,08/13/2025 04:30:00 PM,1,DRIVER,,2029674,,HONDA,ACCORD,IL,2021,NONE,PASSENGER,PERSONAL,N,STRAIGHT AHEAD,,,1,,,,,,,,,,,,,,,,Y,,FRONT,,,,,,,,,,,,,,,,,,,,,,,,,,,,,,,,,
2127866,1ad5b683a14543a7c935b178137ebf5442b0e839548e67343ddc1d98344337ca51797859a93ecc8bd0a0f7e70fcd0fa5467b51979386c21a2841d71e2ffc24b6,08/13/2025 04:29:00 PM,1,DRIVER,,2028486,,TOYOTA,RAV4,IL,2022,NONE,PASSENGER,PERSONAL,N,STRAIGHT AHEAD,Y,,1,,private,unk,,Y,,,,,,,,,,Y,,,FRONT,,,,,,,,,,,,,,,,,,,,,,,,,,,,,,,,,
2127867,1ad5b683a14543a7c935b178137ebf5442b0e839548e67343ddc1d98344337ca51797859a93ecc8bd0a0f7e70fcd0fa5467b51979386c21a2841d71e2ffc24b6,08/13/2025 04:29:00 PM,2,DRIVER,,2028491,,BMW,OTHER (EXPLAIN IN NARRATIVE),WI,2019,NONE,PASSENGER,PERSONAL,N,SLOW/STOP IN TRAFFIC,,,1,,,,,,,,,Y,Y,Y,,,,,,,REAR,,,,,,,,,,,,,,,,,,,,,,,,,,,,,,,,,
2127868,4a4562f191491aae4f60973e3b1f6a230e3c5666033633be8ab0792d2cba4ad78470c77cc3e7b66c39f4aac42362341967bd601b86c5338944696a80a63e72f1,08/13/2025 04:28:00 PM,1,DRIVER,,2028488,,FORD,F150,IL,2009,UNKNOWN,PICKUP,PERSONAL,NW,TURNING RIGHT,,,1,,,,,,,,Y,Y,,,,,,,,,SIDE-RIGHT-REAR,,,,,,,,,,,,,,,,,,,,,,,,,,,,,,,,,
2127869,4a4562f191491aae4f60973e3b1f6a230e3c5666033633be8ab0792d2cba4ad78470c77cc3e7b66c39f4aac42362341967bd601b86c5338944696a80a63e72f1,08/13/2025 04:28:00 PM,2,DRIVER,,2028493,,NISSAN,MURANO,IL,2005,UNKNOWN,SPORT UTILITY VEHICLE (SUV),PERSONAL,NW,STRAIGHT AHEAD,,,1,,,,,,,,,,,,,,,Y,,,FRONT-LEFT-CORNER,,,,,,,,,,,,,,,,,,,,,,,,,,,,,,,,,
2127996,9228c3acc3da815b7388352255e465ddb94ac9d929f069b1ee625258239bc192b0bd3e00923a9c090292059d490601ef57d034af789ce759d15b5374ded7147c,08/13/2025 04:22:00 PM,1,PARKED,1,2028601,,TOYOTA,SIENNA,IL,2007,NONE,VAN/MINI-VAN,NOT IN USE,S,PARKED,,,1,,,,Y,,,,,,,,,,,,,,SIDE-LEFT,,,,,,,,,,,,,,,,,,,,,,,,,,,,,,,,,
2127997,9228c3acc3da815b7388352255e465ddb94ac9d929f069b1ee625258239bc192b0bd3e00923a9c090292059d490601ef57d034af789ce759d15b5374ded7147c,08/13/2025 04:22:00 PM,2,DRIVER,,2029064,,UNKNOWN,MOTORIZED,,,NONE,OTHER,PERSONAL,S,AVOIDING VEHICLES/OBJECTS,,,1,,,,Y,,,,,,,,,,,,,,SIDE-RIGHT,,,,,,,,,,,,,,,,,,,,,,,,,,,,,,,,,
2127955,f76a6496086809520ab0aa02a05400aaa23de5121c910f944ba74efc69ae016d3b9ad41501903a8dd9509cc4a7518acf13f63dcaf7976e30510760c11f9a2483,08/13/2025 04:15:00 PM,1,DRIVER,,2028575,,FORD,ESCAPE,IL,2012,UNKNOWN,PASSENGER,PERSONAL,S,STRAIGHT AHEAD,,,1,,,,,Y,,,,N,N,N,,,,Y,Y,,FRONT,,,,,,,,,,,,,,,,,,,,,,,,,,,,,,,,,
2127956,f76a6496086809520ab0aa02a05400aaa23de5121c910f944ba74efc69ae016d3b9ad41501903a8dd9509cc4a7518acf13f63dcaf7976e30510760c11f9a2483,08/13/2025 04:15:00 PM,2,DRIVER,,2028585,,CHEVROLET,MALIBU,IL,2014,UNKNOWN,UNKNOWN/NA,UNKNOWN/NA,S,STRAIGHT AHEAD,,,1,,,,,,,,,Y,Y,Y,,,,,,,REAR,,,,,,,,,,,,,,,,,,,,,,,,,,,,,,,,,
2127848,6412733b0b9d577292c59233046d1179be8022dad6866da8691041b8631698cb2924ee00de2e6ca9c4d99517e59a16170e6ab76a70c5ff777bce412b7bcfe39b,08/13/2025 04:10:00 PM,1,DRIVER,,2028473,,KIA,NIRO,IL,2018,NONE,SPORT UTILITY VEHICLE (SUV),PERSONAL,N,ENTERING TRAFFIC LANE FROM PARKING,,,1,,,,,Y,,,,,,,,,,Y,Y,,SIDE-LEFT-FRONT,,,,,,,,,,,,,,,,,,,,,,,,,,,,,,,,,
2127849,6412733b0b9d577292c59233046d1179be8022dad6866da8691041b8631698cb2924ee00de2e6ca9c4d99517e59a16170e6ab76a70c5ff777bce412b7bcfe39b,08/13/2025 04:10:00 PM,2,DRIVER,1,2028477,,SUBARU,IMPREZA,IL,2015,NONE,OTHER,PERSONAL,N,STRAIGHT AHEAD,,,2,,,,,Y,Y,Y,Y,Y,,,,,,,,,SIDE-RIGHT,,,,,,,,,,,,,,,,,,,,,,,,,,,,,,,,,
2127913,8a786b4d039ab1a8c7f8aa6f5e46053a5bbdc69ca34cdb329c58d53b3c01926ffae5ac1cb9a4f27e409313eb20799fdeea0b14c0623b3db117f3b774dce993a1,08/13/2025 04:10:00 PM,1,DRIVER,,2028527,,NISSAN,NV200 COMPACT CARGO,IL,2016,UNKNOWN,VAN/MINI-VAN,PERSONAL,W,SLOW/STOP IN TRAFFIC,,,1,,,,,Y,,,,,,,,,,,Y,,FRONT-RIGHT-CORNER,,,,,,,,,,,,,,,,,,,,,,,,,,,,,,,,,
2127914,8a786b4d039ab1a8c7f8aa6f5e46053a5bbdc69ca34cdb329c58d53b3c01926ffae5ac1cb9a4f27e409313eb20799fdeea0b14c0623b3db117f3b774dce993a1,08/13/2025 04:10:00 PM,2,DRIVER,,2028532,,TOYOTA,SIENNA,IL,2012,UNKNOWN,VAN/MINI-VAN,OTHER,SW,SLOW/STOP IN TRAFFIC,,,1,,,,,,,,,,Y,Y,,,,,,,REAR-LEFT-CORNER,,,,,,,,,,,,,,,,,,,,,,,,,,,,,,,,,
2136326,f0a6bf47db138e8f7c7b01d1df56e2885a51946595d3d7e81e81e7d94a4c238137436e00d87e077a19fd315af2829d2becef3abbd820fcf7b5bca3758d9b82d5,08/13/2025 04:10:00 PM,1,DRIVER,,2036515,,NISSAN,ROGUE,IL,2013,NONE,PASSENGER,PERSONAL,W,STRAIGHT AHEAD,,,1,,,,,,,,,,,,,,,,,Y,FRONT,,,,,,,,,,,,,,,,,,,,,,,,,,,,,,,,,
2136327,f0a6bf47db138e8f7c7b01d1df56e2885a51946595d3d7e81e81e7d94a4c238137436e00d87e077a19fd315af2829d2becef3abbd820fcf7b5bca3758d9b82d5,08/13/2025 04:10:00 PM,2,PARKED,,2036518,,HONDA,MOTORCYCLE,IL,1989,NONE,MOTORCYCLE (OVER 150CC),PERSONAL,W,PARKED,,,0,,,,,,,,,,,,,,,,,,TOTAL (ALL AREAS),,,,,,,,,,,,,,,,,,,,,,,,,,,,,,,,,
2127828,32dd6be785de26d57fbe589d999578b4a454c12562a42bff44511e93bd1104115d87e858b627978034a3d97f6a7520ffe6353b30f611a65062d930a8b38dd476,08/13/2025 04:08:00 PM,1,DRIVER,,2028452,,CHEVROLET,TRAX,IL,2019,NONE,SPORT UTILITY VEHICLE (SUV),PERSONAL,S,STRAIGHT AHEAD,,,1,,,,,Y,,,,,,,,,,Y,Y,,FRONT,,,,,,,,,,,,,,,,,,,,,,,,,,,,,,,,,
2127829,32dd6be785de26d57fbe589d999578b4a454c12562a42bff44511e93bd1104115d87e858b627978034a3d97f6a7520ffe6353b30f611a65062d930a8b38dd476,08/13/2025 04:08:00 PM,2,DRIVER,2,2028462,,CHEVROLET,TRAX,IN,2024,NONE,SPORT UTILITY VEHICLE (SUV),PERSONAL,S,SLOW/STOP IN TRAFFIC,,,3,,,,,,,,,,Y,,,,,,,,REAR,,,,,,,,,,,,,,,,,,,,,,,,,,,,,,,,,
2134348,26b2f6fc97786eff2f2a4f905fc644154ab1b118869882aa42b646bed85d1e793e6bacc8944a3617b06747cb3c473939350ef1fa9af32c20c6004be8c9875463,08/13/2025 04:00:00 PM,1,BICYCLE,,,,,,,,,,,,,,,,,,,,,,,,,,,,,,,,,,,,,,,,,,,,,,,,,,,,,,,,,,,,,,,,,,
2134349,26b2f6fc97786eff2f2a4f905fc644154ab1b118869882aa42b646bed85d1e793e6bacc8944a3617b06747cb3c473939350ef1fa9af32c20c6004be8c9875463,08/13/2025 04:00:00 PM,2,DRIVER,,2034599,,TOYOTA,SIENNA,IL,2021,UNKNOWN,PASSENGER,PERSONAL,UNKNOWN,UNKNOWN/NA,,,1,,,,,,,,,,,,,,Y,Y,,,FRONT-LEFT-CORNER,,,,,,,,,,,,,,,,,,,,,,,,,,,,,,,,,
2127802,b0627247d01095dcbe7993dd444e3534a2332d1c50c9e1ec8fd3d1bb567ca6d741617bd3608f107f04cbf33842659342e4af1e503a1030749d662b4f7b0fa5c6,08/13/2025 04:00:00 PM,1,DRIVER,,2028430,,UNKNOWN,MOTORIZED,XX,,NONE,PASSENGER,PERSONAL,NW,ENTERING TRAFFIC LANE FROM PARKING,,,1,,,,,Y,Y,,,,,,,,,,,,FRONT-RIGHT-CORNER,,,,,,,,,,,,,,,,,,,,,,,,,,,,,,,,,
2127803,b0627247d01095dcbe7993dd444e3534a2332d1c50c9e1ec8fd3d1bb567ca6d741617bd3608f107f04cbf33842659342e4af1e503a1030749d662b4f7b0fa5c6,08/13/2025 04:00:00 PM,2,DRIVER,,2028432,,CHEVROLET,EQUINOX,IL,2016,NONE,PASSENGER,PERSONAL,W,STRAIGHT AHEAD,,,1,,,,,,,,,,,,,Y,,,,,SIDE-LEFT,,,,,,,,,,,,,,,,,,,,,,,,,,,,,,,,,
2127903,da42413964d01be3a0d6815cd96306e49b9290daebcec166dc9edad9e9cbf75f3e13005d5e713acc7e71ab07735e5d63e0df18d740635b03a67b1eb14c3b5031,08/13/2025 03:56:00 PM,1,DRIVER,,2028523,Y,TOYOTA,CAMRY,IL,2013,UNKNOWN,PASSENGER,TAXI/FOR HIRE,SW,PASSING/OVERTAKING,,,1,,,,,,,,,,,,,,,,,Y,SIDE-RIGHT,"21,992",,,,DRIVER,,ASSYA CAB CO--FIRM OWNED,IL,CHICAGO,,,,,,,,,,,,,,,,,,,,,,,,
2127904,da42413964d01be3a0d6815cd96306e49b9290daebcec166dc9edad9e9cbf75f3e13005d5e713acc7e71ab07735e5d63e0df18d740635b03a67b1eb14c3b5031,08/13/2025 03:56:00 PM,2,BICYCLE,,,,,,,,,,,,,,,,,,,,,,,,,,,,,,,,,,,,,,,,,,,,,,,,,,,,,,,,,,,,,,,,,,
2127796,687b3d00e2ad4cf2aeeb040b5a360cc4839293dee6eb45fc9269bcf0b18048658f47aaac24cbd6ebbc6f2a179c3589b7a038e4554c320fd09fb60951aac932a1,08/13/2025 03:50:00 PM,1,DRIVER,,2028426,,FORD,ESCORT,IL,1998,NONE,PASSENGER,OTHER,N,ENTERING TRAFFIC LANE FROM PARKING,,,1,,,,Y,,,,,,,,,,,,,,SIDE-LEFT,,,,,,,,,,,,,,,,,,,,,,,,,,,,,,,,,
2127797,687b3d00e2ad4cf2aeeb040b5a360cc4839293dee6eb45fc9269bcf0b18048658f47aaac24cbd6ebbc6f2a179c3589b7a038e4554c320fd09fb60951aac932a1,08/13/2025 03:50:00 PM,2,BICYCLE,,,,,,,,,,,,,,,,,,,,,,,,,,,,,,,,,,,,,,,,,,,,,,,,,,,,,,,,,,,,,,,,,,
2128169,d8846be453ae6ef80eeb6542b6ce23df69bcf23a3fa90f4088223a703b709b5a549931ca4513eec3355b426a4397dc79f352d87ece00ff8bebb6ad7d7507b38f,08/13/2025 03:50:00 PM,1,DRIVER,,2028766,,TOYOTA,CAMRY,IL,2023,UNKNOWN,PASSENGER,OTHER,E,CHANGING LANES,,,1,,,,,Y,,,,,,,,,,,,,FRONT-RIGHT-CORNER,,,,,,,,,,,,,,,,,,,,,,,,,,,,,,,,,
2128170,d8846be453ae6ef80eeb6542b6ce23df69bcf23a3fa90f4088223a703b709b5a549931ca4513eec3355b426a4397dc79f352d87ece00ff8bebb6ad7d7507b38f,08/13/2025 03:50:00 PM,2,DRIVER,,2028789,,CHEVROLET,OTHER (EXPLAIN IN NARRATIVE),IL,,UNKNOWN,PASSENGER,UNKNOWN/NA,E,STRAIGHT AHEAD,,,1,,,,,,,,,,,Y,,,,,,,REAR-LEFT-CORNER,,,,,,,,,,,,,,,,,,,,,,,,,,,,,,,,,
2127861,3b10e8970f7a1f81bdf23ffc0144d8adc7606a9b6a3d4a1d3e60e440d516539f317eeb71db88102f857c629df95a5ba819a5ced8477fa7d8faaece61d415876c,08/13/2025 03:46:00 PM,1,DRIVER,,2028498,,HYUNDAI,OTHER (EXPLAIN IN NARRATIVE),IL,2016,UNKNOWN,PASSENGER,UNKNOWN/NA,UNKNOWN,STRAIGHT AHEAD,,,1,,,,,,,,,,,,,,,,,,UNKNOWN,,,,,,,,,,,,,,,,,,,,,,,,,,,,,,,,,
2127862,3b10e8970f7a1f81bdf23ffc0144d8adc7606a9b6a3d4a1d3e60e440d516539f317eeb71db88102f857c629df95a5ba819a5ced8477fa7d8faaece61d415876c,08/13/2025 03:46:00 PM,2,DRIVER,,2028490,,HONDA,ODYSSEY,IL,2012,UNKNOWN,VAN/MINI-VAN,PERSONAL,UNKNOWN,SLOW/STOP IN TRAFFIC,,,1,,,,,,,,,,Y,,,,,,,,REAR,,,,,,,,,,,,,,,,,,,,,,,,,,,,,,,,,
2128243,6d736a4a5c7b556866f5df48fae102c2cc8381619a0e1c726f7a1bfccffba21f57db452f911f9c86d803202b613e5f984c99a781380b2efcca03bef81045de50,08/13/2025 03:40:00 PM,1,BICYCLE,,,,,,,,,,,,,,,,,,,,,,,,,,,,,,,,,,,,,,,,,,,,,,,,,,,,,,,,,,,,,,,,,,
2128244,6d736a4a5c7b556866f5df48fae102c2cc8381619a0e1c726f7a1bfccffba21f57db452f911f9c86d803202b613e5f984c99a781380b2efcca03bef81045de50,08/13/2025 03:40:00 PM,2,DRIVER,,2028840,,TOYOTA,CAMRY,IL,2013,NONE,PASSENGER,TAXI/FOR HIRE,W,SLOW/STOP IN TRAFFIC,,,1,,,,Y,,,,,,,,,,,,,,REAR-RIGHT-CORNER,,,,,,,,,,,,,,,,,,,,,,,,,,,,,,,,,
2127804,9680a1befed44650dc19375ec4f4063690c43999e59367c46c7807ebfc7f84877d54c9a829e7ef157c7994c231ceb9c944a44d26a28895fa383b3d171f09024e,08/13/2025 03:40:00 PM,1,PEDESTRIAN,,,,,,,,,,,,,,,,,,,,,,,,,,,,,,,,,,,,,,,,,,,,,,,,,,,,,,,,,,,,,,,,,,
2127805,9680a1befed44650dc19375ec4f4063690c43999e59367c46c7807ebfc7f84877d54c9a829e7ef157c7994c231ceb9c944a44d26a28895fa383b3d171f09024e,08/13/2025 03:40:00 PM,2,DRIVER,,2028435,,TOYOTA,RAV4,IL,2022,UNKNOWN,SPORT UTILITY VEHICLE (SUV),PERSONAL,N,STARTING IN TRAFFIC,,,1,,,,Y,,,,,,,,,,,,,,FRONT,,,,,,,,,,,,,,,,,,,,,,,,,,,,,,,,,
2127820,81589bd3401d45f0fe1b4cc3c796dba514a344dc261d302e4bcc824177848aaf114edda14521cc26826c76e448c9e82783ecbebf9ecda2b141e684bb2e01cdac,08/13/2025 03:38:00 PM,1,DRIVER,,2028448,,NISSAN,ROGUE,IL,2017,NONE,PASSENGER,PERSONAL,E,TURNING RIGHT,,,1,,,,,,,,,,,,,,Y,Y,,,FRONT-LEFT-CORNER,,,,,,,,,,,,,,,,,,,,,,,,,,,,,,,,,
2127821,81589bd3401d45f0fe1b4cc3c796dba514a344dc261d302e4bcc824177848aaf114edda14521cc26826c76e448c9e82783ecbebf9ecda2b141e684bb2e01cdac,08/13/2025 03:38:00 PM,2,DRIVER,,2028455,,HYUNDAI,SANTA FE,IL,2023,NONE,PASSENGER,PERSONAL,S,STRAIGHT AHEAD,,,1,,,,,Y,Y,,,,,,,,,,,,FRONT-RIGHT-CORNER,,,,,,,,,,,,,,,,,,,,,,,,,,,,,,,,,
2127991,51c5334dd4bc4322ccecab9e8308da08daae27358af2f841d26f1a831b6fae8311ce7af0b04f59a1d3f5d68940162b439279db0957aaf34816c98335c9a74bc5,08/13/2025 03:37:00 PM,2,DRIVER,,2028597,,CHEVROLET,TRAX,IL,2020,UNKNOWN,SPORT UTILITY VEHICLE (SUV),PERSONAL,W,STRAIGHT AHEAD,,,1,,,,,Y,Y,,,,,,,,,,,,FRONT-RIGHT-CORNER,,,,,,,,,,,,,,,,,,,,,,,,,,,,,,,,,
2127992,51c5334dd4bc4322ccecab9e8308da08daae27358af2f841d26f1a831b6fae8311ce7af0b04f59a1d3f5d68940162b439279db0957aaf34816c98335c9a74bc5,08/13/2025 03:37:00 PM,1,PARKED,1,2028598,,MERCEDES-BENZ,E-CLASS,IL,2018,UNKNOWN,PASSENGER,PERSONAL,W,PARKED,,,1,,,,,,,,,,,,,Y,Y,,,,SIDE-LEFT,,,,,,,,,,,,,,,,,,,,,,,,,,,,,,,,,
2131909,503ab36d6dcc3a00c4fd1fb25d560407ed45cb59991a16c1fc1a43c82ff1c8c0b4b30c5e135b9023a6ab224b00a8f47d42f35c84a5287d5afbb5461da3ef308e,08/13/2025 03:30:00 PM,1,DRIVER,,2032285,,UNKNOWN,OTHER (EXPLAIN IN NARRATIVE),IL,,UNKNOWN,UNKNOWN/NA,UNKNOWN/NA,N,BACKING,,,1,,,,,,,,,,Y,,,,,,,,REAR,,,,,,,,,,,,,,,,,,,,,,,,,,,,,,,,,