CRASH_UNIT_ID,CRASH_RECORD_ID,CRASH_DATE,UNIT_NO,UNIT_TYPE,NUM_PASSENGERS,VEHICLE_ID,CMRC_VEH_I,MAKE,MODEL,LIC_PLATE_STATE,VEHICLE_YEAR,VEHICLE_DEFECT,VEHICLE_TYPE,VEHICLE_USE,TRAVEL_DIRECTION,MANEUVER,TOWED_I,FIRE_I,OCCUPANT_CNT,EXCEED_SPEED_LIMIT_I,TOWED_BY,TOWED_TO,AREA_00_I,AREA_01_I,AREA_02_I,AREA_03_I,AREA_04_I,AREA_05_I,AREA_06_I,AREA_07_I,AREA_08_I,AREA_09_I,AREA_10_I,AREA_11_I,AREA_12_I,AREA_99_I,FIRST_CONTACT_POINT,CMV_ID,USDOT_NO,CCMC_NO,ILCC_NO,COMMERCIAL_SRC,GVWR,CARRIER_NAME,CARRIER_STATE,CARRIER_CITY,HAZMAT_PLACARDS_I,HAZMAT_NAME,UN_NO,HAZMAT_PRESENT_I,HAZMAT_REPORT_I,HAZMAT_REPORT_NO,MCS_REPORT_I,MCS_REPORT_NO,HAZMAT_VIO_CAUSE_CRASH_I,MCS_VIO_CAUSE_CRASH_I,IDOT_PERMIT_NO,WIDE_LOAD_I,TRAILER1_WIDTH,TRAILER2_WIDTH,TRAILER1_LENGTH,TRAILER2_LENGTH,TOTAL_VEHICLE_LENGTH,AXLE_CNT,VEHICLE_CONFIG,CARGO_BODY_TYPE,LOAD_TYPE,HAZMAT_OUT_OF_SERVICE_I,MCS_OUT_OF_SERVICE_I,HAZMAT_CLASS
2131910,503ab36d6dcc3a00c4fd1fb25d560407ed45cb59991a16c1fc1a43c82ff1c8c0b4b30c5e135b9023a6ab224b00a8f47d42f35c84a5287d5afbb5461da3ef308e,08/13/2025 03:30:00 PM,2,PARKED,,2032292,,MERCEDES-BENZ,GLE,IL,2025,UNKNOWN,SPORT UTILITY VEHICLE (SUV),PERSONAL,N,PARKED,,,0,,,,,,,,,,,,,,,,Y,,FRONT,,,,,,,,,,,,,,,,,,,,,,,,,,,,,,,,,
2127824,66fec5e5451a735edba3d9ec8be8b0d4428e42fd6c2ed47a1ec9f813fa706e282ac3f37c5da2e113fe401edd347bf0962079bb14342d645566d0d277da8e409c,08/13/2025 03:30:00 PM,1,DRIVER,,2028468,,CHRYSLER,OTHER (EXPLAIN IN NARRATIVE),IL,2008,NONE,PASSENGER,PERSONAL,S,OTHER,,,1,,,,,Y,Y,Y,Y,Y,,,,,,,,,SIDE-RIGHT,,,,,,,,,,,,,,,,,,,,,,,,,,,,,,,,,
2127825,66fec5e5451a735edba3d9ec8be8b0d4428e42fd6c2ed47a1ec9f813fa706e282ac3f37c5da2e113fe401edd347bf0962079bb14342d645566d0d277da8e409c,08/13/2025 03:30:00 PM,2,PARKED,1,2028470,,CHEVROLET,MALIBU,IL,2024,NONE,PASSENGER,PERSONAL,S,PARKED,,,1,,,,,,,,,,,Y,Y,Y,Y,Y,,,SIDE-LEFT,,,,,,,,,,,,,,,,,,,,,,,,,,,,,,,,,
2127856,96de06e57e68a0561bd025c21b7db2db2a7af57bc01c04af916cbe0e000f757977c3cd943c5cac31237abde00c06d3efaabf75389b60ca7649c224760fd9e37b,08/13/2025 03:30:00 PM,1,DRIVER,,2028478,,BUICK,ENCORE,IL,2019,NONE,PASSENGER,PERSONAL,W,STRAIGHT AHEAD,,,1,,,,,,,,,,,,,,,N,Y,,FRONT,,,,,,,,,,,,,,,,,,,,,,,,,,,,,,,,,
2127857,96de06e57e68a0561bd025c21b7db2db2a7af57bc01c04af916cbe0e000f757977c3cd943c5cac31237abde00c06d3efaabf75389b60ca7649c224760fd9e37b,08/13/2025 03:30:00 PM,2,DRIVER,,2028485,,DODGE,GRAND CARAVAN,IL,2014,NONE,PASSENGER,PERSONAL,N,STRAIGHT AHEAD,Y,,1,,,,,,,Y,Y,Y,,,,,,,,,SIDE-RIGHT-REAR,,,,,,,,,,,,,,,,,,,,,,,,,,,,,,,,,
2127826,e4170c9d23ff9ebdba28026b20cd7f5174c0831b7151df86a567f35d552af007e0839501b8144a9f7b5b798d4c17b074a909a2172c8326360f83afced01d6139,08/13/2025 03:30:00 PM,1,DRIVER,,2028447,,UNKNOWN,ENCLOSED BODY,IL,,NONE,PASSENGER,UNKNOWN/NA,S,STRAIGHT AHEAD,,,1,,,,,,,,Y,Y,,,,,,,,,REAR-RIGHT-CORNER,,,,,,,,,,,,,,,,,,,,,,,,,,,,,,,,,
2127827,e4170c9d23ff9ebdba28026b20cd7f5174c0831b7151df86a567f35d552af007e0839501b8144a9f7b5b798d4c17b074a909a2172c8326360f83afced01d6139,08/13/2025 03:30:00 PM,2,DRIVER,,2028453,,HYUNDAI,TUCSON,IL,2021,NONE,SPORT UTILITY VEHICLE (SUV),PERSONAL,E,STRAIGHT AHEAD,,,1,,,,,Y,,,,,,,,,,Y,Y,,FRONT,,,,,,,,,,,,,,,,,,,,,,,,,,,,,,,,,
2127863,350cd357cacd3c1593d139b828796a7f118f2f85ac5f8094a0bcd308df4ecba4cc6929c1de5eabf919d222d7f37a25799a3db081aa330732b1514ddfb26c04c1,08/13/2025 03:20:00 PM,1,DRIVER,,2028487,,UNKNOWN,OTHER (EXPLAIN IN NARRATIVE),,,UNKNOWN,UNKNOWN/NA,UNKNOWN/NA,W,STRAIGHT AHEAD,,,1,,,,,N,N,N,N,N,,,,,,,,Y,UNKNOWN,,,,,,,,,,,,,,,,,,,,,,,,,,,,,,,,,
2127864,350cd357cacd3c1593d139b828796a7f118f2f85ac5f8094a0bcd308df4ecba4cc6929c1de5eabf919d222d7f37a25799a3db081aa330732b1514ddfb26c04c1,08/13/2025 03:20:00 PM,2,PARKED,,2028489,,HONDA,CR-V,IL,2024,UNKNOWN,SPORT UTILITY VEHICLE (SUV),NOT IN USE,W,PARKED,,,0,,,,,,,,,,,,,Y,Y,,,,SIDE-LEFT,,,,,,,,,,,,,,,,,,,,,,,,,,,,,,,,,
2128343,430d39923448e5e8e856bce48d828171170aba9fb011d72e7eb2322bda42f23215cb44d51a1c7f5554d1174152e1a0a3353f56bb0d3b0b53799ff48837738fe0,08/13/2025 03:16:00 PM,1,DRIVER,,2028937,,UNKNOWN,OTHER (EXPLAIN IN NARRATIVE),,,NONE,PASSENGER,UNKNOWN/NA,E,PASSING/OVERTAKING,,,1,,,,,Y,,,,,,,,,,N,,,FRONT-RIGHT-CORNER,,,,,,,,,,,,,,,,,,,,,,,,,,,,,,,,,
2128344,430d39923448e5e8e856bce48d828171170aba9fb011d72e7eb2322bda42f23215cb44d51a1c7f5554d1174152e1a0a3353f56bb0d3b0b53799ff48837738fe0,08/13/2025 03:16:00 PM,2,DRIVER,2,2028940,,DODGE,DURANGO,IL,2017,NONE,SPORT UTILITY VEHICLE (SUV),PERSONAL,N,TURNING LEFT,,,3,,,,,,,,,,,,,,,Y,,,FRONT-LEFT-CORNER,,,,,,,,,,,,,,,,,,,,,,,,,,,,,,,,,
2127830,5df53fed78f2a7354417ff100b7c07e169eede467506809be9b2ca4c9cae1a166564e4dac6428bdec4e8c4c388aba76a64c9b56cfeba02db23afb25891d52c6a,08/13/2025 03:16:00 PM,1,DRIVER,,2028492,,CHEVROLET,AVEO,IL,2010,UNKNOWN,PASSENGER,UNKNOWN/NA,N,TURNING RIGHT,,,1,,,,,Y,Y,,,,,,,,,,,,FRONT-RIGHT-CORNER,,,,,,,,,,,,,,,,,,,,,,,,,,,,,,,,,
2127831,5df53fed78f2a7354417ff100b7c07e169eede467506809be9b2ca4c9cae1a166564e4dac6428bdec4e8c4c388aba76a64c9b56cfeba02db23afb25891d52c6a,08/13/2025 03:16:00 PM,2,DRIVER,,2028484,,TOYOTA,86,IL,2012,UNKNOWN,PASSENGER,UNKNOWN/NA,N,STRAIGHT AHEAD,,,1,,,,,,,,,,,,,,Y,Y,,,FRONT-LEFT-CORNER,,,,,,,,,,,,,,,,,,,,,,,,,,,,,,,,,
2127838,ad7282d97d096ab5ac10742cad3c6f0f958d53c90114dedc6f85b50774133a6583df3db13eb81e49e921497ddbac07a7617c267f436d2a95bec27a1a401c8c98,08/13/2025 03:10:00 PM,1,DRIVER,,2028459,,UNKNOWN,OTHER (EXPLAIN IN NARRATIVE),,,UNKNOWN,PASSENGER,PERSONAL,N,TURNING LEFT,,,1,,,,,,,Y,Y,Y,,,,,,,,,REAR-RIGHT-CORNER,,,,,,,,,,,,,,,,,,,,,,,,,,,,,,,,,
2127839,ad7282d97d096ab5ac10742cad3c6f0f958d53c90114dedc6f85b50774133a6583df3db13eb81e49e921497ddbac07a7617c267f436d2a95bec27a1a401c8c98,08/13/2025 03:10:00 PM,2,DRIVER,,2028463,,TOYOTA,CAMRY,MI,2025,NONE,PASSENGER,OTHER,S,STRAIGHT AHEAD,,,1,,,,,,,,,,,,,,,Y,Y,,FRONT,,,,,,,,,,,,,,,,,,,,,,,,,,,,,,,,,
2130440,c375841931b31fb00d517ae0d81c86487861fd86b7ad842c0dbd630f39ff04f7fa5208783fdafc1dab5bf84b3a4440fc25c5a807239f744c9eebc7807f13c7ff,08/13/2025 03:08:00 PM,1,DRIVER,,2030912,,KIA,FORTE,IL,2016,UNKNOWN,PASSENGER,UNKNOWN/NA,S,TURNING RIGHT,,,1,,,,,,,,,,,,,,,Y,,,FRONT-LEFT-CORNER,,,,,,,,,,,,,,,,,,,,,,,,,,,,,,,,,
2130441,c375841931b31fb00d517ae0d81c86487861fd86b7ad842c0dbd630f39ff04f7fa5208783fdafc1dab5bf84b3a4440fc25c5a807239f744c9eebc7807f13c7ff,08/13/2025 03:08:00 PM,2,DRIVER,3,2030913,,JEEP,PATRIOT,IL,2016,NONE,SPORT UTILITY VEHICLE (SUV),PERSONAL,W,STRAIGHT AHEAD,,,4,,,,,,,,Y,Y,,,,,,,,,SIDE-RIGHT,,,,,,,,,,,,,,,,,,,,,,,,,,,,,,,,,
2127907,475e5719b3ea862a0ef5bd252269a541ee70b15af432eb9309fb1e07c32c73f67c9902e24ca7100adb2e861ccb1fb5a2ba8512bdbe073d8988b24166be49b6d7,08/13/2025 03:05:00 PM,1,DRIVER,,2028548,,FORD,ESCAPE,IL,2016,NONE,PASSENGER,PERSONAL,E,AVOIDING VEHICLES/OBJECTS,,,1,,,,,,,,,,,,,,,,Y,,FRONT,,,,,,,,,,,,,,,,,,,,,,,,,,,,,,,,,
2127908,475e5719b3ea862a0ef5bd252269a541ee70b15af432eb9309fb1e07c32c73f67c9902e24ca7100adb2e861ccb1fb5a2ba8512bdbe073d8988b24166be49b6d7,08/13/2025 03:05:00 PM,2,PEDESTRIAN,,,,,,,,,,,,,,,,,,,,,,,,,,,,,,,,,,,,,,,,,,,,,,,,,,,,,,,,,,,,,,,,,,
2127872,10762db6694cd48ca3a2421e6c5cc816dc81c5f38032e38a5c2c0cef48f59be50ad5acacc9146332c803f67fe99bda99c092df665dbe8c953e27f92214276594,08/13/2025 03:00:00 PM,1,DRIVER,2,2028494,,ACURA,ADX,IL,2024,UNKNOWN,PASSENGER,UNKNOWN/NA,E,STRAIGHT AHEAD,,,3,,,,N,,,,,,,,,,,,,Y,UNKNOWN,,,,,,,,,,,,,,,,,,,,,,,,,,,,,,,,,
2127873,10762db6694cd48ca3a2421e6c5cc816dc81c5f38032e38a5c2c0cef48f59be50ad5acacc9146332c803f67fe99bda99c092df665dbe8c953e27f92214276594,08/13/2025 03:00:00 PM,2,PEDESTRIAN,,,,,,,,,,,,,,,,,,,,,,,,,,,,,,,,,,,,,,,,,,,,,,,,,,,,,,,,,,,,,,,,,,
2129547,72bc0658e9f16223c3e8173141055e58e89c2e2239e44dd05f4dd54914bce72ab7dbb5149085c61e17b4a623838c3f4257d8492c2f5af4fa9aa4717d741fbd17,08/13/2025 03:00:00 PM,1,DRIVER,,2030087,,TESLA,MODEL 3,IL,2023,NONE,PASSENGER,PERSONAL,N,STRAIGHT AHEAD,,,1,,,,,,,,,,,,,,,,Y,,FRONT,,,,,,,,,,,,,,,,,,,,,,,,,,,,,,,,,
2128224,929fac6b7c7e3df8694b97758018fa93268c378900eb52196fbff9e334d1c8f1f70e477876ab71b8377935a28b5af304d6e3a78eab6fca067e443374cc951c76,08/13/2025 03:00:00 PM,1,BICYCLE,,,,,,,,,,,,,,,,,,,,,,,,,,,,,,,,,,,,,,,,,,,,,,,,,,,,,,,,,,,,,,,,,,
2128225,929fac6b7c7e3df8694b97758018fa93268c378900eb52196fbff9e334d1c8f1f70e477876ab71b8377935a28b5af304d6e3a78eab6fca067e443374cc951c76,08/13/2025 03:00:00 PM,2,DRIVER,,2028833,,CHEVROLET,C/K 1500,IL,2016,UNKNOWN,PICKUP,PERSONAL,S,TURNING RIGHT,,,1,,,,,Y,Y,,,,,,,,,,,,FRONT-RIGHT-CORNER,,,,,,,,,,,,,,,,,,,,,,,,,,,,,,,,,
2127918,cc4f19843ca50df7345281bc52c0466f2644baaf78f1540f0abc1f176c8b081bd80040a4571017972b2ade0e6fc06381a47e182ba665432d024c9ec089c53cb1,08/13/2025 03:00:00 PM,1,DRIVER,,2028530,,MASERATI,GHIBLI,IL,2020,UNKNOWN,PASSENGER,PERSONAL,E,STRAIGHT AHEAD,,,1,,,,,Y,,,,,,,,,,,,,REAR-RIGHT-CORNER,,,,,,,,,,,,,,,,,,,,,,,,,,,,,,,,,
2127919,cc4f19843ca50df7345281bc52c0466f2644baaf78f1540f0abc1f176c8b081bd80040a4571017972b2ade0e6fc06381a47e182ba665432d024c9ec089c53cb1,08/13/2025 03:00:00 PM,2,DRIVER,3,2028536,,HONDA,ODYSSEY,IL,2025,NONE,VAN/MINI-VAN,PERSONAL,E,STRAIGHT AHEAD,,,4,,,,,,,,,,Y,Y,,,,,,,REAR-LEFT-CORNER,,,,,,,,,,,,,,,,,,,,,,,,,,,,,,,,,
2127834,e9cc1119856c3c95119d8b626cf2fe93ba8fabf69b2bcba28dac462833fe23185e1ebbadf161f2755fea673b5136101602cb7ab9034c6da9decc5a5b50dfe360,08/13/2025 03:00:00 PM,1,DRIVER,1,2028456,,NISSAN,ROGUE,IL,2019,NONE,SPORT UTILITY VEHICLE (SUV),UNKNOWN/NA,N,TURNING LEFT,,,2,,,,Y,,,,,,,,,,,,,,FRONT,,,,,,,,,,,,,,,,,,,,,,,,,,,,,,,,,
2127835,e9cc1119856c3c95119d8b626cf2fe93ba8fabf69b2bcba28dac462833fe23185e1ebbadf161f2755fea673b5136101602cb7ab9034c6da9decc5a5b50dfe360,08/13/2025 03:00:00 PM,2,PEDESTRIAN,,,,,,,,,,,,,,,,,,,,,,,,,,,,,,,,,,,,,,,,,,,,,,,,,,,,,,,,,,,,,,,,,,
2127978,f0abb0a8a46f6c3eee747bce12707a1938fc83b3250561b6c6f77610c8a39ad10913b6460aa5f2025a124249bc52a2e65e8f3bde5ae153295710c7073924f28c,08/13/2025 03:00:00 PM,1,DRIVER,,2028588,,FORD,F150,IL,2008,UNKNOWN,PICKUP,PERSONAL,S,BACKING,,,1,,,,,,,,,,Y,,,,,,,,REAR,,,,,,,,,,,,,,,,,,,,,,,,,,,,,,,,,
2127979,f0abb0a8a46f6c3eee747bce12707a1938fc83b3250561b6c6f77610c8a39ad10913b6460aa5f2025a124249bc52a2e65e8f3bde5ae153295710c7073924f28c,08/13/2025 03:00:00 PM,2,PARKED,,2028591,,CHEVROLET,SILVERADO,IL,2010,UNKNOWN,PICKUP,PERSONAL,N,PARKED,,,0,,,,,,,,,N,Y,Y,,,,,,,REAR-LEFT-CORNER,,,,,,,,,,,,,,,,,,,,,,,,,,,,,,,,,
2127784,68f4c81defbc68af0d3c732edc8dd9f3229bbb53627ef5d6d7edf5f8ab210f5056df68b369754559d4826e72b2e3b48963ef8efc3bd3b19c7812409601ad16fc,08/13/2025 02:52:00 PM,1,DRIVER,,2028413,,NISSAN,ROGUE,IL,2016,UNKNOWN,PASSENGER,PERSONAL,E,STRAIGHT AHEAD,Y,,1,,CPD,Pound,,Y,,,,,,,,,,Y,Y,,FRONT,,,,,,,,,,,,,,,,,,,,,,,,,,,,,,,,,
2127785,68f4c81defbc68af0d3c732edc8dd9f3229bbb53627ef5d6d7edf5f8ab210f5056df68b369754559d4826e72b2e3b48963ef8efc3bd3b19c7812409601ad16fc,08/13/2025 02:52:00 PM,2,DRIVER,,2028418,,HONDA,MOTORCYCLE,IL,2016,UNKNOWN,PASSENGER,PERSONAL,N,STRAIGHT AHEAD,,,1,,,,,,Y,Y,,,,,,,,,,,SIDE-RIGHT,,,,,,,,,,,,,,,,,,,,,,,,,,,,,,,,,
2127844,37dfad505e0feba4e1025cf0136185625a2d7033f01422aa9f305f9bcd03f4d9811472095237df314f91c75f44e681cfbbd925c0126d5455b1fe8cade145cf07,08/13/2025 02:50:00 PM,1,DRIVER,,2028472,N,NOVA BUS,LFS,IL,2014,UNKNOWN,BUS OVER 15 PASS.,CTA,S,STRAIGHT AHEAD,,,1,,,,,,Y,,,,,,,,,,,,FRONT-RIGHT-CORNER,,,,,,,,,,,,,,,,,,,,,,,,,,,,,,,,,
2127845,37dfad505e0feba4e1025cf0136185625a2d7033f01422aa9f305f9bcd03f4d9811472095237df314f91c75f44e681cfbbd925c0126d5455b1fe8cade145cf07,08/13/2025 02:50:00 PM,2,PARKED,,2028474,Y,"MACK TRUCKS, INC.","MACK TRUCKS, INC.",IL,2004,UNKNOWN,OTHER,COMMERCIAL - SINGLE UNIT,S,PARKED,,,0,,,,,,,,,,,,,,Y,,,,FRONT-LEFT-CORNER,"21,989",1016520,,,DRIVER,3,DISPOSALL WASTE SERVICES LLC,IL,CICERO,,,,N,N,,N,,N,N,1016520,,,,,,,,"SINGLE UNIT TRUCK, 3 OR MORE AXLES",GARBAGE/REFUSE,OTHER,N,N,MISCELLANEOUS
2127770,35edc478bbc8677a5cf66ec7e8fe22b909f603172c08a1ecec7731e0130a1702a0fbe853a1fe0754d66518796a41f4075b9580d8bbdcc00f1cadd07b4310348f,08/13/2025 02:45:00 PM,1,DRIVER,,2028395,,FORD,EDGE,IL,2016,UNKNOWN,SPORT UTILITY VEHICLE (SUV),PERSONAL,N,STRAIGHT AHEAD,N,,1,,,,,Y,,,,,,,,,,Y,Y,,FRONT,,,,,,,,,,,,,,,,,,,,,,,,,,,,,,,,,
2127771,35edc478bbc8677a5cf66ec7e8fe22b909f603172c08a1ecec7731e0130a1702a0fbe853a1fe0754d66518796a41f4075b9580d8bbdcc00f1cadd07b4310348f,08/13/2025 02:45:00 PM,2,DRIVER,1,2028404,,TOYOTA,AVALON,IL,2014,UNKNOWN,PASSENGER,PERSONAL,E,STRAIGHT AHEAD,Y,,2,,PRIVATE TOW,,,,Y,Y,Y,,,,,,,Y,,,SIDE-RIGHT,,,,,,,,,,,,,,,,,,,,,,,,,,,,,,,,,
2127764,4492703b6ffee207b0b1067ed99787be7f206ae1f62f0ec6a2d0194fae294ca2c2303db72997d54e22657a4d68a4a7c4d9d3ce9a9392d4852e30e1d5a77cc194,08/13/2025 02:40:00 PM,1,DRIVER,,2028397,,JEEP,CHEROKEE,IL,2018,UNKNOWN,SPORT UTILITY VEHICLE (SUV),UNKNOWN/NA,UNKNOWN,BACKING,,,1,,,,,,,,,,,,,,,,,,REAR,,,,,,,,,,,,,,,,,,,,,,,,,,,,,,,,,
2127765,4492703b6ffee207b0b1067ed99787be7f206ae1f62f0ec6a2d0194fae294ca2c2303db72997d54e22657a4d68a4a7c4d9d3ce9a9392d4852e30e1d5a77cc194,08/13/2025 02:40:00 PM,2,DRIVER,,2028402,,JEEP,PATRIOT,IL,2012,UNKNOWN,SPORT UTILITY VEHICLE (SUV),UNKNOWN/NA,UNKNOWN,STARTING IN TRAFFIC,,,1,,,,,,,,,,,,,,,,,,SIDE-RIGHT-REAR,,,,,,,,,,,,,,,,,,,,,,,,,,,,,,,,,
2128563,489b9a4cd0dcd2cdc765ca273122cd27cbf755c8c289b30bc9fa9d0a8bca61e24829ab14135562d8ab7abafa1ba3c2bd45b833f90ea12baf5a8a9fd279b891b2,08/13/2025 02:30:00 PM,1,PEDESTRIAN,,,,,,,,,,,,,,,,,,,,,,,,,,,,,,,,,,,,,,,,,,,,,,,,,,,,,,,,,,,,,,,,,,
2128564,489b9a4cd0dcd2cdc765ca273122cd27cbf755c8c289b30bc9fa9d0a8bca61e24829ab14135562d8ab7abafa1ba3c2bd45b833f90ea12baf5a8a9fd279b891b2,08/13/2025 02:30:00 PM,2,DRIVER,1,2029156,,TOYOTA,OTHER (EXPLAIN IN NARRATIVE),IL,2011,NONE,PASSENGER,PERSONAL,W,SLOW/STOP IN TRAFFIC,,,2,,,,,,,,,,,,,,,,Y,,FRONT,,,,,,,,,,,,,,,,,,,,,,,,,,,,,,,,,
2127750,645d9401bb3409d8de8846aadbbfd43f21af815c9a9ecffe42ed7cd48266e5e7add1b6e1607c453235b0109ddb1229f3c069beddcfa06f441f19cc66173be4d2,08/13/2025 02:25:00 PM,2,DRIVER,,2028385,,TOYOTA,HIGHLANDER,IL,2020,NONE,PASSENGER,PERSONAL,E,STRAIGHT AHEAD,,,1,,,,,Y,Y,,,,,,,,,,,,TOTAL (ALL AREAS),,,,,,,,,,,,,,,,,,,,,,,,,,,,,,,,,
2127751,645d9401bb3409d8de8846aadbbfd43f21af815c9a9ecffe42ed7cd48266e5e7add1b6e1607c453235b0109ddb1229f3c069beddcfa06f441f19cc66173be4d2,08/13/2025 02:25:00 PM,1,BICYCLE,,,,,,,,,,,,,,,,,,,,,,,,,,,,,,,,,,,,,,,,,,,,,,,,,,,,,,,,,,,,,,,,,,
2127746,e523abdf9201d82532acbfbf1a97821e70a2a2744391077ffff5f6fe143cf475bf8bfc5a3ed6f928519aa13c0a9b7f8071a06d303909baa1ecf97755cdbba567,08/13/2025 02:15:00 PM,1,DRIVER,,2028373,,JEEP,CHEROKEE,MI,2007,UNKNOWN,PASSENGER,PERSONAL,W,TURNING RIGHT,,,1,,,,,Y,,,,,,,,,,N,,,FRONT-RIGHT-CORNER,,,,,,,,,,,,,,,,,,,,,,,,,,,,,,,,,
2127747,e523abdf9201d82532acbfbf1a97821e70a2a2744391077ffff5f6fe143cf475bf8bfc5a3ed6f928519aa13c0a9b7f8071a06d303909baa1ecf97755cdbba567,08/13/2025 02:15:00 PM,2,DRIVER,,2028381,,TOYOTA,CAMRY,IL,2016,UNKNOWN,PASSENGER,PERSONAL,W,TURNING RIGHT,,,1,,,,,,,,,,,,,,,Y,,,FRONT-LEFT-CORNER,,,,,,,,,,,,,,,,,,,,,,,,,,,,,,,,,
2127852,871e8e57e52e274d1f75fd7687c1cb26d306997c4385237350d6fb23b7094449bc1e6ea92e2db2aa66acce4d00852afd2061575ff2e300a764f6cbeed0c86106,08/13/2025 02:11:00 PM,1,DRIVER,,2028483,,JEEP,CHEROKEE,IL,2013,UNKNOWN,UNKNOWN/NA,UNKNOWN/NA,E,UNKNOWN/NA,,,1,,,,,,,,,,,,,,,,,Y,UNKNOWN,,,,,,,,,,,,,,,,,,,,,,,,,,,,,,,,,
2127853,871e8e57e52e274d1f75fd7687c1cb26d306997c4385237350d6fb23b7094449bc1e6ea92e2db2aa66acce4d00852afd2061575ff2e300a764f6cbeed0c86106,08/13/2025 02:11:00 PM,2,DRIVER,,2028495,,HYUNDAI,OTHER (EXPLAIN IN NARRATIVE),IL,2022,UNKNOWN,UNKNOWN/NA,PERSONAL,E,STRAIGHT AHEAD,,,1,,,,,,,,Y,Y,,,,,,,,,REAR-RIGHT-CORNER,,,,,,,,,,,,,,,,,,,,,,,,,,,,,,,,,
2127778,63a7ead884f2f9b6601f3a26f5ef2f4c0b8a338f235ba4c040f4918bf341fb1fd2b705d7a69eb20a4cbb58e778127aa40afe1ab127739b3f5e30bff51f7a8534,08/13/2025 02:05:00 PM,1,DRIVER,,2028416,,CADILLAC,ESCALADE,IL,2004,UNKNOWN,UNKNOWN/NA,PERSONAL,N,STRAIGHT AHEAD,Y,,1,,owner,,,Y,,,,,,,,,,Y,Y,,FRONT,,,,,,,,,,,,,,,,,,,,,,,,,,,,,,,,,
2127779,63a7ead884f2f9b6601f3a26f5ef2f4c0b8a338f235ba4c040f4918bf341fb1fd2b705d7a69eb20a4cbb58e778127aa40afe1ab127739b3f5e30bff51f7a8534,08/13/2025 02:05:00 PM,2,DRIVER,,2028434,,CADILLAC,XT6,IN,2023,UNKNOWN,PASSENGER,PERSONAL,N,STRAIGHT AHEAD,,,1,,,,,,,,,Y,Y,Y,,,,,,,REAR,,,,,,,,,,,,,,,,,,,,,,,,,,,,,,,,,
2128191,707ea01a569956f5307c729ab92860e27ecce00e6218fc7218dd40416e18b25634863dce2e309877bbf4cd6b5e1de3a2b1a6140a26b70b0e3ae3f9780b33777d,08/13/2025 02:00:00 PM,1,DRIVER,,2028796,,UNKNOWN,OTHER (EXPLAIN IN NARRATIVE),,,NONE,PASSENGER,PERSONAL,NW,STRAIGHT AHEAD,,,1,,,,,Y,,,,,,,,,,Y,Y,,FRONT,,,,,,,,,,,,,,,,,,,,,,,,,,,,,,,,,
2128192,707ea01a569956f5307c729ab92860e27ecce00e6218fc7218dd40416e18b25634863dce2e309877bbf4cd6b5e1de3a2b1a6140a26b70b0e3ae3f9780b33777d,08/13/2025 02:00:00 PM,2,DRIVER,1,2028803,,MAZDA,OTHER (EXPLAIN IN NARRATIVE),IL,2025,NONE,PASSENGER,PERSONAL,NW,SLOW/STOP IN TRAFFIC,,,2,,,,,,,,,Y,Y,Y,,,,,,,REAR,,,,,,,,,,,,,,,,,,,,,,,,,,,,,,,,,
2127780,71d72217831b64c869002dd5a6c27271e1779e2093d122ac9262b21041f9bad8cce33643491c6741db742322cf99e15f1cead615ba3895d3860257c3363ef965,08/13/2025 02:00:00 PM,1,DRIVER,,2028406,,UNKNOWN,MOTORIZED,,,NONE,PASSENGER,UNKNOWN/NA,UNKNOWN,BACKING,,,1,,,,,,,,,,Y,,,,,,,,REAR,,,,,,,,,,,,,,,,,,,,,,,,,,,,,,,,,
2127781,71d72217831b64c869002dd5a6c27271e1779e2093d122ac9262b21041f9bad8cce33643491c6741db742322cf99e15f1cead615ba3895d3860257c3363ef965,08/13/2025 02:00:00 PM,2,DRIVER,,2028412,,TOYOTA,COROLLA,IL,2017,NONE,PASSENGER,PERSONAL,N,STRAIGHT AHEAD,,,1,,,,,,,Y,,,,,,,,,,,SIDE-RIGHT,,,,,,,,,,,,,,,,,,,,,,,,,,,,,,,,,
2127816,d9e7cb30443dcb76c3f0711cf66b706564443caeff54d6f553284e82cd0afe3d7691a0db7e31bc5c4105f96b21887059a040d180308438538d26a850c2148fc9,08/13/2025 02:00:00 PM,1,DRIVER,,2028441,,CHEVROLET,OTHER (EXPLAIN IN NARRATIVE),IL,2014,NONE,PASSENGER,PERSONAL,SE,TURNING RIGHT,,,1,,,,,Y,,,,,,,,,,,,,FRONT-RIGHT-CORNER,,,,,,,,,,,,,,,,,,,,,,,,,,,,,,,,,
2127817,d9e7cb30443dcb76c3f0711cf66b706564443caeff54d6f553284e82cd0afe3d7691a0db7e31bc5c4105f96b21887059a040d180308438538d26a850c2148fc9,08/13/2025 02:00:00 PM,2,DRIVER,,2028445,,NISSAN,ALTIMA,IL,2013,NONE,PASSENGER,PERSONAL,SE,TURNING RIGHT,,,1,,,,,,,,,,,,Y,,,,,,SIDE-LEFT-REAR,,,,,,,,,,,,,,,,,,,,,,,,,,,,,,,,,