CRASH_UNIT_ID,CRASH_RECORD_ID,CRASH_DATE,UNIT_NO,UNIT_TYPE,NUM_PASSENGERS,VEHICLE_ID,CMRC_VEH_I,MAKE,MODEL,LIC_PLATE_STATE,VEHICLE_YEAR,VEHICLE_DEFECT,VEHICLE_TYPE,VEHICLE_USE,TRAVEL_DIRECTION,MANEUVER,TOWED_I,FIRE_I,OCCUPANT_CNT,EXCEED_SPEED_LIMIT_I,TOWED_BY,TOWED_TO,AREA_00_I,AREA_01_I,AREA_02_I,AREA_03_I,AREA_04_I,AREA_05_I,AREA_06_I,AREA_07_I,AREA_08_I,AREA_09_I,AREA_10_I,AREA_11_I,AREA_12_I,AREA_99_I,FIRST_CONTACT_POINT,CMV_ID,USDOT_NO,CCMC_NO,ILCC_NO,COMMERCIAL_SRC,GVWR,CARRIER_NAME,CARRIER_STATE,CARRIER_CITY,HAZMAT_PLACARDS_I,HAZMAT_NAME,UN_NO,HAZMAT_PRESENT_I,HAZMAT_REPORT_I,HAZMAT_REPORT_NO,MCS_REPORT_I,MCS_REPORT_NO,HAZMAT_VIO_CAUSE_CRASH_I,MCS_VIO_CAUSE_CRASH_I,IDOT_PERMIT_NO,WIDE_LOAD_I,TRAILER1_WIDTH,TRAILER2_WIDTH,TRAILER1_LENGTH,TRAILER2_LENGTH,TOTAL_VEHICLE_LENGTH,AXLE_CNT,VEHICLE_CONFIG,CARGO_BODY_TYPE,LOAD_TYPE,HAZMAT_OUT_OF_SERVICE_I,MCS_OUT_OF_SERVICE_I,HAZMAT_CLASS
2128356,dffb66e790ac7d3c7774ac75afbd9968f3288071fbd00491e62dda98bfc7ea1212537ac4191016f3ecdbae20569118382a4a581ac2f6b898812578ab61d4908f,08/13/2025 02:00:00 PM,1,DRIVER,,2028955,,UNKNOWN,OTHER (EXPLAIN IN NARRATIVE),IL,,UNKNOWN,UNKNOWN/NA,UNKNOWN/NA,UNKNOWN,STRAIGHT AHEAD,,,1,,,,,,,,,,,,,,,,,,UNKNOWN,,,,,,,,,,,,,,,,,,,,,,,,,,,,,,,,,
2128357,dffb66e790ac7d3c7774ac75afbd9968f3288071fbd00491e62dda98bfc7ea1212537ac4191016f3ecdbae20569118382a4a581ac2f6b898812578ab61d4908f,08/13/2025 02:00:00 PM,2,PARKED,,2028954,,NISSAN,ROGUE,IL,2020,UNKNOWN,PASSENGER,PERSONAL,UNKNOWN,PARKED,,,0,,,,,,,,,,,,,Y,Y,,,,SIDE-LEFT,,,,,,,,,,,,,,,,,,,,,,,,,,,,,,,,,
2127699,d0ca333999e3cead66547bdf6d1369d718f5eb3fe8c05ba34a295587a1e8e51ff04224666828996bc57e9a66dccf6a1bbc970e893eef985456567a47590b9497,08/13/2025 01:55:00 PM,1,DRIVER,,2028341,,NISSAN,MURANO,IL,2014,NONE,SPORT UTILITY VEHICLE (SUV),PERSONAL,E,TURNING RIGHT,,,1,,,,,,,,,,,,,,,Y,Y,,FRONT-LEFT-CORNER,,,,,,,,,,,,,,,,,,,,,,,,,,,,,,,,,
2127700,d0ca333999e3cead66547bdf6d1369d718f5eb3fe8c05ba34a295587a1e8e51ff04224666828996bc57e9a66dccf6a1bbc970e893eef985456567a47590b9497,08/13/2025 01:55:00 PM,2,DRIVER,1,2028345,,HONDA,PILOT,IL,2026,NONE,SPORT UTILITY VEHICLE (SUV),PERSONAL,S,STRAIGHT AHEAD,,,2,,,,,Y,,,,,,,,,,,,,FRONT-RIGHT-CORNER,,,,,,,,,,,,,,,,,,,,,,,,,,,,,,,,,
2127768,2a7c6b522d56a3dfdace3343da6bb30759b98695c3a6b07dba721d73332d869af6a660a98146411a755293478a8f6de5e4cc9df297ad77ee84ee805a7e3ea904,08/13/2025 01:53:00 PM,1,DRIVER,,2028399,,INTERNATIONAL HARVESTER COMPANY,OTHER (EXPLAIN IN NARRATIVE),IN,2020,NONE,TRUCK - SINGLE UNIT,OTHER,N,OTHER,,,1,,,,Y,,,,,,,,,,,,,,SIDE-RIGHT,,,,,,,,,,,,,,,,,,,,,,,,,,,,,,,,,
2127769,2a7c6b522d56a3dfdace3343da6bb30759b98695c3a6b07dba721d73332d869af6a660a98146411a755293478a8f6de5e4cc9df297ad77ee84ee805a7e3ea904,08/13/2025 01:53:00 PM,2,DRIVER,1,2028405,,HONDA,CIVIC,IA,2009,NONE,PASSENGER,PERSONAL,N,OTHER,,,2,,,,,,,,,,,Y,Y,Y,Y,,,,SIDE-LEFT-REAR,,,,,,,,,,,,,,,,,,,,,,,,,,,,,,,,,
2127724,167f11b3c05705eb1728753320773d6c9369ec24fa9c8090d58456973ff65971cc65973755a262018781c3bb4fdf3d5c8288fb4704dcc22590ddc96cd0617b9b,08/13/2025 01:45:00 PM,1,DRIVER,,2028362,,FORD,ECONOLINE E150,IL,2013,UNKNOWN,VAN/MINI-VAN,PERSONAL,S,STRAIGHT AHEAD,,,1,,,,,Y,,,,,,,,,,Y,Y,,FRONT,,,,,,,,,,,,,,,,,,,,,,,,,,,,,,,,,
2127725,167f11b3c05705eb1728753320773d6c9369ec24fa9c8090d58456973ff65971cc65973755a262018781c3bb4fdf3d5c8288fb4704dcc22590ddc96cd0617b9b,08/13/2025 01:45:00 PM,2,DRIVER,,2028374,,VOLKSWAGEN,OTHER (EXPLAIN IN NARRATIVE),IL,2022,NONE,PASSENGER,PERSONAL,E,STRAIGHT AHEAD,,,1,,,,,,,,,,,,,,Y,Y,Y,,FRONT-LEFT-CORNER,,,,,,,,,,,,,,,,,,,,,,,,,,,,,,,,,
2128115,7f0a03401ab58b1bdac9d5405e90472916849428b95d78cdf03c6e6a4103d6277b9aa92efa204884ac93e9c54304c8763f3e949c005fec8c80623d52ae7d8591,08/13/2025 01:40:00 PM,2,DRIVER,,2029352,,CHRYSLER,PACIFICA,IN,2025,NONE,PASSENGER,PERSONAL,N,TURNING RIGHT,,,1,,,,,,,,,Y,,,,,,,,,SIDE-RIGHT-REAR,,,,,,,,,,,,,,,,,,,,,,,,,,,,,,,,,
2128116,7f0a03401ab58b1bdac9d5405e90472916849428b95d78cdf03c6e6a4103d6277b9aa92efa204884ac93e9c54304c8763f3e949c005fec8c80623d52ae7d8591,08/13/2025 01:40:00 PM,1,DRIVER,,2030041,,DODGE,JOURNEY,IL,2003,NONE,PASSENGER,PERSONAL,N,TURNING RIGHT,,,1,,,,,,,,,,,,,,,Y,,,SIDE-LEFT-FRONT,,,,,,,,,,,,,,,,,,,,,,,,,,,,,,,,,
2127732,812df73420afb386eb1e60f2b55c5e414cd7bdc94fe118afbcd3d893ab27dacb69224921af18cff08ea3d7804a94762c0884b0865a4cb859446c93cf56f49aa2,08/13/2025 01:40:00 PM,1,DRIVER,,2028369,,VOLKSWAGEN,OTHER (EXPLAIN IN NARRATIVE),IL,2022,NONE,SPORT UTILITY VEHICLE (SUV),PERSONAL,N,STRAIGHT AHEAD,,,1,,,,,,,,,,,,,,,,Y,,FRONT-LEFT-CORNER,,,,,,,,,,,,,,,,,,,,,,,,,,,,,,,,,
2127733,812df73420afb386eb1e60f2b55c5e414cd7bdc94fe118afbcd3d893ab27dacb69224921af18cff08ea3d7804a94762c0884b0865a4cb859446c93cf56f49aa2,08/13/2025 01:40:00 PM,2,DRIVER,,2028386,,FORD,E-TRANSIT,IL,2013,NONE,VAN/MINI-VAN,OTHER,E,STRAIGHT AHEAD,,,1,,,,,,,Y,,,,,,,,,,,SIDE-RIGHT,,,,,,,,,,,,,,,,,,,,,,,,,,,,,,,,,
2127710,0d8086033c1c8fc3d5fb91a468e7efeaa8bb933205b243adec789544d4df5705ab9ac2bdf51492d26986c39d1cfa3ecb31584638367661de2228d976065ffeac,08/13/2025 01:30:00 PM,1,DRIVER,,2028342,,HONDA,PILOT,,2015,NONE,PASSENGER,PERSONAL,E,STRAIGHT AHEAD,,,1,,,,,Y,,,,,,,,,,,,,FRONT-RIGHT-CORNER,,,,,,,,,,,,,,,,,,,,,,,,,,,,,,,,,
2127711,0d8086033c1c8fc3d5fb91a468e7efeaa8bb933205b243adec789544d4df5705ab9ac2bdf51492d26986c39d1cfa3ecb31584638367661de2228d976065ffeac,08/13/2025 01:30:00 PM,2,DRIVER,,2028351,,NISSAN,ROGUE,MA,,NONE,PASSENGER,PERSONAL,E,STRAIGHT AHEAD,,,1,,,,,,,,,,,Y,,,,,,,REAR-LEFT-CORNER,,,,,,,,,,,,,,,,,,,,,,,,,,,,,,,,,
2127726,38593c690e4e7cb2a14e2e7fcc269a85eae3f64656f365c8ebd65a9dcabc8a779ee4f8b91b3ceb96989c460aa56a085c55c58346cd1feac516cbb811828110c9,08/13/2025 01:30:00 PM,1,DRIVER,,2028353,,FREIGHTLINER CORPORATION,FREIGHTLINER CORP.,IL,2020,UNKNOWN,TRACTOR W/ SEMI-TRAILER,COMMERCIAL - MULTI-UNIT,NW,TURNING RIGHT,,,1,,,,Y,,,,,N,,,,,,,,,REAR-RIGHT-CORNER,,,,,,,,,,,,,,,,,,,,,,,,,,,,,,,,,
2127727,38593c690e4e7cb2a14e2e7fcc269a85eae3f64656f365c8ebd65a9dcabc8a779ee4f8b91b3ceb96989c460aa56a085c55c58346cd1feac516cbb811828110c9,08/13/2025 01:30:00 PM,2,DRIVER,,2028359,,CHEVROLET,SILVERADO,IL,2021,UNKNOWN,PICKUP,PERSONAL,NW,TURNING RIGHT,,,1,,,,,Y,,,,,,,,,Y,Y,Y,,FRONT-LEFT-CORNER,,,,,,,,,,,,,,,,,,,,,,,,,,,,,,,,,
2130255,39e443ca5d9e4520e2e1fc5a2081cd1f31bc63983abff3717cc62e775334ebb06c0a939b402f19affba11af3d6d386a52e34386909bcc5ef8f1973507407abe9,08/13/2025 01:30:00 PM,1,DRIVER,,2030751,,EAST SE TRAILER,EAST SE TRAILER,OK,2016,UNKNOWN,OTHER,UNKNOWN/NA,W,BACKING,,,1,,,,,,,,,,,Y,Y,Y,,,,Y,REAR-LEFT-CORNER,,,,,,,,,,,,,,,,,,,,,,,,,,,,,,,,,
2130256,39e443ca5d9e4520e2e1fc5a2081cd1f31bc63983abff3717cc62e775334ebb06c0a939b402f19affba11af3d6d386a52e34386909bcc5ef8f1973507407abe9,08/13/2025 01:30:00 PM,2,PARKED,,2030752,,FORD,VAN,IL,2018,NONE,VAN/MINI-VAN,CONSTRUCTION/MAINTENANCE,E,PARKED,,,0,,,,,Y,Y,Y,Y,Y,,,,,,,,Y,FRONT-RIGHT-CORNER,,,,,,,,,,,,,,,,,,,,,,,,,,,,,,,,,
2127705,a8eaf871e825ad8c7be2314302f09d2e84d51c6e230ecfa680c2732de4b0b6f4407af27ca9749acf9e6bdd50528d9a4b4804bac60dabfeb69e4a1d470dce1f7e,08/13/2025 01:30:00 PM,1,DRIVER,,2028332,,DODGE,RAM 1500 VAN,IL,2019,UNKNOWN,VAN/MINI-VAN,OTHER,N,BACKING,,,1,,,,Y,,,,,,,,,,,,,,SIDE-LEFT-FRONT,,,,,,,,,,,,,,,,,,,,,,,,,,,,,,,,,
2127706,a8eaf871e825ad8c7be2314302f09d2e84d51c6e230ecfa680c2732de4b0b6f4407af27ca9749acf9e6bdd50528d9a4b4804bac60dabfeb69e4a1d470dce1f7e,08/13/2025 01:30:00 PM,2,PARKED,1,2028347,,SUBARU,FORESTER,IL,2012,UNKNOWN,SPORT UTILITY VEHICLE (SUV),PERSONAL,N,PARKED,,,1,,,,,Y,,,,,,,,,,,,,FRONT-RIGHT-CORNER,,,,,,,,,,,,,,,,,,,,,,,,,,,,,,,,,
2127714,a9601dba1479856792b75590147b2b31082cf04c2b29fce80854f94086c431cfe89055412ff82df22ac249879d8984667ea59c518b776601b6e424d42b80a0ca,08/13/2025 01:17:00 PM,1,DRIVER,,2028354,,NISSAN,ROGUE,IL,2017,UNKNOWN,PASSENGER,UNKNOWN/NA,N,STRAIGHT AHEAD,,,1,,,,,Y,Y,,,,,,,,,,,,FRONT-RIGHT-CORNER,,,,,,,,,,,,,,,,,,,,,,,,,,,,,,,,,
2127715,a9601dba1479856792b75590147b2b31082cf04c2b29fce80854f94086c431cfe89055412ff82df22ac249879d8984667ea59c518b776601b6e424d42b80a0ca,08/13/2025 01:17:00 PM,2,DRIVER,,2028388,,NISSAN,ALTIMA,IL,2013,UNKNOWN,PASSENGER,UNKNOWN/NA,N,STRAIGHT AHEAD,,,1,,,,,,,,,,,Y,Y,,,,,,SIDE-LEFT-REAR,,,,,,,,,,,,,,,,,,,,,,,,,,,,,,,,,
2127695,0e0db9bafdeabee27b54fc3b3f5eb980674775e227dafaa8cd885794822d2d7b641e1b167a15c23705485d86d26febad9953532be02c53859eece05c637913ce,08/13/2025 01:15:00 PM,1,DRIVER,,2028319,,CHEVROLET,COLORADO,IL,2024,NONE,PASSENGER,PERSONAL,W,STRAIGHT AHEAD,,,1,,,,,Y,,,,,,,,,,Y,Y,,FRONT,,,,,,,,,,,,,,,,,,,,,,,,,,,,,,,,,
2127696,0e0db9bafdeabee27b54fc3b3f5eb980674775e227dafaa8cd885794822d2d7b641e1b167a15c23705485d86d26febad9953532be02c53859eece05c637913ce,08/13/2025 01:15:00 PM,2,DRIVER,,2028329,,LINCOLN,OTHER (EXPLAIN IN NARRATIVE),NV,2023,NONE,PASSENGER,PERSONAL,NW,TURNING LEFT,,,1,,,,,,,,,Y,Y,Y,,,,,,,REAR,,,,,,,,,,,,,,,,,,,,,,,,,,,,,,,,,
2127720,7403c3c1f3c1879dc888f2032916c4e15c64af6f5eaaffd4d0d105cac0245b6ba5d7cc65e3bf01c434061878b3a13924afc886545d5a6f4f0a6a2a4433d89625,08/13/2025 01:15:00 PM,1,DRIVER,4,2028350,,ACURA,ADX,IL,2013,NONE,PASSENGER,PERSONAL,W,STRAIGHT AHEAD,,,5,,,,,,,,,,,,,,Y,Y,,,SIDE-LEFT,,,,,,,,,,,,,,,,,,,,,,,,,,,,,,,,,
2127721,7403c3c1f3c1879dc888f2032916c4e15c64af6f5eaaffd4d0d105cac0245b6ba5d7cc65e3bf01c434061878b3a13924afc886545d5a6f4f0a6a2a4433d89625,08/13/2025 01:15:00 PM,2,DRIVER,,2028360,,NISSAN,PULSAR,IL,2021,NONE,PASSENGER,PERSONAL,W,TURNING LEFT,,,1,,,,,Y,Y,Y,,,,,,,,,,,SIDE-RIGHT,,,,,,,,,,,,,,,,,,,,,,,,,,,,,,,,,
2127748,99b114188689a8a55f32016d6f362660f2544f2702084131d9ae37e0eff6e06c616c88f006233fff22621a91041dd1372471a7e86aad844b95628f8882567713,08/13/2025 01:15:00 PM,1,DRIVER,,2028378,,TOYOTA,RAV4,IL,2017,NONE,PASSENGER,PERSONAL,E,TURNING RIGHT,,,1,,,,,Y,,,,,,,,,,Y,Y,,FRONT,,,,,,,,,,,,,,,,,,,,,,,,,,,,,,,,,
2127749,99b114188689a8a55f32016d6f362660f2544f2702084131d9ae37e0eff6e06c616c88f006233fff22621a91041dd1372471a7e86aad844b95628f8882567713,08/13/2025 01:15:00 PM,2,DRIVER,4,2028392,,NEW FLYER,OTHER (EXPLAIN IN NARRATIVE),IL,2006,NONE,BUS OVER 15 PASS.,CTA,S,STRAIGHT AHEAD,,,5,,,,,,,,,Y,,,,,,,,,REAR-RIGHT-CORNER,,,,,,,,,,,,,,,,,,,,,,,,,,,,,,,,,
2128207,313dac0704bc6653ecbbc873224dd04984c6c4e0ff310127433ef0362618cf82badfa9ff5d0065bf6c4f163d759036ea1d0214ae69475f0f7a52d65552e006e4,08/13/2025 01:10:00 PM,1,DRIVER,1,2028806,,FORD,EXPEDITION,IL,2024,NONE,PASSENGER,RIDESHARE SERVICE,W,SLOW/STOP IN TRAFFIC,,,2,,,,,,,,,,,,,,,,,,OTHER,,,,,,,,,,,,,,,,,,,,,,,,,,,,,,,,,
2128208,313dac0704bc6653ecbbc873224dd04984c6c4e0ff310127433ef0362618cf82badfa9ff5d0065bf6c4f163d759036ea1d0214ae69475f0f7a52d65552e006e4,08/13/2025 01:10:00 PM,2,BICYCLE,,,,,,,,,,,,,,,,,,,,,,,,,,,,,,,,,,,,,,,,,,,,,,,,,,,,,,,,,,,,,,,,,,
2127707,7c1e30428a189ffc54f8bd96dce083bb305c371ea75b00916b4dc65996cd1b02898be48b0c4a37719c00b69ec8f2be0a94f404d0b3307d17e662077b0f70df58,08/13/2025 01:10:00 PM,1,DRIVER,,2028336,,TOYOTA,PRIUS,IL,2013,NONE,PASSENGER,TAXI/FOR HIRE,S,STRAIGHT AHEAD,,,1,,,,,N,,,,,,,,,,,N,,FRONT,,,,,,,,,,,,,,,,,,,,,,,,,,,,,,,,,
2127722,7c1e30428a189ffc54f8bd96dce083bb305c371ea75b00916b4dc65996cd1b02898be48b0c4a37719c00b69ec8f2be0a94f404d0b3307d17e662077b0f70df58,08/13/2025 01:10:00 PM,2,PEDESTRIAN,,,,,,,,,,,,,,,,,,,,,,,,,,,,,,,,,,,,,,,,,,,,,,,,,,,,,,,,,,,,,,,,,,
2127974,f2e29032fd48d19cedb80587041d87dd0e5ee5e7e979e21925eec1d59b3f85bab27e27d25df93515d6a51ce9223bbf362d6da172c5839a1535d05a7e0a446e1b,08/13/2025 01:05:00 PM,1,DRIVER,,2028584,,DODGE,NEON,IL,2010,NONE,PASSENGER,PERSONAL,E,TURNING LEFT,,,1,,,,,,,,,,,,,,,Y,,,FRONT-LEFT-CORNER,,,,,,,,,,,,,,,,,,,,,,,,,,,,,,,,,
2127975,f2e29032fd48d19cedb80587041d87dd0e5ee5e7e979e21925eec1d59b3f85bab27e27d25df93515d6a51ce9223bbf362d6da172c5839a1535d05a7e0a446e1b,08/13/2025 01:05:00 PM,2,PEDESTRIAN,,,,,,,,,,,,,,,,,,,,,,,,,,,,,,,,,,,,,,,,,,,,,,,,,,,,,,,,,,,,,,,,,,
2127760,2853025c299db2620d388cb54821fa0c9c162a4cc8ac23ff7bd91f04ca45bde6fbfc14f835e516f1a14d868c2d153f2c93eb1ed07f4c3c18b2939a56a5eb2821,08/13/2025 01:00:00 PM,2,DRIVER,1,2028387,,AUDI,A4,IL,2015,UNKNOWN,PASSENGER,PERSONAL,W,TURNING RIGHT,,,2,,,,,,,,,Y,Y,Y,,,,,,,REAR,,,,,,,,,,,,,,,,,,,,,,,,,,,,,,,,,
2127761,2853025c299db2620d388cb54821fa0c9c162a4cc8ac23ff7bd91f04ca45bde6fbfc14f835e516f1a14d868c2d153f2c93eb1ed07f4c3c18b2939a56a5eb2821,08/13/2025 01:00:00 PM,1,DRIVER,,2028391,,UNKNOWN,OTHER (EXPLAIN IN NARRATIVE),,,UNKNOWN,UNKNOWN/NA,UNKNOWN/NA,W,STRAIGHT AHEAD,,,1,,,,,,,,,,,,,,,,,Y,UNKNOWN,,,,,,,,,,,,,,,,,,,,,,,,,,,,,,,,,
2127788,2c2e39c3fb7ca123f91baf9e03813775d37fdc9de300b4ba282ff056d1b649b3ced0ca162d54271135df4e489fcd8ea7e8dad5c82bd44f2212e5376ffc65603c,08/13/2025 01:00:00 PM,1,DRIVER,,2028415,,TOYOTA,ECHO,WI,2001,UNKNOWN,PASSENGER,PERSONAL,E,STRAIGHT AHEAD,Y,,1,,,,,Y,Y,,,,,,,,Y,Y,Y,,FRONT,,,,,,,,,,,,,,,,,,,,,,,,,,,,,,,,,
2127789,2c2e39c3fb7ca123f91baf9e03813775d37fdc9de300b4ba282ff056d1b649b3ced0ca162d54271135df4e489fcd8ea7e8dad5c82bd44f2212e5376ffc65603c,08/13/2025 01:00:00 PM,2,DRIVER,,2028420,,UNKNOWN,OTHER (EXPLAIN IN NARRATIVE),IL,,UNKNOWN,MOPED OR MOTORIZED BICYCLE,PERSONAL,E,STRAIGHT AHEAD,Y,,1,,,,,,,,,,,,,Y,Y,Y,,,SIDE-LEFT,,,,,,,,,,,,,,,,,,,,,,,,,,,,,,,,,
2127790,2c2e39c3fb7ca123f91baf9e03813775d37fdc9de300b4ba282ff056d1b649b3ced0ca162d54271135df4e489fcd8ea7e8dad5c82bd44f2212e5376ffc65603c,08/13/2025 01:00:00 PM,3,DRIVER,,2028425,,UNKNOWN,OTHER (EXPLAIN IN NARRATIVE),,,UNKNOWN,MOPED OR MOTORIZED BICYCLE,PERSONAL,E,STRAIGHT AHEAD,Y,,1,,,,,,,,,,,,,Y,Y,Y,,,SIDE-LEFT,,,,,,,,,,,,,,,,,,,,,,,,,,,,,,,,,
2127791,2c2e39c3fb7ca123f91baf9e03813775d37fdc9de300b4ba282ff056d1b649b3ced0ca162d54271135df4e489fcd8ea7e8dad5c82bd44f2212e5376ffc65603c,08/13/2025 01:00:00 PM,4,PARKED,,2028429,,TOYOTA,CAMRY,IL,2011,UNKNOWN,PASSENGER,NOT IN USE,E,PARKED,,,0,,,,,,,,Y,Y,Y,Y,Y,,,,,,REAR,,,,,,,,,,,,,,,,,,,,,,,,,,,,,,,,,
2127800,4f3b9cedb5524b0bfee6a0bbc08d3dc8bd62f9f1f2673c3c5c471e5232f4995bfc70f66824ca5678fdbab7db7ddd0fc1ceac370e3a1438422e85da93c6f89ab1,08/13/2025 01:00:00 PM,1,DRIVER,,2028424,,UNKNOWN,OTHER (EXPLAIN IN NARRATIVE),,,UNKNOWN,TRACTOR W/ SEMI-TRAILER,UNKNOWN/NA,N,STRAIGHT AHEAD,,,1,,,,,,,,,,,,,,,,,Y,SIDE-RIGHT,,,,,,,,,,,,,,,,,,,,,,,,,,,,,,,,,
2127801,4f3b9cedb5524b0bfee6a0bbc08d3dc8bd62f9f1f2673c3c5c471e5232f4995bfc70f66824ca5678fdbab7db7ddd0fc1ceac370e3a1438422e85da93c6f89ab1,08/13/2025 01:00:00 PM,2,PARKED,,2028457,,TOYOTA,COROLLA,IL,2016,NONE,PASSENGER,PERSONAL,N,PARKED,,,0,,,,,,,,,,,Y,Y,,,,,,SIDE-LEFT-REAR,,,,,,,,,,,,,,,,,,,,,,,,,,,,,,,,,
2127740,eb981ebeaacf27903b556298fc25be67ab218753db51e4ea6abe8112e284ccd2247af53650c228db607d4271c65baf7f06640bb0a04955a9fd776d94a354127e,08/13/2025 12:59:00 PM,1,DRIVER,,2028366,,JEEP,GRAND CHEROKEE,IL,2012,NONE,SPORT UTILITY VEHICLE (SUV),PERSONAL,S,TURNING LEFT,,,1,,,,,Y,,,,,,,,,Y,Y,Y,,FRONT,,,,,,,,,,,,,,,,,,,,,,,,,,,,,,,,,
2127741,eb981ebeaacf27903b556298fc25be67ab218753db51e4ea6abe8112e284ccd2247af53650c228db607d4271c65baf7f06640bb0a04955a9fd776d94a354127e,08/13/2025 12:59:00 PM,2,DRIVER,,2028375,,FORD,FIESTA,IL,2013,NONE,PASSENGER,PERSONAL,W,STRAIGHT AHEAD,Y,,1,,PRIVATE TOW,,,Y,Y,Y,,,,,,,,,Y,,SIDE-RIGHT-FRONT,,,,,,,,,,,,,,,,,,,,,,,,,,,,,,,,,
2127756,af76140e84fc2b1f82160223fba2e59b05b2bd9bd36aa21c35b541a2a94242c5b5180acf1d794428d67a8253fe53fd7b8b4da3ba9d828dfe8599acebb5942ee3,08/13/2025 12:45:00 PM,1,DRIVER,,2028382,,NISSAN,ALTIMA,IL,2013,UNKNOWN,PASSENGER,PERSONAL,N,STRAIGHT AHEAD,,,1,,,,,,,,,,,Y,Y,,,,,,REAR-LEFT-CORNER,,,,,,,,,,,,,,,,,,,,,,,,,,,,,,,,,
2127757,af76140e84fc2b1f82160223fba2e59b05b2bd9bd36aa21c35b541a2a94242c5b5180acf1d794428d67a8253fe53fd7b8b4da3ba9d828dfe8599acebb5942ee3,08/13/2025 12:45:00 PM,2,DRIVER,,2028390,,NISSAN,ROGUE,IL,2017,UNKNOWN,UNKNOWN/NA,PERSONAL,N,STRAIGHT AHEAD,,,1,,,,,Y,Y,,,,,,,,,,,,FRONT-RIGHT-CORNER,,,,,,,,,,,,,,,,,,,,,,,,,,,,,,,,,
2127736,e4090d3e07933be5206b4e48c28c1b8f2addaf346649a6df07a54e0ab535df5a394da29e945c752feacb63b73b0398e71af9433e2ef09ec70344702e6e0b6b75,08/13/2025 12:45:00 PM,1,DRIVER,,2028363,,JEEP,RENEGADE,SC,2017,UNKNOWN,PASSENGER,PERSONAL,W,STRAIGHT AHEAD,,,1,,,,Y,,,,,,,,,,,,,,NONE,,,,,,,,,,,,,,,,,,,,,,,,,,,,,,,,,
2127737,e4090d3e07933be5206b4e48c28c1b8f2addaf346649a6df07a54e0ab535df5a394da29e945c752feacb63b73b0398e71af9433e2ef09ec70344702e6e0b6b75,08/13/2025 12:45:00 PM,2,PARKED,,2028372,,DODGE,RAM 1500 PU,IL,2021,UNKNOWN,PICKUP,PERSONAL,W,PARKED,,,0,,,,Y,,,,,,,,,,,,,Y,NONE,,,,,,,,,,,,,,,,,,,,,,,,,,,,,,,,,
2127716,14e935717c2d410b05b86513a331cb3d344fa193b60f88cb112dea20c62565cea3334583676efee12229ec6de6b844ed6684807a35a38aa3bd2b22011442eeed,08/13/2025 12:40:00 PM,1,DRIVER,,2028339,,HONDA,ACCORD,IL,2011,NONE,PASSENGER,PERSONAL,W,STRAIGHT AHEAD,,,1,,,,,Y,,,,,,,,,,Y,Y,,FRONT,,,,,,,,,,,,,,,,,,,,,,,,,,,,,,,,,
2127717,14e935717c2d410b05b86513a331cb3d344fa193b60f88cb112dea20c62565cea3334583676efee12229ec6de6b844ed6684807a35a38aa3bd2b22011442eeed,08/13/2025 12:40:00 PM,2,DRIVER,,2028348,,HONDA,CIVIC,IN,2017,NONE,PASSENGER,PERSONAL,W,TURNING LEFT,,,1,,,,,,,,,,,,Y,Y,Y,Y,,,SIDE-LEFT,,,,,,,,,,,,,,,,,,,,,,,,,,,,,,,,,
2127766,08bce4d95522a6ea0be6900e8c3776fc3f5fa112cbe1a7f52b64008c375e828b2d8d613c69a83f082630f05b07e57ff6a632f32168a7eb2f5e0246f90ef8a3bf,08/13/2025 12:30:00 PM,1,DRIVER,,2028393,,HYUNDAI,SONATA,IL,,UNKNOWN,PASSENGER,PERSONAL,N,DRIVING WRONG WAY,,,1,,,,,,,,,,,,,,,,,Y,UNKNOWN,,,,,,,,,,,,,,,,,,,,,,,,,,,,,,,,,
2127767,08bce4d95522a6ea0be6900e8c3776fc3f5fa112cbe1a7f52b64008c375e828b2d8d613c69a83f082630f05b07e57ff6a632f32168a7eb2f5e0246f90ef8a3bf,08/13/2025 12:30:00 PM,2,DRIVER,,2028401,,VOLVO,TRUCK,IN,2007,NONE,TRACTOR W/ SEMI-TRAILER,COMMERCIAL - SINGLE UNIT,S,STRAIGHT AHEAD,,,1,,,,,Y,,,,,,,,,,,,,FRONT-RIGHT-CORNER,,,,,,,,,,,,,,,,,,,,,,,,,,,,,,,,,
2128230,659accf03e110e3db39334c08c7363000da0acabae2ec149982e199f26e49283773e203cf5d2c9c91b0fc63cb5e106d76f7bd03d488e805a208878845eb9b9e6,08/13/2025 12:30:00 PM,1,DRIVER,,2028827,,JEEP,COMPASS,,,UNKNOWN,PASSENGER,UNKNOWN/NA,S,STRAIGHT AHEAD,,,1,,,,,Y,,,,,,,,,,Y,Y,,FRONT,,,,,,,,,,,,,,,,,,,,,,,,,,,,,,,,,
2128231,659accf03e110e3db39334c08c7363000da0acabae2ec149982e199f26e49283773e203cf5d2c9c91b0fc63cb5e106d76f7bd03d488e805a208878845eb9b9e6,08/13/2025 12:30:00 PM,2,DRIVER,,2028829,,CHEVROLET,TRUCK,IL,,NONE,PASSENGER,PERSONAL,NE,STRAIGHT AHEAD,,,1,,,,,,,,,,,Y,Y,,,,,,REAR-LEFT-CORNER,,,,,,,,,,,,,,,,,,,,,,,,,,,,,,,,,