CRASH_UNIT_ID,CRASH_RECORD_ID,CRASH_DATE,UNIT_NO,UNIT_TYPE,NUM_PASSENGERS,VEHICLE_ID,CMRC_VEH_I,MAKE,MODEL,LIC_PLATE_STATE,VEHICLE_YEAR,VEHICLE_DEFECT,VEHICLE_TYPE,VEHICLE_USE,TRAVEL_DIRECTION,MANEUVER,TOWED_I,FIRE_I,OCCUPANT_CNT,EXCEED_SPEED_LIMIT_I,TOWED_BY,TOWED_TO,AREA_00_I,AREA_01_I,AREA_02_I,AREA_03_I,AREA_04_I,AREA_05_I,AREA_06_I,AREA_07_I,AREA_08_I,AREA_09_I,AREA_10_I,AREA_11_I,AREA_12_I,AREA_99_I,FIRST_CONTACT_POINT,CMV_ID,USDOT_NO,CCMC_NO,ILCC_NO,COMMERCIAL_SRC,GVWR,CARRIER_NAME,CARRIER_STATE,CARRIER_CITY,HAZMAT_PLACARDS_I,HAZMAT_NAME,UN_NO,HAZMAT_PRESENT_I,HAZMAT_REPORT_I,HAZMAT_REPORT_NO,MCS_REPORT_I,MCS_REPORT_NO,HAZMAT_VIO_CAUSE_CRASH_I,MCS_VIO_CAUSE_CRASH_I,IDOT_PERMIT_NO,WIDE_LOAD_I,TRAILER1_WIDTH,TRAILER2_WIDTH,TRAILER1_LENGTH,TRAILER2_LENGTH,TOTAL_VEHICLE_LENGTH,AXLE_CNT,VEHICLE_CONFIG,CARGO_BODY_TYPE,LOAD_TYPE,HAZMAT_OUT_OF_SERVICE_I,MCS_OUT_OF_SERVICE_I,HAZMAT_CLASS
2127693,90abde76c5f7f169d32ddac0e34ad938dc576e79acbdc22d663cf8cb313dbe7bfadc423c076de43ba237ceeb863babcdbad66b810961f6ed3e28185cbff08d89,08/13/2025 12:30:00 PM,1,DRIVER,,2028317,,VOLKSWAGEN,TIGUAN,IL,2024,UNKNOWN,PASSENGER,PERSONAL,S,BACKING,,,1,,,,,,,,,Y,,,,,,,,,REAR-RIGHT-CORNER,,,,,,,,,,,,,,,,,,,,,,,,,,,,,,,,,
2127694,90abde76c5f7f169d32ddac0e34ad938dc576e79acbdc22d663cf8cb313dbe7bfadc423c076de43ba237ceeb863babcdbad66b810961f6ed3e28185cbff08d89,08/13/2025 12:30:00 PM,2,DRIVER,,2028325,,HYUNDAI,VENUE,IL,2020,NONE,PASSENGER,PERSONAL,E,STRAIGHT AHEAD,,,1,,,,,,,,,,,,,,Y,Y,,,FRONT-RIGHT-CORNER,,,,,,,,,,,,,,,,,,,,,,,,,,,,,,,,,
2127742,bc414c27f575bd5fc75c75c7efd00dfeaaaa875454fb22ef52e2e8dfadd0766646107da6f25d053017f6059af8f42eaeb0e49d94989554ddde55de5abf5c0238,08/13/2025 12:30:00 PM,1,DRIVER,,2028368,,DODGE,RAM 1500 PU,IL,2005,UNKNOWN,PICKUP,UNKNOWN/NA,W,U-TURN,,,1,,,,,,N,N,,,,,,N,Y,Y,,,FRONT-LEFT-CORNER,,,,,,,,,,,,,,,,,,,,,,,,,,,,,,,,,
2127743,bc414c27f575bd5fc75c75c7efd00dfeaaaa875454fb22ef52e2e8dfadd0766646107da6f25d053017f6059af8f42eaeb0e49d94989554ddde55de5abf5c0238,08/13/2025 12:30:00 PM,2,DRIVER,,2028376,,DODGE,JOURNEY,IL,2017,NONE,PASSENGER,PERSONAL,W,STRAIGHT AHEAD,,,1,,,,,Y,,,,,,,,,,,,,FRONT-RIGHT-CORNER,,,,,,,,,,,,,,,,,,,,,,,,,,,,,,,,,
2128921,cd7fde0997db05d014ad677aa24637bac049082b2aa349c8ab5e37779cb41f060d6fbdd811c0b75b22088508673e5ded2df6a92ca33f75b26664c60d58c8132d,08/13/2025 12:30:00 PM,1,DRIVER,,2029492,,DODGE,JOURNEY,IL,2017,UNKNOWN,PASSENGER,PERSONAL,W,TURNING LEFT,,,1,,,,,Y,,,,,,,,,,,Y,,FRONT-RIGHT-CORNER,,,,,,,,,,,,,,,,,,,,,,,,,,,,,,,,,
2128922,cd7fde0997db05d014ad677aa24637bac049082b2aa349c8ab5e37779cb41f060d6fbdd811c0b75b22088508673e5ded2df6a92ca33f75b26664c60d58c8132d,08/13/2025 12:30:00 PM,2,DRIVER,,2029498,,DODGE,RAM 1500 PU,IL,2005,NONE,PICKUP,PERSONAL,W,TURNING LEFT,,,1,,,,,,,,,,,,,,Y,Y,,,FRONT-LEFT-CORNER,,,,,,,,,,,,,,,,,,,,,,,,,,,,,,,,,
2127730,79256c62c528d00540f214d82bf872a0321bb7d705d89f9f41bd72274105df7fc2232bf81ecb52cc01407bd249f029e3a0668a6c5eb25d5e216a2ff7c908ef6a,08/13/2025 12:27:00 PM,1,PARKED,2,2028355,,TOYOTA,CAMRY,IL,2022,NONE,PASSENGER,RIDESHARE SERVICE,W,PARKED,,,2,,,,,,,,,,,,Y,Y,,,,,SIDE-LEFT-REAR,,,,,,,,,,,,,,,,,,,,,,,,,,,,,,,,,
2127731,79256c62c528d00540f214d82bf872a0321bb7d705d89f9f41bd72274105df7fc2232bf81ecb52cc01407bd249f029e3a0668a6c5eb25d5e216a2ff7c908ef6a,08/13/2025 12:27:00 PM,2,DRIVER,,2028361,Y,BLUEBIRD INTERNATIONAL,BLUEBIRD INTERNATIONAL,IL,2025,NONE,TRUCK - SINGLE UNIT,COMMERCIAL - SINGLE UNIT,W,STRAIGHT AHEAD,,,1,,,,,,,,,,,,,,,,,Y,FRONT-RIGHT-CORNER,"22,011",,,,,,RUSH TRUCK LEASING,IL,FOREST VIEW,,,,N,N,,N,,N,N,,,,,,,,2,"SINGLE UNIT TRUCK, 2 AXLES, 6 TIRES",OTHER,OTHER,N,N,
2127680,8e36ae2739e6ab52c782636f9843fdcdffa9571d30169e515c9ed198ce92e8d8496c53f6c5ecee26c9046ff84465f04721231157b47e8fe72a21fec8c4cd2c2c,08/13/2025 12:10:00 PM,1,DRIVER,,2028313,,HYUNDAI,ELANTRA,IL,2013,NONE,PASSENGER,PERSONAL,S,TURNING LEFT,,,1,,,,,Y,,,,,,,,,,,,,FRONT-RIGHT-CORNER,,,,,,,,,,,,,,,,,,,,,,,,,,,,,,,,,
2127667,018174b0c93c64d9341a5d261b136e7198d986d76d86b39d8bc4d0142589c790dde87203be1fe6895321ca315b3827115b67c8d3a692a2a60f61ee56fa56b1b9,08/13/2025 12:09:00 PM,1,BICYCLE,,,,,,,,,,,,,,,,,,,,,,,,,,,,,,,,,,,,,,,,,,,,,,,,,,,,,,,,,,,,,,,,,,
2127668,018174b0c93c64d9341a5d261b136e7198d986d76d86b39d8bc4d0142589c790dde87203be1fe6895321ca315b3827115b67c8d3a692a2a60f61ee56fa56b1b9,08/13/2025 12:09:00 PM,2,DRIVER,,2028300,,JEEP,PATRIOT,IL,2016,NONE,PASSENGER,PERSONAL,S,TURNING RIGHT,,,1,,,,,,,,,,,,,,,,Y,,FRONT,,,,,,,,,,,,,,,,,,,,,,,,,,,,,,,,,
2127689,15498b48ce40e9f813b48d55a9de1708997f9ae64f176649b8b068cda298f8314d6e2a3ba4aaffecb39ae449c68e4692283c7104aae26db9e9f368c418526bb8,08/13/2025 12:05:00 PM,1,DRIVER,,2028337,,CHEVROLET,MALIBU,IL,2006,NONE,PASSENGER,PERSONAL,W,STRAIGHT AHEAD,,,1,,,,,Y,,,,,,,,,,Y,Y,,FRONT,,,,,,,,,,,,,,,,,,,,,,,,,,,,,,,,,
2127690,15498b48ce40e9f813b48d55a9de1708997f9ae64f176649b8b068cda298f8314d6e2a3ba4aaffecb39ae449c68e4692283c7104aae26db9e9f368c418526bb8,08/13/2025 12:05:00 PM,2,DRIVER,3,2028322,,HYUNDAI,SANTA FE,IL,2021,NONE,PASSENGER,PERSONAL,S,STRAIGHT AHEAD,,,4,,,,,,,,,,,Y,Y,Y,Y,,,,SIDE-LEFT,,,,,,,,,,,,,,,,,,,,,,,,,,,,,,,,,
2127703,01806caf0b8af76cf749c3f46090042fa6b3c17a74930f878dfd74e9407c12528841294afa118d54aeaa1da4dc70204e4eda5eaac7254e6d3436bd937521bb76,08/13/2025 12:00:00 PM,1,DRIVER,,2028335,,KIA,SORENTO,IL,2022,UNKNOWN,PASSENGER,PERSONAL,W,STRAIGHT AHEAD,,,1,,,,Y,,,Y,,,,,,,,,,,NONE,,,,,,,,,,,,,,,,,,,,,,,,,,,,,,,,,
2127704,01806caf0b8af76cf749c3f46090042fa6b3c17a74930f878dfd74e9407c12528841294afa118d54aeaa1da4dc70204e4eda5eaac7254e6d3436bd937521bb76,08/13/2025 12:00:00 PM,2,PARKED,1,2028343,,NOVA BUS,OTHER (EXPLAIN IN NARRATIVE),IL,,UNKNOWN,BUS UP TO 15 PASS.,CTA,W,PARKED,,,1,,,,Y,,,,,,,,,,Y,,,,NONE,,,,,,,,,,,,,,,,,,,,,,,,,,,,,,,,,
2127728,9be81f022d883c020b3145e341dca2e2797f490fe0bbaaaa09ea6dcc682f518970b9a29a2ea1548ba7813564fe9fcb31c61abc1ae6efe94a4a5d815dde8a52eb,08/13/2025 12:00:00 PM,1,DRIVER,,2028352,,UNKNOWN,MOTORIZED,,,NONE,PASSENGER,UNKNOWN/NA,UNKNOWN,UNKNOWN/NA,,,1,,,,,,,,,,,,,,,Y,,,FRONT-LEFT-CORNER,,,,,,,,,,,,,,,,,,,,,,,,,,,,,,,,,
2127729,9be81f022d883c020b3145e341dca2e2797f490fe0bbaaaa09ea6dcc682f518970b9a29a2ea1548ba7813564fe9fcb31c61abc1ae6efe94a4a5d815dde8a52eb,08/13/2025 12:00:00 PM,2,DRIVER,,2028358,,CADILLAC,XT4,IL,2023,NONE,PASSENGER,PERSONAL,N,STRAIGHT AHEAD,,,1,,,,,,,,,,,Y,,,,,,,REAR-LEFT-CORNER,,,,,,,,,,,,,,,,,,,,,,,,,,,,,,,,,
2127663,9e02300f01e5f6c5cb1277433b70767e29f1423f8441b7922ee672e6af9ce332f4f54e4185405fd5ae50b928af2d1fcb69772445be390cba4d96c2c999b6a4a1,08/13/2025 12:00:00 PM,1,DRIVER,,2028315,,FORD,ESCAPE,IL,2018,NONE,PASSENGER,PERSONAL,N,STRAIGHT AHEAD,Y,,1,,personal,,N,Y,,,,,,,,Y,Y,Y,Y,Y,FRONT,,,,,,,,,,,,,,,,,,,,,,,,,,,,,,,,,
2127664,9e02300f01e5f6c5cb1277433b70767e29f1423f8441b7922ee672e6af9ce332f4f54e4185405fd5ae50b928af2d1fcb69772445be390cba4d96c2c999b6a4a1,08/13/2025 12:00:00 PM,2,DRIVER,,2028318,,BMW,3 SERIES,IL,2016,NONE,PASSENGER,PERSONAL,W,STRAIGHT AHEAD,Y,,1,,personal,,,,,,,,,,,Y,Y,Y,Y,Y,SIDE-RIGHT,,,,,,,,,,,,,,,,,,,,,,,,,,,,,,,,,
2127661,d31d7f02b5dbdb6a9fa7f4299554b656f850c73ef585d0c54b6bb0cdfe34f139befe83f1e929427623b0bc95b4e37f22974b54ab17eefd3532131e70da60b70c,08/13/2025 11:59:00 AM,1,DRIVER,,2028292,,CHEVROLET,COLORADO,IA,2020,UNKNOWN,PICKUP,PERSONAL,N,STRAIGHT AHEAD,,,1,,,,,,,,,,,,,,,,Y,,FRONT,,,,,,,,,,,,,,,,,,,,,,,,,,,,,,,,,
2127662,d31d7f02b5dbdb6a9fa7f4299554b656f850c73ef585d0c54b6bb0cdfe34f139befe83f1e929427623b0bc95b4e37f22974b54ab17eefd3532131e70da60b70c,08/13/2025 11:59:00 AM,2,PEDESTRIAN,,,,,,,,,,,,,,,,,,,,,,,,,,,,,,,,,,,,,,,,,,,,,,,,,,,,,,,,,,,,,,,,,,
2127654,993b3d40a369b7dd6e22a76d6341d249e1a3aadb0b45309874bf5d8317f6f1f5dd37158ecae8adbeee81e8f2f1401c4c9e703f10a5bc681896b1bf06f64d0141,08/13/2025 11:55:00 AM,1,DRIVER,,2028283,,NISSAN,ROGUE,IL,2016,NONE,PASSENGER,PERSONAL,N,STRAIGHT AHEAD,,,1,,,,,,,,,,,,,,,,Y,,FRONT,,,,,,,,,,,,,,,,,,,,,,,,,,,,,,,,,
2127655,993b3d40a369b7dd6e22a76d6341d249e1a3aadb0b45309874bf5d8317f6f1f5dd37158ecae8adbeee81e8f2f1401c4c9e703f10a5bc681896b1bf06f64d0141,08/13/2025 11:55:00 AM,2,DRIVER,,2028285,,HONDA,CIVIC,IL,2025,NONE,PASSENGER,PERSONAL,N,SLOW/STOP IN TRAFFIC,,,1,,,,,,,,,,Y,,,,,,,,REAR,,,,,,,,,,,,,,,,,,,,,,,,,,,,,,,,,
2127671,e6974efcaa640ef338793e4c9da0be72d0e48b35c50c85c73973ed0d451090c0354e58616fb813c7693b5b4484500a1748f7fefb416ede27323ec88af66128ed,08/13/2025 11:45:00 AM,1,BICYCLE,,,,,,,,,,,,,,,,,,,,,,,,,,,,,,,,,,,,,,,,,,,,,,,,,,,,,,,,,,,,,,,,,,
2127672,e6974efcaa640ef338793e4c9da0be72d0e48b35c50c85c73973ed0d451090c0354e58616fb813c7693b5b4484500a1748f7fefb416ede27323ec88af66128ed,08/13/2025 11:45:00 AM,2,DRIVER,,2028305,,LEXUS,LS430,IL,2001,UNKNOWN,PASSENGER,PERSONAL,E,OTHER,Y,,1,,UNKNOWN,UNKNOWN,,,,,,,,,,,,,,,OTHER,,,,,,,,,,,,,,,,,,,,,,,,,,,,,,,,,
2127687,599a65ddd0a45d2b6a8979c2d07ee295975a9f0cdcd12e762f308740c55477710f4bde47b7ec2dad1f0e75841e107d590c066b1f6416251763e42e175457b26e,08/13/2025 11:40:00 AM,1,DRIVER,1,2028340,,FORD,F150,IL,2013,NONE,PICKUP,PERSONAL,UNKNOWN,BACKING,,,2,,,,,,,,,N,,,,,,,,Y,REAR-RIGHT-CORNER,,,,,,,,,,,,,,,,,,,,,,,,,,,,,,,,,
2127688,599a65ddd0a45d2b6a8979c2d07ee295975a9f0cdcd12e762f308740c55477710f4bde47b7ec2dad1f0e75841e107d590c066b1f6416251763e42e175457b26e,08/13/2025 11:40:00 AM,2,DRIVER,1,2028357,,TOYOTA,C-HR,IL,2019,NONE,PASSENGER,PERSONAL,W,STRAIGHT AHEAD,,,2,,,,,,,Y,,,,,,,,,,,SIDE-RIGHT-REAR,,,,,,,,,,,,,,,,,,,,,,,,,,,,,,,,,
2128651,9c2693cd4a5bf8cd6adf9d375f43651fa6e3252d391edc1f557d9bb9acec7dfbc50d020cc1c481f3797ae87935f46455a574dc2ba77c7ee73d50b35d91248415,08/13/2025 11:39:00 AM,1,DRIVER,,2029218,,CHEVROLET,IMPALA,IL,2014,UNKNOWN,PASSENGER,UNKNOWN/NA,S,STRAIGHT AHEAD,,,1,,,,,,,,,,,,,,,,,Y,UNKNOWN,,,,,,,,,,,,,,,,,,,,,,,,,,,,,,,,,
2128652,9c2693cd4a5bf8cd6adf9d375f43651fa6e3252d391edc1f557d9bb9acec7dfbc50d020cc1c481f3797ae87935f46455a574dc2ba77c7ee73d50b35d91248415,08/13/2025 11:39:00 AM,2,DRIVER,1,2029219,,HONDA,ODYSSEY,IL,2015,NONE,VAN/MINI-VAN,PERSONAL,S,STRAIGHT AHEAD,,,2,,,,,,,,Y,Y,,,,,,,,,SIDE-RIGHT-REAR,,,,,,,,,,,,,,,,,,,,,,,,,,,,,,,,,
2127650,00a671bf5890d73c43f36f70d600a0e258dfd1ad0a58db3ae787b91bf2c29f65127dacff25dbeb77c1540ebdd85a86f93a1d166aebd1ce72a351ed81bb445701,08/13/2025 11:34:00 AM,1,DRIVER,,2028290,,TOYOTA,SIENNA,IL,2013,UNKNOWN,OTHER,TAXI/FOR HIRE,E,PASSING/OVERTAKING,,,1,,,,,,,,,,,Y,Y,,,,,,SIDE-LEFT-REAR,,,,,,,,,,,,,,,,,,,,,,,,,,,,,,,,,
2127651,00a671bf5890d73c43f36f70d600a0e258dfd1ad0a58db3ae787b91bf2c29f65127dacff25dbeb77c1540ebdd85a86f93a1d166aebd1ce72a351ed81bb445701,08/13/2025 11:34:00 AM,2,DRIVER,,2028295,,TOYOTA,HIGHLANDER,IL,2013,UNKNOWN,OTHER,RIDESHARE SERVICE,E,STRAIGHT AHEAD,,,1,,,,,Y,,,,,,,,,,,,,FRONT-RIGHT-CORNER,,,,,,,,,,,,,,,,,,,,,,,,,,,,,,,,,
2127635,4eec83f62f1feb2c6fc20ba244f73dbf769628c2c5cea60e28d8124323cf5d77fb43db45b5d5867f3bde95a4964679b400a2ea89c683fb02361c9422bf703aac,08/13/2025 11:32:00 AM,1,DRIVER,,2028264,,HONDA,ACCORD,IL,2010,NONE,PASSENGER,PERSONAL,N,BACKING,,,1,,,,,,,,,,Y,,,,,,,,REAR,,,,,,,,,,,,,,,,,,,,,,,,,,,,,,,,,
2127636,4eec83f62f1feb2c6fc20ba244f73dbf769628c2c5cea60e28d8124323cf5d77fb43db45b5d5867f3bde95a4964679b400a2ea89c683fb02361c9422bf703aac,08/13/2025 11:32:00 AM,2,DRIVER,,2028273,,FORD,ESCAPE,IL,2024,NONE,SPORT UTILITY VEHICLE (SUV),POLICE,W,SLOW/STOP IN TRAFFIC,,,1,,,,,,,,,Y,,,,,,,,,SIDE-RIGHT-REAR,,,,,,,,,,,,,,,,,,,,,,,,,,,,,,,,,
2127691,196eb7121e38e931f40efa648bb7fa4428b89dbef2558975a751c71b9ab824233ece3766b113d8bcbb8886b9094f0dd4c7a00b544eafa6f1639adbdea18e5567,08/13/2025 11:30:00 AM,1,DRIVER,,2028321,,TOYOTA,RAV4,IL,2016,NONE,SPORT UTILITY VEHICLE (SUV),PERSONAL,W,STRAIGHT AHEAD,,,1,,,,,Y,,,,,,,,,,,,,FRONT-RIGHT-CORNER,,,,,,,,,,,,,,,,,,,,,,,,,,,,,,,,,
2127692,196eb7121e38e931f40efa648bb7fa4428b89dbef2558975a751c71b9ab824233ece3766b113d8bcbb8886b9094f0dd4c7a00b544eafa6f1639adbdea18e5567,08/13/2025 11:30:00 AM,2,DRIVER,,2028334,,HYUNDAI,ELANTRA,IL,2023,NONE,SPORT UTILITY VEHICLE (SUV),PERSONAL,S,STRAIGHT AHEAD,,,1,,,,,,,,,,,,,,,,Y,,FRONT,,,,,,,,,,,,,,,,,,,,,,,,,,,,,,,,,
2127669,d24eb3787be615db2148657bd4335cf28e5373e21c076d4bc97c030052423290845d1331434a39e48e484965780718eb33f3071f74a0f0e58e1fc204fa97a824,08/13/2025 11:30:00 AM,1,DRIVER,,2028299,,HONDA,ACCORD,IL,2010,NONE,PASSENGER,PERSONAL,W,STRAIGHT AHEAD,,,1,,,,,Y,,,,,,,,,,Y,Y,,FRONT,,,,,,,,,,,,,,,,,,,,,,,,,,,,,,,,,
2127679,d24eb3787be615db2148657bd4335cf28e5373e21c076d4bc97c030052423290845d1331434a39e48e484965780718eb33f3071f74a0f0e58e1fc204fa97a824,08/13/2025 11:30:00 AM,2,DRIVER,,2028303,,JEEP,JEEP,,,NONE,SPORT UTILITY VEHICLE (SUV),PERSONAL,W,STRAIGHT AHEAD,,,1,,,,,,,,,Y,Y,Y,,,,,,,REAR,,,,,,,,,,,,,,,,,,,,,,,,,,,,,,,,,
2127967,ff7b27fc96a4d369c59f343b573c016c57b887559093b10a448c42ac53896486254b375be943f20867c8059ee288da0a25e5c4dfaf3cc8157419d6b93b024400,08/13/2025 11:30:00 AM,1,DRIVER,,2028577,,MERCEDES-BENZ,GLC,IL,2019,NONE,SPORT UTILITY VEHICLE (SUV),PERSONAL,N,MERGING,,,1,,,,,Y,Y,Y,N,,,,,,,,N,,REAR-LEFT-CORNER,,,,,,,,,,,,,,,,,,,,,,,,,,,,,,,,,
2127968,ff7b27fc96a4d369c59f343b573c016c57b887559093b10a448c42ac53896486254b375be943f20867c8059ee288da0a25e5c4dfaf3cc8157419d6b93b024400,08/13/2025 11:30:00 AM,2,DRIVER,2,2028581,,CHEVROLET,TRAVERSE,IL,2013,NONE,SPORT UTILITY VEHICLE (SUV),PERSONAL,N,STRAIGHT AHEAD,,,3,,,,,,,,,,,,Y,Y,Y,Y,,,SIDE-LEFT,,,,,,,,,,,,,,,,,,,,,,,,,,,,,,,,,
2127924,615cdd50ad7667db6f9c1c672f29eab9dc53dfff1a99e50b2aa12125824089499e71b86e5cb6bb20e404f9696ef8d0cf01f0029313d256031a40cde5b27415b1,08/13/2025 11:25:00 AM,1,DRIVER,,2028571,,CHEVROLET,OTHER (EXPLAIN IN NARRATIVE),IL,2011,NONE,PASSENGER,PERSONAL,S,STRAIGHT AHEAD,,,1,,,,,,,,,,,,,,,,Y,,FRONT,,,,,,,,,,,,,,,,,,,,,,,,,,,,,,,,,
2127925,615cdd50ad7667db6f9c1c672f29eab9dc53dfff1a99e50b2aa12125824089499e71b86e5cb6bb20e404f9696ef8d0cf01f0029313d256031a40cde5b27415b1,08/13/2025 11:25:00 AM,2,DRIVER,,2028582,,AUDI,TT,IL,2008,NONE,PASSENGER,PERSONAL,S,SLOW/STOP IN TRAFFIC,,,1,,,,,,,,,,Y,,,,,,,,REAR,,,,,,,,,,,,,,,,,,,,,,,,,,,,,,,,,
2128123,7ecfbefe1578c5d622ccc99f39be53dc0d2edcfe7ea90b06c8cb2650a157b9310a4563ec195a7b7951f4a54755286cc3e28a90a063169ed0bff20d1a5a882d47,08/13/2025 11:25:00 AM,1,DRIVER,,2028730,,SUBARU,FORESTER,IL,2015,NONE,SPORT UTILITY VEHICLE (SUV),PERSONAL,S,TURNING RIGHT,,,1,,,,,Y,,,,,,,,,,,,,FRONT-RIGHT-CORNER,,,,,,,,,,,,,,,,,,,,,,,,,,,,,,,,,
2128124,7ecfbefe1578c5d622ccc99f39be53dc0d2edcfe7ea90b06c8cb2650a157b9310a4563ec195a7b7951f4a54755286cc3e28a90a063169ed0bff20d1a5a882d47,08/13/2025 11:25:00 AM,2,DRIVER,2,2028731,,SUBARU,FORESTER,IL,2021,NONE,SPORT UTILITY VEHICLE (SUV),PERSONAL,S,STRAIGHT AHEAD,,,3,,,,,,,,,,,,,Y,,,,,SIDE-LEFT,,,,,,,,,,,,,,,,,,,,,,,,,,,,,,,,,
2127677,74569ee956a3e90edfcf3d590a7c6b0fe0bacde8790d7b6629afda70d62e15a0b97fd069bef86e59f92eb395d1e14d0e34a5038186f9350e277ec62c137627c1,08/13/2025 11:22:00 AM,1,DRIVER,,2028309,,HYUNDAI,OTHER (EXPLAIN IN NARRATIVE),IL,2014,NONE,PASSENGER,PERSONAL,S,STRAIGHT AHEAD,,,1,,,,,,,,,,,,,,,,Y,,FRONT,,,,,,,,,,,,,,,,,,,,,,,,,,,,,,,,,
2127678,74569ee956a3e90edfcf3d590a7c6b0fe0bacde8790d7b6629afda70d62e15a0b97fd069bef86e59f92eb395d1e14d0e34a5038186f9350e277ec62c137627c1,08/13/2025 11:22:00 AM,2,DRIVER,,2028312,,LEXUS,RX350,IL,2016,NONE,PASSENGER,PERSONAL,S,STRAIGHT AHEAD,,,1,,,,,,,,,,Y,,,,,,,,REAR,,,,,,,,,,,,,,,,,,,,,,,,,,,,,,,,,
2127656,08bd08171e129857da5bd6c793f3fc0ee8b3f171ec172cf9fa8c9f119d32e7318661c7d8338566515f8fba4f10f94eafae4b2914db59852cff4a8708426bf0db,08/13/2025 11:17:00 AM,1,DRIVER,2,2028287,,FORD,ESCAPE,IL,2011,BRAKES,SPORT UTILITY VEHICLE (SUV),PERSONAL,N,STRAIGHT AHEAD,,,3,,,,,Y,,,,,,,,,,,,,FRONT-RIGHT-CORNER,,,,,,,,,,,,,,,,,,,,,,,,,,,,,,,,,
2127657,08bd08171e129857da5bd6c793f3fc0ee8b3f171ec172cf9fa8c9f119d32e7318661c7d8338566515f8fba4f10f94eafae4b2914db59852cff4a8708426bf0db,08/13/2025 11:17:00 AM,2,PARKED,,2028293,,HONDA,CIVIC,IL,2016,NONE,PASSENGER,NOT IN USE,N,PARKED,Y,,0,,DNA,UNKNOWN,,Y,,,,Y,Y,Y,Y,,Y,Y,Y,,REAR-LEFT-CORNER,,,,,,,,,,,,,,,,,,,,,,,,,,,,,,,,,
2127658,08bd08171e129857da5bd6c793f3fc0ee8b3f171ec172cf9fa8c9f119d32e7318661c7d8338566515f8fba4f10f94eafae4b2914db59852cff4a8708426bf0db,08/13/2025 11:17:00 AM,3,PARKED,,2028296,,CHEVROLET,TRAX,IL,2024,NONE,SPORT UTILITY VEHICLE (SUV),NOT IN USE,N,PARKED,,,0,,,,,,,,,,Y,,,,,,,,REAR,,,,,,,,,,,,,,,,,,,,,,,,,,,,,,,,,
2127685,3ef4c89f364e9f75cf3d470462f14d46ae5499ee4254992c3ac24c37716f1b9fbe74b92d06a10610f476604bc1bf0bab54647e9a6102745fdaf496db9ff72dd9,08/13/2025 11:13:00 AM,1,DRIVER,,2028311,,FORD,FOCUS,IL,2014,NONE,PASSENGER,PERSONAL,E,STRAIGHT AHEAD,Y,,1,,E&R,DOTY POUND 2,,Y,,,,,,,,,,Y,Y,,FRONT-LEFT-CORNER,,,,,,,,,,,,,,,,,,,,,,,,,,,,,,,,,
2127686,3ef4c89f364e9f75cf3d470462f14d46ae5499ee4254992c3ac24c37716f1b9fbe74b92d06a10610f476604bc1bf0bab54647e9a6102745fdaf496db9ff72dd9,08/13/2025 11:13:00 AM,2,PARKED,,2028314,,MITSUBISHI,OUTLANDER,IL,2005,NONE,PASSENGER,PERSONAL,E,PARKED,,,0,,,,,,,,,Y,Y,,,,,,,,REAR-RIGHT-CORNER,,,,,,,,,,,,,,,,,,,,,,,,,,,,,,,,,
2127723,3ef4c89f364e9f75cf3d470462f14d46ae5499ee4254992c3ac24c37716f1b9fbe74b92d06a10610f476604bc1bf0bab54647e9a6102745fdaf496db9ff72dd9,08/13/2025 11:13:00 AM,3,PEDESTRIAN,,,,,,,,,,,,,,,,,,,,,,,,,,,,,,,,,,,,,,,,,,,,,,,,,,,,,,,,,,,,,,,,,,
2127637,a8748a16698c9233c19994693e3f6b56b31e10b745c5caee1b1f95b80ff113fceb8bb02ee32a9fe49dec8514bae1b217b69ce3fc2183c821c08eb7044efd515b,08/13/2025 11:05:00 AM,1,DRIVER,,2028268,,HONDA,CR-V,OH,2014,NONE,PASSENGER,PERSONAL,E,STRAIGHT AHEAD,,,1,,,,,,,,,,,,,,,,Y,,FRONT,,,,,,,,,,,,,,,,,,,,,,,,,,,,,,,,,
2127638,a8748a16698c9233c19994693e3f6b56b31e10b745c5caee1b1f95b80ff113fceb8bb02ee32a9fe49dec8514bae1b217b69ce3fc2183c821c08eb7044efd515b,08/13/2025 11:05:00 AM,2,DRIVER,,2028281,,SUBARU,CROSSTREK,IL,2025,NONE,PASSENGER,PERSONAL,E,SLOW/STOP IN TRAFFIC,,,1,,,,,,,,,Y,Y,Y,,,,,,,REAR,,,,,,,,,,,,,,,,,,,,,,,,,,,,,,,,,
2127593,6ff7235190990b6d0fba7469b3dcf6965996e4bd8d0096e0f23c588040c42ef1283cfc3a78dbe4dd24ee3f195cfe919a00c49a97d5262fa48b45430e0b0f5694,08/13/2025 11:00:00 AM,1,DRIVER,,2028223,,VOLKSWAGEN,OTHER (EXPLAIN IN NARRATIVE),IL,2024,NONE,SPORT UTILITY VEHICLE (SUV),PERSONAL,UNKNOWN,ENTERING TRAFFIC LANE FROM PARKING,,,1,,,,,,,,,,,,,,,Y,,,FRONT-LEFT-CORNER,,,,,,,,,,,,,,,,,,,,,,,,,,,,,,,,,