CRASH_UNIT_ID,CRASH_RECORD_ID,CRASH_DATE,UNIT_NO,UNIT_TYPE,NUM_PASSENGERS,VEHICLE_ID,CMRC_VEH_I,MAKE,MODEL,LIC_PLATE_STATE,VEHICLE_YEAR,VEHICLE_DEFECT,VEHICLE_TYPE,VEHICLE_USE,TRAVEL_DIRECTION,MANEUVER,TOWED_I,FIRE_I,OCCUPANT_CNT,EXCEED_SPEED_LIMIT_I,TOWED_BY,TOWED_TO,AREA_00_I,AREA_01_I,AREA_02_I,AREA_03_I,AREA_04_I,AREA_05_I,AREA_06_I,AREA_07_I,AREA_08_I,AREA_09_I,AREA_10_I,AREA_11_I,AREA_12_I,AREA_99_I,FIRST_CONTACT_POINT,CMV_ID,USDOT_NO,CCMC_NO,ILCC_NO,COMMERCIAL_SRC,GVWR,CARRIER_NAME,CARRIER_STATE,CARRIER_CITY,HAZMAT_PLACARDS_I,HAZMAT_NAME,UN_NO,HAZMAT_PRESENT_I,HAZMAT_REPORT_I,HAZMAT_REPORT_NO,MCS_REPORT_I,MCS_REPORT_NO,HAZMAT_VIO_CAUSE_CRASH_I,MCS_VIO_CAUSE_CRASH_I,IDOT_PERMIT_NO,WIDE_LOAD_I,TRAILER1_WIDTH,TRAILER2_WIDTH,TRAILER1_LENGTH,TRAILER2_LENGTH,TOTAL_VEHICLE_LENGTH,AXLE_CNT,VEHICLE_CONFIG,CARGO_BODY_TYPE,LOAD_TYPE,HAZMAT_OUT_OF_SERVICE_I,MCS_OUT_OF_SERVICE_I,HAZMAT_CLASS
2127594,6ff7235190990b6d0fba7469b3dcf6965996e4bd8d0096e0f23c588040c42ef1283cfc3a78dbe4dd24ee3f195cfe919a00c49a97d5262fa48b45430e0b0f5694,08/13/2025 11:00:00 AM,2,DRIVER,,2028230,,FORD,ESCAPE,IL,2012,NONE,SPORT UTILITY VEHICLE (SUV),PERSONAL,UNKNOWN,TURNING LEFT,,,1,,,,,,Y,Y,Y,,,,,,,,,,SIDE-RIGHT,,,,,,,,,,,,,,,,,,,,,,,,,,,,,,,,,
2127643,9656ff0876f136ce2e40dbfa7a185540e2ff54214cc525f65cb04bb357ae9ca36394d28e1a7fe2885e8485cf8138fef2e326b11fc8c52c6a9c4a2fe9ceb28816,08/13/2025 11:00:00 AM,1,DRIVER,,2028271,,MAZDA,CX-5,IL,2024,UNKNOWN,PASSENGER,PERSONAL,N,LEAVING TRAFFIC LANE TO PARK,,,1,,,,,Y,,,,,,,,,,,,,FRONT-RIGHT-CORNER,,,,,,,,,,,,,,,,,,,,,,,,,,,,,,,,,
2127644,9656ff0876f136ce2e40dbfa7a185540e2ff54214cc525f65cb04bb357ae9ca36394d28e1a7fe2885e8485cf8138fef2e326b11fc8c52c6a9c4a2fe9ceb28816,08/13/2025 11:00:00 AM,2,DRIVER,,2028276,,CHEVROLET,EQUINOX,IL,,NONE,PASSENGER,PERSONAL,N,OTHER,,,1,,,,,,,,,,,,,,,,,,REAR-LEFT-CORNER,,,,,,,,,,,,,,,,,,,,,,,,,,,,,,,,,
2127629,899c4d44fa42d5a1f4406c36ca68012f92a4660e84072ebb96f6e4851318ec21ec04f8d0ed3f5450836095b2a1027a2eedbd653d952a948c470819018eeffc7a,08/13/2025 10:50:00 AM,1,DRIVER,,2028262,Y,VOLVO,TRUCK,IL,2025,UNKNOWN,TRACTOR W/ SEMI-TRAILER,COMMERCIAL - MULTI-UNIT,W,TURNING RIGHT,,,1,,,,,,,,,,,,,,,Y,,,FRONT-LEFT-CORNER,"21,987",,,,,,EDI,IL,NORTHBROOK,,,,N,N,,N,,N,U,,,,,,,,4,TRACTOR/SEMI-TRAILER,VAN/ENCLOSED BOX,UNKNOWN,N,N,
2127630,899c4d44fa42d5a1f4406c36ca68012f92a4660e84072ebb96f6e4851318ec21ec04f8d0ed3f5450836095b2a1027a2eedbd653d952a948c470819018eeffc7a,08/13/2025 10:50:00 AM,2,PARKED,1,2028274,Y,VOLVO,TRUCK,IL,2007,UNKNOWN,TRACTOR W/O SEMI-TRAILER,COMMERCIAL - MULTI-UNIT,UNKNOWN,PARKED,,,1,,,,,,,,,,,,,,,Y,,,FRONT-LEFT-CORNER,"21,988",,,,,,LIBERTY WASTE & RECYCLING SERVICES,IL,VILLA PARK,,,,,,,,,,,,,,,,,,,TRUCK/TRACTOR,OTHER,UNKNOWN,,,
2127659,9c79f5406b6f7459c3db115fc64434b7dad3e3b860a519bec0fafb085bf5e4b334f5ff1f51c52363bb250b6feb884b328ecf4e2e4a94746cdf55cd858a3ddb4d,08/13/2025 10:45:00 AM,1,PARKED,1,2028289,,JEEP,PATRIOT,IL,2017,NONE,SPORT UTILITY VEHICLE (SUV),RIDESHARE SERVICE,S,PARKED,,,1,,,,,,,,,,,,,Y,Y,,,,SIDE-LEFT,,,,,,,,,,,,,,,,,,,,,,,,,,,,,,,,,
2127660,9c79f5406b6f7459c3db115fc64434b7dad3e3b860a519bec0fafb085bf5e4b334f5ff1f51c52363bb250b6feb884b328ecf4e2e4a94746cdf55cd858a3ddb4d,08/13/2025 10:45:00 AM,2,DRIVER,1,2028294,,DODGE,RAM 2500 PU,IA,2021,NONE,PICKUP,PERSONAL,S,STRAIGHT AHEAD,,,2,,,,,,Y,Y,Y,,,,,,,,,,SIDE-RIGHT,,,,,,,,,,,,,,,,,,,,,,,,,,,,,,,,,
2127580,f260a67b1080ae3e3cb049eae79f682d6377ef2b2a8a10b411f82ae5c1dc75c7149382dc731142771f906ea145848ae463245e62f7dc5ee2aed86bd982d71f21,08/13/2025 10:45:00 AM,1,DRIVER,,2028210,,BUICK,ENCLAVE,IL,2018,NONE,PASSENGER,PERSONAL,E,STRAIGHT AHEAD,Y,,1,,PRIVATE,,,Y,,,,,,,,,,Y,Y,,FRONT,,,,,,,,,,,,,,,,,,,,,,,,,,,,,,,,,
2127581,f260a67b1080ae3e3cb049eae79f682d6377ef2b2a8a10b411f82ae5c1dc75c7149382dc731142771f906ea145848ae463245e62f7dc5ee2aed86bd982d71f21,08/13/2025 10:45:00 AM,2,DRIVER,,2028221,,TOYOTA,CAMRY,IL,2005,NONE,PASSENGER,PERSONAL,E,STRAIGHT AHEAD,,,1,,,,,Y,,,,Y,Y,Y,,,,Y,Y,,REAR,,,,,,,,,,,,,,,,,,,,,,,,,,,,,,,,,
2127582,f260a67b1080ae3e3cb049eae79f682d6377ef2b2a8a10b411f82ae5c1dc75c7149382dc731142771f906ea145848ae463245e62f7dc5ee2aed86bd982d71f21,08/13/2025 10:45:00 AM,3,DRIVER,3,2028226,,NISSAN,SENTRA,IL,2019,NONE,PASSENGER,PERSONAL,E,SLOW/STOP IN TRAFFIC,,,4,,,,,,,,,Y,Y,Y,,,,,,,REAR,,,,,,,,,,,,,,,,,,,,,,,,,,,,,,,,,
2127639,fb03c90ee7eaa4808f88db1214a575fbeb5bad42680fbeca67d1d8c9682df8bbde1d845bc1ae501de32258f341d96374388a0fc64661404b51e48609176530fb,08/13/2025 10:45:00 AM,1,DRIVER,,2028265,,DODGE,CARAVAN,IL,2016,NONE,VAN/MINI-VAN,PERSONAL,N,STRAIGHT AHEAD,,,1,,,,,,,,,,,,,,,,Y,,FRONT,,,,,,,,,,,,,,,,,,,,,,,,,,,,,,,,,
2127640,fb03c90ee7eaa4808f88db1214a575fbeb5bad42680fbeca67d1d8c9682df8bbde1d845bc1ae501de32258f341d96374388a0fc64661404b51e48609176530fb,08/13/2025 10:45:00 AM,2,DRIVER,,2028269,,MERCEDES-BENZ,E63,IL,2015,NONE,PASSENGER,PERSONAL,N,SLOW/STOP IN TRAFFIC,,,1,,,,,,,,,,Y,,,,,,,,REAR,,,,,,,,,,,,,,,,,,,,,,,,,,,,,,,,,
2127623,fd90090c2d49a0ff4c16da8dffaf1fb4c6b32ff2ea280fba48afab077af2545cbc071328cd337893a456418b956a3328209c9944e6d3a0f91bcff1712e0d590b,08/13/2025 10:45:00 AM,1,DRIVER,2,2028252,,HONDA,ACCORD,MS,2006,UNKNOWN,PASSENGER,PERSONAL,N,ENTER FROM DRIVE/ALLEY,,,3,,,,,Y,,,,,,,,,,Y,Y,,FRONT,,,,,,,,,,,,,,,,,,,,,,,,,,,,,,,,,
2127624,fd90090c2d49a0ff4c16da8dffaf1fb4c6b32ff2ea280fba48afab077af2545cbc071328cd337893a456418b956a3328209c9944e6d3a0f91bcff1712e0d590b,08/13/2025 10:45:00 AM,2,DRIVER,,2028259,,CHEVROLET,EQUINOX,IL,2016,UNKNOWN,SPORT UTILITY VEHICLE (SUV),PERSONAL,E,STRAIGHT AHEAD,,,1,,,,,,N,Y,Y,,,,,,,,,,SIDE-RIGHT,,,,,,,,,,,,,,,,,,,,,,,,,,,,,,,,,
2127641,b284d324b6c9591767a271bd74acdfd74aa8573a8f653db8b3785401701b75a9552d0e8264f2166540ec10ea970d7268581c154c4c9376f31e2990f7cd247c1c,08/13/2025 10:40:00 AM,1,DRIVER,,2028277,,HONDA,ODYSSEY,IL,2008,UNKNOWN,VAN/MINI-VAN,UNKNOWN/NA,SW,STRAIGHT AHEAD,,,1,,,,,Y,,,,,,,,,,N,Y,,FRONT-RIGHT-CORNER,,,,,,,,,,,,,,,,,,,,,,,,,,,,,,,,,
2127642,b284d324b6c9591767a271bd74acdfd74aa8573a8f653db8b3785401701b75a9552d0e8264f2166540ec10ea970d7268581c154c4c9376f31e2990f7cd247c1c,08/13/2025 10:40:00 AM,2,DRIVER,,2028267,,CADILLAC,XTS,IL,2013,UNKNOWN,PASSENGER,PERSONAL,SW,TURNING RIGHT,,,1,,,,,,,,,Y,Y,Y,,,,,,,REAR,,,,,,,,,,,,,,,,,,,,,,,,,,,,,,,,,
2128023,e50366865a260f8e9d1bf6453dc674d210bbb18f2e14c828d67949f75d11b432a8db030fc77f3c61cc98f78916faa605f6c596f4485110aa9ada6d8b98e18d69,08/13/2025 10:40:00 AM,1,DRIVER,,2028632,,ISUZU,OTHER (EXPLAIN IN NARRATIVE),IL,2023,UNKNOWN,UNKNOWN/NA,OTHER,S,STRAIGHT AHEAD,,,1,,,,,,,,,,,,,,Y,,,,SIDE-LEFT,,,,,,,,,,,,,,,,,,,,,,,,,,,,,,,,,
2128024,e50366865a260f8e9d1bf6453dc674d210bbb18f2e14c828d67949f75d11b432a8db030fc77f3c61cc98f78916faa605f6c596f4485110aa9ada6d8b98e18d69,08/13/2025 10:40:00 AM,2,DRIVER,,2028640,,FORD,F150,IL,2024,NONE,TRUCK - SINGLE UNIT,PERSONAL,N,STRAIGHT AHEAD,,,1,,,,,,,,,,,,,,Y,,,,SIDE-LEFT,,,,,,,,,,,,,,,,,,,,,,,,,,,,,,,,,
2127583,f6b854416254cea33dc0db331c0f67bce66c6d5171c00e6b9b3a6249d9d25c1e56f10f81b6dd467e490664d59df99b3dec7dea44d8fc0b291078f4554fe96759,08/13/2025 10:40:00 AM,1,DRIVER,,2028225,,HONDA,CR-V,IL,2026,NONE,PASSENGER,PERSONAL,W,BACKING,,,1,,,,,,,,,Y,,,,,,,,,REAR-RIGHT-CORNER,,,,,,,,,,,,,,,,,,,,,,,,,,,,,,,,,
2127584,f6b854416254cea33dc0db331c0f67bce66c6d5171c00e6b9b3a6249d9d25c1e56f10f81b6dd467e490664d59df99b3dec7dea44d8fc0b291078f4554fe96759,08/13/2025 10:40:00 AM,2,DRIVER,1,2028229,,VOLKSWAGEN,JETTA,IL,2025,NONE,PASSENGER,PERSONAL,E,STRAIGHT AHEAD,,,2,,,,,,,,,,,,,,,Y,,,FRONT-LEFT-CORNER,,,,,,,,,,,,,,,,,,,,,,,,,,,,,,,,,
2127621,8c3d168da15c9ff8700c7d37c9a30ff9020175a813dc6ffdfe0c2a60fd54e98922232501155155b86ba623786137173d611cf1495c59e6063f2ea369af10da5d,08/13/2025 10:35:00 AM,1,DRIVER,,2028250,Y,FREIGHTLINER CORPORATION,FREIGHTLINER CORP.,IL,2009,UNKNOWN,TRACTOR W/ SEMI-TRAILER,COMMERCIAL - MULTI-UNIT,S,BACKING,,,1,,,,,,,Y,,,,,,,,,,,SIDE-RIGHT,"21,986",1610137,595390,144966,SIDE OF TRUCK,,J.L. MARTINEZ TRUCKING INC,,,,,,,,,,,,,,,,,,,,,TRACTOR/SEMI-TRAILER,DUMP,UNKNOWN,,,
2127622,8c3d168da15c9ff8700c7d37c9a30ff9020175a813dc6ffdfe0c2a60fd54e98922232501155155b86ba623786137173d611cf1495c59e6063f2ea369af10da5d,08/13/2025 10:35:00 AM,2,PARKED,,2028254,,DODGE,OTHER (EXPLAIN IN NARRATIVE),,2022,UNKNOWN,OTHER,TOW TRUCK,N,PARKED,,,0,,,,,,,,,,,,Y,N,,,,,SIDE-LEFT,,,,,,,,,,,,,,,,,,,,,,,,,,,,,,,,,
2127578,d124c7979a2df197567c6b360edda8b9a759dcc58f10744bc91389f4fefc49da89b0b19975b9c471fa01350057b3b9755368b173204c476fc73fd43687471466,08/13/2025 10:35:00 AM,1,DRIVER,,2028214,,HONDA,CIVIC,IL,2018,UNKNOWN,PASSENGER,PERSONAL,N,STRAIGHT AHEAD,,,1,,,,,Y,,,,,,,,,,Y,Y,,FRONT,,,,,,,,,,,,,,,,,,,,,,,,,,,,,,,,,
2127579,d124c7979a2df197567c6b360edda8b9a759dcc58f10744bc91389f4fefc49da89b0b19975b9c471fa01350057b3b9755368b173204c476fc73fd43687471466,08/13/2025 10:35:00 AM,2,DRIVER,,2028224,,HONDA,CIVIC,IL,2021,UNKNOWN,PASSENGER,PERSONAL,N,SLOW/STOP IN TRAFFIC,,,1,,,,,,,,,,Y,,,,,,,,REAR,,,,,,,,,,,,,,,,,,,,,,,,,,,,,,,,,
2127585,9648beef22adb1c7fc6e45149643aff683084f4fa1b691654bca4dd8e82e38457446a7e8b0d5bfab6e1f79db56efa73c0205a16c9db784b8a8c6814368e84707,08/13/2025 10:29:00 AM,1,DRIVER,,2028222,,TOYOTA,CAMRY,IL,2016,UNKNOWN,PASSENGER,UNKNOWN/NA,W,STRAIGHT AHEAD,,,1,,,,,,,,,,,,,,,,,Y,UNKNOWN,,,,,,,,,,,,,,,,,,,,,,,,,,,,,,,,,
2127586,9648beef22adb1c7fc6e45149643aff683084f4fa1b691654bca4dd8e82e38457446a7e8b0d5bfab6e1f79db56efa73c0205a16c9db784b8a8c6814368e84707,08/13/2025 10:29:00 AM,2,DRIVER,,2028227,,HONDA,CIVIC,IL,2009,NONE,PASSENGER,PERSONAL,W,STRAIGHT AHEAD,,,1,,,,,,,,,,,,,,,Y,Y,,SIDE-LEFT-FRONT,,,,,,,,,,,,,,,,,,,,,,,,,,,,,,,,,
2127617,90452d915a9a1cf2fd6c23baacd26de508f9bd4cf7eb8ad1142b7f19954a95e922905962184b17ce2e37022dfb3108ffc78f18d2b257864fe9b9fe5ba10d8d7a,08/13/2025 10:26:00 AM,1,DRIVER,,2028251,,CHEVROLET,EQUINOX,IL,2020,NONE,PASSENGER,PERSONAL,E,TURNING RIGHT,,,1,,,,,Y,Y,,,,,,,,,,,,UNKNOWN,,,,,,,,,,,,,,,,,,,,,,,,,,,,,,,,,
2127618,90452d915a9a1cf2fd6c23baacd26de508f9bd4cf7eb8ad1142b7f19954a95e922905962184b17ce2e37022dfb3108ffc78f18d2b257864fe9b9fe5ba10d8d7a,08/13/2025 10:26:00 AM,2,PEDESTRIAN,,,,,,,,,,,,,,,,,,,,,,,,,,,,,,,,,,,,,,,,,,,,,,,,,,,,,,,,,,,,,,,,,,
2127608,a60b6134693025f051a6b22046f3fc9e8de6a12674eee32bb5d1ea885098d9449d38a4ed6ba1240578c96f6a3a25b5a3e608f98fe76c72c6349bdcef0f121ac8,08/13/2025 10:25:00 AM,1,DRIVER,,2028245,,NISSAN,FRONTIER,IL,2015,NONE,PASSENGER,PERSONAL,S,STRAIGHT AHEAD,,,1,,,,,Y,,,,,,,,,,,Y,,FRONT,,,,,,,,,,,,,,,,,,,,,,,,,,,,,,,,,
2127609,a60b6134693025f051a6b22046f3fc9e8de6a12674eee32bb5d1ea885098d9449d38a4ed6ba1240578c96f6a3a25b5a3e608f98fe76c72c6349bdcef0f121ac8,08/13/2025 10:25:00 AM,2,DRIVER,1,2028261,,KIA,OTHER (EXPLAIN IN NARRATIVE),IA,2023,NONE,PASSENGER,RIDESHARE SERVICE,S,STRAIGHT AHEAD,,,2,,,,,,,,,Y,Y,Y,,,,,,,REAR,,,,,,,,,,,,,,,,,,,,,,,,,,,,,,,,,
2127572,be3721c08040e40ffbe0a62adc77a1145eafbd1ae98bfa5fecdcc39dbe1f095cb11b5b07abbd7d8ffe06f933413224be581732a7ec136c2828f2b7e5e398e389,08/13/2025 10:25:00 AM,1,DRIVER,,2028211,,NISSAN,ALTIMA,,,OTHER,PASSENGER,PERSONAL,W,STRAIGHT AHEAD,,,1,,,,,,,Y,,,,,,,,,,,SIDE-RIGHT,,,,,,,,,,,,,,,,,,,,,,,,,,,,,,,,,
2127573,be3721c08040e40ffbe0a62adc77a1145eafbd1ae98bfa5fecdcc39dbe1f095cb11b5b07abbd7d8ffe06f933413224be581732a7ec136c2828f2b7e5e398e389,08/13/2025 10:25:00 AM,2,BICYCLE,,,,,,,,,,,,,,,,,,,,,,,,,,,,,,,,,,,,,,,,,,,,,,,,,,,,,,,,,,,,,,,,,,
2127633,89ed464f9a84655ec7401225cf6493c7abc87c18aa1b9b688ac6ea49ac7f5e8948670093628554702bad0b4e79555286eac9c1f5bdffc029d5b5b187ec3085fb,08/13/2025 10:20:00 AM,1,DRIVER,,2028266,,HONDA,CIVIC,IL,2009,UNKNOWN,PASSENGER,PERSONAL,W,PASSING/OVERTAKING,,,1,,,,,Y,,,,,,,,,,,,,FRONT-RIGHT-CORNER,,,,,,,,,,,,,,,,,,,,,,,,,,,,,,,,,
2127634,89ed464f9a84655ec7401225cf6493c7abc87c18aa1b9b688ac6ea49ac7f5e8948670093628554702bad0b4e79555286eac9c1f5bdffc029d5b5b187ec3085fb,08/13/2025 10:20:00 AM,2,DRIVER,,2028278,,TOYOTA,CAMRY,IL,2016,UNKNOWN,UNKNOWN/NA,PERSONAL,W,STRAIGHT AHEAD,,,1,,,,,,,,,,,Y,,,,,,,REAR-LEFT-CORNER,,,,,,,,,,,,,,,,,,,,,,,,,,,,,,,,,
2129016,4c9170e581fa0873e68cc2e9ef2036dafb6a46aca0bcfcb5df3a28b56253a7efd16f1aa07f6264f07848758dff15e593165a0307b745b1a0f8aa127e6d12b45f,08/13/2025 10:15:00 AM,1,BICYCLE,,,,,,,,,,,,,,,,,,,,,,,,,,,,,,,,,,,,,,,,,,,,,,,,,,,,,,,,,,,,,,,,,,
2129017,4c9170e581fa0873e68cc2e9ef2036dafb6a46aca0bcfcb5df3a28b56253a7efd16f1aa07f6264f07848758dff15e593165a0307b745b1a0f8aa127e6d12b45f,08/13/2025 10:15:00 AM,2,DRIVER,,2029581,,FORD,FUSION,IL,2020,UNKNOWN,PASSENGER,PERSONAL,SE,TURNING LEFT,,,1,,,,,,,,Y,Y,,,,,,,,,SIDE-RIGHT-REAR,,,,,,,,,,,,,,,,,,,,,,,,,,,,,,,,,
2127557,717c724508499a7fff65a64141f3dd9a9869782a36fb205eebdff0a2d90d54e57cfae2ee1553ad9c953907b507fdc72cdf296a44ab3fdfd1f6da31e972caeaa3,08/13/2025 10:12:00 AM,1,DRIVER,,2028197,,KIA,OPTIMA / K5,IL,2020,UNKNOWN,UNKNOWN/NA,UNKNOWN/NA,E,ENTERING TRAFFIC LANE FROM PARKING,,,1,,,,,Y,,,,,,,,,,,Y,,FRONT-RIGHT-CORNER,,,,,,,,,,,,,,,,,,,,,,,,,,,,,,,,,
2127558,717c724508499a7fff65a64141f3dd9a9869782a36fb205eebdff0a2d90d54e57cfae2ee1553ad9c953907b507fdc72cdf296a44ab3fdfd1f6da31e972caeaa3,08/13/2025 10:12:00 AM,2,PARKED,,2028206,,HYUNDAI,KONA,IL,2022,UNKNOWN,UNKNOWN/NA,NOT IN USE,E,PARKED,,,0,,,,,,,,,,Y,Y,,,,,,,SIDE-LEFT-REAR,,,,,,,,,,,,,,,,,,,,,,,,,,,,,,,,,
2127561,31e3018e9544f2a6b1447b23dca6b2c5c9a0d7f6b968f0963ebf7f96f072c0c827ec26db3a6fa3af70d859411f1acbb22dcd54bfbbce78eeb7c0ffbbc2f02572,08/13/2025 10:02:00 AM,1,DRIVER,,2028200,N,CHEVROLET,EXPRESS,IL,2008,UNKNOWN,OTHER,OTHER,E,BACKING,,,1,,,,,,,,,,Y,,,,,,,,REAR,,,,,,,,,,,,,,,,,,,,,,,,,,,,,,,,,
2127562,31e3018e9544f2a6b1447b23dca6b2c5c9a0d7f6b968f0963ebf7f96f072c0c827ec26db3a6fa3af70d859411f1acbb22dcd54bfbbce78eeb7c0ffbbc2f02572,08/13/2025 10:02:00 AM,2,DRIVER,,2028209,,TOYOTA,COROLLA,CO,2024,UNKNOWN,PASSENGER,RIDESHARE SERVICE,W,STRAIGHT AHEAD,,,1,,,,,,,,,Y,Y,,,,,,,,REAR-RIGHT-CORNER,,,,,,,,,,,,,,,,,,,,,,,,,,,,,,,,,
2127574,0afda1ad66fc61da2a1b9f6322116304b3d515352c1321ccac68a1dea74da8bc3417258c8538240454300aa4d4a9eae8538c4078d0008a1469f2b67501a3a079,08/13/2025 10:00:00 AM,1,DRIVER,,2028212,,FORD,ESCAPE,IL,2009,UNKNOWN,SPORT UTILITY VEHICLE (SUV),PERSONAL,E,STRAIGHT AHEAD,,,1,,,,,,,,,,,,,,Y,Y,,,TOTAL (ALL AREAS),,,,,,,,,,,,,,,,,,,,,,,,,,,,,,,,,
2127575,0afda1ad66fc61da2a1b9f6322116304b3d515352c1321ccac68a1dea74da8bc3417258c8538240454300aa4d4a9eae8538c4078d0008a1469f2b67501a3a079,08/13/2025 10:00:00 AM,2,DRIVER,,2028737,,JEEP,CHEROKEE,IL,2017,UNKNOWN,SPORT UTILITY VEHICLE (SUV),PERSONAL,W,STRAIGHT AHEAD,,,1,,,,,,,,,,,,,,,Y,,,TOTAL (ALL AREAS),,,,,,,,,,,,,,,,,,,,,,,,,,,,,,,,,
2127595,4d68cfcca20d5a3d8f223c982bc7d2acade076b47e4c83d23707b669e16767726f306e85bf3fc4312aaee5ba0f1e6ff51822fa5eb6dd5f61eeb2bb9cf36b3bf5,08/13/2025 10:00:00 AM,1,DRIVER,,2028228,,CHEVROLET,CRUZE,IL,2011,UNKNOWN,PASSENGER,PERSONAL,N,TURNING LEFT,,,1,,,,,,Y,Y,,,,,,,,,,,SIDE-RIGHT,,,,,,,,,,,,,,,,,,,,,,,,,,,,,,,,,
2127596,4d68cfcca20d5a3d8f223c982bc7d2acade076b47e4c83d23707b669e16767726f306e85bf3fc4312aaee5ba0f1e6ff51822fa5eb6dd5f61eeb2bb9cf36b3bf5,08/13/2025 10:00:00 AM,2,DRIVER,2,2028237,,HONDA,HR-V,IL,2022,UNKNOWN,SPORT UTILITY VEHICLE (SUV),PERSONAL,S,STRAIGHT AHEAD,,,3,,,,,Y,,,,,,,,,,Y,Y,,FRONT,,,,,,,,,,,,,,,,,,,,,,,,,,,,,,,,,
2128419,57dc02343333c3454d3fc28b2dbc8d8a6e28cfcf9ea116170a55224084c8d36b904a1126c2974db549f687e051fdb6fbec094c1ae106ef659cb73199734bde9b,08/13/2025 10:00:00 AM,1,DRIVER,,2029009,,CHEVROLET,TRAVERSE,,2010,UNKNOWN,UNKNOWN/NA,UNKNOWN/NA,S,STRAIGHT AHEAD,,,1,,,,,,,,,,,,,,,,,Y,UNKNOWN,,,,,,,,,,,,,,,,,,,,,,,,,,,,,,,,,
2128420,57dc02343333c3454d3fc28b2dbc8d8a6e28cfcf9ea116170a55224084c8d36b904a1126c2974db549f687e051fdb6fbec094c1ae106ef659cb73199734bde9b,08/13/2025 10:00:00 AM,2,PARKED,,2029011,,HYUNDAI,ELANTRA,IL,2020,UNKNOWN,PASSENGER,PERSONAL,S,PARKED,,,0,,,,,,,,,,,,,,,Y,,,FRONT-LEFT-CORNER,,,,,,,,,,,,,,,,,,,,,,,,,,,,,,,,,
2127901,c2d034c84d52cfd9693442d989c765ecb1be59f61804b6c97af4b845c5216b51bc124f633ed2c91c42e2feba195799647781230ab782ccc2127839df3968d7f1,08/13/2025 10:00:00 AM,1,DRIVER,,2028521,,HONDA,ACCORD,IL,2010,UNKNOWN,PASSENGER,PERSONAL,N,STRAIGHT AHEAD,,,1,,,,,Y,,,,,,,,,,Y,Y,,FRONT,,,,,,,,,,,,,,,,,,,,,,,,,,,,,,,,,
2127902,c2d034c84d52cfd9693442d989c765ecb1be59f61804b6c97af4b845c5216b51bc124f633ed2c91c42e2feba195799647781230ab782ccc2127839df3968d7f1,08/13/2025 10:00:00 AM,2,DRIVER,,2028524,,CHEVROLET,COLORADO,IL,2004,UNKNOWN,TRUCK - SINGLE UNIT,PERSONAL,N,SLOW/STOP IN TRAFFIC,,,1,,,,,,,,,Y,Y,Y,,,,,,,REAR,,,,,,,,,,,,,,,,,,,,,,,,,,,,,,,,,
2127547,222c85f2c94d089c2f5ec48a0764f66f1dda5d3d7cd11a8ae5a0606501fadfa3e0f2ac5f78aa55d1167c36f18a5ac43e30ca8e308963218da3e900ac6eada278,08/13/2025 09:50:00 AM,1,DRIVER,,2028181,N,FORD,F350,IL,2024,NONE,PICKUP,OTHER,N,MERGING,,,1,,,,,N,N,,,,,,,,Y,Y,,,FRONT-LEFT-CORNER,,,,,,,,,,,,,,,,,,,,,,,,,,,,,,,,,
2127548,222c85f2c94d089c2f5ec48a0764f66f1dda5d3d7cd11a8ae5a0606501fadfa3e0f2ac5f78aa55d1167c36f18a5ac43e30ca8e308963218da3e900ac6eada278,08/13/2025 09:50:00 AM,2,DRIVER,,2028190,,TOYOTA,RAV4,IL,2017,NONE,PASSENGER,PERSONAL,N,STRAIGHT AHEAD,Y,,1,,PRIVATE TOW,,,Y,Y,Y,,,,,,,,,,,FRONT-RIGHT-CORNER,,,,,,,,,,,,,,,,,,,,,,,,,,,,,,,,,
2127563,57c7034271171358e54e41d13f3ba08ec8dee808b735b6cb51c127283b8da863f63eca423ff741708715f938f9762663a116bd6c22d6d046ae8faef2b14000b7,08/13/2025 09:50:00 AM,1,DRIVER,,2028208,,AUDI,Q7,IL,2022,UNKNOWN,SPORT UTILITY VEHICLE (SUV),PERSONAL,E,ENTER FROM DRIVE/ALLEY,,,1,,,,,,,,,,,,Y,Y,Y,Y,Y,,FRONT-LEFT-CORNER,,,,,,,,,,,,,,,,,,,,,,,,,,,,,,,,,
2127564,57c7034271171358e54e41d13f3ba08ec8dee808b735b6cb51c127283b8da863f63eca423ff741708715f938f9762663a116bd6c22d6d046ae8faef2b14000b7,08/13/2025 09:50:00 AM,2,DRIVER,,2028232,,CHEVROLET,OTHER (EXPLAIN IN NARRATIVE),IL,2014,UNKNOWN,PASSENGER,PERSONAL,S,STRAIGHT AHEAD,Y,,1,,private tow,unk,,Y,Y,Y,Y,Y,Y,Y,,,,Y,Y,,SIDE-RIGHT,,,,,,,,,,,,,,,,,,,,,,,,,,,,,,,,,
2127538,723c69a8e0c7af5546b6d997a1e09a6ecefa987acce2833881b6dd7ebee009828863685df7109834993c963257fe7d3b2e02a6a6814947e5d67921ab863f90b4,08/13/2025 09:50:00 AM,1,DRIVER,,2028192,,TOYOTA,OTHER (EXPLAIN IN NARRATIVE),IL,2016,UNKNOWN,PASSENGER,TAXI/FOR HIRE,S,UNKNOWN/NA,,,1,,,,,,,,,,,,,,Y,Y,,,SIDE-LEFT-FRONT,,,,,,,,,,,,,,,,,,,,,,,,,,,,,,,,,