CRASH_UNIT_ID,CRASH_RECORD_ID,CRASH_DATE,UNIT_NO,UNIT_TYPE,NUM_PASSENGERS,VEHICLE_ID,CMRC_VEH_I,MAKE,MODEL,LIC_PLATE_STATE,VEHICLE_YEAR,VEHICLE_DEFECT,VEHICLE_TYPE,VEHICLE_USE,TRAVEL_DIRECTION,MANEUVER,TOWED_I,FIRE_I,OCCUPANT_CNT,EXCEED_SPEED_LIMIT_I,TOWED_BY,TOWED_TO,AREA_00_I,AREA_01_I,AREA_02_I,AREA_03_I,AREA_04_I,AREA_05_I,AREA_06_I,AREA_07_I,AREA_08_I,AREA_09_I,AREA_10_I,AREA_11_I,AREA_12_I,AREA_99_I,FIRST_CONTACT_POINT,CMV_ID,USDOT_NO,CCMC_NO,ILCC_NO,COMMERCIAL_SRC,GVWR,CARRIER_NAME,CARRIER_STATE,CARRIER_CITY,HAZMAT_PLACARDS_I,HAZMAT_NAME,UN_NO,HAZMAT_PRESENT_I,HAZMAT_REPORT_I,HAZMAT_REPORT_NO,MCS_REPORT_I,MCS_REPORT_NO,HAZMAT_VIO_CAUSE_CRASH_I,MCS_VIO_CAUSE_CRASH_I,IDOT_PERMIT_NO,WIDE_LOAD_I,TRAILER1_WIDTH,TRAILER2_WIDTH,TRAILER1_LENGTH,TRAILER2_LENGTH,TOTAL_VEHICLE_LENGTH,AXLE_CNT,VEHICLE_CONFIG,CARGO_BODY_TYPE,LOAD_TYPE,HAZMAT_OUT_OF_SERVICE_I,MCS_OUT_OF_SERVICE_I,HAZMAT_CLASS
2127539,723c69a8e0c7af5546b6d997a1e09a6ecefa987acce2833881b6dd7ebee009828863685df7109834993c963257fe7d3b2e02a6a6814947e5d67921ab863f90b4,08/13/2025 09:50:00 AM,2,DRIVER,,2028183,,CHEVROLET,TRAVERSE,IL,2011,UNKNOWN,PASSENGER,PERSONAL,S,STRAIGHT AHEAD,Y,,1,,ALLSTATE,,,Y,Y,,,,,,,,,,,,SIDE-RIGHT-FRONT,,,,,,,,,,,,,,,,,,,,,,,,,,,,,,,,,
2131122,37bef0981d784772764e01872512b9a95e54a4b826d418e2950904da596c080f480320cd581068abf99c487ccda882c579d8ebe33fbe4e321820b09f30207309,08/13/2025 09:45:00 AM,1,DRIVER,,2031535,,MITSUBISHI,OUTLANDER,IL,2023,NONE,PASSENGER,PERSONAL,S,STRAIGHT AHEAD,,,1,,,,,,,,,,,,,,Y,Y,,,SIDE-LEFT-FRONT,,,,,,,,,,,,,,,,,,,,,,,,,,,,,,,,,
2131123,37bef0981d784772764e01872512b9a95e54a4b826d418e2950904da596c080f480320cd581068abf99c487ccda882c579d8ebe33fbe4e321820b09f30207309,08/13/2025 09:45:00 AM,2,DRIVER,,2031536,,CHRYSLER,TOWN & COUNTRY,IL,2010,NONE,PASSENGER,PERSONAL,N,STRAIGHT AHEAD,,,1,,,,,,,,,,,Y,Y,,,,,,SIDE-LEFT-REAR,,,,,,,,,,,,,,,,,,,,,,,,,,,,,,,,,
2127599,fae9650ce10a2880175f957c6fde66251ec2372082af5bfe64e3ea7e605f3e3c949473de9b22aa790b19adef8a3d48727bbcf15a0b5d5a7b8c1464199439426d,08/13/2025 09:45:00 AM,1,DRIVER,,2028231,,NISSAN,SENTRA,IL,,UNKNOWN,PASSENGER,PERSONAL,N,STRAIGHT AHEAD,,,1,,,,,,,,,,,,,,,Y,,,SIDE-LEFT-FRONT,,,,,,,,,,,,,,,,,,,,,,,,,,,,,,,,,
2127600,fae9650ce10a2880175f957c6fde66251ec2372082af5bfe64e3ea7e605f3e3c949473de9b22aa790b19adef8a3d48727bbcf15a0b5d5a7b8c1464199439426d,08/13/2025 09:45:00 AM,2,DRIVER,,2028235,,CHEVROLET,MALIBU,IL,2019,UNKNOWN,PASSENGER,PERSONAL,N,STRAIGHT AHEAD,,,1,,,,,,,Y,,,,,,,,,,,SIDE-RIGHT-FRONT,,,,,,,,,,,,,,,,,,,,,,,,,,,,,,,,,
2129829,ffba85171bbe60caac4f397e5c097cb46847c79930ed21556084025232b5af1672267054131315ffec0161af32911f97ecc8c9f513c20c8a19f09a415208bcc6,08/13/2025 09:45:00 AM,1,DRIVER,1,2030348,,CHEVROLET,IMPALA,IL,2004,NONE,PASSENGER,PERSONAL,E,STRAIGHT AHEAD,,,2,,,,,,,,,,,,,,,,Y,,FRONT,,,,,,,,,,,,,,,,,,,,,,,,,,,,,,,,,
2129830,ffba85171bbe60caac4f397e5c097cb46847c79930ed21556084025232b5af1672267054131315ffec0161af32911f97ecc8c9f513c20c8a19f09a415208bcc6,08/13/2025 09:45:00 AM,2,DRIVER,,2030342,,LEXUS,RX350,IL,2011,NONE,SPORT UTILITY VEHICLE (SUV),PERSONAL,E,STRAIGHT AHEAD,,,1,,,,,,,,,,Y,,,,,,,,REAR,,,,,,,,,,,,,,,,,,,,,,,,,,,,,,,,,
2127545,63ba4987277492b6698843de65b825c1405fa07202bb54fc8dde474ed33c36d35438e114180b55e7f9a308a0e021505c7c7dd5c3f4b90a0d7dcc8440839d7f92,08/13/2025 09:40:00 AM,1,DRIVER,,2028185,,FORD,EDGE,IL,2012,NONE,PASSENGER,PERSONAL,N,AVOIDING VEHICLES/OBJECTS,Y,,1,,PRIVATE TOW,,,Y,,,,,,,,,,Y,Y,Y,FRONT,,,,,,,,,,,,,,,,,,,,,,,,,,,,,,,,,
2127546,63ba4987277492b6698843de65b825c1405fa07202bb54fc8dde474ed33c36d35438e114180b55e7f9a308a0e021505c7c7dd5c3f4b90a0d7dcc8440839d7f92,08/13/2025 09:40:00 AM,2,DRIVER,1,2028195,,JEEP,CHEROKEE,IL,2022,NONE,PASSENGER,PERSONAL,N,STRAIGHT AHEAD,,,2,,,,,,,,,Y,Y,Y,,,,,,Y,REAR,,,,,,,,,,,,,,,,,,,,,,,,,,,,,,,,,
2133132,eb63b89f4bb4f6677044fae4087439894bc38023c2cfd919d27f411f9aa8726e6b3333cea93c9646602b5b5672fb95b2f696bcadc17de323f031fc6222462b3b,08/13/2025 09:35:00 AM,1,DRIVER,,2033459,,DODGE,DURANGO,IN,2020,NONE,SPORT UTILITY VEHICLE (SUV),PERSONAL,W,CHANGING LANES,,,1,,,,,,,,,,,,,,,,,Y,SIDE-RIGHT,,,,,,,,,,,,,,,,,,,,,,,,,,,,,,,,,
2133133,eb63b89f4bb4f6677044fae4087439894bc38023c2cfd919d27f411f9aa8726e6b3333cea93c9646602b5b5672fb95b2f696bcadc17de323f031fc6222462b3b,08/13/2025 09:35:00 AM,2,DRIVER,,2033462,,HYUNDAI,ELANTRA,IN,2013,NONE,PASSENGER,PERSONAL,W,STRAIGHT AHEAD,,,1,,,,,,,,,,,,,Y,,,,,SIDE-LEFT,,,,,,,,,,,,,,,,,,,,,,,,,,,,,,,,,
2127536,58e73f36b9f06c12d0ec9d8c388d4107f7ea6853e3213d433d18b525e0d8922dba554ca2a8f69d2e8243995d14bd73441b09ff8b8e1453c852de2d85242f8472,08/13/2025 09:30:00 AM,1,DRIVER,,2028174,,UNKNOWN,OTHER (EXPLAIN IN NARRATIVE),,,UNKNOWN,PASSENGER,UNKNOWN/NA,E,UNKNOWN/NA,,,1,,,,,,,,,,,,,,,,,Y,UNKNOWN,,,,,,,,,,,,,,,,,,,,,,,,,,,,,,,,,
2127537,58e73f36b9f06c12d0ec9d8c388d4107f7ea6853e3213d433d18b525e0d8922dba554ca2a8f69d2e8243995d14bd73441b09ff8b8e1453c852de2d85242f8472,08/13/2025 09:30:00 AM,2,PARKED,,2028179,Y,FORD,F250,IL,2018,UNKNOWN,PICKUP,OTHER,E,PARKED,,,0,,,,,,,,,,,,,Y,N,,,,SIDE-LEFT,"21,985",,,,,2,COMED,IL,OAKBROOK TERRACE,,,,N,U,,U,,U,U,,,,,,,,,TRUCK/TRAILER,OTHER,OTHER,N,N,
2128213,ac2daa7b79468b1b3e3b193f392fc07715c36ad6db1dd9771161c1806aa8bed0a2e89723335e8849433dc540874655fda703b01868486b9761b3edf01c14ee11,08/13/2025 09:30:00 AM,1,DRIVER,,2028809,,BUICK,RAINIER,IL,2006,NONE,SPORT UTILITY VEHICLE (SUV),PERSONAL,W,STRAIGHT AHEAD,,,1,,,,,,,,,,,,,,,Y,Y,,FRONT,,,,,,,,,,,,,,,,,,,,,,,,,,,,,,,,,
2128214,ac2daa7b79468b1b3e3b193f392fc07715c36ad6db1dd9771161c1806aa8bed0a2e89723335e8849433dc540874655fda703b01868486b9761b3edf01c14ee11,08/13/2025 09:30:00 AM,2,DRIVER,,2028821,,FORD,BRONCO / BRONCO II,IL,2023,NONE,SPORT UTILITY VEHICLE (SUV),PERSONAL,W,SLOW/STOP IN TRAFFIC,,,1,,,,,,,,,,Y,,,,,,Y,,REAR,,,,,,,,,,,,,,,,,,,,,,,,,,,,,,,,,
2128215,ac2daa7b79468b1b3e3b193f392fc07715c36ad6db1dd9771161c1806aa8bed0a2e89723335e8849433dc540874655fda703b01868486b9761b3edf01c14ee11,08/13/2025 09:30:00 AM,3,DRIVER,,2028831,,UNKNOWN,OTHER (EXPLAIN IN NARRATIVE),,,UNKNOWN,UNKNOWN/NA,UNKNOWN/NA,W,SLOW/STOP IN TRAFFIC,,,1,,,,Y,,,,,,,,,,,,,,REAR,,,,,,,,,,,,,,,,,,,,,,,,,,,,,,,,,
2127870,b68105b7c0ca2de9b99d51176bce9a57f9a451191da8376f51e421fce63945b26f6b424aa3fb1b50bb6e7cbe34eb4c7ca2d868bb275c54aa178d1627921eea9f,08/13/2025 09:28:00 AM,1,DRIVER,,2028500,Y,UNKNOWN,MOTORIZED,IL,,UNKNOWN,TRACTOR W/ SEMI-TRAILER,UNKNOWN/NA,N,TURNING RIGHT,,,1,,,,,,,,,,Y,,,,,,,,REAR,"21,990",,,,,,,,,,,,U,U,,U,,U,U,,,,,,,,,"SINGLE UNIT TRUCK, 2 AXLES, 6 TIRES",VAN/ENCLOSED BOX,UNKNOWN,N,,
2127871,b68105b7c0ca2de9b99d51176bce9a57f9a451191da8376f51e421fce63945b26f6b424aa3fb1b50bb6e7cbe34eb4c7ca2d868bb275c54aa178d1627921eea9f,08/13/2025 09:28:00 AM,2,DRIVER,,2028497,,BMW,750,IL,2019,NONE,SPORT UTILITY VEHICLE (SUV),PERSONAL,N,STRAIGHT AHEAD,,,1,,,,,,,,,,,,,,,,Y,,FRONT,,,,,,,,,,,,,,,,,,,,,,,,,,,,,,,,,
2127565,9694d738eb7a10f2dd355ce1c71740f7b46a7197de246a60cb6c924ec58b3f5dc99e338065feb1869f6ea11cc8bf18ff5bc4ab426e582d395aa0931d08f152ce,08/13/2025 09:21:00 AM,1,DRIVER,,2028248,,UNKNOWN,MOTORIZED,IL,,UNKNOWN,PASSENGER,UNKNOWN/NA,W,CHANGING LANES,,,1,,,,,,,,,,,,Y,Y,Y,Y,,,SIDE-LEFT,,,,,,,,,,,,,,,,,,,,,,,,,,,,,,,,,
2127566,9694d738eb7a10f2dd355ce1c71740f7b46a7197de246a60cb6c924ec58b3f5dc99e338065feb1869f6ea11cc8bf18ff5bc4ab426e582d395aa0931d08f152ce,08/13/2025 09:21:00 AM,2,DRIVER,,2028220,,HONDA,CIVIC,IL,2017,UNKNOWN,PASSENGER,PERSONAL,W,STRAIGHT AHEAD,,,1,,,,,Y,Y,Y,,,,,,,,,,,SIDE-RIGHT,,,,,,,,,,,,,,,,,,,,,,,,,,,,,,,,,
2127525,4f6d835e3525f11ad1423fd482685f82132aaf85a6573e21ecbd92483c10c9b7b7cdc426549c0804c73b01be3d94b30b4b687349f32b7e9077dc854ffbdba613,08/13/2025 09:20:00 AM,1,DRIVER,,2028167,,KIA,SPORTAGE,IL,2023,NONE,PASSENGER,PERSONAL,N,TURNING LEFT,Y,,1,,USAA,UNK,,,,,,,,,,,,,,,FRONT,,,,,,,,,,,,,,,,,,,,,,,,,,,,,,,,,
2127526,4f6d835e3525f11ad1423fd482685f82132aaf85a6573e21ecbd92483c10c9b7b7cdc426549c0804c73b01be3d94b30b4b687349f32b7e9077dc854ffbdba613,08/13/2025 09:20:00 AM,2,DRIVER,,2028170,,TOYOTA,CAMRY,IL,2012,NONE,PASSENGER,PERSONAL,W,STRAIGHT AHEAD,,,1,,,,,,,,,,,,,Y,Y,Y,,,SIDE-LEFT,,,,,,,,,,,,,,,,,,,,,,,,,,,,,,,,,
2127543,e659ca4bcfe932a37d0fdd620f63ffb9f6a790c8eb54fd4f09b5b372b2da4403956447d05e85ea0576a1398f01b5365bdfa32491d33f904a98e43e2f79c345b3,08/13/2025 09:20:00 AM,1,DRIVER,,2028189,,NISSAN,SENTRA,IL,2020,NONE,PASSENGER,PERSONAL,NE,TURNING LEFT,,,1,,,,,Y,,,,,,,,,,,Y,,FRONT-RIGHT-CORNER,,,,,,,,,,,,,,,,,,,,,,,,,,,,,,,,,
2127544,e659ca4bcfe932a37d0fdd620f63ffb9f6a790c8eb54fd4f09b5b372b2da4403956447d05e85ea0576a1398f01b5365bdfa32491d33f904a98e43e2f79c345b3,08/13/2025 09:20:00 AM,2,DRIVER,,2028199,,CHRYSLER,200,IL,2015,NONE,PASSENGER,PERSONAL,N,STRAIGHT AHEAD,Y,,1,,unknown tow company,unknown location,,,,,,,,,,,Y,Y,,,FRONT-LEFT-CORNER,,,,,,,,,,,,,,,,,,,,,,,,,,,,,,,,,
2127597,4c1e69cadb2d27315c92dbd2d7b1facbd6d1ca7ea97715931ad979bd2f19edd187c83622db8c744bc0bb9994e81fd6147e410317957b5964707b4ffc0136c070,08/13/2025 09:19:00 AM,1,DRIVER,2,2028233,,BMW,750,IL,2019,UNKNOWN,PASSENGER,UNKNOWN/NA,E,TURNING LEFT,,,3,,,,,Y,,,,,,,,,,Y,Y,,FRONT,,,,,,,,,,,,,,,,,,,,,,,,,,,,,,,,,
2127598,4c1e69cadb2d27315c92dbd2d7b1facbd6d1ca7ea97715931ad979bd2f19edd187c83622db8c744bc0bb9994e81fd6147e410317957b5964707b4ffc0136c070,08/13/2025 09:19:00 AM,2,BICYCLE,,,,,,,,,,,,,,,,,,,,,,,,,,,,,,,,,,,,,,,,,,,,,,,,,,,,,,,,,,,,,,,,,,
2137112,67c9f85cd092fe1ac66b8c3688fcfc0c4e3d5969c5b6e101c685c257c1594eaf033faefc44622c1316a4f20473e249dfbfbb3316d0b3575d88a2e9532114e961,08/13/2025 09:01:00 AM,1,DRIVER,,2037254,,DODGE,AVENGER,IL,2013,UNKNOWN,PASSENGER,PERSONAL,W,STRAIGHT AHEAD,,,1,,,,,Y,,,,,,,,,,Y,Y,,FRONT,,,,,,,,,,,,,,,,,,,,,,,,,,,,,,,,,
2137113,67c9f85cd092fe1ac66b8c3688fcfc0c4e3d5969c5b6e101c685c257c1594eaf033faefc44622c1316a4f20473e249dfbfbb3316d0b3575d88a2e9532114e961,08/13/2025 09:01:00 AM,2,DRIVER,,2037255,,BUICK,ENCLAVE,IL,,UNKNOWN,PASSENGER,PERSONAL,W,SLOW/STOP IN TRAFFIC,,,1,,,,,,,,,,Y,,,,,,,,REAR,,,,,,,,,,,,,,,,,,,,,,,,,,,,,,,,,
2127603,a71448e339a0c344ddf6b1fa2cb843662ff8388d44e42c7e889dd310eee77def49aefbf44a013659e2da21490d10fb36915e41cdabe0e9dd6188da4594ca986b,08/13/2025 09:00:00 AM,1,DRIVER,,2028236,,FORD,ESCAPE,IL,2011,UNKNOWN,PASSENGER,PERSONAL,S,STRAIGHT AHEAD,,,1,,,,,,,,,,,,,,,,,,REAR-LEFT-CORNER,,,,,,,,,,,,,,,,,,,,,,,,,,,,,,,,,
2127604,a71448e339a0c344ddf6b1fa2cb843662ff8388d44e42c7e889dd310eee77def49aefbf44a013659e2da21490d10fb36915e41cdabe0e9dd6188da4594ca986b,08/13/2025 09:00:00 AM,2,DRIVER,,2028244,,"MOTOR COACH INDUSTRIES, INC.","MOTOR COACH INDUSTRIES, INC.",IL,2014,UNKNOWN,PASSENGER,PERSONAL,S,STRAIGHT AHEAD,,,1,,,,,Y,,,,,,,,,,,,,FRONT-RIGHT-CORNER,,,,,,,,,,,,,,,,,,,,,,,,,,,,,,,,,
2128358,e84332e72804cb3d13083ac3f487d84123f363b3c73812b62f47c222ef5eafe8408260afbf70178cbd7c45e4b7fad38968c60f75400730f9d1af67a948343401,08/13/2025 08:55:00 AM,1,DRIVER,,2028951,,FORD,OTHER (EXPLAIN IN NARRATIVE),IL,,UNKNOWN,PASSENGER,UNKNOWN/NA,N,STRAIGHT AHEAD,,,1,,,,,,,,,,,,,,,,,Y,FRONT,,,,,,,,,,,,,,,,,,,,,,,,,,,,,,,,,
2128359,e84332e72804cb3d13083ac3f487d84123f363b3c73812b62f47c222ef5eafe8408260afbf70178cbd7c45e4b7fad38968c60f75400730f9d1af67a948343401,08/13/2025 08:55:00 AM,2,DRIVER,,2028952,,BUICK,ENVISION,IL,2023,NONE,PASSENGER,PERSONAL,E,STRAIGHT AHEAD,,,1,,,,,,,,,Y,,,,,,,,,REAR-RIGHT-CORNER,,,,,,,,,,,,,,,,,,,,,,,,,,,,,,,,,
2127495,b304a715819a4c6481c61ea468fb548936f63cd6aba9290709971b98f1aed79301d7fd49fd764f9882bef5c0e021c03d7c7009335dd291acba2c5a9cca813928,08/13/2025 08:52:00 AM,1,DRIVER,,2028131,,UNKNOWN,OTHER (EXPLAIN IN NARRATIVE),,,UNKNOWN,UNKNOWN/NA,UNKNOWN/NA,E,AVOIDING VEHICLES/OBJECTS,,,1,,,,,,,,,,,,,,,,,,UNKNOWN,,,,,,,,,,,,,,,,,,,,,,,,,,,,,,,,,
2127496,b304a715819a4c6481c61ea468fb548936f63cd6aba9290709971b98f1aed79301d7fd49fd764f9882bef5c0e021c03d7c7009335dd291acba2c5a9cca813928,08/13/2025 08:52:00 AM,2,DRIVER,,2028140,,FORD,COURIER,IL,2020,NONE,VAN/MINI-VAN,COMMERCIAL - SINGLE UNIT,E,STRAIGHT AHEAD,,,1,,,,,,,,,,,,,,Y,,,,FRONT-LEFT-CORNER,,,,,,,,,,,,,,,,,,,,,,,,,,,,,,,,,
2127527,f28773e821ac1a4392100e6946e46ea400aa69aeaad6a7e78f3adb7f40559b38fece89820435390fbf8b18c64c2d587a486cd679e2701758fedfaaabb33a218e,08/13/2025 08:50:00 AM,1,DRIVER,,2028169,,UNKNOWN,MOTORIZED,,,UNKNOWN,PASSENGER,PERSONAL,E,STRAIGHT AHEAD,,,1,,,,,,,,,,,,,,,,,,UNKNOWN,,,,,,,,,,,,,,,,,,,,,,,,,,,,,,,,,
2127528,f28773e821ac1a4392100e6946e46ea400aa69aeaad6a7e78f3adb7f40559b38fece89820435390fbf8b18c64c2d587a486cd679e2701758fedfaaabb33a218e,08/13/2025 08:50:00 AM,2,DRIVER,,2028175,,CHRYSLER,PACIFICA,IL,2017,NONE,VAN/MINI-VAN,PERSONAL,E,STRAIGHT AHEAD,,,1,,,,,,,,,,Y,,,,,,Y,,FRONT,,,,,,,,,,,,,,,,,,,,,,,,,,,,,,,,,
2127529,f28773e821ac1a4392100e6946e46ea400aa69aeaad6a7e78f3adb7f40559b38fece89820435390fbf8b18c64c2d587a486cd679e2701758fedfaaabb33a218e,08/13/2025 08:50:00 AM,3,DRIVER,,2028194,,JEEP,CHEROKEE,IL,2017,NONE,PICKUP,PERSONAL,E,STRAIGHT AHEAD,,,1,,,,,,,,,,Y,,,,,,Y,,REAR,,,,,,,,,,,,,,,,,,,,,,,,,,,,,,,,,
2127530,f28773e821ac1a4392100e6946e46ea400aa69aeaad6a7e78f3adb7f40559b38fece89820435390fbf8b18c64c2d587a486cd679e2701758fedfaaabb33a218e,08/13/2025 08:50:00 AM,4,DRIVER,,2028213,,HYUNDAI,SONATA,IL,2014,NONE,PASSENGER,PERSONAL,E,STRAIGHT AHEAD,,,1,,,,,,,,,,Y,,,,,,Y,,FRONT,,,,,,,,,,,,,,,,,,,,,,,,,,,,,,,,,
2127531,f28773e821ac1a4392100e6946e46ea400aa69aeaad6a7e78f3adb7f40559b38fece89820435390fbf8b18c64c2d587a486cd679e2701758fedfaaabb33a218e,08/13/2025 08:50:00 AM,5,DRIVER,,2028238,,TOYOTA,HIGHLANDER,IL,2026,NONE,PASSENGER,PERSONAL,E,STRAIGHT AHEAD,,,1,,,,,,,,,,,,,,,,Y,,FRONT,,,,,,,,,,,,,,,,,,,,,,,,,,,,,,,,,
2127473,cd6c8d9724f6e8a9c1870cadca1a9f4a862ca73e97933c232d5a888c058d35e0180c5493cc77eb15ed7153f8615c6f777b0816e12704e4e3680592053de96011,08/13/2025 08:39:00 AM,1,DRIVER,,2028112,,UNKNOWN,OTHER (EXPLAIN IN NARRATIVE),IL,,UNKNOWN,UNKNOWN/NA,UNKNOWN/NA,UNKNOWN,UNKNOWN/NA,,,1,,,,,,,,,,,,,,,,,,UNKNOWN,,,,,,,,,,,,,,,,,,,,,,,,,,,,,,,,,
2127474,cd6c8d9724f6e8a9c1870cadca1a9f4a862ca73e97933c232d5a888c058d35e0180c5493cc77eb15ed7153f8615c6f777b0816e12704e4e3680592053de96011,08/13/2025 08:39:00 AM,2,PARKED,,2028115,,TOYOTA,COROLLA,IL,2023,NONE,PASSENGER,PERSONAL,N,PARKED,,,0,,,,,,,,,,,,,,,,Y,,FRONT,,,,,,,,,,,,,,,,,,,,,,,,,,,,,,,,,
2127534,34b65d879b0bb6d3916dc9fa0674fc40338fb13e1877c566d454e921bb06ce5fa14df044b5433595950e045bc839ac25f38eefcb940a13048d1fa1206fb5d1d4,08/13/2025 08:38:00 AM,1,DRIVER,,2028173,Y,"MACK TRUCKS, INC.","MACK TRUCKS, INC.",IL,2013,UNKNOWN,TRACTOR W/ SEMI-TRAILER,COMMERCIAL - MULTI-UNIT,N,STRAIGHT AHEAD,,,1,,,,,Y,,,,,,,,,,,,,SIDE-RIGHT-FRONT,"21,984",,,,DRIVER,,WESTLAND TRUCKING INC,IL,BERWYN,,,,N,N,,N,,N,N,,,,,,,,5,TRACTOR/SEMI-TRAILER,TANK,BUILDING MATERIALS,N,N,
2127535,34b65d879b0bb6d3916dc9fa0674fc40338fb13e1877c566d454e921bb06ce5fa14df044b5433595950e045bc839ac25f38eefcb940a13048d1fa1206fb5d1d4,08/13/2025 08:38:00 AM,2,DRIVER,1,2028186,,KIA,RIO / K2,IL,2025,UNKNOWN,PASSENGER,PERSONAL,N,STRAIGHT AHEAD,,,2,,,,,,,,,,,,Y,Y,Y,,,,SIDE-LEFT,,,,,,,,,,,,,,,,,,,,,,,,,,,,,,,,,
2127516,5b542fc835f6ed7a74710149b49c0552c08d25008b6292ee970e0eaecfd4b9df26dbddfeb7977cb9e532dd9f3695b66d9150796d0c3ab20d445e4f76803192df,08/13/2025 08:33:00 AM,1,DRIVER,,2028157,,TOYOTA,OTHER (EXPLAIN IN NARRATIVE),IL,2018,NONE,PASSENGER,PERSONAL,NE,TURNING LEFT,,,1,,,,,Y,,,,,,,,,,Y,Y,,FRONT,,,,,,,,,,,,,,,,,,,,,,,,,,,,,,,,,
2127517,5b542fc835f6ed7a74710149b49c0552c08d25008b6292ee970e0eaecfd4b9df26dbddfeb7977cb9e532dd9f3695b66d9150796d0c3ab20d445e4f76803192df,08/13/2025 08:33:00 AM,2,BICYCLE,,,,,,,,,,,,,,,,,,,,,,,,,,,,,,,,,,,,,,,,,,,,,,,,,,,,,,,,,,,,,,,,,,
2127888,062e9dd54e86e3b50ca5ebf2aa1be41eb7ea6aae1e45b82ccc7033629f51862cbd339246868468f9a5d4cf6fcec553bdba2b51a4a0c52cc4b8ade339ee35999e,08/13/2025 08:30:00 AM,1,DRIVER,,2028507,,HONDA,CIVIC,IL,2004,UNKNOWN,PASSENGER,PERSONAL,UNKNOWN,STRAIGHT AHEAD,,,1,,,,,Y,,,,,,,,,,Y,Y,,FRONT,,,,,,,,,,,,,,,,,,,,,,,,,,,,,,,,,
2127889,062e9dd54e86e3b50ca5ebf2aa1be41eb7ea6aae1e45b82ccc7033629f51862cbd339246868468f9a5d4cf6fcec553bdba2b51a4a0c52cc4b8ade339ee35999e,08/13/2025 08:30:00 AM,2,DRIVER,,2028512,,ACURA,TLX,KS,2009,UNKNOWN,PASSENGER,PERSONAL,UNKNOWN,STRAIGHT AHEAD,,,1,,,,,,,,,Y,Y,Y,,,,,,,REAR,,,,,,,,,,,,,,,,,,,,,,,,,,,,,,,,,
2127567,344c77f22695b42f9cc1dff29f8634690be1081bf78792c9422fc1f85d30c85c42f4563c7d1a67de587596527faba7a46c7efce13d67e9333dc812a967d8f89c,08/13/2025 08:30:00 AM,1,DRIVER,,2028201,,UNKNOWN,OTHER (EXPLAIN IN NARRATIVE),IL,,UNKNOWN,UNKNOWN/NA,UNKNOWN/NA,NW,UNKNOWN/NA,,,1,,,,,,,,,,,,,,,,,,UNKNOWN,,,,,,,,,,,,,,,,,,,,,,,,,,,,,,,,,
2127568,344c77f22695b42f9cc1dff29f8634690be1081bf78792c9422fc1f85d30c85c42f4563c7d1a67de587596527faba7a46c7efce13d67e9333dc812a967d8f89c,08/13/2025 08:30:00 AM,2,PARKED,,2028203,,TOYOTA,HIGHLANDER,WI,2011,NONE,PASSENGER,NOT IN USE,UNKNOWN,PARKED,Y,,0,,PRIVATE TOW,,,,,,,,,,,,Y,Y,Y,,FRONT-LEFT-CORNER,,,,,,,,,,,,,,,,,,,,,,,,,,,,,,,,,
2127569,344c77f22695b42f9cc1dff29f8634690be1081bf78792c9422fc1f85d30c85c42f4563c7d1a67de587596527faba7a46c7efce13d67e9333dc812a967d8f89c,08/13/2025 08:30:00 AM,3,PARKED,,2028215,,FORD,FIESTA,IL,2012,OTHER,PASSENGER,NOT IN USE,UNKNOWN,PARKED,,,0,,,,,,,,,,,,,,Y,Y,Y,,FRONT-LEFT-CORNER,,,,,,,,,,,,,,,,,,,,,,,,,,,,,,,,,
2127489,f8a0c4c53294c17657faf0a6f7f6d28e43ccc02897d58d97a57e98397ab24d821b8d8b0977bc07332d381c3c9d50733629d02e297708cb8a764b6ab322a995ed,08/13/2025 08:23:00 AM,1,DRIVER,,2028144,,TOYOTA,HIGHLANDER,IL,2016,NONE,SPORT UTILITY VEHICLE (SUV),PERSONAL,SE,TURNING LEFT,,,1,,,,Y,Y,,,,,,,,,,,Y,,FRONT,,,,,,,,,,,,,,,,,,,,,,,,,,,,,,,,,
2127490,f8a0c4c53294c17657faf0a6f7f6d28e43ccc02897d58d97a57e98397ab24d821b8d8b0977bc07332d381c3c9d50733629d02e297708cb8a764b6ab322a995ed,08/13/2025 08:23:00 AM,2,PEDESTRIAN,,,,,,,,,,,,,,,,,,,,,,,,,,,,,,,,,,,,,,,,,,,,,,,,,,,,,,,,,,,,,,,,,,
2127501,5003d50dd3c21bfc7ca7acb73085b1c3b2d7484af2e340374ba027df2865036eb2eb64f9ff9ba9d1611780c3f3faa1032c34f787d00e5b2fcecdf916e17a776c,08/13/2025 08:20:00 AM,1,DRIVER,1,2028146,,DODGE,CARAVAN,IL,2016,UNKNOWN,VAN/MINI-VAN,PERSONAL,N,U-TURN,Y,,2,,OWNER,UNK,,,,,,,,,,,,,,,FRONT-LEFT-CORNER,,,,,,,,,,,,,,,,,,,,,,,,,,,,,,,,,
2127502,5003d50dd3c21bfc7ca7acb73085b1c3b2d7484af2e340374ba027df2865036eb2eb64f9ff9ba9d1611780c3f3faa1032c34f787d00e5b2fcecdf916e17a776c,08/13/2025 08:20:00 AM,2,DRIVER,3,2028152,,MAZDA,OTHER (EXPLAIN IN NARRATIVE),IL,2023,UNKNOWN,SPORT UTILITY VEHICLE (SUV),PERSONAL,N,STRAIGHT AHEAD,,,4,,,,,,,,,,,,,,,,,,FRONT-RIGHT-CORNER,,,,,,,,,,,,,,,,,,,,,,,,,,,,,,,,,