CRASH_UNIT_ID,CRASH_RECORD_ID,CRASH_DATE,UNIT_NO,UNIT_TYPE,NUM_PASSENGERS,VEHICLE_ID,CMRC_VEH_I,MAKE,MODEL,LIC_PLATE_STATE,VEHICLE_YEAR,VEHICLE_DEFECT,VEHICLE_TYPE,VEHICLE_USE,TRAVEL_DIRECTION,MANEUVER,TOWED_I,FIRE_I,OCCUPANT_CNT,EXCEED_SPEED_LIMIT_I,TOWED_BY,TOWED_TO,AREA_00_I,AREA_01_I,AREA_02_I,AREA_03_I,AREA_04_I,AREA_05_I,AREA_06_I,AREA_07_I,AREA_08_I,AREA_09_I,AREA_10_I,AREA_11_I,AREA_12_I,AREA_99_I,FIRST_CONTACT_POINT,CMV_ID,USDOT_NO,CCMC_NO,ILCC_NO,COMMERCIAL_SRC,GVWR,CARRIER_NAME,CARRIER_STATE,CARRIER_CITY,HAZMAT_PLACARDS_I,HAZMAT_NAME,UN_NO,HAZMAT_PRESENT_I,HAZMAT_REPORT_I,HAZMAT_REPORT_NO,MCS_REPORT_I,MCS_REPORT_NO,HAZMAT_VIO_CAUSE_CRASH_I,MCS_VIO_CAUSE_CRASH_I,IDOT_PERMIT_NO,WIDE_LOAD_I,TRAILER1_WIDTH,TRAILER2_WIDTH,TRAILER1_LENGTH,TRAILER2_LENGTH,TOTAL_VEHICLE_LENGTH,AXLE_CNT,VEHICLE_CONFIG,CARGO_BODY_TYPE,LOAD_TYPE,HAZMAT_OUT_OF_SERVICE_I,MCS_OUT_OF_SERVICE_I,HAZMAT_CLASS
2127455,dfa186f26a01ff218e2ab819f1a66f585160cc7e718b11ceca24861eac2e122db5f4863ef3103afbe29768298bba18b1603b4d087c3fee11e418edac08400abe,08/13/2025 08:09:00 AM,1,DRIVER,,2028104,,LINCOLN,AVIATOR,IL,2024,NONE,PASSENGER,PERSONAL,E,STRAIGHT AHEAD,,,1,,,,,Y,,,,,,,,,,Y,Y,,FRONT,,,,,,,,,,,,,,,,,,,,,,,,,,,,,,,,,
2127456,dfa186f26a01ff218e2ab819f1a66f585160cc7e718b11ceca24861eac2e122db5f4863ef3103afbe29768298bba18b1603b4d087c3fee11e418edac08400abe,08/13/2025 08:09:00 AM,2,DRIVER,,2028110,,BMW,330I,IL,2020,NONE,PASSENGER,PERSONAL,E,STRAIGHT AHEAD,,,1,,,,,,,,,Y,Y,Y,,,,,,,REAR,,,,,,,,,,,,,,,,,,,,,,,,,,,,,,,,,
2127465,7fb42c2530d06d6dbd4d25fd1165ab9369435bee9eb946311a72f00e0238b80f55bbff99af2f80106e1265df8a16f45f041e9c6d8edd9b0a38ceb69487b103e5,08/13/2025 08:07:00 AM,1,DRIVER,,2028125,Y,FREIGHTLINER CORPORATION,FREIGHTLINER CORP.,IN,2024,UNKNOWN,TRUCK - SINGLE UNIT,COMMERCIAL - SINGLE UNIT,N,OTHER,,,1,,,,,,,,,,,,,Y,,,,,SIDE-LEFT,"21,982",,,,,2,AON,IL,DESPLAINES,,,,,,,,,,,,,,,,,,2,"SINGLE UNIT TRUCK, 2 AXLES, 6 TIRES",VAN/ENCLOSED BOX,OTHER,,,
2127466,7fb42c2530d06d6dbd4d25fd1165ab9369435bee9eb946311a72f00e0238b80f55bbff99af2f80106e1265df8a16f45f041e9c6d8edd9b0a38ceb69487b103e5,08/13/2025 08:07:00 AM,2,DRIVER,,2028149,,TOYOTA,PRIUS,IL,2017,UNKNOWN,OTHER,TAXI/FOR HIRE,N,STRAIGHT AHEAD,,,1,,,,,,,Y,,,,,,,,,,,SIDE-RIGHT,,,,,,,,,,,,,,,,,,,,,,,,,,,,,,,,,
2127701,91ffb8eff28bd04bc91fdc7c0127bdab6078db9fa2612d31d562f39b438e99265754ba937b4568841c04c168d0643a97b21c6b911dff42224e3748f0b1fc666b,08/13/2025 08:05:00 AM,1,DRIVER,1,2028323,,TOYOTA,PRIUS,IL,2007,UNKNOWN,PASSENGER,PERSONAL,N,ENTER FROM DRIVE/ALLEY,,,2,,,,,,,,,,,,,,,Y,Y,,FRONT-LEFT-CORNER,,,,,,,,,,,,,,,,,,,,,,,,,,,,,,,,,
2127702,91ffb8eff28bd04bc91fdc7c0127bdab6078db9fa2612d31d562f39b438e99265754ba937b4568841c04c168d0643a97b21c6b911dff42224e3748f0b1fc666b,08/13/2025 08:05:00 AM,2,DRIVER,,2028324,,CHEVROLET,SPECTRUM,IL,2021,UNKNOWN,PASSENGER,PERSONAL,E,STRAIGHT AHEAD,,,1,,,,,Y,,,,,,,,,,,Y,,FRONT-RIGHT-CORNER,,,,,,,,,,,,,,,,,,,,,,,,,,,,,,,,,
2127471,bf3c623893ba626a5d2fbe3c8c4b7d9fb2d8731fd9bf538f6fa972ea6e8c3e013af2625a1f5fbdc6249d66c3c328fd6caa5d9ec0b61b62d0978f4b54478c95a1,08/13/2025 08:05:00 AM,1,DRIVER,1,2028117,,TOYOTA,OTHER (EXPLAIN IN NARRATIVE),IL,2013,UNKNOWN,PASSENGER,PERSONAL,N,STRAIGHT AHEAD,,,2,,,,,,Y,Y,Y,,,,,,,,,,SIDE-RIGHT,,,,,,,,,,,,,,,,,,,,,,,,,,,,,,,,,
2127472,bf3c623893ba626a5d2fbe3c8c4b7d9fb2d8731fd9bf538f6fa972ea6e8c3e013af2625a1f5fbdc6249d66c3c328fd6caa5d9ec0b61b62d0978f4b54478c95a1,08/13/2025 08:05:00 AM,2,DRIVER,,2028123,,LANDOLL CORPORATION,LANDOLL CORP.,IL,2021,UNKNOWN,PASSENGER,OTHER,N,SLOW/STOP IN TRAFFIC,,,1,,,,,,,,,,,,,,,,,,SIDE-LEFT,,,,,,,,,,,,,,,,,,,,,,,,,,,,,,,,,
2128074,2c5b2c30fbf93677ea4d3ae7a58286276365d2e30add533af8b17727c3b953e0949bd53dbeea07a7ca98976f676e0e8950d856a90363dbe6c51735e2b3dbbd0d,08/13/2025 08:00:00 AM,1,DRIVER,,2028685,Y,THOMAS BUILT BUS COMPANY,THOMAS BUILT BUS CO.,IL,,UNKNOWN,BUS OVER 15 PASS.,SCHOOL BUS,N,BACKING,,,1,,,,,,,,,,,Y,,,,,,,REAR-RIGHT-CORNER,,,,,,,,,,,,,,,,,,,,,,,,,,,,,,,,,
2128075,2c5b2c30fbf93677ea4d3ae7a58286276365d2e30add533af8b17727c3b953e0949bd53dbeea07a7ca98976f676e0e8950d856a90363dbe6c51735e2b3dbbd0d,08/13/2025 08:00:00 AM,2,PARKED,,2028689,,ACURA,TLX,IL,2006,NONE,PASSENGER,PERSONAL,S,PARKED,,,0,,,,,,,,,,,Y,Y,Y,Y,Y,,,SIDE-LEFT-FRONT,,,,,,,,,,,,,,,,,,,,,,,,,,,,,,,,,
2127493,525768ca03cbfc6f2e44445d950ddb2054f08d883deaca512277f3b07fabdb791d3961fbbdbe36964aefd02082a9f137f47ccc605809cb346a67af4a6726451d,08/13/2025 07:53:00 AM,1,DRIVER,,2028132,,JEEP,COMPASS,IL,2014,NONE,PASSENGER,PERSONAL,W,STRAIGHT AHEAD,Y,,1,,mechanic,26/Kedzie,,Y,,,,,,,,,,Y,Y,,FRONT,,,,,,,,,,,,,,,,,,,,,,,,,,,,,,,,,
2127494,525768ca03cbfc6f2e44445d950ddb2054f08d883deaca512277f3b07fabdb791d3961fbbdbe36964aefd02082a9f137f47ccc605809cb346a67af4a6726451d,08/13/2025 07:53:00 AM,2,DRIVER,,2028135,,UNKNOWN,OTHER (EXPLAIN IN NARRATIVE),IL,,UNKNOWN,UNKNOWN/NA,UNKNOWN/NA,S,STRAIGHT AHEAD,,,1,,,,,,,,,,,,,,,,,Y,UNKNOWN,,,,,,,,,,,,,,,,,,,,,,,,,,,,,,,,,
2127457,14e70107e850a9111cc57bbc4570a4090ff194ae8d81918a6b181aa3376a5a1d254616e3357a7c9f6c25ede5bd41e1f9d7fd9ff6e8f008f3b120502f67ce3c87,08/13/2025 07:47:00 AM,1,DRIVER,,2028109,,CHEVROLET,CRUZE,IN,2014,UNKNOWN,PASSENGER,PERSONAL,S,AVOIDING VEHICLES/OBJECTS,,,1,,,,,Y,Y,,,,,,,,,,,,FRONT-RIGHT-CORNER,,,,,,,,,,,,,,,,,,,,,,,,,,,,,,,,,
2127458,14e70107e850a9111cc57bbc4570a4090ff194ae8d81918a6b181aa3376a5a1d254616e3357a7c9f6c25ede5bd41e1f9d7fd9ff6e8f008f3b120502f67ce3c87,08/13/2025 07:47:00 AM,2,PARKED,,2028116,,VOLVO,XC60,IL,2019,UNKNOWN,PASSENGER,UNKNOWN/NA,S,PARKED,,,0,,,,,,,N,,,,,,Y,,,,,SIDE-LEFT,,,,,,,,,,,,,,,,,,,,,,,,,,,,,,,,,
2127453,18b9ccce54c3198d7056e049c30583fb7bbc8459aa79c0a539fe281c86f4cc253301bdd3037367b8f5ef945790aa405232f50f37bb0df1d3c00d0d92cd37f7e1,08/13/2025 07:45:00 AM,1,DRIVER,,2028101,,HONDA,CR-V,IL,2024,NONE,SPORT UTILITY VEHICLE (SUV),PERSONAL,N,TURNING LEFT,,,1,,,,,,,,,,,Y,Y,,,,,,REAR-LEFT-CORNER,,,,,,,,,,,,,,,,,,,,,,,,,,,,,,,,,
2127454,18b9ccce54c3198d7056e049c30583fb7bbc8459aa79c0a539fe281c86f4cc253301bdd3037367b8f5ef945790aa405232f50f37bb0df1d3c00d0d92cd37f7e1,08/13/2025 07:45:00 AM,2,DRIVER,,2028111,,TOYOTA,CAMRY,IL,2017,NONE,PASSENGER,PERSONAL,S,SLOW/STOP IN TRAFFIC,,,1,,,,,,,,,,,Y,,,,,,,SIDE-LEFT-REAR,,,,,,,,,,,,,,,,,,,,,,,,,,,,,,,,,
2127479,62d9970a849f3ef7a2231f03e8ea1ab05a12296251a775b2f4e5f1ea556938190ae9b578c9c1fc4b42e587872ba9794e6fd2b8abaa6a93b1bada0c42b3ad76ae,08/13/2025 07:45:00 AM,1,DRIVER,,2028134,,FIAT,OTHER (EXPLAIN IN NARRATIVE),IL,2017,NONE,PASSENGER,PERSONAL,N,CHANGING LANES,,,1,,,,,,,,,,,,Y,Y,,,,,SIDE-LEFT,,,,,,,,,,,,,,,,,,,,,,,,,,,,,,,,,
2127505,62d9970a849f3ef7a2231f03e8ea1ab05a12296251a775b2f4e5f1ea556938190ae9b578c9c1fc4b42e587872ba9794e6fd2b8abaa6a93b1bada0c42b3ad76ae,08/13/2025 07:45:00 AM,2,DRIVER,1,2028148,Y,FORD,F450,IL,2000,NONE,OTHER,COMMERCIAL - SINGLE UNIT,N,STRAIGHT AHEAD,,,2,,,,,Y,,,,,,,,,,Y,Y,,FRONT-RIGHT-CORNER,"21,983",,,,,,"FRANCO, JAVIER",IL,ELMWOOD PARK,,,,N,N,,N,,N,N,,,,,,,,,"SINGLE UNIT TRUCK, 2 AXLES, 6 TIRES",OTHER,OTHER,N,N,
2127447,7e84448662b09e395e5e607b6d12e826c86f4cfb3212b1376cfd38905a41ba6e2cf8522ea86828a66dc34d3902f7e598e5abb29a97488fad46c463082d7464d2,08/13/2025 07:42:00 AM,1,DRIVER,,2028097,,CHEVROLET,EQUINOX,IL,2019,NONE,SPORT UTILITY VEHICLE (SUV),PERSONAL,E,TURNING LEFT,Y,,1,,Progressive Ins.,,,,,,Y,Y,,,,,,,,,SIDE-RIGHT-REAR,,,,,,,,,,,,,,,,,,,,,,,,,,,,,,,,,
2127448,7e84448662b09e395e5e607b6d12e826c86f4cfb3212b1376cfd38905a41ba6e2cf8522ea86828a66dc34d3902f7e598e5abb29a97488fad46c463082d7464d2,08/13/2025 07:42:00 AM,2,DRIVER,,2028105,,HONDA,CR-V,IL,,NONE,SPORT UTILITY VEHICLE (SUV),PERSONAL,E,STRAIGHT AHEAD,Y,,1,,State Farm,,,Y,,,,,,,,,,Y,Y,,FRONT,,,,,,,,,,,,,,,,,,,,,,,,,,,,,,,,,
2127449,bcac8ab3a4f12eb99d68727a90507e6422c5d985ee43bb42e2b73d4c70d1f97953e32aa6603cf797d86edcb87d83c359b5109a7d1831aa5c07f910d059f95323,08/13/2025 07:39:00 AM,1,DRIVER,,2028098,,NISSAN,ALTIMA,IL,2024,NONE,PASSENGER,PERSONAL,W,STRAIGHT AHEAD,,,1,,,,,,,,,,,,,,,,Y,,FRONT,,,,,,,,,,,,,,,,,,,,,,,,,,,,,,,,,
2127450,bcac8ab3a4f12eb99d68727a90507e6422c5d985ee43bb42e2b73d4c70d1f97953e32aa6603cf797d86edcb87d83c359b5109a7d1831aa5c07f910d059f95323,08/13/2025 07:39:00 AM,2,DRIVER,,2028106,,BMW,330I,GA,2019,NONE,PASSENGER,PERSONAL,W,SLOW/STOP IN TRAFFIC,,,1,,,,,,,,,,Y,,,,,,,,REAR,,,,,,,,,,,,,,,,,,,,,,,,,,,,,,,,,
2127512,c0bb4a808ac8ec12a625d7138594c4a55ffe7adaa446cc2d083512c4d86de57bcbc4ca03e82e09ea8ff48ba5ab552a6d184c5daf39f941696402dc0ab02e6747,08/13/2025 07:30:00 AM,1,DRIVER,1,2028159,,KIA,SOUL,IL,2016,UNKNOWN,OTHER,OTHER,E,STRAIGHT AHEAD,,,2,,,,,Y,Y,,,,,,,,,,,,FRONT-RIGHT-CORNER,,,,,,,,,,,,,,,,,,,,,,,,,,,,,,,,,
2127513,c0bb4a808ac8ec12a625d7138594c4a55ffe7adaa446cc2d083512c4d86de57bcbc4ca03e82e09ea8ff48ba5ab552a6d184c5daf39f941696402dc0ab02e6747,08/13/2025 07:30:00 AM,2,PARKED,1,2028171,,FORD,TAURUS,IL,2013,NONE,PASSENGER,PERSONAL,E,PARKED,,,1,,,,,,,,,,,,,Y,Y,,,,SIDE-LEFT,,,,,,,,,,,,,,,,,,,,,,,,,,,,,,,,,
2127520,c414b4addea4457e5a15049e0c26b2dfc349eb592ace81977cf7e3f34afeba328559fee7e4b618789f76d13fe71c7e5840304ef4ea39e5c4e7db6761ce17a71b,08/13/2025 07:30:00 AM,1,DRIVER,,2028161,,CHEVROLET,EQUINOX,IL,2015,NONE,PASSENGER,PERSONAL,W,STRAIGHT AHEAD,,,1,,,,,,,,,,,,,,,,Y,,FRONT,,,,,,,,,,,,,,,,,,,,,,,,,,,,,,,,,
2127521,c414b4addea4457e5a15049e0c26b2dfc349eb592ace81977cf7e3f34afeba328559fee7e4b618789f76d13fe71c7e5840304ef4ea39e5c4e7db6761ce17a71b,08/13/2025 07:30:00 AM,2,DRIVER,,2028163,,TOYOTA,COROLLA,IL,2010,NONE,PASSENGER,PERSONAL,W,SLOW/STOP IN TRAFFIC,,,1,,,,,,,,,,Y,,,,,,Y,,FRONT,,,,,,,,,,,,,,,,,,,,,,,,,,,,,,,,,
2127522,c414b4addea4457e5a15049e0c26b2dfc349eb592ace81977cf7e3f34afeba328559fee7e4b618789f76d13fe71c7e5840304ef4ea39e5c4e7db6761ce17a71b,08/13/2025 07:30:00 AM,3,DRIVER,,2028166,,JEEP,GRAND CHEROKEE,IL,2007,NONE,PASSENGER,PERSONAL,W,SLOW/STOP IN TRAFFIC,,,1,,,,,,,,,,Y,,,,,,,,REAR,,,,,,,,,,,,,,,,,,,,,,,,,,,,,,,,,
2127443,b6bd162120a44f2ad2fcaa7215ea8b678487363d268b46122ae87509f65bbccc3717ab3fc3fd38cf51ea5b1c0bc9bf1dcd2e168cfdda1eba25a23b865a21cc7c,08/13/2025 07:19:00 AM,1,DRIVER,,2028094,,FORD,EXPLORER,IL,2021,NONE,SPORT UTILITY VEHICLE (SUV),POLICE,W,OTHER,,,1,,,,,Y,,,,,,,,,,,Y,,FRONT-RIGHT-CORNER,,,,,,,,,,,,,,,,,,,,,,,,,,,,,,,,,
2127444,b6bd162120a44f2ad2fcaa7215ea8b678487363d268b46122ae87509f65bbccc3717ab3fc3fd38cf51ea5b1c0bc9bf1dcd2e168cfdda1eba25a23b865a21cc7c,08/13/2025 07:19:00 AM,2,PARKED,,2028095,,KIA,SORENTO,IL,2006,UNKNOWN,PASSENGER,PERSONAL,W,PARKED,,,0,,,,,,,,,,,Y,,,,,,,REAR-LEFT-CORNER,,,,,,,,,,,,,,,,,,,,,,,,,,,,,,,,,
2127506,d9de297a31f581b1da30d9be76d76db7407ef13568aca0a016e4f3c4f338ba1ce37e3b5c65d1650d980c8e4cdacec4895bcd0dc6e81cf36dd5e36c6520a1b942,08/13/2025 07:15:00 AM,1,DRIVER,,2028316,,NISSAN,ALTIMA,IL,2021,NONE,PASSENGER,PERSONAL,SE,U-TURN,Y,,1,,UNK,UNK,,,,,,,,,,Y,Y,,,,SIDE-LEFT,,,,,,,,,,,,,,,,,,,,,,,,,,,,,,,,,
2127507,d9de297a31f581b1da30d9be76d76db7407ef13568aca0a016e4f3c4f338ba1ce37e3b5c65d1650d980c8e4cdacec4895bcd0dc6e81cf36dd5e36c6520a1b942,08/13/2025 07:15:00 AM,2,DRIVER,,2028327,,CHEVROLET,TRAVERSE,IL,2011,NONE,SPORT UTILITY VEHICLE (SUV),PERSONAL,W,STRAIGHT AHEAD,,,1,,,,,,,,,,,,,,,,Y,,FRONT,,,,,,,,,,,,,,,,,,,,,,,,,,,,,,,,,
2127842,5cef80652ba835945b3529367e6a3dfdcc30ae68eb67760380b210653bc41d27246b42a66658bea7139a304746f2f8bdadbf9e5629527a7e4c7e99bad9173f1f,08/13/2025 07:00:00 AM,1,DRIVER,,2028464,,VOLKSWAGEN,ATLAS,IL,2023,UNKNOWN,SPORT UTILITY VEHICLE (SUV),PERSONAL,UNKNOWN,STRAIGHT AHEAD,,,1,,,,,,,,,,,,,,,,Y,,FRONT,,,,,,,,,,,,,,,,,,,,,,,,,,,,,,,,,
2127843,5cef80652ba835945b3529367e6a3dfdcc30ae68eb67760380b210653bc41d27246b42a66658bea7139a304746f2f8bdadbf9e5629527a7e4c7e99bad9173f1f,08/13/2025 07:00:00 AM,2,PARKED,,2028469,,HYUNDAI,SONATA,FL,2022,UNKNOWN,PASSENGER,NOT IN USE,UNKNOWN,PARKED,,,0,,,,,,,,,,Y,,,,,,,,REAR,,,,,,,,,,,,,,,,,,,,,,,,,,,,,,,,,
2127549,d12fada73f9a282e42513cc6418ffac31fd7496e323ec17bb35ea64f36fdba3c311accf0afc568101b1d068f8dd4ca2b7eea1a7104c53c8cec9ec935f2056ed8,08/13/2025 07:00:00 AM,1,DRIVER,,2028182,,UNKNOWN,OTHER (EXPLAIN IN NARRATIVE),IL,,OTHER,UNKNOWN/NA,UNKNOWN/NA,UNKNOWN,UNKNOWN/NA,,,1,,,,,,,,,,,,,,,,,Y,UNKNOWN,,,,,,,,,,,,,,,,,,,,,,,,,,,,,,,,,
2127550,d12fada73f9a282e42513cc6418ffac31fd7496e323ec17bb35ea64f36fdba3c311accf0afc568101b1d068f8dd4ca2b7eea1a7104c53c8cec9ec935f2056ed8,08/13/2025 07:00:00 AM,2,PARKED,,2028187,,TOYOTA,COROLLA,IL,2022,NONE,PASSENGER,PERSONAL,W,PARKED,,,0,,,,,Y,,,,Y,Y,Y,,,,Y,Y,,FRONT,,,,,,,,,,,,,,,,,,,,,,,,,,,,,,,,,
2127439,97bfd4565c407d1a4a2fbaf164fa14929d4d90addfaf37cb4f8af010d380bfce2e39d18c89fbdbdbcbaf6671cb0b5a3e17e5d8704751a09aaf54cf4a733c4452,08/13/2025 06:57:00 AM,1,DRIVER,,2028088,,TOYOTA,COROLLA,IL,2024,UNKNOWN,PASSENGER,TAXI/FOR HIRE,N,CHANGING LANES,,,1,,,,,,,,Y,Y,,,,,,,,,REAR-RIGHT-CORNER,,,,,,,,,,,,,,,,,,,,,,,,,,,,,,,,,
2127440,97bfd4565c407d1a4a2fbaf164fa14929d4d90addfaf37cb4f8af010d380bfce2e39d18c89fbdbdbcbaf6671cb0b5a3e17e5d8704751a09aaf54cf4a733c4452,08/13/2025 06:57:00 AM,2,DRIVER,,2028091,,DODGE,DURANGO,IL,2014,UNKNOWN,SPORT UTILITY VEHICLE (SUV),PERSONAL,N,STRAIGHT AHEAD,,,1,,,,,,,,,,,,,,Y,Y,,,FRONT-LEFT-CORNER,,,,,,,,,,,,,,,,,,,,,,,,,,,,,,,,,
2127445,6ea4e252e59972163fef691bb8128ec14322c7ddaf9a979c3d20332075345f0efe063417e53a217b482569c7f2f080738be6baa98084d50c06044531c1855b01,08/13/2025 06:50:00 AM,1,DRIVER,,2028096,,UNKNOWN,MOTORIZED,IL,,UNKNOWN,SPORT UTILITY VEHICLE (SUV),UNKNOWN/NA,E,BACKING,,,1,,,,Y,,,,,,,,,,,,,,REAR,,,,,,,,,,,,,,,,,,,,,,,,,,,,,,,,,
2127446,6ea4e252e59972163fef691bb8128ec14322c7ddaf9a979c3d20332075345f0efe063417e53a217b482569c7f2f080738be6baa98084d50c06044531c1855b01,08/13/2025 06:50:00 AM,2,PEDESTRIAN,,,,,,,,,,,,,,,,,,,,,,,,,,,,,,,,,,,,,,,,,,,,,,,,,,,,,,,,,,,,,,,,,,
2127432,97c2f376a19ff3f2b7ddda90968a2dc112046d90d490eaabb2583d150b6b35f3aa80e2c213445e5448aeed7e31783a4f3eb7e938a8f122282e90632728dad808,08/13/2025 06:30:00 AM,2,DRIVERLESS,,2028083,,BMW,330I,IL,2001,NONE,PASSENGER,PERSONAL,N,PARKED,Y,,0,,OWNER,UNK,,Y,,,,,Y,Y,Y,,,Y,Y,,REAR-LEFT-CORNER,,,,,,,,,,,,,,,,,,,,,,,,,,,,,,,,,
2127433,97c2f376a19ff3f2b7ddda90968a2dc112046d90d490eaabb2583d150b6b35f3aa80e2c213445e5448aeed7e31783a4f3eb7e938a8f122282e90632728dad808,08/13/2025 06:30:00 AM,1,DRIVER,,2028085,,UNKNOWN,OTHER (EXPLAIN IN NARRATIVE),,,UNKNOWN,PICKUP,PERSONAL,N,STRAIGHT AHEAD,,,1,,,,,N,N,,,,,,,,,,N,Y,FRONT-RIGHT-CORNER,,,,,,,,,,,,,,,,,,,,,,,,,,,,,,,,,
2127434,97c2f376a19ff3f2b7ddda90968a2dc112046d90d490eaabb2583d150b6b35f3aa80e2c213445e5448aeed7e31783a4f3eb7e938a8f122282e90632728dad808,08/13/2025 06:30:00 AM,3,DRIVERLESS,,2028087,,FORD,OTHER (EXPLAIN IN NARRATIVE),IL,2005,NONE,PICKUP,PERSONAL,N,PARKED,,,0,,,,,,,,,Y,Y,Y,,,,,,,REAR,,,,,,,,,,,,,,,,,,,,,,,,,,,,,,,,,
2127422,58f0d6397e404b64495e40e73bd429b9ed4607e4d1219b96677edd2a316932d405ff45203f5a106e99e9dfb5e1fc82a3446139f9f7c404519e9205b68ad0b8d2,08/13/2025 06:20:00 AM,1,DRIVER,,2028073,,FORD,ESCAPE,IL,2018,NONE,SPORT UTILITY VEHICLE (SUV),PERSONAL,W,ENTER FROM DRIVE/ALLEY,,,1,,,,,Y,,,,,,,,,,,,,FRONT-RIGHT-CORNER,,,,,,,,,,,,,,,,,,,,,,,,,,,,,,,,,
2127423,58f0d6397e404b64495e40e73bd429b9ed4607e4d1219b96677edd2a316932d405ff45203f5a106e99e9dfb5e1fc82a3446139f9f7c404519e9205b68ad0b8d2,08/13/2025 06:20:00 AM,2,DRIVER,,2028076,,AUDI,S5,IL,2014,NONE,PASSENGER,PERSONAL,N,STRAIGHT AHEAD,,,1,,,,,,,,Y,Y,,,,,,,,,SIDE-RIGHT-REAR,,,,,,,,,,,,,,,,,,,,,,,,,,,,,,,,,
2127459,0f18dfdeefddad2a0e6426ec0cba9969e1e80fc8e1663380254c5c3a64dd639b85e5157fecb78560027d163626b86bf55d5cb9f26d9a5890d84a5008215c6114,08/13/2025 06:17:00 AM,1,DRIVER,,2028103,,FORD,EXPLORER,IL,2013,NONE,SPORT UTILITY VEHICLE (SUV),PERSONAL,N,PASSING/OVERTAKING,,,1,,,,,,,,,,,,,,,,,Y,UNKNOWN,,,,,,,,,,,,,,,,,,,,,,,,,,,,,,,,,
2127460,0f18dfdeefddad2a0e6426ec0cba9969e1e80fc8e1663380254c5c3a64dd639b85e5157fecb78560027d163626b86bf55d5cb9f26d9a5890d84a5008215c6114,08/13/2025 06:17:00 AM,2,DRIVER,,2028107,,TOYOTA,RAV4,MD,2025,NONE,SPORT UTILITY VEHICLE (SUV),PERSONAL,N,SLOW/STOP IN TRAFFIC,,,1,,,,,,,,,,,Y,Y,,,,,,REAR-LEFT-CORNER,,,,,,,,,,,,,,,,,,,,,,,,,,,,,,,,,
2127467,e0e1b366a8f06b0a179758237b2eb49f2f51af87968f5e63032e2f686ed1a3f633bd6bbd1663f6e98897b2e2324fb4804fe39459dbe1aedb4a76b3ef077ea588,08/13/2025 06:16:00 AM,1,DRIVER,,2028120,,BUICK,ENCORE,IL,2017,UNKNOWN,PASSENGER,PERSONAL,N,STRAIGHT AHEAD,Y,,1,,Reds Towing/Driver's cousin,,,Y,,,,,Y,Y,Y,,,Y,Y,,FRONT,,,,,,,,,,,,,,,,,,,,,,,,,,,,,,,,,
2127468,e0e1b366a8f06b0a179758237b2eb49f2f51af87968f5e63032e2f686ed1a3f633bd6bbd1663f6e98897b2e2324fb4804fe39459dbe1aedb4a76b3ef077ea588,08/13/2025 06:16:00 AM,2,DRIVER,,2028127,,DODGE,RAM PROMASTER,IL,2017,UNKNOWN,VAN/MINI-VAN,PERSONAL,N,STRAIGHT AHEAD,,,1,,,,,,,,,Y,Y,Y,,,,,,,REAR,,,,,,,,,,,,,,,,,,,,,,,,,,,,,,,,,
2127469,e0e1b366a8f06b0a179758237b2eb49f2f51af87968f5e63032e2f686ed1a3f633bd6bbd1663f6e98897b2e2324fb4804fe39459dbe1aedb4a76b3ef077ea588,08/13/2025 06:16:00 AM,3,DRIVER,,2028143,,KIA,SORENTO,IL,2024,NONE,PASSENGER,PERSONAL,N,STRAIGHT AHEAD,Y,,1,,City of Chicago,MuseumScience Park Columbia Dr,,Y,Y,,,,,,,,,,Y,,FRONT-RIGHT-CORNER,,,,,,,,,,,,,,,,,,,,,,,,,,,,,,,,,
2127470,e0e1b366a8f06b0a179758237b2eb49f2f51af87968f5e63032e2f686ed1a3f633bd6bbd1663f6e98897b2e2324fb4804fe39459dbe1aedb4a76b3ef077ea588,08/13/2025 06:16:00 AM,4,DRIVER,,2028150,,NISSAN,ROGUE,IL,2024,UNKNOWN,PASSENGER,PERSONAL,N,STRAIGHT AHEAD,,,1,,,,,,,,,,,,,,,Y,Y,,FRONT-LEFT-CORNER,,,,,,,,,,,,,,,,,,,,,,,,,,,,,,,,,
2127485,54675c52217c0a8f49c0e615a116b7379ab3e481e8bef8ce7a491bc9f26757ec52504389c5e2e36e9e7875dcf3862a024d4fd6b2bd05c6d6101a37141319f589,08/13/2025 06:15:00 AM,1,DRIVER,,2028124,,KIA,FORTE,IL,,UNKNOWN,PASSENGER,UNKNOWN/NA,N,STRAIGHT AHEAD,,,1,,,,,Y,,,,,,,,,,Y,Y,,FRONT,,,,,,,,,,,,,,,,,,,,,,,,,,,,,,,,,
2127486,54675c52217c0a8f49c0e615a116b7379ab3e481e8bef8ce7a491bc9f26757ec52504389c5e2e36e9e7875dcf3862a024d4fd6b2bd05c6d6101a37141319f589,08/13/2025 06:15:00 AM,2,DRIVER,,2028133,,UNKNOWN,ULTRALIGHT,IN,,NONE,PASSENGER,PERSONAL,N,SLOW/STOP IN TRAFFIC,,,1,,,,,,,,,Y,Y,Y,,,,,,,REAR,,,,,,,,,,,,,,,,,,,,,,,,,,,,,,,,,