CRASH_UNIT_ID,CRASH_RECORD_ID,CRASH_DATE,UNIT_NO,UNIT_TYPE,NUM_PASSENGERS,VEHICLE_ID,CMRC_VEH_I,MAKE,MODEL,LIC_PLATE_STATE,VEHICLE_YEAR,VEHICLE_DEFECT,VEHICLE_TYPE,VEHICLE_USE,TRAVEL_DIRECTION,MANEUVER,TOWED_I,FIRE_I,OCCUPANT_CNT,EXCEED_SPEED_LIMIT_I,TOWED_BY,TOWED_TO,AREA_00_I,AREA_01_I,AREA_02_I,AREA_03_I,AREA_04_I,AREA_05_I,AREA_06_I,AREA_07_I,AREA_08_I,AREA_09_I,AREA_10_I,AREA_11_I,AREA_12_I,AREA_99_I,FIRST_CONTACT_POINT,CMV_ID,USDOT_NO,CCMC_NO,ILCC_NO,COMMERCIAL_SRC,GVWR,CARRIER_NAME,CARRIER_STATE,CARRIER_CITY,HAZMAT_PLACARDS_I,HAZMAT_NAME,UN_NO,HAZMAT_PRESENT_I,HAZMAT_REPORT_I,HAZMAT_REPORT_NO,MCS_REPORT_I,MCS_REPORT_NO,HAZMAT_VIO_CAUSE_CRASH_I,MCS_VIO_CAUSE_CRASH_I,IDOT_PERMIT_NO,WIDE_LOAD_I,TRAILER1_WIDTH,TRAILER2_WIDTH,TRAILER1_LENGTH,TRAILER2_LENGTH,TOTAL_VEHICLE_LENGTH,AXLE_CNT,VEHICLE_CONFIG,CARGO_BODY_TYPE,LOAD_TYPE,HAZMAT_OUT_OF_SERVICE_I,MCS_OUT_OF_SERVICE_I,HAZMAT_CLASS
2127424,643c1ee7b496724c6a7c98da3f13da4a882942f5e316cb07be791e61469003226010399ae93d05625f300b08175647f5a1b07c03c9e8f243b65f700e754061e6,08/13/2025 06:15:00 AM,1,DRIVER,,2028075,,FORD,FUSION,IL,2018,UNKNOWN,PASSENGER,UNKNOWN/NA,W,STRAIGHT AHEAD,,,1,,,,,Y,Y,,,,,,,,,,,,SIDE-LEFT,,,,,,,,,,,,,,,,,,,,,,,,,,,,,,,,,
2127425,643c1ee7b496724c6a7c98da3f13da4a882942f5e316cb07be791e61469003226010399ae93d05625f300b08175647f5a1b07c03c9e8f243b65f700e754061e6,08/13/2025 06:15:00 AM,2,DRIVER,,2028078,,FORD,ESCAPE,IL,2017,NONE,SPORT UTILITY VEHICLE (SUV),PERSONAL,SE,TURNING LEFT,,,1,,,,,Y,,,,,,,,,,,,,FRONT-RIGHT-CORNER,,,,,,,,,,,,,,,,,,,,,,,,,,,,,,,,,
2127551,beebb938f837ce4046c225cc33b68b936774f0e933aae7240f4caafeefb836d4eaae021615e209e24220258c5dc5acad591cb65486aac27485c91b9afbe99e19,08/13/2025 06:00:00 AM,1,DRIVER,,2028188,,UNKNOWN,OTHER (EXPLAIN IN NARRATIVE),IL,,UNKNOWN,UNKNOWN/NA,UNKNOWN/NA,UNKNOWN,UNKNOWN/NA,,,1,,,,,,,,,,,,,,,,,N,FRONT,,,,,,,,,,,,,,,,,,,,,,,,,,,,,,,,,
2127416,2a85617e5cff789ccf1d39df925f346613520c913a2d20a9fd31b3b9d3c121b43ee61be105a1c32b27c95f1a2fdd00ced04735d7a4afcc1a8442a134b94a23f8,08/13/2025 05:05:00 AM,1,DRIVER,,2028067,,FORD,EXPEDITION,IL,2024,UNKNOWN,PASSENGER,PERSONAL,E,STRAIGHT AHEAD,,,1,,,,,Y,Y,,,,,,,,,,,,SIDE-RIGHT-FRONT,,,,,,,,,,,,,,,,,,,,,,,,,,,,,,,,,
2127417,2a85617e5cff789ccf1d39df925f346613520c913a2d20a9fd31b3b9d3c121b43ee61be105a1c32b27c95f1a2fdd00ced04735d7a4afcc1a8442a134b94a23f8,08/13/2025 05:05:00 AM,2,DRIVER,,2028072,,SUBARU,OUTBACK,IL,2014,UNKNOWN,PASSENGER,PERSONAL,E,STRAIGHT AHEAD,,,1,,,,,,,,,,,Y,Y,N,,,,,SIDE-LEFT-REAR,,,,,,,,,,,,,,,,,,,,,,,,,,,,,,,,,
2127414,cb98387447d1aa24ba9d4faa4f4d304e05a8200a6e0e03ce471ba78b320c2338d4c055203856459335c2789dca3e9cd9af31efb11edeacd4ae8ad1f72dd7d4b2,08/13/2025 05:01:00 AM,1,DRIVER,1,2028064,,JEEP,GRAND CHEROKEE,IL,2016,NONE,PASSENGER,PERSONAL,N,STRAIGHT AHEAD,Y,,2,,private tow,3418 w 53rd pl,,,,,,,,,,,Y,Y,,,FRONT-LEFT-CORNER,,,,,,,,,,,,,,,,,,,,,,,,,,,,,,,,,
2127415,cb98387447d1aa24ba9d4faa4f4d304e05a8200a6e0e03ce471ba78b320c2338d4c055203856459335c2789dca3e9cd9af31efb11edeacd4ae8ad1f72dd7d4b2,08/13/2025 05:01:00 AM,2,DRIVER,,2028065,,BUICK,VERANO,IL,2014,NONE,PASSENGER,PERSONAL,SE,TURNING LEFT,Y,,1,,city of chicago,103 and doty,,,,,,,,,,Y,Y,,,,FRONT-LEFT-CORNER,,,,,,,,,,,,,,,,,,,,,,,,,,,,,,,,,
2127418,82595ee461edc8053292e8082be629daf0b2dffa847efe8fa6cc460159b743ae23fa054ded0366377e29895a616ae67f6983b1f0d552a4df7d22d59f2d0b07f1,08/13/2025 05:00:00 AM,1,DRIVER,,2028066,,ACURA,CL,IL,2001,NONE,PASSENGER,PERSONAL,S,STRAIGHT AHEAD,Y,,1,,private tow,,,,,,,,,,,,,Y,Y,,FRONT-LEFT-CORNER,,,,,,,,,,,,,,,,,,,,,,,,,,,,,,,,,
2127419,82595ee461edc8053292e8082be629daf0b2dffa847efe8fa6cc460159b743ae23fa054ded0366377e29895a616ae67f6983b1f0d552a4df7d22d59f2d0b07f1,08/13/2025 05:00:00 AM,2,PARKED,,2028069,,VOLKSWAGEN,GTI,TN,2012,NONE,PASSENGER,PERSONAL,N,PARKED,,,0,,,,,Y,,,,,Y,,,,,,Y,,FRONT-RIGHT-CORNER,,,,,,,,,,,,,,,,,,,,,,,,,,,,,,,,,
2127420,82595ee461edc8053292e8082be629daf0b2dffa847efe8fa6cc460159b743ae23fa054ded0366377e29895a616ae67f6983b1f0d552a4df7d22d59f2d0b07f1,08/13/2025 05:00:00 AM,3,PARKED,,2028071,,DODGE,RAM PROMASTER,IL,2005,NONE,PASSENGER,PERSONAL,N,PARKED,,,0,,,,,,,,,,,,,,,,Y,,FRONT,,,,,,,,,,,,,,,,,,,,,,,,,,,,,,,,,
2128121,8bc89d4d9f746130a724735f4f2f6df411af41b418a4361cfe9c8e4185245eedc0577d4366dc5cc35cccfae2b9b66c51ac1fc47032896f5cc2ae45ce85672a42,08/13/2025 04:50:00 AM,1,DRIVER,,2028724,,FORD,EXPLORER,IL,,NONE,PASSENGER,POLICE,W,STRAIGHT AHEAD,,,1,,,,,,,,,,,,,,,Y,,,FRONT-LEFT-CORNER,,,,,,,,,,,,,,,,,,,,,,,,,,,,,,,,,
2128122,8bc89d4d9f746130a724735f4f2f6df411af41b418a4361cfe9c8e4185245eedc0577d4366dc5cc35cccfae2b9b66c51ac1fc47032896f5cc2ae45ce85672a42,08/13/2025 04:50:00 AM,2,DRIVER,,2028725,,CHEVROLET,EQUINOX,,,NONE,PASSENGER,PERSONAL,W,STRAIGHT AHEAD,,,1,,,,,,,,,Y,,,,,,,,,REAR-RIGHT-CORNER,,,,,,,,,,,,,,,,,,,,,,,,,,,,,,,,,
2127412,18c54617bc29df949651169791fd7407a64c765fca5a9322280dc24f68b5c8f4143bb5b48ab7f0c2668e80388a43bf61504eb9944622640dc55427b200d26eb5,08/13/2025 04:36:00 AM,1,DRIVER,,2028061,N,GENERAL MOTORS CORPORATION (GMC),SAVANNAH,IL,2025,UNKNOWN,VAN/MINI-VAN,OTHER,N,STRAIGHT AHEAD,,,1,,,,,Y,,,,,,,,,,Y,Y,,FRONT,,,,,,,,,,,,,,,,,,,,,,,,,,,,,,,,,
2127413,18c54617bc29df949651169791fd7407a64c765fca5a9322280dc24f68b5c8f4143bb5b48ab7f0c2668e80388a43bf61504eb9944622640dc55427b200d26eb5,08/13/2025 04:36:00 AM,2,DRIVER,,2028063,,HONDA,CR-V,IL,2009,UNKNOWN,SPORT UTILITY VEHICLE (SUV),PERSONAL,W,STRAIGHT AHEAD,Y,,1,,PRIVATE TOW,,,,,,,,,,,,Y,Y,Y,,FRONT-LEFT-CORNER,,,,,,,,,,,,,,,,,,,,,,,,,,,,,,,,,
2127410,c016e20deea2c00e49dae929c6862fc640dd8234335690227d110017309cc58358f800cf6d81395152d34e64325149b38b6f7e84d3b9f9c32b08a360c7ea3f41,08/13/2025 03:30:00 AM,1,DRIVER,,2028058,,CHEVROLET,TAHOE,IL,2008,UNKNOWN,SPORT UTILITY VEHICLE (SUV),PERSONAL,S,STRAIGHT AHEAD,,,1,,,,,Y,Y,,,,,,,,Y,Y,Y,,FRONT,,,,,,,,,,,,,,,,,,,,,,,,,,,,,,,,,
2127411,c016e20deea2c00e49dae929c6862fc640dd8234335690227d110017309cc58358f800cf6d81395152d34e64325149b38b6f7e84d3b9f9c32b08a360c7ea3f41,08/13/2025 03:30:00 AM,2,DRIVER,,2028059,Y,VOLVO,OTHER (EXPLAIN IN NARRATIVE),,2015,UNKNOWN,TRACTOR W/ SEMI-TRAILER,COMMERCIAL - SINGLE UNIT,S,SLOW/STOP IN TRAFFIC,,,1,,,,,,,,,,Y,,,,,,,,REAR,"21,980",3112257,,,DRIVER,3,DLM LOGISTICS INC,IL,INDIAN HEAD PARK,N,,,N,N,,N,,N,N,,,,,,,,,TRACTOR/SEMI-TRAILER,OTHER,UNKNOWN,N,N,
2127404,e4a2b71265b1f839a0593e477ffbdd45abaf511a5db2654180fa723608dc01b6967fb21c8b8c955b8dbc80a7ae72e72b8fc220ac85c4fe27a8fab055e0cfa495,08/13/2025 02:50:00 AM,1,DRIVER,,2028050,N,UNKNOWN,MOTORIZED,XX,2000,UNKNOWN,TRUCK - SINGLE UNIT,OTHER,E,STRAIGHT AHEAD,,,1,,,,,,,,,,,,,,,,,,UNKNOWN,,,,,,,,,,,,,,,,,,,,,,,,,,,,,,,,,
2127405,e4a2b71265b1f839a0593e477ffbdd45abaf511a5db2654180fa723608dc01b6967fb21c8b8c955b8dbc80a7ae72e72b8fc220ac85c4fe27a8fab055e0cfa495,08/13/2025 02:50:00 AM,2,DRIVER,2,2028051,,HYUNDAI,SANTA FE,IL,2023,UNKNOWN,PASSENGER,PERSONAL,E,STRAIGHT AHEAD,,,3,,,,,,,,,Y,Y,,,,,,,,REAR,,,,,,,,,,,,,,,,,,,,,,,,,,,,,,,,,
2131917,80f3b95ec46af62fa0e879f2aeecef67a2f14d43a4aa871b3eb032a49ebe671319e9eb609b3048cc88d8cfc441bfb18c35c0319cc52b5404bdedf815323d189f,08/13/2025 02:30:00 AM,1,DRIVER,,2032297,,UNKNOWN,MOTORIZED,,,NONE,UNKNOWN/NA,UNKNOWN/NA,UNKNOWN,UNKNOWN/NA,,,1,,,,,,,,,,,,,,,,,Y,UNKNOWN,,,,,,,,,,,,,,,,,,,,,,,,,,,,,,,,,
2131918,80f3b95ec46af62fa0e879f2aeecef67a2f14d43a4aa871b3eb032a49ebe671319e9eb609b3048cc88d8cfc441bfb18c35c0319cc52b5404bdedf815323d189f,08/13/2025 02:30:00 AM,2,PARKED,,2032301,,KIA,FORTE,TX,2021,NONE,PASSENGER,PERSONAL,N,PARKED,,,0,,,,,Y,,,,,,,,,,,,,FRONT-RIGHT-CORNER,,,,,,,,,,,,,,,,,,,,,,,,,,,,,,,,,
2127402,17d7c8c5cbd5f0cb1e397aaf75e6530864c54f8d5ea612a43c4075f19c3dc667a37cb21395dbd8a45fe1fde9295dc781694804fa0568df69f272ccbe9994b17d,08/13/2025 02:15:00 AM,2,PARKED,,2028043,,DODGE,GRAND CARAVAN,IL,2016,UNKNOWN,PASSENGER,PERSONAL,UNKNOWN,PARKED,,,0,,,,,Y,,,,,,,,,,Y,Y,,FRONT,,,,,,,,,,,,,,,,,,,,,,,,,,,,,,,,,
2127403,17d7c8c5cbd5f0cb1e397aaf75e6530864c54f8d5ea612a43c4075f19c3dc667a37cb21395dbd8a45fe1fde9295dc781694804fa0568df69f272ccbe9994b17d,08/13/2025 02:15:00 AM,1,DRIVER,,2028048,,UNKNOWN,OTHER (EXPLAIN IN NARRATIVE),XX,,UNKNOWN,UNKNOWN/NA,UNKNOWN/NA,UNKNOWN,UNKNOWN/NA,,,1,,,,,,,,,,,,,,,,,Y,UNKNOWN,,,,,,,,,,,,,,,,,,,,,,,,,,,,,,,,,
2127891,86c4574cef5725ea88b97938ee0dec58b6d71ed267155a7f3829185c74f846073ff65825cae7e4e2c546da3cb4d01e0a4b83a149f60b1ab792094e494a904ea1,08/13/2025 02:00:00 AM,2,PARKED,,2028509,,TOYOTA,CAMRY,IL,2011,NONE,PASSENGER,PERSONAL,UNKNOWN,PARKED,,,0,,,,,,,,,,Y,Y,,,,,,,REAR-LEFT-CORNER,,,,,,,,,,,,,,,,,,,,,,,,,,,,,,,,,
2127900,86c4574cef5725ea88b97938ee0dec58b6d71ed267155a7f3829185c74f846073ff65825cae7e4e2c546da3cb4d01e0a4b83a149f60b1ab792094e494a904ea1,08/13/2025 02:00:00 AM,1,DRIVER,,2028519,,UNKNOWN,OTHER (EXPLAIN IN NARRATIVE),IL,,UNKNOWN,UNKNOWN/NA,UNKNOWN/NA,UNKNOWN,UNKNOWN/NA,,,1,,,,,,,,,,,,,,,,,Y,UNKNOWN,,,,,,,,,,,,,,,,,,,,,,,,,,,,,,,,,
2127552,87df7dd61b1917e51215d38577a13718fac9ccc4f8956479872f30444b367bea84bae484ea3c98c4d9b510aa442ccd9a919edfb7ae5ef548e554228e7d6334dd,08/13/2025 02:00:00 AM,1,DRIVER,,2028184,,UNKNOWN,OTHER (EXPLAIN IN NARRATIVE),,,UNKNOWN,UNKNOWN/NA,UNKNOWN/NA,E,UNKNOWN/NA,,,1,,,,,,,,,,,,,,,,,Y,UNKNOWN,,,,,,,,,,,,,,,,,,,,,,,,,,,,,,,,,
2127553,87df7dd61b1917e51215d38577a13718fac9ccc4f8956479872f30444b367bea84bae484ea3c98c4d9b510aa442ccd9a919edfb7ae5ef548e554228e7d6334dd,08/13/2025 02:00:00 AM,2,DRIVER,1,2028191,,CHEVROLET,MALIBU,IL,2011,UNKNOWN,PASSENGER,PERSONAL,E,STRAIGHT AHEAD,Y,,2,,PRIVATE TOW,,,Y,Y,,,Y,Y,Y,,,,Y,Y,,FRONT,,,,,,,,,,,,,,,,,,,,,,,,,,,,,,,,,
2127401,ac5333c166613a2359832cef8da2fa9815de5706149367a47f74d1062278c8095b9609d0221de0b30d5ca609ac4eafe741f439ff261db91c6b7dc977e074b9ae,08/13/2025 01:55:00 AM,1,DRIVER,,2028042,,HYUNDAI,ACCENT,IL,2009,UNKNOWN,PASSENGER,PERSONAL,W,STRAIGHT AHEAD,Y,,1,,,,,Y,,,,,,,,,,Y,Y,,FRONT,,,,,,,,,,,,,,,,,,,,,,,,,,,,,,,,,
2127390,a99e75c346152ba30eb47a8ae139d3ecd989f123fb8e22eeaafea31c64c1b66f1d700a175768c0ba8cb668542af5851d160aae6ce58ad43ed56d83bf3b513054,08/13/2025 12:59:00 AM,1,DRIVER,,2028033,,HONDA,CR-V,IL,2007,UNKNOWN,SPORT UTILITY VEHICLE (SUV),PERSONAL,NE,TURNING RIGHT,,,1,,,,,Y,N,,,,,,,,Y,Y,Y,,SIDE-LEFT-FRONT,,,,,,,,,,,,,,,,,,,,,,,,,,,,,,,,,
2127391,a99e75c346152ba30eb47a8ae139d3ecd989f123fb8e22eeaafea31c64c1b66f1d700a175768c0ba8cb668542af5851d160aae6ce58ad43ed56d83bf3b513054,08/13/2025 12:59:00 AM,2,DRIVER,,2028038,,DODGE,CARAVAN,IL,2006,UNKNOWN,VAN/MINI-VAN,PERSONAL,W,SLOW/STOP IN TRAFFIC,Y,,1,,PRIVATE TOW,,,,,,,,,,,,Y,Y,Y,,REAR-LEFT-CORNER,,,,,,,,,,,,,,,,,,,,,,,,,,,,,,,,,
2127616,22c6eb7ca600f61b4702c2dda1cbd6fe588596f0804278771ca6ca7685661f8b2e9cde7a2864bf66912a0bd69ead091313c5b603b75baecc619047ab1900ca5e,08/13/2025 12:52:00 AM,1,DRIVER,,2028243,,TOYOTA,OTHER (EXPLAIN IN NARRATIVE),IL,2020,NONE,VAN/MINI-VAN,PERSONAL,UNKNOWN,UNKNOWN/NA,,,1,,,,,Y,,,,,,,,,,Y,Y,,FRONT,,,,,,,,,,,,,,,,,,,,,,,,,,,,,,,,,
2127734,3c8a2432e2fb13e4dc97e78b9587cdcc4fa895a4fc8b59c1bdc6982b12606c9303bb548c56d657ff85ed39aae1108dec8a82815ea6e998c97695f8e257aa69d5,08/13/2025 12:30:00 AM,1,DRIVER,,2028367,,DODGE,JOURNEY,IL,2017,UNKNOWN,SPORT UTILITY VEHICLE (SUV),PERSONAL,E,STRAIGHT AHEAD,,,1,,,,,,,,,,,,,,,,,Y,FRONT,,,,,,,,,,,,,,,,,,,,,,,,,,,,,,,,,
2127735,3c8a2432e2fb13e4dc97e78b9587cdcc4fa895a4fc8b59c1bdc6982b12606c9303bb548c56d657ff85ed39aae1108dec8a82815ea6e998c97695f8e257aa69d5,08/13/2025 12:30:00 AM,2,DRIVER,1,2028371,,NISSAN,QUEST,IL,2014,NONE,VAN/MINI-VAN,PERSONAL,E,STRAIGHT AHEAD,,,2,,,,,,,,,Y,Y,Y,,,,,,,REAR,,,,,,,,,,,,,,,,,,,,,,,,,,,,,,,,,
2127406,2b8c3a56fca7a54678ccfd7433b4727e2cd9311bf87a90f23a10fc37a052c12be5c17134ef7f3e731472878214236483367c8213a4f04f107c7e155592b6a883,08/12/2025 11:45:00 PM,1,DRIVER,,2028052,,JEEP,GRAND CHEROKEE,IL,2017,UNKNOWN,PASSENGER,UNKNOWN/NA,E,UNKNOWN/NA,Y,,1,,CITY OF CHICAGO,POUND 2,,Y,Y,Y,Y,Y,,,,,,Y,Y,,UNKNOWN,,,,,,,,,,,,,,,,,,,,,,,,,,,,,,,,,
2127407,2b8c3a56fca7a54678ccfd7433b4727e2cd9311bf87a90f23a10fc37a052c12be5c17134ef7f3e731472878214236483367c8213a4f04f107c7e155592b6a883,08/12/2025 11:45:00 PM,2,PARKED,,2028053,,CHEVROLET,CRUZE,IL,2013,NONE,PASSENGER,UNKNOWN/NA,E,PARKED,,,0,,,,,,,,,,,Y,Y,Y,Y,Y,Y,,UNKNOWN,,,,,,,,,,,,,,,,,,,,,,,,,,,,,,,,,
2127408,2b8c3a56fca7a54678ccfd7433b4727e2cd9311bf87a90f23a10fc37a052c12be5c17134ef7f3e731472878214236483367c8213a4f04f107c7e155592b6a883,08/12/2025 11:45:00 PM,3,PARKED,,2028054,,GENERAL MOTORS CORPORATION (GMC),TERRAIN,IL,2011,NONE,PASSENGER,UNKNOWN/NA,E,PARKED,,,0,,,,,,,,,,,Y,Y,Y,Y,Y,Y,,UNKNOWN,,,,,,,,,,,,,,,,,,,,,,,,,,,,,,,,,
2127409,2b8c3a56fca7a54678ccfd7433b4727e2cd9311bf87a90f23a10fc37a052c12be5c17134ef7f3e731472878214236483367c8213a4f04f107c7e155592b6a883,08/12/2025 11:45:00 PM,4,PARKED,,2028056,,VOLKSWAGEN,JETTA,IL,2013,NONE,PASSENGER,UNKNOWN/NA,E,PARKED,,,0,,,,,Y,Y,Y,,,,,,,,,,,UNKNOWN,,,,,,,,,,,,,,,,,,,,,,,,,,,,,,,,,
2127392,fe56337c24c0e595fb37b30efea7fb37035183b01f50a55f8ce95d5cd7ebc33f733f9d9042e24f8cb9a1badfd03bb7828515b14bc58feda46c8ed097e3f11ea6,08/12/2025 11:37:00 PM,1,DRIVER,,2028044,,DODGE,STRATUS,IL,2006,UNKNOWN,PASSENGER,PERSONAL,E,STRAIGHT AHEAD,Y,,1,,streets and sanitation,,,,,,,,,,,,,,,,FRONT-LEFT-CORNER,,,,,,,,,,,,,,,,,,,,,,,,,,,,,,,,,
2127393,fe56337c24c0e595fb37b30efea7fb37035183b01f50a55f8ce95d5cd7ebc33f733f9d9042e24f8cb9a1badfd03bb7828515b14bc58feda46c8ed097e3f11ea6,08/12/2025 11:37:00 PM,2,PARKED,,2028045,,FORD,ECONOLINE E250,IL,2006,NONE,VAN/MINI-VAN,NOT IN USE,W,PARKED,,,0,,,,,,,,,,,Y,Y,Y,Y,Y,,,SIDE-LEFT,,,,,,,,,,,,,,,,,,,,,,,,,,,,,,,,,
2127394,fe56337c24c0e595fb37b30efea7fb37035183b01f50a55f8ce95d5cd7ebc33f733f9d9042e24f8cb9a1badfd03bb7828515b14bc58feda46c8ed097e3f11ea6,08/12/2025 11:37:00 PM,3,PARKED,,2028046,,CHEVROLET,EQUINOX,IL,2020,NONE,SPORT UTILITY VEHICLE (SUV),NOT IN USE,W,PARKED,Y,,0,,PRIVATE TOW,,,Y,,,,,Y,Y,Y,Y,Y,Y,Y,,FRONT-LEFT-CORNER,,,,,,,,,,,,,,,,,,,,,,,,,,,,,,,,,
2127395,fe56337c24c0e595fb37b30efea7fb37035183b01f50a55f8ce95d5cd7ebc33f733f9d9042e24f8cb9a1badfd03bb7828515b14bc58feda46c8ed097e3f11ea6,08/12/2025 11:37:00 PM,4,PARKED,,2028047,,SUBARU,IMPREZA,IL,2024,UNKNOWN,PASSENGER,NOT IN USE,W,PARKED,,,0,,,,,Y,Y,,,,,,,,Y,Y,Y,,FRONT,,,,,,,,,,,,,,,,,,,,,,,,,,,,,,,,,
2127396,fe56337c24c0e595fb37b30efea7fb37035183b01f50a55f8ce95d5cd7ebc33f733f9d9042e24f8cb9a1badfd03bb7828515b14bc58feda46c8ed097e3f11ea6,08/12/2025 11:37:00 PM,5,PARKED,,2028049,,TOYOTA,HIGHLANDER,IL,2008,UNKNOWN,SPORT UTILITY VEHICLE (SUV),NOT IN USE,W,PARKED,,,0,,,,,Y,Y,,,,,,,,,,Y,,FRONT-RIGHT-CORNER,,,,,,,,,,,,,,,,,,,,,,,,,,,,,,,,,
2132842,f21e103c6bbcaa22bac891446c88add8c8d66f4b0440524003675ca9281270c5193b59abe70477983a5ce4a3bc75fe5c2a40fb32b058b448bbaf3ab666743371,08/12/2025 11:33:00 PM,1,DRIVER,,2033166,,TOYOTA,SIENNA,IL,2020,UNKNOWN,VAN/MINI-VAN,UNKNOWN/NA,W,STRAIGHT AHEAD,Y,,1,,,,,Y,N,,,,,Y,Y,Y,Y,Y,Y,,FRONT-RIGHT-CORNER,,,,,,,,,,,,,,,,,,,,,,,,,,,,,,,,,
2132843,f21e103c6bbcaa22bac891446c88add8c8d66f4b0440524003675ca9281270c5193b59abe70477983a5ce4a3bc75fe5c2a40fb32b058b448bbaf3ab666743371,08/12/2025 11:33:00 PM,2,DRIVER,,2033167,,CHEVROLET,AVALANCHE,IL,2008,UNKNOWN,PICKUP,PERSONAL,E,STRAIGHT AHEAD,,,1,,,,,,,,,,,Y,Y,Y,Y,Y,,,SIDE-LEFT-REAR,,,,,,,,,,,,,,,,,,,,,,,,,,,,,,,,,
2127380,3a22efc02e86db08a0be5c1fb0cfa2cf5c2d4b0a929de1b51760b22fab00cd6b01c9e79e6a7ae2e97a03e381aa89ad4eca65d0b7f99d50725aea50f165ee1996,08/12/2025 11:32:00 PM,1,DRIVER,3,2028027,,TOYOTA,AVALON,IL,2008,UNKNOWN,PASSENGER,PERSONAL,S,STRAIGHT AHEAD,,,4,,,,,Y,Y,Y,Y,Y,,,,Y,Y,Y,Y,,FRONT-LEFT-CORNER,,,,,,,,,,,,,,,,,,,,,,,,,,,,,,,,,
2127381,3a22efc02e86db08a0be5c1fb0cfa2cf5c2d4b0a929de1b51760b22fab00cd6b01c9e79e6a7ae2e97a03e381aa89ad4eca65d0b7f99d50725aea50f165ee1996,08/12/2025 11:32:00 PM,2,DRIVER,,2028029,,HYUNDAI,ELANTRA,IL,2024,NONE,PASSENGER,PERSONAL,S,SLOW/STOP IN TRAFFIC,Y,,1,,PRIVATE TOW,,,,,Y,Y,Y,Y,,,,,,,,REAR-RIGHT-CORNER,,,,,,,,,,,,,,,,,,,,,,,,,,,,,,,,,
2127376,4c8a45233301b447608a28c100ebaf684f18914224c846d563740cb3bb6dd995d8701a52f1ce9b9925c577cb6042f870a1702ec66edf68bca4b750f0eff82cba,08/12/2025 11:00:00 PM,1,DRIVER,,2028021,,UNKNOWN,OTHER (EXPLAIN IN NARRATIVE),,,UNKNOWN,PASSENGER,UNKNOWN/NA,W,ENTERING TRAFFIC LANE FROM PARKING,,,1,,,,,,,,,,,,,,Y,Y,,,FRONT-LEFT-CORNER,,,,,,,,,,,,,,,,,,,,,,,,,,,,,,,,,
2127377,4c8a45233301b447608a28c100ebaf684f18914224c846d563740cb3bb6dd995d8701a52f1ce9b9925c577cb6042f870a1702ec66edf68bca4b750f0eff82cba,08/12/2025 11:00:00 PM,2,DRIVER,1,2028024,,JEEP,COMPASS,IL,2021,UNKNOWN,PASSENGER,PERSONAL,W,STRAIGHT AHEAD,Y,,2,,PRIVATE TOW,,,Y,Y,Y,,,,,,,,,,,FRONT-RIGHT-CORNER,,,,,,,,,,,,,,,,,,,,,,,,,,,,,,,,,
2127368,ad4f29884651726496be13db61ddc848c627037454c7a3d08f1f2428d9292ace5e56ce6ba5bbcf46341d6a98e9286a1b928e9f442958cf0e9acc509a23041bd4,08/12/2025 10:52:00 PM,1,DRIVER,,2028015,,VOLVO,850 SERIES,IL,2017,NONE,TRACTOR W/ SEMI-TRAILER,COMMERCIAL - MULTI-UNIT,E,BACKING,,,1,,,,,Y,,,,,,,,,,,,,FRONT-RIGHT-CORNER,,,,,,,,,,,,,,,,,,,,,,,,,,,,,,,,,
2127369,ad4f29884651726496be13db61ddc848c627037454c7a3d08f1f2428d9292ace5e56ce6ba5bbcf46341d6a98e9286a1b928e9f442958cf0e9acc509a23041bd4,08/12/2025 10:52:00 PM,2,PARKED,,2028017,,FREIGHTLINER CORPORATION,FREIGHTLINER CORP.,IL,2018,NONE,TRACTOR W/ SEMI-TRAILER,COMMERCIAL - MULTI-UNIT,W,PARKED,,,0,,,,,,,,,,,,,,,Y,,,FRONT-LEFT-CORNER,,,,,,,,,,,,,,,,,,,,,,,,,,,,,,,,,
2127386,6898269ff25e9e7829712f87c5fac4b8afdda203a4119a82a151b64f423610e846dbf01e1ad0723e544bf619e4b8d733f403125cd480060060c00483b1eb897c,08/12/2025 10:48:00 PM,1,DRIVER,,2028032,,GENERAL MOTORS CORPORATION (GMC),YUKON,IL,2007,UNKNOWN,PASSENGER,PERSONAL,N,STRAIGHT AHEAD,Y,,1,,CPD/IMPOUNDED,AUTO POUND 2,,Y,,,,,,,,,,Y,Y,,FRONT,,,,,,,,,,,,,,,,,,,,,,,,,,,,,,,,,
2127387,6898269ff25e9e7829712f87c5fac4b8afdda203a4119a82a151b64f423610e846dbf01e1ad0723e544bf619e4b8d733f403125cd480060060c00483b1eb897c,08/12/2025 10:48:00 PM,2,PARKED,,2028034,,CADILLAC,SRX,IL,2010,UNKNOWN,PASSENGER,PERSONAL,E,PARKED,,,0,,,,,,,,,,Y,Y,,,,,,,REAR-LEFT-CORNER,,,,,,,,,,,,,,,,,,,,,,,,,,,,,,,,,
2127388,6898269ff25e9e7829712f87c5fac4b8afdda203a4119a82a151b64f423610e846dbf01e1ad0723e544bf619e4b8d733f403125cd480060060c00483b1eb897c,08/12/2025 10:48:00 PM,3,PARKED,,2028036,,CHEVROLET,EQUINOX,IL,2012,UNKNOWN,PASSENGER,PERSONAL,E,PARKED,,,0,,,,,,,,,,Y,Y,,,,,,,REAR-LEFT-CORNER,,,,,,,,,,,,,,,,,,,,,,,,,,,,,,,,,