CRASH_UNIT_ID,CRASH_RECORD_ID,CRASH_DATE,UNIT_NO,UNIT_TYPE,NUM_PASSENGERS,VEHICLE_ID,CMRC_VEH_I,MAKE,MODEL,LIC_PLATE_STATE,VEHICLE_YEAR,VEHICLE_DEFECT,VEHICLE_TYPE,VEHICLE_USE,TRAVEL_DIRECTION,MANEUVER,TOWED_I,FIRE_I,OCCUPANT_CNT,EXCEED_SPEED_LIMIT_I,TOWED_BY,TOWED_TO,AREA_00_I,AREA_01_I,AREA_02_I,AREA_03_I,AREA_04_I,AREA_05_I,AREA_06_I,AREA_07_I,AREA_08_I,AREA_09_I,AREA_10_I,AREA_11_I,AREA_12_I,AREA_99_I,FIRST_CONTACT_POINT,CMV_ID,USDOT_NO,CCMC_NO,ILCC_NO,COMMERCIAL_SRC,GVWR,CARRIER_NAME,CARRIER_STATE,CARRIER_CITY,HAZMAT_PLACARDS_I,HAZMAT_NAME,UN_NO,HAZMAT_PRESENT_I,HAZMAT_REPORT_I,HAZMAT_REPORT_NO,MCS_REPORT_I,MCS_REPORT_NO,HAZMAT_VIO_CAUSE_CRASH_I,MCS_VIO_CAUSE_CRASH_I,IDOT_PERMIT_NO,WIDE_LOAD_I,TRAILER1_WIDTH,TRAILER2_WIDTH,TRAILER1_LENGTH,TRAILER2_LENGTH,TOTAL_VEHICLE_LENGTH,AXLE_CNT,VEHICLE_CONFIG,CARGO_BODY_TYPE,LOAD_TYPE,HAZMAT_OUT_OF_SERVICE_I,MCS_OUT_OF_SERVICE_I,HAZMAT_CLASS
2127389,6898269ff25e9e7829712f87c5fac4b8afdda203a4119a82a151b64f423610e846dbf01e1ad0723e544bf619e4b8d733f403125cd480060060c00483b1eb897c,08/12/2025 10:48:00 PM,4,PARKED,,2028041,,CHEVROLET,CRUZE,IL,2014,UNKNOWN,PASSENGER,PERSONAL,E,PARKED,,,0,,,,,,,,,,Y,Y,,,,,,,REAR-LEFT-CORNER,,,,,,,,,,,,,,,,,,,,,,,,,,,,,,,,,
2127382,17866129c84e411867690b582b4fe861c120d68f7922e2a8a759af9102cc3205a4fc8b1f88d71ce02881cabc9b9c6ec57eeb7bec5943c515263905b8b8a734a9,08/12/2025 10:40:00 PM,1,DRIVER,,2028028,,UNKNOWN,OTHER (EXPLAIN IN NARRATIVE),,,UNKNOWN,UNKNOWN/NA,UNKNOWN/NA,N,STRAIGHT AHEAD,,,1,,,,,,,,,,,,,,,,,Y,FRONT,,,,,,,,,,,,,,,,,,,,,,,,,,,,,,,,,
2127383,17866129c84e411867690b582b4fe861c120d68f7922e2a8a759af9102cc3205a4fc8b1f88d71ce02881cabc9b9c6ec57eeb7bec5943c515263905b8b8a734a9,08/12/2025 10:40:00 PM,2,BICYCLE,,,,,,,,,,,,,,,,,,,,,,,,,,,,,,,,,,,,,,,,,,,,,,,,,,,,,,,,,,,,,,,,,,
2127738,2a9b738668fed88f51557cd8474838f31d342414f9f44d67655a6f3ea26d6b613757f68da5999e0ec48aa2a9d59232e18a948bb8a19917bf7bba46af8b1080a9,08/12/2025 10:02:00 PM,1,DRIVER,1,2028364,,TESLA,MODEL 3,IL,2023,UNKNOWN,PASSENGER,PERSONAL,S,TURNING RIGHT,Y,,2,,OWNER,,,Y,Y,Y,Y,,,,,,,,,,FRONT-RIGHT-CORNER,,,,,,,,,,,,,,,,,,,,,,,,,,,,,,,,,
2127739,2a9b738668fed88f51557cd8474838f31d342414f9f44d67655a6f3ea26d6b613757f68da5999e0ec48aa2a9d59232e18a948bb8a19917bf7bba46af8b1080a9,08/12/2025 10:02:00 PM,2,PARKED,,2028377,,TOYOTA,RAV4,IL,2023,UNKNOWN,PASSENGER,PERSONAL,S,PARKED,,,0,,,,,,,,,,,Y,Y,Y,Y,,,,SIDE-LEFT-REAR,,,,,,,,,,,,,,,,,,,,,,,,,,,,,,,,,
2127362,8bb4b44332423f6d6c32f76ec50bab8a636e70fe9d41d07488a9740e7c481a813356db50b0e308f76edcdc0780d07d3c4e0e88924172426963ceb8f8d9833bef,08/12/2025 10:02:00 PM,1,DRIVER,,2028009,,DODGE,CHALLENGER,IN,2023,NONE,PASSENGER,PERSONAL,S,ENTERING TRAFFIC LANE FROM PARKING,Y,,1,,City of Chicago,pound 2,,,,,,,,,,,Y,Y,,,FRONT-LEFT-CORNER,,,,,,,,,,,,,,,,,,,,,,,,,,,,,,,,,
2127363,8bb4b44332423f6d6c32f76ec50bab8a636e70fe9d41d07488a9740e7c481a813356db50b0e308f76edcdc0780d07d3c4e0e88924172426963ceb8f8d9833bef,08/12/2025 10:02:00 PM,2,DRIVER,1,2028014,,FORD,EXPLORER,IL,,NONE,PASSENGER,POLICE,S,STRAIGHT AHEAD,,,2,,,,,Y,Y,,,,,,,,,,,,FRONT-RIGHT-CORNER,,,,,,,,,,,,,,,,,,,,,,,,,,,,,,,,,
2127360,77c07324bed8c79a2233220af71facc79e45368c4724fa7240325f7eb247d748ed3264159b4d8333915d08ba09099ffa11a9c66ab55056edcc31695b433c151e,08/12/2025 10:00:00 PM,1,DRIVER,,2028006,,TOYOTA,SIENNA,IL,2024,NONE,VAN/MINI-VAN,PERSONAL,N,STARTING IN TRAFFIC,,,1,,,,,,,,,,,,,,,,,,FRONT,,,,,,,,,,,,,,,,,,,,,,,,,,,,,,,,,
2127361,77c07324bed8c79a2233220af71facc79e45368c4724fa7240325f7eb247d748ed3264159b4d8333915d08ba09099ffa11a9c66ab55056edcc31695b433c151e,08/12/2025 10:00:00 PM,2,DRIVER,,2028010,,DODGE,JOURNEY,IL,2020,NONE,SPORT UTILITY VEHICLE (SUV),PERSONAL,E,STRAIGHT AHEAD,,,1,,,,,,,Y,Y,,,,,,,,,,SIDE-RIGHT-REAR,,,,,,,,,,,,,,,,,,,,,,,,,,,,,,,,,
2128051,e2e87d6c05f395b2586e79fe279eba1f023b8f51d0ed3384c9c2e22e4130a604bfc7bf7db1db59e79e3b72cfe38de19ee17e4179f12db7e3e026e06225ddd52c,08/12/2025 10:00:00 PM,1,DRIVER,,2028660,,HONDA,CR-V,IL,2007,UNKNOWN,PASSENGER,UNKNOWN/NA,NW,TURNING LEFT,,,1,,,,Y,,,,,,,,,,,,,N,UNKNOWN,,,,,,,,,,,,,,,,,,,,,,,,,,,,,,,,,
2128052,e2e87d6c05f395b2586e79fe279eba1f023b8f51d0ed3384c9c2e22e4130a604bfc7bf7db1db59e79e3b72cfe38de19ee17e4179f12db7e3e026e06225ddd52c,08/12/2025 10:00:00 PM,2,PEDESTRIAN,,,,,,,,,,,,,,,,,,,,,,,,,,,,,,,,,,,,,,,,,,,,,,,,,,,,,,,,,,,,,,,,,,
2127384,72e441b8b94170beb92bb9fa7bd9e4492330b5b321c92b300f2a10a4c62c758dc1feb6b8379a439cca0788c2f995cfba1fb0878b92b37270594d03f4f77e8e22,08/12/2025 09:50:00 PM,2,DRIVER,,2028030,,TOYOTA,COROLLA,IL,2025,UNKNOWN,PASSENGER,PERSONAL,W,STRAIGHT AHEAD,,,1,,,,,,,,,,Y,,Y,Y,Y,,,,TOP,,,,,,,,,,,,,,,,,,,,,,,,,,,,,,,,,
2127385,72e441b8b94170beb92bb9fa7bd9e4492330b5b321c92b300f2a10a4c62c758dc1feb6b8379a439cca0788c2f995cfba1fb0878b92b37270594d03f4f77e8e22,08/12/2025 09:50:00 PM,1,DRIVERLESS,,2028031,,UNKNOWN,OTHER (EXPLAIN IN NARRATIVE),IL,,NONE,OTHER,NOT IN USE,W,OTHER,,,0,,,,Y,,,,,,,,,,,,,,TOP,,,,,,,,,,,,,,,,,,,,,,,,,,,,,,,,,
2127341,dfa74e6be4b9453310ae24bdc8ca8f9a22841866f37f3992b595522613e4131a8286f04100dab97acf53a7e77439a7b388b10af8ea804ebfc97a36e172b1c58f,08/12/2025 09:45:00 PM,1,DRIVER,,2027987,,AUDI,A7,IL,2015,UNKNOWN,PASSENGER,PERSONAL,E,STRAIGHT AHEAD,,,1,,,,,,,Y,Y,Y,,,,,,,,,SIDE-RIGHT,,,,,,,,,,,,,,,,,,,,,,,,,,,,,,,,,
2127342,dfa74e6be4b9453310ae24bdc8ca8f9a22841866f37f3992b595522613e4131a8286f04100dab97acf53a7e77439a7b388b10af8ea804ebfc97a36e172b1c58f,08/12/2025 09:45:00 PM,2,DRIVER,,2027989,,HONDA,ELEMENT,IL,2003,UNKNOWN,PASSENGER,PERSONAL,SW,BACKING,,,1,,,,,,,,Y,Y,Y,Y,,,,,,,REAR-LEFT-CORNER,,,,,,,,,,,,,,,,,,,,,,,,,,,,,,,,,
2130023,bc15050c84786ae3e8579f955df85a12cbc6901dee56ebe7773f9c3681531399b08b389d8b54a14a40a6278285d019d585ded485e6ff3b0c6c9a5efb483c519b,08/12/2025 09:38:00 PM,1,DRIVER,,2030527,,UNKNOWN,OTHER (EXPLAIN IN NARRATIVE),,,UNKNOWN,UNKNOWN/NA,UNKNOWN/NA,UNKNOWN,UNKNOWN/NA,,,1,,,,,,,,,,,,,,,,,Y,UNKNOWN,,,,,,,,,,,,,,,,,,,,,,,,,,,,,,,,,
2130024,bc15050c84786ae3e8579f955df85a12cbc6901dee56ebe7773f9c3681531399b08b389d8b54a14a40a6278285d019d585ded485e6ff3b0c6c9a5efb483c519b,08/12/2025 09:38:00 PM,2,PARKED,,2030529,,TOYOTA,RAV4,IL,2025,NONE,SPORT UTILITY VEHICLE (SUV),NOT IN USE,SE,PARKED,,,0,,,,,,,,,,,Y,,,,,,,SIDE-LEFT-REAR,,,,,,,,,,,,,,,,,,,,,,,,,,,,,,,,,
2127343,d56b65c1eda4b8117a1b37499012b4e2312b1d22fdc3f64d51b08f14850a88212e11cad4207e360aad5fc5fe9c31b14d5ad8f7501f5f36e9a7f47a966bf31183,08/12/2025 09:34:00 PM,1,DRIVER,,2027988,,FORD,FOCUS,IL,2015,UNKNOWN,PASSENGER,UNKNOWN/NA,E,STRAIGHT AHEAD,,,1,,,,,,,,,,,,,,,,,Y,FRONT,,,,,,,,,,,,,,,,,,,,,,,,,,,,,,,,,
2127344,d56b65c1eda4b8117a1b37499012b4e2312b1d22fdc3f64d51b08f14850a88212e11cad4207e360aad5fc5fe9c31b14d5ad8f7501f5f36e9a7f47a966bf31183,08/12/2025 09:34:00 PM,2,DRIVER,,2027990,,VOLVO,XC90,IL,2017,NONE,SPORT UTILITY VEHICLE (SUV),PERSONAL,E,SLOW/STOP IN TRAFFIC,,,1,,,,,,,,,,Y,,,,,,,,REAR,,,,,,,,,,,,,,,,,,,,,,,,,,,,,,,,,
2127943,7ce0f833829e2f25f85261f728b8ab01280e95b84434345ca021672e6d61a2329756de817e6b6736fcc0c9a68e0357356646c0e22758664774c7fed6c25108e8,08/12/2025 09:15:00 PM,1,DRIVER,,2028552,,HONDA,OTHER (EXPLAIN IN NARRATIVE),IL,,NONE,PASSENGER,PERSONAL,E,STRAIGHT AHEAD,,,1,,,,,Y,Y,N,,,,,,,,,,,SIDE-RIGHT-FRONT,,,,,,,,,,,,,,,,,,,,,,,,,,,,,,,,,
2127944,7ce0f833829e2f25f85261f728b8ab01280e95b84434345ca021672e6d61a2329756de817e6b6736fcc0c9a68e0357356646c0e22758664774c7fed6c25108e8,08/12/2025 09:15:00 PM,2,DRIVER,,2028553,,VOLKSWAGEN,JETTA,FL,2014,NONE,PASSENGER,PERSONAL,N,STRAIGHT AHEAD,Y,,1,,HARDY FAST TOWING,HARDY FAST TOWING,,Y,,,,,,,,,,Y,Y,,FRONT,,,,,,,,,,,,,,,,,,,,,,,,,,,,,,,,,
2127358,25c514ac8ea54bfaf4d24de0d10362a49cffe1c65250a0bea003febe1791e8a08e5dd6ae31329902350b18ed6c1e4e99986db29e8a22727386e269c3a5d03e3f,08/12/2025 09:00:00 PM,1,DRIVER,,2028002,,BMW,328I,PA,2015,UNKNOWN,UNKNOWN/NA,UNKNOWN/NA,W,CHANGING LANES,,,1,,,,,,,,,,,,,,,Y,,,SIDE-LEFT-FRONT,,,,,,,,,,,,,,,,,,,,,,,,,,,,,,,,,
2127359,25c514ac8ea54bfaf4d24de0d10362a49cffe1c65250a0bea003febe1791e8a08e5dd6ae31329902350b18ed6c1e4e99986db29e8a22727386e269c3a5d03e3f,08/12/2025 09:00:00 PM,2,DRIVER,,2028007,,TOYOTA,RAV4,IL,2002,NONE,PASSENGER,PERSONAL,W,STRAIGHT AHEAD,,,1,,,,,Y,Y,,,,,,,,,,,,FRONT-RIGHT-CORNER,,,,,,,,,,,,,,,,,,,,,,,,,,,,,,,,,
2127370,d0f6f0c485a9988d7fc7f182eda96bad90b4cdc05bee455168713f7466a449f8bb1196934db3530515234ca0d6335d14b67544ed9d04c33575a5f953bc6302bf,08/12/2025 09:00:00 PM,1,DRIVER,,2028020,,JEEP,PATRIOT,IL,2008,NONE,SPORT UTILITY VEHICLE (SUV),PERSONAL,W,TURNING LEFT,,,1,,,,,,,,,,,,,,,,,,FRONT,,,,,,,,,,,,,,,,,,,,,,,,,,,,,,,,,
2127371,d0f6f0c485a9988d7fc7f182eda96bad90b4cdc05bee455168713f7466a449f8bb1196934db3530515234ca0d6335d14b67544ed9d04c33575a5f953bc6302bf,08/12/2025 09:00:00 PM,2,DRIVER,,2028023,,FORD,EDGE,IL,2011,NONE,SPORT UTILITY VEHICLE (SUV),PERSONAL,E,STRAIGHT AHEAD,,,1,,,,,,,,,,,,,,,Y,,,FRONT-LEFT-CORNER,,,,,,,,,,,,,,,,,,,,,,,,,,,,,,,,,
2127938,f42bf17a0fde7ccdf72eaf9f64f9cf2882e900339bdead4b76dd0bf83047b364092dd409226da9295fcce254b0765c7badeb71a905cae6c07cf6be06cc6e3a9b,08/12/2025 09:00:00 PM,1,DRIVER,,2028554,,NISSAN,ROGUE,IL,2017,UNKNOWN,PASSENGER,UNKNOWN/NA,UNKNOWN,UNKNOWN/NA,,,1,,,,,,,,,,,,,,,,,Y,UNKNOWN,,,,,,,,,,,,,,,,,,,,,,,,,,,,,,,,,
2127939,f42bf17a0fde7ccdf72eaf9f64f9cf2882e900339bdead4b76dd0bf83047b364092dd409226da9295fcce254b0765c7badeb71a905cae6c07cf6be06cc6e3a9b,08/12/2025 09:00:00 PM,2,PARKED,,2028559,,FIAT,OTHER (EXPLAIN IN NARRATIVE),IL,,NONE,PASSENGER,NOT IN USE,UNKNOWN,PARKED,,,0,,,,,,,Y,Y,,,,,,,,,,SIDE-RIGHT,,,,,,,,,,,,,,,,,,,,,,,,,,,,,,,,,
2127317,0e3f45a4e9b30d766f46ae820b5e4be42ef3f9d1954758678b05b1db9d1804a0349fbef81e84faf5663de3fa52437f42b0819d3d8dc21811d37e86e6350c1aa3,08/12/2025 08:40:00 PM,1,DRIVER,,2027968,,TOYOTA,PRIUS,IL,2008,NONE,PASSENGER,PERSONAL,S,STRAIGHT AHEAD,,,1,,,,,,,,,N,Y,Y,,,,,,,REAR,,,,,,,,,,,,,,,,,,,,,,,,,,,,,,,,,
2127318,0e3f45a4e9b30d766f46ae820b5e4be42ef3f9d1954758678b05b1db9d1804a0349fbef81e84faf5663de3fa52437f42b0819d3d8dc21811d37e86e6350c1aa3,08/12/2025 08:40:00 PM,2,DRIVER,,2027967,,TESLA,OTHER (EXPLAIN IN NARRATIVE),IL,2021,NONE,PASSENGER,PERSONAL,S,STRAIGHT AHEAD,,,1,,,,,Y,,,,,,,,,,Y,Y,,FRONT,,,,,,,,,,,,,,,,,,,,,,,,,,,,,,,,,
2127355,c010a0cc3dfa4c670e5e5a10696ee811dd2a2ad4de84a59852bc24fd0f316bfebc664d226dd77ae5e4b303d4d5d65c55c1c9ffd646739bcfc91e9f1ca659eb45,08/12/2025 08:40:00 PM,1,DRIVER,,2028001,,UNKNOWN,OTHER (EXPLAIN IN NARRATIVE),,,UNKNOWN,SPORT UTILITY VEHICLE (SUV),UNKNOWN/NA,N,PASSING/OVERTAKING,,,1,,,,Y,,,,,,,,,,,,,,NONE,,,,,,,,,,,,,,,,,,,,,,,,,,,,,,,,,
2127356,c010a0cc3dfa4c670e5e5a10696ee811dd2a2ad4de84a59852bc24fd0f316bfebc664d226dd77ae5e4b303d4d5d65c55c1c9ffd646739bcfc91e9f1ca659eb45,08/12/2025 08:40:00 PM,2,DRIVER,,2028003,Y,NEW FLYER,OTHER (EXPLAIN IN NARRATIVE),IL,2012,NONE,BUS OVER 15 PASS.,CTA,N,AVOIDING VEHICLES/OBJECTS,,,1,,,,,Y,,,,,,,,,,,,,FRONT-RIGHT-CORNER,"21,979",,,,,,,,,,,,,,,,,,,,,,,,,,,BUS,,,,,
2127357,c010a0cc3dfa4c670e5e5a10696ee811dd2a2ad4de84a59852bc24fd0f316bfebc664d226dd77ae5e4b303d4d5d65c55c1c9ffd646739bcfc91e9f1ca659eb45,08/12/2025 08:40:00 PM,3,DRIVER,,2028005,,MERCEDES-BENZ,C300,IL,2018,NONE,PASSENGER,PERSONAL,N,STRAIGHT AHEAD,,,1,,,,,,,,,,,Y,,,,,,,REAR-LEFT-CORNER,,,,,,,,,,,,,,,,,,,,,,,,,,,,,,,,,
2127345,56dade178b5c1d0157d17712b1453dbc0f3d6ecf6a429da982a7b88749bc302ae612d9dbb85327e6fc7d451ac1a5e31ba5616f05847a3f232bef7786069e78a4,08/12/2025 08:30:00 PM,1,DRIVER,1,2027992,,FORD,ESCAPE,IL,2014,UNKNOWN,SPORT UTILITY VEHICLE (SUV),PERSONAL,E,STRAIGHT AHEAD,Y,,2,,PERSONAL TOW,UNKNOWN,,Y,,,,,,,,,,Y,Y,,FRONT,,,,,,,,,,,,,,,,,,,,,,,,,,,,,,,,,
2127346,56dade178b5c1d0157d17712b1453dbc0f3d6ecf6a429da982a7b88749bc302ae612d9dbb85327e6fc7d451ac1a5e31ba5616f05847a3f232bef7786069e78a4,08/12/2025 08:30:00 PM,2,DRIVER,1,2027997,,SUBARU,OUTBACK,,2010,UNKNOWN,PASSENGER,PERSONAL,N,STRAIGHT AHEAD,Y,,2,,CITY OF CHICAGO,POUND 6,,,,,,Y,Y,Y,Y,Y,Y,Y,,,SIDE-LEFT,,,,,,,,,,,,,,,,,,,,,,,,,,,,,,,,,
2127426,f081ec36244f56afffbb3f21871f5b60469975aa133d17a86dd11b6fafaf0fddbdf6b2798fdefa74d1ea381e394dc2e825da12a7ff184e94357496b43f412db3,08/12/2025 08:25:00 PM,1,DRIVER,,2028074,,NISSAN,OTHER (EXPLAIN IN NARRATIVE),IL,2021,UNKNOWN,PASSENGER,UNKNOWN/NA,S,UNKNOWN/NA,,,1,,,,,Y,Y,,,,,,,,,,,,SIDE-RIGHT-FRONT,,,,,,,,,,,,,,,,,,,,,,,,,,,,,,,,,
2127427,f081ec36244f56afffbb3f21871f5b60469975aa133d17a86dd11b6fafaf0fddbdf6b2798fdefa74d1ea381e394dc2e825da12a7ff184e94357496b43f412db3,08/12/2025 08:25:00 PM,2,DRIVER,,2028077,Y,TOYOTA,COROLLA,IN,2024,NONE,PASSENGER,OTHER,S,STRAIGHT AHEAD,,,1,,,,,,,,,,,Y,Y,,,,,,SIDE-LEFT-REAR,"21,981",,,,,,ENTERPRISE RA#96GVT4,IL,OAK LAWN,,,,,,,,,,,,,,,,,,,,,,,,
2127331,bff7463ce2dd8bf98ebb68adfc72181d5c564479a516f0d022644f22c59f8ad84d12a8dbb463f5421b4f4fd92cd0c1e9c04fef0a8bacb099ad90064dbff6ba59,08/12/2025 08:20:00 PM,1,DRIVER,3,2027980,,UNKNOWN,OTHER (EXPLAIN IN NARRATIVE),IL,2020,UNKNOWN,OTHER,FIRE,W,BACKING,,,4,,,,,,,,,,Y,,,,,,,,REAR,,,,,,,,,,,,,,,,,,,,,,,,,,,,,,,,,
2127332,bff7463ce2dd8bf98ebb68adfc72181d5c564479a516f0d022644f22c59f8ad84d12a8dbb463f5421b4f4fd92cd0c1e9c04fef0a8bacb099ad90064dbff6ba59,08/12/2025 08:20:00 PM,2,DRIVER,1,2027983,,UNKNOWN,OPEN BODY,IL,,NONE,OTHER,AMBULANCE,E,STRAIGHT AHEAD,,,2,,,,,,,,,,,,,,,N,Y,,FRONT,,,,,,,,,,,,,,,,,,,,,,,,,,,,,,,,,
2127333,2e98d38cae652853f1c7f6a1229b36c6aab9ce46a664c8d87406284078549c9a55a5dd15e4933d3678c54eeb5cb04b2c5e0bbe3ef8f57e1b1c4859f97bc60a3a,08/12/2025 08:10:00 PM,1,DRIVER,,2027977,,FORD,ESCAPE,IL,2015,NONE,PASSENGER,PERSONAL,UNKNOWN,UNKNOWN/NA,Y,,1,,CITY OF CHICAGO,AUTO POUND,,Y,Y,,,,,,,,Y,Y,Y,,FRONT,,,,,,,,,,,,,,,,,,,,,,,,,,,,,,,,,
2127323,0278b5cabee1edbe9cd8528fa99e8666ef9548141a219c292a1072e52564326db78c997656d4715f5c756fc584f145cb3848838abd45e84f3d5553e4e7c104a3,08/12/2025 08:00:00 PM,1,DRIVER,,2027982,,UNKNOWN,OTHER (EXPLAIN IN NARRATIVE),XX,,UNKNOWN,SPORT UTILITY VEHICLE (SUV),UNKNOWN/NA,S,STRAIGHT AHEAD,,,1,,,,,,,,,,,,,,,Y,Y,,FRONT,,,,,,,,,,,,,,,,,,,,,,,,,,,,,,,,,
2127324,0278b5cabee1edbe9cd8528fa99e8666ef9548141a219c292a1072e52564326db78c997656d4715f5c756fc584f145cb3848838abd45e84f3d5553e4e7c104a3,08/12/2025 08:00:00 PM,2,DRIVER,,2027970,,HYUNDAI,ELANTRA,IL,2020,UNKNOWN,PASSENGER,RIDESHARE SERVICE,S,STRAIGHT AHEAD,,,1,,,,,,,,,,Y,Y,,,,,,,REAR,,,,,,,,,,,,,,,,,,,,,,,,,,,,,,,,,
2127306,2ac9a0af2d80ab118ea372e1bf4ebab33453497a8263a0f56971ae6951a2b8ab3866fd65785bf618a61d8abde72bbaee0cf273af920b769527ff1f6dcec9972c,08/12/2025 08:00:00 PM,1,DRIVER,1,2027959,,CHEVROLET,TRAIL BLAZER,IL,2018,UNKNOWN,PASSENGER,PERSONAL,E,STRAIGHT AHEAD,,,2,,,,,Y,,,,,,,,,,Y,Y,,FRONT,,,,,,,,,,,,,,,,,,,,,,,,,,,,,,,,,
2127307,2ac9a0af2d80ab118ea372e1bf4ebab33453497a8263a0f56971ae6951a2b8ab3866fd65785bf618a61d8abde72bbaee0cf273af920b769527ff1f6dcec9972c,08/12/2025 08:00:00 PM,2,DRIVER,,2027966,,CHEVROLET,CRUZE,IL,2018,UNKNOWN,PASSENGER,PERSONAL,W,STRAIGHT AHEAD,,,1,,,,,,,,,Y,Y,Y,,,,,,,REAR,,,,,,,,,,,,,,,,,,,,,,,,,,,,,,,,,
2127335,4b2947ee9baf65b8f51b2e32509d5f7b4586f73459c95804cf6b83d746203c8c6df7264a11a04eb8dff0a626249a74cfefce0c17acdda490b85e6443d235a1ca,08/12/2025 08:00:00 PM,1,DRIVER,,2027994,,DODGE,RAM 1500 PU,IL,2002,NONE,PICKUP,PERSONAL,E,BACKING,,,1,,,,,,,,,,Y,,,,,,,,REAR,,,,,,,,,,,,,,,,,,,,,,,,,,,,,,,,,
2127336,4b2947ee9baf65b8f51b2e32509d5f7b4586f73459c95804cf6b83d746203c8c6df7264a11a04eb8dff0a626249a74cfefce0c17acdda490b85e6443d235a1ca,08/12/2025 08:00:00 PM,2,DRIVERLESS,1,2028000,,JEEP,CHEROKEE,IL,2020,NONE,SPORT UTILITY VEHICLE (SUV),PERSONAL,N,DRIVERLESS,,,1,,,,,,,,,,,Y,,,,,,,SIDE-LEFT-REAR,,,,,,,,,,,,,,,,,,,,,,,,,,,,,,,,,
2127319,ff87dd0536e67432523f336e7f75c6e463522970ff30618da052db0a924b8c9c60e56f72b35df376b9361af033f47aebc2ca523688e8a6f5b2f5f3f425bf3377,08/12/2025 07:55:00 PM,1,DRIVER,,2027975,,CHEVROLET,MALIBU,IL,2017,UNKNOWN,PASSENGER,PERSONAL,S,STRAIGHT AHEAD,,,1,,,,,Y,,,,,,,,,,Y,Y,,FRONT,,,,,,,,,,,,,,,,,,,,,,,,,,,,,,,,,
2127320,ff87dd0536e67432523f336e7f75c6e463522970ff30618da052db0a924b8c9c60e56f72b35df376b9361af033f47aebc2ca523688e8a6f5b2f5f3f425bf3377,08/12/2025 07:55:00 PM,2,DRIVER,,2027971,,TOYOTA,YARIS,IL,2020,UNKNOWN,PASSENGER,PERSONAL,S,STRAIGHT AHEAD,,,1,,,,,,,,,Y,Y,Y,,,,,,,REAR,,,,,,,,,,,,,,,,,,,,,,,,,,,,,,,,,
2127308,58438d07a7449fe0d82f6a73bc09b4d0d7dfb5ecb9509e672ec3ffb6e9c0b8ca2cc5e28d91bf58b78703bf52e35557ecb19dfc80463b1444f3c835349ea042f2,08/12/2025 07:44:00 PM,1,DRIVER,,2027956,,MITSUBISHI,OUTLANDER,PA,2017,UNKNOWN,PASSENGER,PERSONAL,N,STRAIGHT AHEAD,,,1,,,,,Y,Y,,,,,,,,,,Y,,FRONT-RIGHT-CORNER,,,,,,,,,,,,,,,,,,,,,,,,,,,,,,,,,
2127309,58438d07a7449fe0d82f6a73bc09b4d0d7dfb5ecb9509e672ec3ffb6e9c0b8ca2cc5e28d91bf58b78703bf52e35557ecb19dfc80463b1444f3c835349ea042f2,08/12/2025 07:44:00 PM,2,DRIVER,1,2027963,,CHEVROLET,EQUINOX,IL,2018,UNKNOWN,PASSENGER,PERSONAL,E,STRAIGHT AHEAD,Y,,2,,PRIVATE,,,,,Y,Y,Y,,,,,,,,,SIDE-RIGHT-REAR,,,,,,,,,,,,,,,,,,,,,,,,,,,,,,,,,
2127269,7474fe2b39a3fc478be8154972c4ff4d7c48f6a0845f074c55227855243dbf133797a24cbdef722da139186c0ce21cc35c9cf8d696b3439e967bff8d665963ca,08/12/2025 07:38:00 PM,1,DRIVER,,2027920,,NISSAN,ROGUE,IL,2015,NONE,PASSENGER,PERSONAL,N,TURNING LEFT,,,1,,,,,,,,,,,,,,,,Y,,FRONT,,,,,,,,,,,,,,,,,,,,,,,,,,,,,,,,,
2127270,7474fe2b39a3fc478be8154972c4ff4d7c48f6a0845f074c55227855243dbf133797a24cbdef722da139186c0ce21cc35c9cf8d696b3439e967bff8d665963ca,08/12/2025 07:38:00 PM,2,DRIVER,,2027924,,TOYOTA,CAMRY,IL,2021,NONE,PASSENGER,PERSONAL,S,STRAIGHT AHEAD,,,1,,,,,,,,,,,,,,,Y,,,FRONT-LEFT-CORNER,,,,,,,,,,,,,,,,,,,,,,,,,,,,,,,,,
2128035,a57b64509b0db1d3f759bb293a4270a8b56d22a99d0c31d43da5b9f9a477ee674d9061667e31512dd811e930ac3f07fce25282b444aca46c9244283d1ab01fbd,08/12/2025 07:38:00 PM,1,DRIVER,,2028656,,TOYOTA,SIENNA,IL,2008,UNKNOWN,PASSENGER,UNKNOWN/NA,S,STRAIGHT AHEAD,,,1,,,,,,,Y,Y,Y,,,,,,,,,REAR-RIGHT-CORNER,,,,,,,,,,,,,,,,,,,,,,,,,,,,,,,,,
2128036,a57b64509b0db1d3f759bb293a4270a8b56d22a99d0c31d43da5b9f9a477ee674d9061667e31512dd811e930ac3f07fce25282b444aca46c9244283d1ab01fbd,08/12/2025 07:38:00 PM,2,DRIVERLESS,,2028658,,HARLEY-DAVIDSON,HARLEY-DAVIDSON,IL,2002,UNKNOWN,MOTORCYCLE (OVER 150CC),UNKNOWN/NA,UNKNOWN,PARKED IN TRAFFIC LANE,,,0,,,,,Y,,,,,,,,,,Y,Y,,FRONT-LEFT-CORNER,,,,,,,,,,,,,,,,,,,,,,,,,,,,,,,,,
2127334,db32b649b68c930172f9ab7b095b2a5bf76b139fd3f3dcd9cf7fff7461d828ad97cb04389d7b9be3d4cb34858a258c332950633c755948af0bd46588d9bf51f0,08/12/2025 07:37:00 PM,1,DRIVER,,2027984,,HARLEY-DAVIDSON,HARLEY-DAVIDSON,IL,2006,UNKNOWN,MOTORCYCLE (OVER 150CC),PERSONAL,N,STRAIGHT AHEAD,Y,,1,,O'HARE TOW TRUCK,RELO LOT/11 N. BESSIE COLEMAN,,,,,,,,,,,,,,,SIDE-RIGHT,,,,,,,,,,,,,,,,,,,,,,,,,,,,,,,,,