CRASH_UNIT_ID,CRASH_RECORD_ID,CRASH_DATE,UNIT_NO,UNIT_TYPE,NUM_PASSENGERS,VEHICLE_ID,CMRC_VEH_I,MAKE,MODEL,LIC_PLATE_STATE,VEHICLE_YEAR,VEHICLE_DEFECT,VEHICLE_TYPE,VEHICLE_USE,TRAVEL_DIRECTION,MANEUVER,TOWED_I,FIRE_I,OCCUPANT_CNT,EXCEED_SPEED_LIMIT_I,TOWED_BY,TOWED_TO,AREA_00_I,AREA_01_I,AREA_02_I,AREA_03_I,AREA_04_I,AREA_05_I,AREA_06_I,AREA_07_I,AREA_08_I,AREA_09_I,AREA_10_I,AREA_11_I,AREA_12_I,AREA_99_I,FIRST_CONTACT_POINT,CMV_ID,USDOT_NO,CCMC_NO,ILCC_NO,COMMERCIAL_SRC,GVWR,CARRIER_NAME,CARRIER_STATE,CARRIER_CITY,HAZMAT_PLACARDS_I,HAZMAT_NAME,UN_NO,HAZMAT_PRESENT_I,HAZMAT_REPORT_I,HAZMAT_REPORT_NO,MCS_REPORT_I,MCS_REPORT_NO,HAZMAT_VIO_CAUSE_CRASH_I,MCS_VIO_CAUSE_CRASH_I,IDOT_PERMIT_NO,WIDE_LOAD_I,TRAILER1_WIDTH,TRAILER2_WIDTH,TRAILER1_LENGTH,TRAILER2_LENGTH,TOTAL_VEHICLE_LENGTH,AXLE_CNT,VEHICLE_CONFIG,CARGO_BODY_TYPE,LOAD_TYPE,HAZMAT_OUT_OF_SERVICE_I,MCS_OUT_OF_SERVICE_I,HAZMAT_CLASS
2127772,b0ba39d110c027cf898582f69aa09067800b1addbe7f8f1a0946f82fa6a30c125b90e95a182a2152a3dc54b8660f3be7dd70b6af013890594cbc7fae8ae39387,08/12/2025 07:30:00 PM,1,DRIVER,,2028394,,KIA,SORENTO,IL,2011,UNKNOWN,SPORT UTILITY VEHICLE (SUV),PERSONAL,E,STRAIGHT AHEAD,,,1,,,,,,,,,,,,,,,,,Y,UNKNOWN,,,,,,,,,,,,,,,,,,,,,,,,,,,,,,,,,
2127773,b0ba39d110c027cf898582f69aa09067800b1addbe7f8f1a0946f82fa6a30c125b90e95a182a2152a3dc54b8660f3be7dd70b6af013890594cbc7fae8ae39387,08/12/2025 07:30:00 PM,2,DRIVER,1,2028400,,TOYOTA,RAV4,IL,2023,UNKNOWN,SPORT UTILITY VEHICLE (SUV),TAXI/FOR HIRE,E,SLOW/STOP IN TRAFFIC,,,2,,,,,,,,,,Y,,,,,,,,REAR,,,,,,,,,,,,,,,,,,,,,,,,,,,,,,,,,
2127279,259976c6a63491329d960f9bd0e85b93d511e8d85336a2bccec05863f3e993cd3fd22f9af741ebb085caa1e15ed46975805ddf9c9fb79343ad0bad959b123f50,08/12/2025 07:15:00 PM,1,DRIVER,,2027936,,BMW,X3,IL,2013,NONE,SPORT UTILITY VEHICLE (SUV),PERSONAL,W,STRAIGHT AHEAD,,,1,,,,,,,,,,,,,,,,Y,,FRONT,,,,,,,,,,,,,,,,,,,,,,,,,,,,,,,,,
2127280,259976c6a63491329d960f9bd0e85b93d511e8d85336a2bccec05863f3e993cd3fd22f9af741ebb085caa1e15ed46975805ddf9c9fb79343ad0bad959b123f50,08/12/2025 07:15:00 PM,2,DRIVER,,2027942,,CHEVROLET,TRAIL BLAZER,IL,2005,NONE,SPORT UTILITY VEHICLE (SUV),PERSONAL,W,STRAIGHT AHEAD,,,1,,,,,,,,,,Y,,,,,,,,REAR,,,,,,,,,,,,,,,,,,,,,,,,,,,,,,,,,
2127298,465d5e6bad0ddd3bb87463038ec14910884cd1c1063bce9e5cd4535d83790ee0d756a5a1dc62df3442d1e5e631aa0d5a6703aa0fa4f3d87cd85de6952c4fbbfc,08/12/2025 07:12:00 PM,1,DRIVER,,2027950,,TOYOTA,CAMRY,IL,2007,NONE,PASSENGER,PERSONAL,E,STRAIGHT AHEAD,,,1,,,,,Y,Y,Y,,,,,,,,,,,FRONT-RIGHT-CORNER,,,,,,,,,,,,,,,,,,,,,,,,,,,,,,,,,
2127299,465d5e6bad0ddd3bb87463038ec14910884cd1c1063bce9e5cd4535d83790ee0d756a5a1dc62df3442d1e5e631aa0d5a6703aa0fa4f3d87cd85de6952c4fbbfc,08/12/2025 07:12:00 PM,2,DRIVER,,2027961,,PONTIAC,VIBE,IL,2004,UNKNOWN,PASSENGER,PERSONAL,N,STRAIGHT AHEAD,,,1,,,,,Y,,,,,,,,,,Y,Y,,FRONT,,,,,,,,,,,,,,,,,,,,,,,,,,,,,,,,,
2127372,bcc9ce4c350f18ec0f82dcf2aeeae9f4436278af9b06625c8fae9bb2c72d0ef2cb71a8c279842dd37010a345ffaaac08d7a3d0862bf34c4be50a852173db7ffe,08/12/2025 07:11:00 PM,1,DRIVER,,2028018,,UNKNOWN,ENCLOSED BODY,,,UNKNOWN,PASSENGER,UNKNOWN/NA,N,STRAIGHT AHEAD,,,1,,,,,Y,,,,,,,,,,Y,Y,,FRONT,,,,,,,,,,,,,,,,,,,,,,,,,,,,,,,,,
2127373,bcc9ce4c350f18ec0f82dcf2aeeae9f4436278af9b06625c8fae9bb2c72d0ef2cb71a8c279842dd37010a345ffaaac08d7a3d0862bf34c4be50a852173db7ffe,08/12/2025 07:11:00 PM,2,DRIVER,,2028019,,KIA,NIRO,NY,2025,NONE,PASSENGER,NOT IN USE,N,STRAIGHT AHEAD,,,1,,,,,,,,,Y,Y,Y,,,,,,,REAR,,,,,,,,,,,,,,,,,,,,,,,,,,,,,,,,,
2131524,980635ff041013883aff6f331c2213ef9f370ab661933789cc2368510efe66850cc6f986cfefd0d694b5e067fab8b75d73430a89a34b1406b5679b72f2955095,08/12/2025 07:08:00 PM,1,DRIVER,,2031924,,UNKNOWN,OTHER (EXPLAIN IN NARRATIVE),IL,,UNKNOWN,UNKNOWN/NA,UNKNOWN/NA,S,STRAIGHT AHEAD,,,1,,,,,,,,,,,,,,,,,Y,UNKNOWN,,,,,,,,,,,,,,,,,,,,,,,,,,,,,,,,,
2131525,980635ff041013883aff6f331c2213ef9f370ab661933789cc2368510efe66850cc6f986cfefd0d694b5e067fab8b75d73430a89a34b1406b5679b72f2955095,08/12/2025 07:08:00 PM,2,PARKED,,2031925,,CHEVROLET,SILVERADO,IL,2003,UNKNOWN,PICKUP,PERSONAL,S,PARKED,,,0,,,,,,,,,,,Y,Y,Y,,,,,SIDE-LEFT-REAR,,,,,,,,,,,,,,,,,,,,,,,,,,,,,,,,,
2131526,980635ff041013883aff6f331c2213ef9f370ab661933789cc2368510efe66850cc6f986cfefd0d694b5e067fab8b75d73430a89a34b1406b5679b72f2955095,08/12/2025 07:08:00 PM,3,PARKED,,2031926,,GENERAL MOTORS CORPORATION (GMC),YUKON,IL,2001,UNKNOWN,SPORT UTILITY VEHICLE (SUV),PERSONAL,S,PARKED,,,0,,,,,,,,,,Y,,,,,,,,REAR,,,,,,,,,,,,,,,,,,,,,,,,,,,,,,,,,
2133330,7b8ab5bccfa2d21f70246837edd78a71456f04609e532df2727af5a3c93a8434f395b67f00920dbadaecc8f30f6831a622dcec8b5fe8fb2f1aa5d8d5e8ddfbf0,08/12/2025 07:00:00 PM,1,DRIVER,,2033639,,TOYOTA,CAMRY,IL,2012,NONE,PASSENGER,PERSONAL,N,ENTERING TRAFFIC LANE FROM PARKING,,,1,,,,,N,,,,,,,,,Y,Y,Y,,FRONT,,,,,,,,,,,,,,,,,,,,,,,,,,,,,,,,,
2133331,7b8ab5bccfa2d21f70246837edd78a71456f04609e532df2727af5a3c93a8434f395b67f00920dbadaecc8f30f6831a622dcec8b5fe8fb2f1aa5d8d5e8ddfbf0,08/12/2025 07:00:00 PM,2,DRIVER,,2033647,,TESLA,MODEL Y,IL,2026,NONE,SPORT UTILITY VEHICLE (SUV),PERSONAL,N,STRAIGHT AHEAD,,,1,,,,,Y,Y,Y,Y,Y,,,,,,,N,,SIDE-RIGHT,,,,,,,,,,,,,,,,,,,,,,,,,,,,,,,,,
2127304,862e20dcf07fa558662d525fff7f9b2518dafb102194e17139ad41d82df0221deeff75e3e7d95a3d34a258cdbfedefae9fb6ae7b598b94ce82aebec3f5289d3c,08/12/2025 07:00:00 PM,1,DRIVER,,2027952,,CHEVROLET,IMPALA,,2019,UNKNOWN,PASSENGER,PERSONAL,S,UNKNOWN/NA,Y,,1,,unknown,unknown,,Y,Y,,,,,,,,,,Y,Y,FRONT-RIGHT-CORNER,,,,,,,,,,,,,,,,,,,,,,,,,,,,,,,,,
2127305,862e20dcf07fa558662d525fff7f9b2518dafb102194e17139ad41d82df0221deeff75e3e7d95a3d34a258cdbfedefae9fb6ae7b598b94ce82aebec3f5289d3c,08/12/2025 07:00:00 PM,2,DRIVERLESS,,2027955,,JEEP,RENEGADE,IL,2023,UNKNOWN,PASSENGER,PERSONAL,S,PARKED,,,0,,,,,,,,,,Y,Y,Y,Y,,,,,REAR-LEFT-CORNER,,,,,,,,,,,,,,,,,,,,,,,,,,,,,,,,,
2127437,9bb21dee26aa7b741177900f6659f60dab7870c4b7c48599991200a30385739c08d98ce1fa69bee91a42164b296e23678303e031b8e0f510bba7ef4db3e4ba84,08/12/2025 07:00:00 PM,1,DRIVER,,2028090,,TOYOTA,SIENNA,IL,2015,UNKNOWN,VAN/MINI-VAN,UNKNOWN/NA,E,CHANGING LANES,,,1,,,,,,,,,,,,,Y,,,,,SIDE-RIGHT,,,,,,,,,,,,,,,,,,,,,,,,,,,,,,,,,
2127438,9bb21dee26aa7b741177900f6659f60dab7870c4b7c48599991200a30385739c08d98ce1fa69bee91a42164b296e23678303e031b8e0f510bba7ef4db3e4ba84,08/12/2025 07:00:00 PM,2,DRIVER,,2028086,,FORD,ESCAPE,MN,2012,NONE,SPORT UTILITY VEHICLE (SUV),PERSONAL,UNKNOWN,SLOW/STOP IN TRAFFIC,,,1,,,,,,,,,,,Y,,,,,,,REAR-LEFT-CORNER,,,,,,,,,,,,,,,,,,,,,,,,,,,,,,,,,
2127378,afe74e2a0f96cf058f0edd58991842df69e42bf3af41460c362a821b924d8df4072e318d02b7fa766dacf38d1e5421c6510779a6a5db1fb5680db81e2dde2437,08/12/2025 07:00:00 PM,1,DRIVER,,2028025,,SUBARU,CROSSTREK,IL,2025,UNKNOWN,SPORT UTILITY VEHICLE (SUV),PERSONAL,N,STRAIGHT AHEAD,,,1,,,,,,,,Y,Y,,,,,,,,,REAR-RIGHT-CORNER,,,,,,,,,,,,,,,,,,,,,,,,,,,,,,,,,
2127379,afe74e2a0f96cf058f0edd58991842df69e42bf3af41460c362a821b924d8df4072e318d02b7fa766dacf38d1e5421c6510779a6a5db1fb5680db81e2dde2437,08/12/2025 07:00:00 PM,2,PARKED,,2028026,,MAZDA,MAZDA3,IL,2017,UNKNOWN,PASSENGER,PERSONAL,S,PARKED,,,0,,,,,,,,,,,,,,Y,Y,,,FRONT-LEFT-CORNER,,,,,,,,,,,,,,,,,,,,,,,,,,,,,,,,,
2127313,bb2d296055fe083f177d133d4a4e9ad3373317e7e440a54ab3f8ea834443fec50665704117fdde34465e2863567af58ec6f31c07103e427cf22803367dd5cf41,08/12/2025 07:00:00 PM,1,PEDESTRIAN,,,,,,,,,,,,,,,,,,,,,,,,,,,,,,,,,,,,,,,,,,,,,,,,,,,,,,,,,,,,,,,,,,
2127314,bb2d296055fe083f177d133d4a4e9ad3373317e7e440a54ab3f8ea834443fec50665704117fdde34465e2863567af58ec6f31c07103e427cf22803367dd5cf41,08/12/2025 07:00:00 PM,2,DRIVER,,2027962,,TOYOTA,COROLLA,,,UNKNOWN,PASSENGER,PERSONAL,S,STRAIGHT AHEAD,,,1,,,,,,,,,,,,,,,,Y,,FRONT,,,,,,,,,,,,,,,,,,,,,,,,,,,,,,,,,
2127397,cf83324c59902c02f918e5ef2999c8cea0d64b81de44f7817e028c9294bbe0f5cb172bcbf0d49c6ca9e74133a5faa5ced65ac20297582bb1f06acf379bb01843,08/12/2025 07:00:00 PM,1,DRIVER,,2028035,,UNKNOWN,OTHER (EXPLAIN IN NARRATIVE),,,UNKNOWN,UNKNOWN/NA,UNKNOWN/NA,S,OTHER,,,1,,,,,,,,,,,,,,,,,Y,UNKNOWN,,,,,,,,,,,,,,,,,,,,,,,,,,,,,,,,,
2127398,cf83324c59902c02f918e5ef2999c8cea0d64b81de44f7817e028c9294bbe0f5cb172bcbf0d49c6ca9e74133a5faa5ced65ac20297582bb1f06acf379bb01843,08/12/2025 07:00:00 PM,2,PARKED,,2028039,,CHRYSLER,PACIFICA,,2018,UNKNOWN,PASSENGER,NOT IN USE,S,PARKED,,,0,,,,,Y,Y,Y,Y,Y,,,,,,,,,SIDE-RIGHT-REAR,,,,,,,,,,,,,,,,,,,,,,,,,,,,,,,,,
2127435,d19b774b76ab9e80e915277e08ec39a5e1e72fe99c7a977ecf8db82c777d51a0b14ece751627fa83df5a854fbb32d70098506e6a065f81c00c444eb21bc5fb68,08/12/2025 07:00:00 PM,1,DRIVER,,2028084,,UNKNOWN,OTHER (EXPLAIN IN NARRATIVE),,,UNKNOWN,UNKNOWN/NA,UNKNOWN/NA,W,STRAIGHT AHEAD,,,1,,,,,Y,,,,,,,,,,Y,Y,,FRONT,,,,,,,,,,,,,,,,,,,,,,,,,,,,,,,,,
2127436,d19b774b76ab9e80e915277e08ec39a5e1e72fe99c7a977ecf8db82c777d51a0b14ece751627fa83df5a854fbb32d70098506e6a065f81c00c444eb21bc5fb68,08/12/2025 07:00:00 PM,2,DRIVER,2,2028089,,NISSAN,ALTIMA,IL,2013,NONE,PASSENGER,PERSONAL,N,STRAIGHT AHEAD,,,3,,,,,Y,Y,Y,,,,,,,,,,,FRONT-RIGHT-CORNER,,,,,,,,,,,,,,,,,,,,,,,,,,,,,,,,,
2127808,deda063beeecb5cbb586ee57e4f4af0036c5afba1d7f25463411947deaad7e3745b888d599efff2d73668274939a9e42e46cb725f7e9690c8c6e3283f08b09b8,08/12/2025 07:00:00 PM,1,DRIVER,,2028433,,UNKNOWN,MOTORIZED,IL,,UNKNOWN,UNKNOWN/NA,UNKNOWN/NA,UNKNOWN,UNKNOWN/NA,,,1,,,,,,,,,,,,,,,,,Y,UNKNOWN,,,,,,,,,,,,,,,,,,,,,,,,,,,,,,,,,
2127809,deda063beeecb5cbb586ee57e4f4af0036c5afba1d7f25463411947deaad7e3745b888d599efff2d73668274939a9e42e46cb725f7e9690c8c6e3283f08b09b8,08/12/2025 07:00:00 PM,2,PARKED,,2028450,,NISSAN,MURANO,IL,2016,UNKNOWN,PASSENGER,PERSONAL,S,PARKED,Y,,0,,Rico Towing Company,,,,,,,,Y,,Y,Y,Y,,,,UNKNOWN,,,,,,,,,,,,,,,,,,,,,,,,,,,,,,,,,
2127315,9d5c430b95c542cb4d1c9e842ae8de84517758266e7e57eac19fddb49d724e0bf7a71874fc48ba063023dbaed1269ca35eba540d9a27c4fea714da3e71767c29,08/12/2025 06:55:00 PM,1,DRIVER,,2027965,,PORSCHE,OTHER (EXPLAIN IN NARRATIVE),,,UNKNOWN,PASSENGER,UNKNOWN/NA,W,STRAIGHT AHEAD,,,1,,,,,Y,Y,,,,,,,,,,,,FRONT-RIGHT-CORNER,,,,,,,,,,,,,,,,,,,,,,,,,,,,,,,,,
2127316,9d5c430b95c542cb4d1c9e842ae8de84517758266e7e57eac19fddb49d724e0bf7a71874fc48ba063023dbaed1269ca35eba540d9a27c4fea714da3e71767c29,08/12/2025 06:55:00 PM,2,BICYCLE,,,,,,,,,,,,,,,,,,,,,,,,,,,,,,,,,,,,,,,,,,,,,,,,,,,,,,,,,,,,,,,,,,
2127273,d88a3252edefc572ad03abdb6d2c93c057e511f0cac8da20abd690bd4f280a87935bc503d500b4c09104938c975a4b6fac8b2842622884638d7251c1e96a3ef5,08/12/2025 06:55:00 PM,1,DRIVER,,2027923,,CHEVROLET,VOLT,IL,2023,UNKNOWN,PASSENGER,PERSONAL,S,STRAIGHT AHEAD,Y,,1,,private company,unknown,,Y,Y,,,,,,,,,,,,FRONT-RIGHT-CORNER,,,,,,,,,,,,,,,,,,,,,,,,,,,,,,,,,
2127274,d88a3252edefc572ad03abdb6d2c93c057e511f0cac8da20abd690bd4f280a87935bc503d500b4c09104938c975a4b6fac8b2842622884638d7251c1e96a3ef5,08/12/2025 06:55:00 PM,2,DRIVER,,2027940,,MAZDA,MAZDA3,IL,2016,UNKNOWN,PASSENGER,PERSONAL,S,STRAIGHT AHEAD,,,1,,,,,,,,,,,Y,Y,,,,,,REAR-LEFT-CORNER,,,,,,,,,,,,,,,,,,,,,,,,,,,,,,,,,
2127300,e8cc06ef839ca62996988b0ed6e0dc4f53029fc64f9f4ed3394344238c1902672ee13770769ce62fec9f564e8bcffcbc47ea3131092949f7b8797df9c3cbecca,08/12/2025 06:45:00 PM,1,DRIVER,,2027954,,UNKNOWN,OTHER (EXPLAIN IN NARRATIVE),,,UNKNOWN,UNKNOWN/NA,UNKNOWN/NA,UNKNOWN,UNKNOWN/NA,,,1,,,,,,,,,,,,,,,,,Y,UNKNOWN,,,,,,,,,,,,,,,,,,,,,,,,,,,,,,,,,
2127301,e8cc06ef839ca62996988b0ed6e0dc4f53029fc64f9f4ed3394344238c1902672ee13770769ce62fec9f564e8bcffcbc47ea3131092949f7b8797df9c3cbecca,08/12/2025 06:45:00 PM,2,PARKED,,2027958,,BUICK,REGAL,IL,2026,NONE,PASSENGER,NOT IN USE,N,PARKED,,,0,,,,,,,,,,,Y,Y,Y,Y,Y,,,SIDE-LEFT,,,,,,,,,,,,,,,,,,,,,,,,,,,,,,,,,
2127302,884bbd8ea99b59dab8335aaafe587127c8bfa6163ae2339a1bac9f751874db81e8479526d66da7cc42fd2888203bf7e6727ef55984229e8f00c5f3d722cc8e3b,08/12/2025 06:42:00 PM,1,DRIVER,,2027953,,NOVA BUS,LFS,IL,2023,NONE,PASSENGER,CTA,S,SLOW/STOP IN TRAFFIC,,,1,,,,,,,,,,,,,,,,Y,,FRONT,,,,,,,,,,,,,,,,,,,,,,,,,,,,,,,,,
2127303,884bbd8ea99b59dab8335aaafe587127c8bfa6163ae2339a1bac9f751874db81e8479526d66da7cc42fd2888203bf7e6727ef55984229e8f00c5f3d722cc8e3b,08/12/2025 06:42:00 PM,2,DRIVER,,2027960,,TOYOTA,RAV4,CO,2011,NONE,PASSENGER,PERSONAL,S,STRAIGHT AHEAD,,,1,,,,,,,,,,Y,Y,,,,,,,REAR,,,,,,,,,,,,,,,,,,,,,,,,,,,,,,,,,
2127846,079448803609fde32f56ccfa6565ce77fd3a4633db254abb0340b959a47698b1ce96ac09256eaac19106d71b8629ef61f0a881b3a0c6922defc2f6990aa583c0,08/12/2025 06:40:00 PM,1,DRIVER,,2028465,,TOYOTA,CAMRY,IL,2011,UNKNOWN,PASSENGER,PERSONAL,S,TURNING LEFT,,,1,,,,,,,,,,,,,,,Y,,,FRONT-LEFT-CORNER,,,,,,,,,,,,,,,,,,,,,,,,,,,,,,,,,
2127847,079448803609fde32f56ccfa6565ce77fd3a4633db254abb0340b959a47698b1ce96ac09256eaac19106d71b8629ef61f0a881b3a0c6922defc2f6990aa583c0,08/12/2025 06:40:00 PM,2,DRIVER,1,2028466,,ACURA,RLX,IL,2017,NONE,PASSENGER,PERSONAL,N,STRAIGHT AHEAD,,,2,,,,,,,,,,,,,Y,Y,,,,SIDE-LEFT,,,,,,,,,,,,,,,,,,,,,,,,,,,,,,,,,
2127264,220ff5a822f4d0be0042e9a90d8019740d1656eb1f025c12f65d5674cc4e90015e37c68ea36a4aa5c529ca01aa85d45cb9cbe1de1b3adc3d1a9d664d5be39052,08/12/2025 06:40:00 PM,1,DRIVER,,2027913,,TOYOTA,PRIUS,IL,2014,UNKNOWN,PASSENGER,UNKNOWN/NA,NW,STRAIGHT AHEAD,,,1,,,,,,,Y,,,,,,,,,,,SIDE-RIGHT,,,,,,,,,,,,,,,,,,,,,,,,,,,,,,,,,
2127265,220ff5a822f4d0be0042e9a90d8019740d1656eb1f025c12f65d5674cc4e90015e37c68ea36a4aa5c529ca01aa85d45cb9cbe1de1b3adc3d1a9d664d5be39052,08/12/2025 06:40:00 PM,2,DRIVER,,2027922,,HYUNDAI,SANTA FE,IL,2025,UNKNOWN,SPORT UTILITY VEHICLE (SUV),PERSONAL,NW,TURNING LEFT,,,1,,,,,,,,,,,,,,,Y,,,FRONT-LEFT-CORNER,,,,,,,,,,,,,,,,,,,,,,,,,,,,,,,,,
2127247,467a80035e2c122467b173a8f196f73d93143d0f4705d775ea7bf6bd30b2fdf5bc8a0e9df15ba99ad3057b11bff1179f212777010bc351ff6308a77a8e78af51,08/12/2025 06:40:00 PM,1,DRIVER,,2027908,,MITSUBISHI,OUTLANDER,IL,2021,NONE,PASSENGER,PERSONAL,NE,CHANGING LANES,,,1,,,,,,,,Y,Y,,,,,,,,,REAR-LEFT-CORNER,,,,,,,,,,,,,,,,,,,,,,,,,,,,,,,,,
2127248,467a80035e2c122467b173a8f196f73d93143d0f4705d775ea7bf6bd30b2fdf5bc8a0e9df15ba99ad3057b11bff1179f212777010bc351ff6308a77a8e78af51,08/12/2025 06:40:00 PM,2,DRIVER,2,2027892,,VOLKSWAGEN,ATLAS,IL,2021,NONE,PASSENGER,PERSONAL,N,STRAIGHT AHEAD,,,3,,,,,,,,,,,,,,,,Y,,FRONT,,,,,,,,,,,,,,,,,,,,,,,,,,,,,,,,,
2127776,ba303c1acdae232beb455bdc47286afa6495bf805d09193e5243cf497dfa5a81ec6c101110fdaa97ac206013248b4c7546ff46ea4741ed6002c9ddc23a1d41e1,08/12/2025 06:40:00 PM,1,DRIVER,,2028417,,TOYOTA,HIGHLANDER,IL,2015,NONE,PASSENGER,PERSONAL,S,BACKING,,,1,,,,,,,,,,,Y,,,,,,,REAR-LEFT-CORNER,,,,,,,,,,,,,,,,,,,,,,,,,,,,,,,,,
2127777,ba303c1acdae232beb455bdc47286afa6495bf805d09193e5243cf497dfa5a81ec6c101110fdaa97ac206013248b4c7546ff46ea4741ed6002c9ddc23a1d41e1,08/12/2025 06:40:00 PM,2,DRIVER,,2028431,,TOYOTA,COROLLA,IL,2025,NONE,PASSENGER,PERSONAL,S,TURNING RIGHT,,,1,,,,,,,,,,,,Y,Y,Y,,,,SIDE-RIGHT,,,,,,,,,,,,,,,,,,,,,,,,,,,,,,,,,
2127243,cfb72a268220dc99910dfd4e7c430c4f1f0fa051f18799209a5719c06fd95cb8f8642e0c867e1547645be6a7ef822739968335a108ed58fd5fa88521d7492530,08/12/2025 06:35:00 PM,1,DRIVER,,2027886,,NEW FLYER,OTHER (EXPLAIN IN NARRATIVE),IL,2006,UNKNOWN,BUS OVER 15 PASS.,OTHER,W,STRAIGHT AHEAD,,,1,,,,,Y,,,,,,Y,Y,Y,Y,Y,Y,,FRONT-LEFT-CORNER,,,,,,,,,,,,,,,,,,,,,,,,,,,,,,,,,
2127244,cfb72a268220dc99910dfd4e7c430c4f1f0fa051f18799209a5719c06fd95cb8f8642e0c867e1547645be6a7ef822739968335a108ed58fd5fa88521d7492530,08/12/2025 06:35:00 PM,2,DRIVER,6,2027897,,JEEP,CHEROKEE,IL,2015,UNKNOWN,PASSENGER,PERSONAL,W,STRAIGHT AHEAD,,,7,,,,,,,,,,,Y,Y,Y,Y,Y,,,SIDE-LEFT-FRONT,,,,,,,,,,,,,,,,,,,,,,,,,,,,,,,,,
2127239,cc924d179da0040111842ccc98a82d6a2a605121877c0db0f8b5eb2694ab03f056cb83aab859a3d154ab4ea180af6ca99aeb4bdfc322d3574e68afe17eb55035,08/12/2025 06:33:00 PM,1,DRIVER,1,2027890,,HYUNDAI,SONATA,IL,2012,UNKNOWN,PASSENGER,PERSONAL,N,STRAIGHT AHEAD,,,2,,,,,Y,,,,,,,,,,,,,FRONT-RIGHT-CORNER,,,,,,,,,,,,,,,,,,,,,,,,,,,,,,,,,
2127240,cc924d179da0040111842ccc98a82d6a2a605121877c0db0f8b5eb2694ab03f056cb83aab859a3d154ab4ea180af6ca99aeb4bdfc322d3574e68afe17eb55035,08/12/2025 06:33:00 PM,2,DRIVER,,2027905,,HONDA,ACCORD,IL,2016,UNKNOWN,PASSENGER,PERSONAL,E,STRAIGHT AHEAD,Y,,1,,PRIVATE TOW,,,Y,,,,,,,,,,,,,FRONT-RIGHT-CORNER,,,,,,,,,,,,,,,,,,,,,,,,,,,,,,,,,
2127254,b2e70cda8341cd62a5ec19208d5ea5a57f0aa5df2c71e9f1dddb2c94f0e6383dad7ef6221120748683cc1b6df9140e675cb0eac2629625d444a37901e7669f2f,08/12/2025 06:30:00 PM,1,DRIVER,,2027901,,TOYOTA,PRIUS,IL,2015,NONE,PASSENGER,PERSONAL,N,STRAIGHT AHEAD,,,1,,,,,,,,,,,,,Y,Y,Y,Y,,FRONT-LEFT-CORNER,,,,,,,,,,,,,,,,,,,,,,,,,,,,,,,,,
2127214,baa09cd4da23ea11c077f69b1aba120d971d39e68e2f0041468514a3745ffd564d19f0720bcbb16db87db7c110fcd1c95584c040e5d94c34099e9703ffebe969,08/12/2025 06:30:00 PM,1,DRIVER,1,2027858,,MERCURY,MARINER,IL,2009,UNKNOWN,SPORT UTILITY VEHICLE (SUV),PERSONAL,W,STRAIGHT AHEAD,,,2,,,,,Y,,,,,,,,,,Y,Y,,FRONT,,,,,,,,,,,,,,,,,,,,,,,,,,,,,,,,,
2127215,baa09cd4da23ea11c077f69b1aba120d971d39e68e2f0041468514a3745ffd564d19f0720bcbb16db87db7c110fcd1c95584c040e5d94c34099e9703ffebe969,08/12/2025 06:30:00 PM,2,DRIVER,,2027862,,FORD,F150,IL,2025,UNKNOWN,PICKUP,STATE OWNED,W,STRAIGHT AHEAD,,,1,,,,Y,,,,,N,N,N,,,,,,,REAR,,,,,,,,,,,,,,,,,,,,,,,,,,,,,,,,,
2127230,9ac50d781f438ea40c1d4946979c09367ed4bd877d149bd42f2a046c49bbbbfcd78dac317dc405edd584e75403482a95df6667ae16e72fbab95ff5267643deb9,08/12/2025 06:29:00 PM,1,DRIVER,,2027869,,FORD,ESCAPE,IL,2018,NONE,SPORT UTILITY VEHICLE (SUV),PERSONAL,S,STRAIGHT AHEAD,,,1,,,,,Y,,,,,,,,,,Y,Y,,FRONT,,,,,,,,,,,,,,,,,,,,,,,,,,,,,,,,,
2127231,9ac50d781f438ea40c1d4946979c09367ed4bd877d149bd42f2a046c49bbbbfcd78dac317dc405edd584e75403482a95df6667ae16e72fbab95ff5267643deb9,08/12/2025 06:29:00 PM,2,DRIVER,1,2027874,,TOYOTA,PRIUS,IL,2011,NONE,PASSENGER,RIDESHARE SERVICE,E,TURNING LEFT,,,2,,,,,Y,,,,,,Y,Y,Y,Y,Y,Y,,FRONT-LEFT-CORNER,,,,,,,,,,,,,,,,,,,,,,,,,,,,,,,,,
2127232,2c8395be57a7b23d24cf9ac5ebeb81de82a2764653a864ed74120762cba1946d849ea6b350765620db6e6d181d14d43d1e97d6f5df8cf96c82523fbf23fea9c7,08/12/2025 06:22:00 PM,1,DRIVER,1,2027880,,BMW,OTHER (EXPLAIN IN NARRATIVE),,,UNKNOWN,SPORT UTILITY VEHICLE (SUV),UNKNOWN/NA,E,AVOIDING VEHICLES/OBJECTS,,,2,,,,,,,,,,,Y,Y,Y,Y,,,,SIDE-LEFT,,,,,,,,,,,,,,,,,,,,,,,,,,,,,,,,,