CRASH_UNIT_ID,CRASH_RECORD_ID,CRASH_DATE,UNIT_NO,UNIT_TYPE,NUM_PASSENGERS,VEHICLE_ID,CMRC_VEH_I,MAKE,MODEL,LIC_PLATE_STATE,VEHICLE_YEAR,VEHICLE_DEFECT,VEHICLE_TYPE,VEHICLE_USE,TRAVEL_DIRECTION,MANEUVER,TOWED_I,FIRE_I,OCCUPANT_CNT,EXCEED_SPEED_LIMIT_I,TOWED_BY,TOWED_TO,AREA_00_I,AREA_01_I,AREA_02_I,AREA_03_I,AREA_04_I,AREA_05_I,AREA_06_I,AREA_07_I,AREA_08_I,AREA_09_I,AREA_10_I,AREA_11_I,AREA_12_I,AREA_99_I,FIRST_CONTACT_POINT,CMV_ID,USDOT_NO,CCMC_NO,ILCC_NO,COMMERCIAL_SRC,GVWR,CARRIER_NAME,CARRIER_STATE,CARRIER_CITY,HAZMAT_PLACARDS_I,HAZMAT_NAME,UN_NO,HAZMAT_PRESENT_I,HAZMAT_REPORT_I,HAZMAT_REPORT_NO,MCS_REPORT_I,MCS_REPORT_NO,HAZMAT_VIO_CAUSE_CRASH_I,MCS_VIO_CAUSE_CRASH_I,IDOT_PERMIT_NO,WIDE_LOAD_I,TRAILER1_WIDTH,TRAILER2_WIDTH,TRAILER1_LENGTH,TRAILER2_LENGTH,TOTAL_VEHICLE_LENGTH,AXLE_CNT,VEHICLE_CONFIG,CARGO_BODY_TYPE,LOAD_TYPE,HAZMAT_OUT_OF_SERVICE_I,MCS_OUT_OF_SERVICE_I,HAZMAT_CLASS
2127233,2c8395be57a7b23d24cf9ac5ebeb81de82a2764653a864ed74120762cba1946d849ea6b350765620db6e6d181d14d43d1e97d6f5df8cf96c82523fbf23fea9c7,08/12/2025 06:22:00 PM,2,DRIVER,1,2027883,,FORD,OTHER (EXPLAIN IN NARRATIVE),IL,2013,NONE,OTHER,AMBULANCE,N,BACKING,,,2,,,,,Y,,,,,,,,,,,,,FRONT-RIGHT-CORNER,,,,,,,,,,,,,,,,,,,,,,,,,,,,,,,,,
2127277,8fb9e252acbe671d800d322077839102d25394a8d1aec63f4d4a977389be7e6b0ee9ebd711af48faa68e06b3eb198b36ba9f9d23cc6e0aca57433dd76efa86d3,08/12/2025 06:22:00 PM,1,DRIVER,,2027927,,VOLKSWAGEN,GOLF,IL,2014,UNKNOWN,PASSENGER,PERSONAL,W,SLOW/STOP IN TRAFFIC,,,1,,,,,,,,,,,,,Y,Y,,,,SIDE-LEFT,,,,,,,,,,,,,,,,,,,,,,,,,,,,,,,,,
2127278,8fb9e252acbe671d800d322077839102d25394a8d1aec63f4d4a977389be7e6b0ee9ebd711af48faa68e06b3eb198b36ba9f9d23cc6e0aca57433dd76efa86d3,08/12/2025 06:22:00 PM,2,DRIVER,,2027932,,NOVA BUS,OTHER (EXPLAIN IN NARRATIVE),IL,2023,OTHER,BUS OVER 15 PASS.,CTA,W,STRAIGHT AHEAD,,,1,,,,,,,,Y,Y,,,,,,,,,REAR-RIGHT-CORNER,,,,,,,,,,,,,,,,,,,,,,,,,,,,,,,,,
2127961,a99dae9c267b9bb80df5f7298c2a9c55e149515f6826058b28377a1e9f3083a74d9f079fb852c941ac9fab0d5c7838885ae233e88c15e5c5fae5c4d658ae4817,08/12/2025 06:20:00 PM,1,DRIVER,,2028565,,NISSAN,SENTRA,WI,2023,UNKNOWN,PASSENGER,PERSONAL,W,STRAIGHT AHEAD,,,1,,,,,,,,,,,,,Y,Y,,,,SIDE-LEFT,,,,,,,,,,,,,,,,,,,,,,,,,,,,,,,,,
2127962,a99dae9c267b9bb80df5f7298c2a9c55e149515f6826058b28377a1e9f3083a74d9f079fb852c941ac9fab0d5c7838885ae233e88c15e5c5fae5c4d658ae4817,08/12/2025 06:20:00 PM,2,DRIVER,1,2028566,,TOYOTA,CAMRY,IL,2023,UNKNOWN,PASSENGER,PERSONAL,W,SLOW/STOP IN TRAFFIC,,,2,,,,,,,Y,Y,,,,,,,,,,SIDE-RIGHT-REAR,,,,,,,,,,,,,,,,,,,,,,,,,,,,,,,,,
2127289,4753bca2f26176cb68845372976a38828cd722bc280d4027ce78c35eb499b15525f96e8d28fbc1be9c9a62885610c266c29dfc1f25c33999c7bb2adb31d2725d,08/12/2025 06:19:00 PM,1,DRIVER,,2027937,,NISSAN,KICKS,IL,2023,NONE,PASSENGER,PERSONAL,S,SLOW/STOP IN TRAFFIC,,,1,,,,,Y,,,,,,,,,,Y,Y,,FRONT,,,,,,,,,,,,,,,,,,,,,,,,,,,,,,,,,
2127249,2365ccc16e80daa63ee4894e5494a7b6b09f497107263fe368c2ff438a933b99a8554e6f364a5137b34a7b1437e969ae33d915e075bccc8f6e217e03986602a1,08/12/2025 06:15:00 PM,1,DRIVER,,2027896,,HONDA,HR-V,IL,2020,NONE,SPORT UTILITY VEHICLE (SUV),PERSONAL,N,TURNING RIGHT,,,1,,,,,,,,,,,,,Y,Y,Y,,,FRONT-LEFT-CORNER,,,,,,,,,,,,,,,,,,,,,,,,,,,,,,,,,
2127250,2365ccc16e80daa63ee4894e5494a7b6b09f497107263fe368c2ff438a933b99a8554e6f364a5137b34a7b1437e969ae33d915e075bccc8f6e217e03986602a1,08/12/2025 06:15:00 PM,2,DRIVER,,2027919,,SUBARU,FORESTER,IL,2018,NONE,SPORT UTILITY VEHICLE (SUV),PERSONAL,E,STRAIGHT AHEAD,,,1,,,,,Y,Y,Y,,,,,,,,,,,FRONT-RIGHT-CORNER,,,,,,,,,,,,,,,,,,,,,,,,,,,,,,,,,
2129030,59691b5759fd382dd8ad988be4ccc8a3f18bebdb7dc88bb3f3491dbb46306e0df30e6a511c69c187a936fac86b7ac418866934c0adf2a58b2bebca91cf2c952f,08/12/2025 06:15:00 PM,1,DRIVER,,2029597,,FORD,ECONOLINE E350,IN,2023,NONE,TRUCK - SINGLE UNIT,CONSTRUCTION/MAINTENANCE,N,STRAIGHT AHEAD,,,1,,,,,,,,,,,,,,,,Y,,FRONT,,,,,,,,,,,,,,,,,,,,,,,,,,,,,,,,,
2129031,59691b5759fd382dd8ad988be4ccc8a3f18bebdb7dc88bb3f3491dbb46306e0df30e6a511c69c187a936fac86b7ac418866934c0adf2a58b2bebca91cf2c952f,08/12/2025 06:15:00 PM,2,DRIVER,,2029604,,CHEVROLET,BLAZER,IN,2025,NONE,PASSENGER,PERSONAL,N,STRAIGHT AHEAD,,,1,,,,,,,,,N,,,,,,,Y,,FRONT,,,,,,,,,,,,,,,,,,,,,,,,,,,,,,,,,
2131161,85e0bf9f6fcaf2d1fff93afe69258fd1d88fc9d36a9ce1d4d8bb24462e6d256ee2065ef9805655dc8a51b18f9f01af641ac1ab848bab5c70c5598abc4a5da666,08/12/2025 06:10:00 PM,1,DRIVER,,2031589,,HYUNDAI,AZERA,IL,,NONE,PASSENGER,UNKNOWN/NA,W,TURNING LEFT,,,1,,,,,,,,,,,,,,,Y,,,SIDE-LEFT,,,,,,,,,,,,,,,,,,,,,,,,,,,,,,,,,
2131170,85e0bf9f6fcaf2d1fff93afe69258fd1d88fc9d36a9ce1d4d8bb24462e6d256ee2065ef9805655dc8a51b18f9f01af641ac1ab848bab5c70c5598abc4a5da666,08/12/2025 06:10:00 PM,2,PEDESTRIAN,,,,,,,,,,,,,,,,,,,,,,,,,,,,,,,,,,,,,,,,,,,,,,,,,,,,,,,,,,,,,,,,,,
2127518,8c6e002ca70e9ee7dc2568f972ac34bc679cfa9ce7077e608f5b109508181374062dda1f9e1362511a48251139552cb6b074c6327a60a16113ba4e3b6c1a5a56,08/12/2025 06:07:00 PM,1,DRIVER,,2028160,,HONDA,CIVIC,IL,,UNKNOWN,PASSENGER,UNKNOWN/NA,E,SLOW/STOP IN TRAFFIC,,,1,,,,,,,,,,,,,,,,Y,,FRONT,,,,,,,,,,,,,,,,,,,,,,,,,,,,,,,,,
2127519,8c6e002ca70e9ee7dc2568f972ac34bc679cfa9ce7077e608f5b109508181374062dda1f9e1362511a48251139552cb6b074c6327a60a16113ba4e3b6c1a5a56,08/12/2025 06:07:00 PM,2,DRIVER,,2028165,,AUDI,Q5,IL,,NONE,PASSENGER,PERSONAL,E,SLOW/STOP IN TRAFFIC,,,1,,,,,,,,,,Y,,,,,,,,REAR,,,,,,,,,,,,,,,,,,,,,,,,,,,,,,,,,
2127832,157ca272cd5195099089d53b54373413426a352af3f6d41dbede585070ef8ae711f72c10fdf5e0516d7cb2bfff4b46f239095059a515ff2c8b03be286d21ad0d,08/12/2025 06:06:00 PM,2,DRIVER,2,2028454,,LEXUS,RX350,IL,2010,NONE,PASSENGER,PERSONAL,S,TURNING RIGHT,,,3,,,,,,,,,Y,,,,,,,,,SIDE-RIGHT-REAR,,,,,,,,,,,,,,,,,,,,,,,,,,,,,,,,,
2127833,157ca272cd5195099089d53b54373413426a352af3f6d41dbede585070ef8ae711f72c10fdf5e0516d7cb2bfff4b46f239095059a515ff2c8b03be286d21ad0d,08/12/2025 06:06:00 PM,1,DRIVER,,2028467,,KIA,SORENTO,IL,,UNKNOWN,PASSENGER,PERSONAL,S,TURNING RIGHT,,,1,,,,,,,,,,,,,,,Y,,,FRONT-RIGHT-CORNER,,,,,,,,,,,,,,,,,,,,,,,,,,,,,,,,,
2127218,2e15198a1451e43e270185796debb40c8f48663c0c1fa54564b8cfc0113e498c34f78babb2d6c98f63232ce60661c84114b656173717f991519e3f03696783e1,08/12/2025 06:05:00 PM,1,DRIVER,1,2027873,,TOYOTA,RAV4,IL,2019,NONE,PASSENGER,PERSONAL,W,MERGING,N,,2,,,,,,,,,,,,,,Y,Y,Y,,FRONT-LEFT-CORNER,,,,,,,,,,,,,,,,,,,,,,,,,,,,,,,,,
2127219,2e15198a1451e43e270185796debb40c8f48663c0c1fa54564b8cfc0113e498c34f78babb2d6c98f63232ce60661c84114b656173717f991519e3f03696783e1,08/12/2025 06:05:00 PM,2,DISABLED VEHICLE,,2027898,,MERCEDES-BENZ,GLA,IL,2021,NONE,PASSENGER,PERSONAL,N,DISABLED,Y,,0,,J'S TOWING,540 N CENTRAL,,Y,Y,,,,,,,,,,Y,,FRONT-RIGHT-CORNER,,,,,,,,,,,,,,,,,,,,,,,,,,,,,,,,,
2127216,872a38ea47b28ed74d1aafacc8e95b40cbdfc38a473c84092c6fb72b8d87265119fbfc6c7d15adad01dea0401222c4762946cbe762a5867d0c263283b073f33f,08/12/2025 06:05:00 PM,1,DRIVER,,2027863,,NISSAN,PATHFINDER,IL,2008,UNKNOWN,PASSENGER,PERSONAL,W,STRAIGHT AHEAD,,,1,,,,,,Y,Y,Y,,,,,,,,,,SIDE-RIGHT,,,,,,,,,,,,,,,,,,,,,,,,,,,,,,,,,
2127217,872a38ea47b28ed74d1aafacc8e95b40cbdfc38a473c84092c6fb72b8d87265119fbfc6c7d15adad01dea0401222c4762946cbe762a5867d0c263283b073f33f,08/12/2025 06:05:00 PM,2,DRIVER,,2027877,,HONDA,CIVIC,IL,2008,UNKNOWN,PASSENGER,PERSONAL,S,STRAIGHT AHEAD,,,1,,,,,Y,,,,,,,,,,Y,Y,,FRONT,,,,,,,,,,,,,,,,,,,,,,,,,,,,,,,,,
2127185,16e67b87b19bb13cd4fc1e6a0009a7a7e72feb18c155349b60e1eafcd46fa7c5f6872ed5cc0853d623c7534d45f3ed014bf1879b0c4bc5d97976ddec92b6815a,08/12/2025 06:00:00 PM,1,DRIVER,,2027834,,TOYOTA,COROLLA,IL,2002,UNKNOWN,PASSENGER,PERSONAL,E,STRAIGHT AHEAD,,,1,,,,,Y,,,,,,,,,,Y,Y,,FRONT,,,,,,,,,,,,,,,,,,,,,,,,,,,,,,,,,
2127186,16e67b87b19bb13cd4fc1e6a0009a7a7e72feb18c155349b60e1eafcd46fa7c5f6872ed5cc0853d623c7534d45f3ed014bf1879b0c4bc5d97976ddec92b6815a,08/12/2025 06:00:00 PM,2,DRIVER,,2027841,,JEEP,COMPASS,NB,2018,UNKNOWN,PASSENGER,PERSONAL,E,STRAIGHT AHEAD,,,1,,,,,,,,,Y,Y,Y,,,,,,,REAR,,,,,,,,,,,,,,,,,,,,,,,,,,,,,,,,,
2132764,27e18ed59cda0a6196771e8b93111105d7ebcbf1451aabe039a7472bc3ca1ca7c7948cff5245ee0d822c5f482c76893f5f882409e200593ded743b44f504213c,08/12/2025 06:00:00 PM,1,DRIVER,,2033093,,CHEVROLET,TAHOE,,,UNKNOWN,UNKNOWN/NA,UNKNOWN/NA,N,STRAIGHT AHEAD,,,1,,,,,,,,,,,,,,Y,Y,Y,,FRONT-LEFT-CORNER,,,,,,,,,,,,,,,,,,,,,,,,,,,,,,,,,
2132765,27e18ed59cda0a6196771e8b93111105d7ebcbf1451aabe039a7472bc3ca1ca7c7948cff5245ee0d822c5f482c76893f5f882409e200593ded743b44f504213c,08/12/2025 06:00:00 PM,2,DRIVER,,2033105,,TOYOTA,COROLLA,IL,2008,NONE,PASSENGER,UNKNOWN/NA,N,STRAIGHT AHEAD,,,1,,,,,Y,,,,,,,,,,Y,Y,,FRONT-RIGHT-CORNER,,,,,,,,,,,,,,,,,,,,,,,,,,,,,,,,,
2127275,76139e8e2cb314dd937ada235a09785c5d29b8229a9870beb5900b88387cb7bdf5b8baf6f1666b6b2330108d7dda62f4472d1cf467a5df0bd09c503b2b8fc50d,08/12/2025 06:00:00 PM,1,DRIVER,,2027921,,VOLKSWAGEN,JETTA,IL,2019,NONE,PASSENGER,PERSONAL,UNKNOWN,STRAIGHT AHEAD,,,1,,,,,,,,,,Y,,,,,,,,REAR,,,,,,,,,,,,,,,,,,,,,,,,,,,,,,,,,
2127276,76139e8e2cb314dd937ada235a09785c5d29b8229a9870beb5900b88387cb7bdf5b8baf6f1666b6b2330108d7dda62f4472d1cf467a5df0bd09c503b2b8fc50d,08/12/2025 06:00:00 PM,2,DRIVER,,2027925,,TOYOTA,AVALON,IL,2016,NONE,PASSENGER,PERSONAL,UNKNOWN,STRAIGHT AHEAD,,,1,,,,,,,,,,,,,,,,Y,,FRONT,,,,,,,,,,,,,,,,,,,,,,,,,,,,,,,,,
2127818,b3c4ef502e04ac73b64b55e5ed62e826b65a363c16beb88a838db93e2ca7f38ccbdaad27d9f0fdba48ac04f355aba17e55c489d3763867b6ce4846d06de9466c,08/12/2025 06:00:00 PM,1,DRIVER,,2028443,,MERCEDES-BENZ,SPRINTER,,2022,UNKNOWN,VAN/MINI-VAN,UNKNOWN/NA,W,CHANGING LANES,,,1,,,,,,,,,,,,,,Y,Y,Y,,FRONT-LEFT-CORNER,,,,,,,,,,,,,,,,,,,,,,,,,,,,,,,,,
2127819,b3c4ef502e04ac73b64b55e5ed62e826b65a363c16beb88a838db93e2ca7f38ccbdaad27d9f0fdba48ac04f355aba17e55c489d3763867b6ce4846d06de9466c,08/12/2025 06:00:00 PM,2,DRIVER,,2028449,,MERCEDES-BENZ,E-CLASS,IL,2016,UNKNOWN,PASSENGER,UNKNOWN/NA,W,STRAIGHT AHEAD,,,1,,,,,Y,Y,Y,Y,Y,,,,,,,,,SIDE-RIGHT,,,,,,,,,,,,,,,,,,,,,,,,,,,,,,,,,
2127266,c7959354505118694038dc1c37c54937a6b5ce1d8e1f5e7d41494293bf0d9e1a883de42471c331ad35aa5ff05dd56d0c70d64dea3685144ff46a2a4e682c185e,08/12/2025 06:00:00 PM,1,DRIVER,,2027911,,UNKNOWN,OTHER (EXPLAIN IN NARRATIVE),XX,,UNKNOWN,UNKNOWN/NA,UNKNOWN/NA,E,TURNING LEFT,,,1,,,,,,,,,,,,,,,,,,UNKNOWN,,,,,,,,,,,,,,,,,,,,,,,,,,,,,,,,,
2127267,c7959354505118694038dc1c37c54937a6b5ce1d8e1f5e7d41494293bf0d9e1a883de42471c331ad35aa5ff05dd56d0c70d64dea3685144ff46a2a4e682c185e,08/12/2025 06:00:00 PM,2,DRIVER,,2027918,,HONDA,CR-V,IL,2024,UNKNOWN,SPORT UTILITY VEHICLE (SUV),PERSONAL,W,TURNING LEFT,,,1,,,,,,,,Y,Y,,,,,,,,,REAR-RIGHT-CORNER,,,,,,,,,,,,,,,,,,,,,,,,,,,,,,,,,
2127251,d7ad283f8e642ff79b840469c26145311732618e2f903338f218a8be8d13fe5a9f77b0962beb7f5596002579f07cf5ee54355984149603413840ba3f05dd2d2d,08/12/2025 06:00:00 PM,1,DRIVER,,2027899,,TOYOTA,CAMRY,IL,2012,UNKNOWN,PASSENGER,PERSONAL,E,STRAIGHT AHEAD,,,1,,,,,,,,,,,,,,,,,,NONE,,,,,,,,,,,,,,,,,,,,,,,,,,,,,,,,,
2127261,d7ad283f8e642ff79b840469c26145311732618e2f903338f218a8be8d13fe5a9f77b0962beb7f5596002579f07cf5ee54355984149603413840ba3f05dd2d2d,08/12/2025 06:00:00 PM,2,DRIVER,,2027907,,KIA,FORTE,IL,2016,UNKNOWN,PASSENGER,PERSONAL,E,STRAIGHT AHEAD,,,1,,,,,,,,,Y,Y,,,,,,,,REAR,,,,,,,,,,,,,,,,,,,,,,,,,,,,,,,,,
2127210,8c6b13473c37150b570745f010c7ab4d430e78e8749ae4bdca3f888fc74936f2c37bc232fdd97451a4aebf3db6605f40427daa6af5cae96c099f0079dc9c364e,08/12/2025 05:57:00 PM,1,DRIVER,,2027861,,HONDA,CIVIC,IL,2023,NONE,PASSENGER,PERSONAL,N,STRAIGHT AHEAD,,,1,,,,,Y,,,,,,,,,,Y,Y,,FRONT,,,,,,,,,,,,,,,,,,,,,,,,,,,,,,,,,
2127211,8c6b13473c37150b570745f010c7ab4d430e78e8749ae4bdca3f888fc74936f2c37bc232fdd97451a4aebf3db6605f40427daa6af5cae96c099f0079dc9c364e,08/12/2025 05:57:00 PM,2,DRIVER,,2027864,,CHEVROLET,CRUZE,IL,2017,NONE,PASSENGER,PERSONAL,N,SLOW/STOP IN TRAFFIC,,,1,,,,,,,,,Y,Y,Y,,,,,,,REAR,,,,,,,,,,,,,,,,,,,,,,,,,,,,,,,,,
2127241,a9718df28287c78aa936752ef80cd10c052774465170acd92d655a0d4aefe7fda3a72e2b1d679f17fe4db5ffb616f30aedbc481add7240db63b0e741d8269b48,08/12/2025 05:57:00 PM,1,DRIVER,,2027900,,TOYOTA,CAMRY,IL,1998,UNKNOWN,PASSENGER,PERSONAL,N,CHANGING LANES,,,1,,,,,Y,,,,,,,,,,,,Y,FRONT-RIGHT-CORNER,,,,,,,,,,,,,,,,,,,,,,,,,,,,,,,,,
2127242,a9718df28287c78aa936752ef80cd10c052774465170acd92d655a0d4aefe7fda3a72e2b1d679f17fe4db5ffb616f30aedbc481add7240db63b0e741d8269b48,08/12/2025 05:57:00 PM,2,DRIVER,,2027914,N,FORD,TRANSIT,IL,2020,UNKNOWN,BUS UP TO 15 PASS.,OTHER,N,STRAIGHT AHEAD,,,1,,,,,,,,,,,Y,,,,,,Y,REAR-LEFT-CORNER,,,,,,,,,,,,,,,,,,,,,,,,,,,,,,,,,
2127327,0cd1228bc1969dfd58cce594d64d40f6aba967cd656e87d59870cdf104b70d11f07a844d0e3ffa00b4d4eefaabfe49fff73dbb75672177b878905eeeb59f026d,08/12/2025 05:50:00 PM,1,DRIVER,,2027972,,KIA,OPTIMA / K5,,,UNKNOWN,UNKNOWN/NA,UNKNOWN/NA,E,UNKNOWN/NA,,,1,,,,,,,,,,,,,,,,,Y,UNKNOWN,,,,,,,,,,,,,,,,,,,,,,,,,,,,,,,,,
2127328,0cd1228bc1969dfd58cce594d64d40f6aba967cd656e87d59870cdf104b70d11f07a844d0e3ffa00b4d4eefaabfe49fff73dbb75672177b878905eeeb59f026d,08/12/2025 05:50:00 PM,2,DRIVER,,2027978,,AUDI,A4,IL,2012,UNKNOWN,PASSENGER,PERSONAL,E,STRAIGHT AHEAD,,,1,,,,,,,,,,,,,,,,Y,,FRONT,,,,,,,,,,,,,,,,,,,,,,,,,,,,,,,,,
2127610,e964c81cd01c88346496ecfe39d41b326023043e9f81c8f1432523f9b9496ad51c4df4d1598cf01b874b40d83a347664d6b6d4b41a0b8b9cd085a640af23cdf9,08/12/2025 05:50:00 PM,1,DRIVER,,2028239,,JEEP,WRANGLER,IL,,UNKNOWN,PASSENGER,UNKNOWN/NA,S,STRAIGHT AHEAD,,,1,,,,,,,,,,,,,,,,Y,,FRONT,,,,,,,,,,,,,,,,,,,,,,,,,,,,,,,,,
2127611,e964c81cd01c88346496ecfe39d41b326023043e9f81c8f1432523f9b9496ad51c4df4d1598cf01b874b40d83a347664d6b6d4b41a0b8b9cd085a640af23cdf9,08/12/2025 05:50:00 PM,2,DRIVER,,2028242,,DODGE,JOURNEY,IL,2016,NONE,PASSENGER,PERSONAL,W,STRAIGHT AHEAD,,,1,,,,,Y,Y,,,,,,,,,,,,FRONT-RIGHT-CORNER,,,,,,,,,,,,,,,,,,,,,,,,,,,,,,,,,
2127206,1dea5dfc527e213c2c9d83bab801dce027200509447d0ee123114583c1ba17e37eecf20d21d4c32795ff2debde6b9826f28d5d988ef1b7eb051d4dbe8bf86ddf,08/12/2025 05:41:00 PM,1,DRIVER,,2027850,,LEXUS,OTHER (EXPLAIN IN NARRATIVE),IL,2002,NONE,SPORT UTILITY VEHICLE (SUV),PERSONAL,S,TURNING LEFT,,,1,,,,,,,,,,,,,,,Y,,,FRONT-LEFT-CORNER,,,,,,,,,,,,,,,,,,,,,,,,,,,,,,,,,
2127207,1dea5dfc527e213c2c9d83bab801dce027200509447d0ee123114583c1ba17e37eecf20d21d4c32795ff2debde6b9826f28d5d988ef1b7eb051d4dbe8bf86ddf,08/12/2025 05:41:00 PM,2,DRIVER,,2027853,,TOYOTA,COROLLA,IL,2024,NONE,PASSENGER,PERSONAL,W,STRAIGHT AHEAD,,,1,,,,,,,Y,Y,Y,,,,,,,,,SIDE-RIGHT,,,,,,,,,,,,,,,,,,,,,,,,,,,,,,,,,
2127461,7cdf24435ead798daeb060990726c00069d059a5824c7a8de346b188414510295488e8c9a9d3f4b08589cc3ba4d2e8b476d8d4e3024ef4aa01c8dad0f606c3bb,08/12/2025 05:40:00 PM,1,DRIVER,,2028102,,SUZUKI,KIZASHI,IL,2010,UNKNOWN,UNKNOWN/NA,UNKNOWN/NA,UNKNOWN,STRAIGHT AHEAD,,,1,,,,,,,,,,,,,,,,,Y,UNKNOWN,,,,,,,,,,,,,,,,,,,,,,,,,,,,,,,,,
2127462,7cdf24435ead798daeb060990726c00069d059a5824c7a8de346b188414510295488e8c9a9d3f4b08589cc3ba4d2e8b476d8d4e3024ef4aa01c8dad0f606c3bb,08/12/2025 05:40:00 PM,2,DRIVER,,2028108,,INFINITI,FX35,IL,2011,NONE,PASSENGER,PERSONAL,N,STRAIGHT AHEAD,,,1,,,,,,Y,Y,,,,,,,,,,,SIDE-RIGHT,,,,,,,,,,,,,,,,,,,,,,,,,,,,,,,,,
2127284,7191a4b72d54ef6e2102bae2e4cc3bc58c05e756f773f3c46da4b9125de0d8aab9db2951f273b7f8b33809edbce3ba58e93228edfce1ca1970e434b28ef5af7a,08/12/2025 05:37:00 PM,1,DRIVER,,2027946,,NOVA BUS,OTHER (EXPLAIN IN NARRATIVE),IL,2014,UNKNOWN,BUS OVER 15 PASS.,CTA,N,STRAIGHT AHEAD,,,1,,,,,Y,,,,,,,,,,Y,Y,,FRONT,,,,,,,,,,,,,,,,,,,,,,,,,,,,,,,,,
2127285,7191a4b72d54ef6e2102bae2e4cc3bc58c05e756f773f3c46da4b9125de0d8aab9db2951f273b7f8b33809edbce3ba58e93228edfce1ca1970e434b28ef5af7a,08/12/2025 05:37:00 PM,2,DRIVER,1,2028346,,HONDA,RIDGELINE,IL,2009,UNKNOWN,PASSENGER,PERSONAL,N,STRAIGHT AHEAD,,,2,,,,,N,,,,Y,Y,Y,,,,N,N,,REAR,,,,,,,,,,,,,,,,,,,,,,,,,,,,,,,,,
2127212,bc6dc08ab3c04e9237acf7030631d398003128ae5fcfdc86fdd53594933a603ac21eece56159c8e4c28b9437dce308474ffe72aef98ec10267b2739d95ad032b,08/12/2025 05:31:00 PM,1,DRIVER,,2027872,,FORD,FUSION,FL,2011,NONE,PASSENGER,OTHER,W,STRAIGHT AHEAD,,,1,,,,,,,,,,,,,,Y,Y,,,FRONT-LEFT-CORNER,,,,,,,,,,,,,,,,,,,,,,,,,,,,,,,,,
2127213,bc6dc08ab3c04e9237acf7030631d398003128ae5fcfdc86fdd53594933a603ac21eece56159c8e4c28b9437dce308474ffe72aef98ec10267b2739d95ad032b,08/12/2025 05:31:00 PM,2,DRIVER,,2027888,,NISSAN,ROGUE,IL,2017,NONE,PASSENGER,PERSONAL,N,STRAIGHT AHEAD,,,1,,,,,Y,Y,,,,,,,,N,N,,,FRONT-RIGHT-CORNER,,,,,,,,,,,,,,,,,,,,,,,,,,,,,,,,,
2127160,58a0eb7d7bf8d01e0103c837e2792ce9b657c0706d826c8e2528e2fe47c41d9da5baaba3b723e68bc73b095197a0b0b05a21bd0e06f4bdeb0a9d783a39278b92,08/12/2025 05:30:00 PM,1,DRIVER,,2027813,,CHEVROLET,OTHER (EXPLAIN IN NARRATIVE),IL,2000,NONE,PICKUP,PERSONAL,SE,TURNING LEFT,,,1,,,,,,,,,,,,,,Y,Y,Y,,FRONT-RIGHT-CORNER,,,,,,,,,,,,,,,,,,,,,,,,,,,,,,,,,
2127161,58a0eb7d7bf8d01e0103c837e2792ce9b657c0706d826c8e2528e2fe47c41d9da5baaba3b723e68bc73b095197a0b0b05a21bd0e06f4bdeb0a9d783a39278b92,08/12/2025 05:30:00 PM,2,DRIVER,,2027820,,NISSAN,PATHFINDER,IL,2014,NONE,PASSENGER,PERSONAL,W,STRAIGHT AHEAD,,,1,,,,,,,,,,,,,,Y,Y,Y,,FRONT,,,,,,,,,,,,,,,,,,,,,,,,,,,,,,,,,
2127203,9a69336a2556ee94375a3882e843005a113a8fbbb7f1b97d2563891e1b773c16b461166e0bc687ad01ee54f7af7de777c30603f269b928a459d8ac69376ed1a4,08/12/2025 05:30:00 PM,1,DRIVER,,2027848,,HONDA,ACCORD,IL,2017,NONE,PASSENGER,PERSONAL,S,STRAIGHT AHEAD,,,1,,,,,,,,,,,,,,,,Y,,FRONT,,,,,,,,,,,,,,,,,,,,,,,,,,,,,,,,,
2127204,9a69336a2556ee94375a3882e843005a113a8fbbb7f1b97d2563891e1b773c16b461166e0bc687ad01ee54f7af7de777c30603f269b928a459d8ac69376ed1a4,08/12/2025 05:30:00 PM,2,DRIVER,,2027854,,JEEP,GRAND CHEROKEE,IL,2015,NONE,SPORT UTILITY VEHICLE (SUV),PERSONAL,S,SLOW/STOP IN TRAFFIC,,,1,,,,,,,,,,Y,,,,,,,,REAR,,,,,,,,,,,,,,,,,,,,,,,,,,,,,,,,,
2127428,e5ac87e2a640f7d3e40c1cebcd0c2315dcca875d1e259cbfa441d6fe983b98cdc37ee30bd57f1a1be2d281b5888c9f975439fc281f3c0bf865d1b59d1775da32,08/12/2025 05:30:00 PM,1,DRIVER,,2028079,,UNKNOWN,OTHER (EXPLAIN IN NARRATIVE),IL,,OTHER,UNKNOWN/NA,UNKNOWN/NA,UNKNOWN,UNKNOWN/NA,,,1,,,,,,,,,,,,,,,,,Y,UNKNOWN,,,,,,,,,,,,,,,,,,,,,,,,,,,,,,,,,
2127429,e5ac87e2a640f7d3e40c1cebcd0c2315dcca875d1e259cbfa441d6fe983b98cdc37ee30bd57f1a1be2d281b5888c9f975439fc281f3c0bf865d1b59d1775da32,08/12/2025 05:30:00 PM,2,PARKED,,2028082,,BUICK,ENCLAVE,IL,2015,NONE,PASSENGER,PERSONAL,SE,PARKED IN TRAFFIC LANE,,,0,,,,,Y,N,,,,,,,,,Y,Y,,FRONT,,,,,,,,,,,,,,,,,,,,,,,,,,,,,,,,,