CRASH_UNIT_ID,CRASH_RECORD_ID,CRASH_DATE,UNIT_NO,UNIT_TYPE,NUM_PASSENGERS,VEHICLE_ID,CMRC_VEH_I,MAKE,MODEL,LIC_PLATE_STATE,VEHICLE_YEAR,VEHICLE_DEFECT,VEHICLE_TYPE,VEHICLE_USE,TRAVEL_DIRECTION,MANEUVER,TOWED_I,FIRE_I,OCCUPANT_CNT,EXCEED_SPEED_LIMIT_I,TOWED_BY,TOWED_TO,AREA_00_I,AREA_01_I,AREA_02_I,AREA_03_I,AREA_04_I,AREA_05_I,AREA_06_I,AREA_07_I,AREA_08_I,AREA_09_I,AREA_10_I,AREA_11_I,AREA_12_I,AREA_99_I,FIRST_CONTACT_POINT,CMV_ID,USDOT_NO,CCMC_NO,ILCC_NO,COMMERCIAL_SRC,GVWR,CARRIER_NAME,CARRIER_STATE,CARRIER_CITY,HAZMAT_PLACARDS_I,HAZMAT_NAME,UN_NO,HAZMAT_PRESENT_I,HAZMAT_REPORT_I,HAZMAT_REPORT_NO,MCS_REPORT_I,MCS_REPORT_NO,HAZMAT_VIO_CAUSE_CRASH_I,MCS_VIO_CAUSE_CRASH_I,IDOT_PERMIT_NO,WIDE_LOAD_I,TRAILER1_WIDTH,TRAILER2_WIDTH,TRAILER1_LENGTH,TRAILER2_LENGTH,TOTAL_VEHICLE_LENGTH,AXLE_CNT,VEHICLE_CONFIG,CARGO_BODY_TYPE,LOAD_TYPE,HAZMAT_OUT_OF_SERVICE_I,MCS_OUT_OF_SERVICE_I,HAZMAT_CLASS
2127183,fd3dff5a78d7b1232d65ce56380705d62aa95eab529652bd01e93d3d80851653623a2cdeea79cae514bd80f862384bccebcb60f222899f7dd4cd45d90e6d85ca,08/12/2025 05:25:00 PM,1,DRIVER,,2027832,,PONTIAC,VIBE,IL,2005,UNKNOWN,PASSENGER,PERSONAL,W,STRAIGHT AHEAD,,,1,,,,,Y,,,,,,,,,,Y,Y,,FRONT,,,,,,,,,,,,,,,,,,,,,,,,,,,,,,,,,
2127184,fd3dff5a78d7b1232d65ce56380705d62aa95eab529652bd01e93d3d80851653623a2cdeea79cae514bd80f862384bccebcb60f222899f7dd4cd45d90e6d85ca,08/12/2025 05:25:00 PM,2,DRIVER,,2027837,,LEXUS,RX,IL,2008,UNKNOWN,PASSENGER,PERSONAL,W,STRAIGHT AHEAD,,,1,,,,,,,,,,Y,,,,,,,,REAR,,,,,,,,,,,,,,,,,,,,,,,,,,,,,,,,,
2127292,4e316ab58ac6788d7c8787a64acd1b8f88df969a0a8b67c2a57ea94a12e466ed0aa7ff45fa95b8ed1ec85510c871ad7f37b859599bb4f2b2a0ec39b5074299d4,08/12/2025 05:20:00 PM,1,DRIVER,,2027944,,JEEP,WRANGLER,IL,2014,UNKNOWN,PASSENGER,PERSONAL,E,TURNING LEFT,,,1,,,,,Y,Y,Y,Y,Y,,,,,,,,,SIDE-RIGHT-REAR,,,,,,,,,,,,,,,,,,,,,,,,,,,,,,,,,
2127293,4e316ab58ac6788d7c8787a64acd1b8f88df969a0a8b67c2a57ea94a12e466ed0aa7ff45fa95b8ed1ec85510c871ad7f37b859599bb4f2b2a0ec39b5074299d4,08/12/2025 05:20:00 PM,2,DRIVER,,2027947,,LEXUS,NX,IL,2017,UNKNOWN,PASSENGER,PERSONAL,N,STRAIGHT AHEAD,Y,,1,,universal towing,,,Y,Y,Y,Y,Y,Y,Y,Y,Y,Y,Y,Y,,UNKNOWN,,,,,,,,,,,,,,,,,,,,,,,,,,,,,,,,,
2127195,53d5c495ef664b6df25a1f03f832df1313ecae806fa28327e4c7f8f8c4432e2ea9a35a1922a4d870e22674703a1cdfc275c8ec9a297c047d4cd6dd877291af53,08/12/2025 05:20:00 PM,1,DRIVER,,2027843,,UNKNOWN,MOTORIZED,IL,,UNKNOWN,UNKNOWN/NA,UNKNOWN/NA,N,STRAIGHT AHEAD,,,1,,,,,,,,,,,,,,,,,Y,FRONT,,,,,,,,,,,,,,,,,,,,,,,,,,,,,,,,,
2127196,53d5c495ef664b6df25a1f03f832df1313ecae806fa28327e4c7f8f8c4432e2ea9a35a1922a4d870e22674703a1cdfc275c8ec9a297c047d4cd6dd877291af53,08/12/2025 05:20:00 PM,2,DRIVER,,2027847,,CHEVROLET,TRUCK,IL,2012,UNKNOWN,UNKNOWN/NA,UNKNOWN/NA,N,STRAIGHT AHEAD,,,1,,,,,,,,,Y,Y,Y,,,,,,,REAR,,,,,,,,,,,,,,,,,,,,,,,,,,,,,,,,,
2127197,53d5c495ef664b6df25a1f03f832df1313ecae806fa28327e4c7f8f8c4432e2ea9a35a1922a4d870e22674703a1cdfc275c8ec9a297c047d4cd6dd877291af53,08/12/2025 05:20:00 PM,3,DRIVER,,2027859,,HONDA,PILOT,IL,2011,UNKNOWN,SPORT UTILITY VEHICLE (SUV),PERSONAL,N,STRAIGHT AHEAD,,,1,,,,,,,,,,Y,,,,,,,,REAR,,,,,,,,,,,,,,,,,,,,,,,,,,,,,,,,,
2127234,d4ea44ad723c5654f0ea08d5c75961c5fb2fc4149a7c2a239de17f9810a761ec252a75c0c5bd09e482f06a541d0665fb68396e009357d46fbbd53485ce6c66cb,08/12/2025 05:20:00 PM,1,DRIVER,,2027884,,UNKNOWN,OTHER (EXPLAIN IN NARRATIVE),XX,,UNKNOWN,UNKNOWN/NA,UNKNOWN/NA,N,UNKNOWN/NA,,,1,,,,,,,,,,,,,,,,,,UNKNOWN,,,,,,,,,,,,,,,,,,,,,,,,,,,,,,,,,
2127235,d4ea44ad723c5654f0ea08d5c75961c5fb2fc4149a7c2a239de17f9810a761ec252a75c0c5bd09e482f06a541d0665fb68396e009357d46fbbd53485ce6c66cb,08/12/2025 05:20:00 PM,2,DRIVER,,2027912,,CHEVROLET,EQUINOX,IL,2012,UNKNOWN,SPORT UTILITY VEHICLE (SUV),PERSONAL,N,STRAIGHT AHEAD,,,1,,,,,,,,,,Y,,,,,,,Y,REAR,,,,,,,,,,,,,,,,,,,,,,,,,,,,,,,,,
2127236,d4ea44ad723c5654f0ea08d5c75961c5fb2fc4149a7c2a239de17f9810a761ec252a75c0c5bd09e482f06a541d0665fb68396e009357d46fbbd53485ce6c66cb,08/12/2025 05:20:00 PM,3,DRIVER,,2027895,,UNKNOWN,OPEN BODY,IL,,OTHER,UNKNOWN/NA,UNKNOWN/NA,N,STRAIGHT AHEAD,,,1,,,,,,,,,,,,,,,,,Y,UNKNOWN,,,,,,,,,,,,,,,,,,,,,,,,,,,,,,,,,
2127198,8d207b1d1250243d860919fe413205ee6ea09b27899096f5b15ffd87d756d5539499ebba2b3d751b5ca77a97ee8841253515dfe2726334e4a6b061333981b324,08/12/2025 05:15:00 PM,1,NON-MOTOR VEHICLE,,,,,,,,,,,,,,,,,,,,,,,,,,,,,,,,,,,,,,,,,,,,,,,,,,,,,,,,,,,,,,,,,,
2127199,8d207b1d1250243d860919fe413205ee6ea09b27899096f5b15ffd87d756d5539499ebba2b3d751b5ca77a97ee8841253515dfe2726334e4a6b061333981b324,08/12/2025 05:15:00 PM,2,DRIVER,,2027852,,HONDA,CIVIC,FL,2009,UNKNOWN,PASSENGER,PERSONAL,W,SLOW/STOP IN TRAFFIC,,,1,,,,,,,,,,,,,,,Y,,,FRONT-LEFT-CORNER,,,,,,,,,,,,,,,,,,,,,,,,,,,,,,,,,
2127138,2ed353c684e8b3b156cd38d80a2b938cf476935aa3cf76360fb8d9d50d1074588069f4694d30d47cf04c0cc9ec08683dcec79516232f020898be9c3eadd0c42f,08/12/2025 05:10:00 PM,1,DRIVER,,2027785,,FORD,OTHER (EXPLAIN IN NARRATIVE),IL,2013,UNKNOWN,PASSENGER,PERSONAL,E,ENTER FROM DRIVE/ALLEY,,,1,,,,,,,,,,,,,,,,,Y,UNKNOWN,,,,,,,,,,,,,,,,,,,,,,,,,,,,,,,,,
2127139,2ed353c684e8b3b156cd38d80a2b938cf476935aa3cf76360fb8d9d50d1074588069f4694d30d47cf04c0cc9ec08683dcec79516232f020898be9c3eadd0c42f,08/12/2025 05:10:00 PM,2,DRIVER,,2027791,,BUICK,REGAL,IL,2014,NONE,PASSENGER,PERSONAL,S,STRAIGHT AHEAD,,,1,,,,,,,,,,,,,,,Y,,,SIDE-LEFT-FRONT,,,,,,,,,,,,,,,,,,,,,,,,,,,,,,,,,
2127176,e8de5ed2b9a2daa4a81d203b35b879534b2b38f5a6bd86d4ec61166d72e2ac9c9fb02a057215596957f6002bdde1d55bdc802dbaf939dcd4d6294be58386f038,08/12/2025 05:10:00 PM,1,DRIVER,,2027824,,BUICK,ENCLAVE,IL,2008,UNKNOWN,PASSENGER,PERSONAL,UNKNOWN,BACKING,,,1,,,,,,,,,,Y,N,,,,,,,REAR,,,,,,,,,,,,,,,,,,,,,,,,,,,,,,,,,
2127177,e8de5ed2b9a2daa4a81d203b35b879534b2b38f5a6bd86d4ec61166d72e2ac9c9fb02a057215596957f6002bdde1d55bdc802dbaf939dcd4d6294be58386f038,08/12/2025 05:10:00 PM,2,DRIVER,,2027829,,UNKNOWN,MOTORIZED,,,UNKNOWN,UNKNOWN/NA,UNKNOWN/NA,UNKNOWN,UNKNOWN/NA,,,1,,,,,,,,,,,,,,,,,Y,UNKNOWN,,,,,,,,,,,,,,,,,,,,,,,,,,,,,,,,,
2127814,1b4b45c6528f7c17dae7ec003c904d0da0005c32c9e3d489de8fcd99e2e9364aa5f7b6b1d3428d6f0de430de5a112f07bcda73f5a9b389edec4d0fdb7d0262ed,08/12/2025 05:08:00 PM,1,DRIVER,,2028442,,KIA,SPECTRA,IL,2009,NONE,SPORT UTILITY VEHICLE (SUV),PERSONAL,E,STRAIGHT AHEAD,,,1,,,,,Y,,,,,,,,,,Y,Y,,FRONT,,,,,,,,,,,,,,,,,,,,,,,,,,,,,,,,,
2127815,1b4b45c6528f7c17dae7ec003c904d0da0005c32c9e3d489de8fcd99e2e9364aa5f7b6b1d3428d6f0de430de5a112f07bcda73f5a9b389edec4d0fdb7d0262ed,08/12/2025 05:08:00 PM,2,DRIVER,,2028446,,JEEP,LIBERTY,IL,2004,NONE,SPORT UTILITY VEHICLE (SUV),PERSONAL,E,STRAIGHT AHEAD,,,1,,,,,,,,,Y,Y,Y,,,,,,,REAR,,,,,,,,,,,,,,,,,,,,,,,,,,,,,,,,,
2127744,1c58ea1712c7e0e127d160d001442db2cfa72ed9fa6fd3e3ac7632cfa8a1b72eac7acfdc34b0c917ca2491e3f479e23dffa6b8dd353530a6b9ea2a44753a2f45,08/12/2025 05:07:00 PM,1,DRIVER,,2028365,,JEEP,WRANGLER,KS,1995,NONE,SPORT UTILITY VEHICLE (SUV),PERSONAL,W,STRAIGHT AHEAD,,,1,,,,,,,,,,,,,,,Y,,,FRONT-LEFT-CORNER,,,,,,,,,,,,,,,,,,,,,,,,,,,,,,,,,
2127745,1c58ea1712c7e0e127d160d001442db2cfa72ed9fa6fd3e3ac7632cfa8a1b72eac7acfdc34b0c917ca2491e3f479e23dffa6b8dd353530a6b9ea2a44753a2f45,08/12/2025 05:07:00 PM,2,DRIVER,,2028370,,KIA,SOUL,MI,2015,NONE,SPORT UTILITY VEHICLE (SUV),PERSONAL,W,SLOW/STOP IN TRAFFIC,,,1,,,,,,,,,Y,,,,,,,,,REAR-RIGHT-CORNER,,,,,,,,,,,,,,,,,,,,,,,,,,,,,,,,,
2127202,ab66359a858ebdf4ec4d6824eb67644d082b2e31040c385202402f71b3b12d08a7fad90af1a5a905f79df837e8ad46dd4c23c272d43f11914ccdd23620c96ebe,08/12/2025 05:07:00 PM,2,DRIVER,,2027860,,BMW,540,MO,2025,NONE,PASSENGER,PERSONAL,W,STRAIGHT AHEAD,,,1,,,,,Y,Y,Y,,,,,,,,,,,SIDE-LEFT,,,,,,,,,,,,,,,,,,,,,,,,,,,,,,,,,
2127205,ab66359a858ebdf4ec4d6824eb67644d082b2e31040c385202402f71b3b12d08a7fad90af1a5a905f79df837e8ad46dd4c23c272d43f11914ccdd23620c96ebe,08/12/2025 05:07:00 PM,1,DRIVER,,2027851,,TOYOTA,PRIUS,IL,2009,NONE,PASSENGER,PERSONAL,W,STARTING IN TRAFFIC,,,1,,,,,,,,,,,,,,Y,Y,,,FRONT-LEFT-CORNER,,,,,,,,,,,,,,,,,,,,,,,,,,,,,,,,,
2127164,cd91b49ba884aafc0332dc3ffb5f8a9e65fbb0c69e65b16e07bb981aa5e7c2e5a5b0d4905d4a17e63fe0ff8194ca2fa011179b3dacd1b35749fcba3ff34f8144,08/12/2025 05:06:00 PM,1,DRIVER,,2027815,,FORD,ECONOLINE E350,IL,2012,UNKNOWN,VAN/MINI-VAN,PERSONAL,W,STRAIGHT AHEAD,,,1,,,,,,,,,,,,,,,,,Y,FRONT,,,,,,,,,,,,,,,,,,,,,,,,,,,,,,,,,
2127165,cd91b49ba884aafc0332dc3ffb5f8a9e65fbb0c69e65b16e07bb981aa5e7c2e5a5b0d4905d4a17e63fe0ff8194ca2fa011179b3dacd1b35749fcba3ff34f8144,08/12/2025 05:06:00 PM,2,DRIVER,2,2027823,,INFINITI,G35,IL,2007,UNKNOWN,PASSENGER,PERSONAL,W,SLOW/STOP IN TRAFFIC,,,3,,,,,,,,,Y,Y,,,,,,,,REAR-LEFT-CORNER,,,,,,,,,,,,,,,,,,,,,,,,,,,,,,,,,
2127614,fa4b410f117d877cd1089685a6711d6e8bea9e610e846acba52ade81620f3d8dcd9625e44264bd314d2fb3fa4108ae26aaca1ba928be5c199f183228df2a4280,08/12/2025 05:05:00 PM,1,DRIVER,,2028279,,NISSAN,ROGUE,IL,2016,NONE,PASSENGER,PERSONAL,S,PASSING/OVERTAKING,,,1,,,,,,,,,,,,,,,Y,,,FRONT-LEFT-CORNER,,,,,,,,,,,,,,,,,,,,,,,,,,,,,,,,,
2127615,fa4b410f117d877cd1089685a6711d6e8bea9e610e846acba52ade81620f3d8dcd9625e44264bd314d2fb3fa4108ae26aaca1ba928be5c199f183228df2a4280,08/12/2025 05:05:00 PM,2,DRIVER,,2028280,,HONDA,ODYSSEY,IL,2011,NONE,PASSENGER,PERSONAL,S,STRAIGHT AHEAD,,,1,,,,,Y,Y,Y,,,,,,,,,,,SIDE-RIGHT,,,,,,,,,,,,,,,,,,,,,,,,,,,,,,,,,
2127172,42aad599efebcac39e3cff3a01892de8774d393cae6cc13e9eb33c4ff4d872bc48912423de011f2804dc3cd1c1453829ba624cb72794f9e2e520493184a801f9,08/12/2025 05:00:00 PM,1,DRIVER,,2027819,,UNKNOWN,OTHER (EXPLAIN IN NARRATIVE),IL,,UNKNOWN,PASSENGER,PERSONAL,N,STRAIGHT AHEAD,,,1,,,,,,,,,,,,,,,,,Y,UNKNOWN,,,,,,,,,,,,,,,,,,,,,,,,,,,,,,,,,
2127173,42aad599efebcac39e3cff3a01892de8774d393cae6cc13e9eb33c4ff4d872bc48912423de011f2804dc3cd1c1453829ba624cb72794f9e2e520493184a801f9,08/12/2025 05:00:00 PM,2,DRIVER,1,2027825,,HONDA,HR-V,IN,2021,UNKNOWN,PASSENGER,PERSONAL,N,STRAIGHT AHEAD,,,2,,,,,,,,,,,Y,Y,Y,Y,Y,,,SIDE-LEFT,,,,,,,,,,,,,,,,,,,,,,,,,,,,,,,,,
2127237,44038c87478c43ed7caf6ef3ad05a8f8e555af5b9227d58f4ed0aa280f999c769dcd6ca1eec0d274b20775855564456f6012533653e433abec5a1d771289ccab,08/12/2025 05:00:00 PM,1,DRIVER,,2027882,,HONDA,OTHER (EXPLAIN IN NARRATIVE),IL,2005,UNKNOWN,SPORT UTILITY VEHICLE (SUV),UNKNOWN/NA,S,STRAIGHT AHEAD,,,1,,,,,,,,,,,,,,,,Y,,FRONT,,,,,,,,,,,,,,,,,,,,,,,,,,,,,,,,,
2127238,44038c87478c43ed7caf6ef3ad05a8f8e555af5b9227d58f4ed0aa280f999c769dcd6ca1eec0d274b20775855564456f6012533653e433abec5a1d771289ccab,08/12/2025 05:00:00 PM,2,DRIVER,,2027893,,DODGE,DURANGO,IL,2019,NONE,SPORT UTILITY VEHICLE (SUV),UNKNOWN/NA,W,STRAIGHT AHEAD,,,1,,,,,,Y,Y,Y,,,,,,,,,,SIDE-RIGHT,,,,,,,,,,,,,,,,,,,,,,,,,,,,,,,,,
2128956,49214ece051cacfee0d682baebd84d80307bd0a26b3848d93f7737a108d037562d360a1c1f1dc5ac3e9e96c263a624ea1b56a9759ec5e107cd1bb0f93d1d724e,08/12/2025 05:00:00 PM,1,DRIVER,,2029524,,UNKNOWN,MOTORIZED,,,NONE,PASSENGER,PERSONAL,N,TURNING LEFT,,,1,,,,,Y,,,,,,,,,,Y,Y,,FRONT,,,,,,,,,,,,,,,,,,,,,,,,,,,,,,,,,
2127174,4eef8f98a776c30bd32fb3f3f04cee6d5e98e46f9c875105f3d1bd903c02f721ec7869bf200bea145b28ddb81cdaa21952cab27c616aa875fdd8170a57e95b29,08/12/2025 05:00:00 PM,1,DRIVER,,2027833,,CHEVROLET,TAHOE,IL,2003,NONE,SPORT UTILITY VEHICLE (SUV),PERSONAL,W,STRAIGHT AHEAD,,,1,,,,,Y,,,,,,,,,,,,,FRONT-RIGHT-CORNER,,,,,,,,,,,,,,,,,,,,,,,,,,,,,,,,,
2127175,4eef8f98a776c30bd32fb3f3f04cee6d5e98e46f9c875105f3d1bd903c02f721ec7869bf200bea145b28ddb81cdaa21952cab27c616aa875fdd8170a57e95b29,08/12/2025 05:00:00 PM,2,DRIVER,,2027844,,HONDA,ACCORD,IL,2016,NONE,PASSENGER,PERSONAL,W,TURNING LEFT,,,1,,,,,,,,,,,,,,,Y,,,FRONT-LEFT-CORNER,,,,,,,,,,,,,,,,,,,,,,,,,,,,,,,,,
2127245,c2c8205cd426d9cae9245867033ddaafa4ca2be93f2605a2ae55a978f2a32dfb388e152b9821d57eb9ff57c6f8b12a22918cc52a827d5b506bec880a9f087450,08/12/2025 05:00:00 PM,1,DRIVER,,2027885,,JEEP,GRAND CHEROKEE,IL,2021,NONE,SPORT UTILITY VEHICLE (SUV),PERSONAL,W,STRAIGHT AHEAD,,,1,,,,,,,,,,,,,,,,Y,,FRONT,,,,,,,,,,,,,,,,,,,,,,,,,,,,,,,,,
2127246,c2c8205cd426d9cae9245867033ddaafa4ca2be93f2605a2ae55a978f2a32dfb388e152b9821d57eb9ff57c6f8b12a22918cc52a827d5b506bec880a9f087450,08/12/2025 05:00:00 PM,2,DRIVER,,2027887,,CHEVROLET,EQUINOX,IL,2017,NONE,SPORT UTILITY VEHICLE (SUV),PERSONAL,W,SLOW/STOP IN TRAFFIC,,,1,,,,,,,,,,Y,,,,,,,,REAR,,,,,,,,,,,,,,,,,,,,,,,,,,,,,,,,,
2127366,cf1a0279aee617c5de71ffd8eb4eacc9d90c2522a85253e11c9667f31475cefb1536b407c2d37d57bee8db8f1fca92e63a46e5a4ffc82786496fe325455786fa,08/12/2025 05:00:00 PM,1,DRIVER,,2028011,,TOYOTA,4RUNNER,,,UNKNOWN,SPORT UTILITY VEHICLE (SUV),UNKNOWN/NA,E,CHANGING LANES,,,1,,,,,,,,,,,,,,,Y,,,FRONT-LEFT-CORNER,,,,,,,,,,,,,,,,,,,,,,,,,,,,,,,,,
2127367,cf1a0279aee617c5de71ffd8eb4eacc9d90c2522a85253e11c9667f31475cefb1536b407c2d37d57bee8db8f1fca92e63a46e5a4ffc82786496fe325455786fa,08/12/2025 05:00:00 PM,2,DRIVER,,2028013,,TOYOTA,RAV4,,,UNKNOWN,SPORT UTILITY VEHICLE (SUV),RIDESHARE SERVICE,E,STRAIGHT AHEAD,,,1,,,,,,,,Y,Y,,,,,,,,,REAR-RIGHT-CORNER,,,,,,,,,,,,,,,,,,,,,,,,,,,,,,,,,
2133559,dee6652368e95d5bdf4310e2e07e3aac1e42bb3b99a067b4f5e6b06a97245c59d0b3baca19debfbb9761826e5cb27573bd8443c25e18cebf807d46b1cb7932e9,08/12/2025 05:00:00 PM,1,DRIVER,,2033851,,CHEVROLET,OTHER (EXPLAIN IN NARRATIVE),IL,2017,UNKNOWN,PASSENGER,UNKNOWN/NA,S,STRAIGHT AHEAD,,,1,,,,,,,,,,,,,,,,,Y,FRONT,,,,,,,,,,,,,,,,,,,,,,,,,,,,,,,,,
2133560,dee6652368e95d5bdf4310e2e07e3aac1e42bb3b99a067b4f5e6b06a97245c59d0b3baca19debfbb9761826e5cb27573bd8443c25e18cebf807d46b1cb7932e9,08/12/2025 05:00:00 PM,2,DRIVER,,2033860,,HONDA,ACCORD,IL,2023,NONE,PASSENGER,PERSONAL,S,STRAIGHT AHEAD,,,1,,,,,,,,,Y,Y,Y,,,,,,,REAR,,,,,,,,,,,,,,,,,,,,,,,,,,,,,,,,,
2127180,624c44acfd3fa186e61fbeb872d68d20345f2f8f9cb99444f26b5175dd3c5c86870f1d696f2e24e0b44b56d9a1d2c988b745e2ee5950446938361ac20aa7e390,08/12/2025 04:54:00 PM,1,DRIVER,1,2027846,,TOYOTA,PRIUS,IL,,UNKNOWN,PASSENGER,OTHER,N,STRAIGHT AHEAD,,,2,,,,,N,,,,,,,,,,,,Y,REAR-LEFT-CORNER,,,,,,,,,,,,,,,,,,,,,,,,,,,,,,,,,
2127181,624c44acfd3fa186e61fbeb872d68d20345f2f8f9cb99444f26b5175dd3c5c86870f1d696f2e24e0b44b56d9a1d2c988b745e2ee5950446938361ac20aa7e390,08/12/2025 04:54:00 PM,2,PARKED,1,2027830,,BUICK,ENCORE,IL,2019,NONE,PASSENGER,PERSONAL,N,PARKED,,,1,,,,,,,,,,,,,,,Y,,,FRONT-LEFT-CORNER,,,,,,,,,,,,,,,,,,,,,,,,,,,,,,,,,
2127364,fcc0565e5cb0b295f0f3146de3a6fd0aaf9b905948ece9830a88b0cf319e0fbea76188c8a50072988d171d5fcb6beceb2cc7fdef501f3ba22e9d6a522c4596bb,08/12/2025 04:45:00 PM,1,DRIVER,3,2028012,,KIA,OTHER (EXPLAIN IN NARRATIVE),IL,2024,NONE,PASSENGER,OTHER,W,OTHER,Y,,4,,private,unk,,,,,,,,,Y,Y,Y,Y,,,SIDE-LEFT,,,,,,,,,,,,,,,,,,,,,,,,,,,,,,,,,
2127365,fcc0565e5cb0b295f0f3146de3a6fd0aaf9b905948ece9830a88b0cf319e0fbea76188c8a50072988d171d5fcb6beceb2cc7fdef501f3ba22e9d6a522c4596bb,08/12/2025 04:45:00 PM,2,DRIVER,,2028016,,UNKNOWN,MOTORIZED,WI,,UNKNOWN,OTHER,TOW TRUCK,W,STRAIGHT AHEAD,,,1,,,,,,,,,,,,,,,,,Y,UNKNOWN,,,,,,,,,,,,,,,,,,,,,,,,,,,,,,,,,
2128593,bad8ab4dea7b8796feeefa4cc8d11483ea6f0d036a0d87f67d50138850aecba121c06b52544fb677808452555b5c952ea59f4fa968f49f0a2e98220dbb2ac9b4,08/12/2025 04:39:00 PM,1,DRIVER,,2029192,,CHEVROLET,CAMARO,IL,2013,UNKNOWN,PASSENGER,UNKNOWN/NA,S,UNKNOWN/NA,,,1,,,,,,,,,,,,,,,,,Y,UNKNOWN,,,,,,,,,,,,,,,,,,,,,,,,,,,,,,,,,
2128594,bad8ab4dea7b8796feeefa4cc8d11483ea6f0d036a0d87f67d50138850aecba121c06b52544fb677808452555b5c952ea59f4fa968f49f0a2e98220dbb2ac9b4,08/12/2025 04:39:00 PM,2,DRIVER,,2029175,,HYUNDAI,PALISADE,OH,2025,NONE,SPORT UTILITY VEHICLE (SUV),PERSONAL,S,STRAIGHT AHEAD,,,1,,,,,,,,,,Y,,,,,,,,REAR,,,,,,,,,,,,,,,,,,,,,,,,,,,,,,,,,
2127152,f64fea51b49d9ec4ab57abd4b73a4ea1d45cf37bac56fd3045e67e0e6d709e92c771419d1618f92f3680bfe797374a422cf4624562a57747a40346093c02e612,08/12/2025 04:39:00 PM,1,DRIVER,,2027805,,TOYOTA,PRIUS,IL,2017,UNKNOWN,PASSENGER,PERSONAL,S,TURNING LEFT,,,1,,,,,Y,Y,,,,,,,,,,,,FRONT-RIGHT-CORNER,,,,,,,,,,,,,,,,,,,,,,,,,,,,,,,,,
2127153,f64fea51b49d9ec4ab57abd4b73a4ea1d45cf37bac56fd3045e67e0e6d709e92c771419d1618f92f3680bfe797374a422cf4624562a57747a40346093c02e612,08/12/2025 04:39:00 PM,2,BICYCLE,,,,,,,,,,,,,,,,,,,,,,,,,,,,,,,,,,,,,,,,,,,,,,,,,,,,,,,,,,,,,,,,,,
2134214,3797f500d9b75a1bb548401ffe461eeb1db8c43fccb8c6200e0cd9947b191e4d4b70897f4efb349bd696c7e2c1092bd876f33b97baf1528e0a87e4921aa06c58,08/12/2025 04:36:00 PM,1,DRIVER,,2034496,,FORD,EXPEDITION,,,UNKNOWN,PASSENGER,PERSONAL,E,STRAIGHT AHEAD,,,1,,,,,Y,,,,,,,,,,Y,Y,,FRONT,,,,,,,,,,,,,,,,,,,,,,,,,,,,,,,,,
2134215,3797f500d9b75a1bb548401ffe461eeb1db8c43fccb8c6200e0cd9947b191e4d4b70897f4efb349bd696c7e2c1092bd876f33b97baf1528e0a87e4921aa06c58,08/12/2025 04:36:00 PM,2,DRIVER,,2034487,,BMW,OTHER (EXPLAIN IN NARRATIVE),IL,2016,UNKNOWN,PASSENGER,PERSONAL,E,STRAIGHT AHEAD,,,1,,,,,Y,,,,,,,,,,Y,Y,,FRONT,,,,,,,,,,,,,,,,,,,,,,,,,,,,,,,,,
2127191,4213438edec80b4365834e2765976faa8127a096fd11b8077e78eedf5da8aa252bc07b0e75b8ff44b3c2c196c4718fbbc1d076943cc945a9c09c77c4345eb12f,08/12/2025 04:35:00 PM,1,DRIVER,1,2027842,,BMW,X3,IL,2022,NONE,PASSENGER,PERSONAL,N,STRAIGHT AHEAD,,,2,,,,,,,,,,,,,,Y,Y,Y,,FRONT-LEFT-CORNER,,,,,,,,,,,,,,,,,,,,,,,,,,,,,,,,,
2127192,4213438edec80b4365834e2765976faa8127a096fd11b8077e78eedf5da8aa252bc07b0e75b8ff44b3c2c196c4718fbbc1d076943cc945a9c09c77c4345eb12f,08/12/2025 04:35:00 PM,2,DRIVER,1,2027856,,VOLKSWAGEN,TOUAREG,IL,2006,NONE,SPORT UTILITY VEHICLE (SUV),PERSONAL,E,STRAIGHT AHEAD,,,2,,,,,Y,,,,,,,,,,Y,Y,,FRONT,,,,,,,,,,,,,,,,,,,,,,,,,,,,,,,,,
2127132,f569dfc0bf739d5514aa79232643321addc9a1ecf433a3b17be93847b614689f8179c865d148d44d50fe0816f79bd5965c173d5a5439712ae4df2645f0e831a2,08/12/2025 04:35:00 PM,1,DRIVER,,2027778,,HONDA,OTHER (EXPLAIN IN NARRATIVE),IL,2012,UNKNOWN,PASSENGER,UNKNOWN/NA,E,CHANGING LANES,,,1,,,,,,,,,,,,,,,,,Y,FRONT-LEFT-CORNER,,,,,,,,,,,,,,,,,,,,,,,,,,,,,,,,,
2127133,f569dfc0bf739d5514aa79232643321addc9a1ecf433a3b17be93847b614689f8179c865d148d44d50fe0816f79bd5965c173d5a5439712ae4df2645f0e831a2,08/12/2025 04:35:00 PM,2,DRIVER,,2027784,,CHEVROLET,VAN,IL,2000,NONE,VAN/MINI-VAN,PERSONAL,E,STRAIGHT AHEAD,,,1,,,,,,,Y,,,,,,,,,,,SIDE-RIGHT,,,,,,,,,,,,,,,,,,,,,,,,,,,,,,,,,
2127146,f64829be24a63dfa02c69647cbe72c2a981d5a9f33068430f0b9740662604fdc668683f6b0b40dedf0a5e583161d8bbfd1d3878bb932968b38b50fa3de5486c4,08/12/2025 04:35:00 PM,1,DRIVER,,2027794,,UNKNOWN,OTHER (EXPLAIN IN NARRATIVE),,,UNKNOWN,UNKNOWN/NA,UNKNOWN/NA,E,UNKNOWN/NA,,,1,,,,,,,,,,,,,,,,,Y,UNKNOWN,,,,,,,,,,,,,,,,,,,,,,,,,,,,,,,,,