CRASH_UNIT_ID,CRASH_RECORD_ID,CRASH_DATE,UNIT_NO,UNIT_TYPE,NUM_PASSENGERS,VEHICLE_ID,CMRC_VEH_I,MAKE,MODEL,LIC_PLATE_STATE,VEHICLE_YEAR,VEHICLE_DEFECT,VEHICLE_TYPE,VEHICLE_USE,TRAVEL_DIRECTION,MANEUVER,TOWED_I,FIRE_I,OCCUPANT_CNT,EXCEED_SPEED_LIMIT_I,TOWED_BY,TOWED_TO,AREA_00_I,AREA_01_I,AREA_02_I,AREA_03_I,AREA_04_I,AREA_05_I,AREA_06_I,AREA_07_I,AREA_08_I,AREA_09_I,AREA_10_I,AREA_11_I,AREA_12_I,AREA_99_I,FIRST_CONTACT_POINT,CMV_ID,USDOT_NO,CCMC_NO,ILCC_NO,COMMERCIAL_SRC,GVWR,CARRIER_NAME,CARRIER_STATE,CARRIER_CITY,HAZMAT_PLACARDS_I,HAZMAT_NAME,UN_NO,HAZMAT_PRESENT_I,HAZMAT_REPORT_I,HAZMAT_REPORT_NO,MCS_REPORT_I,MCS_REPORT_NO,HAZMAT_VIO_CAUSE_CRASH_I,MCS_VIO_CAUSE_CRASH_I,IDOT_PERMIT_NO,WIDE_LOAD_I,TRAILER1_WIDTH,TRAILER2_WIDTH,TRAILER1_LENGTH,TRAILER2_LENGTH,TOTAL_VEHICLE_LENGTH,AXLE_CNT,VEHICLE_CONFIG,CARGO_BODY_TYPE,LOAD_TYPE,HAZMAT_OUT_OF_SERVICE_I,MCS_OUT_OF_SERVICE_I,HAZMAT_CLASS
2127147,f64829be24a63dfa02c69647cbe72c2a981d5a9f33068430f0b9740662604fdc668683f6b0b40dedf0a5e583161d8bbfd1d3878bb932968b38b50fa3de5486c4,08/12/2025 04:35:00 PM,2,DRIVER,,2027801,,FORD,OTHER (EXPLAIN IN NARRATIVE),IL,2020,UNKNOWN,BUS UP TO 15 PASS.,UNKNOWN/NA,E,STRAIGHT AHEAD,,,1,,,,,,,,,,,,,,,,,,SIDE-RIGHT,,,,,,,,,,,,,,,,,,,,,,,,,,,,,,,,,
2127134,189b56f9d66d0a08df7b811cf84b1b1676ea3a837b9a88969b4455c5bdbb547cc64ad26081ccc907cba98e0b8def6957447da96e2df3644b2d7fc768211718a5,08/12/2025 04:30:00 PM,1,DRIVER,,2027783,,FORD,EDGE,IL,2012,UNKNOWN,PASSENGER,PERSONAL,E,STRAIGHT AHEAD,Y,,1,,private,,,Y,,,,,,,,,,Y,Y,,FRONT,,,,,,,,,,,,,,,,,,,,,,,,,,,,,,,,,
2127135,189b56f9d66d0a08df7b811cf84b1b1676ea3a837b9a88969b4455c5bdbb547cc64ad26081ccc907cba98e0b8def6957447da96e2df3644b2d7fc768211718a5,08/12/2025 04:30:00 PM,2,DRIVER,,2027793,,JEEP,COMMANDER,IL,2006,UNKNOWN,PASSENGER,PERSONAL,S,STRAIGHT AHEAD,Y,,1,,private,,,Y,Y,Y,Y,,,,,,,,,,SIDE-RIGHT,,,,,,,,,,,,,,,,,,,,,,,,,,,,,,,,,
2127124,31be32ae3320793f0ccc8066b1ca60ed285065f0b8cb9887899dd73e24ef772b8dbcbbb29321fadea038e177d355d513e6fc1dd0d5d12e70dd723dbb69d9bf28,08/12/2025 04:30:00 PM,2,DRIVER,,2027777,,FORD,ESCAPE,IL,2010,NONE,SPORT UTILITY VEHICLE (SUV),PERSONAL,W,PASSING/OVERTAKING,,,1,,,,,,,,,,,,N,N,N,Y,,,SIDE-LEFT-FRONT,,,,,,,,,,,,,,,,,,,,,,,,,,,,,,,,,
2127125,31be32ae3320793f0ccc8066b1ca60ed285065f0b8cb9887899dd73e24ef772b8dbcbbb29321fadea038e177d355d513e6fc1dd0d5d12e70dd723dbb69d9bf28,08/12/2025 04:30:00 PM,1,DRIVER,,2027789,,TOYOTA,RAV4,IL,2022,NONE,SPORT UTILITY VEHICLE (SUV),PERSONAL,S,ENTER FROM DRIVE/ALLEY,,,1,,,,,,,,,,,,Y,Y,Y,Y,,,SIDE-LEFT,,,,,,,,,,,,,,,,,,,,,,,,,,,,,,,,,
2127116,4920f5e975c7f262603370a33d5285189b4ae055884a10ce1792241461c688e1c470ba0318883abcc57c53ca04589abb244c7302ab48943cc1124fa9508d2043,08/12/2025 04:30:00 PM,1,DRIVER,,2027765,,MAZDA,MAZDA6,IL,2016,UNKNOWN,PASSENGER,PERSONAL,N,STRAIGHT AHEAD,,,1,,,,,Y,,,,,,,,,,Y,Y,,FRONT,,,,,,,,,,,,,,,,,,,,,,,,,,,,,,,,,
2127117,4920f5e975c7f262603370a33d5285189b4ae055884a10ce1792241461c688e1c470ba0318883abcc57c53ca04589abb244c7302ab48943cc1124fa9508d2043,08/12/2025 04:30:00 PM,2,DRIVER,,2027773,,CHEVROLET,TRAX,IL,2018,UNKNOWN,PASSENGER,PERSONAL,W,STRAIGHT AHEAD,,,1,,,,,,,,,,,,,,Y,Y,Y,,FRONT-LEFT-CORNER,,,,,,,,,,,,,,,,,,,,,,,,,,,,,,,,,
2127252,786903bebd3f01c27eb90729a83656ffd6e418411c6ae9a500f32df2299619697b8f73a65ef3245a46fd5730835a71160d5393dd67db46e78a4744370e6932f5,08/12/2025 04:30:00 PM,1,DRIVER,,2027891,,HONDA,ODYSSEY,IL,2010,NONE,UNKNOWN/NA,UNKNOWN/NA,N,STRAIGHT AHEAD,,,1,,,,,,,,,,,,,,,,Y,,FRONT,,,,,,,,,,,,,,,,,,,,,,,,,,,,,,,,,
2127253,786903bebd3f01c27eb90729a83656ffd6e418411c6ae9a500f32df2299619697b8f73a65ef3245a46fd5730835a71160d5393dd67db46e78a4744370e6932f5,08/12/2025 04:30:00 PM,2,DRIVER,1,2027903,,CHEVROLET,EQUINOX,IL,2013,NONE,PASSENGER,PERSONAL,E,STRAIGHT AHEAD,,,2,,,,,,,,Y,Y,,,,,,,,,REAR-RIGHT-CORNER,,,,,,,,,,,,,,,,,,,,,,,,,,,,,,,,,
2127193,b7bec7d80a3269a05a29aaa3e18612c40759f58f1691c815ebf12a8cae23291c7d4554f314abf6adca840f86d9a6c4f20ea9cc4a1c694d27238b6f44094a33ec,08/12/2025 04:30:00 PM,1,DRIVER,,2027835,,FORD,SUPER DUTY,IL,2019,NONE,TRUCK - SINGLE UNIT,NOT IN USE,S,STRAIGHT AHEAD,,,1,,,,,Y,,,,,,,,,,,,,FRONT-RIGHT-CORNER,,,,,,,,,,,,,,,,,,,,,,,,,,,,,,,,,
2127194,b7bec7d80a3269a05a29aaa3e18612c40759f58f1691c815ebf12a8cae23291c7d4554f314abf6adca840f86d9a6c4f20ea9cc4a1c694d27238b6f44094a33ec,08/12/2025 04:30:00 PM,2,DRIVER,,2027840,,TOYOTA,COROLLA,IL,2003,NONE,PASSENGER,PERSONAL,S,STRAIGHT AHEAD,,,1,,,,,,,,,,,Y,,,,,,,REAR-LEFT-CORNER,,,,,,,,,,,,,,,,,,,,,,,,,,,,,,,,,
2127136,e184e16ce90fd5c83322318369beb2f0ebb123ac2dfbc492d25ac3d0d3fc73127e2f2ba5224005c5758ffbbc4b60add61b7bf7668675e7152633f43578ab1e5b,08/12/2025 04:30:00 PM,1,DRIVER,,2027780,,DODGE,RAM 1500 PU,IL,2012,UNKNOWN,PASSENGER,PERSONAL,UNKNOWN,UNKNOWN/NA,,,1,,,,,Y,Y,Y,Y,Y,Y,,,,,,,,SIDE-RIGHT,,,,,,,,,,,,,,,,,,,,,,,,,,,,,,,,,
2127137,e184e16ce90fd5c83322318369beb2f0ebb123ac2dfbc492d25ac3d0d3fc73127e2f2ba5224005c5758ffbbc4b60add61b7bf7668675e7152633f43578ab1e5b,08/12/2025 04:30:00 PM,2,DRIVER,,2027787,,HONDA,ACCORD,IL,2025,UNKNOWN,PASSENGER,PERSONAL,UNKNOWN,UNKNOWN/NA,,,1,,,,,N,Y,,Y,N,Y,Y,Y,Y,Y,Y,Y,,SIDE-LEFT,,,,,,,,,,,,,,,,,,,,,,,,,,,,,,,,,
2127321,acbb9dba04f97761c179232b3ca9f763c0dbec9f28dbef67d703b8164f51ce7d4eae86f2be96fb7e1856e22b7fc6c6a003f1d78f118c3d6bfb9b3d6ad0d5b128,08/12/2025 04:28:00 PM,1,DRIVER,,2027969,,UNKNOWN,OTHER (EXPLAIN IN NARRATIVE),XX,,UNKNOWN,PICKUP,UNKNOWN/NA,W,PASSING/OVERTAKING,,,1,,,,,Y,Y,,,,,,,,,,,,FRONT-RIGHT-CORNER,,,,,,,,,,,,,,,,,,,,,,,,,,,,,,,,,
2127322,acbb9dba04f97761c179232b3ca9f763c0dbec9f28dbef67d703b8164f51ce7d4eae86f2be96fb7e1856e22b7fc6c6a003f1d78f118c3d6bfb9b3d6ad0d5b128,08/12/2025 04:28:00 PM,2,PARKED,,2027973,,KIA,OTHER (EXPLAIN IN NARRATIVE),IL,2024,UNKNOWN,PASSENGER,RIDESHARE SERVICE,W,PARKED,,,0,,,,,,,,,,,,,Y,,,,,SIDE-LEFT,,,,,,,,,,,,,,,,,,,,,,,,,,,,,,,,,
2127182,770c8818aa982f06dc68c67121d8db1fde3b80cf043907d42de51a8cf773369e6f509815669c40ff33f98ffd265133b81b448bd1f4eee6dc9080a7bd588ef241,08/12/2025 04:27:00 PM,1,DRIVER,,2027827,,FORD,F150,IL,2008,UNKNOWN,PICKUP,UNKNOWN/NA,N,UNKNOWN/NA,,,1,,,,,,,,,,,,,,,,,Y,UNKNOWN,,,,,,,,,,,,,,,,,,,,,,,,,,,,,,,,,
2127268,84b724059b009a511c66993eed423f38c6be6ea77be5c1e4e19eb62234e9dfc1b539fdbd134ea1bae2eb680cd87ca4b2f2383484948e5b073d3169b79c8c5bdf,08/12/2025 04:27:00 PM,1,DRIVER,,2027915,,FORD,F150,IL,,UNKNOWN,UNKNOWN/NA,UNKNOWN/NA,N,UNKNOWN/NA,,,1,,,,,,,,,,,,,,,,,Y,FRONT-RIGHT-CORNER,,,,,,,,,,,,,,,,,,,,,,,,,,,,,,,,,
2127129,3d3af5db6cfc87999d2d7e7aed98fbf6f755babf0e7b0edd4c21844510d574dc8f454af952ae4faf17f44f9743373404e4d51276920091e2fe19f89c05b141c9,08/12/2025 04:25:00 PM,1,DRIVER,,2027781,,FORD,ESCAPE,IL,2019,UNKNOWN,PASSENGER,PERSONAL,E,STRAIGHT AHEAD,,,1,,,,,Y,,,,,,,,,,Y,Y,,FRONT,,,,,,,,,,,,,,,,,,,,,,,,,,,,,,,,,
2127130,3d3af5db6cfc87999d2d7e7aed98fbf6f755babf0e7b0edd4c21844510d574dc8f454af952ae4faf17f44f9743373404e4d51276920091e2fe19f89c05b141c9,08/12/2025 04:25:00 PM,2,DRIVER,,2027790,,TOYOTA,CAMRY,IL,2017,UNKNOWN,PASSENGER,PERSONAL,N,STRAIGHT AHEAD,Y,,1,,private,,,,,,,,,,Y,Y,Y,,,,SIDE-LEFT,,,,,,,,,,,,,,,,,,,,,,,,,,,,,,,,,
2127131,3d3af5db6cfc87999d2d7e7aed98fbf6f755babf0e7b0edd4c21844510d574dc8f454af952ae4faf17f44f9743373404e4d51276920091e2fe19f89c05b141c9,08/12/2025 04:25:00 PM,3,DRIVER,,2027796,,TOYOTA,COROLLA,IL,2009,UNKNOWN,PASSENGER,PERSONAL,W,STRAIGHT AHEAD,,,1,,,,,,,,,,,,,Y,Y,,,,SIDE-LEFT,,,,,,,,,,,,,,,,,,,,,,,,,,,,,,,,,
2127094,1023c0617a3d5d55c132fa55cea4fcf3dc67b87a8a2322befc56ff8f8293e1b420569b73958e8820746241cac29f0ab1ffa5dc4b4a170d94c2646cf2a775d4a3,08/12/2025 04:20:00 PM,1,DRIVER,,2027744,,HONDA,ODYSSEY,IL,2007,UNKNOWN,PASSENGER,PERSONAL,W,STRAIGHT AHEAD,,,1,,,,,Y,,,,,,,,,,Y,Y,,FRONT,,,,,,,,,,,,,,,,,,,,,,,,,,,,,,,,,
2127095,1023c0617a3d5d55c132fa55cea4fcf3dc67b87a8a2322befc56ff8f8293e1b420569b73958e8820746241cac29f0ab1ffa5dc4b4a170d94c2646cf2a775d4a3,08/12/2025 04:20:00 PM,2,DRIVER,,2027750,,JEEP,CHEROKEE,IL,2017,UNKNOWN,PASSENGER,PERSONAL,W,STRAIGHT AHEAD,,,1,,,,,,,,,Y,Y,Y,,,,,,,REAR,,,,,,,,,,,,,,,,,,,,,,,,,,,,,,,,,
2127532,401594672fb68ef9a7e4026d4c9a8a3d0c0f0fa77244f9a633ac18fa264dadf51fa22daa06472c0da09927f833adf317094bb80afc7cf93e230484fc9aa11bd1,08/12/2025 04:20:00 PM,1,DRIVER,,2028172,,HONDA,PILOT,IL,2002,UNKNOWN,PASSENGER,PERSONAL,W,STRAIGHT AHEAD,,,1,,,,,Y,,,,,,,,,,Y,Y,,FRONT,,,,,,,,,,,,,,,,,,,,,,,,,,,,,,,,,
2127533,401594672fb68ef9a7e4026d4c9a8a3d0c0f0fa77244f9a633ac18fa264dadf51fa22daa06472c0da09927f833adf317094bb80afc7cf93e230484fc9aa11bd1,08/12/2025 04:20:00 PM,2,DRIVER,,2028177,,LAND ROVER,FREELANDER,IL,2020,UNKNOWN,PASSENGER,PERSONAL,W,STRAIGHT AHEAD,,,1,,,,,,,,,Y,Y,Y,,,,,,,REAR,,,,,,,,,,,,,,,,,,,,,,,,,,,,,,,,,
2127112,54906fc731fe869df79784085cea4b926cb7dc6e895245fcf7a1208d8f1fcb69a393c1e31666a5270596ed2597cb6eb78466cc2c4db4e306a36d29fe622a14e9,08/12/2025 04:20:00 PM,1,DRIVER,,2027763,,NEW FLYER,OTHER (EXPLAIN IN NARRATIVE),IL,2017,NONE,BUS OVER 15 PASS.,OTHER,S,PASSING/OVERTAKING,,,1,,,,,N,,,,,,,,,,Y,,,SIDE-LEFT,,,,,,,,,,,,,,,,,,,,,,,,,,,,,,,,,
2127113,54906fc731fe869df79784085cea4b926cb7dc6e895245fcf7a1208d8f1fcb69a393c1e31666a5270596ed2597cb6eb78466cc2c4db4e306a36d29fe622a14e9,08/12/2025 04:20:00 PM,2,DRIVER,,2027774,,"MOTOR COACH INDUSTRIES, INC.","MOTOR COACH INDUSTRIES, INC.",IL,2008,NONE,BUS OVER 15 PASS.,OTHER,S,SLOW/STOP IN TRAFFIC,,,1,,,,,Y,,,,,,,,,,,,,SIDE-RIGHT,,,,,,,,,,,,,,,,,,,,,,,,,,,,,,,,,
2127178,5bc8b1188f746436aab9b1a3ac0ad495b1d22aab6797f608e158716c29e73844bbfd698d30ce72d9570c38f5a1070166da73d7efdca99f6aefb2b1b293ca0246,08/12/2025 04:20:00 PM,1,DRIVER,,2027822,,FORD,F650,AZ,2018,UNKNOWN,OTHER,OTHER,SW,TURNING RIGHT,,,1,,,,,,N,Y,,,,,,,,,,,SIDE-RIGHT,,,,,,,,,,,,,,,,,,,,,,,,,,,,,,,,,
2127179,5bc8b1188f746436aab9b1a3ac0ad495b1d22aab6797f608e158716c29e73844bbfd698d30ce72d9570c38f5a1070166da73d7efdca99f6aefb2b1b293ca0246,08/12/2025 04:20:00 PM,2,PARKED,,2027826,,FORD,OTHER (EXPLAIN IN NARRATIVE),IL,2018,NONE,OTHER,OTHER,S,PARKED,,,0,,,,,,,,,,,,,,,Y,,,FRONT-LEFT-CORNER,,,,,,,,,,,,,,,,,,,,,,,,,,,,,,,,,
2127220,8cb58bbe174fd7319ef18f6de6e281fb916f8058e23bd7dd956ddba68270d23a7519d795779e4cdb5854f8fd407afe90502e4dc7f202a373cde06b5d57544519,08/12/2025 04:20:00 PM,1,DRIVER,,2027865,,UNKNOWN,OTHER (EXPLAIN IN NARRATIVE),,,UNKNOWN,UNKNOWN/NA,UNKNOWN/NA,N,STRAIGHT AHEAD,,,1,,,,N,,,,,,,,,,,,,Y,UNKNOWN,,,,,,,,,,,,,,,,,,,,,,,,,,,,,,,,,
2127221,8cb58bbe174fd7319ef18f6de6e281fb916f8058e23bd7dd956ddba68270d23a7519d795779e4cdb5854f8fd407afe90502e4dc7f202a373cde06b5d57544519,08/12/2025 04:20:00 PM,2,DRIVER,,2027876,,KIA,FORTE,IL,2010,NONE,PASSENGER,PERSONAL,S,STRAIGHT AHEAD,,,1,,,,Y,,,,,,,,,,,,,,OTHER,,,,,,,,,,,,,,,,,,,,,,,,,,,,,,,,,
2127096,a3db565b9af03890cb443bfdd581e6c161ad1325d3e98a39264d0297252b5e8f5d386c99821703e5e6d95d791001483f512d837acf07c59858eec4e14df7429d,08/12/2025 04:20:00 PM,1,DRIVER,,2027741,,TESLA,MODEL Y,IL,2024,UNKNOWN,PASSENGER,PERSONAL,E,STRAIGHT AHEAD,,,1,,,,,Y,,,,,,,,,,Y,Y,,FRONT,,,,,,,,,,,,,,,,,,,,,,,,,,,,,,,,,
2127097,a3db565b9af03890cb443bfdd581e6c161ad1325d3e98a39264d0297252b5e8f5d386c99821703e5e6d95d791001483f512d837acf07c59858eec4e14df7429d,08/12/2025 04:20:00 PM,2,DRIVER,,2027745,,MERCEDES-BENZ,C300,IL,2015,NONE,PASSENGER,PERSONAL,E,SLOW/STOP IN TRAFFIC,,,1,,,,,,,,,Y,Y,Y,,,,,,,REAR,,,,,,,,,,,,,,,,,,,,,,,,,,,,,,,,,
2127481,3e861df0d2f99371ef8db4ad1e14ace042eae4bddf84f355e88d0b091ad3a720c1497dcc0ed682ce4bebe03004c3731cad56692711553f6dc3e079be8831745f,08/12/2025 04:15:00 PM,1,DRIVER,,2028122,,UNKNOWN,MOTORIZED,,,UNKNOWN,PASSENGER,UNKNOWN/NA,N,STRAIGHT AHEAD,,,1,,,,,,,,,,,,,,,,,Y,FRONT,,,,,,,,,,,,,,,,,,,,,,,,,,,,,,,,,
2127482,3e861df0d2f99371ef8db4ad1e14ace042eae4bddf84f355e88d0b091ad3a720c1497dcc0ed682ce4bebe03004c3731cad56692711553f6dc3e079be8831745f,08/12/2025 04:15:00 PM,2,DRIVER,,2028130,,HYUNDAI,IONIC,NV,2025,UNKNOWN,PASSENGER,PERSONAL,N,SLOW/STOP IN TRAFFIC,,,1,,,,,,,,,,,Y,,,,,,,REAR-LEFT-CORNER,,,,,,,,,,,,,,,,,,,,,,,,,,,,,,,,,
2127120,7ce89cefa70a8b5ae538fae0fb093af67f94d9b0037b5e709227c919f30b4ee85b41383ff68f2ad2fb27700a5dfc0e5245ce83d9a81b9ce80c50c9297dec49d2,08/12/2025 04:15:00 PM,1,DRIVER,,2027769,,CHEVROLET,OTHER (EXPLAIN IN NARRATIVE),IL,2016,NONE,PASSENGER,PERSONAL,E,STRAIGHT AHEAD,,,1,,,,,N,,,,,,,,,,Y,Y,,FRONT,,,,,,,,,,,,,,,,,,,,,,,,,,,,,,,,,
2127121,7ce89cefa70a8b5ae538fae0fb093af67f94d9b0037b5e709227c919f30b4ee85b41383ff68f2ad2fb27700a5dfc0e5245ce83d9a81b9ce80c50c9297dec49d2,08/12/2025 04:15:00 PM,2,DRIVER,,2027779,,TOYOTA,COROLLA,IL,2023,NONE,PASSENGER,PERSONAL,E,STRAIGHT AHEAD,,,1,,,,,,,,,,Y,Y,Y,,,,,,REAR,,,,,,,,,,,,,,,,,,,,,,,,,,,,,,,,,
2127286,c95268d3540fe0633862a762e9dcf2b3ce795fea134012f783c32db82b53467cfaac15c6b77b5835013d0e6139120f66cba4965fbc08ea935e5f5177ebfbbe57,08/12/2025 04:15:00 PM,1,DRIVER,,2027931,,NISSAN,ALTIMA,IL,2002,BRAKES,PASSENGER,PERSONAL,N,STRAIGHT AHEAD,,,1,,,,,Y,,,,,,,,,,Y,Y,,FRONT,,,,,,,,,,,,,,,,,,,,,,,,,,,,,,,,,
2127287,c95268d3540fe0633862a762e9dcf2b3ce795fea134012f783c32db82b53467cfaac15c6b77b5835013d0e6139120f66cba4965fbc08ea935e5f5177ebfbbe57,08/12/2025 04:15:00 PM,2,DRIVER,,2027939,,MITSUBISHI,OUTLANDER,IL,2022,NONE,PASSENGER,PERSONAL,N,SLOW/STOP IN TRAFFIC,,,1,,,,,,,,,Y,Y,Y,Y,Y,Y,Y,,,REAR,,,,,,,,,,,,,,,,,,,,,,,,,,,,,,,,,
2127288,c95268d3540fe0633862a762e9dcf2b3ce795fea134012f783c32db82b53467cfaac15c6b77b5835013d0e6139120f66cba4965fbc08ea935e5f5177ebfbbe57,08/12/2025 04:15:00 PM,3,DRIVER,,2027941,,UNKNOWN,OTHER (EXPLAIN IN NARRATIVE),,,UNKNOWN,UNKNOWN/NA,UNKNOWN/NA,N,STRAIGHT AHEAD,,,1,,,,,Y,Y,Y,,,,,,,,,,,SIDE-LEFT,,,,,,,,,,,,,,,,,,,,,,,,,,,,,,,,,
2127102,f38a1426339287d2495e055833265c4fd2f1e429284c3572927803aa3a5a577223cb2bd150bf2c32aa8f537529e5b48684508047c0dfd161649a95b1f3862a5a,08/12/2025 04:15:00 PM,1,DRIVER,,2027753,,CHEVROLET,IMPALA,IL,2012,NONE,PASSENGER,PERSONAL,N,STRAIGHT AHEAD,,,1,,,,,Y,,,,,,,,,,Y,Y,,FRONT,,,,,,,,,,,,,,,,,,,,,,,,,,,,,,,,,
2127103,f38a1426339287d2495e055833265c4fd2f1e429284c3572927803aa3a5a577223cb2bd150bf2c32aa8f537529e5b48684508047c0dfd161649a95b1f3862a5a,08/12/2025 04:15:00 PM,2,DRIVER,,2027758,,MERCEDES-BENZ,GELAENDEWAGEN (G-WAGEN),IL,2012,NONE,PASSENGER,PERSONAL,N,ENTERING TRAFFIC LANE FROM PARKING,,,1,,,,,,,,,,,Y,Y,Y,Y,Y,,,SIDE-LEFT,,,,,,,,,,,,,,,,,,,,,,,,,,,,,,,,,
2127144,68c0efea500f6cdf82cec8d09e32ff6884ef5e130f9d52b8f75cc7546daddf9e4a2c91d353b07559443e7fee4c1daeedaed023ea2e3f7d4fabc51b5db2d580b8,08/12/2025 04:10:00 PM,1,DRIVER,,2027821,,FORD,OTHER (EXPLAIN IN NARRATIVE),,,NONE,SPORT UTILITY VEHICLE (SUV),PERSONAL,N,BACKING,,,1,,,,,,,,,,,,,,,,,Y,REAR,,,,,,,,,,,,,,,,,,,,,,,,,,,,,,,,,
2127145,68c0efea500f6cdf82cec8d09e32ff6884ef5e130f9d52b8f75cc7546daddf9e4a2c91d353b07559443e7fee4c1daeedaed023ea2e3f7d4fabc51b5db2d580b8,08/12/2025 04:10:00 PM,2,PARKED,1,2027828,,HONDA,CIVIC,IL,2025,NONE,PASSENGER,PERSONAL,S,PARKED,,,1,,,,,,,,,,,,,,,,Y,,FRONT,,,,,,,,,,,,,,,,,,,,,,,,,,,,,,,,,
2127118,8e712609524f912338df85a77ad1cda95f5c27afbcaaaf7b5de23aa038db5f942dd3638cf48f85a5780c080d504a2f1afb960e009038be6f0df895ac9c5841f7,08/12/2025 04:02:00 PM,1,DRIVER,,2027766,N,NOVA BUS,OTHER (EXPLAIN IN NARRATIVE),IL,2024,UNKNOWN,OTHER,OTHER,S,STRAIGHT AHEAD,,,1,,,,,,,,,,,,,,Y,Y,,,SIDE-LEFT-FRONT,,,,,,,,,,,,,,,,,,,,,,,,,,,,,,,,,
2127119,8e712609524f912338df85a77ad1cda95f5c27afbcaaaf7b5de23aa038db5f942dd3638cf48f85a5780c080d504a2f1afb960e009038be6f0df895ac9c5841f7,08/12/2025 04:02:00 PM,2,PEDESTRIAN,,,,,,,,,,,,,,,,,,,,,,,,,,,,,,,,,,,,,,,,,,,,,,,,,,,,,,,,,,,,,,,,,,
2127108,f945e165570d2a1b0e412a7223010f76596a6fba639d3f378807308eff8c5c20d0a7f8e541fd4743e6652d30cbcf780d2c4f3dfc846c4014eadfee81a899edae,08/12/2025 03:50:00 PM,1,DRIVER,,2027754,,FORD,FUSION,IL,2019,UNKNOWN,PASSENGER,PERSONAL,W,SKIDDING/CONTROL LOSS,,,1,,,,,,,,,,,,,,,,Y,,FRONT,,,,,,,,,,,,,,,,,,,,,,,,,,,,,,,,,
2127109,f945e165570d2a1b0e412a7223010f76596a6fba639d3f378807308eff8c5c20d0a7f8e541fd4743e6652d30cbcf780d2c4f3dfc846c4014eadfee81a899edae,08/12/2025 03:50:00 PM,2,DRIVER,,2027757,,NISSAN,PATHFINDER,IL,2023,UNKNOWN,SPORT UTILITY VEHICLE (SUV),OTHER,W,SLOW/STOP IN TRAFFIC,,,1,,,,,,,,,,Y,,,,,,,,REAR,,,,,,,,,,,,,,,,,,,,,,,,,,,,,,,,,
2127104,c40b665d73e351c70632aebae64c399b7974360b7cf597460800aa05916b546a7c3ebb4798f75cf47047986deb00b5ac82509d227b2507729024bd2f5af80484,08/12/2025 03:45:00 PM,1,DRIVER,,2027775,,HONDA,CR-V,IL,2004,UNKNOWN,SPORT UTILITY VEHICLE (SUV),PERSONAL,E,STRAIGHT AHEAD,,,1,,,,,Y,,,,,,,,,,Y,Y,,FRONT,,,,,,,,,,,,,,,,,,,,,,,,,,,,,,,,,
2127105,c40b665d73e351c70632aebae64c399b7974360b7cf597460800aa05916b546a7c3ebb4798f75cf47047986deb00b5ac82509d227b2507729024bd2f5af80484,08/12/2025 03:45:00 PM,2,DRIVER,,2027806,,HONDA,HR-V,IL,2019,UNKNOWN,SPORT UTILITY VEHICLE (SUV),PERSONAL,N,STRAIGHT AHEAD,,,1,,,,,,,Y,Y,,,,,,,,,,SIDE-RIGHT,,,,,,,,,,,,,,,,,,,,,,,,,,,,,,,,,
2127126,69c1d6baefa5e4a0df800e98b3756130ef2564bd990c6e964f3f11df1168f5c18909fdcc1e1507ccd8ad80512f839d156702a169809008586a06e4175d70d049,08/12/2025 03:41:00 PM,1,DRIVER,1,2027776,,CHEVROLET,CRUZE,IL,2015,NONE,PASSENGER,PERSONAL,NE,STRAIGHT AHEAD,,,2,,,,,,,,,,N,,,,,,Y,,FRONT,,,,,,,,,,,,,,,,,,,,,,,,,,,,,,,,,
2127127,69c1d6baefa5e4a0df800e98b3756130ef2564bd990c6e964f3f11df1168f5c18909fdcc1e1507ccd8ad80512f839d156702a169809008586a06e4175d70d049,08/12/2025 03:41:00 PM,2,DRIVER,,2027786,,MAZDA,MAZDA6,IN,2021,NONE,PASSENGER,PERSONAL,NE,STRAIGHT AHEAD,,,1,,,,,,,,,Y,,,,,,,,,REAR,,,,,,,,,,,,,,,,,,,,,,,,,,,,,,,,,
2127259,e333bdbaf27c1aa96269af496ecb94c54351b1b962d5d45845fb3817196b5b7de088b520decb22c455048826851a9fef95e6098183e83a6d41ef12bb84837a69,08/12/2025 03:38:00 PM,1,DRIVER,1,2027928,,CHEVROLET,MALIBU,IL,2023,UNKNOWN,PASSENGER,PERSONAL,E,U-TURN,,,2,,,,Y,,,,,,,,,,,,Y,,FRONT,,,,,,,,,,,,,,,,,,,,,,,,,,,,,,,,,
2127260,e333bdbaf27c1aa96269af496ecb94c54351b1b962d5d45845fb3817196b5b7de088b520decb22c455048826851a9fef95e6098183e83a6d41ef12bb84837a69,08/12/2025 03:38:00 PM,2,DRIVERLESS,,2027943,,BUICK,LACROSSE,IN,2017,UNKNOWN,PASSENGER,PERSONAL,E,PARKED,,,0,,,,,,,,,,,Y,,,,,,,REAR-LEFT-CORNER,,,,,,,,,,,,,,,,,,,,,,,,,,,,,,,,,
2127463,edb959caa35162c4b55d1b7711e98905352633aee4889148ffe630cb24e553477c4d0ea62437b3122bb5ddb76471a34c937a7ecd4624049051eab6232f94d3fc,08/12/2025 03:38:00 PM,1,DRIVER,,2028099,,FORD,EXPLORER,IL,2008,UNKNOWN,PASSENGER,PERSONAL,W,STRAIGHT AHEAD,Y,,1,,,,,,,,,,,,,,,,Y,,FRONT,,,,,,,,,,,,,,,,,,,,,,,,,,,,,,,,,