CRASH_UNIT_ID,CRASH_RECORD_ID,CRASH_DATE,UNIT_NO,UNIT_TYPE,NUM_PASSENGERS,VEHICLE_ID,CMRC_VEH_I,MAKE,MODEL,LIC_PLATE_STATE,VEHICLE_YEAR,VEHICLE_DEFECT,VEHICLE_TYPE,VEHICLE_USE,TRAVEL_DIRECTION,MANEUVER,TOWED_I,FIRE_I,OCCUPANT_CNT,EXCEED_SPEED_LIMIT_I,TOWED_BY,TOWED_TO,AREA_00_I,AREA_01_I,AREA_02_I,AREA_03_I,AREA_04_I,AREA_05_I,AREA_06_I,AREA_07_I,AREA_08_I,AREA_09_I,AREA_10_I,AREA_11_I,AREA_12_I,AREA_99_I,FIRST_CONTACT_POINT,CMV_ID,USDOT_NO,CCMC_NO,ILCC_NO,COMMERCIAL_SRC,GVWR,CARRIER_NAME,CARRIER_STATE,CARRIER_CITY,HAZMAT_PLACARDS_I,HAZMAT_NAME,UN_NO,HAZMAT_PRESENT_I,HAZMAT_REPORT_I,HAZMAT_REPORT_NO,MCS_REPORT_I,MCS_REPORT_NO,HAZMAT_VIO_CAUSE_CRASH_I,MCS_VIO_CAUSE_CRASH_I,IDOT_PERMIT_NO,WIDE_LOAD_I,TRAILER1_WIDTH,TRAILER2_WIDTH,TRAILER1_LENGTH,TRAILER2_LENGTH,TOTAL_VEHICLE_LENGTH,AXLE_CNT,VEHICLE_CONFIG,CARGO_BODY_TYPE,LOAD_TYPE,HAZMAT_OUT_OF_SERVICE_I,MCS_OUT_OF_SERVICE_I,HAZMAT_CLASS
2127464,edb959caa35162c4b55d1b7711e98905352633aee4889148ffe630cb24e553477c4d0ea62437b3122bb5ddb76471a34c937a7ecd4624049051eab6232f94d3fc,08/12/2025 03:38:00 PM,2,DRIVER,,2028100,,CHEVROLET,TRAX,MN,,UNKNOWN,PASSENGER,UNKNOWN/NA,W,STRAIGHT AHEAD,,,1,,,,,,,,,Y,Y,Y,,,,,,,REAR,,,,,,,,,,,,,,,,,,,,,,,,,,,,,,,,,
2127084,030a62a0c90c6915b50d772e8637e4b2e37437da827ea42c9c4f538de8131b20062b415a0576d8f25cfd8e0b676bfd48d0937292f2bfeb555d9e1c9d11abf08a,08/12/2025 03:30:00 PM,1,DRIVER,,2027737,,UNKNOWN,OTHER (EXPLAIN IN NARRATIVE),MN,,UNKNOWN,UNKNOWN/NA,UNKNOWN/NA,S,STRAIGHT AHEAD,,,1,,,,,,,,,,,,,,,,,Y,UNKNOWN,,,,,,,,,,,,,,,,,,,,,,,,,,,,,,,,,
2127085,030a62a0c90c6915b50d772e8637e4b2e37437da827ea42c9c4f538de8131b20062b415a0576d8f25cfd8e0b676bfd48d0937292f2bfeb555d9e1c9d11abf08a,08/12/2025 03:30:00 PM,2,DRIVER,,2027752,,DODGE,DART,IN,2015,UNKNOWN,PASSENGER,PERSONAL,S,STRAIGHT AHEAD,,,1,,,,,Y,Y,Y,Y,,,,,,,,,,SIDE-RIGHT,,,,,,,,,,,,,,,,,,,,,,,,,,,,,,,,,
2127226,2007d0003aef3668db8e5bb229aa295b69623434fb0eb554aa127bcd5769d3a543e9ba2b5f0d3c9cfbd45bd3ba610d181c6a52437518552fd951aab2485efd2c,08/12/2025 03:30:00 PM,1,DRIVER,,2027866,,UNKNOWN,MOTORIZED,IL,,UNKNOWN,UNKNOWN/NA,UNKNOWN/NA,S,STRAIGHT AHEAD,,,1,,,,,N,,,,,,,,,,,,Y,UNKNOWN,,,,,,,,,,,,,,,,,,,,,,,,,,,,,,,,,
2127227,2007d0003aef3668db8e5bb229aa295b69623434fb0eb554aa127bcd5769d3a543e9ba2b5f0d3c9cfbd45bd3ba610d181c6a52437518552fd951aab2485efd2c,08/12/2025 03:30:00 PM,2,PARKED,,2027871,,KIA,SEDONA,IL,2004,NONE,PASSENGER,PERSONAL,S,PARKED,,,0,,,,,,,,,,,Y,Y,,,,,,REAR-LEFT-CORNER,,,,,,,,,,,,,,,,,,,,,,,,,,,,,,,,,
2127148,6970fceb4b471b330802a7aadb99397e6d7c43bbf6a9fab5132d33229808c200b569b900a73bbe390e26da6ab1de7c26a1b0408232cbab279594d0de970a6707,08/12/2025 03:30:00 PM,1,DRIVER,,2027795,,JEEP,CHEROKEE,IL,2017,UNKNOWN,SPORT UTILITY VEHICLE (SUV),PERSONAL,E,STRAIGHT AHEAD,,,1,,,,,,,,,,,,,,,,Y,,FRONT,,,,,,,,,,,,,,,,,,,,,,,,,,,,,,,,,
2127149,6970fceb4b471b330802a7aadb99397e6d7c43bbf6a9fab5132d33229808c200b569b900a73bbe390e26da6ab1de7c26a1b0408232cbab279594d0de970a6707,08/12/2025 03:30:00 PM,2,DRIVER,,2027799,,CHEVROLET,SUBURBAN,IL,2007,NONE,SPORT UTILITY VEHICLE (SUV),PERSONAL,E,SLOW/STOP IN TRAFFIC,,,1,,,,,,,,,,Y,,,,,,,,REAR,,,,,,,,,,,,,,,,,,,,,,,,,,,,,,,,,
2127514,98055b358392e62bea0e7b23e472c569c04b51cd424605c4a4f5dd3235be76be20d8d53f879df0027f67fd7597b574835b9469a13e291185d8a5ef7bb26f5497,08/12/2025 03:30:00 PM,1,DRIVER,2,2028168,,JEEP,COMPASS,IL,2012,NONE,SPORT UTILITY VEHICLE (SUV),PERSONAL,SW,TURNING LEFT,,,3,,,,,,,,,,,,,,,,Y,,FRONT,,,,,,,,,,,,,,,,,,,,,,,,,,,,,,,,,
2127515,98055b358392e62bea0e7b23e472c569c04b51cd424605c4a4f5dd3235be76be20d8d53f879df0027f67fd7597b574835b9469a13e291185d8a5ef7bb26f5497,08/12/2025 03:30:00 PM,2,DRIVER,,2028162,,HONDA,HR-V,IL,2019,NONE,SPORT UTILITY VEHICLE (SUV),PERSONAL,SW,TURNING LEFT,,,1,,,,,,,,,,Y,Y,,,,,,,REAR-LEFT-CORNER,,,,,,,,,,,,,,,,,,,,,,,,,,,,,,,,,
2128002,aee8f3803d80312f6b80f62083c874f550394646af446c92930bbbc1d991d501282b38c0a3319e85c41dc447469f95aa0842c8309f3297176109b8a50d7ef6fa,08/12/2025 03:30:00 PM,1,DRIVER,,2028626,,UNKNOWN,OTHER (EXPLAIN IN NARRATIVE),IL,,NONE,PASSENGER,UNKNOWN/NA,UNKNOWN,STRAIGHT AHEAD,,,1,,,,,,,,,,,,,,,,,Y,UNKNOWN,,,,,,,,,,,,,,,,,,,,,,,,,,,,,,,,,
2128003,aee8f3803d80312f6b80f62083c874f550394646af446c92930bbbc1d991d501282b38c0a3319e85c41dc447469f95aa0842c8309f3297176109b8a50d7ef6fa,08/12/2025 03:30:00 PM,2,DRIVER,,2028609,,CHEVROLET,TRAVERSE,IL,2015,NONE,PASSENGER,PERSONAL,S,STRAIGHT AHEAD,,,1,,,,,Y,Y,Y,Y,Y,Y,,,,,,,,REAR,,,,,,,,,,,,,,,,,,,,,,,,,,,,,,,,,
2127154,bc466dd6b92081e3f488028eeac23d7818d252b0a8c7d6baea128d3e7e4239aef4f5809661461a149e15df56891045fe989e064b66025debb143bc8ca0857277,08/12/2025 03:30:00 PM,1,DRIVER,,2027804,,CHEVROLET,EQUINOX,WI,2012,UNKNOWN,SPORT UTILITY VEHICLE (SUV),PERSONAL,W,STRAIGHT AHEAD,,,1,,,,,,,,,,,,,,,,Y,,FRONT,,,,,,,,,,,,,,,,,,,,,,,,,,,,,,,,,
2127155,bc466dd6b92081e3f488028eeac23d7818d252b0a8c7d6baea128d3e7e4239aef4f5809661461a149e15df56891045fe989e064b66025debb143bc8ca0857277,08/12/2025 03:30:00 PM,2,DRIVER,1,2027808,,AUDI,Q7,IL,2022,NONE,SPORT UTILITY VEHICLE (SUV),PERSONAL,W,SLOW/STOP IN TRAFFIC,,,2,,,,,,,,,,Y,,,,,,,,REAR,,,,,,,,,,,,,,,,,,,,,,,,,,,,,,,,,
2127158,5c3576c0384630db1174b0d697a8c941007cc607434ede0057bf692c96f39949418170ca9048d682e24b4c2c64c3d0c02136486deec394eb399c8183a8ceeda9,08/12/2025 03:24:00 PM,1,DRIVER,,2027807,,TOYOTA,4RUNNER,IL,2000,NONE,PASSENGER,PERSONAL,S,STRAIGHT AHEAD,Y,,1,,private tow,private home,,Y,Y,,,,,,,,Y,Y,Y,,FRONT,,,,,,,,,,,,,,,,,,,,,,,,,,,,,,,,,
2127159,5c3576c0384630db1174b0d697a8c941007cc607434ede0057bf692c96f39949418170ca9048d682e24b4c2c64c3d0c02136486deec394eb399c8183a8ceeda9,08/12/2025 03:24:00 PM,2,DRIVER,,2027811,,NISSAN,ROGUE,IL,2021,NONE,PASSENGER,PERSONAL,E,STRAIGHT AHEAD,Y,,1,,private tow,private home,,,,,,,,,,Y,Y,Y,,,SIDE-LEFT,,,,,,,,,,,,,,,,,,,,,,,,,,,,,,,,,
2134371,fe461045beb7271ec71d1f0e53cc8f98b0573814f6ff845183a2a516dae799620031eeb0ac41234cb6abb2d468d944121237a3aa671c01fe551533a19d1546ec,08/12/2025 03:15:00 PM,1,DRIVER,,2034632,,HONDA,CIVIC,IL,2004,NONE,PASSENGER,PERSONAL,NW,TURNING LEFT,,,1,,,,,,,,,,,,,,,Y,Y,,FRONT-LEFT-CORNER,,,,,,,,,,,,,,,,,,,,,,,,,,,,,,,,,
2134372,fe461045beb7271ec71d1f0e53cc8f98b0573814f6ff845183a2a516dae799620031eeb0ac41234cb6abb2d468d944121237a3aa671c01fe551533a19d1546ec,08/12/2025 03:15:00 PM,2,DRIVER,,2034641,,VOLVO,XC60,IL,2016,NONE,PASSENGER,PERSONAL,NW,TURNING LEFT,,,1,,,,,,,,,,,Y,,,,,,,REAR-LEFT-CORNER,,,,,,,,,,,,,,,,,,,,,,,,,,,,,,,,,
2127065,5e4599a521a1f83b8e3ee57d0aa0e939bc7df627a06145ffbf92416561880428194bb25fcaa23d17251ab47c4fc50268e1fe17e1bfc2d47d14fcf3dadbb5ab9b,08/12/2025 03:00:00 PM,1,DRIVER,,2027717,,UNKNOWN,OTHER (EXPLAIN IN NARRATIVE),,,UNKNOWN,PASSENGER,UNKNOWN/NA,W,STRAIGHT AHEAD,,,1,,,,,,,,,,,,,,,,,Y,FRONT,,,,,,,,,,,,,,,,,,,,,,,,,,,,,,,,,
2127066,5e4599a521a1f83b8e3ee57d0aa0e939bc7df627a06145ffbf92416561880428194bb25fcaa23d17251ab47c4fc50268e1fe17e1bfc2d47d14fcf3dadbb5ab9b,08/12/2025 03:00:00 PM,2,DRIVER,1,2027720,,CHEVROLET,EQUINOX,IL,2024,UNKNOWN,SPORT UTILITY VEHICLE (SUV),PERSONAL,W,STRAIGHT AHEAD,,,2,,,,,,,,,,Y,Y,,,,,,,REAR,,,,,,,,,,,,,,,,,,,,,,,,,,,,,,,,,
2127697,a8ce7aaafb2f8f98fe6fe93556105af0e27b6f46a2b57e0b7930c9ea4c35fa1fbdb2036d2dedfc00bcedf15dc82344544b648589ab8c97bdeb321390f184ea18,08/12/2025 03:00:00 PM,1,DRIVER,,2028326,,FORD,ESCAPE,IL,2022,UNKNOWN,PASSENGER,UNKNOWN/NA,E,STRAIGHT AHEAD,,,1,,,,,,,,,,,,,,,,Y,,FRONT,,,,,,,,,,,,,,,,,,,,,,,,,,,,,,,,,
2127698,a8ce7aaafb2f8f98fe6fe93556105af0e27b6f46a2b57e0b7930c9ea4c35fa1fbdb2036d2dedfc00bcedf15dc82344544b648589ab8c97bdeb321390f184ea18,08/12/2025 03:00:00 PM,2,DRIVER,,2028328,,CHEVROLET,EQUINOX,IL,,NONE,PASSENGER,PERSONAL,E,SLOW/STOP IN TRAFFIC,,,1,,,,,,,,,,Y,,,,,,,,REAR,,,,,,,,,,,,,,,,,,,,,,,,,,,,,,,,,
2127051,7a26cab8d8a4c55b9ae978453398fb69c9c45ba3bc0ba5dbf174bb53968b32efeb85f92a2f249b15ed0232832535a045fea598134f7429618a21eac34cde0c74,08/12/2025 02:45:00 PM,1,DRIVER,,2027703,,SUBARU,IMPREZA,IL,2016,NONE,PASSENGER,PERSONAL,E,BACKING,,,1,,,,,,,,,,,,,,,,,Y,UNKNOWN,,,,,,,,,,,,,,,,,,,,,,,,,,,,,,,,,
2127052,7a26cab8d8a4c55b9ae978453398fb69c9c45ba3bc0ba5dbf174bb53968b32efeb85f92a2f249b15ed0232832535a045fea598134f7429618a21eac34cde0c74,08/12/2025 02:45:00 PM,2,PARKED,,2027705,,TOYOTA,TUNDRA,IL,2023,NONE,PASSENGER,PERSONAL,W,PARKED,,,0,,,,,Y,Y,Y,N,,,,,,,,,,FRONT-RIGHT-CORNER,,,,,,,,,,,,,,,,,,,,,,,,,,,,,,,,,
2127850,3c46c56e188c5f64fd76fefd1f991fe3e52b3d3e9c2634e21113baefb5e923e277ee1afffc3d0000748a281cd676c05391cb230c95d14b8dcabb552af3977a5f,08/12/2025 02:40:00 PM,1,DRIVER,,2028576,,CHRYSLER,PACIFICA,IL,2022,UNKNOWN,UNKNOWN/NA,PERSONAL,E,PASSING/OVERTAKING,,,1,,,,,,Y,,,,,,,,,,,,SIDE-RIGHT,,,,,,,,,,,,,,,,,,,,,,,,,,,,,,,,,
2127851,3c46c56e188c5f64fd76fefd1f991fe3e52b3d3e9c2634e21113baefb5e923e277ee1afffc3d0000748a281cd676c05391cb230c95d14b8dcabb552af3977a5f,08/12/2025 02:40:00 PM,2,DRIVER,,2028608,,GILL MANUFACTURING COMPANY,GILL MFG. CO.,IL,2018,NONE,BUS OVER 15 PASS.,OTHER,E,STRAIGHT AHEAD,,,1,,,,,,,,,,,,,,Y,,,,SIDE-LEFT,,,,,,,,,,,,,,,,,,,,,,,,,,,,,,,,,
2127086,218ba6bd80b1e8f55c77c0873008c3fbaa541e34c101761f7274f4654724eac9d794500e6bcb6f73362d19ed5571d6858b4810738299ddc2d88b71920ca35561,08/12/2025 02:38:00 PM,1,DRIVER,,2027734,,FORD,ESCAPE,WI,2013,UNKNOWN,PASSENGER,PERSONAL,W,STRAIGHT AHEAD,,,1,,,,,Y,,,,,,,,,,Y,Y,,FRONT,,,,,,,,,,,,,,,,,,,,,,,,,,,,,,,,,
2127087,218ba6bd80b1e8f55c77c0873008c3fbaa541e34c101761f7274f4654724eac9d794500e6bcb6f73362d19ed5571d6858b4810738299ddc2d88b71920ca35561,08/12/2025 02:38:00 PM,2,DRIVER,,2027739,,MERCEDES-BENZ,G-CLASS,IL,2017,UNKNOWN,SPORT UTILITY VEHICLE (SUV),PERSONAL,W,STRAIGHT AHEAD,,,1,,,,,,,,,,Y,,,,,,,,REAR,,,,,,,,,,,,,,,,,,,,,,,,,,,,,,,,,
2127071,bdab32ef6b550076f3779d88a2850d1ce3e49b828876dde4795e6ef2bb5eb9a30bec9bf73cb90dc3c7fab625a3af53e332218d302409113d945fae79ba2385f7,08/12/2025 02:37:00 PM,1,DRIVER,,2027727,,ISUZU,OTHER (EXPLAIN IN NARRATIVE),IL,2019,NONE,TRUCK - SINGLE UNIT,COMMERCIAL - SINGLE UNIT,E,STRAIGHT AHEAD,,,1,,,,,Y,Y,Y,,,,,,,,,,,SIDE-RIGHT,,,,,,,,,,,,,,,,,,,,,,,,,,,,,,,,,
2127098,1f4c0116751c9cab959f471c8182dacf48e7b06bc06a179ca66fc798895f39470cd8a37a371bcd5d890be9478637cc7c23eacb648760b0356a280482a79455fb,08/12/2025 02:36:00 PM,1,DRIVER,,2027743,,UNKNOWN,MOTORIZED,,,UNKNOWN,UNKNOWN/NA,UNKNOWN/NA,UNKNOWN,UNKNOWN/NA,,,1,,,,,,,,,,,,,,,,,Y,UNKNOWN,,,,,,,,,,,,,,,,,,,,,,,,,,,,,,,,,
2127099,1f4c0116751c9cab959f471c8182dacf48e7b06bc06a179ca66fc798895f39470cd8a37a371bcd5d890be9478637cc7c23eacb648760b0356a280482a79455fb,08/12/2025 02:36:00 PM,2,PARKED,,2027749,,GENERAL MOTORS CORPORATION (GMC),YUKON,IL,2009,UNKNOWN,SPORT UTILITY VEHICLE (SUV),PERSONAL,UNKNOWN,PARKED,N,,0,,,,,,,,,,,Y,Y,,,,,,REAR-LEFT-CORNER,,,,,,,,,,,,,,,,,,,,,,,,,,,,,,,,,
2127059,3f9b25dccda455420220600cc79faf5127ee36a4b7097b7738706dde082fd0fa1ea4ffae95dbdfbaf885b7c9759b7b5e424924973c6e093f14e505d46107fa5e,08/12/2025 02:34:00 PM,1,DRIVER,,2027712,,LAND ROVER,RANGE ROVER (EVOQUE / SPORT / VELAR),IL,2021,UNKNOWN,SPORT UTILITY VEHICLE (SUV),UNKNOWN/NA,N,ENTERING TRAFFIC LANE FROM PARKING,,,1,,,,,Y,,,,,,,,,,,,,SIDE-RIGHT,,,,,,,,,,,,,,,,,,,,,,,,,,,,,,,,,
2127060,3f9b25dccda455420220600cc79faf5127ee36a4b7097b7738706dde082fd0fa1ea4ffae95dbdfbaf885b7c9759b7b5e424924973c6e093f14e505d46107fa5e,08/12/2025 02:34:00 PM,2,DRIVER,,2027716,,SUBARU,FORESTER,IL,2014,UNKNOWN,SPORT UTILITY VEHICLE (SUV),UNKNOWN/NA,N,STRAIGHT AHEAD,,,1,,,,,,,,,,,,,Y,Y,,,,SIDE-LEFT,,,,,,,,,,,,,,,,,,,,,,,,,,,,,,,,,
2127255,124b708ad2c0a845306264abd55828ac14313a52284ceddf4a34143ce2d05d9239e577faa3d61c5793e87f6c2d41515f0d3a86006cf920844ad66d2a2fcd9069,08/12/2025 02:30:00 PM,1,DRIVER,,2027904,,DODGE,DURANGO,IL,1999,UNKNOWN,PASSENGER,PERSONAL,W,TURNING LEFT,Y,,1,,PERSONAL,,,Y,Y,,,,,,,,,,,,SIDE-RIGHT,,,,,,,,,,,,,,,,,,,,,,,,,,,,,,,,,
2127256,124b708ad2c0a845306264abd55828ac14313a52284ceddf4a34143ce2d05d9239e577faa3d61c5793e87f6c2d41515f0d3a86006cf920844ad66d2a2fcd9069,08/12/2025 02:30:00 PM,2,DRIVER,,2027916,,CHEVROLET,COLORADO,IL,2011,UNKNOWN,PASSENGER,UNKNOWN/NA,E,STRAIGHT AHEAD,Y,,1,,PERSONAL,,,Y,,,,,,,,,,Y,Y,,FRONT,,,,,,,,,,,,,,,,,,,,,,,,,,,,,,,,,
2127019,c066ba48e3ba3122f143eeafefe2f6673613d4659607f6cfef0b220b6f65d77f39a31e9c1c814280b985d52a72cc678419b887d066b9034e50a34ec43ba730c1,08/12/2025 02:25:00 PM,1,DRIVER,,2027679,,VOLKSWAGEN,ATLAS,IL,2024,NONE,PASSENGER,PERSONAL,S,ENTERING TRAFFIC LANE FROM PARKING,,,1,,,,,Y,,,,,,,,,,,,,FRONT-RIGHT-CORNER,,,,,,,,,,,,,,,,,,,,,,,,,,,,,,,,,
2127020,c066ba48e3ba3122f143eeafefe2f6673613d4659607f6cfef0b220b6f65d77f39a31e9c1c814280b985d52a72cc678419b887d066b9034e50a34ec43ba730c1,08/12/2025 02:25:00 PM,2,DRIVER,1,2027689,,FORD,EDGE,IL,2019,NONE,PASSENGER,PERSONAL,S,STRAIGHT AHEAD,,,2,,,,,,,,,,,,,,,Y,,,FRONT-LEFT-CORNER,,,,,,,,,,,,,,,,,,,,,,,,,,,,,,,,,
2138161,2c3ecb3dc34d200fa00ebbd313223513bc5fbb0d4eae545051a39dd3cd39f216fe1a1fd63faa5718ed4ea0dcf37fec12973f6c404b30797f6f45b75cdc46bae1,08/12/2025 02:24:00 PM,1,DRIVER,,2038242,,TOYOTA,PRIUS,IL,2017,UNKNOWN,PASSENGER,PERSONAL,W,STRAIGHT AHEAD,,,1,,,,,Y,,,,,,,,,,Y,Y,,FRONT,,,,,,,,,,,,,,,,,,,,,,,,,,,,,,,,,
2138162,2c3ecb3dc34d200fa00ebbd313223513bc5fbb0d4eae545051a39dd3cd39f216fe1a1fd63faa5718ed4ea0dcf37fec12973f6c404b30797f6f45b75cdc46bae1,08/12/2025 02:24:00 PM,2,DRIVER,1,2038243,,JEEP,CHEROKEE,IL,2014,NONE,PASSENGER,PERSONAL,N,TURNING LEFT,,,2,,,,,,Y,Y,,,,,,,,,,,SIDE-RIGHT,,,,,,,,,,,,,,,,,,,,,,,,,,,,,,,,,
2127441,399f156ab96f0b004ac033c4449ecdf22f26249a30a1b0d7ebddff1d242fa21436c8bcfa85d2d941f96ba2cac4df2291aab80ad09fdae2778ddc71319379fbe0,08/12/2025 02:20:00 PM,1,DRIVER,,2028092,,UNKNOWN,OTHER (EXPLAIN IN NARRATIVE),,,UNKNOWN,PASSENGER,UNKNOWN/NA,W,TURNING LEFT,,,1,,,,,,,,,,,,,,,,,Y,UNKNOWN,,,,,,,,,,,,,,,,,,,,,,,,,,,,,,,,,
2127442,399f156ab96f0b004ac033c4449ecdf22f26249a30a1b0d7ebddff1d242fa21436c8bcfa85d2d941f96ba2cac4df2291aab80ad09fdae2778ddc71319379fbe0,08/12/2025 02:20:00 PM,2,DRIVER,,2028093,,CHRYSLER,200,IL,2014,UNKNOWN,PASSENGER,PERSONAL,N,STRAIGHT AHEAD,,,1,,,,,Y,,,,,,,,,,,,,FRONT-RIGHT-CORNER,,,,,,,,,,,,,,,,,,,,,,,,,,,,,,,,,
2127078,bb339b65b9a344413b9a316bdce64d4781a62e1293c92bce4e915e9bb7b8f4d46044d7436c2493cb4c89657a1c6d227aac92395ed244063cf4057bbd5a384fc6,08/12/2025 02:20:00 PM,1,DRIVER,,2027731,,HONDA,ACCORD,IL,2017,NONE,PASSENGER,PERSONAL,N,STRAIGHT AHEAD,,,1,,,,,,,,,,,,,,,,Y,,FRONT,,,,,,,,,,,,,,,,,,,,,,,,,,,,,,,,,
2127079,bb339b65b9a344413b9a316bdce64d4781a62e1293c92bce4e915e9bb7b8f4d46044d7436c2493cb4c89657a1c6d227aac92395ed244063cf4057bbd5a384fc6,08/12/2025 02:20:00 PM,2,DRIVER,,2027736,,TOYOTA,COROLLA,IL,2009,NONE,PASSENGER,PERSONAL,W,STRAIGHT AHEAD,,,1,,,,,,,,,,,,Y,Y,Y,,,,SIDE-LEFT,,,,,,,,,,,,,,,,,,,,,,,,,,,,,,,,,
2127047,f6ecb96d44efbe70fdb9d4c6c2fce387f55223de4c25ae165a6255493143c70d340e781e267afa680a4596489058e944448c795c6ea34c575114f1c269f5813c,08/12/2025 02:20:00 PM,2,DRIVER,,2027700,,FORD,ESCAPE,IL,2024,UNKNOWN,SPORT UTILITY VEHICLE (SUV),PERSONAL,N,TURNING LEFT,,,1,,,,,Y,,,,,,,,,,,Y,,FRONT-RIGHT-CORNER,,,,,,,,,,,,,,,,,,,,,,,,,,,,,,,,,
2127048,f6ecb96d44efbe70fdb9d4c6c2fce387f55223de4c25ae165a6255493143c70d340e781e267afa680a4596489058e944448c795c6ea34c575114f1c269f5813c,08/12/2025 02:20:00 PM,1,DRIVER,,2027708,,CHEVROLET,MALIBU,WI,2016,UNKNOWN,PASSENGER,UNKNOWN/NA,S,STRAIGHT AHEAD,,,1,,,,,,,,,,,,,,,,Y,,FRONT,,,,,,,,,,,,,,,,,,,,,,,,,,,,,,,,,
2127092,ed9a1ad971cd1df45c618722850b3234b0f3ee0681fffb4dce869041e3accd74608464454c00c46d0413403306cabd433a17b336689bd26b556c80094d4f2e44,08/12/2025 02:17:00 PM,1,DRIVER,2,2027747,,NISSAN,VERSA,IL,2015,UNKNOWN,PASSENGER,PERSONAL,S,PASSING/OVERTAKING,,,3,,,,,Y,,,,,,,,,,Y,Y,,FRONT,,,,,,,,,,,,,,,,,,,,,,,,,,,,,,,,,
2127093,ed9a1ad971cd1df45c618722850b3234b0f3ee0681fffb4dce869041e3accd74608464454c00c46d0413403306cabd433a17b336689bd26b556c80094d4f2e44,08/12/2025 02:17:00 PM,2,DRIVER,1,2027764,,HONDA,CR-V,,2000,UNKNOWN,PASSENGER,PERSONAL,E,STRAIGHT AHEAD,,,2,,,,,Y,,,,,,,,,,Y,Y,,FRONT,,,,,,,,,,,,,,,,,,,,,,,,,,,,,,,,,
2127100,743a25f4cc926b9e83ddb5ad705de65602f1e2389c6e9e7ee10dbcae6ed1af9d5967313261ce27b888e339e3ef3b41f4b5ccb5399844247033af62596110d636,08/12/2025 02:15:00 PM,1,DRIVER,,2027756,,TOYOTA,CAMRY,IL,2002,UNKNOWN,PASSENGER,UNKNOWN/NA,E,STRAIGHT AHEAD,,,1,,,,,,,,Y,Y,,,,,,,,,REAR-RIGHT-CORNER,,,,,,,,,,,,,,,,,,,,,,,,,,,,,,,,,
2127101,743a25f4cc926b9e83ddb5ad705de65602f1e2389c6e9e7ee10dbcae6ed1af9d5967313261ce27b888e339e3ef3b41f4b5ccb5399844247033af62596110d636,08/12/2025 02:15:00 PM,2,DRIVER,,2027771,,TOYOTA,COROLLA,IL,2015,UNKNOWN,PASSENGER,PERSONAL,N,STRAIGHT AHEAD,,,1,,,,,Y,,,,,,,,,,Y,Y,,FRONT,,,,,,,,,,,,,,,,,,,,,,,,,,,,,,,,,
2127053,c207585a28a71a28a3e8318470a1bc15cbcab0dfd7b3f1fa25f44becd1af14846974a474cad56e4ec1daad0e62bdf94f86f583513482a59747934104f0a380f0,08/12/2025 02:12:00 PM,1,DRIVER,,2027715,,TOYOTA,COROLLA,IL,2015,NONE,PASSENGER,OTHER,SE,STRAIGHT AHEAD,Y,,1,,unknown,unknown,,,,,,,,,,,,,Y,,FRONT,,,,,,,,,,,,,,,,,,,,,,,,,,,,,,,,,
2127054,c207585a28a71a28a3e8318470a1bc15cbcab0dfd7b3f1fa25f44becd1af14846974a474cad56e4ec1daad0e62bdf94f86f583513482a59747934104f0a380f0,08/12/2025 02:12:00 PM,2,DRIVER,,2027722,,LEXUS,RX350,IL,2013,NONE,SPORT UTILITY VEHICLE (SUV),PERSONAL,SE,STRAIGHT AHEAD,,,1,,,,,,,,,,,,,,,,,,REAR,,,,,,,,,,,,,,,,,,,,,,,,,,,,,,,,,
2127049,7d6f05750ca97fcb539b94f265e7c972bc65479990fe457451d9fafff221b2f2d3d4f2dcf8a18c7965a3e23dd366a3af47540cc90c3825e1d0dd26b680dac18f,08/12/2025 02:10:00 PM,1,DRIVER,,2027714,,SUBARU,CROSSTREK,IL,2021,NONE,PASSENGER,PERSONAL,S,TURNING RIGHT,,,1,,,,,Y,,,,,,,,,,,,,FRONT-RIGHT-CORNER,,,,,,,,,,,,,,,,,,,,,,,,,,,,,,,,,
2127050,7d6f05750ca97fcb539b94f265e7c972bc65479990fe457451d9fafff221b2f2d3d4f2dcf8a18c7965a3e23dd366a3af47540cc90c3825e1d0dd26b680dac18f,08/12/2025 02:10:00 PM,2,DRIVER,,2027709,,CHEVROLET,TRAX,IL,2017,NONE,PASSENGER,PERSONAL,E,TURNING RIGHT,,,1,,,,,,,,,,,,,,,Y,,,FRONT-LEFT-CORNER,,,,,,,,,,,,,,,,,,,,,,,,,,,,,,,,,
2127033,6c9fd13c5c7c74e4a28608e0d0626c8b32b7212a1192b9274726c842c73c5f9ba45d98496402b65f7615a1acd7b95bfa4b6189ac53c4f1ead226abd9d7a2e131,08/12/2025 02:04:00 PM,1,PARKED,,2027696,,SUBARU,CROSSTREK,IL,2023,NONE,PASSENGER,PERSONAL,S,PARKED,,,0,,,,,,,,,,,,,Y,Y,,,,SIDE-LEFT,,,,,,,,,,,,,,,,,,,,,,,,,,,,,,,,,