CRASH_UNIT_ID,CRASH_RECORD_ID,CRASH_DATE,UNIT_NO,UNIT_TYPE,NUM_PASSENGERS,VEHICLE_ID,CMRC_VEH_I,MAKE,MODEL,LIC_PLATE_STATE,VEHICLE_YEAR,VEHICLE_DEFECT,VEHICLE_TYPE,VEHICLE_USE,TRAVEL_DIRECTION,MANEUVER,TOWED_I,FIRE_I,OCCUPANT_CNT,EXCEED_SPEED_LIMIT_I,TOWED_BY,TOWED_TO,AREA_00_I,AREA_01_I,AREA_02_I,AREA_03_I,AREA_04_I,AREA_05_I,AREA_06_I,AREA_07_I,AREA_08_I,AREA_09_I,AREA_10_I,AREA_11_I,AREA_12_I,AREA_99_I,FIRST_CONTACT_POINT,CMV_ID,USDOT_NO,CCMC_NO,ILCC_NO,COMMERCIAL_SRC,GVWR,CARRIER_NAME,CARRIER_STATE,CARRIER_CITY,HAZMAT_PLACARDS_I,HAZMAT_NAME,UN_NO,HAZMAT_PRESENT_I,HAZMAT_REPORT_I,HAZMAT_REPORT_NO,MCS_REPORT_I,MCS_REPORT_NO,HAZMAT_VIO_CAUSE_CRASH_I,MCS_VIO_CAUSE_CRASH_I,IDOT_PERMIT_NO,WIDE_LOAD_I,TRAILER1_WIDTH,TRAILER2_WIDTH,TRAILER1_LENGTH,TRAILER2_LENGTH,TOTAL_VEHICLE_LENGTH,AXLE_CNT,VEHICLE_CONFIG,CARGO_BODY_TYPE,LOAD_TYPE,HAZMAT_OUT_OF_SERVICE_I,MCS_OUT_OF_SERVICE_I,HAZMAT_CLASS
2127034,6c9fd13c5c7c74e4a28608e0d0626c8b32b7212a1192b9274726c842c73c5f9ba45d98496402b65f7615a1acd7b95bfa4b6189ac53c4f1ead226abd9d7a2e131,08/12/2025 02:04:00 PM,2,BICYCLE,,,,,,,,,,,,,,,,,,,,,,,,,,,,,,,,,,,,,,,,,,,,,,,,,,,,,,,,,,,,,,,,,,
2131087,95d12f8c763e4b4303e30e71e120c4ceb4f81aa1de6c8914a434a0fd21a44e59f61038a25a695857973f56461a381eafbef2f264ca1e5fa483af53533d2462b0,08/12/2025 02:00:00 PM,1,DRIVER,,2031512,,NISSAN,VERSA,IL,2024,NONE,PASSENGER,PERSONAL,S,STRAIGHT AHEAD,,,1,,,,,Y,,,,,,,,,,,,,FRONT-RIGHT-CORNER,,,,,,,,,,,,,,,,,,,,,,,,,,,,,,,,,
2131088,95d12f8c763e4b4303e30e71e120c4ceb4f81aa1de6c8914a434a0fd21a44e59f61038a25a695857973f56461a381eafbef2f264ca1e5fa483af53533d2462b0,08/12/2025 02:00:00 PM,2,PARKED,,2031513,,AUDI,Q5,IL,2014,NONE,PASSENGER,NOT IN USE,W,PARKED,,,0,,,,,,,,,Y,,,,,,,,,REAR-RIGHT-CORNER,,,,,,,,,,,,,,,,,,,,,,,,,,,,,,,,,
2137370,f78f07fcaa72245292429f152b3dac46e2d9f20a0c3a4adf1b5bb57a1350d8d5dca327e5884d456058a95b93ddbed19bd5b38d0daa8553994fe8290123055198,08/12/2025 02:00:00 PM,1,DRIVER,,2037527,,UNKNOWN,OTHER (EXPLAIN IN NARRATIVE),,,UNKNOWN,UNKNOWN/NA,UNKNOWN/NA,UNKNOWN,UNKNOWN/NA,,,1,,,,,,,,,,,,,,,,,Y,UNKNOWN,,,,,,,,,,,,,,,,,,,,,,,,,,,,,,,,,
2137371,f78f07fcaa72245292429f152b3dac46e2d9f20a0c3a4adf1b5bb57a1350d8d5dca327e5884d456058a95b93ddbed19bd5b38d0daa8553994fe8290123055198,08/12/2025 02:00:00 PM,2,PARKED,,2037531,,FORD,ESCAPE,IL,2024,UNKNOWN,PASSENGER,NOT IN USE,E,PARKED,,,0,,,,,,,,,,,,,,Y,,,,SIDE-LEFT,,,,,,,,,,,,,,,,,,,,,,,,,,,,,,,,,
2127057,4499a8acda4f54ad49411e672ec1af4c0a64e2f7a2d5a742e39fd8eda6d7b5250e88a032c8c4ff816fd658ba5d6621dba585f76b41483027a5d42fb3382d3588,08/12/2025 01:51:00 PM,1,DRIVER,,2027719,,HONDA,CIVIC,IL,2001,NONE,PASSENGER,PERSONAL,W,BACKING,,,1,,,,,,,,,,Y,Y,Y,,,,,,REAR,,,,,,,,,,,,,,,,,,,,,,,,,,,,,,,,,
2127058,4499a8acda4f54ad49411e672ec1af4c0a64e2f7a2d5a742e39fd8eda6d7b5250e88a032c8c4ff816fd658ba5d6621dba585f76b41483027a5d42fb3382d3588,08/12/2025 01:51:00 PM,2,PARKED,,2027724,,TOYOTA,CAMRY,IL,2012,NONE,PASSENGER,NOT IN USE,S,PARKED,,,0,,,,,,,,,Y,,,,,,,,,REAR-RIGHT-CORNER,,,,,,,,,,,,,,,,,,,,,,,,,,,,,,,,,
2127041,651145cdb0bccc4a28944743b74e8a8551f70e6b2567d634b177f7f4317b096b169efbcaa8ef9b6e66d6a283e70411012fa45b1df815ae2b5d72209673521224,08/12/2025 01:50:00 PM,1,DRIVER,,2027713,,LEXUS,RX350,IL,2018,UNKNOWN,SPORT UTILITY VEHICLE (SUV),PERSONAL,S,STRAIGHT AHEAD,,,1,,,,Y,,,,,,,,,,,,,,FRONT,,,,,,,,,,,,,,,,,,,,,,,,,,,,,,,,,
2127042,651145cdb0bccc4a28944743b74e8a8551f70e6b2567d634b177f7f4317b096b169efbcaa8ef9b6e66d6a283e70411012fa45b1df815ae2b5d72209673521224,08/12/2025 01:50:00 PM,2,DRIVER,2,2027706,,KIA,OPTIMA / K5,IL,2025,NONE,PASSENGER,PERSONAL,S,SLOW/STOP IN TRAFFIC,,,3,,,,,,,,,,N,Y,,,,,,,REAR-LEFT-CORNER,,,,,,,,,,,,,,,,,,,,,,,,,,,,,,,,,
2127894,58c561d2d939dddfe8f3cd21a48ed90c80a570e7c02331ea3aa4c014ff5f7fe4745119eaa653380d71fea12bd971bf31b19277c4b3a655ed4d09e3d47893c7c8,08/12/2025 01:41:00 PM,1,DRIVER,,2028511,,INFINITI,Q50,IL,2007,NONE,PASSENGER,PERSONAL,S,BACKING,,,1,,,,,,,,,,Y,Y,,,,,,,REAR,,,,,,,,,,,,,,,,,,,,,,,,,,,,,,,,,
2127895,58c561d2d939dddfe8f3cd21a48ed90c80a570e7c02331ea3aa4c014ff5f7fe4745119eaa653380d71fea12bd971bf31b19277c4b3a655ed4d09e3d47893c7c8,08/12/2025 01:41:00 PM,2,DRIVER,,2028514,,BMW,3 SERIES,IL,2015,NONE,PASSENGER,PERSONAL,S,BACKING,,,1,,,,,,,,,Y,Y,,,,,,,,REAR,,,,,,,,,,,,,,,,,,,,,,,,,,,,,,,,,
2128465,114e67f0d158583668dc1e74b18fea37d9c11e91e5aa36038190e8b66e6d621854e5b394ad55090bab5a36936b1b2d773880e5b3ff5d48b11c270469399c15b2,08/12/2025 01:40:00 PM,1,DRIVER,,2029045,,UNKNOWN,MOTORIZED,,,UNKNOWN,PASSENGER,PERSONAL,S,TURNING RIGHT,,,1,,,,,N,,,,,,,,,,,,Y,FRONT-RIGHT-CORNER,,,,,,,,,,,,,,,,,,,,,,,,,,,,,,,,,
2128466,114e67f0d158583668dc1e74b18fea37d9c11e91e5aa36038190e8b66e6d621854e5b394ad55090bab5a36936b1b2d773880e5b3ff5d48b11c270469399c15b2,08/12/2025 01:40:00 PM,2,BICYCLE,,,,,,,,,,,,,,,,,,,,,,,,,,,,,,,,,,,,,,,,,,,,,,,,,,,,,,,,,,,,,,,,,,
2127004,05ea8eeade1935c6fc3540bc403312c777a31b68f4df9ea2933402c00491a56646ee36bd43b474379c567607fdf6c7d624273acfbbc08d94dd3c898a3799c620,08/12/2025 01:37:00 PM,1,DRIVER,,2027661,,VOLVO,TRUCK,IL,2013,NONE,TRACTOR W/O SEMI-TRAILER,OTHER,S,STRAIGHT AHEAD,,,1,,,,,Y,Y,,,,,,,,,,,,FRONT-RIGHT-CORNER,,,,,,,,,,,,,,,,,,,,,,,,,,,,,,,,,
2127005,05ea8eeade1935c6fc3540bc403312c777a31b68f4df9ea2933402c00491a56646ee36bd43b474379c567607fdf6c7d624273acfbbc08d94dd3c898a3799c620,08/12/2025 01:37:00 PM,2,DRIVER,,2027668,,TOYOTA,COROLLA,IL,2022,NONE,PASSENGER,PERSONAL,S,STRAIGHT AHEAD,,,1,,,,,,,,,,,Y,Y,Y,Y,Y,,,SIDE-LEFT,,,,,,,,,,,,,,,,,,,,,,,,,,,,,,,,,
2127110,bf6e5256eb9745bea9c8811a440b6666a1ec83fccfb20f762f18c0014af5ce5e598d605e866603bae841a8bb221b20bf50e9e4fd6ba7b3b08d4e2c915cc3f7c9,08/12/2025 01:36:00 PM,1,DRIVER,,2027759,,MERCEDES-BENZ,SPRINTER,IL,2017,UNKNOWN,TRUCK - SINGLE UNIT,OTHER,W,TURNING RIGHT,,,1,,,,,,,,,Y,,,,,,,,,REAR-RIGHT-CORNER,,,,,,,,,,,,,,,,,,,,,,,,,,,,,,,,,
2127111,bf6e5256eb9745bea9c8811a440b6666a1ec83fccfb20f762f18c0014af5ce5e598d605e866603bae841a8bb221b20bf50e9e4fd6ba7b3b08d4e2c915cc3f7c9,08/12/2025 01:36:00 PM,2,PARKED,,2027760,,HONDA,CIVIC,IL,2012,UNKNOWN,PASSENGER,PERSONAL,UNKNOWN,PARKED,,,0,,,,,,,,,,,,,Y,Y,Y,,,SIDE-LEFT-FRONT,,,,,,,,,,,,,,,,,,,,,,,,,,,,,,,,,
2127061,cb709a586a82d9e80b3c31bb420c7889c0bb6cdb5759914c4997171aec1ace1caee6801e6b77b89ec84a412aa30d42c69402dcddb2748870d7435312c486c9c5,08/12/2025 01:35:00 PM,1,DRIVER,,2027718,,FORD,TRANSIT,,,UNKNOWN,VAN/MINI-VAN,OTHER,N,ENTERING TRAFFIC LANE FROM PARKING,,,1,,,,,,,,,,,,,,Y,Y,Y,,FRONT-LEFT-CORNER,,,,,,,,,,,,,,,,,,,,,,,,,,,,,,,,,
2127062,cb709a586a82d9e80b3c31bb420c7889c0bb6cdb5759914c4997171aec1ace1caee6801e6b77b89ec84a412aa30d42c69402dcddb2748870d7435312c486c9c5,08/12/2025 01:35:00 PM,2,DRIVER,,2027721,,TOYOTA,RAV4,IL,2013,UNKNOWN,SPORT UTILITY VEHICLE (SUV),UNKNOWN/NA,N,STRAIGHT AHEAD,,,1,,,,,Y,Y,Y,Y,Y,,,,,,,,,SIDE-RIGHT,,,,,,,,,,,,,,,,,,,,,,,,,,,,,,,,,
2128703,037e2e064f3be9f26dd18c7619713248495be84af7377102a9296f7b12ee9cc991c53cec925428e4420bcfce65646290c7ecbaee218878b876a9cdecfd5339a5,08/12/2025 01:33:00 PM,1,DRIVER,,2029281,,SCION,XD,IL,2006,UNKNOWN,PASSENGER,PERSONAL,W,TURNING LEFT,,,1,,,,,Y,Y,,,,,,,,,,,,FRONT-RIGHT-CORNER,,,,,,,,,,,,,,,,,,,,,,,,,,,,,,,,,
2128704,037e2e064f3be9f26dd18c7619713248495be84af7377102a9296f7b12ee9cc991c53cec925428e4420bcfce65646290c7ecbaee218878b876a9cdecfd5339a5,08/12/2025 01:33:00 PM,2,DRIVER,,2029285,,BMW,OTHER (EXPLAIN IN NARRATIVE),IL,2021,UNKNOWN,PASSENGER,PERSONAL,N,STRAIGHT AHEAD,,,1,,,,,Y,Y,Y,Y,,,,,,,,,,SIDE-RIGHT,,,,,,,,,,,,,,,,,,,,,,,,,,,,,,,,,
2127000,4f6eaf1d0ecb9af9f26536b7079b40f5b4694dff1a3042dac11119bc488c064f949d7c4e8c086d0d4ccacd83d054d06fc48e2ee103d66da8def5851e43f849ae,08/12/2025 01:30:00 PM,1,DRIVER,1,2027655,,NISSAN,ALTIMA,IL,2014,NONE,PASSENGER,PERSONAL,W,STRAIGHT AHEAD,,,2,,,,,,,,,,,,,,,,Y,,FRONT,,,,,,,,,,,,,,,,,,,,,,,,,,,,,,,,,
2127001,4f6eaf1d0ecb9af9f26536b7079b40f5b4694dff1a3042dac11119bc488c064f949d7c4e8c086d0d4ccacd83d054d06fc48e2ee103d66da8def5851e43f849ae,08/12/2025 01:30:00 PM,2,DRIVER,,2027673,,KIA,OTHER (EXPLAIN IN NARRATIVE),IL,2025,NONE,PASSENGER,PERSONAL,W,SLOW/STOP IN TRAFFIC,,,1,,,,,,,,,,Y,,,,,,,,REAR,,,,,,,,,,,,,,,,,,,,,,,,,,,,,,,,,
2127002,71087816727cff07b83b27f11e563b9df2c30a5d4e5a3a5fa52560c6a23ccaf860bba830b0d7b552626a91d03b5ebb3643829694cfad5c89a8b0f33186f87281,08/12/2025 01:30:00 PM,1,DRIVER,,2027659,,LINCOLN,NAVIGATOR,IL,2024,UNKNOWN,SPORT UTILITY VEHICLE (SUV),TAXI/FOR HIRE,UNKNOWN,CHANGING LANES,,,1,,,,,Y,Y,Y,,,,,,,,,,,FRONT-RIGHT-CORNER,,,,,,,,,,,,,,,,,,,,,,,,,,,,,,,,,
2127003,71087816727cff07b83b27f11e563b9df2c30a5d4e5a3a5fa52560c6a23ccaf860bba830b0d7b552626a91d03b5ebb3643829694cfad5c89a8b0f33186f87281,08/12/2025 01:30:00 PM,2,DRIVER,,2027667,,MAZDA,TRIBUTE,IL,2009,UNKNOWN,SPORT UTILITY VEHICLE (SUV),PERSONAL,UNKNOWN,STRAIGHT AHEAD,,,1,,,,,,,,,,,,,Y,Y,Y,,,FRONT-LEFT-CORNER,,,,,,,,,,,,,,,,,,,,,,,,,,,,,,,,,
2127029,7c173e5a9e834214b35a374b381c0962deb91e976423b04b9d9299ad4bc4f85c0b008977df58b584eb58237dbdeb4f5e1df06df29526b0ac5769d9b2e212468e,08/12/2025 01:30:00 PM,1,DRIVER,,2027687,,FORD,EXPEDITION,IL,2019,UNKNOWN,PASSENGER,PERSONAL,UNKNOWN,UNKNOWN/NA,,,1,,,,,Y,Y,Y,,,,,,,,,Y,,FRONT-RIGHT-CORNER,,,,,,,,,,,,,,,,,,,,,,,,,,,,,,,,,
2127030,7c173e5a9e834214b35a374b381c0962deb91e976423b04b9d9299ad4bc4f85c0b008977df58b584eb58237dbdeb4f5e1df06df29526b0ac5769d9b2e212468e,08/12/2025 01:30:00 PM,2,PARKED,,2027695,,HONDA,CR-V,MN,2019,UNKNOWN,PASSENGER,NOT IN USE,UNKNOWN,PARKED,,,0,,,,,Y,Y,Y,Y,Y,,,,,,,Y,,SIDE-RIGHT,,,,,,,,,,,,,,,,,,,,,,,,,,,,,,,,,
2127013,89feb7cbabb4a3f6fd4b3d9fb2bb272056efb2f4f042b25192707a0bbc9e7d355ed950d73e27dcbf10ae126f0520ba8dbd8fd19ac9efdd786d474560b170cee1,08/12/2025 01:30:00 PM,1,DRIVER,,2027669,,FORD,F150,IL,,UNKNOWN,PICKUP,COMMERCIAL - SINGLE UNIT,S,TURNING LEFT,,,1,,,,,,,,,,,,,,,,,,OTHER,,,,,,,,,,,,,,,,,,,,,,,,,,,,,,,,,
2127014,89feb7cbabb4a3f6fd4b3d9fb2bb272056efb2f4f042b25192707a0bbc9e7d355ed950d73e27dcbf10ae126f0520ba8dbd8fd19ac9efdd786d474560b170cee1,08/12/2025 01:30:00 PM,2,DRIVER,,2027681,,FORD,ECONOLINE E150,IL,2021,UNKNOWN,VAN/MINI-VAN,COMMERCIAL - SINGLE UNIT,S,STRAIGHT AHEAD,,,1,,,,,,,,,,,,,,,,,,OTHER,,,,,,,,,,,,,,,,,,,,,,,,,,,,,,,,,
2127166,f3e74d8de07629f70c6f76b4875ee56e63a21ee02348652982e16e34eaee95125c30c8fe8440b875dcc93f8720f02b6e70c0f3cf413c746588d01909d547f3be,08/12/2025 01:30:00 PM,1,DRIVER,,2027810,,CHEVROLET,CRUZE,IL,2014,UNKNOWN,PASSENGER,UNKNOWN/NA,N,STRAIGHT AHEAD,,,1,,,,,,,,,,,,,,Y,Y,Y,,FRONT-LEFT-CORNER,,,,,,,,,,,,,,,,,,,,,,,,,,,,,,,,,
2127167,f3e74d8de07629f70c6f76b4875ee56e63a21ee02348652982e16e34eaee95125c30c8fe8440b875dcc93f8720f02b6e70c0f3cf413c746588d01909d547f3be,08/12/2025 01:30:00 PM,2,DRIVER,,2027814,,CHRYSLER,PACIFICA,IL,2018,UNKNOWN,VAN/MINI-VAN,UNKNOWN/NA,N,STRAIGHT AHEAD,,,1,,,,,,,,Y,Y,Y,,,,,,,,REAR-RIGHT-CORNER,,,,,,,,,,,,,,,,,,,,,,,,,,,,,,,,,
2127017,7269308f1ccc700ac39986c0bf99ac4ae4eb69ba98187bab61fe11155343fe57c20ca3ecf68289b08582a7197ef01d47d46147467a0af1dd69348ef19db3e54e,08/12/2025 01:27:00 PM,1,DRIVER,,2027675,,FORD,ECONOLINE E550,AZ,2012,UNKNOWN,TRUCK - SINGLE UNIT,OTHER,N,BACKING,,,1,,,,Y,,,,,,,,,,,,,,REAR,,,,,,,,,,,,,,,,,,,,,,,,,,,,,,,,,
2127018,7269308f1ccc700ac39986c0bf99ac4ae4eb69ba98187bab61fe11155343fe57c20ca3ecf68289b08582a7197ef01d47d46147467a0af1dd69348ef19db3e54e,08/12/2025 01:27:00 PM,2,PARKED,,2027683,,FORD,FIESTA,IL,2012,UNKNOWN,PASSENGER,PERSONAL,N,PARKED,,,0,,,,,,,,,,,,,,,,Y,,FRONT,,,,,,,,,,,,,,,,,,,,,,,,,,,,,,,,,
2127045,f1c809fadc94fc992a6faf08d0bf3270d03cc6adad9cd9a9719105a77a8e3ed5d5f73f40bffc2ad468d1a250d89f9ee03ae38591ca482f12fa79a3739e72b289,08/12/2025 01:25:00 PM,1,DRIVER,5,2027702,,HONDA,PILOT,IL,2011,UNKNOWN,SPORT UTILITY VEHICLE (SUV),PERSONAL,N,STRAIGHT AHEAD,,,6,,,,,,Y,,Y,,,,,,,,,,SIDE-RIGHT,,,,,,,,,,,,,,,,,,,,,,,,,,,,,,,,,
2127046,f1c809fadc94fc992a6faf08d0bf3270d03cc6adad9cd9a9719105a77a8e3ed5d5f73f40bffc2ad468d1a250d89f9ee03ae38591ca482f12fa79a3739e72b289,08/12/2025 01:25:00 PM,2,PEDESTRIAN,,,,,,,,,,,,,,,,,,,,,,,,,,,,,,,,,,,,,,,,,,,,,,,,,,,,,,,,,,,,,,,,,,
2127069,8fdf54e9e3ab2d8a09e3e8747ea49c5a7a94892ce6f0c297f23522fb07bd3fc872e58ad0c1f338c4eef1dd6c5eb27e302cb2e7556267381907e9f6a3578ed7c0,08/12/2025 01:18:00 PM,1,DRIVER,,2027735,,FORD,EXPLORER,IL,2017,NONE,SPORT UTILITY VEHICLE (SUV),PERSONAL,E,STRAIGHT AHEAD,,,1,,,,,Y,,,,,,,,,,Y,Y,,FRONT,,,,,,,,,,,,,,,,,,,,,,,,,,,,,,,,,
2127070,8fdf54e9e3ab2d8a09e3e8747ea49c5a7a94892ce6f0c297f23522fb07bd3fc872e58ad0c1f338c4eef1dd6c5eb27e302cb2e7556267381907e9f6a3578ed7c0,08/12/2025 01:18:00 PM,2,DRIVER,,2027740,,TOYOTA,PRIUS,IL,2016,NONE,PASSENGER,PERSONAL,S,STRAIGHT AHEAD,,,1,,,,,Y,Y,,,,,,,,,,N,,SIDE-RIGHT,,,,,,,,,,,,,,,,,,,,,,,,,,,,,,,,,
2127035,7e226c0a3daaa2a195d940750a313defd03a0cd8a1b21e484e71978620d0201c6b3c697fb613cdbfc009f1a18b3654e9f1085c16f5d2d993f8688ffb010fceff,08/12/2025 01:15:00 PM,1,DRIVER,,2027701,,AUDI,Q7,IL,2017,UNKNOWN,PASSENGER,PERSONAL,E,STRAIGHT AHEAD,,,1,,,,,,,,,,,,Y,Y,Y,Y,,,FRONT-LEFT-CORNER,,,,,,,,,,,,,,,,,,,,,,,,,,,,,,,,,
2127036,7e226c0a3daaa2a195d940750a313defd03a0cd8a1b21e484e71978620d0201c6b3c697fb613cdbfc009f1a18b3654e9f1085c16f5d2d993f8688ffb010fceff,08/12/2025 01:15:00 PM,2,DRIVER,,2027710,,FORD,ECONOLINE E250,IL,2006,UNKNOWN,PASSENGER,PERSONAL,S,STRAIGHT AHEAD,,,1,,,,,Y,Y,Y,,,,,,,,,,,FRONT-RIGHT-CORNER,,,,,,,,,,,,,,,,,,,,,,,,,,,,,,,,,
2133203,f0a56b2b805c4932a3e067a393b67f63c858261c4619f31802a2ddb01ddb8afd2be4ad008b144bc308f566691f9a7b0a9b41b28114fc0a98c8a9b40f15d0834f,08/12/2025 01:10:00 PM,1,DRIVER,,2033518,,FORD,EDGE,IL,,UNKNOWN,PASSENGER,UNKNOWN/NA,S,STRAIGHT AHEAD,,,1,,,,,,,,,,,,,,,,,,UNKNOWN,,,,,,,,,,,,,,,,,,,,,,,,,,,,,,,,,
2133204,f0a56b2b805c4932a3e067a393b67f63c858261c4619f31802a2ddb01ddb8afd2be4ad008b144bc308f566691f9a7b0a9b41b28114fc0a98c8a9b40f15d0834f,08/12/2025 01:10:00 PM,2,DRIVER,,2033521,,MINI,COOPER,IL,,NONE,PASSENGER,PERSONAL,S,SLOW/STOP IN TRAFFIC,,,1,,,,,,,,,Y,Y,Y,,,,,,,REAR,,,,,,,,,,,,,,,,,,,,,,,,,,,,,,,,,
2127491,3f4aeb628e7d109eb7923abef8c192efce57326dfe97e0aa4a42affc5310f7e13b6d6a4c8c2520bebfe3e32e687d6fe6e012dade7dde1330818fb42873a00783,08/12/2025 01:00:00 PM,1,DRIVER,,2028129,,TOYOTA,COROLLA,IL,2014,UNKNOWN,PASSENGER,PERSONAL,E,MERGING,,,1,,,,,,,,,,,,,Y,Y,Y,,,SIDE-LEFT-FRONT,,,,,,,,,,,,,,,,,,,,,,,,,,,,,,,,,
2127492,3f4aeb628e7d109eb7923abef8c192efce57326dfe97e0aa4a42affc5310f7e13b6d6a4c8c2520bebfe3e32e687d6fe6e012dade7dde1330818fb42873a00783,08/12/2025 01:00:00 PM,2,DRIVER,,2028142,,SUBARU,OUTBACK,IL,2022,UNKNOWN,PASSENGER,PERSONAL,E,CHANGING LANES,,,1,,,,,Y,Y,,,,,,,,,,,,FRONT-RIGHT-CORNER,,,,,,,,,,,,,,,,,,,,,,,,,,,,,,,,,
2126995,b0682378a6ebbe53410ddb1fa77815bede36a666955e89f6810f5208e98e5a9668cd42b67cb6475e6a989757cbeedfa5d7bc67b3ae4f5ce2e403271aefa86bdd,08/12/2025 01:00:00 PM,1,DRIVER,,2027651,,TESLA,MODEL 3,IL,2022,NONE,PASSENGER,PERSONAL,UNKNOWN,STRAIGHT AHEAD,,,1,,,,,,,Y,Y,Y,Y,,,,,,,,SIDE-RIGHT-REAR,,,,,,,,,,,,,,,,,,,,,,,,,,,,,,,,,
2126996,b0682378a6ebbe53410ddb1fa77815bede36a666955e89f6810f5208e98e5a9668cd42b67cb6475e6a989757cbeedfa5d7bc67b3ae4f5ce2e403271aefa86bdd,08/12/2025 01:00:00 PM,2,DRIVER,,2027660,,UNKNOWN,OTHER (EXPLAIN IN NARRATIVE),,,NONE,PASSENGER,PERSONAL,UNKNOWN,STRAIGHT AHEAD,,,1,,,,,,,,,,,Y,Y,Y,,,,,SIDE-LEFT,,,,,,,,,,,,,,,,,,,,,,,,,,,,,,,,,
2126997,d89f34585bf92860a96bdb14bc1228f8180098f6c5be28365fb8de7a5b56bff389d98f42d23d3e1df339d174a9ba885469c4eb24d3a330b6c46f7974f3de633a,08/12/2025 01:00:00 PM,1,DRIVER,,2027653,,VOLVO,OTHER (EXPLAIN IN NARRATIVE),IL,2013,UNKNOWN,TRACTOR W/ SEMI-TRAILER,OTHER,S,TURNING RIGHT,,,1,,,,,,,,,,,,,,,,,,UNKNOWN,,,,,,,,,,,,,,,,,,,,,,,,,,,,,,,,,
2126998,d89f34585bf92860a96bdb14bc1228f8180098f6c5be28365fb8de7a5b56bff389d98f42d23d3e1df339d174a9ba885469c4eb24d3a330b6c46f7974f3de633a,08/12/2025 01:00:00 PM,2,DRIVER,,2027666,,TOYOTA,RAV4,IL,2024,UNKNOWN,PASSENGER,PERSONAL,E,TURNING RIGHT,,,1,,,,,,,,,,,Y,Y,Y,Y,Y,,,FRONT-LEFT-CORNER,,,,,,,,,,,,,,,,,,,,,,,,,,,,,,,,,
2126989,cce68e53fd28179a1a0c071b28672fb2e2570ab710f2523161435b7b1acb4aecd4feb0223ef7baa993fa057f4ebe0a6edb7bbcb9198037c61e038a1733fdb246,08/12/2025 12:56:00 PM,1,DRIVER,,2027652,,NISSAN,ROGUE,IL,2019,UNKNOWN,SPORT UTILITY VEHICLE (SUV),UNKNOWN/NA,UNKNOWN,BACKING,,,1,,,,,,,,Y,,,,,,,,,,SIDE-RIGHT-REAR,,,,,,,,,,,,,,,,,,,,,,,,,,,,,,,,,
2126990,cce68e53fd28179a1a0c071b28672fb2e2570ab710f2523161435b7b1acb4aecd4feb0223ef7baa993fa057f4ebe0a6edb7bbcb9198037c61e038a1733fdb246,08/12/2025 12:56:00 PM,2,DRIVER,,2027654,,CHEVROLET,EQUINOX,IL,2023,UNKNOWN,SPORT UTILITY VEHICLE (SUV),UNKNOWN/NA,UNKNOWN,BACKING,,,1,,,,,,,,,,,,,,Y,,,,SIDE-LEFT,,,,,,,,,,,,,,,,,,,,,,,,,,,,,,,,,
2126985,2e5fb5ada96796f6813f1bfa43ab0a4679cd7124494b0697780bdd2fc7f0632199e7f504c952685b218f1c6ce57d067b30a36e00db91265489019e3d3957855b,08/12/2025 12:54:00 PM,1,DRIVER,,2027647,,HYUNDAI,ELANTRA,IL,2016,UNKNOWN,PASSENGER,UNKNOWN/NA,N,STRAIGHT AHEAD,,,1,,,,,,,,,,,,,,,,,Y,UNKNOWN,,,,,,,,,,,,,,,,,,,,,,,,,,,,,,,,,
2126986,2e5fb5ada96796f6813f1bfa43ab0a4679cd7124494b0697780bdd2fc7f0632199e7f504c952685b218f1c6ce57d067b30a36e00db91265489019e3d3957855b,08/12/2025 12:54:00 PM,2,PARKED,,2027650,,CHRYSLER,TOWN & COUNTRY,IL,2008,UNKNOWN,VAN/MINI-VAN,PERSONAL,N,PARKED,,,0,,,,,,,,,,,,,,,,,Y,UNKNOWN,,,,,,,,,,,,,,,,,,,,,,,,,,,,,,,,,
2127554,93026afba23f2e26d787b7d5875595fc68c68f3785e78f7c2e1da828be3f7049e694aa72f070e9a4c039388311234d6571825def96cfd4296f47c3c8d972a965,08/12/2025 12:45:00 PM,1,DRIVER,,2028198,,LEXUS,RX,IL,2016,NONE,SPORT UTILITY VEHICLE (SUV),PERSONAL,N,BACKING,,,1,,,,Y,,,,,,,,,,,,,,REAR,,,,,,,,,,,,,,,,,,,,,,,,,,,,,,,,,
2127555,93026afba23f2e26d787b7d5875595fc68c68f3785e78f7c2e1da828be3f7049e694aa72f070e9a4c039388311234d6571825def96cfd4296f47c3c8d972a965,08/12/2025 12:45:00 PM,2,DRIVERLESS,,2028207,,TESLA,MODEL X,IL,2018,NONE,PASSENGER,NOT IN USE,S,PARKED,,,0,,,,,N,,,,,,,,,,,Y,,FRONT,,,,,,,,,,,,,,,,,,,,,,,,,,,,,,,,,
2126971,f20ec71c021693b85599a4d13b283dcddc06adc0e0a43c37aac29e17a71aa5a91fea22942deb30ab82ad7ad2cf990ffbb305583fac6436ca9ae6408b34de3b0b,08/12/2025 12:45:00 PM,1,DRIVER,,2027633,,UNKNOWN,OTHER (EXPLAIN IN NARRATIVE),,,UNKNOWN,UNKNOWN/NA,UNKNOWN/NA,UNKNOWN,UNKNOWN/NA,,,1,,,,,,,,,,,,,,,,,Y,UNKNOWN,,,,,,,,,,,,,,,,,,,,,,,,,,,,,,,,,