CRASH_UNIT_ID,CRASH_RECORD_ID,CRASH_DATE,UNIT_NO,UNIT_TYPE,NUM_PASSENGERS,VEHICLE_ID,CMRC_VEH_I,MAKE,MODEL,LIC_PLATE_STATE,VEHICLE_YEAR,VEHICLE_DEFECT,VEHICLE_TYPE,VEHICLE_USE,TRAVEL_DIRECTION,MANEUVER,TOWED_I,FIRE_I,OCCUPANT_CNT,EXCEED_SPEED_LIMIT_I,TOWED_BY,TOWED_TO,AREA_00_I,AREA_01_I,AREA_02_I,AREA_03_I,AREA_04_I,AREA_05_I,AREA_06_I,AREA_07_I,AREA_08_I,AREA_09_I,AREA_10_I,AREA_11_I,AREA_12_I,AREA_99_I,FIRST_CONTACT_POINT,CMV_ID,USDOT_NO,CCMC_NO,ILCC_NO,COMMERCIAL_SRC,GVWR,CARRIER_NAME,CARRIER_STATE,CARRIER_CITY,HAZMAT_PLACARDS_I,HAZMAT_NAME,UN_NO,HAZMAT_PRESENT_I,HAZMAT_REPORT_I,HAZMAT_REPORT_NO,MCS_REPORT_I,MCS_REPORT_NO,HAZMAT_VIO_CAUSE_CRASH_I,MCS_VIO_CAUSE_CRASH_I,IDOT_PERMIT_NO,WIDE_LOAD_I,TRAILER1_WIDTH,TRAILER2_WIDTH,TRAILER1_LENGTH,TRAILER2_LENGTH,TOTAL_VEHICLE_LENGTH,AXLE_CNT,VEHICLE_CONFIG,CARGO_BODY_TYPE,LOAD_TYPE,HAZMAT_OUT_OF_SERVICE_I,MCS_OUT_OF_SERVICE_I,HAZMAT_CLASS
2126972,f20ec71c021693b85599a4d13b283dcddc06adc0e0a43c37aac29e17a71aa5a91fea22942deb30ab82ad7ad2cf990ffbb305583fac6436ca9ae6408b34de3b0b,08/12/2025 12:45:00 PM,2,DRIVER,,2027635,,TOYOTA,PRIUS,IL,2013,UNKNOWN,PASSENGER,PERSONAL,E,SLOW/STOP IN TRAFFIC,,,1,,,,,,,,,,Y,,,,,,,,REAR,,,,,,,,,,,,,,,,,,,,,,,,,,,,,,,,,
2126955,fce7baa7dfa033681d5b37205ef722d482fff9f0efd5316a2028c178c82a8a0733af5be4629624931e9183f26f7fba88c2461acc02ebda9e0916a80145bcce90,08/12/2025 12:30:00 PM,1,DRIVER,,2027615,,AUDI,A6,IL,2012,UNKNOWN,PASSENGER,PERSONAL,N,STRAIGHT AHEAD,,,1,,,,,Y,Y,,,,,,,,,,,Y,FRONT-RIGHT-CORNER,,,,,,,,,,,,,,,,,,,,,,,,,,,,,,,,,
2126965,297870f33ab7b11b9624cf34713765d53a322485233ebb4f604aa5f016eca17c11f636e078784e2723cd96eb192cc3098f3551954b463cb3c30261b4cd0a6741,08/12/2025 12:20:00 PM,1,DRIVER,,2027628,,DODGE,DAKOTA,IL,2002,UNKNOWN,PICKUP,PERSONAL,E,BACKING,,,1,,,,,,,,,,Y,,,,,,,,REAR,,,,,,,,,,,,,,,,,,,,,,,,,,,,,,,,,
2126966,297870f33ab7b11b9624cf34713765d53a322485233ebb4f604aa5f016eca17c11f636e078784e2723cd96eb192cc3098f3551954b463cb3c30261b4cd0a6741,08/12/2025 12:20:00 PM,2,DRIVER,1,2027632,,FORD,MUSTANG,IL,2015,UNKNOWN,PASSENGER,PERSONAL,NE,TURNING LEFT,,,2,,,,,,Y,Y,,,,,,,,,,,SIDE-RIGHT-FRONT,,,,,,,,,,,,,,,,,,,,,,,,,,,,,,,,,
2126977,82023dba1d9f98bd1500ef3428eedaa3ff0542479a6478069fbc279cf1dbcdfb073b4b4a93d6b5f661946f0ae84219a05e863761a006ef915428ed42aee5bef9,08/12/2025 12:20:00 PM,1,DRIVER,,2027636,,LEXUS,RX330,IL,2005,UNKNOWN,PASSENGER,PERSONAL,W,STRAIGHT AHEAD,Y,,1,,D89 TOWING AND RECOVERY,OWNERS HOME,,Y,,,,,,,,,Y,Y,Y,,FRONT,,,,,,,,,,,,,,,,,,,,,,,,,,,,,,,,,
2126978,82023dba1d9f98bd1500ef3428eedaa3ff0542479a6478069fbc279cf1dbcdfb073b4b4a93d6b5f661946f0ae84219a05e863761a006ef915428ed42aee5bef9,08/12/2025 12:20:00 PM,2,DRIVER,1,2027645,,TOYOTA,SIENNA,IL,2014,NONE,PASSENGER,TAXI/FOR HIRE,N,STRAIGHT AHEAD,Y,,2,,D89 TOWING AND RECOVERY,,,Y,,,,,,,,,Y,Y,Y,,FRONT,,,,,,,,,,,,,,,,,,,,,,,,,,,,,,,,,
2126979,92cd6592b080d5666cd5646dacf3c629df8f82b5704500bc96a8a1545ac1be3c498aab5b5971da980f0b3ad30f8936fb157cd3811f5a585269a5852a004de946,08/12/2025 12:20:00 PM,1,DRIVER,,2027642,,TESLA,MODEL 3,IL,2018,UNKNOWN,PASSENGER,PERSONAL,UNKNOWN,STRAIGHT AHEAD,,,1,,,,,Y,,,,,,,,,,Y,Y,,FRONT,,,,,,,,,,,,,,,,,,,,,,,,,,,,,,,,,
2126980,92cd6592b080d5666cd5646dacf3c629df8f82b5704500bc96a8a1545ac1be3c498aab5b5971da980f0b3ad30f8936fb157cd3811f5a585269a5852a004de946,08/12/2025 12:20:00 PM,2,DRIVER,,2027646,,TOYOTA,COROLLA,IL,2005,UNKNOWN,PASSENGER,PERSONAL,UNKNOWN,STRAIGHT AHEAD,,,1,,,,,,,,,Y,Y,Y,,,,,,,REAR,,,,,,,,,,,,,,,,,,,,,,,,,,,,,,,,,
2126967,a85b438bba510277bbf4388b3f384608cddee9ed92e1c5d7be234d553a33c03dd29e0a45f892102d60cb0c9d821f9f2db12604ae399318c5e9abc2b41f9495a5,08/12/2025 12:20:00 PM,1,DRIVER,,2027629,,CHEVROLET,EQUINOX,IL,2015,UNKNOWN,SPORT UTILITY VEHICLE (SUV),PERSONAL,S,TURNING RIGHT,,,1,,,,,,,Y,Y,,,,,,,,,,SIDE-RIGHT,,,,,,,,,,,,,,,,,,,,,,,,,,,,,,,,,
2126968,a85b438bba510277bbf4388b3f384608cddee9ed92e1c5d7be234d553a33c03dd29e0a45f892102d60cb0c9d821f9f2db12604ae399318c5e9abc2b41f9495a5,08/12/2025 12:20:00 PM,2,DRIVER,,2027640,,MAZDA,CX-9,IL,2024,UNKNOWN,SPORT UTILITY VEHICLE (SUV),PERSONAL,S,STRAIGHT AHEAD,,,1,,,,,,,,,,,,,,,,Y,,FRONT,,,,,,,,,,,,,,,,,,,,,,,,,,,,,,,,,
2126983,73888202e88dae6884a140c105a97fdacfaddf9c5664e38ebe51b345314042ff4f65e904dbdb1356f81faba33e0b5cb77bb6096511ee6b9dff2bb867edcd373d,08/12/2025 12:17:00 PM,1,DRIVER,,2027641,,UNKNOWN,MOTORIZED,,,UNKNOWN,UNKNOWN/NA,UNKNOWN/NA,W,OTHER,,,1,,,,,,,,,,,,,,,,,,FRONT-RIGHT-CORNER,,,,,,,,,,,,,,,,,,,,,,,,,,,,,,,,,
2126984,73888202e88dae6884a140c105a97fdacfaddf9c5664e38ebe51b345314042ff4f65e904dbdb1356f81faba33e0b5cb77bb6096511ee6b9dff2bb867edcd373d,08/12/2025 12:17:00 PM,2,PEDESTRIAN,,,,,,,,,,,,,,,,,,,,,,,,,,,,,,,,,,,,,,,,,,,,,,,,,,,,,,,,,,,,,,,,,,
2126948,d5fa5e4eb04a97080578ee67b5d6ceaa2a1d92089c3605082bc308c56cf8a64ca1c43b2236adf3e382ece19ee3daa035c7cb2128fa4a2bd089e59b0abe5fee6a,08/12/2025 12:17:00 PM,1,DRIVER,,2027612,,MERCEDES-BENZ,GLA,IL,2015,NONE,PASSENGER,PERSONAL,E,CHANGING LANES,,,1,,,,,,,,,,,,,,Y,Y,,,FRONT-LEFT-CORNER,,,,,,,,,,,,,,,,,,,,,,,,,,,,,,,,,
2126949,d5fa5e4eb04a97080578ee67b5d6ceaa2a1d92089c3605082bc308c56cf8a64ca1c43b2236adf3e382ece19ee3daa035c7cb2128fa4a2bd089e59b0abe5fee6a,08/12/2025 12:17:00 PM,2,DRIVER,,2027616,,HONDA,ODYSSEY,IL,2018,NONE,PASSENGER,PERSONAL,E,STRAIGHT AHEAD,,,1,,,,,,Y,Y,Y,Y,,,,,,,,,SIDE-RIGHT,,,,,,,,,,,,,,,,,,,,,,,,,,,,,,,,,
2130331,570525f0c5f6b9fc86f24a5960b91afc488af67e53d5a5a8063603340d97dcf4b61e8c577d645b117346608b9b84171fb349ab9db799eb3a385fafb1cfdef5df,08/12/2025 12:15:00 PM,1,DRIVER,,2030818,,VOLKSWAGEN,CC,IL,2014,NONE,PASSENGER,PERSONAL,W,CHANGING LANES,,,1,,,,,,,Y,,,,,,,,,,,SIDE-RIGHT,,,,,,,,,,,,,,,,,,,,,,,,,,,,,,,,,
2130332,570525f0c5f6b9fc86f24a5960b91afc488af67e53d5a5a8063603340d97dcf4b61e8c577d645b117346608b9b84171fb349ab9db799eb3a385fafb1cfdef5df,08/12/2025 12:15:00 PM,2,DRIVER,,2030824,,ACURA,ADX,IL,2016,NONE,SPORT UTILITY VEHICLE (SUV),PERSONAL,W,STRAIGHT AHEAD,,,1,,,,,,,,,,,,,,,Y,,,FRONT-LEFT-CORNER,,,,,,,,,,,,,,,,,,,,,,,,,,,,,,,,,
2127063,dadf04836240d72ebe9f71b4db1517b6cba438b5222fb3c153765cc61baf28af9e4c25e8d268061068da27ef2c796becd95d129886b90b5067d11b678e140336,08/12/2025 11:53:00 AM,1,DRIVER,,2028320,,GENERAL MOTORS CORPORATION (GMC),SAVANNAH,MO,2011,UNKNOWN,VAN/MINI-VAN,UNKNOWN/NA,UNKNOWN,BACKING,,,1,,,,Y,,,,,,,,,,,,,,NONE,,,,,,,,,,,,,,,,,,,,,,,,,,,,,,,,,
2127064,dadf04836240d72ebe9f71b4db1517b6cba438b5222fb3c153765cc61baf28af9e4c25e8d268061068da27ef2c796becd95d129886b90b5067d11b678e140336,08/12/2025 11:53:00 AM,2,PARKED,,2028333,,AUDI,E-TRON,IL,2021,NONE,SPORT UTILITY VEHICLE (SUV),PERSONAL,UNKNOWN,PARKED,,,0,,,,,,,,,,Y,,,,,,,,REAR,,,,,,,,,,,,,,,,,,,,,,,,,,,,,,,,,
2126953,d5a52af9f134d78d24b6d67c1f1d16f839d71066309ff33f3740bea2d050956c9d64374eab8b3275d35cf63569395c900151245f507b02d5a4247071dfde0700,08/12/2025 11:52:00 AM,1,DRIVER,1,2027617,,CHEVROLET,EQUINOX,IL,2015,UNKNOWN,SPORT UTILITY VEHICLE (SUV),PERSONAL,E,BACKING,,,2,,,,,,,,,,Y,,,,,,,,REAR,,,,,,,,,,,,,,,,,,,,,,,,,,,,,,,,,
2126954,d5a52af9f134d78d24b6d67c1f1d16f839d71066309ff33f3740bea2d050956c9d64374eab8b3275d35cf63569395c900151245f507b02d5a4247071dfde0700,08/12/2025 11:52:00 AM,2,DRIVER,1,2027624,,FORD,EXPLORER,IL,2023,UNKNOWN,SPORT UTILITY VEHICLE (SUV),POLICE,N,STRAIGHT AHEAD,,,2,,,,,,,,,,,,Y,Y,,,,,SIDE-LEFT-REAR,,,,,,,,,,,,,,,,,,,,,,,,,,,,,,,,,
2126962,2914d57925856f8692e4d90020c10957bc31d859403173982d3916220e01474549930bda8828d8e6bbc56243ac3e5d31a5ac7a19743591b487c2d7a8f08330cf,08/12/2025 11:50:00 AM,1,DRIVER,,2027626,,"MACK TRUCKS, INC.","MACK TRUCKS, INC.",IL,2015,UNKNOWN,TRACTOR W/ SEMI-TRAILER,COMMERCIAL - MULTI-UNIT,S,STRAIGHT AHEAD,,,1,,,,,,,,,,,,,,,,Y,,FRONT,,,,,,,,,,,,,,,,,,,,,,,,,,,,,,,,,
2126963,2914d57925856f8692e4d90020c10957bc31d859403173982d3916220e01474549930bda8828d8e6bbc56243ac3e5d31a5ac7a19743591b487c2d7a8f08330cf,08/12/2025 11:50:00 AM,2,DRIVER,,2027631,,HYUNDAI,TUCSON,IL,2019,UNKNOWN,SPORT UTILITY VEHICLE (SUV),PERSONAL,S,STRAIGHT AHEAD,,,1,,,,,,,,,Y,Y,Y,,,,,,,REAR,,,,,,,,,,,,,,,,,,,,,,,,,,,,,,,,,
2129660,c7d4bddc4e35e9d248f91071c0a908986e8e553ba53ffa1c0e87d9bbdaa72834c34571e0e4cc7309c078613b9db80268598297a45e5782dbba565b3572a06d51,08/12/2025 11:50:00 AM,1,DRIVER,,2030182,,JEEP,CHEROKEE,IL,2019,UNKNOWN,PASSENGER,PERSONAL,W,SLOW/STOP IN TRAFFIC,,,1,,,,,,,,,,,,,,,,Y,,FRONT,,,,,,,,,,,,,,,,,,,,,,,,,,,,,,,,,
2129661,c7d4bddc4e35e9d248f91071c0a908986e8e553ba53ffa1c0e87d9bbdaa72834c34571e0e4cc7309c078613b9db80268598297a45e5782dbba565b3572a06d51,08/12/2025 11:50:00 AM,2,DRIVER,,2030185,,LINCOLN,MKZ,IL,2014,UNKNOWN,PASSENGER,PERSONAL,W,SLOW/STOP IN TRAFFIC,,,1,,,,,,,,,,Y,,,,,,,,REAR,,,,,,,,,,,,,,,,,,,,,,,,,,,,,,,,,
2127027,b8874b6ffb4b199cc9dc003750a777c91ece33d0250c7e789b9ffda003aa441f36249f13ad46324b4527db1bbfdc7b4af146d0b483ec449cbf27893c32504226,08/12/2025 11:48:00 AM,1,DRIVER,,2027682,,HYUNDAI,OTHER (EXPLAIN IN NARRATIVE),IL,2015,UNKNOWN,PASSENGER,UNKNOWN/NA,W,STRAIGHT AHEAD,,,1,,,,,Y,,,,,,,,,,Y,Y,,FRONT,,,,,,,,,,,,,,,,,,,,,,,,,,,,,,,,,
2127028,b8874b6ffb4b199cc9dc003750a777c91ece33d0250c7e789b9ffda003aa441f36249f13ad46324b4527db1bbfdc7b4af146d0b483ec449cbf27893c32504226,08/12/2025 11:48:00 AM,2,DRIVER,,2027690,,LAND ROVER,OTHER (EXPLAIN IN NARRATIVE),IL,,NONE,SPORT UTILITY VEHICLE (SUV),PERSONAL,W,STRAIGHT AHEAD,,,1,,,,,,,,,Y,Y,Y,,,,,,,REAR,,,,,,,,,,,,,,,,,,,,,,,,,,,,,,,,,
2131483,887d1c835673b294565d405c5030bb8d86b328105131b5b39d04934050aa0a4bde3da674e06d0f350445ed533f8f3c5d210f749c1abcce776f78920485306383,08/12/2025 11:40:00 AM,1,DRIVER,,2031897,,FORD,F150,IL,2003,UNKNOWN,PICKUP,PERSONAL,N,BACKING,,,1,,,,,,,,,,,,,,,,,Y,UNKNOWN,,,,,,,,,,,,,,,,,,,,,,,,,,,,,,,,,
2131484,887d1c835673b294565d405c5030bb8d86b328105131b5b39d04934050aa0a4bde3da674e06d0f350445ed533f8f3c5d210f749c1abcce776f78920485306383,08/12/2025 11:40:00 AM,2,PARKED,,2031911,,CHEVROLET,MALIBU,IL,2022,UNKNOWN,PASSENGER,PERSONAL,S,PARKED,,,0,,,,,,,,,Y,,,,,,,,,REAR-RIGHT-CORNER,,,,,,,,,,,,,,,,,,,,,,,,,,,,,,,,,
2126923,f7dfb9655ec40e8a5fc6c4afc3fa5c13512a44eb223eddd07ac4a34ab161709c87569b6e1f74d755145e96c7a091e8ff6e1537d90f7e0b16d59631d6a96d11fa,08/12/2025 11:40:00 AM,1,DRIVER,,2027594,,FORD,OTHER (EXPLAIN IN NARRATIVE),IL,2023,NONE,PICKUP,OTHER,N,TURNING LEFT,,,1,,,,,,,,,,Y,Y,Y,,,,,,REAR-LEFT-CORNER,,,,,,,,,,,,,,,,,,,,,,,,,,,,,,,,,
2126924,f7dfb9655ec40e8a5fc6c4afc3fa5c13512a44eb223eddd07ac4a34ab161709c87569b6e1f74d755145e96c7a091e8ff6e1537d90f7e0b16d59631d6a96d11fa,08/12/2025 11:40:00 AM,2,DRIVER,,2027597,,TOYOTA,CAMRY,IL,2012,NONE,PASSENGER,PERSONAL,N,TURNING LEFT,,,1,,,,,,,,Y,Y,Y,,,,,,,,REAR-RIGHT-CORNER,,,,,,,,,,,,,,,,,,,,,,,,,,,,,,,,,
2126945,39eceb0e0d85ffc0a8249af676b0a3cf2f70b03ae967454021de92325af2162ed28d8ae212d935300760d18a8ed6af7492d940db906dcdfb4d249dc518e10799,08/12/2025 11:37:00 AM,1,DRIVER,,2027608,Y,NOVA BUS,OTHER (EXPLAIN IN NARRATIVE),IL,2022,UNKNOWN,BUS OVER 15 PASS.,CTA,W,PASSING/OVERTAKING,,,1,,,,,Y,,,,,,,,,,,,,FRONT-RIGHT-CORNER,"21,974",,,,,,CTA,IL,CHICAGO,,,,,N,,N,,N,U,,,,,,,,,BUS,BUS,OTHER,N,N,
2126946,39eceb0e0d85ffc0a8249af676b0a3cf2f70b03ae967454021de92325af2162ed28d8ae212d935300760d18a8ed6af7492d940db906dcdfb4d249dc518e10799,08/12/2025 11:37:00 AM,2,DRIVER,,2027613,,CHEVROLET,EXPRESS,IL,2016,UNKNOWN,VAN/MINI-VAN,CONSTRUCTION/MAINTENANCE,W,SLOW/STOP IN TRAFFIC,,,1,,,,,,,,,,,Y,Y,,,,,,REAR-LEFT-CORNER,,,,,,,,,,,,,,,,,,,,,,,,,,,,,,,,,
2126951,4d24ceba219aa8a69a81f9cf72aa055167a7685a7c81a53002b8afabfb1f5cf682fc28dabb04f33f1846c298123d94c91b44a4934bdbfcce73931c4eea8bddf0,08/12/2025 11:30:00 AM,1,DRIVER,,2027614,,VOLKSWAGEN,TIGUAN,IL,2023,UNKNOWN,PASSENGER,PERSONAL,S,STRAIGHT AHEAD,,,1,,,,,,,,,,,Y,Y,,,,,,SIDE-LEFT-REAR,,,,,,,,,,,,,,,,,,,,,,,,,,,,,,,,,
2126952,4d24ceba219aa8a69a81f9cf72aa055167a7685a7c81a53002b8afabfb1f5cf682fc28dabb04f33f1846c298123d94c91b44a4934bdbfcce73931c4eea8bddf0,08/12/2025 11:30:00 AM,2,DRIVER,,2027618,,TOYOTA,RAV4,IL,2017,UNKNOWN,PASSENGER,PERSONAL,W,STRAIGHT AHEAD,,,1,,,,,Y,,,,,,,,,,Y,Y,,FRONT,,,,,,,,,,,,,,,,,,,,,,,,,,,,,,,,,
2126956,4601a0ef0781f4f82608ec3635049cfe9f514aadf81249f8755e208690bf36fc8762b83d80b4d9e3823ed1c14c5550eeeb638e2ea2f62f3bd77976b810416eb9,08/12/2025 11:27:00 AM,1,DRIVER,,2027621,,DODGE,DART,IL,2013,OTHER,PASSENGER,PERSONAL,E,STRAIGHT AHEAD,,,1,,,,,,,,,,,,,,Y,Y,,Y,SIDE-LEFT,,,,,,,,,,,,,,,,,,,,,,,,,,,,,,,,,
2126957,4601a0ef0781f4f82608ec3635049cfe9f514aadf81249f8755e208690bf36fc8762b83d80b4d9e3823ed1c14c5550eeeb638e2ea2f62f3bd77976b810416eb9,08/12/2025 11:27:00 AM,2,DRIVER,,2027625,,"SPARTAN MOTORS, INC. (CHARLOTTE, MI)","SPARTAN MOTORS, INC. (MFD. IN CHARLOTTE, MI)",IL,,UNKNOWN,OTHER,FIRE,E,STRAIGHT AHEAD,,Y,1,,,,,,Y,Y,,,,,,,,,,Y,SIDE-RIGHT,,,,,,,,,,,,,,,,,,,,,,,,,,,,,,,,,
2126911,f92985af3b686802f979b466693557bb1ea1c77c7289c0ad24455b61dab7bc147885cb163535f884227d116f7f8fab97660cd80802140e51595e32964b642b21,08/12/2025 11:24:00 AM,1,DRIVER,,2027574,,FORD,OTHER (EXPLAIN IN NARRATIVE),,,UNKNOWN,UNKNOWN/NA,UNKNOWN/NA,S,UNKNOWN/NA,,,1,,,,,,,,,,,,,,,,,,UNKNOWN,,,,,,,,,,,,,,,,,,,,,,,,,,,,,,,,,
2126912,f92985af3b686802f979b466693557bb1ea1c77c7289c0ad24455b61dab7bc147885cb163535f884227d116f7f8fab97660cd80802140e51595e32964b642b21,08/12/2025 11:24:00 AM,2,PARKED,,2027576,,NISSAN,PATHFINDER,IL,2017,UNKNOWN,PASSENGER,PERSONAL,S,PARKED,,,0,,,,,,,,,,,Y,Y,Y,,,,,SIDE-LEFT-REAR,,,,,,,,,,,,,,,,,,,,,,,,,,,,,,,,,
2126927,8f7f1103919775cb502a9bfdd47dd53000031aab25160b4b976d01b3ab6f7420c3b56bdd6e3d7419d19f7987ad66458fcc454a7718cc1b1a188796181633328d,08/12/2025 11:21:00 AM,1,DRIVER,,2027593,,FORD,FUSION,IL,2015,UNKNOWN,PASSENGER,PERSONAL,W,TURNING LEFT,,,1,,,,Y,,,,,,,,,,,,,,NONE,,,,,,,,,,,,,,,,,,,,,,,,,,,,,,,,,
2126928,8f7f1103919775cb502a9bfdd47dd53000031aab25160b4b976d01b3ab6f7420c3b56bdd6e3d7419d19f7987ad66458fcc454a7718cc1b1a188796181633328d,08/12/2025 11:21:00 AM,2,PEDESTRIAN,,,,,,,,,,,,,,,,,,,,,,,,,,,,,,,,,,,,,,,,,,,,,,,,,,,,,,,,,,,,,,,,,,
2126931,492918c691cedcb386ca0c28b702a832c9af5783410681175de8df9f0dca06793e308baa2042aa638274a68dc20ae9e6735fc784d8fd9cdafaa7e73abee5e956,08/12/2025 11:20:00 AM,1,DRIVER,,2027600,,CHEVROLET,BOLT,IL,2021,UNKNOWN,PASSENGER,PERSONAL,NW,U-TURN,,,1,,,,,,,,,,,,,,,Y,,,FRONT-LEFT-CORNER,,,,,,,,,,,,,,,,,,,,,,,,,,,,,,,,,
2126932,492918c691cedcb386ca0c28b702a832c9af5783410681175de8df9f0dca06793e308baa2042aa638274a68dc20ae9e6735fc784d8fd9cdafaa7e73abee5e956,08/12/2025 11:20:00 AM,2,DRIVER,,2027610,,FORD,TRANSIT,IL,2022,UNKNOWN,VAN/MINI-VAN,CONSTRUCTION/MAINTENANCE,NW,STRAIGHT AHEAD,,,1,,,,,Y,Y,,,,,,,,,,,,SIDE-RIGHT-FRONT,,,,,,,,,,,,,,,,,,,,,,,,,,,,,,,,,
2126993,4c53be1e510b5a93903faa470d7c6097fbaeea842869515fdc3fdcb03eb90525d72943166a30d4d6545cd9cde80fdacf189a29350149f220bd2dc7ebe8dcd4fd,08/12/2025 11:20:00 AM,1,DRIVER,,2027648,,MAZDA,COSMO,IL,,NONE,PASSENGER,PERSONAL,N,STRAIGHT AHEAD,,,1,,,,,Y,,,,,,,,,,,N,,FRONT,,,,,,,,,,,,,,,,,,,,,,,,,,,,,,,,,
2126994,4c53be1e510b5a93903faa470d7c6097fbaeea842869515fdc3fdcb03eb90525d72943166a30d4d6545cd9cde80fdacf189a29350149f220bd2dc7ebe8dcd4fd,08/12/2025 11:20:00 AM,2,DRIVER,,2027649,,BMW,X3,IL,2018,NONE,PASSENGER,PERSONAL,N,SLOW/STOP IN TRAFFIC,,,1,,,,,,,,,,Y,,,,,,,,REAR,,,,,,,,,,,,,,,,,,,,,,,,,,,,,,,,,
2130941,03979b9746ae58f4d8392c05086c27fa75667ed3463430db15a0e7dedf3c63e5c7212818b439358110fbd2b30a8a17a5e50e9b3af58a9a90aeb04b19fbfc6510,08/12/2025 11:15:00 AM,1,DRIVER,,2031384,,TOYOTA,CAMRY,IL,,NONE,PASSENGER,PERSONAL,N,STRAIGHT AHEAD,,,1,,,,,,,,,,,,,,,,Y,,FRONT,,,,,,,,,,,,,,,,,,,,,,,,,,,,,,,,,
2130942,03979b9746ae58f4d8392c05086c27fa75667ed3463430db15a0e7dedf3c63e5c7212818b439358110fbd2b30a8a17a5e50e9b3af58a9a90aeb04b19fbfc6510,08/12/2025 11:15:00 AM,2,DRIVER,,2031391,,SUBARU,CROSSTREK,IL,2018,NONE,PASSENGER,PERSONAL,N,SLOW/STOP IN TRAFFIC,,,1,,,,,,,,,,Y,,,,,,,,REAR,,,,,,,,,,,,,,,,,,,,,,,,,,,,,,,,,
2126933,d8db1c823504d4169536cea8eb55c6e8773eea7efd009ec1f3d79fc2b898d43957e751d7e4584406b6c1259a55dcbc4136e722a2d82ac6bd8069bcd2a5595cdd,08/12/2025 11:15:00 AM,1,DRIVER,,2027599,,SUBARU,FORESTER,IL,2017,UNKNOWN,PASSENGER,PERSONAL,N,ENTERING TRAFFIC LANE FROM PARKING,,,1,,,,,,,,,,,,,,Y,Y,,,FRONT-LEFT-CORNER,,,,,,,,,,,,,,,,,,,,,,,,,,,,,,,,,
2126934,d8db1c823504d4169536cea8eb55c6e8773eea7efd009ec1f3d79fc2b898d43957e751d7e4584406b6c1259a55dcbc4136e722a2d82ac6bd8069bcd2a5595cdd,08/12/2025 11:15:00 AM,2,DRIVER,,2027603,,FORD,FOCUS,IL,2013,UNKNOWN,PASSENGER,PERSONAL,N,STRAIGHT AHEAD,,,1,,,,,Y,Y,Y,Y,Y,,,,,,,,,SIDE-RIGHT,,,,,,,,,,,,,,,,,,,,,,,,,,,,,,,,,
2126893,8394163d4b18a07f3238a62c8d5ebe3db23c7ae9e36201ce893fd4a7b8164709cad6de88877f880c6b317a0ee201f1c3b653eca21d6fb0c0f5544cf4775ead95,08/12/2025 11:13:00 AM,1,DRIVER,,2027560,,TOYOTA,CAMRY,IL,2020,UNKNOWN,PASSENGER,PERSONAL,S,TURNING LEFT,,,1,,,,,,,,,,,,,,,,Y,,FRONT,,,,,,,,,,,,,,,,,,,,,,,,,,,,,,,,,
2126894,8394163d4b18a07f3238a62c8d5ebe3db23c7ae9e36201ce893fd4a7b8164709cad6de88877f880c6b317a0ee201f1c3b653eca21d6fb0c0f5544cf4775ead95,08/12/2025 11:13:00 AM,2,DRIVER,,2027565,,HONDA,ACCORD,IL,2015,NONE,PASSENGER,PERSONAL,E,TURNING LEFT,,,1,,,,,,,,,,,,,Y,,,,,SIDE-LEFT,,,,,,,,,,,,,,,,,,,,,,,,,,,,,,,,,
2126901,d3732b96d7f76579960f2399275956ca594ddf49ad44af4eb36c237ec2f4be97d67d17d625d18b97ebed8d7297d07a66659a8a9587e97efecda003b9d7a70461,08/12/2025 11:10:00 AM,1,DRIVER,,2027572,,CHEVROLET,TRAX,IL,2020,NONE,PASSENGER,PERSONAL,E,TURNING LEFT,Y,,1,,PRIVATE,UNK,,Y,Y,,,,,,,,,,,,FRONT-RIGHT-CORNER,,,,,,,,,,,,,,,,,,,,,,,,,,,,,,,,,
2126902,d3732b96d7f76579960f2399275956ca594ddf49ad44af4eb36c237ec2f4be97d67d17d625d18b97ebed8d7297d07a66659a8a9587e97efecda003b9d7a70461,08/12/2025 11:10:00 AM,2,DRIVER,,2027577,,ACURA,TLX,IL,2004,NONE,PASSENGER,PERSONAL,N,STRAIGHT AHEAD,,,1,,,,,Y,,,,,,,,,,Y,Y,,FRONT,,,,,,,,,,,,,,,,,,,,,,,,,,,,,,,,,
2126981,61a0f4a9a9764687082e8571135e57afb43831137155838da45780772e2989f5c96ea89c9cd61ffd53dd32aa4b19a9a333701e204714d6327827fb8889499ab5,08/12/2025 11:00:00 AM,1,DRIVER,1,2027664,,CHEVROLET,EXPRESS,FL,2008,NONE,VAN/MINI-VAN,OTHER,S,TURNING LEFT,,,2,,,,,,,,,,,,,,,Y,Y,,FRONT-LEFT-CORNER,,,,,,,,,,,,,,,,,,,,,,,,,,,,,,,,,
2126982,61a0f4a9a9764687082e8571135e57afb43831137155838da45780772e2989f5c96ea89c9cd61ffd53dd32aa4b19a9a333701e204714d6327827fb8889499ab5,08/12/2025 11:00:00 AM,2,DRIVER,1,2027694,,CHEVROLET,MALIBU,IL,2019,NONE,PASSENGER,PERSONAL,E,STRAIGHT AHEAD,,,2,,,,,,,,,,,,,,,Y,,,FRONT-LEFT-CORNER,,,,,,,,,,,,,,,,,,,,,,,,,,,,,,,,,