CRASH_UNIT_ID,CRASH_RECORD_ID,CRASH_DATE,UNIT_NO,UNIT_TYPE,NUM_PASSENGERS,VEHICLE_ID,CMRC_VEH_I,MAKE,MODEL,LIC_PLATE_STATE,VEHICLE_YEAR,VEHICLE_DEFECT,VEHICLE_TYPE,VEHICLE_USE,TRAVEL_DIRECTION,MANEUVER,TOWED_I,FIRE_I,OCCUPANT_CNT,EXCEED_SPEED_LIMIT_I,TOWED_BY,TOWED_TO,AREA_00_I,AREA_01_I,AREA_02_I,AREA_03_I,AREA_04_I,AREA_05_I,AREA_06_I,AREA_07_I,AREA_08_I,AREA_09_I,AREA_10_I,AREA_11_I,AREA_12_I,AREA_99_I,FIRST_CONTACT_POINT,CMV_ID,USDOT_NO,CCMC_NO,ILCC_NO,COMMERCIAL_SRC,GVWR,CARRIER_NAME,CARRIER_STATE,CARRIER_CITY,HAZMAT_PLACARDS_I,HAZMAT_NAME,UN_NO,HAZMAT_PRESENT_I,HAZMAT_REPORT_I,HAZMAT_REPORT_NO,MCS_REPORT_I,MCS_REPORT_NO,HAZMAT_VIO_CAUSE_CRASH_I,MCS_VIO_CAUSE_CRASH_I,IDOT_PERMIT_NO,WIDE_LOAD_I,TRAILER1_WIDTH,TRAILER2_WIDTH,TRAILER1_LENGTH,TRAILER2_LENGTH,TOTAL_VEHICLE_LENGTH,AXLE_CNT,VEHICLE_CONFIG,CARGO_BODY_TYPE,LOAD_TYPE,HAZMAT_OUT_OF_SERVICE_I,MCS_OUT_OF_SERVICE_I,HAZMAT_CLASS
2127128,865ec1f740b85ff34e91b573eeaa13db6cbf30f6dd553eec34b58b4533b423869af31f32c77310e64fe825c4bfc45db626eb9947c5ab4bb1f3c58b544052872e,08/12/2025 11:00:00 AM,1,DRIVER,,2027788,,SUBARU,FORESTER,IL,2015,UNKNOWN,PASSENGER,UNKNOWN/NA,N,LEAVING TRAFFIC LANE TO PARK,,,1,,,,,,,,,,,,,,,Y,Y,,FRONT-LEFT-CORNER,,,,,,,,,,,,,,,,,,,,,,,,,,,,,,,,,
2128236,ea54a194cc37495087b4d8a7aa677c5013c91502b9baa84a0d20045ea057f4e8393d237bb9cf9a1d827b1e3f92a3a5a792904844fa334631cbbc260e41b7733a,08/12/2025 11:00:00 AM,1,DRIVER,,2028835,,GENESIS,GV80,IL,2021,NONE,PASSENGER,PERSONAL,N,BACKING,,,1,,,,,,,,Y,Y,,,,,,,,,REAR-RIGHT-CORNER,,,,,,,,,,,,,,,,,,,,,,,,,,,,,,,,,
2128237,ea54a194cc37495087b4d8a7aa677c5013c91502b9baa84a0d20045ea057f4e8393d237bb9cf9a1d827b1e3f92a3a5a792904844fa334631cbbc260e41b7733a,08/12/2025 11:00:00 AM,2,PARKED,,2028839,,HONDA,CR-V,IL,2016,NONE,PASSENGER,NOT IN USE,N,PARKED,,,0,,,,,,,,,,,Y,Y,Y,,,,,REAR-LEFT-CORNER,,,,,,,,,,,,,,,,,,,,,,,,,,,,,,,,,
2126937,f48f090b716d1ceb67bf79fbb43ff9bc1a8c9dd94e704543ee51103448accfc75a5754281aa08d3ec96e82641b95ce2f25671f4dec1474cb04e262c116ebfd56,08/12/2025 11:00:00 AM,1,DRIVER,,2027601,,TOYOTA,COROLLA,IL,2015,NONE,PASSENGER,PERSONAL,NW,U-TURN,,,1,,,,,,,,,,,,,Y,Y,,,,SIDE-LEFT,,,,,,,,,,,,,,,,,,,,,,,,,,,,,,,,,
2126938,f48f090b716d1ceb67bf79fbb43ff9bc1a8c9dd94e704543ee51103448accfc75a5754281aa08d3ec96e82641b95ce2f25671f4dec1474cb04e262c116ebfd56,08/12/2025 11:00:00 AM,2,DRIVER,,2027607,,JEEP,JEEP,IL,2019,NONE,SPORT UTILITY VEHICLE (SUV),PERSONAL,N,STRAIGHT AHEAD,,,1,,,,,,,,,,,,,,,,,,FRONT,,,,,,,,,,,,,,,,,,,,,,,,,,,,,,,,,
2126895,6ca475db3d162218694bb3c9fa2f1e13d47f54d63f64e8ac3920c232795a592b61ee93d55785d1072cb7c6f80ef13a107cac757348460f446c33b27ecb5777f2,08/12/2025 10:50:00 AM,1,DRIVER,,2027558,,HONDA,RIDGELINE,IL,2023,NONE,PICKUP,COMMERCIAL - SINGLE UNIT,E,TURNING LEFT,,,1,,,,,,,,,,,,,,,Y,Y,,FRONT,,,,,,,,,,,,,,,,,,,,,,,,,,,,,,,,,
2126896,6ca475db3d162218694bb3c9fa2f1e13d47f54d63f64e8ac3920c232795a592b61ee93d55785d1072cb7c6f80ef13a107cac757348460f446c33b27ecb5777f2,08/12/2025 10:50:00 AM,2,DRIVER,,2027568,,KIA,TELLURIDE,IL,2024,NONE,PASSENGER,PERSONAL,N,TURNING LEFT,,,1,,,,,,,,,,Y,Y,,,,,,,REAR-LEFT-CORNER,,,,,,,,,,,,,,,,,,,,,,,,,,,,,,,,,
2126887,4268c4d1c1de1fee3113ae94e3abe125623a9e30f8edbbcf65d53b096664f7cec71f41b33c7c963f9501a1d8fcf76e88a7f3dbf946cce563ef5083873681fc3d,08/12/2025 10:35:00 AM,1,DRIVER,,2027552,Y,"MACK TRUCKS, INC.","MACK TRUCKS, INC.",IL,2014,UNKNOWN,TRUCK - SINGLE UNIT,COMMERCIAL - MULTI-UNIT,SW,TURNING LEFT,,,1,,,,Y,,,,,,,,,,,,,,REAR-LEFT-CORNER,"21,972",152985,,,SIDE OF TRUCK,,RAME GENERAL TRUCKING INC,IL,CICERO,,,,N,N,,N,,N,N,,,,,,,,,TRACTOR/SEMI-TRAILER,OTHER,OTHER,N,N,
2126888,4268c4d1c1de1fee3113ae94e3abe125623a9e30f8edbbcf65d53b096664f7cec71f41b33c7c963f9501a1d8fcf76e88a7f3dbf946cce563ef5083873681fc3d,08/12/2025 10:35:00 AM,2,DRIVER,3,2027567,,BMW,X5,MI,2025,UNKNOWN,PASSENGER,PERSONAL,NW,TURNING LEFT,,,4,,,,,,,,,,,,,,,Y,Y,,FRONT-LEFT-CORNER,,,,,,,,,,,,,,,,,,,,,,,,,,,,,,,,,
2126872,705fb4b6f0c2e68a2905a1369d04de768241dcedbaa54047f526c6c025fa34258505c53e95df48b59047824c35097449fc75551a3763746ca4f1ed105cbdc1ee,08/12/2025 10:33:00 AM,1,DRIVER,1,2027542,,AUDI,Q7,IL,2023,UNKNOWN,SPORT UTILITY VEHICLE (SUV),UNKNOWN/NA,S,STRAIGHT AHEAD,,,2,,,,,,,,,,,,,,,,Y,,FRONT,,,,,,,,,,,,,,,,,,,,,,,,,,,,,,,,,
2126873,705fb4b6f0c2e68a2905a1369d04de768241dcedbaa54047f526c6c025fa34258505c53e95df48b59047824c35097449fc75551a3763746ca4f1ed105cbdc1ee,08/12/2025 10:33:00 AM,2,DRIVER,,2027559,,SUBARU,FORESTER,IL,2025,UNKNOWN,SPORT UTILITY VEHICLE (SUV),UNKNOWN/NA,S,TURNING LEFT,,,1,,,,,Y,,,,,,,,,,,Y,,FRONT-RIGHT-CORNER,,,,,,,,,,,,,,,,,,,,,,,,,,,,,,,,,
2126897,958a5e6855afc4d2b303810d32a967f8fc3cfdfdaa55615caa5d8305b91cd571ffe738d39fea555b4e3d4f4621bad761bea069b8981f47ad4913019be076a7c2,08/12/2025 10:30:00 AM,1,DRIVER,,2027573,,DODGE,CHALLENGER,IL,2023,NONE,PASSENGER,PERSONAL,S,SKIDDING/CONTROL LOSS,Y,,1,,,,,Y,,,,,,,,,,Y,Y,,FRONT,,,,,,,,,,,,,,,,,,,,,,,,,,,,,,,,,
2126898,958a5e6855afc4d2b303810d32a967f8fc3cfdfdaa55615caa5d8305b91cd571ffe738d39fea555b4e3d4f4621bad761bea069b8981f47ad4913019be076a7c2,08/12/2025 10:30:00 AM,2,DRIVER,,2027581,,SUBARU,OUTBACK,IL,2011,UNKNOWN,PASSENGER,PERSONAL,S,SLOW/STOP IN TRAFFIC,,,1,,,,,,,,,,Y,,,,,,,,REAR,,,,,,,,,,,,,,,,,,,,,,,,,,,,,,,,,
2126885,aa7e44d57a44c055614c559696b40b0dbd46554e21f72a22f6b7aca87aa04b869dd585ab9f0e5a3af681384e2c07e29e8f37696dc300530dc61040c657a4a648,08/12/2025 10:30:00 AM,1,DRIVER,,2027557,,TRANSCRAFT CORPORATION,TRANSCRAFT CORP.,IL,2015,UNKNOWN,TRACTOR W/ SEMI-TRAILER,OTHER,W,TURNING RIGHT,,,1,,,,,,,,,,,,,,,,,,SIDE-LEFT-REAR,,,,,,,,,,,,,,,,,,,,,,,,,,,,,,,,,
2126886,aa7e44d57a44c055614c559696b40b0dbd46554e21f72a22f6b7aca87aa04b869dd585ab9f0e5a3af681384e2c07e29e8f37696dc300530dc61040c657a4a648,08/12/2025 10:30:00 AM,2,DRIVER,,2027569,,TOYOTA,RAV4,IL,2016,UNKNOWN,PASSENGER,PERSONAL,W,STRAIGHT AHEAD,,,1,,,,,,Y,Y,,,,,,,,,,,SIDE-RIGHT-FRONT,,,,,,,,,,,,,,,,,,,,,,,,,,,,,,,,,
2127257,bd98658f9d50c06583d7940c976e0c31faced84d3f07362c07fda62039e5c4f19dc1d7042474df7a02a62cd916e8ea9554976b30c401d3e96ea1a3839ac75f81,08/12/2025 10:30:00 AM,1,DRIVER,,2027902,,INFINITI,G37,IL,2013,NONE,PASSENGER,PERSONAL,SE,TURNING LEFT,,,1,,,,,,,,,,,,,,Y,Y,Y,,FRONT-LEFT-CORNER,,,,,,,,,,,,,,,,,,,,,,,,,,,,,,,,,
2127258,bd98658f9d50c06583d7940c976e0c31faced84d3f07362c07fda62039e5c4f19dc1d7042474df7a02a62cd916e8ea9554976b30c401d3e96ea1a3839ac75f81,08/12/2025 10:30:00 AM,2,DRIVER,1,2027906,,HONDA,ACCORD,IL,2017,NONE,PASSENGER,PERSONAL,N,SLOW/STOP IN TRAFFIC,,,2,,,,,,,,,,,,,Y,Y,N,,,SIDE-LEFT,,,,,,,,,,,,,,,,,,,,,,,,,,,,,,,,,
2126915,9da7c6b7bedb905f7165701284421483587212e74cd89567faeba513d7eb4501dcc46c2cd9db666a926cc37f31d2737b8a26a6719c5d8b52aaa25efd6707b378,08/12/2025 10:25:00 AM,1,DRIVER,,2027588,Y,VOLVO,OTHER (EXPLAIN IN NARRATIVE),,2021,NONE,TRACTOR W/ SEMI-TRAILER,COMMERCIAL - SINGLE UNIT,N,STRAIGHT AHEAD,Y,,1,,PRIVATE COMPANY,,,,,,,,,,,,,,,,TOP,"21,973",,,,,2,INS TRANSPORT LTD,,WINNIPEG,,,,N,N,,N,,N,N,,,0-96,,,,53,,TRACTOR/SEMI-TRAILER,OTHER,UNKNOWN,N,N,
2126869,cabe7adeb3d01dbed102982130d5e39497e84d49ffc28b0ffeed83bda248d2870ba1635fe13495924a66e7bf873da86141014ca93da1af9885cc73bd69234b6b,08/12/2025 10:20:00 AM,1,DRIVER,,2027541,,CHEVROLET,MALIBU,IL,2012,UNKNOWN,PASSENGER,UNKNOWN/NA,W,ENTERING TRAFFIC LANE FROM PARKING,,,1,,,,,,,,,,,,,,,,,,FRONT,,,,,,,,,,,,,,,,,,,,,,,,,,,,,,,,,
2126870,cabe7adeb3d01dbed102982130d5e39497e84d49ffc28b0ffeed83bda248d2870ba1635fe13495924a66e7bf873da86141014ca93da1af9885cc73bd69234b6b,08/12/2025 10:20:00 AM,2,DRIVER,,2027543,,FORD,EXPLORER,IL,2021,UNKNOWN,SPORT UTILITY VEHICLE (SUV),POLICE,E,LEAVING TRAFFIC LANE TO PARK,,,1,,,,,,,,,,,,,,,,,,REAR,,,,,,,,,,,,,,,,,,,,,,,,,,,,,,,,,
2126877,e253afd0b4e44b896804e7ff5d50a9072a4a2229efd67c277ea8ab224281a1db14a525e9fd3964b1ea646adbfd07c36fdd6794a6041a577a20ab7037068887aa,08/12/2025 10:10:00 AM,1,DRIVER,,2027547,,VANGUARD (CANADA),OTHER (EXPLAIN IN NARRATIVE),MI,2017,NONE,TRACTOR W/ SEMI-TRAILER,COMMERCIAL - SINGLE UNIT,E,STRAIGHT AHEAD,,,1,,,,,Y,Y,,,,,,,,Y,Y,Y,,FRONT,,,,,,,,,,,,,,,,,,,,,,,,,,,,,,,,,
2127294,0823f296fac678cd2ea82af4baa5ae49d9b1e3f2f3180df39ea33a568fd49395bf513b954c3703a45900342368b7b6407bb12755004d4ef0a6eb2c213bb117d4,08/12/2025 10:00:00 AM,1,DRIVER,,2027945,,UNKNOWN,OTHER (EXPLAIN IN NARRATIVE),XX,,UNKNOWN,UNKNOWN/NA,UNKNOWN/NA,UNKNOWN,UNKNOWN/NA,,,1,,,,,,,,,,,,,,,,,Y,UNKNOWN,,,,,,,,,,,,,,,,,,,,,,,,,,,,,,,,,
2127295,0823f296fac678cd2ea82af4baa5ae49d9b1e3f2f3180df39ea33a568fd49395bf513b954c3703a45900342368b7b6407bb12755004d4ef0a6eb2c213bb117d4,08/12/2025 10:00:00 AM,2,PARKED,,2027949,,KIA,FORTE,IL,2020,UNKNOWN,UNKNOWN/NA,UNKNOWN/NA,UNKNOWN,PARKED,Y,,0,,JALA TOWING,401NORTHCICEROAVE,,Y,,,,,,Y,,,,,,,REAR,,,,,,,,,,,,,,,,,,,,,,,,,,,,,,,,,
2127114,e8332b9fc684c481e344f34df9cace0f8f6447bd405ce7d738986e06ec8b5979144edc6f1c3493fd66c81c14f15f93552ba379b4c95f2f44740dc497c760337e,08/12/2025 10:00:00 AM,2,PARKED,,2027762,,CHEVROLET,EQUINOX,IL,2008,NONE,SPORT UTILITY VEHICLE (SUV),PERSONAL,UNKNOWN,PARKED,,,0,,,,,Y,Y,Y,,,,,,,,,,,SIDE-RIGHT-FRONT,,,,,,,,,,,,,,,,,,,,,,,,,,,,,,,,,
2127115,e8332b9fc684c481e344f34df9cace0f8f6447bd405ce7d738986e06ec8b5979144edc6f1c3493fd66c81c14f15f93552ba379b4c95f2f44740dc497c760337e,08/12/2025 10:00:00 AM,1,DRIVER,,2027768,,UNKNOWN,OTHER (EXPLAIN IN NARRATIVE),IL,,UNKNOWN,UNKNOWN/NA,UNKNOWN/NA,UNKNOWN,UNKNOWN/NA,,,1,,,,,,,,,,,,,,,,,Y,UNKNOWN,,,,,,,,,,,,,,,,,,,,,,,,,,,,,,,,,
2128027,0dae96a6bd669fec8a8b010772b84d45a9685b4b64e7d3bbc4a4eaa2eb5f86a5ee13abae42e793a732f44699936969f68cb9752b7623c91490142fff1a997e22,08/12/2025 09:55:00 AM,1,DRIVER,,2028633,,GENERAL MOTORS CORPORATION (GMC),ACADIA,IL,2021,UNKNOWN,SPORT UTILITY VEHICLE (SUV),UNKNOWN/NA,E,STRAIGHT AHEAD,,,1,,,,,Y,Y,,,,,,,,,,,,FRONT-RIGHT-CORNER,,,,,,,,,,,,,,,,,,,,,,,,,,,,,,,,,
2128028,0dae96a6bd669fec8a8b010772b84d45a9685b4b64e7d3bbc4a4eaa2eb5f86a5ee13abae42e793a732f44699936969f68cb9752b7623c91490142fff1a997e22,08/12/2025 09:55:00 AM,2,DRIVER,,2028638,,KIA,NIRO,IL,2024,UNKNOWN,PASSENGER,UNKNOWN/NA,E,STRAIGHT AHEAD,,,1,,,,,,,,,,,,Y,Y,Y,Y,,,SIDE-LEFT,,,,,,,,,,,,,,,,,,,,,,,,,,,,,,,,,
2126881,5ce0ec653ed52626e0552e4e7e304eeb42c9db5c01f2c5261c461f7088726b9ac96b8f8005b2b543a5a034c9e8c5deb8665dfab69ace8de6e1f0f75ac041dbb7,08/12/2025 09:52:00 AM,1,DRIVER,,2027545,,KIA,SOUL,IL,2014,UNKNOWN,PASSENGER,PERSONAL,S,BACKING,,,1,,,,,,,,,,,Y,,,,,,,REAR-LEFT-CORNER,,,,,,,,,,,,,,,,,,,,,,,,,,,,,,,,,
2126882,5ce0ec653ed52626e0552e4e7e304eeb42c9db5c01f2c5261c461f7088726b9ac96b8f8005b2b543a5a034c9e8c5deb8665dfab69ace8de6e1f0f75ac041dbb7,08/12/2025 09:52:00 AM,2,DRIVER,,2027551,,TOYOTA,PRIUS,IL,2012,OTHER,PASSENGER,PERSONAL,E,SLOW/STOP IN TRAFFIC,,,1,,,,,,,,,,,,,,Y,Y,,,SIDE-LEFT-FRONT,,,,,,,,,,,,,,,,,,,,,,,,,,,,,,,,,
2126935,3f5f65999a8dd67523100e7b99135ac9b5c3445e00c0c665ebbfb43ca0709901bba60fbac236aa4d87a248b466b058838463f10bb91af27b2d3219874053161c,08/12/2025 09:51:00 AM,1,DRIVER,,2027602,,TOYOTA,SOLARA,IL,2001,NONE,PASSENGER,PERSONAL,W,PASSING/OVERTAKING,,,1,,,,,Y,,,,,,,,,,,Y,,FRONT-RIGHT-CORNER,,,,,,,,,,,,,,,,,,,,,,,,,,,,,,,,,
2126936,3f5f65999a8dd67523100e7b99135ac9b5c3445e00c0c665ebbfb43ca0709901bba60fbac236aa4d87a248b466b058838463f10bb91af27b2d3219874053161c,08/12/2025 09:51:00 AM,2,DRIVER,,2027609,,HYUNDAI,TUCSON,IL,2022,NONE,SPORT UTILITY VEHICLE (SUV),PERSONAL,W,STRAIGHT AHEAD,,,1,,,,,,,,,,,,,,,Y,,,FRONT-LEFT-CORNER,,,,,,,,,,,,,,,,,,,,,,,,,,,,,,,,,
2126925,b9fe579883f3ebae3df8958706d7ac9080aaeaf6270bf5aa0a7123c6d98179bead45f8422f0611ed7500b145b0e4a3883c557bd2b3eae53199798dfc6c9f55dd,08/12/2025 09:50:00 AM,1,DRIVER,,2027592,,TOYOTA,CAMRY,IL,1999,NONE,PASSENGER,PERSONAL,E,STRAIGHT AHEAD,,,1,,,,,N,N,,,,,,,,Y,Y,Y,,FRONT-LEFT-CORNER,,,,,,,,,,,,,,,,,,,,,,,,,,,,,,,,,
2126926,b9fe579883f3ebae3df8958706d7ac9080aaeaf6270bf5aa0a7123c6d98179bead45f8422f0611ed7500b145b0e4a3883c557bd2b3eae53199798dfc6c9f55dd,08/12/2025 09:50:00 AM,2,DRIVER,,2027595,,CHEVROLET,CRUZE,IL,2019,NONE,PASSENGER,PERSONAL,S,STRAIGHT AHEAD,,,1,,,,,Y,Y,,,,,,,Y,Y,Y,Y,,FRONT-RIGHT-CORNER,,,,,,,,,,,,,,,,,,,,,,,,,,,,,,,,,
2127916,b424969a19c14cae33622e27caa9157afbbc80b065e9d21e105f94dbbd397b96988a2e459b5c1a3fedb1109e52e5d600e4913621776be623ed49946a1dfd1c13,08/12/2025 09:40:00 AM,1,DRIVER,,2028631,,GENERAC CORPORATION,GENERAC CORP.,OH,2024,UNKNOWN,UNKNOWN/NA,UNKNOWN/NA,UNKNOWN,STRAIGHT AHEAD,,,1,,,,,,,,,,,,,,,,,,UNKNOWN,,,,,,,,,,,,,,,,,,,,,,,,,,,,,,,,,
2127917,b424969a19c14cae33622e27caa9157afbbc80b065e9d21e105f94dbbd397b96988a2e459b5c1a3fedb1109e52e5d600e4913621776be623ed49946a1dfd1c13,08/12/2025 09:40:00 AM,2,PARKED,,2028642,,CHEVROLET,TRAVERSE,IL,2022,UNKNOWN,PASSENGER,PERSONAL,UNKNOWN,PARKED,,,0,,,,,,,,,,,N,Y,Y,Y,Y,,,SIDE-LEFT,,,,,,,,,,,,,,,,,,,,,,,,,,,,,,,,,
2127082,f0ce5859eb2b85d9d85d8b34cbe4e86753027a9970ad7c61de6bb4ec100d6707a44f60a86ef58e411ddce45c1d27a8d4adfe5142e6ee19d89a0926a9b90fdf15,08/12/2025 09:20:00 AM,1,DRIVER,,2027761,,CHEVROLET,EQUINOX,IL,2024,NONE,SPORT UTILITY VEHICLE (SUV),PERSONAL,NE,TURNING LEFT,,,1,,,,,Y,,,,,,,,,,Y,Y,,FRONT,,,,,,,,,,,,,,,,,,,,,,,,,,,,,,,,,
2127083,f0ce5859eb2b85d9d85d8b34cbe4e86753027a9970ad7c61de6bb4ec100d6707a44f60a86ef58e411ddce45c1d27a8d4adfe5142e6ee19d89a0926a9b90fdf15,08/12/2025 09:20:00 AM,2,DRIVER,,2027746,,VOLKSWAGEN,JETTA,IL,2017,NONE,PASSENGER,PERSONAL,N,STRAIGHT AHEAD,,,1,,,,,,,,,,,,,Y,Y,,,,SIDE-LEFT,,,,,,,,,,,,,,,,,,,,,,,,,,,,,,,,,
2127090,7f730d79c5a0f7763b9503c72dc3c7b21eb952059f6f5ce2579280fd648e11a2dc648a0f69ab74fa529173f63b712ac7dd2db9f6375bb240b8735242ecfc24fd,08/12/2025 09:15:00 AM,1,DRIVER,,2027738,,KIA,SELTOS,IL,2022,UNKNOWN,PASSENGER,UNKNOWN/NA,S,STRAIGHT AHEAD,,,1,,,,,,,,,Y,,,,,,,,,REAR-RIGHT-CORNER,,,,,,,,,,,,,,,,,,,,,,,,,,,,,,,,,
2127091,7f730d79c5a0f7763b9503c72dc3c7b21eb952059f6f5ce2579280fd648e11a2dc648a0f69ab74fa529173f63b712ac7dd2db9f6375bb240b8735242ecfc24fd,08/12/2025 09:15:00 AM,2,PARKED,,2027742,,BMW,X5,IL,2016,UNKNOWN,PASSENGER,UNKNOWN/NA,W,PARKED,,,0,,,,,,,,,,Y,Y,,,,,,,REAR-LEFT-CORNER,,,,,,,,,,,,,,,,,,,,,,,,,,,,,,,,,
2126960,9621e13d3aac5ab436ece90f10ef624536a98e0f3ca731dca43be641e166ff7e6d163861a3e603e3c4044f188e67d513c192c5bf498104fcf7cc5e594d70fe40,08/12/2025 09:15:00 AM,1,DRIVER,,2027622,,TOYOTA,RAV4,IL,2022,UNKNOWN,SPORT UTILITY VEHICLE (SUV),UNKNOWN/NA,S,STRAIGHT AHEAD,,,1,,,,,,,,,,,,Y,Y,Y,,,,SIDE-LEFT-FRONT,,,,,,,,,,,,,,,,,,,,,,,,,,,,,,,,,
2126961,9621e13d3aac5ab436ece90f10ef624536a98e0f3ca731dca43be641e166ff7e6d163861a3e603e3c4044f188e67d513c192c5bf498104fcf7cc5e594d70fe40,08/12/2025 09:15:00 AM,2,DRIVER,,2027623,,VOLVO,OTHER (EXPLAIN IN NARRATIVE),IL,2023,NONE,SPORT UTILITY VEHICLE (SUV),PERSONAL,S,STRAIGHT AHEAD,,,1,,,,,,Y,Y,Y,,,,,,,,,,SIDE-RIGHT,,,,,,,,,,,,,,,,,,,,,,,,,,,,,,,,,
2126991,599099d47edbf044359308b437c126b7ea66cc7c6fbcf49f488e9f868e5d0b1e00e99c12259d46f96000c1b7ec79609f5e36d6010b995f800e255160ec52961d,08/12/2025 09:05:00 AM,1,DRIVER,,2027685,,BMW,X5,IL,2025,NONE,PASSENGER,PERSONAL,S,ENTERING TRAFFIC LANE FROM PARKING,Y,,1,,PRIVATE TOW,,,,,,,,,,,,Y,Y,,,SIDE-LEFT-FRONT,,,,,,,,,,,,,,,,,,,,,,,,,,,,,,,,,
2126992,599099d47edbf044359308b437c126b7ea66cc7c6fbcf49f488e9f868e5d0b1e00e99c12259d46f96000c1b7ec79609f5e36d6010b995f800e255160ec52961d,08/12/2025 09:05:00 AM,2,DRIVER,,2027698,,NISSAN,ROGUE,IL,2016,OTHER,PASSENGER,PERSONAL,S,STRAIGHT AHEAD,,,1,,,,,,,Y,Y,Y,,,,,,,,,SIDE-RIGHT,,,,,,,,,,,,,,,,,,,,,,,,,,,,,,,,,
2126823,f56f68e234b29c5e6a7b4f74d96a8de04a272fea4dbe6c1c2fa53bc06e8850bb8b8d97497de0a3408c967f01884d7c51b8bde5bdf93007bb480281deb32ad63a,08/12/2025 09:05:00 AM,1,DRIVER,,2027495,Y,"MACK TRUCKS, INC.","MACK TRUCKS, INC.",IL,2024,NONE,OTHER,COMMERCIAL - SINGLE UNIT,S,TURNING RIGHT,,,1,,,,Y,,,,,,,,,,,,,,UNKNOWN,"21,970",289606,314622,,DRIVER,2,WASTE MANAGEMENT,IL,MELROSE PARK,,,,N,N,,U,,N,N,,,,,,,,,,,,N,N,MISCELLANEOUS
2126824,f56f68e234b29c5e6a7b4f74d96a8de04a272fea4dbe6c1c2fa53bc06e8850bb8b8d97497de0a3408c967f01884d7c51b8bde5bdf93007bb480281deb32ad63a,08/12/2025 09:05:00 AM,2,DRIVERLESS,,2027501,,NISSAN,TRUCK,IL,2012,NONE,PASSENGER,UNKNOWN/NA,W,PARKED,,,0,,,,,,,,,,Y,,,,,,,,REAR-LEFT-CORNER,,,,,,,,,,,,,,,,,,,,,,,,,,,,,,,,,
2128939,845b7c7120c55282507442410ef6630602090cb3bb49110a89c504761f18a79bc6d91e874c0972a16ff538d38a54df99bd38d06e1e804ed43be69188aea9b07f,08/12/2025 09:00:00 AM,1,DRIVER,,2029511,,TOYOTA,CAMRY,IL,,UNKNOWN,PASSENGER,UNKNOWN/NA,N,STRAIGHT AHEAD,,,1,,,,,Y,,,,,,,,,,,,,FRONT-RIGHT-CORNER,,,,,,,,,,,,,,,,,,,,,,,,,,,,,,,,,
2128940,845b7c7120c55282507442410ef6630602090cb3bb49110a89c504761f18a79bc6d91e874c0972a16ff538d38a54df99bd38d06e1e804ed43be69188aea9b07f,08/12/2025 09:00:00 AM,2,PARKED,,2029514,,NISSAN,ROGUE,IL,,UNKNOWN,PASSENGER,NOT IN USE,N,PARKED,,,0,,,,,,,,,,,,Y,Y,Y,,,,SIDE-LEFT,,,,,,,,,,,,,,,,,,,,,,,,,,,,,,,,,
2126832,9c05bbf7478848080ca0a978035ec1cab6be889b75f53e922930cc3165761ecbeaaec60e255755d6dc1c0b8876bc4810a4c626888920c30b342c42e546f5438f,08/12/2025 09:00:00 AM,1,DRIVER,,2027508,,FORD,EXPLORER,IL,2017,NONE,PASSENGER,POLICE,N,AVOIDING VEHICLES/OBJECTS,,,1,,,,,,,,,,,,,,,Y,,,FRONT-LEFT-CORNER,,,,,,,,,,,,,,,,,,,,,,,,,,,,,,,,,
2127039,e7d5de184ab2ebfa848195e567aad5c3e97d204aa276680568096f12657a7a70f87702e77a6e7c786f7cac5a8ac85329753ced0bfc34830123953785c96ea2f0,08/12/2025 09:00:00 AM,1,DRIVER,,2027692,,CHRYSLER,200,IL,2017,UNKNOWN,PASSENGER,PERSONAL,N,STRAIGHT AHEAD,,,1,,,,,,,,,,,,,,,,,Y,FRONT,,,,,,,,,,,,,,,,,,,,,,,,,,,,,,,,,
2127040,e7d5de184ab2ebfa848195e567aad5c3e97d204aa276680568096f12657a7a70f87702e77a6e7c786f7cac5a8ac85329753ced0bfc34830123953785c96ea2f0,08/12/2025 09:00:00 AM,2,BICYCLE,,,,,,,,,,,,,,,,,,,,,,,,,,,,,,,,,,,,,,,,,,,,,,,,,,,,,,,,,,,,,,,,,,
2126909,c39271f71b33d1672cc4dde58fa279daec6ece2b55f47877e9c2ef87afdb8a42f1ec7bb58367ecc6f000e8684019e717d7854587f722ec44ac9100f4c5b26ad5,08/12/2025 08:55:00 AM,1,DRIVER,,2027575,,CHEVROLET,MALIBU,IL,2014,NONE,PASSENGER,PERSONAL,S,BACKING,,,1,,,,,,,,,,Y,,,,,,,,REAR,,,,,,,,,,,,,,,,,,,,,,,,,,,,,,,,,
2126910,c39271f71b33d1672cc4dde58fa279daec6ece2b55f47877e9c2ef87afdb8a42f1ec7bb58367ecc6f000e8684019e717d7854587f722ec44ac9100f4c5b26ad5,08/12/2025 08:55:00 AM,2,PARKED,,2027582,,TOYOTA,OTHER (EXPLAIN IN NARRATIVE),IL,2013,NONE,OTHER,PERSONAL,N,PARKED,,,0,,,,,,,,,,,,,,,,Y,,FRONT,,,,,,,,,,,,,,,,,,,,,,,,,,,,,,,,,