CRASH_UNIT_ID,CRASH_RECORD_ID,CRASH_DATE,UNIT_NO,UNIT_TYPE,NUM_PASSENGERS,VEHICLE_ID,CMRC_VEH_I,MAKE,MODEL,LIC_PLATE_STATE,VEHICLE_YEAR,VEHICLE_DEFECT,VEHICLE_TYPE,VEHICLE_USE,TRAVEL_DIRECTION,MANEUVER,TOWED_I,FIRE_I,OCCUPANT_CNT,EXCEED_SPEED_LIMIT_I,TOWED_BY,TOWED_TO,AREA_00_I,AREA_01_I,AREA_02_I,AREA_03_I,AREA_04_I,AREA_05_I,AREA_06_I,AREA_07_I,AREA_08_I,AREA_09_I,AREA_10_I,AREA_11_I,AREA_12_I,AREA_99_I,FIRST_CONTACT_POINT,CMV_ID,USDOT_NO,CCMC_NO,ILCC_NO,COMMERCIAL_SRC,GVWR,CARRIER_NAME,CARRIER_STATE,CARRIER_CITY,HAZMAT_PLACARDS_I,HAZMAT_NAME,UN_NO,HAZMAT_PRESENT_I,HAZMAT_REPORT_I,HAZMAT_REPORT_NO,MCS_REPORT_I,MCS_REPORT_NO,HAZMAT_VIO_CAUSE_CRASH_I,MCS_VIO_CAUSE_CRASH_I,IDOT_PERMIT_NO,WIDE_LOAD_I,TRAILER1_WIDTH,TRAILER2_WIDTH,TRAILER1_LENGTH,TRAILER2_LENGTH,TOTAL_VEHICLE_LENGTH,AXLE_CNT,VEHICLE_CONFIG,CARGO_BODY_TYPE,LOAD_TYPE,HAZMAT_OUT_OF_SERVICE_I,MCS_OUT_OF_SERVICE_I,HAZMAT_CLASS
2126852,e28e5b7a0558aea3c6131de6f74db417dceefac439b6870897488b27448bcd843f9c8b9f5f4337d95498b5ff63cf491ce88381a958b8fb769e37bec350bd164a,08/12/2025 08:52:00 AM,1,DRIVER,,2027523,,CHEVROLET,TRAX,IL,2025,UNKNOWN,PASSENGER,PERSONAL,N,STRAIGHT AHEAD,,,1,,,,,Y,Y,Y,,,,,,,Y,Y,Y,,FRONT,,,,,,,,,,,,,,,,,,,,,,,,,,,,,,,,,
2126798,341d2c05d0aae8df0ae3f5c6d85cbdf1e30f881fc089b3e0c624d848623ac1d8fc4c2055a51c206c752780d541e6abc499b05e00fa93ddfc8bd66b98590fc305,08/12/2025 08:50:00 AM,1,DRIVER,,2027500,,FORD,TRANSIT,IL,2021,NONE,VAN/MINI-VAN,PERSONAL,S,TURNING LEFT,,,1,,,,,,,,,,,Y,Y,,,,,,SIDE-LEFT-REAR,,,,,,,,,,,,,,,,,,,,,,,,,,,,,,,,,
2126799,341d2c05d0aae8df0ae3f5c6d85cbdf1e30f881fc089b3e0c624d848623ac1d8fc4c2055a51c206c752780d541e6abc499b05e00fa93ddfc8bd66b98590fc305,08/12/2025 08:50:00 AM,2,DRIVER,,2027519,,TOYOTA,RAV4,IL,2025,NONE,PASSENGER,PERSONAL,E,TURNING RIGHT,,,1,,,,,,,,,,,,,,,Y,,,FRONT-LEFT-CORNER,,,,,,,,,,,,,,,,,,,,,,,,,,,,,,,,,
2126865,753471b525a3f480aea6f8bd456d938bee776dd2c5d9efdf3505005840025ce52d355c89028db6e14e5a415c8eead82704dd873fab057ae60e641ffe93550ba6,08/12/2025 08:45:00 AM,1,DRIVER,,2027540,,HYUNDAI,KONA,IL,2019,NONE,PASSENGER,OTHER,E,BACKING,,,1,,,,,,,,Y,Y,Y,,,,,,,,REAR-RIGHT-CORNER,,,,,,,,,,,,,,,,,,,,,,,,,,,,,,,,,
2126866,753471b525a3f480aea6f8bd456d938bee776dd2c5d9efdf3505005840025ce52d355c89028db6e14e5a415c8eead82704dd873fab057ae60e641ffe93550ba6,08/12/2025 08:45:00 AM,2,DRIVER,,2027544,,HONDA,CR-V,IL,2009,NONE,PASSENGER,PERSONAL,S,STRAIGHT AHEAD,,,1,,,,,Y,Y,Y,Y,Y,,,,,,,,,SIDE-RIGHT,,,,,,,,,,,,,,,,,,,,,,,,,,,,,,,,,
2126812,4a9e38ae98be34b7273a9c97cfa9fb2d2eb327bfc95d5331e02dc85ea32fcf5fa33c0933ffbb23a2b3ae46abb8aecae6430553f07505211b387a2e506cced8cd,08/12/2025 08:40:00 AM,1,DRIVER,,2027484,,CADILLAC,DEVILLE,IL,2002,NONE,PASSENGER,UNKNOWN/NA,S,STRAIGHT AHEAD,,,1,,,,,,,,,,,,Y,Y,Y,,,,SIDE-LEFT-REAR,,,,,,,,,,,,,,,,,,,,,,,,,,,,,,,,,
2126813,4a9e38ae98be34b7273a9c97cfa9fb2d2eb327bfc95d5331e02dc85ea32fcf5fa33c0933ffbb23a2b3ae46abb8aecae6430553f07505211b387a2e506cced8cd,08/12/2025 08:40:00 AM,2,DRIVER,,2027493,N,BLUEBIRD INTERNATIONAL,BLUEBIRD INTERNATIONAL,IL,2021,NONE,TRUCK - SINGLE UNIT,OTHER,S,STRAIGHT AHEAD,,,1,,,,,Y,Y,Y,,,,,,,,,,,FRONT-RIGHT-CORNER,,,,,,,,,,,,,,,,,,,,,,,,,,,,,,,,,
2126836,21cebb42250a5686936e2fc6105974bcf605f7e1ff0fe019db0b7a62578ae5ceb4e5f47265ad3ff24e8ce7e075a248efd7cd8b8b2e52d85a6f0136f24b54b440,08/12/2025 08:36:00 AM,1,DRIVER,,2027506,,UNKNOWN,OTHER (EXPLAIN IN NARRATIVE),,,UNKNOWN,SPORT UTILITY VEHICLE (SUV),PERSONAL,N,STRAIGHT AHEAD,,,1,,,,,,,,,,,,,,,,,Y,SIDE-RIGHT,,,,,,,,,,,,,,,,,,,,,,,,,,,,,,,,,
2126837,21cebb42250a5686936e2fc6105974bcf605f7e1ff0fe019db0b7a62578ae5ceb4e5f47265ad3ff24e8ce7e075a248efd7cd8b8b2e52d85a6f0136f24b54b440,08/12/2025 08:36:00 AM,2,DRIVER,,2027510,,NOVA BUS,OTHER (EXPLAIN IN NARRATIVE),IL,2015,NONE,BUS OVER 15 PASS.,CTA,N,OTHER,,,1,,,,,,,,,,,,,,Y,,,,SIDE-LEFT,,,,,,,,,,,,,,,,,,,,,,,,,,,,,,,,,
2126827,68e07dc148ee4450a11b6969c915fa48ffe16808f30fa1177b5be51bdf105091d5ce7a97d0b0ec4cde77a102ac5d13300bb8cde1ba9367fcc2215f525fe4d92f,08/12/2025 08:35:00 AM,1,DRIVER,1,2027492,,HYUNDAI,ELANTRA,IL,2013,UNKNOWN,PASSENGER,PERSONAL,E,STRAIGHT AHEAD,,,2,,,,,Y,,,,,,,,,,Y,Y,,FRONT,,,,,,,,,,,,,,,,,,,,,,,,,,,,,,,,,
2126828,68e07dc148ee4450a11b6969c915fa48ffe16808f30fa1177b5be51bdf105091d5ce7a97d0b0ec4cde77a102ac5d13300bb8cde1ba9367fcc2215f525fe4d92f,08/12/2025 08:35:00 AM,2,DRIVER,,2027499,,NISSAN,SENTRA,IL,2014,UNKNOWN,PASSENGER,PERSONAL,E,STRAIGHT AHEAD,,,1,,,,,Y,,,,Y,Y,Y,,,,Y,Y,,REAR,,,,,,,,,,,,,,,,,,,,,,,,,,,,,,,,,
2126829,68e07dc148ee4450a11b6969c915fa48ffe16808f30fa1177b5be51bdf105091d5ce7a97d0b0ec4cde77a102ac5d13300bb8cde1ba9367fcc2215f525fe4d92f,08/12/2025 08:35:00 AM,3,DRIVER,1,2027502,,HONDA,ACCORD,IL,2015,UNKNOWN,PASSENGER,PERSONAL,E,STRAIGHT AHEAD,,,2,,,,,,,,,Y,Y,Y,,,,,,,REAR,,,,,,,,,,,,,,,,,,,,,,,,,,,,,,,,,
2126810,96e14708b77a828ba1a81124b3f683b011c8afa285211503163c655cd37bc09487d60e1e9e280455422c4130a917c6629bb360736bad05b90c0b684be70fcb27,08/12/2025 08:35:00 AM,1,DRIVER,,2027479,,MAZDA,CX-5,IL,2021,NONE,PASSENGER,PERSONAL,NW,CHANGING LANES,,,1,,,,,,,,Y,Y,,,,,,,,,REAR-RIGHT-CORNER,,,,,,,,,,,,,,,,,,,,,,,,,,,,,,,,,
2126811,96e14708b77a828ba1a81124b3f683b011c8afa285211503163c655cd37bc09487d60e1e9e280455422c4130a917c6629bb360736bad05b90c0b684be70fcb27,08/12/2025 08:35:00 AM,2,DRIVER,,2027487,,HONDA,CONSTRUCTION EQUIPMENT,IL,2023,NONE,PASSENGER,PERSONAL,NW,CHANGING LANES,,,1,,,,,,,,,,,,,N,Y,Y,,,SIDE-LEFT-FRONT,,,,,,,,,,,,,,,,,,,,,,,,,,,,,,,,,
2126891,77528760435dee6d5d9ee4d2f2eab1df0dfdb2769057f855ea3a90cc184fef97d215e34a171150380e5fe3a1d58268c8dbb0e361a266db7b5bdb5658a9fe736e,08/12/2025 08:32:00 AM,1,DRIVER,,2027556,,FREIGHTLINER CORPORATION,OTHER (EXPLAIN IN NARRATIVE),IN,,UNKNOWN,TRACTOR W/ SEMI-TRAILER,COMMERCIAL - MULTI-UNIT,E,BACKING,,,1,,,,,Y,,,,,,,,,,,,,FRONT-RIGHT-CORNER,,,,,,,,,,,,,,,,,,,,,,,,,,,,,,,,,
2126892,77528760435dee6d5d9ee4d2f2eab1df0dfdb2769057f855ea3a90cc184fef97d215e34a171150380e5fe3a1d58268c8dbb0e361a266db7b5bdb5658a9fe736e,08/12/2025 08:32:00 AM,2,PARKED,,2027564,,HYUNDAI,SANTA FE,IL,2019,NONE,PASSENGER,PERSONAL,W,PARKED,,,0,,,,,,,,,,,Y,Y,Y,,,,,SIDE-LEFT,,,,,,,,,,,,,,,,,,,,,,,,,,,,,,,,,
2126874,23ba03787a063cd2b2fd4545b1759da60cae9552277e172fe41daa5c0ae60cf5df11990372c412f1deb07b39ff3a43e60b8dc6322030aac8c4c25352129de65e,08/12/2025 08:30:00 AM,1,DRIVER,,2027546,,AUTOCAR,AUTOCAR,IL,2010,UNKNOWN,OTHER,OTHER,S,BACKING,,,1,,,,,,,,,Y,Y,,,,,,,,REAR-RIGHT-CORNER,,,,,,,,,,,,,,,,,,,,,,,,,,,,,,,,,
2126825,31d689b66e840eb519ab880f5054d0d8e12851c2da58c196b72b4541373925a40f8daca0ab8dbd95320bae05a492c683b37c3189c3bf5800d43e2c86fe348a88,08/12/2025 08:30:00 AM,1,PARKED,,2027488,,FORD,TRANSIT,IL,2016,UNKNOWN,VAN/MINI-VAN,OTHER,E,PARKED,,,0,,,,Y,,,,,,,,,,,,,,SIDE-LEFT-FRONT,,,,,,,,,,,,,,,,,,,,,,,,,,,,,,,,,
2126826,31d689b66e840eb519ab880f5054d0d8e12851c2da58c196b72b4541373925a40f8daca0ab8dbd95320bae05a492c683b37c3189c3bf5800d43e2c86fe348a88,08/12/2025 08:30:00 AM,2,BICYCLE,,,,,,,,,,,,,,,,,,,,,,,,,,,,,,,,,,,,,,,,,,,,,,,,,,,,,,,,,,,,,,,,,,
2126806,7ed315ed27862b897c6bcc1a13b95a84880cf73adcd1ff3ffffddf3432c7aeb5c31d11dd86f5be93b7d39245a172f999dd894a874a444bbd21e803b3c7295744,08/12/2025 08:30:00 AM,1,DRIVER,,2027478,,HONDA,CIVIC,WI,2009,NONE,PASSENGER,PERSONAL,N,STRAIGHT AHEAD,,,1,,,,,,,,,,,,,,,,Y,,FRONT,,,,,,,,,,,,,,,,,,,,,,,,,,,,,,,,,
2126807,7ed315ed27862b897c6bcc1a13b95a84880cf73adcd1ff3ffffddf3432c7aeb5c31d11dd86f5be93b7d39245a172f999dd894a874a444bbd21e803b3c7295744,08/12/2025 08:30:00 AM,2,DRIVER,,2027491,,TOYOTA,PRIUS,IL,2012,UNKNOWN,PASSENGER,PERSONAL,N,STRAIGHT AHEAD,,,1,,,,,,,,,,Y,,,,,,,,REAR,,,,,,,,,,,,,,,,,,,,,,,,,,,,,,,,,
2127647,d29f647ca8b2f2fd47f49d2dbecc6d52205f36019d75d940cf5134751e69d922eaee63ceb59417716bc30e4e2cf827d793669c87ff468ca8b60bd224493715b1,08/12/2025 08:30:00 AM,1,DRIVER,,2028275,,GENERAL MOTORS CORPORATION (GMC),TRUCK,IL,1998,UNKNOWN,OTHER,TOW TRUCK,E,BACKING,,,1,,,,,,,,,Y,,,,,,,,,SIDE-RIGHT-REAR,,,,,,,,,,,,,,,,,,,,,,,,,,,,,,,,,
2127648,d29f647ca8b2f2fd47f49d2dbecc6d52205f36019d75d940cf5134751e69d922eaee63ceb59417716bc30e4e2cf827d793669c87ff468ca8b60bd224493715b1,08/12/2025 08:30:00 AM,2,DRIVER,,2028282,,HONDA,INSIGHT,IL,2010,NONE,PASSENGER,PERSONAL,N,STRAIGHT AHEAD,,,1,,,,,,,,,,,,,,,Y,,,FRONT-LEFT-CORNER,,,,,,,,,,,,,,,,,,,,,,,,,,,,,,,,,
2127570,8d77cfe12d1901e9faed24191e9c066f3fb08cb96a67dae7cf139f3acd61c102f2d019e35adce22595b0b2c47d4768c62ea909c6666998f99ab4d4910c40cfd6,08/12/2025 08:28:00 AM,1,DRIVER,,2028234,,VOLKSWAGEN,ATLAS,IL,,UNKNOWN,PASSENGER,PERSONAL,W,STRAIGHT AHEAD,Y,,1,,city,doty,,,,,,,Y,Y,Y,Y,,Y,N,,REAR,,,,,,,,,,,,,,,,,,,,,,,,,,,,,,,,,
2127571,8d77cfe12d1901e9faed24191e9c066f3fb08cb96a67dae7cf139f3acd61c102f2d019e35adce22595b0b2c47d4768c62ea909c6666998f99ab4d4910c40cfd6,08/12/2025 08:28:00 AM,2,DRIVER,,2028249,,BMW,BMW,IL,2022,UNKNOWN,PASSENGER,PERSONAL,W,UNKNOWN/NA,Y,,1,,city,doty,,,,,,,,,,,,,Y,,FRONT,,,,,,,,,,,,,,,,,,,,,,,,,,,,,,,,,
2127477,dc9ef9116fb89f9a921463026f6ca93cc5941644ef62c73fd77da718cfc10eb94cfc5dcef766f986657ee31f48e78707cb008f4c83c34ac94b9bc89657b9c1b8,08/12/2025 08:20:00 AM,1,DRIVER,,2028118,,TOYOTA,TUNDRA,IL,2008,UNKNOWN,PICKUP,UNKNOWN/NA,W,STRAIGHT AHEAD,,,1,,,,,,,,,,,,,,,,Y,,FRONT,,,,,,,,,,,,,,,,,,,,,,,,,,,,,,,,,
2127478,dc9ef9116fb89f9a921463026f6ca93cc5941644ef62c73fd77da718cfc10eb94cfc5dcef766f986657ee31f48e78707cb008f4c83c34ac94b9bc89657b9c1b8,08/12/2025 08:20:00 AM,2,DRIVER,,2028119,,MITSUBISHI,MIRAGE,IL,2022,NONE,PASSENGER,PERSONAL,N,STRAIGHT AHEAD,,,1,,,,,Y,,,,,,,,,,,,,FRONT-RIGHT-CORNER,,,,,,,,,,,,,,,,,,,,,,,,,,,,,,,,,
2126802,cd13a4819368d5ea1d34c73716e4fff2dc506e3362b8c0f4bebdac7263c592f291975e399fa14285ef1be56a8791f57e48470c646dc1fd26cbc7105ae6a46fd1,08/12/2025 08:18:00 AM,1,DRIVER,2,2027474,,NISSAN,SENTRA,IL,2020,NONE,PASSENGER,PERSONAL,E,STRAIGHT AHEAD,,,3,,,,,Y,,,,,,,,,,Y,Y,,FRONT,,,,,,,,,,,,,,,,,,,,,,,,,,,,,,,,,
2126803,cd13a4819368d5ea1d34c73716e4fff2dc506e3362b8c0f4bebdac7263c592f291975e399fa14285ef1be56a8791f57e48470c646dc1fd26cbc7105ae6a46fd1,08/12/2025 08:18:00 AM,2,DRIVER,,2027483,,DODGE,RAM 1500 PU,IL,2021,UNKNOWN,PICKUP,UNKNOWN/NA,E,STRAIGHT AHEAD,,,1,,,,,,,,,,,,,,,,,Y,REAR,,,,,,,,,,,,,,,,,,,,,,,,,,,,,,,,,
2126804,109297662d97321615515d3c70db101242f1641da2258c9937c9e484c943922a099de30845616bacfc615ad76f99b29ba6c9c8ab63a054b7f57530b5cd3435bd,08/12/2025 08:15:00 AM,1,DRIVER,,2027486,,UNKNOWN,OTHER (EXPLAIN IN NARRATIVE),IL,,NONE,PASSENGER,PERSONAL,S,PASSING/OVERTAKING,,,1,,,,,,,,,,,,,,,,,Y,UNKNOWN,,,,,,,,,,,,,,,,,,,,,,,,,,,,,,,,,
2126805,109297662d97321615515d3c70db101242f1641da2258c9937c9e484c943922a099de30845616bacfc615ad76f99b29ba6c9c8ab63a054b7f57530b5cd3435bd,08/12/2025 08:15:00 AM,2,DRIVER,,2027477,Y,NEW FLYER,OTHER (EXPLAIN IN NARRATIVE),IL,2006,NONE,BUS OVER 15 PASS.,CTA,S,STRAIGHT AHEAD,,,1,,,,Y,,,,,,,,,,,,,,FRONT-LEFT-CORNER,"21,969",,,,,,CHICAGO TRANSIT AUTHORITY,IL,CHICAGO,,,,,,,,,,,,,,,,,,,BUS,,,,,
2126819,63ea33b90d9f45d1e80dd88b13fb75e1fe244e1bf49e918a6651a9da082d28c5f9783c782a49ebd6453f1ae9a450111799b8f538623a0f30c3a517b22f458fdd,08/12/2025 08:10:00 AM,1,DRIVER,,2027494,,BUICK,ENCORE,IL,2021,UNKNOWN,PASSENGER,PERSONAL,E,UNKNOWN/NA,Y,,1,,,,,,,,,,,,,,,Y,Y,,FRONT,,,,,,,,,,,,,,,,,,,,,,,,,,,,,,,,,
2126820,63ea33b90d9f45d1e80dd88b13fb75e1fe244e1bf49e918a6651a9da082d28c5f9783c782a49ebd6453f1ae9a450111799b8f538623a0f30c3a517b22f458fdd,08/12/2025 08:10:00 AM,2,DRIVER,,2027514,,MERCEDES-BENZ,G-CLASS,IN,2024,UNKNOWN,PASSENGER,PERSONAL,W,STRAIGHT AHEAD,Y,,1,,WELLS,,,,,,,,,,,,,Y,Y,,FRONT,,,,,,,,,,,,,,,,,,,,,,,,,,,,,,,,,
2127162,1ba96e33b14f44be41e1722779fd06a57533562a14fb85ffa1282d623251e6a28c3d41416e19bc41966b67af72a580cf232f023cd4294155c2adb3ea3b25d933,08/12/2025 08:00:00 AM,1,DRIVER,,2027849,,UNKNOWN,OTHER (EXPLAIN IN NARRATIVE),IL,,UNKNOWN,UNKNOWN/NA,UNKNOWN/NA,UNKNOWN,UNKNOWN/NA,,,1,,,,,,,,,,,,,,,,,Y,UNKNOWN,,,,,,,,,,,,,,,,,,,,,,,,,,,,,,,,,
2127163,1ba96e33b14f44be41e1722779fd06a57533562a14fb85ffa1282d623251e6a28c3d41416e19bc41966b67af72a580cf232f023cd4294155c2adb3ea3b25d933,08/12/2025 08:00:00 AM,2,PARKED,,2027818,,FORD,EDGE,,2019,UNKNOWN,SPORT UTILITY VEHICLE (SUV),PERSONAL,S,PARKED,,,0,,,,,,,,,,,,,,,,Y,,FRONT,,,,,,,,,,,,,,,,,,,,,,,,,,,,,,,,,
2127067,1dceb30b612668f8959df8697958d7d8d51326fa27dcce92e2769000f0c2031c46ca557db181547bb5c6920171297570b0f2f08dbcc62dc9fcefe86dd7480892,08/12/2025 08:00:00 AM,1,DRIVER,,2027723,,UNKNOWN,OTHER (EXPLAIN IN NARRATIVE),,,UNKNOWN,UNKNOWN/NA,UNKNOWN/NA,UNKNOWN,UNKNOWN/NA,,,1,,,,,,,,,,,,,,,,,,UNKNOWN,,,,,,,,,,,,,,,,,,,,,,,,,,,,,,,,,
2127068,1dceb30b612668f8959df8697958d7d8d51326fa27dcce92e2769000f0c2031c46ca557db181547bb5c6920171297570b0f2f08dbcc62dc9fcefe86dd7480892,08/12/2025 08:00:00 AM,2,PARKED,,2027725,,NISSAN,VERSA,IL,2017,NONE,PASSENGER,NOT IN USE,W,PARKED,Y,,0,,PRIVATE TOW,,,,,,Y,Y,Y,Y,Y,,,,,,REAR,,,,,,,,,,,,,,,,,,,,,,,,,,,,,,,,,
2134786,d50988c945af1ae5d315790a1f5d17f396b20e4d3a7794c037423755c1fef7562d20d79055ce62e0bf52c7c39d8cb848a1a4b8b3c5422f1682fd000dfbc1b337,08/12/2025 08:00:00 AM,1,DRIVER,,2035027,,NISSAN,ALTIMA,IL,2022,NONE,PASSENGER,PERSONAL,NW,TURNING LEFT,,,1,,,,,,Y,,,,,,,,,,,,SIDE-RIGHT-FRONT,,,,,,,,,,,,,,,,,,,,,,,,,,,,,,,,,
2134787,d50988c945af1ae5d315790a1f5d17f396b20e4d3a7794c037423755c1fef7562d20d79055ce62e0bf52c7c39d8cb848a1a4b8b3c5422f1682fd000dfbc1b337,08/12/2025 08:00:00 AM,2,DRIVER,,2035028,,JEEP,CHEROKEE,IL,2018,NONE,SPORT UTILITY VEHICLE (SUV),PERSONAL,W,STRAIGHT AHEAD,,,1,,,,,,,,,,,,,,,,,Y,FRONT-LEFT-CORNER,,,,,,,,,,,,,,,,,,,,,,,,,,,,,,,,,
2126857,3c74982d871802a077d17c25c7f0ed450fb39f547be15b70d33b997583d495a35b6f5a5ec449840a58c3f2717662b4f154738922685411f1e4bdba1702cdf353,08/12/2025 07:54:00 AM,1,DRIVER,,2027531,,CHRYSLER,PACIFICA,IL,2021,NONE,PASSENGER,PERSONAL,W,STRAIGHT AHEAD,,,1,,,,,,,,,,,,,,,,Y,,FRONT,,,,,,,,,,,,,,,,,,,,,,,,,,,,,,,,,
2126858,3c74982d871802a077d17c25c7f0ed450fb39f547be15b70d33b997583d495a35b6f5a5ec449840a58c3f2717662b4f154738922685411f1e4bdba1702cdf353,08/12/2025 07:54:00 AM,2,DRIVER,,2027535,,LEXUS,ES,IL,2009,NONE,PASSENGER,PERSONAL,W,STRAIGHT AHEAD,,,1,,,,,,,,,,Y,,,,,,,,REAR,,,,,,,,,,,,,,,,,,,,,,,,,,,,,,,,,
2126814,9982dc1317c2b57c90f444b6c16fc3a36184b08991e5a81f20aa5fb1c7686b87bc697eb94b056d15eb13cece0946288e27548a42a16f3589bcb5c1cff27c1b6b,08/12/2025 07:46:00 AM,1,DRIVER,,2027481,,DODGE,CALIBER,IL,2012,UNKNOWN,PASSENGER,PERSONAL,S,STRAIGHT AHEAD,,,1,,,,,Y,Y,,,,,,,,,,Y,,FRONT-RIGHT-CORNER,,,,,,,,,,,,,,,,,,,,,,,,,,,,,,,,,
2126815,9982dc1317c2b57c90f444b6c16fc3a36184b08991e5a81f20aa5fb1c7686b87bc697eb94b056d15eb13cece0946288e27548a42a16f3589bcb5c1cff27c1b6b,08/12/2025 07:46:00 AM,2,DRIVER,1,2027490,,HYUNDAI,SANTA FE,IL,2017,UNKNOWN,SPORT UTILITY VEHICLE (SUV),PERSONAL,S,SLOW/STOP IN TRAFFIC,Y,,2,,PRIVATE TOW,RESIDENCE,,,,,,,,Y,Y,,,,,,REAR-LEFT-CORNER,,,,,,,,,,,,,,,,,,,,,,,,,,,,,,,,,
2126816,9982dc1317c2b57c90f444b6c16fc3a36184b08991e5a81f20aa5fb1c7686b87bc697eb94b056d15eb13cece0946288e27548a42a16f3589bcb5c1cff27c1b6b,08/12/2025 07:46:00 AM,3,DRIVER,,2027498,,FORD,FUSION,IL,2020,NONE,PASSENGER,PERSONAL,S,SLOW/STOP IN TRAFFIC,,,1,,,,,,,,,Y,Y,,,,,,,,REAR-RIGHT-CORNER,,,,,,,,,,,,,,,,,,,,,,,,,,,,,,,,,
2127208,801dec42eae99a47cf84401a7adbf4b62f1d2de0615894f4193a76d9ccc6e27da70f06e4aa0dcd0e639b07f0a0fe8ec0f2b032f00fc9c981d9c983b776aabef7,08/12/2025 07:45:00 AM,1,DRIVER,,2027879,,DODGE,OTHER (EXPLAIN IN NARRATIVE),IL,2006,NONE,VAN/MINI-VAN,UNKNOWN/NA,W,STRAIGHT AHEAD,,,1,,,,,,,,,,,,,,,,,Y,FRONT,,,,,,,,,,,,,,,,,,,,,,,,,,,,,,,,,
2127209,801dec42eae99a47cf84401a7adbf4b62f1d2de0615894f4193a76d9ccc6e27da70f06e4aa0dcd0e639b07f0a0fe8ec0f2b032f00fc9c981d9c983b776aabef7,08/12/2025 07:45:00 AM,2,DRIVER,,2027909,,LINCOLN,OTHER (EXPLAIN IN NARRATIVE),IL,2015,NONE,SPORT UTILITY VEHICLE (SUV),NOT IN USE,W,SLOW/STOP IN TRAFFIC,,,1,,,,,,,,,Y,Y,Y,,,,,,,REAR,,,,,,,,,,,,,,,,,,,,,,,,,,,,,,,,,
2126781,442451e883179626f785a2474fb7d0056796a21cfcd6c82ffdb51a0cf85131e3ffccc2c292f2ecc6d4bdfdea2e10db6b45849eae386a27779f7fb4c0c8a6b71f,08/12/2025 07:44:00 AM,1,DRIVER,,2027455,,HONDA,HR-V,IL,2021,UNKNOWN,SPORT UTILITY VEHICLE (SUV),PERSONAL,N,STRAIGHT AHEAD,,,1,,,,,Y,Y,,,,,,,,,,,,SIDE-RIGHT-FRONT,,,,,,,,,,,,,,,,,,,,,,,,,,,,,,,,,
2126782,442451e883179626f785a2474fb7d0056796a21cfcd6c82ffdb51a0cf85131e3ffccc2c292f2ecc6d4bdfdea2e10db6b45849eae386a27779f7fb4c0c8a6b71f,08/12/2025 07:44:00 AM,2,PARKED,,2027464,,HYUNDAI,SONATA,IL,2015,UNKNOWN,PASSENGER,NOT IN USE,N,PARKED,,,0,,,,,,,,,,,Y,Y,Y,,,,,SIDE-LEFT,,,,,,,,,,,,,,,,,,,,,,,,,,,,,,,,,
2126773,2689b98556c9cc7c4c0f0ec2176f486069a20a93955c9bd067ff87d41732c0db2cc7791c1c09cb4a28a225dabdfe476bc8cad138cab633227ab6b50e5981c986,08/12/2025 07:43:00 AM,1,DRIVER,,2027444,,PONTIAC,OTHER (EXPLAIN IN NARRATIVE),IL,,UNKNOWN,PASSENGER,UNKNOWN/NA,N,STRAIGHT AHEAD,,,1,,,,,,,,,,,,,,,,,,FRONT,,,,,,,,,,,,,,,,,,,,,,,,,,,,,,,,,
2126774,2689b98556c9cc7c4c0f0ec2176f486069a20a93955c9bd067ff87d41732c0db2cc7791c1c09cb4a28a225dabdfe476bc8cad138cab633227ab6b50e5981c986,08/12/2025 07:43:00 AM,2,DRIVER,,2027448,,FORD,OTHER (EXPLAIN IN NARRATIVE),IL,2017,UNKNOWN,TRUCK - SINGLE UNIT,COMMERCIAL - SINGLE UNIT,N,SLOW/STOP IN TRAFFIC,,,1,,,,,,,,,,Y,Y,,,,,,,REAR,,,,,,,,,,,,,,,,,,,,,,,,,,,,,,,,,
2126964,0f6a03776d89b48516f2c4cba358dee997f1609ac782e79ae5924220f0b373f606e895b4467aabf95f4e10f65ec11c5d9e0aee9ae7533556e1edd4c727734521,08/12/2025 07:30:00 AM,1,DRIVER,,2027627,,CHEVROLET,TAHOE,IL,2008,UNKNOWN,SPORT UTILITY VEHICLE (SUV),PERSONAL,N,STRAIGHT AHEAD,Y,Y,1,,OWN TOW TRUCK,,,,,,,,,,,,,,Y,Y,UNKNOWN,,,,,,,,,,,,,,,,,,,,,,,,,,,,,,,,,
2126821,7e2dc5736194c5086fddc9d09216496b11c31099662ce50a9fe4557a1141728c896b5f9d589d2fcd2ba3b74b436ac93584d9b851ae8287d29952b525c30debcd,08/12/2025 07:30:00 AM,1,DRIVER,,2027489,,HYUNDAI,TUCSON,IL,2011,NONE,SPORT UTILITY VEHICLE (SUV),PERSONAL,E,SLOW/STOP IN TRAFFIC,,,1,,,,,,,,,,,,,,,,Y,,FRONT,,,,,,,,,,,,,,,,,,,,,,,,,,,,,,,,,
2126822,7e2dc5736194c5086fddc9d09216496b11c31099662ce50a9fe4557a1141728c896b5f9d589d2fcd2ba3b74b436ac93584d9b851ae8287d29952b525c30debcd,08/12/2025 07:30:00 AM,2,DRIVER,,2027497,,CHEVROLET,CRUZE,IL,2014,NONE,PASSENGER,PERSONAL,E,SLOW/STOP IN TRAFFIC,,,1,,,,,Y,,,,,,,,,,,,,FRONT-RIGHT-CORNER,,,,,,,,,,,,,,,,,,,,,,,,,,,,,,,,,