CRASH_UNIT_ID,CRASH_RECORD_ID,CRASH_DATE,UNIT_NO,UNIT_TYPE,NUM_PASSENGERS,VEHICLE_ID,CMRC_VEH_I,MAKE,MODEL,LIC_PLATE_STATE,VEHICLE_YEAR,VEHICLE_DEFECT,VEHICLE_TYPE,VEHICLE_USE,TRAVEL_DIRECTION,MANEUVER,TOWED_I,FIRE_I,OCCUPANT_CNT,EXCEED_SPEED_LIMIT_I,TOWED_BY,TOWED_TO,AREA_00_I,AREA_01_I,AREA_02_I,AREA_03_I,AREA_04_I,AREA_05_I,AREA_06_I,AREA_07_I,AREA_08_I,AREA_09_I,AREA_10_I,AREA_11_I,AREA_12_I,AREA_99_I,FIRST_CONTACT_POINT,CMV_ID,USDOT_NO,CCMC_NO,ILCC_NO,COMMERCIAL_SRC,GVWR,CARRIER_NAME,CARRIER_STATE,CARRIER_CITY,HAZMAT_PLACARDS_I,HAZMAT_NAME,UN_NO,HAZMAT_PRESENT_I,HAZMAT_REPORT_I,HAZMAT_REPORT_NO,MCS_REPORT_I,MCS_REPORT_NO,HAZMAT_VIO_CAUSE_CRASH_I,MCS_VIO_CAUSE_CRASH_I,IDOT_PERMIT_NO,WIDE_LOAD_I,TRAILER1_WIDTH,TRAILER2_WIDTH,TRAILER1_LENGTH,TRAILER2_LENGTH,TOTAL_VEHICLE_LENGTH,AXLE_CNT,VEHICLE_CONFIG,CARGO_BODY_TYPE,LOAD_TYPE,HAZMAT_OUT_OF_SERVICE_I,MCS_OUT_OF_SERVICE_I,HAZMAT_CLASS
2126833,7e2dc5736194c5086fddc9d09216496b11c31099662ce50a9fe4557a1141728c896b5f9d589d2fcd2ba3b74b436ac93584d9b851ae8287d29952b525c30debcd,08/12/2025 07:30:00 AM,3,DRIVER,,2027503,,CHEVROLET,CRUZE,IL,2015,NONE,PASSENGER,PERSONAL,E,SLOW/STOP IN TRAFFIC,Y,,1,,UNK,UNK,,,,,,,Y,Y,,,,,,,REAR-LEFT-CORNER,,,,,,,,,,,,,,,,,,,,,,,,,,,,,,,,,
2126830,82efa3e1e439ee9d68ef3a7571998d04ebdd680db3d202db5a87b88368f355c870b6bee2785279fc6fe2ee978373a0e1196c32dbca9849be28054c718cc4f184,08/12/2025 07:30:00 AM,1,DRIVER,,2027496,,TOYOTA,RAV4,IL,2018,UNKNOWN,PASSENGER,PERSONAL,UNKNOWN,STRAIGHT AHEAD,,,1,,,,,,,,,,,,,,,,,Y,UNKNOWN,,,,,,,,,,,,,,,,,,,,,,,,,,,,,,,,,
2126831,82efa3e1e439ee9d68ef3a7571998d04ebdd680db3d202db5a87b88368f355c870b6bee2785279fc6fe2ee978373a0e1196c32dbca9849be28054c718cc4f184,08/12/2025 07:30:00 AM,2,PARKED,,2027527,,FORD,F150,IL,2018,UNKNOWN,PICKUP,PERSONAL,UNKNOWN,PARKED,,,0,,,,,,,,,Y,Y,Y,,,,,,,TOTAL (ALL AREAS),,,,,,,,,,,,,,,,,,,,,,,,,,,,,,,,,
2126850,c77ff948fa892141c171beb3a647b5aa4d2511f5c5f2e14cd320ebc65e5bac63786b7929c2620f2e24240b9b6d5b142156c3503dbc3894ef122c42d2411dd3d7,08/12/2025 07:30:00 AM,1,PARKED,1,2027517,,FORD,TRANSIT,IL,2020,NONE,VAN/MINI-VAN,COMMERCIAL - SINGLE UNIT,E,PARKED,,,1,,,,,,,,,,,,,Y,,,,,SIDE-LEFT,,,,,,,,,,,,,,,,,,,,,,,,,,,,,,,,,
2126851,c77ff948fa892141c171beb3a647b5aa4d2511f5c5f2e14cd320ebc65e5bac63786b7929c2620f2e24240b9b6d5b142156c3503dbc3894ef122c42d2411dd3d7,08/12/2025 07:30:00 AM,2,DRIVER,,2027522,,CHRYSLER,VOYAGER,IL,2022,NONE,VAN/MINI-VAN,COMMERCIAL - SINGLE UNIT,E,STRAIGHT AHEAD,,,1,,,,,Y,,,,,,,,,,,,,FRONT-RIGHT-CORNER,,,,,,,,,,,,,,,,,,,,,,,,,,,,,,,,,
2131404,dbd7efd565ef07e9ef91d43067c8efc3974c0dec4bbf9a9648d0d76676574fd1736400e69d082c10800ecf4940dce422a0ef86cebbb1d6ab72f4d15d66c1b5f3,08/12/2025 07:30:00 AM,1,DRIVER,,2031818,,BMW,X5,IL,,NONE,SPORT UTILITY VEHICLE (SUV),UNKNOWN/NA,N,STRAIGHT AHEAD,,,1,,,,,Y,,,,,,,,,,Y,Y,,FRONT,,,,,,,,,,,,,,,,,,,,,,,,,,,,,,,,,
2131420,dbd7efd565ef07e9ef91d43067c8efc3974c0dec4bbf9a9648d0d76676574fd1736400e69d082c10800ecf4940dce422a0ef86cebbb1d6ab72f4d15d66c1b5f3,08/12/2025 07:30:00 AM,2,PEDESTRIAN,,,,,,,,,,,,,,,,,,,,,,,,,,,,,,,,,,,,,,,,,,,,,,,,,,,,,,,,,,,,,,,,,,
2126783,e306a0510986ab9d9de6e74170e00803ea6d16d4055aa82930df63b1b7c8ff8b8289527332c7ff6984112cf9a440af5aa6c98d027ce5ee2356d7c6aef9cb23f3,08/12/2025 07:30:00 AM,1,DRIVER,,2027460,,UNKNOWN,OTHER (EXPLAIN IN NARRATIVE),,,UNKNOWN,PICKUP,UNKNOWN/NA,W,TURNING RIGHT,,,1,,,,,,N,,,,,,,,,,,Y,SIDE-RIGHT,,,,,,,,,,,,,,,,,,,,,,,,,,,,,,,,,
2126784,e306a0510986ab9d9de6e74170e00803ea6d16d4055aa82930df63b1b7c8ff8b8289527332c7ff6984112cf9a440af5aa6c98d027ce5ee2356d7c6aef9cb23f3,08/12/2025 07:30:00 AM,2,DRIVER,,2027466,,FORD,VAN,IL,2023,NONE,VAN/MINI-VAN,OTHER,W,STRAIGHT AHEAD,,,1,,,,,,,,,,,,,,Y,,,,SIDE-LEFT,,,,,,,,,,,,,,,,,,,,,,,,,,,,,,,,,
2127349,e814af70ca5d9aa1ad4331f0f49fb2f148ddc4517c305424d999f03b44a08ed199f50b16e4acfcf55b7f6f450e9c2f15ca86951bb7a56a8942232948f30117e5,08/12/2025 07:30:00 AM,1,DRIVER,,2027995,,CHEVROLET,OTHER (EXPLAIN IN NARRATIVE),IL,2007,UNKNOWN,PASSENGER,UNKNOWN/NA,N,STRAIGHT AHEAD,,,1,,,,,,,,,,,,,,,,,Y,UNKNOWN,,,,,,,,,,,,,,,,,,,,,,,,,,,,,,,,,
2127350,e814af70ca5d9aa1ad4331f0f49fb2f148ddc4517c305424d999f03b44a08ed199f50b16e4acfcf55b7f6f450e9c2f15ca86951bb7a56a8942232948f30117e5,08/12/2025 07:30:00 AM,2,DRIVER,,2027998,,KIA,SOUL,IL,2012,NONE,PASSENGER,PERSONAL,N,STRAIGHT AHEAD,,,1,,,,,,,,,Y,Y,Y,,,,,,,REAR,,,,,,,,,,,,,,,,,,,,,,,,,,,,,,,,,
2126794,4413e38d5b46ac88bc38a9c0143437a3c2fdbd998ee449e9c5f525bdfc36cb605b85eeb81eb6c00bbef2bf065f62e19df8427192fd71ce1b5f0997e52d6d5ae3,08/12/2025 07:28:00 AM,1,DRIVER,1,2027471,,NISSAN,SENTRA,IL,2020,UNKNOWN,PASSENGER,UNKNOWN/NA,E,UNKNOWN/NA,,,2,,,,,Y,,,,,,,,,,Y,Y,,FRONT,,,,,,,,,,,,,,,,,,,,,,,,,,,,,,,,,
2126795,4413e38d5b46ac88bc38a9c0143437a3c2fdbd998ee449e9c5f525bdfc36cb605b85eeb81eb6c00bbef2bf065f62e19df8427192fd71ce1b5f0997e52d6d5ae3,08/12/2025 07:28:00 AM,2,DRIVER,1,2027469,,DODGE,RAM 1500 PU,IL,2021,UNKNOWN,PICKUP,PERSONAL,E,SLOW/STOP IN TRAFFIC,,,2,,,,,,,,,Y,Y,Y,,,,,,,REAR,,,,,,,,,,,,,,,,,,,,,,,,,,,,,,,,,
2126867,f485851e5c7e4261a1f08ebf99cc5e20546ef0a891e82e477f869fd0c536ac9633cbb045be9e1ddbe02bfbca2e34489fa15d2f06122c9dcf8515fb548f1411e9,08/12/2025 07:17:00 AM,1,DRIVER,,2027566,,SAAB,OTHER (EXPLAIN IN NARRATIVE),IL,2006,NONE,SPORT UTILITY VEHICLE (SUV),PERSONAL,E,OTHER,,,1,,,,,Y,,,,,,,,,,Y,Y,,UNKNOWN,,,,,,,,,,,,,,,,,,,,,,,,,,,,,,,,,
2126868,f485851e5c7e4261a1f08ebf99cc5e20546ef0a891e82e477f869fd0c536ac9633cbb045be9e1ddbe02bfbca2e34489fa15d2f06122c9dcf8515fb548f1411e9,08/12/2025 07:17:00 AM,2,PEDESTRIAN,,,,,,,,,,,,,,,,,,,,,,,,,,,,,,,,,,,,,,,,,,,,,,,,,,,,,,,,,,,,,,,,,,
2126763,bf0fa4558fd936521a33a483e1703a6cdb296183dc2fb712df2d265277e3f6d57c81c9dd545626a2acf4a0caa174db0a6d1a3fbd27376a0038b1cdf58251ca52,08/12/2025 07:14:00 AM,1,DRIVER,,2027439,,TOYOTA,TUNDRA,IL,2023,NONE,PICKUP,PERSONAL,N,STRAIGHT AHEAD,,,1,,,,,Y,,,,,,,,,,,,,SIDE-RIGHT-FRONT,,,,,,,,,,,,,,,,,,,,,,,,,,,,,,,,,
2126764,bf0fa4558fd936521a33a483e1703a6cdb296183dc2fb712df2d265277e3f6d57c81c9dd545626a2acf4a0caa174db0a6d1a3fbd27376a0038b1cdf58251ca52,08/12/2025 07:14:00 AM,2,PARKED,1,2027443,,NOVA BUS,OTHER (EXPLAIN IN NARRATIVE),IL,2014,NONE,BUS OVER 15 PASS.,CTA,N,PARKED,,,1,,,,,,,,,,,,,,N,Y,,,SIDE-LEFT,,,,,,,,,,,,,,,,,,,,,,,,,,,,,,,,,
2126771,258ce7626c45823c9e1bfc72fc5e521afea4475264df15589787f30ac450c028636c0405aa8acac4f4c3ce43ad2e1c8fddd21ff6e27009e2ae771d8f0c1bf63e,08/12/2025 07:00:00 AM,1,DRIVER,,2027446,,NISSAN,OTHER (EXPLAIN IN NARRATIVE),IL,2015,UNKNOWN,UNKNOWN/NA,UNKNOWN/NA,S,STRAIGHT AHEAD,,,1,,,,,Y,,,,,,,,,,Y,Y,,FRONT,,,,,,,,,,,,,,,,,,,,,,,,,,,,,,,,,
2126772,258ce7626c45823c9e1bfc72fc5e521afea4475264df15589787f30ac450c028636c0405aa8acac4f4c3ce43ad2e1c8fddd21ff6e27009e2ae771d8f0c1bf63e,08/12/2025 07:00:00 AM,2,DRIVER,,2027450,,HYUNDAI,TUCSON,IL,2023,NONE,SPORT UTILITY VEHICLE (SUV),PERSONAL,E,STRAIGHT AHEAD,,,1,,,,,,,,,,,,Y,Y,Y,Y,,,SIDE-LEFT,,,,,,,,,,,,,,,,,,,,,,,,,,,,,,,,,
2126863,b4f9c7d606c18df0d49b8719153c5bdede4d018ed9dc109842cb2af05fbe6919002ba8eee39901560b55f2fff14dece145c17842bc869af02a4b5ce49689c4fb,08/12/2025 07:00:00 AM,1,DRIVER,,2027534,,UNKNOWN,MOTORIZED,IL,,UNKNOWN,UNKNOWN/NA,UNKNOWN/NA,UNKNOWN,BACKING,,,1,,,,,,,,,Y,Y,Y,,,,,,,REAR,,,,,,,,,,,,,,,,,,,,,,,,,,,,,,,,,
2126864,b4f9c7d606c18df0d49b8719153c5bdede4d018ed9dc109842cb2af05fbe6919002ba8eee39901560b55f2fff14dece145c17842bc869af02a4b5ce49689c4fb,08/12/2025 07:00:00 AM,2,PARKED,,2027538,,TOYOTA,COROLLA,IL,2017,UNKNOWN,PASSENGER,PERSONAL,UNKNOWN,PARKED,,,0,,,,,Y,,,,,,,,,,Y,Y,,FRONT,,,,,,,,,,,,,,,,,,,,,,,,,,,,,,,,,
2127503,cd0cd0bd2a42cfd5ea459baa624b8910cd1105065f80346edc410e6a4f55e11d052323b2fbc1284538c71d1e430b29a985d990a502d34d8a6afff7f32356eb01,08/12/2025 07:00:00 AM,1,DRIVER,,2028153,,CHEVROLET,EQUINOX,IL,,NONE,PASSENGER,PERSONAL,S,STRAIGHT AHEAD,,,1,,,,,,,,,,,,,,,,,Y,UNKNOWN,,,,,,,,,,,,,,,,,,,,,,,,,,,,,,,,,
2127504,cd0cd0bd2a42cfd5ea459baa624b8910cd1105065f80346edc410e6a4f55e11d052323b2fbc1284538c71d1e430b29a985d990a502d34d8a6afff7f32356eb01,08/12/2025 07:00:00 AM,2,PARKED,,2028156,,CHEVROLET,SILVERADO,IL,2017,NONE,PASSENGER,PERSONAL,S,PARKED,,,0,,,,,,,,,,,Y,Y,,,,,,SIDE-LEFT,,,,,,,,,,,,,,,,,,,,,,,,,,,,,,,,,
2126777,68c5d69075b2f41f30864751802a61e31a74d1575b798d25a66c019a9c37974912fde473f740888b3f8ba31380e44303bd692ffaae2b5ff995f96e364af50b82,08/12/2025 06:56:00 AM,1,DRIVER,,2027447,,SAAB,9-7X,IL,2008,NONE,SPORT UTILITY VEHICLE (SUV),PERSONAL,N,STRAIGHT AHEAD,,,1,,,,,Y,Y,,,,,,,,,Y,Y,,FRONT,,,,,,,,,,,,,,,,,,,,,,,,,,,,,,,,,
2126778,68c5d69075b2f41f30864751802a61e31a74d1575b798d25a66c019a9c37974912fde473f740888b3f8ba31380e44303bd692ffaae2b5ff995f96e364af50b82,08/12/2025 06:56:00 AM,2,DRIVER,,2027449,,FORD,FUSION,IL,2013,NONE,PASSENGER,PERSONAL,W,STRAIGHT AHEAD,,,1,,,,,,,,,,,Y,Y,Y,Y,Y,,,SIDE-LEFT,,,,,,,,,,,,,,,,,,,,,,,,,,,,,,,,,
2126758,d4495cf3173b291cab013209e123cd472dac706845372ec46a5a0cafdee90b14d88f996171d5b12be7fa841fe3eb688f5c4b6e31ba3adf7cb080e1a1f8c0cced,08/12/2025 06:44:00 AM,1,DRIVER,,2027436,,TOYOTA,COROLLA,IL,,NONE,PASSENGER,PERSONAL,S,STRAIGHT AHEAD,Y,,1,,PRIVATE,UNKN,,Y,Y,,,,,,,,,,Y,,FRONT-RIGHT-CORNER,,,,,,,,,,,,,,,,,,,,,,,,,,,,,,,,,
2126759,d4495cf3173b291cab013209e123cd472dac706845372ec46a5a0cafdee90b14d88f996171d5b12be7fa841fe3eb688f5c4b6e31ba3adf7cb080e1a1f8c0cced,08/12/2025 06:44:00 AM,2,PARKED,,2027438,,FORD,MUSTANG,IL,2022,NONE,PASSENGER,NOT IN USE,S,PARKED,,,0,,,,,,,,,,Y,Y,,,,,Y,,REAR,,,,,,,,,,,,,,,,,,,,,,,,,,,,,,,,,
2126760,d4495cf3173b291cab013209e123cd472dac706845372ec46a5a0cafdee90b14d88f996171d5b12be7fa841fe3eb688f5c4b6e31ba3adf7cb080e1a1f8c0cced,08/12/2025 06:44:00 AM,3,PARKED,,2027440,,FORD,MUSTANG,IL,2022,NONE,PASSENGER,NOT IN USE,S,PARKED,,,0,,,,,,,,,Y,Y,Y,,,,,,,REAR,,,,,,,,,,,,,,,,,,,,,,,,,,,,,,,,,
2126792,c6c061346312073856baac2270db644ab6f6f7a525518ac6d2370ecb6453233274cfbb295ad4d886c8691d1ea43c12605c1d0644f5c68a3525beb9f74d78b59a,08/12/2025 06:34:00 AM,1,DRIVER,,2027463,,KIA,FORTE,IL,2012,UNKNOWN,PASSENGER,PERSONAL,UNKNOWN,UNKNOWN/NA,Y,,1,,e&R,doty rd,,Y,,Y,,,,,,Y,,,Y,,UNKNOWN,,,,,,,,,,,,,,,,,,,,,,,,,,,,,,,,,
2126793,c6c061346312073856baac2270db644ab6f6f7a525518ac6d2370ecb6453233274cfbb295ad4d886c8691d1ea43c12605c1d0644f5c68a3525beb9f74d78b59a,08/12/2025 06:34:00 AM,2,DRIVER,,2027468,,RANGE ROVER OF NORTH AMERICA,RANGE ROVER OF NORTH AMERICA,IL,2015,UNKNOWN,PASSENGER,PERSONAL,UNKNOWN,UNKNOWN/NA,Y,,1,,e&r,doty rd,,,,,Y,,,Y,,,,Y,,,UNKNOWN,,,,,,,,,,,,,,,,,,,,,,,,,,,,,,,,,
2126769,788406fd16fc67967a24290421411bf330f07acc1060e8ef8b5efd316b6ffa94a95595ee2561dc4365aa1d03fb5e4eebc077d1c4d0da74d60977f33723da8465,08/12/2025 06:15:00 AM,1,DRIVER,,2027442,,JEEP,CHEROKEE,,,NONE,PASSENGER,UNKNOWN/NA,W,STRAIGHT AHEAD,,,1,,,,,,,,,,,,,,,,,Y,UNKNOWN,,,,,,,,,,,,,,,,,,,,,,,,,,,,,,,,,
2126770,788406fd16fc67967a24290421411bf330f07acc1060e8ef8b5efd316b6ffa94a95595ee2561dc4365aa1d03fb5e4eebc077d1c4d0da74d60977f33723da8465,08/12/2025 06:15:00 AM,2,DRIVER,,2027451,,NOVA BUS,OTHER (EXPLAIN IN NARRATIVE),IL,2014,NONE,BUS OVER 15 PASS.,CTA,W,STRAIGHT AHEAD,,,1,,,,Y,,,,,,,Y,Y,,,,,,SIDE-LEFT-REAR,,,,,,,,,,,,,,,,,,,,,,,,,,,,,,,,,
2126767,3499132455b8ccf0aead8565c89812db6759f6069ace278403027cbd99a51e297c85886502132db3af454e42dcf7663000e44b7d8c0263fa68f741a7baeb2aef,08/12/2025 06:05:00 AM,1,DRIVER,,2027441,,TOYOTA,PRIUS,IL,,UNKNOWN,PASSENGER,UNKNOWN/NA,SW,TURNING RIGHT,,,1,,,,,Y,Y,,,,,,,,,,,,FRONT-RIGHT-CORNER,,,,,,,,,,,,,,,,,,,,,,,,,,,,,,,,,
2126768,3499132455b8ccf0aead8565c89812db6759f6069ace278403027cbd99a51e297c85886502132db3af454e42dcf7663000e44b7d8c0263fa68f741a7baeb2aef,08/12/2025 06:05:00 AM,2,BICYCLE,,,,,,,,,,,,,,,,,,,,,,,,,,,,,,,,,,,,,,,,,,,,,,,,,,,,,,,,,,,,,,,,,,
2127762,d2099b167e74e917db755157eabc5813e07c6b9cf37d5750784661fd237455e0527af1fdd137f0475daea5e0fd47d42cb72704ea7284b763abb680057e133b45,08/12/2025 05:30:00 AM,1,DRIVER,,2028383,,KIA,FORTE,IL,2010,NONE,PASSENGER,UNKNOWN/NA,W,STRAIGHT AHEAD,,,1,,,,,Y,Y,,,,,,,,,,Y,,FRONT-RIGHT-CORNER,,,,,,,,,,,,,,,,,,,,,,,,,,,,,,,,,
2127763,d2099b167e74e917db755157eabc5813e07c6b9cf37d5750784661fd237455e0527af1fdd137f0475daea5e0fd47d42cb72704ea7284b763abb680057e133b45,08/12/2025 05:30:00 AM,2,DRIVER,,2028384,,CHEVROLET,SILVERADO,IL,2014,NONE,PICKUP,PERSONAL,W,STRAIGHT AHEAD,,,1,,,,,,,,,,,Y,Y,Y,,,,,SIDE-RIGHT,,,,,,,,,,,,,,,,,,,,,,,,,,,,,,,,,
2126746,5f2ba6cd5e6246ba9f862d4158f269346b251f28d71c7838ce549072bab7dd09c7679ff03f4f81cd62a1a5f5c4aaf29f220c866661132021dab815e44ba3c3a3,08/12/2025 05:20:00 AM,1,DRIVER,,2027428,,FORD,TRANSIT,IL,2016,NONE,VAN/MINI-VAN,PERSONAL,W,STRAIGHT AHEAD,Y,,1,,CITY OF CHICAGO,103/DOTY,,Y,Y,,,,,,,,,,,,FRONT-RIGHT-CORNER,,,,,,,,,,,,,,,,,,,,,,,,,,,,,,,,,
2126747,5f2ba6cd5e6246ba9f862d4158f269346b251f28d71c7838ce549072bab7dd09c7679ff03f4f81cd62a1a5f5c4aaf29f220c866661132021dab815e44ba3c3a3,08/12/2025 05:20:00 AM,2,DRIVER,2,2027422,,KIA,SORENTO,IL,2023,NONE,PASSENGER,PERSONAL,S,TURNING LEFT,Y,,3,,PRIVATE TOW,,,N,N,N,N,,,,Y,Y,Y,Y,,,FRONT-LEFT-CORNER,,,,,,,,,,,,,,,,,,,,,,,,,,,,,,,,,
2126741,6bf71af3c95032d229819315c15731e4ac2d0c12439949d0ded9f6da368ff0cccae18950bfdf706916b7a631a36ee5b22cc25daace3d93cee56a19053c115a45,08/12/2025 05:20:00 AM,1,DRIVER,,2027419,,HINO,HINO,IL,2023,NONE,PASSENGER,TOW TRUCK,N,CHANGING LANES,,,1,,,,,Y,Y,,,,,,,,,,,,FRONT-RIGHT-CORNER,,,,,,,,,,,,,,,,,,,,,,,,,,,,,,,,,
2126742,6bf71af3c95032d229819315c15731e4ac2d0c12439949d0ded9f6da368ff0cccae18950bfdf706916b7a631a36ee5b22cc25daace3d93cee56a19053c115a45,08/12/2025 05:20:00 AM,2,DRIVER,,2027423,,BUICK,ENVISION,IL,2025,NONE,PASSENGER,PERSONAL,N,STRAIGHT AHEAD,,,1,,,,,,,,,,,,Y,Y,,,,,SIDE-LEFT,,,,,,,,,,,,,,,,,,,,,,,,,,,,,,,,,
2126748,74799fd19feca5b2edb329f832519a88db4ebe67ed79f5fd6946fff2a0231fee4f5ab9c8b1d0a6ed6c9eb89d47a5f5aaff04ec182ff427b69997d76782f78346,08/12/2025 05:00:00 AM,1,DRIVER,,2027425,,UNKNOWN,OTHER (EXPLAIN IN NARRATIVE),IL,,NONE,PASSENGER,PERSONAL,S,STRAIGHT AHEAD,,,1,,,,,,,,,,,,,,,,,,SIDE-RIGHT,,,,,,,,,,,,,,,,,,,,,,,,,,,,,,,,,
2126749,74799fd19feca5b2edb329f832519a88db4ebe67ed79f5fd6946fff2a0231fee4f5ab9c8b1d0a6ed6c9eb89d47a5f5aaff04ec182ff427b69997d76782f78346,08/12/2025 05:00:00 AM,2,PARKED,,2027426,,VOLKSWAGEN,CC,IL,2011,NONE,PASSENGER,PERSONAL,S,PARKED,,,0,,,,,,,,,,,Y,Y,Y,Y,Y,,,SIDE-LEFT,,,,,,,,,,,,,,,,,,,,,,,,,,,,,,,,,
2126739,68d284f9a359a8a9feff14d887921e3524d3f9e9e640cf2ca5a9314dfbb3bf68df97fd89105c1b8c2f1e10ad96ef5ef7017cefdfab6abc683a2f6215a8c82b0b,08/12/2025 04:50:00 AM,1,DRIVER,1,2027416,,SUBARU,WRX,IL,2024,NONE,PASSENGER,PERSONAL,E,STRAIGHT AHEAD,,,2,,,,,,,,,,Y,Y,Y,Y,N,N,,,REAR-LEFT-CORNER,,,,,,,,,,,,,,,,,,,,,,,,,,,,,,,,,
2126740,68d284f9a359a8a9feff14d887921e3524d3f9e9e640cf2ca5a9314dfbb3bf68df97fd89105c1b8c2f1e10ad96ef5ef7017cefdfab6abc683a2f6215a8c82b0b,08/12/2025 04:50:00 AM,2,DRIVER,,2027417,,HONDA,CIVIC,IL,2005,NONE,PASSENGER,PERSONAL,S,STRAIGHT AHEAD,,,1,,,,,Y,,,,,,,,,N,Y,Y,,FRONT,,,,,,,,,,,,,,,,,,,,,,,,,,,,,,,,,
2126787,50c3531fb74d6d7c3a1f65675c4605c24c4cc0a5ba3e9ad90cca55010990781c2ab947efb642db6fd6711dd4dd148a88d270eb8af1ee8bb885971e370676dc63,08/12/2025 04:37:00 AM,1,DRIVER,,2027456,,CHEVROLET,IMPALA,IL,2016,UNKNOWN,PASSENGER,PERSONAL,S,STRAIGHT AHEAD,Y,,1,,streets and sanitation,,,Y,Y,,,,,,,,Y,Y,Y,,FRONT,,,,,,,,,,,,,,,,,,,,,,,,,,,,,,,,,
2126788,50c3531fb74d6d7c3a1f65675c4605c24c4cc0a5ba3e9ad90cca55010990781c2ab947efb642db6fd6711dd4dd148a88d270eb8af1ee8bb885971e370676dc63,08/12/2025 04:37:00 AM,2,PARKED,,2027457,,TOYOTA,TACOMA,CO,2017,NONE,PICKUP,NOT IN USE,S,PARKED,Y,,0,,PERSONAL TOWING COMPANY,,,Y,Y,,,Y,Y,Y,Y,,,Y,Y,,REAR-LEFT-CORNER,,,,,,,,,,,,,,,,,,,,,,,,,,,,,,,,,
2126789,50c3531fb74d6d7c3a1f65675c4605c24c4cc0a5ba3e9ad90cca55010990781c2ab947efb642db6fd6711dd4dd148a88d270eb8af1ee8bb885971e370676dc63,08/12/2025 04:37:00 AM,3,PARKED,,2027458,,TOYOTA,COROLLA,IL,2018,NONE,PASSENGER,NOT IN USE,S,PARKED,,,0,,,,,,,,Y,Y,Y,Y,Y,,,,,,REAR,,,,,,,,,,,,,,,,,,,,,,,,,,,,,,,,,
2126735,a58670bb441393ebf298962bb41818d62a53b7496f4d52887d04997dbbd272116214fdd290862c6dcc5ed8451166693fb18281eff72b83f53f0e7f5f9da1edb7,08/12/2025 03:30:00 AM,1,DRIVER,,2027408,,HONDA,CIVIC,,,UNKNOWN,PASSENGER,PERSONAL,N,STARTING IN TRAFFIC,,,1,,,,,Y,,,,,,,,,,,,,FRONT-RIGHT-CORNER,,,,,,,,,,,,,,,,,,,,,,,,,,,,,,,,,
2126736,a58670bb441393ebf298962bb41818d62a53b7496f4d52887d04997dbbd272116214fdd290862c6dcc5ed8451166693fb18281eff72b83f53f0e7f5f9da1edb7,08/12/2025 03:30:00 AM,2,DRIVER,,2027410,,TOYOTA,PRIUS,IL,,UNKNOWN,PASSENGER,PERSONAL,N,STRAIGHT AHEAD,,,1,,,,,,,,,Y,,,,,,Y,,,REAR-RIGHT-CORNER,,,,,,,,,,,,,,,,,,,,,,,,,,,,,,,,,
2126737,842b8f6e0dd438d7d71cc436f2147e1a5fa8782a911b5202d451ecdb4c0f55cc7c7e19db400e97ba0622c11cb9e4e40f981ee4adafe877aec10252e42c78daab,08/12/2025 03:27:00 AM,1,DRIVER,,2027413,,NEW FLYER,OTHER (EXPLAIN IN NARRATIVE),IL,2007,NONE,BUS OVER 15 PASS.,CTA,E,TURNING RIGHT,,,1,,,,,,,,Y,Y,,,,,,,,,SIDE-RIGHT-REAR,,,,,,,,,,,,,,,,,,,,,,,,,,,,,,,,,
2126738,842b8f6e0dd438d7d71cc436f2147e1a5fa8782a911b5202d451ecdb4c0f55cc7c7e19db400e97ba0622c11cb9e4e40f981ee4adafe877aec10252e42c78daab,08/12/2025 03:27:00 AM,2,DRIVER,,2027414,,CHEVROLET,TRAX,IL,2018,NONE,SPORT UTILITY VEHICLE (SUV),PERSONAL,E,TURNING RIGHT,Y,,1,,,,,,,,,,,,,,Y,Y,,,SIDE-LEFT-FRONT,,,,,,,,,,,,,,,,,,,,,,,,,,,,,,,,,
2127510,802c45f7037680a5ee1426340bfa6cba9553e83cde88d501d7d12303d5ea92ce79d734ce9837827decd543131e3343d0f8cdf7761dec2124a88f636d29769ad6,08/12/2025 03:15:00 AM,1,DRIVER,,2028158,,UNKNOWN,MOTORIZED,IL,,UNKNOWN,UNKNOWN/NA,UNKNOWN/NA,UNKNOWN,UNKNOWN/NA,,,1,,,,,,,,,,,,,,,,,Y,UNKNOWN,,,,,,,,,,,,,,,,,,,,,,,,,,,,,,,,,
2127511,802c45f7037680a5ee1426340bfa6cba9553e83cde88d501d7d12303d5ea92ce79d734ce9837827decd543131e3343d0f8cdf7761dec2124a88f636d29769ad6,08/12/2025 03:15:00 AM,2,DRIVERLESS,,2028154,,TOYOTA,RAV4,IL,2021,UNKNOWN,SPORT UTILITY VEHICLE (SUV),PERSONAL,E,PARKED,,,0,,,,,Y,,,,,,,,,,Y,Y,,FRONT,,,,,,,,,,,,,,,,,,,,,,,,,,,,,,,,,
2128540,5fd4f1010fb5b7f7d764e0e981afcaa0ff4e1e6fa7a69e6f04aa1158f173ddde3f281c231c9482af04e645fe0acb76c900a6a40d97b4c6e659a8afdbaa8885ee,08/12/2025 03:00:00 AM,1,DRIVER,,2029112,,UNKNOWN,OTHER (EXPLAIN IN NARRATIVE),,,UNKNOWN,UNKNOWN/NA,UNKNOWN/NA,S,UNKNOWN/NA,,,1,,,,,,,,,,,,,,,,,Y,UNKNOWN,,,,,,,,,,,,,,,,,,,,,,,,,,,,,,,,,