CRASH_UNIT_ID,CRASH_RECORD_ID,CRASH_DATE,UNIT_NO,UNIT_TYPE,NUM_PASSENGERS,VEHICLE_ID,CMRC_VEH_I,MAKE,MODEL,LIC_PLATE_STATE,VEHICLE_YEAR,VEHICLE_DEFECT,VEHICLE_TYPE,VEHICLE_USE,TRAVEL_DIRECTION,MANEUVER,TOWED_I,FIRE_I,OCCUPANT_CNT,EXCEED_SPEED_LIMIT_I,TOWED_BY,TOWED_TO,AREA_00_I,AREA_01_I,AREA_02_I,AREA_03_I,AREA_04_I,AREA_05_I,AREA_06_I,AREA_07_I,AREA_08_I,AREA_09_I,AREA_10_I,AREA_11_I,AREA_12_I,AREA_99_I,FIRST_CONTACT_POINT,CMV_ID,USDOT_NO,CCMC_NO,ILCC_NO,COMMERCIAL_SRC,GVWR,CARRIER_NAME,CARRIER_STATE,CARRIER_CITY,HAZMAT_PLACARDS_I,HAZMAT_NAME,UN_NO,HAZMAT_PRESENT_I,HAZMAT_REPORT_I,HAZMAT_REPORT_NO,MCS_REPORT_I,MCS_REPORT_NO,HAZMAT_VIO_CAUSE_CRASH_I,MCS_VIO_CAUSE_CRASH_I,IDOT_PERMIT_NO,WIDE_LOAD_I,TRAILER1_WIDTH,TRAILER2_WIDTH,TRAILER1_LENGTH,TRAILER2_LENGTH,TOTAL_VEHICLE_LENGTH,AXLE_CNT,VEHICLE_CONFIG,CARGO_BODY_TYPE,LOAD_TYPE,HAZMAT_OUT_OF_SERVICE_I,MCS_OUT_OF_SERVICE_I,HAZMAT_CLASS
2128541,5fd4f1010fb5b7f7d764e0e981afcaa0ff4e1e6fa7a69e6f04aa1158f173ddde3f281c231c9482af04e645fe0acb76c900a6a40d97b4c6e659a8afdbaa8885ee,08/12/2025 03:00:00 AM,2,PARKED,,2029126,,NISSAN,ROGUE,IL,2024,NONE,PASSENGER,PERSONAL,S,PARKED,,,0,,,,,,,,,,,Y,,,,,,,REAR-LEFT-CORNER,,,,,,,,,,,,,,,,,,,,,,,,,,,,,,,,,
2126728,f031cf97d0b64939c53665555db70ed4ffbfd3bda4d8f6c01de3d86e36b84504eb8daa8bbcb3d40f87800271e63327254b439ab77a440bb4c9f446b7a5bff4b8,08/12/2025 02:15:00 AM,1,DRIVER,1,2027405,,CHEVROLET,OTHER (EXPLAIN IN NARRATIVE),IL,2007,UNKNOWN,PASSENGER,PERSONAL,E,STRAIGHT AHEAD,,,2,,,,Y,,,,,,,,,,,N,N,,FRONT,,,,,,,,,,,,,,,,,,,,,,,,,,,,,,,,,
2126729,f031cf97d0b64939c53665555db70ed4ffbfd3bda4d8f6c01de3d86e36b84504eb8daa8bbcb3d40f87800271e63327254b439ab77a440bb4c9f446b7a5bff4b8,08/12/2025 02:15:00 AM,2,DRIVER,1,2027406,,KIA,SORENTO,IL,2014,NONE,PASSENGER,PERSONAL,E,STRAIGHT AHEAD,,,2,,,,,,,,,Y,Y,Y,,,,,,,REAR,,,,,,,,,,,,,,,,,,,,,,,,,,,,,,,,,
2126733,3cdcf3c5e5197d6c4f6ad476ae6d63fceb9f9eac577be74e99988b93e734d1a0a9e3d66e6b159b6362f7acc506cbd14c3b496543290f9565d33cb86cd27a4eae,08/12/2025 02:14:00 AM,1,DRIVER,,2027415,,UNKNOWN,OTHER (EXPLAIN IN NARRATIVE),IL,,UNKNOWN,UNKNOWN/NA,UNKNOWN/NA,S,STRAIGHT AHEAD,,,1,,,,,,,,,,,,,,,,,Y,SIDE-RIGHT-FRONT,,,,,,,,,,,,,,,,,,,,,,,,,,,,,,,,,
2126734,3cdcf3c5e5197d6c4f6ad476ae6d63fceb9f9eac577be74e99988b93e734d1a0a9e3d66e6b159b6362f7acc506cbd14c3b496543290f9565d33cb86cd27a4eae,08/12/2025 02:14:00 AM,2,DRIVER,2,2027411,N,NOVA BUS,LFS,IL,2023,NONE,BUS OVER 15 PASS.,CTA,S,STRAIGHT AHEAD,,,3,,,,,,,,,,,,,,Y,Y,,,SIDE-LEFT-FRONT,,,,,,,,,,,,,,,,,,,,,,,,,,,,,,,,,
2128049,09144e49f88221f93565ee369db64bcf2c0881571ec598d4b5cbb4588c1b0ff82e050e84cec1982cdfbe5864570d7d4ecab7a41e47ee6c4a49ddc96ac4f4fe9f,08/12/2025 01:30:00 AM,1,DRIVER,,2028657,,HONDA,CIVIC,IL,2010,UNKNOWN,PASSENGER,PERSONAL,W,BACKING,,,1,,,,,,,,,,,,,,,,,Y,REAR-RIGHT-CORNER,,,,,,,,,,,,,,,,,,,,,,,,,,,,,,,,,
2128050,09144e49f88221f93565ee369db64bcf2c0881571ec598d4b5cbb4588c1b0ff82e050e84cec1982cdfbe5864570d7d4ecab7a41e47ee6c4a49ddc96ac4f4fe9f,08/12/2025 01:30:00 AM,2,PARKED,1,2028659,,HYUNDAI,ELANTRA,IL,2020,NONE,PASSENGER,PERSONAL,N,PARKED,,,1,,,,,,,,Y,Y,,,,,,,,,SIDE-RIGHT-REAR,,,,,,,,,,,,,,,,,,,,,,,,,,,,,,,,,
2127963,cbaf2b8582f060cf0d4720e8a2ad8cedd381ea9fbd17fd94949b8d14231ac2afd14b9bc1a6d3ca259706a5fa8ba0218359fcd6fc9ff7162b2e9833e238f6917f,08/12/2025 01:30:00 AM,1,DRIVER,,2028574,,UNKNOWN,MOTORIZED,,,UNKNOWN,TRACTOR W/O SEMI-TRAILER,UNKNOWN/NA,S,TURNING RIGHT,,,1,,,,,Y,Y,,,,,,,,,,,,SIDE-RIGHT,,,,,,,,,,,,,,,,,,,,,,,,,,,,,,,,,
2127964,cbaf2b8582f060cf0d4720e8a2ad8cedd381ea9fbd17fd94949b8d14231ac2afd14b9bc1a6d3ca259706a5fa8ba0218359fcd6fc9ff7162b2e9833e238f6917f,08/12/2025 01:30:00 AM,2,DRIVER,1,2028580,,HYUNDAI,SONATA,IL,2017,UNKNOWN,PASSENGER,PERSONAL,S,STRAIGHT AHEAD,,,2,,,,,,,,,,,,,Y,Y,Y,,,SIDE-LEFT,,,,,,,,,,,,,,,,,,,,,,,,,,,,,,,,,
2126726,bf7b404cd49c17665271d4d5aebc75a34c9b0e5cf3e8720177ba02bee35c648caab063861a79acbfd211f7becedad9f95652de7b711cf6b68f617e32451b5016,08/12/2025 01:15:00 AM,1,DRIVER,1,2027403,,SAAB,9-5,IL,2003,UNKNOWN,PASSENGER,PERSONAL,N,CHANGING LANES,Y,,2,,LIMITLESS TOWING,701 N SACRAMENTO,,,,,,Y,Y,Y,Y,Y,Y,Y,,,SIDE-LEFT-FRONT,,,,,,,,,,,,,,,,,,,,,,,,,,,,,,,,,
2126727,bf7b404cd49c17665271d4d5aebc75a34c9b0e5cf3e8720177ba02bee35c648caab063861a79acbfd211f7becedad9f95652de7b711cf6b68f617e32451b5016,08/12/2025 01:15:00 AM,2,DRIVER,,2027404,,FORD,F650,AZ,2019,UNKNOWN,TRUCK - SINGLE UNIT,PERSONAL,N,STRAIGHT AHEAD,,,1,,,,,Y,Y,Y,Y,Y,,,,,,,,,SIDE-RIGHT,,,,,,,,,,,,,,,,,,,,,,,,,,,,,,,,,
2127451,5a41c2f526ced98ea6c815cf4d14205a926ca6c1de2815aa359ed2c446bbc40fd013e9374bf5fe763c995596a9445791678f24d865077efcb757827614ecd7b8,08/12/2025 01:00:00 AM,1,DRIVER,,2028121,,BUICK,LACROSSE,IL,2012,TIRES,PASSENGER,PERSONAL,E,UNKNOWN/NA,Y,,1,,,,,Y,Y,,,,,,,,,,Y,,FRONT-RIGHT-CORNER,,,,,,,,,,,,,,,,,,,,,,,,,,,,,,,,,
2127452,5a41c2f526ced98ea6c815cf4d14205a926ca6c1de2815aa359ed2c446bbc40fd013e9374bf5fe763c995596a9445791678f24d865077efcb757827614ecd7b8,08/12/2025 01:00:00 AM,2,PARKED,,2028126,,DODGE,DURANGO,IN,,UNKNOWN,PASSENGER,NOT IN USE,E,PARKED,,,0,,,,,,,,,Y,Y,Y,,,,,,,REAR,,,,,,,,,,,,,,,,,,,,,,,,,,,,,,,,,
2126720,9b3c3da85c02d334c908520d9cde792695c3a557b95960563c0b4e36520c4fb96de7c96996d4f6263a7063dd3ee414eb367cfa4866aec27e185e175d945a24c9,08/12/2025 01:00:00 AM,1,DRIVER,,2027391,,GENERAL MOTORS CORPORATION (GMC),YUKON,IL,2007,UNKNOWN,PASSENGER,UNKNOWN/NA,UNKNOWN,UNKNOWN/NA,,,1,,,,,,,,,,,,,,,,,Y,UNKNOWN,,,,,,,,,,,,,,,,,,,,,,,,,,,,,,,,,
2126721,9b3c3da85c02d334c908520d9cde792695c3a557b95960563c0b4e36520c4fb96de7c96996d4f6263a7063dd3ee414eb367cfa4866aec27e185e175d945a24c9,08/12/2025 01:00:00 AM,2,PARKED,,2027396,,NISSAN,SENTRA,IL,2017,NONE,PASSENGER,PERSONAL,W,PARKED,,,0,,,,,,,,,,Y,,,,,,,,REAR-RIGHT-CORNER,,,,,,,,,,,,,,,,,,,,,,,,,,,,,,,,,
2126730,aadf7e1c92e05fbed4482520a386004540d2e5f612d0e33b8d1d1670155651bb09f06ff2772235338821c2b45575aab81e695d7a8f4b4450d41a318e5f94bd5c,08/12/2025 01:00:00 AM,1,DRIVER,,2027407,,FORD,TAURUS,IL,2013,UNKNOWN,PASSENGER,PERSONAL,E,STRAIGHT AHEAD,Y,,1,,by city of chicago,doty road,,Y,Y,Y,,,,,,,,,Y,,FRONT-RIGHT-CORNER,,,,,,,,,,,,,,,,,,,,,,,,,,,,,,,,,
2126731,aadf7e1c92e05fbed4482520a386004540d2e5f612d0e33b8d1d1670155651bb09f06ff2772235338821c2b45575aab81e695d7a8f4b4450d41a318e5f94bd5c,08/12/2025 01:00:00 AM,2,PARKED,,2027409,,HONDA,ACCORD,IL,2022,UNKNOWN,PASSENGER,PERSONAL,E,PARKED,,,0,,,,,,,,,,,Y,Y,Y,,,,,REAR-LEFT-CORNER,,,,,,,,,,,,,,,,,,,,,,,,,,,,,,,,,
2126732,aadf7e1c92e05fbed4482520a386004540d2e5f612d0e33b8d1d1670155651bb09f06ff2772235338821c2b45575aab81e695d7a8f4b4450d41a318e5f94bd5c,08/12/2025 01:00:00 AM,3,PARKED,,2027412,,UNKNOWN,OTHER (EXPLAIN IN NARRATIVE),IN,2012,UNKNOWN,PASSENGER,PERSONAL,E,PARKED,,,0,,,,,,,,,Y,Y,Y,,,,,,,REAR,,,,,,,,,,,,,,,,,,,,,,,,,,,,,,,,,
2126715,2745b6e63752f3865d31f0e0fbee3978343dd91b034065e8bba807c429305128d17bc5073f4a37e167340873415cd08c6c09465316dbbbc6e30743da702c6801,08/12/2025 12:51:00 AM,1,DRIVER,1,2027392,,TOYOTA,PRIUS,IL,2007,UNKNOWN,PASSENGER,PERSONAL,E,STRAIGHT AHEAD,N,,2,,,,,Y,Y,Y,Y,,,,,,,,,Y,SIDE-RIGHT,,,,,,,,,,,,,,,,,,,,,,,,,,,,,,,,,
2126716,2745b6e63752f3865d31f0e0fbee3978343dd91b034065e8bba807c429305128d17bc5073f4a37e167340873415cd08c6c09465316dbbbc6e30743da702c6801,08/12/2025 12:51:00 AM,2,DRIVER,,2027398,,FORD,ESCAPE,IL,2025,UNKNOWN,PASSENGER,PERSONAL,N,STRAIGHT AHEAD,,,1,,,,,Y,,,,,,,,,,Y,Y,Y,FRONT,,,,,,,,,,,,,,,,,,,,,,,,,,,,,,,,,
2127399,3191e8e0510f3a9a780b7aad2f16db8f9e636bca83ad86abdff32d503b7985d5394999d4fb81d7ab32518ad2a18b6adbefd520b60c324fbf4a4fee064628fd4c,08/12/2025 12:47:00 AM,1,DRIVER,,2028037,,UNKNOWN,OTHER (EXPLAIN IN NARRATIVE),,,UNKNOWN,UNKNOWN/NA,UNKNOWN/NA,UNKNOWN,UNKNOWN/NA,,,1,,,,,,,,,,,,,,,,,Y,UNKNOWN,,,,,,,,,,,,,,,,,,,,,,,,,,,,,,,,,
2127400,3191e8e0510f3a9a780b7aad2f16db8f9e636bca83ad86abdff32d503b7985d5394999d4fb81d7ab32518ad2a18b6adbefd520b60c324fbf4a4fee064628fd4c,08/12/2025 12:47:00 AM,2,PARKED,,2028040,,FORD,EXPLORER,IL,2018,UNKNOWN,PASSENGER,PERSONAL,UNKNOWN,PARKED,,,0,,,,,,,,,,,,,Y,Y,Y,,N,UNKNOWN,,,,,,,,,,,,,,,,,,,,,,,,,,,,,,,,,
2126699,77f7f001836216f3aa00bfdcb7e20cb0a48ea65e4a078b4c4c2142719b99694e66ca0f1f06d2d612b5af1855f8528d96abe48c28276a5e31bd4c9007cf5867b0,08/12/2025 12:10:00 AM,1,DRIVER,,2027372,,HYUNDAI,OTHER (EXPLAIN IN NARRATIVE),IL,2016,NONE,SPORT UTILITY VEHICLE (SUV),PERSONAL,E,STRAIGHT AHEAD,N,,1,,,,,Y,N,N,N,N,N,N,,,,Y,Y,,FRONT,,,,,,,,,,,,,,,,,,,,,,,,,,,,,,,,,
2126700,77f7f001836216f3aa00bfdcb7e20cb0a48ea65e4a078b4c4c2142719b99694e66ca0f1f06d2d612b5af1855f8528d96abe48c28276a5e31bd4c9007cf5867b0,08/12/2025 12:10:00 AM,2,DRIVER,,2027377,,TOYOTA,PRIUS,IL,2010,NONE,PASSENGER,PERSONAL,S,STRAIGHT AHEAD,Y,,1,,PERSONAL,,,,Y,Y,Y,Y,Y,Y,,,,,,,REAR-RIGHT-CORNER,,,,,,,,,,,,,,,,,,,,,,,,,,,,,,,,,
2126708,42b4152f4ff10f3066ee28f86b89a84881f0bd9768d99f7ccd69c1daba5955a132ac7991970b35031904208ec91d244755f8dadfb352d42249d0cc5b868adb41,08/12/2025 12:02:00 AM,1,DRIVER,,2027389,,UNKNOWN,OTHER (EXPLAIN IN NARRATIVE),IL,,UNKNOWN,UNKNOWN/NA,UNKNOWN/NA,UNKNOWN,UNKNOWN/NA,,,1,,,,,,,,,,,,,,,,,Y,UNKNOWN,,,,,,,,,,,,,,,,,,,,,,,,,,,,,,,,,
2126709,42b4152f4ff10f3066ee28f86b89a84881f0bd9768d99f7ccd69c1daba5955a132ac7991970b35031904208ec91d244755f8dadfb352d42249d0cc5b868adb41,08/12/2025 12:02:00 AM,2,DRIVER,,2027384,,SUBARU,CROSSTREK,IL,2016,UNKNOWN,PASSENGER,PERSONAL,E,STRAIGHT AHEAD,,,1,,,,,,,,Y,Y,,,,,,,,,REAR-RIGHT-CORNER,,,,,,,,,,,,,,,,,,,,,,,,,,,,,,,,,
2126717,dfa64b434ecc21a4bf65ec1a9e6c6c8b110e305123a18103d06a10a28687d38e9b9206c0fea7026dd2eea03da10a30e4b158b0019da59c66a6ba92657fd4c2cf,08/12/2025 12:00:00 AM,1,DRIVER,4,2027395,,"SPARTAN MOTORS, INC. (CHARLOTTE, MI)","SPARTAN MOTORS, INC. (MFD. IN CHARLOTTE, MI)",,2006,NONE,OTHER,FIRE,W,OTHER,,,5,,,,,,,Y,Y,Y,,,,,,,,,SIDE-RIGHT-REAR,,,,,,,,,,,,,,,,,,,,,,,,,,,,,,,,,
2126706,7b005e7b6ef57cc26271b8fa97555cf110944a0133e7258752e3f7d00826c26c46f4056dedbc642c02dadfdc5943bd8a07ea42bf79c51e530e6591a79cca597e,08/11/2025 11:58:00 PM,1,DRIVER,,2027381,,HONDA,CR-V,IL,2008,NONE,PASSENGER,PERSONAL,N,STRAIGHT AHEAD,Y,,1,,private,,,Y,Y,,,,,,,,,,N,,FRONT-RIGHT-CORNER,,,,,,,,,,,,,,,,,,,,,,,,,,,,,,,,,
2126707,7b005e7b6ef57cc26271b8fa97555cf110944a0133e7258752e3f7d00826c26c46f4056dedbc642c02dadfdc5943bd8a07ea42bf79c51e530e6591a79cca597e,08/11/2025 11:58:00 PM,2,DRIVER,2,2027383,N,NOVA BUS,OTHER (EXPLAIN IN NARRATIVE),IL,2024,NONE,BUS OVER 15 PASS.,CTA,N,STRAIGHT AHEAD,,,3,,,,,,,,,,,Y,Y,,,,,,REAR-LEFT-CORNER,,,,,,,,,,,,,,,,,,,,,,,,,,,,,,,,,
2126712,d8831bf1c09a13485bb718e28b0d9affda44e18fdf8fcc6c8cf114c1cc3a5a722303b918f7760649127a9d401c25ff5b63b29c2c405ddeafff8c4322a704da48,08/11/2025 11:50:00 PM,1,DRIVER,,2027386,,HONDA,ODYSSEY,IL,2007,UNKNOWN,PASSENGER,PERSONAL,E,STRAIGHT AHEAD,Y,,1,,STREETS AND SANITATION,103 AND DOTY,,Y,Y,Y,,,,,,,,Y,Y,,OTHER,,,,,,,,,,,,,,,,,,,,,,,,,,,,,,,,,
2126713,d8831bf1c09a13485bb718e28b0d9affda44e18fdf8fcc6c8cf114c1cc3a5a722303b918f7760649127a9d401c25ff5b63b29c2c405ddeafff8c4322a704da48,08/11/2025 11:50:00 PM,2,PARKED,,2027387,,JEEP,LIBERTY,IL,2008,UNKNOWN,PASSENGER,PERSONAL,E,PARKED,,,0,,,,,N,N,N,N,N,,Y,Y,Y,,,,,SIDE-LEFT-REAR,,,,,,,,,,,,,,,,,,,,,,,,,,,,,,,,,
2126714,d8831bf1c09a13485bb718e28b0d9affda44e18fdf8fcc6c8cf114c1cc3a5a722303b918f7760649127a9d401c25ff5b63b29c2c405ddeafff8c4322a704da48,08/11/2025 11:50:00 PM,3,PARKED,,2027394,,JEEP,LIBERTY,IL,2003,UNKNOWN,PASSENGER,PERSONAL,E,STRAIGHT AHEAD,,,0,,,,,,,,,Y,Y,Y,,,,,,,REAR,,,,,,,,,,,,,,,,,,,,,,,,,,,,,,,,,
2126725,dfae45fd8fee61c06a93895eea04f6599812e450f7d42d16026181cc1de9119a59decd264b263d9a3d88c2d223fe8628dee25ad5df6642aae6b706e809918e2b,08/11/2025 11:39:00 PM,1,DRIVER,,2027400,,CHEVROLET,MALIBU,IL,2018,NONE,PASSENGER,PERSONAL,W,STRAIGHT AHEAD,,,1,,,,,Y,,,,,,,,,,Y,Y,,FRONT,,,,,,,,,,,,,,,,,,,,,,,,,,,,,,,,,
2126701,650b942a89943736ad00e35911738b4d88ce624740ed98f594477b9b63f2cf3a759ebe46af5a36487041137286a94d5a6bbeceec6888fc984a5a994efca00b89,08/11/2025 11:38:00 PM,1,DRIVER,,2027376,,MAZDA,CX-7,IL,2012,UNKNOWN,PASSENGER,PERSONAL,E,STRAIGHT AHEAD,,,1,,,,,,,,,,,,,,,N,Y,,FRONT,,,,,,,,,,,,,,,,,,,,,,,,,,,,,,,,,
2126702,650b942a89943736ad00e35911738b4d88ce624740ed98f594477b9b63f2cf3a759ebe46af5a36487041137286a94d5a6bbeceec6888fc984a5a994efca00b89,08/11/2025 11:38:00 PM,2,DRIVER,1,2027380,,VOLKSWAGEN,BEETLE,IL,2012,UNKNOWN,PASSENGER,PERSONAL,E,STRAIGHT AHEAD,,,2,,,,,,,,,,Y,N,,,,,,,REAR,,,,,,,,,,,,,,,,,,,,,,,,,,,,,,,,,
2126722,1e789d11b3f685ae88a061a371a5c1403b1abfadce8cd9ace95e0f387a6107d0ad992569c8414a1ef80e58ab3d8c6e0f2a3ee859cb4ee8fe7b0f72952028c419,08/11/2025 11:22:00 PM,1,DRIVER,,2027397,,JEEP,PATRIOT,IL,2014,NONE,PASSENGER,PERSONAL,S,STRAIGHT AHEAD,Y,,1,,private tow,,,Y,,,,,,,,,,Y,Y,,FRONT,,,,,,,,,,,,,,,,,,,,,,,,,,,,,,,,,
2126723,1e789d11b3f685ae88a061a371a5c1403b1abfadce8cd9ace95e0f387a6107d0ad992569c8414a1ef80e58ab3d8c6e0f2a3ee859cb4ee8fe7b0f72952028c419,08/11/2025 11:22:00 PM,2,DRIVER,1,2027399,,FORD,EXPLORER,IL,2023,NONE,OTHER,POLICE,E,STRAIGHT AHEAD,Y,,2,,CITY OF CHICAGO,,,,,,,,Y,Y,Y,,,,,,REAR-LEFT-CORNER,,,,,,,,,,,,,,,,,,,,,,,,,,,,,,,,,
2126669,0bbe835c789c875006930d19f2a34c56953df9d72a1550bb9454860ea0e2ab84b52c98dc3c6a0f46135b2c16ea2e1386ce5d114f550b03dd400059f123a60616,08/11/2025 11:14:00 PM,1,DRIVER,,2027345,,UNKNOWN,OTHER (EXPLAIN IN NARRATIVE),,,UNKNOWN,VAN/MINI-VAN,UNKNOWN/NA,E,STRAIGHT AHEAD,,,1,,,,,Y,Y,Y,,,,,,,,,N,,SIDE-RIGHT,,,,,,,,,,,,,,,,,,,,,,,,,,,,,,,,,
2126670,0bbe835c789c875006930d19f2a34c56953df9d72a1550bb9454860ea0e2ab84b52c98dc3c6a0f46135b2c16ea2e1386ce5d114f550b03dd400059f123a60616,08/11/2025 11:14:00 PM,2,DRIVER,,2027348,,JEEP,GRAND CHEROKEE,IL,2015,NONE,PASSENGER,PERSONAL,N,TURNING LEFT,Y,,1,,UNKNOWN,UNKNOWN,,Y,Y,,,,,,,,,,Y,,FRONT-RIGHT-CORNER,,,,,,,,,,,,,,,,,,,,,,,,,,,,,,,,,
2126673,576e93b9cede8325cfd9304470fdeaffe8d09a2365fe7366465db3ff88361c2fff129a4e071049fdd42a383d9fc4decb1c12717368943737950095060ae87302,08/11/2025 11:11:00 PM,1,DRIVER,,2027349,,TOYOTA,RAV4,IL,2024,NONE,SPORT UTILITY VEHICLE (SUV),PERSONAL,S,STRAIGHT AHEAD,,,1,,,,,,,,,,,,,,,,Y,,FRONT,,,,,,,,,,,,,,,,,,,,,,,,,,,,,,,,,
2126674,576e93b9cede8325cfd9304470fdeaffe8d09a2365fe7366465db3ff88361c2fff129a4e071049fdd42a383d9fc4decb1c12717368943737950095060ae87302,08/11/2025 11:11:00 PM,2,DRIVER,1,2027353,,MERCEDES-BENZ,E-CLASS,IL,2009,NONE,PASSENGER,PERSONAL,S,STRAIGHT AHEAD,,,2,,,,,,,,,,Y,,,,,,,,REAR,,,,,,,,,,,,,,,,,,,,,,,,,,,,,,,,,
2126718,55b3e90e4ffe2a5255bdd48beeba33229b19b116b4d7d7c6e7441636e13798fe204b1d4bc4245f1d43dfd528e2f37c77edbd0311f02de94a6570876619ef4fda,08/11/2025 11:10:00 PM,1,DRIVER,,2027390,,UNKNOWN,ENCLOSED BODY,IL,,UNKNOWN,PASSENGER,UNKNOWN/NA,E,TURNING LEFT,,,1,,,,,Y,,,,,,,,,,Y,Y,,FRONT,,,,,,,,,,,,,,,,,,,,,,,,,,,,,,,,,
2126719,55b3e90e4ffe2a5255bdd48beeba33229b19b116b4d7d7c6e7441636e13798fe204b1d4bc4245f1d43dfd528e2f37c77edbd0311f02de94a6570876619ef4fda,08/11/2025 11:10:00 PM,2,DRIVER,3,2027393,,AUDI,A3,IL,2016,NONE,PASSENGER,PERSONAL,W,STRAIGHT AHEAD,Y,,4,,Private towing company,,,Y,Y,Y,Y,,,Y,Y,Y,Y,Y,Y,,SIDE-LEFT,,,,,,,,,,,,,,,,,,,,,,,,,,,,,,,,,
2126668,592c0dedd2e85ca8b7f6b0729b7cdceaa9dfa0e655334fff642e8ef6dca5dfdb06b9a8f7c0c41c1d07203d15480b2765eedd0c0c9e17684cb6d9fff8a9c20705,08/11/2025 11:07:00 PM,1,DRIVER,,2027344,,UNKNOWN,OTHER (EXPLAIN IN NARRATIVE),XX,,UNKNOWN,UNKNOWN/NA,UNKNOWN/NA,W,UNKNOWN/NA,,,1,,,,,,,,,,,,,,,,,,UNKNOWN,,,,,,,,,,,,,,,,,,,,,,,,,,,,,,,,,
2126671,97924be5295894a4c316ac7f65da2c18158ed9b989eef96f122bd0c9b285f30affe3edf735de8e4817556d475a530a70794a6718529e85b14cca732d0cfda907,08/11/2025 11:05:00 PM,1,DRIVER,,2027350,,JEEP,WRANGLER,IL,,UNKNOWN,PASSENGER,PERSONAL,W,BACKING,,,1,,,,,,,,,,,,,,,,,Y,REAR,,,,,,,,,,,,,,,,,,,,,,,,,,,,,,,,,
2126672,97924be5295894a4c316ac7f65da2c18158ed9b989eef96f122bd0c9b285f30affe3edf735de8e4817556d475a530a70794a6718529e85b14cca732d0cfda907,08/11/2025 11:05:00 PM,2,PARKED,,2027352,,KIA,SELTOS,IL,2022,NONE,PASSENGER,PERSONAL,N,PARKED,,,0,,,,,,,,,,,,Y,Y,,,,,SIDE-LEFT,,,,,,,,,,,,,,,,,,,,,,,,,,,,,,,,,
2126834,4c801674d27302e46a3e67931ff2a2329392b3719a6a3c0ef8f1dd27b58b83ceacf7a0e9185ea9b7ccaac46f9d96d7eed7c357626b8749eb64cbc55e798b47e5,08/11/2025 11:00:00 PM,1,DRIVER,,2027520,,HONDA,ACCORD,CA,2018,NONE,PASSENGER,PERSONAL,E,STRAIGHT AHEAD,,,1,,,,,,,,,,,,,,,,Y,,FRONT,,,,,,,,,,,,,,,,,,,,,,,,,,,,,,,,,
2126835,4c801674d27302e46a3e67931ff2a2329392b3719a6a3c0ef8f1dd27b58b83ceacf7a0e9185ea9b7ccaac46f9d96d7eed7c357626b8749eb64cbc55e798b47e5,08/11/2025 11:00:00 PM,2,DRIVER,,2027509,,LAND ROVER,RANGE ROVER (EVOQUE / SPORT / VELAR),IL,2013,NONE,PASSENGER,PERSONAL,E,STRAIGHT AHEAD,,,1,,,,,,,,,,,Y,,,,,,,REAR,,,,,,,,,,,,,,,,,,,,,,,,,,,,,,,,,
2127262,aa983566f51ab0970afe70aae50fcb11b18f74ee77b8cd0a03a8d027e6603bc3c751c7796c995ab23e405181f276cf030997c4303449ac2d7a96e938539481fa,08/11/2025 10:55:00 PM,1,DRIVER,,2027910,,FORD,ESCAPE,IL,2020,UNKNOWN,SPORT UTILITY VEHICLE (SUV),PERSONAL,N,PASSING/OVERTAKING,,,1,,,,,Y,Y,,,,,,,,,,Y,,FRONT-RIGHT-CORNER,,,,,,,,,,,,,,,,,,,,,,,,,,,,,,,,,
2127263,aa983566f51ab0970afe70aae50fcb11b18f74ee77b8cd0a03a8d027e6603bc3c751c7796c995ab23e405181f276cf030997c4303449ac2d7a96e938539481fa,08/11/2025 10:55:00 PM,2,DRIVER,1,2027917,,JEEP,GRAND CHEROKEE,IL,2016,UNKNOWN,SPORT UTILITY VEHICLE (SUV),PERSONAL,N,STRAIGHT AHEAD,Y,,2,,JAYS TOWING,1729 N. LONG AVE,,,,,,,,,Y,Y,Y,Y,,,SIDE-LEFT,,,,,,,,,,,,,,,,,,,,,,,,,,,,,,,,,
2126682,a6deee2e1002cf9f0d8492c720416aa020bd0ecd107943507d6caed597b761d7e5324de96f3cd50374a8f60a9d156416d35c3aaf275e453de8313936e2b4f591,08/11/2025 10:54:00 PM,1,DRIVER,,2027356,,UNKNOWN,OTHER (EXPLAIN IN NARRATIVE),XX,,UNKNOWN,PASSENGER,UNKNOWN/NA,W,STRAIGHT AHEAD,,,1,,,,,,,,,,,,,,,,,Y,FRONT,,,,,,,,,,,,,,,,,,,,,,,,,,,,,,,,,
2126683,a6deee2e1002cf9f0d8492c720416aa020bd0ecd107943507d6caed597b761d7e5324de96f3cd50374a8f60a9d156416d35c3aaf275e453de8313936e2b4f591,08/11/2025 10:54:00 PM,2,DRIVER,3,2027359,,CHRYSLER,PACIFICA,IL,2017,NONE,VAN/MINI-VAN,RIDESHARE SERVICE,W,SLOW/STOP IN TRAFFIC,,,4,,,,,,,,,,Y,,,,,,,,REAR,,,,,,,,,,,,,,,,,,,,,,,,,,,,,,,,,
2126690,5073c9a0d0578ff4d693e3d996838fc79f809ed8ec218a4a0b8ace912fdd44e42e057d69d1000aa2cc21c3da00ee5dc2073e93c2ce23825d55f1d95b9caea546,08/11/2025 10:48:00 PM,1,DRIVER,,2027361,,FORD,FOCUS,IL,2013,UNKNOWN,PASSENGER,UNKNOWN/NA,E,UNKNOWN/NA,Y,,1,,S&S053093,POUND 6,,Y,,,,,,,,,Y,Y,Y,,FRONT,,,,,,,,,,,,,,,,,,,,,,,,,,,,,,,,,