CRASH_UNIT_ID,CRASH_RECORD_ID,CRASH_DATE,UNIT_NO,UNIT_TYPE,NUM_PASSENGERS,VEHICLE_ID,CMRC_VEH_I,MAKE,MODEL,LIC_PLATE_STATE,VEHICLE_YEAR,VEHICLE_DEFECT,VEHICLE_TYPE,VEHICLE_USE,TRAVEL_DIRECTION,MANEUVER,TOWED_I,FIRE_I,OCCUPANT_CNT,EXCEED_SPEED_LIMIT_I,TOWED_BY,TOWED_TO,AREA_00_I,AREA_01_I,AREA_02_I,AREA_03_I,AREA_04_I,AREA_05_I,AREA_06_I,AREA_07_I,AREA_08_I,AREA_09_I,AREA_10_I,AREA_11_I,AREA_12_I,AREA_99_I,FIRST_CONTACT_POINT,CMV_ID,USDOT_NO,CCMC_NO,ILCC_NO,COMMERCIAL_SRC,GVWR,CARRIER_NAME,CARRIER_STATE,CARRIER_CITY,HAZMAT_PLACARDS_I,HAZMAT_NAME,UN_NO,HAZMAT_PRESENT_I,HAZMAT_REPORT_I,HAZMAT_REPORT_NO,MCS_REPORT_I,MCS_REPORT_NO,HAZMAT_VIO_CAUSE_CRASH_I,MCS_VIO_CAUSE_CRASH_I,IDOT_PERMIT_NO,WIDE_LOAD_I,TRAILER1_WIDTH,TRAILER2_WIDTH,TRAILER1_LENGTH,TRAILER2_LENGTH,TOTAL_VEHICLE_LENGTH,AXLE_CNT,VEHICLE_CONFIG,CARGO_BODY_TYPE,LOAD_TYPE,HAZMAT_OUT_OF_SERVICE_I,MCS_OUT_OF_SERVICE_I,HAZMAT_CLASS
2126680,0916c5db6e921ab62fb63b305c53607a948bd4849fba95e0611f217fcaffbad122b99daeadc0e235b8a1f89c67d0aea3fcb425f068206268d526f164eb54757b,08/11/2025 10:40:00 PM,1,DRIVER,,2027360,,CHEVROLET,EXPRESS,IL,2006,UNKNOWN,VAN/MINI-VAN,CONSTRUCTION/MAINTENANCE,N,STRAIGHT AHEAD,,,1,,,,,Y,,,,,,,,,,Y,Y,,FRONT,,,,,,,,,,,,,,,,,,,,,,,,,,,,,,,,,
2126681,0916c5db6e921ab62fb63b305c53607a948bd4849fba95e0611f217fcaffbad122b99daeadc0e235b8a1f89c67d0aea3fcb425f068206268d526f164eb54757b,08/11/2025 10:40:00 PM,2,DRIVER,1,2027366,,TOYOTA,CAMRY,TN,2023,NONE,PASSENGER,PERSONAL,N,STRAIGHT AHEAD,,,2,,,,,,,,Y,Y,Y,Y,Y,,,,,,REAR,,,,,,,,,,,,,,,,,,,,,,,,,,,,,,,,,
2126677,6861da15718ea4c9e3bd0244bacecb62218afb0cf6dcaaedd55e08cca9cfb3831403dca1ce876c76102435788bfc8012f42cfa5105b86c381cdaf06dbfa452b9,08/11/2025 10:30:00 PM,1,DRIVER,,2027365,,NISSAN,SENTRA,IL,2012,UNKNOWN,PASSENGER,PERSONAL,W,STRAIGHT AHEAD,,,1,,,,,,,,,,,,,,Y,Y,,,UNKNOWN,,,,,,,,,,,,,,,,,,,,,,,,,,,,,,,,,
2126678,6861da15718ea4c9e3bd0244bacecb62218afb0cf6dcaaedd55e08cca9cfb3831403dca1ce876c76102435788bfc8012f42cfa5105b86c381cdaf06dbfa452b9,08/11/2025 10:30:00 PM,2,DRIVER,,2027369,,AUDI,Q5,IL,2019,UNKNOWN,SPORT UTILITY VEHICLE (SUV),PERSONAL,W,STRAIGHT AHEAD,,,1,,,,,,,,,,Y,,,,,,,,UNKNOWN,,,,,,,,,,,,,,,,,,,,,,,,,,,,,,,,,
2129028,004524ab1acce90886c1b41a4f8ceb802f7581da0525b65b99c395193993126dd76ff13cef090b5ae024260e7422017d4ad4c0f579ad0e75634d1e6c353109ac,08/11/2025 10:20:00 PM,1,DRIVER,,2029588,,HYUNDAI,ELANTRA,IL,2020,NONE,PASSENGER,UNKNOWN/NA,S,STRAIGHT AHEAD,Y,Y,1,,STREET AND SANITATION,POUND #6,,Y,,,,,,,,,,,,,FRONT-RIGHT-CORNER,,,,,,,,,,,,,,,,,,,,,,,,,,,,,,,,,
2129029,004524ab1acce90886c1b41a4f8ceb802f7581da0525b65b99c395193993126dd76ff13cef090b5ae024260e7422017d4ad4c0f579ad0e75634d1e6c353109ac,08/11/2025 10:20:00 PM,2,DRIVER,,2029589,,UNKNOWN,MOTORIZED,,,UNKNOWN,MOTORCYCLE (OVER 150CC),PERSONAL,S,STRAIGHT AHEAD,,,1,,,,,,,,,,N,,,,,,,Y,UNKNOWN,,,,,,,,,,,,,,,,,,,,,,,,,,,,,,,,,
2126688,be21e074dc207be6a171241381204a98a4a3570f0c63635876093f2a44e6b065399a86890f62d3eeecfbf5b633fc4f10d1269bab31668da4597648635292fb3a,08/11/2025 10:15:00 PM,1,DRIVER,,2027364,,MAZDA,CX-5,IL,2021,NONE,SPORT UTILITY VEHICLE (SUV),PERSONAL,N,STRAIGHT AHEAD,,,1,,,,,,,,,,,,,,,,Y,,FRONT,,,,,,,,,,,,,,,,,,,,,,,,,,,,,,,,,
2126689,be21e074dc207be6a171241381204a98a4a3570f0c63635876093f2a44e6b065399a86890f62d3eeecfbf5b633fc4f10d1269bab31668da4597648635292fb3a,08/11/2025 10:15:00 PM,2,DRIVER,1,2027367,,HONDA,ODYSSEY,IL,,UNKNOWN,VAN/MINI-VAN,UNKNOWN/NA,N,OTHER,,,2,,,,,,,,,,Y,,,,,,,,REAR,,,,,,,,,,,,,,,,,,,,,,,,,,,,,,,,,
2126693,9dad7267a60813f7ff75d88e26ae99deda6da27bb086740f3073d1d837a728a9da19e3810a7b452ad7cffc667386d47e665ba48de99fb872ec6558707c6c4075,08/11/2025 10:13:00 PM,1,DRIVER,,2027368,,HONDA,ODYSSEY,TX,2024,NONE,PASSENGER,PERSONAL,E,STRAIGHT AHEAD,Y,,1,,OWNER,UNKNOWN,,,,,,,,,,,Y,Y,,,FRONT-LEFT-CORNER,,,,,,,,,,,,,,,,,,,,,,,,,,,,,,,,,
2126694,9dad7267a60813f7ff75d88e26ae99deda6da27bb086740f3073d1d837a728a9da19e3810a7b452ad7cffc667386d47e665ba48de99fb872ec6558707c6c4075,08/11/2025 10:13:00 PM,2,DRIVER,1,2027374,,HONDA,CIVIC,IL,2021,NONE,PASSENGER,PERSONAL,E,STRAIGHT AHEAD,Y,,2,,OWNER,UNKNOWN,,,,N,Y,Y,Y,,,,,,,,REAR-RIGHT-CORNER,,,,,,,,,,,,,,,,,,,,,,,,,,,,,,,,,
2126695,9dad7267a60813f7ff75d88e26ae99deda6da27bb086740f3073d1d837a728a9da19e3810a7b452ad7cffc667386d47e665ba48de99fb872ec6558707c6c4075,08/11/2025 10:13:00 PM,3,DRIVER,1,2027382,,DODGE,GRAND CARAVAN,IL,2008,NONE,PASSENGER,PERSONAL,E,SLOW/STOP IN TRAFFIC,,,2,,,,,,,,,Y,Y,Y,,,,,,,REAR,,,,,,,,,,,,,,,,,,,,,,,,,,,,,,,,,
2126675,df0de8f246ac933e1b9d5cd2fd1d69bf254c1809342aafa360de87000cb4e31420fc7b75a11fa7384e390765083175ca88d9f9935e2c26878a65023f5ddd0c15,08/11/2025 10:10:00 PM,1,DRIVER,,2027351,,HYUNDAI,SANTA FE,IL,2003,UNKNOWN,PASSENGER,PERSONAL,NE,TURNING LEFT,,,1,,,,,Y,Y,Y,,,,,,,,,,,FRONT-RIGHT-CORNER,,,,,,,,,,,,,,,,,,,,,,,,,,,,,,,,,
2126676,df0de8f246ac933e1b9d5cd2fd1d69bf254c1809342aafa360de87000cb4e31420fc7b75a11fa7384e390765083175ca88d9f9935e2c26878a65023f5ddd0c15,08/11/2025 10:10:00 PM,2,DRIVER,,2027354,,NISSAN,MURANO,IL,2011,NONE,PASSENGER,PERSONAL,E,TURNING LEFT,,,1,,,,,,,,,,,,Y,Y,Y,Y,,,SIDE-LEFT,,,,,,,,,,,,,,,,,,,,,,,,,,,,,,,,,
2126859,f885ca624d6f2f181f6fa21a5eefff080e80d56272511fa3c9030b68e9bc3bd49e507290c174009e1ccb6d9244df10fd41a25ea3c025c82b8380576253c3010a,08/11/2025 10:05:00 PM,1,DRIVER,,2027533,,HONDA,CIVIC,IL,2007,UNKNOWN,PASSENGER,PERSONAL,E,U-TURN,Y,,1,,private,private,,,,,,,,Y,Y,,,,,,SIDE-LEFT-REAR,,,,,,,,,,,,,,,,,,,,,,,,,,,,,,,,,
2126860,f885ca624d6f2f181f6fa21a5eefff080e80d56272511fa3c9030b68e9bc3bd49e507290c174009e1ccb6d9244df10fd41a25ea3c025c82b8380576253c3010a,08/11/2025 10:05:00 PM,2,DRIVER,,2027536,,CHEVROLET,SILVERADO,IL,2023,NONE,PICKUP,PERSONAL,E,STRAIGHT AHEAD,,,1,,,,,Y,,,,,,,,,,Y,Y,,FRONT,,,,,,,,,,,,,,,,,,,,,,,,,,,,,,,,,
2126691,afbb14b3c368394a90861e13d57035edf1bb04db0b293e38dc0ad6fc071f3f9d29a6c967ea4e43611cf95a7bba5dec44d9b0074fbad9898fe9d750e5f48b726c,08/11/2025 10:02:00 PM,1,DRIVER,,2027363,,FORD,F150,,,UNKNOWN,PICKUP,UNKNOWN/NA,N,PASSING/OVERTAKING,,,1,,,,,,,,,,,,,,,,,,FRONT,,,,,,,,,,,,,,,,,,,,,,,,,,,,,,,,,
2126692,afbb14b3c368394a90861e13d57035edf1bb04db0b293e38dc0ad6fc071f3f9d29a6c967ea4e43611cf95a7bba5dec44d9b0074fbad9898fe9d750e5f48b726c,08/11/2025 10:02:00 PM,2,DRIVER,,2027370,,TOYOTA,RAV4,IL,2016,NONE,SPORT UTILITY VEHICLE (SUV),PERSONAL,N,SLOW/STOP IN TRAFFIC,,,1,,,,,,,,,,,,,,,,,,REAR,,,,,,,,,,,,,,,,,,,,,,,,,,,,,,,,,
2126941,8da0d4523a2261caf1a77c99a923f83ed4c8821f6776e0b01c8c1f5887e10116e383a2943c4264152884ec03df3e61310af8767b3df49d4303aa0aa9e4e7cfda,08/11/2025 10:00:00 PM,1,DRIVER,,2028060,,CHEVROLET,TRUCK,IL,2023,UNKNOWN,PICKUP,PERSONAL,E,STRAIGHT AHEAD,,,1,,,,,Y,,,,,,,,,,Y,Y,,FRONT,,,,,,,,,,,,,,,,,,,,,,,,,,,,,,,,,
2126942,8da0d4523a2261caf1a77c99a923f83ed4c8821f6776e0b01c8c1f5887e10116e383a2943c4264152884ec03df3e61310af8767b3df49d4303aa0aa9e4e7cfda,08/11/2025 10:00:00 PM,2,DRIVER,,2028062,,HONDA,CIVIC,IL,2007,UNKNOWN,PASSENGER,PERSONAL,E,STRAIGHT AHEAD,,,1,,,,,,,,,Y,Y,Y,,,,,,,REAR,,,,,,,,,,,,,,,,,,,,,,,,,,,,,,,,,
2126634,ee9370760541190ecd4e369df4b46cf76e95799d937aa99a8af5adf8e8cad12a4fd7df342450def657443f2b22150f753f1f8de79b6155a42d46b12aa47b372a,08/11/2025 09:56:00 PM,2,PEDESTRIAN,,,,,,,,,,,,,,,,,,,,,,,,,,,,,,,,,,,,,,,,,,,,,,,,,,,,,,,,,,,,,,,,,,
2126640,ee9370760541190ecd4e369df4b46cf76e95799d937aa99a8af5adf8e8cad12a4fd7df342450def657443f2b22150f753f1f8de79b6155a42d46b12aa47b372a,08/11/2025 09:56:00 PM,1,DRIVER,,2027325,,HONDA,CR-V,IL,2017,NONE,PASSENGER,PERSONAL,N,PASSING/OVERTAKING,,,1,,,,,Y,Y,Y,,,,,,,,,,,FRONT-RIGHT-CORNER,,,,,,,,,,,,,,,,,,,,,,,,,,,,,,,,,
2126660,f1a22167a79b6e37c9d2be473b44440eb4f77a6ccea7049da17db535b1b8f992c41eff37a9efc634d72883297c9ffc72e2ce807c05b0f430b60687f20ecd19da,08/11/2025 09:46:00 PM,1,DRIVER,,2027340,,HONDA,PILOT,IL,2011,NONE,TRUCK - SINGLE UNIT,PERSONAL,W,UNKNOWN/NA,,,1,,,,,,,,,,,,,,,,,Y,REAR,,,,,,,,,,,,,,,,,,,,,,,,,,,,,,,,,
2126661,f1a22167a79b6e37c9d2be473b44440eb4f77a6ccea7049da17db535b1b8f992c41eff37a9efc634d72883297c9ffc72e2ce807c05b0f430b60687f20ecd19da,08/11/2025 09:46:00 PM,2,PARKED,,2027341,,MERCEDES-BENZ,C300,IL,2011,NONE,PASSENGER,PERSONAL,W,PARKED,,,0,,,,,Y,Y,,,,,,,,,,Y,,FRONT-RIGHT-CORNER,,,,,,,,,,,,,,,,,,,,,,,,,,,,,,,,,
2126666,6e3a463bc46dd5520b27d70f014bf9476e3655e13242ee576407616f2378b476b8c7cded85b2f763d400b86d30008c60741165f73992e5876f8a13b91b1c08c9,08/11/2025 09:45:00 PM,1,DRIVER,,2027355,,UNKNOWN,OTHER (EXPLAIN IN NARRATIVE),,,UNKNOWN,UNKNOWN/NA,UNKNOWN/NA,UNKNOWN,UNKNOWN/NA,,,1,,,,,,,,,,,,,,,,,Y,UNKNOWN,,,,,,,,,,,,,,,,,,,,,,,,,,,,,,,,,
2126667,6e3a463bc46dd5520b27d70f014bf9476e3655e13242ee576407616f2378b476b8c7cded85b2f763d400b86d30008c60741165f73992e5876f8a13b91b1c08c9,08/11/2025 09:45:00 PM,2,PARKED,,2027346,,DODGE,GRAND CARAVAN,IL,2017,UNKNOWN,PASSENGER,PERSONAL,UNKNOWN,PARKED,,,0,,,,,,,Y,Y,Y,,,,,,,,,UNKNOWN,,,,,,,,,,,,,,,,,,,,,,,,,,,,,,,,,
2126919,9fb668efa5a234fcdb4a59c37e2f65de3c7f5195b4cdae9f45c3124d3f3b97ced8c6e596b31fffff35c87775265d9a0c881985304c94fc2d1ce68ca782ed40df,08/11/2025 09:36:00 PM,1,DRIVER,,2027584,,INFINITI,OTHER (EXPLAIN IN NARRATIVE),IL,2016,UNKNOWN,PASSENGER,PERSONAL,S,STRAIGHT AHEAD,,,1,,,,,,,,,,,,,,,,Y,,FRONT,,,,,,,,,,,,,,,,,,,,,,,,,,,,,,,,,
2126920,9fb668efa5a234fcdb4a59c37e2f65de3c7f5195b4cdae9f45c3124d3f3b97ced8c6e596b31fffff35c87775265d9a0c881985304c94fc2d1ce68ca782ed40df,08/11/2025 09:36:00 PM,2,BICYCLE,,,,,,,,,,,,,,,,,,,,,,,,,,,,,,,,,,,,,,,,,,,,,,,,,,,,,,,,,,,,,,,,,,
2126663,7f01c3cebcf6baddd8f18a9f1019b8d3df385c6edbfbb8e7160d44d2910615d619a3cc764c3fa1987a5b20632aff4c043ee9c56f52ee4196e3a540f0fcf26390,08/11/2025 09:33:00 PM,1,BICYCLE,,,,,,,,,,,,,,,,,,,,,,,,,,,,,,,,,,,,,,,,,,,,,,,,,,,,,,,,,,,,,,,,,,
2126664,7f01c3cebcf6baddd8f18a9f1019b8d3df385c6edbfbb8e7160d44d2910615d619a3cc764c3fa1987a5b20632aff4c043ee9c56f52ee4196e3a540f0fcf26390,08/11/2025 09:33:00 PM,2,DRIVER,,2027347,,AUDI,A4,IL,2018,UNKNOWN,UNKNOWN/NA,UNKNOWN/NA,E,STRAIGHT AHEAD,Y,,1,,private,unk,,,,,,,,,,,,,Y,,FRONT,,,,,,,,,,,,,,,,,,,,,,,,,,,,,,,,,
2126698,2d881dc96e652d6fe0490428b2508a976a12ba7f2ece762d0cf83053a7d7fa5aadb724e62be0d2d40cb0faf2f81025f19ba843f938de68268acd760b829bbef7,08/11/2025 09:30:00 PM,2,PEDESTRIAN,,,,,,,,,,,,,,,,,,,,,,,,,,,,,,,,,,,,,,,,,,,,,,,,,,,,,,,,,,,,,,,,,,
2126705,2d881dc96e652d6fe0490428b2508a976a12ba7f2ece762d0cf83053a7d7fa5aadb724e62be0d2d40cb0faf2f81025f19ba843f938de68268acd760b829bbef7,08/11/2025 09:30:00 PM,1,DRIVER,,2027378,,CHEVROLET,TRAVERSE,IL,2015,NONE,PASSENGER,PERSONAL,N,STRAIGHT AHEAD,,,1,,,,,N,Y,,,,,,,,,,,,SIDE-RIGHT-FRONT,,,,,,,,,,,,,,,,,,,,,,,,,,,,,,,,,
2132749,d60ccb6d54c85f7bd0ec9bb15b026f2f65685cb6519ebf10f3a7cb32437d3ad8f1c8b9b545a2e9e289e0b75b6ef51afee03fd3a2cd0af29b3510465f0f6cda4f,08/11/2025 09:30:00 PM,1,DRIVER,,2033083,,TOYOTA,COROLLA,IL,2014,UNKNOWN,PASSENGER,PERSONAL,W,STRAIGHT AHEAD,,,1,,,,,Y,,,,,,,,,,Y,Y,,FRONT,,,,,,,,,,,,,,,,,,,,,,,,,,,,,,,,,
2132750,d60ccb6d54c85f7bd0ec9bb15b026f2f65685cb6519ebf10f3a7cb32437d3ad8f1c8b9b545a2e9e289e0b75b6ef51afee03fd3a2cd0af29b3510465f0f6cda4f,08/11/2025 09:30:00 PM,2,DRIVER,1,2033084,,HYUNDAI,SONATA,IL,2014,NONE,PASSENGER,PERSONAL,W,STRAIGHT AHEAD,,,2,,,,,,,,,Y,Y,Y,,,,,,,REAR,,,,,,,,,,,,,,,,,,,,,,,,,,,,,,,,,
2132628,679057140a50f8d8d9d5c83d432ae845adabbf5ec249a5eec90c8771df83fc566479fa86a1c252c6c2278bd4d2b1cf187ab12b1c5e9b3beda7c0d2b445b887f3,08/11/2025 09:26:00 PM,1,DRIVER,,2032967,,LAND ROVER,RANGE ROVER PHEV,IL,2020,NONE,PASSENGER,PERSONAL,E,STRAIGHT AHEAD,,,1,,,,,,,,,,N,N,,,,,,Y,UNKNOWN,,,,,,,,,,,,,,,,,,,,,,,,,,,,,,,,,
2132629,679057140a50f8d8d9d5c83d432ae845adabbf5ec249a5eec90c8771df83fc566479fa86a1c252c6c2278bd4d2b1cf187ab12b1c5e9b3beda7c0d2b445b887f3,08/11/2025 09:26:00 PM,2,DRIVER,1,2032971,,MITSUBISHI,LANCER,IL,2009,NONE,PASSENGER,PERSONAL,E,STRAIGHT AHEAD,,,2,,,,,,,,,,Y,Y,,,,,,,REAR,,,,,,,,,,,,,,,,,,,,,,,,,,,,,,,,,
2127222,69dded966ec175fe59382b8934d685dae380a826f999fee0bf15110b11e1588852e2abd38b546b805062f17bfb4d46d1bc2faadbc543287958e08bd54b9898d2,08/11/2025 09:25:00 PM,1,DRIVER,,2027867,,FORD,MUSTANG,IN,2013,UNKNOWN,PASSENGER,PERSONAL,S,PASSING/OVERTAKING,,,1,,,,,,,,,,,,,,,,,Y,FRONT-RIGHT-CORNER,,,,,,,,,,,,,,,,,,,,,,,,,,,,,,,,,
2127223,69dded966ec175fe59382b8934d685dae380a826f999fee0bf15110b11e1588852e2abd38b546b805062f17bfb4d46d1bc2faadbc543287958e08bd54b9898d2,08/11/2025 09:25:00 PM,2,DRIVER,,2027875,,CHEVROLET,MALIBU,IL,2022,NONE,PASSENGER,PERSONAL,S,SLOW/STOP IN TRAFFIC,,,1,,,,,,,,,,,,,,,Y,,,FRONT-LEFT-CORNER,,,,,,,,,,,,,,,,,,,,,,,,,,,,,,,,,
2126652,7bf5bac1d1ebe4d35e56b52939bddec0484aa37b24569d6ee867823198bd9e141b19e3526c5b5c89507131b1b1c52fc6482d0d65f40c27d76bbcd0afceb0c423,08/11/2025 09:22:00 PM,1,DRIVER,,2027328,,HONDA,ODYSSEY,IL,2006,UNKNOWN,VAN/MINI-VAN,PERSONAL,E,AVOIDING VEHICLES/OBJECTS,Y,,1,,CPD/AD DESK,UNKNOWN,,Y,,,,,,,,,Y,Y,Y,,FRONT,,,,,,,,,,,,,,,,,,,,,,,,,,,,,,,,,
2127675,c7f3083333824719c46da09d2508fd784b9b487894f797f265ca0da415b6218e02fc181aab7f44f27f3939ddb74af7026a914c06ae4170bcef21643552490a77,08/11/2025 09:20:00 PM,1,DRIVER,1,2028297,,BMW,OTHER (EXPLAIN IN NARRATIVE),IL,2017,UNKNOWN,PASSENGER,UNKNOWN/NA,N,STRAIGHT AHEAD,,,2,,,,,Y,,,,,,,,,,Y,Y,,FRONT,,,,,,,,,,,,,,,,,,,,,,,,,,,,,,,,,
2127676,c7f3083333824719c46da09d2508fd784b9b487894f797f265ca0da415b6218e02fc181aab7f44f27f3939ddb74af7026a914c06ae4170bcef21643552490a77,08/11/2025 09:20:00 PM,2,BICYCLE,,,,,,,,,,,,,,,,,,,,,,,,,,,,,,,,,,,,,,,,,,,,,,,,,,,,,,,,,,,,,,,,,,
2126623,e6814e86e8a6756fd3cb4966a07af8300916f90c486bf2c622e0f23db88c9306b7b5bea2669bd1d5b94ec1dc731a7300392d96859413a4b98c66b48f427279e2,08/11/2025 09:15:00 PM,1,DRIVER,,2027307,,JEEP,COMPASS,IL,2016,NONE,PASSENGER,PERSONAL,E,CHANGING LANES,,,1,,,,Y,,,,,,,,,,,,,,NONE,,,,,,,,,,,,,,,,,,,,,,,,,,,,,,,,,
2126624,e6814e86e8a6756fd3cb4966a07af8300916f90c486bf2c622e0f23db88c9306b7b5bea2669bd1d5b94ec1dc731a7300392d96859413a4b98c66b48f427279e2,08/11/2025 09:15:00 PM,2,DRIVER,,2027316,,HONDA,CR-V,IL,2021,NONE,PASSENGER,PERSONAL,E,STRAIGHT AHEAD,,,1,,,,,,,,,,Y,Y,Y,,,,,,REAR-LEFT-CORNER,,,,,,,,,,,,,,,,,,,,,,,,,,,,,,,,,
2126645,18e959396f11dec261536765fa5d49c67eb8470d809cc4b0752d4343b7515edb54c7f927776afad1c6a150ace6babb5489c8385206dc150e1b0564d4eeb57380,08/11/2025 09:07:00 PM,1,DRIVER,,2027327,,BUICK,LESABRE,IL,2003,UNKNOWN,UNKNOWN/NA,UNKNOWN/NA,N,STRAIGHT AHEAD,,,1,,,,,Y,,,,,,,,,,,Y,,FRONT-RIGHT-CORNER,,,,,,,,,,,,,,,,,,,,,,,,,,,,,,,,,
2126646,18e959396f11dec261536765fa5d49c67eb8470d809cc4b0752d4343b7515edb54c7f927776afad1c6a150ace6babb5489c8385206dc150e1b0564d4eeb57380,08/11/2025 09:07:00 PM,2,DRIVER,,2027332,,TOYOTA,CAMRY,IL,2007,NONE,PASSENGER,PERSONAL,N,SLOW/STOP IN TRAFFIC,,,1,,,,,,,,,,Y,Y,,,,,,,REAR-LEFT-CORNER,,,,,,,,,,,,,,,,,,,,,,,,,,,,,,,,,
2128655,c236a991cb4cc0cf7b9d195667a610786b4a9a2e4aa5efc6bd3a913b9629d8cf12f042e161c15d78639a3e52a579da292e368f987a055c63a7deadea7f17fc54,08/11/2025 09:06:00 PM,2,DRIVER,,2029242,,TOYOTA,PRIUS,IL,2008,UNKNOWN,PASSENGER,UNKNOWN/NA,E,SLOW/STOP IN TRAFFIC,,,1,,,,,,,,,,Y,,,,,,,,REAR,,,,,,,,,,,,,,,,,,,,,,,,,,,,,,,,,
2128656,c236a991cb4cc0cf7b9d195667a610786b4a9a2e4aa5efc6bd3a913b9629d8cf12f042e161c15d78639a3e52a579da292e368f987a055c63a7deadea7f17fc54,08/11/2025 09:06:00 PM,1,DRIVER,,2029235,,JEEP,CHEROKEE,IL,2001,NONE,SPORT UTILITY VEHICLE (SUV),PERSONAL,E,STRAIGHT AHEAD,,,1,,,,Y,,,,,,,,,,,,,N,NONE,,,,,,,,,,,,,,,,,,,,,,,,,,,,,,,,,
2126622,10e964792e0f2dd80da0c639152794e4c8e6f04d20b81468786e1417ecbd4a41b85d7b5123612c5c73a33073f186440fbef79270d178efdbdc38471103c8e8a3,08/11/2025 09:00:00 PM,2,DRIVER,,2027306,,TOYOTA,HIGHLANDER,IL,2021,NONE,SPORT UTILITY VEHICLE (SUV),PERSONAL,N,AVOIDING VEHICLES/OBJECTS,Y,,1,,PRIVATE TOW,,,,,,,,,,,,,,,,UNDER CARRIAGE,,,,,,,,,,,,,,,,,,,,,,,,,,,,,,,,,
2126639,10e964792e0f2dd80da0c639152794e4c8e6f04d20b81468786e1417ecbd4a41b85d7b5123612c5c73a33073f186440fbef79270d178efdbdc38471103c8e8a3,08/11/2025 09:00:00 PM,1,DRIVER,,2027319,,UNKNOWN,OTHER (EXPLAIN IN NARRATIVE),,,NONE,UNKNOWN/NA,UNKNOWN/NA,S,STRAIGHT AHEAD,,,1,,,,Y,,,,,,,,,,,,,,UNKNOWN,,,,,,,,,,,,,,,,,,,,,,,,,,,,,,,,,
2126620,29b822ccd94ffdebec74e88fc18a5da0906f56e1efa00455a45ca6b2791e0a66e7b9ab7155f6ffa47afdc9cad0d2218f150251bf88b510a76d667b350c87e21d,08/11/2025 09:00:00 PM,1,DRIVER,,2027308,,UNKNOWN,OTHER (EXPLAIN IN NARRATIVE),,,UNKNOWN,TRACTOR W/ SEMI-TRAILER,UNKNOWN/NA,S,STRAIGHT AHEAD,,,1,,,,,,,,,,,,,,,,,Y,UNKNOWN,,,,,,,,,,,,,,,,,,,,,,,,,,,,,,,,,
2126621,29b822ccd94ffdebec74e88fc18a5da0906f56e1efa00455a45ca6b2791e0a66e7b9ab7155f6ffa47afdc9cad0d2218f150251bf88b510a76d667b350c87e21d,08/11/2025 09:00:00 PM,2,DRIVER,,2027322,,NISSAN,SENTRA,IL,2021,NONE,PASSENGER,UNKNOWN/NA,S,STRAIGHT AHEAD,,,1,,,,,,,,,,Y,Y,Y,,,,,,REAR-LEFT-CORNER,,,,,,,,,,,,,,,,,,,,,,,,,,,,,,,,,
2127296,8fe45caff96f4e4ba65b4efb7adefb1e9e0fedf11836a9749e8feeda336e39141c00e45003bb302c56c3c3048f08ed3590b480e64d7a4c90fcc6814c3fe648b2,08/11/2025 09:00:00 PM,1,DRIVER,,2027948,,UNKNOWN,OTHER (EXPLAIN IN NARRATIVE),IL,,UNKNOWN,PASSENGER,UNKNOWN/NA,S,STRAIGHT AHEAD,,,1,,,,,Y,,,,,,,,,,Y,Y,,FRONT,,,,,,,,,,,,,,,,,,,,,,,,,,,,,,,,,
2127297,8fe45caff96f4e4ba65b4efb7adefb1e9e0fedf11836a9749e8feeda336e39141c00e45003bb302c56c3c3048f08ed3590b480e64d7a4c90fcc6814c3fe648b2,08/11/2025 09:00:00 PM,2,DRIVER,,2027951,,VOLKSWAGEN,ATLAS,IL,2019,UNKNOWN,PASSENGER,PERSONAL,W,STRAIGHT AHEAD,,,1,,,,,Y,Y,Y,Y,,,,,,,,Y,,SIDE-RIGHT,,,,,,,,,,,,,,,,,,,,,,,,,,,,,,,,,
2126973,9fc190bdbbcd3cbe3c73f6ef7b290b955a2652529e1170ae38904bbf01b2eb94d0d2b9365402dc9ce5f9f855bc47841636ddb9ea7ddd13f48ba4df20184f3ebd,08/11/2025 09:00:00 PM,1,DRIVER,,2027639,,GENERAL MOTORS CORPORATION (GMC),YUKON,IL,2007,UNKNOWN,UNKNOWN/NA,UNKNOWN/NA,W,STRAIGHT AHEAD,,,1,,,,,Y,Y,,,,,,,,,,Y,,FRONT-RIGHT-CORNER,,,,,,,,,,,,,,,,,,,,,,,,,,,,,,,,,
2126974,9fc190bdbbcd3cbe3c73f6ef7b290b955a2652529e1170ae38904bbf01b2eb94d0d2b9365402dc9ce5f9f855bc47841636ddb9ea7ddd13f48ba4df20184f3ebd,08/11/2025 09:00:00 PM,2,PARKED,,2027677,,CHEVROLET,IMPALA,IL,2015,NONE,PASSENGER,PERSONAL,W,PARKED,Y,,0,,PRIVATE TOW,,,,,,,,Y,Y,Y,,,,,,REAR-LEFT-CORNER,,,,,,,,,,,,,,,,,,,,,,,,,,,,,,,,,
2126654,c2a453d8a957a40536b189bedc364b01f710921251d245e8528ac661ab85452aa2d1c3755d9ae7db6e30177006c2b55508a52821e7d29440de482ee87a91f72c,08/11/2025 09:00:00 PM,1,DRIVER,,2027335,,TOYOTA,RAV4,IL,2015,NONE,PASSENGER,PERSONAL,SW,TURNING LEFT,,,1,,,,Y,,,,,,,,,,,,,,NONE,,,,,,,,,,,,,,,,,,,,,,,,,,,,,,,,,