CRASH_UNIT_ID,CRASH_RECORD_ID,CRASH_DATE,UNIT_NO,UNIT_TYPE,NUM_PASSENGERS,VEHICLE_ID,CMRC_VEH_I,MAKE,MODEL,LIC_PLATE_STATE,VEHICLE_YEAR,VEHICLE_DEFECT,VEHICLE_TYPE,VEHICLE_USE,TRAVEL_DIRECTION,MANEUVER,TOWED_I,FIRE_I,OCCUPANT_CNT,EXCEED_SPEED_LIMIT_I,TOWED_BY,TOWED_TO,AREA_00_I,AREA_01_I,AREA_02_I,AREA_03_I,AREA_04_I,AREA_05_I,AREA_06_I,AREA_07_I,AREA_08_I,AREA_09_I,AREA_10_I,AREA_11_I,AREA_12_I,AREA_99_I,FIRST_CONTACT_POINT,CMV_ID,USDOT_NO,CCMC_NO,ILCC_NO,COMMERCIAL_SRC,GVWR,CARRIER_NAME,CARRIER_STATE,CARRIER_CITY,HAZMAT_PLACARDS_I,HAZMAT_NAME,UN_NO,HAZMAT_PRESENT_I,HAZMAT_REPORT_I,HAZMAT_REPORT_NO,MCS_REPORT_I,MCS_REPORT_NO,HAZMAT_VIO_CAUSE_CRASH_I,MCS_VIO_CAUSE_CRASH_I,IDOT_PERMIT_NO,WIDE_LOAD_I,TRAILER1_WIDTH,TRAILER2_WIDTH,TRAILER1_LENGTH,TRAILER2_LENGTH,TOTAL_VEHICLE_LENGTH,AXLE_CNT,VEHICLE_CONFIG,CARGO_BODY_TYPE,LOAD_TYPE,HAZMAT_OUT_OF_SERVICE_I,MCS_OUT_OF_SERVICE_I,HAZMAT_CLASS
2126655,c2a453d8a957a40536b189bedc364b01f710921251d245e8528ac661ab85452aa2d1c3755d9ae7db6e30177006c2b55508a52821e7d29440de482ee87a91f72c,08/11/2025 09:00:00 PM,2,NON-MOTOR VEHICLE,,,,,,,,,,,,,,,,,,,,,,,,,,,,,,,,,,,,,,,,,,,,,,,,,,,,,,,,,,,,,,,,,,
2129668,fbdf76caff30696c50b9bacd93ff117a0f7d7953f642602cf7f0893b9f42fd66af03a6d29924b3a5f7039cc4ecbb67fe659ed928b31505639d07ae9cca0d09c5,08/11/2025 09:00:00 PM,1,DRIVER,,2030190,,UNKNOWN,OTHER (EXPLAIN IN NARRATIVE),,,UNKNOWN,UNKNOWN/NA,UNKNOWN/NA,E,UNKNOWN/NA,,,1,,,,,,,,,,,,,,,,,Y,UNKNOWN,,,,,,,,,,,,,,,,,,,,,,,,,,,,,,,,,
2129669,fbdf76caff30696c50b9bacd93ff117a0f7d7953f642602cf7f0893b9f42fd66af03a6d29924b3a5f7039cc4ecbb67fe659ed928b31505639d07ae9cca0d09c5,08/11/2025 09:00:00 PM,2,PARKED,,2030192,,LEXUS,ES350,IL,2017,NONE,PASSENGER,PERSONAL,W,PARKED,,,0,,,,,,,,,,,Y,Y,,,,,,REAR-RIGHT-CORNER,,,,,,,,,,,,,,,,,,,,,,,,,,,,,,,,,
2126656,211846da0ccb38dd11277eca95a084b7d248cbaef0ccdeb79e1065441afdf549429eb0f755513be312dc2e0abeeaac1b635aa857df0792cf0f86ffcfd86e089c,08/11/2025 08:58:00 PM,1,DRIVER,,2027336,,TOYOTA,HIGHLANDER,IL,2004,NONE,SPORT UTILITY VEHICLE (SUV),PERSONAL,N,STRAIGHT AHEAD,,,1,,,,,,Y,,,,,,,,,,,,SIDE-RIGHT,,,,,,,,,,,,,,,,,,,,,,,,,,,,,,,,,
2126657,211846da0ccb38dd11277eca95a084b7d248cbaef0ccdeb79e1065441afdf549429eb0f755513be312dc2e0abeeaac1b635aa857df0792cf0f86ffcfd86e089c,08/11/2025 08:58:00 PM,2,PARKED,,2027337,,TOYOTA,SIENNA,IL,2016,NONE,VAN/MINI-VAN,NOT IN USE,N,PARKED,,,0,,,,,,,,,,,,,,Y,,,,SIDE-LEFT,,,,,,,,,,,,,,,,,,,,,,,,,,,,,,,,,
2126618,d252a6fcda170866e6451717e9855f74db4607124a774de2417d0fe7de017aee8a532674a73a080ab21c4804e432704abd61a7eac2a39c518ec1eff32efc4ea5,08/11/2025 08:58:00 PM,1,BICYCLE,,,,,,,,,,,,,,,,,,,,,,,,,,,,,,,,,,,,,,,,,,,,,,,,,,,,,,,,,,,,,,,,,,
2126653,d252a6fcda170866e6451717e9855f74db4607124a774de2417d0fe7de017aee8a532674a73a080ab21c4804e432704abd61a7eac2a39c518ec1eff32efc4ea5,08/11/2025 08:58:00 PM,2,DRIVER,,2027331,,UNKNOWN,MOTORIZED,,,UNKNOWN,PASSENGER,TAXI/FOR HIRE,S,STRAIGHT AHEAD,,,1,,,,,,,,,,,,,,,,,,NONE,,,,,,,,,,,,,,,,,,,,,,,,,,,,,,,,,
2126650,e5d57d1a6a411fb01dcd08f2ff999940b21e647404f06d8b0a65516fc7f983245796ea724f30baee920f498caae3aa13d95964ff28f78b93803bf6fefc21de20,08/11/2025 08:56:00 PM,1,BICYCLE,,,,,,,,,,,,,,,,,,,,,,,,,,,,,,,,,,,,,,,,,,,,,,,,,,,,,,,,,,,,,,,,,,
2126651,e5d57d1a6a411fb01dcd08f2ff999940b21e647404f06d8b0a65516fc7f983245796ea724f30baee920f498caae3aa13d95964ff28f78b93803bf6fefc21de20,08/11/2025 08:56:00 PM,2,DRIVER,2,2027333,,TOYOTA,COROLLA,IL,2010,UNKNOWN,PASSENGER,PERSONAL,N,STRAIGHT AHEAD,,,3,,,,,,,,,,,,,,,,Y,,FRONT,,,,,,,,,,,,,,,,,,,,,,,,,,,,,,,,,
2126641,b55f2ad70e58437fadb659197d218370286824d1a44eb22ebfd57484d6b988d810823593511fec8c4e180da524e70d9284b3e0c0e9228c85ee11c73dd65c836d,08/11/2025 08:55:00 PM,1,DRIVER,,2027338,,NISSAN,ALTIMA,IL,2019,UNKNOWN,PASSENGER,PERSONAL,E,TURNING LEFT,,,1,,,,,,Y,,,,,,,,,,,,SIDE-RIGHT,,,,,,,,,,,,,,,,,,,,,,,,,,,,,,,,,
2126642,b55f2ad70e58437fadb659197d218370286824d1a44eb22ebfd57484d6b988d810823593511fec8c4e180da524e70d9284b3e0c0e9228c85ee11c73dd65c836d,08/11/2025 08:55:00 PM,2,PARKED,,2027324,,CHEVROLET,TRAX,IL,2015,UNKNOWN,PASSENGER,PERSONAL,N,PARKED,,,0,,,,,,,,,,,,Y,,Y,,,,SIDE-LEFT,,,,,,,,,,,,,,,,,,,,,,,,,,,,,,,,,
2126614,ef2399fc7468978ae194426c7e0482c926cd72790b2d2550c0e4eb79faf18e37d403a85c16556b99a3339678466540bc0ee5be9ef1caa2a1db01a2f503ab53ff,08/11/2025 08:50:00 PM,1,DRIVER,,2027305,,UNKNOWN,OTHER (EXPLAIN IN NARRATIVE),IL,,NONE,PASSENGER,PERSONAL,UNKNOWN,STRAIGHT AHEAD,,,1,,,,,Y,Y,,,,,,,,,,,,SIDE-RIGHT,,,,,,,,,,,,,,,,,,,,,,,,,,,,,,,,,
2126615,ef2399fc7468978ae194426c7e0482c926cd72790b2d2550c0e4eb79faf18e37d403a85c16556b99a3339678466540bc0ee5be9ef1caa2a1db01a2f503ab53ff,08/11/2025 08:50:00 PM,2,DRIVER,1,2027313,,HYUNDAI,AZERA,IL,2025,NONE,PASSENGER,PERSONAL,S,STRAIGHT AHEAD,,,2,,,,,Y,Y,,,,,,,,,,,,SIDE-RIGHT,,,,,,,,,,,,,,,,,,,,,,,,,,,,,,,,,
2126629,db17eb8659a00b71ecabbe7a7efd8407f908e608b740475946b971f4641711983e6e0c2c5a7431e0cb5f44d498b4fc0ec8b39f7205d2c92d8e1256b8c3ee9ab0,08/11/2025 08:45:00 PM,1,DRIVER,,2027312,,KIA,OTHER (EXPLAIN IN NARRATIVE),IL,2014,UNKNOWN,PASSENGER,PERSONAL,E,TURNING LEFT,,,1,,,,,,,,,,,,,,,,,,NONE,,,,,,,,,,,,,,,,,,,,,,,,,,,,,,,,,
2126630,db17eb8659a00b71ecabbe7a7efd8407f908e608b740475946b971f4641711983e6e0c2c5a7431e0cb5f44d498b4fc0ec8b39f7205d2c92d8e1256b8c3ee9ab0,08/11/2025 08:45:00 PM,2,PEDESTRIAN,,,,,,,,,,,,,,,,,,,,,,,,,,,,,,,,,,,,,,,,,,,,,,,,,,,,,,,,,,,,,,,,,,
2126631,5772d41f75f8e1286d644b7576236ec2af6254f786307b3958bb22cd9c8743d8ec868b64a73ad91c3433b5e41f699b281dc140e6dea74990e3ccd6d9d8de8284,08/11/2025 08:41:00 PM,1,DRIVER,,2027311,,MAZDA,CX-5,CO,2018,UNKNOWN,PASSENGER,PERSONAL,N,STRAIGHT AHEAD,,,1,,,,,Y,,,,,,,,,,Y,Y,,FRONT,,,,,,,,,,,,,,,,,,,,,,,,,,,,,,,,,
2126632,5772d41f75f8e1286d644b7576236ec2af6254f786307b3958bb22cd9c8743d8ec868b64a73ad91c3433b5e41f699b281dc140e6dea74990e3ccd6d9d8de8284,08/11/2025 08:41:00 PM,2,DRIVER,,2027318,,GENESIS,G80,IL,2015,UNKNOWN,SPORT UTILITY VEHICLE (SUV),PERSONAL,N,SLOW/STOP IN TRAFFIC,,,1,,,,,,,,,,Y,Y,Y,,,,,,REAR-LEFT-CORNER,,,,,,,,,,,,,,,,,,,,,,,,,,,,,,,,,
2126627,f1e190d14c8ad61fbaad7f95a9ae0a700cff4f1ea7474fc45356383e3bbc825ea6cd9953853de202782963b7eb8d07db1e0c44790a80e5ae44cd21716d422233,08/11/2025 08:35:00 PM,1,DRIVER,,2027314,,TOYOTA,RAV4,MN,2014,NONE,SPORT UTILITY VEHICLE (SUV),PERSONAL,E,TURNING LEFT,,,1,,,,,Y,,,,,,,,,,,,,FRONT-RIGHT-CORNER,,,,,,,,,,,,,,,,,,,,,,,,,,,,,,,,,
2126628,f1e190d14c8ad61fbaad7f95a9ae0a700cff4f1ea7474fc45356383e3bbc825ea6cd9953853de202782963b7eb8d07db1e0c44790a80e5ae44cd21716d422233,08/11/2025 08:35:00 PM,2,DRIVER,,2027321,,CHEVROLET,EQUINOX,IL,2014,NONE,SPORT UTILITY VEHICLE (SUV),PERSONAL,N,STRAIGHT AHEAD,,,1,,,,,,,,,,,,Y,,,,,,SIDE-LEFT-REAR,,,,,,,,,,,,,,,,,,,,,,,,,,,,,,,,,
2126637,0a06c33621cde92801db9a8487922ab818564b8ea6d98446e29266db4c23353aa31ae4155ba7a2a592d76dcaa7ecddc4648780ba93eb6a8862cb027d23a0dafc,08/11/2025 08:24:00 PM,1,DRIVER,,2027317,,CHRYSLER,TOWN & COUNTRY,IL,2011,UNKNOWN,PASSENGER,UNKNOWN/NA,S,STRAIGHT AHEAD,,,1,,,,,Y,,,,,,,,,,Y,Y,,FRONT,,,,,,,,,,,,,,,,,,,,,,,,,,,,,,,,,
2126638,0a06c33621cde92801db9a8487922ab818564b8ea6d98446e29266db4c23353aa31ae4155ba7a2a592d76dcaa7ecddc4648780ba93eb6a8862cb027d23a0dafc,08/11/2025 08:24:00 PM,2,DRIVER,,2027323,,NISSAN,ALTIMA,IL,2019,UNKNOWN,PASSENGER,PERSONAL,S,TURNING LEFT,,,1,,,,,,,,,,N,,,,,,,Y,REAR,,,,,,,,,,,,,,,,,,,,,,,,,,,,,,,,,
2129277,148e36cb2e9aa176ab2be4310d2f4b5fa9105904c74afe847744912f8d10d1c85e891de88bf2024bea134402c2e577a85114beb2aae2608c5b2f13a4e393ace7,08/11/2025 08:16:00 PM,1,DRIVER,2,2029818,,FORD,FUSION,IL,2011,UNKNOWN,PASSENGER,UNKNOWN/NA,S,TURNING LEFT,,,3,,,,,,,,,,,,Y,Y,Y,Y,Y,,SIDE-LEFT,,,,,,,,,,,,,,,,,,,,,,,,,,,,,,,,,
2129278,148e36cb2e9aa176ab2be4310d2f4b5fa9105904c74afe847744912f8d10d1c85e891de88bf2024bea134402c2e577a85114beb2aae2608c5b2f13a4e393ace7,08/11/2025 08:16:00 PM,2,DRIVER,,2029819,,SUZUKI,MOTORCYCLE,IN,2018,UNKNOWN,MOTORCYCLE (OVER 150CC),UNKNOWN/NA,S,TURNING LEFT,,,1,,,,,,,,,,,,,,,,Y,,FRONT,,,,,,,,,,,,,,,,,,,,,,,,,,,,,,,,,
2126647,41bad2e63d3750292210042fd36abe8b6e1cbd000314062c97dc06e4c1b1e03071d83f33373b2aa3c442da7347e348358704734ce22d58478ccf1d28ef427d4c,08/11/2025 08:10:00 PM,1,DRIVER,,2027334,,CHEVROLET,CRUZE,IL,2013,NONE,PASSENGER,PERSONAL,S,STRAIGHT AHEAD,,,1,,,,,Y,,,,,,,,,,,,,SIDE-RIGHT-FRONT,,,,,,,,,,,,,,,,,,,,,,,,,,,,,,,,,
2126648,41bad2e63d3750292210042fd36abe8b6e1cbd000314062c97dc06e4c1b1e03071d83f33373b2aa3c442da7347e348358704734ce22d58478ccf1d28ef427d4c,08/11/2025 08:10:00 PM,2,PEDESTRIAN,,,,,,,,,,,,,,,,,,,,,,,,,,,,,,,,,,,,,,,,,,,,,,,,,,,,,,,,,,,,,,,,,,
2126577,e2f31274d606c2702d5cc9bee91b5a5f64cb14e1667d7e00832e5dc6ba00dc36bf1bb06f269dddd136afd0736f2a2940ba9b7352c6ec30606a529d9a86fdfe55,08/11/2025 08:10:00 PM,1,DRIVER,,2027272,,HONDA,ODYSSEY,IL,2007,NONE,PASSENGER,PERSONAL,S,TURNING RIGHT,,,1,,,,,Y,,,,,,,,,,,,,FRONT-RIGHT-CORNER,,,,,,,,,,,,,,,,,,,,,,,,,,,,,,,,,
2126578,e2f31274d606c2702d5cc9bee91b5a5f64cb14e1667d7e00832e5dc6ba00dc36bf1bb06f269dddd136afd0736f2a2940ba9b7352c6ec30606a529d9a86fdfe55,08/11/2025 08:10:00 PM,2,PARKED,,2027275,,FORD,EXPLORER,IL,2015,NONE,OTHER,POLICE,S,PARKED,,,0,,,,,,,,,,,,Y,,,,,,SIDE-LEFT-REAR,,,,,,,,,,,,,,,,,,,,,,,,,,,,,,,,,
2126597,489fa4b5de2f58ad2d1cbfd7ae71b5efbc98394a24089ee2db33fc25089e784e623da99effdef38502342330442cd11e70a1fb32e8d892bf1de58b429395615b,08/11/2025 07:58:00 PM,1,DRIVER,,2027291,,MERCURY,MARINER,IL,2009,UNKNOWN,PASSENGER,PERSONAL,SE,TURNING RIGHT,,,1,,,,,,,,,,,Y,Y,,,,,,SIDE-LEFT-REAR,,,,,,,,,,,,,,,,,,,,,,,,,,,,,,,,,
2126598,489fa4b5de2f58ad2d1cbfd7ae71b5efbc98394a24089ee2db33fc25089e784e623da99effdef38502342330442cd11e70a1fb32e8d892bf1de58b429395615b,08/11/2025 07:58:00 PM,2,PEDESTRIAN,,,,,,,,,,,,,,,,,,,,,,,,,,,,,,,,,,,,,,,,,,,,,,,,,,,,,,,,,,,,,,,,,,
2126605,4cf1826e527d7eb6d6452d8879063c88931cabf9d73b240ef0829255f92eb5ecd0d9a3d926e0c38e3fc75b30cb1a9ec7b4931327f4212fd1ea70c8a8209baca2,08/11/2025 07:57:00 PM,1,DRIVER,,2027315,,CHEVROLET,EQUINOX,,,UNKNOWN,PASSENGER,UNKNOWN/NA,W,STRAIGHT AHEAD,,,1,,,,,,,,,,,,,,,,,Y,FRONT-LEFT-CORNER,,,,,,,,,,,,,,,,,,,,,,,,,,,,,,,,,
2126616,4cf1826e527d7eb6d6452d8879063c88931cabf9d73b240ef0829255f92eb5ecd0d9a3d926e0c38e3fc75b30cb1a9ec7b4931327f4212fd1ea70c8a8209baca2,08/11/2025 07:57:00 PM,2,PEDESTRIAN,,,,,,,,,,,,,,,,,,,,,,,,,,,,,,,,,,,,,,,,,,,,,,,,,,,,,,,,,,,,,,,,,,
2126617,4cf1826e527d7eb6d6452d8879063c88931cabf9d73b240ef0829255f92eb5ecd0d9a3d926e0c38e3fc75b30cb1a9ec7b4931327f4212fd1ea70c8a8209baca2,08/11/2025 07:57:00 PM,3,PEDESTRIAN,,,,,,,,,,,,,,,,,,,,,,,,,,,,,,,,,,,,,,,,,,,,,,,,,,,,,,,,,,,,,,,,,,
2126619,4cf1826e527d7eb6d6452d8879063c88931cabf9d73b240ef0829255f92eb5ecd0d9a3d926e0c38e3fc75b30cb1a9ec7b4931327f4212fd1ea70c8a8209baca2,08/11/2025 07:57:00 PM,4,PEDESTRIAN,,,,,,,,,,,,,,,,,,,,,,,,,,,,,,,,,,,,,,,,,,,,,,,,,,,,,,,,,,,,,,,,,,
2126608,c83980c4400bf8add8a1b4c6f6f0aa0b0df9ebb71eaa10348759bd534987aac64716c456b6e496f617f53de2a6581aa135d065a7f74b2702bbd354a66e64bb73,08/11/2025 07:55:00 PM,1,DRIVER,1,2027302,,TOYOTA,RAV4,IL,2012,UNKNOWN,PASSENGER,PERSONAL,NE,TURNING LEFT,,,2,,,,,,,,,,,,,Y,Y,Y,N,,FRONT-LEFT-CORNER,,,,,,,,,,,,,,,,,,,,,,,,,,,,,,,,,
2126609,c83980c4400bf8add8a1b4c6f6f0aa0b0df9ebb71eaa10348759bd534987aac64716c456b6e496f617f53de2a6581aa135d065a7f74b2702bbd354a66e64bb73,08/11/2025 07:55:00 PM,2,DRIVER,1,2027304,,CHEVROLET,IMPALA,IL,2016,UNKNOWN,PASSENGER,PERSONAL,S,STRAIGHT AHEAD,,,2,,,,,Y,,,,,,,,,,Y,Y,,FRONT,,,,,,,,,,,,,,,,,,,,,,,,,,,,,,,,,
2126603,7de411a544b44398a49e54895f1dadd98868de81d68fd58700de910b771dcd9a59856941718f5120b0db0a8f8ed4a1646dea9e07ed19988c91ce20d38dfa55b6,08/11/2025 07:50:00 PM,1,DRIVER,,2027296,,UNKNOWN,MOTORIZED,IL,,UNKNOWN,UNKNOWN/NA,UNKNOWN/NA,N,UNKNOWN/NA,,,1,,,,,Y,Y,Y,Y,,,,,,,,,,SIDE-RIGHT,,,,,,,,,,,,,,,,,,,,,,,,,,,,,,,,,
2126604,7de411a544b44398a49e54895f1dadd98868de81d68fd58700de910b771dcd9a59856941718f5120b0db0a8f8ed4a1646dea9e07ed19988c91ce20d38dfa55b6,08/11/2025 07:50:00 PM,2,DRIVERLESS,,2027957,,FORD,ESCAPE,IL,2017,NONE,PASSENGER,PERSONAL,N,PARKED,,,0,,,,,,,,,,,,Y,Y,Y,,,,SIDE-LEFT,,,,,,,,,,,,,,,,,,,,,,,,,,,,,,,,,
2126593,b34a3ea862738148859400ba42ded2c81f480bbf24186bd85f511efe0f54ae150eb66305eeb3bf7025f7cc21e2897502edc6d70d627f29abbb74584acab2772e,08/11/2025 07:48:00 PM,1,DRIVER,4,2027287,,HONDA,CR-V,IL,2015,UNKNOWN,PASSENGER,PERSONAL,W,STRAIGHT AHEAD,Y,,5,,unknown,unknown,,Y,Y,,Y,Y,,,,,,,,,SIDE-RIGHT,,,,,,,,,,,,,,,,,,,,,,,,,,,,,,,,,
2126594,b34a3ea862738148859400ba42ded2c81f480bbf24186bd85f511efe0f54ae150eb66305eeb3bf7025f7cc21e2897502edc6d70d627f29abbb74584acab2772e,08/11/2025 07:48:00 PM,2,DRIVER,1,2027294,,TOYOTA,PRIUS,IL,2015,UNKNOWN,PASSENGER,PERSONAL,W,STRAIGHT AHEAD,,,2,,,,,,,,,,,Y,Y,Y,Y,Y,,,SIDE-LEFT,,,,,,,,,,,,,,,,,,,,,,,,,,,,,,,,,
2126579,1d86cef93538299ac6bd7c1ffc68e70c35601a5050d11ed3ad0a6fbec06911fae219cb7fb022c09f8574e57dff344016e4b0ed55c62ed0c97e4eaf0b16f2f0e0,08/11/2025 07:45:00 PM,1,DRIVER,,2027273,,NISSAN,ARMADA,IL,2015,NONE,SPORT UTILITY VEHICLE (SUV),PERSONAL,N,STRAIGHT AHEAD,,,1,,,,,Y,,,,,,,,,,Y,Y,,FRONT,,,,,,,,,,,,,,,,,,,,,,,,,,,,,,,,,
2126580,1d86cef93538299ac6bd7c1ffc68e70c35601a5050d11ed3ad0a6fbec06911fae219cb7fb022c09f8574e57dff344016e4b0ed55c62ed0c97e4eaf0b16f2f0e0,08/11/2025 07:45:00 PM,2,DRIVER,1,2027283,,TOYOTA,COROLLA,IL,2023,NONE,PASSENGER,RIDESHARE SERVICE,E,STRAIGHT AHEAD,Y,,2,,PRIVATE TOW,,,Y,,Y,Y,Y,,,,,,Y,Y,,SIDE-RIGHT-REAR,,,,,,,,,,,,,,,,,,,,,,,,,,,,,,,,,
2126551,c3facb20e81d9dbbfa6a5b6beb669d532d7018ec9d50a2d8b93d36e397e3a6184bbea78b9247925352de6c15951eaad7dc75f1de4e82f64a7fd37774bf93ac12,08/11/2025 07:10:00 PM,1,DRIVER,,2027246,,CHEVROLET,EQUINOX,IL,2026,NONE,SPORT UTILITY VEHICLE (SUV),OTHER,UNKNOWN,TURNING RIGHT,,,1,,,,,,,Y,Y,Y,,,,,,,,,SIDE-RIGHT,,,,,,,,,,,,,,,,,,,,,,,,,,,,,,,,,
2126552,c3facb20e81d9dbbfa6a5b6beb669d532d7018ec9d50a2d8b93d36e397e3a6184bbea78b9247925352de6c15951eaad7dc75f1de4e82f64a7fd37774bf93ac12,08/11/2025 07:10:00 PM,2,PARKED,,2027264,,PORSCHE,PANAMERA,MA,2012,NONE,PASSENGER,PERSONAL,UNKNOWN,PARKED,,,0,,,,,,,,,,,Y,,,,,,,SIDE-LEFT-REAR,,,,,,,,,,,,,,,,,,,,,,,,,,,,,,,,,
2126643,c05e8cb5ff4138fa89849fb62bd6df93566d0cbd2d9d473f8b34b877eeb0e14d61913fc3d46962e5a3fa1f54c7b4c2522223d655cb876bcf33ed7d926911fa13,08/11/2025 07:05:00 PM,1,PEDESTRIAN,,,,,,,,,,,,,,,,,,,,,,,,,,,,,,,,,,,,,,,,,,,,,,,,,,,,,,,,,,,,,,,,,,
2126644,c05e8cb5ff4138fa89849fb62bd6df93566d0cbd2d9d473f8b34b877eeb0e14d61913fc3d46962e5a3fa1f54c7b4c2522223d655cb876bcf33ed7d926911fa13,08/11/2025 07:05:00 PM,2,DRIVER,,2027329,,UNKNOWN,OTHER (EXPLAIN IN NARRATIVE),IL,,UNKNOWN,UNKNOWN/NA,UNKNOWN/NA,E,TURNING LEFT,,,1,,,,,,,,,,,,,,,,,Y,UNKNOWN,,,,,,,,,,,,,,,,,,,,,,,,,,,,,,,,,
2127031,27f3523ec21d94faf5749c77a2cd98e40067f1e0a82f6088bae774ac82b5984dd888118f5c0d2bee2dec74846679bc2ff8630f6026214876ce37b8d9431ef1c7,08/11/2025 07:00:00 PM,1,DRIVER,,2027688,,TOYOTA,OTHER (EXPLAIN IN NARRATIVE),IL,1999,UNKNOWN,PASSENGER,UNKNOWN/NA,N,STRAIGHT AHEAD,,,1,,,,,,,,,,,,,,,,,Y,FRONT,,,,,,,,,,,,,,,,,,,,,,,,,,,,,,,,,
2127032,27f3523ec21d94faf5749c77a2cd98e40067f1e0a82f6088bae774ac82b5984dd888118f5c0d2bee2dec74846679bc2ff8630f6026214876ce37b8d9431ef1c7,08/11/2025 07:00:00 PM,2,DRIVER,5,2027699,,VOLKSWAGEN,ATLAS,IL,2019,NONE,SPORT UTILITY VEHICLE (SUV),UNKNOWN/NA,N,SLOW/STOP IN TRAFFIC,,,6,,,,Y,,,,,,,,,,,,,,REAR,,,,,,,,,,,,,,,,,,,,,,,,,,,,,,,,,
2126570,85682e6337e8214e02793948b387ce4070388415d39ee8dcfc672fb137d0cb77f324a08968a3ed7be4912cf84b79b71e08b6c4c7c02b3784f9b05ae436cc9c51,08/11/2025 07:00:00 PM,1,DRIVER,1,2027258,,TOYOTA,RAV4,IL,2015,NONE,SPORT UTILITY VEHICLE (SUV),UNKNOWN/NA,UNKNOWN,BACKING,,,2,,,,,,,,,,Y,,,,,,,,REAR,,,,,,,,,,,,,,,,,,,,,,,,,,,,,,,,,
2126571,85682e6337e8214e02793948b387ce4070388415d39ee8dcfc672fb137d0cb77f324a08968a3ed7be4912cf84b79b71e08b6c4c7c02b3784f9b05ae436cc9c51,08/11/2025 07:00:00 PM,2,DRIVER,1,2027266,,CHEVROLET,EQUINOX,IL,2020,NONE,SPORT UTILITY VEHICLE (SUV),UNKNOWN/NA,UNKNOWN,SLOW/STOP IN TRAFFIC,,,2,,,,,,,,,,,Y,,,,,,,REAR-LEFT-CORNER,,,,,,,,,,,,,,,,,,,,,,,,,,,,,,,,,
2126595,85f36dd5133c1410f0d6982d2cc08480df77652fa9315c98e5d3530f64dab845ed30df4d2691d473132cfc4a42b92fac499221b40bdfacba6f8582eb3acd66a1,08/11/2025 07:00:00 PM,1,DRIVER,,2027290,,SMART,FORTWO,IL,2009,NONE,PASSENGER,PERSONAL,N,STRAIGHT AHEAD,,,1,,,,Y,,,,,,,,,,,Y,,,FRONT-LEFT-CORNER,,,,,,,,,,,,,,,,,,,,,,,,,,,,,,,,,
2126596,85f36dd5133c1410f0d6982d2cc08480df77652fa9315c98e5d3530f64dab845ed30df4d2691d473132cfc4a42b92fac499221b40bdfacba6f8582eb3acd66a1,08/11/2025 07:00:00 PM,2,DRIVER,1,2027293,,MITSUBISHI,OUTLANDER,IL,2023,NONE,PASSENGER,PERSONAL,N,STRAIGHT AHEAD,,,2,,,,Y,,,,,Y,,,,,,,,,REAR-RIGHT-CORNER,,,,,,,,,,,,,,,,,,,,,,,,,,,,,,,,,
2129542,c2007333a4f261eabaac2ed80ee8053b9180ea58b9dac120172a094ec1e32ac81c7549c41a9d79bb18aeaea1cf0fe7f8bb1167a36c32ceb6225d2c6d29d19ab6,08/11/2025 07:00:00 PM,1,DRIVER,,2030079,,UNKNOWN,OTHER (EXPLAIN IN NARRATIVE),,,UNKNOWN,UNKNOWN/NA,UNKNOWN/NA,UNKNOWN,UNKNOWN/NA,,,1,,,,,,,,,,,,,,,,,Y,UNKNOWN,,,,,,,,,,,,,,,,,,,,,,,,,,,,,,,,,
2129543,c2007333a4f261eabaac2ed80ee8053b9180ea58b9dac120172a094ec1e32ac81c7549c41a9d79bb18aeaea1cf0fe7f8bb1167a36c32ceb6225d2c6d29d19ab6,08/11/2025 07:00:00 PM,2,PARKED,,2030080,,HONDA,ELEMENT,IL,2006,UNKNOWN,SPORT UTILITY VEHICLE (SUV),NOT IN USE,UNKNOWN,PARKED,,,0,,,,,,,,,,,,,,,Y,,,FRONT-LEFT-CORNER,,,,,,,,,,,,,,,,,,,,,,,,,,,,,,,,,
2126537,883466fcbd891f87ae458e25f15bf0e9268b265439f5740e54c69de39b97adedb5ad0f74d6798bfe1c0095f79c3001ef6a84ad29c200be42b77b20e81443d29d,08/11/2025 06:58:00 PM,1,DRIVER,,2027235,,KIA,CARNIVAL,IL,2025,UNKNOWN,VAN/MINI-VAN,PERSONAL,S,AVOIDING VEHICLES/OBJECTS,Y,,1,,personal,,,,,,,,,,Y,Y,Y,Y,,,SIDE-LEFT,,,,,,,,,,,,,,,,,,,,,,,,,,,,,,,,,
2126538,883466fcbd891f87ae458e25f15bf0e9268b265439f5740e54c69de39b97adedb5ad0f74d6798bfe1c0095f79c3001ef6a84ad29c200be42b77b20e81443d29d,08/11/2025 06:58:00 PM,2,PARKED,,2027240,,MITSUBISHI,OUTLANDER,IL,2017,UNKNOWN,PASSENGER,NOT IN USE,N,PARKED,Y,,0,,personal,,,,,,,,,,,Y,Y,Y,,,FRONT-LEFT-CORNER,,,,,,,,,,,,,,,,,,,,,,,,,,,,,,,,,
2126601,9bb878da41d771c6b938fc990261cb05529eb7d729daa479a75dad0f33c990c61663b0f34c3cc1c1e2bc60174e9aefec745683a59633fdc6059bdec64be9a64e,08/11/2025 06:50:00 PM,1,DRIVER,,2027292,,FORD,ECONOLINE E150,IL,2007,UNKNOWN,VAN/MINI-VAN,UNKNOWN/NA,W,STRAIGHT AHEAD,,,1,,,,,,,,,,,,,,,,,Y,FRONT,,,,,,,,,,,,,,,,,,,,,,,,,,,,,,,,,