CRASH_UNIT_ID,CRASH_RECORD_ID,CRASH_DATE,UNIT_NO,UNIT_TYPE,NUM_PASSENGERS,VEHICLE_ID,CMRC_VEH_I,MAKE,MODEL,LIC_PLATE_STATE,VEHICLE_YEAR,VEHICLE_DEFECT,VEHICLE_TYPE,VEHICLE_USE,TRAVEL_DIRECTION,MANEUVER,TOWED_I,FIRE_I,OCCUPANT_CNT,EXCEED_SPEED_LIMIT_I,TOWED_BY,TOWED_TO,AREA_00_I,AREA_01_I,AREA_02_I,AREA_03_I,AREA_04_I,AREA_05_I,AREA_06_I,AREA_07_I,AREA_08_I,AREA_09_I,AREA_10_I,AREA_11_I,AREA_12_I,AREA_99_I,FIRST_CONTACT_POINT,CMV_ID,USDOT_NO,CCMC_NO,ILCC_NO,COMMERCIAL_SRC,GVWR,CARRIER_NAME,CARRIER_STATE,CARRIER_CITY,HAZMAT_PLACARDS_I,HAZMAT_NAME,UN_NO,HAZMAT_PRESENT_I,HAZMAT_REPORT_I,HAZMAT_REPORT_NO,MCS_REPORT_I,MCS_REPORT_NO,HAZMAT_VIO_CAUSE_CRASH_I,MCS_VIO_CAUSE_CRASH_I,IDOT_PERMIT_NO,WIDE_LOAD_I,TRAILER1_WIDTH,TRAILER2_WIDTH,TRAILER1_LENGTH,TRAILER2_LENGTH,TOTAL_VEHICLE_LENGTH,AXLE_CNT,VEHICLE_CONFIG,CARGO_BODY_TYPE,LOAD_TYPE,HAZMAT_OUT_OF_SERVICE_I,MCS_OUT_OF_SERVICE_I,HAZMAT_CLASS
2126602,9bb878da41d771c6b938fc990261cb05529eb7d729daa479a75dad0f33c990c61663b0f34c3cc1c1e2bc60174e9aefec745683a59633fdc6059bdec64be9a64e,08/11/2025 06:50:00 PM,2,DRIVER,,2027295,,HONDA,ELEMENT,IL,2006,NONE,PASSENGER,PERSONAL,W,STRAIGHT AHEAD,,,1,,,,,,,,,Y,Y,Y,,,,Y,Y,,REAR,,,,,,,,,,,,,,,,,,,,,,,,,,,,,,,,,
2126921,4fde5858b97bdd68c9d5a21c29e20888b07f89253155f522e972854b239bd4f5f9a39c95c821a84ae0d6c94210d6a62698f15e986a4d2f7e221a8202eb1e5267,08/11/2025 06:45:00 PM,1,DRIVER,,2027590,,LINCOLN,NAVIGATOR,IL,,UNKNOWN,UNKNOWN/NA,UNKNOWN/NA,UNKNOWN,LEAVING TRAFFIC LANE TO PARK,,,1,,,,,,,,,,,,,,,,,Y,UNKNOWN,,,,,,,,,,,,,,,,,,,,,,,,,,,,,,,,,
2126922,4fde5858b97bdd68c9d5a21c29e20888b07f89253155f522e972854b239bd4f5f9a39c95c821a84ae0d6c94210d6a62698f15e986a4d2f7e221a8202eb1e5267,08/11/2025 06:45:00 PM,2,PARKED,,2027586,,LEXUS,RX350,IL,2025,NONE,SPORT UTILITY VEHICLE (SUV),OTHER,UNKNOWN,PARKED,,,0,,,,,,,,,,,,,,,,Y,,FRONT-RIGHT-CORNER,,,,,,,,,,,,,,,,,,,,,,,,,,,,,,,,,
2126576,47750b089632a52f72dc8ac1d8db27fb42234dc8bf6d233885b049b018ac32d9353fb63db48b728d07f85634e9e5604f263354eed0980b6e32c37c46b1d3227f,08/11/2025 06:44:00 PM,1,DRIVER,,2027269,,FORD,BRONCO / BRONCO II,,,UNKNOWN,SPORT UTILITY VEHICLE (SUV),UNKNOWN/NA,N,UNKNOWN/NA,,,1,,,,,,,,,,,,,,,,,Y,UNKNOWN,,,,,,,,,,,,,,,,,,,,,,,,,,,,,,,,,
2126581,47750b089632a52f72dc8ac1d8db27fb42234dc8bf6d233885b049b018ac32d9353fb63db48b728d07f85634e9e5604f263354eed0980b6e32c37c46b1d3227f,08/11/2025 06:44:00 PM,2,PARKED,,2027271,,ACURA,ADX,IL,2021,UNKNOWN,SPORT UTILITY VEHICLE (SUV),PERSONAL,N,PARKED,Y,,0,,STATE FARM,UNKNOWN,,,,,,,,,,Y,Y,Y,,,SIDE-LEFT-FRONT,,,,,,,,,,,,,,,,,,,,,,,,,,,,,,,,,
2126564,ae728c2ae75d3e8cf4059177bfe188a708bb959d3c9488687a25655a099578ab7a040c264c3ff37943c7740b2baafdd830c251c441ddbaed74f30a7a5245d073,08/11/2025 06:44:00 PM,1,DRIVER,,2027250,,UNKNOWN,OTHER (EXPLAIN IN NARRATIVE),,,UNKNOWN,PASSENGER,UNKNOWN/NA,W,STRAIGHT AHEAD,,,1,,,,,Y,,,,,,,,,,Y,Y,,FRONT,,,,,,,,,,,,,,,,,,,,,,,,,,,,,,,,,
2126565,ae728c2ae75d3e8cf4059177bfe188a708bb959d3c9488687a25655a099578ab7a040c264c3ff37943c7740b2baafdd830c251c441ddbaed74f30a7a5245d073,08/11/2025 06:44:00 PM,2,DRIVER,,2027256,,PONTIAC,G6,IL,2006,UNKNOWN,PASSENGER,PERSONAL,S,STRAIGHT AHEAD,Y,,1,,PRIVATE TOW,UNK,,,,,,,,Y,Y,Y,,,,,REAR-LEFT-CORNER,,,,,,,,,,,,,,,,,,,,,,,,,,,,,,,,,
2126589,ac7678c6a13a3b1b160c1ff371e275fcea890082f038d223280126aaacf0fdd0fedf7315877322438d61386baf8c0065e51495085b6616e6ad9f56d0c57afd55,08/11/2025 06:43:00 PM,1,DRIVER,,2027284,,MERCEDES-BENZ,E-CLASS,IL,2011,UNKNOWN,UNKNOWN/NA,UNKNOWN/NA,S,ENTERING TRAFFIC LANE FROM PARKING,,,1,,,,,,,,,,,,,,,Y,,,FRONT-LEFT-CORNER,,,,,,,,,,,,,,,,,,,,,,,,,,,,,,,,,
2126590,ac7678c6a13a3b1b160c1ff371e275fcea890082f038d223280126aaacf0fdd0fedf7315877322438d61386baf8c0065e51495085b6616e6ad9f56d0c57afd55,08/11/2025 06:43:00 PM,2,DRIVER,,2027288,,FORD,F150,,2025,UNKNOWN,PICKUP,UNKNOWN/NA,S,STRAIGHT AHEAD,,,1,,,,,Y,,,,,,,,,,,,,FRONT-RIGHT-CORNER,,,,,,,,,,,,,,,,,,,,,,,,,,,,,,,,,
2126553,eb4efe41821446242fe09226a012af8ae61c3bf6d4fc45a26905d9b0da5a2c345ac5a5f0bda4b52200261841ce771dcc53bfc7086851fd1b4779748b80cbe19d,08/11/2025 06:39:00 PM,1,DRIVER,,2027248,,CHEVROLET,NOVA,IL,2017,NONE,PASSENGER,DRIVER EDUCATION,E,STRAIGHT AHEAD,,,1,,,,,Y,,,,,,,,,,,Y,,FRONT-RIGHT-CORNER,,,,,,,,,,,,,,,,,,,,,,,,,,,,,,,,,
2126554,eb4efe41821446242fe09226a012af8ae61c3bf6d4fc45a26905d9b0da5a2c345ac5a5f0bda4b52200261841ce771dcc53bfc7086851fd1b4779748b80cbe19d,08/11/2025 06:39:00 PM,2,DRIVER,,2027253,,TOYOTA,RAV4,IL,2020,NONE,SPORT UTILITY VEHICLE (SUV),PERSONAL,E,SLOW/STOP IN TRAFFIC,,,1,,,,,,,,,,,Y,,,,,,,SIDE-LEFT-REAR,,,,,,,,,,,,,,,,,,,,,,,,,,,,,,,,,
2126559,04b7416857ca6bdfc4dfd13f2a9da545dd5bdd3d475f2ab470a8adf9bca7c12c32fbb7d9d643fb618f43d9beb89fb0d3c8f9c24981101742acdf961368e7ed62,08/11/2025 06:38:00 PM,1,DRIVER,,2027261,,HYUNDAI,KONA,IL,2025,UNKNOWN,PASSENGER,OTHER,E,STRAIGHT AHEAD,,,1,,,,,,,,,,,,,,,Y,,,FRONT-LEFT-CORNER,,,,,,,,,,,,,,,,,,,,,,,,,,,,,,,,,
2126560,04b7416857ca6bdfc4dfd13f2a9da545dd5bdd3d475f2ab470a8adf9bca7c12c32fbb7d9d643fb618f43d9beb89fb0d3c8f9c24981101742acdf961368e7ed62,08/11/2025 06:38:00 PM,2,DRIVER,,2027270,,CADILLAC,CT5,MI,2020,UNKNOWN,PASSENGER,PERSONAL,W,TURNING LEFT,,,1,,,,,,,,,,,,,,,Y,,,FRONT-LEFT-CORNER,,,,,,,,,,,,,,,,,,,,,,,,,,,,,,,,,
2126584,1d2d4b0885e26a6528461052c1cb2e49131eabe4d8cd5ddc8c7be153232996bd9eecc693dbaad6841765fa9231db45aaba3b4d8187a87df95b8cfe7ab3e74c4f,08/11/2025 06:33:00 PM,1,DRIVER,,2027280,,PORSCHE,MACAN,IL,2019,UNKNOWN,PASSENGER,PERSONAL,W,STRAIGHT AHEAD,,,1,,,,,Y,,,,,,,,,,Y,Y,,FRONT,,,,,,,,,,,,,,,,,,,,,,,,,,,,,,,,,
2126585,1d2d4b0885e26a6528461052c1cb2e49131eabe4d8cd5ddc8c7be153232996bd9eecc693dbaad6841765fa9231db45aaba3b4d8187a87df95b8cfe7ab3e74c4f,08/11/2025 06:33:00 PM,2,DRIVER,,2027286,,YARBROUGH MANUFACTURING COMPANY - COMET MOTORCYCLE TRAILER,COMET MOTORCYCLE TRAILER (MKD. BY YARBROUGH MFG. CO),IL,2022,NONE,MOPED OR MOTORIZED BICYCLE,PERSONAL,W,STRAIGHT AHEAD,,,1,,,,,Y,,,,Y,Y,Y,,,,Y,Y,,REAR,,,,,,,,,,,,,,,,,,,,,,,,,,,,,,,,,
2126586,1d2d4b0885e26a6528461052c1cb2e49131eabe4d8cd5ddc8c7be153232996bd9eecc693dbaad6841765fa9231db45aaba3b4d8187a87df95b8cfe7ab3e74c4f,08/11/2025 06:33:00 PM,3,DRIVER,1,2027289,,BMW,OTHER (EXPLAIN IN NARRATIVE),IL,2022,NONE,PASSENGER,PERSONAL,W,STRAIGHT AHEAD,,,2,,,,,,,,,Y,Y,Y,,,,,,,REAR,,,,,,,,,,,,,,,,,,,,,,,,,,,,,,,,,
2128873,ddd9dfd104d8581e0b49d7d773d076cb98c53d9f7c03d269a976b115968e95f20e2641a1c5ddb8aa363d7c19eb91aa268cdd90628aa6304391fbaa164bfcad04,08/11/2025 06:30:00 PM,1,DRIVER,,2029440,,UNKNOWN,OTHER (EXPLAIN IN NARRATIVE),,,UNKNOWN,UNKNOWN/NA,UNKNOWN/NA,UNKNOWN,UNKNOWN/NA,,,1,,,,,,,,,,,,,N,N,,,,UNKNOWN,,,,,,,,,,,,,,,,,,,,,,,,,,,,,,,,,
2128874,ddd9dfd104d8581e0b49d7d773d076cb98c53d9f7c03d269a976b115968e95f20e2641a1c5ddb8aa363d7c19eb91aa268cdd90628aa6304391fbaa164bfcad04,08/11/2025 06:30:00 PM,2,PARKED,,2029446,,VOLKSWAGEN,ATLAS,IL,2021,UNKNOWN,SPORT UTILITY VEHICLE (SUV),PERSONAL,N,PARKED,,,0,,,,,,,,,,,,,Y,Y,,,,SIDE-LEFT,,,,,,,,,,,,,,,,,,,,,,,,,,,,,,,,,
2127774,fad1e45c452b788b15f9331316604df9656b9b889ff5ed56b3094f0b0b8836cf5fd1b89d2ba14cfdc5e9baf202334e5f41cd85c0a416eba7045927d4fed60e30,08/11/2025 06:30:00 PM,1,DRIVER,,2028403,,JEEP,CHEROKEE,IL,2016,NONE,PASSENGER,PERSONAL,E,STRAIGHT AHEAD,,,1,,,,,,,,,,,,,,,Y,Y,,REAR-LEFT-CORNER,,,,,,,,,,,,,,,,,,,,,,,,,,,,,,,,,
2127775,fad1e45c452b788b15f9331316604df9656b9b889ff5ed56b3094f0b0b8836cf5fd1b89d2ba14cfdc5e9baf202334e5f41cd85c0a416eba7045927d4fed60e30,08/11/2025 06:30:00 PM,2,DRIVER,,2028408,,TOYOTA,HIGHLANDER,IL,,NONE,PASSENGER,PERSONAL,E,SLOW/STOP IN TRAFFIC,,,1,,,,,,,,,Y,Y,,,,,,,,SIDE-RIGHT-REAR,,,,,,,,,,,,,,,,,,,,,,,,,,,,,,,,,
2126516,a3aa75cdc657eea41e7bda68c9e6f0747a8a802fffb7023a2e571af600e549636842f6b847d63295b64613a37e84e612428609d31cd00b5c5ea288ec26e201b3,08/11/2025 06:20:00 PM,1,DRIVER,,2027215,,TOYOTA,CAMRY,IL,2015,NONE,PASSENGER,PERSONAL,N,STRAIGHT AHEAD,,,1,,,,,,,,,,,,,,,,Y,,FRONT,,,,,,,,,,,,,,,,,,,,,,,,,,,,,,,,,
2126517,a3aa75cdc657eea41e7bda68c9e6f0747a8a802fffb7023a2e571af600e549636842f6b847d63295b64613a37e84e612428609d31cd00b5c5ea288ec26e201b3,08/11/2025 06:20:00 PM,2,DRIVER,,2027217,,HONDA,PILOT,IN,2011,NONE,SPORT UTILITY VEHICLE (SUV),PERSONAL,E,STRAIGHT AHEAD,,,1,,,,,,,,Y,Y,,,,,,,,,SIDE-RIGHT,,,,,,,,,,,,,,,,,,,,,,,,,,,,,,,,,
2126785,e98709334a2648fca2f31a656150f0f436caf0bb77d93ae8c4b6cc354488c0bddff9259a85c238c9a8547b625025c91ca691a92169cbd410e055f1c487cc0a2f,08/11/2025 06:15:00 PM,1,DRIVER,,2027461,,JEEP,CHEROKEE,IL,2016,NONE,PASSENGER,PERSONAL,S,STRAIGHT AHEAD,,,1,,,,,Y,,,,,,,,,,Y,Y,,FRONT,,,,,,,,,,,,,,,,,,,,,,,,,,,,,,,,,
2126786,e98709334a2648fca2f31a656150f0f436caf0bb77d93ae8c4b6cc354488c0bddff9259a85c238c9a8547b625025c91ca691a92169cbd410e055f1c487cc0a2f,08/11/2025 06:15:00 PM,2,DRIVER,,2027467,,NISSAN,MAXIMA,,,NONE,PASSENGER,UNKNOWN/NA,S,STRAIGHT AHEAD,,,1,,,,,,,,,,,,,,,,,Y,REAR,,,,,,,,,,,,,,,,,,,,,,,,,,,,,,,,,
2126572,5897d46d5f91ad4b6326d86af1b7c8a73ee16aa394e53cfc7810275ed784c3dc6496e5da3e4ccb376c8a3aa21a76f5e1f7c05655ed29db6eeb3112dd00bcdaae,08/11/2025 06:13:00 PM,1,DRIVER,1,2027265,,HONDA,ACCORD,IL,1997,UNKNOWN,PASSENGER,PERSONAL,S,STRAIGHT AHEAD,Y,,2,,owner,,,,,,,,Y,Y,Y,,,,,,REAR-RIGHT-CORNER,,,,,,,,,,,,,,,,,,,,,,,,,,,,,,,,,
2126573,5897d46d5f91ad4b6326d86af1b7c8a73ee16aa394e53cfc7810275ed784c3dc6496e5da3e4ccb376c8a3aa21a76f5e1f7c05655ed29db6eeb3112dd00bcdaae,08/11/2025 06:13:00 PM,2,DRIVER,,2027277,,HONDA,ACCORD,IL,2017,UNKNOWN,PASSENGER,PERSONAL,W,STRAIGHT AHEAD,,,1,,,,,Y,Y,Y,,,,,,,,Y,Y,,FRONT,,,,,,,,,,,,,,,,,,,,,,,,,,,,,,,,,
2126544,03c3e81ecf17b6f4eb1ffbbe7b87293c087ca6cebb565aa0a059e0901d3348c5150253bfa1290f77e1cd7a5eb55f1b701b1d20a281a46f4e2a0c9a527cfc7ca4,08/11/2025 06:10:00 PM,1,DRIVER,,2027236,,FORD,ECONOLINE E350,OK,2024,UNKNOWN,TRUCK - SINGLE UNIT,OTHER,N,STRAIGHT AHEAD,Y,,1,,limitless towing recovery,,,,,,,,,,Y,Y,Y,N,,Y,SIDE-LEFT,,,,,,,,,,,,,,,,,,,,,,,,,,,,,,,,,
2126545,03c3e81ecf17b6f4eb1ffbbe7b87293c087ca6cebb565aa0a059e0901d3348c5150253bfa1290f77e1cd7a5eb55f1b701b1d20a281a46f4e2a0c9a527cfc7ca4,08/11/2025 06:10:00 PM,2,DRIVER,2,2027244,,FORD,RANGER,IL,2003,OTHER,PICKUP,PERSONAL,E,STRAIGHT AHEAD,Y,,3,,limitless towing recovery,,,Y,,,,,,,,,,Y,Y,Y,FRONT,,,,,,,,,,,,,,,,,,,,,,,,,,,,,,,,,
2126504,7bfce363ca7246bfe2c8d33ff5c65ddcfcfe0910c45b4319d2df540a7df104808a36e985e5ddb4b6f07e6678555eb45a522d44fab4fd59cff667426b1b0c1500,08/11/2025 06:10:00 PM,1,DRIVER,,2027259,,TOYOTA,4RUNNER,IL,2023,NONE,PASSENGER,PERSONAL,W,TURNING LEFT,,,1,,,,,,,,,,,,,,,,,,SIDE-LEFT,,,,,,,,,,,,,,,,,,,,,,,,,,,,,,,,,
2126505,7bfce363ca7246bfe2c8d33ff5c65ddcfcfe0910c45b4319d2df540a7df104808a36e985e5ddb4b6f07e6678555eb45a522d44fab4fd59cff667426b1b0c1500,08/11/2025 06:10:00 PM,2,DRIVER,1,2027204,,KIA,SORENTO,IL,2023,NONE,PASSENGER,PERSONAL,W,STRAIGHT AHEAD,,,2,,,,,,,Y,Y,Y,,,,,,,,,REAR-RIGHT-CORNER,,,,,,,,,,,,,,,,,,,,,,,,,,,,,,,,,
2126528,e73efe48838279658b308dbb480dc10db002883b56a4313a5cd112fcbbad04e158ee5565f4df5faeace67b3afcdceeb52908e73408bd69feff23d9021039fccc,08/11/2025 06:10:00 PM,1,DRIVER,,2027233,,TOYOTA,RAV4,WI,2011,UNKNOWN,SPORT UTILITY VEHICLE (SUV),PERSONAL,N,BACKING,,,1,,,,,,,,,,,Y,,,,,,,REAR-LEFT-CORNER,,,,,,,,,,,,,,,,,,,,,,,,,,,,,,,,,
2126529,e73efe48838279658b308dbb480dc10db002883b56a4313a5cd112fcbbad04e158ee5565f4df5faeace67b3afcdceeb52908e73408bd69feff23d9021039fccc,08/11/2025 06:10:00 PM,2,PARKED,,2027222,,KIA,OPTIMA / K5,IL,2025,UNKNOWN,PASSENGER,PERSONAL,NE,PARKED,,,0,,,,,,,,,Y,,,,,,,,,REAR-RIGHT-CORNER,,,,,,,,,,,,,,,,,,,,,,,,,,,,,,,,,
2126536,698f773f1e4d9b31ed00435836e8fee90ca1a30e3d3a0d34f987510a47349cc1e4b9032e4a08b9d8ee1f3ccc23b65bc686d99986c9e893878597932129352188,08/11/2025 06:09:00 PM,1,DRIVER,,2027239,,CHEVROLET,EXPRESS,IL,2008,UNKNOWN,VAN/MINI-VAN,UNKNOWN/NA,N,TURNING LEFT,Y,,1,,city tow,auto pound 2,,,,,,,,,,,,,,Y,UNDER CARRIAGE,,,,,,,,,,,,,,,,,,,,,,,,,,,,,,,,,
2126587,1b118bed149b4a9ca1e83b6b457d732e71525f108f22e5ddad153f21b29dcc84adad7d0ff0302cd8deb25793cf61f6c1d614f11bb09f1814d619e7fe6929637d,08/11/2025 06:00:00 PM,1,DRIVER,,2027281,,HONDA,HR-V,IL,2017,NONE,SPORT UTILITY VEHICLE (SUV),PERSONAL,W,STRAIGHT AHEAD,,,1,,,,,,,,,,,,,,,,Y,,FRONT,,,,,,,,,,,,,,,,,,,,,,,,,,,,,,,,,
2126588,1b118bed149b4a9ca1e83b6b457d732e71525f108f22e5ddad153f21b29dcc84adad7d0ff0302cd8deb25793cf61f6c1d614f11bb09f1814d619e7fe6929637d,08/11/2025 06:00:00 PM,2,DRIVER,,2027285,,HONDA,PILOT,IL,2020,NONE,SPORT UTILITY VEHICLE (SUV),PERSONAL,W,STRAIGHT AHEAD,,,1,,,,,,,,,,Y,,,,,,,,REAR,,,,,,,,,,,,,,,,,,,,,,,,,,,,,,,,,
2126520,5dc11dab470fafd4b699ebb576ffd1da507973f11b6f0a68b891ea4be55d442eb1db68331cd13f91b0319c69d8ac00320d727a77f23419125359d6888f988f05,08/11/2025 06:00:00 PM,1,DRIVER,,2027218,,CHEVROLET,EQUINOX,IL,2018,NONE,PASSENGER,PERSONAL,W,STRAIGHT AHEAD,,,1,,,,,N,,,,,,,,,,,Y,,FRONT,,,,,,,,,,,,,,,,,,,,,,,,,,,,,,,,,
2126521,5dc11dab470fafd4b699ebb576ffd1da507973f11b6f0a68b891ea4be55d442eb1db68331cd13f91b0319c69d8ac00320d727a77f23419125359d6888f988f05,08/11/2025 06:00:00 PM,2,DRIVER,,2027224,,HYUNDAI,SONATA,IL,2011,NONE,PASSENGER,PERSONAL,W,SLOW/STOP IN TRAFFIC,,,1,,,,,,,,,Y,Y,Y,,,,,,,REAR,,,,,,,,,,,,,,,,,,,,,,,,,,,,,,,,,
2126496,801a0e868dce1427347e2a64af757500af892733d30c001b7d6f992029b01b678e69a3fee616c7338909757bdce0ace872fa70cb7f575407d3596d6e4829ba10,08/11/2025 06:00:00 PM,1,DRIVER,,2027208,,JEEP,WRANGLER,IL,2021,UNKNOWN,PASSENGER,PERSONAL,W,STRAIGHT AHEAD,,,1,,,,Y,,,,,,,,,,,,,Y,FRONT,,,,,,,,,,,,,,,,,,,,,,,,,,,,,,,,,
2126497,801a0e868dce1427347e2a64af757500af892733d30c001b7d6f992029b01b678e69a3fee616c7338909757bdce0ace872fa70cb7f575407d3596d6e4829ba10,08/11/2025 06:00:00 PM,2,DRIVER,,2027194,,FORD,F150,IL,2014,UNKNOWN,PICKUP,CONSTRUCTION/MAINTENANCE,W,SLOW/STOP IN TRAFFIC,,,1,,,,,,,,,,Y,Y,,,,,,,REAR,,,,,,,,,,,,,,,,,,,,,,,,,,,,,,,,,
2126541,9e574fd9c9ba43448a700596a24dcfde6ed78b5829c3e7a924ba9eb1bbb9d4f8ee0857ea61d5df538593f0a81a1e37de2c96d05753cddffcb8712261806394ef,08/11/2025 06:00:00 PM,1,DRIVER,,2027237,,NISSAN,ALTIMA,IL,2016,UNKNOWN,PASSENGER,PERSONAL,N,STRAIGHT AHEAD,Y,,1,,PRIVATELY,,,Y,,,,,,,,,,,Y,,FRONT-RIGHT-CORNER,,,,,,,,,,,,,,,,,,,,,,,,,,,,,,,,,
2126542,9e574fd9c9ba43448a700596a24dcfde6ed78b5829c3e7a924ba9eb1bbb9d4f8ee0857ea61d5df538593f0a81a1e37de2c96d05753cddffcb8712261806394ef,08/11/2025 06:00:00 PM,2,DRIVER,,2027247,,FORD,F150,IL,2018,NONE,PICKUP,UNKNOWN/NA,NE,TURNING RIGHT,,,1,,,,,,,,,,Y,,,,,,,,REAR,,,,,,,,,,,,,,,,,,,,,,,,,,,,,,,,,
2126913,b7d6804bed33399cdac527e0767e9634396d1a0176cf196a5a92400703ad3ba0581158af5e5cb8a2f2328f9f727c018dd0c014ee069ac1960c6d3635d02b6ab6,08/11/2025 06:00:00 PM,1,DRIVER,,2027578,,AUDI,Q3,IL,2019,UNKNOWN,SPORT UTILITY VEHICLE (SUV),PERSONAL,SE,SLOW/STOP IN TRAFFIC,,,1,,,,,Y,,,,,,,,,,,Y,,FRONT-RIGHT-CORNER,,,,,,,,,,,,,,,,,,,,,,,,,,,,,,,,,
2126914,b7d6804bed33399cdac527e0767e9634396d1a0176cf196a5a92400703ad3ba0581158af5e5cb8a2f2328f9f727c018dd0c014ee069ac1960c6d3635d02b6ab6,08/11/2025 06:00:00 PM,2,DRIVER,,2027583,,TOYOTA,COROLLA,IL,2024,NONE,PASSENGER,PERSONAL,SE,SLOW/STOP IN TRAFFIC,,,1,,,,,,,,,,Y,Y,,,,,,,REAR-LEFT-CORNER,,,,,,,,,,,,,,,,,,,,,,,,,,,,,,,,,
2126539,c4ae819e36a0d8fc1572e7e87dd7f3a2ebdb7e8d28a4ed4708f2fc1adacfb05bf734c40665d00141029c58eadb4aa4b48e41a79e6f8fbf4be07919275677d69e,08/11/2025 06:00:00 PM,1,DRIVER,,2027245,,FORD,VAN,IL,2019,UNKNOWN,VAN/MINI-VAN,UNKNOWN/NA,N,BACKING,,,1,,,,,,,,,,,,,,,,,,REAR,,,,,,,,,,,,,,,,,,,,,,,,,,,,,,,,,
2126540,c4ae819e36a0d8fc1572e7e87dd7f3a2ebdb7e8d28a4ed4708f2fc1adacfb05bf734c40665d00141029c58eadb4aa4b48e41a79e6f8fbf4be07919275677d69e,08/11/2025 06:00:00 PM,2,PARKED,,2027257,N,AUDI,S5,IL,2018,NONE,PASSENGER,PERSONAL,N,PARKED,Y,,0,,PRIVATE,,,Y,,,,,,,,,Y,Y,Y,,FRONT-LEFT-CORNER,,,,,,,,,,,,,,,,,,,,,,,,,,,,,,,,,
2126484,004d1ac51d26a7bcc49d3cdd86db384c62ea9cc086a329ad3cf0b49dc60f8261e811c84e02c0ba17b271963698518ddf1f50a69cc2d695c515f5a4bc2c4c50fc,08/11/2025 05:45:00 PM,1,DRIVER,,2027175,N,UNKNOWN,OTHER (EXPLAIN IN NARRATIVE),,,UNKNOWN,BUS OVER 15 PASS.,CTA,N,STRAIGHT AHEAD,,,1,,,,,Y,Y,Y,,,,,,,,,,,SIDE-RIGHT,,,,,,,,,,,,,,,,,,,,,,,,,,,,,,,,,
2126485,004d1ac51d26a7bcc49d3cdd86db384c62ea9cc086a329ad3cf0b49dc60f8261e811c84e02c0ba17b271963698518ddf1f50a69cc2d695c515f5a4bc2c4c50fc,08/11/2025 05:45:00 PM,2,DRIVER,,2027179,,HYUNDAI,KONA,IL,2021,UNKNOWN,PASSENGER,PERSONAL,N,STRAIGHT AHEAD,,,1,,,,,,N,,,,,,,,Y,,,,SIDE-LEFT,,,,,,,,,,,,,,,,,,,,,,,,,,,,,,,,,
2126469,1ad75d660871ac14235a8a2dbab4fc1c19cd37afb12e8955bb427aa47579242f08bf83f31f063dfcd9850cf505ed97d9f479aae28ae3f1d0fce00ba0d80c4dbd,08/11/2025 05:45:00 PM,1,DRIVER,,2027160,,GENERAL MOTORS CORPORATION (GMC),TERRAIN,IL,2010,UNKNOWN,PASSENGER,UNKNOWN/NA,N,CHANGING LANES,,,1,,,,,Y,,,,,,,,,,,,,FRONT-RIGHT-CORNER,,,,,,,,,,,,,,,,,,,,,,,,,,,,,,,,,
2126470,1ad75d660871ac14235a8a2dbab4fc1c19cd37afb12e8955bb427aa47579242f08bf83f31f063dfcd9850cf505ed97d9f479aae28ae3f1d0fce00ba0d80c4dbd,08/11/2025 05:45:00 PM,2,DRIVER,,2027185,,CHEVROLET,CRUZE,IL,2013,UNKNOWN,PASSENGER,UNKNOWN/NA,N,STRAIGHT AHEAD,,,1,,,,,,,,,,,,,,Y,N,,,SIDE-LEFT,,,,,,,,,,,,,,,,,,,,,,,,,,,,,,,,,
2127325,b070c31b9ce9ab5b872a483772609071f1d63f8d1b341fe5168c6bd82f93845eff60c0276172a0ea9bcb78d86e94a8c5d0912a1b877686d0df3ac05cb3d6af9b,08/11/2025 05:45:00 PM,1,DRIVER,,2027974,,LEXUS,RX300,IL,2003,UNKNOWN,SPORT UTILITY VEHICLE (SUV),UNKNOWN/NA,SW,STRAIGHT AHEAD,,,1,,,,Y,,,,,,,,,,,,,,FRONT,,,,,,,,,,,,,,,,,,,,,,,,,,,,,,,,,
2127326,b070c31b9ce9ab5b872a483772609071f1d63f8d1b341fe5168c6bd82f93845eff60c0276172a0ea9bcb78d86e94a8c5d0912a1b877686d0df3ac05cb3d6af9b,08/11/2025 05:45:00 PM,2,DRIVER,,2027979,,HONDA,ACCORD,IL,2023,UNKNOWN,PASSENGER,UNKNOWN/NA,SW,STRAIGHT AHEAD,,,1,,,,,,,,,,,,,,,,,Y,REAR,,,,,,,,,,,,,,,,,,,,,,,,,,,,,,,,,
2137608,283e3ff8d1cae6b49ad0ce3aa22f010df74a10828b940f04be810bbd1a11c36acbcd3a77aa220bf336d08ed5c652cb325ae0ab400769e03af7dab56fc7ce6166,08/11/2025 05:40:00 PM,1,DRIVER,,2037729,,CHEVROLET,TRAVERSE,IL,,UNKNOWN,SPORT UTILITY VEHICLE (SUV),UNKNOWN/NA,W,STARTING IN TRAFFIC,,,1,,,,,,,,,,,,,,,,,Y,FRONT,,,,,,,,,,,,,,,,,,,,,,,,,,,,,,,,,
2137609,283e3ff8d1cae6b49ad0ce3aa22f010df74a10828b940f04be810bbd1a11c36acbcd3a77aa220bf336d08ed5c652cb325ae0ab400769e03af7dab56fc7ce6166,08/11/2025 05:40:00 PM,2,PEDESTRIAN,,,,,,,,,,,,,,,,,,,,,,,,,,,,,,,,,,,,,,,,,,,,,,,,,,,,,,,,,,,,,,,,,,