CRASH_UNIT_ID,CRASH_RECORD_ID,CRASH_DATE,UNIT_NO,UNIT_TYPE,NUM_PASSENGERS,VEHICLE_ID,CMRC_VEH_I,MAKE,MODEL,LIC_PLATE_STATE,VEHICLE_YEAR,VEHICLE_DEFECT,VEHICLE_TYPE,VEHICLE_USE,TRAVEL_DIRECTION,MANEUVER,TOWED_I,FIRE_I,OCCUPANT_CNT,EXCEED_SPEED_LIMIT_I,TOWED_BY,TOWED_TO,AREA_00_I,AREA_01_I,AREA_02_I,AREA_03_I,AREA_04_I,AREA_05_I,AREA_06_I,AREA_07_I,AREA_08_I,AREA_09_I,AREA_10_I,AREA_11_I,AREA_12_I,AREA_99_I,FIRST_CONTACT_POINT,CMV_ID,USDOT_NO,CCMC_NO,ILCC_NO,COMMERCIAL_SRC,GVWR,CARRIER_NAME,CARRIER_STATE,CARRIER_CITY,HAZMAT_PLACARDS_I,HAZMAT_NAME,UN_NO,HAZMAT_PRESENT_I,HAZMAT_REPORT_I,HAZMAT_REPORT_NO,MCS_REPORT_I,MCS_REPORT_NO,HAZMAT_VIO_CAUSE_CRASH_I,MCS_VIO_CAUSE_CRASH_I,IDOT_PERMIT_NO,WIDE_LOAD_I,TRAILER1_WIDTH,TRAILER2_WIDTH,TRAILER1_LENGTH,TRAILER2_LENGTH,TOTAL_VEHICLE_LENGTH,AXLE_CNT,VEHICLE_CONFIG,CARGO_BODY_TYPE,LOAD_TYPE,HAZMAT_OUT_OF_SERVICE_I,MCS_OUT_OF_SERVICE_I,HAZMAT_CLASS
2126958,314acf8bc2fab1dcb0509e7549f509d98c5fe87fbf7282d18bcb29fa822120a05a3c3b61b7cf3bf276c934d445751a3df4e826c94b6e11debf144f7ad0fc485a,08/11/2025 05:40:00 PM,1,DRIVER,,2027619,,CADILLAC,SRX,IL,2013,UNKNOWN,SPORT UTILITY VEHICLE (SUV),UNKNOWN/NA,W,UNKNOWN/NA,,,1,,,,,,,,,,,,,,,Y,,,FRONT-LEFT-CORNER,,,,,,,,,,,,,,,,,,,,,,,,,,,,,,,,,
2126959,314acf8bc2fab1dcb0509e7549f509d98c5fe87fbf7282d18bcb29fa822120a05a3c3b61b7cf3bf276c934d445751a3df4e826c94b6e11debf144f7ad0fc485a,08/11/2025 05:40:00 PM,2,DRIVER,,2027620,,CHEVROLET,COBALT,IL,2008,NONE,PASSENGER,PERSONAL,SW,STRAIGHT AHEAD,,,1,,,,,,,,Y,,,,,,,,,,SIDE-RIGHT-REAR,,,,,,,,,,,,,,,,,,,,,,,,,,,,,,,,,
2126561,35d70115775f76c62dce65592266653bd3a9fd91af5ddc93bf3bb56a7cf41bd52147c1164921c1825219f0e3367a4bfcc8d2bc2f66c617d3455daef782c6a80e,08/11/2025 05:40:00 PM,1,DRIVER,,2027254,,FORD,OTHER (EXPLAIN IN NARRATIVE),IL,2008,NONE,PICKUP,OTHER,S,STRAIGHT AHEAD,,,1,,,,,Y,,,,,,,,,,Y,Y,,FRONT,,,,,,,,,,,,,,,,,,,,,,,,,,,,,,,,,
2126562,35d70115775f76c62dce65592266653bd3a9fd91af5ddc93bf3bb56a7cf41bd52147c1164921c1825219f0e3367a4bfcc8d2bc2f66c617d3455daef782c6a80e,08/11/2025 05:40:00 PM,2,DRIVER,,2027263,,TOYOTA,COROLLA,IL,2004,NONE,PASSENGER,PERSONAL,S,STRAIGHT AHEAD,,,1,,,,,Y,,,,Y,Y,Y,,,,Y,Y,,REAR,,,,,,,,,,,,,,,,,,,,,,,,,,,,,,,,,
2126563,35d70115775f76c62dce65592266653bd3a9fd91af5ddc93bf3bb56a7cf41bd52147c1164921c1825219f0e3367a4bfcc8d2bc2f66c617d3455daef782c6a80e,08/11/2025 05:40:00 PM,3,DRIVER,,2027276,,CHEVROLET,TRAVERSE,IL,2021,NONE,SPORT UTILITY VEHICLE (SUV),PERSONAL,S,STRAIGHT AHEAD,,,1,,,,,,,,,Y,Y,Y,,,,,,,REAR,,,,,,,,,,,,,,,,,,,,,,,,,,,,,,,,,
2126463,b3efbab9447fb674054306ae769a32e65de22372387be3ffb2043e325c2ba41a87d3d99e7400bd87eb07e066da2cace5e2dff213e0732dfcd9f89e86efb96e31,08/11/2025 05:26:00 PM,1,DRIVER,,2027153,,UNKNOWN,OTHER (EXPLAIN IN NARRATIVE),,,UNKNOWN,SPORT UTILITY VEHICLE (SUV),UNKNOWN/NA,S,STRAIGHT AHEAD,,,1,,,,,,,,,,,,,,,,,Y,UNKNOWN,,,,,,,,,,,,,,,,,,,,,,,,,,,,,,,,,
2126464,b3efbab9447fb674054306ae769a32e65de22372387be3ffb2043e325c2ba41a87d3d99e7400bd87eb07e066da2cace5e2dff213e0732dfcd9f89e86efb96e31,08/11/2025 05:26:00 PM,2,BICYCLE,,,,,,,,,,,,,,,,,,,,,,,,,,,,,,,,,,,,,,,,,,,,,,,,,,,,,,,,,,,,,,,,,,
2126502,0cc714c1838202e8f9e14d446138c302eabee73fd7870e2537ee13700c8716e7c2209af9408495a03fedc120bd9ccf8f20d5c47031e2fb2a386b88f400979859,08/11/2025 05:24:00 PM,1,DRIVER,,2027203,,HYUNDAI,TUCSON,IL,2023,UNKNOWN,OTHER,OTHER,E,STRAIGHT AHEAD,,,1,,,,,N,,,,,,,,,,,N,Y,UNKNOWN,,,,,,,,,,,,,,,,,,,,,,,,,,,,,,,,,
2126503,0cc714c1838202e8f9e14d446138c302eabee73fd7870e2537ee13700c8716e7c2209af9408495a03fedc120bd9ccf8f20d5c47031e2fb2a386b88f400979859,08/11/2025 05:24:00 PM,2,DRIVER,,2027205,,VOLKSWAGEN,OTHER (EXPLAIN IN NARRATIVE),IL,2024,UNKNOWN,SPORT UTILITY VEHICLE (SUV),OTHER,E,STRAIGHT AHEAD,,,1,,,,,,,,,,,,,,,,,Y,UNKNOWN,,,,,,,,,,,,,,,,,,,,,,,,,,,,,,,,,
2126599,60f94e48ff3054a337fc29f751c96239c80e7e7a882f80b538aa3274a9e77aea51bf7873b7a91e5e8988718ebc91db62e4b4ff409327602ce044ea27b730d1f0,08/11/2025 05:19:00 PM,1,DRIVER,,2027297,,HYUNDAI,TUCSON,IL,,UNKNOWN,PASSENGER,UNKNOWN/NA,S,PASSING/OVERTAKING,,,1,,,,,Y,,,,,,,,,,,,,FRONT-RIGHT-CORNER,,,,,,,,,,,,,,,,,,,,,,,,,,,,,,,,,
2126600,60f94e48ff3054a337fc29f751c96239c80e7e7a882f80b538aa3274a9e77aea51bf7873b7a91e5e8988718ebc91db62e4b4ff409327602ce044ea27b730d1f0,08/11/2025 05:19:00 PM,2,DRIVER,,2027309,,MAZDA,CX-30,IL,2022,UNKNOWN,PASSENGER,PERSONAL,S,STRAIGHT AHEAD,,,1,,,,,,,,,,,,,,,Y,,,FRONT-LEFT-CORNER,,,,,,,,,,,,,,,,,,,,,,,,,,,,,,,,,
2126488,0f89420dd20a2c6ceaff57870be685a0fa54a810def57d28692cb0d3e7f2acd5d11e52e8916684a700d3777782a59148b422476474843699c96b73223143a555,08/11/2025 05:17:00 PM,1,DRIVER,,2027202,,TOYOTA,RAV4,IL,2009,UNKNOWN,PASSENGER,PERSONAL,N,STRAIGHT AHEAD,Y,,1,,PRIVATE,,,Y,,,,,,,,,,Y,Y,,FRONT,,,,,,,,,,,,,,,,,,,,,,,,,,,,,,,,,
2126489,0f89420dd20a2c6ceaff57870be685a0fa54a810def57d28692cb0d3e7f2acd5d11e52e8916684a700d3777782a59148b422476474843699c96b73223143a555,08/11/2025 05:17:00 PM,2,DRIVER,,2027196,,NISSAN,ROGUE,IL,2016,UNKNOWN,PASSENGER,PERSONAL,N,STRAIGHT AHEAD,Y,,1,,,,,,,,,Y,Y,Y,,,,,,,REAR,,,,,,,,,,,,,,,,,,,,,,,,,,,,,,,,,
2126510,217952ea4966c0e9003b33f7eec8878a92917047661b9c67f0ee22c18edd26996d1d31b374ffece5eb16ff5cea5fab6d1a15351c5e35040a8e17d0907a24ae61,08/11/2025 05:15:00 PM,1,DRIVER,,2027206,,TOYOTA,CAMRY,IL,2011,UNKNOWN,PASSENGER,UNKNOWN/NA,E,BACKING,,,1,,,,Y,,,,,,,,,,,,,,REAR,,,,,,,,,,,,,,,,,,,,,,,,,,,,,,,,,
2126511,217952ea4966c0e9003b33f7eec8878a92917047661b9c67f0ee22c18edd26996d1d31b374ffece5eb16ff5cea5fab6d1a15351c5e35040a8e17d0907a24ae61,08/11/2025 05:15:00 PM,2,PARKED,,2027210,,AUDI,SQ5,IL,2022,UNKNOWN,PASSENGER,UNKNOWN/NA,E,PARKED,,,0,,,,,Y,,,,,,,,,,,Y,,FRONT,,,,,,,,,,,,,,,,,,,,,,,,,,,,,,,,,
2126433,ab555148c44e9e9184446c70c236f514b1322f251f86a1c5fa798a717e20c61891f5300a249fb5c781758d3dd06744c1b18fe09f9be5c027c051839b57d39a0b,08/11/2025 05:11:00 PM,1,DRIVER,,2027141,,LEXUS,OTHER (EXPLAIN IN NARRATIVE),IL,2020,NONE,PASSENGER,PERSONAL,N,TURNING RIGHT,,,1,,,,,Y,,,,,,,,,,Y,Y,,FRONT,,,,,,,,,,,,,,,,,,,,,,,,,,,,,,,,,
2126434,ab555148c44e9e9184446c70c236f514b1322f251f86a1c5fa798a717e20c61891f5300a249fb5c781758d3dd06744c1b18fe09f9be5c027c051839b57d39a0b,08/11/2025 05:11:00 PM,2,DRIVER,2,2027145,,FORD,OTHER (EXPLAIN IN NARRATIVE),IL,2008,NONE,PASSENGER,PERSONAL,N,STRAIGHT AHEAD,,,3,,,,,Y,Y,,,,,,,,,Y,Y,,FRONT-RIGHT-CORNER,,,,,,,,,,,,,,,,,,,,,,,,,,,,,,,,,
2126441,171707aaf0d729ea1645a6fce5bd3eee3f9ad2f17088d496430b9c755c0d7daf8450b8595939acfb37cd454077da154e7521db87375b3efe1c81f2d0ef46c6b9,08/11/2025 05:10:00 PM,1,DRIVER,,2027156,,TOYOTA,MATRIX,IL,2003,UNKNOWN,PASSENGER,UNKNOWN/NA,W,STRAIGHT AHEAD,,,1,,,,,,,,,,,,,,,,Y,,FRONT,,,,,,,,,,,,,,,,,,,,,,,,,,,,,,,,,
2126442,171707aaf0d729ea1645a6fce5bd3eee3f9ad2f17088d496430b9c755c0d7daf8450b8595939acfb37cd454077da154e7521db87375b3efe1c81f2d0ef46c6b9,08/11/2025 05:10:00 PM,2,DRIVER,1,2027169,,TOYOTA,CAMRY,IL,2019,NONE,PASSENGER,PERSONAL,S,STRAIGHT AHEAD,,,2,,,,,,,,,,,Y,,,,,,,SIDE-LEFT-REAR,,,,,,,,,,,,,,,,,,,,,,,,,,,,,,,,,
2126453,2d9ab14f67cc3ed9528d86e3f552b973aa1fdc9fe4208d36aff4205b68a6d3fdce7f35e8c2a256ba51e13fbc5b70deabb20e2a9ce1611bfdc1c895909f805f9a,08/11/2025 05:10:00 PM,1,DRIVER,,2027159,,NISSAN,OTHER (EXPLAIN IN NARRATIVE),IL,2009,NONE,SPORT UTILITY VEHICLE (SUV),PERSONAL,N,STRAIGHT AHEAD,,,1,,,,,,,,,,Y,,,,,,,,REAR,,,,,,,,,,,,,,,,,,,,,,,,,,,,,,,,,
2126454,2d9ab14f67cc3ed9528d86e3f552b973aa1fdc9fe4208d36aff4205b68a6d3fdce7f35e8c2a256ba51e13fbc5b70deabb20e2a9ce1611bfdc1c895909f805f9a,08/11/2025 05:10:00 PM,2,DRIVER,,2027181,,FORD,EXPLORER,IL,2020,NONE,SPORT UTILITY VEHICLE (SUV),PERSONAL,W,STRAIGHT AHEAD,,,1,,,,,,,,,,,,,,,Y,,,FRONT-LEFT-CORNER,,,,,,,,,,,,,,,,,,,,,,,,,,,,,,,,,
2126492,3ad7458012f0086b692eef94325726c78cebb7a264447c8751e82a32492913ee955d3df141080ab998474a24164d5eefc330fc9732a26309df1ea4afcd15db26,08/11/2025 05:10:00 PM,1,DRIVER,,2027189,,UNKNOWN,OTHER (EXPLAIN IN NARRATIVE),IL,,UNKNOWN,MOPED OR MOTORIZED BICYCLE,PERSONAL,W,STRAIGHT AHEAD,,,1,,,,,,,,,,,,,,,,Y,,FRONT,,,,,,,,,,,,,,,,,,,,,,,,,,,,,,,,,
2126493,3ad7458012f0086b692eef94325726c78cebb7a264447c8751e82a32492913ee955d3df141080ab998474a24164d5eefc330fc9732a26309df1ea4afcd15db26,08/11/2025 05:10:00 PM,2,DRIVER,,2027198,,JEEP,GRAND CHEROKEE,IL,2023,UNKNOWN,SPORT UTILITY VEHICLE (SUV),PERSONAL,N,STRAIGHT AHEAD,,,1,,,,,Y,Y,,,,,,,,,,,,FRONT-RIGHT-CORNER,,,,,,,,,,,,,,,,,,,,,,,,,,,,,,,,,
2126443,c89992609df3e7e1cf92ee5c502ee5725768cb3fb771606a34938175341013f590f03772874bf430844d49b1357b2a4ddf34133de9f7feed67c20408b2b75269,08/11/2025 05:10:00 PM,1,DRIVER,,2027140,,JEEP,COMPASS,IN,2011,NONE,PASSENGER,PERSONAL,W,PASSING/OVERTAKING,,,1,,,,,Y,Y,,,,,,,,,,,,FRONT-RIGHT-CORNER,,,,,,,,,,,,,,,,,,,,,,,,,,,,,,,,,
2126444,c89992609df3e7e1cf92ee5c502ee5725768cb3fb771606a34938175341013f590f03772874bf430844d49b1357b2a4ddf34133de9f7feed67c20408b2b75269,08/11/2025 05:10:00 PM,2,PARKED,3,2027143,,NISSAN,PATHFINDER,IA,2018,NONE,PASSENGER,PERSONAL,W,PARKED,,,3,,,,,,,,,,,Y,Y,Y,Y,Y,,,SIDE-LEFT,,,,,,,,,,,,,,,,,,,,,,,,,,,,,,,,,
2126518,80e39c452964c841ca4f4841b1366a4feebe31cdb53dd9faa2b9a9758d62800cf45a210af626242c1a6a7ea2727ad011fb0cc33edb06d49886999a15fd2dcd8e,08/11/2025 05:09:00 PM,1,DRIVER,,2027214,,KIA,SOUL,IL,2015,UNKNOWN,UNKNOWN/NA,PERSONAL,N,BACKING,,,1,,,,,,,,,,N,,,,,,,Y,UNKNOWN,,,,,,,,,,,,,,,,,,,,,,,,,,,,,,,,,
2126519,80e39c452964c841ca4f4841b1366a4feebe31cdb53dd9faa2b9a9758d62800cf45a210af626242c1a6a7ea2727ad011fb0cc33edb06d49886999a15fd2dcd8e,08/11/2025 05:09:00 PM,2,PARKED,1,2027221,,BUICK,ENCLAVE,IL,2012,NONE,SPORT UTILITY VEHICLE (SUV),PERSONAL,W,PARKED,,,1,,,,,,,,,,,,,,,Y,,,FRONT-LEFT-CORNER,,,,,,,,,,,,,,,,,,,,,,,,,,,,,,,,,
2130553,0d4bca6c4c817345f9ae7d3f718fd16e8fc1696472a1eda010a764c73b38f82180ca4f11a898a5a02ab9857261f95723f4e03d2e37b89e12956380a0ace918fe,08/11/2025 05:00:00 PM,1,DRIVER,,2031017,,NISSAN,KICKS,IL,2023,UNKNOWN,PASSENGER,UNKNOWN/NA,UNKNOWN,STRAIGHT AHEAD,,,1,,,,,,,,,,,,,,,,Y,,FRONT,,,,,,,,,,,,,,,,,,,,,,,,,,,,,,,,,
2130554,0d4bca6c4c817345f9ae7d3f718fd16e8fc1696472a1eda010a764c73b38f82180ca4f11a898a5a02ab9857261f95723f4e03d2e37b89e12956380a0ace918fe,08/11/2025 05:00:00 PM,2,BICYCLE,,,,,,,,,,,,,,,,,,,,,,,,,,,,,,,,,,,,,,,,,,,,,,,,,,,,,,,,,,,,,,,,,,
2126534,977774db5b0bc9367727fcece9b8063790f1b8dcb346b65534ead0cbfb55a3249f44b26dbbcfdbb7348563338b5ae11053dc404c0df6a9f7de5b31a1bddb73b5,08/11/2025 05:00:00 PM,1,DRIVER,,2027227,,UNKNOWN,OTHER (EXPLAIN IN NARRATIVE),IL,,UNKNOWN,UNKNOWN/NA,PERSONAL,UNKNOWN,UNKNOWN/NA,,,1,,,,,,,,,,,,,,,,,Y,UNKNOWN,,,,,,,,,,,,,,,,,,,,,,,,,,,,,,,,,
2126535,977774db5b0bc9367727fcece9b8063790f1b8dcb346b65534ead0cbfb55a3249f44b26dbbcfdbb7348563338b5ae11053dc404c0df6a9f7de5b31a1bddb73b5,08/11/2025 05:00:00 PM,2,PARKED,,2027228,,MERCEDES-BENZ,300 SERIES,IL,2022,NONE,PASSENGER,PERSONAL,UNKNOWN,PARKED,,,0,,,,,N,N,Y,Y,Y,,,,,,,N,,SIDE-RIGHT-REAR,,,,,,,,,,,,,,,,,,,,,,,,,,,,,,,,,
2127228,bf848ac85cdccdca1915273cac8160edb40ae8b0de88d9d817d09cd5479b9a5ae5cbf3257abf4d5782d7ea4d3a88676f0c41313d3e7789dc1be20fe13fdca750,08/11/2025 05:00:00 PM,1,DRIVER,,2027868,,NISSAN,KICKS,IL,2019,UNKNOWN,PASSENGER,UNKNOWN/NA,N,ENTERING TRAFFIC LANE FROM PARKING,,,1,,,,,Y,,,,,,,,,,,,,FRONT-RIGHT-CORNER,,,,,,,,,,,,,,,,,,,,,,,,,,,,,,,,,
2127229,bf848ac85cdccdca1915273cac8160edb40ae8b0de88d9d817d09cd5479b9a5ae5cbf3257abf4d5782d7ea4d3a88676f0c41313d3e7789dc1be20fe13fdca750,08/11/2025 05:00:00 PM,2,DRIVER,,2027870,,NISSAN,OTHER (EXPLAIN IN NARRATIVE),IL,2016,UNKNOWN,PASSENGER,UNKNOWN/NA,N,STRAIGHT AHEAD,,,1,,,,,,,,,,,Y,Y,,,,,,SIDE-LEFT-REAR,,,,,,,,,,,,,,,,,,,,,,,,,,,,,,,,,
2126987,d71971ae3fd42003c09a9f65fe117ba60311094c3b9eb1d8df39675d9282eb050c322bd595d1868cfd77817824851b91525d87968c628a7209dfb06bd6fbe05a,08/11/2025 05:00:00 PM,1,DRIVER,,2027643,,HYUNDAI,SANTA FE,IL,2021,NONE,PASSENGER,PERSONAL,W,CHANGING LANES,,,1,,,,,,,,Y,Y,,,,,,,,,SIDE-RIGHT-REAR,,,,,,,,,,,,,,,,,,,,,,,,,,,,,,,,,
2126988,d71971ae3fd42003c09a9f65fe117ba60311094c3b9eb1d8df39675d9282eb050c322bd595d1868cfd77817824851b91525d87968c628a7209dfb06bd6fbe05a,08/11/2025 05:00:00 PM,2,DRIVER,2,2027644,,CHEVROLET,EQUINOX,IL,2018,NONE,PASSENGER,PERSONAL,W,STRAIGHT AHEAD,,,3,,,,,,,,,,,,,,Y,Y,,,FRONT,,,,,,,,,,,,,,,,,,,,,,,,,,,,,,,,,
2126508,d5d5a0c14da816b6ecbad2676044338bcfbbb29b4d13f8e5ecb8bbebd5ed9a23485e6cf6694d9a157c563b3171fbe4c533bd0f58c4009708d4844153aa39a49a,08/11/2025 04:58:00 PM,1,BICYCLE,,,,,,,,,,,,,,,,,,,,,,,,,,,,,,,,,,,,,,,,,,,,,,,,,,,,,,,,,,,,,,,,,,
2126509,d5d5a0c14da816b6ecbad2676044338bcfbbb29b4d13f8e5ecb8bbebd5ed9a23485e6cf6694d9a157c563b3171fbe4c533bd0f58c4009708d4844153aa39a49a,08/11/2025 04:58:00 PM,2,DRIVER,1,2027209,,VOLKSWAGEN,TIGUAN,IL,2018,UNKNOWN,PASSENGER,PERSONAL,N,STRAIGHT AHEAD,,,2,,,,,,,,,,,,,,,Y,,,FRONT-LEFT-CORNER,,,,,,,,,,,,,,,,,,,,,,,,,,,,,,,,,
2126415,3d37f27c3c4e18fd7e2625b45b59e153bdded6c8501e3a9f20d3d6d8be82e23f8f1e96533934a3c3676e7f3a813d6e5760c3742b056ab84a2bc6972f15abfae7,08/11/2025 04:50:00 PM,1,DRIVER,,2027122,,TOYOTA,COROLLA,IL,2006,NONE,PASSENGER,PERSONAL,NW,TURNING RIGHT,,,1,,,,,,,,,Y,,,,,,,,,SIDE-RIGHT,,,,,,,,,,,,,,,,,,,,,,,,,,,,,,,,,
2126416,3d37f27c3c4e18fd7e2625b45b59e153bdded6c8501e3a9f20d3d6d8be82e23f8f1e96533934a3c3676e7f3a813d6e5760c3742b056ab84a2bc6972f15abfae7,08/11/2025 04:50:00 PM,2,DRIVER,,2027136,,YAMAHA,YAMAHA,,,UNKNOWN,MOTORCYCLE (OVER 150CC),PERSONAL,UNKNOWN,STRAIGHT AHEAD,,,1,,,,,,,,,,,,,,,,,Y,UNKNOWN,,,,,,,,,,,,,,,,,,,,,,,,,,,,,,,,,
2126557,51c63637c6ebd2cc0fe56e531eac4b2c3cad74ed53e0537b28c7653fd85f87667b1cb8631ded47b398fff73ba5973507b737393e45891cf61f213e71a4fb21ca,08/11/2025 04:50:00 PM,1,DRIVER,,2027255,,CHRYSLER,200,IL,2016,UNKNOWN,PASSENGER,PERSONAL,W,PASSING/OVERTAKING,,,1,,,,,,,,,,,,Y,Y,Y,,,,SIDE-LEFT,,,,,,,,,,,,,,,,,,,,,,,,,,,,,,,,,
2126558,51c63637c6ebd2cc0fe56e531eac4b2c3cad74ed53e0537b28c7653fd85f87667b1cb8631ded47b398fff73ba5973507b737393e45891cf61f213e71a4fb21ca,08/11/2025 04:50:00 PM,2,DRIVER,1,2027267,N,ISUZU,TRUCK,IL,2021,UNKNOWN,TRUCK - SINGLE UNIT,COMMERCIAL - SINGLE UNIT,W,STRAIGHT AHEAD,,,2,,,,,,N,N,N,,,,,,,,,,SIDE-RIGHT,,,,,,,,,,,,,,,,,,,,,,,,,,,,,,,,,
2126427,7e63c4ed6e79d58035fd276747ab91a3329484779f2548707adf3b5404a82936378e1e1f538b6e5b97ca6daeb2be1440801b0ef17deeca20bb3d3232685eb6e4,08/11/2025 04:50:00 PM,1,DRIVER,,2027131,,CHRYSLER,TOWN & COUNTRY,IL,2014,NONE,VAN/MINI-VAN,PERSONAL,SE,TURNING RIGHT,,,1,,,,Y,,,,,,,,,,,,,,NONE,,,,,,,,,,,,,,,,,,,,,,,,,,,,,,,,,
2126428,7e63c4ed6e79d58035fd276747ab91a3329484779f2548707adf3b5404a82936378e1e1f538b6e5b97ca6daeb2be1440801b0ef17deeca20bb3d3232685eb6e4,08/11/2025 04:50:00 PM,2,BICYCLE,,,,,,,,,,,,,,,,,,,,,,,,,,,,,,,,,,,,,,,,,,,,,,,,,,,,,,,,,,,,,,,,,,
2126447,aee5ae75776cd72cf236d7fb4eb17649543fc115ef472f2717c5f493270840b67a468acd67e54ec72de14370e87eadec5f79848a8f0af9fcdafeb47becb3fcf2,08/11/2025 04:49:00 PM,1,DRIVER,,2027139,,UNKNOWN,OTHER (EXPLAIN IN NARRATIVE),,,UNKNOWN,UNKNOWN/NA,UNKNOWN/NA,UNKNOWN,UNKNOWN/NA,,,1,,,,,,,,,,,,,,,,,Y,UNKNOWN,,,,,,,,,,,,,,,,,,,,,,,,,,,,,,,,,
2126448,aee5ae75776cd72cf236d7fb4eb17649543fc115ef472f2717c5f493270840b67a468acd67e54ec72de14370e87eadec5f79848a8f0af9fcdafeb47becb3fcf2,08/11/2025 04:49:00 PM,2,PARKED,,2027142,,MAZDA,MIATA,IL,1994,NONE,PASSENGER,PERSONAL,UNKNOWN,PARKED,,,0,,,,,Y,,,,,,,,,,,Y,,FRONT-RIGHT-CORNER,,,,,,,,,,,,,,,,,,,,,,,,,,,,,,,,,
2126494,3021e2669652580fce28e14e94793066194ad40cde79673d6e04ad75b6fb3dfe010962f0274038de115e0dcae828dab6c3c9aeb4af114835d474d2b42b97a312,08/11/2025 04:45:00 PM,1,DRIVER,,2027191,,KIA,SEDONA,IL,2014,NONE,PASSENGER,PERSONAL,W,STRAIGHT AHEAD,,,1,,,,,,,,,,,,,,,,Y,,FRONT,,,,,,,,,,,,,,,,,,,,,,,,,,,,,,,,,
2126495,3021e2669652580fce28e14e94793066194ad40cde79673d6e04ad75b6fb3dfe010962f0274038de115e0dcae828dab6c3c9aeb4af114835d474d2b42b97a312,08/11/2025 04:45:00 PM,2,DRIVER,1,2027201,,HYUNDAI,TUCSON,IL,2022,NONE,PASSENGER,PERSONAL,W,SLOW/STOP IN TRAFFIC,,,2,,,,,,,,,,Y,Y,,,,,,,REAR-LEFT-CORNER,,,,,,,,,,,,,,,,,,,,,,,,,,,,,,,,,
2127142,ec9f2b6a16ffe5b3e6c79d65ca17052a65de232f98efc585cbd8d00e887d2db449729b98ec72746d556f7d7c2606cd1ea1b596dbcd49aaadf8ca17aa1c0d6b24,08/11/2025 04:45:00 PM,1,DRIVER,,2027792,,JEEP,PATRIOT,IL,2017,NONE,SPORT UTILITY VEHICLE (SUV),PERSONAL,E,STRAIGHT AHEAD,,,1,,,,,,,,,,,,,,Y,Y,,,FRONT-LEFT-CORNER,,,,,,,,,,,,,,,,,,,,,,,,,,,,,,,,,
2127143,ec9f2b6a16ffe5b3e6c79d65ca17052a65de232f98efc585cbd8d00e887d2db449729b98ec72746d556f7d7c2606cd1ea1b596dbcd49aaadf8ca17aa1c0d6b24,08/11/2025 04:45:00 PM,2,DRIVER,,2027800,,HYUNDAI,ACCENT,IL,2019,NONE,PASSENGER,PERSONAL,S,STRAIGHT AHEAD,,,1,,,,,Y,,,,,,,,,,,,,FRONT-RIGHT-CORNER,,,,,,,,,,,,,,,,,,,,,,,,,,,,,,,,,
2126486,45851e1ee8588fc0aa0f38f6564672b81741f82f132a1b56251ff85201d10d3aca36da7950f6a2c55089694d40ed5f11cc43bf3cae6ea2a7aa38f3f8930ebc03,08/11/2025 04:44:00 PM,1,DRIVER,1,2027187,,JEEP,COMPASS,IL,2020,NONE,SPORT UTILITY VEHICLE (SUV),PERSONAL,W,OTHER,,,2,,,,,,,,,,,,,Y,Y,N,,,OTHER,,,,,,,,,,,,,,,,,,,,,,,,,,,,,,,,,
2126487,45851e1ee8588fc0aa0f38f6564672b81741f82f132a1b56251ff85201d10d3aca36da7950f6a2c55089694d40ed5f11cc43bf3cae6ea2a7aa38f3f8930ebc03,08/11/2025 04:44:00 PM,2,DRIVER,,2027190,,TOYOTA,COROLLA,IL,2019,NONE,PASSENGER,PERSONAL,W,STRAIGHT AHEAD,,,1,,,,,Y,Y,Y,Y,,,,,,,,,,FRONT-RIGHT-CORNER,,,,,,,,,,,,,,,,,,,,,,,,,,,,,,,,,
2126423,132ceec783aa6738c311eca47cf5ef0511ff8bd131bb75dec2a95ed1fc31dff16a8fe6c2f8c4f4972d80feadc29087201c4ba4d0ba61f9f7bb2362961def44b1,08/11/2025 04:32:00 PM,1,DRIVER,,2027119,,NISSAN,ALTIMA,,2021,NONE,PASSENGER,UNKNOWN/NA,E,STRAIGHT AHEAD,,,1,,,,,Y,,,,,,,,,,Y,Y,,FRONT,,,,,,,,,,,,,,,,,,,,,,,,,,,,,,,,,
2126424,132ceec783aa6738c311eca47cf5ef0511ff8bd131bb75dec2a95ed1fc31dff16a8fe6c2f8c4f4972d80feadc29087201c4ba4d0ba61f9f7bb2362961def44b1,08/11/2025 04:32:00 PM,2,DRIVER,1,2027124,,NISSAN,QUEST,,2007,NONE,VAN/MINI-VAN,UNKNOWN/NA,E,TURNING LEFT,,,2,,,,,,,,,Y,Y,Y,,,,,,,REAR,,,,,,,,,,,,,,,,,,,,,,,,,,,,,,,,,
2127792,3fd14f1253d609f4b308e5b4a71d8057cdbddc1f6de570d6f0faed2e7efcc80f4953fcba3f36d65a5f3e1985cbd582a33ed1e0d9e01b79f915949760cafee744,08/11/2025 04:30:00 PM,1,DRIVER,,2028421,,ACURA,ADX,IL,2011,UNKNOWN,SPORT UTILITY VEHICLE (SUV),UNKNOWN/NA,S,STARTING IN TRAFFIC,,,1,,,,,Y,,,,,,,,,,,Y,,SIDE-RIGHT,,,,,,,,,,,,,,,,,,,,,,,,,,,,,,,,,