CRASH_UNIT_ID,CRASH_RECORD_ID,CRASH_DATE,UNIT_NO,UNIT_TYPE,NUM_PASSENGERS,VEHICLE_ID,CMRC_VEH_I,MAKE,MODEL,LIC_PLATE_STATE,VEHICLE_YEAR,VEHICLE_DEFECT,VEHICLE_TYPE,VEHICLE_USE,TRAVEL_DIRECTION,MANEUVER,TOWED_I,FIRE_I,OCCUPANT_CNT,EXCEED_SPEED_LIMIT_I,TOWED_BY,TOWED_TO,AREA_00_I,AREA_01_I,AREA_02_I,AREA_03_I,AREA_04_I,AREA_05_I,AREA_06_I,AREA_07_I,AREA_08_I,AREA_09_I,AREA_10_I,AREA_11_I,AREA_12_I,AREA_99_I,FIRST_CONTACT_POINT,CMV_ID,USDOT_NO,CCMC_NO,ILCC_NO,COMMERCIAL_SRC,GVWR,CARRIER_NAME,CARRIER_STATE,CARRIER_CITY,HAZMAT_PLACARDS_I,HAZMAT_NAME,UN_NO,HAZMAT_PRESENT_I,HAZMAT_REPORT_I,HAZMAT_REPORT_NO,MCS_REPORT_I,MCS_REPORT_NO,HAZMAT_VIO_CAUSE_CRASH_I,MCS_VIO_CAUSE_CRASH_I,IDOT_PERMIT_NO,WIDE_LOAD_I,TRAILER1_WIDTH,TRAILER2_WIDTH,TRAILER1_LENGTH,TRAILER2_LENGTH,TOTAL_VEHICLE_LENGTH,AXLE_CNT,VEHICLE_CONFIG,CARGO_BODY_TYPE,LOAD_TYPE,HAZMAT_OUT_OF_SERVICE_I,MCS_OUT_OF_SERVICE_I,HAZMAT_CLASS
2127793,3fd14f1253d609f4b308e5b4a71d8057cdbddc1f6de570d6f0faed2e7efcc80f4953fcba3f36d65a5f3e1985cbd582a33ed1e0d9e01b79f915949760cafee744,08/11/2025 04:30:00 PM,2,PARKED,,2028423,,LINCOLN,OTHER (EXPLAIN IN NARRATIVE),IL,2020,UNKNOWN,PASSENGER,UNKNOWN/NA,W,PARKED,,,0,,,,,,,,,Y,Y,Y,,,,,,,REAR,,,,,,,,,,,,,,,,,,,,,,,,,,,,,,,,,
2126471,4b4486d9c9c3f0143397554dfe47bf750f61701a1ad932fea832e7745d25177db0911481789949d344242723e4137941db5a17829130ea00fec9c917de8b2c1b,08/11/2025 04:30:00 PM,1,DRIVER,,2027162,,FORD,EDGE,IL,2019,NONE,PASSENGER,PERSONAL,E,STRAIGHT AHEAD,,,1,,,,,,,,,,,,,,,Y,,,FRONT-LEFT-CORNER,,,,,,,,,,,,,,,,,,,,,,,,,,,,,,,,,
2126472,4b4486d9c9c3f0143397554dfe47bf750f61701a1ad932fea832e7745d25177db0911481789949d344242723e4137941db5a17829130ea00fec9c917de8b2c1b,08/11/2025 04:30:00 PM,2,DRIVER,,2027171,,CHEVROLET,MALIBU,IL,2012,NONE,PASSENGER,PERSONAL,E,STRAIGHT AHEAD,,,1,,,,,,,,,Y,,,,,,,,,REAR-RIGHT-CORNER,,,,,,,,,,,,,,,,,,,,,,,,,,,,,,,,,
2130303,7cd80455488bcc1b8924473bd38c517100226737c9e4871627ea558ca08577fcda2865da368d615a5bbf09abaccfd03836f7526316523e98cee3302c79f39a04,08/11/2025 04:30:00 PM,1,DRIVER,,2030799,,DODGE,OTHER (EXPLAIN IN NARRATIVE),IL,2022,NONE,PICKUP,PERSONAL,N,TURNING RIGHT,,,1,,,,,,,,,,,,,,Y,Y,,,SIDE-RIGHT,,,,,,,,,,,,,,,,,,,,,,,,,,,,,,,,,
2130433,7cd80455488bcc1b8924473bd38c517100226737c9e4871627ea558ca08577fcda2865da368d615a5bbf09abaccfd03836f7526316523e98cee3302c79f39a04,08/11/2025 04:30:00 PM,2,NON-MOTOR VEHICLE,,,,,,,,,,,,,,,,,,,,,,,,,,,,,,,,,,,,,,,,,,,,,,,,,,,,,,,,,,,,,,,,,,
2126395,a9b26133b73f862f8ef1b1deefb4f62d07a2bdfd1115045a412326c2d6b5f5c552c3d3a75cb64539f9da274c82ac1ce72ffed122da56be7026a911a3be0db8ce,08/11/2025 04:30:00 PM,1,DRIVER,,2027096,,HONDA,CIVIC,IL,2008,UNKNOWN,PASSENGER,PERSONAL,N,STRAIGHT AHEAD,,,1,,,,,Y,,,,,,,,,,Y,Y,,FRONT,,,,,,,,,,,,,,,,,,,,,,,,,,,,,,,,,
2126396,a9b26133b73f862f8ef1b1deefb4f62d07a2bdfd1115045a412326c2d6b5f5c552c3d3a75cb64539f9da274c82ac1ce72ffed122da56be7026a911a3be0db8ce,08/11/2025 04:30:00 PM,2,DRIVER,,2027103,,SUBARU,CROSSTREK,IL,2022,UNKNOWN,PICKUP,PERSONAL,N,STRAIGHT AHEAD,,,1,,,,,,,,,Y,Y,Y,,,,,,,REAR,,,,,,,,,,,,,,,,,,,,,,,,,,,,,,,,,
2127347,4c0c10de0e369edfcfa77b572e52352e3975c76c2ba63bc21a4f34b2c0711b3e7b7035820b87e0c7a68c5cc9185f07ee0dcc37519d293ad633b43df22d28754d,08/11/2025 04:29:00 PM,1,DRIVER,,2027996,,HYUNDAI,ACCENT,IL,2008,UNKNOWN,PASSENGER,PERSONAL,N,STRAIGHT AHEAD,,,1,,,,,,,,,,,,,,,,Y,,FRONT,,,,,,,,,,,,,,,,,,,,,,,,,,,,,,,,,
2127348,4c0c10de0e369edfcfa77b572e52352e3975c76c2ba63bc21a4f34b2c0711b3e7b7035820b87e0c7a68c5cc9185f07ee0dcc37519d293ad633b43df22d28754d,08/11/2025 04:29:00 PM,2,DRIVER,,2027999,,TOYOTA,PRIUS,IL,2012,NONE,PASSENGER,PERSONAL,N,SLOW/STOP IN TRAFFIC,,,1,,,,,,,,,,Y,,,,,,,,REAR,,,,,,,,,,,,,,,,,,,,,,,,,,,,,,,,,
2126476,4daf6ed1f2833b0de984d55dae4a5153f183b8b5998fe0f446732e84f15715d16b673fb6973836683df65c1093ef0a58b19ff5e53ae8b354a3ffa5a47f14b48c,08/11/2025 04:23:00 PM,1,DRIVER,,2027165,,CHEVROLET,SILVERADO,IL,2019,NONE,PICKUP,PERSONAL,N,STRAIGHT AHEAD,,,1,,,,,,,,,,,,,,,,Y,,FRONT,,,,,,,,,,,,,,,,,,,,,,,,,,,,,,,,,
2126477,4daf6ed1f2833b0de984d55dae4a5153f183b8b5998fe0f446732e84f15715d16b673fb6973836683df65c1093ef0a58b19ff5e53ae8b354a3ffa5a47f14b48c,08/11/2025 04:23:00 PM,2,DRIVER,,2027173,,HONDA,PILOT,IL,2007,NONE,PASSENGER,PERSONAL,N,STRAIGHT AHEAD,,,1,,,,,,,,,,Y,,,,,,Y,,REAR,,,,,,,,,,,,,,,,,,,,,,,,,,,,,,,,,
2126478,4daf6ed1f2833b0de984d55dae4a5153f183b8b5998fe0f446732e84f15715d16b673fb6973836683df65c1093ef0a58b19ff5e53ae8b354a3ffa5a47f14b48c,08/11/2025 04:23:00 PM,3,DRIVER,,2027178,,MERCEDES-BENZ,SPRINTER,IL,2025,NONE,VAN/MINI-VAN,PERSONAL,N,STRAIGHT AHEAD,,,1,,,,,,,,,,Y,,,,,,,,REAR,,,,,,,,,,,,,,,,,,,,,,,,,,,,,,,,,
2126775,d94d2094637eb85e060fcc3c568ae31f501551eb73bb0f75c73b284b63afe0cd0a87634e28c607979a4c5e963d630902a93fa4df113c20579a23b724a80f6f75,08/11/2025 04:17:00 PM,1,DRIVER,,2027445,,CADILLAC,OTHER (EXPLAIN IN NARRATIVE),,,OTHER,PASSENGER,UNKNOWN/NA,S,UNKNOWN/NA,,,1,,,,,,,,,,,,,,,,,,UNKNOWN,,,,,,,,,,,,,,,,,,,,,,,,,,,,,,,,,
2126776,d94d2094637eb85e060fcc3c568ae31f501551eb73bb0f75c73b284b63afe0cd0a87634e28c607979a4c5e963d630902a93fa4df113c20579a23b724a80f6f75,08/11/2025 04:17:00 PM,2,DRIVER,,2027452,,SUBARU,FORESTER,IL,2025,NONE,PASSENGER,PERSONAL,S,MERGING,,,1,,,,,,,Y,Y,Y,,,,,,,,,SIDE-RIGHT,,,,,,,,,,,,,,,,,,,,,,,,,,,,,,,,,
2126696,6de73510fd0d5b7d88045d14b279f5610165a507cfb514efd924fc3210ef5853ad7342cade4a79a93aa8768b51f619c94142e241838528c85f4962a6c86373e4,08/11/2025 04:15:00 PM,1,DRIVER,,2027371,,FORD,ESCAPE,IL,2014,UNKNOWN,PASSENGER,UNKNOWN/NA,S,STRAIGHT AHEAD,,,1,,,,,,,,,,,,,,,Y,,,FRONT-LEFT-CORNER,,,,,,,,,,,,,,,,,,,,,,,,,,,,,,,,,
2126697,6de73510fd0d5b7d88045d14b279f5610165a507cfb514efd924fc3210ef5853ad7342cade4a79a93aa8768b51f619c94142e241838528c85f4962a6c86373e4,08/11/2025 04:15:00 PM,2,DRIVER,2,2027379,,SUBARU,FORESTER,IL,2010,UNKNOWN,PASSENGER,PERSONAL,S,SLOW/STOP IN TRAFFIC,,,3,,,,,,,,,Y,,,,,,,,,REAR-RIGHT-CORNER,,,,,,,,,,,,,,,,,,,,,,,,,,,,,,,,,
2126419,2cfb598eb45fdda2e9f2cda233b51719eff57206bbde7dab6a1a21dd3175177bbb73104356b5f933148ef7daeb9cf472999a6fb03633890452df562e29530fc0,08/11/2025 04:10:00 PM,1,DRIVER,,2027115,,JEEP,WRANGLER,IL,2014,UNKNOWN,OTHER,OTHER,W,OTHER,,,1,,,,,,,,,,,,,,,,,Y,UNKNOWN,,,,,,,,,,,,,,,,,,,,,,,,,,,,,,,,,
2126420,2cfb598eb45fdda2e9f2cda233b51719eff57206bbde7dab6a1a21dd3175177bbb73104356b5f933148ef7daeb9cf472999a6fb03633890452df562e29530fc0,08/11/2025 04:10:00 PM,2,DRIVER,1,2027134,,SUBARU,CROSSTREK,IL,2024,UNKNOWN,PASSENGER,PERSONAL,W,OTHER,,,2,,,,,,,,,,,,,Y,Y,,,,SIDE-LEFT,,,,,,,,,,,,,,,,,,,,,,,,,,,,,,,,,
2126375,5952c6c3288db394206dbbbb6dd80b38636c039363a852fbc5c9054f4fcd6a45f8d7b8140cc5cb308eac85ef333ec6a7d7e479b90be0ed253240745b314087c8,08/11/2025 04:09:00 PM,1,DRIVER,,2027069,,HONDA,CR-V,IL,2013,NONE,PASSENGER,PERSONAL,N,STRAIGHT AHEAD,,,1,,,,,,,,,,,,,,,Y,,,REAR-LEFT-CORNER,,,,,,,,,,,,,,,,,,,,,,,,,,,,,,,,,
2126376,5952c6c3288db394206dbbbb6dd80b38636c039363a852fbc5c9054f4fcd6a45f8d7b8140cc5cb308eac85ef333ec6a7d7e479b90be0ed253240745b314087c8,08/11/2025 04:09:00 PM,2,DRIVER,,2027081,,TOYOTA,CAMRY,IL,2016,NONE,PASSENGER,PERSONAL,E,STRAIGHT AHEAD,,,1,,,,,Y,,,,,,,,,,,,,FRONT,,,,,,,,,,,,,,,,,,,,,,,,,,,,,,,,,
2126684,d737c81a2a32933053a8e92d2afd3b146a74994fce79126df3864a56dc2925b3d38ef8908cbd5dcb1cd08cd19e91a8b41691496d16ea4cbd72fd1ef395cf4f0c,08/11/2025 04:09:00 PM,1,DRIVER,,2027373,,HYUNDAI,ACCENT,IL,2019,UNKNOWN,UNKNOWN/NA,UNKNOWN/NA,UNKNOWN,UNKNOWN/NA,,,1,,,,,,,,,,,,,,,,,Y,UNKNOWN,,,,,,,,,,,,,,,,,,,,,,,,,,,,,,,,,
2126685,d737c81a2a32933053a8e92d2afd3b146a74994fce79126df3864a56dc2925b3d38ef8908cbd5dcb1cd08cd19e91a8b41691496d16ea4cbd72fd1ef395cf4f0c,08/11/2025 04:09:00 PM,2,PARKED,,2027358,,TESLA,ROADSTER,IL,2024,UNKNOWN,PASSENGER,UNKNOWN/NA,UNKNOWN,PARKED,,,0,,,,,,,,,,Y,,,,,,,,TOTAL (ALL AREAS),,,,,,,,,,,,,,,,,,,,,,,,,,,,,,,,,
2126413,ad4aaea3199dbbee32d9375524f8575cab0f5dbaad9c5559f710f0c95ea392dda407920b5f3f1c9b6da1b9d0049b318fefdb127c4f190c455bf236760f2ed6c3,08/11/2025 04:08:00 PM,1,DRIVER,,2027107,,FORD,BRONCO / BRONCO II,IL,2021,NONE,PASSENGER,PERSONAL,N,STRAIGHT AHEAD,Y,,1,,PRIVATE TOW,,,Y,Y,,,,,,,,,,,,FRONT-RIGHT-CORNER,,,,,,,,,,,,,,,,,,,,,,,,,,,,,,,,,
2126414,ad4aaea3199dbbee32d9375524f8575cab0f5dbaad9c5559f710f0c95ea392dda407920b5f3f1c9b6da1b9d0049b318fefdb127c4f190c455bf236760f2ed6c3,08/11/2025 04:08:00 PM,2,DRIVER,,2027111,,CHEVROLET,MALIBU,IL,2018,NONE,PASSENGER,PERSONAL,W,STRAIGHT AHEAD,,,1,,,,,,,,,,,,,,Y,Y,N,,FRONT-LEFT-CORNER,,,,,,,,,,,,,,,,,,,,,,,,,,,,,,,,,
2128260,6a335f2c1ef781030869a3da40b790e97d3fd7f1a4eca7632c2b1d5a43da4e4dadb0290638d2d6e1942aaab56a25a029cf720e92a3aadf6fd125e097967b0c9f,08/11/2025 04:06:00 PM,1,DRIVER,,2028855,,NISSAN,TRUCK,IL,,UNKNOWN,VAN/MINI-VAN,UNKNOWN/NA,UNKNOWN,BACKING,,,1,,,,,,,,,,,,,,,,,,UNKNOWN,,,,,,,,,,,,,,,,,,,,,,,,,,,,,,,,,
2128261,6a335f2c1ef781030869a3da40b790e97d3fd7f1a4eca7632c2b1d5a43da4e4dadb0290638d2d6e1942aaab56a25a029cf720e92a3aadf6fd125e097967b0c9f,08/11/2025 04:06:00 PM,2,PARKED,,2028857,,MERCEDES-BENZ,SPRINTER,IL,,UNKNOWN,VAN/MINI-VAN,UNKNOWN/NA,UNKNOWN,PARKED,,,0,,,,,,,,N,Y,,,,,,,,,REAR-RIGHT-CORNER,,,,,,,,,,,,,,,,,,,,,,,,,,,,,,,,,
2126421,5d0bfa5e3000116a936cf2e327c43ec401772d601fe0ffc94b68a6ef6969c88cdb04a14fe42251e221206f5d27c5b51910f75ec966ed28831ed8f4ad4ed50c6f,08/11/2025 04:00:00 PM,1,DRIVER,,2027113,,UNKNOWN,OTHER (EXPLAIN IN NARRATIVE),IL,,UNKNOWN,VAN/MINI-VAN,UNKNOWN/NA,S,STRAIGHT AHEAD,,,1,,,,,,,,,,,,,,,,,Y,FRONT,,,,,,,,,,,,,,,,,,,,,,,,,,,,,,,,,
2126422,5d0bfa5e3000116a936cf2e327c43ec401772d601fe0ffc94b68a6ef6969c88cdb04a14fe42251e221206f5d27c5b51910f75ec966ed28831ed8f4ad4ed50c6f,08/11/2025 04:00:00 PM,2,DRIVER,,2027120,,CHEVROLET,SILVERADO,IL,2018,UNKNOWN,PICKUP,OTHER,N,TURNING LEFT,,,1,,,,,,,,,,,,,,,Y,,,FRONT-LEFT-CORNER,,,,,,,,,,,,,,,,,,,,,,,,,,,,,,,,,
2128386,7caa445eb61d0b12acd8c8227f9df77800e9520939cb23065eca3c427f743c64576bfdca3aa678fff774fc780d216ee51ca20cb797ef9861074109717155e99b,08/11/2025 04:00:00 PM,1,DRIVER,,2028977,,FORD,OTHER (EXPLAIN IN NARRATIVE),IL,2022,UNKNOWN,UNKNOWN/NA,UNKNOWN/NA,S,STRAIGHT AHEAD,,,1,,,,,Y,,,,,,,,,,Y,Y,,FRONT,,,,,,,,,,,,,,,,,,,,,,,,,,,,,,,,,
2128387,7caa445eb61d0b12acd8c8227f9df77800e9520939cb23065eca3c427f743c64576bfdca3aa678fff774fc780d216ee51ca20cb797ef9861074109717155e99b,08/11/2025 04:00:00 PM,2,DRIVER,,2028982,,JEEP,GRAND CHEROKEE,IL,2002,UNKNOWN,SPORT UTILITY VEHICLE (SUV),UNKNOWN/NA,S,STRAIGHT AHEAD,,,1,,,,,,,,,,Y,,,,,,,,REAR,,,,,,,,,,,,,,,,,,,,,,,,,,,,,,,,,
2126411,a55d5c696f6afa7fd08ec37464e8cb89928c70310201dd814a4762f2e7b3c22fd45ecec8b311385eb585e93ba2623b521f20f208d897533f7e58de1bbf778967,08/11/2025 04:00:00 PM,1,DRIVER,,2027105,,TOYOTA,COROLLA,IL,2005,NONE,PASSENGER,PERSONAL,W,STRAIGHT AHEAD,,,1,,,,,,,,,,,,,,,,Y,,FRONT,,,,,,,,,,,,,,,,,,,,,,,,,,,,,,,,,
2126412,a55d5c696f6afa7fd08ec37464e8cb89928c70310201dd814a4762f2e7b3c22fd45ecec8b311385eb585e93ba2623b521f20f208d897533f7e58de1bbf778967,08/11/2025 04:00:00 PM,2,DRIVER,,2027108,,FORD,EDGE,IL,2024,NONE,PASSENGER,PERSONAL,W,STRAIGHT AHEAD,,,1,,,,,,,,,,Y,,,,,,,,REAR,,,,,,,,,,,,,,,,,,,,,,,,,,,,,,,,,
2126449,f25c85a028a38ae4bfcd48e5ef8b2a439639f8cfff36792cd308f7aa48586a083f5ddab4984e878f67348764dcea2ab06395f6a0ccb2701294c72c21e6f446f7,08/11/2025 04:00:00 PM,1,DRIVER,,2027151,,FORD,F350,IL,2008,NONE,OTHER,TOW TRUCK,E,STRAIGHT AHEAD,,,1,,,,Y,,,,,,,,,,,N,,,FRONT-LEFT-CORNER,,,,,,,,,,,,,,,,,,,,,,,,,,,,,,,,,
2126450,f25c85a028a38ae4bfcd48e5ef8b2a439639f8cfff36792cd308f7aa48586a083f5ddab4984e878f67348764dcea2ab06395f6a0ccb2701294c72c21e6f446f7,08/11/2025 04:00:00 PM,2,DRIVER,1,2027146,,JEEP,COMPASS,IL,2012,NONE,SPORT UTILITY VEHICLE (SUV),PERSONAL,W,TURNING RIGHT,,,2,,,,,,,,,,,Y,,,,,,,REAR-LEFT-CORNER,,,,,,,,,,,,,,,,,,,,,,,,,,,,,,,,,
2126379,04f60ea4474dd46cb651f1ec6a1ab0f48b3414feccbb454e61fa5978ab9d3224daa56a2744817101a2a52ba10631eff19d4da0c487c378ada449736374bb8ce5,08/11/2025 03:55:00 PM,1,DRIVER,1,2027071,,FREIGHTLINER CORPORATION,FREIGHTLINER CORP.,NY,2026,UNKNOWN,TRACTOR W/ SEMI-TRAILER,UNKNOWN/NA,W,TURNING RIGHT,,,2,,,,,,,,,,,Y,,,,,,,SIDE-LEFT-REAR,,,,,,,,,,,,,,,,,,,,,,,,,,,,,,,,,
2126397,72e0e5ddf20473ed5a5676e1c5e6e6209489daab61dcc23bbd054fc211ed120c43cd4adc53d2e8324a5891d479a0ea2d7ae58fee6d1fc9a3f68b1a86ba3f7b72,08/11/2025 03:51:00 PM,1,DRIVER,1,2027097,,FORD,FREESTYLE,IL,2005,NONE,PASSENGER,PERSONAL,E,STRAIGHT AHEAD,,,2,,,,,Y,,,,,,,,,,Y,Y,,FRONT,,,,,,,,,,,,,,,,,,,,,,,,,,,,,,,,,
2126398,72e0e5ddf20473ed5a5676e1c5e6e6209489daab61dcc23bbd054fc211ed120c43cd4adc53d2e8324a5891d479a0ea2d7ae58fee6d1fc9a3f68b1a86ba3f7b72,08/11/2025 03:51:00 PM,2,PEDESTRIAN,,,,,,,,,,,,,,,,,,,,,,,,,,,,,,,,,,,,,,,,,,,,,,,,,,,,,,,,,,,,,,,,,,
2126360,6310a1ee93bb09323f210f742c17109e0deecaf0d86a0bbf9be4103ff74158c7ffb0a96b51463d27f484f3488c5d78368515063b8aed42db9b3949685743f525,08/11/2025 03:49:00 PM,1,DRIVER,1,2027055,,FORD,EXPLORER,IL,2021,UNKNOWN,SPORT UTILITY VEHICLE (SUV),POLICE,S,BACKING,,,2,,,,N,,,,,,Y,,,,,,,,REAR,,,,,,,,,,,,,,,,,,,,,,,,,,,,,,,,,
2126361,6310a1ee93bb09323f210f742c17109e0deecaf0d86a0bbf9be4103ff74158c7ffb0a96b51463d27f484f3488c5d78368515063b8aed42db9b3949685743f525,08/11/2025 03:49:00 PM,2,PARKED,,2027066,,FORD,FUSION,IL,2015,UNKNOWN,PASSENGER,OTHER,S,PARKED,,,0,,,,,,,,,,,,,,,Y,Y,N,FRONT,,,,,,,,,,,,,,,,,,,,,,,,,,,,,,,,,
2126399,426d18b3db999a33600c4e1a5d474aaea1218d8adf3e3b8d22469c967249992581d0116af0a02d4aec3a22c06334fe647c42a4d5c8f7bfc25f40410d7979dc63,08/11/2025 03:40:00 PM,1,DRIVER,,2027098,,UNKNOWN,OTHER (EXPLAIN IN NARRATIVE),IL,,UNKNOWN,PASSENGER,PERSONAL,S,STRAIGHT AHEAD,,,1,,,,,,,,,,,,,,,,,Y,UNKNOWN,,,,,,,,,,,,,,,,,,,,,,,,,,,,,,,,,
2126400,426d18b3db999a33600c4e1a5d474aaea1218d8adf3e3b8d22469c967249992581d0116af0a02d4aec3a22c06334fe647c42a4d5c8f7bfc25f40410d7979dc63,08/11/2025 03:40:00 PM,2,DRIVER,,2027110,,NOVA BUS,LFS,IL,2023,UNKNOWN,BUS UP TO 15 PASS.,CTA,S,STRAIGHT AHEAD,,,1,,,,,,,,,,,Y,Y,Y,Y,Y,,,FRONT-LEFT-CORNER,,,,,,,,,,,,,,,,,,,,,,,,,,,,,,,,,
2130549,64c37aa6e838e45f8fdecab5f21163853e463332935f319f96953cf2b2e4b4294d445cc6cd3d7633ea95cb454b4c20fafb76ee7708958d96e9fce891c9413a5f,08/11/2025 03:40:00 PM,1,DRIVER,,2031018,,JEEP,CHEROKEE,IL,2018,UNKNOWN,SPORT UTILITY VEHICLE (SUV),UNKNOWN/NA,N,TURNING LEFT,,,1,,,,,,,,,,,,,,,,,,FRONT,,,,,,,,,,,,,,,,,,,,,,,,,,,,,,,,,
2130550,64c37aa6e838e45f8fdecab5f21163853e463332935f319f96953cf2b2e4b4294d445cc6cd3d7633ea95cb454b4c20fafb76ee7708958d96e9fce891c9413a5f,08/11/2025 03:40:00 PM,2,DRIVER,,2031024,,ACURA,ADX,IL,2025,UNKNOWN,SPORT UTILITY VEHICLE (SUV),UNKNOWN/NA,N,TURNING LEFT,,,1,,,,,,,,,,,,,,,,,,REAR-LEFT-CORNER,,,,,,,,,,,,,,,,,,,,,,,,,,,,,,,,,
2126480,6ab2403bd376b8062a32d2f2449dec9749fc74295e040cd4686e362950935bab872370fce05d515fbbe642b21d609cf60cdba4c0fe62ae5cda47765e24799a1d,08/11/2025 03:40:00 PM,1,DRIVER,,2027172,,HONDA,RIDGELINE,IL,2008,NONE,PICKUP,PERSONAL,W,BACKING,,,1,,,,,N,,,,,,,,,,N,N,Y,REAR,,,,,,,,,,,,,,,,,,,,,,,,,,,,,,,,,
2126481,6ab2403bd376b8062a32d2f2449dec9749fc74295e040cd4686e362950935bab872370fce05d515fbbe642b21d609cf60cdba4c0fe62ae5cda47765e24799a1d,08/11/2025 03:40:00 PM,2,DRIVER,3,2027184,,TOYOTA,COROLLA,IL,2022,NONE,PASSENGER,PERSONAL,E,OTHER,,,4,,,,,,,,,,,Y,Y,,,,,,SIDE-LEFT-REAR,,,,,,,,,,,,,,,,,,,,,,,,,,,,,,,,,
2126512,04d379ff54896f83672f903224472fdb2dac1bb1da517ce19a2567cff46bfde2bcb6203c894d20d2014be1391bfe096196ac30255bb24e2337151427ffc45e4a,08/11/2025 03:37:00 PM,1,DRIVER,,2027207,,VOLKSWAGEN,GTI,IL,2012,NONE,PASSENGER,PERSONAL,W,STRAIGHT AHEAD,,,1,,,,,Y,,,,,,,,,,Y,Y,,FRONT,,,,,,,,,,,,,,,,,,,,,,,,,,,,,,,,,
2126513,04d379ff54896f83672f903224472fdb2dac1bb1da517ce19a2567cff46bfde2bcb6203c894d20d2014be1391bfe096196ac30255bb24e2337151427ffc45e4a,08/11/2025 03:37:00 PM,2,DRIVER,,2027216,,KIA,FORTE,IL,2015,NONE,PASSENGER,PERSONAL,W,SLOW/STOP IN TRAFFIC,,,1,,,,,,,,,Y,Y,Y,,,,,,,REAR,,,,,,,,,,,,,,,,,,,,,,,,,,,,,,,,,
2126351,e252772d041adb36b7b91671dfeabe902335013dc8bf34b29f2b307e3428177d14c22499573d72c2d4a321414b809663ccece9923ca0a8ff2d9bc66f73026856,08/11/2025 03:34:00 PM,1,DRIVER,,2027047,,SUBARU,CROSSTREK,IL,2024,UNKNOWN,SPORT UTILITY VEHICLE (SUV),PERSONAL,S,OTHER,,,1,,,,,,Y,N,,,,,,,N,N,,,SIDE-RIGHT,,,,,,,,,,,,,,,,,,,,,,,,,,,,,,,,,
2126352,e252772d041adb36b7b91671dfeabe902335013dc8bf34b29f2b307e3428177d14c22499573d72c2d4a321414b809663ccece9923ca0a8ff2d9bc66f73026856,08/11/2025 03:34:00 PM,2,PARKED,,2027049,,NEW FLYER,OTHER (EXPLAIN IN NARRATIVE),IL,2008,NONE,BUS OVER 15 PASS.,CTA,S,PARKED,,,0,,,,Y,,,,,,,,,,,,,,SIDE-LEFT,,,,,,,,,,,,,,,,,,,,,,,,,,,,,,,,,
2128517,c1194c4e59c34485bbbd4057078c93477cdc8fa7eff1b0a7b57af12f0360c7a87d09bba8a22cc9e637b07e08df19736bd42f6435acaa3f9d5972841161dc6a62,08/11/2025 03:32:00 PM,1,DRIVER,,2029094,,SUBARU,FORESTER,IL,2014,UNKNOWN,SPORT UTILITY VEHICLE (SUV),UNKNOWN/NA,S,STRAIGHT AHEAD,,,1,,,,,Y,,,,,,,,,,Y,Y,,FRONT,,,,,,,,,,,,,,,,,,,,,,,,,,,,,,,,,
2128518,c1194c4e59c34485bbbd4057078c93477cdc8fa7eff1b0a7b57af12f0360c7a87d09bba8a22cc9e637b07e08df19736bd42f6435acaa3f9d5972841161dc6a62,08/11/2025 03:32:00 PM,2,DRIVER,,2029100,,NISSAN,OTHER (EXPLAIN IN NARRATIVE),IL,2023,UNKNOWN,UNKNOWN/NA,UNKNOWN/NA,S,STRAIGHT AHEAD,,,1,,,,,,,,,Y,Y,Y,,,,,,,REAR,,,,,,,,,,,,,,,,,,,,,,,,,,,,,,,,,
2126327,5a4949e958582677a87313d3846dd21d95c234a7dd22661c246fa0300985f43a1ea4be0f4f024a28f56cbdb25defc7c7a222eb66cf16cbcea5f378836e10d6c8,08/11/2025 03:31:00 PM,1,DRIVER,,2027022,,FORD,EXPLORER,IL,2013,UNKNOWN,PASSENGER,PERSONAL,N,STRAIGHT AHEAD,,,1,,,,,,,,,,,,,,,,,Y,SIDE-LEFT,,,,,,,,,,,,,,,,,,,,,,,,,,,,,,,,,
2126328,5a4949e958582677a87313d3846dd21d95c234a7dd22661c246fa0300985f43a1ea4be0f4f024a28f56cbdb25defc7c7a222eb66cf16cbcea5f378836e10d6c8,08/11/2025 03:31:00 PM,2,DRIVER,,2027027,,CHEVROLET,EQUINOX,IL,2020,NONE,PASSENGER,PERSONAL,N,STRAIGHT AHEAD,,,1,,,,,,Y,Y,Y,Y,,,,,,,,,SIDE-RIGHT,,,,,,,,,,,,,,,,,,,,,,,,,,,,,,,,,
2126473,832df34978e04706580dd84b53cfdaa005253a4fdd8b0c67da947cd9a19a42b812ef2defb77f3b766eb879010561e8e7d9dc71f51e49f7b67b39ada1cdebed1d,08/11/2025 03:30:00 PM,1,DRIVER,,2027166,,JEEP,CHEROKEE,IL,2016,NONE,PASSENGER,PERSONAL,S,STRAIGHT AHEAD,,,1,,,,,,,,,,,,,,,,Y,,FRONT,,,,,,,,,,,,,,,,,,,,,,,,,,,,,,,,,