CRASH_UNIT_ID,CRASH_RECORD_ID,CRASH_DATE,UNIT_NO,UNIT_TYPE,NUM_PASSENGERS,VEHICLE_ID,CMRC_VEH_I,MAKE,MODEL,LIC_PLATE_STATE,VEHICLE_YEAR,VEHICLE_DEFECT,VEHICLE_TYPE,VEHICLE_USE,TRAVEL_DIRECTION,MANEUVER,TOWED_I,FIRE_I,OCCUPANT_CNT,EXCEED_SPEED_LIMIT_I,TOWED_BY,TOWED_TO,AREA_00_I,AREA_01_I,AREA_02_I,AREA_03_I,AREA_04_I,AREA_05_I,AREA_06_I,AREA_07_I,AREA_08_I,AREA_09_I,AREA_10_I,AREA_11_I,AREA_12_I,AREA_99_I,FIRST_CONTACT_POINT,CMV_ID,USDOT_NO,CCMC_NO,ILCC_NO,COMMERCIAL_SRC,GVWR,CARRIER_NAME,CARRIER_STATE,CARRIER_CITY,HAZMAT_PLACARDS_I,HAZMAT_NAME,UN_NO,HAZMAT_PRESENT_I,HAZMAT_REPORT_I,HAZMAT_REPORT_NO,MCS_REPORT_I,MCS_REPORT_NO,HAZMAT_VIO_CAUSE_CRASH_I,MCS_VIO_CAUSE_CRASH_I,IDOT_PERMIT_NO,WIDE_LOAD_I,TRAILER1_WIDTH,TRAILER2_WIDTH,TRAILER1_LENGTH,TRAILER2_LENGTH,TOTAL_VEHICLE_LENGTH,AXLE_CNT,VEHICLE_CONFIG,CARGO_BODY_TYPE,LOAD_TYPE,HAZMAT_OUT_OF_SERVICE_I,MCS_OUT_OF_SERVICE_I,HAZMAT_CLASS
2126474,832df34978e04706580dd84b53cfdaa005253a4fdd8b0c67da947cd9a19a42b812ef2defb77f3b766eb879010561e8e7d9dc71f51e49f7b67b39ada1cdebed1d,08/11/2025 03:30:00 PM,2,DRIVER,,2027174,,HYUNDAI,TUCSON,IL,2019,NONE,PASSENGER,PERSONAL,S,SLOW/STOP IN TRAFFIC,,,1,,,,,,,,,,Y,,,,,,,,REAR,,,,,,,,,,,,,,,,,,,,,,,,,,,,,,,,,
2126457,279fe68ec011486148dd3dca37fefb898b1bc12b1c4abe89c02727c90dc614743a3918ef8a56908a2a3a0a80a889c33b1ba5267fc3d2e8a092ba94582650dd6f,08/11/2025 03:24:00 PM,1,DRIVER,4,2027157,,JEEP,CHEROKEE,IL,2013,UNKNOWN,SPORT UTILITY VEHICLE (SUV),UNKNOWN/NA,N,STRAIGHT AHEAD,Y,,5,,OWNER,UNKNOWN,,Y,,,,,,,,,,Y,Y,,FRONT,,,,,,,,,,,,,,,,,,,,,,,,,,,,,,,,,
2126458,279fe68ec011486148dd3dca37fefb898b1bc12b1c4abe89c02727c90dc614743a3918ef8a56908a2a3a0a80a889c33b1ba5267fc3d2e8a092ba94582650dd6f,08/11/2025 03:24:00 PM,2,DRIVER,2,2027186,,KIA,SOUL,KY,2025,UNKNOWN,PASSENGER,UNKNOWN/NA,SW,TURNING LEFT,Y,,3,,OWNER,UNKNOWN,,,,,,,,,,,Y,Y,Y,,FRONT-LEFT-CORNER,,,,,,,,,,,,,,,,,,,,,,,,,,,,,,,,,
2126372,abd1cc03b3bef9cc38da831aeabe07a9518b32b180ab380a6bf2eac8c708952320a484ecf8373244f3cb62dd11d1692fc23356a87213e2023fb6c89064841de2,08/11/2025 03:23:00 PM,1,DRIVER,,2027073,,BMW,328I,CA,2013,NONE,PASSENGER,PERSONAL,NE,TURNING LEFT,Y,,1,,INSURANCE COMPANY,,,,,,,,,,Y,Y,Y,,,,SIDE-LEFT,,,,,,,,,,,,,,,,,,,,,,,,,,,,,,,,,
2126373,abd1cc03b3bef9cc38da831aeabe07a9518b32b180ab380a6bf2eac8c708952320a484ecf8373244f3cb62dd11d1692fc23356a87213e2023fb6c89064841de2,08/11/2025 03:23:00 PM,2,DRIVER,,2027106,,VOLKSWAGEN,JETTA,IL,2021,NONE,PASSENGER,PERSONAL,S,STRAIGHT AHEAD,Y,,1,,INSURANCE COMPANY,,,,,,,,,,,,Y,Y,Y,,FRONT-LEFT-CORNER,,,,,,,,,,,,,,,,,,,,,,,,,,,,,,,,,
2127076,7e25ccd45f06c7004de02770cd54548f468ac09dcc1953d891cc54e0e2ec8bf263e5bac805cf83ffdd5bc847d51eb8e048c9fa7731f261ad6f38bfe013eae835,08/11/2025 03:20:00 PM,1,DRIVER,,2027733,Y,CHEVROLET,VAN,IL,2020,NONE,BUS UP TO 15 PASS.,OTHER,SE,LEAVING TRAFFIC LANE TO PARK,,,1,,,,,,,,,Y,,,,,,,,,REAR-RIGHT-CORNER,"21,976",929149,,,SIDE OF TRUCK,2,PREFLIGHT LLC,IL,SCHILLER PARK,,,,N,N,,N,,N,N,,,,,,,21,2,BUS,VAN/ENCLOSED BOX,OTHER,N,N,
2127077,7e25ccd45f06c7004de02770cd54548f468ac09dcc1953d891cc54e0e2ec8bf263e5bac805cf83ffdd5bc847d51eb8e048c9fa7731f261ad6f38bfe013eae835,08/11/2025 03:20:00 PM,2,PARKED,,2027748,Y,FORD,ECONOLINE E450,IL,2024,NONE,BUS UP TO 15 PASS.,OTHER,SE,PARKED,,,0,,,,,,,,,,,,,,,Y,,,FRONT-LEFT-CORNER,"21,977",2389034,,,SIDE OF TRUCK,2,CPO HOSPITALITY,IL,ROSEMONT,,,,N,N,,N,,N,N,,,,,,,21,2,BUS,VAN/ENCLOSED BOX,OTHER,N,N,
2126365,17821697949e9daf6d1de99790febeedb1c3fbde5476702a5e0e11a75c86f82e4173cf658734357256b25acd668b83145fa18748de276a19654c62e6650a28cc,08/11/2025 03:18:00 PM,1,DRIVER,,2027058,,VOLKSWAGEN,TIGUAN,IL,2019,NONE,SPORT UTILITY VEHICLE (SUV),PERSONAL,S,STRAIGHT AHEAD,,,1,,,,,Y,,,,,,,,,,,,,FRONT-RIGHT-CORNER,,,,,,,,,,,,,,,,,,,,,,,,,,,,,,,,,
2126366,17821697949e9daf6d1de99790febeedb1c3fbde5476702a5e0e11a75c86f82e4173cf658734357256b25acd668b83145fa18748de276a19654c62e6650a28cc,08/11/2025 03:18:00 PM,2,DRIVER,,2027067,,VOLKSWAGEN,GOLF,IL,2015,NONE,PASSENGER,PERSONAL,S,STRAIGHT AHEAD,,,1,,,,,,,,,,,Y,Y,,,,,,REAR-LEFT-CORNER,,,,,,,,,,,,,,,,,,,,,,,,,,,,,,,,,
2126353,0ecf64f8dbd8755626391001a8ae0a7bab0a0c15c651cd9d1f3fb080ade4258ae70f038759cc43495ba58c7f78c3912cd7e28cff3d39f1c14342322a19dce244,08/11/2025 03:16:00 PM,1,DRIVER,,2027048,,JEEP,COMPASS,IL,2015,NONE,PASSENGER,PERSONAL,N,STRAIGHT AHEAD,,,1,,,,,Y,,,,,,,,,,Y,Y,,FRONT-LEFT-CORNER,,,,,,,,,,,,,,,,,,,,,,,,,,,,,,,,,
2126354,0ecf64f8dbd8755626391001a8ae0a7bab0a0c15c651cd9d1f3fb080ade4258ae70f038759cc43495ba58c7f78c3912cd7e28cff3d39f1c14342322a19dce244,08/11/2025 03:16:00 PM,2,DRIVER,,2027056,,VOLKSWAGEN,GTI,IL,2011,NONE,PASSENGER,PERSONAL,E,STRAIGHT AHEAD,,,1,,,,,Y,Y,,,,,,,,,,Y,,FRONT-RIGHT-CORNER,,,,,,,,,,,,,,,,,,,,,,,,,,,,,,,,,
2126349,4a1f50c7675b978dae87db0bca0be4658616777e8d8bd315a83c0b5402fee35ea108c5ed7f8f05320e704d6a92fc7edec1236853e329285d2522fb8d59ff98ba,08/11/2025 03:15:00 PM,1,DRIVER,,2027045,,TOYOTA,SIENNA,IL,2016,NONE,PASSENGER,PERSONAL,W,LEAVING TRAFFIC LANE TO PARK,,,1,,,,,N,,,,,,,,,,N,N,,UNKNOWN,,,,,,,,,,,,,,,,,,,,,,,,,,,,,,,,,
2126350,4a1f50c7675b978dae87db0bca0be4658616777e8d8bd315a83c0b5402fee35ea108c5ed7f8f05320e704d6a92fc7edec1236853e329285d2522fb8d59ff98ba,08/11/2025 03:15:00 PM,2,PARKED,1,2027061,,TOYOTA,HIGHLANDER,IL,2020,NONE,PASSENGER,PERSONAL,W,PARKED,,,1,,,,,,,,,Y,Y,Y,,,,,,,REAR,,,,,,,,,,,,,,,,,,,,,,,,,,,,,,,,,
2126362,8ee8b29ca3837468b7692745852f73fddbd3d7acb1cc88dbb8ad9daa295661b67e96b1ce8f539112a096115accf287f46f524f26a02b6ca95057044da08c590b,08/11/2025 03:10:00 PM,1,DRIVER,2,2027060,,CHEVROLET,OTHER (EXPLAIN IN NARRATIVE),IL,2015,UNKNOWN,PASSENGER,PERSONAL,W,TURNING LEFT,Y,,3,,PERSONAL TOW,,,Y,,,,,,,,Y,Y,Y,Y,,FRONT,,,,,,,,,,,,,,,,,,,,,,,,,,,,,,,,,
2126363,8ee8b29ca3837468b7692745852f73fddbd3d7acb1cc88dbb8ad9daa295661b67e96b1ce8f539112a096115accf287f46f524f26a02b6ca95057044da08c590b,08/11/2025 03:10:00 PM,2,DRIVER,,2027080,,TOYOTA,COROLLA,IL,2019,UNKNOWN,PASSENGER,PERSONAL,E,STRAIGHT AHEAD,Y,,1,,PERSONAL TOW,,,Y,Y,Y,,,,Y,Y,Y,Y,Y,Y,,FRONT-LEFT-CORNER,,,,,,,,,,,,,,,,,,,,,,,,,,,,,,,,,
2126364,8ee8b29ca3837468b7692745852f73fddbd3d7acb1cc88dbb8ad9daa295661b67e96b1ce8f539112a096115accf287f46f524f26a02b6ca95057044da08c590b,08/11/2025 03:10:00 PM,3,DRIVER,,2027091,,SUBARU,FORESTER,IL,2006,UNKNOWN,PASSENGER,PERSONAL,E,STRAIGHT AHEAD,,,1,,,,,,,,,,,,Y,Y,Y,Y,,,SIDE-LEFT,,,,,,,,,,,,,,,,,,,,,,,,,,,,,,,,,
2126384,53e659907fb37f29730ce48d9484e6bdd83ce1ff3f1305757b8e687a703f18bad69563d518490a20ffd5938f4ba0eeef39d5a1995f050265de2ead1dcbeece38,08/11/2025 03:05:00 PM,1,DRIVER,2,2027082,,TOYOTA,CAMRY,PA,2016,NONE,PASSENGER,PERSONAL,E,STRAIGHT AHEAD,,,3,,,,,,,,,,,,,,,,,Y,FRONT,,,,,,,,,,,,,,,,,,,,,,,,,,,,,,,,,
2126385,53e659907fb37f29730ce48d9484e6bdd83ce1ff3f1305757b8e687a703f18bad69563d518490a20ffd5938f4ba0eeef39d5a1995f050265de2ead1dcbeece38,08/11/2025 03:05:00 PM,2,PARKED,,2027101,,TOYOTA,RAV4,IL,2015,NONE,SPORT UTILITY VEHICLE (SUV),NOT IN USE,E,PARKED,,,0,,,,,,,,,,,,,,,Y,Y,,FRONT-LEFT-CORNER,,,,,,,,,,,,,,,,,,,,,,,,,,,,,,,,,
2126386,53e659907fb37f29730ce48d9484e6bdd83ce1ff3f1305757b8e687a703f18bad69563d518490a20ffd5938f4ba0eeef39d5a1995f050265de2ead1dcbeece38,08/11/2025 03:05:00 PM,3,PARKED,,2027121,,FORD,EXPLORER,IL,,NONE,SPORT UTILITY VEHICLE (SUV),PERSONAL,E,STRAIGHT AHEAD,,,0,,,,,,,,,,,,,Y,Y,,,,SIDE-LEFT,,,,,,,,,,,,,,,,,,,,,,,,,,,,,,,,,
2126380,e882af2d2358b56a5898ac4950b0708dfab4aedfc4bf8900772e8cfb13d0fabe0f67a0b033dd4b7a301c7be5d666dbde0f0bc4346d2a829bef7033e7b529f0d5,08/11/2025 03:05:00 PM,1,DRIVER,,2027087,N,JEEP,COMPASS,IL,2025,UNKNOWN,PASSENGER,PERSONAL,W,STRAIGHT AHEAD,,,1,,,,,,,,,,,Y,Y,Y,Y,Y,,,FRONT-LEFT-CORNER,,,,,,,,,,,,,,,,,,,,,,,,,,,,,,,,,
2126381,e882af2d2358b56a5898ac4950b0708dfab4aedfc4bf8900772e8cfb13d0fabe0f67a0b033dd4b7a301c7be5d666dbde0f0bc4346d2a829bef7033e7b529f0d5,08/11/2025 03:05:00 PM,2,DRIVER,1,2027100,,MAZDA,CX-5,IL,2016,UNKNOWN,PASSENGER,PERSONAL,W,TURNING RIGHT,Y,,2,,PRIVATE TOW,,,Y,Y,Y,,,,,,,Y,Y,Y,,FRONT-LEFT-CORNER,,,,,,,,,,,,,,,,,,,,,,,,,,,,,,,,,
2126387,11ed3305384214b5d9991fd624a17a79db3483276c8075747b81b17eaeffef5a510b2668d1f8eba35380e219386b0629b4f13bc47fcf47cad947c60c79b4127e,08/11/2025 02:55:00 PM,1,DRIVER,1,2027102,,TOYOTA,RAV4,IL,2018,UNKNOWN,PASSENGER,PERSONAL,S,STRAIGHT AHEAD,,,2,,,,,Y,,,,,,,,,,Y,Y,,FRONT,,,,,,,,,,,,,,,,,,,,,,,,,,,,,,,,,
2126388,11ed3305384214b5d9991fd624a17a79db3483276c8075747b81b17eaeffef5a510b2668d1f8eba35380e219386b0629b4f13bc47fcf47cad947c60c79b4127e,08/11/2025 02:55:00 PM,2,DRIVER,,2027114,,NISSAN,ALTIMA,IL,2012,UNKNOWN,PASSENGER,PERSONAL,W,STRAIGHT AHEAD,,,1,,,,,Y,Y,Y,,,,,,,,,,,SIDE-RIGHT-FRONT,,,,,,,,,,,,,,,,,,,,,,,,,,,,,,,,,
2126341,85b5aac89a81474b3853f141e6e38395a77dc353274f8ee69b96a29af5412130cd9ad0c5fe9fe1c4fbabf7b21aff85806fda58b2815548aafe9dbcde765a5526,08/11/2025 02:42:00 PM,1,DRIVER,,2027041,,FORD,EDGE,MI,2019,UNKNOWN,PASSENGER,UNKNOWN/NA,S,MERGING,Y,,1,,,,,,,,,,,Y,Y,Y,Y,Y,,,FRONT-LEFT-CORNER,,,,,,,,,,,,,,,,,,,,,,,,,,,,,,,,,
2126342,85b5aac89a81474b3853f141e6e38395a77dc353274f8ee69b96a29af5412130cd9ad0c5fe9fe1c4fbabf7b21aff85806fda58b2815548aafe9dbcde765a5526,08/11/2025 02:42:00 PM,2,DRIVER,,2027062,,INTERNATIONAL TRAILER CORPORATION,INTERNATIONAL TRAILER CORP.,IN,2023,UNKNOWN,TRACTOR W/ SEMI-TRAILER,COMMERCIAL - MULTI-UNIT,S,STRAIGHT AHEAD,,,1,,,,,,,,Y,,,,,,,,,,SIDE-RIGHT,,,,,,,,,,,,,,,,,,,,,,,,,,,,,,,,,
2126324,6498802a2d6063e72ba7711ec1aa5131cfec549b27b529feeab62845e7f3e049e98b4931211f5e8391188c85851b90b4849fa4cd70cc9c4cd6bbbf8e61c478a0,08/11/2025 02:40:00 PM,1,DRIVER,,2027039,,MAZDA,MAZDA2,IL,2014,NONE,PASSENGER,PERSONAL,S,STRAIGHT AHEAD,,,1,,,,,,,,,,,,,,,Y,Y,,FRONT-LEFT-CORNER,,,,,,,,,,,,,,,,,,,,,,,,,,,,,,,,,
2126325,6498802a2d6063e72ba7711ec1aa5131cfec549b27b529feeab62845e7f3e049e98b4931211f5e8391188c85851b90b4849fa4cd70cc9c4cd6bbbf8e61c478a0,08/11/2025 02:40:00 PM,2,DRIVER,,2027063,,CADILLAC,CTS,IL,2005,NONE,PASSENGER,PERSONAL,S,STRAIGHT AHEAD,,,1,,,,,,,,,Y,Y,Y,,,,,,,REAR,,,,,,,,,,,,,,,,,,,,,,,,,,,,,,,,,
2126326,6498802a2d6063e72ba7711ec1aa5131cfec549b27b529feeab62845e7f3e049e98b4931211f5e8391188c85851b90b4849fa4cd70cc9c4cd6bbbf8e61c478a0,08/11/2025 02:40:00 PM,3,DRIVER,,2027085,,GENERAL MOTORS CORPORATION (GMC),ACADIA,IL,2018,NONE,PASSENGER,PERSONAL,S,STRAIGHT AHEAD,,,1,,,,,,,,,Y,Y,Y,,,,,,,REAR,,,,,,,,,,,,,,,,,,,,,,,,,,,,,,,,,
2126296,7f4b41071b77c3800b853414cf6e05d5d74231135a9e77d977bb1d4b8bd9cd04e05cdd17e0591d7c69e9bc30dd50df93a1c632fb6e2977ca813e9e0a46dca45a,08/11/2025 02:40:00 PM,1,DRIVER,,2026997,,CHEVROLET,MALIBU,IL,2011,TIRES,PASSENGER,PERSONAL,W,SKIDDING/CONTROL LOSS,Y,,1,,PRIVATE TOW,UNKNOWN,,,,,,,,,,,,,Y,,FRONT,,,,,,,,,,,,,,,,,,,,,,,,,,,,,,,,,
2126297,7f4b41071b77c3800b853414cf6e05d5d74231135a9e77d977bb1d4b8bd9cd04e05cdd17e0591d7c69e9bc30dd50df93a1c632fb6e2977ca813e9e0a46dca45a,08/11/2025 02:40:00 PM,2,DRIVER,1,2027002,,FORD,ESCAPE,IL,2016,UNKNOWN,PASSENGER,PERSONAL,W,STRAIGHT AHEAD,N,,2,,,,,,,,,,Y,,,,,,Y,,REAR,,,,,,,,,,,,,,,,,,,,,,,,,,,,,,,,,
2126298,7f4b41071b77c3800b853414cf6e05d5d74231135a9e77d977bb1d4b8bd9cd04e05cdd17e0591d7c69e9bc30dd50df93a1c632fb6e2977ca813e9e0a46dca45a,08/11/2025 02:40:00 PM,3,DRIVER,,2027009,,NEW FLYER,OTHER (EXPLAIN IN NARRATIVE),IL,2006,UNKNOWN,BUS OVER 15 PASS.,CTA,W,STRAIGHT AHEAD,,,1,,,,,,,,,,Y,,,,,,,,REAR,,,,,,,,,,,,,,,,,,,,,,,,,,,,,,,,,
2126315,23ba9058f1e450f5cadb75a6125e8c3f48660d97033b76eab0050a9617ad0d08498bcdb9c46acd51264181aac303fdab2bbfa81aaf8644f77a0aab9f21fd0da7,08/11/2025 02:30:00 PM,1,DRIVER,,2027078,,ENGLISH FORD (BRITISH),OTHER (EXPLAIN IN NARRATIVE),IL,2019,NONE,OTHER,OTHER,W,STRAIGHT AHEAD,,,1,,,,,Y,,,,,,,,,,Y,Y,,FRONT,,,,,,,,,,,,,,,,,,,,,,,,,,,,,,,,,
2126316,23ba9058f1e450f5cadb75a6125e8c3f48660d97033b76eab0050a9617ad0d08498bcdb9c46acd51264181aac303fdab2bbfa81aaf8644f77a0aab9f21fd0da7,08/11/2025 02:30:00 PM,2,DRIVER,1,2027019,,INFINITI,G20,IL,2002,NONE,PASSENGER,PERSONAL,N,STRAIGHT AHEAD,,,2,,,,,,,,Y,Y,Y,,,,,,,,SIDE-RIGHT-REAR,,,,,,,,,,,,,,,,,,,,,,,,,,,,,,,,,
2126317,23ba9058f1e450f5cadb75a6125e8c3f48660d97033b76eab0050a9617ad0d08498bcdb9c46acd51264181aac303fdab2bbfa81aaf8644f77a0aab9f21fd0da7,08/11/2025 02:30:00 PM,3,DRIVER,1,2027053,,FORD,CLUB WAGON E350,IL,2020,NONE,OTHER,OTHER,S,STRAIGHT AHEAD,,,2,,,,,,,,,,,,,Y,Y,Y,,,SIDE-LEFT,,,,,,,,,,,,,,,,,,,,,,,,,,,,,,,,,
2126303,7b00c14060e6db816880a6b1b7e8fbf88be01fafca88065c774eeda3e0f4567f5fb1f6eb412b2bd06de37dc940e9a063b27d0dd9d89f85234ab8261c507a4703,08/11/2025 02:30:00 PM,1,DRIVER,,2027004,,CHEVROLET,OTHER (EXPLAIN IN NARRATIVE),IL,2014,UNKNOWN,PASSENGER,PERSONAL,SE,PASSING/OVERTAKING,,,1,,,,,,,,,,,,,,,Y,,,FRONT-LEFT-CORNER,,,,,,,,,,,,,,,,,,,,,,,,,,,,,,,,,
2126304,7b00c14060e6db816880a6b1b7e8fbf88be01fafca88065c774eeda3e0f4567f5fb1f6eb412b2bd06de37dc940e9a063b27d0dd9d89f85234ab8261c507a4703,08/11/2025 02:30:00 PM,2,DRIVER,,2027008,,TOYOTA,CAMRY,IL,2025,UNKNOWN,PASSENGER,PERSONAL,S,STRAIGHT AHEAD,,,1,,,,,,,,,Y,N,,,,,,,,REAR-RIGHT-CORNER,,,,,,,,,,,,,,,,,,,,,,,,,,,,,,,,,
2126347,3bd03adfa998e4fc502e65afda2ead75d04680f21cc13e3ad19d8a3e2bbf187c329dc98ed97b7a3d2570fc158a4f74826164cdc2896ad69ffdc7a20e253201e7,08/11/2025 02:25:00 PM,1,PARKED,,2027044,,NISSAN,ALTIMA,IL,2021,UNKNOWN,PASSENGER,PERSONAL,E,PARKED,,,0,,,,,,,,,,,,,,,,,Y,SIDE-RIGHT-FRONT,,,,,,,,,,,,,,,,,,,,,,,,,,,,,,,,,
2126348,3bd03adfa998e4fc502e65afda2ead75d04680f21cc13e3ad19d8a3e2bbf187c329dc98ed97b7a3d2570fc158a4f74826164cdc2896ad69ffdc7a20e253201e7,08/11/2025 02:25:00 PM,2,DRIVER,,2027052,,KIA,FORTE,IL,2021,NONE,PASSENGER,PERSONAL,S,OTHER,,,1,,,,,,,,,,Y,,,,,,,,REAR,,,,,,,,,,,,,,,,,,,,,,,,,,,,,,,,,
2126289,35b5d1597291279e24b0e32cf6138597b8d7c49309026e89a46f73ab27c9aad22f6757fa106285b86c76ab1c29a6d0a68cfbef1281c2a8b85a7344fd1bc1f026,08/11/2025 02:21:00 PM,1,DRIVER,1,2026993,,CHEVROLET,MALIBU,IL,2015,UNKNOWN,PASSENGER,UNKNOWN/NA,N,STRAIGHT AHEAD,Y,,2,,,,,Y,,,,,,,,,,Y,Y,,FRONT-LEFT-CORNER,,,,,,,,,,,,,,,,,,,,,,,,,,,,,,,,,
2126290,35b5d1597291279e24b0e32cf6138597b8d7c49309026e89a46f73ab27c9aad22f6757fa106285b86c76ab1c29a6d0a68cfbef1281c2a8b85a7344fd1bc1f026,08/11/2025 02:21:00 PM,2,DRIVER,2,2027003,,FORD,EXPLORER,IL,2018,UNKNOWN,PASSENGER,POLICE,N,STRAIGHT AHEAD,,,3,,,,,,,,Y,Y,,,,,,,,,REAR-RIGHT-CORNER,,,,,,,,,,,,,,,,,,,,,,,,,,,,,,,,,
2126291,35b5d1597291279e24b0e32cf6138597b8d7c49309026e89a46f73ab27c9aad22f6757fa106285b86c76ab1c29a6d0a68cfbef1281c2a8b85a7344fd1bc1f026,08/11/2025 02:21:00 PM,3,DRIVER,,2027013,,FREIGHTLINER CORPORATION,FREIGHTLINER CORP.,IL,2005,NONE,TRACTOR W/O SEMI-TRAILER,UNKNOWN/NA,E,STRAIGHT AHEAD,,,1,,,,,,,,,,,,,,,Y,,,FRONT-LEFT-CORNER,,,,,,,,,,,,,,,,,,,,,,,,,,,,,,,,,
2126566,1bf85f37500507c42311636855773d0ca009ca7f37fd646ef4d1b5cb4bf8d677dd0940a4de4e67bbe4aedf2144a34c5a995279aee4edb35d936747e29e11525b,08/11/2025 02:20:00 PM,1,DRIVER,,2027251,,UNKNOWN,MOTORIZED,,,UNKNOWN,TRUCK - SINGLE UNIT,COMMERCIAL - SINGLE UNIT,N,PASSING/OVERTAKING,,,1,,,,,,,,,,,,,,,,,Y,UNKNOWN,,,,,,,,,,,,,,,,,,,,,,,,,,,,,,,,,
2126567,1bf85f37500507c42311636855773d0ca009ca7f37fd646ef4d1b5cb4bf8d677dd0940a4de4e67bbe4aedf2144a34c5a995279aee4edb35d936747e29e11525b,08/11/2025 02:20:00 PM,2,DRIVER,,2027262,,BMW,OTHER (EXPLAIN IN NARRATIVE),MO,2020,UNKNOWN,PASSENGER,PERSONAL,N,STRAIGHT AHEAD,,,1,,,,,,,,,,,Y,Y,Y,Y,Y,,,SIDE-LEFT,,,,,,,,,,,,,,,,,,,,,,,,,,,,,,,,,
2126369,e3ec11e804d1e0c248f5c69dbc3a4557379c2809b96c26b6e2288aa0f47901e8c65180bcdd1aaf26da05b55ac55730c1b5d79149f6c3b9e72035cd7c9a827360,08/11/2025 02:20:00 PM,1,DRIVER,,2027065,,DODGE,GRAND CARAVAN,IL,2015,UNKNOWN,VAN/MINI-VAN,PERSONAL,N,STRAIGHT AHEAD,Y,,1,,UNKNOWN PRIVATE,UNKNOWN,,Y,,,,,,,,Y,Y,Y,Y,,FRONT-LEFT-CORNER,,,,,,,,,,,,,,,,,,,,,,,,,,,,,,,,,
2126370,e3ec11e804d1e0c248f5c69dbc3a4557379c2809b96c26b6e2288aa0f47901e8c65180bcdd1aaf26da05b55ac55730c1b5d79149f6c3b9e72035cd7c9a827360,08/11/2025 02:20:00 PM,2,PARKED,,2027074,,FORD,ECOSPORT,IL,2020,UNKNOWN,SPORT UTILITY VEHICLE (SUV),NOT IN USE,N,PARKED,,,0,,,,,Y,,,Y,Y,Y,Y,,,,Y,Y,,REAR-RIGHT-CORNER,,,,,,,,,,,,,,,,,,,,,,,,,,,,,,,,,
2126371,e3ec11e804d1e0c248f5c69dbc3a4557379c2809b96c26b6e2288aa0f47901e8c65180bcdd1aaf26da05b55ac55730c1b5d79149f6c3b9e72035cd7c9a827360,08/11/2025 02:20:00 PM,3,PARKED,,2027079,,LEXUS,GX470,IL,2005,UNKNOWN,SPORT UTILITY VEHICLE (SUV),NOT IN USE,N,PARKED,,,0,,,,,,,,,Y,Y,Y,,,,,,,REAR,,,,,,,,,,,,,,,,,,,,,,,,,,,,,,,,,
2126334,2f9beb051742b87f0412b058db2c77b58953287185b045c6b764f20ec6ced9e509cdd35c43c78a79f29ba84a40ca9c97f5501c86f3b840f287f2da0a1ea1cea0,08/11/2025 02:13:00 PM,1,DRIVER,,2027031,,UNKNOWN,OTHER (EXPLAIN IN NARRATIVE),,,UNKNOWN,TRUCK - SINGLE UNIT,OTHER,E,TURNING RIGHT,,,1,,,,,,,Y,Y,,,,,,,,,,SIDE-RIGHT,,,,,,,,,,,,,,,,,,,,,,,,,,,,,,,,,
2126335,2f9beb051742b87f0412b058db2c77b58953287185b045c6b764f20ec6ced9e509cdd35c43c78a79f29ba84a40ca9c97f5501c86f3b840f287f2da0a1ea1cea0,08/11/2025 02:13:00 PM,2,PARKED,,2027038,,VOLKSWAGEN,JETTA,IL,2012,UNKNOWN,PASSENGER,PERSONAL,E,PARKED,,,0,,,,,,,,,,,,,,,Y,Y,,FRONT-LEFT-CORNER,,,,,,,,,,,,,,,,,,,,,,,,,,,,,,,,,
2126276,2824a9374232b853ccbc86531b43f44a2505ab636adef2c429d326b5e7443f26c31f8b6166db7598d4009731d1c0c3e5cd5e393eb66257ae9f23c712728acdb2,08/11/2025 02:10:00 PM,1,DRIVER,,2026985,,TOYOTA,SIENNA,IL,2006,NONE,VAN/MINI-VAN,PERSONAL,E,STRAIGHT AHEAD,,,1,,,,,N,Y,,,,,,,,,,,,SIDE-RIGHT,,,,,,,,,,,,,,,,,,,,,,,,,,,,,,,,,
2126277,2824a9374232b853ccbc86531b43f44a2505ab636adef2c429d326b5e7443f26c31f8b6166db7598d4009731d1c0c3e5cd5e393eb66257ae9f23c712728acdb2,08/11/2025 02:10:00 PM,2,DRIVER,,2026989,,FORD,F150,IL,2001,NONE,PICKUP,PERSONAL,E,STRAIGHT AHEAD,,,1,,,,Y,,,,,,,,,,,,,N,SIDE-LEFT,,,,,,,,,,,,,,,,,,,,,,,,,,,,,,,,,
2126331,7e5030f66c16f78a47144f597285985fe8039474a22580a5cc1cf3a8fef9502349e91ef3a068b5d613709156286f1973567d2ac9f9df74095ecbb53e3bf55561,08/11/2025 02:10:00 PM,1,DRIVER,,2027029,,MERCURY,MARINER,IL,2008,NONE,PASSENGER,PERSONAL,N,PASSING/OVERTAKING,,,1,,,,,,,Y,Y,,,,,,,,,,SIDE-LEFT-REAR,,,,,,,,,,,,,,,,,,,,,,,,,,,,,,,,,
2126332,7e5030f66c16f78a47144f597285985fe8039474a22580a5cc1cf3a8fef9502349e91ef3a068b5d613709156286f1973567d2ac9f9df74095ecbb53e3bf55561,08/11/2025 02:10:00 PM,2,DRIVER,,2027034,,HONDA,FIT,IL,2013,NONE,PASSENGER,PERSONAL,N,STRAIGHT AHEAD,,,1,,,,,,,,,,,,,,,Y,,,FRONT-LEFT-CORNER,,,,,,,,,,,,,,,,,,,,,,,,,,,,,,,,,