CRASH_UNIT_ID,CRASH_RECORD_ID,CRASH_DATE,UNIT_NO,UNIT_TYPE,NUM_PASSENGERS,VEHICLE_ID,CMRC_VEH_I,MAKE,MODEL,LIC_PLATE_STATE,VEHICLE_YEAR,VEHICLE_DEFECT,VEHICLE_TYPE,VEHICLE_USE,TRAVEL_DIRECTION,MANEUVER,TOWED_I,FIRE_I,OCCUPANT_CNT,EXCEED_SPEED_LIMIT_I,TOWED_BY,TOWED_TO,AREA_00_I,AREA_01_I,AREA_02_I,AREA_03_I,AREA_04_I,AREA_05_I,AREA_06_I,AREA_07_I,AREA_08_I,AREA_09_I,AREA_10_I,AREA_11_I,AREA_12_I,AREA_99_I,FIRST_CONTACT_POINT,CMV_ID,USDOT_NO,CCMC_NO,ILCC_NO,COMMERCIAL_SRC,GVWR,CARRIER_NAME,CARRIER_STATE,CARRIER_CITY,HAZMAT_PLACARDS_I,HAZMAT_NAME,UN_NO,HAZMAT_PRESENT_I,HAZMAT_REPORT_I,HAZMAT_REPORT_NO,MCS_REPORT_I,MCS_REPORT_NO,HAZMAT_VIO_CAUSE_CRASH_I,MCS_VIO_CAUSE_CRASH_I,IDOT_PERMIT_NO,WIDE_LOAD_I,TRAILER1_WIDTH,TRAILER2_WIDTH,TRAILER1_LENGTH,TRAILER2_LENGTH,TOTAL_VEHICLE_LENGTH,AXLE_CNT,VEHICLE_CONFIG,CARGO_BODY_TYPE,LOAD_TYPE,HAZMAT_OUT_OF_SERVICE_I,MCS_OUT_OF_SERVICE_I,HAZMAT_CLASS
2126307,bd71d00536e337b751dbf4ad272ec3e2ecca21601704f92fd7f7ceb4b6efab159323ad56570de08e4d0952bb1f9210895a911e905503fd56c9f95db19817316f,08/11/2025 02:10:00 PM,1,DRIVER,,2027007,,NISSAN,SENTRA,IL,2015,NONE,PASSENGER,PERSONAL,W,STRAIGHT AHEAD,,,1,,,,,Y,,,,,,N,N,,,Y,Y,,FRONT,,,,,,,,,,,,,,,,,,,,,,,,,,,,,,,,,
2126308,bd71d00536e337b751dbf4ad272ec3e2ecca21601704f92fd7f7ceb4b6efab159323ad56570de08e4d0952bb1f9210895a911e905503fd56c9f95db19817316f,08/11/2025 02:10:00 PM,2,DRIVER,,2027015,,NISSAN,SENTRA,IL,2023,NONE,PASSENGER,PERSONAL,S,TURNING LEFT,,,1,,,,,,,,,,,Y,Y,Y,,,,,SIDE-LEFT-REAR,,,,,,,,,,,,,,,,,,,,,,,,,,,,,,,,,
2126425,d0293037bc257eafafb2ab04eb52aa3594ac867660095b8b6458e41cc7b28bfaeeb41267f3a5a100910e60ea9a9aec9edc95c7d82e6d683b40ff812aa702a36b,08/11/2025 02:05:00 PM,1,DRIVER,1,2027123,,CHEVROLET,SUBURBAN,IL,2023,UNKNOWN,SPORT UTILITY VEHICLE (SUV),PERSONAL,S,BACKING,,,2,,,,Y,,,,,,,,,,,,,,REAR,,,,,,,,,,,,,,,,,,,,,,,,,,,,,,,,,
2126426,d0293037bc257eafafb2ab04eb52aa3594ac867660095b8b6458e41cc7b28bfaeeb41267f3a5a100910e60ea9a9aec9edc95c7d82e6d683b40ff812aa702a36b,08/11/2025 02:05:00 PM,2,PEDESTRIAN,,,,,,,,,,,,,,,,,,,,,,,,,,,,,,,,,,,,,,,,,,,,,,,,,,,,,,,,,,,,,,,,,,
2126345,74cbeaa35863a4a7ed68e0dddf7f9667def8559a73da649355f8ca1cd4e0a9de46fe865d576f58dfc06bd706be05d634897f15f36186da5bb2a7c2d647b92eda,08/11/2025 02:00:00 PM,1,DRIVER,1,2027042,,TOYOTA,SIENNA,IL,2016,UNKNOWN,VAN/MINI-VAN,PERSONAL,W,STRAIGHT AHEAD,Y,,2,,POLO TOWING,,,Y,,,,,,,,,,Y,Y,,FRONT,,,,,,,,,,,,,,,,,,,,,,,,,,,,,,,,,
2126346,74cbeaa35863a4a7ed68e0dddf7f9667def8559a73da649355f8ca1cd4e0a9de46fe865d576f58dfc06bd706be05d634897f15f36186da5bb2a7c2d647b92eda,08/11/2025 02:00:00 PM,2,DRIVER,,2027057,Y,HINO,OTHER (EXPLAIN IN NARRATIVE),IL,2023,UNKNOWN,OTHER,COMMERCIAL - SINGLE UNIT,W,STRAIGHT AHEAD,,,1,,,,,,,,,,Y,,,,,,,,REAR,"21,967",,,,,,,IL,,,,,N,N,,U,,N,U,,,,,,,,,"SINGLE UNIT TRUCK, 2 AXLES, 6 TIRES",,OTHER,N,N,
2126320,b4fa53884df30b1ffbee57f0c0d8f42b26bd1df167b5c270f9e2b899b879c9b3623de22e6eae0c6dd75591dd205af2bff20ac0f5d6e139eb32432d60741d536d,08/11/2025 02:00:00 PM,1,DRIVER,,2027020,,MERCEDES-BENZ,S-CLASS,IL,2019,UNKNOWN,PASSENGER,UNKNOWN/NA,UNKNOWN,UNKNOWN/NA,,,1,,,,,,,,,,,,,,,,,Y,UNKNOWN,,,,,,,,,,,,,,,,,,,,,,,,,,,,,,,,,
2126321,b4fa53884df30b1ffbee57f0c0d8f42b26bd1df167b5c270f9e2b899b879c9b3623de22e6eae0c6dd75591dd205af2bff20ac0f5d6e139eb32432d60741d536d,08/11/2025 02:00:00 PM,2,PARKED,,2027028,,SUBARU,FORESTER,IL,2021,NONE,PASSENGER,NOT IN USE,E,PARKED,,,0,,,,,,,,,,,,,,,Y,,,FRONT-LEFT-CORNER,,,,,,,,,,,,,,,,,,,,,,,,,,,,,,,,,
2126355,63dd554dd7801b4c09cd66249132a27ef0cfc0e02527d1b69812a9fed00992b2a26d4304acdb902b3ffccd2df87481324506b07aab1d584d7dd6d28752893d1e,08/11/2025 01:49:00 PM,1,DRIVER,,2027072,,UNKNOWN,OTHER (EXPLAIN IN NARRATIVE),,,NONE,UNKNOWN/NA,UNKNOWN/NA,N,STRAIGHT AHEAD,,,1,,,,,,,,,,,,,,,,,,SIDE-LEFT,,,,,,,,,,,,,,,,,,,,,,,,,,,,,,,,,
2126356,63dd554dd7801b4c09cd66249132a27ef0cfc0e02527d1b69812a9fed00992b2a26d4304acdb902b3ffccd2df87481324506b07aab1d584d7dd6d28752893d1e,08/11/2025 01:49:00 PM,2,DRIVER,,2027059,,TOYOTA,HIGHLANDER,IL,2019,NONE,SPORT UTILITY VEHICLE (SUV),PERSONAL,N,STRAIGHT AHEAD,,,1,,,,,,,,,,,,,,,,,,SIDE-RIGHT,,,,,,,,,,,,,,,,,,,,,,,,,,,,,,,,,
2126274,26c9165c2f401d0169debe49fa81acda33b475fa2a68906570fdd0540d4d09dc85340a35478096b98a25e06b14a2e28043909e28865f9c8b9ab13a64dbd61e46,08/11/2025 01:46:00 PM,1,DRIVER,,2026975,N,FORD,F150,IL,2015,NONE,PICKUP,PERSONAL,N,TURNING RIGHT,,,1,,,,,,,,Y,,,,,,,,,,SIDE-RIGHT-REAR,,,,,,,,,,,,,,,,,,,,,,,,,,,,,,,,,
2126275,26c9165c2f401d0169debe49fa81acda33b475fa2a68906570fdd0540d4d09dc85340a35478096b98a25e06b14a2e28043909e28865f9c8b9ab13a64dbd61e46,08/11/2025 01:46:00 PM,2,,,,,,,,,,,,,,,,,,,,,,,,,,,,,,,,,,,,,,,,,,,,,,,,,,,,,,,,,,,,,,,,,,,
2126284,26c9165c2f401d0169debe49fa81acda33b475fa2a68906570fdd0540d4d09dc85340a35478096b98a25e06b14a2e28043909e28865f9c8b9ab13a64dbd61e46,08/11/2025 01:46:00 PM,2,DRIVER,,2026980,,HONDA,ACCORD,,2012,NONE,PASSENGER,PERSONAL,N,STRAIGHT AHEAD,,,1,,,,,,,,,,,,,,,,Y,,FRONT,,,,,,,,,,,,,,,,,,,,,,,,,,,,,,,,,
2126409,63043919ec1cb31993558eac3c8882607020d90c6d807f7d10a1e3ed68f6edd578c99b2339457537efb6ce83ac82d03c9088a67aee98d90ac73b02589ab7c2f9,08/11/2025 01:46:00 PM,1,DRIVER,,2027104,,CHEVROLET,IMPALA,IL,2006,UNKNOWN,PASSENGER,PERSONAL,S,STRAIGHT AHEAD,Y,,1,,STREETS AND SANITATION,701 N Sacramento Blvd,,Y,Y,Y,,,,,,,Y,Y,Y,,FRONT-LEFT-CORNER,,,,,,,,,,,,,,,,,,,,,,,,,,,,,,,,,
2126410,63043919ec1cb31993558eac3c8882607020d90c6d807f7d10a1e3ed68f6edd578c99b2339457537efb6ce83ac82d03c9088a67aee98d90ac73b02589ab7c2f9,08/11/2025 01:46:00 PM,2,DRIVER,,2027116,,JEEP,GRAND CHEROKEE,IL,2011,UNKNOWN,SPORT UTILITY VEHICLE (SUV),PERSONAL,W,STRAIGHT AHEAD,Y,,1,,PRIVATE TOW,UNK,,,,,,,,,,,,N,N,Y,FRONT,,,,,,,,,,,,,,,,,,,,,,,,,,,,,,,,,
2126287,e87dce2be34cb4a7d3190e20280799adf8d1ac90d9133c2899e600a1efc08182fc30394118b9609622b3bff5c23d5b0c3c6377ab4e47954ea301a4661fd2bc75,08/11/2025 01:45:00 PM,1,DRIVER,,2026992,,CHEVROLET,MALIBU,IL,2013,NONE,PASSENGER,PERSONAL,S,BACKING,,,1,,,,,,,,,,Y,,,,,,,,REAR,,,,,,,,,,,,,,,,,,,,,,,,,,,,,,,,,
2126288,e87dce2be34cb4a7d3190e20280799adf8d1ac90d9133c2899e600a1efc08182fc30394118b9609622b3bff5c23d5b0c3c6377ab4e47954ea301a4661fd2bc75,08/11/2025 01:45:00 PM,2,DRIVER,,2026996,,TOYOTA,RAV4,IL,2021,NONE,PASSENGER,PERSONAL,W,STRAIGHT AHEAD,,,1,,,,,,,,,,,Y,Y,Y,,,,,SIDE-LEFT-REAR,,,,,,,,,,,,,,,,,,,,,,,,,,,,,,,,,
2127080,2103af91400aabe7628b401e908418e6c5c68c22fe3915daf64ba735cdc5c2df1a9628aa8e6c227bf673f37650249b7bf4f631f56314b2a29388002b735e13b7,08/11/2025 01:40:00 PM,1,DRIVER,,2027732,,HONDA,OTHER (EXPLAIN IN NARRATIVE),IL,2004,UNKNOWN,PASSENGER,PERSONAL,UNKNOWN,UNKNOWN/NA,,,1,,,,,,,,,,,,,,,,,Y,UNKNOWN,,,,,,,,,,,,,,,,,,,,,,,,,,,,,,,,,
2127081,2103af91400aabe7628b401e908418e6c5c68c22fe3915daf64ba735cdc5c2df1a9628aa8e6c227bf673f37650249b7bf4f631f56314b2a29388002b735e13b7,08/11/2025 01:40:00 PM,2,BICYCLE,,,,,,,,,,,,,,,,,,,,,,,,,,,,,,,,,,,,,,,,,,,,,,,,,,,,,,,,,,,,,,,,,,
2126403,b26a3cf5c474892a34d37fd313768ecc5428f2d50d34d24a63c49c1ccf34494b8dcd554cb26d516ba51e522269f3bced83d0ed3bf234c3eca6183e42964a9764,08/11/2025 01:30:00 PM,1,DRIVER,,2027126,,KENWORTH MOTOR TRUCK COMPANY,KENWORTH MOTOR TRUCK CO.,IL,2014,UNKNOWN,TRACTOR W/ SEMI-TRAILER,UNKNOWN/NA,W,STRAIGHT AHEAD,,,1,,,,,Y,,,,,,,,,,,,,FRONT-RIGHT-CORNER,,,,,,,,,,,,,,,,,,,,,,,,,,,,,,,,,
2126404,b26a3cf5c474892a34d37fd313768ecc5428f2d50d34d24a63c49c1ccf34494b8dcd554cb26d516ba51e522269f3bced83d0ed3bf234c3eca6183e42964a9764,08/11/2025 01:30:00 PM,2,DRIVER,,2027109,,KENWORTH MOTOR TRUCK COMPANY,KENWORTH MOTOR TRUCK CO.,IL,2026,NONE,TRACTOR W/ SEMI-TRAILER,COMMERCIAL - MULTI-UNIT,W,STRAIGHT AHEAD,,,1,,,,Y,,,,,,,,,,,,,,REAR-RIGHT-CORNER,,,,,,,,,,,,,,,,,,,,,,,,,,,,,,,,,
2126272,b48f9c3c6bd189ec987592418e1a81073973cd94f95af78e60d71d733fb6ba2416265dab7901d461550c8bbe64ce9ad8d91de7bea1f7488be51f5856add0b2f2,08/11/2025 01:25:00 PM,1,DRIVER,,2026971,,CHEVROLET,TRAX,IL,2018,NONE,PASSENGER,PERSONAL,S,STRAIGHT AHEAD,,,1,,,,,,,Y,Y,Y,Y,,,,,,,,REAR-RIGHT-CORNER,,,,,,,,,,,,,,,,,,,,,,,,,,,,,,,,,
2126273,b48f9c3c6bd189ec987592418e1a81073973cd94f95af78e60d71d733fb6ba2416265dab7901d461550c8bbe64ce9ad8d91de7bea1f7488be51f5856add0b2f2,08/11/2025 01:25:00 PM,2,DRIVER,,2026973,,VOLKSWAGEN,JETTA,IL,2020,NONE,PASSENGER,PERSONAL,S,STRAIGHT AHEAD,,,1,,,,,,,,,,,,,Y,Y,Y,Y,,FRONT-LEFT-CORNER,,,,,,,,,,,,,,,,,,,,,,,,,,,,,,,,,
2126239,5f34c724b3658efa9130d3daa5bd7ff8c559269a45437b4fe1576f14de6b9208f3bb59e4d233d1691513acf21cb638ca3db559766e000da1e4449e28dfc434cd,08/11/2025 01:20:00 PM,1,DRIVER,,2026939,,CHEVROLET,EQUINOX,IL,2018,NONE,SPORT UTILITY VEHICLE (SUV),PERSONAL,S,PASSING/OVERTAKING,,,1,,,,,,,,,,,,,,,,,Y,UNKNOWN,,,,,,,,,,,,,,,,,,,,,,,,,,,,,,,,,
2126240,5f34c724b3658efa9130d3daa5bd7ff8c559269a45437b4fe1576f14de6b9208f3bb59e4d233d1691513acf21cb638ca3db559766e000da1e4449e28dfc434cd,08/11/2025 01:20:00 PM,2,DRIVER,1,2026944,,KIA,OPTIMA / K5,IL,2015,NONE,PASSENGER,PERSONAL,S,STRAIGHT AHEAD,,,2,,,,,Y,Y,,,,,,,,,,,,SIDE-RIGHT-FRONT,,,,,,,,,,,,,,,,,,,,,,,,,,,,,,,,,
2126301,f3e753bc602b695499b6edf975c9d9d24a0a0bcfaa273ec80be4a472a42425ac8cd83a350b0ffb14433b83125aea67eecff635b98aa154029ff9e390bb66743f,08/11/2025 01:20:00 PM,1,DRIVER,1,2026999,,CHEVROLET,TRAVERSE,IL,2010,UNKNOWN,PASSENGER,PERSONAL,N,BACKING,,,2,,,,,,,,,,Y,Y,,,,,,,REAR,,,,,,,,,,,,,,,,,,,,,,,,,,,,,,,,,
2126302,f3e753bc602b695499b6edf975c9d9d24a0a0bcfaa273ec80be4a472a42425ac8cd83a350b0ffb14433b83125aea67eecff635b98aa154029ff9e390bb66743f,08/11/2025 01:20:00 PM,2,DRIVER,1,2027006,,TOYOTA,SIENNA,IL,2020,NONE,PASSENGER,PERSONAL,S,BACKING,,,2,,,,,,,,,,Y,,,,,,,,REAR,,,,,,,,,,,,,,,,,,,,,,,,,,,,,,,,,
2126313,7518703cbdbab2508db05935a201f71bf47175e73330800159cf278f8fde6ac7a495b26e54a85bb2db79b796ac5b978572049259bebdd43499348d8822932c9d,08/11/2025 01:15:00 PM,1,DRIVER,,2027011,,UNKNOWN,OTHER (EXPLAIN IN NARRATIVE),IL,,UNKNOWN,VAN/MINI-VAN,UNKNOWN/NA,S,STRAIGHT AHEAD,,,1,,,,,,N,,,,,,,,,,,,UNKNOWN,,,,,,,,,,,,,,,,,,,,,,,,,,,,,,,,,
2126314,7518703cbdbab2508db05935a201f71bf47175e73330800159cf278f8fde6ac7a495b26e54a85bb2db79b796ac5b978572049259bebdd43499348d8822932c9d,08/11/2025 01:15:00 PM,2,DRIVER,,2027017,,NEW FLYER,DE60LFR,IL,2013,NONE,BUS OVER 15 PASS.,CTA,S,SLOW/STOP IN TRAFFIC,,,1,,,,,,,,,,,,,,Y,,,,SIDE-LEFT-FRONT,,,,,,,,,,,,,,,,,,,,,,,,,,,,,,,,,
2126343,9ffd2e2f395d90b01f71a70615ed206ff3cd79f8b324a70671637d77df89d63e55b324e3964b7dac4d21109510bc969241c74433472d845403bb07992653950b,08/11/2025 01:07:00 PM,1,DRIVER,,2027043,,NISSAN,OTHER (EXPLAIN IN NARRATIVE),IL,2009,UNKNOWN,PASSENGER,UNKNOWN/NA,S,STRAIGHT AHEAD,,,1,,,,,Y,,,,,,,,,,Y,Y,,FRONT,,,,,,,,,,,,,,,,,,,,,,,,,,,,,,,,,
2126344,9ffd2e2f395d90b01f71a70615ed206ff3cd79f8b324a70671637d77df89d63e55b324e3964b7dac4d21109510bc969241c74433472d845403bb07992653950b,08/11/2025 01:07:00 PM,2,DRIVER,,2027040,,KIA,SPORTAGE,IL,2020,UNKNOWN,PASSENGER,PERSONAL,S,SLOW/STOP IN TRAFFIC,,,1,,,,,,,,,Y,Y,Y,,,,,,,REAR,,,,,,,,,,,,,,,,,,,,,,,,,,,,,,,,,
2126256,660ad2f04d649c76dbacc466948b7e7f040d675442e020acc26dce0ea4140292336e3d47e674eecf37a81a82e77e1d1beb4d95eb4f2063284403ec6c07ebf253,08/11/2025 01:06:00 PM,1,DRIVER,,2026951,,FORD,F250,IL,2018,UNKNOWN,PICKUP,PERSONAL,E,STRAIGHT AHEAD,,,1,,,,,,,,,,,,,,Y,,,Y,UNKNOWN,,,,,,,,,,,,,,,,,,,,,,,,,,,,,,,,,
2126257,660ad2f04d649c76dbacc466948b7e7f040d675442e020acc26dce0ea4140292336e3d47e674eecf37a81a82e77e1d1beb4d95eb4f2063284403ec6c07ebf253,08/11/2025 01:06:00 PM,2,DRIVER,,2026957,,FORD,F350,IL,,UNKNOWN,PICKUP,AMBULANCE,E,STRAIGHT AHEAD,,,1,,,,,,Y,,,,,,,,,,,,SIDE-RIGHT,,,,,,,,,,,,,,,,,,,,,,,,,,,,,,,,,
2126278,702858ecda8555fff427c36a747540d14a7a9bfbfc27bb3c393cb493069d3e0d4781ff5edc3c5df79ed66d37ec186b80fd262f68aea3882b54f8ff4f3e7e52c4,08/11/2025 01:02:00 PM,1,DRIVER,1,2026972,,HYUNDAI,ELANTRA,IL,2013,NONE,PASSENGER,PERSONAL,E,STRAIGHT AHEAD,Y,,2,,PERSONAL TOW,PERSONAL TOW,,Y,Y,,,,,,,,Y,Y,Y,,FRONT,,,,,,,,,,,,,,,,,,,,,,,,,,,,,,,,,
2126279,702858ecda8555fff427c36a747540d14a7a9bfbfc27bb3c393cb493069d3e0d4781ff5edc3c5df79ed66d37ec186b80fd262f68aea3882b54f8ff4f3e7e52c4,08/11/2025 01:02:00 PM,2,PARKED,,2026976,,HONDA,PILOT,IL,2025,NONE,PASSENGER,NOT IN USE,E,PARKED,Y,,0,,PERSONAL TOW,PERSONAL TOW,,,,,N,N,Y,Y,Y,,,,,,REAR-LEFT-CORNER,,,,,,,,,,,,,,,,,,,,,,,,,,,,,,,,,
2126280,a06fea8ae5444452b09d5376fdf7463bf51d04c535da5b839a77ee34fde4c3f24f773e533637bab1a28e28c0ab492768287da4ca185a1c2979ef26064e0967dd,08/11/2025 01:00:00 PM,1,DRIVER,,2026984,,FORD,TRANSIT,IL,2019,NONE,VAN/MINI-VAN,OTHER,UNKNOWN,OTHER,,,1,,,,,,,Y,,,,,,,,,,,SIDE-RIGHT,,,,,,,,,,,,,,,,,,,,,,,,,,,,,,,,,
2126281,a06fea8ae5444452b09d5376fdf7463bf51d04c535da5b839a77ee34fde4c3f24f773e533637bab1a28e28c0ab492768287da4ca185a1c2979ef26064e0967dd,08/11/2025 01:00:00 PM,2,PARKED,,2026990,,DODGE,RAM 2500 PU,IL,2022,NONE,PICKUP,PERSONAL,UNKNOWN,PARKED,,,0,,,,,,,,,,,,,,,Y,,,FRONT-LEFT-CORNER,,,,,,,,,,,,,,,,,,,,,,,,,,,,,,,,,
2126252,c82c17adfbaa86683f03c0c215cf1755740d95fe80397e85c6fe9ae7f264a6f2020564835e76f649ba8394b2c4d907744d5146f4342c78a54d235e6deb991541,08/11/2025 01:00:00 PM,1,DRIVER,,2026982,,HONDA,PILOT,IL,2008,NONE,SPORT UTILITY VEHICLE (SUV),PERSONAL,NW,STRAIGHT AHEAD,,,1,,,,,,,,,,,,,,,,Y,,FRONT,,,,,,,,,,,,,,,,,,,,,,,,,,,,,,,,,
2126253,c82c17adfbaa86683f03c0c215cf1755740d95fe80397e85c6fe9ae7f264a6f2020564835e76f649ba8394b2c4d907744d5146f4342c78a54d235e6deb991541,08/11/2025 01:00:00 PM,2,DRIVER,,2026986,,CHEVROLET,TRAIL BLAZER,IL,2022,NONE,SPORT UTILITY VEHICLE (SUV),PERSONAL,NW,SLOW/STOP IN TRAFFIC,,,1,,,,,,,,,,Y,,,,,,,,REAR,,,,,,,,,,,,,,,,,,,,,,,,,,,,,,,,,
2126268,ce5828b58befe5c2d8b2635d3d72d0e7d100d47330fb7707293ef18790590217fc7ebe2e32191cb0ea53a9609de6dc7a44f00ced2bb1a7700e5f50b6c3a0c40d,08/11/2025 01:00:00 PM,1,DRIVER,,2026963,,CHEVROLET,CRUZE,IL,2012,NONE,PASSENGER,UNKNOWN/NA,E,STRAIGHT AHEAD,,,1,,,,,,,,,,,,,,,,,Y,UNKNOWN,,,,,,,,,,,,,,,,,,,,,,,,,,,,,,,,,
2126269,ce5828b58befe5c2d8b2635d3d72d0e7d100d47330fb7707293ef18790590217fc7ebe2e32191cb0ea53a9609de6dc7a44f00ced2bb1a7700e5f50b6c3a0c40d,08/11/2025 01:00:00 PM,2,DRIVER,,2026967,,LINCOLN,OTHER (EXPLAIN IN NARRATIVE),IL,2025,NONE,SPORT UTILITY VEHICLE (SUV),UNKNOWN/NA,E,SLOW/STOP IN TRAFFIC,,,1,,,,,,,,,,,,,,,,,,REAR,,,,,,,,,,,,,,,,,,,,,,,,,,,,,,,,,
2126245,d0fc80349551e85ef9c26bc4fd9758f571d4eab741b480e1f8cdc4ce2f3531aa7d3357d38911a82e1dd3a7c3fdc2c14e1b290ce61b4af0d6666eb3518a8dfaf2,08/11/2025 01:00:00 PM,1,DRIVER,,2026962,,TOYOTA,YARIS,IL,2017,UNKNOWN,PASSENGER,PERSONAL,S,STRAIGHT AHEAD,,,1,,,,,Y,,,,,,,,,,Y,Y,,FRONT,,,,,,,,,,,,,,,,,,,,,,,,,,,,,,,,,
2126246,d0fc80349551e85ef9c26bc4fd9758f571d4eab741b480e1f8cdc4ce2f3531aa7d3357d38911a82e1dd3a7c3fdc2c14e1b290ce61b4af0d6666eb3518a8dfaf2,08/11/2025 01:00:00 PM,2,DRIVER,,2026968,,SUBARU,IMPREZA,OH,2016,UNKNOWN,PASSENGER,PERSONAL,S,STRAIGHT AHEAD,,,1,,,,,,,,,Y,Y,Y,,,,,,,REAR,,,,,,,,,,,,,,,,,,,,,,,,,,,,,,,,,
2126258,6eed671c11946d8b91011d61d635dcb15c6c2f6f8b435fc92be863882213abfb6ececd6457bda58f282ba502bfacafa77a39f14028291489758eecc2ce7c67cb,08/11/2025 12:59:00 PM,1,DRIVER,,2026953,,CHEVROLET,CRUZE,IL,2012,UNKNOWN,PASSENGER,UNKNOWN/NA,N,STRAIGHT AHEAD,,,1,,,,,,,,,,,,,,,,,Y,FRONT,,,,,,,,,,,,,,,,,,,,,,,,,,,,,,,,,
2126259,6eed671c11946d8b91011d61d635dcb15c6c2f6f8b435fc92be863882213abfb6ececd6457bda58f282ba502bfacafa77a39f14028291489758eecc2ce7c67cb,08/11/2025 12:59:00 PM,2,DRIVER,,2026960,,LINCOLN,CORSAIR,IL,2025,NONE,SPORT UTILITY VEHICLE (SUV),PERSONAL,N,SLOW/STOP IN TRAFFIC,,,1,,,,,,,,,Y,Y,Y,,,,,,,REAR,,,,,,,,,,,,,,,,,,,,,,,,,,,,,,,,,
2138631,136d55816aa9aa0ad9b85933e918c8594109a08bad76c5ac8e44f87f5e11b272b9d069c4a563cb455a37db6b63bfafd4a97021d0a841059aa4dd2f0ea78de00d,08/11/2025 12:45:00 PM,1,DRIVER,,2038697,,CHRYSLER,PACIFICA,IL,2008,UNKNOWN,PASSENGER,PERSONAL,SE,STRAIGHT AHEAD,N,,1,,,,,Y,Y,Y,,,,,,,,,Y,,FRONT-RIGHT-CORNER,,,,,,,,,,,,,,,,,,,,,,,,,,,,,,,,,
2138632,136d55816aa9aa0ad9b85933e918c8594109a08bad76c5ac8e44f87f5e11b272b9d069c4a563cb455a37db6b63bfafd4a97021d0a841059aa4dd2f0ea78de00d,08/11/2025 12:45:00 PM,2,DRIVER,,2038698,,FORD,ESCAPE,IL,2024,UNKNOWN,PASSENGER,PERSONAL,S,STRAIGHT AHEAD,,,1,,,,,Y,,,,,,,Y,Y,Y,Y,Y,,FRONT,,,,,,,,,,,,,,,,,,,,,,,,,,,,,,,,,
2126243,7a30a7b7af393608328f31e055a47f0de41fee3293d5f1c740e743b76681c311194107bf42491e81c27c737e61ee99ae6e6d62d1892e1d04766efb69cc0c3858,08/11/2025 12:45:00 PM,1,DRIVER,,2026995,,FORD,FUSION,IL,2006,UNKNOWN,PASSENGER,UNKNOWN/NA,S,STRAIGHT AHEAD,,,1,,,,,,,,,,,,,,,,,,FRONT,,,,,,,,,,,,,,,,,,,,,,,,,,,,,,,,,
2126244,7a30a7b7af393608328f31e055a47f0de41fee3293d5f1c740e743b76681c311194107bf42491e81c27c737e61ee99ae6e6d62d1892e1d04766efb69cc0c3858,08/11/2025 12:45:00 PM,2,DRIVER,4,2027012,,CHEVROLET,TAHOE,IL,2017,NONE,SPORT UTILITY VEHICLE (SUV),PERSONAL,S,STRAIGHT AHEAD,,,5,,,,,,,,,,Y,,,,,,,,REAR,,,,,,,,,,,,,,,,,,,,,,,,,,,,,,,,,
2126266,e71a5b32e905797a7ce69e13cc13692a7cf9c113a93e7a812c0d6439f076cfadeabd5dfe3331a676e4b315eee045fe5cdfd981e918b21a50a2cfc4128bd72a27,08/11/2025 12:45:00 PM,1,DRIVER,,2026969,N,ISUZU,TRUCK,IL,2022,UNKNOWN,TRUCK - SINGLE UNIT,UNKNOWN/NA,N,STRAIGHT AHEAD,,,1,,,,,,,,,Y,,,,,,,,,REAR-RIGHT-CORNER,,,,,,,,,,,,,,,,,,,,,,,,,,,,,,,,,
2126267,e71a5b32e905797a7ce69e13cc13692a7cf9c113a93e7a812c0d6439f076cfadeabd5dfe3331a676e4b315eee045fe5cdfd981e918b21a50a2cfc4128bd72a27,08/11/2025 12:45:00 PM,2,PARKED,,2026981,,LEXUS,UX,IL,2023,UNKNOWN,UNKNOWN/NA,UNKNOWN/NA,UNKNOWN,PARKED,,,0,,,,,,,,,,,,,,Y,Y,,,FRONT-LEFT-CORNER,,,,,,,,,,,,,,,,,,,,,,,,,,,,,,,,,
2126322,45890bb320a2bb9a4a71ebe77b008b1075911e48b277783eab04c7400247ddb8775c8c141ebe52eed2cd67e2770242f6b1b07892e178b7d59cdc14836cd23ea0,08/11/2025 12:43:00 PM,1,DRIVER,,2027021,,FORD,F150,IL,2008,NONE,PICKUP,PERSONAL,S,PASSING/OVERTAKING,,,1,,,,,,,,,,,,,,,,Y,,FRONT,,,,,,,,,,,,,,,,,,,,,,,,,,,,,,,,,
2126323,45890bb320a2bb9a4a71ebe77b008b1075911e48b277783eab04c7400247ddb8775c8c141ebe52eed2cd67e2770242f6b1b07892e178b7d59cdc14836cd23ea0,08/11/2025 12:43:00 PM,2,DRIVER,,2027026,,TOYOTA,OTHER (EXPLAIN IN NARRATIVE),IL,2024,NONE,PASSENGER,PERSONAL,S,SLOW/STOP IN TRAFFIC,,,1,,,,,,,,,,Y,,,,,,,,REAR,,,,,,,,,,,,,,,,,,,,,,,,,,,,,,,,,
2126333,b9db17cd8e71ab1055cdf74b73a01964228b702e18bc7ba61a7a8384ec8ffe29bd3a0b9a9bd64849adc61ef5f86b7bfa1388bc526e812f156e51233b2d1573b7,08/11/2025 12:40:00 PM,1,DRIVER,,2027035,,ACURA,RL,IL,1998,UNKNOWN,UNKNOWN/NA,UNKNOWN/NA,UNKNOWN,UNKNOWN/NA,,,1,,,,,,,,,,,,,,,,,Y,REAR,,,,,,,,,,,,,,,,,,,,,,,,,,,,,,,,,