CRASH_UNIT_ID,CRASH_RECORD_ID,CRASH_DATE,UNIT_NO,UNIT_TYPE,NUM_PASSENGERS,VEHICLE_ID,CMRC_VEH_I,MAKE,MODEL,LIC_PLATE_STATE,VEHICLE_YEAR,VEHICLE_DEFECT,VEHICLE_TYPE,VEHICLE_USE,TRAVEL_DIRECTION,MANEUVER,TOWED_I,FIRE_I,OCCUPANT_CNT,EXCEED_SPEED_LIMIT_I,TOWED_BY,TOWED_TO,AREA_00_I,AREA_01_I,AREA_02_I,AREA_03_I,AREA_04_I,AREA_05_I,AREA_06_I,AREA_07_I,AREA_08_I,AREA_09_I,AREA_10_I,AREA_11_I,AREA_12_I,AREA_99_I,FIRST_CONTACT_POINT,CMV_ID,USDOT_NO,CCMC_NO,ILCC_NO,COMMERCIAL_SRC,GVWR,CARRIER_NAME,CARRIER_STATE,CARRIER_CITY,HAZMAT_PLACARDS_I,HAZMAT_NAME,UN_NO,HAZMAT_PRESENT_I,HAZMAT_REPORT_I,HAZMAT_REPORT_NO,MCS_REPORT_I,MCS_REPORT_NO,HAZMAT_VIO_CAUSE_CRASH_I,MCS_VIO_CAUSE_CRASH_I,IDOT_PERMIT_NO,WIDE_LOAD_I,TRAILER1_WIDTH,TRAILER2_WIDTH,TRAILER1_LENGTH,TRAILER2_LENGTH,TOTAL_VEHICLE_LENGTH,AXLE_CNT,VEHICLE_CONFIG,CARGO_BODY_TYPE,LOAD_TYPE,HAZMAT_OUT_OF_SERVICE_I,MCS_OUT_OF_SERVICE_I,HAZMAT_CLASS
2126359,b9db17cd8e71ab1055cdf74b73a01964228b702e18bc7ba61a7a8384ec8ffe29bd3a0b9a9bd64849adc61ef5f86b7bfa1388bc526e812f156e51233b2d1573b7,08/11/2025 12:40:00 PM,2,PARKED,1,2027054,,FORD,FUSION,IL,2020,NONE,PASSENGER,OTHER,N,PARKED,,,1,,,,,,,,,,,,,,,,Y,,FRONT,,,,,,,,,,,,,,,,,,,,,,,,,,,,,,,,,
2127718,003a8ed3b00519f0b4372dff88ef19777ad3aedf1690d4e9e8131bcd3d3f51e43e4ab9c2176659ff5eaf22817970682f8c067a1387914057d6127b74a512f4a5,08/11/2025 12:30:00 PM,1,DRIVER,,2028338,,UNKNOWN,MOTORIZED,IL,,UNKNOWN,UNKNOWN/NA,UNKNOWN/NA,UNKNOWN,UNKNOWN/NA,,,1,,,,,,,,N,N,,,,,,,,Y,REAR-RIGHT-CORNER,,,,,,,,,,,,,,,,,,,,,,,,,,,,,,,,,
2127719,003a8ed3b00519f0b4372dff88ef19777ad3aedf1690d4e9e8131bcd3d3f51e43e4ab9c2176659ff5eaf22817970682f8c067a1387914057d6127b74a512f4a5,08/11/2025 12:30:00 PM,2,DRIVER,,2028344,,HYUNDAI,KONA,IL,2025,UNKNOWN,SPORT UTILITY VEHICLE (SUV),PERSONAL,W,STRAIGHT AHEAD,,,1,,,,,,,,Y,Y,,,,,,,,,REAR-RIGHT-CORNER,,,,,,,,,,,,,,,,,,,,,,,,,,,,,,,,,
2126223,40f61da1dca84c137ce82a7935f8a1be9eb2aa89338c8508f200ce6b7252f54eac1656d2239e79c9edbd47951a1ac7f2e2c461926fd1895b03a0dad0c153c0ea,08/11/2025 12:30:00 PM,1,DRIVER,,2026923,,GENERAL MOTORS CORPORATION (GMC),OTHER (EXPLAIN IN NARRATIVE),,,UNKNOWN,PASSENGER,UNKNOWN/NA,W,PASSING/OVERTAKING,,,1,,,,,,,,,,,,,,,,,Y,UNKNOWN,,,,,,,,,,,,,,,,,,,,,,,,,,,,,,,,,
2126224,40f61da1dca84c137ce82a7935f8a1be9eb2aa89338c8508f200ce6b7252f54eac1656d2239e79c9edbd47951a1ac7f2e2c461926fd1895b03a0dad0c153c0ea,08/11/2025 12:30:00 PM,2,DRIVER,,2026927,,CHEVROLET,COLORADO,IL,2023,NONE,PICKUP,PERSONAL,W,TURNING RIGHT,,,1,,,,,,,,,,,Y,,,,,,,REAR-LEFT-CORNER,,,,,,,,,,,,,,,,,,,,,,,,,,,,,,,,,
2126625,4402b1a2176438d7732002d50561a9754dd2aa8fdd9279f660b23accdb1ef251b7a5ea5fc6105c24f8e82d7a748b18949ba98be3c2e3d3456e5abba3b4b0c2a0,08/11/2025 12:30:00 PM,1,DRIVER,,2027310,,SATURN,VUE,IL,2008,UNKNOWN,PASSENGER,PERSONAL,W,OTHER,,,1,,,,,Y,,,,,,,,,,,,Y,FRONT-RIGHT-CORNER,,,,,,,,,,,,,,,,,,,,,,,,,,,,,,,,,
2126626,4402b1a2176438d7732002d50561a9754dd2aa8fdd9279f660b23accdb1ef251b7a5ea5fc6105c24f8e82d7a748b18949ba98be3c2e3d3456e5abba3b4b0c2a0,08/11/2025 12:30:00 PM,2,PARKED,,2027326,,FORD,FOCUS,IL,2007,UNKNOWN,PASSENGER,PERSONAL,W,PARKED IN TRAFFIC LANE,,,0,,,,,,,,,,,Y,Y,N,,,,,SIDE-LEFT-REAR,,,,,,,,,,,,,,,,,,,,,,,,,,,,,,,,,
2126227,494a5221173909afbeaf04ab0ee58c96acb8134d059a13ffd68377a7806bffe0a4dd393adf83a81ba091cae59c201ce20b501a4db17b61e4d3410d4817e1b88f,08/11/2025 12:30:00 PM,1,DRIVER,,2026929,,CHEVROLET,TRUCK,IL,,UNKNOWN,PICKUP,UNKNOWN/NA,S,UNKNOWN/NA,,,1,,,,,,,,,,,,,,,,,Y,UNKNOWN,,,,,,,,,,,,,,,,,,,,,,,,,,,,,,,,,
2126228,494a5221173909afbeaf04ab0ee58c96acb8134d059a13ffd68377a7806bffe0a4dd393adf83a81ba091cae59c201ce20b501a4db17b61e4d3410d4817e1b88f,08/11/2025 12:30:00 PM,2,PARKED,,2026932,,TOYOTA,CAMRY,IL,2020,UNKNOWN,PASSENGER,NOT IN USE,S,PARKED,Y,,0,,PRIVATE TOW,UNK,,,,,,,,,,,Y,Y,,,SIDE-LEFT-FRONT,,,,,,,,,,,,,,,,,,,,,,,,,,,,,,,,,
2126241,a5ec189a88557bb4273d891bb1e264f5ae475ad41c95ac914009216661f6daef60b5a74ce6599d4a654e3bae1856d98ea774de47bda81be48fada4a3ed2e545b,08/11/2025 12:23:00 PM,1,DRIVER,,2026946,,JEEP,GRAND CHEROKEE,IL,2001,NONE,PASSENGER,PERSONAL,E,STRAIGHT AHEAD,,,1,,,,,,,,,,,,,,Y,Y,,,FRONT-LEFT-CORNER,,,,,,,,,,,,,,,,,,,,,,,,,,,,,,,,,
2126242,a5ec189a88557bb4273d891bb1e264f5ae475ad41c95ac914009216661f6daef60b5a74ce6599d4a654e3bae1856d98ea774de47bda81be48fada4a3ed2e545b,08/11/2025 12:23:00 PM,2,DRIVER,,2026958,,CHEVROLET,AVALANCHE,IL,2002,NONE,PASSENGER,PERSONAL,SW,TURNING LEFT,,,1,,,,,Y,,,,,,,,,,,Y,,SIDE-RIGHT-FRONT,,,,,,,,,,,,,,,,,,,,,,,,,,,,,,,,,
2126201,435f0ec44b668736be2f184fcf796c971cf3fb7da6f324f1903d72af5560b270ecb4846710404b04427af123e7994812997891e5495be76e3c4d9412d564cac9,08/11/2025 12:20:00 PM,1,DRIVER,,2026907,,GENERAL MOTORS CORPORATION (GMC),SAVANNAH,IL,2021,NONE,VAN/MINI-VAN,PERSONAL,S,STRAIGHT AHEAD,,,1,,,,,Y,,,,,,,,,,,,,FRONT-RIGHT-CORNER,,,,,,,,,,,,,,,,,,,,,,,,,,,,,,,,,
2126202,435f0ec44b668736be2f184fcf796c971cf3fb7da6f324f1903d72af5560b270ecb4846710404b04427af123e7994812997891e5495be76e3c4d9412d564cac9,08/11/2025 12:20:00 PM,2,DRIVER,,2026915,,DODGE,CHARGER,IL,2020,NONE,PASSENGER,PERSONAL,S,STRAIGHT AHEAD,,,1,,,,,,,,,,,,,Y,,,,,SIDE-LEFT,,,,,,,,,,,,,,,,,,,,,,,,,,,,,,,,,
2126217,061a98331c8872b33743bc3987a1be1bdaa9cdc48e2b50f314d2d9d13292b095e7bcb3354aa03e6a03033940c18117a6e22977601859177fd4f0bada791dd652,08/11/2025 12:15:00 PM,1,DRIVER,,2026928,,UNKNOWN,MOTORIZED,,,UNKNOWN,UNKNOWN/NA,UNKNOWN/NA,N,STRAIGHT AHEAD,,,1,,,,,,Y,,,,,,,,,,,,SIDE-RIGHT,,,,,,,,,,,,,,,,,,,,,,,,,,,,,,,,,
2126218,061a98331c8872b33743bc3987a1be1bdaa9cdc48e2b50f314d2d9d13292b095e7bcb3354aa03e6a03033940c18117a6e22977601859177fd4f0bada791dd652,08/11/2025 12:15:00 PM,2,PARKED,,2026943,,HONDA,ODYSSEY,IL,2011,NONE,VAN/MINI-VAN,OTHER,N,PARKED,,,0,,,,,,,,,,,,,,Y,,,,SIDE-LEFT,,,,,,,,,,,,,,,,,,,,,,,,,,,,,,,,,
2126195,5a240d3881705bb95a71184cce20a30a4cf8df2301c9db7e0fb0a70e19c80c2981e6f0da6f41ddc22cbc21f02e101385cd944bfccfa7fdcbde79ebc0bd59ab69,08/11/2025 12:09:00 PM,1,DRIVER,,2026906,,CHEVROLET,MALIBU,IL,2017,BRAKES,PASSENGER,PERSONAL,N,STRAIGHT AHEAD,,,1,,,,,Y,,,,,,,,,,Y,Y,,FRONT,,,,,,,,,,,,,,,,,,,,,,,,,,,,,,,,,
2126196,5a240d3881705bb95a71184cce20a30a4cf8df2301c9db7e0fb0a70e19c80c2981e6f0da6f41ddc22cbc21f02e101385cd944bfccfa7fdcbde79ebc0bd59ab69,08/11/2025 12:09:00 PM,2,DRIVER,1,2026917,,LEXUS,NX,IL,2025,NONE,PASSENGER,PERSONAL,N,STRAIGHT AHEAD,,,2,,,,,,,,,Y,Y,Y,,,,,,,REAR,,,,,,,,,,,,,,,,,,,,,,,,,,,,,,,,,
2126213,093b400778c1acf6f0d3d9028bedcd742ae09469a95f0a72a84bfa668b2b044d08d86205233f53057b9423ddb95e5a9e70a0a5a6bfb6646ba6667fc1ff00e7dc,08/11/2025 12:05:00 PM,1,DRIVER,1,2026924,,NISSAN,ROGUE,IL,2017,NONE,SPORT UTILITY VEHICLE (SUV),PERSONAL,N,CHANGING LANES,,,2,,,,,,N,Y,Y,,,,,,,,,,SIDE-RIGHT,,,,,,,,,,,,,,,,,,,,,,,,,,,,,,,,,
2126214,093b400778c1acf6f0d3d9028bedcd742ae09469a95f0a72a84bfa668b2b044d08d86205233f53057b9423ddb95e5a9e70a0a5a6bfb6646ba6667fc1ff00e7dc,08/11/2025 12:05:00 PM,2,DRIVER,,2026920,,CHEVROLET,EQUINOX,IL,2015,NONE,SPORT UTILITY VEHICLE (SUV),PERSONAL,N,STRAIGHT AHEAD,,,1,,,,,,,,,,,,,,Y,Y,,,FRONT-LEFT-CORNER,,,,,,,,,,,,,,,,,,,,,,,,,,,,,,,,,
2126191,bfab3a6ecea96468fa18a25bfadfa378d51376fbdad8ce6ab8fc020b8afc8bdbb7b4ca562ef200a04ec27492bb4dfb238dd45a0f1f13e57d261103e57cfc7a11,08/11/2025 12:03:00 PM,1,DRIVER,1,2026899,,MINI,COOPER,IL,2025,NONE,PASSENGER,PERSONAL,S,STRAIGHT AHEAD,,,2,,,,,,Y,Y,Y,,,,,,,,,,SIDE-RIGHT,,,,,,,,,,,,,,,,,,,,,,,,,,,,,,,,,
2126192,bfab3a6ecea96468fa18a25bfadfa378d51376fbdad8ce6ab8fc020b8afc8bdbb7b4ca562ef200a04ec27492bb4dfb238dd45a0f1f13e57d261103e57cfc7a11,08/11/2025 12:03:00 PM,2,DRIVER,1,2026904,,HYUNDAI,ACCENT,IL,2016,UNKNOWN,PASSENGER,PERSONAL,S,STRAIGHT AHEAD,,,2,,,,,,,,,,,,,,Y,Y,Y,,FRONT-LEFT-CORNER,,,,,,,,,,,,,,,,,,,,,,,,,,,,,,,,,
2126215,2051875b52dccb17de649b70712b318959c407db770f0def94710533a3f62f054f6ecca3d29176dd60d3668b4ee7646dc808ebfcab95441abb158daca3510d04,08/11/2025 12:00:00 PM,1,DRIVER,1,2026922,,CHEVROLET,EQUINOX,IL,2011,UNKNOWN,SPORT UTILITY VEHICLE (SUV),UNKNOWN/NA,E,STRAIGHT AHEAD,,,2,,,,,,,,,,,,,Y,Y,,,,SIDE-LEFT,,,,,,,,,,,,,,,,,,,,,,,,,,,,,,,,,
2126216,2051875b52dccb17de649b70712b318959c407db770f0def94710533a3f62f054f6ecca3d29176dd60d3668b4ee7646dc808ebfcab95441abb158daca3510d04,08/11/2025 12:00:00 PM,2,DRIVER,,2026930,,HONDA,CIVIC,IL,1998,NONE,PASSENGER,UNKNOWN/NA,S,STRAIGHT AHEAD,,,1,,,,,,,,,,,,,,,,Y,,FRONT,,,,,,,,,,,,,,,,,,,,,,,,,,,,,,,,,
2126817,43735959131d41e5113dbebf84d265c8eadb5af22bacd0ab23d5fc44719b796da1fe7d3ee8f71fb6816b2c3dc6f0b57b520e49100189048841a074acbfbbf24a,08/11/2025 12:00:00 PM,1,DRIVER,,2027485,,UNKNOWN,OTHER (EXPLAIN IN NARRATIVE),IL,,NONE,UNKNOWN/NA,UNKNOWN/NA,UNKNOWN,UNKNOWN/NA,,,1,,,,,,,,,,,,,,,,,,UNKNOWN,,,,,,,,,,,,,,,,,,,,,,,,,,,,,,,,,
2126818,43735959131d41e5113dbebf84d265c8eadb5af22bacd0ab23d5fc44719b796da1fe7d3ee8f71fb6816b2c3dc6f0b57b520e49100189048841a074acbfbbf24a,08/11/2025 12:00:00 PM,2,PARKED,,2027480,,NISSAN,ALTIMA,IL,,NONE,PASSENGER,PERSONAL,W,PARKED,,,0,,,,,,,,,,,,,Y,Y,Y,,,SIDE-LEFT,,,,,,,,,,,,,,,,,,,,,,,,,,,,,,,,,
2126883,46a56e157cd8fac78c0bdd53ead993e0ef38ecffb945149be122478cb5d3323015eac43345da6a016382cde1636457591c2f990893ad945e0a5d9bd33dafba28,08/11/2025 12:00:00 PM,1,DRIVER,,2027550,,JEEP,WRANGLER,IL,2019,UNKNOWN,SPORT UTILITY VEHICLE (SUV),UNKNOWN/NA,N,UNKNOWN/NA,,,1,,,,,Y,,,,,,,,,,,Y,,FRONT-RIGHT-CORNER,,,,,,,,,,,,,,,,,,,,,,,,,,,,,,,,,
2126884,46a56e157cd8fac78c0bdd53ead993e0ef38ecffb945149be122478cb5d3323015eac43345da6a016382cde1636457591c2f990893ad945e0a5d9bd33dafba28,08/11/2025 12:00:00 PM,2,DRIVER,,2027554,,CHEVROLET,EQUINOX,IL,2018,NONE,SPORT UTILITY VEHICLE (SUV),UNKNOWN/NA,N,STRAIGHT AHEAD,,,1,,,,,,,,,,Y,Y,Y,,,,,,REAR-LEFT-CORNER,,,,,,,,,,,,,,,,,,,,,,,,,,,,,,,,,
2126591,e5c81e7736e0a7a6522b85f32bbb9366305029fefea390f15c3ba72bccf7732fde5d79adbe8ce06ec561f610c5e249b8eea822242505608859185e746cebdf70,08/11/2025 12:00:00 PM,1,DRIVER,,2027282,,TESLA,OTHER (EXPLAIN IN NARRATIVE),IL,,UNKNOWN,PASSENGER,PERSONAL,W,STRAIGHT AHEAD,,,1,,,,,Y,,,,,,,,,,Y,Y,,FRONT,,,,,,,,,,,,,,,,,,,,,,,,,,,,,,,,,
2126613,e5c81e7736e0a7a6522b85f32bbb9366305029fefea390f15c3ba72bccf7732fde5d79adbe8ce06ec561f610c5e249b8eea822242505608859185e746cebdf70,08/11/2025 12:00:00 PM,2,PEDESTRIAN,,,,,,,,,,,,,,,,,,,,,,,,,,,,,,,,,,,,,,,,,,,,,,,,,,,,,,,,,,,,,,,,,,
2126203,add41858986bb20467a4220c001725e3261018c44afb49b191d7f9335727c25c8e6cc99b485f6ce6d37587946e9f5c5527e99e2006711d360c32b3af13267bc5,08/11/2025 11:56:00 AM,1,BICYCLE,,,,,,,,,,,,,,,,,,,,,,,,,,,,,,,,,,,,,,,,,,,,,,,,,,,,,,,,,,,,,,,,,,
2126204,add41858986bb20467a4220c001725e3261018c44afb49b191d7f9335727c25c8e6cc99b485f6ce6d37587946e9f5c5527e99e2006711d360c32b3af13267bc5,08/11/2025 11:56:00 AM,2,DRIVER,,2026914,,LEXUS,ES350,IL,2010,UNKNOWN,PASSENGER,PERSONAL,NW,TURNING RIGHT,,,1,,,,,Y,Y,Y,Y,,,,,,,,,,SIDE-RIGHT,,,,,,,,,,,,,,,,,,,,,,,,,,,,,,,,,
2126318,39e580e5b6a86797ca249fe3ae9ed24b5fe9363bc77552474123ff62d2380e368fdf16a379b496d1f6b875da5a130c6fe6d5a12b09f76a0ec97bdddf6157a0cb,08/11/2025 11:45:00 AM,1,DRIVER,,2027025,,GENERAL MOTORS CORPORATION (GMC),OTHER (EXPLAIN IN NARRATIVE),IL,2012,UNKNOWN,VAN/MINI-VAN,UNKNOWN/NA,S,BACKING,,,1,,,,,,,,,,,,,,,,,Y,REAR,,,,,,,,,,,,,,,,,,,,,,,,,,,,,,,,,
2126319,39e580e5b6a86797ca249fe3ae9ed24b5fe9363bc77552474123ff62d2380e368fdf16a379b496d1f6b875da5a130c6fe6d5a12b09f76a0ec97bdddf6157a0cb,08/11/2025 11:45:00 AM,2,PARKED,,2027018,,HONDA,ACCORD,IL,2000,NONE,PASSENGER,NOT IN USE,S,PARKED,,,0,,,,,,,,,,,,,,,Y,Y,,FRONT,,,,,,,,,,,,,,,,,,,,,,,,,,,,,,,,,
2126249,5b753272109b0b7e6a34d535b264c130bedf885f41a6414eb0aaa048a4e15e53e182d26ebadd522135e4974edb515668e4cc6fa5eb92063a8e932a463c11b298,08/11/2025 11:45:00 AM,1,DRIVER,,2026949,,TOYOTA,YARIS,IL,2012,NONE,PASSENGER,PERSONAL,E,ENTER FROM DRIVE/ALLEY,Y,,1,,AAA,UNKNOWN,,Y,,,,,,,,,,Y,Y,,FRONT,,,,,,,,,,,,,,,,,,,,,,,,,,,,,,,,,
2126250,5b753272109b0b7e6a34d535b264c130bedf885f41a6414eb0aaa048a4e15e53e182d26ebadd522135e4974edb515668e4cc6fa5eb92063a8e932a463c11b298,08/11/2025 11:45:00 AM,2,DRIVER,,2026950,,TOYOTA,TACOMA,IL,2020,NONE,PICKUP,PERSONAL,S,STRAIGHT AHEAD,,,1,,,,,,,Y,Y,,,,,,,,,,SIDE-RIGHT,,,,,,,,,,,,,,,,,,,,,,,,,,,,,,,,,
2126251,5b753272109b0b7e6a34d535b264c130bedf885f41a6414eb0aaa048a4e15e53e182d26ebadd522135e4974edb515668e4cc6fa5eb92063a8e932a463c11b298,08/11/2025 11:45:00 AM,3,PARKED,,2026952,,BUICK,ENCLAVE,IL,2020,NONE,PASSENGER,PERSONAL,N,PARKED,,,0,,,,,,,,,,Y,,,,,,,,REAR,,,,,,,,,,,,,,,,,,,,,,,,,,,,,,,,,
2126193,661001b4ef81b7b71ea1d3f5daafb5d581cbea2c5679672fdd5cde1d3c3770be31e7b10c8462defbccea5a20ee95c0b589b70f547b654abf59f105af773726c2,08/11/2025 11:40:00 AM,1,DRIVER,,2026898,,HYUNDAI,ACCENT,IL,2022,NONE,PASSENGER,PERSONAL,NW,ENTER FROM DRIVE/ALLEY,,,1,,,,,,,,,,,,,,,,,Y,FRONT,,,,,,,,,,,,,,,,,,,,,,,,,,,,,,,,,
2126194,661001b4ef81b7b71ea1d3f5daafb5d581cbea2c5679672fdd5cde1d3c3770be31e7b10c8462defbccea5a20ee95c0b589b70f547b654abf59f105af773726c2,08/11/2025 11:40:00 AM,2,DRIVER,,2026901,,ACURA,TLX,IL,2021,NONE,PASSENGER,PERSONAL,W,STRAIGHT AHEAD,,,1,,,,,,,,,,,Y,Y,,,,,,SIDE-LEFT-REAR,,,,,,,,,,,,,,,,,,,,,,,,,,,,,,,,,
2126221,6ed3c87110caa2195416edf669f734c64d44fcc202df7c77e51d07f84844d71490725f6e3f2731a93f8b50940f0e2cd0098f9919cfac19cf0b2e00a65f6eb155,08/11/2025 11:40:00 AM,1,BICYCLE,,,,,,,,,,,,,,,,,,,,,,,,,,,,,,,,,,,,,,,,,,,,,,,,,,,,,,,,,,,,,,,,,,
2126222,6ed3c87110caa2195416edf669f734c64d44fcc202df7c77e51d07f84844d71490725f6e3f2731a93f8b50940f0e2cd0098f9919cfac19cf0b2e00a65f6eb155,08/11/2025 11:40:00 AM,2,DRIVER,,2026935,,FORD,MUSTANG,IL,2024,NONE,SPORT UTILITY VEHICLE (SUV),OTHER,SW,STRAIGHT AHEAD,,,1,,,,,,,,,,,,,,,Y,Y,,FRONT-LEFT-CORNER,,,,,,,,,,,,,,,,,,,,,,,,,,,,,,,,,
2127542,0017168fa16a2a81e6f6e1bdd26e88b8647c1915b25250f36bf005844f13e3459e36ba24b96bacdbe2976b57b33d9d6f9a2a37fcd6edcb087edf52537aeff134,08/11/2025 11:30:00 AM,1,DRIVER,,2028180,,MITSUBISHI,OUTLANDER,MI,2022,NONE,PASSENGER,OTHER,E,BACKING,,,1,,,,,,,,,,Y,,,,,,,,REAR,,,,,,,,,,,,,,,,,,,,,,,,,,,,,,,,,
2126185,21ff2a57b9994f91ffdc131a235c14d84aded6b59db9d4fb3425b6995ab11b4344f15ed8912d06697a956b01ea8f7ec9125309b3138fd0428ab2e2ffb55401a2,08/11/2025 11:30:00 AM,1,DRIVER,,2026896,,JEEP,CHEROKEE,IL,2018,UNKNOWN,SPORT UTILITY VEHICLE (SUV),UNKNOWN/NA,E,PASSING/OVERTAKING,,,1,,,,,Y,Y,Y,Y,Y,,,,,,,,,SIDE-RIGHT,,,,,,,,,,,,,,,,,,,,,,,,,,,,,,,,,
2126186,21ff2a57b9994f91ffdc131a235c14d84aded6b59db9d4fb3425b6995ab11b4344f15ed8912d06697a956b01ea8f7ec9125309b3138fd0428ab2e2ffb55401a2,08/11/2025 11:30:00 AM,2,DRIVER,,2026900,,TOYOTA,PRIUS,IL,2022,UNKNOWN,PASSENGER,PERSONAL,N,STRAIGHT AHEAD,,,1,,,,,,,,,,,Y,Y,,,Y,,,SIDE-LEFT,,,,,,,,,,,,,,,,,,,,,,,,,,,,,,,,,
2126205,30e3472c27a5517c2231a191b2545dc87d943ffb607e42b3bfeb9c1dc19f17ec2e877d15e3c5c74493f780bc44743c0f50959f8e460c962fef2a5ef3684be297,08/11/2025 11:30:00 AM,1,DRIVER,,2026918,,SUBARU,OUTBACK,IL,2020,UNKNOWN,PASSENGER,PERSONAL,SW,TURNING LEFT,,,1,,,,,,,,,,,Y,Y,N,N,Y,,,SIDE-LEFT,,,,,,,,,,,,,,,,,,,,,,,,,,,,,,,,,
2126206,30e3472c27a5517c2231a191b2545dc87d943ffb607e42b3bfeb9c1dc19f17ec2e877d15e3c5c74493f780bc44743c0f50959f8e460c962fef2a5ef3684be297,08/11/2025 11:30:00 AM,2,BICYCLE,,,,,,,,,,,,,,,,,,,,,,,,,,,,,,,,,,,,,,,,,,,,,,,,,,,,,,,,,,,,,,,,,,
2126514,791562d5524ca7729a02c1f215c1fb111829e784dcb8ed0265abae0c49d6675091ce1a4f1a96466daef1fc93e96c0e2f22799a64629195b3fad4440a1181a8d1,08/11/2025 11:30:00 AM,1,DRIVER,,2027211,,MERCURY,MILAN,IL,2006,NONE,UNKNOWN/NA,UNKNOWN/NA,W,UNKNOWN/NA,,,1,,,,,,,,,,,,,,,,,Y,UNKNOWN,,,,,,,,,,,,,,,,,,,,,,,,,,,,,,,,,
2126515,791562d5524ca7729a02c1f215c1fb111829e784dcb8ed0265abae0c49d6675091ce1a4f1a96466daef1fc93e96c0e2f22799a64629195b3fad4440a1181a8d1,08/11/2025 11:30:00 AM,2,PARKED,,2027220,,AUDI,E-TRON,IL,2022,NONE,SPORT UTILITY VEHICLE (SUV),NOT IN USE,W,PARKED,,,0,,,,,,,,,,,Y,Y,Y,Y,Y,,,SIDE-LEFT,,,,,,,,,,,,,,,,,,,,,,,,,,,,,,,,,
2126187,8bf0f6b72a3fb0a2b5fb1779b1f7e410a4be1fc0436b06da0e67bb8c753e0238603383349bf9dc73d4bbdc030cf581650cfe573d52ca7998494fb96394d2a29d,08/11/2025 11:30:00 AM,1,DRIVER,,2026897,,HONDA,CIVIC,IL,2024,NONE,PASSENGER,PERSONAL,E,STRAIGHT AHEAD,,,1,,,,,,,,,,,,,,,,Y,,FRONT,,,,,,,,,,,,,,,,,,,,,,,,,,,,,,,,,
2126188,8bf0f6b72a3fb0a2b5fb1779b1f7e410a4be1fc0436b06da0e67bb8c753e0238603383349bf9dc73d4bbdc030cf581650cfe573d52ca7998494fb96394d2a29d,08/11/2025 11:30:00 AM,2,DRIVER,,2027418,,HONDA,CIVIC,IL,2022,NONE,PASSENGER,PERSONAL,S,STRAIGHT AHEAD,,,1,,,,,,,Y,,,,,,N,,,,,SIDE-RIGHT,,,,,,,,,,,,,,,,,,,,,,,,,,,,,,,,,
2126197,6928c1c77be54f63ef648347dd1c61f198ec5cf1a886558880047e63dc81af0af069b45c34da95993c61d5a339fc1ddd1b7e8dca1835548718f671084b26e554,08/11/2025 11:28:00 AM,1,DRIVER,,2026902,,HONDA,ACCORD,IL,2018,UNKNOWN,PASSENGER,UNKNOWN/NA,N,MERGING,,,1,,,,,,,,,,,,,Y,Y,Y,,,SIDE-LEFT-FRONT,,,,,,,,,,,,,,,,,,,,,,,,,,,,,,,,,
2126198,6928c1c77be54f63ef648347dd1c61f198ec5cf1a886558880047e63dc81af0af069b45c34da95993c61d5a339fc1ddd1b7e8dca1835548718f671084b26e554,08/11/2025 11:28:00 AM,2,DRIVER,,2026912,,TOYOTA,RAV4,IL,2008,UNKNOWN,PASSENGER,UNKNOWN/NA,N,STRAIGHT AHEAD,Y,,1,,OWNER,,,,Y,,,,,,,,,,,,SIDE-RIGHT-FRONT,,,,,,,,,,,,,,,,,,,,,,,,,,,,,,,,,
2126171,64e6ca83f0d6fad50238c71801ed809da1f4de4002e7de7a1448ade0a3979a00bcb1a5401c29341be3c8d1144e895db4104c2a5a8fe746b0ed31dc7736f0a84d,08/11/2025 11:27:00 AM,1,DRIVER,1,2026881,,MAZDA,MAZDA6,IL,2018,NONE,PASSENGER,PERSONAL,N,STRAIGHT AHEAD,,,2,,,,,Y,Y,Y,Y,Y,,,,,,,,,FRONT-RIGHT-CORNER,,,,,,,,,,,,,,,,,,,,,,,,,,,,,,,,,
2126172,64e6ca83f0d6fad50238c71801ed809da1f4de4002e7de7a1448ade0a3979a00bcb1a5401c29341be3c8d1144e895db4104c2a5a8fe746b0ed31dc7736f0a84d,08/11/2025 11:27:00 AM,2,PARKED,,2026883,,FORD,EXPLORER,IL,2015,NONE,PASSENGER,NOT IN USE,N,PARKED,,,0,,,,,,,,,,,,,,Y,Y,,,FRONT-LEFT-CORNER,,,,,,,,,,,,,,,,,,,,,,,,,,,,,,,,,
2126199,40105077cd164c78a80cb263228062b3dcad30a9f9c90f69cf765e58902ceb61d645831a5c754344a7e67ce5bc505223c39e1a8ab8f5d6d6e37e263ee2051f6a,08/11/2025 11:20:00 AM,1,DRIVER,,2026905,,CADILLAC,SRX,TX,2015,NONE,SPORT UTILITY VEHICLE (SUV),PERSONAL,W,TURNING RIGHT,,,1,,,,,,,,,,,,,,,,Y,,FRONT,,,,,,,,,,,,,,,,,,,,,,,,,,,,,,,,,
2126200,40105077cd164c78a80cb263228062b3dcad30a9f9c90f69cf765e58902ceb61d645831a5c754344a7e67ce5bc505223c39e1a8ab8f5d6d6e37e263ee2051f6a,08/11/2025 11:20:00 AM,2,DRIVER,,2026913,,HYUNDAI,ELANTRA,IL,2018,NONE,PASSENGER,PERSONAL,N,STRAIGHT AHEAD,,,1,,,,,Y,,,,,,,,,,,,,FRONT-RIGHT-CORNER,,,,,,,,,,,,,,,,,,,,,,,,,,,,,,,,,