CRASH_UNIT_ID,CRASH_RECORD_ID,CRASH_DATE,UNIT_NO,UNIT_TYPE,NUM_PASSENGERS,VEHICLE_ID,CMRC_VEH_I,MAKE,MODEL,LIC_PLATE_STATE,VEHICLE_YEAR,VEHICLE_DEFECT,VEHICLE_TYPE,VEHICLE_USE,TRAVEL_DIRECTION,MANEUVER,TOWED_I,FIRE_I,OCCUPANT_CNT,EXCEED_SPEED_LIMIT_I,TOWED_BY,TOWED_TO,AREA_00_I,AREA_01_I,AREA_02_I,AREA_03_I,AREA_04_I,AREA_05_I,AREA_06_I,AREA_07_I,AREA_08_I,AREA_09_I,AREA_10_I,AREA_11_I,AREA_12_I,AREA_99_I,FIRST_CONTACT_POINT,CMV_ID,USDOT_NO,CCMC_NO,ILCC_NO,COMMERCIAL_SRC,GVWR,CARRIER_NAME,CARRIER_STATE,CARRIER_CITY,HAZMAT_PLACARDS_I,HAZMAT_NAME,UN_NO,HAZMAT_PRESENT_I,HAZMAT_REPORT_I,HAZMAT_REPORT_NO,MCS_REPORT_I,MCS_REPORT_NO,HAZMAT_VIO_CAUSE_CRASH_I,MCS_VIO_CAUSE_CRASH_I,IDOT_PERMIT_NO,WIDE_LOAD_I,TRAILER1_WIDTH,TRAILER2_WIDTH,TRAILER1_LENGTH,TRAILER2_LENGTH,TOTAL_VEHICLE_LENGTH,AXLE_CNT,VEHICLE_CONFIG,CARGO_BODY_TYPE,LOAD_TYPE,HAZMAT_OUT_OF_SERVICE_I,MCS_OUT_OF_SERVICE_I,HAZMAT_CLASS
2126177,e05ca95a4f76bc874be1e370ba1b4612bcdc50768dcc89f57d5b31efa1a5e9e6a4465091c8543910a9e09db89ca82195f6a54b0fd02aaa370ca0c938f794fcfa,08/11/2025 11:20:00 AM,1,DRIVER,,2026888,,AUDI,OTHER (EXPLAIN IN NARRATIVE),IL,,NONE,SPORT UTILITY VEHICLE (SUV),PERSONAL,N,ENTERING TRAFFIC LANE FROM PARKING,,,1,,,,,,,,,,,,,,,Y,,,FRONT-LEFT-CORNER,,,,,,,,,,,,,,,,,,,,,,,,,,,,,,,,,
2126178,e05ca95a4f76bc874be1e370ba1b4612bcdc50768dcc89f57d5b31efa1a5e9e6a4465091c8543910a9e09db89ca82195f6a54b0fd02aaa370ca0c938f794fcfa,08/11/2025 11:20:00 AM,2,DRIVER,,2026891,,TOYOTA,CAMRY,IL,,NONE,PASSENGER,PERSONAL,N,STRAIGHT AHEAD,,,1,,,,,,,Y,Y,,,,,,,,,,SIDE-RIGHT,,,,,,,,,,,,,,,,,,,,,,,,,,,,,,,,,
2126168,1e88f1fe62c5e6b6ddf527c7b5082d7a73a9dccadb4ae17427f7ff918b4973690d6b72b8a53466e141cdffe936b842c65dc8fc00c692cfa85d2db09324d2a600,08/11/2025 11:12:00 AM,1,DRIVER,,2026880,N,OSHKOSH MOTOR TRUCK COMPANY,OSHKOSH MOTOR TRUCK CO.,,,NONE,VAN/MINI-VAN,OTHER,S,STRAIGHT AHEAD,,,1,,,,Y,,,,,,,,,,,,,,OTHER,,,,,,,,,,,,,,,,,,,,,,,,,,,,,,,,,
2126169,1e88f1fe62c5e6b6ddf527c7b5082d7a73a9dccadb4ae17427f7ff918b4973690d6b72b8a53466e141cdffe936b842c65dc8fc00c692cfa85d2db09324d2a600,08/11/2025 11:12:00 AM,2,PARKED,,2026884,,UNKNOWN,MOTORIZED,IL,,UNKNOWN,UNKNOWN/NA,UNKNOWN/NA,S,PARKED,,,0,,,,,,,,,,,,,,,,,Y,UNKNOWN,,,,,,,,,,,,,,,,,,,,,,,,,,,,,,,,,
2126235,7de0148df2f22e22dbb43495e4894e4c0a50bfe27719532cc4f49f3b47f851c8bea2d2552e03963f9902630a1c5404ed849ab0b6d5a4f9cbe2a8b8b731c3a207,08/11/2025 11:08:00 AM,1,DRIVER,1,2026945,,GENERAL MOTORS CORPORATION (GMC),ENVOY,IL,2008,BRAKES,SPORT UTILITY VEHICLE (SUV),PERSONAL,N,STRAIGHT AHEAD,,,2,,,,,Y,,,,,,,,,,,Y,,FRONT,,,,,,,,,,,,,,,,,,,,,,,,,,,,,,,,,
2126236,7de0148df2f22e22dbb43495e4894e4c0a50bfe27719532cc4f49f3b47f851c8bea2d2552e03963f9902630a1c5404ed849ab0b6d5a4f9cbe2a8b8b731c3a207,08/11/2025 11:08:00 AM,2,DRIVER,,2026966,,HONDA,RIDGELINE,IL,2013,UNKNOWN,PICKUP,PERSONAL,N,STRAIGHT AHEAD,,,1,,,,,,,,,,Y,,,,,,Y,,REAR,,,,,,,,,,,,,,,,,,,,,,,,,,,,,,,,,
2126237,7de0148df2f22e22dbb43495e4894e4c0a50bfe27719532cc4f49f3b47f851c8bea2d2552e03963f9902630a1c5404ed849ab0b6d5a4f9cbe2a8b8b731c3a207,08/11/2025 11:08:00 AM,3,DRIVER,,2026970,,TOYOTA,COROLLA,IL,2008,UNKNOWN,PASSENGER,PERSONAL,N,STRAIGHT AHEAD,,,1,,,,,,,,,Y,Y,Y,,,,,Y,,REAR,,,,,,,,,,,,,,,,,,,,,,,,,,,,,,,,,
2126238,7de0148df2f22e22dbb43495e4894e4c0a50bfe27719532cc4f49f3b47f851c8bea2d2552e03963f9902630a1c5404ed849ab0b6d5a4f9cbe2a8b8b731c3a207,08/11/2025 11:08:00 AM,4,DRIVER,,2026977,,TOYOTA,CAMRY,IL,2016,UNKNOWN,PASSENGER,PERSONAL,N,STRAIGHT AHEAD,,,1,,,,,,,,,,Y,,,,,,,,REAR,,,,,,,,,,,,,,,,,,,,,,,,,,,,,,,,,
2126467,1b1a2350b324e8d1019272c35b92f14cb6c473ea7ad23e83f084784634f1803635e717fa5cab550fd327380bc0049be99a4230bc82ee1727aad84fb65bd59dc4,08/11/2025 11:00:00 AM,1,DRIVER,,2027180,,UNKNOWN,MOTORIZED,IL,,UNKNOWN,UNKNOWN/NA,UNKNOWN/NA,UNKNOWN,UNKNOWN/NA,,,1,,,,,,,,,,,,,,,,,Y,UNKNOWN,,,,,,,,,,,,,,,,,,,,,,,,,,,,,,,,,
2126468,1b1a2350b324e8d1019272c35b92f14cb6c473ea7ad23e83f084784634f1803635e717fa5cab550fd327380bc0049be99a4230bc82ee1727aad84fb65bd59dc4,08/11/2025 11:00:00 AM,2,PARKED,,2027183,,MAZDA,CX-5,IL,2025,NONE,SPORT UTILITY VEHICLE (SUV),NOT IN USE,S,PARKED,,,0,,,,,,,,,,,,,,Y,Y,,,FRONT-LEFT-CORNER,,,,,,,,,,,,,,,,,,,,,,,,,,,,,,,,,
2126439,806b0fe5c3275e61d726caefe5ad7a652c3cfac827a2181820973fc71c50e48cf0bcff10af02b6a804e0f7cfea28afc05fd795b694e6feddfe1f192a2c177b2f,08/11/2025 11:00:00 AM,1,DRIVER,,2027132,,HONDA,CIVIC,IL,2018,UNKNOWN,PASSENGER,PERSONAL,E,STRAIGHT AHEAD,,,1,,,,,Y,Y,,,,,,,,,,,,FRONT-RIGHT-CORNER,,,,,,,,,,,,,,,,,,,,,,,,,,,,,,,,,
2126440,806b0fe5c3275e61d726caefe5ad7a652c3cfac827a2181820973fc71c50e48cf0bcff10af02b6a804e0f7cfea28afc05fd795b694e6feddfe1f192a2c177b2f,08/11/2025 11:00:00 AM,2,PARKED,,2027133,,CHRYSLER,TOWN & COUNTRY,MO,2024,UNKNOWN,VAN/MINI-VAN,NOT IN USE,E,PARKED,,,0,,,,,,,,,,,,,,Y,Y,,,FRONT-LEFT-CORNER,,,,,,,,,,,,,,,,,,,,,,,,,,,,,,,,,
2126162,c65643875ef182a60738c7aa08a89bae53042c6b0ea430bfc67b387b70a6e724a2c2eb07f3463a9d41c5b270155e5796f104d0d0089ae5593f7d7f5099049367,08/11/2025 11:00:00 AM,1,DRIVER,,2026873,,TOYOTA,COROLLA,IL,2015,UNKNOWN,PASSENGER,UNKNOWN/NA,E,BACKING,,,1,,,,,,,,,Y,Y,Y,,,,,,,REAR,,,,,,,,,,,,,,,,,,,,,,,,,,,,,,,,,
2126163,c65643875ef182a60738c7aa08a89bae53042c6b0ea430bfc67b387b70a6e724a2c2eb07f3463a9d41c5b270155e5796f104d0d0089ae5593f7d7f5099049367,08/11/2025 11:00:00 AM,2,DRIVER,,2026877,,HONDA,ACCORD,IL,2021,NONE,PASSENGER,PERSONAL,W,STRAIGHT AHEAD,,,1,,,,,Y,,,,,,,,,,Y,Y,,FRONT,,,,,,,,,,,,,,,,,,,,,,,,,,,,,,,,,
2128915,e5aff2909a3b92b4dcb03d24590b413e9afd82cddc07981ac55ccbc05307f3f6556f410d9d4749848672ad9cc4be7958dc7df390969965028fa45d61935a96e9,08/11/2025 11:00:00 AM,1,DRIVER,,2029482,,HONDA,CIVIC,IL,2012,NONE,PASSENGER,PERSONAL,N,STRAIGHT AHEAD,,,1,,,,,,,,,,,,,,,,Y,,FRONT,,,,,,,,,,,,,,,,,,,,,,,,,,,,,,,,,
2128916,e5aff2909a3b92b4dcb03d24590b413e9afd82cddc07981ac55ccbc05307f3f6556f410d9d4749848672ad9cc4be7958dc7df390969965028fa45d61935a96e9,08/11/2025 11:00:00 AM,2,DRIVER,,2029497,,CADILLAC,OTHER (EXPLAIN IN NARRATIVE),IL,2019,NONE,PASSENGER,PERSONAL,N,STRAIGHT AHEAD,,,1,,,,,,,,,,Y,,,,,,,,REAR,,,,,,,,,,,,,,,,,,,,,,,,,,,,,,,,,
2126490,e706085b0c92ba3ccc7a223c8ad022a43cabc8ada3b6d0541aafe74c6c5a7a4e90a15684b6369d0e6fadf072890f3dfc1bdeb5d38a8c0bec445883ad54457f3a,08/11/2025 11:00:00 AM,1,DRIVER,,2027177,,UNKNOWN,OTHER (EXPLAIN IN NARRATIVE),,,UNKNOWN,PASSENGER,PERSONAL,UNKNOWN,UNKNOWN/NA,,,1,,,,,,,,,,,,,,,,,Y,UNKNOWN,,,,,,,,,,,,,,,,,,,,,,,,,,,,,,,,,
2126491,e706085b0c92ba3ccc7a223c8ad022a43cabc8ada3b6d0541aafe74c6c5a7a4e90a15684b6369d0e6fadf072890f3dfc1bdeb5d38a8c0bec445883ad54457f3a,08/11/2025 11:00:00 AM,2,PARKED,,2027182,,TOYOTA,CAMRY,IL,2021,UNKNOWN,PASSENGER,PERSONAL,UNKNOWN,PARKED,,,0,,,,,,,,,Y,Y,Y,,,,N,,,REAR,,,,,,,,,,,,,,,,,,,,,,,,,,,,,,,,,
2126839,584b19beb80853b288477490581124dc831169d7fb14db078699c640fd330c3e70a2fe441550244bbea5c1d5e7a8ca847a6a5c955a7973fa670ea26501dfd951,08/11/2025 10:45:00 AM,1,DRIVER,,2027515,,UNKNOWN,OTHER (EXPLAIN IN NARRATIVE),,,UNKNOWN,UNKNOWN/NA,UNKNOWN/NA,UNKNOWN,UNKNOWN/NA,,,1,,,,,,,,,,,,,,,,,Y,SIDE-RIGHT,,,,,,,,,,,,,,,,,,,,,,,,,,,,,,,,,
2126840,584b19beb80853b288477490581124dc831169d7fb14db078699c640fd330c3e70a2fe441550244bbea5c1d5e7a8ca847a6a5c955a7973fa670ea26501dfd951,08/11/2025 10:45:00 AM,2,PARKED,,2027507,,VOLKSWAGEN,JETTA,IL,2025,NONE,PASSENGER,UNKNOWN/NA,UNKNOWN,PARKED,,,0,,,,,,,,,,,,,,,Y,Y,,FRONT,,,,,,,,,,,,,,,,,,,,,,,,,,,,,,,,,
2126158,945dc184f697cb91ffdc821dfd3d65140685cd24d7a4bdbbced5321c78bf899f9f4eb0d2efa81002acd699ebc0733ea65a03e4b166db2888a05baeb640f09e8a,08/11/2025 10:35:00 AM,1,DRIVER,1,2026865,,FORD,ESCAPE,IL,2020,UNKNOWN,PASSENGER,UNKNOWN/NA,W,PASSING/OVERTAKING,,,2,,,,,,,Y,,,,,,,,,,,SIDE-RIGHT,,,,,,,,,,,,,,,,,,,,,,,,,,,,,,,,,
2126159,945dc184f697cb91ffdc821dfd3d65140685cd24d7a4bdbbced5321c78bf899f9f4eb0d2efa81002acd699ebc0733ea65a03e4b166db2888a05baeb640f09e8a,08/11/2025 10:35:00 AM,2,DRIVER,,2026870,,FORD,TRANSIT,IL,2020,UNKNOWN,BUS UP TO 15 PASS.,COMMERCIAL - SINGLE UNIT,W,STRAIGHT AHEAD,,,1,,,,,,,,,,,Y,,,,,,,SIDE-LEFT-REAR,,,,,,,,,,,,,,,,,,,,,,,,,,,,,,,,,
2138181,312b42e511c0d6445450ddb06a1152aca85c472478f6d0983a5a7cc4b42e257738a427a44d2d219ec649c0326034445b5b55732c18c45a4e9f6bbbbec72801b4,08/11/2025 10:33:00 AM,1,DRIVER,,2038265,,JEEP,CJ-5,IL,2021,NONE,PASSENGER,PERSONAL,N,PASSING/OVERTAKING,,,1,,,,,,,,,,,,,,,,,Y,SIDE-LEFT,,,,,,,,,,,,,,,,,,,,,,,,,,,,,,,,,
2138182,312b42e511c0d6445450ddb06a1152aca85c472478f6d0983a5a7cc4b42e257738a427a44d2d219ec649c0326034445b5b55732c18c45a4e9f6bbbbec72801b4,08/11/2025 10:33:00 AM,2,DRIVER,,2038266,,CHEVROLET,EQUINOX,IL,2013,NONE,PASSENGER,PERSONAL,N,STRAIGHT AHEAD,,,1,,,,,Y,Y,Y,Y,Y,,,,,,,,,SIDE-RIGHT,,,,,,,,,,,,,,,,,,,,,,,,,,,,,,,,,
2126765,df37cdad6c9c97ad5ce3c29d777e38564ab7462a3a653c724bfe19e39e0f3ff35cfe319fcdcdcef616a225eba3ea0a7bca05f436d940c578c03a50f8ddd635b5,08/11/2025 10:30:00 AM,1,DRIVER,,2027465,,TESLA,OTHER (EXPLAIN IN NARRATIVE),IL,2020,UNKNOWN,PASSENGER,PERSONAL,S,ENTERING TRAFFIC LANE FROM PARKING,,,1,,,,,,,Y,,,,,,,,,,,SIDE-RIGHT,,,,,,,,,,,,,,,,,,,,,,,,,,,,,,,,,
2126766,df37cdad6c9c97ad5ce3c29d777e38564ab7462a3a653c724bfe19e39e0f3ff35cfe319fcdcdcef616a225eba3ea0a7bca05f436d940c578c03a50f8ddd635b5,08/11/2025 10:30:00 AM,2,PARKED,,2027437,,CHEVROLET,EXPRESS,IL,2020,UNKNOWN,VAN/MINI-VAN,COMMERCIAL - SINGLE UNIT,S,PARKED,,,0,,,,,,,,,,,,,,,Y,,,FRONT-LEFT-CORNER,,,,,,,,,,,,,,,,,,,,,,,,,,,,,,,,,
2127953,f793eccfbeba0931bd70ea71c62a67ac4fa74df3dbca89f253b545bcac88d2f451d821fb31dc918ce2aa0ebe642fc80342f60e58c0b29257bd896b1004fa3b6a,08/11/2025 10:30:00 AM,1,DRIVER,,2028567,,HYUNDAI,SANTA FE,IL,2019,UNKNOWN,PASSENGER,PERSONAL,E,MERGING,,,1,,,,,Y,Y,,,,,,,,,,,,FRONT-RIGHT-CORNER,,,,,,,,,,,,,,,,,,,,,,,,,,,,,,,,,
2127954,f793eccfbeba0931bd70ea71c62a67ac4fa74df3dbca89f253b545bcac88d2f451d821fb31dc918ce2aa0ebe642fc80342f60e58c0b29257bd896b1004fa3b6a,08/11/2025 10:30:00 AM,2,DRIVER,,2028622,,HONDA,ACCORD,IL,2024,UNKNOWN,PASSENGER,PERSONAL,E,STRAIGHT AHEAD,,,1,,,,,,,,,,,Y,Y,,,,,,REAR-LEFT-CORNER,,,,,,,,,,,,,,,,,,,,,,,,,,,,,,,,,
2126842,567311b2a0d64d188e66c3b4696ca1c3555ec5b6144270b026e44f939626b283ff806b555fe1708bfd3f92c757e517f12fcf523797f5a3e66a5803ad1de0142a,08/11/2025 10:22:00 AM,1,DRIVER,,2027513,,HONDA,ACCORD,IL,2024,UNKNOWN,PASSENGER,PERSONAL,E,STRAIGHT AHEAD,,,1,,,,,,,,,,,,Y,Y,Y,,,,SIDE-LEFT,,,,,,,,,,,,,,,,,,,,,,,,,,,,,,,,,
2126843,567311b2a0d64d188e66c3b4696ca1c3555ec5b6144270b026e44f939626b283ff806b555fe1708bfd3f92c757e517f12fcf523797f5a3e66a5803ad1de0142a,08/11/2025 10:22:00 AM,2,DRIVER,,2027521,,HYUNDAI,SANTA FE,IL,2019,UNKNOWN,PASSENGER,PERSONAL,E,STRAIGHT AHEAD,,,1,,,,,Y,Y,,,,,,,,N,N,,,SIDE-RIGHT,,,,,,,,,,,,,,,,,,,,,,,,,,,,,,,,,
2126526,97970d0dfe96e1cb7ed5fd9185898b7d71b6c20101261e9fd9c3443f312ba619f639d5eea9a2ff6970c6834b995efd747dc663644b8595064d11b01a87bdf57c,08/11/2025 10:20:00 AM,1,DRIVER,,2027219,,AUDI,OTHER (EXPLAIN IN NARRATIVE),IL,2015,NONE,PASSENGER,PERSONAL,UNKNOWN,BACKING,,,1,,,,,,,,,,,,,,,,,Y,UNKNOWN,,,,,,,,,,,,,,,,,,,,,,,,,,,,,,,,,
2126543,97970d0dfe96e1cb7ed5fd9185898b7d71b6c20101261e9fd9c3443f312ba619f639d5eea9a2ff6970c6834b995efd747dc663644b8595064d11b01a87bdf57c,08/11/2025 10:20:00 AM,2,PARKED,1,2027232,,MERCEDES-BENZ,OTHER (EXPLAIN IN NARRATIVE),IL,2011,NONE,PASSENGER,PERSONAL,UNKNOWN,PARKED,,,1,,,,,,,,,Y,,,,,,,,,REAR-RIGHT-CORNER,,,,,,,,,,,,,,,,,,,,,,,,,,,,,,,,,
2126154,32d377ab04d419508bc8e481ed3be58542e0249ff7013922692282756343a5985a7147fa0dd9b7510a6bb2d0554f3acfcb5a18c94bab26853179d52d168a803b,08/11/2025 10:16:00 AM,1,DRIVER,1,2026864,,AUDI,A6,IL,2004,UNKNOWN,PASSENGER,PERSONAL,S,STRAIGHT AHEAD,,,2,,,,,,,,,,,,,,,Y,Y,,FRONT-LEFT-CORNER,,,,,,,,,,,,,,,,,,,,,,,,,,,,,,,,,
2126155,32d377ab04d419508bc8e481ed3be58542e0249ff7013922692282756343a5985a7147fa0dd9b7510a6bb2d0554f3acfcb5a18c94bab26853179d52d168a803b,08/11/2025 10:16:00 AM,2,DRIVER,1,2026874,,KIA,SOUL,IL,2020,UNKNOWN,PASSENGER,PERSONAL,E,TURNING LEFT,Y,,2,,PRIVATE TOW,UNKNOWN,,,,,,,,Y,Y,Y,,,,,SIDE-LEFT-REAR,,,,,,,,,,,,,,,,,,,,,,,,,,,,,,,,,
2126756,3fdc3c50f31c07ed7e471d35d6d79d4fd47bde5f476f9760451def060fc3bb491279b6ef1101c8b4d323430f8ba96e3c7ac7d3245ea9c112c73967b688ec12a7,08/11/2025 10:15:00 AM,1,DRIVER,,2027433,,UNKNOWN,OTHER (EXPLAIN IN NARRATIVE),IL,,UNKNOWN,VAN/MINI-VAN,UNKNOWN/NA,S,LEAVING TRAFFIC LANE TO PARK,,,1,,,,,,,,,,,,,,,,Y,,FRONT,,,,,,,,,,,,,,,,,,,,,,,,,,,,,,,,,
2126757,3fdc3c50f31c07ed7e471d35d6d79d4fd47bde5f476f9760451def060fc3bb491279b6ef1101c8b4d323430f8ba96e3c7ac7d3245ea9c112c73967b688ec12a7,08/11/2025 10:15:00 AM,2,PARKED,,2027434,Y,CHEVROLET,EXPRESS,IL,2020,UNKNOWN,VAN/MINI-VAN,COMMERCIAL - SINGLE UNIT,S,PARKED,,,0,,,,,,,,,,Y,,,,,,,,REAR,,,,,,,,,,,,,,,,,,,,,,,,,,,,,,,,,
2126156,a475bc786dc428970de608f7ec97efb17903c46418d6a900d367f65e9d90bda5599055e6449bff90df7151f9f4cb2313aca80ecfd35e7cef3ef7cecb13d92652,08/11/2025 09:59:00 AM,1,DRIVER,,2026863,,FREIGHTLINER CORPORATION,FREIGHTLINER CORP.,IL,2019,UNKNOWN,BUS OVER 15 PASS.,RIDESHARE SERVICE,N,STRAIGHT AHEAD,,,1,,,,,,,,,Y,Y,,,,,,,,REAR-RIGHT-CORNER,,,,,,,,,,,,,,,,,,,,,,,,,,,,,,,,,
2126157,a475bc786dc428970de608f7ec97efb17903c46418d6a900d367f65e9d90bda5599055e6449bff90df7151f9f4cb2313aca80ecfd35e7cef3ef7cecb13d92652,08/11/2025 09:59:00 AM,2,DRIVER,,2026868,,HYUNDAI,SANTA FE,IL,2007,UNKNOWN,PASSENGER,PERSONAL,N,SLOW/STOP IN TRAFFIC,,,1,,,,,,,,,,,,,,Y,Y,,,FRONT-LEFT-CORNER,,,,,,,,,,,,,,,,,,,,,,,,,,,,,,,,,
2126164,523aa5c646a57db507ccc1b7a95f1cc68e18b99257fe279d25df4bd6465d33f20807347b2806a7b3c1a17163d81b45ac60c47bc988da00fd6a69c278bc682797,08/11/2025 09:50:00 AM,1,DRIVER,,2026875,,TOYOTA,PRIUS,IL,2011,OTHER,PASSENGER,PERSONAL,S,STRAIGHT AHEAD,,,1,,,,,Y,,,,,,,,,,Y,Y,,FRONT,,,,,,,,,,,,,,,,,,,,,,,,,,,,,,,,,
2126165,523aa5c646a57db507ccc1b7a95f1cc68e18b99257fe279d25df4bd6465d33f20807347b2806a7b3c1a17163d81b45ac60c47bc988da00fd6a69c278bc682797,08/11/2025 09:50:00 AM,2,DRIVER,1,2026878,,SUBARU,OUTBACK,IL,2025,UNKNOWN,SPORT UTILITY VEHICLE (SUV),PERSONAL,E,STRAIGHT AHEAD,,,2,,,,,,,,,,,Y,Y,Y,Y,Y,,,SIDE-LEFT,,,,,,,,,,,,,,,,,,,,,,,,,,,,,,,,,
2126231,40962d33962e0a0055c5048dfe2c3dc1dbd9c446db7301e9b0e0e36f0825642823083290686508c184778a0c22125b06256459cfaa5d691a75c720f56c1167e6,08/11/2025 09:45:00 AM,1,DRIVER,,2026936,,HYUNDAI,PALISADE,IL,2022,NONE,PASSENGER,UNKNOWN/NA,W,BACKING,,,1,,,,,,,,,,,,,,,Y,,,FRONT-LEFT-CORNER,,,,,,,,,,,,,,,,,,,,,,,,,,,,,,,,,
2126232,40962d33962e0a0055c5048dfe2c3dc1dbd9c446db7301e9b0e0e36f0825642823083290686508c184778a0c22125b06256459cfaa5d691a75c720f56c1167e6,08/11/2025 09:45:00 AM,2,PARKED,2,2026942,,KIA,OTHER (EXPLAIN IN NARRATIVE),IL,2025,NONE,PASSENGER,NOT IN USE,W,PARKED,,,2,,,,,,,,,Y,,,,,,,,,REAR-RIGHT-CORNER,,,,,,,,,,,,,,,,,,,,,,,,,,,,,,,,,
2126451,812fce7138346d802d4c2f9975ea9ec4adbba72cfb3571e66dc9c2ce0dc14300909ce30b3e7a4d2182ecd4e46c8fb157fd0ab98867a5bbc298db64e74eddc276,08/11/2025 09:37:00 AM,1,DRIVER,,2027144,,MERCEDES-BENZ,ML350,IL,2015,UNKNOWN,PASSENGER,PERSONAL,UNKNOWN,UNKNOWN/NA,,,1,,,,,,,,,Y,Y,Y,,,,,,,REAR,,,,,,,,,,,,,,,,,,,,,,,,,,,,,,,,,
2126452,812fce7138346d802d4c2f9975ea9ec4adbba72cfb3571e66dc9c2ce0dc14300909ce30b3e7a4d2182ecd4e46c8fb157fd0ab98867a5bbc298db64e74eddc276,08/11/2025 09:37:00 AM,2,DRIVER,,2027148,,KIA,SPORTAGE,IL,2019,UNKNOWN,PASSENGER,PERSONAL,UNKNOWN,UNKNOWN/NA,,,1,,,,,Y,Y,,,,,,,,Y,Y,Y,,FRONT,,,,,,,,,,,,,,,,,,,,,,,,,,,,,,,,,
2126173,1f2a4592c9255a46a92b63831dfea3f71ae4634fdecd1bacf4e4136d9974044915263c804007f1c24446bafa77aff3bd758e52b8c11c2ea75c3e9e2db7427590,08/11/2025 09:30:00 AM,1,DRIVER,,2026892,,CHEVROLET,OTHER (EXPLAIN IN NARRATIVE),IL,2018,UNKNOWN,PASSENGER,PERSONAL,E,SLOW/STOP IN TRAFFIC,,,1,,,,,,,,,,,,,,,Y,Y,,FRONT-LEFT-CORNER,,,,,,,,,,,,,,,,,,,,,,,,,,,,,,,,,
2126174,1f2a4592c9255a46a92b63831dfea3f71ae4634fdecd1bacf4e4136d9974044915263c804007f1c24446bafa77aff3bd758e52b8c11c2ea75c3e9e2db7427590,08/11/2025 09:30:00 AM,2,DRIVER,,2026911,,UNKNOWN,OTHER (EXPLAIN IN NARRATIVE),IL,,UNKNOWN,UNKNOWN/NA,UNKNOWN/NA,W,BACKING,,,1,,,,,,,,,,,,,,,,,Y,UNKNOWN,,,,,,,,,,,,,,,,,,,,,,,,,,,,,,,,,
2126120,19893c5c147d3648216ada5e9dcca2e0e129f7f4d963a858d5641eae7f2600c17ceecb11ca63aa1402c5ae5bb1b8bbbef708770025c0a9732164c0c033085688,08/11/2025 09:00:00 AM,1,DRIVER,,2026833,,JEEP,CHEROKEE,IL,2008,UNKNOWN,SPORT UTILITY VEHICLE (SUV),UNKNOWN/NA,N,STRAIGHT AHEAD,,,1,,,,,Y,,,,,,,,,,Y,Y,,FRONT,,,,,,,,,,,,,,,,,,,,,,,,,,,,,,,,,
2126229,f9df9666dc79cc821b0306ee95497016bb38860b53a889a3abde9e45319b9d95e3beb327cd33f06511cd39d6a2e2387e8229357096818221e816c215e6618781,08/11/2025 09:00:00 AM,1,DRIVER,,2026938,,UNKNOWN,OTHER (EXPLAIN IN NARRATIVE),,,NONE,PASSENGER,PERSONAL,UNKNOWN,STRAIGHT AHEAD,,,1,,,,,,,,,,,,,,,,,Y,UNKNOWN,,,,,,,,,,,,,,,,,,,,,,,,,,,,,,,,,
2126230,f9df9666dc79cc821b0306ee95497016bb38860b53a889a3abde9e45319b9d95e3beb327cd33f06511cd39d6a2e2387e8229357096818221e816c215e6618781,08/11/2025 09:00:00 AM,2,PARKED,,2026940,,KIA,TELLURIDE,IL,2024,NONE,PASSENGER,PERSONAL,UNKNOWN,PARKED,,,0,,,,,Y,N,,,,,,,N,Y,Y,Y,,FRONT,,,,,,,,,,,,,,,,,,,,,,,,,,,,,,,,,
2126133,ae5e903957a037506fe517568bf2c204ef0e473a361ff7bb7c1316f8857b14746f2a0b528ce6ce0313d4bd4d73116bacc75655582970a12b25c16e3d75d0b797,08/11/2025 08:55:00 AM,1,DRIVER,,2026843,,UNKNOWN,OTHER (EXPLAIN IN NARRATIVE),,,UNKNOWN,UNKNOWN/NA,UNKNOWN/NA,W,UNKNOWN/NA,,,1,,,,,,,,,,,,,,,,,,UNKNOWN,,,,,,,,,,,,,,,,,,,,,,,,,,,,,,,,,
2126134,ae5e903957a037506fe517568bf2c204ef0e473a361ff7bb7c1316f8857b14746f2a0b528ce6ce0313d4bd4d73116bacc75655582970a12b25c16e3d75d0b797,08/11/2025 08:55:00 AM,2,PARKED,,2026845,,JAGUAR,F-PACE,IL,2017,UNKNOWN,PASSENGER,PERSONAL,UNKNOWN,PARKED,,,0,,,,,,,,,,,,,,,Y,,,FRONT-LEFT-CORNER,,,,,,,,,,,,,,,,,,,,,,,,,,,,,,,,,
2126109,e085b5aefd9e6fad89c79fb2b6a1f066752e9ac6b879f0a5f1da0115622f8dc7c23b3708d23f36440782838fd6b0c8e1662c934c825af4dfd2fdfb4db7800b28,08/11/2025 08:50:00 AM,1,DRIVER,,2026827,,MITSUBISHI,OUTLANDER,IL,2015,UNKNOWN,SPORT UTILITY VEHICLE (SUV),UNKNOWN/NA,E,TURNING LEFT,,,1,,,,,,,,,,,,,,Y,Y,Y,,FRONT-LEFT-CORNER,,,,,,,,,,,,,,,,,,,,,,,,,,,,,,,,,
2126110,e085b5aefd9e6fad89c79fb2b6a1f066752e9ac6b879f0a5f1da0115622f8dc7c23b3708d23f36440782838fd6b0c8e1662c934c825af4dfd2fdfb4db7800b28,08/11/2025 08:50:00 AM,2,DRIVER,,2026825,,NISSAN,VERSA,IL,2017,UNKNOWN,SPORT UTILITY VEHICLE (SUV),PERSONAL,S,STRAIGHT AHEAD,,,1,,,,,Y,Y,,,,,,,,,,Y,,FRONT-RIGHT-CORNER,,,,,,,,,,,,,,,,,,,,,,,,,,,,,,,,,