CRASH_UNIT_ID,CRASH_RECORD_ID,CRASH_DATE,UNIT_NO,UNIT_TYPE,NUM_PASSENGERS,VEHICLE_ID,CMRC_VEH_I,MAKE,MODEL,LIC_PLATE_STATE,VEHICLE_YEAR,VEHICLE_DEFECT,VEHICLE_TYPE,VEHICLE_USE,TRAVEL_DIRECTION,MANEUVER,TOWED_I,FIRE_I,OCCUPANT_CNT,EXCEED_SPEED_LIMIT_I,TOWED_BY,TOWED_TO,AREA_00_I,AREA_01_I,AREA_02_I,AREA_03_I,AREA_04_I,AREA_05_I,AREA_06_I,AREA_07_I,AREA_08_I,AREA_09_I,AREA_10_I,AREA_11_I,AREA_12_I,AREA_99_I,FIRST_CONTACT_POINT,CMV_ID,USDOT_NO,CCMC_NO,ILCC_NO,COMMERCIAL_SRC,GVWR,CARRIER_NAME,CARRIER_STATE,CARRIER_CITY,HAZMAT_PLACARDS_I,HAZMAT_NAME,UN_NO,HAZMAT_PRESENT_I,HAZMAT_REPORT_I,HAZMAT_REPORT_NO,MCS_REPORT_I,MCS_REPORT_NO,HAZMAT_VIO_CAUSE_CRASH_I,MCS_VIO_CAUSE_CRASH_I,IDOT_PERMIT_NO,WIDE_LOAD_I,TRAILER1_WIDTH,TRAILER2_WIDTH,TRAILER1_LENGTH,TRAILER2_LENGTH,TOTAL_VEHICLE_LENGTH,AXLE_CNT,VEHICLE_CONFIG,CARGO_BODY_TYPE,LOAD_TYPE,HAZMAT_OUT_OF_SERVICE_I,MCS_OUT_OF_SERVICE_I,HAZMAT_CLASS
2126131,a09724ea35ec108ab5ff1d04bbe2d9da05a21be1920e476a6163890edf82296abee7b91484c96cff09adbed543f686acf42d7c69a145203f3d9ee499103ecdd9,08/11/2025 08:49:00 AM,1,DRIVER,,2026852,,CHEVROLET,OTHER (EXPLAIN IN NARRATIVE),IL,2012,UNKNOWN,PICKUP,PERSONAL,N,STRAIGHT AHEAD,,,1,,,,,,,,,,,,,,,Y,,,FRONT,,,,,,,,,,,,,,,,,,,,,,,,,,,,,,,,,
2126132,a09724ea35ec108ab5ff1d04bbe2d9da05a21be1920e476a6163890edf82296abee7b91484c96cff09adbed543f686acf42d7c69a145203f3d9ee499103ecdd9,08/11/2025 08:49:00 AM,2,PARKED,,2026849,N,CHEVROLET,MALIBU,IL,,UNKNOWN,PASSENGER,PERSONAL,N,PARKED,,,0,,,,,,,,,,,Y,,,,,,,REAR-LEFT-CORNER,,,,,,,,,,,,,,,,,,,,,,,,,,,,,,,,,
2126140,9107e0fbf9d9cd2292e11c8c6cb0c2ab331299ef079487c9af6c18607620edb06086b419db579ceccbf75de022ccdb0ae28bbb8218782d26f45df509fdf3c5e0,08/11/2025 08:34:00 AM,1,DRIVER,,2026850,,CHEVROLET,VAN,,2000,UNKNOWN,VAN/MINI-VAN,UNKNOWN/NA,S,STRAIGHT AHEAD,,,1,,,,,,,,,,,,,,,,,Y,UNKNOWN,,,,,,,,,,,,,,,,,,,,,,,,,,,,,,,,,
2126141,9107e0fbf9d9cd2292e11c8c6cb0c2ab331299ef079487c9af6c18607620edb06086b419db579ceccbf75de022ccdb0ae28bbb8218782d26f45df509fdf3c5e0,08/11/2025 08:34:00 AM,2,DRIVER,,2026855,Y,NOVA BUS,RTS,IL,2014,UNKNOWN,BUS OVER 15 PASS.,CTA,S,STRAIGHT AHEAD,,,1,,,,,Y,,,,,,,,,,,,,FRONT-LEFT-CORNER,"21,966",,,,DRIVER,,CHICAGO TRANSIT AUTHORITY,IL,CHICAGO,,,,N,N,,U,,N,N,,,,,,,,2,BUS,BUS,OTHER,N,,
2126309,2a45250e28512f081cc4675df340acc2a807d6903694671625d0f63eabb0bb0d76b570d78e51a2c18beaa2dde98aa9a0ec9dfbd00456466eb17a874cc145c306,08/11/2025 08:30:00 AM,1,DRIVER,,2027010,,FORD,OTHER (EXPLAIN IN NARRATIVE),IL,2019,UNKNOWN,SPORT UTILITY VEHICLE (SUV),UNKNOWN/NA,N,UNKNOWN/NA,,,1,,,,,Y,,,,,,,,,,,,,FRONT-RIGHT-CORNER,,,,,,,,,,,,,,,,,,,,,,,,,,,,,,,,,
2126310,2a45250e28512f081cc4675df340acc2a807d6903694671625d0f63eabb0bb0d76b570d78e51a2c18beaa2dde98aa9a0ec9dfbd00456466eb17a874cc145c306,08/11/2025 08:30:00 AM,2,DRIVER,,2027014,,TOYOTA,HIGHLANDER,IL,2023,NONE,SPORT UTILITY VEHICLE (SUV),UNKNOWN/NA,N,STRAIGHT AHEAD,,,1,,,,,,,,,,,,Y,Y,,,,,SIDE-LEFT,,,,,,,,,,,,,,,,,,,,,,,,,,,,,,,,,
2126146,3cedb0f264d5cb11ca26a163f3a555cbc502a28df030784e9a9a5b04cea87f6523740cb1924ce6c5825f32549814bac69da123a0fbf1994f9798c046bf42c36e,08/11/2025 08:25:00 AM,1,DRIVER,,2026859,,CHEVROLET,IMPALA,IL,2018,NONE,PASSENGER,PERSONAL,SW,STRAIGHT AHEAD,,,1,,,,,,,,,Y,,,,,,,,,REAR-RIGHT-CORNER,,,,,,,,,,,,,,,,,,,,,,,,,,,,,,,,,
2126147,3cedb0f264d5cb11ca26a163f3a555cbc502a28df030784e9a9a5b04cea87f6523740cb1924ce6c5825f32549814bac69da123a0fbf1994f9798c046bf42c36e,08/11/2025 08:25:00 AM,2,PARKED,,2026854,,HONDA,HR-V,IL,2022,NONE,SPORT UTILITY VEHICLE (SUV),PERSONAL,SW,PARKED,,,0,,,,,,,,,,,Y,,,,,,,REAR-LEFT-CORNER,,,,,,,,,,,,,,,,,,,,,,,,,,,,,,,,,
2126103,0a4c8766a1209a8c8d7a68d4f0ad0cdd52f893a47a1c37115e7824d15349350b945d53d00fec65a13018834be3e02ce87cd2c454f387c093ecf8905eae9d3bd2,08/11/2025 08:20:00 AM,1,DRIVER,,2026819,,FORD,ECONOLINE E150,IL,2015,UNKNOWN,VAN/MINI-VAN,PERSONAL,N,PASSING/OVERTAKING,,,1,,,,,,,,,,,,,,,,,Y,FRONT-RIGHT-CORNER,,,,,,,,,,,,,,,,,,,,,,,,,,,,,,,,,
2126104,0a4c8766a1209a8c8d7a68d4f0ad0cdd52f893a47a1c37115e7824d15349350b945d53d00fec65a13018834be3e02ce87cd2c454f387c093ecf8905eae9d3bd2,08/11/2025 08:20:00 AM,2,DRIVER,,2026822,,DODGE,AVENGER,IL,2011,NONE,PASSENGER,PERSONAL,N,STRAIGHT AHEAD,,,1,,,,,,,,,,,,,,Y,Y,,,SIDE-LEFT-FRONT,,,,,,,,,,,,,,,,,,,,,,,,,,,,,,,,,
2126142,515d5ec2ef897a757a46a75ac4ad7383a55a221f11cdad0105db80258db37c4a54a760d9424c0fee13b0d0f62639ffaabaea59aebf55c90865ffb712ff46eaeb,08/11/2025 08:20:00 AM,1,DRIVER,,2026856,,DODGE,RAM 1500 PU,IL,2013,UNKNOWN,PICKUP,UNKNOWN/NA,N,STRAIGHT AHEAD,Y,,1,,OWNER,UNKNOWN,,Y,,,,,,,,,,Y,Y,,FRONT,,,,,,,,,,,,,,,,,,,,,,,,,,,,,,,,,
2126143,515d5ec2ef897a757a46a75ac4ad7383a55a221f11cdad0105db80258db37c4a54a760d9424c0fee13b0d0f62639ffaabaea59aebf55c90865ffb712ff46eaeb,08/11/2025 08:20:00 AM,2,DRIVER,1,2026853,,BMW,X5,IL,2020,UNKNOWN,PASSENGER,PERSONAL,N,STRAIGHT AHEAD,,,2,,,,,,,,,Y,Y,Y,,,,,,,REAR,,,,,,,,,,,,,,,,,,,,,,,,,,,,,,,,,
2126111,4ed17f4292f32c5f6f34ece90ad1945fce80b0ab8a3202d7af4f7ff818819d032ac5d1714e4116c16270ddccb7868b4f19e864b2cb20db14f46d74c6db11ab36,08/11/2025 08:16:00 AM,1,DRIVER,,2026824,,HYUNDAI,TUCSON,IL,2010,UNKNOWN,PASSENGER,PERSONAL,S,STRAIGHT AHEAD,,,1,,,,,,,,,,,,,,,,Y,,FRONT,,,,,,,,,,,,,,,,,,,,,,,,,,,,,,,,,
2126112,4ed17f4292f32c5f6f34ece90ad1945fce80b0ab8a3202d7af4f7ff818819d032ac5d1714e4116c16270ddccb7868b4f19e864b2cb20db14f46d74c6db11ab36,08/11/2025 08:16:00 AM,2,DRIVER,1,2026826,,CHEVROLET,EQUINOX,IL,2020,UNKNOWN,UNKNOWN/NA,PERSONAL,S,STRAIGHT AHEAD,,,2,,,,,,,,,,Y,,,,,,,,REAR,,,,,,,,,,,,,,,,,,,,,,,,,,,,,,,,,
2126179,7b31f706d9a0f90574c0070f1838c4c1fbe80963f059b45946f306da2eb336da7c36ee20f5837e3fbb2f8e2d3afb00cffa7525502564305abebdaaf710c8f9c4,08/11/2025 08:15:00 AM,1,DRIVER,,2026890,,HONDA,CR-V,AZ,2006,UNKNOWN,SPORT UTILITY VEHICLE (SUV),PERSONAL,E,TURNING RIGHT,,,1,,,,Y,,,,,,,,,,,,,,FRONT,,,,,,,,,,,,,,,,,,,,,,,,,,,,,,,,,
2126180,7b31f706d9a0f90574c0070f1838c4c1fbe80963f059b45946f306da2eb336da7c36ee20f5837e3fbb2f8e2d3afb00cffa7525502564305abebdaaf710c8f9c4,08/11/2025 08:15:00 AM,2,DRIVER,,2026893,,CHEVROLET,OTHER (EXPLAIN IN NARRATIVE),IL,2020,UNKNOWN,PASSENGER,PERSONAL,E,STRAIGHT AHEAD,Y,,1,,TO BE TOWED PRIVATE,HOME,,,,,Y,Y,Y,Y,,,,,,,REAR-RIGHT-CORNER,,,,,,,,,,,,,,,,,,,,,,,,,,,,,,,,,
2126092,f6d9094814122c74373401dcd06fe3556a471106c134bc192e2958663e5e16cf97c908da75fb7399953f4b45ec5c643f9b410b6ef039f3d6f62c6bcf17c34a43,08/11/2025 07:59:00 AM,1,DRIVER,1,2026804,,TOYOTA,C-HR,IL,2018,NONE,PASSENGER,PERSONAL,W,STRAIGHT AHEAD,,,2,,,,,Y,Y,Y,Y,Y,,,,,,,,,SIDE-RIGHT,,,,,,,,,,,,,,,,,,,,,,,,,,,,,,,,,
2126093,f6d9094814122c74373401dcd06fe3556a471106c134bc192e2958663e5e16cf97c908da75fb7399953f4b45ec5c643f9b410b6ef039f3d6f62c6bcf17c34a43,08/11/2025 07:59:00 AM,2,DRIVER,,2026805,N,FORD,TRANSIT,IL,2020,NONE,VAN/MINI-VAN,OTHER,W,OTHER,,,1,,,,,,,,,,,Y,,,,,,,REAR-LEFT-CORNER,,,,,,,,,,,,,,,,,,,,,,,,,,,,,,,,,
2126094,9c002484666c6f68b70039c0f0eabc4808662d9849a8f1ac85d470a5b839e1be503080f25bd29990f80e236a9c321ae2bb6c6ec5f699f0a30ea89096f79f1821,08/11/2025 07:45:00 AM,1,DRIVER,,2026806,,UNKNOWN,MOTORIZED,IL,,UNKNOWN,UNKNOWN/NA,UNKNOWN/NA,UNKNOWN,UNKNOWN/NA,,,1,,,,,,,,,,,,,,,,,Y,UNKNOWN,,,,,,,,,,,,,,,,,,,,,,,,,,,,,,,,,
2126095,9c002484666c6f68b70039c0f0eabc4808662d9849a8f1ac85d470a5b839e1be503080f25bd29990f80e236a9c321ae2bb6c6ec5f699f0a30ea89096f79f1821,08/11/2025 07:45:00 AM,2,PARKED,,2026812,,JEEP,COMPASS,IL,2025,UNKNOWN,SPORT UTILITY VEHICLE (SUV),PERSONAL,W,PARKED,,,0,,,,,,,,,,,Y,,,,,,,REAR-LEFT-CORNER,,,,,,,,,,,,,,,,,,,,,,,,,,,,,,,,,
2126105,7289f44d3df45cc3c6f87ddc8b55fca6aec92d578838b7a042386ba892eb7fc8217e3ba1a38d4fccdae3f473853f589a1de8220e4688f93257d517f12d0e56a4,08/11/2025 07:40:00 AM,1,DRIVER,1,2026818,,FORD,EXPLORER,IL,2023,UNKNOWN,SPORT UTILITY VEHICLE (SUV),UNKNOWN/NA,NE,MERGING,,,2,,,,,,,,,,,,,,,Y,,,FRONT-LEFT-CORNER,,,,,,,,,,,,,,,,,,,,,,,,,,,,,,,,,
2126106,7289f44d3df45cc3c6f87ddc8b55fca6aec92d578838b7a042386ba892eb7fc8217e3ba1a38d4fccdae3f473853f589a1de8220e4688f93257d517f12d0e56a4,08/11/2025 07:40:00 AM,2,DRIVER,,2026823,,MAZDA,CX-5,IL,2025,UNKNOWN,SPORT UTILITY VEHICLE (SUV),UNKNOWN/NA,E,STRAIGHT AHEAD,,,1,,,,,N,Y,Y,Y,,,,,,,,,,SIDE-RIGHT-FRONT,,,,,,,,,,,,,,,,,,,,,,,,,,,,,,,,,
2126086,79a8aa04fbdd0d9310d795b52bb80786e1a1f6fc04765ef050c5ada76d6bff2f36e0cb6fb155535243829e8a380cde33ecd8b21d201289ed66d2f1edc995852f,08/11/2025 07:33:00 AM,1,DRIVER,,2026799,,MAZDA,CX-9,IL,2023,NONE,PASSENGER,PERSONAL,N,STRAIGHT AHEAD,,,1,,,,,,,,,,,,,,,,Y,,FRONT,,,,,,,,,,,,,,,,,,,,,,,,,,,,,,,,,
2126087,79a8aa04fbdd0d9310d795b52bb80786e1a1f6fc04765ef050c5ada76d6bff2f36e0cb6fb155535243829e8a380cde33ecd8b21d201289ed66d2f1edc995852f,08/11/2025 07:33:00 AM,2,DRIVER,,2026802,,GENERAL MOTORS CORPORATION (GMC),TERRAIN,IL,2019,NONE,SPORT UTILITY VEHICLE (SUV),PERSONAL,N,STRAIGHT AHEAD,,,1,,,,,,,,,,Y,,,,,,,,REAR,,,,,,,,,,,,,,,,,,,,,,,,,,,,,,,,,
2126113,522c93fc575eed2b8ef47846e689bf95b2cb654f213c6f5f9cac3152c0bf611a39b50c9cbe2bb01b3b8e01b633152a08c109d1730c2439eeae1cd337b233b9fd,08/11/2025 07:25:00 AM,1,DRIVER,,2026828,,KIA,CARNIVAL,IL,2024,NONE,SPORT UTILITY VEHICLE (SUV),PERSONAL,E,LEAVING TRAFFIC LANE TO PARK,,,1,,,,,,Y,Y,Y,Y,,,,,,,,,REAR-RIGHT-CORNER,,,,,,,,,,,,,,,,,,,,,,,,,,,,,,,,,
2126114,522c93fc575eed2b8ef47846e689bf95b2cb654f213c6f5f9cac3152c0bf611a39b50c9cbe2bb01b3b8e01b633152a08c109d1730c2439eeae1cd337b233b9fd,08/11/2025 07:25:00 AM,2,PARKED,,2026832,,VOLKSWAGEN,ATLAS,IL,2020,UNKNOWN,SPORT UTILITY VEHICLE (SUV),UNKNOWN/NA,E,PARKED,,,0,,,,,,,,,,,,,,,Y,,,FRONT-LEFT-CORNER,,,,,,,,,,,,,,,,,,,,,,,,,,,,,,,,,
2126088,1774c3a196d62e08091cd2e1126d09a954c80b6a71294df66a72902274e669dfba030aca7bfac68d991e10172523f32822b43c74d698a76686d956a6da302f55,08/11/2025 07:20:00 AM,1,DRIVER,,2026803,,CHEVROLET,SILVERADO,IL,2019,UNKNOWN,PICKUP,UNKNOWN/NA,E,TURNING LEFT,,,1,,,,,,,,,,,,,,,,,Y,SIDE-LEFT,,,,,,,,,,,,,,,,,,,,,,,,,,,,,,,,,
2126089,1774c3a196d62e08091cd2e1126d09a954c80b6a71294df66a72902274e669dfba030aca7bfac68d991e10172523f32822b43c74d698a76686d956a6da302f55,08/11/2025 07:20:00 AM,2,DRIVER,,2026800,,HYUNDAI,VENUE,IL,2024,UNKNOWN,SPORT UTILITY VEHICLE (SUV),PERSONAL,E,STRAIGHT AHEAD,,,1,,,,,Y,Y,,,,,,,,,,Y,,FRONT-RIGHT-CORNER,,,,,,,,,,,,,,,,,,,,,,,,,,,,,,,,,
2127015,9faf5a912b037569b000104367a7abf65549636506d14315a81052f5cce974f47392f4067c5759cfefae14193752d91d63721bfb40001969b33e2efb14ee234e,08/11/2025 07:10:00 AM,1,DRIVER,,2027671,,UNKNOWN,ENCLOSED BODY,,,UNKNOWN,UNKNOWN/NA,UNKNOWN/NA,UNKNOWN,UNKNOWN/NA,,,1,,,,,,,,,,,,,,,,,Y,UNKNOWN,,,,,,,,,,,,,,,,,,,,,,,,,,,,,,,,,
2127016,9faf5a912b037569b000104367a7abf65549636506d14315a81052f5cce974f47392f4067c5759cfefae14193752d91d63721bfb40001969b33e2efb14ee234e,08/11/2025 07:10:00 AM,2,PARKED,,2027672,,CHEVROLET,MALIBU,IL,2015,UNKNOWN,PASSENGER,PERSONAL,N,PARKED,,,0,,,,,,,,,,,,,,,,,,FRONT-RIGHT-CORNER,,,,,,,,,,,,,,,,,,,,,,,,,,,,,,,,,
2126082,527487e9860d5e570cda8925f0d42b16ecbc66d57fb7487ab03c40ba8cf60354d374527b3b4cba3ee2ea5661a8b8e606b6d75d3b6e680da2bc3de8380be04e57,08/11/2025 06:57:00 AM,1,,,,,,,,,,,,,,,,,,,,,,,,,,,,,,,,,,,,,,,,,,,,,,,,,,,,,,,,,,,,,,,,,,,
2126083,527487e9860d5e570cda8925f0d42b16ecbc66d57fb7487ab03c40ba8cf60354d374527b3b4cba3ee2ea5661a8b8e606b6d75d3b6e680da2bc3de8380be04e57,08/11/2025 06:57:00 AM,1,DRIVER,,2026797,,MITSUBISHI,MIRAGE,IL,2020,NONE,PASSENGER,PERSONAL,S,STRAIGHT AHEAD,Y,,1,,OWNER,PERSONAL TOW,,Y,,,,,,,,,,Y,Y,,FRONT,,,,,,,,,,,,,,,,,,,,,,,,,,,,,,,,,
2126299,a08de66b2e85f64a33aad46a6c576040e40384a70967e04951b4ea9d0199d11394409be6449635c9792df30d14ada45d5681b0c972684ed34a4fcab7fbf0f6bc,08/11/2025 06:43:00 AM,1,DRIVER,,2027001,,HONDA,CIVIC,IL,2001,NONE,PASSENGER,PERSONAL,W,STRAIGHT AHEAD,,,1,,,,,,,,,,,,,,,,Y,,FRONT,,,,,,,,,,,,,,,,,,,,,,,,,,,,,,,,,
2126300,a08de66b2e85f64a33aad46a6c576040e40384a70967e04951b4ea9d0199d11394409be6449635c9792df30d14ada45d5681b0c972684ed34a4fcab7fbf0f6bc,08/11/2025 06:43:00 AM,2,DRIVER,,2026998,,TESLA,MODEL 3,IL,2018,NONE,PASSENGER,PERSONAL,W,SLOW/STOP IN TRAFFIC,,,1,,,,,,,,,,Y,,,,,,,,REAR,,,,,,,,,,,,,,,,,,,,,,,,,,,,,,,,,
2126084,58042f4dbbd5babbb1ded1760d7abc2b4e96346430b94fc770209925528c4ddbe97672696ea17800d7a9b726783bc2e53865a8070721ac366e7128b0181b77d4,08/11/2025 06:40:00 AM,1,DRIVER,,2026798,,TOYOTA,HIGHLANDER,IL,2024,UNKNOWN,SPORT UTILITY VEHICLE (SUV),UNKNOWN/NA,N,UNKNOWN/NA,,,1,,,,,,,,,,,,,,,Y,,,FRONT-LEFT-CORNER,,,,,,,,,,,,,,,,,,,,,,,,,,,,,,,,,
2126085,58042f4dbbd5babbb1ded1760d7abc2b4e96346430b94fc770209925528c4ddbe97672696ea17800d7a9b726783bc2e53865a8070721ac366e7128b0181b77d4,08/11/2025 06:40:00 AM,2,DRIVER,,2026801,,CHEVROLET,SUBURBAN,IL,2021,UNKNOWN,SPORT UTILITY VEHICLE (SUV),PERSONAL,N,STRAIGHT AHEAD,,,1,,,,,,,,Y,Y,,,,,,,,,SIDE-RIGHT-REAR,,,,,,,,,,,,,,,,,,,,,,,,,,,,,,,,,
2126078,ff3015714725a13044b2c02f49dc4e69bfeb6afefcc827e17e6f9bc7b9e1d6548b39c7c077ac52433c0c664a2e94629204d4dbdfb55fbfdc43eeb07cd5a94bba,08/11/2025 06:15:00 AM,1,DRIVER,,2026793,,HONDA,CIVIC,IL,2009,UNKNOWN,PASSENGER,PERSONAL,S,MERGING,,,1,,,,,,,,,,,,,,Y,Y,,,FRONT-LEFT-CORNER,,,,,,,,,,,,,,,,,,,,,,,,,,,,,,,,,
2126079,ff3015714725a13044b2c02f49dc4e69bfeb6afefcc827e17e6f9bc7b9e1d6548b39c7c077ac52433c0c664a2e94629204d4dbdfb55fbfdc43eeb07cd5a94bba,08/11/2025 06:15:00 AM,2,DRIVER,,2026795,,HONDA,CIVIC,IL,2020,NONE,PASSENGER,PERSONAL,S,STRAIGHT AHEAD,,,1,,,,,,,,Y,Y,,,,,,,,,REAR-RIGHT-CORNER,,,,,,,,,,,,,,,,,,,,,,,,,,,,,,,,,
2126076,8aa18944505425a564866bc1ab69833e3101ca76bc997e08a9ff880234ca5ea64ce824621c32f96235e830b6d01a0b7a4aabd1ae0044f0d6a84a72d79ebc72a2,08/11/2025 06:10:00 AM,1,DRIVER,,2026789,,HONDA,CIVIC,IL,2020,UNKNOWN,PASSENGER,PERSONAL,S,PASSING/OVERTAKING,,,1,,,,,,,,,Y,,,,,,,,,SIDE-RIGHT-REAR,,,,,,,,,,,,,,,,,,,,,,,,,,,,,,,,,
2126077,8aa18944505425a564866bc1ab69833e3101ca76bc997e08a9ff880234ca5ea64ce824621c32f96235e830b6d01a0b7a4aabd1ae0044f0d6a84a72d79ebc72a2,08/11/2025 06:10:00 AM,2,DRIVER,,2026791,,HONDA,CIVIC,IL,2009,NONE,PASSENGER,PERSONAL,S,CHANGING LANES,,,1,,,,,,,,,,,,,,Y,Y,,,FRONT-LEFT-CORNER,,,,,,,,,,,,,,,,,,,,,,,,,,,,,,,,,
2126072,d8ad763d00471eac380ad607098fa0eefb150e943758d6fc4ea5c8a175cecc8dcda6726e358fd39207cc62eba52e15f4f5915608741ef4e8c0a089d02b3f7c11,08/11/2025 05:20:00 AM,2,DRIVER,,2026787,,CHEVROLET,IMPALA,IL,2017,UNKNOWN,PASSENGER,PERSONAL,E,STRAIGHT AHEAD,,,1,,,,,Y,,,,,,,,,,Y,Y,Y,FRONT,,,,,,,,,,,,,,,,,,,,,,,,,,,,,,,,,
2126073,d8ad763d00471eac380ad607098fa0eefb150e943758d6fc4ea5c8a175cecc8dcda6726e358fd39207cc62eba52e15f4f5915608741ef4e8c0a089d02b3f7c11,08/11/2025 05:20:00 AM,1,DRIVER,,2026790,,TOYOTA,OTHER (EXPLAIN IN NARRATIVE),IL,2022,UNKNOWN,PASSENGER,PERSONAL,N,STRAIGHT AHEAD,,,1,,,,,,,,,,,,,,Y,Y,Y,Y,FRONT-LEFT-CORNER,,,,,,,,,,,,,,,,,,,,,,,,,,,,,,,,,
2126096,342fc0384757ae62e3d833e0abfac69399289ae80023d7bb914cb70dcaa58abc00d132c199bd031b9d17aed7f01621f87653421910ea420bcf33a9aa161c6c69,08/11/2025 05:15:00 AM,1,DRIVER,,2026809,,UNKNOWN,OTHER (EXPLAIN IN NARRATIVE),,,UNKNOWN,UNKNOWN/NA,UNKNOWN/NA,N,STRAIGHT AHEAD,,,1,,,,,,,,,,,,,,Y,Y,,,FRONT-LEFT-CORNER,,,,,,,,,,,,,,,,,,,,,,,,,,,,,,,,,
2126097,342fc0384757ae62e3d833e0abfac69399289ae80023d7bb914cb70dcaa58abc00d132c199bd031b9d17aed7f01621f87653421910ea420bcf33a9aa161c6c69,08/11/2025 05:15:00 AM,2,DRIVER,,2026815,,TOYOTA,COROLLA,IL,2016,UNKNOWN,PASSENGER,PERSONAL,N,STRAIGHT AHEAD,Y,,1,,private tow,,,,,Y,Y,Y,,,,Y,Y,Y,,,REAR-RIGHT-CORNER,,,,,,,,,,,,,,,,,,,,,,,,,,,,,,,,,
2126098,342fc0384757ae62e3d833e0abfac69399289ae80023d7bb914cb70dcaa58abc00d132c199bd031b9d17aed7f01621f87653421910ea420bcf33a9aa161c6c69,08/11/2025 05:15:00 AM,3,DRIVER,,2026817,,CHRYSLER,TOWN & COUNTRY,IL,2016,UNKNOWN,PASSENGER,PERSONAL,S,STRAIGHT AHEAD,Y,,1,,private tow,,,,,,N,,,,,Y,Y,Y,,,FRONT-LEFT-CORNER,,,,,,,,,,,,,,,,,,,,,,,,,,,,,,,,,
2127840,9a452b90b91970582bde602a4d2956cca4d9ddcb99e8590a14aae8829febd24f60dcb9b20b40ab4a1d4704ff8a5637f58ca787b534dca6d09d39a5b18829c9b1,08/11/2025 04:38:00 AM,1,DRIVERLESS,,2028460,,FORD,FOCUS,IL,2016,UNKNOWN,PASSENGER,PERSONAL,W,STRAIGHT AHEAD,Y,,0,,e&r,pound 2,,,Y,Y,,,,,,,,Y,Y,,FRONT-LEFT-CORNER,,,,,,,,,,,,,,,,,,,,,,,,,,,,,,,,,
2127841,9a452b90b91970582bde602a4d2956cca4d9ddcb99e8590a14aae8829febd24f60dcb9b20b40ab4a1d4704ff8a5637f58ca787b534dca6d09d39a5b18829c9b1,08/11/2025 04:38:00 AM,2,DRIVER,1,2028461,,TOYOTA,RAV4,IL,2021,UNKNOWN,PASSENGER,PERSONAL,S,OTHER,Y,,2,,personal,,,Y,,,,,,,Y,Y,,Y,Y,,SIDE-LEFT-REAR,,,,,,,,,,,,,,,,,,,,,,,,,,,,,,,,,
2126068,e43fc72a698d7ebb3c77f4c3e858b4e8caf5f5dc12fc5472af33cf4b873e43aa757a9e94b9a698987685f196e52539cfc0ccc7b8234d5cde8bb3eea6774b7b27,08/11/2025 03:54:00 AM,1,DRIVER,,2026782,,VOLKSWAGEN,JETTA,IL,2014,NONE,PASSENGER,PERSONAL,E,STRAIGHT AHEAD,Y,,1,,CPD,DOTTY,,Y,Y,,,,,,,,Y,Y,Y,,FRONT,,,,,,,,,,,,,,,,,,,,,,,,,,,,,,,,,
2126069,e43fc72a698d7ebb3c77f4c3e858b4e8caf5f5dc12fc5472af33cf4b873e43aa757a9e94b9a698987685f196e52539cfc0ccc7b8234d5cde8bb3eea6774b7b27,08/11/2025 03:54:00 AM,2,PARKED,,2026784,,ACURA,SLX,IL,2025,NONE,PASSENGER,NOT IN USE,E,PARKED,Y,,0,,PRIVATE TOW,,,,,,Y,Y,Y,Y,,,,,,,REAR,,,,,,,,,,,,,,,,,,,,,,,,,,,,,,,,,
2126065,2b79d5f39f56d4e38fa6ccde89a605d266397c4b347969fda55f6c39d62956b6b17be9213cb43e919a4b57749e51bc203e2e98ece1f1712980e53d3f4ac408cb,08/11/2025 03:45:00 AM,1,DRIVER,,2026781,,GENERAL MOTORS CORPORATION (GMC),SIERRA,IL,2006,UNKNOWN,PASSENGER,PERSONAL,N,STRAIGHT AHEAD,Y,,1,,e and r,pound 2,,Y,Y,,,,,,,,Y,Y,Y,,FRONT-RIGHT-CORNER,,,,,,,,,,,,,,,,,,,,,,,,,,,,,,,,,
2126062,3013af67849a10dea8091e0faac6b48030e2de73fc4207bbc8315b151e495448684608e33858f968fec9d7e10b198859da13bb8eeef1de1cb025ab19a1eacff4,08/11/2025 03:05:00 AM,1,DRIVER,1,2026776,,ACURA,TLX,IL,2009,NONE,PASSENGER,PERSONAL,W,STRAIGHT AHEAD,Y,,2,,CITY OF CHICAGO,LOWER WACKER,Y,Y,Y,Y,Y,,,,Y,Y,Y,Y,Y,,FRONT,,,,,,,,,,,,,,,,,,,,,,,,,,,,,,,,,
2126063,3013af67849a10dea8091e0faac6b48030e2de73fc4207bbc8315b151e495448684608e33858f968fec9d7e10b198859da13bb8eeef1de1cb025ab19a1eacff4,08/11/2025 03:05:00 AM,2,PARKED,,2026777,,CADILLAC,XT5,MI,2022,NONE,PASSENGER,UNKNOWN/NA,UNKNOWN,PARKED,,,0,,,,Y,,,,,,,Y,Y,Y,Y,Y,Y,,SIDE-LEFT,,,,,,,,,,,,,,,,,,,,,,,,,,,,,,,,,