CRASH_UNIT_ID,CRASH_RECORD_ID,CRASH_DATE,UNIT_NO,UNIT_TYPE,NUM_PASSENGERS,VEHICLE_ID,CMRC_VEH_I,MAKE,MODEL,LIC_PLATE_STATE,VEHICLE_YEAR,VEHICLE_DEFECT,VEHICLE_TYPE,VEHICLE_USE,TRAVEL_DIRECTION,MANEUVER,TOWED_I,FIRE_I,OCCUPANT_CNT,EXCEED_SPEED_LIMIT_I,TOWED_BY,TOWED_TO,AREA_00_I,AREA_01_I,AREA_02_I,AREA_03_I,AREA_04_I,AREA_05_I,AREA_06_I,AREA_07_I,AREA_08_I,AREA_09_I,AREA_10_I,AREA_11_I,AREA_12_I,AREA_99_I,FIRST_CONTACT_POINT,CMV_ID,USDOT_NO,CCMC_NO,ILCC_NO,COMMERCIAL_SRC,GVWR,CARRIER_NAME,CARRIER_STATE,CARRIER_CITY,HAZMAT_PLACARDS_I,HAZMAT_NAME,UN_NO,HAZMAT_PRESENT_I,HAZMAT_REPORT_I,HAZMAT_REPORT_NO,MCS_REPORT_I,MCS_REPORT_NO,HAZMAT_VIO_CAUSE_CRASH_I,MCS_VIO_CAUSE_CRASH_I,IDOT_PERMIT_NO,WIDE_LOAD_I,TRAILER1_WIDTH,TRAILER2_WIDTH,TRAILER1_LENGTH,TRAILER2_LENGTH,TOTAL_VEHICLE_LENGTH,AXLE_CNT,VEHICLE_CONFIG,CARGO_BODY_TYPE,LOAD_TYPE,HAZMAT_OUT_OF_SERVICE_I,MCS_OUT_OF_SERVICE_I,HAZMAT_CLASS
2126064,3013af67849a10dea8091e0faac6b48030e2de73fc4207bbc8315b151e495448684608e33858f968fec9d7e10b198859da13bb8eeef1de1cb025ab19a1eacff4,08/11/2025 03:05:00 AM,3,PARKED,,2026778,,HONDA,ODYSSEY,MI,2014,NONE,VAN/MINI-VAN,UNKNOWN/NA,UNKNOWN,PARKED,,,0,,,,,,,,,Y,Y,Y,Y,,,,,,REAR,,,,,,,,,,,,,,,,,,,,,,,,,,,,,,,,,
2126339,4e07c6c1bd6984c074710979f401637e66133e1bb8d3c160a1bf8ea0596e05673029f022a0b6c417faf1d1d86f7558fbf4d83c6082e4cbd45500523826e03fd4,08/11/2025 03:00:00 AM,1,DRIVER,,2027030,,UNKNOWN,OTHER (EXPLAIN IN NARRATIVE),,,UNKNOWN,UNKNOWN/NA,UNKNOWN/NA,S,STRAIGHT AHEAD,,,1,,,,,,,,,,,,,,,,Y,,FRONT,,,,,,,,,,,,,,,,,,,,,,,,,,,,,,,,,
2126340,4e07c6c1bd6984c074710979f401637e66133e1bb8d3c160a1bf8ea0596e05673029f022a0b6c417faf1d1d86f7558fbf4d83c6082e4cbd45500523826e03fd4,08/11/2025 03:00:00 AM,2,DRIVER,,2027037,,HONDA,OTHER (EXPLAIN IN NARRATIVE),IL,2008,NONE,PASSENGER,PERSONAL,S,SLOW/STOP IN TRAFFIC,,,1,,,,,,,,,,Y,,,,,,,,REAR,,,,,,,,,,,,,,,,,,,,,,,,,,,,,,,,,
2126058,40615383e8795e721bec238099d1537a58862f889a3fb8f0503a94311666cf5af62dac4802d45fcb65631d4625df7976b6d572f1aed86bc8cc9022fb58f515cb,08/11/2025 02:55:00 AM,1,DRIVER,,2026772,,FORD,OTHER (EXPLAIN IN NARRATIVE),IL,2009,UNKNOWN,PICKUP,UNKNOWN/NA,E,STRAIGHT AHEAD,Y,,1,,city of chicago,pound 6,,Y,Y,,,,,,,,Y,Y,Y,Y,FRONT,,,,,,,,,,,,,,,,,,,,,,,,,,,,,,,,,
2126059,40615383e8795e721bec238099d1537a58862f889a3fb8f0503a94311666cf5af62dac4802d45fcb65631d4625df7976b6d572f1aed86bc8cc9022fb58f515cb,08/11/2025 02:55:00 AM,2,DRIVER,,2026773,,MERCURY,MILAN,IL,2010,NONE,PASSENGER,PERSONAL,E,STRAIGHT AHEAD,Y,,1,,CITY OF CHICAGO,POUND 6,,,,,Y,Y,Y,Y,,,,,,Y,REAR,,,,,,,,,,,,,,,,,,,,,,,,,,,,,,,,,
2126662,c4ba3299596eeab6b3dd4a9549228e6a44c207a97955dfefec370c12c0d6bf67b72dc16bd603ddf89ebd2f689af20f09512597c39fdec81fd66eda8067edbe14,08/11/2025 02:40:00 AM,1,DRIVER,,2027339,,HONDA,CR-V,IL,2021,NONE,SPORT UTILITY VEHICLE (SUV),PERSONAL,S,MERGING,,,1,,,,,,,,Y,Y,,,,,,,,,SIDE-RIGHT-REAR,,,,,,,,,,,,,,,,,,,,,,,,,,,,,,,,,
2126665,c4ba3299596eeab6b3dd4a9549228e6a44c207a97955dfefec370c12c0d6bf67b72dc16bd603ddf89ebd2f689af20f09512597c39fdec81fd66eda8067edbe14,08/11/2025 02:40:00 AM,2,DRIVER,,2027343,,CHEVROLET,EQUINOX,IL,2012,UNKNOWN,SPORT UTILITY VEHICLE (SUV),UNKNOWN/NA,S,STRAIGHT AHEAD,,,1,,,,,,,,,,,,,,Y,Y,,,SIDE-LEFT-FRONT,,,,,,,,,,,,,,,,,,,,,,,,,,,,,,,,,
2126066,8ea1b1959cb1dfea67b5a9815c0006edbc1a8ffe7db73323584d40dc0828c1acc23147fa436968d0fa1312dad2c0f2c24b23eea7714a3820acb161ddc540d52d,08/11/2025 02:35:00 AM,1,DRIVER,,2026779,,UNKNOWN,OTHER (EXPLAIN IN NARRATIVE),,,UNKNOWN,PASSENGER,UNKNOWN/NA,N,UNKNOWN/NA,,,1,,,,,,,,,,,,,,,,,Y,UNKNOWN,,,,,,,,,,,,,,,,,,,,,,,,,,,,,,,,,
2126067,8ea1b1959cb1dfea67b5a9815c0006edbc1a8ffe7db73323584d40dc0828c1acc23147fa436968d0fa1312dad2c0f2c24b23eea7714a3820acb161ddc540d52d,08/11/2025 02:35:00 AM,2,PARKED,,2026780,,CHEVROLET,SILVERADO,IL,2021,UNKNOWN,PICKUP,NOT IN USE,N,PARKED,,,0,,,,,Y,Y,Y,Y,Y,,,,,,,,,REAR-RIGHT-CORNER,,,,,,,,,,,,,,,,,,,,,,,,,,,,,,,,,
2126060,d17c47c824f8973ad75fcffa23acb5089fdd3bc5598c62b2fd5f2c62529d9b8fddb3c0ddb2928082943a8ce2c0c051487fb7c78b8835bd025e4030322d7b19cc,08/11/2025 02:25:00 AM,1,DRIVER,,2026774,,NISSAN,ALTIMA,IL,2018,NONE,PASSENGER,PERSONAL,N,STRAIGHT AHEAD,Y,,1,,Streets and Sanitation,,,Y,Y,,,,,,,,,Y,Y,,FRONT-RIGHT-CORNER,,,,,,,,,,,,,,,,,,,,,,,,,,,,,,,,,
2126061,d17c47c824f8973ad75fcffa23acb5089fdd3bc5598c62b2fd5f2c62529d9b8fddb3c0ddb2928082943a8ce2c0c051487fb7c78b8835bd025e4030322d7b19cc,08/11/2025 02:25:00 AM,2,DRIVER,,2026775,,CHEVROLET,SUBURBAN,IL,2012,NONE,PASSENGER,PERSONAL,N,STRAIGHT AHEAD,,,1,,,,,,,,,,,,Y,Y,Y,Y,,,SIDE-LEFT,,,,,,,,,,,,,,,,,,,,,,,,,,,,,,,,,
2126056,37eb377b2cc412bb2a86aeb1e64eab323edab97a2741e2c17109a40e93e7cda8c5dac2d4a18519e57b8cd87d90455be47c9c2ebed22ec8c50d075c1e95824b73,08/11/2025 01:51:00 AM,1,DRIVER,,2026769,,UNKNOWN,MOTORIZED,,,UNKNOWN,SPORT UTILITY VEHICLE (SUV),UNKNOWN/NA,N,UNKNOWN/NA,,,1,,,,,,,,,,,,,,,,,Y,UNKNOWN,,,,,,,,,,,,,,,,,,,,,,,,,,,,,,,,,
2126057,37eb377b2cc412bb2a86aeb1e64eab323edab97a2741e2c17109a40e93e7cda8c5dac2d4a18519e57b8cd87d90455be47c9c2ebed22ec8c50d075c1e95824b73,08/11/2025 01:51:00 AM,2,PARKED,,2026771,,HONDA,RIDGELINE,IL,2019,NONE,PASSENGER,NOT IN USE,N,PARKED,,,0,,,,,Y,Y,,Y,Y,Y,,,,,,,,REAR-RIGHT-CORNER,,,,,,,,,,,,,,,,,,,,,,,,,,,,,,,,,
2126050,9eb3d439a2ed120382dec10578875ed39c7e07ecdbab9d27ec42fbf3b4804bc0bf4790cfed66922ee1c87f0f8fac2127bc39943e37227ef6bb215b730f8983f6,08/11/2025 01:47:00 AM,1,DRIVER,,2026756,,NISSAN,ALTIMA,IL,2002,UNKNOWN,PASSENGER,PERSONAL,W,BACKING,,,1,,,,,,,,,Y,,,,,,,,,REAR-RIGHT-CORNER,,,,,,,,,,,,,,,,,,,,,,,,,,,,,,,,,
2126051,9eb3d439a2ed120382dec10578875ed39c7e07ecdbab9d27ec42fbf3b4804bc0bf4790cfed66922ee1c87f0f8fac2127bc39943e37227ef6bb215b730f8983f6,08/11/2025 01:47:00 AM,2,DRIVER,,2026759,,CHEVROLET,EQUINOX,IL,2015,UNKNOWN,PASSENGER,PERSONAL,E,SLOW/STOP IN TRAFFIC,,,1,,,,,,,,,,,,,,,Y,,,FRONT-LEFT-CORNER,,,,,,,,,,,,,,,,,,,,,,,,,,,,,,,,,
2126040,4a3a7309592d71b14a98b753837a539fd3a104ee7eb74b5b932f42c93742eae5f6595ca1f586df34012608f984f7b2cc202d4d02a83dfec3a3eae49cd48e96ef,08/11/2025 01:14:00 AM,1,DRIVER,1,2026753,,MERCEDES-BENZ,OTHER (EXPLAIN IN NARRATIVE),,,UNKNOWN,UNKNOWN/NA,UNKNOWN/NA,W,STRAIGHT AHEAD,,,2,,,,,,,,,,,,,,,,,Y,FRONT,,,,,,,,,,,,,,,,,,,,,,,,,,,,,,,,,
2126041,4a3a7309592d71b14a98b753837a539fd3a104ee7eb74b5b932f42c93742eae5f6595ca1f586df34012608f984f7b2cc202d4d02a83dfec3a3eae49cd48e96ef,08/11/2025 01:14:00 AM,2,DRIVER,,2026750,,TOYOTA,COROLLA,IL,2014,NONE,PASSENGER,PERSONAL,W,SLOW/STOP IN TRAFFIC,,,1,,,,,,,,,,Y,,,,,,,,REAR,,,,,,,,,,,,,,,,,,,,,,,,,,,,,,,,,
2126455,e348df21e7ef275bf1374c68d51cc0c2d664f6d370a64376667f6ca7ffb17858c3012fc25292c2616ecc4dfe9cea822540261ba3b5ed8e1b5b8e7afa517ea50a,08/11/2025 01:06:00 AM,1,DRIVER,,2027147,,UNKNOWN,OTHER (EXPLAIN IN NARRATIVE),,,UNKNOWN,PASSENGER,UNKNOWN/NA,W,STRAIGHT AHEAD,,,1,,,,,Y,Y,,,,,,,,,,Y,,FRONT-RIGHT-CORNER,,,,,,,,,,,,,,,,,,,,,,,,,,,,,,,,,
2126456,e348df21e7ef275bf1374c68d51cc0c2d664f6d370a64376667f6ca7ffb17858c3012fc25292c2616ecc4dfe9cea822540261ba3b5ed8e1b5b8e7afa517ea50a,08/11/2025 01:06:00 AM,2,PARKED,,2027149,,NISSAN,SENTRA,IL,2021,NONE,PASSENGER,PERSONAL,W,PARKED,Y,,0,,PRIVATE TOW,HOME,,,,,,,Y,Y,Y,Y,Y,Y,,,SIDE-LEFT-REAR,,,,,,,,,,,,,,,,,,,,,,,,,,,,,,,,,
2126107,c8c6fef29cbac509eb95f83c85d4ae113960cb625f228dd0d30a4645d490166d166cdb4717106fe00d4cb1a324ece3f7bc6361832e92ef53875597c4a7c7e1fe,08/11/2025 12:48:00 AM,1,DRIVER,,2026820,,CHEVROLET,EQUINOX,IL,2014,NONE,SPORT UTILITY VEHICLE (SUV),PERSONAL,W,DRIVING WRONG WAY,Y,,1,,CITY OF CHICAGO,POUND 2,,Y,Y,Y,Y,,,,Y,Y,Y,Y,Y,,FRONT,,,,,,,,,,,,,,,,,,,,,,,,,,,,,,,,,
2126108,c8c6fef29cbac509eb95f83c85d4ae113960cb625f228dd0d30a4645d490166d166cdb4717106fe00d4cb1a324ece3f7bc6361832e92ef53875597c4a7c7e1fe,08/11/2025 12:48:00 AM,2,DRIVER,,2026821,,KENWORTH MOTOR TRUCK COMPANY,OTHER (EXPLAIN IN NARRATIVE),IN,2003,NONE,SINGLE UNIT TRUCK WITH TRAILER,COMMERCIAL - SINGLE UNIT,E,STRAIGHT AHEAD,Y,,1,,CITY OF CHICAGO,POUND 2,,,,,,,,,,,,Y,Y,,FRONT,,,,,,,,,,,,,,,,,,,,,,,,,,,,,,,,,
2126046,2f7a0debbf6044030695a0d7f3d6e90e814345fc76fb2eec5cccbe33f05592c54c7bcb0844ac3fff33e3b0baf07e691127dddec5ace7b43a8b30d08779c774a2,08/11/2025 12:33:00 AM,1,DRIVER,,2026770,,PEDALPOWER ELECTROPED,PEDALPOWER ELECTROPED,IL,2025,UNKNOWN,OTHER,PERSONAL,N,UNKNOWN/NA,,,1,,,,,,,,,,,,,,,Y,Y,,UNKNOWN,,,,,,,,,,,,,,,,,,,,,,,,,,,,,,,,,
2126047,2f7a0debbf6044030695a0d7f3d6e90e814345fc76fb2eec5cccbe33f05592c54c7bcb0844ac3fff33e3b0baf07e691127dddec5ace7b43a8b30d08779c774a2,08/11/2025 12:33:00 AM,2,DRIVER,,2026765,,TOYOTA,CAMRY,IL,2012,UNKNOWN,PASSENGER,UNKNOWN/NA,N,STRAIGHT AHEAD,,,1,,,,,,Y,Y,Y,,,,,,,,,,UNKNOWN,,,,,,,,,,,,,,,,,,,,,,,,,,,,,,,,,
2126904,97dc546cf3cb051db2f1d9e1e093ec680d972f4ebe384409b1c31d6b2b420546a3b89264a05a87d538b40dab59d1250a058ebeede3d3f77ac998930fc963878e,08/11/2025 12:27:00 AM,1,DRIVER,,2027570,,INFINITI,QX80,IL,2021,UNKNOWN,PASSENGER,PERSONAL,W,STRAIGHT AHEAD,,,1,,,,,Y,,,,,,,,,Y,Y,Y,,FRONT,,,,,,,,,,,,,,,,,,,,,,,,,,,,,,,,,
2126905,97dc546cf3cb051db2f1d9e1e093ec680d972f4ebe384409b1c31d6b2b420546a3b89264a05a87d538b40dab59d1250a058ebeede3d3f77ac998930fc963878e,08/11/2025 12:27:00 AM,2,DRIVER,1,2027571,,TOYOTA,PRIUS,IL,2010,UNKNOWN,PASSENGER,PERSONAL,W,SLOW/STOP IN TRAFFIC,Y,,2,,E&R CITY TOW,DOTY,,,,,Y,Y,Y,Y,,,,,,,REAR-RIGHT-CORNER,,,,,,,,,,,,,,,,,,,,,,,,,,,,,,,,,
2126033,bed700748a0cd46e88507fc08f54f41d2ccec1b52cb1cd3b2ac2d7d30f52e032b79a1c289799924780e0c7c782cee03414f22c678f82d5468c34aa7442ffe2dc,08/11/2025 12:24:00 AM,1,DRIVER,,2026747,,UNKNOWN,OTHER (EXPLAIN IN NARRATIVE),,,UNKNOWN,UNKNOWN/NA,UNKNOWN/NA,N,STRAIGHT AHEAD,,,1,,,,,,,,,,,,,,,,,Y,UNKNOWN,,,,,,,,,,,,,,,,,,,,,,,,,,,,,,,,,
2126034,bed700748a0cd46e88507fc08f54f41d2ccec1b52cb1cd3b2ac2d7d30f52e032b79a1c289799924780e0c7c782cee03414f22c678f82d5468c34aa7442ffe2dc,08/11/2025 12:24:00 AM,2,DRIVER,1,2026744,,TOYOTA,CAMRY,IL,2011,NONE,PASSENGER,PERSONAL,N,STRAIGHT AHEAD,Y,,2,,PRIVATE TOW,,,Y,,,Y,Y,,,,,,Y,Y,,REAR-RIGHT-CORNER,,,,,,,,,,,,,,,,,,,,,,,,,,,,,,,,,
2126037,a6217b9e0ff63e5bf86e6c0a4762ca9d3bcdbd7721606bef1762311e3d3bee86060e3b72ff41800a1868e2c372f372044a64dccc7c0c8c067af21de936fd6f11,08/11/2025 12:10:00 AM,1,DRIVER,,2026761,,GENERAL MOTORS CORPORATION (GMC),TERRAIN,IL,2019,UNKNOWN,PASSENGER,PERSONAL,S,STRAIGHT AHEAD,Y,,1,,CITY OF CHICAGO,DOTY,,Y,,,,,,,,Y,Y,Y,Y,,FRONT,,,,,,,,,,,,,,,,,,,,,,,,,,,,,,,,,
2126038,a6217b9e0ff63e5bf86e6c0a4762ca9d3bcdbd7721606bef1762311e3d3bee86060e3b72ff41800a1868e2c372f372044a64dccc7c0c8c067af21de936fd6f11,08/11/2025 12:10:00 AM,2,PARKED,,2026763,,TOYOTA,RAV4,IL,2023,NONE,PASSENGER,PERSONAL,S,PARKED,,,0,,,,,,,,,,,,Y,Y,Y,Y,Y,,SIDE-LEFT,,,,,,,,,,,,,,,,,,,,,,,,,,,,,,,,,
2126039,a6217b9e0ff63e5bf86e6c0a4762ca9d3bcdbd7721606bef1762311e3d3bee86060e3b72ff41800a1868e2c372f372044a64dccc7c0c8c067af21de936fd6f11,08/11/2025 12:10:00 AM,3,PARKED,,2026768,,DODGE,RAM 1500 PU,IL,2020,NONE,PASSENGER,PERSONAL,N,PARKED,,,0,,,,,Y,,,,,,,,,,Y,Y,,FRONT,,,,,,,,,,,,,,,,,,,,,,,,,,,,,,,,,
2126025,2959653d08721d4559358932dc9e911a55b4c8c698a965b5eec14ad3be15068dd48082d5aa89536bb655b1ddfad49d7174ce85b27b9c2d0c345b872262e78caf,08/11/2025 12:06:00 AM,1,DRIVER,,2026734,,UNKNOWN,OTHER (EXPLAIN IN NARRATIVE),,,UNKNOWN,UNKNOWN/NA,UNKNOWN/NA,N,STRAIGHT AHEAD,,,1,,,,,,,,,,,,,,,,,Y,FRONT,,,,,,,,,,,,,,,,,,,,,,,,,,,,,,,,,
2126026,2959653d08721d4559358932dc9e911a55b4c8c698a965b5eec14ad3be15068dd48082d5aa89536bb655b1ddfad49d7174ce85b27b9c2d0c345b872262e78caf,08/11/2025 12:06:00 AM,2,DRIVER,3,2026736,,HYUNDAI,ELANTRA,IL,2024,UNKNOWN,PASSENGER,RIDESHARE SERVICE,N,STRAIGHT AHEAD,,,4,,,,,,,,,Y,Y,Y,,,,,,,REAR,,,,,,,,,,,,,,,,,,,,,,,,,,,,,,,,,
2127945,b5977c38cb591a8390bb21149907ed2b9b83783f6fde53481c6a3e52368cc6faf9605c220130d11b745cade39b9329c9665a41dba72b3d8f400e0cbbb914169d,08/10/2025 11:53:00 PM,1,DRIVER,1,2028570,,HYUNDAI,OTHER (EXPLAIN IN NARRATIVE),IL,2014,NONE,PASSENGER,PERSONAL,N,PASSING/OVERTAKING,,,2,,,,,,,,,,,,,,,,,Y,SIDE-RIGHT,,,,,,,,,,,,,,,,,,,,,,,,,,,,,,,,,
2127946,b5977c38cb591a8390bb21149907ed2b9b83783f6fde53481c6a3e52368cc6faf9605c220130d11b745cade39b9329c9665a41dba72b3d8f400e0cbbb914169d,08/10/2025 11:53:00 PM,2,DRIVER,1,2028579,,TOYOTA,OTHER (EXPLAIN IN NARRATIVE),IL,2019,NONE,PASSENGER,PERSONAL,N,STRAIGHT AHEAD,,,2,,,,,,,,,,,,,,Y,Y,Y,,FRONT-LEFT-CORNER,,,,,,,,,,,,,,,,,,,,,,,,,,,,,,,,,
2126031,ddf0a68be8cddd3f779c9ca2f4648ce6c347205809cb182312b4f2e4f5cb04c8109fe508bff893eb1eb1d1ef80675b39ff49b95c4735b320dbebe817ea7403a9,08/10/2025 11:53:00 PM,1,DRIVER,,2026741,,UNKNOWN,OTHER (EXPLAIN IN NARRATIVE),IL,,UNKNOWN,PASSENGER,UNKNOWN/NA,N,STRAIGHT AHEAD,,,1,,,,,,,,,,,,,,,,,Y,FRONT,,,,,,,,,,,,,,,,,,,,,,,,,,,,,,,,,
2126032,ddf0a68be8cddd3f779c9ca2f4648ce6c347205809cb182312b4f2e4f5cb04c8109fe508bff893eb1eb1d1ef80675b39ff49b95c4735b320dbebe817ea7403a9,08/10/2025 11:53:00 PM,2,DRIVER,,2026742,,KIA,OTHER (EXPLAIN IN NARRATIVE),IL,2025,UNKNOWN,PASSENGER,PERSONAL,N,STRAIGHT AHEAD,,,1,,,,,Y,Y,Y,,Y,Y,Y,,Y,Y,Y,Y,,REAR,,,,,,,,,,,,,,,,,,,,,,,,,,,,,,,,,
2126035,22d8caae42bef2cc333bf646548231caee9d7f3e8a31cdd5ff3fc54bc80850a6058add3aa333f0c488764d777e2d79b86f7b8812c14a8d9ba509a011e6c0de5e,08/10/2025 11:42:00 PM,1,DRIVER,,2026754,,UNKNOWN,MOTORIZED,IL,,UNKNOWN,UNKNOWN/NA,UNKNOWN/NA,E,STRAIGHT AHEAD,,,1,,,,,,,,,,,,,,,,,Y,FRONT-RIGHT-CORNER,,,,,,,,,,,,,,,,,,,,,,,,,,,,,,,,,
2126036,22d8caae42bef2cc333bf646548231caee9d7f3e8a31cdd5ff3fc54bc80850a6058add3aa333f0c488764d777e2d79b86f7b8812c14a8d9ba509a011e6c0de5e,08/10/2025 11:42:00 PM,2,DRIVER,1,2026745,,KIA,SOUL,IL,2022,UNKNOWN,PASSENGER,PERSONAL,E,TURNING LEFT,,,1,,,,,,,,,,,,,,Y,Y,Y,,FRONT-LEFT-CORNER,,,,,,,,,,,,,,,,,,,,,,,,,,,,,,,,,
2132093,95666fe6e2d0ebf580a741caf2f64ae4c9985d3951daebee86ad5f651f6b223efa3ee3aa447109366fa93c3584f3f3ddff041f3cecb757d3a733d1445f25d616,08/10/2025 11:30:00 PM,1,DRIVER,,2032447,,MAZDA,CX-5,IL,2018,UNKNOWN,PASSENGER,PERSONAL,UNKNOWN,UNKNOWN/NA,,,1,,,,,,Y,Y,Y,,,,Y,Y,Y,,,,TOP,,,,,,,,,,,,,,,,,,,,,,,,,,,,,,,,,
2127150,3b4e54b89e0d02d6982f7a06967cc29fbc3d36ba4c43a359da776df362b1de6b1a95a617af842f5091076fcd203320c66455ece51da2270afdb4d8713c8290e5,08/10/2025 11:15:00 PM,1,DRIVER,,2027797,,UNKNOWN,OTHER (EXPLAIN IN NARRATIVE),IL,,UNKNOWN,UNKNOWN/NA,UNKNOWN/NA,S,UNKNOWN/NA,,,1,,,,,,,,,,,,,,,,,Y,UNKNOWN,,,,,,,,,,,,,,,,,,,,,,,,,,,,,,,,,
2127151,3b4e54b89e0d02d6982f7a06967cc29fbc3d36ba4c43a359da776df362b1de6b1a95a617af842f5091076fcd203320c66455ece51da2270afdb4d8713c8290e5,08/10/2025 11:15:00 PM,2,PARKED,,2027803,,HONDA,PILOT,IL,2025,NONE,VAN/MINI-VAN,NOT IN USE,S,PARKED,,,0,,,,,,,,,,,,Y,Y,Y,Y,,,SIDE-LEFT,,,,,,,,,,,,,,,,,,,,,,,,,,,,,,,,,
2126021,75feef5956235c443f0d0931acb48f3d9f9ef9211b2957c9d41e02b1eb0bd3b1b3f24ff8ec97000eacc16cb91a7949433cd1561e3089024614b226d614ebda93,08/10/2025 11:15:00 PM,1,DRIVER,,2026732,,CHEVROLET,TAHOE,IL,2003,NONE,PASSENGER,PERSONAL,E,STRAIGHT AHEAD,,,1,,,,,Y,,,,,,,,,,Y,Y,,FRONT,,,,,,,,,,,,,,,,,,,,,,,,,,,,,,,,,
2126022,75feef5956235c443f0d0931acb48f3d9f9ef9211b2957c9d41e02b1eb0bd3b1b3f24ff8ec97000eacc16cb91a7949433cd1561e3089024614b226d614ebda93,08/10/2025 11:15:00 PM,2,DRIVER,3,2026733,,TOYOTA,COROLLA,IL,2016,NONE,PASSENGER,PERSONAL,E,STRAIGHT AHEAD,,,4,,,,,,,,,Y,Y,Y,,,,,,,REAR,,,,,,,,,,,,,,,,,,,,,,,,,,,,,,,,,
2126125,02a6ef0103572e6a52deebd2399da01d2325a1ce483d52654263c380a519692cb62697299adbfd54363a1d77e6c0cb760322d3e6d4b4d7be5c95738c4346d7b8,08/10/2025 11:00:00 PM,1,DRIVER,,2026837,,UNKNOWN,MOTORIZED,IL,,UNKNOWN,UNKNOWN/NA,UNKNOWN/NA,UNKNOWN,UNKNOWN/NA,,,1,,,,,,,,,,,,,,,,,Y,UNKNOWN,,,,,,,,,,,,,,,,,,,,,,,,,,,,,,,,,
2126126,02a6ef0103572e6a52deebd2399da01d2325a1ce483d52654263c380a519692cb62697299adbfd54363a1d77e6c0cb760322d3e6d4b4d7be5c95738c4346d7b8,08/10/2025 11:00:00 PM,2,PARKED,,2026841,,JEEP,GRAND CHEROKEE,IL,2014,NONE,SPORT UTILITY VEHICLE (SUV),PERSONAL,E,PARKED,,,0,,,,,Y,,,,,,,,,,,Y,,FRONT-RIGHT-CORNER,,,,,,,,,,,,,,,,,,,,,,,,,,,,,,,,,
2126582,a0520964de74d74b202cf0843b0426580ec85483787f207851ddfae94d65fa9603dac9c7a538ea73ea94ad6b8b3c794d54fa4e6bd13a44cbcdf5c2be0a67513e,08/10/2025 11:00:00 PM,1,DRIVER,,2027278,,UNKNOWN,OTHER (EXPLAIN IN NARRATIVE),IL,,UNKNOWN,UNKNOWN/NA,UNKNOWN/NA,UNKNOWN,UNKNOWN/NA,,,1,,,,,,,,,,,,,,,,,Y,UNKNOWN,,,,,,,,,,,,,,,,,,,,,,,,,,,,,,,,,
2126583,a0520964de74d74b202cf0843b0426580ec85483787f207851ddfae94d65fa9603dac9c7a538ea73ea94ad6b8b3c794d54fa4e6bd13a44cbcdf5c2be0a67513e,08/10/2025 11:00:00 PM,2,PARKED,,2027274,,CHEVROLET,TAHOE,IL,2007,NONE,SPORT UTILITY VEHICLE (SUV),PERSONAL,W,PARKED,,,0,,,,,,,,,,Y,Y,,,,,,,REAR,,,,,,,,,,,,,,,,,,,,,,,,,,,,,,,,,
2126790,d83b9530c13f8de021045831d539bdf2fe0cad2763b49f3c81a257a6d17c9bb7da242a9e8ecbb19a9f70b3217b6e3d91d768b2dbfc4c8624d7f539d3bcd15c81,08/10/2025 11:00:00 PM,1,DRIVER,,2027459,,UNKNOWN,OTHER (EXPLAIN IN NARRATIVE),,,UNKNOWN,UNKNOWN/NA,UNKNOWN/NA,UNKNOWN,UNKNOWN/NA,,,1,,,,,,,,,,,,,,,,,,UNKNOWN,,,,,,,,,,,,,,,,,,,,,,,,,,,,,,,,,
2126791,d83b9530c13f8de021045831d539bdf2fe0cad2763b49f3c81a257a6d17c9bb7da242a9e8ecbb19a9f70b3217b6e3d91d768b2dbfc4c8624d7f539d3bcd15c81,08/10/2025 11:00:00 PM,2,PARKED,,2027462,,LEXUS,RX350,IL,2017,NONE,PASSENGER,PERSONAL,E,PARKED,,,0,,,,,,,,,,,,,,,Y,,,FRONT-LEFT-CORNER,,,,,,,,,,,,,,,,,,,,,,,,,,,,,,,,,
2126546,fb0407edf3ba1cf48affc48ad08a5b620948cf47965265f81bf2db579f44aa03ded10f48de0c85ec101c1684dea575e5757cf49df8163f1ee45bef1322a68285,08/10/2025 10:54:00 PM,1,DRIVER,,2027243,,NISSAN,OTHER (EXPLAIN IN NARRATIVE),IL,,UNKNOWN,SPORT UTILITY VEHICLE (SUV),OTHER,W,STRAIGHT AHEAD,,,1,,,,,,,,,,,,,,,,,Y,UNKNOWN,,,,,,,,,,,,,,,,,,,,,,,,,,,,,,,,,
2126547,fb0407edf3ba1cf48affc48ad08a5b620948cf47965265f81bf2db579f44aa03ded10f48de0c85ec101c1684dea575e5757cf49df8163f1ee45bef1322a68285,08/10/2025 10:54:00 PM,2,DRIVER,,2027249,,VOLKSWAGEN,ATLAS,IL,2025,UNKNOWN,SPORT UTILITY VEHICLE (SUV),OTHER,W,STRAIGHT AHEAD,Y,,1,,PRIVATE TOWED,,,,,,,,,,,,Y,Y,Y,,UNKNOWN,,,,,,,,,,,,,,,,,,,,,,,,,,,,,,,,,
2126017,71ed04447f577a9a648b508adab522d1100803bfff706c271794a28761bf99de7945772327373dc28b22eef90d12e952a4e67799192f7113765dadcba4352ecb,08/10/2025 10:50:00 PM,1,DRIVER,,2026746,,TOYOTA,HIGHLANDER,IL,2006,UNKNOWN,SPORT UTILITY VEHICLE (SUV),PERSONAL,N,STRAIGHT AHEAD,Y,,1,,City of Chicago,Auto Pound 1,,Y,Y,,,,,,,,Y,Y,Y,,FRONT,,,,,,,,,,,,,,,,,,,,,,,,,,,,,,,,,