CRASH_UNIT_ID,CRASH_RECORD_ID,CRASH_DATE,UNIT_NO,UNIT_TYPE,NUM_PASSENGERS,VEHICLE_ID,CMRC_VEH_I,MAKE,MODEL,LIC_PLATE_STATE,VEHICLE_YEAR,VEHICLE_DEFECT,VEHICLE_TYPE,VEHICLE_USE,TRAVEL_DIRECTION,MANEUVER,TOWED_I,FIRE_I,OCCUPANT_CNT,EXCEED_SPEED_LIMIT_I,TOWED_BY,TOWED_TO,AREA_00_I,AREA_01_I,AREA_02_I,AREA_03_I,AREA_04_I,AREA_05_I,AREA_06_I,AREA_07_I,AREA_08_I,AREA_09_I,AREA_10_I,AREA_11_I,AREA_12_I,AREA_99_I,FIRST_CONTACT_POINT,CMV_ID,USDOT_NO,CCMC_NO,ILCC_NO,COMMERCIAL_SRC,GVWR,CARRIER_NAME,CARRIER_STATE,CARRIER_CITY,HAZMAT_PLACARDS_I,HAZMAT_NAME,UN_NO,HAZMAT_PRESENT_I,HAZMAT_REPORT_I,HAZMAT_REPORT_NO,MCS_REPORT_I,MCS_REPORT_NO,HAZMAT_VIO_CAUSE_CRASH_I,MCS_VIO_CAUSE_CRASH_I,IDOT_PERMIT_NO,WIDE_LOAD_I,TRAILER1_WIDTH,TRAILER2_WIDTH,TRAILER1_LENGTH,TRAILER2_LENGTH,TOTAL_VEHICLE_LENGTH,AXLE_CNT,VEHICLE_CONFIG,CARGO_BODY_TYPE,LOAD_TYPE,HAZMAT_OUT_OF_SERVICE_I,MCS_OUT_OF_SERVICE_I,HAZMAT_CLASS
2126018,71ed04447f577a9a648b508adab522d1100803bfff706c271794a28761bf99de7945772327373dc28b22eef90d12e952a4e67799192f7113765dadcba4352ecb,08/10/2025 10:50:00 PM,2,PARKED,,2026749,,CHEVROLET,TRAX,IL,2021,NONE,SPORT UTILITY VEHICLE (SUV),PERSONAL,W,PARKED,Y,,0,,Private Tow,Unk,,Y,Y,Y,,,,Y,Y,Y,Y,Y,Y,,SIDE-LEFT,,,,,,,,,,,,,,,,,,,,,,,,,,,,,,,,,
2126023,3230ffe63e69e132b33604b5304859d4bb658e7549af725c9b01bc8ea83a8028e4b9ceef250e2c99376917d534f342e1eb492316381ca9908aadc0889b531a97,08/10/2025 10:49:00 PM,1,DRIVER,,2026735,,CHRYSLER,PACIFICA,IL,2022,UNKNOWN,PASSENGER,PERSONAL,E,STRAIGHT AHEAD,Y,,1,,UNKNOWN,UNKNOWN,,Y,Y,Y,Y,,,,,,,,Y,,SIDE-LEFT-FRONT,,,,,,,,,,,,,,,,,,,,,,,,,,,,,,,,,
2126024,3230ffe63e69e132b33604b5304859d4bb658e7549af725c9b01bc8ea83a8028e4b9ceef250e2c99376917d534f342e1eb492316381ca9908aadc0889b531a97,08/10/2025 10:49:00 PM,2,PARKED,,2026737,,JEEP,GRAND CHEROKEE,IL,2023,UNKNOWN,PASSENGER,PERSONAL,UNKNOWN,PARKED,,,0,,,,,,,,,,,Y,Y,Y,Y,Y,,,SIDE-LEFT,,,,,,,,,,,,,,,,,,,,,,,,,,,,,,,,,
2126019,1d1c08d1a76bce403507e3798248d75e1221cec4a9a75e0324ba8f855950bd11f48bb2ec14135de04378ac160af51f423ae2439d5fb9c82377908eed3f7e729c,08/10/2025 10:45:00 PM,1,DRIVER,,2026743,,TOYOTA,HIGHLANDER,IL,2006,UNKNOWN,SPORT UTILITY VEHICLE (SUV),PERSONAL,E,STRAIGHT AHEAD,Y,,1,,CITY OF CHICAGO,,,Y,Y,Y,Y,Y,,,,,,Y,Y,,SIDE-RIGHT,,,,,,,,,,,,,,,,,,,,,,,,,,,,,,,,,
2126020,1d1c08d1a76bce403507e3798248d75e1221cec4a9a75e0324ba8f855950bd11f48bb2ec14135de04378ac160af51f423ae2439d5fb9c82377908eed3f7e729c,08/10/2025 10:45:00 PM,2,DRIVER,,2026748,,HYUNDAI,SANTA FE,IL,2008,NONE,SPORT UTILITY VEHICLE (SUV),PERSONAL,E,STRAIGHT AHEAD,,,1,,,,,,,,,,,,,Y,Y,,,,SIDE-LEFT,,,,,,,,,,,,,,,,,,,,,,,,,,,,,,,,,
2125996,b97525e0577dfada4871bfa139693d4ddb1a0d0fde15a71afdff456b494a2f1cc24029a4f0b2f372d5f36f2022da39715d87be99123fb604bacaff465c4ebfcf,08/10/2025 10:16:00 PM,1,DRIVER,,2026709,,UNKNOWN,OTHER (EXPLAIN IN NARRATIVE),IL,,UNKNOWN,PASSENGER,NOT IN USE,N,STRAIGHT AHEAD,,,1,,,,,,,,,,,,,,,,Y,,FRONT,,,,,,,,,,,,,,,,,,,,,,,,,,,,,,,,,
2125997,b97525e0577dfada4871bfa139693d4ddb1a0d0fde15a71afdff456b494a2f1cc24029a4f0b2f372d5f36f2022da39715d87be99123fb604bacaff465c4ebfcf,08/10/2025 10:16:00 PM,2,DRIVER,1,2026710,,TESLA,MODEL S,IL,2018,NONE,PICKUP,PERSONAL,N,MERGING,,,2,,,,,,,,,,,Y,,,,,,,REAR-LEFT-CORNER,,,,,,,,,,,,,,,,,,,,,,,,,,,,,,,,,
2126002,14e1e3446e26fbffd5c7969f472998e68d08db9e2b200dbcdfa35f9ffe01d0071250324cb050a55970439f6717503a1574acc47445f0d6689302e3c9ae3c64be,08/10/2025 10:15:00 PM,1,DRIVER,,2026716,,GENERAL MOTORS CORPORATION (GMC),YUKON,IL,2007,NONE,PASSENGER,PERSONAL,E,PASSING/OVERTAKING,,,1,,,,,,Y,Y,,,,,,,,,,,SIDE-RIGHT,,,,,,,,,,,,,,,,,,,,,,,,,,,,,,,,,
2126003,14e1e3446e26fbffd5c7969f472998e68d08db9e2b200dbcdfa35f9ffe01d0071250324cb050a55970439f6717503a1574acc47445f0d6689302e3c9ae3c64be,08/10/2025 10:15:00 PM,2,DRIVER,,2026717,,AUDI,A4,IL,2013,NONE,PASSENGER,PERSONAL,N,STRAIGHT AHEAD,,,1,,,,,Y,,,,,,,,,,Y,Y,,FRONT-LEFT-CORNER,,,,,,,,,,,,,,,,,,,,,,,,,,,,,,,,,
2126000,49b239e945dfd68206e35aa70190d25eacc587531f29f2610496c11973ef62943333d85a9834825e301792dfe3bf47a75fcfa1b714eb66c9ed2e16e7687d2c64,08/10/2025 10:00:00 PM,1,DRIVER,,2026715,,VOLVO,OTHER (EXPLAIN IN NARRATIVE),MI,2025,NONE,BUS OVER 15 PASS.,OTHER,N,TURNING LEFT,,,1,,,,,,,,,,,,Y,Y,Y,,,,SIDE-LEFT,,,,,,,,,,,,,,,,,,,,,,,,,,,,,,,,,
2126001,49b239e945dfd68206e35aa70190d25eacc587531f29f2610496c11973ef62943333d85a9834825e301792dfe3bf47a75fcfa1b714eb66c9ed2e16e7687d2c64,08/10/2025 10:00:00 PM,2,DRIVER,,2026718,,PONTIAC,GRAND PRIX,IL,2004,NONE,PASSENGER,PERSONAL,E,TURNING LEFT,,,1,,,,,,,,,,,,,,Y,Y,,,FRONT,,,,,,,,,,,,,,,,,,,,,,,,,,,,,,,,,
2125984,4c95fca515447fb6828e921cdc77c56e859a5696927d1211771849c8c5aebad0029ff131ea5748c14ca15d49e0d792cf18426cec80b379264753643a77b06b4f,08/10/2025 10:00:00 PM,1,DRIVER,,2026693,,UNKNOWN,MOTORIZED,,,UNKNOWN,PASSENGER,PERSONAL,W,STRAIGHT AHEAD,,,1,,,,,,,,,,,,,,,,Y,,FRONT,,,,,,,,,,,,,,,,,,,,,,,,,,,,,,,,,
2125985,4c95fca515447fb6828e921cdc77c56e859a5696927d1211771849c8c5aebad0029ff131ea5748c14ca15d49e0d792cf18426cec80b379264753643a77b06b4f,08/10/2025 10:00:00 PM,2,PEDESTRIAN,,,,,,,,,,,,,,,,,,,,,,,,,,,,,,,,,,,,,,,,,,,,,,,,,,,,,,,,,,,,,,,,,,
2125980,68b3447fa08c6d3b17335f72a575e86ca130eefbad5b90d46b9c8ac4d6d496ad4858f39bdef1984e4efc9808ee50dd22ccf09bfa79d90b3cabdb71d92ebf8462,08/10/2025 10:00:00 PM,1,DRIVER,,2026689,,UNKNOWN,OTHER (EXPLAIN IN NARRATIVE),IL,,UNKNOWN,UNKNOWN/NA,UNKNOWN/NA,UNKNOWN,UNKNOWN/NA,,,1,,,,,,,,,,,,,,,,,Y,UNKNOWN,,,,,,,,,,,,,,,,,,,,,,,,,,,,,,,,,
2125981,68b3447fa08c6d3b17335f72a575e86ca130eefbad5b90d46b9c8ac4d6d496ad4858f39bdef1984e4efc9808ee50dd22ccf09bfa79d90b3cabdb71d92ebf8462,08/10/2025 10:00:00 PM,2,PARKED,,2026691,,JEEP,GLADIATOR,IL,2020,NONE,SPORT UTILITY VEHICLE (SUV),PERSONAL,UNKNOWN,PARKED,Y,,0,,,,,,,,,,,,Y,Y,Y,,,,SIDE-LEFT,,,,,,,,,,,,,,,,,,,,,,,,,,,,,,,,,
2126006,6998030bff85b0fa1dedbcf0ccbe6c17db70935f7c23e6e8c2ecaed47a82e8aa596c8ae274e6e3e3ac3243dff7d2d0a34acc09c9bafd379cadd321a325b01638,08/10/2025 10:00:00 PM,1,DRIVER,,2026729,,CHEVROLET,MALIBU,,,NONE,PASSENGER,UNKNOWN/NA,N,STRAIGHT AHEAD,,,1,,,,,Y,,,,,,,,,,Y,Y,,FRONT,,,,,,,,,,,,,,,,,,,,,,,,,,,,,,,,,
2126007,6998030bff85b0fa1dedbcf0ccbe6c17db70935f7c23e6e8c2ecaed47a82e8aa596c8ae274e6e3e3ac3243dff7d2d0a34acc09c9bafd379cadd321a325b01638,08/10/2025 10:00:00 PM,2,DRIVER,1,2026720,,BMW,X5,IL,2023,NONE,PASSENGER,PERSONAL,N,SLOW/STOP IN TRAFFIC,,,2,,,,,,,,,Y,Y,Y,,,,,,,REAR,,,,,,,,,,,,,,,,,,,,,,,,,,,,,,,,,
2126015,d53fc58874992f49cabce6b2940b6f1978973b5ed71a66d8a61ceb544b675db5f2a4b8c1b78ab8c9d1b927f56e3eace07bbb6d4f7f5070941290215f42d4418b,08/10/2025 10:00:00 PM,1,DRIVER,,2026727,,LAND ROVER,DEFENDER,IL,2025,UNKNOWN,PASSENGER,PERSONAL,S,ENTERING TRAFFIC LANE FROM PARKING,,,1,,,,,Y,Y,Y,,,,,,,,,,,FRONT-RIGHT-CORNER,,,,,,,,,,,,,,,,,,,,,,,,,,,,,,,,,
2126016,d53fc58874992f49cabce6b2940b6f1978973b5ed71a66d8a61ceb544b675db5f2a4b8c1b78ab8c9d1b927f56e3eace07bbb6d4f7f5070941290215f42d4418b,08/10/2025 10:00:00 PM,2,DRIVER,,2026731,,TOYOTA,PRIUS,IL,2011,UNKNOWN,PASSENGER,PERSONAL,S,OTHER,,,1,,,,,,,,,,,Y,,,,,,,REAR-LEFT-CORNER,,,,,,,,,,,,,,,,,,,,,,,,,,,,,,,,,
2126013,eb7cc65857d375d542a7376f51c8a337c5d94341217a8ac3516c12680a9d3916d4ccbba9c381a8059abbffd6306e1469be18fd67924f406aadba4cd16082ec61,08/10/2025 09:53:00 PM,1,DRIVER,,2026726,,MAZDA,CX-30,IL,2023,UNKNOWN,SPORT UTILITY VEHICLE (SUV),UNKNOWN/NA,E,STRAIGHT AHEAD,,,1,,,,,N,,,,,,,,,,N,Y,,FRONT,,,,,,,,,,,,,,,,,,,,,,,,,,,,,,,,,
2126014,eb7cc65857d375d542a7376f51c8a337c5d94341217a8ac3516c12680a9d3916d4ccbba9c381a8059abbffd6306e1469be18fd67924f406aadba4cd16082ec61,08/10/2025 09:53:00 PM,2,DRIVER,,2026730,,TOYOTA,4RUNNER,IL,2023,NONE,SPORT UTILITY VEHICLE (SUV),UNKNOWN/NA,E,SLOW/STOP IN TRAFFIC,,,1,,,,,,,,,,Y,,,,,,,,REAR,,,,,,,,,,,,,,,,,,,,,,,,,,,,,,,,,
2125986,512d568989cfc1a0f298ed0c8dfaa0364947dcf55ab567fb4d545dda1d969a3c15321e6ccf7116643089ad39c802ddc8b26bb933c25ea1fc777729e6a128f8eb,08/10/2025 09:48:00 PM,1,DRIVER,,2026694,,TOYOTA,SIENNA,IL,2013,UNKNOWN,VAN/MINI-VAN,PERSONAL,N,STRAIGHT AHEAD,,,1,,,,,,,,,,,,,,,,,Y,UNKNOWN,,,,,,,,,,,,,,,,,,,,,,,,,,,,,,,,,
2125987,512d568989cfc1a0f298ed0c8dfaa0364947dcf55ab567fb4d545dda1d969a3c15321e6ccf7116643089ad39c802ddc8b26bb933c25ea1fc777729e6a128f8eb,08/10/2025 09:48:00 PM,2,DRIVER,,2026703,,NISSAN,ALTIMA,IL,,UNKNOWN,PASSENGER,PERSONAL,E,STRAIGHT AHEAD,Y,,1,,private,private,,Y,,,,,,,,,,Y,Y,,FRONT,,,,,,,,,,,,,,,,,,,,,,,,,,,,,,,,,
2126008,a6213e664d3aa92011f87c55a095c7dc046c01fa4b7cc73839428944685f09f58d20e57f1f0fdb816df174379e43657e2aafb6927e977a58c941cb0bf03560fe,08/10/2025 09:42:00 PM,1,DRIVER,,2026719,,HONDA,OTHER (EXPLAIN IN NARRATIVE),IL,2014,UNKNOWN,SPORT UTILITY VEHICLE (SUV),PERSONAL,W,STRAIGHT AHEAD,Y,,1,,CITY OF CHICAGO,POUND 2,,Y,Y,Y,Y,,,,,,,Y,Y,,SIDE-RIGHT,,,,,,,,,,,,,,,,,,,,,,,,,,,,,,,,,
2126009,a6213e664d3aa92011f87c55a095c7dc046c01fa4b7cc73839428944685f09f58d20e57f1f0fdb816df174379e43657e2aafb6927e977a58c941cb0bf03560fe,08/10/2025 09:42:00 PM,2,DRIVER,3,2026721,,FORD,MUSTANG,IL,2020,UNKNOWN,PASSENGER,PERSONAL,S,STRAIGHT AHEAD,Y,,4,,"PERSONAL TOW, ALL TOWING CO.",ALL TOWING CO.,,Y,,,,,,,,,,Y,Y,,FRONT,,,,,,,,,,,,,,,,,,,,,,,,,,,,,,,,,
2126010,a6213e664d3aa92011f87c55a095c7dc046c01fa4b7cc73839428944685f09f58d20e57f1f0fdb816df174379e43657e2aafb6927e977a58c941cb0bf03560fe,08/10/2025 09:42:00 PM,3,PARKED,,2026723,,BUICK,LACROSSE,IL,2009,NONE,PASSENGER,NOT IN USE,UNKNOWN,PARKED,,,0,,,,,,,,,,Y,Y,Y,,,,,,REAR-LEFT-CORNER,,,,,,,,,,,,,,,,,,,,,,,,,,,,,,,,,
2125998,fc09153bc7fd475c5271e92ec43e75b029602d41788c1238f7cf13f6441b6999c8a5bccc1f11e0f19d03730e4fd3bf5c40420074a0a1c074f3dc911c3d5ddf67,08/10/2025 09:42:00 PM,1,DRIVER,,2026712,,CHEVROLET,MALIBU,IL,2018,UNKNOWN,PASSENGER,PERSONAL,S,STRAIGHT AHEAD,,,1,,,,,,,,,,,Y,Y,Y,Y,Y,,,UNKNOWN,,,,,,,,,,,,,,,,,,,,,,,,,,,,,,,,,
2125999,fc09153bc7fd475c5271e92ec43e75b029602d41788c1238f7cf13f6441b6999c8a5bccc1f11e0f19d03730e4fd3bf5c40420074a0a1c074f3dc911c3d5ddf67,08/10/2025 09:42:00 PM,2,DRIVER,1,2026713,,FORD,ESCAPE,IL,2003,UNKNOWN,PASSENGER,PERSONAL,S,STRAIGHT AHEAD,,,2,,,,,Y,Y,,,,,,,,,,,,UNKNOWN,,,,,,,,,,,,,,,,,,,,,,,,,,,,,,,,,
2125993,caa10eba73ad1b74b24b9ced3cc6e388b01922c8f8910bb37cc738379b801007a0fc9ae8fc2f8728243240a795a43a8b4a5fb630bcb48655caa375c8a6a4f541,08/10/2025 09:37:00 PM,1,DRIVER,1,2026705,,CHEVROLET,CRUZE,IL,2013,NONE,PASSENGER,PERSONAL,W,STRAIGHT AHEAD,Y,,2,,OWNER,PRIVATE,,Y,,,,,,,,,,Y,Y,,FRONT-LEFT-CORNER,,,,,,,,,,,,,,,,,,,,,,,,,,,,,,,,,
2125994,caa10eba73ad1b74b24b9ced3cc6e388b01922c8f8910bb37cc738379b801007a0fc9ae8fc2f8728243240a795a43a8b4a5fb630bcb48655caa375c8a6a4f541,08/10/2025 09:37:00 PM,2,DRIVER,1,2026707,,CHEVROLET,EQUINOX,IL,2019,NONE,SPORT UTILITY VEHICLE (SUV),PERSONAL,S,STRAIGHT AHEAD,Y,,2,,OWNER,PRIVATE,,,,,,,,,Y,Y,Y,Y,,,FRONT,,,,,,,,,,,,,,,,,,,,,,,,,,,,,,,,,
2127601,b6c1a7aeffaad6ca5ceed7e3e78f19f0ddf7992d7b8f564312017a75489c88d511c6461cc3fba61ea9b55d080c5a59f17703f7c3b3cb1423fbeec8d444c5e54a,08/10/2025 09:15:00 PM,1,DRIVER,,2028291,,TOYOTA,COROLLA,IL,,NONE,PASSENGER,PERSONAL,E,STRAIGHT AHEAD,,,1,,,,,,,,,,,,,,,,Y,,FRONT,,,,,,,,,,,,,,,,,,,,,,,,,,,,,,,,,
2127602,b6c1a7aeffaad6ca5ceed7e3e78f19f0ddf7992d7b8f564312017a75489c88d511c6461cc3fba61ea9b55d080c5a59f17703f7c3b3cb1423fbeec8d444c5e54a,08/10/2025 09:15:00 PM,2,DRIVER,,2028288,,KIA,SORENTO,IL,2019,NONE,PASSENGER,PERSONAL,E,SLOW/STOP IN TRAFFIC,,,1,,,,,,,,,,Y,,,,,,,,REAR,,,,,,,,,,,,,,,,,,,,,,,,,,,,,,,,,
2125957,b020512bbf51f66d1ceebc8f6347e5fbabcf97dbdfc45a018ba7f18be8976729d5a98d60a518b2d084c7b4b589f41e6bb04cea9d6308d1672cc0c858e77a59d0,08/10/2025 09:10:00 PM,3,DRIVER,1,2026671,,TOYOTA,CAMRY,IL,2015,NONE,PASSENGER,PERSONAL,E,SLOW/STOP IN TRAFFIC,,,2,,,,,,,,,,Y,,,,,,,,REAR,,,,,,,,,,,,,,,,,,,,,,,,,,,,,,,,,
2125958,b020512bbf51f66d1ceebc8f6347e5fbabcf97dbdfc45a018ba7f18be8976729d5a98d60a518b2d084c7b4b589f41e6bb04cea9d6308d1672cc0c858e77a59d0,08/10/2025 09:10:00 PM,2,DRIVER,,2026676,,NISSAN,SENTRA,IL,2021,NONE,PASSENGER,PERSONAL,E,SLOW/STOP IN TRAFFIC,,,1,,,,,,,,,,Y,,,,,,Y,,REAR,,,,,,,,,,,,,,,,,,,,,,,,,,,,,,,,,
2125959,b020512bbf51f66d1ceebc8f6347e5fbabcf97dbdfc45a018ba7f18be8976729d5a98d60a518b2d084c7b4b589f41e6bb04cea9d6308d1672cc0c858e77a59d0,08/10/2025 09:10:00 PM,1,DRIVER,,2026681,,FORD,FUSION,IL,2016,NONE,PASSENGER,PERSONAL,E,STRAIGHT AHEAD,,,1,,,,,,,,,,,,,,,,Y,,FRONT,,,,,,,,,,,,,,,,,,,,,,,,,,,,,,,,,
2125962,5ec3e7b78f4338f7aed5e392b8b369256fda631e1336ec28013fb12ff526278306ca94538d2a3c80c8022a0cba1e47a77ee9b4121d01ec82375bf571dc5cc964,08/10/2025 09:00:00 PM,1,DRIVER,,2026675,,UNKNOWN,OTHER (EXPLAIN IN NARRATIVE),,,NONE,PASSENGER,UNKNOWN/NA,S,STRAIGHT AHEAD,,,1,,,,,,,,,,,,,,,,,Y,UNKNOWN,,,,,,,,,,,,,,,,,,,,,,,,,,,,,,,,,
2125963,5ec3e7b78f4338f7aed5e392b8b369256fda631e1336ec28013fb12ff526278306ca94538d2a3c80c8022a0cba1e47a77ee9b4121d01ec82375bf571dc5cc964,08/10/2025 09:00:00 PM,2,DRIVER,,2026677,,NISSAN,SENTRA,IL,2020,NONE,PASSENGER,PERSONAL,S,STRAIGHT AHEAD,,,1,,,,,,,,,Y,Y,Y,,,,,,,REAR,,,,,,,,,,,,,,,,,,,,,,,,,,,,,,,,,
2126127,c192100f796c81be595bc0e91d9ce96abb3358bb1e1c1c99dd910c252e2a80be5052a03b5d5635f2ed9080488ab34f0f1fe0c82f842edd8847e80fafa53c1f57,08/10/2025 09:00:00 PM,1,DRIVER,,2026838,,MAZDA,MAZDA2,IL,2012,NONE,PASSENGER,PERSONAL,NE,STRAIGHT AHEAD,,,1,,,,,Y,Y,Y,,,,,,,,,Y,,FRONT-RIGHT-CORNER,,,,,,,,,,,,,,,,,,,,,,,,,,,,,,,,,
2126128,c192100f796c81be595bc0e91d9ce96abb3358bb1e1c1c99dd910c252e2a80be5052a03b5d5635f2ed9080488ab34f0f1fe0c82f842edd8847e80fafa53c1f57,08/10/2025 09:00:00 PM,2,PARKED,,2026839,,VOLKSWAGEN,JETTA,IL,2015,NONE,PASSENGER,NOT IN USE,NE,PARKED,,,0,,,,,,,,,,,Y,Y,Y,Y,Y,,,SIDE-LEFT,,,,,,,,,,,,,,,,,,,,,,,,,,,,,,,,,
2126437,24367c9ae10d73b424334a22e028fd2ca9361914ceae3d1d960068abd8245a4ae746a225498f1802e583cb86a33509b771adf7be146bf75d3f96e81b345e3752,08/10/2025 08:50:00 PM,1,DRIVER,,2027128,,CADILLAC,DEVILLE,IN,2004,UNKNOWN,PASSENGER,UNKNOWN/NA,N,ENTERING TRAFFIC LANE FROM PARKING,,,1,,,,,,,,,,,,,,Y,Y,Y,,FRONT-LEFT-CORNER,,,,,,,,,,,,,,,,,,,,,,,,,,,,,,,,,
2126438,24367c9ae10d73b424334a22e028fd2ca9361914ceae3d1d960068abd8245a4ae746a225498f1802e583cb86a33509b771adf7be146bf75d3f96e81b345e3752,08/10/2025 08:50:00 PM,2,DRIVER,,2027129,,HONDA,ACCORD,IL,2012,NONE,PASSENGER,PERSONAL,E,STRAIGHT AHEAD,,,1,,,,,Y,Y,Y,Y,Y,,,,,,,,,SIDE-RIGHT,,,,,,,,,,,,,,,,,,,,,,,,,,,,,,,,,
2125964,4b560f09b3d12739f22a0bcbab0193a5b8dc67779300cb5ed91dbc46b970e65dac963e0c7bbe3a9449103a1d14f0ab31850c6caee832fc049f05fd314f5d44e7,08/10/2025 08:48:00 PM,1,DRIVER,1,2026680,,JEEP,GRAND CHEROKEE,IL,2021,NONE,SPORT UTILITY VEHICLE (SUV),UNKNOWN/NA,N,AVOIDING VEHICLES/OBJECTS,,,2,,,,,,,,,N,Y,,,,,,,,REAR,,,,,,,,,,,,,,,,,,,,,,,,,,,,,,,,,
2125965,4b560f09b3d12739f22a0bcbab0193a5b8dc67779300cb5ed91dbc46b970e65dac963e0c7bbe3a9449103a1d14f0ab31850c6caee832fc049f05fd314f5d44e7,08/10/2025 08:48:00 PM,2,DRIVER,1,2026684,,FORD,EXPLORER,IL,2016,NONE,SPORT UTILITY VEHICLE (SUV),POLICE,N,AVOIDING VEHICLES/OBJECTS,,,2,,,,,Y,Y,,,,,,,,,,,,FRONT-RIGHT-CORNER,,,,,,,,,,,,,,,,,,,,,,,,,,,,,,,,,
2125978,b7f70419c169bc825f58fb0bdfb500c4da47b56a5da46819e51c031e2e76af26980b8eb15b48c5845af75d467640a5242fd7215cf605f1308dc5e62ff9e1edfb,08/10/2025 08:44:00 PM,1,DRIVER,,2026692,,BUICK,LACROSSE,IL,1997,UNKNOWN,PASSENGER,PERSONAL,N,STRAIGHT AHEAD,Y,,1,,PRIVATE TOW,,,Y,,,,,,,,,,Y,Y,,FRONT,,,,,,,,,,,,,,,,,,,,,,,,,,,,,,,,,
2125979,b7f70419c169bc825f58fb0bdfb500c4da47b56a5da46819e51c031e2e76af26980b8eb15b48c5845af75d467640a5242fd7215cf605f1308dc5e62ff9e1edfb,08/10/2025 08:44:00 PM,2,DRIVER,,2026695,,HYUNDAI,SANTA FE,,2007,UNKNOWN,PASSENGER,PERSONAL,N,SLOW/STOP IN TRAFFIC,Y,,1,,city of chicago,pound 2,,,,,,Y,Y,Y,,,,,,,REAR,,,,,,,,,,,,,,,,,,,,,,,,,,,,,,,,,
2125982,ac246300de5781def191759cffcc05c121b907af42a7b7d7a297f541f968cfff80833f6b9b1e371112a6f198e2e941243b272320a9a8fb86619d4a882773aad4,08/10/2025 08:43:00 PM,1,DRIVER,,2026696,N,NOVA BUS,OTHER (EXPLAIN IN NARRATIVE),IL,2014,UNKNOWN,BUS OVER 15 PASS.,CTA,S,STRAIGHT AHEAD,,,1,,,,,,,,,,,,,,,,,Y,UNKNOWN,,,,,,,,,,,,,,,,,,,,,,,,,,,,,,,,,
2125983,ac246300de5781def191759cffcc05c121b907af42a7b7d7a297f541f968cfff80833f6b9b1e371112a6f198e2e941243b272320a9a8fb86619d4a882773aad4,08/10/2025 08:43:00 PM,2,PARKED,1,2026704,,AUDI,A4,MN,2011,UNKNOWN,PASSENGER,UNKNOWN/NA,S,PARKED,,,1,,,,,,,,,,,Y,Y,Y,Y,Y,,,SIDE-LEFT,,,,,,,,,,,,,,,,,,,,,,,,,,,,,,,,,
2125943,d8ce62c798d8174a073ccd5bab674fc10e1ea806a3d779c49813cb049b517a48b8bbaa450807a2e7f6ae7bd7deef8b3126ead65817457e6dc1414f8a4e36eab7,08/10/2025 08:40:00 PM,1,DRIVER,,2026658,,CHEVROLET,SILVERADO,IL,,NONE,PICKUP,PERSONAL,S,STRAIGHT AHEAD,,,1,,,,,,,,,,,,,,,,,,OTHER,,,,,,,,,,,,,,,,,,,,,,,,,,,,,,,,,
2125944,d8ce62c798d8174a073ccd5bab674fc10e1ea806a3d779c49813cb049b517a48b8bbaa450807a2e7f6ae7bd7deef8b3126ead65817457e6dc1414f8a4e36eab7,08/10/2025 08:40:00 PM,2,PARKED,,2026662,,UNKNOWN,OTHER (EXPLAIN IN NARRATIVE),,,NONE,OTHER,NOT IN USE,UNKNOWN,PARKED,,,0,,,,,,,,Y,Y,,,,,,,,,REAR-RIGHT-CORNER,,,,,,,,,,,,,,,,,,,,,,,,,,,,,,,,,
2125972,e885d4ddb4165447a51f8253e1eed747e54ebaa05381d812fb875883e265ea0e9c22d0848cb06d07585e50b3caad04e46f727aaee92784e610c25e8774bab772,08/10/2025 08:40:00 PM,1,DRIVER,,2026711,,UNKNOWN,MOTORIZED,,,UNKNOWN,PICKUP,UNKNOWN/NA,W,PASSING/OVERTAKING,,,1,,,,,Y,,,,,,,,,,Y,Y,,FRONT,,,,,,,,,,,,,,,,,,,,,,,,,,,,,,,,,
2125973,e885d4ddb4165447a51f8253e1eed747e54ebaa05381d812fb875883e265ea0e9c22d0848cb06d07585e50b3caad04e46f727aaee92784e610c25e8774bab772,08/10/2025 08:40:00 PM,2,DRIVER,1,2026714,,TOYOTA,CAMRY,IL,2018,UNKNOWN,PASSENGER,PERSONAL,NE,TURNING LEFT,,,2,,,,,Y,Y,,,,,,,,,Y,Y,,FRONT-RIGHT-CORNER,,,,,,,,,,,,,,,,,,,,,,,,,,,,,,,,,
2125974,6cf894b5b6096a0533790881f02a344a138e7bb9cc72cddfd4bf113e3a52b4d102cc7604e21eabf50455e4c1fdb13dd14a286284e1b899d52e88993094bdacdc,08/10/2025 08:35:00 PM,1,DRIVER,,2026685,,HYUNDAI,SANTA FE,IL,,UNKNOWN,PASSENGER,UNKNOWN/NA,E,TURNING LEFT,,,1,,,,,,,,,,,,,,Y,Y,,,FRONT-LEFT-CORNER,,,,,,,,,,,,,,,,,,,,,,,,,,,,,,,,,
2125975,6cf894b5b6096a0533790881f02a344a138e7bb9cc72cddfd4bf113e3a52b4d102cc7604e21eabf50455e4c1fdb13dd14a286284e1b899d52e88993094bdacdc,08/10/2025 08:35:00 PM,2,DRIVER,,2026686,,NISSAN,ROGUE,IL,,UNKNOWN,SPORT UTILITY VEHICLE (SUV),RIDESHARE SERVICE,E,STRAIGHT AHEAD,,,1,,,,,Y,Y,Y,,,,,,,,,,,SIDE-RIGHT-FRONT,,,,,,,,,,,,,,,,,,,,,,,,,,,,,,,,,