CRASH_UNIT_ID,CRASH_RECORD_ID,CRASH_DATE,UNIT_NO,UNIT_TYPE,NUM_PASSENGERS,VEHICLE_ID,CMRC_VEH_I,MAKE,MODEL,LIC_PLATE_STATE,VEHICLE_YEAR,VEHICLE_DEFECT,VEHICLE_TYPE,VEHICLE_USE,TRAVEL_DIRECTION,MANEUVER,TOWED_I,FIRE_I,OCCUPANT_CNT,EXCEED_SPEED_LIMIT_I,TOWED_BY,TOWED_TO,AREA_00_I,AREA_01_I,AREA_02_I,AREA_03_I,AREA_04_I,AREA_05_I,AREA_06_I,AREA_07_I,AREA_08_I,AREA_09_I,AREA_10_I,AREA_11_I,AREA_12_I,AREA_99_I,FIRST_CONTACT_POINT,CMV_ID,USDOT_NO,CCMC_NO,ILCC_NO,COMMERCIAL_SRC,GVWR,CARRIER_NAME,CARRIER_STATE,CARRIER_CITY,HAZMAT_PLACARDS_I,HAZMAT_NAME,UN_NO,HAZMAT_PRESENT_I,HAZMAT_REPORT_I,HAZMAT_REPORT_NO,MCS_REPORT_I,MCS_REPORT_NO,HAZMAT_VIO_CAUSE_CRASH_I,MCS_VIO_CAUSE_CRASH_I,IDOT_PERMIT_NO,WIDE_LOAD_I,TRAILER1_WIDTH,TRAILER2_WIDTH,TRAILER1_LENGTH,TRAILER2_LENGTH,TOTAL_VEHICLE_LENGTH,AXLE_CNT,VEHICLE_CONFIG,CARGO_BODY_TYPE,LOAD_TYPE,HAZMAT_OUT_OF_SERVICE_I,MCS_OUT_OF_SERVICE_I,HAZMAT_CLASS
2125953,7996e4121044b923e0f8b81998fdfa998b6846e28bb685e1791a52e6c91be386d365e1facd53ccc76408d3e16f28183e82213f444f0747721f075c3bc74e64a2,08/10/2025 08:35:00 PM,1,DRIVER,,2026668,,UNKNOWN,MOTORIZED,IL,,UNKNOWN,OTHER,PERSONAL,S,STRAIGHT AHEAD,,,1,,,,,Y,Y,Y,Y,Y,,,,,,N,N,,SIDE-RIGHT,,,,,,,,,,,,,,,,,,,,,,,,,,,,,,,,,
2125954,7996e4121044b923e0f8b81998fdfa998b6846e28bb685e1791a52e6c91be386d365e1facd53ccc76408d3e16f28183e82213f444f0747721f075c3bc74e64a2,08/10/2025 08:35:00 PM,2,DRIVER,,2026673,,JEEP,GRAND CHEROKEE,IL,2021,NONE,SPORT UTILITY VEHICLE (SUV),PERSONAL,E,STRAIGHT AHEAD,,,1,,,,,Y,,,,,,,,,,Y,Y,,FRONT,,,,,,,,,,,,,,,,,,,,,,,,,,,,,,,,,
2125947,93fb18d4cc3b56de85b7953cb91e64aea6c8ad3774fc94b5e5198fcb66f105a8403154df1e2312cfcbaae76acdf28e263ecf37d71c58e7f26856685a80b46ce3,08/10/2025 08:19:00 PM,1,DRIVER,,2026661,,CHEVROLET,AVALANCHE,IL,2019,NONE,PICKUP,NOT IN USE,W,STRAIGHT AHEAD,,,1,,,,,Y,Y,Y,,,,,,,,,Y,,FRONT-RIGHT-CORNER,,,,,,,,,,,,,,,,,,,,,,,,,,,,,,,,,
2125948,93fb18d4cc3b56de85b7953cb91e64aea6c8ad3774fc94b5e5198fcb66f105a8403154df1e2312cfcbaae76acdf28e263ecf37d71c58e7f26856685a80b46ce3,08/10/2025 08:19:00 PM,2,DRIVER,2,2026665,,DODGE,RAM 1500 PU,IL,2019,NONE,PICKUP,NOT IN USE,W,STRAIGHT AHEAD,,,3,,,,,,,,,,,,,Y,Y,Y,,,SIDE-LEFT-FRONT,,,,,,,,,,,,,,,,,,,,,,,,,,,,,,,,,
2125955,698598e9874234b9632d3cde3c3eb4cd72d6d25b6882efd3451e2b38d915619491de33958b33c64bc28a546ba22df63c197117afc6842adc63f8ea1362189386,08/10/2025 08:14:00 PM,1,DRIVER,,2026669,,UNKNOWN,OTHER (EXPLAIN IN NARRATIVE),IL,,UNKNOWN,PASSENGER,UNKNOWN/NA,W,CHANGING LANES,,,1,,,,,Y,,,,,,,,,,,,,FRONT-RIGHT-CORNER,,,,,,,,,,,,,,,,,,,,,,,,,,,,,,,,,
2125956,698598e9874234b9632d3cde3c3eb4cd72d6d25b6882efd3451e2b38d915619491de33958b33c64bc28a546ba22df63c197117afc6842adc63f8ea1362189386,08/10/2025 08:14:00 PM,2,DRIVER,,2026672,,TOYOTA,RAV4,IL,2001,NONE,SPORT UTILITY VEHICLE (SUV),PERSONAL,W,STRAIGHT AHEAD,Y,,1,,PRIVATE TOW,HOME,,,,,,,,,,,,Y,,,FRONT,,,,,,,,,,,,,,,,,,,,,,,,,,,,,,,,,
2125970,28188c2281702f28305e55b06ccb1771c6dd6b9a51c64aa5e473ca53795a5e3d19eac325b37d2017ceb9a1ca36eb23dd9b2c6a3b5dbf65cabc61d660309933df,08/10/2025 08:08:00 PM,1,DRIVER,,2026682,,CHRYSLER,300,IL,2014,UNKNOWN,PASSENGER,UNKNOWN/NA,E,STRAIGHT AHEAD,Y,,1,,PERSONAL TOW,,,Y,,,,,,,,,,Y,Y,,FRONT,,,,,,,,,,,,,,,,,,,,,,,,,,,,,,,,,
2125971,28188c2281702f28305e55b06ccb1771c6dd6b9a51c64aa5e473ca53795a5e3d19eac325b37d2017ceb9a1ca36eb23dd9b2c6a3b5dbf65cabc61d660309933df,08/10/2025 08:08:00 PM,2,DRIVER,1,2026690,,BMW,BMW,IL,2013,UNKNOWN,SPORT UTILITY VEHICLE (SUV),UNKNOWN/NA,S,TURNING LEFT,,,2,,,,,,,,,Y,,,,,,,,,REAR-RIGHT-CORNER,,,,,,,,,,,,,,,,,,,,,,,,,,,,,,,,,
2125966,0af17db8bdeedde2200a42debcdc2a916e5ff4148020e60aa59556b1aa3848205ad78d32a2b97304004c666aad28dcdceb334b6b8865bd2542a2555dd8ca4681,08/10/2025 08:01:00 PM,1,DRIVER,,2026679,,TOYOTA,PRIUS,IL,2007,UNKNOWN,PASSENGER,PERSONAL,UNKNOWN,BACKING,Y,,1,,,DOTY,,,,,,,,,,,,,,,NONE,,,,,,,,,,,,,,,,,,,,,,,,,,,,,,,,,
2125967,0af17db8bdeedde2200a42debcdc2a916e5ff4148020e60aa59556b1aa3848205ad78d32a2b97304004c666aad28dcdceb334b6b8865bd2542a2555dd8ca4681,08/10/2025 08:01:00 PM,2,PEDESTRIAN,,,,,,,,,,,,,,,,,,,,,,,,,,,,,,,,,,,,,,,,,,,,,,,,,,,,,,,,,,,,,,,,,,
2126054,07a3fb92ed04f3c49e9e6b7ae79c6e535673412cb1b5ae0c90f02ee851bc108306218cda42b4e1dc0fc695903795193da45afdfa4eacd1e93acfa0904f1a18dc,08/10/2025 08:00:00 PM,1,DRIVER,,2026762,,UNKNOWN,OTHER (EXPLAIN IN NARRATIVE),,,UNKNOWN,PASSENGER,UNKNOWN/NA,N,STRAIGHT AHEAD,,,1,,,,,,,,,,,,,,,,,Y,FRONT,,,,,,,,,,,,,,,,,,,,,,,,,,,,,,,,,
2126055,07a3fb92ed04f3c49e9e6b7ae79c6e535673412cb1b5ae0c90f02ee851bc108306218cda42b4e1dc0fc695903795193da45afdfa4eacd1e93acfa0904f1a18dc,08/10/2025 08:00:00 PM,2,BICYCLE,,,,,,,,,,,,,,,,,,,,,,,,,,,,,,,,,,,,,,,,,,,,,,,,,,,,,,,,,,,,,,,,,,
2125951,b74de890b5e079cf7ede86b34a2df3d9bb8a90e81628d172407445ab79a9975de2d846fd0870d64d7eea2448e9f90c5e451a54aa4f2244ce5eb1cdfaad367bfd,08/10/2025 07:45:00 PM,1,DRIVER,1,2026702,,FORD,EDGE,IL,2012,UNKNOWN,SPORT UTILITY VEHICLE (SUV),UNKNOWN/NA,UNKNOWN,UNKNOWN/NA,Y,,2,,,,,Y,Y,,,,,,,,,,,,UNKNOWN,,,,,,,,,,,,,,,,,,,,,,,,,,,,,,,,,
2125952,b74de890b5e079cf7ede86b34a2df3d9bb8a90e81628d172407445ab79a9975de2d846fd0870d64d7eea2448e9f90c5e451a54aa4f2244ce5eb1cdfaad367bfd,08/10/2025 07:45:00 PM,2,PARKED,,2026706,,FORD,BRONCO / BRONCO II,IL,2024,UNKNOWN,SPORT UTILITY VEHICLE (SUV),NOT IN USE,W,PARKED,,,0,,,,,,,,,,,Y,,,,,,,UNKNOWN,,,,,,,,,,,,,,,,,,,,,,,,,,,,,,,,,
2125995,b74de890b5e079cf7ede86b34a2df3d9bb8a90e81628d172407445ab79a9975de2d846fd0870d64d7eea2448e9f90c5e451a54aa4f2244ce5eb1cdfaad367bfd,08/10/2025 07:45:00 PM,3,PARKED,,2026708,,HONDA,ACCORD,IL,2019,UNKNOWN,UNKNOWN/NA,NOT IN USE,W,PARKED,,,0,,,,,,,,,,,Y,Y,Y,Y,Y,,,UNKNOWN,,,,,,,,,,,,,,,,,,,,,,,,,,,,,,,,,
2125945,0b13b9358dcbe6faae27270e2f9ddc22b1422baef9920722be40e83f4c23e3066a6594cf0c64995a21c9d398c249924dfe203b1de338178318251af66febdc5c,08/10/2025 07:30:00 PM,1,DRIVER,,2026659,,MERCEDES-BENZ,200 SERIES,IL,2022,UNKNOWN,PASSENGER,PERSONAL,W,STRAIGHT AHEAD,Y,,1,,PRIVATE TOW,PRIVATE TOW,,Y,,,,,,,,,,Y,Y,,FRONT,,,,,,,,,,,,,,,,,,,,,,,,,,,,,,,,,
2125946,0b13b9358dcbe6faae27270e2f9ddc22b1422baef9920722be40e83f4c23e3066a6594cf0c64995a21c9d398c249924dfe203b1de338178318251af66febdc5c,08/10/2025 07:30:00 PM,2,DRIVER,,2026663,,FORD,EXPEDITION,IL,2024,NONE,PASSENGER,PERSONAL,W,SLOW/STOP IN TRAFFIC,,,1,,,,,,,,,Y,Y,N,,,,,,,REAR,,,,,,,,,,,,,,,,,,,,,,,,,,,,,,,,,
2125921,707f40fbbb9ec13c05615b16c453e1a0e06890e60a927bcac387b2fe6de339ea6df289da3ae6596583075f316ef0c72ff1b40ab33472a7487b62006905b329df,08/10/2025 07:20:00 PM,1,DRIVER,,2026638,,UNKNOWN,MOTORIZED,XX,,UNKNOWN,PASSENGER,UNKNOWN/NA,S,STRAIGHT AHEAD,,,1,,,,,Y,,,,,,,,,,Y,Y,,FRONT-LEFT-CORNER,,,,,,,,,,,,,,,,,,,,,,,,,,,,,,,,,
2125922,707f40fbbb9ec13c05615b16c453e1a0e06890e60a927bcac387b2fe6de339ea6df289da3ae6596583075f316ef0c72ff1b40ab33472a7487b62006905b329df,08/10/2025 07:20:00 PM,2,DRIVER,,2026641,,CHEVROLET,EQUINOX,IL,2020,NONE,SPORT UTILITY VEHICLE (SUV),PERSONAL,SW,TURNING LEFT,,,1,,,,,,,,Y,Y,Y,,,,,,,,REAR-RIGHT-CORNER,,,,,,,,,,,,,,,,,,,,,,,,,,,,,,,,,
2125923,9aea71f47f141df70afafdd1c2b0df7a8d0454b45ee6087f8de0411df7e711e802e61bfb3e0c3315e76931e3966451742a3fb7514fee3907c3b0c9b0cde9f789,08/10/2025 07:20:00 PM,1,DRIVER,,2026642,,SUBARU,OUTBACK,PA,2021,UNKNOWN,PASSENGER,PERSONAL,S,TURNING RIGHT,,,1,,,,Y,,,,,,,,,,,,,,FRONT,,,,,,,,,,,,,,,,,,,,,,,,,,,,,,,,,
2125924,9aea71f47f141df70afafdd1c2b0df7a8d0454b45ee6087f8de0411df7e711e802e61bfb3e0c3315e76931e3966451742a3fb7514fee3907c3b0c9b0cde9f789,08/10/2025 07:20:00 PM,2,BICYCLE,,,,,,,,,,,,,,,,,,,,,,,,,,,,,,,,,,,,,,,,,,,,,,,,,,,,,,,,,,,,,,,,,,
2125935,235112ba7699bfb2398eaa09b6a43c1efe7e293b499ebc390fe3da80a8d297c1ccedda1d641ce96891a3315d4515239089fa550619b9cfe92f10667f349a4087,08/10/2025 07:10:00 PM,1,DRIVER,1,2026653,,SUBARU,OUTBACK,IL,2010,NONE,PASSENGER,PERSONAL,E,STRAIGHT AHEAD,Y,,2,,PRIVATE TOW,,,Y,Y,,,,,,,,,,,,SIDE-RIGHT-FRONT,,,,,,,,,,,,,,,,,,,,,,,,,,,,,,,,,
2125936,235112ba7699bfb2398eaa09b6a43c1efe7e293b499ebc390fe3da80a8d297c1ccedda1d641ce96891a3315d4515239089fa550619b9cfe92f10667f349a4087,08/10/2025 07:10:00 PM,2,DRIVER,,2026656,,NISSAN,ROGUE,IL,2019,NONE,SPORT UTILITY VEHICLE (SUV),PERSONAL,N,STRAIGHT AHEAD,Y,,1,,PRIVATE TOW,,,Y,,,,,,,,N,Y,Y,Y,,FRONT-LEFT-CORNER,,,,,,,,,,,,,,,,,,,,,,,,,,,,,,,,,
2125927,45200186df441d0382c305538d714e69fd81b52c2fa0e85a1d0f969bbaaeb943be0dbf4b3a2df51719d22c97505d98dd548491e90e141a8a479f1641395fbd79,08/10/2025 07:00:00 PM,1,DRIVER,,2026645,,HONDA,ACCORD,CA,2022,UNKNOWN,PASSENGER,PERSONAL,UNKNOWN,UNKNOWN/NA,,,1,,,,,N,Y,Y,Y,,,,,,,,,,SIDE-RIGHT,,,,,,,,,,,,,,,,,,,,,,,,,,,,,,,,,
2125928,45200186df441d0382c305538d714e69fd81b52c2fa0e85a1d0f969bbaaeb943be0dbf4b3a2df51719d22c97505d98dd548491e90e141a8a479f1641395fbd79,08/10/2025 07:00:00 PM,2,DRIVER,,2026650,,MINI,COOPER,IL,2024,UNKNOWN,PASSENGER,PERSONAL,UNKNOWN,UNKNOWN/NA,,,1,,,,,Y,Y,Y,,,,,,Y,Y,Y,Y,,FRONT,,,,,,,,,,,,,,,,,,,,,,,,,,,,,,,,,
2125960,2123f0924fdb8f478892f77bad68ac060a2e8ae6243e185a5067f1f22d4e99bb624ba70b52d78a059c642fdef732b960fff397ff02709e73285d3013fcb8799a,08/10/2025 06:55:00 PM,1,DRIVER,,2026670,,ACURA,TLX,IL,2014,NONE,PASSENGER,PERSONAL,N,ENTERING TRAFFIC LANE FROM PARKING,,,1,,,,,,,,,,,,,,Y,Y,Y,,SIDE-LEFT-FRONT,,,,,,,,,,,,,,,,,,,,,,,,,,,,,,,,,
2125961,2123f0924fdb8f478892f77bad68ac060a2e8ae6243e185a5067f1f22d4e99bb624ba70b52d78a059c642fdef732b960fff397ff02709e73285d3013fcb8799a,08/10/2025 06:55:00 PM,2,DRIVER,,2026674,,CHEVROLET,MALIBU,IL,2014,NONE,PASSENGER,PERSONAL,N,STRAIGHT AHEAD,Y,,1,,PERSONAL TOW,,,Y,Y,Y,Y,Y,,,,,,,,,SIDE-RIGHT,,,,,,,,,,,,,,,,,,,,,,,,,,,,,,,,,
2127072,052d558daef7589c428a609455701c78743b171895331be9d2514bb03b659f7ba2cd43c5c0cd095e4d3f11b78e917bb0ce541664b67cb924bab5f6c1f3ceb173,08/10/2025 06:45:00 PM,1,DRIVER,,2027726,,FORD,EXPEDITION,IL,,NONE,PASSENGER,PERSONAL,W,BACKING,,,1,,,,Y,,,,,,N,,,,,,,,NONE,,,,,,,,,,,,,,,,,,,,,,,,,,,,,,,,,
2127073,052d558daef7589c428a609455701c78743b171895331be9d2514bb03b659f7ba2cd43c5c0cd095e4d3f11b78e917bb0ce541664b67cb924bab5f6c1f3ceb173,08/10/2025 06:45:00 PM,2,PARKED,,2027728,,FORD,EXPEDITION,IL,2024,UNKNOWN,PASSENGER,OTHER,W,PARKED,,,0,,,,,,,,,,,,,,,,Y,,FRONT,,,,,,,,,,,,,,,,,,,,,,,,,,,,,,,,,
2125887,3c1c2e432d3a307208780a28161ac15eb8e8c98d6383660ff55b410d9103fa6d73d07dce16c198ce61a79cbc2b977e9b9a80b5badd897e8c0e64aecba991c06d,08/10/2025 06:20:00 PM,1,DRIVER,,2026610,,KIA,FORTE,IL,2012,UNKNOWN,UNKNOWN/NA,UNKNOWN/NA,N,STRAIGHT AHEAD,,,1,,,,,,,,,,,,,,,,,Y,UNKNOWN,,,,,,,,,,,,,,,,,,,,,,,,,,,,,,,,,
2125888,3c1c2e432d3a307208780a28161ac15eb8e8c98d6383660ff55b410d9103fa6d73d07dce16c198ce61a79cbc2b977e9b9a80b5badd897e8c0e64aecba991c06d,08/10/2025 06:20:00 PM,2,DRIVER,2,2026612,,KIA,SORENTO,IL,2016,NONE,PASSENGER,PERSONAL,N,STARTING IN TRAFFIC,,,3,,,,,,,,Y,Y,Y,,,,,,,,REAR-RIGHT-CORNER,,,,,,,,,,,,,,,,,,,,,,,,,,,,,,,,,
2125939,66014dafd0cd82cde383d0d87a08f85b824b6685cb6dd2fa6fe2254bd626e872b37d1a945ca2b58f31ecc0c6bd199f1f07edc3662f7cf9506cd9e9bcf9881b44,08/10/2025 06:15:00 PM,1,DRIVER,,2026660,,NISSAN,MAXIMA,IL,2025,UNKNOWN,PASSENGER,PERSONAL,E,STRAIGHT AHEAD,Y,,1,,CITY OF CHICAGO,POUND 2,,Y,Y,Y,,,,,,,,,Y,,FRONT-RIGHT-CORNER,,,,,,,,,,,,,,,,,,,,,,,,,,,,,,,,,
2125940,66014dafd0cd82cde383d0d87a08f85b824b6685cb6dd2fa6fe2254bd626e872b37d1a945ca2b58f31ecc0c6bd199f1f07edc3662f7cf9506cd9e9bcf9881b44,08/10/2025 06:15:00 PM,2,PARKED,,2026667,,FORD,EXPLORER,IL,2018,NONE,PASSENGER,PERSONAL,E,PARKED,,,0,,,,,,,,,,Y,Y,Y,,,,,,REAR-RIGHT-CORNER,,,,,,,,,,,,,,,,,,,,,,,,,,,,,,,,,
2125874,fa3a4e1bd9900cb8f0104a3cbe5e6101c19ed727c778dc4ba627b4610e3573ca9001782b0a9474d11ecc70a177eddc378e5c16f031d7034df20935b4ef7d5190,08/10/2025 06:15:00 PM,1,DRIVER,,2026596,,JEEP,WRANGLER,IL,2019,UNKNOWN,SPORT UTILITY VEHICLE (SUV),PERSONAL,W,STRAIGHT AHEAD,,,1,,,,,,,,,,,,,,,Y,,,FRONT-LEFT-CORNER,,,,,,,,,,,,,,,,,,,,,,,,,,,,,,,,,
2125875,fa3a4e1bd9900cb8f0104a3cbe5e6101c19ed727c778dc4ba627b4610e3573ca9001782b0a9474d11ecc70a177eddc378e5c16f031d7034df20935b4ef7d5190,08/10/2025 06:15:00 PM,2,DRIVER,,2026618,,INFINITI,Q50,IL,2019,UNKNOWN,PASSENGER,PERSONAL,N,STRAIGHT AHEAD,,,1,,,,,,,Y,Y,,,,,,,,,,SIDE-RIGHT,,,,,,,,,,,,,,,,,,,,,,,,,,,,,,,,,
2125866,136e32e6d964787d287294317fe475da6fd7bfd7ccfeeb6218a63729588de22dab25bbf7493d003e3735a39447be49a7e2cc76494afa371147c478a46b7b205f,08/10/2025 06:10:00 PM,1,PARKED,,2026588,,TOYOTA,OTHER (EXPLAIN IN NARRATIVE),IL,2003,UNKNOWN,PASSENGER,UNKNOWN/NA,W,PARKED,,,0,,,,,,,,,,,,,,Y,,,,SIDE-RIGHT,,,,,,,,,,,,,,,,,,,,,,,,,,,,,,,,,
2125867,136e32e6d964787d287294317fe475da6fd7bfd7ccfeeb6218a63729588de22dab25bbf7493d003e3735a39447be49a7e2cc76494afa371147c478a46b7b205f,08/10/2025 06:10:00 PM,2,DRIVER,,2026597,,MAZDA,MAZDA3,IL,2010,NONE,PASSENGER,PERSONAL,W,STRAIGHT AHEAD,,,1,,,,,,Y,Y,,,,,,,,,,,SIDE-LEFT,,,,,,,,,,,,,,,,,,,,,,,,,,,,,,,,,
2125862,1538c51d05f4b02e9bfbf1d372b101bea1d70dbc1bfc4d281df4ad0db34c09cab9b9051b7208f9cf59ba4aa4e480dc2e00234464412f30feb746850e90d9e8d5,08/10/2025 06:10:00 PM,1,DRIVER,1,2026606,,KIA,SOUL,IL,2016,UNKNOWN,PASSENGER,PERSONAL,E,OTHER,,,2,,,,,,,,,,,,,Y,Y,Y,,,FRONT-LEFT-CORNER,,,,,,,,,,,,,,,,,,,,,,,,,,,,,,,,,
2125863,1538c51d05f4b02e9bfbf1d372b101bea1d70dbc1bfc4d281df4ad0db34c09cab9b9051b7208f9cf59ba4aa4e480dc2e00234464412f30feb746850e90d9e8d5,08/10/2025 06:10:00 PM,2,DRIVER,3,2026589,,CHEVROLET,SILVERADO,IL,2025,UNKNOWN,TRUCK - SINGLE UNIT,PERSONAL,E,STRAIGHT AHEAD,,,4,,,,,Y,Y,Y,,,,,,,,,,,FRONT-RIGHT-CORNER,,,,,,,,,,,,,,,,,,,,,,,,,,,,,,,,,
2125908,5d01f59e2927b4da189e67a34c5e0eb060906a7757438dc5df173a08c696a5532eed029c730e16ff6d7050a6717eb3193563ed6fbc4fba361d2a6580bf0c61ba,08/10/2025 06:05:00 PM,1,DRIVER,3,2026625,,TESLA,MODEL Y,TN,2025,NONE,PASSENGER,PERSONAL,S,STRAIGHT AHEAD,Y,,4,,PRIVATE TOW,,,Y,Y,Y,,,,,,,,,Y,,FRONT-RIGHT-CORNER,,,,,,,,,,,,,,,,,,,,,,,,,,,,,,,,,
2125909,5d01f59e2927b4da189e67a34c5e0eb060906a7757438dc5df173a08c696a5532eed029c730e16ff6d7050a6717eb3193563ed6fbc4fba361d2a6580bf0c61ba,08/10/2025 06:05:00 PM,2,PARKED,,2026632,,HUMMER,H3,IL,2006,NONE,PASSENGER,NOT IN USE,S,PARKED,Y,,0,,PRIVATE TOW,,,Y,,,,,,,Y,Y,Y,Y,Y,,SIDE-LEFT,,,,,,,,,,,,,,,,,,,,,,,,,,,,,,,,,
2125910,5d01f59e2927b4da189e67a34c5e0eb060906a7757438dc5df173a08c696a5532eed029c730e16ff6d7050a6717eb3193563ed6fbc4fba361d2a6580bf0c61ba,08/10/2025 06:05:00 PM,3,PARKED,,2026635,,CHEVROLET,SUBURBAN,KS,2015,NONE,PASSENGER,PERSONAL,N,PARKED,,,0,,,,,,,,,Y,Y,Y,,,,,,,REAR,,,,,,,,,,,,,,,,,,,,,,,,,,,,,,,,,
2125904,2eba751b1f0b71d0d0614154911928c1dcbe63ca716481ae0b312b26fcfa2af27e4a180144afcbe4dde0f9e917c6920335c593211c4bda76a75661acbf7cb781,08/10/2025 06:00:00 PM,1,DRIVER,,2026623,,NOVA BUS,OTHER (EXPLAIN IN NARRATIVE),,,UNKNOWN,PASSENGER,PERSONAL,UNKNOWN,UNKNOWN/NA,,,1,,,,,,,,,,,Y,Y,,,,,,REAR-LEFT-CORNER,,,,,,,,,,,,,,,,,,,,,,,,,,,,,,,,,
2125905,2eba751b1f0b71d0d0614154911928c1dcbe63ca716481ae0b312b26fcfa2af27e4a180144afcbe4dde0f9e917c6920335c593211c4bda76a75661acbf7cb781,08/10/2025 06:00:00 PM,2,DRIVER,,2026627,,HYUNDAI,ELANTRA,IL,2007,UNKNOWN,PASSENGER,PERSONAL,UNKNOWN,UNKNOWN/NA,,,1,,,,,Y,Y,Y,Y,Y,,,,,,,,,SIDE-RIGHT,,,,,,,,,,,,,,,,,,,,,,,,,,,,,,,,,
2126500,451ffb34096b92161c9402bdf13be143afe3f766681fde28c9e0184321c75de5bf69cdf54b17c18591cd3ea418f9bf9e898d6431eddacb98afaa4b68c046fc74,08/10/2025 06:00:00 PM,1,DRIVER,,2027195,,UNKNOWN,OTHER (EXPLAIN IN NARRATIVE),,,UNKNOWN,UNKNOWN/NA,UNKNOWN/NA,UNKNOWN,BACKING,,,1,,,,,,,,,,Y,,,,,,,,REAR,,,,,,,,,,,,,,,,,,,,,,,,,,,,,,,,,
2126501,451ffb34096b92161c9402bdf13be143afe3f766681fde28c9e0184321c75de5bf69cdf54b17c18591cd3ea418f9bf9e898d6431eddacb98afaa4b68c046fc74,08/10/2025 06:00:00 PM,2,PARKED,,2027197,,FORD,MUSTANG MACH-E,IL,2025,NONE,PASSENGER,NOT IN USE,N,PARKED,,,0,,,,,,,,,,,,,,,Y,,,FRONT-LEFT-CORNER,,,,,,,,,,,,,,,,,,,,,,,,,,,,,,,,,
2125889,49834a186246edabb56ae5fa139ac69c2b37a9c53caa2398d8cf3af6e74e38b88192e908d980dbe93413034b2ebb89ad0b8ea7cfd4f13c6de6fe396efacb84b6,08/10/2025 06:00:00 PM,1,DRIVER,,2026608,,HYUNDAI,SONATA,IL,2009,NONE,PASSENGER,OTHER,SE,ENTERING TRAFFIC LANE FROM PARKING,,,1,,,,Y,,,,,,,,,,,,,,REAR-LEFT-CORNER,,,,,,,,,,,,,,,,,,,,,,,,,,,,,,,,,
2125890,49834a186246edabb56ae5fa139ac69c2b37a9c53caa2398d8cf3af6e74e38b88192e908d980dbe93413034b2ebb89ad0b8ea7cfd4f13c6de6fe396efacb84b6,08/10/2025 06:00:00 PM,2,DRIVER,,2026615,,NEW FLYER,OTHER (EXPLAIN IN NARRATIVE),IL,2009,NONE,BUS OVER 15 PASS.,CTA,S,SLOW/STOP IN TRAFFIC,,,1,,,,Y,,,,,,,,,,,,,,SIDE-RIGHT-REAR,,,,,,,,,,,,,,,,,,,,,,,,,,,,,,,,,
2125864,5280ccb7afa725259e523189cfb4ee614d6655d0c1bd9d36dfbd1af42951639b35d5b9dcd0efed5f212f0855b33696568fc782d96b7b05a32ff0b2fb3803c286,08/10/2025 06:00:00 PM,1,DRIVER,2,2026587,,KIA,OTHER (EXPLAIN IN NARRATIVE),IN,,UNKNOWN,UNKNOWN/NA,UNKNOWN/NA,S,UNKNOWN/NA,,,3,,,,,Y,,,,,,,,,,,,,FRONT-RIGHT-CORNER,,,,,,,,,,,,,,,,,,,,,,,,,,,,,,,,,
2125865,5280ccb7afa725259e523189cfb4ee614d6655d0c1bd9d36dfbd1af42951639b35d5b9dcd0efed5f212f0855b33696568fc782d96b7b05a32ff0b2fb3803c286,08/10/2025 06:00:00 PM,2,DRIVER,2,2026595,,HONDA,CR-V,IL,2019,UNKNOWN,PASSENGER,PERSONAL,S,UNKNOWN/NA,,,3,,,,,,,,,,,Y,,,,,,,REAR-LEFT-CORNER,,,,,,,,,,,,,,,,,,,,,,,,,,,,,,,,,
2133035,e3dee4c3a2296697051cd4c7075383a55f7d3ed1d7c1068a4c8fb80eaf1a1ce8e55ce5d6a2b1d5912d8244a7bf4e897a95f8a231aeb63e0772cb6b8c69de1094,08/10/2025 06:00:00 PM,1,DRIVER,,2033364,,BMW,2800 SERIES,IL,2018,UNKNOWN,SPORT UTILITY VEHICLE (SUV),UNKNOWN/NA,N,LEAVING TRAFFIC LANE TO PARK,,,1,,,,,,,,Y,Y,,,,,,,,,REAR-RIGHT-CORNER,,,,,,,,,,,,,,,,,,,,,,,,,,,,,,,,,
2133036,e3dee4c3a2296697051cd4c7075383a55f7d3ed1d7c1068a4c8fb80eaf1a1ce8e55ce5d6a2b1d5912d8244a7bf4e897a95f8a231aeb63e0772cb6b8c69de1094,08/10/2025 06:00:00 PM,2,PARKED,,2033365,,FORD,300 SERIES,IL,2020,UNKNOWN,BUS UP TO 15 PASS.,UNKNOWN/NA,N,PARKED,,,0,,,,,,,,,,,,,,,Y,,,FRONT-LEFT-CORNER,,,,,,,,,,,,,,,,,,,,,,,,,,,,,,,,,
2125895,4f770b5fbff1cc2437c1c478dfdaf5cfcd38af6a9a8a1a8edaff7b8a792c6d88c827d2522dcca9f10c7080947466b2505a41da4f0ae7bb4d82cdcbb0a4feaf8d,08/10/2025 05:57:00 PM,1,DRIVER,,2026617,,CHRYSLER,300,IL,2019,NONE,PASSENGER,UNKNOWN/NA,S,UNKNOWN/NA,,,1,,,,,,,,,Y,Y,Y,,,,,,,REAR,,,,,,,,,,,,,,,,,,,,,,,,,,,,,,,,,
2125896,4f770b5fbff1cc2437c1c478dfdaf5cfcd38af6a9a8a1a8edaff7b8a792c6d88c827d2522dcca9f10c7080947466b2505a41da4f0ae7bb4d82cdcbb0a4feaf8d,08/10/2025 05:57:00 PM,2,DRIVER,1,2026620,,CADILLAC,SRX,IL,2016,NONE,PASSENGER,PERSONAL,W,STRAIGHT AHEAD,,,2,,,,,Y,,,,,,,,,,Y,Y,,FRONT,,,,,,,,,,,,,,,,,,,,,,,,,,,,,,,,,