CRASH_UNIT_ID,CRASH_RECORD_ID,CRASH_DATE,UNIT_NO,UNIT_TYPE,NUM_PASSENGERS,VEHICLE_ID,CMRC_VEH_I,MAKE,MODEL,LIC_PLATE_STATE,VEHICLE_YEAR,VEHICLE_DEFECT,VEHICLE_TYPE,VEHICLE_USE,TRAVEL_DIRECTION,MANEUVER,TOWED_I,FIRE_I,OCCUPANT_CNT,EXCEED_SPEED_LIMIT_I,TOWED_BY,TOWED_TO,AREA_00_I,AREA_01_I,AREA_02_I,AREA_03_I,AREA_04_I,AREA_05_I,AREA_06_I,AREA_07_I,AREA_08_I,AREA_09_I,AREA_10_I,AREA_11_I,AREA_12_I,AREA_99_I,FIRST_CONTACT_POINT,CMV_ID,USDOT_NO,CCMC_NO,ILCC_NO,COMMERCIAL_SRC,GVWR,CARRIER_NAME,CARRIER_STATE,CARRIER_CITY,HAZMAT_PLACARDS_I,HAZMAT_NAME,UN_NO,HAZMAT_PRESENT_I,HAZMAT_REPORT_I,HAZMAT_REPORT_NO,MCS_REPORT_I,MCS_REPORT_NO,HAZMAT_VIO_CAUSE_CRASH_I,MCS_VIO_CAUSE_CRASH_I,IDOT_PERMIT_NO,WIDE_LOAD_I,TRAILER1_WIDTH,TRAILER2_WIDTH,TRAILER1_LENGTH,TRAILER2_LENGTH,TOTAL_VEHICLE_LENGTH,AXLE_CNT,VEHICLE_CONFIG,CARGO_BODY_TYPE,LOAD_TYPE,HAZMAT_OUT_OF_SERVICE_I,MCS_OUT_OF_SERVICE_I,HAZMAT_CLASS
2128326,a15ab4418222fdd37d802041f82e6a6a52d84a9141b5b3ee0a460b9fb8888b586d9816e191d7e78f206fbb5fe6fab7504626f726a071e92b682d21cecad1e1ba,08/10/2025 05:45:00 PM,1,DRIVER,1,2028919,,LEXUS,ES350,IL,2010,BRAKES,PASSENGER,PERSONAL,UNKNOWN,TURNING LEFT,Y,,2,,,UNK LOCATION,,Y,Y,,,,,,,Y,Y,Y,Y,,FRONT,,,,,,,,,,,,,,,,,,,,,,,,,,,,,,,,,
2125925,19f207a8323d85aaa20617565d793a8b8d9e0894888bc75f96968d8a41e6ab597f9eaebff1456807a62ee9f7d66d733e30d6c81d84d8be0b8e6d51e77c266afc,08/10/2025 05:40:00 PM,1,DRIVER,,2026644,,UNKNOWN,OTHER (EXPLAIN IN NARRATIVE),IL,,UNKNOWN,UNKNOWN/NA,UNKNOWN/NA,UNKNOWN,UNKNOWN/NA,,,1,,,,,,,,,,,,,,,,,Y,UNKNOWN,,,,,,,,,,,,,,,,,,,,,,,,,,,,,,,,,
2125926,19f207a8323d85aaa20617565d793a8b8d9e0894888bc75f96968d8a41e6ab597f9eaebff1456807a62ee9f7d66d733e30d6c81d84d8be0b8e6d51e77c266afc,08/10/2025 05:40:00 PM,2,BICYCLE,,,,,,,,,,,,,,,,,,,,,,,,,,,,,,,,,,,,,,,,,,,,,,,,,,,,,,,,,,,,,,,,,,
2127339,7a4e8c856f7e6edb0f0e158f77bbaaf359707ba176569e79ce006ad04341b147b8dce086249553c8685ea4b8c9f32ea6f512719be26c39fbdb6f346a8c8d8a52,08/10/2025 05:33:00 PM,1,DRIVER,,2027985,N,GREAT DANE TRAILERS INC.,GREAT DANE TRAILERS INC.,IL,2013,UNKNOWN,OTHER,OTHER,E,TURNING RIGHT,,,1,,,,,,,,,,,Y,Y,Y,,,,,SIDE-LEFT-REAR,,,,,,,,,,,,,,,,,,,,,,,,,,,,,,,,,
2127340,7a4e8c856f7e6edb0f0e158f77bbaaf359707ba176569e79ce006ad04341b147b8dce086249553c8685ea4b8c9f32ea6f512719be26c39fbdb6f346a8c8d8a52,08/10/2025 05:33:00 PM,2,PARKED,1,2027986,,CHEVROLET,MALIBU,IL,2015,UNKNOWN,PASSENGER,PERSONAL,W,PARKED,,,1,,,,,,,,,,,Y,Y,Y,Y,,,,SIDE-LEFT,,,,,,,,,,,,,,,,,,,,,,,,,,,,,,,,,
2125891,a17a10df54e0a2578cd9535f3befa33f05833b79f719eede4e42a0baaf62615fcd358fef35f945ce9a55804e19d4227d85eff20648c00942899fd15f83bec6b0,08/10/2025 05:30:00 PM,1,DRIVER,,2026609,,VOLKSWAGEN,JETTA,IL,2014,UNKNOWN,UNKNOWN/NA,UNKNOWN/NA,S,STRAIGHT AHEAD,,,1,,,,,Y,,,,,,,,,,Y,Y,Y,FRONT,,,,,,,,,,,,,,,,,,,,,,,,,,,,,,,,,
2125892,a17a10df54e0a2578cd9535f3befa33f05833b79f719eede4e42a0baaf62615fcd358fef35f945ce9a55804e19d4227d85eff20648c00942899fd15f83bec6b0,08/10/2025 05:30:00 PM,2,DRIVER,1,2026619,,HYUNDAI,VERACRUZ,IL,2008,UNKNOWN,PASSENGER,PERSONAL,S,STRAIGHT AHEAD,,,2,,,,,,,,,Y,Y,Y,,,,,,Y,REAR,,,,,,,,,,,,,,,,,,,,,,,,,,,,,,,,,
2125858,e9770bedaa701d6940931ef0247d848a795ee6c950fd51d9670f47696118779c41f979a9015e96c577e2615dad5e6c42a30c94a3a632693a8f0b8b00b2a6e40f,08/10/2025 05:30:00 PM,1,DRIVER,,2026580,,DODGE,RAM 1500 PU,IL,2013,UNKNOWN,PICKUP,PERSONAL,N,BACKING,,,1,,,,,,,,,,,,,,,,,Y,REAR,,,,,,,,,,,,,,,,,,,,,,,,,,,,,,,,,
2125859,e9770bedaa701d6940931ef0247d848a795ee6c950fd51d9670f47696118779c41f979a9015e96c577e2615dad5e6c42a30c94a3a632693a8f0b8b00b2a6e40f,08/10/2025 05:30:00 PM,2,DRIVER,,2026583,,BMW,328I,IL,2015,UNKNOWN,PASSENGER,PERSONAL,N,STRAIGHT AHEAD,,,1,,,,,Y,,,,,,,,,,Y,Y,,FRONT,,,,,,,,,,,,,,,,,,,,,,,,,,,,,,,,,
2129261,a516a2caedcf481fe0a084eb5af1e08a8b343427dc4d63d084d9ec102e4dda35a8611389e38a83334d444595645e243586e09497391fd88bea1397644cb5b62b,08/10/2025 05:26:00 PM,1,DRIVER,,2029794,,KIA,RIO / K2,IL,2010,UNKNOWN,PASSENGER,PERSONAL,N,STARTING IN TRAFFIC,,,1,,,,,,,,,,,,,,Y,Y,,,FRONT-LEFT-CORNER,,,,,,,,,,,,,,,,,,,,,,,,,,,,,,,,,
2129262,a516a2caedcf481fe0a084eb5af1e08a8b343427dc4d63d084d9ec102e4dda35a8611389e38a83334d444595645e243586e09497391fd88bea1397644cb5b62b,08/10/2025 05:26:00 PM,2,DRIVER,3,2029795,,CHRYSLER,TOWN & COUNTRY,IL,2016,UNKNOWN,VAN/MINI-VAN,PERSONAL,N,STRAIGHT AHEAD,Y,,4,,UNK,UNK,,Y,Y,,,,,,,,,,,,FRONT-RIGHT-CORNER,,,,,,,,,,,,,,,,,,,,,,,,,,,,,,,,,
2125850,6be0fd32f7553b969df55fb13dd9395b973430dae49fa0f05312c1f8856e40f8baab47dd1cc15adec4001bcfd62b32f40cae004fc2ec9bf2cee32066663ef071,08/10/2025 05:20:00 PM,1,DRIVER,,2026565,,TOYOTA,PRIUS,IL,2015,NONE,PASSENGER,TAXI/FOR HIRE,W,TURNING LEFT,,,1,,,,,,,Y,Y,,,,,,,,,,SIDE-RIGHT,,,,,,,,,,,,,,,,,,,,,,,,,,,,,,,,,
2125851,6be0fd32f7553b969df55fb13dd9395b973430dae49fa0f05312c1f8856e40f8baab47dd1cc15adec4001bcfd62b32f40cae004fc2ec9bf2cee32066663ef071,08/10/2025 05:20:00 PM,2,BICYCLE,,,,,,,,,,,,,,,,,,,,,,,,,,,,,,,,,,,,,,,,,,,,,,,,,,,,,,,,,,,,,,,,,,
2126294,4fd05da8cfc94e6a24ad7f77255c298481c742a14ed3d42143f111a9005c2799760fcb32616b84a683889a38be51460dc114d7cebe9ae04ffc3fa225d2b3ea19,08/10/2025 05:15:00 PM,1,DRIVER,,2027000,,CHEVROLET,OTHER (EXPLAIN IN NARRATIVE),IL,2021,NONE,PASSENGER,UNKNOWN/NA,S,STRAIGHT AHEAD,,,1,,,,,,,,,,,,,,,,,Y,FRONT,,,,,,,,,,,,,,,,,,,,,,,,,,,,,,,,,
2126295,4fd05da8cfc94e6a24ad7f77255c298481c742a14ed3d42143f111a9005c2799760fcb32616b84a683889a38be51460dc114d7cebe9ae04ffc3fa225d2b3ea19,08/10/2025 05:15:00 PM,2,DRIVER,,2027005,,CHEVROLET,EQUINOX,IL,2024,NONE,SPORT UTILITY VEHICLE (SUV),UNKNOWN/NA,S,SLOW/STOP IN TRAFFIC,,,1,,,,,,,,,,Y,,,,,,,,REAR,,,,,,,,,,,,,,,,,,,,,,,,,,,,,,,,,
2125827,015d89432654753860e9e7418bff767eee2ed205381b536dda8d4ba30a36f13e4e14181b5b98fdb21220b7ef055db3d552baddf5ebedf7212cff59b638027b43,08/10/2025 05:00:00 PM,1,DRIVER,,2026545,,UNKNOWN,OTHER (EXPLAIN IN NARRATIVE),,,UNKNOWN,UNKNOWN/NA,UNKNOWN/NA,UNKNOWN,UNKNOWN/NA,,,1,,,,,,,,,,,,,,,,,,UNKNOWN,,,,,,,,,,,,,,,,,,,,,,,,,,,,,,,,,
2125828,015d89432654753860e9e7418bff767eee2ed205381b536dda8d4ba30a36f13e4e14181b5b98fdb21220b7ef055db3d552baddf5ebedf7212cff59b638027b43,08/10/2025 05:00:00 PM,2,PARKED,,2026547,,PORSCHE,CAYENNE,,,NONE,PASSENGER,NOT IN USE,N,PARKED,,,0,,,,,Y,Y,,,,,,Y,,,,,,FRONT-RIGHT-CORNER,,,,,,,,,,,,,,,,,,,,,,,,,,,,,,,,,
2126549,0870d0c0cc124ded3b1b90afa2355e69c6847fe244488b5c6596b3b95a46bdae474c46c1c5c4503af5c618d66c7fc38f5388ddc30430b3b1a07875867d51ea4b,08/10/2025 05:00:00 PM,1,DRIVER,,2027241,,UNKNOWN,OTHER (EXPLAIN IN NARRATIVE),,,UNKNOWN,UNKNOWN/NA,UNKNOWN/NA,W,UNKNOWN/NA,,,1,,,,,,,,,,,,,,,,,Y,UNKNOWN,,,,,,,,,,,,,,,,,,,,,,,,,,,,,,,,,
2126550,0870d0c0cc124ded3b1b90afa2355e69c6847fe244488b5c6596b3b95a46bdae474c46c1c5c4503af5c618d66c7fc38f5388ddc30430b3b1a07875867d51ea4b,08/10/2025 05:00:00 PM,2,PARKED,,2027242,,NISSAN,OTHER (EXPLAIN IN NARRATIVE),IL,2016,UNKNOWN,PASSENGER,PERSONAL,W,PARKED,,,0,,,,,,,,,,,,,,Y,Y,,,SIDE-LEFT-FRONT,,,,,,,,,,,,,,,,,,,,,,,,,,,,,,,,,
2127122,1352246bb514f0ed25ca28b38f1b846cd5fd9faf00f9b4f0dcfef474b356d86871b1a2ef4991d2d3e05aec201f5fe62aa623fd79b74c43546d087afa40e5b0ef,08/10/2025 05:00:00 PM,1,DRIVER,,2027770,,SUBARU,OTHER (EXPLAIN IN NARRATIVE),IL,2009,UNKNOWN,PASSENGER,UNKNOWN/NA,S,STRAIGHT AHEAD,,,1,,,,,,,,,,,,,,,,,Y,FRONT,,,,,,,,,,,,,,,,,,,,,,,,,,,,,,,,,
2127123,1352246bb514f0ed25ca28b38f1b846cd5fd9faf00f9b4f0dcfef474b356d86871b1a2ef4991d2d3e05aec201f5fe62aa623fd79b74c43546d087afa40e5b0ef,08/10/2025 05:00:00 PM,2,DRIVER,,2027782,,JEEP,GRAND CHEROKEE,IL,2012,NONE,SPORT UTILITY VEHICLE (SUV),UNKNOWN/NA,S,STRAIGHT AHEAD,,,1,,,,,,,,,,Y,,,,,,,,REAR,,,,,,,,,,,,,,,,,,,,,,,,,,,,,,,,,
2125899,199e7c66210796beaaf1dfc87393f61ab7741b400d2e140e7d8e802c9861e54d39a86f3e210698eee11c4bfcbfacf4a50f636399f2038fee2f835dd0c2f7a94e,08/10/2025 05:00:00 PM,1,DRIVER,1,2026622,,CHEVROLET,MALIBU,IL,2020,UNKNOWN,PASSENGER,PERSONAL,W,OTHER,,,2,,,,Y,,,,,,,,,,,,,,FRONT,,,,,,,,,,,,,,,,,,,,,,,,,,,,,,,,,
2125900,199e7c66210796beaaf1dfc87393f61ab7741b400d2e140e7d8e802c9861e54d39a86f3e210698eee11c4bfcbfacf4a50f636399f2038fee2f835dd0c2f7a94e,08/10/2025 05:00:00 PM,2,BICYCLE,,,,,,,,,,,,,,,,,,,,,,,,,,,,,,,,,,,,,,,,,,,,,,,,,,,,,,,,,,,,,,,,,,
2125897,319aba5918c9f54e623bf0759fb60d2031de160079bea8ee2dffb025593969dd50a57b807ff0785938c9e97badf811371e58b4c4dbbd062e9aead0647573059d,08/10/2025 05:00:00 PM,1,DRIVER,,2026613,,NISSAN,ROGUE,IL,2018,UNKNOWN,SPORT UTILITY VEHICLE (SUV),UNKNOWN/NA,N,STRAIGHT AHEAD,,,1,,,,,Y,Y,Y,,,,,,,,,,,FRONT-RIGHT-CORNER,,,,,,,,,,,,,,,,,,,,,,,,,,,,,,,,,
2125898,319aba5918c9f54e623bf0759fb60d2031de160079bea8ee2dffb025593969dd50a57b807ff0785938c9e97badf811371e58b4c4dbbd062e9aead0647573059d,08/10/2025 05:00:00 PM,2,DRIVER,1,2026614,,LEXUS,GS,IL,2006,NONE,PASSENGER,PERSONAL,N,TURNING RIGHT,,,2,,,,,,,,,,,Y,Y,Y,,,,,SIDE-LEFT,,,,,,,,,,,,,,,,,,,,,,,,,,,,,,,,,
2125838,48340dd8f756ca08e93af9b88e5a435d43c22f49a897539d550cacb187270dcc407e5bc0d3271a01d8fbbcbfa93d3e52975a16f2b99aec01d943f564501a2b39,08/10/2025 05:00:00 PM,1,DRIVER,,2026563,,NISSAN,ALTIMA,IL,2009,UNKNOWN,PASSENGER,PERSONAL,E,STRAIGHT AHEAD,,,1,,,,,Y,,,,,,,,,,Y,Y,,FRONT,,,,,,,,,,,,,,,,,,,,,,,,,,,,,,,,,
2125839,48340dd8f756ca08e93af9b88e5a435d43c22f49a897539d550cacb187270dcc407e5bc0d3271a01d8fbbcbfa93d3e52975a16f2b99aec01d943f564501a2b39,08/10/2025 05:00:00 PM,2,DRIVER,,2026573,,CHEVROLET,MALIBU,IL,2015,NONE,PASSENGER,PERSONAL,E,STRAIGHT AHEAD,,,1,,,,,,,,,Y,Y,Y,N,,,,,,REAR,,,,,,,,,,,,,,,,,,,,,,,,,,,,,,,,,
2125852,632a1393a13e4499a0a1dc834a8f14e7020f56c5d559ff704557e001cf7a1741412a519d5a990a7c5c82c7eccd1be3479c7112d22db10a8d5b5e44761bf2fe20,08/10/2025 05:00:00 PM,1,DRIVER,,2026562,,AUDI,OTHER (EXPLAIN IN NARRATIVE),IL,,UNKNOWN,PASSENGER,UNKNOWN/NA,N,BACKING,,,1,,,,,,,,,,,,,,,,,Y,UNKNOWN,,,,,,,,,,,,,,,,,,,,,,,,,,,,,,,,,
2125853,632a1393a13e4499a0a1dc834a8f14e7020f56c5d559ff704557e001cf7a1741412a519d5a990a7c5c82c7eccd1be3479c7112d22db10a8d5b5e44761bf2fe20,08/10/2025 05:00:00 PM,2,DRIVER,,2026571,,CADILLAC,SRX,IL,2012,UNKNOWN,PASSENGER,PERSONAL,S,STRAIGHT AHEAD,,,1,,,,,Y,,,,,,,,,,Y,Y,,FRONT,,,,,,,,,,,,,,,,,,,,,,,,,,,,,,,,,
2132910,b8513cfd7ad17ec65afa8e54b125f6ac04154d5e402d09ca99618b1f51d1529a9da6b7623a5d4e121d9c25456b8b3118e3ae273c0add913f554561fd8ae961b1,08/10/2025 05:00:00 PM,1,DRIVER,,2033236,,HYUNDAI,ELANTRA,IL,2005,UNKNOWN,PASSENGER,PERSONAL,UNKNOWN,UNKNOWN/NA,,,1,,,,,Y,,,,,,,,,,Y,Y,,FRONT,,,,,,,,,,,,,,,,,,,,,,,,,,,,,,,,,
2132911,b8513cfd7ad17ec65afa8e54b125f6ac04154d5e402d09ca99618b1f51d1529a9da6b7623a5d4e121d9c25456b8b3118e3ae273c0add913f554561fd8ae961b1,08/10/2025 05:00:00 PM,2,DRIVER,,2033237,,MAZDA,MX-6,IL,2015,UNKNOWN,PASSENGER,PERSONAL,UNKNOWN,UNKNOWN/NA,,,1,,,,,Y,,,Y,Y,Y,Y,Y,,,Y,Y,,REAR,,,,,,,,,,,,,,,,,,,,,,,,,,,,,,,,,
2132912,b8513cfd7ad17ec65afa8e54b125f6ac04154d5e402d09ca99618b1f51d1529a9da6b7623a5d4e121d9c25456b8b3118e3ae273c0add913f554561fd8ae961b1,08/10/2025 05:00:00 PM,3,DRIVER,1,2033238,,CHEVROLET,OTHER (EXPLAIN IN NARRATIVE),IL,2018,NONE,PASSENGER,PERSONAL,N,SLOW/STOP IN TRAFFIC,,,2,,,,,,,,,Y,Y,Y,,,,,,,REAR,,,,,,,,,,,,,,,,,,,,,,,,,,,,,,,,,
2126247,e0f012bae7ee7338eaab750415f679f7b4bd789cf4e755df09b17b29909baba1e290385e79289ae4e477614b6d171aef231f14c12dc2e840cbf327448fc3c0c8,08/10/2025 05:00:00 PM,1,DRIVER,,2026947,,CHEVROLET,MALIBU,IL,2018,NONE,PASSENGER,PERSONAL,N,STRAIGHT AHEAD,,,1,,,,,,,,,,,,,,,,Y,,FRONT,,,,,,,,,,,,,,,,,,,,,,,,,,,,,,,,,
2126248,e0f012bae7ee7338eaab750415f679f7b4bd789cf4e755df09b17b29909baba1e290385e79289ae4e477614b6d171aef231f14c12dc2e840cbf327448fc3c0c8,08/10/2025 05:00:00 PM,2,DRIVER,,2026948,,HONDA,ACCORD,IL,2023,NONE,PASSENGER,PERSONAL,N,STRAIGHT AHEAD,,,1,,,,,,,,,,Y,,,,,,,,REAR,,,,,,,,,,,,,,,,,,,,,,,,,,,,,,,,,
2125840,b3f2cb4ecde850a20a687454e695dd8ba0d79d778d6d0c974c1e46490851925c929629894d6d5f3b1f180c00fb82c6ffa18a5c6876ce7c4149992c617f7dfc10,08/10/2025 04:55:00 PM,1,DRIVER,,2026569,,HONDA,CIVIC,MI,2018,UNKNOWN,PASSENGER,PERSONAL,W,TURNING LEFT,,,1,,,,,Y,,,,,,,,,,Y,Y,,FRONT,,,,,,,,,,,,,,,,,,,,,,,,,,,,,,,,,
2125841,b3f2cb4ecde850a20a687454e695dd8ba0d79d778d6d0c974c1e46490851925c929629894d6d5f3b1f180c00fb82c6ffa18a5c6876ce7c4149992c617f7dfc10,08/10/2025 04:55:00 PM,2,DRIVER,2,2026574,,TOYOTA,SIENNA,IL,2008,UNKNOWN,PASSENGER,PERSONAL,N,STRAIGHT AHEAD,Y,,3,,PRIVATE TOW,,,Y,Y,Y,Y,Y,,,,,,,Y,,SIDE-RIGHT,,,,,,,,,,,,,,,,,,,,,,,,,,,,,,,,,
2125842,b3f2cb4ecde850a20a687454e695dd8ba0d79d778d6d0c974c1e46490851925c929629894d6d5f3b1f180c00fb82c6ffa18a5c6876ce7c4149992c617f7dfc10,08/10/2025 04:55:00 PM,3,PARKED,,2026575,,HONDA,ACCORD,IL,2015,UNKNOWN,PASSENGER,PERSONAL,N,PARKED,,,0,,,,,,,,,,,Y,Y,Y,,Y,,,REAR-LEFT-CORNER,,,,,,,,,,,,,,,,,,,,,,,,,,,,,,,,,
2125843,b3f2cb4ecde850a20a687454e695dd8ba0d79d778d6d0c974c1e46490851925c929629894d6d5f3b1f180c00fb82c6ffa18a5c6876ce7c4149992c617f7dfc10,08/10/2025 04:55:00 PM,4,PARKED,,2026578,,SUBARU,WRX,,2017,UNKNOWN,PASSENGER,PERSONAL,N,PARKED,,,0,,,,,,,,,,Y,Y,Y,,,,,,REAR-LEFT-CORNER,,,,,,,,,,,,,,,,,,,,,,,,,,,,,,,,,
2125824,ceb429dd797b5e134537884c141c9187bae80fbbce77446799d97bb68f47bcd241e113fa594ab9218d0fef8e5fdf7c3f62628fe65840b197d8e2b357c11355ac,08/10/2025 04:50:00 PM,1,DRIVER,,2026548,,TOYOTA,COROLLA,IL,1997,NONE,PASSENGER,PERSONAL,N,STRAIGHT AHEAD,,,1,,,,,,,,,,,,,,,Y,,,FRONT-LEFT-CORNER,,,,,,,,,,,,,,,,,,,,,,,,,,,,,,,,,
2125825,ceb429dd797b5e134537884c141c9187bae80fbbce77446799d97bb68f47bcd241e113fa594ab9218d0fef8e5fdf7c3f62628fe65840b197d8e2b357c11355ac,08/10/2025 04:50:00 PM,2,DRIVER,,2026553,,NISSAN,SENTRA,IL,2021,NONE,PASSENGER,PERSONAL,N,STARTING IN TRAFFIC,,,1,,,,,Y,,,,,,,,,,,,,FRONT-RIGHT-CORNER,,,,,,,,,,,,,,,,,,,,,,,,,,,,,,,,,
2125826,ceb429dd797b5e134537884c141c9187bae80fbbce77446799d97bb68f47bcd241e113fa594ab9218d0fef8e5fdf7c3f62628fe65840b197d8e2b357c11355ac,08/10/2025 04:50:00 PM,3,PARKED,,2026560,,ACURA,ILX,IL,1998,NONE,PASSENGER,PERSONAL,N,DRIVERLESS,,,0,,,,,,Y,Y,,,,,,,,,,,SIDE-RIGHT,,,,,,,,,,,,,,,,,,,,,,,,,,,,,,,,,
2125860,e63c8663752653c6d92aeddd491c8ef81d26627cfab92ccdedf11595dd942cc508d3c7fd4bb1d810f86a7a4e1b799ec2619116a7038edc0d56a890288f5e2f5e,08/10/2025 04:50:00 PM,1,DRIVER,1,2026584,,UNKNOWN,OTHER (EXPLAIN IN NARRATIVE),,,UNKNOWN,SPORT UTILITY VEHICLE (SUV),UNKNOWN/NA,N,BACKING,,,2,,,,,,,,,,,,,,,,,Y,REAR,,,,,,,,,,,,,,,,,,,,,,,,,,,,,,,,,
2125861,e63c8663752653c6d92aeddd491c8ef81d26627cfab92ccdedf11595dd942cc508d3c7fd4bb1d810f86a7a4e1b799ec2619116a7038edc0d56a890288f5e2f5e,08/10/2025 04:50:00 PM,2,DRIVER,,2026582,,HONDA,CIVIC,IL,2013,NONE,PASSENGER,PERSONAL,W,STRAIGHT AHEAD,,,1,,,,,,,,,Y,,,,,,,,,REAR-RIGHT-CORNER,,,,,,,,,,,,,,,,,,,,,,,,,,,,,,,,,
2125834,fbb13fa3941eda9dd7bd0785629136832f0a38329740459e7e6723060f289dfbd180bc1803242bb53ee36fbeee347442af35e4948e257627b0efbcf657b00f40,08/10/2025 04:44:00 PM,1,DRIVER,,2026568,,NISSAN,SENTRA,IL,2024,NONE,PASSENGER,PERSONAL,S,STRAIGHT AHEAD,,,1,,,,,,,,,,,,,,,Y,Y,,SIDE-LEFT,,,,,,,,,,,,,,,,,,,,,,,,,,,,,,,,,
2125835,fbb13fa3941eda9dd7bd0785629136832f0a38329740459e7e6723060f289dfbd180bc1803242bb53ee36fbeee347442af35e4948e257627b0efbcf657b00f40,08/10/2025 04:44:00 PM,2,DRIVER,,2026577,,UNKNOWN,OTHER (EXPLAIN IN NARRATIVE),IL,,UNKNOWN,PASSENGER,PERSONAL,SE,STRAIGHT AHEAD,,,1,,,,,,,,,,,,,,,,,Y,UNKNOWN,,,,,,,,,,,,,,,,,,,,,,,,,,,,,,,,,
2125949,3a73e5755f409b01d3a4863f0672ea22481c885c39b69de30927d27b2c8577c5f681e276a0fc8de9bd0c490a3a80558da8b717593097bd39e1150843a46c804b,08/10/2025 04:40:00 PM,1,DRIVER,,2026664,,CHEVROLET,BLAZER,IL,2021,UNKNOWN,UNKNOWN/NA,UNKNOWN/NA,UNKNOWN,UNKNOWN/NA,,,1,,,,,,,,,,Y,,,,,,,,REAR,,,,,,,,,,,,,,,,,,,,,,,,,,,,,,,,,
2125950,3a73e5755f409b01d3a4863f0672ea22481c885c39b69de30927d27b2c8577c5f681e276a0fc8de9bd0c490a3a80558da8b717593097bd39e1150843a46c804b,08/10/2025 04:40:00 PM,2,PARKED,,2026666,,MAZDA,MAZDA3,IL,,NONE,PASSENGER,NOT IN USE,W,PARKED,,,0,,,,,,,,,,,,,,,,Y,,FRONT,,,,,,,,,,,,,,,,,,,,,,,,,,,,,,,,,
2125876,de1903f31e43f02058b233bfc2dafd3b217c2bb983f446d40391d90e88ba7840bba433e5cc70babc895c31329a01f4a2e19dc25fbb19e18d0c9f9a696d5a823e,08/10/2025 04:35:00 PM,1,DRIVER,,2026600,,CHEVROLET,EQUINOX,IL,2022,UNKNOWN,SPORT UTILITY VEHICLE (SUV),PERSONAL,UNKNOWN,STRAIGHT AHEAD,,,1,,,,,Y,,,,,,,,,,Y,Y,,FRONT,,,,,,,,,,,,,,,,,,,,,,,,,,,,,,,,,
2125877,de1903f31e43f02058b233bfc2dafd3b217c2bb983f446d40391d90e88ba7840bba433e5cc70babc895c31329a01f4a2e19dc25fbb19e18d0c9f9a696d5a823e,08/10/2025 04:35:00 PM,2,DRIVER,,2026604,,TOYOTA,COROLLA,IL,2022,UNKNOWN,PASSENGER,PERSONAL,UNKNOWN,STRAIGHT AHEAD,,,1,,,,,Y,Y,Y,Y,Y,,,,,,,,,SIDE-RIGHT,,,,,,,,,,,,,,,,,,,,,,,,,,,,,,,,,
2125893,5ff5bfa5546cd337c170507cf4fb4077ff59ce6f387f84774b7efda804a12a48236a3aaf38b4e04afe44540742d526a8476a9659bf3b93877373ba1c4f2940d0,08/10/2025 04:33:00 PM,1,DRIVER,,2026616,,SUBARU,LEGACY,IL,2011,NONE,PASSENGER,PERSONAL,W,BACKING,,,1,,,,,,,,,,Y,Y,,,,,,,REAR-LEFT-CORNER,,,,,,,,,,,,,,,,,,,,,,,,,,,,,,,,,
2125894,5ff5bfa5546cd337c170507cf4fb4077ff59ce6f387f84774b7efda804a12a48236a3aaf38b4e04afe44540742d526a8476a9659bf3b93877373ba1c4f2940d0,08/10/2025 04:33:00 PM,2,PARKED,,2026621,,BMW,X3,IL,2024,NONE,PASSENGER,PERSONAL,N,PARKED,,,0,,,,,,,,,,,,,,,Y,,,SIDE-LEFT-FRONT,,,,,,,,,,,,,,,,,,,,,,,,,,,,,,,,,
2125820,790baad4a3472a94f35cb446102aaa0e7353087c677b979b644ab883d121f0b5e4f9bb42fbe24951a2e055aadc0ba4c474fc66c1eab32ff8ff3e5d834b4d8179,08/10/2025 04:33:00 PM,1,DRIVER,,2026544,,UNKNOWN,ENCLOSED BODY,,,UNKNOWN,PASSENGER,PERSONAL,E,STRAIGHT AHEAD,,,1,,,,,Y,,,,,,,,,,Y,Y,,FRONT,,,,,,,,,,,,,,,,,,,,,,,,,,,,,,,,,
2125821,790baad4a3472a94f35cb446102aaa0e7353087c677b979b644ab883d121f0b5e4f9bb42fbe24951a2e055aadc0ba4c474fc66c1eab32ff8ff3e5d834b4d8179,08/10/2025 04:33:00 PM,2,DRIVER,,2026554,,HYUNDAI,SANTA FE,IL,2022,UNKNOWN,PASSENGER,PERSONAL,N,STRAIGHT AHEAD,Y,,1,,private tow,,,Y,,,,,,Y,Y,Y,Y,Y,Y,,FRONT-LEFT-CORNER,,,,,,,,,,,,,,,,,,,,,,,,,,,,,,,,,
2125829,493f8ccc41a9a72a8f4208f5aaaa498f4f8b7c4e1ce6e71a4d85950bdc0170af140a360262ce931221a393ca443eefc3b0f88b42cec0ccef1ae410febeaf3f8b,08/10/2025 04:30:00 PM,1,DRIVER,,2026549,,DODGE,OTHER (EXPLAIN IN NARRATIVE),,,UNKNOWN,UNKNOWN/NA,UNKNOWN/NA,N,STRAIGHT AHEAD,,,1,,,,,,,,,,,,,,,,,Y,UNKNOWN,,,,,,,,,,,,,,,,,,,,,,,,,,,,,,,,,
2125830,493f8ccc41a9a72a8f4208f5aaaa498f4f8b7c4e1ce6e71a4d85950bdc0170af140a360262ce931221a393ca443eefc3b0f88b42cec0ccef1ae410febeaf3f8b,08/10/2025 04:30:00 PM,2,DRIVER,,2026555,,TOYOTA,CAMRY,IL,2010,UNKNOWN,UNKNOWN/NA,UNKNOWN/NA,W,TURNING LEFT,,,1,,,,,Y,,,,,,,,,,Y,Y,,FRONT-LEFT-CORNER,,,,,,,,,,,,,,,,,,,,,,,,,,,,,,,,,