CRASH_UNIT_ID,CRASH_RECORD_ID,CRASH_DATE,UNIT_NO,UNIT_TYPE,NUM_PASSENGERS,VEHICLE_ID,CMRC_VEH_I,MAKE,MODEL,LIC_PLATE_STATE,VEHICLE_YEAR,VEHICLE_DEFECT,VEHICLE_TYPE,VEHICLE_USE,TRAVEL_DIRECTION,MANEUVER,TOWED_I,FIRE_I,OCCUPANT_CNT,EXCEED_SPEED_LIMIT_I,TOWED_BY,TOWED_TO,AREA_00_I,AREA_01_I,AREA_02_I,AREA_03_I,AREA_04_I,AREA_05_I,AREA_06_I,AREA_07_I,AREA_08_I,AREA_09_I,AREA_10_I,AREA_11_I,AREA_12_I,AREA_99_I,FIRST_CONTACT_POINT,CMV_ID,USDOT_NO,CCMC_NO,ILCC_NO,COMMERCIAL_SRC,GVWR,CARRIER_NAME,CARRIER_STATE,CARRIER_CITY,HAZMAT_PLACARDS_I,HAZMAT_NAME,UN_NO,HAZMAT_PRESENT_I,HAZMAT_REPORT_I,HAZMAT_REPORT_NO,MCS_REPORT_I,MCS_REPORT_NO,HAZMAT_VIO_CAUSE_CRASH_I,MCS_VIO_CAUSE_CRASH_I,IDOT_PERMIT_NO,WIDE_LOAD_I,TRAILER1_WIDTH,TRAILER2_WIDTH,TRAILER1_LENGTH,TRAILER2_LENGTH,TOTAL_VEHICLE_LENGTH,AXLE_CNT,VEHICLE_CONFIG,CARGO_BODY_TYPE,LOAD_TYPE,HAZMAT_OUT_OF_SERVICE_I,MCS_OUT_OF_SERVICE_I,HAZMAT_CLASS
2125818,e870fb4c1adc3d3b0bb32fa0abc1ba5b886b591d19681443b29ebbe066dc050e8eaf7fc14995d54874301ebb958d69a841c42e25fb852def4a94b158ccf045c3,08/10/2025 04:30:00 PM,1,DRIVER,,2026541,,HONDA,CIVIC,IL,2014,UNKNOWN,PASSENGER,PERSONAL,UNKNOWN,STRAIGHT AHEAD,,,1,,,,,,,,,,,,,,Y,Y,,,FRONT-LEFT-CORNER,,,,,,,,,,,,,,,,,,,,,,,,,,,,,,,,,
2125819,e870fb4c1adc3d3b0bb32fa0abc1ba5b886b591d19681443b29ebbe066dc050e8eaf7fc14995d54874301ebb958d69a841c42e25fb852def4a94b158ccf045c3,08/10/2025 04:30:00 PM,2,DRIVER,,2026543,,FORD,FUSION,IL,2014,UNKNOWN,PASSENGER,TAXI/FOR HIRE,UNKNOWN,STRAIGHT AHEAD,,,1,,,,,,,Y,Y,Y,,,,,,,,,REAR-RIGHT-CORNER,,,,,,,,,,,,,,,,,,,,,,,,,,,,,,,,,
2126848,ee372e7d1a6a82f75f92456baaffdad79eb5aeba839f99e7c7b662ae015ef1ee82a4f5eafb8553abb5b00774682d109986a4f3e45bca196281ec72b9b69acd38,08/10/2025 04:30:00 PM,1,DRIVER,,2027516,,FORD,F150,,,UNKNOWN,PICKUP,UNKNOWN/NA,S,BACKING,,,1,,,,,,,,,,,,,,,,,Y,REAR,,,,,,,,,,,,,,,,,,,,,,,,,,,,,,,,,
2126849,ee372e7d1a6a82f75f92456baaffdad79eb5aeba839f99e7c7b662ae015ef1ee82a4f5eafb8553abb5b00774682d109986a4f3e45bca196281ec72b9b69acd38,08/10/2025 04:30:00 PM,2,PARKED,,2027526,,NISSAN,SENTRA,IL,2018,NONE,PASSENGER,PERSONAL,S,PARKED,,,0,,,,,,,,,,,,,,,Y,,,FRONT-LEFT-CORNER,,,,,,,,,,,,,,,,,,,,,,,,,,,,,,,,,
2125793,4419b383cdca53ab49e737c04b82591cfa02898467d2810cdd9a2b16926f57aa84204b3ba2fe4b090d8edd59e6004d7533dcdbce663c56022c0de206c1ae2420,08/10/2025 04:20:00 PM,1,DRIVER,,2026515,,MAZDA,CX-3,IL,2018,NONE,PASSENGER,UNKNOWN/NA,N,STRAIGHT AHEAD,,,1,,,,,Y,,,,,,,,,,Y,Y,,FRONT,,,,,,,,,,,,,,,,,,,,,,,,,,,,,,,,,
2125794,4419b383cdca53ab49e737c04b82591cfa02898467d2810cdd9a2b16926f57aa84204b3ba2fe4b090d8edd59e6004d7533dcdbce663c56022c0de206c1ae2420,08/10/2025 04:20:00 PM,2,PARKED,,2026519,,TOYOTA,CAMRY,IL,2025,NONE,PASSENGER,NOT IN USE,N,PARKED,,,0,,,,,N,,,,Y,Y,Y,,,,N,N,,REAR,,,,,,,,,,,,,,,,,,,,,,,,,,,,,,,,,
2125822,3dab32bac2d75d0f1c17ec96cd23f6fcb0f247474c716c9480473f09520a8836426fa7cbe6cdca9532f25034e5bd70d1c4fb39ed9790c0a9f54f8bd3df963f99,08/10/2025 04:19:00 PM,1,DRIVER,1,2026552,,HONDA,ACCORD,IL,2009,NONE,PASSENGER,PERSONAL,S,STRAIGHT AHEAD,,,2,,,,,,,,,,,,,,,,Y,,FRONT,,,,,,,,,,,,,,,,,,,,,,,,,,,,,,,,,
2125823,3dab32bac2d75d0f1c17ec96cd23f6fcb0f247474c716c9480473f09520a8836426fa7cbe6cdca9532f25034e5bd70d1c4fb39ed9790c0a9f54f8bd3df963f99,08/10/2025 04:19:00 PM,2,DRIVER,1,2026557,,TESLA,MODEL 3,IL,2020,NONE,PASSENGER,PERSONAL,E,STRAIGHT AHEAD,,,2,,,,,,,,,,,Y,Y,,,,,,SIDE-LEFT-REAR,,,,,,,,,,,,,,,,,,,,,,,,,,,,,,,,,
2125831,5842ee2b5e90cfffc44b8abba1c7cff2cd865358c3da25e91522186cc5f9d0787456a997939530c3e60c419312960c7288f58edc7e8106af9e8befbd61b71eaa,08/10/2025 04:15:00 PM,1,DRIVER,,2026561,N,BLUEBIRD INTERNATIONAL,BLUEBIRD INTERNATIONAL,IN,2004,NONE,BUS OVER 15 PASS.,SCHOOL BUS,W,STRAIGHT AHEAD,,,1,,,,,Y,Y,,,,,,,,,,,,FRONT-RIGHT-CORNER,,,,,,,,,,,,,,,,,,,,,,,,,,,,,,,,,
2125832,5842ee2b5e90cfffc44b8abba1c7cff2cd865358c3da25e91522186cc5f9d0787456a997939530c3e60c419312960c7288f58edc7e8106af9e8befbd61b71eaa,08/10/2025 04:15:00 PM,2,PARKED,,2026567,,MAZDA,MAZDA6,IL,2018,NONE,PASSENGER,NOT IN USE,W,PARKED,,,0,,,,,,,,,,,Y,Y,Y,,,,Y,REAR-LEFT-CORNER,,,,,,,,,,,,,,,,,,,,,,,,,,,,,,,,,
2125799,49ff73da32d803b7edd82c6d1636dcfd30bf4202ae3b18f6c2969b11a7e2cf83137bcfcf919ee9b326be831167b20b12a57d70b845dcdf5dc76936c2ea1e588b,08/10/2025 04:10:00 PM,1,DRIVER,,2026522,,KIA,SOUL,IL,2017,UNKNOWN,PASSENGER,PERSONAL,S,OTHER,,,1,,,,,,,,,,,,,,,,Y,,FRONT,,,,,,,,,,,,,,,,,,,,,,,,,,,,,,,,,
2125800,49ff73da32d803b7edd82c6d1636dcfd30bf4202ae3b18f6c2969b11a7e2cf83137bcfcf919ee9b326be831167b20b12a57d70b845dcdf5dc76936c2ea1e588b,08/10/2025 04:10:00 PM,2,DRIVER,,2026526,,NISSAN,MURANO,IL,2017,UNKNOWN,PASSENGER,PERSONAL,W,STRAIGHT AHEAD,Y,,1,,PRIVATE,UNKNOWN,,Y,Y,Y,Y,Y,,,,,,,,,SIDE-RIGHT,,,,,,,,,,,,,,,,,,,,,,,,,,,,,,,,,
2125791,ecd38bc283b33a166e896e23b1dcce8e5c4b95ddb4f0e506cb88c35453be43b8b372bebf3adebd917934f52f37262fdfb25a5f99869dc10768ad93941d67933c,08/10/2025 04:07:00 PM,1,DRIVER,,2026516,,TOYOTA,CAMRY,IL,2012,NONE,PASSENGER,PERSONAL,E,STRAIGHT AHEAD,,,1,,,,,,,,,,,,,,,,Y,,FRONT,,,,,,,,,,,,,,,,,,,,,,,,,,,,,,,,,
2125792,ecd38bc283b33a166e896e23b1dcce8e5c4b95ddb4f0e506cb88c35453be43b8b372bebf3adebd917934f52f37262fdfb25a5f99869dc10768ad93941d67933c,08/10/2025 04:07:00 PM,2,DRIVER,1,2026524,,CHEVROLET,IMPALA,IL,2015,NONE,PASSENGER,PERSONAL,E,STRAIGHT AHEAD,,,2,,,,,,,,,N,Y,N,,,,,,,REAR,,,,,,,,,,,,,,,,,,,,,,,,,,,,,,,,,
2125813,d009fb9dcd58811617d87c9a6996a7a1d17d79d6e9c560df659e645f1d1a8933427c431ba18c2fb91e18defe04d96534e5459799f74a9e00e343b6337961c4d5,08/10/2025 04:00:00 PM,1,DRIVER,,2026533,,BUICK,ENCORE,IL,2022,BRAKES,PASSENGER,PERSONAL,W,STRAIGHT AHEAD,Y,,1,,private,,,Y,,,,,,,,,,Y,Y,,FRONT,,,,,,,,,,,,,,,,,,,,,,,,,,,,,,,,,
2125846,de1f833d55d3522aa24acfeb0e6007fc354250fc0afb7f33540517d740158d5faef49471af315d8715b640f444824d54a5eb9c3f5527aaf92cd010a9a9c92479,08/10/2025 04:00:00 PM,1,DRIVER,,2026581,,CADILLAC,OTHER (EXPLAIN IN NARRATIVE),IL,2013,UNKNOWN,SPORT UTILITY VEHICLE (SUV),PERSONAL,N,U-TURN,,,1,,,,,,,,,,,,,,,,,Y,UNKNOWN,,,,,,,,,,,,,,,,,,,,,,,,,,,,,,,,,
2125847,de1f833d55d3522aa24acfeb0e6007fc354250fc0afb7f33540517d740158d5faef49471af315d8715b640f444824d54a5eb9c3f5527aaf92cd010a9a9c92479,08/10/2025 04:00:00 PM,2,DRIVER,,2026572,,HONDA,CR-V,IL,2005,UNKNOWN,SPORT UTILITY VEHICLE (SUV),PERSONAL,S,STRAIGHT AHEAD,,,1,,,,,,,,,Y,Y,,,,,,,,SIDE-RIGHT-REAR,,,,,,,,,,,,,,,,,,,,,,,,,,,,,,,,,
2125789,e9b8242a9be093740be3a00e0ededa43adc023d4e7004061ee79edfc3804883e2657f7aace9eb176fb881bea3548d1ba1e0967a9002213121d57d7c9c7ef9e18,08/10/2025 03:57:00 PM,1,DRIVER,1,2026520,,LINCOLN,OTHER (EXPLAIN IN NARRATIVE),IL,2019,UNKNOWN,PASSENGER,PERSONAL,S,SLOW/STOP IN TRAFFIC,,,2,,,,,,,,,,,,,Y,,,,,SIDE-LEFT,,,,,,,,,,,,,,,,,,,,,,,,,,,,,,,,,
2125790,e9b8242a9be093740be3a00e0ededa43adc023d4e7004061ee79edfc3804883e2657f7aace9eb176fb881bea3548d1ba1e0967a9002213121d57d7c9c7ef9e18,08/10/2025 03:57:00 PM,2,DRIVER,,2026530,,VOLKSWAGEN,JETTA,IL,2012,UNKNOWN,PASSENGER,PERSONAL,S,PASSING/OVERTAKING,Y,,1,,,,,Y,Y,,,,,,,,,,,,FRONT-RIGHT-CORNER,,,,,,,,,,,,,,,,,,,,,,,,,,,,,,,,,
2125856,71740d86410787393117ab51c0f85be7556b14b65b241b1e6e2207c1b98b68b56520682d545f2e962eb7c0acd33969f4a21af028980f61a303f4f381db3a6216,08/10/2025 03:53:00 PM,1,DRIVER,,2026590,,UNKNOWN,ENGINE,XX,,UNKNOWN,OTHER,UNKNOWN/NA,S,STRAIGHT AHEAD,,,1,,,,,,,,,,,,,,,,,,FRONT-RIGHT-CORNER,,,,,,,,,,,,,,,,,,,,,,,,,,,,,,,,,
2125857,71740d86410787393117ab51c0f85be7556b14b65b241b1e6e2207c1b98b68b56520682d545f2e962eb7c0acd33969f4a21af028980f61a303f4f381db3a6216,08/10/2025 03:53:00 PM,2,DRIVER,,2026579,,NEW FLYER,OTHER (EXPLAIN IN NARRATIVE),IL,2012,NONE,PASSENGER,CTA,S,STRAIGHT AHEAD,,,1,,,,,,,,,,,,,,Y,,,,FRONT-LEFT-CORNER,,,,,,,,,,,,,,,,,,,,,,,,,,,,,,,,,
2125931,1901fe1e05f70b1350d989b2198a94636722a3c88f2bc6bbe933211e5311879744dc655caa7c88048508bc6e74c02f688402e9ea1e66a6a4e1a259dd22fa8247,08/10/2025 03:50:00 PM,1,DRIVER,,2026654,,FORD,F250,IL,2001,NONE,PICKUP,PERSONAL,N,UNKNOWN/NA,,,1,,,,,,,,,,,,,,,,,Y,UNKNOWN,,,,,,,,,,,,,,,,,,,,,,,,,,,,,,,,,
2125932,1901fe1e05f70b1350d989b2198a94636722a3c88f2bc6bbe933211e5311879744dc655caa7c88048508bc6e74c02f688402e9ea1e66a6a4e1a259dd22fa8247,08/10/2025 03:50:00 PM,2,PARKED,,2026646,,BUICK,ENVISION,TX,2021,NONE,SPORT UTILITY VEHICLE (SUV),PERSONAL,N,PARKED,,,0,,,,,,,,,,,,,,,,,Y,UNKNOWN,,,,,,,,,,,,,,,,,,,,,,,,,,,,,,,,,
2125811,ed69d0c8f60a8735bffbe39c1f68e62a7c4aabd0d3e2826bfc09ff0b7df85193e299872961536ba0d79d0a3c7d0b021e4817e3f7d275cf4c17be6b7a33f0f0a9,08/10/2025 03:50:00 PM,1,DRIVER,,2026536,,FORD,FOCUS,IL,2010,NONE,PASSENGER,PERSONAL,N,STRAIGHT AHEAD,,,1,,,,,,,,,,,,,,,Y,Y,,FRONT-LEFT-CORNER,,,,,,,,,,,,,,,,,,,,,,,,,,,,,,,,,
2125812,ed69d0c8f60a8735bffbe39c1f68e62a7c4aabd0d3e2826bfc09ff0b7df85193e299872961536ba0d79d0a3c7d0b021e4817e3f7d275cf4c17be6b7a33f0f0a9,08/10/2025 03:50:00 PM,2,DRIVER,4,2026539,,JEEP,LIBERTY,IL,2010,NONE,PASSENGER,PERSONAL,N,SLOW/STOP IN TRAFFIC,,,5,,,,,N,,,,Y,N,,,,,,,,REAR-RIGHT-CORNER,,,,,,,,,,,,,,,,,,,,,,,,,,,,,,,,,
2125775,45bb1a99af46e5b49d8b9bd13d79c2ba572bcc8a24612a997164669419ca67308389152223bb5bcf4263d39b2bbcda7dc8efa8375a1c4b5ce2e377257d9901b7,08/10/2025 03:37:00 PM,1,DRIVER,,2026501,,CHRYSLER,TOWN & COUNTRY,IL,2011,UNKNOWN,PASSENGER,PERSONAL,W,STRAIGHT AHEAD,,,1,,,,,,,,,,,,,,,,,Y,FRONT-RIGHT-CORNER,,,,,,,,,,,,,,,,,,,,,,,,,,,,,,,,,
2125776,45bb1a99af46e5b49d8b9bd13d79c2ba572bcc8a24612a997164669419ca67308389152223bb5bcf4263d39b2bbcda7dc8efa8375a1c4b5ce2e377257d9901b7,08/10/2025 03:37:00 PM,2,PARKED,1,2026510,,HONDA,CIVIC,IL,2020,UNKNOWN,PASSENGER,NOT IN USE,W,PARKED,,,1,,,,,,,,,,,,,,Y,Y,,,FRONT-LEFT-CORNER,,,,,,,,,,,,,,,,,,,,,,,,,,,,,,,,,
2125771,08ed179efac3f7608e34b009e29a12f4ecaa6f847a92afb604b3c541df9aed53b1bf8a6eedcb664a36d28b5deb7cc6f50c068d735fbdcc16ae20779cbd48d649,08/10/2025 03:30:00 PM,1,DRIVER,,2026494,,TOYOTA,RAV4,IL,2024,UNKNOWN,PASSENGER,PERSONAL,E,TURNING LEFT,Y,,1,,PERSONAL TOW,,,Y,Y,Y,,,,,,,,,Y,,FRONT-RIGHT-CORNER,,,,,,,,,,,,,,,,,,,,,,,,,,,,,,,,,
2125785,951097997f562d349bd2dd93b5edcf88823b42231eae2de8f658e36c9b9522dbffd285f47a82d9afb54ad3e15ef88f5d1c90222541ca7287732cfe1428758333,08/10/2025 03:30:00 PM,1,DRIVER,,2026508,,LEXUS,OTHER (EXPLAIN IN NARRATIVE),IL,2008,UNKNOWN,PASSENGER,PERSONAL,E,STRAIGHT AHEAD,,,1,,,,,Y,,,,,,,,,,Y,Y,,FRONT,,,,,,,,,,,,,,,,,,,,,,,,,,,,,,,,,
2125786,951097997f562d349bd2dd93b5edcf88823b42231eae2de8f658e36c9b9522dbffd285f47a82d9afb54ad3e15ef88f5d1c90222541ca7287732cfe1428758333,08/10/2025 03:30:00 PM,2,DRIVER,1,2026512,,CHEVROLET,EQUINOX,IL,2025,UNKNOWN,SPORT UTILITY VEHICLE (SUV),PERSONAL,E,STRAIGHT AHEAD,,,2,,,,,,,,,Y,Y,Y,,,,,,,REAR,,,,,,,,,,,,,,,,,,,,,,,,,,,,,,,,,
2125797,cd39b20097b9b7d9b5ea475166eef99c7f7d0fb92d4a056d1e1045787474934b2f7003d7e247785cceba03515f10f620bb5d022dfa4b03a47ae2921ce3ea6643,08/10/2025 03:30:00 PM,1,DRIVER,,2026517,,HONDA,CR-V,,,UNKNOWN,PASSENGER,PERSONAL,N,STRAIGHT AHEAD,,,1,,,,,,,,,,,,,,,,,Y,FRONT,,,,,,,,,,,,,,,,,,,,,,,,,,,,,,,,,
2125798,cd39b20097b9b7d9b5ea475166eef99c7f7d0fb92d4a056d1e1045787474934b2f7003d7e247785cceba03515f10f620bb5d022dfa4b03a47ae2921ce3ea6643,08/10/2025 03:30:00 PM,2,DRIVER,1,2026525,,SCION,FR-S,IL,2013,UNKNOWN,PASSENGER,PERSONAL,N,SLOW/STOP IN TRAFFIC,,,2,,,,,,,,,,Y,,,,,,,Y,REAR,,,,,,,,,,,,,,,,,,,,,,,,,,,,,,,,,
2125787,32e02d5beef0fa301ac98eb46624fd1b96542852cef339f05a5d4883d8db94b20af9ebd9952db728712bc06f3a77370946608ba1a593bc597bbf67e31618fb73,08/10/2025 03:20:00 PM,1,DRIVER,,2026513,,SUZUKI,XL-7 OR XL-7 GRAND VITARA,IL,2007,UNKNOWN,SPORT UTILITY VEHICLE (SUV),PERSONAL,N,MERGING,,,1,,,,,,,,,,,,Y,Y,Y,Y,,,SIDE-LEFT,,,,,,,,,,,,,,,,,,,,,,,,,,,,,,,,,
2125788,32e02d5beef0fa301ac98eb46624fd1b96542852cef339f05a5d4883d8db94b20af9ebd9952db728712bc06f3a77370946608ba1a593bc597bbf67e31618fb73,08/10/2025 03:20:00 PM,2,DRIVER,,2026523,,CHEVROLET,S10,IL,2000,UNKNOWN,PICKUP,UNKNOWN/NA,N,STRAIGHT AHEAD,,,1,,,,,Y,Y,Y,,,,,,,,,Y,,FRONT-RIGHT-CORNER,,,,,,,,,,,,,,,,,,,,,,,,,,,,,,,,,
2125760,fffb6cce1bb7db57c45ff1d14d9cbadfb6562cba3afe534afe14bb2c5390e99df943d54b85e2ece841e8a4756a40e271e20fa4d463e793e18f3b43176f12f7eb,08/10/2025 03:15:00 PM,1,DRIVER,,2026485,,TOYOTA,RAV4,IN,2022,NONE,PASSENGER,PERSONAL,UNKNOWN,OTHER,,,1,,,,,,,,,,,,,,,,,Y,FRONT,,,,,,,,,,,,,,,,,,,,,,,,,,,,,,,,,
2125761,fffb6cce1bb7db57c45ff1d14d9cbadfb6562cba3afe534afe14bb2c5390e99df943d54b85e2ece841e8a4756a40e271e20fa4d463e793e18f3b43176f12f7eb,08/10/2025 03:15:00 PM,2,DRIVER,,2026491,,CHEVROLET,TRAVERSE,IL,2019,NONE,PASSENGER,PERSONAL,UNKNOWN,OTHER,,,1,,,,,,,,,,Y,,,,,,,,REAR,,,,,,,,,,,,,,,,,,,,,,,,,,,,,,,,,
2125742,185fcdb4a30e88ef34d39949f52ac75d442fb0906bb306705019bfb54865a483b835d7466455aa715f92449b825fa23059e3d844223879f151b6c97fb5d4fe7a,08/10/2025 03:00:00 PM,1,DRIVER,,2026468,,TOYOTA,COROLLA,IL,2005,UNKNOWN,PASSENGER,PERSONAL,W,STRAIGHT AHEAD,,,1,,,,,Y,,,,,,,,,,Y,Y,,FRONT,,,,,,,,,,,,,,,,,,,,,,,,,,,,,,,,,
2125743,185fcdb4a30e88ef34d39949f52ac75d442fb0906bb306705019bfb54865a483b835d7466455aa715f92449b825fa23059e3d844223879f151b6c97fb5d4fe7a,08/10/2025 03:00:00 PM,2,DRIVER,,2026472,,HONDA,CIVIC,IL,2007,NONE,PASSENGER,PERSONAL,W,STRAIGHT AHEAD,,,1,,,,,,,,,Y,Y,Y,,,,,,,REAR,,,,,,,,,,,,,,,,,,,,,,,,,,,,,,,,,
2125941,0db6b0db00f41e933f93ceeda9d635cee450cb37a682a0c6fac2d5144e51bd83706b945de6396e8f093299ebf72e2461206e24768a6a5ddb4b5d6fb1c2aaf1dc,08/10/2025 02:59:00 PM,1,BICYCLE,,,,,,,,,,,,,,,,,,,,,,,,,,,,,,,,,,,,,,,,,,,,,,,,,,,,,,,,,,,,,,,,,,
2125942,0db6b0db00f41e933f93ceeda9d635cee450cb37a682a0c6fac2d5144e51bd83706b945de6396e8f093299ebf72e2461206e24768a6a5ddb4b5d6fb1c2aaf1dc,08/10/2025 02:59:00 PM,2,DRIVER,,2027033,,BUICK,ENCORE,IL,2018,UNKNOWN,PASSENGER,PERSONAL,W,TURNING LEFT,,,1,,,,,,,,,,,Y,,,,,,,REAR-LEFT-CORNER,,,,,,,,,,,,,,,,,,,,,,,,,,,,,,,,,
2125766,224cc0deb00ce5a828b5d32dde4d5bf702f438b7742a486fed80deeafaab50f7c278a8f0ad12228248374917d186d80e9fc8178d9969ea3c506532041383e7ac,08/10/2025 02:57:00 PM,1,DRIVER,,2026493,,NISSAN,MURANO,IL,2012,NONE,PASSENGER,PERSONAL,W,STRAIGHT AHEAD,,,1,,,,,Y,,,,,,,,,,Y,Y,,FRONT,,,,,,,,,,,,,,,,,,,,,,,,,,,,,,,,,
2125767,224cc0deb00ce5a828b5d32dde4d5bf702f438b7742a486fed80deeafaab50f7c278a8f0ad12228248374917d186d80e9fc8178d9969ea3c506532041383e7ac,08/10/2025 02:57:00 PM,2,DRIVER,1,2026497,,KIA,OPTIMA / K5,IL,2011,NONE,PASSENGER,PERSONAL,W,STRAIGHT AHEAD,Y,,2,,PRIVATE TOWING,,,,,,,Y,Y,Y,,,,,,,REAR,,,,,,,,,,,,,,,,,,,,,,,,,,,,,,,,,
2125768,224cc0deb00ce5a828b5d32dde4d5bf702f438b7742a486fed80deeafaab50f7c278a8f0ad12228248374917d186d80e9fc8178d9969ea3c506532041383e7ac,08/10/2025 02:57:00 PM,3,DRIVER,1,2026506,,CHEVROLET,MALIBU,IL,2016,NONE,PASSENGER,PERSONAL,W,STRAIGHT AHEAD,,,2,,,,,,,,,Y,Y,Y,,,,,,,REAR,,,,,,,,,,,,,,,,,,,,,,,,,,,,,,,,,
2126148,e833fe6c33dec3a292ee47d60263fec5894f6e56f1d07cbdeedc3753437837fb08d61f144535df5e5710753333ce5a589a504eb594a29d3c00a821078d3fe67a,08/10/2025 02:47:00 PM,1,DRIVER,,2026857,,BUICK,OTHER (EXPLAIN IN NARRATIVE),IL,2012,UNKNOWN,PASSENGER,UNKNOWN/NA,W,STRAIGHT AHEAD,,,1,,,,,,,,,,,,,,,,Y,,FRONT,,,,,,,,,,,,,,,,,,,,,,,,,,,,,,,,,
2126149,e833fe6c33dec3a292ee47d60263fec5894f6e56f1d07cbdeedc3753437837fb08d61f144535df5e5710753333ce5a589a504eb594a29d3c00a821078d3fe67a,08/10/2025 02:47:00 PM,2,DRIVER,,2026862,,HONDA,CR-V,IL,2022,UNKNOWN,PASSENGER,PERSONAL,E,TURNING LEFT,,,1,,,,,Y,,,,,,,,,,,,,FRONT-RIGHT-CORNER,,,,,,,,,,,,,,,,,,,,,,,,,,,,,,,,,
2126389,c018c1029208360a8d0761ddc413c9403bddaefe6f05831e42645e5a6d11a6ab2d536c389ba115a6551ef0b1804600621bc8327509c44ea75cf8ea86b4877cae,08/10/2025 02:44:00 PM,1,DRIVER,,2027086,,CHEVROLET,GMT400,IL,1997,UNKNOWN,PICKUP,UNKNOWN/NA,W,STRAIGHT AHEAD,,,1,,,,,,,,,,,,,,,,,Y,UNKNOWN,,,,,,,,,,,,,,,,,,,,,,,,,,,,,,,,,
2126390,c018c1029208360a8d0761ddc413c9403bddaefe6f05831e42645e5a6d11a6ab2d536c389ba115a6551ef0b1804600621bc8327509c44ea75cf8ea86b4877cae,08/10/2025 02:44:00 PM,2,PARKED,,2027090,,TOYOTA,HIGHLANDER,IL,2021,UNKNOWN,PASSENGER,UNKNOWN/NA,UNKNOWN,PARKED,,,0,,,,,,,,,,,,,,Y,Y,,,FRONT-LEFT-CORNER,,,,,,,,,,,,,,,,,,,,,,,,,,,,,,,,,
2125806,1ffa422461165709b73fb89df07c978193ffed96ced6b3f8749f081c7947d2fc667a664bc59aeda694f6efa5a0814eca415b35e4476fad072044411b89ea6297,08/10/2025 02:40:00 PM,1,DRIVER,1,2026535,,NISSAN,SENTRA,IL,2017,NONE,PASSENGER,PERSONAL,N,TURNING LEFT,Y,,2,,PRIVATE TOW,PRIVATE LOC,,Y,Y,,,,,,,,,Y,Y,,FRONT,,,,,,,,,,,,,,,,,,,,,,,,,,,,,,,,,
2125807,1ffa422461165709b73fb89df07c978193ffed96ced6b3f8749f081c7947d2fc667a664bc59aeda694f6efa5a0814eca415b35e4476fad072044411b89ea6297,08/10/2025 02:40:00 PM,2,DRIVER,,2026542,,TOYOTA,AVALON,IL,2016,NONE,PASSENGER,TAXI/FOR HIRE,S,STRAIGHT AHEAD,Y,,1,,PRIVATE TOW,PRIVATE LOC,,Y,,,,,,Y,Y,,,Y,Y,,SIDE-LEFT-REAR,,,,,,,,,,,,,,,,,,,,,,,,,,,,,,,,,
2125808,1ffa422461165709b73fb89df07c978193ffed96ced6b3f8749f081c7947d2fc667a664bc59aeda694f6efa5a0814eca415b35e4476fad072044411b89ea6297,08/10/2025 02:40:00 PM,3,DRIVER,,2026546,,TESLA,MODEL Y,IL,2025,NONE,PASSENGER,PERSONAL,E,OTHER,Y,,1,,PRIVATE TOW,PRIVATE LOC,,,,,,,,,,,Y,Y,,,FRONT-LEFT-CORNER,,,,,,,,,,,,,,,,,,,,,,,,,,,,,,,,,
2126166,e1077f1a42e5a7b1154be8a882d3da3c8495aae0cd77f39c72196b186dae320cb0d4cb959427623dd147e766264d28c5c32c2626524d7c9451342326d6671578,08/10/2025 02:40:00 PM,1,DRIVER,,2026876,,JEEP,CHEROKEE,IL,2016,UNKNOWN,SPORT UTILITY VEHICLE (SUV),PERSONAL,E,BACKING,,,1,,,,,,,,,Y,Y,Y,,,,,,,REAR,,,,,,,,,,,,,,,,,,,,,,,,,,,,,,,,,
2126167,e1077f1a42e5a7b1154be8a882d3da3c8495aae0cd77f39c72196b186dae320cb0d4cb959427623dd147e766264d28c5c32c2626524d7c9451342326d6671578,08/10/2025 02:40:00 PM,2,DRIVER,,2026879,,FORD,FUSION,IL,2012,UNKNOWN,PASSENGER,PERSONAL,S,STRAIGHT AHEAD,,,1,,,,,Y,Y,,,,,,,,,,,,FRONT-RIGHT-CORNER,,,,,,,,,,,,,,,,,,,,,,,,,,,,,,,,,
2125748,95277156c9bdf84c0531c862e0557d8194c481ec40eee5ab3d4eb8afdf396be96adee50238cba3a13d530d4016f4637f3e615d954cffd628d12c9ea6bbd7ac1e,08/10/2025 02:35:00 PM,1,DRIVER,,2026471,,CHEVROLET,SILVERADO,IL,2024,NONE,PICKUP,PERSONAL,UNKNOWN,BACKING,,,1,,,,,,,,,,Y,Y,,,,,,,REAR-LEFT-CORNER,,,,,,,,,,,,,,,,,,,,,,,,,,,,,,,,,
2125749,95277156c9bdf84c0531c862e0557d8194c481ec40eee5ab3d4eb8afdf396be96adee50238cba3a13d530d4016f4637f3e615d954cffd628d12c9ea6bbd7ac1e,08/10/2025 02:35:00 PM,2,DRIVER,,2026476,,MITSUBISHI,OUTLANDER,IL,2020,NONE,SPORT UTILITY VEHICLE (SUV),PERSONAL,UNKNOWN,SLOW/STOP IN TRAFFIC,,,1,,,,,,,,,Y,Y,,,,,,,,REAR-RIGHT-CORNER,,,,,,,,,,,,,,,,,,,,,,,,,,,,,,,,,