CRASH_UNIT_ID,CRASH_RECORD_ID,CRASH_DATE,UNIT_NO,UNIT_TYPE,NUM_PASSENGERS,VEHICLE_ID,CMRC_VEH_I,MAKE,MODEL,LIC_PLATE_STATE,VEHICLE_YEAR,VEHICLE_DEFECT,VEHICLE_TYPE,VEHICLE_USE,TRAVEL_DIRECTION,MANEUVER,TOWED_I,FIRE_I,OCCUPANT_CNT,EXCEED_SPEED_LIMIT_I,TOWED_BY,TOWED_TO,AREA_00_I,AREA_01_I,AREA_02_I,AREA_03_I,AREA_04_I,AREA_05_I,AREA_06_I,AREA_07_I,AREA_08_I,AREA_09_I,AREA_10_I,AREA_11_I,AREA_12_I,AREA_99_I,FIRST_CONTACT_POINT,CMV_ID,USDOT_NO,CCMC_NO,ILCC_NO,COMMERCIAL_SRC,GVWR,CARRIER_NAME,CARRIER_STATE,CARRIER_CITY,HAZMAT_PLACARDS_I,HAZMAT_NAME,UN_NO,HAZMAT_PRESENT_I,HAZMAT_REPORT_I,HAZMAT_REPORT_NO,MCS_REPORT_I,MCS_REPORT_NO,HAZMAT_VIO_CAUSE_CRASH_I,MCS_VIO_CAUSE_CRASH_I,IDOT_PERMIT_NO,WIDE_LOAD_I,TRAILER1_WIDTH,TRAILER2_WIDTH,TRAILER1_LENGTH,TRAILER2_LENGTH,TOTAL_VEHICLE_LENGTH,AXLE_CNT,VEHICLE_CONFIG,CARGO_BODY_TYPE,LOAD_TYPE,HAZMAT_OUT_OF_SERVICE_I,MCS_OUT_OF_SERVICE_I,HAZMAT_CLASS
2126115,28962b92d4176824105de896fcfe732ae3e0bb3669f6ab8f35277b4136c9dedb250fa7733875424335c60d666d01e4ff53255f2716c775af1e33d566abc18828,08/10/2025 02:30:00 PM,1,DRIVER,,2026829,,FORD,FUSION,IL,,NONE,PASSENGER,TAXI/FOR HIRE,S,SLOW/STOP IN TRAFFIC,,,1,,,,,,,,,,,,,,,,Y,,FRONT,,,,,,,,,,,,,,,,,,,,,,,,,,,,,,,,,
2126116,28962b92d4176824105de896fcfe732ae3e0bb3669f6ab8f35277b4136c9dedb250fa7733875424335c60d666d01e4ff53255f2716c775af1e33d566abc18828,08/10/2025 02:30:00 PM,2,DRIVER,,2026830,,LEXUS,ES350,IL,,NONE,PASSENGER,PERSONAL,S,SLOW/STOP IN TRAFFIC,,,1,,,,Y,,,,,,Y,,,,,,,,REAR,,,,,,,,,,,,,,,,,,,,,,,,,,,,,,,,,
2128253,99e07173149a9dff7fafedf3396a9e15fd6246230bab8036037d15401e6c25e032f62e2f014887c2237c11e0c954a7e5b4d4578be7e197267b33db1b4526291f,08/10/2025 02:30:00 PM,1,DRIVER,,2028852,,CHEVROLET,IMPALA,IL,2014,UNKNOWN,PASSENGER,PERSONAL,UNKNOWN,UNKNOWN/NA,,,1,,,,,Y,Y,Y,Y,,,,,,,,,,SIDE-RIGHT,,,,,,,,,,,,,,,,,,,,,,,,,,,,,,,,,
2126181,b18cb8e1191298ac7ed18bb1e75c9cbf5a6f9c9a1c240103f81fda78f9aeca52666d3bf96eb3adb2694b2a1f03b0b4a2c56dcb3539cf943b7e16a287a27499a0,08/10/2025 02:30:00 PM,1,DRIVER,,2026886,,TOYOTA,PRIUS,IL,2009,UNKNOWN,PASSENGER,PERSONAL,S,BACKING,,,1,,,,,,,,,Y,Y,Y,,,,,,,REAR,,,,,,,,,,,,,,,,,,,,,,,,,,,,,,,,,
2126182,b18cb8e1191298ac7ed18bb1e75c9cbf5a6f9c9a1c240103f81fda78f9aeca52666d3bf96eb3adb2694b2a1f03b0b4a2c56dcb3539cf943b7e16a287a27499a0,08/10/2025 02:30:00 PM,2,DRIVER,,2026887,,GENERAL MOTORS CORPORATION (GMC),TERRAIN,IL,2022,UNKNOWN,PASSENGER,PERSONAL,NW,STRAIGHT AHEAD,,,1,,,,,Y,,,,,,,,,,Y,Y,,FRONT,,,,,,,,,,,,,,,,,,,,,,,,,,,,,,,,,
2128425,bee449e1a14324de5983304b66d2014d953138504287b40f8a78aa74e282d5c435f19488f479cfa2ad8c1e7f4c4b5fbb406ec380d0d5033a3a439d6a0c3709e0,08/10/2025 02:30:00 PM,1,DRIVER,,2029015,,CHEVROLET,EQUINOX,IL,2020,UNKNOWN,SPORT UTILITY VEHICLE (SUV),UNKNOWN/NA,W,SLOW/STOP IN TRAFFIC,,,1,,,,,Y,,,,,,,,,,Y,Y,,FRONT,,,,,,,,,,,,,,,,,,,,,,,,,,,,,,,,,
2128426,bee449e1a14324de5983304b66d2014d953138504287b40f8a78aa74e282d5c435f19488f479cfa2ad8c1e7f4c4b5fbb406ec380d0d5033a3a439d6a0c3709e0,08/10/2025 02:30:00 PM,2,PEDESTRIAN,,,,,,,,,,,,,,,,,,,,,,,,,,,,,,,,,,,,,,,,,,,,,,,,,,,,,,,,,,,,,,,,,,
2125772,0e48476bdefae51a0c51f3faea093bd4e855a473c5ce7ddf0cb252beaf30e2bbdd969f2b190f1a09a875e61b06a225b63de0b5c4dcf8051e31669213a2d339e9,08/10/2025 02:29:00 PM,1,DRIVER,,2026495,,UNKNOWN,OTHER (EXPLAIN IN NARRATIVE),IL,,UNKNOWN,PASSENGER,UNKNOWN/NA,S,CHANGING LANES,,,1,,,,,,,,,,,,,,,,,Y,UNKNOWN,,,,,,,,,,,,,,,,,,,,,,,,,,,,,,,,,
2125773,0e48476bdefae51a0c51f3faea093bd4e855a473c5ce7ddf0cb252beaf30e2bbdd969f2b190f1a09a875e61b06a225b63de0b5c4dcf8051e31669213a2d339e9,08/10/2025 02:29:00 PM,2,DRIVER,1,2026503,,CHEVROLET,S10,IL,2002,NONE,PICKUP,PERSONAL,S,STRAIGHT AHEAD,Y,,2,,CITY OF CHICAGO,3180 INNER LAKE SHORE DR,,Y,,,,,,,,,Y,Y,Y,Y,UNKNOWN,,,,,,,,,,,,,,,,,,,,,,,,,,,,,,,,,
2125774,0e48476bdefae51a0c51f3faea093bd4e855a473c5ce7ddf0cb252beaf30e2bbdd969f2b190f1a09a875e61b06a225b63de0b5c4dcf8051e31669213a2d339e9,08/10/2025 02:29:00 PM,3,DRIVER,1,2026511,,FORD,EDGE,IL,2020,NONE,PASSENGER,PERSONAL,S,STRAIGHT AHEAD,,,2,,,,,,,,,,,,,,Y,Y,,Y,UNKNOWN,,,,,,,,,,,,,,,,,,,,,,,,,,,,,,,,,
2125746,630f630257a51226081e403821d6c1e55e613b614656f4c0fb2411e0542bafefeee54785209477be756489d7d43d42f87f48534e6516c8dad6951105ef31e7e1,08/10/2025 02:26:00 PM,1,DRIVER,,2026473,,FORD,FUSION,IL,2014,NONE,PASSENGER,TAXI/FOR HIRE,S,STRAIGHT AHEAD,,,1,,,,Y,,,,,,,,,,,,,,FRONT,,,,,,,,,,,,,,,,,,,,,,,,,,,,,,,,,
2125747,630f630257a51226081e403821d6c1e55e613b614656f4c0fb2411e0542bafefeee54785209477be756489d7d43d42f87f48534e6516c8dad6951105ef31e7e1,08/10/2025 02:26:00 PM,2,DRIVER,,2026478,,LEXUS,ES350,IL,2008,NONE,PASSENGER,PERSONAL,S,SLOW/STOP IN TRAFFIC,,,1,,,,,,,,,Y,Y,Y,,,,,,,REAR,,,,,,,,,,,,,,,,,,,,,,,,,,,,,,,,,
2125809,46ee0d04d963bc3f1503fde981998892fc4d2cbd07e7b9fe1984abb094ea914f659cee7c72c5c598af2fc87e2db8f098cb19322bfd8b3af35ef15bf646634196,08/10/2025 02:25:00 PM,1,DRIVER,,2026534,,HONDA,ACCORD,IL,2009,UNKNOWN,PASSENGER,PERSONAL,W,STRAIGHT AHEAD,,,1,,,,,,,,,,,,,,,,Y,,FRONT,,,,,,,,,,,,,,,,,,,,,,,,,,,,,,,,,
2125810,46ee0d04d963bc3f1503fde981998892fc4d2cbd07e7b9fe1984abb094ea914f659cee7c72c5c598af2fc87e2db8f098cb19322bfd8b3af35ef15bf646634196,08/10/2025 02:25:00 PM,2,DRIVER,3,2026537,,HONDA,ODYSSEY,IL,2009,UNKNOWN,VAN/MINI-VAN,PERSONAL,W,STRAIGHT AHEAD,,,4,,,,,,,,,,Y,,,,,,,,REAR,,,,,,,,,,,,,,,,,,,,,,,,,,,,,,,,,
2125732,ec45a730993714d282382cabb0c58237f04e4b9bd8ed2a7650e0655e7424d8af1ed70f787d6ef7e04cffcd97a195c5748a5dd68698d69835a63017d66ffd87eb,08/10/2025 02:25:00 PM,1,DRIVER,,2026475,,CHEVROLET,EQUINOX,IL,2022,UNKNOWN,PASSENGER,PERSONAL,S,OTHER,,,1,,,,Y,,,,,,,,,,,,,,FRONT,,,,,,,,,,,,,,,,,,,,,,,,,,,,,,,,,
2125733,ec45a730993714d282382cabb0c58237f04e4b9bd8ed2a7650e0655e7424d8af1ed70f787d6ef7e04cffcd97a195c5748a5dd68698d69835a63017d66ffd87eb,08/10/2025 02:25:00 PM,2,DRIVER,,2026480,,HONDA,PASSPORT,IL,2022,UNKNOWN,PASSENGER,PERSONAL,S,OTHER,,,1,,,,,,,,,,Y,,,,,,,,REAR,,,,,,,,,,,,,,,,,,,,,,,,,,,,,,,,,
2125779,358b9e6e77868ab59e7ab08ec8fb024612400c989f1c6789f9bed5ae901c9d7effba9e6cc0041980efcfc6b72acf6607bf7b53cadc061f760cf4c79b198d2bed,08/10/2025 02:15:00 PM,1,DRIVER,3,2026502,,FORD,ESCAPE,IL,2021,NONE,SPORT UTILITY VEHICLE (SUV),PERSONAL,UNKNOWN,TURNING LEFT,,,4,,,,,,,,,,,,,,,,Y,,FRONT,,,,,,,,,,,,,,,,,,,,,,,,,,,,,,,,,
2125780,358b9e6e77868ab59e7ab08ec8fb024612400c989f1c6789f9bed5ae901c9d7effba9e6cc0041980efcfc6b72acf6607bf7b53cadc061f760cf4c79b198d2bed,08/10/2025 02:15:00 PM,2,BICYCLE,,,,,,,,,,,,,,,,,,,,,,,,,,,,,,,,,,,,,,,,,,,,,,,,,,,,,,,,,,,,,,,,,,
2125783,a87522affa2d86bc77c3c16f82ac0bb1481679cdd14cb2537ba96293b90908e5ee155326ea5cab7a336f0923fbab8dbdf45a0274b98667f563df00ab1d029e86,08/10/2025 02:15:00 PM,1,DRIVER,,2026505,,HONDA,PASSPORT,IL,2021,UNKNOWN,PASSENGER,PERSONAL,W,TURNING LEFT,Y,,1,,PRIVATE,PRIVATE,,,,,,,,,,,N,Y,Y,,FRONT-LEFT-CORNER,,,,,,,,,,,,,,,,,,,,,,,,,,,,,,,,,
2125784,a87522affa2d86bc77c3c16f82ac0bb1481679cdd14cb2537ba96293b90908e5ee155326ea5cab7a336f0923fbab8dbdf45a0274b98667f563df00ab1d029e86,08/10/2025 02:15:00 PM,2,DRIVER,,2026514,,LINCOLN,MKZ,IL,2013,UNKNOWN,PASSENGER,PERSONAL,S,STRAIGHT AHEAD,,,1,,,,,,,,,,,,,,Y,Y,Y,,FRONT-LEFT-CORNER,,,,,,,,,,,,,,,,,,,,,,,,,,,,,,,,,
2125762,f56981044a6f19d1487609fb5f829f1be6be9cee48c6c9c33628c6b6698153ad194c4e7c50f46b19d522b3e77c91a40f462103a52d98f78365c852ad5b1fc3da,08/10/2025 02:15:00 PM,1,DRIVER,,2026498,,HONDA,CIVIC,IL,2007,UNKNOWN,UNKNOWN/NA,UNKNOWN/NA,UNKNOWN,UNKNOWN/NA,,,1,,,,,Y,,,,,,,,,,Y,Y,,FRONT,,,,,,,,,,,,,,,,,,,,,,,,,,,,,,,,,
2125763,f56981044a6f19d1487609fb5f829f1be6be9cee48c6c9c33628c6b6698153ad194c4e7c50f46b19d522b3e77c91a40f462103a52d98f78365c852ad5b1fc3da,08/10/2025 02:15:00 PM,2,DRIVER,,2026518,,NISSAN,ALTIMA,IL,2016,UNKNOWN,PASSENGER,PERSONAL,UNKNOWN,UNKNOWN/NA,,,1,,,,,N,Y,Y,Y,Y,,,,,,,,,SIDE-RIGHT,,,,,,,,,,,,,,,,,,,,,,,,,,,,,,,,,
2125917,7e33f309fecfb280df6fa9793b18f08236f87033582091bddf785603334797c947690403eec0aad996514c5a91b1f08f4d9c67dee05f9ba5686e13823a0ab91d,08/10/2025 02:00:00 PM,1,DRIVER,,2026636,,FORD,CROWN VICTORIA,IL,1998,UNKNOWN,PASSENGER,UNKNOWN/NA,N,STRAIGHT AHEAD,,,1,,,,,,,,,,,,,,,Y,,,FRONT-LEFT-CORNER,,,,,,,,,,,,,,,,,,,,,,,,,,,,,,,,,
2125918,7e33f309fecfb280df6fa9793b18f08236f87033582091bddf785603334797c947690403eec0aad996514c5a91b1f08f4d9c67dee05f9ba5686e13823a0ab91d,08/10/2025 02:00:00 PM,2,DRIVER,2,2026639,,BMW,OTHER (EXPLAIN IN NARRATIVE),IL,2025,NONE,PASSENGER,PERSONAL,N,SLOW/STOP IN TRAFFIC,,,3,,,,,,,,,Y,,,,,,,,,REAR,,,,,,,,,,,,,,,,,,,,,,,,,,,,,,,,,
2125781,9ba7005392bd808f17e41400539c902d6f044b9fb946275bacf6d011cb91781b86d8acb59437b43ecc5f710690b702419f2b94453e7b6694697f1ce098f31e5d,08/10/2025 02:00:00 PM,1,DRIVER,,2026500,,NISSAN,MAXIMA,IL,2009,NONE,PASSENGER,PERSONAL,N,STRAIGHT AHEAD,,,1,,,,,Y,,,,,,,,,,Y,Y,,FRONT,,,,,,,,,,,,,,,,,,,,,,,,,,,,,,,,,
2125782,9ba7005392bd808f17e41400539c902d6f044b9fb946275bacf6d011cb91781b86d8acb59437b43ecc5f710690b702419f2b94453e7b6694697f1ce098f31e5d,08/10/2025 02:00:00 PM,2,DRIVER,,2026507,,HYUNDAI,SONATA,IL,2015,NONE,PASSENGER,NOT IN USE,N,BACKING,,,1,,,,,,,,,Y,Y,,,,,,,,REAR,,,,,,,,,,,,,,,,,,,,,,,,,,,,,,,,,
2125719,aafeb824c85a9a4e5c152ece71477d6e0ebadfeff0beb10943ef7e0ca135ac3bde498b7c36b52593101dc00953a4d9ab0dbb2feaacb43eb34835fb9db4bbb638,08/10/2025 02:00:00 PM,1,DRIVER,,2026452,,FORD,EDGE,IL,2011,NONE,PASSENGER,PERSONAL,E,STRAIGHT AHEAD,,,1,,,,,Y,Y,,,,,,,,,,,,FRONT-RIGHT-CORNER,,,,,,,,,,,,,,,,,,,,,,,,,,,,,,,,,
2125720,aafeb824c85a9a4e5c152ece71477d6e0ebadfeff0beb10943ef7e0ca135ac3bde498b7c36b52593101dc00953a4d9ab0dbb2feaacb43eb34835fb9db4bbb638,08/10/2025 02:00:00 PM,2,PARKED,,2026460,,KIA,TELLURIDE,IL,2024,NONE,PASSENGER,PERSONAL,E,PARKED,,,0,,,,,,,,,,,Y,Y,,,,,,REAR-LEFT-CORNER,,,,,,,,,,,,,,,,,,,,,,,,,,,,,,,,,
2125692,da6c0cba421498c5c3c268aa435e9a77ba22140aa5572734d21ec85da0c8b84f0e837f5e273f17a6a91b21a9252eaa086882f5b9c2cb3c9b29c82cd5dabbf01c,08/10/2025 02:00:00 PM,1,DRIVER,1,2026427,,KIA,FORTE,IL,2018,UNKNOWN,PASSENGER,PERSONAL,S,STRAIGHT AHEAD,,,2,,,,,Y,,,,N,N,N,,,,Y,Y,Y,FRONT,,,,,,,,,,,,,,,,,,,,,,,,,,,,,,,,,
2125693,da6c0cba421498c5c3c268aa435e9a77ba22140aa5572734d21ec85da0c8b84f0e837f5e273f17a6a91b21a9252eaa086882f5b9c2cb3c9b29c82cd5dabbf01c,08/10/2025 02:00:00 PM,2,DRIVER,1,2026445,,FORD,EXPLORER,IL,2014,UNKNOWN,PASSENGER,PERSONAL,S,STRAIGHT AHEAD,,,2,,,,,,,,,Y,Y,Y,,,,,,Y,REAR,,,,,,,,,,,,,,,,,,,,,,,,,,,,,,,,,
2125816,df48f4ae23811ce07ce5bc0d2253102ee7e18b239dcf8d8f9b4b2e15afc79229d4e0d7bb174fd19787f85096fca1922eb9bad3a855d82f2ee6a926e998036772,08/10/2025 02:00:00 PM,1,DRIVER,,2026540,,LEXUS,ES350,,2023,NONE,PASSENGER,PERSONAL,SW,TURNING RIGHT,,,1,,,,,,,,,,,,,,,Y,N,,FRONT-LEFT-CORNER,,,,,,,,,,,,,,,,,,,,,,,,,,,,,,,,,
2125817,df48f4ae23811ce07ce5bc0d2253102ee7e18b239dcf8d8f9b4b2e15afc79229d4e0d7bb174fd19787f85096fca1922eb9bad3a855d82f2ee6a926e998036772,08/10/2025 02:00:00 PM,2,DRIVER,,2026538,,NISSAN,SENTRA,IL,2008,NONE,PASSENGER,PERSONAL,W,STRAIGHT AHEAD,,,1,,,,,,Y,,,,,,,,,,,,SIDE-RIGHT,,,,,,,,,,,,,,,,,,,,,,,,,,,,,,,,,
2125710,eb02e3a7f9edef2c860c8d3bfef37db6896b66c7a84845d30c941523645fa59103f86e1aa2802ceb376872c495f222286b5e7f078bded950f2f3f792d42c1a7e,08/10/2025 01:57:00 PM,1,DRIVER,,2026437,,ACURA,RL,IL,2005,NONE,PASSENGER,PERSONAL,E,CHANGING LANES,,,1,,,,,Y,,,,,,,,,,,,,FRONT-RIGHT-CORNER,,,,,,,,,,,,,,,,,,,,,,,,,,,,,,,,,
2125711,eb02e3a7f9edef2c860c8d3bfef37db6896b66c7a84845d30c941523645fa59103f86e1aa2802ceb376872c495f222286b5e7f078bded950f2f3f792d42c1a7e,08/10/2025 01:57:00 PM,2,DRIVER,1,2026447,,CHEVROLET,CRUZE,IL,2014,NONE,PASSENGER,PERSONAL,E,STRAIGHT AHEAD,,,2,,,,,,,,,,,,,,Y,,,,FRONT-LEFT-CORNER,,,,,,,,,,,,,,,,,,,,,,,,,,,,,,,,,
2125721,b53865c8300b7b7f12dd4f5ae552286776a06311409a294e56d3cc6a7ddf1fc61c424803cf774330ceb3af18d9c87fcbcbd174635a20f18ce637029641be88f3,08/10/2025 01:53:00 PM,1,DRIVER,1,2026444,N,FREIGHTLINER CORPORATION,FREIGHTLINER CORP.,IL,2021,NONE,TRUCK - SINGLE UNIT,OTHER,S,TURNING LEFT,,,2,,,,,,,,,,,,,,,,,Y,FRONT-RIGHT-CORNER,,,,,,,,,,,,,,,,,,,,,,,,,,,,,,,,,
2125722,b53865c8300b7b7f12dd4f5ae552286776a06311409a294e56d3cc6a7ddf1fc61c424803cf774330ceb3af18d9c87fcbcbd174635a20f18ce637029641be88f3,08/10/2025 01:53:00 PM,2,DRIVER,,2026469,,FORD,EXPLORER,IL,2001,NONE,PASSENGER,PERSONAL,SE,PASSING/OVERTAKING,,,1,,,,,,,,,,,,,,,Y,,Y,FRONT-LEFT-CORNER,,,,,,,,,,,,,,,,,,,,,,,,,,,,,,,,,
2125717,1191081648257272f531dcaa4fdda4d9ae7da0d2c17c5bfb7da70d2d63e393930d487b5e8f34cc8cf7b5370753ba8488c77b7673fec32939bc432da1517e713e,08/10/2025 01:50:00 PM,1,DRIVER,,2026438,,VOLVO,XC90,IL,2017,UNKNOWN,PASSENGER,PERSONAL,N,TURNING LEFT,,,1,,,,,,,,,,,,,,,Y,Y,,FRONT-LEFT-CORNER,,,,,,,,,,,,,,,,,,,,,,,,,,,,,,,,,
2125718,1191081648257272f531dcaa4fdda4d9ae7da0d2c17c5bfb7da70d2d63e393930d487b5e8f34cc8cf7b5370753ba8488c77b7673fec32939bc432da1517e713e,08/10/2025 01:50:00 PM,2,DRIVER,,2026448,,SUBARU,OUTBACK,IL,2024,UNKNOWN,PASSENGER,PERSONAL,W,STRAIGHT AHEAD,Y,,1,,,,,,,,,,,Y,Y,Y,N,N,,,SIDE-LEFT,,,,,,,,,,,,,,,,,,,,,,,,,,,,,,,,,
2126101,126309c7f32b85544e0c4863b8d2b52d25d1d79c85d08255cf533dc3d68e64663bbb4dccea8fad29a2a16809fdc4962a5036e0caa0c2c4e01f1eb28bb0ea4c30,08/10/2025 01:40:00 PM,1,DRIVER,,2026813,,MERCEDES-BENZ,E300,,2018,NONE,PASSENGER,PERSONAL,UNKNOWN,UNKNOWN/NA,,,1,,,,,,,,,,,,,,,,,Y,UNKNOWN,,,,,,,,,,,,,,,,,,,,,,,,,,,,,,,,,
2126102,126309c7f32b85544e0c4863b8d2b52d25d1d79c85d08255cf533dc3d68e64663bbb4dccea8fad29a2a16809fdc4962a5036e0caa0c2c4e01f1eb28bb0ea4c30,08/10/2025 01:40:00 PM,2,PARKED,,2026816,,HONDA,ACCORD,,2010,NONE,PASSENGER,NOT IN USE,E,PARKED,,,0,,,,,,,,,,Y,Y,Y,,,,,,SIDE-RIGHT-REAR,,,,,,,,,,,,,,,,,,,,,,,,,,,,,,,,,
2125700,4b1cbd1bac6b06195efa60f3b3c5520c71dedf7fbfccec744e16bfe817e08fd492c03355e886a40de09adc36b0472836bb2de0398bba7b62da236c155842ec4a,08/10/2025 01:30:00 PM,1,DRIVER,1,2026424,,CHEVROLET,MALIBU,IL,2015,UNKNOWN,PASSENGER,PERSONAL,W,STRAIGHT AHEAD,,,2,,,,,Y,,,,,,,,,,Y,Y,,FRONT,,,,,,,,,,,,,,,,,,,,,,,,,,,,,,,,,
2125701,4b1cbd1bac6b06195efa60f3b3c5520c71dedf7fbfccec744e16bfe817e08fd492c03355e886a40de09adc36b0472836bb2de0398bba7b62da236c155842ec4a,08/10/2025 01:30:00 PM,2,DRIVER,,2026431,,HYUNDAI,SONATA,IL,2018,NONE,PASSENGER,PERSONAL,W,SLOW/STOP IN TRAFFIC,,,1,,,,,,,,,,Y,Y,,,,,,,REAR,,,,,,,,,,,,,,,,,,,,,,,,,,,,,,,,,
2125686,19270ffdc18d3fcd58c5494ab53df47dcb6514c0167176645199252e4570d3beda7aa2ff2daa707aca6cd7c1df152165293fb8a337423886ec11b394057c0e59,08/10/2025 01:20:00 PM,1,DRIVER,,2026415,,UNKNOWN,MOTORIZED,,2000,UNKNOWN,UNKNOWN/NA,UNKNOWN/NA,S,UNKNOWN/NA,,,1,,,,,Y,,,,,,,,,,,,,FRONT-RIGHT-CORNER,,,,,,,,,,,,,,,,,,,,,,,,,,,,,,,,,
2125687,19270ffdc18d3fcd58c5494ab53df47dcb6514c0167176645199252e4570d3beda7aa2ff2daa707aca6cd7c1df152165293fb8a337423886ec11b394057c0e59,08/10/2025 01:20:00 PM,2,DRIVER,3,2026419,,HONDA,ACCORD,IL,2018,UNKNOWN,PASSENGER,PERSONAL,S,UNKNOWN/NA,,,4,,,,,,,,,,,Y,,,,,,,REAR-LEFT-CORNER,,,,,,,,,,,,,,,,,,,,,,,,,,,,,,,,,
2125729,2524bcfe94e38c1c2bbd4f212443bdbc64aee5bf72277ce588f9858e853f7c3a6fafc8005a7088d7d92cd1187f6871691ad15765a02047952ac9b384db9a112c,08/10/2025 01:19:00 PM,1,DRIVER,1,2026451,,CHEVROLET,MALIBU,IL,2018,NONE,PASSENGER,PERSONAL,W,BACKING,,,2,,,,Y,,,,,,N,N,,,,,,,NONE,,,,,,,,,,,,,,,,,,,,,,,,,,,,,,,,,
2125730,2524bcfe94e38c1c2bbd4f212443bdbc64aee5bf72277ce588f9858e853f7c3a6fafc8005a7088d7d92cd1187f6871691ad15765a02047952ac9b384db9a112c,08/10/2025 01:19:00 PM,2,PARKED,,2026474,,JEEP,GRAND CHEROKEE,MI,2024,NONE,PASSENGER,NOT IN USE,UNKNOWN,PARKED,,,0,,,,Y,,,,,,,,,,,,,,NONE,,,,,,,,,,,,,,,,,,,,,,,,,,,,,,,,,
2125731,2524bcfe94e38c1c2bbd4f212443bdbc64aee5bf72277ce588f9858e853f7c3a6fafc8005a7088d7d92cd1187f6871691ad15765a02047952ac9b384db9a112c,08/10/2025 01:19:00 PM,3,PEDESTRIAN,,,,,,,,,,,,,,,,,,,,,,,,,,,,,,,,,,,,,,,,,,,,,,,,,,,,,,,,,,,,,,,,,,
2125663,414dabe45792b317d87e694e8b993127856aeb9e53bd9ee0348fab9494e4161a2ebce4f03c6ea869f784934c664c774cfae514afa5c6017d2d66431dc42d0213,08/10/2025 01:05:00 PM,1,DRIVER,,2026395,,LEXUS,RX350,IL,2019,NONE,SPORT UTILITY VEHICLE (SUV),PERSONAL,W,ENTERING TRAFFIC LANE FROM PARKING,,,1,,,,,Y,,,,,,,,,,,,,FRONT-RIGHT-CORNER,,,,,,,,,,,,,,,,,,,,,,,,,,,,,,,,,
2125664,414dabe45792b317d87e694e8b993127856aeb9e53bd9ee0348fab9494e4161a2ebce4f03c6ea869f784934c664c774cfae514afa5c6017d2d66431dc42d0213,08/10/2025 01:05:00 PM,2,DRIVER,,2026399,,AUDI,S5,IL,2018,NONE,PASSENGER,PERSONAL,S,STRAIGHT AHEAD,,,1,,,,,,,,,,,,Y,Y,,,,,SIDE-LEFT-REAR,,,,,,,,,,,,,,,,,,,,,,,,,,,,,,,,,
2125690,fd38ccfac769c0b0630d815adb01260375eec1eff743e2dfee22438591c7776a1e1cbd51b96c1fddd543e9f9a4a4fdcdacddd195613f389dadaefb7577e89dda,08/10/2025 01:00:00 PM,1,DRIVER,,2026420,,UNKNOWN,OTHER (EXPLAIN IN NARRATIVE),,,UNKNOWN,UNKNOWN/NA,UNKNOWN/NA,UNKNOWN,UNKNOWN/NA,,,1,,,,,,,,,,,,,,,,,Y,UNKNOWN,,,,,,,,,,,,,,,,,,,,,,,,,,,,,,,,,
2125691,fd38ccfac769c0b0630d815adb01260375eec1eff743e2dfee22438591c7776a1e1cbd51b96c1fddd543e9f9a4a4fdcdacddd195613f389dadaefb7577e89dda,08/10/2025 01:00:00 PM,2,PARKED,,2026417,,BMW,328I,IL,2016,UNKNOWN,PASSENGER,PERSONAL,N,PARKED,,,0,,,,,,,,,,,,,,Y,Y,,,SIDE-LEFT-FRONT,,,,,,,,,,,,,,,,,,,,,,,,,,,,,,,,,
2125661,d8b317113aee90b6d32b32aea511126818c9c59c67a77575e817cd5e66a9cb7f806366dae56d27eee5434e560b9eda5e2e0b4602183de710c861b4b59072e7aa,08/10/2025 12:42:00 PM,1,DRIVER,,2026393,,JEEP,COMPASS,IL,2018,UNKNOWN,PASSENGER,PERSONAL,S,SKIDDING/CONTROL LOSS,,,1,,,,,,,,,,,,,,,Y,Y,,FRONT-LEFT-CORNER,,,,,,,,,,,,,,,,,,,,,,,,,,,,,,,,,
2125662,d8b317113aee90b6d32b32aea511126818c9c59c67a77575e817cd5e66a9cb7f806366dae56d27eee5434e560b9eda5e2e0b4602183de710c861b4b59072e7aa,08/10/2025 12:42:00 PM,2,DRIVER,3,2026404,,FORD,BRONCO / BRONCO II,IL,2025,UNKNOWN,PASSENGER,PERSONAL,W,STRAIGHT AHEAD,Y,,4,,YOUR AUTOPAL,HERTZ RENTAL,,,,,Y,Y,,,,,,,,,SIDE-RIGHT-REAR,,,,,,,,,,,,,,,,,,,,,,,,,,,,,,,,,
2125665,720530396d112dc2f3c4ff250a688256ea9e7605212f12d864c90a215bf558137aba86ead511723315e895195d12c3cbfefc918cb7b37e40c145688cfe409abd,08/10/2025 12:41:00 PM,1,DRIVER,,2026392,,CHEVROLET,TRAX,IL,2019,UNKNOWN,PASSENGER,PERSONAL,E,TURNING LEFT,Y,,1,,,,,Y,Y,,,,,Y,Y,,Y,Y,Y,,FRONT,,,,,,,,,,,,,,,,,,,,,,,,,,,,,,,,,