CRASH_UNIT_ID,CRASH_RECORD_ID,CRASH_DATE,UNIT_NO,UNIT_TYPE,NUM_PASSENGERS,VEHICLE_ID,CMRC_VEH_I,MAKE,MODEL,LIC_PLATE_STATE,VEHICLE_YEAR,VEHICLE_DEFECT,VEHICLE_TYPE,VEHICLE_USE,TRAVEL_DIRECTION,MANEUVER,TOWED_I,FIRE_I,OCCUPANT_CNT,EXCEED_SPEED_LIMIT_I,TOWED_BY,TOWED_TO,AREA_00_I,AREA_01_I,AREA_02_I,AREA_03_I,AREA_04_I,AREA_05_I,AREA_06_I,AREA_07_I,AREA_08_I,AREA_09_I,AREA_10_I,AREA_11_I,AREA_12_I,AREA_99_I,FIRST_CONTACT_POINT,CMV_ID,USDOT_NO,CCMC_NO,ILCC_NO,COMMERCIAL_SRC,GVWR,CARRIER_NAME,CARRIER_STATE,CARRIER_CITY,HAZMAT_PLACARDS_I,HAZMAT_NAME,UN_NO,HAZMAT_PRESENT_I,HAZMAT_REPORT_I,HAZMAT_REPORT_NO,MCS_REPORT_I,MCS_REPORT_NO,HAZMAT_VIO_CAUSE_CRASH_I,MCS_VIO_CAUSE_CRASH_I,IDOT_PERMIT_NO,WIDE_LOAD_I,TRAILER1_WIDTH,TRAILER2_WIDTH,TRAILER1_LENGTH,TRAILER2_LENGTH,TOTAL_VEHICLE_LENGTH,AXLE_CNT,VEHICLE_CONFIG,CARGO_BODY_TYPE,LOAD_TYPE,HAZMAT_OUT_OF_SERVICE_I,MCS_OUT_OF_SERVICE_I,HAZMAT_CLASS
2125666,720530396d112dc2f3c4ff250a688256ea9e7605212f12d864c90a215bf558137aba86ead511723315e895195d12c3cbfefc918cb7b37e40c145688cfe409abd,08/10/2025 12:41:00 PM,2,PEDESTRIAN,,,,,,,,,,,,,,,,,,,,,,,,,,,,,,,,,,,,,,,,,,,,,,,,,,,,,,,,,,,,,,,,,,
2125667,720530396d112dc2f3c4ff250a688256ea9e7605212f12d864c90a215bf558137aba86ead511723315e895195d12c3cbfefc918cb7b37e40c145688cfe409abd,08/10/2025 12:41:00 PM,3,PARKED,,2026400,,FORD,FIESTA,IL,2019,UNKNOWN,PASSENGER,NOT IN USE,E,PARKED,,,0,,,,,,,,Y,Y,Y,,,,,,,,REAR-RIGHT-CORNER,,,,,,,,,,,,,,,,,,,,,,,,,,,,,,,,,
2125651,768c16df19505f7bdb7a1bee1b4141c5e885fc19c4a60cee3a6eaa6d5ea26e96de8b5be2fa7b28329d855f8f03512171e4fd22479b2d82226e0ce2ba18d97556,08/10/2025 12:38:00 PM,2,DRIVER,,2026384,,HONDA,CR-V,IL,2009,NONE,SPORT UTILITY VEHICLE (SUV),PERSONAL,S,STRAIGHT AHEAD,,,1,,,,,,,,,,,,,Y,Y,,,,SIDE-LEFT,,,,,,,,,,,,,,,,,,,,,,,,,,,,,,,,,
2125652,768c16df19505f7bdb7a1bee1b4141c5e885fc19c4a60cee3a6eaa6d5ea26e96de8b5be2fa7b28329d855f8f03512171e4fd22479b2d82226e0ce2ba18d97556,08/10/2025 12:38:00 PM,1,DRIVER,1,2026394,,JEEP,GRAND CHEROKEE,IN,2017,NONE,SPORT UTILITY VEHICLE (SUV),PERSONAL,S,CHANGING LANES,,,2,,,,,Y,,,,,,,,,,,,,FRONT-RIGHT-CORNER,,,,,,,,,,,,,,,,,,,,,,,,,,,,,,,,,
2125676,02cf11b9427f33bb30e5459f5f5ad77080addcaf148ad099e5d25ea6a2ac0a1a8e013f34af5ea56851caafaf233bb863d1f4af92dac699c3a89c2d58b0352027,08/10/2025 12:35:00 PM,1,DRIVER,,2026409,,HONDA,CR-V,IL,2015,UNKNOWN,PASSENGER,PERSONAL,E,TURNING LEFT,,,1,,,,,Y,,,,,,,,,,Y,Y,,FRONT,,,,,,,,,,,,,,,,,,,,,,,,,,,,,,,,,
2125677,02cf11b9427f33bb30e5459f5f5ad77080addcaf148ad099e5d25ea6a2ac0a1a8e013f34af5ea56851caafaf233bb863d1f4af92dac699c3a89c2d58b0352027,08/10/2025 12:35:00 PM,2,DRIVER,,2026414,,CHEVROLET,COLORADO,TX,2024,NONE,PICKUP,PERSONAL,N,STRAIGHT AHEAD,Y,,1,,BY OWNER,,,,,,,,,,Y,Y,Y,Y,Y,,SIDE-LEFT,,,,,,,,,,,,,,,,,,,,,,,,,,,,,,,,,
2125678,02cf11b9427f33bb30e5459f5f5ad77080addcaf148ad099e5d25ea6a2ac0a1a8e013f34af5ea56851caafaf233bb863d1f4af92dac699c3a89c2d58b0352027,08/10/2025 12:35:00 PM,3,DRIVER,,2026416,,CHEVROLET,SILVERADO,IL,2011,UNKNOWN,PICKUP,PERSONAL,S,STRAIGHT AHEAD,,,1,,,,,N,N,N,,,,,Y,Y,Y,Y,Y,,SIDE-LEFT,,,,,,,,,,,,,,,,,,,,,,,,,,,,,,,,,
2125688,7d04438ad5c7e073c40aa4d1f0053ab0d4c4a6e8b7ca28bd473858f1ec70d880f736be11ea3f83761cab1a6ebf25e1e37b2734761a02f919e9876881ddf39d07,08/10/2025 12:35:00 PM,1,DRIVER,,2026418,,CHEVROLET,TRAIL BLAZER,IL,2021,UNKNOWN,UNKNOWN/NA,UNKNOWN/NA,UNKNOWN,UNKNOWN/NA,,,1,,,,,Y,,,,,,,,,,,,,SIDE-RIGHT-FRONT,,,,,,,,,,,,,,,,,,,,,,,,,,,,,,,,,
2125689,7d04438ad5c7e073c40aa4d1f0053ab0d4c4a6e8b7ca28bd473858f1ec70d880f736be11ea3f83761cab1a6ebf25e1e37b2734761a02f919e9876881ddf39d07,08/10/2025 12:35:00 PM,2,DRIVER,,2026432,,NISSAN,SENTRA,IL,2022,UNKNOWN,UNKNOWN/NA,UNKNOWN/NA,UNKNOWN,UNKNOWN/NA,,,1,,,,,,,,,,,Y,Y,Y,,,,,SIDE-LEFT-REAR,,,,,,,,,,,,,,,,,,,,,,,,,,,,,,,,,
2125646,a5230cf0eb2d7a44f0da068428938001c94053ec9c35cffcef2dbbc54dbb81d72f78718e5329d50969a9176521c072bd98d811f503a2902bd5103ae10f201e3d,08/10/2025 12:35:00 PM,1,DRIVER,1,2026380,,HONDA,CR-V,CO,2021,NONE,PASSENGER,PERSONAL,S,TURNING RIGHT,,,2,,,,,,,Y,,,,,,,,,,,SIDE-RIGHT,,,,,,,,,,,,,,,,,,,,,,,,,,,,,,,,,
2125647,a5230cf0eb2d7a44f0da068428938001c94053ec9c35cffcef2dbbc54dbb81d72f78718e5329d50969a9176521c072bd98d811f503a2902bd5103ae10f201e3d,08/10/2025 12:35:00 PM,2,BICYCLE,,,,,,,,,,,,,,,,,,,,,,,,,,,,,,,,,,,,,,,,,,,,,,,,,,,,,,,,,,,,,,,,,,
2125756,e6d42b6d4e63ac63662ba5c3f55e60538d1da63f8831066018a2b12cd23a4f6b1368a273406748d2170c5bbb2a4d732b3cdefefb778e10e41701c0192a8ca2d9,08/10/2025 12:33:00 PM,1,DRIVER,,2026482,,DODGE,CARAVAN,IL,2006,UNKNOWN,VAN/MINI-VAN,UNKNOWN/NA,S,ENTERING TRAFFIC LANE FROM PARKING,,,1,,,,,,,,,,,,,Y,Y,Y,,,FRONT-LEFT-CORNER,,,,,,,,,,,,,,,,,,,,,,,,,,,,,,,,,
2125757,e6d42b6d4e63ac63662ba5c3f55e60538d1da63f8831066018a2b12cd23a4f6b1368a273406748d2170c5bbb2a4d732b3cdefefb778e10e41701c0192a8ca2d9,08/10/2025 12:33:00 PM,2,DRIVER,,2026504,,TOYOTA,HIGHLANDER,IL,2021,NONE,SPORT UTILITY VEHICLE (SUV),PERSONAL,S,STRAIGHT AHEAD,,,1,,,,,,,Y,Y,Y,,,,,,,,,SIDE-RIGHT-REAR,,,,,,,,,,,,,,,,,,,,,,,,,,,,,,,,,
2125657,40995946cdfd2775c893e3c8d0b41ba58f820023d057bb1aadc2c62f41f59393cac0741f2f8395fe1ff8441bd39fd66c32c1a708bef0ac65be6ded1490acf8a7,08/10/2025 12:30:00 PM,1,DRIVER,,2026388,,CHRYSLER,200,IL,2014,NONE,PASSENGER,PERSONAL,N,STRAIGHT AHEAD,,,1,,,,,,,,,,,,,,,Y,,,FRONT-LEFT-CORNER,,,,,,,,,,,,,,,,,,,,,,,,,,,,,,,,,
2125658,40995946cdfd2775c893e3c8d0b41ba58f820023d057bb1aadc2c62f41f59393cac0741f2f8395fe1ff8441bd39fd66c32c1a708bef0ac65be6ded1490acf8a7,08/10/2025 12:30:00 PM,2,DRIVER,,2026391,,TOYOTA,HIGHLANDER,IL,2020,NONE,SPORT UTILITY VEHICLE (SUV),PERSONAL,N,LEAVING TRAFFIC LANE TO PARK,,,1,,,,,,Y,,,,,,,,,,,,SIDE-RIGHT-FRONT,,,,,,,,,,,,,,,,,,,,,,,,,,,,,,,,,
2125648,342468e2ce5b4ae11f5879945ec70bb2f81b23eea6abca00ea76c9bc80146e5ad49cc9221de39ed35e43fa5d7335331b6ace796b7a1d873fb53372b6b200de5f,08/10/2025 12:22:00 PM,1,DRIVER,,2026382,,HYUNDAI,SONATA,IL,2018,NONE,PASSENGER,PERSONAL,S,UNKNOWN/NA,Y,,1,,private tow,,,,,,,,,,,,,,,,UNKNOWN,,,,,,,,,,,,,,,,,,,,,,,,,,,,,,,,,
2127043,de34c22d51f32f09f535859102a9e2c6c65bda01b167e10fbcbd399de8125198f041eeeeb94b2d8523de4f32109b2126a4c6d1a0cd1cf4919845fd3c71e3cbd5,08/10/2025 12:22:00 PM,1,DRIVER,1,2027693,,VOLKSWAGEN,VANAGON,IL,2023,UNKNOWN,PASSENGER,PERSONAL,N,STRAIGHT AHEAD,N,,2,,,,,,,,,,,,,,,,,,UNKNOWN,,,,,,,,,,,,,,,,,,,,,,,,,,,,,,,,,
2127044,de34c22d51f32f09f535859102a9e2c6c65bda01b167e10fbcbd399de8125198f041eeeeb94b2d8523de4f32109b2126a4c6d1a0cd1cf4919845fd3c71e3cbd5,08/10/2025 12:22:00 PM,2,PEDESTRIAN,,,,,,,,,,,,,,,,,,,,,,,,,,,,,,,,,,,,,,,,,,,,,,,,,,,,,,,,,,,,,,,,,,
2127011,29f9a0726e73692e44ca4e7eba8f515b48fe2041df8bd9a839ef2b7ef8d90f984dcad6968fe1d80d5bf605443b53410f75b69f7e4db720e4a28ffffbe5a9ba10,08/10/2025 12:11:00 PM,1,DRIVER,,2027663,,VOLVO,OTHER (EXPLAIN IN NARRATIVE),IL,2004,UNKNOWN,UNKNOWN/NA,UNKNOWN/NA,E,STRAIGHT AHEAD,,,1,,,,,,,,,,,,,,,,,Y,FRONT,,,,,,,,,,,,,,,,,,,,,,,,,,,,,,,,,
2127012,29f9a0726e73692e44ca4e7eba8f515b48fe2041df8bd9a839ef2b7ef8d90f984dcad6968fe1d80d5bf605443b53410f75b69f7e4db720e4a28ffffbe5a9ba10,08/10/2025 12:11:00 PM,2,DRIVER,,2027670,,CHEVROLET,EQUINOX,IL,2018,UNKNOWN,SPORT UTILITY VEHICLE (SUV),UNKNOWN/NA,E,TURNING RIGHT,,,1,,,,,,,,,Y,Y,Y,,,,,,,REAR,,,,,,,,,,,,,,,,,,,,,,,,,,,,,,,,,
2125653,728fffaf971e1cba1f1196bf61040e103c5e5fa1655eecd2b2994e314592c1e4ca4a8359f10e75205eee8e6cbe096d47f1eff827a402e91f196af2a3b406d19d,08/10/2025 12:10:00 PM,1,DRIVER,,2026398,,SUBARU,CROSSTREK,IL,2024,UNKNOWN,SPORT UTILITY VEHICLE (SUV),PERSONAL,E,ENTERING TRAFFIC LANE FROM PARKING,,,1,,,,,,,,,,,,,,Y,Y,,,FRONT-LEFT-CORNER,,,,,,,,,,,,,,,,,,,,,,,,,,,,,,,,,
2125654,728fffaf971e1cba1f1196bf61040e103c5e5fa1655eecd2b2994e314592c1e4ca4a8359f10e75205eee8e6cbe096d47f1eff827a402e91f196af2a3b406d19d,08/10/2025 12:10:00 PM,2,DRIVER,1,2026405,,TOYOTA,RAV4,IL,2016,UNKNOWN,PASSENGER,PERSONAL,E,STRAIGHT AHEAD,,,2,,,,,Y,Y,Y,Y,,,,,,,,,,FRONT-RIGHT-CORNER,,,,,,,,,,,,,,,,,,,,,,,,,,,,,,,,,
2127665,3fe9ce8ee8c49ab3346a454f128f7116b54586da603b31e3572a1d715e676b3d76af779e0802af4edcc752333ee8b173a9c0c863da4270052db907a626c98645,08/10/2025 12:07:00 PM,1,DRIVER,,2028298,,JEEP,COMPASS,IL,2019,UNKNOWN,SPORT UTILITY VEHICLE (SUV),PERSONAL,N,STRAIGHT AHEAD,,,1,,,,,,,,,,,,,,,,Y,,FRONT,,,,,,,,,,,,,,,,,,,,,,,,,,,,,,,,,
2127666,3fe9ce8ee8c49ab3346a454f128f7116b54586da603b31e3572a1d715e676b3d76af779e0802af4edcc752333ee8b173a9c0c863da4270052db907a626c98645,08/10/2025 12:07:00 PM,2,DRIVER,,2028301,,HYUNDAI,SONATA,IL,2022,UNKNOWN,PASSENGER,PERSONAL,N,UNKNOWN/NA,,,1,,,,,,,,,,Y,,,,,,,,REAR,,,,,,,,,,,,,,,,,,,,,,,,,,,,,,,,,
2125836,f222aa0a74782b633e2cc8a5c80d6a678c6b5a91a0970ced7abd4cc68101dea5996a0b0c9b62b7c60cdda45e92b7e1da2edf20ae648a05dd4107d34929919ccf,08/10/2025 12:05:00 PM,1,DRIVER,,2026550,,UNKNOWN,OTHER (EXPLAIN IN NARRATIVE),,,UNKNOWN,PASSENGER,PERSONAL,N,STRAIGHT AHEAD,,,1,,,,,,,,,,,,,,,,,Y,UNKNOWN,,,,,,,,,,,,,,,,,,,,,,,,,,,,,,,,,
2125837,f222aa0a74782b633e2cc8a5c80d6a678c6b5a91a0970ced7abd4cc68101dea5996a0b0c9b62b7c60cdda45e92b7e1da2edf20ae648a05dd4107d34929919ccf,08/10/2025 12:05:00 PM,2,DRIVER,,2026556,,MAZDA,CX-5,IL,2023,NONE,PASSENGER,PERSONAL,E,STRAIGHT AHEAD,,,1,,,,,Y,,,,,,,,,,,,,FRONT-RIGHT-CORNER,,,,,,,,,,,,,,,,,,,,,,,,,,,,,,,,,
2125644,1e9de58b025fa215a747e8df6ff3ac969517c7c07543b309ef1a55ec8f2915e3dc80987d9c8adca7e4613c08eac7bf5be7aa0c4c9c0d6315e326d0511f16d216,08/10/2025 12:00:00 PM,1,DRIVER,,2026381,,HYUNDAI,OTHER (EXPLAIN IN NARRATIVE),IL,2024,NONE,PASSENGER,PERSONAL,UNKNOWN,STRAIGHT AHEAD,,,1,,,,,Y,,,,,,,,,,Y,Y,,FRONT,,,,,,,,,,,,,,,,,,,,,,,,,,,,,,,,,
2125645,1e9de58b025fa215a747e8df6ff3ac969517c7c07543b309ef1a55ec8f2915e3dc80987d9c8adca7e4613c08eac7bf5be7aa0c4c9c0d6315e326d0511f16d216,08/10/2025 12:00:00 PM,2,DRIVER,1,2026379,,ALFA ROMEO,GIULIA (SERIES),IL,2023,NONE,PASSENGER,PERSONAL,UNKNOWN,STRAIGHT AHEAD,,,2,,,,,,,Y,Y,Y,Y,Y,,,,,,,REAR,,,,,,,,,,,,,,,,,,,,,,,,,,,,,,,,,
2125633,7687f08f9628f727e5b26002afbbedb6c25a9a9d0251c745dc63f86cb1854bc27aa24737d1a768a82cf39849a83dc7ee35e60ab4fe048ade3a7ed3dee2ee9747,08/10/2025 12:00:00 PM,1,DRIVER,,2026359,,CHEVROLET,SILVERADO,IL,2014,NONE,PICKUP,PERSONAL,E,TURNING LEFT,,,1,,,,,,,,,,,,,,,,Y,,FRONT,,,,,,,,,,,,,,,,,,,,,,,,,,,,,,,,,
2125634,7687f08f9628f727e5b26002afbbedb6c25a9a9d0251c745dc63f86cb1854bc27aa24737d1a768a82cf39849a83dc7ee35e60ab4fe048ade3a7ed3dee2ee9747,08/10/2025 12:00:00 PM,2,DRIVER,,2026365,,TOYOTA,YARIS,IL,2019,NONE,PASSENGER,PERSONAL,E,STRAIGHT AHEAD,,,1,,,,,,,,,,,Y,Y,Y,,,,,SIDE-LEFT-REAR,,,,,,,,,,,,,,,,,,,,,,,,,,,,,,,,,
2126861,cdc8ce1dac667515409c64cc918aef30e76e28600592cc41870c145d21048a9cac4b02eb71d8ace9f6eeb82271adbf5ffa25e2a6168cde569c660472fb4481f7,08/10/2025 12:00:00 PM,1,DRIVER,,2027532,,UNKNOWN,OTHER (EXPLAIN IN NARRATIVE),IL,,OTHER,UNKNOWN/NA,UNKNOWN/NA,N,UNKNOWN/NA,,,1,,,,,,,,,,,,,,,,,,UNKNOWN,,,,,,,,,,,,,,,,,,,,,,,,,,,,,,,,,
2126862,cdc8ce1dac667515409c64cc918aef30e76e28600592cc41870c145d21048a9cac4b02eb71d8ace9f6eeb82271adbf5ffa25e2a6168cde569c660472fb4481f7,08/10/2025 12:00:00 PM,2,DRIVERLESS,,2027537,,CHEVROLET,C1500,IL,2014,NONE,PICKUP,NOT IN USE,N,PARKED,,,0,,,,,,,,,Y,Y,,,,,,,,SIDE-RIGHT,,,,,,,,,,,,,,,,,,,,,,,,,,,,,,,,,
2125708,e5a8ee4704cf176114930761100ce26b6fe89261ebd3a3cbe137403ee6dd1ef6a874e8a033f787a91375655d929468b6fd51a715e10b663953221fb89907ed34,08/10/2025 11:57:00 AM,1,DRIVER,,2026435,,HONDA,ACCORD,IL,2018,NONE,PASSENGER,PERSONAL,N,STRAIGHT AHEAD,,,1,,,,,Y,Y,,,,,,,,,,Y,,FRONT-RIGHT-CORNER,,,,,,,,,,,,,,,,,,,,,,,,,,,,,,,,,
2125709,e5a8ee4704cf176114930761100ce26b6fe89261ebd3a3cbe137403ee6dd1ef6a874e8a033f787a91375655d929468b6fd51a715e10b663953221fb89907ed34,08/10/2025 11:57:00 AM,2,BICYCLE,,,,,,,,,,,,,,,,,,,,,,,,,,,,,,,,,,,,,,,,,,,,,,,,,,,,,,,,,,,,,,,,,,
2125596,8a89d2014ede69a426244c46b539507cf470018549d0b4568c27b95f9e53483df6d3a947d2dcda57e30fe60929835823760d3be7865a1705d2463320442ac1ce,08/10/2025 11:50:00 AM,1,DRIVER,,2026332,,FORD,OTHER (EXPLAIN IN NARRATIVE),IL,2017,UNKNOWN,SPORT UTILITY VEHICLE (SUV),POLICE,W,SLOW/STOP IN TRAFFIC,,,1,,,,Y,,,,,,,,,,,,,,SIDE-LEFT,,,,,,,,,,,,,,,,,,,,,,,,,,,,,,,,,
2125597,8a89d2014ede69a426244c46b539507cf470018549d0b4568c27b95f9e53483df6d3a947d2dcda57e30fe60929835823760d3be7865a1705d2463320442ac1ce,08/10/2025 11:50:00 AM,2,DRIVER,1,2026338,,SUZUKI,OTHER (EXPLAIN IN NARRATIVE),IL,2004,UNKNOWN,SPORT UTILITY VEHICLE (SUV),UNKNOWN/NA,W,PASSING/OVERTAKING,,,2,,,,,,Y,,,,,,,,,,,Y,SIDE-RIGHT,,,,,,,,,,,,,,,,,,,,,,,,,,,,,,,,,
2127652,f503bfc0131b204a409a3fcbbca4263256bd807a84284925500d2fe8c079069378d1437dffa660bb6f055bb77c1bc4c0c1072a3526fd82f64c1dcf699594a676,08/10/2025 11:50:00 AM,1,DRIVER,,2028284,,GENESIS,GV80,IL,2023,NONE,PASSENGER,PERSONAL,S,BACKING,,,1,,,,,,,,,Y,Y,Y,,,,,,,REAR,,,,,,,,,,,,,,,,,,,,,,,,,,,,,,,,,
2127653,f503bfc0131b204a409a3fcbbca4263256bd807a84284925500d2fe8c079069378d1437dffa660bb6f055bb77c1bc4c0c1072a3526fd82f64c1dcf699594a676,08/10/2025 11:50:00 AM,2,PARKED,,2028286,,LEXUS,RX350,IL,2016,NONE,PASSENGER,PERSONAL,N,PARKED,,,0,,,,,,,,,,,,,,Y,Y,,,SIDE-LEFT-FRONT,,,,,,,,,,,,,,,,,,,,,,,,,,,,,,,,,
2125608,6ee357864436883bdcf56bdf99a19a88f331f6ed803c4d36db9be3d31db721c87f5b4b54dffd798941dd39ab2d041b2ac7c0f16938205e7111bdf09fbde9f6ee,08/10/2025 11:45:00 AM,1,DRIVER,,2026336,,BMW,330I,IL,2008,UNKNOWN,PASSENGER,PERSONAL,W,SLOW/STOP IN TRAFFIC,,,1,,,,,,,,,,,,,,,,Y,,FRONT,,,,,,,,,,,,,,,,,,,,,,,,,,,,,,,,,
2125609,6ee357864436883bdcf56bdf99a19a88f331f6ed803c4d36db9be3d31db721c87f5b4b54dffd798941dd39ab2d041b2ac7c0f16938205e7111bdf09fbde9f6ee,08/10/2025 11:45:00 AM,2,DRIVER,1,2026340,,NISSAN,OTHER (EXPLAIN IN NARRATIVE),IL,2012,UNKNOWN,PASSENGER,PERSONAL,W,SLOW/STOP IN TRAFFIC,,,2,,,,,,,,,,Y,,,,,,Y,,REAR,,,,,,,,,,,,,,,,,,,,,,,,,,,,,,,,,
2125610,6ee357864436883bdcf56bdf99a19a88f331f6ed803c4d36db9be3d31db721c87f5b4b54dffd798941dd39ab2d041b2ac7c0f16938205e7111bdf09fbde9f6ee,08/10/2025 11:45:00 AM,3,DRIVER,,2026349,,TOYOTA,CAMRY,IN,2003,UNKNOWN,PASSENGER,PERSONAL,W,SLOW/STOP IN TRAFFIC,,,1,,,,,,,,,,Y,,,,,,,,REAR,,,,,,,,,,,,,,,,,,,,,,,,,,,,,,,,,
2125598,c7ccf803d4e31d548e1ce530d1de32f7463e2beb67065614587c13ce32360a0b1f383b465c03dacc4cc4db12491fc6739524ae2bb6958f65c9764bd5103012f7,08/10/2025 11:45:00 AM,1,DRIVER,,2026342,,TOYOTA,PRIUS,IL,2015,UNKNOWN,PASSENGER,UNKNOWN/NA,S,STRAIGHT AHEAD,,,1,,,,,,,,,,,,,,,,Y,,FRONT,,,,,,,,,,,,,,,,,,,,,,,,,,,,,,,,,
2125599,c7ccf803d4e31d548e1ce530d1de32f7463e2beb67065614587c13ce32360a0b1f383b465c03dacc4cc4db12491fc6739524ae2bb6958f65c9764bd5103012f7,08/10/2025 11:45:00 AM,2,DRIVER,,2026374,,SUBARU,FORESTER,,2015,NONE,PASSENGER,PERSONAL,S,STRAIGHT AHEAD,,,1,,,,,,,,,,Y,,,,,,,,REAR,,,,,,,,,,,,,,,,,,,,,,,,,,,,,,,,,
2126459,fa5a68bc63012f5a8b6a24cdd04b00d978f46bcbc122dc07688c6304bbc99a84233ffa4a67d83068a8b8dad465ddfe50f560c67b8b349dad1cabe8031201dfe7,08/10/2025 11:40:00 AM,1,DRIVER,,2027152,,BMW,TI,IL,2024,NONE,SPORT UTILITY VEHICLE (SUV),PERSONAL,N,BACKING,,,1,,,,,,,,,Y,,,,,,,,,SIDE-RIGHT-REAR,,,,,,,,,,,,,,,,,,,,,,,,,,,,,,,,,
2126460,fa5a68bc63012f5a8b6a24cdd04b00d978f46bcbc122dc07688c6304bbc99a84233ffa4a67d83068a8b8dad465ddfe50f560c67b8b349dad1cabe8031201dfe7,08/10/2025 11:40:00 AM,2,PARKED,,2027154,,FORD,EDGE,IL,2018,NONE,PASSENGER,NOT IN USE,N,PARKED,,,0,,,,,,,,,Y,,,,,,,,,REAR-RIGHT-CORNER,,,,,,,,,,,,,,,,,,,,,,,,,,,,,,,,,
2126431,968114737857baefb5d349b07627e85fe5877235512fd4ff5031ff7a7dd36fd84d1dfc7118c78fa978bb96e4e9df021888b59670cb7699f62e16d640a949641f,08/10/2025 11:34:00 AM,1,DRIVER,,2027130,,NISSAN,OTHER (EXPLAIN IN NARRATIVE),IL,2025,NONE,SPORT UTILITY VEHICLE (SUV),UNKNOWN/NA,UNKNOWN,UNKNOWN/NA,,,1,,,,,,Y,Y,,,,,,,,,,,SIDE-RIGHT,,,,,,,,,,,,,,,,,,,,,,,,,,,,,,,,,
2126432,968114737857baefb5d349b07627e85fe5877235512fd4ff5031ff7a7dd36fd84d1dfc7118c78fa978bb96e4e9df021888b59670cb7699f62e16d640a949641f,08/10/2025 11:34:00 AM,2,PARKED,,2027137,,CHEVROLET,EQUINOX,IN,2014,UNKNOWN,SPORT UTILITY VEHICLE (SUV),UNKNOWN/NA,UNKNOWN,PARKED,,,0,,,,,Y,Y,,,,,,,,,,,,SIDE-RIGHT-FRONT,,,,,,,,,,,,,,,,,,,,,,,,,,,,,,,,,
2125604,65823b6cac41d0e6faae9dcb0928bca5830950c9483b022869d4ab4ed0e6b4f2d3a746a700f1c5ba235c401c5125ec3fa85ced69d3e7cac8ef69e9bf0e665ec0,08/10/2025 11:33:00 AM,1,DRIVER,,2026335,,TOYOTA,COROLLA,IL,2017,UNKNOWN,PASSENGER,UNKNOWN/NA,W,CHANGING LANES,,,1,,,,,,,,,,,,,,,,,Y,SIDE-RIGHT,,,,,,,,,,,,,,,,,,,,,,,,,,,,,,,,,
2125605,65823b6cac41d0e6faae9dcb0928bca5830950c9483b022869d4ab4ed0e6b4f2d3a746a700f1c5ba235c401c5125ec3fa85ced69d3e7cac8ef69e9bf0e665ec0,08/10/2025 11:33:00 AM,2,DRIVER,,2026345,,OLDSMOBILE,REGENCY (NINETY-EIGHT SERIES),IL,1987,UNKNOWN,PASSENGER,PERSONAL,W,STRAIGHT AHEAD,,,1,,,,,Y,Y,,,,,,,,Y,Y,,,SIDE-LEFT,,,,,,,,,,,,,,,,,,,,,,,,,,,,,,,,,
2126183,473d58538e1b4e1c4de2d8d67d2a07690951dbd312b2d862516583e5f3315a096f3e001fcb26eaed3aea505b039ed129c765c10e9af9996f08d84a473c7184d8,08/10/2025 11:30:00 AM,1,DRIVER,,2026894,,UNKNOWN,MOTORIZED,XX,,UNKNOWN,UNKNOWN/NA,UNKNOWN/NA,UNKNOWN,UNKNOWN/NA,,,1,,,,,,,,,,,,,,,N,,Y,UNKNOWN,,,,,,,,,,,,,,,,,,,,,,,,,,,,,,,,,
2126184,473d58538e1b4e1c4de2d8d67d2a07690951dbd312b2d862516583e5f3315a096f3e001fcb26eaed3aea505b039ed129c765c10e9af9996f08d84a473c7184d8,08/10/2025 11:30:00 AM,2,PARKED,,2026895,,NISSAN,SENTRA,IL,2013,NONE,PASSENGER,PERSONAL,N,PARKED,,,0,,,,,,,,,Y,,,,,,,,,REAR-LEFT-CORNER,,,,,,,,,,,,,,,,,,,,,,,,,,,,,,,,,
2128185,4d1fae1d01c27c64c9135b4c2acc4cf33beb960394bf816be9a4e8fc56629736e6048e40bb199a364205df3e9a4c247c41a1a45184db79ed6f4bd48d1fb847be,08/10/2025 11:30:00 AM,1,DRIVER,,2028784,,FORD,OTHER (EXPLAIN IN NARRATIVE),,2017,NONE,TRUCK - SINGLE UNIT,OTHER,S,OTHER,,,1,,,,Y,,,,,,,,,,,,,,SIDE-LEFT-FRONT,,,,,,,,,,,,,,,,,,,,,,,,,,,,,,,,,
2128186,4d1fae1d01c27c64c9135b4c2acc4cf33beb960394bf816be9a4e8fc56629736e6048e40bb199a364205df3e9a4c247c41a1a45184db79ed6f4bd48d1fb847be,08/10/2025 11:30:00 AM,2,PARKED,,2028791,,PORSCHE,OTHER (EXPLAIN IN NARRATIVE),IL,2008,NONE,PASSENGER,NOT IN USE,S,PARKED,,,0,,,,,,,,Y,Y,,,,,,,,,SIDE-RIGHT-REAR,,,,,,,,,,,,,,,,,,,,,,,,,,,,,,,,,
2126969,4fb84bfdd99e110737e5456f94e81be7c3779b1652f1a1fca33e3d6360ac1bbbf932b4b41a9e2e9284457a5803b36009f2b9c850cd3a5b1406405e44ed2e5262,08/10/2025 11:30:00 AM,1,DRIVER,,2027630,,UNKNOWN,OTHER (EXPLAIN IN NARRATIVE),,,NONE,PASSENGER,UNKNOWN/NA,UNKNOWN,UNKNOWN/NA,,,1,,,,,,,,,,,,,,,,,Y,UNKNOWN,,,,,,,,,,,,,,,,,,,,,,,,,,,,,,,,,