CRASH_UNIT_ID,CRASH_RECORD_ID,CRASH_DATE,UNIT_NO,UNIT_TYPE,NUM_PASSENGERS,VEHICLE_ID,CMRC_VEH_I,MAKE,MODEL,LIC_PLATE_STATE,VEHICLE_YEAR,VEHICLE_DEFECT,VEHICLE_TYPE,VEHICLE_USE,TRAVEL_DIRECTION,MANEUVER,TOWED_I,FIRE_I,OCCUPANT_CNT,EXCEED_SPEED_LIMIT_I,TOWED_BY,TOWED_TO,AREA_00_I,AREA_01_I,AREA_02_I,AREA_03_I,AREA_04_I,AREA_05_I,AREA_06_I,AREA_07_I,AREA_08_I,AREA_09_I,AREA_10_I,AREA_11_I,AREA_12_I,AREA_99_I,FIRST_CONTACT_POINT,CMV_ID,USDOT_NO,CCMC_NO,ILCC_NO,COMMERCIAL_SRC,GVWR,CARRIER_NAME,CARRIER_STATE,CARRIER_CITY,HAZMAT_PLACARDS_I,HAZMAT_NAME,UN_NO,HAZMAT_PRESENT_I,HAZMAT_REPORT_I,HAZMAT_REPORT_NO,MCS_REPORT_I,MCS_REPORT_NO,HAZMAT_VIO_CAUSE_CRASH_I,MCS_VIO_CAUSE_CRASH_I,IDOT_PERMIT_NO,WIDE_LOAD_I,TRAILER1_WIDTH,TRAILER2_WIDTH,TRAILER1_LENGTH,TRAILER2_LENGTH,TOTAL_VEHICLE_LENGTH,AXLE_CNT,VEHICLE_CONFIG,CARGO_BODY_TYPE,LOAD_TYPE,HAZMAT_OUT_OF_SERVICE_I,MCS_OUT_OF_SERVICE_I,HAZMAT_CLASS
2126970,4fb84bfdd99e110737e5456f94e81be7c3779b1652f1a1fca33e3d6360ac1bbbf932b4b41a9e2e9284457a5803b36009f2b9c850cd3a5b1406405e44ed2e5262,08/10/2025 11:30:00 AM,2,PARKED,,2027637,,ACURA,RLX,IL,2020,NONE,SPORT UTILITY VEHICLE (SUV),PERSONAL,S,PARKED,,,0,,,,,,,,,,Y,Y,,,,,,,REAR-LEFT-CORNER,,,,,,,,,,,,,,,,,,,,,,,,,,,,,,,,,
2125672,dc95580c244a5e22aa0b4203a81034e21bcfbf2911b141d484ca5c63fe5a7bffeca40f996b8a408955021bd8dfca450c3d3d43845f8f738e96398f1cb3b649d0,08/10/2025 11:30:00 AM,1,DRIVER,,2026402,,CHEVROLET,MALIBU,IL,2014,NONE,PASSENGER,PERSONAL,S,OTHER,Y,,1,,unknown,UNK,,,,,,,,,,Y,Y,,,,SIDE-LEFT,,,,,,,,,,,,,,,,,,,,,,,,,,,,,,,,,
2125673,dc95580c244a5e22aa0b4203a81034e21bcfbf2911b141d484ca5c63fe5a7bffeca40f996b8a408955021bd8dfca450c3d3d43845f8f738e96398f1cb3b649d0,08/10/2025 11:30:00 AM,2,DRIVER,,2026408,,ISUZU,TRUCK,IL,2023,NONE,TRUCK - SINGLE UNIT,PERSONAL,S,STRAIGHT AHEAD,,,1,,,,,Y,Y,,,,,,,,,,,,FRONT-RIGHT-CORNER,,,,,,,,,,,,,,,,,,,,,,,,,,,,,,,,,
2127758,fa23dcb55a1ecba90b86a444ad598bb09bdefe56b49e53a402a0cdcac25c7fc486c1e2c899dc376095f78a90f4d8b22b1d8e97ae7ebfed37c3a20ac3566e522a,08/10/2025 11:26:00 AM,1,DRIVER,,2028389,,FORD,TRANSIT,IL,2021,NONE,OTHER,OTHER,N,STRAIGHT AHEAD,,,1,,,,,,,,,,,Y,,,,,,,REAR-LEFT-CORNER,,,,,,,,,,,,,,,,,,,,,,,,,,,,,,,,,
2127759,fa23dcb55a1ecba90b86a444ad598bb09bdefe56b49e53a402a0cdcac25c7fc486c1e2c899dc376095f78a90f4d8b22b1d8e97ae7ebfed37c3a20ac3566e522a,08/10/2025 11:26:00 AM,2,PARKED,,2028396,,FORD,EXPLORER,IL,2007,NONE,SPORT UTILITY VEHICLE (SUV),NOT IN USE,N,PARKED,,,0,,,,,Y,Y,,,,,,,,,,Y,,FRONT-RIGHT-CORNER,,,,,,,,,,,,,,,,,,,,,,,,,,,,,,,,,
2125659,270246ef685bfb6ea04dd23330c25d717b4c47d510fcae68c1417d05b7c5c3bfc450c9a714b67516b7f2744a6a1faf25e676876cbd00c1526445144ff8576c55,08/10/2025 11:25:00 AM,1,DRIVER,,2026387,,CHEVROLET,TRAVERSE,,,UNKNOWN,PASSENGER,PERSONAL,UNKNOWN,UNKNOWN/NA,,,1,,,,,Y,Y,,,,,,,,,,Y,,SIDE-RIGHT-FRONT,,,,,,,,,,,,,,,,,,,,,,,,,,,,,,,,,
2125660,270246ef685bfb6ea04dd23330c25d717b4c47d510fcae68c1417d05b7c5c3bfc450c9a714b67516b7f2744a6a1faf25e676876cbd00c1526445144ff8576c55,08/10/2025 11:25:00 AM,2,DRIVER,,2026390,,NISSAN,SENTRA,IL,2025,UNKNOWN,PASSENGER,PERSONAL,UNKNOWN,UNKNOWN/NA,,,1,,,,,Y,Y,N,,,,,,,,,Y,,SIDE-RIGHT-FRONT,,,,,,,,,,,,,,,,,,,,,,,,,,,,,,,,,
2125626,1f785d24c81ea3e4c51ebf9543fa31e18f3e1e87c087bc2993cf1640f6d864411bdedd55f6be300521051b0cbbab345564329053ff986a02eaa5006a48bd28d5,08/10/2025 11:24:00 AM,1,DRIVER,,2026347,,NISSAN,SENTRA,IL,2008,UNKNOWN,PASSENGER,PERSONAL,S,STRAIGHT AHEAD,,,1,,,,,,,,,,,,,,,,Y,,FRONT,,,,,,,,,,,,,,,,,,,,,,,,,,,,,,,,,
2125627,1f785d24c81ea3e4c51ebf9543fa31e18f3e1e87c087bc2993cf1640f6d864411bdedd55f6be300521051b0cbbab345564329053ff986a02eaa5006a48bd28d5,08/10/2025 11:24:00 AM,2,DRIVER,1,2026354,,HONDA,CR-V,VA,2016,UNKNOWN,PASSENGER,PERSONAL,S,SLOW/STOP IN TRAFFIC,,,2,,,,,,,,,,Y,,,,,,,,REAR,,,,,,,,,,,,,,,,,,,,,,,,,,,,,,,,,
2125590,2b477d709b36ccf15f35e0815f4f9c94fdf91eb96b91cba462476c20004518aecb7ef14c9864c742c96658f43c0df9d3f377684cd85618a3abd492110bc1b64e,08/10/2025 11:21:00 AM,1,DRIVER,,2026330,,ACURA,TLX,IN,,UNKNOWN,PASSENGER,UNKNOWN/NA,S,STRAIGHT AHEAD,,,1,,,,,Y,,,,,,,,,,Y,Y,,FRONT,,,,,,,,,,,,,,,,,,,,,,,,,,,,,,,,,
2125591,2b477d709b36ccf15f35e0815f4f9c94fdf91eb96b91cba462476c20004518aecb7ef14c9864c742c96658f43c0df9d3f377684cd85618a3abd492110bc1b64e,08/10/2025 11:21:00 AM,2,DRIVER,,2026337,,ACURA,TLX,IL,2005,UNKNOWN,PASSENGER,PERSONAL,S,STRAIGHT AHEAD,,,1,,,,,,,,,Y,Y,Y,,,,,,,REAR,,,,,,,,,,,,,,,,,,,,,,,,,,,,,,,,,
2125571,f92e0a7e3e5ac9521892c19aafd9c4ec31ee16b3cd9c4d40dd2b698dbf4f8232c5995cba75260622ee061a86b3af964f11bcc5cfc78ee597021118cc272a6cb7,08/10/2025 11:15:00 AM,1,DRIVER,,2026308,,UNKNOWN,OTHER (EXPLAIN IN NARRATIVE),,,UNKNOWN,PASSENGER,PERSONAL,N,STRAIGHT AHEAD,,,1,,,,,,,,,,,,,,,,Y,,FRONT,,,,,,,,,,,,,,,,,,,,,,,,,,,,,,,,,
2125572,f92e0a7e3e5ac9521892c19aafd9c4ec31ee16b3cd9c4d40dd2b698dbf4f8232c5995cba75260622ee061a86b3af964f11bcc5cfc78ee597021118cc272a6cb7,08/10/2025 11:15:00 AM,2,DRIVER,,2026301,,HONDA,FIT,IL,2008,NONE,PASSENGER,PERSONAL,N,SLOW/STOP IN TRAFFIC,,,1,,,,,,,,,,Y,,,,,,,,REAR,,,,,,,,,,,,,,,,,,,,,,,,,,,,,,,,,
2125640,cdd1994eae78d0f5c7677e2db19f41cd84f0d48fc953db766e962ce264f7f6a6517a881fc1d6ae793f375a8e5f0bc9556a569f3517238b2984b87fa67560147f,08/10/2025 11:11:00 AM,1,DRIVER,,2026370,,TOYOTA,PRIUS,IL,,NONE,PASSENGER,PERSONAL,E,ENTERING TRAFFIC LANE FROM PARKING,,,1,,,,,,,,Y,Y,,,,,,,,,SIDE-RIGHT-REAR,,,,,,,,,,,,,,,,,,,,,,,,,,,,,,,,,
2125641,cdd1994eae78d0f5c7677e2db19f41cd84f0d48fc953db766e962ce264f7f6a6517a881fc1d6ae793f375a8e5f0bc9556a569f3517238b2984b87fa67560147f,08/10/2025 11:11:00 AM,2,PARKED,,2026372,,SUBARU,OUTBACK,IL,2024,NONE,PASSENGER,PERSONAL,W,PARKED,,,0,,,,,,,,,,,Y,Y,,,,,,SIDE-LEFT-REAR,,,,,,,,,,,,,,,,,,,,,,,,,,,,,,,,,
2125615,ab48b2304f575354aa1fb5d28829e1233947a4038e734eb62ac3d287cc66bcc3c31f47bd19be68b400bdea15bdfb8df0fb46e01d24d366e6fa377ad0a8db13b6,08/10/2025 11:10:00 AM,1,DRIVER,1,2026350,,HONDA,ODYSSEY,IL,2024,NONE,VAN/MINI-VAN,UNKNOWN/NA,E,ENTERING TRAFFIC LANE FROM PARKING,Y,,2,,GIECO,UNK,,Y,,,,,,Y,Y,Y,Y,Y,Y,,FRONT-LEFT-CORNER,,,,,,,,,,,,,,,,,,,,,,,,,,,,,,,,,
2125616,ab48b2304f575354aa1fb5d28829e1233947a4038e734eb62ac3d287cc66bcc3c31f47bd19be68b400bdea15bdfb8df0fb46e01d24d366e6fa377ad0a8db13b6,08/10/2025 11:10:00 AM,2,DRIVER,,2026373,,CHEVROLET,IMPALA,,2019,NONE,PASSENGER,PERSONAL,E,STRAIGHT AHEAD,,,1,,,,,Y,Y,Y,Y,Y,Y,,,,,,Y,,SIDE-RIGHT,,,,,,,,,,,,,,,,,,,,,,,,,,,,,,,,,
2126080,cd19929a762c872bee430f49e08ca0095ec9ea98ae05998ebb7773f528c3edbc1fb031d24e2233a1872fe944e73f0317a522be8c5e8ce314709d601d82e6c3d8,08/10/2025 11:10:00 AM,1,DRIVER,,2026792,,DODGE,CARAVAN,IL,2013,UNKNOWN,VAN/MINI-VAN,PERSONAL,W,SLOW/STOP IN TRAFFIC,,,1,,,,,,,,,,,,,,,Y,,,FRONT-LEFT-CORNER,,,,,,,,,,,,,,,,,,,,,,,,,,,,,,,,,
2126081,cd19929a762c872bee430f49e08ca0095ec9ea98ae05998ebb7773f528c3edbc1fb031d24e2233a1872fe944e73f0317a522be8c5e8ce314709d601d82e6c3d8,08/10/2025 11:10:00 AM,2,DRIVER,1,2026794,,CADILLAC,XT5,IL,2017,NONE,SPORT UTILITY VEHICLE (SUV),PERSONAL,S,STARTING IN TRAFFIC,,,2,,,,,,,,,,,Y,,,,,,,REAR-LEFT-CORNER,,,,,,,,,,,,,,,,,,,,,,,,,,,,,,,,,
2126779,3b7fa9f36f84eb96dc82f2b1ae62e251f800892179dc635ea2c1cf3b5a605b4b290c4029a7d12321d66371be82cae6c5998132627ef35b6e6c96b299f961746c,08/10/2025 11:05:00 AM,1,DRIVER,,2027453,,GENERAL MOTORS CORPORATION (GMC),SAVANNAH,OK,2023,NONE,PICKUP,PERSONAL,W,BACKING,,,1,,,,,,,,Y,Y,Y,,,,,,,,SIDE-RIGHT-FRONT,,,,,,,,,,,,,,,,,,,,,,,,,,,,,,,,,
2126780,3b7fa9f36f84eb96dc82f2b1ae62e251f800892179dc635ea2c1cf3b5a605b4b290c4029a7d12321d66371be82cae6c5998132627ef35b6e6c96b299f961746c,08/10/2025 11:05:00 AM,2,PARKED,,2027454,,UNKNOWN,OTHER (EXPLAIN IN NARRATIVE),,,UNKNOWN,PASSENGER,NOT IN USE,W,PARKED,,,0,,,,,,,,,,,,,Y,Y,Y,,,SIDE-LEFT-FRONT,,,,,,,,,,,,,,,,,,,,,,,,,,,,,,,,,
2125557,01919bc67ba650b970536929c1ae13995fd99bba779f752d3c50a3adb91484ae04d6c8175133d911c97ea60a3bd7cf9f2862200978cde6ee84e7d9c2470e6bd4,08/10/2025 10:42:00 AM,1,BICYCLE,,,,,,,,,,,,,,,,,,,,,,,,,,,,,,,,,,,,,,,,,,,,,,,,,,,,,,,,,,,,,,,,,,
2125558,01919bc67ba650b970536929c1ae13995fd99bba779f752d3c50a3adb91484ae04d6c8175133d911c97ea60a3bd7cf9f2862200978cde6ee84e7d9c2470e6bd4,08/10/2025 10:42:00 AM,2,DRIVER,,2026289,,TOYOTA,SIENNA,IL,2014,NONE,VAN/MINI-VAN,PERSONAL,E,STRAIGHT AHEAD,,,1,,,,,,,,,,,,,,,,Y,,FRONT,,,,,,,,,,,,,,,,,,,,,,,,,,,,,,,,,
2127794,c05a00d769630de7f6ccbd595069fcc1cb3b5efb979fa8e984cb35270ef818005275afb6a6312d8a047e57e7d425fb2c44440ebb7d51d44555e6a57ab0532b04,08/10/2025 10:37:00 AM,1,DRIVER,,2028419,,TOYOTA,RAV4,WI,2013,UNKNOWN,PASSENGER,PERSONAL,UNKNOWN,UNKNOWN/NA,,,1,,,,,Y,Y,,,,,,,,,,,,FRONT-RIGHT-CORNER,,,,,,,,,,,,,,,,,,,,,,,,,,,,,,,,,
2127795,c05a00d769630de7f6ccbd595069fcc1cb3b5efb979fa8e984cb35270ef818005275afb6a6312d8a047e57e7d425fb2c44440ebb7d51d44555e6a57ab0532b04,08/10/2025 10:37:00 AM,2,PARKED,,2028427,,HONDA,CR-V,IL,2024,UNKNOWN,PASSENGER,NOT IN USE,UNKNOWN,PARKED,,,0,,,,,Y,Y,,,,,,,,,,Y,,FRONT-RIGHT-CORNER,,,,,,,,,,,,,,,,,,,,,,,,,,,,,,,,,
2125592,44988f4270bd547f323098ad6c6a6a31491f20cce55a13f1f4b2227be2735a688fa9a60807106630f32cc5aab862661cb82e5db797b8ae6cdcc27c2a1b01df83,08/10/2025 10:30:00 AM,1,DRIVER,,2026329,,FORD,ESCAPE,IL,2014,NONE,SPORT UTILITY VEHICLE (SUV),PERSONAL,S,U-TURN,,,1,,,,,Y,,,,,,,,,,,Y,,FRONT-RIGHT-CORNER,,,,,,,,,,,,,,,,,,,,,,,,,,,,,,,,,
2125593,44988f4270bd547f323098ad6c6a6a31491f20cce55a13f1f4b2227be2735a688fa9a60807106630f32cc5aab862661cb82e5db797b8ae6cdcc27c2a1b01df83,08/10/2025 10:30:00 AM,2,DRIVER,,2026331,,TOYOTA,CAMRY,IL,2006,NONE,PASSENGER,PERSONAL,E,STRAIGHT AHEAD,,,1,,,,,,,,,,,,,,Y,Y,Y,,FRONT-LEFT-CORNER,,,,,,,,,,,,,,,,,,,,,,,,,,,,,,,,,
2125555,b84c6d0e9c0f77ba4f8d7ab2430090ac6470d6e812bada70a387fe316dd28d62ced65a2fb0a57fdb58484ca2a15c92683b2228209ff065d5fa377e4da01ec03c,08/10/2025 10:30:00 AM,1,DRIVER,,2026294,,UNKNOWN,OTHER (EXPLAIN IN NARRATIVE),,,UNKNOWN,VAN/MINI-VAN,UNKNOWN/NA,S,STRAIGHT AHEAD,,,1,,,,,,,,,,,,,,,,,Y,UNKNOWN,,,,,,,,,,,,,,,,,,,,,,,,,,,,,,,,,
2125556,b84c6d0e9c0f77ba4f8d7ab2430090ac6470d6e812bada70a387fe316dd28d62ced65a2fb0a57fdb58484ca2a15c92683b2228209ff065d5fa377e4da01ec03c,08/10/2025 10:30:00 AM,2,PARKED,1,2026286,,FORD,TRANSIT,IL,,NONE,BUS UP TO 15 PASS.,COMMERCIAL - SINGLE UNIT,S,PARKED,,,1,,,,,,,,,,,,,,Y,,,,OTHER,,,,,,,,,,,,,,,,,,,,,,,,,,,,,,,,,
2130535,fcdbf41a1f2955310637d15658f75dde7a04d03abdd34126293bbc4d2f572018f3a8128a3d65971c09515449471add775e12c893ba6d575a37117fdb380badab,08/10/2025 10:30:00 AM,1,DRIVER,,2031041,,HYUNDAI,ELANTRA,IL,2012,UNKNOWN,PASSENGER,PERSONAL,N,STRAIGHT AHEAD,,,1,,,,,Y,,,,,,,,,,Y,Y,,FRONT,,,,,,,,,,,,,,,,,,,,,,,,,,,,,,,,,
2130536,fcdbf41a1f2955310637d15658f75dde7a04d03abdd34126293bbc4d2f572018f3a8128a3d65971c09515449471add775e12c893ba6d575a37117fdb380badab,08/10/2025 10:30:00 AM,2,DRIVER,3,2031053,,CHEVROLET,EQUINOX,IL,2019,NONE,PASSENGER,PERSONAL,N,SLOW/STOP IN TRAFFIC,,,4,,,,,,,,Y,Y,Y,Y,,,,,,,REAR,,,,,,,,,,,,,,,,,,,,,,,,,,,,,,,,,
2125617,733c3915b6d34aecd8ffffd8439e6a1fded044b8aaf881a4a96564c24ccd3b773fe8d7b7e92fc7c71ad4e06a2c34ac018b8164cb4973717097b335a1d6748c3f,08/10/2025 10:16:00 AM,1,DRIVER,,2026341,,UNKNOWN,OTHER (EXPLAIN IN NARRATIVE),IL,,UNKNOWN,UNKNOWN/NA,UNKNOWN/NA,UNKNOWN,UNKNOWN/NA,,,1,,,,,,,,,,,,,,,,,,UNKNOWN,,,,,,,,,,,,,,,,,,,,,,,,,,,,,,,,,
2125618,733c3915b6d34aecd8ffffd8439e6a1fded044b8aaf881a4a96564c24ccd3b773fe8d7b7e92fc7c71ad4e06a2c34ac018b8164cb4973717097b335a1d6748c3f,08/10/2025 10:16:00 AM,2,PARKED,,2026343,,HYUNDAI,SONATA,IL,2023,NONE,PASSENGER,PERSONAL,S,PARKED,,,0,,,,,,,,,,Y,,,,,,,,REAR,,,,,,,,,,,,,,,,,,,,,,,,,,,,,,,,,
2125563,fcb3fc2f930a3a3491fac205df2e49db71c893b40c61dcd3122b01ebffd74aa9dccdafb1803c7d612072413a524ff926c269a0b51c2aa068e7fca12b75d5e047,08/10/2025 10:15:00 AM,1,DRIVER,,2026307,,CHEVROLET,MALIBU,IL,2005,UNKNOWN,PASSENGER,PERSONAL,N,MERGING,,,1,,,,,,,,,,,,,,,Y,,,FRONT-LEFT-CORNER,,,,,,,,,,,,,,,,,,,,,,,,,,,,,,,,,
2125564,fcb3fc2f930a3a3491fac205df2e49db71c893b40c61dcd3122b01ebffd74aa9dccdafb1803c7d612072413a524ff926c269a0b51c2aa068e7fca12b75d5e047,08/10/2025 10:15:00 AM,2,DRIVER,,2026323,,NISSAN,ALTIMA,IL,2002,UNKNOWN,PASSENGER,PERSONAL,W,STRAIGHT AHEAD,,,1,,,,,,,,,,,,,Y,Y,,,,SIDE-LEFT-FRONT,,,,,,,,,,,,,,,,,,,,,,,,,,,,,,,,,
2125573,b6af4d393e60dfe1d2f2d2d3f090d3da3c1b403e7c3c937057d6c959c405ef2d8b3be781e30ded411dfd54b11ca3272a05a58d5e0f1c09aa9c518064cda12f13,08/10/2025 10:10:00 AM,1,DRIVER,,2026302,,UNKNOWN,OTHER (EXPLAIN IN NARRATIVE),IL,,NONE,VAN/MINI-VAN,UNKNOWN/NA,S,TURNING RIGHT,,,1,,,,,Y,Y,,,,,,,,,,Y,,FRONT-RIGHT-CORNER,,,,,,,,,,,,,,,,,,,,,,,,,,,,,,,,,
2125574,b6af4d393e60dfe1d2f2d2d3f090d3da3c1b403e7c3c937057d6c959c405ef2d8b3be781e30ded411dfd54b11ca3272a05a58d5e0f1c09aa9c518064cda12f13,08/10/2025 10:10:00 AM,2,DRIVER,,2026312,,NISSAN,ROGUE,NV,2020,NONE,SPORT UTILITY VEHICLE (SUV),UNKNOWN/NA,S,TURNING RIGHT,,,1,,,,,Y,,,,,,,,Y,Y,Y,Y,,SIDE-LEFT-FRONT,,,,,,,,,,,,,,,,,,,,,,,,,,,,,,,,,
2125579,06a281ef4ba1a817f3471ffef06d1ccab2117f00523903e55a8cd7cc8113e321a3512ba1b470db8a8537f16d797eb563eb72f75a3a3ce71e0385104c3ad991f2,08/10/2025 10:05:00 AM,1,DRIVER,,2026309,,FORD,EDGE,IL,2011,NONE,SPORT UTILITY VEHICLE (SUV),PERSONAL,N,STRAIGHT AHEAD,Y,,1,,PERSONAL TOW,HOME,,Y,,,,,,,,,,Y,Y,,FRONT,,,,,,,,,,,,,,,,,,,,,,,,,,,,,,,,,
2125580,06a281ef4ba1a817f3471ffef06d1ccab2117f00523903e55a8cd7cc8113e321a3512ba1b470db8a8537f16d797eb563eb72f75a3a3ce71e0385104c3ad991f2,08/10/2025 10:05:00 AM,2,DRIVER,2,2026320,,TOYOTA,CAMRY,,2016,NONE,PASSENGER,PERSONAL,N,STRAIGHT AHEAD,,,3,,,,,,,,,Y,Y,Y,,,,,,,REAR,,,,,,,,,,,,,,,,,,,,,,,,,,,,,,,,,
2125539,9dbde85fbef96893070dcbdd1ed9330ef5cdb8e0e7f5a2ef372ee89491d046eb9e76b66b5d5067ff88c4c196a3766a9da209ff9e3702a4fed279416afa958cd3,08/10/2025 10:05:00 AM,1,DRIVER,,2026277,,INFINITI,G37,IL,2010,NONE,PASSENGER,PERSONAL,W,STRAIGHT AHEAD,,,1,,,,,,,,,,,,,,,Y,,Y,FRONT-LEFT-CORNER,,,,,,,,,,,,,,,,,,,,,,,,,,,,,,,,,
2125540,9dbde85fbef96893070dcbdd1ed9330ef5cdb8e0e7f5a2ef372ee89491d046eb9e76b66b5d5067ff88c4c196a3766a9da209ff9e3702a4fed279416afa958cd3,08/10/2025 10:05:00 AM,2,PARKED,,2026278,,FORD,EDGE,IL,2015,NONE,PICKUP,PERSONAL,W,PARKED IN TRAFFIC LANE,,,0,,,,,,,,,Y,,,,,,,,Y,REAR-RIGHT-CORNER,,,,,,,,,,,,,,,,,,,,,,,,,,,,,,,,,
2130068,0e193558ede35172749cbb151edb3478b9d5b14f6f619d3ce96b9576c51adbe77e2de6f71c6a716fa73fd76e4f4c4213efc0e693fba682fc638f45702dd4bba6,08/10/2025 10:00:00 AM,1,DRIVER,,2030577,,UNKNOWN,OTHER (EXPLAIN IN NARRATIVE),,,OTHER,UNKNOWN/NA,UNKNOWN/NA,UNKNOWN,STRAIGHT AHEAD,,,1,,,,,,,,,,,,,,,N,,Y,FRONT-LEFT-CORNER,,,,,,,,,,,,,,,,,,,,,,,,,,,,,,,,,
2130069,0e193558ede35172749cbb151edb3478b9d5b14f6f619d3ce96b9576c51adbe77e2de6f71c6a716fa73fd76e4f4c4213efc0e693fba682fc638f45702dd4bba6,08/10/2025 10:00:00 AM,2,DRIVERLESS,,2030579,,GENERAL MOTORS CORPORATION (GMC),SIERRA,CO,2022,UNKNOWN,SPORT UTILITY VEHICLE (SUV),NOT IN USE,W,PARKED IN TRAFFIC LANE,,,0,,,,,Y,Y,Y,Y,Y,,,,,,,,,SIDE-RIGHT-REAR,,,,,,,,,,,,,,,,,,,,,,,,,,,,,,,,,
2127606,e58437286b29428a7bf6931dc96ef180151b99ae2d5910833a7a6282d3287c313fe9460d07efc1ca304784747c2afea3cf93bbfe6b2d7aaad6c84ac0d3818e79,08/10/2025 10:00:00 AM,1,DRIVER,1,2028247,,INFINITI,QX50,IL,2007,UNKNOWN,SPORT UTILITY VEHICLE (SUV),UNKNOWN/NA,E,STRAIGHT AHEAD,,,2,,,,,Y,,,,,,,,,,Y,Y,,FRONT,,,,,,,,,,,,,,,,,,,,,,,,,,,,,,,,,
2127607,e58437286b29428a7bf6931dc96ef180151b99ae2d5910833a7a6282d3287c313fe9460d07efc1ca304784747c2afea3cf93bbfe6b2d7aaad6c84ac0d3818e79,08/10/2025 10:00:00 AM,2,DRIVER,2,2028240,,JEEP,GRAND CHEROKEE,IL,2018,UNKNOWN,SPORT UTILITY VEHICLE (SUV),PERSONAL,E,STRAIGHT AHEAD,,,3,,,,,,,,,N,Y,N,,,,,,,REAR,,,,,,,,,,,,,,,,,,,,,,,,,,,,,,,,,
2125535,69a9ffee1f8ab1addb5de3505f516e98938bd1fb7aee80080d8970549edffd01dd7a0411e29beb05479ff686ec4b5271f20010b2c721d589404828f5ec73ed73,08/10/2025 09:48:00 AM,1,DRIVER,,2026271,,GENERAL MOTORS CORPORATION (GMC),SIERRA,IL,2017,NONE,PICKUP,PERSONAL,S,TURNING LEFT,,,1,,,,,,,,,,,,,,,Y,,,SIDE-LEFT-FRONT,,,,,,,,,,,,,,,,,,,,,,,,,,,,,,,,,
2125536,69a9ffee1f8ab1addb5de3505f516e98938bd1fb7aee80080d8970549edffd01dd7a0411e29beb05479ff686ec4b5271f20010b2c721d589404828f5ec73ed73,08/10/2025 09:48:00 AM,2,DRIVER,,2026276,,INFINITI,Q70,IL,2017,NONE,PASSENGER,NOT IN USE,UNKNOWN,STRAIGHT AHEAD,,,1,,,,,Y,,,,,,,,,,,,,FRONT-RIGHT-CORNER,,,,,,,,,,,,,,,,,,,,,,,,,,,,,,,,,
2125541,4a542c4664fae8a2ca84a0805ee129622b634db9649a708ce3a6ca7fbf44ecf9f3f217dd276361e0f4752f7edbcab95379f8f60cb5243b764fb6183f80711d41,08/10/2025 09:43:00 AM,1,DRIVER,,2026274,,ACURA,ADX,IL,2004,NONE,PASSENGER,PERSONAL,S,STRAIGHT AHEAD,,,1,,,,Y,,,,,,,,,,,,,,FRONT,,,,,,,,,,,,,,,,,,,,,,,,,,,,,,,,,
2125542,4a542c4664fae8a2ca84a0805ee129622b634db9649a708ce3a6ca7fbf44ecf9f3f217dd276361e0f4752f7edbcab95379f8f60cb5243b764fb6183f80711d41,08/10/2025 09:43:00 AM,2,PEDESTRIAN,,,,,,,,,,,,,,,,,,,,,,,,,,,,,,,,,,,,,,,,,,,,,,,,,,,,,,,,,,,,,,,,,,
2125543,4a542c4664fae8a2ca84a0805ee129622b634db9649a708ce3a6ca7fbf44ecf9f3f217dd276361e0f4752f7edbcab95379f8f60cb5243b764fb6183f80711d41,08/10/2025 09:43:00 AM,3,PEDESTRIAN,,,,,,,,,,,,,,,,,,,,,,,,,,,,,,,,,,,,,,,,,,,,,,,,,,,,,,,,,,,,,,,,,,
2125559,67774664c94a93356d4d41a9ec100548511303030d47ce3dba4c608904db44bad9918d68ec93311dc7c0222c6cd8391458254f9c3ea514f6326f54de531f32de,08/10/2025 09:43:00 AM,1,DRIVER,,2026290,,LEXUS,OTHER (EXPLAIN IN NARRATIVE),,,UNKNOWN,PASSENGER,UNKNOWN/NA,W,STRAIGHT AHEAD,,,1,,,,,,,,,,,,,,,,,Y,UNKNOWN,,,,,,,,,,,,,,,,,,,,,,,,,,,,,,,,,
2125560,67774664c94a93356d4d41a9ec100548511303030d47ce3dba4c608904db44bad9918d68ec93311dc7c0222c6cd8391458254f9c3ea514f6326f54de531f32de,08/10/2025 09:43:00 AM,2,DRIVER,2,2026292,,FORD,ESCAPE,IL,2022,NONE,SPORT UTILITY VEHICLE (SUV),RIDESHARE SERVICE,W,SLOW/STOP IN TRAFFIC,,,3,,,,,,,,,Y,Y,Y,,,,,,,REAR,,,,,,,,,,,,,,,,,,,,,,,,,,,,,,,,,
2125624,782c902843ec173ce4981c4465d028da1de8644b1a1283847aba347f99c8a6f24b48eba24832a7998b018b39ab604e23410f931002d1ff01ed928fc14af16e42,08/10/2025 09:35:00 AM,1,DRIVER,,2026352,,VOLKSWAGEN,JETTA,IL,2015,NONE,PASSENGER,PERSONAL,W,STRAIGHT AHEAD,,,1,,,,,Y,,,,,,,,,,Y,Y,,FRONT,,,,,,,,,,,,,,,,,,,,,,,,,,,,,,,,,
2125625,782c902843ec173ce4981c4465d028da1de8644b1a1283847aba347f99c8a6f24b48eba24832a7998b018b39ab604e23410f931002d1ff01ed928fc14af16e42,08/10/2025 09:35:00 AM,2,DRIVER,,2026366,,GENERAL MOTORS CORPORATION (GMC),ACADIA,IL,2017,NONE,SPORT UTILITY VEHICLE (SUV),PERSONAL,W,STRAIGHT AHEAD,,,1,,,,,,,,,Y,Y,,,,,,,,REAR,,,,,,,,,,,,,,,,,,,,,,,,,,,,,,,,,