CRASH_UNIT_ID,CRASH_RECORD_ID,CRASH_DATE,UNIT_NO,UNIT_TYPE,NUM_PASSENGERS,VEHICLE_ID,CMRC_VEH_I,MAKE,MODEL,LIC_PLATE_STATE,VEHICLE_YEAR,VEHICLE_DEFECT,VEHICLE_TYPE,VEHICLE_USE,TRAVEL_DIRECTION,MANEUVER,TOWED_I,FIRE_I,OCCUPANT_CNT,EXCEED_SPEED_LIMIT_I,TOWED_BY,TOWED_TO,AREA_00_I,AREA_01_I,AREA_02_I,AREA_03_I,AREA_04_I,AREA_05_I,AREA_06_I,AREA_07_I,AREA_08_I,AREA_09_I,AREA_10_I,AREA_11_I,AREA_12_I,AREA_99_I,FIRST_CONTACT_POINT,CMV_ID,USDOT_NO,CCMC_NO,ILCC_NO,COMMERCIAL_SRC,GVWR,CARRIER_NAME,CARRIER_STATE,CARRIER_CITY,HAZMAT_PLACARDS_I,HAZMAT_NAME,UN_NO,HAZMAT_PRESENT_I,HAZMAT_REPORT_I,HAZMAT_REPORT_NO,MCS_REPORT_I,MCS_REPORT_NO,HAZMAT_VIO_CAUSE_CRASH_I,MCS_VIO_CAUSE_CRASH_I,IDOT_PERMIT_NO,WIDE_LOAD_I,TRAILER1_WIDTH,TRAILER2_WIDTH,TRAILER1_LENGTH,TRAILER2_LENGTH,TOTAL_VEHICLE_LENGTH,AXLE_CNT,VEHICLE_CONFIG,CARGO_BODY_TYPE,LOAD_TYPE,HAZMAT_OUT_OF_SERVICE_I,MCS_OUT_OF_SERVICE_I,HAZMAT_CLASS
2129377,07503f7f75cb52f6bf6cf3181a4aa692575833b866bd05a2f4ec8b479890bfed470c69b07a45100106928b11b3f5623babeed055befe560902c94e6f48cef68a,08/10/2025 09:30:00 AM,1,DRIVER,,2029917,,UNKNOWN,OTHER (EXPLAIN IN NARRATIVE),IL,,NONE,VAN/MINI-VAN,UNKNOWN/NA,N,UNKNOWN/NA,,,1,,,,,,,,,,,,,,,,,Y,SIDE-RIGHT,,,,,,,,,,,,,,,,,,,,,,,,,,,,,,,,,
2129378,07503f7f75cb52f6bf6cf3181a4aa692575833b866bd05a2f4ec8b479890bfed470c69b07a45100106928b11b3f5623babeed055befe560902c94e6f48cef68a,08/10/2025 09:30:00 AM,2,PARKED,,2029922,,HONDA,ACCORD,IL,2023,NONE,PASSENGER,PERSONAL,N,PARKED,,,0,,,,,,,,,,,Y,Y,Y,,,,Y,SIDE-LEFT-REAR,,,,,,,,,,,,,,,,,,,,,,,,,,,,,,,,,
2125531,0c56e35075429b528e82913856054d41ec33076f83eca38f73dcdd96b61a0feaa44a8c8c4bf2e9a694d8f818e5b474448ac1aa05a50a4c408062a00a10e0e787,08/10/2025 09:30:00 AM,1,DRIVER,,2026268,,UNKNOWN,MOTORIZED,,,UNKNOWN,UNKNOWN/NA,UNKNOWN/NA,UNKNOWN,UNKNOWN/NA,,,1,,,,,,,,,,,,,,,,,Y,UNKNOWN,,,,,,,,,,,,,,,,,,,,,,,,,,,,,,,,,
2125532,0c56e35075429b528e82913856054d41ec33076f83eca38f73dcdd96b61a0feaa44a8c8c4bf2e9a694d8f818e5b474448ac1aa05a50a4c408062a00a10e0e787,08/10/2025 09:30:00 AM,2,PARKED,,2026272,,HYUNDAI,ELANTRA,TX,,NONE,PASSENGER,NOT IN USE,S,PARKED,,,0,,,,,,,,,,Y,Y,,,,,,,REAR-LEFT-CORNER,,,,,,,,,,,,,,,,,,,,,,,,,,,,,,,,,
2125537,5fd4071cee6bc38b3fc8dd5315af7ada27120d7084b3bcdb3064a8f4eeba7551eb068fa9304099541bdcb2193cca24f1116b5eccafacd7018b674547fbc0bfd8,08/10/2025 09:24:00 AM,1,DRIVER,1,2026269,,BMW,OTHER (EXPLAIN IN NARRATIVE),,,UNKNOWN,PASSENGER,UNKNOWN/NA,UNKNOWN,BACKING,,,2,,,,,,,,,,,,,,,,,Y,UNKNOWN,,,,,,,,,,,,,,,,,,,,,,,,,,,,,,,,,
2125538,5fd4071cee6bc38b3fc8dd5315af7ada27120d7084b3bcdb3064a8f4eeba7551eb068fa9304099541bdcb2193cca24f1116b5eccafacd7018b674547fbc0bfd8,08/10/2025 09:24:00 AM,2,PARKED,,2026273,,PORSCHE,MACAN,IL,2024,NONE,PASSENGER,PERSONAL,W,PARKED,,,0,,,,,Y,,,,,,,,,,,,,FRONT-RIGHT-CORNER,,,,,,,,,,,,,,,,,,,,,,,,,,,,,,,,,
2125575,172a618f2f517a9ad55e1acb3a96228d70e0988001d5bca3578793aa3ca1504476ea2551582f4175274aabede907be726d21e0b4d6642fdc2d7dcbf7ed117a9a,08/10/2025 09:17:00 AM,1,DRIVER,,2026313,,NISSAN,OTHER (EXPLAIN IN NARRATIVE),IL,2007,NONE,SPORT UTILITY VEHICLE (SUV),PERSONAL,N,DRIVING WRONG WAY,Y,,1,,CITY OF CHICAGO,,,Y,Y,Y,Y,,,,Y,Y,Y,Y,Y,,FRONT-LEFT-CORNER,,,,,,,,,,,,,,,,,,,,,,,,,,,,,,,,,
2125576,172a618f2f517a9ad55e1acb3a96228d70e0988001d5bca3578793aa3ca1504476ea2551582f4175274aabede907be726d21e0b4d6642fdc2d7dcbf7ed117a9a,08/10/2025 09:17:00 AM,2,PARKED,,2026318,,TOYOTA,OTHER (EXPLAIN IN NARRATIVE),IL,2021,UNKNOWN,SPORT UTILITY VEHICLE (SUV),PERSONAL,S,PARKED,,,0,,,,,,,,,,,Y,Y,Y,Y,Y,,,SIDE-LEFT,,,,,,,,,,,,,,,,,,,,,,,,,,,,,,,,,
2125577,172a618f2f517a9ad55e1acb3a96228d70e0988001d5bca3578793aa3ca1504476ea2551582f4175274aabede907be726d21e0b4d6642fdc2d7dcbf7ed117a9a,08/10/2025 09:17:00 AM,3,PARKED,,2026321,,CHEVROLET,OTHER (EXPLAIN IN NARRATIVE),IL,2019,UNKNOWN,SPORT UTILITY VEHICLE (SUV),PERSONAL,S,PARKED,Y,,0,,OWNER,,,,,,,,,,Y,Y,Y,Y,Y,,FRONT-LEFT-CORNER,,,,,,,,,,,,,,,,,,,,,,,,,,,,,,,,,
2125578,172a618f2f517a9ad55e1acb3a96228d70e0988001d5bca3578793aa3ca1504476ea2551582f4175274aabede907be726d21e0b4d6642fdc2d7dcbf7ed117a9a,08/10/2025 09:17:00 AM,4,PARKED,,2026325,,CHEVROLET,OTHER (EXPLAIN IN NARRATIVE),IL,2014,UNKNOWN,PASSENGER,PERSONAL,S,PARKED,,,0,,,,,Y,,,,,,,,,Y,Y,Y,,FRONT,,,,,,,,,,,,,,,,,,,,,,,,,,,,,,,,,
2125546,5d4c2a0247c217fc50c323d46bf40114d7768a5c9fb91b90709e6afa39f2f254f77a416bfeb76e93318c53dbd660f806851c3282c3051822f2fab9fc088a6fad,08/10/2025 09:10:00 AM,1,DRIVER,,2026279,,KIA,FORTE,IL,2023,UNKNOWN,PASSENGER,PERSONAL,S,STRAIGHT AHEAD,Y,,1,,CPD,10301 S DOTY,,Y,,,,,,,,,,Y,Y,,FRONT,,,,,,,,,,,,,,,,,,,,,,,,,,,,,,,,,
2132683,ab420ffc4fa7e3fa46bd44ef45301fe3d27572f31db3013c2bb8d676835cf43220c3ae6c0f551c23073563479d9b8265dfee1d43cdab50c38baa40be0cd85cdd,08/10/2025 09:08:00 AM,1,DRIVER,,2033021,,KIA,OPTIMA / K5,IL,2012,UNKNOWN,PASSENGER,UNKNOWN/NA,W,STRAIGHT AHEAD,,,1,,,,,,,,,,,,,,,,,Y,UNKNOWN,,,,,,,,,,,,,,,,,,,,,,,,,,,,,,,,,
2132684,ab420ffc4fa7e3fa46bd44ef45301fe3d27572f31db3013c2bb8d676835cf43220c3ae6c0f551c23073563479d9b8265dfee1d43cdab50c38baa40be0cd85cdd,08/10/2025 09:08:00 AM,2,DRIVER,,2033029,,AUDI,Q7,IL,2020,UNKNOWN,SPORT UTILITY VEHICLE (SUV),PERSONAL,W,STRAIGHT AHEAD,,,1,,,,,,,,,,Y,,,,,,,,REAR,,,,,,,,,,,,,,,,,,,,,,,,,,,,,,,,,
2137093,e034e02adee287605143812eada170ef0460abc54524b99ecdf5ad0035b3d99d1d57c157aff7cc2930373d9236bb7e6dcd4e420aa648c189c3d12cf9f5d4306e,08/10/2025 08:32:00 AM,1,DRIVER,,2037233,,VOLVO,XC90,IL,2004,UNKNOWN,SPORT UTILITY VEHICLE (SUV),UNKNOWN/NA,N,UNKNOWN/NA,Y,,1,,City of Chicago,701 N Sacramento,,Y,Y,,Y,Y,,,,,,N,Y,,FRONT-LEFT-CORNER,,,,,,,,,,,,,,,,,,,,,,,,,,,,,,,,,
2137094,e034e02adee287605143812eada170ef0460abc54524b99ecdf5ad0035b3d99d1d57c157aff7cc2930373d9236bb7e6dcd4e420aa648c189c3d12cf9f5d4306e,08/10/2025 08:32:00 AM,2,PARKED,,2037234,,ACURA,TLX,IL,2009,UNKNOWN,PASSENGER,PERSONAL,N,PARKED,Y,,0,,Self,,,Y,,,,Y,Y,Y,,,,Y,Y,,REAR-LEFT-CORNER,,,,,,,,,,,,,,,,,,,,,,,,,,,,,,,,,
2137095,e034e02adee287605143812eada170ef0460abc54524b99ecdf5ad0035b3d99d1d57c157aff7cc2930373d9236bb7e6dcd4e420aa648c189c3d12cf9f5d4306e,08/10/2025 08:32:00 AM,3,PARKED,,2037235,,CHEVROLET,MALIBU,,2014,UNKNOWN,PASSENGER,UNKNOWN/NA,N,PARKED,,,0,,,,,Y,,,,Y,Y,Y,,,,Y,Y,,REAR,,,,,,,,,,,,,,,,,,,,,,,,,,,,,,,,,
2137096,e034e02adee287605143812eada170ef0460abc54524b99ecdf5ad0035b3d99d1d57c157aff7cc2930373d9236bb7e6dcd4e420aa648c189c3d12cf9f5d4306e,08/10/2025 08:32:00 AM,4,PARKED,,2037236,,HONDA,ACCORD,IL,2004,UNKNOWN,PASSENGER,PERSONAL,N,PARKED,,,0,,,,,Y,,,,Y,Y,Y,,,,Y,Y,,REAR,,,,,,,,,,,,,,,,,,,,,,,,,,,,,,,,,
2137097,e034e02adee287605143812eada170ef0460abc54524b99ecdf5ad0035b3d99d1d57c157aff7cc2930373d9236bb7e6dcd4e420aa648c189c3d12cf9f5d4306e,08/10/2025 08:32:00 AM,5,PARKED,,2037237,,DODGE,AVENGER,IL,2010,UNKNOWN,PASSENGER,UNKNOWN/NA,N,PARKED,,,0,,,,,,,,,Y,Y,Y,,,,,,,REAR,,,,,,,,,,,,,,,,,,,,,,,,,,,,,,,,,
2125527,fa512cbe073117485d894c25df762972093ded5e381a8c2769861c9e9ba08787906b6f1b721cfee51126d6ce6a68da21769788eada07ec1bde54363b4a35f856,08/10/2025 08:30:00 AM,1,DRIVER,2,2026293,,KIA,OPTIMA / K5,IL,2020,UNKNOWN,PASSENGER,PERSONAL,S,STRAIGHT AHEAD,N,,3,,,,,Y,,,,,,,,,,Y,Y,,FRONT,,,,,,,,,,,,,,,,,,,,,,,,,,,,,,,,,
2125528,fa512cbe073117485d894c25df762972093ded5e381a8c2769861c9e9ba08787906b6f1b721cfee51126d6ce6a68da21769788eada07ec1bde54363b4a35f856,08/10/2025 08:30:00 AM,2,DRIVER,,2026298,,FORD,BRONCO / BRONCO II,IL,2023,NONE,PASSENGER,PERSONAL,W,STRAIGHT AHEAD,,,1,,,,,Y,Y,,,,,Y,Y,,,,,,SIDE-LEFT-REAR,,,,,,,,,,,,,,,,,,,,,,,,,,,,,,,,,
2125976,6ab2d2a5623656b855faa5dcb4c0f7941d11d8dace0f8e0eb2fbaab199663ebd40c47c65e8b5d6fbc65316fb09148eefe8a7d7a845b3b0f8f158f083065d49cb,08/10/2025 08:25:00 AM,1,DRIVER,,2026687,,FORD,OTHER (EXPLAIN IN NARRATIVE),IL,2014,NONE,BUS UP TO 15 PASS.,SCHOOL BUS,N,BACKING,,,1,,,,,,,,,Y,Y,Y,,,,,,,REAR,,,,,,,,,,,,,,,,,,,,,,,,,,,,,,,,,
2125977,6ab2d2a5623656b855faa5dcb4c0f7941d11d8dace0f8e0eb2fbaab199663ebd40c47c65e8b5d6fbc65316fb09148eefe8a7d7a845b3b0f8f158f083065d49cb,08/10/2025 08:25:00 AM,2,PARKED,,2026688,,NISSAN,KICKS,IL,2025,NONE,PASSENGER,PERSONAL,N,PARKED,,,0,,,,,Y,,,,,,,,,,Y,Y,,FRONT,,,,,,,,,,,,,,,,,,,,,,,,,,,,,,,,,
2126099,571cbafc34f38331a4058a9927d8859115db6476b44e19a297a3e869728b383eeec5751bf9773080e30b3a0ec4728b5c78eb925fe0bfd3b21262961d264f2412,08/10/2025 08:15:00 AM,1,DRIVER,,2026810,,UNKNOWN,OTHER (EXPLAIN IN NARRATIVE),,,UNKNOWN,UNKNOWN/NA,UNKNOWN/NA,UNKNOWN,UNKNOWN/NA,,,1,,,,,,,,,,,,,,,,,Y,UNKNOWN,,,,,,,,,,,,,,,,,,,,,,,,,,,,,,,,,
2126100,571cbafc34f38331a4058a9927d8859115db6476b44e19a297a3e869728b383eeec5751bf9773080e30b3a0ec4728b5c78eb925fe0bfd3b21262961d264f2412,08/10/2025 08:15:00 AM,2,PARKED,,2026814,,TOYOTA,COROLLA,IL,2025,UNKNOWN,PASSENGER,PERSONAL,UNKNOWN,PARKED,,,0,,,,,,,,,,,Y,Y,,,,,,SIDE-LEFT-REAR,,,,,,,,,,,,,,,,,,,,,,,,,,,,,,,,,
2125497,743421a6b3889f09e8747e891383ccd2ec36f5102e775c01d99dacc3e56eab1d9dfa9c1f9f5e377c76f50818fc46c101938761ca9d7192821cb8da3d9e10bc1d,08/10/2025 08:01:00 AM,1,DRIVER,,2026247,,FORD,F150,IL,2010,UNKNOWN,PICKUP,PERSONAL,S,STRAIGHT AHEAD,,,1,,,,Y,Y,,,,,,,,,,Y,Y,,FRONT,,,,,,,,,,,,,,,,,,,,,,,,,,,,,,,,,
2125501,743421a6b3889f09e8747e891383ccd2ec36f5102e775c01d99dacc3e56eab1d9dfa9c1f9f5e377c76f50818fc46c101938761ca9d7192821cb8da3d9e10bc1d,08/10/2025 08:01:00 AM,2,PARKED,,2026240,,DODGE,CARAVAN,IL,2018,UNKNOWN,VAN/MINI-VAN,PERSONAL,N,PARKED,,,0,,,,,,,,,,Y,Y,,,,,,,REAR,,,,,,,,,,,,,,,,,,,,,,,,,,,,,,,,,
2125502,743421a6b3889f09e8747e891383ccd2ec36f5102e775c01d99dacc3e56eab1d9dfa9c1f9f5e377c76f50818fc46c101938761ca9d7192821cb8da3d9e10bc1d,08/10/2025 08:01:00 AM,3,PARKED,,2026242,,TOYOTA,RAV4,IL,2008,UNKNOWN,PASSENGER,PERSONAL,N,PARKED,,,0,,,,,Y,,,,,,,,,,Y,Y,,FRONT,,,,,,,,,,,,,,,,,,,,,,,,,,,,,,,,,
2125680,be057e123e24ce8e74284b65a8a0ca80d81576a0f6c62bcfc6c310c24b175b7267d9fe9a5ebd5735972d7045241bf81dc5b206e7901eb87552d1d2cf1eaa809c,08/10/2025 08:01:00 AM,1,DRIVER,,2026407,,JEEP,GRAND CHEROKEE,IL,2019,UNKNOWN,PASSENGER,PERSONAL,N,STRAIGHT AHEAD,,,1,,,,,Y,,,,,,,,,,Y,Y,,FRONT,,,,,,,,,,,,,,,,,,,,,,,,,,,,,,,,,
2125681,be057e123e24ce8e74284b65a8a0ca80d81576a0f6c62bcfc6c310c24b175b7267d9fe9a5ebd5735972d7045241bf81dc5b206e7901eb87552d1d2cf1eaa809c,08/10/2025 08:01:00 AM,2,DRIVER,,2026413,,BMW,OTHER (EXPLAIN IN NARRATIVE),IL,2024,NONE,PASSENGER,PERSONAL,N,SLOW/STOP IN TRAFFIC,,,1,,,,,,,,,Y,Y,Y,,,,,,,REAR,,,,,,,,,,,,,,,,,,,,,,,,,,,,,,,,,
2126135,ae78506a9d3a61a8e15caf703c1610475b4fb8aca2611d0dfde4d13bacae43373228c193e460aa2427dc34b348f5cf9ead434b62c6213106ae9c494e76c2265b,08/10/2025 08:00:00 AM,1,DRIVER,,2026848,,INTERNATIONAL COACH MANUFACTURING,OTHER (EXPLAIN IN NARRATIVE),IN,2009,UNKNOWN,TRUCK - SINGLE UNIT,UNKNOWN/NA,UNKNOWN,STRAIGHT AHEAD,,,1,,,,,,,Y,,,,,,,,,,,SIDE-RIGHT,,,,,,,,,,,,,,,,,,,,,,,,,,,,,,,,,
2125490,d611f7676c4545186c7fc2a2bae91fab212244d14ca76d964414e93eaf52e3a9213a2c2f4b4b250bbb2742302f8acc63f9c910706bafb413e405a629eee13e00,08/10/2025 08:00:00 AM,1,DRIVER,,2026232,,HONDA,PILOT,IL,2017,NONE,PASSENGER,PERSONAL,NW,AVOIDING VEHICLES/OBJECTS,Y,,1,,Private tow,unk,,Y,,,,,,,,,,Y,Y,,FRONT,,,,,,,,,,,,,,,,,,,,,,,,,,,,,,,,,
2125510,d7ff119b0a0f09ea806374826bb95228e679b31d84f4e1a3ff8effbcc89894e8f96643180863445241371d34ef0b0e2cacfbdeb1b701a23728e5b8b929d9afa4,08/10/2025 08:00:00 AM,1,DRIVER,,2026251,,CHEVROLET,TRAVERSE,IL,2018,NONE,SPORT UTILITY VEHICLE (SUV),PERSONAL,W,STRAIGHT AHEAD,,,1,,,,,,,,,,,,,,,Y,Y,,FRONT,,,,,,,,,,,,,,,,,,,,,,,,,,,,,,,,,
2125511,d7ff119b0a0f09ea806374826bb95228e679b31d84f4e1a3ff8effbcc89894e8f96643180863445241371d34ef0b0e2cacfbdeb1b701a23728e5b8b929d9afa4,08/10/2025 08:00:00 AM,2,DRIVER,,2026259,,JEEP,RENEGADE,IL,2018,NONE,SPORT UTILITY VEHICLE (SUV),PERSONAL,S,STRAIGHT AHEAD,,,1,,,,,,,,,,,Y,Y,,,,,,SIDE-LEFT-REAR,,,,,,,,,,,,,,,,,,,,,,,,,,,,,,,,,
2125529,35035f125486bbdf3c0e70aca3fef7df6a9d6f34079d0b8c745aed7f50cbbad39da534d3366a39a5dc62d69629213cd6ada146230e81081452c2ab8f45eb031f,08/10/2025 07:55:00 AM,1,DRIVER,1,2026263,,TOYOTA,OTHER (EXPLAIN IN NARRATIVE),IL,2003,UNKNOWN,SPORT UTILITY VEHICLE (SUV),UNKNOWN/NA,N,STRAIGHT AHEAD,,,2,,,,,,,,,,,,,,,,,Y,FRONT,,,,,,,,,,,,,,,,,,,,,,,,,,,,,,,,,
2125530,35035f125486bbdf3c0e70aca3fef7df6a9d6f34079d0b8c745aed7f50cbbad39da534d3366a39a5dc62d69629213cd6ada146230e81081452c2ab8f45eb031f,08/10/2025 07:55:00 AM,2,DRIVER,1,2026266,,CHEVROLET,HHR,IL,2007,UNKNOWN,SPORT UTILITY VEHICLE (SUV),PERSONAL,N,SLOW/STOP IN TRAFFIC,,,2,,,,,,,,,Y,Y,Y,,,,,,,REAR,,,,,,,,,,,,,,,,,,,,,,,,,,,,,,,,,
2125503,78e33b39e9b72d3b47b8de7da8f59f8337f6ab21efcc5b6889eba4c387f4bb9346add7ccd07718db6f5f430974f38b020add7bc84c5daa450d38ba88285ddb13,08/10/2025 07:55:00 AM,1,DRIVER,,2026246,,HONDA,CIVIC,IL,2026,UNKNOWN,PASSENGER,PERSONAL,N,STRAIGHT AHEAD,,,1,,,,,Y,Y,,,,,,,,,,Y,,FRONT-RIGHT-CORNER,,,,,,,,,,,,,,,,,,,,,,,,,,,,,,,,,
2125504,78e33b39e9b72d3b47b8de7da8f59f8337f6ab21efcc5b6889eba4c387f4bb9346add7ccd07718db6f5f430974f38b020add7bc84c5daa450d38ba88285ddb13,08/10/2025 07:55:00 AM,2,PARKED,,2026249,,NISSAN,SENTRA,IL,2012,UNKNOWN,PASSENGER,PERSONAL,N,PARKED,Y,,0,,PRIVATE TOW,,,,,,,,Y,Y,Y,Y,,,,,REAR-LEFT-CORNER,,,,,,,,,,,,,,,,,,,,,,,,,,,,,,,,,
2125587,59f913c686162e7bb03b7cb4ae0a98c616c784f77b743056afc782b449d1066e268985241ca06f51c2ff317050f3bea38dc2fcf0de287b7e4a8328a07fa5e2a0,08/10/2025 07:45:00 AM,1,DRIVER,,2026324,,NISSAN,ROGUE,IN,2015,NONE,SPORT UTILITY VEHICLE (SUV),OTHER,N,STRAIGHT AHEAD,Y,,1,,CITY OF CHICAGO,CITY OF CHICAGO,,Y,Y,Y,Y,Y,Y,Y,Y,Y,Y,Y,Y,,FRONT,,,,,,,,,,,,,,,,,,,,,,,,,,,,,,,,,
2125508,1d3b59934b4f1102d6569beaf6803f3d41af97285e669bcd0cabcc6602f37cd64a37ac87175995274ee29ec8768a04627407b845f9eb7da01e99aeffa93d80c6,08/10/2025 07:35:00 AM,1,DRIVER,,2026253,,HYUNDAI,ACCENT,IL,,UNKNOWN,UNKNOWN/NA,UNKNOWN/NA,E,STRAIGHT AHEAD,,,1,,,,,,,,,,,,,,,,,Y,UNKNOWN,,,,,,,,,,,,,,,,,,,,,,,,,,,,,,,,,
2125509,1d3b59934b4f1102d6569beaf6803f3d41af97285e669bcd0cabcc6602f37cd64a37ac87175995274ee29ec8768a04627407b845f9eb7da01e99aeffa93d80c6,08/10/2025 07:35:00 AM,2,DRIVER,1,2026257,,CHEVROLET,MALIBU,IL,2013,NONE,PASSENGER,PERSONAL,E,SLOW/STOP IN TRAFFIC,,,2,,,,,,,,,,,,,,,,Y,,REAR,,,,,,,,,,,,,,,,,,,,,,,,,,,,,,,,,
2125488,4bc143426c2f642fd433232a6dc3684a4b248820a0097cff3a9f82bf16df4558e477c4c9d0053aba0c2583674381f29d6175809883fb65dbe49f110b7318bb06,08/10/2025 07:30:00 AM,1,DRIVER,,2026229,,CHEVROLET,IMPALA,IL,2011,NONE,PASSENGER,PERSONAL,E,TURNING RIGHT,,,1,,,,,,,Y,Y,Y,,,,,,,,,SIDE-RIGHT,,,,,,,,,,,,,,,,,,,,,,,,,,,,,,,,,
2125489,4bc143426c2f642fd433232a6dc3684a4b248820a0097cff3a9f82bf16df4558e477c4c9d0053aba0c2583674381f29d6175809883fb65dbe49f110b7318bb06,08/10/2025 07:30:00 AM,2,PARKED,,2026234,,KIA,SOUL,IL,2023,NONE,SPORT UTILITY VEHICLE (SUV),NOT IN USE,N,PARKED,,,0,,,,,,,,,,,,,,Y,Y,,,SIDE-LEFT-FRONT,,,,,,,,,,,,,,,,,,,,,,,,,,,,,,,,,
2125481,6bf442e425e0796604f1296aad7fbb2abd96c88190b57a46df960a594e0c719ca350e672898aa9b1a675b1039b6925d1170ba47c22bd91a3ebb5c1636a23d00f,08/10/2025 07:30:00 AM,1,DRIVER,,2026222,,CHEVROLET,EXPRESS,IL,2011,UNKNOWN,VAN/MINI-VAN,PERSONAL,S,CHANGING LANES,,,1,,,,,Y,,,,,,,,,,,,,FRONT-RIGHT-CORNER,,,,,,,,,,,,,,,,,,,,,,,,,,,,,,,,,
2125482,6bf442e425e0796604f1296aad7fbb2abd96c88190b57a46df960a594e0c719ca350e672898aa9b1a675b1039b6925d1170ba47c22bd91a3ebb5c1636a23d00f,08/10/2025 07:30:00 AM,2,DRIVER,1,2026217,,HONDA,PILOT,IL,2013,UNKNOWN,SPORT UTILITY VEHICLE (SUV),PERSONAL,S,STRAIGHT AHEAD,,,2,,,,,,,,,,,Y,,,,,,,REAR-LEFT-CORNER,,,,,,,,,,,,,,,,,,,,,,,,,,,,,,,,,
2125465,331f6b9b6e466df2f69f5ebe607bfc4bf1a11be9335aabb511c34c8fc6095f059acd80d3b44615d4fe8dfc645819d93e77ca5e8037054f9ccbce252e71360806,08/10/2025 07:20:00 AM,1,DRIVER,,2026206,,CHEVROLET,EQUINOX,IL,2015,NONE,PASSENGER,PERSONAL,W,BACKING,,,1,,,,,,,,,,Y,,,,,,,,REAR,,,,,,,,,,,,,,,,,,,,,,,,,,,,,,,,,
2125466,331f6b9b6e466df2f69f5ebe607bfc4bf1a11be9335aabb511c34c8fc6095f059acd80d3b44615d4fe8dfc645819d93e77ca5e8037054f9ccbce252e71360806,08/10/2025 07:20:00 AM,2,DRIVER,,2026207,,LINCOLN,MKZ,IL,2012,UNKNOWN,PASSENGER,PERSONAL,E,OTHER,,,1,,,,,,,,,,,,,,,,Y,,FRONT,,,,,,,,,,,,,,,,,,,,,,,,,,,,,,,,,
2125679,238075677f4daf310216a7a2737289dadf29d1affa15d426c6a0742a075495b83ded1a8474d0860fd17070fa70d60e42838d90d2247c42ca6aca42a9555b752d,08/10/2025 07:15:00 AM,1,DRIVER,,2026396,,HONDA,CR-V,IL,2018,NONE,SPORT UTILITY VEHICLE (SUV),PERSONAL,N,STRAIGHT AHEAD,,,1,,,,,,,,,,,Y,Y,Y,Y,Y,,,FRONT-LEFT-CORNER,,,,,,,,,,,,,,,,,,,,,,,,,,,,,,,,,
2125461,b86769eba1d74e9168dac400858821d34854cbead3aba1362579ae2fd62df113294b0475aa083d73df137fc286e70ba6a0b74314932233d5449af5cadaf91940,08/10/2025 07:15:00 AM,1,DRIVER,,2026241,,HONDA,OTHER (EXPLAIN IN NARRATIVE),IL,2009,NONE,PASSENGER,PERSONAL,S,STRAIGHT AHEAD,,,1,,,,,,,,,,,,,,,,Y,,FRONT,,,,,,,,,,,,,,,,,,,,,,,,,,,,,,,,,
2125462,b86769eba1d74e9168dac400858821d34854cbead3aba1362579ae2fd62df113294b0475aa083d73df137fc286e70ba6a0b74314932233d5449af5cadaf91940,08/10/2025 07:15:00 AM,2,DRIVER,,2026201,,TOYOTA,RAV4,IL,2015,NONE,PASSENGER,PERSONAL,S,STRAIGHT AHEAD,,,1,,,,,,,,,,Y,,,,,,,,REAR,,,,,,,,,,,,,,,,,,,,,,,,,,,,,,,,,
2125448,b547a72d29b9f97f6bb68ca08e879f6d60aacbcd9ad5611bca018ade2621752ea8a184ca5ba7ce7d227f455ad57d20150b6c9e113a45024c99f9c83a5e460244,08/10/2025 07:03:00 AM,1,DRIVER,,2026189,,FORD,EXPLORER,IL,2023,NONE,SPORT UTILITY VEHICLE (SUV),POLICE,E,UNKNOWN/NA,,,1,,,,,,,,,,,,,,,Y,,,SIDE-LEFT-FRONT,,,,,,,,,,,,,,,,,,,,,,,,,,,,,,,,,
2125474,857fa4ba76123d2c4ae296fb341a54b15b2c39a262789d1a1649702b4b493b09697f80cf205070e6ef1dbcbb85a514190ca8a70c12947bb54664decc2699b7ca,08/10/2025 07:00:00 AM,1,DRIVER,,2026214,,HYUNDAI,TUCSON,IL,2011,NONE,PASSENGER,PERSONAL,W,STRAIGHT AHEAD,,,1,,,,,Y,,,,,,,,,,Y,Y,,FRONT,,,,,,,,,,,,,,,,,,,,,,,,,,,,,,,,,
2125475,857fa4ba76123d2c4ae296fb341a54b15b2c39a262789d1a1649702b4b493b09697f80cf205070e6ef1dbcbb85a514190ca8a70c12947bb54664decc2699b7ca,08/10/2025 07:00:00 AM,2,DRIVER,,2026227,,TOYOTA,CAMRY,IL,2021,NONE,PASSENGER,PERSONAL,W,STRAIGHT AHEAD,,,1,,,,,,,,,Y,Y,Y,,,,,,,REAR,,,,,,,,,,,,,,,,,,,,,,,,,,,,,,,,,
2125451,f8ed681d2545cdc7c5aa81825a2d6dff44a70bb0e759fffda0f4ccf11df4f7692a37cb23dc12daf229ba5861b5dc3d996cea23b3a517e508a096634b388e075d,08/10/2025 06:55:00 AM,1,DRIVER,,2026191,,UNKNOWN,MOTORIZED,,,UNKNOWN,PASSENGER,UNKNOWN/NA,S,STRAIGHT AHEAD,,,1,,,,,,,,,,,,,,Y,Y,Y,,FRONT-LEFT-CORNER,,,,,,,,,,,,,,,,,,,,,,,,,,,,,,,,,