CRASH_UNIT_ID,CRASH_RECORD_ID,CRASH_DATE,UNIT_NO,UNIT_TYPE,NUM_PASSENGERS,VEHICLE_ID,CMRC_VEH_I,MAKE,MODEL,LIC_PLATE_STATE,VEHICLE_YEAR,VEHICLE_DEFECT,VEHICLE_TYPE,VEHICLE_USE,TRAVEL_DIRECTION,MANEUVER,TOWED_I,FIRE_I,OCCUPANT_CNT,EXCEED_SPEED_LIMIT_I,TOWED_BY,TOWED_TO,AREA_00_I,AREA_01_I,AREA_02_I,AREA_03_I,AREA_04_I,AREA_05_I,AREA_06_I,AREA_07_I,AREA_08_I,AREA_09_I,AREA_10_I,AREA_11_I,AREA_12_I,AREA_99_I,FIRST_CONTACT_POINT,CMV_ID,USDOT_NO,CCMC_NO,ILCC_NO,COMMERCIAL_SRC,GVWR,CARRIER_NAME,CARRIER_STATE,CARRIER_CITY,HAZMAT_PLACARDS_I,HAZMAT_NAME,UN_NO,HAZMAT_PRESENT_I,HAZMAT_REPORT_I,HAZMAT_REPORT_NO,MCS_REPORT_I,MCS_REPORT_NO,HAZMAT_VIO_CAUSE_CRASH_I,MCS_VIO_CAUSE_CRASH_I,IDOT_PERMIT_NO,WIDE_LOAD_I,TRAILER1_WIDTH,TRAILER2_WIDTH,TRAILER1_LENGTH,TRAILER2_LENGTH,TOTAL_VEHICLE_LENGTH,AXLE_CNT,VEHICLE_CONFIG,CARGO_BODY_TYPE,LOAD_TYPE,HAZMAT_OUT_OF_SERVICE_I,MCS_OUT_OF_SERVICE_I,HAZMAT_CLASS
2125452,f8ed681d2545cdc7c5aa81825a2d6dff44a70bb0e759fffda0f4ccf11df4f7692a37cb23dc12daf229ba5861b5dc3d996cea23b3a517e508a096634b388e075d,08/10/2025 06:55:00 AM,2,DRIVER,,2026195,,DODGE,CHARGER,IL,2020,UNKNOWN,PASSENGER,PERSONAL,SW,TURNING LEFT,Y,,1,,,,,Y,Y,,,,,,,,,,Y,,FRONT-RIGHT-CORNER,,,,,,,,,,,,,,,,,,,,,,,,,,,,,,,,,
2125457,2296115e8e986fee8fba146f177d1404e889616156ae2fb98e4a9a2bb1dea2d7ffc237df4f603dd1ce69d4e1808b911004e3ca750449cb0324c73548fe266a55,08/10/2025 06:50:00 AM,1,DRIVER,,2026203,,LINCOLN,MKZ,IL,2013,NONE,SPORT UTILITY VEHICLE (SUV),PERSONAL,E,STRAIGHT AHEAD,,,1,,,,,Y,,,,,,,,,,Y,Y,,FRONT,,,,,,,,,,,,,,,,,,,,,,,,,,,,,,,,,
2125458,2296115e8e986fee8fba146f177d1404e889616156ae2fb98e4a9a2bb1dea2d7ffc237df4f603dd1ce69d4e1808b911004e3ca750449cb0324c73548fe266a55,08/10/2025 06:50:00 AM,2,BICYCLE,,,,,,,,,,,,,,,,,,,,,,,,,,,,,,,,,,,,,,,,,,,,,,,,,,,,,,,,,,,,,,,,,,
2125478,995ebcf66590f065ad97f401f1c68385ae922c5a4574f116e6ab1c8270f3886767e8703033225f7897c5470ef0559c51ea9306daf277e8ae27ad3a7d4869ead9,08/10/2025 06:50:00 AM,1,DRIVER,,2026218,,FORD,EXPLORER,IL,2011,UNKNOWN,SPORT UTILITY VEHICLE (SUV),PERSONAL,N,STRAIGHT AHEAD,Y,,1,,personal tow,,,Y,Y,Y,,,,,,,,,Y,,FRONT-RIGHT-CORNER,,,,,,,,,,,,,,,,,,,,,,,,,,,,,,,,,
2125479,995ebcf66590f065ad97f401f1c68385ae922c5a4574f116e6ab1c8270f3886767e8703033225f7897c5470ef0559c51ea9306daf277e8ae27ad3a7d4869ead9,08/10/2025 06:50:00 AM,2,PARKED,,2026221,,FORD,FOCUS,IL,2010,UNKNOWN,PASSENGER,PERSONAL,N,PARKED,,,0,,,,,,,,,,Y,Y,Y,,,,,,REAR-LEFT-CORNER,,,,,,,,,,,,,,,,,,,,,,,,,,,,,,,,,
2125480,995ebcf66590f065ad97f401f1c68385ae922c5a4574f116e6ab1c8270f3886767e8703033225f7897c5470ef0559c51ea9306daf277e8ae27ad3a7d4869ead9,08/10/2025 06:50:00 AM,3,PARKED,,2026226,,CHEVROLET,TRUCK,IL,2021,UNKNOWN,TRUCK - SINGLE UNIT,COMMERCIAL - SINGLE UNIT,N,PARKED,,,0,,,,,,,,,,,Y,Y,Y,,,,,REAR-LEFT-CORNER,,,,,,,,,,,,,,,,,,,,,,,,,,,,,,,,,
2125525,d81ff632bef52d4dd672c8d72ec63fa0de874e024ac766021c9419250f86c163b6fcecf2e0d1ea436ab0209be6680de96c5cfe67be256f2a5258ffab70f26bc2,08/10/2025 06:28:00 AM,1,DRIVER,,2026265,,UNKNOWN,MOTORIZED,,,UNKNOWN,UNKNOWN/NA,UNKNOWN/NA,W,STRAIGHT AHEAD,,,1,,,,,,,,,,,,,,,,,Y,UNKNOWN,,,,,,,,,,,,,,,,,,,,,,,,,,,,,,,,,
2125526,d81ff632bef52d4dd672c8d72ec63fa0de874e024ac766021c9419250f86c163b6fcecf2e0d1ea436ab0209be6680de96c5cfe67be256f2a5258ffab70f26bc2,08/10/2025 06:28:00 AM,2,PEDESTRIAN,,,,,,,,,,,,,,,,,,,,,,,,,,,,,,,,,,,,,,,,,,,,,,,,,,,,,,,,,,,,,,,,,,
2125463,07f3aaf929a760c3fb356ebef0777b2c006f7b5b2f64d21c98927dd9e16d856ea82501534c2c096945ac72b4710aab68c2c79e4ea8989f0f4c13545fc29efc9c,08/10/2025 06:21:00 AM,1,PARKED,,2026205,,TOYOTA,PRIUS,IL,2011,NONE,PASSENGER,RIDESHARE SERVICE,S,PARKED IN TRAFFIC LANE,,,0,,,,,,,Y,Y,,,,,,,,,,SIDE-LEFT-REAR,,,,,,,,,,,,,,,,,,,,,,,,,,,,,,,,,
2125464,07f3aaf929a760c3fb356ebef0777b2c006f7b5b2f64d21c98927dd9e16d856ea82501534c2c096945ac72b4710aab68c2c79e4ea8989f0f4c13545fc29efc9c,08/10/2025 06:21:00 AM,2,DRIVER,,2026208,,TOYOTA,HIGHLANDER,IL,2024,NONE,SPORT UTILITY VEHICLE (SUV),PERSONAL,S,STRAIGHT AHEAD,,,1,,,,,,,,,,,,,,Y,Y,,,FRONT-LEFT-CORNER,,,,,,,,,,,,,,,,,,,,,,,,,,,,,,,,,
2125453,469a80adae928beaff8e1f536a20e190a72e88c4d64f5074f49ced98b677679a88f893b2caa8f55cc9ace87619b6c0cbbd025ca6a0eaf466f494f1208a93dfb7,08/10/2025 06:05:00 AM,1,DRIVER,,2026192,,CHEVROLET,VAN,IL,,UNKNOWN,VAN/MINI-VAN,UNKNOWN/NA,SE,STRAIGHT AHEAD,,,1,,,,,,,,,,,,,,,,,Y,FRONT,,,,,,,,,,,,,,,,,,,,,,,,,,,,,,,,,
2125454,469a80adae928beaff8e1f536a20e190a72e88c4d64f5074f49ced98b677679a88f893b2caa8f55cc9ace87619b6c0cbbd025ca6a0eaf466f494f1208a93dfb7,08/10/2025 06:05:00 AM,2,DRIVER,2,2026196,,NISSAN,ALTIMA,IL,2014,NONE,PASSENGER,PERSONAL,W,STRAIGHT AHEAD,Y,,3,,PRIVATE TOW,,,Y,,,,,,,,,,,Y,,FRONT-RIGHT-CORNER,,,,,,,,,,,,,,,,,,,,,,,,,,,,,,,,,
2125585,4dec0d566986196e79a142e030b9046c0236fd91f4faa586dd3554b7d1a318cd71f062ceaf07317cbcd7a5c0983aaf020d58276f8a2923b5d75944adf70e516b,08/10/2025 06:00:00 AM,1,DRIVER,,2026316,,UNKNOWN,MOTORIZED,,,UNKNOWN,UNKNOWN/NA,UNKNOWN/NA,UNKNOWN,UNKNOWN/NA,,,1,,,,,,,,,,,,,,,,,Y,UNKNOWN,,,,,,,,,,,,,,,,,,,,,,,,,,,,,,,,,
2125586,4dec0d566986196e79a142e030b9046c0236fd91f4faa586dd3554b7d1a318cd71f062ceaf07317cbcd7a5c0983aaf020d58276f8a2923b5d75944adf70e516b,08/10/2025 06:00:00 AM,2,PARKED,,2026317,,JEEP,COMPASS,IL,2024,UNKNOWN,SPORT UTILITY VEHICLE (SUV),NOT IN USE,S,PARKED,,,0,,,,,Y,,,,,,,,,,Y,Y,,FRONT,,,,,,,,,,,,,,,,,,,,,,,,,,,,,,,,,
2125428,e467178e3c3b872e05eef8da96ac28348a1c9b7a28c3a8d2ea5ef998cde5078ace72b035a0964405f7ed0bf3c7816197dd78ce7c6ee1deb526cb58897e555739,08/10/2025 06:00:00 AM,1,DRIVER,,2026176,,NISSAN,PATHFINDER,IL,2017,UNKNOWN,PASSENGER,PERSONAL,E,STRAIGHT AHEAD,Y,,1,,personal tow,,,Y,Y,,,,,,,,,,,,FRONT-RIGHT-CORNER,,,,,,,,,,,,,,,,,,,,,,,,,,,,,,,,,
2125429,e467178e3c3b872e05eef8da96ac28348a1c9b7a28c3a8d2ea5ef998cde5078ace72b035a0964405f7ed0bf3c7816197dd78ce7c6ee1deb526cb58897e555739,08/10/2025 06:00:00 AM,2,DRIVER,,2026179,,LINCOLN,OTHER (EXPLAIN IN NARRATIVE),IL,2023,UNKNOWN,PASSENGER,PERSONAL,E,STRAIGHT AHEAD,,,1,,,,,,,,,,,Y,Y,,,,,,REAR-LEFT-CORNER,,,,,,,,,,,,,,,,,,,,,,,,,,,,,,,,,
2125445,9f9b77ddeecc90d48f1d02ea3cca8ac1b1c8f2100ade3ef25e1175ba3de1881fdba346c1cb35449f6cde96e7b028ae6d53037d945e2ecfbe415540415e5284ee,08/10/2025 05:44:00 AM,1,DRIVER,1,2026185,,CHEVROLET,BLAZER,IL,2021,UNKNOWN,SPORT UTILITY VEHICLE (SUV),PERSONAL,S,STRAIGHT AHEAD,,,2,,,,,Y,,,,,,,,,,Y,Y,,FRONT,,,,,,,,,,,,,,,,,,,,,,,,,,,,,,,,,
2125446,9f9b77ddeecc90d48f1d02ea3cca8ac1b1c8f2100ade3ef25e1175ba3de1881fdba346c1cb35449f6cde96e7b028ae6d53037d945e2ecfbe415540415e5284ee,08/10/2025 05:44:00 AM,2,DRIVER,1,2026187,,INFINITI,Q30,IL,2017,NONE,PASSENGER,PERSONAL,S,STRAIGHT AHEAD,,,2,,,,,,,,,,Y,,,,,,,,REAR,,,,,,,,,,,,,,,,,,,,,,,,,,,,,,,,,
2125447,9f9b77ddeecc90d48f1d02ea3cca8ac1b1c8f2100ade3ef25e1175ba3de1881fdba346c1cb35449f6cde96e7b028ae6d53037d945e2ecfbe415540415e5284ee,08/10/2025 05:44:00 AM,3,DRIVER,,2026194,,DODGE,DURANGO,,2016,NONE,SPORT UTILITY VEHICLE (SUV),PERSONAL,W,STRAIGHT AHEAD,,,1,,,,,Y,Y,Y,,,,,,,,,,,SIDE-RIGHT-FRONT,,,,,,,,,,,,,,,,,,,,,,,,,,,,,,,,,
2125430,10a64b6a1810d5b12214bc3a33bc194f0035cecb224a97a1456097eb9d415654696b8672477f3e3c5b4aa8b545034383e06806a50626eba3cf65fc3ae13b2e82,08/10/2025 05:40:00 AM,1,DRIVER,,2026173,,NISSAN,ALTIMA,IL,2018,NONE,PASSENGER,PERSONAL,W,STRAIGHT AHEAD,Y,,1,,CITY OF CHICAGO,701 N SACREMENTO AVE,,N,Y,Y,Y,Y,Y,,,,,,,,SIDE-RIGHT,,,,,,,,,,,,,,,,,,,,,,,,,,,,,,,,,
2125431,10a64b6a1810d5b12214bc3a33bc194f0035cecb224a97a1456097eb9d415654696b8672477f3e3c5b4aa8b545034383e06806a50626eba3cf65fc3ae13b2e82,08/10/2025 05:40:00 AM,2,PARKED,,2026175,,CHEVROLET,CRUZE,IL,2014,NONE,PASSENGER,NOT IN USE,W,PARKED,,,0,,,,,,,,,,Y,Y,Y,Y,,,,,REAR-LEFT-CORNER,,,,,,,,,,,,,,,,,,,,,,,,,,,,,,,,,
2125725,76e5733fe584e011ad75a6a10678fbb88a90f1828368c00cb2abb21cf337f4823ead3ce9f92c13ab3164cd1c383fd2500ff8fd48f59d58e8722f4eb02511b6a6,08/10/2025 05:30:00 AM,1,DRIVER,,2026440,,FORD,ESCAPE,IL,2015,UNKNOWN,UNKNOWN/NA,UNKNOWN/NA,E,UNKNOWN/NA,Y,,1,,CITY OF CHICAGO,DOTY,,Y,Y,,,,,,,,,Y,Y,,FRONT,,,,,,,,,,,,,,,,,,,,,,,,,,,,,,,,,
2125726,76e5733fe584e011ad75a6a10678fbb88a90f1828368c00cb2abb21cf337f4823ead3ce9f92c13ab3164cd1c383fd2500ff8fd48f59d58e8722f4eb02511b6a6,08/10/2025 05:30:00 AM,2,PARKED,,2026441,,DODGE,DAKOTA,IL,2000,NONE,TRUCK - SINGLE UNIT,NOT IN USE,E,PARKED,,,0,,,,,Y,,,,Y,Y,Y,,,,Y,Y,,REAR,,,,,,,,,,,,,,,,,,,,,,,,,,,,,,,,,
2125727,76e5733fe584e011ad75a6a10678fbb88a90f1828368c00cb2abb21cf337f4823ead3ce9f92c13ab3164cd1c383fd2500ff8fd48f59d58e8722f4eb02511b6a6,08/10/2025 05:30:00 AM,3,PARKED,,2026442,,NISSAN,SENTRA,IL,2021,NONE,PASSENGER,NOT IN USE,E,PARKED,,,0,,,,,Y,,,,,Y,,,,,Y,Y,,REAR,,,,,,,,,,,,,,,,,,,,,,,,,,,,,,,,,
2125728,76e5733fe584e011ad75a6a10678fbb88a90f1828368c00cb2abb21cf337f4823ead3ce9f92c13ab3164cd1c383fd2500ff8fd48f59d58e8722f4eb02511b6a6,08/10/2025 05:30:00 AM,4,PARKED,,2026443,,CHEVROLET,TRAVERSE,IL,2023,NONE,PASSENGER,NOT IN USE,E,PARKED,,,0,,,,,,,,,,Y,,,,,,,,REAR,,,,,,,,,,,,,,,,,,,,,,,,,,,,,,,,,
2125436,81b38d00c02892523aacbbb562f2303326b50945828b631811d3d1d7e08ae7028d6d49ab14711a6c100aa39783079ecb7310697aa63aa5f1664e08f51ee9ffa8,08/10/2025 05:15:00 AM,1,DRIVER,,2026182,,UNKNOWN,OTHER (EXPLAIN IN NARRATIVE),IL,,UNKNOWN,OTHER,TOW TRUCK,E,STRAIGHT AHEAD,,,1,,,,,,,,,,,,,,,,,Y,FRONT,,,,,,,,,,,,,,,,,,,,,,,,,,,,,,,,,
2125437,81b38d00c02892523aacbbb562f2303326b50945828b631811d3d1d7e08ae7028d6d49ab14711a6c100aa39783079ecb7310697aa63aa5f1664e08f51ee9ffa8,08/10/2025 05:15:00 AM,2,DRIVER,,2026184,,UNKNOWN,OTHER (EXPLAIN IN NARRATIVE),,,UNKNOWN,OTHER,TOW TRUCK,E,STRAIGHT AHEAD,,,1,,,,,,,,,,,,,,,,N,Y,FRONT,,,,,,,,,,,,,,,,,,,,,,,,,,,,,,,,,
2125438,81b38d00c02892523aacbbb562f2303326b50945828b631811d3d1d7e08ae7028d6d49ab14711a6c100aa39783079ecb7310697aa63aa5f1664e08f51ee9ffa8,08/10/2025 05:15:00 AM,3,DRIVER,,2026186,,GENERAL MOTORS CORPORATION (GMC),ACADIA,IL,2015,NONE,PASSENGER,PERSONAL,E,STRAIGHT AHEAD,Y,,1,,E&R,POUND 2,,,,,,Y,Y,Y,,,,,,,REAR,,,,,,,,,,,,,,,,,,,,,,,,,,,,,,,,,
2125439,d564ff7e407b16875d6080172e988499e97a96599af6602b91247a1fa989137aea32fbbdf45e06c374761f2a1271594e571e058596f0dbf9a74be6b55939e42c,08/10/2025 05:10:00 AM,1,DRIVER,3,2026181,,FORD,F150,IL,,UNKNOWN,PICKUP,UNKNOWN/NA,E,STRAIGHT AHEAD,,,4,,,,,,,,,,,,,,,,,Y,NONE,,,,,,,,,,,,,,,,,,,,,,,,,,,,,,,,,
2125704,a95109e24462aa65451bd9ad80c21566ff9c926d5de6edd094af451b365a0bfee73f46767c41b7235b01742b9e6068397ccea294d2df1cd0a6d0ee1a771fb723,08/10/2025 05:00:00 AM,1,DRIVER,,2026436,,CHEVROLET,BLAZER,MI,2024,NONE,SPORT UTILITY VEHICLE (SUV),PERSONAL,SE,MERGING,,,1,,,,,Y,,,,,,,,,,,,,FRONT-RIGHT-CORNER,,,,,,,,,,,,,,,,,,,,,,,,,,,,,,,,,
2125705,a95109e24462aa65451bd9ad80c21566ff9c926d5de6edd094af451b365a0bfee73f46767c41b7235b01742b9e6068397ccea294d2df1cd0a6d0ee1a771fb723,08/10/2025 05:00:00 AM,2,PARKED,,2026464,,TESLA,MODEL 3,IL,2022,NONE,PASSENGER,PERSONAL,E,PARKED,,,0,,,,,Y,Y,,,,,,,,,,,,FRONT-RIGHT-CORNER,,,,,,,,,,,,,,,,,,,,,,,,,,,,,,,,,
2126042,b8a68a889d2c16b3da978d4203f80bb290c55b54b5514121b9978768c37320e4a6ca38f7bebd146794fd01c4cfca22c5c246da1b0169a7375e2282d1be017882,08/10/2025 05:00:00 AM,1,DRIVER,,2026751,,DODGE,CARAVAN,IL,2019,UNKNOWN,PASSENGER,UNKNOWN/NA,W,PASSING/OVERTAKING,,,1,,,,,,Y,Y,Y,,,,,,,,,,SIDE-RIGHT,,,,,,,,,,,,,,,,,,,,,,,,,,,,,,,,,
2126043,b8a68a889d2c16b3da978d4203f80bb290c55b54b5514121b9978768c37320e4a6ca38f7bebd146794fd01c4cfca22c5c246da1b0169a7375e2282d1be017882,08/10/2025 05:00:00 AM,2,DRIVER,,2026758,,MITSUBISHI,OUTLANDER,IL,2018,UNKNOWN,PASSENGER,UNKNOWN/NA,W,SLOW/STOP IN TRAFFIC,,,1,,,,,,,,,,,Y,,,,,,,REAR-LEFT-CORNER,,,,,,,,,,,,,,,,,,,,,,,,,,,,,,,,,
2125455,d31504c0645fef926b04284a9ff4a6ef2de7fc70987aa04c31e352c779866020b0504b513a8bf92acd147bbd37bf3ef31eb1e41050389f4fa31268ede3318120,08/10/2025 05:00:00 AM,1,DRIVER,,2026198,,UNKNOWN,OTHER (EXPLAIN IN NARRATIVE),IL,,UNKNOWN,UNKNOWN/NA,UNKNOWN/NA,UNKNOWN,UNKNOWN/NA,,,1,,,,,,,,,,,,,,,,,,UNKNOWN,,,,,,,,,,,,,,,,,,,,,,,,,,,,,,,,,
2125456,d31504c0645fef926b04284a9ff4a6ef2de7fc70987aa04c31e352c779866020b0504b513a8bf92acd147bbd37bf3ef31eb1e41050389f4fa31268ede3318120,08/10/2025 05:00:00 AM,2,PARKED,,2026202,,HONDA,OTHER (EXPLAIN IN NARRATIVE),IL,2020,UNKNOWN,PASSENGER,NOT IN USE,S,PARKED,,,0,,,,,,,,,,,,,,Y,Y,,,FRONT-LEFT-CORNER,,,,,,,,,,,,,,,,,,,,,,,,,,,,,,,,,
2128877,d4d1cb30b48f4a244f6fb88ed8631e4cdf55038f1d7d2b6b02846309f0dc37507061db77a4ef5938631d397638226fe8d1003398e4999928ecef7fa18ebcb239,08/10/2025 05:00:00 AM,1,DRIVER,,2029441,,CADILLAC,ESCALADE,,,UNKNOWN,SPORT UTILITY VEHICLE (SUV),UNKNOWN/NA,E,STRAIGHT AHEAD,,,1,,,,,,,,,,,,,,,,Y,,FRONT,,,,,,,,,,,,,,,,,,,,,,,,,,,,,,,,,
2128878,d4d1cb30b48f4a244f6fb88ed8631e4cdf55038f1d7d2b6b02846309f0dc37507061db77a4ef5938631d397638226fe8d1003398e4999928ecef7fa18ebcb239,08/10/2025 05:00:00 AM,2,DRIVER,,2029442,,DODGE,DURANGO,IL,2020,NONE,SPORT UTILITY VEHICLE (SUV),PERSONAL,E,SLOW/STOP IN TRAFFIC,,,1,,,,,,,,,,Y,,,,,,,,REAR,,,,,,,,,,,,,,,,,,,,,,,,,,,,,,,,,
2125476,f5875bbe96992efb0c66e97a0428742a487dddcc7caf5705d69871d373290d92165df2e3de65586e443b92608b26399d7987fad307af43e2c382e0e21351d6b1,08/10/2025 04:50:00 AM,1,DRIVER,,2026215,,HONDA,ACCORD,IL,2007,UNKNOWN,PASSENGER,UNKNOWN/NA,E,DRIVING WRONG WAY,,,1,,,,,Y,Y,,N,N,,,,,,,,,SIDE-RIGHT-REAR,,,,,,,,,,,,,,,,,,,,,,,,,,,,,,,,,
2125477,f5875bbe96992efb0c66e97a0428742a487dddcc7caf5705d69871d373290d92165df2e3de65586e443b92608b26399d7987fad307af43e2c382e0e21351d6b1,08/10/2025 04:50:00 AM,2,DRIVER,,2026225,,HYUNDAI,ELANTRA,IL,2008,NONE,PASSENGER,PERSONAL,W,STRAIGHT AHEAD,,,1,,,,,,,,Y,Y,,,,,,,,,SIDE-RIGHT-REAR,,,,,,,,,,,,,,,,,,,,,,,,,,,,,,,,,
2125459,ebe697d795333a2ad03abd063a0f7298891f3f92cfea5040ba52aa1bcbe7e90128c3990eb7313904a593383c8a176e61741b82940b1c6e32ac8323f3d92b4325,08/10/2025 04:45:00 AM,1,DRIVER,,2026199,,NISSAN,PATHFINDER,IL,2015,UNKNOWN,PASSENGER,PERSONAL,S,STRAIGHT AHEAD,,,1,,,,,Y,,,,,,,,,,,,,FRONT-RIGHT-CORNER,,,,,,,,,,,,,,,,,,,,,,,,,,,,,,,,,
2125460,ebe697d795333a2ad03abd063a0f7298891f3f92cfea5040ba52aa1bcbe7e90128c3990eb7313904a593383c8a176e61741b82940b1c6e32ac8323f3d92b4325,08/10/2025 04:45:00 AM,2,PARKED,,2026200,,TOYOTA,COROLLA,IL,2023,NONE,PASSENGER,PERSONAL,S,PARKED,,,0,,,,,,,,,,,Y,,,,,,,SIDE-LEFT-REAR,,,,,,,,,,,,,,,,,,,,,,,,,,,,,,,,,
2125424,e0db8281f7a184b80b25ecd1228ff0dce39e0b52218e2fc5de75aa2a172c29bf7768db18b67564a0c40ce716f55bd2106847193abbe41829877ca755b3d95dbc,08/10/2025 04:36:00 AM,1,DRIVER,,2026174,,UNKNOWN,MOTORIZED,IL,,UNKNOWN,PASSENGER,UNKNOWN/NA,W,STRAIGHT AHEAD,,,1,,,,,,,,,,,,,,,,Y,,FRONT,,,,,,,,,,,,,,,,,,,,,,,,,,,,,,,,,
2125425,e0db8281f7a184b80b25ecd1228ff0dce39e0b52218e2fc5de75aa2a172c29bf7768db18b67564a0c40ce716f55bd2106847193abbe41829877ca755b3d95dbc,08/10/2025 04:36:00 AM,2,DRIVER,,2026168,,CHEVROLET,EQUINOX,IL,2015,UNKNOWN,SPORT UTILITY VEHICLE (SUV),PERSONAL,W,SLOW/STOP IN TRAFFIC,,,1,,,,,,,,,,Y,,,,,,,,REAR,,,,,,,,,,,,,,,,,,,,,,,,,,,,,,,,,
2125432,a96f3a1234fdc1d7366d90f6187cf66b32aab73fa01311a4c09869faba8ae4cd294a399eac21de1ecd5b2562154386d469bbda0ce1832de17c5825308d2590d3,08/10/2025 04:34:00 AM,1,DRIVER,,2026178,,TOYOTA,CAMRY,IL,1999,NONE,PASSENGER,PERSONAL,S,STRAIGHT AHEAD,Y,,1,,,,,Y,Y,,Y,Y,,,,Y,Y,Y,Y,,FRONT,,,,,,,,,,,,,,,,,,,,,,,,,,,,,,,,,
2125561,c0823e059839dc897585bf95688eba8295e93c2b82bd6b1d1b1b6cb799d175dbceacbb35e6437f1c1e49864ed69e4b49ed2ddf63dd9d00d021d1d7814fa14f7a,08/10/2025 04:31:00 AM,1,DRIVER,1,2026291,,NISSAN,ALTIMA,IL,2013,UNKNOWN,PASSENGER,UNKNOWN/NA,N,STRAIGHT AHEAD,,,2,,,,,,,,,,,,,,,Y,Y,,FRONT-LEFT-CORNER,,,,,,,,,,,,,,,,,,,,,,,,,,,,,,,,,
2125562,c0823e059839dc897585bf95688eba8295e93c2b82bd6b1d1b1b6cb799d175dbceacbb35e6437f1c1e49864ed69e4b49ed2ddf63dd9d00d021d1d7814fa14f7a,08/10/2025 04:31:00 AM,2,DRIVER,,2026295,,FORD,FUSION,IL,2013,UNKNOWN,PASSENGER,PERSONAL,N,STRAIGHT AHEAD,Y,,1,,private tow,8140 s Kenwood Ave,,,,,Y,Y,Y,,,,,,,,REAR-RIGHT-CORNER,,,,,,,,,,,,,,,,,,,,,,,,,,,,,,,,,
2125426,5fa61aefd49471d15cd5107bac54e918117f83d9e08939c3033800e455cb39dd0a530efc2ab7c5b3fc8a63efb6b6cad0e7baa57a6612ca6fb7d1d0dd7c15a132,08/10/2025 04:30:00 AM,1,DRIVER,,2026171,,DODGE,JOURNEY,IL,2017,NONE,VAN/MINI-VAN,PERSONAL,S,STRAIGHT AHEAD,,,1,,,,,Y,,,,,,,,,,Y,Y,,FRONT,,,,,,,,,,,,,,,,,,,,,,,,,,,,,,,,,
2125427,5fa61aefd49471d15cd5107bac54e918117f83d9e08939c3033800e455cb39dd0a530efc2ab7c5b3fc8a63efb6b6cad0e7baa57a6612ca6fb7d1d0dd7c15a132,08/10/2025 04:30:00 AM,2,DRIVER,1,2026172,,FORD,EDGE,IL,2021,NONE,SPORT UTILITY VEHICLE (SUV),PERSONAL,S,SLOW/STOP IN TRAFFIC,,,2,,,,,,,,,Y,Y,,,,,,,,REAR,,,,,,,,,,,,,,,,,,,,,,,,,,,,,,,,,
2125619,96b5e42c7d7d12bca8e4d99326646bc7efc5b43d6c7860b31465e5be1e3e38f533c4a12b304b4d9af38341b43086bef74c2a1e29562936c952c0cbd0499cb2a1,08/10/2025 04:26:00 AM,1,DRIVER,,2026346,,MAZDA,CX-5,IL,2020,UNKNOWN,PASSENGER,UNKNOWN/NA,S,STRAIGHT AHEAD,,,1,,,,,Y,,,,,,,,,,,,,FRONT-RIGHT-CORNER,,,,,,,,,,,,,,,,,,,,,,,,,,,,,,,,,
2125620,96b5e42c7d7d12bca8e4d99326646bc7efc5b43d6c7860b31465e5be1e3e38f533c4a12b304b4d9af38341b43086bef74c2a1e29562936c952c0cbd0499cb2a1,08/10/2025 04:26:00 AM,2,PARKED,,2026353,,JEEP,COMPASS,IL,2024,UNKNOWN,PASSENGER,UNKNOWN/NA,S,PARKED,,,0,,,,,,,,,,,Y,,,,,,,SIDE-LEFT-REAR,,,,,,,,,,,,,,,,,,,,,,,,,,,,,,,,,
2125621,96b5e42c7d7d12bca8e4d99326646bc7efc5b43d6c7860b31465e5be1e3e38f533c4a12b304b4d9af38341b43086bef74c2a1e29562936c952c0cbd0499cb2a1,08/10/2025 04:26:00 AM,3,PARKED,,2026358,,CHEVROLET,OTHER (EXPLAIN IN NARRATIVE),IL,2013,UNKNOWN,PASSENGER,UNKNOWN/NA,S,STRAIGHT AHEAD,,,0,,,,,,,,,,Y,,,,,,,,REAR,,,,,,,,,,,,,,,,,,,,,,,,,,,,,,,,,
2125611,8d2043e4bfb0e3f91556dc8554f8dcbc1864310bba8432b93f2345dc3ea4528e7763dc563f7aea1f9c5f06836e619912fbe5fb6e17f145d6143154a8825801a9,08/10/2025 04:15:00 AM,1,DRIVER,3,2026369,,BUICK,REGAL,IL,2011,NONE,PASSENGER,PERSONAL,S,TURNING LEFT,,,4,,,,,,,,,,,,,,,,,Y,UNKNOWN,,,,,,,,,,,,,,,,,,,,,,,,,,,,,,,,,
2125612,8d2043e4bfb0e3f91556dc8554f8dcbc1864310bba8432b93f2345dc3ea4528e7763dc563f7aea1f9c5f06836e619912fbe5fb6e17f145d6143154a8825801a9,08/10/2025 04:15:00 AM,2,DRIVER,,2026376,,CHEVROLET,TAHOE,IL,1996,NONE,SPORT UTILITY VEHICLE (SUV),PERSONAL,S,TURNING LEFT,,,1,,,,,,,,Y,Y,,,,,,,,,SIDE-RIGHT-REAR,,,,,,,,,,,,,,,,,,,,,,,,,,,,,,,,,