CRASH_UNIT_ID,CRASH_RECORD_ID,CRASH_DATE,UNIT_NO,UNIT_TYPE,NUM_PASSENGERS,VEHICLE_ID,CMRC_VEH_I,MAKE,MODEL,LIC_PLATE_STATE,VEHICLE_YEAR,VEHICLE_DEFECT,VEHICLE_TYPE,VEHICLE_USE,TRAVEL_DIRECTION,MANEUVER,TOWED_I,FIRE_I,OCCUPANT_CNT,EXCEED_SPEED_LIMIT_I,TOWED_BY,TOWED_TO,AREA_00_I,AREA_01_I,AREA_02_I,AREA_03_I,AREA_04_I,AREA_05_I,AREA_06_I,AREA_07_I,AREA_08_I,AREA_09_I,AREA_10_I,AREA_11_I,AREA_12_I,AREA_99_I,FIRST_CONTACT_POINT,CMV_ID,USDOT_NO,CCMC_NO,ILCC_NO,COMMERCIAL_SRC,GVWR,CARRIER_NAME,CARRIER_STATE,CARRIER_CITY,HAZMAT_PLACARDS_I,HAZMAT_NAME,UN_NO,HAZMAT_PRESENT_I,HAZMAT_REPORT_I,HAZMAT_REPORT_NO,MCS_REPORT_I,MCS_REPORT_NO,HAZMAT_VIO_CAUSE_CRASH_I,MCS_VIO_CAUSE_CRASH_I,IDOT_PERMIT_NO,WIDE_LOAD_I,TRAILER1_WIDTH,TRAILER2_WIDTH,TRAILER1_LENGTH,TRAILER2_LENGTH,TOTAL_VEHICLE_LENGTH,AXLE_CNT,VEHICLE_CONFIG,CARGO_BODY_TYPE,LOAD_TYPE,HAZMAT_OUT_OF_SERVICE_I,MCS_OUT_OF_SERVICE_I,HAZMAT_CLASS
2126461,596a01ce690ac348642b1b4c5c65d95822e8303ff6ccb5131bd5c2f9965709a61895b5261ca0dd8e49a4b50c0a450cabf0d214c81f2924a3859e44d4d4a077a3,08/10/2025 04:06:00 AM,1,DRIVER,1,2027155,,DODGE,JOURNEY,IL,2020,UNKNOWN,SPORT UTILITY VEHICLE (SUV),PERSONAL,E,STRAIGHT AHEAD,,,2,,,,,Y,,,,,,,,,,,,,FRONT-RIGHT-CORNER,,,,,,,,,,,,,,,,,,,,,,,,,,,,,,,,,
2126462,596a01ce690ac348642b1b4c5c65d95822e8303ff6ccb5131bd5c2f9965709a61895b5261ca0dd8e49a4b50c0a450cabf0d214c81f2924a3859e44d4d4a077a3,08/10/2025 04:06:00 AM,2,DRIVER,,2027163,,JEEP,CHEROKEE,IL,2016,UNKNOWN,PASSENGER,PERSONAL,E,LEAVING TRAFFIC LANE TO PARK,,,1,,,,,,,,,,,Y,Y,,,,,,REAR-LEFT-CORNER,,,,,,,,,,,,,,,,,,,,,,,,,,,,,,,,,
2125407,3783f15996072752c04b5516bbefee5336c86a3bd5bccfb994943c0f9a021daf9083d9d086272fb6842b47284786f0dd078d94b1a88576cbd38f2c64c55be560,08/10/2025 03:57:00 AM,1,,,,,,,,,,,,,,,,,,,,,,,,,,,,,,,,,,,,,,,,,,,,,,,,,,,,,,,,,,,,,,,,,,,
2125833,3783f15996072752c04b5516bbefee5336c86a3bd5bccfb994943c0f9a021daf9083d9d086272fb6842b47284786f0dd078d94b1a88576cbd38f2c64c55be560,08/10/2025 03:57:00 AM,1,DRIVER,,2026551,N,CHEVROLET,OTHER (EXPLAIN IN NARRATIVE),IL,2020,UNKNOWN,BUS UP TO 15 PASS.,OTHER,W,STRAIGHT AHEAD,Y,,1,,,,,Y,,,Y,,,,,,,,,,UNDER CARRIAGE,,,,,,,,,,,,,,,,,,,,,,,,,,,,,,,,,
2125483,d0f96284f959f37bb7bc0b55bd5ab2f80251705507d7b0d05b74a8ee10f37ffcee849650e67d69df624dfa6efff96c6edc82500f7d314247785857c9642083c4,08/10/2025 03:50:00 AM,1,DRIVER,,2026219,,MERCEDES-BENZ,300 SERIES,IL,1999,UNKNOWN,PASSENGER,PERSONAL,N,TURNING LEFT,,,1,,,,,,,,,,,,,,Y,Y,Y,,FRONT-LEFT-CORNER,,,,,,,,,,,,,,,,,,,,,,,,,,,,,,,,,
2125484,d0f96284f959f37bb7bc0b55bd5ab2f80251705507d7b0d05b74a8ee10f37ffcee849650e67d69df624dfa6efff96c6edc82500f7d314247785857c9642083c4,08/10/2025 03:50:00 AM,2,DRIVER,,2026223,,NISSAN,SENTRA,IL,2014,NONE,PASSENGER,PERSONAL,N,TURNING RIGHT,,,1,,,,,Y,Y,,,,,,,,,,N,,FRONT-RIGHT-CORNER,,,,,,,,,,,,,,,,,,,,,,,,,,,,,,,,,
2125421,62d9f6160a074438a23d03d161a9f27096920175de1c7b64b8fb25bc62bc039b7162331d389eb70213f8f5eac78f1e6daec38ea0f1503c5cb068ad70067ae832,08/10/2025 03:46:00 AM,1,DRIVER,,2026165,,MERCEDES-BENZ,EQS,IL,2023,UNKNOWN,PASSENGER,PERSONAL,N,NEGOTIATING A CURVE,Y,,1,,,,,Y,Y,Y,Y,Y,Y,Y,Y,Y,Y,Y,Y,,FRONT-RIGHT-CORNER,,,,,,,,,,,,,,,,,,,,,,,,,,,,,,,,,
2125802,1494a4a07e12e3d4aa5d0424dca28283232f086ec277a2b7928623f45186f6a968d47437389ed147b33b8884c73bcada621518854ce964b01f11d58273117934,08/10/2025 03:30:00 AM,1,DRIVER,,2026527,,NISSAN,QUEST,IL,2008,UNKNOWN,VAN/MINI-VAN,PERSONAL,E,STRAIGHT AHEAD,Y,,1,,UNKNOWN,UNKNOWN,,Y,Y,,,,,,,,,,Y,,FRONT-RIGHT-CORNER,,,,,,,,,,,,,,,,,,,,,,,,,,,,,,,,,
2125803,1494a4a07e12e3d4aa5d0424dca28283232f086ec277a2b7928623f45186f6a968d47437389ed147b33b8884c73bcada621518854ce964b01f11d58273117934,08/10/2025 03:30:00 AM,2,PARKED,,2026528,N,DODGE,GRAND CARAVAN,IL,2015,UNKNOWN,VAN/MINI-VAN,UNKNOWN/NA,E,PARKED,,,0,,,,,,,,,,,Y,Y,Y,Y,Y,,,REAR-LEFT-CORNER,,,,,,,,,,,,,,,,,,,,,,,,,,,,,,,,,
2125804,1494a4a07e12e3d4aa5d0424dca28283232f086ec277a2b7928623f45186f6a968d47437389ed147b33b8884c73bcada621518854ce964b01f11d58273117934,08/10/2025 03:30:00 AM,3,PARKED,,2026529,,VOLKSWAGEN,GTI,IL,2011,UNKNOWN,VAN/MINI-VAN,PERSONAL,E,PARKED,,,0,,,,,,,,,,Y,Y,Y,Y,Y,N,,,REAR-LEFT-CORNER,,,,,,,,,,,,,,,,,,,,,,,,,,,,,,,,,
2125805,1494a4a07e12e3d4aa5d0424dca28283232f086ec277a2b7928623f45186f6a968d47437389ed147b33b8884c73bcada621518854ce964b01f11d58273117934,08/10/2025 03:30:00 AM,4,PARKED,,2026531,,NISSAN,ALTIMA,IL,2014,NONE,PASSENGER,NOT IN USE,E,PARKED,,,0,,,,,,,,,,,,,N,Y,Y,,,SIDE-LEFT,,,,,,,,,,,,,,,,,,,,,,,,,,,,,,,,,
2125513,fe8a05a16a44fbfa3a7299d9cf5418347346bd233a20d7441344922dcd9e1aa1558ea3930e0e5fbcf4ccd7760be4959ccb2d76df8784e4d901a54b544c879651,08/10/2025 03:30:00 AM,1,DRIVER,1,2026250,,FORD,TAURUS,IL,,UNKNOWN,PASSENGER,UNKNOWN/NA,N,STRAIGHT AHEAD,,,2,,,,,Y,,,,,,,Y,Y,Y,Y,Y,,FRONT,,,,,,,,,,,,,,,,,,,,,,,,,,,,,,,,,
2125514,fe8a05a16a44fbfa3a7299d9cf5418347346bd233a20d7441344922dcd9e1aa1558ea3930e0e5fbcf4ccd7760be4959ccb2d76df8784e4d901a54b544c879651,08/10/2025 03:30:00 AM,2,DRIVER,,2026254,,NISSAN,OTHER (EXPLAIN IN NARRATIVE),IL,2016,UNKNOWN,SPORT UTILITY VEHICLE (SUV),UNKNOWN/NA,N,STRAIGHT AHEAD,Y,,1,,five star towing,unk,,Y,,,,Y,Y,Y,,,,Y,Y,,REAR,,,,,,,,,,,,,,,,,,,,,,,,,,,,,,,,,
2125515,fe8a05a16a44fbfa3a7299d9cf5418347346bd233a20d7441344922dcd9e1aa1558ea3930e0e5fbcf4ccd7760be4959ccb2d76df8784e4d901a54b544c879651,08/10/2025 03:30:00 AM,3,PARKED,,2026258,,FORD,OTHER (EXPLAIN IN NARRATIVE),IL,2013,UNKNOWN,PASSENGER,UNKNOWN/NA,S,PARKED,,,0,,,,,,,,,,,,,,,,,,SIDE-LEFT,,,,,,,,,,,,,,,,,,,,,,,,,,,,,,,,,
2125516,fe8a05a16a44fbfa3a7299d9cf5418347346bd233a20d7441344922dcd9e1aa1558ea3930e0e5fbcf4ccd7760be4959ccb2d76df8784e4d901a54b544c879651,08/10/2025 03:30:00 AM,4,PARKED,,2026260,,HONDA,CR-V,IL,2015,UNKNOWN,SPORT UTILITY VEHICLE (SUV),UNKNOWN/NA,S,PARKED,,,0,,,,,Y,,,,,,,,,,Y,Y,,FRONT,,,,,,,,,,,,,,,,,,,,,,,,,,,,,,,,,
2125517,fe8a05a16a44fbfa3a7299d9cf5418347346bd233a20d7441344922dcd9e1aa1558ea3930e0e5fbcf4ccd7760be4959ccb2d76df8784e4d901a54b544c879651,08/10/2025 03:30:00 AM,5,DRIVER,1,2026262,,TOYOTA,OTHER (EXPLAIN IN NARRATIVE),IL,1993,UNKNOWN,VAN/MINI-VAN,UNKNOWN/NA,S,STRAIGHT AHEAD,,,2,,,,,Y,,,,,,,,,,Y,Y,,FRONT,,,,,,,,,,,,,,,,,,,,,,,,,,,,,,,,,
2125403,96939f188c104c3c42e528e04333b3b3a88241f428fe9e9f4c3935be7f8da7bc636845560ec7ca7c9c98b357dbf3fde4b4aaa587ceffb2398af3ef8ab8d93c1a,08/10/2025 03:18:00 AM,1,DRIVER,,2026143,,JEEP,CHEROKEE,IL,2016,UNKNOWN,SPORT UTILITY VEHICLE (SUV),PERSONAL,E,ENTERING TRAFFIC LANE FROM PARKING,,,1,,,,Y,N,,,,N,N,,,,,N,N,,REAR-RIGHT-CORNER,,,,,,,,,,,,,,,,,,,,,,,,,,,,,,,,,
2125404,96939f188c104c3c42e528e04333b3b3a88241f428fe9e9f4c3935be7f8da7bc636845560ec7ca7c9c98b357dbf3fde4b4aaa587ceffb2398af3ef8ab8d93c1a,08/10/2025 03:18:00 AM,2,DRIVER,,2026145,,MERCEDES-BENZ,OTHER (EXPLAIN IN NARRATIVE),IL,1999,UNKNOWN,PASSENGER,PERSONAL,S,STRAIGHT AHEAD,,,1,,,,,,,,,,,,,,Y,Y,,,FRONT-RIGHT-CORNER,,,,,,,,,,,,,,,,,,,,,,,,,,,,,,,,,
2125388,0c203c4cc8cd510a1422c8436bf7cf12e98c6869cc52228a14263bcf53fa21076a964d731147c249db8f8e4fcde5e4c0b7c01da4a6a6d4fab1b64c1450ab130d,08/10/2025 03:15:00 AM,1,DRIVER,,2026130,,KIA,OPTIMA / K5,IL,2010,NONE,PASSENGER,PERSONAL,E,STRAIGHT AHEAD,,,1,,,,,Y,,,,,,,,,,Y,Y,,FRONT,,,,,,,,,,,,,,,,,,,,,,,,,,,,,,,,,
2125389,0c203c4cc8cd510a1422c8436bf7cf12e98c6869cc52228a14263bcf53fa21076a964d731147c249db8f8e4fcde5e4c0b7c01da4a6a6d4fab1b64c1450ab130d,08/10/2025 03:15:00 AM,2,DRIVER,,2026136,,HONDA,CIVIC,IL,2012,NONE,PASSENGER,PERSONAL,E,TURNING RIGHT,,,1,,,,,,,Y,Y,Y,,,,,,,,,REAR-RIGHT-CORNER,,,,,,,,,,,,,,,,,,,,,,,,,,,,,,,,,
2125379,508f16ff15f8ed8f0053b03c17232b9a087a37b314002666213e70e8973259308f047bd7ede6a13cbc853fdf5bcdbaa40480752acfa466488cb6cec21446943d,08/10/2025 03:04:00 AM,1,DRIVER,1,2026126,,ALFA ROMEO,STELVIO,IL,2022,UNKNOWN,SPORT UTILITY VEHICLE (SUV),PERSONAL,S,STRAIGHT AHEAD,Y,,2,,PRIVATE,,,Y,Y,N,,,,,,,,,Y,,FRONT-RIGHT-CORNER,,,,,,,,,,,,,,,,,,,,,,,,,,,,,,,,,
2125380,508f16ff15f8ed8f0053b03c17232b9a087a37b314002666213e70e8973259308f047bd7ede6a13cbc853fdf5bcdbaa40480752acfa466488cb6cec21446943d,08/10/2025 03:04:00 AM,2,DRIVER,,2026137,,PONTIAC,TORRENT,IL,2006,UNKNOWN,SPORT UTILITY VEHICLE (SUV),PERSONAL,W,TURNING LEFT,Y,,1,,PRIVATE,,,Y,Y,Y,,,,,,,,,Y,,FRONT-RIGHT-CORNER,,,,,,,,,,,,,,,,,,,,,,,,,,,,,,,,,
2125422,11c7996dc5343d1854709da302876e925fd7cf802c8626141f92cddf3ff830a004fbf782c0e04bc7546dcaf0eb6e252f0a60b61b041ec7ab00d953bd5ad3d3c5,08/10/2025 03:00:00 AM,1,DRIVER,,2026167,,CHEVROLET,MALIBU,IL,,UNKNOWN,PASSENGER,UNKNOWN/NA,N,TURNING RIGHT,,,1,,,,,Y,,,,,,,,,,,,,FRONT-RIGHT-CORNER,,,,,,,,,,,,,,,,,,,,,,,,,,,,,,,,,
2125423,11c7996dc5343d1854709da302876e925fd7cf802c8626141f92cddf3ff830a004fbf782c0e04bc7546dcaf0eb6e252f0a60b61b041ec7ab00d953bd5ad3d3c5,08/10/2025 03:00:00 AM,2,DRIVER,1,2026169,,TOYOTA,COROLLA,IA,,NONE,PASSENGER,PERSONAL,W,STRAIGHT AHEAD,,,2,,,,,,,,,,,Y,Y,Y,,,,,SIDE-LEFT,,,,,,,,,,,,,,,,,,,,,,,,,,,,,,,,,
2128029,3dd45909bb6e97858c60a9d03e7eecf5f5952d3e2d2df5d0127e6ae28531052c194d76c15de885335043aa0cc71d419e930fdb6dbfd42fcda049b64c9d8b50a9,08/10/2025 03:00:00 AM,1,DRIVER,,2028639,,INFINITI,OTHER (EXPLAIN IN NARRATIVE),IL,2006,UNKNOWN,UNKNOWN/NA,UNKNOWN/NA,W,CHANGING LANES,,,1,,,,,,,,,,,,,,,,,Y,FRONT-RIGHT-CORNER,,,,,,,,,,,,,,,,,,,,,,,,,,,,,,,,,
2128030,3dd45909bb6e97858c60a9d03e7eecf5f5952d3e2d2df5d0127e6ae28531052c194d76c15de885335043aa0cc71d419e930fdb6dbfd42fcda049b64c9d8b50a9,08/10/2025 03:00:00 AM,2,DRIVER,,2028644,,NISSAN,VERSA,,2010,UNKNOWN,PASSENGER,UNKNOWN/NA,W,STRAIGHT AHEAD,,,1,,,,,,,,,,,,Y,Y,Y,,,,SIDE-LEFT,,,,,,,,,,,,,,,,,,,,,,,,,,,,,,,,,
2125491,65d7b840576c0ac082e118841e352721d2d212d95c5d43f1bf88a7e8e42998b498326d76fe3cb4613f79f81fc6fd18f6efc71547fea88a796fe406512336d730,08/10/2025 03:00:00 AM,1,DRIVER,,2026233,,UNKNOWN,ULTRALIGHT,XX,2000,UNKNOWN,UNKNOWN/NA,UNKNOWN/NA,S,UNKNOWN/NA,,,1,,,,,Y,Y,,,,,,,N,N,N,,,FRONT-RIGHT-CORNER,,,,,,,,,,,,,,,,,,,,,,,,,,,,,,,,,
2125492,65d7b840576c0ac082e118841e352721d2d212d95c5d43f1bf88a7e8e42998b498326d76fe3cb4613f79f81fc6fd18f6efc71547fea88a796fe406512336d730,08/10/2025 03:00:00 AM,2,PARKED,,2026235,,TOYOTA,CAMRY,FL,2025,NONE,PASSENGER,NOT IN USE,S,PARKED,,,0,,,,,,,,,,,,,,Y,Y,,,FRONT-LEFT-CORNER,,,,,,,,,,,,,,,,,,,,,,,,,,,,,,,,,
2125523,87cdb1b61aefeccfdb9bc13a8b4a191a2c2e694d70999d74e749dd0cb38e91d32ac83eaa78f2a332d516499e04b6cb246ed881513c2bc56a0886ad0d4c02873e,08/10/2025 03:00:00 AM,1,DRIVER,,2026261,,UNKNOWN,OTHER (EXPLAIN IN NARRATIVE),IL,,UNKNOWN,UNKNOWN/NA,UNKNOWN/NA,E,UNKNOWN/NA,,,1,,,,,Y,Y,Y,,,,,,,,,Y,,FRONT,,,,,,,,,,,,,,,,,,,,,,,,,,,,,,,,,
2125524,87cdb1b61aefeccfdb9bc13a8b4a191a2c2e694d70999d74e749dd0cb38e91d32ac83eaa78f2a332d516499e04b6cb246ed881513c2bc56a0886ad0d4c02873e,08/10/2025 03:00:00 AM,2,PARKED,,2026264,,VOLKSWAGEN,CC,IL,2013,NONE,PASSENGER,PERSONAL,E,PARKED,Y,,0,,private,,,,,,,,Y,Y,Y,Y,,,,,REAR-LEFT-CORNER,,,,,,,,,,,,,,,,,,,,,,,,,,,,,,,,,
2126004,c1789bfdbc6ac9fa88c587f855f3156c2ea416e4c3db2253ba89e3b5a5498ade0b310b7c7d4b51c3595679bf2ccf4f3d838e9ad60c4a4cd86a2291831c9afaba,08/10/2025 03:00:00 AM,1,DRIVER,,2026766,,UNKNOWN,OTHER (EXPLAIN IN NARRATIVE),,1999,UNKNOWN,PASSENGER,PERSONAL,E,BACKING,,,1,,,,,,,,,,,,,,,,,,REAR,,,,,,,,,,,,,,,,,,,,,,,,,,,,,,,,,
2126005,c1789bfdbc6ac9fa88c587f855f3156c2ea416e4c3db2253ba89e3b5a5498ade0b310b7c7d4b51c3595679bf2ccf4f3d838e9ad60c4a4cd86a2291831c9afaba,08/10/2025 03:00:00 AM,2,PARKED,,2026764,,JEEP,CHEROKEE,IL,2017,UNKNOWN,PASSENGER,PERSONAL,W,PARKED,,,0,,,,,,,,,,,,,,,,,,REAR,,,,,,,,,,,,,,,,,,,,,,,,,,,,,,,,,
2125387,9bc926256236d1e5df8fec45e4df4649737a6928be48fe066b4e91f38d9dab35549b1f61321ab91bc2ed05c68a890d39f38e10d5a108a764fa7e5a4c81daaba7,08/10/2025 02:55:00 AM,1,DRIVER,,2026132,,TOYOTA,AVALON,IL,2010,NONE,PASSENGER,PERSONAL,E,DRIVING WRONG WAY,Y,,1,,PRIVATE TOW,PERSONAL,,Y,Y,,,,,,,,Y,Y,Y,,FRONT-RIGHT-CORNER,,,,,,,,,,,,,,,,,,,,,,,,,,,,,,,,,
2125394,9286cbce6e96720a1a4df6b6b2576a3b7cc79aed13bc1ea4015a944d5cf6e103f467897b42d17b750e1a2b5c2d3ddf881f8f80fff4ad7b79a00e708344a88d69,08/10/2025 02:44:00 AM,1,DRIVER,2,2026140,,DODGE,AVENGER,IL,2012,UNKNOWN,PASSENGER,PERSONAL,E,STRAIGHT AHEAD,Y,,3,,,,,Y,Y,Y,,,,,,Y,Y,Y,Y,,FRONT,,,,,,,,,,,,,,,,,,,,,,,,,,,,,,,,,
2125395,9286cbce6e96720a1a4df6b6b2576a3b7cc79aed13bc1ea4015a944d5cf6e103f467897b42d17b750e1a2b5c2d3ddf881f8f80fff4ad7b79a00e708344a88d69,08/10/2025 02:44:00 AM,2,DRIVER,,2026150,,FORD,FUSION,IL,2017,UNKNOWN,PASSENGER,RIDESHARE SERVICE,N,STRAIGHT AHEAD,,,1,,,,,Y,Y,,,,,,,,,Y,Y,,FRONT-LEFT-CORNER,,,,,,,,,,,,,,,,,,,,,,,,,,,,,,,,,
2125396,9286cbce6e96720a1a4df6b6b2576a3b7cc79aed13bc1ea4015a944d5cf6e103f467897b42d17b750e1a2b5c2d3ddf881f8f80fff4ad7b79a00e708344a88d69,08/10/2025 02:44:00 AM,3,DRIVER,,2026153,,TOYOTA,CAMRY,IL,2019,UNKNOWN,PASSENGER,RIDESHARE SERVICE,N,STRAIGHT AHEAD,,,1,,,,,,,,,,,,Y,Y,Y,,,,SIDE-LEFT,,,,,,,,,,,,,,,,,,,,,,,,,,,,,,,,,
2125397,9286cbce6e96720a1a4df6b6b2576a3b7cc79aed13bc1ea4015a944d5cf6e103f467897b42d17b750e1a2b5c2d3ddf881f8f80fff4ad7b79a00e708344a88d69,08/10/2025 02:44:00 AM,4,PARKED,,2026156,,TOYOTA,AVALON,PA,,UNKNOWN,PASSENGER,NOT IN USE,N,PARKED,,,0,,,,,,,,,Y,Y,Y,,,,,,,REAR,,,,,,,,,,,,,,,,,,,,,,,,,,,,,,,,,
2125398,9286cbce6e96720a1a4df6b6b2576a3b7cc79aed13bc1ea4015a944d5cf6e103f467897b42d17b750e1a2b5c2d3ddf881f8f80fff4ad7b79a00e708344a88d69,08/10/2025 02:44:00 AM,5,PARKED,,2026159,,LAND ROVER,RANGE ROVER (EVOQUE / SPORT / VELAR),IL,2019,UNKNOWN,SPORT UTILITY VEHICLE (SUV),NOT IN USE,N,PARKED IN TRAFFIC LANE,,,0,,,,,,,Y,Y,Y,,,,,,,,,REAR-RIGHT-CORNER,,,,,,,,,,,,,,,,,,,,,,,,,,,,,,,,,
2125374,7bdcf684970cc3ebe196753e4b31910cf475ed8526e97ad12fdfa41bf32c9978ee39a5e1b7f17dc8bc4a2290b46d5f81931046273a2092e8b4556e0a5006a205,08/10/2025 02:33:00 AM,1,DRIVER,,2026121,,UNKNOWN,OTHER (EXPLAIN IN NARRATIVE),IL,,UNKNOWN,SPORT UTILITY VEHICLE (SUV),UNKNOWN/NA,E,STRAIGHT AHEAD,,,1,,,,,Y,,,,,,,,,,Y,Y,,UNKNOWN,,,,,,,,,,,,,,,,,,,,,,,,,,,,,,,,,
2125375,7bdcf684970cc3ebe196753e4b31910cf475ed8526e97ad12fdfa41bf32c9978ee39a5e1b7f17dc8bc4a2290b46d5f81931046273a2092e8b4556e0a5006a205,08/10/2025 02:33:00 AM,2,DRIVER,3,2026122,,NISSAN,ALTIMA,IL,2019,NONE,PASSENGER,PERSONAL,E,SLOW/STOP IN TRAFFIC,,,4,,,,,,,,,Y,Y,Y,,,,,,,REAR,,,,,,,,,,,,,,,,,,,,,,,,,,,,,,,,,
2125372,09e9cd74bd381982fdb9744760d0353ec8592be4a68bc09f1224419cd1813856c36b2af924facce54e93118ba7d5eb59d8dc4c005ee63d3d32fd93895938829e,08/10/2025 02:32:00 AM,1,DRIVER,,2026120,,INFINITI,Q30,IL,2014,NONE,PASSENGER,PERSONAL,W,STRAIGHT AHEAD,Y,,1,,,,,Y,Y,,,,,,,,,,,,OTHER,,,,,,,,,,,,,,,,,,,,,,,,,,,,,,,,,
2125382,ac2b85e0b68d2b4d9551597a99a4b04bcdfa889d5db272dd1f7c5ccf11f618edf5ee36c4ba54649dfd76ae96805d37c155c665aac6dddc20128227cd9c838282,08/10/2025 02:32:00 AM,1,DRIVER,,2026128,,CHEVROLET,TRAVERSE,IL,2024,UNKNOWN,SPORT UTILITY VEHICLE (SUV),PERSONAL,S,STRAIGHT AHEAD,Y,,1,,,,,Y,,,,,,,,,,Y,Y,,FRONT-LEFT-CORNER,,,,,,,,,,,,,,,,,,,,,,,,,,,,,,,,,
2125383,ac2b85e0b68d2b4d9551597a99a4b04bcdfa889d5db272dd1f7c5ccf11f618edf5ee36c4ba54649dfd76ae96805d37c155c665aac6dddc20128227cd9c838282,08/10/2025 02:32:00 AM,2,DRIVER,,2026135,,SUBARU,IMPREZA,IL,2019,UNKNOWN,PASSENGER,PERSONAL,W,STRAIGHT AHEAD,Y,,1,,,,,Y,,,Y,Y,,,,,,Y,Y,,FRONT-RIGHT-CORNER,,,,,,,,,,,,,,,,,,,,,,,,,,,,,,,,,
2125933,985516b3091e1ace5f56bf9d1ecaafc892ab04d128f4507b2b4e65218b90ec1daec645587ac24effef6f5aa33cfeb9a05169e8081726b5925282119b905d562c,08/10/2025 02:30:00 AM,1,DRIVER,3,2026652,,BUICK,OTHER (EXPLAIN IN NARRATIVE),IL,2016,UNKNOWN,SPORT UTILITY VEHICLE (SUV),PERSONAL,E,STRAIGHT AHEAD,,,4,,,,,,,,,,,,,,,,Y,,FRONT,,,,,,,,,,,,,,,,,,,,,,,,,,,,,,,,,
2125934,985516b3091e1ace5f56bf9d1ecaafc892ab04d128f4507b2b4e65218b90ec1daec645587ac24effef6f5aa33cfeb9a05169e8081726b5925282119b905d562c,08/10/2025 02:30:00 AM,2,PARKED,,2026655,,CHEVROLET,TAHOE,IL,2001,NONE,PASSENGER,NOT IN USE,N,PARKED,,,0,,,,,,,,,,,Y,Y,Y,,,,,SIDE-LEFT,,,,,,,,,,,,,,,,,,,,,,,,,,,,,,,,,
2125880,ee9c0f23cc8e7613a50814d4e19a3f141eb3bce638ecc3c20c23966dc98119f9073afc289252e03fb5cee2e50325328ecd04bf8ca11b446e73e3556821aa66ec,08/10/2025 02:30:00 AM,1,DRIVER,,2026603,,UNKNOWN,OTHER (EXPLAIN IN NARRATIVE),,,OTHER,UNKNOWN/NA,UNKNOWN/NA,W,STRAIGHT AHEAD,,,1,,,,,,,,,,,,,,,,,,FRONT,,,,,,,,,,,,,,,,,,,,,,,,,,,,,,,,,
2125881,ee9c0f23cc8e7613a50814d4e19a3f141eb3bce638ecc3c20c23966dc98119f9073afc289252e03fb5cee2e50325328ecd04bf8ca11b446e73e3556821aa66ec,08/10/2025 02:30:00 AM,2,PARKED,,2026598,,MAZDA,CX-5,IL,2020,NONE,PASSENGER,PERSONAL,W,PARKED,Y,,0,,PRIVATE,,,Y,,Y,,Y,Y,,,,,,,,SIDE-RIGHT,,,,,,,,,,,,,,,,,,,,,,,,,,,,,,,,,
2125381,4c0edd6301e6e08f8ecccbfc945adbb32bf1c37bece377cbc2e9bb41057d484504246a3b8938aad1503256017e59124b26bf507ae0091959e953537d3087e584,08/10/2025 02:20:00 AM,1,DRIVER,1,2026138,,BMW,X3,IL,2017,TIRES,PASSENGER,PERSONAL,E,STRAIGHT AHEAD,,,2,,,,,Y,Y,,,,,,,,,,,,FRONT-LEFT-CORNER,,,,,,,,,,,,,,,,,,,,,,,,,,,,,,,,,
2125399,a6ccae2871c1194ef25420f34278944e81416e12c2075a18accc7479bd009c4ab519aa8accc06a3ccef5b83a73df062c8e9ca2a49208e7f97dbc421365294696,08/10/2025 02:20:00 AM,1,DRIVER,,2026142,,CHRYSLER,OTHER (EXPLAIN IN NARRATIVE),,,UNKNOWN,UNKNOWN/NA,UNKNOWN/NA,W,UNKNOWN/NA,,,1,,,,,,,,,,,,,,,,,Y,UNKNOWN,,,,,,,,,,,,,,,,,,,,,,,,,,,,,,,,,
2125400,a6ccae2871c1194ef25420f34278944e81416e12c2075a18accc7479bd009c4ab519aa8accc06a3ccef5b83a73df062c8e9ca2a49208e7f97dbc421365294696,08/10/2025 02:20:00 AM,2,PARKED,,2026144,,TESLA,MODEL Y,IL,2021,NONE,PASSENGER,PERSONAL,W,PARKED,,,0,,,,,Y,,,,N,Y,Y,Y,Y,,,Y,,REAR-LEFT-CORNER,,,,,,,,,,,,,,,,,,,,,,,,,,,,,,,,,
2125401,a6ccae2871c1194ef25420f34278944e81416e12c2075a18accc7479bd009c4ab519aa8accc06a3ccef5b83a73df062c8e9ca2a49208e7f97dbc421365294696,08/10/2025 02:20:00 AM,3,PARKED,,2026147,,TOYOTA,COROLLA,IL,2008,NONE,PASSENGER,PERSONAL,W,PARKED,,,0,,,,,Y,,,,Y,Y,,,,,,Y,,REAR,,,,,,,,,,,,,,,,,,,,,,,,,,,,,,,,,
2125402,a6ccae2871c1194ef25420f34278944e81416e12c2075a18accc7479bd009c4ab519aa8accc06a3ccef5b83a73df062c8e9ca2a49208e7f97dbc421365294696,08/10/2025 02:20:00 AM,4,PARKED,,2026151,,FORD,ESCAPE,IL,2016,NONE,SPORT UTILITY VEHICLE (SUV),PERSONAL,W,PARKED,,,0,,,,,,,,,,Y,,,,,,,,REAR,,,,,,,,,,,,,,,,,,,,,,,,,,,,,,,,,
2125376,c805f7545c0a404e39a2252fbc10d96fdcae98cf057ab68d0e8d57903b3225408dec7723c2460ea83ceeb4cbabbebbb97a97e3d7b5f4ad13787b79dab89a13fe,08/10/2025 02:17:00 AM,1,DRIVER,,2026127,,CHEVROLET,EQUINOX,IN,2021,UNKNOWN,PASSENGER,UNKNOWN/NA,W,STRAIGHT AHEAD,,,1,,,,,Y,,,,,,,,,,,,,FRONT-RIGHT-CORNER,,,,,,,,,,,,,,,,,,,,,,,,,,,,,,,,,