CRASH_UNIT_ID,CRASH_RECORD_ID,CRASH_DATE,UNIT_NO,UNIT_TYPE,NUM_PASSENGERS,VEHICLE_ID,CMRC_VEH_I,MAKE,MODEL,LIC_PLATE_STATE,VEHICLE_YEAR,VEHICLE_DEFECT,VEHICLE_TYPE,VEHICLE_USE,TRAVEL_DIRECTION,MANEUVER,TOWED_I,FIRE_I,OCCUPANT_CNT,EXCEED_SPEED_LIMIT_I,TOWED_BY,TOWED_TO,AREA_00_I,AREA_01_I,AREA_02_I,AREA_03_I,AREA_04_I,AREA_05_I,AREA_06_I,AREA_07_I,AREA_08_I,AREA_09_I,AREA_10_I,AREA_11_I,AREA_12_I,AREA_99_I,FIRST_CONTACT_POINT,CMV_ID,USDOT_NO,CCMC_NO,ILCC_NO,COMMERCIAL_SRC,GVWR,CARRIER_NAME,CARRIER_STATE,CARRIER_CITY,HAZMAT_PLACARDS_I,HAZMAT_NAME,UN_NO,HAZMAT_PRESENT_I,HAZMAT_REPORT_I,HAZMAT_REPORT_NO,MCS_REPORT_I,MCS_REPORT_NO,HAZMAT_VIO_CAUSE_CRASH_I,MCS_VIO_CAUSE_CRASH_I,IDOT_PERMIT_NO,WIDE_LOAD_I,TRAILER1_WIDTH,TRAILER2_WIDTH,TRAILER1_LENGTH,TRAILER2_LENGTH,TOTAL_VEHICLE_LENGTH,AXLE_CNT,VEHICLE_CONFIG,CARGO_BODY_TYPE,LOAD_TYPE,HAZMAT_OUT_OF_SERVICE_I,MCS_OUT_OF_SERVICE_I,HAZMAT_CLASS
2125377,c805f7545c0a404e39a2252fbc10d96fdcae98cf057ab68d0e8d57903b3225408dec7723c2460ea83ceeb4cbabbebbb97a97e3d7b5f4ad13787b79dab89a13fe,08/10/2025 02:17:00 AM,2,PARKED,,2026124,,MERCURY,MARINER,IL,2010,UNKNOWN,PASSENGER,PERSONAL,UNKNOWN,PARKED,,,0,,,,,,,,,,,Y,Y,Y,Y,Y,,,REAR-LEFT-CORNER,,,,,,,,,,,,,,,,,,,,,,,,,,,,,,,,,
2125848,3c595970b0fcb7e0c38f45b78c04cd4f3cfb50544d6469f30e3e5c5500107006dd5720461866dc14cad14644ee11ba2e1c6df7a7aed83ffa06128650927bdbfd,08/10/2025 02:15:00 AM,1,DRIVER,,2026570,,UNKNOWN,OTHER (EXPLAIN IN NARRATIVE),,,NONE,UNKNOWN/NA,UNKNOWN/NA,W,STRAIGHT AHEAD,,,1,,,,,Y,Y,,,,,,,,,,Y,,FRONT,,,,,,,,,,,,,,,,,,,,,,,,,,,,,,,,,
2125849,3c595970b0fcb7e0c38f45b78c04cd4f3cfb50544d6469f30e3e5c5500107006dd5720461866dc14cad14644ee11ba2e1c6df7a7aed83ffa06128650927bdbfd,08/10/2025 02:15:00 AM,2,PARKED,,2026564,,CADILLAC,ESCALADE,IL,2007,NONE,SPORT UTILITY VEHICLE (SUV),PERSONAL,W,PARKED IN TRAFFIC LANE,,,0,,,,,,,,,,Y,Y,Y,,,,,,REAR-LEFT-CORNER,,,,,,,,,,,,,,,,,,,,,,,,,,,,,,,,,
2127934,fcc6a04632b485b3e2731fcf6b1ce8fdc45368f073c0512442f8b6eb6e10010aad697c33f90413d76562afaeb957a76e332beefcefbe80f773874cb5ab05bf2b,08/10/2025 02:15:00 AM,1,DRIVER,,2028534,,UNKNOWN,OTHER (EXPLAIN IN NARRATIVE),,,NONE,PASSENGER,UNKNOWN/NA,W,STRAIGHT AHEAD,,,1,,,,,Y,,,,,,,,,,Y,Y,,FRONT,,,,,,,,,,,,,,,,,,,,,,,,,,,,,,,,,
2127935,fcc6a04632b485b3e2731fcf6b1ce8fdc45368f073c0512442f8b6eb6e10010aad697c33f90413d76562afaeb957a76e332beefcefbe80f773874cb5ab05bf2b,08/10/2025 02:15:00 AM,2,DRIVER,2,2028535,,KIA,OPTIMA / K5,IL,2025,NONE,PASSENGER,PERSONAL,W,STRAIGHT AHEAD,,,3,,,,,,,,,Y,Y,Y,,,,,,,REAR,,,,,,,,,,,,,,,,,,,,,,,,,,,,,,,,,
2125988,7766ca5b8d36187a1cbf99d117163eb8bd7a6896065351aad448a86cd5262edfd6c7ecc172b62fdcab84a615609cc6f0f1e5fccf72b384b6b635d68a192f7117,08/10/2025 02:10:00 AM,1,DRIVER,,2026697,,PONTIAC,GRAND PRIX,,,UNKNOWN,PASSENGER,UNKNOWN/NA,S,UNKNOWN/NA,,,1,,,,,Y,Y,Y,Y,,,,,,,,,,SIDE-RIGHT,,,,,,,,,,,,,,,,,,,,,,,,,,,,,,,,,
2125989,7766ca5b8d36187a1cbf99d117163eb8bd7a6896065351aad448a86cd5262edfd6c7ecc172b62fdcab84a615609cc6f0f1e5fccf72b384b6b635d68a192f7117,08/10/2025 02:10:00 AM,2,PARKED,,2026698,,TESLA,MODEL Y,,,UNKNOWN,PASSENGER,NOT IN USE,S,PARKED,,,0,,,,,,,,,,,,,Y,,,,,SIDE-LEFT,,,,,,,,,,,,,,,,,,,,,,,,,,,,,,,,,
2125373,1af1c9a517a6e00d83306a70d7dae058256455f8ad337d3740dd91ab8791cad9b4565316e34fab6cea1c21a87a00927f4cb2e6fe8874f78e82def9c91013759d,08/10/2025 02:00:00 AM,1,DRIVER,,2026118,,CHEVROLET,MALIBU,IL,2022,UNKNOWN,PASSENGER,UNKNOWN/NA,S,STRAIGHT AHEAD,Y,,1,,CITY OF CHICAGO,103RD AND DOTY AVE,,Y,,,,,,,,,,Y,Y,,FRONT,,,,,,,,,,,,,,,,,,,,,,,,,,,,,,,,,
2125583,2be8cd28071f0e2f34fa00092c4d196d633cf0a521e404ed6dc94e30e2d92b936043e586ccad99fd5f0cc9c30a6ee773e12b4ddca9f6d1dc50e4fdece688fbf4,08/10/2025 02:00:00 AM,1,DRIVER,2,2026314,,FORD,TAURUS,IL,2011,NONE,PASSENGER,UNKNOWN/NA,W,STRAIGHT AHEAD,Y,,3,,driver,unk,,,,,,,,,,,Y,Y,,,FRONT-LEFT-CORNER,,,,,,,,,,,,,,,,,,,,,,,,,,,,,,,,,
2125584,2be8cd28071f0e2f34fa00092c4d196d633cf0a521e404ed6dc94e30e2d92b936043e586ccad99fd5f0cc9c30a6ee773e12b4ddca9f6d1dc50e4fdece688fbf4,08/10/2025 02:00:00 AM,2,DRIVER,,2026322,,FORD,EXPLORER,IL,2012,NONE,PASSENGER,PERSONAL,W,STRAIGHT AHEAD,Y,,1,,OWNER,HOME,,Y,Y,,,,,,,,,,,,FRONT-RIGHT-CORNER,,,,,,,,,,,,,,,,,,,,,,,,,,,,,,,,,
2126170,3ff5d644996067aacc5dfc35d561ccabf639122e16bdef7c0df3b7105b29448b3acf2889e92ba5ef331ea0080586226d5d3edebab0c51a2a32a6d744b40d7ad7,08/10/2025 02:00:00 AM,1,DRIVER,,2026882,,DODGE,OTHER (EXPLAIN IN NARRATIVE),IL,,UNKNOWN,VAN/MINI-VAN,UNKNOWN/NA,S,STRAIGHT AHEAD,Y,,1,,private tow,,,Y,,,,,,,,,,Y,Y,,FRONT,,,,,,,,,,,,,,,,,,,,,,,,,,,,,,,,,
2125410,96dfb9cec823667b14475ed0ab0d5be32c6f7e19df96327baa035f092fe2b04bff2fe53b7a9a4e0a9bfe65a9fe287177e75b7e6fb7ef6a3a26b5f4ebfe9c1709,08/10/2025 01:55:00 AM,1,DRIVER,2,2026155,,ACURA,ADX,IL,2016,UNKNOWN,SPORT UTILITY VEHICLE (SUV),PERSONAL,E,STRAIGHT AHEAD,Y,,3,,CPD,POUND,,Y,Y,,,,,,,,Y,Y,Y,,FRONT,,,,,,,,,,,,,,,,,,,,,,,,,,,,,,,,,
2135486,9e1bada51fc3b3d874953893bfa85144c737d2ef6ef8ab154d519a9d2bd502c7faebac4ee80c74edaab4662bc2aed4dd45c0047943ae01ae3ac76a01ca5d97ea,08/10/2025 01:50:00 AM,1,DRIVER,1,2035693,,VOLKSWAGEN,JETTA,FL,2025,NONE,PASSENGER,PERSONAL,W,STRAIGHT AHEAD,Y,,2,,cpd,,,Y,Y,Y,Y,Y,Y,N,,,,N,Y,,SIDE-RIGHT,,,,,,,,,,,,,,,,,,,,,,,,,,,,,,,,,
2135487,9e1bada51fc3b3d874953893bfa85144c737d2ef6ef8ab154d519a9d2bd502c7faebac4ee80c74edaab4662bc2aed4dd45c0047943ae01ae3ac76a01ca5d97ea,08/10/2025 01:50:00 AM,2,DRIVER,,2035694,,FREIGHTLINER CORPORATION,FREIGHTLINER CORP.,IL,2002,NONE,OTHER,UNKNOWN/NA,S,STRAIGHT AHEAD,Y,,1,,private,,,Y,Y,,,,,,,,Y,Y,Y,,FRONT,,,,,,,,,,,,,,,,,,,,,,,,,,,,,,,,,
2125370,9a91673ed72d24286ed66bd8f1c23319fa976303280df13b20602a6d2123d2ff1e6c53b390f533f20aebcbcf680116420a7062da5e8630d27c0b6d0ef44e0224,08/10/2025 01:45:00 AM,1,DRIVER,,2026115,,UNKNOWN,OTHER (EXPLAIN IN NARRATIVE),IL,,UNKNOWN,PASSENGER,UNKNOWN/NA,SW,BACKING,,,1,,,,,,,,,,,,,,,,,Y,REAR,,,,,,,,,,,,,,,,,,,,,,,,,,,,,,,,,
2125371,9a91673ed72d24286ed66bd8f1c23319fa976303280df13b20602a6d2123d2ff1e6c53b390f533f20aebcbcf680116420a7062da5e8630d27c0b6d0ef44e0224,08/10/2025 01:45:00 AM,2,DRIVER,,2026117,,HONDA,CIVIC,IL,2024,NONE,PASSENGER,PERSONAL,N,STRAIGHT AHEAD,,,1,,,,,Y,Y,,,,,,,,,,Y,,FRONT-RIGHT-CORNER,,,,,,,,,,,,,,,,,,,,,,,,,,,,,,,,,
2125714,c048aa77d34e843e87e4d09c841ae0eef32f066e621232f3419ebed0942efffb5613e70c95baa39d1d61da3b22d25e0ccba238fa938501ed89472b5f6a3227a5,08/10/2025 01:45:00 AM,1,DRIVER,,2026433,,UNKNOWN,OTHER (EXPLAIN IN NARRATIVE),,,UNKNOWN,UNKNOWN/NA,UNKNOWN/NA,N,STRAIGHT AHEAD,,,1,,,,,,,,,,,,,,,,,Y,FRONT,,,,,,,,,,,,,,,,,,,,,,,,,,,,,,,,,
2125715,c048aa77d34e843e87e4d09c841ae0eef32f066e621232f3419ebed0942efffb5613e70c95baa39d1d61da3b22d25e0ccba238fa938501ed89472b5f6a3227a5,08/10/2025 01:45:00 AM,2,DRIVER,,2026463,,HONDA,HR-V,IL,2024,UNKNOWN,PASSENGER,PERSONAL,E,STRAIGHT AHEAD,Y,,1,,Private Tow,,,Y,Y,,,,,Y,Y,Y,,,,,SIDE-RIGHT-FRONT,,,,,,,,,,,,,,,,,,,,,,,,,,,,,,,,,
2125716,c048aa77d34e843e87e4d09c841ae0eef32f066e621232f3419ebed0942efffb5613e70c95baa39d1d61da3b22d25e0ccba238fa938501ed89472b5f6a3227a5,08/10/2025 01:45:00 AM,3,DRIVER,1,2026477,,DODGE,DURANGO,IL,2017,UNKNOWN,PASSENGER,PERSONAL,W,SLOW/STOP IN TRAFFIC,Y,,2,,Private Tow,,,,,,,,,,,,Y,Y,Y,,FRONT-LEFT-CORNER,,,,,,,,,,,,,,,,,,,,,,,,,,,,,,,,,
2125392,aa157cf734d5773f2e37f904d6c834a8b4a18d94eba2b8d9bc80cdeb51444f8054c27d0c85230b696da036af7c96ab22b6a5365f5a97d027b1aa269713483cba,08/10/2025 01:41:00 AM,1,DRIVER,,2026141,,BUICK,ENCORE,IN,2013,NONE,PASSENGER,PERSONAL,NE,PASSING/OVERTAKING,,,1,,,,,Y,Y,Y,,,,,,,,,,,SIDE-RIGHT-FRONT,,,,,,,,,,,,,,,,,,,,,,,,,,,,,,,,,
2125393,aa157cf734d5773f2e37f904d6c834a8b4a18d94eba2b8d9bc80cdeb51444f8054c27d0c85230b696da036af7c96ab22b6a5365f5a97d027b1aa269713483cba,08/10/2025 01:41:00 AM,2,DRIVER,,2026148,,TOYOTA,CAMRY,IL,2007,OTHER,PASSENGER,PERSONAL,NE,STRAIGHT AHEAD,Y,,1,,PRIVATE TOWED,,,,,,,,,Y,Y,Y,Y,,,,SIDE-LEFT-REAR,,,,,,,,,,,,,,,,,,,,,,,,,,,,,,,,,
2126606,37134cbf89478bce4066b4cb2cfa89a80251d4de250d7d3ddd1036a753d90bc62de660d1ecfac014c81fda422a68c2f0879976b5c0faca794ef45117894a5ae0,08/10/2025 01:40:00 AM,1,DRIVER,,2027301,,TOYOTA,PRIUS,IL,2026,UNKNOWN,PASSENGER,PERSONAL,E,STRAIGHT AHEAD,,,1,,,,,Y,Y,,,,,,,,,,,,FRONT-RIGHT-CORNER,,,,,,,,,,,,,,,,,,,,,,,,,,,,,,,,,
2126607,37134cbf89478bce4066b4cb2cfa89a80251d4de250d7d3ddd1036a753d90bc62de660d1ecfac014c81fda422a68c2f0879976b5c0faca794ef45117894a5ae0,08/10/2025 01:40:00 AM,2,DRIVER,,2027303,,NISSAN,ALTIMA,IL,2011,NONE,PASSENGER,PERSONAL,N,STRAIGHT AHEAD,,,1,,,,,,,,,,,,,,Y,Y,,,FRONT-LEFT-CORNER,,,,,,,,,,,,,,,,,,,,,,,,,,,,,,,,,
2125413,3cc8bd774b622f5247117d8a4ca8c70e506d01f256ca78749e911a7ff990976f8d48cb82d38b278220b024d3fa17ce7e4412b5b5296676bd16201d3f4f425f0a,08/10/2025 01:40:00 AM,1,DRIVER,,2026158,,FORD,F150,IN,2012,UNKNOWN,PICKUP,PERSONAL,N,STRAIGHT AHEAD,Y,,1,,PRIVATE TOW,UNKNOWN,,Y,Y,,,,,,,,Y,Y,Y,,FRONT,,,,,,,,,,,,,,,,,,,,,,,,,,,,,,,,,
2125414,3cc8bd774b622f5247117d8a4ca8c70e506d01f256ca78749e911a7ff990976f8d48cb82d38b278220b024d3fa17ce7e4412b5b5296676bd16201d3f4f425f0a,08/10/2025 01:40:00 AM,2,DRIVER,1,2026161,,VOLKSWAGEN,JETTA,IL,2013,UNKNOWN,PASSENGER,PERSONAL,N,SLOW/STOP IN TRAFFIC,Y,,2,,PRIVATE TOW,POUND 6,,,,,Y,Y,Y,Y,Y,,,,,,REAR,,,,,,,,,,,,,,,,,,,,,,,,,,,,,,,,,
2125415,3cc8bd774b622f5247117d8a4ca8c70e506d01f256ca78749e911a7ff990976f8d48cb82d38b278220b024d3fa17ce7e4412b5b5296676bd16201d3f4f425f0a,08/10/2025 01:40:00 AM,3,DRIVER,,2026163,,UNKNOWN,OTHER (EXPLAIN IN NARRATIVE),IN,,UNKNOWN,PASSENGER,UNKNOWN/NA,N,SLOW/STOP IN TRAFFIC,,,1,,,,,,,,,,,,,,,,,Y,UNKNOWN,,,,,,,,,,,,,,,,,,,,,,,,,,,,,,,,,
2126844,527c6fd53819bd7268dc0ed8af13242703b85bc11f5f6e8601e7a2d9636288b468b863beb147ee568ab001d3d5861b4ded298365f232f246e8e46b5e06458cc2,08/10/2025 01:30:00 AM,1,DRIVER,,2027512,,FORD,SUPER DUTY,IL,2019,NONE,PICKUP,OTHER,N,STRAIGHT AHEAD,,,1,,,,,,,,,,,,,,,,,Y,FRONT,,,,,,,,,,,,,,,,,,,,,,,,,,,,,,,,,
2126845,527c6fd53819bd7268dc0ed8af13242703b85bc11f5f6e8601e7a2d9636288b468b863beb147ee568ab001d3d5861b4ded298365f232f246e8e46b5e06458cc2,08/10/2025 01:30:00 AM,2,DRIVER,,2027518,,CHEVROLET,SILVERADO,IL,2012,NONE,PICKUP,PERSONAL,N,STRAIGHT AHEAD,,,1,,,,,,,,,Y,Y,Y,,,,N,N,,REAR,,,,,,,,,,,,,,,,,,,,,,,,,,,,,,,,,
2125368,acce78d594c4776a785c11bf67bb141ab7a5dd70ce7b7a502bc25cafdc767b9209d3bb545f0bb8a3d606469ff6cfa38ded648248220c88e95b514fffe1cf1cd8,08/10/2025 01:20:00 AM,1,DRIVER,1,2026116,,MERCEDES-BENZ,CLA,IL,2014,NONE,PASSENGER,PERSONAL,E,STRAIGHT AHEAD,,,2,,,,,,,,,,,,,,Y,,,,SIDE-LEFT,,,,,,,,,,,,,,,,,,,,,,,,,,,,,,,,,
2125369,acce78d594c4776a785c11bf67bb141ab7a5dd70ce7b7a502bc25cafdc767b9209d3bb545f0bb8a3d606469ff6cfa38ded648248220c88e95b514fffe1cf1cd8,08/10/2025 01:20:00 AM,2,DRIVER,,2026119,,BMW,OTHER (EXPLAIN IN NARRATIVE),IL,2011,NONE,PASSENGER,PERSONAL,E,STRAIGHT AHEAD,,,1,,,,,Y,,,,,,,,,,Y,Y,,FRONT,,,,,,,,,,,,,,,,,,,,,,,,,,,,,,,,,
2125357,4ff288aee4fb6b8f3f8ca9516183ea0829b8b48aeab526e6d711645db04938c4336d4056c882284703697b2c3614cbf8b4d0fba2f2a1cca9a3764bce7d686070,08/10/2025 01:17:00 AM,1,DRIVER,,2026108,,CHEVROLET,IMPALA,IL,2000,NONE,PASSENGER,PERSONAL,N,STRAIGHT AHEAD,,,1,,,,,,,,,,,,,,,Y,,,FRONT-LEFT-CORNER,,,,,,,,,,,,,,,,,,,,,,,,,,,,,,,,,
2125358,4ff288aee4fb6b8f3f8ca9516183ea0829b8b48aeab526e6d711645db04938c4336d4056c882284703697b2c3614cbf8b4d0fba2f2a1cca9a3764bce7d686070,08/10/2025 01:17:00 AM,2,PARKED,,2026111,,MAZDA,OTHER (EXPLAIN IN NARRATIVE),IL,2014,NONE,PASSENGER,NOT IN USE,N,PARKED,,,0,,,,,Y,Y,,,,,,,,,,,,SIDE-RIGHT-FRONT,,,,,,,,,,,,,,,,,,,,,,,,,,,,,,,,,
2125378,9d6d37c08ddb70ab3377b8b739f0aef8f7ec0adcc3def6ffa0ede7c264b66c33d523b3eebf38250911cfbbe6868c70feb462d5c8939c3128793ad4be33f25984,08/10/2025 01:12:00 AM,1,DRIVER,,2026123,,FORD,EXPLORER,IL,2015,UNKNOWN,SPORT UTILITY VEHICLE (SUV),PERSONAL,N,STRAIGHT AHEAD,Y,,1,,PRIVATE TOW,,,Y,,,,,,,,,Y,Y,Y,,FRONT,,,,,,,,,,,,,,,,,,,,,,,,,,,,,,,,,
2125362,0e5532a6bdb4e4728c64dbaac108b7472742923d725a0a2a78c70d99aec1cdf030dcce6d91a58bfcfa1daf1a376eee6d48d1bd27d92efb185b4fd3ac2020db79,08/10/2025 01:05:00 AM,1,DRIVER,,2026104,,JEEP,CHEROKEE,IL,2021,UNKNOWN,SPORT UTILITY VEHICLE (SUV),UNKNOWN/NA,E,PASSING/OVERTAKING,,,1,,,,,,,,,,,,,,,,,Y,UNKNOWN,,,,,,,,,,,,,,,,,,,,,,,,,,,,,,,,,
2125363,0e5532a6bdb4e4728c64dbaac108b7472742923d725a0a2a78c70d99aec1cdf030dcce6d91a58bfcfa1daf1a376eee6d48d1bd27d92efb185b4fd3ac2020db79,08/10/2025 01:05:00 AM,2,DRIVER,,2026109,,TOYOTA,PRIUS,IL,2005,NONE,PASSENGER,PERSONAL,E,ENTERING TRAFFIC LANE FROM PARKING,,,1,,,,,,,,,,,N,Y,Y,Y,N,,,SIDE-LEFT,,,,,,,,,,,,,,,,,,,,,,,,,,,,,,,,,
2126027,41f1105dda00b39707d4249855e737ba8a8ec8018b74d7d68ef394fcc13c106f04a55c9b7d6446883bba39abf0eb98dfb7d9c2f81a595522196d12fa32f84807,08/10/2025 01:04:00 AM,1,PEDESTRIAN,,,,,,,,,,,,,,,,,,,,,,,,,,,,,,,,,,,,,,,,,,,,,,,,,,,,,,,,,,,,,,,,,,
2126028,41f1105dda00b39707d4249855e737ba8a8ec8018b74d7d68ef394fcc13c106f04a55c9b7d6446883bba39abf0eb98dfb7d9c2f81a595522196d12fa32f84807,08/10/2025 01:04:00 AM,2,DRIVER,,2026740,,TOYOTA,PRIUS,IL,2012,NONE,PASSENGER,PERSONAL,E,STRAIGHT AHEAD,,,1,,,,,Y,,,,,,,,,,,Y,,FRONT-RIGHT-CORNER,,,,,,,,,,,,,,,,,,,,,,,,,,,,,,,,,
2125349,b69ab6c96baa7e59687c1fc1d86143048c29114a4dbf02581b37ef21d96cbe4c0bfe99498eb85993c416be643d04df0730666a77217f58042e830ce89e64b14b,08/10/2025 01:02:00 AM,1,DRIVER,,2026114,,GENERAL MOTORS CORPORATION (GMC),TRUCK,IL,2014,NONE,PASSENGER,PERSONAL,E,PASSING/OVERTAKING,,,1,,,,,Y,,,,,,,,,,Y,Y,,FRONT,,,,,,,,,,,,,,,,,,,,,,,,,,,,,,,,,
2125350,b69ab6c96baa7e59687c1fc1d86143048c29114a4dbf02581b37ef21d96cbe4c0bfe99498eb85993c416be643d04df0730666a77217f58042e830ce89e64b14b,08/10/2025 01:02:00 AM,2,DRIVER,,2026106,,FORD,FUSION,IL,2019,NONE,PASSENGER,PERSONAL,E,STRAIGHT AHEAD,,,1,,,,,,,,,Y,Y,Y,,,,,,,REAR,,,,,,,,,,,,,,,,,,,,,,,,,,,,,,,,,
2126044,0effd42214a8b3e23eb022236644160600dec69e45d04fbc61678a20d9474a97513fa0cc5826ec8a8ad57f49a1171cfb8384e0a902b39533d6d6446d75532dac,08/10/2025 01:00:00 AM,1,DRIVER,,2026757,,FORD,BRONCO / BRONCO II,IL,2024,NONE,PASSENGER,PERSONAL,UNKNOWN,STRAIGHT AHEAD,,,1,,,,,Y,,,,,,,,,,Y,Y,,FRONT,,,,,,,,,,,,,,,,,,,,,,,,,,,,,,,,,
2126045,0effd42214a8b3e23eb022236644160600dec69e45d04fbc61678a20d9474a97513fa0cc5826ec8a8ad57f49a1171cfb8384e0a902b39533d6d6446d75532dac,08/10/2025 01:00:00 AM,2,PARKED,,2026752,,DODGE,CHALLENGER,IL,2023,NONE,PASSENGER,PERSONAL,UNKNOWN,PARKED,,,0,,,,,,,,,,,,,,Y,,,,SIDE-LEFT,,,,,,,,,,,,,,,,,,,,,,,,,,,,,,,,,
2127189,2f1f70ced8844471cb1d42e4c54eb9003d8f1fb71bb8bdfd88b1973d694020e1f0d39301be7674bfb047810faaeff68b74b8f72bfccc440f9c06c69771cb6128,08/10/2025 01:00:00 AM,1,DRIVER,,2027845,,FORD,OTHER (EXPLAIN IN NARRATIVE),IL,2014,UNKNOWN,UNKNOWN/NA,UNKNOWN/NA,S,UNKNOWN/NA,,,1,,,,,,,,,,,,,,,,,Y,UNKNOWN,,,,,,,,,,,,,,,,,,,,,,,,,,,,,,,,,
2127190,2f1f70ced8844471cb1d42e4c54eb9003d8f1fb71bb8bdfd88b1973d694020e1f0d39301be7674bfb047810faaeff68b74b8f72bfccc440f9c06c69771cb6128,08/10/2025 01:00:00 AM,2,PARKED,,2027836,,HONDA,CIVIC,IL,2003,NONE,PASSENGER,PERSONAL,S,PARKED,,,0,,,,,Y,Y,Y,Y,Y,,,,,,,,Y,UNKNOWN,,,,,,,,,,,,,,,,,,,,,,,,,,,,,,,,,
2125359,5627fca87f59dde62b163cf67f7818d7482c6b7178dc57c17693c1ee7cd28c68d8a414c2e93aa5fbbc06b304cfd33e7ec4005f9074df77364c2e440ac8e84621,08/10/2025 01:00:00 AM,1,DRIVER,4,2026102,,SAAB,9-3,IL,2007,UNKNOWN,PASSENGER,UNKNOWN/NA,W,STRAIGHT AHEAD,N,,5,,,,,Y,,,,,,,,,,Y,Y,,FRONT,,,,,,,,,,,,,,,,,,,,,,,,,,,,,,,,,
2125360,5627fca87f59dde62b163cf67f7818d7482c6b7178dc57c17693c1ee7cd28c68d8a414c2e93aa5fbbc06b304cfd33e7ec4005f9074df77364c2e440ac8e84621,08/10/2025 01:00:00 AM,2,DRIVERLESS,,2026107,,CHEVROLET,TRAVERSE,IL,2017,NONE,SPORT UTILITY VEHICLE (SUV),NOT IN USE,W,PARKED,,,0,,,,,,,,,,,,,,,,Y,,FRONT,,,,,,,,,,,,,,,,,,,,,,,,,,,,,,,,,
2125366,6f379cedceb1599e5d2a9c89e0bb953be5596a430f1d4226fc81f7e9d5de0420bc07f6dc0889971c2b6c4ac2371b111ec266509105a7817d62023567a970ec1f,08/10/2025 12:32:00 AM,1,DRIVER,1,2026112,,CHEVROLET,EQUINOX,FL,2022,UNKNOWN,SPORT UTILITY VEHICLE (SUV),UNKNOWN/NA,NE,TURNING LEFT,,,2,,,,,,,,,,,,,,,,,Y,FRONT,,,,,,,,,,,,,,,,,,,,,,,,,,,,,,,,,
2125367,6f379cedceb1599e5d2a9c89e0bb953be5596a430f1d4226fc81f7e9d5de0420bc07f6dc0889971c2b6c4ac2371b111ec266509105a7817d62023567a970ec1f,08/10/2025 12:32:00 AM,2,BICYCLE,,,,,,,,,,,,,,,,,,,,,,,,,,,,,,,,,,,,,,,,,,,,,,,,,,,,,,,,,,,,,,,,,,
2126336,8c1f920ac9dcc4b40614d5d233e7e530ae2e52f3081a34c775d199a1c79f523d5173bb37c6019ec09ff7c73308b3f7eb676f2ccc1ccab2d49a78fb4068bcc07c,08/10/2025 12:30:00 AM,1,DRIVER,,2027032,,UNKNOWN,MOTORIZED,IL,,UNKNOWN,UNKNOWN/NA,UNKNOWN/NA,UNKNOWN,UNKNOWN/NA,,,1,,,,,,,,,,,,,,,,,Y,UNKNOWN,,,,,,,,,,,,,,,,,,,,,,,,,,,,,,,,,
2126337,8c1f920ac9dcc4b40614d5d233e7e530ae2e52f3081a34c775d199a1c79f523d5173bb37c6019ec09ff7c73308b3f7eb676f2ccc1ccab2d49a78fb4068bcc07c,08/10/2025 12:30:00 AM,2,PARKED,,2027046,,GENESIS,G80,IL,2021,NONE,PASSENGER,PERSONAL,S,PARKED,,,0,,,,,,,,,,,,Y,Y,Y,Y,,,UNKNOWN,,,,,,,,,,,,,,,,,,,,,,,,,,,,,,,,,
2125655,d41ec305ab8072f6c28f10957cae45578dc59ecb53b6a4f0296f458e5f4cf5a089b91872709b2243d7b886928e76716d3b3b868be25a31749ab25d6106ae124c,08/10/2025 12:27:00 AM,1,DRIVER,,2026385,,AUDI,Q5,,2011,UNKNOWN,SPORT UTILITY VEHICLE (SUV),UNKNOWN/NA,W,BACKING,,,1,,,,,,,,,,,,,,,,,Y,REAR,,,,,,,,,,,,,,,,,,,,,,,,,,,,,,,,,
2125656,d41ec305ab8072f6c28f10957cae45578dc59ecb53b6a4f0296f458e5f4cf5a089b91872709b2243d7b886928e76716d3b3b868be25a31749ab25d6106ae124c,08/10/2025 12:27:00 AM,2,DRIVERLESS,,2026389,,NISSAN,ALTIMA,IL,2020,UNKNOWN,PASSENGER,NOT IN USE,S,PARKED,,,0,,,,,,,,,,,,,,Y,Y,,,FRONT-LEFT-CORNER,,,,,,,,,,,,,,,,,,,,,,,,,,,,,,,,,
2125351,50bc0c50768b1aa8f655e8c943a268b8512f0453e171046ceea6d453eadffd63bdb9c900edccab86490583bb4d7578f873f9ef54fff36d6dffcdfac9b039d8bb,08/10/2025 12:15:00 AM,1,DRIVER,,2026725,,SATURN,OTHER (EXPLAIN IN NARRATIVE),IL,,UNKNOWN,UNKNOWN/NA,UNKNOWN/NA,UNKNOWN,UNKNOWN/NA,,,1,,,,,,,,,,,,,,,,,Y,FRONT,,,,,,,,,,,,,,,,,,,,,,,,,,,,,,,,,
2125352,50bc0c50768b1aa8f655e8c943a268b8512f0453e171046ceea6d453eadffd63bdb9c900edccab86490583bb4d7578f873f9ef54fff36d6dffcdfac9b039d8bb,08/10/2025 12:15:00 AM,2,DRIVER,,2026728,,TOYOTA,PRIUS,IL,2013,NONE,PASSENGER,PERSONAL,N,SLOW/STOP IN TRAFFIC,,,1,,,,,,,,,,,,,,,Y,Y,,FRONT-LEFT-CORNER,,,,,,,,,,,,,,,,,,,,,,,,,,,,,,,,,
2125405,964713f0c10fe4d64eabba162c96dc9987c144b08fb2b27f8e00d8770ddbc0be5ab80684019871d9045123da2031b40060dd7b5619d419a6a649dd984bcfb5ff,08/10/2025 12:14:00 AM,1,DRIVER,,2026146,,ACURA,TLX,IL,2015,NONE,PASSENGER,PERSONAL,N,STRAIGHT AHEAD,,,1,,,,,Y,Y,,,,,,,Y,Y,Y,Y,,FRONT-RIGHT-CORNER,,,,,,,,,,,,,,,,,,,,,,,,,,,,,,,,,