CRASH_UNIT_ID,CRASH_RECORD_ID,CRASH_DATE,UNIT_NO,UNIT_TYPE,NUM_PASSENGERS,VEHICLE_ID,CMRC_VEH_I,MAKE,MODEL,LIC_PLATE_STATE,VEHICLE_YEAR,VEHICLE_DEFECT,VEHICLE_TYPE,VEHICLE_USE,TRAVEL_DIRECTION,MANEUVER,TOWED_I,FIRE_I,OCCUPANT_CNT,EXCEED_SPEED_LIMIT_I,TOWED_BY,TOWED_TO,AREA_00_I,AREA_01_I,AREA_02_I,AREA_03_I,AREA_04_I,AREA_05_I,AREA_06_I,AREA_07_I,AREA_08_I,AREA_09_I,AREA_10_I,AREA_11_I,AREA_12_I,AREA_99_I,FIRST_CONTACT_POINT,CMV_ID,USDOT_NO,CCMC_NO,ILCC_NO,COMMERCIAL_SRC,GVWR,CARRIER_NAME,CARRIER_STATE,CARRIER_CITY,HAZMAT_PLACARDS_I,HAZMAT_NAME,UN_NO,HAZMAT_PRESENT_I,HAZMAT_REPORT_I,HAZMAT_REPORT_NO,MCS_REPORT_I,MCS_REPORT_NO,HAZMAT_VIO_CAUSE_CRASH_I,MCS_VIO_CAUSE_CRASH_I,IDOT_PERMIT_NO,WIDE_LOAD_I,TRAILER1_WIDTH,TRAILER2_WIDTH,TRAILER1_LENGTH,TRAILER2_LENGTH,TOTAL_VEHICLE_LENGTH,AXLE_CNT,VEHICLE_CONFIG,CARGO_BODY_TYPE,LOAD_TYPE,HAZMAT_OUT_OF_SERVICE_I,MCS_OUT_OF_SERVICE_I,HAZMAT_CLASS
2125406,964713f0c10fe4d64eabba162c96dc9987c144b08fb2b27f8e00d8770ddbc0be5ab80684019871d9045123da2031b40060dd7b5619d419a6a649dd984bcfb5ff,08/10/2025 12:14:00 AM,2,PARKED,,2026149,,TOYOTA,TACOMA,IL,2001,NONE,PICKUP,PERSONAL,N,PARKED,Y,,0,,CITY TOW,DOUTY,,,,,,Y,Y,Y,,,,,,,REAR,,,,,,,,,,,,,,,,,,,,,,,,,,,,,,,,,
2125329,833681a98761f0d2adf29150d4117553360e2f2255c35bef0760e86acc086300d928a8ae7edc2f80427150c1ca1f9f1b1933c560d39862baaaab10cbf28c4944,08/10/2025 12:05:00 AM,1,DRIVER,,2026074,,UNKNOWN,ENCLOSED BODY,,,UNKNOWN,UNKNOWN/NA,UNKNOWN/NA,W,STRAIGHT AHEAD,,,1,,,,,,,,,,Y,,,,,,,,REAR,,,,,,,,,,,,,,,,,,,,,,,,,,,,,,,,,
2125330,833681a98761f0d2adf29150d4117553360e2f2255c35bef0760e86acc086300d928a8ae7edc2f80427150c1ca1f9f1b1933c560d39862baaaab10cbf28c4944,08/10/2025 12:05:00 AM,2,DRIVER,,2026078,,TOYOTA,CAMRY,OH,2025,NONE,PASSENGER,PERSONAL,W,STRAIGHT AHEAD,,,1,,,,,,,,,,,,,,,,Y,,FRONT,,,,,,,,,,,,,,,,,,,,,,,,,,,,,,,,,
2125336,e0c740fd303f1412ca234b779ae2023ac631aca26efd925d6dd8885f505e5b76ea18edf062b7f154ab0f2e8a171d9a17bb04bba847ef2790e126a0e597f6f2a4,08/10/2025 12:05:00 AM,1,DRIVER,,2026085,,GENERAL MOTORS CORPORATION (GMC),TERRAIN,IL,2010,WHEELS,PASSENGER,PERSONAL,S,TURNING LEFT,Y,,1,,PRIVATE TOWED,,,,,Y,Y,Y,,,,,,,,,REAR-RIGHT-CORNER,,,,,,,,,,,,,,,,,,,,,,,,,,,,,,,,,
2125337,e0c740fd303f1412ca234b779ae2023ac631aca26efd925d6dd8885f505e5b76ea18edf062b7f154ab0f2e8a171d9a17bb04bba847ef2790e126a0e597f6f2a4,08/10/2025 12:05:00 AM,2,DRIVER,,2026088,,HONDA,CIVIC,IL,2017,LIGHTS,PASSENGER,PERSONAL,S,STRAIGHT AHEAD,,,1,,,,,Y,Y,,,,,,,,,,Y,,FRONT-RIGHT-CORNER,,,,,,,,,,,,,,,,,,,,,,,,,,,,,,,,,
2125318,46c479917fc3e37613b8d0479796737b6288a6bb8f39a34bad7ec32c2499fe653616ef0408c27ff1a46a804366efcf9f16e1dcbf5deac4c1c67410d77d61897e,08/10/2025 12:01:00 AM,1,DRIVER,,2026066,,HONDA,ACCORD,IL,2007,UNKNOWN,PASSENGER,UNKNOWN/NA,S,OTHER,,,1,,,,,,,,,,,,,,,Y,,,FRONT-LEFT-CORNER,,,,,,,,,,,,,,,,,,,,,,,,,,,,,,,,,
2125319,46c479917fc3e37613b8d0479796737b6288a6bb8f39a34bad7ec32c2499fe653616ef0408c27ff1a46a804366efcf9f16e1dcbf5deac4c1c67410d77d61897e,08/10/2025 12:01:00 AM,2,DRIVER,,2026131,,NISSAN,PATHFINDER,IL,2018,UNKNOWN,SPORT UTILITY VEHICLE (SUV),UNKNOWN/NA,S,STRAIGHT AHEAD,,,1,,,,,,,,,Y,,,,,,,,,REAR-RIGHT-CORNER,,,,,,,,,,,,,,,,,,,,,,,,,,,,,,,,,
2125547,421930d26781027e0ff81521936c6b323327faff3c8a84179ad6106d345277ffd234e145f8779bc259445161ed6b4f6e9ae58b5f6290dc8f1e96b48e9e1858d2,08/10/2025 12:00:00 AM,1,DRIVER,,2026283,,GENERAL MOTORS CORPORATION (GMC),ENVOY,IL,2006,UNKNOWN,SPORT UTILITY VEHICLE (SUV),PERSONAL,N,STRAIGHT AHEAD,,,1,,,,,,,,,,,,,,Y,Y,Y,,FRONT-LEFT-CORNER,,,,,,,,,,,,,,,,,,,,,,,,,,,,,,,,,
2125548,421930d26781027e0ff81521936c6b323327faff3c8a84179ad6106d345277ffd234e145f8779bc259445161ed6b4f6e9ae58b5f6290dc8f1e96b48e9e1858d2,08/10/2025 12:00:00 AM,2,DRIVER,1,2026287,,GENERAL MOTORS CORPORATION (GMC),YUKON,IL,2016,UNKNOWN,SPORT UTILITY VEHICLE (SUV),PERSONAL,E,STRAIGHT AHEAD,Y,,2,,SELF,,,Y,Y,Y,Y,,,,,,,,,,FRONT-RIGHT-CORNER,,,,,,,,,,,,,,,,,,,,,,,,,,,,,,,,,
2125649,893a31790acf4f625829359141ba9f3db135c95f35fa5191958b1aa9d15092e30d5121081d2fc3978fbf82a6b6bfee0cb804581287b75f3f1715545db2077b64,08/10/2025 12:00:00 AM,1,DRIVER,,2026383,,SUBARU,OUTBACK,IL,2019,NONE,SPORT UTILITY VEHICLE (SUV),PERSONAL,S,STRAIGHT AHEAD,,,1,,,,,,Y,Y,Y,,,,,,,,,,SIDE-RIGHT,,,,,,,,,,,,,,,,,,,,,,,,,,,,,,,,,
2125650,893a31790acf4f625829359141ba9f3db135c95f35fa5191958b1aa9d15092e30d5121081d2fc3978fbf82a6b6bfee0cb804581287b75f3f1715545db2077b64,08/10/2025 12:00:00 AM,2,DRIVER,,2026386,,CHEVROLET,TRAX,IL,2025,NONE,PASSENGER,PERSONAL,N,STRAIGHT AHEAD,,,1,,,,,,N,Y,Y,Y,,,,,,,,,SIDE-RIGHT,,,,,,,,,,,,,,,,,,,,,,,,,,,,,,,,,
2125344,28ebda20906fbb6f1a0c433e186195da6500af25b9a44745d3598567addfa663a0a8d6acb27b6a657a81726d8c2796e5067e302ff77b0bb71b60ff8de95ec2d5,08/09/2025 11:55:00 PM,1,DRIVER,,2026093,,CHEVROLET,OTHER (EXPLAIN IN NARRATIVE),IL,2019,NONE,PASSENGER,PERSONAL,E,CHANGING LANES,,,1,,,,,,,,,,,,,,,Y,,,FRONT-LEFT-CORNER,,,,,,,,,,,,,,,,,,,,,,,,,,,,,,,,,
2125353,28ebda20906fbb6f1a0c433e186195da6500af25b9a44745d3598567addfa663a0a8d6acb27b6a657a81726d8c2796e5067e302ff77b0bb71b60ff8de95ec2d5,08/09/2025 11:55:00 PM,2,DRIVER,,2026099,,FORD,OTHER (EXPLAIN IN NARRATIVE),MI,2013,NONE,PASSENGER,PERSONAL,E,STRAIGHT AHEAD,,,1,,,,,,,,,Y,,,,,,,,,REAR-RIGHT-CORNER,,,,,,,,,,,,,,,,,,,,,,,,,,,,,,,,,
2125312,6ad953aa1ee4ef1106aede1b6ba041479d5d86363df6654c7e82914af4b578b668ca372fae4779ea97d2b02092d83a901c119450c6033a1f8503f42e8dc510ba,08/09/2025 11:50:00 PM,1,DRIVER,,2026063,,CHEVROLET,IMPALA,IN,2010,NONE,PASSENGER,NOT IN USE,S,STRAIGHT AHEAD,,,1,,,,,Y,,,,,,,,,,Y,Y,,FRONT,,,,,,,,,,,,,,,,,,,,,,,,,,,,,,,,,
2125313,6ad953aa1ee4ef1106aede1b6ba041479d5d86363df6654c7e82914af4b578b668ca372fae4779ea97d2b02092d83a901c119450c6033a1f8503f42e8dc510ba,08/09/2025 11:50:00 PM,2,DRIVER,2,2026069,,TOYOTA,COROLLA,IN,2020,NONE,PASSENGER,PERSONAL,S,STRAIGHT AHEAD,,,3,,,,,,,,,Y,Y,Y,,,,,,,REAR,,,,,,,,,,,,,,,,,,,,,,,,,,,,,,,,,
2125345,7f96e84ac7b66baf8f7e64d15c37b2f54fcb3c9cbbb9dd58df1b808cab50bdf4a5905e77e94dc0d050bcdb078baee233e8081a5276337694d813c02414f0bc42,08/09/2025 11:50:00 PM,1,DRIVER,,2026091,,UNKNOWN,OTHER (EXPLAIN IN NARRATIVE),,,UNKNOWN,PASSENGER,UNKNOWN/NA,S,UNKNOWN/NA,,,1,,,,,Y,Y,,,,,,,,,,Y,,FRONT-RIGHT-CORNER,,,,,,,,,,,,,,,,,,,,,,,,,,,,,,,,,
2125346,7f96e84ac7b66baf8f7e64d15c37b2f54fcb3c9cbbb9dd58df1b808cab50bdf4a5905e77e94dc0d050bcdb078baee233e8081a5276337694d813c02414f0bc42,08/09/2025 11:50:00 PM,2,DRIVER,,2026095,,TOYOTA,AVALON,IL,2015,UNKNOWN,PASSENGER,PERSONAL,S,STRAIGHT AHEAD,,,1,,,,,,,,,,Y,Y,Y,,,,,,REAR-LEFT-CORNER,,,,,,,,,,,,,,,,,,,,,,,,,,,,,,,,,
2125325,e4533b0540f57795e414f033a73924e0f6fce041c4f6c9021eef5ce6d074be283234c1f7ec9cf18cc2d03c2ce63c8beaab02986be3f9fd8252dfb38982678401,08/09/2025 11:49:00 PM,1,DRIVER,,2026075,,NISSAN,ALTIMA,,2021,UNKNOWN,PASSENGER,PERSONAL,S,STRAIGHT AHEAD,Y,,1,,personal tow,,,Y,Y,Y,Y,Y,Y,Y,Y,Y,Y,Y,Y,,TOTAL (ALL AREAS),,,,,,,,,,,,,,,,,,,,,,,,,,,,,,,,,
2125411,769c4d5c97e645f576c366bd96f66031f72740a00c83811172a3fa7642a53c98084b59555aad6d0520b3962d52132a492677a4e1167dc19ec1d1537b39a4f624,08/09/2025 11:46:00 PM,1,DRIVER,,2026157,,ACURA,ADX,IL,2016,NONE,PASSENGER,PERSONAL,N,STRAIGHT AHEAD,Y,,1,,PRIVATE TOW TO UNK LOCATION,UNK,,Y,,,,,,,,,,Y,Y,,FRONT,,,,,,,,,,,,,,,,,,,,,,,,,,,,,,,,,
2125412,769c4d5c97e645f576c366bd96f66031f72740a00c83811172a3fa7642a53c98084b59555aad6d0520b3962d52132a492677a4e1167dc19ec1d1537b39a4f624,08/09/2025 11:46:00 PM,2,DRIVER,1,2026162,,TOYOTA,HIGHLANDER,IL,2021,NONE,PASSENGER,NOT IN USE,N,STRAIGHT AHEAD,,,2,,,,,,,,,Y,Y,Y,,,,,,,REAR,,,,,,,,,,,,,,,,,,,,,,,,,,,,,,,,,
2125308,3ef69ca4ee4f56bf7206868bfae9bc6db0bdc008f21b1443d323731005915e5230f31a38c0bf963784a2a0ab718c350c22b3d86aa77c723df9fc2ef0f08481d9,08/09/2025 11:45:00 PM,1,DRIVER,,2026061,,UNKNOWN,OTHER (EXPLAIN IN NARRATIVE),,,UNKNOWN,TRUCK - SINGLE UNIT,UNKNOWN/NA,N,U-TURN,,,1,,,,,,,,,,,,,,,,,Y,UNKNOWN,,,,,,,,,,,,,,,,,,,,,,,,,,,,,,,,,
2125309,3ef69ca4ee4f56bf7206868bfae9bc6db0bdc008f21b1443d323731005915e5230f31a38c0bf963784a2a0ab718c350c22b3d86aa77c723df9fc2ef0f08481d9,08/09/2025 11:45:00 PM,2,DRIVER,,2026062,,CHEVROLET,BOLT,IL,2023,UNKNOWN,PASSENGER,PERSONAL,N,STRAIGHT AHEAD,Y,,1,,UNIVERSAL TOWING,,,,,,,,,,,,Y,Y,Y,,FRONT-LEFT-CORNER,,,,,,,,,,,,,,,,,,,,,,,,,,,,,,,,,
2125306,090a21eba370a3966bbacb24c03ee6211dee775c81ddf2585705a4dcb709a55c3194fd0d664c87cb4a516b046c747d4807ae3a1f2fe39a36cfafcf530163dc73,08/09/2025 11:40:00 PM,1,DRIVER,,2026057,,UNKNOWN,OTHER (EXPLAIN IN NARRATIVE),,,UNKNOWN,UNKNOWN/NA,UNKNOWN/NA,UNKNOWN,UNKNOWN/NA,,,1,,,,,,,,,,,,,,,,,Y,UNKNOWN,,,,,,,,,,,,,,,,,,,,,,,,,,,,,,,,,
2125307,090a21eba370a3966bbacb24c03ee6211dee775c81ddf2585705a4dcb709a55c3194fd0d664c87cb4a516b046c747d4807ae3a1f2fe39a36cfafcf530163dc73,08/09/2025 11:40:00 PM,2,PARKED,,2026059,,HONDA,CIVIC,IL,2011,UNKNOWN,PASSENGER,PERSONAL,S,PARKED,,,0,,,,,Y,,,,,,,,,,Y,Y,,FRONT,,,,,,,,,,,,,,,,,,,,,,,,,,,,,,,,,
2125310,ffcd2424f53cb5b1a7b4906abc376d345a12b31634e38825dc3b62d4b81b3d4e759ea5deff2a1dd6e7244cc0baef97797dc341fce539d93e0817ed717c68db85,08/09/2025 11:40:00 PM,1,DRIVER,,2026065,,TOYOTA,CAMRY,IL,2012,NONE,PASSENGER,RIDESHARE SERVICE,W,MERGING,,,1,,,,,,,,,,,,,Y,Y,,,,SIDE-LEFT,,,,,,,,,,,,,,,,,,,,,,,,,,,,,,,,,
2125324,ffcd2424f53cb5b1a7b4906abc376d345a12b31634e38825dc3b62d4b81b3d4e759ea5deff2a1dd6e7244cc0baef97797dc341fce539d93e0817ed717c68db85,08/09/2025 11:40:00 PM,2,DRIVER,1,2026068,,FORD,F150,GA,2008,NONE,PICKUP,PERSONAL,W,STRAIGHT AHEAD,,,2,,,,,,Y,,,,,,,,,,,,SIDE-RIGHT-FRONT,,,,,,,,,,,,,,,,,,,,,,,,,,,,,,,,,
2125338,f7356e6cb5ca8ae33f370d93f27f86aac6367d8e9387b25c777d3333ebf37c3bd7ed28e2619ccb94be0610664560ce6deb28eb4d39dbeefdd1c7cc4bed67ae09,08/09/2025 11:38:00 PM,1,DRIVER,,2026086,,BMW,X5,IL,2005,UNKNOWN,PASSENGER,PERSONAL,S,UNKNOWN/NA,N,,1,,,,,Y,Y,,,Y,Y,Y,,,Y,Y,,,UNKNOWN,,,,,,,,,,,,,,,,,,,,,,,,,,,,,,,,,
2125339,f7356e6cb5ca8ae33f370d93f27f86aac6367d8e9387b25c777d3333ebf37c3bd7ed28e2619ccb94be0610664560ce6deb28eb4d39dbeefdd1c7cc4bed67ae09,08/09/2025 11:38:00 PM,2,DRIVER,2,2026087,,SUBARU,LEGACY,IL,2011,UNKNOWN,PASSENGER,PERSONAL,S,STRAIGHT AHEAD,,,3,,,,,Y,Y,,,,,,,,,Y,Y,,UNKNOWN,,,,,,,,,,,,,,,,,,,,,,,,,,,,,,,,,
2126262,7b073b82b0a3fe3832b4ffe843a1902164505a79feeb0ef9891996fbd05c33d29f9658bf80be6250ed7093c77e97554412e3757e72185a1b5fc6c260c86115ff,08/09/2025 11:30:00 PM,1,DRIVER,,2026961,,UNKNOWN,OTHER (EXPLAIN IN NARRATIVE),IL,,UNKNOWN,UNKNOWN/NA,UNKNOWN/NA,S,STRAIGHT AHEAD,,,1,,,,,,,,,,,,,,,,,Y,FRONT,,,,,,,,,,,,,,,,,,,,,,,,,,,,,,,,,
2126263,7b073b82b0a3fe3832b4ffe843a1902164505a79feeb0ef9891996fbd05c33d29f9658bf80be6250ed7093c77e97554412e3757e72185a1b5fc6c260c86115ff,08/09/2025 11:30:00 PM,2,DRIVER,,2026974,,CHEVROLET,EQUINOX,IL,2018,NONE,PASSENGER,PERSONAL,S,SLOW/STOP IN TRAFFIC,,,1,,,,,,,,,Y,Y,Y,,,,,,,REAR,,,,,,,,,,,,,,,,,,,,,,,,,,,,,,,,,
2126029,ddd6440566e2a9aa026107358bd6942c8d27baeada6326880c4cea29988601bc5ce476bd1a2ecccf8031a3018eb9734671245b63729dbcb4ef66420f086791b0,08/09/2025 11:30:00 PM,1,DRIVER,,2026738,,UNKNOWN,OTHER (EXPLAIN IN NARRATIVE),,,UNKNOWN,UNKNOWN/NA,UNKNOWN/NA,UNKNOWN,UNKNOWN/NA,,,1,,,,,,,,,,,,,,,,,,UNKNOWN,,,,,,,,,,,,,,,,,,,,,,,,,,,,,,,,,
2126030,ddd6440566e2a9aa026107358bd6942c8d27baeada6326880c4cea29988601bc5ce476bd1a2ecccf8031a3018eb9734671245b63729dbcb4ef66420f086791b0,08/09/2025 11:30:00 PM,2,PARKED,,2026739,,BUICK,OTHER (EXPLAIN IN NARRATIVE),IL,2024,NONE,PASSENGER,PERSONAL,UNKNOWN,PARKED,Y,,0,,,,,,,,,,,,,,Y,Y,Y,,FRONT-LEFT-CORNER,,,,,,,,,,,,,,,,,,,,,,,,,,,,,,,,,
2125301,a69320e50508d0f8cefdd83dc73150205bdb73aac50538946bc4c58520a3202dfe0c2a0f8b4ec5647184c88beac74b2813b289a1aa89a032ca43bc168073a9c5,08/09/2025 11:25:00 PM,1,DRIVERLESS,,2026467,,NISSAN,ROGUE,IL,2019,UNKNOWN,SPORT UTILITY VEHICLE (SUV),PERSONAL,N,SKIDDING/CONTROL LOSS,Y,,0,,CITY OF CHICAGO,CENTRAL AUTO POUND,,Y,,,,,,,,,,Y,Y,,FRONT,,,,,,,,,,,,,,,,,,,,,,,,,,,,,,,,,
2125361,a5b91fe841f55b21d1a45d49f5799c8debe919c76665029984e0df6cb981725054d65652e1ce8d38f5b5fa327fb3456abaaf1fdbd336fc5f014c2e00ba2e59a0,08/09/2025 11:20:00 PM,1,DRIVER,,2026103,,CHEVROLET,SUBURBAN,IL,2006,NONE,SPORT UTILITY VEHICLE (SUV),PERSONAL,N,BACKING,,,1,,,,,,,,,Y,Y,Y,,,,,,,REAR,,,,,,,,,,,,,,,,,,,,,,,,,,,,,,,,,
2125913,024ab019a97fa8eafbbd74d9f3dfa5b40de963ccee427e2e552bfbb5edbaac09814ba2ada118c08dfcdb83f5bb7d4091409a1525df7f3505471e5f8745bc3baa,08/09/2025 11:15:00 PM,1,DRIVER,,2026630,,UNKNOWN,OTHER (EXPLAIN IN NARRATIVE),,,UNKNOWN,PASSENGER,PERSONAL,S,STRAIGHT AHEAD,,,1,,,,,,,,,,,,,,,,,,SIDE-RIGHT,,,,,,,,,,,,,,,,,,,,,,,,,,,,,,,,,
2125914,024ab019a97fa8eafbbd74d9f3dfa5b40de963ccee427e2e552bfbb5edbaac09814ba2ada118c08dfcdb83f5bb7d4091409a1525df7f3505471e5f8745bc3baa,08/09/2025 11:15:00 PM,2,PARKED,1,2026634,,OLDSMOBILE,TORONADO,IL,1971,NONE,PICKUP,NOT IN USE,S,PARKED,,,1,,,,,,,,,,,,Y,Y,Y,,,,SIDE-LEFT,,,,,,,,,,,,,,,,,,,,,,,,,,,,,,,,,
2125289,36cde5f4ec6e15754e0b2cbee73704df2da48974126926205039630c1799c75265592fccf6b4df81b9b39f002aff45936ce065736f5403218c5282d7e8729290,08/09/2025 11:10:00 PM,1,DRIVER,,2026049,,LEXUS,OTHER (EXPLAIN IN NARRATIVE),IL,2004,UNKNOWN,UNKNOWN/NA,UNKNOWN/NA,N,STRAIGHT AHEAD,,,1,,,,,Y,,,,,,,,,,Y,Y,,FRONT,,,,,,,,,,,,,,,,,,,,,,,,,,,,,,,,,
2125290,36cde5f4ec6e15754e0b2cbee73704df2da48974126926205039630c1799c75265592fccf6b4df81b9b39f002aff45936ce065736f5403218c5282d7e8729290,08/09/2025 11:10:00 PM,2,DRIVER,1,2026042,,MAZDA,CX-5,IL,2020,NONE,PASSENGER,PERSONAL,N,STRAIGHT AHEAD,,,2,,,,,,,,,Y,Y,Y,,,,,,,REAR,,,,,,,,,,,,,,,,,,,,,,,,,,,,,,,,,
2125418,37af715f719118643a6199de1e09c92bc209fd9e3927d57768c78ebe8aaa678f3bb0220d91e4fd6e93f9abc030c07b0a894149d726c398a1e7cdcf506d06f3c3,08/09/2025 11:10:00 PM,1,DRIVER,,2026166,,FORD,CROWN VICTORIA,IL,2006,NONE,PASSENGER,PERSONAL,S,STRAIGHT AHEAD,Y,,1,,S&S,4700 S. CORNELL (PARKING  LOT),,,,,,,,,,,,,Y,,FRONT,,,,,,,,,,,,,,,,,,,,,,,,,,,,,,,,,
2125419,37af715f719118643a6199de1e09c92bc209fd9e3927d57768c78ebe8aaa678f3bb0220d91e4fd6e93f9abc030c07b0a894149d726c398a1e7cdcf506d06f3c3,08/09/2025 11:10:00 PM,2,DRIVER,1,2026170,,JEEP,CHEROKEE,PA,2020,UNKNOWN,SPORT UTILITY VEHICLE (SUV),PERSONAL,S,STRAIGHT AHEAD,,,2,,,,,,,,,,Y,,,,,,,,REAR,,,,,,,,,,,,,,,,,,,,,,,,,,,,,,,,,
2125420,37af715f719118643a6199de1e09c92bc209fd9e3927d57768c78ebe8aaa678f3bb0220d91e4fd6e93f9abc030c07b0a894149d726c398a1e7cdcf506d06f3c3,08/09/2025 11:10:00 PM,3,DRIVER,,2026177,,CHEVROLET,OTHER (EXPLAIN IN NARRATIVE),IL,2016,UNKNOWN,PASSENGER,PERSONAL,S,STRAIGHT AHEAD,,,1,,,,,,,,,Y,Y,Y,,,,,,,REAR,,,,,,,,,,,,,,,,,,,,,,,,,,,,,,,,,
2125844,3ecd1249e8386b536cefe85b77f60a8dff4ac4957c21458761c22ba2ec0a225a6e8ca5d1d0fad2370d568451997e9b5aa650567ae8fc4aa4884479f96969b0fd,08/09/2025 11:10:00 PM,1,DRIVER,,2026558,,FORD,F250,IL,2006,UNKNOWN,UNKNOWN/NA,UNKNOWN/NA,W,STRAIGHT AHEAD,,,1,,,,,,,,,,,,,,,,Y,,FRONT,,,,,,,,,,,,,,,,,,,,,,,,,,,,,,,,,
2125845,3ecd1249e8386b536cefe85b77f60a8dff4ac4957c21458761c22ba2ec0a225a6e8ca5d1d0fad2370d568451997e9b5aa650567ae8fc4aa4884479f96969b0fd,08/09/2025 11:10:00 PM,2,DRIVER,1,2026559,,HYUNDAI,TUCSON,,2022,NONE,SPORT UTILITY VEHICLE (SUV),PERSONAL,E,STRAIGHT AHEAD,,,2,,,,,,,,,,,,,,,,Y,,FRONT,,,,,,,,,,,,,,,,,,,,,,,,,,,,,,,,,
2125340,69ba4d5157cb4567352c990443b5ba602662ecf3787da0b93e528c264b41509f5651ece3754641970b197aea1e00d3a661531528dd480b88928ae6e544d0d542,08/09/2025 11:03:00 PM,1,DRIVER,1,2026092,,INFINITI,Q50,IL,2019,UNKNOWN,PASSENGER,PERSONAL,S,STRAIGHT AHEAD,Y,,2,,TRIPLE A,RESIDENCE,,Y,Y,,,,,,,,N,Y,Y,,FRONT-RIGHT-CORNER,,,,,,,,,,,,,,,,,,,,,,,,,,,,,,,,,
2125341,69ba4d5157cb4567352c990443b5ba602662ecf3787da0b93e528c264b41509f5651ece3754641970b197aea1e00d3a661531528dd480b88928ae6e544d0d542,08/09/2025 11:03:00 PM,2,DRIVER,,2026097,,NISSAN,ALTIMA,IL,2020,UNKNOWN,PASSENGER,PERSONAL,E,STRAIGHT AHEAD,Y,,1,,STATEFARM,UNKNOWN,,,,,,,,,,,Y,Y,Y,,FRONT,,,,,,,,,,,,,,,,,,,,,,,,,,,,,,,,,
2125390,0f973b4091b6e6dbcaa5b3760f6086ffe11d511a68940dffd5b2a59b4acf2f0c7bcd4e05095487d46aaaf356c2d0e433663280d335508350011a4d3d28cf30c3,08/09/2025 11:00:00 PM,1,DRIVER,,2026134,N,NOVA BUS,OTHER (EXPLAIN IN NARRATIVE),IL,2024,NONE,BUS OVER 15 PASS.,CTA,E,STRAIGHT AHEAD,,,1,,,,Y,,,,,,,,,,,,,,FRONT,,,,,,,,,,,,,,,,,,,,,,,,,,,,,,,,,
2125391,0f973b4091b6e6dbcaa5b3760f6086ffe11d511a68940dffd5b2a59b4acf2f0c7bcd4e05095487d46aaaf356c2d0e433663280d335508350011a4d3d28cf30c3,08/09/2025 11:00:00 PM,2,DRIVER,1,2026139,,HONDA,CR-V,IL,2021,NONE,SPORT UTILITY VEHICLE (SUV),PERSONAL,E,SLOW/STOP IN TRAFFIC,,,2,,,,,,,,,,Y,,,,,,,,REAR,,,,,,,,,,,,,,,,,,,,,,,,,,,,,,,,,
2138519,6c5e8cdd22ca169b99558761eea47edb4695891dafdcb9ccae2244879c1a1d59435241720340a50322b1901b4c9673b7edb1bbb887c15308e2044e17a3096a78,08/09/2025 11:00:00 PM,1,DRIVER,,2038591,,CHRYSLER,TOWN & COUNTRY,IL,2008,UNKNOWN,VAN/MINI-VAN,PERSONAL,E,CHANGING LANES,,,1,,,,,,,,,,,Y,N,,,,,Y,REAR-LEFT-CORNER,,,,,,,,,,,,,,,,,,,,,,,,,,,,,,,,,
2138520,6c5e8cdd22ca169b99558761eea47edb4695891dafdcb9ccae2244879c1a1d59435241720340a50322b1901b4c9673b7edb1bbb887c15308e2044e17a3096a78,08/09/2025 11:00:00 PM,2,DRIVER,,2038592,,TOYOTA,RAV4,IL,2018,UNKNOWN,PASSENGER,PERSONAL,E,STRAIGHT AHEAD,,,1,,,,,Y,,,,,,,,,,,,Y,FRONT-RIGHT-CORNER,,,,,,,,,,,,,,,,,,,,,,,,,,,,,,,,,
2125467,bbfb3a49ea075700a2bad6123396becc740e5011660b204743f0ea094492c2e3739862a46ec1db22ec7b209fcf8fc2816d668e3d9fe86d61ca9d1d3b76e83bb7,08/09/2025 11:00:00 PM,1,DRIVER,,2026209,,NISSAN,OTHER (EXPLAIN IN NARRATIVE),IL,2022,NONE,PASSENGER,PERSONAL,UNKNOWN,UNKNOWN/NA,,,1,,,,,,,,,,,,,,,,,Y,UNKNOWN,,,,,,,,,,,,,,,,,,,,,,,,,,,,,,,,,
2125468,bbfb3a49ea075700a2bad6123396becc740e5011660b204743f0ea094492c2e3739862a46ec1db22ec7b209fcf8fc2816d668e3d9fe86d61ca9d1d3b76e83bb7,08/09/2025 11:00:00 PM,2,PARKED,,2026212,,TOYOTA,RAV4,IL,2008,NONE,SPORT UTILITY VEHICLE (SUV),PERSONAL,W,PARKED,,,0,,,,,,,,,,,,Y,Y,Y,Y,,,SIDE-LEFT,,,,,,,,,,,,,,,,,,,,,,,,,,,,,,,,,
2125327,e88f846854d020bb89fc66b557206f1451974b78ae7b04b431c28f84fe8e7ceee54cdcadeacc85b4aa6677b66f8521ae8d1552b5b2b386f5d2026fa3039de89e,08/09/2025 11:00:00 PM,1,DRIVER,1,2026077,,UNKNOWN,OTHER (EXPLAIN IN NARRATIVE),XX,,UNKNOWN,UNKNOWN/NA,UNKNOWN/NA,NE,UNKNOWN/NA,,,2,,,,,Y,Y,,,,,,,,,,,N,SIDE-RIGHT,,,,,,,,,,,,,,,,,,,,,,,,,,,,,,,,,