CRASH_UNIT_ID,CRASH_RECORD_ID,CRASH_DATE,UNIT_NO,UNIT_TYPE,NUM_PASSENGERS,VEHICLE_ID,CMRC_VEH_I,MAKE,MODEL,LIC_PLATE_STATE,VEHICLE_YEAR,VEHICLE_DEFECT,VEHICLE_TYPE,VEHICLE_USE,TRAVEL_DIRECTION,MANEUVER,TOWED_I,FIRE_I,OCCUPANT_CNT,EXCEED_SPEED_LIMIT_I,TOWED_BY,TOWED_TO,AREA_00_I,AREA_01_I,AREA_02_I,AREA_03_I,AREA_04_I,AREA_05_I,AREA_06_I,AREA_07_I,AREA_08_I,AREA_09_I,AREA_10_I,AREA_11_I,AREA_12_I,AREA_99_I,FIRST_CONTACT_POINT,CMV_ID,USDOT_NO,CCMC_NO,ILCC_NO,COMMERCIAL_SRC,GVWR,CARRIER_NAME,CARRIER_STATE,CARRIER_CITY,HAZMAT_PLACARDS_I,HAZMAT_NAME,UN_NO,HAZMAT_PRESENT_I,HAZMAT_REPORT_I,HAZMAT_REPORT_NO,MCS_REPORT_I,MCS_REPORT_NO,HAZMAT_VIO_CAUSE_CRASH_I,MCS_VIO_CAUSE_CRASH_I,IDOT_PERMIT_NO,WIDE_LOAD_I,TRAILER1_WIDTH,TRAILER2_WIDTH,TRAILER1_LENGTH,TRAILER2_LENGTH,TOTAL_VEHICLE_LENGTH,AXLE_CNT,VEHICLE_CONFIG,CARGO_BODY_TYPE,LOAD_TYPE,HAZMAT_OUT_OF_SERVICE_I,MCS_OUT_OF_SERVICE_I,HAZMAT_CLASS
2125328,e88f846854d020bb89fc66b557206f1451974b78ae7b04b431c28f84fe8e7ceee54cdcadeacc85b4aa6677b66f8521ae8d1552b5b2b386f5d2026fa3039de89e,08/09/2025 11:00:00 PM,2,DRIVER,,2026081,,LEXUS,OTHER (EXPLAIN IN NARRATIVE),IL,2013,UNKNOWN,PASSENGER,UNKNOWN/NA,NE,UNKNOWN/NA,,,1,,,,,,,,,,,,,,,Y,Y,,SIDE-LEFT-FRONT,,,,,,,,,,,,,,,,,,,,,,,,,,,,,,,,,
2129417,13b7933a2a0a49ce56a1a998df01b1acb8e6d4b1cbabb0a9a568232b6012a70f74b985f87a0106b707c4ac22d62834bdf2eebad94360b7b2ef3f849a42089348,08/09/2025 10:50:00 PM,1,DRIVER,,2029955,,UNKNOWN,MOTORIZED,,,UNKNOWN,UNKNOWN/NA,UNKNOWN/NA,UNKNOWN,UNKNOWN/NA,,,1,,,,,,,,,,,,,,,,,Y,UNKNOWN,,,,,,,,,,,,,,,,,,,,,,,,,,,,,,,,,
2129418,13b7933a2a0a49ce56a1a998df01b1acb8e6d4b1cbabb0a9a568232b6012a70f74b985f87a0106b707c4ac22d62834bdf2eebad94360b7b2ef3f849a42089348,08/09/2025 10:50:00 PM,2,PARKED,,2029956,,TOYOTA,SIENNA,IL,2016,NONE,VAN/MINI-VAN,NOT IN USE,W,PARKED,,,0,,,,,,,,,,,Y,Y,,,,,,REAR-LEFT-CORNER,,,,,,,,,,,,,,,,,,,,,,,,,,,,,,,,,
2125326,b047153b12f4dea4f96ab749d165a5074204e01185c1a590bbca341481ed68abc494ae53fef7f00ee93da0159b1c2e354bbe284b13cd91f0bfe9fafe14698192,08/09/2025 10:48:00 PM,1,DRIVER,,2026080,,DODGE,CHARGER,IN,2018,NONE,PASSENGER,PERSONAL,S,STRAIGHT AHEAD,Y,,1,,CITY OF CHICAGO,400 E LOWER WACKER,,,,,,,,Y,Y,Y,Y,Y,,,SIDE-LEFT,,,,,,,,,,,,,,,,,,,,,,,,,,,,,,,,,
2125331,53a263de31c3aedda6c571b2cbf697162640fdb2cd97202862a8074ee1fb883e16c2ce008c5d6c231e0c7d8c55568570ba40cd0cb0d971a322d7148a6e354e4a,08/09/2025 10:42:00 PM,1,DRIVER,,2026083,,LEXUS,RX350,IL,2023,NONE,PASSENGER,PERSONAL,N,SLOW/STOP IN TRAFFIC,,,1,,,,,,,,,,Y,,,,,,,,REAR,,,,,,,,,,,,,,,,,,,,,,,,,,,,,,,,,
2125332,53a263de31c3aedda6c571b2cbf697162640fdb2cd97202862a8074ee1fb883e16c2ce008c5d6c231e0c7d8c55568570ba40cd0cb0d971a322d7148a6e354e4a,08/09/2025 10:42:00 PM,2,DRIVER,2,2026089,,HYUNDAI,SANTA FE,IL,2014,UNKNOWN,PASSENGER,PERSONAL,N,SLOW/STOP IN TRAFFIC,,,3,,,,,,,,,,Y,,,,,,Y,,REAR,,,,,,,,,,,,,,,,,,,,,,,,,,,,,,,,,
2125333,53a263de31c3aedda6c571b2cbf697162640fdb2cd97202862a8074ee1fb883e16c2ce008c5d6c231e0c7d8c55568570ba40cd0cb0d971a322d7148a6e354e4a,08/09/2025 10:42:00 PM,3,DRIVER,,2026100,,NISSAN,ALTIMA,IL,2019,NONE,PASSENGER,PERSONAL,N,SLOW/STOP IN TRAFFIC,,,1,,,,,,,,,,,,,,,,Y,,FRONT,,,,,,,,,,,,,,,,,,,,,,,,,,,,,,,,,
2125291,780b34e607628054a021aded12c0935bda782e9ac1f9f0645c5eb3e4fffa8a25cee6f4a0fb83b09fd682db2cf406ae8057fb6c90cf2377ace5ed53cad8a08851,08/09/2025 10:35:00 PM,1,DRIVER,,2026047,,CADILLAC,ESCALADE,IL,2012,UNKNOWN,SPORT UTILITY VEHICLE (SUV),UNKNOWN/NA,S,BACKING,,,1,,,,,,,,,,Y,,,,,,,,REAR,,,,,,,,,,,,,,,,,,,,,,,,,,,,,,,,,
2125292,780b34e607628054a021aded12c0935bda782e9ac1f9f0645c5eb3e4fffa8a25cee6f4a0fb83b09fd682db2cf406ae8057fb6c90cf2377ace5ed53cad8a08851,08/09/2025 10:35:00 PM,2,PARKED,,2026043,,CHEVROLET,CAMARO,IL,2018,NONE,PASSENGER,PERSONAL,UNKNOWN,PARKED,,,0,,,,,Y,,,,,,,,,,Y,Y,,FRONT,,,,,,,,,,,,,,,,,,,,,,,,,,,,,,,,,
2138671,049a58e662078c0c9c19b08e1b14343a9f6546c526e0b201f5537469d692f5cde12faa6360e8f6705f34299a3b47c5523888bc2c8326794008299f5eb28615d0,08/09/2025 10:30:00 PM,1,DRIVER,1,2038736,,NISSAN,SENTRA,IL,2019,UNKNOWN,PASSENGER,PERSONAL,N,TURNING LEFT,,,2,,,,,,,,,,,,,,,,,,FRONT,,,,,,,,,,,,,,,,,,,,,,,,,,,,,,,,,
2138672,049a58e662078c0c9c19b08e1b14343a9f6546c526e0b201f5537469d692f5cde12faa6360e8f6705f34299a3b47c5523888bc2c8326794008299f5eb28615d0,08/09/2025 10:30:00 PM,2,DRIVER,1,2038737,,KIA,OTHER (EXPLAIN IN NARRATIVE),IL,2025,UNKNOWN,PASSENGER,PERSONAL,S,STRAIGHT AHEAD,,,2,,,,,,,,,,,,,,Y,Y,,,FRONT-LEFT-CORNER,,,,,,,,,,,,,,,,,,,,,,,,,,,,,,,,,
2128439,2cf5fc2d6b68bfdef2025a65bad70e1d1c5f21ffc455e48cd744e5758845486efb6cfe7df122357dd6163cc876405bed1e0cfa1cab308e7cdf452684f672d82c,08/09/2025 10:30:00 PM,1,DRIVER,,2029030,,UNKNOWN,MOTORIZED,,,UNKNOWN,UNKNOWN/NA,UNKNOWN/NA,UNKNOWN,UNKNOWN/NA,,,1,,,,,,,,,,,,,,,,,Y,UNKNOWN,,,,,,,,,,,,,,,,,,,,,,,,,,,,,,,,,
2128440,2cf5fc2d6b68bfdef2025a65bad70e1d1c5f21ffc455e48cd744e5758845486efb6cfe7df122357dd6163cc876405bed1e0cfa1cab308e7cdf452684f672d82c,08/09/2025 10:30:00 PM,2,PARKED,,2029032,,VOLKSWAGEN,TIGUAN,IL,2024,UNKNOWN,SPORT UTILITY VEHICLE (SUV),NOT IN USE,W,PARKED,,,0,,,,,Y,Y,Y,Y,Y,,,,,,,,,SIDE-RIGHT,,,,,,,,,,,,,,,,,,,,,,,,,,,,,,,,,
2125314,3b11da26c6764a301dc9ff2f7c4f88b9642eebaf9e7244c7941a55d1d8543faeeb6b85427cfc51f60903a061a85eb91f2dcc43f4b266e36f5203b1a299f253fe,08/09/2025 10:30:00 PM,1,DRIVER,,2026070,,JEEP,JEEP,IL,,UNKNOWN,PASSENGER,PERSONAL,E,STRAIGHT AHEAD,,,1,,,,,Y,,,,,,,,,,Y,Y,,FRONT,,,,,,,,,,,,,,,,,,,,,,,,,,,,,,,,,
2125315,3b11da26c6764a301dc9ff2f7c4f88b9642eebaf9e7244c7941a55d1d8543faeeb6b85427cfc51f60903a061a85eb91f2dcc43f4b266e36f5203b1a299f253fe,08/09/2025 10:30:00 PM,2,DRIVER,1,2026082,N,TOYOTA,PRIUS,IL,2021,NONE,PASSENGER,TAXI/FOR HIRE,E,STRAIGHT AHEAD,,,2,,,,,,,,,Y,Y,Y,,,,,,,REAR,,,,,,,,,,,,,,,,,,,,,,,,,,,,,,,,,
2125569,672348872364eaad61b97a6a826b2dbc7ae07f78db5e99f6916b8d45907531ee159027fd0d56d9731e90f0e4fbaa3f1aaedd7a0ea8cfcddfbc5fd97da45da599,08/09/2025 10:30:00 PM,1,DRIVER,,2026297,,TOYOTA,CAMRY,IL,2018,UNKNOWN,PASSENGER,UNKNOWN/NA,N,STRAIGHT AHEAD,,,1,,,,,,,,,,,,,,,,,Y,FRONT,,,,,,,,,,,,,,,,,,,,,,,,,,,,,,,,,
2125570,672348872364eaad61b97a6a826b2dbc7ae07f78db5e99f6916b8d45907531ee159027fd0d56d9731e90f0e4fbaa3f1aaedd7a0ea8cfcddfbc5fd97da45da599,08/09/2025 10:30:00 PM,2,DRIVER,1,2026305,,MAZDA,MAZDA2,IL,2014,NONE,PASSENGER,PERSONAL,N,STRAIGHT AHEAD,,,2,,,,N,,,,,,Y,,,,,,,,REAR,,,,,,,,,,,,,,,,,,,,,,,,,,,,,,,,,
2125929,83022d58e457a9095428d76465877487f4c241c418988acbfbde99081292fe734b17e1b5cb44deae3017f9e399dc2a49ebe19813ad27b7e6d445476ceeaf09e0,08/09/2025 10:30:00 PM,1,DRIVER,,2026651,,DODGE,JOURNEY,IL,2010,UNKNOWN,PASSENGER,PERSONAL,UNKNOWN,STRAIGHT AHEAD,,,1,,,,,,,,,,,,,,,,,Y,UNKNOWN,,,,,,,,,,,,,,,,,,,,,,,,,,,,,,,,,
2125930,83022d58e457a9095428d76465877487f4c241c418988acbfbde99081292fe734b17e1b5cb44deae3017f9e399dc2a49ebe19813ad27b7e6d445476ceeaf09e0,08/09/2025 10:30:00 PM,2,DRIVER,,2026657,,LEXUS,NX,IL,2021,NONE,PASSENGER,PERSONAL,E,STRAIGHT AHEAD,,,1,,,,,Y,,,,,,,,,,Y,Y,,SIDE-LEFT-FRONT,,,,,,,,,,,,,,,,,,,,,,,,,,,,,,,,,
2125285,9fcaeb1efa025ec5f3185c3ccefeac98b6f61296c7f3e6bd0f9aefee6b1ef4fa56ba22137c5ad6a0c41f15166a0ea3e5fee25377512e83e03cbddb35d76a79ae,08/09/2025 10:30:00 PM,1,PARKED,2,2026036,,LEXUS,CT200H,IL,2013,UNKNOWN,PASSENGER,RIDESHARE SERVICE,S,PARKED,,,2,,,,,,,,,,,,Y,Y,,,,,SIDE-LEFT,,,,,,,,,,,,,,,,,,,,,,,,,,,,,,,,,
2125286,9fcaeb1efa025ec5f3185c3ccefeac98b6f61296c7f3e6bd0f9aefee6b1ef4fa56ba22137c5ad6a0c41f15166a0ea3e5fee25377512e83e03cbddb35d76a79ae,08/09/2025 10:30:00 PM,2,DRIVER,,2026044,,TOYOTA,CAMRY,IL,2020,UNKNOWN,PASSENGER,PERSONAL,S,STRAIGHT AHEAD,,,1,,,,,,Y,Y,Y,,,,,,,,,,SIDE-RIGHT,,,,,,,,,,,,,,,,,,,,,,,,,,,,,,,,,
2125269,90a7f59ef484bd9444494fca037a19d35589a471789eca3ae672a7872ec829ad19510ae89728937d79ad9a45de0a1665c59c792d24668e845a8f8f684612909d,08/09/2025 10:25:00 PM,1,DRIVER,,2026024,,JEEP,JEEP,IL,,UNKNOWN,PASSENGER,PERSONAL,E,STRAIGHT AHEAD,,,1,,,,,Y,,,,,,,,,,Y,Y,,FRONT-RIGHT-CORNER,,,,,,,,,,,,,,,,,,,,,,,,,,,,,,,,,
2125270,90a7f59ef484bd9444494fca037a19d35589a471789eca3ae672a7872ec829ad19510ae89728937d79ad9a45de0a1665c59c792d24668e845a8f8f684612909d,08/09/2025 10:25:00 PM,2,DRIVER,1,2026027,,TOYOTA,C-HR,IL,2018,UNKNOWN,PASSENGER,PERSONAL,W,STRAIGHT AHEAD,,,2,,,,,Y,Y,Y,Y,,,,,,,,,,SIDE-RIGHT,,,,,,,,,,,,,,,,,,,,,,,,,,,,,,,,,
2125299,df51d5e2a643be704f691893d348005f6bf88ddcddaa45de767fdd86ce84c3ed412d36135bdfbcfd041802ebae170c885f7dd7e883ed35832562599bfd018e79,08/09/2025 10:25:00 PM,1,DRIVER,,2026052,,HYUNDAI,KONA,IL,2023,NONE,PASSENGER,RIDESHARE SERVICE,N,STRAIGHT AHEAD,,,1,,,,,,,,,,,,,,,,Y,,FRONT,,,,,,,,,,,,,,,,,,,,,,,,,,,,,,,,,
2125300,df51d5e2a643be704f691893d348005f6bf88ddcddaa45de767fdd86ce84c3ed412d36135bdfbcfd041802ebae170c885f7dd7e883ed35832562599bfd018e79,08/09/2025 10:25:00 PM,2,DRIVER,,2026058,,HONDA,ODYSSEY,IL,2007,NONE,SPORT UTILITY VEHICLE (SUV),PERSONAL,N,SLOW/STOP IN TRAFFIC,,,1,,,,,,,,,,Y,,,,,,,,REAR,,,,,,,,,,,,,,,,,,,,,,,,,,,,,,,,,
2128567,ac40ca0cf79928336f5e5a5a0eebc1e7338f8828e0f7bb152064ee6d50870e4913f284966b1acc6228fd43ece219392d7a6d8dcce85ad651b6b7ddba4195be33,08/09/2025 10:20:00 PM,1,DRIVER,2,2029143,,TOYOTA,COROLLA,IL,2011,UNKNOWN,PASSENGER,UNKNOWN/NA,N,BACKING,,,3,,,,,,,,,,Y,,,,,,,,REAR,,,,,,,,,,,,,,,,,,,,,,,,,,,,,,,,,
2128568,ac40ca0cf79928336f5e5a5a0eebc1e7338f8828e0f7bb152064ee6d50870e4913f284966b1acc6228fd43ece219392d7a6d8dcce85ad651b6b7ddba4195be33,08/09/2025 10:20:00 PM,2,DRIVERLESS,,2029150,,TOYOTA,COROLLA,MN,2008,UNKNOWN,PASSENGER,NOT IN USE,UNKNOWN,PARKED,,,0,,,,,,,,,,,,,,,,Y,,FRONT,,,,,,,,,,,,,,,,,,,,,,,,,,,,,,,,,
2125275,f10d2fecdff886dc1087db883c6a36c40ed8777c6a00a310504cd00b9e7aeba361d61b8963b1f759db8a5b7e4788ddbd6de5b2fbdb9748b6233e7e181747ad54,08/09/2025 10:05:00 PM,1,DRIVER,,2026029,,HONDA,OTHER (EXPLAIN IN NARRATIVE),TN,2024,NONE,PASSENGER,PERSONAL,N,TURNING RIGHT,,,1,,,,,Y,,,,,,,,,,N,,,FRONT-RIGHT-CORNER,,,,,,,,,,,,,,,,,,,,,,,,,,,,,,,,,
2125276,f10d2fecdff886dc1087db883c6a36c40ed8777c6a00a310504cd00b9e7aeba361d61b8963b1f759db8a5b7e4788ddbd6de5b2fbdb9748b6233e7e181747ad54,08/09/2025 10:05:00 PM,2,DRIVER,,2026034,,FORD,OTHER (EXPLAIN IN NARRATIVE),IL,2016,NONE,PASSENGER,PERSONAL,N,TURNING RIGHT,,,1,,,,,Y,,,,,,,,,,,,,FRONT-RIGHT-CORNER,,,,,,,,,,,,,,,,,,,,,,,,,,,,,,,,,
2126875,01e0498b867408e5c4d0e5e828af87bf3ef2072442eb13450be7a14834afdf68b668937fd9f284d144fee120497b33abbad984f81713168b9c39af598e13aada,08/09/2025 10:00:00 PM,1,DRIVER,,2027548,,NISSAN,ROGUE,IL,2021,UNKNOWN,SPORT UTILITY VEHICLE (SUV),PERSONAL,S,STRAIGHT AHEAD,,,1,,,,,,,,,,,,,,Y,Y,,,FRONT-LEFT-CORNER,,,,,,,,,,,,,,,,,,,,,,,,,,,,,,,,,
2126876,01e0498b867408e5c4d0e5e828af87bf3ef2072442eb13450be7a14834afdf68b668937fd9f284d144fee120497b33abbad984f81713168b9c39af598e13aada,08/09/2025 10:00:00 PM,2,PARKED,,2027563,,CHEVROLET,EQUINOX,IL,2016,UNKNOWN,SPORT UTILITY VEHICLE (SUV),PERSONAL,UNKNOWN,PARKED,,,0,,,,,,,,,,,,,,Y,Y,,,FRONT,,,,,,,,,,,,,,,,,,,,,,,,,,,,,,,,,
2125265,1a9824f2b3d2c21e39b259cc49db395c175cb49c5e0abd67ebd3d69e9d27c8858775dc8af6a5c010b0c94356e4cdd91953d924f918afec791e7d72813636f74f,08/09/2025 10:00:00 PM,1,DRIVER,,2026023,,VOLKSWAGEN,JETTA,IL,2011,UNKNOWN,PASSENGER,PERSONAL,W,STRAIGHT AHEAD,,,1,,,,,,,,,,,,,,,,Y,,FRONT,,,,,,,,,,,,,,,,,,,,,,,,,,,,,,,,,
2125266,1a9824f2b3d2c21e39b259cc49db395c175cb49c5e0abd67ebd3d69e9d27c8858775dc8af6a5c010b0c94356e4cdd91953d924f918afec791e7d72813636f74f,08/09/2025 10:00:00 PM,2,DRIVER,,2026028,,NISSAN,PATHFINDER,,2025,NONE,SPORT UTILITY VEHICLE (SUV),PERSONAL,W,SLOW/STOP IN TRAFFIC,,,1,,,,,,,,,,Y,,,,,,,,REAR,,,,,,,,,,,,,,,,,,,,,,,,,,,,,,,,,
2125261,257664dfa641c0345d81dd748514a152b2b125b295e3d8a8223fbb02200fbffc4a7b070b34e2af16da8d37195eb9b3a9f9c9f3d57e8b9f5a775855e5394f38c7,08/09/2025 10:00:00 PM,1,DRIVER,,2026016,,BUICK,LACROSSE,IL,2005,NONE,PASSENGER,PERSONAL,S,PASSING/OVERTAKING,,,1,,,,,Y,Y,Y,Y,Y,,,,,,,,,SIDE-RIGHT-FRONT,,,,,,,,,,,,,,,,,,,,,,,,,,,,,,,,,
2125262,257664dfa641c0345d81dd748514a152b2b125b295e3d8a8223fbb02200fbffc4a7b070b34e2af16da8d37195eb9b3a9f9c9f3d57e8b9f5a775855e5394f38c7,08/09/2025 10:00:00 PM,2,DRIVER,2,2026020,,CHRYSLER,300,IL,2022,NONE,PASSENGER,PERSONAL,N,STRAIGHT AHEAD,N,,3,,,,,,,,,,,Y,Y,Y,Y,Y,,,SIDE-LEFT-FRONT,,,,,,,,,,,,,,,,,,,,,,,,,,,,,,,,,
2125364,732467af60002dfe09e78b0d3d9711875306fb21042dee5c192158cd2bd9b4b049e524bc0b06b609c97ece1464cb05a46e3a3163f2218bd111dded076abdaafa,08/09/2025 10:00:00 PM,1,DRIVER,,2026110,,HYUNDAI,SANTA FE,IL,2009,NONE,PASSENGER,PERSONAL,N,STRAIGHT AHEAD,,,1,,,,,,,,,Y,Y,,,,,,,,REAR-RIGHT-CORNER,,,,,,,,,,,,,,,,,,,,,,,,,,,,,,,,,
2125365,732467af60002dfe09e78b0d3d9711875306fb21042dee5c192158cd2bd9b4b049e524bc0b06b609c97ece1464cb05a46e3a3163f2218bd111dded076abdaafa,08/09/2025 10:00:00 PM,2,DRIVER,,2026113,,KIA,SOUL,IL,,NONE,PASSENGER,PERSONAL,N,STRAIGHT AHEAD,,,1,,,,,Y,,,,,,,,,,,Y,,FRONT-RIGHT-CORNER,,,,,,,,,,,,,,,,,,,,,,,,,,,,,,,,,
2125271,c36ad5f7f2326fecce5c058ef279d02654a6796c142a8f33d5b0b5076f74d8bd14cd582a7cf421b632fcf1e1e70695b2114658b5bdec39a2eb2cfda0d9a98a8d,08/09/2025 09:58:00 PM,1,DRIVER,,2026025,,KIA,SOUL,IL,2014,UNKNOWN,PASSENGER,PERSONAL,W,STRAIGHT AHEAD,,,1,,,,,,,,,,,,,,,Y,Y,,FRONT,,,,,,,,,,,,,,,,,,,,,,,,,,,,,,,,,
2125272,c36ad5f7f2326fecce5c058ef279d02654a6796c142a8f33d5b0b5076f74d8bd14cd582a7cf421b632fcf1e1e70695b2114658b5bdec39a2eb2cfda0d9a98a8d,08/09/2025 09:58:00 PM,2,DRIVER,1,2026031,,KIA,OPTIMA / K5,IL,2018,NONE,PASSENGER,PERSONAL,W,STRAIGHT AHEAD,,,2,,,,,,,,,Y,Y,,,,,,,,REAR,,,,,,,,,,,,,,,,,,,,,,,,,,,,,,,,,
2125295,2a64287999428f271c8fdd8d4767b74019c83b21b30f4bf24eb09e30c5b1bb07c4c672e04e491fd9e231f3a43a2306b3d279c8f68af379758fbedc2b77ee7bb1,08/09/2025 09:53:00 PM,1,DRIVER,1,2026048,,GENERAL MOTORS CORPORATION (GMC),TERRAIN,IL,2013,UNKNOWN,SPORT UTILITY VEHICLE (SUV),PERSONAL,N,STRAIGHT AHEAD,,,2,,,,,,,Y,,,,,,,,,,,SIDE-RIGHT,,,,,,,,,,,,,,,,,,,,,,,,,,,,,,,,,
2125296,2a64287999428f271c8fdd8d4767b74019c83b21b30f4bf24eb09e30c5b1bb07c4c672e04e491fd9e231f3a43a2306b3d279c8f68af379758fbedc2b77ee7bb1,08/09/2025 09:53:00 PM,2,DRIVER,1,2026051,,ACURA,TLX,IL,2013,UNKNOWN,PASSENGER,PERSONAL,W,STRAIGHT AHEAD,,,2,,,,,Y,Y,,,,,,,,Y,Y,Y,,FRONT,,,,,,,,,,,,,,,,,,,,,,,,,,,,,,,,,
2125283,5d5caedda5b46fc73d27e4a40a5ce8b4076cd4131aa3d59ae4d52ae3487708eb6d48ec2040af6371d1d744b0376987b65cd9098c9f5aaf1eb7059c54a98890db,08/09/2025 09:45:00 PM,1,DRIVER,,2026035,,UNKNOWN,ENGINE,XX,,UNKNOWN,UNKNOWN/NA,UNKNOWN/NA,W,STRAIGHT AHEAD,,,1,,,,,,,,,,,,,,,,,Y,UNKNOWN,,,,,,,,,,,,,,,,,,,,,,,,,,,,,,,,,
2125284,5d5caedda5b46fc73d27e4a40a5ce8b4076cd4131aa3d59ae4d52ae3487708eb6d48ec2040af6371d1d744b0376987b65cd9098c9f5aaf1eb7059c54a98890db,08/09/2025 09:45:00 PM,2,DRIVER,,2026038,,TOYOTA,RAV4,,2004,NONE,PASSENGER,PERSONAL,W,STRAIGHT AHEAD,,,1,,,,,,,,,Y,Y,Y,,,,,,,REAR,,,,,,,,,,,,,,,,,,,,,,,,,,,,,,,,,
2125304,85b9b99f687f96e58da951eb87f877dfa4dcb8a6a9bc2f92e98e01b33aa36a01640caf24fb621ee680f63a11ad0dae1935b17bf4d355eb0905756d4c1e84e4a6,08/09/2025 09:45:00 PM,1,DRIVER,,2026056,,UNKNOWN,OTHER (EXPLAIN IN NARRATIVE),IL,,UNKNOWN,UNKNOWN/NA,UNKNOWN/NA,W,OTHER,,,1,,,,,,,,,,,,,,,,,Y,UNKNOWN,,,,,,,,,,,,,,,,,,,,,,,,,,,,,,,,,
2125305,85b9b99f687f96e58da951eb87f877dfa4dcb8a6a9bc2f92e98e01b33aa36a01640caf24fb621ee680f63a11ad0dae1935b17bf4d355eb0905756d4c1e84e4a6,08/09/2025 09:45:00 PM,2,PARKED,,2026071,,CHEVROLET,OTHER (EXPLAIN IN NARRATIVE),IL,2013,UNKNOWN,PASSENGER,NOT IN USE,E,PARKED,,,0,,,,,,,,,,,,,,,,,,FRONT,,,,,,,,,,,,,,,,,,,,,,,,,,,,,,,,,
2125293,9b639e942060d83452d18d3acb2c0f3d6f97e7e2168520f8d5dfb1b03e367cd4d9a98b75b089b8a80e07229ac020d75ac8b87aec399a1bd935433b17b3fd2b3d,08/09/2025 09:40:00 PM,1,DRIVER,,2026046,,DODGE,DURANGO,IL,,UNKNOWN,PASSENGER,UNKNOWN/NA,E,STRAIGHT AHEAD,,,1,,,,,Y,,,,,,,,,,Y,Y,,FRONT,,,,,,,,,,,,,,,,,,,,,,,,,,,,,,,,,
2125294,9b639e942060d83452d18d3acb2c0f3d6f97e7e2168520f8d5dfb1b03e367cd4d9a98b75b089b8a80e07229ac020d75ac8b87aec399a1bd935433b17b3fd2b3d,08/09/2025 09:40:00 PM,2,DRIVER,,2026050,,HYUNDAI,ELANTRA,IL,,UNKNOWN,PASSENGER,PERSONAL,E,SLOW/STOP IN TRAFFIC,Y,,1,,PRIVITE COMPNAY,PRIVITE COMPNAY,,,,,Y,Y,Y,Y,Y,,,,,,REAR,,,,,,,,,,,,,,,,,,,,,,,,,,,,,,,,,
2125253,8a0001932e9085365ab4b2f4a57e63d0e3f9292db0af1333347def7d3052b2a9b37f12ebed5e312a4f996b01555d7177c40fe95a33267fc2e6824fbcf83dba77,08/09/2025 09:34:00 PM,1,DRIVER,2,2026010,,HYUNDAI,TUCSON,IL,2025,UNKNOWN,SPORT UTILITY VEHICLE (SUV),PERSONAL,S,STRAIGHT AHEAD,,,3,,,,,Y,Y,Y,Y,Y,,,,,,,,Y,SIDE-RIGHT,,,,,,,,,,,,,,,,,,,,,,,,,,,,,,,,,
2125254,8a0001932e9085365ab4b2f4a57e63d0e3f9292db0af1333347def7d3052b2a9b37f12ebed5e312a4f996b01555d7177c40fe95a33267fc2e6824fbcf83dba77,08/09/2025 09:34:00 PM,2,DRIVER,,2026018,,JEEP,GRAND CHEROKEE,IL,2022,UNKNOWN,SPORT UTILITY VEHICLE (SUV),PERSONAL,E,STRAIGHT AHEAD,Y,,1,,INSURANCE,HOME,,Y,,,,,,,,,,Y,Y,Y,FRONT,,,,,,,,,,,,,,,,,,,,,,,,,,,,,,,,,
2125273,4bfd87b26748a5362f331bf7efd0059ba3442561aa1a733b15a4d63b3d639ac1cb596c0f52e711fd42e04dfc0d73f76b12faeb3f8902989c109bc7f923cebeee,08/09/2025 09:25:00 PM,1,DRIVER,,2026026,,JEEP,PATRIOT,IL,2016,UNKNOWN,SPORT UTILITY VEHICLE (SUV),PERSONAL,W,TURNING LEFT,,,1,,,,,,,,,,,,,,,,,,FRONT,,,,,,,,,,,,,,,,,,,,,,,,,,,,,,,,,
2125274,4bfd87b26748a5362f331bf7efd0059ba3442561aa1a733b15a4d63b3d639ac1cb596c0f52e711fd42e04dfc0d73f76b12faeb3f8902989c109bc7f923cebeee,08/09/2025 09:25:00 PM,2,DRIVER,,2026033,,HARLEY-DAVIDSON,HARLEY-DAVIDSON,WI,2021,UNKNOWN,MOTORCYCLE (OVER 150CC),PERSONAL,W,STRAIGHT AHEAD,,,1,,,,,Y,,,,,,,,,,Y,,,FRONT,,,,,,,,,,,,,,,,,,,,,,,,,,,,,,,,,
2125257,2f9f91a6a40dd19c70ee28ae30203dad825862bb4f190b978f70af639dd6a46534419074519648372a2cd5ebc325deee990d0dab920ea576a8e7ff18e4e72957,08/09/2025 09:24:00 PM,1,DRIVER,,2026017,,MAZDA,CX-9,IL,2024,NONE,PASSENGER,PERSONAL,E,TURNING LEFT,Y,,1,,self,unk,,,,,Y,Y,Y,Y,,,,,,,REAR-RIGHT-CORNER,,,,,,,,,,,,,,,,,,,,,,,,,,,,,,,,,
2125258,2f9f91a6a40dd19c70ee28ae30203dad825862bb4f190b978f70af639dd6a46534419074519648372a2cd5ebc325deee990d0dab920ea576a8e7ff18e4e72957,08/09/2025 09:24:00 PM,2,DRIVER,1,2026021,,FORD,EXPLORER,IL,2024,NONE,PASSENGER,POLICE,E,STRAIGHT AHEAD,Y,,2,,city,unk,,Y,Y,,,,,,,,Y,Y,Y,,FRONT,,,,,,,,,,,,,,,,,,,,,,,,,,,,,,,,,