CRASH_UNIT_ID,CRASH_RECORD_ID,CRASH_DATE,UNIT_NO,UNIT_TYPE,NUM_PASSENGERS,VEHICLE_ID,CMRC_VEH_I,MAKE,MODEL,LIC_PLATE_STATE,VEHICLE_YEAR,VEHICLE_DEFECT,VEHICLE_TYPE,VEHICLE_USE,TRAVEL_DIRECTION,MANEUVER,TOWED_I,FIRE_I,OCCUPANT_CNT,EXCEED_SPEED_LIMIT_I,TOWED_BY,TOWED_TO,AREA_00_I,AREA_01_I,AREA_02_I,AREA_03_I,AREA_04_I,AREA_05_I,AREA_06_I,AREA_07_I,AREA_08_I,AREA_09_I,AREA_10_I,AREA_11_I,AREA_12_I,AREA_99_I,FIRST_CONTACT_POINT,CMV_ID,USDOT_NO,CCMC_NO,ILCC_NO,COMMERCIAL_SRC,GVWR,CARRIER_NAME,CARRIER_STATE,CARRIER_CITY,HAZMAT_PLACARDS_I,HAZMAT_NAME,UN_NO,HAZMAT_PRESENT_I,HAZMAT_REPORT_I,HAZMAT_REPORT_NO,MCS_REPORT_I,MCS_REPORT_NO,HAZMAT_VIO_CAUSE_CRASH_I,MCS_VIO_CAUSE_CRASH_I,IDOT_PERMIT_NO,WIDE_LOAD_I,TRAILER1_WIDTH,TRAILER2_WIDTH,TRAILER1_LENGTH,TRAILER2_LENGTH,TOTAL_VEHICLE_LENGTH,AXLE_CNT,VEHICLE_CONFIG,CARGO_BODY_TYPE,LOAD_TYPE,HAZMAT_OUT_OF_SERVICE_I,MCS_OUT_OF_SERVICE_I,HAZMAT_CLASS
2125322,39f2f03aed5fea796a95ea36730f999ea0817409f8f1181a072d6d00d50a9229c1472645b4b0539538c3e6b58b26a28b33a85feaed1a3f478efa90dded533cd3,08/09/2025 09:20:00 PM,1,DRIVER,,2026072,,VOLKSWAGEN,JETTA,IL,2011,NONE,PASSENGER,PERSONAL,W,STRAIGHT AHEAD,Y,,1,,OWNER,UNKNOWN,,Y,Y,,,,,,,,,Y,Y,,FRONT-RIGHT-CORNER,,,,,,,,,,,,,,,,,,,,,,,,,,,,,,,,,
2125323,39f2f03aed5fea796a95ea36730f999ea0817409f8f1181a072d6d00d50a9229c1472645b4b0539538c3e6b58b26a28b33a85feaed1a3f478efa90dded533cd3,08/09/2025 09:20:00 PM,2,DRIVER,,2026079,,CHEVROLET,MALIBU,IL,2022,NONE,PASSENGER,PERSONAL,N,STRAIGHT AHEAD,Y,,1,,OWNER,UNKNOWN,,Y,Y,Y,,,,,,,,,,,SIDE-RIGHT,,,,,,,,,,,,,,,,,,,,,,,,,,,,,,,,,
2125243,9b36c169dd416f0bef368ad22548bf3b69b309e19e237614658c7819081b28a43e8fa92ac9ed28adabc0708f77c70267268aa1e95a6a2f0642312f23d56044c0,08/09/2025 09:20:00 PM,1,DRIVER,,2025991,,TOYOTA,HIGHLANDER,,,UNKNOWN,SPORT UTILITY VEHICLE (SUV),RIDESHARE SERVICE,S,STARTING IN TRAFFIC,,,1,,,,,,,,,,,,,,,Y,,,FRONT-LEFT-CORNER,,,,,,,,,,,,,,,,,,,,,,,,,,,,,,,,,
2125244,9b36c169dd416f0bef368ad22548bf3b69b309e19e237614658c7819081b28a43e8fa92ac9ed28adabc0708f77c70267268aa1e95a6a2f0642312f23d56044c0,08/09/2025 09:20:00 PM,2,DRIVER,,2025994,,TOYOTA,RAV4,,,UNKNOWN,PASSENGER,PERSONAL,S,CHANGING LANES,,,1,,,,,,Y,Y,,,,,,,,,,,SIDE-RIGHT,,,,,,,,,,,,,,,,,,,,,,,,,,,,,,,,,
2128649,9e84daa303397714bf4f43c6c9a5b8dbd001a86c0b83333506d8728964a957a7a62bbb4f3739e1f18ec63e159a63b4ab7a438eadefa1a883cddc4f970cca192d,08/09/2025 09:20:00 PM,1,DRIVER,,2029230,,CHEVROLET,SILVERADO,IL,2020,NONE,PICKUP,PERSONAL,S,STRAIGHT AHEAD,,,1,,,,,,,,,,,,,,,,,Y,UNKNOWN,,,,,,,,,,,,,,,,,,,,,,,,,,,,,,,,,
2128650,9e84daa303397714bf4f43c6c9a5b8dbd001a86c0b83333506d8728964a957a7a62bbb4f3739e1f18ec63e159a63b4ab7a438eadefa1a883cddc4f970cca192d,08/09/2025 09:20:00 PM,2,DRIVER,,2029226,,NISSAN,SENTRA,IL,2015,NONE,PASSENGER,PERSONAL,N,TURNING LEFT,,,1,,,,,,,,,Y,,,,,,,,,REAR-RIGHT-CORNER,,,,,,,,,,,,,,,,,,,,,,,,,,,,,,,,,
2125259,0cbf773b85e7ac3978e3ace2e5ba9625de6379abe751ea5f0021259e67c954af1d5e8cd0572bb153407599315cdc2e3c1b9c6bc330f480f3fad7a351c8bafe0e,08/09/2025 09:19:00 PM,1,DRIVER,,2026014,,NISSAN,OTHER (EXPLAIN IN NARRATIVE),IL,2025,NONE,PASSENGER,PERSONAL,W,TURNING LEFT,,,1,,,,,,Y,Y,,,,,,,,,,,SIDE-RIGHT,,,,,,,,,,,,,,,,,,,,,,,,,,,,,,,,,
2125260,0cbf773b85e7ac3978e3ace2e5ba9625de6379abe751ea5f0021259e67c954af1d5e8cd0572bb153407599315cdc2e3c1b9c6bc330f480f3fad7a351c8bafe0e,08/09/2025 09:19:00 PM,2,DRIVER,,2026015,,HYUNDAI,OTHER (EXPLAIN IN NARRATIVE),IL,2010,NONE,PASSENGER,PERSONAL,E,STRAIGHT AHEAD,,,1,,,,,Y,,,,,,,,,,Y,Y,,FRONT,,,,,,,,,,,,,,,,,,,,,,,,,,,,,,,,,
2125493,1868c1c76e1a08623627f7430d7a756b9d43bb2b86ef7a20dda4ccbf132335fd1c32c828d85df811863809fc30fb00bd0f10476fe656fbb867ad1deba7ea88ca,08/09/2025 09:19:00 PM,1,DRIVER,,2026236,,FORD,EXPLORER,IL,,UNKNOWN,SPORT UTILITY VEHICLE (SUV),UNKNOWN/NA,N,SLOW/STOP IN TRAFFIC,,,1,,,,,Y,,,,,,,,,,,Y,,FRONT-RIGHT-CORNER,,,,,,,,,,,,,,,,,,,,,,,,,,,,,,,,,
2125494,1868c1c76e1a08623627f7430d7a756b9d43bb2b86ef7a20dda4ccbf132335fd1c32c828d85df811863809fc30fb00bd0f10476fe656fbb867ad1deba7ea88ca,08/09/2025 09:19:00 PM,2,DRIVER,,2026237,,HYUNDAI,SONATA,IL,2023,UNKNOWN,PASSENGER,PERSONAL,N,SLOW/STOP IN TRAFFIC,,,1,,,,,,,,,,Y,Y,,,,,,,REAR-LEFT-CORNER,,,,,,,,,,,,,,,,,,,,,,,,,,,,,,,,,
2125251,846b444be4252f62964d3841064b98f9a87d2b4f30e1dc6bbaf2dd85aac799a591f44af3f87572a174a24fed95fb3cc4757cc075252af9a68f2102fc1eee0782,08/09/2025 09:05:00 PM,1,DRIVER,,2026006,,HONDA,HR-V,IL,2022,UNKNOWN,SPORT UTILITY VEHICLE (SUV),UNKNOWN/NA,W,ENTER FROM DRIVE/ALLEY,,,1,,,,,,,,,,,,,,,,,,FRONT,,,,,,,,,,,,,,,,,,,,,,,,,,,,,,,,,
2125252,846b444be4252f62964d3841064b98f9a87d2b4f30e1dc6bbaf2dd85aac799a591f44af3f87572a174a24fed95fb3cc4757cc075252af9a68f2102fc1eee0782,08/09/2025 09:05:00 PM,2,DRIVER,,2026012,,TOYOTA,COROLLA,IL,2018,UNKNOWN,PASSENGER,PERSONAL,S,STRAIGHT AHEAD,,,1,,,,,,,,,,,Y,Y,Y,,,,,SIDE-LEFT,,,,,,,,,,,,,,,,,,,,,,,,,,,,,,,,,
2125698,11e8e9d1c54ee5f5d43bec225d0aa935dd6dd55ae8b9ab7e371dde003906b72ea3b3c372ec97daaeea290e1acd110fca8479d56b92e0b799a72edefc7dc1cf5c,08/09/2025 09:00:00 PM,1,DRIVER,,2026453,,BUICK,OTHER (EXPLAIN IN NARRATIVE),IL,,UNKNOWN,PASSENGER,UNKNOWN/NA,S,STRAIGHT AHEAD,,,1,,,,,,,,,,,,,,,,,Y,UNKNOWN,,,,,,,,,,,,,,,,,,,,,,,,,,,,,,,,,
2125699,11e8e9d1c54ee5f5d43bec225d0aa935dd6dd55ae8b9ab7e371dde003906b72ea3b3c372ec97daaeea290e1acd110fca8479d56b92e0b799a72edefc7dc1cf5c,08/09/2025 09:00:00 PM,2,PARKED,,2026439,,HONDA,ACCORD,IL,2018,UNKNOWN,PASSENGER,PERSONAL,UNKNOWN,PARKED,,,0,,,,,,Y,Y,Y,,N,N,N,,,,,,SIDE-RIGHT-REAR,,,,,,,,,,,,,,,,,,,,,,,,,,,,,,,,,
2125638,6e93851dddca6bf72eff90b43519f691af01a8f78723f6f5fa520ba28c427e2cc81783d0d029bd79085ce1385d4a0f99d888a7f69b9ba5a621286e2130999406,08/09/2025 09:00:00 PM,1,DRIVER,,2026363,,UNKNOWN,OTHER (EXPLAIN IN NARRATIVE),IL,,UNKNOWN,PASSENGER,UNKNOWN/NA,S,TURNING LEFT,,,1,,,,,,,,,,,,,,Y,Y,,,FRONT-LEFT-CORNER,,,,,,,,,,,,,,,,,,,,,,,,,,,,,,,,,
2125639,6e93851dddca6bf72eff90b43519f691af01a8f78723f6f5fa520ba28c427e2cc81783d0d029bd79085ce1385d4a0f99d888a7f69b9ba5a621286e2130999406,08/09/2025 09:00:00 PM,2,DRIVER,1,2026371,,SUBARU,CROSSTREK,IL,2014,NONE,PASSENGER,PERSONAL,E,TURNING RIGHT,,,2,,,,,Y,Y,Y,Y,Y,,,,,,,,,SIDE-RIGHT,,,,,,,,,,,,,,,,,,,,,,,,,,,,,,,,,
2127754,bb8c6f60b09172ecd39d7095e5f613314f9d8e0858a8ae072bbedb264e7df1427ea4437016ca70725d0088173c66c6ccf6cb1c8ced2dca3c45f059c014786c7a,08/09/2025 09:00:00 PM,1,DRIVER,,2028398,,CHEVROLET,OTHER (EXPLAIN IN NARRATIVE),IL,2014,NONE,PASSENGER,PERSONAL,E,U-TURN,,,1,,,,,,,,,,N,,,,,,,Y,REAR,,,,,,,,,,,,,,,,,,,,,,,,,,,,,,,,,
2127755,bb8c6f60b09172ecd39d7095e5f613314f9d8e0858a8ae072bbedb264e7df1427ea4437016ca70725d0088173c66c6ccf6cb1c8ced2dca3c45f059c014786c7a,08/09/2025 09:00:00 PM,2,DRIVER,,2028409,,NISSAN,VERSA,IL,2021,NONE,PASSENGER,PERSONAL,E,STRAIGHT AHEAD,,,1,,,,,,,,,,,,,,,Y,Y,,FRONT-LEFT-CORNER,,,,,,,,,,,,,,,,,,,,,,,,,,,,,,,,,
2125342,fb47227524a09b7971f9977e6a6893c9a818feb5c1426fc31a70b968a018783f9bbf5e3b5b9d97f0c4bcbd628a999af509070ab360bb562c835219c4fdfffbea,08/09/2025 08:55:00 PM,1,DRIVER,1,2026094,,TOYOTA,COROLLA,IL,2019,UNKNOWN,PASSENGER,PERSONAL,N,STRAIGHT AHEAD,Y,,2,,CITY OF CHICAGO,CENTRAL,,Y,,,,,,,,,,Y,Y,,FRONT,,,,,,,,,,,,,,,,,,,,,,,,,,,,,,,,,
2125343,fb47227524a09b7971f9977e6a6893c9a818feb5c1426fc31a70b968a018783f9bbf5e3b5b9d97f0c4bcbd628a999af509070ab360bb562c835219c4fdfffbea,08/09/2025 08:55:00 PM,2,DRIVER,5,2026101,,ACURA,ADX,IL,2020,NONE,SPORT UTILITY VEHICLE (SUV),PERSONAL,N,STRAIGHT AHEAD,,,6,,,,,,,,,Y,Y,,,,,,,,REAR-RIGHT-CORNER,,,,,,,,,,,,,,,,,,,,,,,,,,,,,,,,,
2137046,bc57c6d3bbe6baa62d133614dc7ffedb168674bb5c0b51379c96503467cfc8d64daa46f9bda9b97d4d3075e80ad74c0b63be66f83a2be45cdd8746599ad43d96,08/09/2025 08:50:00 PM,1,DRIVER,,2037192,,FORD,OTHER (EXPLAIN IN NARRATIVE),IL,2005,UNKNOWN,PASSENGER,PERSONAL,E,STRAIGHT AHEAD,,,1,,,,Y,,,,,,,,,,,,,,NONE,,,,,,,,,,,,,,,,,,,,,,,,,,,,,,,,,
2137047,bc57c6d3bbe6baa62d133614dc7ffedb168674bb5c0b51379c96503467cfc8d64daa46f9bda9b97d4d3075e80ad74c0b63be66f83a2be45cdd8746599ad43d96,08/09/2025 08:50:00 PM,2,DRIVER,,2037202,,BMW,OTHER (EXPLAIN IN NARRATIVE),IL,2014,NONE,PASSENGER,PERSONAL,E,STRAIGHT AHEAD,,,1,,,,,,,,,Y,Y,Y,,,,,,,REAR,,,,,,,,,,,,,,,,,,,,,,,,,,,,,,,,,
2125764,d8a1bc960c84370ddd6b1b8b3facaff33bcfbdd212664022bbd666275597457a8496ac6ba61779dc279bc2412b7d36e3fcd44b1534341c0589cc7cc8fa2f830a,08/09/2025 08:50:00 PM,1,DRIVER,,2026489,,UNKNOWN,OTHER (EXPLAIN IN NARRATIVE),,,UNKNOWN,UNKNOWN/NA,UNKNOWN/NA,E,STRAIGHT AHEAD,,,1,,,,,,,,,,,,,,,N,,Y,FRONT-RIGHT-CORNER,,,,,,,,,,,,,,,,,,,,,,,,,,,,,,,,,
2125765,d8a1bc960c84370ddd6b1b8b3facaff33bcfbdd212664022bbd666275597457a8496ac6ba61779dc279bc2412b7d36e3fcd44b1534341c0589cc7cc8fa2f830a,08/09/2025 08:50:00 PM,2,PARKED,,2026492,,JEEP,COMPASS,IL,2018,NONE,PASSENGER,NOT IN USE,E,PARKED,,,0,,,,,,,,,,,,,Y,Y,Y,,,FRONT-RIGHT-CORNER,,,,,,,,,,,,,,,,,,,,,,,,,,,,,,,,,
2125247,d7d4ac7023e2ace3dd3be67cb356f85de2e61cc601ee6c168d0ebab2c60a329e5030ebc690109a7ed5b8a9a73f4eb60549218552ecd4cc8ab8c2a9213baec281,08/09/2025 08:45:00 PM,1,DRIVER,,2026002,,CHEVROLET,OTHER (EXPLAIN IN NARRATIVE),,2003,NONE,PICKUP,PERSONAL,W,STRAIGHT AHEAD,,,1,,,,,,,,,,,,,,,,Y,,FRONT,,,,,,,,,,,,,,,,,,,,,,,,,,,,,,,,,
2125248,d7d4ac7023e2ace3dd3be67cb356f85de2e61cc601ee6c168d0ebab2c60a329e5030ebc690109a7ed5b8a9a73f4eb60549218552ecd4cc8ab8c2a9213baec281,08/09/2025 08:45:00 PM,2,DRIVER,1,2026004,,HONDA,CR-V,,2024,NONE,SPORT UTILITY VEHICLE (SUV),PERSONAL,W,STRAIGHT AHEAD,,,2,,,,,,,,,,Y,,,,,,,,REAR,,,,,,,,,,,,,,,,,,,,,,,,,,,,,,,,,
2125239,59fcfedcddc6a1667217f50a18d2903c560c480bdb16bf005458d7ce999275cd80dbb258479532e6ca276ed1fab385447407155eeaf41c8512d91dbe9d0abaef,08/09/2025 08:43:00 PM,1,DRIVER,1,2025989,,UNKNOWN,OTHER (EXPLAIN IN NARRATIVE),XX,,UNKNOWN,PASSENGER,UNKNOWN/NA,N,UNKNOWN/NA,,,2,,,,,,,,,,,,,,,,,,UNKNOWN,,,,,,,,,,,,,,,,,,,,,,,,,,,,,,,,,
2125240,59fcfedcddc6a1667217f50a18d2903c560c480bdb16bf005458d7ce999275cd80dbb258479532e6ca276ed1fab385447407155eeaf41c8512d91dbe9d0abaef,08/09/2025 08:43:00 PM,2,DRIVER,,2026000,,LEXUS,IS250,IL,2012,NONE,PASSENGER,UNKNOWN/NA,W,AVOIDING VEHICLES/OBJECTS,Y,,1,,PRIVATE TOW,,,,,,,,,,,Y,Y,Y,,,FRONT-LEFT-CORNER,,,,,,,,,,,,,,,,,,,,,,,,,,,,,,,,,
2125245,b1e5844b754da8e606b59a02b1658da50dd5b3771356b0635a6f1f68851005d4804efa2cd60c795b1e51b99e26b77381479fff3b87d74a32658c5b38b864ff02,08/09/2025 08:41:00 PM,1,DRIVER,,2026003,,HONDA,PILOT,IL,2017,NONE,PASSENGER,PERSONAL,W,CHANGING LANES,,,1,,,,,N,Y,,,,,,,,,,,,SIDE-RIGHT-FRONT,,,,,,,,,,,,,,,,,,,,,,,,,,,,,,,,,
2125246,b1e5844b754da8e606b59a02b1658da50dd5b3771356b0635a6f1f68851005d4804efa2cd60c795b1e51b99e26b77381479fff3b87d74a32658c5b38b864ff02,08/09/2025 08:41:00 PM,2,DRIVER,,2026008,,HYUNDAI,OTHER (EXPLAIN IN NARRATIVE),IL,2014,NONE,PASSENGER,PERSONAL,W,STRAIGHT AHEAD,,,1,,,,,,,,,,,,,,Y,,,,SIDE-LEFT-FRONT,,,,,,,,,,,,,,,,,,,,,,,,,,,,,,,,,
2125263,4608223f5bb7d76e24d3d33f2eda811819304f890576a404a6b70eb192a1ca38ce03d4303e373efccfa6922ad39c5fed1b3aff7887716618d88ae745ebb9f037,08/09/2025 08:40:00 PM,1,DRIVER,,2026019,,DODGE,DURANGO,IL,2024,UNKNOWN,SPORT UTILITY VEHICLE (SUV),PERSONAL,S,STRAIGHT AHEAD,,,1,,,,,Y,,,,,,,,,,Y,Y,Y,FRONT,,,,,,,,,,,,,,,,,,,,,,,,,,,,,,,,,
2125264,4608223f5bb7d76e24d3d33f2eda811819304f890576a404a6b70eb192a1ca38ce03d4303e373efccfa6922ad39c5fed1b3aff7887716618d88ae745ebb9f037,08/09/2025 08:40:00 PM,2,DRIVER,,2026022,,TOYOTA,RAV4,IL,2016,UNKNOWN,SPORT UTILITY VEHICLE (SUV),PERSONAL,S,STRAIGHT AHEAD,,,1,,,,,,,,,Y,Y,Y,,,,,,,REAR,,,,,,,,,,,,,,,,,,,,,,,,,,,,,,,,,
2125241,877786ba8f0ba2055772c00963318fdd29bc54255d2d4d8b437562469ccf91619d124117e3cad9c16360586cb3c35df744a81bb6fb23503c1bd80bcb93789600,08/09/2025 08:39:00 PM,1,DRIVER,,2025992,,CHEVROLET,SILVERADO,MT,2024,UNKNOWN,PASSENGER,PERSONAL,N,STRAIGHT AHEAD,,,1,,,,,,,,,,,,,,Y,Y,Y,,FRONT-LEFT-CORNER,,,,,,,,,,,,,,,,,,,,,,,,,,,,,,,,,
2125242,877786ba8f0ba2055772c00963318fdd29bc54255d2d4d8b437562469ccf91619d124117e3cad9c16360586cb3c35df744a81bb6fb23503c1bd80bcb93789600,08/09/2025 08:39:00 PM,2,DRIVER,,2025995,,SCION,TC,IL,2006,NONE,PASSENGER,PERSONAL,S,TURNING LEFT,Y,,1,,PRIVATE TOW,UNKNOWN,,Y,,,,,,,,,Y,Y,Y,,FRONT-LEFT-CORNER,,,,,,,,,,,,,,,,,,,,,,,,,,,,,,,,,
2125225,36010e7ff966f3aa9515949ba63da910dfa0ffa27bda3a6ead27fd5992ce3bd6776df6bf2190e4fcd105614edd1c72773d9302dad6af1f50b809681b9e83d966,08/09/2025 08:31:00 PM,1,DRIVER,,2025997,,CADILLAC,ESCALADE,IL,2011,NONE,PASSENGER,PERSONAL,S,UNKNOWN/NA,Y,,1,,city tow,pound 2,,Y,Y,Y,Y,,Y,,,,Y,Y,Y,,FRONT,,,,,,,,,,,,,,,,,,,,,,,,,,,,,,,,,
2125249,306c4fcae8b40d75adb773ef572750f739b9c5a27e184edd066e57b77e3d6ba91653ad3c659d2632f5f4507450c1cafc9693d98ed6efc4f2f3410df7555f2cda,08/09/2025 08:30:00 PM,1,DRIVER,1,2026007,,MERCEDES-BENZ,OTHER (EXPLAIN IN NARRATIVE),IL,2012,UNKNOWN,PASSENGER,PERSONAL,E,STRAIGHT AHEAD,,,2,,,,,Y,,,,,,,,,,,,,FRONT-RIGHT-CORNER,,,,,,,,,,,,,,,,,,,,,,,,,,,,,,,,,
2125250,306c4fcae8b40d75adb773ef572750f739b9c5a27e184edd066e57b77e3d6ba91653ad3c659d2632f5f4507450c1cafc9693d98ed6efc4f2f3410df7555f2cda,08/09/2025 08:30:00 PM,2,PARKED,,2026009,,TOYOTA,HIGHLANDER,IL,2008,UNKNOWN,UNKNOWN/NA,UNKNOWN/NA,E,PARKED,,,0,,,,,,,,,,,Y,,,,,,,REAR-LEFT-CORNER,,,,,,,,,,,,,,,,,,,,,,,,,,,,,,,,,
2125885,8f8826971ae4078e6be0bb4f3aaf5b72594510aa6d98619c475dfb59eab5f610bd89484a6b05a635d32f619f930dd59007f4a8371c7ce47c3213da81f84cc58a,08/09/2025 08:30:00 PM,1,DRIVER,,2026601,,NISSAN,OTHER (EXPLAIN IN NARRATIVE),IL,2024,UNKNOWN,SPORT UTILITY VEHICLE (SUV),PERSONAL,N,STRAIGHT AHEAD,,,1,,,,,,,,,,,,,,,,,Y,UNKNOWN,,,,,,,,,,,,,,,,,,,,,,,,,,,,,,,,,
2125886,8f8826971ae4078e6be0bb4f3aaf5b72594510aa6d98619c475dfb59eab5f610bd89484a6b05a635d32f619f930dd59007f4a8371c7ce47c3213da81f84cc58a,08/09/2025 08:30:00 PM,2,PEDESTRIAN,,,,,,,,,,,,,,,,,,,,,,,,,,,,,,,,,,,,,,,,,,,,,,,,,,,,,,,,,,,,,,,,,,
2125320,9c2d27da4b26c0cb8fb24fd787a44af6bea0d4c04ff3297069aa77230df93e1250c89e01001c21f8950efe2f4ca8dfa4db0e19b497548e450ed542d75cdae88e,08/09/2025 08:30:00 PM,1,DRIVER,,2026067,,MAZDA,CX-5,IL,2015,UNKNOWN,PASSENGER,PERSONAL,S,STRAIGHT AHEAD,,,1,,,,,,,,,,,,,,,,,Y,FRONT,,,,,,,,,,,,,,,,,,,,,,,,,,,,,,,,,
2125321,9c2d27da4b26c0cb8fb24fd787a44af6bea0d4c04ff3297069aa77230df93e1250c89e01001c21f8950efe2f4ca8dfa4db0e19b497548e450ed542d75cdae88e,08/09/2025 08:30:00 PM,2,DRIVER,,2026073,,GENERAL MOTORS CORPORATION (GMC),TERRAIN,IL,2014,NONE,PASSENGER,PERSONAL,S,SLOW/STOP IN TRAFFIC,,,1,,,,,,,,,Y,Y,Y,,,,,,,REAR,,,,,,,,,,,,,,,,,,,,,,,,,,,,,,,,,
2127645,e852d3af59eb7e58bc7de2df188ceed8f04091e367fbb3e1c3a7f408fcf767c5d65b101b9dd20a967175d8a91ad233bda90add09d934f31227cf31dfc513ddf6,08/09/2025 08:30:00 PM,1,DRIVER,,2028270,,CHEVROLET,EQUINOX,IL,2013,NONE,SPORT UTILITY VEHICLE (SUV),PERSONAL,N,STRAIGHT AHEAD,,,1,,,,,Y,Y,,,,,,,,,,,,FRONT-LEFT-CORNER,,,,,,,,,,,,,,,,,,,,,,,,,,,,,,,,,
2127649,e852d3af59eb7e58bc7de2df188ceed8f04091e367fbb3e1c3a7f408fcf767c5d65b101b9dd20a967175d8a91ad233bda90add09d934f31227cf31dfc513ddf6,08/09/2025 08:30:00 PM,2,PARKED,,2028272,,NISSAN,MURANO,IL,2005,NONE,PASSENGER,NOT IN USE,N,PARKED,,,0,,,,,,,,,,,,,Y,Y,,,,SIDE-LEFT,,,,,,,,,,,,,,,,,,,,,,,,,,,,,,,,,
2125223,e7d2a075a7d25ab004d14a11e3bbe05ea8d9be952b31d7f983c2082d35b373aeca18a9a33edeaf8e8c030e4a1a1a5c3567db325ac3dbac56b7afc189203dab5d,08/09/2025 08:26:00 PM,1,DRIVER,1,2025985,,TOYOTA,RAV4,IL,2024,NONE,PASSENGER,OTHER,E,STRAIGHT AHEAD,,,2,,,,Y,Y,,,,,,,,,,,,,FRONT-RIGHT-CORNER,,,,,,,,,,,,,,,,,,,,,,,,,,,,,,,,,
2125224,e7d2a075a7d25ab004d14a11e3bbe05ea8d9be952b31d7f983c2082d35b373aeca18a9a33edeaf8e8c030e4a1a1a5c3567db325ac3dbac56b7afc189203dab5d,08/09/2025 08:26:00 PM,2,DRIVER,1,2025993,,CHEVROLET,MALIBU,IL,2021,NONE,PASSENGER,PERSONAL,N,STRAIGHT AHEAD,,,2,,,,,,,,,,,,,,,Y,Y,,FRONT-LEFT-CORNER,,,,,,,,,,,,,,,,,,,,,,,,,,,,,,,,,
2128076,89785a32ea2c79734596002a3034bc08c6a692b703c854047e47b14124211b729cc441923e1f94cf29d70aedcd691488f694dc969f114a9ed5df69a19d1f51b9,08/09/2025 08:20:00 PM,1,DRIVER,,2028682,,KIA,OPTIMA / K5,IL,2016,NONE,PASSENGER,PERSONAL,N,STRAIGHT AHEAD,,,1,,,,,,,,,,,,,,,,Y,,FRONT,,,,,,,,,,,,,,,,,,,,,,,,,,,,,,,,,
2128077,89785a32ea2c79734596002a3034bc08c6a692b703c854047e47b14124211b729cc441923e1f94cf29d70aedcd691488f694dc969f114a9ed5df69a19d1f51b9,08/09/2025 08:20:00 PM,2,DRIVER,,2028683,,TOYOTA,RAV4,IL,2015,NONE,SPORT UTILITY VEHICLE (SUV),PERSONAL,N,SLOW/STOP IN TRAFFIC,,,1,,,,,,,,,,Y,,,,,,,,REAR,,,,,,,,,,,,,,,,,,,,,,,,,,,,,,,,,
2125255,dca659c9e472d77a326bd215aafd367073c51518cfa79f0110d446624da494d6bbcf647a53fbdd0e45a1dda1501ba3e7e2856487ef5297b6cd3e3001d2e8224b,08/09/2025 08:19:00 PM,1,DRIVER,,2026011,,FORD,EXPLORER,IL,2017,NONE,SPORT UTILITY VEHICLE (SUV),PERSONAL,W,STRAIGHT AHEAD,Y,,1,,CPD,POUND 2,,,,,,,,,,,,,Y,,FRONT,,,,,,,,,,,,,,,,,,,,,,,,,,,,,,,,,
2125256,dca659c9e472d77a326bd215aafd367073c51518cfa79f0110d446624da494d6bbcf647a53fbdd0e45a1dda1501ba3e7e2856487ef5297b6cd3e3001d2e8224b,08/09/2025 08:19:00 PM,2,PARKED,,2026013,,FORD,OTHER (EXPLAIN IN NARRATIVE),IL,2023,NONE,OTHER,AMBULANCE,E,PARKED,,,0,,,,,,,,,,,,,,,,Y,,FRONT,,,,,,,,,,,,,,,,,,,,,,,,,,,,,,,,,
2125277,386051855cf825a35af8fd7423b4e8408d34c3bd5ea81137e3a2f34c10c4e95654f296f38e716fd6a3c78711ba21c18f4907badd828cbcc58d3d0549ee985746,08/09/2025 08:15:00 PM,1,DRIVER,,2026037,,NISSAN,ALTIMA,IL,2016,UNKNOWN,PASSENGER,UNKNOWN/NA,NE,TURNING LEFT,,,1,,,,,,,,Y,Y,,,,,,,,,REAR-RIGHT-CORNER,,,,,,,,,,,,,,,,,,,,,,,,,,,,,,,,,
2125278,386051855cf825a35af8fd7423b4e8408d34c3bd5ea81137e3a2f34c10c4e95654f296f38e716fd6a3c78711ba21c18f4907badd828cbcc58d3d0549ee985746,08/09/2025 08:15:00 PM,2,DRIVER,2,2026041,,CHEVROLET,EQUINOX,IL,2008,NONE,SPORT UTILITY VEHICLE (SUV),PERSONAL,W,STRAIGHT AHEAD,,,3,,,,,Y,,,,,,,,,,,Y,,FRONT-RIGHT-CORNER,,,,,,,,,,,,,,,,,,,,,,,,,,,,,,,,,
2125226,3001efd8f94f6db71f411e9fc41eb3982994dba8adf26a40197204c80252cf72055505365979d29929fa680653c8d420c5f2463e23fea92e49804dc77741cdd7,08/09/2025 08:10:00 PM,1,DRIVER,,2025980,,HYUNDAI,SONATA,IL,2016,UNKNOWN,PASSENGER,PERSONAL,S,STRAIGHT AHEAD,Y,,1,,by owner,unknown,,Y,Y,,,,,,,,,,,,FRONT-RIGHT-CORNER,,,,,,,,,,,,,,,,,,,,,,,,,,,,,,,,,
2125227,3001efd8f94f6db71f411e9fc41eb3982994dba8adf26a40197204c80252cf72055505365979d29929fa680653c8d420c5f2463e23fea92e49804dc77741cdd7,08/09/2025 08:10:00 PM,2,PARKED,,2025984,,HYUNDAI,SANTA FE,IL,2019,UNKNOWN,SPORT UTILITY VEHICLE (SUV),NOT IN USE,S,PARKED,Y,,0,,by owner,unknown,,,,,,,,Y,Y,,,,,,REAR-LEFT-CORNER,,,,,,,,,,,,,,,,,,,,,,,,,,,,,,,,,