CRASH_UNIT_ID,CRASH_RECORD_ID,CRASH_DATE,UNIT_NO,UNIT_TYPE,NUM_PASSENGERS,VEHICLE_ID,CMRC_VEH_I,MAKE,MODEL,LIC_PLATE_STATE,VEHICLE_YEAR,VEHICLE_DEFECT,VEHICLE_TYPE,VEHICLE_USE,TRAVEL_DIRECTION,MANEUVER,TOWED_I,FIRE_I,OCCUPANT_CNT,EXCEED_SPEED_LIMIT_I,TOWED_BY,TOWED_TO,AREA_00_I,AREA_01_I,AREA_02_I,AREA_03_I,AREA_04_I,AREA_05_I,AREA_06_I,AREA_07_I,AREA_08_I,AREA_09_I,AREA_10_I,AREA_11_I,AREA_12_I,AREA_99_I,FIRST_CONTACT_POINT,CMV_ID,USDOT_NO,CCMC_NO,ILCC_NO,COMMERCIAL_SRC,GVWR,CARRIER_NAME,CARRIER_STATE,CARRIER_CITY,HAZMAT_PLACARDS_I,HAZMAT_NAME,UN_NO,HAZMAT_PRESENT_I,HAZMAT_REPORT_I,HAZMAT_REPORT_NO,MCS_REPORT_I,MCS_REPORT_NO,HAZMAT_VIO_CAUSE_CRASH_I,MCS_VIO_CAUSE_CRASH_I,IDOT_PERMIT_NO,WIDE_LOAD_I,TRAILER1_WIDTH,TRAILER2_WIDTH,TRAILER1_LENGTH,TRAILER2_LENGTH,TOTAL_VEHICLE_LENGTH,AXLE_CNT,VEHICLE_CONFIG,CARGO_BODY_TYPE,LOAD_TYPE,HAZMAT_OUT_OF_SERVICE_I,MCS_OUT_OF_SERVICE_I,HAZMAT_CLASS
2126610,e3fd0753a0f32c28d8b8427e554362b1fbcd1ed809510ef7a4f17f470d1d5415fbdc15921a2ef68d846dcc264fcf560489da086d8bcdcfe439829095e86f5dc2,08/09/2025 08:03:00 PM,1,DRIVER,,2027298,,CHEVROLET,SILVERADO,IL,2017,UNKNOWN,PICKUP,PERSONAL,S,STRAIGHT AHEAD,Y,,1,,CITY OF CHICAGO,,,,,,,,,,Y,Y,Y,Y,,,SIDE-LEFT,,,,,,,,,,,,,,,,,,,,,,,,,,,,,,,,,
2126611,e3fd0753a0f32c28d8b8427e554362b1fbcd1ed809510ef7a4f17f470d1d5415fbdc15921a2ef68d846dcc264fcf560489da086d8bcdcfe439829095e86f5dc2,08/09/2025 08:03:00 PM,2,PARKED,,2027299,,JEEP,WRANGLER,IL,2021,UNKNOWN,PASSENGER,PERSONAL,S,PARKED,,,0,,,,,Y,Y,Y,Y,Y,,,,,,,,,SIDE-RIGHT,,,,,,,,,,,,,,,,,,,,,,,,,,,,,,,,,
2126612,e3fd0753a0f32c28d8b8427e554362b1fbcd1ed809510ef7a4f17f470d1d5415fbdc15921a2ef68d846dcc264fcf560489da086d8bcdcfe439829095e86f5dc2,08/09/2025 08:03:00 PM,3,PARKED,,2027300,,NISSAN,ROGUE,IL,2016,UNKNOWN,SPORT UTILITY VEHICLE (SUV),PERSONAL,S,PARKED,,,0,,,,,,,Y,Y,Y,,,,,,,,,SIDE-RIGHT-REAR,,,,,,,,,,,,,,,,,,,,,,,,,,,,,,,,,
2125754,60d1ac386de504755cde61ac4a39c275b20d3a0c8c16dd2244f783aaa31025c4cc1a13b8636413676281202f5fd036dca0cfcda063395069bc180a5a9391922c,08/09/2025 08:01:00 PM,1,DRIVER,,2026487,,JEEP,WRANGLER,IL,2020,UNKNOWN,SPORT UTILITY VEHICLE (SUV),PERSONAL,N,CHANGING LANES,,,1,,,,,,,,,,,,,,,,,Y,FRONT-LEFT-CORNER,,,,,,,,,,,,,,,,,,,,,,,,,,,,,,,,,
2125755,60d1ac386de504755cde61ac4a39c275b20d3a0c8c16dd2244f783aaa31025c4cc1a13b8636413676281202f5fd036dca0cfcda063395069bc180a5a9391922c,08/09/2025 08:01:00 PM,2,DRIVER,,2026481,,TOYOTA,HIGHLANDER,IL,2023,NONE,SPORT UTILITY VEHICLE (SUV),PERSONAL,N,STRAIGHT AHEAD,,,1,,,,,,,,,Y,,,,,,,,,REAR-RIGHT-CORNER,,,,,,,,,,,,,,,,,,,,,,,,,,,,,,,,,
2125635,379a5faafbc859eef0561de2e0170401372e16eda9f8f59f028499156026b076df199d99fde4c3ba4b391cc68dece390173124170891bb37f3ca8d368ac905d3,08/09/2025 08:00:00 PM,1,DRIVER,,2026357,,UNKNOWN,OTHER (EXPLAIN IN NARRATIVE),,,UNKNOWN,UNKNOWN/NA,UNKNOWN/NA,UNKNOWN,UNKNOWN/NA,,,1,,,,,,,,,,,,,,,,,Y,UNKNOWN,,,,,,,,,,,,,,,,,,,,,,,,,,,,,,,,,
2125636,379a5faafbc859eef0561de2e0170401372e16eda9f8f59f028499156026b076df199d99fde4c3ba4b391cc68dece390173124170891bb37f3ca8d368ac905d3,08/09/2025 08:00:00 PM,2,PARKED,,2026364,,CHEVROLET,TRAX,IL,2025,NONE,SPORT UTILITY VEHICLE (SUV),PERSONAL,W,PARKED,,,0,,,,,Y,,,,,,Y,Y,,,,,,REAR-LEFT-CORNER,,,,,,,,,,,,,,,,,,,,,,,,,,,,,,,,,
2126574,a598dc76800d0bf266adc4382dd5fbcf1196b9b7961cd63794815ee45db08cea99e5acdc55510124a5e24d1cdb2a9360fd6c1d4ab7268b98034a8b3a8b26a51c,08/09/2025 08:00:00 PM,1,DRIVER,,2027279,,UNKNOWN,OTHER (EXPLAIN IN NARRATIVE),,,UNKNOWN,UNKNOWN/NA,UNKNOWN/NA,UNKNOWN,UNKNOWN/NA,,,1,,,,,,,,,,,,,,,,,Y,UNKNOWN,,,,,,,,,,,,,,,,,,,,,,,,,,,,,,,,,
2126575,a598dc76800d0bf266adc4382dd5fbcf1196b9b7961cd63794815ee45db08cea99e5acdc55510124a5e24d1cdb2a9360fd6c1d4ab7268b98034a8b3a8b26a51c,08/09/2025 08:00:00 PM,2,PARKED,,2027268,,CHEVROLET,BLAZER,IL,2019,NONE,SPORT UTILITY VEHICLE (SUV),PERSONAL,N,PARKED,,,0,,,,,,,,Y,Y,,,,,,,,,SIDE-RIGHT-REAR,,,,,,,,,,,,,,,,,,,,,,,,,,,,,,,,,
2126846,e312ee5afd57b8a0ebb79791308bc36d47de00eb59844ef70b5bcf8289633ce4595bb453e4c48b6c9ead977636fdae35265003f949e6a7d95122a251f60d2533,08/09/2025 08:00:00 PM,1,DRIVER,,2027511,,UNKNOWN,OTHER (EXPLAIN IN NARRATIVE),IL,,UNKNOWN,PASSENGER,UNKNOWN/NA,UNKNOWN,STRAIGHT AHEAD,,,1,,,,,,,,,,,,,,,,,,UNKNOWN,,,,,,,,,,,,,,,,,,,,,,,,,,,,,,,,,
2126847,e312ee5afd57b8a0ebb79791308bc36d47de00eb59844ef70b5bcf8289633ce4595bb453e4c48b6c9ead977636fdae35265003f949e6a7d95122a251f60d2533,08/09/2025 08:00:00 PM,2,PARKED,,2027524,,HYUNDAI,KONA,IL,,NONE,UNKNOWN/NA,UNKNOWN/NA,N,PARKED,,,0,,,,,,,,,,,,,,,,,,REAR-LEFT-CORNER,,,,,,,,,,,,,,,,,,,,,,,,,,,,,,,,,
2125279,6ee5a162c8d080b87962f14b5c604ddb60229da31ca671c174b5cfaf04f01fc54b86e96fc399aaf36f2e4d3dd466b44e3c744bd433db4a93d73e712361c3f3e6,08/09/2025 07:59:00 PM,1,DRIVER,,2026030,,KIA,FORTE,IL,2024,NONE,PASSENGER,PERSONAL,S,TURNING LEFT,Y,,1,,Private towed,,,Y,Y,N,,,,,,N,Y,Y,Y,,SIDE-RIGHT,,,,,,,,,,,,,,,,,,,,,,,,,,,,,,,,,
2125280,6ee5a162c8d080b87962f14b5c604ddb60229da31ca671c174b5cfaf04f01fc54b86e96fc399aaf36f2e4d3dd466b44e3c744bd433db4a93d73e712361c3f3e6,08/09/2025 07:59:00 PM,2,DRIVER,,2026032,,HONDA,CIVIC,IL,2009,NONE,PASSENGER,PERSONAL,E,STRAIGHT AHEAD,Y,,1,,Private towed,,,Y,Y,,,,,,,,Y,Y,Y,,FRONT,,,,,,,,,,,,,,,,,,,,,,,,,,,,,,,,,
2125201,b64175172f0f403782faea6fb86e9c47e7e82332bfd3185ccc65d4709559b2d8bc9006cac0af8636f4be8fa2caf5ebc6a483c3ddad6d1fa1d43b3a066c564b9a,08/09/2025 07:44:00 PM,1,DRIVER,,2025973,,CHRYSLER,TOWN & COUNTRY,IL,2012,NONE,PASSENGER,PERSONAL,N,PASSING/OVERTAKING,,,1,,,,,Y,Y,Y,,,,,,,,,,,FRONT-RIGHT-CORNER,,,,,,,,,,,,,,,,,,,,,,,,,,,,,,,,,
2125202,b64175172f0f403782faea6fb86e9c47e7e82332bfd3185ccc65d4709559b2d8bc9006cac0af8636f4be8fa2caf5ebc6a483c3ddad6d1fa1d43b3a066c564b9a,08/09/2025 07:44:00 PM,2,PARKED,2,2025977,,FORD,TAURUS,IL,2011,NONE,PASSENGER,PERSONAL,N,PARKED,,,2,,,,,,,,,,,,,Y,Y,Y,,,FRONT-LEFT-CORNER,,,,,,,,,,,,,,,,,,,,,,,,,,,,,,,,,
2125206,a9c4dcbd9ac3420e6f8a94fd4ad86f7e38a7adb1ecdf5b7f47841748326368252562d87e533e05cac813b1e0fc180b3b237f31e1908d3503af05fb759f220bb4,08/09/2025 07:40:00 PM,1,DRIVER,,2025964,,UNKNOWN,MOTORIZED,,,UNKNOWN,UNKNOWN/NA,UNKNOWN/NA,N,STRAIGHT AHEAD,,,1,,,,,Y,,,,,,,,,,Y,Y,,FRONT,,,,,,,,,,,,,,,,,,,,,,,,,,,,,,,,,
2125207,a9c4dcbd9ac3420e6f8a94fd4ad86f7e38a7adb1ecdf5b7f47841748326368252562d87e533e05cac813b1e0fc180b3b237f31e1908d3503af05fb759f220bb4,08/09/2025 07:40:00 PM,2,DRIVER,,2025967,,ACURA,RLX,IL,2005,NONE,PASSENGER,PERSONAL,N,STRAIGHT AHEAD,,,1,,,,,,,,,Y,Y,Y,,,,,,,REAR,,,,,,,,,,,,,,,,,,,,,,,,,,,,,,,,,
2125221,b917ac42eba432ea811671f7b5cdbd80fd4ca9eb3c027a737e0aeb92607e9d618e5b0b2b107f8316a22200e723c20fcbc95ec72784fe8a51b2ee812f5d78af86,08/09/2025 07:40:00 PM,1,DRIVER,1,2025979,,MERCEDES-BENZ,ML300,IL,2006,UNKNOWN,SPORT UTILITY VEHICLE (SUV),PERSONAL,S,TURNING RIGHT,Y,,2,,city of chicago,1160 n larrabee st,,Y,,,,,,,,,,Y,Y,,FRONT,,,,,,,,,,,,,,,,,,,,,,,,,,,,,,,,,
2125222,b917ac42eba432ea811671f7b5cdbd80fd4ca9eb3c027a737e0aeb92607e9d618e5b0b2b107f8316a22200e723c20fcbc95ec72784fe8a51b2ee812f5d78af86,08/09/2025 07:40:00 PM,2,DRIVER,,2025981,,JEEP,WRANGLER,IL,2020,NONE,PASSENGER,PERSONAL,E,SLOW/STOP IN TRAFFIC,Y,,1,,city of chicago,400 e lower wacker,,Y,Y,,Y,Y,,Y,Y,Y,Y,Y,,,SIDE-LEFT,,,,,,,,,,,,,,,,,,,,,,,,,,,,,,,,,
2125215,3ae99b6010de0572e8238b561000f6b51ba51807a270d073a969710fc5b1bfc7f7759bcb72d434c6dbc8fafa38ebcbf252d4d63d90aa356098fc999f227e1b1c,08/09/2025 07:30:00 PM,1,DRIVER,,2025971,,DODGE,DURANGO,IL,,UNKNOWN,SPORT UTILITY VEHICLE (SUV),PERSONAL,S,TURNING LEFT,,,1,,,,,,,,,,,,,,,,Y,,FRONT,,,,,,,,,,,,,,,,,,,,,,,,,,,,,,,,,
2125216,3ae99b6010de0572e8238b561000f6b51ba51807a270d073a969710fc5b1bfc7f7759bcb72d434c6dbc8fafa38ebcbf252d4d63d90aa356098fc999f227e1b1c,08/09/2025 07:30:00 PM,2,DRIVER,,2025972,,TOYOTA,RAV4,IL,,UNKNOWN,SPORT UTILITY VEHICLE (SUV),PERSONAL,S,TURNING LEFT,,,1,,,,,,,,,,Y,,,,,,,,REAR,,,,,,,,,,,,,,,,,,,,,,,,,,,,,,,,,
2125287,e4231c6d06968cb64727b14862087c51239b6550c0958222a29dc78e3441eeded7548c41190e23c8a8eb617adf5b3495c8031b5bd10e93bf0a671241f61c9812,08/09/2025 07:25:00 PM,1,DRIVER,,2026039,,TOYOTA,CAMRY,IL,2013,NONE,PASSENGER,PERSONAL,S,STRAIGHT AHEAD,,,1,,,,,Y,,,,,,,,,,,,,FRONT-RIGHT-CORNER,,,,,,,,,,,,,,,,,,,,,,,,,,,,,,,,,
2125288,e4231c6d06968cb64727b14862087c51239b6550c0958222a29dc78e3441eeded7548c41190e23c8a8eb617adf5b3495c8031b5bd10e93bf0a671241f61c9812,08/09/2025 07:25:00 PM,2,BICYCLE,,,,,,,,,,,,,,,,,,,,,,,,,,,,,,,,,,,,,,,,,,,,,,,,,,,,,,,,,,,,,,,,,,
2125316,558f33ae36731846a88a6fe11d83a46747e0a6dbb9de1d69c68930658aa73f1b6d740b3479e909b4644c7087729c698e1648cb2c94ecb3d7292de94c4bbbd249,08/09/2025 07:20:00 PM,1,DRIVER,,2026064,,FORD,ESCAPE,IL,2014,NONE,UNKNOWN/NA,UNKNOWN/NA,UNKNOWN,UNKNOWN/NA,,,1,,,,,,,,,,,,,,,,,,UNKNOWN,,,,,,,,,,,,,,,,,,,,,,,,,,,,,,,,,
2125317,558f33ae36731846a88a6fe11d83a46747e0a6dbb9de1d69c68930658aa73f1b6d740b3479e909b4644c7087729c698e1648cb2c94ecb3d7292de94c4bbbd249,08/09/2025 07:20:00 PM,2,PARKED,,2026076,,LEXUS,OTHER (EXPLAIN IN NARRATIVE),IL,2023,NONE,PASSENGER,PERSONAL,UNKNOWN,PARKED,,,0,,,,,Y,Y,,,,,,,,,,,,SIDE-RIGHT-FRONT,,,,,,,,,,,,,,,,,,,,,,,,,,,,,,,,,
2125217,b204dee02559e39c17f55c88c86e72dece605e22a47822cb28990e448747aa21cd74944712ad974dba788d4cc8b56835c0fe3e7e5eb6c12b16c27e9906d98eea,08/09/2025 07:20:00 PM,1,DRIVER,,2025978,N,UNKNOWN,OTHER (EXPLAIN IN NARRATIVE),IL,,UNKNOWN,BUS UP TO 15 PASS.,CTA,W,STRAIGHT AHEAD,,,1,,,,,,,,,,,,,,,,,Y,UNKNOWN,,,,,,,,,,,,,,,,,,,,,,,,,,,,,,,,,
2125218,b204dee02559e39c17f55c88c86e72dece605e22a47822cb28990e448747aa21cd74944712ad974dba788d4cc8b56835c0fe3e7e5eb6c12b16c27e9906d98eea,08/09/2025 07:20:00 PM,2,PEDESTRIAN,,,,,,,,,,,,,,,,,,,,,,,,,,,,,,,,,,,,,,,,,,,,,,,,,,,,,,,,,,,,,,,,,,
2126254,243dafe430b88ab6966cb3e7a488446293db32fe821821bc44eb18cdae46db35c8decff672a59c4f65a7bacf1116a3554d2c0ea06169ce4c4f924d54203d5fd1,08/09/2025 07:10:00 PM,1,DRIVER,,2026988,,FORD,F150,IL,2012,NONE,PICKUP,PERSONAL,E,BACKING,,,1,,,,Y,,,,,,,Y,,,,,,,REAR-LEFT-CORNER,,,,,,,,,,,,,,,,,,,,,,,,,,,,,,,,,
2126255,243dafe430b88ab6966cb3e7a488446293db32fe821821bc44eb18cdae46db35c8decff672a59c4f65a7bacf1116a3554d2c0ea06169ce4c4f924d54203d5fd1,08/09/2025 07:10:00 PM,2,DRIVER,,2026991,,ACURA,TLX,IL,2023,NONE,PASSENGER,PERSONAL,W,STRAIGHT AHEAD,,,1,,,,Y,,,,,,,,,,,Y,,,FRONT-LEFT-CORNER,,,,,,,,,,,,,,,,,,,,,,,,,,,,,,,,,
2125195,44759391231535f275cf6c2ae0cfca56f6d7fa64400cf083c5e8fb1b8d5d564807e223114955496ae8e6bfceef39d82c48ae29ffe5f9fcdd7d74af8e2e6e8164,08/09/2025 07:10:00 PM,1,DRIVER,,2025957,,CHEVROLET,EXPRESS,IL,2014,NONE,VAN/MINI-VAN,PERSONAL,NE,PASSING/OVERTAKING,,,1,,,,,,,Y,,,,,,,,,,Y,SIDE-LEFT,,,,,,,,,,,,,,,,,,,,,,,,,,,,,,,,,
2125196,44759391231535f275cf6c2ae0cfca56f6d7fa64400cf083c5e8fb1b8d5d564807e223114955496ae8e6bfceef39d82c48ae29ffe5f9fcdd7d74af8e2e6e8164,08/09/2025 07:10:00 PM,2,DRIVER,,2025961,,NEW FLYER,OTHER (EXPLAIN IN NARRATIVE),IL,2007,NONE,BUS OVER 15 PASS.,CTA,SE,LEAVING TRAFFIC LANE TO PARK,,,1,,,,,,,,,,,Y,,,,,,Y,REAR-LEFT-CORNER,,,,,,,,,,,,,,,,,,,,,,,,,,,,,,,,,
2125199,d7874664bd69fb8da2a28f1f5b427704fa6c3091bf91839e40285921d61ca24a0563d22c0f3aa688b9a8742c1e9443801b45db6da54deb891603d0c3d5071993,08/09/2025 07:10:00 PM,1,DRIVER,,2025958,,FORD,OTHER (EXPLAIN IN NARRATIVE),IL,2005,UNKNOWN,OTHER,PERSONAL,W,ENTERING TRAFFIC LANE FROM PARKING,,,1,,,,,,,,,,,,,,Y,Y,,,FRONT-LEFT-CORNER,,,,,,,,,,,,,,,,,,,,,,,,,,,,,,,,,
2125200,d7874664bd69fb8da2a28f1f5b427704fa6c3091bf91839e40285921d61ca24a0563d22c0f3aa688b9a8742c1e9443801b45db6da54deb891603d0c3d5071993,08/09/2025 07:10:00 PM,2,DRIVER,,2025962,,HONDA,ODYSSEY,IL,2013,UNKNOWN,VAN/MINI-VAN,PERSONAL,W,STRAIGHT AHEAD,,,1,,,,,,Y,Y,Y,,,,,,,,,,SIDE-RIGHT,,,,,,,,,,,,,,,,,,,,,,,,,,,,,,,,,
2125189,069b174e397c3e0a11afd9aefe3affc0e5154894b0ab0571889edebe80e3171bcb2bf0b21437a2394867d3b683e015b868360ff767ca6fc7083fba93ff72037a,08/09/2025 07:00:00 PM,1,DRIVER,,2025948,,UNKNOWN,OTHER (EXPLAIN IN NARRATIVE),IL,,NONE,PASSENGER,PERSONAL,UNKNOWN,UNKNOWN/NA,,,1,,,,,,,,,,,,,,,,,Y,UNKNOWN,,,,,,,,,,,,,,,,,,,,,,,,,,,,,,,,,
2125190,069b174e397c3e0a11afd9aefe3affc0e5154894b0ab0571889edebe80e3171bcb2bf0b21437a2394867d3b683e015b868360ff767ca6fc7083fba93ff72037a,08/09/2025 07:00:00 PM,2,PARKED,,2025951,,CHEVROLET,CAMARO,IL,,NONE,PASSENGER,PERSONAL,E,PARKED,,,0,,,,,Y,,,,,,,,,,,,,FRONT-RIGHT-CORNER,,,,,,,,,,,,,,,,,,,,,,,,,,,,,,,,,
2125197,8190282ca96765a8ed68039b3c066350481ae1376f271c6b1b69a88cb9b6efca3d822ae36c2d590fa65a0b209c71ffd64afe920e4935ec421c93c13fc172b05c,08/09/2025 06:58:00 PM,1,DRIVER,,2025960,,HARLEY-DAVIDSON,HARLEY-DAVIDSON,WI,2006,UNKNOWN,MOTORCYCLE (OVER 150CC),PERSONAL,E,STRAIGHT AHEAD,,,1,,,,,,,,,,,,,,,,,,FRONT,,,,,,,,,,,,,,,,,,,,,,,,,,,,,,,,,
2125198,8190282ca96765a8ed68039b3c066350481ae1376f271c6b1b69a88cb9b6efca3d822ae36c2d590fa65a0b209c71ffd64afe920e4935ec421c93c13fc172b05c,08/09/2025 06:58:00 PM,2,DRIVER,,2025963,,FORD,F450,IL,2016,UNKNOWN,PASSENGER,TOW TRUCK,UNKNOWN,STRAIGHT AHEAD,,,1,,,,,,,,,,Y,Y,,,,,,,REAR-LEFT-CORNER,,,,,,,,,,,,,,,,,,,,,,,,,,,,,,,,,
2125911,3193f725f962807d78d35a3fe909f8ac310886204cb2d2ed30ff5158385053639809b0794a971f478dd30e0d5114b875e4318b8208f42b550f4cf3d6e726bb9e,08/09/2025 06:49:00 PM,1,DRIVER,,2026631,,ACURA,RLX,IL,2013,UNKNOWN,SPORT UTILITY VEHICLE (SUV),UNKNOWN/NA,N,BACKING,,,1,,,,,,,,,Y,Y,,,,,,,,REAR,,,,,,,,,,,,,,,,,,,,,,,,,,,,,,,,,
2125912,3193f725f962807d78d35a3fe909f8ac310886204cb2d2ed30ff5158385053639809b0794a971f478dd30e0d5114b875e4318b8208f42b550f4cf3d6e726bb9e,08/09/2025 06:49:00 PM,2,PARKED,,2026637,,CHEVROLET,MALIBU,IL,2024,UNKNOWN,PASSENGER,NOT IN USE,W,PARKED,,,0,,,,,,,,,,Y,Y,Y,,,,,,REAR-LEFT-CORNER,,,,,,,,,,,,,,,,,,,,,,,,,,,,,,,,,
2125167,4bbc06a21d47ca0520313a7252aa5630a727068f94f929b1b41a6060f99e982fe03dc5792b374603cf707688efb4dbdd3b6b00433ea18f6add90fc94f597d837,08/09/2025 06:45:00 PM,1,DRIVER,,2025938,,HYUNDAI,ELANTRA,IL,2016,UNKNOWN,PASSENGER,PERSONAL,E,BACKING,,,1,,,,,,,,,Y,Y,Y,,,,,,,REAR,,,,,,,,,,,,,,,,,,,,,,,,,,,,,,,,,
2125168,4bbc06a21d47ca0520313a7252aa5630a727068f94f929b1b41a6060f99e982fe03dc5792b374603cf707688efb4dbdd3b6b00433ea18f6add90fc94f597d837,08/09/2025 06:45:00 PM,2,DRIVER,,2025946,,VOLKSWAGEN,PASSAT,IL,2020,NONE,PASSENGER,PERSONAL,E,STRAIGHT AHEAD,,,1,,,,,Y,,,,,,,,,,Y,Y,,FRONT,,,,,,,,,,,,,,,,,,,,,,,,,,,,,,,,,
2125176,2f6d2225df58fd5ba9e89c4ac7d3088e2c9b8667f1d60868986968c9b9ad0a46e579ee1f590c33abdf3290e5780613d065aa37715484b94f730a1e8f93077175,08/09/2025 06:30:00 PM,1,DRIVER,,2025931,,UNKNOWN,OTHER (EXPLAIN IN NARRATIVE),,,UNKNOWN,UNKNOWN/NA,UNKNOWN/NA,S,PASSING/OVERTAKING,,,1,,,,,Y,,,,,,,,,,,,,FRONT-RIGHT-CORNER,,,,,,,,,,,,,,,,,,,,,,,,,,,,,,,,,
2125177,2f6d2225df58fd5ba9e89c4ac7d3088e2c9b8667f1d60868986968c9b9ad0a46e579ee1f590c33abdf3290e5780613d065aa37715484b94f730a1e8f93077175,08/09/2025 06:30:00 PM,2,PARKED,,2025933,,NISSAN,SENTRA,IL,2025,NONE,PASSENGER,PERSONAL,S,PARKED,,,0,,,,,,,,,,,,,,Y,Y,,,FRONT-LEFT-CORNER,,,,,,,,,,,,,,,,,,,,,,,,,,,,,,,,,
2127810,9fdfc9f5f8dd81cae959b1fd43ebb0f8b3b884e5645effb18fe453f4e2aa64df0baa21ad1c40bd33c4d3e23a5eda4ff2cc09fb05f747660cfae0021bb196ca41,08/09/2025 06:30:00 PM,1,DRIVER,,2028436,,JEEP,GRAND CHEROKEE,IL,2019,UNKNOWN,PASSENGER,PERSONAL,N,STRAIGHT AHEAD,,,1,,,,,,,,,,,,,,,,,,FRONT,,,,,,,,,,,,,,,,,,,,,,,,,,,,,,,,,
2127811,9fdfc9f5f8dd81cae959b1fd43ebb0f8b3b884e5645effb18fe453f4e2aa64df0baa21ad1c40bd33c4d3e23a5eda4ff2cc09fb05f747660cfae0021bb196ca41,08/09/2025 06:30:00 PM,2,DRIVER,,2028437,,TOYOTA,PRIUS,IL,2012,UNKNOWN,PASSENGER,PERSONAL,N,STRAIGHT AHEAD,,,1,,,,,,,,,,,,,,,,,,REAR-RIGHT-CORNER,,,,,,,,,,,,,,,,,,,,,,,,,,,,,,,,,
2130019,f1e00f7783b3668b5bbe17971f07f3bb9a979e33602279416cfac6797dbe780aef2cba4d66f4187229c7af3984a49036f0a2b4b5517cce28312cf374d9d6abb7,08/09/2025 06:30:00 PM,1,DRIVER,,2030525,,UNKNOWN,OTHER (EXPLAIN IN NARRATIVE),,,UNKNOWN,UNKNOWN/NA,UNKNOWN/NA,UNKNOWN,UNKNOWN/NA,,,1,,,,,,,,,,,,,,,,,Y,UNKNOWN,,,,,,,,,,,,,,,,,,,,,,,,,,,,,,,,,
2130020,f1e00f7783b3668b5bbe17971f07f3bb9a979e33602279416cfac6797dbe780aef2cba4d66f4187229c7af3984a49036f0a2b4b5517cce28312cf374d9d6abb7,08/09/2025 06:30:00 PM,2,DRIVER,,2030530,,MERCEDES-BENZ,GLE,IL,2021,UNKNOWN,UNKNOWN/NA,UNKNOWN/NA,UNKNOWN,UNKNOWN/NA,,,1,,,,,,,,,,,,,,,Y,Y,,SIDE-LEFT-FRONT,,,,,,,,,,,,,,,,,,,,,,,,,,,,,,,,,
2125162,786f3f71451533901ed20385a1e841e51815b2d228fccbe1f359fb8058bb84065011ae88cca51fcbab75920c1012334c0856a3fa3712c8422215b3c4d7d5ecc2,08/09/2025 06:29:00 PM,1,DRIVER,,2025919,,AUDI,A4,IL,2009,UNKNOWN,PASSENGER,PERSONAL,N,STRAIGHT AHEAD,,,1,,,,,,,,,,,,,,Y,Y,Y,,FRONT-LEFT-CORNER,,,,,,,,,,,,,,,,,,,,,,,,,,,,,,,,,
2125163,786f3f71451533901ed20385a1e841e51815b2d228fccbe1f359fb8058bb84065011ae88cca51fcbab75920c1012334c0856a3fa3712c8422215b3c4d7d5ecc2,08/09/2025 06:29:00 PM,2,DRIVER,,2025922,,JEEP,WRANGLER,IL,2022,UNKNOWN,SPORT UTILITY VEHICLE (SUV),PERSONAL,N,SLOW/STOP IN TRAFFIC,,,1,,,,,,,,,Y,Y,Y,,,,,,,REAR,,,,,,,,,,,,,,,,,,,,,,,,,,,,,,,,,
2125165,0810fedf523465da14bcd754358508a7f19342da400a8464b9179f29b94f19c030ef8441268587c7cd268ca3cc98ea70b25c6043df195949447f60d4af66e31b,08/09/2025 06:25:00 PM,1,DRIVER,,2025924,,NISSAN,SENTRA,IL,2019,UNKNOWN,PASSENGER,PERSONAL,S,U-TURN,,,1,,,,,,,,,,,,,,,Y,,,FRONT-LEFT-CORNER,,,,,,,,,,,,,,,,,,,,,,,,,,,,,,,,,
2125166,0810fedf523465da14bcd754358508a7f19342da400a8464b9179f29b94f19c030ef8441268587c7cd268ca3cc98ea70b25c6043df195949447f60d4af66e31b,08/09/2025 06:25:00 PM,2,DRIVER,4,2025926,,HONDA,PILOT,IL,2019,UNKNOWN,PASSENGER,PERSONAL,S,STRAIGHT AHEAD,,,5,,,,,,Y,Y,,,,,,,,,,,SIDE-RIGHT-FRONT,,,,,,,,,,,,,,,,,,,,,,,,,,,,,,,,,
2125158,b2c815d155a5538ef3a4f1fd56b7769055d9dc854fab63fac6385075861d8e926ac38fa0b0a9d5b6fab025285699f744facf35da44565f7ef8181090c06eaab1,08/09/2025 06:24:00 PM,1,DRIVER,,2025918,,CHEVROLET,OTHER (EXPLAIN IN NARRATIVE),IL,2015,UNKNOWN,PASSENGER,UNKNOWN/NA,S,TURNING RIGHT,,,1,,,,,Y,Y,,,,,,,,,,Y,Y,UNKNOWN,,,,,,,,,,,,,,,,,,,,,,,,,,,,,,,,,
2125159,b2c815d155a5538ef3a4f1fd56b7769055d9dc854fab63fac6385075861d8e926ac38fa0b0a9d5b6fab025285699f744facf35da44565f7ef8181090c06eaab1,08/09/2025 06:24:00 PM,2,DRIVER,,2025923,,CHEVROLET,TAHOE,IL,2001,NONE,SPORT UTILITY VEHICLE (SUV),PERSONAL,S,SLOW/STOP IN TRAFFIC,,,1,,,,,,,,,,,,,,,Y,Y,,FRONT-LEFT-CORNER,,,,,,,,,,,,,,,,,,,,,,,,,,,,,,,,,