CRASH_UNIT_ID,CRASH_RECORD_ID,CRASH_DATE,UNIT_NO,UNIT_TYPE,NUM_PASSENGERS,VEHICLE_ID,CMRC_VEH_I,MAKE,MODEL,LIC_PLATE_STATE,VEHICLE_YEAR,VEHICLE_DEFECT,VEHICLE_TYPE,VEHICLE_USE,TRAVEL_DIRECTION,MANEUVER,TOWED_I,FIRE_I,OCCUPANT_CNT,EXCEED_SPEED_LIMIT_I,TOWED_BY,TOWED_TO,AREA_00_I,AREA_01_I,AREA_02_I,AREA_03_I,AREA_04_I,AREA_05_I,AREA_06_I,AREA_07_I,AREA_08_I,AREA_09_I,AREA_10_I,AREA_11_I,AREA_12_I,AREA_99_I,FIRST_CONTACT_POINT,CMV_ID,USDOT_NO,CCMC_NO,ILCC_NO,COMMERCIAL_SRC,GVWR,CARRIER_NAME,CARRIER_STATE,CARRIER_CITY,HAZMAT_PLACARDS_I,HAZMAT_NAME,UN_NO,HAZMAT_PRESENT_I,HAZMAT_REPORT_I,HAZMAT_REPORT_NO,MCS_REPORT_I,MCS_REPORT_NO,HAZMAT_VIO_CAUSE_CRASH_I,MCS_VIO_CAUSE_CRASH_I,IDOT_PERMIT_NO,WIDE_LOAD_I,TRAILER1_WIDTH,TRAILER2_WIDTH,TRAILER1_LENGTH,TRAILER2_LENGTH,TOTAL_VEHICLE_LENGTH,AXLE_CNT,VEHICLE_CONFIG,CARGO_BODY_TYPE,LOAD_TYPE,HAZMAT_OUT_OF_SERVICE_I,MCS_OUT_OF_SERVICE_I,HAZMAT_CLASS
2125182,7ca7c6768e8acbad6e7200d32b49e5dc7db7ba6eac4a0335880bae27a7c497c8976cab3e65d49b6431f2d16adc420c19c2ef81f67a34e1326b210f5d021bdf38,08/09/2025 06:20:00 PM,1,DRIVER,,2025935,,TOYOTA,HIGHLANDER,,2013,UNKNOWN,SPORT UTILITY VEHICLE (SUV),UNKNOWN/NA,N,UNKNOWN/NA,,,1,,,,,,,,,,,,,,,,,Y,UNKNOWN,,,,,,,,,,,,,,,,,,,,,,,,,,,,,,,,,
2125183,7ca7c6768e8acbad6e7200d32b49e5dc7db7ba6eac4a0335880bae27a7c497c8976cab3e65d49b6431f2d16adc420c19c2ef81f67a34e1326b210f5d021bdf38,08/09/2025 06:20:00 PM,2,PARKED,1,2025941,,MERCEDES-BENZ,OTHER (EXPLAIN IN NARRATIVE),,2023,UNKNOWN,VAN/MINI-VAN,NOT IN USE,N,PARKED,,,1,,,,,,,,,,,Y,Y,,,,,,SIDE-LEFT-REAR,,,,,,,,,,,,,,,,,,,,,,,,,,,,,,,,,
2129401,7769e7e44dd8400fd90abdcf4a6dfadaadafe679547e644236c4f9eacff157bf0d802020d0ad58a9a6cbe3ff8decb76b926575db7ffa15553ba13e08adc12e67,08/09/2025 06:18:00 PM,1,DRIVER,,2029942,,TOYOTA,RAV4,IL,2016,UNKNOWN,SPORT UTILITY VEHICLE (SUV),PERSONAL,S,ENTERING TRAFFIC LANE FROM PARKING,,,1,,,,,,,,,,,,,,Y,Y,,,FRONT-LEFT-CORNER,,,,,,,,,,,,,,,,,,,,,,,,,,,,,,,,,
2129402,7769e7e44dd8400fd90abdcf4a6dfadaadafe679547e644236c4f9eacff157bf0d802020d0ad58a9a6cbe3ff8decb76b926575db7ffa15553ba13e08adc12e67,08/09/2025 06:18:00 PM,2,DRIVER,,2029943,,CHRYSLER,CROSSFIRE,IL,2013,NONE,PASSENGER,PERSONAL,S,STRAIGHT AHEAD,,,1,,,,,Y,Y,,,,,,,,,,,,FRONT-RIGHT-CORNER,,,,,,,,,,,,,,,,,,,,,,,,,,,,,,,,,
2129931,47c60769dd4eeb7ae48930e8d385116c0d26c5303a34d797a1e13424297da62b549e1ba719f73c4a8ccd8088c063684573cb6ca908cae197b1159353fa53a9b7,08/09/2025 06:15:00 PM,1,DRIVER,,2030442,,GENERAL MOTORS CORPORATION (GMC),CANYON,IL,2020,UNKNOWN,PICKUP,PERSONAL,NW,STRAIGHT AHEAD,,,1,,,,Y,,,,,,,,,,,,,,FRONT,,,,,,,,,,,,,,,,,,,,,,,,,,,,,,,,,
2129932,47c60769dd4eeb7ae48930e8d385116c0d26c5303a34d797a1e13424297da62b549e1ba719f73c4a8ccd8088c063684573cb6ca908cae197b1159353fa53a9b7,08/09/2025 06:15:00 PM,2,DRIVER,,2030448,,FORD,EXPLORER,IL,2018,NONE,SPORT UTILITY VEHICLE (SUV),PERSONAL,NW,STRAIGHT AHEAD,,,1,,,,,,,,,,Y,,,,,,,,REAR,,,,,,,,,,,,,,,,,,,,,,,,,,,,,,,,,
2125187,72e1c6bbf699f7d015b9be24c9af608373ee956fa4c5d2b29f5763d7a4080e1633242a1a4e4d7f37f920e56b407c764b7c14afa0e7f3c2aad6f487712e4ab725,08/09/2025 06:15:00 PM,1,DRIVER,1,2025949,,ACURA,TLX,GA,2006,UNKNOWN,PASSENGER,PERSONAL,S,STRAIGHT AHEAD,Y,,2,,UNKNOWN,UNKNOWN,,,,,,,,Y,Y,,,,,,SIDE-LEFT-REAR,,,,,,,,,,,,,,,,,,,,,,,,,,,,,,,,,
2125188,72e1c6bbf699f7d015b9be24c9af608373ee956fa4c5d2b29f5763d7a4080e1633242a1a4e4d7f37f920e56b407c764b7c14afa0e7f3c2aad6f487712e4ab725,08/09/2025 06:15:00 PM,2,DRIVER,,2025955,,NISSAN,ROGUE,IL,2017,UNKNOWN,PASSENGER,PERSONAL,W,STRAIGHT AHEAD,,,1,,,,,,,,,,,,,,,,Y,,FRONT,,,,,,,,,,,,,,,,,,,,,,,,,,,,,,,,,
2125145,c1de1459a7bf1d9552d2cb50c9abf92084137b0ffd8f0da440a5ab90bea3e5aad6d1ce0a1e1e6ce4baac18f02cf3ce1cffcba3dde81ba1f42f3be241e5fdf070,08/09/2025 06:15:00 PM,1,DRIVER,,2025904,,TOYOTA,CAMRY,IL,2020,OTHER,PASSENGER,UNKNOWN/NA,E,PASSING/OVERTAKING,,,1,,,,,,,,,,,,,,,,,Y,SIDE-LEFT,,,,,,,,,,,,,,,,,,,,,,,,,,,,,,,,,
2125146,c1de1459a7bf1d9552d2cb50c9abf92084137b0ffd8f0da440a5ab90bea3e5aad6d1ce0a1e1e6ce4baac18f02cf3ce1cffcba3dde81ba1f42f3be241e5fdf070,08/09/2025 06:15:00 PM,2,DRIVER,,2025909,,BUICK,ENCLAVE,IL,2019,NONE,PASSENGER,PERSONAL,E,STRAIGHT AHEAD,,,1,,,,,,Y,Y,Y,,,,,,,,,,SIDE-RIGHT,,,,,,,,,,,,,,,,,,,,,,,,,,,,,,,,,
2125674,d79f61ff477e252ce0951860387304622c11e36d4f0a10d8cf05a55f3be09e402f709fa8c332e47983a6be9725a3930a292975a375199bc848409ffa871d5544,08/09/2025 06:08:00 PM,1,DRIVER,,2026397,,UNKNOWN,ENCLOSED BODY,IL,,UNKNOWN,PASSENGER,UNKNOWN/NA,SE,TURNING LEFT,,,1,,,,,Y,Y,,,,,,,,,,Y,,SIDE-RIGHT-FRONT,,,,,,,,,,,,,,,,,,,,,,,,,,,,,,,,,
2125675,d79f61ff477e252ce0951860387304622c11e36d4f0a10d8cf05a55f3be09e402f709fa8c332e47983a6be9725a3930a292975a375199bc848409ffa871d5544,08/09/2025 06:08:00 PM,2,DRIVER,,2026403,,MERCEDES-BENZ,E300,IL,2018,UNKNOWN,PASSENGER,PERSONAL,NW,TURNING RIGHT,,,1,,,,,Y,Y,,,,,,,,,,Y,,SIDE-RIGHT-FRONT,,,,,,,,,,,,,,,,,,,,,,,,,,,,,,,,,
2125203,1bccd556e13e38127179a10eb5c389afae0ce3c3f1e244838754291dc5ba26b90d4ed38b55b292afef886dafe5026f67c99d8cf57ceb95aa54874affb8cd4690,08/09/2025 06:02:00 PM,1,DRIVER,,2025969,,MASERATI,GHIBLI,TN,2022,UNKNOWN,PASSENGER,UNKNOWN/NA,S,TURNING RIGHT,,,1,,,,Y,,,,,,,,,,,,,,NONE,,,,,,,,,,,,,,,,,,,,,,,,,,,,,,,,,
2125204,1bccd556e13e38127179a10eb5c389afae0ce3c3f1e244838754291dc5ba26b90d4ed38b55b292afef886dafe5026f67c99d8cf57ceb95aa54874affb8cd4690,08/09/2025 06:02:00 PM,2,DRIVER,,2025970,,FORD,TAURUS,IL,2005,UNKNOWN,PASSENGER,UNKNOWN/NA,S,STRAIGHT AHEAD,,,1,,,,,Y,Y,,,,,,,,,,Y,,FRONT-RIGHT-CORNER,,,,,,,,,,,,,,,,,,,,,,,,,,,,,,,,,
2125205,1bccd556e13e38127179a10eb5c389afae0ce3c3f1e244838754291dc5ba26b90d4ed38b55b292afef886dafe5026f67c99d8cf57ceb95aa54874affb8cd4690,08/09/2025 06:02:00 PM,3,DRIVER,1,2025975,,LINCOLN,AVIATOR,IL,2023,UNKNOWN,PASSENGER,UNKNOWN/NA,S,STRAIGHT AHEAD,,,2,,,,,,,,,,Y,Y,Y,,,,,,REAR-LEFT-CORNER,,,,,,,,,,,,,,,,,,,,,,,,,,,,,,,,,
2125141,31e4fbbfbe369645ae52c9e4c66c66a006f407d53a39dcc69ee9c14ae6c4dc9bc6c95de0e1aabbb57d26ddbcd1e3d0497e1d4537eaf90e13f7c034b03a1097c6,08/09/2025 05:58:00 PM,1,DRIVER,,2025899,,UNKNOWN,MOTORIZED,,,UNKNOWN,UNKNOWN/NA,UNKNOWN/NA,UNKNOWN,UNKNOWN/NA,,,1,,,,,,,,,,,,,,,,,Y,UNKNOWN,,,,,,,,,,,,,,,,,,,,,,,,,,,,,,,,,
2125142,31e4fbbfbe369645ae52c9e4c66c66a006f407d53a39dcc69ee9c14ae6c4dc9bc6c95de0e1aabbb57d26ddbcd1e3d0497e1d4537eaf90e13f7c034b03a1097c6,08/09/2025 05:58:00 PM,2,PARKED,,2025902,,NISSAN,ALTIMA,IL,2021,NONE,PASSENGER,PERSONAL,NW,PARKED,,,0,,,,,,,,,Y,Y,Y,Y,,,,,N,REAR,,,,,,,,,,,,,,,,,,,,,,,,,,,,,,,,,
2125130,7ab5bbdc366a9dfa9794c55d7453f1c1da74ffe6d222ccab51f8b5846a2737cc5677eb07301e8cf60a073f925d3231cf188c603432b118d127d35beed07c2b40,08/09/2025 05:54:00 PM,1,DRIVER,,2025893,,GENERAL MOTORS CORPORATION (GMC),YUKON,IL,2003,NONE,SPORT UTILITY VEHICLE (SUV),PERSONAL,S,STRAIGHT AHEAD,,,1,,,,,Y,,,,,,,,,,,Y,,FRONT-RIGHT-CORNER,,,,,,,,,,,,,,,,,,,,,,,,,,,,,,,,,
2125131,7ab5bbdc366a9dfa9794c55d7453f1c1da74ffe6d222ccab51f8b5846a2737cc5677eb07301e8cf60a073f925d3231cf188c603432b118d127d35beed07c2b40,08/09/2025 05:54:00 PM,2,DRIVER,,2025890,,HYUNDAI,PALISADE,IL,2024,NONE,SPORT UTILITY VEHICLE (SUV),PERSONAL,S,SLOW/STOP IN TRAFFIC,,,1,,,,,,,,,Y,Y,Y,N,,,,,,REAR,,,,,,,,,,,,,,,,,,,,,,,,,,,,,,,,,
2125143,4c725b5132afef6fab0c16b0a6042b69ecec6206df2f6eb2fa14340a9eb321eb58f7e79429d154b3035f8d5310fc5d9cfec0c6eee20d5b90fa29ddc4723533e4,08/09/2025 05:53:00 PM,1,DRIVER,,2025905,,UNKNOWN,OTHER (EXPLAIN IN NARRATIVE),IL,,UNKNOWN,PICKUP,UNKNOWN/NA,N,STRAIGHT AHEAD,,,1,,,,,,,,,,,,,,,,,Y,FRONT,,,,,,,,,,,,,,,,,,,,,,,,,,,,,,,,,
2125144,4c725b5132afef6fab0c16b0a6042b69ecec6206df2f6eb2fa14340a9eb321eb58f7e79429d154b3035f8d5310fc5d9cfec0c6eee20d5b90fa29ddc4723533e4,08/09/2025 05:53:00 PM,2,DRIVER,,2025911,,KIA,SEDONA,IL,2011,NONE,VAN/MINI-VAN,PERSONAL,N,STARTING IN TRAFFIC,,,1,,,,,,,,Y,Y,Y,Y,Y,,,,,,REAR,,,,,,,,,,,,,,,,,,,,,,,,,,,,,,,,,
2125116,8161a1205ac19ad4f4fddf8ad427129576d3c8a47ffc20727d675ea9e0ba74ec7de9c66027d44fe8f6a556a6e1aac17db9dde2d16b977b05c761933bdbd51e87,08/09/2025 05:52:00 PM,1,DRIVER,1,2025876,,HONDA,ACCORD,IL,2017,NONE,PASSENGER,PERSONAL,S,TURNING LEFT,Y,,2,,private tow,private garage,,Y,N,,,,,,,,,,,,FRONT-RIGHT-CORNER,,,,,,,,,,,,,,,,,,,,,,,,,,,,,,,,,
2125117,8161a1205ac19ad4f4fddf8ad427129576d3c8a47ffc20727d675ea9e0ba74ec7de9c66027d44fe8f6a556a6e1aac17db9dde2d16b977b05c761933bdbd51e87,08/09/2025 05:52:00 PM,2,DRIVER,,2025887,,NEW FLYER,D40LF,IL,2006,NONE,BUS OVER 15 PASS.,CTA,S,TURNING LEFT,,,1,,,,,,,,,,,Y,,,,,,,SIDE-LEFT-FRONT,,,,,,,,,,,,,,,,,,,,,,,,,,,,,,,,,
2125156,320922854c2b011a7094f66f474e9e30f66aa6daae20b05847f952f04a5b09d5f0e85bc3e08dc771cf12eadc326b66093ed6c2aa545d6bfdb9f2d7cd3ded493c,08/09/2025 05:50:00 PM,1,DRIVER,1,2025920,,INFINITI,OTHER (EXPLAIN IN NARRATIVE),IL,2010,UNKNOWN,UNKNOWN/NA,UNKNOWN/NA,UNKNOWN,UNKNOWN/NA,,,2,,,,,,,,,,,,,,,,Y,,FRONT,,,,,,,,,,,,,,,,,,,,,,,,,,,,,,,,,
2125157,320922854c2b011a7094f66f474e9e30f66aa6daae20b05847f952f04a5b09d5f0e85bc3e08dc771cf12eadc326b66093ed6c2aa545d6bfdb9f2d7cd3ded493c,08/09/2025 05:50:00 PM,2,DRIVER,1,2025925,,CHEVROLET,MALIBU,IL,2014,UNKNOWN,UNKNOWN/NA,UNKNOWN/NA,UNKNOWN,UNKNOWN/NA,,,2,,,,,,,,,Y,Y,,,,,,,,REAR,,,,,,,,,,,,,,,,,,,,,,,,,,,,,,,,,
2125149,fb670e5ed1e24bb56779896895070b77c3326d3219793da1e2b48359e0ecbf46387a915e0b8005da49f968c2095f30546366920dd4df785c306fc49e9ebe7970,08/09/2025 05:45:00 PM,1,DRIVER,,2025908,,DODGE,OTHER (EXPLAIN IN NARRATIVE),IL,,NONE,VAN/MINI-VAN,PERSONAL,W,LEAVING TRAFFIC LANE TO PARK,,,1,,,,,,,,,,,,,,,,,Y,UNKNOWN,,,,,,,,,,,,,,,,,,,,,,,,,,,,,,,,,
2125150,fb670e5ed1e24bb56779896895070b77c3326d3219793da1e2b48359e0ecbf46387a915e0b8005da49f968c2095f30546366920dd4df785c306fc49e9ebe7970,08/09/2025 05:45:00 PM,2,PARKED,,2025915,,FORD,FOCUS,IL,2015,NONE,PASSENGER,PERSONAL,UNKNOWN,PARKED,,,0,,,,,,,,,,,,,,Y,Y,,,FRONT-LEFT-CORNER,,,,,,,,,,,,,,,,,,,,,,,,,,,,,,,,,
2126189,172a108cccbcc0d0c2d13f5c5e10603f34c28a0f9df753ce484bcf33bdc109fc7d6c7cc1b257f15f0df82a403d854d0ef00901cb2772767ecc49e0ac522329f9,08/09/2025 05:30:00 PM,1,DRIVER,1,2026903,,CHEVROLET,MALIBU,,2020,NONE,PASSENGER,PERSONAL,S,MERGING,,,2,,,,,Y,,,,,,,,,Y,Y,Y,,TOTAL (ALL AREAS),,,,,,,,,,,,,,,,,,,,,,,,,,,,,,,,,
2126190,172a108cccbcc0d0c2d13f5c5e10603f34c28a0f9df753ce484bcf33bdc109fc7d6c7cc1b257f15f0df82a403d854d0ef00901cb2772767ecc49e0ac522329f9,08/09/2025 05:30:00 PM,2,DRIVER,1,2026910,,TOYOTA,COROLLA,NY,2016,NONE,PASSENGER,PERSONAL,S,SLOW/STOP IN TRAFFIC,,,2,,,,,Y,Y,Y,,,,,,,,,Y,,TOTAL (ALL AREAS),,,,,,,,,,,,,,,,,,,,,,,,,,,,,,,,,
2125120,44e96ceb29bd3bc70ee02fcc566be9383b6b974ec1942267d5359c48a6e500abc0629eebdd63fc0dc1544fee5117dcb65e505a3ebd630ca62bc1d0e69734f635,08/09/2025 05:30:00 PM,1,DRIVER,1,2025878,,BUICK,ENCORE,IL,2025,NONE,PASSENGER,PERSONAL,S,STRAIGHT AHEAD,,,2,,,,,Y,,,,,,,,,,Y,Y,,FRONT,,,,,,,,,,,,,,,,,,,,,,,,,,,,,,,,,
2125121,44e96ceb29bd3bc70ee02fcc566be9383b6b974ec1942267d5359c48a6e500abc0629eebdd63fc0dc1544fee5117dcb65e505a3ebd630ca62bc1d0e69734f635,08/09/2025 05:30:00 PM,2,DRIVER,,2025895,,MAZDA,CX-30,TX,2025,NONE,PASSENGER,PERSONAL,S,STRAIGHT AHEAD,,,1,,,,,,,,,Y,Y,Y,,,,,,,REAR,,,,,,,,,,,,,,,,,,,,,,,,,,,,,,,,,
2125170,eee3a4ed8353059178c8c1cc565c39c025c30e8a4a063d84fae637b1b4a4c402534905701b85b0725c32b9dfe1cd5295310a1ce603e6b2c8c0b352914c6a2698,08/09/2025 05:09:00 PM,1,DRIVER,,2025929,,KAWASAKI,MOTORCYCLE,XX,2016,UNKNOWN,MOTORCYCLE (OVER 150CC),PERSONAL,UNKNOWN,OTHER,,,1,,,,,,,,,,,,,Y,Y,,,,SIDE-LEFT,,,,,,,,,,,,,,,,,,,,,,,,,,,,,,,,,
2125107,f1174509f65768ad27388e4b801b2dd0f8dcee9d8a17d109d5689abea92f6473c8839108b2e13fa689d05bad284ae05f576d66b4d69b8c40ff71816a55b41d50,08/09/2025 05:09:00 PM,1,DRIVER,1,2025870,,HONDA,CIVIC,IL,2023,UNKNOWN,PASSENGER,PERSONAL,E,TURNING RIGHT,,,2,,,,,,,,Y,Y,,,,,,,,,SIDE-RIGHT-REAR,,,,,,,,,,,,,,,,,,,,,,,,,,,,,,,,,
2125108,f1174509f65768ad27388e4b801b2dd0f8dcee9d8a17d109d5689abea92f6473c8839108b2e13fa689d05bad284ae05f576d66b4d69b8c40ff71816a55b41d50,08/09/2025 05:09:00 PM,2,DRIVER,,2025879,,NOVA BUS,LFS,IL,2023,UNKNOWN,BUS OVER 15 PASS.,CTA,E,STRAIGHT AHEAD,,,1,,,,,,,,,,,,,,,Y,,,SIDE-LEFT-FRONT,,,,,,,,,,,,,,,,,,,,,,,,,,,,,,,,,
2125153,b836e660316e46d94784cab0f9465cee72a9c1090303d0d517396ff1d69665f367d5de4e6e565b9d3e4cfcac675bdb1d040c015c297640ab4a8b5112bd64c553,08/09/2025 05:05:00 PM,1,DRIVER,1,2025906,,CHEVROLET,TRAX,IL,2024,UNKNOWN,SPORT UTILITY VEHICLE (SUV),PERSONAL,E,CHANGING LANES,,,2,,,,,,,,,,,,,,Y,Y,,,SIDE-LEFT,,,,,,,,,,,,,,,,,,,,,,,,,,,,,,,,,
2125164,b836e660316e46d94784cab0f9465cee72a9c1090303d0d517396ff1d69665f367d5de4e6e565b9d3e4cfcac675bdb1d040c015c297640ab4a8b5112bd64c553,08/09/2025 05:05:00 PM,2,DRIVER,,2025921,,CHEVROLET,EQUINOX,IL,2015,UNKNOWN,SPORT UTILITY VEHICLE (SUV),PERSONAL,E,STRAIGHT AHEAD,,,1,,,,,,,Y,Y,,,,,,,,,,SIDE-RIGHT,,,,,,,,,,,,,,,,,,,,,,,,,,,,,,,,,
2125174,06d4a193f16f01aabacbdea9bbc8ea3df05fc8e6f4864aade12764d740f04721655a146639c06df8d930dd6bbd3dcfcfe7aebabbda2199449c2eaf47fcf8299a,08/09/2025 05:00:00 PM,1,DRIVER,,2025934,,TOYOTA,SIENNA,IL,2025,UNKNOWN,PASSENGER,PERSONAL,S,U-TURN,,,1,,,,,Y,Y,,,,,,,,,,Y,Y,FRONT-RIGHT-CORNER,,,,,,,,,,,,,,,,,,,,,,,,,,,,,,,,,
2125175,06d4a193f16f01aabacbdea9bbc8ea3df05fc8e6f4864aade12764d740f04721655a146639c06df8d930dd6bbd3dcfcfe7aebabbda2199449c2eaf47fcf8299a,08/09/2025 05:00:00 PM,2,DRIVER,,2025944,,TOYOTA,CAMRY,IL,2012,UNKNOWN,PASSENGER,PERSONAL,N,STRAIGHT AHEAD,,,1,,,,,,,,,,,Y,Y,,,,,Y,SIDE-LEFT-REAR,,,,,,,,,,,,,,,,,,,,,,,,,,,,,,,,,
2125138,1c1689eb6aff519bb0987e5de2f4ba173130a55a8c6f022a2f80c2fcc82da11dc6f4e20821988d48b36953b52a72cb1396b831c7971cd9d0fa77e387d5768b9b,08/09/2025 05:00:00 PM,1,DRIVER,,2025894,,UNKNOWN,OTHER (EXPLAIN IN NARRATIVE),IL,,UNKNOWN,UNKNOWN/NA,UNKNOWN/NA,W,STRAIGHT AHEAD,,,1,,,,,,,,,,,,,,,,,,UNKNOWN,,,,,,,,,,,,,,,,,,,,,,,,,,,,,,,,,
2125139,1c1689eb6aff519bb0987e5de2f4ba173130a55a8c6f022a2f80c2fcc82da11dc6f4e20821988d48b36953b52a72cb1396b831c7971cd9d0fa77e387d5768b9b,08/09/2025 05:00:00 PM,2,DRIVER,,2025903,,FORD,OTHER (EXPLAIN IN NARRATIVE),IL,1990,NONE,PASSENGER,PERSONAL,S,STRAIGHT AHEAD,Y,,1,,owner,owner,,Y,Y,Y,,,,,,Y,Y,Y,Y,,FRONT,,,,,,,,,,,,,,,,,,,,,,,,,,,,,,,,,
2125485,a1c24f2e9028c744ef8ee048da1fbcb223a15e1780a73bd8d9df1df20a14741ece31a015d7932d2c44b351ce6bf5c25016b43ed75c0203bb0eb90cee35d4a168,08/09/2025 05:00:00 PM,1,DRIVER,,2026224,,SUBARU,CROSSTREK,IL,2023,UNKNOWN,PASSENGER,PERSONAL,W,STRAIGHT AHEAD,,,1,,,,,Y,Y,,,,,,,,,,Y,,FRONT-RIGHT-CORNER,,,,,,,,,,,,,,,,,,,,,,,,,,,,,,,,,
2125486,a1c24f2e9028c744ef8ee048da1fbcb223a15e1780a73bd8d9df1df20a14741ece31a015d7932d2c44b351ce6bf5c25016b43ed75c0203bb0eb90cee35d4a168,08/09/2025 05:00:00 PM,2,PARKED,,2026228,,HONDA,PILOT,IL,2003,NONE,PASSENGER,NOT IN USE,W,PARKED,Y,,0,,,,,,,,,,,Y,Y,,,,,,REAR-LEFT-CORNER,,,,,,,,,,,,,,,,,,,,,,,,,,,,,,,,,
2125487,a1c24f2e9028c744ef8ee048da1fbcb223a15e1780a73bd8d9df1df20a14741ece31a015d7932d2c44b351ce6bf5c25016b43ed75c0203bb0eb90cee35d4a168,08/09/2025 05:00:00 PM,3,PARKED,,2026230,,DODGE,CHARGER,IL,2018,NONE,PASSENGER,PERSONAL,W,PARKED,,,0,,,,,,,,,,,Y,Y,,,,,,REAR-LEFT-CORNER,,,,,,,,,,,,,,,,,,,,,,,,,,,,,,,,,
2125136,b3d4f896c19b3233f952113440cec59955d5070e82195025f865035d2e8c563a64faaa51e0eba06b72aee56c7fb56bde23a1285ecf176962feacd7835311ee07,08/09/2025 05:00:00 PM,1,DRIVER,,2025897,,TOYOTA,CAMRY,IL,2007,NONE,PASSENGER,PERSONAL,W,ENTERING TRAFFIC LANE FROM PARKING,,,1,,,,,,,,,,,,,,,Y,Y,,SIDE-LEFT-FRONT,,,,,,,,,,,,,,,,,,,,,,,,,,,,,,,,,
2125137,b3d4f896c19b3233f952113440cec59955d5070e82195025f865035d2e8c563a64faaa51e0eba06b72aee56c7fb56bde23a1285ecf176962feacd7835311ee07,08/09/2025 05:00:00 PM,2,DRIVER,,2025910,,SATURN,VUE,IL,2008,NONE,SPORT UTILITY VEHICLE (SUV),PERSONAL,W,STRAIGHT AHEAD,,,1,,,,,,,,,,Y,Y,,,,,,,REAR-RIGHT-CORNER,,,,,,,,,,,,,,,,,,,,,,,,,,,,,,,,,
2125128,df52f2319814d41a876619781727e03474b97db413c6adadd8316f6296365e554ea2eea25ff7d71c6e218807194671db448fddb3d4f8f2b99d1f0bfe274269b9,08/09/2025 05:00:00 PM,1,DRIVER,,2025888,,KIA,SORENTO,,2020,NONE,PASSENGER,PERSONAL,E,BACKING,,,1,,,,,,,,,,Y,,,,,,,,REAR,,,,,,,,,,,,,,,,,,,,,,,,,,,,,,,,,
2125129,df52f2319814d41a876619781727e03474b97db413c6adadd8316f6296365e554ea2eea25ff7d71c6e218807194671db448fddb3d4f8f2b99d1f0bfe274269b9,08/09/2025 05:00:00 PM,2,PEDESTRIAN,,,,,,,,,,,,,,,,,,,,,,,,,,,,,,,,,,,,,,,,,,,,,,,,,,,,,,,,,,,,,,,,,,
2125706,e93024f9f8e2debd9f6b746fd9014c9c10be16c8fd86481c7418d18ae1635b39fa05516a9f8e635f39008df26bf196c02d47ae1fdaa31874e8c23e5998534274,08/09/2025 05:00:00 PM,1,DRIVER,,2026428,,UNKNOWN,OTHER (EXPLAIN IN NARRATIVE),,,UNKNOWN,UNKNOWN/NA,UNKNOWN/NA,UNKNOWN,UNKNOWN/NA,,,1,,,,,,,,,,,,,,,,,Y,UNKNOWN,,,,,,,,,,,,,,,,,,,,,,,,,,,,,,,,,
2125707,e93024f9f8e2debd9f6b746fd9014c9c10be16c8fd86481c7418d18ae1635b39fa05516a9f8e635f39008df26bf196c02d47ae1fdaa31874e8c23e5998534274,08/09/2025 05:00:00 PM,2,PARKED,,2026430,,BUICK,REGAL,IL,2015,NONE,PASSENGER,PERSONAL,S,PARKED,,,0,,,,,,,,,,,Y,Y,Y,Y,Y,,,UNKNOWN,,,,,,,,,,,,,,,,,,,,,,,,,,,,,,,,,
2125134,78921bc74e2030b3a241bdf220bd1731c64bc914349b4a66afa749fcbe011f9f961bd54e93c6a7c4ab2523b055ffcf50d7a19b59887b979dab6a5809e772c790,08/09/2025 04:57:00 PM,1,DRIVER,,2025914,,"(HOMEMADE MOTORCYCLE, MOPED.ETC.)","(HOMEMADE MOTORCYCLE, MOPED.ETC.)",IL,,UNKNOWN,UNKNOWN/NA,PERSONAL,E,STRAIGHT AHEAD,,,1,,,,,Y,Y,Y,Y,,,,Y,Y,Y,Y,Y,,FRONT,,,,,,,,,,,,,,,,,,,,,,,,,,,,,,,,,
2125135,78921bc74e2030b3a241bdf220bd1731c64bc914349b4a66afa749fcbe011f9f961bd54e93c6a7c4ab2523b055ffcf50d7a19b59887b979dab6a5809e772c790,08/09/2025 04:57:00 PM,2,DRIVER,,2025891,,HONDA,CR-V,IL,2012,NONE,PASSENGER,PERSONAL,E,TURNING RIGHT,,,1,,,,,Y,,,,,,,,,,,,,FRONT-RIGHT-CORNER,,,,,,,,,,,,,,,,,,,,,,,,,,,,,,,,,
2125140,78921bc74e2030b3a241bdf220bd1731c64bc914349b4a66afa749fcbe011f9f961bd54e93c6a7c4ab2523b055ffcf50d7a19b59887b979dab6a5809e772c790,08/09/2025 04:57:00 PM,3,PEDESTRIAN,,,,,,,,,,,,,,,,,,,,,,,,,,,,,,,,,,,,,,,,,,,,,,,,,,,,,,,,,,,,,,,,,,
2125758,88e5cb9faedde6eb0eca18a1ce6a5d662ef13fce960bdd15467f24eaf6be749b7c18f6f457a5a886935db2417f0c4b79ea98153ad8b3c44cc0c51295db5f71b7,08/09/2025 04:50:00 PM,1,DRIVER,,2026486,,HYUNDAI,OTHER (EXPLAIN IN NARRATIVE),IL,2020,NONE,SPORT UTILITY VEHICLE (SUV),PERSONAL,W,BACKING,,,1,,,,,,,,,,,,Y,Y,Y,,,,SIDE-LEFT,,,,,,,,,,,,,,,,,,,,,,,,,,,,,,,,,
2125759,88e5cb9faedde6eb0eca18a1ce6a5d662ef13fce960bdd15467f24eaf6be749b7c18f6f457a5a886935db2417f0c4b79ea98153ad8b3c44cc0c51295db5f71b7,08/09/2025 04:50:00 PM,2,PARKED,1,2026488,,CHEVROLET,COLORADO,IL,2006,NONE,PICKUP,PERSONAL,E,PARKED,,,1,,,,,,,,,,,Y,,,,,,,REAR-LEFT-CORNER,,,,,,,,,,,,,,,,,,,,,,,,,,,,,,,,,