CRASH_UNIT_ID,CRASH_RECORD_ID,CRASH_DATE,UNIT_NO,UNIT_TYPE,NUM_PASSENGERS,VEHICLE_ID,CMRC_VEH_I,MAKE,MODEL,LIC_PLATE_STATE,VEHICLE_YEAR,VEHICLE_DEFECT,VEHICLE_TYPE,VEHICLE_USE,TRAVEL_DIRECTION,MANEUVER,TOWED_I,FIRE_I,OCCUPANT_CNT,EXCEED_SPEED_LIMIT_I,TOWED_BY,TOWED_TO,AREA_00_I,AREA_01_I,AREA_02_I,AREA_03_I,AREA_04_I,AREA_05_I,AREA_06_I,AREA_07_I,AREA_08_I,AREA_09_I,AREA_10_I,AREA_11_I,AREA_12_I,AREA_99_I,FIRST_CONTACT_POINT,CMV_ID,USDOT_NO,CCMC_NO,ILCC_NO,COMMERCIAL_SRC,GVWR,CARRIER_NAME,CARRIER_STATE,CARRIER_CITY,HAZMAT_PLACARDS_I,HAZMAT_NAME,UN_NO,HAZMAT_PRESENT_I,HAZMAT_REPORT_I,HAZMAT_REPORT_NO,MCS_REPORT_I,MCS_REPORT_NO,HAZMAT_VIO_CAUSE_CRASH_I,MCS_VIO_CAUSE_CRASH_I,IDOT_PERMIT_NO,WIDE_LOAD_I,TRAILER1_WIDTH,TRAILER2_WIDTH,TRAILER1_LENGTH,TRAILER2_LENGTH,TOTAL_VEHICLE_LENGTH,AXLE_CNT,VEHICLE_CONFIG,CARGO_BODY_TYPE,LOAD_TYPE,HAZMAT_OUT_OF_SERVICE_I,MCS_OUT_OF_SERVICE_I,HAZMAT_CLASS
2125112,27e8838fbd3861e97ff5cb43e3cbe6164f810871d9701b7b5dcd48029eeb1a0cbef4b8df689258883014fd35bdbdf4c64dbe866edb774c74b9b3e07e7b9ebc8b,08/09/2025 04:47:00 PM,1,DRIVER,,2025871,,AUDI,Q5,IL,2025,NONE,PASSENGER,PERSONAL,N,CHANGING LANES,,,1,,,,,,,,,,,,,,,Y,,,FRONT-LEFT-CORNER,,,,,,,,,,,,,,,,,,,,,,,,,,,,,,,,,
2125113,27e8838fbd3861e97ff5cb43e3cbe6164f810871d9701b7b5dcd48029eeb1a0cbef4b8df689258883014fd35bdbdf4c64dbe866edb774c74b9b3e07e7b9ebc8b,08/09/2025 04:47:00 PM,2,DRIVER,3,2025881,,DODGE,RAM 2500 PU,GA,2024,NONE,PICKUP,PERSONAL,N,STRAIGHT AHEAD,,,4,,,,,,Y,Y,Y,,,,,,,,,,FRONT-RIGHT-CORNER,,,,,,,,,,,,,,,,,,,,,,,,,,,,,,,,,
2125079,ff76a31fe79703d6508ecf6db9398f28721a0b717a40e5050de27142f2f59bd7c62fe18af71f9daa65b35d990eca162ebe67ba5f093d0414d99b359514fe9a6d,08/09/2025 04:47:00 PM,1,DRIVER,,2025845,,BUICK,RENDEZVOUS,IL,2007,OTHER,SPORT UTILITY VEHICLE (SUV),PERSONAL,E,STRAIGHT AHEAD,Y,,1,,,,,,,,,,,,,,Y,Y,Y,,FRONT-LEFT-CORNER,,,,,,,,,,,,,,,,,,,,,,,,,,,,,,,,,
2125080,ff76a31fe79703d6508ecf6db9398f28721a0b717a40e5050de27142f2f59bd7c62fe18af71f9daa65b35d990eca162ebe67ba5f093d0414d99b359514fe9a6d,08/09/2025 04:47:00 PM,2,DRIVER,,2025853,,DODGE,CHALLENGER,IL,2015,OTHER,PASSENGER,NOT IN USE,E,OTHER,,,1,,,,,,,,Y,Y,Y,,,,,,,,REAR-RIGHT-CORNER,,,,,,,,,,,,,,,,,,,,,,,,,,,,,,,,,
2125060,c5dd004c34bfb951af7266ac9aab0d3e205f00ecd5393f491fe85d821a03f3622bbfc9c89e036980d80598b51585e313426ac8ba22a3e903c61b9963826fe6d2,08/09/2025 04:35:00 PM,1,DRIVER,,2025830,,CHEVROLET,OTHER (EXPLAIN IN NARRATIVE),IL,2004,UNKNOWN,PASSENGER,PERSONAL,S,BACKING,,,1,,,,,,,,,Y,Y,Y,,,,,,,REAR-LEFT-CORNER,,,,,,,,,,,,,,,,,,,,,,,,,,,,,,,,,
2125061,c5dd004c34bfb951af7266ac9aab0d3e205f00ecd5393f491fe85d821a03f3622bbfc9c89e036980d80598b51585e313426ac8ba22a3e903c61b9963826fe6d2,08/09/2025 04:35:00 PM,2,DRIVER,,2025838,,CHEVROLET,OTHER (EXPLAIN IN NARRATIVE),IL,2015,UNKNOWN,PASSENGER,PERSONAL,W,SLOW/STOP IN TRAFFIC,,,1,,,,,,,,,Y,Y,N,,,,Y,,,UNKNOWN,,,,,,,,,,,,,,,,,,,,,,,,,,,,,,,,,
2125094,2ffcbe0fe97ad086b324b6a0c6b7a4f4737d02d58c100d3b8fe93991f9e317eb3e4ce6575dbd35c40c2b98775034cbedf68852e7c35be7914f9ba438aea495a9,08/09/2025 04:32:00 PM,1,DRIVER,,2025854,,UNKNOWN,OTHER (EXPLAIN IN NARRATIVE),,,UNKNOWN,PASSENGER,UNKNOWN/NA,S,ENTER FROM DRIVE/ALLEY,,,1,,,,,,,,,,,,,,,,,Y,UNKNOWN,,,,,,,,,,,,,,,,,,,,,,,,,,,,,,,,,
2125095,2ffcbe0fe97ad086b324b6a0c6b7a4f4737d02d58c100d3b8fe93991f9e317eb3e4ce6575dbd35c40c2b98775034cbedf68852e7c35be7914f9ba438aea495a9,08/09/2025 04:32:00 PM,2,DRIVER,,2025860,Y,NOVA BUS,OTHER (EXPLAIN IN NARRATIVE),IL,2023,UNKNOWN,BUS OVER 15 PASS.,CTA,W,OTHER,,,1,,,,,,,,,,Y,,,,,,,,REAR,"21,964",,,,DRIVER,3,CHICAGO TRANSIT AUTHORITY,IL,CHICAGO,,,,N,N,,U,,N,N,,,,,,,,,BUS,BUS,OTHER,N,N,
2125038,02f41875f9d134a2a0fda15b2faa7e5fda6a9ae836d74c51445debf6e30311aa1468b375c169e0b5bda1075f8517f46f262680d09005489092a1e7d9b239368f,08/09/2025 04:30:00 PM,1,DRIVER,,2025797,,CHEVROLET,TAHOE,IL,2007,UNKNOWN,SPORT UTILITY VEHICLE (SUV),PERSONAL,N,OTHER,,,1,,,,,Y,,,,,,,,,,,Y,,FRONT-RIGHT-CORNER,,,,,,,,,,,,,,,,,,,,,,,,,,,,,,,,,
2125039,02f41875f9d134a2a0fda15b2faa7e5fda6a9ae836d74c51445debf6e30311aa1468b375c169e0b5bda1075f8517f46f262680d09005489092a1e7d9b239368f,08/09/2025 04:30:00 PM,2,DRIVER,,2025803,,NISSAN,ROGUE,IL,2013,UNKNOWN,SPORT UTILITY VEHICLE (SUV),PERSONAL,N,STRAIGHT AHEAD,,,1,,,,,,,,,,Y,Y,Y,,,,,,REAR-LEFT-CORNER,,,,,,,,,,,,,,,,,,,,,,,,,,,,,,,,,
2125919,468d7541f935c57afede50a8452bbc1b01122631f38cfcf5f5e5b8bb4aeff9471ad47fc888e694cd7e62ac829469ebc1a88a1b9c4ca08249976406ff18ca120a,08/09/2025 04:30:00 PM,1,DRIVER,,2026643,,UNKNOWN,MOTORIZED,IL,,UNKNOWN,SINGLE UNIT TRUCK WITH TRAILER,TOW TRUCK,UNKNOWN,STRAIGHT AHEAD,,,1,,,,,,,,,,,,,,,,,Y,UNKNOWN,,,,,,,,,,,,,,,,,,,,,,,,,,,,,,,,,
2125920,468d7541f935c57afede50a8452bbc1b01122631f38cfcf5f5e5b8bb4aeff9471ad47fc888e694cd7e62ac829469ebc1a88a1b9c4ca08249976406ff18ca120a,08/09/2025 04:30:00 PM,2,DRIVER,,2026649,,FORD,EDGE,IL,2011,NONE,SPORT UTILITY VEHICLE (SUV),DRIVER EDUCATION,UNKNOWN,PASSING/OVERTAKING,,,1,,,,,Y,Y,Y,Y,Y,,,,,,,,,SIDE-RIGHT,,,,,,,,,,,,,,,,,,,,,,,,,,,,,,,,,
2125051,607a84bf0cb8579329a8b1fcb51dbaa13f58b487a4cf1972a9b86ba8dd988b49189e62cf014b48d3c4b6c644376f49d5cf296ba7d4f998801725ba21fd50514c,08/09/2025 04:30:00 PM,1,DRIVER,,2025812,,UNKNOWN,OTHER (EXPLAIN IN NARRATIVE),,,UNKNOWN,UNKNOWN/NA,UNKNOWN/NA,W,UNKNOWN/NA,,,1,,,,,N,,,,,,,,,,,,Y,UNKNOWN,,,,,,,,,,,,,,,,,,,,,,,,,,,,,,,,,
2125052,607a84bf0cb8579329a8b1fcb51dbaa13f58b487a4cf1972a9b86ba8dd988b49189e62cf014b48d3c4b6c644376f49d5cf296ba7d4f998801725ba21fd50514c,08/09/2025 04:30:00 PM,2,PARKED,,2025817,,CHEVROLET,BLAZER,IL,2024,NONE,PASSENGER,PERSONAL,W,PARKED,,,0,,,,,,,,,,,Y,,,,,,,SIDE-LEFT-REAR,,,,,,,,,,,,,,,,,,,,,,,,,,,,,,,,,
2125098,6d4623dad45f0984d9fd0bf82c5f01744cf0750d9bec843a5dcea278774169ebd01e5a0c0debfc763af4ef965af20a6eca61ae7d48f3947eda1546f05c592176,08/09/2025 04:30:00 PM,1,DRIVER,1,2025859,,FORD,OTHER (EXPLAIN IN NARRATIVE),IL,2003,UNKNOWN,PASSENGER,PERSONAL,E,UNKNOWN/NA,,,2,,,,,,,,,,,,,,Y,,,,FRONT-LEFT-CORNER,,,,,,,,,,,,,,,,,,,,,,,,,,,,,,,,,
2125099,6d4623dad45f0984d9fd0bf82c5f01744cf0750d9bec843a5dcea278774169ebd01e5a0c0debfc763af4ef965af20a6eca61ae7d48f3947eda1546f05c592176,08/09/2025 04:30:00 PM,2,DRIVER,,2025873,,MAZDA,CX-9,IL,2021,UNKNOWN,PASSENGER,PERSONAL,E,STRAIGHT AHEAD,,,1,,,,,Y,Y,Y,Y,,,,,,,,,,SIDE-RIGHT,,,,,,,,,,,,,,,,,,,,,,,,,,,,,,,,,
2128699,a614f5bd59aa0153b8704890a379442c4573ad9ffda0adfd97f2879a8d95664cc6f60a99aed13d4a10d074faaac6517a0b5e4e1d14cb9c025ea403884daee10f,08/09/2025 04:30:00 PM,1,DRIVER,,2029277,,GENERAL MOTORS CORPORATION (GMC),SAVANNAH,AZ,,UNKNOWN,TRUCK - SINGLE UNIT,OTHER,N,PASSING/OVERTAKING,,,1,,,,,,,,,,,,,,,,,Y,UNKNOWN,,,,,,,,,,,,,,,,,,,,,,,,,,,,,,,,,
2128700,a614f5bd59aa0153b8704890a379442c4573ad9ffda0adfd97f2879a8d95664cc6f60a99aed13d4a10d074faaac6517a0b5e4e1d14cb9c025ea403884daee10f,08/09/2025 04:30:00 PM,2,DRIVER,,2029284,,LINCOLN,AVIATOR,IL,2022,NONE,PASSENGER,PERSONAL,S,TURNING LEFT,,,1,,,,,,,,Y,Y,,,,,,,,,REAR-RIGHT-CORNER,,,,,,,,,,,,,,,,,,,,,,,,,,,,,,,,,
2128481,ad81c92c27c61fa3073ad9fbc56649ebe2998e60359206494438e799944e35fc078490cd15cc5e59d29b7146a94a9b27cdbf000738ddb60bf4a767b5efbeb86e,08/09/2025 04:30:00 PM,1,DRIVER,,2029621,,JEEP,CHEROKEE,IL,2020,UNKNOWN,SPORT UTILITY VEHICLE (SUV),UNKNOWN/NA,W,STRAIGHT AHEAD,,,1,,,,,,,,,,,,,,,,Y,,FRONT,,,,,,,,,,,,,,,,,,,,,,,,,,,,,,,,,
2128482,ad81c92c27c61fa3073ad9fbc56649ebe2998e60359206494438e799944e35fc078490cd15cc5e59d29b7146a94a9b27cdbf000738ddb60bf4a767b5efbeb86e,08/09/2025 04:30:00 PM,2,DRIVER,,2029636,,CHEVROLET,OTHER (EXPLAIN IN NARRATIVE),,,UNKNOWN,PASSENGER,PERSONAL,W,SLOW/STOP IN TRAFFIC,,,1,,,,,,,,,,Y,,,,,,,,REAR,,,,,,,,,,,,,,,,,,,,,,,,,,,,,,,,,
2125495,bfe2a5c323f0cedf5334c7c1cf258d5e1092dc098dfc272c797c955585735cbe3d9c57d519e9fd2bcc057b2830ac8d74c614ddf42b34bccf58483207ce942951,08/09/2025 04:30:00 PM,1,DRIVER,,2026244,,NISSAN,ROGUE,IL,2016,NONE,PASSENGER,PERSONAL,W,STRAIGHT AHEAD,Y,,1,,PRIVATE TOW,,,Y,,,,,,,,,,Y,Y,,FRONT,,,,,,,,,,,,,,,,,,,,,,,,,,,,,,,,,
2125496,bfe2a5c323f0cedf5334c7c1cf258d5e1092dc098dfc272c797c955585735cbe3d9c57d519e9fd2bcc057b2830ac8d74c614ddf42b34bccf58483207ce942951,08/09/2025 04:30:00 PM,2,DRIVER,1,2026238,,KIA,OPTIMA / K5,IL,2013,NONE,PASSENGER,PERSONAL,W,STRAIGHT AHEAD,,,2,,,,,,,,,,,Y,Y,Y,,,,,SIDE-LEFT,,,,,,,,,,,,,,,,,,,,,,,,,,,,,,,,,
2125581,f922a23f3eeb332030ed5bc89ec0469b834b0c3f847df048430c6d21bec5aaef9024fffdcd5ba83f010557782e943f4c2c45954e58bd029bbbd43e92a72e0577,08/09/2025 04:28:00 PM,1,BICYCLE,,,,,,,,,,,,,,,,,,,,,,,,,,,,,,,,,,,,,,,,,,,,,,,,,,,,,,,,,,,,,,,,,,
2125582,f922a23f3eeb332030ed5bc89ec0469b834b0c3f847df048430c6d21bec5aaef9024fffdcd5ba83f010557782e943f4c2c45954e58bd029bbbd43e92a72e0577,08/09/2025 04:28:00 PM,2,DRIVER,,2026306,,KIA,SPORTAGE,IL,2025,UNKNOWN,PASSENGER,PERSONAL,UNKNOWN,UNKNOWN/NA,,,1,,,,,Y,Y,Y,Y,Y,,,,,,,,,SIDE-RIGHT,,,,,,,,,,,,,,,,,,,,,,,,,,,,,,,,,
2125066,f2935078dc5e2276f5bfa3d87470343e77b4776517934a4ffafc856baa84c75aa7327884f24c07670e0029ac2a9489a37bf507700b6b0eaa8dde3e74bf9b2d89,08/09/2025 04:25:00 PM,1,DRIVER,,2025826,,JEEP,RENEGADE,,,UNKNOWN,SPORT UTILITY VEHICLE (SUV),UNKNOWN/NA,N,PASSING/OVERTAKING,,,1,,,,,N,N,,,,,,,,,,,Y,UNKNOWN,,,,,,,,,,,,,,,,,,,,,,,,,,,,,,,,,
2125067,f2935078dc5e2276f5bfa3d87470343e77b4776517934a4ffafc856baa84c75aa7327884f24c07670e0029ac2a9489a37bf507700b6b0eaa8dde3e74bf9b2d89,08/09/2025 04:25:00 PM,2,DRIVER,1,2025835,,JEEP,CHEROKEE,IN,2014,NONE,SPORT UTILITY VEHICLE (SUV),PERSONAL,N,CHANGING LANES,,,2,,,,,Y,Y,,,,,,,,Y,Y,,,FRONT-LEFT-CORNER,,,,,,,,,,,,,,,,,,,,,,,,,,,,,,,,,
2125068,f2935078dc5e2276f5bfa3d87470343e77b4776517934a4ffafc856baa84c75aa7327884f24c07670e0029ac2a9489a37bf507700b6b0eaa8dde3e74bf9b2d89,08/09/2025 04:25:00 PM,3,PARKED,,2025842,,FORD,EXPLORER,IL,2024,NONE,SPORT UTILITY VEHICLE (SUV),NOT IN USE,N,PARKED,,,0,,,,,,,,,,,Y,Y,,,,,,SIDE-LEFT-REAR,,,,,,,,,,,,,,,,,,,,,,,,,,,,,,,,,
2125064,68808f4bd037e58690892fd64ad452de8a2db8b501373707f58c7ee6f6e7e4dad72364d56b0d362f0a15fe8fdb5bee3e09df74920ec0613516586fe562c9b907,08/09/2025 04:24:00 PM,1,DRIVER,,2025827,,HYUNDAI,ACCENT,IL,2014,UNKNOWN,PASSENGER,UNKNOWN/NA,N,STRAIGHT AHEAD,,,1,,,,,,,,,,,,,,,,,Y,FRONT,,,,,,,,,,,,,,,,,,,,,,,,,,,,,,,,,
2125065,68808f4bd037e58690892fd64ad452de8a2db8b501373707f58c7ee6f6e7e4dad72364d56b0d362f0a15fe8fdb5bee3e09df74920ec0613516586fe562c9b907,08/09/2025 04:24:00 PM,2,DRIVER,1,2025836,,CHEVROLET,MALIBU,IL,2022,UNKNOWN,PASSENGER,PERSONAL,N,TURNING LEFT,,,2,,,,,,,,,,Y,,,,,,,,REAR,,,,,,,,,,,,,,,,,,,,,,,,,,,,,,,,,
2136991,0c9feb4c58fffa015516e246175ccd75a2d7f7508b6bc37dccd540370c25ef67321fc2ee4ad6a24726e2ea469c3ae98859956f61d5290fa83477e3fbbf8d90ec,08/09/2025 04:20:00 PM,1,DRIVER,3,2037143,,FORD,EXPLORER,IL,2020,NONE,SPORT UTILITY VEHICLE (SUV),POLICE,E,STRAIGHT AHEAD,,,4,,,,,,,,,,,,,,,,,,,,,,,,,,,,,,,,,,,,,,,,,,,,,,,,,,,
2136992,0c9feb4c58fffa015516e246175ccd75a2d7f7508b6bc37dccd540370c25ef67321fc2ee4ad6a24726e2ea469c3ae98859956f61d5290fa83477e3fbbf8d90ec,08/09/2025 04:20:00 PM,2,DRIVER,,2037144,,NISSAN,ROGUE,IL,2024,NONE,PASSENGER,PERSONAL,N,STRAIGHT AHEAD,,,1,,,,,,,,,,,,,,,,,,,,,,,,,,,,,,,,,,,,,,,,,,,,,,,,,,,
2125047,b28782bc4f4d2f8dd444ba79e8a2ea902a9b627495d7416abd622d09bbbc3b8d2e01921d13b21e58ba0ca1b054804bedbaf39b5b8f8614d3031e5257018292b0,08/09/2025 04:20:00 PM,1,NON-MOTOR VEHICLE,,,,,,,,,,,,,,,,,,,,,,,,,,,,,,,,,,,,,,,,,,,,,,,,,,,,,,,,,,,,,,,,,,
2125048,b28782bc4f4d2f8dd444ba79e8a2ea902a9b627495d7416abd622d09bbbc3b8d2e01921d13b21e58ba0ca1b054804bedbaf39b5b8f8614d3031e5257018292b0,08/09/2025 04:20:00 PM,2,DRIVER,,2025816,,HYUNDAI,ELANTRA,IL,2013,UNKNOWN,PASSENGER,PERSONAL,W,TURNING RIGHT,,,1,,,,Y,,,,,,,,,,,,,,FRONT,,,,,,,,,,,,,,,,,,,,,,,,,,,,,,,,,
2125029,cb785340de7b1f39504337c391c100a6b124bfb4572d79e1b1371b3c1c672a996e5f87d7b6804ad739320a1d2468d013cf39087b09f0ded2dba08f7465783faa,08/09/2025 04:20:00 PM,1,DRIVER,,2025786,,TOYOTA,HIGHLANDER,IL,2017,UNKNOWN,PASSENGER,PERSONAL,UNKNOWN,STRAIGHT AHEAD,,,1,,,,,,,,,,,,,,,,,Y,SIDE-LEFT,,,,,,,,,,,,,,,,,,,,,,,,,,,,,,,,,
2125030,cb785340de7b1f39504337c391c100a6b124bfb4572d79e1b1371b3c1c672a996e5f87d7b6804ad739320a1d2468d013cf39087b09f0ded2dba08f7465783faa,08/09/2025 04:20:00 PM,2,PARKED,,2025791,,HONDA,PILOT,IL,2017,NONE,PASSENGER,PERSONAL,UNKNOWN,PARKED,,,0,,,,,,N,N,Y,,,,,,,,,,SIDE-RIGHT,,,,,,,,,,,,,,,,,,,,,,,,,,,,,,,,,
2125077,80534f45f858170f5ebf5e14541a4d145aea9efe7b1e56aa8c060438637be2f46a4f27094d8550f0b8a74f7590780371ed86b0ff4cdd1919abb24767415142bc,08/09/2025 04:15:00 PM,1,DRIVER,,2025839,,UNKNOWN,MOTORIZED,IL,,UNKNOWN,MOPED OR MOTORIZED BICYCLE,PERSONAL,W,STRAIGHT AHEAD,Y,,1,,CHICAGO POLICE,10300 S DOTY RD,,,,,,,,,,,,,,Y,UNKNOWN,,,,,,,,,,,,,,,,,,,,,,,,,,,,,,,,,
2125078,80534f45f858170f5ebf5e14541a4d145aea9efe7b1e56aa8c060438637be2f46a4f27094d8550f0b8a74f7590780371ed86b0ff4cdd1919abb24767415142bc,08/09/2025 04:15:00 PM,2,DRIVER,,2025852,,AUDI,A5,IL,2014,NONE,PASSENGER,PERSONAL,S,STRAIGHT AHEAD,,,1,,,,,Y,,,,,,,,,,Y,Y,,FRONT,,,,,,,,,,,,,,,,,,,,,,,,,,,,,,,,,
2125040,e83184947f1e648ee7e2fa03163efc004b70267e9056b069cf90024589e4bc9ff59be3a9466725db813595e9adb78a00796cadb225554cc680bcd03e6ef5f247,08/09/2025 04:13:00 PM,1,DRIVER,,2025809,,TOYOTA,CAMRY,IL,2004,UNKNOWN,UNKNOWN/NA,UNKNOWN/NA,S,ENTERING TRAFFIC LANE FROM PARKING,,,1,,,,,,,,,,,,,,Y,Y,Y,,FRONT-LEFT-CORNER,,,,,,,,,,,,,,,,,,,,,,,,,,,,,,,,,
2125041,e83184947f1e648ee7e2fa03163efc004b70267e9056b069cf90024589e4bc9ff59be3a9466725db813595e9adb78a00796cadb225554cc680bcd03e6ef5f247,08/09/2025 04:13:00 PM,2,DRIVER,1,2025814,,TOYOTA,COROLLA,IL,2021,UNKNOWN,UNKNOWN/NA,UNKNOWN/NA,S,STRAIGHT AHEAD,,,2,,,,,Y,Y,,,,,,,,Y,Y,Y,,FRONT-RIGHT-CORNER,,,,,,,,,,,,,,,,,,,,,,,,,,,,,,,,,
2125042,e83184947f1e648ee7e2fa03163efc004b70267e9056b069cf90024589e4bc9ff59be3a9466725db813595e9adb78a00796cadb225554cc680bcd03e6ef5f247,08/09/2025 04:13:00 PM,3,PARKED,,2025840,,CHEVROLET,EQUINOX,IL,2012,UNKNOWN,UNKNOWN/NA,UNKNOWN/NA,S,PARKED,,,0,,,,,,,Y,Y,Y,,,,,,,,,SIDE-RIGHT-REAR,,,,,,,,,,,,,,,,,,,,,,,,,,,,,,,,,
2127708,20268182686a8f084da0fda16a368fd169b22ce5510adaa45caa4768b8d22f92e01176d633ef0903388f963c46d7299cdf36e3ce12e4a934191958678d4ecd94,08/09/2025 04:07:00 PM,1,DRIVER,,2028349,,FORD,F150,IL,2010,UNKNOWN,PICKUP,PERSONAL,S,STRAIGHT AHEAD,,,1,,,,,,,,,,,,,,,,,Y,UNKNOWN,,,,,,,,,,,,,,,,,,,,,,,,,,,,,,,,,
2127709,20268182686a8f084da0fda16a368fd169b22ce5510adaa45caa4768b8d22f92e01176d633ef0903388f963c46d7299cdf36e3ce12e4a934191958678d4ecd94,08/09/2025 04:07:00 PM,2,DRIVER,,2028356,,HYUNDAI,SONATA,IL,,NONE,PASSENGER,PERSONAL,W,STRAIGHT AHEAD,,,1,,,,,Y,Y,Y,,,,,,,,,,,SIDE-RIGHT,,,,,,,,,,,,,,,,,,,,,,,,,,,,,,,,,
2126219,0bdc2151d272a201e71aaad22e9c7fa0ab3160fceedfa415104ed89489256e671a36cb95a610a3f5ef29cdb2b10b5e69b37249fb226913b693f41963270ce41a,08/09/2025 04:00:00 PM,1,DRIVER,,2026925,,JEEP,COMPASS,IL,2011,UNKNOWN,PASSENGER,PERSONAL,E,STRAIGHT AHEAD,,,1,,,,,,,,,,,,,,,,,Y,FRONT,,,,,,,,,,,,,,,,,,,,,,,,,,,,,,,,,
2126220,0bdc2151d272a201e71aaad22e9c7fa0ab3160fceedfa415104ed89489256e671a36cb95a610a3f5ef29cdb2b10b5e69b37249fb226913b693f41963270ce41a,08/09/2025 04:00:00 PM,2,DRIVER,,2026926,,JEEP,RENEGADE,IL,2015,NONE,PASSENGER,PERSONAL,E,STRAIGHT AHEAD,,,1,,,,,,,,,Y,Y,Y,,,,,,,REAR,,,,,,,,,,,,,,,,,,,,,,,,,,,,,,,,,
2126522,37f5c98400381454b961e6f8cfcfba99ed3046c1d6a0227d94c9f01f2076564d617778feda2dc641150d2ab6a401546870b4d03efef468f8aec120444ed1d32a,08/09/2025 04:00:00 PM,1,DRIVER,,2027212,,CHEVROLET,EQUINOX,IL,2022,NONE,PASSENGER,PERSONAL,S,PASSING/OVERTAKING,,,1,,,,,Y,,,,,,,,,,,,,FRONT-RIGHT-CORNER,,,,,,,,,,,,,,,,,,,,,,,,,,,,,,,,,
2126523,37f5c98400381454b961e6f8cfcfba99ed3046c1d6a0227d94c9f01f2076564d617778feda2dc641150d2ab6a401546870b4d03efef468f8aec120444ed1d32a,08/09/2025 04:00:00 PM,2,DRIVER,,2027213,,TOYOTA,PRIUS,IL,2013,NONE,PASSENGER,RIDESHARE SERVICE,S,STRAIGHT AHEAD,,,1,,,,,,,,,,,,,,Y,Y,,,FRONT-LEFT-CORNER,,,,,,,,,,,,,,,,,,,,,,,,,,,,,,,,,
2125738,7e75c5940d7159bfa2bf2c84603e5230d2b34b15e84abaca78583234497aecef324395df3d46534643b0445244f7971a814b58901dd33c2cc7dcf69d53750888,08/09/2025 04:00:00 PM,1,DRIVER,,2026458,,FORD,EXPLORER,IL,2000,UNKNOWN,PASSENGER,PERSONAL,N,STRAIGHT AHEAD,,,1,,,,,Y,Y,Y,Y,,,,,,,,,,SIDE-RIGHT,,,,,,,,,,,,,,,,,,,,,,,,,,,,,,,,,
2125739,7e75c5940d7159bfa2bf2c84603e5230d2b34b15e84abaca78583234497aecef324395df3d46534643b0445244f7971a814b58901dd33c2cc7dcf69d53750888,08/09/2025 04:00:00 PM,2,DRIVER,,2026499,,CHEVROLET,PRIZM,IN,2015,NONE,PASSENGER,PERSONAL,N,STRAIGHT AHEAD,,,1,,,,,,,,,,,,,Y,Y,,,,SIDE-LEFT,,,,,,,,,,,,,,,,,,,,,,,,,,,,,,,,,
2126871,807139df5f7445e7b51445463d9c5b39559253621c1fd80483216fa94c94f19f33fd5cd04775a6791eb349ee5ab7fec10473908883508de84277cad6c51e1415,08/09/2025 04:00:00 PM,1,DRIVER,,2027539,Y,FORD,EXPLORER,IL,2023,NONE,SPORT UTILITY VEHICLE (SUV),POLICE,E,BACKING,,,1,,,,,,,,,Y,,,,,,,,,REAR-RIGHT-CORNER,"21,971",,,,,,CITY OF CHICAGO,IL,CHICAGO,,,,,,,,,,,,,,,,,,,,,,,,
2125668,a4972f1f0d38e17e569c3ede50adc4e324708873962c8eceebd21676b199c993d21be7a87149861afc84a7f101619077a43cb18673624f196c27e524f62fa92c,08/09/2025 04:00:00 PM,1,DRIVER,,2026459,,UNKNOWN,OTHER (EXPLAIN IN NARRATIVE),,,UNKNOWN,UNKNOWN/NA,UNKNOWN/NA,UNKNOWN,UNKNOWN/NA,,,1,,,,,,,,,,,,,,,,,Y,UNKNOWN,,,,,,,,,,,,,,,,,,,,,,,,,,,,,,,,,
2125669,a4972f1f0d38e17e569c3ede50adc4e324708873962c8eceebd21676b199c993d21be7a87149861afc84a7f101619077a43cb18673624f196c27e524f62fa92c,08/09/2025 04:00:00 PM,2,PARKED,,2026455,,TOYOTA,C-HR,IL,2020,NONE,SPORT UTILITY VEHICLE (SUV),NOT IN USE,W,PARKED,,,0,,,,,,,,,,,Y,,,,,,,REAR-LEFT-CORNER,,,,,,,,,,,,,,,,,,,,,,,,,,,,,,,,,
2125036,b51738ac3c50a604068b0bdc29561f2e59f3f4855e89eb1c114728c94d0471520a1c647fac13b708cae72d739fc5a1000ba73c99f11f654e27e24385ac28cef2,08/09/2025 04:00:00 PM,1,DRIVER,1,2025800,,DODGE,DURANGO,IN,2013,UNKNOWN,PASSENGER,PERSONAL,NW,TURNING RIGHT,,,2,,,,,,Y,Y,Y,Y,,,,,,,,,SIDE-RIGHT,,,,,,,,,,,,,,,,,,,,,,,,,,,,,,,,,
2125037,b51738ac3c50a604068b0bdc29561f2e59f3f4855e89eb1c114728c94d0471520a1c647fac13b708cae72d739fc5a1000ba73c99f11f654e27e24385ac28cef2,08/09/2025 04:00:00 PM,2,DRIVER,,2025804,,NISSAN,ROGUE,IL,2011,UNKNOWN,PASSENGER,PERSONAL,W,STRAIGHT AHEAD,,,1,,,,,Y,,,,,,,,,,Y,Y,,FRONT,,,,,,,,,,,,,,,,,,,,,,,,,,,,,,,,,