CRASH_UNIT_ID,CRASH_RECORD_ID,CRASH_DATE,UNIT_NO,UNIT_TYPE,NUM_PASSENGERS,VEHICLE_ID,CMRC_VEH_I,MAKE,MODEL,LIC_PLATE_STATE,VEHICLE_YEAR,VEHICLE_DEFECT,VEHICLE_TYPE,VEHICLE_USE,TRAVEL_DIRECTION,MANEUVER,TOWED_I,FIRE_I,OCCUPANT_CNT,EXCEED_SPEED_LIMIT_I,TOWED_BY,TOWED_TO,AREA_00_I,AREA_01_I,AREA_02_I,AREA_03_I,AREA_04_I,AREA_05_I,AREA_06_I,AREA_07_I,AREA_08_I,AREA_09_I,AREA_10_I,AREA_11_I,AREA_12_I,AREA_99_I,FIRST_CONTACT_POINT,CMV_ID,USDOT_NO,CCMC_NO,ILCC_NO,COMMERCIAL_SRC,GVWR,CARRIER_NAME,CARRIER_STATE,CARRIER_CITY,HAZMAT_PLACARDS_I,HAZMAT_NAME,UN_NO,HAZMAT_PRESENT_I,HAZMAT_REPORT_I,HAZMAT_REPORT_NO,MCS_REPORT_I,MCS_REPORT_NO,HAZMAT_VIO_CAUSE_CRASH_I,MCS_VIO_CAUSE_CRASH_I,IDOT_PERMIT_NO,WIDE_LOAD_I,TRAILER1_WIDTH,TRAILER2_WIDTH,TRAILER1_LENGTH,TRAILER2_LENGTH,TOTAL_VEHICLE_LENGTH,AXLE_CNT,VEHICLE_CONFIG,CARGO_BODY_TYPE,LOAD_TYPE,HAZMAT_OUT_OF_SERVICE_I,MCS_OUT_OF_SERVICE_I,HAZMAT_CLASS
2125000,d3c4d032134f9a472ded92693374ee340742f7203c81b9b30345635e8f9049259e981cc20285374cae5ce558c0be92a498a761c04270ffdbe64e721df0fb60af,08/09/2025 04:00:00 PM,1,DRIVER,,2025765,,CHEVROLET,OTHER (EXPLAIN IN NARRATIVE),IL,2020,UNKNOWN,UNKNOWN/NA,UNKNOWN/NA,W,BACKING,,,1,,,,,,,,,,,,,,,,,Y,REAR,,,,,,,,,,,,,,,,,,,,,,,,,,,,,,,,,
2125001,d3c4d032134f9a472ded92693374ee340742f7203c81b9b30345635e8f9049259e981cc20285374cae5ce558c0be92a498a761c04270ffdbe64e721df0fb60af,08/09/2025 04:00:00 PM,2,PARKED,1,2025771,,HONDA,CIVIC,IL,,UNKNOWN,PASSENGER,NOT IN USE,W,PARKED,,,1,,,,,Y,,,,,,,,,,,Y,,FRONT-RIGHT-CORNER,,,,,,,,,,,,,,,,,,,,,,,,,,,,,,,,,
2127006,f2bb6625b2716545b06aed81803c873d8a79ec566edbcc207489b340ef4e4c96b8313f7b810b03fcf1d23786c8beea561b7b5f15c84d86f7b5fab3c665b957e0,08/09/2025 04:00:00 PM,1,DRIVER,,2027656,,BMW,OTHER (EXPLAIN IN NARRATIVE),,2025,NONE,PASSENGER,PERSONAL,W,PASSING/OVERTAKING,Y,,1,,PERSONAL TOW,N/A,,,,,,,,,,,,,,N,TOTAL (ALL AREAS),,,,,,,,,,,,,,,,,,,,,,,,,,,,,,,,,
2125209,88e2a4422f77ea134fce0f51eb8a595b533e38a2040f90c75fe2209b679c7171eaaed861e0f62ed8bc8581c4a876acd4f668753c822aa5f87b12a6bb371f2e45,08/09/2025 03:59:00 PM,1,DRIVER,,2025965,,BMW,BMW,IL,2015,UNKNOWN,PASSENGER,PERSONAL,S,STRAIGHT AHEAD,,,1,,,,,,,,,,,,,,,,,,NONE,,,,,,,,,,,,,,,,,,,,,,,,,,,,,,,,,
2125213,88e2a4422f77ea134fce0f51eb8a595b533e38a2040f90c75fe2209b679c7171eaaed861e0f62ed8bc8581c4a876acd4f668753c822aa5f87b12a6bb371f2e45,08/09/2025 03:59:00 PM,2,PEDESTRIAN,,,,,,,,,,,,,,,,,,,,,,,,,,,,,,,,,,,,,,,,,,,,,,,,,,,,,,,,,,,,,,,,,,
2125214,88e2a4422f77ea134fce0f51eb8a595b533e38a2040f90c75fe2209b679c7171eaaed861e0f62ed8bc8581c4a876acd4f668753c822aa5f87b12a6bb371f2e45,08/09/2025 03:59:00 PM,3,PEDESTRIAN,,,,,,,,,,,,,,,,,,,,,,,,,,,,,,,,,,,,,,,,,,,,,,,,,,,,,,,,,,,,,,,,,,
2125025,97ffd9e2b90c3e0d39e571c190547cfbe4db12d6d25c31f3297f7e1fbd89ce3a2efc57c71d577010e47b91300416690593ac3cd49500075bc32309b47f1a8bd4,08/09/2025 03:57:00 PM,1,DRIVER,,2025787,,SATURN,OTHER (EXPLAIN IN NARRATIVE),,,UNKNOWN,PASSENGER,PERSONAL,UNKNOWN,BACKING,,,1,,,,,,,,,,Y,,,,,,,,REAR,,,,,,,,,,,,,,,,,,,,,,,,,,,,,,,,,
2125026,97ffd9e2b90c3e0d39e571c190547cfbe4db12d6d25c31f3297f7e1fbd89ce3a2efc57c71d577010e47b91300416690593ac3cd49500075bc32309b47f1a8bd4,08/09/2025 03:57:00 PM,2,DRIVER,,2025799,,MAZDA,CX-5,IL,2021,UNKNOWN,SPORT UTILITY VEHICLE (SUV),PERSONAL,UNKNOWN,BACKING,,,1,,,,,,,,,,Y,,,,,,,,REAR,,,,,,,,,,,,,,,,,,,,,,,,,,,,,,,,,
2125071,d8b9e616589d750c0a038b2d930f7f256713d874f08dbf1bdd9e86a01fd194e0e3d80f03cc213a12a3110991e5e61edac8c9819bc3e24f4fc627844fb2f11afe,08/09/2025 03:50:00 PM,1,DRIVER,,2025834,,CHEVROLET,IMPALA,IL,2009,UNKNOWN,PASSENGER,PERSONAL,N,TURNING LEFT,,,1,,,,Y,,,,,,,,,,,,,,FRONT,,,,,,,,,,,,,,,,,,,,,,,,,,,,,,,,,
2125072,d8b9e616589d750c0a038b2d930f7f256713d874f08dbf1bdd9e86a01fd194e0e3d80f03cc213a12a3110991e5e61edac8c9819bc3e24f4fc627844fb2f11afe,08/09/2025 03:50:00 PM,2,PEDESTRIAN,,,,,,,,,,,,,,,,,,,,,,,,,,,,,,,,,,,,,,,,,,,,,,,,,,,,,,,,,,,,,,,,,,
2125023,433c0841a67c0f28a01ba2008ebc608c9f5257f22bfc8dc0d49dfc993011d1f4520591ea42be6e62d2f58e8fdd06df36f6d6c39c1e915998217447774f7d5234,08/09/2025 03:46:00 PM,1,DRIVER,,2025788,,INFINITI,OTHER (EXPLAIN IN NARRATIVE),IL,2010,UNKNOWN,SPORT UTILITY VEHICLE (SUV),PERSONAL,N,STRAIGHT AHEAD,Y,,1,,PRIVATE TOW,PRIVATE TOW,,Y,Y,,,,,,,,Y,Y,Y,,FRONT,,,,,,,,,,,,,,,,,,,,,,,,,,,,,,,,,
2125024,433c0841a67c0f28a01ba2008ebc608c9f5257f22bfc8dc0d49dfc993011d1f4520591ea42be6e62d2f58e8fdd06df36f6d6c39c1e915998217447774f7d5234,08/09/2025 03:46:00 PM,2,DRIVER,1,2025795,,NISSAN,MAXIMA,IL,2014,UNKNOWN,PASSENGER,PERSONAL,N,STRAIGHT AHEAD,,,2,,,,,Y,,,Y,Y,Y,Y,Y,,,Y,Y,,REAR,,,,,,,,,,,,,,,,,,,,,,,,,,,,,,,,,
2125009,b7b8952902e2eeb4bdb28707f3af647037a2ad8bf0939026e225550465a70081da0a4640b3119c3b07587f8f9affd6950c95dc0e346112656242e0f33a337bf8,08/09/2025 03:45:00 PM,1,DRIVER,,2025779,,UNKNOWN,MOTORIZED,,,UNKNOWN,SPORT UTILITY VEHICLE (SUV),UNKNOWN/NA,E,TURNING RIGHT,,,1,,,,,Y,N,,,,,,,,,,Y,,FRONT-RIGHT-CORNER,,,,,,,,,,,,,,,,,,,,,,,,,,,,,,,,,
2125010,b7b8952902e2eeb4bdb28707f3af647037a2ad8bf0939026e225550465a70081da0a4640b3119c3b07587f8f9affd6950c95dc0e346112656242e0f33a337bf8,08/09/2025 03:45:00 PM,2,PARKED,2,2025780,,CHEVROLET,EQUINOX,IL,2021,NONE,SPORT UTILITY VEHICLE (SUV),PERSONAL,S,PARKED,,,2,,,,,,,,,,,Y,Y,N,,,,,REAR-LEFT-CORNER,,,,,,,,,,,,,,,,,,,,,,,,,,,,,,,,,
2125069,32ec10657d7b6242933473206a8631bbb755546f6f327ffb5efbc9545dba4f340da0800bb802d46e04913734e243ae31df40443c22adfd967613f640a99c799e,08/09/2025 03:44:00 PM,1,DRIVER,,2025832,,NISSAN,ROGUE,IL,2018,NONE,SPORT UTILITY VEHICLE (SUV),UNKNOWN/NA,S,BACKING,,,1,,,,,,,,,,,Y,,,,,,,REAR-LEFT-CORNER,,,,,,,,,,,,,,,,,,,,,,,,,,,,,,,,,
2125070,32ec10657d7b6242933473206a8631bbb755546f6f327ffb5efbc9545dba4f340da0800bb802d46e04913734e243ae31df40443c22adfd967613f640a99c799e,08/09/2025 03:44:00 PM,2,DRIVER,,2025846,,MAZDA,CX-5,IL,2017,UNKNOWN,SPORT UTILITY VEHICLE (SUV),UNKNOWN/NA,N,STRAIGHT AHEAD,,,1,,,,,Y,,,,,,,,,,,,,FRONT-RIGHT-CORNER,,,,,,,,,,,,,,,,,,,,,,,,,,,,,,,,,
2125017,72c1ab020089202be4f52938c22509bba651530fbefc9d835dca3d91f1ee9c8b6048cdc33b004fbc33a949e8e5fb38424afcf69f10a47d36221bb11b1514c12e,08/09/2025 03:40:00 PM,1,DRIVER,,2025796,,BUICK,ENCLAVE,IL,2018,UNKNOWN,SPORT UTILITY VEHICLE (SUV),PERSONAL,W,STRAIGHT AHEAD,,,1,,,,,Y,,,,,,,,,,Y,Y,,FRONT,,,,,,,,,,,,,,,,,,,,,,,,,,,,,,,,,
2125018,72c1ab020089202be4f52938c22509bba651530fbefc9d835dca3d91f1ee9c8b6048cdc33b004fbc33a949e8e5fb38424afcf69f10a47d36221bb11b1514c12e,08/09/2025 03:40:00 PM,2,DRIVER,,2025807,,LINCOLN,MKT,IL,2010,UNKNOWN,PASSENGER,PERSONAL,N,STRAIGHT AHEAD,,,1,,,,,,,Y,Y,Y,,,,,,,,,SIDE-RIGHT-REAR,,,,,,,,,,,,,,,,,,,,,,,,,,,,,,,,,
2125002,f5d4a142b840ff6cdc6a9c9e6a24bd5b6e6254048030312d1ae14046e652cd710f793299361aafe3a44bc44e586be54c228570077d19dde0df3d63d4e5c59bf9,08/09/2025 03:40:00 PM,1,DRIVER,,2025760,,CHEVROLET,SILVERADO,IL,2006,NONE,PICKUP,PERSONAL,S,CHANGING LANES,,,1,,,,,,,,,,,,,,,,,Y,UNKNOWN,,,,,,,,,,,,,,,,,,,,,,,,,,,,,,,,,
2125003,f5d4a142b840ff6cdc6a9c9e6a24bd5b6e6254048030312d1ae14046e652cd710f793299361aafe3a44bc44e586be54c228570077d19dde0df3d63d4e5c59bf9,08/09/2025 03:40:00 PM,2,DRIVER,1,2025769,,VOLKSWAGEN,ATLAS,IL,2019,NONE,SPORT UTILITY VEHICLE (SUV),PERSONAL,S,STRAIGHT AHEAD,,,2,,,,,Y,,,,,,,,,,,,,SIDE-RIGHT-FRONT,,,,,,,,,,,,,,,,,,,,,,,,,,,,,,,,,
2125019,32591da71520ccf5bd6efc11b24ded678e55a3613f45e7a26d01d810ad26b9be621c9d18b6c6ad79056ddfc485426face11c69324dbab692f919add2d68bc00e,08/09/2025 03:35:00 PM,1,DRIVER,,2025784,,HONDA,ODYSSEY,IL,2002,NONE,PASSENGER,PERSONAL,W,STRAIGHT AHEAD,,,1,,,,,Y,,,,,,,,,,Y,Y,,FRONT,,,,,,,,,,,,,,,,,,,,,,,,,,,,,,,,,
2125020,32591da71520ccf5bd6efc11b24ded678e55a3613f45e7a26d01d810ad26b9be621c9d18b6c6ad79056ddfc485426face11c69324dbab692f919add2d68bc00e,08/09/2025 03:35:00 PM,2,DRIVER,1,2025794,,TOYOTA,CAMRY,IL,2021,NONE,PASSENGER,PERSONAL,N,STRAIGHT AHEAD,Y,,2,,PRIVATE TOW,PRIVATE LOT,,,Y,Y,Y,,,,,,,,,,SIDE-RIGHT,,,,,,,,,,,,,,,,,,,,,,,,,,,,,,,,,
2127200,7fc9fba4a23b9ba211626d9cb6619962f3b29c004615711f719c2e33477a98e05ddff27743c2f6e3abb1acba35ac62344c44284c90dcefb86105fa3188f3ecbd,08/09/2025 03:32:00 PM,1,DRIVER,,2027838,,TOYOTA,TUNDRA,IL,2008,UNKNOWN,PICKUP,UNKNOWN/NA,N,TURNING LEFT,N,,1,,,,,Y,,,,,,,,,,,Y,,FRONT,,,,,,,,,,,,,,,,,,,,,,,,,,,,,,,,,
2127201,7fc9fba4a23b9ba211626d9cb6619962f3b29c004615711f719c2e33477a98e05ddff27743c2f6e3abb1acba35ac62344c44284c90dcefb86105fa3188f3ecbd,08/09/2025 03:32:00 PM,2,DRIVER,,2027839,,HONDA,CIVIC,IL,2008,NONE,PASSENGER,PERSONAL,E,STRAIGHT AHEAD,,,1,,,,,,,Y,Y,Y,,,,,,,,,SIDE-LEFT-REAR,,,,,,,,,,,,,,,,,,,,,,,,,,,,,,,,,
2125006,4d9d2e6b449756b6979bf3ce9fca416a2afcb9aac6c17e36c085b23e7751354121585191e7320045dd9e0ef0947f0803a8808eee9550db6744c2dcc72524e176,08/09/2025 03:30:00 PM,1,DRIVER,,2025767,,UNKNOWN,OTHER (EXPLAIN IN NARRATIVE),,,UNKNOWN,PASSENGER,UNKNOWN/NA,S,STRAIGHT AHEAD,,,1,,,,,,,,,,,,,,,,,Y,FRONT,,,,,,,,,,,,,,,,,,,,,,,,,,,,,,,,,
2125007,4d9d2e6b449756b6979bf3ce9fca416a2afcb9aac6c17e36c085b23e7751354121585191e7320045dd9e0ef0947f0803a8808eee9550db6744c2dcc72524e176,08/09/2025 03:30:00 PM,2,DRIVER,,2025772,,NEW FLYER,OTHER (EXPLAIN IN NARRATIVE),IL,2009,NONE,BUS OVER 15 PASS.,CTA,S,STRAIGHT AHEAD,,,1,,,,Y,,,,,,,,,,,,,,REAR-LEFT-CORNER,,,,,,,,,,,,,,,,,,,,,,,,,,,,,,,,,
2125684,86fb3edc05108fc696ba10faebb42c69364c04c3216129b8ce0f9b425792dbb3655c31ea5ec9deb6bfd2ebd10a3e14226b14c9cefb273b3acea18886a8e9a2bb,08/09/2025 03:30:00 PM,1,DRIVER,1,2026406,,UNKNOWN,MOTORIZED,,,UNKNOWN,PASSENGER,UNKNOWN/NA,E,TURNING LEFT,,,2,,,,,,,,,,,,,,,Y,Y,Y,FRONT,,,,,,,,,,,,,,,,,,,,,,,,,,,,,,,,,
2125685,86fb3edc05108fc696ba10faebb42c69364c04c3216129b8ce0f9b425792dbb3655c31ea5ec9deb6bfd2ebd10a3e14226b14c9cefb273b3acea18886a8e9a2bb,08/09/2025 03:30:00 PM,2,DRIVER,,2026412,,NISSAN,MURANO,IL,2015,NONE,PASSENGER,NOT IN USE,W,STRAIGHT AHEAD,,,1,,,,,,,,,,,Y,Y,Y,,,,Y,SIDE-LEFT-REAR,,,,,,,,,,,,,,,,,,,,,,,,,,,,,,,,,
2124978,89fca66a3e3f93c837110c3060eba5e6e1cd488ca834cbe1f7e288f996394b8d2e13ef3a9e6a31802e9d03a21a5f72108f84cccdd55131342a01ee610ae1b26a,08/09/2025 03:30:00 PM,1,DRIVER,,2025745,,TOYOTA,CAMRY,IL,2010,UNKNOWN,PASSENGER,PERSONAL,E,STRAIGHT AHEAD,,,1,,,,,,,,,,,,Y,Y,Y,Y,,,SIDE-LEFT,,,,,,,,,,,,,,,,,,,,,,,,,,,,,,,,,
2124979,89fca66a3e3f93c837110c3060eba5e6e1cd488ca834cbe1f7e288f996394b8d2e13ef3a9e6a31802e9d03a21a5f72108f84cccdd55131342a01ee610ae1b26a,08/09/2025 03:30:00 PM,2,DRIVER,,2025752,,HYUNDAI,ACCENT,IL,2017,UNKNOWN,PICKUP,PERSONAL,SE,TURNING LEFT,,,1,,,,,Y,,,,,,,,,,,Y,,FRONT-RIGHT-CORNER,,,,,,,,,,,,,,,,,,,,,,,,,,,,,,,,,
2129333,9d011db39e98587f4c9ae19282b992635a658c39e865cd835e43d25fd82538a880a1c2746978f103802b74fc466da5e598bc8ef5202c3510ad76f2142c58dcc4,08/09/2025 03:30:00 PM,1,DRIVER,,2029877,,UNKNOWN,MOTORIZED,,,UNKNOWN,UNKNOWN/NA,UNKNOWN/NA,E,BACKING,,,1,,,,,,,,,,,,,,,,,Y,REAR,,,,,,,,,,,,,,,,,,,,,,,,,,,,,,,,,
2129334,9d011db39e98587f4c9ae19282b992635a658c39e865cd835e43d25fd82538a880a1c2746978f103802b74fc466da5e598bc8ef5202c3510ad76f2142c58dcc4,08/09/2025 03:30:00 PM,2,DRIVER,,2029881,,SUBARU,CROSSTREK,IL,2024,UNKNOWN,SPORT UTILITY VEHICLE (SUV),UNKNOWN/NA,N,STRAIGHT AHEAD,,,1,,,,,,,,,,,Y,Y,,,,,,UNKNOWN,,,,,,,,,,,,,,,,,,,,,,,,,,,,,,,,,
2130507,a23d3914ab5735acb6ef2e6dc82a94c2e7a483cfbc78eca680cfd7d45caf7087eb0594d315708839180f575f1b1742e8b2e144a6c9b52760e74b51497265d512,08/09/2025 03:30:00 PM,2,DRIVER,,2030973,,CHRYSLER,OTHER (EXPLAIN IN NARRATIVE),IL,2012,UNKNOWN,PASSENGER,PERSONAL,S,TURNING LEFT,,,1,,,,,,Y,Y,,,,,,,,,,,SIDE-RIGHT,,,,,,,,,,,,,,,,,,,,,,,,,,,,,,,,,
2130508,a23d3914ab5735acb6ef2e6dc82a94c2e7a483cfbc78eca680cfd7d45caf7087eb0594d315708839180f575f1b1742e8b2e144a6c9b52760e74b51497265d512,08/09/2025 03:30:00 PM,1,DRIVER,,2030974,,NISSAN,SENTRA,IN,2012,UNKNOWN,PASSENGER,PERSONAL,E,STRAIGHT AHEAD,,,1,,,,,Y,,,,,,,,,,Y,Y,,FRONT,,,,,,,,,,,,,,,,,,,,,,,,,,,,,,,,,
2126417,f643ef763650b640ff497984e95d4bef23afd8529b5f28863b34e74501eb23b8d08c9db2187faf16f9eb335413e53b2de539a2e49b3b5737de42bd52e7a0d638,08/09/2025 03:30:00 PM,1,DRIVER,,2027112,,DODGE,RAM 1500 PU,IL,2020,UNKNOWN,PICKUP,OTHER,E,STRAIGHT AHEAD,,,1,,,,,Y,,,,,,,,,,Y,Y,Y,UNKNOWN,,,,,,,,,,,,,,,,,,,,,,,,,,,,,,,,,
2126418,f643ef763650b640ff497984e95d4bef23afd8529b5f28863b34e74501eb23b8d08c9db2187faf16f9eb335413e53b2de539a2e49b3b5737de42bd52e7a0d638,08/09/2025 03:30:00 PM,2,DRIVER,,2027117,,NISSAN,SENTRA,IL,2021,UNKNOWN,PASSENGER,OTHER,E,STRAIGHT AHEAD,,,1,,,,,,,,,Y,Y,Y,,,,,,Y,UNKNOWN,,,,,,,,,,,,,,,,,,,,,,,,,,,,,,,,,
2125235,60db87dd055d07a9c58b75abb48ec0db54510c21d9405b625fe9d3b866b9b59f6e9cbb706b2f1734ff1464ee074f4ae8c906efd8d661948512a5ae86b612a654,08/09/2025 03:25:00 PM,1,DRIVER,2,2025988,,GENERAL MOTORS CORPORATION (GMC),YUKON,IL,2022,NONE,PASSENGER,PERSONAL,E,STRAIGHT AHEAD,,,3,,,,,Y,,,,,,,,,,,Y,,FRONT,,,,,,,,,,,,,,,,,,,,,,,,,,,,,,,,,
2125236,60db87dd055d07a9c58b75abb48ec0db54510c21d9405b625fe9d3b866b9b59f6e9cbb706b2f1734ff1464ee074f4ae8c906efd8d661948512a5ae86b612a654,08/09/2025 03:25:00 PM,2,DRIVER,1,2025998,,CHEVROLET,BLAZER,IL,2020,NONE,PASSENGER,PERSONAL,N,STRAIGHT AHEAD,Y,,2,,INSURE ON THE SPOT,,,,,,,,,Y,Y,Y,Y,Y,,,SIDE-LEFT,,,,,,,,,,,,,,,,,,,,,,,,,,,,,,,,,
2125043,24d5fd2c9e459bd05dbb7f73592ed58f483f50e5d5b6f01fae291b77e79662529ca00348a73050efb0498116d78bab27942b11e164224aa3fd920f8af138503b,08/09/2025 03:23:00 PM,1,DRIVER,1,2025813,,KIA,SOUL,IL,2014,UNKNOWN,SPORT UTILITY VEHICLE (SUV),UNKNOWN/NA,W,STRAIGHT AHEAD,,,2,,,,,,,,,,,Y,,,,,,,REAR-LEFT-CORNER,,,,,,,,,,,,,,,,,,,,,,,,,,,,,,,,,
2125044,24d5fd2c9e459bd05dbb7f73592ed58f483f50e5d5b6f01fae291b77e79662529ca00348a73050efb0498116d78bab27942b11e164224aa3fd920f8af138503b,08/09/2025 03:23:00 PM,2,DRIVER,,2025828,,TOYOTA,RAV4,IL,2024,NONE,SPORT UTILITY VEHICLE (SUV),PERSONAL,N,STRAIGHT AHEAD,,,1,,,,,Y,,,,,,,,,,,,,SIDE-RIGHT-FRONT,,,,,,,,,,,,,,,,,,,,,,,,,,,,,,,,,
2125083,a1ffa83988247fcb52befa64498620a4a55981b5f049ecebc4e12f8e7c1bc877dcf94590c0e89401febe76735419a11938bd111710058a6e940e6f90ee385aa0,08/09/2025 03:22:00 PM,1,DRIVER,,2025847,,FORD,ESCAPE,IL,2017,NONE,PASSENGER,PERSONAL,N,STRAIGHT AHEAD,Y,,1,,INSURANCE,,,Y,,,,,,,,,,Y,Y,Y,FRONT,,,,,,,,,,,,,,,,,,,,,,,,,,,,,,,,,
2125084,a1ffa83988247fcb52befa64498620a4a55981b5f049ecebc4e12f8e7c1bc877dcf94590c0e89401febe76735419a11938bd111710058a6e940e6f90ee385aa0,08/09/2025 03:22:00 PM,2,DRIVER,1,2025857,,LEXUS,ES,IL,2008,NONE,PASSENGER,PERSONAL,N,STRAIGHT AHEAD,Y,,2,,INSURANCE,,,,,,,Y,Y,Y,,,,,,Y,REAR,,,,,,,,,,,,,,,,,,,,,,,,,,,,,,,,,
2125021,b3ea35edda278e1d79aab6fac1581f284130de1a82d738b057b18ddad98b11c369f0bd4c02d91df1eda276baaf1dc627c0e0ba2acc73837c3f7463d9ba254d40,08/09/2025 03:22:00 PM,1,DRIVER,,2025801,,ACURA,ADX,IL,2001,NONE,PASSENGER,PERSONAL,N,STRAIGHT AHEAD,,,1,,,,,Y,,,,,,,,,,,Y,,FRONT-RIGHT-CORNER,,,,,,,,,,,,,,,,,,,,,,,,,,,,,,,,,
2125022,b3ea35edda278e1d79aab6fac1581f284130de1a82d738b057b18ddad98b11c369f0bd4c02d91df1eda276baaf1dc627c0e0ba2acc73837c3f7463d9ba254d40,08/09/2025 03:22:00 PM,2,DRIVER,,2025790,,FORD,TRANSIT,IL,2020,NONE,BUS UP TO 15 PASS.,OTHER,N,STRAIGHT AHEAD,,,1,,,,,,,,,,Y,Y,,,,,,,REAR-LEFT-CORNER,,,,,,,,,,,,,,,,,,,,,,,,,,,,,,,,,
2125027,3aeb0301701abfab087a2ee79e815e194b914ba56448df559474e82df325bcbf7f61db66812efe717a36b8cf5de10db8b5c9f4aa0597b8ad15950c7948893a56,08/09/2025 03:21:00 PM,1,DRIVER,,2025798,,NISSAN,ROGUE,IL,2012,NONE,PASSENGER,PERSONAL,S,STRAIGHT AHEAD,,,1,,,,,,,,,,,,,,,,Y,,FRONT,,,,,,,,,,,,,,,,,,,,,,,,,,,,,,,,,
2125028,3aeb0301701abfab087a2ee79e815e194b914ba56448df559474e82df325bcbf7f61db66812efe717a36b8cf5de10db8b5c9f4aa0597b8ad15950c7948893a56,08/09/2025 03:21:00 PM,2,DRIVER,3,2025808,,NISSAN,ROGUE,RI,2016,NONE,PASSENGER,PERSONAL,S,STRAIGHT AHEAD,,,4,,,,,,,,,,,Y,,,,,,,REAR-LEFT-CORNER,,,,,,,,,,,,,,,,,,,,,,,,,,,,,,,,,
2125034,565469562d391fba38f76432bd1a699c1a43a865e2d1341dd41d3cf3a5acfff7c4c8e45aa97eddd2aa9e9726191a8b635d2b477ae31acb3333e7e2a067d29b70,08/09/2025 03:20:00 PM,1,DRIVER,,2025811,,TOYOTA,OTHER (EXPLAIN IN NARRATIVE),IL,2005,UNKNOWN,PASSENGER,PERSONAL,W,STRAIGHT AHEAD,,,1,,,,,Y,Y,,,,,,,,Y,Y,Y,,FRONT,,,,,,,,,,,,,,,,,,,,,,,,,,,,,,,,,
2125035,565469562d391fba38f76432bd1a699c1a43a865e2d1341dd41d3cf3a5acfff7c4c8e45aa97eddd2aa9e9726191a8b635d2b477ae31acb3333e7e2a067d29b70,08/09/2025 03:20:00 PM,2,DRIVER,,2025821,,TOYOTA,RAV4,IL,2022,UNKNOWN,PASSENGER,PERSONAL,W,STRAIGHT AHEAD,,,1,,,,,,,,,Y,Y,Y,Y,,,,,,REAR,,,,,,,,,,,,,,,,,,,,,,,,,,,,,,,,,
2125219,227e55ef51cc1b2f1bcce997fd76066c4dd15108865c5bcef9c7a7c29b8fc6d5f1e41f7fd3d2d56d65b7f46b8f8c6fbeab2e883a4009f6aff6c2ddcaf0cc8a63,08/09/2025 03:15:00 PM,1,DRIVER,,2025974,,UNKNOWN,OTHER (EXPLAIN IN NARRATIVE),IL,,UNKNOWN,UNKNOWN/NA,UNKNOWN/NA,N,STRAIGHT AHEAD,,,1,,,,,Y,Y,Y,,,,,,,,,,,FRONT-RIGHT-CORNER,,,,,,,,,,,,,,,,,,,,,,,,,,,,,,,,,
2125220,227e55ef51cc1b2f1bcce997fd76066c4dd15108865c5bcef9c7a7c29b8fc6d5f1e41f7fd3d2d56d65b7f46b8f8c6fbeab2e883a4009f6aff6c2ddcaf0cc8a63,08/09/2025 03:15:00 PM,2,DRIVER,,2025976,,TOYOTA,COROLLA,IL,2021,NONE,PASSENGER,PERSONAL,N,STRAIGHT AHEAD,,,1,,,,,,,,,,,,,Y,Y,Y,,,FRONT-LEFT-CORNER,,,,,,,,,,,,,,,,,,,,,,,,,,,,,,,,,
2125088,2e04357ac790d0f70580dafe6b784c6a58d3cf5c4d4e90d81f4a1e165c17652f9aee1411dece4c62eced6124c91819cd08e10c1388bfa2efb1c305faaee6152f,08/09/2025 03:15:00 PM,1,DRIVER,,2025856,,HYUNDAI,ELANTRA,IL,2017,NONE,PASSENGER,PERSONAL,S,TURNING RIGHT,,,1,,,,,Y,,,,,,,,,,Y,Y,,FRONT,,,,,,,,,,,,,,,,,,,,,,,,,,,,,,,,,
2125089,2e04357ac790d0f70580dafe6b784c6a58d3cf5c4d4e90d81f4a1e165c17652f9aee1411dece4c62eced6124c91819cd08e10c1388bfa2efb1c305faaee6152f,08/09/2025 03:15:00 PM,2,PEDESTRIAN,,,,,,,,,,,,,,,,,,,,,,,,,,,,,,,,,,,,,,,,,,,,,,,,,,,,,,,,,,,,,,,,,,
2125602,a76bfbfea39976c4ed1de8e18048df087277724f3d60503e4c8bba6882b09d4b27b8e1084ad5204ff5f255a118d82b3bc06f809d38b0d8eec812c1ee210081d1,08/09/2025 03:14:00 PM,1,DRIVER,,2026333,,NEW FLYER,OTHER (EXPLAIN IN NARRATIVE),IL,2009,UNKNOWN,BUS OVER 15 PASS.,CTA,S,STRAIGHT AHEAD,,,1,,,,,,,,,,,,,,,,,Y,SIDE-LEFT,,,,,,,,,,,,,,,,,,,,,,,,,,,,,,,,,
2125603,a76bfbfea39976c4ed1de8e18048df087277724f3d60503e4c8bba6882b09d4b27b8e1084ad5204ff5f255a118d82b3bc06f809d38b0d8eec812c1ee210081d1,08/09/2025 03:14:00 PM,2,DRIVER,,2026339,,TOYOTA,HIGHLANDER,IL,2004,NONE,SPORT UTILITY VEHICLE (SUV),PERSONAL,S,STRAIGHT AHEAD,,,1,,,,,Y,,,,,,,,,,,,,REAR-RIGHT-CORNER,,,,,,,,,,,,,,,,,,,,,,,,,,,,,,,,,