CRASH_UNIT_ID,CRASH_RECORD_ID,CRASH_DATE,UNIT_NO,UNIT_TYPE,NUM_PASSENGERS,VEHICLE_ID,CMRC_VEH_I,MAKE,MODEL,LIC_PLATE_STATE,VEHICLE_YEAR,VEHICLE_DEFECT,VEHICLE_TYPE,VEHICLE_USE,TRAVEL_DIRECTION,MANEUVER,TOWED_I,FIRE_I,OCCUPANT_CNT,EXCEED_SPEED_LIMIT_I,TOWED_BY,TOWED_TO,AREA_00_I,AREA_01_I,AREA_02_I,AREA_03_I,AREA_04_I,AREA_05_I,AREA_06_I,AREA_07_I,AREA_08_I,AREA_09_I,AREA_10_I,AREA_11_I,AREA_12_I,AREA_99_I,FIRST_CONTACT_POINT,CMV_ID,USDOT_NO,CCMC_NO,ILCC_NO,COMMERCIAL_SRC,GVWR,CARRIER_NAME,CARRIER_STATE,CARRIER_CITY,HAZMAT_PLACARDS_I,HAZMAT_NAME,UN_NO,HAZMAT_PRESENT_I,HAZMAT_REPORT_I,HAZMAT_REPORT_NO,MCS_REPORT_I,MCS_REPORT_NO,HAZMAT_VIO_CAUSE_CRASH_I,MCS_VIO_CAUSE_CRASH_I,IDOT_PERMIT_NO,WIDE_LOAD_I,TRAILER1_WIDTH,TRAILER2_WIDTH,TRAILER1_LENGTH,TRAILER2_LENGTH,TOTAL_VEHICLE_LENGTH,AXLE_CNT,VEHICLE_CONFIG,CARGO_BODY_TYPE,LOAD_TYPE,HAZMAT_OUT_OF_SERVICE_I,MCS_OUT_OF_SERVICE_I,HAZMAT_CLASS
2125118,63c6b54ab00cc32e09c0fc738ebc097037dcfc365bcbc9d9b9848d7b395f6266dac0c60380f6e66236cafbe25773febbc3d6a83e90ac94c21d845d1deeea9c29,08/09/2025 03:11:00 PM,1,DRIVER,,2025889,,CHEVROLET,SILVERADO,IL,2001,NONE,PICKUP,PERSONAL,UNKNOWN,BACKING,,,1,,,,,,,,,N,,,,,,,,Y,SIDE-RIGHT-REAR,,,,,,,,,,,,,,,,,,,,,,,,,,,,,,,,,
2125119,63c6b54ab00cc32e09c0fc738ebc097037dcfc365bcbc9d9b9848d7b395f6266dac0c60380f6e66236cafbe25773febbc3d6a83e90ac94c21d845d1deeea9c29,08/09/2025 03:11:00 PM,2,PARKED,,2025913,,CHEVROLET,TAHOE,IL,2011,NONE,PASSENGER,PERSONAL,UNKNOWN,PARKED,,,0,,,,,,,,,,,,,,,Y,,,SIDE-LEFT-FRONT,,,,,,,,,,,,,,,,,,,,,,,,,,,,,,,,,
2125385,1e2d69075b53f07075198968a354a1ac159588f4b35126975e04b636780df099c6cc8c5cfb2178f3aae6f6eb022cd7aa67565594d86a8c0365638b0b899bd675,08/09/2025 03:10:00 PM,1,DRIVER,,2026129,,DODGE,DURANGO,IL,2014,UNKNOWN,SPORT UTILITY VEHICLE (SUV),UNKNOWN/NA,W,PASSING/OVERTAKING,,,1,,,,,,,,,,,,,,,Y,,,FRONT-LEFT-CORNER,,,,,,,,,,,,,,,,,,,,,,,,,,,,,,,,,
2125386,1e2d69075b53f07075198968a354a1ac159588f4b35126975e04b636780df099c6cc8c5cfb2178f3aae6f6eb022cd7aa67565594d86a8c0365638b0b899bd675,08/09/2025 03:10:00 PM,2,DRIVER,,2026133,,GENERAL MOTORS CORPORATION (GMC),ENVOY,IL,2004,NONE,SPORT UTILITY VEHICLE (SUV),PERSONAL,W,SLOW/STOP IN TRAFFIC,,,1,,,,,,,,,Y,,,,,,,,,REAR-RIGHT-CORNER,,,,,,,,,,,,,,,,,,,,,,,,,,,,,,,,,
2125171,cf731b8db1766b8116daaf42b3bf8c5815dc2e9ec9ee4d53a02a3b54caabd27fbdd731dc9dc24109aa11a15e08500e1e4294be5dc216073a08822ae729bdd26e,08/09/2025 03:10:00 PM,1,DRIVER,,2025928,,UNKNOWN,OTHER (EXPLAIN IN NARRATIVE),ME,2017,UNKNOWN,TRACTOR W/ SEMI-TRAILER,UNKNOWN/NA,E,TURNING RIGHT,,,1,,,,,,,,,,,,,,,,,Y,UNKNOWN,,,,,,,,,,,,,,,,,,,,,,,,,,,,,,,,,
2124970,0dace82fd02166d6acea200b776a6809a2f3e47a9245836a8a97f7f592d8ae01213335c8dab775147f875529a6ac7636b80d23d0989ed2872a2eb599d3f9dd46,08/09/2025 03:05:00 PM,1,DRIVER,,2025785,,NISSAN,OTHER (EXPLAIN IN NARRATIVE),XX,,UNKNOWN,UNKNOWN/NA,UNKNOWN/NA,W,PASSING/OVERTAKING,,,1,,,,,,,,,,,,,,,,,Y,SIDE-LEFT,,,,,,,,,,,,,,,,,,,,,,,,,,,,,,,,,
2124971,0dace82fd02166d6acea200b776a6809a2f3e47a9245836a8a97f7f592d8ae01213335c8dab775147f875529a6ac7636b80d23d0989ed2872a2eb599d3f9dd46,08/09/2025 03:05:00 PM,2,DRIVER,1,2025750,,GENERAL MOTORS CORPORATION (GMC),TERRAIN,IL,2022,UNKNOWN,PASSENGER,PERSONAL,W,STRAIGHT AHEAD,,,2,,,,,,Y,Y,Y,,,,,,,,,,SIDE-RIGHT,,,,,,,,,,,,,,,,,,,,,,,,,,,,,,,,,
2124996,b861aaf35bd81bf844b24c102a5bcb0f0e3c3971a200b1f367891610abeff0b828694437bd057e6c4624d27d8055e7d8704104ad93202b637db32d8e2f58bed8,08/09/2025 03:05:00 PM,1,DRIVER,,2025761,,GENERAL MOTORS CORPORATION (GMC),TERRAIN,TX,2021,UNKNOWN,SPORT UTILITY VEHICLE (SUV),PERSONAL,E,TURNING LEFT,,,1,,,,,,Y,Y,,,,,,,,,,,SIDE-RIGHT,,,,,,,,,,,,,,,,,,,,,,,,,,,,,,,,,
2124997,b861aaf35bd81bf844b24c102a5bcb0f0e3c3971a200b1f367891610abeff0b828694437bd057e6c4624d27d8055e7d8704104ad93202b637db32d8e2f58bed8,08/09/2025 03:05:00 PM,2,DRIVER,,2025774,,FORD,FUSION,IL,2016,NONE,PASSENGER,PERSONAL,W,STRAIGHT AHEAD,,,1,,,,,,,,,,,,,,,Y,Y,,FRONT-LEFT-CORNER,,,,,,,,,,,,,,,,,,,,,,,,,,,,,,,,,
2126506,72421e8a6deab80895f7fd293e4c60688c88d1c0f242404222414f8f422238fd39088d0fd955d536c4c18e96e707c75c7d460d2ce74547b5274755a708700acb,08/09/2025 03:03:00 PM,1,DRIVER,,2027199,,FORD,F350,IL,2006,UNKNOWN,UNKNOWN/NA,UNKNOWN/NA,S,STRAIGHT AHEAD,,,1,,,,,,,,,,,,,Y,Y,Y,,N,NONE,,,,,,,,,,,,,,,,,,,,,,,,,,,,,,,,,
2126507,72421e8a6deab80895f7fd293e4c60688c88d1c0f242404222414f8f422238fd39088d0fd955d536c4c18e96e707c75c7d460d2ce74547b5274755a708700acb,08/09/2025 03:03:00 PM,2,DRIVER,,2027200,Y,MAZDA,MAZDA3,IL,2025,UNKNOWN,UNKNOWN/NA,UNKNOWN/NA,S,SLOW/STOP IN TRAFFIC,,,1,,,,,,,,Y,Y,,,,,,,,,REAR-LEFT-CORNER,"21,968",,,,,,PV HOLDING CORP,IL,CHICAGO,,,,N,N,,N,,N,N,,,,,,,,,,,,N,N,
2125696,28d54a04bf462dd53354ff9976c0fddbc54273868aab48f33c9889144930681759fb30ee67363592454982ee3f574bb2ad124ab1962871470f459fc4e436dd83,08/09/2025 03:00:00 PM,1,DRIVER,,2026425,,HONDA,CIVIC,IL,2006,UNKNOWN,PASSENGER,UNKNOWN/NA,W,STRAIGHT AHEAD,,,1,,,,,,,,,,,,,,,,,Y,FRONT-RIGHT-CORNER,,,,,,,,,,,,,,,,,,,,,,,,,,,,,,,,,
2125697,28d54a04bf462dd53354ff9976c0fddbc54273868aab48f33c9889144930681759fb30ee67363592454982ee3f574bb2ad124ab1962871470f459fc4e436dd83,08/09/2025 03:00:00 PM,2,PARKED,1,2026429,,HONDA,HR-V,IL,2024,NONE,PASSENGER,PERSONAL,W,PARKED,,,1,,,,,,,,,,,Y,,,,,,,REAR-LEFT-CORNER,,,,,,,,,,,,,,,,,,,,,,,,,,,,,,,,,
2125937,89e5d4390d9db1bb8635f51f6409046b67000af59d977552d58e039a7e327454bd13466ab46a51b2163404899fb5df87ec0be55e8debec9aae0603aa1db988b1,08/09/2025 03:00:00 PM,1,DRIVER,1,2026647,,SUBARU,CROSSTREK,IL,2024,UNKNOWN,SPORT UTILITY VEHICLE (SUV),OTHER,W,STRAIGHT AHEAD,N,,2,,,,,Y,,,,,,,,,Y,Y,Y,Y,FRONT,,,,,,,,,,,,,,,,,,,,,,,,,,,,,,,,,
2125938,89e5d4390d9db1bb8635f51f6409046b67000af59d977552d58e039a7e327454bd13466ab46a51b2163404899fb5df87ec0be55e8debec9aae0603aa1db988b1,08/09/2025 03:00:00 PM,2,DRIVER,,2026648,,CHEVROLET,EQUINOX,IL,2019,UNKNOWN,SPORT UTILITY VEHICLE (SUV),OTHER,W,STRAIGHT AHEAD,,,1,,,,,Y,Y,Y,,,,,,,,,Y,Y,UNKNOWN,,,,,,,,,,,,,,,,,,,,,,,,,,,,,,,,,
2126465,bc1670fa03a7b8bc354f80d8824d52569b36efa1e4e0fcc1febef41de7d2412a043542b4fef7f4b8b9e4c100e4115869f481ccafca6d936ffc43b4d46510cba4,08/09/2025 03:00:00 PM,1,DRIVER,,2027158,,TOYOTA,OTHER (EXPLAIN IN NARRATIVE),IL,2013,UNKNOWN,SPORT UTILITY VEHICLE (SUV),UNKNOWN/NA,S,STRAIGHT AHEAD,,,1,,,,,,,,,,,,,,,,,Y,FRONT,,,,,,,,,,,,,,,,,,,,,,,,,,,,,,,,,
2126548,bc1670fa03a7b8bc354f80d8824d52569b36efa1e4e0fcc1febef41de7d2412a043542b4fef7f4b8b9e4c100e4115869f481ccafca6d936ffc43b4d46510cba4,08/09/2025 03:00:00 PM,2,DRIVER,,2027238,,CHEVROLET,OTHER (EXPLAIN IN NARRATIVE),IL,2022,NONE,SPORT UTILITY VEHICLE (SUV),UNKNOWN/NA,S,STRAIGHT AHEAD,,,1,,,,Y,,,,,,N,,,,,,,N,REAR,,,,,,,,,,,,,,,,,,,,,,,,,,,,,,,,,
2129259,cb689cf592269d0e381deae425b063457090ab92beba7211b97610fdc0541c256874ab830d62cd4b447e05298598130384047e2c668c6c968af74dceaa995d82,08/09/2025 03:00:00 PM,1,DRIVER,,2029791,,UNKNOWN,MOTORIZED,,,UNKNOWN,UNKNOWN/NA,UNKNOWN/NA,UNKNOWN,UNKNOWN/NA,,,1,,,,,,,,,,,,,,,,,Y,UNKNOWN,,,,,,,,,,,,,,,,,,,,,,,,,,,,,,,,,
2129260,cb689cf592269d0e381deae425b063457090ab92beba7211b97610fdc0541c256874ab830d62cd4b447e05298598130384047e2c668c6c968af74dceaa995d82,08/09/2025 03:00:00 PM,2,DRIVER,,2029792,,TOYOTA,RAV4,,2005,UNKNOWN,UNKNOWN/NA,UNKNOWN/NA,UNKNOWN,UNKNOWN/NA,,,1,,,,,,,,,N,N,N,N,,Y,Y,Y,N,FRONT-LEFT-CORNER,,,,,,,,,,,,,,,,,,,,,,,,,,,,,,,,,
2125013,cec0f524ffdbd00cc39df2aec8ad691493a8c300acb7fba4772e942bab0fb8ac05133f9f13c64e472ce7034ed7c597b7875ffa833e66441127565f9ff0e746a6,08/09/2025 03:00:00 PM,1,DRIVER,,2025793,,ACURA,CL,,,NONE,PASSENGER,PERSONAL,N,PASSING/OVERTAKING,,,1,,,,,Y,,,,,,,,,,,,,FRONT-RIGHT-CORNER,,,,,,,,,,,,,,,,,,,,,,,,,,,,,,,,,
2125014,cec0f524ffdbd00cc39df2aec8ad691493a8c300acb7fba4772e942bab0fb8ac05133f9f13c64e472ce7034ed7c597b7875ffa833e66441127565f9ff0e746a6,08/09/2025 03:00:00 PM,2,DRIVER,,2025806,,NISSAN,SENTRA,,,NONE,PASSENGER,PERSONAL,N,STRAIGHT AHEAD,,,1,,,,,,,,,,,,,,,Y,,,FRONT-RIGHT-CORNER,,,,,,,,,,,,,,,,,,,,,,,,,,,,,,,,,
2125073,2fd6933bf59da010e76c48ea2292b05fe20c03fc9cbc73829e19270a78f74da8030c9686905f788e914bc64294c1bd3eed876fc400b1b04149a325f0175346b7,08/09/2025 02:51:00 PM,1,DRIVER,,2025837,,HONDA,HR-V,IL,2023,UNKNOWN,PASSENGER,PERSONAL,S,TURNING LEFT,,,1,,,,,Y,Y,,,,,,,,,,,N,FRONT-RIGHT-CORNER,,,,,,,,,,,,,,,,,,,,,,,,,,,,,,,,,
2125074,2fd6933bf59da010e76c48ea2292b05fe20c03fc9cbc73829e19270a78f74da8030c9686905f788e914bc64294c1bd3eed876fc400b1b04149a325f0175346b7,08/09/2025 02:51:00 PM,2,DRIVER,,2025843,,NISSAN,SENTRA,IL,2021,UNKNOWN,PASSENGER,PERSONAL,E,STRAIGHT AHEAD,,,1,,,,,,,,,,,,,,Y,Y,Y,,FRONT-LEFT-CORNER,,,,,,,,,,,,,,,,,,,,,,,,,,,,,,,,,
2124945,aa192da8ffdbe8ad4b8e297a78d91c7b5b8dfd249707b697fbe6aca8a7a20d70eee868778dc064c3ee60ce2c334991af51fc071cd1b04fee00c5fe0d1ea6d2ae,08/09/2025 02:50:00 PM,1,DRIVER,1,2025724,,TOYOTA,PRIUS,IL,2006,NONE,PASSENGER,PERSONAL,E,OTHER,,,2,,,,,,,,,,,,,Y,,,,,SIDE-LEFT,,,,,,,,,,,,,,,,,,,,,,,,,,,,,,,,,
2124946,aa192da8ffdbe8ad4b8e297a78d91c7b5b8dfd249707b697fbe6aca8a7a20d70eee868778dc064c3ee60ce2c334991af51fc071cd1b04fee00c5fe0d1ea6d2ae,08/09/2025 02:50:00 PM,2,PARKED,,2025726,,HONDA,PILOT,,2025,NONE,PASSENGER,PERSONAL,E,PARKED,,,0,,,,,Y,Y,,,,,,,,,,,,FRONT-RIGHT-CORNER,,,,,,,,,,,,,,,,,,,,,,,,,,,,,,,,,
2126532,d770bd58485a875099e1b7e186a0094a8ffd50f089bb911d31fc72b8a1402e49a3e248354e3e8ed04b9fffd8e28a7ae7239b8c7701e8628ad96af2f9e0ad2ed4,08/09/2025 02:50:00 PM,1,DRIVER,,2027231,,CADILLAC,OTHER (EXPLAIN IN NARRATIVE),IL,2024,UNKNOWN,SPORT UTILITY VEHICLE (SUV),UNKNOWN/NA,N,CHANGING LANES,,,1,,,,,,,,,,,,,,,Y,,,FRONT-LEFT-CORNER,,,,,,,,,,,,,,,,,,,,,,,,,,,,,,,,,
2126533,d770bd58485a875099e1b7e186a0094a8ffd50f089bb911d31fc72b8a1402e49a3e248354e3e8ed04b9fffd8e28a7ae7239b8c7701e8628ad96af2f9e0ad2ed4,08/09/2025 02:50:00 PM,2,DRIVER,1,2027234,,CHEVROLET,TRAX,IL,2020,NONE,PASSENGER,PERSONAL,N,STRAIGHT AHEAD,,,2,,,,,,Y,Y,Y,,,,,,,,,,SIDE-RIGHT,,,,,,,,,,,,,,,,,,,,,,,,,,,,,,,,,
2125004,da0733a9c03be042e75a78815432f5af0c2202774d799259d9ceecd254aebfa86f0a20f7b4b4ec41ee0fc508ff7c4a193f436e6234e97594e540ab59f425c534,08/09/2025 02:50:00 PM,1,DRIVER,,2025766,,UNKNOWN,OTHER (EXPLAIN IN NARRATIVE),IL,,UNKNOWN,UNKNOWN/NA,UNKNOWN/NA,S,STRAIGHT AHEAD,,,1,,,,,Y,,,,,,,,,,Y,Y,,FRONT,,,,,,,,,,,,,,,,,,,,,,,,,,,,,,,,,
2125005,da0733a9c03be042e75a78815432f5af0c2202774d799259d9ceecd254aebfa86f0a20f7b4b4ec41ee0fc508ff7c4a193f436e6234e97594e540ab59f425c534,08/09/2025 02:50:00 PM,2,PARKED,,2025770,,VOLKSWAGEN,ATLAS,IL,2025,NONE,PASSENGER,NOT IN USE,UNKNOWN,PARKED,Y,,0,,AAA,private shop,,Y,,,,Y,Y,Y,,,Y,Y,Y,,REAR,,,,,,,,,,,,,,,,,,,,,,,,,,,,,,,,,
2125008,da0733a9c03be042e75a78815432f5af0c2202774d799259d9ceecd254aebfa86f0a20f7b4b4ec41ee0fc508ff7c4a193f436e6234e97594e540ab59f425c534,08/09/2025 02:50:00 PM,3,PARKED,,2025778,,DODGE,JOURNEY,IL,2014,NONE,PASSENGER,NOT IN USE,UNKNOWN,PARKED,,,0,,,,,,,,,Y,Y,Y,,,,,,,REAR,,,,,,,,,,,,,,,,,,,,,,,,,,,,,,,,,
2124966,86d6bce672e31b409a6efa3d5a6466ba1276e8e3ad51b07c57e9e83f78850c5a54ed33a4f713ecd846917704d8866b0a6c7ba245aa029c375deb68fcfff93ca4,08/09/2025 02:49:00 PM,1,DRIVER,,2025733,,DODGE,RAM 2500 PU,IL,2025,UNKNOWN,PICKUP,PERSONAL,W,STRAIGHT AHEAD,,,1,,,,,,,,,,,,,,,Y,Y,,FRONT-LEFT-CORNER,,,,,,,,,,,,,,,,,,,,,,,,,,,,,,,,,
2124967,86d6bce672e31b409a6efa3d5a6466ba1276e8e3ad51b07c57e9e83f78850c5a54ed33a4f713ecd846917704d8866b0a6c7ba245aa029c375deb68fcfff93ca4,08/09/2025 02:49:00 PM,2,DRIVER,1,2025740,,NISSAN,KICKS,IL,2020,UNKNOWN,PASSENGER,PERSONAL,E,STRAIGHT AHEAD,,,2,,,,,N,,,,,,,,,Y,Y,Y,,FRONT-LEFT-CORNER,,,,,,,,,,,,,,,,,,,,,,,,,,,,,,,,,
2125628,2bbb980ac831827ded5a8541fc608389755c8bfa8e09019066b7a0a1d0e7cd919d46948c54d5f4b211d924b60c95a09794aa0a7a28712595795ea0ae71cde0d3,08/09/2025 02:45:00 PM,1,DRIVER,,2026351,,INFINITI,OTHER (EXPLAIN IN NARRATIVE),,,UNKNOWN,PASSENGER,PERSONAL,S,STRAIGHT AHEAD,,,1,,,,,Y,,,,,,,,,,Y,Y,,FRONT,,,,,,,,,,,,,,,,,,,,,,,,,,,,,,,,,
2125629,2bbb980ac831827ded5a8541fc608389755c8bfa8e09019066b7a0a1d0e7cd919d46948c54d5f4b211d924b60c95a09794aa0a7a28712595795ea0ae71cde0d3,08/09/2025 02:45:00 PM,2,DRIVER,,2026356,,HONDA,CR-V,IL,2016,NONE,PASSENGER,PERSONAL,S,STRAIGHT AHEAD,,,1,,,,,Y,,,,Y,Y,Y,,,,Y,Y,,REAR,,,,,,,,,,,,,,,,,,,,,,,,,,,,,,,,,
2125630,2bbb980ac831827ded5a8541fc608389755c8bfa8e09019066b7a0a1d0e7cd919d46948c54d5f4b211d924b60c95a09794aa0a7a28712595795ea0ae71cde0d3,08/09/2025 02:45:00 PM,3,DRIVER,,2026367,,CHEVROLET,EQUINOX,IL,2013,NONE,PASSENGER,PERSONAL,S,STRAIGHT AHEAD,,,1,,,,,Y,,,,Y,Y,Y,,,,Y,Y,,REAR,,,,,,,,,,,,,,,,,,,,,,,,,,,,,,,,,
2125631,2bbb980ac831827ded5a8541fc608389755c8bfa8e09019066b7a0a1d0e7cd919d46948c54d5f4b211d924b60c95a09794aa0a7a28712595795ea0ae71cde0d3,08/09/2025 02:45:00 PM,4,DRIVER,,2026375,,UNKNOWN,MOTORIZED,,,UNKNOWN,PASSENGER,PERSONAL,S,STRAIGHT AHEAD,,,1,,,,,,,,,Y,Y,Y,,,,,,,REAR,,,,,,,,,,,,,,,,,,,,,,,,,,,,,,,,,
2124954,4ff8fc5c2006e6ef96f06fedcf59ea2ec426fd59e0a0168a67f0dc73b43171e31f18caa660aeac247acceb60682cfd7e2a75d7440565831ce7e81101930a2cfd,08/09/2025 02:45:00 PM,1,DRIVER,,2025723,,CHEVROLET,TRUCK,IL,2018,UNKNOWN,SPORT UTILITY VEHICLE (SUV),UNKNOWN/NA,W,CHANGING LANES,,,1,,,,,Y,,,,,,,,,,,,,FRONT-RIGHT-CORNER,,,,,,,,,,,,,,,,,,,,,,,,,,,,,,,,,
2124955,4ff8fc5c2006e6ef96f06fedcf59ea2ec426fd59e0a0168a67f0dc73b43171e31f18caa660aeac247acceb60682cfd7e2a75d7440565831ce7e81101930a2cfd,08/09/2025 02:45:00 PM,2,DRIVER,,2025725,,GENERAL MOTORS CORPORATION (GMC),SIERRA,IL,2021,NONE,PICKUP,PERSONAL,W,STRAIGHT AHEAD,,,1,,,,Y,,,,,,,,,,,,,,NONE,,,,,,,,,,,,,,,,,,,,,,,,,,,,,,,,,
2125045,31ba89ba0b13f95a13ffd22b5b35a55f4f3f430894d1d4ff44f4771511ca56a24cef1b84ef6a2eb90b78d51783c9045e4392b662571282c8d55b9054310ef11f,08/09/2025 02:38:00 PM,1,DRIVER,2,2025927,,FORD,F150,IL,2011,NONE,PICKUP,PERSONAL,E,TURNING LEFT,,,3,,,,,Y,,,,,,,,,,,,,FRONT-RIGHT-CORNER,,,,,,,,,,,,,,,,,,,,,,,,,,,,,,,,,
2125046,31ba89ba0b13f95a13ffd22b5b35a55f4f3f430894d1d4ff44f4771511ca56a24cef1b84ef6a2eb90b78d51783c9045e4392b662571282c8d55b9054310ef11f,08/09/2025 02:38:00 PM,2,DRIVER,2,2025930,,CHEVROLET,SUBURBAN,IL,2021,NONE,SPORT UTILITY VEHICLE (SUV),TAXI/FOR HIRE,E,TURNING LEFT,,,3,,,,,,,,,,,Y,,,,,,,SIDE-LEFT-REAR,,,,,,,,,,,,,,,,,,,,,,,,,,,,,,,,,
2124972,340c72ade8038bece6a62084d6c48312a824672b28e558444982cc54a97c78a40d3e0574bb5693fa9ea0f81323e0cf26deb6015c806ff5ae3d97f8221e781fd2,08/09/2025 02:37:00 PM,1,DRIVER,,2025734,,FORD,OTHER (EXPLAIN IN NARRATIVE),IL,2014,UNKNOWN,PASSENGER,PERSONAL,N,STRAIGHT AHEAD,,,1,,,,,,,,,,,,,,,,,Y,UNKNOWN,,,,,,,,,,,,,,,,,,,,,,,,,,,,,,,,,
2124973,340c72ade8038bece6a62084d6c48312a824672b28e558444982cc54a97c78a40d3e0574bb5693fa9ea0f81323e0cf26deb6015c806ff5ae3d97f8221e781fd2,08/09/2025 02:37:00 PM,2,DRIVER,1,2025741,,TOYOTA,PRIUS,IL,2013,UNKNOWN,PASSENGER,PERSONAL,N,SLOW/STOP IN TRAFFIC,,,2,,,,,,,,,Y,Y,Y,,,,,,,REAR,,,,,,,,,,,,,,,,,,,,,,,,,,,,,,,,,
2125056,4fc2b74adde63d59d8ca5fb31090d71bddeb30c5af28814d57932c92b5a040aec2e0355d57dc4f02a80500beab595097ffb1b27e5e72fba3ca4647018fc6f922,08/09/2025 02:30:00 PM,1,DRIVER,,2025820,,MUSTANG,MUSTANG,IL,2015,NONE,PASSENGER,PERSONAL,E,STRAIGHT AHEAD,,,1,,,,,N,,,,,,,,,,N,N,Y,FRONT,,,,,,,,,,,,,,,,,,,,,,,,,,,,,,,,,
2125057,4fc2b74adde63d59d8ca5fb31090d71bddeb30c5af28814d57932c92b5a040aec2e0355d57dc4f02a80500beab595097ffb1b27e5e72fba3ca4647018fc6f922,08/09/2025 02:30:00 PM,2,DRIVER,,2025829,,TOYOTA,CAMRY,IL,2021,NONE,PASSENGER,PERSONAL,E,SLOW/STOP IN TRAFFIC,,,1,,,,,,,,,Y,Y,Y,Y,,,,,,REAR,,,,,,,,,,,,,,,,,,,,,,,,,,,,,,,,,
2125122,5965d1ec6c248770545463d7f16c3a7dec93c7600cdb331f871c4c4adf4a950a7faba03f12f19722e865295c979c2d6748dc1f30639075a6cc54e3aeb36c5c5d,08/09/2025 02:30:00 PM,1,DRIVER,,2025880,,TOYOTA,HIGHLANDER,WI,2025,NONE,VAN/MINI-VAN,PERSONAL,SE,LEAVING TRAFFIC LANE TO PARK,,,1,,,,,,,,Y,,,,,,,,,,SIDE-RIGHT-REAR,,,,,,,,,,,,,,,,,,,,,,,,,,,,,,,,,
2125123,5965d1ec6c248770545463d7f16c3a7dec93c7600cdb331f871c4c4adf4a950a7faba03f12f19722e865295c979c2d6748dc1f30639075a6cc54e3aeb36c5c5d,08/09/2025 02:30:00 PM,2,PARKED,1,2025884,,NISSAN,ALTIMA,IL,2016,NONE,PICKUP,PERSONAL,E,PARKED,,,1,,,,,,,,,,,,,,,Y,,,FRONT-LEFT-CORNER,,,,,,,,,,,,,,,,,,,,,,,,,,,,,,,,,
2125102,753ba015b6b43ac678ec0779a62578a26cbaec3e01cd1f0b84837d87fb5ae30e33faadfaa13f4f46b8f7088e39e3fcf51f2513d551f97049e893778b9fc6c1b1,08/09/2025 02:30:00 PM,1,DRIVER,,2025865,,GENERAL MOTORS CORPORATION (GMC),YUKON,IL,2013,UNKNOWN,SPORT UTILITY VEHICLE (SUV),UNKNOWN/NA,E,STRAIGHT AHEAD,,,1,,,,,,,,,,,,,,,,,Y,FRONT,,,,,,,,,,,,,,,,,,,,,,,,,,,,,,,,,
2125103,753ba015b6b43ac678ec0779a62578a26cbaec3e01cd1f0b84837d87fb5ae30e33faadfaa13f4f46b8f7088e39e3fcf51f2513d551f97049e893778b9fc6c1b1,08/09/2025 02:30:00 PM,2,DRIVER,,2025872,,HONDA,CIVIC,IL,2024,UNKNOWN,PASSENGER,PERSONAL,E,TURNING LEFT,,,1,,,,,,,,,Y,,,,,,,,,REAR-RIGHT-CORNER,,,,,,,,,,,,,,,,,,,,,,,,,,,,,,,,,
2125092,764adc8d88b059c9ac845b893ede4da810394f641e423d4827449abb32ccaa0c57f03e18399e62a348a13194ad04cfc89212c2dd0ff5918a9710b34029573354,08/09/2025 02:30:00 PM,1,DRIVER,,2025858,,UNKNOWN,OTHER (EXPLAIN IN NARRATIVE),,,UNKNOWN,OTHER,UNKNOWN/NA,N,STARTING IN TRAFFIC,,,1,,,,,,,,,,,,,,,Y,,,FRONT-LEFT-CORNER,,,,,,,,,,,,,,,,,,,,,,,,,,,,,,,,,
2125093,764adc8d88b059c9ac845b893ede4da810394f641e423d4827449abb32ccaa0c57f03e18399e62a348a13194ad04cfc89212c2dd0ff5918a9710b34029573354,08/09/2025 02:30:00 PM,2,DRIVER,,2025868,,FORD,EXPLORER,IL,2000,NONE,SPORT UTILITY VEHICLE (SUV),PERSONAL,N,STRAIGHT AHEAD,,,1,,,,,,,Y,,,,,,,,,,,SIDE-RIGHT,,,,,,,,,,,,,,,,,,,,,,,,,,,,,,,,,
2125160,8443b0608c0e196921dbfd6e67183803797411c68cd379088d2c2a0110957fa88a5494ada3c118d604fa435b3bad5faac0417bea35397a19e962a1f476587070,08/09/2025 02:30:00 PM,1,DRIVER,,2025940,,AUDI,OTHER (EXPLAIN IN NARRATIVE),IL,2007,NONE,PASSENGER,PERSONAL,S,STRAIGHT AHEAD,,,1,,,,,Y,,,,,,,,,,Y,Y,,FRONT,,,,,,,,,,,,,,,,,,,,,,,,,,,,,,,,,
2125161,8443b0608c0e196921dbfd6e67183803797411c68cd379088d2c2a0110957fa88a5494ada3c118d604fa435b3bad5faac0417bea35397a19e962a1f476587070,08/09/2025 02:30:00 PM,2,DRIVER,,2025943,,CHEVROLET,TRAX,IL,2019,NONE,PASSENGER,PERSONAL,S,STRAIGHT AHEAD,,,1,,,,,,,,,,Y,Y,,,,,,,REAR-LEFT-CORNER,,,,,,,,,,,,,,,,,,,,,,,,,,,,,,,,,
2125147,d58eb7515a2a964be5cdea9bca86d843a771c396bd8366b9ac120896294047e07926173f3b5bb1cbe537f3e9662dc0d3acf1871680d74bbfcf900c35aa8e117b,08/09/2025 02:30:00 PM,1,DRIVER,,2025907,,KIA,OPTIMA / K5,IL,2006,UNKNOWN,UNKNOWN/NA,UNKNOWN/NA,UNKNOWN,UNKNOWN/NA,,,1,,,,,,,,,,,,,,,,,Y,UNKNOWN,,,,,,,,,,,,,,,,,,,,,,,,,,,,,,,,,