CRASH_UNIT_ID,CRASH_RECORD_ID,CRASH_DATE,UNIT_NO,UNIT_TYPE,NUM_PASSENGERS,VEHICLE_ID,CMRC_VEH_I,MAKE,MODEL,LIC_PLATE_STATE,VEHICLE_YEAR,VEHICLE_DEFECT,VEHICLE_TYPE,VEHICLE_USE,TRAVEL_DIRECTION,MANEUVER,TOWED_I,FIRE_I,OCCUPANT_CNT,EXCEED_SPEED_LIMIT_I,TOWED_BY,TOWED_TO,AREA_00_I,AREA_01_I,AREA_02_I,AREA_03_I,AREA_04_I,AREA_05_I,AREA_06_I,AREA_07_I,AREA_08_I,AREA_09_I,AREA_10_I,AREA_11_I,AREA_12_I,AREA_99_I,FIRST_CONTACT_POINT,CMV_ID,USDOT_NO,CCMC_NO,ILCC_NO,COMMERCIAL_SRC,GVWR,CARRIER_NAME,CARRIER_STATE,CARRIER_CITY,HAZMAT_PLACARDS_I,HAZMAT_NAME,UN_NO,HAZMAT_PRESENT_I,HAZMAT_REPORT_I,HAZMAT_REPORT_NO,MCS_REPORT_I,MCS_REPORT_NO,HAZMAT_VIO_CAUSE_CRASH_I,MCS_VIO_CAUSE_CRASH_I,IDOT_PERMIT_NO,WIDE_LOAD_I,TRAILER1_WIDTH,TRAILER2_WIDTH,TRAILER1_LENGTH,TRAILER2_LENGTH,TOTAL_VEHICLE_LENGTH,AXLE_CNT,VEHICLE_CONFIG,CARGO_BODY_TYPE,LOAD_TYPE,HAZMAT_OUT_OF_SERVICE_I,MCS_OUT_OF_SERVICE_I,HAZMAT_CLASS
2125148,d58eb7515a2a964be5cdea9bca86d843a771c396bd8366b9ac120896294047e07926173f3b5bb1cbe537f3e9662dc0d3acf1871680d74bbfcf900c35aa8e117b,08/09/2025 02:30:00 PM,2,DRIVER,,2025912,,CHRYSLER,300,IL,2008,UNKNOWN,UNKNOWN/NA,UNKNOWN/NA,UNKNOWN,UNKNOWN/NA,,,1,,,,,,Y,Y,,,,,,,,,,,SIDE-RIGHT,,,,,,,,,,,,,,,,,,,,,,,,,,,,,,,,,
2124984,9e64657f48a2b9621230ebdd43a44502f74183a958004232b3c95069aa9f6086faaadbc95284503f2e8cb9d623b757a9d18516debb0772b7a71cc6ddd3c7e2ff,08/09/2025 02:28:00 PM,1,DRIVER,,2025753,,CHRYSLER,PACIFICA,WA,2025,NONE,VAN/MINI-VAN,OTHER,SE,STRAIGHT AHEAD,,,1,,,,,Y,Y,N,,,,,,,Y,Y,Y,,FRONT-LEFT-CORNER,,,,,,,,,,,,,,,,,,,,,,,,,,,,,,,,,
2124985,9e64657f48a2b9621230ebdd43a44502f74183a958004232b3c95069aa9f6086faaadbc95284503f2e8cb9d623b757a9d18516debb0772b7a71cc6ddd3c7e2ff,08/09/2025 02:28:00 PM,2,PARKED,5,2025758,,GENERAL MOTORS CORPORATION (GMC),TERRAIN,IL,2019,NONE,PASSENGER,PERSONAL,NW,PARKED,,,5,,,,,Y,Y,,,,,,,Y,Y,Y,Y,,FRONT-LEFT-CORNER,,,,,,,,,,,,,,,,,,,,,,,,,,,,,,,,,
2124962,f7f4dc14fdb3cf34c4fb52da74730c18e4e9e4f07377f961c8e79f388f38f5e9f7028d3ed9a824b30ca7f911e4ddcba664a2740e0b9c2beeec57381e69b07802,08/09/2025 02:24:00 PM,1,DRIVER,,2025748,,CHEVROLET,TRUCK,IL,2014,UNKNOWN,PICKUP,PERSONAL,E,TURNING LEFT,,,1,,,,,,,,,,,,,,,,,Y,UNKNOWN,,,,,,,,,,,,,,,,,,,,,,,,,,,,,,,,,
2124963,f7f4dc14fdb3cf34c4fb52da74730c18e4e9e4f07377f961c8e79f388f38f5e9f7028d3ed9a824b30ca7f911e4ddcba664a2740e0b9c2beeec57381e69b07802,08/09/2025 02:24:00 PM,2,DRIVER,1,2025735,,HONDA,PILOT,IL,2010,NONE,PASSENGER,PERSONAL,N,ENTERING TRAFFIC LANE FROM PARKING,,,2,,,,,,,,,,,,,Y,Y,,,,FRONT-LEFT-CORNER,,,,,,,,,,,,,,,,,,,,,,,,,,,,,,,,,
2125449,ac8101d96b94ca0010c9cf5f56fe74c00e32e48f030e37872d64bccff3572e1cf90bd08e16e2260389d7b67b0197057393567a1a2b92f6ae798eca9fb2c36e4b,08/09/2025 02:23:00 PM,1,DRIVER,,2026190,,FORD,EXPLORER,IL,2017,UNKNOWN,SPORT UTILITY VEHICLE (SUV),UNKNOWN/NA,S,STRAIGHT AHEAD,,,1,,,,,,,,,,,,,,,,,Y,SIDE-RIGHT,,,,,,,,,,,,,,,,,,,,,,,,,,,,,,,,,
2125450,ac8101d96b94ca0010c9cf5f56fe74c00e32e48f030e37872d64bccff3572e1cf90bd08e16e2260389d7b67b0197057393567a1a2b92f6ae798eca9fb2c36e4b,08/09/2025 02:23:00 PM,2,DRIVER,,2026197,,NISSAN,MURANO,IL,2019,NONE,PASSENGER,PERSONAL,S,STRAIGHT AHEAD,,,1,,,,,,,,,,,,,,Y,Y,,,SIDE-LEFT,,,,,,,,,,,,,,,,,,,,,,,,,,,,,,,,,
2124924,71b02b874f2d5eab65131ed8e662dfd7cadfb8535e3683b2264059f78d58b2bf5606a615a9ffcc7a051a4c67c4b9464223bc36bff7015270f9081f07b866a573,08/09/2025 02:22:00 PM,1,DRIVER,,2025695,,ACURA,RLX,IL,2023,NONE,SPORT UTILITY VEHICLE (SUV),PERSONAL,S,TURNING LEFT,,,1,,,,,,,,,,,,Y,Y,Y,Y,Y,,FRONT-LEFT-CORNER,,,,,,,,,,,,,,,,,,,,,,,,,,,,,,,,,
2124925,71b02b874f2d5eab65131ed8e662dfd7cadfb8535e3683b2264059f78d58b2bf5606a615a9ffcc7a051a4c67c4b9464223bc36bff7015270f9081f07b866a573,08/09/2025 02:22:00 PM,2,DRIVER,1,2025700,,SUBARU,OUTBACK,IL,2019,NONE,PASSENGER,PERSONAL,N,STRAIGHT AHEAD,,,2,,,,,,,,,,,,Y,Y,Y,Y,Y,,FRONT-LEFT-CORNER,,,,,,,,,,,,,,,,,,,,,,,,,,,,,,,,,
2125011,cbae2eafbe2ab25f1667df8f0349240f07f0afa28fd64ba0846ba514d48d43f83a73d1d1ddd5402e7fbd040fcfb7b82c2b41e05f750fb553fdf0b53740fecc4c,08/09/2025 02:20:00 PM,1,DRIVER,,2025792,,TOYOTA,RAV4,IL,2005,UNKNOWN,SPORT UTILITY VEHICLE (SUV),PERSONAL,N,STRAIGHT AHEAD,,,1,,,,,,,,,,,,,,,,Y,,FRONT,,,,,,,,,,,,,,,,,,,,,,,,,,,,,,,,,
2125012,cbae2eafbe2ab25f1667df8f0349240f07f0afa28fd64ba0846ba514d48d43f83a73d1d1ddd5402e7fbd040fcfb7b82c2b41e05f750fb553fdf0b53740fecc4c,08/09/2025 02:20:00 PM,2,DRIVER,,2025802,,FORD,OTHER (EXPLAIN IN NARRATIVE),IL,2022,NONE,TRUCK - SINGLE UNIT,COMMERCIAL - SINGLE UNIT,E,STRAIGHT AHEAD,,,1,,,,,,,,,Y,,,,,,,,,SIDE-RIGHT-REAR,,,,,,,,,,,,,,,,,,,,,,,,,,,,,,,,,
2124994,990182eee230d5a498d3e869beab6bf8ef4d61a94e7ed066587ccb76ab00b899b95930110134d4795a1bb83b511fca54faf84c0c1c99d07e3822b77d7e89cea1,08/09/2025 02:06:00 PM,1,DRIVER,,2025763,,CHEVROLET,TRAVERSE,IL,2011,UNKNOWN,SPORT UTILITY VEHICLE (SUV),PERSONAL,E,CHANGING LANES,,,1,,,,,Y,Y,Y,Y,Y,,,,,,,,,SIDE-RIGHT,,,,,,,,,,,,,,,,,,,,,,,,,,,,,,,,,
2124995,990182eee230d5a498d3e869beab6bf8ef4d61a94e7ed066587ccb76ab00b899b95930110134d4795a1bb83b511fca54faf84c0c1c99d07e3822b77d7e89cea1,08/09/2025 02:06:00 PM,2,PARKED,,2025775,Y,HINO,HINO,IL,2003,UNKNOWN,TRUCK - SINGLE UNIT,COMMERCIAL - SINGLE UNIT,E,PARKED IN TRAFFIC LANE,,,0,,,,,,,,,,,Y,,,,,,,REAR-LEFT-CORNER,"21,963",3561996,,,,2,AEM TRANSPORTATION/ BEST BUY,,,,,,,,,,,,,,,,,,,,,"SINGLE UNIT TRUCK, 2 AXLES, 6 TIRES",VAN/ENCLOSED BOX,OTHER,,,
2124964,a69dd2771b1f94b730f4e2ce2fd91bc5972349aa927440f900931b83838099380338e1b0ae610f335aad37f8f975aac0c2240a06f9874ef8a3e851a0b583d5b4,08/09/2025 02:05:00 PM,1,DRIVER,,2025731,,FORD,MUSTANG,IL,2001,UNKNOWN,PASSENGER,PERSONAL,S,TURNING RIGHT,,,1,,,,,Y,,,,,,,,,,Y,Y,,FRONT,,,,,,,,,,,,,,,,,,,,,,,,,,,,,,,,,
2124965,a69dd2771b1f94b730f4e2ce2fd91bc5972349aa927440f900931b83838099380338e1b0ae610f335aad37f8f975aac0c2240a06f9874ef8a3e851a0b583d5b4,08/09/2025 02:05:00 PM,2,DRIVER,,2025739,,GENERAL MOTORS CORPORATION (GMC),TERRAIN,IL,2010,UNKNOWN,SPORT UTILITY VEHICLE (SUV),PERSONAL,E,STRAIGHT AHEAD,Y,,1,,ALL ZIONS TOWING,1618 N. CICRO AVE,,Y,Y,,,,,,,,,,Y,,FRONT-RIGHT-CORNER,,,,,,,,,,,,,,,,,,,,,,,,,,,,,,,,,
2125795,00adf7e0c94f3cc0d32c6162496cb77852457b219adb5022e6961f1887a2538a5a14678ec43427ecd4620f089cc11157b5f3b7edf6968c1ffcf67692ec7c01de,08/09/2025 02:00:00 PM,1,DRIVER,1,2026521,,CHEVROLET,EQUINOX,IL,2016,UNKNOWN,UNKNOWN/NA,UNKNOWN/NA,E,STRAIGHT AHEAD,,,2,,,,,,,,Y,Y,Y,,,,,,,Y,SIDE-RIGHT-REAR,,,,,,,,,,,,,,,,,,,,,,,,,,,,,,,,,
2125796,00adf7e0c94f3cc0d32c6162496cb77852457b219adb5022e6961f1887a2538a5a14678ec43427ecd4620f089cc11157b5f3b7edf6968c1ffcf67692ec7c01de,08/09/2025 02:00:00 PM,2,DRIVER,1,2026532,,CHEVROLET,EQUINOX,IL,2012,UNKNOWN,PASSENGER,PERSONAL,N,STRAIGHT AHEAD,,,2,,,,,,,,,,,,,,Y,Y,Y,Y,FRONT-LEFT-CORNER,,,,,,,,,,,,,,,,,,,,,,,,,,,,,,,,,
2126175,2f4110437fec894477940e1582d4fc0e04694267868e110112efd2d1384b500ff31c2ee712c6b05f8dc8dd4a2d52f55d96a5185fc5d823a774247d731c231db3,08/09/2025 02:00:00 PM,1,DRIVER,1,2026885,,BUICK,ENCLAVE,IL,2011,NONE,SPORT UTILITY VEHICLE (SUV),PERSONAL,E,STRAIGHT AHEAD,,,2,,,,,,,,,,,,,,,,Y,,FRONT,,,,,,,,,,,,,,,,,,,,,,,,,,,,,,,,,
2126176,2f4110437fec894477940e1582d4fc0e04694267868e110112efd2d1384b500ff31c2ee712c6b05f8dc8dd4a2d52f55d96a5185fc5d823a774247d731c231db3,08/09/2025 02:00:00 PM,2,DRIVER,1,2026889,,TOYOTA,4RUNNER,IL,1991,NONE,SPORT UTILITY VEHICLE (SUV),PERSONAL,E,SLOW/STOP IN TRAFFIC,,,2,,,,,,,,,,Y,,,,,,,,REAR,,,,,,,,,,,,,,,,,,,,,,,,,,,,,,,,,
2125682,362abad14dc8aba6cb87ae7db22ea1139bbec292daa5a8bcb4c0d9a2ddfc0feeb251fea0106c10c2a95bf9bfe72c1071c8bb97c50afbd156164c1659a49cf809,08/09/2025 02:00:00 PM,1,DRIVER,,2026410,,FORD,F250,IL,2019,NONE,TRUCK - SINGLE UNIT,PERSONAL,N,STRAIGHT AHEAD,,,1,,,,,,,,,,,,,,,,Y,,FRONT,,,,,,,,,,,,,,,,,,,,,,,,,,,,,,,,,
2125683,362abad14dc8aba6cb87ae7db22ea1139bbec292daa5a8bcb4c0d9a2ddfc0feeb251fea0106c10c2a95bf9bfe72c1071c8bb97c50afbd156164c1659a49cf809,08/09/2025 02:00:00 PM,2,DRIVER,1,2026411,,CHEVROLET,OTHER (EXPLAIN IN NARRATIVE),,,NONE,TRUCK - SINGLE UNIT,PERSONAL,N,STRAIGHT AHEAD,,,2,,,,,,,,,,Y,,,,,,,,REAR,,,,,,,,,,,,,,,,,,,,,,,,,,,,,,,,,
2124916,5c647f390259d50eed152e83e1963c6e6f56bc411fad78648214edfcf14fdcc947428563c740adfd78185433c45582e70e76f7062a15bf2bb9a7caaf42ad9849,08/09/2025 02:00:00 PM,1,DRIVER,,2025703,,LINCOLN,MKZ,IL,2011,UNKNOWN,PASSENGER,PERSONAL,UNKNOWN,STRAIGHT AHEAD,,,1,,,,,Y,,,,,,,,,,Y,Y,,FRONT,,,,,,,,,,,,,,,,,,,,,,,,,,,,,,,,,
2124917,5c647f390259d50eed152e83e1963c6e6f56bc411fad78648214edfcf14fdcc947428563c740adfd78185433c45582e70e76f7062a15bf2bb9a7caaf42ad9849,08/09/2025 02:00:00 PM,2,DRIVER,,2025714,,LEXUS,NX,IL,2024,UNKNOWN,SPORT UTILITY VEHICLE (SUV),PERSONAL,UNKNOWN,STRAIGHT AHEAD,,,1,,,,,,,,,Y,Y,Y,,,,,,,REAR,,,,,,,,,,,,,,,,,,,,,,,,,,,,,,,,,
2124918,8bb3db8701918bcaba6e8d8f4c5e4f47786435ff90a645ec312ec46a52597d157ac1605eebf090796313ed2f71c21974c5f9ce5f131fa8214fc04ddf2b34e234,08/09/2025 02:00:00 PM,1,DRIVER,,2025681,,UNKNOWN,OTHER (EXPLAIN IN NARRATIVE),,,UNKNOWN,UNKNOWN/NA,UNKNOWN/NA,UNKNOWN,UNKNOWN/NA,,,1,,,,,,,,,,,,,,,,,Y,UNKNOWN,,,,,,,,,,,,,,,,,,,,,,,,,,,,,,,,,
2124919,8bb3db8701918bcaba6e8d8f4c5e4f47786435ff90a645ec312ec46a52597d157ac1605eebf090796313ed2f71c21974c5f9ce5f131fa8214fc04ddf2b34e234,08/09/2025 02:00:00 PM,2,PARKED,,2025690,,HONDA,PILOT,IL,2019,UNKNOWN,PASSENGER,NOT IN USE,S,PARKED,,,0,,,,,,,,,,,,,,,Y,,,UNKNOWN,,,,,,,,,,,,,,,,,,,,,,,,,,,,,,,,,
2124909,ca9eae169718c6dd7f53b6e4fed89da2a68f47ebe73788c6acd311426d293193479a02f9ce99fb7d8e1ce153044be14f5ac37933016b46568cb575675c246834,08/09/2025 02:00:00 PM,1,DRIVER,,2025680,,BMW,OTHER (EXPLAIN IN NARRATIVE),IL,2017,NONE,PASSENGER,PERSONAL,N,MERGING,,,1,,,,,,,,,,,,,,Y,Y,,,SIDE-LEFT-FRONT,,,,,,,,,,,,,,,,,,,,,,,,,,,,,,,,,
2124910,ca9eae169718c6dd7f53b6e4fed89da2a68f47ebe73788c6acd311426d293193479a02f9ce99fb7d8e1ce153044be14f5ac37933016b46568cb575675c246834,08/09/2025 02:00:00 PM,2,DRIVER,,2025686,,DODGE,RAM 1500 PU,IL,2004,NONE,PICKUP,PERSONAL,N,STRAIGHT AHEAD,,,1,,,,,,,,,,,,,,,,,,NONE,,,,,,,,,,,,,,,,,,,,,,,,,,,,,,,,,
2124922,ce0fe3cb14cd49ee3c14e1cdfa3672077c564a5e8050bcb57f6ed7caba62f2da96bd7dda5d619f1ae6d8f4be9391d5c1838b2de2b9a5921385df95e75482d925,08/09/2025 02:00:00 PM,1,DRIVER,,2025693,,NISSAN,SENTRA,IL,2018,UNKNOWN,PASSENGER,PERSONAL,S,BACKING,,,1,,,,,,,,,,Y,N,N,,,,,,REAR-LEFT-CORNER,,,,,,,,,,,,,,,,,,,,,,,,,,,,,,,,,
2124923,ce0fe3cb14cd49ee3c14e1cdfa3672077c564a5e8050bcb57f6ed7caba62f2da96bd7dda5d619f1ae6d8f4be9391d5c1838b2de2b9a5921385df95e75482d925,08/09/2025 02:00:00 PM,2,PARKED,1,2025707,,GENERAL MOTORS CORPORATION (GMC),SIERRA,IL,2024,UNKNOWN,PICKUP,PERSONAL,N,PARKED IN TRAFFIC LANE,,,1,,,,,,,Y,,,,,,,,,,,SIDE-LEFT,,,,,,,,,,,,,,,,,,,,,,,,,,,,,,,,,
2128487,d055400eba848005c1699995ae68b1f690856612903a9f8fbe5460f196260e889bbdcfb34c6540724de384afc62f71c450e60976323750abc65a5510dde2c286,08/09/2025 02:00:00 PM,1,DRIVER,,2029075,,VOLKSWAGEN,ATLAS,IL,2020,UNKNOWN,PASSENGER,PERSONAL,W,STRAIGHT AHEAD,,,1,,,,,Y,Y,,,,,,,,,,,,FRONT-RIGHT-CORNER,,,,,,,,,,,,,,,,,,,,,,,,,,,,,,,,,
2128488,d055400eba848005c1699995ae68b1f690856612903a9f8fbe5460f196260e889bbdcfb34c6540724de384afc62f71c450e60976323750abc65a5510dde2c286,08/09/2025 02:00:00 PM,2,DRIVER,1,2029076,,NISSAN,ROGUE,IL,2020,UNKNOWN,PASSENGER,PERSONAL,W,STRAIGHT AHEAD,,,2,,,,,,,,,,Y,Y,,,,,,,REAR,,,,,,,,,,,,,,,,,,,,,,,,,,,,,,,,,
2124920,6e6f9fb448b19799e60cebd657f542b1d0df08fb380ba18b6243488f134f92167a2f0bfa5fc62f6d96fb1d0ffcba17a00402cd87bcb9bdf75b7d69ad7a96bfb6,08/09/2025 01:56:00 PM,1,DRIVER,,2025691,,NISSAN,SENTRA,IL,2015,UNKNOWN,PASSENGER,PERSONAL,S,STRAIGHT AHEAD,,,1,,,,,Y,,,,,,,,,,Y,Y,,FRONT,,,,,,,,,,,,,,,,,,,,,,,,,,,,,,,,,
2124921,6e6f9fb448b19799e60cebd657f542b1d0df08fb380ba18b6243488f134f92167a2f0bfa5fc62f6d96fb1d0ffcba17a00402cd87bcb9bdf75b7d69ad7a96bfb6,08/09/2025 01:56:00 PM,2,DRIVER,,2025696,,HYUNDAI,SANTA FE,IL,2023,UNKNOWN,PASSENGER,PERSONAL,S,STRAIGHT AHEAD,,,1,,,,,,,,,Y,Y,Y,,,,,,,REAR,,,,,,,,,,,,,,,,,,,,,,,,,,,,,,,,,
2125868,2931721338e17066c65ec37b48a0e81372c20eb11431b2186feed9d012fb14a3754a3de41fee2203a8ae40288f0ee7a5af686eac3d2d4ed43d8f810a5166a0a4,08/09/2025 01:55:00 PM,1,DRIVER,1,2026585,,KIA,FORTE,MS,2020,NONE,PASSENGER,PERSONAL,N,STRAIGHT AHEAD,,,2,,,,,,,,,,,,,,,,,Y,UNKNOWN,,,,,,,,,,,,,,,,,,,,,,,,,,,,,,,,,
2125869,2931721338e17066c65ec37b48a0e81372c20eb11431b2186feed9d012fb14a3754a3de41fee2203a8ae40288f0ee7a5af686eac3d2d4ed43d8f810a5166a0a4,08/09/2025 01:55:00 PM,2,DRIVER,,2026586,,JEEP,GRAND CHEROKEE,IL,2014,NONE,PASSENGER,PERSONAL,NW,STRAIGHT AHEAD,,,1,,,,,Y,,,,,,,,,,Y,Y,,FRONT,,,,,,,,,,,,,,,,,,,,,,,,,,,,,,,,,
2125096,4796e8c215bd350fdc3bb7c7cb2864372a11abf39bd053b156cc74047400a65fa1f9a505056fd6cb9657351a62c65c3b509049476691ed9aa4d1d3307e8af546,08/09/2025 01:55:00 PM,1,DRIVER,,2025861,,CHRYSLER,300,IL,2012,NONE,PASSENGER,PERSONAL,W,STRAIGHT AHEAD,Y,,1,,CPD SS#25052520,POUND 2,,Y,,,,,,,,,,Y,Y,,FRONT,,,,,,,,,,,,,,,,,,,,,,,,,,,,,,,,,
2125097,4796e8c215bd350fdc3bb7c7cb2864372a11abf39bd053b156cc74047400a65fa1f9a505056fd6cb9657351a62c65c3b509049476691ed9aa4d1d3307e8af546,08/09/2025 01:55:00 PM,2,DRIVER,,2025885,,TOYOTA,CAMRY,IL,2021,NONE,PASSENGER,PERSONAL,S,STRAIGHT AHEAD,Y,,1,,CPD,POUND 2,,,,,,,,,,,,Y,Y,,FRONT-LEFT-CORNER,,,,,,,,,,,,,,,,,,,,,,,,,,,,,,,,,
2124911,cf7ad8240cfc699bb41ffc93e664a8d88bb8e36f03d878235f55d3c089b459229fbd07627c654c32d65454337eae5665a53dcb327c9e6c0ae6a5ce09b7b7cbed,08/09/2025 01:55:00 PM,1,DRIVER,,2025682,,INFINITI,Q50,IL,2019,UNKNOWN,SPORT UTILITY VEHICLE (SUV),UNKNOWN/NA,E,STRAIGHT AHEAD,,,1,,,,,Y,,,,,,,,,,Y,Y,,FRONT,,,,,,,,,,,,,,,,,,,,,,,,,,,,,,,,,
2124912,cf7ad8240cfc699bb41ffc93e664a8d88bb8e36f03d878235f55d3c089b459229fbd07627c654c32d65454337eae5665a53dcb327c9e6c0ae6a5ce09b7b7cbed,08/09/2025 01:55:00 PM,2,DRIVER,,2025688,,HYUNDAI,PALISADE,IL,2024,UNKNOWN,SPORT UTILITY VEHICLE (SUV),UNKNOWN/NA,E,STRAIGHT AHEAD,,,1,,,,,,,,,Y,Y,Y,,,,,,,REAR,,,,,,,,,,,,,,,,,,,,,,,,,,,,,,,,,
2128223,067f60a114c1750bb8c86fac8dfd80c6509be6293baf028e7e886a0f31b9dc0a8a1eaba3622e1f0986dc85e23b27d8d29da8dcd7b3b1ebc09f33a6463fae1f16,08/09/2025 01:53:00 PM,1,DRIVER,,2028820,,MAZDA,OTHER (EXPLAIN IN NARRATIVE),IL,2021,UNKNOWN,SPORT UTILITY VEHICLE (SUV),UNKNOWN/NA,W,STRAIGHT AHEAD,,,1,,,,,,,,,,,,,,,,,Y,FRONT,,,,,,,,,,,,,,,,,,,,,,,,,,,,,,,,,
2124974,63096d1aeb8e0bb2c12756d8cc9368d24a90663caab6926e0cb04b1291709a9d1fe7412570207b6c5a9dbe681b153e830a30246ca3f62c75e341f04895c7f483,08/09/2025 01:50:00 PM,1,DRIVER,,2025738,,TOYOTA,COROLLA,IL,2021,UNKNOWN,PASSENGER,PERSONAL,N,STRAIGHT AHEAD,,,1,,,,,,,,,,,,,,,,Y,,FRONT,,,,,,,,,,,,,,,,,,,,,,,,,,,,,,,,,
2124975,63096d1aeb8e0bb2c12756d8cc9368d24a90663caab6926e0cb04b1291709a9d1fe7412570207b6c5a9dbe681b153e830a30246ca3f62c75e341f04895c7f483,08/09/2025 01:50:00 PM,2,DRIVER,,2025746,,VOLKSWAGEN,TIGUAN,IL,2024,UNKNOWN,PASSENGER,PERSONAL,N,SLOW/STOP IN TRAFFIC,,,1,,,,,,,,,,Y,,,,,,,,REAR,,,,,,,,,,,,,,,,,,,,,,,,,,,,,,,,,
2124890,6c1a6821ebf0545df596999de0cff9e7766895bfe3bd1bdfbade07815aba7f047841b540cbc656c04a3d78e6d09d3c3b41e661352b2d69f00595d681a35a9d4d,08/09/2025 01:50:00 PM,1,DRIVER,,2025647,,SUBARU,FORESTER,IL,2006,NONE,PASSENGER,PERSONAL,N,STRAIGHT AHEAD,,,1,,,,,,,,,,,,,,,,Y,,FRONT,,,,,,,,,,,,,,,,,,,,,,,,,,,,,,,,,
2124891,6c1a6821ebf0545df596999de0cff9e7766895bfe3bd1bdfbade07815aba7f047841b540cbc656c04a3d78e6d09d3c3b41e661352b2d69f00595d681a35a9d4d,08/09/2025 01:50:00 PM,2,DRIVER,3,2025655,,TOYOTA,RAV4,IL,2017,NONE,PASSENGER,PERSONAL,N,SLOW/STOP IN TRAFFIC,,,4,,,,,,,,,,Y,,,,,,,,REAR,,,,,,,,,,,,,,,,,,,,,,,,,,,,,,,,,
2124903,af0a62bd86eedd96e21bde75f19de3262683dc261cad11a08369110d8c04cece8dbfeb5e35def4062d7acd29e9ab325401b913fa88ddc91ed8730fbdaa2bab43,08/09/2025 01:50:00 PM,1,DRIVER,,2025663,,CHEVROLET,OTHER (EXPLAIN IN NARRATIVE),IL,1993,NONE,PICKUP,PERSONAL,E,STRAIGHT AHEAD,,,1,,,,,,,,,,,,,,,,Y,,FRONT,,,,,,,,,,,,,,,,,,,,,,,,,,,,,,,,,
2124904,af0a62bd86eedd96e21bde75f19de3262683dc261cad11a08369110d8c04cece8dbfeb5e35def4062d7acd29e9ab325401b913fa88ddc91ed8730fbdaa2bab43,08/09/2025 01:50:00 PM,2,DRIVER,,2025669,,HYUNDAI,OTHER (EXPLAIN IN NARRATIVE),IL,2017,NONE,PASSENGER,PERSONAL,E,STRAIGHT AHEAD,,,1,,,,,,,,,,Y,,,,,,,,REAR,,,,,,,,,,,,,,,,,,,,,,,,,,,,,,,,,
2124926,29fa0622ef83070c8defb56983aff41f73f67efc39797f13dad269d5800516e6dd60a3bc40253058e5da0497b1756980a8ba895cdac50fb7e6e575c6af384c03,08/09/2025 01:45:00 PM,1,DRIVER,,2025701,,FORD,EDGE,IL,2013,NONE,PASSENGER,PERSONAL,E,CHANGING LANES,,,1,,,,,,,,,,,,,,,Y,,,FRONT-LEFT-CORNER,,,,,,,,,,,,,,,,,,,,,,,,,,,,,,,,,
2124927,29fa0622ef83070c8defb56983aff41f73f67efc39797f13dad269d5800516e6dd60a3bc40253058e5da0497b1756980a8ba895cdac50fb7e6e575c6af384c03,08/09/2025 01:45:00 PM,2,DRIVER,,2025712,,MITSUBISHI,OUTLANDER,,2019,NONE,PASSENGER,PERSONAL,E,STRAIGHT AHEAD,,,1,,,,,Y,,,,,,,,,,,,,FRONT-RIGHT-CORNER,,,,,,,,,,,,,,,,,,,,,,,,,,,,,,,,,
2125110,89eebd2b07ab6635793770d06b4d3f413f5e8831f1e507f13819021ee5cd2bae86647bd938f2ea0e388516b8fce651b53febef3e3cb4c8f48c52a17e83d252c5,08/09/2025 01:45:00 PM,1,DRIVER,,2025875,,JAGUAR,XF,IL,2009,UNKNOWN,PASSENGER,UNKNOWN/NA,W,STRAIGHT AHEAD,,,1,,,,,N,,,,,,,,,,N,N,Y,FRONT,,,,,,,,,,,,,,,,,,,,,,,,,,,,,,,,,
2125111,89eebd2b07ab6635793770d06b4d3f413f5e8831f1e507f13819021ee5cd2bae86647bd938f2ea0e388516b8fce651b53febef3e3cb4c8f48c52a17e83d252c5,08/09/2025 01:45:00 PM,2,DRIVER,,2025883,,MITSUBISHI,OUTLANDER,IL,2019,NONE,PASSENGER,UNKNOWN/NA,W,STRAIGHT AHEAD,,,1,,,,,,,,,Y,Y,Y,,,,,,,REAR,,,,,,,,,,,,,,,,,,,,,,,,,,,,,,,,,
2124880,e40f74e207927e33ea28664c3880497f2938287cdc1b3305b1f64a569bcad542e9b3d43813dbf96c644dd37cd5191be77d3e107e70416f5646e127110b58ad6d,08/09/2025 01:45:00 PM,1,DRIVER,,2025649,,JEEP,PATRIOT,IL,2014,UNKNOWN,PASSENGER,PERSONAL,W,STRAIGHT AHEAD,,,1,,,,,,,,,,,,,,Y,,,,SIDE-LEFT,,,,,,,,,,,,,,,,,,,,,,,,,,,,,,,,,
2124881,e40f74e207927e33ea28664c3880497f2938287cdc1b3305b1f64a569bcad542e9b3d43813dbf96c644dd37cd5191be77d3e107e70416f5646e127110b58ad6d,08/09/2025 01:45:00 PM,2,DRIVER,,2025662,,CADILLAC,SRX,IL,2014,NONE,PASSENGER,PERSONAL,W,STRAIGHT AHEAD,,,1,,,,,,Y,Y,,,,,,,,,,,SIDE-RIGHT,,,,,,,,,,,,,,,,,,,,,,,,,,,,,,,,,