CRASH_UNIT_ID,CRASH_RECORD_ID,CRASH_DATE,UNIT_NO,UNIT_TYPE,NUM_PASSENGERS,VEHICLE_ID,CMRC_VEH_I,MAKE,MODEL,LIC_PLATE_STATE,VEHICLE_YEAR,VEHICLE_DEFECT,VEHICLE_TYPE,VEHICLE_USE,TRAVEL_DIRECTION,MANEUVER,TOWED_I,FIRE_I,OCCUPANT_CNT,EXCEED_SPEED_LIMIT_I,TOWED_BY,TOWED_TO,AREA_00_I,AREA_01_I,AREA_02_I,AREA_03_I,AREA_04_I,AREA_05_I,AREA_06_I,AREA_07_I,AREA_08_I,AREA_09_I,AREA_10_I,AREA_11_I,AREA_12_I,AREA_99_I,FIRST_CONTACT_POINT,CMV_ID,USDOT_NO,CCMC_NO,ILCC_NO,COMMERCIAL_SRC,GVWR,CARRIER_NAME,CARRIER_STATE,CARRIER_CITY,HAZMAT_PLACARDS_I,HAZMAT_NAME,UN_NO,HAZMAT_PRESENT_I,HAZMAT_REPORT_I,HAZMAT_REPORT_NO,MCS_REPORT_I,MCS_REPORT_NO,HAZMAT_VIO_CAUSE_CRASH_I,MCS_VIO_CAUSE_CRASH_I,IDOT_PERMIT_NO,WIDE_LOAD_I,TRAILER1_WIDTH,TRAILER2_WIDTH,TRAILER1_LENGTH,TRAILER2_LENGTH,TOTAL_VEHICLE_LENGTH,AXLE_CNT,VEHICLE_CONFIG,CARGO_BODY_TYPE,LOAD_TYPE,HAZMAT_OUT_OF_SERVICE_I,MCS_OUT_OF_SERVICE_I,HAZMAT_CLASS
2124905,1d6c9b9b9fd7122acfe6018f88d3adb2fe2dc9790e232b380e0da07f040d4c5344ed3bf9d9bc15cccd53c4f6f0e22a4fa9a6f120a1690efcf753aab72d800b58,08/09/2025 01:40:00 PM,1,DRIVER,1,2025667,,LEXUS,IS250,IL,2006,UNKNOWN,PASSENGER,PERSONAL,E,BACKING,,,2,,,,,,,,,,,Y,Y,,,,,,REAR-LEFT-CORNER,,,,,,,,,,,,,,,,,,,,,,,,,,,,,,,,,
2124906,1d6c9b9b9fd7122acfe6018f88d3adb2fe2dc9790e232b380e0da07f040d4c5344ed3bf9d9bc15cccd53c4f6f0e22a4fa9a6f120a1690efcf753aab72d800b58,08/09/2025 01:40:00 PM,2,DRIVER,1,2025672,,SUBARU,LEGACY,IL,2018,UNKNOWN,PASSENGER,PERSONAL,W,STRAIGHT AHEAD,,,2,,,,,,,,,,,Y,Y,,,,,,REAR-LEFT-CORNER,,,,,,,,,,,,,,,,,,,,,,,,,,,,,,,,,
2124886,26c38d110e9ea476bc130bfaf6e1c8ab05a812720d5353bde973f30106e964e70a8faf17461b44098e5318dda4b689e60921b433923c61b084ccce40260eef0a,08/09/2025 01:40:00 PM,1,DRIVER,,2025650,,TOYOTA,RAV4,IL,2021,NONE,SPORT UTILITY VEHICLE (SUV),PERSONAL,N,STRAIGHT AHEAD,Y,,1,,PRIVATE,UNK,,,,,,,,Y,Y,,,,,,REAR-LEFT-CORNER,,,,,,,,,,,,,,,,,,,,,,,,,,,,,,,,,
2124887,26c38d110e9ea476bc130bfaf6e1c8ab05a812720d5353bde973f30106e964e70a8faf17461b44098e5318dda4b689e60921b433923c61b084ccce40260eef0a,08/09/2025 01:40:00 PM,2,DRIVER,,2025668,,BMW,OTHER (EXPLAIN IN NARRATIVE),IL,2022,NONE,PASSENGER,PERSONAL,E,STRAIGHT AHEAD,Y,,1,,PRIVATE,UNK,,,,,,,,,,,Y,Y,Y,,FRONT-LEFT-CORNER,,,,,,,,,,,,,,,,,,,,,,,,,,,,,,,,,
2124892,b88f0489aef1053ad97dcc690b23c462945f1ed5420314cf73740180e799aaf5329469114df0a835bdbdf62e2cd1822ff14314454ec18a9aa95105e7e9e7451d,08/09/2025 01:39:00 PM,1,DRIVER,1,2025651,,FORD,ESCAPE,IL,2015,UNKNOWN,PASSENGER,PERSONAL,SE,BACKING,,,2,,,,,,,,,,,,,,Y,,,,FRONT-LEFT-CORNER,,,,,,,,,,,,,,,,,,,,,,,,,,,,,,,,,
2124893,b88f0489aef1053ad97dcc690b23c462945f1ed5420314cf73740180e799aaf5329469114df0a835bdbdf62e2cd1822ff14314454ec18a9aa95105e7e9e7451d,08/09/2025 01:39:00 PM,2,PARKED,2,2025664,,FORD,EXPEDITION,FL,2024,UNKNOWN,SPORT UTILITY VEHICLE (SUV),PERSONAL,UNKNOWN,PARKED,,,2,,,,,Y,,,,,,,,,,,,,FRONT-RIGHT-CORNER,,,,,,,,,,,,,,,,,,,,,,,,,,,,,,,,,
2124988,3a809ce6d9e5721aa9f83d222b90305c3657700c2a45bce15200d04b1f450a2d6542d0f9eadeff94c8d4ff42a37fb6bd0c3b31698501ce5afadef31c728b56f2,08/09/2025 01:35:00 PM,1,DRIVER,,2025777,Y,VOLKSWAGEN,OTHER (EXPLAIN IN NARRATIVE),IL,2022,UNKNOWN,TRACTOR W/O SEMI-TRAILER,OTHER,E,STRAIGHT AHEAD,,,1,,,,,,,,,,,,,,,,,,TOP,"21,962",244981,,67293,DRIVER,2,RISINGER BROS TRANSFER INC,IL,MORTON,,,,N,N,,N,,N,N,,,,,,,,,TRUCK/TRACTOR,OTHER,OTHER,N,N,
2124896,24209f2bcb8b652565e2fd874131f3a58e2fce2cdc6a4557e41d6cac7adc26eb099d155af675b7748e3b88190f1c06c6e560686fec7b0e5a1c757b52bd70865e,08/09/2025 01:30:00 PM,1,DRIVER,1,2025659,,TOYOTA,CAMRY,IL,2016,UNKNOWN,PASSENGER,RIDESHARE SERVICE,W,STRAIGHT AHEAD,,,2,,,,,,,,,,,,,,Y,Y,Y,,FRONT-LEFT-CORNER,,,,,,,,,,,,,,,,,,,,,,,,,,,,,,,,,
2124897,24209f2bcb8b652565e2fd874131f3a58e2fce2cdc6a4557e41d6cac7adc26eb099d155af675b7748e3b88190f1c06c6e560686fec7b0e5a1c757b52bd70865e,08/09/2025 01:30:00 PM,2,DRIVER,,2025673,,TOYOTA,COROLLA,IL,2007,NONE,PASSENGER,PERSONAL,N,STRAIGHT AHEAD,Y,,1,,Private,,,Y,Y,,,,,,,,,,,,FRONT-RIGHT-CORNER,,,,,,,,,,,,,,,,,,,,,,,,,,,,,,,,,
2126144,7b31302187f55e09b713212af37695d28c0935e6286558891c2b56281e0212e64c1666295ca8ee1da0faa5f9e1f81dc712465c8feca78a10b282c675598c2204,08/09/2025 01:30:00 PM,1,DRIVER,,2026858,,TOYOTA,COROLLA,IL,2012,UNKNOWN,PASSENGER,UNKNOWN/NA,W,TURNING LEFT,,,1,,,,,,,,,,,,,,,Y,,Y,FRONT-LEFT-CORNER,,,,,,,,,,,,,,,,,,,,,,,,,,,,,,,,,
2126145,7b31302187f55e09b713212af37695d28c0935e6286558891c2b56281e0212e64c1666295ca8ee1da0faa5f9e1f81dc712465c8feca78a10b282c675598c2204,08/09/2025 01:30:00 PM,2,DRIVER,,2026866,,MERCEDES-BENZ,GLC,IL,2022,UNKNOWN,SPORT UTILITY VEHICLE (SUV),UNKNOWN/NA,N,STRAIGHT AHEAD,,,1,,,,,Y,,,,,,,,,,,,Y,FRONT-RIGHT-CORNER,,,,,,,,,,,,,,,,,,,,,,,,,,,,,,,,,
2124928,84ad79fc451c35ecf2d57ab8f8198e6e7880b4989a352338f5187c99fd6f3baad35e0d98a9723beefd56f1dacb6d3b971ee6580eb8ae736b63ea3759672539ee,08/09/2025 01:30:00 PM,1,DRIVER,,2025705,,LINCOLN,NAUTILUS,IL,2023,UNKNOWN,PASSENGER,UNKNOWN/NA,S,OTHER,,,1,,,,,,,,,,,,,,,,,,UNKNOWN,,,,,,,,,,,,,,,,,,,,,,,,,,,,,,,,,
2124929,84ad79fc451c35ecf2d57ab8f8198e6e7880b4989a352338f5187c99fd6f3baad35e0d98a9723beefd56f1dacb6d3b971ee6580eb8ae736b63ea3759672539ee,08/09/2025 01:30:00 PM,2,BICYCLE,,,,,,,,,,,,,,,,,,,,,,,,,,,,,,,,,,,,,,,,,,,,,,,,,,,,,,,,,,,,,,,,,,
2126121,8aed23834a25faf8bdef80c8cd3fdfbcefa30bc1abec9fcc8e4cab6066f664ac15944ea12e8d047063d9d19df3e23160e12c929b0cabaa9c228b766748ab7929,08/09/2025 01:30:00 PM,1,DRIVER,,2026835,,MAZDA,MX-6,IL,2014,UNKNOWN,PASSENGER,PERSONAL,NE,TURNING LEFT,,,1,,,,,,,,,,,,Y,Y,Y,,,,SIDE-LEFT,,,,,,,,,,,,,,,,,,,,,,,,,,,,,,,,,
2126122,8aed23834a25faf8bdef80c8cd3fdfbcefa30bc1abec9fcc8e4cab6066f664ac15944ea12e8d047063d9d19df3e23160e12c929b0cabaa9c228b766748ab7929,08/09/2025 01:30:00 PM,2,DRIVER,,2026840,,TOYOTA,CAMRY,IL,2013,UNKNOWN,PASSENGER,TAXI/FOR HIRE,NE,TURNING LEFT,,,1,,,,,Y,,,,,,,,,,Y,Y,,FRONT,,,,,,,,,,,,,,,,,,,,,,,,,,,,,,,,,
2124898,408840efef6ec8c8b7db99b29bc2461ebcc49b182ef811787cbc682dc4639091d43e8938c73892c0d537161bc25203e5e3549b60f380397dd354f8758da736a1,08/09/2025 01:27:00 PM,1,DRIVER,,2025661,,DODGE,RAM 2500 PU,IL,2020,NONE,PICKUP,PERSONAL,E,STRAIGHT AHEAD,Y,,1,,PRIVATE TOW,PRIVATE TOW,,Y,,,,,,,,,,Y,Y,,FRONT-RIGHT-CORNER,,,,,,,,,,,,,,,,,,,,,,,,,,,,,,,,,
2124899,408840efef6ec8c8b7db99b29bc2461ebcc49b182ef811787cbc682dc4639091d43e8938c73892c0d537161bc25203e5e3549b60f380397dd354f8758da736a1,08/09/2025 01:27:00 PM,2,DRIVER,3,2025670,,MERCEDES-BENZ,GLA,IL,2023,NONE,PASSENGER,PERSONAL,E,SLOW/STOP IN TRAFFIC,Y,,4,,PRIVATE TOW,PRIVATE TOW,,,,,,Y,Y,Y,N,,,,,,REAR,,,,,,,,,,,,,,,,,,,,,,,,,,,,,,,,,
2124870,555c616bf8fd9395291a58e779369a666306d1529cb1ac326b104e59385ad98bfb4a3d5314f01241c128ed8ebe0ceb8b021ee523ea456d49c7a9d59c870f3cab,08/09/2025 01:24:00 PM,1,DRIVER,,2025640,,TESLA,MODEL Y,IL,2025,BRAKES,PASSENGER,PERSONAL,N,CHANGING LANES,,,1,,,,,,,,,,,,,Y,Y,Y,,,SIDE-LEFT-FRONT,,,,,,,,,,,,,,,,,,,,,,,,,,,,,,,,,
2124871,555c616bf8fd9395291a58e779369a666306d1529cb1ac326b104e59385ad98bfb4a3d5314f01241c128ed8ebe0ceb8b021ee523ea456d49c7a9d59c870f3cab,08/09/2025 01:24:00 PM,2,DRIVER,,2025646,,INFINITI,Q50,IL,2015,BRAKES,PASSENGER,PERSONAL,N,STRAIGHT AHEAD,,,1,,,,,Y,Y,,,,,,,,,,,,FRONT-RIGHT-CORNER,,,,,,,,,,,,,,,,,,,,,,,,,,,,,,,,,
2124877,29378fa6b81a2e10a1e0c343a0216646d84aa17cc56b7b4a19bbc60f4cda99e876655c5fdfcaf44a73abab028e7036bc250d34f355e5f8e65665b28691b086af,08/09/2025 01:19:00 PM,1,DRIVER,,2025644,,ACURA,ADX,IL,2005,NONE,SPORT UTILITY VEHICLE (SUV),PERSONAL,W,STRAIGHT AHEAD,,,1,,,,Y,,,,,,,,,,,,,,FRONT,,,,,,,,,,,,,,,,,,,,,,,,,,,,,,,,,
2124902,29378fa6b81a2e10a1e0c343a0216646d84aa17cc56b7b4a19bbc60f4cda99e876655c5fdfcaf44a73abab028e7036bc250d34f355e5f8e65665b28691b086af,08/09/2025 01:19:00 PM,2,BICYCLE,,,,,,,,,,,,,,,,,,,,,,,,,,,,,,,,,,,,,,,,,,,,,,,,,,,,,,,,,,,,,,,,,,
2124947,526004ad4ab39d83c19ccc1c326e414530535b432cbeb21b4a67f03d30718deca9c1e846e6c997cdd9dd38cdc759723049f07c0f70497f06ae36221853930f2d,08/09/2025 01:15:00 PM,1,DRIVER,,2025715,,LINCOLN,MKZ,IL,2011,NONE,PASSENGER,PERSONAL,W,STRAIGHT AHEAD,Y,,1,,e and r,pound 2,,Y,,,,,,Y,Y,Y,,Y,Y,,FRONT,,,,,,,,,,,,,,,,,,,,,,,,,,,,,,,,,
2124948,526004ad4ab39d83c19ccc1c326e414530535b432cbeb21b4a67f03d30718deca9c1e846e6c997cdd9dd38cdc759723049f07c0f70497f06ae36221853930f2d,08/09/2025 01:15:00 PM,2,DRIVER,,2025719,,LINCOLN,OTHER (EXPLAIN IN NARRATIVE),IL,2023,NONE,PASSENGER,PERSONAL,S,STRAIGHT AHEAD,Y,,1,,insurance,,,Y,Y,Y,Y,,,,,,,N,,,SIDE-RIGHT,,,,,,,,,,,,,,,,,,,,,,,,,,,,,,,,,
2124949,526004ad4ab39d83c19ccc1c326e414530535b432cbeb21b4a67f03d30718deca9c1e846e6c997cdd9dd38cdc759723049f07c0f70497f06ae36221853930f2d,08/09/2025 01:15:00 PM,3,PARKED,,2025722,,VOLKSWAGEN,OTHER (EXPLAIN IN NARRATIVE),IL,2025,NONE,PASSENGER,PERSONAL,UNKNOWN,PARKED,,,0,,,,,,,,,Y,Y,Y,,,,,,,REAR,,,,,,,,,,,,,,,,,,,,,,,,,,,,,,,,,
2125090,be2468da94c78c0ac6b4874f177e879abad153342a5bc1f98dc521a30f277a84315e22feaac6d0d03c341a58f35285a542bb393f8d66c9ce63f6181b3dd53d72,08/09/2025 01:15:00 PM,1,DRIVER,,2025855,,GENERAL MOTORS CORPORATION (GMC),SIERRA,IL,2004,UNKNOWN,UNKNOWN/NA,UNKNOWN/NA,UNKNOWN,UNKNOWN/NA,,,1,,,,,,,,,,,,,,,,,Y,UNKNOWN,,,,,,,,,,,,,,,,,,,,,,,,,,,,,,,,,
2125091,be2468da94c78c0ac6b4874f177e879abad153342a5bc1f98dc521a30f277a84315e22feaac6d0d03c341a58f35285a542bb393f8d66c9ce63f6181b3dd53d72,08/09/2025 01:15:00 PM,2,DRIVER,,2025862,,GENESIS,G90,IL,2021,UNKNOWN,UNKNOWN/NA,UNKNOWN/NA,UNKNOWN,UNKNOWN/NA,,,1,,,,,,,,,,Y,,,,,,,,REAR,,,,,,,,,,,,,,,,,,,,,,,,,,,,,,,,,
2125231,de7d4475c6812fb60f8276b419a8790fa2ed7349e358d19db64758f40b29749c6145020eb73422f865065f3fa1491ac8c9df4683e900e3d4fd769fd51701b1a0,08/09/2025 01:15:00 PM,1,DRIVER,,2025982,,FORD,MUSTANG,IL,2001,NONE,PASSENGER,PERSONAL,N,ENTER FROM DRIVE/ALLEY,,,1,,,,,Y,,,,,,,,,,Y,Y,,FRONT,,,,,,,,,,,,,,,,,,,,,,,,,,,,,,,,,
2125232,de7d4475c6812fb60f8276b419a8790fa2ed7349e358d19db64758f40b29749c6145020eb73422f865065f3fa1491ac8c9df4683e900e3d4fd769fd51701b1a0,08/09/2025 01:15:00 PM,2,DRIVER,,2025987,,UNKNOWN,OTHER (EXPLAIN IN NARRATIVE),IL,2010,NONE,PASSENGER,PERSONAL,S,STRAIGHT AHEAD,,,1,,,,,Y,Y,Y,,,,,,,,,,,SIDE-RIGHT-FRONT,,,,,,,,,,,,,,,,,,,,,,,,,,,,,,,,,
2124842,30df4afe38253e43ce55e77eabb62681ac73e2067d2c9e9c1e23aaf02ca60c8d5fe9327d411024aa853360887db6225597a659cba19deaeaef062a092c53b0af,08/09/2025 01:10:00 PM,1,DRIVER,,2025627,,BMW,328I,IN,2011,BRAKES,PASSENGER,PERSONAL,E,STRAIGHT AHEAD,N,,1,,,,,Y,,,,,,,,Y,Y,Y,Y,,FRONT-LEFT-CORNER,,,,,,,,,,,,,,,,,,,,,,,,,,,,,,,,,
2124843,30df4afe38253e43ce55e77eabb62681ac73e2067d2c9e9c1e23aaf02ca60c8d5fe9327d411024aa853360887db6225597a659cba19deaeaef062a092c53b0af,08/09/2025 01:10:00 PM,2,DRIVER,,2025634,,UNKNOWN,OTHER (EXPLAIN IN NARRATIVE),,,UNKNOWN,PASSENGER,UNKNOWN/NA,E,UNKNOWN/NA,,,1,,,,,,,,,,,,,,,,,Y,UNKNOWN,,,,,,,,,,,,,,,,,,,,,,,,,,,,,,,,,
2124872,4ec7538f7628df76d58faa9b5c240d17934319afe07fa3e7ae15a9251103f9ecc841fa518efad5a509ab29c21eeafc1a39f9815e9b89c654dda46cf7d8c10e4e,08/09/2025 01:10:00 PM,1,DRIVER,,2025641,,NISSAN,ALTIMA,IL,2015,NONE,PASSENGER,PERSONAL,W,STRAIGHT AHEAD,,,1,,,,,,,,,,,,,,,,Y,,FRONT,,,,,,,,,,,,,,,,,,,,,,,,,,,,,,,,,
2124873,4ec7538f7628df76d58faa9b5c240d17934319afe07fa3e7ae15a9251103f9ecc841fa518efad5a509ab29c21eeafc1a39f9815e9b89c654dda46cf7d8c10e4e,08/09/2025 01:10:00 PM,2,DRIVER,,2025654,,HARLEY-DAVIDSON,HARLEY-DAVIDSON,GA,2023,NONE,MOTORCYCLE (OVER 150CC),PERSONAL,N,TURNING RIGHT,,,1,,,,,,,,,,Y,,,,,,,,REAR,,,,,,,,,,,,,,,,,,,,,,,,,,,,,,,,,
2124934,d962f7920be030b33b466e66234a29f77e6da033ec4d5a4fa0ac1e658f44f90a22dd210f255b92bdabf0395a72a8ef6cbec6cae5dc93529a51e04fb435abfbf0,08/09/2025 01:08:00 PM,1,DRIVER,,2025699,,UNKNOWN,MOTORIZED,,,UNKNOWN,VAN/MINI-VAN,UNKNOWN/NA,S,STRAIGHT AHEAD,,,1,,,,,,,,,,,,,,,,,Y,FRONT,,,,,,,,,,,,,,,,,,,,,,,,,,,,,,,,,
2124935,d962f7920be030b33b466e66234a29f77e6da033ec4d5a4fa0ac1e658f44f90a22dd210f255b92bdabf0395a72a8ef6cbec6cae5dc93529a51e04fb435abfbf0,08/09/2025 01:08:00 PM,2,DRIVER,,2025706,,TESLA,MODEL X,IL,2023,NONE,PICKUP,PERSONAL,S,SLOW/STOP IN TRAFFIC,,,1,,,,,,,,,,Y,Y,,,,,,,REAR,,,,,,,,,,,,,,,,,,,,,,,,,,,,,,,,,
2124839,5aadcaf623de64d68b4923477dfda2000e7eab9a4048249ec0d560a990ef7dfcfbd1579afe410cbfd4901a0ffd6f1afedd15f188bb0c8285a4d4ca023168ac65,08/09/2025 01:01:00 PM,1,DRIVER,,2025614,,VOLKSWAGEN,JETTA,IL,2006,NONE,PASSENGER,PERSONAL,S,STRAIGHT AHEAD,,,1,,,,,Y,,,,,,,,,,Y,Y,,FRONT,,,,,,,,,,,,,,,,,,,,,,,,,,,,,,,,,
2124840,5aadcaf623de64d68b4923477dfda2000e7eab9a4048249ec0d560a990ef7dfcfbd1579afe410cbfd4901a0ffd6f1afedd15f188bb0c8285a4d4ca023168ac65,08/09/2025 01:01:00 PM,2,DRIVER,,2025617,,DODGE,AVENGER,IL,2010,NONE,PASSENGER,PERSONAL,E,STRAIGHT AHEAD,,,1,,,,,,,,,,,,Y,,,,,,SIDE-LEFT,,,,,,,,,,,,,,,,,,,,,,,,,,,,,,,,,
2124914,18f01934e529f4f367308c185abb9942a076d0da985b9f2157141f3fe542b31b1c0443c41248baa5d4d982b2f35c4c5ab1df90dc45f8e3ab9350bfe0775db39c,08/09/2025 01:00:00 PM,1,DRIVER,,2025687,,TOYOTA,TACOMA,IL,2013,UNKNOWN,PICKUP,PERSONAL,S,TURNING LEFT,Y,,1,,STATE FARM TOW,,,Y,Y,,,,,,,,,Y,Y,,FRONT,,,,,,,,,,,,,,,,,,,,,,,,,,,,,,,,,
2124915,18f01934e529f4f367308c185abb9942a076d0da985b9f2157141f3fe542b31b1c0443c41248baa5d4d982b2f35c4c5ab1df90dc45f8e3ab9350bfe0775db39c,08/09/2025 01:00:00 PM,2,DRIVER,1,2025697,,SUBARU,FORESTER,IL,2025,UNKNOWN,PASSENGER,PERSONAL,N,STRAIGHT AHEAD,Y,,2,,,,,Y,,,,,,,,,,Y,Y,,FRONT,,,,,,,,,,,,,,,,,,,,,,,,,,,,,,,,,
2127752,3fcdddafe5fd0163635082ff6c61a9add80d32ab2f12c7fc1d4ce20b232c5c1944e333307de1b69d688483d0bde9d64b1981131111e381be3d4b9aa2f6dc8d35,08/09/2025 01:00:00 PM,1,DRIVER,,2028379,,NISSAN,SENTRA,OH,2015,NONE,PASSENGER,PERSONAL,N,STRAIGHT AHEAD,,,1,,,,,N,N,,,N,N,N,,,N,Y,,,FRONT-LEFT-CORNER,,,,,,,,,,,,,,,,,,,,,,,,,,,,,,,,,
2127753,3fcdddafe5fd0163635082ff6c61a9add80d32ab2f12c7fc1d4ce20b232c5c1944e333307de1b69d688483d0bde9d64b1981131111e381be3d4b9aa2f6dc8d35,08/09/2025 01:00:00 PM,2,DRIVER,2,2028380,,AUDI,A5,IL,2018,NONE,PASSENGER,PERSONAL,N,SLOW/STOP IN TRAFFIC,,,3,,,,,Y,Y,,,,,,,,,,,,SIDE-RIGHT-FRONT,,,,,,,,,,,,,,,,,,,,,,,,,,,,,,,,,
2124855,61648c6694ee5f54238905f71fb2925e0f1d3df8626e650753340f0800d314221d670c461bffedd4442e9ad443ee31a9951b17d9a2a99f37f246e34b21f1eba3,08/09/2025 01:00:00 PM,1,DRIVER,,2025624,,NISSAN,ALTIMA,IL,2011,UNKNOWN,PASSENGER,RIDESHARE SERVICE,S,ENTERING TRAFFIC LANE FROM PARKING,,,1,,,,,,,,,,,,,,,Y,,,FRONT-LEFT-CORNER,,,,,,,,,,,,,,,,,,,,,,,,,,,,,,,,,
2124856,61648c6694ee5f54238905f71fb2925e0f1d3df8626e650753340f0800d314221d670c461bffedd4442e9ad443ee31a9951b17d9a2a99f37f246e34b21f1eba3,08/09/2025 01:00:00 PM,2,DRIVER,,2025632,,VOLKSWAGEN,BEETLE,IL,2013,UNKNOWN,PASSENGER,PERSONAL,S,STRAIGHT AHEAD,,,1,,,,,,,Y,Y,Y,,,,,,,,,SIDE-RIGHT,,,,,,,,,,,,,,,,,,,,,,,,,,,,,,,,,
2125594,66cf5793d4bde1de664423207af7b5fa26fb57671d53dac4fd367cb7e99bd50b0774168883e8718b5a367712d5deb57e0e0208b2e1ed0f6759293f39fc753d70,08/09/2025 01:00:00 PM,1,DRIVER,,2026334,,SUBARU,IMPREZA,IL,2014,UNKNOWN,PASSENGER,PERSONAL,N,STRAIGHT AHEAD,,,1,,,,,Y,,,,,,,,,,Y,Y,,FRONT,,,,,,,,,,,,,,,,,,,,,,,,,,,,,,,,,
2125595,66cf5793d4bde1de664423207af7b5fa26fb57671d53dac4fd367cb7e99bd50b0774168883e8718b5a367712d5deb57e0e0208b2e1ed0f6759293f39fc753d70,08/09/2025 01:00:00 PM,2,DRIVER,,2026328,,SUBARU,FORESTER,IL,2014,NONE,PASSENGER,PERSONAL,N,SLOW/STOP IN TRAFFIC,,,1,,,,,,,,,Y,Y,Y,,,,,,,REAR,,,,,,,,,,,,,,,,,,,,,,,,,,,,,,,,,
2128473,7c08f88b77d1533fda7ae32e39bf06c577b961525db7452f45791342f6f58d004f1552cce95e10522b1c2953d512de7691126aa17e3878b4d6cea61811d739bd,08/09/2025 01:00:00 PM,1,DRIVER,1,2029063,,CHEVROLET,EQUINOX,IL,2020,NONE,SPORT UTILITY VEHICLE (SUV),PERSONAL,UNKNOWN,STRAIGHT AHEAD,,,2,,,,,Y,,,,,,,,,,,,,FRONT-RIGHT-CORNER,,,,,,,,,,,,,,,,,,,,,,,,,,,,,,,,,
2128474,7c08f88b77d1533fda7ae32e39bf06c577b961525db7452f45791342f6f58d004f1552cce95e10522b1c2953d512de7691126aa17e3878b4d6cea61811d739bd,08/09/2025 01:00:00 PM,2,PARKED,,2029053,,FORD,ESCAPE,IL,2024,NONE,SPORT UTILITY VEHICLE (SUV),PERSONAL,N,PARKED,,,0,,,,,,,,,,,Y,Y,,,,,,REAR-LEFT-CORNER,,,,,,,,,,,,,,,,,,,,,,,,,,,,,,,,,
2124952,8d75c9e8e8cc8ad3a3946a5a99ad0a9e6d207d0df41b47652cd3efb127fda7683ce8b98bc29f3f17fe5c6aad6dd7931318e009e8f880b2e2ba1032da26f3abfe,08/09/2025 01:00:00 PM,1,DRIVER,,2025718,,UNKNOWN,OTHER (EXPLAIN IN NARRATIVE),,,UNKNOWN,PICKUP,UNKNOWN/NA,N,UNKNOWN/NA,,,1,,,,,,,,,,,,,,,,,Y,FRONT-RIGHT-CORNER,,,,,,,,,,,,,,,,,,,,,,,,,,,,,,,,,
2124953,8d75c9e8e8cc8ad3a3946a5a99ad0a9e6d207d0df41b47652cd3efb127fda7683ce8b98bc29f3f17fe5c6aad6dd7931318e009e8f880b2e2ba1032da26f3abfe,08/09/2025 01:00:00 PM,2,PARKED,,2025721,,CHEVROLET,TRAVERSE,IL,2023,UNKNOWN,SPORT UTILITY VEHICLE (SUV),PERSONAL,N,PARKED,,,0,,,,,,,,,,,,,,Y,Y,,,FRONT-LEFT-CORNER,,,,,,,,,,,,,,,,,,,,,,,,,,,,,,,,,
2124940,f18746b1977e71ebd77e6af596ec3fc1930d8bc43f0790a52ada4a0632b70b499d4eaee69c4624cd380f9109b879dad7f9c6d83b56069e25bff4092730f2225e,08/09/2025 01:00:00 PM,1,DRIVER,,2025708,,FORD,F150,IL,2017,UNKNOWN,PICKUP,PERSONAL,SW,BACKING,,,1,,,,,,,,,,Y,,,,,,,,REAR,,,,,,,,,,,,,,,,,,,,,,,,,,,,,,,,,
2124958,1d4b258e03f4e16709d77d0220a78ab1199a960943164c792a9650d796027495c49d3668f86c717eed0d245bcb57ae6e1e459a3a10739f0c41b6cdae8ab9a76d,08/09/2025 12:45:00 PM,1,DRIVER,,2025730,,VOLKSWAGEN,BEETLE,IL,2015,UNKNOWN,PASSENGER,PERSONAL,NE,STRAIGHT AHEAD,,,1,,,,,,,,,,,Y,Y,,,,,,SIDE-LEFT,,,,,,,,,,,,,,,,,,,,,,,,,,,,,,,,,
2124959,1d4b258e03f4e16709d77d0220a78ab1199a960943164c792a9650d796027495c49d3668f86c717eed0d245bcb57ae6e1e459a3a10739f0c41b6cdae8ab9a76d,08/09/2025 12:45:00 PM,2,DRIVER,,2025781,,CHEVROLET,OTHER (EXPLAIN IN NARRATIVE),IL,2020,UNKNOWN,PASSENGER,PERSONAL,N,STRAIGHT AHEAD,,,1,,,,,,,,,,,,,,,,,Y,UNKNOWN,,,,,,,,,,,,,,,,,,,,,,,,,,,,,,,,,
2124986,219d9a979f645002c747183e621084b3af64935bf0b03fdcba762b9a33041b3433d9df4500ae44294e770efcde387c957bec1bdb005c8f552c63cb76022486c3,08/09/2025 12:45:00 PM,1,DRIVER,,2025773,,CHEVROLET,SILVERADO,IL,2015,NONE,PASSENGER,PERSONAL,SE,STRAIGHT AHEAD,,,1,,,,,,,,,Y,,,,,N,N,,,REAR-RIGHT-CORNER,,,,,,,,,,,,,,,,,,,,,,,,,,,,,,,,,
2124987,219d9a979f645002c747183e621084b3af64935bf0b03fdcba762b9a33041b3433d9df4500ae44294e770efcde387c957bec1bdb005c8f552c63cb76022486c3,08/09/2025 12:45:00 PM,2,DRIVER,,2025823,,NISSAN,ROGUE,IL,2015,UNKNOWN,SPORT UTILITY VEHICLE (SUV),PERSONAL,SE,STRAIGHT AHEAD,,,1,,,,,,,,,,,,,,Y,,,,SIDE-LEFT,,,,,,,,,,,,,,,,,,,,,,,,,,,,,,,,,
2124900,06133a7c1f72f0781ea38b8c5dd676921a85b1ca7d6368c62832b0b5b44b72376e27b81b5e4a46a538fed12629aaf37852f303f50a6b52298239a868cbab2e78,08/09/2025 12:40:00 PM,1,DRIVER,,2025674,,UNKNOWN,MOTORIZED,,,UNKNOWN,PASSENGER,UNKNOWN/NA,UNKNOWN,OTHER,,,1,,,,,,,,,,,,,,,,,,UNKNOWN,,,,,,,,,,,,,,,,,,,,,,,,,,,,,,,,,