CRASH_UNIT_ID,CRASH_RECORD_ID,CRASH_DATE,UNIT_NO,UNIT_TYPE,NUM_PASSENGERS,VEHICLE_ID,CMRC_VEH_I,MAKE,MODEL,LIC_PLATE_STATE,VEHICLE_YEAR,VEHICLE_DEFECT,VEHICLE_TYPE,VEHICLE_USE,TRAVEL_DIRECTION,MANEUVER,TOWED_I,FIRE_I,OCCUPANT_CNT,EXCEED_SPEED_LIMIT_I,TOWED_BY,TOWED_TO,AREA_00_I,AREA_01_I,AREA_02_I,AREA_03_I,AREA_04_I,AREA_05_I,AREA_06_I,AREA_07_I,AREA_08_I,AREA_09_I,AREA_10_I,AREA_11_I,AREA_12_I,AREA_99_I,FIRST_CONTACT_POINT,CMV_ID,USDOT_NO,CCMC_NO,ILCC_NO,COMMERCIAL_SRC,GVWR,CARRIER_NAME,CARRIER_STATE,CARRIER_CITY,HAZMAT_PLACARDS_I,HAZMAT_NAME,UN_NO,HAZMAT_PRESENT_I,HAZMAT_REPORT_I,HAZMAT_REPORT_NO,MCS_REPORT_I,MCS_REPORT_NO,HAZMAT_VIO_CAUSE_CRASH_I,MCS_VIO_CAUSE_CRASH_I,IDOT_PERMIT_NO,WIDE_LOAD_I,TRAILER1_WIDTH,TRAILER2_WIDTH,TRAILER1_LENGTH,TRAILER2_LENGTH,TOTAL_VEHICLE_LENGTH,AXLE_CNT,VEHICLE_CONFIG,CARGO_BODY_TYPE,LOAD_TYPE,HAZMAT_OUT_OF_SERVICE_I,MCS_OUT_OF_SERVICE_I,HAZMAT_CLASS
2124901,06133a7c1f72f0781ea38b8c5dd676921a85b1ca7d6368c62832b0b5b44b72376e27b81b5e4a46a538fed12629aaf37852f303f50a6b52298239a868cbab2e78,08/09/2025 12:40:00 PM,2,DRIVER,,2025665,,GENESIS,G80,IL,2025,NONE,PASSENGER,PERSONAL,E,STRAIGHT AHEAD,,,1,,,,,,,Y,,,,,,,,,,,SIDE-RIGHT,,,,,,,,,,,,,,,,,,,,,,,,,,,,,,,,,
2124875,ac3dbcfa8a621c260eeb1ca1dd01a9805593b63c83c9b6f1ce02ae718bed2d720fa1b7fe55d912e62968e42b637214e771cc4898c09411a2fbe2f6f6fc4ba21b,08/09/2025 12:40:00 PM,1,DRIVER,,2025643,Y,NOVA BUS,OTHER (EXPLAIN IN NARRATIVE),IL,2023,NONE,BUS OVER 15 PASS.,CTA,NE,PASSING/OVERTAKING,,,1,,,,,,,,,Y,,,,,,,,,REAR-RIGHT-CORNER,"21,961",,,,,,CHICAGO TRANSIT AUTHORITY,IL,CHICAGO,,,,N,N,,N,,N,N,,,,,,,,,BUS,BUS,UNKNOWN,N,N,
2124876,ac3dbcfa8a621c260eeb1ca1dd01a9805593b63c83c9b6f1ce02ae718bed2d720fa1b7fe55d912e62968e42b637214e771cc4898c09411a2fbe2f6f6fc4ba21b,08/09/2025 12:40:00 PM,2,PARKED,1,2025645,,CHEVROLET,SILVERADO,IL,,UNKNOWN,PICKUP,UNKNOWN/NA,NE,PARKED,,,1,,,,,,,Y,,,,,,,,,,,SIDE-RIGHT-FRONT,,,,,,,,,,,,,,,,,,,,,,,,,,,,,,,,,
2125086,d267570f18b2b6771d21a0c4171ca4bd62826623bf5f78774ba52ee032823b0cd174bfb5ef95e75e01e3cba559bf88aa5cf1c54666a5f35a7086d6bc8981d218,08/09/2025 12:36:00 PM,1,DRIVER,,2025849,,UNKNOWN,OTHER (EXPLAIN IN NARRATIVE),XX,,UNKNOWN,UNKNOWN/NA,UNKNOWN/NA,N,TURNING LEFT,,,1,,,,,,,,,,,,,,,,,Y,UNKNOWN,,,,,,,,,,,,,,,,,,,,,,,,,,,,,,,,,
2125087,d267570f18b2b6771d21a0c4171ca4bd62826623bf5f78774ba52ee032823b0cd174bfb5ef95e75e01e3cba559bf88aa5cf1c54666a5f35a7086d6bc8981d218,08/09/2025 12:36:00 PM,2,PEDESTRIAN,,,,,,,,,,,,,,,,,,,,,,,,,,,,,,,,,,,,,,,,,,,,,,,,,,,,,,,,,,,,,,,,,,
2124868,31f9f658d158216c217da7f595258a6280e4576ba5fd4810cbc772217a1901bf64c8d6adf83c8b0e5e52b6e231aad89bf151a5358525221979c3a5a067fcf7b9,08/09/2025 12:30:00 PM,1,DRIVER,,2025657,,JEEP,CHEROKEE,IL,2016,NONE,SPORT UTILITY VEHICLE (SUV),PERSONAL,W,DIVERGING,,,1,,,,,Y,,,,,,,,,,,,,FRONT-RIGHT-CORNER,,,,,,,,,,,,,,,,,,,,,,,,,,,,,,,,,
2124869,31f9f658d158216c217da7f595258a6280e4576ba5fd4810cbc772217a1901bf64c8d6adf83c8b0e5e52b6e231aad89bf151a5358525221979c3a5a067fcf7b9,08/09/2025 12:30:00 PM,2,DRIVER,1,2025694,,TOYOTA,RAV4,IL,2008,NONE,PASSENGER,PERSONAL,W,STRAIGHT AHEAD,,,2,,,,,,,,N,,,,Y,,,,,,SIDE-LEFT,,,,,,,,,,,,,,,,,,,,,,,,,,,,,,,,,
2124828,7c53f739ac4660dd15ab8d7e1205afafd9b49eb1d2261f765bfd2e507df49cd921cda5f6d5d2a9cd28e3e68ab4933e9114f8a6d77a5d1bb421f89500b3342b2d,08/09/2025 12:30:00 PM,1,DRIVER,,2025603,,MERCEDES-BENZ,C250,IL,2013,NONE,PASSENGER,PERSONAL,S,STRAIGHT AHEAD,,,1,,,,,,Y,Y,Y,Y,,,,,,,,,SIDE-RIGHT,,,,,,,,,,,,,,,,,,,,,,,,,,,,,,,,,
2124829,7c53f739ac4660dd15ab8d7e1205afafd9b49eb1d2261f765bfd2e507df49cd921cda5f6d5d2a9cd28e3e68ab4933e9114f8a6d77a5d1bb421f89500b3342b2d,08/09/2025 12:30:00 PM,2,DRIVER,,2025609,,MITSUBISHI,RAIDER,IL,2007,NONE,PICKUP,PERSONAL,E,STRAIGHT AHEAD,Y,,1,,,,,Y,,,,,,,,,,Y,Y,,FRONT,,,,,,,,,,,,,,,,,,,,,,,,,,,,,,,,,
2124991,3cc6418384634aa4d5b5b131eefc03194e2e18167fb21ffd78421328176211a590005965380b24ebdc85ed0ab728131d25ec197cb282fda840b1807f447116b5,08/09/2025 12:25:00 PM,1,DRIVER,,2025756,,UNKNOWN,OTHER (EXPLAIN IN NARRATIVE),IL,,UNKNOWN,UNKNOWN/NA,UNKNOWN/NA,E,SLOW/STOP IN TRAFFIC,,,1,,,,,,,,,,,,,,,,,Y,FRONT,,,,,,,,,,,,,,,,,,,,,,,,,,,,,,,,,
2124992,3cc6418384634aa4d5b5b131eefc03194e2e18167fb21ffd78421328176211a590005965380b24ebdc85ed0ab728131d25ec197cb282fda840b1807f447116b5,08/09/2025 12:25:00 PM,2,DRIVER,4,2025759,,CHEVROLET,TRAVERSE,IL,2014,UNKNOWN,PASSENGER,PERSONAL,E,SLOW/STOP IN TRAFFIC,,,5,,,,,,,,,,Y,,,,,,,,REAR,,,,,,,,,,,,,,,,,,,,,,,,,,,,,,,,,
2124993,3cc6418384634aa4d5b5b131eefc03194e2e18167fb21ffd78421328176211a590005965380b24ebdc85ed0ab728131d25ec197cb282fda840b1807f447116b5,08/09/2025 12:25:00 PM,3,DRIVER,2,2025776,,JEEP,JEEP,IL,2021,UNKNOWN,PASSENGER,PERSONAL,E,SLOW/STOP IN TRAFFIC,,,3,,,,,,,,,Y,Y,,,,,,,,REAR,,,,,,,,,,,,,,,,,,,,,,,,,,,,,,,,,
2124894,0d84fe14322a036b671aa2e7a1384f7d1a1c1a2e86421b5373a92ba08a26597cc9ccc57cb8a9461a0611aa937c9993ed211eaed65f11f30462abf6641dd4614b,08/09/2025 12:20:00 PM,1,DRIVER,,2025653,,JEEP,GRAND CHEROKEE,IL,2014,UNKNOWN,SPORT UTILITY VEHICLE (SUV),PERSONAL,NE,TURNING LEFT,,,1,,,,,Y,,,,,,,,,,Y,Y,,FRONT,,,,,,,,,,,,,,,,,,,,,,,,,,,,,,,,,
2124895,0d84fe14322a036b671aa2e7a1384f7d1a1c1a2e86421b5373a92ba08a26597cc9ccc57cb8a9461a0611aa937c9993ed211eaed65f11f30462abf6641dd4614b,08/09/2025 12:20:00 PM,2,DRIVER,,2025677,,SUZUKI,MOTORCYCLE,TN,2003,UNKNOWN,MOTORCYCLE (OVER 150CC),PERSONAL,W,STRAIGHT AHEAD,Y,,1,,CITY OF CHICAGO,701 N SACRAMENTO,,,,,,,,,,,,,,,TOTAL (ALL AREAS),,,,,,,,,,,,,,,,,,,,,,,,,,,,,,,,,
2127683,9a30a508337dd99a537c1a5b3b213254ebdedb23f7c112b0612530f7d873e8c6a8f1ff76189440594b78bf69cb67aaadb57da0749ece04499c73b9e063c112c0,08/09/2025 12:18:00 PM,1,DRIVER,,2028306,,FORD,OTHER (EXPLAIN IN NARRATIVE),IL,2022,UNKNOWN,PASSENGER,PERSONAL,N,STRAIGHT AHEAD,Y,,1,,,,,,,,,,,,,,,Y,Y,Y,FRONT,,,,,,,,,,,,,,,,,,,,,,,,,,,,,,,,,
2127684,9a30a508337dd99a537c1a5b3b213254ebdedb23f7c112b0612530f7d873e8c6a8f1ff76189440594b78bf69cb67aaadb57da0749ece04499c73b9e063c112c0,08/09/2025 12:18:00 PM,2,DRIVER,,2028307,,TOYOTA,CAMRY,IL,2013,UNKNOWN,PASSENGER,PERSONAL,W,STRAIGHT AHEAD,Y,,1,,,,,,,,,,,Y,Y,,,,,Y,REAR-LEFT-CORNER,,,,,,,,,,,,,,,,,,,,,,,,,,,,,,,,,
2124859,d71d4f9e32828dff2143d0cf7b4c3bb2540c1fbae417d05234df6065042c314799d90530f01930c6ce20de8c1b9b1f94a712e348d2e9a0eeff47756261e85ffb,08/09/2025 12:15:00 PM,1,NON-MOTOR VEHICLE,,,,,,,,,,,,,,,,,,,,,,,,,,,,,,,,,,,,,,,,,,,,,,,,,,,,,,,,,,,,,,,,,,
2124860,d71d4f9e32828dff2143d0cf7b4c3bb2540c1fbae417d05234df6065042c314799d90530f01930c6ce20de8c1b9b1f94a712e348d2e9a0eeff47756261e85ffb,08/09/2025 12:15:00 PM,2,PARKED,1,2026483,,UNKNOWN,OTHER (EXPLAIN IN NARRATIVE),XX,,UNKNOWN,UNKNOWN/NA,UNKNOWN/NA,UNKNOWN,PARKED,,,1,,,,,,,,,,,,,,,,Y,,OTHER,,,,,,,,,,,,,,,,,,,,,,,,,,,,,,,,,
2124822,6848f0eb000b88a3bd374bcbead39e7564055be3c288732d0dc67b8afcddfaae7edf0d0910736c754397104e2174488b65e84665258717953fa5b2aa52f2e872,08/09/2025 12:10:00 PM,1,DRIVER,,2025599,,KIA,NIRO,NY,2024,UNKNOWN,PASSENGER,UNKNOWN/NA,E,TURNING LEFT,,,1,,,,,Y,Y,,,,,,,,,,Y,,FRONT-RIGHT-CORNER,,,,,,,,,,,,,,,,,,,,,,,,,,,,,,,,,
2124823,6848f0eb000b88a3bd374bcbead39e7564055be3c288732d0dc67b8afcddfaae7edf0d0910736c754397104e2174488b65e84665258717953fa5b2aa52f2e872,08/09/2025 12:10:00 PM,2,DRIVER,,2025604,,HONDA,CIVIC,IL,2013,UNKNOWN,UNKNOWN/NA,UNKNOWN/NA,N,STRAIGHT AHEAD,,,1,,,,,,,,,,,,,,Y,Y,Y,,FRONT-LEFT-CORNER,,,,,,,,,,,,,,,,,,,,,,,,,,,,,,,,,
2124835,fa04950666c55149eccd59c05fe3a673105ce17cb556e1d6fb4ac5c947493fea9456baa026b24ef6ea4897cfec757327b6afa7d34379c85fba30be19324271b8,08/09/2025 12:10:00 PM,1,DRIVER,,2025616,,HONDA,PILOT,IL,2023,NONE,PASSENGER,PERSONAL,E,ENTER FROM DRIVE/ALLEY,,,1,,,,,Y,,,,,,,,,,Y,Y,,FRONT-LEFT-CORNER,,,,,,,,,,,,,,,,,,,,,,,,,,,,,,,,,
2124836,fa04950666c55149eccd59c05fe3a673105ce17cb556e1d6fb4ac5c947493fea9456baa026b24ef6ea4897cfec757327b6afa7d34379c85fba30be19324271b8,08/09/2025 12:10:00 PM,2,DRIVER,,2025628,,ISUZU,OTHER (EXPLAIN IN NARRATIVE),IL,2020,UNKNOWN,VAN/MINI-VAN,COMMERCIAL - SINGLE UNIT,N,STRAIGHT AHEAD,,,1,,,,,N,,,,,,,,,,Y,,,FRONT-LEFT-CORNER,,,,,,,,,,,,,,,,,,,,,,,,,,,,,,,,,
2124857,ff1e5d6b1785fe30a6f33f747d31689958bfab143130875b2496cc0ce16b7c26b790e3b40bcf0a7a2a264bc8ced5c18ec73e9afd2706827edc245903856dcae4,08/09/2025 12:10:00 PM,1,DRIVER,,2025629,,TOYOTA,COROLLA,IL,2015,UNKNOWN,UNKNOWN/NA,UNKNOWN/NA,S,STRAIGHT AHEAD,,,1,,,,,,,,,,,,,,,,,Y,UNKNOWN,,,,,,,,,,,,,,,,,,,,,,,,,,,,,,,,,
2124858,ff1e5d6b1785fe30a6f33f747d31689958bfab143130875b2496cc0ce16b7c26b790e3b40bcf0a7a2a264bc8ced5c18ec73e9afd2706827edc245903856dcae4,08/09/2025 12:10:00 PM,2,DRIVER,,2025637,,HONDA,CR-V,IL,2014,UNKNOWN,PASSENGER,UNKNOWN/NA,E,ENTER FROM DRIVE/ALLEY,,,1,,,,,,,,,,,,,,,Y,,,FRONT-LEFT-CORNER,,,,,,,,,,,,,,,,,,,,,,,,,,,,,,,,,
2124938,4bb9b1102600161fe7a034a34945367d0145751f66c2f124d14583f855bdf404df263ae03db50b3e4f017989b0d6a9b58b41bb44a3f8b0c1904e8c97b6cb0ace,08/09/2025 12:06:00 PM,2,DRIVER,,2025736,,TESLA,MODEL 3,IL,2018,UNKNOWN,PASSENGER,UNKNOWN/NA,S,STRAIGHT AHEAD,,,1,,,,,,,,,,,,,,Y,Y,,,FRONT-LEFT-CORNER,,,,,,,,,,,,,,,,,,,,,,,,,,,,,,,,,
2124939,4bb9b1102600161fe7a034a34945367d0145751f66c2f124d14583f855bdf404df263ae03db50b3e4f017989b0d6a9b58b41bb44a3f8b0c1904e8c97b6cb0ace,08/09/2025 12:06:00 PM,1,NON-MOTOR VEHICLE,,,,,,,,,,,,,,,,,,,,,,,,,,,,,,,,,,,,,,,,,,,,,,,,,,,,,,,,,,,,,,,,,,
2124832,21db3c0dda804cac1676ed28ab8c8fb585eb4b50e92aa42afc938a6c020ba8d147725c4c7b687667ab68f0f2d42bb743168176ed1868392b71717b51d02b26f7,08/09/2025 12:05:00 PM,1,DRIVER,,2025608,,PORSCHE,MACAN,IL,2019,BRAKES,SPORT UTILITY VEHICLE (SUV),PERSONAL,W,STRAIGHT AHEAD,,,1,,,,,,,,,N,N,N,,,,,Y,,FRONT,,,,,,,,,,,,,,,,,,,,,,,,,,,,,,,,,
2124833,21db3c0dda804cac1676ed28ab8c8fb585eb4b50e92aa42afc938a6c020ba8d147725c4c7b687667ab68f0f2d42bb743168176ed1868392b71717b51d02b26f7,08/09/2025 12:05:00 PM,2,DRIVER,1,2025610,,NISSAN,ALTIMA,IL,2023,NONE,PASSENGER,PERSONAL,W,STRAIGHT AHEAD,,,2,,,,,,,,,Y,Y,Y,,,,,,,REAR,,,,,,,,,,,,,,,,,,,,,,,,,,,,,,,,,
2124848,61f63b9dd7acca9d27208bbc676c0592e534a727311afb4457c514a9bad73e9bbc5a79bd6e99cfa4e03baeb80060f11c8629a01868e85218ad9f711ac6004b7f,08/09/2025 12:00:00 PM,1,DRIVER,,2025623,,VOLKSWAGEN,BEETLE,,,NONE,PASSENGER,PERSONAL,S,ENTERING TRAFFIC LANE FROM PARKING,,,1,,,,,,,,,,,,,,,Y,,,FRONT-LEFT-CORNER,,,,,,,,,,,,,,,,,,,,,,,,,,,,,,,,,
2124849,61f63b9dd7acca9d27208bbc676c0592e534a727311afb4457c514a9bad73e9bbc5a79bd6e99cfa4e03baeb80060f11c8629a01868e85218ad9f711ac6004b7f,08/09/2025 12:00:00 PM,2,DRIVER,,2025633,,CHEVROLET,OTHER (EXPLAIN IN NARRATIVE),IL,,NONE,PASSENGER,PERSONAL,S,STRAIGHT AHEAD,,,1,,,,,Y,,,,,,,,,,,,,FRONT-RIGHT-CORNER,,,,,,,,,,,,,,,,,,,,,,,,,,,,,,,,,
2124907,63ceedf39b240fbbaf2dbabf18ba378e3ed2cfd9f1ab836c1d3d83ef5749355bd4a79f850405f7a1a5a06c64df77916870e15a673ad88ada24979956e5ef4661,08/09/2025 12:00:00 PM,1,DRIVER,,2025678,,UNKNOWN,OTHER (EXPLAIN IN NARRATIVE),XX,,UNKNOWN,UNKNOWN/NA,UNKNOWN/NA,UNKNOWN,UNKNOWN/NA,,,1,,,,,,,,,,,,,,,,,Y,UNKNOWN,,,,,,,,,,,,,,,,,,,,,,,,,,,,,,,,,
2124908,63ceedf39b240fbbaf2dbabf18ba378e3ed2cfd9f1ab836c1d3d83ef5749355bd4a79f850405f7a1a5a06c64df77916870e15a673ad88ada24979956e5ef4661,08/09/2025 12:00:00 PM,2,PARKED,,2025684,,HYUNDAI,SONATA,IL,2023,UNKNOWN,PASSENGER,PERSONAL,UNKNOWN,PARKED,,,0,,,,,,,Y,Y,,,,,,,,,,SIDE-RIGHT-REAR,,,,,,,,,,,,,,,,,,,,,,,,,,,,,,,,,
2125567,8c6b8f552e614b3ee5d31409612203f931e3422763d70e14c38afe6f37776f37197edb80ba1c9f2711d64b1bab4545429f32316aa32193a35d0ed6198d152df4,08/09/2025 12:00:00 PM,1,DRIVER,,2026299,,NISSAN,SENTRA,IL,2011,UNKNOWN,UNKNOWN/NA,UNKNOWN/NA,W,STRAIGHT AHEAD,,,1,,,,,Y,,,,,,,,,,Y,Y,Y,FRONT,,,,,,,,,,,,,,,,,,,,,,,,,,,,,,,,,
2125568,8c6b8f552e614b3ee5d31409612203f931e3422763d70e14c38afe6f37776f37197edb80ba1c9f2711d64b1bab4545429f32316aa32193a35d0ed6198d152df4,08/09/2025 12:00:00 PM,2,DRIVER,,2026310,,NISSAN,SENTRA,IL,2024,UNKNOWN,UNKNOWN/NA,UNKNOWN/NA,W,STRAIGHT AHEAD,,,1,,,,,,,,,Y,Y,Y,,,,,,Y,UNKNOWN,,,,,,,,,,,,,,,,,,,,,,,,,,,,,,,,,
2124817,9df88f83f129e7cd598b74026ff58f3bfb3e6e23476ed928b0b0f48d99f02c4ce3cb6e400dfd5014a4388a91003263d7c58fb83b95960410563e926c87597773,08/09/2025 12:00:00 PM,1,DRIVER,,2025595,,FORD,OTHER (EXPLAIN IN NARRATIVE),IL,2013,NONE,PASSENGER,PERSONAL,NW,TURNING LEFT,,,1,,,,,,,,,,,,,,,Y,,,FRONT-LEFT-CORNER,,,,,,,,,,,,,,,,,,,,,,,,,,,,,,,,,
2124818,9df88f83f129e7cd598b74026ff58f3bfb3e6e23476ed928b0b0f48d99f02c4ce3cb6e400dfd5014a4388a91003263d7c58fb83b95960410563e926c87597773,08/09/2025 12:00:00 PM,2,DRIVER,1,2025598,,CHEVROLET,SILVERADO,IL,2022,NONE,SPORT UTILITY VEHICLE (SUV),PERSONAL,W,TURNING LEFT,,,2,,,,,,,,,,,,Y,Y,,,,,SIDE-LEFT-REAR,,,,,,,,,,,,,,,,,,,,,,,,,,,,,,,,,
2124998,9e1090f763ea918eafea00dafae56016e44bc001a16d9083b261ea6ffaee8ae6f1882e4366c113e1f8645f4d282b81d3c8284deea410e1e8513fffd9b3807e10,08/09/2025 12:00:00 PM,1,DRIVER,,2025757,,UNKNOWN,OTHER (EXPLAIN IN NARRATIVE),XX,,UNKNOWN,UNKNOWN/NA,UNKNOWN/NA,UNKNOWN,UNKNOWN/NA,,,1,,,,,,,,,,,,,,,,,,UNKNOWN,,,,,,,,,,,,,,,,,,,,,,,,,,,,,,,,,
2124999,9e1090f763ea918eafea00dafae56016e44bc001a16d9083b261ea6ffaee8ae6f1882e4366c113e1f8645f4d282b81d3c8284deea410e1e8513fffd9b3807e10,08/09/2025 12:00:00 PM,2,PARKED,,2025762,,CHEVROLET,EQUINOX,IL,2023,NONE,PASSENGER,PERSONAL,W,PARKED,,,0,,,,,,,,,,,,,,Y,,,,SIDE-LEFT,,,,,,,,,,,,,,,,,,,,,,,,,,,,,,,,,
2124830,b6304ec8bfcc3e7ed1ca08eb54d6c27584f7be15221e8704963d06626713623b291f5898b862ffc00de6d495b8d451d14a88ec854a5ee681fda7e37a95165f34,08/09/2025 12:00:00 PM,1,DRIVER,1,2025626,,SUBARU,OTHER (EXPLAIN IN NARRATIVE),IL,2014,NONE,PASSENGER,RIDESHARE SERVICE,W,STRAIGHT AHEAD,Y,,2,,,,,Y,,,,,,,,,,Y,Y,,FRONT-RIGHT-CORNER,,,,,,,,,,,,,,,,,,,,,,,,,,,,,,,,,
2124831,b6304ec8bfcc3e7ed1ca08eb54d6c27584f7be15221e8704963d06626713623b291f5898b862ffc00de6d495b8d451d14a88ec854a5ee681fda7e37a95165f34,08/09/2025 12:00:00 PM,2,DRIVER,1,2025615,,CHRYSLER,PT CRUISER,IL,2007,NONE,PASSENGER,PERSONAL,N,STRAIGHT AHEAD,,,2,,,,,Y,Y,Y,,,,,,,,,,,SIDE-RIGHT,,,,,,,,,,,,,,,,,,,,,,,,,,,,,,,,,
2125334,c58711bf3e594ab633761e574a8620f6148cc75a01a2df4bf968d500fc7d59327c8ab15d1cbfc90fec15e4920fc4b3fd3a064afaf6ce74f26b54b0861bf592aa,08/09/2025 12:00:00 PM,1,DRIVER,,2026084,,UNKNOWN,OTHER (EXPLAIN IN NARRATIVE),,2000,UNKNOWN,OTHER,UNKNOWN/NA,UNKNOWN,UNKNOWN/NA,,,1,,,,,,,,,,,,,,,,,Y,UNKNOWN,,,,,,,,,,,,,,,,,,,,,,,,,,,,,,,,,
2125335,c58711bf3e594ab633761e574a8620f6148cc75a01a2df4bf968d500fc7d59327c8ab15d1cbfc90fec15e4920fc4b3fd3a064afaf6ce74f26b54b0861bf592aa,08/09/2025 12:00:00 PM,2,PARKED,,2026090,,SUBARU,OUTBACK,WI,2021,UNKNOWN,PASSENGER,PERSONAL,E,PARKED,,,0,,,,,Y,,,,,,,,,,,Y,,FRONT-RIGHT-CORNER,,,,,,,,,,,,,,,,,,,,,,,,,,,,,,,,,
2124826,d9fd6ecf669e2df518d3626407179fa7c636fe21056118709fa0e34f10ab97586ec9d704f382456df51aef4b3d474aec71debab25423a6a50920a21ffa93a9d4,08/09/2025 11:57:00 AM,1,DRIVER,,2025601,,HONDA,CR-V,IL,2001,UNKNOWN,SPORT UTILITY VEHICLE (SUV),UNKNOWN/NA,E,LEAVING TRAFFIC LANE TO PARK,,,1,,,,,Y,Y,,,,,,,,,,,N,FRONT-RIGHT-CORNER,,,,,,,,,,,,,,,,,,,,,,,,,,,,,,,,,
2124827,d9fd6ecf669e2df518d3626407179fa7c636fe21056118709fa0e34f10ab97586ec9d704f382456df51aef4b3d474aec71debab25423a6a50920a21ffa93a9d4,08/09/2025 11:57:00 AM,2,PARKED,,2025602,,CHEVROLET,SILVERADO,IL,2018,UNKNOWN,PICKUP,NOT IN USE,E,PARKED,,,0,,,,,,,,,,,Y,,,,Y,,,UNKNOWN,,,,,,,,,,,,,,,,,,,,,,,,,,,,,,,,,
2124841,bb0aed0555107b70fc415bb6077e52d6058eca3ba31b4af2110e6ac835fdbf5567382183ae3717904b60e702adec509b62744eabb0a829607ca1f4b4f498d0db,08/09/2025 11:50:00 AM,1,DRIVER,,2025619,,UNKNOWN,OTHER (EXPLAIN IN NARRATIVE),,,UNKNOWN,UNKNOWN/NA,UNKNOWN/NA,W,CHANGING LANES,,,1,,,,,,,,,,,,,,,,,Y,FRONT,,,,,,,,,,,,,,,,,,,,,,,,,,,,,,,,,
2124854,bb0aed0555107b70fc415bb6077e52d6058eca3ba31b4af2110e6ac835fdbf5567382183ae3717904b60e702adec509b62744eabb0a829607ca1f4b4f498d0db,08/09/2025 11:50:00 AM,2,DRIVER,3,2026213,,CHEVROLET,IMPALA,IL,2014,NONE,PASSENGER,PERSONAL,W,CHANGING LANES,Y,,4,,STREETS AND SANS,10301 S. DOTY,,Y,Y,,,Y,Y,Y,,,Y,Y,Y,N,REAR,,,,,,,,,,,,,,,,,,,,,,,,,,,,,,,,,
2124802,f05ed124df923f75d4c9ff5733a0ed8952dd9376132d2c7648d5327769630f6025dc8be7b2ff8dba4a147661647a66330544b08808bc78ec31156905c983babd,08/09/2025 11:50:00 AM,1,DRIVER,,2025578,,HONDA,CIVIC,IL,2012,NONE,PASSENGER,PERSONAL,SE,TURNING RIGHT,,,1,,,,,,,,,,,,,,Y,Y,Y,,REAR-LEFT-CORNER,,,,,,,,,,,,,,,,,,,,,,,,,,,,,,,,,
2124803,f05ed124df923f75d4c9ff5733a0ed8952dd9376132d2c7648d5327769630f6025dc8be7b2ff8dba4a147661647a66330544b08808bc78ec31156905c983babd,08/09/2025 11:50:00 AM,2,DRIVER,,2025582,,TOYOTA,SIENNA,IL,2013,NONE,SPORT UTILITY VEHICLE (SUV),PERSONAL,S,STRAIGHT AHEAD,,,1,,,,,,Y,Y,Y,,,,,,,,,,SIDE-RIGHT,,,,,,,,,,,,,,,,,,,,,,,,,,,,,,,,,
2125185,a99ce05799d2658d82859b58e60b95cde732b53dd9e8acd81c8ae8992b307835684d1c98ab5b9cc6dd9c5a99d62d3ba4bfc8c166aeedafcec2c43fb1b153d6be,08/09/2025 11:44:00 AM,1,DRIVER,1,2025942,,TOYOTA,HIGHLANDER,IL,2010,UNKNOWN,SPORT UTILITY VEHICLE (SUV),PERSONAL,S,TURNING LEFT,,,2,,,,,Y,,,,,,,,,,,,,FRONT-RIGHT-CORNER,,,,,,,,,,,,,,,,,,,,,,,,,,,,,,,,,
2125186,a99ce05799d2658d82859b58e60b95cde732b53dd9e8acd81c8ae8992b307835684d1c98ab5b9cc6dd9c5a99d62d3ba4bfc8c166aeedafcec2c43fb1b153d6be,08/09/2025 11:44:00 AM,2,DRIVER,,2025947,,HONDA,CIVIC,IL,2022,NONE,PASSENGER,PERSONAL,N,STRAIGHT AHEAD,,,1,,,,,,,,,,,,,,,Y,,,FRONT-LEFT-CORNER,,,,,,,,,,,,,,,,,,,,,,,,,,,,,,,,,
2124819,e55e4a3f4f0aa723d61acee9cc13df7ccc931a0e888d0f9a14434a8ca790d03f26e01b1add76584c74cd9eace17e30aea464a8dc2a6d06267bddf7cc8c142c5f,08/09/2025 11:42:00 AM,1,DRIVER,,2025597,,TOYOTA,OTHER (EXPLAIN IN NARRATIVE),,,UNKNOWN,PASSENGER,UNKNOWN/NA,E,STRAIGHT AHEAD,,,1,,,,,,,,,,,,,,,,Y,,FRONT,,,,,,,,,,,,,,,,,,,,,,,,,,,,,,,,,
2124820,e55e4a3f4f0aa723d61acee9cc13df7ccc931a0e888d0f9a14434a8ca790d03f26e01b1add76584c74cd9eace17e30aea464a8dc2a6d06267bddf7cc8c142c5f,08/09/2025 11:42:00 AM,2,DRIVER,,2025606,,MERCEDES-BENZ,GLC,IL,2025,UNKNOWN,SPORT UTILITY VEHICLE (SUV),PERSONAL,E,STRAIGHT AHEAD,,,1,,,,,,,,,,Y,,,,,,Y,,REAR,,,,,,,,,,,,,,,,,,,,,,,,,,,,,,,,,
2124821,e55e4a3f4f0aa723d61acee9cc13df7ccc931a0e888d0f9a14434a8ca790d03f26e01b1add76584c74cd9eace17e30aea464a8dc2a6d06267bddf7cc8c142c5f,08/09/2025 11:42:00 AM,3,DRIVER,,2025613,,TOYOTA,PRIUS,IL,2009,UNKNOWN,PASSENGER,PERSONAL,E,STRAIGHT AHEAD,,,1,,,,,,,,,,Y,,,,,,,,REAR,,,,,,,,,,,,,,,,,,,,,,,,,,,,,,,,,