CRASH_UNIT_ID,CRASH_RECORD_ID,CRASH_DATE,UNIT_NO,UNIT_TYPE,NUM_PASSENGERS,VEHICLE_ID,CMRC_VEH_I,MAKE,MODEL,LIC_PLATE_STATE,VEHICLE_YEAR,VEHICLE_DEFECT,VEHICLE_TYPE,VEHICLE_USE,TRAVEL_DIRECTION,MANEUVER,TOWED_I,FIRE_I,OCCUPANT_CNT,EXCEED_SPEED_LIMIT_I,TOWED_BY,TOWED_TO,AREA_00_I,AREA_01_I,AREA_02_I,AREA_03_I,AREA_04_I,AREA_05_I,AREA_06_I,AREA_07_I,AREA_08_I,AREA_09_I,AREA_10_I,AREA_11_I,AREA_12_I,AREA_99_I,FIRST_CONTACT_POINT,CMV_ID,USDOT_NO,CCMC_NO,ILCC_NO,COMMERCIAL_SRC,GVWR,CARRIER_NAME,CARRIER_STATE,CARRIER_CITY,HAZMAT_PLACARDS_I,HAZMAT_NAME,UN_NO,HAZMAT_PRESENT_I,HAZMAT_REPORT_I,HAZMAT_REPORT_NO,MCS_REPORT_I,MCS_REPORT_NO,HAZMAT_VIO_CAUSE_CRASH_I,MCS_VIO_CAUSE_CRASH_I,IDOT_PERMIT_NO,WIDE_LOAD_I,TRAILER1_WIDTH,TRAILER2_WIDTH,TRAILER1_LENGTH,TRAILER2_LENGTH,TOTAL_VEHICLE_LENGTH,AXLE_CNT,VEHICLE_CONFIG,CARGO_BODY_TYPE,LOAD_TYPE,HAZMAT_OUT_OF_SERVICE_I,MCS_OUT_OF_SERVICE_I,HAZMAT_CLASS
2124798,14c3809d3bf03edbf1f7676db0600d6e897b26e2d95882588f8d06a363ce74b592f86786d0837133178e068c8bacd53cb99beab98693c136507356c2293b4385,08/09/2025 11:40:00 AM,1,DRIVER,,2025576,,TOYOTA,PRIUS,IL,2025,NONE,PASSENGER,PERSONAL,W,STRAIGHT AHEAD,,,1,,,,,Y,Y,,,,,,,,,,,,FRONT-RIGHT-CORNER,,,,,,,,,,,,,,,,,,,,,,,,,,,,,,,,,
2124799,14c3809d3bf03edbf1f7676db0600d6e897b26e2d95882588f8d06a363ce74b592f86786d0837133178e068c8bacd53cb99beab98693c136507356c2293b4385,08/09/2025 11:40:00 AM,2,DRIVER,1,2025581,,HONDA,ACCORD,IN,2009,NONE,PASSENGER,PERSONAL,W,STRAIGHT AHEAD,,,2,,,,,,,,,,,,Y,Y,Y,Y,,,SIDE-LEFT,,,,,,,,,,,,,,,,,,,,,,,,,,,,,,,,,
2124808,f41c9c284becb38f839dadff8d415319256cbcf31c5115bc232b22ec450b97b17dc55a4aaa3d23783e31e23c3a88ed896665c5d8d47a2d07859d9d4aaf3f6732,08/09/2025 11:39:00 AM,1,DRIVER,,2025586,,HONDA,ODYSSEY,IL,2006,UNKNOWN,PASSENGER,PERSONAL,W,STRAIGHT AHEAD,Y,,1,,OWNER,REPAIR,,Y,Y,,,,,,,,,,,,SIDE-RIGHT-FRONT,,,,,,,,,,,,,,,,,,,,,,,,,,,,,,,,,
2124809,f41c9c284becb38f839dadff8d415319256cbcf31c5115bc232b22ec450b97b17dc55a4aaa3d23783e31e23c3a88ed896665c5d8d47a2d07859d9d4aaf3f6732,08/09/2025 11:39:00 AM,2,DRIVER,1,2025591,,HYUNDAI,ELANTRA,IL,2009,UNKNOWN,PASSENGER,PERSONAL,S,STRAIGHT AHEAD,N,,2,,,,,Y,,,,,,,,,,Y,Y,,FRONT,,,,,,,,,,,,,,,,,,,,,,,,,,,,,,,,,
2124804,274cc8e5743a54b1308eb06ad9bb30304888800237295cf396d21313b12523b72bd52f316e3f64dcd4279bdb46c38a250fbb10fed29a9d2b7f8e4e9271c37e7c,08/09/2025 11:33:00 AM,1,DRIVER,,2025579,,TOYOTA,RAV4,IL,2014,UNKNOWN,SPORT UTILITY VEHICLE (SUV),PERSONAL,S,TURNING LEFT,,,1,,,,,,Y,Y,Y,,,,N,N,N,,,,SIDE-RIGHT,,,,,,,,,,,,,,,,,,,,,,,,,,,,,,,,,
2124805,274cc8e5743a54b1308eb06ad9bb30304888800237295cf396d21313b12523b72bd52f316e3f64dcd4279bdb46c38a250fbb10fed29a9d2b7f8e4e9271c37e7c,08/09/2025 11:33:00 AM,2,DRIVER,,2025583,,TOYOTA,YARIS,IL,2008,UNKNOWN,PASSENGER,PERSONAL,N,STRAIGHT AHEAD,Y,,1,,OWNER,UNKNOWN,,Y,,,,,,,,,,Y,Y,,FRONT,,,,,,,,,,,,,,,,,,,,,,,,,,,,,,,,,
2124844,7a60cedeca619aa6e29a6b586900c7c912aa5740e6dd33204c10f3f291e6dbdbc390eb27a6318711e43ef3d2c5c563c1332cb1195b02df2f1ef21cca8b381e18,08/09/2025 11:30:00 AM,1,DRIVER,,2025618,,LINCOLN,NAVIGATOR,IL,2020,NONE,SPORT UTILITY VEHICLE (SUV),PERSONAL,S,CHANGING LANES,,,1,,,,,,,,,,,,,,Y,Y,,,FRONT-LEFT-CORNER,,,,,,,,,,,,,,,,,,,,,,,,,,,,,,,,,
2124845,7a60cedeca619aa6e29a6b586900c7c912aa5740e6dd33204c10f3f291e6dbdbc390eb27a6318711e43ef3d2c5c563c1332cb1195b02df2f1ef21cca8b381e18,08/09/2025 11:30:00 AM,2,DRIVER,1,2025625,,FORD,EDGE,IL,2023,NONE,SPORT UTILITY VEHICLE (SUV),PERSONAL,S,STRAIGHT AHEAD,,,2,,,,,,Y,,,,,,,,,,,,SIDE-RIGHT-FRONT,,,,,,,,,,,,,,,,,,,,,,,,,,,,,,,,,
2124794,dfeaffa57569f316e1834e130b399bb962be112b518c4c6bb54147b309528569998a2965687de0d7df1435f45df1cfaa77c834bd29835cbbbf76c0e146a25f2f,08/09/2025 11:18:00 AM,1,DRIVER,,2025572,,FORD,F250,IL,2001,NONE,PICKUP,PERSONAL,N,CHANGING LANES,,,1,,,,,,,,,,,,,,Y,Y,,,FRONT-LEFT-CORNER,,,,,,,,,,,,,,,,,,,,,,,,,,,,,,,,,
2124795,dfeaffa57569f316e1834e130b399bb962be112b518c4c6bb54147b309528569998a2965687de0d7df1435f45df1cfaa77c834bd29835cbbbf76c0e146a25f2f,08/09/2025 11:18:00 AM,2,DRIVER,1,2025575,,DODGE,GRAND CARAVAN,IL,2015,NONE,VAN/MINI-VAN,PERSONAL,N,STRAIGHT AHEAD,,,2,,,,,,,,Y,Y,,,,,,,,,SIDE-RIGHT-REAR,,,,,,,,,,,,,,,,,,,,,,,,,,,,,,,,,
2125100,cc3a6adcdace005b5005c6fd25043cf2563210d5898b1f6ae9f67adcbe44dfcea089a4781cd45128fe9c25107d6b4da2d7871bf3434f4eb37522252f78e2b132,08/09/2025 11:17:00 AM,1,DRIVER,,2025867,,VOLKSWAGEN,GTI,IL,2012,NONE,PASSENGER,PERSONAL,N,PASSING/OVERTAKING,,,1,,,,,,,,,Y,,,,,,,,,REAR-RIGHT-CORNER,,,,,,,,,,,,,,,,,,,,,,,,,,,,,,,,,
2125101,cc3a6adcdace005b5005c6fd25043cf2563210d5898b1f6ae9f67adcbe44dfcea089a4781cd45128fe9c25107d6b4da2d7871bf3434f4eb37522252f78e2b132,08/09/2025 11:17:00 AM,2,DRIVER,,2025864,,DODGE,DURANGO,IL,2014,NONE,SPORT UTILITY VEHICLE (SUV),PERSONAL,N,ENTERING TRAFFIC LANE FROM PARKING,,,1,,,,,,,,,,,,,,,Y,,,FRONT-LEFT-CORNER,,,,,,,,,,,,,,,,,,,,,,,,,,,,,,,,,
2124788,ddb13524bfa60e49c67835465412ad17a3ab6eb062d2e2ad8403a17b5785b074c469d38ef2589e23dbe9424379646deb57c0ddc3da0a5a165ef3c8cb210ac395,08/09/2025 11:15:00 AM,1,DRIVER,,2025569,,GENERAL MOTORS CORPORATION (GMC),DENALI,IL,2004,UNKNOWN,SPORT UTILITY VEHICLE (SUV),PERSONAL,S,CHANGING LANES,Y,,1,,PRIVATE,UNKNOWN,,Y,,,,,Y,Y,Y,Y,,Y,Y,,FRONT-LEFT-CORNER,,,,,,,,,,,,,,,,,,,,,,,,,,,,,,,,,
2124789,ddb13524bfa60e49c67835465412ad17a3ab6eb062d2e2ad8403a17b5785b074c469d38ef2589e23dbe9424379646deb57c0ddc3da0a5a165ef3c8cb210ac395,08/09/2025 11:15:00 AM,2,DRIVER,1,2025574,,TOYOTA,PREVIA,IL,1991,UNKNOWN,VAN/MINI-VAN,PERSONAL,S,STRAIGHT AHEAD,,,2,,,,,,,,,Y,,,,,,,,,REAR-RIGHT-CORNER,,,,,,,,,,,,,,,,,,,,,,,,,,,,,,,,,
2127559,31c5274545358d00764f3058126322de6d71cb41cece6161d810a5cad5e10de5c2588e0f1c8074eb356c4fbe492924eb98ae9268a20a3cb34033e70d55e0bc4d,08/09/2025 11:00:00 AM,1,DRIVER,,2028193,,UNKNOWN,OTHER (EXPLAIN IN NARRATIVE),,,UNKNOWN,UNKNOWN/NA,UNKNOWN/NA,UNKNOWN,UNKNOWN/NA,,,1,,,,,,,,,,,,,,,,,Y,UNKNOWN,,,,,,,,,,,,,,,,,,,,,,,,,,,,,,,,,
2127560,31c5274545358d00764f3058126322de6d71cb41cece6161d810a5cad5e10de5c2588e0f1c8074eb356c4fbe492924eb98ae9268a20a3cb34033e70d55e0bc4d,08/09/2025 11:00:00 AM,2,PARKED,,2028202,,HONDA,CR-V,IL,2016,NONE,SPORT UTILITY VEHICLE (SUV),NOT IN USE,S,PARKED,,,0,,,,,,,Y,,,,,,,,,,,SIDE-RIGHT,,,,,,,,,,,,,,,,,,,,,,,,,,,,,,,,,
2125281,4d8e85f0c2b3c48bf377138e541fa27411c59489424f01da48e283efe2a8d285ed689e29d3eaa20a436e222a76182dedec33c0369513b49c56c4ffd160373dc8,08/09/2025 11:00:00 AM,1,DRIVER,,2026040,,HONDA,PILOT,IL,2023,NONE,PASSENGER,PERSONAL,E,STRAIGHT AHEAD,,,1,,,,,Y,,,,,,,,,,Y,Y,,FRONT,,,,,,,,,,,,,,,,,,,,,,,,,,,,,,,,,
2125282,4d8e85f0c2b3c48bf377138e541fa27411c59489424f01da48e283efe2a8d285ed689e29d3eaa20a436e222a76182dedec33c0369513b49c56c4ffd160373dc8,08/09/2025 11:00:00 AM,2,DRIVER,1,2026045,N,ISUZU,OTHER (EXPLAIN IN NARRATIVE),IL,2020,NONE,OTHER,OTHER,N,STRAIGHT AHEAD,,,2,,,,,,,,,,,,Y,Y,,,,,SIDE-LEFT,,,,,,,,,,,,,,,,,,,,,,,,,,,,,,,,,
2124866,751e2d89b55a253ba73b206bc6345e3adbe17ede0b74056a1d1f5deeb2d27b413f7b9820a085373141b8e4296e92201fa1b10f90bd8213c67957ba232f8ef3c0,08/09/2025 11:00:00 AM,1,DRIVER,,2025636,,UNKNOWN,OTHER (EXPLAIN IN NARRATIVE),,,OTHER,PICKUP,PERSONAL,E,STRAIGHT AHEAD,,,1,,,,,Y,,,,,,,,,,Y,Y,,FRONT,,,,,,,,,,,,,,,,,,,,,,,,,,,,,,,,,
2124867,751e2d89b55a253ba73b206bc6345e3adbe17ede0b74056a1d1f5deeb2d27b413f7b9820a085373141b8e4296e92201fa1b10f90bd8213c67957ba232f8ef3c0,08/09/2025 11:00:00 AM,2,DRIVER,,2025642,,VOLKSWAGEN,THE THING,IL,2019,NONE,PASSENGER,PERSONAL,E,STRAIGHT AHEAD,,,1,,,,,,,,,Y,Y,Y,,,,,,,REAR,,,,,,,,,,,,,,,,,,,,,,,,,,,,,,,,,
2125553,9eb5ee3668f58ab23878eee4bcd318cb8f3645cdee28d51ae8049ba6ba976964a26d98f12e575b0ba76ea0692e0c8011a543b53f892c67fa2b69654a1de118da,08/09/2025 11:00:00 AM,1,DRIVER,,2026280,,CHEVROLET,IMPALA,IL,2019,NONE,PASSENGER,PERSONAL,S,BACKING,,,1,,,,,,,,,,Y,,,,,,,,REAR,,,,,,,,,,,,,,,,,,,,,,,,,,,,,,,,,
2125554,9eb5ee3668f58ab23878eee4bcd318cb8f3645cdee28d51ae8049ba6ba976964a26d98f12e575b0ba76ea0692e0c8011a543b53f892c67fa2b69654a1de118da,08/09/2025 11:00:00 AM,2,DRIVER,,2026281,,MAZDA,CX-5,IL,2024,NONE,PASSENGER,PERSONAL,E,STRAIGHT AHEAD,,,1,,,,,,,,,,,,,Y,,,,,FRONT-LEFT-CORNER,,,,,,,,,,,,,,,,,,,,,,,,,,,,,,,,,
2124777,cefd6b1fe02f100dc459850b2d971e53bb0d7612e63593745ac7db9855cd0cadd336e66d3a6d9fb08568ab2c5f2f44e8b740a6bb1f87b7915c5a41f408823bb8,08/09/2025 11:00:00 AM,1,DRIVER,,2025553,,JEEP,RENEGADE,,,UNKNOWN,SPORT UTILITY VEHICLE (SUV),UNKNOWN/NA,N,STRAIGHT AHEAD,,,1,,,,,,,,,,,,,,,Y,,,FRONT-LEFT-CORNER,,,,,,,,,,,,,,,,,,,,,,,,,,,,,,,,,
2124778,cefd6b1fe02f100dc459850b2d971e53bb0d7612e63593745ac7db9855cd0cadd336e66d3a6d9fb08568ab2c5f2f44e8b740a6bb1f87b7915c5a41f408823bb8,08/09/2025 11:00:00 AM,2,DRIVER,1,2025573,,JEEP,GRAND CHEROKEE,,,NONE,SPORT UTILITY VEHICLE (SUV),PERSONAL,N,SLOW/STOP IN TRAFFIC,,,2,,,,,,,,,Y,Y,,,,,,,,REAR,,,,,,,,,,,,,,,,,,,,,,,,,,,,,,,,,
2127926,d71699cd81712835e08006acd85e46014d249db37e5cee7af56c85d5d8f416d9a95507ed34b7c65a8dc18f894c4566452533969480d6fe58d649a37703bc43e3,08/09/2025 11:00:00 AM,1,DRIVER,,2028538,,JEEP,COMMANDER,MI,2008,UNKNOWN,SPORT UTILITY VEHICLE (SUV),UNKNOWN/NA,E,BACKING,,,1,,,,,,,,Y,Y,Y,,,,,,,,REAR-RIGHT-CORNER,,,,,,,,,,,,,,,,,,,,,,,,,,,,,,,,,
2127927,d71699cd81712835e08006acd85e46014d249db37e5cee7af56c85d5d8f416d9a95507ed34b7c65a8dc18f894c4566452533969480d6fe58d649a37703bc43e3,08/09/2025 11:00:00 AM,2,DRIVER,,2028546,,JEEP,CHEROKEE,,2017,UNKNOWN,SPORT UTILITY VEHICLE (SUV),UNKNOWN/NA,W,BACKING,,,1,,,,,,,,Y,Y,Y,,,,,,,,REAR-RIGHT-CORNER,,,,,,,,,,,,,,,,,,,,,,,,,,,,,,,,,
2124781,135c0527427daecc5819362c8a920a1c11d4ca99c69887e135248062ef4b78fa7a7b81e8c479b021832fe8e42f27bef935a6c4893031f65059b6217f1f11d06f,08/09/2025 10:59:00 AM,1,DRIVER,,2025559,,UNKNOWN,OTHER (EXPLAIN IN NARRATIVE),IL,,UNKNOWN,UNKNOWN/NA,UNKNOWN/NA,UNKNOWN,UNKNOWN/NA,,,1,,,,,,,,,,,,,,,,,Y,UNKNOWN,,,,,,,,,,,,,,,,,,,,,,,,,,,,,,,,,
2124782,135c0527427daecc5819362c8a920a1c11d4ca99c69887e135248062ef4b78fa7a7b81e8c479b021832fe8e42f27bef935a6c4893031f65059b6217f1f11d06f,08/09/2025 10:59:00 AM,2,PARKED,,2025566,,FORD,EXPLORER,IL,2021,NONE,PASSENGER,PERSONAL,E,PARKED,,,0,,,,Y,,Y,Y,,,,,,,,,,,SIDE-RIGHT,,,,,,,,,,,,,,,,,,,,,,,,,,,,,,,,,
2125297,222c0c2ec4d2c26edd4459a74a3d37f73a909bcd2f3974eeb5e33e6bc1953dcc708deb2f167f835ed7c92e24b83dd6ff7b1b013f6c5d261963ee08c48b802b18,08/09/2025 10:45:00 AM,1,DRIVER,,2026054,,FORD,FUSION,IL,2015,UNKNOWN,PASSENGER,PERSONAL,W,BACKING,,,1,,,,,,,,Y,Y,Y,Y,,,,,,,REAR,,,,,,,,,,,,,,,,,,,,,,,,,,,,,,,,,
2125298,222c0c2ec4d2c26edd4459a74a3d37f73a909bcd2f3974eeb5e33e6bc1953dcc708deb2f167f835ed7c92e24b83dd6ff7b1b013f6c5d261963ee08c48b802b18,08/09/2025 10:45:00 AM,2,DRIVER,,2026060,,HYUNDAI,TUCSON,IL,2024,UNKNOWN,PASSENGER,PERSONAL,W,STRAIGHT AHEAD,,,1,,,,,Y,Y,,,,,,,,,,,,SIDE-RIGHT-FRONT,,,,,,,,,,,,,,,,,,,,,,,,,,,,,,,,,
2124800,d0143c2689648988240b40f3c469c0529047bd86866f340aacf70d21d19c9ea18599fcf97950e8d6c1cf4137639625a4668e6f2db0b2f8978541c7fc0a408045,08/09/2025 10:40:00 AM,1,DRIVER,,2025577,,FORD,OTHER (EXPLAIN IN NARRATIVE),IL,2017,NONE,PASSENGER,NOT IN USE,N,BACKING,,,1,,,,Y,,,,,,,,,,,,,,SIDE-RIGHT-REAR,,,,,,,,,,,,,,,,,,,,,,,,,,,,,,,,,
2124801,d0143c2689648988240b40f3c469c0529047bd86866f340aacf70d21d19c9ea18599fcf97950e8d6c1cf4137639625a4668e6f2db0b2f8978541c7fc0a408045,08/09/2025 10:40:00 AM,2,PARKED,1,2025584,,NISSAN,MAXIMA,IL,2006,NONE,PASSENGER,NOT IN USE,N,PARKED,,,1,,,,,,,,,,,Y,,,,,,,SIDE-LEFT-REAR,,,,,,,,,,,,,,,,,,,,,,,,,,,,,,,,,
2124960,319cbededcf3bda3398d4259c0bbb9c2185c74da28846b2f5db0356c055cdc6796bb1ac3f362c136268e249cd09ffe08b0c7baf63a7a15f70e46dff71d64018d,08/09/2025 10:30:00 AM,1,DRIVER,,2025727,,BMW,X5,IL,2015,UNKNOWN,SPORT UTILITY VEHICLE (SUV),PERSONAL,UNKNOWN,BACKING,,,1,,,,,,,,,,,,,Y,Y,Y,,,FRONT-LEFT-CORNER,,,,,,,,,,,,,,,,,,,,,,,,,,,,,,,,,
2124961,319cbededcf3bda3398d4259c0bbb9c2185c74da28846b2f5db0356c055cdc6796bb1ac3f362c136268e249cd09ffe08b0c7baf63a7a15f70e46dff71d64018d,08/09/2025 10:30:00 AM,2,DRIVER,,2025729,,MAZDA,CX-5,IL,2023,UNKNOWN,SPORT UTILITY VEHICLE (SUV),PERSONAL,UNKNOWN,STRAIGHT AHEAD,,,1,,,,,Y,Y,Y,Y,Y,,,,,,,,,SIDE-RIGHT,,,,,,,,,,,,,,,,,,,,,,,,,,,,,,,,,
2126393,c11d7751747d6998a9caaec1d517e6797ac7b84e2d6be83de50289120ffb60b63e47130158c8b915725e608e4f6934274ede15c9a41eea0527a412c79c9bc4f6,08/09/2025 10:30:00 AM,1,DRIVER,,2027083,,NISSAN,ALTIMA,IL,2020,UNKNOWN,PASSENGER,UNKNOWN/NA,E,ENTERING TRAFFIC LANE FROM PARKING,,,1,,,,,,,,,,,,,,Y,Y,,,FRONT-LEFT-CORNER,,,,,,,,,,,,,,,,,,,,,,,,,,,,,,,,,
2126394,c11d7751747d6998a9caaec1d517e6797ac7b84e2d6be83de50289120ffb60b63e47130158c8b915725e608e4f6934274ede15c9a41eea0527a412c79c9bc4f6,08/09/2025 10:30:00 AM,2,DRIVER,,2027084,,JEEP,COMPASS,IL,2018,NONE,SPORT UTILITY VEHICLE (SUV),PERSONAL,E,STRAIGHT AHEAD,,,1,,,,Y,,,,,,,,,,,,,,FRONT-RIGHT-CORNER,,,,,,,,,,,,,,,,,,,,,,,,,,,,,,,,,
2126260,c8f31925df032594cdef8eb5de656acb0aca6adc74d921e3a11443b7434389b144ca39dc7261aeafd254ed550eabd735a8e8562e5053363af03b5b89732926e7,08/09/2025 10:30:00 AM,1,DRIVER,,2026959,,FORD,F150,IL,2018,NONE,PICKUP,PERSONAL,S,BACKING,,,1,,,,,,,,,,Y,,,,,,,N,REAR,,,,,,,,,,,,,,,,,,,,,,,,,,,,,,,,,
2126261,c8f31925df032594cdef8eb5de656acb0aca6adc74d921e3a11443b7434389b144ca39dc7261aeafd254ed550eabd735a8e8562e5053363af03b5b89732926e7,08/09/2025 10:30:00 AM,2,DRIVER,,2026954,,NISSAN,SENTRA,IL,2023,NONE,PASSENGER,PERSONAL,S,STRAIGHT AHEAD,,,1,,,,,Y,,,,,,,,,,Y,Y,,FRONT,,,,,,,,,,,,,,,,,,,,,,,,,,,,,,,,,
2124779,f5242081f5649c6a12207d29e69c861136a13ba4b2c6e8c3e15ccff8d5b9ec24b6c3a6341d526e3fbf6340f22c9c1171b2dfcae6c16dbdf0a8239ba5eb25bf62,08/09/2025 10:30:00 AM,1,DRIVER,,2025555,,TOYOTA,RAV4,IL,2013,UNKNOWN,SPORT UTILITY VEHICLE (SUV),PERSONAL,E,SLOW/STOP IN TRAFFIC,,,1,,,,,Y,,,,,,,,,,Y,Y,,FRONT,,,,,,,,,,,,,,,,,,,,,,,,,,,,,,,,,
2124780,f5242081f5649c6a12207d29e69c861136a13ba4b2c6e8c3e15ccff8d5b9ec24b6c3a6341d526e3fbf6340f22c9c1171b2dfcae6c16dbdf0a8239ba5eb25bf62,08/09/2025 10:30:00 AM,2,DRIVER,1,2025565,,HONDA,CR-V,IL,2025,UNKNOWN,SPORT UTILITY VEHICLE (SUV),PERSONAL,E,SLOW/STOP IN TRAFFIC,,,2,,,,,,,,,Y,Y,Y,,,,,,,REAR,,,,,,,,,,,,,,,,,,,,,,,,,,,,,,,,,
2124758,f820e6422049987372773d223e149901ebd00fec21ce5fc8f170eee0ee305f85d7d918930856f9981c5ecad84cd9677c1430d82aac1e3547cc27eadd1ef91e72,08/09/2025 10:30:00 AM,1,DRIVER,1,2025534,,FORD,ESCAPE,IL,,UNKNOWN,UNKNOWN/NA,UNKNOWN/NA,UNKNOWN,UNKNOWN/NA,,,2,,,,,,,,,,,,,,Y,Y,,Y,UNKNOWN,,,,,,,,,,,,,,,,,,,,,,,,,,,,,,,,,
2124759,f820e6422049987372773d223e149901ebd00fec21ce5fc8f170eee0ee305f85d7d918930856f9981c5ecad84cd9677c1430d82aac1e3547cc27eadd1ef91e72,08/09/2025 10:30:00 AM,2,DRIVER,,2025539,,CHEVROLET,IMPALA,IL,2007,UNKNOWN,UNKNOWN/NA,UNKNOWN/NA,UNKNOWN,STRAIGHT AHEAD,,,1,,,,,,,,Y,Y,,,,,,,,Y,UNKNOWN,,,,,,,,,,,,,,,,,,,,,,,,,,,,,,,,,
2126939,3ee9f701717fcc0da0b4bf0efe556a94b29f2d25d6bfe7c4298c4fc2613077ae72ce1b2fe0d94e2ac272fc8521dd739353d93c581ccf21c3d7235cf540cd4058,08/09/2025 10:20:00 AM,2,DRIVER,,2027598,,TOYOTA,CAMRY,IL,2022,UNKNOWN,PASSENGER,PERSONAL,S,TURNING LEFT,,,1,,,,,Y,Y,,,,,,,,,,,,FRONT-RIGHT-CORNER,,,,,,,,,,,,,,,,,,,,,,,,,,,,,,,,,
2126940,3ee9f701717fcc0da0b4bf0efe556a94b29f2d25d6bfe7c4298c4fc2613077ae72ce1b2fe0d94e2ac272fc8521dd739353d93c581ccf21c3d7235cf540cd4058,08/09/2025 10:20:00 AM,1,BICYCLE,,,,,,,,,,,,,,,,,,,,,,,,,,,,,,,,,,,,,,,,,,,,,,,,,,,,,,,,,,,,,,,,,,
2131825,20ab2ede6f1f71d4ddb49c28945a533f6f821214077104fd601b928df471699f46636fadfe50e82be2b87b9746cb1ba2c9a240c6a83fd2d8abd8d90f9e8be7e8,08/09/2025 10:15:00 AM,1,DRIVER,,2032206,,CHRYSLER,TOWN & COUNTRY,IN,2008,UNKNOWN,PASSENGER,PERSONAL,S,STRAIGHT AHEAD,,,1,,,,,Y,,,,,,,,,,Y,Y,,FRONT,,,,,,,,,,,,,,,,,,,,,,,,,,,,,,,,,
2131826,20ab2ede6f1f71d4ddb49c28945a533f6f821214077104fd601b928df471699f46636fadfe50e82be2b87b9746cb1ba2c9a240c6a83fd2d8abd8d90f9e8be7e8,08/09/2025 10:15:00 AM,2,DRIVER,1,2032207,,HONDA,HR-V,IL,2025,NONE,PASSENGER,PERSONAL,S,SLOW/STOP IN TRAFFIC,,,2,,,,,,,,,Y,Y,Y,,,,,,,REAR,,,,,,,,,,,,,,,,,,,,,,,,,,,,,,,,,
2124980,6bfa5abdaf30d95256fc1a8b4886a44102ce4a4a91883b8ef266ffc1d9b6f503ef33d645b592dc3eb820ae10bd2348d37dbf4b439b6108661fbea664cef30307,08/09/2025 10:15:00 AM,1,DRIVER,,2025754,,HYUNDAI,OTHER (EXPLAIN IN NARRATIVE),NY,2022,NONE,PASSENGER,PERSONAL,UNKNOWN,SLOW/STOP IN TRAFFIC,,,1,,,,,,,,,Y,N,,,,,,,N,REAR-RIGHT-CORNER,,,,,,,,,,,,,,,,,,,,,,,,,,,,,,,,,
2124981,6bfa5abdaf30d95256fc1a8b4886a44102ce4a4a91883b8ef266ffc1d9b6f503ef33d645b592dc3eb820ae10bd2348d37dbf4b439b6108661fbea664cef30307,08/09/2025 10:15:00 AM,2,DRIVER,,2025744,,HONDA,CR-V,IL,2016,NONE,PASSENGER,PERSONAL,W,STRAIGHT AHEAD,,,1,,,,,,,,,,,,Y,Y,,,,,SIDE-LEFT-REAR,,,,,,,,,,,,,,,,,,,,,,,,,,,,,,,,,
2124770,735319549afe40b649d5948c7bfaba1353d44b0e6437a55d904c7f1376a2cab39497cca5a2cefe09773972e6f7f9a92183cc905ca5eb22ec0801fdd735ec344b,08/09/2025 10:15:00 AM,1,DRIVER,1,2025541,,DODGE,RAM 1500 PU,IL,2011,NONE,PICKUP,PERSONAL,N,STRAIGHT AHEAD,,,2,,,,,Y,,,,,,,,,,Y,Y,,FRONT,,,,,,,,,,,,,,,,,,,,,,,,,,,,,,,,,
2124771,735319549afe40b649d5948c7bfaba1353d44b0e6437a55d904c7f1376a2cab39497cca5a2cefe09773972e6f7f9a92183cc905ca5eb22ec0801fdd735ec344b,08/09/2025 10:15:00 AM,2,DRIVER,,2025554,,NISSAN,ROGUE,IL,2021,NONE,SPORT UTILITY VEHICLE (SUV),PERSONAL,N,STRAIGHT AHEAD,,,1,,,,,Y,,,,Y,Y,Y,,,,Y,Y,,REAR,,,,,,,,,,,,,,,,,,,,,,,,,,,,,,,,,
2124772,735319549afe40b649d5948c7bfaba1353d44b0e6437a55d904c7f1376a2cab39497cca5a2cefe09773972e6f7f9a92183cc905ca5eb22ec0801fdd735ec344b,08/09/2025 10:15:00 AM,3,DRIVER,,2025558,,NOVA BUS,LFS,IL,2023,NONE,BUS UP TO 15 PASS.,CTA,N,STRAIGHT AHEAD,,,1,,,,,,,,,Y,Y,Y,,,,,,,REAR,,,,,,,,,,,,,,,,,,,,,,,,,,,,,,,,,
2124750,b359bb70df9e4a60c5fc81dbb684d8007c3efa08eb967ef546d43adaa695474fa06f816b3764b1deb5ca0758ddd2f5830af764e730ae7765ddd125e1f3a7ced1,08/09/2025 10:05:00 AM,1,DRIVER,2,2025529,,HONDA,HR-V,IL,2019,UNKNOWN,SPORT UTILITY VEHICLE (SUV),PERSONAL,S,MERGING,,,3,,,,,,,,Y,Y,,,,,,,,,REAR-LEFT-CORNER,,,,,,,,,,,,,,,,,,,,,,,,,,,,,,,,,
2124751,b359bb70df9e4a60c5fc81dbb684d8007c3efa08eb967ef546d43adaa695474fa06f816b3764b1deb5ca0758ddd2f5830af764e730ae7765ddd125e1f3a7ced1,08/09/2025 10:05:00 AM,2,DRIVER,,2025540,,FORD,F350,IL,2004,UNKNOWN,OTHER,OTHER,S,STRAIGHT AHEAD,,,1,,,,,,,,,,,,,,Y,Y,,,FRONT-LEFT-CORNER,,,,,,,,,,,,,,,,,,,,,,,,,,,,,,,,,