CRASH_UNIT_ID,CRASH_RECORD_ID,CRASH_DATE,UNIT_NO,UNIT_TYPE,NUM_PASSENGERS,VEHICLE_ID,CMRC_VEH_I,MAKE,MODEL,LIC_PLATE_STATE,VEHICLE_YEAR,VEHICLE_DEFECT,VEHICLE_TYPE,VEHICLE_USE,TRAVEL_DIRECTION,MANEUVER,TOWED_I,FIRE_I,OCCUPANT_CNT,EXCEED_SPEED_LIMIT_I,TOWED_BY,TOWED_TO,AREA_00_I,AREA_01_I,AREA_02_I,AREA_03_I,AREA_04_I,AREA_05_I,AREA_06_I,AREA_07_I,AREA_08_I,AREA_09_I,AREA_10_I,AREA_11_I,AREA_12_I,AREA_99_I,FIRST_CONTACT_POINT,CMV_ID,USDOT_NO,CCMC_NO,ILCC_NO,COMMERCIAL_SRC,GVWR,CARRIER_NAME,CARRIER_STATE,CARRIER_CITY,HAZMAT_PLACARDS_I,HAZMAT_NAME,UN_NO,HAZMAT_PRESENT_I,HAZMAT_REPORT_I,HAZMAT_REPORT_NO,MCS_REPORT_I,MCS_REPORT_NO,HAZMAT_VIO_CAUSE_CRASH_I,MCS_VIO_CAUSE_CRASH_I,IDOT_PERMIT_NO,WIDE_LOAD_I,TRAILER1_WIDTH,TRAILER2_WIDTH,TRAILER1_LENGTH,TRAILER2_LENGTH,TOTAL_VEHICLE_LENGTH,AXLE_CNT,VEHICLE_CONFIG,CARGO_BODY_TYPE,LOAD_TYPE,HAZMAT_OUT_OF_SERVICE_I,MCS_OUT_OF_SERVICE_I,HAZMAT_CLASS
2124756,07fb161987f74ed15765e78886322b490ab12bd3b082df65457d91efcf3a6cbb1fb0b57166e4967f549dc1e028e11ca6f081dcb2973e453b6547eac33ed028cc,08/09/2025 10:03:00 AM,1,DRIVER,1,2025547,,UNKNOWN,OTHER (EXPLAIN IN NARRATIVE),IL,2024,NONE,SPORT UTILITY VEHICLE (SUV),PERSONAL,E,BACKING,,,2,,,,,,,,,,,,,,,,,,REAR,,,,,,,,,,,,,,,,,,,,,,,,,,,,,,,,,
2124757,07fb161987f74ed15765e78886322b490ab12bd3b082df65457d91efcf3a6cbb1fb0b57166e4967f549dc1e028e11ca6f081dcb2973e453b6547eac33ed028cc,08/09/2025 10:03:00 AM,2,DRIVER,,2025552,,VOLKSWAGEN,TIGUAN,IL,2019,NONE,PASSENGER,PERSONAL,W,BACKING,,,1,,,,,,,,,,Y,Y,,,,,,,REAR,,,,,,,,,,,,,,,,,,,,,,,,,,,,,,,,,
2124754,423725520eca467d354945946bd2d31c7ec96f26d4430a3288c532ae9e7785d4bba86a65cd854fb027c7740567eb92e91f85b3bac5fae2a3607c53c525860517,08/09/2025 10:03:00 AM,1,DRIVER,,2025533,,HYUNDAI,SONATA,IL,2012,UNKNOWN,PASSENGER,PERSONAL,S,STRAIGHT AHEAD,,,1,,,,,,,Y,Y,,,,,,,,,N,SIDE-RIGHT-REAR,,,,,,,,,,,,,,,,,,,,,,,,,,,,,,,,,
2124755,423725520eca467d354945946bd2d31c7ec96f26d4430a3288c532ae9e7785d4bba86a65cd854fb027c7740567eb92e91f85b3bac5fae2a3607c53c525860517,08/09/2025 10:03:00 AM,2,DRIVER,1,2025536,,LINCOLN,NAUTILUS,IL,2015,UNKNOWN,PASSENGER,PERSONAL,S,MERGING,Y,,2,,PRIVATE COMPANY,UNK,,,,,,,,,,Y,Y,Y,,,SIDE-LEFT-FRONT,,,,,,,,,,,,,,,,,,,,,,,,,,,,,,,,,
2124748,05c878297a5b709e75ac15bc572bca69b166fea00aba3c4ab9bbd80e7e57282da4a7959d844611277fe559cf49e1cb922fc28a1ac30dd9333e553860a4b52b86,08/09/2025 10:00:00 AM,1,DRIVER,,2025526,,INFINITI,OTHER (EXPLAIN IN NARRATIVE),IL,2019,NONE,UNKNOWN/NA,UNKNOWN/NA,E,PASSING/OVERTAKING,,,1,,,,,,,,,,,,,,,,,Y,UNKNOWN,,,,,,,,,,,,,,,,,,,,,,,,,,,,,,,,,
2124749,05c878297a5b709e75ac15bc572bca69b166fea00aba3c4ab9bbd80e7e57282da4a7959d844611277fe559cf49e1cb922fc28a1ac30dd9333e553860a4b52b86,08/09/2025 10:00:00 AM,2,DRIVER,,2025531,,HONDA,CR-V,IL,2010,NONE,SPORT UTILITY VEHICLE (SUV),PERSONAL,E,STRAIGHT AHEAD,,,1,,,,,,,,,,,,Y,Y,Y,Y,,,SIDE-LEFT-REAR,,,,,,,,,,,,,,,,,,,,,,,,,,,,,,,,,
2127957,2de209cb8f7cb119ce6107f3d399804678e36ba3a3a29997c9c13d665287797e3d3dda16fcd318314797a2ab65c5b0df1a8a2fe6de2c6c0963f7ca5d47b9eda5,08/09/2025 10:00:00 AM,1,DRIVER,,2028560,,UNKNOWN,MOTORIZED,,,UNKNOWN,UNKNOWN/NA,UNKNOWN/NA,UNKNOWN,UNKNOWN/NA,,,1,,,,,,,,,,,,,,,,,Y,UNKNOWN,,,,,,,,,,,,,,,,,,,,,,,,,,,,,,,,,
2127958,2de209cb8f7cb119ce6107f3d399804678e36ba3a3a29997c9c13d665287797e3d3dda16fcd318314797a2ab65c5b0df1a8a2fe6de2c6c0963f7ca5d47b9eda5,08/09/2025 10:00:00 AM,2,PARKED,,2028569,,TOYOTA,OTHER (EXPLAIN IN NARRATIVE),IL,2021,UNKNOWN,UNKNOWN/NA,NOT IN USE,E,PARKED,,,0,,,,,,,Y,Y,Y,,,,,,,,,REAR-RIGHT-CORNER,,,,,,,,,,,,,,,,,,,,,,,,,,,,,,,,,
2125606,c26524020fcbefd4ba3c796863e7200d1a0699a23236666dfa0f09306e5146eb6739c5f1a6292504bf71cfeb1728dd6dacd4319e05f2cc7127466ce78e80d159,08/09/2025 10:00:00 AM,1,DRIVER,,2026344,,KIA,OPTIMA / K5,IL,2021,NONE,PASSENGER,PERSONAL,N,STRAIGHT AHEAD,,,1,,,,,Y,,,,,,,,,,,Y,,FRONT-RIGHT-CORNER,,,,,,,,,,,,,,,,,,,,,,,,,,,,,,,,,
2125607,c26524020fcbefd4ba3c796863e7200d1a0699a23236666dfa0f09306e5146eb6739c5f1a6292504bf71cfeb1728dd6dacd4319e05f2cc7127466ce78e80d159,08/09/2025 10:00:00 AM,2,NON-MOTOR VEHICLE,,,,,,,,,,,,,,,,,,,,,,,,,,,,,,,,,,,,,,,,,,,,,,,,,,,,,,,,,,,,,,,,,,
2124764,e40e4f4893960b4109029b687f425db8263e78f97942dcc0564be982e0de26b3ba152f0358f6c5ab10788918d4e9586646802a16705488a5cd126abecbde5ecc,08/09/2025 09:55:00 AM,1,DRIVER,,2025546,,HYUNDAI,VENUE,IL,2025,NONE,PASSENGER,PERSONAL,W,STRAIGHT AHEAD,Y,,1,,Private,,,Y,,,,,,Y,Y,Y,Y,Y,,,FRONT,,,,,,,,,,,,,,,,,,,,,,,,,,,,,,,,,
2124765,e40e4f4893960b4109029b687f425db8263e78f97942dcc0564be982e0de26b3ba152f0358f6c5ab10788918d4e9586646802a16705488a5cd126abecbde5ecc,08/09/2025 09:55:00 AM,2,PARKED,,2025550,,HONDA,ACCORD,IL,,NONE,PASSENGER,NOT IN USE,UNKNOWN,PARKED,,,0,,,,,,,,,,,Y,,,,,,,REAR-LEFT-CORNER,,,,,,,,,,,,,,,,,,,,,,,,,,,,,,,,,
2124746,4e20b5beea67ea4e95de80d2b96a362d92fd177fdba2527c8f20424936482f4b9930a1b3dc0506b119a31eb4d7d5b6970ece366158195effb3aa559115027077,08/09/2025 09:53:00 AM,1,DRIVER,,2025524,,CHEVROLET,MALIBU,IL,2015,NONE,PASSENGER,PERSONAL,E,TURNING RIGHT,,,1,,,,,,,,,,,,,,Y,Y,Y,,FRONT-LEFT-CORNER,,,,,,,,,,,,,,,,,,,,,,,,,,,,,,,,,
2124747,4e20b5beea67ea4e95de80d2b96a362d92fd177fdba2527c8f20424936482f4b9930a1b3dc0506b119a31eb4d7d5b6970ece366158195effb3aa559115027077,08/09/2025 09:53:00 AM,2,DRIVER,,2025530,,LEXUS,IS300,IL,2016,NONE,PASSENGER,PERSONAL,S,STRAIGHT AHEAD,,,1,,,,,,,,Y,Y,,,,,,,,,SIDE-RIGHT-REAR,,,,,,,,,,,,,,,,,,,,,,,,,,,,,,,,,
2124930,af515bce249164f39bb22158dd71f05b1566b8bbdaa801afee664dee1921e546b4f74a20175bc9b53423488fff263971a051431d63484348f2d40ff246491fa5,08/09/2025 09:52:00 AM,1,DRIVER,,2025704,,HYUNDAI,OTHER (EXPLAIN IN NARRATIVE),IL,2025,NONE,SPORT UTILITY VEHICLE (SUV),PERSONAL,W,STRAIGHT AHEAD,,,1,,,,,,,,,,,,,,,,Y,,FRONT,,,,,,,,,,,,,,,,,,,,,,,,,,,,,,,,,
2124931,af515bce249164f39bb22158dd71f05b1566b8bbdaa801afee664dee1921e546b4f74a20175bc9b53423488fff263971a051431d63484348f2d40ff246491fa5,08/09/2025 09:52:00 AM,2,DRIVER,,2025698,,CHEVROLET,MALIBU,IL,2020,NONE,PASSENGER,PERSONAL,W,SLOW/STOP IN TRAFFIC,,,1,,,,,,,,,,Y,,,,,,,,REAR,,,,,,,,,,,,,,,,,,,,,,,,,,,,,,,,,
2128392,277f4c7bcaab799a90f51be35766e346fff0e183fb4cbcdaadf61f2177c066c2fdf4e9c4a8b2815b43e9979a550032383a8ba17e37ae7f086048139be08da14a,08/09/2025 09:48:00 AM,1,DRIVER,,2029008,,HONDA,HR-V,IN,2025,UNKNOWN,SPORT UTILITY VEHICLE (SUV),PERSONAL,W,TURNING RIGHT,,,1,,,,,,,,,,,Y,Y,,,,,,OTHER,,,,,,,,,,,,,,,,,,,,,,,,,,,,,,,,,
2125549,1ae4bac5ffe88991550abaa1388bbb69bc1f557331161ae00721f92cb56f712c18c0aba3ad9293f7c82b8c486dc372c37be5604750d65509f4b6cf6ca1934f22,08/09/2025 09:40:00 AM,1,DRIVER,,2026288,,HYUNDAI,ENTOURAGE,IL,2007,UNKNOWN,PASSENGER,PERSONAL,S,STRAIGHT AHEAD,,,1,,,,,Y,,,,,,,,,,Y,Y,,FRONT,,,,,,,,,,,,,,,,,,,,,,,,,,,,,,,,,
2125550,1ae4bac5ffe88991550abaa1388bbb69bc1f557331161ae00721f92cb56f712c18c0aba3ad9293f7c82b8c486dc372c37be5604750d65509f4b6cf6ca1934f22,08/09/2025 09:40:00 AM,2,DRIVER,,2026296,,CHRYSLER,TOWN & COUNTRY,IL,2005,UNKNOWN,PASSENGER,PERSONAL,S,STRAIGHT AHEAD,,,1,,,,,,,,,Y,Y,Y,,,,,,,REAR,,,,,,,,,,,,,,,,,,,,,,,,,,,,,,,,,
2124864,d41544fe16258148ca0fac9c336fb5f42e0b58aec141f11e4e60d852d7c235a1171ccf85bede86c704f3ee8c41a95fd09d4234f44b96820f9b8f65a820982b72,08/09/2025 09:40:00 AM,1,DRIVER,,2025630,,UNKNOWN,OTHER (EXPLAIN IN NARRATIVE),IL,,UNKNOWN,UNKNOWN/NA,PERSONAL,N,BACKING,,,1,,,,,,,,,Y,,,,,,,,,REAR-RIGHT-CORNER,,,,,,,,,,,,,,,,,,,,,,,,,,,,,,,,,
2124865,d41544fe16258148ca0fac9c336fb5f42e0b58aec141f11e4e60d852d7c235a1171ccf85bede86c704f3ee8c41a95fd09d4234f44b96820f9b8f65a820982b72,08/09/2025 09:40:00 AM,2,DRIVER,,2025638,,HONDA,CR-V,IL,2002,NONE,SPORT UTILITY VEHICLE (SUV),PERSONAL,W,STRAIGHT AHEAD,,,1,,,,,,,Y,,,,,,,,,,,SIDE-RIGHT,,,,,,,,,,,,,,,,,,,,,,,,,,,,,,,,,
2125104,8da312f5e0b44ef4442abcda737b8f0a555645919d6f6af8259643ba27e349b134321007f8012b6f3c6dc6a983f7674b19961365fa0a2124f394d6a4a1c6cc4a,08/09/2025 09:39:00 AM,1,DRIVER,,2025869,,FREIGHTLINER CORPORATION,FREIGHTLINER CORP.,IL,2001,UNKNOWN,TRUCK - SINGLE UNIT,PERSONAL,S,STRAIGHT AHEAD,,,1,,,,,,,,,,,,,,,,Y,,FRONT-LEFT-CORNER,,,,,,,,,,,,,,,,,,,,,,,,,,,,,,,,,
2125105,8da312f5e0b44ef4442abcda737b8f0a555645919d6f6af8259643ba27e349b134321007f8012b6f3c6dc6a983f7674b19961365fa0a2124f394d6a4a1c6cc4a,08/09/2025 09:39:00 AM,2,DRIVER,,2025952,,PONTIAC,G6,IL,2008,UNKNOWN,PASSENGER,PERSONAL,S,ENTERING TRAFFIC LANE FROM PARKING,,,1,,,,,N,Y,Y,Y,,,,,,,,,,SIDE-RIGHT,,,,,,,,,,,,,,,,,,,,,,,,,,,,,,,,,
2124724,4b31160aded1b5302bb0b75aa5f8326a030d16669f25a1fae414a05e078e798380637cd7e3e60661b0961cfb98736b917a22abc6f6c7e904edc2893f7952f67f,08/09/2025 09:00:00 AM,1,DRIVER,,2025505,,KIA,OPTIMA / K5,IL,2014,UNKNOWN,PASSENGER,PERSONAL,E,STRAIGHT AHEAD,,,1,,,,,,,,,,,,,,,,Y,,FRONT,,,,,,,,,,,,,,,,,,,,,,,,,,,,,,,,,
2124725,4b31160aded1b5302bb0b75aa5f8326a030d16669f25a1fae414a05e078e798380637cd7e3e60661b0961cfb98736b917a22abc6f6c7e904edc2893f7952f67f,08/09/2025 09:00:00 AM,2,DRIVER,,2025507,,CHEVROLET,MALIBU,IL,2014,UNKNOWN,PASSENGER,PERSONAL,E,STRAIGHT AHEAD,,,1,,,,,,,,,,Y,,,,,,,,REAR,,,,,,,,,,,,,,,,,,,,,,,,,,,,,,,,,
2127540,9730d536c0adcbf5591334122867d5e525d9d60c9b81eb8ff3e989609501c23585943b00e6f594f45fa044e868bc8bc934e2fc356dd5c6fd5eaee6bc64ae9795,08/09/2025 09:00:00 AM,1,DRIVER,,2028176,,UNKNOWN,OTHER (EXPLAIN IN NARRATIVE),,,UNKNOWN,UNKNOWN/NA,UNKNOWN/NA,S,UNKNOWN/NA,,,1,,,,,,,,,,,,,,,,,Y,UNKNOWN,,,,,,,,,,,,,,,,,,,,,,,,,,,,,,,,,
2127541,9730d536c0adcbf5591334122867d5e525d9d60c9b81eb8ff3e989609501c23585943b00e6f594f45fa044e868bc8bc934e2fc356dd5c6fd5eaee6bc64ae9795,08/09/2025 09:00:00 AM,2,PARKED,,2028178,,MAZDA,OTHER (EXPLAIN IN NARRATIVE),IL,2017,NONE,PASSENGER,PERSONAL,S,PARKED,,,0,,,,,,,,,,,,,,Y,Y,,,FRONT-LEFT-CORNER,,,,,,,,,,,,,,,,,,,,,,,,,,,,,,,,,
2124732,bc8f5ff302ae4b3d11b69b05c607f1668006e956198a32c87cfeb32c5e2c391bab173f85ada73194d76467d1627b090de7f7e422232ec2020ad58a9eeda65aea,08/09/2025 09:00:00 AM,1,DRIVER,,2025510,,INFINITI,QX50,IL,2020,UNKNOWN,PASSENGER,PERSONAL,W,STRAIGHT AHEAD,,,1,,,,,,,,,N,N,,,,,Y,Y,,REAR-RIGHT-CORNER,,,,,,,,,,,,,,,,,,,,,,,,,,,,,,,,,
2124733,bc8f5ff302ae4b3d11b69b05c607f1668006e956198a32c87cfeb32c5e2c391bab173f85ada73194d76467d1627b090de7f7e422232ec2020ad58a9eeda65aea,08/09/2025 09:00:00 AM,2,DRIVER,,2025514,,MAZDA,CX-5,IL,2014,UNKNOWN,SPORT UTILITY VEHICLE (SUV),UNKNOWN/NA,W,SLOW/STOP IN TRAFFIC,,,1,,,,,,,,,Y,Y,,,,,,,,REAR-RIGHT-CORNER,,,,,,,,,,,,,,,,,,,,,,,,,,,,,,,,,
2124722,c430f42415bd00d9b0408ee0eaf707bd3b67eaf2dadcae70eacd6ad091e7f6b67d2e585e8fab5b6121dff5c803d0a1cb9e459cfaa13f0ffc01235a98f65ccd4b,08/09/2025 09:00:00 AM,1,DRIVER,,2025511,,MERCEDES-BENZ,C300,IL,2013,NONE,PASSENGER,PERSONAL,W,STRAIGHT AHEAD,,,1,,,,,,,,,,,,,,,Y,,,FRONT-LEFT-CORNER,,,,,,,,,,,,,,,,,,,,,,,,,,,,,,,,,
2124723,c430f42415bd00d9b0408ee0eaf707bd3b67eaf2dadcae70eacd6ad091e7f6b67d2e585e8fab5b6121dff5c803d0a1cb9e459cfaa13f0ffc01235a98f65ccd4b,08/09/2025 09:00:00 AM,2,DRIVER,,2025520,,HYUNDAI,SONATA,IL,2024,NONE,PASSENGER,PERSONAL,W,STRAIGHT AHEAD,,,1,,,,,,Y,Y,,,,,,,,,,,SIDE-RIGHT,,,,,,,,,,,,,,,,,,,,,,,,,,,,,,,,,
2124738,4388f723f23c20786b0fc40ba8a3dad4c4dba473c52c02cabe3a4fadeabd4ef070a691088bc8b681814cd92e3bde579f27aeea6e4fd3212a26bd4974601cb8b2,08/09/2025 08:53:00 AM,1,,,,,,,,,,,,,,,,,,,,,,,,,,,,,,,,,,,,,,,,,,,,,,,,,,,,,,,,,,,,,,,,,,,
2124739,4388f723f23c20786b0fc40ba8a3dad4c4dba473c52c02cabe3a4fadeabd4ef070a691088bc8b681814cd92e3bde579f27aeea6e4fd3212a26bd4974601cb8b2,08/09/2025 08:53:00 AM,1,DRIVER,,2025518,,CHEVROLET,OTHER (EXPLAIN IN NARRATIVE),IL,2014,UNKNOWN,PASSENGER,UNKNOWN/NA,N,UNKNOWN/NA,,,1,,,,,Y,,,,,,,,,,,,,FRONT-RIGHT-CORNER,,,,,,,,,,,,,,,,,,,,,,,,,,,,,,,,,
2124714,0403682742c02a2ed3fcd71f474021a27b112351f91dc5511e0b7a8aa8ea44d67417163d85ea4edf0ef2ebf3f7247b82c1824bacf8f0d3bed540886710fa29a0,08/09/2025 08:45:00 AM,1,DRIVER,,2025496,,TOYOTA,AVALON,IL,2002,NONE,PASSENGER,PERSONAL,NW,STRAIGHT AHEAD,,,1,,,,,Y,,,,,,,,,,Y,Y,,FRONT,,,,,,,,,,,,,,,,,,,,,,,,,,,,,,,,,
2124715,0403682742c02a2ed3fcd71f474021a27b112351f91dc5511e0b7a8aa8ea44d67417163d85ea4edf0ef2ebf3f7247b82c1824bacf8f0d3bed540886710fa29a0,08/09/2025 08:45:00 AM,2,DRIVER,,2025499,,HONDA,CIVIC,IL,2011,NONE,PASSENGER,PERSONAL,NW,STRAIGHT AHEAD,,,1,,,,,,,,,Y,Y,Y,,,,,,,REAR,,,,,,,,,,,,,,,,,,,,,,,,,,,,,,,,,
2125533,79230803384b92d7446862abcc7133efbd627d188b3afe76a60f3911624ba36f7d853e0387ee9ccd29ecf6160f75572e6c23618a8182a649f26d2c5c7633d5ec,08/09/2025 08:45:00 AM,1,DRIVER,,2026270,,UNKNOWN,OTHER (EXPLAIN IN NARRATIVE),,,UNKNOWN,UNKNOWN/NA,UNKNOWN/NA,UNKNOWN,UNKNOWN/NA,,,1,,,,,,,,,,,,,,,,,Y,UNKNOWN,,,,,,,,,,,,,,,,,,,,,,,,,,,,,,,,,
2125534,79230803384b92d7446862abcc7133efbd627d188b3afe76a60f3911624ba36f7d853e0387ee9ccd29ecf6160f75572e6c23618a8182a649f26d2c5c7633d5ec,08/09/2025 08:45:00 AM,2,PARKED,,2026267,,CHEVROLET,MALIBU,IL,2024,UNKNOWN,PASSENGER,NOT IN USE,W,PARKED,,,0,,,,,,,,,,,Y,Y,Y,Y,Y,,,SIDE-LEFT,,,,,,,,,,,,,,,,,,,,,,,,,,,,,,,,,
2124717,2f349af87b199d2bd8291c0817efb10febce6b30fc9e67bb9fcfbdc0848b2ca94c46915b5d4cd723d0dfb4315dc3649e8c62671cf92e703585e8638263e91685,08/09/2025 08:43:00 AM,1,DRIVER,,2025497,,SUBARU,FORESTER,IL,2006,NONE,PASSENGER,PERSONAL,S,TURNING LEFT,,,1,,,,,Y,Y,,,,,,,,,,Y,,FRONT-RIGHT-CORNER,,,,,,,,,,,,,,,,,,,,,,,,,,,,,,,,,
2124718,2f349af87b199d2bd8291c0817efb10febce6b30fc9e67bb9fcfbdc0848b2ca94c46915b5d4cd723d0dfb4315dc3649e8c62671cf92e703585e8638263e91685,08/09/2025 08:43:00 AM,2,DRIVER,,2025501,,MITSUBISHI,ENDEAVOR,IL,2010,NONE,PASSENGER,PERSONAL,E,STRAIGHT AHEAD,,,1,,,,,Y,,,,,,,,,Y,Y,Y,,FRONT-LEFT-CORNER,,,,,,,,,,,,,,,,,,,,,,,,,,,,,,,,,
2124736,38ca7388c48dbbfcdc703900f0c253f8155dd7f34fb6b6473a0c1a69b1f9271ecf603dc0175b4a5bd5c1ce013afe1014b00187ab70d991f09f1b531956dd1f80,08/09/2025 08:38:00 AM,1,DRIVER,,2025519,,CHEVROLET,EQUINOX,IL,2013,NONE,PASSENGER,PERSONAL,N,TURNING LEFT,N,,1,,,,,,,,,,,,,,Y,Y,Y,,FRONT-LEFT-CORNER,,,,,,,,,,,,,,,,,,,,,,,,,,,,,,,,,
2124737,38ca7388c48dbbfcdc703900f0c253f8155dd7f34fb6b6473a0c1a69b1f9271ecf603dc0175b4a5bd5c1ce013afe1014b00187ab70d991f09f1b531956dd1f80,08/09/2025 08:38:00 AM,2,DRIVER,,2025522,,MITSUBISHI,MIRAGE,IN,2024,NONE,PASSENGER,PERSONAL,E,STRAIGHT AHEAD,Y,,1,,UNK,UNK,,Y,Y,,,,,,,,,,Y,,FRONT-RIGHT-CORNER,,,,,,,,,,,,,,,,,,,,,,,,,,,,,,,,,
2129172,169a23fdb482d0dc83b00460f99d106586c259fcbf180b6cadd5e46522b9fab7242070f1d13a01887663b6ffdf4123080337e78012ab50bb8cebdbd520fd4cb6,08/09/2025 08:30:00 AM,1,DRIVER,,2029743,,UNKNOWN,OTHER (EXPLAIN IN NARRATIVE),XX,,UNKNOWN,UNKNOWN/NA,UNKNOWN/NA,UNKNOWN,UNKNOWN/NA,,,1,,,,,,,,,,,,,,,,,Y,UNKNOWN,,,,,,,,,,,,,,,,,,,,,,,,,,,,,,,,,
2129173,169a23fdb482d0dc83b00460f99d106586c259fcbf180b6cadd5e46522b9fab7242070f1d13a01887663b6ffdf4123080337e78012ab50bb8cebdbd520fd4cb6,08/09/2025 08:30:00 AM,2,DRIVER,,2029737,,HYUNDAI,TUCSON,IL,2022,NONE,PASSENGER,PERSONAL,N,TURNING LEFT,,,1,,,,,,,,,,,Y,Y,,,,,,REAR-LEFT-CORNER,,,,,,,,,,,,,,,,,,,,,,,,,,,,,,,,,
2124704,56259b3b143662ea4bf44f9ad94d3c524e357abd3eddad3018efd80a9ce1bba36e4c9228d84b36990e67ea78d93171d7a8efb4989d98d19f17f565a7930b6430,08/09/2025 08:10:00 AM,1,DRIVER,,2025485,,MITSUBISHI,OTHER (EXPLAIN IN NARRATIVE),IL,2004,UNKNOWN,PASSENGER,UNKNOWN/NA,S,BACKING,,,1,,,,,,,,,,,,,,,,,Y,REAR,,,,,,,,,,,,,,,,,,,,,,,,,,,,,,,,,
2124705,56259b3b143662ea4bf44f9ad94d3c524e357abd3eddad3018efd80a9ce1bba36e4c9228d84b36990e67ea78d93171d7a8efb4989d98d19f17f565a7930b6430,08/09/2025 08:10:00 AM,2,DRIVER,,2025487,,VOLKSWAGEN,OTHER (EXPLAIN IN NARRATIVE),IL,2012,UNKNOWN,PASSENGER,UNKNOWN/NA,N,SLOW/STOP IN TRAFFIC,,,1,,,,,Y,,,,,,,,,,Y,Y,,FRONT,,,,,,,,,,,,,,,,,,,,,,,,,,,,,,,,,
2124744,ce35c4abdc399ed3b9760ddddacf5a45c248a935cab0483b54e91856eb810d2d2302f58382820cfff970eae4720b678dea35ad9357ea332080f20b8e1cb4d8ae,08/09/2025 08:10:00 AM,1,DRIVER,,2025523,,SATURN,VUE,IN,2005,UNKNOWN,PASSENGER,PERSONAL,N,STRAIGHT AHEAD,,,1,,,,,Y,Y,,,,,,,,Y,Y,Y,,FRONT,,,,,,,,,,,,,,,,,,,,,,,,,,,,,,,,,
2124745,ce35c4abdc399ed3b9760ddddacf5a45c248a935cab0483b54e91856eb810d2d2302f58382820cfff970eae4720b678dea35ad9357ea332080f20b8e1cb4d8ae,08/09/2025 08:10:00 AM,2,DRIVER,2,2025527,,JEEP,CHEROKEE,IL,2020,UNKNOWN,PASSENGER,PERSONAL,N,STRAIGHT AHEAD,,,3,,,,,,,,,Y,Y,Y,,,,,,,REAR,,,,,,,,,,,,,,,,,,,,,,,,,,,,,,,,,
2124706,564d49e5f0aec0e27621b7f12f7d560fba3a4c0a8fb3733c914ff93af9b6100e65d433f44107d67d3de2b852abc737fbe481def86d7cf6125720c91fce70de35,08/09/2025 08:05:00 AM,1,DRIVER,2,2025489,,DODGE,DART,WI,2014,UNKNOWN,PASSENGER,UNKNOWN/NA,E,MERGING,,,3,,,,,,Y,Y,Y,,,,,,,,,,SIDE-LEFT,,,,,,,,,,,,,,,,,,,,,,,,,,,,,,,,,
2124707,564d49e5f0aec0e27621b7f12f7d560fba3a4c0a8fb3733c914ff93af9b6100e65d433f44107d67d3de2b852abc737fbe481def86d7cf6125720c91fce70de35,08/09/2025 08:05:00 AM,2,DRIVER,,2025492,,CHEVROLET,EXPRESS,IL,1997,UNKNOWN,VAN/MINI-VAN,UNKNOWN/NA,E,STRAIGHT AHEAD,,,1,,,,,Y,Y,Y,,,,,,,,,,,SIDE-RIGHT-FRONT,,,,,,,,,,,,,,,,,,,,,,,,,,,,,,,,,
2126524,a61c8aaf9442b146aba9687f371bf880129b518456156cd215facfad1a4975a953d21a7d3a874d4e7c3d832110edc82728846335c1c3d63a62ed912d9cb3bc5a,08/09/2025 07:55:00 AM,1,DRIVER,,2027223,,FORD,TRANSIT,IL,2018,UNKNOWN,VAN/MINI-VAN,OTHER,N,BACKING,,,1,,,,,,,,,Y,,,,,,,,,SIDE-RIGHT-REAR,,,,,,,,,,,,,,,,,,,,,,,,,,,,,,,,,
2126525,a61c8aaf9442b146aba9687f371bf880129b518456156cd215facfad1a4975a953d21a7d3a874d4e7c3d832110edc82728846335c1c3d63a62ed912d9cb3bc5a,08/09/2025 07:55:00 AM,2,DRIVER,,2027230,,JEEP,GRAND CHEROKEE,IL,2020,NONE,PASSENGER,PERSONAL,E,STRAIGHT AHEAD,,,1,,,,,,N,Y,Y,Y,,,,,,,,,SIDE-RIGHT,,,,,,,,,,,,,,,,,,,,,,,,,,,,,,,,,
2124710,235bed4175652eba4aee8f806f8090cfa19f85e31f9054402ad22fd693db522cad11539e716c81d17b33ccabc4c791d6e0facdb3b8e70f03d2032ddebb675652,08/09/2025 07:48:00 AM,1,DRIVER,,2025498,,KIA,OPTIMA / K5,IL,2013,UNKNOWN,PASSENGER,DRIVER EDUCATION,E,STRAIGHT AHEAD,Y,,1,,UNKNOWN,UNKNOWN,,Y,Y,Y,,,,,,,,,,,FRONT-RIGHT-CORNER,,,,,,,,,,,,,,,,,,,,,,,,,,,,,,,,,
2124711,235bed4175652eba4aee8f806f8090cfa19f85e31f9054402ad22fd693db522cad11539e716c81d17b33ccabc4c791d6e0facdb3b8e70f03d2032ddebb675652,08/09/2025 07:48:00 AM,2,DRIVER,,2025502,,KIA,FORTE,IL,2017,OTHER,PASSENGER,PERSONAL,N,STRAIGHT AHEAD,Y,,1,,UNKNOWN,UNKNOWN,,Y,,,,,,,,,,Y,Y,,FRONT,,,,,,,,,,,,,,,,,,,,,,,,,,,,,,,,,