CRASH_UNIT_ID,CRASH_RECORD_ID,CRASH_DATE,UNIT_NO,UNIT_TYPE,NUM_PASSENGERS,VEHICLE_ID,CMRC_VEH_I,MAKE,MODEL,LIC_PLATE_STATE,VEHICLE_YEAR,VEHICLE_DEFECT,VEHICLE_TYPE,VEHICLE_USE,TRAVEL_DIRECTION,MANEUVER,TOWED_I,FIRE_I,OCCUPANT_CNT,EXCEED_SPEED_LIMIT_I,TOWED_BY,TOWED_TO,AREA_00_I,AREA_01_I,AREA_02_I,AREA_03_I,AREA_04_I,AREA_05_I,AREA_06_I,AREA_07_I,AREA_08_I,AREA_09_I,AREA_10_I,AREA_11_I,AREA_12_I,AREA_99_I,FIRST_CONTACT_POINT,CMV_ID,USDOT_NO,CCMC_NO,ILCC_NO,COMMERCIAL_SRC,GVWR,CARRIER_NAME,CARRIER_STATE,CARRIER_CITY,HAZMAT_PLACARDS_I,HAZMAT_NAME,UN_NO,HAZMAT_PRESENT_I,HAZMAT_REPORT_I,HAZMAT_REPORT_NO,MCS_REPORT_I,MCS_REPORT_NO,HAZMAT_VIO_CAUSE_CRASH_I,MCS_VIO_CAUSE_CRASH_I,IDOT_PERMIT_NO,WIDE_LOAD_I,TRAILER1_WIDTH,TRAILER2_WIDTH,TRAILER1_LENGTH,TRAILER2_LENGTH,TOTAL_VEHICLE_LENGTH,AXLE_CNT,VEHICLE_CONFIG,CARGO_BODY_TYPE,LOAD_TYPE,HAZMAT_OUT_OF_SERVICE_I,MCS_OUT_OF_SERVICE_I,HAZMAT_CLASS
2124698,ffc4ffe32d4c0647003823d809e6916561616a9397e9cc3d5b7dca2304f9fb47baa6a8ba1fc5b44fd6d69d165d426fc064eee56f9e6ec5bda2b3ca4cb5378174,08/09/2025 07:35:00 AM,1,DRIVER,,2025483,,JEEP,COMPASS,,,UNKNOWN,PASSENGER,PERSONAL,N,STRAIGHT AHEAD,,,1,,,,,Y,,,,,,,,,,Y,Y,,FRONT,,,,,,,,,,,,,,,,,,,,,,,,,,,,,,,,,
2124699,ffc4ffe32d4c0647003823d809e6916561616a9397e9cc3d5b7dca2304f9fb47baa6a8ba1fc5b44fd6d69d165d426fc064eee56f9e6ec5bda2b3ca4cb5378174,08/09/2025 07:35:00 AM,2,DRIVER,,2025482,,CADILLAC,ATS,IL,2013,NONE,PASSENGER,PERSONAL,E,STRAIGHT AHEAD,,,1,,,,,,Y,Y,Y,Y,,,,,,,,,SIDE-RIGHT,,,,,,,,,,,,,,,,,,,,,,,,,,,,,,,,,
2131966,b73472ab2debccbdfca9c5a86d05394b6346bfc9e0f54062753c339e4e56d97e75a165124703d589260f38dccb45a03d87db012df850fd8a2a4d6859a0efa14e,08/09/2025 07:30:00 AM,1,DRIVER,,2032337,,UNKNOWN,OTHER (EXPLAIN IN NARRATIVE),IL,,UNKNOWN,UNKNOWN/NA,UNKNOWN/NA,UNKNOWN,UNKNOWN/NA,,,1,,,,,,,,,,,,,,,,,Y,UNKNOWN,,,,,,,,,,,,,,,,,,,,,,,,,,,,,,,,,
2131967,b73472ab2debccbdfca9c5a86d05394b6346bfc9e0f54062753c339e4e56d97e75a165124703d589260f38dccb45a03d87db012df850fd8a2a4d6859a0efa14e,08/09/2025 07:30:00 AM,2,PARKED,,2032340,,TOYOTA,COROLLA,IL,2013,UNKNOWN,PASSENGER,UNKNOWN/NA,S,PARKED,,,0,,,,,Y,Y,Y,,,,,,,,,,,FRONT-RIGHT-CORNER,,,,,,,,,,,,,,,,,,,,,,,,,,,,,,,,,
2124694,0a5b90a237d71971479f97486b63e47ebadae467e8d61a2fb1da58df4ae94eab69f245dd17e8fc84ae31bea98506ed3136a3741f005f45edfe8ad8f96a9c44cb,08/09/2025 07:10:00 AM,1,DRIVER,,2025480,,FORD,ESCAPE,IL,2014,UNKNOWN,SPORT UTILITY VEHICLE (SUV),PERSONAL,E,STRAIGHT AHEAD,,,1,,,,,Y,,,,,,,,,,Y,Y,,FRONT,,,,,,,,,,,,,,,,,,,,,,,,,,,,,,,,,
2124695,0a5b90a237d71971479f97486b63e47ebadae467e8d61a2fb1da58df4ae94eab69f245dd17e8fc84ae31bea98506ed3136a3741f005f45edfe8ad8f96a9c44cb,08/09/2025 07:10:00 AM,2,DRIVER,,2025481,,HONDA,ACCORD,IL,2015,UNKNOWN,PASSENGER,PERSONAL,E,SLOW/STOP IN TRAFFIC,,,1,,,,,,,,,Y,Y,Y,,,,,,,REAR,,,,,,,,,,,,,,,,,,,,,,,,,,,,,,,,,
2124688,15e7845a565906e598580b8c6d12389a50d8f4662f2a2e3346d25d9beceb59a05f472066bff241ccca928562b34d2530e10bcdba2487cb83d5bce0f5f303d471,08/09/2025 06:30:00 AM,1,DRIVER,,2025472,,JEEP,CHEROKEE,IL,2020,NONE,SPORT UTILITY VEHICLE (SUV),PERSONAL,E,STARTING IN TRAFFIC,,,1,,,,,,,,,,,,,,,,Y,,FRONT,,,,,,,,,,,,,,,,,,,,,,,,,,,,,,,,,
2124689,15e7845a565906e598580b8c6d12389a50d8f4662f2a2e3346d25d9beceb59a05f472066bff241ccca928562b34d2530e10bcdba2487cb83d5bce0f5f303d471,08/09/2025 06:30:00 AM,2,DRIVER,,2025473,,CHEVROLET,TRAX,IL,2024,NONE,SPORT UTILITY VEHICLE (SUV),RIDESHARE SERVICE,E,SLOW/STOP IN TRAFFIC,,,1,,,,,,,,,,Y,,,,,,,,REAR,,,,,,,,,,,,,,,,,,,,,,,,,,,,,,,,,
2128139,2d5e9a130e4a583ee0f80ab072391e6f28e4f3025ccee7de0521f4afb34649a840999439d276c75074434357d7eb72b8bf5e8138b57310cee0bed99f75c93495,08/09/2025 06:30:00 AM,1,DRIVER,1,2028742,,FORD,ESCAPE,IL,2012,NONE,SPORT UTILITY VEHICLE (SUV),PERSONAL,N,CHANGING LANES,,,2,,,,,Y,,,,,,,,,,,,,FRONT-RIGHT-CORNER,,,,,,,,,,,,,,,,,,,,,,,,,,,,,,,,,
2128140,2d5e9a130e4a583ee0f80ab072391e6f28e4f3025ccee7de0521f4afb34649a840999439d276c75074434357d7eb72b8bf5e8138b57310cee0bed99f75c93495,08/09/2025 06:30:00 AM,2,DRIVER,,2028743,,GENERAL MOTORS CORPORATION (GMC),ACADIA,IL,2019,NONE,SPORT UTILITY VEHICLE (SUV),PERSONAL,N,STRAIGHT AHEAD,,,1,,,,,,,,,,,,N,Y,Y,,,,SIDE-LEFT,,,,,,,,,,,,,,,,,,,,,,,,,,,,,,,,,
2124696,2ec6abf8c008620fb12007b73ccc192cad7f1987d88b07c3575508bd63a73224991269d0c7ba628bf1b00361940ea30b8e056ab2ca29298c6b5832bf45291080,08/09/2025 06:30:00 AM,1,DRIVER,,2025478,,UNKNOWN,OTHER (EXPLAIN IN NARRATIVE),,,UNKNOWN,PICKUP,UNKNOWN/NA,N,OTHER,,,1,,,,,,,,,,,,,,,,,Y,SIDE-RIGHT,,,,,,,,,,,,,,,,,,,,,,,,,,,,,,,,,
2124697,2ec6abf8c008620fb12007b73ccc192cad7f1987d88b07c3575508bd63a73224991269d0c7ba628bf1b00361940ea30b8e056ab2ca29298c6b5832bf45291080,08/09/2025 06:30:00 AM,2,PARKED,,2025479,,DODGE,DURANGO,IL,2016,NONE,SPORT UTILITY VEHICLE (SUV),NOT IN USE,N,PARKED,Y,,0,,PRIVATE,PRIVATE,,,,,,,,,Y,Y,Y,,,,SIDE-LEFT,,,,,,,,,,,,,,,,,,,,,,,,,,,,,,,,,
2124690,00667bbeecec2aceae467ed8f80ddd2a4a53ee62da4732aafecc42b80559094c8154f13da56bc6d6cfe8837fe4b1cc46c6635edc664c1c674b97f26c38a6ab97,08/09/2025 06:00:00 AM,1,DRIVER,1,2025474,,CHEVROLET,CRUZE,IL,2012,UNKNOWN,PASSENGER,PERSONAL,E,STRAIGHT AHEAD,,,2,,,,,Y,Y,Y,,,,,,,,Y,Y,,FRONT-RIGHT-CORNER,,,,,,,,,,,,,,,,,,,,,,,,,,,,,,,,,
2124861,f346e0e1caf1e54561339c495b2ef64b5c767d9431f854b2a589a59d5f087ae910b8487e5390306dfdf89d927db5c902e951fa5f42748ef1beaa38a197e96d76,08/09/2025 06:00:00 AM,1,DRIVER,,2025656,,BUICK,LACROSSE,IL,2011,UNKNOWN,PASSENGER,PERSONAL,W,STRAIGHT AHEAD,,,1,,,,,Y,,,,,,,,,,Y,Y,Y,FRONT-LEFT-CORNER,,,,,,,,,,,,,,,,,,,,,,,,,,,,,,,,,
2124862,f346e0e1caf1e54561339c495b2ef64b5c767d9431f854b2a589a59d5f087ae910b8487e5390306dfdf89d927db5c902e951fa5f42748ef1beaa38a197e96d76,08/09/2025 06:00:00 AM,2,DRIVER,,2025675,,GENERAL MOTORS CORPORATION (GMC),SIERRA,IL,2016,UNKNOWN,PICKUP,PERSONAL,W,MERGING,,,1,,,,,Y,Y,,,,,,,,,,,Y,SIDE-RIGHT-FRONT,,,,,,,,,,,,,,,,,,,,,,,,,,,,,,,,,
2124863,f346e0e1caf1e54561339c495b2ef64b5c767d9431f854b2a589a59d5f087ae910b8487e5390306dfdf89d927db5c902e951fa5f42748ef1beaa38a197e96d76,08/09/2025 06:00:00 AM,3,PARKED,,2025685,,FORD,F350,IL,2011,UNKNOWN,PICKUP,PERSONAL,W,PARKED,,,0,,,,,,,,,,,,,,Y,Y,,Y,FRONT-LEFT-CORNER,,,,,,,,,,,,,,,,,,,,,,,,,,,,,,,,,
2124686,363c709c2f7ee89eb2a5ca4177f6f985530ab9a07e542c6b53fa6aa94cb1b5b1b203e2cb8cfda880f35907a5b443da87f4f1da9197f3f0e017b0e702271e7542,08/09/2025 05:55:00 AM,1,DRIVER,,2025469,,LEXUS,OTHER (EXPLAIN IN NARRATIVE),IL,2004,UNKNOWN,PASSENGER,PERSONAL,W,STRAIGHT AHEAD,,,1,,,,,,,,,,,,,,,,,Y,UNKNOWN,,,,,,,,,,,,,,,,,,,,,,,,,,,,,,,,,
2124687,363c709c2f7ee89eb2a5ca4177f6f985530ab9a07e542c6b53fa6aa94cb1b5b1b203e2cb8cfda880f35907a5b443da87f4f1da9197f3f0e017b0e702271e7542,08/09/2025 05:55:00 AM,2,DRIVER,,2025471,,HONDA,CR-V,IL,2013,NONE,PASSENGER,PERSONAL,W,SLOW/STOP IN TRAFFIC,,,1,,,,,,,,,,Y,,,,,,,,REAR,,,,,,,,,,,,,,,,,,,,,,,,,,,,,,,,,
2124682,5d4fb23597b1fd882aaeb1f639a4d528aa76b81239f1b261542e0dcc3ec698156da523c8177c9e3fe4afc4553f23ea5349a1021eff555bdbf0403418de16c850,08/09/2025 05:40:00 AM,1,DRIVER,,2025464,,CHEVROLET,TRUCK,IL,1996,UNKNOWN,PICKUP,UNKNOWN/NA,W,STRAIGHT AHEAD,,,1,,,,,,Y,Y,Y,,,,,,,,,,SIDE-RIGHT,,,,,,,,,,,,,,,,,,,,,,,,,,,,,,,,,
2124683,5d4fb23597b1fd882aaeb1f639a4d528aa76b81239f1b261542e0dcc3ec698156da523c8177c9e3fe4afc4553f23ea5349a1021eff555bdbf0403418de16c850,08/09/2025 05:40:00 AM,2,DRIVER,,2025467,,CHEVROLET,TRUCK,IL,2011,NONE,PICKUP,PERSONAL,S,STRAIGHT AHEAD,,,1,,,,,Y,,,,,,,,,,Y,Y,,FRONT,,,,,,,,,,,,,,,,,,,,,,,,,,,,,,,,,
2124684,bde9ebe5ff279f9f9f7e090d3f557c5bb5cb583d32719078a962eebcac939f764a60736600dfe07997c8582607e83ddc0400c89e97806850c7fa5fb5b67c8cd3,08/09/2025 05:40:00 AM,1,DRIVER,,2025468,,UNKNOWN,ENGINE,IL,,UNKNOWN,PASSENGER,UNKNOWN/NA,W,UNKNOWN/NA,,,1,,,,,,,,,,,,,,,,,Y,UNKNOWN,,,,,,,,,,,,,,,,,,,,,,,,,,,,,,,,,
2124685,bde9ebe5ff279f9f9f7e090d3f557c5bb5cb583d32719078a962eebcac939f764a60736600dfe07997c8582607e83ddc0400c89e97806850c7fa5fb5b67c8cd3,08/09/2025 05:40:00 AM,2,DRIVER,,2025470,,HONDA,CR-V,IL,2012,UNKNOWN,PASSENGER,PERSONAL,N,STRAIGHT AHEAD,,,1,,,,,,,Y,Y,Y,Y,Y,,,,,,,REAR-RIGHT-CORNER,,,,,,,,,,,,,,,,,,,,,,,,,,,,,,,,,
2124850,8049e45cbd5a3d32c6cb07e1ed768f671a558549267a8cc8c8f7a1961a479a51069bb27f3e3da438471f0acb7359240dcfd6bd432365950ccda87b3782941244,08/09/2025 04:59:00 AM,1,DRIVER,,2025635,,FORD,FOCUS,IL,2011,UNKNOWN,PASSENGER,PERSONAL,W,STRAIGHT AHEAD,,,1,,,,,Y,,,,,,,,,,,,,FRONT-RIGHT-CORNER,,,,,,,,,,,,,,,,,,,,,,,,,,,,,,,,,
2124851,8049e45cbd5a3d32c6cb07e1ed768f671a558549267a8cc8c8f7a1961a479a51069bb27f3e3da438471f0acb7359240dcfd6bd432365950ccda87b3782941244,08/09/2025 04:59:00 AM,2,DRIVER,,2025621,,CHEVROLET,EQUINOX,IL,2020,UNKNOWN,PASSENGER,PERSONAL,W,SLOW/STOP IN TRAFFIC,,,1,,,,,,,,,,Y,,,,,,,,REAR,,,,,,,,,,,,,,,,,,,,,,,,,,,,,,,,,
2124673,770d9123f41cbd41fd14eba1d846ff93c7a413f4f26debf6ce2a0861af28ede018b9573c364c3a72391c8d88cb2ac2b4bd5aac799b639edbae9505e435058c51,08/09/2025 04:52:00 AM,1,DRIVER,3,2025462,,JEEP,COMPASS,IL,2018,UNKNOWN,PASSENGER,PERSONAL,W,STRAIGHT AHEAD,,,4,,,,,Y,Y,Y,,,,,,,,,Y,,FRONT-RIGHT-CORNER,,,,,,,,,,,,,,,,,,,,,,,,,,,,,,,,,
2124674,770d9123f41cbd41fd14eba1d846ff93c7a413f4f26debf6ce2a0861af28ede018b9573c364c3a72391c8d88cb2ac2b4bd5aac799b639edbae9505e435058c51,08/09/2025 04:52:00 AM,2,DRIVER,,2025460,,NISSAN,MURANO,IL,2014,NONE,PASSENGER,PERSONAL,W,STRAIGHT AHEAD,,,1,,,,,,,,,,,,,Y,Y,Y,,,SIDE-LEFT,,,,,,,,,,,,,,,,,,,,,,,,,,,,,,,,,
2125154,8777c0f3b6fe679ed856d3107b0aba4e6f80feeec8467c2fae26f19f5418cff986b71ca845855ede08f285765711ef82bd827fbf070a4996fdbe9b864bded327,08/09/2025 04:50:00 AM,1,DRIVER,1,2025917,,NISSAN,OTHER (EXPLAIN IN NARRATIVE),IL,,UNKNOWN,PASSENGER,UNKNOWN/NA,W,STRAIGHT AHEAD,,,2,,,,,,Y,Y,,,,,,,,,,,SIDE-RIGHT-FRONT,,,,,,,,,,,,,,,,,,,,,,,,,,,,,,,,,
2125155,8777c0f3b6fe679ed856d3107b0aba4e6f80feeec8467c2fae26f19f5418cff986b71ca845855ede08f285765711ef82bd827fbf070a4996fdbe9b864bded327,08/09/2025 04:50:00 AM,2,DRIVER,,2025916,,JAGUAR,XK SERIES,IL,2014,UNKNOWN,PASSENGER,PERSONAL,N,STRAIGHT AHEAD,,,1,,,,,,,,,,,,,,Y,Y,,,REAR-LEFT-CORNER,,,,,,,,,,,,,,,,,,,,,,,,,,,,,,,,,
2125184,4d319dda89c6ee933a49a3dddd7b1b474c28b186cc2f5474d3cebdccce3830c35560cdf33afb439fb0d4ae56b4bdc71b6128af3f8851a53decdc2cb093511990,08/09/2025 04:35:00 AM,1,DRIVER,,2025939,,UNKNOWN,OTHER (EXPLAIN IN NARRATIVE),,,UNKNOWN,PASSENGER,PERSONAL,N,BACKING,,,1,,,,,,,,,,,,,,,,,Y,UNKNOWN,,,,,,,,,,,,,,,,,,,,,,,,,,,,,,,,,
2124669,4c3a8f5dcf5b884a5e2498886dc6bd3b07486695edbf8a5a848767ab9d89f01acfdd3cb7ed0a3ad6b1df79eaa5a696c21cce38b6dc5b9c671771ab50d758270c,08/09/2025 04:30:00 AM,1,DRIVER,,2025451,N,TOYOTA,RAV4,IL,2025,UNKNOWN,PASSENGER,PERSONAL,UNKNOWN,UNKNOWN/NA,Y,,1,,CITY OF CHICAGO,,,Y,,,,,,,,,,Y,Y,,FRONT,,,,,,,,,,,,,,,,,,,,,,,,,,,,,,,,,
2124667,677e8aebc317065795cadd19180ac5303686fc48fd3164860298ed3feda30ba6c36e1b4928cc989b1719d69f99195fb234000acc5cd5cdb85136d7020662d923,08/09/2025 04:17:00 AM,1,DRIVER,4,2025457,,JEEP,GRAND CHEROKEE,IL,2015,UNKNOWN,PASSENGER,PERSONAL,N,UNKNOWN/NA,N,,5,,,,,Y,,,,,,Y,Y,Y,Y,Y,Y,,SIDE-LEFT,,,,,,,,,,,,,,,,,,,,,,,,,,,,,,,,,
2124668,677e8aebc317065795cadd19180ac5303686fc48fd3164860298ed3feda30ba6c36e1b4928cc989b1719d69f99195fb234000acc5cd5cdb85136d7020662d923,08/09/2025 04:17:00 AM,2,DRIVER,,2025453,,CHEVROLET,EQUINOX,IL,2018,UNKNOWN,PASSENGER,PERSONAL,N,STRAIGHT AHEAD,Y,,1,,OWN TOW,,,Y,,,,Y,Y,Y,Y,Y,,Y,Y,,REAR,,,,,,,,,,,,,,,,,,,,,,,,,,,,,,,,,
2124734,e1e1c78021ad1574dd42ae194e56706c7d9e013871bf42e94cb8f87929f1d2241d89effad5481364ad3ed693a7467d4f46d8272ec0cf526e445824ba6269a702,08/09/2025 04:15:00 AM,1,DRIVER,,2025513,,CHEVROLET,EQUINOX,IL,,UNKNOWN,PASSENGER,UNKNOWN/NA,N,STRAIGHT AHEAD,,,1,,,,,,,,,,,,,,,,Y,,FRONT,,,,,,,,,,,,,,,,,,,,,,,,,,,,,,,,,
2124735,e1e1c78021ad1574dd42ae194e56706c7d9e013871bf42e94cb8f87929f1d2241d89effad5481364ad3ed693a7467d4f46d8272ec0cf526e445824ba6269a702,08/09/2025 04:15:00 AM,2,DRIVER,1,2025516,,JEEP,CHEROKEE,IL,,UNKNOWN,PASSENGER,PERSONAL,N,STRAIGHT AHEAD,,,2,,,,,,,,,,Y,,,,,,,,REAR,,,,,,,,,,,,,,,,,,,,,,,,,,,,,,,,,
2124670,ddae6b419a950578288811cf11c8947345286dc4d995a150103e628b61fb2e738c7d715a4dca3e8af7254762300abd6f6eb534fc9a4fef8f0403bcaab89b69fa,08/09/2025 04:10:00 AM,3,DRIVER,,2025456,,UNKNOWN,OTHER (EXPLAIN IN NARRATIVE),,,NONE,PASSENGER,PERSONAL,S,TURNING LEFT,,,1,,,,,,,,,Y,Y,Y,,,,,,,REAR,,,,,,,,,,,,,,,,,,,,,,,,,,,,,,,,,
2124671,ddae6b419a950578288811cf11c8947345286dc4d995a150103e628b61fb2e738c7d715a4dca3e8af7254762300abd6f6eb534fc9a4fef8f0403bcaab89b69fa,08/09/2025 04:10:00 AM,2,DRIVER,,2025455,,FORD,TAURUS,IL,2011,UNKNOWN,PASSENGER,PERSONAL,S,STRAIGHT AHEAD,,,1,,,,,Y,,,,Y,Y,Y,,,N,Y,Y,,UNKNOWN,,,,,,,,,,,,,,,,,,,,,,,,,,,,,,,,,
2124672,ddae6b419a950578288811cf11c8947345286dc4d995a150103e628b61fb2e738c7d715a4dca3e8af7254762300abd6f6eb534fc9a4fef8f0403bcaab89b69fa,08/09/2025 04:10:00 AM,1,DRIVER,,2025454,,NISSAN,ROGUE,IL,2011,NONE,PASSENGER,PERSONAL,S,STRAIGHT AHEAD,,,1,,,,,Y,,,,,,,,,,Y,Y,,FRONT,,,,,,,,,,,,,,,,,,,,,,,,,,,,,,,,,
2124785,68389d56a22b968835dbad57291f1874a4786f123ac31ad9f4891c8793a95dafa1ed617827e97d9c5dce6a68ea4530e3ff910ae1363f1dfe3dfd45036e5116c0,08/09/2025 04:00:00 AM,1,DRIVER,,2025564,,CHEVROLET,AVALANCHE,,,UNKNOWN,SPORT UTILITY VEHICLE (SUV),UNKNOWN/NA,N,STRAIGHT AHEAD,,,1,,,,,,,,,,,,,,,,,Y,FRONT,,,,,,,,,,,,,,,,,,,,,,,,,,,,,,,,,
2124659,2216a495bbefce2e44ae13c54d8229b64cd8675298ffbb0457049afe1d4686d3a18662ea0b283908c10eb7a58c0c35070c446d799b8b855baedff6f68a0980d1,08/09/2025 03:50:00 AM,1,DRIVER,,2025445,,HONDA,CR-V,IL,2013,UNKNOWN,SPORT UTILITY VEHICLE (SUV),PERSONAL,W,STRAIGHT AHEAD,Y,,1,,PRIVATE,,,Y,Y,N,N,N,,Y,Y,Y,Y,Y,Y,,FRONT-RIGHT-CORNER,,,,,,,,,,,,,,,,,,,,,,,,,,,,,,,,,
2124660,2216a495bbefce2e44ae13c54d8229b64cd8675298ffbb0457049afe1d4686d3a18662ea0b283908c10eb7a58c0c35070c446d799b8b855baedff6f68a0980d1,08/09/2025 03:50:00 AM,2,PARKED,,2025446,,KIA,SOUL,IL,2018,UNKNOWN,SPORT UTILITY VEHICLE (SUV),PERSONAL,W,PARKED,,,0,,,,,,,,,,Y,Y,Y,,,,,,REAR-LEFT-CORNER,,,,,,,,,,,,,,,,,,,,,,,,,,,,,,,,,
2124680,57921a43af8f9c747d4c985bc6e7bd9c1ad29b5df295fa4eda90b63ec2f2d52ff28e042470228dfede43500e61bc91cb95fe3dc9fdb15ee9438fa3b1759b4be1,08/09/2025 03:50:00 AM,1,DRIVER,,2025459,,UNKNOWN,OTHER (EXPLAIN IN NARRATIVE),XX,,UNKNOWN,PASSENGER,PERSONAL,UNKNOWN,UNKNOWN/NA,,,1,,,,,,,,,,,,,,,,,Y,UNKNOWN,,,,,,,,,,,,,,,,,,,,,,,,,,,,,,,,,
2124681,57921a43af8f9c747d4c985bc6e7bd9c1ad29b5df295fa4eda90b63ec2f2d52ff28e042470228dfede43500e61bc91cb95fe3dc9fdb15ee9438fa3b1759b4be1,08/09/2025 03:50:00 AM,2,PEDESTRIAN,,,,,,,,,,,,,,,,,,,,,,,,,,,,,,,,,,,,,,,,,,,,,,,,,,,,,,,,,,,,,,,,,,
2124691,f2a3eb3048b8b48e82a9870b7450c5b829d95adae2146d5b32b269672981510375ca0e7abc7cf25af391b7342f89bdaed5a29d51654943dae80e6c42e2c41d75,08/09/2025 03:30:00 AM,1,DRIVER,,2025475,,UNKNOWN,OTHER (EXPLAIN IN NARRATIVE),,,UNKNOWN,UNKNOWN/NA,PERSONAL,S,STRAIGHT AHEAD,,,1,,,,,,,,,,,,,,,Y,Y,,FRONT,,,,,,,,,,,,,,,,,,,,,,,,,,,,,,,,,
2124692,f2a3eb3048b8b48e82a9870b7450c5b829d95adae2146d5b32b269672981510375ca0e7abc7cf25af391b7342f89bdaed5a29d51654943dae80e6c42e2c41d75,08/09/2025 03:30:00 AM,2,PARKED,,2025476,,FORD,FOCUS,IL,2007,BRAKES,PASSENGER,NOT IN USE,S,PARKED,,,0,,,,,Y,,,,Y,,,,,,,,,REAR-RIGHT-CORNER,,,,,,,,,,,,,,,,,,,,,,,,,,,,,,,,,
2124693,f2a3eb3048b8b48e82a9870b7450c5b829d95adae2146d5b32b269672981510375ca0e7abc7cf25af391b7342f89bdaed5a29d51654943dae80e6c42e2c41d75,08/09/2025 03:30:00 AM,3,PARKED,,2025477,,DODGE,RAM 3500 PU,WI,2020,NONE,PICKUP,NOT IN USE,S,PARKED,,,0,,,,,,,,,,,Y,,,,,,,REAR-LEFT-CORNER,,,,,,,,,,,,,,,,,,,,,,,,,,,,,,,,,
2125114,fffaf1a5b94221367851f92f01044bf052113ecbfc1d8b233e6a53222d8c5f3b5f95adcbdc3554d48372c9a9658c3cfb2f85c57ea6d570efaf62a2fb77e6c134,08/09/2025 03:30:00 AM,1,DRIVER,,2025874,,TOYOTA,CAMRY,IL,,UNKNOWN,UNKNOWN/NA,UNKNOWN/NA,W,ENTERING TRAFFIC LANE FROM PARKING,,,1,,,,,Y,,,,,,,,,,,,,FRONT-RIGHT-CORNER,,,,,,,,,,,,,,,,,,,,,,,,,,,,,,,,,
2125115,fffaf1a5b94221367851f92f01044bf052113ecbfc1d8b233e6a53222d8c5f3b5f95adcbdc3554d48372c9a9658c3cfb2f85c57ea6d570efaf62a2fb77e6c134,08/09/2025 03:30:00 AM,2,DRIVER,,2025877,,NISSAN,SENTRA,IL,,NONE,PASSENGER,MILITARY,W,STRAIGHT AHEAD,,,1,,,,,,,,,,,,,Y,Y,Y,,,FRONT-LEFT-CORNER,,,,,,,,,,,,,,,,,,,,,,,,,,,,,,,,,
2124662,8e4208398f39f1c287e1c0cdbcea94b43d1782e7843eddf3ff29c9a3ef84ade2707c621dfa8cd3342560095a45b48c85c3f943bc83397b366508973530b4dc38,08/09/2025 03:23:00 AM,2,PEDESTRIAN,,,,,,,,,,,,,,,,,,,,,,,,,,,,,,,,,,,,,,,,,,,,,,,,,,,,,,,,,,,,,,,,,,
2124666,8e4208398f39f1c287e1c0cdbcea94b43d1782e7843eddf3ff29c9a3ef84ade2707c621dfa8cd3342560095a45b48c85c3f943bc83397b366508973530b4dc38,08/09/2025 03:23:00 AM,1,DRIVER,,2025449,,NISSAN,ARMADA,IL,,UNKNOWN,UNKNOWN/NA,UNKNOWN/NA,N,STRAIGHT AHEAD,,,1,,,,,N,,,,,,,,,,N,N,Y,FRONT,,,,,,,,,,,,,,,,,,,,,,,,,,,,,,,,,
2124642,ebcc8c5f85cc0f043dd8b7ca36810b14d4cd9d5fbad64cb8310e8d8c931f287184f5218b1eacb6a0ab4100798f01cf141c1e315838c702175b0b528772f8a1ff,08/09/2025 03:16:00 AM,1,DRIVER,,2025421,,DODGE,AVENGER,IL,2011,UNKNOWN,PASSENGER,PERSONAL,W,STRAIGHT AHEAD,Y,,1,,E and R,Pound 2,,Y,,,,,,,,,,Y,Y,,FRONT,,,,,,,,,,,,,,,,,,,,,,,,,,,,,,,,,
2124643,ebcc8c5f85cc0f043dd8b7ca36810b14d4cd9d5fbad64cb8310e8d8c931f287184f5218b1eacb6a0ab4100798f01cf141c1e315838c702175b0b528772f8a1ff,08/09/2025 03:16:00 AM,2,DRIVER,,2025425,,JEEP,GRAND CHEROKEE,IL,2022,UNKNOWN,PASSENGER,PERSONAL,N,STRAIGHT AHEAD,Y,,1,,AAA,Unk,,Y,Y,Y,Y,Y,Y,Y,Y,Y,Y,Y,Y,,REAR-RIGHT-CORNER,,,,,,,,,,,,,,,,,,,,,,,,,,,,,,,,,
2124651,a9974bc064322317d95673b50c732ea447374a079b9f82d83b51c54ebe2426bac07cff6c52d922dc6410e2a597ddcaa318b516386d8d5ea5bb7d7502e43648ca,08/09/2025 03:05:00 AM,1,DRIVER,,2025434,,JAGUAR,OTHER (EXPLAIN IN NARRATIVE),IN,2009,UNKNOWN,PASSENGER,PERSONAL,S,STRAIGHT AHEAD,Y,,1,,city of chicago,pound 2,,Y,,,,,,,,,,Y,Y,,FRONT,,,,,,,,,,,,,,,,,,,,,,,,,,,,,,,,,
2124652,a9974bc064322317d95673b50c732ea447374a079b9f82d83b51c54ebe2426bac07cff6c52d922dc6410e2a597ddcaa318b516386d8d5ea5bb7d7502e43648ca,08/09/2025 03:05:00 AM,2,DRIVER,,2025441,,OLDSMOBILE,SILHOUETTE,IL,2002,NONE,PASSENGER,PERSONAL,N,TURNING RIGHT,,,1,,,,,Y,,,,,,,,,,Y,Y,,FRONT,,,,,,,,,,,,,,,,,,,,,,,,,,,,,,,,,
2124649,3638c2976d1f68501cc62c397070786e7a7f4e6ce4acb9901adfdcf32f5795149c64efaa03758eb46c7bcd68d0cf859ef4c26268e46602547f19e099ef631cc5,08/09/2025 03:00:00 AM,1,DRIVER,,2025430,,HINO,HINO,IL,2020,UNKNOWN,UNKNOWN/NA,UNKNOWN/NA,W,TURNING LEFT,,,1,,,,,,,,,,,Y,,,,,,,SIDE-LEFT-REAR,,,,,,,,,,,,,,,,,,,,,,,,,,,,,,,,,