CRASH_UNIT_ID,CRASH_RECORD_ID,CRASH_DATE,UNIT_NO,UNIT_TYPE,NUM_PASSENGERS,VEHICLE_ID,CMRC_VEH_I,MAKE,MODEL,LIC_PLATE_STATE,VEHICLE_YEAR,VEHICLE_DEFECT,VEHICLE_TYPE,VEHICLE_USE,TRAVEL_DIRECTION,MANEUVER,TOWED_I,FIRE_I,OCCUPANT_CNT,EXCEED_SPEED_LIMIT_I,TOWED_BY,TOWED_TO,AREA_00_I,AREA_01_I,AREA_02_I,AREA_03_I,AREA_04_I,AREA_05_I,AREA_06_I,AREA_07_I,AREA_08_I,AREA_09_I,AREA_10_I,AREA_11_I,AREA_12_I,AREA_99_I,FIRST_CONTACT_POINT,CMV_ID,USDOT_NO,CCMC_NO,ILCC_NO,COMMERCIAL_SRC,GVWR,CARRIER_NAME,CARRIER_STATE,CARRIER_CITY,HAZMAT_PLACARDS_I,HAZMAT_NAME,UN_NO,HAZMAT_PRESENT_I,HAZMAT_REPORT_I,HAZMAT_REPORT_NO,MCS_REPORT_I,MCS_REPORT_NO,HAZMAT_VIO_CAUSE_CRASH_I,MCS_VIO_CAUSE_CRASH_I,IDOT_PERMIT_NO,WIDE_LOAD_I,TRAILER1_WIDTH,TRAILER2_WIDTH,TRAILER1_LENGTH,TRAILER2_LENGTH,TOTAL_VEHICLE_LENGTH,AXLE_CNT,VEHICLE_CONFIG,CARGO_BODY_TYPE,LOAD_TYPE,HAZMAT_OUT_OF_SERVICE_I,MCS_OUT_OF_SERVICE_I,HAZMAT_CLASS
2124650,3638c2976d1f68501cc62c397070786e7a7f4e6ce4acb9901adfdcf32f5795149c64efaa03758eb46c7bcd68d0cf859ef4c26268e46602547f19e099ef631cc5,08/09/2025 03:00:00 AM,2,PARKED,,2025438,,VOLKSWAGEN,TIGUAN,IL,2021,NONE,PASSENGER,NOT IN USE,W,PARKED,,,0,,,,,,,,,Y,Y,,,,,,,,REAR-RIGHT-CORNER,,,,,,,,,,,,,,,,,,,,,,,,,,,,,,,,,
2128625,6d6962e49003f8f58bce1042b34363d6e749dcb3f586901a86276447d03a4cf5bfebdbd8a00bd7d163eec7a6f88e5735b38f994cac9224e3b55f002c3ff0f8c9,08/09/2025 03:00:00 AM,1,DRIVER,,2029207,,AUDI,A6,IL,,UNKNOWN,PASSENGER,UNKNOWN/NA,UNKNOWN,STRAIGHT AHEAD,,,1,,,,,Y,Y,Y,,,,,,,,,,,FRONT-RIGHT-CORNER,,,,,,,,,,,,,,,,,,,,,,,,,,,,,,,,,
2128626,6d6962e49003f8f58bce1042b34363d6e749dcb3f586901a86276447d03a4cf5bfebdbd8a00bd7d163eec7a6f88e5735b38f994cac9224e3b55f002c3ff0f8c9,08/09/2025 03:00:00 AM,2,PARKED,,2029201,,MAZDA,CX-9,IL,,UNKNOWN,PASSENGER,PERSONAL,S,PARKED IN TRAFFIC LANE,,,0,,,,,,,,,,,Y,Y,Y,Y,,,,SIDE-LEFT-REAR,,,,,,,,,,,,,,,,,,,,,,,,,,,,,,,,,
2124655,c070845a50658ea65f4cf9d185c13542c8f7d3c46aca7cde06679ebcd340036f3aed0e87a6d0b45ecc75a460206efdfc693945b6c3e5c7921dee376418125ec2,08/09/2025 02:50:00 AM,1,DRIVER,,2025439,,VOLKSWAGEN,PASSAT,IL,2016,UNKNOWN,PASSENGER,PERSONAL,E,STRAIGHT AHEAD,Y,,1,,PRIVATE TOW,UNKNOWN,,,,,,,,,,N,Y,Y,Y,,FRONT-LEFT-CORNER,,,,,,,,,,,,,,,,,,,,,,,,,,,,,,,,,
2124656,c070845a50658ea65f4cf9d185c13542c8f7d3c46aca7cde06679ebcd340036f3aed0e87a6d0b45ecc75a460206efdfc693945b6c3e5c7921dee376418125ec2,08/09/2025 02:50:00 AM,2,DRIVER,,2025443,,CADILLAC,SRX,IL,2011,UNKNOWN,PASSENGER,PERSONAL,S,STRAIGHT AHEAD,Y,,1,,PRIVATE TOW,2217 S KEDVALE AVE,,Y,Y,,,,,,,,,,Y,,FRONT-RIGHT-CORNER,,,,,,,,,,,,,,,,,,,,,,,,,,,,,,,,,
2124663,8d518010418b96c829102650999a26682830eaf258996a280312f023d1a4e78b0a66284aa085d4ffd9c39099b9f6563492546615cc35fe2ebff91a648a863b08,08/09/2025 02:36:00 AM,1,DRIVER,,2025450,,BMW,OTHER (EXPLAIN IN NARRATIVE),IL,2024,NONE,SPORT UTILITY VEHICLE (SUV),PERSONAL,S,OTHER,Y,,1,,streets and sans,streets and sans,,Y,,,Y,Y,Y,,,,Y,Y,Y,,FRONT,,,,,,,,,,,,,,,,,,,,,,,,,,,,,,,,,
2124677,d50f1e7638be2f5cb28e2adaca6da0318a92b0f4a63c19545165fb330e3aeab27eedcd46d93619d12c088ae06d2477a2ea8c0192e76afecbfd76424f358a2ff4,08/09/2025 02:35:00 AM,1,DRIVER,,2025461,,BMW,740I,IL,2017,UNKNOWN,PASSENGER,UNKNOWN/NA,W,STRAIGHT AHEAD,Y,,1,,CITY OF CHICAGO,,,Y,,,,,,,,,Y,Y,Y,,FRONT,,,,,,,,,,,,,,,,,,,,,,,,,,,,,,,,,
2124678,d50f1e7638be2f5cb28e2adaca6da0318a92b0f4a63c19545165fb330e3aeab27eedcd46d93619d12c088ae06d2477a2ea8c0192e76afecbfd76424f358a2ff4,08/09/2025 02:35:00 AM,2,PARKED,,2025466,,CHEVROLET,EQUINOX,IL,2017,UNKNOWN,PASSENGER,UNKNOWN/NA,W,PARKED,,,0,,,,,,,,Y,Y,Y,,,,,,,,REAR-RIGHT-CORNER,,,,,,,,,,,,,,,,,,,,,,,,,,,,,,,,,
2125416,be7b559231be632b4138e72548c82c669225eca72a0cd9474b61adb88be9c2200b806a94fbdecc6e170d57b36b065d12293b8959fcd485084ff2c86424c7ceec,08/09/2025 02:28:00 AM,1,DRIVER,,2026160,,KIA,FORTE,WI,2011,BRAKES,PASSENGER,PERSONAL,N,STRAIGHT AHEAD,Y,,1,,,,,,,,,,,,,Y,Y,Y,,,SIDE-LEFT,,,,,,,,,,,,,,,,,,,,,,,,,,,,,,,,,
2125417,be7b559231be632b4138e72548c82c669225eca72a0cd9474b61adb88be9c2200b806a94fbdecc6e170d57b36b065d12293b8959fcd485084ff2c86424c7ceec,08/09/2025 02:28:00 AM,2,DRIVER,3,2026164,,FORD,EDGE,IL,2017,UNKNOWN,PASSENGER,PERSONAL,N,OTHER,Y,,4,,,,,Y,Y,,,,,,,Y,Y,Y,Y,,SIDE-RIGHT,,,,,,,,,,,,,,,,,,,,,,,,,,,,,,,,,
2124653,dc3f6b701311dbdd84da2639f399649c17cb2d6459bdcf77dad3f9ae3b091cffa2f2848b9ba637c8b74ae783d8d00c419c5372ce27afba10ed7fd0f2625bbb84,08/09/2025 02:26:00 AM,1,DRIVER,,2025431,,CHRYSLER,300,IL,,UNKNOWN,PASSENGER,UNKNOWN/NA,S,TURNING LEFT,,,1,,,,,Y,,,,,,,,,,Y,Y,,FRONT-LEFT-CORNER,,,,,,,,,,,,,,,,,,,,,,,,,,,,,,,,,
2124654,dc3f6b701311dbdd84da2639f399649c17cb2d6459bdcf77dad3f9ae3b091cffa2f2848b9ba637c8b74ae783d8d00c419c5372ce27afba10ed7fd0f2625bbb84,08/09/2025 02:26:00 AM,2,DRIVER,1,2025436,,DODGE,DURANGO,IL,2021,UNKNOWN,PASSENGER,PERSONAL,N,STRAIGHT AHEAD,Y,,2,,PRIVATE TOW,,,,,,,,,,Y,Y,Y,Y,,,FRONT-LEFT-CORNER,,,,,,,,,,,,,,,,,,,,,,,,,,,,,,,,,
2124633,2b1df9f677d4a68497ca994cfc9dca6e116ed8518bd3bce40fbfcfdfed178f8ba2b4510fbdaeeb3f6571799d7596b3004b75885bee6925dc01e59ee66c5f3270,08/09/2025 01:59:00 AM,1,DRIVER,,2025414,,NISSAN,PATHFINDER,IL,2019,UNKNOWN,PASSENGER,PERSONAL,E,STRAIGHT AHEAD,,,1,,,,,Y,,,,,,,,,,,,,FRONT,,,,,,,,,,,,,,,,,,,,,,,,,,,,,,,,,
2124634,2b1df9f677d4a68497ca994cfc9dca6e116ed8518bd3bce40fbfcfdfed178f8ba2b4510fbdaeeb3f6571799d7596b3004b75885bee6925dc01e59ee66c5f3270,08/09/2025 01:59:00 AM,2,DRIVER,1,2025419,,JEEP,CHEROKEE,IL,2020,UNKNOWN,PASSENGER,PERSONAL,E,STRAIGHT AHEAD,,,2,,,,,,,,,Y,Y,,,,,,,,UNKNOWN,,,,,,,,,,,,,,,,,,,,,,,,,,,,,,,,,
2124644,50e7cec926f7e89cb096b45fad9911bf4edc68a28aba6d18653a6abef550c61cae25d2a9e5c9e8e9dd8af60127c160fe7bf79c4d1f631fb302a644fbf83236d7,08/09/2025 01:53:00 AM,1,DRIVER,1,2025424,N,TOYOTA,RAV4,IL,2021,UNKNOWN,PASSENGER,RIDESHARE SERVICE,W,AVOIDING VEHICLES/OBJECTS,Y,,2,,PRIVATE TOW,UNK,,Y,Y,Y,,,,Y,Y,Y,Y,Y,,,FRONT-RIGHT-CORNER,,,,,,,,,,,,,,,,,,,,,,,,,,,,,,,,,
2124645,50e7cec926f7e89cb096b45fad9911bf4edc68a28aba6d18653a6abef550c61cae25d2a9e5c9e8e9dd8af60127c160fe7bf79c4d1f631fb302a644fbf83236d7,08/09/2025 01:53:00 AM,2,PARKED,,2025427,,CHEVROLET,BLAZER,IL,2021,UNKNOWN,PASSENGER,PERSONAL,UNKNOWN,PARKED,Y,,0,,PRIVATE TOW,UNK,,,,,,,,Y,Y,Y,,,Y,,SIDE-LEFT-REAR,,,,,,,,,,,,,,,,,,,,,,,,,,,,,,,,,
2124646,50e7cec926f7e89cb096b45fad9911bf4edc68a28aba6d18653a6abef550c61cae25d2a9e5c9e8e9dd8af60127c160fe7bf79c4d1f631fb302a644fbf83236d7,08/09/2025 01:53:00 AM,3,PARKED,,2025429,,TOYOTA,COROLLA,IL,2006,UNKNOWN,PASSENGER,PERSONAL,UNKNOWN,PARKED,,,0,,,,,,,,,,Y,,,,,,,,REAR,,,,,,,,,,,,,,,,,,,,,,,,,,,,,,,,,
2124622,01592f02a8ea88406703e6c88b244e37d7163905ae1a76420eaa4ecd71ca4f2333d52de953f73555f250691b38b0e9e67e924d2a19480e13a375af34beb80e60,08/09/2025 01:30:00 AM,1,DRIVER,,2025407,,UNKNOWN,OTHER (EXPLAIN IN NARRATIVE),,,UNKNOWN,UNKNOWN/NA,UNKNOWN/NA,UNKNOWN,UNKNOWN/NA,,,1,,,,,,,,,,,,,,,,,Y,UNKNOWN,,,,,,,,,,,,,,,,,,,,,,,,,,,,,,,,,
2124624,01592f02a8ea88406703e6c88b244e37d7163905ae1a76420eaa4ecd71ca4f2333d52de953f73555f250691b38b0e9e67e924d2a19480e13a375af34beb80e60,08/09/2025 01:30:00 AM,2,PARKED,,2025410,,JEEP,CHEROKEE,IL,2002,NONE,PASSENGER,NOT IN USE,W,PARKED,,,0,,,,,,,,,,,,,,,,,,REAR,,,,,,,,,,,,,,,,,,,,,,,,,,,,,,,,,
2125058,189bfac687c2ae2ff3854fffb155121369df8a8cdb2dc1a7178deeac6f655a32d0ec387b34e3e7f42bc5bca7070fd83f8a7de4f1fa9e2d5bf92db9addcce152f,08/09/2025 01:30:00 AM,1,DRIVER,,2025818,,NISSAN,ALTIMA,IL,2013,NONE,PASSENGER,UNKNOWN/NA,N,CHANGING LANES,,,1,,,,,,Y,Y,Y,,,,,,,,,,SIDE-RIGHT,,,,,,,,,,,,,,,,,,,,,,,,,,,,,,,,,
2125059,189bfac687c2ae2ff3854fffb155121369df8a8cdb2dc1a7178deeac6f655a32d0ec387b34e3e7f42bc5bca7070fd83f8a7de4f1fa9e2d5bf92db9addcce152f,08/09/2025 01:30:00 AM,2,DRIVER,,2025824,,FORD,FUSION,IL,2011,NONE,PASSENGER,PERSONAL,N,STRAIGHT AHEAD,,,1,,,,,,,,,,,,Y,Y,Y,,,,SIDE-LEFT,,,,,,,,,,,,,,,,,,,,,,,,,,,,,,,,,
2125723,1d4ec250102e98bafc8f52d6741ccc1b7eeb8c82c304347061d3d6e9bfe64dd1d7c7e5b09d3b4c4be773177c9198d41b13700ae78d5c42ae94f7a7a02ee7e327,08/09/2025 01:30:00 AM,1,DRIVER,1,2026446,,TOYOTA,COROLLA,IL,2011,NONE,PASSENGER,PERSONAL,N,OTHER,,,2,,,,,,,,Y,,,,,,,,,,SIDE-RIGHT,,,,,,,,,,,,,,,,,,,,,,,,,,,,,,,,,
2125724,1d4ec250102e98bafc8f52d6741ccc1b7eeb8c82c304347061d3d6e9bfe64dd1d7c7e5b09d3b4c4be773177c9198d41b13700ae78d5c42ae94f7a7a02ee7e327,08/09/2025 01:30:00 AM,2,DRIVER,,2026461,,HONDA,CIVIC,,2019,NONE,PASSENGER,PERSONAL,N,STRAIGHT AHEAD,,,1,,,,,,,,,,,,,Y,Y,,,,SIDE-LEFT,,,,,,,,,,,,,,,,,,,,,,,,,,,,,,,,,
2124627,aaecb1c291bd3f269102fc5c05db57d3ef207e6ba16ed647f494b746eeebb5feb7a3bfa3a9a954c2808e5a79e7b698d68296983e529860978d7127bfe87bddb4,08/09/2025 01:25:00 AM,1,DRIVER,1,2025416,,FORD,EXPLORER,IL,2023,UNKNOWN,SPORT UTILITY VEHICLE (SUV),POLICE,S,PASSING/OVERTAKING,,,2,,,,,,Y,,,,,,,,,,,,SIDE-RIGHT,,,,,,,,,,,,,,,,,,,,,,,,,,,,,,,,,
2124628,aaecb1c291bd3f269102fc5c05db57d3ef207e6ba16ed647f494b746eeebb5feb7a3bfa3a9a954c2808e5a79e7b698d68296983e529860978d7127bfe87bddb4,08/09/2025 01:25:00 AM,2,BICYCLE,,,,,,,,,,,,,,,,,,,,,,,,,,,,,,,,,,,,,,,,,,,,,,,,,,,,,,,,,,,,,,,,,,
2126225,4fdce5f11122b67f905985fce5426b511454a1e30d1b6fac93e54c2c0c5f38f6b69736dc9acb57f25b21bd11b8d610ec3435a4fbd6acff72a0452e023bf191b8,08/09/2025 01:21:00 AM,1,DRIVER,,2026931,,INFINITI,QX50,IL,2023,NONE,PASSENGER,PERSONAL,N,STRAIGHT AHEAD,,,1,,,,,,,,,,,,,,,,,Y,UNKNOWN,,,,,,,,,,,,,,,,,,,,,,,,,,,,,,,,,
2126226,4fdce5f11122b67f905985fce5426b511454a1e30d1b6fac93e54c2c0c5f38f6b69736dc9acb57f25b21bd11b8d610ec3435a4fbd6acff72a0452e023bf191b8,08/09/2025 01:21:00 AM,2,DRIVER,,2026941,,BUICK,INVICTA,IL,2025,NONE,PASSENGER,PERSONAL,N,STRAIGHT AHEAD,,,1,,,,,,,,,,Y,,,,,,,,REAR,,,,,,,,,,,,,,,,,,,,,,,,,,,,,,,,,
2124647,fdf4d70585ff9562d24d816178d87271146bea88d8e89bca865603a59f8252ea249b52846807598a71dcef7898b00c675b05662d4d75a056835b0a32972375d2,08/09/2025 01:08:00 AM,1,DRIVER,,2025426,,UNKNOWN,OTHER (EXPLAIN IN NARRATIVE),,,UNKNOWN,TRUCK - SINGLE UNIT,TOW TRUCK,S,STRAIGHT AHEAD,,,1,,,,,,,,,,,,,,,,Y,,FRONT,,,,,,,,,,,,,,,,,,,,,,,,,,,,,,,,,
2124648,fdf4d70585ff9562d24d816178d87271146bea88d8e89bca865603a59f8252ea249b52846807598a71dcef7898b00c675b05662d4d75a056835b0a32972375d2,08/09/2025 01:08:00 AM,2,DRIVER,,2025433,,KIA,SORENTO,IL,2018,UNKNOWN,PASSENGER,PERSONAL,W,STRAIGHT AHEAD,,,1,,,,,,,Y,Y,Y,Y,,,,,,,,REAR-RIGHT-CORNER,,,,,,,,,,,,,,,,,,,,,,,,,,,,,,,,,
2124623,0f8f86be51d0b0d202426b9a3aad9950332d05ec951bffbc01b50695f7bfdfa32f85cb19e22ef24a9cf52d935cb26a01854f93062b42b00023d1496348a147c9,08/09/2025 12:55:00 AM,1,DRIVER,1,2025409,,LINCOLN,CONTINENTAL,IL,1998,NONE,PASSENGER,PERSONAL,E,STRAIGHT AHEAD,Y,,2,,CITY TOW,DOUGHTY,,Y,Y,,,,,,,Y,Y,Y,Y,,FRONT,,,,,,,,,,,,,,,,,,,,,,,,,,,,,,,,,
2124625,14651785ff252ac688201e36e221666fe7326c18678a1ed3477a52395c92bbbd57280dba1b1752870454293e27242dd2cfbb1875b6c186fe701d82d9d662a774,08/09/2025 12:42:00 AM,1,DRIVER,,2025412,,TOYOTA,CAMRY,IL,2025,NONE,PASSENGER,PERSONAL,W,TURNING LEFT,Y,,1,,E&R,POUND 2,,Y,N,,,,,,,,N,Y,Y,,FRONT,,,,,,,,,,,,,,,,,,,,,,,,,,,,,,,,,
2124626,14651785ff252ac688201e36e221666fe7326c18678a1ed3477a52395c92bbbd57280dba1b1752870454293e27242dd2cfbb1875b6c186fe701d82d9d662a774,08/09/2025 12:42:00 AM,2,DRIVER,,2025413,,HARLEY-DAVIDSON,HARLEY-DAVIDSON,IL,2010,NONE,MOTORCYCLE (OVER 150CC),PERSONAL,E,STRAIGHT AHEAD,Y,,1,,E&R,POUND 2,,Y,Y,Y,Y,Y,,Y,Y,Y,Y,Y,Y,,FRONT,,,,,,,,,,,,,,,,,,,,,,,,,,,,,,,,,
2124657,2e32168b1621d198242638f93e646caba7a34b98ef895ceeeff323316e4cafe4004c84e2505e502cdf6f7b287974b5c44c95af2ba3e5538e947fa7ed756eea3f,08/09/2025 12:30:00 AM,1,DRIVER,,2025440,,UNKNOWN,MOTORIZED,IL,,NONE,PASSENGER,UNKNOWN/NA,E,TURNING LEFT,,,1,,,,,,,Y,Y,Y,,,,,,,,,SIDE-RIGHT,,,,,,,,,,,,,,,,,,,,,,,,,,,,,,,,,
2124658,2e32168b1621d198242638f93e646caba7a34b98ef895ceeeff323316e4cafe4004c84e2505e502cdf6f7b287974b5c44c95af2ba3e5538e947fa7ed756eea3f,08/09/2025 12:30:00 AM,2,DRIVER,,2025448,,HARLEY-DAVIDSON,HARLEY-DAVIDSON,IL,,NONE,MOTORCYCLE (OVER 150CC),PERSONAL,E,STRAIGHT AHEAD,N,,1,,,,,,,,,,,Y,Y,Y,Y,Y,Y,,FRONT-LEFT-CORNER,,,,,,,,,,,,,,,,,,,,,,,,,,,,,,,,,
2124617,0ddbe0595433bf473d4e8c0068eb82f17e679baab42beaaaf6bf9b41a74ae54eec04c180fa4aadb97c45f8136c74fe6c872cd2f4377a6e90751ed232173e6a19,08/09/2025 12:25:00 AM,1,DRIVER,,2025400,,CHEVROLET,IMPALA,IL,1995,UNKNOWN,UNKNOWN/NA,UNKNOWN/NA,S,BACKING,,,1,,,,,,,,,Y,Y,Y,,,,,,,REAR,,,,,,,,,,,,,,,,,,,,,,,,,,,,,,,,,
2124618,0ddbe0595433bf473d4e8c0068eb82f17e679baab42beaaaf6bf9b41a74ae54eec04c180fa4aadb97c45f8136c74fe6c872cd2f4377a6e90751ed232173e6a19,08/09/2025 12:25:00 AM,2,DRIVER,,2025402,,CHEVROLET,EQUINOX,IL,2020,NONE,PASSENGER,PERSONAL,W,STRAIGHT AHEAD,,,1,,,,,,,,,,,Y,Y,,,,,,SIDE-LEFT-REAR,,,,,,,,,,,,,,,,,,,,,,,,,,,,,,,,,
2124664,86afeea80305e50de1992e2874183240509d0c241ce9d7ec4529bb90a469769326eebdafe556803596540e17f618d2e0669c8ab6d53c19674ecf624892755c7e,08/09/2025 12:20:00 AM,1,DRIVER,,2025452,,PONTIAC,OTHER (EXPLAIN IN NARRATIVE),IL,2009,UNKNOWN,PASSENGER,UNKNOWN/NA,N,BACKING,,,1,,,,,Y,Y,Y,,,,,,,,,,Y,UNKNOWN,,,,,,,,,,,,,,,,,,,,,,,,,,,,,,,,,
2124665,86afeea80305e50de1992e2874183240509d0c241ce9d7ec4529bb90a469769326eebdafe556803596540e17f618d2e0669c8ab6d53c19674ecf624892755c7e,08/09/2025 12:20:00 AM,2,DRIVER,1,2025465,,CHEVROLET,MALIBU,IL,2024,UNKNOWN,PASSENGER,PERSONAL,N,STRAIGHT AHEAD,,,2,,,,,,,,,,,,,,,Y,,,FRONT-LEFT-CORNER,,,,,,,,,,,,,,,,,,,,,,,,,,,,,,,,,
2124600,89c88d739768107208c4ca7bbb920a2eb48979e4329e2e0d88cb64aacbc092ec0668c6580724f33e404b383fa31d169a178d8bce46d386a7b9f95743b6b483fb,08/09/2025 12:10:00 AM,1,DRIVER,,2025384,,SCION,TC,IL,2011,UNKNOWN,PASSENGER,PERSONAL,E,STRAIGHT AHEAD,,,1,,,,,,,,,,,,,,,,Y,,FRONT,,,,,,,,,,,,,,,,,,,,,,,,,,,,,,,,,
2124601,89c88d739768107208c4ca7bbb920a2eb48979e4329e2e0d88cb64aacbc092ec0668c6580724f33e404b383fa31d169a178d8bce46d386a7b9f95743b6b483fb,08/09/2025 12:10:00 AM,2,DRIVER,1,2025390,,HYUNDAI,SONATA,IL,2006,NONE,PASSENGER,PERSONAL,E,SLOW/STOP IN TRAFFIC,,,2,,,,,,,,,,Y,,,,,,,,REAR,,,,,,,,,,,,,,,,,,,,,,,,,,,,,,,,,
2124768,978fd48620559f5037a765f231f60a626900750f9b124094246da80b7213be25a66a891ccf54dfad2225196dba81fe5e0d8f520a017b1cf9de87f2d9edfc5519,08/09/2025 12:00:00 AM,1,DRIVER,,2025557,,UNKNOWN,OPEN BODY,IL,,UNKNOWN,UNKNOWN/NA,UNKNOWN/NA,UNKNOWN,OTHER,,,1,,,,,,,,,,,,,,,,,Y,UNKNOWN,,,,,,,,,,,,,,,,,,,,,,,,,,,,,,,,,
2124769,978fd48620559f5037a765f231f60a626900750f9b124094246da80b7213be25a66a891ccf54dfad2225196dba81fe5e0d8f520a017b1cf9de87f2d9edfc5519,08/09/2025 12:00:00 AM,2,PARKED,,2025544,,NISSAN,MAXIMA,IL,2010,UNKNOWN,PASSENGER,PERSONAL,E,PARKED,,,0,,,,,,,,,,,Y,Y,,,,,Y,SIDE-LEFT-REAR,,,,,,,,,,,,,,,,,,,,,,,,,,,,,,,,,
2124719,c88f1caa85d63bd1d759a44c11415cc744cf90dc6e098f48d3057a4adf7ef2d20a54c6c91220fa61933bf1ccea88abeea370facd63a6a91936ad07906953fb8d,08/09/2025 12:00:00 AM,1,DRIVER,,2025517,,UNKNOWN,OTHER (EXPLAIN IN NARRATIVE),IL,,UNKNOWN,UNKNOWN/NA,UNKNOWN/NA,UNKNOWN,UNKNOWN/NA,,,1,,,,,N,N,N,N,,,,,,,,,Y,UNKNOWN,,,,,,,,,,,,,,,,,,,,,,,,,,,,,,,,,
2124720,c88f1caa85d63bd1d759a44c11415cc744cf90dc6e098f48d3057a4adf7ef2d20a54c6c91220fa61933bf1ccea88abeea370facd63a6a91936ad07906953fb8d,08/09/2025 12:00:00 AM,2,PARKED,,2025503,,MAZDA,CX-30,IL,2022,NONE,SPORT UTILITY VEHICLE (SUV),NOT IN USE,W,PARKED,Y,,0,,OWNER,,,,,,,,,,,Y,Y,Y,Y,,SIDE-LEFT,,,,,,,,,,,,,,,,,,,,,,,,,,,,,,,,,
2127627,fd95666bada872f366c47d3c0e949b8a4b60ce055ae62a655b44df7bd01890e230907a2e9999123c8ddac8f002386fa2a02a053f69a630862e6e65d4123f3608,08/09/2025 12:00:00 AM,1,DRIVER,,2028255,,GENERAL MOTORS CORPORATION (GMC),OTHER (EXPLAIN IN NARRATIVE),IL,2013,UNKNOWN,SPORT UTILITY VEHICLE (SUV),UNKNOWN/NA,S,UNKNOWN/NA,,,1,,,,,,,,,,,,,,,,,Y,FRONT,,,,,,,,,,,,,,,,,,,,,,,,,,,,,,,,,
2127628,fd95666bada872f366c47d3c0e949b8a4b60ce055ae62a655b44df7bd01890e230907a2e9999123c8ddac8f002386fa2a02a053f69a630862e6e65d4123f3608,08/09/2025 12:00:00 AM,2,DRIVER,3,2028260,,KIA,CARNIVAL,IL,2023,NONE,VAN/MINI-VAN,UNKNOWN/NA,S,SLOW/STOP IN TRAFFIC,,,4,,,,,,,,Y,Y,Y,,,,,,,,REAR,,,,,,,,,,,,,,,,,,,,,,,,,,,,,,,,,
2124604,4cf5262513db868c859f6d4435ede15493172a5dac5583d90bc921c7cd8bdff5ee97adf3075d149a8722e208220015bf52edfaebca17f899e311cd71a6b2c4b2,08/08/2025 11:50:00 PM,1,DRIVER,,2025393,,NISSAN,ROGUE,IL,2015,UNKNOWN,SPORT UTILITY VEHICLE (SUV),PERSONAL,W,STRAIGHT AHEAD,Y,,1,,CITY OF CHICAGO,POUND 6,,Y,Y,,,,,Y,,,,,Y,,FRONT-RIGHT-CORNER,,,,,,,,,,,,,,,,,,,,,,,,,,,,,,,,,
2124605,4cf5262513db868c859f6d4435ede15493172a5dac5583d90bc921c7cd8bdff5ee97adf3075d149a8722e208220015bf52edfaebca17f899e311cd71a6b2c4b2,08/08/2025 11:50:00 PM,2,PARKED,,2025392,,FORD,EXPLORER,IL,2018,NONE,SPORT UTILITY VEHICLE (SUV),NOT IN USE,W,PARKED,,,0,,,,,,,,,,Y,Y,Y,,,,,,REAR-LEFT-CORNER,,,,,,,,,,,,,,,,,,,,,,,,,,,,,,,,,
2124590,1f9e24c2e14d97447268c5917f556ee772ea5d3f6ee81c25bcdce676a7fb06f7d4a5f3d7de842d608d806fde86a425a306520a76043699fd49694611070c8bf8,08/08/2025 11:45:00 PM,1,DRIVER,,2025373,,TOYOTA,CAMRY,IL,2014,UNKNOWN,PASSENGER,PERSONAL,W,TURNING RIGHT,Y,,1,,PERSONAL TOW,,,Y,,,,,,,,,,,Y,,FRONT-RIGHT-CORNER,,,,,,,,,,,,,,,,,,,,,,,,,,,,,,,,,
2124591,1f9e24c2e14d97447268c5917f556ee772ea5d3f6ee81c25bcdce676a7fb06f7d4a5f3d7de842d608d806fde86a425a306520a76043699fd49694611070c8bf8,08/08/2025 11:45:00 PM,2,DRIVER,,2025380,,BUICK,ENCORE,FL,2020,UNKNOWN,PASSENGER,OTHER,W,STRAIGHT AHEAD,Y,,1,,PERSONAL TOW,,,,,,,,,,,,,Y,Y,,FRONT-LEFT-CORNER,,,,,,,,,,,,,,,,,,,,,,,,,,,,,,,,,
2124615,f63693c97a320ace7da4aa4eff065b7e571bbb1266c648e933e9908f1008970e63432683c76841f722f3ae5806d0894a60a67f1b124b291ecc1246d88139fe3b,08/08/2025 11:41:00 PM,1,DRIVER,1,2025397,,TOYOTA,C-HR,IL,2022,NONE,SPORT UTILITY VEHICLE (SUV),PERSONAL,SW,TURNING LEFT,,,2,,,,,Y,,,,,,,,,,Y,Y,,FRONT-LEFT-CORNER,,,,,,,,,,,,,,,,,,,,,,,,,,,,,,,,,
2124616,f63693c97a320ace7da4aa4eff065b7e571bbb1266c648e933e9908f1008970e63432683c76841f722f3ae5806d0894a60a67f1b124b291ecc1246d88139fe3b,08/08/2025 11:41:00 PM,2,DRIVER,3,2025403,,CHEVROLET,OTHER (EXPLAIN IN NARRATIVE),IL,2021,NONE,PASSENGER,PERSONAL,N,STRAIGHT AHEAD,Y,,4,,all city towing,,,Y,Y,Y,Y,,,,,,,N,N,,SIDE-RIGHT,,,,,,,,,,,,,,,,,,,,,,,,,,,,,,,,,
2124598,114c3f48d25422159e78a2b9f690031697a7e93593b167ed3ed8662c192567cdf3f19ac94c42e3f3227da3902fcb74f9bb9b4494fa9a21655d8b86a118b5459f,08/08/2025 11:40:00 PM,1,DRIVER,,2025382,,MAZDA,MAZDA6,IL,2014,UNKNOWN,PASSENGER,PERSONAL,S,STRAIGHT AHEAD,Y,,1,,CITY OF CHICAGO,POUND 2,,Y,Y,,,,,,,,Y,Y,Y,,FRONT,,,,,,,,,,,,,,,,,,,,,,,,,,,,,,,,,