CRASH_UNIT_ID,CRASH_RECORD_ID,CRASH_DATE,UNIT_NO,UNIT_TYPE,NUM_PASSENGERS,VEHICLE_ID,CMRC_VEH_I,MAKE,MODEL,LIC_PLATE_STATE,VEHICLE_YEAR,VEHICLE_DEFECT,VEHICLE_TYPE,VEHICLE_USE,TRAVEL_DIRECTION,MANEUVER,TOWED_I,FIRE_I,OCCUPANT_CNT,EXCEED_SPEED_LIMIT_I,TOWED_BY,TOWED_TO,AREA_00_I,AREA_01_I,AREA_02_I,AREA_03_I,AREA_04_I,AREA_05_I,AREA_06_I,AREA_07_I,AREA_08_I,AREA_09_I,AREA_10_I,AREA_11_I,AREA_12_I,AREA_99_I,FIRST_CONTACT_POINT,CMV_ID,USDOT_NO,CCMC_NO,ILCC_NO,COMMERCIAL_SRC,GVWR,CARRIER_NAME,CARRIER_STATE,CARRIER_CITY,HAZMAT_PLACARDS_I,HAZMAT_NAME,UN_NO,HAZMAT_PRESENT_I,HAZMAT_REPORT_I,HAZMAT_REPORT_NO,MCS_REPORT_I,MCS_REPORT_NO,HAZMAT_VIO_CAUSE_CRASH_I,MCS_VIO_CAUSE_CRASH_I,IDOT_PERMIT_NO,WIDE_LOAD_I,TRAILER1_WIDTH,TRAILER2_WIDTH,TRAILER1_LENGTH,TRAILER2_LENGTH,TOTAL_VEHICLE_LENGTH,AXLE_CNT,VEHICLE_CONFIG,CARGO_BODY_TYPE,LOAD_TYPE,HAZMAT_OUT_OF_SERVICE_I,MCS_OUT_OF_SERVICE_I,HAZMAT_CLASS
2124599,114c3f48d25422159e78a2b9f690031697a7e93593b167ed3ed8662c192567cdf3f19ac94c42e3f3227da3902fcb74f9bb9b4494fa9a21655d8b86a118b5459f,08/08/2025 11:40:00 PM,2,DRIVER,1,2025389,,LAND ROVER,DISCOVERY,IL,2016,NONE,SPORT UTILITY VEHICLE (SUV),PERSONAL,E,STRAIGHT AHEAD,Y,,2,,PRIVATE,OWNER,,Y,Y,,,,,Y,Y,,Y,Y,Y,,SIDE-LEFT,,,,,,,,,,,,,,,,,,,,,,,,,,,,,,,,,
2124576,b49fb1cd3bf018495c6c02bdc556dc21f77c36fe42f5f6c3765f30a4af0344ea47a852233201550a284e3159bd21dc336f289b562ed93b8263994e3031c0419f,08/08/2025 11:40:00 PM,1,DRIVER,,2025362,,LEXUS,IS,IL,2012,UNKNOWN,PASSENGER,PERSONAL,E,STRAIGHT AHEAD,,,1,,,,,Y,Y,,,,,,,,Y,Y,Y,,FRONT,,,,,,,,,,,,,,,,,,,,,,,,,,,,,,,,,
2124577,b49fb1cd3bf018495c6c02bdc556dc21f77c36fe42f5f6c3765f30a4af0344ea47a852233201550a284e3159bd21dc336f289b562ed93b8263994e3031c0419f,08/08/2025 11:40:00 PM,2,DRIVER,1,2025371,,HYUNDAI,SANTA FE,IL,2025,UNKNOWN,PASSENGER,PERSONAL,S,STRAIGHT AHEAD,Y,,2,,,,,Y,Y,Y,,,,,,,,,Y,,FRONT-RIGHT-CORNER,,,,,,,,,,,,,,,,,,,,,,,,,,,,,,,,,
2134631,08d81ba571e949e15eb98c43d7704a7189325f12f1279941fef5a26b08a68d915c4c8c82750c5b8f6eead49f502c8bc661a017946b4a8f49ebfedd0ef7854083,08/08/2025 11:30:00 PM,1,DRIVER,,2034872,,UNKNOWN,OTHER (EXPLAIN IN NARRATIVE),IL,,UNKNOWN,TRUCK - SINGLE UNIT,UNKNOWN/NA,N,U-TURN,,,1,,,,,,,,,,,,,,,,,,UNKNOWN,,,,,,,,,,,,,,,,,,,,,,,,,,,,,,,,,
2134632,08d81ba571e949e15eb98c43d7704a7189325f12f1279941fef5a26b08a68d915c4c8c82750c5b8f6eead49f502c8bc661a017946b4a8f49ebfedd0ef7854083,08/08/2025 11:30:00 PM,2,DRIVER,3,2034873,,ALFA ROMEO,STELVIO,IL,2018,NONE,PASSENGER,PERSONAL,N,STRAIGHT AHEAD,,,4,,,,,,,,,,,Y,Y,,,,,,REAR-LEFT-CORNER,,,,,,,,,,,,,,,,,,,,,,,,,,,,,,,,,
2124606,3382ad53a987869c4e455d2afd89258a1787d16d2dc263a2195bf3569292c4ad29edaeed533d5981e8a8aef10a4ca9ed1c15060ea8db042c4d97585aac557d99,08/08/2025 11:30:00 PM,1,DRIVER,,2025399,,CHEVROLET,OTHER (EXPLAIN IN NARRATIVE),IN,2014,UNKNOWN,PASSENGER,PERSONAL,E,U-TURN,Y,,1,,TBD,TBD,,,,,,,,,,,Y,Y,,,SIDE-LEFT-FRONT,,,,,,,,,,,,,,,,,,,,,,,,,,,,,,,,,
2124607,3382ad53a987869c4e455d2afd89258a1787d16d2dc263a2195bf3569292c4ad29edaeed533d5981e8a8aef10a4ca9ed1c15060ea8db042c4d97585aac557d99,08/08/2025 11:30:00 PM,2,DRIVER,,2025401,,ACURA,TLX,IL,2007,UNKNOWN,PASSENGER,PERSONAL,E,STRAIGHT AHEAD,,,1,,,,,Y,Y,,,,,,,,,,,,FRONT-RIGHT-CORNER,,,,,,,,,,,,,,,,,,,,,,,,,,,,,,,,,
2124578,0c52a5a9b573d4af63f71412204053db9a0d9259b0354246b025e2fcea1e1363016faa2cd0380fdb6f1965debf5790fd0b2227e907f597924f1e971e0eb581c0,08/08/2025 11:25:00 PM,1,DRIVER,,2025363,,CADILLAC,DEVILLE,IL,2001,WHEELS,PASSENGER,PERSONAL,E,TURNING RIGHT,,,1,,,,,,,,,,,,,,Y,Y,,,FRONT-LEFT-CORNER,,,,,,,,,,,,,,,,,,,,,,,,,,,,,,,,,
2124579,0c52a5a9b573d4af63f71412204053db9a0d9259b0354246b025e2fcea1e1363016faa2cd0380fdb6f1965debf5790fd0b2227e907f597924f1e971e0eb581c0,08/08/2025 11:25:00 PM,2,PARKED,,2025366,,GENERAL MOTORS CORPORATION (GMC),SIERRA,IL,2006,UNKNOWN,PICKUP,UNKNOWN/NA,W,PARKED,,,0,,,,,,,,,,,Y,Y,,,,,,SIDE-LEFT,,,,,,,,,,,,,,,,,,,,,,,,,,,,,,,,,
2124584,d6b80bfc05804d80d0ce4c93df0725b89cbe02433a67ed518807a3d7ec7b03b8b88a29a4e6c16cbf79405f3d602cb0fc463a16a094db35b2783c5ef9ec8010f8,08/08/2025 11:21:00 PM,1,DRIVER,,2025368,,TOYOTA,COROLLA,IL,2015,UNKNOWN,PASSENGER,PERSONAL,N,STRAIGHT AHEAD,,,1,,,,,Y,,,,,,,,,,Y,Y,,FRONT,,,,,,,,,,,,,,,,,,,,,,,,,,,,,,,,,
2124585,d6b80bfc05804d80d0ce4c93df0725b89cbe02433a67ed518807a3d7ec7b03b8b88a29a4e6c16cbf79405f3d602cb0fc463a16a094db35b2783c5ef9ec8010f8,08/08/2025 11:21:00 PM,2,DRIVER,,2025375,,JEEP,LIBERTY,IL,2004,UNKNOWN,PASSENGER,PERSONAL,E,STRAIGHT AHEAD,,,1,,,,,,,Y,Y,,,,,,,,,,SIDE-RIGHT-REAR,,,,,,,,,,,,,,,,,,,,,,,,,,,,,,,,,
2124594,0a1d712c7483b16a17de56e3cda26009a1af3ddf3221e859a3b62066eade7132783267dc8228eb8a97f833b6d693bc9b41b8baabc7d406ec69c83a6c4e83e744,08/08/2025 11:10:00 PM,1,DRIVER,,2025383,,NOVA BUS,LFS,IL,2023,NONE,BUS OVER 15 PASS.,CTA,E,TURNING RIGHT,,,1,,,,,,,,Y,,,,,,,,,,SIDE-RIGHT-FRONT,,,,,,,,,,,,,,,,,,,,,,,,,,,,,,,,,
2124595,0a1d712c7483b16a17de56e3cda26009a1af3ddf3221e859a3b62066eade7132783267dc8228eb8a97f833b6d693bc9b41b8baabc7d406ec69c83a6c4e83e744,08/08/2025 11:10:00 PM,2,PARKED,,2025388,,HONDA,ACCORD,IL,2021,NONE,PASSENGER,PERSONAL,E,PARKED,Y,,0,,PERSONAL TOW,,,Y,,,,,Y,Y,,,,Y,Y,,REAR,,,,,,,,,,,,,,,,,,,,,,,,,,,,,,,,,
2124602,28f57ecf774710d456fc6e4941a13f3cf53260ce301798d7844f3091981ea356a1724604a6b1cc30c0ca193459e5d320c2363f5e6ac627536af486acc3528132,08/08/2025 11:04:00 PM,1,DRIVER,,2025387,,DODGE,CHARGER,IL,2007,UNKNOWN,PASSENGER,UNKNOWN/NA,S,UNKNOWN/NA,,,1,,,,,,,,,,,,,,,,,Y,FRONT,,,,,,,,,,,,,,,,,,,,,,,,,,,,,,,,,
2124603,28f57ecf774710d456fc6e4941a13f3cf53260ce301798d7844f3091981ea356a1724604a6b1cc30c0ca193459e5d320c2363f5e6ac627536af486acc3528132,08/08/2025 11:04:00 PM,2,BICYCLE,,,,,,,,,,,,,,,,,,,,,,,,,,,,,,,,,,,,,,,,,,,,,,,,,,,,,,,,,,,,,,,,,,
2124562,49274b7f5a53b2186c0f1960ddf97e3c680557846167f68975b621646bedcb0a729afbbc689897e84d84eab9de40501f9e5b67f2ca822c7a68a6340bd820332c,08/08/2025 11:02:00 PM,1,BICYCLE,,,,,,,,,,,,,,,,,,,,,,,,,,,,,,,,,,,,,,,,,,,,,,,,,,,,,,,,,,,,,,,,,,
2124563,49274b7f5a53b2186c0f1960ddf97e3c680557846167f68975b621646bedcb0a729afbbc689897e84d84eab9de40501f9e5b67f2ca822c7a68a6340bd820332c,08/08/2025 11:02:00 PM,2,DRIVER,,2025354,,KIA,SPORTAGE,IL,2013,UNKNOWN,PASSENGER,PERSONAL,N,STRAIGHT AHEAD,,,1,,,,,Y,,,,,,,,,,Y,Y,,FRONT,,,,,,,,,,,,,,,,,,,,,,,,,,,,,,,,,
2131219,2dca0275b35e9fa66dc5848afe3cd6f56e1c6ebfe699dd6f83bb739b6426b6379b4f82839b241a81070b8fb3b8e329f5c77a83405d2d27c07de9534408113712,08/08/2025 11:00:00 PM,1,DRIVER,,2031653,,TOYOTA,YARIS,IL,2007,UNKNOWN,PASSENGER,UNKNOWN/NA,W,STRAIGHT AHEAD,,,1,,,,,,,,,,,,,,,,Y,,FRONT,,,,,,,,,,,,,,,,,,,,,,,,,,,,,,,,,
2131220,2dca0275b35e9fa66dc5848afe3cd6f56e1c6ebfe699dd6f83bb739b6426b6379b4f82839b241a81070b8fb3b8e329f5c77a83405d2d27c07de9534408113712,08/08/2025 11:00:00 PM,2,DRIVER,,2031649,,HONDA,ACCORD,IL,2011,NONE,PASSENGER,PERSONAL,S,STRAIGHT AHEAD,,,1,,,,,,,,,,,,,Y,,,,,SIDE-LEFT,,,,,,,,,,,,,,,,,,,,,,,,,,,,,,,,,
2124635,288ae5568b10fbd82fce78fce08019295f959dc8255c9a7e87eceecb25486d150fb318fa2b593a19ddedab27d91394c1ca311873f7d5d1a48e970584a5e3700e,08/08/2025 10:59:00 PM,1,DRIVER,,2025415,,CHEVROLET,EQUINOX,IL,2016,NONE,PASSENGER,PERSONAL,E,STRAIGHT AHEAD,Y,,1,,OWNER,,,Y,Y,Y,,,,,,,,,,,FRONT-RIGHT-CORNER,,,,,,,,,,,,,,,,,,,,,,,,,,,,,,,,,
2124636,288ae5568b10fbd82fce78fce08019295f959dc8255c9a7e87eceecb25486d150fb318fa2b593a19ddedab27d91394c1ca311873f7d5d1a48e970584a5e3700e,08/08/2025 10:59:00 PM,2,PARKED,,2025418,,KIA,SELTOS,IL,2025,NONE,PASSENGER,PERSONAL,E,PARKED,,,0,,,,,,,,,,,Y,Y,Y,Y,Y,,,REAR-LEFT-CORNER,,,,,,,,,,,,,,,,,,,,,,,,,,,,,,,,,
2124570,913a0b8f799296fc92db09dffcf5df07a2ed914adc6a5cd7b8cdac7507fca02bedbde740c92991d752f670f2c9889a33199526e31a61985e00941c694413a179,08/08/2025 10:57:00 PM,1,BICYCLE,,,,,,,,,,,,,,,,,,,,,,,,,,,,,,,,,,,,,,,,,,,,,,,,,,,,,,,,,,,,,,,,,,
2124588,913a0b8f799296fc92db09dffcf5df07a2ed914adc6a5cd7b8cdac7507fca02bedbde740c92991d752f670f2c9889a33199526e31a61985e00941c694413a179,08/08/2025 10:57:00 PM,2,DRIVER,1,2025369,,FORD,EXPLORER,IL,2025,NONE,PASSENGER,POLICE,N,TURNING RIGHT,,,2,,,,,Y,,,,,,,,,,,,,FRONT-RIGHT-CORNER,,,,,,,,,,,,,,,,,,,,,,,,,,,,,,,,,
2124608,d46ea7b9b313e19b020f88aed7b6ae679d02a830629fa67734e51fae0f343d86bb8bfbd63719fee389d590c49439e94d937d611a9090f312e4ed429da24da47f,08/08/2025 10:54:00 PM,1,DRIVER,,2025394,,UNKNOWN,ENGINE,IL,,UNKNOWN,UNKNOWN/NA,UNKNOWN/NA,UNKNOWN,UNKNOWN/NA,,,1,,,,,,,,,,,,,,,,,Y,UNKNOWN,,,,,,,,,,,,,,,,,,,,,,,,,,,,,,,,,
2124621,d46ea7b9b313e19b020f88aed7b6ae679d02a830629fa67734e51fae0f343d86bb8bfbd63719fee389d590c49439e94d937d611a9090f312e4ed429da24da47f,08/08/2025 10:54:00 PM,2,PEDESTRIAN,,,,,,,,,,,,,,,,,,,,,,,,,,,,,,,,,,,,,,,,,,,,,,,,,,,,,,,,,,,,,,,,,,
2124558,febe3d284ada557929d2e45803640453c0d78640824d61a7868a4580cfba956508490289000259e382eeec704195e7b71055c8bf00948ed5ca9b9629c642afeb,08/08/2025 10:53:00 PM,1,DRIVER,,2025351,,CHEVROLET,TRAX,IL,2019,NONE,PASSENGER,PERSONAL,S,STRAIGHT AHEAD,,,1,,,,,Y,,,,,,,,,,Y,Y,,FRONT,,,,,,,,,,,,,,,,,,,,,,,,,,,,,,,,,
2124559,febe3d284ada557929d2e45803640453c0d78640824d61a7868a4580cfba956508490289000259e382eeec704195e7b71055c8bf00948ed5ca9b9629c642afeb,08/08/2025 10:53:00 PM,2,DRIVER,,2025364,,TOYOTA,CAMRY,IL,2014,NONE,PASSENGER,PERSONAL,E,STRAIGHT AHEAD,Y,,1,,RESCUE TOWING & RECOVERY,4626 W CORNELIA,,,,,,,,,Y,Y,Y,,,,SIDE-LEFT,,,,,,,,,,,,,,,,,,,,,,,,,,,,,,,,,
2124580,818f0b8fec9ef2fbc0a3f2580ef5bb763320c9da51d4c97e6d2d6dd1d996cac8b53e2df394d40eadd45048a17460de73d74a2ae55b764bd6ffd29b3f0f489152,08/08/2025 10:47:00 PM,1,DRIVER,,2025365,,KIA,SOUL,IL,2020,UNKNOWN,PASSENGER,UNKNOWN/NA,E,STRAIGHT AHEAD,,,1,,,,,,,,,,,,,,,,,Y,FRONT-RIGHT-CORNER,,,,,,,,,,,,,,,,,,,,,,,,,,,,,,,,,
2124581,818f0b8fec9ef2fbc0a3f2580ef5bb763320c9da51d4c97e6d2d6dd1d996cac8b53e2df394d40eadd45048a17460de73d74a2ae55b764bd6ffd29b3f0f489152,08/08/2025 10:47:00 PM,2,DRIVER,1,2025381,,JEEP,CHEROKEE,IL,2015,UNKNOWN,PASSENGER,PERSONAL,W,LEAVING TRAFFIC LANE TO PARK,,,2,,,,,,,,,,,,,Y,Y,Y,,,SIDE-LEFT,,,,,,,,,,,,,,,,,,,,,,,,,,,,,,,,,
2124560,a4118ab9701a621cb0a8163e5a0fb8e446ec3e07226d70d4499cf493c3d9eb63115ef5dabe7f244340302a7188d55d518781a6f2a7ddccadc77fc7bdfc04469b,08/08/2025 10:40:00 PM,1,DRIVER,,2025352,,MITSUBISHI,OUTLANDER,IL,2010,TIRES,PASSENGER,PERSONAL,W,STRAIGHT AHEAD,Y,,1,,PERSONAL TOW,,,Y,Y,Y,,,,,,,,,,,FRONT-RIGHT-CORNER,,,,,,,,,,,,,,,,,,,,,,,,,,,,,,,,,
2124561,a4118ab9701a621cb0a8163e5a0fb8e446ec3e07226d70d4499cf493c3d9eb63115ef5dabe7f244340302a7188d55d518781a6f2a7ddccadc77fc7bdfc04469b,08/08/2025 10:40:00 PM,2,PARKED,,2025356,,CHEVROLET,OTHER (EXPLAIN IN NARRATIVE),IL,2014,NONE,PASSENGER,PERSONAL,W,PARKED,,,0,,,,,,,,,,,Y,Y,Y,Y,Y,,,NONE,,,,,,,,,,,,,,,,,,,,,,,,,,,,,,,,,
2127854,21805a8e6f43cd7122a36b977e3958136398da537cc1663565c94263a068b4e1251a9f24df4e442a47964ce6411439c02bb39519d0a2ebb6ce1f5d1c75b5ec67,08/08/2025 10:30:00 PM,1,DRIVER,,2028475,,NISSAN,ROGUE,IL,2012,UNKNOWN,SPORT UTILITY VEHICLE (SUV),UNKNOWN/NA,N,STRAIGHT AHEAD,,,1,,,,,,,,,,,,,,,,Y,,FRONT,,,,,,,,,,,,,,,,,,,,,,,,,,,,,,,,,
2127855,21805a8e6f43cd7122a36b977e3958136398da537cc1663565c94263a068b4e1251a9f24df4e442a47964ce6411439c02bb39519d0a2ebb6ce1f5d1c75b5ec67,08/08/2025 10:30:00 PM,2,DRIVER,,2028480,,HYUNDAI,ELANTRA,IL,2024,UNKNOWN,PASSENGER,UNKNOWN/NA,N,SLOW/STOP IN TRAFFIC,,,1,,,,,,,,,,Y,,,,,,,,REAR,,,,,,,,,,,,,,,,,,,,,,,,,,,,,,,,,
2124564,4f5c59ed4877b27b2127f49e272eb394f24588af91d49446af97efa40c28bab3d576c91a7e4d56879b91e19be820a50eb390a1380211d501f18cb8ff7bf538b3,08/08/2025 10:29:00 PM,1,DRIVER,1,2025353,,CHEVROLET,IMPALA,IL,2008,UNKNOWN,PASSENGER,PERSONAL,W,STRAIGHT AHEAD,,,2,,,,,,,,,,,,,,,,,Y,FRONT,,,,,,,,,,,,,,,,,,,,,,,,,,,,,,,,,
2124565,4f5c59ed4877b27b2127f49e272eb394f24588af91d49446af97efa40c28bab3d576c91a7e4d56879b91e19be820a50eb390a1380211d501f18cb8ff7bf538b3,08/08/2025 10:29:00 PM,2,DRIVER,1,2025360,,NISSAN,ROGUE,IL,2022,UNKNOWN,SPORT UTILITY VEHICLE (SUV),PERSONAL,W,STRAIGHT AHEAD,,,2,,,,,,,,,Y,Y,Y,,,,,,Y,REAR,,,,,,,,,,,,,,,,,,,,,,,,,,,,,,,,,
2124637,1ce0c58c45926aebf921d45ebdc71cc7e324b24cb576999733f6d71b1f14c4eb6404b31c348111c4d18fe0baf5af3474fa7b25c7de78bf3e123edb4cd36f0578,08/08/2025 10:17:00 PM,1,DRIVER,2,2025420,,MASERATI,GHIBLI,IL,2018,UNKNOWN,PASSENGER,PERSONAL,W,STRAIGHT AHEAD,Y,,3,,CITY OF CHICAGO,6,,Y,Y,Y,,,,,,Y,Y,Y,Y,,FRONT,,,,,,,,,,,,,,,,,,,,,,,,,,,,,,,,,
2124638,1ce0c58c45926aebf921d45ebdc71cc7e324b24cb576999733f6d71b1f14c4eb6404b31c348111c4d18fe0baf5af3474fa7b25c7de78bf3e123edb4cd36f0578,08/08/2025 10:17:00 PM,2,DRIVER,2,2025423,,KIA,SPORTAGE,FL,2022,NONE,PASSENGER,PERSONAL,W,STRAIGHT AHEAD,Y,,3,,,,,,,,,Y,Y,Y,Y,,,,,,REAR,,,,,,,,,,,,,,,,,,,,,,,,,,,,,,,,,
2124639,1ce0c58c45926aebf921d45ebdc71cc7e324b24cb576999733f6d71b1f14c4eb6404b31c348111c4d18fe0baf5af3474fa7b25c7de78bf3e123edb4cd36f0578,08/08/2025 10:17:00 PM,3,DRIVER,1,2025428,,AUDI,Q5,IL,2018,UNKNOWN,SPORT UTILITY VEHICLE (SUV),PERSONAL,E,STRAIGHT AHEAD,Y,,2,,CITY OF CHICAGO,6,,Y,Y,Y,,,,,,Y,Y,Y,Y,,FRONT-LEFT-CORNER,,,,,,,,,,,,,,,,,,,,,,,,,,,,,,,,,
2124640,1ce0c58c45926aebf921d45ebdc71cc7e324b24cb576999733f6d71b1f14c4eb6404b31c348111c4d18fe0baf5af3474fa7b25c7de78bf3e123edb4cd36f0578,08/08/2025 10:17:00 PM,4,PARKED,,2025435,,INFINITI,G37,IL,2012,UNKNOWN,PASSENGER,PERSONAL,E,PARKED,,,0,,,,,,,,,,,Y,Y,Y,,,,,SIDE-LEFT-REAR,,,,,,,,,,,,,,,,,,,,,,,,,,,,,,,,,
2124641,1ce0c58c45926aebf921d45ebdc71cc7e324b24cb576999733f6d71b1f14c4eb6404b31c348111c4d18fe0baf5af3474fa7b25c7de78bf3e123edb4cd36f0578,08/08/2025 10:17:00 PM,5,PARKED,,2025442,,CHEVROLET,SILVERADO,IL,2019,UNKNOWN,PICKUP,PERSONAL,E,PARKED,,,0,,,,,,,,,,,,Y,Y,Y,Y,Y,,SIDE-LEFT,,,,,,,,,,,,,,,,,,,,,,,,,,,,,,,,,
2124549,c3e859b3cdc5cb7f6e3c11a35dff1e2bf6bc5e4164963c5dd41d71b6571e737b8c799723044c6aa819db75f24fc6d0e1a168ccff99bf9625d1680f917b15d9fb,08/08/2025 10:17:00 PM,1,DRIVER,,2025342,,NISSAN,SENTRA,IL,2019,UNKNOWN,PASSENGER,PERSONAL,N,STRAIGHT AHEAD,,,1,,,,,Y,Y,Y,Y,Y,,,,,,,,,SIDE-RIGHT-FRONT,,,,,,,,,,,,,,,,,,,,,,,,,,,,,,,,,
2124550,c3e859b3cdc5cb7f6e3c11a35dff1e2bf6bc5e4164963c5dd41d71b6571e737b8c799723044c6aa819db75f24fc6d0e1a168ccff99bf9625d1680f917b15d9fb,08/08/2025 10:17:00 PM,2,PARKED,,2025344,,TOYOTA,CAMRY,IL,2012,NONE,PASSENGER,OTHER,N,PARKED,,,0,,,,,,,,,,,Y,Y,Y,Y,Y,,,SIDE-LEFT,,,,,,,,,,,,,,,,,,,,,,,,,,,,,,,,,
2124596,72dc592db270bb6f0da6149b5aabfa7b6fc2e9cc0d1fdf279ae8134ff7839c25bdb3a22c9205ce2227e37561bc55f91cf3916926f69ee4742161da76b33aae20,08/08/2025 10:10:00 PM,1,DRIVER,,2025379,,ALFA ROMEO,OTHER (EXPLAIN IN NARRATIVE),IL,2018,UNKNOWN,SPORT UTILITY VEHICLE (SUV),UNKNOWN/NA,S,PASSING/OVERTAKING,,,1,,,,,,,,,,,Y,,,,,,,REAR-LEFT-CORNER,,,,,,,,,,,,,,,,,,,,,,,,,,,,,,,,,
2124597,72dc592db270bb6f0da6149b5aabfa7b6fc2e9cc0d1fdf279ae8134ff7839c25bdb3a22c9205ce2227e37561bc55f91cf3916926f69ee4742161da76b33aae20,08/08/2025 10:10:00 PM,2,DRIVER,,2025385,,VOLVO,TRUCK,IL,2016,NONE,TRACTOR W/ SEMI-TRAILER,OTHER,W,TURNING RIGHT,,,1,,,,,Y,,,,,,,,,,,,,FRONT-RIGHT-CORNER,,,,,,,,,,,,,,,,,,,,,,,,,,,,,,,,,
2124813,7c1d28df70770aeda40d5baeca2c80d1f3dddc6dead917c2fb2e02b251b91afb8fb3f8a9526740034f7ade865ae0537d7f24d13c5506fbd4cd5a5006ac570138,08/08/2025 10:05:00 PM,1,DRIVER,,2025588,,UNKNOWN,OTHER (EXPLAIN IN NARRATIVE),,,UNKNOWN,PASSENGER,PERSONAL,W,STRAIGHT AHEAD,,,1,,,,,Y,,,,,,,,,,,Y,,FRONT-RIGHT-CORNER,,,,,,,,,,,,,,,,,,,,,,,,,,,,,,,,,
2124814,7c1d28df70770aeda40d5baeca2c80d1f3dddc6dead917c2fb2e02b251b91afb8fb3f8a9526740034f7ade865ae0537d7f24d13c5506fbd4cd5a5006ac570138,08/08/2025 10:05:00 PM,2,DRIVER,1,2025594,,KIA,SORENTO,IL,2021,NONE,SPORT UTILITY VEHICLE (SUV),PERSONAL,S,STRAIGHT AHEAD,,,2,,,,,,,,,,,,,,,Y,Y,,FRONT-LEFT-CORNER,,,,,,,,,,,,,,,,,,,,,,,,,,,,,,,,,
2128627,2ffd1f0337755f8bdc26f99b39d979bed48a21ae0f9608f3f1e47527f2ec633fb1fa5ee9421b36e65f20a9ac92ef75fa38f7e9591dddd417a28a752fd5c5d063,08/08/2025 10:00:00 PM,1,DRIVER,,2029211,,UNKNOWN,OTHER (EXPLAIN IN NARRATIVE),IL,,UNKNOWN,UNKNOWN/NA,UNKNOWN/NA,UNKNOWN,UNKNOWN/NA,,,1,,,,,,,,,,,,,,,,,Y,UNKNOWN,,,,,,,,,,,,,,,,,,,,,,,,,,,,,,,,,
2128628,2ffd1f0337755f8bdc26f99b39d979bed48a21ae0f9608f3f1e47527f2ec633fb1fa5ee9421b36e65f20a9ac92ef75fa38f7e9591dddd417a28a752fd5c5d063,08/08/2025 10:00:00 PM,2,PARKED,,2029200,,MAZDA,MAZDA3,IL,2009,NONE,PASSENGER,PERSONAL,E,PARKED,,,0,,,,,,N,Y,,,,,,,,,,,SIDE-RIGHT,,,,,,,,,,,,,,,,,,,,,,,,,,,,,,,,,
2125588,4c923b9e60c10476787e5a63465197f68219e9a6ef310fbfce970089862b7431caad1837cd41f92d3f3010a726770d5a686772debfe332eb7f3e020ea3968dc9,08/08/2025 10:00:00 PM,1,DRIVER,,2026326,,GENERAL MOTORS CORPORATION (GMC),TERRAIN,,2011,NONE,SPORT UTILITY VEHICLE (SUV),PERSONAL,E,STRAIGHT AHEAD,,,1,,,,,,,,,,,,,,,,Y,,FRONT,,,,,,,,,,,,,,,,,,,,,,,,,,,,,,,,,
2125589,4c923b9e60c10476787e5a63465197f68219e9a6ef310fbfce970089862b7431caad1837cd41f92d3f3010a726770d5a686772debfe332eb7f3e020ea3968dc9,08/08/2025 10:00:00 PM,2,DRIVER,,2026327,,HONDA,PILOT,,2018,NONE,SPORT UTILITY VEHICLE (SUV),PERSONAL,E,STRAIGHT AHEAD,,,1,,,,,,,,,,Y,,,,,,,,REAR,,,,,,,,,,,,,,,,,,,,,,,,,,,,,,,,,
2124547,8e0cd74d7349be2bd4f94c92db221a33b964525a8d9af5a02e92496de6e335e5c9999045ece25d9b8a58479c049e89ce7a4d1b0b8071cc2f732277e83df456f4,08/08/2025 10:00:00 PM,1,DRIVER,1,2025338,,HONDA,CR-V,IL,2015,NONE,SPORT UTILITY VEHICLE (SUV),PERSONAL,N,OTHER,,,2,,,,,Y,Y,,,,,,,,,,,,FRONT-RIGHT-CORNER,,,,,,,,,,,,,,,,,,,,,,,,,,,,,,,,,
2124548,8e0cd74d7349be2bd4f94c92db221a33b964525a8d9af5a02e92496de6e335e5c9999045ece25d9b8a58479c049e89ce7a4d1b0b8071cc2f732277e83df456f4,08/08/2025 10:00:00 PM,2,DRIVER,,2025341,,TOYOTA,PRIUS,IL,2014,UNKNOWN,PASSENGER,UNKNOWN/NA,N,STRAIGHT AHEAD,,,1,,,,,,,,,,,,,,,,,,SIDE-LEFT,,,,,,,,,,,,,,,,,,,,,,,,,,,,,,,,,
2124545,922513c211c2e200a699446397c869586c6ca75925902741d76dcd755a274f28366e58093cf5eec34fdfd84c9425655fd162c9f9f5335a14b583395d9b66b38f,08/08/2025 09:57:00 PM,1,DRIVER,,2025330,,TOYOTA,CAMRY,IL,2013,NONE,PASSENGER,PERSONAL,W,STRAIGHT AHEAD,,,1,,,,,,,,,,,,,,,,Y,,FRONT,,,,,,,,,,,,,,,,,,,,,,,,,,,,,,,,,
2124546,922513c211c2e200a699446397c869586c6ca75925902741d76dcd755a274f28366e58093cf5eec34fdfd84c9425655fd162c9f9f5335a14b583395d9b66b38f,08/08/2025 09:57:00 PM,2,DRIVER,,2025334,,VOLVO,XC90,IL,2017,NONE,PASSENGER,PERSONAL,N,STRAIGHT AHEAD,,,1,,,,,Y,Y,Y,,,,,,,,,Y,,FRONT,,,,,,,,,,,,,,,,,,,,,,,,,,,,,,,,,