CRASH_UNIT_ID,CRASH_RECORD_ID,CRASH_DATE,UNIT_NO,UNIT_TYPE,NUM_PASSENGERS,VEHICLE_ID,CMRC_VEH_I,MAKE,MODEL,LIC_PLATE_STATE,VEHICLE_YEAR,VEHICLE_DEFECT,VEHICLE_TYPE,VEHICLE_USE,TRAVEL_DIRECTION,MANEUVER,TOWED_I,FIRE_I,OCCUPANT_CNT,EXCEED_SPEED_LIMIT_I,TOWED_BY,TOWED_TO,AREA_00_I,AREA_01_I,AREA_02_I,AREA_03_I,AREA_04_I,AREA_05_I,AREA_06_I,AREA_07_I,AREA_08_I,AREA_09_I,AREA_10_I,AREA_11_I,AREA_12_I,AREA_99_I,FIRST_CONTACT_POINT,CMV_ID,USDOT_NO,CCMC_NO,ILCC_NO,COMMERCIAL_SRC,GVWR,CARRIER_NAME,CARRIER_STATE,CARRIER_CITY,HAZMAT_PLACARDS_I,HAZMAT_NAME,UN_NO,HAZMAT_PRESENT_I,HAZMAT_REPORT_I,HAZMAT_REPORT_NO,MCS_REPORT_I,MCS_REPORT_NO,HAZMAT_VIO_CAUSE_CRASH_I,MCS_VIO_CAUSE_CRASH_I,IDOT_PERMIT_NO,WIDE_LOAD_I,TRAILER1_WIDTH,TRAILER2_WIDTH,TRAILER1_LENGTH,TRAILER2_LENGTH,TOTAL_VEHICLE_LENGTH,AXLE_CNT,VEHICLE_CONFIG,CARGO_BODY_TYPE,LOAD_TYPE,HAZMAT_OUT_OF_SERVICE_I,MCS_OUT_OF_SERVICE_I,HAZMAT_CLASS
2124629,1e7b225acf2d250771385bc60c28e3a2197b78fdc80cc3279a15135f351278f7ebbbf70c0b4d06a13637add362d60e0c2378ed6b3b5406b6ef3e5feaab47dc98,08/08/2025 09:51:00 PM,1,DRIVER,1,2025417,,FORD,ESCAPE,IN,2007,UNKNOWN,SPORT UTILITY VEHICLE (SUV),UNKNOWN/NA,S,STRAIGHT AHEAD,,,2,,,,,Y,Y,,,,,,,,Y,Y,Y,,FRONT,,,,,,,,,,,,,,,,,,,,,,,,,,,,,,,,,
2124630,1e7b225acf2d250771385bc60c28e3a2197b78fdc80cc3279a15135f351278f7ebbbf70c0b4d06a13637add362d60e0c2378ed6b3b5406b6ef3e5feaab47dc98,08/08/2025 09:51:00 PM,2,DRIVER,4,2025422,,TOYOTA,PRIUS,IL,2017,UNKNOWN,PASSENGER,TAXI/FOR HIRE,S,SLOW/STOP IN TRAFFIC,,,5,,,,,N,N,,N,N,N,,N,,N,N,N,,REAR,,,,,,,,,,,,,,,,,,,,,,,,,,,,,,,,,
2124631,1e7b225acf2d250771385bc60c28e3a2197b78fdc80cc3279a15135f351278f7ebbbf70c0b4d06a13637add362d60e0c2378ed6b3b5406b6ef3e5feaab47dc98,08/08/2025 09:51:00 PM,3,DRIVER,1,2025437,,HONDA,CIVIC,IN,2011,UNKNOWN,PASSENGER,UNKNOWN/NA,S,SLOW/STOP IN TRAFFIC,,,2,,,,,,,,,Y,Y,Y,,,,,,,REAR,,,,,,,,,,,,,,,,,,,,,,,,,,,,,,,,,
2124632,1e7b225acf2d250771385bc60c28e3a2197b78fdc80cc3279a15135f351278f7ebbbf70c0b4d06a13637add362d60e0c2378ed6b3b5406b6ef3e5feaab47dc98,08/08/2025 09:51:00 PM,4,DRIVER,,2025444,,HYUNDAI,ELANTRA,IL,2018,UNKNOWN,PASSENGER,UNKNOWN/NA,S,SLOW/STOP IN TRAFFIC,,,1,,,,,,,,,Y,Y,Y,,,,,,,REAR,,,,,,,,,,,,,,,,,,,,,,,,,,,,,,,,,
2125551,9d9f4c5afeae0da89bf98489a4005519b80ca944ff6e904fa7ac3029a5160a80e3599c1161edba1852972131b7d1b869eb92db137ad766da2817265bfaf4f21d,08/08/2025 09:49:00 PM,1,DRIVER,,2026285,,SUBARU,OTHER (EXPLAIN IN NARRATIVE),IL,2009,NONE,OTHER,PERSONAL,S,STRAIGHT AHEAD,,,1,,,,,,,,,,,,,,,,N,N,FRONT,,,,,,,,,,,,,,,,,,,,,,,,,,,,,,,,,
2125552,9d9f4c5afeae0da89bf98489a4005519b80ca944ff6e904fa7ac3029a5160a80e3599c1161edba1852972131b7d1b869eb92db137ad766da2817265bfaf4f21d,08/08/2025 09:49:00 PM,2,PARKED,,2026284,,TESLA,MODEL 3,IL,2025,NONE,PASSENGER,PERSONAL,S,PARKED,,,0,,,,,,,,,,,Y,,,,,,,REAR-LEFT-CORNER,,,,,,,,,,,,,,,,,,,,,,,,,,,,,,,,,
2124541,7bf6ee70665c24d030ea448b8be15444abcdf603865b15dcaa0c4af965e8daa48b1e07cb75e09a7df34ebe6717f0abd61fc0a3e985cd02cfc524c0a2edafd1fe,08/08/2025 09:48:00 PM,1,DRIVER,,2025332,,FORD,F150,IL,2010,NONE,TRUCK - SINGLE UNIT,PERSONAL,W,MERGING,,,1,,,,,Y,Y,,,,,,,,,,,,SIDE-RIGHT,,,,,,,,,,,,,,,,,,,,,,,,,,,,,,,,,
2124542,7bf6ee70665c24d030ea448b8be15444abcdf603865b15dcaa0c4af965e8daa48b1e07cb75e09a7df34ebe6717f0abd61fc0a3e985cd02cfc524c0a2edafd1fe,08/08/2025 09:48:00 PM,2,DRIVER,,2025335,,TOYOTA,4RUNNER,IL,2015,NONE,SPORT UTILITY VEHICLE (SUV),PERSONAL,W,STRAIGHT AHEAD,,,1,,,,,,,,,,,Y,Y,Y,,,,,SIDE-LEFT,,,,,,,,,,,,,,,,,,,,,,,,,,,,,,,,,
2124543,a64096c0525789faffc45c41aad0edaec8daefb2db983e51c0abcdeab8f72a99d6d00931831401e503f594d9090feebe6bfa0a66a518918e4fe31113121748b0,08/08/2025 09:44:00 PM,1,DRIVER,1,2025329,,NISSAN,ALTIMA,IN,2018,UNKNOWN,PASSENGER,RIDESHARE SERVICE,W,SLOW/STOP IN TRAFFIC,,,2,,,,,,,,,,Y,,,,,,,,REAR,,,,,,,,,,,,,,,,,,,,,,,,,,,,,,,,,
2124544,a64096c0525789faffc45c41aad0edaec8daefb2db983e51c0abcdeab8f72a99d6d00931831401e503f594d9090feebe6bfa0a66a518918e4fe31113121748b0,08/08/2025 09:44:00 PM,2,DRIVER,,2025337,,HYUNDAI,OTHER (EXPLAIN IN NARRATIVE),IL,2021,UNKNOWN,UNKNOWN/NA,UNKNOWN/NA,W,SLOW/STOP IN TRAFFIC,,,1,,,,,,,,,,,,,,,,,Y,FRONT,,,,,,,,,,,,,,,,,,,,,,,,,,,,,,,,,
2124882,552203613742b18c703b0b156363bc5047c603113217a799376cb046ad01f9a68cc3cdeb22576aeda3fb526793078703730ab6b49658f0b738b051a9087f25e6,08/08/2025 09:40:00 PM,1,DRIVER,,2025679,,KIA,OTHER (EXPLAIN IN NARRATIVE),IL,2012,NONE,PASSENGER,PERSONAL,S,STRAIGHT AHEAD,,,1,,,,,,,,,,,,,,,,,,FRONT,,,,,,,,,,,,,,,,,,,,,,,,,,,,,,,,,
2124883,552203613742b18c703b0b156363bc5047c603113217a799376cb046ad01f9a68cc3cdeb22576aeda3fb526793078703730ab6b49658f0b738b051a9087f25e6,08/08/2025 09:40:00 PM,2,DRIVER,,2025660,,CHEVROLET,CRUZE,IL,2015,NONE,PASSENGER,PERSONAL,S,SLOW/STOP IN TRAFFIC,,,1,,,,,,,,Y,Y,Y,Y,Y,,,,,,REAR,,,,,,,,,,,,,,,,,,,,,,,,,,,,,,,,,
2124539,8f3f9726c4fa6df4386cea5fcf91c2c95a31fbd032ea702d9a49250e9fc98efdf4fd82896747ed9b230873c647ee4d3cc1901d15c1789ed44c265dd48b974c41,08/08/2025 09:32:00 PM,1,DRIVER,,2025327,,FORD,EXPEDITION,IN,2025,NONE,PASSENGER,OTHER,N,BACKING,,,1,,,,,,,,Y,Y,,,,,,,,,REAR-RIGHT-CORNER,,,,,,,,,,,,,,,,,,,,,,,,,,,,,,,,,
2124540,8f3f9726c4fa6df4386cea5fcf91c2c95a31fbd032ea702d9a49250e9fc98efdf4fd82896747ed9b230873c647ee4d3cc1901d15c1789ed44c265dd48b974c41,08/08/2025 09:32:00 PM,2,PARKED,1,2025331,,TOYOTA,COROLLA,IL,2010,NONE,PASSENGER,NOT IN USE,S,PARKED,,,1,,,,,,,,,,,Y,Y,Y,,,,,SIDE-LEFT,,,,,,,,,,,,,,,,,,,,,,,,,,,,,,,,,
2125126,39804400da887b7046f0a17e0ea0082186fc6cf96314fe20c6b3cee6cbb0799d8150b8a13ef29377ce12f9f3c126ae574031a385a48d78cb8e7a2820c6c45c45,08/08/2025 09:30:00 PM,1,DRIVER,,2025882,,CHEVROLET,IMPALA,IL,2010,NONE,PASSENGER,UNKNOWN/NA,E,STRAIGHT AHEAD,,,1,,,,,,,,,,,,,,,,Y,,FRONT,,,,,,,,,,,,,,,,,,,,,,,,,,,,,,,,,
2125127,39804400da887b7046f0a17e0ea0082186fc6cf96314fe20c6b3cee6cbb0799d8150b8a13ef29377ce12f9f3c126ae574031a385a48d78cb8e7a2820c6c45c45,08/08/2025 09:30:00 PM,2,DRIVER,,2025886,,MAZDA,CX-5,IL,2016,NONE,PASSENGER,PERSONAL,E,SLOW/STOP IN TRAFFIC,,,1,,,,,,,,,,Y,,,,,,,,REAR,,,,,,,,,,,,,,,,,,,,,,,,,,,,,,,,,
2124537,593c20171b3075f05dc01ce2c36431b0fdd4b3a6f64927a5c9e6a3e781dfb53d15f8252cca5cec444259ac57cdd19c6d400edb830657c31fea9a22b744208599,08/08/2025 09:30:00 PM,1,DRIVER,,2025324,,CHRYSLER,300,IL,2014,UNKNOWN,PASSENGER,UNKNOWN/NA,N,STRAIGHT AHEAD,,,1,,,,,,,,,,,,,,,Y,,,FRONT-LEFT-CORNER,,,,,,,,,,,,,,,,,,,,,,,,,,,,,,,,,
2124538,593c20171b3075f05dc01ce2c36431b0fdd4b3a6f64927a5c9e6a3e781dfb53d15f8252cca5cec444259ac57cdd19c6d400edb830657c31fea9a22b744208599,08/08/2025 09:30:00 PM,2,DRIVER,,2025328,,NISSAN,SENTRA,NY,2024,UNKNOWN,PASSENGER,UNKNOWN/NA,N,STRAIGHT AHEAD,,,1,,,,,,Y,Y,Y,,,,,,,,,,SIDE-RIGHT,,,,,,,,,,,,,,,,,,,,,,,,,,,,,,,,,
2126209,8aae2f9dd02a6e81130a624f6b7b33ec36769fe2374a24f78123c1a63438ae0aba50a8884125fdd2fea012928cb56c702d8e30463ec9e6ed98628250d376eed2,08/08/2025 09:30:00 PM,1,DRIVER,1,2026916,,GENERAL MOTORS CORPORATION (GMC),ACADIA,IL,2008,UNKNOWN,SPORT UTILITY VEHICLE (SUV),PERSONAL,W,SLOW/STOP IN TRAFFIC,,,2,,,,,,,,,,,,,Y,,,,,SIDE-LEFT,,,,,,,,,,,,,,,,,,,,,,,,,,,,,,,,,
2126210,8aae2f9dd02a6e81130a624f6b7b33ec36769fe2374a24f78123c1a63438ae0aba50a8884125fdd2fea012928cb56c702d8e30463ec9e6ed98628250d376eed2,08/08/2025 09:30:00 PM,2,DRIVER,1,2026937,,KIA,SORENTO,IL,2020,NONE,SPORT UTILITY VEHICLE (SUV),PERSONAL,W,STRAIGHT AHEAD,,,2,,,,,,,,Y,Y,,,,,,,,,SIDE-RIGHT,,,,,,,,,,,,,,,,,,,,,,,,,,,,,,,,,
2124574,9402e8905fc268c3090cd6466da67d5bcbaff67c821076187c63b7fe66d2e835ebf77e8b14520cf919b8c4e7b79341448701a7fccc08b116f334d28b2a9a1f81,08/08/2025 09:30:00 PM,1,DRIVER,,2025357,,JEEP,CHEROKEE,,,UNKNOWN,UNKNOWN/NA,UNKNOWN/NA,S,UNKNOWN/NA,,,1,,,,,,,,,,,,,,,,,Y,UNKNOWN,,,,,,,,,,,,,,,,,,,,,,,,,,,,,,,,,
2124575,9402e8905fc268c3090cd6466da67d5bcbaff67c821076187c63b7fe66d2e835ebf77e8b14520cf919b8c4e7b79341448701a7fccc08b116f334d28b2a9a1f81,08/08/2025 09:30:00 PM,2,PARKED,,2025361,,SUBARU,WRX,IL,2017,UNKNOWN,PASSENGER,PERSONAL,UNKNOWN,PARKED,Y,,0,,PRIVATE,,,,,,,,,Y,Y,Y,Y,Y,,,FRONT-LEFT-CORNER,,,,,,,,,,,,,,,,,,,,,,,,,,,,,,,,,
2124527,c9b57ba7ac62cdfdce2157640a2a4854279839c60e7bba6e9332f9d2189506a8657cc26a61ef7491053b766a71db0bdb2df06ff2cb96d95eaaeea388481fb4f2,08/08/2025 09:30:00 PM,1,DRIVER,,2025314,,NISSAN,SENTRA,IL,2017,UNKNOWN,PASSENGER,PERSONAL,E,BACKING,,,1,,,,,,,,,,,,,,,,,Y,REAR,,,,,,,,,,,,,,,,,,,,,,,,,,,,,,,,,
2124528,c9b57ba7ac62cdfdce2157640a2a4854279839c60e7bba6e9332f9d2189506a8657cc26a61ef7491053b766a71db0bdb2df06ff2cb96d95eaaeea388481fb4f2,08/08/2025 09:30:00 PM,2,PARKED,1,2025318,,CADILLAC,SRX,IL,2015,NONE,PASSENGER,PERSONAL,S,PARKED,,,1,,,,,,Y,Y,Y,,,,,,,,,,SIDE-RIGHT,,,,,,,,,,,,,,,,,,,,,,,,,,,,,,,,,
2124611,d2f40b21253340de39886f07101cd0c397b3a9d68f984e91ee84869f9ef5a735f0388190215864c32ada9946beadb1ee2f7f3d9416b663e179f856b7e08577e5,08/08/2025 09:30:00 PM,1,DRIVER,1,2025398,,TOYOTA,RAV4,IL,2025,UNKNOWN,PASSENGER,PERSONAL,N,PASSING/OVERTAKING,,,2,,,,,Y,Y,Y,Y,Y,,,,,,Y,,,FRONT-RIGHT-CORNER,,,,,,,,,,,,,,,,,,,,,,,,,,,,,,,,,
2124612,d2f40b21253340de39886f07101cd0c397b3a9d68f984e91ee84869f9ef5a735f0388190215864c32ada9946beadb1ee2f7f3d9416b663e179f856b7e08577e5,08/08/2025 09:30:00 PM,2,PARKED,,2025404,,FORD,F150,IL,2016,NONE,PASSENGER,NOT IN USE,N,PARKED,,,0,,,,,,,,,,,,,,Y,Y,,,FRONT-LEFT-CORNER,,,,,,,,,,,,,,,,,,,,,,,,,,,,,,,,,
2124613,d2f40b21253340de39886f07101cd0c397b3a9d68f984e91ee84869f9ef5a735f0388190215864c32ada9946beadb1ee2f7f3d9416b663e179f856b7e08577e5,08/08/2025 09:30:00 PM,3,PARKED,,2025405,,DODGE,JOURNEY,IL,2015,NONE,PASSENGER,NOT IN USE,N,PARKED,Y,,0,,GIECO,,,,,,,,,Y,Y,Y,Y,Y,,,REAR-LEFT-CORNER,,,,,,,,,,,,,,,,,,,,,,,,,,,,,,,,,
2124614,d2f40b21253340de39886f07101cd0c397b3a9d68f984e91ee84869f9ef5a735f0388190215864c32ada9946beadb1ee2f7f3d9416b663e179f856b7e08577e5,08/08/2025 09:30:00 PM,4,DRIVER,,2025408,,GENERAL MOTORS CORPORATION (GMC),TERRAIN,IL,2015,UNKNOWN,PASSENGER,NOT IN USE,N,BACKING,,,1,,,,,,,,,,,,,Y,Y,Y,,,FRONT-LEFT-CORNER,,,,,,,,,,,,,,,,,,,,,,,,,,,,,,,,,
2124572,6b33cf04e6c90edd7bbbab6b1e58647564e163cc36f7cf890a355cf077037b33b681cfde2b5a58db6a8b0080c79490b18665b3366124247f79bfc4b30a75c5f3,08/08/2025 09:26:00 PM,1,DRIVER,,2025359,,CADILLAC,OTHER (EXPLAIN IN NARRATIVE),,,UNKNOWN,UNKNOWN/NA,UNKNOWN/NA,E,PASSING/OVERTAKING,,,1,,,,,,,,,,,,,,,,,Y,SIDE-RIGHT,,,,,,,,,,,,,,,,,,,,,,,,,,,,,,,,,
2124573,6b33cf04e6c90edd7bbbab6b1e58647564e163cc36f7cf890a355cf077037b33b681cfde2b5a58db6a8b0080c79490b18665b3366124247f79bfc4b30a75c5f3,08/08/2025 09:26:00 PM,2,DRIVER,3,2025372,,"PACE AMERICAN, INC. (MIDDLEBURY, IN)","PACE AMERICAN, INC., MIDDLEBURY, IN",IL,,UNKNOWN,BUS OVER 15 PASS.,OTHER,E,STRAIGHT AHEAD,,,4,,,,,,,,,,,,,,,,,,SIDE-LEFT,,,,,,,,,,,,,,,,,,,,,,,,,,,,,,,,,
2124512,3f5f19890c89b7cc34117712603ed625135d6c0775cb2c27633454dc1f6f092d66954e8e34b8352b9b9d38bef89bca5a67284db8ab0beea7e48bb794c1abf485,08/08/2025 09:17:00 PM,1,DRIVER,,2025296,,TESLA,OTHER (EXPLAIN IN NARRATIVE),,,UNKNOWN,PASSENGER,PERSONAL,S,STRAIGHT AHEAD,,,1,,,,,,,,,,,,,,,,,Y,FRONT-LEFT-CORNER,,,,,,,,,,,,,,,,,,,,,,,,,,,,,,,,,
2124513,3f5f19890c89b7cc34117712603ed625135d6c0775cb2c27633454dc1f6f092d66954e8e34b8352b9b9d38bef89bca5a67284db8ab0beea7e48bb794c1abf485,08/08/2025 09:17:00 PM,2,DRIVER,,2025299,,FORD,OTHER (EXPLAIN IN NARRATIVE),IL,2012,NONE,PASSENGER,PERSONAL,N,STRAIGHT AHEAD,,,1,,,,,,,,,,,,Y,Y,Y,Y,,,SIDE-LEFT-FRONT,,,,,,,,,,,,,,,,,,,,,,,,,,,,,,,,,
2124531,08eeea358f3907fb9a188b8c6df113ed33a2f7454da34cae7f4812f891df0d3e97be641358b5aa48c193ab6f239ae12f4106a0ecc285cc5f3993c3ab56448e99,08/08/2025 09:00:00 PM,1,DRIVER,1,2025325,,HONDA,CIVIC,IL,2017,NONE,PASSENGER,PERSONAL,W,ENTERING TRAFFIC LANE FROM PARKING,Y,,2,,PRIVATE TOW,HOME,,,,,,,,,,,,Y,,,FRONT-LEFT-CORNER,,,,,,,,,,,,,,,,,,,,,,,,,,,,,,,,,
2124532,08eeea358f3907fb9a188b8c6df113ed33a2f7454da34cae7f4812f891df0d3e97be641358b5aa48c193ab6f239ae12f4106a0ecc285cc5f3993c3ab56448e99,08/08/2025 09:00:00 PM,2,DRIVER,,2025377,,KIA,SPORTAGE,IL,2025,NONE,SPORT UTILITY VEHICLE (SUV),PERSONAL,W,STRAIGHT AHEAD,,,1,,,,,Y,,,,,,,,,,N,,,FRONT-RIGHT-CORNER,,,,,,,,,,,,,,,,,,,,,,,,,,,,,,,,,
2124517,7d5f39ce521bef8d5cf31e3f69c312649cc946f1ceda82cb73ccf68008d62832218f486486b5faa24c25f955dda6a7a82ce0f31f459fec9b5e4bdb9349b51108,08/08/2025 09:00:00 PM,1,DRIVER,,2025307,,FORD,ESCAPE,IL,2014,NONE,PASSENGER,PERSONAL,N,STRAIGHT AHEAD,Y,,1,,private,,,Y,Y,,,,,,,,,,Y,,FRONT,,,,,,,,,,,,,,,,,,,,,,,,,,,,,,,,,
2124518,7d5f39ce521bef8d5cf31e3f69c312649cc946f1ceda82cb73ccf68008d62832218f486486b5faa24c25f955dda6a7a82ce0f31f459fec9b5e4bdb9349b51108,08/08/2025 09:00:00 PM,2,DRIVER,,2025311,,HYUNDAI,GENESIS,IL,2015,NONE,PASSENGER,PERSONAL,W,STRAIGHT AHEAD,,,1,,,,,,,,,,,,,,,Y,Y,,FRONT,,,,,,,,,,,,,,,,,,,,,,,,,,,,,,,,,
2124555,c710caad021e02718ee503152057bf2c43bcd18f78c9d53b5bce0d02ff9328012b3a8f46d3e7a992c41344eb5863414e6d285fa3738720bdd34fbf98da5ddc7c,08/08/2025 08:57:00 PM,1,DRIVER,1,2025350,,LINCOLN,MKT,IL,2010,UNKNOWN,PASSENGER,PERSONAL,E,OTHER,,,2,,,,,Y,Y,Y,Y,,,,,,,,,,SIDE-RIGHT,,,,,,,,,,,,,,,,,,,,,,,,,,,,,,,,,
2124556,c710caad021e02718ee503152057bf2c43bcd18f78c9d53b5bce0d02ff9328012b3a8f46d3e7a992c41344eb5863414e6d285fa3738720bdd34fbf98da5ddc7c,08/08/2025 08:57:00 PM,2,DRIVER,1,2025391,,JEEP,GRAND CHEROKEE,IL,2017,UNKNOWN,PASSENGER,PERSONAL,E,OTHER,,,2,,,,,,,,,,,,,,Y,Y,,,FRONT,,,,,,,,,,,,,,,,,,,,,,,,,,,,,,,,,
2124529,a5d6373dd0bab831687b8a5bc53db6dbd21ae7d86d5ed4a87e7588faa8ec94540288045abe220839881da8c336289d6aa412951fab0ccfce26eacbfe38115c0c,08/08/2025 08:53:00 PM,1,DRIVER,,2025317,,CHRYSLER,SEBRING,IL,2008,UNKNOWN,PASSENGER,PERSONAL,E,UNKNOWN/NA,N,,1,,,,,Y,Y,,,,,,,,Y,Y,Y,,FRONT,,,,,,,,,,,,,,,,,,,,,,,,,,,,,,,,,
2124530,a5d6373dd0bab831687b8a5bc53db6dbd21ae7d86d5ed4a87e7588faa8ec94540288045abe220839881da8c336289d6aa412951fab0ccfce26eacbfe38115c0c,08/08/2025 08:53:00 PM,2,PARKED,,2025319,,LAND ROVER,RANGE ROVER (EVOQUE / SPORT / VELAR),IL,2017,NONE,PASSENGER,PERSONAL,E,PARKED,N,,0,,,,,,,,,Y,Y,Y,,,,,,,REAR,,,,,,,,,,,,,,,,,,,,,,,,,,,,,,,,,
2124878,5174d1830fdd21500c02d1f6f273a89c4ade431a2f573279317ec923245fe6aa86edb09acd2004227a662850d875de1874bc60e259d9167cb6e1c2960a72217f,08/08/2025 08:52:00 PM,1,DRIVER,,2025666,,HYUNDAI,TUCSON,OH,2022,UNKNOWN,UNKNOWN/NA,UNKNOWN/NA,E,UNKNOWN/NA,,,1,,,,,,,,,,,,,,,,N,Y,FRONT,,,,,,,,,,,,,,,,,,,,,,,,,,,,,,,,,
2124879,5174d1830fdd21500c02d1f6f273a89c4ade431a2f573279317ec923245fe6aa86edb09acd2004227a662850d875de1874bc60e259d9167cb6e1c2960a72217f,08/08/2025 08:52:00 PM,2,DRIVER,,2025676,,TOYOTA,RAV4,IL,2020,UNKNOWN,PASSENGER,UNKNOWN/NA,N,UNKNOWN/NA,,,1,,,,,,,,,,,,,Y,Y,,,,SIDE-LEFT,,,,,,,,,,,,,,,,,,,,,,,,,,,,,,,,,
2124533,a68c11ec4f6ab4230658f1fe26698d54c5341d52d9e25d4c39b76de8fd7c9a0deaad48ecc5e2ebbb015d6025da17e18c09edad7580a1e0e7ee00492e320f9ded,08/08/2025 08:50:00 PM,1,DRIVER,1,2025326,,CHEVROLET,CRUZE,IL,2018,UNKNOWN,PASSENGER,PERSONAL,E,STRAIGHT AHEAD,Y,,2,,CITY OF CHICAGO,CITY POUND,,Y,,,,Y,Y,Y,,,,Y,Y,,FRONT,,,,,,,,,,,,,,,,,,,,,,,,,,,,,,,,,
2124534,a68c11ec4f6ab4230658f1fe26698d54c5341d52d9e25d4c39b76de8fd7c9a0deaad48ecc5e2ebbb015d6025da17e18c09edad7580a1e0e7ee00492e320f9ded,08/08/2025 08:50:00 PM,2,DRIVER,1,2025340,,DODGE,CHARGER,IL,1972,UNKNOWN,PASSENGER,PERSONAL,E,STRAIGHT AHEAD,,,2,,,,,Y,,,,Y,Y,Y,,,,Y,Y,,REAR,,,,,,,,,,,,,,,,,,,,,,,,,,,,,,,,,
2124535,a68c11ec4f6ab4230658f1fe26698d54c5341d52d9e25d4c39b76de8fd7c9a0deaad48ecc5e2ebbb015d6025da17e18c09edad7580a1e0e7ee00492e320f9ded,08/08/2025 08:50:00 PM,3,DRIVER,,2025343,,UNKNOWN,OTHER (EXPLAIN IN NARRATIVE),,,UNKNOWN,PICKUP,UNKNOWN/NA,E,STRAIGHT AHEAD,,,1,,,,,,,,,Y,Y,Y,,,,,,,REAR,,,,,,,,,,,,,,,,,,,,,,,,,,,,,,,,,
2124508,d2c8eb7454ad125eb1a0d9b222a2e16b065f24b2187a498d4e5f2560c4d57c36408e1613089882b6c4a22e125c247986e97bd3eee85e96a80c6a1ef705945dba,08/08/2025 08:48:00 PM,1,DRIVER,,2025306,,UNKNOWN,OTHER (EXPLAIN IN NARRATIVE),,,UNKNOWN,UNKNOWN/NA,UNKNOWN/NA,W,STRAIGHT AHEAD,,,1,,,,,,,,,,,,,,,,,,UNKNOWN,,,,,,,,,,,,,,,,,,,,,,,,,,,,,,,,,
2124509,d2c8eb7454ad125eb1a0d9b222a2e16b065f24b2187a498d4e5f2560c4d57c36408e1613089882b6c4a22e125c247986e97bd3eee85e96a80c6a1ef705945dba,08/08/2025 08:48:00 PM,2,DRIVER,,2025312,,CHEVROLET,OTHER (EXPLAIN IN NARRATIVE),IL,2014,UNKNOWN,PASSENGER,OTHER,W,SLOW/STOP IN TRAFFIC,Y,,1,,turo insurance,UNK,,,,,,,,,Y,Y,Y,Y,,,UNKNOWN,,,,,,,,,,,,,,,,,,,,,,,,,,,,,,,,,
2124522,f06547742bd5a21bcca63c2166bffb10a751a970a9c369c198129547f192fbb27af7384e30cf9c9cc4f8badadae05f3e5375739fc621b165ebbfcccc5cd95864,08/08/2025 08:46:00 PM,1,DRIVER,,2025333,,HONDA,OTHER (EXPLAIN IN NARRATIVE),IL,,UNKNOWN,PASSENGER,UNKNOWN/NA,E,STRAIGHT AHEAD,,,1,,,,,Y,,,,,,,,,,Y,Y,N,FRONT,,,,,,,,,,,,,,,,,,,,,,,,,,,,,,,,,
2124523,f06547742bd5a21bcca63c2166bffb10a751a970a9c369c198129547f192fbb27af7384e30cf9c9cc4f8badadae05f3e5375739fc621b165ebbfcccc5cd95864,08/08/2025 08:46:00 PM,2,DRIVER,,2025336,,UNKNOWN,OTHER (EXPLAIN IN NARRATIVE),IL,,UNKNOWN,PASSENGER,UNKNOWN/NA,E,STRAIGHT AHEAD,,,1,,,,,Y,,,,Y,Y,Y,,,,Y,Y,,FRONT,,,,,,,,,,,,,,,,,,,,,,,,,,,,,,,,,
2124524,f06547742bd5a21bcca63c2166bffb10a751a970a9c369c198129547f192fbb27af7384e30cf9c9cc4f8badadae05f3e5375739fc621b165ebbfcccc5cd95864,08/08/2025 08:46:00 PM,3,DRIVER,,2025339,,TOYOTA,4RUNNER,IL,2023,UNKNOWN,PASSENGER,PERSONAL,E,STRAIGHT AHEAD,,,1,,,,,,,,,Y,Y,Y,,,,,,,REAR,,,,,,,,,,,,,,,,,,,,,,,,,,,,,,,,,
2124506,553eea1d17fc2189702e23304b852eda3d2ca20b61cff6252c54797e8fb34365a4f69e4803373f3f3eb8de8d69fb6f78ef13b00e0661304ee21636483f403acd,08/08/2025 08:43:00 PM,1,DRIVER,,2025298,,TOYOTA,RAV4,IN,2012,UNKNOWN,PASSENGER,PERSONAL,S,STRAIGHT AHEAD,,,1,,,,,Y,,,,,,,,,,,,,FRONT-RIGHT-CORNER,,,,,,,,,,,,,,,,,,,,,,,,,,,,,,,,,
2124507,553eea1d17fc2189702e23304b852eda3d2ca20b61cff6252c54797e8fb34365a4f69e4803373f3f3eb8de8d69fb6f78ef13b00e0661304ee21636483f403acd,08/08/2025 08:43:00 PM,2,PARKED,,2025303,,INFINITI,G37,IL,2010,UNKNOWN,PASSENGER,NOT IN USE,S,PARKED,,,0,,,,,,,,,,,Y,,,Y,Y,,,REAR-RIGHT-CORNER,,,,,,,,,,,,,,,,,,,,,,,,,,,,,,,,,
2124526,6d51f9526ad514e8864663f25b56a7ba8b504e6c0b04cfebb5c34752f2fb60e021d7a416dd0679b0860c8a03fddda70fc52bb325cb3f9b00299b79f8bd1b695c,08/08/2025 08:39:00 PM,2,DRIVER,1,2025323,,JEEP,CHEROKEE,IL,2021,UNKNOWN,PASSENGER,PERSONAL,S,STRAIGHT AHEAD,Y,,2,,,,,Y,N,,,,,,,,N,Y,Y,,FRONT,,,,,,,,,,,,,,,,,,,,,,,,,,,,,,,,,