CRASH_UNIT_ID,CRASH_RECORD_ID,CRASH_DATE,UNIT_NO,UNIT_TYPE,NUM_PASSENGERS,VEHICLE_ID,CMRC_VEH_I,MAKE,MODEL,LIC_PLATE_STATE,VEHICLE_YEAR,VEHICLE_DEFECT,VEHICLE_TYPE,VEHICLE_USE,TRAVEL_DIRECTION,MANEUVER,TOWED_I,FIRE_I,OCCUPANT_CNT,EXCEED_SPEED_LIMIT_I,TOWED_BY,TOWED_TO,AREA_00_I,AREA_01_I,AREA_02_I,AREA_03_I,AREA_04_I,AREA_05_I,AREA_06_I,AREA_07_I,AREA_08_I,AREA_09_I,AREA_10_I,AREA_11_I,AREA_12_I,AREA_99_I,FIRST_CONTACT_POINT,CMV_ID,USDOT_NO,CCMC_NO,ILCC_NO,COMMERCIAL_SRC,GVWR,CARRIER_NAME,CARRIER_STATE,CARRIER_CITY,HAZMAT_PLACARDS_I,HAZMAT_NAME,UN_NO,HAZMAT_PRESENT_I,HAZMAT_REPORT_I,HAZMAT_REPORT_NO,MCS_REPORT_I,MCS_REPORT_NO,HAZMAT_VIO_CAUSE_CRASH_I,MCS_VIO_CAUSE_CRASH_I,IDOT_PERMIT_NO,WIDE_LOAD_I,TRAILER1_WIDTH,TRAILER2_WIDTH,TRAILER1_LENGTH,TRAILER2_LENGTH,TOTAL_VEHICLE_LENGTH,AXLE_CNT,VEHICLE_CONFIG,CARGO_BODY_TYPE,LOAD_TYPE,HAZMAT_OUT_OF_SERVICE_I,MCS_OUT_OF_SERVICE_I,HAZMAT_CLASS
2124557,6d51f9526ad514e8864663f25b56a7ba8b504e6c0b04cfebb5c34752f2fb60e021d7a416dd0679b0860c8a03fddda70fc52bb325cb3f9b00299b79f8bd1b695c,08/08/2025 08:39:00 PM,1,DRIVER,,2025349,,DODGE,DURANGO,IL,,UNKNOWN,PASSENGER,PERSONAL,S,PASSING/OVERTAKING,,,1,,,,,,,,,,,,,,,,,Y,UNKNOWN,,,,,,,,,,,,,,,,,,,,,,,,,,,,,,,,,
2124502,1963a8cb29bb17ef42c198a4f2287eaec2c5901f1eba41e195400b01677393405d8019f79b9958b29ece4140a2da4f8cee6d2bb767972b2648e80d3f4665b8f5,08/08/2025 08:38:00 PM,1,DRIVER,,2025287,,TOYOTA,CAMRY,IL,2011,UNKNOWN,PASSENGER,PERSONAL,E,MERGING,,,1,,,,,Y,Y,,,,,,,,,,Y,,SIDE-RIGHT-FRONT,,,,,,,,,,,,,,,,,,,,,,,,,,,,,,,,,
2124503,1963a8cb29bb17ef42c198a4f2287eaec2c5901f1eba41e195400b01677393405d8019f79b9958b29ece4140a2da4f8cee6d2bb767972b2648e80d3f4665b8f5,08/08/2025 08:38:00 PM,2,DRIVER,,2025293,,CHEVROLET,TRAX,IL,2019,UNKNOWN,PASSENGER,PERSONAL,E,STRAIGHT AHEAD,,,1,,,,,,,,,,,Y,Y,Y,,,,,SIDE-LEFT,,,,,,,,,,,,,,,,,,,,,,,,,,,,,,,,,
2124494,7a2711bdf96d96eacb7338f69681b975b7ebd7f4cc5e59909a0e72cd579931ce7aab342252db770683b843423d1b96327efcefc4699b6523a56b79253f39e115,08/08/2025 08:38:00 PM,1,DRIVER,,2025282,,MAZDA,OTHER (EXPLAIN IN NARRATIVE),,,UNKNOWN,PASSENGER,UNKNOWN/NA,W,STRAIGHT AHEAD,,,1,,,,,,,,,,,,,,,,,Y,FRONT,,,,,,,,,,,,,,,,,,,,,,,,,,,,,,,,,
2124495,7a2711bdf96d96eacb7338f69681b975b7ebd7f4cc5e59909a0e72cd579931ce7aab342252db770683b843423d1b96327efcefc4699b6523a56b79253f39e115,08/08/2025 08:38:00 PM,2,DRIVER,1,2025289,,DODGE,JOURNEY,IL,2018,UNKNOWN,SPORT UTILITY VEHICLE (SUV),PERSONAL,W,STRAIGHT AHEAD,,,2,,,,,,,,,Y,Y,Y,,,,,,,REAR,,,,,,,,,,,,,,,,,,,,,,,,,,,,,,,,,
2124790,e440d975c60f660363d064861220924470b450cb81c8e909b54eabb12e07e2f70a670bcc2b1870454728784ce1b68afb87f2cee37820ff3931b8af1e2d78d103,08/08/2025 08:30:00 PM,1,DRIVER,,2025568,,HONDA,CR-V,IL,2025,NONE,PASSENGER,PERSONAL,N,STRAIGHT AHEAD,,,1,,,,,,,Y,Y,Y,,,,,,,,,SIDE-RIGHT,,,,,,,,,,,,,,,,,,,,,,,,,,,,,,,,,
2124791,e440d975c60f660363d064861220924470b450cb81c8e909b54eabb12e07e2f70a670bcc2b1870454728784ce1b68afb87f2cee37820ff3931b8af1e2d78d103,08/08/2025 08:30:00 PM,2,PARKED,,2025570,,SUBARU,IMPREZA,IL,2018,NONE,PASSENGER,PERSONAL,N,PARKED,,,0,,,,,,,,,,,,,Y,Y,Y,Y,,FRONT-LEFT-CORNER,,,,,,,,,,,,,,,,,,,,,,,,,,,,,,,,,
2125193,f193991b8a6f5eb1c05d14869a0b63e2ec213a4b77d985047a4d7190c7326f6a29999dd3158badaa15d77274d4e61bb19edb81d59ffc834b6daa41b728688a54,08/08/2025 08:30:00 PM,1,DRIVER,,2025956,,HYUNDAI,TUCSON,IL,2021,NONE,PICKUP,UNKNOWN/NA,W,STRAIGHT AHEAD,,,1,,,,,,,,,,,,,,,,,Y,FRONT,,,,,,,,,,,,,,,,,,,,,,,,,,,,,,,,,
2125194,f193991b8a6f5eb1c05d14869a0b63e2ec213a4b77d985047a4d7190c7326f6a29999dd3158badaa15d77274d4e61bb19edb81d59ffc834b6daa41b728688a54,08/08/2025 08:30:00 PM,2,PARKED,,2025959,,MAZDA,MAZDA6,IL,2006,NONE,PASSENGER,NOT IN USE,W,PARKED,,,0,,,,,,,,,,Y,Y,N,,,,,,SIDE-LEFT-REAR,,,,,,,,,,,,,,,,,,,,,,,,,,,,,,,,,
2124566,d5bd445474f94384c1e7d99085c15bd8c44125555305335a7c464c407f5dd69cd0ac74a31fb2e7465d9e7dd40bcdc82967359f672509180a10ffb476e9dac782,08/08/2025 08:15:00 PM,1,DRIVER,,2025376,,HYUNDAI,OTHER (EXPLAIN IN NARRATIVE),IL,2016,UNKNOWN,PASSENGER,UNKNOWN/NA,S,U-TURN,,,1,,,,,,,,,,,,,,,Y,,,FRONT-LEFT-CORNER,,,,,,,,,,,,,,,,,,,,,,,,,,,,,,,,,
2124567,d5bd445474f94384c1e7d99085c15bd8c44125555305335a7c464c407f5dd69cd0ac74a31fb2e7465d9e7dd40bcdc82967359f672509180a10ffb476e9dac782,08/08/2025 08:15:00 PM,2,DRIVER,,2025367,,NISSAN,OTHER (EXPLAIN IN NARRATIVE),IL,2019,NONE,PASSENGER,UNKNOWN/NA,N,STRAIGHT AHEAD,,,1,,,,,,,,,,,,,Y,Y,,,,SIDE-LEFT,,,,,,,,,,,,,,,,,,,,,,,,,,,,,,,,,
2124587,dfca9c6b9e9ad76e7b68e114b5b99a72384ee18cf7b0f03ea4fcbe4e31f4aac691fcc1f4f817724ca81e41c3e1c0d85ec6d8bd0c3184739ab079aa54b876a9c0,08/08/2025 08:15:00 PM,2,DRIVER,,2025374,,CHEVROLET,MALIBU,IL,2013,UNKNOWN,PASSENGER,PERSONAL,UNKNOWN,UNKNOWN/NA,,,1,,,,,,,,,,,,,,,,Y,,FRONT,,,,,,,,,,,,,,,,,,,,,,,,,,,,,,,,,
2124589,dfca9c6b9e9ad76e7b68e114b5b99a72384ee18cf7b0f03ea4fcbe4e31f4aac691fcc1f4f817724ca81e41c3e1c0d85ec6d8bd0c3184739ab079aa54b876a9c0,08/08/2025 08:15:00 PM,1,DRIVER,,2025370,,UNKNOWN,OTHER (EXPLAIN IN NARRATIVE),IL,,UNKNOWN,UNKNOWN/NA,UNKNOWN/NA,UNKNOWN,UNKNOWN/NA,,,1,,,,,,,,,,Y,,,,,,,,UNKNOWN,,,,,,,,,,,,,,,,,,,,,,,,,,,,,,,,,
2124976,23145655170f40c58c057f2b7f2b3528c35a3d9362c5fe00b9d91fa849c29fb356a02d781fbb027229ae5afaa3288b59a448f643ffc818096ec0d4a1cbcb069f,08/08/2025 08:00:00 PM,1,DRIVER,,2025737,,UNKNOWN,OTHER (EXPLAIN IN NARRATIVE),XX,,UNKNOWN,UNKNOWN/NA,UNKNOWN/NA,UNKNOWN,UNKNOWN/NA,,,1,,,,,,,,,,,,,,,,,Y,UNKNOWN,,,,,,,,,,,,,,,,,,,,,,,,,,,,,,,,,
2124977,23145655170f40c58c057f2b7f2b3528c35a3d9362c5fe00b9d91fa849c29fb356a02d781fbb027229ae5afaa3288b59a448f643ffc818096ec0d4a1cbcb069f,08/08/2025 08:00:00 PM,2,PARKED,,2025749,,ACURA,RLX,IL,2020,NONE,PASSENGER,NOT IN USE,N,PARKED,Y,,0,,UNKNOWN,UNKNOWN,,,,,,Y,Y,Y,Y,Y,Y,Y,,,UNKNOWN,,,,,,,,,,,,,,,,,,,,,,,,,,,,,,,,,
2126482,f337d550dfe065c7fc9221ba574b2b3018002f48492aa7d7bef2e3df4460c7543bc867b8a94740791e644df8929044b2c73fb2c7e232bd00cbad5875d2a51980,08/08/2025 08:00:00 PM,1,DRIVER,,2027168,,UNKNOWN,OTHER (EXPLAIN IN NARRATIVE),,,UNKNOWN,PASSENGER,PERSONAL,UNKNOWN,UNKNOWN/NA,,,1,,,,,,,,,,,,,,,,,,UNKNOWN,,,,,,,,,,,,,,,,,,,,,,,,,,,,,,,,,
2126483,f337d550dfe065c7fc9221ba574b2b3018002f48492aa7d7bef2e3df4460c7543bc867b8a94740791e644df8929044b2c73fb2c7e232bd00cbad5875d2a51980,08/08/2025 08:00:00 PM,2,PARKED,,2027176,,LEXUS,RX,IL,2013,UNKNOWN,PASSENGER,NOT IN USE,UNKNOWN,PARKED,,,0,,,,,,,,,,,Y,Y,Y,Y,Y,,,SIDE-LEFT,,,,,,,,,,,,,,,,,,,,,,,,,,,,,,,,,
2124483,5e9806dd12fa98fc4b2f972abfa2326f4a249a71b681d95e90df5669aaf25aaadd63338ec3b0016cbf4728365d1966b6b8404984f9f3c8798e8b4fee650b1a33,08/08/2025 07:45:00 PM,1,DRIVER,,2025276,,HYUNDAI,SONATA,IL,2016,UNKNOWN,PASSENGER,PERSONAL,S,TURNING LEFT,Y,,1,,PRIVATE TOW,,,Y,,,,,,,,,,Y,Y,,FRONT,,,,,,,,,,,,,,,,,,,,,,,,,,,,,,,,,
2124484,5e9806dd12fa98fc4b2f972abfa2326f4a249a71b681d95e90df5669aaf25aaadd63338ec3b0016cbf4728365d1966b6b8404984f9f3c8798e8b4fee650b1a33,08/08/2025 07:45:00 PM,2,DRIVER,,2025280,,TOYOTA,CAMRY,IL,2007,UNKNOWN,PASSENGER,PERSONAL,W,STRAIGHT AHEAD,N,,1,,,,,,,Y,Y,,,,,,,,,,SIDE-RIGHT-REAR,,,,,,,,,,,,,,,,,,,,,,,,,,,,,,,,,
2124514,f5ff94a7b7768d790038f11a5bb90d6fecf7831efe1d6e7dec777eee9a07332da4001c27e70fdd826f8480aa5d77ba0b827bebbb32f3ed9e14a2cfef1cdea5f5,08/08/2025 07:45:00 PM,1,DRIVER,,2025310,,JEEP,WRANGLER,NY,2008,UNKNOWN,PASSENGER,PERSONAL,N,SLOW/STOP IN TRAFFIC,,,1,,,,,N,,,,,,,,,,N,N,Y,FRONT,,,,,,,,,,,,,,,,,,,,,,,,,,,,,,,,,
2124515,f5ff94a7b7768d790038f11a5bb90d6fecf7831efe1d6e7dec777eee9a07332da4001c27e70fdd826f8480aa5d77ba0b827bebbb32f3ed9e14a2cfef1cdea5f5,08/08/2025 07:45:00 PM,2,DRIVER,,2025316,,DODGE,RAM PROMASTER,IL,2015,UNKNOWN,PICKUP,PERSONAL,N,SLOW/STOP IN TRAFFIC,,,1,,,,,Y,,,,Y,Y,Y,,,,Y,Y,,REAR,,,,,,,,,,,,,,,,,,,,,,,,,,,,,,,,,
2124516,f5ff94a7b7768d790038f11a5bb90d6fecf7831efe1d6e7dec777eee9a07332da4001c27e70fdd826f8480aa5d77ba0b827bebbb32f3ed9e14a2cfef1cdea5f5,08/08/2025 07:45:00 PM,3,DRIVER,,2025322,,MERCEDES-BENZ,GLC,WI,2019,UNKNOWN,SPORT UTILITY VEHICLE (SUV),PERSONAL,N,STRAIGHT AHEAD,,,1,,,,,,,,,Y,Y,Y,,,,,,Y,REAR,,,,,,,,,,,,,,,,,,,,,,,,,,,,,,,,,
2137022,0df3b7058a8fe0954768e5603f9544e681073091de5458e58c9395ac1a6bde621fb9fd9ccf1f196507b8f9c13bc2a91487f599feee4c9b84a28d09ce22a1b884,08/08/2025 07:30:00 PM,1,DRIVER,,2037177,,CHEVROLET,SUBURBAN,IL,2023,NONE,SPORT UTILITY VEHICLE (SUV),RIDESHARE SERVICE,E,TURNING RIGHT,,,1,,,,,,,,,,,,,,,,,,FRONT-LEFT-CORNER,,,,,,,,,,,,,,,,,,,,,,,,,,,,,,,,,
2137023,0df3b7058a8fe0954768e5603f9544e681073091de5458e58c9395ac1a6bde621fb9fd9ccf1f196507b8f9c13bc2a91487f599feee4c9b84a28d09ce22a1b884,08/08/2025 07:30:00 PM,2,PARKED,,2037185,,BMW,535 SERIES,,2014,NONE,PASSENGER,PERSONAL,E,PARKED,,,0,,,,,,,,,,,,,,,Y,,,FRONT-LEFT-CORNER,,,,,,,,,,,,,,,,,,,,,,,,,,,,,,,,,
2124467,146841a19da0b6429e84d336063f2bbacffef2758da55e24d53a51cf60484bf593530fc474a5a1ea992c43ef9d1b1fd7680528329c7b3b407b89891282d7618a,08/08/2025 07:30:00 PM,1,DRIVER,,2025257,,TOYOTA,SIENNA,IL,2025,NONE,PASSENGER,PERSONAL,N,STRAIGHT AHEAD,,,1,,,,,,,,,,,,,,,,Y,,FRONT,,,,,,,,,,,,,,,,,,,,,,,,,,,,,,,,,
2124468,146841a19da0b6429e84d336063f2bbacffef2758da55e24d53a51cf60484bf593530fc474a5a1ea992c43ef9d1b1fd7680528329c7b3b407b89891282d7618a,08/08/2025 07:30:00 PM,2,DRIVER,,2025262,,HONDA,ACCORD,IL,2025,NONE,PASSENGER,PERSONAL,N,STRAIGHT AHEAD,,,1,,,,,,,,,,Y,,,,,,,,REAR,,,,,,,,,,,,,,,,,,,,,,,,,,,,,,,,,
2126853,6833a0f06fe5e06b5f5043a2cebe5010767316d0f4199c54497f93277b8b44bc6dcbed0d27475a3d67c49fd478364f14957925bdb77a413f5d95146e91143fd4,08/08/2025 07:30:00 PM,1,DRIVER,,2027529,,FORD,ECONOLINE E150,IL,2016,UNKNOWN,VAN/MINI-VAN,CONSTRUCTION/MAINTENANCE,N,STRAIGHT AHEAD,,,1,,,,,Y,Y,Y,Y,Y,,,,,,,,,SIDE-RIGHT,,,,,,,,,,,,,,,,,,,,,,,,,,,,,,,,,
2126854,6833a0f06fe5e06b5f5043a2cebe5010767316d0f4199c54497f93277b8b44bc6dcbed0d27475a3d67c49fd478364f14957925bdb77a413f5d95146e91143fd4,08/08/2025 07:30:00 PM,2,PARKED,,2027530,,DODGE,RAM 1500 VAN,IL,2023,UNKNOWN,VAN/MINI-VAN,CONSTRUCTION/MAINTENANCE,N,PARKED,,,0,,,,,,,,,,,Y,Y,Y,Y,Y,,,SIDE-LEFT,,,,,,,,,,,,,,,,,,,,,,,,,,,,,,,,,
2124496,ee6d8ec7bdd471848dac9b931585e28ecb4244c3d6194a234e970cbc110b0396bea2dff19012550f122f64f70bb76e96ff2162e26b7d0def214efefdb1dc174e,08/08/2025 07:30:00 PM,1,DRIVER,,2025301,,CHEVROLET,MALIBU,FL,2017,NONE,PASSENGER,UNKNOWN/NA,E,TURNING RIGHT,Y,,1,,STREETS AND SANITATION,701 N SACRAMENTO,,,,,,,,,,,Y,Y,Y,,TOTAL (ALL AREAS),,,,,,,,,,,,,,,,,,,,,,,,,,,,,,,,,
2124497,ee6d8ec7bdd471848dac9b931585e28ecb4244c3d6194a234e970cbc110b0396bea2dff19012550f122f64f70bb76e96ff2162e26b7d0def214efefdb1dc174e,08/08/2025 07:30:00 PM,2,DRIVER,,2025305,,TOYOTA,HIGHLANDER,IL,2009,NONE,PASSENGER,PERSONAL,N,STRAIGHT AHEAD,,,1,,,,,,,,,,,,,Y,Y,Y,,,TOTAL (ALL AREAS),,,,,,,,,,,,,,,,,,,,,,,,,,,,,,,,,
2127329,f38c3c4ad2e12c5dbfefbe6547cad90eddcdcab39f6ef863d707e6d7b54078c217a7c7afd9d191b2e0f4ddbd2abd871a0c7425befeaa7d67a0e46502c7847ae4,08/08/2025 07:30:00 PM,1,DRIVER,,2027976,,GENERAL MOTORS CORPORATION (GMC),TERRAIN,IL,2021,UNKNOWN,SPORT UTILITY VEHICLE (SUV),PERSONAL,N,STRAIGHT AHEAD,,,1,,,,,Y,,,,,,,,,,Y,Y,,FRONT,,,,,,,,,,,,,,,,,,,,,,,,,,,,,,,,,
2127330,f38c3c4ad2e12c5dbfefbe6547cad90eddcdcab39f6ef863d707e6d7b54078c217a7c7afd9d191b2e0f4ddbd2abd871a0c7425befeaa7d67a0e46502c7847ae4,08/08/2025 07:30:00 PM,2,DRIVER,,2027981,,TOYOTA,SIENNA,IL,2021,NONE,VAN/MINI-VAN,PERSONAL,N,SLOW/STOP IN TRAFFIC,,,1,,,,,,,,,Y,Y,Y,,,,,,,REAR,,,,,,,,,,,,,,,,,,,,,,,,,,,,,,,,,
2124487,fec27214e1443df605f2ceefd8fd89e9f17e2da420332770574e47a752a8b4074656cdf069daa9bc224fae9760e7ba3c5c337a04cc0b1b34d23641ab4f49b03f,08/08/2025 07:29:00 PM,1,DRIVER,,2025278,,GENERAL MOTORS CORPORATION (GMC),ACADIA,IL,2021,NONE,SPORT UTILITY VEHICLE (SUV),PERSONAL,W,STRAIGHT AHEAD,,,1,,,,N,Y,,,,,,,,,,Y,Y,,FRONT,,,,,,,,,,,,,,,,,,,,,,,,,,,,,,,,,
2124488,fec27214e1443df605f2ceefd8fd89e9f17e2da420332770574e47a752a8b4074656cdf069daa9bc224fae9760e7ba3c5c337a04cc0b1b34d23641ab4f49b03f,08/08/2025 07:29:00 PM,2,DRIVER,,2025285,,NISSAN,ALTIMA,IN,2022,NONE,PASSENGER,PERSONAL,W,SLOW/STOP IN TRAFFIC,,,1,,,,,Y,,,,Y,Y,Y,,,,Y,Y,,REAR,,,,,,,,,,,,,,,,,,,,,,,,,,,,,,,,,
2124489,fec27214e1443df605f2ceefd8fd89e9f17e2da420332770574e47a752a8b4074656cdf069daa9bc224fae9760e7ba3c5c337a04cc0b1b34d23641ab4f49b03f,08/08/2025 07:29:00 PM,3,DRIVER,1,2025291,,HYUNDAI,ELANTRA,IL,2013,NONE,PASSENGER,PERSONAL,W,SLOW/STOP IN TRAFFIC,,,2,,,,,,,,,Y,Y,Y,,,,,,,REAR,,,,,,,,,,,,,,,,,,,,,,,,,,,,,,,,,
2124457,319945d4c7eb1751e0f4d695c4202091e53d03722743622e04aa43560d7dcc37bc2e0fe6aaa5b64509a116447cb20da2dccdcfc4e32c723af5a96a641cde7773,08/08/2025 07:24:00 PM,1,DRIVER,,2025245,,TOYOTA,SIENNA,IL,2012,NONE,VAN/MINI-VAN,PERSONAL,N,STRAIGHT AHEAD,,,1,,,,,,,,,,,,,,,,Y,,FRONT,,,,,,,,,,,,,,,,,,,,,,,,,,,,,,,,,
2124458,319945d4c7eb1751e0f4d695c4202091e53d03722743622e04aa43560d7dcc37bc2e0fe6aaa5b64509a116447cb20da2dccdcfc4e32c723af5a96a641cde7773,08/08/2025 07:24:00 PM,2,DRIVER,,2025250,,HONDA,ACCORD,,2025,NONE,PASSENGER,PERSONAL,N,STARTING IN TRAFFIC,,,1,,,,,,,,,,Y,,,,,,,,REAR,,,,,,,,,,,,,,,,,,,,,,,,,,,,,,,,,
2124452,4a4be0295501cae035a937842c51d678eda7d8bbe883bb3ca8e63e1e426c1e86707720c4d52dafe4e2a6c62f098bcf1979272b8f1b606a44cda67eea8536df11,08/08/2025 07:22:00 PM,2,DRIVER,1,2025256,,DODGE,CHARGER,GA,2020,NONE,PASSENGER,PERSONAL,W,STRAIGHT AHEAD,,,2,,,,,,,,,Y,,,,,,,,,REAR-RIGHT-CORNER,,,,,,,,,,,,,,,,,,,,,,,,,,,,,,,,,
2124453,4a4be0295501cae035a937842c51d678eda7d8bbe883bb3ca8e63e1e426c1e86707720c4d52dafe4e2a6c62f098bcf1979272b8f1b606a44cda67eea8536df11,08/08/2025 07:22:00 PM,1,DRIVER,2,2025248,,BUICK,CENTURY,IL,2005,NONE,PASSENGER,PERSONAL,W,STRAIGHT AHEAD,,,3,,,,,,,,,,,,,,,N,Y,,FRONT,,,,,,,,,,,,,,,,,,,,,,,,,,,,,,,,,
2124477,76febe371461de8fc2ad17bd7b2d09dbb97b0ee41525a703fdb5cbdaa462d8d6a26fbd0caf3ce1855734874c66311ef0c0c8e85e5dcf377111b9cf907281227e,08/08/2025 07:15:00 PM,1,DRIVER,,2025265,,TOYOTA,CAMRY,IL,2017,NONE,PASSENGER,PERSONAL,N,MERGING,,,1,,,,,,Y,Y,,,,,,,,,,,SIDE-RIGHT,,,,,,,,,,,,,,,,,,,,,,,,,,,,,,,,,
2124478,76febe371461de8fc2ad17bd7b2d09dbb97b0ee41525a703fdb5cbdaa462d8d6a26fbd0caf3ce1855734874c66311ef0c0c8e85e5dcf377111b9cf907281227e,08/08/2025 07:15:00 PM,2,PARKED,3,2025269,,HYUNDAI,SANTA FE,IL,2017,NONE,PASSENGER,NOT IN USE,N,PARKED,,,3,,,,,,,,,,,,,,,Y,,,FRONT-LEFT-CORNER,,,,,,,,,,,,,,,,,,,,,,,,,,,,,,,,,
2124519,7cffea858cd2759fe89feb130e4aa7a6dec47f80fc6390992c0996823105f4886d5f97460c5907aaaa1d12715fb537d446ddc5459967ba1480dc02b125717187,08/08/2025 07:09:00 PM,1,DRIVER,1,2025308,,FORD,F350,IL,2011,UNKNOWN,PICKUP,TOW TRUCK,S,STRAIGHT AHEAD,Y,,2,,CITY OF CHICAGO,POUND #2,,,,,,,,Y,Y,,,,Y,,FRONT,,,,,,,,,,,,,,,,,,,,,,,,,,,,,,,,,
2124520,7cffea858cd2759fe89feb130e4aa7a6dec47f80fc6390992c0996823105f4886d5f97460c5907aaaa1d12715fb537d446ddc5459967ba1480dc02b125717187,08/08/2025 07:09:00 PM,2,DRIVER,,2025313,,FORD,F250,,2014,NONE,PICKUP,TOW TRUCK,S,STRAIGHT AHEAD,Y,,1,,PRIVATE,UNKNOWN,,,,,,,Y,,,,,,,,REAR,,,,,,,,,,,,,,,,,,,,,,,,,,,,,,,,,
2124521,7cffea858cd2759fe89feb130e4aa7a6dec47f80fc6390992c0996823105f4886d5f97460c5907aaaa1d12715fb537d446ddc5459967ba1480dc02b125717187,08/08/2025 07:09:00 PM,3,DRIVER,,2025321,,CHEVROLET,SILVERADO,,2015,NONE,PICKUP,TOW TRUCK,N,STRAIGHT AHEAD,Y,,1,,PRIVATE,UNKNOWN,,,,,,,Y,,,,,,,,REAR,,,,,,,,,,,,,,,,,,,,,,,,,,,,,,,,,
2124463,13f6bf3e15af81cf15c84e3eca737d05291e568785c0e1837d5a14e8977db2f2a6204a7ba1d3499af3e972753e76b12cfeda60be89f7b7dd8526f8edb14f142c,08/08/2025 07:00:00 PM,1,DRIVER,,2025254,,JEEP,JEEP,IL,2007,NONE,SPORT UTILITY VEHICLE (SUV),PERSONAL,S,STRAIGHT AHEAD,,,1,,,,,,,,,,,,,,,,N,,FRONT,,,,,,,,,,,,,,,,,,,,,,,,,,,,,,,,,
2124464,13f6bf3e15af81cf15c84e3eca737d05291e568785c0e1837d5a14e8977db2f2a6204a7ba1d3499af3e972753e76b12cfeda60be89f7b7dd8526f8edb14f142c,08/08/2025 07:00:00 PM,2,DRIVER,1,2025261,,HYUNDAI,OTHER (EXPLAIN IN NARRATIVE),IL,2022,NONE,PICKUP,PERSONAL,S,STRAIGHT AHEAD,,,2,,,,,,,,,,Y,,,,,,,,REAR,,,,,,,,,,,,,,,,,,,,,,,,,,,,,,,,,
2124716,7b47ca5665f87a67588355312018ce396d25ed77efc33c87c4eb87674acdb158c7463a83ffc2d08929bee6d803c33c21ea25e376dd0559c66531c900c22cec20,08/08/2025 07:00:00 PM,1,DRIVER,,2025500,,UNKNOWN,OTHER (EXPLAIN IN NARRATIVE),IL,2024,UNKNOWN,TRUCK - SINGLE UNIT,UNKNOWN/NA,UNKNOWN,OTHER,,,1,,,,Y,,,,,,,,,,,,,,NONE,,,,,,,,,,,,,,,,,,,,,,,,,,,,,,,,,
2124721,7b47ca5665f87a67588355312018ce396d25ed77efc33c87c4eb87674acdb158c7463a83ffc2d08929bee6d803c33c21ea25e376dd0559c66531c900c22cec20,08/08/2025 07:00:00 PM,2,DRIVER,,2025504,,MAZDA,CX-9,IL,2019,UNKNOWN,UNKNOWN/NA,UNKNOWN/NA,UNKNOWN,STRAIGHT AHEAD,,,1,,,,,Y,Y,,,,,,Y,,,,,,FRONT-RIGHT-CORNER,,,,,,,,,,,,,,,,,,,,,,,,,,,,,,,,,
2124454,8650b886d1a96e9b4b4caaa818bdd9066aeb733faded35803e690cf04aa6a8064e2cda9edb623c8c8c5b69ce11072bc2fd0f4d138cfb34a33171dc37ec49b8dd,08/08/2025 07:00:00 PM,1,DRIVER,,2025246,,CHEVROLET,EQUINOX,IL,2026,UNKNOWN,SPORT UTILITY VEHICLE (SUV),PERSONAL,UNKNOWN,STRAIGHT AHEAD,,,1,,,,,,,,,,,,,,,,,,NONE,,,,,,,,,,,,,,,,,,,,,,,,,,,,,,,,,
2124455,8650b886d1a96e9b4b4caaa818bdd9066aeb733faded35803e690cf04aa6a8064e2cda9edb623c8c8c5b69ce11072bc2fd0f4d138cfb34a33171dc37ec49b8dd,08/08/2025 07:00:00 PM,2,DRIVER,,2025255,,CADILLAC,DTS,IL,2009,UNKNOWN,PASSENGER,PERSONAL,UNKNOWN,STRAIGHT AHEAD,,,1,,,,,,,,,,,,,,,,Y,,FRONT,,,,,,,,,,,,,,,,,,,,,,,,,,,,,,,,,
2124592,e41590b51b6c42551b1c4ed8bdcdc3331ac1697d7fac9cf4416e6110de15280ae61c1fd9325745824ff0e8235d7ab084fc6ff0157ea068b91ab3cdb4089fda6f,08/08/2025 07:00:00 PM,1,DRIVER,,2025432,,TOYOTA,AVALON,IL,2014,NONE,PASSENGER,PERSONAL,N,PASSING/OVERTAKING,,,1,,,,,Y,Y,,,,,,,,,,,,FRONT-LEFT-CORNER,,,,,,,,,,,,,,,,,,,,,,,,,,,,,,,,,
2124593,e41590b51b6c42551b1c4ed8bdcdc3331ac1697d7fac9cf4416e6110de15280ae61c1fd9325745824ff0e8235d7ab084fc6ff0157ea068b91ab3cdb4089fda6f,08/08/2025 07:00:00 PM,2,DRIVER,,2025447,,TOYOTA,PASEO,IL,2015,NONE,PASSENGER,NOT IN USE,N,STRAIGHT AHEAD,,,1,,,,,,,,,,,,,Y,Y,Y,,,SIDE-LEFT,,,,,,,,,,,,,,,,,,,,,,,,,,,,,,,,,
2124459,fdb3ef9402f4a7f3983ecb4ccedd121a222e11eb345372a35e620a40b90940be47055b4e69a87981eda312a2e2eeaa4ddf1bb1a1074aeb470b635d79c72548c2,08/08/2025 06:50:00 PM,1,DRIVER,,2025252,,JEEP,CHEROKEE,,,UNKNOWN,PASSENGER,UNKNOWN/NA,E,PASSING/OVERTAKING,,,1,,,,,,,,,,,,,,,Y,Y,,FRONT-LEFT-CORNER,,,,,,,,,,,,,,,,,,,,,,,,,,,,,,,,,
2124460,fdb3ef9402f4a7f3983ecb4ccedd121a222e11eb345372a35e620a40b90940be47055b4e69a87981eda312a2e2eeaa4ddf1bb1a1074aeb470b635d79c72548c2,08/08/2025 06:50:00 PM,2,DRIVER,,2025259,,HYUNDAI,ELANTRA,IL,2017,NONE,PASSENGER,PERSONAL,E,TURNING LEFT,,,1,,,,,Y,Y,,,,,,,,,,,,FRONT-RIGHT-CORNER,,,,,,,,,,,,,,,,,,,,,,,,,,,,,,,,,