CRASH_UNIT_ID,CRASH_RECORD_ID,CRASH_DATE,UNIT_NO,UNIT_TYPE,NUM_PASSENGERS,VEHICLE_ID,CMRC_VEH_I,MAKE,MODEL,LIC_PLATE_STATE,VEHICLE_YEAR,VEHICLE_DEFECT,VEHICLE_TYPE,VEHICLE_USE,TRAVEL_DIRECTION,MANEUVER,TOWED_I,FIRE_I,OCCUPANT_CNT,EXCEED_SPEED_LIMIT_I,TOWED_BY,TOWED_TO,AREA_00_I,AREA_01_I,AREA_02_I,AREA_03_I,AREA_04_I,AREA_05_I,AREA_06_I,AREA_07_I,AREA_08_I,AREA_09_I,AREA_10_I,AREA_11_I,AREA_12_I,AREA_99_I,FIRST_CONTACT_POINT,CMV_ID,USDOT_NO,CCMC_NO,ILCC_NO,COMMERCIAL_SRC,GVWR,CARRIER_NAME,CARRIER_STATE,CARRIER_CITY,HAZMAT_PLACARDS_I,HAZMAT_NAME,UN_NO,HAZMAT_PRESENT_I,HAZMAT_REPORT_I,HAZMAT_REPORT_NO,MCS_REPORT_I,MCS_REPORT_NO,HAZMAT_VIO_CAUSE_CRASH_I,MCS_VIO_CAUSE_CRASH_I,IDOT_PERMIT_NO,WIDE_LOAD_I,TRAILER1_WIDTH,TRAILER2_WIDTH,TRAILER1_LENGTH,TRAILER2_LENGTH,TOTAL_VEHICLE_LENGTH,AXLE_CNT,VEHICLE_CONFIG,CARGO_BODY_TYPE,LOAD_TYPE,HAZMAT_OUT_OF_SERVICE_I,MCS_OUT_OF_SERVICE_I,HAZMAT_CLASS
2124469,80013e8cde55921c2920d53e258248fd0f632e3df1498bf40efdd9f759586402320c69ab9c302cdffdadad4079dfd5b308f8949485c71516f1759ee60ce92f04,08/08/2025 06:42:00 PM,1,DRIVER,,2025260,,UNKNOWN,MOTORIZED,IL,,UNKNOWN,MOPED OR MOTORIZED BICYCLE,RIDESHARE SERVICE,S,STRAIGHT AHEAD,,,1,,,,,,,,,,,,,,,,N,Y,FRONT,,,,,,,,,,,,,,,,,,,,,,,,,,,,,,,,,
2124470,80013e8cde55921c2920d53e258248fd0f632e3df1498bf40efdd9f759586402320c69ab9c302cdffdadad4079dfd5b308f8949485c71516f1759ee60ce92f04,08/08/2025 06:42:00 PM,2,DRIVER,,2025267,,DODGE,GRAND CARAVAN,IL,2010,UNKNOWN,PASSENGER,PERSONAL,E,STRAIGHT AHEAD,,,1,,,,,,,,,,,,,,,Y,,,FRONT-LEFT-CORNER,,,,,,,,,,,,,,,,,,,,,,,,,,,,,,,,,
2124481,3f756e7f5fa9194078828b3987fe6c8143ae4fcfdb19e4ad11f291fcedc3ebdcf5f7c020630ae1db658fe00adc2c53f28b3911ff061f6fe6f8066d5c5cba6d02,08/08/2025 06:40:00 PM,1,DRIVER,,2025272,,NOVA BUS,LFS,IL,2016,NONE,BUS OVER 15 PASS.,CTA,W,CHANGING LANES,,,1,,,,,,,,,,,Y,N,,,,,,REAR-LEFT-CORNER,,,,,,,,,,,,,,,,,,,,,,,,,,,,,,,,,
2124482,3f756e7f5fa9194078828b3987fe6c8143ae4fcfdb19e4ad11f291fcedc3ebdcf5f7c020630ae1db658fe00adc2c53f28b3911ff061f6fe6f8066d5c5cba6d02,08/08/2025 06:40:00 PM,2,DRIVER,,2025274,,HYUNDAI,SANTA FE,IL,2022,NONE,SPORT UTILITY VEHICLE (SUV),PERSONAL,W,STRAIGHT AHEAD,,,1,,,,,Y,,,,,,,,,,,,,FRONT-RIGHT-CORNER,,,,,,,,,,,,,,,,,,,,,,,,,,,,,,,,,
2124442,ce52d5d34e2b3ba9154f709789a5a79cad0051005b8b63389b661f7f318edb97c9920b8c39db550fc0eaaec2e9033ab0a9eaee754b7b54e69247e4c710d8bf40,08/08/2025 06:35:00 PM,1,DRIVER,,2025253,,UNKNOWN,OTHER (EXPLAIN IN NARRATIVE),IL,,NONE,OTHER,FIRE,S,BACKING,,,1,,,,,,,,,,Y,,,,,,,,REAR,,,,,,,,,,,,,,,,,,,,,,,,,,,,,,,,,
2124435,79fdbc907f9175c51d621c429af507a8ad6a98df3259fa1aa3610259501225eb15a070105cf00bf1ba4b9cada254074857cc93b565a911e82b719c5812374524,08/08/2025 06:30:00 PM,1,DRIVER,1,2025224,,MERCEDES-BENZ,ML300,IL,2006,UNKNOWN,SPORT UTILITY VEHICLE (SUV),PERSONAL,S,STRAIGHT AHEAD,,,2,,,,,,,,,,,,,,,,Y,,FRONT,,,,,,,,,,,,,,,,,,,,,,,,,,,,,,,,,
2124436,79fdbc907f9175c51d621c429af507a8ad6a98df3259fa1aa3610259501225eb15a070105cf00bf1ba4b9cada254074857cc93b565a911e82b719c5812374524,08/08/2025 06:30:00 PM,2,DRIVER,1,2025231,,HYUNDAI,ACCENT,IL,2008,UNKNOWN,PASSENGER,PERSONAL,S,OTHER,,,2,,,,,,,,,,Y,,,,,,,,REAR,,,,,,,,,,,,,,,,,,,,,,,,,,,,,,,,,
2124913,827087bccb68e19228a859bb314e38f514d762d994c474b5c8be1df539e6a43b2bdbab3120bec93a93c179a23a0d13c0f496735f2604bf05431ba7b145a82516,08/08/2025 06:30:00 PM,1,DRIVER,,2025683,,HONDA,CR-V,IL,2016,NONE,PASSENGER,PERSONAL,W,STRAIGHT AHEAD,,,1,,,,,,,,,,,,,,,,Y,,FRONT,,,,,,,,,,,,,,,,,,,,,,,,,,,,,,,,,
2124968,a1f01faf26997ae1d1f64b598a0d08414218eae9b740cab956c4efc17fe04b3a22f5e4cffc33d63fa87241b12f3f03a5cdf73565e3603ab88a55da5498a43e29,08/08/2025 06:30:00 PM,1,DRIVER,,2025732,,UNKNOWN,OTHER (EXPLAIN IN NARRATIVE),,,UNKNOWN,UNKNOWN/NA,UNKNOWN/NA,UNKNOWN,UNKNOWN/NA,,,1,,,,,,,,,,,,,,,,,Y,UNKNOWN,,,,,,,,,,,,,,,,,,,,,,,,,,,,,,,,,
2124969,a1f01faf26997ae1d1f64b598a0d08414218eae9b740cab956c4efc17fe04b3a22f5e4cffc33d63fa87241b12f3f03a5cdf73565e3603ab88a55da5498a43e29,08/08/2025 06:30:00 PM,2,PARKED,,2025747,,KIA,FORTE,IN,2023,NONE,PASSENGER,NOT IN USE,N,PARKED,,,0,,,,,Y,,,,,,,,,,,,,FRONT-RIGHT-CORNER,,,,,,,,,,,,,,,,,,,,,,,,,,,,,,,,,
2124450,baa528e9b37a81e439c96848a067c4a2a09ad38073ab25d30d1f497ce76822c995edc00f8c491365424b3187c15d370a20c88d113ec870d17cf09c1e7c7c58bb,08/08/2025 06:30:00 PM,1,DRIVER,,2025241,,UNKNOWN,OTHER (EXPLAIN IN NARRATIVE),,,UNKNOWN,SPORT UTILITY VEHICLE (SUV),UNKNOWN/NA,N,STRAIGHT AHEAD,,,1,,,,,,,,,,,,,,,,,Y,UNKNOWN,,,,,,,,,,,,,,,,,,,,,,,,,,,,,,,,,
2124451,baa528e9b37a81e439c96848a067c4a2a09ad38073ab25d30d1f497ce76822c995edc00f8c491365424b3187c15d370a20c88d113ec870d17cf09c1e7c7c58bb,08/08/2025 06:30:00 PM,2,DRIVER,,2025247,,SUBARU,OUTBACK,IL,2018,NONE,PASSENGER,PERSONAL,S,TURNING LEFT,,,1,,,,,,,,Y,Y,,,,,,,,,REAR-RIGHT-CORNER,,,,,,,,,,,,,,,,,,,,,,,,,,,,,,,,,
2124475,59ef784a223a538d768498c392b06feb72ad3c2b00390f71bb4ae4ba4e0ed314572b7f71bad51966cb4a28718d3fa8f273890368a7fc83f605ef87afe48a42fd,08/08/2025 06:25:00 PM,1,DRIVER,1,2025264,,TOYOTA,CAMRY,IL,2025,NONE,PASSENGER,UNKNOWN/NA,E,OTHER,,,2,,,,,,,,,,,,,,,Y,,,FRONT-LEFT-CORNER,,,,,,,,,,,,,,,,,,,,,,,,,,,,,,,,,
2124476,59ef784a223a538d768498c392b06feb72ad3c2b00390f71bb4ae4ba4e0ed314572b7f71bad51966cb4a28718d3fa8f273890368a7fc83f605ef87afe48a42fd,08/08/2025 06:25:00 PM,2,PARKED,,2025275,,MITSUBISHI,OTHER (EXPLAIN IN NARRATIVE),IL,2006,NONE,SPORT UTILITY VEHICLE (SUV),NOT IN USE,E,PARKED,,,0,,,,,,,,,Y,,,,,,,,,REAR-RIGHT-CORNER,,,,,,,,,,,,,,,,,,,,,,,,,,,,,,,,,
2124551,9ffaac659d8a67a4cb0a3fbe2c76113bb69d6b6a40b820708f300cf8407252c22ea0a3613168327861a696fe39a6493f8cef7740e7dcaed30457f2c874cbac65,08/08/2025 06:25:00 PM,1,DRIVERLESS,,2025345,,TOYOTA,HIGHLANDER,IL,2024,UNKNOWN,SPORT UTILITY VEHICLE (SUV),NOT IN USE,W,OTHER,,,0,,,,,,,,,,,,,Y,,,,,SIDE-LEFT,,,,,,,,,,,,,,,,,,,,,,,,,,,,,,,,,
2124552,9ffaac659d8a67a4cb0a3fbe2c76113bb69d6b6a40b820708f300cf8407252c22ea0a3613168327861a696fe39a6493f8cef7740e7dcaed30457f2c874cbac65,08/08/2025 06:25:00 PM,2,DRIVER,,2025348,,TOYOTA,PRIUS,IL,2012,UNKNOWN,PASSENGER,UNKNOWN/NA,W,STRAIGHT AHEAD,,,1,,,,,Y,Y,Y,Y,Y,,,,,,,,,FRONT-RIGHT-CORNER,,,,,,,,,,,,,,,,,,,,,,,,,,,,,,,,,
2124500,8ea76809caa4202b0939d750543d2f0c5c7deed0ed72de16849a9250d234491e5e9aaaf89302b44fa3468e7748c89b411999264353450f592ba9429971a4df01,08/08/2025 06:20:00 PM,1,DRIVER,,2025283,,AUDI,A3,IL,2015,NONE,PASSENGER,PERSONAL,UNKNOWN,BACKING,,,1,,,,,,,,,,Y,,,,,,,,REAR,,,,,,,,,,,,,,,,,,,,,,,,,,,,,,,,,
2124501,8ea76809caa4202b0939d750543d2f0c5c7deed0ed72de16849a9250d234491e5e9aaaf89302b44fa3468e7748c89b411999264353450f592ba9429971a4df01,08/08/2025 06:20:00 PM,2,DRIVER,,2025288,,CHEVROLET,SILVERADO,,2022,NONE,PICKUP,PERSONAL,UNKNOWN,STRAIGHT AHEAD,,,1,,,,,,,,,,,,,,,,Y,,FRONT,,,,,,,,,,,,,,,,,,,,,,,,,,,,,,,,,
2124418,aae2ca6f4d01e92f6a84b3bf898f74680b8c195ce5cb709d7aaec5b3a1b3cfd391d3c7406ca51736e90417fdebe8848ed2ee7bd02617c8428036c2a1c5805292,08/08/2025 06:20:00 PM,1,DRIVER,,2025199,,CADILLAC,SRX,IL,2012,NONE,PASSENGER,PERSONAL,N,BACKING,,,1,,,,,N,N,N,N,N,,,,Y,Y,Y,,,FRONT-LEFT-CORNER,,,,,,,,,,,,,,,,,,,,,,,,,,,,,,,,,
2124419,aae2ca6f4d01e92f6a84b3bf898f74680b8c195ce5cb709d7aaec5b3a1b3cfd391d3c7406ca51736e90417fdebe8848ed2ee7bd02617c8428036c2a1c5805292,08/08/2025 06:20:00 PM,2,DRIVER,,2025207,,FORD,F150,IL,2016,NONE,PASSENGER,PERSONAL,N,STRAIGHT AHEAD,,,1,,,,,Y,Y,Y,Y,Y,,,,,,,,,FRONT-RIGHT-CORNER,,,,,,,,,,,,,,,,,,,,,,,,,,,,,,,,,
2124426,0f9af0e1b882f20896797479ad043790d7bc107f7f42d0e59a959ac0afb78a3b0393df689de8403489ccb6afc0b59ca1e1a69ace960978ed712f738e44fca488,08/08/2025 06:07:00 PM,1,DRIVER,2,2025210,,TOYOTA,RAV4,IL,2021,NONE,PASSENGER,PERSONAL,S,STRAIGHT AHEAD,,,3,,,,,Y,,,,,,,,,,,,,FRONT-RIGHT-CORNER,,,,,,,,,,,,,,,,,,,,,,,,,,,,,,,,,
2124427,0f9af0e1b882f20896797479ad043790d7bc107f7f42d0e59a959ac0afb78a3b0393df689de8403489ccb6afc0b59ca1e1a69ace960978ed712f738e44fca488,08/08/2025 06:07:00 PM,2,DRIVER,,2025214,,TOYOTA,RAV4,IL,2021,NONE,PASSENGER,PERSONAL,S,ENTERING TRAFFIC LANE FROM PARKING,,,1,,,,,,,,,,,,,,,Y,,,FRONT-LEFT-CORNER,,,,,,,,,,,,,,,,,,,,,,,,,,,,,,,,,
2124413,47b8851fdc411a5a2ca60e06dd87e83d2304d054084ce8e762682a6cebb1cf71605c213d8e8e9166aefd2513ba02abf38a8e49de739f3e0ab91cfa28ba47cfb5,08/08/2025 06:04:00 PM,1,DRIVER,,2025198,,FORD,OTHER (EXPLAIN IN NARRATIVE),IL,2020,UNKNOWN,BUS UP TO 15 PASS.,OTHER,W,TURNING RIGHT,,,1,,,,Y,Y,,,,,,,,,,,,,FRONT-RIGHT-CORNER,,,,,,,,,,,,,,,,,,,,,,,,,,,,,,,,,
2124414,47b8851fdc411a5a2ca60e06dd87e83d2304d054084ce8e762682a6cebb1cf71605c213d8e8e9166aefd2513ba02abf38a8e49de739f3e0ab91cfa28ba47cfb5,08/08/2025 06:04:00 PM,2,DRIVER,,2025202,,UNKNOWN,OTHER (EXPLAIN IN NARRATIVE),,,UNKNOWN,PASSENGER,UNKNOWN/NA,W,SLOW/STOP IN TRAFFIC,,,1,,,,,,,,,,,Y,,,,,,,REAR-LEFT-CORNER,,,,,,,,,,,,,,,,,,,,,,,,,,,,,,,,,
2124415,47b8851fdc411a5a2ca60e06dd87e83d2304d054084ce8e762682a6cebb1cf71605c213d8e8e9166aefd2513ba02abf38a8e49de739f3e0ab91cfa28ba47cfb5,08/08/2025 06:04:00 PM,3,DRIVER,,2025203,,UNKNOWN,OTHER (EXPLAIN IN NARRATIVE),,,UNKNOWN,UNKNOWN/NA,UNKNOWN/NA,W,SLOW/STOP IN TRAFFIC,,,1,,,,,,,,,,Y,,,,,,,Y,REAR,,,,,,,,,,,,,,,,,,,,,,,,,,,,,,,,,
2124448,3ff5f01665964981ab18b80a4dee8e860e0b7d48ed85b0b11f121804166e34610d26a4e48505cf9935823774ca72e8f5ceae598a939d739be9ac7a41912af166,08/08/2025 06:00:00 PM,1,DRIVER,,2025235,,UNKNOWN,OTHER (EXPLAIN IN NARRATIVE),,,NONE,UNKNOWN/NA,UNKNOWN/NA,W,MERGING,,,1,,,,,,,,,,,,,,,,,Y,FRONT,,,,,,,,,,,,,,,,,,,,,,,,,,,,,,,,,
2124449,3ff5f01665964981ab18b80a4dee8e860e0b7d48ed85b0b11f121804166e34610d26a4e48505cf9935823774ca72e8f5ceae598a939d739be9ac7a41912af166,08/08/2025 06:00:00 PM,2,DRIVER,,2025244,,DODGE,CARAVAN,IL,2017,NONE,PASSENGER,PERSONAL,W,STRAIGHT AHEAD,,,1,,,,,Y,Y,,,,,,,,,,,,SIDE-LEFT-FRONT,,,,,,,,,,,,,,,,,,,,,,,,,,,,,,,,,
2126377,4a55229f913807aa2d84e04acc8be67b644bcfae47e73962b4056dd417bd4811a5912c39b329fb4ce96c6beb1003c60f2d42cb91501f166a6ba17f32b2f5b443,08/08/2025 06:00:00 PM,1,DRIVER,,2027068,,UNKNOWN,OTHER (EXPLAIN IN NARRATIVE),IL,,UNKNOWN,UNKNOWN/NA,UNKNOWN/NA,N,UNKNOWN/NA,,,1,,,,,,,,N,N,,,,,,,N,Y,UNKNOWN,,,,,,,,,,,,,,,,,,,,,,,,,,,,,,,,,
2126378,4a55229f913807aa2d84e04acc8be67b644bcfae47e73962b4056dd417bd4811a5912c39b329fb4ce96c6beb1003c60f2d42cb91501f166a6ba17f32b2f5b443,08/08/2025 06:00:00 PM,2,PARKED,,2027070,,NISSAN,ROGUE,IL,2013,UNKNOWN,PASSENGER,UNKNOWN/NA,N,PARKED,,,0,,,,,,,,Y,Y,,,,,,,,,SIDE-RIGHT-REAR,,,,,,,,,,,,,,,,,,,,,,,,,,,,,,,,,
2124430,9a6641c6594810261bf27c5c89e6a1b4fa34a4b11987ac63d4b69b8c7d19b93299ab59241ba7d5d00fc39c5e63c4790689ff38c29b47cd8d1aea7600da0e12a6,08/08/2025 06:00:00 PM,1,DRIVER,,2025215,,UNKNOWN,MOTORIZED,IL,,UNKNOWN,PASSENGER,UNKNOWN/NA,W,PASSING/OVERTAKING,,,1,,,,,,,,,,,,,,,,,Y,SIDE-RIGHT,,,,,,,,,,,,,,,,,,,,,,,,,,,,,,,,,
2124431,9a6641c6594810261bf27c5c89e6a1b4fa34a4b11987ac63d4b69b8c7d19b93299ab59241ba7d5d00fc39c5e63c4790689ff38c29b47cd8d1aea7600da0e12a6,08/08/2025 06:00:00 PM,2,DRIVER,1,2025221,,KIA,SPORTAGE,IL,2020,UNKNOWN,SPORT UTILITY VEHICLE (SUV),UNKNOWN/NA,W,SLOW/STOP IN TRAFFIC,,,2,,,,,,,,,,,,,,,,Y,,FRONT,,,,,,,,,,,,,,,,,,,,,,,,,,,,,,,,,
2124433,b8d16aedfd3db860b8010fcf5a7969e3b184fffdbae82cd220f6249e08bf635b708be33ce30453ff29b7bd797110d2297e0dde3be02ac1e832207e37cb97cc5f,08/08/2025 06:00:00 PM,1,DRIVER,,2025216,,LINCOLN,MKT,,,NONE,PASSENGER,PERSONAL,S,STRAIGHT AHEAD,,,1,,,,,Y,,,,Y,,,,,,,,,FRONT-RIGHT-CORNER,,,,,,,,,,,,,,,,,,,,,,,,,,,,,,,,,
2124434,b8d16aedfd3db860b8010fcf5a7969e3b184fffdbae82cd220f6249e08bf635b708be33ce30453ff29b7bd797110d2297e0dde3be02ac1e832207e37cb97cc5f,08/08/2025 06:00:00 PM,2,PARKED,,2025225,,CHEVROLET,MALIBU,,,NONE,PASSENGER,PERSONAL,S,PARKED,,,0,,,,,,,,,,,,,,,Y,,,FRONT-LEFT-CORNER,,,,,,,,,,,,,,,,,,,,,,,,,,,,,,,,,
2124424,fd798844f6a801d4f2873512cb3948ae6fb2799b4cee99c8a4118bf216878b3fdfdd1374bbe80c2341e7169b879a0af0eef3381b8d41918ea7f5342b74926616,08/08/2025 05:56:00 PM,1,DRIVER,,2025208,,JEEP,CHEROKEE,IL,2014,NONE,SPORT UTILITY VEHICLE (SUV),PERSONAL,E,STRAIGHT AHEAD,,,1,,,,,,,,,Y,Y,Y,,,,,,,REAR,,,,,,,,,,,,,,,,,,,,,,,,,,,,,,,,,
2124425,fd798844f6a801d4f2873512cb3948ae6fb2799b4cee99c8a4118bf216878b3fdfdd1374bbe80c2341e7169b879a0af0eef3381b8d41918ea7f5342b74926616,08/08/2025 05:56:00 PM,2,DRIVER,,2025213,,LEXUS,RX450H,IL,2018,NONE,PASSENGER,PERSONAL,S,STRAIGHT AHEAD,,,1,,,,,,,,,,,Y,Y,Y,,,,,SIDE-LEFT-REAR,,,,,,,,,,,,,,,,,,,,,,,,,,,,,,,,,
2124410,5ab6c0d6c209928c2601acf34af7872cbd022c109158d66cea05bf921547fb1088b2c01ddd84578c2fb9e826236182545a358d9743eede0c026fad1c691d8933,08/08/2025 05:55:00 PM,1,DRIVER,,2025206,,TOYOTA,PRIUS,IL,2013,NONE,PASSENGER,PERSONAL,S,STRAIGHT AHEAD,Y,,1,,PRIVATE,PRIVATE,,Y,,,,,,,,,,Y,Y,,FRONT,,,,,,,,,,,,,,,,,,,,,,,,,,,,,,,,,
2124411,5ab6c0d6c209928c2601acf34af7872cbd022c109158d66cea05bf921547fb1088b2c01ddd84578c2fb9e826236182545a358d9743eede0c026fad1c691d8933,08/08/2025 05:55:00 PM,2,DRIVER,,2025219,,HONDA,CR-V,IL,2015,NONE,PASSENGER,PERSONAL,S,STRAIGHT AHEAD,,,1,,,,,,,,,Y,Y,Y,,,,,,,REAR,,,,,,,,,,,,,,,,,,,,,,,,,,,,,,,,,
2124412,5ab6c0d6c209928c2601acf34af7872cbd022c109158d66cea05bf921547fb1088b2c01ddd84578c2fb9e826236182545a358d9743eede0c026fad1c691d8933,08/08/2025 05:55:00 PM,3,DRIVER,,2025230,,HONDA,PILOT,,2004,NONE,PASSENGER,PERSONAL,S,STRAIGHT AHEAD,,,1,,,,,,,,,Y,Y,Y,,,,,,,REAR,,,,,,,,,,,,,,,,,,,,,,,,,,,,,,,,,
2124440,28a70a91c8b016d77e1562f0f46117ad936c168f915518178c605973c1be0a757e5e95e72c2ec3c8ca83c730433528c76a72bfc8152343404070b6ccbb583887,08/08/2025 05:50:00 PM,1,DRIVER,,2025227,,VOLKSWAGEN,TIGUAN,,2019,NONE,SPORT UTILITY VEHICLE (SUV),PERSONAL,E,TURNING LEFT,,,1,,,,,Y,Y,,,,,,,,,,,,FRONT-RIGHT-CORNER,,,,,,,,,,,,,,,,,,,,,,,,,,,,,,,,,
2124441,28a70a91c8b016d77e1562f0f46117ad936c168f915518178c605973c1be0a757e5e95e72c2ec3c8ca83c730433528c76a72bfc8152343404070b6ccbb583887,08/08/2025 05:50:00 PM,2,DRIVER,,2025240,,CHEVROLET,TAHOE,,2008,NONE,SPORT UTILITY VEHICLE (SUV),PERSONAL,S,TURNING LEFT,,,1,,,,,,,,Y,Y,,,,,,,,,REAR-RIGHT-CORNER,,,,,,,,,,,,,,,,,,,,,,,,,,,,,,,,,
2124428,53595213ddaed0b89fac4ecf518e4331fe29fdb7a14bc18c8ac48961a25ee6b4a9a64fdb53194fae1bd4c28eb0f11b3dd759b8e75b690992f664319dd7b08af6,08/08/2025 05:50:00 PM,1,DRIVER,,2025217,,NISSAN,ROGUE,IL,2025,NONE,PASSENGER,PERSONAL,S,CHANGING LANES,Y,,1,,PRIVATE,,,,,,,,,Y,Y,Y,Y,Y,Y,,SIDE-LEFT,,,,,,,,,,,,,,,,,,,,,,,,,,,,,,,,,
2124429,53595213ddaed0b89fac4ecf518e4331fe29fdb7a14bc18c8ac48961a25ee6b4a9a64fdb53194fae1bd4c28eb0f11b3dd759b8e75b690992f664319dd7b08af6,08/08/2025 05:50:00 PM,2,DRIVER,,2025226,,TESLA,MODEL Y,IL,2023,NONE,PASSENGER,PERSONAL,S,STRAIGHT AHEAD,N,,1,,,,,Y,,,,,,Y,Y,Y,Y,Y,,,FRONT-RIGHT-CORNER,,,,,,,,,,,,,,,,,,,,,,,,,,,,,,,,,
2124420,6f9dd13853fd611980fb291e30c7bc037a94c28dc9fdb88fb4bf394daf999eadf6c845c800a875af74d895b86e2e36c656b0245a8667b45dd975846e48fef064,08/08/2025 05:47:00 PM,1,DRIVER,,2025204,,HYUNDAI,ELANTRA,IL,2015,NONE,PASSENGER,PERSONAL,W,BACKING,,,1,,,,,,,,,Y,Y,Y,,,,,,,REAR,,,,,,,,,,,,,,,,,,,,,,,,,,,,,,,,,
2124421,6f9dd13853fd611980fb291e30c7bc037a94c28dc9fdb88fb4bf394daf999eadf6c845c800a875af74d895b86e2e36c656b0245a8667b45dd975846e48fef064,08/08/2025 05:47:00 PM,2,DRIVER,,2025211,,CHEVROLET,CRUZE,IL,2017,NONE,PASSENGER,PERSONAL,W,STRAIGHT AHEAD,,,1,,,,,Y,,,,,,,,,Y,Y,Y,,FRONT,,,,,,,,,,,,,,,,,,,,,,,,,,,,,,,,,
2124762,1852980fa25c88b805bde540284c16204741797300b85a271188d869b8b6ead75122491a75f522783e2f0248fb0abc49aa2392b0824fc6ca58cb4cea7fb77f38,08/08/2025 05:45:00 PM,1,DRIVER,,2025545,,NISSAN,OTHER (EXPLAIN IN NARRATIVE),,2014,UNKNOWN,PASSENGER,PERSONAL,E,STRAIGHT AHEAD,,,1,,,,,Y,,,,,,,,,,Y,Y,,FRONT,,,,,,,,,,,,,,,,,,,,,,,,,,,,,,,,,
2124763,1852980fa25c88b805bde540284c16204741797300b85a271188d869b8b6ead75122491a75f522783e2f0248fb0abc49aa2392b0824fc6ca58cb4cea7fb77f38,08/08/2025 05:45:00 PM,2,DRIVER,,2025556,,NISSAN,OTHER (EXPLAIN IN NARRATIVE),IL,2008,UNKNOWN,PASSENGER,PERSONAL,E,STRAIGHT AHEAD,,,1,,,,,,,,,Y,Y,Y,,,,,,,REAR,,,,,,,,,,,,,,,,,,,,,,,,,,,,,,,,,
2137170,c35c507a8b968025ef98ea633f87b656da41d1bfebfbc0765a0a65e16fdea49206a509c4dab8fdbd04dc2ee0286a15b631e07561ff509c54124c443956d9c15b,08/08/2025 05:41:00 PM,1,DRIVER,,2037312,,TOYOTA,OTHER (EXPLAIN IN NARRATIVE),IL,2022,NONE,PASSENGER,PERSONAL,S,STRAIGHT AHEAD,,,1,,,,,,,,,,,,,,,,,Y,UNKNOWN,,,,,,,,,,,,,,,,,,,,,,,,,,,,,,,,,
2137171,c35c507a8b968025ef98ea633f87b656da41d1bfebfbc0765a0a65e16fdea49206a509c4dab8fdbd04dc2ee0286a15b631e07561ff509c54124c443956d9c15b,08/08/2025 05:41:00 PM,2,DRIVER,,2037313,,ACURA,ADX,IL,2024,NONE,PASSENGER,NOT IN USE,S,STRAIGHT AHEAD,,,1,,,,,,,,,,,,,,,,,,,,,,,,,,,,,,,,,,,,,,,,,,,,,,,,,,,
2124485,cae1c7c0f8185e33dfe8e6a2540d07194b8e707ae1b2c3508bf4b1501b0751fa6c8d88a4f572e2230b30142816e77a02aa663d38c05f3bb01b77f85ac1b95f5f,08/08/2025 05:40:00 PM,1,DRIVER,1,2025277,,HONDA,ACCORD,IL,2015,UNKNOWN,PASSENGER,PERSONAL,N,STRAIGHT AHEAD,,,2,,,,,Y,Y,,,,,,,,Y,Y,Y,,FRONT,,,,,,,,,,,,,,,,,,,,,,,,,,,,,,,,,
2124486,cae1c7c0f8185e33dfe8e6a2540d07194b8e707ae1b2c3508bf4b1501b0751fa6c8d88a4f572e2230b30142816e77a02aa663d38c05f3bb01b77f85ac1b95f5f,08/08/2025 05:40:00 PM,2,DRIVER,,2025281,,HYUNDAI,TUCSON,IL,2024,UNKNOWN,PASSENGER,PERSONAL,N,STRAIGHT AHEAD,,,1,,,,,,,,,Y,Y,Y,,,,,,,REAR,,,,,,,,,,,,,,,,,,,,,,,,,,,,,,,,,
2124401,f9918604649b72c375f87c6772784079d56be61704bdb0419df93dfc9c0b7c0243dc30673650b693079bfaa4b3f70211f937ac1566bebcc8d68e30014a7022c9,08/08/2025 05:35:00 PM,1,DRIVER,,2025192,,HYUNDAI,SONATA,IL,2015,UNKNOWN,PASSENGER,PERSONAL,S,STRAIGHT AHEAD,,,1,,,,,,,,,,,,,,,,Y,,UNKNOWN,,,,,,,,,,,,,,,,,,,,,,,,,,,,,,,,,
2124402,f9918604649b72c375f87c6772784079d56be61704bdb0419df93dfc9c0b7c0243dc30673650b693079bfaa4b3f70211f937ac1566bebcc8d68e30014a7022c9,08/08/2025 05:35:00 PM,2,DRIVER,1,2025193,,TOYOTA,CAMRY,IL,2011,UNKNOWN,PASSENGER,RIDESHARE SERVICE,S,TURNING RIGHT,,,2,,,,,,,,,,Y,,,,,,,,UNKNOWN,,,,,,,,,,,,,,,,,,,,,,,,,,,,,,,,,
2124445,ddf6cf3edddb4e0e2d67f106f8de3d493c2a314d761a46507cbffd46d5bad26a421c5e41b41b878ad94aa4463e507705c511f7c8ecaed9bf128863881a050a58,08/08/2025 05:32:00 PM,1,DRIVER,1,2025239,,SUZUKI,SX4,IL,2012,UNKNOWN,PASSENGER,PERSONAL,W,STRAIGHT AHEAD,Y,,2,,OWNER,,,Y,,,,,,,,,,Y,Y,,FRONT,,,,,,,,,,,,,,,,,,,,,,,,,,,,,,,,,