CRASH_UNIT_ID,CRASH_RECORD_ID,CRASH_DATE,UNIT_NO,UNIT_TYPE,NUM_PASSENGERS,VEHICLE_ID,CMRC_VEH_I,MAKE,MODEL,LIC_PLATE_STATE,VEHICLE_YEAR,VEHICLE_DEFECT,VEHICLE_TYPE,VEHICLE_USE,TRAVEL_DIRECTION,MANEUVER,TOWED_I,FIRE_I,OCCUPANT_CNT,EXCEED_SPEED_LIMIT_I,TOWED_BY,TOWED_TO,AREA_00_I,AREA_01_I,AREA_02_I,AREA_03_I,AREA_04_I,AREA_05_I,AREA_06_I,AREA_07_I,AREA_08_I,AREA_09_I,AREA_10_I,AREA_11_I,AREA_12_I,AREA_99_I,FIRST_CONTACT_POINT,CMV_ID,USDOT_NO,CCMC_NO,ILCC_NO,COMMERCIAL_SRC,GVWR,CARRIER_NAME,CARRIER_STATE,CARRIER_CITY,HAZMAT_PLACARDS_I,HAZMAT_NAME,UN_NO,HAZMAT_PRESENT_I,HAZMAT_REPORT_I,HAZMAT_REPORT_NO,MCS_REPORT_I,MCS_REPORT_NO,HAZMAT_VIO_CAUSE_CRASH_I,MCS_VIO_CAUSE_CRASH_I,IDOT_PERMIT_NO,WIDE_LOAD_I,TRAILER1_WIDTH,TRAILER2_WIDTH,TRAILER1_LENGTH,TRAILER2_LENGTH,TOTAL_VEHICLE_LENGTH,AXLE_CNT,VEHICLE_CONFIG,CARGO_BODY_TYPE,LOAD_TYPE,HAZMAT_OUT_OF_SERVICE_I,MCS_OUT_OF_SERVICE_I,HAZMAT_CLASS
2124446,ddf6cf3edddb4e0e2d67f106f8de3d493c2a314d761a46507cbffd46d5bad26a421c5e41b41b878ad94aa4463e507705c511f7c8ecaed9bf128863881a050a58,08/08/2025 05:32:00 PM,2,DRIVER,,2025251,,HONDA,FIT,KS,2018,UNKNOWN,PASSENGER,PERSONAL,S,STRAIGHT AHEAD,Y,,1,,OWNER,,,Y,Y,Y,Y,Y,Y,Y,,,,,,,SIDE-RIGHT,,,,,,,,,,,,,,,,,,,,,,,,,,,,,,,,,
2124447,ddf6cf3edddb4e0e2d67f106f8de3d493c2a314d761a46507cbffd46d5bad26a421c5e41b41b878ad94aa4463e507705c511f7c8ecaed9bf128863881a050a58,08/08/2025 05:32:00 PM,3,DRIVER,,2025258,,FORD,MUSTANG,IL,1966,UNKNOWN,PASSENGER,PERSONAL,S,STRAIGHT AHEAD,Y,,1,,OWNER,,,Y,,,,,,,,,,Y,Y,,FRONT,,,,,,,,,,,,,,,,,,,,,,,,,,,,,,,,,
2126285,4d5f075aa842d69453d00d856afc98266e80deb586f3858f3162618d7ceb15bc09e0be1c916f5b7a5730ac7f39e4a856f1ca84c2ab3858f472e5993faf6c165f,08/08/2025 05:30:00 PM,1,DRIVER,,2026978,,TOYOTA,COROLLA,IL,2005,UNKNOWN,PASSENGER,PERSONAL,UNKNOWN,UNKNOWN/NA,,,1,,,,,Y,,,,,,,,,,,Y,,FRONT,,,,,,,,,,,,,,,,,,,,,,,,,,,,,,,,,
2126286,4d5f075aa842d69453d00d856afc98266e80deb586f3858f3162618d7ceb15bc09e0be1c916f5b7a5730ac7f39e4a856f1ca84c2ab3858f472e5993faf6c165f,08/08/2025 05:30:00 PM,2,PARKED,,2026979,,CADILLAC,XT5,IL,2019,UNKNOWN,PASSENGER,NOT IN USE,UNKNOWN,PARKED,,,0,,,,,Y,,,,,,,,,,Y,Y,,FRONT,,,,,,,,,,,,,,,,,,,,,,,,,,,,,,,,,
2124385,6b963dd76b0400c72ab1c839f8a8685feb30295214133b5067cfbaa66dbbbd49e6574e360e968d26d8b594e93ffa937df2f63cbba3a751d694b28197c697223d,08/08/2025 05:30:00 PM,1,DRIVER,,2025176,,FORD,EXPLORER,IL,2023,NONE,SPORT UTILITY VEHICLE (SUV),POLICE,N,STRAIGHT AHEAD,,,1,,,,,,Y,,,,,,,,,,,,SIDE-RIGHT,,,,,,,,,,,,,,,,,,,,,,,,,,,,,,,,,
2124386,6b963dd76b0400c72ab1c839f8a8685feb30295214133b5067cfbaa66dbbbd49e6574e360e968d26d8b594e93ffa937df2f63cbba3a751d694b28197c697223d,08/08/2025 05:30:00 PM,2,PARKED,,2025183,,HONDA,CR-V,IL,2019,UNKNOWN,SPORT UTILITY VEHICLE (SUV),PERSONAL,N,PARKED,,,0,,,,,,,,,,,,,,Y,,,,SIDE-LEFT,,,,,,,,,,,,,,,,,,,,,,,,,,,,,,,,,
2124387,80b13e6e247548372abad755c4c040104585dbc8307c66a174893e0311e66d22526a01e69dcd3d6b081a3db69fc78a29995978f8329aed0d8af6a5da5657e5ba,08/08/2025 05:24:00 PM,1,DRIVER,,2025169,,UNKNOWN,OTHER (EXPLAIN IN NARRATIVE),IL,,UNKNOWN,TRUCK - SINGLE UNIT,TOW TRUCK,W,TURNING LEFT,,,1,,,,,Y,Y,,,,,,,,,,,,SIDE-LEFT,,,,,,,,,,,,,,,,,,,,,,,,,,,,,,,,,
2124388,80b13e6e247548372abad755c4c040104585dbc8307c66a174893e0311e66d22526a01e69dcd3d6b081a3db69fc78a29995978f8329aed0d8af6a5da5657e5ba,08/08/2025 05:24:00 PM,2,DRIVER,,2025178,,NISSAN,ALTIMA,IL,2023,UNKNOWN,PASSENGER,PERSONAL,W,TURNING LEFT,,,1,,,,,,,,,,,,,,Y,Y,,,FRONT-LEFT-CORNER,,,,,,,,,,,,,,,,,,,,,,,,,,,,,,,,,
2132272,343312c2a4cebd434460f1460e26826be76d226d272019e9a3212ef15d724d12d743f417c5a0b4dcebe687c50be8f56d98d5136db954199333a619d4aac89c25,08/08/2025 05:20:00 PM,1,DRIVER,,2032619,,HYUNDAI,ELANTRA,IL,2016,NONE,PASSENGER,PERSONAL,E,TURNING LEFT,Y,,1,,personal tow,private tow,,Y,,,,,,,,,,,,,FRONT-RIGHT-CORNER,,,,,,,,,,,,,,,,,,,,,,,,,,,,,,,,,
2132273,343312c2a4cebd434460f1460e26826be76d226d272019e9a3212ef15d724d12d743f417c5a0b4dcebe687c50be8f56d98d5136db954199333a619d4aac89c25,08/08/2025 05:20:00 PM,2,DRIVER,,2032620,,JEEP,GRAND CHEROKEE,IL,2021,NONE,PASSENGER,PERSONAL,W,STRAIGHT AHEAD,,,1,,,,,Y,,,,,,,,,,,,,FRONT-RIGHT-CORNER,,,,,,,,,,,,,,,,,,,,,,,,,,,,,,,,,
2125712,d9a0210b8c1b51826ea2eba3e5a982349c59dc3db0e346767cf53388f62f8b9ddf72331574c11a1cfdde7ada0f316917044e4f40afe31b5f4e773cbd2f846c05,08/08/2025 05:20:00 PM,1,DRIVER,,2026434,,VOLKSWAGEN,JETTA,MO,2017,NONE,PASSENGER,UNKNOWN/NA,UNKNOWN,BACKING,,,1,,,,,,,,,Y,Y,Y,,,,,,,REAR,,,,,,,,,,,,,,,,,,,,,,,,,,,,,,,,,
2125713,d9a0210b8c1b51826ea2eba3e5a982349c59dc3db0e346767cf53388f62f8b9ddf72331574c11a1cfdde7ada0f316917044e4f40afe31b5f4e773cbd2f846c05,08/08/2025 05:20:00 PM,2,DRIVER,,2026457,,TOYOTA,CAMRY,IL,2021,NONE,PASSENGER,PERSONAL,W,STRAIGHT AHEAD,,,1,,,,,,,,Y,Y,,,,,,,,,SIDE-RIGHT-REAR,,,,,,,,,,,,,,,,,,,,,,,,,,,,,,,,,
2124407,99e302e394feb6b36c68fca3c5216ce143ce13d8843381a3600c559f50e238d7d45317d1ee7b3e9eca689ac49c257c2d16582eb803520ba8617a6bc2faf03057,08/08/2025 05:19:00 PM,1,DRIVER,,2025197,,TESLA,OTHER (EXPLAIN IN NARRATIVE),FL,2023,NONE,PASSENGER,PERSONAL,S,STRAIGHT AHEAD,,,1,,,,,,,Y,,,,,,,,,,,SIDE-RIGHT,,,,,,,,,,,,,,,,,,,,,,,,,,,,,,,,,
2124408,99e302e394feb6b36c68fca3c5216ce143ce13d8843381a3600c559f50e238d7d45317d1ee7b3e9eca689ac49c257c2d16582eb803520ba8617a6bc2faf03057,08/08/2025 05:19:00 PM,2,DRIVER,,2025201,,VOLKSWAGEN,ATLAS,IL,2025,NONE,PASSENGER,PERSONAL,S,STRAIGHT AHEAD,,,1,,,,,,,,,,,,,,Y,Y,,,FRONT-LEFT-CORNER,,,,,,,,,,,,,,,,,,,,,,,,,,,,,,,,,
2124409,500e5daf4e78c2d713b063da33e7aa2f1679adbef18b54cb297e3cfe7aa7940bcfb7716387079783fb47ec4ac4fdf3c2c76bc10ca9ab9553e3e00c0368a952ae,08/08/2025 05:12:00 PM,1,BICYCLE,,,,,,,,,,,,,,,,,,,,,,,,,,,,,,,,,,,,,,,,,,,,,,,,,,,,,,,,,,,,,,,,,,
2124432,500e5daf4e78c2d713b063da33e7aa2f1679adbef18b54cb297e3cfe7aa7940bcfb7716387079783fb47ec4ac4fdf3c2c76bc10ca9ab9553e3e00c0368a952ae,08/08/2025 05:12:00 PM,2,PARKED,,2025220,,VOLKSWAGEN,GOLF,IL,2021,UNKNOWN,PASSENGER,PERSONAL,N,PARKED,,,0,,,,,,,,,,,,,,,,,Y,SIDE-LEFT,,,,,,,,,,,,,,,,,,,,,,,,,,,,,,,,,
2124399,44acfed3a5c5fdefd650e9550573059f55cffc3247f808d55d6c3e5c4e1972fbbcb04b02df55edaba91b14e458dbd6f014a328c91ea0411dacc01cc754230aef,08/08/2025 05:11:00 PM,1,DRIVER,,2025205,Y,FORD,TRANSIT,IL,2015,UNKNOWN,PASSENGER,COMMERCIAL - SINGLE UNIT,E,STRAIGHT AHEAD,,,1,,,,,,,,,,,,,,,,Y,,FRONT,"21,960",,,,,,BENNETT THREE LEASING SRVCS,IL,ELMHURST,,,,N,N,,N,,N,N,,,,,,,,2,,VAN/ENCLOSED BOX,UNKNOWN,N,N,
2124400,44acfed3a5c5fdefd650e9550573059f55cffc3247f808d55d6c3e5c4e1972fbbcb04b02df55edaba91b14e458dbd6f014a328c91ea0411dacc01cc754230aef,08/08/2025 05:11:00 PM,2,DRIVER,,2025218,,HONDA,ACCORD,IL,2012,UNKNOWN,PASSENGER,PERSONAL,E,STRAIGHT AHEAD,,,1,,,,,,,,,,Y,,,,,,,,REAR,,,,,,,,,,,,,,,,,,,,,,,,,,,,,,,,,
2124365,def6b668a9f332e578265c159491f0384b83f09bb93bfe2629b8b87df3b2836f27c4165cb4b8ebbb0c3d9b2a5cedb02418b30c439181ab4e826448bb4b4152d9,08/08/2025 05:10:00 PM,1,DRIVER,,2025146,,HONDA,CIVIC,,2019,UNKNOWN,SPORT UTILITY VEHICLE (SUV),UNKNOWN/NA,S,STRAIGHT AHEAD,,,1,,,,,Y,,,,,,,,,,Y,Y,,FRONT,,,,,,,,,,,,,,,,,,,,,,,,,,,,,,,,,
2124366,def6b668a9f332e578265c159491f0384b83f09bb93bfe2629b8b87df3b2836f27c4165cb4b8ebbb0c3d9b2a5cedb02418b30c439181ab4e826448bb4b4152d9,08/08/2025 05:10:00 PM,2,DRIVER,,2025154,,MAZDA,CX-5,IL,2025,UNKNOWN,SPORT UTILITY VEHICLE (SUV),UNKNOWN/NA,S,STRAIGHT AHEAD,,,1,,,,,,,,,,Y,Y,,,,,,,SIDE-LEFT-REAR,,,,,,,,,,,,,,,,,,,,,,,,,,,,,,,,,
2124439,4de00ceb99282cf50b3612166903e1a830b6f18ee435ce24856d6b6229f6d8e8e30bb147fc711db505714e1162464ff3f19407cdfce954745f762f03fc75f3cc,08/08/2025 05:04:00 PM,1,DRIVER,1,2025236,,JEEP,CHEROKEE,IL,2021,UNKNOWN,PASSENGER,PERSONAL,S,AVOIDING VEHICLES/OBJECTS,Y,,2,,personal tow,unknown,,,,,,,,,,,Y,Y,,,FRONT-LEFT-CORNER,,,,,,,,,,,,,,,,,,,,,,,,,,,,,,,,,
2124343,3433829cd9fb0d6c8836abd830ae5e7175ec55a98f849fc86c473b4a724970245de6c6aa9b7eba4870eca3ddc9ff98f271303dc8d85649a119dad27bb8073895,08/08/2025 05:00:00 PM,1,DRIVER,,2025136,,MERCEDES-BENZ,E300,IL,2015,UNKNOWN,PASSENGER,UNKNOWN/NA,N,CHANGING LANES,,,1,,,,,,,,,,,,,,Y,Y,,,FRONT-LEFT-CORNER,,,,,,,,,,,,,,,,,,,,,,,,,,,,,,,,,
2124344,3433829cd9fb0d6c8836abd830ae5e7175ec55a98f849fc86c473b4a724970245de6c6aa9b7eba4870eca3ddc9ff98f271303dc8d85649a119dad27bb8073895,08/08/2025 05:00:00 PM,2,DRIVER,,2025147,,TOYOTA,RAV4,IL,2025,UNKNOWN,PASSENGER,UNKNOWN/NA,N,CHANGING LANES,,,1,,,,,Y,Y,,,,,,,,,,,,FRONT-RIGHT-CORNER,,,,,,,,,,,,,,,,,,,,,,,,,,,,,,,,,
2124712,b9dea5a3d927f5ceedfaf4439beb4cc3f2e9135e245898f299122773b0c256494631fd66bf627b3d5a9ab17e93278fe8841369da103ab469cb54c5f1a2c84473,08/08/2025 05:00:00 PM,1,DRIVER,,2025495,,UNKNOWN,OTHER (EXPLAIN IN NARRATIVE),,,UNKNOWN,UNKNOWN/NA,UNKNOWN/NA,N,STRAIGHT AHEAD,,,1,,,,,,,,,,,,,,,,,Y,UNKNOWN,,,,,,,,,,,,,,,,,,,,,,,,,,,,,,,,,
2124713,b9dea5a3d927f5ceedfaf4439beb4cc3f2e9135e245898f299122773b0c256494631fd66bf627b3d5a9ab17e93278fe8841369da103ab469cb54c5f1a2c84473,08/08/2025 05:00:00 PM,2,DRIVER,,2025494,,TOYOTA,RAV4,IL,2015,NONE,PASSENGER,PERSONAL,N,SLOW/STOP IN TRAFFIC,,,1,,,,,,,,,Y,Y,Y,,,,,,,REAR,,,,,,,,,,,,,,,,,,,,,,,,,,,,,,,,,
2124327,04d6087b6e20ff3b76073067383b338acc0bc1cd47e7c15b08e1dfbbe160ab073f347559ebfb64371e44d324197f326144886f48b9c5385cd1555dfa89f9d2b1,08/08/2025 04:53:00 PM,1,DRIVER,,2025114,,FORD,RANGER,IL,2001,NONE,TRUCK - SINGLE UNIT,NOT IN USE,N,STRAIGHT AHEAD,,,1,,,,,,,,,,,,,,,,Y,,FRONT,,,,,,,,,,,,,,,,,,,,,,,,,,,,,,,,,
2124328,04d6087b6e20ff3b76073067383b338acc0bc1cd47e7c15b08e1dfbbe160ab073f347559ebfb64371e44d324197f326144886f48b9c5385cd1555dfa89f9d2b1,08/08/2025 04:53:00 PM,2,DRIVER,3,2025120,,DODGE,DART,IL,2013,NONE,PASSENGER,PERSONAL,S,STRAIGHT AHEAD,,,4,,,,,,,,,,,,Y,,,,,,REAR-LEFT-CORNER,,,,,,,,,,,,,,,,,,,,,,,,,,,,,,,,,
2129118,825d47f36fdcdae6fa9d298e5fc7274b64237c109afca114107c04015f5d5366ccae65c1876b5c3f6d6c99133167839bbfeb1f1bb816b75596bae919b1309d65,08/08/2025 04:50:00 PM,1,DRIVER,,2029664,,TOYOTA,RAV4,IL,2023,NONE,PASSENGER,PERSONAL,NW,STRAIGHT AHEAD,,,1,,,,,Y,,,,,,,,,,,,,FRONT-RIGHT-CORNER,,,,,,,,,,,,,,,,,,,,,,,,,,,,,,,,,
2129119,825d47f36fdcdae6fa9d298e5fc7274b64237c109afca114107c04015f5d5366ccae65c1876b5c3f6d6c99133167839bbfeb1f1bb816b75596bae919b1309d65,08/08/2025 04:50:00 PM,2,DRIVER,,2029665,,TOYOTA,CAMRY,IL,2015,NONE,PASSENGER,PERSONAL,N,STRAIGHT AHEAD,,,1,,,,,,,,Y,Y,,,,,,,,,REAR-RIGHT-CORNER,,,,,,,,,,,,,,,,,,,,,,,,,,,,,,,,,
2124443,b476db76545c595b8764c035ad6e09779079a91be987a0c44a67b1335091affd28c91babac60f8c84747af7c4e6fd7bb450789f7a6c5fc36c963455d057c85f2,08/08/2025 04:50:00 PM,1,DRIVER,,2025238,,CHEVROLET,EQUINOX,IL,2013,UNKNOWN,SPORT UTILITY VEHICLE (SUV),PERSONAL,UNKNOWN,CHANGING LANES,,,1,,,,,Y,Y,,,,,,,,,,,,FRONT-RIGHT-CORNER,,,,,,,,,,,,,,,,,,,,,,,,,,,,,,,,,
2124444,b476db76545c595b8764c035ad6e09779079a91be987a0c44a67b1335091affd28c91babac60f8c84747af7c4e6fd7bb450789f7a6c5fc36c963455d057c85f2,08/08/2025 04:50:00 PM,2,DRIVER,,2025243,,HYUNDAI,SANTA FE,WI,2017,UNKNOWN,SPORT UTILITY VEHICLE (SUV),PERSONAL,UNKNOWN,STRAIGHT AHEAD,,,1,,,,,,,,,,,,Y,Y,Y,,,,SIDE-LEFT,,,,,,,,,,,,,,,,,,,,,,,,,,,,,,,,,
2124347,fd6653a17611b692a56be10c7fc8a9e6642ba1c37e7441b88f66b19b605d568e9a3f7fb0e8a3efdb81db2ef3d6fb972a826cedf9ee72ec38ad7b1774c96a7d3d,08/08/2025 04:50:00 PM,1,DRIVER,,2025140,,CHRYSLER,TOWN & COUNTRY,IL,2011,UNKNOWN,VAN/MINI-VAN,PERSONAL,S,DRIVING WRONG WAY,Y,,1,,,,,Y,,,,,,,,,,Y,Y,,FRONT,,,,,,,,,,,,,,,,,,,,,,,,,,,,,,,,,
2124348,fd6653a17611b692a56be10c7fc8a9e6642ba1c37e7441b88f66b19b605d568e9a3f7fb0e8a3efdb81db2ef3d6fb972a826cedf9ee72ec38ad7b1774c96a7d3d,08/08/2025 04:50:00 PM,2,DRIVER,,2025155,,CHEVROLET,EQUINOX,IL,2015,UNKNOWN,PASSENGER,PERSONAL,N,STRAIGHT AHEAD,Y,,1,,,,,Y,,,,,,,,,,Y,Y,,FRONT,,,,,,,,,,,,,,,,,,,,,,,,,,,,,,,,,
2124373,30b863c2916e3965966f8e0c9aa2cd3d4696ed1023fceb622202a349e6660ab1205e785537f6dd95840aa028d4c1bc551daef737f83ee9f5cfff4c4e96fde923,08/08/2025 04:45:00 PM,1,DRIVER,,2025160,,MAZDA,MAZDA3,IL,2010,UNKNOWN,PASSENGER,PERSONAL,S,STRAIGHT AHEAD,Y,,1,,REQUESTED HIS OWN TOW.,UNKNOWN,,Y,,,,,,,,,,Y,Y,,FRONT,,,,,,,,,,,,,,,,,,,,,,,,,,,,,,,,,
2124374,30b863c2916e3965966f8e0c9aa2cd3d4696ed1023fceb622202a349e6660ab1205e785537f6dd95840aa028d4c1bc551daef737f83ee9f5cfff4c4e96fde923,08/08/2025 04:45:00 PM,2,DRIVER,,2025171,,HONDA,ACCORD,IL,2008,UNKNOWN,PASSENGER,PERSONAL,S,STRAIGHT AHEAD,,,1,,,,,Y,,,,Y,Y,Y,,,,Y,Y,,REAR,,,,,,,,,,,,,,,,,,,,,,,,,,,,,,,,,
2124375,30b863c2916e3965966f8e0c9aa2cd3d4696ed1023fceb622202a349e6660ab1205e785537f6dd95840aa028d4c1bc551daef737f83ee9f5cfff4c4e96fde923,08/08/2025 04:45:00 PM,3,DRIVER,1,2025182,,FORD,EXPLORER,IL,2018,UNKNOWN,SPORT UTILITY VEHICLE (SUV),PERSONAL,S,SLOW/STOP IN TRAFFIC,,,2,,,,,,,,,Y,Y,Y,,,,,,,REAR,,,,,,,,,,,,,,,,,,,,,,,,,,,,,,,,,
2124393,715479b0083130a9762d44f709a0ef2ff5e0fcdfa66247e16f153e4a640bc69c75ae5d38b16d77c28897d2216f4c97dc19b34dcf0d9992d074cc781dfe82088f,08/08/2025 04:41:00 PM,1,DRIVER,,2025187,,CHEVROLET,EQUINOX,IL,2012,NONE,PASSENGER,PERSONAL,S,PASSING/OVERTAKING,Y,,1,,CITY TOW,POUND 2/103/DOTY,,Y,Y,,,,,,,,,Y,Y,,FRONT-RIGHT-CORNER,,,,,,,,,,,,,,,,,,,,,,,,,,,,,,,,,
2124394,715479b0083130a9762d44f709a0ef2ff5e0fcdfa66247e16f153e4a640bc69c75ae5d38b16d77c28897d2216f4c97dc19b34dcf0d9992d074cc781dfe82088f,08/08/2025 04:41:00 PM,2,PARKED,,2025191,,FORD,ECONOLINE E350,IL,2016,NONE,VAN/MINI-VAN,UNKNOWN/NA,S,PARKED,,,0,,,,,,,,,Y,Y,Y,Y,Y,,,,,SIDE-LEFT-REAR,,,,,,,,,,,,,,,,,,,,,,,,,,,,,,,,,
2124357,178100b1ce625dc58649660f58fe2f3759c9495730bea0af6619d959ab634fa296eca786d7c4e180269e8b412a12aeea60cde616dcc598876fc62c493cf26d15,08/08/2025 04:40:00 PM,1,DRIVER,,2025148,,LEXUS,NX,IL,2025,NONE,PASSENGER,PERSONAL,N,CHANGING LANES,,,1,,,,,,,Y,Y,Y,,,,,,,,,SIDE-RIGHT-REAR,,,,,,,,,,,,,,,,,,,,,,,,,,,,,,,,,
2124358,178100b1ce625dc58649660f58fe2f3759c9495730bea0af6619d959ab634fa296eca786d7c4e180269e8b412a12aeea60cde616dcc598876fc62c493cf26d15,08/08/2025 04:40:00 PM,2,DRIVER,,2025153,,HYUNDAI,TUCSON,IL,2024,NONE,PASSENGER,PERSONAL,N,STRAIGHT AHEAD,,,1,,,,,,N,N,,,,Y,Y,,,,,,SIDE-LEFT-REAR,,,,,,,,,,,,,,,,,,,,,,,,,,,,,,,,,
2124371,63f6ec219464fba2246a3363c0e0b5b6b83cbb9fb57bb48641d659d5cbb19c54595fca0d73e39113ad42babad0b94e39b957ff7f4e0c7dfb0bf96e5a6bbd2c61,08/08/2025 04:40:00 PM,1,DRIVER,,2025161,,FORD,RANGER,IL,2002,UNKNOWN,PICKUP,PERSONAL,N,STRAIGHT AHEAD,,,1,,,,Y,,,,,,,,,,,,N,,FRONT,,,,,,,,,,,,,,,,,,,,,,,,,,,,,,,,,
2124372,63f6ec219464fba2246a3363c0e0b5b6b83cbb9fb57bb48641d659d5cbb19c54595fca0d73e39113ad42babad0b94e39b957ff7f4e0c7dfb0bf96e5a6bbd2c61,08/08/2025 04:40:00 PM,2,DRIVER,,2025170,,CHEVROLET,IMPALA,IL,2024,UNKNOWN,PASSENGER,PERSONAL,N,STRAIGHT AHEAD,,,1,,,,,,,,,Y,Y,Y,,,,,,,REAR,,,,,,,,,,,,,,,,,,,,,,,,,,,,,,,,,
2124403,02fd6c238d87ca8ad8c8f7f36cba688081c95f317bb1e21ab80bd217582b81ce714c2d4c6e600504bc0f3740230c38ed6b306c3a2eac58abd8b012ae18e35fc2,08/08/2025 04:37:00 PM,1,DRIVER,1,2025242,,TOYOTA,COROLLA,IL,2011,NONE,PASSENGER,PERSONAL,NW,TURNING LEFT,Y,,2,,JACKSONS TOWING AND RECOVERY,1665 N ORCHARD ST,,,,,,,,,,,Y,Y,,,FRONT-LEFT-CORNER,,,,,,,,,,,,,,,,,,,,,,,,,,,,,,,,,
2124404,02fd6c238d87ca8ad8c8f7f36cba688081c95f317bb1e21ab80bd217582b81ce714c2d4c6e600504bc0f3740230c38ed6b306c3a2eac58abd8b012ae18e35fc2,08/08/2025 04:37:00 PM,2,DRIVER,,2025279,,KIA,SPORTAGE,,2016,NONE,SPORT UTILITY VEHICLE (SUV),PERSONAL,N,STRAIGHT AHEAD,,,1,,,,,Y,Y,N,Y,,,,,,,,,,FRONT-RIGHT-CORNER,,,,,,,,,,,,,,,,,,,,,,,,,,,,,,,,,
2124349,95e4860ce33809f0e4584cb7b29e72f1f84225895b93e8ffe67283c42bdcc3f084710eec8d366f07c84afbe022b7a15114108a001d20d23dc51610339c3591ef,08/08/2025 04:35:00 PM,1,DRIVER,,2025134,,UNKNOWN,OTHER (EXPLAIN IN NARRATIVE),,,UNKNOWN,UNKNOWN/NA,UNKNOWN/NA,N,STRAIGHT AHEAD,,,1,,,,,,,,,,,,,,,,,Y,UNKNOWN,,,,,,,,,,,,,,,,,,,,,,,,,,,,,,,,,
2124350,95e4860ce33809f0e4584cb7b29e72f1f84225895b93e8ffe67283c42bdcc3f084710eec8d366f07c84afbe022b7a15114108a001d20d23dc51610339c3591ef,08/08/2025 04:35:00 PM,2,PARKED,,2025137,,TOYOTA,RAV4,IL,2006,UNKNOWN,PASSENGER,UNKNOWN/NA,UNKNOWN,PARKED,,,0,,,,,Y,,,,,,Y,Y,,,Y,,,SIDE-LEFT-REAR,,,,,,,,,,,,,,,,,,,,,,,,,,,,,,,,,
2124378,d8c4da86994c8a5ad988f097e739b6693cb5729c12de02502d7179d5496cc422526644c7c273dca693df2091d7504a492413ce0ff08047ac2bc318f1583e2eb9,08/08/2025 04:32:00 PM,1,DRIVER,,2025159,,TOYOTA,ECHO,IL,2001,NONE,PASSENGER,PERSONAL,S,STRAIGHT AHEAD,,,1,,,,,,,,,,,,,,,,Y,,FRONT,,,,,,,,,,,,,,,,,,,,,,,,,,,,,,,,,
2124379,d8c4da86994c8a5ad988f097e739b6693cb5729c12de02502d7179d5496cc422526644c7c273dca693df2091d7504a492413ce0ff08047ac2bc318f1583e2eb9,08/08/2025 04:32:00 PM,2,DRIVER,,2025164,,MERCURY,MILAN,IL,2010,NONE,PASSENGER,PERSONAL,S,STRAIGHT AHEAD,,,1,,,,,,,,,,,,,,,Y,,,FRONT-LEFT-CORNER,,,,,,,,,,,,,,,,,,,,,,,,,,,,,,,,,
2124380,d8c4da86994c8a5ad988f097e739b6693cb5729c12de02502d7179d5496cc422526644c7c273dca693df2091d7504a492413ce0ff08047ac2bc318f1583e2eb9,08/08/2025 04:32:00 PM,3,DRIVER,,2025174,,CHEVROLET,BOLT,FL,2023,NONE,PASSENGER,PERSONAL,S,STRAIGHT AHEAD,,,1,,,,,,,,,Y,N,,,,,,,,REAR-RIGHT-CORNER,,,,,,,,,,,,,,,,,,,,,,,,,,,,,,,,,
2124355,92d4bc5c122db4cb938d144a15b2cc6bf6c1d1f5eb1c2f525c1eb8593d7f084217a228f8f818a32bf417f6438a6d84d3f0f837fad797000cdd80d6a11e295c49,08/08/2025 04:30:00 PM,1,DRIVER,,2025149,,NISSAN,KICKS,IL,2021,UNKNOWN,PASSENGER,UNKNOWN/NA,E,TURNING RIGHT,,,1,,,,,Y,,,,,,,,,,Y,Y,,FRONT,,,,,,,,,,,,,,,,,,,,,,,,,,,,,,,,,
2124356,92d4bc5c122db4cb938d144a15b2cc6bf6c1d1f5eb1c2f525c1eb8593d7f084217a228f8f818a32bf417f6438a6d84d3f0f837fad797000cdd80d6a11e295c49,08/08/2025 04:30:00 PM,2,DRIVER,,2025163,,PONTIAC,G6,IL,2009,NONE,PASSENGER,PERSONAL,S,STRAIGHT AHEAD,,,1,,,,,,Y,Y,Y,,,,,,,,,,SIDE-RIGHT,,,,,,,,,,,,,,,,,,,,,,,,,,,,,,,,,
2124316,cae936076b5e8c9d6b7584b620e9a4d74f4e6f2ae2e8f80854e5d45d1bc733fb213d9d093c95c66f1138f3cb7767781b3b04c1dc5b6ff9d007d5aa449a1fe58a,08/08/2025 04:28:00 PM,1,DRIVER,,2025118,,LEXUS,LS460,IL,2007,UNKNOWN,PASSENGER,PERSONAL,N,CHANGING LANES,Y,,1,,PRIVATE TOW,,,Y,,,,,,,,,,Y,Y,,FRONT,,,,,,,,,,,,,,,,,,,,,,,,,,,,,,,,,
2124317,cae936076b5e8c9d6b7584b620e9a4d74f4e6f2ae2e8f80854e5d45d1bc733fb213d9d093c95c66f1138f3cb7767781b3b04c1dc5b6ff9d007d5aa449a1fe58a,08/08/2025 04:28:00 PM,2,PARKED,,2025121,,FORD,EXCURSION,IL,2004,UNKNOWN,SPORT UTILITY VEHICLE (SUV),PERSONAL,N,PARKED IN TRAFFIC LANE,,,0,,,,,,,,,,Y,,,,,,,,REAR,,,,,,,,,,,,,,,,,,,,,,,,,,,,,,,,,