CRASH_UNIT_ID,CRASH_RECORD_ID,CRASH_DATE,UNIT_NO,UNIT_TYPE,NUM_PASSENGERS,VEHICLE_ID,CMRC_VEH_I,MAKE,MODEL,LIC_PLATE_STATE,VEHICLE_YEAR,VEHICLE_DEFECT,VEHICLE_TYPE,VEHICLE_USE,TRAVEL_DIRECTION,MANEUVER,TOWED_I,FIRE_I,OCCUPANT_CNT,EXCEED_SPEED_LIMIT_I,TOWED_BY,TOWED_TO,AREA_00_I,AREA_01_I,AREA_02_I,AREA_03_I,AREA_04_I,AREA_05_I,AREA_06_I,AREA_07_I,AREA_08_I,AREA_09_I,AREA_10_I,AREA_11_I,AREA_12_I,AREA_99_I,FIRST_CONTACT_POINT,CMV_ID,USDOT_NO,CCMC_NO,ILCC_NO,COMMERCIAL_SRC,GVWR,CARRIER_NAME,CARRIER_STATE,CARRIER_CITY,HAZMAT_PLACARDS_I,HAZMAT_NAME,UN_NO,HAZMAT_PRESENT_I,HAZMAT_REPORT_I,HAZMAT_REPORT_NO,MCS_REPORT_I,MCS_REPORT_NO,HAZMAT_VIO_CAUSE_CRASH_I,MCS_VIO_CAUSE_CRASH_I,IDOT_PERMIT_NO,WIDE_LOAD_I,TRAILER1_WIDTH,TRAILER2_WIDTH,TRAILER1_LENGTH,TRAILER2_LENGTH,TOTAL_VEHICLE_LENGTH,AXLE_CNT,VEHICLE_CONFIG,CARGO_BODY_TYPE,LOAD_TYPE,HAZMAT_OUT_OF_SERVICE_I,MCS_OUT_OF_SERVICE_I,HAZMAT_CLASS
2124339,617f0cf151055c741bb5c1f2d535a6a5277a5d313dd60b8687364a3d642a19d1412b0d135fbd2e7f09c617e2c6e8425b76dcd947673d237e1a3ad212c2c3e04f,08/08/2025 04:25:00 PM,1,DRIVER,,2025138,,MAZDA,MAZDA3,IL,2010,NONE,PASSENGER,PERSONAL,W,BACKING,,,1,,,,,,,,,,,,,,,,,Y,REAR,,,,,,,,,,,,,,,,,,,,,,,,,,,,,,,,,
2124340,617f0cf151055c741bb5c1f2d535a6a5277a5d313dd60b8687364a3d642a19d1412b0d135fbd2e7f09c617e2c6e8425b76dcd947673d237e1a3ad212c2c3e04f,08/08/2025 04:25:00 PM,2,DRIVER,,2025145,,TOYOTA,HIGHLANDER,IL,2024,NONE,SPORT UTILITY VEHICLE (SUV),PERSONAL,N,STRAIGHT AHEAD,,,1,,,,,,,,,,,,,,Y,Y,Y,,FRONT-LEFT-CORNER,,,,,,,,,,,,,,,,,,,,,,,,,,,,,,,,,
2124389,eaa3e23813e7598426261b7fa04654e694d54abf79529b56b1da3ec524f70ca743413faef59b831fa3d7c813c2f1a3b26f7e91012be3f750e06fe30763c38b91,08/08/2025 04:20:00 PM,1,DRIVER,1,2025181,,DODGE,JOURNEY,IL,2011,NONE,PASSENGER,PERSONAL,S,SLOW/STOP IN TRAFFIC,,,2,,,,,Y,,,,,,,,,,,Y,,FRONT,,,,,,,,,,,,,,,,,,,,,,,,,,,,,,,,,
2124390,eaa3e23813e7598426261b7fa04654e694d54abf79529b56b1da3ec524f70ca743413faef59b831fa3d7c813c2f1a3b26f7e91012be3f750e06fe30763c38b91,08/08/2025 04:20:00 PM,2,DRIVER,1,2025190,,CHEVROLET,TRAVERSE,IL,2025,NONE,PASSENGER,PERSONAL,S,STRAIGHT AHEAD,,,2,,,,,,,,,,Y,N,,,,,,,REAR,,,,,,,,,,,,,,,,,,,,,,,,,,,,,,,,,
2124437,d8f93111da4b5fd4784573417a91bd791d6319a0d59393fd0879a700eb4108b5883d3a5f9a68e61f403f3007f6f723f389de195ac8e50dc35ecfa2c9955a711d,08/08/2025 04:17:00 PM,1,DRIVER,,2025234,,TOYOTA,SIENNA,IL,2022,UNKNOWN,PASSENGER,PERSONAL,W,TURNING LEFT,,,1,,,,,Y,,,,,,,,,,Y,Y,,FRONT,,,,,,,,,,,,,,,,,,,,,,,,,,,,,,,,,
2124456,d8f93111da4b5fd4784573417a91bd791d6319a0d59393fd0879a700eb4108b5883d3a5f9a68e61f403f3007f6f723f389de195ac8e50dc35ecfa2c9955a711d,08/08/2025 04:17:00 PM,2,PEDESTRIAN,,,,,,,,,,,,,,,,,,,,,,,,,,,,,,,,,,,,,,,,,,,,,,,,,,,,,,,,,,,,,,,,,,
2124329,a4f179d34c9f6e961cc6aa5775c19e9a309632a66a821bc9d6c36f718c724c3488280112ef6210e2c14bc7d95bb466c0a21f7d49b194c28bdd4c37253aa2e011,08/08/2025 04:13:00 PM,1,DRIVER,,2025116,,VOLKSWAGEN,JETTA,IL,2012,BRAKES,PASSENGER,PERSONAL,S,STRAIGHT AHEAD,Y,,1,,UNK ON SCENE TOW TRUCK,UNK,,Y,Y,Y,,,,,N,N,Y,Y,,,FRONT-LEFT-CORNER,,,,,,,,,,,,,,,,,,,,,,,,,,,,,,,,,
2124330,a4f179d34c9f6e961cc6aa5775c19e9a309632a66a821bc9d6c36f718c724c3488280112ef6210e2c14bc7d95bb466c0a21f7d49b194c28bdd4c37253aa2e011,08/08/2025 04:13:00 PM,2,DRIVER,,2025122,,AUDI,A5,FL,2019,NONE,PASSENGER,PERSONAL,S,STRAIGHT AHEAD,,,1,,,,,Y,Y,Y,,,,,,,,,,,SIDE-RIGHT-FRONT,,,,,,,,,,,,,,,,,,,,,,,,,,,,,,,,,
2124331,a4f179d34c9f6e961cc6aa5775c19e9a309632a66a821bc9d6c36f718c724c3488280112ef6210e2c14bc7d95bb466c0a21f7d49b194c28bdd4c37253aa2e011,08/08/2025 04:13:00 PM,3,PARKED,,2025130,,TOYOTA,COROLLA,IL,2004,UNKNOWN,PASSENGER,PERSONAL,S,PARKED,,,0,,,,,,,,,,,Y,Y,Y,Y,Y,,,SIDE-LEFT,,,,,,,,,,,,,,,,,,,,,,,,,,,,,,,,,
2124332,a4f179d34c9f6e961cc6aa5775c19e9a309632a66a821bc9d6c36f718c724c3488280112ef6210e2c14bc7d95bb466c0a21f7d49b194c28bdd4c37253aa2e011,08/08/2025 04:13:00 PM,4,PARKED,,2025167,,CHRYSLER,TOWN & COUNTRY,OH,2013,UNKNOWN,VAN/MINI-VAN,NOT IN USE,S,PARKED,,,0,,,,,,,,,,,Y,Y,Y,N,N,,,REAR-LEFT-CORNER,,,,,,,,,,,,,,,,,,,,,,,,,,,,,,,,,
2124321,079b727dba8d9dc14cd8c87466cc18b67b8860c1e72fefa591c7fffd1660d568136376a9c6ea9be044e2ae17292fdbe10f1ebd90cde35bf5eb3ca48128af9f40,08/08/2025 04:08:00 PM,1,DRIVER,,2025108,,NISSAN,SENTRA,IL,2023,UNKNOWN,PASSENGER,PERSONAL,UNKNOWN,CHANGING LANES,,,1,,,,,Y,Y,,,,,,,,,,,,FRONT-RIGHT-CORNER,,,,,,,,,,,,,,,,,,,,,,,,,,,,,,,,,
2124322,079b727dba8d9dc14cd8c87466cc18b67b8860c1e72fefa591c7fffd1660d568136376a9c6ea9be044e2ae17292fdbe10f1ebd90cde35bf5eb3ca48128af9f40,08/08/2025 04:08:00 PM,2,DRIVER,,2025119,,MERCEDES-BENZ,OTHER (EXPLAIN IN NARRATIVE),IL,2013,UNKNOWN,SPORT UTILITY VEHICLE (SUV),PERSONAL,UNKNOWN,STRAIGHT AHEAD,,,1,,,,,,,,,,,Y,Y,,,,,,SIDE-LEFT-REAR,,,,,,,,,,,,,,,,,,,,,,,,,,,,,,,,,
2124320,30917e90b9e3219379d2b83b8867b972eaf27949e882b97ddd6a7d5ca63820579a4b8990e11752f1d5c398f187af193a9a3691e5aedc757ae651b6a6c396d020,08/08/2025 04:07:00 PM,1,DRIVER,,2025106,,TOYOTA,RAV4,IL,2008,UNKNOWN,SPORT UTILITY VEHICLE (SUV),PERSONAL,E,STRAIGHT AHEAD,Y,,1,,PRIVATE,UNK,,Y,Y,Y,,,,,,,,,,,FRONT-RIGHT-CORNER,,,,,,,,,,,,,,,,,,,,,,,,,,,,,,,,,
2124333,c52cf5ab6b4a570d0d2d552fe778bd6bc5106650059860bada65c39c4d987c596c6d8d801b43ff124ee5fa3bfef9fab8a1659a42bd827abd743b3c05b47bb1bb,08/08/2025 04:07:00 PM,1,DRIVER,,2025126,,UNKNOWN,OTHER (EXPLAIN IN NARRATIVE),,,UNKNOWN,UNKNOWN/NA,UNKNOWN/NA,S,UNKNOWN/NA,,,1,,,,,Y,Y,Y,Y,,,,,,,,Y,,UNKNOWN,,,,,,,,,,,,,,,,,,,,,,,,,,,,,,,,,
2124334,c52cf5ab6b4a570d0d2d552fe778bd6bc5106650059860bada65c39c4d987c596c6d8d801b43ff124ee5fa3bfef9fab8a1659a42bd827abd743b3c05b47bb1bb,08/08/2025 04:07:00 PM,2,PARKED,,2025129,,MERCEDES-BENZ,CLA,IL,2023,UNKNOWN,PASSENGER,PERSONAL,N,PARKED,,,0,,,,,Y,Y,Y,Y,,,,,,,,Y,,FRONT-RIGHT-CORNER,,,,,,,,,,,,,,,,,,,,,,,,,,,,,,,,,
2124359,6f3c712cfc0bb9db0dedc8b55f8f0ea6106f5bc14994f4b33b9f8fffdfe6c03616c58c824517bdaa03682a65361fa17829534d51904f738c304a2a1ac249e295,08/08/2025 04:06:00 PM,1,DRIVER,,2025228,,UNKNOWN,OTHER (EXPLAIN IN NARRATIVE),IL,,UNKNOWN,UNKNOWN/NA,UNKNOWN/NA,NW,UNKNOWN/NA,,,1,,,,,,,,,,,,,,,,,Y,UNKNOWN,,,,,,,,,,,,,,,,,,,,,,,,,,,,,,,,,
2124360,6f3c712cfc0bb9db0dedc8b55f8f0ea6106f5bc14994f4b33b9f8fffdfe6c03616c58c824517bdaa03682a65361fa17829534d51904f738c304a2a1ac249e295,08/08/2025 04:06:00 PM,2,PARKED,,2025233,,KIA,SPORTAGE,IL,2025,UNKNOWN,SPORT UTILITY VEHICLE (SUV),PERSONAL,S,PARKED,,,0,,,,,,,,,,,,Y,Y,Y,Y,,N,SIDE-LEFT,,,,,,,,,,,,,,,,,,,,,,,,,,,,,,,,,
2124305,927f16272b04cb449d35ccc24949bd60d6a59d9f509cd364d54e013bb251f962ec3839f19b4452531cbce94b74bf163dfdca0ef0a1e3ac3305366fc29ddd18a3,08/08/2025 04:00:00 PM,1,DRIVER,,2025099,,CHEVROLET,MALIBU,IL,2012,NONE,PASSENGER,PERSONAL,E,STRAIGHT AHEAD,,,1,,,,,Y,N,,,,,,Y,Y,Y,Y,Y,,FRONT-LEFT-CORNER,,,,,,,,,,,,,,,,,,,,,,,,,,,,,,,,,
2124306,927f16272b04cb449d35ccc24949bd60d6a59d9f509cd364d54e013bb251f962ec3839f19b4452531cbce94b74bf163dfdca0ef0a1e3ac3305366fc29ddd18a3,08/08/2025 04:00:00 PM,2,DRIVER,,2025107,,FORD,FUSION,IL,2009,NONE,PASSENGER,PERSONAL,S,STRAIGHT AHEAD,,,1,,,,,Y,Y,,,,,,,,Y,Y,Y,,FRONT-RIGHT-CORNER,,,,,,,,,,,,,,,,,,,,,,,,,,,,,,,,,
2124307,927f16272b04cb449d35ccc24949bd60d6a59d9f509cd364d54e013bb251f962ec3839f19b4452531cbce94b74bf163dfdca0ef0a1e3ac3305366fc29ddd18a3,08/08/2025 04:00:00 PM,3,DRIVER,,2025113,,DODGE,OTHER (EXPLAIN IN NARRATIVE),IL,2022,NONE,VAN/MINI-VAN,PERSONAL,E,SLOW/STOP IN TRAFFIC,,,1,,,,,,Y,Y,,,,,,,,,,,SIDE-RIGHT,,,,,,,,,,,,,,,,,,,,,,,,,,,,,,,,,
2124308,e21391dbd4f5e9af0ddc2968f77817a61a09eaac2aafef3c1c3c3a952c0ec4b2e49c2f63c8b0054775a979c82a5fe4cbcff9fe3c51a7481ed4b17d463e21d7aa,08/08/2025 04:00:00 PM,1,DRIVER,,2025144,,UNKNOWN,MOTORIZED,IL,,UNKNOWN,UNKNOWN/NA,UNKNOWN/NA,S,UNKNOWN/NA,,,1,,,,,,,,,,,,,,,,,,REAR,,,,,,,,,,,,,,,,,,,,,,,,,,,,,,,,,
2124309,e21391dbd4f5e9af0ddc2968f77817a61a09eaac2aafef3c1c3c3a952c0ec4b2e49c2f63c8b0054775a979c82a5fe4cbcff9fe3c51a7481ed4b17d463e21d7aa,08/08/2025 04:00:00 PM,2,DRIVER,,2025109,,NISSAN,ROGUE,IL,2011,NONE,PASSENGER,PERSONAL,N,SLOW/STOP IN TRAFFIC,,,1,,,,,,,,,,,,,,,Y,Y,,FRONT,,,,,,,,,,,,,,,,,,,,,,,,,,,,,,,,,
2124810,f02587d29b8c08f34f497d747e2e1c8c87447c556539a07787be1c78828478f2533e49cf0470841c6b1eae7bce8265b50ee65548542f1a3e1a9b958985211e85,08/08/2025 04:00:00 PM,1,DRIVER,,2025592,,HYUNDAI,GENESIS,IL,2012,NONE,PASSENGER,PERSONAL,N,STRAIGHT AHEAD,,,1,,,,,,,,,,,,,,,,,Y,UNKNOWN,,,,,,,,,,,,,,,,,,,,,,,,,,,,,,,,,
2124811,f02587d29b8c08f34f497d747e2e1c8c87447c556539a07787be1c78828478f2533e49cf0470841c6b1eae7bce8265b50ee65548542f1a3e1a9b958985211e85,08/08/2025 04:00:00 PM,2,DRIVER,,2025596,,ALFA ROMEO,STELVIO,IL,2019,NONE,PASSENGER,PERSONAL,N,STRAIGHT AHEAD,,,1,,,,,,,,,Y,,,,,,,,,REAR,,,,,,,,,,,,,,,,,,,,,,,,,,,,,,,,,
2124471,a7aed186c6ca3aeb6ada233dd113f6d3c31c2902e9bcd7b9726fc96f1d15f76dbbf1fdab246a6db7ee44a617cb94660efa146a8e4706355200cf997ffc8469b9,08/08/2025 03:55:00 PM,1,DRIVER,,2025263,,HONDA,RIDGELINE,IL,2023,UNKNOWN,PICKUP,PERSONAL,UNKNOWN,CHANGING LANES,,,1,,,,,,,,,,,Y,Y,,,,,,SIDE-LEFT-REAR,,,,,,,,,,,,,,,,,,,,,,,,,,,,,,,,,
2124472,a7aed186c6ca3aeb6ada233dd113f6d3c31c2902e9bcd7b9726fc96f1d15f76dbbf1fdab246a6db7ee44a617cb94660efa146a8e4706355200cf997ffc8469b9,08/08/2025 03:55:00 PM,2,DRIVER,,2025266,,SUBARU,FORESTER,IL,2021,UNKNOWN,SPORT UTILITY VEHICLE (SUV),PERSONAL,UNKNOWN,STRAIGHT AHEAD,,,1,,,,,Y,,,,,,,,,,Y,Y,,FRONT,,,,,,,,,,,,,,,,,,,,,,,,,,,,,,,,,
2124395,c1ed24a2366ee2e885dc7ecb9b94dfeb26eb1ea8a616c4113f73d8c100dfb590260c4ee1fadcb04304ea8536c214269f11c86e7101cc6fbecf39bc0a5c9270ff,08/08/2025 03:39:00 PM,1,DRIVER,,2025186,,ACURA,ADX,IL,2010,UNKNOWN,SPORT UTILITY VEHICLE (SUV),PERSONAL,UNKNOWN,STRAIGHT AHEAD,,,1,,,,,Y,,,,,,,,,,Y,Y,,FRONT,,,,,,,,,,,,,,,,,,,,,,,,,,,,,,,,,
2124396,c1ed24a2366ee2e885dc7ecb9b94dfeb26eb1ea8a616c4113f73d8c100dfb590260c4ee1fadcb04304ea8536c214269f11c86e7101cc6fbecf39bc0a5c9270ff,08/08/2025 03:39:00 PM,2,DRIVER,,2025189,,MINI,COUNTRYMAN,IL,2014,UNKNOWN,SPORT UTILITY VEHICLE (SUV),PERSONAL,UNKNOWN,STRAIGHT AHEAD,,,1,,,,,,,,,Y,Y,Y,,,,,,,REAR,,,,,,,,,,,,,,,,,,,,,,,,,,,,,,,,,
2124299,1de1bd3f4431554d487423f9d5548fb64d6ba6f7a171a38e6f4238a831fd3562452d7435284079c73078edb6c8551a820ccd9ca50a6747d7a0c6e9872d6334cd,08/08/2025 03:37:00 PM,1,DRIVER,,2025088,,TOYOTA,COROLLA,IL,2014,UNKNOWN,PASSENGER,UNKNOWN/NA,N,UNKNOWN/NA,,,1,,,,,,,,,,,,,,,,,Y,UNKNOWN,,,,,,,,,,,,,,,,,,,,,,,,,,,,,,,,,
2124300,1de1bd3f4431554d487423f9d5548fb64d6ba6f7a171a38e6f4238a831fd3562452d7435284079c73078edb6c8551a820ccd9ca50a6747d7a0c6e9872d6334cd,08/08/2025 03:37:00 PM,2,DRIVER,,2025100,Y,NOVA BUS,LFS,IL,2016,UNKNOWN,BUS OVER 15 PASS.,CTA,N,STRAIGHT AHEAD,,,1,,,,,,,,,,Y,,,,,,,,REAR,"21,958",,,,DRIVER,3,CHICAGO TRANSIT AUTHORITY,IL,CHICAGO,N,,,N,N,,N,,N,N,,,97-102,,,,,,BUS,BUS,OTHER,N,N,
2124363,a918a321cdfa3dbe1be69cdafdca0637c0c4fc2cf8c0b95aacd93c7e15640fe52cb22690f86bb9ce3d42713b5748024aef4141e667a5a23daad26923a52eeda2,08/08/2025 03:32:00 PM,1,DRIVER,1,2025156,,TOYOTA,OTHER (EXPLAIN IN NARRATIVE),IL,2019,UNKNOWN,PICKUP,UNKNOWN/NA,N,STRAIGHT AHEAD,,,2,,,,,Y,Y,Y,Y,Y,,,,,,,,,SIDE-RIGHT,,,,,,,,,,,,,,,,,,,,,,,,,,,,,,,,,
2124364,a918a321cdfa3dbe1be69cdafdca0637c0c4fc2cf8c0b95aacd93c7e15640fe52cb22690f86bb9ce3d42713b5748024aef4141e667a5a23daad26923a52eeda2,08/08/2025 03:32:00 PM,2,DRIVER,,2025165,,FORD,FIESTA,IL,2011,NONE,PASSENGER,PERSONAL,N,TURNING RIGHT,,,1,,,,,,,,,,,Y,Y,Y,,,,,SIDE-LEFT,,,,,,,,,,,,,,,,,,,,,,,,,,,,,,,,,
2131190,41a2d3c763394f4c25f5827bc9a92e717c2de24e261cb2a8c8db44ae28e1e34450ebbf618adb1bf0bb8f2e4fe3ccdd5dda5a381e10360c9f4bb9fbc05398bddb,08/08/2025 03:30:00 PM,1,DRIVER,,2031622,,UNKNOWN,OTHER (EXPLAIN IN NARRATIVE),IL,2005,UNKNOWN,UNKNOWN/NA,UNKNOWN/NA,W,UNKNOWN/NA,,,1,,,,,,,,,,,,,,,,,,UNKNOWN,,,,,,,,,,,,,,,,,,,,,,,,,,,,,,,,,
2124272,864bfe47c226bd9c5596bfe027157c25d883bf68f775e234ce2708dbf25a5e37e0647d83967c290f822bd306a0e9e8509b1f1e02cec417eaff7083d7eb24fd1c,08/08/2025 03:30:00 PM,1,DRIVER,,2025092,,DODGE,RAM 1500 PU,IL,2014,UNKNOWN,PICKUP,PERSONAL,S,STRAIGHT AHEAD,,,1,,,,,Y,,,,,,,,,,Y,Y,,FRONT,,,,,,,,,,,,,,,,,,,,,,,,,,,,,,,,,
2124273,864bfe47c226bd9c5596bfe027157c25d883bf68f775e234ce2708dbf25a5e37e0647d83967c290f822bd306a0e9e8509b1f1e02cec417eaff7083d7eb24fd1c,08/08/2025 03:30:00 PM,2,DRIVER,,2025101,,CADILLAC,CTS,IL,2012,NONE,PASSENGER,PERSONAL,S,STRAIGHT AHEAD,,,1,,,,,,,,,Y,Y,Y,,,,,,,REAR,,,,,,,,,,,,,,,,,,,,,,,,,,,,,,,,,
2126160,88674eb80fd66892ad88ecf60d29717a8ca3c6a4bf02a0f2b1ef1b48998d0c1c8d9ca9639c4b823cdeadd30202c4a70ce343183c6d4dcf9a6e9d8e0bf5280858,08/08/2025 03:30:00 PM,1,DRIVER,,2026867,,CHEVROLET,TRAIL BLAZER,IL,2007,UNKNOWN,SPORT UTILITY VEHICLE (SUV),UNKNOWN/NA,S,STRAIGHT AHEAD,,,1,,,,,Y,,,,,,,,,,Y,Y,,FRONT,,,,,,,,,,,,,,,,,,,,,,,,,,,,,,,,,
2126161,88674eb80fd66892ad88ecf60d29717a8ca3c6a4bf02a0f2b1ef1b48998d0c1c8d9ca9639c4b823cdeadd30202c4a70ce343183c6d4dcf9a6e9d8e0bf5280858,08/08/2025 03:30:00 PM,2,DRIVER,1,2026871,,LINCOLN,MKZ,IL,2015,NONE,PASSENGER,PERSONAL,S,STRAIGHT AHEAD,,,2,,,,,,,,,Y,Y,Y,,,,,,,REAR,,,,,,,,,,,,,,,,,,,,,,,,,,,,,,,,,
2124301,c7afc77f5dd90d8418da92d60b1c5b228955738cb99da3540daf56e740818e1189d2550460ad7fcfba2fd3d522ecbfe005b7352ffcffb200d25cce9faa17e20f,08/08/2025 03:30:00 PM,1,DRIVER,,2025124,,BUICK,OTHER (EXPLAIN IN NARRATIVE),IL,2024,UNKNOWN,PASSENGER,PERSONAL,N,STRAIGHT AHEAD,,,1,,,,,Y,,,,,,,,,,,Y,,FRONT-RIGHT-CORNER,,,,,,,,,,,,,,,,,,,,,,,,,,,,,,,,,
2124302,c7afc77f5dd90d8418da92d60b1c5b228955738cb99da3540daf56e740818e1189d2550460ad7fcfba2fd3d522ecbfe005b7352ffcffb200d25cce9faa17e20f,08/08/2025 03:30:00 PM,2,DRIVER,,2025131,,BUICK,ENVISION,IL,2021,UNKNOWN,PASSENGER,PERSONAL,N,SLOW/STOP IN TRAFFIC,,,1,,,,,,,,,,Y,Y,Y,,,,,,SIDE-LEFT-REAR,,,,,,,,,,,,,,,,,,,,,,,,,,,,,,,,,
2126899,c9da95d1ee2f6356805df1059cebf9e30887d044c2ef8ca69d2532ef3003c4ccbad2fe2e91fa66a8f9ad9425b52d6b664e92bf6ebb7d3b5a35ba97636ed2ad66,08/08/2025 03:30:00 PM,1,DRIVER,,2027579,,TOYOTA,OTHER (EXPLAIN IN NARRATIVE),IL,2008,UNKNOWN,PASSENGER,UNKNOWN/NA,N,STRAIGHT AHEAD,,,1,,,,,,,,,,,,,,,,,Y,UNKNOWN,,,,,,,,,,,,,,,,,,,,,,,,,,,,,,,,,
2126900,c9da95d1ee2f6356805df1059cebf9e30887d044c2ef8ca69d2532ef3003c4ccbad2fe2e91fa66a8f9ad9425b52d6b664e92bf6ebb7d3b5a35ba97636ed2ad66,08/08/2025 03:30:00 PM,2,DRIVER,3,2027591,,NISSAN,ROGUE,IL,2017,UNKNOWN,PASSENGER,PERSONAL,N,STRAIGHT AHEAD,,,4,,,,,,,,,,,,,,,,,Y,UNKNOWN,,,,,,,,,,,,,,,,,,,,,,,,,,,,,,,,,
2124341,4b66e1678ee3faff8f70071fa93861cee0ba1fa394c412710b0ae85d6b84f1b3b6b83393d624f82fa2297c1b500e90363180524ef92e69aefe8b92e2867b9867,08/08/2025 03:26:00 PM,1,DRIVER,,2025132,,NISSAN,MAXIMA,IL,2009,NONE,PASSENGER,PERSONAL,W,TURNING LEFT,,,1,,,,,Y,,,,,,,,,,,,,FRONT-RIGHT-CORNER,,,,,,,,,,,,,,,,,,,,,,,,,,,,,,,,,
2124342,4b66e1678ee3faff8f70071fa93861cee0ba1fa394c412710b0ae85d6b84f1b3b6b83393d624f82fa2297c1b500e90363180524ef92e69aefe8b92e2867b9867,08/08/2025 03:26:00 PM,2,DRIVER,,2025142,,JEEP,RENEGADE,IL,2021,NONE,PASSENGER,PERSONAL,E,STRAIGHT AHEAD,Y,,1,,PRIVATE,,,,,,,,,,,,,Y,Y,,FRONT,,,,,,,,,,,,,,,,,,,,,,,,,,,,,,,,,
2124280,23676539896bdf17cda6751805f91a474636a32c11dc16e40c60c2376f8b0da741710dcc587808fa603f171d2a7ab2f067ffc0578e4027692beea4b12256a851,08/08/2025 03:12:00 PM,1,DRIVER,,2025076,,HONDA,CR-V,IL,2005,NONE,PASSENGER,PERSONAL,W,CHANGING LANES,,,1,,,,,N,N,,,,,,,,Y,Y,Y,,FRONT-LEFT-CORNER,,,,,,,,,,,,,,,,,,,,,,,,,,,,,,,,,
2124281,23676539896bdf17cda6751805f91a474636a32c11dc16e40c60c2376f8b0da741710dcc587808fa603f171d2a7ab2f067ffc0578e4027692beea4b12256a851,08/08/2025 03:12:00 PM,2,DRIVER,,2025085,,LAND ROVER,LAND ROVER (SPORT),IL,2024,NONE,PASSENGER,PERSONAL,W,STRAIGHT AHEAD,,,1,,,,,,Y,Y,Y,,,,,,,,,,SIDE-RIGHT,,,,,,,,,,,,,,,,,,,,,,,,,,,,,,,,,
2124256,64be559eb6eb9df72d4f0ae70f94a1bab06dfdabf90c949ee151ba81c80569b82347a8a992d3b4ab7e27dab312cef090eb78bdf8713068938a3e47b09e841896,08/08/2025 03:10:00 PM,1,DRIVER,,2025059,,FORD,F150,IL,2016,NONE,PASSENGER,PERSONAL,S,STRAIGHT AHEAD,,,1,,,,Y,,,,,,,,,,,,,,NONE,,,,,,,,,,,,,,,,,,,,,,,,,,,,,,,,,
2124257,64be559eb6eb9df72d4f0ae70f94a1bab06dfdabf90c949ee151ba81c80569b82347a8a992d3b4ab7e27dab312cef090eb78bdf8713068938a3e47b09e841896,08/08/2025 03:10:00 PM,2,DRIVER,,2025072,,NISSAN,MAXIMA,IL,2010,NONE,PASSENGER,PERSONAL,S,OTHER,,,1,,,,,,,,Y,Y,Y,,,,,,,,REAR-RIGHT-CORNER,,,,,,,,,,,,,,,,,,,,,,,,,,,,,,,,,
2124285,cd6505a666b0bb30c45481f47195fbb45269ac922e91b6094427648bd6e6cb95d89fb15f77491901c6ad27c78203a9d28b4b33095c56869f594a4358e670bff7,08/08/2025 03:10:00 PM,1,DRIVER,,2025080,,TOYOTA,CAMRY,IL,,UNKNOWN,PASSENGER,UNKNOWN/NA,N,PASSING/OVERTAKING,,,1,,,,,,,,,,,,,,,,,Y,UNKNOWN,,,,,,,,,,,,,,,,,,,,,,,,,,,,,,,,,
2124286,cd6505a666b0bb30c45481f47195fbb45269ac922e91b6094427648bd6e6cb95d89fb15f77491901c6ad27c78203a9d28b4b33095c56869f594a4358e670bff7,08/08/2025 03:10:00 PM,2,DRIVER,,2025096,,CHEVROLET,SILVERADO,OK,2007,UNKNOWN,TRUCK - SINGLE UNIT,PERSONAL,N,STRAIGHT AHEAD,,,1,,,,,,,,Y,Y,,,,,,,,,REAR-RIGHT-CORNER,,,,,,,,,,,,,,,,,,,,,,,,,,,,,,,,,
2124268,b51354b6ed9fc315ec318a247c427062700b74273a00e9cf205f49e145737bae50a0610fd17e7f1d720be36a834ec14526e5ef22dce2697d2f6b5888f6cba22b,08/08/2025 03:05:00 PM,1,DRIVER,,2025061,,ACURA,TLX,IL,2011,NONE,PASSENGER,PERSONAL,NW,STRAIGHT AHEAD,,,1,,,,,Y,,Y,Y,,,,,,,Y,Y,,SIDE-RIGHT,,,,,,,,,,,,,,,,,,,,,,,,,,,,,,,,,
2124269,b51354b6ed9fc315ec318a247c427062700b74273a00e9cf205f49e145737bae50a0610fd17e7f1d720be36a834ec14526e5ef22dce2697d2f6b5888f6cba22b,08/08/2025 03:05:00 PM,2,DRIVER,,2025068,,KIA,OTHER (EXPLAIN IN NARRATIVE),IL,2024,NONE,PASSENGER,PERSONAL,W,TURNING RIGHT,,,1,,,,,,,,,,,,,,,Y,,,FRONT-LEFT-CORNER,,,,,,,,,,,,,,,,,,,,,,,,,,,,,,,,,
2124284,b51354b6ed9fc315ec318a247c427062700b74273a00e9cf205f49e145737bae50a0610fd17e7f1d720be36a834ec14526e5ef22dce2697d2f6b5888f6cba22b,08/08/2025 03:05:00 PM,3,PARKED,,2025071,,MERCEDES-BENZ,GLB,IL,2020,NONE,PASSENGER,NOT IN USE,NW,PARKED,,,0,,,,,,,,,,Y,Y,Y,,,,,,REAR-LEFT-CORNER,,,,,,,,,,,,,,,,,,,,,,,,,,,,,,,,,
2124314,fcb14c69cff66e465652602f6a5013750bf42c9cff1beab42447f2c0b2c60c32ed3e0e6b5b1d3d353668a988f7c0e1c68c1036890c54b30d2665ffc62f48d353,08/08/2025 03:05:00 PM,1,DRIVER,,2025103,,UNKNOWN,MOTORIZED,IL,,UNKNOWN,UNKNOWN/NA,UNKNOWN/NA,S,BACKING,,,1,,,,,,,,,Y,Y,Y,,,,,,,REAR,,,,,,,,,,,,,,,,,,,,,,,,,,,,,,,,,
2124315,fcb14c69cff66e465652602f6a5013750bf42c9cff1beab42447f2c0b2c60c32ed3e0e6b5b1d3d353668a988f7c0e1c68c1036890c54b30d2665ffc62f48d353,08/08/2025 03:05:00 PM,2,DRIVER,1,2025111,,CHEVROLET,EQUINOX,IN,2016,NONE,SPORT UTILITY VEHICLE (SUV),PERSONAL,N,STRAIGHT AHEAD,,,2,,,,,Y,,,,,,,,,,Y,Y,,FRONT,,,,,,,,,,,,,,,,,,,,,,,,,,,,,,,,,