CRASH_UNIT_ID,CRASH_RECORD_ID,CRASH_DATE,UNIT_NO,UNIT_TYPE,NUM_PASSENGERS,VEHICLE_ID,CMRC_VEH_I,MAKE,MODEL,LIC_PLATE_STATE,VEHICLE_YEAR,VEHICLE_DEFECT,VEHICLE_TYPE,VEHICLE_USE,TRAVEL_DIRECTION,MANEUVER,TOWED_I,FIRE_I,OCCUPANT_CNT,EXCEED_SPEED_LIMIT_I,TOWED_BY,TOWED_TO,AREA_00_I,AREA_01_I,AREA_02_I,AREA_03_I,AREA_04_I,AREA_05_I,AREA_06_I,AREA_07_I,AREA_08_I,AREA_09_I,AREA_10_I,AREA_11_I,AREA_12_I,AREA_99_I,FIRST_CONTACT_POINT,CMV_ID,USDOT_NO,CCMC_NO,ILCC_NO,COMMERCIAL_SRC,GVWR,CARRIER_NAME,CARRIER_STATE,CARRIER_CITY,HAZMAT_PLACARDS_I,HAZMAT_NAME,UN_NO,HAZMAT_PRESENT_I,HAZMAT_REPORT_I,HAZMAT_REPORT_NO,MCS_REPORT_I,MCS_REPORT_NO,HAZMAT_VIO_CAUSE_CRASH_I,MCS_VIO_CAUSE_CRASH_I,IDOT_PERMIT_NO,WIDE_LOAD_I,TRAILER1_WIDTH,TRAILER2_WIDTH,TRAILER1_LENGTH,TRAILER2_LENGTH,TOTAL_VEHICLE_LENGTH,AXLE_CNT,VEHICLE_CONFIG,CARGO_BODY_TYPE,LOAD_TYPE,HAZMAT_OUT_OF_SERVICE_I,MCS_OUT_OF_SERVICE_I,HAZMAT_CLASS
2124498,64a6cdcd027234f4ef3363a58dbaeb167b118de9805d8094c8c4e9e34675d73abff70c059ad1bd51eb1a3969d3ac97909cc2bbfdbfe73c79ec5a57e13e260081,08/08/2025 03:00:00 PM,1,DRIVER,,2025284,,TOYOTA,CAMRY,IL,2019,UNKNOWN,PASSENGER,PERSONAL,N,BACKING,Y,,1,,,,,,,,,,Y,,,,,Y,,,REAR,,,,,,,,,,,,,,,,,,,,,,,,,,,,,,,,,
2124499,64a6cdcd027234f4ef3363a58dbaeb167b118de9805d8094c8c4e9e34675d73abff70c059ad1bd51eb1a3969d3ac97909cc2bbfdbfe73c79ec5a57e13e260081,08/08/2025 03:00:00 PM,2,DRIVER,1,2025290,,FORD,EXPLORER,IL,2024,NONE,SPORT UTILITY VEHICLE (SUV),POLICE,S,STRAIGHT AHEAD,,,2,,,,,Y,,,,,,,,,,,Y,,FRONT-RIGHT-CORNER,,,,,,,,,,,,,,,,,,,,,,,,,,,,,,,,,
2125622,a07f7bb9c09cc3bb1c7048ee89dc57cfbbcad7cc110263ad577a6942f8844673bf7099ff72735bc6828995c137bb42cb06b498d1e6267d7cf38ccd47c2941e12,08/08/2025 03:00:00 PM,1,DRIVER,,2026360,,FORD,EXPEDITION,UT,2024,UNKNOWN,UNKNOWN/NA,UNKNOWN/NA,N,STRAIGHT AHEAD,,,1,,,,,,,,,,,,,,,,,Y,SIDE-RIGHT-FRONT,,,,,,,,,,,,,,,,,,,,,,,,,,,,,,,,,
2125623,a07f7bb9c09cc3bb1c7048ee89dc57cfbbcad7cc110263ad577a6942f8844673bf7099ff72735bc6828995c137bb42cb06b498d1e6267d7cf38ccd47c2941e12,08/08/2025 03:00:00 PM,2,DRIVER,,2026355,,CHEVROLET,MALIBU,IL,2024,NONE,PASSENGER,RIDESHARE SERVICE,N,CHANGING LANES,,,1,,,,,,,,,,,,,Y,,,,,SIDE-LEFT,,,,,,,,,,,,,,,,,,,,,,,,,,,,,,,,,
2124291,e9c69b66791cadbc3b5b1fc1c3fff121399b2c05ee8b9c672f45e553267fc694b9ae8a53d8656a663164e8c38b94ec40f94dc22f8cbc93cba8ecabe6759b79ef,08/08/2025 03:00:00 PM,1,DRIVER,,2025086,,MERCURY,GRAND MARQUIS,IL,2008,UNKNOWN,PASSENGER,UNKNOWN/NA,E,CHANGING LANES,,,1,,,,,,,,,,,,,,,,,Y,SIDE-LEFT,,,,,,,,,,,,,,,,,,,,,,,,,,,,,,,,,
2124292,e9c69b66791cadbc3b5b1fc1c3fff121399b2c05ee8b9c672f45e553267fc694b9ae8a53d8656a663164e8c38b94ec40f94dc22f8cbc93cba8ecabe6759b79ef,08/08/2025 03:00:00 PM,2,DRIVER,,2025093,,FORD,F150,,2021,UNKNOWN,PICKUP,UNKNOWN/NA,E,STRAIGHT AHEAD,,,1,,,,,Y,Y,,,,,,,,,,,,FRONT-RIGHT-CORNER,,,,,,,,,,,,,,,,,,,,,,,,,,,,,,,,,
2126357,faef01c7b5c7cfd18ee461b8855c1c74b07889d28bec1b7f53c7daf63129f4bf9713cf3ca72c7d638418d6ab4d86a89a8dfc7ed3fc2f50bda6a52d79d18abeac,08/08/2025 03:00:00 PM,1,DRIVER,,2027064,,BUICK,ENCORE,IL,2015,NONE,PASSENGER,UNKNOWN/NA,S,STRAIGHT AHEAD,,,1,,,,,,,,,,,,,,,Y,,,FRONT-LEFT-CORNER,,,,,,,,,,,,,,,,,,,,,,,,,,,,,,,,,
2126358,faef01c7b5c7cfd18ee461b8855c1c74b07889d28bec1b7f53c7daf63129f4bf9713cf3ca72c7d638418d6ab4d86a89a8dfc7ed3fc2f50bda6a52d79d18abeac,08/08/2025 03:00:00 PM,2,DRIVER,,2027077,,MERCEDES-BENZ,300 SERIES,,2016,UNKNOWN,PASSENGER,UNKNOWN/NA,S,STRAIGHT AHEAD,,,1,,,,,,,,,Y,,,,,,,,,REAR-RIGHT-CORNER,,,,,,,,,,,,,,,,,,,,,,,,,,,,,,,,,
2124289,502d0812e5d349a71ff5483fe2012fe755116a317b5554355da1136728053e00039211827e50b38990d83a767b3b4925b0db95fca7d943315019ed0bd6c27972,08/08/2025 02:55:00 PM,1,DRIVER,,2025084,,NISSAN,ROGUE,IL,2009,UNKNOWN,SPORT UTILITY VEHICLE (SUV),PERSONAL,NW,TURNING LEFT,,,1,,,,,Y,,,,,,,,,,Y,Y,,FRONT,,,,,,,,,,,,,,,,,,,,,,,,,,,,,,,,,
2124290,502d0812e5d349a71ff5483fe2012fe755116a317b5554355da1136728053e00039211827e50b38990d83a767b3b4925b0db95fca7d943315019ed0bd6c27972,08/08/2025 02:55:00 PM,2,DRIVER,,2025089,,JEEP,LIBERTY,IL,2011,UNKNOWN,SPORT UTILITY VEHICLE (SUV),PERSONAL,S,STRAIGHT AHEAD,,,1,,,,,,,,,,,,,,Y,Y,,,FRONT-LEFT-CORNER,,,,,,,,,,,,,,,,,,,,,,,,,,,,,,,,,
2124353,871cef666af417022c74034c2412df3f3741ae89fe83533a21d250cc0b884f586ac317d46ba4f7705eb4016db07b49f7021820bd88792910690ed749b1052bb5,08/08/2025 02:55:00 PM,1,DRIVER,1,2025152,,TOYOTA,SIENNA,IL,2013,UNKNOWN,VAN/MINI-VAN,UNKNOWN/NA,W,PASSING/OVERTAKING,,,2,,,,,,,Y,Y,Y,,,,,,,,,SIDE-RIGHT-REAR,,,,,,,,,,,,,,,,,,,,,,,,,,,,,,,,,
2124354,871cef666af417022c74034c2412df3f3741ae89fe83533a21d250cc0b884f586ac317d46ba4f7705eb4016db07b49f7021820bd88792910690ed749b1052bb5,08/08/2025 02:55:00 PM,2,DRIVER,1,2025237,,SUBARU,FORESTER,IL,2025,NONE,SPORT UTILITY VEHICLE (SUV),PERSONAL,W,SLOW/STOP IN TRAFFIC,,,2,,,,,,,,,,,Y,,,,,,,REAR-LEFT-CORNER,,,,,,,,,,,,,,,,,,,,,,,,,,,,,,,,,
2124310,abcc1f0e8922b85c84fdfe58c01a2c576e72c971641d58c5d4bc892867c59c0e55a35750a8674558d8037a1537288e87d144139433dab1ee0acf40d01633386b,08/08/2025 02:55:00 PM,1,DRIVER,,2025097,,UNKNOWN,MOTORIZED,IL,,UNKNOWN,UNKNOWN/NA,UNKNOWN/NA,W,STRAIGHT AHEAD,,,1,,,,,,,,,,,Y,Y,Y,Y,Y,,,SIDE-LEFT,,,,,,,,,,,,,,,,,,,,,,,,,,,,,,,,,
2124311,abcc1f0e8922b85c84fdfe58c01a2c576e72c971641d58c5d4bc892867c59c0e55a35750a8674558d8037a1537288e87d144139433dab1ee0acf40d01633386b,08/08/2025 02:55:00 PM,2,PARKED,,2025102,,DODGE,DURANGO,IL,2018,NONE,SPORT UTILITY VEHICLE (SUV),NOT IN USE,E,PARKED,,,0,,,,,,,,,,,Y,Y,Y,Y,Y,,,FRONT-LEFT-CORNER,,,,,,,,,,,,,,,,,,,,,,,,,,,,,,,,,
2124245,d7a93ddcbebae33f03693e952026c468bb461d726409575d36103b95b6b74693a1036888deddae2a717cae93fd18c55a2507706fc4f72ed4119626f834aaf633,08/08/2025 02:55:00 PM,1,DRIVER,,2025041,,KIA,FORTE,IL,2023,UNKNOWN,PASSENGER,UNKNOWN/NA,E,MERGING,,,1,,,,,,,,Y,Y,,,,,,,,,SIDE-RIGHT-REAR,,,,,,,,,,,,,,,,,,,,,,,,,,,,,,,,,
2124246,d7a93ddcbebae33f03693e952026c468bb461d726409575d36103b95b6b74693a1036888deddae2a717cae93fd18c55a2507706fc4f72ed4119626f834aaf633,08/08/2025 02:55:00 PM,2,DRIVER,,2025044,,CHEVROLET,OTHER (EXPLAIN IN NARRATIVE),IL,2015,UNKNOWN,PASSENGER,UNKNOWN/NA,E,SLOW/STOP IN TRAFFIC,,,1,,,,,,,,,,,,Y,,,,,,SIDE-LEFT-REAR,,,,,,,,,,,,,,,,,,,,,,,,,,,,,,,,,
2127055,4813bfc2f7ce8f39785aa0dc852aaf2d61e91ff3a58394f10f5a2477e41a7ad68f899cec4a85d85b3fd213dfcdb36a6aa3eda3ee061d0cf2e7bcc157dd80d618,08/08/2025 02:50:00 PM,1,DRIVER,,2027707,,FORD,OTHER (EXPLAIN IN NARRATIVE),IL,2021,UNKNOWN,PICKUP,PERSONAL,W,STRAIGHT AHEAD,,,1,,,,Y,,,,,,,,,,,,,,NONE,,,,,,,,,,,,,,,,,,,,,,,,,,,,,,,,,
2127056,4813bfc2f7ce8f39785aa0dc852aaf2d61e91ff3a58394f10f5a2477e41a7ad68f899cec4a85d85b3fd213dfcdb36a6aa3eda3ee061d0cf2e7bcc157dd80d618,08/08/2025 02:50:00 PM,2,DRIVER,,2027711,,MERCURY,GRAND MARQUIS,IL,2008,NONE,PASSENGER,PERSONAL,W,ENTERING TRAFFIC LANE FROM PARKING,,,1,,,,,,,,,,,,,Y,Y,,,,SIDE-LEFT,,,,,,,,,,,,,,,,,,,,,,,,,,,,,,,,,
2124381,8ecf36555295a87e260149d5716e98ac5a783e3c95049bf6cd95067bf0ef6d2362f86ba9201dde563ff43e2249e8e23ae15f10d4d16bad6c00762d1a1c2b5863,08/08/2025 02:50:00 PM,1,DRIVER,,2025175,,SUBARU,OUTBACK,IL,2019,NONE,PASSENGER,PERSONAL,NE,MERGING,,,1,,,,,,,,,,,,,,Y,Y,,,FRONT-LEFT-CORNER,,,,,,,,,,,,,,,,,,,,,,,,,,,,,,,,,
2124382,8ecf36555295a87e260149d5716e98ac5a783e3c95049bf6cd95067bf0ef6d2362f86ba9201dde563ff43e2249e8e23ae15f10d4d16bad6c00762d1a1c2b5863,08/08/2025 02:50:00 PM,2,DRIVER,,2025188,,TESLA,MODEL 3,IL,2025,NONE,PASSENGER,PERSONAL,E,STRAIGHT AHEAD,,,1,,,,,,,,,,,,,,,Y,,,SIDE-LEFT-FRONT,,,,,,,,,,,,,,,,,,,,,,,,,,,,,,,,,
2125151,c4ff1f0f21cef90f530e563addd333a532a2130671b1bf59d43e179a41b66383edc8816d3b2a951171985316de14eec6d254d5a7348df368fba4733d8cdfadab,08/08/2025 02:50:00 PM,1,DRIVER,,2025900,,DODGE,DURANGO,IN,2018,NONE,PASSENGER,PERSONAL,E,BACKING,,,1,,,,,,,,,,Y,Y,Y,,,,,,REAR-LEFT-CORNER,,,,,,,,,,,,,,,,,,,,,,,,,,,,,,,,,
2125152,c4ff1f0f21cef90f530e563addd333a532a2130671b1bf59d43e179a41b66383edc8816d3b2a951171985316de14eec6d254d5a7348df368fba4733d8cdfadab,08/08/2025 02:50:00 PM,2,DRIVER,1,2025901,,CHEVROLET,MALIBU,IL,2016,NONE,PASSENGER,PERSONAL,W,STRAIGHT AHEAD,,,2,,,,,,,Y,Y,,,,,,,,,,SIDE-RIGHT,,,,,,,,,,,,,,,,,,,,,,,,,,,,,,,,,
2124250,dd8ec0a5f5c94dc1c2e214b122f9020f846515501f8e432c85029bb810e60067c8b00b8b98f0df579048fac675e525a3938639e54eb95b512fcea4f586915147,08/08/2025 02:46:00 PM,1,DRIVER,,2025048,,JEEP,RENEGADE,IL,2016,NONE,PASSENGER,PERSONAL,W,STRAIGHT AHEAD,,,1,,,,Y,,,,,,,,,,,,,N,NONE,,,,,,,,,,,,,,,,,,,,,,,,,,,,,,,,,
2124251,dd8ec0a5f5c94dc1c2e214b122f9020f846515501f8e432c85029bb810e60067c8b00b8b98f0df579048fac675e525a3938639e54eb95b512fcea4f586915147,08/08/2025 02:46:00 PM,2,DRIVER,,2025045,,HONDA,ODYSSEY,IL,2012,NONE,VAN/MINI-VAN,PERSONAL,W,STRAIGHT AHEAD,,,1,,,,,,,,,Y,Y,,,,,,,,REAR,,,,,,,,,,,,,,,,,,,,,,,,,,,,,,,,,
2124241,b67850b66930e3651ed19ff54fc0cb2f00f80c67b80798c7ba36d272b1da562c93a684021c958a8910c2afbb68b341c1a1d1efc1bf46c188d33b32ec64a5505d,08/08/2025 02:45:00 PM,1,DRIVER,1,2025040,,FORD,BRONCO / BRONCO II,IL,2023,UNKNOWN,SPORT UTILITY VEHICLE (SUV),PERSONAL,W,STRAIGHT AHEAD,,,2,,,,,Y,,,,,,,,,,Y,Y,,FRONT,,,,,,,,,,,,,,,,,,,,,,,,,,,,,,,,,
2124242,b67850b66930e3651ed19ff54fc0cb2f00f80c67b80798c7ba36d272b1da562c93a684021c958a8910c2afbb68b341c1a1d1efc1bf46c188d33b32ec64a5505d,08/08/2025 02:45:00 PM,2,DRIVER,,2025049,,TESLA,MODEL Y,IL,2023,NONE,SPORT UTILITY VEHICLE (SUV),PERSONAL,W,SLOW/STOP IN TRAFFIC,,,1,,,,,,,,,Y,Y,Y,,,,,,,REAR,,,,,,,,,,,,,,,,,,,,,,,,,,,,,,,,,
2128339,e88040bd0e03f478e7699002b8236e7b235036fcfb200a54df09f5fbf6af67d17f9ad360b7bcfda3f1d12f7644c8d3140d2fde857a6a693a18a6d8cd202a8246,08/08/2025 02:45:00 PM,1,DRIVER,,2028943,,HONDA,ACCORD,IL,2003,NONE,PASSENGER,PERSONAL,W,STRAIGHT AHEAD,,,1,,,,,,,Y,Y,Y,,,,,,,,,SIDE-RIGHT,,,,,,,,,,,,,,,,,,,,,,,,,,,,,,,,,
2128340,e88040bd0e03f478e7699002b8236e7b235036fcfb200a54df09f5fbf6af67d17f9ad360b7bcfda3f1d12f7644c8d3140d2fde857a6a693a18a6d8cd202a8246,08/08/2025 02:45:00 PM,2,PARKED,,2028944,,HYUNDAI,SONATA,IL,2012,NONE,PASSENGER,NOT IN USE,W,PARKED,,,0,,,,,,,,,,,Y,Y,,,,,,SIDE-LEFT,,,,,,,,,,,,,,,,,,,,,,,,,,,,,,,,,
2124815,e14bc72b983bd91d692fb9c75d963539f7dd0794b203564b7d2e65e7c046eecf8f8905e3f6d77d9e59b846cc98b64ece79b0ea00d1e399010b7be44f091aec6a,08/08/2025 02:40:00 PM,1,DRIVER,,2025589,,KIA,OTHER (EXPLAIN IN NARRATIVE),IL,,NONE,PASSENGER,PERSONAL,E,STRAIGHT AHEAD,,,1,,,,,,,,,,,,,,,,,,SIDE-RIGHT,,,,,,,,,,,,,,,,,,,,,,,,,,,,,,,,,
2124816,e14bc72b983bd91d692fb9c75d963539f7dd0794b203564b7d2e65e7c046eecf8f8905e3f6d77d9e59b846cc98b64ece79b0ea00d1e399010b7be44f091aec6a,08/08/2025 02:40:00 PM,2,BICYCLE,,,,,,,,,,,,,,,,,,,,,,,,,,,,,,,,,,,,,,,,,,,,,,,,,,,,,,,,,,,,,,,,,,
2124708,068b3e6e338754b90110fc6e7fb83913f5959cbdc03ad43a31db1a2fb75be6c665a5623c215dc32c946b7b4c77c6e7f75df49db30d1d777808d646195514026f,08/08/2025 02:35:00 PM,1,DRIVER,,2025491,,AUDI,Q4,IL,2023,UNKNOWN,SPORT UTILITY VEHICLE (SUV),UNKNOWN/NA,E,U-TURN,,,1,,,,,Y,Y,,,,,,,,,,Y,,FRONT-RIGHT-CORNER,,,,,,,,,,,,,,,,,,,,,,,,,,,,,,,,,
2124709,068b3e6e338754b90110fc6e7fb83913f5959cbdc03ad43a31db1a2fb75be6c665a5623c215dc32c946b7b4c77c6e7f75df49db30d1d777808d646195514026f,08/08/2025 02:35:00 PM,2,DRIVER,,2025493,,JEEP,PATRIOT,IL,2016,UNKNOWN,SPORT UTILITY VEHICLE (SUV),PERSONAL,E,STRAIGHT AHEAD,,,1,,,,,,,,,,,,,,Y,Y,Y,,FRONT-LEFT-CORNER,,,,,,,,,,,,,,,,,,,,,,,,,,,,,,,,,
2124834,221b0932437ab0f7d8ae9b7418a73f0f2c0f05af2aabda4d110cad38b53ea06b2c1c902b73195e3aae3cf760e5d5369267c3dbb5bdb8ddc4dbbf7d7e11600b9b,08/08/2025 02:32:00 PM,1,DRIVER,,2025605,,FORD,EXPLORER,IL,2023,NONE,SPORT UTILITY VEHICLE (SUV),POLICE,N,STRAIGHT AHEAD,,,1,,,,,,,,,,,Y,Y,Y,,,,,SIDE-LEFT,,,,,,,,,,,,,,,,,,,,,,,,,,,,,,,,,
2124258,075cd4cbcc9cad13872fbac650a751135ba2c7a8cc704923d0ce708ac9f5b99ea0c7413b9ce253559934663f2d10fa630a4292ecda4dc1ac87c87f32fc267f3c,08/08/2025 02:30:00 PM,1,DRIVER,,2025053,,TOYOTA,PRIUS,WA,2015,NONE,PASSENGER,PERSONAL,SE,TURNING LEFT,,,1,,,,,,,,,,,,,,Y,Y,,,SIDE-LEFT,,,,,,,,,,,,,,,,,,,,,,,,,,,,,,,,,
2124259,075cd4cbcc9cad13872fbac650a751135ba2c7a8cc704923d0ce708ac9f5b99ea0c7413b9ce253559934663f2d10fa630a4292ecda4dc1ac87c87f32fc267f3c,08/08/2025 02:30:00 PM,2,DRIVER,,2025060,,HONDA,ACCORD,IL,2025,NONE,PASSENGER,PERSONAL,W,STRAIGHT AHEAD,,,1,,,,,,,,,,,,,,,Y,Y,,FRONT,,,,,,,,,,,,,,,,,,,,,,,,,,,,,,,,,
2124318,1093e118f92c065bc7dbcc559b8fd9d13d990aea471952f8a9cf02250dabea9ed06038d6d548f81243bed76016fe904399fdabae990c3c31f02b5a22cf6c00cd,08/08/2025 02:30:00 PM,1,DRIVER,,2025115,,TOYOTA,CAMRY,IL,2004,UNKNOWN,PASSENGER,PERSONAL,W,STRAIGHT AHEAD,,,1,,,,,,,,,,,,,,,,Y,,FRONT,,,,,,,,,,,,,,,,,,,,,,,,,,,,,,,,,
2124319,1093e118f92c065bc7dbcc559b8fd9d13d990aea471952f8a9cf02250dabea9ed06038d6d548f81243bed76016fe904399fdabae990c3c31f02b5a22cf6c00cd,08/08/2025 02:30:00 PM,2,DRIVER,4,2025104,,LAND ROVER,OTHER (EXPLAIN IN NARRATIVE),IL,2018,UNKNOWN,SPORT UTILITY VEHICLE (SUV),PERSONAL,W,SLOW/STOP IN TRAFFIC,,,5,,,,,,,,,,Y,,,,,,,,REAR,,,,,,,,,,,,,,,,,,,,,,,,,,,,,,,,,
2129697,7f66f24a85853d70f9317b252a4cb1d2f71dca69c7e00bfa2bc6d1c91edcd63f6c1df2a37e8ee84c360371bdfe86d4c7f18a755e82105798ac7e13882460fab4,08/08/2025 02:30:00 PM,1,DRIVER,,2030217,,MERCEDES-BENZ,GELAENDEWAGEN (G-WAGEN),IL,2024,NONE,VAN/MINI-VAN,OTHER,SW,BACKING,,,1,,,,Y,,,,,,,,,,,,,,NONE,,,,,,,,,,,,,,,,,,,,,,,,,,,,,,,,,
2129698,7f66f24a85853d70f9317b252a4cb1d2f71dca69c7e00bfa2bc6d1c91edcd63f6c1df2a37e8ee84c360371bdfe86d4c7f18a755e82105798ac7e13882460fab4,08/08/2025 02:30:00 PM,2,DRIVER,,2030225,,BMW,535 SERIES,IN,2012,NONE,PASSENGER,PERSONAL,W,STRAIGHT AHEAD,,,1,,,,,Y,,,,,,,,,,Y,Y,,FRONT,,,,,,,,,,,,,,,,,,,,,,,,,,,,,,,,,
2126498,bdfab2285c0bbe022d3247d7fa50744d292440e17307c1bc7605db90a6342a5959fd76de0e19cc500fa4ec28cf4359978f039d83ce7907efd6be7ea8eaefe5fc,08/08/2025 02:30:00 PM,2,DRIVER,,2027192,,TESLA,MODEL 3,IL,2020,NONE,PASSENGER,PERSONAL,S,STRAIGHT AHEAD,Y,,1,,,,,,,,,,,Y,Y,Y,Y,Y,,,FRONT-LEFT-CORNER,,,,,,,,,,,,,,,,,,,,,,,,,,,,,,,,,
2126499,bdfab2285c0bbe022d3247d7fa50744d292440e17307c1bc7605db90a6342a5959fd76de0e19cc500fa4ec28cf4359978f039d83ce7907efd6be7ea8eaefe5fc,08/08/2025 02:30:00 PM,1,DRIVER,,2027193,,FORD,EXPLORER,IL,,NONE,OTHER,POLICE,W,STRAIGHT AHEAD,Y,,1,,CITY OF CHICAGO,MOTOR MAINTENANCE GARAGE 1,,Y,Y,Y,,Y,,,,,,,,,FRONT,,,,,,,,,,,,,,,,,,,,,,,,,,,,,,,,,
2124226,d83cf9fff3dcbd4686986e1033e5d0e7e7a45f90e983dc78557274c23f363f7da07b7620b2384b8142d4e452837c9d0e87e44b4bb67ca692edea94973f188f2d,08/08/2025 02:25:00 PM,1,DRIVER,,2025022,,FORD,EXPLORER,IL,,NONE,SPORT UTILITY VEHICLE (SUV),POLICE,W,BACKING,,,1,,,,,,,,,Y,,,,,,,,,REAR-RIGHT-CORNER,,,,,,,,,,,,,,,,,,,,,,,,,,,,,,,,,
2124237,4af3655be06db3e86d7118cd7a790f1a46452e64dfab9a0a3bf944adaec297d536d94d37da97070a0d494bebbd3df51376b3b7f8649c5cd7cb5653054443618d,08/08/2025 02:18:00 PM,1,DRIVER,,2025035,,DODGE,CHARGER,IL,2012,NONE,PASSENGER,PERSONAL,SE,TURNING LEFT,,,1,,,,,Y,,,,,,,,,Y,Y,Y,,FRONT-LEFT-CORNER,,,,,,,,,,,,,,,,,,,,,,,,,,,,,,,,,
2124238,4af3655be06db3e86d7118cd7a790f1a46452e64dfab9a0a3bf944adaec297d536d94d37da97070a0d494bebbd3df51376b3b7f8649c5cd7cb5653054443618d,08/08/2025 02:18:00 PM,2,DRIVER,,2025032,,DODGE,CARAVAN,IL,2015,NONE,VAN/MINI-VAN,PERSONAL,N,STRAIGHT AHEAD,,,1,,,,,,,,,,,,,,Y,Y,Y,,REAR-LEFT-CORNER,,,,,,,,,,,,,,,,,,,,,,,,,,,,,,,,,
2124303,c50960641610d4bdb0a4fcaeaaf8b214ab8a1783200e4bcb17fafe3107d1a28744a1529ebdff25afc55840ca2a72ae91b19b5f42435c64f6263edc3f907a85a9,08/08/2025 02:17:00 PM,1,DRIVER,2,2025110,,CHEVROLET,EQUINOX,IN,2025,UNKNOWN,PASSENGER,PERSONAL,N,TURNING RIGHT,,,3,,,,,,,Y,Y,Y,,,,,,,,,SIDE-RIGHT-REAR,,,,,,,,,,,,,,,,,,,,,,,,,,,,,,,,,
2124304,c50960641610d4bdb0a4fcaeaaf8b214ab8a1783200e4bcb17fafe3107d1a28744a1529ebdff25afc55840ca2a72ae91b19b5f42435c64f6263edc3f907a85a9,08/08/2025 02:17:00 PM,2,DRIVER,,2025179,Y,NOVA BUS,OTHER (EXPLAIN IN NARRATIVE),IL,2018,UNKNOWN,BUS OVER 15 PASS.,CTA,N,STRAIGHT AHEAD,,,1,,,,,,,,,,,,,,,,,,FRONT,"21,959",,,,,3,CHICAGO TRANSIT AUTHORITY,IL,CHICAGO,,,,N,N,,U,,N,N,,,,,,,,,BUS,BUS,,N,N,
2124239,2130b7c6fbe42e52b4cd8916de8efd29c7a6d21cf4f4857842526926fc9ac4255b16f5732fa8f60eeb36aaf701eac1bc59cfaf6373f0a62adaddd5fcd33a903f,08/08/2025 02:15:00 PM,1,DRIVER,,2025039,,CHEVROLET,VAN,IL,2015,UNKNOWN,VAN/MINI-VAN,PERSONAL,N,TURNING LEFT,,,1,,,,,,,,,,,,,,,Y,,,FRONT-LEFT-CORNER,,,,,,,,,,,,,,,,,,,,,,,,,,,,,,,,,
2124240,2130b7c6fbe42e52b4cd8916de8efd29c7a6d21cf4f4857842526926fc9ac4255b16f5732fa8f60eeb36aaf701eac1bc59cfaf6373f0a62adaddd5fcd33a903f,08/08/2025 02:15:00 PM,2,DRIVER,,2025047,,LEXUS,IS,IL,2021,UNKNOWN,PASSENGER,PERSONAL,S,STRAIGHT AHEAD,,,1,,,,,,,,,,,,,,,Y,,,FRONT-LEFT-CORNER,,,,,,,,,,,,,,,,,,,,,,,,,,,,,,,,,
2124936,93ee049d895e93cd7794511d0b0fb408df9348627930587e5575b38bc2d9bb26415d1830767ea3fc17870d04e890f92164756fd0f2bf6243f863bd3516421c84,08/08/2025 02:15:00 PM,1,DRIVER,,2025709,,NISSAN,OTHER (EXPLAIN IN NARRATIVE),IL,2008,UNKNOWN,UNKNOWN/NA,UNKNOWN/NA,S,SLOW/STOP IN TRAFFIC,,,1,,,,Y,,,,,,,,,,,,,,REAR,,,,,,,,,,,,,,,,,,,,,,,,,,,,,,,,,
2124937,93ee049d895e93cd7794511d0b0fb408df9348627930587e5575b38bc2d9bb26415d1830767ea3fc17870d04e890f92164756fd0f2bf6243f863bd3516421c84,08/08/2025 02:15:00 PM,2,DRIVER,,2025702,,VOLVO,XC70,IN,2003,NONE,SPORT UTILITY VEHICLE (SUV),PERSONAL,S,SLOW/STOP IN TRAFFIC,,,1,,,,Y,,,,,,,,,,,,,,FRONT,,,,,,,,,,,,,,,,,,,,,,,,,,,,,,,,,
2124752,92d542cf03b710b931611372449798f1276f98059c045be811a8f684649abdd474c2293a65f3170f379f0b0319217ca0d0ff33431bfe040b394e986b3515e3d5,08/08/2025 02:13:00 PM,1,DRIVER,,2025532,,CHRYSLER,200,GA,2005,NONE,PASSENGER,PERSONAL,N,CHANGING LANES,,,1,,,,,,,,,Y,,,,,,,,,REAR-RIGHT-CORNER,,,,,,,,,,,,,,,,,,,,,,,,,,,,,,,,,
2124753,92d542cf03b710b931611372449798f1276f98059c045be811a8f684649abdd474c2293a65f3170f379f0b0319217ca0d0ff33431bfe040b394e986b3515e3d5,08/08/2025 02:13:00 PM,2,DRIVER,3,2025535,,TOYOTA,HIGHLANDER,IN,2020,NONE,SPORT UTILITY VEHICLE (SUV),PERSONAL,N,SLOW/STOP IN TRAFFIC,,,4,,,,,,,,,,,Y,,,,,,,SIDE-LEFT-REAR,,,,,,,,,,,,,,,,,,,,,,,,,,,,,,,,,
2124227,da4946d3d27ef547a64a6c8dcc6f3adad742831a6412cf2eec76463ec719584557e9aafa59669de9b5df5a13932022501d9945f394eb8a8c0a996226481123ed,08/08/2025 02:10:00 PM,1,DRIVER,,2025023,,FORD,TRANSIT,IL,2017,UNKNOWN,VAN/MINI-VAN,PERSONAL,E,MERGING,,,1,,,,,,,,,,,,,Y,Y,,,,SIDE-LEFT,,,,,,,,,,,,,,,,,,,,,,,,,,,,,,,,,