CRASH_UNIT_ID,CRASH_RECORD_ID,CRASH_DATE,UNIT_NO,UNIT_TYPE,NUM_PASSENGERS,VEHICLE_ID,CMRC_VEH_I,MAKE,MODEL,LIC_PLATE_STATE,VEHICLE_YEAR,VEHICLE_DEFECT,VEHICLE_TYPE,VEHICLE_USE,TRAVEL_DIRECTION,MANEUVER,TOWED_I,FIRE_I,OCCUPANT_CNT,EXCEED_SPEED_LIMIT_I,TOWED_BY,TOWED_TO,AREA_00_I,AREA_01_I,AREA_02_I,AREA_03_I,AREA_04_I,AREA_05_I,AREA_06_I,AREA_07_I,AREA_08_I,AREA_09_I,AREA_10_I,AREA_11_I,AREA_12_I,AREA_99_I,FIRST_CONTACT_POINT,CMV_ID,USDOT_NO,CCMC_NO,ILCC_NO,COMMERCIAL_SRC,GVWR,CARRIER_NAME,CARRIER_STATE,CARRIER_CITY,HAZMAT_PLACARDS_I,HAZMAT_NAME,UN_NO,HAZMAT_PRESENT_I,HAZMAT_REPORT_I,HAZMAT_REPORT_NO,MCS_REPORT_I,MCS_REPORT_NO,HAZMAT_VIO_CAUSE_CRASH_I,MCS_VIO_CAUSE_CRASH_I,IDOT_PERMIT_NO,WIDE_LOAD_I,TRAILER1_WIDTH,TRAILER2_WIDTH,TRAILER1_LENGTH,TRAILER2_LENGTH,TOTAL_VEHICLE_LENGTH,AXLE_CNT,VEHICLE_CONFIG,CARGO_BODY_TYPE,LOAD_TYPE,HAZMAT_OUT_OF_SERVICE_I,MCS_OUT_OF_SERVICE_I,HAZMAT_CLASS
2124228,da4946d3d27ef547a64a6c8dcc6f3adad742831a6412cf2eec76463ec719584557e9aafa59669de9b5df5a13932022501d9945f394eb8a8c0a996226481123ed,08/08/2025 02:10:00 PM,2,DRIVER,2,2025029,,NISSAN,ROGUE,IL,2012,NONE,SPORT UTILITY VEHICLE (SUV),PERSONAL,E,STRAIGHT AHEAD,,,3,,,,,,Y,Y,,,,,,,,,,,SIDE-RIGHT,,,,,,,,,,,,,,,,,,,,,,,,,,,,,,,,,
2124231,60f66d86e26aa819773694bf3070188948a608e2432debbf1deeb04d0b5afa1b053625b6000ef7564e305fccfa2fb003968e814f433250a402f29e80c8ac763c,08/08/2025 02:04:00 PM,1,DRIVER,1,2025030,,LEXUS,OTHER (EXPLAIN IN NARRATIVE),IL,2019,UNKNOWN,PASSENGER,PERSONAL,S,STRAIGHT AHEAD,,,2,,,,,,,,,,,,,Y,Y,,,,SIDE-LEFT,,,,,,,,,,,,,,,,,,,,,,,,,,,,,,,,,
2124232,60f66d86e26aa819773694bf3070188948a608e2432debbf1deeb04d0b5afa1b053625b6000ef7564e305fccfa2fb003968e814f433250a402f29e80c8ac763c,08/08/2025 02:04:00 PM,2,DRIVER,,2025034,,CHEVROLET,OTHER (EXPLAIN IN NARRATIVE),IL,2007,OTHER,PICKUP,PERSONAL,N,STRAIGHT AHEAD,,,1,,,,,,,,,,,,,Y,Y,,,,SIDE-LEFT,,,,,,,,,,,,,,,,,,,,,,,,,,,,,,,,,
2124405,243a769446be160491522ddaf8ef96641d2af5cb1e6b248726e608470b22f228de9c715f8099282f427165305f2ebf797da9b70e2ee79eecc06055d4e6070fc1,08/08/2025 02:00:00 PM,1,DRIVER,,2025195,,"PETERBILT MOTORS COMPANY (DIVISION OF PACCAR, INC.)",OTHER (EXPLAIN IN NARRATIVE),,,UNKNOWN,UNKNOWN/NA,UNKNOWN/NA,UNKNOWN,UNKNOWN/NA,,,1,,,,,,,,,,,,,,,,,Y,UNKNOWN,,,,,,,,,,,,,,,,,,,,,,,,,,,,,,,,,
2124406,243a769446be160491522ddaf8ef96641d2af5cb1e6b248726e608470b22f228de9c715f8099282f427165305f2ebf797da9b70e2ee79eecc06055d4e6070fc1,08/08/2025 02:00:00 PM,2,PARKED,,2025200,,ACURA,ADX,IL,2012,NONE,PASSENGER,PERSONAL,W,PARKED,,,0,,,,,,,,,,,,,Y,Y,,,,SIDE-LEFT,,,,,,,,,,,,,,,,,,,,,,,,,,,,,,,,,
2124254,4cba442e68d6db0e239210fa3d9f0d4eae17d57501882f98c4a95cd00ab01ff9002fb2504d66c59c2c0e1b29ab328283e98f78e7eaa69791eb5c3f953ad5bb81,08/08/2025 02:00:00 PM,1,DRIVER,,2025064,,NISSAN,SENTRA,IL,2022,NONE,PASSENGER,PERSONAL,SW,TURNING LEFT,,,1,,,,,,,,,,,,,Y,Y,Y,Y,,SIDE-LEFT-FRONT,,,,,,,,,,,,,,,,,,,,,,,,,,,,,,,,,
2124255,4cba442e68d6db0e239210fa3d9f0d4eae17d57501882f98c4a95cd00ab01ff9002fb2504d66c59c2c0e1b29ab328283e98f78e7eaa69791eb5c3f953ad5bb81,08/08/2025 02:00:00 PM,2,DRIVER,1,2025075,,NISSAN,ROGUE,FL,,NONE,SPORT UTILITY VEHICLE (SUV),RIDESHARE SERVICE,NE,STRAIGHT AHEAD,Y,,2,,INSURANCE,UNK,,,,,,,,,,,Y,Y,Y,,SIDE-LEFT-FRONT,,,,,,,,,,,,,,,,,,,,,,,,,,,,,,,,,
2124252,d86992fecce4dc2e917376e82c6e0193766b420d692d8526db1158ccdaa2732a2052ec770992e308741456a215f0c8f5f9d991efea2db50fa958f167548f59dd,08/08/2025 02:00:00 PM,1,DRIVER,,2025046,,HONDA,CIVIC,IL,2008,NONE,PASSENGER,PERSONAL,S,STRAIGHT AHEAD,,,1,,,,,,,,,,,,,,,,Y,,FRONT,,,,,,,,,,,,,,,,,,,,,,,,,,,,,,,,,
2124253,d86992fecce4dc2e917376e82c6e0193766b420d692d8526db1158ccdaa2732a2052ec770992e308741456a215f0c8f5f9d991efea2db50fa958f167548f59dd,08/08/2025 02:00:00 PM,2,DRIVER,,2025050,,HONDA,CIVIC,IL,2025,NONE,PASSENGER,PERSONAL,S,STRAIGHT AHEAD,,,1,,,,,,,,,,Y,,,,,,,,REAR,,,,,,,,,,,,,,,,,,,,,,,,,,,,,,,,,
2124199,89e71ff5e4be14263087bdf4862271f7a42eb62b184c676fe2c3b2a29ae35627575c2e5518a2420b0b2bce5aa52f0f16e07aa9836853141846299e720ffefdd0,08/08/2025 01:55:00 PM,1,DRIVER,,2024997,,NISSAN,OTHER (EXPLAIN IN NARRATIVE),IL,2020,NONE,PASSENGER,PERSONAL,E,STRAIGHT AHEAD,,,1,,,,,,,,,,,,,,,,Y,,FRONT,,,,,,,,,,,,,,,,,,,,,,,,,,,,,,,,,
2124200,89e71ff5e4be14263087bdf4862271f7a42eb62b184c676fe2c3b2a29ae35627575c2e5518a2420b0b2bce5aa52f0f16e07aa9836853141846299e720ffefdd0,08/08/2025 01:55:00 PM,2,DRIVER,,2025007,,HYUNDAI,SONATA,IL,2018,NONE,PASSENGER,PERSONAL,E,SLOW/STOP IN TRAFFIC,,,1,,,,,,,,,,Y,,,,,,,,REAR,,,,,,,,,,,,,,,,,,,,,,,,,,,,,,,,,
2124201,89e71ff5e4be14263087bdf4862271f7a42eb62b184c676fe2c3b2a29ae35627575c2e5518a2420b0b2bce5aa52f0f16e07aa9836853141846299e720ffefdd0,08/08/2025 01:55:00 PM,3,DRIVER,,2025011,,TOYOTA,OTHER (EXPLAIN IN NARRATIVE),IL,2010,NONE,PASSENGER,PERSONAL,E,SLOW/STOP IN TRAFFIC,,,1,,,,,,,,,,Y,,,,,,,,REAR,,,,,,,,,,,,,,,,,,,,,,,,,,,,,,,,,
2124312,c3fa6aa8a38c48d7b9a2f2548030a3ff80bd0116459dcca7764f0b44a626dc453be943bc0a152f8faf19d6ade89cbe8236a2c78a8113bb757d5dd648e3347a64,08/08/2025 01:55:00 PM,1,DRIVER,,2025105,,MAZDA,CX-3,IL,2019,UNKNOWN,PASSENGER,UNKNOWN/NA,W,STRAIGHT AHEAD,,,1,,,,,,,,,,,,,,,Y,,,FRONT-LEFT-CORNER,,,,,,,,,,,,,,,,,,,,,,,,,,,,,,,,,
2124313,c3fa6aa8a38c48d7b9a2f2548030a3ff80bd0116459dcca7764f0b44a626dc453be943bc0a152f8faf19d6ade89cbe8236a2c78a8113bb757d5dd648e3347a64,08/08/2025 01:55:00 PM,2,DRIVER,,2025125,,CHEVROLET,IMPALA,IL,2009,UNKNOWN,PASSENGER,PERSONAL,W,STRAIGHT AHEAD,,,1,,,,,,,,,Y,,,,,,,,,REAR-RIGHT-CORNER,,,,,,,,,,,,,,,,,,,,,,,,,,,,,,,,,
2124159,2335929328a506e2a9b6debaa1ab08eac0bd882083a62fd4b3ee7c29b1ac343638f0d806f8ff63ea1cb1c6010ca5f5f00b9fa200f0077b2db3fe44f1b9088157,08/08/2025 01:50:00 PM,1,DRIVER,,2024988,,CHEVROLET,C/K 3500,IL,2017,NONE,TRUCK - SINGLE UNIT,OTHER,N,STRAIGHT AHEAD,,,1,,,,,,,,,,,,,,,,Y,,FRONT,,,,,,,,,,,,,,,,,,,,,,,,,,,,,,,,,
2124160,2335929328a506e2a9b6debaa1ab08eac0bd882083a62fd4b3ee7c29b1ac343638f0d806f8ff63ea1cb1c6010ca5f5f00b9fa200f0077b2db3fe44f1b9088157,08/08/2025 01:50:00 PM,2,DRIVER,,2024994,,TOYOTA,CAMRY,IL,2013,NONE,PASSENGER,PERSONAL,N,STRAIGHT AHEAD,,,1,,,,,,,,,,Y,,,,,,Y,,REAR,,,,,,,,,,,,,,,,,,,,,,,,,,,,,,,,,
2124161,2335929328a506e2a9b6debaa1ab08eac0bd882083a62fd4b3ee7c29b1ac343638f0d806f8ff63ea1cb1c6010ca5f5f00b9fa200f0077b2db3fe44f1b9088157,08/08/2025 01:50:00 PM,3,DRIVER,,2025005,,CHEVROLET,EQUINOX,IL,2017,NONE,SPORT UTILITY VEHICLE (SUV),PERSONAL,N,STRAIGHT AHEAD,,,1,,,,,,,,,,Y,,,,,,,,REAR,,,,,,,,,,,,,,,,,,,,,,,,,,,,,,,,,
2124247,43026a2c09910ec72f5d64af61c62d253603ad99e1b30ac3212339d7a9d8b41177ca5214b9b0584056ae2d86dde096a8e958a37e15b83e4138602363e4e1dca0,08/08/2025 01:50:00 PM,1,DRIVER,1,2025063,,TOYOTA,TUNDRA,IL,2016,UNKNOWN,PICKUP,UNKNOWN/NA,N,PASSING/OVERTAKING,,,2,,,,,Y,Y,,,,,,,,,,N,,FRONT-RIGHT-CORNER,,,,,,,,,,,,,,,,,,,,,,,,,,,,,,,,,
2124248,43026a2c09910ec72f5d64af61c62d253603ad99e1b30ac3212339d7a9d8b41177ca5214b9b0584056ae2d86dde096a8e958a37e15b83e4138602363e4e1dca0,08/08/2025 01:50:00 PM,2,DRIVER,,2025077,,CHEVROLET,TAHOE,IL,2002,UNKNOWN,SPORT UTILITY VEHICLE (SUV),PERSONAL,N,STRAIGHT AHEAD,,,1,,,,,,,,,,Y,Y,Y,,,,,,REAR-LEFT-CORNER,,,,,,,,,,,,,,,,,,,,,,,,,,,,,,,,,
2124416,532da9d5976ddaf9eee1a3f01a28b4c3e28c4711bce3607b562c07240c9d5d61a127b8750f926d27bf2de538f0a74c81b90e4d8384d1a4be3ac79152acec3cc5,08/08/2025 01:50:00 PM,1,DRIVER,,2025223,,TOYOTA,RAV4,IL,2024,NONE,SPORT UTILITY VEHICLE (SUV),PERSONAL,E,TURNING LEFT,,,1,,,,,Y,,,,,,,,,,,Y,,FRONT,,,,,,,,,,,,,,,,,,,,,,,,,,,,,,,,,
2124417,532da9d5976ddaf9eee1a3f01a28b4c3e28c4711bce3607b562c07240c9d5d61a127b8750f926d27bf2de538f0a74c81b90e4d8384d1a4be3ac79152acec3cc5,08/08/2025 01:50:00 PM,2,DRIVER,,2025229,,SUBARU,FORESTER,IL,2022,NONE,SPORT UTILITY VEHICLE (SUV),PERSONAL,S,STRAIGHT AHEAD,,,1,,,,,Y,,,,,,,,,,,,,FRONT-RIGHT-CORNER,,,,,,,,,,,,,,,,,,,,,,,,,,,,,,,,,
2124172,5484fcb78b425aebe1b352e0079ac727e091221a26715602652768403987b969ac683575e35b0915e1d8e68b79cf1f9133e1d3cc9fa11183aba98fee226d28bb,08/08/2025 01:41:00 PM,1,DRIVER,1,2024986,,CHEVROLET,CRUZE,IL,2012,UNKNOWN,PASSENGER,PERSONAL,W,STRAIGHT AHEAD,,,2,,,,,N,,,,,,,,,,Y,N,,FRONT-LEFT-CORNER,,,,,,,,,,,,,,,,,,,,,,,,,,,,,,,,,
2124173,5484fcb78b425aebe1b352e0079ac727e091221a26715602652768403987b969ac683575e35b0915e1d8e68b79cf1f9133e1d3cc9fa11183aba98fee226d28bb,08/08/2025 01:41:00 PM,2,DRIVER,2,2024990,,CHEVROLET,IMPALA,IL,2003,UNKNOWN,PASSENGER,PERSONAL,W,SLOW/STOP IN TRAFFIC,,,3,,,,,Y,,,,Y,Y,Y,,,,Y,Y,,REAR,,,,,,,,,,,,,,,,,,,,,,,,,,,,,,,,,
2124174,5484fcb78b425aebe1b352e0079ac727e091221a26715602652768403987b969ac683575e35b0915e1d8e68b79cf1f9133e1d3cc9fa11183aba98fee226d28bb,08/08/2025 01:41:00 PM,3,DRIVER,,2024999,,CADILLAC,DEVILLE,IL,2014,UNKNOWN,PASSENGER,PERSONAL,W,SLOW/STOP IN TRAFFIC,,,1,,,,,,,,,N,N,Y,,,,,,,REAR,,,,,,,,,,,,,,,,,,,,,,,,,,,,,,,,,
2124262,74c06b895d0cf8dc78546527f832a1cb3a56f612f29f0e38407ca6814d389d6dd9809109b64178b696d1d786d6e515be1516ac7b05759bc71369387bcdf5deba,08/08/2025 01:40:00 PM,1,DRIVER,1,2025057,,TOYOTA,CAMRY,IL,2003,UNKNOWN,PASSENGER,PERSONAL,E,SKIDDING/CONTROL LOSS,,,2,,,,,Y,,,,,,,,,,Y,Y,,FRONT,,,,,,,,,,,,,,,,,,,,,,,,,,,,,,,,,
2124151,2ab398a38c1b5537cdd92fa59aebc30c9807fe2481d97a9a2b0afddd351c3d18f7e3848d91cee8cfff8c52f88798435898fb74ece27aeddeaed4bfa9a32b50ad,08/08/2025 01:36:00 PM,1,DRIVER,,2024976,,TOYOTA,HIGHLANDER,IL,2015,NONE,SPORT UTILITY VEHICLE (SUV),PERSONAL,N,CHANGING LANES,,,1,,,,,Y,Y,Y,Y,Y,,,,,,,,,SIDE-RIGHT,,,,,,,,,,,,,,,,,,,,,,,,,,,,,,,,,
2124152,2ab398a38c1b5537cdd92fa59aebc30c9807fe2481d97a9a2b0afddd351c3d18f7e3848d91cee8cfff8c52f88798435898fb74ece27aeddeaed4bfa9a32b50ad,08/08/2025 01:36:00 PM,2,DRIVER,,2024980,,VOLKSWAGEN,TIGUAN,IL,2022,NONE,SPORT UTILITY VEHICLE (SUV),PERSONAL,N,STRAIGHT AHEAD,,,1,,,,,,,,,,,Y,Y,Y,Y,Y,,,SIDE-LEFT,,,,,,,,,,,,,,,,,,,,,,,,,,,,,,,,,
2124202,32732561db4933b74dec45f8f79ad37ea90971abcbd204038e84789b39baab0d043dbf547d381ae840ab87f50511e63a5a6aae2a0f9795843f5488b69f07e2c2,08/08/2025 01:30:00 PM,1,DRIVER,,2024996,,HONDA,CR-V,IL,2013,NONE,PASSENGER,PERSONAL,E,SLOW/STOP IN TRAFFIC,,,1,,,,,N,,,,,,,,,,N,Y,,FRONT,,,,,,,,,,,,,,,,,,,,,,,,,,,,,,,,,
2124203,32732561db4933b74dec45f8f79ad37ea90971abcbd204038e84789b39baab0d043dbf547d381ae840ab87f50511e63a5a6aae2a0f9795843f5488b69f07e2c2,08/08/2025 01:30:00 PM,2,DRIVER,,2025006,,SATURN,VUE,IN,2009,NONE,SPORT UTILITY VEHICLE (SUV),PERSONAL,E,SLOW/STOP IN TRAFFIC,,,1,,,,,,,,,,Y,,,,,,,,REAR,,,,,,,,,,,,,,,,,,,,,,,,,,,,,,,,,
2124214,4747649ed2159ec7aeb023d6a2350d8ef9036f1e56c552dcffb0bce8fc60974d014c8a8da715128e44514578d81cae54fc88c1a3676c423d09a154bf4e67b69d,08/08/2025 01:30:00 PM,1,DRIVER,,2025016,,JEEP,CHEROKEE,IL,2017,UNKNOWN,SPORT UTILITY VEHICLE (SUV),PERSONAL,N,TURNING LEFT,,,1,,,,,Y,Y,Y,,,,,,,,,,,FRONT-RIGHT-CORNER,,,,,,,,,,,,,,,,,,,,,,,,,,,,,,,,,
2124215,4747649ed2159ec7aeb023d6a2350d8ef9036f1e56c552dcffb0bce8fc60974d014c8a8da715128e44514578d81cae54fc88c1a3676c423d09a154bf4e67b69d,08/08/2025 01:30:00 PM,2,DRIVER,1,2025025,,TOYOTA,RAV4,IL,2002,UNKNOWN,SPORT UTILITY VEHICLE (SUV),PERSONAL,S,TURNING LEFT,Y,,2,,,,,,,Y,Y,,,,,,,,,,SIDE-RIGHT,,,,,,,,,,,,,,,,,,,,,,,,,,,,,,,,,
2126233,2c91ae2c61436a80f776702ca2a061e4ca3998788dbda6d3b978ab54773ea7d4892b712dac4b7bee462654f36d508d5dfb7bd647005093c61ad63da30c713b01,08/08/2025 01:26:00 PM,1,DRIVER,,2026933,,TOYOTA,TACOMA,IL,2003,NONE,PICKUP,PERSONAL,W,STRAIGHT AHEAD,,,1,,,,,Y,,,,,,,,,,,,,FRONT-RIGHT-CORNER,,,,,,,,,,,,,,,,,,,,,,,,,,,,,,,,,
2126234,2c91ae2c61436a80f776702ca2a061e4ca3998788dbda6d3b978ab54773ea7d4892b712dac4b7bee462654f36d508d5dfb7bd647005093c61ad63da30c713b01,08/08/2025 01:26:00 PM,2,DRIVER,,2026934,,NISSAN,ROGUE,IL,2017,NONE,PICKUP,PERSONAL,W,STRAIGHT AHEAD,,,1,,,,,,,,,,,Y,,,,N,,,REAR-LEFT-CORNER,,,,,,,,,,,,,,,,,,,,,,,,,,,,,,,,,
2124235,5dd90894a33c56e2be604c94dc65ab772ebd1a05c5dee25403fd05e64ceac28902c5bf46962fb7f8587fc3cd49b20d27b0b5ca045ce05c9112fa8b5278e2f03a,08/08/2025 01:20:00 PM,1,DRIVER,,2025033,,TOYOTA,ECHO,IL,2002,NONE,PASSENGER,PERSONAL,W,TURNING RIGHT,Y,,1,,PRIVATE TOW REQUESTED,,,,,,,,,,,,,Y,,,SIDE-LEFT,,,,,,,,,,,,,,,,,,,,,,,,,,,,,,,,,
2124236,5dd90894a33c56e2be604c94dc65ab772ebd1a05c5dee25403fd05e64ceac28902c5bf46962fb7f8587fc3cd49b20d27b0b5ca045ce05c9112fa8b5278e2f03a,08/08/2025 01:20:00 PM,2,DRIVER,,2025042,,TOYOTA,RAV4,MA,2019,NONE,SPORT UTILITY VEHICLE (SUV),PERSONAL,N,STRAIGHT AHEAD,,,1,,,,,,,,,,,,,,,Y,Y,,SIDE-LEFT,,,,,,,,,,,,,,,,,,,,,,,,,,,,,,,,,
2124229,8a0e388fecc16a17d304ddf52131157bf14cb51265320174b6d96c883d7b103b34b829cf0663e5b6306b6935a5a439d1986cf5ef37378731b78ffe8ebb2cd9ba,08/08/2025 01:20:00 PM,1,DRIVER,,2025026,,JEEP,JEEP,IL,2021,UNKNOWN,SPORT UTILITY VEHICLE (SUV),UNKNOWN/NA,W,MERGING,,,1,,,,,,,,,,,,,,,Y,,,FRONT-LEFT-CORNER,,,,,,,,,,,,,,,,,,,,,,,,,,,,,,,,,
2124230,8a0e388fecc16a17d304ddf52131157bf14cb51265320174b6d96c883d7b103b34b829cf0663e5b6306b6935a5a439d1986cf5ef37378731b78ffe8ebb2cd9ba,08/08/2025 01:20:00 PM,2,DRIVER,,2025028,,FORD,ECOSPORT,IL,2018,UNKNOWN,SPORT UTILITY VEHICLE (SUV),PERSONAL,W,STARTING IN TRAFFIC,,,1,,,,,Y,Y,,,,,,,,,,Y,,FRONT-RIGHT-CORNER,,,,,,,,,,,,,,,,,,,,,,,,,,,,,,,,,
2124162,e2b767748de41a27114cabba73daa191638395621bf2311a455ba9baf7441892ffc3813cd533e47c36772a740a9f1a88b8b6aaad995090267e243d2ae55fd7f6,08/08/2025 01:12:00 PM,1,DRIVER,,2024992,,CHEVROLET,HHR,IL,2011,UNKNOWN,PASSENGER,PERSONAL,N,MERGING,,,1,,,,,,,,,,,Y,Y,Y,Y,Y,,,SIDE-LEFT,,,,,,,,,,,,,,,,,,,,,,,,,,,,,,,,,
2124163,e2b767748de41a27114cabba73daa191638395621bf2311a455ba9baf7441892ffc3813cd533e47c36772a740a9f1a88b8b6aaad995090267e243d2ae55fd7f6,08/08/2025 01:12:00 PM,2,DRIVER,,2025000,,FORD,F650,CA,2018,UNKNOWN,TRUCK - SINGLE UNIT,TOW TRUCK,N,STRAIGHT AHEAD,,,1,,,,,Y,Y,Y,Y,,,,,,,,,,SIDE-RIGHT,,,,,,,,,,,,,,,,,,,,,,,,,,,,,,,,,
2124224,06e9baded1e94a179dfe15cc1e37b6576daadd49515132d4a754b57ad5a02bb77098e0adc3ba9edd78daccbb28f1ca5d1adebed4805434ae2ea7a3b5f1e6d6b0,08/08/2025 01:10:00 PM,1,DRIVER,5,2025020,,HYUNDAI,TUCSON,IL,2025,NONE,PASSENGER,PERSONAL,E,TURNING LEFT,N,,6,,,,,,,,,,,,,,Y,Y,,,FRONT-LEFT-CORNER,,,,,,,,,,,,,,,,,,,,,,,,,,,,,,,,,
2124225,06e9baded1e94a179dfe15cc1e37b6576daadd49515132d4a754b57ad5a02bb77098e0adc3ba9edd78daccbb28f1ca5d1adebed4805434ae2ea7a3b5f1e6d6b0,08/08/2025 01:10:00 PM,2,DRIVER,,2025038,,KIA,SPORTAGE,IL,2015,UNKNOWN,PASSENGER,PERSONAL,W,STRAIGHT AHEAD,,,1,,,,,,,,,,,,,,Y,Y,,,FRONT-LEFT-CORNER,,,,,,,,,,,,,,,,,,,,,,,,,,,,,,,,,
2124941,1e416327be8c1f02a28696711184052d217d14f1e39d47d055134d8c779c0de15cd26c86f5873b77d3df5cb636d110071ae31aa0ae0c9d002d19be5278d66f67,08/08/2025 01:10:00 PM,1,BICYCLE,,,,,,,,,,,,,,,,,,,,,,,,,,,,,,,,,,,,,,,,,,,,,,,,,,,,,,,,,,,,,,,,,,
2124942,1e416327be8c1f02a28696711184052d217d14f1e39d47d055134d8c779c0de15cd26c86f5873b77d3df5cb636d110071ae31aa0ae0c9d002d19be5278d66f67,08/08/2025 01:10:00 PM,2,DRIVER,,2025710,,CHEVROLET,CAMARO,IL,2015,NONE,PASSENGER,PERSONAL,W,STRAIGHT AHEAD,,,1,,,,,Y,Y,,,,,,,,,,,,FRONT-RIGHT-CORNER,,,,,,,,,,,,,,,,,,,,,,,,,,,,,,,,,
2124274,6ac53b5a6c558a4a5784f0a5f2ae73454fcdc65fdb4f5207224154a402562f19dd2b171e68ff92db02471185645081bbe2423a2b2dd4752322e29d50e347b73b,08/08/2025 01:10:00 PM,1,DRIVER,,2025067,,FORD,OTHER (EXPLAIN IN NARRATIVE),IL,,UNKNOWN,PASSENGER,PERSONAL,UNKNOWN,UNKNOWN/NA,,,1,,,,,Y,Y,Y,Y,Y,,,,,,,,,SIDE-RIGHT,,,,,,,,,,,,,,,,,,,,,,,,,,,,,,,,,
2124275,6ac53b5a6c558a4a5784f0a5f2ae73454fcdc65fdb4f5207224154a402562f19dd2b171e68ff92db02471185645081bbe2423a2b2dd4752322e29d50e347b73b,08/08/2025 01:10:00 PM,2,PARKED,,2025074,,NISSAN,FRONTIER,IL,2019,UNKNOWN,PASSENGER,NOT IN USE,UNKNOWN,PARKED,,,0,,,,,,,,,,,,,Y,Y,Y,Y,,FRONT-LEFT-CORNER,,,,,,,,,,,,,,,,,,,,,,,,,,,,,,,,,
2124325,f555ee3cf50c997fa3c9ba693f867ea60680630b9562345004439fe315aa7651087d28101397a3163e5bfc7819dca85126ad4f8447af68bc13f147b9e57e0de4,08/08/2025 01:07:00 PM,1,DRIVER,,2025117,,DODGE,SPIRIT,,,UNKNOWN,VAN/MINI-VAN,COMMERCIAL - SINGLE UNIT,S,ENTERING TRAFFIC LANE FROM PARKING,,,1,,,,,,Y,Y,,,,,,,,,,,SIDE-RIGHT-FRONT,,,,,,,,,,,,,,,,,,,,,,,,,,,,,,,,,
2124326,f555ee3cf50c997fa3c9ba693f867ea60680630b9562345004439fe315aa7651087d28101397a3163e5bfc7819dca85126ad4f8447af68bc13f147b9e57e0de4,08/08/2025 01:07:00 PM,2,DRIVER,1,2025123,,FORD,OTHER (EXPLAIN IN NARRATIVE),IL,2021,UNKNOWN,VAN/MINI-VAN,AMBULANCE,S,STRAIGHT AHEAD,,,2,,,,,,Y,,,,,,,,,,,,SIDE-RIGHT-FRONT,,,,,,,,,,,,,,,,,,,,,,,,,,,,,,,,,
2124490,163f8d2b6a5fba2bc793df5c98d6e4379dfd3f36f91396e072aa5b29280a501e4efdb17f8ec5e9e897c382305f30bc3b4be4bffa8988e0e582904c2a3142b67d,08/08/2025 01:05:00 PM,1,DRIVER,,2025286,,CHEVROLET,TRAVERSE,IL,2016,UNKNOWN,SPORT UTILITY VEHICLE (SUV),UNKNOWN/NA,E,STRAIGHT AHEAD,,,1,,,,,,,,,,,,,,,Y,Y,,FRONT-LEFT-CORNER,,,,,,,,,,,,,,,,,,,,,,,,,,,,,,,,,
2124491,163f8d2b6a5fba2bc793df5c98d6e4379dfd3f36f91396e072aa5b29280a501e4efdb17f8ec5e9e897c382305f30bc3b4be4bffa8988e0e582904c2a3142b67d,08/08/2025 01:05:00 PM,2,DRIVER,,2025295,,TOYOTA,MATRIX,IL,2005,NONE,PASSENGER,PERSONAL,S,STRAIGHT AHEAD,,,1,,,,,,,Y,Y,Y,,,,,,,,,SIDE-RIGHT,,,,,,,,,,,,,,,,,,,,,,,,,,,,,,,,,
2124197,8b91863ddb85e27ce305d51cfbf49905420d1e3642136ef6d901ab60c232bc61b29cc8b5e59d4b88b49139144d529280e21c4d5a33363e5cabc09519f9b7be7e,08/08/2025 01:05:00 PM,1,PARKED,1,2024987,,HONDA,CR-V,IL,2015,NONE,UNKNOWN/NA,UNKNOWN/NA,N,PARKED,,,0,,,,,,,Y,Y,,,,,,,,,,SIDE-RIGHT,,,,,,,,,,,,,,,,,,,,,,,,,,,,,,,,,
2124198,8b91863ddb85e27ce305d51cfbf49905420d1e3642136ef6d901ab60c232bc61b29cc8b5e59d4b88b49139144d529280e21c4d5a33363e5cabc09519f9b7be7e,08/08/2025 01:05:00 PM,2,DRIVER,,2024991,,UNKNOWN,MOTORIZED,IL,,UNKNOWN,UNKNOWN/NA,UNKNOWN/NA,N,UNKNOWN/NA,,,1,,,,,,,,,,,,,Y,Y,,,,SIDE-LEFT,,,,,,,,,,,,,,,,,,,,,,,,,,,,,,,,,
2124183,9eb2197e8e2400e1a8e63250302a82ea388519daa8ace317482e85b656b9eb98d217bb39c57c8e96cb452a4a8835f7fceaa4a2074bd88bad1320e20fcb7a05f3,08/08/2025 01:03:00 PM,1,DRIVER,,2025009,,TOYOTA,CAMRY,IL,2008,NONE,PASSENGER,PERSONAL,UNKNOWN,UNKNOWN/NA,N,,1,,,,,,,,,,,,,,,,,,UNKNOWN,,,,,,,,,,,,,,,,,,,,,,,,,,,,,,,,,
2124184,9eb2197e8e2400e1a8e63250302a82ea388519daa8ace317482e85b656b9eb98d217bb39c57c8e96cb452a4a8835f7fceaa4a2074bd88bad1320e20fcb7a05f3,08/08/2025 01:03:00 PM,2,DRIVER,5,2024989,,UNKNOWN,OTHER (EXPLAIN IN NARRATIVE),IL,2014,NONE,OTHER,TAXI/FOR HIRE,UNKNOWN,STRAIGHT AHEAD,,,6,,,,,,Y,,,,,,,,,,,,SIDE-LEFT,,,,,,,,,,,,,,,,,,,,,,,,,,,,,,,,,