CRASH_UNIT_ID,CRASH_RECORD_ID,CRASH_DATE,UNIT_NO,UNIT_TYPE,NUM_PASSENGERS,VEHICLE_ID,CMRC_VEH_I,MAKE,MODEL,LIC_PLATE_STATE,VEHICLE_YEAR,VEHICLE_DEFECT,VEHICLE_TYPE,VEHICLE_USE,TRAVEL_DIRECTION,MANEUVER,TOWED_I,FIRE_I,OCCUPANT_CNT,EXCEED_SPEED_LIMIT_I,TOWED_BY,TOWED_TO,AREA_00_I,AREA_01_I,AREA_02_I,AREA_03_I,AREA_04_I,AREA_05_I,AREA_06_I,AREA_07_I,AREA_08_I,AREA_09_I,AREA_10_I,AREA_11_I,AREA_12_I,AREA_99_I,FIRST_CONTACT_POINT,CMV_ID,USDOT_NO,CCMC_NO,ILCC_NO,COMMERCIAL_SRC,GVWR,CARRIER_NAME,CARRIER_STATE,CARRIER_CITY,HAZMAT_PLACARDS_I,HAZMAT_NAME,UN_NO,HAZMAT_PRESENT_I,HAZMAT_REPORT_I,HAZMAT_REPORT_NO,MCS_REPORT_I,MCS_REPORT_NO,HAZMAT_VIO_CAUSE_CRASH_I,MCS_VIO_CAUSE_CRASH_I,IDOT_PERMIT_NO,WIDE_LOAD_I,TRAILER1_WIDTH,TRAILER2_WIDTH,TRAILER1_LENGTH,TRAILER2_LENGTH,TOTAL_VEHICLE_LENGTH,AXLE_CNT,VEHICLE_CONFIG,CARGO_BODY_TYPE,LOAD_TYPE,HAZMAT_OUT_OF_SERVICE_I,MCS_OUT_OF_SERVICE_I,HAZMAT_CLASS
2124760,5c8cb6f7a93c24b55504950caf770595071e5baeffa7d3a3e7ff402c24a512e8ebbaa7063291b6744033beaf6e69d81f92b1b26c908ca892191e7b739c7ea1d1,08/08/2025 01:00:00 PM,1,DRIVER,,2025543,,SUBARU,TRIBECA,IL,2007,UNKNOWN,SPORT UTILITY VEHICLE (SUV),DRIVER EDUCATION,W,STRAIGHT AHEAD,,,1,,,,,,,,,,,,,,,,Y,,FRONT,,,,,,,,,,,,,,,,,,,,,,,,,,,,,,,,,
2124761,5c8cb6f7a93c24b55504950caf770595071e5baeffa7d3a3e7ff402c24a512e8ebbaa7063291b6744033beaf6e69d81f92b1b26c908ca892191e7b739c7ea1d1,08/08/2025 01:00:00 PM,2,DRIVER,1,2025551,,CHEVROLET,COLORADO,IL,2001,NONE,PICKUP,PERSONAL,W,STRAIGHT AHEAD,,,2,,,,,,,,,,Y,,,,,,,,REAR,,,,,,,,,,,,,,,,,,,,,,,,,,,,,,,,,
2124148,7229c3ff8ab974dcbe0b4a6a7e0cc24997c779cf3aef087ef9be3626d90b751518ecf2f9637ee4a0a39751c6d08fa61dc1c45528fe06271b30e3f3ae303faee0,08/08/2025 01:00:00 PM,2,DRIVER,,2024971,,HONDA,HR-V,IL,2016,NONE,PASSENGER,NOT IN USE,N,STRAIGHT AHEAD,,,1,,,,,,,,,,,,,Y,Y,Y,,,SIDE-RIGHT,,,,,,,,,,,,,,,,,,,,,,,,,,,,,,,,,
2124149,7229c3ff8ab974dcbe0b4a6a7e0cc24997c779cf3aef087ef9be3626d90b751518ecf2f9637ee4a0a39751c6d08fa61dc1c45528fe06271b30e3f3ae303faee0,08/08/2025 01:00:00 PM,1,DRIVER,,2024979,,LEXUS,RX,IL,2013,NONE,PASSENGER,PERSONAL,N,STRAIGHT AHEAD,,,1,,,,,,,,,,,Y,Y,,,,,,SIDE-RIGHT-REAR,,,,,,,,,,,,,,,,,,,,,,,,,,,,,,,,,
2124220,aeac067f6c65fb88182625ceaa80d4dddfe180bc1356e608530d8936f1673c169137bdbde2d7552c43786791157533b52cbd4a429b23da335f7e006ef1c63d1b,08/08/2025 01:00:00 PM,1,DRIVER,1,2025018,,FORD,EDGE,IL,2020,UNKNOWN,SPORT UTILITY VEHICLE (SUV),UNKNOWN/NA,W,TURNING LEFT,,,2,,,,,,,,,Y,Y,Y,,,,,,,REAR-RIGHT-CORNER,,,,,,,,,,,,,,,,,,,,,,,,,,,,,,,,,
2124221,aeac067f6c65fb88182625ceaa80d4dddfe180bc1356e608530d8936f1673c169137bdbde2d7552c43786791157533b52cbd4a429b23da335f7e006ef1c63d1b,08/08/2025 01:00:00 PM,2,DRIVER,1,2025027,,FORD,EDGE,IN,2017,UNKNOWN,SPORT UTILITY VEHICLE (SUV),UNKNOWN/NA,E,STRAIGHT AHEAD,,,2,,,,,Y,,,,,,,,,,N,Y,,FRONT-RIGHT-CORNER,,,,,,,,,,,,,,,,,,,,,,,,,,,,,,,,,
2124146,2373181d1085a6a421c5163a0b34d4a008fcc9b634cb7c3edf011b50f7e255a5f428dd1574df1299346078223f6181f1237e2f09b9efe8495dc8e7e0942f0cf4,08/08/2025 12:57:00 PM,1,DRIVER,,2024973,,SUBARU,OUTBACK,IL,2014,OTHER,PASSENGER,PERSONAL,W,STRAIGHT AHEAD,Y,,1,,private,,,,,,,,Y,Y,Y,,,,,,SIDE-LEFT-REAR,,,,,,,,,,,,,,,,,,,,,,,,,,,,,,,,,
2124147,2373181d1085a6a421c5163a0b34d4a008fcc9b634cb7c3edf011b50f7e255a5f428dd1574df1299346078223f6181f1237e2f09b9efe8495dc8e7e0942f0cf4,08/08/2025 12:57:00 PM,2,PARKED,,2024968,,TOYOTA,COROLLA,,2021,UNKNOWN,PASSENGER,PERSONAL,W,PARKED,Y,,0,,private,,,,,,,,Y,Y,,,,,,,REAR-RIGHT-CORNER,,,,,,,,,,,,,,,,,,,,,,,,,,,,,,,,,
2124208,5c60741dc7e21cbb6431314f79bbd64cbae4a94c6ccc817a285dba8b93c4949e3447704f7cf861569ff249824e477f0fc6331d0128a6ccd2b562def5a6948b01,08/08/2025 12:51:00 PM,1,DRIVER,,2025002,,CHEVROLET,TAHOE,IL,2001,UNKNOWN,UNKNOWN/NA,UNKNOWN/NA,N,STRAIGHT AHEAD,,,1,,,,,,,,,,,,,,,,,Y,FRONT,,,,,,,,,,,,,,,,,,,,,,,,,,,,,,,,,
2124209,5c60741dc7e21cbb6431314f79bbd64cbae4a94c6ccc817a285dba8b93c4949e3447704f7cf861569ff249824e477f0fc6331d0128a6ccd2b562def5a6948b01,08/08/2025 12:51:00 PM,2,BICYCLE,,,,,,,,,,,,,,,,,,,,,,,,,,,,,,,,,,,,,,,,,,,,,,,,,,,,,,,,,,,,,,,,,,
2124137,b144bb823b1317e86f929639516c9a4ac08e194e5260bca983d57d0c641323f990625e533a08a08f5b6fb8d62174d55ef867fecabf3d6a1528f1df8e5f94108a,08/08/2025 12:50:00 PM,1,DRIVER,,2024961,,FORD,FIESTA,IL,2013,NONE,PASSENGER,PERSONAL,S,STRAIGHT AHEAD,,,1,,,,,,,,,Y,,,,,,,,,REAR-RIGHT-CORNER,,,,,,,,,,,,,,,,,,,,,,,,,,,,,,,,,
2124138,b144bb823b1317e86f929639516c9a4ac08e194e5260bca983d57d0c641323f990625e533a08a08f5b6fb8d62174d55ef867fecabf3d6a1528f1df8e5f94108a,08/08/2025 12:50:00 PM,2,BICYCLE,,,,,,,,,,,,,,,,,,,,,,,,,,,,,,,,,,,,,,,,,,,,,,,,,,,,,,,,,,,,,,,,,,
2124323,f09327cf8b13c4c8509d913725f862ff65f0ff2cbec7eb8aaac719610dcf7d2dddee12a9dca781bce567116ee6c19a6ffd80a9973f6eba7604b258cfcdd44299,08/08/2025 12:48:00 PM,1,DRIVER,,2025222,,FORD,ESCAPE,WA,2012,UNKNOWN,UNKNOWN/NA,UNKNOWN/NA,UNKNOWN,UNKNOWN/NA,,,1,,,,,,,,,,,Y,Y,,,,,,SIDE-LEFT-REAR,,,,,,,,,,,,,,,,,,,,,,,,,,,,,,,,,
2124324,f09327cf8b13c4c8509d913725f862ff65f0ff2cbec7eb8aaac719610dcf7d2dddee12a9dca781bce567116ee6c19a6ffd80a9973f6eba7604b258cfcdd44299,08/08/2025 12:48:00 PM,2,DRIVER,,2025232,,CHEVROLET,MALIBU,IL,2009,UNKNOWN,UNKNOWN/NA,UNKNOWN/NA,UNKNOWN,UNKNOWN/NA,,,1,,,,,Y,Y,,,,,,,,,,Y,,FRONT-RIGHT-CORNER,,,,,,,,,,,,,,,,,,,,,,,,,,,,,,,,,
2124139,ff266705eef641bf24be2c8f2b2e5db0df7d715527455e1bc3432016dcf4c09827f32b96f500338f8d2045dbe0d3a499de4b39f972b9281bc4bb8249dcc96689,08/08/2025 12:43:00 PM,1,DRIVER,,2024965,,HYUNDAI,TUCSON,IL,2011,NONE,SPORT UTILITY VEHICLE (SUV),PERSONAL,N,TURNING LEFT,,,1,,,,,,,,,,,,,,,Y,Y,,FRONT-LEFT-CORNER,,,,,,,,,,,,,,,,,,,,,,,,,,,,,,,,,
2124140,ff266705eef641bf24be2c8f2b2e5db0df7d715527455e1bc3432016dcf4c09827f32b96f500338f8d2045dbe0d3a499de4b39f972b9281bc4bb8249dcc96689,08/08/2025 12:43:00 PM,2,DRIVER,,2024969,,UNKNOWN,OTHER (EXPLAIN IN NARRATIVE),,,UNKNOWN,UNKNOWN/NA,UNKNOWN/NA,N,U-TURN,,,1,,,,,,,,,,Y,,,,,,,,REAR,,,,,,,,,,,,,,,,,,,,,,,,,,,,,,,,,
2124122,aa712b076feacd7613919e77dd51a8b3c5358c781ac8b54dce2e18de38f8bbfcf01f7a40628aaa5669664c3788ea1684e1cb07b8629dd3ef85fc43d9281725c3,08/08/2025 12:35:00 PM,1,DRIVER,,2024945,,LEXUS,RX350,IL,,UNKNOWN,SPORT UTILITY VEHICLE (SUV),UNKNOWN/NA,E,MERGING,,,1,,,,,Y,Y,Y,Y,Y,,,,,,,,,SIDE-RIGHT,,,,,,,,,,,,,,,,,,,,,,,,,,,,,,,,,
2124123,aa712b076feacd7613919e77dd51a8b3c5358c781ac8b54dce2e18de38f8bbfcf01f7a40628aaa5669664c3788ea1684e1cb07b8629dd3ef85fc43d9281725c3,08/08/2025 12:35:00 PM,2,DRIVER,,2024951,,VOLVO,XC4,IL,2024,NONE,SPORT UTILITY VEHICLE (SUV),PERSONAL,E,STRAIGHT AHEAD,,,1,,,,,,,,,,,Y,Y,Y,Y,Y,,,SIDE-LEFT,,,,,,,,,,,,,,,,,,,,,,,,,,,,,,,,,
2124143,4e6e6fb4f1ddf90973bb5ba95821e48856f7d3213ac34382a9fabdf96f80a11ec8595234cfe4ad5df41236e16bf7b36814fdb2e2b3e30167b795ef68945ebf09,08/08/2025 12:30:00 PM,1,PARKED,1,2024966,,CHEVROLET,OTHER (EXPLAIN IN NARRATIVE),IL,2003,NONE,PICKUP,NOT IN USE,E,PARKED,,,1,,,,,,,,,,,,,,Y,,,,SIDE-LEFT,,,,,,,,,,,,,,,,,,,,,,,,,,,,,,,,,
2124144,4e6e6fb4f1ddf90973bb5ba95821e48856f7d3213ac34382a9fabdf96f80a11ec8595234cfe4ad5df41236e16bf7b36814fdb2e2b3e30167b795ef68945ebf09,08/08/2025 12:30:00 PM,2,DRIVER,,2024995,,VOLKSWAGEN,TIGUAN,IN,2019,NONE,SPORT UTILITY VEHICLE (SUV),PERSONAL,E,STRAIGHT AHEAD,,,1,,,,,,,,,,,,,,,,,Y,FRONT-RIGHT-CORNER,,,,,,,,,,,,,,,,,,,,,,,,,,,,,,,,,
2124145,8e8cffff8b7e44774d133098e92b59b7c00ddd93d857627d40d373b08920d0f56958064b5d83d3c42f787fbb2add0c9aa51c1af920fea8b2ea7900a48690f115,08/08/2025 12:30:00 PM,1,DRIVER,,2024967,,FREIGHTLINER CORPORATION,FREIGHTLINER CORP.,IL,2007,NONE,TRUCK - SINGLE UNIT,OTHER,N,STRAIGHT AHEAD,,,1,,,,,,,,,,,,,,,,,,TOP,,,,,,,,,,,,,,,,,,,,,,,,,,,,,,,,,
2125906,8ee409cb55da6a1eae5c86dbf49fbc0b32eca013f31d196dc6aa461ce5e379ec6ad987cd594102b3665ab949fece581484921cb7158172d434a21676aa0cef80,08/08/2025 12:30:00 PM,1,DRIVER,,2026626,,UNKNOWN,OTHER (EXPLAIN IN NARRATIVE),,,UNKNOWN,PASSENGER,UNKNOWN/NA,UNKNOWN,BACKING,,,1,,,,,,,,,,,,,,,,,Y,UNKNOWN,,,,,,,,,,,,,,,,,,,,,,,,,,,,,,,,,
2125907,8ee409cb55da6a1eae5c86dbf49fbc0b32eca013f31d196dc6aa461ce5e379ec6ad987cd594102b3665ab949fece581484921cb7158172d434a21676aa0cef80,08/08/2025 12:30:00 PM,2,PARKED,,2026633,,NISSAN,ALTIMA,IL,2008,UNKNOWN,PASSENGER,PERSONAL,UNKNOWN,PARKED,,,0,,,,,,,,,Y,,,,,,,,,REAR-RIGHT-CORNER,,,,,,,,,,,,,,,,,,,,,,,,,,,,,,,,,
2124166,ce87730c4b00501eab90ca7fa8a193f9c1a67aee684bb30f3c698f70c8ac11ca64560b3e9ea2e7870f6e100bbedacdc877b8ac1200f588431d85009c5d023a57,08/08/2025 12:28:00 PM,1,DRIVER,,2024984,,CHEVROLET,EXPRESS,IL,2020,UNKNOWN,VAN/MINI-VAN,CTA,SE,TURNING LEFT,,,1,,,,,,,,,,,,,Y,,,,,SIDE-LEFT,,,,,,,,,,,,,,,,,,,,,,,,,,,,,,,,,
2124167,ce87730c4b00501eab90ca7fa8a193f9c1a67aee684bb30f3c698f70c8ac11ca64560b3e9ea2e7870f6e100bbedacdc877b8ac1200f588431d85009c5d023a57,08/08/2025 12:28:00 PM,2,BICYCLE,,,,,,,,,,,,,,,,,,,,,,,,,,,,,,,,,,,,,,,,,,,,,,,,,,,,,,,,,,,,,,,,,,
2124133,8d789f6e880522fde90b07218b26e91d0978ee0243c9654fac6c9191478a11d0077f04f009ed94d1e0b1cc8f3eb47a2aaf3c12052cde4586ca1920ced697a65d,08/08/2025 12:25:00 PM,1,DRIVER,,2024955,,KIA,OPTIMA / K5,IL,2011,NONE,PASSENGER,PERSONAL,E,STRAIGHT AHEAD,,,1,,,,,,,,,,N,,,,,,Y,,FRONT,,,,,,,,,,,,,,,,,,,,,,,,,,,,,,,,,
2124134,8d789f6e880522fde90b07218b26e91d0978ee0243c9654fac6c9191478a11d0077f04f009ed94d1e0b1cc8f3eb47a2aaf3c12052cde4586ca1920ced697a65d,08/08/2025 12:25:00 PM,2,DRIVER,,2024960,,BUICK,ENCORE,IL,,NONE,PASSENGER,PERSONAL,E,SLOW/STOP IN TRAFFIC,,,1,,,,,,,,,,Y,,,,,,,,REAR,,,,,,,,,,,,,,,,,,,,,,,,,,,,,,,,,
2124129,434d3efcc2073e9aeb0e074fcdc93b1b790a83e9f9a9ffc44972cb39a45b167036dfc9e898d12a81be7a845005776753838afc0ce570be31839d13ed2bd3e66f,08/08/2025 12:21:00 PM,1,DRIVER,,2024948,,CHEVROLET,TRAX,IL,2025,NONE,SPORT UTILITY VEHICLE (SUV),PERSONAL,S,TURNING LEFT,,,1,,,,,,,,,,,,,,,Y,,,FRONT-RIGHT-CORNER,,,,,,,,,,,,,,,,,,,,,,,,,,,,,,,,,
2124130,434d3efcc2073e9aeb0e074fcdc93b1b790a83e9f9a9ffc44972cb39a45b167036dfc9e898d12a81be7a845005776753838afc0ce570be31839d13ed2bd3e66f,08/08/2025 12:21:00 PM,2,DRIVER,2,2024957,,NISSAN,VERSA,AR,2017,NONE,PASSENGER,PERSONAL,S,TURNING LEFT,,,3,,,,,,,,,,,Y,Y,Y,Y,Y,,,SIDE-LEFT,,,,,,,,,,,,,,,,,,,,,,,,,,,,,,,,,
2124127,b5575618ce6da5330230ded52a13049f7db55e08658f0e0e9e42176d752d2a462297e9471d894ae76d055f2089387b734b7e186ae6eeb34f10d36ccb7ea25c33,08/08/2025 12:20:00 PM,1,DRIVER,,2024949,,TOYOTA,HIGHLANDER,IL,2013,UNKNOWN,SPORT UTILITY VEHICLE (SUV),PERSONAL,E,STARTING IN TRAFFIC,,,1,,,,,,,,,,,,,,Y,Y,,,FRONT-LEFT-CORNER,,,,,,,,,,,,,,,,,,,,,,,,,,,,,,,,,
2124128,b5575618ce6da5330230ded52a13049f7db55e08658f0e0e9e42176d752d2a462297e9471d894ae76d055f2089387b734b7e186ae6eeb34f10d36ccb7ea25c33,08/08/2025 12:20:00 PM,2,DRIVER,,2024954,,CHEVROLET,TRAX,IL,2024,UNKNOWN,SPORT UTILITY VEHICLE (SUV),PERSONAL,E,STRAIGHT AHEAD,Y,,1,,,,,,,,Y,,,,,,Y,Y,,,SIDE-RIGHT-REAR,,,,,,,,,,,,,,,,,,,,,,,,,,,,,,,,,
2124164,503e65d640f596de5e70466019f5997cdcd374be8ce00c04ed5e1d5d930f2b9b9e1e7c8c727a3f0e3269bfb7d5b3f5064f4063d3414d32894810b2bfbb0364fb,08/08/2025 12:15:00 PM,1,DRIVER,1,2024993,,FORD,ECONOLINE 100,AZ,2017,NONE,VAN/MINI-VAN,PERSONAL,N,LEAVING TRAFFIC LANE TO PARK,,,2,,,,,,,,Y,Y,,,,,,,,,REAR-RIGHT-CORNER,,,,,,,,,,,,,,,,,,,,,,,,,,,,,,,,,
2124165,503e65d640f596de5e70466019f5997cdcd374be8ce00c04ed5e1d5d930f2b9b9e1e7c8c727a3f0e3269bfb7d5b3f5064f4063d3414d32894810b2bfbb0364fb,08/08/2025 12:15:00 PM,2,PARKED,,2025001,,INFINITI,G37,IL,2011,NONE,PASSENGER,NOT IN USE,N,PARKED,,,0,,,,,,,,,,,,,Y,Y,Y,Y,,FRONT-LEFT-CORNER,,,,,,,,,,,,,,,,,,,,,,,,,,,,,,,,,
2125049,8fc24666e132b249ab56564f65c09cdc8f09a74f7a94e28c2ed237c537bed133e6259f14ccd9ac9bfacacf5aada88aea3a495ec60acb1020599ae3b4ae6b1ec3,08/08/2025 12:15:00 PM,1,DRIVER,,2025815,,HONDA,CIVIC,IL,2013,UNKNOWN,PASSENGER,UNKNOWN/NA,SE,TURNING RIGHT,,,1,,,,,,,,,,,,,,,,,Y,UNKNOWN,,,,,,,,,,,,,,,,,,,,,,,,,,,,,,,,,
2125050,8fc24666e132b249ab56564f65c09cdc8f09a74f7a94e28c2ed237c537bed133e6259f14ccd9ac9bfacacf5aada88aea3a495ec60acb1020599ae3b4ae6b1ec3,08/08/2025 12:15:00 PM,2,DRIVER,1,2025825,,HYUNDAI,ACCENT,IL,2014,UNKNOWN,PASSENGER,UNKNOWN/NA,E,SLOW/STOP IN TRAFFIC,,,2,,,,,,,,,,,,,,,Y,,,FRONT-LEFT-CORNER,,,,,,,,,,,,,,,,,,,,,,,,,,,,,,,,,
2124107,2248258cdc41a1c29debd1eee642f58af15350a59db2510a622b6e71448355345d6f83253b45cf258c9dee816d84a4c8664beba394c55b6547b7235290e5ce4a,08/08/2025 12:12:00 PM,1,DRIVER,,2024932,,JEEP,GRAND CHEROKEE,IL,2017,NONE,SPORT UTILITY VEHICLE (SUV),PERSONAL,W,STRAIGHT AHEAD,,,1,,,,,Y,,,,,,,,,,Y,Y,,FRONT,,,,,,,,,,,,,,,,,,,,,,,,,,,,,,,,,
2124108,2248258cdc41a1c29debd1eee642f58af15350a59db2510a622b6e71448355345d6f83253b45cf258c9dee816d84a4c8664beba394c55b6547b7235290e5ce4a,08/08/2025 12:12:00 PM,2,DRIVER,,2024943,,TOYOTA,TUNDRA,IL,2025,NONE,PICKUP,PERSONAL,W,SLOW/STOP IN TRAFFIC,,,1,,,,,,,,,,Y,,,,,,,,REAR,,,,,,,,,,,,,,,,,,,,,,,,,,,,,,,,,
2126152,f648fc8e04d1e381f11ec8812b88684bae10c77acf2d2218190b6e4fd47b3772a6de58efb2f1c5ce252d76f523c3f0dc6df07e355f5413aeb7cbe0362fc27c15,08/08/2025 12:10:00 PM,1,DRIVER,,2026869,,MERCEDES-BENZ,GLS,IL,2020,NONE,PASSENGER,UNKNOWN/NA,E,PASSING/OVERTAKING,,,1,,,,,,N,Y,Y,Y,,,,,,,,,SIDE-RIGHT,,,,,,,,,,,,,,,,,,,,,,,,,,,,,,,,,
2126153,f648fc8e04d1e381f11ec8812b88684bae10c77acf2d2218190b6e4fd47b3772a6de58efb2f1c5ce252d76f523c3f0dc6df07e355f5413aeb7cbe0362fc27c15,08/08/2025 12:10:00 PM,2,PARKED,1,2026872,,FORD,ECONOLINE 100,IL,2019,NONE,OTHER,OTHER,E,PARKED IN TRAFFIC LANE,,,1,,,,,,,,,,,,,,,Y,,,FRONT-LEFT-CORNER,,,,,,,,,,,,,,,,,,,,,,,,,,,,,,,,,
2124095,777c5b0c15a627e10c88755738e5e9494ce689072ae08b3150c9b920af105ea2cf21846f9ec8010db317a26ace80e3ef3a91fc549476b8822ceb32a99adf039d,08/08/2025 12:09:00 PM,1,DRIVER,,2024923,,HYUNDAI,SANTA FE,IL,2020,NONE,PASSENGER,DRIVER EDUCATION,E,OTHER,Y,,1,,OWNER,UNK,,,,,,,,,,Y,Y,,,,SIDE-LEFT,,,,,,,,,,,,,,,,,,,,,,,,,,,,,,,,,
2124124,777c5b0c15a627e10c88755738e5e9494ce689072ae08b3150c9b920af105ea2cf21846f9ec8010db317a26ace80e3ef3a91fc549476b8822ceb32a99adf039d,08/08/2025 12:09:00 PM,2,DRIVER,,2024944,,HYUNDAI,SANTA FE,IL,2008,NONE,PASSENGER,PERSONAL,E,STRAIGHT AHEAD,,,1,,,,,Y,Y,Y,,,,,,,,,,,SIDE-RIGHT,,,,,,,,,,,,,,,,,,,,,,,,,,,,,,,,,
2124111,7978ecb850fc7a14c2c55b1875f979dedff0c93796545cf15f3c74177c16e9d454a4645bc2d833957bcbcb9bd850a17fe3793bc00d900e198a7a2fb1bef9db8f,08/08/2025 12:06:00 PM,1,DRIVER,,2024941,,HONDA,ACCORD,IL,2016,UNKNOWN,PASSENGER,PERSONAL,N,U-TURN,,,1,,,,,,,,,,,,,,Y,Y,,,FRONT-LEFT-CORNER,,,,,,,,,,,,,,,,,,,,,,,,,,,,,,,,,
2124112,7978ecb850fc7a14c2c55b1875f979dedff0c93796545cf15f3c74177c16e9d454a4645bc2d833957bcbcb9bd850a17fe3793bc00d900e198a7a2fb1bef9db8f,08/08/2025 12:06:00 PM,2,DRIVER,,2024956,,MAZDA,MAZDA6,FL,,UNKNOWN,PASSENGER,OTHER,N,STRAIGHT AHEAD,,,1,,,,,Y,Y,,,,,,,,,,,,FRONT-RIGHT-CORNER,,,,,,,,,,,,,,,,,,,,,,,,,,,,,,,,,
2124125,84c3259ab40299025880849b96cf45ce667ddae3b9cbe6037343bed26c2c0e66a9f447d744d1a93107cee7436b033f2b51f2bebf9bfc192d0ee4d33968b491fd,08/08/2025 12:05:00 PM,1,DRIVER,,2024952,,CHEVROLET,TRUCK,IL,2003,NONE,PICKUP,CONSTRUCTION/MAINTENANCE,E,UNKNOWN/NA,,,1,,,,,,,,,,,,,Y,,,,,SIDE-LEFT,,,,,,,,,,,,,,,,,,,,,,,,,,,,,,,,,
2124126,84c3259ab40299025880849b96cf45ce667ddae3b9cbe6037343bed26c2c0e66a9f447d744d1a93107cee7436b033f2b51f2bebf9bfc192d0ee4d33968b491fd,08/08/2025 12:05:00 PM,2,DRIVER,,2024958,,VOLKSWAGEN,TIGUAN,IN,2019,NONE,PASSENGER,PERSONAL,E,STRAIGHT AHEAD,,,1,,,,,,,Y,,,,,,,,,,,SIDE-RIGHT,,,,,,,,,,,,,,,,,,,,,,,,,,,,,,,,,
2124376,b1c6e98e6a99bb9c4910ac48b2e17ab7c4e0ba91a7283a52cfb599d2426bfb14dd2f7395cca9fa9cec49be55c11ea1195b25be047bd73ebabde507926b4e9fff,08/08/2025 12:05:00 PM,1,DRIVER,,2025157,,TOYOTA,CAMRY,IL,2010,NONE,PASSENGER,PERSONAL,N,STRAIGHT AHEAD,,,1,,,,,,,,,,,,,,,,,Y,FRONT,,,,,,,,,,,,,,,,,,,,,,,,,,,,,,,,,
2124377,b1c6e98e6a99bb9c4910ac48b2e17ab7c4e0ba91a7283a52cfb599d2426bfb14dd2f7395cca9fa9cec49be55c11ea1195b25be047bd73ebabde507926b4e9fff,08/08/2025 12:05:00 PM,2,DRIVER,,2025162,,LEXUS,RX350,IL,2013,NONE,SPORT UTILITY VEHICLE (SUV),PERSONAL,N,SLOW/STOP IN TRAFFIC,,,1,,,,,Y,,,,,,,,,,Y,Y,,REAR,,,,,,,,,,,,,,,,,,,,,,,,,,,,,,,,,
2124135,195487b95a55a63ea0a207a3aac9dd8c35e96c6bdc4d699d214380e54dec2d856f7a114458433f9ff8482aa6bf2bb18cc59f8d6f5dd2bb1157142c5bdd98fe69,08/08/2025 12:00:00 PM,1,DRIVER,,2024959,,KIA,SOUL,,2020,UNKNOWN,SPORT UTILITY VEHICLE (SUV),UNKNOWN/NA,N,BACKING,,,1,,,,,,,,Y,Y,,,,,,,,,REAR-RIGHT-CORNER,,,,,,,,,,,,,,,,,,,,,,,,,,,,,,,,,
2124136,195487b95a55a63ea0a207a3aac9dd8c35e96c6bdc4d699d214380e54dec2d856f7a114458433f9ff8482aa6bf2bb18cc59f8d6f5dd2bb1157142c5bdd98fe69,08/08/2025 12:00:00 PM,2,DRIVER,,2024963,,TOYOTA,CAMRY,IL,2022,UNKNOWN,PASSENGER,UNKNOWN/NA,UNKNOWN,SLOW/STOP IN TRAFFIC,,,1,,,,,,,,,,Y,Y,Y,,,,,,SIDE-LEFT-REAR,,,,,,,,,,,,,,,,,,,,,,,,,,,,,,,,,
2124155,6eeaacb96c0259b8a5465bce26714102f923c32f125f4ffd8b057083b20b90d149d7f73a6983330bd5a17f98d02d6abf918023d753e5e28706a00be1f5ed2b4e,08/08/2025 12:00:00 PM,1,DRIVER,,2024978,,HONDA,CIVIC,IL,2009,UNKNOWN,PASSENGER,PERSONAL,N,STRAIGHT AHEAD,,,1,,,,,Y,Y,Y,Y,Y,,,,,,,,,SIDE-RIGHT,,,,,,,,,,,,,,,,,,,,,,,,,,,,,,,,,
2124156,6eeaacb96c0259b8a5465bce26714102f923c32f125f4ffd8b057083b20b90d149d7f73a6983330bd5a17f98d02d6abf918023d753e5e28706a00be1f5ed2b4e,08/08/2025 12:00:00 PM,2,DRIVER,,2024983,,VOLKSWAGEN,ATLAS,IL,2021,UNKNOWN,SPORT UTILITY VEHICLE (SUV),PERSONAL,W,TURNING RIGHT,,,1,,,,,Y,,,,,,,,,,Y,Y,,FRONT,,,,,,,,,,,,,,,,,,,,,,,,,,,,,,,,,
2124093,8dfe1fe18a755605fdc79932e741ec346bef5eabdc81fb060bf8944e85ac03c33de462400cec5ebaf48bdc5ca2a783afd89471f7e0c0a11f32697cb13abd6699,08/08/2025 12:00:00 PM,1,DRIVER,,2024922,,HONDA,CIVIC,IL,2006,NONE,PASSENGER,PERSONAL,S,STRAIGHT AHEAD,,,1,,,,Y,,,,,,,,,,,,,,SIDE-RIGHT,,,,,,,,,,,,,,,,,,,,,,,,,,,,,,,,,
2124094,8dfe1fe18a755605fdc79932e741ec346bef5eabdc81fb060bf8944e85ac03c33de462400cec5ebaf48bdc5ca2a783afd89471f7e0c0a11f32697cb13abd6699,08/08/2025 12:00:00 PM,2,PARKED,,2024920,,ACURA,ADX,IL,2025,NONE,SPORT UTILITY VEHICLE (SUV),PERSONAL,S,PARKED,,,0,,,,,,,,,,,,,Y,Y,Y,,,SIDE-LEFT,,,,,,,,,,,,,,,,,,,,,,,,,,,,,,,,,
2124210,9074954a59407c6902b197b6e2dbbd9a1001fc69917b34d892b9e9117a7212877365097d9475db7c37d452b5185c8731b282735f2585ec67b857b6fe3a752803,08/08/2025 12:00:00 PM,1,DRIVER,,2025003,,UNKNOWN,OTHER (EXPLAIN IN NARRATIVE),IL,,UNKNOWN,UNKNOWN/NA,UNKNOWN/NA,UNKNOWN,UNKNOWN/NA,,,1,,,,,,,,,,,,,,,,,Y,UNKNOWN,,,,,,,,,,,,,,,,,,,,,,,,,,,,,,,,,