CRASH_UNIT_ID,CRASH_RECORD_ID,CRASH_DATE,UNIT_NO,UNIT_TYPE,NUM_PASSENGERS,VEHICLE_ID,CMRC_VEH_I,MAKE,MODEL,LIC_PLATE_STATE,VEHICLE_YEAR,VEHICLE_DEFECT,VEHICLE_TYPE,VEHICLE_USE,TRAVEL_DIRECTION,MANEUVER,TOWED_I,FIRE_I,OCCUPANT_CNT,EXCEED_SPEED_LIMIT_I,TOWED_BY,TOWED_TO,AREA_00_I,AREA_01_I,AREA_02_I,AREA_03_I,AREA_04_I,AREA_05_I,AREA_06_I,AREA_07_I,AREA_08_I,AREA_09_I,AREA_10_I,AREA_11_I,AREA_12_I,AREA_99_I,FIRST_CONTACT_POINT,CMV_ID,USDOT_NO,CCMC_NO,ILCC_NO,COMMERCIAL_SRC,GVWR,CARRIER_NAME,CARRIER_STATE,CARRIER_CITY,HAZMAT_PLACARDS_I,HAZMAT_NAME,UN_NO,HAZMAT_PRESENT_I,HAZMAT_REPORT_I,HAZMAT_REPORT_NO,MCS_REPORT_I,MCS_REPORT_NO,HAZMAT_VIO_CAUSE_CRASH_I,MCS_VIO_CAUSE_CRASH_I,IDOT_PERMIT_NO,WIDE_LOAD_I,TRAILER1_WIDTH,TRAILER2_WIDTH,TRAILER1_LENGTH,TRAILER2_LENGTH,TOTAL_VEHICLE_LENGTH,AXLE_CNT,VEHICLE_CONFIG,CARGO_BODY_TYPE,LOAD_TYPE,HAZMAT_OUT_OF_SERVICE_I,MCS_OUT_OF_SERVICE_I,HAZMAT_CLASS
2124211,9074954a59407c6902b197b6e2dbbd9a1001fc69917b34d892b9e9117a7212877365097d9475db7c37d452b5185c8731b282735f2585ec67b857b6fe3a752803,08/08/2025 12:00:00 PM,2,DRIVERLESS,,2025012,,CHEVROLET,CRUZE,IL,2020,UNKNOWN,UNKNOWN/NA,UNKNOWN/NA,E,PARKED,,,0,,,,,,,,,,,Y,Y,Y,Y,Y,,,SIDE-LEFT,,,,,,,,,,,,,,,,,,,,,,,,,,,,,,,,,
2125506,a1899f6f2ddc9b732026ea2200c4569d0f1a8943dc6a516ef274945ce9ea34f9b68edfb3e48aa38d8c50059bee3dbf43607eaee00dd4de06db9c6c8d30dc483e,08/08/2025 12:00:00 PM,1,DRIVER,,2026255,,CHEVROLET,COLORADO,IL,2021,NONE,PICKUP,PERSONAL,W,STRAIGHT AHEAD,,,1,,,,,,,,,,,,,,,,Y,,FRONT,,,,,,,,,,,,,,,,,,,,,,,,,,,,,,,,,
2125507,a1899f6f2ddc9b732026ea2200c4569d0f1a8943dc6a516ef274945ce9ea34f9b68edfb3e48aa38d8c50059bee3dbf43607eaee00dd4de06db9c6c8d30dc483e,08/08/2025 12:00:00 PM,2,DRIVER,1,2026248,,CHRYSLER,200,IL,2012,NONE,PASSENGER,PERSONAL,N,STRAIGHT AHEAD,Y,,2,,private tow,,,Y,Y,Y,,,,,,,,,,,SIDE-RIGHT,,,,,,,,,,,,,,,,,,,,,,,,,,,,,,,,,
2124675,e61b895cbf4e67c63be647fae8b8ec30b27e16f652b3b07f8d1939566c2a44001d219121d359e5c186adbb03e3af3f92efad3f1c8f19cb3491ebc6695e81d318,08/08/2025 11:53:00 AM,1,DRIVER,,2025458,,FORD,F150,IL,2007,UNKNOWN,PICKUP,PERSONAL,S,STRAIGHT AHEAD,,,1,,,,,,,,,,,,,,,,Y,,FRONT,,,,,,,,,,,,,,,,,,,,,,,,,,,,,,,,,
2124676,e61b895cbf4e67c63be647fae8b8ec30b27e16f652b3b07f8d1939566c2a44001d219121d359e5c186adbb03e3af3f92efad3f1c8f19cb3491ebc6695e81d318,08/08/2025 11:53:00 AM,2,DRIVER,1,2025463,,TOYOTA,PRIUS,IL,2008,UNKNOWN,PASSENGER,PERSONAL,S,SLOW/STOP IN TRAFFIC,,,2,,,,,,,,,Y,Y,Y,,,,,,,REAR,,,,,,,,,,,,,,,,,,,,,,,,,,,,,,,,,
2124097,07eb01f8a983aeaae380da33a49bc8fdba10efd56bdcc96c3557b09e2043c5f50ea016948a8c0715be850430143d67a10933c60dd3390a6f9ce9e7c6ee7bae4c,08/08/2025 11:45:00 AM,1,DRIVER,,2024924,,FREIGHTLINER CORPORATION,FREIGHTLINER CORP.,IL,2025,NONE,TRACTOR W/ SEMI-TRAILER,OTHER,E,TURNING LEFT,,,1,,,,,,,,,,,,Y,Y,,,,,SIDE-LEFT-REAR,,,,,,,,,,,,,,,,,,,,,,,,,,,,,,,,,
2124098,07eb01f8a983aeaae380da33a49bc8fdba10efd56bdcc96c3557b09e2043c5f50ea016948a8c0715be850430143d67a10933c60dd3390a6f9ce9e7c6ee7bae4c,08/08/2025 11:45:00 AM,2,DRIVER,,2024928,,AUDI,A4,IL,2022,NONE,PASSENGER,PERSONAL,N,STRAIGHT AHEAD,,,1,,,,,,,,,,Y,Y,Y,Y,Y,Y,,,SIDE-LEFT-FRONT,,,,,,,,,,,,,,,,,,,,,,,,,,,,,,,,,
2124078,163b51ffda483a048be448a40925c0b0e6c2b754385b75348b57da5a7ffe936d6163a71d4a81392cf2615604ef9ca2dd57669231790c1275b533d84ce29d3215,08/08/2025 11:45:00 AM,1,DRIVER,,2024905,,FORD,ESCAPE,IL,2016,UNKNOWN,SPORT UTILITY VEHICLE (SUV),PERSONAL,W,BACKING,,,1,,,,,,,,Y,Y,Y,,,,,,,,REAR-RIGHT-CORNER,,,,,,,,,,,,,,,,,,,,,,,,,,,,,,,,,
2124079,163b51ffda483a048be448a40925c0b0e6c2b754385b75348b57da5a7ffe936d6163a71d4a81392cf2615604ef9ca2dd57669231790c1275b533d84ce29d3215,08/08/2025 11:45:00 AM,2,PARKED,,2024909,,FORD,ESCAPE,IL,2025,UNKNOWN,SPORT UTILITY VEHICLE (SUV),PERSONAL,N,PARKED,,,0,,,,,,,,,,,Y,Y,,,,,,SIDE-LEFT-REAR,,,,,,,,,,,,,,,,,,,,,,,,,,,,,,,,,
2124086,2768cec4a71d034c3dc95af89eb88670e1f5666bc4f2b7cc901f74b7d0943007f84ce426ec14e9a53302db999a8d140aec7ba15779b4ad19bfe565a416c6f3a4,08/08/2025 11:40:00 AM,1,DRIVER,,2024914,,NISSAN,SENTRA,IL,2016,UNKNOWN,PASSENGER,PERSONAL,S,ENTERING TRAFFIC LANE FROM PARKING,Y,,1,,private,private,,Y,Y,,,,,,,Y,Y,Y,,,SIDE-LEFT,,,,,,,,,,,,,,,,,,,,,,,,,,,,,,,,,
2124087,2768cec4a71d034c3dc95af89eb88670e1f5666bc4f2b7cc901f74b7d0943007f84ce426ec14e9a53302db999a8d140aec7ba15779b4ad19bfe565a416c6f3a4,08/08/2025 11:40:00 AM,2,DRIVER,,2024919,,CHEVROLET,CAMARO,FL,2018,UNKNOWN,PASSENGER,PERSONAL,S,STRAIGHT AHEAD,Y,,1,,private,private,,Y,,,,,,,,,,Y,Y,,FRONT,,,,,,,,,,,,,,,,,,,,,,,,,,,,,,,,,
2124088,2768cec4a71d034c3dc95af89eb88670e1f5666bc4f2b7cc901f74b7d0943007f84ce426ec14e9a53302db999a8d140aec7ba15779b4ad19bfe565a416c6f3a4,08/08/2025 11:40:00 AM,3,PARKED,,2024921,,HONDA,ACCORD,IL,2013,NONE,PASSENGER,PERSONAL,S,PARKED,,,0,,,,,,,,,,Y,Y,Y,,,,,,SIDE-LEFT-REAR,,,,,,,,,,,,,,,,,,,,,,,,,,,,,,,,,
2124120,318e26b93d3451f844467c4fbf916499bed84f7428bc175f0eb834bb19f72ebd8ac1bc4d70b0b239a637ac50309907bd34cb1098ead77f152188b76d71effdd7,08/08/2025 11:40:00 AM,1,DRIVER,,2024942,,JEEP,COMPASS,IL,2018,UNKNOWN,SPORT UTILITY VEHICLE (SUV),UNKNOWN/NA,N,TURNING LEFT,,,1,,,,,,,,,,,,,,,,Y,,FRONT,,,,,,,,,,,,,,,,,,,,,,,,,,,,,,,,,
2124121,318e26b93d3451f844467c4fbf916499bed84f7428bc175f0eb834bb19f72ebd8ac1bc4d70b0b239a637ac50309907bd34cb1098ead77f152188b76d71effdd7,08/08/2025 11:40:00 AM,2,DRIVER,,2024950,,LINCOLN,MKZ,IL,2019,UNKNOWN,PASSENGER,UNKNOWN/NA,S,STRAIGHT AHEAD,,,1,,,,,,,,,,,,,,,Y,,,FRONT-LEFT-CORNER,,,,,,,,,,,,,,,,,,,,,,,,,,,,,,,,,
2124619,32b47e438e27fd8907ef04626640f2bc02defc3ad9496029738840acb569f4c8aadbdfe013aee07d664d46120ad6355eda28407089c61bdb565cbe926b75bb41,08/08/2025 11:30:00 AM,1,DRIVER,,2025406,,TOYOTA,CAMRY,IL,2004,UNKNOWN,PASSENGER,PERSONAL,W,STRAIGHT AHEAD,,,1,,,,,,,,,,,,,,,,,,FRONT,,,,,,,,,,,,,,,,,,,,,,,,,,,,,,,,,
2124620,32b47e438e27fd8907ef04626640f2bc02defc3ad9496029738840acb569f4c8aadbdfe013aee07d664d46120ad6355eda28407089c61bdb565cbe926b75bb41,08/08/2025 11:30:00 AM,2,DRIVER,1,2025411,,LAND ROVER,OTHER (EXPLAIN IN NARRATIVE),IL,2018,UNKNOWN,PASSENGER,PERSONAL,W,OTHER,,,2,,,,,,,,,,,,,,,,,,REAR,,,,,,,,,,,,,,,,,,,,,,,,,,,,,,,,,
2124082,7a68c441064756fca4e01dc5850ac02276f227ce5eb6e4015ae273819100701872945eab8b6bbc743bec02d5896555dc88c1eb21bd61c0700e58557501244de2,08/08/2025 11:30:00 AM,1,DRIVER,,2024913,,"DELMAR MANUFACTURING COMPANY, INC.",DELMAR MFG. CO. INC.,TN,,NONE,TRACTOR W/ SEMI-TRAILER,OTHER,N,BACKING,,,1,,,,,,,,,,,,Y,Y,Y,,,,SIDE-LEFT-REAR,,,,,,,,,,,,,,,,,,,,,,,,,,,,,,,,,
2124083,7a68c441064756fca4e01dc5850ac02276f227ce5eb6e4015ae273819100701872945eab8b6bbc743bec02d5896555dc88c1eb21bd61c0700e58557501244de2,08/08/2025 11:30:00 AM,2,PARKED,1,2024916,,DODGE,DURANGO,IL,,NONE,SPORT UTILITY VEHICLE (SUV),PERSONAL,S,PARKED,,,1,,,,,,,,,,,,Y,,,,,,REAR,,,,,,,,,,,,,,,,,,,,,,,,,,,,,,,,,
2124068,9375732a79513f01aa34d5c923fe66f0cad96b444066e4ede0545d33c6f89e997b6422e94630077eadadb4292064378a5e20214d205a733fb2040c36a16a26c8,08/08/2025 11:30:00 AM,1,DRIVER,1,2024898,,CHEVROLET,EQUINOX,IL,2019,UNKNOWN,SPORT UTILITY VEHICLE (SUV),PERSONAL,UNKNOWN,BACKING,,,2,,,,,,,,,,Y,,,,,,,,REAR,,,,,,,,,,,,,,,,,,,,,,,,,,,,,,,,,
2124069,9375732a79513f01aa34d5c923fe66f0cad96b444066e4ede0545d33c6f89e997b6422e94630077eadadb4292064378a5e20214d205a733fb2040c36a16a26c8,08/08/2025 11:30:00 AM,2,DRIVER,1,2024904,,MAZDA,MX-6,IL,2016,NONE,PASSENGER,PERSONAL,UNKNOWN,LEAVING TRAFFIC LANE TO PARK,,,2,,,,,,,,,,,,,,,Y,,,FRONT-LEFT-CORNER,,,,,,,,,,,,,,,,,,,,,,,,,,,,,,,,,
2124070,f1e04015d4996bdec0ced3d88355d05026e476c5a6174306d56c1631648d98d3d89f88e483bf06c9e3a307c3d0b2b785f6a82422a43353e9aa106ae240ccc3c1,08/08/2025 11:30:00 AM,1,DRIVER,,2024899,,TOYOTA,CAMRY,IL,2025,NONE,PASSENGER,PERSONAL,W,PASSING/OVERTAKING,,,1,,,,,,,,,,,Y,Y,Y,Y,Y,,,SIDE-LEFT,,,,,,,,,,,,,,,,,,,,,,,,,,,,,,,,,
2124071,f1e04015d4996bdec0ced3d88355d05026e476c5a6174306d56c1631648d98d3d89f88e483bf06c9e3a307c3d0b2b785f6a82422a43353e9aa106ae240ccc3c1,08/08/2025 11:30:00 AM,2,DRIVER,,2024918,,FORD,F250,IL,2022,NONE,PICKUP,OTHER,W,STRAIGHT AHEAD,,,1,,,,,Y,,,,,,,,,,,,,FRONT-RIGHT-CORNER,,,,,,,,,,,,,,,,,,,,,,,,,,,,,,,,,
2124153,faaf089ef84d18e5ba54efe63cd6cc1cd4dbb86a3ba0630e7019a8947141c7a7991a953a9ff62dfc06281ca37a718e6573491a43a1bb298af1436cea9b98aa50,08/08/2025 11:30:00 AM,1,DRIVER,1,2024977,,FORD,FOCUS,IL,2008,NONE,PASSENGER,PERSONAL,W,BACKING,,,2,,,,,,,,,,,,,,,,,,REAR,,,,,,,,,,,,,,,,,,,,,,,,,,,,,,,,,
2124154,faaf089ef84d18e5ba54efe63cd6cc1cd4dbb86a3ba0630e7019a8947141c7a7991a953a9ff62dfc06281ca37a718e6573491a43a1bb298af1436cea9b98aa50,08/08/2025 11:30:00 AM,2,DRIVER,2,2024981,,GENERAL MOTORS CORPORATION (GMC),ACADIA,IL,2014,NONE,PASSENGER,UNKNOWN/NA,S,STRAIGHT AHEAD,,,3,,,,,,,Y,,,,,,,,,,,SIDE-RIGHT,,,,,,,,,,,,,,,,,,,,,,,,,,,,,,,,,
2124050,141407e6c0cc2a11f1d1b4aae61e7a58eb8e1114cc0cae64660dee7090bfa9a7c13dc7a2e94fdfcc55f687667fce444de7b556b5851ab53f4548a53f17533400,08/08/2025 11:25:00 AM,1,DRIVER,,2024877,,HONDA,CIVIC,IL,2025,NONE,PASSENGER,PERSONAL,W,CHANGING LANES,,,1,,,,,,,,,,,,,,Y,Y,,,FRONT-LEFT-CORNER,,,,,,,,,,,,,,,,,,,,,,,,,,,,,,,,,
2124051,141407e6c0cc2a11f1d1b4aae61e7a58eb8e1114cc0cae64660dee7090bfa9a7c13dc7a2e94fdfcc55f687667fce444de7b556b5851ab53f4548a53f17533400,08/08/2025 11:25:00 AM,2,DRIVER,2,2024879,,VOLKSWAGEN,PASSAT,IL,2017,NONE,PASSENGER,PERSONAL,W,STRAIGHT AHEAD,,,3,,,,,Y,Y,,,,,,,,,,,,FRONT-RIGHT-CORNER,,,,,,,,,,,,,,,,,,,,,,,,,,,,,,,,,
2124099,506f0966bdd2d1481ced847d0cc34ab1c13024167b70c47f1b757b16ed1a0f5b986699fce7843a561146642501b59262a2c09df0a2bb1140db33fa0ad08588ef,08/08/2025 11:25:00 AM,1,DRIVER,,2024925,,TOYOTA,RAV4,IL,2018,NONE,SPORT UTILITY VEHICLE (SUV),PERSONAL,SE,TURNING LEFT,,,1,,,,,Y,Y,,,,,,,,Y,Y,N,,FRONT-RIGHT-CORNER,,,,,,,,,,,,,,,,,,,,,,,,,,,,,,,,,
2124100,506f0966bdd2d1481ced847d0cc34ab1c13024167b70c47f1b757b16ed1a0f5b986699fce7843a561146642501b59262a2c09df0a2bb1140db33fa0ad08588ef,08/08/2025 11:25:00 AM,2,DRIVER,1,2024935,,NISSAN,ALTIMA,IL,2019,NONE,PASSENGER,PERSONAL,E,STRAIGHT AHEAD,,,2,,,,,,,,,,,,,Y,Y,Y,,,SIDE-LEFT,,,,,,,,,,,,,,,,,,,,,,,,,,,,,,,,,
2124101,506f0966bdd2d1481ced847d0cc34ab1c13024167b70c47f1b757b16ed1a0f5b986699fce7843a561146642501b59262a2c09df0a2bb1140db33fa0ad08588ef,08/08/2025 11:25:00 AM,3,PARKED,,2024947,,DODGE,OTHER (EXPLAIN IN NARRATIVE),IL,2021,NONE,PICKUP,NOT IN USE,W,PARKED,,,0,,,,,,,,,,,,,,Y,Y,,,FRONT-LEFT-CORNER,,,,,,,,,,,,,,,,,,,,,,,,,,,,,,,,,
2124113,5bb67426960d65f6516bdb8e3df6e2ea9f42cb5a31cf7760a59b75e7eec96b17afa6f5ef10cc26a568418bb1c3ff852562e833261802917b268a179598eefe44,08/08/2025 11:25:00 AM,1,DRIVER,,2024938,,CHEVROLET,CRUZE,IL,2018,NONE,PASSENGER,PERSONAL,E,U-TURN,,,1,,,,,Y,Y,,,,,,,,,,,,FRONT-RIGHT-CORNER,,,,,,,,,,,,,,,,,,,,,,,,,,,,,,,,,
2124114,5bb67426960d65f6516bdb8e3df6e2ea9f42cb5a31cf7760a59b75e7eec96b17afa6f5ef10cc26a568418bb1c3ff852562e833261802917b268a179598eefe44,08/08/2025 11:25:00 AM,2,DRIVER,,2024946,,FORD,EDGE,IL,2015,NONE,PASSENGER,PERSONAL,W,STRAIGHT AHEAD,Y,,1,,unk,unk,,,,,,,,,,Y,Y,Y,Y,,FRONT-LEFT-CORNER,,,,,,,,,,,,,,,,,,,,,,,,,,,,,,,,,
2124115,5bb67426960d65f6516bdb8e3df6e2ea9f42cb5a31cf7760a59b75e7eec96b17afa6f5ef10cc26a568418bb1c3ff852562e833261802917b268a179598eefe44,08/08/2025 11:25:00 AM,3,DRIVER,,2024953,,HYUNDAI,TUCSON,IL,2022,NONE,PASSENGER,PERSONAL,E,STRAIGHT AHEAD,,,1,,,,,,,,,,,,,,Y,Y,Y,,FRONT-LEFT-CORNER,,,,,,,,,,,,,,,,,,,,,,,,,,,,,,,,,
2124105,c6c1555b75a5a08c48091bed78984f7dc2e5f63978561e5d90ff7eeb0f48bc6fa2fcc8a1a492e6647e4567fcc7c19db71a746d6fabdc47e083c4526c4207d101,08/08/2025 11:25:00 AM,1,DRIVER,,2024926,,TOYOTA,COROLLA,IL,2013,UNKNOWN,PASSENGER,NOT IN USE,N,STRAIGHT AHEAD,,,1,,,,,Y,,,,,,,,,,,,,FRONT-RIGHT-CORNER,,,,,,,,,,,,,,,,,,,,,,,,,,,,,,,,,
2124106,c6c1555b75a5a08c48091bed78984f7dc2e5f63978561e5d90ff7eeb0f48bc6fa2fcc8a1a492e6647e4567fcc7c19db71a746d6fabdc47e083c4526c4207d101,08/08/2025 11:25:00 AM,2,DRIVER,,2024927,,NISSAN,ROGUE,IL,2013,NONE,SPORT UTILITY VEHICLE (SUV),PERSONAL,S,TURNING LEFT,,,1,,,,,,,,,Y,,,,,,,,,REAR-RIGHT-CORNER,,,,,,,,,,,,,,,,,,,,,,,,,,,,,,,,,
2124048,4afd5ec99cb11a5481afe655e3dbbb4bbea673870244f47263c939801d71196f57180be45530528e8ce094082f313dad572a1dab98dfb660d802f2a900592f3e,08/08/2025 11:15:00 AM,1,DRIVER,,2024875,,CHEVROLET,OTHER (EXPLAIN IN NARRATIVE),IL,2017,UNKNOWN,PASSENGER,UNKNOWN/NA,UNKNOWN,BACKING,,,1,,,,,,,,,Y,Y,Y,,,,,,,REAR,,,,,,,,,,,,,,,,,,,,,,,,,,,,,,,,,
2124049,4afd5ec99cb11a5481afe655e3dbbb4bbea673870244f47263c939801d71196f57180be45530528e8ce094082f313dad572a1dab98dfb660d802f2a900592f3e,08/08/2025 11:15:00 AM,2,DRIVER,,2024874,,HONDA,ODYSSEY,IL,2016,UNKNOWN,VAN/MINI-VAN,PERSONAL,UNKNOWN,BACKING,,,1,,,,,,,,,,,Y,,,,,,,REAR-LEFT-CORNER,,,,,,,,,,,,,,,,,,,,,,,,,,,,,,,,,
2124080,8a675097f21d7878248589091d00ae66392f27bcc7815f9584bba1481e94b904cae72edbeab24d5a197cc39a8ec9ffd980f8dd75db441c8065da1e68fc79bfa2,08/08/2025 11:15:00 AM,1,DRIVER,,2024902,,HONDA,ACCORD,IL,2013,UNKNOWN,PASSENGER,PERSONAL,N,STRAIGHT AHEAD,,,1,,,,,,,,,,,,,,,Y,Y,,FRONT-LEFT-CORNER,,,,,,,,,,,,,,,,,,,,,,,,,,,,,,,,,
2124081,8a675097f21d7878248589091d00ae66392f27bcc7815f9584bba1481e94b904cae72edbeab24d5a197cc39a8ec9ffd980f8dd75db441c8065da1e68fc79bfa2,08/08/2025 11:15:00 AM,2,DRIVER,,2024910,,TOYOTA,RAV4,IL,2019,UNKNOWN,SPORT UTILITY VEHICLE (SUV),PERSONAL,E,STRAIGHT AHEAD,,,1,,,,,Y,Y,Y,,,,,,,,N,,,FRONT-RIGHT-CORNER,,,,,,,,,,,,,,,,,,,,,,,,,,,,,,,,,
2124103,b74f5ec5829765f9717c32e7454fcdeac7162b15126f2ba1776788b56535cd3a750cbd368b72ef2e3a5682651515ff7345776cef53ec7ad315686664eb2fc37c,08/08/2025 11:12:00 AM,1,DRIVER,,2024930,,JEEP,WRANGLER,IL,2007,UNKNOWN,SPORT UTILITY VEHICLE (SUV),PERSONAL,W,STRAIGHT AHEAD,,,1,,,,,,,,,,,,,Y,Y,Y,Y,,UNKNOWN,,,,,,,,,,,,,,,,,,,,,,,,,,,,,,,,,
2124104,b74f5ec5829765f9717c32e7454fcdeac7162b15126f2ba1776788b56535cd3a750cbd368b72ef2e3a5682651515ff7345776cef53ec7ad315686664eb2fc37c,08/08/2025 11:12:00 AM,2,PARKED,,2024936,,TOYOTA,SIENNA,IL,2009,NONE,VAN/MINI-VAN,NOT IN USE,E,PARKED,,,0,,,,,,,,,,,Y,Y,Y,Y,Y,,,SIDE-LEFT-FRONT,,,,,,,,,,,,,,,,,,,,,,,,,,,,,,,,,
2124131,697f44cf2cb55553dca9a50777b45ec3ee5d25092be799ac8e94972d260806ccb9313b3f8adaf79b61d8c464e5af602be424c8fbb4cb5c40cc9a650ad570b7f6,08/08/2025 11:11:00 AM,1,BICYCLE,,,,,,,,,,,,,,,,,,,,,,,,,,,,,,,,,,,,,,,,,,,,,,,,,,,,,,,,,,,,,,,,,,
2124132,697f44cf2cb55553dca9a50777b45ec3ee5d25092be799ac8e94972d260806ccb9313b3f8adaf79b61d8c464e5af602be424c8fbb4cb5c40cc9a650ad570b7f6,08/08/2025 11:11:00 AM,2,DRIVER,,2024962,,TOYOTA,PRIUS,IL,2019,NONE,PASSENGER,PERSONAL,W,STRAIGHT AHEAD,,,1,,,,Y,,,,,,,,,,,,,,SIDE-RIGHT,,,,,,,,,,,,,,,,,,,,,,,,,,,,,,,,,
2124089,7ab0adee96c401f7457260251d74c413b952560526b64a2166cc0323701c45e60e94f5efe6cbf1f761d521775f1a99de1f5d8fa6ec7339300ccb1687d506997e,08/08/2025 11:05:00 AM,1,DRIVER,1,2024917,,DODGE,RAM 1500 PU,IL,2005,NONE,PICKUP,PERSONAL,SW,TURNING RIGHT,,,2,,,,Y,,,,,,,,,,,,,,FRONT,,,,,,,,,,,,,,,,,,,,,,,,,,,,,,,,,
2124090,7ab0adee96c401f7457260251d74c413b952560526b64a2166cc0323701c45e60e94f5efe6cbf1f761d521775f1a99de1f5d8fa6ec7339300ccb1687d506997e,08/08/2025 11:05:00 AM,2,BICYCLE,,,,,,,,,,,,,,,,,,,,,,,,,,,,,,,,,,,,,,,,,,,,,,,,,,,,,,,,,,,,,,,,,,
2124052,41c03a3719763223b8cbbe4ea9545e27e4d257963bc800f779f31d9ae0278a2748e54d08c5bacbd4ca84b58ebe8db07868a64585a6ca5fd853d0cdc39bd48644,08/08/2025 10:50:00 AM,1,DRIVER,,2024880,,CHEVROLET,TRAIL BLAZER,IL,2023,UNKNOWN,SPORT UTILITY VEHICLE (SUV),UNKNOWN/NA,N,U-TURN,,,1,,,,,,,,,,,,,,,,,Y,UNKNOWN,,,,,,,,,,,,,,,,,,,,,,,,,,,,,,,,,
2124053,41c03a3719763223b8cbbe4ea9545e27e4d257963bc800f779f31d9ae0278a2748e54d08c5bacbd4ca84b58ebe8db07868a64585a6ca5fd853d0cdc39bd48644,08/08/2025 10:50:00 AM,2,DRIVER,,2024883,N,CHEVROLET,EQUINOX,IL,2012,UNKNOWN,SPORT UTILITY VEHICLE (SUV),OTHER,N,TURNING LEFT,,,1,,,,,,,,,,,,,,Y,Y,,,FRONT-LEFT-CORNER,,,,,,,,,,,,,,,,,,,,,,,,,,,,,,,,,
2137162,24521716e2b030c9ef2a412c588e74352793221b7015ce077fed7f2dcd569db23119a2c23c1a7282732cf0beeb91bf0e6b13721a50186e338ef00166c5d07ff7,08/08/2025 10:45:00 AM,1,DRIVER,,2037301,,UNKNOWN,OTHER (EXPLAIN IN NARRATIVE),IL,2015,UNKNOWN,OTHER,UNKNOWN/NA,E,CHANGING LANES,,,1,,,,,,,,,,,,,,,,,Y,UNKNOWN,,,,,,,,,,,,,,,,,,,,,,,,,,,,,,,,,
2137163,24521716e2b030c9ef2a412c588e74352793221b7015ce077fed7f2dcd569db23119a2c23c1a7282732cf0beeb91bf0e6b13721a50186e338ef00166c5d07ff7,08/08/2025 10:45:00 AM,2,DRIVER,,2037302,,SUBARU,OUTBACK,IL,2021,UNKNOWN,SPORT UTILITY VEHICLE (SUV),PERSONAL,E,STRAIGHT AHEAD,,,1,,,,,Y,Y,,,,,,,,,,,,FRONT-RIGHT-CORNER,,,,,,,,,,,,,,,,,,,,,,,,,,,,,,,,,
2124222,94f62a4e0a938286dec6b92b9d90e84dd0f39276273da8946d8dee8047227958d0cf5e47dad1bef3443a2b30717888a2330846e79c0a6f6d3e70e68370ec4ec5,08/08/2025 10:35:00 AM,1,DRIVER,,2025019,,FORD,OTHER (EXPLAIN IN NARRATIVE),IL,2008,UNKNOWN,TRUCK - SINGLE UNIT,COMMERCIAL - SINGLE UNIT,W,BACKING,,,1,,,,,,,,,,,Y,,,,,,,SIDE-LEFT-REAR,,,,,,,,,,,,,,,,,,,,,,,,,,,,,,,,,
2124223,94f62a4e0a938286dec6b92b9d90e84dd0f39276273da8946d8dee8047227958d0cf5e47dad1bef3443a2b30717888a2330846e79c0a6f6d3e70e68370ec4ec5,08/08/2025 10:35:00 AM,2,PARKED,,2025021,,TOYOTA,HIGHLANDER,IL,2021,OTHER,SPORT UTILITY VEHICLE (SUV),NOT IN USE,W,PARKED,,,0,,,,,,,,,,,Y,Y,Y,,,,,REAR-LEFT-CORNER,,,,,,,,,,,,,,,,,,,,,,,,,,,,,,,,,
2125211,759b65af79114d06e5d3a7b62ebd68287ad25836c0d79de18e2fe03c7b33c99e4f886e8f22b31ea889efd4f6ca3e3197c86c7daa94948b1bdbecb71e6872b913,08/08/2025 10:30:00 AM,2,PARKED,,2025968,,VESPA,PRIMAVERA,IL,2023,UNKNOWN,MOTORCYCLE (OVER 150CC),NOT IN USE,S,PARKED,,,0,,,,,,,,,,,Y,,Y,Y,,,,UNKNOWN,,,,,,,,,,,,,,,,,,,,,,,,,,,,,,,,,
2125212,759b65af79114d06e5d3a7b62ebd68287ad25836c0d79de18e2fe03c7b33c99e4f886e8f22b31ea889efd4f6ca3e3197c86c7daa94948b1bdbecb71e6872b913,08/08/2025 10:30:00 AM,1,DRIVER,,2025966,,UNKNOWN,OTHER (EXPLAIN IN NARRATIVE),,,UNKNOWN,UNKNOWN/NA,UNKNOWN/NA,UNKNOWN,UNKNOWN/NA,,,1,,,,,,,,,,,,,,,,,Y,UNKNOWN,,,,,,,,,,,,,,,,,,,,,,,,,,,,,,,,,
2124116,7c466c204f794e9186b2768f32daf2c1530429a8773d6840b477f31c5d88981be0035ae6dc7983d9c1d6463b26708a76f60397c8ab05363bd268604cfd4208a4,08/08/2025 10:30:00 AM,1,DRIVER,,2024940,,CHEVROLET,CRUZE,IL,2017,NONE,PASSENGER,PERSONAL,N,PASSING/OVERTAKING,,,1,,,,,,,Y,Y,Y,,,,,,,,,REAR-RIGHT-CORNER,,,,,,,,,,,,,,,,,,,,,,,,,,,,,,,,,