CRASH_UNIT_ID,CRASH_RECORD_ID,CRASH_DATE,UNIT_NO,UNIT_TYPE,NUM_PASSENGERS,VEHICLE_ID,CMRC_VEH_I,MAKE,MODEL,LIC_PLATE_STATE,VEHICLE_YEAR,VEHICLE_DEFECT,VEHICLE_TYPE,VEHICLE_USE,TRAVEL_DIRECTION,MANEUVER,TOWED_I,FIRE_I,OCCUPANT_CNT,EXCEED_SPEED_LIMIT_I,TOWED_BY,TOWED_TO,AREA_00_I,AREA_01_I,AREA_02_I,AREA_03_I,AREA_04_I,AREA_05_I,AREA_06_I,AREA_07_I,AREA_08_I,AREA_09_I,AREA_10_I,AREA_11_I,AREA_12_I,AREA_99_I,FIRST_CONTACT_POINT,CMV_ID,USDOT_NO,CCMC_NO,ILCC_NO,COMMERCIAL_SRC,GVWR,CARRIER_NAME,CARRIER_STATE,CARRIER_CITY,HAZMAT_PLACARDS_I,HAZMAT_NAME,UN_NO,HAZMAT_PRESENT_I,HAZMAT_REPORT_I,HAZMAT_REPORT_NO,MCS_REPORT_I,MCS_REPORT_NO,HAZMAT_VIO_CAUSE_CRASH_I,MCS_VIO_CAUSE_CRASH_I,IDOT_PERMIT_NO,WIDE_LOAD_I,TRAILER1_WIDTH,TRAILER2_WIDTH,TRAILER1_LENGTH,TRAILER2_LENGTH,TOTAL_VEHICLE_LENGTH,AXLE_CNT,VEHICLE_CONFIG,CARGO_BODY_TYPE,LOAD_TYPE,HAZMAT_OUT_OF_SERVICE_I,MCS_OUT_OF_SERVICE_I,HAZMAT_CLASS
2124117,7c466c204f794e9186b2768f32daf2c1530429a8773d6840b477f31c5d88981be0035ae6dc7983d9c1d6463b26708a76f60397c8ab05363bd268604cfd4208a4,08/08/2025 10:30:00 AM,2,BICYCLE,,,,,,,,,,,,,,,,,,,,,,,,,,,,,,,,,,,,,,,,,,,,,,,,,,,,,,,,,,,,,,,,,,
2124233,e78e4167e77eea5889a0b142d6095d9f632f197ca4b39544751d7df2d098bf66763c0bfb03da75c6a76ab46f89d5fe7f88cb66c360619430d0ec5b3265a90c73,08/08/2025 10:30:00 AM,1,DRIVER,,2025031,,UNKNOWN,OTHER (EXPLAIN IN NARRATIVE),IL,,UNKNOWN,OTHER,OTHER,S,STRAIGHT AHEAD,,,1,,,,,,,,,,,,,,,,,Y,UNKNOWN,,,,,,,,,,,,,,,,,,,,,,,,,,,,,,,,,
2124234,e78e4167e77eea5889a0b142d6095d9f632f197ca4b39544751d7df2d098bf66763c0bfb03da75c6a76ab46f89d5fe7f88cb66c360619430d0ec5b3265a90c73,08/08/2025 10:30:00 AM,2,PARKED,,2025051,,TOYOTA,TACOMA,IN,2008,NONE,PASSENGER,NOT IN USE,N,PARKED,,,0,,,,,,,,Y,,,,,,,,,,REAR,,,,,,,,,,,,,,,,,,,,,,,,,,,,,,,,,
2124038,43e981b480c1a15038a01b3fda8f6610e4dfb4c96fcc0010addc8621363e91b31e7cfb946c437ec32726fa0e3c3a02f67f195d761bd37b55e9edf192c9ce61f5,08/08/2025 10:26:00 AM,1,DRIVER,,2024862,,UNKNOWN,OTHER (EXPLAIN IN NARRATIVE),IL,2023,NONE,TRUCK - SINGLE UNIT,OTHER,N,STRAIGHT AHEAD,,,1,,,,,Y,Y,,,,,,,,,,,,SIDE-RIGHT-FRONT,,,,,,,,,,,,,,,,,,,,,,,,,,,,,,,,,
2124039,43e981b480c1a15038a01b3fda8f6610e4dfb4c96fcc0010addc8621363e91b31e7cfb946c437ec32726fa0e3c3a02f67f195d761bd37b55e9edf192c9ce61f5,08/08/2025 10:26:00 AM,2,PARKED,,2024868,,MITSUBISHI,OTHER (EXPLAIN IN NARRATIVE),IL,2025,NONE,OTHER VEHICLE WITH TRAILER,OTHER,N,PARKED,,,0,,,,,,,,,,,Y,Y,Y,,,,,SIDE-LEFT,,,,,,,,,,,,,,,,,,,,,,,,,,,,,,,,,
2124034,5bee0ba8d2ec1840cfa3c7701e4ed7d8979cd87c9f3def462150477823f44354a04125cf62e8b9a7d5185295c0e403ad8643d5a35ae02df4d936f596751a19d1,08/08/2025 10:25:00 AM,1,DRIVER,,2024857,,"DEERE, JOHN COMPANY","DEERE, JOHN; DEERE & CO.",,,NONE,OTHER,CONSTRUCTION/MAINTENANCE,E,STRAIGHT AHEAD,,,1,,,,Y,,,,,,,,,,,,,,OTHER,,,,,,,,,,,,,,,,,,,,,,,,,,,,,,,,,
2124035,5bee0ba8d2ec1840cfa3c7701e4ed7d8979cd87c9f3def462150477823f44354a04125cf62e8b9a7d5185295c0e403ad8643d5a35ae02df4d936f596751a19d1,08/08/2025 10:25:00 AM,2,PARKED,,2024860,,FORD,F150,IL,2019,NONE,PICKUP,NOT IN USE,E,PARKED,,,0,,,,,,,,,Y,,,,,,,,,REAR-RIGHT-CORNER,,,,,,,,,,,,,,,,,,,,,,,,,,,,,,,,,
2124003,c34e2e728b018b52188e8a8ebb3f0840aed187853db6afc8020aee77e065b270cd9af57a75368dc8ac876e2d9af472d086eddd086931bd64dce0f500bd3c1163,08/08/2025 10:11:00 AM,1,DRIVER,,2024833,,CHRYSLER,TOWN & COUNTRY,IL,2010,NONE,VAN/MINI-VAN,UNKNOWN/NA,W,PASSING/OVERTAKING,,,1,,,,,,,,,,,,,,,,,Y,UNKNOWN,,,,,,,,,,,,,,,,,,,,,,,,,,,,,,,,,
2124004,c34e2e728b018b52188e8a8ebb3f0840aed187853db6afc8020aee77e065b270cd9af57a75368dc8ac876e2d9af472d086eddd086931bd64dce0f500bd3c1163,08/08/2025 10:11:00 AM,2,DRIVER,1,2024835,,KIA,SOUL,IL,2017,NONE,PASSENGER,DRIVER EDUCATION,W,STRAIGHT AHEAD,,,2,,,,,,,,,,,,,,Y,Y,,,SIDE-LEFT-FRONT,,,,,,,,,,,,,,,,,,,,,,,,,,,,,,,,,
2124046,eece8333c9c75e9351ca81c0fa4587b0f4d731b88fa5220f16e787dd7db8260cfbb81f2ce686dcf9a4519cd2d049b54562e88ca6435774f881d3cea8371f1f67,08/08/2025 10:11:00 AM,1,DRIVER,,2024873,,DODGE,CARAVAN,IL,2018,UNKNOWN,VAN/MINI-VAN,PERSONAL,E,OTHER,,,1,,,,,,,,,,,,,Y,,,,,SIDE-LEFT,,,,,,,,,,,,,,,,,,,,,,,,,,,,,,,,,
2124047,eece8333c9c75e9351ca81c0fa4587b0f4d731b88fa5220f16e787dd7db8260cfbb81f2ce686dcf9a4519cd2d049b54562e88ca6435774f881d3cea8371f1f67,08/08/2025 10:11:00 AM,2,PARKED,,2024876,,FORD,OTHER (EXPLAIN IN NARRATIVE),IL,2020,NONE,BUS UP TO 15 PASS.,COMMERCIAL - SINGLE UNIT,E,PARKED,,,0,,,,,,,,,,,,,,,,Y,,FRONT,,,,,,,,,,,,,,,,,,,,,,,,,,,,,,,,,
2124031,90d44c862077fc891c3e44dcde9ae3f5edd194fb5145c3fde27feb66fcaa24b772ebc2c5d629580fb9b6a718e05c779d6eb1dfff267f7b91524b4cedbfa34e14,08/08/2025 10:10:00 AM,1,DRIVER,,2024855,,FORD,FOCUS,IL,2001,NONE,PASSENGER,PERSONAL,E,STRAIGHT AHEAD,N,,1,,,,,Y,,,,Y,Y,Y,,,,Y,Y,,FRONT,,,,,,,,,,,,,,,,,,,,,,,,,,,,,,,,,
2124032,90d44c862077fc891c3e44dcde9ae3f5edd194fb5145c3fde27feb66fcaa24b772ebc2c5d629580fb9b6a718e05c779d6eb1dfff267f7b91524b4cedbfa34e14,08/08/2025 10:10:00 AM,2,DRIVER,2,2024859,,CHEVROLET,TRAX,IL,2017,NONE,PASSENGER,PERSONAL,E,STRAIGHT AHEAD,,,3,,,,,Y,,,,,,,,,,Y,Y,,FRONT,,,,,,,,,,,,,,,,,,,,,,,,,,,,,,,,,
2124033,90d44c862077fc891c3e44dcde9ae3f5edd194fb5145c3fde27feb66fcaa24b772ebc2c5d629580fb9b6a718e05c779d6eb1dfff267f7b91524b4cedbfa34e14,08/08/2025 10:10:00 AM,3,DRIVER,,2024863,,CHEVROLET,MALIBU,IL,2017,NONE,PASSENGER,PERSONAL,E,STRAIGHT AHEAD,,,1,,,,,,,,,Y,Y,Y,,,,,,,REAR,,,,,,,,,,,,,,,,,,,,,,,,,,,,,,,,,
2124013,bef38240837785d7308caa5577a48f660abc9a4d9514fec08e970e2e5a2b81ffcb28031b9dad88cf465528d96f14c2a61a359aa5d3a2db317518801b339db04f,08/08/2025 10:06:00 AM,1,DRIVER,1,2024844,,FORD,OTHER (EXPLAIN IN NARRATIVE),AZ,2019,NONE,OTHER,OTHER,W,STRAIGHT AHEAD,,,2,,,,,,,,,,,,Y,Y,Y,,,,SIDE-LEFT,,,,,,,,,,,,,,,,,,,,,,,,,,,,,,,,,
2124014,bef38240837785d7308caa5577a48f660abc9a4d9514fec08e970e2e5a2b81ffcb28031b9dad88cf465528d96f14c2a61a359aa5d3a2db317518801b339db04f,08/08/2025 10:06:00 AM,2,DRIVER,,2024858,,VOLKSWAGEN,ATLAS,IL,2018,NONE,SPORT UTILITY VEHICLE (SUV),PERSONAL,S,STRAIGHT AHEAD,Y,,1,,OWNER,,,,,,,,,,,,,Y,,,FRONT-LEFT-CORNER,,,,,,,,,,,,,,,,,,,,,,,,,,,,,,,,,
2124021,e159a370e9132f1fcf77a92dcb40ee72e6e5f6a2af95f30532617b72c2f9c2744bd004e2466fed08e8396298158a1be58c0712b0365c95fd2732200ca04d8836,08/08/2025 10:05:00 AM,1,DRIVER,,2024852,,(HOMEMADE TRAILER),(HOMEMADE TRAILER),IN,2024,UNKNOWN,TRACTOR W/ SEMI-TRAILER,COMMERCIAL - MULTI-UNIT,W,CHANGING LANES,,,1,,,,,,,,,,,,,,,,,Y,SIDE-LEFT,,,,,,,,,,,,,,,,,,,,,,,,,,,,,,,,,
2124022,e159a370e9132f1fcf77a92dcb40ee72e6e5f6a2af95f30532617b72c2f9c2744bd004e2466fed08e8396298158a1be58c0712b0365c95fd2732200ca04d8836,08/08/2025 10:05:00 AM,2,DRIVER,,2024871,,HONDA,HR-V,IL,2019,UNKNOWN,PASSENGER,PERSONAL,W,STRAIGHT AHEAD,,,1,,,,,Y,Y,Y,Y,,,,,,,,,,FRONT-RIGHT-CORNER,,,,,,,,,,,,,,,,,,,,,,,,,,,,,,,,,
2123999,2e28093518b73084ac93cd83739369282fe12ba031725e19b687ca633e42950bd8a2c58773369934029a36317fe7c97d7f887547151af3afb320c073b438afcf,08/08/2025 10:03:00 AM,1,DRIVER,,2024826,,UNKNOWN,OTHER (EXPLAIN IN NARRATIVE),XX,,UNKNOWN,UNKNOWN/NA,UNKNOWN/NA,UNKNOWN,STRAIGHT AHEAD,,,1,,,,,N,,,,Y,Y,Y,,,,N,N,,REAR,,,,,,,,,,,,,,,,,,,,,,,,,,,,,,,,,
2124000,2e28093518b73084ac93cd83739369282fe12ba031725e19b687ca633e42950bd8a2c58773369934029a36317fe7c97d7f887547151af3afb320c073b438afcf,08/08/2025 10:03:00 AM,2,PARKED,,2024839,,FORD,MUSTANG,IL,2019,UNKNOWN,PASSENGER,PERSONAL,S,PARKED,,,0,,,,,Y,,,,,,,,,,Y,Y,,FRONT,,,,,,,,,,,,,,,,,,,,,,,,,,,,,,,,,
2124293,e653bfdf5c4b5c69c9736cbe088ea1b10bb9a5f6792c1dcbf476dadf0f7d1ce6e550828633a830b0d2660f4de58e5bb43f54190084c0aca7358ce88852b32cf7,08/08/2025 10:00:00 AM,1,DRIVER,,2025087,,FREIGHTLINER CORPORATION,OTHER (EXPLAIN IN NARRATIVE),IL,2019,UNKNOWN,UNKNOWN/NA,OTHER,E,STRAIGHT AHEAD,,,1,,,,,,,,,,,,,,,,,Y,UNKNOWN,,,,,,,,,,,,,,,,,,,,,,,,,,,,,,,,,
2124294,e653bfdf5c4b5c69c9736cbe088ea1b10bb9a5f6792c1dcbf476dadf0f7d1ce6e550828633a830b0d2660f4de58e5bb43f54190084c0aca7358ce88852b32cf7,08/08/2025 10:00:00 AM,2,DRIVER,1,2025091,,CHEVROLET,TAHOE,IL,2009,UNKNOWN,PASSENGER,PERSONAL,E,STRAIGHT AHEAD,,,2,,,,,,,,,,Y,,,,,,,,REAR,,,,,,,,,,,,,,,,,,,,,,,,,,,,,,,,,
2124056,ef98aedb6a83a05690e356fc1674a02ed1f6f00eed17d95079dba0394bca34984385992d36c95a31c1566156972a012bee720cca153af36963aa319465670efa,08/08/2025 10:00:00 AM,1,DRIVER,1,2024881,,FORD,ESCAPE,IL,2016,NONE,SPORT UTILITY VEHICLE (SUV),PERSONAL,N,STRAIGHT AHEAD,Y,,2,,UNKNOWN,UNKNOWN,,Y,Y,,,,,,,,,Y,Y,,FRONT,,,,,,,,,,,,,,,,,,,,,,,,,,,,,,,,,
2124057,ef98aedb6a83a05690e356fc1674a02ed1f6f00eed17d95079dba0394bca34984385992d36c95a31c1566156972a012bee720cca153af36963aa319465670efa,08/08/2025 10:00:00 AM,2,DRIVER,1,2024884,,HONDA,CIVIC,IL,2009,NONE,PASSENGER,PERSONAL,S,TURNING LEFT,,,2,,,,,Y,Y,,,,,,,,,Y,Y,,FRONT-RIGHT-CORNER,,,,,,,,,,,,,,,,,,,,,,,,,,,,,,,,,
2123997,d2e0e42a58ea87e205890be563e45d1518845bcb2c9a861a00adf07878d8c02a8d3392fef99bf6695af9c9b64c24a9b5b5f608b78450be75dc5506d7e1a67c5a,08/08/2025 09:53:00 AM,2,DRIVER,,2024829,,FORD,F150,IL,2016,NONE,TRUCK - SINGLE UNIT,PERSONAL,E,STRAIGHT AHEAD,,,1,,,,,Y,Y,Y,Y,,,,,,,,,,SIDE-RIGHT-FRONT,,,,,,,,,,,,,,,,,,,,,,,,,,,,,,,,,
2123998,d2e0e42a58ea87e205890be563e45d1518845bcb2c9a861a00adf07878d8c02a8d3392fef99bf6695af9c9b64c24a9b5b5f608b78450be75dc5506d7e1a67c5a,08/08/2025 09:53:00 AM,1,DRIVER,,2024834,,CHEVROLET,SILVERADO,IL,2022,NONE,PICKUP,PERSONAL,N,STRAIGHT AHEAD,,,1,,,,,Y,,,,,,,,,,Y,Y,,FRONT,,,,,,,,,,,,,,,,,,,,,,,,,,,,,,,,,
2124062,6c757f5f23b2d76cbaf45e0cac076714f952ad87be4ebbb5a6d40b2fcac3c5848fa9db824d798de38dafd34296e82edfa2e4efed3f5bb66fd26ca53dd1cba5a7,08/08/2025 09:52:00 AM,1,DRIVER,1,2024888,,KIA,RIO / K2,IL,2013,UNKNOWN,PASSENGER,RIDESHARE SERVICE,S,STRAIGHT AHEAD,Y,,2,,,,,,,,,,,,Y,Y,Y,Y,,,SIDE-LEFT,,,,,,,,,,,,,,,,,,,,,,,,,,,,,,,,,
2124063,6c757f5f23b2d76cbaf45e0cac076714f952ad87be4ebbb5a6d40b2fcac3c5848fa9db824d798de38dafd34296e82edfa2e4efed3f5bb66fd26ca53dd1cba5a7,08/08/2025 09:52:00 AM,2,DRIVER,1,2024892,,TOYOTA,COROLLA,IL,2003,UNKNOWN,PASSENGER,PERSONAL,W,STRAIGHT AHEAD,Y,,2,,,,,Y,Y,,,,,,,,Y,Y,Y,,FRONT,,,,,,,,,,,,,,,,,,,,,,,,,,,,,,,,,
2124015,c162ea3f7114d862c20bf325f5a3c4703712164c470352642bec866fcaf4d36de74953803a34b46ab824da79936565be1f0eb500934e1504cddf673851e9e1ad,08/08/2025 09:50:00 AM,1,DRIVER,,2024847,,FORD,CLUB WAGON E350,IL,1999,SUSPENSION,VAN/MINI-VAN,PERSONAL,W,STRAIGHT AHEAD,,,1,,,,,Y,,,,,,,,,,,,,FRONT-RIGHT-CORNER,,,,,,,,,,,,,,,,,,,,,,,,,,,,,,,,,
2124016,c162ea3f7114d862c20bf325f5a3c4703712164c470352642bec866fcaf4d36de74953803a34b46ab824da79936565be1f0eb500934e1504cddf673851e9e1ad,08/08/2025 09:50:00 AM,2,PARKED,,2024850,,BMW,X3,IL,2015,NONE,PASSENGER,PERSONAL,W,PARKED,,,0,,,,,,,,,,,Y,Y,,,,,,SIDE-LEFT,,,,,,,,,,,,,,,,,,,,,,,,,,,,,,,,,
2123995,1ad287617a5ec89b5f4ac1cccdd84e22d6b24599b0c328843ccc0d0ec9dd52180cefe93b54a23bd3916e2a5179324b18c61e33953ad26a44f9433fefc6feaadb,08/08/2025 09:45:00 AM,1,DRIVER,,2024832,,BMW,OTHER (EXPLAIN IN NARRATIVE),IL,2004,UNKNOWN,PASSENGER,PERSONAL,N,STRAIGHT AHEAD,,,1,,,,,N,,,,,,,,,,N,N,Y,FRONT,,,,,,,,,,,,,,,,,,,,,,,,,,,,,,,,,
2123996,1ad287617a5ec89b5f4ac1cccdd84e22d6b24599b0c328843ccc0d0ec9dd52180cefe93b54a23bd3916e2a5179324b18c61e33953ad26a44f9433fefc6feaadb,08/08/2025 09:45:00 AM,2,DRIVER,,2024827,,DODGE,CARAVAN,IL,2020,NONE,VAN/MINI-VAN,PERSONAL,N,STRAIGHT AHEAD,,,1,,,,,,,,,Y,Y,Y,,,,,,,REAR,,,,,,,,,,,,,,,,,,,,,,,,,,,,,,,,,
2124017,82cbc6f22938dcc1ee89cf6515bbb0f20679345a079b6d646b81ba3013248d78f9b4ef9950cded75e4baa0243f9ae83f4abd72e7444409ff8843baf66d2144c8,08/08/2025 09:30:00 AM,1,DRIVER,,2024846,,TOYOTA,SIENNA,IL,2005,NONE,PASSENGER,PERSONAL,NE,TURNING RIGHT,,,1,,,,Y,,,,,,,,,,,,,,FRONT-RIGHT-CORNER,,,,,,,,,,,,,,,,,,,,,,,,,,,,,,,,,
2124018,82cbc6f22938dcc1ee89cf6515bbb0f20679345a079b6d646b81ba3013248d78f9b4ef9950cded75e4baa0243f9ae83f4abd72e7444409ff8843baf66d2144c8,08/08/2025 09:30:00 AM,2,NON-MOTOR VEHICLE,,,,,,,,,,,,,,,,,,,,,,,,,,,,,,,,,,,,,,,,,,,,,,,,,,,,,,,,,,,,,,,,,,
2124009,a1f99b89d7ce24be5ccca66549c94f20139c3e9c21cf0ef21950c7194f481d3d5e10f2f10981d1f69fbb0b7e291f6e4c49adcd10e82d5a4d2638f9bf5eda2939,08/08/2025 09:20:00 AM,1,DRIVER,,2024853,,CHEVROLET,OTHER (EXPLAIN IN NARRATIVE),IL,2022,NONE,PICKUP,CONSTRUCTION/MAINTENANCE,S,LEAVING TRAFFIC LANE TO PARK,,,1,,,,Y,,,,,,,,,,,,,,FRONT-RIGHT-CORNER,,,,,,,,,,,,,,,,,,,,,,,,,,,,,,,,,
2124010,a1f99b89d7ce24be5ccca66549c94f20139c3e9c21cf0ef21950c7194f481d3d5e10f2f10981d1f69fbb0b7e291f6e4c49adcd10e82d5a4d2638f9bf5eda2939,08/08/2025 09:20:00 AM,2,BICYCLE,,,,,,,,,,,,,,,,,,,,,,,,,,,,,,,,,,,,,,,,,,,,,,,,,,,,,,,,,,,,,,,,,,
2124027,84dcdf9c1d66f46c582a134c068e94d18d498db6fb4c5a3832bc11d894801616a8e2bbc6329e652090ac11a4a3e2c57625abc6ac324654dd1be86204c3bf4264,08/08/2025 09:15:00 AM,1,DRIVER,,2024854,,HYUNDAI,ELANTRA,IL,2011,NONE,PASSENGER,PERSONAL,W,STRAIGHT AHEAD,Y,,1,,PRIVATE TOW,AUTO BODY SHOP,,Y,Y,,,,,,,,,,,,SIDE-RIGHT-FRONT,,,,,,,,,,,,,,,,,,,,,,,,,,,,,,,,,
2124028,84dcdf9c1d66f46c582a134c068e94d18d498db6fb4c5a3832bc11d894801616a8e2bbc6329e652090ac11a4a3e2c57625abc6ac324654dd1be86204c3bf4264,08/08/2025 09:15:00 AM,2,PARKED,,2024861,,HONDA,CIVIC,IL,2017,NONE,PASSENGER,PERSONAL,W,PARKED,Y,,0,,PRIVATE TOW,AUTO BODY SHOP,,,,,,,,,,Y,,,,,SIDE-LEFT,,,,,,,,,,,,,,,,,,,,,,,,,,,,,,,,,
2123972,b0e422e6ecabf0e4c944872b003ae664066d20428143015bd0e1fe9b253150b3383e75fc90ba06a0df12c85bf5396d14432be094a676399b2301c297e6c6d110,08/08/2025 09:14:00 AM,1,DRIVER,,2024801,,HONDA,PILOT,IL,2024,NONE,SPORT UTILITY VEHICLE (SUV),PERSONAL,N,TURNING LEFT,,,1,,,,,Y,Y,,,,,,,,,,,,FRONT-RIGHT-CORNER,,,,,,,,,,,,,,,,,,,,,,,,,,,,,,,,,
2123973,b0e422e6ecabf0e4c944872b003ae664066d20428143015bd0e1fe9b253150b3383e75fc90ba06a0df12c85bf5396d14432be094a676399b2301c297e6c6d110,08/08/2025 09:14:00 AM,2,DRIVER,,2024805,,HONDA,ODYSSEY,IL,2019,NONE,VAN/MINI-VAN,PERSONAL,N,TURNING LEFT,,,1,,,,,,,,,,,Y,Y,,,,,,REAR-LEFT-CORNER,,,,,,,,,,,,,,,,,,,,,,,,,,,,,,,,,
2124040,9d1f63b12255d051cd57da811978b235a3298caf3740d578750b6d13caf9f359f0824e8aba6e60a068332a00ff7f554a45d37b56e010dcf5c7591b6171787925,08/08/2025 09:13:00 AM,1,DRIVER,,2024878,,TOYOTA,SIENNA,IL,2011,UNKNOWN,VAN/MINI-VAN,PERSONAL,S,TURNING LEFT,Y,,1,,PRIVATE TOW,,,Y,,,,,,,,,,Y,Y,,FRONT,,,,,,,,,,,,,,,,,,,,,,,,,,,,,,,,,
2124041,9d1f63b12255d051cd57da811978b235a3298caf3740d578750b6d13caf9f359f0824e8aba6e60a068332a00ff7f554a45d37b56e010dcf5c7591b6171787925,08/08/2025 09:13:00 AM,2,DRIVER,,2024886,,CHEVROLET,EQUINOX,IL,2020,UNKNOWN,PASSENGER,PERSONAL,W,STRAIGHT AHEAD,Y,,1,,PRIVATE TOW,,,N,N,N,N,N,,Y,Y,Y,Y,Y,,,SIDE-LEFT,,,,,,,,,,,,,,,,,,,,,,,,,,,,,,,,,
2123980,b2b88d2aa3551001494f5e8b25b90156b25812092e4849380aa6d931acae76fc6f62b57770b5f7c899ae917fa9d2ccf21c3979d3e655b08cab5197d5980e044e,08/08/2025 09:08:00 AM,1,DRIVER,,2024812,,TESLA,MODEL 3,IL,2023,UNKNOWN,PASSENGER,UNKNOWN/NA,S,STRAIGHT AHEAD,,,1,,,,,,,,,,,,,,,,Y,,FRONT,,,,,,,,,,,,,,,,,,,,,,,,,,,,,,,,,
2123981,b2b88d2aa3551001494f5e8b25b90156b25812092e4849380aa6d931acae76fc6f62b57770b5f7c899ae917fa9d2ccf21c3979d3e655b08cab5197d5980e044e,08/08/2025 09:08:00 AM,2,DRIVER,1,2024819,,VOLKSWAGEN,GTI,IL,2008,NONE,PASSENGER,PERSONAL,S,BACKING,,,2,,,,,,,,,,Y,,,,,,,,REAR,,,,,,,,,,,,,,,,,,,,,,,,,,,,,,,,,
2123964,1f210df939a944f02412078d4083b12d6911daf0559ee2849c5b6f361a15ef8fa1ecad4a85bb578cd17da700fe681fc241f572e4b0aed920a49980dc90d6377d,08/08/2025 09:00:00 AM,1,DRIVER,,2024794,,INFINITI,QX80,IL,2015,NONE,SPORT UTILITY VEHICLE (SUV),PERSONAL,N,STRAIGHT AHEAD,,,1,,,,,Y,,,,,,,,,,,,,FRONT-RIGHT-CORNER,,,,,,,,,,,,,,,,,,,,,,,,,,,,,,,,,
2123965,1f210df939a944f02412078d4083b12d6911daf0559ee2849c5b6f361a15ef8fa1ecad4a85bb578cd17da700fe681fc241f572e4b0aed920a49980dc90d6377d,08/08/2025 09:00:00 AM,2,DRIVER,,2024799,,CHEVROLET,EQUINOX,IL,2025,NONE,SPORT UTILITY VEHICLE (SUV),CTA,N,STRAIGHT AHEAD,,,1,,,,,,,,,,,,,,,Y,,,FRONT-LEFT-CORNER,,,,,,,,,,,,,,,,,,,,,,,,,,,,,,,,,
2126150,480c1762a314e2818308e71bb2760aaa686c7d2b8c338cfd420e7ce3ed4d75da1dee475884ae6a4550710db1c45f3f21fab2bf665b7a53386779a433ca871248,08/08/2025 09:00:00 AM,1,DRIVER,,2026860,,LEXUS,ES250,IL,2010,UNKNOWN,PASSENGER,PERSONAL,N,STRAIGHT AHEAD,,,1,,,,,,,,,,,,,,,,Y,,FRONT,,,,,,,,,,,,,,,,,,,,,,,,,,,,,,,,,
2126151,480c1762a314e2818308e71bb2760aaa686c7d2b8c338cfd420e7ce3ed4d75da1dee475884ae6a4550710db1c45f3f21fab2bf665b7a53386779a433ca871248,08/08/2025 09:00:00 AM,2,DRIVER,,2026861,,JEEP,WRANGLER,IL,2025,UNKNOWN,SPORT UTILITY VEHICLE (SUV),PERSONAL,N,STRAIGHT AHEAD,,,1,,,,,,,,,,,,,,,,,,REAR,,,,,,,,,,,,,,,,,,,,,,,,,,,,,,,,,
2123966,b2fc87516e1bf8b2e3a7a6d217adb66da31d12a2725b83aac0510b49f94d0d3885aee3146d77302da7eb9cc18e80b37f0331371ef84612c47e888b1008cd5e72,08/08/2025 09:00:00 AM,1,DRIVER,,2024793,,DODGE,DURANGO,IL,2023,NONE,SPORT UTILITY VEHICLE (SUV),PERSONAL,S,STRAIGHT AHEAD,,,1,,,,,Y,Y,,,,,,,,,,Y,,FRONT-RIGHT-CORNER,,,,,,,,,,,,,,,,,,,,,,,,,,,,,,,,,
2123967,b2fc87516e1bf8b2e3a7a6d217adb66da31d12a2725b83aac0510b49f94d0d3885aee3146d77302da7eb9cc18e80b37f0331371ef84612c47e888b1008cd5e72,08/08/2025 09:00:00 AM,2,DRIVER,,2024795,,LEXUS,NX,IL,2016,NONE,PASSENGER,PERSONAL,E,STRAIGHT AHEAD,,,1,,,,,,,,,,,,,,Y,Y,Y,,FRONT-LEFT-CORNER,,,,,,,,,,,,,,,,,,,,,,,,,,,,,,,,,
2123986,b08adf8172fc095e738935e359f2ed14fd05e3634235ec439913da17e5ef54d0b24b45b04f0c4ed2caf14c47783ca90687295bd5bb821647e62a7961f8b2885b,08/08/2025 08:52:00 AM,1,DRIVER,,2024814,,TOYOTA,COROLLA,IL,2015,UNKNOWN,PASSENGER,PERSONAL,N,TURNING LEFT,,,1,,,,,,,,,,,,,,Y,Y,,,FRONT-LEFT-CORNER,,,,,,,,,,,,,,,,,,,,,,,,,,,,,,,,,
2123987,b08adf8172fc095e738935e359f2ed14fd05e3634235ec439913da17e5ef54d0b24b45b04f0c4ed2caf14c47783ca90687295bd5bb821647e62a7961f8b2885b,08/08/2025 08:52:00 AM,2,DRIVER,,2024818,,SUBARU,ASCENT,IL,2021,NONE,PASSENGER,PERSONAL,N,STRAIGHT AHEAD,,,1,,,,,Y,Y,Y,Y,Y,,,,,,,,,SIDE-RIGHT,,,,,,,,,,,,,,,,,,,,,,,,,,,,,,,,,
2130963,0c3a8f5d1e6856764ce6d745b15d812a4aece43e0b62fd1b69b1dc8a85b70f9065d9c7ece83af02ed0ec737c28c716c566be404d60db99c2a8bfc119ec74296c,08/08/2025 08:50:00 AM,1,DRIVER,,2031402,,TOYOTA,COROLLA,,2022,NONE,PASSENGER,PERSONAL,N,BACKING,,,1,,,,,,,,,,,Y,,,,,,,SIDE-LEFT,,,,,,,,,,,,,,,,,,,,,,,,,,,,,,,,,
2130964,0c3a8f5d1e6856764ce6d745b15d812a4aece43e0b62fd1b69b1dc8a85b70f9065d9c7ece83af02ed0ec737c28c716c566be404d60db99c2a8bfc119ec74296c,08/08/2025 08:50:00 AM,2,PARKED,1,2031404,,CHEVROLET,TAHOE,IL,2014,NONE,PASSENGER,NOT IN USE,N,PARKED,,,1,,,,,,,Y,Y,Y,,,,,,,,,SIDE-RIGHT,,,,,,,,,,,,,,,,,,,,,,,,,,,,,,,,,