CRASH_UNIT_ID,CRASH_RECORD_ID,CRASH_DATE,UNIT_NO,UNIT_TYPE,NUM_PASSENGERS,VEHICLE_ID,CMRC_VEH_I,MAKE,MODEL,LIC_PLATE_STATE,VEHICLE_YEAR,VEHICLE_DEFECT,VEHICLE_TYPE,VEHICLE_USE,TRAVEL_DIRECTION,MANEUVER,TOWED_I,FIRE_I,OCCUPANT_CNT,EXCEED_SPEED_LIMIT_I,TOWED_BY,TOWED_TO,AREA_00_I,AREA_01_I,AREA_02_I,AREA_03_I,AREA_04_I,AREA_05_I,AREA_06_I,AREA_07_I,AREA_08_I,AREA_09_I,AREA_10_I,AREA_11_I,AREA_12_I,AREA_99_I,FIRST_CONTACT_POINT,CMV_ID,USDOT_NO,CCMC_NO,ILCC_NO,COMMERCIAL_SRC,GVWR,CARRIER_NAME,CARRIER_STATE,CARRIER_CITY,HAZMAT_PLACARDS_I,HAZMAT_NAME,UN_NO,HAZMAT_PRESENT_I,HAZMAT_REPORT_I,HAZMAT_REPORT_NO,MCS_REPORT_I,MCS_REPORT_NO,HAZMAT_VIO_CAUSE_CRASH_I,MCS_VIO_CAUSE_CRASH_I,IDOT_PERMIT_NO,WIDE_LOAD_I,TRAILER1_WIDTH,TRAILER2_WIDTH,TRAILER1_LENGTH,TRAILER2_LENGTH,TOTAL_VEHICLE_LENGTH,AXLE_CNT,VEHICLE_CONFIG,CARGO_BODY_TYPE,LOAD_TYPE,HAZMAT_OUT_OF_SERVICE_I,MCS_OUT_OF_SERVICE_I,HAZMAT_CLASS
2138716,7660b545b8b1dc2cf04f8d568e6993ed48a0a85ec9a0b550635a2f75a8a52e3e11ef9408ef0e4502cf108d574538f2631cefa0c90e8867aa083a4352c9307117,08/08/2025 08:50:00 AM,1,DRIVER,,2038781,,UNKNOWN,ENCLOSED BODY,,,UNKNOWN,SPORT UTILITY VEHICLE (SUV),UNKNOWN/NA,E,UNKNOWN/NA,,,1,,,,,,Y,Y,Y,,,,,,,,,,SIDE-RIGHT,,,,,,,,,,,,,,,,,,,,,,,,,,,,,,,,,
2138717,7660b545b8b1dc2cf04f8d568e6993ed48a0a85ec9a0b550635a2f75a8a52e3e11ef9408ef0e4502cf108d574538f2631cefa0c90e8867aa083a4352c9307117,08/08/2025 08:50:00 AM,2,DRIVER,,2038783,,HONDA,PASSPORT,IL,2015,NONE,SPORT UTILITY VEHICLE (SUV),PERSONAL,E,STRAIGHT AHEAD,Y,,1,,,,,,,,,,,,Y,Y,Y,Y,,,SIDE-LEFT,,,,,,,,,,,,,,,,,,,,,,,,,,,,,,,,,
2126429,1f3f85adb423ac2e9ddf7c7ea0b7ef24dbe601e51bd04a2b25dbf2fe99be67f29c028b86493dee041ef51e23d5ab607dc3d52dca3a85b1d95c1c265b912681f0,08/08/2025 08:30:00 AM,1,DRIVER,,2027125,,UNKNOWN,MOTORIZED,IL,,UNKNOWN,UNKNOWN/NA,UNKNOWN/NA,UNKNOWN,UNKNOWN/NA,,,1,,,,,,,,,,,,,,,,,Y,UNKNOWN,,,,,,,,,,,,,,,,,,,,,,,,,,,,,,,,,
2126430,1f3f85adb423ac2e9ddf7c7ea0b7ef24dbe601e51bd04a2b25dbf2fe99be67f29c028b86493dee041ef51e23d5ab607dc3d52dca3a85b1d95c1c265b912681f0,08/08/2025 08:30:00 AM,2,PARKED,,2027127,,PONTIAC,CATALINA,IL,1970,NONE,PASSENGER,PERSONAL,N,PARKED,,,0,,,,,,Y,Y,Y,,,,,,,,,,SIDE-RIGHT,,,,,,,,,,,,,,,,,,,,,,,,,,,,,,,,,
2123956,72d1fed981094442e4e509605b254064e7a6287420b198a47f06a6cd0629065fc2e6e5163f5e31b8516eae7e20ddd5b232f1cdb32d91a7dd0eaddd902a783f6a,08/08/2025 08:30:00 AM,1,DRIVER,,2024787,,AUTOCAR,AUTOCAR,IL,2010,NONE,TRUCK - SINGLE UNIT,COMMERCIAL - SINGLE UNIT,S,STRAIGHT AHEAD,,,1,,,,,,,,Y,Y,,,,,,,,,SIDE-RIGHT-REAR,,,,,,,,,,,,,,,,,,,,,,,,,,,,,,,,,
2123957,72d1fed981094442e4e509605b254064e7a6287420b198a47f06a6cd0629065fc2e6e5163f5e31b8516eae7e20ddd5b232f1cdb32d91a7dd0eaddd902a783f6a,08/08/2025 08:30:00 AM,2,PARKED,,2024789,,SUBARU,CROSSTREK,IL,2023,NONE,PASSENGER,NOT IN USE,S,PARKED,,,0,,,,,,,,,,,,,,Y,Y,,,SIDE-LEFT-FRONT,,,,,,,,,,,,,,,,,,,,,,,,,,,,,,,,,
2123984,9178c4250decd2159f34f72473cb8293d574e6bd2e0a5d6490972e2c694b88a6dc54e1def8f43e787482c186c2dd0800788b8ef3f420a34a52f3db465973e0be,08/08/2025 08:20:00 AM,1,DRIVER,,2024824,,UNKNOWN,MOTORIZED,,,UNKNOWN,UNKNOWN/NA,UNKNOWN/NA,UNKNOWN,UNKNOWN/NA,,,1,,,,,,,,,,,,,,,,,Y,UNKNOWN,,,,,,,,,,,,,,,,,,,,,,,,,,,,,,,,,
2123985,9178c4250decd2159f34f72473cb8293d574e6bd2e0a5d6490972e2c694b88a6dc54e1def8f43e787482c186c2dd0800788b8ef3f420a34a52f3db465973e0be,08/08/2025 08:20:00 AM,2,PARKED,,2024813,,TOYOTA,TACOMA,IL,2021,UNKNOWN,UNKNOWN/NA,UNKNOWN/NA,UNKNOWN,PARKED,,,0,,,,,,,,,,,,,,,,,Y,UNKNOWN,,,,,,,,,,,,,,,,,,,,,,,,,,,,,,,,,
2123974,1265929e8b3fea61ddc723187bc9859f22c1f6d6d2d27c1f7b1d6ac40e1985e45f89fe375c8e9a7a21f27a443e0fc95293b71c2da1e9c786bcf5789ae219bd82,08/08/2025 08:02:00 AM,1,DRIVER,,2024802,,GENERAL MOTORS CORPORATION (GMC),TERRAIN,IL,,UNKNOWN,SPORT UTILITY VEHICLE (SUV),UNKNOWN/NA,E,PASSING/OVERTAKING,,,1,,,,,,,,,,,,,,,,,Y,SIDE-RIGHT,,,,,,,,,,,,,,,,,,,,,,,,,,,,,,,,,
2123975,1265929e8b3fea61ddc723187bc9859f22c1f6d6d2d27c1f7b1d6ac40e1985e45f89fe375c8e9a7a21f27a443e0fc95293b71c2da1e9c786bcf5789ae219bd82,08/08/2025 08:02:00 AM,2,DRIVER,,2024807,,TOYOTA,RAV4,IL,2013,NONE,SPORT UTILITY VEHICLE (SUV),PERSONAL,E,STRAIGHT AHEAD,,,1,,,,,,,,,,,,Y,Y,Y,Y,,,SIDE-LEFT,,,,,,,,,,,,,,,,,,,,,,,,,,,,,,,,,
2123970,3f3a18b740d056d8b5804d0720e395a25f009ce31556c2644a8942a403a096cf6b376044223fa146fd1cf8d8a15a8e8b15683e21b8178184e8a9760144dc1478,08/08/2025 08:00:00 AM,1,DRIVER,,2024808,,UNKNOWN,OTHER (EXPLAIN IN NARRATIVE),,,OTHER,SINGLE UNIT TRUCK WITH TRAILER,UNKNOWN/NA,UNKNOWN,UNKNOWN/NA,,,1,,,,,,,,,,,,,,,,,Y,UNKNOWN,,,,,,,,,,,,,,,,,,,,,,,,,,,,,,,,,
2123971,3f3a18b740d056d8b5804d0720e395a25f009ce31556c2644a8942a403a096cf6b376044223fa146fd1cf8d8a15a8e8b15683e21b8178184e8a9760144dc1478,08/08/2025 08:00:00 AM,2,PARKED,,2024804,,SCION,XB,IL,2010,UNKNOWN,PASSENGER,PERSONAL,S,PARKED,,,0,,,,,Y,,,,Y,Y,Y,Y,Y,Y,Y,Y,,REAR,,,,,,,,,,,,,,,,,,,,,,,,,,,,,,,,,
2124345,9b195250cedb91cd9a4e83c5291b97baa9dd2d4e6b5fa32fa00abd9ac1c1c075f11c5e5a64178541f339072fa9df16e4e38f6b4346eee45149f9a213d5b5b567,08/08/2025 08:00:00 AM,1,DRIVER,,2025135,,UNKNOWN,MOTORIZED,,,NONE,PASSENGER,UNKNOWN/NA,S,STRAIGHT AHEAD,,,1,,,,,Y,,,,,,,,,,Y,Y,,FRONT,,,,,,,,,,,,,,,,,,,,,,,,,,,,,,,,,
2124346,9b195250cedb91cd9a4e83c5291b97baa9dd2d4e6b5fa32fa00abd9ac1c1c075f11c5e5a64178541f339072fa9df16e4e38f6b4346eee45149f9a213d5b5b567,08/08/2025 08:00:00 AM,2,DRIVER,,2025143,,HONDA,ACCORD,IL,2021,NONE,PASSENGER,PERSONAL,E,TURNING LEFT,,,1,,,,,Y,,,,,,,,,Y,Y,Y,,FRONT-LEFT-CORNER,,,,,,,,,,,,,,,,,,,,,,,,,,,,,,,,,
2128489,e0b6d30527f46b0e607540a259145dd4f8c16e545fa82da126c3b64fbebf586b1736e3ec95ec91f8f84ae58ad910ea3133924aab2ada462c5db1c05614061ebc,08/08/2025 08:00:00 AM,1,DRIVER,,2029077,,UNKNOWN,MOTORIZED,,,UNKNOWN,UNKNOWN/NA,UNKNOWN/NA,UNKNOWN,UNKNOWN/NA,,,1,,,,,,,,,,,,,,,,,,UNKNOWN,,,,,,,,,,,,,,,,,,,,,,,,,,,,,,,,,
2128490,e0b6d30527f46b0e607540a259145dd4f8c16e545fa82da126c3b64fbebf586b1736e3ec95ec91f8f84ae58ad910ea3133924aab2ada462c5db1c05614061ebc,08/08/2025 08:00:00 AM,2,PARKED,,2029078,,HONDA,CIVIC,IL,2025,NONE,PASSENGER,PERSONAL,N,PARKED,,,0,,,,,,,,,,,,,,Y,,,,SIDE-LEFT,,,,,,,,,,,,,,,,,,,,,,,,,,,,,,,,,
2123982,2b2fb06839b677029c27c4b30d9b021ad4e555d33097fbe7e6a0ab52feaf7a0073f09a8ce715b6879bbb7c81c9fdfc058e22f453687f0f7d7350d5191b79f042,08/08/2025 07:57:00 AM,1,DRIVER,,2024817,,DODGE,RAM 1500 PU,WI,2021,NONE,PICKUP,PERSONAL,SE,TURNING LEFT,Y,,1,,CPD,,,Y,Y,,,,,,,,Y,Y,Y,,FRONT-LEFT-CORNER,,,,,,,,,,,,,,,,,,,,,,,,,,,,,,,,,
2123983,2b2fb06839b677029c27c4b30d9b021ad4e555d33097fbe7e6a0ab52feaf7a0073f09a8ce715b6879bbb7c81c9fdfc058e22f453687f0f7d7350d5191b79f042,08/08/2025 07:57:00 AM,2,DRIVER,,2024821,,VOLKSWAGEN,JETTA,IL,2012,NONE,PASSENGER,PERSONAL,NW,STRAIGHT AHEAD,Y,,1,,CPD,,,Y,,,,,,,,,Y,Y,Y,,SIDE-LEFT-FRONT,,,,,,,,,,,,,,,,,,,,,,,,,,,,,,,,,
2126264,61dc22791f58ddf89df97ab64687aed64f628b583862b77ac614a709565985751d9c764043fa49940cc8f565cfb3b5dffce5d94d3e263d7392401dbe6640606c,08/08/2025 07:50:00 AM,1,DRIVER,,2026955,,HONDA,HR-V,IL,2022,UNKNOWN,UNKNOWN/NA,UNKNOWN/NA,E,STRAIGHT AHEAD,,,1,,,,,,,,,,,,,,,,,Y,UNKNOWN,,,,,,,,,,,,,,,,,,,,,,,,,,,,,,,,,
2126265,61dc22791f58ddf89df97ab64687aed64f628b583862b77ac614a709565985751d9c764043fa49940cc8f565cfb3b5dffce5d94d3e263d7392401dbe6640606c,08/08/2025 07:50:00 AM,2,DRIVER,,2026956,,CHEVROLET,MALIBU,IL,2017,NONE,PASSENGER,PERSONAL,S,STRAIGHT AHEAD,,,1,,,,,,,,Y,Y,,,,,,,,,REAR-RIGHT-CORNER,,,,,,,,,,,,,,,,,,,,,,,,,,,,,,,,,
2123951,6341b38c30ba59fecbde68437467effbb53e72f98761b98fcae94274a737888ae68a1f9aaaecba25155bae1445e18de4a9d36f0f4a51af3c674a46cc2f28d035,08/08/2025 07:50:00 AM,1,DRIVER,,2024782,,UNKNOWN,OTHER (EXPLAIN IN NARRATIVE),IL,2000,UNKNOWN,VAN/MINI-VAN,UNKNOWN/NA,W,OTHER,,,1,,,,,,,,,,,,,,,,,Y,UNKNOWN,,,,,,,,,,,,,,,,,,,,,,,,,,,,,,,,,
2123952,6341b38c30ba59fecbde68437467effbb53e72f98761b98fcae94274a737888ae68a1f9aaaecba25155bae1445e18de4a9d36f0f4a51af3c674a46cc2f28d035,08/08/2025 07:50:00 AM,2,DRIVER,,2024784,,HONDA,OTHER (EXPLAIN IN NARRATIVE),IL,2021,NONE,PASSENGER,PERSONAL,W,STRAIGHT AHEAD,,,1,,,,,,,,,,,,,,,Y,,,FRONT-LEFT-CORNER,,,,,,,,,,,,,,,,,,,,,,,,,,,,,,,,,
2123953,bb4dd68629670953c4b50c4bb4ded6af72bcdea2f98d2aad1f26c8d9617a716034beaf7818a72fd6ff60e9e551fd07e6172d1e5adfd4372466fd54661f70330f,08/08/2025 07:40:00 AM,1,DRIVER,,2024785,,HONDA,CIVIC,IL,2009,UNKNOWN,PASSENGER,PERSONAL,E,TURNING LEFT,,,1,,,,Y,,,,,,,,,,,,,,FRONT,,,,,,,,,,,,,,,,,,,,,,,,,,,,,,,,,
2123954,bb4dd68629670953c4b50c4bb4ded6af72bcdea2f98d2aad1f26c8d9617a716034beaf7818a72fd6ff60e9e551fd07e6172d1e5adfd4372466fd54661f70330f,08/08/2025 07:40:00 AM,2,BICYCLE,,,,,,,,,,,,,,,,,,,,,,,,,,,,,,,,,,,,,,,,,,,,,,,,,,,,,,,,,,,,,,,,,,
2123990,980f9ae1a6465e3c5cf5a94dd2649604455897c4db951aa5ec2e5269fd28672f440ceefc2754fbc254f60ba5507b347d9003c6d1ad765d91f2f9b78f4210a46b,08/08/2025 07:38:00 AM,1,DRIVER,,2024820,,CHEVROLET,CRUZE,IL,2011,UNKNOWN,PASSENGER,OTHER,W,STRAIGHT AHEAD,Y,,1,,CPD,103RD AND DOTY,,Y,Y,,,,,,,,Y,Y,Y,,FRONT,,,,,,,,,,,,,,,,,,,,,,,,,,,,,,,,,
2123947,6994958a9ae4b69f5cff384f4556af9efb3e23ed36c86d7d6a4e78e9c49919f66eebc276ea039e4cd4cfea8a78983f17f49f745767cd12904de1887a41cb5cbb,08/08/2025 07:37:00 AM,1,DRIVER,,2024776,,TOYOTA,COROLLA,IL,,UNKNOWN,UNKNOWN/NA,UNKNOWN/NA,E,UNKNOWN/NA,Y,,1,,OWNER,REPAIR,,Y,Y,,,,,,,,,,,,SIDE-RIGHT-FRONT,,,,,,,,,,,,,,,,,,,,,,,,,,,,,,,,,
2123948,6994958a9ae4b69f5cff384f4556af9efb3e23ed36c86d7d6a4e78e9c49919f66eebc276ea039e4cd4cfea8a78983f17f49f745767cd12904de1887a41cb5cbb,08/08/2025 07:37:00 AM,2,PARKED,,2024778,,NISSAN,ROGUE,IL,2016,NONE,SPORT UTILITY VEHICLE (SUV),NOT IN USE,E,PARKED,,,0,,,,,,,Y,,,Y,Y,,,,,,,REAR-LEFT-CORNER,,,,,,,,,,,,,,,,,,,,,,,,,,,,,,,,,
2123949,88e22b63371fb2486391f8b14955d5689464157f5f92c64a7c8ea3fde34c940aa3301874888540ca19f4c02ed62477d56429feb73c4dd73e99dfed799ff74b44,08/08/2025 07:20:00 AM,1,DRIVER,,2024780,,(UNLISTED CONSTRUCTION EQUIPMENT MAKE),(UNLISTED CONSTRUCTION EQUIPMENT MAKE),,,NONE,OTHER,CONSTRUCTION/MAINTENANCE,W,BACKING,,,1,,,,,,,,,,Y,,,,,,,,REAR,,,,,,,,,,,,,,,,,,,,,,,,,,,,,,,,,
2123950,88e22b63371fb2486391f8b14955d5689464157f5f92c64a7c8ea3fde34c940aa3301874888540ca19f4c02ed62477d56429feb73c4dd73e99dfed799ff74b44,08/08/2025 07:20:00 AM,2,PARKED,,2024781,,TOYOTA,COROLLA,IL,2022,NONE,SPORT UTILITY VEHICLE (SUV),NOT IN USE,E,PARKED,,,0,,,,,,,,,,,,,,,Y,Y,,FRONT,,,,,,,,,,,,,,,,,,,,,,,,,,,,,,,,,
2123958,56b2c1fde7218f344055aa832c80d6de4b7f625b85489df3ffe9ea91f1b86ebfabdb04e0b26fb0831f5146624ff78dd532e20f43546bb289ccf958d59acd6054,08/08/2025 07:10:00 AM,1,DRIVER,,2024786,,CHEVROLET,TRAX,IL,2020,UNKNOWN,PASSENGER,PERSONAL,N,STRAIGHT AHEAD,,,1,,,,,Y,,,,,,,,,,,Y,,FRONT-RIGHT-CORNER,,,,,,,,,,,,,,,,,,,,,,,,,,,,,,,,,
2123959,56b2c1fde7218f344055aa832c80d6de4b7f625b85489df3ffe9ea91f1b86ebfabdb04e0b26fb0831f5146624ff78dd532e20f43546bb289ccf958d59acd6054,08/08/2025 07:10:00 AM,2,DRIVER,,2024792,,CHEVROLET,TRAIL BLAZER,IL,2024,NONE,PASSENGER,PERSONAL,N,SLOW/STOP IN TRAFFIC,,,1,,,,,,,,,,Y,Y,,,,,,,REAR,,,,,,,,,,,,,,,,,,,,,,,,,,,,,,,,,
2123960,d49f0039fd75d5bb1d6783d7776ea37fddb394b2028e01faaabcd6859866253abf1f7c5aef224b90358262fe532c5111468bc22f09c9415402e49e38e3dd5e9a,08/08/2025 07:07:00 AM,1,DRIVER,,2024791,,NISSAN,ROGUE,IL,2018,UNKNOWN,PASSENGER,PERSONAL,E,STRAIGHT AHEAD,,,1,,,,,Y,,,,,,,,,,Y,Y,,FRONT-LEFT-CORNER,,,,,,,,,,,,,,,,,,,,,,,,,,,,,,,,,
2123961,d49f0039fd75d5bb1d6783d7776ea37fddb394b2028e01faaabcd6859866253abf1f7c5aef224b90358262fe532c5111468bc22f09c9415402e49e38e3dd5e9a,08/08/2025 07:07:00 AM,2,DRIVER,,2024798,,MAZDA,CX-7,IL,2011,UNKNOWN,PASSENGER,PERSONAL,E,STRAIGHT AHEAD,,,1,,,,,,,Y,Y,Y,Y,Y,,,,,,,NONE,,,,,,,,,,,,,,,,,,,,,,,,,,,,,,,,,
2126752,876c6e7bc19c4491321dd0f7aacf25c613f31457a14244e32e29d07ec5aeaf28324f8ad6e5ada95305487b976d3d8eeb4fc81fd8b2ea548747f70e9c393dad17,08/08/2025 07:03:00 AM,1,DRIVER,1,2027431,,NISSAN,ALTIMA,IL,2019,UNKNOWN,PASSENGER,PERSONAL,E,STRAIGHT AHEAD,Y,,2,,PERSONAL TOW COMPANY,,,,,,,,,,,,Y,Y,,,FRONT-LEFT-CORNER,,,,,,,,,,,,,,,,,,,,,,,,,,,,,,,,,
2126753,876c6e7bc19c4491321dd0f7aacf25c613f31457a14244e32e29d07ec5aeaf28324f8ad6e5ada95305487b976d3d8eeb4fc81fd8b2ea548747f70e9c393dad17,08/08/2025 07:03:00 AM,2,PARKED,,2027435,,HONDA,CR-V,IL,2014,UNKNOWN,PASSENGER,PERSONAL,S,PARKED,,,0,,,,,,,Y,Y,,,,,,,,,,SIDE-RIGHT-REAR,,,,,,,,,,,,,,,,,,,,,,,,,,,,,,,,,
2124397,2e73fad8e3249546e940c3bda28132a06f31075d3e36d40dcf5d15ca5b3d6365e1909add8770ff9b4e8167348e12e4ff6f808dfd19e14858e8c14bf5d186751a,08/08/2025 06:54:00 AM,1,DRIVER,,2025194,,UNKNOWN,ENCLOSED BODY,,,UNKNOWN,OTHER,CONSTRUCTION/MAINTENANCE,S,STRAIGHT AHEAD,,,1,,,,,,,,,,,,,,,,,,UNKNOWN,,,,,,,,,,,,,,,,,,,,,,,,,,,,,,,,,
2124398,2e73fad8e3249546e940c3bda28132a06f31075d3e36d40dcf5d15ca5b3d6365e1909add8770ff9b4e8167348e12e4ff6f808dfd19e14858e8c14bf5d186751a,08/08/2025 06:54:00 AM,2,DRIVER,,2025196,,BMW,X5,AL,2023,UNKNOWN,SPORT UTILITY VEHICLE (SUV),PERSONAL,S,STRAIGHT AHEAD,,,1,,,,,,Y,,Y,,,,,,,,,,SIDE-RIGHT,,,,,,,,,,,,,,,,,,,,,,,,,,,,,,,,,
2123942,37652285d0d5ab1770898d4c36d5114f21f342f302e931a63d21f43f6aaf46347383c59b06d6c40ad4203cec9afd784f4e9b025b290d27ffff80e58116ffbb26,08/08/2025 06:30:00 AM,1,DRIVER,,2024788,,HYUNDAI,ELANTRA,IL,2018,NONE,PASSENGER,UNKNOWN/NA,N,STRAIGHT AHEAD,Y,,1,,city,,,Y,,,,,,,,,,Y,Y,,FRONT,,,,,,,,,,,,,,,,,,,,,,,,,,,,,,,,,
2124479,9328d63b8bd26cc54e50def08c441455692c830eb38bb95edd0ea45a9555e9bdc9a15ec3c14754d152faff75b815c9f4374085683a29c00f46d115be139e423e,08/08/2025 06:10:00 AM,1,DRIVER,,2025273,,UNKNOWN,MOTORIZED,IL,,UNKNOWN,UNKNOWN/NA,UNKNOWN/NA,UNKNOWN,UNKNOWN/NA,,,1,,,,,,,,,,,,,,,,,Y,UNKNOWN,,,,,,,,,,,,,,,,,,,,,,,,,,,,,,,,,
2124480,9328d63b8bd26cc54e50def08c441455692c830eb38bb95edd0ea45a9555e9bdc9a15ec3c14754d152faff75b815c9f4374085683a29c00f46d115be139e423e,08/08/2025 06:10:00 AM,2,PARKED,,2025270,,FORD,EXPLORER,IL,2013,UNKNOWN,PASSENGER,PERSONAL,W,PARKED,,,0,,,,,,,,,,,Y,,,,,,,REAR-LEFT-CORNER,,,,,,,,,,,,,,,,,,,,,,,,,,,,,,,,,
2123931,afbd2e34953229e7f941bc073eb874d5472188e3d836a981af4ba1749ea2dfaffa1cbc55e2d0ae84850d0f6ed9036ef161ea67c7d5f92dd1c0d190d76ca9daae,08/08/2025 05:44:00 AM,1,DRIVER,,2024763,,MERCURY,OTHER (EXPLAIN IN NARRATIVE),WI,2006,NONE,SPORT UTILITY VEHICLE (SUV),PERSONAL,N,STRAIGHT AHEAD,,,1,,,,Y,,,,,,,,,,,,,,FRONT,,,,,,,,,,,,,,,,,,,,,,,,,,,,,,,,,
2123932,afbd2e34953229e7f941bc073eb874d5472188e3d836a981af4ba1749ea2dfaffa1cbc55e2d0ae84850d0f6ed9036ef161ea67c7d5f92dd1c0d190d76ca9daae,08/08/2025 05:44:00 AM,2,DRIVER,,2024764,,FORD,OTHER (EXPLAIN IN NARRATIVE),IL,2024,NONE,SPORT UTILITY VEHICLE (SUV),OTHER,N,OTHER,,,1,,,,,,,,,,Y,,,,,,,,REAR,,,,,,,,,,,,,,,,,,,,,,,,,,,,,,,,,
2123991,28c578cd26070b96995c574ae50ce739b89e7c8a2c40258f39ea360cf4a58651099f3a1345a8ed749fdf479fae76d8a7b72e7e161e1c97e807ec85869335b4ba,08/08/2025 05:40:00 AM,1,DRIVER,,2024825,,JEEP,GRAND CHEROKEE,IL,2007,UNKNOWN,PASSENGER,PERSONAL,N,STRAIGHT AHEAD,,,1,,,,,,,,,,,,,Y,Y,Y,,,SIDE-LEFT,,,,,,,,,,,,,,,,,,,,,,,,,,,,,,,,,
2123992,28c578cd26070b96995c574ae50ce739b89e7c8a2c40258f39ea360cf4a58651099f3a1345a8ed749fdf479fae76d8a7b72e7e161e1c97e807ec85869335b4ba,08/08/2025 05:40:00 AM,2,DRIVER,,2024831,,FORD,EXPLORER,,2010,UNKNOWN,PASSENGER,PERSONAL,S,TURNING LEFT,,,1,,,,,Y,,,,,,,,,,Y,Y,,FRONT,,,,,,,,,,,,,,,,,,,,,,,,,,,,,,,,,
2125191,461333f295684a6bcffb67821a142b293c085469128dd1077d22ea3a0595324c28793879c5b42eca2733243d5ec035fe50fc4c5bda2258893f847465ae2fbb6e,08/08/2025 05:40:00 AM,1,DRIVER,,2025953,,DODGE,DURANGO,WI,,UNKNOWN,VAN/MINI-VAN,PERSONAL,S,LEAVING TRAFFIC LANE TO PARK,,,1,,,,,Y,Y,,,,,,,,,,,,FRONT-RIGHT-CORNER,,,,,,,,,,,,,,,,,,,,,,,,,,,,,,,,,
2125192,461333f295684a6bcffb67821a142b293c085469128dd1077d22ea3a0595324c28793879c5b42eca2733243d5ec035fe50fc4c5bda2258893f847465ae2fbb6e,08/08/2025 05:40:00 AM,2,PARKED,,2025954,,INFINITI,OTHER (EXPLAIN IN NARRATIVE),,,UNKNOWN,VAN/MINI-VAN,PERSONAL,S,PARKED,,,0,,,,,,,,,,,,,,Y,,,,SIDE-LEFT-FRONT,,,,,,,,,,,,,,,,,,,,,,,,,,,,,,,,,
2123933,b9f8c5767d215d056ab80fe01a7d7967936c1cfeaaead1f794de7e3a8ba5ee046ee4062d160ea74e1d6fc6dba98e2f2843a6e7d2a6e41058af164ad512a8a217,08/08/2025 05:37:00 AM,1,DRIVER,,2024765,,CHEVROLET,CRUZE,IL,2019,UNKNOWN,PASSENGER,PERSONAL,W,STRAIGHT AHEAD,Y,,1,,private tow,,,Y,,,,,,,,,,Y,Y,,FRONT,,,,,,,,,,,,,,,,,,,,,,,,,,,,,,,,,
2123934,b9f8c5767d215d056ab80fe01a7d7967936c1cfeaaead1f794de7e3a8ba5ee046ee4062d160ea74e1d6fc6dba98e2f2843a6e7d2a6e41058af164ad512a8a217,08/08/2025 05:37:00 AM,2,DRIVER,,2024766,,HYUNDAI,GENESIS,IL,2015,UNKNOWN,PASSENGER,PERSONAL,S,UNKNOWN/NA,Y,,1,,private tow,,,Y,,,,,,,,,Y,Y,Y,,SIDE-LEFT-FRONT,,,,,,,,,,,,,,,,,,,,,,,,,,,,,,,,,
2123935,b9f8c5767d215d056ab80fe01a7d7967936c1cfeaaead1f794de7e3a8ba5ee046ee4062d160ea74e1d6fc6dba98e2f2843a6e7d2a6e41058af164ad512a8a217,08/08/2025 05:37:00 AM,3,PARKED,,2024767,,FORD,EXPLORER,IL,2013,UNKNOWN,PASSENGER,PERSONAL,S,PARKED,,,0,,,,,Y,,,,Y,Y,Y,,,,Y,Y,,REAR,,,,,,,,,,,,,,,,,,,,,,,,,,,,,,,,,
2123936,b9f8c5767d215d056ab80fe01a7d7967936c1cfeaaead1f794de7e3a8ba5ee046ee4062d160ea74e1d6fc6dba98e2f2843a6e7d2a6e41058af164ad512a8a217,08/08/2025 05:37:00 AM,4,PARKED,,2024768,,GENERAL MOTORS CORPORATION (GMC),TERRAIN,IL,2018,UNKNOWN,PASSENGER,PERSONAL,S,PARKED,,,0,,,,,,,,,Y,Y,Y,,,,,,,REAR,,,,,,,,,,,,,,,,,,,,,,,,,,,,,,,,,
2123925,68ecbe654f0c53daba64ec6c8f896695e47b03db7e57d2d4e658de68dec083093589c05e6c6b4eed37354dd63d190d4f7ca5fbb4beb95508c7f4132f9844f36b,08/08/2025 04:45:00 AM,1,DRIVER,1,2024755,,CHEVROLET,TRAVERSE,IL,2013,UNKNOWN,PASSENGER,PERSONAL,S,TURNING LEFT,Y,,2,,CITY TOW,AUTO POUND 3S,,Y,Y,,,,,,,,,,,,FRONT-RIGHT-CORNER,,,,,,,,,,,,,,,,,,,,,,,,,,,,,,,,,
2123926,68ecbe654f0c53daba64ec6c8f896695e47b03db7e57d2d4e658de68dec083093589c05e6c6b4eed37354dd63d190d4f7ca5fbb4beb95508c7f4132f9844f36b,08/08/2025 04:45:00 AM,2,DRIVER,,2024762,,BUICK,ENCLAVE,IL,2011,UNKNOWN,PASSENGER,PERSONAL,N,STRAIGHT AHEAD,Y,,1,,PRIVATE TOW,PRIVATE LOCATION,,Y,,,,,,,,,,Y,Y,,FRONT,,,,,,,,,,,,,,,,,,,,,,,,,,,,,,,,,
2123955,8ff8d86d9b23579aa4f9094176f19eebf0ec302b80ce0aae64ae1973682f6ac856f9c25bd7452f364ceb4d1b23b941c78fa16796303efdc6a35b27e8342a47d4,08/08/2025 04:40:00 AM,1,DRIVER,,2024796,,HONDA,ACCORD,AL,2006,UNKNOWN,PASSENGER,PERSONAL,N,STRAIGHT AHEAD,Y,,1,,City of Chicago,Auto PD #2 Doty Rd,,Y,Y,Y,,,,,,Y,Y,Y,Y,,FRONT,,,,,,,,,,,,,,,,,,,,,,,,,,,,,,,,,