CRASH_UNIT_ID,CRASH_RECORD_ID,CRASH_DATE,UNIT_NO,UNIT_TYPE,NUM_PASSENGERS,VEHICLE_ID,CMRC_VEH_I,MAKE,MODEL,LIC_PLATE_STATE,VEHICLE_YEAR,VEHICLE_DEFECT,VEHICLE_TYPE,VEHICLE_USE,TRAVEL_DIRECTION,MANEUVER,TOWED_I,FIRE_I,OCCUPANT_CNT,EXCEED_SPEED_LIMIT_I,TOWED_BY,TOWED_TO,AREA_00_I,AREA_01_I,AREA_02_I,AREA_03_I,AREA_04_I,AREA_05_I,AREA_06_I,AREA_07_I,AREA_08_I,AREA_09_I,AREA_10_I,AREA_11_I,AREA_12_I,AREA_99_I,FIRST_CONTACT_POINT,CMV_ID,USDOT_NO,CCMC_NO,ILCC_NO,COMMERCIAL_SRC,GVWR,CARRIER_NAME,CARRIER_STATE,CARRIER_CITY,HAZMAT_PLACARDS_I,HAZMAT_NAME,UN_NO,HAZMAT_PRESENT_I,HAZMAT_REPORT_I,HAZMAT_REPORT_NO,MCS_REPORT_I,MCS_REPORT_NO,HAZMAT_VIO_CAUSE_CRASH_I,MCS_VIO_CAUSE_CRASH_I,IDOT_PERMIT_NO,WIDE_LOAD_I,TRAILER1_WIDTH,TRAILER2_WIDTH,TRAILER1_LENGTH,TRAILER2_LENGTH,TOTAL_VEHICLE_LENGTH,AXLE_CNT,VEHICLE_CONFIG,CARGO_BODY_TYPE,LOAD_TYPE,HAZMAT_OUT_OF_SERVICE_I,MCS_OUT_OF_SERVICE_I,HAZMAT_CLASS
2124700,527a23cb5393751d9f15da598a2f0cf4b16318fe6a8b19ea1b3591b1adc5f16e838ed692aa48e3b2653d0173f415d3e2105679fed2a80b5c9b905a22bf62ccd7,08/08/2025 04:00:00 AM,1,DRIVER,,2025484,,UNKNOWN,OTHER (EXPLAIN IN NARRATIVE),,,UNKNOWN,UNKNOWN/NA,UNKNOWN/NA,E,STRAIGHT AHEAD,,,1,,,,,,,,,,,,,,,,,Y,UNKNOWN,,,,,,,,,,,,,,,,,,,,,,,,,,,,,,,,,
2124701,527a23cb5393751d9f15da598a2f0cf4b16318fe6a8b19ea1b3591b1adc5f16e838ed692aa48e3b2653d0173f415d3e2105679fed2a80b5c9b905a22bf62ccd7,08/08/2025 04:00:00 AM,2,PARKED,,2025486,,NISSAN,VERSA,WI,2024,NONE,PASSENGER,PERSONAL,E,PARKED,,,0,,,,,,,,,,,,,,,Y,,,FRONT-LEFT-CORNER,,,,,,,,,,,,,,,,,,,,,,,,,,,,,,,,,
2123919,b5ff957598de967fd224762d5fe102db7e2f099a5718847c8049e6924cb3ecb9c37c12f374557219610256407a213a90fa26d16fa6257460148b50acef9d51aa,08/08/2025 03:32:00 AM,1,DRIVER,,2024752,,JEEP,GRAND CHEROKEE,IL,2014,UNKNOWN,PASSENGER,UNKNOWN/NA,W,STRAIGHT AHEAD,Y,,1,,,,,Y,Y,Y,,,,,,Y,Y,Y,Y,,FRONT,,,,,,,,,,,,,,,,,,,,,,,,,,,,,,,,,
2123920,b5ff957598de967fd224762d5fe102db7e2f099a5718847c8049e6924cb3ecb9c37c12f374557219610256407a213a90fa26d16fa6257460148b50acef9d51aa,08/08/2025 03:32:00 AM,2,DRIVER,,2024754,,FORD,FOCUS,IL,2016,NONE,PASSENGER,PERSONAL,S,STRAIGHT AHEAD,Y,,1,,,,,Y,Y,Y,,,,,,Y,Y,Y,Y,,FRONT-LEFT-CORNER,,,,,,,,,,,,,,,,,,,,,,,,,,,,,,,,,
2123917,cc2068425e2a8c9a91bc0451e80b8ea30a5a6c074d230b1aae7ae3eb14f1ff73dc3d6f66948c23d1c91c76fbea108d04f437b1ca73af772cfd4f6e82c762a2fc,08/08/2025 03:23:00 AM,1,DRIVER,,2024750,,TOYOTA,RAV4,IL,2008,UNKNOWN,PASSENGER,PERSONAL,E,STRAIGHT AHEAD,,,1,,,,,,,,,,,,,Y,Y,Y,,,SIDE-LEFT,,,,,,,,,,,,,,,,,,,,,,,,,,,,,,,,,
2123918,cc2068425e2a8c9a91bc0451e80b8ea30a5a6c074d230b1aae7ae3eb14f1ff73dc3d6f66948c23d1c91c76fbea108d04f437b1ca73af772cfd4f6e82c762a2fc,08/08/2025 03:23:00 AM,2,DRIVER,,2024751,,TOYOTA,PRIUS,IL,2014,UNKNOWN,PASSENGER,PERSONAL,S,STRAIGHT AHEAD,,,1,,,,,,,,,,,,,,,Y,Y,,FRONT,,,,,,,,,,,,,,,,,,,,,,,,,,,,,,,,,
2123913,2362e686750bf6ea7cb3fdc7a5684e3013f8150dd5f0d48cfc486fe3924ce488ce58b7f6b9f94a98bdd90656a9ee261079632bdc73c5b63e1e407f11a829f5e4,08/08/2025 03:11:00 AM,1,DRIVER,,2024744,,LAND ROVER,DISCOVERY,IL,2017,UNKNOWN,SPORT UTILITY VEHICLE (SUV),PERSONAL,S,UNKNOWN/NA,,,1,,,,,,,,,,,,,,,,,Y,UNKNOWN,,,,,,,,,,,,,,,,,,,,,,,,,,,,,,,,,
2123914,2362e686750bf6ea7cb3fdc7a5684e3013f8150dd5f0d48cfc486fe3924ce488ce58b7f6b9f94a98bdd90656a9ee261079632bdc73c5b63e1e407f11a829f5e4,08/08/2025 03:11:00 AM,2,PARKED,,2024746,,CADILLAC,ESCALADE,IL,2003,UNKNOWN,SPORT UTILITY VEHICLE (SUV),PERSONAL,S,PARKED,,,0,,,,,,,,,Y,Y,Y,,,,,Y,,UNKNOWN,,,,,,,,,,,,,,,,,,,,,,,,,,,,,,,,,
2123915,2362e686750bf6ea7cb3fdc7a5684e3013f8150dd5f0d48cfc486fe3924ce488ce58b7f6b9f94a98bdd90656a9ee261079632bdc73c5b63e1e407f11a829f5e4,08/08/2025 03:11:00 AM,3,PARKED,,2024747,,HONDA,ACCORD,IL,2000,UNKNOWN,PASSENGER,PERSONAL,S,PARKED,,,0,,,,,,,,,Y,Y,Y,,,,,,,REAR,,,,,,,,,,,,,,,,,,,,,,,,,,,,,,,,,
2124019,0d75b6cda72786b7a471b61cc61359744347c43de567229a1eba117c8b1f66365ac4c191b6026ea52d60fe8db6656ee07713b5104783b30bb843d5c419c7fa34,08/08/2025 03:00:00 AM,1,DRIVER,,2024849,,UNKNOWN,OTHER (EXPLAIN IN NARRATIVE),IL,,UNKNOWN,UNKNOWN/NA,UNKNOWN/NA,UNKNOWN,UNKNOWN/NA,,,1,,,,,,,,,,,,,,,,,Y,UNDER CARRIAGE,,,,,,,,,,,,,,,,,,,,,,,,,,,,,,,,,
2124020,0d75b6cda72786b7a471b61cc61359744347c43de567229a1eba117c8b1f66365ac4c191b6026ea52d60fe8db6656ee07713b5104783b30bb843d5c419c7fa34,08/08/2025 03:00:00 AM,2,PARKED,,2024856,,CHEVROLET,IMPALA,IL,2017,UNKNOWN,PASSENGER,PERSONAL,E,PARKED,,,0,,,,,,,,,,,,Y,Y,Y,,,,SIDE-LEFT,,,,,,,,,,,,,,,,,,,,,,,,,,,,,,,,,
2123911,db16999dffc57bc8fb34dd552f6dc47596a1353ca01ea8e775b88b11c8b7ad75d1703f825966256c7fc4f66ed2cd07a16d0786ab51a3dda9bf1dc67d3f130c1e,08/08/2025 02:55:00 AM,1,DRIVER,,2024742,,BMW,X3,IL,2015,UNKNOWN,SPORT UTILITY VEHICLE (SUV),UNKNOWN/NA,E,STRAIGHT AHEAD,Y,,1,,,,,Y,,,,,,,,,,Y,Y,,FRONT,,,,,,,,,,,,,,,,,,,,,,,,,,,,,,,,,
2123912,db16999dffc57bc8fb34dd552f6dc47596a1353ca01ea8e775b88b11c8b7ad75d1703f825966256c7fc4f66ed2cd07a16d0786ab51a3dda9bf1dc67d3f130c1e,08/08/2025 02:55:00 AM,2,DRIVER,,2024745,,TOYOTA,COROLLA,IL,2004,UNKNOWN,PASSENGER,UNKNOWN/NA,S,STRAIGHT AHEAD,,,1,,,,,Y,,,,,,,,,,Y,Y,,FRONT,,,,,,,,,,,,,,,,,,,,,,,,,,,,,,,,,
2123916,4988e6a39945a0dbf0940e99451a66a19dcd05b69faab74eca883ef7af971e454ccf65048eb7614aa1966865c2bac0b8c6f2d317b2d5b72b949f9505ce6dd7de,08/08/2025 02:29:00 AM,1,DRIVER,,2024749,,CHEVROLET,MALIBU,IL,2014,UNKNOWN,UNKNOWN/NA,UNKNOWN/NA,UNKNOWN,UNKNOWN/NA,Y,,1,,,,,Y,,,,,,,,,Y,Y,Y,,FRONT,,,,,,,,,,,,,,,,,,,,,,,,,,,,,,,,,
2123909,8dbcf95409883d7a5f2ecb7b4dc64c0900456879b8547727c7b7e627c532ede6f188fb309803bfba2b34eba578a947d98ca39c049312bc890b1072babd5e7b1a,08/08/2025 01:48:00 AM,1,DRIVER,,2024740,,HYUNDAI,TUCSON,IL,2023,UNKNOWN,PASSENGER,PERSONAL,N,TURNING LEFT,Y,,1,,private tow,4330 s indiana ave.,,,,,,,Y,Y,,,,,,,REAR,,,,,,,,,,,,,,,,,,,,,,,,,,,,,,,,,
2123910,8dbcf95409883d7a5f2ecb7b4dc64c0900456879b8547727c7b7e627c532ede6f188fb309803bfba2b34eba578a947d98ca39c049312bc890b1072babd5e7b1a,08/08/2025 01:48:00 AM,2,DRIVER,,2024741,,DODGE,CHARGER,IL,2008,UNKNOWN,PASSENGER,PERSONAL,N,STRAIGHT AHEAD,Y,,1,,private tow,3935 s talman ave.,,Y,Y,,,,,,,,,,N,,FRONT-RIGHT-CORNER,,,,,,,,,,,,,,,,,,,,,,,,,,,,,,,,,
2123905,6cf43c6bc4cc1ef762a035746f030a9c50be97ee84b92cf335abeb0d763b022a85869b0458f7af43693d78bdb0e94b6ad131b01c4018ad8ecb2097d4e5f0cd18,08/08/2025 01:34:00 AM,1,DRIVER,1,2024736,,VOLKSWAGEN,PASSAT,IL,2020,UNKNOWN,PASSENGER,PERSONAL,E,TURNING LEFT,,,2,,,,,Y,,,,,,,,,,Y,Y,,FRONT-LEFT-CORNER,,,,,,,,,,,,,,,,,,,,,,,,,,,,,,,,,
2123906,6cf43c6bc4cc1ef762a035746f030a9c50be97ee84b92cf335abeb0d763b022a85869b0458f7af43693d78bdb0e94b6ad131b01c4018ad8ecb2097d4e5f0cd18,08/08/2025 01:34:00 AM,2,DRIVER,,2024738,N,FORD,F150,IL,2019,UNKNOWN,PASSENGER,PERSONAL,E,STRAIGHT AHEAD,,,1,,,,,N,Y,Y,Y,N,,,,,,,,,SIDE-RIGHT-REAR,,,,,,,,,,,,,,,,,,,,,,,,,,,,,,,,,
2123907,755ed6c7486930d39834dbb56b2a0a68ce4ecbda13347afbfe46d09f8aa01a8df655049efffadd418df1dba9fd96d5de1547c48c19cd173f1bc7d0e2fc39d83b,08/08/2025 01:30:00 AM,1,DRIVER,,2024739,,FORD,FOCUS,IL,2004,UNKNOWN,PASSENGER,PERSONAL,N,TURNING LEFT,,,1,,,,,,,,,,,,,Y,Y,Y,Y,,FRONT-LEFT-CORNER,,,,,,,,,,,,,,,,,,,,,,,,,,,,,,,,,
2123908,755ed6c7486930d39834dbb56b2a0a68ce4ecbda13347afbfe46d09f8aa01a8df655049efffadd418df1dba9fd96d5de1547c48c19cd173f1bc7d0e2fc39d83b,08/08/2025 01:30:00 AM,2,DRIVER,,2024743,,HONDA,CR-V,MA,2017,UNKNOWN,TRUCK - SINGLE UNIT,PERSONAL,S,STRAIGHT AHEAD,,,1,,,,,,,,,,,,,,Y,Y,Y,,FRONT,,,,,,,,,,,,,,,,,,,,,,,,,,,,,,,,,
2123945,bed782a3bec316c530987599f18e3a7d12e3c4e152be06fd4c25be61f95c3902a6c38db3f08ef9626a839d0f17392ef618c7069b5fd2c9c85677a90c4699bfd3,08/08/2025 01:00:00 AM,1,DRIVER,,2024779,,UNKNOWN,MOTORIZED,,,UNKNOWN,UNKNOWN/NA,UNKNOWN/NA,UNKNOWN,UNKNOWN/NA,N,,1,,,,,,,,,,,,,,,,,Y,UNKNOWN,,,,,,,,,,,,,,,,,,,,,,,,,,,,,,,,,
2123946,bed782a3bec316c530987599f18e3a7d12e3c4e152be06fd4c25be61f95c3902a6c38db3f08ef9626a839d0f17392ef618c7069b5fd2c9c85677a90c4699bfd3,08/08/2025 01:00:00 AM,2,PARKED,,2024783,,KIA,OPTIMA / K5,IN,,UNKNOWN,PASSENGER,NOT IN USE,NW,PARKED,Y,,0,,PRIVATE TOW,,,,,,,,,,Y,,Y,Y,Y,,UNKNOWN,,,,,,,,,,,,,,,,,,,,,,,,,,,,,,,,,
2124011,712b160e8cdc992313712cd61bc31d0c1cfbee171e06a1ee539a5754eecec3022981ed613515f1f8e4f19875dd68970072739d4cba2b217df2e75d9babe77658,08/08/2025 12:45:00 AM,1,DRIVER,,2024838,,UNKNOWN,MOTORIZED,,,UNKNOWN,PASSENGER,PERSONAL,S,SLOW/STOP IN TRAFFIC,,,1,,,,,Y,,,,,,,,,,,Y,,FRONT-RIGHT-CORNER,,,,,,,,,,,,,,,,,,,,,,,,,,,,,,,,,
2124012,712b160e8cdc992313712cd61bc31d0c1cfbee171e06a1ee539a5754eecec3022981ed613515f1f8e4f19875dd68970072739d4cba2b217df2e75d9babe77658,08/08/2025 12:45:00 AM,2,DRIVER,,2024843,,HYUNDAI,AZERA,IL,2016,NONE,PASSENGER,PERSONAL,S,SLOW/STOP IN TRAFFIC,,,1,,,,,,,,,,Y,Y,,,,,,,SIDE-LEFT-REAR,,,,,,,,,,,,,,,,,,,,,,,,,,,,,,,,,
2123894,bcaeaea126b86064798d00b537089efb3287d4c0cbb175c87a5921bb8dc4fc01db693a6acbeb4f48da350ce43bbf5683c17e50594cbbf144d091c9106fd1cf13,08/08/2025 12:12:00 AM,1,DRIVER,,2024724,,CHEVROLET,CRUZE,IL,2011,UNKNOWN,PASSENGER,UNKNOWN/NA,W,UNKNOWN/NA,Y,,1,,CITY OF CHICAGO,103RD AND DOTY,,,,,,,,,,,,,Y,,FRONT,,,,,,,,,,,,,,,,,,,,,,,,,,,,,,,,,
2123901,b33c813285337caa1b0bce6ae91214842189f112544a5ff55d54db65465de30452b4ee933afbff9e449373a4ba23e0eba471f443fdcedd23921b495ecf1a1df5,08/08/2025 12:10:00 AM,1,DRIVER,,2024732,,VOLKSWAGEN,PASSAT,IL,2018,NONE,PASSENGER,PERSONAL,E,STRAIGHT AHEAD,,,1,,,,,,,Y,,,,,,,,,,,SIDE-RIGHT,,,,,,,,,,,,,,,,,,,,,,,,,,,,,,,,,
2123902,b33c813285337caa1b0bce6ae91214842189f112544a5ff55d54db65465de30452b4ee933afbff9e449373a4ba23e0eba471f443fdcedd23921b495ecf1a1df5,08/08/2025 12:10:00 AM,2,DRIVER,,2024733,,BMW,325,IL,2002,NONE,PASSENGER,PERSONAL,E,STRAIGHT AHEAD,Y,,1,,INSURANCE TOW,,,,,,,,,,,,Y,Y,Y,,FRONT-LEFT-CORNER,,,,,,,,,,,,,,,,,,,,,,,,,,,,,,,,,
2123892,2588f2a942e5656649c64dee3341c303d1686b9178fbda3f8ca59d47a57779241b5148ad8071bc10433fb69ba28e76d7f59c5fe6e20bf1f8126d18fee4016138,08/08/2025 12:09:00 AM,1,DRIVER,,2024723,,UNKNOWN,OTHER (EXPLAIN IN NARRATIVE),IL,,UNKNOWN,MOPED OR MOTORIZED BICYCLE,UNKNOWN/NA,UNKNOWN,UNKNOWN/NA,,,1,,,,,,,,,,,,,,,,,,FRONT,,,,,,,,,,,,,,,,,,,,,,,,,,,,,,,,,
2123893,2588f2a942e5656649c64dee3341c303d1686b9178fbda3f8ca59d47a57779241b5148ad8071bc10433fb69ba28e76d7f59c5fe6e20bf1f8126d18fee4016138,08/08/2025 12:09:00 AM,2,DRIVER,,2024725,,JEEP,GRAND CHEROKEE,IL,2019,NONE,PASSENGER,PERSONAL,S,TURNING LEFT,,,1,,,,,,,,,,,,,,Y,Y,,,FRONT-LEFT-CORNER,,,,,,,,,,,,,,,,,,,,,,,,,,,,,,,,,
2123921,a7259cf39667c07c96e491b098c5454f10c6ad9903aa220059f6a71bbae9b15e5b4d3c7bff83a080ecea6bc013ac6a48b2f569f45565e0d9ff35d83f535f036f,08/08/2025 12:00:00 AM,1,DRIVER,1,2024753,,HONDA,PILOT,XX,,UNKNOWN,UNKNOWN/NA,UNKNOWN/NA,UNKNOWN,UNKNOWN/NA,,,2,,,,,,,,,,,,,,,,,Y,UNKNOWN,,,,,,,,,,,,,,,,,,,,,,,,,,,,,,,,,
2123922,a7259cf39667c07c96e491b098c5454f10c6ad9903aa220059f6a71bbae9b15e5b4d3c7bff83a080ecea6bc013ac6a48b2f569f45565e0d9ff35d83f535f036f,08/08/2025 12:00:00 AM,2,PEDESTRIAN,,,,,,,,,,,,,,,,,,,,,,,,,,,,,,,,,,,,,,,,,,,,,,,,,,,,,,,,,,,,,,,,,,
2124609,ca7a7ced8009ce0059bc14505c27dc11d0a5e73d31dd544589afb2822d32a97b35831fe61c9f06df923229b00908c4f3ff67429e0b0248bc40fc904a50ecb018,08/08/2025 12:00:00 AM,1,DRIVER,,2025396,,UNKNOWN,OTHER (EXPLAIN IN NARRATIVE),,,NONE,UNKNOWN/NA,PERSONAL,N,STRAIGHT AHEAD,,,1,,,,,,,,,,,,,,,,,Y,UNKNOWN,,,,,,,,,,,,,,,,,,,,,,,,,,,,,,,,,
2124610,ca7a7ced8009ce0059bc14505c27dc11d0a5e73d31dd544589afb2822d32a97b35831fe61c9f06df923229b00908c4f3ff67429e0b0248bc40fc904a50ecb018,08/08/2025 12:00:00 AM,2,PARKED,,2025395,,FORD,EDGE,IL,2023,NONE,SPORT UTILITY VEHICLE (SUV),PERSONAL,W,PARKED,,,0,,,,,,,,,,,,Y,Y,Y,Y,,,SIDE-LEFT,,,,,,,,,,,,,,,,,,,,,,,,,,,,,,,,,
2123895,20621188dfbd58bee8eb8ee179fc8a2e016cbbd1b6042fd26f25a5f941778df5b703d86b0104b14f344130121bdccdac937141accedb2b67470bb51e6cb81929,08/07/2025 11:45:00 PM,1,DRIVER,,2024726,,UNKNOWN,OTHER (EXPLAIN IN NARRATIVE),XX,,UNKNOWN,PASSENGER,UNKNOWN/NA,W,STRAIGHT AHEAD,,,1,,,,,Y,,,,,,,,,,Y,Y,,FRONT,,,,,,,,,,,,,,,,,,,,,,,,,,,,,,,,,
2123896,20621188dfbd58bee8eb8ee179fc8a2e016cbbd1b6042fd26f25a5f941778df5b703d86b0104b14f344130121bdccdac937141accedb2b67470bb51e6cb81929,08/07/2025 11:45:00 PM,2,DRIVER,2,2024729,,MAZDA,CX-5,IL,2018,UNKNOWN,SPORT UTILITY VEHICLE (SUV),RIDESHARE SERVICE,W,OTHER,,,3,,,,,,,Y,Y,Y,Y,Y,,,,,,,REAR-RIGHT-CORNER,,,,,,,,,,,,,,,,,,,,,,,,,,,,,,,,,
2123899,c0e633f20359011c2fdbd226b4cd219a73bc0a6639d10a058b06980ea9c608d7c86d60a0b281b270cb420ebd1d85421186eb071e9e553ae4069526ea25845d9b,08/07/2025 11:40:00 PM,1,DRIVER,2,2024730,,TOYOTA,RAV4,IL,2015,UNKNOWN,PASSENGER,TAXI/FOR HIRE,E,TURNING RIGHT,,,3,,,,,N,,,,,,,,,,N,Y,,FRONT,,,,,,,,,,,,,,,,,,,,,,,,,,,,,,,,,
2123900,c0e633f20359011c2fdbd226b4cd219a73bc0a6639d10a058b06980ea9c608d7c86d60a0b281b270cb420ebd1d85421186eb071e9e553ae4069526ea25845d9b,08/07/2025 11:40:00 PM,2,BICYCLE,,,,,,,,,,,,,,,,,,,,,,,,,,,,,,,,,,,,,,,,,,,,,,,,,,,,,,,,,,,,,,,,,,
2129411,05dbe297f08679d0ff16d59a93ebf4b33523702ea90e9baf6f50b83f5354ab3545f105ca24bec6b6b3a64075c3d71eb07e58f67f1fe90de95c6bb4f31350de24,08/07/2025 11:27:00 PM,1,BICYCLE,,,,,,,,,,,,,,,,,,,,,,,,,,,,,,,,,,,,,,,,,,,,,,,,,,,,,,,,,,,,,,,,,,
2129412,05dbe297f08679d0ff16d59a93ebf4b33523702ea90e9baf6f50b83f5354ab3545f105ca24bec6b6b3a64075c3d71eb07e58f67f1fe90de95c6bb4f31350de24,08/07/2025 11:27:00 PM,2,DRIVER,,2029948,,UNKNOWN,MOTORIZED,IL,,UNKNOWN,UNKNOWN/NA,UNKNOWN/NA,E,STRAIGHT AHEAD,,,1,,,,,,,,,,,,,,,N,Y,,FRONT,,,,,,,,,,,,,,,,,,,,,,,,,,,,,,,,,
2123897,4ae98bb17ecf2fbfed338ce7a67da58230966037f1225ee5d7495defa387d4a0b4a14dc2984f60c131c43f5462c122b3f0a1178b7832c1dfe7750149e2e90a3d,08/07/2025 11:25:00 PM,1,DRIVER,3,2024728,,BUICK,LACROSSE,IL,2007,UNKNOWN,PASSENGER,PERSONAL,N,OTHER,,,4,,,,,,,,,,,,,,Y,,,,OTHER,,,,,,,,,,,,,,,,,,,,,,,,,,,,,,,,,
2123898,4ae98bb17ecf2fbfed338ce7a67da58230966037f1225ee5d7495defa387d4a0b4a14dc2984f60c131c43f5462c122b3f0a1178b7832c1dfe7750149e2e90a3d,08/07/2025 11:25:00 PM,2,BICYCLE,,,,,,,,,,,,,,,,,,,,,,,,,,,,,,,,,,,,,,,,,,,,,,,,,,,,,,,,,,,,,,,,,,
2123872,599606577d09bbfd9684eef3cb7d48dd6204a227b54da44b1a5932d6563919cbb60dd3e1f7dfb613008e2dbacf5c6623ac10b8d56c57d7c92e17fb3bcc3b9f3e,08/07/2025 11:25:00 PM,1,DRIVER,,2024704,,CHEVROLET,EQUINOX,IN,2018,NONE,PASSENGER,UNKNOWN/NA,N,UNKNOWN/NA,,,1,,,,Y,,,,,N,N,N,,,,,,,REAR,,,,,,,,,,,,,,,,,,,,,,,,,,,,,,,,,
2123873,599606577d09bbfd9684eef3cb7d48dd6204a227b54da44b1a5932d6563919cbb60dd3e1f7dfb613008e2dbacf5c6623ac10b8d56c57d7c92e17fb3bcc3b9f3e,08/07/2025 11:25:00 PM,2,PARKED,,2024708,,FORD,EXPLORER,IL,2024,NONE,PASSENGER,UNKNOWN/NA,S,PARKED,,,0,,,,,,,,,,,,,,,Y,Y,,FRONT,,,,,,,,,,,,,,,,,,,,,,,,,,,,,,,,,
2123884,d2cb49147710cf0156ff2f534d626d9215fee23d0c8e00d496b7d902cea017a634769be34569c183da7a4ef3f4699ba223b6dd3a70298654bad0e231b7c3c770,08/07/2025 11:25:00 PM,1,DRIVER,,2024711,,LEXUS,OTHER (EXPLAIN IN NARRATIVE),IL,2013,NONE,PASSENGER,PERSONAL,E,STRAIGHT AHEAD,Y,,1,,PERSONAL,,,Y,,,,,,,,,,Y,Y,,FRONT,,,,,,,,,,,,,,,,,,,,,,,,,,,,,,,,,
2123885,d2cb49147710cf0156ff2f534d626d9215fee23d0c8e00d496b7d902cea017a634769be34569c183da7a4ef3f4699ba223b6dd3a70298654bad0e231b7c3c770,08/07/2025 11:25:00 PM,2,DRIVER,,2024716,,DODGE,RAM 1500 PU,IL,2019,NONE,PICKUP,PERSONAL,N,STRAIGHT AHEAD,,,1,,,,,,,,,,,,Y,Y,Y,,,,SIDE-LEFT,,,,,,,,,,,,,,,,,,,,,,,,,,,,,,,,,
2123886,201223fc736a7911d8cc42b6b05469a2e64eba5e7eb76b7a41d017aa4e243dd4e2ab70a5d6691283f61d005311cfc67bdb91f3d7f64b277c6ed3ffb52b02a7b6,08/07/2025 11:01:00 PM,1,DRIVER,1,2024718,,VOLKSWAGEN,JETTA,IL,2022,UNKNOWN,PASSENGER,PERSONAL,E,STRAIGHT AHEAD,Y,,2,,,,,Y,Y,Y,Y,,,,,,,,,,SIDE-RIGHT,,,,,,,,,,,,,,,,,,,,,,,,,,,,,,,,,
2123887,201223fc736a7911d8cc42b6b05469a2e64eba5e7eb76b7a41d017aa4e243dd4e2ab70a5d6691283f61d005311cfc67bdb91f3d7f64b277c6ed3ffb52b02a7b6,08/07/2025 11:01:00 PM,2,DRIVER,,2024721,,HYUNDAI,OTHER (EXPLAIN IN NARRATIVE),IL,2017,UNKNOWN,PASSENGER,PERSONAL,N,STRAIGHT AHEAD,Y,,1,,,,,Y,,,,,,,,,,Y,Y,,FRONT,,,,,,,,,,,,,,,,,,,,,,,,,,,,,,,,,
2126950,2037e329df4dd17a14fa04abeab81a82c314b29fde49f58b6e5f0185e663b77b43586374356d2a2a02a21547571f55a4e4134798b69381725a808efbbf71c3ff,08/07/2025 11:00:00 PM,1,DRIVER,,2028070,,UNKNOWN,MOTORIZED,IL,,UNKNOWN,UNKNOWN/NA,UNKNOWN/NA,UNKNOWN,UNKNOWN/NA,,,1,,,,,,,,,,,,,,,,,Y,UNKNOWN,,,,,,,,,,,,,,,,,,,,,,,,,,,,,,,,,
2127421,2037e329df4dd17a14fa04abeab81a82c314b29fde49f58b6e5f0185e663b77b43586374356d2a2a02a21547571f55a4e4134798b69381725a808efbbf71c3ff,08/07/2025 11:00:00 PM,2,PARKED,,2028068,,AUDI,OTHER (EXPLAIN IN NARRATIVE),IL,2014,NONE,PASSENGER,NOT IN USE,E,PARKED,,,0,,,,,,,,,,,Y,Y,Y,Y,Y,,,SIDE-LEFT,,,,,,,,,,,,,,,,,,,,,,,,,,,,,,,,,
2123870,24745177721d477c128fbc67705c852ac6f9a78beae23fb84c6ad7e302c38925cdbd2d4997830540b882d84c91c0c7dcc94871a022e723474a3dbb7358d561d4,08/07/2025 11:00:00 PM,1,DRIVER,,2024699,,DODGE,CHALLENGER,IL,2012,NONE,PASSENGER,PERSONAL,W,STRAIGHT AHEAD,,,1,,,,,Y,,,,,,,,,,Y,Y,,FRONT,,,,,,,,,,,,,,,,,,,,,,,,,,,,,,,,,
2123871,24745177721d477c128fbc67705c852ac6f9a78beae23fb84c6ad7e302c38925cdbd2d4997830540b882d84c91c0c7dcc94871a022e723474a3dbb7358d561d4,08/07/2025 11:00:00 PM,2,DRIVER,2,2024700,,CHEVROLET,MALIBU,IL,2023,UNKNOWN,PASSENGER,UNKNOWN/NA,W,SLOW/STOP IN TRAFFIC,,,3,,,,,,,,,,,,,,,,,Y,REAR,,,,,,,,,,,,,,,,,,,,,,,,,,,,,,,,,
2126305,7b044c21e2fccf8c35e6804cb50004d7f5a02b6aa8f0b153f901a690d0624e2348cf23abdbf464e109c122bf8c5609b9b27d93ea4c2da975fee17eee23678b24,08/07/2025 10:48:00 PM,1,DRIVER,,2027023,,CHEVROLET,SILVERADO,IL,2021,NONE,SPORT UTILITY VEHICLE (SUV),PERSONAL,W,STRAIGHT AHEAD,,,1,,,,,,,,,,,,,,,,Y,,FRONT,,,,,,,,,,,,,,,,,,,,,,,,,,,,,,,,,
2126306,7b044c21e2fccf8c35e6804cb50004d7f5a02b6aa8f0b153f901a690d0624e2348cf23abdbf464e109c122bf8c5609b9b27d93ea4c2da975fee17eee23678b24,08/07/2025 10:48:00 PM,2,DRIVER,,2027036,,LINCOLN,CORSAIR,IL,2021,NONE,SPORT UTILITY VEHICLE (SUV),PERSONAL,W,SLOW/STOP IN TRAFFIC,,,1,,,,,,,,,,Y,,,,,,,,REAR,,,,,,,,,,,,,,,,,,,,,,,,,,,,,,,,,
2123880,563b5414abaf3d6173262c203d333a744b7c0662202cabd1eeecb178021051c4efac82cf3b94a8f2203602262ae147bbdd1f6e9063800d207e1b0044e7bb73af,08/07/2025 10:45:00 PM,1,DRIVER,,2024707,,MAZDA,MAZDA3,IL,2012,NONE,PASSENGER,PERSONAL,S,STRAIGHT AHEAD,,,1,,,,,Y,,,,,N,N,,,,Y,Y,,FRONT,,,,,,,,,,,,,,,,,,,,,,,,,,,,,,,,,
2123881,563b5414abaf3d6173262c203d333a744b7c0662202cabd1eeecb178021051c4efac82cf3b94a8f2203602262ae147bbdd1f6e9063800d207e1b0044e7bb73af,08/07/2025 10:45:00 PM,2,DRIVER,,2024709,,BUICK,ENCORE,IL,2018,NONE,PASSENGER,PERSONAL,S,SLOW/STOP IN TRAFFIC,,,1,,,,,,,,,Y,Y,Y,,,,,,,REAR,,,,,,,,,,,,,,,,,,,,,,,,,,,,,,,,,