CRASH_UNIT_ID,CRASH_RECORD_ID,CRASH_DATE,UNIT_NO,UNIT_TYPE,NUM_PASSENGERS,VEHICLE_ID,CMRC_VEH_I,MAKE,MODEL,LIC_PLATE_STATE,VEHICLE_YEAR,VEHICLE_DEFECT,VEHICLE_TYPE,VEHICLE_USE,TRAVEL_DIRECTION,MANEUVER,TOWED_I,FIRE_I,OCCUPANT_CNT,EXCEED_SPEED_LIMIT_I,TOWED_BY,TOWED_TO,AREA_00_I,AREA_01_I,AREA_02_I,AREA_03_I,AREA_04_I,AREA_05_I,AREA_06_I,AREA_07_I,AREA_08_I,AREA_09_I,AREA_10_I,AREA_11_I,AREA_12_I,AREA_99_I,FIRST_CONTACT_POINT,CMV_ID,USDOT_NO,CCMC_NO,ILCC_NO,COMMERCIAL_SRC,GVWR,CARRIER_NAME,CARRIER_STATE,CARRIER_CITY,HAZMAT_PLACARDS_I,HAZMAT_NAME,UN_NO,HAZMAT_PRESENT_I,HAZMAT_REPORT_I,HAZMAT_REPORT_NO,MCS_REPORT_I,MCS_REPORT_NO,HAZMAT_VIO_CAUSE_CRASH_I,MCS_VIO_CAUSE_CRASH_I,IDOT_PERMIT_NO,WIDE_LOAD_I,TRAILER1_WIDTH,TRAILER2_WIDTH,TRAILER1_LENGTH,TRAILER2_LENGTH,TOTAL_VEHICLE_LENGTH,AXLE_CNT,VEHICLE_CONFIG,CARGO_BODY_TYPE,LOAD_TYPE,HAZMAT_OUT_OF_SERVICE_I,MCS_OUT_OF_SERVICE_I,HAZMAT_CLASS
2123888,31f9ccc7bcc5c96d870d3c8645622aa8a3f9913cac43a8707fe38a604c89f237ea8a9ce0e9527d936f1fd9eb7ccce02ec922420ef5a430718d92d4bba3284cf3,08/07/2025 10:44:00 PM,1,DRIVER,,2024722,,FORD,F150,IL,2018,NONE,PASSENGER,UNKNOWN/NA,N,PASSING/OVERTAKING,,,1,,,,,,,,,,,Y,,,,,,,REAR-LEFT-CORNER,,,,,,,,,,,,,,,,,,,,,,,,,,,,,,,,,
2123889,31f9ccc7bcc5c96d870d3c8645622aa8a3f9913cac43a8707fe38a604c89f237ea8a9ce0e9527d936f1fd9eb7ccce02ec922420ef5a430718d92d4bba3284cf3,08/07/2025 10:44:00 PM,2,DRIVER,,2024714,,GENERAL MOTORS CORPORATION (GMC),TERRAIN,IL,2016,NONE,PASSENGER,PERSONAL,W,STRAIGHT AHEAD,,,1,,,,,Y,Y,,,,,,,,,,,,FRONT-RIGHT-CORNER,,,,,,,,,,,,,,,,,,,,,,,,,,,,,,,,,
2124102,5ab7674a483c5ced7889b16e5522f8975e0cac2b554e86f3880c2e192f8e5d753aca365c7374d008113923af0949ca1ca857e8750dcdb23bc63231c35980cb96,08/07/2025 10:40:00 PM,1,DRIVER,,2024937,,FORD,E-TRANSIT,IL,2016,UNKNOWN,VAN/MINI-VAN,UNKNOWN/NA,E,STRAIGHT AHEAD,,,1,,,,,,,,,,,Y,Y,Y,Y,Y,,,SIDE-LEFT,,,,,,,,,,,,,,,,,,,,,,,,,,,,,,,,,
2123863,68064ca4fcd7d2cf5447063377bd5f6aa44079c0fcc9f2a92a0cc94ab31f2a06e133dc001cdfd62340ee5a104c05a9892073b12b4af05acc8225dabe12419b90,08/07/2025 10:34:00 PM,1,DRIVER,,2024702,,CHEVROLET,OTHER (EXPLAIN IN NARRATIVE),IL,2007,NONE,SPORT UTILITY VEHICLE (SUV),PERSONAL,S,STRAIGHT AHEAD,,,1,,,,,,,,,,,,,,,N,Y,,FRONT,,,,,,,,,,,,,,,,,,,,,,,,,,,,,,,,,
2123864,68064ca4fcd7d2cf5447063377bd5f6aa44079c0fcc9f2a92a0cc94ab31f2a06e133dc001cdfd62340ee5a104c05a9892073b12b4af05acc8225dabe12419b90,08/07/2025 10:34:00 PM,2,DRIVER,5,2024694,,NISSAN,PATHFINDER,IL,2008,NONE,SPORT UTILITY VEHICLE (SUV),PERSONAL,S,STRAIGHT AHEAD,,,6,,,,,,,,,,Y,,,,,,,,REAR,,,,,,,,,,,,,,,,,,,,,,,,,,,,,,,,,
2123846,01ec83aa78d2926615dd7da1d73e4e81dea194b853ed98c0fd01b772859b19dce594ec78178ece8fa79b5b168ca5030169d9eb31edd3606a27b0da505979d723,08/07/2025 10:03:00 PM,1,DRIVER,,2024680,,MAZDA,CX-5,IL,2024,NONE,PASSENGER,PERSONAL,W,CHANGING LANES,,,1,,,,,Y,Y,,,,,,,,,,,,FRONT-RIGHT-CORNER,,,,,,,,,,,,,,,,,,,,,,,,,,,,,,,,,
2123847,01ec83aa78d2926615dd7da1d73e4e81dea194b853ed98c0fd01b772859b19dce594ec78178ece8fa79b5b168ca5030169d9eb31edd3606a27b0da505979d723,08/07/2025 10:03:00 PM,2,DRIVER,,2024682,,GENERAL MOTORS CORPORATION (GMC),SIERRA,IL,2011,NONE,PICKUP,PERSONAL,W,STRAIGHT AHEAD,,,1,,,,,,,,,,,,,Y,Y,,,,SIDE-LEFT,,,,,,,,,,,,,,,,,,,,,,,,,,,,,,,,,
2123890,26195107a1d3d5d02917d99e904949118073520908bf1d07b910c71034bd9aab95c4be27461753876bf185894cddc5e60acfd4c935cccae729ccd883ac6eb052,08/07/2025 10:00:00 PM,1,DRIVER,,2024712,,UNKNOWN,OTHER (EXPLAIN IN NARRATIVE),,,UNKNOWN,SPORT UTILITY VEHICLE (SUV),UNKNOWN/NA,W,UNKNOWN/NA,,,1,,,,,,,,,,,,,,,,,Y,UNKNOWN,,,,,,,,,,,,,,,,,,,,,,,,,,,,,,,,,
2123891,26195107a1d3d5d02917d99e904949118073520908bf1d07b910c71034bd9aab95c4be27461753876bf185894cddc5e60acfd4c935cccae729ccd883ac6eb052,08/07/2025 10:00:00 PM,2,DRIVER,,2024715,,TOYOTA,CAMRY,IL,2017,NONE,PASSENGER,PERSONAL,W,TURNING RIGHT,,,1,,,,,,,Y,Y,,,,,,,,,,SIDE-RIGHT-REAR,,,,,,,,,,,,,,,,,,,,,,,,,,,,,,,,,
2123923,47915f77841d3fde79825c27d6d1661805edf6a39d57d3071594c7e10643557ef24c3c106ec5224e69a40312add9c6a4fa8437f6601412b8f5bbaa5de54c360a,08/07/2025 10:00:00 PM,1,DRIVER,,2024756,,KAWASAKI,MOTORCYCLE,IL,2022,NONE,AUTOCYCLE,PERSONAL,W,STRAIGHT AHEAD,,,1,,,,,,,,,,,,,,,,Y,,FRONT,,,,,,,,,,,,,,,,,,,,,,,,,,,,,,,,,
2123924,47915f77841d3fde79825c27d6d1661805edf6a39d57d3071594c7e10643557ef24c3c106ec5224e69a40312add9c6a4fa8437f6601412b8f5bbaa5de54c360a,08/07/2025 10:00:00 PM,2,DRIVER,2,2024758,,HONDA,CIVIC,IL,2001,NONE,PASSENGER,PERSONAL,S,STRAIGHT AHEAD,,,3,,,,,Y,,,,,,,,,,Y,Y,,FRONT-LEFT-CORNER,,,,,,,,,,,,,,,,,,,,,,,,,,,,,,,,,
2124740,958840f534bfa6eeddf8e98bb7da82d4b77b50b64739c83a3064d7b134d20447fb5ca9e0a6820fc30602ff157eff453d6e2f7ad5f5e54e2bb82a25d03ed09817,08/07/2025 10:00:00 PM,1,DRIVER,,2025521,,UNKNOWN,OTHER (EXPLAIN IN NARRATIVE),,,UNKNOWN,PASSENGER,UNKNOWN/NA,UNKNOWN,U-TURN,,,1,,,,,,,,,,,,,,,,,Y,FRONT-LEFT-CORNER,,,,,,,,,,,,,,,,,,,,,,,,,,,,,,,,,
2124741,958840f534bfa6eeddf8e98bb7da82d4b77b50b64739c83a3064d7b134d20447fb5ca9e0a6820fc30602ff157eff453d6e2f7ad5f5e54e2bb82a25d03ed09817,08/07/2025 10:00:00 PM,2,BICYCLE,,,,,,,,,,,,,,,,,,,,,,,,,,,,,,,,,,,,,,,,,,,,,,,,,,,,,,,,,,,,,,,,,,
2124025,f5637f0bf0c1b14c07ce2df93121b2e79d1925dbd958d28c258e854cce659cf4396ab86ea6fc7acd7e25d6a5ecad0127f1304f5eba58faa21a60154f484a9f71,08/07/2025 10:00:00 PM,1,DRIVER,,2024848,,UNKNOWN,OTHER (EXPLAIN IN NARRATIVE),,,UNKNOWN,PASSENGER,UNKNOWN/NA,UNKNOWN,UNKNOWN/NA,,,1,,,,,,,,,,,,,,,,,Y,UNKNOWN,,,,,,,,,,,,,,,,,,,,,,,,,,,,,,,,,
2124026,f5637f0bf0c1b14c07ce2df93121b2e79d1925dbd958d28c258e854cce659cf4396ab86ea6fc7acd7e25d6a5ecad0127f1304f5eba58faa21a60154f484a9f71,08/07/2025 10:00:00 PM,2,PARKED,,2024851,,JEEP,GRAND CHEROKEE,IL,2012,NONE,SPORT UTILITY VEHICLE (SUV),PERSONAL,S,PARKED,,,0,,,,,,,,,,,,,,,Y,,,SIDE-LEFT-FRONT,,,,,,,,,,,,,,,,,,,,,,,,,,,,,,,,,
2123842,3d22b71a999a83c3a586d340fee075d442554da3b3bea6906d4b022ad6c3b605faed8cb744fd0aa5548c2609f6db51c6faf2850421175432deee23bd956a4458,08/07/2025 09:54:00 PM,1,DRIVER,,2024676,,UNKNOWN,OTHER (EXPLAIN IN NARRATIVE),,9999,UNKNOWN,UNKNOWN/NA,UNKNOWN/NA,W,STRAIGHT AHEAD,,,1,,,,,,,,,,,,,,,,,Y,UNKNOWN,,,,,,,,,,,,,,,,,,,,,,,,,,,,,,,,,
2123843,3d22b71a999a83c3a586d340fee075d442554da3b3bea6906d4b022ad6c3b605faed8cb744fd0aa5548c2609f6db51c6faf2850421175432deee23bd956a4458,08/07/2025 09:54:00 PM,2,DRIVER,,2024681,,MERCEDES-BENZ,E-CLASS,IL,2006,UNKNOWN,PASSENGER,UNKNOWN/NA,W,STRAIGHT AHEAD,Y,,1,,,,,,,,,,,,,,Y,Y,,,FRONT-LEFT-CORNER,,,,,,,,,,,,,,,,,,,,,,,,,,,,,,,,,
2123858,e79e9812aff849b483cdcbda0b84a12bd7d1c4426e217c2d309526480cacb863f87e9ef1903309931db68c6ac2dd5c4bb3139dd68146d544f9f250f984c409c2,08/07/2025 09:54:00 PM,1,BICYCLE,,,,,,,,,,,,,,,,,,,,,,,,,,,,,,,,,,,,,,,,,,,,,,,,,,,,,,,,,,,,,,,,,,
2123859,e79e9812aff849b483cdcbda0b84a12bd7d1c4426e217c2d309526480cacb863f87e9ef1903309931db68c6ac2dd5c4bb3139dd68146d544f9f250f984c409c2,08/07/2025 09:54:00 PM,2,PARKED,,2024693,,KIA,SOUL,IL,2015,UNKNOWN,PASSENGER,UNKNOWN/NA,N,PARKED,,,0,,,,,,,,,,,,,,,,,,UNKNOWN,,,,,,,,,,,,,,,,,,,,,,,,,,,,,,,,,
2123860,e79e9812aff849b483cdcbda0b84a12bd7d1c4426e217c2d309526480cacb863f87e9ef1903309931db68c6ac2dd5c4bb3139dd68146d544f9f250f984c409c2,08/07/2025 09:54:00 PM,3,PARKED,,2024695,,FORD,TRANSIT CONNECT,IL,2010,UNKNOWN,VAN/MINI-VAN,UNKNOWN/NA,N,PARKED,,,0,,,,,,,,,,,,,,,,,,UNKNOWN,,,,,,,,,,,,,,,,,,,,,,,,,,,,,,,,,
2124510,73df8a0d1389af55886c3be5b48cd5b7a971dc0be4e55593e3bcc9b15c4352f0f6668c589bb9e0294e6cc0d4d08030065d3ef7e78bf2b192924bf8bab2b61ad3,08/07/2025 09:47:00 PM,1,DRIVER,,2025304,,GENERAL MOTORS CORPORATION (GMC),YUKON,IL,2002,NONE,PASSENGER,PERSONAL,N,STRAIGHT AHEAD,,,1,,,,,Y,,,,,,,,,,Y,Y,,FRONT,,,,,,,,,,,,,,,,,,,,,,,,,,,,,,,,,
2124511,73df8a0d1389af55886c3be5b48cd5b7a971dc0be4e55593e3bcc9b15c4352f0f6668c589bb9e0294e6cc0d4d08030065d3ef7e78bf2b192924bf8bab2b61ad3,08/07/2025 09:47:00 PM,2,DRIVER,,2025315,,FORD,BRONCO / BRONCO II,MI,2023,NONE,PASSENGER,PERSONAL,N,STRAIGHT AHEAD,,,1,,,,,,,,,Y,Y,Y,,,,,,,REAR,,,,,,,,,,,,,,,,,,,,,,,,,,,,,,,,,
2123840,e169c864fb1337851f304e9b9258f6bc2f3cc64ad862b892a32daf3d305dcca12cf2ae2f9cd35b83154a88ee9fd50fb1bb654db079ce64ae88a53575734e4d3c,08/07/2025 09:38:00 PM,1,DRIVER,,2024677,,LINCOLN,NAVIGATOR,IL,2022,UNKNOWN,OTHER,UNKNOWN/NA,E,CHANGING LANES,,,1,,,,,,,,,,,Y,,,,,,,SIDE-LEFT-REAR,,,,,,,,,,,,,,,,,,,,,,,,,,,,,,,,,
2123841,e169c864fb1337851f304e9b9258f6bc2f3cc64ad862b892a32daf3d305dcca12cf2ae2f9cd35b83154a88ee9fd50fb1bb654db079ce64ae88a53575734e4d3c,08/07/2025 09:38:00 PM,2,DRIVER,,2024685,,ACURA,ILX,IL,2022,UNKNOWN,SPORT UTILITY VEHICLE (SUV),UNKNOWN/NA,E,STRAIGHT AHEAD,,,1,,,,,Y,,,,,,,,,,,,,FRONT-RIGHT-CORNER,,,,,,,,,,,,,,,,,,,,,,,,,,,,,,,,,
2123865,dd8108a658e552289f8bda692c70bc97f11be9cd6d7e2747215b45a5fe334f81850422624b850ce3faab49b6db3795acab86ccdd5b63324285c91cacaefd3093,08/07/2025 09:36:00 PM,1,DRIVER,,2024697,,BMW,OTHER (EXPLAIN IN NARRATIVE),IL,2013,NONE,PASSENGER,PERSONAL,E,STRAIGHT AHEAD,,,1,,,,,,,,,,,,,,,,,Y,FRONT,,,,,,,,,,,,,,,,,,,,,,,,,,,,,,,,,
2123866,dd8108a658e552289f8bda692c70bc97f11be9cd6d7e2747215b45a5fe334f81850422624b850ce3faab49b6db3795acab86ccdd5b63324285c91cacaefd3093,08/07/2025 09:36:00 PM,2,PEDESTRIAN,,,,,,,,,,,,,,,,,,,,,,,,,,,,,,,,,,,,,,,,,,,,,,,,,,,,,,,,,,,,,,,,,,
2123867,dd8108a658e552289f8bda692c70bc97f11be9cd6d7e2747215b45a5fe334f81850422624b850ce3faab49b6db3795acab86ccdd5b63324285c91cacaefd3093,08/07/2025 09:36:00 PM,3,PEDESTRIAN,,,,,,,,,,,,,,,,,,,,,,,,,,,,,,,,,,,,,,,,,,,,,,,,,,,,,,,,,,,,,,,,,,
2123861,c54d0d261f8b0a466476eb8b67a6e399d4422a3918c403557a8c8acd25f31593730303715011278cbaf5f21bc8986a32db1018c0170929493aa721ae9969ff7e,08/07/2025 09:35:00 PM,1,DRIVER,,2024692,,NISSAN,ALTIMA,IL,2011,UNKNOWN,PASSENGER,PERSONAL,W,BACKING,,,1,,,,,,,,,,,,,,,,,Y,REAR-RIGHT-CORNER,,,,,,,,,,,,,,,,,,,,,,,,,,,,,,,,,
2123862,c54d0d261f8b0a466476eb8b67a6e399d4422a3918c403557a8c8acd25f31593730303715011278cbaf5f21bc8986a32db1018c0170929493aa721ae9969ff7e,08/07/2025 09:35:00 PM,2,DRIVER,,2024696,,VOLKSWAGEN,PASSAT,IL,2020,NONE,PASSENGER,PERSONAL,S,OTHER,,,1,,,,,,,,,,,,,,,Y,,,FRONT-LEFT-CORNER,,,,,,,,,,,,,,,,,,,,,,,,,,,,,,,,,
2124361,fc8c32bb8c1c298efe431261b766b907aa63921fd752facb6d7d8b820daceaca37a825b317a741e61426c5fc47e7e0ef3856456b21f2b938f8b6f4be6e3bef1c,08/07/2025 09:34:00 PM,1,DRIVER,,2025139,,UNKNOWN,OTHER (EXPLAIN IN NARRATIVE),,,NONE,SPORT UTILITY VEHICLE (SUV),UNKNOWN/NA,S,PASSING/OVERTAKING,,,1,,,,,,,,,,,,,,,,,Y,UNKNOWN,,,,,,,,,,,,,,,,,,,,,,,,,,,,,,,,,
2124362,fc8c32bb8c1c298efe431261b766b907aa63921fd752facb6d7d8b820daceaca37a825b317a741e61426c5fc47e7e0ef3856456b21f2b938f8b6f4be6e3bef1c,08/07/2025 09:34:00 PM,2,PARKED,,2025150,,FORD,FOCUS,IL,2017,NONE,PASSENGER,NOT IN USE,S,PARKED,,,0,,,,,,,,Y,Y,,,,,,,,,SIDE-RIGHT-REAR,,,,,,,,,,,,,,,,,,,,,,,,,,,,,,,,,
2123848,d37108f620c52690aa227d467179a19f782b1d6f1836a3592be4a1868f535eff5465ae760afea6307e69b4acd4b5abaa4d2469d2acb465d8102d84bd6ff018dd,08/07/2025 09:25:00 PM,2,PARKED,,2024687,,HYUNDAI,ELANTRA,IL,2023,UNKNOWN,PASSENGER,NOT IN USE,N,PARKED,,,0,,,,,,,,,Y,N,,,,,,,Y,SIDE-RIGHT-REAR,,,,,,,,,,,,,,,,,,,,,,,,,,,,,,,,,
2123853,d37108f620c52690aa227d467179a19f782b1d6f1836a3592be4a1868f535eff5465ae760afea6307e69b4acd4b5abaa4d2469d2acb465d8102d84bd6ff018dd,08/07/2025 09:25:00 PM,1,DRIVER,,2024690,,UNKNOWN,OTHER (EXPLAIN IN NARRATIVE),,,UNKNOWN,UNKNOWN/NA,UNKNOWN/NA,UNKNOWN,UNKNOWN/NA,,,1,,,,,,,,,,,,,,,,,Y,UNKNOWN,,,,,,,,,,,,,,,,,,,,,,,,,,,,,,,,,
2123838,04acb870d26290f8be6610212e0a728c6bb7ee184b9449fe5643033d60e074802b25ce2b47fa7288a76d55c35d31e3c9a715d3c8b74b38671f52ef5d6bc3334a,08/07/2025 09:20:00 PM,1,DRIVER,,2024672,,UNKNOWN,OTHER (EXPLAIN IN NARRATIVE),IL,,UNKNOWN,UNKNOWN/NA,UNKNOWN/NA,W,STRAIGHT AHEAD,,,1,,,,,,,,,,,,,,,,,Y,UNKNOWN,,,,,,,,,,,,,,,,,,,,,,,,,,,,,,,,,
2123839,04acb870d26290f8be6610212e0a728c6bb7ee184b9449fe5643033d60e074802b25ce2b47fa7288a76d55c35d31e3c9a715d3c8b74b38671f52ef5d6bc3334a,08/07/2025 09:20:00 PM,2,DRIVER,1,2024675,,HYUNDAI,SONATA,VA,2025,NONE,PASSENGER,OTHER,W,STRAIGHT AHEAD,,,2,,,,,Y,Y,Y,Y,Y,,,,,,,,,SIDE-RIGHT,,,,,,,,,,,,,,,,,,,,,,,,,,,,,,,,,
2123835,ba406e854a6a48c2cb99272239eceeef867dfc270b6a3277a6cbf4147091b301dea46ffd4fcb8006793c75aa0fbfa04ed5d95ae417b4374543ff55f8492836a3,08/07/2025 09:20:00 PM,1,DRIVER,,2024669,,NISSAN,ROGUE,IL,2015,NONE,PASSENGER,PERSONAL,E,STRAIGHT AHEAD,,,1,,,,,,,,,,,,,,,,Y,,FRONT,,,,,,,,,,,,,,,,,,,,,,,,,,,,,,,,,
2123836,ba406e854a6a48c2cb99272239eceeef867dfc270b6a3277a6cbf4147091b301dea46ffd4fcb8006793c75aa0fbfa04ed5d95ae417b4374543ff55f8492836a3,08/07/2025 09:20:00 PM,2,DRIVER,2,2024678,,CHEVROLET,TRAX,IL,2017,NONE,SPORT UTILITY VEHICLE (SUV),PERSONAL,E,SLOW/STOP IN TRAFFIC,,,3,,,,,,,,,,Y,,,,,,Y,,REAR,,,,,,,,,,,,,,,,,,,,,,,,,,,,,,,,,
2123837,ba406e854a6a48c2cb99272239eceeef867dfc270b6a3277a6cbf4147091b301dea46ffd4fcb8006793c75aa0fbfa04ed5d95ae417b4374543ff55f8492836a3,08/07/2025 09:20:00 PM,3,DRIVER,1,2024686,,TOYOTA,PRIUS,IL,2013,NONE,PASSENGER,RIDESHARE SERVICE,E,SLOW/STOP IN TRAFFIC,,,2,,,,,,,,,,Y,,,,,,,,REAR,,,,,,,,,,,,,,,,,,,,,,,,,,,,,,,,,
2123868,02efa159393da45c55359ab50f832999ebfda73379e8049d2aa7d2a6cf1eee20c34b43a3b477989bc514839714ece1374def7a8fcc3082a6310470c9bc8c1437,08/07/2025 09:00:00 PM,1,DRIVER,,2024701,,HYUNDAI,KONA,IL,2023,STEERING,SPORT UTILITY VEHICLE (SUV),PERSONAL,W,STRAIGHT AHEAD,Y,,1,,,,,Y,Y,,,,,,,,,,,,FRONT-RIGHT-CORNER,,,,,,,,,,,,,,,,,,,,,,,,,,,,,,,,,
2123869,02efa159393da45c55359ab50f832999ebfda73379e8049d2aa7d2a6cf1eee20c34b43a3b477989bc514839714ece1374def7a8fcc3082a6310470c9bc8c1437,08/07/2025 09:00:00 PM,2,PARKED,,2024698,,JEEP,CHEROKEE,IL,,NONE,SPORT UTILITY VEHICLE (SUV),NOT IN USE,W,PARKED,,,0,,,,,,,,,,,,Y,Y,,,,,SIDE-LEFT,,,,,,,,,,,,,,,,,,,,,,,,,,,,,,,,,
2123825,fcdc6a1af706fa6a7c2211536069f443e19049672df946c1f9050331058ae25120fbc9cc37ed336c2c61f017ebcc4f1b5d89589ddf7220fc33ccf71e06921c81,08/07/2025 09:00:00 PM,1,DRIVER,,2024656,,SUBARU,IMPREZA,IL,2010,UNKNOWN,PASSENGER,UNKNOWN/NA,W,STRAIGHT AHEAD,Y,,1,,city tow,pound #2,,,,,,,,,,,,N,,,FRONT,,,,,,,,,,,,,,,,,,,,,,,,,,,,,,,,,
2123826,fcdc6a1af706fa6a7c2211536069f443e19049672df946c1f9050331058ae25120fbc9cc37ed336c2c61f017ebcc4f1b5d89589ddf7220fc33ccf71e06921c81,08/07/2025 09:00:00 PM,2,PARKED,,2024658,,HONDA,CR-V,IL,2011,NONE,SPORT UTILITY VEHICLE (SUV),PERSONAL,W,PARKED,,,0,,,,,,,,,,,Y,Y,Y,,,,,REAR-LEFT-CORNER,,,,,,,,,,,,,,,,,,,,,,,,,,,,,,,,,
2123878,fc37e1f9200715264820d554c443eab9aa9e3cdf4a7495962ffbbfe3c8dddb35d2aafde77d2f850dac6837ca3975708eaef55450103552671e44da4dcd1af2af,08/07/2025 08:50:00 PM,1,DRIVER,,2024719,,CHEVROLET,OTHER (EXPLAIN IN NARRATIVE),IL,2017,UNKNOWN,SPORT UTILITY VEHICLE (SUV),UNKNOWN/NA,W,CHANGING LANES,,,1,,,,,,Y,Y,,,,,,,,,,Y,SIDE-RIGHT,,,,,,,,,,,,,,,,,,,,,,,,,,,,,,,,,
2123879,fc37e1f9200715264820d554c443eab9aa9e3cdf4a7495962ffbbfe3c8dddb35d2aafde77d2f850dac6837ca3975708eaef55450103552671e44da4dcd1af2af,08/07/2025 08:50:00 PM,2,DRIVER,,2024720,,UNKNOWN,OTHER (EXPLAIN IN NARRATIVE),IL,2023,NONE,BUS OVER 15 PASS.,OTHER,W,STRAIGHT AHEAD,,,1,,,,Y,,,,,,,Y,,,,,,,REAR-LEFT-CORNER,,,,,,,,,,,,,,,,,,,,,,,,,,,,,,,,,
2123823,0de8a9bc10413b5fc69e0707d3304fe88eff5f3ecdf77535c2568a87d5c478f7215af1261d8e4d3a13f245666d10c142c4701034c712d605e95a76a7e75da716,08/07/2025 08:45:00 PM,1,DRIVER,,2024655,,UNKNOWN,OTHER (EXPLAIN IN NARRATIVE),IL,,UNKNOWN,MOTORCYCLE (OVER 150CC),PERSONAL,S,OTHER,,,1,,,,,,,,,,,,,,,,,,UNKNOWN,,,,,,,,,,,,,,,,,,,,,,,,,,,,,,,,,
2123824,0de8a9bc10413b5fc69e0707d3304fe88eff5f3ecdf77535c2568a87d5c478f7215af1261d8e4d3a13f245666d10c142c4701034c712d605e95a76a7e75da716,08/07/2025 08:45:00 PM,2,DRIVER,1,2024663,,INFINITI,G37,IL,,UNKNOWN,PASSENGER,PERSONAL,S,STRAIGHT AHEAD,,,2,,,,,,Y,,,,,,,,,,,,SIDE-RIGHT,,,,,,,,,,,,,,,,,,,,,,,,,,,,,,,,,
2123819,346371d69eb6460d0d94e75fa47705ae70649370e360480d0a386c657b80fcfc2ade1fd2fe139c2b9a7e2c6dac3787050f8525c2d65ab10deeabd1c1567b0240,08/07/2025 08:40:00 PM,1,DRIVER,,2024650,,TOYOTA,CAMRY,IL,2015,NONE,PASSENGER,TAXI/FOR HIRE,E,TURNING LEFT,,,1,,,,,,,,,,,,,,Y,Y,,,FRONT-LEFT-CORNER,,,,,,,,,,,,,,,,,,,,,,,,,,,,,,,,,
2123820,346371d69eb6460d0d94e75fa47705ae70649370e360480d0a386c657b80fcfc2ade1fd2fe139c2b9a7e2c6dac3787050f8525c2d65ab10deeabd1c1567b0240,08/07/2025 08:40:00 PM,2,PARKED,,2024652,,UNKNOWN,OTHER (EXPLAIN IN NARRATIVE),IL,,UNKNOWN,PASSENGER,NOT IN USE,N,PARKED,,,0,,,,,,,,Y,Y,,,,,,,,,REAR-RIGHT-CORNER,,,,,,,,,,,,,,,,,,,,,,,,,,,,,,,,,
2124492,439383d87fc2c1357615bd2b1298ed5ac38079f4feecd89050cdcc3548e8f418bdd2129c46fe427882bb75b92aee5dba892ef8026c96acbf4bf14f5ee8bb196a,08/07/2025 08:31:00 PM,1,DRIVER,,2025294,,LINCOLN,MKZ,IL,2011,UNKNOWN,PASSENGER,UNKNOWN/NA,N,STRAIGHT AHEAD,,,1,,,,,,,,,,,,,,,,Y,,FRONT,,,,,,,,,,,,,,,,,,,,,,,,,,,,,,,,,
2124493,439383d87fc2c1357615bd2b1298ed5ac38079f4feecd89050cdcc3548e8f418bdd2129c46fe427882bb75b92aee5dba892ef8026c96acbf4bf14f5ee8bb196a,08/07/2025 08:31:00 PM,2,DRIVER,,2025302,,HONDA,CR-V,IL,2019,UNKNOWN,PASSENGER,PERSONAL,N,STRAIGHT AHEAD,,,1,,,,,,,,,,Y,Y,,,,,,,REAR,,,,,,,,,,,,,,,,,,,,,,,,,,,,,,,,,
2123844,40e92192757a4cce1c34a55e592c2ee23f3fcbb607f1e5fdeb2429e3b717d5eefdb7641f14bf71b2bdfe0eeb55e1b4e32df020cc4a9afbe0ea4ee7b09d7941ae,08/07/2025 08:30:00 PM,1,DRIVER,1,2024679,,FORD,ESCAPE,IL,2017,UNKNOWN,PASSENGER,PERSONAL,E,STRAIGHT AHEAD,Y,,2,,personal tow,personal tow,,,,,,,,,Y,Y,Y,,,,SIDE-LEFT,,,,,,,,,,,,,,,,,,,,,,,,,,,,,,,,,
2123845,40e92192757a4cce1c34a55e592c2ee23f3fcbb607f1e5fdeb2429e3b717d5eefdb7641f14bf71b2bdfe0eeb55e1b4e32df020cc4a9afbe0ea4ee7b09d7941ae,08/07/2025 08:30:00 PM,2,DRIVER,1,2024683,,VOLVO,XC90,IL,2016,UNKNOWN,PASSENGER,PERSONAL,N,STRAIGHT AHEAD,,,2,,,,,,,,,,,,,,,Y,,,FRONT,,,,,,,,,,,,,,,,,,,,,,,,,,,,,,,,,
2123882,fb19e0ad121aee6e1075ae2c34e64778de3f365b77aaabafb9c37a8998bfb763acf59e9666cee5ce0029e2992404ac9bb9b35223c844d8bf011535a2e3a599b4,08/07/2025 08:25:00 PM,1,DRIVER,,2024710,,"PETERBILT MOTORS COMPANY (DIVISION OF PACCAR, INC.)","PETERBILT MOTORS CO., DIVISION PACCAR, INC.",IN,2023,UNKNOWN,TRACTOR W/ SEMI-TRAILER,UNKNOWN/NA,S,BACKING,,,1,,,,,,,,,,Y,,,,,,,,REAR,,,,,,,,,,,,,,,,,,,,,,,,,,,,,,,,,