CRASH_UNIT_ID,CRASH_RECORD_ID,CRASH_DATE,UNIT_NO,UNIT_TYPE,NUM_PASSENGERS,VEHICLE_ID,CMRC_VEH_I,MAKE,MODEL,LIC_PLATE_STATE,VEHICLE_YEAR,VEHICLE_DEFECT,VEHICLE_TYPE,VEHICLE_USE,TRAVEL_DIRECTION,MANEUVER,TOWED_I,FIRE_I,OCCUPANT_CNT,EXCEED_SPEED_LIMIT_I,TOWED_BY,TOWED_TO,AREA_00_I,AREA_01_I,AREA_02_I,AREA_03_I,AREA_04_I,AREA_05_I,AREA_06_I,AREA_07_I,AREA_08_I,AREA_09_I,AREA_10_I,AREA_11_I,AREA_12_I,AREA_99_I,FIRST_CONTACT_POINT,CMV_ID,USDOT_NO,CCMC_NO,ILCC_NO,COMMERCIAL_SRC,GVWR,CARRIER_NAME,CARRIER_STATE,CARRIER_CITY,HAZMAT_PLACARDS_I,HAZMAT_NAME,UN_NO,HAZMAT_PRESENT_I,HAZMAT_REPORT_I,HAZMAT_REPORT_NO,MCS_REPORT_I,MCS_REPORT_NO,HAZMAT_VIO_CAUSE_CRASH_I,MCS_VIO_CAUSE_CRASH_I,IDOT_PERMIT_NO,WIDE_LOAD_I,TRAILER1_WIDTH,TRAILER2_WIDTH,TRAILER1_LENGTH,TRAILER2_LENGTH,TOTAL_VEHICLE_LENGTH,AXLE_CNT,VEHICLE_CONFIG,CARGO_BODY_TYPE,LOAD_TYPE,HAZMAT_OUT_OF_SERVICE_I,MCS_OUT_OF_SERVICE_I,HAZMAT_CLASS
2123883,fb19e0ad121aee6e1075ae2c34e64778de3f365b77aaabafb9c37a8998bfb763acf59e9666cee5ce0029e2992404ac9bb9b35223c844d8bf011535a2e3a599b4,08/07/2025 08:25:00 PM,2,PARKED,,2024717,,MAZDA,TRIBUTE,IL,2004,NONE,PASSENGER,PERSONAL,UNKNOWN,PARKED,,,0,,,,,,,,,,,Y,Y,,,,,,SIDE-LEFT-REAR,,,,,,,,,,,,,,,,,,,,,,,,,,,,,,,,,
2123812,eede42231d39a4d1ba72e748b64c00a75fefc1bb8362e1dbcbf6b2e488cd366ee6daf5e1ebbd2356a8bf74d0e78061821d2a002a7a978208328e5e5d6e77a0b0,08/07/2025 08:19:00 PM,1,DRIVER,,2024647,,JEEP,GRAND CHEROKEE,IL,2018,NONE,SPORT UTILITY VEHICLE (SUV),PERSONAL,E,CHANGING LANES,,,1,,,,,,,,,,,,,,,,Y,,FRONT,,,,,,,,,,,,,,,,,,,,,,,,,,,,,,,,,
2123813,eede42231d39a4d1ba72e748b64c00a75fefc1bb8362e1dbcbf6b2e488cd366ee6daf5e1ebbd2356a8bf74d0e78061821d2a002a7a978208328e5e5d6e77a0b0,08/07/2025 08:19:00 PM,2,BICYCLE,,,,,,,,,,,,,,,,,,,,,,,,,,,,,,,,,,,,,,,,,,,,,,,,,,,,,,,,,,,,,,,,,,
2124989,d252c5c2a2f48fe88cd02c647c11944eff8a99cccf5bee8c04bc1a1704009e0b4fd2e6019b4d81cf79f6a02d6b4d175b5821a27286f33e556d4bba56d6d6b088,08/07/2025 08:13:00 PM,1,DRIVER,,2025755,,KIA,OTHER (EXPLAIN IN NARRATIVE),,,UNKNOWN,SPORT UTILITY VEHICLE (SUV),UNKNOWN/NA,S,STRAIGHT AHEAD,,,1,,,,,N,N,,,,,,,,,,,Y,FRONT-RIGHT-CORNER,,,,,,,,,,,,,,,,,,,,,,,,,,,,,,,,,
2124990,d252c5c2a2f48fe88cd02c647c11944eff8a99cccf5bee8c04bc1a1704009e0b4fd2e6019b4d81cf79f6a02d6b4d175b5821a27286f33e556d4bba56d6d6b088,08/07/2025 08:13:00 PM,2,DRIVER,1,2025764,,CADILLAC,ESCALADE,IN,2022,UNKNOWN,SPORT UTILITY VEHICLE (SUV),PERSONAL,S,STRAIGHT AHEAD,,,2,,,,,,,,,,,,Y,Y,Y,Y,,,SIDE-LEFT,,,,,,,,,,,,,,,,,,,,,,,,,,,,,,,,,
2123808,9b1f4a0354488d640e001e97c893deea6e0f2a857da647fde6954976ddd252d74e05ce51b871d7cae2093c557b8264b5684ac0aa67f162b5471b5619edb98b2c,08/07/2025 08:05:00 PM,1,DRIVER,,2024645,,TOYOTA,CAMRY,IL,2001,UNKNOWN,PASSENGER,PERSONAL,S,STRAIGHT AHEAD,,,1,,,,,Y,,,,,,,,,,Y,Y,,FRONT,,,,,,,,,,,,,,,,,,,,,,,,,,,,,,,,,
2123809,9b1f4a0354488d640e001e97c893deea6e0f2a857da647fde6954976ddd252d74e05ce51b871d7cae2093c557b8264b5684ac0aa67f162b5471b5619edb98b2c,08/07/2025 08:05:00 PM,2,DRIVER,,2024651,,TOYOTA,PRIUS,IL,2018,UNKNOWN,PASSENGER,PERSONAL,S,STRAIGHT AHEAD,,,1,,,,,,,,,Y,Y,Y,,,,,,,REAR,,,,,,,,,,,,,,,,,,,,,,,,,,,,,,,,,
2127487,27b75ca4da4fdd26e3c7112132d4598f85d81646d81ea00a1e4c112d5280e6a9946ef7597afdb41f038a1dff0b76fa2181f01aabe3f62ded0e0e885000fdf1bf,08/07/2025 08:01:00 PM,1,DRIVER,,2028128,,INFINITI,OTHER (EXPLAIN IN NARRATIVE),IL,2015,UNKNOWN,SPORT UTILITY VEHICLE (SUV),PERSONAL,UNKNOWN,STRAIGHT AHEAD,,,1,,,,,,,,,,,,,,,,,,OTHER,,,,,,,,,,,,,,,,,,,,,,,,,,,,,,,,,
2127488,27b75ca4da4fdd26e3c7112132d4598f85d81646d81ea00a1e4c112d5280e6a9946ef7597afdb41f038a1dff0b76fa2181f01aabe3f62ded0e0e885000fdf1bf,08/07/2025 08:01:00 PM,2,DRIVER,,2028138,,NISSAN,MURANO,IL,2009,UNKNOWN,SPORT UTILITY VEHICLE (SUV),PERSONAL,UNKNOWN,STRAIGHT AHEAD,,,1,,,,,,,,,,,Y,,,,,,,SIDE-LEFT-REAR,,,,,,,,,,,,,,,,,,,,,,,,,,,,,,,,,
2123827,fc852c2a09ab6573fffca17268f97b12f66b466ec932f1d9db79c24c7b2ff29ebe51943520d5457392aae65738227ca433adde54654edda81d572585db9f8894,08/07/2025 08:00:00 PM,1,DRIVER,,2024660,,UNKNOWN,OTHER (EXPLAIN IN NARRATIVE),,,UNKNOWN,UNKNOWN/NA,UNKNOWN/NA,UNKNOWN,UNKNOWN/NA,,,1,,,,,,,,,,,,,,,,,Y,UNKNOWN,,,,,,,,,,,,,,,,,,,,,,,,,,,,,,,,,
2123828,fc852c2a09ab6573fffca17268f97b12f66b466ec932f1d9db79c24c7b2ff29ebe51943520d5457392aae65738227ca433adde54654edda81d572585db9f8894,08/07/2025 08:00:00 PM,2,PARKED,,2024662,,DODGE,CHARGER,IL,2015,NONE,PASSENGER,PERSONAL,W,PARKED,,,0,,,,,,,,,,,,,,,,Y,,FRONT,,,,,,,,,,,,,,,,,,,,,,,,,,,,,,,,,
2123829,836406c44bb5a3c74bd62d682d31bc64344ba22718c9e8da235bae70461c12a132155ebf33977e3ee727d14c65c996ab2b45096d2042ff1aff5f9992b7b7b1eb,08/07/2025 07:54:00 PM,1,DRIVER,,2024666,,MINI,COOPER,IL,2013,UNKNOWN,PASSENGER,UNKNOWN/NA,E,STRAIGHT AHEAD,Y,,1,,STREETSANDSANS,701 S SACRAMENTO BLVD,,,,,,,,,,,,Y,Y,,FRONT-LEFT-CORNER,,,,,,,,,,,,,,,,,,,,,,,,,,,,,,,,,
2123830,836406c44bb5a3c74bd62d682d31bc64344ba22718c9e8da235bae70461c12a132155ebf33977e3ee727d14c65c996ab2b45096d2042ff1aff5f9992b7b7b1eb,08/07/2025 07:54:00 PM,2,DRIVER,,2024667,,TOYOTA,CAMRY,IL,2010,UNKNOWN,PASSENGER,PERSONAL,E,SLOW/STOP IN TRAFFIC,,,1,,,,,,,,Y,Y,Y,,,,,,,,REAR-RIGHT-CORNER,,,,,,,,,,,,,,,,,,,,,,,,,,,,,,,,,
2127271,5022e0a06a7cc75dc4901200b97aa16f33f8d36fcd73c782219b87d1e4da310aef314abe4e867dcf8e04939bfa0deec7e2715dff149f82601927dee54213e8e0,08/07/2025 07:50:00 PM,1,DRIVER,,2027933,,NISSAN,ROGUE,IL,2016,NONE,PASSENGER,PERSONAL,N,STRAIGHT AHEAD,,,1,,,,,,,,,,,,,,,,Y,,FRONT,,,,,,,,,,,,,,,,,,,,,,,,,,,,,,,,,
2127272,5022e0a06a7cc75dc4901200b97aa16f33f8d36fcd73c782219b87d1e4da310aef314abe4e867dcf8e04939bfa0deec7e2715dff149f82601927dee54213e8e0,08/07/2025 07:50:00 PM,2,DRIVER,,2027926,,AUDI,OTHER (EXPLAIN IN NARRATIVE),IL,2024,NONE,PASSENGER,PERSONAL,N,STARTING IN TRAFFIC,,,1,,,,,,,,,,Y,,,,,,N,,REAR,,,,,,,,,,,,,,,,,,,,,,,,,,,,,,,,,
2123876,ac8127dadd4abd27278046076a37eb805edac7ac2e390e003f7d40ffa6e372a1b248751075c7d108d967fec5ae50f90e0eb3e4662acba158175836cd2aec2cfa,08/07/2025 07:44:00 PM,1,DRIVER,,2024705,,SUZUKI,OTHER (EXPLAIN IN NARRATIVE),IL,2006,UNKNOWN,MOTORCYCLE (OVER 150CC),PERSONAL,NW,TURNING LEFT,Y,,1,,STREETS AND SANITATION,701 N SACRAMENTO AVE,,,,,,,,,,,,,Y,,UNKNOWN,,,,,,,,,,,,,,,,,,,,,,,,,,,,,,,,,
2123877,ac8127dadd4abd27278046076a37eb805edac7ac2e390e003f7d40ffa6e372a1b248751075c7d108d967fec5ae50f90e0eb3e4662acba158175836cd2aec2cfa,08/07/2025 07:44:00 PM,2,DRIVER,,2024713,,DUCATI,OTHER (EXPLAIN IN NARRATIVE),IL,2014,UNKNOWN,MOTORCYCLE (OVER 150CC),PERSONAL,NW,TURNING LEFT,Y,,1,,PRIVATE,,,,,,,,,,,,,,,Y,UNKNOWN,,,,,,,,,,,,,,,,,,,,,,,,,,,,,,,,,
2123804,8e45402f48464ad137b7036d8d2377976de9557507ea9d39a849f52d9e8e43968c4885789916213c34527256e27a7a72e82c45602f6fd5ee249691cc26b989c0,08/07/2025 07:40:00 PM,1,DRIVER,,2024641,,GENERAL MOTORS CORPORATION (GMC),ACADIA,IL,2014,UNKNOWN,SPORT UTILITY VEHICLE (SUV),PERSONAL,E,U-TURN,,,1,,,,,Y,Y,,,,,,,,,,,,FRONT-RIGHT-CORNER,,,,,,,,,,,,,,,,,,,,,,,,,,,,,,,,,
2123805,8e45402f48464ad137b7036d8d2377976de9557507ea9d39a849f52d9e8e43968c4885789916213c34527256e27a7a72e82c45602f6fd5ee249691cc26b989c0,08/07/2025 07:40:00 PM,2,DRIVER,1,2024643,,UNKNOWN,OTHER (EXPLAIN IN NARRATIVE),,,UNKNOWN,MOPED OR MOTORIZED BICYCLE,PERSONAL,E,STRAIGHT AHEAD,,,2,,,,,,,,,,,,,,,,,,FRONT,,,,,,,,,,,,,,,,,,,,,,,,,,,,,,,,,
2123784,679c13772b8874c3d5e3c962a34c0bdf114413c024bda2a2913ee49f8460318aa21ded9e6ec663773f5e0869a47a855b651bcebdf2ff380d6d7ba9ced99619ce,08/07/2025 07:30:00 PM,1,DRIVER,,2024623,,NISSAN,ALTIMA,IL,2015,UNKNOWN,PASSENGER,PERSONAL,UNKNOWN,STRAIGHT AHEAD,,,1,,,,,Y,,,,,,,,,,Y,Y,,FRONT,,,,,,,,,,,,,,,,,,,,,,,,,,,,,,,,,
2123785,679c13772b8874c3d5e3c962a34c0bdf114413c024bda2a2913ee49f8460318aa21ded9e6ec663773f5e0869a47a855b651bcebdf2ff380d6d7ba9ced99619ce,08/07/2025 07:30:00 PM,2,DRIVER,,2024629,,BMW,X5,IL,2018,UNKNOWN,SPORT UTILITY VEHICLE (SUV),DRIVER EDUCATION,UNKNOWN,SLOW/STOP IN TRAFFIC,,,1,,,,,,,,,Y,Y,Y,,,,,,,REAR-LEFT-CORNER,,,,,,,,,,,,,,,,,,,,,,,,,,,,,,,,,
2123816,67af3d1c9ff258c11cea113846b6441ae5a3a33404c5a17df46a89305d11722939cd8abd25efb1052ae33a751b6d77643fab1898ced17c8cf622a18dce9f2c64,08/07/2025 07:24:00 PM,1,DRIVER,,2024653,,MERCEDES-BENZ,OTHER (EXPLAIN IN NARRATIVE),IL,2024,NONE,PASSENGER,PERSONAL,NW,STRAIGHT AHEAD,Y,,1,,Owner,Owner,,Y,,,,,,,,,,,,,FRONT-RIGHT-CORNER,,,,,,,,,,,,,,,,,,,,,,,,,,,,,,,,,
2123786,3f2480b0b2fb8ff61bd0799bb6001f69ad73e939279f6603ff7766a2b755fb194a8833137f8fb4484d304f06f48cab30f32bff21058836f9fc5bd1fb575df828,08/07/2025 07:16:00 PM,1,DRIVER,,2024625,,LEXUS,RX400H,IL,2006,UNKNOWN,PASSENGER,PERSONAL,W,BACKING,,,1,,,,,,,,,N,N,Y,,,,,,,REAR-LEFT-CORNER,,,,,,,,,,,,,,,,,,,,,,,,,,,,,,,,,
2123787,3f2480b0b2fb8ff61bd0799bb6001f69ad73e939279f6603ff7766a2b755fb194a8833137f8fb4484d304f06f48cab30f32bff21058836f9fc5bd1fb575df828,08/07/2025 07:16:00 PM,2,PARKED,,2024631,,CHRYSLER,TOWN & COUNTRY,IL,2016,UNKNOWN,VAN/MINI-VAN,PERSONAL,S,PARKED,,,0,,,,,,,,,,,,,Y,,,,,SIDE-LEFT,,,,,,,,,,,,,,,,,,,,,,,,,,,,,,,,,
2124766,34964e037010ee6cec1394d00acbb62cae235d3950a862c292a8883f865cf7d597af4dec933091b65eb52a78a45f73b9ba28df5f574495b53064ed312aa63b7a,08/07/2025 07:15:00 PM,1,DRIVER,,2025537,,LINCOLN,NAVIGATOR,,,UNKNOWN,PASSENGER,UNKNOWN/NA,N,TURNING RIGHT,,,1,,,,,,,,,,,,,,,Y,,,FRONT-LEFT-CORNER,,,,,,,,,,,,,,,,,,,,,,,,,,,,,,,,,
2124767,34964e037010ee6cec1394d00acbb62cae235d3950a862c292a8883f865cf7d597af4dec933091b65eb52a78a45f73b9ba28df5f574495b53064ed312aa63b7a,08/07/2025 07:15:00 PM,2,DRIVER,,2025538,,TESLA,MODEL Y,IL,,UNKNOWN,PASSENGER,PERSONAL,E,STRAIGHT AHEAD,,,1,,,,,,,,,Y,,,,,,,,,REAR-RIGHT-CORNER,,,,,,,,,,,,,,,,,,,,,,,,,,,,,,,,,
2136692,db4616cf70efef587d383a5baee633ca2ce9f78b040cdd576df3ddf52f18f126b722375df4829639042d5af3ebf38306462066cf655cc63ed93491f717cd7b91,08/07/2025 07:12:00 PM,1,DRIVER,1,2036865,,LEXUS,IS250,IL,2014,NONE,PASSENGER,PERSONAL,E,TURNING RIGHT,,,2,,,,,,,,,,,,,,,Y,,,REAR-LEFT-CORNER,,,,,,,,,,,,,,,,,,,,,,,,,,,,,,,,,
2136693,db4616cf70efef587d383a5baee633ca2ce9f78b040cdd576df3ddf52f18f126b722375df4829639042d5af3ebf38306462066cf655cc63ed93491f717cd7b91,08/07/2025 07:12:00 PM,2,DRIVER,,2036866,,TOYOTA,CAMRY,IL,2018,NONE,PASSENGER,PERSONAL,E,CHANGING LANES,,,1,,,,,,,,Y,,,,,,,,,,SIDE-RIGHT-REAR,,,,,,,,,,,,,,,,,,,,,,,,,,,,,,,,,
2123780,62440de3156257f4f31c7974d23be62a7411b01de5dcfa8462c5ce0190ae9f0e89a22b3f77398bc8757b6a8cf9015bd3749a98ff4a1df77383f89a1cf1b913cd,08/07/2025 07:00:00 PM,1,DRIVER,,2024617,,JEEP,GLADIATOR,IL,2021,NONE,PASSENGER,PERSONAL,W,TURNING LEFT,,,1,,,,,,,,,,,,,,Y,N,,,SIDE-LEFT,,,,,,,,,,,,,,,,,,,,,,,,,,,,,,,,,
2123781,62440de3156257f4f31c7974d23be62a7411b01de5dcfa8462c5ce0190ae9f0e89a22b3f77398bc8757b6a8cf9015bd3749a98ff4a1df77383f89a1cf1b913cd,08/07/2025 07:00:00 PM,2,PEDESTRIAN,,,,,,,,,,,,,,,,,,,,,,,,,,,,,,,,,,,,,,,,,,,,,,,,,,,,,,,,,,,,,,,,,,
2127874,77179b652caa1846a26cba721ea392791cd5a0c63482a3d38768247fa0f658877e847c0156028c5f46d0720ac865025f71f3991f17e81dbd73df5f00d89389ee,08/07/2025 07:00:00 PM,1,DRIVER,,2028496,,UNKNOWN,OTHER (EXPLAIN IN NARRATIVE),IL,,UNKNOWN,UNKNOWN/NA,UNKNOWN/NA,UNKNOWN,UNKNOWN/NA,,,1,,,,,,,,,,,,,,,,,Y,UNKNOWN,,,,,,,,,,,,,,,,,,,,,,,,,,,,,,,,,
2127875,77179b652caa1846a26cba721ea392791cd5a0c63482a3d38768247fa0f658877e847c0156028c5f46d0720ac865025f71f3991f17e81dbd73df5f00d89389ee,08/07/2025 07:00:00 PM,2,PARKED,,2028499,,BMW,M-3,IL,2025,UNKNOWN,PASSENGER,NOT IN USE,UNKNOWN,PARKED,,,0,,,,,,,,,,,Y,Y,,,,,,REAR-LEFT-CORNER,,,,,,,,,,,,,,,,,,,,,,,,,,,,,,,,,
2123802,fc9c97afac062ce95960e6855fddb6ad8c11b3f18cdb95bbfe52b0f222424b065b8713684cb4809c8f7c315bb95f949cdfbe7e1c5226425b3fb687ce73fc8c15,08/07/2025 06:55:00 PM,1,DRIVER,,2024639,,TOYOTA,CAMRY,IL,2010,NONE,PASSENGER,PERSONAL,W,STRAIGHT AHEAD,,,1,,,,,,,,,,,,,,,,Y,,FRONT,,,,,,,,,,,,,,,,,,,,,,,,,,,,,,,,,
2123803,fc9c97afac062ce95960e6855fddb6ad8c11b3f18cdb95bbfe52b0f222424b065b8713684cb4809c8f7c315bb95f949cdfbe7e1c5226425b3fb687ce73fc8c15,08/07/2025 06:55:00 PM,2,DRIVER,,2024642,,DODGE,JOURNEY,IL,2016,NONE,PASSENGER,PERSONAL,W,STRAIGHT AHEAD,,,1,,,,,,,,,,Y,,,,,,,,REAR,,,,,,,,,,,,,,,,,,,,,,,,,,,,,,,,,
2123730,7e3d642948d676e5ddb3dd7edc3c63375da07797131cfdbb8ded6a6058eaba8a009b00d28635af81c61baa5024a9a8afcae61dd7d078a606a1947ffc12e37dd4,08/07/2025 06:45:00 PM,1,DRIVER,,2024571,,FORD,TRANSIT,IL,2020,NONE,BUS UP TO 15 PASS.,OTHER,N,STRAIGHT AHEAD,,,1,,,,,,,,Y,Y,,,,,,,,,REAR-RIGHT-CORNER,,,,,,,,,,,,,,,,,,,,,,,,,,,,,,,,,
2123731,7e3d642948d676e5ddb3dd7edc3c63375da07797131cfdbb8ded6a6058eaba8a009b00d28635af81c61baa5024a9a8afcae61dd7d078a606a1947ffc12e37dd4,08/07/2025 06:45:00 PM,2,PARKED,,2024577,,FORD,ECOSPORT,IL,2018,NONE,PASSENGER,UNKNOWN/NA,N,PARKED,,,0,,,,,,,,,,,,Y,Y,Y,Y,Y,,SIDE-LEFT,,,,,,,,,,,,,,,,,,,,,,,,,,,,,,,,,
2123763,a438106153fa77b8d06febbcfcfe6b0bf8be61a9f10172f6c8402cfe104585356e50958a32d2a1457765f2ddebb4c520b38ce8cdd61ba880a0674bf8d21261fa,08/07/2025 06:45:00 PM,1,DRIVER,,2024602,,CHEVROLET,EQUINOX,IL,2024,NONE,PASSENGER,PERSONAL,E,STRAIGHT AHEAD,,,1,,,,,Y,,,,,,,,,,Y,Y,,FRONT,,,,,,,,,,,,,,,,,,,,,,,,,,,,,,,,,
2123764,a438106153fa77b8d06febbcfcfe6b0bf8be61a9f10172f6c8402cfe104585356e50958a32d2a1457765f2ddebb4c520b38ce8cdd61ba880a0674bf8d21261fa,08/07/2025 06:45:00 PM,2,DRIVER,,2024613,,NISSAN,ROGUE,IL,2018,NONE,PASSENGER,PERSONAL,N,STRAIGHT AHEAD,Y,,1,,PRIVATE,UNKNOWN,,,,,,,,,Y,Y,Y,Y,,,FRONT-LEFT-CORNER,,,,,,,,,,,,,,,,,,,,,,,,,,,,,,,,,
2127673,74e09beb0f06ce78bf40d93a4f9f95ce642840ce8b494fea345ad1c111df1811773f33f2888de84a3e173b8c04cfc8e3d585ea6852050eae98d4916d06d3eac1,08/07/2025 06:40:00 PM,1,DRIVER,,2028302,,DODGE,JOURNEY,IL,2019,NONE,SPORT UTILITY VEHICLE (SUV),PERSONAL,N,STRAIGHT AHEAD,,,1,,,,,,,,,,,,,,,,,Y,FRONT,,,,,,,,,,,,,,,,,,,,,,,,,,,,,,,,,
2127674,74e09beb0f06ce78bf40d93a4f9f95ce642840ce8b494fea345ad1c111df1811773f33f2888de84a3e173b8c04cfc8e3d585ea6852050eae98d4916d06d3eac1,08/07/2025 06:40:00 PM,2,DRIVER,,2028304,,TOYOTA,CAMRY,IL,2009,NONE,PASSENGER,PERSONAL,N,SLOW/STOP IN TRAFFIC,,,1,,,,,,,,,Y,Y,Y,,,,,,,REAR,,,,,,,,,,,,,,,,,,,,,,,,,,,,,,,,,
2123752,a48a4db0558468e222725de1be89ab11a90a0f556d502435e12370e00b77a5ac6a16bdd09fdb0c11b43c906913b428ca188c3933bb7ea396ae5d9049bfbeece2,08/07/2025 06:40:00 PM,1,DRIVER,,2024591,,MERCURY,MOUNTAINEER,IL,2006,UNKNOWN,SPORT UTILITY VEHICLE (SUV),PERSONAL,E,PASSING/OVERTAKING,,,1,,,,,,,,,,,,,,,,,,UNKNOWN,,,,,,,,,,,,,,,,,,,,,,,,,,,,,,,,,
2123753,a48a4db0558468e222725de1be89ab11a90a0f556d502435e12370e00b77a5ac6a16bdd09fdb0c11b43c906913b428ca188c3933bb7ea396ae5d9049bfbeece2,08/07/2025 06:40:00 PM,2,BICYCLE,,,,,,,,,,,,,,,,,,,,,,,,,,,,,,,,,,,,,,,,,,,,,,,,,,,,,,,,,,,,,,,,,,
2123769,b33ae44acf0baa9dcd28ce360cef7640a0565004faa3da55191208f59317289e7876d5e26ab732ddfb896f88549c8ca762c73d6a540b86ab62d95e1064f7a67f,08/07/2025 06:40:00 PM,1,BICYCLE,,,,,,,,,,,,,,,,,,,,,,,,,,,,,,,,,,,,,,,,,,,,,,,,,,,,,,,,,,,,,,,,,,
2123770,b33ae44acf0baa9dcd28ce360cef7640a0565004faa3da55191208f59317289e7876d5e26ab732ddfb896f88549c8ca762c73d6a540b86ab62d95e1064f7a67f,08/07/2025 06:40:00 PM,2,DRIVER,,2024609,,CHEVROLET,TAHOE,IL,2007,NONE,PASSENGER,PERSONAL,E,STRAIGHT AHEAD,,,1,,,,,,Y,Y,Y,,,,,,,,,,SIDE-RIGHT-FRONT,,,,,,,,,,,,,,,,,,,,,,,,,,,,,,,,,
2123744,a7a0e85de72dc847176a9176061dd3b633bfe1ca258c622e148c8656fffd82088bcc9010db3a4bd9edb735af79be7f67baabb14ee018bd2e587b073ddc618cdc,08/07/2025 06:34:00 PM,1,DRIVER,,2024583,,VOLKSWAGEN,TIGUAN,IL,2015,NONE,PASSENGER,PERSONAL,W,CHANGING LANES,,,1,,,,,,,,,,,,,,,,,Y,UNKNOWN,,,,,,,,,,,,,,,,,,,,,,,,,,,,,,,,,
2123756,a7a0e85de72dc847176a9176061dd3b633bfe1ca258c622e148c8656fffd82088bcc9010db3a4bd9edb735af79be7f67baabb14ee018bd2e587b073ddc618cdc,08/07/2025 06:34:00 PM,2,PEDESTRIAN,,,,,,,,,,,,,,,,,,,,,,,,,,,,,,,,,,,,,,,,,,,,,,,,,,,,,,,,,,,,,,,,,,
2123754,171d5ff1e23d8192ff51350549d9d6e2fb076a2500770051f265234162991d339f318de39cb83ece219afb56ed54c212ad0f2979b603062deb94b1446fb072a5,08/07/2025 06:32:00 PM,1,DRIVER,,2024597,,VOLKSWAGEN,GOLF,IL,2016,NONE,PASSENGER,PERSONAL,NW,STRAIGHT AHEAD,Y,,1,,PRIVATE,,,Y,Y,,,,,,,,,,,,FRONT-RIGHT-CORNER,,,,,,,,,,,,,,,,,,,,,,,,,,,,,,,,,
2123755,171d5ff1e23d8192ff51350549d9d6e2fb076a2500770051f265234162991d339f318de39cb83ece219afb56ed54c212ad0f2979b603062deb94b1446fb072a5,08/07/2025 06:32:00 PM,2,PARKED,,2024605,,CHEVROLET,TRAVERSE,IL,2020,NONE,PASSENGER,PERSONAL,W,PARKED,Y,,0,,PRIVATE,,,,,,,,,Y,Y,,,,,,REAR-LEFT-CORNER,,,,,,,,,,,,,,,,,,,,,,,,,,,,,,,,,
2123806,b075c2aa4304ceac37ba9e8ea8349ea719c3cb7f535010749fca48951e174338da6c5b1e2dc5a2d6524f448606c9ae1f15d6a8e88a15f3cffb14100f1d7884e4,08/07/2025 06:31:00 PM,1,DRIVER,,2024644,,TOYOTA,CAMRY,IL,2023,UNKNOWN,PASSENGER,PERSONAL,W,STRAIGHT AHEAD,,,1,,,,,,,,,,,,,,,,Y,,FRONT,,,,,,,,,,,,,,,,,,,,,,,,,,,,,,,,,
2123807,b075c2aa4304ceac37ba9e8ea8349ea719c3cb7f535010749fca48951e174338da6c5b1e2dc5a2d6524f448606c9ae1f15d6a8e88a15f3cffb14100f1d7884e4,08/07/2025 06:31:00 PM,2,PEDESTRIAN,,,,,,,,,,,,,,,,,,,,,,,,,,,,,,,,,,,,,,,,,,,,,,,,,,,,,,,,,,,,,,,,,,
2123771,04bc05bc7a04f6ef51c0b12b15815a2cbde8d5c422f4ae86027345da1b48068b0ae62fd3447eae795ec6fbc8f065a26767a12da89418e1f67865097ebf316aff,08/07/2025 06:30:00 PM,1,DRIVER,,2024610,,UNKNOWN,MOTORIZED,,,UNKNOWN,UNKNOWN/NA,UNKNOWN/NA,UNKNOWN,UNKNOWN/NA,,,1,,,,,,,,,,,,,,,,,Y,UNKNOWN,,,,,,,,,,,,,,,,,,,,,,,,,,,,,,,,,
2123772,04bc05bc7a04f6ef51c0b12b15815a2cbde8d5c422f4ae86027345da1b48068b0ae62fd3447eae795ec6fbc8f065a26767a12da89418e1f67865097ebf316aff,08/07/2025 06:30:00 PM,2,PARKED,,2024614,,CHRYSLER,TOWN & COUNTRY,IL,2015,UNKNOWN,VAN/MINI-VAN,UNKNOWN/NA,UNKNOWN,PARKED,,,0,,,,,,,,,,,,,,,Y,,,UNKNOWN,,,,,,,,,,,,,,,,,,,,,,,,,,,,,,,,,
2123782,07a0df4771dc2d80fa3b3df7ca879743889e1d2c512918786cb294b5df0b27e6deec8037a2e43f8677daded5c846639e1f3af8f4cfbebbbc831ff0cbca36c0e6,08/07/2025 06:30:00 PM,1,DRIVER,,2024619,,CHEVROLET,VAN,IL,2008,UNKNOWN,VAN/MINI-VAN,PERSONAL,NE,TURNING RIGHT,,,1,,,,,,,Y,Y,Y,,,,,,,,,REAR-RIGHT-CORNER,,,,,,,,,,,,,,,,,,,,,,,,,,,,,,,,,
2123783,07a0df4771dc2d80fa3b3df7ca879743889e1d2c512918786cb294b5df0b27e6deec8037a2e43f8677daded5c846639e1f3af8f4cfbebbbc831ff0cbca36c0e6,08/07/2025 06:30:00 PM,2,DRIVER,1,2024628,,CHRYSLER,300,IL,2018,UNKNOWN,PASSENGER,PERSONAL,N,UNKNOWN/NA,,,2,,,,,Y,,,,,,,,,,Y,Y,,FRONT,,,,,,,,,,,,,,,,,,,,,,,,,,,,,,,,,
2123738,0d998933f75245b2dcc625dff885759d138a4595d51a0b7e3d343d38a2361002ec1cc654ce26ed84cdec79239b0238f45ffb445cc473c62cd74924e80002d630,08/07/2025 06:30:00 PM,1,DRIVER,,2024579,,UNKNOWN,OTHER (EXPLAIN IN NARRATIVE),IL,,NONE,PASSENGER,PERSONAL,W,STRAIGHT AHEAD,,,1,,,,,,,,,,,,,,Y,Y,,,FRONT-LEFT-CORNER,,,,,,,,,,,,,,,,,,,,,,,,,,,,,,,,,