CRASH_UNIT_ID,CRASH_RECORD_ID,CRASH_DATE,UNIT_NO,UNIT_TYPE,NUM_PASSENGERS,VEHICLE_ID,CMRC_VEH_I,MAKE,MODEL,LIC_PLATE_STATE,VEHICLE_YEAR,VEHICLE_DEFECT,VEHICLE_TYPE,VEHICLE_USE,TRAVEL_DIRECTION,MANEUVER,TOWED_I,FIRE_I,OCCUPANT_CNT,EXCEED_SPEED_LIMIT_I,TOWED_BY,TOWED_TO,AREA_00_I,AREA_01_I,AREA_02_I,AREA_03_I,AREA_04_I,AREA_05_I,AREA_06_I,AREA_07_I,AREA_08_I,AREA_09_I,AREA_10_I,AREA_11_I,AREA_12_I,AREA_99_I,FIRST_CONTACT_POINT,CMV_ID,USDOT_NO,CCMC_NO,ILCC_NO,COMMERCIAL_SRC,GVWR,CARRIER_NAME,CARRIER_STATE,CARRIER_CITY,HAZMAT_PLACARDS_I,HAZMAT_NAME,UN_NO,HAZMAT_PRESENT_I,HAZMAT_REPORT_I,HAZMAT_REPORT_NO,MCS_REPORT_I,MCS_REPORT_NO,HAZMAT_VIO_CAUSE_CRASH_I,MCS_VIO_CAUSE_CRASH_I,IDOT_PERMIT_NO,WIDE_LOAD_I,TRAILER1_WIDTH,TRAILER2_WIDTH,TRAILER1_LENGTH,TRAILER2_LENGTH,TOTAL_VEHICLE_LENGTH,AXLE_CNT,VEHICLE_CONFIG,CARGO_BODY_TYPE,LOAD_TYPE,HAZMAT_OUT_OF_SERVICE_I,MCS_OUT_OF_SERVICE_I,HAZMAT_CLASS
2123739,0d998933f75245b2dcc625dff885759d138a4595d51a0b7e3d343d38a2361002ec1cc654ce26ed84cdec79239b0238f45ffb445cc473c62cd74924e80002d630,08/07/2025 06:30:00 PM,2,DRIVER,,2024580,,TOYOTA,CAMRY,IL,2005,NONE,PASSENGER,PERSONAL,W,STRAIGHT AHEAD,,,1,,,,,,,,Y,Y,,,,,,,,,SIDE-RIGHT-REAR,,,,,,,,,,,,,,,,,,,,,,,,,,,,,,,,,
2123798,2ed81f2d0e2de96d4342e206bf7c0fad0d61f751517810c5e11331353b56e4a7361dccde5ef9f93f03b379b5cd7ed7a68de13064f07c02d6046f4a036f0997ef,08/07/2025 06:30:00 PM,1,DRIVER,,2024634,,TOYOTA,COROLLA,IL,2020,UNKNOWN,PASSENGER,PERSONAL,UNKNOWN,CHANGING LANES,,,1,,,,,,,,,,,Y,Y,Y,Y,,,,SIDE-LEFT,,,,,,,,,,,,,,,,,,,,,,,,,,,,,,,,,
2123799,2ed81f2d0e2de96d4342e206bf7c0fad0d61f751517810c5e11331353b56e4a7361dccde5ef9f93f03b379b5cd7ed7a68de13064f07c02d6046f4a036f0997ef,08/07/2025 06:30:00 PM,2,DRIVER,,2024636,,CHEVROLET,VOLT,IL,2017,UNKNOWN,PASSENGER,PERSONAL,UNKNOWN,STRAIGHT AHEAD,,,1,,,,,Y,Y,Y,,,,,,,,,,,FRONT-RIGHT-CORNER,,,,,,,,,,,,,,,,,,,,,,,,,,,,,,,,,
2123726,b60f02de000a3e5e18d7bee69ae97973f109bfb68ead13de1ccf83247f240dc80d5e1cdac835852adcfa6d14cbe0aaf2077fe780a0e0a5fb8e35d8cbcae166c7,08/07/2025 06:25:00 PM,1,DRIVER,,2024566,,CHEVROLET,VOLT,IL,2017,UNKNOWN,UNKNOWN/NA,UNKNOWN/NA,UNKNOWN,TURNING LEFT,,,1,,,,,,,,,,,,,,,,Y,,FRONT,,,,,,,,,,,,,,,,,,,,,,,,,,,,,,,,,
2123727,b60f02de000a3e5e18d7bee69ae97973f109bfb68ead13de1ccf83247f240dc80d5e1cdac835852adcfa6d14cbe0aaf2077fe780a0e0a5fb8e35d8cbcae166c7,08/07/2025 06:25:00 PM,2,DRIVER,,2024570,,TOYOTA,COROLLA,IL,2020,UNKNOWN,PASSENGER,UNKNOWN/NA,N,STRAIGHT AHEAD,,,1,,,,,,,,,,,Y,Y,,,,,,SIDE-LEFT-REAR,,,,,,,,,,,,,,,,,,,,,,,,,,,,,,,,,
2123788,f515bc599b6f45713fd72ebf16b0949357dd7af1cdcb31b913d52491de7257a55df10b4abf3ca4784b77853b967b076e507f21bbc75451c8512dd63854b77104,08/07/2025 06:23:00 PM,1,DRIVER,,2024620,,BMW,325I,IL,2013,UNKNOWN,PASSENGER,PERSONAL,E,TURNING LEFT,Y,,1,,city of chicago,701 North Sacramento Blvd,,Y,Y,,,,,,,,Y,Y,Y,,FRONT,,,,,,,,,,,,,,,,,,,,,,,,,,,,,,,,,
2123789,f515bc599b6f45713fd72ebf16b0949357dd7af1cdcb31b913d52491de7257a55df10b4abf3ca4784b77853b967b076e507f21bbc75451c8512dd63854b77104,08/07/2025 06:23:00 PM,2,DRIVER,,2024630,,HONDA,CIVIC,IL,2017,UNKNOWN,PASSENGER,PERSONAL,W,STRAIGHT AHEAD,Y,,1,,unknown,unknown,,Y,Y,,,,,,,,Y,Y,Y,,FRONT,,,,,,,,,,,,,,,,,,,,,,,,,,,,,,,,,
2123722,a16e8be9b86a8950442aafe022efa384b5a0ee279f590bd4d7e477da94f36af1e41a4ca4d9279b5b162606e91ac8e3ec234ba897248d837592c024f063e262e0,08/07/2025 06:22:00 PM,1,DRIVER,,2024564,,FORD,ESCAPE,IL,2016,UNKNOWN,PASSENGER,PERSONAL,N,TURNING LEFT,,,1,,,,,Y,,,,,,,,,,Y,Y,,FRONT,,,,,,,,,,,,,,,,,,,,,,,,,,,,,,,,,
2123723,a16e8be9b86a8950442aafe022efa384b5a0ee279f590bd4d7e477da94f36af1e41a4ca4d9279b5b162606e91ac8e3ec234ba897248d837592c024f063e262e0,08/07/2025 06:22:00 PM,2,DRIVER,2,2024574,,NISSAN,ALTIMA,IL,2003,UNKNOWN,PASSENGER,PERSONAL,S,STRAIGHT AHEAD,,,3,,,,,,,,,,,,,,Y,Y,Y,,FRONT-LEFT-CORNER,,,,,,,,,,,,,,,,,,,,,,,,,,,,,,,,,
2123796,cf02c683057b62db247dcb4d9b23cb0a49c4b15b5557d4bd5ea0950e018082e00b04ddac171c23634d044c1aaf326e46a30ef5e61dd57cfc6c76b3fdb2e89c83,08/07/2025 06:22:00 PM,1,DRIVER,1,2024632,,FORD,MUSTANG,IL,2009,NONE,PASSENGER,PERSONAL,W,STRAIGHT AHEAD,,,2,,,,,,,,,,,,,,,,,Y,SIDE-RIGHT,,,,,,,,,,,,,,,,,,,,,,,,,,,,,,,,,
2123797,cf02c683057b62db247dcb4d9b23cb0a49c4b15b5557d4bd5ea0950e018082e00b04ddac171c23634d044c1aaf326e46a30ef5e61dd57cfc6c76b3fdb2e89c83,08/07/2025 06:22:00 PM,2,DRIVER,,2024635,,HYUNDAI,OTHER (EXPLAIN IN NARRATIVE),IL,2024,NONE,PICKUP,OTHER,W,SLOW/STOP IN TRAFFIC,,,1,,,,,,,,,,,Y,,,,,,,REAR-LEFT-CORNER,,,,,,,,,,,,,,,,,,,,,,,,,,,,,,,,,
2123778,856088cfa0b86e5e24ce1b871412e9d581bb0c03cb252084eaa6ae446cd6ad5562557d164ecf1fa0c908616f68c7af1e2acde37ac7171f54c347c9c3c09177df,08/07/2025 06:20:00 PM,1,DRIVER,,2024616,,TOYOTA,COROLLA,IL,1994,NONE,PASSENGER,PERSONAL,N,CHANGING LANES,,,1,,,,,,,,,,,,,,,Y,,,FRONT-LEFT-CORNER,,,,,,,,,,,,,,,,,,,,,,,,,,,,,,,,,
2123779,856088cfa0b86e5e24ce1b871412e9d581bb0c03cb252084eaa6ae446cd6ad5562557d164ecf1fa0c908616f68c7af1e2acde37ac7171f54c347c9c3c09177df,08/07/2025 06:20:00 PM,2,DRIVER,1,2024626,,FORD,TRANSIT,IL,2015,NONE,PASSENGER,PERSONAL,N,STRAIGHT AHEAD,,,2,,,,,Y,Y,Y,,,,,,,,,,,SIDE-LEFT,,,,,,,,,,,,,,,,,,,,,,,,,,,,,,,,,
2123776,2756a957c7381ea69a4965cb2155582a3715bda0652f7d54bc50021831116f9a4e7dac797e7c13a5fdc012785faeebfef52ce33c71a71c941fc5c040586fb98e,08/07/2025 06:15:00 PM,1,DRIVER,,2024621,,FORD,EXPLORER,IL,2019,UNKNOWN,PASSENGER,UNKNOWN/NA,S,STRAIGHT AHEAD,,,1,,,,,,,,,,,,,,Y,Y,,,SIDE-LEFT-FRONT,,,,,,,,,,,,,,,,,,,,,,,,,,,,,,,,,
2123777,2756a957c7381ea69a4965cb2155582a3715bda0652f7d54bc50021831116f9a4e7dac797e7c13a5fdc012785faeebfef52ce33c71a71c941fc5c040586fb98e,08/07/2025 06:15:00 PM,2,DRIVER,2,2024627,,TOYOTA,YARIS,IL,2008,UNKNOWN,PASSENGER,PERSONAL,S,STRAIGHT AHEAD,,,3,,,,,Y,Y,Y,,,,,,,,,,,SIDE-RIGHT-FRONT,,,,,,,,,,,,,,,,,,,,,,,,,,,,,,,,,
2123761,2d95febbdad3b0f68f7ed4ba3b44d5a5c985dcf02ae44f9129af98b592b6c01f2b4842a7b02e9d3955cf5af5305b1ad39e089b98ff958d4ed6985d7519fa765e,08/07/2025 06:00:00 PM,1,DRIVER,,2024594,,UNKNOWN,OTHER (EXPLAIN IN NARRATIVE),IL,,UNKNOWN,UNKNOWN/NA,UNKNOWN/NA,UNKNOWN,UNKNOWN/NA,,,1,,,,,,,,,,,,,,,,,Y,UNKNOWN,,,,,,,,,,,,,,,,,,,,,,,,,,,,,,,,,
2123762,2d95febbdad3b0f68f7ed4ba3b44d5a5c985dcf02ae44f9129af98b592b6c01f2b4842a7b02e9d3955cf5af5305b1ad39e089b98ff958d4ed6985d7519fa765e,08/07/2025 06:00:00 PM,2,PARKED,,2024598,,LINCOLN,MKZ,IL,2016,NONE,PASSENGER,PERSONAL,S,PARKED,,,0,,,,,,,,,,Y,Y,Y,Y,,,,,REAR-LEFT-CORNER,,,,,,,,,,,,,,,,,,,,,,,,,,,,,,,,,
2123742,39e2da4353e35747a694eb013e1d6bf0af7d38444ef0c0c0d8c3953d0522988e17fd95d84914e645490de02547456243371438cce6870c82f9e6437005b7ea17,08/07/2025 06:00:00 PM,1,DRIVER,,2024582,,TOYOTA,TUNDRA,IL,2013,NONE,PICKUP,PERSONAL,S,BACKING,,,1,,,,,,,,,,,,,,,,,,REAR,,,,,,,,,,,,,,,,,,,,,,,,,,,,,,,,,
2123743,39e2da4353e35747a694eb013e1d6bf0af7d38444ef0c0c0d8c3953d0522988e17fd95d84914e645490de02547456243371438cce6870c82f9e6437005b7ea17,08/07/2025 06:00:00 PM,2,DRIVER,,2024590,,LEXUS,ES,IL,2023,NONE,PASSENGER,PERSONAL,UNKNOWN,STRAIGHT AHEAD,,,1,,,,,,,,,,,,,,,,Y,,FRONT,,,,,,,,,,,,,,,,,,,,,,,,,,,,,,,,,
2123750,d3023f52e861be050c41403f97daa3c39ed2984986d0bf9951d090859c9c6cd2034e0ec6ba530068e9b41419f2d2488735aa81cd5f1b6540b68d7777b39cd2ba,08/07/2025 06:00:00 PM,1,DRIVER,,2024603,,LAND ROVER,RANGE ROVER (EVOQUE / SPORT / VELAR),IL,2016,UNKNOWN,PASSENGER,PERSONAL,S,BACKING,,,1,,,,,,,,,Y,Y,N,,,,,,,REAR,,,,,,,,,,,,,,,,,,,,,,,,,,,,,,,,,
2123751,d3023f52e861be050c41403f97daa3c39ed2984986d0bf9951d090859c9c6cd2034e0ec6ba530068e9b41419f2d2488735aa81cd5f1b6540b68d7777b39cd2ba,08/07/2025 06:00:00 PM,2,PARKED,1,2024633,,HYUNDAI,ELANTRA,IL,2025,UNKNOWN,PASSENGER,PERSONAL,E,PARKED,,,1,,,,,Y,Y,,,,,,,,,,,,FRONT-RIGHT-CORNER,,,,,,,,,,,,,,,,,,,,,,,,,,,,,,,,,
2123721,8785b64791e09c77f1c8681a6262f240980eb7d727db492d959627125f4a927e9e987520ed44dfc0c17a61020653c265ee11eae19ee754d80fde5cbfc442f573,08/07/2025 05:55:00 PM,1,DRIVER,,2024567,,TESLA,MODEL Y,IL,2023,UNKNOWN,PASSENGER,PERSONAL,W,OTHER,Y,,1,,,,,Y,Y,,,,Y,,,,Y,Y,Y,,FRONT,,,,,,,,,,,,,,,,,,,,,,,,,,,,,,,,,
2123699,ab11f4f0c12b2cfbecedd6310b757608587fe3023a390483ff268d35917226ef048cca9c94b44e9be6e17cc417f5e1a185394ea8e7ed1910df6cd62b2d5d61c5,08/07/2025 05:55:00 PM,1,DRIVER,,2024535,,CHEVROLET,EXPRESS,IL,2012,NONE,VAN/MINI-VAN,PERSONAL,S,STRAIGHT AHEAD,,,1,,,,,Y,,,,,,,,,,,Y,,FRONT-RIGHT-CORNER,,,,,,,,,,,,,,,,,,,,,,,,,,,,,,,,,
2123700,ab11f4f0c12b2cfbecedd6310b757608587fe3023a390483ff268d35917226ef048cca9c94b44e9be6e17cc417f5e1a185394ea8e7ed1910df6cd62b2d5d61c5,08/07/2025 05:55:00 PM,2,DRIVER,,2024541,,CHEVROLET,MALIBU,MN,2022,NONE,PASSENGER,PERSONAL,E,STRAIGHT AHEAD,,,1,,,,,,,,,,,,,Y,Y,Y,N,,FRONT-LEFT-CORNER,,,,,,,,,,,,,,,,,,,,,,,,,,,,,,,,,
2123697,04cf3d5a9727d83364e6386c5f3b7ab2931dd0af9795e82f5b7a975d27a8cefc8ab05a1d773bd26dbac3abbb53a4f4911bf3aa22e7612f51fce388c6d6fb388e,08/07/2025 05:47:00 PM,1,DRIVER,,2024532,,GENERAL MOTORS CORPORATION (GMC),ACADIA,IL,2015,NONE,PASSENGER,PERSONAL,E,TURNING RIGHT,,,1,,,,,Y,Y,,,,,,,,,,,,FRONT-RIGHT-CORNER,,,,,,,,,,,,,,,,,,,,,,,,,,,,,,,,,
2123698,04cf3d5a9727d83364e6386c5f3b7ab2931dd0af9795e82f5b7a975d27a8cefc8ab05a1d773bd26dbac3abbb53a4f4911bf3aa22e7612f51fce388c6d6fb388e,08/07/2025 05:47:00 PM,2,DRIVER,1,2024542,,HYUNDAI,SANTA FE,IL,2009,NONE,PASSENGER,PERSONAL,E,STRAIGHT AHEAD,,,2,,,,,,,,,,Y,Y,,,,,,,REAR,,,,,,,,,,,,,,,,,,,,,,,,,,,,,,,,,
2123747,20612b814ee1be175d96455968b46d8cf839fc9b6c342b4f9fe91737438403f9e22798bc6765405eeb09267b32780d1f171caeb79e71ba74539f00cd1ff39f08,08/07/2025 05:46:00 PM,1,DRIVER,,2024601,,TOYOTA,PRIUS,IL,2010,UNKNOWN,PASSENGER,PERSONAL,S,STRAIGHT AHEAD,,,1,,,,,,,,,,,,,,,Y,,,FRONT-LEFT-CORNER,,,,,,,,,,,,,,,,,,,,,,,,,,,,,,,,,
2123775,20612b814ee1be175d96455968b46d8cf839fc9b6c342b4f9fe91737438403f9e22798bc6765405eeb09267b32780d1f171caeb79e71ba74539f00cd1ff39f08,08/07/2025 05:46:00 PM,2,PEDESTRIAN,,,,,,,,,,,,,,,,,,,,,,,,,,,,,,,,,,,,,,,,,,,,,,,,,,,,,,,,,,,,,,,,,,
2123757,15d3f120991d8fa7e425281057a24503b25246c26605c0e6c840c56ebe301db4a76e8ad0bb9bcb9c72b68384bf6b679a0934c9485436fef322af8fdbf07576f4,08/07/2025 05:45:00 PM,1,DRIVER,,2024592,,CADILLAC,ATS,IL,2014,NONE,PASSENGER,PERSONAL,NE,STRAIGHT AHEAD,,,1,,,,,Y,,,,,,,,,,Y,Y,,FRONT,,,,,,,,,,,,,,,,,,,,,,,,,,,,,,,,,
2123758,15d3f120991d8fa7e425281057a24503b25246c26605c0e6c840c56ebe301db4a76e8ad0bb9bcb9c72b68384bf6b679a0934c9485436fef322af8fdbf07576f4,08/07/2025 05:45:00 PM,2,DRIVER,,2024599,,CHRYSLER,TOWN & COUNTRY,IL,2010,NONE,VAN/MINI-VAN,PERSONAL,NE,STRAIGHT AHEAD,,,1,,,,,,,,,Y,Y,Y,,,,,,,REAR,,,,,,,,,,,,,,,,,,,,,,,,,,,,,,,,,
2123814,547f2ae9feeeb3bee04f397a7f66bd9514b223d555888ce512b4c2037ab5bb916985a3429a3bf9954fdad3e052f2a84bb3bc32c02a5abf848cabeaa29fd7d72a,08/07/2025 05:45:00 PM,1,DRIVER,,2024661,,FORD,FOCUS,IL,2011,UNKNOWN,PASSENGER,UNKNOWN/NA,E,TURNING RIGHT,Y,,1,,CPD,IMPOUND #2,,,,,,,,,,,Y,N,,,SIDE-LEFT-FRONT,,,,,,,,,,,,,,,,,,,,,,,,,,,,,,,,,
2123815,547f2ae9feeeb3bee04f397a7f66bd9514b223d555888ce512b4c2037ab5bb916985a3429a3bf9954fdad3e052f2a84bb3bc32c02a5abf848cabeaa29fd7d72a,08/07/2025 05:45:00 PM,2,DRIVER,1,2024665,,HONDA,ODYSSEY,IL,2013,UNKNOWN,VAN/MINI-VAN,PERSONAL,S,STRAIGHT AHEAD,N,,2,,,,,Y,Y,,,,,,,,,,,,SIDE-RIGHT-FRONT,,,,,,,,,,,,,,,,,,,,,,,,,,,,,,,,,
2130327,912d13eb550182f9b12bda004b64a3b3b90bae57f71ff298bb5453cbc98256fa0a308951aa3c1d7c9f41725a6d5e98bd00330f64e8167ad6f3421f4e4c3c10a4,08/07/2025 05:45:00 PM,1,DRIVER,,2030813,,TOYOTA,SIENNA,IL,2013,UNKNOWN,VAN/MINI-VAN,UNKNOWN/NA,N,SLOW/STOP IN TRAFFIC,,,1,,,,,Y,,,,,,,,,,Y,Y,,FRONT,,,,,,,,,,,,,,,,,,,,,,,,,,,,,,,,,
2130328,912d13eb550182f9b12bda004b64a3b3b90bae57f71ff298bb5453cbc98256fa0a308951aa3c1d7c9f41725a6d5e98bd00330f64e8167ad6f3421f4e4c3c10a4,08/07/2025 05:45:00 PM,2,DRIVER,,2030819,,NISSAN,SENTRA,IL,2017,UNKNOWN,PASSENGER,PERSONAL,N,SLOW/STOP IN TRAFFIC,,,1,,,,,,,,,Y,Y,Y,,,,,,,REAR,,,,,,,,,,,,,,,,,,,,,,,,,,,,,,,,,
2123705,a19a435a2f8b4fc21470947f19e96f49da4163249a91c250b6d5833710d74d4f1ea7cccc12cd4da5d4afe508911dfaea44678aa3645d1e5bb37ae4a5f832a73e,08/07/2025 05:38:00 PM,1,DRIVER,,2024550,,KIA,OTHER (EXPLAIN IN NARRATIVE),IL,,UNKNOWN,PASSENGER,UNKNOWN/NA,W,STRAIGHT AHEAD,,,1,,,,,,,,,,,,,,,,,,FRONT-LEFT-CORNER,,,,,,,,,,,,,,,,,,,,,,,,,,,,,,,,,
2123706,a19a435a2f8b4fc21470947f19e96f49da4163249a91c250b6d5833710d74d4f1ea7cccc12cd4da5d4afe508911dfaea44678aa3645d1e5bb37ae4a5f832a73e,08/07/2025 05:38:00 PM,2,DRIVER,,2024559,,BMW,525IA,IL,1995,UNKNOWN,PASSENGER,UNKNOWN/NA,W,CHANGING LANES,Y,,1,,PERSONAL,UNK,,Y,Y,,,,,,,,,,,,SIDE-RIGHT-FRONT,,,,,,,,,,,,,,,,,,,,,,,,,,,,,,,,,
2123639,86695857596c312860ae71a8ae3abf6a303370e91d29dd9cd6f4727ee972ee83c59f25983d30549ac0d3255f045825b9cab32118e60bb8b638496e1140b31bf3,08/07/2025 05:35:00 PM,1,DRIVER,,2024471,,NISSAN,ALTIMA,IL,2023,NONE,PASSENGER,PERSONAL,S,ENTERING TRAFFIC LANE FROM PARKING,,,1,,,,,,,,,,,,,,,Y,,,FRONT-LEFT-CORNER,,,,,,,,,,,,,,,,,,,,,,,,,,,,,,,,,
2123640,86695857596c312860ae71a8ae3abf6a303370e91d29dd9cd6f4727ee972ee83c59f25983d30549ac0d3255f045825b9cab32118e60bb8b638496e1140b31bf3,08/07/2025 05:35:00 PM,2,DRIVER,3,2024480,,CHEVROLET,C/K 1500,IL,2023,NONE,SPORT UTILITY VEHICLE (SUV),PERSONAL,S,CHANGING LANES,,,4,,,,,,,,Y,,,,,,,,,,REAR-RIGHT-CORNER,,,,,,,,,,,,,,,,,,,,,,,,,,,,,,,,,
2123716,ecbffc01b78f3c254d6b909bc7edae16735331d38199c4185c917e2b1075097054fb5c6e3bd4875adc51e8efdc88cf4d43fa71caea2755eb49745c33b6ece7c7,08/07/2025 05:32:00 PM,1,DRIVER,1,2024565,,TOYOTA,AVALON,IL,2014,UNKNOWN,PASSENGER,PERSONAL,SW,TURNING LEFT,,,2,,,,,Y,,,,,,,,,,Y,Y,,FRONT,,,,,,,,,,,,,,,,,,,,,,,,,,,,,,,,,
2123717,ecbffc01b78f3c254d6b909bc7edae16735331d38199c4185c917e2b1075097054fb5c6e3bd4875adc51e8efdc88cf4d43fa71caea2755eb49745c33b6ece7c7,08/07/2025 05:32:00 PM,2,DRIVER,,2024588,,MAZDA,CX-30,IL,2020,UNKNOWN,PASSENGER,PERSONAL,W,STRAIGHT AHEAD,,,1,,,,,Y,,,,,,,,,,Y,Y,,FRONT,,,,,,,,,,,,,,,,,,,,,,,,,,,,,,,,,
2124204,a1d892cc6871f6852f7d161f6c9355431a048596812e78a57230af7f260569c2625871c2a155ced38fd8bde223e85a52396e802a453a55ff3082fb261c77de7b,08/07/2025 05:30:00 PM,1,DRIVER,,2025015,,MAZDA,OTHER (EXPLAIN IN NARRATIVE),IL,2016,OTHER,UNKNOWN/NA,PERSONAL,S,STRAIGHT AHEAD,,,1,,,,,,,,,,,,,,,,Y,,FRONT,,,,,,,,,,,,,,,,,,,,,,,,,,,,,,,,,
2124205,a1d892cc6871f6852f7d161f6c9355431a048596812e78a57230af7f260569c2625871c2a155ced38fd8bde223e85a52396e802a453a55ff3082fb261c77de7b,08/07/2025 05:30:00 PM,2,DRIVER,,2025008,,JEEP,GRAND CHEROKEE,IL,2021,UNKNOWN,SPORT UTILITY VEHICLE (SUV),PERSONAL,S,STRAIGHT AHEAD,,,1,,,,,,,,,,Y,,,,,,,,REAR,,,,,,,,,,,,,,,,,,,,,,,,,,,,,,,,,
2123736,dee76b741b76ef98508da607defa35ae1cb031bd6f575da59b498be5ce19913a39fa5f97dd787655cc39067d5e2df981fbfa2da36ed068457bf9f500a1dee072,08/07/2025 05:30:00 PM,1,DRIVER,1,2024587,,TOYOTA,PRIUS,IL,2020,NONE,PASSENGER,PERSONAL,N,TURNING LEFT,Y,,2,,insurance,,,,,,,,,,,,,,Y,,FRONT,,,,,,,,,,,,,,,,,,,,,,,,,,,,,,,,,
2123737,dee76b741b76ef98508da607defa35ae1cb031bd6f575da59b498be5ce19913a39fa5f97dd787655cc39067d5e2df981fbfa2da36ed068457bf9f500a1dee072,08/07/2025 05:30:00 PM,2,DRIVER,,2024593,,HYUNDAI,ACCENT,IL,2015,NONE,PASSENGER,PERSONAL,W,STRAIGHT AHEAD,,,1,,,,,,,,,,,,,,,Y,,,FRONT-LEFT-CORNER,,,,,,,,,,,,,,,,,,,,,,,,,,,,,,,,,
2123643,fc0dc92744a6029af160daaffb46c3778f8cfcdc74b755147cee6ed17f40e0366db44697d6a0145d3dd04c2f740f4030a23d25c13188513009bf22e579d8deb7,08/07/2025 05:30:00 PM,1,DRIVER,,2024477,,HONDA,CIVIC,IL,2012,NONE,PASSENGER,PERSONAL,S,SLOW/STOP IN TRAFFIC,,,1,,,,,,,,,,,,,,,,Y,,FRONT,,,,,,,,,,,,,,,,,,,,,,,,,,,,,,,,,
2123644,fc0dc92744a6029af160daaffb46c3778f8cfcdc74b755147cee6ed17f40e0366db44697d6a0145d3dd04c2f740f4030a23d25c13188513009bf22e579d8deb7,08/07/2025 05:30:00 PM,2,DRIVER,1,2024485,,GENERAL MOTORS CORPORATION (GMC),TERRAIN,IL,2010,NONE,PASSENGER,PERSONAL,S,STRAIGHT AHEAD,,,2,,,,,,,,,,Y,,,,,,,,REAR,,,,,,,,,,,,,,,,,,,,,,,,,,,,,,,,,
2123686,e17323e94058b341e2bc6f21f6d329d190f2171f7e9ae519f577ce3265b78b1eaf3f3fb0e463dffb2cef1ecf8304ced948ae395e30ab063471f494267f64d0e0,08/07/2025 05:28:00 PM,1,DRIVER,,2024528,,NISSAN,OTHER (EXPLAIN IN NARRATIVE),IL,,UNKNOWN,UNKNOWN/NA,UNKNOWN/NA,S,UNKNOWN/NA,,,1,,,,,,,,,,,,,,,,,,FRONT,,,,,,,,,,,,,,,,,,,,,,,,,,,,,,,,,
2123687,e17323e94058b341e2bc6f21f6d329d190f2171f7e9ae519f577ce3265b78b1eaf3f3fb0e463dffb2cef1ecf8304ced948ae395e30ab063471f494267f64d0e0,08/07/2025 05:28:00 PM,2,DRIVER,,2024538,,HYUNDAI,ACCENT,IL,2020,UNKNOWN,UNKNOWN/NA,UNKNOWN/NA,S,STRAIGHT AHEAD,,,1,,,,,,,,,,,,,,,,,,REAR,,,,,,,,,,,,,,,,,,,,,,,,,,,,,,,,,
2123657,d3a05e5aa62172385422fa1be9ebd009964bc1f50623db8b48e3232b9ef81a489a72056efc3cec715404f3c150514da78d5d7b1133fbf1690f6ef19457047212,08/07/2025 05:20:00 PM,1,DRIVER,,2024519,,CHEVROLET,BLAZER,FL,2020,NONE,PASSENGER,PERSONAL,S,LEAVING TRAFFIC LANE TO PARK,,,1,,,,,Y,Y,,,,,,,,,,,,FRONT-RIGHT-CORNER,,,,,,,,,,,,,,,,,,,,,,,,,,,,,,,,,
2123658,d3a05e5aa62172385422fa1be9ebd009964bc1f50623db8b48e3232b9ef81a489a72056efc3cec715404f3c150514da78d5d7b1133fbf1690f6ef19457047212,08/07/2025 05:20:00 PM,2,PARKED,1,2024499,,SUBARU,FORESTER,IL,2016,NONE,PASSENGER,PERSONAL,E,PARKED,,,1,,,,,,,,,,,,,Y,Y,,,,SIDE-LEFT,,,,,,,,,,,,,,,,,,,,,,,,,,,,,,,,,
2123718,48d580c999946bb017ce81763253f2d0b9cb70b6b9e2a94bdedc15e1f5b251f6a90c894d816b2c0aa3c9c76f4e0a5a1073d6481bdd4592a43a6900ca7a091092,08/07/2025 05:15:00 PM,1,DRIVER,,2024563,,BUICK,ENCORE,IL,2017,UNKNOWN,SPORT UTILITY VEHICLE (SUV),PERSONAL,N,MERGING,,,1,,,,,Y,,,,,,,,,,,,,FRONT-RIGHT-CORNER,,,,,,,,,,,,,,,,,,,,,,,,,,,,,,,,,
2123719,48d580c999946bb017ce81763253f2d0b9cb70b6b9e2a94bdedc15e1f5b251f6a90c894d816b2c0aa3c9c76f4e0a5a1073d6481bdd4592a43a6900ca7a091092,08/07/2025 05:15:00 PM,2,DRIVER,,2024557,,CHRYSLER,300,IL,2012,UNKNOWN,PASSENGER,PERSONAL,N,STRAIGHT AHEAD,,,1,,,,,,,,,,,Y,Y,Y,Y,,,,SIDE-LEFT,,,,,,,,,,,,,,,,,,,,,,,,,,,,,,,,,
2123767,a9422796756682315a7f4e3933550719e0fa002b6677f246fdfe392a9f62030a02fbfd76896d4281c0d33d40db7e1f04e040e598a4555de91a0ee6b0b83a92d0,08/07/2025 05:15:00 PM,1,DRIVER,,2024624,,DODGE,RAM 1500 VAN,IL,2014,UNKNOWN,VAN/MINI-VAN,UNKNOWN/NA,W,STARTING IN TRAFFIC,,,1,,,,,,,,,,,,,,,,,Y,FRONT,,,,,,,,,,,,,,,,,,,,,,,,,,,,,,,,,