CRASH_UNIT_ID,CRASH_RECORD_ID,CRASH_DATE,UNIT_NO,UNIT_TYPE,NUM_PASSENGERS,VEHICLE_ID,CMRC_VEH_I,MAKE,MODEL,LIC_PLATE_STATE,VEHICLE_YEAR,VEHICLE_DEFECT,VEHICLE_TYPE,VEHICLE_USE,TRAVEL_DIRECTION,MANEUVER,TOWED_I,FIRE_I,OCCUPANT_CNT,EXCEED_SPEED_LIMIT_I,TOWED_BY,TOWED_TO,AREA_00_I,AREA_01_I,AREA_02_I,AREA_03_I,AREA_04_I,AREA_05_I,AREA_06_I,AREA_07_I,AREA_08_I,AREA_09_I,AREA_10_I,AREA_11_I,AREA_12_I,AREA_99_I,FIRST_CONTACT_POINT,CMV_ID,USDOT_NO,CCMC_NO,ILCC_NO,COMMERCIAL_SRC,GVWR,CARRIER_NAME,CARRIER_STATE,CARRIER_CITY,HAZMAT_PLACARDS_I,HAZMAT_NAME,UN_NO,HAZMAT_PRESENT_I,HAZMAT_REPORT_I,HAZMAT_REPORT_NO,MCS_REPORT_I,MCS_REPORT_NO,HAZMAT_VIO_CAUSE_CRASH_I,MCS_VIO_CAUSE_CRASH_I,IDOT_PERMIT_NO,WIDE_LOAD_I,TRAILER1_WIDTH,TRAILER2_WIDTH,TRAILER1_LENGTH,TRAILER2_LENGTH,TOTAL_VEHICLE_LENGTH,AXLE_CNT,VEHICLE_CONFIG,CARGO_BODY_TYPE,LOAD_TYPE,HAZMAT_OUT_OF_SERVICE_I,MCS_OUT_OF_SERVICE_I,HAZMAT_CLASS
2123768,a9422796756682315a7f4e3933550719e0fa002b6677f246fdfe392a9f62030a02fbfd76896d4281c0d33d40db7e1f04e040e598a4555de91a0ee6b0b83a92d0,08/07/2025 05:15:00 PM,2,DRIVER,,2024638,,TOYOTA,COROLLA,IL,2022,NONE,PASSENGER,RIDESHARE SERVICE,W,SLOW/STOP IN TRAFFIC,,,1,,,,,,,Y,Y,Y,,,,,,,,,REAR-RIGHT-CORNER,,,,,,,,,,,,,,,,,,,,,,,,,,,,,,,,,
2123659,bec42caf4950c7d649462e3ca595a3f3c1d621e0bb69b0895236f893c227aad98c450b00d175480d2e970e13cfe06483f1d1b897b2dda44e1ebebf664db201a7,08/07/2025 05:15:00 PM,1,DRIVER,,2024502,,SUBARU,FORESTER,IL,2016,UNKNOWN,SPORT UTILITY VEHICLE (SUV),UNKNOWN/NA,W,BACKING,,,1,,,,,,,,,,,,Y,Y,Y,,,,SIDE-LEFT,,,,,,,,,,,,,,,,,,,,,,,,,,,,,,,,,
2123660,bec42caf4950c7d649462e3ca595a3f3c1d621e0bb69b0895236f893c227aad98c450b00d175480d2e970e13cfe06483f1d1b897b2dda44e1ebebf664db201a7,08/07/2025 05:15:00 PM,2,DRIVER,,2024508,,CHEVROLET,BLAZER,FL,2020,UNKNOWN,SPORT UTILITY VEHICLE (SUV),UNKNOWN/NA,E,OTHER,,,1,,,,,,,,,,,,,,Y,Y,,,FRONT-LEFT-CORNER,,,,,,,,,,,,,,,,,,,,,,,,,,,,,,,,,
2123625,e8b7b460fcc9afca3a6ebf93bf03efeb079f36b762ccba4bee6d37b792da8ef32a27d1cd0c3707133388ba4eb41e51e97c3c08178146acb7ef91b5d433110abf,08/07/2025 05:15:00 PM,1,DRIVER,,2024478,,TOYOTA,CAMRY,IL,2022,NONE,PASSENGER,PERSONAL,S,TURNING LEFT,,,1,,,,,,,,,,,,,Y,Y,Y,Y,,FRONT-LEFT-CORNER,,,,,,,,,,,,,,,,,,,,,,,,,,,,,,,,,
2123626,e8b7b460fcc9afca3a6ebf93bf03efeb079f36b762ccba4bee6d37b792da8ef32a27d1cd0c3707133388ba4eb41e51e97c3c08178146acb7ef91b5d433110abf,08/07/2025 05:15:00 PM,2,DRIVER,,2024461,,ACURA,ADX,IL,2002,NONE,SPORT UTILITY VEHICLE (SUV),PERSONAL,S,STRAIGHT AHEAD,,,1,,,,,,,Y,Y,Y,,,,,,,,,SIDE-RIGHT-REAR,,,,,,,,,,,,,,,,,,,,,,,,,,,,,,,,,
2123724,c1824ea07d90c55fb7cd3dba720e4975450b51c66d1272efe28f6777c2ee2a279c0fbf7257b6f52d0dd0e3de43885866ebf343ccc9db35d2f7f7d1694aa2084a,08/07/2025 05:10:00 PM,1,DRIVER,,2024569,,KIA,SEDONA,IL,2018,UNKNOWN,VAN/MINI-VAN,UNKNOWN/NA,E,STRAIGHT AHEAD,,,1,,,,,,,,,,,,,,,,Y,,FRONT,,,,,,,,,,,,,,,,,,,,,,,,,,,,,,,,,
2123725,c1824ea07d90c55fb7cd3dba720e4975450b51c66d1272efe28f6777c2ee2a279c0fbf7257b6f52d0dd0e3de43885866ebf343ccc9db35d2f7f7d1694aa2084a,08/07/2025 05:10:00 PM,2,DRIVER,,2024576,,LINCOLN,AVIATOR,IL,2023,UNKNOWN,SPORT UTILITY VEHICLE (SUV),UNKNOWN/NA,E,SLOW/STOP IN TRAFFIC,,,1,,,,,,,,,,Y,,,,,,,,REAR,,,,,,,,,,,,,,,,,,,,,,,,,,,,,,,,,
2123709,eb32b10dd0597e205fd5d45e894eda37543bcb671a9ef9696a8680d85eb7d724c0d5fce8cb8274a7ec0c4ce877e38ebbc9af0c7e970ef11a3b497d024ab9b9b7,08/07/2025 05:10:00 PM,1,DRIVER,,2024556,,NISSAN,ALTIMA,IL,2016,NONE,PASSENGER,PERSONAL,E,ENTERING TRAFFIC LANE FROM PARKING,,,1,,,,,Y,,,,,,,,,,,,,FRONT-RIGHT-CORNER,,,,,,,,,,,,,,,,,,,,,,,,,,,,,,,,,
2123710,eb32b10dd0597e205fd5d45e894eda37543bcb671a9ef9696a8680d85eb7d724c0d5fce8cb8274a7ec0c4ce877e38ebbc9af0c7e970ef11a3b497d024ab9b9b7,08/07/2025 05:10:00 PM,2,DRIVER,,2024560,,HYUNDAI,ELANTRA,IL,2020,NONE,PASSENGER,PERSONAL,E,STRAIGHT AHEAD,,,1,,,,,,,,,,,Y,Y,Y,Y,Y,,,SIDE-LEFT,,,,,,,,,,,,,,,,,,,,,,,,,,,,,,,,,
2123649,2e6c2cdecc29d87cc8e696e562df667a4b25679510dc47b91628caf74a98411439718782ee60d5debfc5c36176af4cb07212bdda582b8dd8117a6c9937488fcf,08/07/2025 05:09:00 PM,1,DRIVER,,2024489,,HYUNDAI,ACCENT,IL,2013,UNKNOWN,PASSENGER,PERSONAL,SE,ENTERING TRAFFIC LANE FROM PARKING,,,1,,,,,,,,,,,,,,Y,Y,Y,,FRONT-LEFT-CORNER,,,,,,,,,,,,,,,,,,,,,,,,,,,,,,,,,
2123650,2e6c2cdecc29d87cc8e696e562df667a4b25679510dc47b91628caf74a98411439718782ee60d5debfc5c36176af4cb07212bdda582b8dd8117a6c9937488fcf,08/07/2025 05:09:00 PM,2,DRIVER,7,2024496,,HONDA,ODYSSEY,IL,2023,UNKNOWN,PASSENGER,PERSONAL,S,STRAIGHT AHEAD,Y,,8,,PERSONAL TOW,,,,Y,Y,Y,Y,Y,,,,,,,,REAR-RIGHT-CORNER,,,,,,,,,,,,,,,,,,,,,,,,,,,,,,,,,
2123734,96884bd6735dcb3d7045d89c7dd6ead193a72d3a1f084217c2aa8c1db715942ab481a0359d90e9bc0e13308a93161bee208e7c26def494f09c826539728d0eba,08/07/2025 05:04:00 PM,1,DRIVER,,2024611,,UNKNOWN,OTHER (EXPLAIN IN NARRATIVE),,,UNKNOWN,VAN/MINI-VAN,UNKNOWN/NA,N,PASSING/OVERTAKING,,,1,,,,,,,,,,,,,,,,,Y,UNKNOWN,,,,,,,,,,,,,,,,,,,,,,,,,,,,,,,,,
2123735,96884bd6735dcb3d7045d89c7dd6ead193a72d3a1f084217c2aa8c1db715942ab481a0359d90e9bc0e13308a93161bee208e7c26def494f09c826539728d0eba,08/07/2025 05:04:00 PM,2,DRIVER,,2024586,,HONDA,CR-V,IL,2016,UNKNOWN,SPORT UTILITY VEHICLE (SUV),PERSONAL,N,SLOW/STOP IN TRAFFIC,,,1,,,,,,,,,,,Y,,N,,,,,REAR-LEFT-CORNER,,,,,,,,,,,,,,,,,,,,,,,,,,,,,,,,,
2123711,ff7041b1e6675147f8c7a31a7185969cd2994c3882fd27da55a0b78763e341ed223c9b453d69e9590946612f8dac54fa344bd46cc436bdb681a3fe08549a93ec,08/07/2025 05:04:00 PM,1,DRIVER,1,2024568,,JEEP,GRAND CHEROKEE,IL,2008,NONE,PASSENGER,PERSONAL,S,STRAIGHT AHEAD,Y,,2,,private company,unknown,,Y,,,,,,,,,,Y,Y,,FRONT,,,,,,,,,,,,,,,,,,,,,,,,,,,,,,,,,
2123712,ff7041b1e6675147f8c7a31a7185969cd2994c3882fd27da55a0b78763e341ed223c9b453d69e9590946612f8dac54fa344bd46cc436bdb681a3fe08549a93ec,08/07/2025 05:04:00 PM,2,BICYCLE,,,,,,,,,,,,,,,,,,,,,,,,,,,,,,,,,,,,,,,,,,,,,,,,,,,,,,,,,,,,,,,,,,
2123831,d349be4ae3138c27a21b94d13738abf92fcaf4e425bff4562054e73957c16fe46853634e063c5562b81189c2783d1d3f54db77de7d7ba074aba6e6f624fc2a6e,08/07/2025 05:00:00 PM,1,DRIVER,,2024674,,NISSAN,MURANO,IL,2015,NONE,PASSENGER,PERSONAL,S,STRAIGHT AHEAD,,,1,,,,,,Y,,,,,,,,,,,,SIDE-RIGHT,,,,,,,,,,,,,,,,,,,,,,,,,,,,,,,,,
2123832,d349be4ae3138c27a21b94d13738abf92fcaf4e425bff4562054e73957c16fe46853634e063c5562b81189c2783d1d3f54db77de7d7ba074aba6e6f624fc2a6e,08/07/2025 05:00:00 PM,2,DRIVER,,2024671,,NISSAN,MURANO,IL,2019,NONE,PASSENGER,PERSONAL,S,STRAIGHT AHEAD,,,1,,,,,,,,,,,,,,Y,,,,SIDE-LEFT,,,,,,,,,,,,,,,,,,,,,,,,,,,,,,,,,
2123616,7edfe552cdf533f28699c6118394712643c4fe2ad2b14810ea96be66f2c1207400e9b0f34434c915378f0d253db84dae8a52c176984b175547e4122beea05532,08/07/2025 04:55:00 PM,1,DRIVER,2,2024458,,BMW,325I,NY,2006,UNKNOWN,PASSENGER,PERSONAL,W,STRAIGHT AHEAD,,,3,,,,,Y,,,,,,,,,,Y,Y,,FRONT,,,,,,,,,,,,,,,,,,,,,,,,,,,,,,,,,
2123617,7edfe552cdf533f28699c6118394712643c4fe2ad2b14810ea96be66f2c1207400e9b0f34434c915378f0d253db84dae8a52c176984b175547e4122beea05532,08/07/2025 04:55:00 PM,2,DRIVER,,2024462,,VOLKSWAGEN,TIGUAN,IL,2023,UNKNOWN,SPORT UTILITY VEHICLE (SUV),OTHER,W,STRAIGHT AHEAD,,,1,,,,,,,,,Y,Y,Y,,,,,,,REAR,,,,,,,,,,,,,,,,,,,,,,,,,,,,,,,,,
2123800,b2ccdc6d3c16767b409aa65b552739addfc198ae6c7bbf3bbd3b0146dce971fb4231b0a52fadd489b2db1c54fbb7acf4a8f8ccf8a0875049bccd92e294b04565,08/07/2025 04:50:00 PM,1,DRIVER,,2024637,,JEEP,COMPASS,IL,2014,UNKNOWN,OTHER,PERSONAL,W,BACKING,,,1,,,,,,,,,Y,,,,,,,,,REAR-RIGHT-CORNER,,,,,,,,,,,,,,,,,,,,,,,,,,,,,,,,,
2123801,b2ccdc6d3c16767b409aa65b552739addfc198ae6c7bbf3bbd3b0146dce971fb4231b0a52fadd489b2db1c54fbb7acf4a8f8ccf8a0875049bccd92e294b04565,08/07/2025 04:50:00 PM,2,DRIVER,,2024640,,LEXUS,HS250H,IL,2010,NONE,PASSENGER,PERSONAL,W,SLOW/STOP IN TRAFFIC,,,1,,,,,,,,,,,,,,,Y,,,FRONT-LEFT-CORNER,,,,,,,,,,,,,,,,,,,,,,,,,,,,,,,,,
2123651,db0384375b541578a7a9c2e8d501f3b9345fd154701a9831f3869172434371ff9fabfea009ef0b57258377841466db5ca1cc756d42a60f8588a54f754da9dc59,08/07/2025 04:50:00 PM,1,DRIVER,,2024493,,UNKNOWN,OTHER (EXPLAIN IN NARRATIVE),IL,2023,UNKNOWN,TRUCK - SINGLE UNIT,COMMERCIAL - SINGLE UNIT,E,STRAIGHT AHEAD,,,1,,,,,,,,,,,,,,,,,,NONE,,,,,,,,,,,,,,,,,,,,,,,,,,,,,,,,,
2123652,db0384375b541578a7a9c2e8d501f3b9345fd154701a9831f3869172434371ff9fabfea009ef0b57258377841466db5ca1cc756d42a60f8588a54f754da9dc59,08/07/2025 04:50:00 PM,2,DRIVER,1,2024501,,TOYOTA,PRIUS,IL,2016,UNKNOWN,PASSENGER,PERSONAL,E,SLOW/STOP IN TRAFFIC,,,2,,,,,,,,,,Y,,,,,,,,REAR,,,,,,,,,,,,,,,,,,,,,,,,,,,,,,,,,
2123645,f35e837f6ea04af48b7027d6d8b3f5804893e988b1127fb9f4627db89b7c7c61afebb02f686982fbf2b1bf3d7a4e5b752c22401960873e2cffaa5a56c6f62de4,08/07/2025 04:50:00 PM,1,DRIVER,,2024491,,TOYOTA,SEQUOIA,IL,2003,UNKNOWN,SPORT UTILITY VEHICLE (SUV),PERSONAL,N,BACKING,,,1,,,,,,,,,Y,,,,,,,,,REAR-RIGHT-CORNER,,,,,,,,,,,,,,,,,,,,,,,,,,,,,,,,,
2123646,f35e837f6ea04af48b7027d6d8b3f5804893e988b1127fb9f4627db89b7c7c61afebb02f686982fbf2b1bf3d7a4e5b752c22401960873e2cffaa5a56c6f62de4,08/07/2025 04:50:00 PM,2,DRIVER,,2024503,,DODGE,CHARGER,IN,2019,UNKNOWN,PASSENGER,PERSONAL,S,LEAVING TRAFFIC LANE TO PARK,,,1,,,,,,,,,,,,,,,Y,,,FRONT-LEFT-CORNER,,,,,,,,,,,,,,,,,,,,,,,,,,,,,,,,,
2123653,5bfc1a6b33972c4488e6d1cbd2c0d418c586e5d6c141673ccec6ce7af9cbd7e08b91c4fcb86d47b3cb2467aaf96287191f9467e844a5c83895feebd74010c366,08/07/2025 04:49:00 PM,1,DRIVER,,2024494,,FORD,F350,IL,2020,UNKNOWN,PICKUP,PERSONAL,N,STRAIGHT AHEAD,,,1,,,,,,,,,,,,,,,,,Y,SIDE-RIGHT,,,,,,,,,,,,,,,,,,,,,,,,,,,,,,,,,
2123654,5bfc1a6b33972c4488e6d1cbd2c0d418c586e5d6c141673ccec6ce7af9cbd7e08b91c4fcb86d47b3cb2467aaf96287191f9467e844a5c83895feebd74010c366,08/07/2025 04:49:00 PM,2,DRIVER,,2024505,N,NEW FLYER,OTHER (EXPLAIN IN NARRATIVE),IL,2006,UNKNOWN,BUS OVER 15 PASS.,CTA,N,OTHER,,,1,,,,,,,,,,,,,,Y,,,,SIDE-LEFT,,,,,,,,,,,,,,,,,,,,,,,,,,,,,,,,,
2123703,464cbb761ed8fc21a83b2c04c196e668376014dba82d13fdbcf666b6bf19524951d2a5e754ac9b12e1f81ccc2481b593c8630ce64aba176a8e17a9cca9c35da0,08/07/2025 04:48:00 PM,1,DRIVER,,2024551,,NISSAN,ROGUE,IL,,NONE,PASSENGER,PERSONAL,E,STRAIGHT AHEAD,,,1,,,,,Y,Y,,,,,,,N,Y,Y,Y,,TOP,,,,,,,,,,,,,,,,,,,,,,,,,,,,,,,,,
2130638,a9148f6b3aa64b293da1a6771e406a8e77c26af504f56f5119fef763470ee28d36210d4dd93f20c0e3075ad5695e6ded3b99a7de63b48d320b076a0a974bd79e,08/07/2025 04:45:00 PM,1,BICYCLE,,,,,,,,,,,,,,,,,,,,,,,,,,,,,,,,,,,,,,,,,,,,,,,,,,,,,,,,,,,,,,,,,,
2130639,a9148f6b3aa64b293da1a6771e406a8e77c26af504f56f5119fef763470ee28d36210d4dd93f20c0e3075ad5695e6ded3b99a7de63b48d320b076a0a974bd79e,08/07/2025 04:45:00 PM,2,DRIVER,,2031110,,TOYOTA,PRIUS,IL,2015,NONE,PASSENGER,PERSONAL,S,TURNING LEFT,,,1,,,,,,,,Y,,,,N,,,,,,SIDE-RIGHT,,,,,,,,,,,,,,,,,,,,,,,,,,,,,,,,,
2123676,f27510a291650bc3041777ab400f784a333846be3e30896e1a96ffcbcfbb142ec7dbde069f0fd08417a551d7dae549bc7d69e1099d8754dcb3d2a72fc7c988d5,08/07/2025 04:45:00 PM,1,DRIVER,,2024516,,HONDA,CR-V,IL,2004,NONE,SPORT UTILITY VEHICLE (SUV),PERSONAL,S,ENTERING TRAFFIC LANE FROM PARKING,,,1,,,,,Y,,,,,,,,,,,,,FRONT-RIGHT-CORNER,,,,,,,,,,,,,,,,,,,,,,,,,,,,,,,,,
2123677,f27510a291650bc3041777ab400f784a333846be3e30896e1a96ffcbcfbb142ec7dbde069f0fd08417a551d7dae549bc7d69e1099d8754dcb3d2a72fc7c988d5,08/07/2025 04:45:00 PM,2,DRIVER,,2024522,,HYUNDAI,ACCENT,IL,2017,NONE,PASSENGER,PERSONAL,S,STRAIGHT AHEAD,,,1,,,,,,,,,,,,Y,Y,Y,,,,SIDE-LEFT,,,,,,,,,,,,,,,,,,,,,,,,,,,,,,,,,
2123661,ae0ff8a4ce28f5bbac495563f21d2100a3ad14793ff834445cd02cfe008f8ad9cba4356fa12c8ada8d19a39766a76163064d6f6268685134421188891f3f6fe7,08/07/2025 04:40:00 PM,1,DRIVER,,2024504,,CHEVROLET,TAHOE,IL,2015,NONE,PASSENGER,PERSONAL,S,STRAIGHT AHEAD,,,1,,,,,,,,,,,,,,,Y,,,FRONT,,,,,,,,,,,,,,,,,,,,,,,,,,,,,,,,,
2123662,ae0ff8a4ce28f5bbac495563f21d2100a3ad14793ff834445cd02cfe008f8ad9cba4356fa12c8ada8d19a39766a76163064d6f6268685134421188891f3f6fe7,08/07/2025 04:40:00 PM,2,DRIVER,,2024500,,HONDA,CIVIC,IL,2025,NONE,PICKUP,PERSONAL,S,STRAIGHT AHEAD,,,1,,,,,,,,,Y,,,,,,,,,REAR-RIGHT-CORNER,,,,,,,,,,,,,,,,,,,,,,,,,,,,,,,,,
2127140,f96b106dc7588273b4fe71ed3985ed0a57f264e398ea7624a79e258d8909407a960e33701b4904c7e3c55295a4e1882ce75e98795b0f313a63c1da89009886b5,08/07/2025 04:36:00 PM,1,DRIVER,,2027798,,MAZDA,OTHER (EXPLAIN IN NARRATIVE),FL,2017,NONE,PASSENGER,PERSONAL,E,MERGING,,,1,,,,,,,,Y,Y,Y,,,,,,,,REAR-RIGHT-CORNER,,,,,,,,,,,,,,,,,,,,,,,,,,,,,,,,,
2127141,f96b106dc7588273b4fe71ed3985ed0a57f264e398ea7624a79e258d8909407a960e33701b4904c7e3c55295a4e1882ce75e98795b0f313a63c1da89009886b5,08/07/2025 04:36:00 PM,2,DRIVER,,2027812,,MERCEDES-BENZ,C300,IL,2021,NONE,PASSENGER,PERSONAL,E,STRAIGHT AHEAD,,,1,,,,,,,,,,,,,,Y,Y,Y,,FRONT-LEFT-CORNER,,,,,,,,,,,,,,,,,,,,,,,,,,,,,,,,,
2124276,546edbe8a6e6a258eb9488be6ca9cca00c94feef133fcd80b6d1f1663b4f466623c714204c5bd5584ae545c4f6fbae1f5193463d36610e728e0844eebe072c55,08/07/2025 04:35:00 PM,1,DRIVER,,2025073,,FORD,FOCUS,IL,2017,NONE,PICKUP,PERSONAL,W,PASSING/OVERTAKING,,,1,,,,,,,,,,,,,,,,Y,,FRONT,,,,,,,,,,,,,,,,,,,,,,,,,,,,,,,,,
2124277,546edbe8a6e6a258eb9488be6ca9cca00c94feef133fcd80b6d1f1663b4f466623c714204c5bd5584ae545c4f6fbae1f5193463d36610e728e0844eebe072c55,08/07/2025 04:35:00 PM,2,DRIVER,,2025078,,BMW,520,IL,2007,NONE,PASSENGER,UNKNOWN/NA,S,STRAIGHT AHEAD,,,1,,,,,,,,,,,,Y,Y,Y,,,,SIDE-LEFT,,,,,,,,,,,,,,,,,,,,,,,,,,,,,,,,,
2123682,d1edc979bebc9492886bbac55849c24c11d79ca6581a461ea3fce91532de34ef4454f379a680dd8db0672972fb525816ff2b852460284feff6dd19a685577ce9,08/07/2025 04:35:00 PM,1,BICYCLE,,,,,,,,,,,,,,,,,,,,,,,,,,,,,,,,,,,,,,,,,,,,,,,,,,,,,,,,,,,,,,,,,,
2123683,d1edc979bebc9492886bbac55849c24c11d79ca6581a461ea3fce91532de34ef4454f379a680dd8db0672972fb525816ff2b852460284feff6dd19a685577ce9,08/07/2025 04:35:00 PM,2,DRIVER,,2024561,,SUBARU,CROSSTREK,IL,2022,UNKNOWN,PASSENGER,PERSONAL,W,STRAIGHT AHEAD,,,1,,,,,,,,Y,,,,,,,,,,SIDE-RIGHT-REAR,,,,,,,,,,,,,,,,,,,,,,,,,,,,,,,,,
2123607,d039a792171995cd9ac02200cf42b8deea366300d6c6c24843c5a888ba310e316a11c0d94a31095dd3da60314732a6da5dd8572e0d8361d98174fea0d14ccbd2,08/07/2025 04:34:00 PM,1,DRIVER,,2024439,,VOLVO,OTHER (EXPLAIN IN NARRATIVE),IL,2018,UNKNOWN,UNKNOWN/NA,UNKNOWN/NA,E,STRAIGHT AHEAD,,,1,,,,,,,,,,,,,,,,,Y,UNKNOWN,,,,,,,,,,,,,,,,,,,,,,,,,,,,,,,,,
2123608,d039a792171995cd9ac02200cf42b8deea366300d6c6c24843c5a888ba310e316a11c0d94a31095dd3da60314732a6da5dd8572e0d8361d98174fea0d14ccbd2,08/07/2025 04:34:00 PM,2,PARKED,,2024443,,HYUNDAI,OTHER (EXPLAIN IN NARRATIVE),IL,2011,UNKNOWN,UNKNOWN/NA,UNKNOWN/NA,E,PARKED,,,0,,,,,,,,,,,,,Y,Y,Y,,,UNKNOWN,,,,,,,,,,,,,,,,,,,,,,,,,,,,,,,,,
2123715,50adee27e3ff83802fa12245961a3550aaf73ec71bd75b8c67fe75e4d50ade452e992b86489fa26dd94848954187c035a32446c39947c99d8f4dd0402547e398,08/07/2025 04:30:00 PM,1,DRIVER,,2024555,,UNKNOWN,OTHER (EXPLAIN IN NARRATIVE),IL,,NONE,PASSENGER,UNKNOWN/NA,E,STRAIGHT AHEAD,,,1,,,,,,,,,,,,,,,,,Y,FRONT,,,,,,,,,,,,,,,,,,,,,,,,,,,,,,,,,
2123720,50adee27e3ff83802fa12245961a3550aaf73ec71bd75b8c67fe75e4d50ade452e992b86489fa26dd94848954187c035a32446c39947c99d8f4dd0402547e398,08/07/2025 04:30:00 PM,2,PARKED,,2024558,,JEEP,JEEP,IL,2020,UNKNOWN,PASSENGER,PERSONAL,E,PARKED,,,0,,,,,,,,,Y,,,,,,,,,SIDE-RIGHT-REAR,,,,,,,,,,,,,,,,,,,,,,,,,,,,,,,,,
2123603,5f041ea02833c78bd21843d20040ad8050e2d8427e9101217a029c10fad95e20379ac82ad201c7cca24199f8c6844a461681af96cbe2721912fda125d0c0daf0,08/07/2025 04:30:00 PM,1,DRIVER,,2024472,,KIA,SOUL,IL,2020,NONE,SPORT UTILITY VEHICLE (SUV),UNKNOWN/NA,W,STRAIGHT AHEAD,,,1,,,,Y,,,,,,,,,,,,,N,FRONT,,,,,,,,,,,,,,,,,,,,,,,,,,,,,,,,,
2123604,5f041ea02833c78bd21843d20040ad8050e2d8427e9101217a029c10fad95e20379ac82ad201c7cca24199f8c6844a461681af96cbe2721912fda125d0c0daf0,08/07/2025 04:30:00 PM,2,DRIVER,,2024486,,MERCEDES-BENZ,E-CLASS,IL,2018,NONE,PASSENGER,PERSONAL,W,STRAIGHT AHEAD,,,1,,,,,,,,,,Y,,,,,,,,REAR,,,,,,,,,,,,,,,,,,,,,,,,,,,,,,,,,
2123637,79ebb70088baf6359f23c03c8cdafdde62da52c8da24c58a03865c8748231ced146aa5e4981a659ab55fc5a18a6d389a0f752516fbbe083bbccae94a18723178,08/07/2025 04:30:00 PM,1,DRIVER,,2024476,,TOYOTA,COROLLA,IL,2021,NONE,PASSENGER,PERSONAL,S,PASSING/OVERTAKING,,,1,,,,,Y,,,,,,,,,,Y,Y,,FRONT,,,,,,,,,,,,,,,,,,,,,,,,,,,,,,,,,
2123638,79ebb70088baf6359f23c03c8cdafdde62da52c8da24c58a03865c8748231ced146aa5e4981a659ab55fc5a18a6d389a0f752516fbbe083bbccae94a18723178,08/07/2025 04:30:00 PM,2,DRIVER,2,2024482,,HYUNDAI,ELANTRA,IL,2013,NONE,PASSENGER,PERSONAL,N,TURNING LEFT,Y,,3,,PRIVATE TOW,PRIVATE,,,,,,,,,,,,Y,Y,,FRONT-LEFT-CORNER,,,,,,,,,,,,,,,,,,,,,,,,,,,,,,,,,
2123627,5789f5c04f440dc0c6065c4a6e8fadb1549abca95e7bb0b7b5c618f0d0dd008be05212c9026fc1d47a4e501777c4ae1a101a9758d7980fe9166dc922bed8e091,08/07/2025 04:25:00 PM,1,DRIVER,,2024465,,FORD,ECONOLINE E350,IL,2022,UNKNOWN,PASSENGER,UNKNOWN/NA,S,PASSING/OVERTAKING,,,1,,,,,Y,,,,,,,,,,,,,FRONT-RIGHT-CORNER,,,,,,,,,,,,,,,,,,,,,,,,,,,,,,,,,
2123628,5789f5c04f440dc0c6065c4a6e8fadb1549abca95e7bb0b7b5c618f0d0dd008be05212c9026fc1d47a4e501777c4ae1a101a9758d7980fe9166dc922bed8e091,08/07/2025 04:25:00 PM,2,DRIVER,,2024479,,NOVA BUS,OTHER (EXPLAIN IN NARRATIVE),IL,2014,NONE,PASSENGER,CTA,S,SLOW/STOP IN TRAFFIC,,,1,,,,,,,,,,,,,,Y,,,,FRONT-LEFT-CORNER,,,,,,,,,,,,,,,,,,,,,,,,,,,,,,,,,
2123582,0559a2f1ffab4193a803d5d060abd2abd49cd9d794e5aeff6664d1d242ac8494a5361b6d744ca74e8e35ae660662c907e710494582725006e4e0f20f1a871a28,08/07/2025 04:23:00 PM,1,DRIVER,,2024422,,NISSAN,VERSA,IL,2025,NONE,PASSENGER,PERSONAL,SW,STRAIGHT AHEAD,,,1,,,,,Y,,,,,,,,,,Y,Y,,SIDE-LEFT,,,,,,,,,,,,,,,,,,,,,,,,,,,,,,,,,
2123583,0559a2f1ffab4193a803d5d060abd2abd49cd9d794e5aeff6664d1d242ac8494a5361b6d744ca74e8e35ae660662c907e710494582725006e4e0f20f1a871a28,08/07/2025 04:23:00 PM,2,DRIVER,,2024438,,CHRYSLER,TOWN & COUNTRY,IL,2014,UNKNOWN,VAN/MINI-VAN,PERSONAL,W,STRAIGHT AHEAD,,,1,,,,,Y,Y,,,,,,,,,,Y,,FRONT-RIGHT-CORNER,,,,,,,,,,,,,,,,,,,,,,,,,,,,,,,,,
2123611,308cf7541595025c88350cb24c4ebba03b321dce58453e9204620a3b8328e3e06e719a74238422323cd825d2e4fd93c0bdcbcd286a977b9b4fbcd20cb0ab0c24,08/07/2025 04:23:00 PM,1,DRIVER,,2024454,,CHEVROLET,HHR,IL,2007,NONE,PASSENGER,PERSONAL,W,CHANGING LANES,,,1,,,,,Y,,,,,,,,,,,,,FRONT-RIGHT-CORNER,,,,,,,,,,,,,,,,,,,,,,,,,,,,,,,,,
2123612,308cf7541595025c88350cb24c4ebba03b321dce58453e9204620a3b8328e3e06e719a74238422323cd825d2e4fd93c0bdcbcd286a977b9b4fbcd20cb0ab0c24,08/07/2025 04:23:00 PM,2,DRIVER,,2024457,,CADILLAC,CT5,IL,2020,NONE,PASSENGER,PERSONAL,W,STRAIGHT AHEAD,,,1,,,,,,,,,,,Y,,,,,,,REAR-LEFT-CORNER,,,,,,,,,,,,,,,,,,,,,,,,,,,,,,,,,