CRASH_UNIT_ID,CRASH_RECORD_ID,CRASH_DATE,UNIT_NO,UNIT_TYPE,NUM_PASSENGERS,VEHICLE_ID,CMRC_VEH_I,MAKE,MODEL,LIC_PLATE_STATE,VEHICLE_YEAR,VEHICLE_DEFECT,VEHICLE_TYPE,VEHICLE_USE,TRAVEL_DIRECTION,MANEUVER,TOWED_I,FIRE_I,OCCUPANT_CNT,EXCEED_SPEED_LIMIT_I,TOWED_BY,TOWED_TO,AREA_00_I,AREA_01_I,AREA_02_I,AREA_03_I,AREA_04_I,AREA_05_I,AREA_06_I,AREA_07_I,AREA_08_I,AREA_09_I,AREA_10_I,AREA_11_I,AREA_12_I,AREA_99_I,FIRST_CONTACT_POINT,CMV_ID,USDOT_NO,CCMC_NO,ILCC_NO,COMMERCIAL_SRC,GVWR,CARRIER_NAME,CARRIER_STATE,CARRIER_CITY,HAZMAT_PLACARDS_I,HAZMAT_NAME,UN_NO,HAZMAT_PRESENT_I,HAZMAT_REPORT_I,HAZMAT_REPORT_NO,MCS_REPORT_I,MCS_REPORT_NO,HAZMAT_VIO_CAUSE_CRASH_I,MCS_VIO_CAUSE_CRASH_I,IDOT_PERMIT_NO,WIDE_LOAD_I,TRAILER1_WIDTH,TRAILER2_WIDTH,TRAILER1_LENGTH,TRAILER2_LENGTH,TOTAL_VEHICLE_LENGTH,AXLE_CNT,VEHICLE_CONFIG,CARGO_BODY_TYPE,LOAD_TYPE,HAZMAT_OUT_OF_SERVICE_I,MCS_OUT_OF_SERVICE_I,HAZMAT_CLASS
2126889,971c3e38e73c72fc36fdda535f8e6fdd954cab89455a75537d0b0e2788ebd338e4890138d5459149adb2800c2a8dae00e9ae8ffce7ea0f8dd278fbbcd48461a1,08/07/2025 04:20:00 PM,1,DRIVER,,2027555,,CHEVROLET,SILVERADO,IL,2009,UNKNOWN,PICKUP,PERSONAL,S,STRAIGHT AHEAD,,,1,,,,,,,,,,,,,,,,Y,,FRONT,,,,,,,,,,,,,,,,,,,,,,,,,,,,,,,,,
2126890,971c3e38e73c72fc36fdda535f8e6fdd954cab89455a75537d0b0e2788ebd338e4890138d5459149adb2800c2a8dae00e9ae8ffce7ea0f8dd278fbbcd48461a1,08/07/2025 04:20:00 PM,2,DRIVER,,2027562,,HONDA,ODYSSEY,IL,2004,NONE,VAN/MINI-VAN,PERSONAL,W,STRAIGHT AHEAD,,,1,,,,,,,Y,Y,Y,Y,,,,,,,,REAR-RIGHT-CORNER,,,,,,,,,,,,,,,,,,,,,,,,,,,,,,,,,
2123622,bcdc48b2907b702712c51509b2dacf717da379586a577d7406e414d20ee242b41dd895f967fa77873019e0a15dbeaffe540e1f7c38a7f972aa68d3734900077f,08/07/2025 04:20:00 PM,1,DRIVER,2,2024460,,HONDA,CR-V,IL,2005,NONE,PASSENGER,PERSONAL,S,STRAIGHT AHEAD,,,3,,,,,Y,,,,,,,,,,Y,Y,,FRONT,,,,,,,,,,,,,,,,,,,,,,,,,,,,,,,,,
2123623,bcdc48b2907b702712c51509b2dacf717da379586a577d7406e414d20ee242b41dd895f967fa77873019e0a15dbeaffe540e1f7c38a7f972aa68d3734900077f,08/07/2025 04:20:00 PM,2,DRIVER,1,2024481,,HONDA,INSIGHT,IL,2019,NONE,PASSENGER,PERSONAL,S,SLOW/STOP IN TRAFFIC,,,2,,,,,Y,,,,Y,Y,Y,,,,Y,Y,,REAR,,,,,,,,,,,,,,,,,,,,,,,,,,,,,,,,,
2123624,bcdc48b2907b702712c51509b2dacf717da379586a577d7406e414d20ee242b41dd895f967fa77873019e0a15dbeaffe540e1f7c38a7f972aa68d3734900077f,08/07/2025 04:20:00 PM,3,DRIVER,,2024490,,CHEVROLET,IMPALA,IL,2017,NONE,PASSENGER,PERSONAL,S,SLOW/STOP IN TRAFFIC,,,1,,,,,,,,,Y,Y,Y,,,,,,,REAR,,,,,,,,,,,,,,,,,,,,,,,,,,,,,,,,,
2123665,c4ef463dc70cdadbaf85fcb142e7a74205435cca53b8161479882d1fcc2dc0af69df2929872749fb854b136a9977306999dbdb1e63b4260a3400b15036be0a24,08/07/2025 04:17:00 PM,1,DRIVER,,2024507,,TESLA,MODEL 3,IL,2021,UNKNOWN,PASSENGER,PERSONAL,E,STRAIGHT AHEAD,,,1,,,,,Y,,,,,,,,,,Y,Y,,FRONT,,,,,,,,,,,,,,,,,,,,,,,,,,,,,,,,,
2123666,c4ef463dc70cdadbaf85fcb142e7a74205435cca53b8161479882d1fcc2dc0af69df2929872749fb854b136a9977306999dbdb1e63b4260a3400b15036be0a24,08/07/2025 04:17:00 PM,2,DRIVER,1,2024518,,CHRYSLER,300,IL,2012,UNKNOWN,PASSENGER,PERSONAL,E,BACKING,,,2,,,,,,,,,Y,Y,Y,,,,,,,REAR,,,,,,,,,,,,,,,,,,,,,,,,,,,,,,,,,
2123667,c4ef463dc70cdadbaf85fcb142e7a74205435cca53b8161479882d1fcc2dc0af69df2929872749fb854b136a9977306999dbdb1e63b4260a3400b15036be0a24,08/07/2025 04:17:00 PM,3,DRIVER,1,2024524,,CHEVROLET,TAHOE,FL,2007,UNKNOWN,PASSENGER,PERSONAL,E,SLOW/STOP IN TRAFFIC,,,2,,,,,Y,Y,Y,Y,Y,,,,,,,,,SIDE-RIGHT,,,,,,,,,,,,,,,,,,,,,,,,,,,,,,,,,
2123668,c4ef463dc70cdadbaf85fcb142e7a74205435cca53b8161479882d1fcc2dc0af69df2929872749fb854b136a9977306999dbdb1e63b4260a3400b15036be0a24,08/07/2025 04:17:00 PM,4,PARKED,,2024533,,GENERAL MOTORS CORPORATION (GMC),ENVOY,IL,2088,UNKNOWN,PASSENGER,PERSONAL,N,PARKED,,,0,,,,,Y,,,,Y,Y,Y,Y,Y,,Y,Y,,REAR,,,,,,,,,,,,,,,,,,,,,,,,,,,,,,,,,
2123669,c4ef463dc70cdadbaf85fcb142e7a74205435cca53b8161479882d1fcc2dc0af69df2929872749fb854b136a9977306999dbdb1e63b4260a3400b15036be0a24,08/07/2025 04:17:00 PM,5,PARKED,,2024537,,HONDA,CR-V,IL,2007,UNKNOWN,PASSENGER,PERSONAL,N,PARKED,,,0,,,,,Y,Y,Y,Y,Y,,,,,,,,,SIDE-RIGHT,,,,,,,,,,,,,,,,,,,,,,,,,,,,,,,,,
2123704,c4ef463dc70cdadbaf85fcb142e7a74205435cca53b8161479882d1fcc2dc0af69df2929872749fb854b136a9977306999dbdb1e63b4260a3400b15036be0a24,08/07/2025 04:17:00 PM,6,PARKED,,2024544,,NISSAN,SENTRA,IL,2016,UNKNOWN,PASSENGER,PERSONAL,S,PARKED,,,0,,,,,Y,,,,,,,,,,Y,Y,,FRONT,,,,,,,,,,,,,,,,,,,,,,,,,,,,,,,,,
2123663,8a6b3eb4f03aa9965e170b6b9adfcc18dad9ddd24197658f94fbe6f5059088cb4e15818e1daea1b6333d1c56a13de18b36e0f632a081229905574edff2d56195,08/07/2025 04:15:00 PM,1,DRIVER,,2024510,,AUDI,Q5,IL,2013,NONE,VAN/MINI-VAN,PERSONAL,E,STRAIGHT AHEAD,Y,,1,,PRIVATE TOW,,,Y,,,,,,,,,N,Y,Y,,FRONT,,,,,,,,,,,,,,,,,,,,,,,,,,,,,,,,,
2123664,8a6b3eb4f03aa9965e170b6b9adfcc18dad9ddd24197658f94fbe6f5059088cb4e15818e1daea1b6333d1c56a13de18b36e0f632a081229905574edff2d56195,08/07/2025 04:15:00 PM,2,DRIVER,1,2024529,,CHRYSLER,TOWN & COUNTRY,IL,2008,NONE,VAN/MINI-VAN,PERSONAL,S,STRAIGHT AHEAD,Y,,2,,PRIVATE TOW,,,Y,Y,,,,,,,,,,,,SIDE-RIGHT-FRONT,,,,,,,,,,,,,,,,,,,,,,,,,,,,,,,,,
2123592,9506ccc82a19313137f4ba20099189c911a6c0a3630886b044c4c8e40fd6e56594418204cad29145402a34433d7535e8a208bb9ab829edf8bb72982627d8e9fc,08/07/2025 04:10:00 PM,1,DRIVER,,2024434,,LEXUS,ES350,IL,2019,UNKNOWN,UNKNOWN/NA,UNKNOWN/NA,N,PASSING/OVERTAKING,,,1,,,,,,,,,,,Y,Y,,,,,,REAR-LEFT-CORNER,,,,,,,,,,,,,,,,,,,,,,,,,,,,,,,,,
2123593,9506ccc82a19313137f4ba20099189c911a6c0a3630886b044c4c8e40fd6e56594418204cad29145402a34433d7535e8a208bb9ab829edf8bb72982627d8e9fc,08/07/2025 04:10:00 PM,2,DRIVER,1,2024452,,JEEP,WRANGLER,IL,2018,NONE,SPORT UTILITY VEHICLE (SUV),PERSONAL,N,STRAIGHT AHEAD,,,2,,,,,Y,Y,Y,,,,,,,,,,,FRONT-RIGHT-CORNER,,,,,,,,,,,,,,,,,,,,,,,,,,,,,,,,,
2123680,cab5ffd39fe1b6b30c599afeb40eeef04f74974362180e73f8743baf4b099cbac9e39999294d98d56aad17061719961ce14f0cbf5a9300a11df62c2318296efe,08/07/2025 04:09:00 PM,1,DRIVER,1,2024540,,TOYOTA,RAV4,IL,2023,UNKNOWN,SPORT UTILITY VEHICLE (SUV),TAXI/FOR HIRE,S,CHANGING LANES,,,2,,,,,,,,,,,,,Y,Y,,,,SIDE-LEFT-FRONT,,,,,,,,,,,,,,,,,,,,,,,,,,,,,,,,,
2123681,cab5ffd39fe1b6b30c599afeb40eeef04f74974362180e73f8743baf4b099cbac9e39999294d98d56aad17061719961ce14f0cbf5a9300a11df62c2318296efe,08/07/2025 04:09:00 PM,2,DRIVER,,2024548,,HONDA,HR-V,IL,2018,UNKNOWN,SPORT UTILITY VEHICLE (SUV),PERSONAL,S,STRAIGHT AHEAD,,,1,,,,,,Y,Y,,,,,,,,,,,SIDE-RIGHT-FRONT,,,,,,,,,,,,,,,,,,,,,,,,,,,,,,,,,
2123620,506acbd6c7f4e53753671dc58d1b56e7f1f69cc521dab6f8f7f68da0b833f6f15e270252fc1fc6d43330b3bdcc83397db8d2b3da24cab5ce28376cf79617af5b,08/07/2025 04:05:00 PM,1,DRIVER,,2024456,,HONDA,ODYSSEY,IL,2007,OTHER,VAN/MINI-VAN,PERSONAL,N,CHANGING LANES,,,1,,,,,Y,,,,,,,,,,Y,Y,,FRONT-RIGHT-CORNER,,,,,,,,,,,,,,,,,,,,,,,,,,,,,,,,,
2123621,506acbd6c7f4e53753671dc58d1b56e7f1f69cc521dab6f8f7f68da0b833f6f15e270252fc1fc6d43330b3bdcc83397db8d2b3da24cab5ce28376cf79617af5b,08/07/2025 04:05:00 PM,2,DRIVER,,2024459,,SUBARU,OUTBACK,IL,2014,NONE,SPORT UTILITY VEHICLE (SUV),PERSONAL,N,STRAIGHT AHEAD,,,1,,,,,,,,,Y,Y,N,,,,,,,REAR-RIGHT-CORNER,,,,,,,,,,,,,,,,,,,,,,,,,,,,,,,,,
2123605,6dfa11cc969f8050f55aa430a6a5aa45330446f7c3737ca84ef041d921d91512ba59246d6a635a45a787c18197ae701d25a69831e144c795a02117cbf300062b,08/07/2025 04:01:00 PM,1,DRIVER,,2024437,,TOYOTA,PRE RUNNER,IL,2006,NONE,PICKUP,UNKNOWN/NA,N,UNKNOWN/NA,,,1,,,,,,,,Y,Y,Y,,,,,,,,REAR-RIGHT-CORNER,,,,,,,,,,,,,,,,,,,,,,,,,,,,,,,,,
2123606,6dfa11cc969f8050f55aa430a6a5aa45330446f7c3737ca84ef041d921d91512ba59246d6a635a45a787c18197ae701d25a69831e144c795a02117cbf300062b,08/07/2025 04:01:00 PM,2,DRIVER,,2024444,N,FREIGHTLINER CORPORATION,FREIGHTLINER CORP.,IL,2025,NONE,TRUCK - SINGLE UNIT,OTHER,N,UNKNOWN/NA,,,1,,,,,,,,,,,,,,Y,Y,Y,,FRONT-LEFT-CORNER,,,,,,,,,,,,,,,,,,,,,,,,,,,,,,,,,
2123903,2418fe217ab2e05626f8cb1b8224195958f8dadfafeef25acdc63d443917f02d8fffd02c2cd578b2ac2f843592a74934b8f9000167ac63db57e45e447a53c5f5,08/07/2025 04:00:00 PM,1,DRIVER,,2024737,,UNKNOWN,MOTORIZED,IL,,UNKNOWN,PASSENGER,UNKNOWN/NA,E,STRAIGHT AHEAD,,,1,,,,,,,,,,,,,,,,Y,,FRONT,,,,,,,,,,,,,,,,,,,,,,,,,,,,,,,,,
2123904,2418fe217ab2e05626f8cb1b8224195958f8dadfafeef25acdc63d443917f02d8fffd02c2cd578b2ac2f843592a74934b8f9000167ac63db57e45e447a53c5f5,08/07/2025 04:00:00 PM,2,PEDESTRIAN,,,,,,,,,,,,,,,,,,,,,,,,,,,,,,,,,,,,,,,,,,,,,,,,,,,,,,,,,,,,,,,,,,
2123584,400489d19f1f549595e1ef83c945ededc6f376a52edf632b4c3d1d3d83b3e0f779bc08f48e30d5724c5cb87d56f9356280b3e150cf6209bbb8e9d27192b3d87c,08/07/2025 04:00:00 PM,1,DRIVER,,2024424,,FORD,OTHER (EXPLAIN IN NARRATIVE),IL,2015,NONE,PICKUP,PERSONAL,N,STRAIGHT AHEAD,,,1,,,,,,,,,,,Y,Y,Y,Y,,,Y,SIDE-LEFT,,,,,,,,,,,,,,,,,,,,,,,,,,,,,,,,,
2123585,400489d19f1f549595e1ef83c945ededc6f376a52edf632b4c3d1d3d83b3e0f779bc08f48e30d5724c5cb87d56f9356280b3e150cf6209bbb8e9d27192b3d87c,08/07/2025 04:00:00 PM,2,DRIVER,,2024433,,LEXUS,UX,IL,2022,NONE,PASSENGER,PERSONAL,S,STRAIGHT AHEAD,,,1,,,,,,,,,,,,,Y,Y,,,Y,SIDE-LEFT,,,,,,,,,,,,,,,,,,,,,,,,,,,,,,,,,
2124064,76a29d10b0342f1a62fbb9ad16b4221eae369edfe8ebb4eb39a7bdbbfc022d0418dd1d1c56c7bc53ebe189f77822949962e0408486e0c5fccac2ddb11cab1258,08/07/2025 04:00:00 PM,1,DRIVER,,2024887,,MAZDA,CX-5,IL,2024,NONE,SPORT UTILITY VEHICLE (SUV),PERSONAL,NE,TURNING RIGHT,,,1,,,,,,Y,Y,Y,,,,,,,,,,SIDE-RIGHT,,,,,,,,,,,,,,,,,,,,,,,,,,,,,,,,,
2124065,76a29d10b0342f1a62fbb9ad16b4221eae369edfe8ebb4eb39a7bdbbfc022d0418dd1d1c56c7bc53ebe189f77822949962e0408486e0c5fccac2ddb11cab1258,08/07/2025 04:00:00 PM,2,DRIVER,,2024890,,SUBARU,OUTBACK,IL,2018,NONE,SPORT UTILITY VEHICLE (SUV),PERSONAL,N,SLOW/STOP IN TRAFFIC,,,1,,,,,,,,,,,,,,,Y,,,SIDE-LEFT-FRONT,,,,,,,,,,,,,,,,,,,,,,,,,,,,,,,,,
2124029,9808f1db2214f655cddf4b5e9f6f192b8d9605864be127b040004ff14d5a98c5e810c29e963267b3281df49a91ecd2586624bcd038da69cd6daca1ea3104fc41,08/07/2025 03:51:00 PM,1,DRIVER,,2024872,,FORD,TRANSIT,IL,2010,UNKNOWN,UNKNOWN/NA,UNKNOWN/NA,S,BACKING,,,1,,,,,,,,,,,,,,,,,Y,UNKNOWN,,,,,,,,,,,,,,,,,,,,,,,,,,,,,,,,,
2124030,9808f1db2214f655cddf4b5e9f6f192b8d9605864be127b040004ff14d5a98c5e810c29e963267b3281df49a91ecd2586624bcd038da69cd6daca1ea3104fc41,08/07/2025 03:51:00 PM,2,DRIVER,,2024866,,TOYOTA,C-HR,IL,2019,UNKNOWN,PASSENGER,PERSONAL,S,OTHER,,,1,,,,,Y,Y,,,,,,Y,,,,,,FRONT-RIGHT-CORNER,,,,,,,,,,,,,,,,,,,,,,,,,,,,,,,,,
2123748,af4a4d1a5149457af7663391006b63edb3f169692a957efe155fa7f5908dc57a8debd603fc5fd2acfd37cfcab7b900ba2e1728f229b14c35dd7276551176b8db,08/07/2025 03:50:00 PM,1,DRIVER,,2024589,,FORD,OTHER (EXPLAIN IN NARRATIVE),IL,2009,OTHER,PASSENGER,UNKNOWN/NA,S,STRAIGHT AHEAD,,,1,,,,,Y,,,,,,,,,,Y,Y,,FRONT,,,,,,,,,,,,,,,,,,,,,,,,,,,,,,,,,
2123749,af4a4d1a5149457af7663391006b63edb3f169692a957efe155fa7f5908dc57a8debd603fc5fd2acfd37cfcab7b900ba2e1728f229b14c35dd7276551176b8db,08/07/2025 03:50:00 PM,2,DRIVER,,2024600,,HONDA,CR-V,IL,2018,UNKNOWN,SPORT UTILITY VEHICLE (SUV),UNKNOWN/NA,S,SLOW/STOP IN TRAFFIC,,,1,,,,,,,,,Y,Y,Y,,,,,,,REAR,,,,,,,,,,,,,,,,,,,,,,,,,,,,,,,,,
2123944,a00393931b6dd464ec55b70db0dc3728a6ebb589efb49bb94347875e4cec39cd8faa0856c4594ac3fa2b2f979fdb5dc2679a99a41fe49c5f19f9ffbb66589aed,08/07/2025 03:45:00 PM,1,DRIVER,,2024775,,GENERAL MOTORS CORPORATION (GMC),CANYON,IL,2015,NONE,PASSENGER,PERSONAL,W,STRAIGHT AHEAD,,,1,,,,,Y,,,,,,,,,,,,,FRONT-RIGHT-CORNER,,,,,,,,,,,,,,,,,,,,,,,,,,,,,,,,,
2123554,1dbf324f0ee7edebdc091920290eaed7246bf71a9c4c1a683c55f4d0bc6075a334a8192ca3fa68504220e6b66c0a8acb34058a3171a0899c0f98c5fee4289c7f,08/07/2025 03:40:00 PM,1,DRIVER,,2024401,,SUBARU,OTHER (EXPLAIN IN NARRATIVE),IL,2021,NONE,PASSENGER,PERSONAL,N,STRAIGHT AHEAD,,,1,,,,,,,,,,Y,,,,,,Y,,FRONT,,,,,,,,,,,,,,,,,,,,,,,,,,,,,,,,,
2123555,1dbf324f0ee7edebdc091920290eaed7246bf71a9c4c1a683c55f4d0bc6075a334a8192ca3fa68504220e6b66c0a8acb34058a3171a0899c0f98c5fee4289c7f,08/07/2025 03:40:00 PM,2,DRIVER,,2024412,,UNKNOWN,OTHER (EXPLAIN IN NARRATIVE),IL,,UNKNOWN,PASSENGER,UNKNOWN/NA,N,STRAIGHT AHEAD,,,1,,,,,,,,,,Y,,,,,,,,REAR,,,,,,,,,,,,,,,,,,,,,,,,,,,,,,,,,
2123556,1dbf324f0ee7edebdc091920290eaed7246bf71a9c4c1a683c55f4d0bc6075a334a8192ca3fa68504220e6b66c0a8acb34058a3171a0899c0f98c5fee4289c7f,08/07/2025 03:40:00 PM,3,DRIVER,,2024415,,CHRYSLER,VOYAGER,IL,2022,NONE,PASSENGER,UNKNOWN/NA,N,STRAIGHT AHEAD,,,1,,,,,,,,,,,,,,,,Y,,FRONT,,,,,,,,,,,,,,,,,,,,,,,,,,,,,,,,,
2123564,bd221c87f0d903d7f937e59cbd542589fd33e30c0f9ca6e756bde9548a1296fa65567ceed843670df66528aaff8ea1a96584f4f39728cd046d4b53b18c764987,08/07/2025 03:40:00 PM,1,DRIVER,,2024520,,CADILLAC,OTHER (EXPLAIN IN NARRATIVE),IL,2007,UNKNOWN,UNKNOWN/NA,UNKNOWN/NA,UNKNOWN,UNKNOWN/NA,,,1,,,,,,,,,,,,,,,,,Y,UNKNOWN,,,,,,,,,,,,,,,,,,,,,,,,,,,,,,,,,
2123565,bd221c87f0d903d7f937e59cbd542589fd33e30c0f9ca6e756bde9548a1296fa65567ceed843670df66528aaff8ea1a96584f4f39728cd046d4b53b18c764987,08/07/2025 03:40:00 PM,2,DRIVER,,2024534,,TOYOTA,TACOMA,IL,2021,UNKNOWN,UNKNOWN/NA,UNKNOWN/NA,UNKNOWN,UNKNOWN/NA,,,1,,,,,Y,,,,,,,,,,,N,,SIDE-RIGHT-FRONT,,,,,,,,,,,,,,,,,,,,,,,,,,,,,,,,,
2123549,ca234b32f60e37b44aab311d989e73befd97317c45ee7039c51289b0157fa8a54d60c2c0986b2a239b04e0d922f821c1f8a2809898582adb121c6456628f8448,08/07/2025 03:40:00 PM,1,DRIVER,,2024389,,HONDA,ODYSSEY,IL,2005,UNKNOWN,VAN/MINI-VAN,UNKNOWN/NA,S,TURNING LEFT,,,1,,,,,,,,,,,,,,Y,Y,Y,,FRONT-LEFT-CORNER,,,,,,,,,,,,,,,,,,,,,,,,,,,,,,,,,
2123550,ca234b32f60e37b44aab311d989e73befd97317c45ee7039c51289b0157fa8a54d60c2c0986b2a239b04e0d922f821c1f8a2809898582adb121c6456628f8448,08/07/2025 03:40:00 PM,2,DRIVER,,2024393,,BMW,M-3,IL,2008,UNKNOWN,PASSENGER,UNKNOWN/NA,E,TURNING LEFT,,,1,,,,,,,,,,Y,Y,Y,,,,,,REAR-LEFT-CORNER,,,,,,,,,,,,,,,,,,,,,,,,,,,,,,,,,
2124786,375e3d662d2d76b8798a55bc6c049ddc822411b5e2efac7d0b7a66c4c84878a831c708b140a1ec79cd0f9b114559a35fe897dd23067511143d093b458b81209d,08/07/2025 03:36:00 PM,1,DRIVER,,2025562,N,UNKNOWN,OTHER (EXPLAIN IN NARRATIVE),IN,,UNKNOWN,TRUCK - SINGLE UNIT,PERSONAL,S,TURNING RIGHT,,,1,,,,,,,,,,,,,,,,,Y,FRONT-RIGHT-CORNER,,,,,,,,,,,,,,,,,,,,,,,,,,,,,,,,,
2124787,375e3d662d2d76b8798a55bc6c049ddc822411b5e2efac7d0b7a66c4c84878a831c708b140a1ec79cd0f9b114559a35fe897dd23067511143d093b458b81209d,08/07/2025 03:36:00 PM,2,PARKED,,2025563,,SUBARU,OUTBACK,IL,2025,UNKNOWN,PASSENGER,NOT IN USE,S,PARKED,,,0,,,,,Y,,,,,,,,,,Y,Y,,SIDE-LEFT-FRONT,,,,,,,,,,,,,,,,,,,,,,,,,,,,,,,,,
2123521,f05e083f8ca387993f015ebbec732e10feb0cdcb6ce51210225feda10c3dc3f10a1e5458e4e89c91bf773ba0841beb140c8368e9df186687e25f9387abac84f6,08/07/2025 03:29:00 PM,1,BICYCLE,,,,,,,,,,,,,,,,,,,,,,,,,,,,,,,,,,,,,,,,,,,,,,,,,,,,,,,,,,,,,,,,,,
2123522,f05e083f8ca387993f015ebbec732e10feb0cdcb6ce51210225feda10c3dc3f10a1e5458e4e89c91bf773ba0841beb140c8368e9df186687e25f9387abac84f6,08/07/2025 03:29:00 PM,2,DRIVER,3,2024364,,JEEP,GRAND CHEROKEE,IL,2019,NONE,PASSENGER,PERSONAL,SW,TURNING LEFT,,,4,,,,,,,,,,,,,,Y,Y,,,FRONT-LEFT-CORNER,,,,,,,,,,,,,,,,,,,,,,,,,,,,,,,,,
2123696,b234dd0aee9615bc566b2c4ae25db3eca9bc5f27ac30dc2c99d6c45659d3df5124a8a084641e1c1eb0a157e77d978c3417a14f95ebd4c18c08f887fc37eb4a82,08/07/2025 03:22:00 PM,1,DRIVER,,2024527,,KIA,SPORTAGE,IL,2013,UNKNOWN,PASSENGER,PERSONAL,UNKNOWN,UNKNOWN/NA,Y,,1,,CITY OF CHICAGO,,,Y,Y,Y,,,,Y,Y,Y,Y,Y,Y,,UNKNOWN,,,,,,,,,,,,,,,,,,,,,,,,,,,,,,,,,
2123740,268b76e68537f1230afd0332f6e216919abc152338032827b73062242600df4ec644deb41a1f619eadf6e55a7a132a8c7285b5820150e7cf4206e060c309c01d,08/07/2025 03:21:00 PM,1,DRIVER,,2024581,,HYUNDAI,ELANTRA,IL,2014,UNKNOWN,PASSENGER,PERSONAL,SE,TURNING LEFT,,,1,,,,,,,,,,,,,,,Y,Y,,FRONT-LEFT-CORNER,,,,,,,,,,,,,,,,,,,,,,,,,,,,,,,,,
2123741,268b76e68537f1230afd0332f6e216919abc152338032827b73062242600df4ec644deb41a1f619eadf6e55a7a132a8c7285b5820150e7cf4206e060c309c01d,08/07/2025 03:21:00 PM,2,DRIVER,,2024604,,SUBARU,CROSSTREK,IL,2024,UNKNOWN,SPORT UTILITY VEHICLE (SUV),PERSONAL,N,STRAIGHT AHEAD,Y,,1,,PRIVATE TOW,PRIVATE TOW,,,,,,,,,,,,Y,Y,,FRONT-LEFT-CORNER,,,,,,,,,,,,,,,,,,,,,,,,,,,,,,,,,
2123569,1bcd59aed27733679386ea8276bffc3f5dcc47fa35a85a7c0b37aa74a57a8a321c48f2c262ebe8f46933395e18398aeafd44a6ceefc6fcc73ae655d31a8d9c26,08/07/2025 03:20:00 PM,1,DRIVER,,2024406,,CHEVROLET,SUBURBAN,,,UNKNOWN,SPORT UTILITY VEHICLE (SUV),UNKNOWN/NA,W,STRAIGHT AHEAD,,,1,,,,,,,,,,,,,,,,Y,,FRONT,,,,,,,,,,,,,,,,,,,,,,,,,,,,,,,,,
2123570,1bcd59aed27733679386ea8276bffc3f5dcc47fa35a85a7c0b37aa74a57a8a321c48f2c262ebe8f46933395e18398aeafd44a6ceefc6fcc73ae655d31a8d9c26,08/07/2025 03:20:00 PM,2,DRIVER,3,2024414,,CHEVROLET,MALIBU,IL,,NONE,PASSENGER,PERSONAL,W,STRAIGHT AHEAD,Y,,4,,PRIVATE,PENDING OWNER,,Y,,,,Y,Y,,,,,Y,Y,,REAR,,,,,,,,,,,,,,,,,,,,,,,,,,,,,,,,,
2123571,1bcd59aed27733679386ea8276bffc3f5dcc47fa35a85a7c0b37aa74a57a8a321c48f2c262ebe8f46933395e18398aeafd44a6ceefc6fcc73ae655d31a8d9c26,08/07/2025 03:20:00 PM,3,DRIVER,1,2024432,,KIA,SOUL,FL,2025,NONE,SPORT UTILITY VEHICLE (SUV),PERSONAL,W,STRAIGHT AHEAD,,,2,,,,,,,,,Y,Y,,,,,,,,REAR,,,,,,,,,,,,,,,,,,,,,,,,,,,,,,,,,
2123515,95e36c69af7474a56cb99b11008b5d04b1de66055ea622d1b2b36c6afe277393ef564be8d22ba6db068dcc31e0ce56b57b435086ed21225195371ad9e2d42451,08/07/2025 03:20:00 PM,1,DRIVER,,2024373,,HONDA,FIT,IL,2012,UNKNOWN,PASSENGER,UNKNOWN/NA,E,TURNING LEFT,,,1,,,,,,,,,,,Y,,,,,,,REAR-LEFT-CORNER,,,,,,,,,,,,,,,,,,,,,,,,,,,,,,,,,
2123516,95e36c69af7474a56cb99b11008b5d04b1de66055ea622d1b2b36c6afe277393ef564be8d22ba6db068dcc31e0ce56b57b435086ed21225195371ad9e2d42451,08/07/2025 03:20:00 PM,2,DRIVER,1,2024381,,AUDI,Q7,IL,2023,UNKNOWN,PASSENGER,UNKNOWN/NA,N,SLOW/STOP IN TRAFFIC,,,2,,,,,,,,,Y,,,,,,,,,REAR-RIGHT-CORNER,,,,,,,,,,,,,,,,,,,,,,,,,,,,,,,,,
2124473,c5d1d7a8b86d51342765989857371f07b609a08296a3ace788d431c69de7ffceeef96150eaf5dd001346ebcadb23d962222c278ae94551ae77f03ead81e91110,08/07/2025 03:20:00 PM,1,DRIVER,,2025689,,FORD,F150,IL,2000,UNKNOWN,PICKUP,PERSONAL,N,LEAVING TRAFFIC LANE TO PARK,,,1,,,,,,,,,,,,,,,,,Y,SIDE-RIGHT-FRONT,,,,,,,,,,,,,,,,,,,,,,,,,,,,,,,,,
2124474,c5d1d7a8b86d51342765989857371f07b609a08296a3ace788d431c69de7ffceeef96150eaf5dd001346ebcadb23d962222c278ae94551ae77f03ead81e91110,08/07/2025 03:20:00 PM,2,DRIVER,,2025713,,FORD,FUSION,IL,2014,NONE,PASSENGER,PERSONAL,N,SLOW/STOP IN TRAFFIC,,,1,,,,,,,,,,,,,,Y,,,,SIDE-LEFT-FRONT,,,,,,,,,,,,,,,,,,,,,,,,,,,,,,,,,
2123588,07abd7e39ab427677b2c27148aa0b0cb79ed46b4ebd7d9d8b5f8e792b9c126188a4efb8181e213abe574b1af9659319235b10dc02ff8158b9d8bd2e4f27edfc3,08/07/2025 03:17:00 PM,1,DRIVER,,2024440,,DODGE,JOURNEY,IL,2018,NONE,SPORT UTILITY VEHICLE (SUV),PERSONAL,W,STRAIGHT AHEAD,,,1,,,,,Y,,,,,,,,,,Y,Y,,FRONT,,,,,,,,,,,,,,,,,,,,,,,,,,,,,,,,,