CRASH_UNIT_ID,CRASH_RECORD_ID,CRASH_DATE,UNIT_NO,UNIT_TYPE,NUM_PASSENGERS,VEHICLE_ID,CMRC_VEH_I,MAKE,MODEL,LIC_PLATE_STATE,VEHICLE_YEAR,VEHICLE_DEFECT,VEHICLE_TYPE,VEHICLE_USE,TRAVEL_DIRECTION,MANEUVER,TOWED_I,FIRE_I,OCCUPANT_CNT,EXCEED_SPEED_LIMIT_I,TOWED_BY,TOWED_TO,AREA_00_I,AREA_01_I,AREA_02_I,AREA_03_I,AREA_04_I,AREA_05_I,AREA_06_I,AREA_07_I,AREA_08_I,AREA_09_I,AREA_10_I,AREA_11_I,AREA_12_I,AREA_99_I,FIRST_CONTACT_POINT,CMV_ID,USDOT_NO,CCMC_NO,ILCC_NO,COMMERCIAL_SRC,GVWR,CARRIER_NAME,CARRIER_STATE,CARRIER_CITY,HAZMAT_PLACARDS_I,HAZMAT_NAME,UN_NO,HAZMAT_PRESENT_I,HAZMAT_REPORT_I,HAZMAT_REPORT_NO,MCS_REPORT_I,MCS_REPORT_NO,HAZMAT_VIO_CAUSE_CRASH_I,MCS_VIO_CAUSE_CRASH_I,IDOT_PERMIT_NO,WIDE_LOAD_I,TRAILER1_WIDTH,TRAILER2_WIDTH,TRAILER1_LENGTH,TRAILER2_LENGTH,TOTAL_VEHICLE_LENGTH,AXLE_CNT,VEHICLE_CONFIG,CARGO_BODY_TYPE,LOAD_TYPE,HAZMAT_OUT_OF_SERVICE_I,MCS_OUT_OF_SERVICE_I,HAZMAT_CLASS
2123589,07abd7e39ab427677b2c27148aa0b0cb79ed46b4ebd7d9d8b5f8e792b9c126188a4efb8181e213abe574b1af9659319235b10dc02ff8158b9d8bd2e4f27edfc3,08/07/2025 03:17:00 PM,2,DRIVER,,2024450,,FORD,FOCUS,IL,2014,NONE,PASSENGER,PERSONAL,W,SLOW/STOP IN TRAFFIC,,,1,,,,,,,,,Y,Y,Y,,,,,,,REAR,,,,,,,,,,,,,,,,,,,,,,,,,,,,,,,,,
2123517,ec31322d913b7876a9c0fc3634f409b1f04ba4a88392c48a19f80a42caaec591297cc4b077b71e73989a861dc7924e2cd11ea076980b5a65719d3d99fed252dc,08/07/2025 03:17:00 PM,1,DRIVER,,2024370,,UNKNOWN,OTHER (EXPLAIN IN NARRATIVE),,,UNKNOWN,UNKNOWN/NA,UNKNOWN/NA,UNKNOWN,UNKNOWN/NA,,,1,,,,,,,,,,,,,,,,,Y,UNKNOWN,,,,,,,,,,,,,,,,,,,,,,,,,,,,,,,,,
2123518,ec31322d913b7876a9c0fc3634f409b1f04ba4a88392c48a19f80a42caaec591297cc4b077b71e73989a861dc7924e2cd11ea076980b5a65719d3d99fed252dc,08/07/2025 03:17:00 PM,2,PARKED,,2024362,,CHEVROLET,MALIBU,IL,2019,NONE,PASSENGER,PERSONAL,N,PARKED,,,0,,,,,,,,,,,,,Y,Y,Y,,,FRONT-LEFT-CORNER,,,,,,,,,,,,,,,,,,,,,,,,,,,,,,,,,
2123670,7dfe811b7ac5671923652e4351b4b63d0749c1ca064ce6f2a8cebfd8b9f9f3b58fcbad3d040508d23a05d02e70075e034f4b4abe36a5862d8aebefd9aff34e95,08/07/2025 03:15:00 PM,1,DRIVER,,2024515,,CHEVROLET,EQUINOX,IN,2012,NONE,PASSENGER,PERSONAL,E,TURNING RIGHT,,,1,,,,,Y,Y,,,,,,,,,,,,FRONT-RIGHT-CORNER,,,,,,,,,,,,,,,,,,,,,,,,,,,,,,,,,
2123671,7dfe811b7ac5671923652e4351b4b63d0749c1ca064ce6f2a8cebfd8b9f9f3b58fcbad3d040508d23a05d02e70075e034f4b4abe36a5862d8aebefd9aff34e95,08/07/2025 03:15:00 PM,2,DRIVER,,2024562,,TOYOTA,CAMRY,IL,2014,NONE,PASSENGER,PERSONAL,E,STRAIGHT AHEAD,,,1,,,,,,,,,,,,,,Y,Y,Y,,FRONT-LEFT-CORNER,,,,,,,,,,,,,,,,,,,,,,,,,,,,,,,,,
2124337,d8bf3d3378e7e827195400da24b62c1750d9589d6b91803c49f4705bf2c1046fe1d7be5697d832a159ac0beb7bf5ce3823132b20792c536831a24cac8417f2e7,08/07/2025 03:15:00 PM,1,DRIVER,,2025127,,HYUNDAI,TUCSON,IL,2022,UNKNOWN,SPORT UTILITY VEHICLE (SUV),PERSONAL,E,STRAIGHT AHEAD,,,1,,,,,Y,,,,,,,,,,N,Y,,FRONT-RIGHT-CORNER,,,,,,,,,,,,,,,,,,,,,,,,,,,,,,,,,
2124338,d8bf3d3378e7e827195400da24b62c1750d9589d6b91803c49f4705bf2c1046fe1d7be5697d832a159ac0beb7bf5ce3823132b20792c536831a24cac8417f2e7,08/07/2025 03:15:00 PM,2,DRIVER,,2025128,,FORD,FUSION,IL,2005,UNKNOWN,PASSENGER,PERSONAL,SW,TURNING LEFT,Y,,1,,,,,,Y,Y,Y,Y,,,,,,,,,SIDE-RIGHT,,,,,,,,,,,,,,,,,,,,,,,,,,,,,,,,,
2123566,29d0df6aa0c59730c9c9d04abdfce801bde17996368cf2f1eb87aad35d26cf13e33a29e14953eb5cd36131b60ce6ceb76c465b9132b2cc6db64954805d312f30,08/07/2025 03:11:00 PM,1,DRIVER,,2024403,,VOLKSWAGEN,JETTA,IL,2010,NONE,PASSENGER,PERSONAL,S,STRAIGHT AHEAD,Y,,1,,owner,,,Y,,,,,,,,,,Y,Y,,FRONT,,,,,,,,,,,,,,,,,,,,,,,,,,,,,,,,,
2123567,29d0df6aa0c59730c9c9d04abdfce801bde17996368cf2f1eb87aad35d26cf13e33a29e14953eb5cd36131b60ce6ceb76c465b9132b2cc6db64954805d312f30,08/07/2025 03:11:00 PM,2,DRIVER,2,2024410,,CHRYSLER,PACIFICA,IL,2023,NONE,VAN/MINI-VAN,PERSONAL,W,STRAIGHT AHEAD,,,3,,,,,Y,Y,Y,Y,Y,,,,,,,,,SIDE-RIGHT,,,,,,,,,,,,,,,,,,,,,,,,,,,,,,,,,
2123576,597017f027ea639fc1cb0f3182bb09a96d4cc8327fa49338eac1655416d2c370ff9b3d53cd5dc65d67bab5b7c78f8a2efd0bc0bb26e84e8274e5d47dcf95f73e,08/07/2025 03:11:00 PM,1,DRIVER,,2024419,,TOYOTA,C-HR,IL,2018,NONE,SPORT UTILITY VEHICLE (SUV),PERSONAL,N,STRAIGHT AHEAD,,,1,,,,,Y,Y,Y,Y,Y,,,,,,,Y,,FRONT,,,,,,,,,,,,,,,,,,,,,,,,,,,,,,,,,
2123577,597017f027ea639fc1cb0f3182bb09a96d4cc8327fa49338eac1655416d2c370ff9b3d53cd5dc65d67bab5b7c78f8a2efd0bc0bb26e84e8274e5d47dcf95f73e,08/07/2025 03:11:00 PM,2,DRIVER,1,2024429,,TOYOTA,RAV4,IL,2022,NONE,SPORT UTILITY VEHICLE (SUV),PERSONAL,N,SLOW/STOP IN TRAFFIC,,,2,,,,,,,,,,Y,,,,,,,,REAR,,,,,,,,,,,,,,,,,,,,,,,,,,,,,,,,,
2123672,f1efe33ea4337f7b40af39efcf1700fc8cf0d934e1db16cf9982160584ed525e1e8a37fdf3a5cddf533d96d21a6fe7569426611c4b161c7c408074c24a542807,08/07/2025 03:07:00 PM,1,DRIVER,,2024506,,CHRYSLER,TOWN & COUNTRY,IL,2012,UNKNOWN,VAN/MINI-VAN,PERSONAL,S,TURNING LEFT,,,1,,,,,,,,,Y,,,,,,,,,REAR-LEFT-CORNER,,,,,,,,,,,,,,,,,,,,,,,,,,,,,,,,,
2123673,f1efe33ea4337f7b40af39efcf1700fc8cf0d934e1db16cf9982160584ed525e1e8a37fdf3a5cddf533d96d21a6fe7569426611c4b161c7c408074c24a542807,08/07/2025 03:07:00 PM,2,DRIVER,,2024514,,AUDI,A6,IL,2024,UNKNOWN,PASSENGER,PERSONAL,SE,STRAIGHT AHEAD,,,1,,,,,,,,,,,,,,,,Y,,REAR-LEFT-CORNER,,,,,,,,,,,,,,,,,,,,,,,,,,,,,,,,,
2123574,10202492138470451d62b29b656d6d7b2f0fe0b9b89f642cce7685f59ee0a3e77ea1a3f1a4be8c661d0f0fdc9e03e39128bf7e19801c218c3a5bc7b859d37b80,08/07/2025 03:06:00 PM,1,DRIVER,,2024430,,UNKNOWN,OTHER (EXPLAIN IN NARRATIVE),IL,,UNKNOWN,TRUCK - SINGLE UNIT,UNKNOWN/NA,S,STRAIGHT AHEAD,,,1,,,,,Y,,,,,,,,,,,,,FRONT-RIGHT-CORNER,,,,,,,,,,,,,,,,,,,,,,,,,,,,,,,,,
2123575,10202492138470451d62b29b656d6d7b2f0fe0b9b89f642cce7685f59ee0a3e77ea1a3f1a4be8c661d0f0fdc9e03e39128bf7e19801c218c3a5bc7b859d37b80,08/07/2025 03:06:00 PM,2,DRIVER,,2024418,,NEW FLYER,OTHER (EXPLAIN IN NARRATIVE),IL,2009,NONE,BUS OVER 15 PASS.,CTA,S,SLOW/STOP IN TRAFFIC,,,1,,,,,,,,,,,,,,Y,Y,,,FRONT-LEFT-CORNER,,,,,,,,,,,,,,,,,,,,,,,,,,,,,,,,,
2124157,559d533b27c61148629ed31ad12e4f9161c9f8b245026d7b02fcfaed57bdf1e686b3f7855acc60d2011e59ef5bfd12cf513916099ef906437498edd5fd27c6d2,08/07/2025 03:00:00 PM,2,DRIVER,,2024974,,HONDA,ODYSSEY,IL,2013,UNKNOWN,VAN/MINI-VAN,UNKNOWN/NA,E,TURNING RIGHT,,,1,,,,,,Y,Y,Y,,,,,,,,,,SIDE-RIGHT,,,,,,,,,,,,,,,,,,,,,,,,,,,,,,,,,
2124158,559d533b27c61148629ed31ad12e4f9161c9f8b245026d7b02fcfaed57bdf1e686b3f7855acc60d2011e59ef5bfd12cf513916099ef906437498edd5fd27c6d2,08/07/2025 03:00:00 PM,1,DRIVER,1,2024975,,ALFA ROMEO,GIULIA (SERIES),IL,2021,NONE,PASSENGER,PERSONAL,E,TURNING RIGHT,,,2,,,,,,,,,,,,,,N,Y,,,FRONT-LEFT-CORNER,,,,,,,,,,,,,,,,,,,,,,,,,,,,,,,,,
2125106,6ecc8bc89d167a29707bc6080b7290222a036e0fd53d79f3175f4cefecffc6f4d9eeb03f11b1d59e8e20e4604b6ec178f1406687ac4e257c579f7cad7b0e4186,08/07/2025 03:00:00 PM,1,DRIVER,,2025866,,FORD,EXPLORER,MO,2014,UNKNOWN,UNKNOWN/NA,UNKNOWN/NA,UNKNOWN,UNKNOWN/NA,,,1,,,,,,,,,,,,,,,,,Y,UNKNOWN,,,,,,,,,,,,,,,,,,,,,,,,,,,,,,,,,
2125109,6ecc8bc89d167a29707bc6080b7290222a036e0fd53d79f3175f4cefecffc6f4d9eeb03f11b1d59e8e20e4604b6ec178f1406687ac4e257c579f7cad7b0e4186,08/07/2025 03:00:00 PM,2,PEDESTRIAN,,,,,,,,,,,,,,,,,,,,,,,,,,,,,,,,,,,,,,,,,,,,,,,,,,,,,,,,,,,,,,,,,,
2123690,990892a10733fce52aba78517c4a3163b653266c8b01f89e00f239150d7709f02bb96a8ba6eadcbf7e3ee7427884ed8d4245438f9c7cb4ca507eacf226981522,08/07/2025 03:00:00 PM,1,DRIVER,,2024543,,CHRYSLER,TOWN & COUNTRY,IL,2012,UNKNOWN,VAN/MINI-VAN,PERSONAL,SW,TURNING LEFT,,,1,,,,,,,,Y,Y,,,,,,,,,SIDE-RIGHT-REAR,,,,,,,,,,,,,,,,,,,,,,,,,,,,,,,,,
2123691,990892a10733fce52aba78517c4a3163b653266c8b01f89e00f239150d7709f02bb96a8ba6eadcbf7e3ee7427884ed8d4245438f9c7cb4ca507eacf226981522,08/07/2025 03:00:00 PM,2,DRIVER,,2024552,,AUDI,OTHER (EXPLAIN IN NARRATIVE),IL,2024,NONE,PASSENGER,PERSONAL,S,STRAIGHT AHEAD,,,1,,,,,,,,,,,,,,,Y,,,FRONT-LEFT-CORNER,,,,,,,,,,,,,,,,,,,,,,,,,,,,,,,,,
2123978,dd21c372c45fb1cd5df2fd1651ab31f54f80ddc19039ff647436d88b48f0bdd8e7a85728cfc694b2c93549676dc054f31f10b91215a626f8f15709fe970043c0,08/07/2025 03:00:00 PM,1,DRIVER,,2024810,,UNKNOWN,MOTORIZED,,,UNKNOWN,UNKNOWN/NA,UNKNOWN/NA,S,UNKNOWN/NA,,,1,,,,,Y,Y,,,,,,,,,,Y,,FRONT-RIGHT-CORNER,,,,,,,,,,,,,,,,,,,,,,,,,,,,,,,,,
2123979,dd21c372c45fb1cd5df2fd1651ab31f54f80ddc19039ff647436d88b48f0bdd8e7a85728cfc694b2c93549676dc054f31f10b91215a626f8f15709fe970043c0,08/07/2025 03:00:00 PM,2,PARKED,,2024811,,KIA,SEDONA,IL,2020,NONE,VAN/MINI-VAN,NOT IN USE,S,PARKED,Y,,0,,WELLS ROAD SERVICE,PRIVATE,,,,,,,,,,Y,Y,Y,,,SIDE-LEFT-FRONT,,,,,,,,,,,,,,,,,,,,,,,,,,,,,,,,,
2123551,fc66de7f0bc7620f609b42dd4a5420fc39b8db6bd196b7747c5f6499939eaef6b0c4082ff09e332d7dc76cbdbf60333f9e070bb8886cacd67094293c58b1289a,08/07/2025 03:00:00 PM,1,DRIVER,,2024390,,KIA,NIRO,IL,2024,UNKNOWN,PASSENGER,PERSONAL,W,TURNING RIGHT,,,1,,,,,,,Y,Y,,,,,,,,,,SIDE-RIGHT,,,,,,,,,,,,,,,,,,,,,,,,,,,,,,,,,
2123552,fc66de7f0bc7620f609b42dd4a5420fc39b8db6bd196b7747c5f6499939eaef6b0c4082ff09e332d7dc76cbdbf60333f9e070bb8886cacd67094293c58b1289a,08/07/2025 03:00:00 PM,2,DRIVER,,2024408,,DODGE,OTHER (EXPLAIN IN NARRATIVE),IL,2023,NONE,VAN/MINI-VAN,CONSTRUCTION/MAINTENANCE,W,SLOW/STOP IN TRAFFIC,,,1,,,,,,,,,,,Y,,,,,,,REAR-LEFT-CORNER,,,,,,,,,,,,,,,,,,,,,,,,,,,,,,,,,
2123503,bb5272f98d25b1dcd3467cece74f822f56f6f665f40de7d5db7b501f767054ef3b23067a97646947beec75c3eec9543b3e6984db5b366c359bfaa274c0e87042,08/07/2025 02:57:00 PM,1,DRIVER,,2024345,,HYUNDAI,ACCENT,IL,2014,NONE,PASSENGER,PERSONAL,SE,TURNING LEFT,,,1,,,,,,,,,,,,,,,Y,Y,,FRONT-LEFT-CORNER,,,,,,,,,,,,,,,,,,,,,,,,,,,,,,,,,
2123504,bb5272f98d25b1dcd3467cece74f822f56f6f665f40de7d5db7b501f767054ef3b23067a97646947beec75c3eec9543b3e6984db5b366c359bfaa274c0e87042,08/07/2025 02:57:00 PM,2,DRIVER,4,2024351,,NISSAN,PATHFINDER,IL,2005,NONE,SPORT UTILITY VEHICLE (SUV),PERSONAL,N,STRAIGHT AHEAD,,,5,,,,,,,,,,,,Y,Y,,,,,SIDE-LEFT-REAR,,,,,,,,,,,,,,,,,,,,,,,,,,,,,,,,,
2123494,07da35f7ade23039f7f770e5bb3e8cf47cc7f9006659400d1cb9e07d808a1b27ca9560426e07c8d692955d4e4ac6859627b0eae5872e72a4b21ffd5f77837356,08/07/2025 02:55:00 PM,1,DRIVER,,2024337,,TOYOTA,RAV4,IL,2020,NONE,SPORT UTILITY VEHICLE (SUV),PERSONAL,S,ENTERING TRAFFIC LANE FROM PARKING,,,1,,,,,,,,,,,,Y,Y,Y,Y,,,SIDE-LEFT,,,,,,,,,,,,,,,,,,,,,,,,,,,,,,,,,
2123495,07da35f7ade23039f7f770e5bb3e8cf47cc7f9006659400d1cb9e07d808a1b27ca9560426e07c8d692955d4e4ac6859627b0eae5872e72a4b21ffd5f77837356,08/07/2025 02:55:00 PM,2,DRIVER,2,2024342,,BMW,750,IL,2008,NONE,PASSENGER,PERSONAL,S,STRAIGHT AHEAD,,,3,,,,,Y,Y,Y,,,,,,,,,,,SIDE-RIGHT,,,,,,,,,,,,,,,,,,,,,,,,,,,,,,,,,
2123580,1f4a8571aa3be0bb3a4be7b9163ea49809e3809cba3615c3ba998a1faec3768b5bbd7524bd4d816b9c5bebc4b53f51f93ff2473bda7d04d65e63358b0e9950b5,08/07/2025 02:55:00 PM,1,DRIVER,1,2024420,,FORD,EXPLORER,IL,2015,UNKNOWN,SPORT UTILITY VEHICLE (SUV),UNKNOWN/NA,W,STRAIGHT AHEAD,Y,,2,,City of Chicago,,,,,,,,,,,,,,,N,FRONT,,,,,,,,,,,,,,,,,,,,,,,,,,,,,,,,,
2123581,1f4a8571aa3be0bb3a4be7b9163ea49809e3809cba3615c3ba998a1faec3768b5bbd7524bd4d816b9c5bebc4b53f51f93ff2473bda7d04d65e63358b0e9950b5,08/07/2025 02:55:00 PM,2,PEDESTRIAN,,,,,,,,,,,,,,,,,,,,,,,,,,,,,,,,,,,,,,,,,,,,,,,,,,,,,,,,,,,,,,,,,,
2123527,ae8123fdcdb23e204c819abc1b960cdef7488572e6d5dc7d25aacd13eba43f81bbb2b9addb323591b1e5177ca3bcc7861fa88b7b388dc2ef60ca5b9711793aac,08/07/2025 02:50:00 PM,1,DRIVER,,2024382,,HONDA,ODYSSEY,IL,2015,UNKNOWN,VAN/MINI-VAN,UNKNOWN/NA,W,PASSING/OVERTAKING,,,1,,,,,Y,,,,,,,,,,,N,,FRONT-RIGHT-CORNER,,,,,,,,,,,,,,,,,,,,,,,,,,,,,,,,,
2123528,ae8123fdcdb23e204c819abc1b960cdef7488572e6d5dc7d25aacd13eba43f81bbb2b9addb323591b1e5177ca3bcc7861fa88b7b388dc2ef60ca5b9711793aac,08/07/2025 02:50:00 PM,2,DRIVER,,2024395,,HONDA,ACCORD,IL,2025,UNKNOWN,PASSENGER,PERSONAL,S,TURNING LEFT,,,1,,,,,,,,,,,,,,,Y,,,FRONT-LEFT-CORNER,,,,,,,,,,,,,,,,,,,,,,,,,,,,,,,,,
2123560,da8ee2174b6deb7d7dc2fc9648add9042a10de5e46501a3d6249e4accb8d314217ee4d9c6c7cc33080caef72350eb6b8268429950c29a0a933c4cecf3406a27c,08/07/2025 02:45:00 PM,1,DRIVER,1,2024405,,MERCURY,MOUNTAINEER,IL,2004,UNKNOWN,SPORT UTILITY VEHICLE (SUV),PERSONAL,N,PASSING/OVERTAKING,,,2,,,,,Y,,,,,,,,,,Y,Y,,FRONT,,,,,,,,,,,,,,,,,,,,,,,,,,,,,,,,,
2123561,da8ee2174b6deb7d7dc2fc9648add9042a10de5e46501a3d6249e4accb8d314217ee4d9c6c7cc33080caef72350eb6b8268429950c29a0a933c4cecf3406a27c,08/07/2025 02:45:00 PM,2,DRIVER,,2024409,,TOYOTA,RAV4,IL,2024,UNKNOWN,SPORT UTILITY VEHICLE (SUV),PERSONAL,E,STRAIGHT AHEAD,Y,,1,,E&R,POUND 2,,,,,Y,Y,,,,,,,,,REAR-RIGHT-CORNER,,,,,,,,,,,,,,,,,,,,,,,,,,,,,,,,,
2126943,db29a47d3cb2d76238b4483cee2086bc71e662c081a217cfd27bb20ee080dd42f8bc4642a9277a30839375e4a611b39111718cfcced75638c67312c757058a72,08/07/2025 02:45:00 PM,1,DRIVER,,2027606,,TOYOTA,CAMRY,IL,2004,UNKNOWN,PASSENGER,PERSONAL,E,CHANGING LANES,,,1,,,,,,,,,,,,,,,,,Y,FRONT-RIGHT-CORNER,,,,,,,,,,,,,,,,,,,,,,,,,,,,,,,,,
2126944,db29a47d3cb2d76238b4483cee2086bc71e662c081a217cfd27bb20ee080dd42f8bc4642a9277a30839375e4a611b39111718cfcced75638c67312c757058a72,08/07/2025 02:45:00 PM,2,DRIVER,,2027611,,HYUNDAI,SANTA FE,IL,2023,NONE,PASSENGER,PERSONAL,NE,STRAIGHT AHEAD,,,1,,,,,,,,,,,,Y,Y,Y,,,,SIDE-LEFT,,,,,,,,,,,,,,,,,,,,,,,,,,,,,,,,,
2123572,ddbdda22ea5c8569ea3b0f97b1c2bd7b7b3a08cc5824ccaef278a455bd2ec22d3c19205e8b34d7cfcf7e1898875c61553f70cfbe79db390f95ec1e323d90514a,08/07/2025 02:45:00 PM,1,DRIVER,,2024436,,HONDA,CIVIC,WI,2021,NONE,PASSENGER,PERSONAL,E,STRAIGHT AHEAD,,,1,,,,,,,,,,,,,,Y,Y,,,FRONT-LEFT-CORNER,,,,,,,,,,,,,,,,,,,,,,,,,,,,,,,,,
2123573,ddbdda22ea5c8569ea3b0f97b1c2bd7b7b3a08cc5824ccaef278a455bd2ec22d3c19205e8b34d7cfcf7e1898875c61553f70cfbe79db390f95ec1e323d90514a,08/07/2025 02:45:00 PM,2,DRIVER,1,2024449,,GENERAL MOTORS CORPORATION (GMC),TERRAIN,IL,2018,NONE,SPORT UTILITY VEHICLE (SUV),PERSONAL,E,STRAIGHT AHEAD,,,2,,,,,,Y,Y,Y,,,,,,,,,,SIDE-RIGHT,,,,,,,,,,,,,,,,,,,,,,,,,,,,,,,,,
2124058,5b5b0a01251a156d8a5ca80bb7ca30e5b8e18bbacbc43ad4dcc99ea84a7f684447c02d57d75ad53e73b0abd68c4341ca810c19cbe7004377db3a8e01f873403d,08/07/2025 02:43:00 PM,1,DRIVER,,2024882,,ACURA,RLX,,,UNKNOWN,SPORT UTILITY VEHICLE (SUV),UNKNOWN/NA,W,BACKING,,,1,,,,,,,,,Y,Y,Y,,,,,,,REAR,,,,,,,,,,,,,,,,,,,,,,,,,,,,,,,,,
2124059,5b5b0a01251a156d8a5ca80bb7ca30e5b8e18bbacbc43ad4dcc99ea84a7f684447c02d57d75ad53e73b0abd68c4341ca810c19cbe7004377db3a8e01f873403d,08/07/2025 02:43:00 PM,2,PARKED,,2024889,,AUDI,OTHER (EXPLAIN IN NARRATIVE),IL,2006,NONE,PASSENGER,NOT IN USE,S,PARKED,,,0,,,,,,,,,,,,Y,Y,Y,,,,SIDE-LEFT,,,,,,,,,,,,,,,,,,,,,,,,,,,,,,,,,
2123578,cee4538360f09ec000f98fcb1416f5420e57b11f8fbaff544b980ea3f04841a3a7f659de610e5d4782ef3f22b92d1e6b3f488725f3f30c25bbca85a8eb1a3d3a,08/07/2025 02:40:00 PM,1,DRIVER,,2024417,,ISUZU,TRUCK,IL,2025,UNKNOWN,OTHER,OTHER,W,UNKNOWN/NA,,,1,,,,,,,,,,,,,,,,,Y,UNKNOWN,,,,,,,,,,,,,,,,,,,,,,,,,,,,,,,,,
2123579,cee4538360f09ec000f98fcb1416f5420e57b11f8fbaff544b980ea3f04841a3a7f659de610e5d4782ef3f22b92d1e6b3f488725f3f30c25bbca85a8eb1a3d3a,08/07/2025 02:40:00 PM,2,PARKED,,2024421,,KIA,FORTE,IL,2023,UNKNOWN,PASSENGER,PERSONAL,W,PARKED,,,0,,,,,,,,,,,,,,,Y,Y,,FRONT-LEFT-CORNER,,,,,,,,,,,,,,,,,,,,,,,,,,,,,,,,,
2124263,0482c61f298539c531b5009d8c0b5f03c1575661f25ba1ccd7ee667562b40045dd7876c43b8b608e21061a70aca06e28f3a715fe894845f79d7b0814e23d1759,08/07/2025 02:30:00 PM,1,DRIVER,,2025052,,UNKNOWN,OTHER (EXPLAIN IN NARRATIVE),,,UNKNOWN,VAN/MINI-VAN,UNKNOWN/NA,W,STRAIGHT AHEAD,,,1,,,,,Y,Y,Y,,,,,,,,,,,SIDE-RIGHT,,,,,,,,,,,,,,,,,,,,,,,,,,,,,,,,,
2124264,0482c61f298539c531b5009d8c0b5f03c1575661f25ba1ccd7ee667562b40045dd7876c43b8b608e21061a70aca06e28f3a715fe894845f79d7b0814e23d1759,08/07/2025 02:30:00 PM,2,DRIVER,,2025056,,TOYOTA,CAMRY,IL,2017,NONE,PASSENGER,PERSONAL,W,STRAIGHT AHEAD,,,1,,,,,,,,,,Y,Y,Y,,,,,,REAR-LEFT-CORNER,,,,,,,,,,,,,,,,,,,,,,,,,,,,,,,,,
2123533,76860d7aeeccc90e9cb8d84d4addb20b06acdab2563460449f3e448b8959ffdb7546512c9a585cef5cca72fa154e408475600ea4d69454920c6e1cfc49f8982c,08/07/2025 02:30:00 PM,1,DRIVER,,2024372,,UNKNOWN,OTHER (EXPLAIN IN NARRATIVE),,,UNKNOWN,UNKNOWN/NA,UNKNOWN/NA,S,STRAIGHT AHEAD,,,1,,,,,Y,Y,,,,,,,,,,,,FRONT-RIGHT-CORNER,,,,,,,,,,,,,,,,,,,,,,,,,,,,,,,,,
2123534,76860d7aeeccc90e9cb8d84d4addb20b06acdab2563460449f3e448b8959ffdb7546512c9a585cef5cca72fa154e408475600ea4d69454920c6e1cfc49f8982c,08/07/2025 02:30:00 PM,2,DRIVER,,2024377,,NISSAN,ROGUE,IL,2017,UNKNOWN,PASSENGER,PERSONAL,S,STRAIGHT AHEAD,,,1,,,,,,,,,,,Y,Y,,,,,,REAR-LEFT-CORNER,,,,,,,,,,,,,,,,,,,,,,,,,,,,,,,,,
2123976,82f13343595de8ba65a157427d64ecf0a5a35fcda1b1c8687fe1a75f21d538e3bea14f5f440d3d0487baef2b0cd2aa7ada3d115ba3ee8b4c5f3fab3cb4373a15,08/07/2025 02:30:00 PM,1,DRIVER,,2024806,,HONDA,CR-V,IL,2022,UNKNOWN,SPORT UTILITY VEHICLE (SUV),UNKNOWN/NA,E,STRAIGHT AHEAD,,,1,,,,,,,,,,,,,,,,,Y,FRONT,,,,,,,,,,,,,,,,,,,,,,,,,,,,,,,,,
2123977,82f13343595de8ba65a157427d64ecf0a5a35fcda1b1c8687fe1a75f21d538e3bea14f5f440d3d0487baef2b0cd2aa7ada3d115ba3ee8b4c5f3fab3cb4373a15,08/07/2025 02:30:00 PM,2,DRIVER,,2024809,,HONDA,CIVIC,IL,2022,NONE,PASSENGER,PERSONAL,E,SLOW/STOP IN TRAFFIC,,,1,,,,,,,,,,Y,,,,,,,,REAR,,,,,,,,,,,,,,,,,,,,,,,,,,,,,,,,,
2124054,8b0cae8a7024033d0ab36cc83a91fc3c0632b5d360b3a661b9dad3deb0e60cce5d209f3f695adfcc287c9b45d9e07771de0b0871cf38b98bed471c15b3d3c029,08/07/2025 02:30:00 PM,1,DRIVER,,2024885,,GENERAL MOTORS CORPORATION (GMC),TERRAIN,IL,2017,NONE,SPORT UTILITY VEHICLE (SUV),PERSONAL,E,BACKING,,,1,,,,,,,,,,,,,,,,,Y,REAR,,,,,,,,,,,,,,,,,,,,,,,,,,,,,,,,,
2124055,8b0cae8a7024033d0ab36cc83a91fc3c0632b5d360b3a661b9dad3deb0e60cce5d209f3f695adfcc287c9b45d9e07771de0b0871cf38b98bed471c15b3d3c029,08/07/2025 02:30:00 PM,2,DRIVER,,2024895,,CHEVROLET,SILVERADO,IL,2002,NONE,PICKUP,PERSONAL,W,STRAIGHT AHEAD,,,1,,,,,,,,,,,Y,Y,,,,,,SIDE-LEFT-REAR,,,,,,,,,,,,,,,,,,,,,,,,,,,,,,,,,
2123488,8e168de4abc8ff17ea0691bcb3f138994d979e7585604fae24142ce74156aa6b4b88e38e66528a09c70cf7dbb6ac01a76f83c505691d54c5f222c416bd4e1806,08/07/2025 02:30:00 PM,1,DRIVER,,2024327,,FORD,FUSION,IL,2013,UNKNOWN,PASSENGER,PERSONAL,UNKNOWN,STRAIGHT AHEAD,,,1,,,,,,,,,,,,,,,,Y,,FRONT,,,,,,,,,,,,,,,,,,,,,,,,,,,,,,,,,
2123489,8e168de4abc8ff17ea0691bcb3f138994d979e7585604fae24142ce74156aa6b4b88e38e66528a09c70cf7dbb6ac01a76f83c505691d54c5f222c416bd4e1806,08/07/2025 02:30:00 PM,2,PEDESTRIAN,,,,,,,,,,,,,,,,,,,,,,,,,,,,,,,,,,,,,,,,,,,,,,,,,,,,,,,,,,,,,,,,,,