CRASH_UNIT_ID,CRASH_RECORD_ID,CRASH_DATE,UNIT_NO,UNIT_TYPE,NUM_PASSENGERS,VEHICLE_ID,CMRC_VEH_I,MAKE,MODEL,LIC_PLATE_STATE,VEHICLE_YEAR,VEHICLE_DEFECT,VEHICLE_TYPE,VEHICLE_USE,TRAVEL_DIRECTION,MANEUVER,TOWED_I,FIRE_I,OCCUPANT_CNT,EXCEED_SPEED_LIMIT_I,TOWED_BY,TOWED_TO,AREA_00_I,AREA_01_I,AREA_02_I,AREA_03_I,AREA_04_I,AREA_05_I,AREA_06_I,AREA_07_I,AREA_08_I,AREA_09_I,AREA_10_I,AREA_11_I,AREA_12_I,AREA_99_I,FIRST_CONTACT_POINT,CMV_ID,USDOT_NO,CCMC_NO,ILCC_NO,COMMERCIAL_SRC,GVWR,CARRIER_NAME,CARRIER_STATE,CARRIER_CITY,HAZMAT_PLACARDS_I,HAZMAT_NAME,UN_NO,HAZMAT_PRESENT_I,HAZMAT_REPORT_I,HAZMAT_REPORT_NO,MCS_REPORT_I,MCS_REPORT_NO,HAZMAT_VIO_CAUSE_CRASH_I,MCS_VIO_CAUSE_CRASH_I,IDOT_PERMIT_NO,WIDE_LOAD_I,TRAILER1_WIDTH,TRAILER2_WIDTH,TRAILER1_LENGTH,TRAILER2_LENGTH,TOTAL_VEHICLE_LENGTH,AXLE_CNT,VEHICLE_CONFIG,CARGO_BODY_TYPE,LOAD_TYPE,HAZMAT_OUT_OF_SERVICE_I,MCS_OUT_OF_SERVICE_I,HAZMAT_CLASS
2123501,ea7b96e9d37be6b49245f39f5b9656fd70f85ac1633413fcca1c7ec718d7c4b6389e92e3e565c38afdb2894e8c16e03b0935f4bc67f1c9094c1916ada189524c,08/07/2025 02:30:00 PM,1,DRIVER,,2024354,,CHEVROLET,MALIBU,IL,2016,NONE,PASSENGER,UNKNOWN/NA,S,STRAIGHT AHEAD,,,1,,,,,Y,,,,,,,,,,,Y,Y,FRONT-RIGHT-CORNER,,,,,,,,,,,,,,,,,,,,,,,,,,,,,,,,,
2123502,ea7b96e9d37be6b49245f39f5b9656fd70f85ac1633413fcca1c7ec718d7c4b6389e92e3e565c38afdb2894e8c16e03b0935f4bc67f1c9094c1916ada189524c,08/07/2025 02:30:00 PM,2,DRIVER,,2024371,,KIA,OPTIMA / K5,IL,2018,NONE,PASSENGER,PERSONAL,S,STRAIGHT AHEAD,,,1,,,,,,,,,,,Y,,,,,,Y,REAR-LEFT-CORNER,,,,,,,,,,,,,,,,,,,,,,,,,,,,,,,,,
2123519,9efb7e08071c89297881c38e3ef9d5301ad9c88bae23ec5f31c31376cc919c8105f10165aca5e3a08546ed21aa1adaf6b7dd6d32b410475cf1a96e7c6833a0e1,08/07/2025 02:25:00 PM,1,DRIVER,,2024413,,UNKNOWN,OTHER (EXPLAIN IN NARRATIVE),IL,,UNKNOWN,PASSENGER,PERSONAL,N,STRAIGHT AHEAD,,,1,,,,,Y,,,,,,,,,,,,,FRONT-RIGHT-CORNER,,,,,,,,,,,,,,,,,,,,,,,,,,,,,,,,,
2123520,9efb7e08071c89297881c38e3ef9d5301ad9c88bae23ec5f31c31376cc919c8105f10165aca5e3a08546ed21aa1adaf6b7dd6d32b410475cf1a96e7c6833a0e1,08/07/2025 02:25:00 PM,2,DRIVER,,2024361,,CHEVROLET,TAHOE,IL,2015,NONE,PASSENGER,PERSONAL,N,STRAIGHT AHEAD,,,1,,,,,,,,,,,Y,,,,,,,REAR-LEFT-CORNER,,,,,,,,,,,,,,,,,,,,,,,,,,,,,,,,,
2125734,32b2c1529490b3f264c0b5a04048563b1ceba00c340a7cf1424f97c3ac91b353c67b1d7d55fd76b395baacc25aaecb601da95f8aca58f8743f16ab41ea581a99,08/07/2025 02:21:00 PM,1,DRIVER,,2026449,,FORD,F650,AZ,2025,UNKNOWN,TRUCK - SINGLE UNIT,OTHER,N,STRAIGHT AHEAD,,,1,,,,,,,,,,,,,,,Y,,,SIDE-LEFT,,,,,,,,,,,,,,,,,,,,,,,,,,,,,,,,,
2125735,32b2c1529490b3f264c0b5a04048563b1ceba00c340a7cf1424f97c3ac91b353c67b1d7d55fd76b395baacc25aaecb601da95f8aca58f8743f16ab41ea581a99,08/07/2025 02:21:00 PM,2,DRIVER,,2026450,,HONDA,CIVIC,IL,2018,UNKNOWN,PASSENGER,PERSONAL,N,STRAIGHT AHEAD,,,1,,,,,,,,Y,Y,,,,,,,,,SIDE-RIGHT,,,,,,,,,,,,,,,,,,,,,,,,,,,,,,,,,
2123707,63232db2cc6c5a5f22318444d896d783110edb8fb6c8b4cd3578d58ca9c0cc4392592b00dfce53e5ab82cbe72fd96dcdc53a6d02381b056393b2169e637a8ad9,08/07/2025 02:20:00 PM,1,DRIVER,,2024545,,VOLKSWAGEN,GOLF,MI,2017,UNKNOWN,PASSENGER,UNKNOWN/NA,W,STARTING IN TRAFFIC,,,1,,,,,,,,,,,,,,,,Y,,FRONT,,,,,,,,,,,,,,,,,,,,,,,,,,,,,,,,,
2123708,63232db2cc6c5a5f22318444d896d783110edb8fb6c8b4cd3578d58ca9c0cc4392592b00dfce53e5ab82cbe72fd96dcdc53a6d02381b056393b2169e637a8ad9,08/07/2025 02:20:00 PM,2,DRIVER,,2024546,,NISSAN,MAXIMA,IL,2011,UNKNOWN,PASSENGER,UNKNOWN/NA,W,SLOW/STOP IN TRAFFIC,,,1,,,,,,,,,,Y,,,,,,,,REAR,,,,,,,,,,,,,,,,,,,,,,,,,,,,,,,,,
2123694,a3ea5b89f34c94e7c5d06f9546d6ac7c5cdfb19f9df2d0e0b7147c4a5c8cbfa4f98fa72dec425fd1b7a1b60b9661099018829e0c763daad130d55a21e2428c1e,08/07/2025 02:20:00 PM,1,DRIVER,,2024526,,KIA,SORENTO,IL,2016,UNKNOWN,SPORT UTILITY VEHICLE (SUV),UNKNOWN/NA,E,STRAIGHT AHEAD,,,1,,,,,,,,,,,,,,,,Y,,FRONT,,,,,,,,,,,,,,,,,,,,,,,,,,,,,,,,,
2123695,a3ea5b89f34c94e7c5d06f9546d6ac7c5cdfb19f9df2d0e0b7147c4a5c8cbfa4f98fa72dec425fd1b7a1b60b9661099018829e0c763daad130d55a21e2428c1e,08/07/2025 02:20:00 PM,2,DRIVER,,2024530,,JEEP,RENEGADE,IL,2017,UNKNOWN,SPORT UTILITY VEHICLE (SUV),UNKNOWN/NA,E,SLOW/STOP IN TRAFFIC,,,1,,,,,,,,,,Y,,,,,,,,REAR,,,,,,,,,,,,,,,,,,,,,,,,,,,,,,,,,
2123486,b2cc70b87d28d3e7906619303a52ef29fb5fc14f5c2bea30999d12d233ba429382dd9f05b85c92507cc165cb32fb5eebaea2794d0f31f918fefd23e6ba949158,08/07/2025 02:20:00 PM,1,DRIVER,,2024333,,HONDA,CIVIC,IL,2003,NONE,PASSENGER,PERSONAL,W,TURNING RIGHT,,,1,,,,,,,,,,,,,,,Y,,,SIDE-LEFT,,,,,,,,,,,,,,,,,,,,,,,,,,,,,,,,,
2123487,b2cc70b87d28d3e7906619303a52ef29fb5fc14f5c2bea30999d12d233ba429382dd9f05b85c92507cc165cb32fb5eebaea2794d0f31f918fefd23e6ba949158,08/07/2025 02:20:00 PM,2,DRIVER,,2024349,,FREIGHTLINER CORPORATION,FREIGHTLINER CORP.,IL,2016,NONE,TRUCK - SINGLE UNIT,OTHER,W,TURNING RIGHT,,,1,,,,Y,Y,Y,,,,,,,,N,N,,,SIDE-RIGHT,,,,,,,,,,,,,,,,,,,,,,,,,,,,,,,,,
2123507,e2a2ff458ef2984e5fdf94ce05cdc01555c66144d65f5358e0d42d0a85bb3bb9dbcae111d0c08f304fb89218dfebc9126d693f871d31f749b02a20d04936c012,08/07/2025 02:20:00 PM,1,DRIVER,,2024358,,HUMMER,H3,IL,2007,UNKNOWN,PASSENGER,PERSONAL,N,STARTING IN TRAFFIC,,,1,,,,,Y,,,,,,,,,,Y,Y,,FRONT,,,,,,,,,,,,,,,,,,,,,,,,,,,,,,,,,
2123508,e2a2ff458ef2984e5fdf94ce05cdc01555c66144d65f5358e0d42d0a85bb3bb9dbcae111d0c08f304fb89218dfebc9126d693f871d31f749b02a20d04936c012,08/07/2025 02:20:00 PM,2,DRIVER,,2024374,,FORD,FUSION,IL,2011,NONE,PASSENGER,PERSONAL,N,SLOW/STOP IN TRAFFIC,,,1,,,,,,,,,Y,Y,Y,,,,,,,REAR,,,,,,,,,,,,,,,,,,,,,,,,,,,,,,,,,
2123545,8c92bd063413b10d5e8102e4b71b3e7c5bc7976e56b76dc219f06ca2028793b21b4bf7e6ed9e0e59c3c2b653a98e043282b6d618a2ffdae23455caf3f04e3c9e,08/07/2025 02:16:00 PM,1,DRIVER,,2024386,,HONDA,OTHER (EXPLAIN IN NARRATIVE),IL,2006,UNKNOWN,PASSENGER,PERSONAL,E,STRAIGHT AHEAD,,,1,,,,,,,,,,,,,,,,,Y,UNKNOWN,,,,,,,,,,,,,,,,,,,,,,,,,,,,,,,,,
2123546,8c92bd063413b10d5e8102e4b71b3e7c5bc7976e56b76dc219f06ca2028793b21b4bf7e6ed9e0e59c3c2b653a98e043282b6d618a2ffdae23455caf3f04e3c9e,08/07/2025 02:16:00 PM,2,DRIVER,,2024396,,TOYOTA,OTHER (EXPLAIN IN NARRATIVE),IL,2015,UNKNOWN,VAN/MINI-VAN,PERSONAL,N,STRAIGHT AHEAD,,,1,,,,,,,,,,,Y,Y,,,,,,REAR-LEFT-CORNER,,,,,,,,,,,,,,,,,,,,,,,,,,,,,,,,,
2123481,3e3e28fe1fca14f458bf95f2f74b87cac00ceca28dc9c9957a85e078416cab0870d20f043308ae8c9d5475c1782a1fecd161a07cfb6f14bd823df354cbeb8a92,08/07/2025 02:15:00 PM,1,DRIVER,,2024323,,NISSAN,OTHER (EXPLAIN IN NARRATIVE),IN,,UNKNOWN,OTHER,UNKNOWN/NA,N,UNKNOWN/NA,,,1,,,,,,,,,,,,,,,,Y,,FRONT,,,,,,,,,,,,,,,,,,,,,,,,,,,,,,,,,
2123482,3e3e28fe1fca14f458bf95f2f74b87cac00ceca28dc9c9957a85e078416cab0870d20f043308ae8c9d5475c1782a1fecd161a07cfb6f14bd823df354cbeb8a92,08/07/2025 02:15:00 PM,2,DRIVER,1,2024329,,HONDA,CR-V,IL,2009,UNKNOWN,SPORT UTILITY VEHICLE (SUV),PERSONAL,N,SLOW/STOP IN TRAFFIC,,,2,,,,,,,,,,Y,,,,,,,,REAR,,,,,,,,,,,,,,,,,,,,,,,,,,,,,,,,,
2124001,40dde85e407c725aa922b5288aae3255ca544b814de3e65993f09901fa3a1b702c6dfe47d9af8a01f863cfa715f574216e62bbafcd03569f7cc60760d9afcb39,08/07/2025 02:15:00 PM,1,DRIVER,,2024828,,UNKNOWN,OTHER (EXPLAIN IN NARRATIVE),,,UNKNOWN,UNKNOWN/NA,UNKNOWN/NA,UNKNOWN,UNKNOWN/NA,,,1,,,,,,,,,,,,,,,,,Y,UNKNOWN,,,,,,,,,,,,,,,,,,,,,,,,,,,,,,,,,
2124002,40dde85e407c725aa922b5288aae3255ca544b814de3e65993f09901fa3a1b702c6dfe47d9af8a01f863cfa715f574216e62bbafcd03569f7cc60760d9afcb39,08/07/2025 02:15:00 PM,2,PARKED,,2024830,,CHEVROLET,MALIBU,IL,2020,NONE,PASSENGER,OTHER,UNKNOWN,PARKED,,,0,,,,,,,,,,,,,,,Y,Y,,FRONT-LEFT-CORNER,,,,,,,,,,,,,,,,,,,,,,,,,,,,,,,,,
2123457,dc061297e0034a0a24cc5d76000c6049c0a375bd0ed484bf56cd33763ddc83814fef93bf6d9dcb2f2a0187d24912bff8b16f47a1f2607028ef43fbc6579e052e,08/07/2025 02:10:00 PM,1,DRIVER,,2024298,,UNKNOWN,OTHER (EXPLAIN IN NARRATIVE),,,NONE,PASSENGER,PERSONAL,UNKNOWN,STRAIGHT AHEAD,,,1,,,,,Y,Y,Y,Y,Y,,,,,,,,,SIDE-RIGHT,,,,,,,,,,,,,,,,,,,,,,,,,,,,,,,,,
2123458,dc061297e0034a0a24cc5d76000c6049c0a375bd0ed484bf56cd33763ddc83814fef93bf6d9dcb2f2a0187d24912bff8b16f47a1f2607028ef43fbc6579e052e,08/07/2025 02:10:00 PM,2,DRIVER,1,2024301,,TESLA,MODEL Y,IL,2025,NONE,PASSENGER,PERSONAL,UNKNOWN,STRAIGHT AHEAD,,,2,,,,,,,,,,,Y,Y,Y,Y,Y,,,SIDE-LEFT,,,,,,,,,,,,,,,,,,,,,,,,,,,,,,,,,
2123496,7e12cbe965ac891fb5d59e46e771ecc2fe9a814077b1fe037d7b3386ac80680efc3062d6de5674a9291924bd082eab783c0f475b46afd41bf97ad0c436c6a06f,08/07/2025 02:08:00 PM,1,DRIVER,,2024338,,UNKNOWN,OTHER (EXPLAIN IN NARRATIVE),,,UNKNOWN,PASSENGER,UNKNOWN/NA,UNKNOWN,UNKNOWN/NA,,,1,,,,,,,,,,,,,,,,,Y,UNKNOWN,,,,,,,,,,,,,,,,,,,,,,,,,,,,,,,,,
2123497,7e12cbe965ac891fb5d59e46e771ecc2fe9a814077b1fe037d7b3386ac80680efc3062d6de5674a9291924bd082eab783c0f475b46afd41bf97ad0c436c6a06f,08/07/2025 02:08:00 PM,2,PARKED,,2024341,,HONDA,FIT,IL,2014,UNKNOWN,PASSENGER,PERSONAL,W,PARKED,Y,,0,,,,,Y,,,,Y,Y,Y,,,,Y,Y,,FRONT,,,,,,,,,,,,,,,,,,,,,,,,,,,,,,,,,
2123498,7e12cbe965ac891fb5d59e46e771ecc2fe9a814077b1fe037d7b3386ac80680efc3062d6de5674a9291924bd082eab783c0f475b46afd41bf97ad0c436c6a06f,08/07/2025 02:08:00 PM,3,PARKED,,2024348,,TOYOTA,CAMRY,IL,2011,UNKNOWN,PASSENGER,PERSONAL,W,PARKED,,,0,,,,,Y,,,,,,,,,,Y,Y,,FRONT,,,,,,,,,,,,,,,,,,,,,,,,,,,,,,,,,
2123459,2d45a2272045b5a3f62f6dec01469f3c267cb6d4a24cf7c6967122831d03299d058e1ae2a262ca8a9a1c49e83c2f819b26e81006d9e1267f7abd2f1f674db18a,08/07/2025 02:07:00 PM,1,DRIVER,,2024309,,LEXUS,LS400,IN,1990,UNKNOWN,PASSENGER,PERSONAL,W,STRAIGHT AHEAD,Y,,1,,,,,,,,,,,,,,Y,Y,,,FRONT-LEFT-CORNER,,,,,,,,,,,,,,,,,,,,,,,,,,,,,,,,,
2123460,2d45a2272045b5a3f62f6dec01469f3c267cb6d4a24cf7c6967122831d03299d058e1ae2a262ca8a9a1c49e83c2f819b26e81006d9e1267f7abd2f1f674db18a,08/07/2025 02:07:00 PM,2,DRIVER,,2024319,,CHRYSLER,200,IL,2017,UNKNOWN,PASSENGER,PERSONAL,N,STRAIGHT AHEAD,Y,,1,,,,,Y,Y,Y,Y,,,,,,,,,,SIDE-RIGHT,,,,,,,,,,,,,,,,,,,,,,,,,,,,,,,,,
2123557,a2ab61060ddfe9d2a17122209c144bd7b3b4e5caa75454cba9c3614a9e25875accc31cec0fc9f243c12a19219acc57b8b1d859ef7e2333d3811288abdd1d16a7,08/07/2025 02:05:00 PM,1,DRIVER,,2024400,,CHEVROLET,MALIBU,IL,2014,UNKNOWN,PASSENGER,PERSONAL,S,SKIDDING/CONTROL LOSS,,,1,,,,,Y,Y,,,Y,,Y,,,Y,Y,Y,Y,UNKNOWN,,,,,,,,,,,,,,,,,,,,,,,,,,,,,,,,,
2123558,a2ab61060ddfe9d2a17122209c144bd7b3b4e5caa75454cba9c3614a9e25875accc31cec0fc9f243c12a19219acc57b8b1d859ef7e2333d3811288abdd1d16a7,08/07/2025 02:05:00 PM,2,DRIVER,,2024411,,NISSAN,ALTIMA,TN,2021,UNKNOWN,PASSENGER,PERSONAL,S,STRAIGHT AHEAD,,,1,,,,,Y,Y,,Y,Y,Y,Y,,,,Y,Y,Y,UNKNOWN,,,,,,,,,,,,,,,,,,,,,,,,,,,,,,,,,
2123559,a2ab61060ddfe9d2a17122209c144bd7b3b4e5caa75454cba9c3614a9e25875accc31cec0fc9f243c12a19219acc57b8b1d859ef7e2333d3811288abdd1d16a7,08/07/2025 02:05:00 PM,3,DRIVER,,2024416,,GENERAL MOTORS CORPORATION (GMC),TERRAIN,IL,2019,UNKNOWN,SPORT UTILITY VEHICLE (SUV),PERSONAL,S,STRAIGHT AHEAD,,,1,,,,,Y,,,,,,,,Y,Y,Y,Y,Y,FRONT,,,,,,,,,,,,,,,,,,,,,,,,,,,,,,,,,
2123465,384e93953bae3f56f45fef9e377e494c1f20d0f51b51d746bed334fa41a8969f6788da5499bd7fe9dcaf9a79ab7f25fb89c8bb535b1ad05b6eb07bfdb037e5c4,08/07/2025 02:00:00 PM,1,DRIVER,,2024308,,BUICK,REGAL,IL,2014,BRAKES,PASSENGER,PERSONAL,W,STRAIGHT AHEAD,,,1,,,,,,,,,,,,Y,Y,Y,,,,SIDE-LEFT,,,,,,,,,,,,,,,,,,,,,,,,,,,,,,,,,
2123466,384e93953bae3f56f45fef9e377e494c1f20d0f51b51d746bed334fa41a8969f6788da5499bd7fe9dcaf9a79ab7f25fb89c8bb535b1ad05b6eb07bfdb037e5c4,08/07/2025 02:00:00 PM,2,DRIVER,,2024320,,"FLEETWOOD ENTERPRISES, INC.","FLEETWOOD ENTERPRISES, INC.",IL,2025,NONE,TRACTOR W/ SEMI-TRAILER,COMMERCIAL - SINGLE UNIT,NW,STRAIGHT AHEAD,,,1,,,,,,Y,,,,,,,,,,,,SIDE-RIGHT-FRONT,,,,,,,,,,,,,,,,,,,,,,,,,,,,,,,,,
2123477,951f8d13da866522524581c9b888294f19d7714f9163fb913e2db7972a7b16adc56ffcf036acdf288209b4dc053c83297031528d17e488a0adc52007e8823f2f,08/07/2025 02:00:00 PM,1,DRIVER,,2024322,,GENERAL MOTORS CORPORATION (GMC),TERRAIN,TN,2024,NONE,SPORT UTILITY VEHICLE (SUV),UNKNOWN/NA,E,LEAVING TRAFFIC LANE TO PARK,,,1,,,,,,,,,,,,,,,,,Y,FRONT-RIGHT-CORNER,,,,,,,,,,,,,,,,,,,,,,,,,,,,,,,,,
2123478,951f8d13da866522524581c9b888294f19d7714f9163fb913e2db7972a7b16adc56ffcf036acdf288209b4dc053c83297031528d17e488a0adc52007e8823f2f,08/07/2025 02:00:00 PM,2,PARKED,3,2024343,,HONDA,OTHER (EXPLAIN IN NARRATIVE),IL,2011,NONE,PASSENGER,NOT IN USE,E,PARKED,,,3,,,,,,,,,,,Y,Y,,,,,,SIDE-LEFT-REAR,,,,,,,,,,,,,,,,,,,,,,,,,,,,,,,,,
2123601,ee571c521e24feb1feefa49d3be4c7e34f34b12b591442479b16cdb34b943a421d6f6dbee3a7eb86b3c1b64f1231754db174f4bb985665409d006f8c6311d0bd,08/07/2025 02:00:00 PM,1,DRIVER,3,2024455,,JEEP,COMPASS,IL,2019,NONE,PASSENGER,PERSONAL,N,STRAIGHT AHEAD,,,4,,,,,Y,Y,Y,,,,,,,,,,,SIDE-RIGHT,,,,,,,,,,,,,,,,,,,,,,,,,,,,,,,,,
2123602,ee571c521e24feb1feefa49d3be4c7e34f34b12b591442479b16cdb34b943a421d6f6dbee3a7eb86b3c1b64f1231754db174f4bb985665409d006f8c6311d0bd,08/07/2025 02:00:00 PM,2,DRIVER,,2024484,,DODGE,RAM 3500 PU,IL,2008,NONE,OTHER,PERSONAL,N,STRAIGHT AHEAD,,,1,,,,,,,,,,,Y,Y,,,,,,REAR-LEFT-CORNER,,,,,,,,,,,,,,,,,,,,,,,,,,,,,,,,,
2123467,f22b60df94271aa58cc06b369b7582bc032914364b829b050940ba732ecf3b4dc5402a281284e9240b2f848de30f03aec934d04ac9629cc0f584142e3e106890,08/07/2025 02:00:00 PM,1,DRIVER,,2024304,,HONDA,CR-V,IL,2012,UNKNOWN,SPORT UTILITY VEHICLE (SUV),PERSONAL,S,STRAIGHT AHEAD,,,1,,,,,,,,,,,,,,,,Y,,FRONT,,,,,,,,,,,,,,,,,,,,,,,,,,,,,,,,,
2123468,f22b60df94271aa58cc06b369b7582bc032914364b829b050940ba732ecf3b4dc5402a281284e9240b2f848de30f03aec934d04ac9629cc0f584142e3e106890,08/07/2025 02:00:00 PM,2,DRIVER,,2024310,,TOYOTA,RAV4,IL,2018,NONE,SPORT UTILITY VEHICLE (SUV),PERSONAL,S,STRAIGHT AHEAD,,,1,,,,,,,,,,Y,,,,,,,,REAR,,,,,,,,,,,,,,,,,,,,,,,,,,,,,,,,,
2123444,f8faf23eb7a041b5d192e0d1f1c9f58c800b7a993abbb81269a23f86982573c2fda763f96c17c74775de3a8400376b3063bacf63e6b31738805452122d27c15b,08/07/2025 01:57:00 PM,1,DRIVER,,2024293,,HYUNDAI,ELANTRA,IN,2024,NONE,PASSENGER,PERSONAL,E,TURNING LEFT,,,1,,,,,,,,,,,,,,,,Y,,FRONT,,,,,,,,,,,,,,,,,,,,,,,,,,,,,,,,,
2123445,f8faf23eb7a041b5d192e0d1f1c9f58c800b7a993abbb81269a23f86982573c2fda763f96c17c74775de3a8400376b3063bacf63e6b31738805452122d27c15b,08/07/2025 01:57:00 PM,2,DRIVER,,2024303,,GENERAL MOTORS CORPORATION (GMC),ACADIA,IL,2018,NONE,SPORT UTILITY VEHICLE (SUV),PERSONAL,S,STRAIGHT AHEAD,,,1,,,,,,,Y,,,,,,,,,,,SIDE-RIGHT,,,,,,,,,,,,,,,,,,,,,,,,,,,,,,,,,
2123499,48e76b8d087aca8976928af64bdc70d5136cdee1ff24da2371b9cec3b7173fc9aadb255fda3ab1868321b430439c56ed5893c6d82851e58887a85d8a17d08fad,08/07/2025 01:55:00 PM,1,DRIVER,,2024344,,TOYOTA,RAV4,IL,2024,UNKNOWN,PASSENGER,PERSONAL,NW,TURNING RIGHT,,,1,,,,,,,,,,,,,,Y,Y,,,SIDE-LEFT-FRONT,,,,,,,,,,,,,,,,,,,,,,,,,,,,,,,,,
2123500,48e76b8d087aca8976928af64bdc70d5136cdee1ff24da2371b9cec3b7173fc9aadb255fda3ab1868321b430439c56ed5893c6d82851e58887a85d8a17d08fad,08/07/2025 01:55:00 PM,2,DRIVER,,2024366,,DODGE,RAM 2500 PU,IL,2024,UNKNOWN,PICKUP,OTHER,NW,TURNING RIGHT,,,1,,,,,,Y,Y,,,,,,,,,,,SIDE-RIGHT,,,,,,,,,,,,,,,,,,,,,,,,,,,,,,,,,
2123937,e55b5bb09a378c1d99bdb9f919c441eab35db5ff6d8d7798660803bfaa781c5f83f50c59418f06f86bc56653c722c33777ca82492ef8e451d1cffaf5ff0ccdc3,08/07/2025 01:50:00 PM,1,PARKED,1,2024769,,CHEVROLET,EXPRESS,IL,2023,NONE,VAN/MINI-VAN,NOT IN USE,UNKNOWN,PARKED,,,1,,,,,,,,,,,,,Y,Y,,,,SIDE-LEFT,,,,,,,,,,,,,,,,,,,,,,,,,,,,,,,,,
2123938,e55b5bb09a378c1d99bdb9f919c441eab35db5ff6d8d7798660803bfaa781c5f83f50c59418f06f86bc56653c722c33777ca82492ef8e451d1cffaf5ff0ccdc3,08/07/2025 01:50:00 PM,2,DRIVER,,2024772,,LAND ROVER,OTHER (EXPLAIN IN NARRATIVE),IL,2023,NONE,PASSENGER,PERSONAL,UNKNOWN,STRAIGHT AHEAD,,,1,,,,,,,,,,,,,,,,,Y,FRONT-RIGHT-CORNER,,,,,,,,,,,,,,,,,,,,,,,,,,,,,,,,,
2123429,5e2bacdb6e9e0d8ddfc3645d897ee99e503eabd1099e9276c2f29b3bd09d79019382e1ca4d5b39be91263a1c051bc4eda744cc41b2bd23422f778ca9a9e25bc1,08/07/2025 01:47:00 PM,1,DRIVER,,2024269,,PORSCHE,CAYENNE,IL,2006,UNKNOWN,PASSENGER,UNKNOWN/NA,S,STRAIGHT AHEAD,,,1,,,,,,Y,,,,,,,,,,,,SIDE-RIGHT-FRONT,,,,,,,,,,,,,,,,,,,,,,,,,,,,,,,,,
2123430,5e2bacdb6e9e0d8ddfc3645d897ee99e503eabd1099e9276c2f29b3bd09d79019382e1ca4d5b39be91263a1c051bc4eda744cc41b2bd23422f778ca9a9e25bc1,08/07/2025 01:47:00 PM,2,PARKED,,2024272,,FORD,F250,,2018,UNKNOWN,VAN/MINI-VAN,OTHER,S,PARKED,,,0,,,,,,,,,,,,,,Y,,,,SIDE-LEFT-FRONT,,,,,,,,,,,,,,,,,,,,,,,,,,,,,,,,,
2123529,960c8e7bbf47a51ffcd21ee28b9e7946dba6f6f39192db5b75b2518a9f880f9768d99c70fb17373067f4bf18592946b46da4691d5a8b72fc77b294b62e37e56f,08/07/2025 01:45:00 PM,1,DRIVER,,2024399,,ACURA,ADX,IL,2008,UNKNOWN,PASSENGER,UNKNOWN/NA,S,SLOW/STOP IN TRAFFIC,,,1,,,,,,,,,,,Y,,,,,,,REAR-LEFT-CORNER,,,,,,,,,,,,,,,,,,,,,,,,,,,,,,,,,
2123530,960c8e7bbf47a51ffcd21ee28b9e7946dba6f6f39192db5b75b2518a9f880f9768d99c70fb17373067f4bf18592946b46da4691d5a8b72fc77b294b62e37e56f,08/07/2025 01:45:00 PM,2,DRIVER,,2024474,,FORD,ESCAPE,IL,2016,UNKNOWN,PASSENGER,UNKNOWN/NA,S,STRAIGHT AHEAD,,,1,,,,,Y,,,,,,,,,,,,,FRONT-RIGHT-CORNER,,,,,,,,,,,,,,,,,,,,,,,,,,,,,,,,,
2125613,be058ec911a159789ca0a973911e5d932c8c90066aca1fde3c3b8fda75db15b243c818c6df11ad709cb7a1f6372498df98d916b75a09ce4f531058927eeee091,08/07/2025 01:45:00 PM,1,PARKED,1,2026361,,CHEVROLET,EXPRESS,IL,2023,NONE,VAN/MINI-VAN,PERSONAL,E,PARKED,,,1,,,,,,,,,,,,,Y,Y,,,,SIDE-LEFT,,,,,,,,,,,,,,,,,,,,,,,,,,,,,,,,,
2125614,be058ec911a159789ca0a973911e5d932c8c90066aca1fde3c3b8fda75db15b243c818c6df11ad709cb7a1f6372498df98d916b75a09ce4f531058927eeee091,08/07/2025 01:45:00 PM,2,DRIVER,,2026348,,LAND ROVER,DEFENDER,IL,2023,NONE,PASSENGER,PERSONAL,E,STRAIGHT AHEAD,,,1,,,,,Y,,Y,Y,Y,,,,,,,,,SIDE-RIGHT,,,,,,,,,,,,,,,,,,,,,,,,,,,,,,,,,
2123440,b343a20981a8908827ace178cfbd421640e4b1e5f02bb80c9b371a3943e7214321e1eda15ebbc3c2101043bc6187d6b318434d8dea040c45bc7bd63b56e9b605,08/07/2025 01:40:00 PM,2,DRIVER,,2024284,,TOYOTA,PRIUS,IL,2012,UNKNOWN,PASSENGER,PERSONAL,N,STRAIGHT AHEAD,,,1,,,,,,,,,,,,,,N,Y,,,FRONT-LEFT-CORNER,,,,,,,,,,,,,,,,,,,,,,,,,,,,,,,,,
2123441,b343a20981a8908827ace178cfbd421640e4b1e5f02bb80c9b371a3943e7214321e1eda15ebbc3c2101043bc6187d6b318434d8dea040c45bc7bd63b56e9b605,08/07/2025 01:40:00 PM,1,DRIVER,,2024295,,BUICK,REGAL,IL,2017,UNKNOWN,PASSENGER,PERSONAL,N,TURNING LEFT,,,1,,,,,Y,N,,,,,,,,,,,,FRONT-RIGHT-CORNER,,,,,,,,,,,,,,,,,,,,,,,,,,,,,,,,,
2123511,b6adcae0b822af71a1f3debaf67ebe0e202022b9d5289b3260bd76f839b27ccecf27805cb2af8e1b9839dbaf779f2ff810e43c89156976b1e19493118905bd2a,08/07/2025 01:40:00 PM,1,DRIVER,,2024357,,FORD,ECONOLINE E150,IL,2020,NONE,VAN/MINI-VAN,PERSONAL,E,UNKNOWN/NA,,,1,,,,,,,,,,,,Y,Y,Y,,,,SIDE-LEFT,,,,,,,,,,,,,,,,,,,,,,,,,,,,,,,,,