CRASH_UNIT_ID,CRASH_RECORD_ID,CRASH_DATE,UNIT_NO,UNIT_TYPE,NUM_PASSENGERS,VEHICLE_ID,CMRC_VEH_I,MAKE,MODEL,LIC_PLATE_STATE,VEHICLE_YEAR,VEHICLE_DEFECT,VEHICLE_TYPE,VEHICLE_USE,TRAVEL_DIRECTION,MANEUVER,TOWED_I,FIRE_I,OCCUPANT_CNT,EXCEED_SPEED_LIMIT_I,TOWED_BY,TOWED_TO,AREA_00_I,AREA_01_I,AREA_02_I,AREA_03_I,AREA_04_I,AREA_05_I,AREA_06_I,AREA_07_I,AREA_08_I,AREA_09_I,AREA_10_I,AREA_11_I,AREA_12_I,AREA_99_I,FIRST_CONTACT_POINT,CMV_ID,USDOT_NO,CCMC_NO,ILCC_NO,COMMERCIAL_SRC,GVWR,CARRIER_NAME,CARRIER_STATE,CARRIER_CITY,HAZMAT_PLACARDS_I,HAZMAT_NAME,UN_NO,HAZMAT_PRESENT_I,HAZMAT_REPORT_I,HAZMAT_REPORT_NO,MCS_REPORT_I,MCS_REPORT_NO,HAZMAT_VIO_CAUSE_CRASH_I,MCS_VIO_CAUSE_CRASH_I,IDOT_PERMIT_NO,WIDE_LOAD_I,TRAILER1_WIDTH,TRAILER2_WIDTH,TRAILER1_LENGTH,TRAILER2_LENGTH,TOTAL_VEHICLE_LENGTH,AXLE_CNT,VEHICLE_CONFIG,CARGO_BODY_TYPE,LOAD_TYPE,HAZMAT_OUT_OF_SERVICE_I,MCS_OUT_OF_SERVICE_I,HAZMAT_CLASS
2123512,b6adcae0b822af71a1f3debaf67ebe0e202022b9d5289b3260bd76f839b27ccecf27805cb2af8e1b9839dbaf779f2ff810e43c89156976b1e19493118905bd2a,08/07/2025 01:40:00 PM,2,DRIVER,,2024367,,TOYOTA,RAV4,IL,2024,NONE,PASSENGER,PERSONAL,E,STRAIGHT AHEAD,,,1,,,,,Y,,,,,,,,,,,,,FRONT-RIGHT-CORNER,,,,,,,,,,,,,,,,,,,,,,,,,,,,,,,,,
2123594,1d1c76c3b261e13018a54ee612dc3d867ddffb58061fb964ffd6306ec233f057e2516ad9037b6576b4e3cbdd89efee3b06665d989f760001a602d761c5fcddc0,08/07/2025 01:30:00 PM,1,DRIVER,,2024431,,CHEVROLET,TRAVERSE,IL,,NONE,PASSENGER,PERSONAL,S,CHANGING LANES,,,1,,,,,Y,,,,,,,,,,,,,FRONT-RIGHT-CORNER,,,,,,,,,,,,,,,,,,,,,,,,,,,,,,,,,
2123595,1d1c76c3b261e13018a54ee612dc3d867ddffb58061fb964ffd6306ec233f057e2516ad9037b6576b4e3cbdd89efee3b06665d989f760001a602d761c5fcddc0,08/07/2025 01:30:00 PM,2,DRIVER,,2024428,,MERCEDES-BENZ,G-CLASS,IL,2020,NONE,PASSENGER,PERSONAL,S,STRAIGHT AHEAD,,,1,,,,,,,,,,,Y,,,,,,,REAR-LEFT-CORNER,,,,,,,,,,,,,,,,,,,,,,,,,,,,,,,,,
2123692,43eb7895123af4e326ecb65e72fc9cc8df957c4683e61cc3350517ca90e60900c3bad424b88c520e6958825dd3e01e3c5725839038f8421874635fad009ae902,08/07/2025 01:30:00 PM,1,DRIVER,,2024525,,UNKNOWN,MOTORIZED,IL,,UNKNOWN,PASSENGER,UNKNOWN/NA,N,UNKNOWN/NA,,,1,,,,,,,,,,,,,N,,,,Y,UNKNOWN,,,,,,,,,,,,,,,,,,,,,,,,,,,,,,,,,
2123693,43eb7895123af4e326ecb65e72fc9cc8df957c4683e61cc3350517ca90e60900c3bad424b88c520e6958825dd3e01e3c5725839038f8421874635fad009ae902,08/07/2025 01:30:00 PM,2,DRIVERLESS,,2024531,,KIA,SPORTAGE,IL,2023,UNKNOWN,SPORT UTILITY VEHICLE (SUV),NOT IN USE,N,PARKED,,,0,,,,,,,,,,,,,Y,,,,,SIDE-LEFT,,,,,,,,,,,,,,,,,,,,,,,,,,,,,,,,,
2123463,4c3815487f72b874590fb04150534a8efd0b1e3d9d3f1d83ffd0675727f684015afc4cce0484c3b86236e28141eb6532cdc5069d2dba534fceb7a4fa6307d90e,08/07/2025 01:30:00 PM,1,DRIVER,1,2024331,,LINCOLN,NAUTILUS,IL,2019,NONE,SPORT UTILITY VEHICLE (SUV),PERSONAL,E,STRAIGHT AHEAD,Y,,2,,private,,,Y,,,,,,,,,,Y,Y,,FRONT,,,,,,,,,,,,,,,,,,,,,,,,,,,,,,,,,
2123464,4c3815487f72b874590fb04150534a8efd0b1e3d9d3f1d83ffd0675727f684015afc4cce0484c3b86236e28141eb6532cdc5069d2dba534fceb7a4fa6307d90e,08/07/2025 01:30:00 PM,2,DRIVER,,2024350,,CADILLAC,SRX,IL,2015,NONE,SPORT UTILITY VEHICLE (SUV),PERSONAL,S,STRAIGHT AHEAD,,,1,,,,,Y,,,,,,,,,,Y,Y,,FRONT,,,,,,,,,,,,,,,,,,,,,,,,,,,,,,,,,
2123509,80a755bf3495efa04ab67f732484b55a21beecbd5e7a27102bee33b6f16aeb5adcdc190abfce65d254401efad7c6dd622fb881135242a93fed6ec17af83ff66d,08/07/2025 01:30:00 PM,1,DRIVER,,2024353,,BUICK,LACROSSE,IL,2014,UNKNOWN,PASSENGER,PERSONAL,W,LEAVING TRAFFIC LANE TO PARK,,,1,,,,,,,,,,,,,,,,Y,,FRONT-LEFT-CORNER,,,,,,,,,,,,,,,,,,,,,,,,,,,,,,,,,
2123510,80a755bf3495efa04ab67f732484b55a21beecbd5e7a27102bee33b6f16aeb5adcdc190abfce65d254401efad7c6dd622fb881135242a93fed6ec17af83ff66d,08/07/2025 01:30:00 PM,2,DRIVER,,2024356,,VOLKSWAGEN,TIGUAN,IL,2020,UNKNOWN,SPORT UTILITY VEHICLE (SUV),PERSONAL,W,STRAIGHT AHEAD,,,1,,,,,,Y,Y,,,,,,,,,N,,SIDE-RIGHT,,,,,,,,,,,,,,,,,,,,,,,,,,,,,,,,,
2123451,e94f82b2e704f9a7bbbf85d84c242c3a0a47a33c531094f9ade1ca3766a2e3736b84422a7ab03834edab6e30cb2303b5ad8cef527151d76dffc7968a6920116f,08/07/2025 01:30:00 PM,1,DRIVER,,2024296,,AUDI,A6,IL,2024,UNKNOWN,SPORT UTILITY VEHICLE (SUV),PERSONAL,UNKNOWN,CHANGING LANES,,,1,,,,,Y,Y,,,,,,,,,,,,FRONT-RIGHT-CORNER,,,,,,,,,,,,,,,,,,,,,,,,,,,,,,,,,
2123452,e94f82b2e704f9a7bbbf85d84c242c3a0a47a33c531094f9ade1ca3766a2e3736b84422a7ab03834edab6e30cb2303b5ad8cef527151d76dffc7968a6920116f,08/07/2025 01:30:00 PM,2,DRIVER,,2024300,,TOYOTA,CAMRY,FL,2012,UNKNOWN,PASSENGER,PERSONAL,UNKNOWN,STRAIGHT AHEAD,,,1,,,,,,,,,,,Y,Y,Y,,,,,SIDE-RIGHT-REAR,,,,,,,,,,,,,,,,,,,,,,,,,,,,,,,,,
2124044,5ee5b4bc58b93d14f71d4f788cd32da0d5b76180bdd2082880664317b5b300de059ddfb91e1790426661865ce8fe2591bc1491eeb532287209f7c0e6b5ab7e19,08/07/2025 01:28:00 PM,1,DRIVER,,2024865,,UNKNOWN,OTHER (EXPLAIN IN NARRATIVE),,,UNKNOWN,UNKNOWN/NA,UNKNOWN/NA,UNKNOWN,UNKNOWN/NA,,,1,,,,,,,,,,,,,,,,,Y,UNKNOWN,,,,,,,,,,,,,,,,,,,,,,,,,,,,,,,,,
2124045,5ee5b4bc58b93d14f71d4f788cd32da0d5b76180bdd2082880664317b5b300de059ddfb91e1790426661865ce8fe2591bc1491eeb532287209f7c0e6b5ab7e19,08/07/2025 01:28:00 PM,2,PARKED,,2024869,,MERCEDES-BENZ,CLS,IL,2022,NONE,SPORT UTILITY VEHICLE (SUV),NOT IN USE,UNKNOWN,PARKED,,,0,,,,,,,,,,Y,Y,Y,,,,,,UNKNOWN,,,,,,,,,,,,,,,,,,,,,,,,,,,,,,,,,
2123449,d8fea711fb84f9dd2026b0bdae16c20c5bf219913c5239fda061da432b31e34a34a0ee500c1a1c35fbf02577a3344f51ffd6ec239d54d5fc2709966438e83e13,08/07/2025 01:28:00 PM,2,DRIVER,,2024292,,KIA,SELTOS,IL,2022,UNKNOWN,PASSENGER,PERSONAL,S,STRAIGHT AHEAD,,,1,,,,,,,,,,Y,,,,,,,,REAR,,,,,,,,,,,,,,,,,,,,,,,,,,,,,,,,,
2123450,d8fea711fb84f9dd2026b0bdae16c20c5bf219913c5239fda061da432b31e34a34a0ee500c1a1c35fbf02577a3344f51ffd6ec239d54d5fc2709966438e83e13,08/07/2025 01:28:00 PM,1,DRIVER,,2024286,,TOYOTA,OTHER (EXPLAIN IN NARRATIVE),IL,2003,NONE,PASSENGER,PERSONAL,S,STRAIGHT AHEAD,,,1,,,,,,,,,,,,,,,,Y,,FRONT,,,,,,,,,,,,,,,,,,,,,,,,,,,,,,,,,
2124278,719d4352f3fde8dfc8ebe2b79ce1e099cb63b84a8b72148f026345a4238a6f4275347633b79b2f74c61c1e2846c1f7f605d907a02a3ecbf340808bf792f3d7ea,08/07/2025 01:25:00 PM,1,DRIVER,,2025081,,KIA,FORTE,IL,2024,UNKNOWN,PASSENGER,UNKNOWN/NA,N,ENTERING TRAFFIC LANE FROM PARKING,,,1,,,,,,,,,,,,,,,,,Y,UNKNOWN,,,,,,,,,,,,,,,,,,,,,,,,,,,,,,,,,
2124279,719d4352f3fde8dfc8ebe2b79ce1e099cb63b84a8b72148f026345a4238a6f4275347633b79b2f74c61c1e2846c1f7f605d907a02a3ecbf340808bf792f3d7ea,08/07/2025 01:25:00 PM,2,DRIVER,,2025095,,TOYOTA,CAMRY,IL,2017,UNKNOWN,PASSENGER,PERSONAL,N,STRAIGHT AHEAD,,,1,,,,,Y,Y,Y,,,,,,,,,,,UNKNOWN,,,,,,,,,,,,,,,,,,,,,,,,,,,,,,,,,
2123438,d39cbfa06fac3c1d01e5f9cfea0b3aae3f2856eefe583834a239bbb55dd484191e352c193365b85e126f3a2a3a56e62d10744b93c2da2051e439c904469348df,08/07/2025 01:25:00 PM,1,DRIVER,,2024281,,NOVA BUS,OTHER (EXPLAIN IN NARRATIVE),,2016,NONE,BUS OVER 15 PASS.,CTA,N,STRAIGHT AHEAD,,,1,,,,,,,,Y,Y,,,,,,,,,SIDE-RIGHT-REAR,,,,,,,,,,,,,,,,,,,,,,,,,,,,,,,,,
2123439,d39cbfa06fac3c1d01e5f9cfea0b3aae3f2856eefe583834a239bbb55dd484191e352c193365b85e126f3a2a3a56e62d10744b93c2da2051e439c904469348df,08/07/2025 01:25:00 PM,2,DRIVER,1,2024285,,NISSAN,ROGUE,IL,2012,NONE,PASSENGER,PERSONAL,N,SLOW/STOP IN TRAFFIC,,,2,,,,,,,,,,,,,,Y,,,,SIDE-LEFT-FRONT,,,,,,,,,,,,,,,,,,,,,,,,,,,,,,,,,
2123505,a13f7314843be04879ad65f2570334bb182362e4d570d41ff682b2d5fbf01c40cb7b507640bb2d2014190a64cfa143cda4ae2e7d82ca9c258bb7e7f0b2f40afa,08/07/2025 01:22:00 PM,1,DRIVER,,2024352,,CHEVROLET,ASTRO,IL,,UNKNOWN,VAN/MINI-VAN,PERSONAL,E,STRAIGHT AHEAD,Y,,1,,CPD,701 N SACRAMENTO,,Y,Y,Y,,,,,,,,,Y,,FRONT-RIGHT-CORNER,,,,,,,,,,,,,,,,,,,,,,,,,,,,,,,,,
2123506,a13f7314843be04879ad65f2570334bb182362e4d570d41ff682b2d5fbf01c40cb7b507640bb2d2014190a64cfa143cda4ae2e7d82ca9c258bb7e7f0b2f40afa,08/07/2025 01:22:00 PM,2,PARKED,,2024365,,CHEVROLET,OTHER (EXPLAIN IN NARRATIVE),IL,2016,UNKNOWN,PASSENGER,PERSONAL,E,PARKED,,,0,,,,,,,,,,,,,Y,Y,Y,Y,,FRONT-LEFT-CORNER,,,,,,,,,,,,,,,,,,,,,,,,,,,,,,,,,
2123490,e2345be60b0698fc1850ebfc376c8dc8aac3539c461ae0131d7c2a881e7a4e393fe062156a6a3a1c6ab9aa8e657d923255385de26fac1f78f86beb59f08cad2f,08/07/2025 01:20:00 PM,1,DRIVER,,2024332,,JEEP,GRAND CHEROKEE,IL,2015,UNKNOWN,SPORT UTILITY VEHICLE (SUV),PERSONAL,UNKNOWN,STRAIGHT AHEAD,,,1,,,,,Y,,,,,,,,,,Y,Y,,FRONT,,,,,,,,,,,,,,,,,,,,,,,,,,,,,,,,,
2123491,e2345be60b0698fc1850ebfc376c8dc8aac3539c461ae0131d7c2a881e7a4e393fe062156a6a3a1c6ab9aa8e657d923255385de26fac1f78f86beb59f08cad2f,08/07/2025 01:20:00 PM,2,DRIVER,,2024360,,JEEP,GRAND CHEROKEE,MI,2024,UNKNOWN,SPORT UTILITY VEHICLE (SUV),PERSONAL,UNKNOWN,STRAIGHT AHEAD,,,1,,,,,,,,,Y,Y,Y,,,,,,,REAR,,,,,,,,,,,,,,,,,,,,,,,,,,,,,,,,,
2123531,2f47393d12220d6695cca26db57abc1d81e7be19df0feacfffec8fc04e056a6bfda778c3c5c95eb2d597a29a7d9287e3a81b97d9adab6d6fb99e079c1bacab3c,08/07/2025 01:15:00 PM,1,DRIVER,,2024387,,FORD,F550,IL,2017,UNKNOWN,PICKUP,OTHER,N,STRAIGHT AHEAD,,,1,,,,,,,,,,,,,,,,,Y,FRONT,,,,,,,,,,,,,,,,,,,,,,,,,,,,,,,,,
2123532,2f47393d12220d6695cca26db57abc1d81e7be19df0feacfffec8fc04e056a6bfda778c3c5c95eb2d597a29a7d9287e3a81b97d9adab6d6fb99e079c1bacab3c,08/07/2025 01:15:00 PM,2,DRIVER,,2024398,,NISSAN,ALTIMA,IL,2016,NONE,PASSENGER,PERSONAL,E,STRAIGHT AHEAD,,,1,,,,,,Y,Y,Y,,,,,,,,,,SIDE-RIGHT,,,,,,,,,,,,,,,,,,,,,,,,,,,,,,,,,
2123425,63c0b7eabd47b95cd99dc2f92de287984d23589a78c3d5ff8d1968c376bd631b547e418dedddca04c35788e935b137d8777665741f94b76139ee448a6392236e,08/07/2025 01:15:00 PM,1,BICYCLE,,,,,,,,,,,,,,,,,,,,,,,,,,,,,,,,,,,,,,,,,,,,,,,,,,,,,,,,,,,,,,,,,,
2123426,63c0b7eabd47b95cd99dc2f92de287984d23589a78c3d5ff8d1968c376bd631b547e418dedddca04c35788e935b137d8777665741f94b76139ee448a6392236e,08/07/2025 01:15:00 PM,2,DRIVER,1,2024278,,TOYOTA,COROLLA,IL,2021,UNKNOWN,PASSENGER,PERSONAL,NE,TURNING RIGHT,,,2,,,,,Y,Y,,,,,,,,,,,,FRONT-RIGHT-CORNER,,,,,,,,,,,,,,,,,,,,,,,,,,,,,,,,,
2123492,a3096d2ec517ad48da443edf5c567a98e7e89dca7b1a7bb5cee89ce5b8613204417aa1bc563f9c777d63d5ce40ae2babf3d491ded4ad9bc70c0c36c260c06ef3,08/07/2025 01:14:00 PM,1,DRIVER,,2024334,,CHEVROLET,EQUINOX,IL,2024,UNKNOWN,PASSENGER,PERSONAL,NE,STRAIGHT AHEAD,,,1,,,,,,,,,,,Y,,,,,,,REAR-LEFT-CORNER,,,,,,,,,,,,,,,,,,,,,,,,,,,,,,,,,
2123493,a3096d2ec517ad48da443edf5c567a98e7e89dca7b1a7bb5cee89ce5b8613204417aa1bc563f9c777d63d5ce40ae2babf3d491ded4ad9bc70c0c36c260c06ef3,08/07/2025 01:14:00 PM,2,DRIVER,,2024340,,JEEP,GRAND CHEROKEE,CA,2015,UNKNOWN,PASSENGER,PERSONAL,SW,TURNING LEFT,,,1,,,,Y,,,,,,,,,,,,,,OTHER,,,,,,,,,,,,,,,,,,,,,,,,,,,,,,,,,
2123407,7047f40f8bb3a2ff839550185fcdb1e4c9853c8121ee5d7d0c3480276ae6a2718dd63a4e5eb05332bae0fd811962eaae12af47a9c7602453498ed47a15be1676,08/07/2025 01:07:00 PM,1,DRIVER,,2024257,,MAZDA,OTHER (EXPLAIN IN NARRATIVE),IL,2016,NONE,PASSENGER,PERSONAL,N,STRAIGHT AHEAD,,,1,,,,,,,,,,,,,,,,Y,,FRONT,,,,,,,,,,,,,,,,,,,,,,,,,,,,,,,,,
2123408,7047f40f8bb3a2ff839550185fcdb1e4c9853c8121ee5d7d0c3480276ae6a2718dd63a4e5eb05332bae0fd811962eaae12af47a9c7602453498ed47a15be1676,08/07/2025 01:07:00 PM,2,DRIVER,1,2024270,,MAZDA,OTHER (EXPLAIN IN NARRATIVE),IL,2022,NONE,PASSENGER,PERSONAL,N,STRAIGHT AHEAD,,,2,,,,,,,,,,Y,,,,,,Y,,REAR,,,,,,,,,,,,,,,,,,,,,,,,,,,,,,,,,
2123409,7047f40f8bb3a2ff839550185fcdb1e4c9853c8121ee5d7d0c3480276ae6a2718dd63a4e5eb05332bae0fd811962eaae12af47a9c7602453498ed47a15be1676,08/07/2025 01:07:00 PM,3,DRIVER,,2024289,,FORD,MAVERICK TRUCK,IL,2025,NONE,PASSENGER,PERSONAL,N,STRAIGHT AHEAD,,,1,,,,,,,,,,Y,,,,,,,,REAR,,,,,,,,,,,,,,,,,,,,,,,,,,,,,,,,,
2123427,ca779db478546983108b11ee49724b307a537f438b685c680d7a54d6f407b3a64260bac9979c184c587b2da60d3cba0409a415ad392991290c668cbe1fa01d9b,08/07/2025 01:07:00 PM,1,DRIVER,,2024279,,FORD,F150,IL,2021,UNKNOWN,PICKUP,PERSONAL,E,BACKING,,,1,,,,,,,,,Y,Y,Y,,,,,,,REAR,,,,,,,,,,,,,,,,,,,,,,,,,,,,,,,,,
2123428,ca779db478546983108b11ee49724b307a537f438b685c680d7a54d6f407b3a64260bac9979c184c587b2da60d3cba0409a415ad392991290c668cbe1fa01d9b,08/07/2025 01:07:00 PM,2,PARKED,,2024291,,CHEVROLET,EXPRESS,IL,2010,NONE,PASSENGER,PERSONAL,E,PARKED,,,0,,,,,,,,,Y,Y,Y,,,,,,,REAR,,,,,,,,,,,,,,,,,,,,,,,,,,,,,,,,,
2123523,3f71be6d2c73595f5981878cb23be0829f90c2b9bb5b4f3e211f422ddbb8df3a539a94d11f02665af0ec9bde69747f0f4d831b81357de851ab935b46ad0e1bdd,08/07/2025 01:04:00 PM,1,DRIVER,,2024423,,FORD,ESCAPE,IL,2018,UNKNOWN,SPORT UTILITY VEHICLE (SUV),UNKNOWN/NA,S,STRAIGHT AHEAD,,,1,,,,,,,,,,,,,,,,Y,,FRONT,,,,,,,,,,,,,,,,,,,,,,,,,,,,,,,,,
2123524,3f71be6d2c73595f5981878cb23be0829f90c2b9bb5b4f3e211f422ddbb8df3a539a94d11f02665af0ec9bde69747f0f4d831b81357de851ab935b46ad0e1bdd,08/07/2025 01:04:00 PM,2,DRIVER,,2024446,,ALFA ROMEO,STELVIO,IL,2022,NONE,SPORT UTILITY VEHICLE (SUV),PERSONAL,S,SLOW/STOP IN TRAFFIC,,,1,,,,,,,,,,Y,,,,,,,,REAR,,,,,,,,,,,,,,,,,,,,,,,,,,,,,,,,,
2124118,5fe17223aaa0f00cd0b2e192debaab0cc87d407d22886bd9ef5be67b3650877f1bda7d866772b10b62c99d1689c7791fa6574ffef9852a04ee016c8a65dba995,08/07/2025 01:00:00 PM,1,DRIVER,,2024933,,HONDA,CIVIC,IL,2010,NONE,PASSENGER,NOT IN USE,E,STRAIGHT AHEAD,,,1,,,,N,Y,,,,,,,,,,Y,Y,N,FRONT,,,,,,,,,,,,,,,,,,,,,,,,,,,,,,,,,
2124119,5fe17223aaa0f00cd0b2e192debaab0cc87d407d22886bd9ef5be67b3650877f1bda7d866772b10b62c99d1689c7791fa6574ffef9852a04ee016c8a65dba995,08/07/2025 01:00:00 PM,2,PARKED,,2024934,,CHEVROLET,TRAIL BLAZER,IL,2005,NONE,PASSENGER,PERSONAL,E,PARKED,,,0,,,,,,,,,Y,Y,Y,,,,,,,REAR,,,,,,,,,,,,,,,,,,,,,,,,,,,,,,,,,
2123431,6836214a02991b114ed564d5d79c1d4a0d3f8f41f6ab882195c861b3f05e7db7b8036b0c23897476db086d2927bc42e6836fd763d3596f82780f1d33338c66ce,08/07/2025 01:00:00 PM,1,BICYCLE,,,,,,,,,,,,,,,,,,,,,,,,,,,,,,,,,,,,,,,,,,,,,,,,,,,,,,,,,,,,,,,,,,
2123432,6836214a02991b114ed564d5d79c1d4a0d3f8f41f6ab882195c861b3f05e7db7b8036b0c23897476db086d2927bc42e6836fd763d3596f82780f1d33338c66ce,08/07/2025 01:00:00 PM,2,DRIVER,,2024276,,CHEVROLET,EQUINOX,IL,2024,NONE,PASSENGER,CTA,W,TURNING LEFT,,,1,,,,,,,,,,,,,,Y,Y,,,FRONT-LEFT-CORNER,,,,,,,,,,,,,,,,,,,,,,,,,,,,,,,,,
2123613,cab3993d9ae09c72b5ce63f0f5c2eb1a32ab7aa3852bb4dbc4242af1a64dd61dbb8d214e57d740ce5e0b30134b7e69e05ad0edeee63d39a11aaa87c9bb0e98b0,08/07/2025 01:00:00 PM,1,DRIVER,,2024447,,CADILLAC,OTHER (EXPLAIN IN NARRATIVE),IL,2010,NONE,PASSENGER,PERSONAL,E,MERGING,,,1,,,,,,,,,,,,,,,,,,REAR,,,,,,,,,,,,,,,,,,,,,,,,,,,,,,,,,
2123614,cab3993d9ae09c72b5ce63f0f5c2eb1a32ab7aa3852bb4dbc4242af1a64dd61dbb8d214e57d740ce5e0b30134b7e69e05ad0edeee63d39a11aaa87c9bb0e98b0,08/07/2025 01:00:00 PM,2,DRIVER,1,2024448,,MERCEDES-BENZ,OTHER (EXPLAIN IN NARRATIVE),IL,2012,NONE,VAN/MINI-VAN,AMBULANCE,E,STRAIGHT AHEAD,,,2,,,,,Y,,,,,,,,,,,Y,,FRONT,,,,,,,,,,,,,,,,,,,,,,,,,,,,,,,,,
2123469,7829820f7059b40e05489de3324dab764ee7e1b43d00850fc51931fca035c5dac7a7238b24ccb7445f0822ab132d7ee62a3a909511d397b6fbbfcbbd1e699e02,08/07/2025 12:50:00 PM,1,DRIVER,,2024311,,HYUNDAI,SONATA,IL,2010,UNKNOWN,PASSENGER,PERSONAL,S,STRAIGHT AHEAD,Y,,1,,SMOOTH TOWING,OWNER'S HOME,,Y,,,,,,,,,Y,Y,Y,,FRONT-RIGHT-CORNER,,,,,,,,,,,,,,,,,,,,,,,,,,,,,,,,,
2123470,7829820f7059b40e05489de3324dab764ee7e1b43d00850fc51931fca035c5dac7a7238b24ccb7445f0822ab132d7ee62a3a909511d397b6fbbfcbbd1e699e02,08/07/2025 12:50:00 PM,2,PARKED,,2024314,,MAZDA,CX-9,IL,2008,UNKNOWN,PASSENGER,PERSONAL,N,PARKED,,,0,,,,,Y,,,,,Y,,,,,Y,Y,,FRONT,,,,,,,,,,,,,,,,,,,,,,,,,,,,,,,,,
2123471,7829820f7059b40e05489de3324dab764ee7e1b43d00850fc51931fca035c5dac7a7238b24ccb7445f0822ab132d7ee62a3a909511d397b6fbbfcbbd1e699e02,08/07/2025 12:50:00 PM,3,PARKED,,2024324,,TOYOTA,AVALON,IL,2003,UNKNOWN,PASSENGER,PERSONAL,N,PARKED,,,0,,,,,,,,,,,,,,,,Y,,FRONT,,,,,,,,,,,,,,,,,,,,,,,,,,,,,,,,,
2123472,7829820f7059b40e05489de3324dab764ee7e1b43d00850fc51931fca035c5dac7a7238b24ccb7445f0822ab132d7ee62a3a909511d397b6fbbfcbbd1e699e02,08/07/2025 12:50:00 PM,4,PARKED,,2024328,,BMW,328I,IL,2016,UNKNOWN,PASSENGER,PERSONAL,N,PARKED,,,0,,,,,,,,,,,,,,,,Y,,FRONT,,,,,,,,,,,,,,,,,,,,,,,,,,,,,,,,,
2123423,9c0855c445368f8a8cdc1002964ea2d6e4c03b0078668ddd35f7cfb617c55907e2fe775c3d83734faad52929649b0412bb793cf655c5160eb3a1f7412c8dead3,08/07/2025 12:45:00 PM,1,DRIVER,,2024271,,MINI,COOPER,IL,2024,UNKNOWN,PASSENGER,PERSONAL,NE,U-TURN,,,1,,,,,,,,,,,Y,Y,Y,,,,,SIDE-LEFT-REAR,,,,,,,,,,,,,,,,,,,,,,,,,,,,,,,,,
2123424,9c0855c445368f8a8cdc1002964ea2d6e4c03b0078668ddd35f7cfb617c55907e2fe775c3d83734faad52929649b0412bb793cf655c5160eb3a1f7412c8dead3,08/07/2025 12:45:00 PM,2,DRIVER,,2024290,,CHEVROLET,IMPALA,IL,2007,UNKNOWN,PASSENGER,PERSONAL,E,STRAIGHT AHEAD,,,1,,,,,Y,,,,,,,,,,,Y,,FRONT-RIGHT-CORNER,,,,,,,,,,,,,,,,,,,,,,,,,,,,,,,,,
2123417,7595c5d1e5ed2fb492c0eb28cab5e01c654ae5d151efbc1c8e2a0467163fffdba402eacefeb74e40455985036cd8460bc3e8e359bc501cb501e430fe3743957b,08/07/2025 12:44:00 PM,1,DRIVER,,2024266,,UNKNOWN,OTHER (EXPLAIN IN NARRATIVE),,,UNKNOWN,UNKNOWN/NA,UNKNOWN/NA,UNKNOWN,UNKNOWN/NA,,,1,,,,,,,,,,,,,,,,,Y,UNKNOWN,,,,,,,,,,,,,,,,,,,,,,,,,,,,,,,,,
2123418,7595c5d1e5ed2fb492c0eb28cab5e01c654ae5d151efbc1c8e2a0467163fffdba402eacefeb74e40455985036cd8460bc3e8e359bc501cb501e430fe3743957b,08/07/2025 12:44:00 PM,2,PARKED,,2024261,,TOYOTA,CAMRY,IL,2013,NONE,OTHER,TAXI/FOR HIRE,UNKNOWN,PARKED,,,0,,,,,,,,,,,Y,Y,,,,,,UNKNOWN,,,,,,,,,,,,,,,,,,,,,,,,,,,,,,,,,
2123453,7fc7c7fd7090e5eb252c41e99db19db5493af4e224ef69ea3d0ffeed0a28fa82463d5a8ae2f341e89a08bd005f187bf739934feb7a0d2a6cbaae2d64430666c4,08/07/2025 12:43:00 PM,1,DRIVER,,2024299,,LEXUS,LS,IL,2013,UNKNOWN,PASSENGER,PERSONAL,SE,ENTERING TRAFFIC LANE FROM PARKING,,,1,,,,,,,,,,,,,,Y,Y,,,TOTAL (ALL AREAS),,,,,,,,,,,,,,,,,,,,,,,,,,,,,,,,,
2123454,7fc7c7fd7090e5eb252c41e99db19db5493af4e224ef69ea3d0ffeed0a28fa82463d5a8ae2f341e89a08bd005f187bf739934feb7a0d2a6cbaae2d64430666c4,08/07/2025 12:43:00 PM,2,DRIVER,1,2024302,,FORD,ESCAPE,IL,2013,UNKNOWN,PASSENGER,PERSONAL,S,STRAIGHT AHEAD,,,2,,,,,Y,Y,,,,,,,,,,,,TOTAL (ALL AREAS),,,,,,,,,,,,,,,,,,,,,,,,,,,,,,,,,
2123393,d111517db5630747142dd43e6522113ad2bf510b6233f23c24c3df71ad8e7c7921a8a05e1b917958383659039e20e5a2fd47aa1073ab54d0d9b6b8968aa177db,08/07/2025 12:42:00 PM,1,DRIVER,,2024252,,UNKNOWN,OTHER (EXPLAIN IN NARRATIVE),,,NONE,VAN/MINI-VAN,PERSONAL,N,PASSING/OVERTAKING,,,1,,,,,,,,,,,,,,,,,Y,UNKNOWN,,,,,,,,,,,,,,,,,,,,,,,,,,,,,,,,,
2123394,d111517db5630747142dd43e6522113ad2bf510b6233f23c24c3df71ad8e7c7921a8a05e1b917958383659039e20e5a2fd47aa1073ab54d0d9b6b8968aa177db,08/07/2025 12:42:00 PM,2,PARKED,,2024249,,FORD,TRANSIT,IL,2020,NONE,VAN/MINI-VAN,OTHER,N,PARKED,,,0,,,,Y,,,,,,,,,,,,,,UNKNOWN,,,,,,,,,,,,,,,,,,,,,,,,,,,,,,,,,