CRASH_UNIT_ID,CRASH_RECORD_ID,CRASH_DATE,UNIT_NO,UNIT_TYPE,NUM_PASSENGERS,VEHICLE_ID,CMRC_VEH_I,MAKE,MODEL,LIC_PLATE_STATE,VEHICLE_YEAR,VEHICLE_DEFECT,VEHICLE_TYPE,VEHICLE_USE,TRAVEL_DIRECTION,MANEUVER,TOWED_I,FIRE_I,OCCUPANT_CNT,EXCEED_SPEED_LIMIT_I,TOWED_BY,TOWED_TO,AREA_00_I,AREA_01_I,AREA_02_I,AREA_03_I,AREA_04_I,AREA_05_I,AREA_06_I,AREA_07_I,AREA_08_I,AREA_09_I,AREA_10_I,AREA_11_I,AREA_12_I,AREA_99_I,FIRST_CONTACT_POINT,CMV_ID,USDOT_NO,CCMC_NO,ILCC_NO,COMMERCIAL_SRC,GVWR,CARRIER_NAME,CARRIER_STATE,CARRIER_CITY,HAZMAT_PLACARDS_I,HAZMAT_NAME,UN_NO,HAZMAT_PRESENT_I,HAZMAT_REPORT_I,HAZMAT_REPORT_NO,MCS_REPORT_I,MCS_REPORT_NO,HAZMAT_VIO_CAUSE_CRASH_I,MCS_VIO_CAUSE_CRASH_I,IDOT_PERMIT_NO,WIDE_LOAD_I,TRAILER1_WIDTH,TRAILER2_WIDTH,TRAILER1_LENGTH,TRAILER2_LENGTH,TOTAL_VEHICLE_LENGTH,AXLE_CNT,VEHICLE_CONFIG,CARGO_BODY_TYPE,LOAD_TYPE,HAZMAT_OUT_OF_SERVICE_I,MCS_OUT_OF_SERVICE_I,HAZMAT_CLASS
2123412,ec0019ba2220f18b172fd10a4ba3ecf8c3709e61b019059d87f4d37dcdd9d65922bfde66cc0832ae5d4d9f4bfe52bff90d2f2d8f394834301067a332aa95daad,08/07/2025 12:40:00 PM,1,DRIVER,3,2024264,,HONDA,ACCORD,IL,2010,UNKNOWN,PASSENGER,PERSONAL,N,STRAIGHT AHEAD,Y,,4,,,,,Y,Y,,,Y,Y,Y,,,Y,Y,Y,,TOTAL (ALL AREAS),,,,,,,,,,,,,,,,,,,,,,,,,,,,,,,,,
2123413,ec0019ba2220f18b172fd10a4ba3ecf8c3709e61b019059d87f4d37dcdd9d65922bfde66cc0832ae5d4d9f4bfe52bff90d2f2d8f394834301067a332aa95daad,08/07/2025 12:40:00 PM,2,DRIVER,,2024297,,FORD,OTHER (EXPLAIN IN NARRATIVE),IL,2017,UNKNOWN,OTHER,POLICE,N,STRAIGHT AHEAD,,,1,,,,,Y,,,,,,,,,,Y,Y,,FRONT,,,,,,,,,,,,,,,,,,,,,,,,,,,,,,,,,
2123414,ec0019ba2220f18b172fd10a4ba3ecf8c3709e61b019059d87f4d37dcdd9d65922bfde66cc0832ae5d4d9f4bfe52bff90d2f2d8f394834301067a332aa95daad,08/07/2025 12:40:00 PM,3,DRIVER,,2024294,,CHEVROLET,EQUINOX,IL,2024,UNKNOWN,PASSENGER,POLICE,N,STRAIGHT AHEAD,,,1,,,,,Y,Y,,,Y,Y,Y,,,,,,,SIDE-RIGHT-FRONT,,,,,,,,,,,,,,,,,,,,,,,,,,,,,,,,,
2123386,3e7b4d86f0fbb045e5930fac000b6942265db9a36bb6c82e2d2be7eb5389033d302abc86ea9acddb858e1c27324399e48e4432a7bb7e0fac842ed399301f632c,08/07/2025 12:30:00 PM,1,DRIVER,,2024245,,VOLKSWAGEN,OTHER (EXPLAIN IN NARRATIVE),IL,2024,NONE,PICKUP,PERSONAL,W,PASSING/OVERTAKING,,,1,,,,,,,,,,,,,,Y,,,,SIDE-LEFT,,,,,,,,,,,,,,,,,,,,,,,,,,,,,,,,,
2123387,3e7b4d86f0fbb045e5930fac000b6942265db9a36bb6c82e2d2be7eb5389033d302abc86ea9acddb858e1c27324399e48e4432a7bb7e0fac842ed399301f632c,08/07/2025 12:30:00 PM,2,DRIVER,,2024238,,CHEVROLET,AVALANCHE,IL,2002,NONE,PICKUP,PERSONAL,W,STRAIGHT AHEAD,,,1,,,,Y,,,,,,,,,,,,,,SIDE-RIGHT,,,,,,,,,,,,,,,,,,,,,,,,,,,,,,,,,
2123391,c6794b6edc0bebea183f514a2e0b5edc989ee75c8b5464c836f07cfa2021c169549b14d53130bc4d8bee8a6f26f0ab0436fba2b601faa43291f39542fa3651fb,08/07/2025 12:30:00 PM,1,DRIVER,1,2024244,,NISSAN,ROGUE,IL,2016,NONE,PASSENGER,PERSONAL,N,STRAIGHT AHEAD,,,2,,,,,,,,,,,,,,N,Y,N,,FRONT-LEFT-CORNER,,,,,,,,,,,,,,,,,,,,,,,,,,,,,,,,,
2123392,c6794b6edc0bebea183f514a2e0b5edc989ee75c8b5464c836f07cfa2021c169549b14d53130bc4d8bee8a6f26f0ab0436fba2b601faa43291f39542fa3651fb,08/07/2025 12:30:00 PM,2,DRIVER,,2024246,,HONDA,CR-V,IL,2011,NONE,PASSENGER,PERSONAL,E,TURNING RIGHT,,,1,,,,,Y,,,,,,,,,,Y,Y,,FRONT-RIGHT-CORNER,,,,,,,,,,,,,,,,,,,,,,,,,,,,,,,,,
2123374,04e9bfd98454defabcaf9243de4da0b83d970721ab86cd8f0b78bf42b4e09226c0ee6ff53dabaf83cf2042db27b4e801270cc897d826ced75fdff0b97b01d63b,08/07/2025 12:25:00 PM,1,DRIVER,,2024224,Y,UNKNOWN,OTHER (EXPLAIN IN NARRATIVE),TX,2022,NONE,SINGLE UNIT TRUCK WITH TRAILER,COMMERCIAL - SINGLE UNIT,S,TURNING RIGHT,,,1,,,,,,,,,,,,,,,,,,OTHER,"21,955",3002193,,,SIDE OF TRUCK,,GENOX TRANSPORTATION INC,TX,DEER PARK,,,1977,N,N,,N,,N,N,,,0-96,,40,,60,2,TRACTOR/SEMI-TRAILER,TANK,OTHER,N,N,
2123397,748d22f3cf83c88112bb1e81832941af3897e9b8c369b824019f113f8b9a2334443ff0e301c57b508c92ebdad93597da1d26ac070f1972edbe7bf6b55776fc69,08/07/2025 12:25:00 PM,1,DRIVER,,2024250,,TOYOTA,AVALON,IL,2004,NONE,PASSENGER,PERSONAL,NE,ENTERING TRAFFIC LANE FROM PARKING,,,1,,,,,,,,,,,,,,,Y,,,FRONT-LEFT-CORNER,,,,,,,,,,,,,,,,,,,,,,,,,,,,,,,,,
2123398,748d22f3cf83c88112bb1e81832941af3897e9b8c369b824019f113f8b9a2334443ff0e301c57b508c92ebdad93597da1d26ac070f1972edbe7bf6b55776fc69,08/07/2025 12:25:00 PM,2,DRIVER,1,2024251,,NISSAN,ROGUE,IL,2024,NONE,SPORT UTILITY VEHICLE (SUV),PERSONAL,SE,TURNING RIGHT,,,2,,,,,,,Y,Y,,,,,,,,,,SIDE-RIGHT-REAR,,,,,,,,,,,,,,,,,,,,,,,,,,,,,,,,,
2127224,a483b575dd8d41a5441fdaf0f3dfd43d4c0b2837ff4ed76b523f20ba6b1cafbf5a28a892e392197384f18583dfbf1dab6d35a425f5aa6f2c781dedfe4fc1c1c2,08/07/2025 12:25:00 PM,1,DRIVER,,2027878,,CHEVROLET,AVEO,IL,2008,UNKNOWN,PASSENGER,UNKNOWN/NA,E,STRAIGHT AHEAD,,,1,,,,,,,,,,,,,,,,Y,,FRONT,,,,,,,,,,,,,,,,,,,,,,,,,,,,,,,,,
2127225,a483b575dd8d41a5441fdaf0f3dfd43d4c0b2837ff4ed76b523f20ba6b1cafbf5a28a892e392197384f18583dfbf1dab6d35a425f5aa6f2c781dedfe4fc1c1c2,08/07/2025 12:25:00 PM,2,DRIVER,,2027894,,FORD,ESCAPE,TN,2013,NONE,SPORT UTILITY VEHICLE (SUV),PERSONAL,S,STRAIGHT AHEAD,,,1,,,,,Y,,,,,,,,,,,Y,,FRONT-RIGHT-CORNER,,,,,,,,,,,,,,,,,,,,,,,,,,,,,,,,,
2123384,b489a819f20be5ac0197748781cdf8abeb7d9ce55761066226f984aa81bae2c92e7c919c6cf309ee79d485b42af1c95afd015e05cc40793ad2250e662d08de19,08/07/2025 12:22:00 PM,1,DRIVER,,2024232,,FORD,EXPLORER,IL,2024,UNKNOWN,PASSENGER,PERSONAL,S,STRAIGHT AHEAD,Y,,1,,INSURANCE,,,,Y,Y,Y,Y,,,,,,,,,SIDE-RIGHT,,,,,,,,,,,,,,,,,,,,,,,,,,,,,,,,,
2123385,b489a819f20be5ac0197748781cdf8abeb7d9ce55761066226f984aa81bae2c92e7c919c6cf309ee79d485b42af1c95afd015e05cc40793ad2250e662d08de19,08/07/2025 12:22:00 PM,2,DRIVER,,2024240,,VOLKSWAGEN,PASSAT,IL,2012,NONE,PASSENGER,PERSONAL,E,STRAIGHT AHEAD,,,1,,,,,Y,,,,,,,,,,Y,Y,,FRONT,,,,,,,,,,,,,,,,,,,,,,,,,,,,,,,,,
2123377,a12bc757ded2495ef57b5ac8715de7ffc5d4d6ae55bb15dd32481883815ba47f6f60f3174ae06a251d1fbbe2dd3431db05e4f9388bc0d766aa84c2eb07690b82,08/07/2025 12:20:00 PM,1,DRIVER,1,2024226,,NISSAN,ROGUE,IL,2008,NONE,SPORT UTILITY VEHICLE (SUV),UNKNOWN/NA,S,STRAIGHT AHEAD,,,2,,,,Y,,,,,,,,,,,,,,FRONT,,,,,,,,,,,,,,,,,,,,,,,,,,,,,,,,,
2123378,a12bc757ded2495ef57b5ac8715de7ffc5d4d6ae55bb15dd32481883815ba47f6f60f3174ae06a251d1fbbe2dd3431db05e4f9388bc0d766aa84c2eb07690b82,08/07/2025 12:20:00 PM,2,DRIVER,1,2024229,,UNKNOWN,OTHER (EXPLAIN IN NARRATIVE),IL,,UNKNOWN,PICKUP,UNKNOWN/NA,S,SLOW/STOP IN TRAFFIC,,,2,,,,,,,,,,,,,,,,,Y,REAR,,,,,,,,,,,,,,,,,,,,,,,,,,,,,,,,,
2123586,8219a55c8270547957bf1e05401c5ce72b816d0bead336ab423f4cb8c9971725949b7198565c4753a93706e11becca811e1ec64be97a43c31ef20d45564ec61c,08/07/2025 12:10:00 PM,1,DRIVER,,2024435,,TOYOTA,PRIUS,IL,2017,UNKNOWN,PASSENGER,UNKNOWN/NA,N,STRAIGHT AHEAD,,,1,,,,,Y,Y,Y,Y,Y,,,,,,,,,SIDE-RIGHT,,,,,,,,,,,,,,,,,,,,,,,,,,,,,,,,,
2123587,8219a55c8270547957bf1e05401c5ce72b816d0bead336ab423f4cb8c9971725949b7198565c4753a93706e11becca811e1ec64be97a43c31ef20d45564ec61c,08/07/2025 12:10:00 PM,2,DRIVER,,2024442,,TOYOTA,RAV4,IL,2015,UNKNOWN,PASSENGER,PERSONAL,N,STRAIGHT AHEAD,,,1,,,,,,,,,,,,,,Y,Y,,,FRONT-LEFT-CORNER,,,,,,,,,,,,,,,,,,,,,,,,,,,,,,,,,
2123562,1b025c402d6d0256f16713e609c70fbc3d304f53ebbebf9c22f99a43fa3dd1f5b7df33114d58b92e98d8d250a0170be85467736853ffc5204fdb873f3be1e8d6,08/07/2025 12:00:00 PM,1,DRIVER,,2024394,,UNKNOWN,OTHER (EXPLAIN IN NARRATIVE),,,UNKNOWN,UNKNOWN/NA,UNKNOWN/NA,UNKNOWN,UNKNOWN/NA,,,1,,,,,,,,,,,,,,,,,,UNKNOWN,,,,,,,,,,,,,,,,,,,,,,,,,,,,,,,,,
2123563,1b025c402d6d0256f16713e609c70fbc3d304f53ebbebf9c22f99a43fa3dd1f5b7df33114d58b92e98d8d250a0170be85467736853ffc5204fdb873f3be1e8d6,08/07/2025 12:00:00 PM,2,PARKED,,2024404,,TOYOTA,CAMRY,IL,2025,NONE,PASSENGER,PERSONAL,N,PARKED,,,0,,,,,,,,,,,,,,,Y,Y,,FRONT-LEFT-CORNER,,,,,,,,,,,,,,,,,,,,,,,,,,,,,,,,,
2123484,324c97eccb30fb84d1e430bbda835c9f699736199d5f9c5b864e4796b301b098ab48b4bc37c780e3616601b98c49e95a22671a0e9ec802fe7d992c848abcc5f5,08/07/2025 12:00:00 PM,1,DRIVER,,2024339,,ACURA,ADX,IL,2007,UNKNOWN,PASSENGER,PERSONAL,W,BACKING,,,1,,,,,,,,,Y,Y,Y,,,,,,,REAR,,,,,,,,,,,,,,,,,,,,,,,,,,,,,,,,,
2123485,324c97eccb30fb84d1e430bbda835c9f699736199d5f9c5b864e4796b301b098ab48b4bc37c780e3616601b98c49e95a22671a0e9ec802fe7d992c848abcc5f5,08/07/2025 12:00:00 PM,2,PARKED,1,2024346,,CHEVROLET,SUBURBAN,IL,2020,UNKNOWN,SPORT UTILITY VEHICLE (SUV),OTHER,E,PARKED,,,1,,,,,,,,,Y,Y,Y,,,,,,,REAR,,,,,,,,,,,,,,,,,,,,,,,,,,,,,,,,,
2123655,444188a27be175ef05b348ad4074f4df709839e2d393ec788741ee8f3b00a0c60dcf274c88dbc641cce7682a42d86e14af0e52b431469143f31aa7f002ec0a77,08/07/2025 12:00:00 PM,1,DRIVER,,2024492,,UNKNOWN,OTHER (EXPLAIN IN NARRATIVE),,,UNKNOWN,UNKNOWN/NA,UNKNOWN/NA,UNKNOWN,UNKNOWN/NA,,,1,,,,,,,,,,,,,,,,,Y,UNKNOWN,,,,,,,,,,,,,,,,,,,,,,,,,,,,,,,,,
2123656,444188a27be175ef05b348ad4074f4df709839e2d393ec788741ee8f3b00a0c60dcf274c88dbc641cce7682a42d86e14af0e52b431469143f31aa7f002ec0a77,08/07/2025 12:00:00 PM,2,PARKED,,2024497,,NISSAN,VERSA,IL,2017,NONE,PASSENGER,PERSONAL,UNKNOWN,PARKED,,,0,,,,,,,,,,,,,,,,Y,,FRONT,,,,,,,,,,,,,,,,,,,,,,,,,,,,,,,,,
2123361,4b2b47e4e6d093cec85e7757d747a1d43452853366638a243f87be4cd4e2a3517219f7fde9fa6e6df8c9a561a2dd175591a68ea7c88b79d526ff7a43c28973e3,08/07/2025 12:00:00 PM,1,DRIVER,,2024215,,UNKNOWN,ENCLOSED BODY,IL,,UNKNOWN,PASSENGER,PERSONAL,UNKNOWN,UNKNOWN/NA,,,1,,,,,,,,,,,,,,,,,Y,REAR,,,,,,,,,,,,,,,,,,,,,,,,,,,,,,,,,
2123362,4b2b47e4e6d093cec85e7757d747a1d43452853366638a243f87be4cd4e2a3517219f7fde9fa6e6df8c9a561a2dd175591a68ea7c88b79d526ff7a43c28973e3,08/07/2025 12:00:00 PM,2,PARKED,,2024217,,CHEVROLET,EQUINOX,IL,2022,NONE,PASSENGER,PERSONAL,UNKNOWN,PARKED,,,0,,,,,,,,,Y,Y,Y,,,,,,,REAR,,,,,,,,,,,,,,,,,,,,,,,,,,,,,,,,,
2123370,4cec4923186754308c593be7362194799bdb8fb6032da8e1d7b2246bdc833afd6f62f3c9c40f976352f6e902f40494f3d243dad9aef036f000e06f5064654796,08/07/2025 12:00:00 PM,1,DRIVER,,2024236,,CHEVROLET,TRAVERSE,IL,2019,NONE,PASSENGER,PERSONAL,S,STRAIGHT AHEAD,Y,,1,,PRIVATE,UNK,,Y,Y,Y,,,,,,,,,Y,,FRONT-RIGHT-CORNER,,,,,,,,,,,,,,,,,,,,,,,,,,,,,,,,,
2123371,4cec4923186754308c593be7362194799bdb8fb6032da8e1d7b2246bdc833afd6f62f3c9c40f976352f6e902f40494f3d243dad9aef036f000e06f5064654796,08/07/2025 12:00:00 PM,2,DRIVER,,2024242,N,NEW FLYER,D40LF,IL,2007,NONE,BUS OVER 15 PASS.,CTA,S,ENTERING TRAFFIC LANE FROM PARKING,,,1,,,,,,,,,,Y,Y,Y,,,,,,REAR-LEFT-CORNER,,,,,,,,,,,,,,,,,,,,,,,,,,,,,,,,,
2123988,615b3e1cb4725ce018c10e5f9058182de018f45f904d69a27d42c3abafcb07673309f0759c1008099007a9e248e85fdd17376c3941dd3f7b65b585ad6c4dc2cc,08/07/2025 12:00:00 PM,1,DRIVER,,2024815,,UNKNOWN,OTHER (EXPLAIN IN NARRATIVE),IL,,NONE,PASSENGER,NOT IN USE,UNKNOWN,UNKNOWN/NA,,,1,,,,,,,,,,,,,,,,,Y,UNKNOWN,,,,,,,,,,,,,,,,,,,,,,,,,,,,,,,,,
2123989,615b3e1cb4725ce018c10e5f9058182de018f45f904d69a27d42c3abafcb07673309f0759c1008099007a9e248e85fdd17376c3941dd3f7b65b585ad6c4dc2cc,08/07/2025 12:00:00 PM,2,PARKED,,2024816,,TOYOTA,CAMRY,IL,2013,NONE,PASSENGER,NOT IN USE,UNKNOWN,PARKED,,,0,,,,,,,,,,,Y,Y,,,,,,SIDE-LEFT-REAR,,,,,,,,,,,,,,,,,,,,,,,,,,,,,,,,,
2123410,81cab55a886cf5639bef3de3779c02074c4125f9157282f7fb47fe70f44181e834a5c6236556b9b279afc656cddbe96b2e1793188f43589dda538d225b2e8c69,08/07/2025 12:00:00 PM,1,DRIVER,,2024282,,UNKNOWN,OTHER (EXPLAIN IN NARRATIVE),,,UNKNOWN,UNKNOWN/NA,UNKNOWN/NA,N,STRAIGHT AHEAD,,,1,,,,,,,,,,,,,,,,,Y,SIDE-RIGHT,,,,,,,,,,,,,,,,,,,,,,,,,,,,,,,,,
2123411,81cab55a886cf5639bef3de3779c02074c4125f9157282f7fb47fe70f44181e834a5c6236556b9b279afc656cddbe96b2e1793188f43589dda538d225b2e8c69,08/07/2025 12:00:00 PM,2,PARKED,,2024273,,FORD,OTHER (EXPLAIN IN NARRATIVE),IL,2024,NONE,TRUCK - SINGLE UNIT,COMMERCIAL - SINGLE UNIT,N,PARKED,,,0,,,,,,,,,,,,,,Y,,,,SIDE-LEFT,,,,,,,,,,,,,,,,,,,,,,,,,,,,,,,,,
2128845,cf151d36f6729dea40a147aa4beacb2cf2793a275ca5a5009ffa71cf47ce62b83a0d9ca8178cf6c37b3f4440e5595880fe772c948c51e81bb986d4888cc092b0,08/07/2025 11:45:00 AM,1,DRIVER,,2029432,,UNKNOWN,OTHER (EXPLAIN IN NARRATIVE),IL,2019,UNKNOWN,TRUCK - SINGLE UNIT,UNKNOWN/NA,S,UNKNOWN/NA,,,1,,,,,,,,,,,,,,,,,Y,UNKNOWN,,,,,,,,,,,,,,,,,,,,,,,,,,,,,,,,,
2128846,cf151d36f6729dea40a147aa4beacb2cf2793a275ca5a5009ffa71cf47ce62b83a0d9ca8178cf6c37b3f4440e5595880fe772c948c51e81bb986d4888cc092b0,08/07/2025 11:45:00 AM,2,PARKED,,2029427,,MITSUBISHI,ECLIPSE,IL,2024,UNKNOWN,SPORT UTILITY VEHICLE (SUV),NOT IN USE,S,PARKED,,,0,,,,,,,,,,,,,Y,Y,Y,,,SIDE-LEFT,,,,,,,,,,,,,,,,,,,,,,,,,,,,,,,,,
2126338,f13ced7b685f7a04d8224b6db1953842f5f04812e6afaf3ac3e04582da9d2b5f586d3eda998006aec5c79ceda0874ab97a4ddafd82a4f1d67a3feee69b1d3d96,08/07/2025 11:30:00 AM,1,DRIVER,,2027118,,FORD,MODEL T,IL,2020,NONE,VAN/MINI-VAN,COMMERCIAL - SINGLE UNIT,UNKNOWN,MERGING,,,1,,,,,,,,,,,,Y,Y,Y,,,,SIDE-LEFT,,,,,,,,,,,,,,,,,,,,,,,,,,,,,,,,,
2123381,f5cb6713d5aa5c7008b4d3a377973e94841482033da191b4ccc72bd81ea478be4390e1fb17d76d92f83a9828d99e2146d50503e31e1e09ff556aedc4f0c70a3f,08/07/2025 11:21:00 AM,3,PARKED,,2024265,,TOYOTA,COROLLA,IL,2010,UNKNOWN,PASSENGER,PERSONAL,S,PARKED,,,0,,,,,,,,,,Y,,,,,,,,REAR,,,,,,,,,,,,,,,,,,,,,,,,,,,,,,,,,
2123388,f5cb6713d5aa5c7008b4d3a377973e94841482033da191b4ccc72bd81ea478be4390e1fb17d76d92f83a9828d99e2146d50503e31e1e09ff556aedc4f0c70a3f,08/07/2025 11:21:00 AM,1,DRIVER,,2024230,,CHRYSLER,OTHER (EXPLAIN IN NARRATIVE),IL,2008,UNKNOWN,VAN/MINI-VAN,PERSONAL,S,STRAIGHT AHEAD,Y,,1,,PRIVATE TOW,UNKNOWN LOCATION,,,,,,,,,,,Y,Y,Y,,FRONT-LEFT-CORNER,,,,,,,,,,,,,,,,,,,,,,,,,,,,,,,,,
2123404,f5cb6713d5aa5c7008b4d3a377973e94841482033da191b4ccc72bd81ea478be4390e1fb17d76d92f83a9828d99e2146d50503e31e1e09ff556aedc4f0c70a3f,08/07/2025 11:21:00 AM,2,PARKED,,2024275,,CHEVROLET,OTHER (EXPLAIN IN NARRATIVE),IL,2013,UNKNOWN,PASSENGER,PERSONAL,S,PARKED,,,0,,,,,Y,,,Y,Y,,,,,,Y,Y,,SIDE-RIGHT-REAR,,,,,,,,,,,,,,,,,,,,,,,,,,,,,,,,,
2123342,300959264563c619a7283d16243a15fa2e67ba5fd22537d106726facac78b779cf3e1f250ff862c399faf54444b4189f63230dd3b6e8f2a09071e8751500ee5d,08/07/2025 11:16:00 AM,1,DRIVER,,2024196,,NISSAN,ALTIMA,IL,2013,NONE,PASSENGER,PERSONAL,E,ENTER FROM DRIVE/ALLEY,,,1,,,,,,,,,,,,,,,Y,,,FRONT-LEFT-CORNER,,,,,,,,,,,,,,,,,,,,,,,,,,,,,,,,,
2123343,300959264563c619a7283d16243a15fa2e67ba5fd22537d106726facac78b779cf3e1f250ff862c399faf54444b4189f63230dd3b6e8f2a09071e8751500ee5d,08/07/2025 11:16:00 AM,2,DRIVER,,2024199,,TOYOTA,CAMRY,IL,2010,NONE,PASSENGER,PERSONAL,S,STRAIGHT AHEAD,,,1,,,,,Y,,,,,,,,,,,,,FRONT-RIGHT-CORNER,,,,,,,,,,,,,,,,,,,,,,,,,,,,,,,,,
2123346,80a662ce3c6505f5b3ffee72b527f61b512d69d49af8bdbc72aa79a2e9f7863823bd4555b5520101500699351c4ad62249502d6d32cc9b8f6f1f3972af150922,08/07/2025 11:16:00 AM,1,DRIVER,,2024200,,DODGE,CHARGER,IL,2021,UNKNOWN,PASSENGER,PERSONAL,N,STRAIGHT AHEAD,,,1,,,,,Y,Y,Y,Y,,,,,,,,,,FRONT-RIGHT-CORNER,,,,,,,,,,,,,,,,,,,,,,,,,,,,,,,,,
2123347,80a662ce3c6505f5b3ffee72b527f61b512d69d49af8bdbc72aa79a2e9f7863823bd4555b5520101500699351c4ad62249502d6d32cc9b8f6f1f3972af150922,08/07/2025 11:16:00 AM,2,DRIVER,,2024201,,"KUBOTA TRACTOR CORPORATION (COMPTON, CA)","KUBOTA, TRACTOR CORP., COMPTON, CALIFORNIA",XX,,UNKNOWN,FARM EQUIPMENT,LAWN CARE/LANDSCAPING,N,TURNING LEFT,,,1,,,,,,,,,,,,,Y,Y,Y,,,FRONT-LEFT-CORNER,,,,,,,,,,,,,,,,,,,,,,,,,,,,,,,,,
2123401,efa41270d287e75ed8779ecf6a3eaa0a5c82f7f148cde8ec9d4663bb20b5644d4ab5c66140715e68707d07a0463064b6d4e6cfd70bc13d377e0503bd2ad70043,08/07/2025 11:15:00 AM,1,DRIVER,1,2024254,,TOYOTA,SIENNA,IL,2025,NONE,VAN/MINI-VAN,UNKNOWN/NA,W,TURNING RIGHT,,,2,,,,,Y,Y,Y,,,,,,,,,,,SIDE-RIGHT-FRONT,,,,,,,,,,,,,,,,,,,,,,,,,,,,,,,,,
2123402,efa41270d287e75ed8779ecf6a3eaa0a5c82f7f148cde8ec9d4663bb20b5644d4ab5c66140715e68707d07a0463064b6d4e6cfd70bc13d377e0503bd2ad70043,08/07/2025 11:15:00 AM,2,DRIVER,2,2024255,,NISSAN,ROGUE,IL,2017,NONE,SPORT UTILITY VEHICLE (SUV),PERSONAL,W,TURNING RIGHT,,,3,,,,,,,,,,,,Y,Y,Y,Y,Y,,SIDE-LEFT,,,,,,,,,,,,,,,,,,,,,,,,,,,,,,,,,
2123419,c9ff27a0734a30e69aff595666660d10f3e0f34d44b08189fe6b98026a59c9ce64c24567200bef33bdf36f56e7e2ef4208439c7deb6c8f8da2b62e97c74aceda,08/07/2025 11:05:00 AM,1,DRIVER,,2024267,,GENERAL MOTORS CORPORATION (GMC),SAVANNAH,TX,2024,UNKNOWN,VAN/MINI-VAN,COMMERCIAL - SINGLE UNIT,SW,BACKING,,,1,,,,,,,,,Y,,,,,,,,,SIDE-RIGHT-REAR,,,,,,,,,,,,,,,,,,,,,,,,,,,,,,,,,
2123420,c9ff27a0734a30e69aff595666660d10f3e0f34d44b08189fe6b98026a59c9ce64c24567200bef33bdf36f56e7e2ef4208439c7deb6c8f8da2b62e97c74aceda,08/07/2025 11:05:00 AM,2,PARKED,,2024274,,FORD,EXPLORER,IL,2025,UNKNOWN,SPORT UTILITY VEHICLE (SUV),STATE OWNED,N,PARKED,,,0,,,,,,,,,,,,,,,Y,,,FRONT-LEFT-CORNER,,,,,,,,,,,,,,,,,,,,,,,,,,,,,,,,,
2123792,1b0269187d87a43f30b5ec1eee9b3fac84c96278e8fb2e25c009e67acc044b9604d7170c7c17f27bf6fed4d997167364b4440b747d9629f8617ad4ce04f8bc63,08/07/2025 11:00:00 AM,1,DRIVER,,2024664,,VOLKSWAGEN,CC,IL,2009,UNKNOWN,PASSENGER,PERSONAL,SE,TURNING LEFT,,,1,,,,,,,,Y,Y,,,,,,,,,REAR-RIGHT-CORNER,,,,,,,,,,,,,,,,,,,,,,,,,,,,,,,,,
2123793,1b0269187d87a43f30b5ec1eee9b3fac84c96278e8fb2e25c009e67acc044b9604d7170c7c17f27bf6fed4d997167364b4440b747d9629f8617ad4ce04f8bc63,08/07/2025 11:00:00 AM,2,DRIVER,,2024668,,CADILLAC,XTS,IL,2016,UNKNOWN,PASSENGER,PERSONAL,E,STRAIGHT AHEAD,N,,1,,,,,,,,,,,,,,,Y,,,FRONT-LEFT-CORNER,,,,,,,,,,,,,,,,,,,,,,,,,,,,,,,,,
2125637,ccce9734b73ad953dfe60addd6630855d1373d92050f17a2039826efa9a931af3937c19b41ad12c4a3df55d740a5a44c6555032ef36cc22d86c0e172f7b41f17,08/07/2025 11:00:00 AM,1,DRIVER,,2026362,,KIA,OPIRUS,NY,2024,NONE,PASSENGER,PERSONAL,E,STRAIGHT AHEAD,,,1,,,,,,,,,,,,,,,,,,FRONT,,,,,,,,,,,,,,,,,,,,,,,,,,,,,,,,,
2123455,d8b33e79d14c80e518da87773de17a5442094ab1a20d093ae8e7f99f80a7f0e75204c82c07792a6ff7c74e0107a2563e14c0d0eefc23562e1346152530dea613,08/07/2025 11:00:00 AM,1,DRIVER,,2024316,,"MACK TRUCKS, INC.","MACK TRUCKS, INC.",IL,2017,UNKNOWN,TRACTOR W/ SEMI-TRAILER,UNKNOWN/NA,N,STRAIGHT AHEAD,,,1,,,,Y,,,,,,,,,,,,,,SIDE-RIGHT,,,,,,,,,,,,,,,,,,,,,,,,,,,,,,,,,
2123456,d8b33e79d14c80e518da87773de17a5442094ab1a20d093ae8e7f99f80a7f0e75204c82c07792a6ff7c74e0107a2563e14c0d0eefc23562e1346152530dea613,08/07/2025 11:00:00 AM,2,DRIVER,,2024326,,LEXUS,RX350,IL,2007,NONE,PASSENGER,PERSONAL,N,SLOW/STOP IN TRAFFIC,,,1,,,,,,,,,,,,,Y,,,,,SIDE-LEFT,,,,,,,,,,,,,,,,,,,,,,,,,,,,,,,,,
2123353,df61736366bb9ab9e1da42f953dadd41c27ece0ab71158f452eb80872f16019a8b96036ba449794a3354bfbcd8a41455fd81c6f9eb55724d7b7e570709301495,08/07/2025 11:00:00 AM,1,PARKED,,2024202,,NISSAN,ROGUE,IL,2018,NONE,PICKUP,PERSONAL,E,PARKED,,,0,,,,,,,,,,Y,,,,,,,,REAR,,,,,,,,,,,,,,,,,,,,,,,,,,,,,,,,,