CRASH_UNIT_ID,CRASH_RECORD_ID,CRASH_DATE,UNIT_NO,UNIT_TYPE,NUM_PASSENGERS,VEHICLE_ID,CMRC_VEH_I,MAKE,MODEL,LIC_PLATE_STATE,VEHICLE_YEAR,VEHICLE_DEFECT,VEHICLE_TYPE,VEHICLE_USE,TRAVEL_DIRECTION,MANEUVER,TOWED_I,FIRE_I,OCCUPANT_CNT,EXCEED_SPEED_LIMIT_I,TOWED_BY,TOWED_TO,AREA_00_I,AREA_01_I,AREA_02_I,AREA_03_I,AREA_04_I,AREA_05_I,AREA_06_I,AREA_07_I,AREA_08_I,AREA_09_I,AREA_10_I,AREA_11_I,AREA_12_I,AREA_99_I,FIRST_CONTACT_POINT,CMV_ID,USDOT_NO,CCMC_NO,ILCC_NO,COMMERCIAL_SRC,GVWR,CARRIER_NAME,CARRIER_STATE,CARRIER_CITY,HAZMAT_PLACARDS_I,HAZMAT_NAME,UN_NO,HAZMAT_PRESENT_I,HAZMAT_REPORT_I,HAZMAT_REPORT_NO,MCS_REPORT_I,MCS_REPORT_NO,HAZMAT_VIO_CAUSE_CRASH_I,MCS_VIO_CAUSE_CRASH_I,IDOT_PERMIT_NO,WIDE_LOAD_I,TRAILER1_WIDTH,TRAILER2_WIDTH,TRAILER1_LENGTH,TRAILER2_LENGTH,TOTAL_VEHICLE_LENGTH,AXLE_CNT,VEHICLE_CONFIG,CARGO_BODY_TYPE,LOAD_TYPE,HAZMAT_OUT_OF_SERVICE_I,MCS_OUT_OF_SERVICE_I,HAZMAT_CLASS
2123354,df61736366bb9ab9e1da42f953dadd41c27ece0ab71158f452eb80872f16019a8b96036ba449794a3354bfbcd8a41455fd81c6f9eb55724d7b7e570709301495,08/07/2025 11:00:00 AM,2,DRIVER,,2024208,,JEEP,WRANGLER,IL,2021,NONE,PASSENGER,PERSONAL,E,STRAIGHT AHEAD,,,1,,,,Y,,,,,,,,,,,,,,NONE,,,,,,,,,,,,,,,,,,,,,,,,,,,,,,,,,
2123348,c206e3a186ca7ccab900ce2a3fab371b25813e39605973543e68d953b690fd94ee5b6ae0c7cda3438327684805f4980ffc1701ba2b01a2bd47cea3e2958c7181,08/07/2025 10:45:00 AM,1,DRIVER,,2024207,,MAZDA,OTHER (EXPLAIN IN NARRATIVE),IL,2007,BRAKES,PASSENGER,PERSONAL,W,STRAIGHT AHEAD,,,1,,,,,Y,,,,,,,,,,Y,Y,,FRONT,,,,,,,,,,,,,,,,,,,,,,,,,,,,,,,,,
2123349,c206e3a186ca7ccab900ce2a3fab371b25813e39605973543e68d953b690fd94ee5b6ae0c7cda3438327684805f4980ffc1701ba2b01a2bd47cea3e2958c7181,08/07/2025 10:45:00 AM,2,DRIVER,,2024209,,MAZDA,CX-30,IL,2025,NONE,PASSENGER,PERSONAL,W,STRAIGHT AHEAD,,,1,,,,,Y,,,,Y,Y,Y,,,,Y,Y,,REAR,,,,,,,,,,,,,,,,,,,,,,,,,,,,,,,,,
2123350,c206e3a186ca7ccab900ce2a3fab371b25813e39605973543e68d953b690fd94ee5b6ae0c7cda3438327684805f4980ffc1701ba2b01a2bd47cea3e2958c7181,08/07/2025 10:45:00 AM,3,DRIVER,,2024213,,TESLA,MODEL 3,IL,2021,NONE,PASSENGER,PERSONAL,W,STRAIGHT AHEAD,,,1,,,,,,,,,,,,,,,,,Y,REAR,,,,,,,,,,,,,,,,,,,,,,,,,,,,,,,,,
2128205,3e68b54cbeb326935ec3e5fe34bf186fc0413d6b3cc1fb546ddc4faae89bab188dc5fd6d17079193c1e62a2916ec071bf476a60c484d2cd2d4019f7895eec23b,08/07/2025 10:35:00 AM,1,DRIVER,,2028800,,MERCEDES-BENZ,C300,IL,2013,UNKNOWN,PASSENGER,UNKNOWN/NA,W,STRAIGHT AHEAD,,,1,,,,,Y,Y,Y,Y,Y,,,,,,,,,SIDE-RIGHT,,,,,,,,,,,,,,,,,,,,,,,,,,,,,,,,,
2128206,3e68b54cbeb326935ec3e5fe34bf186fc0413d6b3cc1fb546ddc4faae89bab188dc5fd6d17079193c1e62a2916ec071bf476a60c484d2cd2d4019f7895eec23b,08/07/2025 10:35:00 AM,2,DRIVER,2,2028801,,CHEVROLET,MALIBU,IL,2022,NONE,PASSENGER,PERSONAL,N,BACKING,,,3,,,,,,,,,,,,,,,Y,Y,,FRONT-LEFT-CORNER,,,,,,,,,,,,,,,,,,,,,,,,,,,,,,,,,
2123328,8ff6ee1250adc65b6f96835fae4906b6a8c984538dd3bdb3bc249896a0ba9911b398a49dfe3b975957a38f6dc8ef142f84b52fe2086450683d1657647209e2fa,08/07/2025 10:30:00 AM,1,DRIVER,,2024220,,UNKNOWN,OTHER (EXPLAIN IN NARRATIVE),,,UNKNOWN,SPORT UTILITY VEHICLE (SUV),UNKNOWN/NA,W,STRAIGHT AHEAD,,,1,,,,,,,,,,,,,,,,,Y,FRONT,,,,,,,,,,,,,,,,,,,,,,,,,,,,,,,,,
2123329,8ff6ee1250adc65b6f96835fae4906b6a8c984538dd3bdb3bc249896a0ba9911b398a49dfe3b975957a38f6dc8ef142f84b52fe2086450683d1657647209e2fa,08/07/2025 10:30:00 AM,2,DRIVER,,2024239,,NISSAN,SENTRA,,2013,NONE,PASSENGER,PERSONAL,W,STRAIGHT AHEAD,,,1,,,,,,,,,,,Y,,,,,,,REAR-LEFT-CORNER,,,,,,,,,,,,,,,,,,,,,,,,,,,,,,,,,
2123363,a0bfe09c0e5bffd5da3cb18e7668eb92a77dcfe8987f87491a780b63cbb9a066c4cd56d712b965f47596829d6a5236160c0a9aba8751b75d5c7c502ef9a7fb41,08/07/2025 10:30:00 AM,1,DRIVER,,2024216,,CHEVROLET,OTHER (EXPLAIN IN NARRATIVE),IL,2016,UNKNOWN,PASSENGER,UNKNOWN/NA,S,UNKNOWN/NA,,,1,,,,Y,,,,,,,,,,,,,,FRONT,,,,,,,,,,,,,,,,,,,,,,,,,,,,,,,,,
2123364,a0bfe09c0e5bffd5da3cb18e7668eb92a77dcfe8987f87491a780b63cbb9a066c4cd56d712b965f47596829d6a5236160c0a9aba8751b75d5c7c502ef9a7fb41,08/07/2025 10:30:00 AM,2,PARKED,,2024218,,CHEVROLET,OTHER (EXPLAIN IN NARRATIVE),IL,2015,NONE,PASSENGER,NOT IN USE,S,PARKED,,,0,,,,,,,,,,Y,,,,,,,,REAR,,,,,,,,,,,,,,,,,,,,,,,,,,,,,,,,,
2123368,b10da7ed6d6d894ebe83010eb7ef3279cc2e87362251f045317307d1377530c0f5867f9c1019dd8c7061f4eae36545dbb945b9a71c1ca631a84a51a6681e3053,08/07/2025 10:30:00 AM,1,DRIVER,,2024223,,HONDA,CIVIC,IL,2009,NONE,PASSENGER,PERSONAL,S,CHANGING LANES,,,1,,,,,Y,Y,,,,,,,,,,,,FRONT-RIGHT-CORNER,,,,,,,,,,,,,,,,,,,,,,,,,,,,,,,,,
2123369,b10da7ed6d6d894ebe83010eb7ef3279cc2e87362251f045317307d1377530c0f5867f9c1019dd8c7061f4eae36545dbb945b9a71c1ca631a84a51a6681e3053,08/07/2025 10:30:00 AM,2,DRIVER,,2024227,,NISSAN,ALTIMA,IL,2020,NONE,PASSENGER,CTA,S,STRAIGHT AHEAD,,,1,,,,,,,,,,,Y,Y,Y,,,,,SIDE-LEFT,,,,,,,,,,,,,,,,,,,,,,,,,,,,,,,,,
2123333,c9b11129bdc28e19afe25a1d6950f1585b6b22d01b5bfb4bf99542e2281d4b55fd4b32b2684bd8b8538e078bcb8291b7c10e6c02adb7fd8cf78b2a6e34d57cc8,08/07/2025 10:23:00 AM,1,DRIVER,,2024187,,JEEP,GRAND CHEROKEE,IL,2017,NONE,PASSENGER,PERSONAL,N,TURNING LEFT,,,1,,,,,Y,,,,,,,,,,Y,Y,,FRONT,,,,,,,,,,,,,,,,,,,,,,,,,,,,,,,,,
2123334,c9b11129bdc28e19afe25a1d6950f1585b6b22d01b5bfb4bf99542e2281d4b55fd4b32b2684bd8b8538e078bcb8291b7c10e6c02adb7fd8cf78b2a6e34d57cc8,08/07/2025 10:23:00 AM,2,DRIVER,,2024193,,NISSAN,VERSA,AZ,2007,NONE,PASSENGER,PERSONAL,S,STRAIGHT AHEAD,,,1,,,,,Y,,,,,,,,,,Y,Y,,FRONT,,,,,,,,,,,,,,,,,,,,,,,,,,,,,,,,,
2124005,2997ab6bd9b39999e8eea0d1da6e890aeeb62b858a44756846bd0fca300426e792623436aa1013c75f08bdff05d727a6648042f8d31a9f8c157045948bb04bd2,08/07/2025 10:05:00 AM,1,DRIVER,,2024837,,FIAT,600D,IL,2014,UNKNOWN,PASSENGER,PERSONAL,S,PASSING/OVERTAKING,,,1,,,,,,,Y,Y,,,,,,,,,,SIDE-RIGHT-REAR,,,,,,,,,,,,,,,,,,,,,,,,,,,,,,,,,
2124006,2997ab6bd9b39999e8eea0d1da6e890aeeb62b858a44756846bd0fca300426e792623436aa1013c75f08bdff05d727a6648042f8d31a9f8c157045948bb04bd2,08/07/2025 10:05:00 AM,2,DRIVER,,2024841,,GENERAL MOTORS CORPORATION (GMC),ACADIA,IL,2009,NONE,PASSENGER,PERSONAL,S,STRAIGHT AHEAD,,,1,,,,,,,,,,,,,,,Y,,,FRONT-LEFT-CORNER,,,,,,,,,,,,,,,,,,,,,,,,,,,,,,,,,
2123335,63c8e668413876bd6ff024a3784aa872ae02d36546344b972bb33cc5c82a5e7694154dd93815fbf0579f01b9457dfcc99bb366c94f87ff2f2f8ceaed23258ff6,08/07/2025 10:05:00 AM,1,DRIVER,,2024186,,TOYOTA,COROLLA,IL,2020,UNKNOWN,PASSENGER,PERSONAL,W,TURNING LEFT,,,1,,,,,,,,,,,,,,Y,Y,Y,,FRONT-LEFT-CORNER,,,,,,,,,,,,,,,,,,,,,,,,,,,,,,,,,
2123336,63c8e668413876bd6ff024a3784aa872ae02d36546344b972bb33cc5c82a5e7694154dd93815fbf0579f01b9457dfcc99bb366c94f87ff2f2f8ceaed23258ff6,08/07/2025 10:05:00 AM,2,DRIVER,,2024189,,BUICK,ENCORE,IL,2021,UNKNOWN,SPORT UTILITY VEHICLE (SUV),PERSONAL,SW,SLOW/STOP IN TRAFFIC,,,1,,,,,,Y,Y,,,,,,,,,,,SIDE-RIGHT,,,,,,,,,,,,,,,,,,,,,,,,,,,,,,,,,
2123319,2a7a74e693023c608adad448c1faff9ef370cbf2efcb86371ff8a46854fd5260df9024d395eddbea2e9c54f7057ea2e3507e768e101cda1f20d97b7d82f3a68b,08/07/2025 10:03:00 AM,1,DRIVER,,2024169,,NISSAN,ALTIMA,IL,2007,UNKNOWN,PASSENGER,PERSONAL,NE,TURNING LEFT,,,1,,,,,Y,Y,Y,Y,Y,,,,,,,,,SIDE-RIGHT,,,,,,,,,,,,,,,,,,,,,,,,,,,,,,,,,
2123320,2a7a74e693023c608adad448c1faff9ef370cbf2efcb86371ff8a46854fd5260df9024d395eddbea2e9c54f7057ea2e3507e768e101cda1f20d97b7d82f3a68b,08/07/2025 10:03:00 AM,2,PARKED,,2024173,,TOYOTA,HIGHLANDER,IL,2011,UNKNOWN,PASSENGER,PERSONAL,N,PARKED,,,0,,,,,,,,,,,Y,Y,,,,,,SIDE-LEFT-REAR,,,,,,,,,,,,,,,,,,,,,,,,,,,,,,,,,
2123321,2a7a74e693023c608adad448c1faff9ef370cbf2efcb86371ff8a46854fd5260df9024d395eddbea2e9c54f7057ea2e3507e768e101cda1f20d97b7d82f3a68b,08/07/2025 10:03:00 AM,3,PARKED,,2024182,,CHEVROLET,COLORADO,IL,2019,UNKNOWN,PICKUP,PERSONAL,W,PARKED,,,0,,,,,,,,,,,Y,,,,,,,SIDE-LEFT-REAR,,,,,,,,,,,,,,,,,,,,,,,,,,,,,,,,,
2123817,cc4b5ec39ca8ee0a330d398b5b481ccb486f3dd221cada58c3deb66794fd1e3431b881f9638333dd26b8612beeab0c95e3918f4b2919aa265bb3448316e8fd8a,08/07/2025 10:00:00 AM,1,DRIVER,,2024649,,UNKNOWN,MOTORIZED,IL,,UNKNOWN,UNKNOWN/NA,UNKNOWN/NA,N,BACKING,,,1,,,,,,,,,,,,,,,,,Y,REAR,,,,,,,,,,,,,,,,,,,,,,,,,,,,,,,,,
2123818,cc4b5ec39ca8ee0a330d398b5b481ccb486f3dd221cada58c3deb66794fd1e3431b881f9638333dd26b8612beeab0c95e3918f4b2919aa265bb3448316e8fd8a,08/07/2025 10:00:00 AM,2,PARKED,,2024654,,NISSAN,PATHFINDER,IL,2024,UNKNOWN,PASSENGER,PERSONAL,E,PARKED,,,0,,,,,,,,,,Y,Y,,,,,,,REAR-LEFT-CORNER,,,,,,,,,,,,,,,,,,,,,,,,,,,,,,,,,
2123372,fb2594768a85861cf00adcaca7cc00a761284266c074159114e6307cb7d63d11b71b6649de4fd4b999ddc8b80bb91fed768f15fa9bb81847d778649b74cb5e11,08/07/2025 10:00:00 AM,1,DRIVER,,2024225,,TOYOTA,TUNDRA,IL,2024,NONE,PASSENGER,PERSONAL,E,STRAIGHT AHEAD,,,1,,,,,Y,,,,,,,,,,Y,Y,,FRONT,,,,,,,,,,,,,,,,,,,,,,,,,,,,,,,,,
2123373,fb2594768a85861cf00adcaca7cc00a761284266c074159114e6307cb7d63d11b71b6649de4fd4b999ddc8b80bb91fed768f15fa9bb81847d778649b74cb5e11,08/07/2025 10:00:00 AM,2,DRIVER,,2024237,,BMW,X5,IL,2025,NONE,PASSENGER,PERSONAL,N,STRAIGHT AHEAD,,,1,,,,,,,,,,,,,Y,Y,Y,,,SIDE-LEFT,,,,,,,,,,,,,,,,,,,,,,,,,,,,,,,,,
2123308,0d60fab413db79808b7a366bb9112f023d52e0287a7c82f79128934d3dcc512aea80c4a128c1ef7bb01c0bafb656e2cb53c687333d6108fa4377c2ee0ac4c8ed,08/07/2025 09:52:00 AM,1,DRIVER,,2024165,,TOYOTA,COROLLA,IL,2018,UNKNOWN,PASSENGER,PERSONAL,N,STRAIGHT AHEAD,Y,,1,,CITY OF CHICAGO,CITY POUND,,Y,,,,,,,,,,Y,Y,,FRONT,,,,,,,,,,,,,,,,,,,,,,,,,,,,,,,,,
2123309,0d60fab413db79808b7a366bb9112f023d52e0287a7c82f79128934d3dcc512aea80c4a128c1ef7bb01c0bafb656e2cb53c687333d6108fa4377c2ee0ac4c8ed,08/07/2025 09:52:00 AM,2,DRIVER,2,2024168,,TOYOTA,SIENNA,IL,2004,UNKNOWN,VAN/MINI-VAN,PERSONAL,E,STRAIGHT AHEAD,Y,,3,,CITY OF CHICAGO,CITY POUND,,Y,,,,,,,,,,Y,Y,,FRONT,,,,,,,,,,,,,,,,,,,,,,,,,,,,,,,,,
2123310,0d60fab413db79808b7a366bb9112f023d52e0287a7c82f79128934d3dcc512aea80c4a128c1ef7bb01c0bafb656e2cb53c687333d6108fa4377c2ee0ac4c8ed,08/07/2025 09:52:00 AM,3,DRIVER,,2024190,,FREIGHTLINER CORPORATION,FREIGHTLINER CORP.,IL,2017,UNKNOWN,TRACTOR W/ SEMI-TRAILER,OTHER,W,STRAIGHT AHEAD,Y,,1,,OWNER,REPAIR,,,,,,,,,,,,Y,,,SIDE-LEFT-FRONT,,,,,,,,,,,,,,,,,,,,,,,,,,,,,,,,,
2123315,ad4ebf495baa686e7958fa64d1cb6321c06502493959725e46850291e23445fe064de0a01da89510b3094b85b69d644e6d7defb70d3a65a060e03c891926581d,08/07/2025 09:45:00 AM,1,DRIVER,,2024160,,HUMMER,H3,IL,,NONE,SPORT UTILITY VEHICLE (SUV),UNKNOWN/NA,W,STRAIGHT AHEAD,,,1,,,,,Y,,,,,,,,,,Y,Y,,FRONT,,,,,,,,,,,,,,,,,,,,,,,,,,,,,,,,,
2123316,ad4ebf495baa686e7958fa64d1cb6321c06502493959725e46850291e23445fe064de0a01da89510b3094b85b69d644e6d7defb70d3a65a060e03c891926581d,08/07/2025 09:45:00 AM,2,DRIVER,,2024166,,TOYOTA,TUNDRA,IL,2004,NONE,PICKUP,PERSONAL,W,SLOW/STOP IN TRAFFIC,,,1,,,,,,,,,Y,Y,Y,,,,,,,REAR,,,,,,,,,,,,,,,,,,,,,,,,,,,,,,,,,
2123337,6c265062f1fb8437f576717258a12e11cf389fd95c2176617cc9dd6da27a5eb3f6e2d738e072d36eadefd67c975e9891f62ae6346e3fb574c571c8e2bc2e74c6,08/07/2025 09:30:00 AM,1,DRIVER,,2024188,,FORD,ESCAPE,IL,2022,UNKNOWN,SPORT UTILITY VEHICLE (SUV),PERSONAL,S,SKIDDING/CONTROL LOSS,,,1,,,,,Y,,,,,,,,,,Y,Y,,FRONT,,,,,,,,,,,,,,,,,,,,,,,,,,,,,,,,,
2123290,83ed879a0051fb2ea386f87f5781682e6dd87cd86323d024a1efb8e8e49cb2e4381924fed7f69ac6b5ec9dc4906df22a61e2561d3fd0f2e68282a9d9faf6a765,08/07/2025 09:30:00 AM,1,DRIVER,,2024139,Y,FREIGHTLINER CORPORATION,OTHER (EXPLAIN IN NARRATIVE),IL,2023,UNKNOWN,TRACTOR W/ SEMI-TRAILER,COMMERCIAL - MULTI-UNIT,S,OTHER,,,1,,,,,,,,Y,Y,,,,,,,,,SIDE-LEFT-REAR,"21,954",1430510,,,SIDE OF TRUCK,,RAIN DOGS TRUCKING,IL,WILLOWBROOK,,,,N,U,,U,,N,N,,,,,,,,,TRACTOR/SEMI-TRAILER,VAN/ENCLOSED BOX,UNKNOWN,N,N,
2123278,8b6a418a93e91c611d910e6fbff2d18c781ff1ca586a3353f7914f76ee0a09f2304ae2736234abf580e880faa366ce14787b64a415d2810b58bf07442f193356,08/07/2025 09:30:00 AM,1,DRIVER,,2024131,,VOLVO,S40,IL,2005,UNKNOWN,PASSENGER,PERSONAL,E,STRAIGHT AHEAD,,,1,,,,,,,,,,,,,,,,Y,,FRONT,,,,,,,,,,,,,,,,,,,,,,,,,,,,,,,,,
2123279,8b6a418a93e91c611d910e6fbff2d18c781ff1ca586a3353f7914f76ee0a09f2304ae2736234abf580e880faa366ce14787b64a415d2810b58bf07442f193356,08/07/2025 09:30:00 AM,2,DRIVER,,2024136,,JEEP,GRAND CHEROKEE,IL,2025,UNKNOWN,SPORT UTILITY VEHICLE (SUV),PERSONAL,E,STRAIGHT AHEAD,,,1,,,,,,,,,,Y,,,,,,,,REAR,,,,,,,,,,,,,,,,,,,,,,,,,,,,,,,,,
2123338,e4da3162a5cc44a4178e040d363697ea5e89afbc2337e9a5ac3233b74961cc500694ef8d771abbb4c4ebccb20e4ddbef43ea6baf7b525b978889faac3417ff18,08/07/2025 09:21:00 AM,1,DRIVER,,2024194,Y,TOYOTA,OTHER (EXPLAIN IN NARRATIVE),IL,2011,UNKNOWN,PASSENGER,COMMERCIAL - SINGLE UNIT,N,BACKING,,,1,,,,,,,,,,N,N,,,,,,Y,REAR,,,,,,,,,,,,,,,,,,,,,,,,,,,,,,,,,
2123339,e4da3162a5cc44a4178e040d363697ea5e89afbc2337e9a5ac3233b74961cc500694ef8d771abbb4c4ebccb20e4ddbef43ea6baf7b525b978889faac3417ff18,08/07/2025 09:21:00 AM,2,DRIVER,3,2024195,,CHRYSLER,PACIFICA,IL,2018,NONE,VAN/MINI-VAN,UNKNOWN/NA,NW,TURNING LEFT,,,4,,,,,,,,,,,,Y,Y,Y,,,,SIDE-LEFT,,,,,,,,,,,,,,,,,,,,,,,,,,,,,,,,,
2123295,750af921c9d724dfb7016e97d14ba49eaeb3eb6bda8dc73287b98c9e9ed7488e98ab26142ed15e02cc72ca4f2f48f6bb2a063f3b5657ed6684723bba06b33685,08/07/2025 09:15:00 AM,1,DRIVER,1,2024149,,ACURA,CL,IL,2012,UNKNOWN,PASSENGER,PERSONAL,N,PASSING/OVERTAKING,,,2,,,,,,,Y,Y,,,,,,,,,,SIDE-RIGHT,,,,,,,,,,,,,,,,,,,,,,,,,,,,,,,,,
2123296,750af921c9d724dfb7016e97d14ba49eaeb3eb6bda8dc73287b98c9e9ed7488e98ab26142ed15e02cc72ca4f2f48f6bb2a063f3b5657ed6684723bba06b33685,08/07/2025 09:15:00 AM,2,DRIVER,,2024163,N,NOVA BUS,OTHER (EXPLAIN IN NARRATIVE),IL,2016,UNKNOWN,BUS OVER 15 PASS.,CTA,N,OTHER,,,1,,,,,,,,,,,Y,,,,,,,REAR-LEFT-CORNER,,,,,,,,,,,,,,,,,,,,,,,,,,,,,,,,,
2123266,bafa775a8fc7e1deb6e9d3e4b610986306be1c33a5afd94791c19862bdfc6592657931bf179c866932db2ad28b0de68dea91771b5da2bf2c00cd485c266c17a4,08/07/2025 09:15:00 AM,1,DRIVER,,2024125,,KIA,OPTIMA / K5,IL,2020,NONE,PASSENGER,PERSONAL,S,TURNING RIGHT,,,1,,,,,,,,,,,,,Y,Y,Y,,,FRONT-LEFT-CORNER,,,,,,,,,,,,,,,,,,,,,,,,,,,,,,,,,
2123267,bafa775a8fc7e1deb6e9d3e4b610986306be1c33a5afd94791c19862bdfc6592657931bf179c866932db2ad28b0de68dea91771b5da2bf2c00cd485c266c17a4,08/07/2025 09:15:00 AM,2,DRIVER,,2024132,,MERCEDES-BENZ,SPRINTER,IL,2019,NONE,VAN/MINI-VAN,CONSTRUCTION/MAINTENANCE,S,TURNING RIGHT,,,1,,,,,,,Y,Y,Y,,,,,,,,,SIDE-RIGHT,,,,,,,,,,,,,,,,,,,,,,,,,,,,,,,,,
2124074,6297731b42594f090218524ae6d29bfc42f93c3c31367f404480bfcc58eb1bbd2bed065b414409f66c851c60f8feb1310571aa96bbcee048d4ff415a2e5b8e92,08/07/2025 09:12:00 AM,1,DRIVER,,2024903,,KIA,SPORTAGE,IL,2019,NONE,SPORT UTILITY VEHICLE (SUV),PERSONAL,S,STRAIGHT AHEAD,,,1,,,,,N,,,,,,,,,,,Y,,FRONT,,,,,,,,,,,,,,,,,,,,,,,,,,,,,,,,,
2124075,6297731b42594f090218524ae6d29bfc42f93c3c31367f404480bfcc58eb1bbd2bed065b414409f66c851c60f8feb1310571aa96bbcee048d4ff415a2e5b8e92,08/07/2025 09:12:00 AM,2,DRIVER,,2024897,,LEXUS,ES300,FL,2019,NONE,SPORT UTILITY VEHICLE (SUV),PERSONAL,E,STRAIGHT AHEAD,,,1,,,,,,,,,,,,,Y,Y,Y,,,SIDE-LEFT,,,,,,,,,,,,,,,,,,,,,,,,,,,,,,,,,
2123313,651f10e107992c5a5d6e0cd3b067d9f8319714f68300104e044e1a779fb640cd28038508a3d12ddb1a9f7b264599484bc520f8b87b0673f41ea366c0e0f56ee6,08/07/2025 09:00:00 AM,1,DRIVER,,2024164,,LEXUS,RX300,IL,2000,UNKNOWN,SPORT UTILITY VEHICLE (SUV),PERSONAL,N,STRAIGHT AHEAD,,,1,,,,,,Y,,,,,,,,,,,,SIDE-RIGHT,,,,,,,,,,,,,,,,,,,,,,,,,,,,,,,,,
2123314,651f10e107992c5a5d6e0cd3b067d9f8319714f68300104e044e1a779fb640cd28038508a3d12ddb1a9f7b264599484bc520f8b87b0673f41ea366c0e0f56ee6,08/07/2025 09:00:00 AM,2,PARKED,,2024171,,NOVA BUS,OTHER (EXPLAIN IN NARRATIVE),IL,2023,UNKNOWN,BUS OVER 15 PASS.,CTA,N,PARKED,,,0,,,,,,,,,,,,,,Y,,,,SIDE-LEFT,,,,,,,,,,,,,,,,,,,,,,,,,,,,,,,,,
2123326,f2ccd3cd21433f7c3415fb9d136fd3ab37eb3492c7c20ef3e968a97c3eb86ae6397e8b5381d0ea572c97fa3ae891b2b97ee56a2fe4bce7808a77271f8e46da60,08/07/2025 09:00:00 AM,1,DRIVER,,2024178,,GENERAL MOTORS CORPORATION (GMC),SAFARI,IL,2018,UNKNOWN,PICKUP,PERSONAL,N,STRAIGHT AHEAD,,,1,,,,,Y,Y,,,,,,,,,,,,FRONT-RIGHT-CORNER,,,,,,,,,,,,,,,,,,,,,,,,,,,,,,,,,
2123327,f2ccd3cd21433f7c3415fb9d136fd3ab37eb3492c7c20ef3e968a97c3eb86ae6397e8b5381d0ea572c97fa3ae891b2b97ee56a2fe4bce7808a77271f8e46da60,08/07/2025 09:00:00 AM,2,DRIVER,,2024185,,ISUZU,TRUCK,IL,2020,NONE,PICKUP,CONSTRUCTION/MAINTENANCE,N,STRAIGHT AHEAD,,,1,,,,,,,,,,,Y,,,,,,,SIDE-LEFT-REAR,,,,,,,,,,,,,,,,,,,,,,,,,,,,,,,,,
2123286,0c7f48dd87b65a193f7938afa5422a27aca46ecdff91afb8b54ff44e46a828bfa6cb8117fa9d17d71db8a2751a878d8481c031515d74598bce0270e25c8adfc8,08/07/2025 08:55:00 AM,1,DRIVER,,2024138,,LEXUS,RX400H,IL,2006,UNKNOWN,SPORT UTILITY VEHICLE (SUV),PERSONAL,N,STRAIGHT AHEAD,,,1,,,,,,Y,,,,,,,,,,,,SIDE-RIGHT,,,,,,,,,,,,,,,,,,,,,,,,,,,,,,,,,
2123287,0c7f48dd87b65a193f7938afa5422a27aca46ecdff91afb8b54ff44e46a828bfa6cb8117fa9d17d71db8a2751a878d8481c031515d74598bce0270e25c8adfc8,08/07/2025 08:55:00 AM,2,PARKED,,2024141,,NOVA BUS,OTHER (EXPLAIN IN NARRATIVE),IL,2023,UNKNOWN,BUS OVER 15 PASS.,CTA,N,PARKED,,,0,,,,,,,,,,,,,,Y,,,,SIDE-LEFT,,,,,,,,,,,,,,,,,,,,,,,,,,,,,,,,,
2124884,5b0dbade4d864668e9f0be72c37db9c50a6f144a9522b37e9c63cb2b631c564172b2d8802285c3c5ef6d00205fd7db28dc72193dafa772b297cadc4be42d19f4,08/07/2025 08:50:00 AM,1,DRIVER,,2025648,,FORD,OTHER (EXPLAIN IN NARRATIVE),IL,2015,NONE,VAN/MINI-VAN,UNKNOWN/NA,N,STRAIGHT AHEAD,,,1,,,,,Y,Y,Y,Y,Y,,,,,,,,,FRONT-RIGHT-CORNER,,,,,,,,,,,,,,,,,,,,,,,,,,,,,,,,,
2124885,5b0dbade4d864668e9f0be72c37db9c50a6f144a9522b37e9c63cb2b631c564172b2d8802285c3c5ef6d00205fd7db28dc72193dafa772b297cadc4be42d19f4,08/07/2025 08:50:00 AM,2,PARKED,,2025652,,BUICK,INVICTA,IL,2024,NONE,PASSENGER,PERSONAL,N,PARKED,,,0,,,,,,,,,,,Y,Y,Y,Y,Y,,,FRONT-LEFT-CORNER,,,,,,,,,,,,,,,,,,,,,,,,,,,,,,,,,
2123301,d0b0a725be54c47e1d860045bc70c134de8e01370251796a7558fa4f11a660b0c403fea041af6987d1e77667544c919d83d3065d90c78129a565d1c18aaf6b6f,08/07/2025 08:45:00 AM,1,DRIVER,,2024150,,UNKNOWN,MOTORIZED,,,UNKNOWN,SPORT UTILITY VEHICLE (SUV),UNKNOWN/NA,SE,TURNING RIGHT,,,1,,,,,,,,,,,,,,,,,Y,FRONT-RIGHT-CORNER,,,,,,,,,,,,,,,,,,,,,,,,,,,,,,,,,
2123302,d0b0a725be54c47e1d860045bc70c134de8e01370251796a7558fa4f11a660b0c403fea041af6987d1e77667544c919d83d3065d90c78129a565d1c18aaf6b6f,08/07/2025 08:45:00 AM,2,BICYCLE,,,,,,,,,,,,,,,,,,,,,,,,,,,,,,,,,,,,,,,,,,,,,,,,,,,,,,,,,,,,,,,,,,
2123851,22fb6dca38b11046ba75a9e2aaaf5396942cc459d4a70c044c5ae4b270fd668266a7134f56fed597791fb19a2a86d3bc2ecace90ab8ff3747da7b72d8456174e,08/07/2025 08:40:00 AM,1,DRIVER,,2024689,,KIA,SPECTRA,IL,2007,NONE,PASSENGER,PERSONAL,E,STRAIGHT AHEAD,,,1,,,,,Y,,,,,,,,,,Y,Y,,FRONT,,,,,,,,,,,,,,,,,,,,,,,,,,,,,,,,,