CRASH_UNIT_ID,CRASH_RECORD_ID,CRASH_DATE,UNIT_NO,UNIT_TYPE,NUM_PASSENGERS,VEHICLE_ID,CMRC_VEH_I,MAKE,MODEL,LIC_PLATE_STATE,VEHICLE_YEAR,VEHICLE_DEFECT,VEHICLE_TYPE,VEHICLE_USE,TRAVEL_DIRECTION,MANEUVER,TOWED_I,FIRE_I,OCCUPANT_CNT,EXCEED_SPEED_LIMIT_I,TOWED_BY,TOWED_TO,AREA_00_I,AREA_01_I,AREA_02_I,AREA_03_I,AREA_04_I,AREA_05_I,AREA_06_I,AREA_07_I,AREA_08_I,AREA_09_I,AREA_10_I,AREA_11_I,AREA_12_I,AREA_99_I,FIRST_CONTACT_POINT,CMV_ID,USDOT_NO,CCMC_NO,ILCC_NO,COMMERCIAL_SRC,GVWR,CARRIER_NAME,CARRIER_STATE,CARRIER_CITY,HAZMAT_PLACARDS_I,HAZMAT_NAME,UN_NO,HAZMAT_PRESENT_I,HAZMAT_REPORT_I,HAZMAT_REPORT_NO,MCS_REPORT_I,MCS_REPORT_NO,HAZMAT_VIO_CAUSE_CRASH_I,MCS_VIO_CAUSE_CRASH_I,IDOT_PERMIT_NO,WIDE_LOAD_I,TRAILER1_WIDTH,TRAILER2_WIDTH,TRAILER1_LENGTH,TRAILER2_LENGTH,TOTAL_VEHICLE_LENGTH,AXLE_CNT,VEHICLE_CONFIG,CARGO_BODY_TYPE,LOAD_TYPE,HAZMAT_OUT_OF_SERVICE_I,MCS_OUT_OF_SERVICE_I,HAZMAT_CLASS
2123852,22fb6dca38b11046ba75a9e2aaaf5396942cc459d4a70c044c5ae4b270fd668266a7134f56fed597791fb19a2a86d3bc2ecace90ab8ff3747da7b72d8456174e,08/07/2025 08:40:00 AM,2,DRIVER,1,2024691,,HONDA,CR-V,IL,2025,NONE,PASSENGER,PERSONAL,S,TURNING LEFT,,,2,,,,,,Y,Y,Y,,,,,,,,,,SIDE-RIGHT,,,,,,,,,,,,,,,,,,,,,,,,,,,,,,,,,
2123268,d7b7be28f0db150b5e29f3e6864c04380525b02d9dd22594a0bc05ba229445a7ad776e79c520f8e5f194e21340e898b0670ad91bda5482ef4b1a7fb043957fa7,08/07/2025 08:40:00 AM,1,DRIVER,,2024127,,TOYOTA,CAMRY,IL,2017,UNKNOWN,PASSENGER,UNKNOWN/NA,N,TURNING LEFT,Y,,1,,OWNER,UNKNOWN,,,,,,,,,,,,Y,Y,,FRONT-LEFT-CORNER,,,,,,,,,,,,,,,,,,,,,,,,,,,,,,,,,
2123269,d7b7be28f0db150b5e29f3e6864c04380525b02d9dd22594a0bc05ba229445a7ad776e79c520f8e5f194e21340e898b0670ad91bda5482ef4b1a7fb043957fa7,08/07/2025 08:40:00 AM,2,DRIVER,,2024147,,PONTIAC,GRAND AM,IL,2000,UNKNOWN,PASSENGER,UNKNOWN/NA,S,STRAIGHT AHEAD,,,1,,,,,,,,,,,,Y,Y,Y,Y,,,SIDE-LEFT,,,,,,,,,,,,,,,,,,,,,,,,,,,,,,,,,
2124042,f9e9cb5c6358c964f4beecb838bfc0f27449f7ead53a039fc391ddf1ff4af3b595e2d5af81b705020cc18f3f177e61b9c39a61fb05a5cb7ebb3c877e0b13c87e,08/07/2025 08:40:00 AM,1,DRIVER,,2024867,,HONDA,CIVIC,IL,2018,NONE,PASSENGER,UNKNOWN/NA,E,SLOW/STOP IN TRAFFIC,,,1,,,,,,,,,,,,,,,,Y,,FRONT,,,,,,,,,,,,,,,,,,,,,,,,,,,,,,,,,
2124043,f9e9cb5c6358c964f4beecb838bfc0f27449f7ead53a039fc391ddf1ff4af3b595e2d5af81b705020cc18f3f177e61b9c39a61fb05a5cb7ebb3c877e0b13c87e,08/07/2025 08:40:00 AM,2,DRIVER,,2024870,,HONDA,CR-V,IL,2006,UNKNOWN,SPORT UTILITY VEHICLE (SUV),UNKNOWN/NA,E,SLOW/STOP IN TRAFFIC,,,1,,,,,,,,,,Y,,,,,,,,REAR,,,,,,,,,,,,,,,,,,,,,,,,,,,,,,,,,
2123274,e1a21f89f4ee344a2c6904eb3756b1d6dabfaa639f140d65531a19d0ca6c256983f9c7298005b5333a66ff909e1741bd2477bef4199aa7f4cc684582d16d584b,08/07/2025 08:30:00 AM,1,DRIVER,2,2024143,,AUDI,Q3,IL,2021,NONE,PASSENGER,PERSONAL,W,PASSING/OVERTAKING,,,3,,,,,,,,,,,,,Y,Y,Y,,,SIDE-LEFT,,,,,,,,,,,,,,,,,,,,,,,,,,,,,,,,,
2123275,e1a21f89f4ee344a2c6904eb3756b1d6dabfaa639f140d65531a19d0ca6c256983f9c7298005b5333a66ff909e1741bd2477bef4199aa7f4cc684582d16d584b,08/07/2025 08:30:00 AM,2,DRIVER,,2024159,,FORD,OTHER (EXPLAIN IN NARRATIVE),IL,2013,NONE,PASSENGER,PERSONAL,W,TURNING RIGHT,,,1,,,,,Y,Y,Y,Y,,,,,,,,,,SIDE-RIGHT,,,,,,,,,,,,,,,,,,,,,,,,,,,,,,,,,
2123254,00dd5c4961191b00a73b869dc8d550cee963513002e973b967edaf7ac42fcf9af99a6ba16578285a826a4fbb05e222e02f0282706d033cec601d282ae7edff21,08/07/2025 08:25:00 AM,1,DRIVER,,2024104,,HONDA,CR-V,,,UNKNOWN,SPORT UTILITY VEHICLE (SUV),UNKNOWN/NA,NE,MERGING,,,1,,,,Y,,,,,,,,,Y,Y,,,,SIDE-LEFT-FRONT,,,,,,,,,,,,,,,,,,,,,,,,,,,,,,,,,
2123255,00dd5c4961191b00a73b869dc8d550cee963513002e973b967edaf7ac42fcf9af99a6ba16578285a826a4fbb05e222e02f0282706d033cec601d282ae7edff21,08/07/2025 08:25:00 AM,2,DRIVER,,2024110,,FREIGHTLINER CORPORATION,FREIGHTLINER CORP.,IN,2020,NONE,VAN/MINI-VAN,COMMERCIAL - SINGLE UNIT,E,STRAIGHT AHEAD,,,1,,,,Y,Y,,,,,,,,,,,,,REAR-RIGHT-CORNER,,,,,,,,,,,,,,,,,,,,,,,,,,,,,,,,,
2123260,23904a633063798c56d90e10da39a429c1a87fd7c0626c17bf7971957fc6522cab1cbbd055304ae2c3031040510e26e1ca11088973d8dcb0b4b062d64d64e121,08/07/2025 08:16:00 AM,1,DRIVER,,2024117,,TOYOTA,OTHER (EXPLAIN IN NARRATIVE),IL,,UNKNOWN,PASSENGER,PERSONAL,S,STRAIGHT AHEAD,,,1,,,,,Y,,,,,,,,,,,,,FRONT-RIGHT-CORNER,,,,,,,,,,,,,,,,,,,,,,,,,,,,,,,,,
2123261,23904a633063798c56d90e10da39a429c1a87fd7c0626c17bf7971957fc6522cab1cbbd055304ae2c3031040510e26e1ca11088973d8dcb0b4b062d64d64e121,08/07/2025 08:16:00 AM,2,PARKED,,2024118,,SUBARU,OTHER (EXPLAIN IN NARRATIVE),IL,,NONE,SPORT UTILITY VEHICLE (SUV),NOT IN USE,S,PARKED,,,0,,,,,,,,,,,,,,,Y,,,FRONT-RIGHT-CORNER,,,,,,,,,,,,,,,,,,,,,,,,,,,,,,,,,
2123262,2081a5388277ed0e0a1d8fd458fef7fff228d3e4dfbfb143505bbb5c3f9b27a18ea63627b200b26ecf547d2013fdcedde60f35013250a45eb529ce2fdf4255e0,08/07/2025 08:05:00 AM,1,DRIVER,,2024133,,HONDA,CIVIC,IL,2017,NONE,PASSENGER,PERSONAL,N,STRAIGHT AHEAD,Y,,1,,UNK,UNK,,,,,,,,,,Y,Y,Y,Y,,FRONT-LEFT-CORNER,,,,,,,,,,,,,,,,,,,,,,,,,,,,,,,,,
2123263,2081a5388277ed0e0a1d8fd458fef7fff228d3e4dfbfb143505bbb5c3f9b27a18ea63627b200b26ecf547d2013fdcedde60f35013250a45eb529ce2fdf4255e0,08/07/2025 08:05:00 AM,2,DRIVER,,2024140,,NISSAN,ROGUE,,2019,NONE,PASSENGER,PERSONAL,N,STRAIGHT AHEAD,,,1,,,,,,,Y,Y,Y,Y,,,,,,,,REAR-RIGHT-CORNER,,,,,,,,,,,,,,,,,,,,,,,,,,,,,,,,,
2123240,d61c333ea7c04c4cbb23ca670d93ffc47a7513d66cc7fc6c201ea1ec6e5f24e459ff9abb957b6a6263f2f2fd505a0de0b15aecbe9939a5a604aff4a81cea965d,08/07/2025 08:05:00 AM,1,DRIVER,,2024097,,VOLKSWAGEN,OTHER (EXPLAIN IN NARRATIVE),IL,2013,UNKNOWN,PASSENGER,UNKNOWN/NA,S,CHANGING LANES,,,1,,,,,,,,,,,,,,Y,Y,,,FRONT-LEFT-CORNER,,,,,,,,,,,,,,,,,,,,,,,,,,,,,,,,,
2123241,d61c333ea7c04c4cbb23ca670d93ffc47a7513d66cc7fc6c201ea1ec6e5f24e459ff9abb957b6a6263f2f2fd505a0de0b15aecbe9939a5a604aff4a81cea965d,08/07/2025 08:05:00 AM,2,DRIVER,1,2024100,,LINCOLN,NAUTILUS,IL,2022,NONE,PASSENGER,PERSONAL,S,STRAIGHT AHEAD,,,2,,,,,,,,Y,Y,,,,,,,,,REAR-RIGHT-CORNER,,,,,,,,,,,,,,,,,,,,,,,,,,,,,,,,,
2123256,3fdfdcbf2116a6726d804fba2c4f1a085773afcab07641c77ff5f0cab81568fad7536bd97a0581d7bef4d7963601f2597ab5408c1cc7fbbd6c1783f785a484ae,08/07/2025 08:00:00 AM,1,DRIVER,,2024108,,FORD,OTHER (EXPLAIN IN NARRATIVE),IL,2015,NONE,VAN/MINI-VAN,OTHER,E,BACKING,,,1,,,,,,,,,Y,Y,Y,,,,,,,REAR,,,,,,,,,,,,,,,,,,,,,,,,,,,,,,,,,
2123257,3fdfdcbf2116a6726d804fba2c4f1a085773afcab07641c77ff5f0cab81568fad7536bd97a0581d7bef4d7963601f2597ab5408c1cc7fbbd6c1783f785a484ae,08/07/2025 08:00:00 AM,2,DRIVER,,2024114,,DODGE,OTHER (EXPLAIN IN NARRATIVE),IL,2021,NONE,OTHER,OTHER,E,STRAIGHT AHEAD,,,1,,,,,Y,,,,,,,,,,Y,Y,,FRONT,,,,,,,,,,,,,,,,,,,,,,,,,,,,,,,,,
2123250,ff6788420208b0b3472eb0ad914a5a80b7a861630a5a2f2fea192e1e2b61abb64f16720538d8bfe742382cf0971548ac9bbec65bc6c197331aed4c35b46d3432,08/07/2025 07:55:00 AM,1,DRIVER,,2024102,,TOYOTA,COROLLA,IL,2017,NONE,PASSENGER,TAXI/FOR HIRE,N,STRAIGHT AHEAD,,,1,,,,,,,,,,,,,,,,Y,,FRONT,,,,,,,,,,,,,,,,,,,,,,,,,,,,,,,,,
2123251,ff6788420208b0b3472eb0ad914a5a80b7a861630a5a2f2fea192e1e2b61abb64f16720538d8bfe742382cf0971548ac9bbec65bc6c197331aed4c35b46d3432,08/07/2025 07:55:00 AM,2,DRIVER,,2024106,,VOLVO,OTHER (EXPLAIN IN NARRATIVE),IL,2025,NONE,PASSENGER,PERSONAL,N,SLOW/STOP IN TRAFFIC,,,1,,,,,,,,,,Y,,,,,,,,REAR,,,,,,,,,,,,,,,,,,,,,,,,,,,,,,,,,
2123248,1846cbdb476087c223adaeedfa20e2129e5f53b94a55929be31bf82538c7b5b5c71c386f490a2fef6997e656b4de2317c5f56c1af4fd0e3505a476a937fa94fe,08/07/2025 07:50:00 AM,1,DRIVER,,2024099,,HYUNDAI,ELANTRA,IL,2006,UNKNOWN,PASSENGER,UNKNOWN/NA,S,UNKNOWN/NA,,,1,,,,,Y,,,,,,,,,,,,,FRONT-RIGHT-CORNER,,,,,,,,,,,,,,,,,,,,,,,,,,,,,,,,,
2123249,1846cbdb476087c223adaeedfa20e2129e5f53b94a55929be31bf82538c7b5b5c71c386f490a2fef6997e656b4de2317c5f56c1af4fd0e3505a476a937fa94fe,08/07/2025 07:50:00 AM,2,DRIVER,,2024101,,HONDA,CIVIC,IL,1999,NONE,PASSENGER,UNKNOWN/NA,S,MERGING,,,1,,,,,,,,,,,,,Y,Y,,,,SIDE-LEFT,,,,,,,,,,,,,,,,,,,,,,,,,,,,,,,,,
2123311,38c9b28d268929fb3e1ac923493cbcd373026409427b0e8d3587b2badd0cdf67a5d5f4cd3d5486d0b1ae3416d864d3262a615836e99c97fe0c2ad9b050175119,08/07/2025 07:50:00 AM,1,DRIVER,,2024167,,JEEP,CHEROKEE,IL,2021,UNKNOWN,SPORT UTILITY VEHICLE (SUV),UNKNOWN/NA,S,STRAIGHT AHEAD,,,1,,,,,Y,,,,,,,,,,Y,Y,,TOTAL (ALL AREAS),,,,,,,,,,,,,,,,,,,,,,,,,,,,,,,,,
2123312,38c9b28d268929fb3e1ac923493cbcd373026409427b0e8d3587b2badd0cdf67a5d5f4cd3d5486d0b1ae3416d864d3262a615836e99c97fe0c2ad9b050175119,08/07/2025 07:50:00 AM,2,DRIVER,,2024175,,JEEP,RENEGADE,IL,2017,UNKNOWN,SPORT UTILITY VEHICLE (SUV),PERSONAL,S,STRAIGHT AHEAD,,,1,,,,,,,,,Y,Y,Y,,,,,,,TOTAL (ALL AREAS),,,,,,,,,,,,,,,,,,,,,,,,,,,,,,,,,
2123317,8d40da0172f042d1103b73500c6c7fc3875a07769c0c2acdb6e8460e24e3c2948549ac9690a462f6b91846e111a9e2166a4a1d912f334c2335a11a059be5617e,08/07/2025 07:47:00 AM,1,DRIVER,,2024157,,FORD,ESCAPE,,,UNKNOWN,PASSENGER,PERSONAL,S,STRAIGHT AHEAD,,,1,,,,,,,,,,,,,,Y,Y,,,SIDE-LEFT,,,,,,,,,,,,,,,,,,,,,,,,,,,,,,,,,
2123318,8d40da0172f042d1103b73500c6c7fc3875a07769c0c2acdb6e8460e24e3c2948549ac9690a462f6b91846e111a9e2166a4a1d912f334c2335a11a059be5617e,08/07/2025 07:47:00 AM,2,DRIVER,,2024158,,HONDA,CIVIC,,2009,NONE,PASSENGER,PERSONAL,S,STRAIGHT AHEAD,,,1,,,,,Y,Y,,,,,,,,,,,,SIDE-RIGHT-FRONT,,,,,,,,,,,,,,,,,,,,,,,,,,,,,,,,,
2123237,8f72392a6d73ef0bbd7ba75c072a3d4c57798c4917b27c586b092be49230708df9ee207005de5af8131a3291c8616b01ff28ac9f9393f9c75417674f14c17e1d,08/07/2025 07:33:00 AM,1,DRIVER,,2024095,,UNKNOWN,OTHER (EXPLAIN IN NARRATIVE),,,UNKNOWN,PASSENGER,UNKNOWN/NA,N,UNKNOWN/NA,,,1,,,,,,,,,,,,,,,,,Y,UNKNOWN,,,,,,,,,,,,,,,,,,,,,,,,,,,,,,,,,
2123238,8f72392a6d73ef0bbd7ba75c072a3d4c57798c4917b27c586b092be49230708df9ee207005de5af8131a3291c8616b01ff28ac9f9393f9c75417674f14c17e1d,08/07/2025 07:33:00 AM,2,DRIVER,,2024120,,CHEVROLET,EQUINOX,IL,2018,UNKNOWN,SPORT UTILITY VEHICLE (SUV),PERSONAL,N,STRAIGHT AHEAD,Y,,1,,PRIVATE TOW,,,Y,Y,,,,,Y,,,,Y,Y,,REAR-LEFT-CORNER,,,,,,,,,,,,,,,,,,,,,,,,,,,,,,,,,
2123239,8f72392a6d73ef0bbd7ba75c072a3d4c57798c4917b27c586b092be49230708df9ee207005de5af8131a3291c8616b01ff28ac9f9393f9c75417674f14c17e1d,08/07/2025 07:33:00 AM,3,DRIVER,,2024124,,NEW FLYER,OTHER (EXPLAIN IN NARRATIVE),IL,2007,UNKNOWN,BUS OVER 15 PASS.,CTA,N,SLOW/STOP IN TRAFFIC,,,1,,,,,,,,,,Y,Y,Y,,,,,,REAR-LEFT-CORNER,,,,,,,,,,,,,,,,,,,,,,,,,,,,,,,,,
2123446,05cd3554e3bd2162411d58f36a165568e4df53eda642db89ac8b69e35f1fa031ab85ce31baa10e1c278630f35fe535cf8d8e46835baa1ce3790194c4ab32ddf5,08/07/2025 07:30:00 AM,1,DRIVER,5,2024283,,FORD,CLUB WAGON E250,IL,2009,NONE,VAN/MINI-VAN,COMMERCIAL - SINGLE UNIT,E,CHANGING LANES,,,6,,,,,,,,,Y,,,,,,,,,REAR-RIGHT-CORNER,,,,,,,,,,,,,,,,,,,,,,,,,,,,,,,,,
2123447,05cd3554e3bd2162411d58f36a165568e4df53eda642db89ac8b69e35f1fa031ab85ce31baa10e1c278630f35fe535cf8d8e46835baa1ce3790194c4ab32ddf5,08/07/2025 07:30:00 AM,2,DRIVER,,2024287,,NISSAN,ROGUE,IL,2018,NONE,SPORT UTILITY VEHICLE (SUV),PERSONAL,E,STRAIGHT AHEAD,,,1,,,,,,,,,,,,,,,Y,,,FRONT-LEFT-CORNER,,,,,,,,,,,,,,,,,,,,,,,,,,,,,,,,,
2123242,064d131d9a08e3a6732c47881df0b34cb6dab6b0db7ebf25b63f519e3ab945352dc229add6dec5db80cc8e5dcf55aea1aeddd62a9c4336a790f79c43bff14d13,08/07/2025 07:30:00 AM,1,DRIVER,,2024103,,UNKNOWN,MOTORIZED,,,UNKNOWN,UNKNOWN/NA,UNKNOWN/NA,N,STRAIGHT AHEAD,,,1,,,,,,,,,,,,,,,,,Y,FRONT-RIGHT-CORNER,,,,,,,,,,,,,,,,,,,,,,,,,,,,,,,,,
2123243,064d131d9a08e3a6732c47881df0b34cb6dab6b0db7ebf25b63f519e3ab945352dc229add6dec5db80cc8e5dcf55aea1aeddd62a9c4336a790f79c43bff14d13,08/07/2025 07:30:00 AM,2,DRIVER,,2024116,,MASTER CRAFT INDUSTRIAL EQUIPMENT CORPORATION,MASTER CRAFT INDUSTRIAL EQUIP. CORP.,IL,2017,UNKNOWN,PASSENGER,PERSONAL,N,STARTING IN TRAFFIC,,,1,,,,,,,,,,,,,,Y,,,,FRONT-LEFT-CORNER,,,,,,,,,,,,,,,,,,,,,,,,,,,,,,,,,
2127681,371045397ef228b79c5e5b4dadfa869e25b1de72013f79cfaef7164be951457c678fc8ead557d61487a45cc5347c689bb3970480cb42222aeb56fd4bb5002f52,08/07/2025 07:30:00 AM,1,DRIVER,,2028308,,UNKNOWN,OTHER (EXPLAIN IN NARRATIVE),,,UNKNOWN,UNKNOWN/NA,UNKNOWN/NA,UNKNOWN,UNKNOWN/NA,,,1,,,,,,,,,,,,,,,,,Y,UNKNOWN,,,,,,,,,,,,,,,,,,,,,,,,,,,,,,,,,
2127682,371045397ef228b79c5e5b4dadfa869e25b1de72013f79cfaef7164be951457c678fc8ead557d61487a45cc5347c689bb3970480cb42222aeb56fd4bb5002f52,08/07/2025 07:30:00 AM,2,PARKED,,2028310,,ACURA,ZDX,IL,2023,UNKNOWN,SPORT UTILITY VEHICLE (SUV),NOT IN USE,UNKNOWN,PARKED,,,0,,,,,,,Y,Y,Y,,,,,,,,,SIDE-RIGHT-REAR,,,,,,,,,,,,,,,,,,,,,,,,,,,,,,,,,
2123233,993c8252921a986646fd808e0a9d7f18ec95d1096465166bf59bf9b8d54e7cd0904f90e762653237c3a64ffeccf89afb3188f0e715bba5167296f5eb051d9167,08/07/2025 07:30:00 AM,1,DRIVER,2,2024094,,FORD,EXPLORER,IL,2013,UNKNOWN,PASSENGER,POLICE,NE,TURNING RIGHT,Y,,3,,e & r,61st racine,,Y,,,,,,,,,,Y,Y,,FRONT-RIGHT-CORNER,,,,,,,,,,,,,,,,,,,,,,,,,,,,,,,,,
2123234,993c8252921a986646fd808e0a9d7f18ec95d1096465166bf59bf9b8d54e7cd0904f90e762653237c3a64ffeccf89afb3188f0e715bba5167296f5eb051d9167,08/07/2025 07:30:00 AM,2,DRIVER,,2024107,,NISSAN,MURANO,IL,2019,UNKNOWN,PASSENGER,PERSONAL,N,STRAIGHT AHEAD,Y,,1,,private tow,unk,,,,,,,,,,,Y,,,,SIDE-LEFT,,,,,,,,,,,,,,,,,,,,,,,,,,,,,,,,,
2123246,ace54ac2dd032fac821a1e30a67bb6812de19923fb5220640a57a7fed6e34239b6f140f958b32789c6ab443a592fb25f21b6d13aae193b5480ade9261ee76af4,08/07/2025 07:27:00 AM,1,DRIVER,,2024109,,TOYOTA,RAV4,IL,2018,UNKNOWN,SPORT UTILITY VEHICLE (SUV),PERSONAL,N,STRAIGHT AHEAD,,,1,,,,,Y,Y,,,,,,,,,,,,SIDE-RIGHT-FRONT,,,,,,,,,,,,,,,,,,,,,,,,,,,,,,,,,
2123247,ace54ac2dd032fac821a1e30a67bb6812de19923fb5220640a57a7fed6e34239b6f140f958b32789c6ab443a592fb25f21b6d13aae193b5480ade9261ee76af4,08/07/2025 07:27:00 AM,2,DRIVER,,2024115,,NOVA BUS,OTHER (EXPLAIN IN NARRATIVE),IL,2023,UNKNOWN,BUS OVER 15 PASS.,CTA,N,OTHER,,,1,,,,,,,,,,,,,,Y,,,,SIDE-LEFT,,,,,,,,,,,,,,,,,,,,,,,,,,,,,,,,,
2124007,d1b70cf1c08136d8431687527eef4695abe92184f8e2c1282391ea63b0802a9b1141707a0de828d2a6dbcbf29893074dc00b4cddad5c9f647a62a4fd420d4439,08/07/2025 07:05:00 AM,1,DRIVER,,2024836,,UNKNOWN,OTHER (EXPLAIN IN NARRATIVE),,,UNKNOWN,UNKNOWN/NA,UNKNOWN/NA,UNKNOWN,UNKNOWN/NA,,,1,,,,,,,,,,,,,,,,,Y,UNKNOWN,,,,,,,,,,,,,,,,,,,,,,,,,,,,,,,,,
2124008,d1b70cf1c08136d8431687527eef4695abe92184f8e2c1282391ea63b0802a9b1141707a0de828d2a6dbcbf29893074dc00b4cddad5c9f647a62a4fd420d4439,08/07/2025 07:05:00 AM,2,PARKED,,2024840,,AUDI,A4,NY,2018,NONE,PASSENGER,NOT IN USE,S,PARKED,,,0,,,,,,,,,,,,,,,Y,,,FRONT-LEFT-CORNER,,,,,,,,,,,,,,,,,,,,,,,,,,,,,,,,,
2123227,b8f2c8939e76a8a7155678094e8fac0cb430a94ec19c28271a5ed3681d7e12a001c8aae66fae22c2b6be88a264f76756e0a7f3fbd428210ed5ae885fdd93810b,08/07/2025 07:00:00 AM,1,DRIVER,,2024086,,AUDI,A6,IL,2014,NONE,PASSENGER,PERSONAL,N,OTHER,,,1,,,,,,,,,,,,,Y,Y,,,,SIDE-LEFT,,,,,,,,,,,,,,,,,,,,,,,,,,,,,,,,,
2123228,b8f2c8939e76a8a7155678094e8fac0cb430a94ec19c28271a5ed3681d7e12a001c8aae66fae22c2b6be88a264f76756e0a7f3fbd428210ed5ae885fdd93810b,08/07/2025 07:00:00 AM,2,BICYCLE,,,,,,,,,,,,,,,,,,,,,,,,,,,,,,,,,,,,,,,,,,,,,,,,,,,,,,,,,,,,,,,,,,
2123225,1f30420a6e62b89a60dafdb6843d71297992b825e6841b8ed975a804df6107bde63c934388bb65967cbb3ac8a92f9090d40828cb8d5fa80cf9ec6269485e00c5,08/07/2025 06:25:00 AM,1,DRIVER,,2024084,,HYUNDAI,ACCENT,IL,2012,NONE,PASSENGER,PERSONAL,S,STRAIGHT AHEAD,,,1,,,,,,,,,,,,,,,Y,Y,,FRONT,,,,,,,,,,,,,,,,,,,,,,,,,,,,,,,,,
2123226,1f30420a6e62b89a60dafdb6843d71297992b825e6841b8ed975a804df6107bde63c934388bb65967cbb3ac8a92f9090d40828cb8d5fa80cf9ec6269485e00c5,08/07/2025 06:25:00 AM,2,DRIVER,,2024085,,KIA,FORTE,IL,2023,NONE,PASSENGER,PERSONAL,S,SLOW/STOP IN TRAFFIC,,,1,,,,,,,,,Y,Y,Y,,,,,,,REAR,,,,,,,,,,,,,,,,,,,,,,,,,,,,,,,,,
2123214,6779ad9c9f07d41e92d326e5d178fd9982986564f0b30c11a82a8bc73e8901e196895a318b8ce57634904cd4f8082e32f23bd6db8d0eab491f3840f7d5d11c62,08/07/2025 05:25:00 AM,1,DRIVER,,2024075,,"MACK TRUCKS, INC.","MACK TRUCKS, INC.",IL,2003,NONE,TRUCK - SINGLE UNIT,COMMERCIAL - SINGLE UNIT,N,BACKING,,,1,,,,,,,,,,Y,,,,,,,,REAR,,,,,,,,,,,,,,,,,,,,,,,,,,,,,,,,,
2123215,6779ad9c9f07d41e92d326e5d178fd9982986564f0b30c11a82a8bc73e8901e196895a318b8ce57634904cd4f8082e32f23bd6db8d0eab491f3840f7d5d11c62,08/07/2025 05:25:00 AM,2,DRIVER,,2024072,,HYUNDAI,SANTA FE,IL,2008,NONE,PASSENGER,PERSONAL,W,STRAIGHT AHEAD,,,1,,,,,,,,,,,,,,,Y,Y,,FRONT-LEFT-CORNER,,,,,,,,,,,,,,,,,,,,,,,,,,,,,,,,,
2123220,c0a125cb4597ffd7c7802b42be6374eff39ab6de0c7a7947182ac39f40abc8db5bdf9dbc3b02e237f6ff6fdcdf4700750a0063de1ab77216e1e1f60c276cb1b1,08/07/2025 05:12:00 AM,1,DRIVER,,2024079,Y,UNKNOWN,OTHER (EXPLAIN IN NARRATIVE),IL,2007,UNKNOWN,TRACTOR W/ SEMI-TRAILER,OTHER,W,BACKING,,,1,,,,Y,,,,,,,,,,,,,,REAR,"21,953",1149776,,,PAPERS,,ENRIQUEZ PRODUCE INC,IL,CHICAGO,,,,N,N,,N,,N,N,,,,,,,,,TRACTOR/SEMI-TRAILER,,OTHER,N,N,
2123221,c0a125cb4597ffd7c7802b42be6374eff39ab6de0c7a7947182ac39f40abc8db5bdf9dbc3b02e237f6ff6fdcdf4700750a0063de1ab77216e1e1f60c276cb1b1,08/07/2025 05:12:00 AM,2,DRIVER,,2024081,,TOYOTA,YARIS,IL,2007,UNKNOWN,PASSENGER,PERSONAL,E,STRAIGHT AHEAD,,,1,,,,,,,,,,,,,,,,,,FRONT,,,,,,,,,,,,,,,,,,,,,,,,,,,,,,,,,
2123212,79dac266040ad1b5625c1e8eb77d93c5d127f1c3f702fd44937f8a4d173c1d2ce02e25db8013a2f3b3f6f391c5051975bcc6078d82ce54f71f72a190787320dc,08/07/2025 05:00:00 AM,1,DRIVER,,2024071,,JEEP,CHEROKEE,IL,2019,UNKNOWN,SPORT UTILITY VEHICLE (SUV),PERSONAL,NW,TURNING LEFT,,,1,,,,,,,,,,,,,,Y,Y,,,FRONT-LEFT-CORNER,,,,,,,,,,,,,,,,,,,,,,,,,,,,,,,,,
2123213,79dac266040ad1b5625c1e8eb77d93c5d127f1c3f702fd44937f8a4d173c1d2ce02e25db8013a2f3b3f6f391c5051975bcc6078d82ce54f71f72a190787320dc,08/07/2025 05:00:00 AM,2,DRIVER,,2024074,,TOYOTA,COROLLA,IL,2020,UNKNOWN,PASSENGER,PERSONAL,E,SLOW/STOP IN TRAFFIC,Y,,1,,PRIVATE,PRIVATE,,,,,,,,,,Y,Y,Y,Y,,FRONT-LEFT-CORNER,,,,,,,,,,,,,,,,,,,,,,,,,,,,,,,,,
2123218,301790f9de3a736a64d6c2f2c9259b7b5722845ab609621d4eee54179548d860521b576508728df6280464a0eecb401b62b37a248aacbd3b58f22fce53bb762b,08/07/2025 04:30:00 AM,1,DRIVER,,2024078,,UNKNOWN,OTHER (EXPLAIN IN NARRATIVE),,,UNKNOWN,UNKNOWN/NA,UNKNOWN/NA,N,UNKNOWN/NA,,,1,,,,,,,,,,,,,,,,,Y,UNKNOWN,,,,,,,,,,,,,,,,,,,,,,,,,,,,,,,,,
2123219,301790f9de3a736a64d6c2f2c9259b7b5722845ab609621d4eee54179548d860521b576508728df6280464a0eecb401b62b37a248aacbd3b58f22fce53bb762b,08/07/2025 04:30:00 AM,2,PARKED,,2024087,,NISSAN,OTHER (EXPLAIN IN NARRATIVE),IL,2024,UNKNOWN,UNKNOWN/NA,PERSONAL,N,PARKED,,,0,,,,,Y,Y,Y,Y,Y,,,,,,,,,TOTAL (ALL AREAS),,,,,,,,,,,,,,,,,,,,,,,,,,,,,,,,,