CRASH_UNIT_ID,CRASH_RECORD_ID,CRASH_DATE,UNIT_NO,UNIT_TYPE,NUM_PASSENGERS,VEHICLE_ID,CMRC_VEH_I,MAKE,MODEL,LIC_PLATE_STATE,VEHICLE_YEAR,VEHICLE_DEFECT,VEHICLE_TYPE,VEHICLE_USE,TRAVEL_DIRECTION,MANEUVER,TOWED_I,FIRE_I,OCCUPANT_CNT,EXCEED_SPEED_LIMIT_I,TOWED_BY,TOWED_TO,AREA_00_I,AREA_01_I,AREA_02_I,AREA_03_I,AREA_04_I,AREA_05_I,AREA_06_I,AREA_07_I,AREA_08_I,AREA_09_I,AREA_10_I,AREA_11_I,AREA_12_I,AREA_99_I,FIRST_CONTACT_POINT,CMV_ID,USDOT_NO,CCMC_NO,ILCC_NO,COMMERCIAL_SRC,GVWR,CARRIER_NAME,CARRIER_STATE,CARRIER_CITY,HAZMAT_PLACARDS_I,HAZMAT_NAME,UN_NO,HAZMAT_PRESENT_I,HAZMAT_REPORT_I,HAZMAT_REPORT_NO,MCS_REPORT_I,MCS_REPORT_NO,HAZMAT_VIO_CAUSE_CRASH_I,MCS_VIO_CAUSE_CRASH_I,IDOT_PERMIT_NO,WIDE_LOAD_I,TRAILER1_WIDTH,TRAILER2_WIDTH,TRAILER1_LENGTH,TRAILER2_LENGTH,TOTAL_VEHICLE_LENGTH,AXLE_CNT,VEHICLE_CONFIG,CARGO_BODY_TYPE,LOAD_TYPE,HAZMAT_OUT_OF_SERVICE_I,MCS_OUT_OF_SERVICE_I,HAZMAT_CLASS
2123222,da11302c5211c7affee2e6e222e3c1262c9e1fa5e3ac17da5f014971727c3a4c139b7217b933810a911c202006af8069b9c13e8569388d88695b619abf6896f7,08/07/2025 04:30:00 AM,1,DRIVER,1,2024080,,CHEVROLET,TAHOE,IL,2015,NONE,SPORT UTILITY VEHICLE (SUV),PERSONAL,N,STRAIGHT AHEAD,,,2,,,,,,,,,,,,,,,,Y,,FRONT,,,,,,,,,,,,,,,,,,,,,,,,,,,,,,,,,
2123223,da11302c5211c7affee2e6e222e3c1262c9e1fa5e3ac17da5f014971727c3a4c139b7217b933810a911c202006af8069b9c13e8569388d88695b619abf6896f7,08/07/2025 04:30:00 AM,2,DRIVER,1,2024082,,FORD,EXPLORER,IL,,NONE,SPORT UTILITY VEHICLE (SUV),POLICE,W,STRAIGHT AHEAD,N,,2,,,,,,,,,,,,Y,,,,,,SIDE-LEFT-REAR,,,,,,,,,,,,,,,,,,,,,,,,,,,,,,,,,
2123224,da11302c5211c7affee2e6e222e3c1262c9e1fa5e3ac17da5f014971727c3a4c139b7217b933810a911c202006af8069b9c13e8569388d88695b619abf6896f7,08/07/2025 04:30:00 AM,3,PARKED,,2024083,,FORD,TRANSIT,MN,,UNKNOWN,VAN/MINI-VAN,UNKNOWN/NA,W,PARKED,,,0,,,,,,,,,,,Y,Y,Y,Y,,,,SIDE-LEFT-REAR,,,,,,,,,,,,,,,,,,,,,,,,,,,,,,,,,
2123276,b99aab624b820d343ee3367d73a82d17b766346ed00e2220e79d4b2cb6eb31189f73e8ea0b6bd1d21221e5ae7404fa5ac2488142f1c76572784a79ae0b4679bb,08/07/2025 04:00:00 AM,1,DRIVER,,2024128,,UNKNOWN,OTHER (EXPLAIN IN NARRATIVE),,,UNKNOWN,UNKNOWN/NA,UNKNOWN/NA,N,UNKNOWN/NA,,,1,,,,,,,,,,,,,,,,,Y,FRONT,,,,,,,,,,,,,,,,,,,,,,,,,,,,,,,,,
2123277,b99aab624b820d343ee3367d73a82d17b766346ed00e2220e79d4b2cb6eb31189f73e8ea0b6bd1d21221e5ae7404fa5ac2488142f1c76572784a79ae0b4679bb,08/07/2025 04:00:00 AM,2,PARKED,,2024134,,MAZDA,CX-5,IL,2021,NONE,SPORT UTILITY VEHICLE (SUV),PERSONAL,N,PARKED,,,0,,,,,,,,,,,,Y,Y,,,,,SIDE-LEFT,,,,,,,,,,,,,,,,,,,,,,,,,,,,,,,,,
2123299,35eadc9abcfa9e4234b75c2a47c51da7aa7a359d4c3f0dbb2682fd4400a4379931630deed080bdbf45fc6af0110281a8d6afcd3a8675d399ff5f9b2d59d26162,08/07/2025 03:35:00 AM,1,DRIVER,,2024151,,UNKNOWN,OTHER (EXPLAIN IN NARRATIVE),XX,2000,UNKNOWN,UNKNOWN/NA,UNKNOWN/NA,UNKNOWN,UNKNOWN/NA,,,1,,,,,Y,Y,Y,,,,,,,,,,,SIDE-RIGHT,,,,,,,,,,,,,,,,,,,,,,,,,,,,,,,,,
2123300,35eadc9abcfa9e4234b75c2a47c51da7aa7a359d4c3f0dbb2682fd4400a4379931630deed080bdbf45fc6af0110281a8d6afcd3a8675d399ff5f9b2d59d26162,08/07/2025 03:35:00 AM,2,PARKED,,2024156,,VOLKSWAGEN,PASSAT,IL,2020,NONE,PASSENGER,NOT IN USE,W,PARKED,,,0,,,,,,,,,,,Y,Y,,N,N,,,SIDE-LEFT-REAR,,,,,,,,,,,,,,,,,,,,,,,,,,,,,,,,,
2123211,b8776c334ad72da2cd0fa8a3a4ac8cea57a9cccf28ed8b00953384b6e3189d2b2952c0022605aef87a670d5f9f4e120bfbd50e3f22a86d8be322814586f7c2b7,08/07/2025 03:17:00 AM,1,DRIVER,2,2024073,,CHEVROLET,EQUINOX,IL,2019,UNKNOWN,PASSENGER,PERSONAL,N,STRAIGHT AHEAD,Y,,3,,CITY OF CHICAGO,POUND 2,,Y,,,,Y,,,,,,Y,Y,,FRONT,,,,,,,,,,,,,,,,,,,,,,,,,,,,,,,,,
2123202,064384617818bbaab57fd4e888fca5fdfe0a74dff906eac0cc608ebc77f5f900e5f2cf575ca0c15031c410444e5b033eecac5d6350f4c07a9ded02f525efeaf9,08/07/2025 02:30:00 AM,1,DRIVER,1,2024062,,FORD,FUSION,IL,2010,UNKNOWN,PASSENGER,PERSONAL,N,UNKNOWN/NA,Y,,2,,STREETS AND SANITATION,IMPOUND #2,,,,,,N,N,N,,,,Y,Y,,FRONT,,,,,,,,,,,,,,,,,,,,,,,,,,,,,,,,,
2123203,064384617818bbaab57fd4e888fca5fdfe0a74dff906eac0cc608ebc77f5f900e5f2cf575ca0c15031c410444e5b033eecac5d6350f4c07a9ded02f525efeaf9,08/07/2025 02:30:00 AM,2,PARKED,,2024063,,TOYOTA,CAMRY,IL,2003,UNKNOWN,PASSENGER,PERSONAL,N,PARKED,,,0,,,,,,,,,Y,Y,Y,,,,,,,REAR,,,,,,,,,,,,,,,,,,,,,,,,,,,,,,,,,
2123199,b06afcbd5c69ea9ad614e5294fd129ddbc21b501fa1980f150a7ed30b80aef5aa63891b2bd3b06c15422567a570d8bbb14532a8a74804b72f0d16cdc3344d702,08/07/2025 01:20:00 AM,1,DRIVER,,2024056,,JEEP,COMPASS,IL,2014,UNKNOWN,PASSENGER,PERSONAL,N,TURNING RIGHT,Y,,1,,PRIVATE,,,Y,,,,,,,,,,Y,Y,,FRONT,,,,,,,,,,,,,,,,,,,,,,,,,,,,,,,,,
2123200,b06afcbd5c69ea9ad614e5294fd129ddbc21b501fa1980f150a7ed30b80aef5aa63891b2bd3b06c15422567a570d8bbb14532a8a74804b72f0d16cdc3344d702,08/07/2025 01:20:00 AM,2,PARKED,,2024057,,NISSAN,MAXIMA,WI,2017,UNKNOWN,PASSENGER,PERSONAL,W,PARKED,,,0,,,,,Y,,,,Y,Y,Y,,,,Y,Y,,FRONT,,,,,,,,,,,,,,,,,,,,,,,,,,,,,,,,,
2123201,b06afcbd5c69ea9ad614e5294fd129ddbc21b501fa1980f150a7ed30b80aef5aa63891b2bd3b06c15422567a570d8bbb14532a8a74804b72f0d16cdc3344d702,08/07/2025 01:20:00 AM,3,PARKED,,2024059,,HONDA,ACCORD,IL,2013,UNKNOWN,PASSENGER,PERSONAL,W,PARKED,,,0,,,,,Y,,,,Y,Y,Y,,,,Y,Y,,FRONT,,,,,,,,,,,,,,,,,,,,,,,,,,,,,,,,,
2123204,fa5e203dbb4a13973fad2c50b80ab39b0c7a0ea787c5508d666c727f3b9a6c79ae3cd3d6bf70d840de3704648903b6130d677a220d9c6b08437583d45a1dc95a,08/07/2025 12:30:00 AM,1,DRIVER,,2024065,,UNKNOWN,ENCLOSED BODY,IL,,UNKNOWN,UNKNOWN/NA,UNKNOWN/NA,S,UNKNOWN/NA,,,1,,,,,,,,,,,,,,,N,N,,FRONT-LEFT-CORNER,,,,,,,,,,,,,,,,,,,,,,,,,,,,,,,,,
2123205,fa5e203dbb4a13973fad2c50b80ab39b0c7a0ea787c5508d666c727f3b9a6c79ae3cd3d6bf70d840de3704648903b6130d677a220d9c6b08437583d45a1dc95a,08/07/2025 12:30:00 AM,2,PARKED,,2024064,,HONDA,ODYSSEY,IL,2012,NONE,PASSENGER,PERSONAL,S,PARKED,,,0,,,,,,,Y,Y,Y,Y,Y,,,,,,,REAR-RIGHT-CORNER,,,,,,,,,,,,,,,,,,,,,,,,,,,,,,,,,
2127007,49d34754b734d203549b861d63951d5a234e0c33bc92e4ea867492571adfbbd471a1020679edfd9a074ba6ff2e3dcbea6aa4515ea31d13ad0c006b95a0cfad08,08/07/2025 12:24:00 AM,1,DRIVER,,2027657,,MITSUBISHI,OUTLANDER,IA,2024,NONE,PASSENGER,PERSONAL,NE,PASSING/OVERTAKING,,,1,,,,,,,,,,,,,,,,,Y,UNKNOWN,,,,,,,,,,,,,,,,,,,,,,,,,,,,,,,,,
2127008,49d34754b734d203549b861d63951d5a234e0c33bc92e4ea867492571adfbbd471a1020679edfd9a074ba6ff2e3dcbea6aa4515ea31d13ad0c006b95a0cfad08,08/07/2025 12:24:00 AM,2,PARKED,,2027658,,FORD,EXPLORER,IL,2020,NONE,SPORT UTILITY VEHICLE (SUV),POLICE,NE,PARKED,,,0,,,,,N,Y,Y,,,,,,,,,,,SIDE-RIGHT,,,,,,,,,,,,,,,,,,,,,,,,,,,,,,,,,
2123194,8874ac8edcf59711dc4af0148a1f70fff8a287eb0698128dba8e60c5864087db020e970280012d9d2ce3556e2890ab2e8c7a7a1f00bfa6ea6b953c0e4164b6d1,08/07/2025 12:00:00 AM,1,DRIVER,,2024050,,UNKNOWN,MOTORIZED,IL,,UNKNOWN,UNKNOWN/NA,UNKNOWN/NA,W,PASSING/OVERTAKING,,,1,,,,,,,,,,,,,,,,,Y,UNKNOWN,,,,,,,,,,,,,,,,,,,,,,,,,,,,,,,,,
2123195,8874ac8edcf59711dc4af0148a1f70fff8a287eb0698128dba8e60c5864087db020e970280012d9d2ce3556e2890ab2e8c7a7a1f00bfa6ea6b953c0e4164b6d1,08/07/2025 12:00:00 AM,2,PARKED,,2024052,,CHEVROLET,SILVERADO,IL,2011,NONE,PICKUP,NOT IN USE,W,PARKED,Y,,0,,,,,,,,,,,,Y,Y,Y,Y,,,SIDE-LEFT,,,,,,,,,,,,,,,,,,,,,,,,,,,,,,,,,
2123196,8874ac8edcf59711dc4af0148a1f70fff8a287eb0698128dba8e60c5864087db020e970280012d9d2ce3556e2890ab2e8c7a7a1f00bfa6ea6b953c0e4164b6d1,08/07/2025 12:00:00 AM,3,PARKED,,2024054,,TOYOTA,SIENNA,IL,2009,NONE,VAN/MINI-VAN,NOT IN USE,W,PARKED,,,0,,,,,,,,,,,,Y,Y,Y,,,,SIDE-LEFT,,,,,,,,,,,,,,,,,,,,,,,,,,,,,,,,,
2123192,4fbf4a8ec0009f4aac610e16a45247c49a5c8315ebb80623eb517b68931b8c381d760bd9cfddda46d1fed8e370a839e6d9ade3c6853f5b9cd995867da5819f7d,08/06/2025 11:48:00 PM,1,DRIVER,,2024055,,UNKNOWN,OTHER (EXPLAIN IN NARRATIVE),,,UNKNOWN,PASSENGER,UNKNOWN/NA,N,STRAIGHT AHEAD,,,1,,,,,Y,,,,,,,,,,Y,Y,,FRONT,,,,,,,,,,,,,,,,,,,,,,,,,,,,,,,,,
2123193,4fbf4a8ec0009f4aac610e16a45247c49a5c8315ebb80623eb517b68931b8c381d760bd9cfddda46d1fed8e370a839e6d9ade3c6853f5b9cd995867da5819f7d,08/06/2025 11:48:00 PM,2,BICYCLE,,,,,,,,,,,,,,,,,,,,,,,,,,,,,,,,,,,,,,,,,,,,,,,,,,,,,,,,,,,,,,,,,,
2123190,11cf8d62735135fb5ee05d39643693610ecc3d6e65e4798f0c04f30705115a60aa65e9e5656488f8fa329de072624b852e69a925c00569f8797496bd097f0ec2,08/06/2025 11:45:00 PM,1,DRIVER,,2024046,,CHEVROLET,SILVERADO,IL,1997,OTHER,PICKUP,PERSONAL,E,BACKING,,,1,,,,,,,,,,Y,,,,,,,,REAR,,,,,,,,,,,,,,,,,,,,,,,,,,,,,,,,,
2123191,11cf8d62735135fb5ee05d39643693610ecc3d6e65e4798f0c04f30705115a60aa65e9e5656488f8fa329de072624b852e69a925c00569f8797496bd097f0ec2,08/06/2025 11:45:00 PM,2,PARKED,,2024047,,MERCEDES-BENZ,C300,IL,2009,UNKNOWN,PASSENGER,UNKNOWN/NA,UNKNOWN,PARKED,,,0,,,,,,,,,,,,,,,,Y,,FRONT,,,,,,,,,,,,,,,,,,,,,,,,,,,,,,,,,
2123184,a5a606fc1b4e6af08648efc07f16ba24d58d93321af5b84426878ca1668f5df713f76dad8baf9ae6bc706a4091b7087123ed1a13a0f6562563a0b609259e8671,08/06/2025 11:45:00 PM,1,DRIVER,,2024035,,CHEVROLET,EQUINOX,IL,2012,UNKNOWN,PASSENGER,PERSONAL,N,STRAIGHT AHEAD,Y,,1,,UNKNOWN,UNKNOWN,,Y,,,,,,,,,,Y,Y,,FRONT,,,,,,,,,,,,,,,,,,,,,,,,,,,,,,,,,
2123185,a5a606fc1b4e6af08648efc07f16ba24d58d93321af5b84426878ca1668f5df713f76dad8baf9ae6bc706a4091b7087123ed1a13a0f6562563a0b609259e8671,08/06/2025 11:45:00 PM,2,DRIVER,,2024043,,HONDA,ACCORD,IL,2007,UNKNOWN,PASSENGER,PERSONAL,E,STRAIGHT AHEAD,Y,,1,,UNKNOWN,UNKNOWN,,Y,Y,Y,Y,,,,,,,,,,FRONT-RIGHT-CORNER,,,,,,,,,,,,,,,,,,,,,,,,,,,,,,,,,
2123186,20c43c94b5676c16edf2f6945bf57dd79a297f0478c893f3b144f245e85313780b415664e554254f55e32a01e022628321b8233ab304bc784f332560907bcc53,08/06/2025 11:24:00 PM,1,DRIVER,1,2024039,,HYUNDAI,SONATA,IL,2013,UNKNOWN,PASSENGER,PERSONAL,N,TURNING RIGHT,Y,,2,,PRIVATE,,,Y,,,,,,,,,,Y,Y,,FRONT,,,,,,,,,,,,,,,,,,,,,,,,,,,,,,,,,
2123187,20c43c94b5676c16edf2f6945bf57dd79a297f0478c893f3b144f245e85313780b415664e554254f55e32a01e022628321b8233ab304bc784f332560907bcc53,08/06/2025 11:24:00 PM,2,DRIVER,1,2024045,,CHEVROLET,IMPALA,IL,2012,UNKNOWN,PASSENGER,PERSONAL,E,STRAIGHT AHEAD,,,2,,,,,,Y,Y,Y,,,,,,,,,,SIDE-RIGHT-REAR,,,,,,,,,,,,,,,,,,,,,,,,,,,,,,,,,
2123206,9b7d98910c747e44d51d029e0fb6fba41c4290933c59b633887882372bf66baa1cf0a50947e945d061462ec6693dd1afe8639b6aa0236c7a54a2f63938ddf203,08/06/2025 11:14:00 PM,1,DRIVER,,2024066,,JEEP,COMPASS,IL,2018,UNKNOWN,PASSENGER,PERSONAL,E,STRAIGHT AHEAD,Y,,1,,PERSONAL,PERSONAL,,Y,Y,N,N,N,,,,,Y,Y,Y,,FRONT,,,,,,,,,,,,,,,,,,,,,,,,,,,,,,,,,
2123207,9b7d98910c747e44d51d029e0fb6fba41c4290933c59b633887882372bf66baa1cf0a50947e945d061462ec6693dd1afe8639b6aa0236c7a54a2f63938ddf203,08/06/2025 11:14:00 PM,2,DRIVER,,2024067,,CHEVROLET,CRUZE,IL,2016,UNKNOWN,PASSENGER,PERSONAL,S,STRAIGHT AHEAD,Y,,1,,PERSONAL,PERSONAL,,Y,Y,Y,Y,Y,,,,,,,Y,,SIDE-RIGHT,,,,,,,,,,,,,,,,,,,,,,,,,,,,,,,,,
2123208,9b7d98910c747e44d51d029e0fb6fba41c4290933c59b633887882372bf66baa1cf0a50947e945d061462ec6693dd1afe8639b6aa0236c7a54a2f63938ddf203,08/06/2025 11:14:00 PM,3,PARKED,,2024068,,TOYOTA,CAMRY,IL,2014,UNKNOWN,PASSENGER,NOT IN USE,UNKNOWN,PARKED,,,0,,,,,Y,,,,,,,,,Y,Y,Y,,FRONT,,,,,,,,,,,,,,,,,,,,,,,,,,,,,,,,,
2123188,5e24b996f4f515a527c420f7e338d7885a1a566a9d33f555bd36ba27a5c1f9335bd76c52eb7fa87a6b767c2a7f4ea2cdfcf6332d71e19d41715e9b4696200a20,08/06/2025 11:13:00 PM,1,DRIVER,,2024041,,TOYOTA,COROLLA,IN,2025,NONE,PASSENGER,COMMERCIAL - SINGLE UNIT,W,TURNING RIGHT,,,1,,,,,Y,Y,Y,Y,Y,,,,,,,,,REAR-RIGHT-CORNER,,,,,,,,,,,,,,,,,,,,,,,,,,,,,,,,,
2123189,5e24b996f4f515a527c420f7e338d7885a1a566a9d33f555bd36ba27a5c1f9335bd76c52eb7fa87a6b767c2a7f4ea2cdfcf6332d71e19d41715e9b4696200a20,08/06/2025 11:13:00 PM,2,DRIVER,1,2024049,,DODGE,CHARGER,IL,2014,UNKNOWN,PASSENGER,PERSONAL,W,STRAIGHT AHEAD,,,2,,,,,,,,,,,,,,,Y,,,FRONT-RIGHT-CORNER,,,,,,,,,,,,,,,,,,,,,,,,,,,,,,,,,
2123163,cbd018f0e40263e911af61c0a39eca1525e93bb6e81303d0c7cc0e1d4feff286545bf1e776cd527d3cfbf00aec612b1a21758958629a23a260a2c0f7759511ff,08/06/2025 10:55:00 PM,1,DRIVER,,2024019,,FORD,F350,IL,2003,UNKNOWN,VAN/MINI-VAN,PERSONAL,E,STRAIGHT AHEAD,,,1,,,,,Y,,,,,,,,,,Y,Y,,FRONT,,,,,,,,,,,,,,,,,,,,,,,,,,,,,,,,,
2123164,cbd018f0e40263e911af61c0a39eca1525e93bb6e81303d0c7cc0e1d4feff286545bf1e776cd527d3cfbf00aec612b1a21758958629a23a260a2c0f7759511ff,08/06/2025 10:55:00 PM,2,DRIVER,,2024023,,HONDA,CIVIC,IL,2013,UNKNOWN,PASSENGER,PERSONAL,E,STRAIGHT AHEAD,,,1,,,,,,,,,Y,Y,Y,,,,,,,REAR,,,,,,,,,,,,,,,,,,,,,,,,,,,,,,,,,
2127982,8cd79d881aa3f1ee302f3b2a67dfefaaf50137a6953cee0deac1aca7dc77406d328280dfdd92e6a6e8a6b88372920b759f259aaea1f532ca51eddafeab6e3db9,08/06/2025 10:50:00 PM,1,DRIVER,,2028590,,UNKNOWN,OTHER (EXPLAIN IN NARRATIVE),IL,,UNKNOWN,UNKNOWN/NA,UNKNOWN/NA,E,STRAIGHT AHEAD,,,1,,,,,,,,,,,,,,,,,Y,UNKNOWN,,,,,,,,,,,,,,,,,,,,,,,,,,,,,,,,,
2127983,8cd79d881aa3f1ee302f3b2a67dfefaaf50137a6953cee0deac1aca7dc77406d328280dfdd92e6a6e8a6b88372920b759f259aaea1f532ca51eddafeab6e3db9,08/06/2025 10:50:00 PM,2,DRIVER,,2028595,,JEEP,GRAND CHEROKEE,IL,2014,UNKNOWN,SPORT UTILITY VEHICLE (SUV),PERSONAL,E,STRAIGHT AHEAD,Y,,1,,owner,,,,,,,,,Y,Y,Y,Y,,,,REAR-LEFT-CORNER,,,,,,,,,,,,,,,,,,,,,,,,,,,,,,,,,
2123171,49ac68768918167117d3ab21d0262333445e14f595184638312e440d030aa026d677ca78066bf3dc62d714b9db02157876692334ed4a7a59001835a627aacc12,08/06/2025 10:43:00 PM,1,DRIVER,,2024031,,HONDA,CIVIC,IL,2009,NONE,PASSENGER,PERSONAL,E,TURNING LEFT,,,1,,,,,,,,,,,,,,,,Y,,FRONT,,,,,,,,,,,,,,,,,,,,,,,,,,,,,,,,,
2123172,49ac68768918167117d3ab21d0262333445e14f595184638312e440d030aa026d677ca78066bf3dc62d714b9db02157876692334ed4a7a59001835a627aacc12,08/06/2025 10:43:00 PM,2,BICYCLE,,,,,,,,,,,,,,,,,,,,,,,,,,,,,,,,,,,,,,,,,,,,,,,,,,,,,,,,,,,,,,,,,,
2123177,5ba6dcdbbf936d5450a9e91c9e4a9c25fc9d84c41c60860a216a803071694e7e24e014514024a56bdf883789a4060bf1502d0b38cb34ff94613b5a9c52cbc710,08/06/2025 10:40:00 PM,1,DRIVER,1,2024032,,GENERAL MOTORS CORPORATION (GMC),TERRAIN,IL,2019,NONE,SPORT UTILITY VEHICLE (SUV),PERSONAL,W,STRAIGHT AHEAD,Y,,2,,CITY OF CHICAGO,POUND #2,,,,,,,,,,,Y,Y,,,FRONT-LEFT-CORNER,,,,,,,,,,,,,,,,,,,,,,,,,,,,,,,,,
2123178,5ba6dcdbbf936d5450a9e91c9e4a9c25fc9d84c41c60860a216a803071694e7e24e014514024a56bdf883789a4060bf1502d0b38cb34ff94613b5a9c52cbc710,08/06/2025 10:40:00 PM,2,PARKED,,2024034,,FORD,EDGE,IN,2008,UNKNOWN,SPORT UTILITY VEHICLE (SUV),UNKNOWN/NA,W,PARKED,,,0,,,,,,,Y,Y,Y,,,,,,,,,REAR-RIGHT-CORNER,,,,,,,,,,,,,,,,,,,,,,,,,,,,,,,,,
2123173,26d1b5c5bd4a4e336dc6a2f42075e2108acec9a20bb9632bc53f5dd745114c2fbafa3fac47ea82cd080bd7ebde8db743d35614a0d55c3a24b00803d8fe8b616b,08/06/2025 10:35:00 PM,1,DRIVER,1,2024033,,MITSUBISHI,ECLIPSE,IN,2019,UNKNOWN,SPORT UTILITY VEHICLE (SUV),UNKNOWN/NA,S,STRAIGHT AHEAD,Y,,2,,PRIVATE,UNK,,,,,,,,,,,,,Y,,FRONT,,,,,,,,,,,,,,,,,,,,,,,,,,,,,,,,,
2123174,26d1b5c5bd4a4e336dc6a2f42075e2108acec9a20bb9632bc53f5dd745114c2fbafa3fac47ea82cd080bd7ebde8db743d35614a0d55c3a24b00803d8fe8b616b,08/06/2025 10:35:00 PM,2,DRIVER,1,2024038,,CHEVROLET,OTHER (EXPLAIN IN NARRATIVE),WI,2020,UNKNOWN,PASSENGER,UNKNOWN/NA,S,STRAIGHT AHEAD,Y,,2,,CITY,UNK,,,,,,,Y,,,,,,Y,,REAR,,,,,,,,,,,,,,,,,,,,,,,,,,,,,,,,,
2123175,26d1b5c5bd4a4e336dc6a2f42075e2108acec9a20bb9632bc53f5dd745114c2fbafa3fac47ea82cd080bd7ebde8db743d35614a0d55c3a24b00803d8fe8b616b,08/06/2025 10:35:00 PM,3,DRIVER,2,2024042,,HONDA,CIVIC,IL,2009,UNKNOWN,PASSENGER,UNKNOWN/NA,S,STRAIGHT AHEAD,Y,,3,,CITY,UNK,,,,,,,Y,,,,,,Y,,REAR,,,,,,,,,,,,,,,,,,,,,,,,,,,,,,,,,
2123176,26d1b5c5bd4a4e336dc6a2f42075e2108acec9a20bb9632bc53f5dd745114c2fbafa3fac47ea82cd080bd7ebde8db743d35614a0d55c3a24b00803d8fe8b616b,08/06/2025 10:35:00 PM,4,DRIVER,1,2024048,,TESLA,MODEL 3,IL,2021,UNKNOWN,PASSENGER,UNKNOWN/NA,S,STRAIGHT AHEAD,,,2,,,,,,,,,,Y,,,,,,,,REAR,,,,,,,,,,,,,,,,,,,,,,,,,,,,,,,,,
2123167,af24c9e27c32e16f368a861fd279ca0d2b8b8075a5ab33d974c10512179980842ae6285cb96e3f8f2e11f1ca3968203326560cd6c2f1a40777bc438cc79f5625,08/06/2025 10:30:00 PM,1,DRIVER,,2024025,,FORD,FIESTA,IL,2019,UNKNOWN,PASSENGER,PERSONAL,N,TURNING LEFT,Y,,1,,PERSONAL TOW,PERSONAL TOW,,,,,,,,Y,Y,Y,Y,,,,SIDE-LEFT,,,,,,,,,,,,,,,,,,,,,,,,,,,,,,,,,
2123168,af24c9e27c32e16f368a861fd279ca0d2b8b8075a5ab33d974c10512179980842ae6285cb96e3f8f2e11f1ca3968203326560cd6c2f1a40777bc438cc79f5625,08/06/2025 10:30:00 PM,2,DRIVER,1,2024028,,MAZDA,OTHER (EXPLAIN IN NARRATIVE),IL,2004,UNKNOWN,PASSENGER,PERSONAL,E,STRAIGHT AHEAD,,,2,,,,,Y,,,,,,,,,Y,Y,Y,,FRONT-LEFT-CORNER,,,,,,,,,,,,,,,,,,,,,,,,,,,,,,,,,
2123141,6aff7f39581c8a0b85d94fce025a3ce92c24b7187fea8bf0d38291f4adbf15c70d506287fd0b077c6bb5ab963326a09490a336f7a42bf0713550b0a377eebcc9,08/06/2025 10:25:00 PM,1,DRIVER,,2024000,,TOYOTA,CAMRY,IL,2011,UNKNOWN,PASSENGER,PERSONAL,E,STRAIGHT AHEAD,,,1,,,,,Y,Y,,,,,,,,,,Y,,FRONT-RIGHT-CORNER,,,,,,,,,,,,,,,,,,,,,,,,,,,,,,,,,
2123142,6aff7f39581c8a0b85d94fce025a3ce92c24b7187fea8bf0d38291f4adbf15c70d506287fd0b077c6bb5ab963326a09490a336f7a42bf0713550b0a377eebcc9,08/06/2025 10:25:00 PM,2,DRIVER,1,2024005,,JEEP,GRAND CHEROKEE,IL,2022,UNKNOWN,PASSENGER,PERSONAL,E,U-TURN,,,2,,,,,,,,,,,,,Y,Y,N,,,SIDE-LEFT,,,,,,,,,,,,,,,,,,,,,,,,,,,,,,,,,
2123678,6293b8acc3c80f126408ef9e89c14b8f9c08ba571f020f1b7686a9dcaf4e92b47685fbdcca31d53a4ccb4bac505c431ea6ff76a36e5a002dcfa720bd5d1546e3,08/06/2025 10:21:00 PM,1,DRIVER,,2024511,,NISSAN,SENTRA,IL,2022,UNKNOWN,PASSENGER,PERSONAL,E,MERGING,,,1,,,,,,,,,,,Y,Y,Y,Y,Y,,,SIDE-LEFT,,,,,,,,,,,,,,,,,,,,,,,,,,,,,,,,,
2123679,6293b8acc3c80f126408ef9e89c14b8f9c08ba571f020f1b7686a9dcaf4e92b47685fbdcca31d53a4ccb4bac505c431ea6ff76a36e5a002dcfa720bd5d1546e3,08/06/2025 10:21:00 PM,2,DRIVER,1,2024512,,TOYOTA,SIENNA,IL,2015,NONE,PASSENGER,TAXI/FOR HIRE,E,STRAIGHT AHEAD,,,2,,,,,Y,Y,Y,Y,Y,,,,,,,,,SIDE-RIGHT,,,,,,,,,,,,,,,,,,,,,,,,,,,,,,,,,
2123179,25d9a02eabb62940bc3582f694bd61cbca220e9d9cb57ee545969c045d6924407f5d3b1ad1346726834b8743c5648f85f5b008f4b1395878886091cf7a8c6807,08/06/2025 10:19:00 PM,1,DRIVER,,2024060,,FORD,F250,IL,1999,UNKNOWN,UNKNOWN/NA,UNKNOWN/NA,W,UNKNOWN/NA,Y,,1,,CITY TOW,103 DOTY,,Y,Y,,,,,,,,,,Y,,FRONT-RIGHT-CORNER,,,,,,,,,,,,,,,,,,,,,,,,,,,,,,,,,
2123180,25d9a02eabb62940bc3582f694bd61cbca220e9d9cb57ee545969c045d6924407f5d3b1ad1346726834b8743c5648f85f5b008f4b1395878886091cf7a8c6807,08/06/2025 10:19:00 PM,2,PARKED,,2024058,,NISSAN,SENTRA,IL,2010,UNKNOWN,PASSENGER,PERSONAL,W,PARKED,,,0,,,,,,,,,,,N,Y,Y,Y,,,,SIDE-LEFT-REAR,,,,,,,,,,,,,,,,,,,,,,,,,,,,,,,,,
2123181,25d9a02eabb62940bc3582f694bd61cbca220e9d9cb57ee545969c045d6924407f5d3b1ad1346726834b8743c5648f85f5b008f4b1395878886091cf7a8c6807,08/06/2025 10:19:00 PM,3,PARKED,,2024061,,DODGE,CHARGER,IL,2006,UNKNOWN,PASSENGER,PERSONAL,W,PARKED,,,0,,,,,,,,,,,,Y,Y,Y,,,,SIDE-LEFT,,,,,,,,,,,,,,,,,,,,,,,,,,,,,,,,,