CRASH_UNIT_ID,CRASH_RECORD_ID,CRASH_DATE,UNIT_NO,UNIT_TYPE,NUM_PASSENGERS,VEHICLE_ID,CMRC_VEH_I,MAKE,MODEL,LIC_PLATE_STATE,VEHICLE_YEAR,VEHICLE_DEFECT,VEHICLE_TYPE,VEHICLE_USE,TRAVEL_DIRECTION,MANEUVER,TOWED_I,FIRE_I,OCCUPANT_CNT,EXCEED_SPEED_LIMIT_I,TOWED_BY,TOWED_TO,AREA_00_I,AREA_01_I,AREA_02_I,AREA_03_I,AREA_04_I,AREA_05_I,AREA_06_I,AREA_07_I,AREA_08_I,AREA_09_I,AREA_10_I,AREA_11_I,AREA_12_I,AREA_99_I,FIRST_CONTACT_POINT,CMV_ID,USDOT_NO,CCMC_NO,ILCC_NO,COMMERCIAL_SRC,GVWR,CARRIER_NAME,CARRIER_STATE,CARRIER_CITY,HAZMAT_PLACARDS_I,HAZMAT_NAME,UN_NO,HAZMAT_PRESENT_I,HAZMAT_REPORT_I,HAZMAT_REPORT_NO,MCS_REPORT_I,MCS_REPORT_NO,HAZMAT_VIO_CAUSE_CRASH_I,MCS_VIO_CAUSE_CRASH_I,IDOT_PERMIT_NO,WIDE_LOAD_I,TRAILER1_WIDTH,TRAILER2_WIDTH,TRAILER1_LENGTH,TRAILER2_LENGTH,TOTAL_VEHICLE_LENGTH,AXLE_CNT,VEHICLE_CONFIG,CARGO_BODY_TYPE,LOAD_TYPE,HAZMAT_OUT_OF_SERVICE_I,MCS_OUT_OF_SERVICE_I,HAZMAT_CLASS
2123151,e3c5e1ece39058c88119752a5e5d31aff0cc74fce0a4424f0c30a4b307a0fb7695e10f1d802413df6c142df3449e090307105fe48de90ff98c0ddce271b52db5,08/06/2025 10:15:00 PM,1,DRIVER,,2024027,,"EZ TOW MANUFACTURING COMPANY (MADISON, CT)","EZ TOW MANUFACTURING CO., MADISON, CT",,2015,UNKNOWN,TRACTOR W/ SEMI-TRAILER,TOW TRUCK,W,BACKING,,,1,,,,,,,,,,,,,,,,,,FRONT-LEFT-CORNER,,,,,,,,,,,,,,,,,,,,,,,,,,,,,,,,,
2123152,e3c5e1ece39058c88119752a5e5d31aff0cc74fce0a4424f0c30a4b307a0fb7695e10f1d802413df6c142df3449e090307105fe48de90ff98c0ddce271b52db5,08/06/2025 10:15:00 PM,2,PARKED,,2024030,,SUBARU,CROSSTREK,IL,2019,UNKNOWN,PASSENGER,PERSONAL,N,PARKED,,,0,,,,,,,,,Y,Y,Y,,,,,,,REAR-LEFT-CORNER,,,,,,,,,,,,,,,,,,,,,,,,,,,,,,,,,
2123143,e10c1e86646969a2f3bff3f5d0a116a89d2c7a52f959857d1c5fc404c66e426cf58d15a6c113a8a58cf66e233ce1c485f44b4849e643345d51a97cc4ae103e55,08/06/2025 09:55:00 PM,1,DRIVER,1,2023999,,UNKNOWN,OTHER (EXPLAIN IN NARRATIVE),IL,,UNKNOWN,UNKNOWN/NA,PERSONAL,W,TURNING RIGHT,,,2,,,,,,,,,,,,,,,,,Y,FRONT-LEFT-CORNER,,,,,,,,,,,,,,,,,,,,,,,,,,,,,,,,,
2123144,e10c1e86646969a2f3bff3f5d0a116a89d2c7a52f959857d1c5fc404c66e426cf58d15a6c113a8a58cf66e233ce1c485f44b4849e643345d51a97cc4ae103e55,08/06/2025 09:55:00 PM,2,DRIVER,,2024003,,BUICK,ENCLAVE,IL,2017,UNKNOWN,SPORT UTILITY VEHICLE (SUV),PERSONAL,W,TURNING RIGHT,,,1,,,,,Y,Y,Y,Y,Y,,,,,,,,Y,SIDE-LEFT,,,,,,,,,,,,,,,,,,,,,,,,,,,,,,,,,
2123153,852d405e9c02f2894098f2c6059ab066003f04e2db4c84021655799183412b970ecd14ca1a3babc5475a35fa4a45709fbe7e1c0a2d5dbafff1ad4ee5299aca72,08/06/2025 09:50:00 PM,1,DRIVER,,2024014,,TOYOTA,SIENNA,IL,2021,NONE,PASSENGER,RIDESHARE SERVICE,E,STRAIGHT AHEAD,,,1,,,,,Y,,,,,,,,,,Y,Y,,FRONT,,,,,,,,,,,,,,,,,,,,,,,,,,,,,,,,,
2123154,852d405e9c02f2894098f2c6059ab066003f04e2db4c84021655799183412b970ecd14ca1a3babc5475a35fa4a45709fbe7e1c0a2d5dbafff1ad4ee5299aca72,08/06/2025 09:50:00 PM,2,DRIVER,,2024020,,TOYOTA,SIENNA,IL,2022,NONE,PASSENGER,TAXI/FOR HIRE,N,STARTING IN TRAFFIC,,,1,,,,,,,,,,Y,Y,Y,,,,,,REAR-LEFT-CORNER,,,,,,,,,,,,,,,,,,,,,,,,,,,,,,,,,
2124852,81988c32cb406b0aaed0abb4d5b4fba8b06791bb4ab9c3b95d42b016589d91174575fc301c0c94b65b4d7e6f2969fdb19b64f61f69eff6f73611529a4b1d0a07,08/06/2025 09:33:00 PM,1,DRIVER,1,2025620,,KIA,SPORTAGE,IL,2018,NONE,PASSENGER,PERSONAL,S,MERGING,,,2,,,,,Y,Y,Y,,,,,,,,Y,Y,,FRONT-RIGHT-CORNER,,,,,,,,,,,,,,,,,,,,,,,,,,,,,,,,,
2124853,81988c32cb406b0aaed0abb4d5b4fba8b06791bb4ab9c3b95d42b016589d91174575fc301c0c94b65b4d7e6f2969fdb19b64f61f69eff6f73611529a4b1d0a07,08/06/2025 09:33:00 PM,2,DRIVER,2,2025631,,CHEVROLET,COLORADO,IL,2024,NONE,PICKUP,PERSONAL,S,TURNING RIGHT,,,3,,,,,,,,,,Y,Y,Y,Y,,,,,SIDE-LEFT-REAR,,,,,,,,,,,,,,,,,,,,,,,,,,,,,,,,,
2123165,7fd7a8ccd4271d6514c2e46550517675cbabc09956eeb0dddad2e3e467252892c7754f2f4c2099752964074652ad5521a720d4c633bb2dc2474e35b6eaf42d6c,08/06/2025 09:30:00 PM,1,DRIVER,,2024022,,UNKNOWN,OTHER (EXPLAIN IN NARRATIVE),,,UNKNOWN,UNKNOWN/NA,UNKNOWN/NA,UNKNOWN,UNKNOWN/NA,,,1,,,,,,,,,,,,,,,,,,UNKNOWN,,,,,,,,,,,,,,,,,,,,,,,,,,,,,,,,,
2123166,7fd7a8ccd4271d6514c2e46550517675cbabc09956eeb0dddad2e3e467252892c7754f2f4c2099752964074652ad5521a720d4c633bb2dc2474e35b6eaf42d6c,08/06/2025 09:30:00 PM,2,PARKED,,2024024,,CHEVROLET,CAMARO,IL,2014,NONE,PASSENGER,PERSONAL,E,PARKED,Y,,0,,TBD,TBD,,,,,,,,Y,Y,Y,Y,Y,,,SIDE-LEFT,,,,,,,,,,,,,,,,,,,,,,,,,,,,,,,,,
2123131,e950a86ec5a10bb94c34cbc14bdaad9702d94a73730ce5430ba5b80a851302a7025085ff9ae3d67d5fb913e7522cbe310374d61f575ad90f03b3cb54243fba70,08/06/2025 09:30:00 PM,1,DISABLED VEHICLE,,2024011,,CHEVROLET,BOLT,IL,2023,UNKNOWN,PASSENGER,PERSONAL,E,DISABLED,Y,,0,,PRIVATE,UNKNOWN,,,,,,Y,Y,Y,,,,,,,REAR,,,,,,,,,,,,,,,,,,,,,,,,,,,,,,,,,
2123132,e950a86ec5a10bb94c34cbc14bdaad9702d94a73730ce5430ba5b80a851302a7025085ff9ae3d67d5fb913e7522cbe310374d61f575ad90f03b3cb54243fba70,08/06/2025 09:30:00 PM,2,DRIVER,,2024002,,BUICK,LACROSSE,IL,2016,NONE,PASSENGER,PERSONAL,E,STRAIGHT AHEAD,,,1,,,,,Y,,,,,,,,,,Y,Y,,FRONT,,,,,,,,,,,,,,,,,,,,,,,,,,,,,,,,,
2123135,a740c33802be3f4d50691826c573dca10fcd245664580c08334009d4f563602455c34f71cb0ba56f33b231224ffc1a9f4e1379f4362a02f5aad32cc615e93304,08/06/2025 09:29:00 PM,1,DRIVER,2,2023994,,ACURA,ILX,IL,2020,UNKNOWN,PASSENGER,UNKNOWN/NA,E,STRAIGHT AHEAD,Y,,3,,city of chicago,pound 2,,Y,,,,,,Y,Y,Y,,Y,Y,,SIDE-LEFT,,,,,,,,,,,,,,,,,,,,,,,,,,,,,,,,,
2123136,a740c33802be3f4d50691826c573dca10fcd245664580c08334009d4f563602455c34f71cb0ba56f33b231224ffc1a9f4e1379f4362a02f5aad32cc615e93304,08/06/2025 09:29:00 PM,2,DRIVER,1,2024006,,HONDA,ACCORD,IL,2015,UNKNOWN,PASSENGER,PERSONAL,S,STRAIGHT AHEAD,Y,,2,,PRIVATE TOW,,,Y,,,,,,,,,,Y,Y,,FRONT,,,,,,,,,,,,,,,,,,,,,,,,,,,,,,,,,
2123159,08fb9fbb14701a9c995d9f36e15258b287952e60e44abb44e59df43e749050c2103fdf0725f3896544e2d04a4bc14b2028db2483daf49964d7bce7911289f376,08/06/2025 09:24:00 PM,1,DRIVER,,2024015,,BMW,530I,IL,2004,NONE,PASSENGER,PERSONAL,W,STRAIGHT AHEAD,,,1,,,,,,,,,,,,,,,Y,,,FRONT-LEFT-CORNER,,,,,,,,,,,,,,,,,,,,,,,,,,,,,,,,,
2123160,08fb9fbb14701a9c995d9f36e15258b287952e60e44abb44e59df43e749050c2103fdf0725f3896544e2d04a4bc14b2028db2483daf49964d7bce7911289f376,08/06/2025 09:24:00 PM,2,PEDESTRIAN,,,,,,,,,,,,,,,,,,,,,,,,,,,,,,,,,,,,,,,,,,,,,,,,,,,,,,,,,,,,,,,,,,
2123133,b36d90f4aad643c650ba4e9e533ba9f69a69090e4cf441cabd84abfad7fe3a5d27885ce510e107062192c66991afdc7f455a3f95baf35a0cd53ce958350d1029,08/06/2025 09:18:00 PM,1,DRIVER,1,2023990,,HONDA,FIT,OH,2011,NONE,PASSENGER,PERSONAL,S,TURNING RIGHT,,,2,,,,Y,,,,,,,,,,,,,,FRONT-RIGHT-CORNER,,,,,,,,,,,,,,,,,,,,,,,,,,,,,,,,,
2123134,b36d90f4aad643c650ba4e9e533ba9f69a69090e4cf441cabd84abfad7fe3a5d27885ce510e107062192c66991afdc7f455a3f95baf35a0cd53ce958350d1029,08/06/2025 09:18:00 PM,2,BICYCLE,,,,,,,,,,,,,,,,,,,,,,,,,,,,,,,,,,,,,,,,,,,,,,,,,,,,,,,,,,,,,,,,,,
2123197,76853b9c8bef30209bc9304de4837eee33f3a1b112eb1e71c1593ee0da331170b68b51b400754ab875226fe6719217134ad7ae97056b4dde60b7868ad8dc5de7,08/06/2025 09:15:00 PM,1,DRIVER,,2024051,,KAWASAKI,MOTORCYCLE,IL,2024,UNKNOWN,MOTORCYCLE (OVER 150CC),PERSONAL,N,OTHER,,,1,,,,,,,,,,,,,,Y,Y,Y,,UNKNOWN,,,,,,,,,,,,,,,,,,,,,,,,,,,,,,,,,
2123198,76853b9c8bef30209bc9304de4837eee33f3a1b112eb1e71c1593ee0da331170b68b51b400754ab875226fe6719217134ad7ae97056b4dde60b7868ad8dc5de7,08/06/2025 09:15:00 PM,2,DRIVER,1,2024053,,TOYOTA,CAMRY,IL,2008,UNKNOWN,PASSENGER,PERSONAL,E,OTHER,,,2,,,,,,,,Y,Y,,,,,,,,,REAR-RIGHT-CORNER,,,,,,,,,,,,,,,,,,,,,,,,,,,,,,,,,
2123126,e868d14f8767f9d4dc9f130d95f23af098f00b2aadd3266107aeea5df895437246c88369017fd42bcfd6bac76ca0f7a4ac6afdbb3064009702932957d746cd9a,08/06/2025 08:45:00 PM,1,DRIVER,,2024001,,FORD,EXPLORER,,2025,NONE,PASSENGER,PERSONAL,S,TURNING RIGHT,,,1,,,,,Y,,,,,,,,,,,,,FRONT-RIGHT-CORNER,,,,,,,,,,,,,,,,,,,,,,,,,,,,,,,,,
2123127,e868d14f8767f9d4dc9f130d95f23af098f00b2aadd3266107aeea5df895437246c88369017fd42bcfd6bac76ca0f7a4ac6afdbb3064009702932957d746cd9a,08/06/2025 08:45:00 PM,2,DRIVER,,2023987,,CHEVROLET,CAMARO,,2021,NONE,PASSENGER,PERSONAL,S,TURNING RIGHT,,,1,,,,,,,,,,,,,,,Y,,,FRONT-LEFT-CORNER,,,,,,,,,,,,,,,,,,,,,,,,,,,,,,,,,
2123109,e78f535691e42519a300fcd73726c49655c9b571ba9a4535d5eb5e3095dd4d69ab89bcf6db3802c8f75a9e48a49932c99decdf573d659b9359a162c2eb041bc3,08/06/2025 08:38:00 PM,1,DRIVER,1,2023971,,JEEP,WRANGLER,IL,2023,NONE,SPORT UTILITY VEHICLE (SUV),UNKNOWN/NA,N,STRAIGHT AHEAD,,,2,,,,,,,,,,,,,,,,,Y,UNKNOWN,,,,,,,,,,,,,,,,,,,,,,,,,,,,,,,,,
2123114,e78f535691e42519a300fcd73726c49655c9b571ba9a4535d5eb5e3095dd4d69ab89bcf6db3802c8f75a9e48a49932c99decdf573d659b9359a162c2eb041bc3,08/06/2025 08:38:00 PM,2,PEDESTRIAN,,,,,,,,,,,,,,,,,,,,,,,,,,,,,,,,,,,,,,,,,,,,,,,,,,,,,,,,,,,,,,,,,,
2123116,e78f535691e42519a300fcd73726c49655c9b571ba9a4535d5eb5e3095dd4d69ab89bcf6db3802c8f75a9e48a49932c99decdf573d659b9359a162c2eb041bc3,08/06/2025 08:38:00 PM,3,PEDESTRIAN,,,,,,,,,,,,,,,,,,,,,,,,,,,,,,,,,,,,,,,,,,,,,,,,,,,,,,,,,,,,,,,,,,
2123103,69ff0c6f4472cf2190b25d5ee7ee99d414dc9c57c2e6af66651fd960822b76b66994d8a02da8cf0e79538bd8d49d98355846c9c89cc94b6d5265d482c22b66cd,08/06/2025 08:37:00 PM,1,DRIVER,,2023970,,HONDA,ODYSSEY,IL,2003,UNKNOWN,VAN/MINI-VAN,PERSONAL,S,LEAVING TRAFFIC LANE TO PARK,,,1,,,,,,,,,Y,Y,Y,,,,,,,REAR,,,,,,,,,,,,,,,,,,,,,,,,,,,,,,,,,
2123104,69ff0c6f4472cf2190b25d5ee7ee99d414dc9c57c2e6af66651fd960822b76b66994d8a02da8cf0e79538bd8d49d98355846c9c89cc94b6d5265d482c22b66cd,08/06/2025 08:37:00 PM,2,PARKED,1,2023972,,CADILLAC,SRX,IL,2010,NONE,SPORT UTILITY VEHICLE (SUV),PERSONAL,S,PARKED,,,1,,,,,Y,,,,,,,,,,Y,Y,,FRONT,,,,,,,,,,,,,,,,,,,,,,,,,,,,,,,,,
2123105,5671a1b3c4b5f0239605257d2cb2ee68569885db973b08bc8ce2d2ebf3a62a961057ec8068fc301fb1be4e1ceef61c1d0f4fe14d4bf723a1ea3a373cceddb578,08/06/2025 08:24:00 PM,1,DRIVER,,2023978,,DODGE,CHARGER,IL,2018,NONE,PASSENGER,PERSONAL,S,STRAIGHT AHEAD,,,1,,,,,,,Y,,,,,,,,,,,SIDE-RIGHT,,,,,,,,,,,,,,,,,,,,,,,,,,,,,,,,,
2123106,5671a1b3c4b5f0239605257d2cb2ee68569885db973b08bc8ce2d2ebf3a62a961057ec8068fc301fb1be4e1ceef61c1d0f4fe14d4bf723a1ea3a373cceddb578,08/06/2025 08:24:00 PM,2,DRIVER,,2023976,,TOYOTA,COROLLA,IL,2019,NONE,PASSENGER,PERSONAL,S,STRAIGHT AHEAD,,,1,,,,,,,N,,,,,,Y,,,,,SIDE-LEFT,,,,,,,,,,,,,,,,,,,,,,,,,,,,,,,,,
2123849,38757580b2f0e8726d94de56a03b387252c65170da95f448defcee5ff84516d7b6485be2ae9a5884ad49c93727068bda34daaa7e518efb4f9d11e3f8c4e315dc,08/06/2025 08:18:00 PM,1,DRIVER,,2024684,,CHEVROLET,OTHER (EXPLAIN IN NARRATIVE),IL,2017,UNKNOWN,PASSENGER,PERSONAL,W,STRAIGHT AHEAD,,,1,,,,,,,,,,,,,,,,,,NONE,,,,,,,,,,,,,,,,,,,,,,,,,,,,,,,,,
2123850,38757580b2f0e8726d94de56a03b387252c65170da95f448defcee5ff84516d7b6485be2ae9a5884ad49c93727068bda34daaa7e518efb4f9d11e3f8c4e315dc,08/06/2025 08:18:00 PM,2,DRIVER,,2024688,,CHEVROLET,TRAX,WI,2024,NONE,PASSENGER,PERSONAL,W,STRAIGHT AHEAD,,,1,,,,,,,,,N,Y,N,,,,,,,REAR,,,,,,,,,,,,,,,,,,,,,,,,,,,,,,,,,
2123107,d4f4d7b7b20fa4ff51fad173d7c8579f65100c2faab4ef95008b1b60f40059fdc3a50e210e942b8752e69b98e5049415359295a99369bfa4db81beae19d8a830,08/06/2025 08:18:00 PM,1,DRIVER,,2023969,,MERCEDES-BENZ,OTHER (EXPLAIN IN NARRATIVE),,,UNKNOWN,PASSENGER,UNKNOWN/NA,NE,TURNING RIGHT,,,1,,,,,,,,,,,,,,,,,Y,UNKNOWN,,,,,,,,,,,,,,,,,,,,,,,,,,,,,,,,,
2123108,d4f4d7b7b20fa4ff51fad173d7c8579f65100c2faab4ef95008b1b60f40059fdc3a50e210e942b8752e69b98e5049415359295a99369bfa4db81beae19d8a830,08/06/2025 08:18:00 PM,2,PEDESTRIAN,,,,,,,,,,,,,,,,,,,,,,,,,,,,,,,,,,,,,,,,,,,,,,,,,,,,,,,,,,,,,,,,,,
2123147,9551f64d2c8a69554298bed7521231ca852f0e4084029816f40c70f207ef64287880f2df2df135b0976756507389d549179c86ee296d4bd10cd7486dca431f90,08/06/2025 08:17:00 PM,1,DRIVER,,2024008,,MERCEDES-BENZ,300 SERIES,IL,2013,NONE,PASSENGER,PERSONAL,S,STRAIGHT AHEAD,,,1,,,,,,,,,,,,,,,,Y,,FRONT,,,,,,,,,,,,,,,,,,,,,,,,,,,,,,,,,
2123148,9551f64d2c8a69554298bed7521231ca852f0e4084029816f40c70f207ef64287880f2df2df135b0976756507389d549179c86ee296d4bd10cd7486dca431f90,08/06/2025 08:17:00 PM,2,DRIVER,,2024007,,FORD,F150,IL,2003,NONE,PICKUP,PERSONAL,S,SLOW/STOP IN TRAFFIC,,,1,,,,,,,,,,Y,,,,,,,,REAR,,,,,,,,,,,,,,,,,,,,,,,,,,,,,,,,,
2123125,0c40622e24a0e9ef2a34568bd8fbcf05ef0c1eebabdea4061899d4cbe0c4688a0a2d253bee4d5b1fe3bfd2a930ae0d3e32f49f69fcdd9aab8b9496e1b707bd7e,08/06/2025 08:15:00 PM,1,DRIVER,,2023980,,JEEP,CHEROKEE,IL,2017,UNKNOWN,PASSENGER,PERSONAL,S,STRAIGHT AHEAD,,,1,,,,,Y,Y,,,,,,,Y,Y,Y,Y,,FRONT,,,,,,,,,,,,,,,,,,,,,,,,,,,,,,,,,
2123098,31854705aea76864806c6093d269b47f6c88a06c9f43af081484b2e0dd15493b6b9ed3e363f7901df4cab5437b3b963aa1ad0ecc1ece78617840d62ef86db913,08/06/2025 08:15:00 PM,1,DRIVER,,2023962,,UNKNOWN,MOTORIZED,IL,2014,BRAKES,VAN/MINI-VAN,TAXI/FOR HIRE,S,STRAIGHT AHEAD,Y,,1,,,,,Y,,,,,,,,,,Y,Y,,FRONT,,,,,,,,,,,,,,,,,,,,,,,,,,,,,,,,,
2123099,31854705aea76864806c6093d269b47f6c88a06c9f43af081484b2e0dd15493b6b9ed3e363f7901df4cab5437b3b963aa1ad0ecc1ece78617840d62ef86db913,08/06/2025 08:15:00 PM,2,DRIVER,,2023965,,ALFA ROMEO,STELVIO,IL,2019,NONE,SPORT UTILITY VEHICLE (SUV),PERSONAL,S,STRAIGHT AHEAD,Y,,1,,,,,,,,,Y,Y,Y,,,,,,,REAR,,,,,,,,,,,,,,,,,,,,,,,,,,,,,,,,,
2123129,df287fdef50762094ad13fb0b6eb5600ccc7bbd4dbd6024341b9c6e203d370837cbd9006a2680bbd846c0058751497f5177a751d4e6b127d02ae1f0e1c6b9b84,08/06/2025 08:04:00 PM,1,DRIVER,,2023983,,DODGE,CHARGER,IL,2015,NONE,PASSENGER,PERSONAL,N,STRAIGHT AHEAD,Y,N,1,,CPD,103 DOTY,,Y,,,,,,,,,,Y,Y,,FRONT,,,,,,,,,,,,,,,,,,,,,,,,,,,,,,,,,
2123130,df287fdef50762094ad13fb0b6eb5600ccc7bbd4dbd6024341b9c6e203d370837cbd9006a2680bbd846c0058751497f5177a751d4e6b127d02ae1f0e1c6b9b84,08/06/2025 08:04:00 PM,2,DRIVER,1,2023991,,CHEVROLET,BLAZER,IL,2020,NONE,PASSENGER,PERSONAL,E,STRAIGHT AHEAD,Y,,2,,PERSONAL TOW,,,Y,Y,Y,Y,Y,,,,,,,,,SIDE-RIGHT-FRONT,,,,,,,,,,,,,,,,,,,,,,,,,,,,,,,,,
2123092,df62fd0f289fdc05b23c169635e42b888d686251ed09b488586bc9c2e662819b50190f8ec5afd055bb2c4dfdf8969bbc44a033d7ddf2813470094f7b93315424,08/06/2025 08:00:00 PM,1,DRIVER,,2023961,,MAZDA,CX-9,IL,2012,UNKNOWN,PASSENGER,PERSONAL,S,STRAIGHT AHEAD,,,1,,,,,,,,,,,,,,,,N,Y,UNKNOWN,,,,,,,,,,,,,,,,,,,,,,,,,,,,,,,,,
2123100,df62fd0f289fdc05b23c169635e42b888d686251ed09b488586bc9c2e662819b50190f8ec5afd055bb2c4dfdf8969bbc44a033d7ddf2813470094f7b93315424,08/06/2025 08:00:00 PM,2,PEDESTRIAN,,,,,,,,,,,,,,,,,,,,,,,,,,,,,,,,,,,,,,,,,,,,,,,,,,,,,,,,,,,,,,,,,,
2123115,818c1e339bf067d25a05fd84290cfc4a9537e132b948a6c9b660b86d3e3e2a7ace9d772ccf236a41b6c697e244d3d8868b19710725e89cbc9832c1f4fa15d633,08/06/2025 07:40:00 PM,1,DRIVER,,2023975,N,CHEVROLET,SUBURBAN,IL,,NONE,SPORT UTILITY VEHICLE (SUV),TAXI/FOR HIRE,E,STRAIGHT AHEAD,,,1,,,,Y,,Y,,,,,,,,,,,,OTHER,,,,,,,,,,,,,,,,,,,,,,,,,,,,,,,,,
2123123,818c1e339bf067d25a05fd84290cfc4a9537e132b948a6c9b660b86d3e3e2a7ace9d772ccf236a41b6c697e244d3d8868b19710725e89cbc9832c1f4fa15d633,08/06/2025 07:40:00 PM,2,DRIVER,,2023981,,TOYOTA,OTHER (EXPLAIN IN NARRATIVE),IL,,NONE,VAN/MINI-VAN,TAXI/FOR HIRE,E,SLOW/STOP IN TRAFFIC,,,1,,,,,,,,,,,,,,Y,,,,SIDE-LEFT-FRONT,,,,,,,,,,,,,,,,,,,,,,,,,,,,,,,,,
2123137,280fd4f315cd9f709de7563ef25748b9eb3336985d6df4f33fa4b4e894f256700c18715ea96ebba450efe9cd2893be5e9f61e5cfa7673a52e2d0e0b95d4795b3,08/06/2025 07:30:00 PM,1,DRIVER,,2023992,,UNKNOWN,OTHER (EXPLAIN IN NARRATIVE),,,UNKNOWN,UNKNOWN/NA,UNKNOWN/NA,E,UNKNOWN/NA,,,1,,,,,,,,,,,,,,,,,,UNKNOWN,,,,,,,,,,,,,,,,,,,,,,,,,,,,,,,,,
2123138,280fd4f315cd9f709de7563ef25748b9eb3336985d6df4f33fa4b4e894f256700c18715ea96ebba450efe9cd2893be5e9f61e5cfa7673a52e2d0e0b95d4795b3,08/06/2025 07:30:00 PM,2,PEDESTRIAN,,,,,,,,,,,,,,,,,,,,,,,,,,,,,,,,,,,,,,,,,,,,,,,,,,,,,,,,,,,,,,,,,,
2123745,5edf96591e11d6c780a780c83e7c9f29e365c2c96d5916fc71eb8c083dd607b6d2b77eefe7875ae6ed7613a44ed3ecd4be0b25cedc9bb384f0a33bd2c00ef2c8,08/06/2025 07:30:00 PM,1,DRIVER,,2024585,,JEEP,JEEP,IL,2017,NONE,SPORT UTILITY VEHICLE (SUV),PERSONAL,N,TURNING RIGHT,,,1,,,,,,,,,,,,,,,,,Y,UNKNOWN,,,,,,,,,,,,,,,,,,,,,,,,,,,,,,,,,
2123746,5edf96591e11d6c780a780c83e7c9f29e365c2c96d5916fc71eb8c083dd607b6d2b77eefe7875ae6ed7613a44ed3ecd4be0b25cedc9bb384f0a33bd2c00ef2c8,08/06/2025 07:30:00 PM,2,DRIVER,,2024595,,JEEP,GRAND CHEROKEE,IL,2017,NONE,SPORT UTILITY VEHICLE (SUV),PERSONAL,E,STRAIGHT AHEAD,,,1,,,,,,,,Y,Y,,,,,,,,,REAR-RIGHT-CORNER,,,,,,,,,,,,,,,,,,,,,,,,,,,,,,,,,
2123101,6730477e3744a368e108aae5005d5660aea23d7a23aa2b2fe3cf1172f75b47a977922d85ceab73f82d7785202b972e4e41ea360227a63246808a6e4ff72034f8,08/06/2025 07:30:00 PM,1,DRIVER,,2023963,,JEEP,LIBERTY,IL,2012,NONE,PASSENGER,PERSONAL,N,TURNING LEFT,Y,,1,,owner,unk,,Y,Y,Y,,,,,,,,,,Y,SIDE-RIGHT-FRONT,,,,,,,,,,,,,,,,,,,,,,,,,,,,,,,,,
2123102,6730477e3744a368e108aae5005d5660aea23d7a23aa2b2fe3cf1172f75b47a977922d85ceab73f82d7785202b972e4e41ea360227a63246808a6e4ff72034f8,08/06/2025 07:30:00 PM,2,DRIVER,,2023966,,CHEVROLET,OTHER (EXPLAIN IN NARRATIVE),IL,2004,NONE,PASSENGER,PERSONAL,S,STRAIGHT AHEAD,Y,,1,,owner,unk,,Y,,,,,,,,,,Y,Y,Y,FRONT,,,,,,,,,,,,,,,,,,,,,,,,,,,,,,,,,
2123093,98de8ab05b2015a91d69e48da1cbd0e2abd9db5af29264212308d586bd67c7253c977a9761cc3f68b539c4d154cb91053fa5ea25f9e8228ba80fc40787c183e7,08/06/2025 07:25:00 PM,1,DRIVER,,2023979,,BUICK,LACROSSE,IL,2010,UNKNOWN,PASSENGER,PERSONAL,W,STRAIGHT AHEAD,,,1,,,,,,,,,,,,,,,,Y,,FRONT,,,,,,,,,,,,,,,,,,,,,,,,,,,,,,,,,
2123094,98de8ab05b2015a91d69e48da1cbd0e2abd9db5af29264212308d586bd67c7253c977a9761cc3f68b539c4d154cb91053fa5ea25f9e8228ba80fc40787c183e7,08/06/2025 07:25:00 PM,2,DRIVER,,2023989,,FORD,ESCAPE,IL,2017,UNKNOWN,PASSENGER,PERSONAL,W,STRAIGHT AHEAD,,,1,,,,,,,,,,Y,,,,,,Y,,REAR,,,,,,,,,,,,,,,,,,,,,,,,,,,,,,,,,
2123095,98de8ab05b2015a91d69e48da1cbd0e2abd9db5af29264212308d586bd67c7253c977a9761cc3f68b539c4d154cb91053fa5ea25f9e8228ba80fc40787c183e7,08/06/2025 07:25:00 PM,3,DRIVER,,2023998,,KIA,FORTE,IL,2023,UNKNOWN,PASSENGER,PERSONAL,W,STRAIGHT AHEAD,,,1,,,,,,,,,,Y,,,,,,,,REAR,,,,,,,,,,,,,,,,,,,,,,,,,,,,,,,,,
2123073,23dcb85712e06f227be47d90d7d6e55ee324723300bc6a5b88b279f30ca406e94a5acabc4791340e580df6847af9980b36f18c14294998816d8e093ed3361d27,08/06/2025 07:22:00 PM,1,DRIVER,,2023943,,SUBARU,FORESTER,IL,2021,NONE,SPORT UTILITY VEHICLE (SUV),PERSONAL,NE,STRAIGHT AHEAD,,,1,,,,,,,,,,,,Y,Y,Y,Y,,,SIDE-LEFT,,,,,,,,,,,,,,,,,,,,,,,,,,,,,,,,,