CRASH_UNIT_ID,CRASH_RECORD_ID,CRASH_DATE,UNIT_NO,UNIT_TYPE,NUM_PASSENGERS,VEHICLE_ID,CMRC_VEH_I,MAKE,MODEL,LIC_PLATE_STATE,VEHICLE_YEAR,VEHICLE_DEFECT,VEHICLE_TYPE,VEHICLE_USE,TRAVEL_DIRECTION,MANEUVER,TOWED_I,FIRE_I,OCCUPANT_CNT,EXCEED_SPEED_LIMIT_I,TOWED_BY,TOWED_TO,AREA_00_I,AREA_01_I,AREA_02_I,AREA_03_I,AREA_04_I,AREA_05_I,AREA_06_I,AREA_07_I,AREA_08_I,AREA_09_I,AREA_10_I,AREA_11_I,AREA_12_I,AREA_99_I,FIRST_CONTACT_POINT,CMV_ID,USDOT_NO,CCMC_NO,ILCC_NO,COMMERCIAL_SRC,GVWR,CARRIER_NAME,CARRIER_STATE,CARRIER_CITY,HAZMAT_PLACARDS_I,HAZMAT_NAME,UN_NO,HAZMAT_PRESENT_I,HAZMAT_REPORT_I,HAZMAT_REPORT_NO,MCS_REPORT_I,MCS_REPORT_NO,HAZMAT_VIO_CAUSE_CRASH_I,MCS_VIO_CAUSE_CRASH_I,IDOT_PERMIT_NO,WIDE_LOAD_I,TRAILER1_WIDTH,TRAILER2_WIDTH,TRAILER1_LENGTH,TRAILER2_LENGTH,TOTAL_VEHICLE_LENGTH,AXLE_CNT,VEHICLE_CONFIG,CARGO_BODY_TYPE,LOAD_TYPE,HAZMAT_OUT_OF_SERVICE_I,MCS_OUT_OF_SERVICE_I,HAZMAT_CLASS
2123074,23dcb85712e06f227be47d90d7d6e55ee324723300bc6a5b88b279f30ca406e94a5acabc4791340e580df6847af9980b36f18c14294998816d8e093ed3361d27,08/06/2025 07:22:00 PM,2,DRIVER,,2023946,,FORD,EXPLORER,IL,2017,NONE,SPORT UTILITY VEHICLE (SUV),PERSONAL,N,STRAIGHT AHEAD,,,1,,,,,Y,Y,Y,,,,,,,,,,,FRONT-RIGHT-CORNER,,,,,,,,,,,,,,,,,,,,,,,,,,,,,,,,,
2123284,39d97c95613fef7de7f0dc9fa97aa15221313cda4e8c9e8f63af8b4ad83d63faf95233db7987fbf67688058c23641a831b0eae058aa7446ede985df8dfeda6a0,08/06/2025 07:03:00 PM,2,DRIVER,,2024170,,HONDA,ACCORD,IL,2021,NONE,PASSENGER,PERSONAL,N,STRAIGHT AHEAD,,,1,,,,,Y,Y,Y,Y,,,,,,,,,,SIDE-RIGHT,,,,,,,,,,,,,,,,,,,,,,,,,,,,,,,,,
2123332,39d97c95613fef7de7f0dc9fa97aa15221313cda4e8c9e8f63af8b4ad83d63faf95233db7987fbf67688058c23641a831b0eae058aa7446ede985df8dfeda6a0,08/06/2025 07:03:00 PM,1,DRIVER,,2024179,,UNKNOWN,OTHER (EXPLAIN IN NARRATIVE),,,UNKNOWN,UNKNOWN/NA,UNKNOWN/NA,N,OTHER,,,1,,,,,,,,,,,,,,,,,Y,UNKNOWN,,,,,,,,,,,,,,,,,,,,,,,,,,,,,,,,,
2123071,51a1d498ad0f7250817351b6733bf8d835c9fc333873a691a04d80a8c38c3095e61ef38fe25708a929c4528f8a653871d82ee003520f079e87adddfa61307b6f,08/06/2025 07:03:00 PM,1,BICYCLE,,,,,,,,,,,,,,,,,,,,,,,,,,,,,,,,,,,,,,,,,,,,,,,,,,,,,,,,,,,,,,,,,,
2123072,51a1d498ad0f7250817351b6733bf8d835c9fc333873a691a04d80a8c38c3095e61ef38fe25708a929c4528f8a653871d82ee003520f079e87adddfa61307b6f,08/06/2025 07:03:00 PM,2,DRIVER,,2023947,,MERCEDES-BENZ,GLE,IL,2022,NONE,PASSENGER,PERSONAL,S,STRAIGHT AHEAD,,,1,,,,,,,,Y,Y,,,,,,,,Y,SIDE-RIGHT,,,,,,,,,,,,,,,,,,,,,,,,,,,,,,,,,
2123075,201cfe0f1606642fe21742e20bc2a6fd2acf5c54440e54bd7f0dfb86e49d42d5ab6ef79c0d23e8f276eacb5bfe633555c32c717e833fd4b0054e1d1b64f045c3,08/06/2025 07:00:00 PM,1,DRIVER,,2023945,,FORD,EXPEDITION,IL,2023,UNKNOWN,SPORT UTILITY VEHICLE (SUV),PERSONAL,W,TURNING RIGHT,,,1,,,,,,Y,Y,,,,,,,,,,,SIDE-RIGHT,,,,,,,,,,,,,,,,,,,,,,,,,,,,,,,,,
2123076,201cfe0f1606642fe21742e20bc2a6fd2acf5c54440e54bd7f0dfb86e49d42d5ab6ef79c0d23e8f276eacb5bfe633555c32c717e833fd4b0054e1d1b64f045c3,08/06/2025 07:00:00 PM,2,DRIVER,,2023949,,TOYOTA,PRIUS,IL,2007,UNKNOWN,PASSENGER,PERSONAL,W,STRAIGHT AHEAD,,,1,,,,,,,,,,,,,,Y,Y,,,FRONT-LEFT-CORNER,,,,,,,,,,,,,,,,,,,,,,,,,,,,,,,,,
2123553,31656b70ad2d150d5d04871b2f90124f19ff0fc90af9f2891fde542bfc60a3f6436ebabe06fba32bae9be508a7e1cfa31538fe736907f86f9d4a4f34a6006b6b,08/06/2025 07:00:00 PM,2,PARKED,,2024391,,HONDA,ODYSSEY,IL,2008,NONE,VAN/MINI-VAN,PERSONAL,E,PARKED,,,0,,,,,Y,Y,Y,Y,Y,,,,,,,,,SIDE-RIGHT,,,,,,,,,,,,,,,,,,,,,,,,,,,,,,,,,
2123568,31656b70ad2d150d5d04871b2f90124f19ff0fc90af9f2891fde542bfc60a3f6436ebabe06fba32bae9be508a7e1cfa31538fe736907f86f9d4a4f34a6006b6b,08/06/2025 07:00:00 PM,1,DRIVER,,2024397,,UNKNOWN,OTHER (EXPLAIN IN NARRATIVE),,,UNKNOWN,UNKNOWN/NA,UNKNOWN/NA,E,UNKNOWN/NA,,,1,,,,,,,,,,,,,,,,,Y,UNKNOWN,,,,,,,,,,,,,,,,,,,,,,,,,,,,,,,,,
2123046,8fd0637e3ff937cf658578d862375cd31e4c6adbac18d8fc14f5c096539c4b4a02aeee24de98dd2761bd872654799e96f964c440fc85ca699df629e35090ada3,08/06/2025 07:00:00 PM,1,DRIVER,,2023922,,CHEVROLET,TRAX,IL,2024,NONE,PASSENGER,PERSONAL,N,STRAIGHT AHEAD,,,1,,,,,,,,,,,,,,,,Y,,FRONT,,,,,,,,,,,,,,,,,,,,,,,,,,,,,,,,,
2123047,8fd0637e3ff937cf658578d862375cd31e4c6adbac18d8fc14f5c096539c4b4a02aeee24de98dd2761bd872654799e96f964c440fc85ca699df629e35090ada3,08/06/2025 07:00:00 PM,2,DRIVER,,2023929,,KIA,SPORTAGE,IL,2018,NONE,SPORT UTILITY VEHICLE (SUV),UNKNOWN/NA,N,STRAIGHT AHEAD,,,1,,,,,,,,,,Y,,,,,,,,REAR,,,,,,,,,,,,,,,,,,,,,,,,,,,,,,,,,
2124824,a5f3667abd6b0d326c9d82d170a0da02bee41f0d915d36f1aea5c9b83a9181fa5a93414066a3ba31c85864aaac748e60ee1f12cb644f51f205d958bf59a91bf9,08/06/2025 07:00:00 PM,1,DRIVER,,2025600,,VOLKSWAGEN,JETTA,IL,2013,NONE,PASSENGER,PERSONAL,W,STRAIGHT AHEAD,,,1,,,,,,,,,,,,,,,,,Y,FRONT,,,,,,,,,,,,,,,,,,,,,,,,,,,,,,,,,
2124825,a5f3667abd6b0d326c9d82d170a0da02bee41f0d915d36f1aea5c9b83a9181fa5a93414066a3ba31c85864aaac748e60ee1f12cb644f51f205d958bf59a91bf9,08/06/2025 07:00:00 PM,2,DRIVER,,2025607,,LEXUS,ES350,IL,2025,NONE,SPORT UTILITY VEHICLE (SUV),PERSONAL,W,SLOW/STOP IN TRAFFIC,,,1,,,,,,,,,Y,Y,Y,,,,,,,REAR,,,,,,,,,,,,,,,,,,,,,,,,,,,,,,,,,
2123054,a98f620904f43adfa3446e32ba204f14dbc9f0c405a8b06b37c831f92bae094c7ca360aeea6cbf1b885def6208b8d3b9ca6693f9c2b01e0fb1bf8644833ddcd8,08/06/2025 07:00:00 PM,1,DRIVER,,2023923,,LINCOLN,AVIATOR,IL,2024,UNKNOWN,TRUCK - SINGLE UNIT,UNKNOWN/NA,E,STRAIGHT AHEAD,,,1,,,,,,,,,,,,,,,,,Y,UNKNOWN,,,,,,,,,,,,,,,,,,,,,,,,,,,,,,,,,
2123055,a98f620904f43adfa3446e32ba204f14dbc9f0c405a8b06b37c831f92bae094c7ca360aeea6cbf1b885def6208b8d3b9ca6693f9c2b01e0fb1bf8644833ddcd8,08/06/2025 07:00:00 PM,2,PARKED,1,2023930,,TESLA,MODEL 3,IL,2025,UNKNOWN,UNKNOWN/NA,UNKNOWN/NA,E,PARKED,,,1,,,,,,,,,,,Y,,,,,,,REAR-LEFT-CORNER,,,,,,,,,,,,,,,,,,,,,,,,,,,,,,,,,
2123732,30d160f194692c20682f254ec4f2ee449a1c718698df4db3e654c7006c46f911fcdead96cd334a82a54ba7e2bdfa58aeebe356bfc5cba0f2a5c0d291b3f49a00,08/06/2025 06:52:00 PM,2,DRIVER,,2024572,,TOYOTA,CAMRY,IL,2009,UNKNOWN,PASSENGER,PERSONAL,S,STRAIGHT AHEAD,,,1,,,,,,,,,,,,,,,,Y,,FRONT,,,,,,,,,,,,,,,,,,,,,,,,,,,,,,,,,
2123733,30d160f194692c20682f254ec4f2ee449a1c718698df4db3e654c7006c46f911fcdead96cd334a82a54ba7e2bdfa58aeebe356bfc5cba0f2a5c0d291b3f49a00,08/06/2025 06:52:00 PM,1,DRIVER,1,2024573,,FORD,F150,IL,2015,UNKNOWN,PICKUP,PERSONAL,S,TURNING LEFT,,,2,,,,,,,,,,Y,,,,,,,,REAR,,,,,,,,,,,,,,,,,,,,,,,,,,,,,,,,,
2123120,cf39501955bd3a870754bcc8032d48f9c4ac06198d754d1012437ec0b226ce7b9d361579cf788effb40e659d2ec81e21a26572ca883aef1c8ec8ad4aca948050,08/06/2025 06:51:00 PM,1,DRIVER,,2023982,,LAND ROVER,DISCOVERY,IL,2019,UNKNOWN,SPORT UTILITY VEHICLE (SUV),PERSONAL,W,STRAIGHT AHEAD,Y,,1,,BLUE LINE TOWING,,,,,,,,,,,,,,Y,,FRONT,,,,,,,,,,,,,,,,,,,,,,,,,,,,,,,,,
2123121,cf39501955bd3a870754bcc8032d48f9c4ac06198d754d1012437ec0b226ce7b9d361579cf788effb40e659d2ec81e21a26572ca883aef1c8ec8ad4aca948050,08/06/2025 06:51:00 PM,2,DRIVER,,2023984,,FORD,FOCUS,IL,2012,UNKNOWN,PASSENGER,PERSONAL,W,SLOW/STOP IN TRAFFIC,,,1,,,,,,,,,,Y,,,,,,Y,,UNKNOWN,,,,,,,,,,,,,,,,,,,,,,,,,,,,,,,,,
2123122,cf39501955bd3a870754bcc8032d48f9c4ac06198d754d1012437ec0b226ce7b9d361579cf788effb40e659d2ec81e21a26572ca883aef1c8ec8ad4aca948050,08/06/2025 06:51:00 PM,3,DRIVER,,2023986,,HYUNDAI,TUCSON,IL,2018,UNKNOWN,PASSENGER,PERSONAL,W,SLOW/STOP IN TRAFFIC,,,1,,,,Y,,,,,,,,,,,,,,REAR,,,,,,,,,,,,,,,,,,,,,,,,,,,,,,,,,
2123037,80b011eafc614748ad5ddae5076b4f559daa84ca802bfa04e2063faaf310be137e8e8c17fbfa9410ecfb01d11bbe161997930cf20d7d230924127cdacee65ce9,08/06/2025 06:50:00 PM,1,DRIVER,,2023907,,TOYOTA,CAMRY,IL,1999,UNKNOWN,PASSENGER,PERSONAL,W,PASSING/OVERTAKING,,,1,,,,,,,,,,,,,,Y,Y,,,FRONT-LEFT-CORNER,,,,,,,,,,,,,,,,,,,,,,,,,,,,,,,,,
2123038,80b011eafc614748ad5ddae5076b4f559daa84ca802bfa04e2063faaf310be137e8e8c17fbfa9410ecfb01d11bbe161997930cf20d7d230924127cdacee65ce9,08/06/2025 06:50:00 PM,2,DRIVER,,2023913,,FORD,BRONCO / BRONCO II,IL,2023,UNKNOWN,SPORT UTILITY VEHICLE (SUV),PERSONAL,W,STRAIGHT AHEAD,,,1,,,,,Y,Y,,,,,,,,,,,,FRONT-RIGHT-CORNER,,,,,,,,,,,,,,,,,,,,,,,,,,,,,,,,,
2123082,2d9b9cfe191a82330093bacde0733dad47e1f1a629b75c427f9589ac75aecca861b9ef341d87011131e801885b5397fc63869951cd7374d0edd6461a4bf6db40,08/06/2025 06:40:00 PM,2,DRIVER,,2023967,,CHEVROLET,IMPALA,IL,2018,UNKNOWN,PASSENGER,UNKNOWN/NA,W,STRAIGHT AHEAD,,,1,,,,,,,,,Y,Y,Y,,,,,,,REAR,,,,,,,,,,,,,,,,,,,,,,,,,,,,,,,,,
2123083,2d9b9cfe191a82330093bacde0733dad47e1f1a629b75c427f9589ac75aecca861b9ef341d87011131e801885b5397fc63869951cd7374d0edd6461a4bf6db40,08/06/2025 06:40:00 PM,1,DRIVER,,2023968,,CHEVROLET,CAVALIER,IL,1997,UNKNOWN,PASSENGER,UNKNOWN/NA,W,STRAIGHT AHEAD,,,1,,,,,Y,,,,,,,,,,Y,Y,,FRONT,,,,,,,,,,,,,,,,,,,,,,,,,,,,,,,,,
2123069,5f0bee9ea5e21916087240e98928e1b8621c7b52953eb09c536fdf9250f0098ba186aac3319b25679507019259c17b2679e6f9164fa6aacef4e3bd9348942fc6,08/06/2025 06:40:00 PM,1,DRIVER,2,2023939,,VOLKSWAGEN,ATLAS,IL,2019,UNKNOWN,SPORT UTILITY VEHICLE (SUV),PERSONAL,W,TURNING LEFT,,,3,,,,,,,,,,,,,,,Y,,,FRONT-LEFT-CORNER,,,,,,,,,,,,,,,,,,,,,,,,,,,,,,,,,
2123070,5f0bee9ea5e21916087240e98928e1b8621c7b52953eb09c536fdf9250f0098ba186aac3319b25679507019259c17b2679e6f9164fa6aacef4e3bd9348942fc6,08/06/2025 06:40:00 PM,2,DRIVER,,2023936,,CHEVROLET,CAMARO,IL,2014,NONE,PASSENGER,PERSONAL,N,SLOW/STOP IN TRAFFIC,,,1,,,,,Y,,,,,,,,,,Y,Y,,FRONT,,,,,,,,,,,,,,,,,,,,,,,,,,,,,,,,,
2123065,23a427d0fe3e6d54e7f386f7794b7564f10b10c426fc0b70a1164a9d222da869b86504116c9a7709173b74d413c70e50110c298bbf4dbea2366c9bbbfdfad78b,08/06/2025 06:30:00 PM,1,DRIVER,1,2023932,,CHEVROLET,OTHER (EXPLAIN IN NARRATIVE),IL,2017,NONE,VAN/MINI-VAN,AMBULANCE,W,STRAIGHT AHEAD,,,2,,,,,,,,,,,,,,,,,Y,SIDE-RIGHT,,,,,,,,,,,,,,,,,,,,,,,,,,,,,,,,,
2123066,23a427d0fe3e6d54e7f386f7794b7564f10b10c426fc0b70a1164a9d222da869b86504116c9a7709173b74d413c70e50110c298bbf4dbea2366c9bbbfdfad78b,08/06/2025 06:30:00 PM,2,PARKED,,2023950,,FORD,F150,,2017,NONE,PICKUP,UNKNOWN/NA,W,PARKED IN TRAFFIC LANE,,,0,,,,,,,,,,,,,,Y,,,,SIDE-LEFT,,,,,,,,,,,,,,,,,,,,,,,,,,,,,,,,,
2123358,4b470b3df3ad48f4dbfcc0c2a93d6e6feabec7b07c29f0bf40fbfb38869c7a21fd71a820b426264d6686773695b6303da2d52e009f779adc0b8386fcbc7d0214,08/06/2025 06:30:00 PM,1,DRIVER,,2024210,,JEEP,GRAND CHEROKEE,IL,2012,NONE,SPORT UTILITY VEHICLE (SUV),PERSONAL,S,TURNING RIGHT,,,1,,,,,,,,,,,,,,,Y,Y,,FRONT-LEFT-CORNER,,,,,,,,,,,,,,,,,,,,,,,,,,,,,,,,,
2123359,4b470b3df3ad48f4dbfcc0c2a93d6e6feabec7b07c29f0bf40fbfb38869c7a21fd71a820b426264d6686773695b6303da2d52e009f779adc0b8386fcbc7d0214,08/06/2025 06:30:00 PM,2,PARKED,,2024211,,TOYOTA,RAV4,IL,2019,NONE,SPORT UTILITY VEHICLE (SUV),PERSONAL,S,PARKED,,,0,,,,,,,,Y,Y,,,,,,,,,SIDE-RIGHT-REAR,,,,,,,,,,,,,,,,,,,,,,,,,,,,,,,,,
2123360,4b470b3df3ad48f4dbfcc0c2a93d6e6feabec7b07c29f0bf40fbfb38869c7a21fd71a820b426264d6686773695b6303da2d52e009f779adc0b8386fcbc7d0214,08/06/2025 06:30:00 PM,3,PARKED,,2024212,,FORD,ESCAPE,IL,2009,NONE,SPORT UTILITY VEHICLE (SUV),PERSONAL,S,PARKED,,,0,,,,,,,Y,Y,Y,,,,,,,,,SIDE-RIGHT,,,,,,,,,,,,,,,,,,,,,,,,,,,,,,,,,
2123044,4c87a2010afea08d4bd617cf30e651b1547bd58fbd4bb71e59dcb43f71366192a732ac9f7e603461af7cd14910800057ffe899dc4886d870919563030011edf3,08/06/2025 06:30:00 PM,1,DRIVER,,2023909,,FORD,OTHER (EXPLAIN IN NARRATIVE),IL,,NONE,PICKUP,UNKNOWN/NA,UNKNOWN,OTHER,,,1,,,,,N,N,N,,,,,,,,,,Y,UNKNOWN,,,,,,,,,,,,,,,,,,,,,,,,,,,,,,,,,
2123045,4c87a2010afea08d4bd617cf30e651b1547bd58fbd4bb71e59dcb43f71366192a732ac9f7e603461af7cd14910800057ffe899dc4886d870919563030011edf3,08/06/2025 06:30:00 PM,2,DRIVER,,2023917,,FREIGHTLINER CORPORATION,OTHER (EXPLAIN IN NARRATIVE),IL,2026,NONE,TRACTOR W/ SEMI-TRAILER,UNKNOWN/NA,E,TURNING LEFT,,,1,,,,,Y,Y,Y,,,,,,,,,,Y,SIDE-RIGHT,,,,,,,,,,,,,,,,,,,,,,,,,,,,,,,,,
2123039,3b750162ceba7b7181f4ea2de1038938442b3278d44ca5f81f627760b49e06d836894cbaa0a93c04bf0606c2b056300917575f9ffd481df80c613e390b69ee4f,08/06/2025 06:17:00 PM,1,DRIVER,,2023912,,BMW,530I,IL,2019,NONE,PASSENGER,PERSONAL,NW,STRAIGHT AHEAD,,,1,,,,,Y,Y,Y,Y,Y,,,,,,,,,FRONT-RIGHT-CORNER,,,,,,,,,,,,,,,,,,,,,,,,,,,,,,,,,
2123040,3b750162ceba7b7181f4ea2de1038938442b3278d44ca5f81f627760b49e06d836894cbaa0a93c04bf0606c2b056300917575f9ffd481df80c613e390b69ee4f,08/06/2025 06:17:00 PM,2,DRIVER,2,2023924,,LEXUS,GX460,IL,2022,NONE,PASSENGER,PERSONAL,UNKNOWN,OTHER,,,3,,,,,,,,,,,,Y,,,,,,SIDE-LEFT-REAR,,,,,,,,,,,,,,,,,,,,,,,,,,,,,,,,,
2123017,3249b849c0e451c0597dff6dc66ba91107b3863339871ea901f256511d29fb95a91446f8fb05b311ddaf0ca86db97d87d2caadee983eec78085757672522cf91,08/06/2025 06:15:00 PM,1,DRIVER,,2023890,,HONDA,OTHER (EXPLAIN IN NARRATIVE),,2015,UNKNOWN,PASSENGER,PERSONAL,E,BACKING,,,1,,,,,,,,,,Y,,,,,,,,REAR,,,,,,,,,,,,,,,,,,,,,,,,,,,,,,,,,
2123018,3249b849c0e451c0597dff6dc66ba91107b3863339871ea901f256511d29fb95a91446f8fb05b311ddaf0ca86db97d87d2caadee983eec78085757672522cf91,08/06/2025 06:15:00 PM,2,PARKED,,2023897,,SUBARU,FORESTER,,2010,NONE,PASSENGER,PERSONAL,S,PARKED,,,0,,,,,,,,Y,Y,,,,,,,,,SIDE-RIGHT-REAR,,,,,,,,,,,,,,,,,,,,,,,,,,,,,,,,,
2123149,45eb2b527f618f1af470849e1f17c7bcb6197c2404c1bcf129c6ae24530c30b7812e4f72911c8bb589bc99b01211c8118f015cf2264d66da0ecf268e885f7f82,08/06/2025 06:15:00 PM,1,DRIVER,,2024021,,GENERAL MOTORS CORPORATION (GMC),TERRAIN,OH,2015,UNKNOWN,SPORT UTILITY VEHICLE (SUV),UNKNOWN/NA,N,STRAIGHT AHEAD,,,1,,,,,Y,,,,,,,,,,,,,FRONT-RIGHT-CORNER,,,,,,,,,,,,,,,,,,,,,,,,,,,,,,,,,
2123150,45eb2b527f618f1af470849e1f17c7bcb6197c2404c1bcf129c6ae24530c30b7812e4f72911c8bb589bc99b01211c8118f015cf2264d66da0ecf268e885f7f82,08/06/2025 06:15:00 PM,2,DRIVER,,2024026,,LEXUS,RX350,IL,,UNKNOWN,SPORT UTILITY VEHICLE (SUV),PERSONAL,N,STRAIGHT AHEAD,,,1,,,,,,,,,,,Y,,,,,,,REAR-LEFT-CORNER,,,,,,,,,,,,,,,,,,,,,,,,,,,,,,,,,
2123058,de4a01a6c59ba9208f8f82580deb65f84a58474904c2da0b2c2238e9778ad845c06770c169409a41f9c26f38ca5b918a0d25c7c55146f4cad83016af6abc4f17,08/06/2025 06:13:00 PM,1,DRIVER,,2023938,,KIA,SPORTAGE,IL,2012,NONE,PASSENGER,PERSONAL,S,STRAIGHT AHEAD,,,1,,,,,,,,,,,,,,N,Y,,,FRONT-LEFT-CORNER,,,,,,,,,,,,,,,,,,,,,,,,,,,,,,,,,
2123059,de4a01a6c59ba9208f8f82580deb65f84a58474904c2da0b2c2238e9778ad845c06770c169409a41f9c26f38ca5b918a0d25c7c55146f4cad83016af6abc4f17,08/06/2025 06:13:00 PM,2,PARKED,,2023944,,VOLKSWAGEN,TIGUAN,IL,2020,NONE,PASSENGER,PERSONAL,S,PARKED,,,0,,,,,,,,Y,Y,,,,,,,,,REAR-RIGHT-CORNER,,,,,,,,,,,,,,,,,,,,,,,,,,,,,,,,,
2123042,1d28057bc2e4144344465ac399d6cf24f820a78d09df2599dd52d4b049894159380530c87c40468edd70903d35bb0c2d95e42b2f88c42a858f804673100043a3,08/06/2025 06:12:00 PM,1,DRIVER,,2023915,,BMW,535 SERIES,IL,2011,NONE,PASSENGER,PERSONAL,NE,TURNING RIGHT,,,1,,,,,,,Y,Y,,,,,,,,,,SIDE-RIGHT,,,,,,,,,,,,,,,,,,,,,,,,,,,,,,,,,
2123043,1d28057bc2e4144344465ac399d6cf24f820a78d09df2599dd52d4b049894159380530c87c40468edd70903d35bb0c2d95e42b2f88c42a858f804673100043a3,08/06/2025 06:12:00 PM,2,DRIVER,1,2023918,,SUBARU,LEGACY,IL,2009,NONE,PASSENGER,PERSONAL,N,SLOW/STOP IN TRAFFIC,,,2,,,,,,,,,,,,,,,Y,Y,,FRONT-LEFT-CORNER,,,,,,,,,,,,,,,,,,,,,,,,,,,,,,,,,
2123013,0255a01ee688a8417671cc1c307add11456894a35e850da52a3b75cc4e074a0ae3192a9808f7b7f81a05670d64df667c361893adee58f9d69665741079c79727,08/06/2025 06:10:00 PM,1,DRIVER,,2023920,,JEEP,LIBERTY,IL,2008,UNKNOWN,SPORT UTILITY VEHICLE (SUV),PERSONAL,W,BACKING,,,1,,,,,Y,,,,,,,,,,,,,FRONT-RIGHT-CORNER,,,,,,,,,,,,,,,,,,,,,,,,,,,,,,,,,
2123014,0255a01ee688a8417671cc1c307add11456894a35e850da52a3b75cc4e074a0ae3192a9808f7b7f81a05670d64df667c361893adee58f9d69665741079c79727,08/06/2025 06:10:00 PM,2,DRIVER,,2023916,,CHEVROLET,SILVERADO,IL,2019,NONE,PICKUP,PERSONAL,S,STRAIGHT AHEAD,,,1,,,,,Y,,,,,,,,,,,,,FRONT-RIGHT-CORNER,,,,,,,,,,,,,,,,,,,,,,,,,,,,,,,,,
2123252,debfcc6f0a9e38fe36dce5e593173a8b3c2c937a433a22085efccc466378f02f2732cb0a72b0c27bce01ffdd839c49f85e4830ff310181241bffc6535ba6e5ed,08/06/2025 06:10:00 PM,1,DRIVER,,2024105,,SUBARU,FORESTER,IL,2010,UNKNOWN,PASSENGER,PERSONAL,N,BACKING,,,1,,,,,,,,,Y,Y,,,,,,,,REAR,,,,,,,,,,,,,,,,,,,,,,,,,,,,,,,,,
2123253,debfcc6f0a9e38fe36dce5e593173a8b3c2c937a433a22085efccc466378f02f2732cb0a72b0c27bce01ffdd839c49f85e4830ff310181241bffc6535ba6e5ed,08/06/2025 06:10:00 PM,2,DRIVER,,2024113,,HONDA,CIVIC,IL,2015,NONE,PASSENGER,PERSONAL,E,BACKING,,,1,,,,,,,,,,,Y,,,,,,,REAR-LEFT-CORNER,,,,,,,,,,,,,,,,,,,,,,,,,,,,,,,,,
2123060,44aa525c41bc73e71d78268d09ad9d0eddac779906d2e9444b11b51a31d4f228722e2b7065c08c861ebfe8d911848dde402a7c8584e38519b31f28d7d4b9cddf,08/06/2025 06:06:00 PM,1,DRIVER,,2023937,,TOYOTA,RAV4,TX,2024,UNKNOWN,PASSENGER,PERSONAL,N,STRAIGHT AHEAD,Y,,1,,AD DESK,10300 S DOTY (POUND 2),,Y,Y,Y,,,,,,,,Y,Y,,SIDE-RIGHT-FRONT,,,,,,,,,,,,,,,,,,,,,,,,,,,,,,,,,
2123061,44aa525c41bc73e71d78268d09ad9d0eddac779906d2e9444b11b51a31d4f228722e2b7065c08c861ebfe8d911848dde402a7c8584e38519b31f28d7d4b9cddf,08/06/2025 06:06:00 PM,2,DRIVER,,2023948,,DODGE,JOURNEY,IL,2013,NONE,PASSENGER,PERSONAL,E,STRAIGHT AHEAD,Y,,1,,AAA,UNK,,Y,,,,,,,,,,Y,Y,,FRONT,,,,,,,,,,,,,,,,,,,,,,,,,,,,,,,,,
2123019,0686a5a32fe9620ce0731ad0acdd6034f648c431e51817dc3a14a2bc81621fe78725847e78961e58afb72da60e7f0d57fcfbf7f81c8215238044c4c5acb3c244,08/06/2025 06:05:00 PM,1,DRIVER,,2023892,,VOLKSWAGEN,OTHER (EXPLAIN IN NARRATIVE),IL,2025,UNKNOWN,UNKNOWN/NA,UNKNOWN/NA,N,CHANGING LANES,,,1,,,,,Y,Y,Y,,,,,,,,,,,SIDE-RIGHT-FRONT,,,,,,,,,,,,,,,,,,,,,,,,,,,,,,,,,
2123020,0686a5a32fe9620ce0731ad0acdd6034f648c431e51817dc3a14a2bc81621fe78725847e78961e58afb72da60e7f0d57fcfbf7f81c8215238044c4c5acb3c244,08/06/2025 06:05:00 PM,2,DRIVER,,2023898,,AUDI,A6,IL,2021,NONE,PASSENGER,PERSONAL,N,STRAIGHT AHEAD,,,1,,,,,,,,,,,Y,Y,Y,Y,Y,,,SIDE-LEFT,,,,,,,,,,,,,,,,,,,,,,,,,,,,,,,,,
2123062,886066afd2420bf42a0b1ea593277a7c243de52eeecec7d506901a7079cc652be370be39bbb1ed45c733eaf00a774c67a6f427306b0acd32b60769047a5a946f,08/06/2025 06:05:00 PM,1,DRIVER,,2023933,,GENERAL MOTORS CORPORATION (GMC),CANYON,IL,2022,NONE,PICKUP,PERSONAL,UNKNOWN,OTHER,Y,,1,,PRIVATE TOW,PRIVATE GARAGE,,Y,Y,Y,,,,,,N,Y,Y,Y,,FRONT,,,,,,,,,,,,,,,,,,,,,,,,,,,,,,,,,
2123056,6d481171f0c1ff76d7c7984ee5d85682dcb842401109fd59c2a8afbda7698d9659772afd1f94cec3c2e8c86fe1034d1fb1666c5018b994ce18ee3656fcfe9a30,08/06/2025 06:01:00 PM,1,DRIVER,,2023925,,HONDA,CR-V,IL,2015,UNKNOWN,SPORT UTILITY VEHICLE (SUV),PERSONAL,W,STRAIGHT AHEAD,Y,,1,,,,,,Y,Y,,,,,,,,,,,SIDE-RIGHT,,,,,,,,,,,,,,,,,,,,,,,,,,,,,,,,,
2123057,6d481171f0c1ff76d7c7984ee5d85682dcb842401109fd59c2a8afbda7698d9659772afd1f94cec3c2e8c86fe1034d1fb1666c5018b994ce18ee3656fcfe9a30,08/06/2025 06:01:00 PM,2,DRIVER,,2023931,,TOYOTA,PASEO,NC,2018,UNKNOWN,PASSENGER,PERSONAL,S,STRAIGHT AHEAD,,,1,,,,,Y,,,,,,,,,,Y,Y,,FRONT,,,,,,,,,,,,,,,,,,,,,,,,,,,,,,,,,