CRASH_UNIT_ID,CRASH_RECORD_ID,CRASH_DATE,UNIT_NO,UNIT_TYPE,NUM_PASSENGERS,VEHICLE_ID,CMRC_VEH_I,MAKE,MODEL,LIC_PLATE_STATE,VEHICLE_YEAR,VEHICLE_DEFECT,VEHICLE_TYPE,VEHICLE_USE,TRAVEL_DIRECTION,MANEUVER,TOWED_I,FIRE_I,OCCUPANT_CNT,EXCEED_SPEED_LIMIT_I,TOWED_BY,TOWED_TO,AREA_00_I,AREA_01_I,AREA_02_I,AREA_03_I,AREA_04_I,AREA_05_I,AREA_06_I,AREA_07_I,AREA_08_I,AREA_09_I,AREA_10_I,AREA_11_I,AREA_12_I,AREA_99_I,FIRST_CONTACT_POINT,CMV_ID,USDOT_NO,CCMC_NO,ILCC_NO,COMMERCIAL_SRC,GVWR,CARRIER_NAME,CARRIER_STATE,CARRIER_CITY,HAZMAT_PLACARDS_I,HAZMAT_NAME,UN_NO,HAZMAT_PRESENT_I,HAZMAT_REPORT_I,HAZMAT_REPORT_NO,MCS_REPORT_I,MCS_REPORT_NO,HAZMAT_VIO_CAUSE_CRASH_I,MCS_VIO_CAUSE_CRASH_I,IDOT_PERMIT_NO,WIDE_LOAD_I,TRAILER1_WIDTH,TRAILER2_WIDTH,TRAILER1_LENGTH,TRAILER2_LENGTH,TOTAL_VEHICLE_LENGTH,AXLE_CNT,VEHICLE_CONFIG,CARGO_BODY_TYPE,LOAD_TYPE,HAZMAT_OUT_OF_SERVICE_I,MCS_OUT_OF_SERVICE_I,HAZMAT_CLASS
2123048,348e66715549f5e17bb8878eb7371ef2ced83995908d6b425d2c01602507acb597199a41da91b272c6cf277e3921b1b165b3f4738517bb5abd8075858df754cd,08/06/2025 06:00:00 PM,1,DRIVER,1,2023926,,FORD,FOCUS,IL,2014,UNKNOWN,PASSENGER,PERSONAL,E,STRAIGHT AHEAD,,,2,,,,,Y,,,,,,,,,,Y,Y,,FRONT,,,,,,,,,,,,,,,,,,,,,,,,,,,,,,,,,
2123049,348e66715549f5e17bb8878eb7371ef2ced83995908d6b425d2c01602507acb597199a41da91b272c6cf277e3921b1b165b3f4738517bb5abd8075858df754cd,08/06/2025 06:00:00 PM,2,DRIVER,,2023934,,JEEP,GRAND CHEROKEE,IN,2011,NONE,PASSENGER,PERSONAL,W,STRAIGHT AHEAD,N,,1,,,,,,,,,,,,,,Y,Y,Y,,FRONT-LEFT-CORNER,,,,,,,,,,,,,,,,,,,,,,,,,,,,,,,,,
2123050,51fc1529163f6b79b7b7f58176ce741139b461e5efdcde7f6e79c7cc43787a0db4de982210d1aa106d8836530d0826b752bd174961357633b8662d4fe70db50a,08/06/2025 06:00:00 PM,1,DRIVER,,2023928,,HYUNDAI,ELANTRA,IL,2006,UNKNOWN,UNKNOWN/NA,UNKNOWN/NA,UNKNOWN,UNKNOWN/NA,,,1,,,,,,,,,,,,,,,,,Y,UNKNOWN,,,,,,,,,,,,,,,,,,,,,,,,,,,,,,,,,
2123051,51fc1529163f6b79b7b7f58176ce741139b461e5efdcde7f6e79c7cc43787a0db4de982210d1aa106d8836530d0826b752bd174961357633b8662d4fe70db50a,08/06/2025 06:00:00 PM,2,DRIVER,1,2023941,,HONDA,ODYSSEY,IL,2022,UNKNOWN,VAN/MINI-VAN,PERSONAL,N,STRAIGHT AHEAD,,,2,,,,,,,,,Y,Y,Y,,,,,,,REAR,,,,,,,,,,,,,,,,,,,,,,,,,,,,,,,,,
2123285,5cf7874bd44301a9294e97308c9b235c352808acf610945bb7fb6d140baca3d47a66ee4c5cdf2e67bdbc0d68a3cc2413ba7c1f29bafa9b3e9347dab21c76dc46,08/06/2025 06:00:00 PM,1,DRIVER,,2024137,,DODGE,DURANGO,IL,2013,UNKNOWN,PASSENGER,PERSONAL,W,BACKING,,,1,,,,,,,,,,,,Y,Y,,,,,SIDE-LEFT,,,,,,,,,,,,,,,,,,,,,,,,,,,,,,,,,
2123077,2fcb1f0bd9fa59a7cc1cb84bb4dfd7d684b2f5a07470cf930c9d4067e553f120c39d64243ae2e5faf569049fae355900d6dfa8cf5095723ea90305286b5d0d06,08/06/2025 05:52:00 PM,1,DRIVER,,2023964,,HONDA,CR-V,IL,2015,NONE,SPORT UTILITY VEHICLE (SUV),PERSONAL,NE,TURNING LEFT,,,1,,,,,,,,,Y,Y,,,,,,,,REAR-RIGHT-CORNER,,,,,,,,,,,,,,,,,,,,,,,,,,,,,,,,,
2123078,2fcb1f0bd9fa59a7cc1cb84bb4dfd7d684b2f5a07470cf930c9d4067e553f120c39d64243ae2e5faf569049fae355900d6dfa8cf5095723ea90305286b5d0d06,08/06/2025 05:52:00 PM,2,DRIVER,,2023988,,HONDA,ODYSSEY,IL,2014,NONE,VAN/MINI-VAN,PERSONAL,SW,STRAIGHT AHEAD,Y,,1,,By owner,Owners request,,Y,,,,,,,,,,,Y,,FRONT-RIGHT-CORNER,,,,,,,,,,,,,,,,,,,,,,,,,,,,,,,,,
2123079,2fcb1f0bd9fa59a7cc1cb84bb4dfd7d684b2f5a07470cf930c9d4067e553f120c39d64243ae2e5faf569049fae355900d6dfa8cf5095723ea90305286b5d0d06,08/06/2025 05:52:00 PM,3,PARKED,,2023993,,CHRYSLER,PACIFICA,IL,2017,NONE,VAN/MINI-VAN,PERSONAL,N,PARKED,,,0,,,,,,,,Y,Y,,,,,,,,,SIDE-RIGHT-REAR,,,,,,,,,,,,,,,,,,,,,,,,,,,,,,,,,
2123090,f7df24dba151152ea5686e736daa598d3343ddf048882c996833088c324d15a0c570242444fafb0a52f4edc6cd65ec1ad3e8d6f172a9d84b4164b1e32013adfa,08/06/2025 05:52:00 PM,1,DRIVER,,2023958,N,CHEVROLET,SILVERADO,IL,2006,UNKNOWN,PICKUP,UNKNOWN/NA,N,MERGING,,,1,,,,Y,,,,,,,,,,,,,,NONE,,,,,,,,,,,,,,,,,,,,,,,,,,,,,,,,,
2123091,f7df24dba151152ea5686e736daa598d3343ddf048882c996833088c324d15a0c570242444fafb0a52f4edc6cd65ec1ad3e8d6f172a9d84b4164b1e32013adfa,08/06/2025 05:52:00 PM,2,DRIVER,,2023960,,CHEVROLET,EQUINOX,IL,2018,UNKNOWN,PASSENGER,PERSONAL,N,STRAIGHT AHEAD,,,1,,,,,,,,,,,Y,Y,Y,,,,,SIDE-LEFT,,,,,,,,,,,,,,,,,,,,,,,,,,,,,,,,,
2123026,feccd809362a45cfa4bb9cef831b8846c9fcec9bf51950a5a178f6176d0c0818cc4c514fe8789a37b308f4def1e01eb9625c0fcf26002ee7117e7ae5c64b6d76,08/06/2025 05:50:00 PM,1,DRIVER,,2023905,,TOYOTA,PRIUS,IL,2021,UNKNOWN,UNKNOWN/NA,UNKNOWN/NA,UNKNOWN,UNKNOWN/NA,,,1,,,,,,,,,,,,,,,,,Y,UNKNOWN,,,,,,,,,,,,,,,,,,,,,,,,,,,,,,,,,
2123027,feccd809362a45cfa4bb9cef831b8846c9fcec9bf51950a5a178f6176d0c0818cc4c514fe8789a37b308f4def1e01eb9625c0fcf26002ee7117e7ae5c64b6d76,08/06/2025 05:50:00 PM,2,DRIVER,1,2023919,,MERCEDES-BENZ,CLS,IL,2019,UNKNOWN,UNKNOWN/NA,UNKNOWN/NA,UNKNOWN,UNKNOWN/NA,,,2,,,,,,,,,,Y,,,,,,,,REAR,,,,,,,,,,,,,,,,,,,,,,,,,,,,,,,,,
2123096,ac3521975a67b4468e46dcce25e3453e3f726f9591664aa94c933cdb3a4973f6e9e354df930b4401670402f4c89c07c300a94353975be2c90b2b7052e98dad91,08/06/2025 05:45:00 PM,1,DRIVER,,2024219,,INFINITI,FX35,IL,,UNKNOWN,UNKNOWN/NA,UNKNOWN/NA,N,STRAIGHT AHEAD,,,1,,,,,Y,,,,,,,,,,Y,Y,,FRONT,,,,,,,,,,,,,,,,,,,,,,,,,,,,,,,,,
2123097,ac3521975a67b4468e46dcce25e3453e3f726f9591664aa94c933cdb3a4973f6e9e354df930b4401670402f4c89c07c300a94353975be2c90b2b7052e98dad91,08/06/2025 05:45:00 PM,2,DRIVER,,2024235,,KIA,SPORTAGE,IL,2024,NONE,SPORT UTILITY VEHICLE (SUV),PERSONAL,N,STRAIGHT AHEAD,,,1,,,,,,,,,,Y,Y,,,,,,,REAR-LEFT-CORNER,,,,,,,,,,,,,,,,,,,,,,,,,,,,,,,,,
2123063,d9a053a36a74cf94217c001fc3a428599bcba4bfbf922f791e71553621edcbe4b066783c565f6ff2538634c42c130fb45dd2a80a18db729a9610a71510179823,08/06/2025 05:43:00 PM,1,DRIVER,,2023940,,MAZDA,CX-5,IL,2023,NONE,SPORT UTILITY VEHICLE (SUV),PERSONAL,N,ENTERING TRAFFIC LANE FROM PARKING,,,1,,,,,,,,,,,,,,,,,Y,UNKNOWN,,,,,,,,,,,,,,,,,,,,,,,,,,,,,,,,,
2123064,d9a053a36a74cf94217c001fc3a428599bcba4bfbf922f791e71553621edcbe4b066783c565f6ff2538634c42c130fb45dd2a80a18db729a9610a71510179823,08/06/2025 05:43:00 PM,2,DRIVER,1,2023951,N,FORD,VAN,IL,2013,UNKNOWN,VAN/MINI-VAN,AMBULANCE,N,STRAIGHT AHEAD,,,2,,,,,,,,Y,,,,,,,,,,SIDE-RIGHT,,,,,,,,,,,,,,,,,,,,,,,,,,,,,,,,,
2122983,ac76eaf03215b2cc831260ce147057b3c164829319e92ee2b89e9627a5fa021589321adeb09c2cfd0d2ccbb8e7c9551c7f8dc7e450c8604fe263886e7ed92917,08/06/2025 05:42:00 PM,1,DRIVER,,2023864,,UNKNOWN,OTHER (EXPLAIN IN NARRATIVE),,,UNKNOWN,UNKNOWN/NA,UNKNOWN/NA,UNKNOWN,UNKNOWN/NA,,,1,,,,,,,,,,,,,,,,,Y,UNKNOWN,,,,,,,,,,,,,,,,,,,,,,,,,,,,,,,,,
2122984,ac76eaf03215b2cc831260ce147057b3c164829319e92ee2b89e9627a5fa021589321adeb09c2cfd0d2ccbb8e7c9551c7f8dc7e450c8604fe263886e7ed92917,08/06/2025 05:42:00 PM,2,PARKED,,2023875,,CHEVROLET,CRUZE,IL,2014,UNKNOWN,PASSENGER,PERSONAL,W,PARKED,,,0,,,,,Y,,,,,,,,,,Y,Y,,FRONT,,,,,,,,,,,,,,,,,,,,,,,,,,,,,,,,,
2123004,bbdabac97de4c6e6a0c3733a0549846d3d23bb2ba9911091a86dd3fee40e4d68106e68c42432b2b03ec484c3a94bc5c1bfb830103484aff4c893f67007293dcf,08/06/2025 05:42:00 PM,1,DRIVER,,2023878,,UNKNOWN,OTHER (EXPLAIN IN NARRATIVE),IL,2016,NONE,OTHER,FIRE,S,STRAIGHT AHEAD,,,1,,,,,,,,,,,,,,,,,,TOP,,,,,,,,,,,,,,,,,,,,,,,,,,,,,,,,,
2123005,b3a700ad116ecf16e3f4f252d378c39e198eb0c2ba226ce77bb0adebf53d6f7c756467a8b68893bc33c7b27433845c686df9c3a50f2fc64cf9ccdf7a9956dd0d,08/06/2025 05:40:00 PM,1,DRIVER,1,2023884,,FORD,E-TRANSIT,IL,2021,NONE,VAN/MINI-VAN,AMBULANCE,W,TURNING LEFT,,,2,,,,,,,,,,,,Y,Y,,,,,SIDE-LEFT,,,,,,,,,,,,,,,,,,,,,,,,,,,,,,,,,
2123006,b3a700ad116ecf16e3f4f252d378c39e198eb0c2ba226ce77bb0adebf53d6f7c756467a8b68893bc33c7b27433845c686df9c3a50f2fc64cf9ccdf7a9956dd0d,08/06/2025 05:40:00 PM,2,DRIVER,,2023910,,GENERAL MOTORS CORPORATION (GMC),ACADIA,IL,2019,NONE,SPORT UTILITY VEHICLE (SUV),PERSONAL,W,SLOW/STOP IN TRAFFIC,,,1,,,,,,,,,,,,,,,,,,SIDE-RIGHT,,,,,,,,,,,,,,,,,,,,,,,,,,,,,,,,,
2124266,c2c4c49ed118b65da2c748045de48e4708c0563c69b32913bc2abdbaae56e4e40cd43833c5b558ebdcb2db9919953a9b254f411fb1d7f589a5aa256e5faf7c0a,08/06/2025 05:34:00 PM,1,DRIVER,1,2025054,,TOYOTA,CAMRY,IL,2020,NONE,PASSENGER,RIDESHARE SERVICE,E,TURNING LEFT,,,2,,,,,Y,,,,,,,,,,Y,Y,,FRONT,,,,,,,,,,,,,,,,,,,,,,,,,,,,,,,,,
2124267,c2c4c49ed118b65da2c748045de48e4708c0563c69b32913bc2abdbaae56e4e40cd43833c5b558ebdcb2db9919953a9b254f411fb1d7f589a5aa256e5faf7c0a,08/06/2025 05:34:00 PM,2,DRIVER,1,2025055,,MERCEDES-BENZ,CLA,IL,2018,NONE,PASSENGER,PERSONAL,W,STRAIGHT AHEAD,,,2,,,,,Y,,,,,,,,,,Y,Y,,FRONT,,,,,,,,,,,,,,,,,,,,,,,,,,,,,,,,,
2122949,5bf5bad28ff919d62f83547cdff6364d370a9dbbafee868f70b4da728d67e5face05d740e215f6af4692f67bd13569bc9a6ccca9077a375f060411ed8b7f2fa2,08/06/2025 05:25:00 PM,1,DRIVER,,2023828,,UNKNOWN,MOTORIZED,,,NONE,UNKNOWN/NA,UNKNOWN/NA,N,PASSING/OVERTAKING,,,1,,,,,,,,,,,,,,,,,Y,UNKNOWN,,,,,,,,,,,,,,,,,,,,,,,,,,,,,,,,,
2122950,5bf5bad28ff919d62f83547cdff6364d370a9dbbafee868f70b4da728d67e5face05d740e215f6af4692f67bd13569bc9a6ccca9077a375f060411ed8b7f2fa2,08/06/2025 05:25:00 PM,2,PARKED,,2023822,,HONDA,CR-V,IL,2020,NONE,PASSENGER,PERSONAL,N,PARKED,,,0,,,,,Y,,,,,,,,,,,N,,FRONT-RIGHT-CORNER,,,,,,,,,,,,,,,,,,,,,,,,,,,,,,,,,
2123085,2448f18c4da052c93e58686df05dca84bf485c7e2a53d69ad51a082a2e048aebc9fa394f7dda79437d6a0fa2f7ee2c323c000c8c1e222714a7ce8061d97c63d8,08/06/2025 05:24:00 PM,1,DRIVER,,2023954,,HYUNDAI,ELANTRA,IL,2012,UNKNOWN,PASSENGER,PERSONAL,E,STRAIGHT AHEAD,Y,,1,,E R,POUND 2,,Y,Y,Y,,,,,,,,,Y,,FRONT-RIGHT-CORNER,,,,,,,,,,,,,,,,,,,,,,,,,,,,,,,,,
2122995,f4e5d41ec903581baf16c5c8a36a79f4a64b59fdfb7373042bf8a168429cfbc337b7921448f3419c4ee1b6c3c6269bfd561b14d1fd98677a52e5737c549116cf,08/06/2025 05:23:00 PM,1,DRIVER,,2023870,,UNKNOWN,OTHER (EXPLAIN IN NARRATIVE),,,UNKNOWN,PASSENGER,UNKNOWN/NA,E,UNKNOWN/NA,,,1,,,,,,,,,,,,,,,,,Y,UNKNOWN,,,,,,,,,,,,,,,,,,,,,,,,,,,,,,,,,
2122996,f4e5d41ec903581baf16c5c8a36a79f4a64b59fdfb7373042bf8a168429cfbc337b7921448f3419c4ee1b6c3c6269bfd561b14d1fd98677a52e5737c549116cf,08/06/2025 05:23:00 PM,2,PEDESTRIAN,,,,,,,,,,,,,,,,,,,,,,,,,,,,,,,,,,,,,,,,,,,,,,,,,,,,,,,,,,,,,,,,,,
2122972,ee217bf409b73f5e901528b57728eac0fd7dff29d3bbc4f21dbd854faddfa93d8c4681c926105a8aa37891821489970d0371cfe9dd87205c78af010e12e9fd81,08/06/2025 05:15:00 PM,1,DRIVER,,2023844,,UNKNOWN,OTHER (EXPLAIN IN NARRATIVE),XX,,UNKNOWN,PASSENGER,UNKNOWN/NA,W,STRAIGHT AHEAD,,,1,,,,,,,,,,,,,,,,,Y,UNKNOWN,,,,,,,,,,,,,,,,,,,,,,,,,,,,,,,,,
2122973,ee217bf409b73f5e901528b57728eac0fd7dff29d3bbc4f21dbd854faddfa93d8c4681c926105a8aa37891821489970d0371cfe9dd87205c78af010e12e9fd81,08/06/2025 05:15:00 PM,2,PEDESTRIAN,,,,,,,,,,,,,,,,,,,,,,,,,,,,,,,,,,,,,,,,,,,,,,,,,,,,,,,,,,,,,,,,,,
2122943,a7578dc9e2caac03f34716bbb5ff978d1fd08465cd5f5c6a7a7b0c876237167ccb66bb6025cbd91e1f7d33880088661e1235eed1cb8e2229d4338c88688d3f86,08/06/2025 05:14:00 PM,1,DRIVER,,2023816,,VOLKSWAGEN,ATLAS,IL,2024,UNKNOWN,PASSENGER,FIRE,N,STRAIGHT AHEAD,,,1,,,,,,,,,,,,,,,,,Y,FRONT,,,,,,,,,,,,,,,,,,,,,,,,,,,,,,,,,
2122944,a7578dc9e2caac03f34716bbb5ff978d1fd08465cd5f5c6a7a7b0c876237167ccb66bb6025cbd91e1f7d33880088661e1235eed1cb8e2229d4338c88688d3f86,08/06/2025 05:14:00 PM,2,DRIVER,1,2023819,,KIA,SOUL,IL,2010,UNKNOWN,PASSENGER,PERSONAL,N,SLOW/STOP IN TRAFFIC,,,2,,,,,,,,,,Y,Y,Y,N,,,,,REAR-LEFT-CORNER,,,,,,,,,,,,,,,,,,,,,,,,,,,,,,,,,
2123007,87afdc2b0b581aa15ffb0c5018254edd48db2f2cfcc4039c77e9fe4581a54612b8dd31f01561542d6cac1bccf90293dd5298f2e72a041bea6bac14d2977d0341,08/06/2025 05:08:00 PM,1,BICYCLE,,,,,,,,,,,,,,,,,,,,,,,,,,,,,,,,,,,,,,,,,,,,,,,,,,,,,,,,,,,,,,,,,,
2123008,87afdc2b0b581aa15ffb0c5018254edd48db2f2cfcc4039c77e9fe4581a54612b8dd31f01561542d6cac1bccf90293dd5298f2e72a041bea6bac14d2977d0341,08/06/2025 05:08:00 PM,2,DRIVER,,2023885,,CHEVROLET,TRAX,IL,2024,NONE,PASSENGER,PERSONAL,W,STRAIGHT AHEAD,,,1,,,,,Y,,,,,,,,,,,Y,,FRONT,,,,,,,,,,,,,,,,,,,,,,,,,,,,,,,,,
2122970,8a6da30eab4576ba036e2b89be92d5f238e87a9c6e6e40b0d513b26639f46f2c76258061b9486ada952a51986465013e6a13f4965ff5fb99a2cb0e5b039ff139,08/06/2025 05:06:00 PM,1,DRIVER,,2023860,,BUICK,REGAL,IL,2002,UNKNOWN,PASSENGER,PERSONAL,N,STRAIGHT AHEAD,,,1,,,,,,,,,,,,,,,Y,,,FRONT-LEFT-CORNER,,,,,,,,,,,,,,,,,,,,,,,,,,,,,,,,,
2122971,8a6da30eab4576ba036e2b89be92d5f238e87a9c6e6e40b0d513b26639f46f2c76258061b9486ada952a51986465013e6a13f4965ff5fb99a2cb0e5b039ff139,08/06/2025 05:06:00 PM,2,DRIVER,1,2023876,,TOYOTA,AVALON,IL,2013,UNKNOWN,PASSENGER,PERSONAL,E,STRAIGHT AHEAD,,,2,,,,,Y,,,,,,,,,,N,Y,,FRONT,,,,,,,,,,,,,,,,,,,,,,,,,,,,,,,,,
2122957,25c7efc7347c450d7100bfb11dcd2ba6f74bfe45e04fab5f8f716a2b16a9413cc56d62b21a764ba9af46181550d978764a6f809245623a938e372fd644c39f46,08/06/2025 05:00:00 PM,1,DRIVER,1,2023835,,KIA,SEDONA,IL,2006,UNKNOWN,PASSENGER,PERSONAL,W,TURNING LEFT,Y,,2,,CITY OF CHICAGO,18TH ST,,,,,,,,Y,Y,Y,Y,Y,,,SIDE-LEFT,,,,,,,,,,,,,,,,,,,,,,,,,,,,,,,,,
2122958,25c7efc7347c450d7100bfb11dcd2ba6f74bfe45e04fab5f8f716a2b16a9413cc56d62b21a764ba9af46181550d978764a6f809245623a938e372fd644c39f46,08/06/2025 05:00:00 PM,2,DRIVER,33,2023846,N,"MOTOR COACH INDUSTRIES, INC.","MOTOR COACH INDUSTRIES, INC.",IL,2017,UNKNOWN,BUS OVER 15 PASS.,OTHER,N,STRAIGHT AHEAD,,,34,,,,,Y,,,,,,,,,,,Y,,FRONT,,,,,,,,,,,,,,,,,,,,,,,,,,,,,,,,,
2122945,32f821ce3e60f153197317b1486d28878883df7ac846f4616ab1f1759295f51117ff148d35d68af256f0d5e3546cb0c6207edf1afa05015db2205de0a2d27cb0,08/06/2025 05:00:00 PM,1,DRIVER,,2023818,,HONDA,CR-V,IL,2024,UNKNOWN,UNKNOWN/NA,UNKNOWN/NA,S,MERGING,,,1,,,,,,,,,,,,,,,Y,,,FRONT-LEFT-CORNER,,,,,,,,,,,,,,,,,,,,,,,,,,,,,,,,,
2122946,32f821ce3e60f153197317b1486d28878883df7ac846f4616ab1f1759295f51117ff148d35d68af256f0d5e3546cb0c6207edf1afa05015db2205de0a2d27cb0,08/06/2025 05:00:00 PM,2,DRIVER,,2023821,,HYUNDAI,OTHER (EXPLAIN IN NARRATIVE),IL,2025,UNKNOWN,PICKUP,UNKNOWN/NA,S,STRAIGHT AHEAD,,,1,,,,,Y,Y,Y,Y,Y,,,,,,,,,SIDE-RIGHT,,,,,,,,,,,,,,,,,,,,,,,,,,,,,,,,,
2123293,36482e72196ff98a50c7ad4823fee5691541c23c0eeee5978bf86406944ab590048b5ec8442055cbefff1c5838b9796d21f531fc7f8c0f36d803f55d2bbf5847,08/06/2025 05:00:00 PM,1,DRIVER,,2024152,,VOLKSWAGEN,OTHER (EXPLAIN IN NARRATIVE),MI,2025,UNKNOWN,PASSENGER,PERSONAL,E,STRAIGHT AHEAD,,,1,,,,,Y,,,,,,,,,,,,,FRONT-RIGHT-CORNER,,,,,,,,,,,,,,,,,,,,,,,,,,,,,,,,,
2123294,36482e72196ff98a50c7ad4823fee5691541c23c0eeee5978bf86406944ab590048b5ec8442055cbefff1c5838b9796d21f531fc7f8c0f36d803f55d2bbf5847,08/06/2025 05:00:00 PM,2,PARKED,,2024162,,LINCOLN,MKZ,,2014,UNKNOWN,PASSENGER,NOT IN USE,E,PARKED,,,0,,,,,,,,,,,,,Y,,,,,SIDE-LEFT,,,,,,,,,,,,,,,,,,,,,,,,,,,,,,,,,
2123052,412d324243be0c9ffc905506d7d1dc5b4e9e5635c06348da25a16c2e64967a13ed64547981ce299b1c369dc431b89319ef95da983b391308f6c65f67312b9257,08/06/2025 05:00:00 PM,1,DRIVER,,2023921,,JEEP,GRAND CHEROKEE,IL,2019,NONE,PASSENGER,PERSONAL,E,STRAIGHT AHEAD,,,1,,,,,,,,,,,,,,,,Y,,FRONT,,,,,,,,,,,,,,,,,,,,,,,,,,,,,,,,,
2123053,412d324243be0c9ffc905506d7d1dc5b4e9e5635c06348da25a16c2e64967a13ed64547981ce299b1c369dc431b89319ef95da983b391308f6c65f67312b9257,08/06/2025 05:00:00 PM,2,DRIVER,1,2023927,,CHEVROLET,TRAVERSE,,,NONE,PASSENGER,PERSONAL,E,STRAIGHT AHEAD,,,2,,,,,,,,,,Y,,,,,,,,FRONT,,,,,,,,,,,,,,,,,,,,,,,,,,,,,,,,,
2122976,67b2d66fa18af3139502995099dd934e4b702fab7909662ef0e5f3a32225488497a32f0e46bee281abfd279a09b8e3a733457929a444b1846c53321f6a661ed4,08/06/2025 05:00:00 PM,1,DRIVER,,2023862,,FORD,F150,IL,2014,NONE,PICKUP,PERSONAL,W,STRAIGHT AHEAD,,,1,,,,,,,,,,,,,,,,Y,,FRONT,,,,,,,,,,,,,,,,,,,,,,,,,,,,,,,,,
2122977,67b2d66fa18af3139502995099dd934e4b702fab7909662ef0e5f3a32225488497a32f0e46bee281abfd279a09b8e3a733457929a444b1846c53321f6a661ed4,08/06/2025 05:00:00 PM,2,DRIVER,4,2023848,,HONDA,FIT,IL,2020,NONE,PASSENGER,PERSONAL,W,SLOW/STOP IN TRAFFIC,,,5,,,,,,,,,,Y,,,,,,Y,,REAR,,,,,,,,,,,,,,,,,,,,,,,,,,,,,,,,,
2122978,67b2d66fa18af3139502995099dd934e4b702fab7909662ef0e5f3a32225488497a32f0e46bee281abfd279a09b8e3a733457929a444b1846c53321f6a661ed4,08/06/2025 05:00:00 PM,3,DRIVER,1,2023869,,HONDA,HR-V,IL,,NONE,SPORT UTILITY VEHICLE (SUV),PERSONAL,W,SLOW/STOP IN TRAFFIC,,,2,,,,Y,,,,,,,,,,,,,,REAR,,,,,,,,,,,,,,,,,,,,,,,,,,,,,,,,,
2122951,e596cbb76877d6605db2ed454a0ca91c1e44583e5c9cc488e09868274147bab3837c3cac1b3b0d9ff5d3246d7c7c884e0df5d5581c5888876b73945775e085a0,08/06/2025 05:00:00 PM,1,DRIVER,,2023823,,UNKNOWN,OTHER (EXPLAIN IN NARRATIVE),IL,,UNKNOWN,OTHER,PERSONAL,UNKNOWN,UNKNOWN/NA,,,1,,,,,,,,,,,,,,,,,Y,UNKNOWN,,,,,,,,,,,,,,,,,,,,,,,,,,,,,,,,,
2122952,e596cbb76877d6605db2ed454a0ca91c1e44583e5c9cc488e09868274147bab3837c3cac1b3b0d9ff5d3246d7c7c884e0df5d5581c5888876b73945775e085a0,08/06/2025 05:00:00 PM,2,PARKED,,2023830,,LEXUS,GX460,IL,2019,NONE,PASSENGER,PERSONAL,UNKNOWN,PARKED,,,0,,,,,,,,,,Y,Y,Y,Y,,,,,SIDE-RIGHT-FRONT,,,,,,,,,,,,,,,,,,,,,,,,,,,,,,,,,
2127187,4c9a95a5482467927d9484bbade1e30a5f768e80f778795dcda0c49789806095190167ce5fb37c8909545c4019151f32a52e743d0bed02199056f6cd4e72bd81,08/06/2025 04:55:00 PM,1,DRIVER,1,2027855,,HONDA,CIVIC,IL,2016,NONE,PASSENGER,PERSONAL,N,SLOW/STOP IN TRAFFIC,,,2,,,,,,,,,,,,,,,,Y,,FRONT,,,,,,,,,,,,,,,,,,,,,,,,,,,,,,,,,
2127188,4c9a95a5482467927d9484bbade1e30a5f768e80f778795dcda0c49789806095190167ce5fb37c8909545c4019151f32a52e743d0bed02199056f6cd4e72bd81,08/06/2025 04:55:00 PM,2,DRIVER,,2027857,,MERCEDES-BENZ,CLS,IL,2014,NONE,PASSENGER,PERSONAL,N,SLOW/STOP IN TRAFFIC,,,1,,,,,,,,,,Y,,,,,,,,REAR,,,,,,,,,,,,,,,,,,,,,,,,,,,,,,,,,
2122993,92b7ea9d33bc5cf6bcd01e29ecdb423cd99a4fe06f43fe959f87dd947ffbd396a387d7395c4521ee1f85d55c0543fe323899bf883afd4594ab9d570eaf015e8a,08/06/2025 04:53:00 PM,1,DRIVER,,2023865,,SATURN,SL,IL,1996,UNKNOWN,PASSENGER,UNKNOWN/NA,E,STRAIGHT AHEAD,,,1,,,,,,,,,,,,,,,,,,FRONT-LEFT-CORNER,,,,,,,,,,,,,,,,,,,,,,,,,,,,,,,,,
2122994,92b7ea9d33bc5cf6bcd01e29ecdb423cd99a4fe06f43fe959f87dd947ffbd396a387d7395c4521ee1f85d55c0543fe323899bf883afd4594ab9d570eaf015e8a,08/06/2025 04:53:00 PM,2,PARKED,,2023871,,HONDA,ACCORD,IL,2007,UNKNOWN,PASSENGER,UNKNOWN/NA,W,PARKED,,,0,,,,,,,,,,,,,,Y,Y,,,SIDE-LEFT,,,,,,,,,,,,,,,,,,,,,,,,,,,,,,,,,
2122953,5fc60b54ca72386e9f28b55614d9249fabc04921bb04f41f0ae91a108870473927bd8bcdc92547dfa26da605884aa742b99bf74e0b6ee98caa05350246fe67f6,08/06/2025 04:50:00 PM,1,DRIVER,,2023839,,CHEVROLET,TRAVERSE,IL,2018,UNKNOWN,SPORT UTILITY VEHICLE (SUV),PERSONAL,N,PASSING/OVERTAKING,,,1,,,,,,Y,,,,,,,,,,,,SIDE-RIGHT-FRONT,,,,,,,,,,,,,,,,,,,,,,,,,,,,,,,,,