CRASH_UNIT_ID,CRASH_RECORD_ID,CRASH_DATE,UNIT_NO,UNIT_TYPE,NUM_PASSENGERS,VEHICLE_ID,CMRC_VEH_I,MAKE,MODEL,LIC_PLATE_STATE,VEHICLE_YEAR,VEHICLE_DEFECT,VEHICLE_TYPE,VEHICLE_USE,TRAVEL_DIRECTION,MANEUVER,TOWED_I,FIRE_I,OCCUPANT_CNT,EXCEED_SPEED_LIMIT_I,TOWED_BY,TOWED_TO,AREA_00_I,AREA_01_I,AREA_02_I,AREA_03_I,AREA_04_I,AREA_05_I,AREA_06_I,AREA_07_I,AREA_08_I,AREA_09_I,AREA_10_I,AREA_11_I,AREA_12_I,AREA_99_I,FIRST_CONTACT_POINT,CMV_ID,USDOT_NO,CCMC_NO,ILCC_NO,COMMERCIAL_SRC,GVWR,CARRIER_NAME,CARRIER_STATE,CARRIER_CITY,HAZMAT_PLACARDS_I,HAZMAT_NAME,UN_NO,HAZMAT_PRESENT_I,HAZMAT_REPORT_I,HAZMAT_REPORT_NO,MCS_REPORT_I,MCS_REPORT_NO,HAZMAT_VIO_CAUSE_CRASH_I,MCS_VIO_CAUSE_CRASH_I,IDOT_PERMIT_NO,WIDE_LOAD_I,TRAILER1_WIDTH,TRAILER2_WIDTH,TRAILER1_LENGTH,TRAILER2_LENGTH,TOTAL_VEHICLE_LENGTH,AXLE_CNT,VEHICLE_CONFIG,CARGO_BODY_TYPE,LOAD_TYPE,HAZMAT_OUT_OF_SERVICE_I,MCS_OUT_OF_SERVICE_I,HAZMAT_CLASS
2122954,5fc60b54ca72386e9f28b55614d9249fabc04921bb04f41f0ae91a108870473927bd8bcdc92547dfa26da605884aa742b99bf74e0b6ee98caa05350246fe67f6,08/06/2025 04:50:00 PM,2,DRIVER,,2023863,N,NOVA BUS,LFS,IL,2016,UNKNOWN,BUS OVER 15 PASS.,CTA,N,SLOW/STOP IN TRAFFIC,,,1,,,,,,,,,,,,,,Y,,,,SIDE-LEFT,,,,,,,,,,,,,,,,,,,,,,,,,,,,,,,,,
2122917,ae92dd12cd360c64ea85e8d392fae9b7b45e58d92a99970070c62764bcc68a89b6bdf1e73482020f2de004432899a390efb0438efa701793470c2be8b3133d9e,08/06/2025 04:50:00 PM,1,DRIVER,,2023786,,FORD,EXPLORER,,,UNKNOWN,UNKNOWN/NA,UNKNOWN/NA,E,STRAIGHT AHEAD,,,1,,,,,Y,,,,,,,,,,,Y,,FRONT-RIGHT-CORNER,,,,,,,,,,,,,,,,,,,,,,,,,,,,,,,,,
2122918,ae92dd12cd360c64ea85e8d392fae9b7b45e58d92a99970070c62764bcc68a89b6bdf1e73482020f2de004432899a390efb0438efa701793470c2be8b3133d9e,08/06/2025 04:50:00 PM,2,DRIVER,,2023794,,TOYOTA,TACOMA,IL,2009,NONE,PICKUP,PERSONAL,E,STRAIGHT AHEAD,,,1,,,,,,,,,,,Y,,,,,,,REAR-LEFT-CORNER,,,,,,,,,,,,,,,,,,,,,,,,,,,,,,,,,
2123303,d5d01f1ef0f21f2c0ec5a96755b8391ffd5a2ccc4d696e791cd9fa16a832eca8aff03c7adbd8c95cfc7c6fe72a23fe7c90213c8a1a327e22f4bea2b7fa634f61,08/06/2025 04:45:00 PM,1,DRIVER,,2024183,,CHEVROLET,TRAX,IL,2018,UNKNOWN,SPORT UTILITY VEHICLE (SUV),UNKNOWN/NA,W,STRAIGHT AHEAD,,,1,,,,,,,,,,,,,,,,,Y,UNKNOWN,,,,,,,,,,,,,,,,,,,,,,,,,,,,,,,,,
2123304,d5d01f1ef0f21f2c0ec5a96755b8391ffd5a2ccc4d696e791cd9fa16a832eca8aff03c7adbd8c95cfc7c6fe72a23fe7c90213c8a1a327e22f4bea2b7fa634f61,08/06/2025 04:45:00 PM,2,DRIVER,1,2024161,,CHRYSLER,TOWN & COUNTRY,IL,2015,UNKNOWN,VAN/MINI-VAN,PERSONAL,W,SLOW/STOP IN TRAFFIC,,,2,,,,,,,,,Y,Y,Y,,,,,,,REAR,,,,,,,,,,,,,,,,,,,,,,,,,,,,,,,,,
2122981,c1c024c384cd8c7663a46ec54fb67eaef17dbdaeb5ab8f3c4051732bfafbc3228f9cb97cb095a3107cda5eef8f1211ca5946cd36087c73270a9040144a5b2a69,08/06/2025 04:40:00 PM,1,DRIVER,,2023851,,FORD,TRANSIT,IL,2022,NONE,TRUCK - SINGLE UNIT,PERSONAL,S,STRAIGHT AHEAD,,,1,,,,,Y,,,,,,,,,,,,,SIDE-RIGHT-FRONT,,,,,,,,,,,,,,,,,,,,,,,,,,,,,,,,,
2122982,c1c024c384cd8c7663a46ec54fb67eaef17dbdaeb5ab8f3c4051732bfafbc3228f9cb97cb095a3107cda5eef8f1211ca5946cd36087c73270a9040144a5b2a69,08/06/2025 04:40:00 PM,2,PARKED,,2023859,,BLUEBIRD INTERNATIONAL,BLUEBIRD INTERNATIONAL,IL,2006,NONE,TRUCK - SINGLE UNIT,NOT IN USE,S,PARKED,,,0,,,,,,,,,,,,,,Y,,,,SIDE-LEFT-FRONT,,,,,,,,,,,,,,,,,,,,,,,,,,,,,,,,,
2122924,cf0b052c376c69b5164bb5edd337557e74880678f8f3a1f42bef6f9f2c8f192af106c7239a0456c7d8a09f89091b4342831982881af0505bff272b0edcaf1192,08/06/2025 04:39:00 PM,1,DRIVER,,2023811,,SUBARU,OUTBACK,IL,2017,UNKNOWN,SPORT UTILITY VEHICLE (SUV),PERSONAL,W,STRAIGHT AHEAD,Y,,1,,PERSONAL TOW ORDERED,,,Y,,,,,,,,,,Y,Y,,REAR-RIGHT-CORNER,,,,,,,,,,,,,,,,,,,,,,,,,,,,,,,,,
2122925,cf0b052c376c69b5164bb5edd337557e74880678f8f3a1f42bef6f9f2c8f192af106c7239a0456c7d8a09f89091b4342831982881af0505bff272b0edcaf1192,08/06/2025 04:39:00 PM,3,DRIVER,,2023817,,CHEVROLET,SILVERADO,IL,2015,NONE,PICKUP,PERSONAL,S,STRAIGHT AHEAD,,,1,,,,,,,,,,,,,,,Y,Y,,FRONT-LEFT-CORNER,,,,,,,,,,,,,,,,,,,,,,,,,,,,,,,,,
2122926,cf0b052c376c69b5164bb5edd337557e74880678f8f3a1f42bef6f9f2c8f192af106c7239a0456c7d8a09f89091b4342831982881af0505bff272b0edcaf1192,08/06/2025 04:39:00 PM,2,DRIVER,,2023824,,TOYOTA,HIGHLANDER,IL,2014,NONE,SPORT UTILITY VEHICLE (SUV),PERSONAL,S,STRAIGHT AHEAD,Y,,1,,PERSONAL TOW ORDERED,,,Y,,,,,,,,,,Y,Y,,FRONT,,,,,,,,,,,,,,,,,,,,,,,,,,,,,,,,,
2122891,fa59e7f6026ebddee461a2702fbb6b0809c3dd5e9346e4850fd172d2259f2b6504d4100b47a6899dafd96300e4d1f40ad0f241427420a58a2b2d37fae3f4389a,08/06/2025 04:31:00 PM,1,DRIVER,,2023759,,CHEVROLET,TAHOE,IL,2015,UNKNOWN,SPORT UTILITY VEHICLE (SUV),PERSONAL,E,STRAIGHT AHEAD,,,1,,,,,Y,,,,,,,,,,Y,Y,,FRONT,,,,,,,,,,,,,,,,,,,,,,,,,,,,,,,,,
2122892,fa59e7f6026ebddee461a2702fbb6b0809c3dd5e9346e4850fd172d2259f2b6504d4100b47a6899dafd96300e4d1f40ad0f241427420a58a2b2d37fae3f4389a,08/06/2025 04:31:00 PM,2,DRIVER,1,2023775,,CHEVROLET,TRAX,IL,2025,UNKNOWN,SPORT UTILITY VEHICLE (SUV),PERSONAL,S,TURNING LEFT,,,2,,,,,Y,Y,Y,Y,,,,,,,,,,FRONT-RIGHT-CORNER,,,,,,,,,,,,,,,,,,,,,,,,,,,,,,,,,
2122941,3be44b20396ece7a1b463f0e579707f36eb975fb2adf1afadb024c49f3516b92bba677701fb3d1ccb32a5602be6e549d3cf438d0b97e278d9a0f8d7a39c5dd4b,08/06/2025 04:30:00 PM,1,DRIVER,,2023829,,TOYOTA,RAV4,IL,2012,NONE,SPORT UTILITY VEHICLE (SUV),PERSONAL,NE,TURNING LEFT,,,1,,,,,Y,,,,,,,,,,,,,FRONT-RIGHT-CORNER,,,,,,,,,,,,,,,,,,,,,,,,,,,,,,,,,
2122942,3be44b20396ece7a1b463f0e579707f36eb975fb2adf1afadb024c49f3516b92bba677701fb3d1ccb32a5602be6e549d3cf438d0b97e278d9a0f8d7a39c5dd4b,08/06/2025 04:30:00 PM,2,DRIVER,,2023834,,MAZDA,MAZDA6,IL,2017,NONE,SPORT UTILITY VEHICLE (SUV),PERSONAL,E,TURNING LEFT,,,1,,,,,,,,,,,Y,,,,,,,REAR-LEFT-CORNER,,,,,,,,,,,,,,,,,,,,,,,,,,,,,,,,,
2125565,3ce9795399ebd86a7fa54d045830996d622de45afe0192518218e277189acce9deb400494d88990f03589d07324e8cd60da2603a599b7b8be70fec89a3a31060,08/06/2025 04:30:00 PM,1,DRIVER,,2026304,,NISSAN,ROGUE,IL,2015,UNKNOWN,SPORT UTILITY VEHICLE (SUV),PERSONAL,W,STRAIGHT AHEAD,,,1,,,,,Y,,,,,,,,,,Y,Y,,FRONT,,,,,,,,,,,,,,,,,,,,,,,,,,,,,,,,,
2125566,3ce9795399ebd86a7fa54d045830996d622de45afe0192518218e277189acce9deb400494d88990f03589d07324e8cd60da2603a599b7b8be70fec89a3a31060,08/06/2025 04:30:00 PM,2,DRIVER,,2026300,,HONDA,PILOT,IL,2003,UNKNOWN,SPORT UTILITY VEHICLE (SUV),UNKNOWN/NA,W,STRAIGHT AHEAD,,,1,,,,,,,,,Y,Y,Y,,,,,,,REAR,,,,,,,,,,,,,,,,,,,,,,,,,,,,,,,,,
2122927,79b0cb62d868500eb0824c18e34b52122fc3c80df96588bf8691104832ac67711025a1de127dc5a5bb2a1654f133119b4efc9b0937f0e4d0cda5e4474d0bd63b,08/06/2025 04:30:00 PM,1,DRIVER,,2023815,,LINCOLN,NAVIGATOR,IL,2019,NONE,SPORT UTILITY VEHICLE (SUV),OTHER,S,STRAIGHT AHEAD,,,1,,,,,,,,,,,,,,,,Y,,FRONT,,,,,,,,,,,,,,,,,,,,,,,,,,,,,,,,,
2122928,79b0cb62d868500eb0824c18e34b52122fc3c80df96588bf8691104832ac67711025a1de127dc5a5bb2a1654f133119b4efc9b0937f0e4d0cda5e4474d0bd63b,08/06/2025 04:30:00 PM,2,DRIVER,,2023820,,TOYOTA,RAV4,IL,2021,NONE,SPORT UTILITY VEHICLE (SUV),PERSONAL,S,SLOW/STOP IN TRAFFIC,,,1,,,,,,,,,,Y,,,,,,,,REAR,,,,,,,,,,,,,,,,,,,,,,,,,,,,,,,,,
2123833,9672e65683a0d6b7a738343fc15442d1ff03bb89b4f6a3bb494cd98f7af81dbb9b287e644e33d651214a3b93295ae724184b47de7466a61b747e6d4c4a1ad027,08/06/2025 04:30:00 PM,1,DRIVER,,2024670,,TOYOTA,OTHER (EXPLAIN IN NARRATIVE),IL,2013,UNKNOWN,UNKNOWN/NA,UNKNOWN/NA,N,UNKNOWN/NA,,,1,,,,,,,,,,,,,,,,,Y,FRONT,,,,,,,,,,,,,,,,,,,,,,,,,,,,,,,,,
2123834,9672e65683a0d6b7a738343fc15442d1ff03bb89b4f6a3bb494cd98f7af81dbb9b287e644e33d651214a3b93295ae724184b47de7466a61b747e6d4c4a1ad027,08/06/2025 04:30:00 PM,2,DRIVER,,2024673,,LEXUS,NX,IL,2020,NONE,PASSENGER,PERSONAL,N,STRAIGHT AHEAD,,,1,,,,,,,,,Y,,,,,,,,,REAR-RIGHT-CORNER,,,,,,,,,,,,,,,,,,,,,,,,,,,,,,,,,
2122908,fbd94a5a0c107dfe724e2724ab42c5c3e4e0e0043f6ccdbd0d4d013a3b7b7d62c6a23b02cfe19aa5100af85741029fd440dd7903a7aeab16da378d301526b59f,08/06/2025 04:30:00 PM,1,DRIVER,,2023787,,AUDI,S4,IN,2013,UNKNOWN,UNKNOWN/NA,UNKNOWN/NA,S,OTHER,,,1,,,,,,,,,,,,,,,,,Y,FRONT,,,,,,,,,,,,,,,,,,,,,,,,,,,,,,,,,
2122909,fbd94a5a0c107dfe724e2724ab42c5c3e4e0e0043f6ccdbd0d4d013a3b7b7d62c6a23b02cfe19aa5100af85741029fd440dd7903a7aeab16da378d301526b59f,08/06/2025 04:30:00 PM,2,DRIVER,,2023810,,HYUNDAI,SANTA FE,IL,2013,NONE,PASSENGER,PERSONAL,S,OTHER,,,1,,,,Y,,,,,,Y,,,,,,,,REAR,,,,,,,,,,,,,,,,,,,,,,,,,,,,,,,,,
2122999,2bfae94829e1c7d9ba98129526720e9ed01e6351c30661cb35d8f38da83fcfdd7ee72e343e3327a55f17e9fd4240d961039c8bca8267c4c5355ee126b0064066,08/06/2025 04:20:00 PM,1,DRIVERLESS,,2023874,,KIA,OPTIMA / K5,IL,2016,UNKNOWN,PASSENGER,PERSONAL,E,STRAIGHT AHEAD,Y,,0,,cpd,,,Y,Y,,,,,,,,,,Y,,FRONT-RIGHT-CORNER,,,,,,,,,,,,,,,,,,,,,,,,,,,,,,,,,
2123000,2bfae94829e1c7d9ba98129526720e9ed01e6351c30661cb35d8f38da83fcfdd7ee72e343e3327a55f17e9fd4240d961039c8bca8267c4c5355ee126b0064066,08/06/2025 04:20:00 PM,2,PARKED,,2023879,,HONDA,PILOT,IL,2025,UNKNOWN,PASSENGER,PERSONAL,E,PARKED,,,0,,,,,,,,,,Y,Y,,,,,,,REAR-LEFT-CORNER,,,,,,,,,,,,,,,,,,,,,,,,,,,,,,,,,
2122907,64208a4915c29ab6e0bffbfe73064fe88f6d4a1e45582a283be04dc70b15bc4fdd945fe6b720f8392ac816f313b2a66adcb57b9c5daa833e06ce7a27df41623c,08/06/2025 04:19:00 PM,1,DRIVER,,2023805,,FORD,OTHER (EXPLAIN IN NARRATIVE),IL,2019,NONE,OTHER,FIRE,S,STARTING IN TRAFFIC,,,1,,,,,,,,,,,,,,Y,,,,SIDE-LEFT,,,,,,,,,,,,,,,,,,,,,,,,,,,,,,,,,
2128372,eda04ae697078d0a3526b55f47beefe91f9da7975ddde373642717286e7e0e067fd4997d6878280a32338b23d017bda62f8be25df88e95b7ca8b3362bf264860,08/06/2025 04:18:00 PM,1,DRIVER,,2028963,,CADILLAC,SRX,IL,2012,NONE,SPORT UTILITY VEHICLE (SUV),PERSONAL,W,CHANGING LANES,,,1,,,,,Y,,,,,,,,,,,,,FRONT-RIGHT-CORNER,,,,,,,,,,,,,,,,,,,,,,,,,,,,,,,,,
2128373,eda04ae697078d0a3526b55f47beefe91f9da7975ddde373642717286e7e0e067fd4997d6878280a32338b23d017bda62f8be25df88e95b7ca8b3362bf264860,08/06/2025 04:18:00 PM,2,DRIVER,1,2028964,,TOYOTA,SIENNA,IL,2006,NONE,VAN/MINI-VAN,PERSONAL,W,SLOW/STOP IN TRAFFIC,,,2,,,,,,,,,,,,,Y,,,,,SIDE-LEFT,,,,,,,,,,,,,,,,,,,,,,,,,,,,,,,,,
2122955,0993e9aaf64636840305ba02545f2be2f7c52165a74dc86d5cfec095b4031eb999c7475f7af103f1cb7b9e6f87c5e01700cefafa14d02effca86e229faf34ee2,08/06/2025 04:15:00 PM,1,DRIVER,,2023832,,BMW,330I,IL,2018,UNKNOWN,PASSENGER,PERSONAL,UNKNOWN,CHANGING LANES,,,1,,,,,,Y,Y,Y,,,,,,,,,,SIDE-RIGHT,,,,,,,,,,,,,,,,,,,,,,,,,,,,,,,,,
2122956,0993e9aaf64636840305ba02545f2be2f7c52165a74dc86d5cfec095b4031eb999c7475f7af103f1cb7b9e6f87c5e01700cefafa14d02effca86e229faf34ee2,08/06/2025 04:15:00 PM,2,DRIVER,,2023837,,KIA,SOUL,IL,2020,UNKNOWN,SPORT UTILITY VEHICLE (SUV),PERSONAL,UNKNOWN,STRAIGHT AHEAD,,,1,,,,,,,,,,,Y,Y,,,,,,REAR-LEFT-CORNER,,,,,,,,,,,,,,,,,,,,,,,,,,,,,,,,,
2122889,38fc06d0298618584a8ba780b413be3c39013e6fbe640bc28f9164c7382dc3f5b1e0a70da41583f7f3343b4ceeed1bf36f5741a28823266486b41b35725570a5,08/06/2025 04:15:00 PM,1,DRIVER,,2023761,,HARLEY-DAVIDSON,HARLEY-DAVIDSON,,,UNKNOWN,MOPED OR MOTORIZED BICYCLE,UNKNOWN/NA,E,PASSING/OVERTAKING,,,1,,,,,,,,,,,,,,,,,Y,UNKNOWN,,,,,,,,,,,,,,,,,,,,,,,,,,,,,,,,,
2122890,38fc06d0298618584a8ba780b413be3c39013e6fbe640bc28f9164c7382dc3f5b1e0a70da41583f7f3343b4ceeed1bf36f5741a28823266486b41b35725570a5,08/06/2025 04:15:00 PM,2,DRIVER,1,2023770,,NISSAN,VERSA,IL,2023,NONE,PASSENGER,PERSONAL,E,SLOW/STOP IN TRAFFIC,,,2,,,,,Y,,,,,,,,,,,,,FRONT-RIGHT-CORNER,,,,,,,,,,,,,,,,,,,,,,,,,,,,,,,,,
2123399,08e6aca140e2244471d83150ead93d6b70e1374879be0c37ae61f9923f6076a9fad96171ce70666c119ab37f14079a405afd51046c498fa3c1b0774a6a9a260b,08/06/2025 04:00:00 PM,1,DRIVER,1,2024262,,ACURA,TLX,IL,2012,UNKNOWN,PASSENGER,UNKNOWN/NA,S,UNKNOWN/NA,,,2,,,,,,,Y,Y,,,,,,,,,,SIDE-RIGHT,,,,,,,,,,,,,,,,,,,,,,,,,,,,,,,,,
2123400,08e6aca140e2244471d83150ead93d6b70e1374879be0c37ae61f9923f6076a9fad96171ce70666c119ab37f14079a405afd51046c498fa3c1b0774a6a9a260b,08/06/2025 04:00:00 PM,2,DRIVER,1,2024268,,FORD,FOCUS,IL,2016,UNKNOWN,PASSENGER,UNKNOWN/NA,E,STRAIGHT AHEAD,,,2,,,,,,,,,,,,,,,,Y,,FRONT,,,,,,,,,,,,,,,,,,,,,,,,,,,,,,,,,
2122919,78d2ae10a9765c48ae8f41b8b282ae2d5d5bb03ed1cbd39b26e0349c841d338515fc9c6de9b373579cb73dd381e159950f86606e4ae863842b7b2b1f8a83ae11,08/06/2025 04:00:00 PM,1,DRIVER,,2023784,,UNKNOWN,MOTORIZED,,2000,UNKNOWN,UNKNOWN/NA,UNKNOWN/NA,UNKNOWN,UNKNOWN/NA,,,1,,,,,,,,,,,,,,,,,Y,UNKNOWN,,,,,,,,,,,,,,,,,,,,,,,,,,,,,,,,,
2122920,78d2ae10a9765c48ae8f41b8b282ae2d5d5bb03ed1cbd39b26e0349c841d338515fc9c6de9b373579cb73dd381e159950f86606e4ae863842b7b2b1f8a83ae11,08/06/2025 04:00:00 PM,2,PARKED,,2023788,,TOYOTA,RAV4,IL,2009,UNKNOWN,PASSENGER,PERSONAL,S,PARKED,,,0,,,,,Y,,,,,,,,,,Y,Y,,FRONT,,,,,,,,,,,,,,,,,,,,,,,,,,,,,,,,,
2124076,b6b4357d97c53d73e6a35d60937a2f70a38e41ba13814b6542691a7192f30b7d5118a7893b1e9eb5cad14b789bee758f8eba7d408d6d9999f5d31431e5d05b3f,08/06/2025 04:00:00 PM,1,DRIVER,,2024893,,ACURA,ADX,IL,2014,NONE,PASSENGER,PERSONAL,W,CHANGING LANES,,,1,,,,,Y,,,,,,,,,,,,,FRONT-RIGHT-CORNER,,,,,,,,,,,,,,,,,,,,,,,,,,,,,,,,,
2124077,b6b4357d97c53d73e6a35d60937a2f70a38e41ba13814b6542691a7192f30b7d5118a7893b1e9eb5cad14b789bee758f8eba7d408d6d9999f5d31431e5d05b3f,08/06/2025 04:00:00 PM,2,DRIVER,,2024894,,VOLKSWAGEN,JETTA,IL,2016,NONE,PASSENGER,PERSONAL,W,CHANGING LANES,,,1,,,,,,,,,,,,,,,Y,,,FRONT-LEFT-CORNER,,,,,,,,,,,,,,,,,,,,,,,,,,,,,,,,,
2122959,c27e6a10cc53ace651168397b4a2cea26ec86859e6937fd367b043e13cc9cf5a2d045742e41b70bf48765ff5a5db41a5f5b078ddf2187208b463100a54991ed9,08/06/2025 04:00:00 PM,1,DRIVER,,2023849,,TOYOTA,CAMRY,IL,2017,UNKNOWN,PASSENGER,UNKNOWN/NA,W,STRAIGHT AHEAD,,,1,,,,,,,,,,,,,,,,,Y,UNKNOWN,,,,,,,,,,,,,,,,,,,,,,,,,,,,,,,,,
2122960,c27e6a10cc53ace651168397b4a2cea26ec86859e6937fd367b043e13cc9cf5a2d045742e41b70bf48765ff5a5db41a5f5b078ddf2187208b463100a54991ed9,08/06/2025 04:00:00 PM,2,DRIVER,,2023883,,SUBARU,IMPREZA,IL,2015,UNKNOWN,PASSENGER,PERSONAL,W,STRAIGHT AHEAD,,,1,,,,,,,,,Y,Y,Y,,,,,,,REAR,,,,,,,,,,,,,,,,,,,,,,,,,,,,,,,,,
2122833,3f1226e4223ad671cc4de93c6bd61d3d4a546cc2487b8c8f258146a05d6532e87cea135ce5fe6cdf076e375134763498c472ac54c2d308255a5085c5d8858da7,08/06/2025 03:56:00 PM,1,DRIVER,,2023724,,GENERAL MOTORS CORPORATION (GMC),SAVANNAH,AZ,2017,UNKNOWN,TRUCK - SINGLE UNIT,COMMERCIAL - SINGLE UNIT,N,STRAIGHT AHEAD,,,1,,,,Y,,,,,,,,,,,,,,SIDE-RIGHT-REAR,,,,,,,,,,,,,,,,,,,,,,,,,,,,,,,,,
2122834,3f1226e4223ad671cc4de93c6bd61d3d4a546cc2487b8c8f258146a05d6532e87cea135ce5fe6cdf076e375134763498c472ac54c2d308255a5085c5d8858da7,08/06/2025 03:56:00 PM,2,PARKED,,2023735,,CADILLAC,ATS,IL,2013,UNKNOWN,PASSENGER,PERSONAL,UNKNOWN,PARKED,,,0,,,,,,,,,Y,Y,,,,,,,,REAR-RIGHT-CORNER,,,,,,,,,,,,,,,,,,,,,,,,,,,,,,,,,
2122868,94ba2a8fe39ee75246acb0e9a7e97b42123b3b07c6e7821228c11e6273fada7e2dec233ceafec862fd1dd0215a2b37137e1629f366e92ff73200153c465cd07f,08/06/2025 03:55:00 PM,1,DRIVER,1,2023745,,FORD,ESCAPE,IL,2014,UNKNOWN,PASSENGER,PERSONAL,S,MERGING,,,2,,,,,,Y,Y,,,,,,,,,,,SIDE-RIGHT,,,,,,,,,,,,,,,,,,,,,,,,,,,,,,,,,
2122869,94ba2a8fe39ee75246acb0e9a7e97b42123b3b07c6e7821228c11e6273fada7e2dec233ceafec862fd1dd0215a2b37137e1629f366e92ff73200153c465cd07f,08/06/2025 03:55:00 PM,2,DRIVER,,2023753,,FORD,FOCUS,IL,2009,UNKNOWN,PASSENGER,PERSONAL,S,MERGING,,,1,,,,,,,,,,,,Y,Y,Y,,,,SIDE-LEFT,,,,,,,,,,,,,,,,,,,,,,,,,,,,,,,,,
2122841,e9279e7949bbb718b4e91b2aac7c5740efee810b32d63b6726de3633c1e55d414621222a96b2cea8523848fb880ba0e719858047fe49889ec45975f23425ba5b,08/06/2025 03:54:00 PM,1,DRIVER,,2023716,,TOYOTA,CAMRY,IL,2016,UNKNOWN,PASSENGER,PERSONAL,S,STRAIGHT AHEAD,,,1,,,,Y,,,,,,,,,,,,,,FRONT-RIGHT-CORNER,,,,,,,,,,,,,,,,,,,,,,,,,,,,,,,,,
2122842,e9279e7949bbb718b4e91b2aac7c5740efee810b32d63b6726de3633c1e55d414621222a96b2cea8523848fb880ba0e719858047fe49889ec45975f23425ba5b,08/06/2025 03:54:00 PM,2,BICYCLE,,,,,,,,,,,,,,,,,,,,,,,,,,,,,,,,,,,,,,,,,,,,,,,,,,,,,,,,,,,,,,,,,,
2122885,f70432c42e84335fa11a6e0d238f96f882477490664389fc32a1461f9c32177938cee9bcfcf424f05f3be5d94792356dc0a8575886daa7325396fe4f21010054,08/06/2025 03:53:00 PM,1,DRIVER,,2023790,,TOYOTA,COROLLA,IL,2009,UNKNOWN,UNKNOWN/NA,PERSONAL,S,TURNING LEFT,Y,,1,,STREETS AND SANITATION,701 N Sacramento Blvd,,Y,Y,,,,,,,,,,Y,,FRONT-RIGHT-CORNER,,,,,,,,,,,,,,,,,,,,,,,,,,,,,,,,,
2122886,f70432c42e84335fa11a6e0d238f96f882477490664389fc32a1461f9c32177938cee9bcfcf424f05f3be5d94792356dc0a8575886daa7325396fe4f21010054,08/06/2025 03:53:00 PM,2,DRIVER,,2023808,,VOLKSWAGEN,PASSAT,IL,2018,UNKNOWN,PASSENGER,PERSONAL,N,STRAIGHT AHEAD,Y,,1,,PRIVATE TOW,UNK,,,,,,,,,,,Y,Y,Y,,FRONT-LEFT-CORNER,,,,,,,,,,,,,,,,,,,,,,,,,,,,,,,,,
2122835,bb33054f4cd9118aa12e3f98c1d7ef20704d464d93c415d3c808bd7c2659d96ae6a0737b285463cdf022282097ac258b39f7d09840242e3bcb8e5a3d9d6f8977,08/06/2025 03:52:00 PM,2,BICYCLE,,,,,,,,,,,,,,,,,,,,,,,,,,,,,,,,,,,,,,,,,,,,,,,,,,,,,,,,,,,,,,,,,,
2122836,bb33054f4cd9118aa12e3f98c1d7ef20704d464d93c415d3c808bd7c2659d96ae6a0737b285463cdf022282097ac258b39f7d09840242e3bcb8e5a3d9d6f8977,08/06/2025 03:52:00 PM,1,DRIVER,,2023723,,HONDA,ODYSSEY,IL,2016,UNKNOWN,VAN/MINI-VAN,UNKNOWN/NA,W,STRAIGHT AHEAD,,,1,,,,,,,,,,,,,,,,,,UNKNOWN,,,,,,,,,,,,,,,,,,,,,,,,,,,,,,,,,
2122817,1a6179b8e545f4bb87d8f79ffd46850369e06d85768273a3c750e6ee645cee8dd199618a49cb8515da608630882a706d47e7703a460b617d1f1a2e2bf75437fe,08/06/2025 03:50:00 PM,1,DRIVER,,2023694,,NISSAN,SENTRA,IL,2019,NONE,PASSENGER,PERSONAL,S,CHANGING LANES,,,1,,,,,,,,,,,,Y,Y,Y,Y,,,FRONT-LEFT-CORNER,,,,,,,,,,,,,,,,,,,,,,,,,,,,,,,,,
2122818,1a6179b8e545f4bb87d8f79ffd46850369e06d85768273a3c750e6ee645cee8dd199618a49cb8515da608630882a706d47e7703a460b617d1f1a2e2bf75437fe,08/06/2025 03:50:00 PM,2,DRIVER,,2023695,,TOYOTA,CAMRY,IN,,UNKNOWN,PASSENGER,PERSONAL,S,STRAIGHT AHEAD,,,1,,,,,,,,,,,,,,,,,Y,UNKNOWN,,,,,,,,,,,,,,,,,,,,,,,,,,,,,,,,,
2122935,b9d0c4a39ce8338450f7e187369412c624ccf805d6eb8ab36f3a5f3998bb5e805ce245921f42431a5baa379f33a534dc22f58fa37665de423a36dd3e7cea5a88,08/06/2025 03:48:00 PM,1,NON-MOTOR VEHICLE,,,,,,,,,,,,,,,,,,,,,,,,,,,,,,,,,,,,,,,,,,,,,,,,,,,,,,,,,,,,,,,,,,
2122936,b9d0c4a39ce8338450f7e187369412c624ccf805d6eb8ab36f3a5f3998bb5e805ce245921f42431a5baa379f33a534dc22f58fa37665de423a36dd3e7cea5a88,08/06/2025 03:48:00 PM,2,DRIVER,,2023825,,MITSUBISHI,OUTLANDER,IL,2025,UNKNOWN,PASSENGER,PERSONAL,N,STRAIGHT AHEAD,,,1,,,,,,,,,,,,,,Y,Y,,,SIDE-LEFT,,,,,,,,,,,,,,,,,,,,,,,,,,,,,,,,,
2122843,70bab523afe578cdb75162ddb24a7399d6e66fc854eb215097214bb2ce0b66f553463a9511336b286e1372daf879f7eabaf34d4782b77b7b3918031a23e209aa,08/06/2025 03:47:00 PM,1,DRIVER,,2023726,,AUDI,Q5,IL,2020,NONE,SPORT UTILITY VEHICLE (SUV),PERSONAL,W,PASSING/OVERTAKING,,,1,,,,,,,,,,,,,,,,,,FRONT-RIGHT-CORNER,,,,,,,,,,,,,,,,,,,,,,,,,,,,,,,,,