CRASH_UNIT_ID,CRASH_RECORD_ID,CRASH_DATE,UNIT_NO,UNIT_TYPE,NUM_PASSENGERS,VEHICLE_ID,CMRC_VEH_I,MAKE,MODEL,LIC_PLATE_STATE,VEHICLE_YEAR,VEHICLE_DEFECT,VEHICLE_TYPE,VEHICLE_USE,TRAVEL_DIRECTION,MANEUVER,TOWED_I,FIRE_I,OCCUPANT_CNT,EXCEED_SPEED_LIMIT_I,TOWED_BY,TOWED_TO,AREA_00_I,AREA_01_I,AREA_02_I,AREA_03_I,AREA_04_I,AREA_05_I,AREA_06_I,AREA_07_I,AREA_08_I,AREA_09_I,AREA_10_I,AREA_11_I,AREA_12_I,AREA_99_I,FIRST_CONTACT_POINT,CMV_ID,USDOT_NO,CCMC_NO,ILCC_NO,COMMERCIAL_SRC,GVWR,CARRIER_NAME,CARRIER_STATE,CARRIER_CITY,HAZMAT_PLACARDS_I,HAZMAT_NAME,UN_NO,HAZMAT_PRESENT_I,HAZMAT_REPORT_I,HAZMAT_REPORT_NO,MCS_REPORT_I,MCS_REPORT_NO,HAZMAT_VIO_CAUSE_CRASH_I,MCS_VIO_CAUSE_CRASH_I,IDOT_PERMIT_NO,WIDE_LOAD_I,TRAILER1_WIDTH,TRAILER2_WIDTH,TRAILER1_LENGTH,TRAILER2_LENGTH,TOTAL_VEHICLE_LENGTH,AXLE_CNT,VEHICLE_CONFIG,CARGO_BODY_TYPE,LOAD_TYPE,HAZMAT_OUT_OF_SERVICE_I,MCS_OUT_OF_SERVICE_I,HAZMAT_CLASS
2122844,70bab523afe578cdb75162ddb24a7399d6e66fc854eb215097214bb2ce0b66f553463a9511336b286e1372daf879f7eabaf34d4782b77b7b3918031a23e209aa,08/06/2025 03:47:00 PM,2,DRIVER,1,2023813,,NISSAN,MURANO,IL,2015,OTHER,SPORT UTILITY VEHICLE (SUV),PERSONAL,W,OTHER,,,2,,,,,,,,,,,,,,,,,,REAR-LEFT-CORNER,,,,,,,,,,,,,,,,,,,,,,,,,,,,,,,,,
2122865,ab9b83468b6ea0df07691c4afc6e3ff4ffe9e0728641e387b82d27f28ded39ef71653ec2e99cfa2859f2661a5b8571ddc7bb1a9c6805ca3d125255e83602dde2,08/06/2025 03:45:00 PM,1,DRIVER,,2023762,,FORD,F450,IL,2000,NONE,TRUCK - SINGLE UNIT,OTHER,NE,BACKING,,,1,,,,,,,,,Y,,,,,,,,,REAR-RIGHT-CORNER,,,,,,,,,,,,,,,,,,,,,,,,,,,,,,,,,
2122866,ab9b83468b6ea0df07691c4afc6e3ff4ffe9e0728641e387b82d27f28ded39ef71653ec2e99cfa2859f2661a5b8571ddc7bb1a9c6805ca3d125255e83602dde2,08/06/2025 03:45:00 PM,2,PARKED,,2023767,,HYUNDAI,OTHER (EXPLAIN IN NARRATIVE),IL,2013,NONE,PASSENGER,NOT IN USE,N,PARKED,,,0,,,,,,,,,,Y,Y,,,,,,,REAR-LEFT-CORNER,,,,,,,,,,,,,,,,,,,,,,,,,,,,,,,,,
2122813,66029a50c5a189ee97f6fa81b79bcd56c4034709e08fa0c9e377e49dce9b523734aef3c8ac1ff2005c2a4c76661ee5cc6efaec04ef41fe731f9fb570adf3a0bb,08/06/2025 03:43:00 PM,1,DRIVER,,2023696,,CHEVROLET,SUBURBAN,IL,2013,UNKNOWN,SPORT UTILITY VEHICLE (SUV),UNKNOWN/NA,W,STRAIGHT AHEAD,Y,,1,,City of Chicago,Pound 3,,,,,,,,,,,,,Y,,FRONT,,,,,,,,,,,,,,,,,,,,,,,,,,,,,,,,,
2122814,66029a50c5a189ee97f6fa81b79bcd56c4034709e08fa0c9e377e49dce9b523734aef3c8ac1ff2005c2a4c76661ee5cc6efaec04ef41fe731f9fb570adf3a0bb,08/06/2025 03:43:00 PM,2,DRIVER,1,2023709,,BUICK,ENCORE,IL,2020,NONE,PASSENGER,PERSONAL,W,STRAIGHT AHEAD,,,2,,,,,,,,,,Y,,,,,,,,REAR,,,,,,,,,,,,,,,,,,,,,,,,,,,,,,,,,
2122862,d539b88fe6a53e79772352492ee869c8ecb276e7fbdb579ba89b06a50fd96925e5a5f6fe69a96f118fbb785c7d8ea7d9692975014465a0174aafb750b6389d2b,08/06/2025 03:40:00 PM,1,DRIVER,1,2023727,,FORD,EXPLORER,IL,,NONE,SPORT UTILITY VEHICLE (SUV),UNKNOWN/NA,E,BACKING,,,2,,,,,,,,,,Y,,,,,,,,REAR,,,,,,,,,,,,,,,,,,,,,,,,,,,,,,,,,
2122863,d539b88fe6a53e79772352492ee869c8ecb276e7fbdb579ba89b06a50fd96925e5a5f6fe69a96f118fbb785c7d8ea7d9692975014465a0174aafb750b6389d2b,08/06/2025 03:40:00 PM,2,DRIVER,,2023734,,TOYOTA,COROLLA,IL,,NONE,PASSENGER,PERSONAL,W,SLOW/STOP IN TRAFFIC,,,1,,,,,,,,,,,Y,,,,,,,FRONT-LEFT-CORNER,,,,,,,,,,,,,,,,,,,,,,,,,,,,,,,,,
2122961,59b8231689f7f8998d03c26221d7833c67c3ae0796428b31f7ceb823b8e531612ca952ae416b0c9a82f605f6faf5ace0b79dfae04b28715571251d9b441d75fb,08/06/2025 03:35:00 PM,1,DRIVER,,2023836,,DODGE,RAM 1500 PU,IA,2008,UNKNOWN,PICKUP,PERSONAL,W,STRAIGHT AHEAD,,,1,,,,Y,,,,,,,,,,,,,,FRONT,,,,,,,,,,,,,,,,,,,,,,,,,,,,,,,,,
2122962,59b8231689f7f8998d03c26221d7833c67c3ae0796428b31f7ceb823b8e531612ca952ae416b0c9a82f605f6faf5ace0b79dfae04b28715571251d9b441d75fb,08/06/2025 03:35:00 PM,2,DRIVER,,2023895,,CHEVROLET,IMPALA,IL,2012,NONE,PASSENGER,PERSONAL,W,STRAIGHT AHEAD,,,1,,,,,,,,,,Y,,,,,,,,REAR,,,,,,,,,,,,,,,,,,,,,,,,,,,,,,,,,
2124084,e951c0c165994abf1599797e1a70284ac021436e2bf50d621f19f861b9ac55fb2c1397048208553fe277d17054aaf7b438d029bc333825a87aff6994b460b8dd,08/06/2025 03:35:00 PM,1,DRIVER,,2024907,,FORD,F250,IL,,UNKNOWN,PICKUP,UNKNOWN/NA,W,UNKNOWN/NA,,,1,,,,,,,,,,,,,,,,,Y,UNKNOWN,,,,,,,,,,,,,,,,,,,,,,,,,,,,,,,,,
2124085,e951c0c165994abf1599797e1a70284ac021436e2bf50d621f19f861b9ac55fb2c1397048208553fe277d17054aaf7b438d029bc333825a87aff6994b460b8dd,08/06/2025 03:35:00 PM,2,PARKED,,2024915,,FORD,MAVERICK TRUCK,IL,2022,NONE,PASSENGER,PERSONAL,W,PARKED,,,0,,,,,,,,,,,,,,Y,Y,Y,,FRONT-LEFT-CORNER,,,,,,,,,,,,,,,,,,,,,,,,,,,,,,,,,
2122845,ece80103376c0d88deb20ab1e0462fc774b5ad1f816c8660756dc60ee8a3606a3c29f8f108dec0ca5c7f4e3d3b478c69e215c2999601b10b9b8cc5ffbb51e9ba,08/06/2025 03:35:00 PM,1,DRIVER,,2023714,,TOYOTA,BZ4X,IL,2020,OTHER,PASSENGER,PERSONAL,S,TURNING RIGHT,,,1,,,,,,,,,,,,,,,Y,,,FRONT-LEFT-CORNER,,,,,,,,,,,,,,,,,,,,,,,,,,,,,,,,,
2122846,ece80103376c0d88deb20ab1e0462fc774b5ad1f816c8660756dc60ee8a3606a3c29f8f108dec0ca5c7f4e3d3b478c69e215c2999601b10b9b8cc5ffbb51e9ba,08/06/2025 03:35:00 PM,2,DRIVER,,2023720,,TOYOTA,RAV4,IL,2018,UNKNOWN,PASSENGER,PERSONAL,S,STRAIGHT AHEAD,,,1,,,,,Y,,,,,,,,,,,,,FRONT-RIGHT-CORNER,,,,,,,,,,,,,,,,,,,,,,,,,,,,,,,,,
2122853,373779862692e4fd2108f8b7f0dc89f69eda7c58b62c04320157ccd8909017ad2dddc38827135bd630ffc7a1098d69fc3c341faa3384c3d14b6481fa2c4cb680,08/06/2025 03:30:00 PM,1,DRIVER,1,2023721,,JEEP,RENEGADE,IN,2015,NONE,PASSENGER,PERSONAL,W,STRAIGHT AHEAD,Y,,2,,owner request,unk,,Y,,,,,,,,,,Y,Y,,FRONT,,,,,,,,,,,,,,,,,,,,,,,,,,,,,,,,,
2122854,373779862692e4fd2108f8b7f0dc89f69eda7c58b62c04320157ccd8909017ad2dddc38827135bd630ffc7a1098d69fc3c341faa3384c3d14b6481fa2c4cb680,08/06/2025 03:30:00 PM,2,DRIVER,,2023743,,VOLKSWAGEN,OTHER (EXPLAIN IN NARRATIVE),IL,2023,UNKNOWN,PASSENGER,PERSONAL,W,STRAIGHT AHEAD,Y,,1,,owner request,unk,,,,,,Y,Y,Y,,,,,,,REAR,,,,,,,,,,,,,,,,,,,,,,,,,,,,,,,,,
2123030,4439a5d55620224b209c65f33d9d27b25f19f888e904d919745880420f9a3e4a67728fde4bf05ed8692c1dfd6b2d5ff72ae0ef04b582281ac208867ffa40f67c,08/06/2025 03:30:00 PM,1,DRIVER,,2023902,,CHEVROLET,TRAVERSE,IL,2019,NONE,PASSENGER,PERSONAL,S,SLOW/STOP IN TRAFFIC,Y,,1,,private tow,unknown,Y,Y,,,,,,,,,,Y,Y,,FRONT,,,,,,,,,,,,,,,,,,,,,,,,,,,,,,,,,
2123031,4439a5d55620224b209c65f33d9d27b25f19f888e904d919745880420f9a3e4a67728fde4bf05ed8692c1dfd6b2d5ff72ae0ef04b582281ac208867ffa40f67c,08/06/2025 03:30:00 PM,2,DRIVER,,2023908,,CHEVROLET,SILVERADO,IL,2014,NONE,PICKUP,PERSONAL,S,STRAIGHT AHEAD,,,1,,,,Y,,,,,Y,Y,Y,,,,,,,REAR,,,,,,,,,,,,,,,,,,,,,,,,,,,,,,,,,
2124036,99f6fe5755cdadfd475a4b088a5ba34349b3e60ca687953288267e2c8d041ae2912d536bd48203fe2f7501c20990429473010aab52bf1b32f812726ad33b4342,08/06/2025 03:30:00 PM,1,DRIVER,,2024864,,CADILLAC,OTHER (EXPLAIN IN NARRATIVE),,,NONE,PASSENGER,UNKNOWN/NA,NW,TURNING RIGHT,,,1,,,,,,,,,,,,,,,,,Y,FRONT,,,,,,,,,,,,,,,,,,,,,,,,,,,,,,,,,
2124037,99f6fe5755cdadfd475a4b088a5ba34349b3e60ca687953288267e2c8d041ae2912d536bd48203fe2f7501c20990429473010aab52bf1b32f812726ad33b4342,08/06/2025 03:30:00 PM,2,BICYCLE,,,,,,,,,,,,,,,,,,,,,,,,,,,,,,,,,,,,,,,,,,,,,,,,,,,,,,,,,,,,,,,,,,
2122850,a4af9fd3b60a0d1d3e637116888e3500765dfff65697fab663a4bdef0764e17179e639c7b2cb05bcb8dd08f887b4f5dbc0adcab30af129b7457d01d73614c319,08/06/2025 03:30:00 PM,1,DRIVER,1,2023719,,HONDA,CIVIC,IL,2015,UNKNOWN,UNKNOWN/NA,UNKNOWN/NA,S,STRAIGHT AHEAD,,,2,,,,,Y,,,,,,,,,,Y,Y,,FRONT,,,,,,,,,,,,,,,,,,,,,,,,,,,,,,,,,
2122851,a4af9fd3b60a0d1d3e637116888e3500765dfff65697fab663a4bdef0764e17179e639c7b2cb05bcb8dd08f887b4f5dbc0adcab30af129b7457d01d73614c319,08/06/2025 03:30:00 PM,2,DRIVER,,2023729,,HONDA,HR-V,IN,2024,UNKNOWN,PASSENGER,PERSONAL,S,SLOW/STOP IN TRAFFIC,,,1,,,,,,,,,Y,Y,Y,,,,,,,REAR,,,,,,,,,,,,,,,,,,,,,,,,,,,,,,,,,
2122825,0e2df4e4a89db46b4b29c44c8a9e7a534113811e96b427a3e1952d915d673dedd0f1a73e6b3799f96af88a937373c51e7685a8f9acaac0e1be88eeb4e3ffb3e2,08/06/2025 03:26:00 PM,1,DRIVER,,2023707,,TOYOTA,HIGHLANDER,IL,2011,NONE,PASSENGER,PERSONAL,W,STRAIGHT AHEAD,,,1,,,,,,,,,,,,,,,,Y,,FRONT,,,,,,,,,,,,,,,,,,,,,,,,,,,,,,,,,
2122826,0e2df4e4a89db46b4b29c44c8a9e7a534113811e96b427a3e1952d915d673dedd0f1a73e6b3799f96af88a937373c51e7685a8f9acaac0e1be88eeb4e3ffb3e2,08/06/2025 03:26:00 PM,2,DRIVER,,2023717,,TOYOTA,COROLLA,IL,2012,NONE,PASSENGER,PERSONAL,W,OTHER,,,1,,,,,,,,,,Y,,,,,,,,REAR,,,,,,,,,,,,,,,,,,,,,,,,,,,,,,,,,
2123009,587bf2966e2fcd796e1f1b82f64e0086b99f89b4e5773850dd064f8ce2a8e4024cd7a0a1a1fb2eea4a6609b4a9bf5475559cc9f3fa67d52de6b9d92910c72963,08/06/2025 03:26:00 PM,1,DRIVER,,2023882,,FORD,EXPLORER,IL,2003,NONE,PASSENGER,PERSONAL,W,U-TURN,,,1,,,,,Y,,,,,,,,,,,,,FRONT-RIGHT-CORNER,,,,,,,,,,,,,,,,,,,,,,,,,,,,,,,,,
2123010,587bf2966e2fcd796e1f1b82f64e0086b99f89b4e5773850dd064f8ce2a8e4024cd7a0a1a1fb2eea4a6609b4a9bf5475559cc9f3fa67d52de6b9d92910c72963,08/06/2025 03:26:00 PM,2,DRIVER,,2023888,,JEEP,COMPASS,IL,2016,NONE,PASSENGER,PERSONAL,E,STRAIGHT AHEAD,,,1,,,,,,,,,,,,,,,Y,,,FRONT-LEFT-CORNER,,,,,,,,,,,,,,,,,,,,,,,,,,,,,,,,,
2122855,0c30521bbd1888cb173ff6ee20b5d58490eebf6e89bf98596e2c9a62ac0a761b56e7caa3acdb8e0009dcdb90c52de52c763b3f04afe118e7b6b2ffbb5de63b96,08/06/2025 03:20:00 PM,1,DRIVER,,2023758,,INFINITI,G35,IL,2004,NONE,PASSENGER,PERSONAL,E,SLOW/STOP IN TRAFFIC,,,1,,,,Y,,,,,,,,,,,,,,FRONT,,,,,,,,,,,,,,,,,,,,,,,,,,,,,,,,,
2122856,0c30521bbd1888cb173ff6ee20b5d58490eebf6e89bf98596e2c9a62ac0a761b56e7caa3acdb8e0009dcdb90c52de52c763b3f04afe118e7b6b2ffbb5de63b96,08/06/2025 03:20:00 PM,2,DRIVER,,2023774,,JEEP,GRAND CHEROKEE,IL,2017,NONE,PASSENGER,PERSONAL,E,SLOW/STOP IN TRAFFIC,,,1,,,,,,,,,,Y,,,,,,,,REAR,,,,,,,,,,,,,,,,,,,,,,,,,,,,,,,,,
2122881,497298e1fd15507efae8146145d3315e75790c3e067421c9e1b32fb7bfcd3d13e5b85eee1589d1c21118e3a5c5ee5359b0afd0db51dfe35a417aa5a7beb735ca,08/06/2025 03:19:00 PM,1,DRIVER,,2023773,,CHEVROLET,EQUINOX,IL,2019,UNKNOWN,SPORT UTILITY VEHICLE (SUV),PERSONAL,E,TURNING LEFT,,,1,,,,Y,,,,,,,,,,,,,,FRONT-RIGHT-CORNER,,,,,,,,,,,,,,,,,,,,,,,,,,,,,,,,,
2122882,497298e1fd15507efae8146145d3315e75790c3e067421c9e1b32fb7bfcd3d13e5b85eee1589d1c21118e3a5c5ee5359b0afd0db51dfe35a417aa5a7beb735ca,08/06/2025 03:19:00 PM,2,PEDESTRIAN,,,,,,,,,,,,,,,,,,,,,,,,,,,,,,,,,,,,,,,,,,,,,,,,,,,,,,,,,,,,,,,,,,
2122904,1e1867d6eff809dda1896bdcd197641bcbbf9a1486684513c319980b830afb1fa6cf74d376476e213b363cd4dce6b8fc2fad6e6fd97e12ece4a36607bf01a16f,08/06/2025 03:15:00 PM,1,DRIVER,,2023772,,CHEVROLET,EXPRESS,,2009,UNKNOWN,VAN/MINI-VAN,PERSONAL,S,BACKING,,,1,,,,Y,,,,,,,,,,,,,,REAR,,,,,,,,,,,,,,,,,,,,,,,,,,,,,,,,,
2122916,1e1867d6eff809dda1896bdcd197641bcbbf9a1486684513c319980b830afb1fa6cf74d376476e213b363cd4dce6b8fc2fad6e6fd97e12ece4a36607bf01a16f,08/06/2025 03:15:00 PM,2,PARKED,,2023783,,MAZDA,OTHER (EXPLAIN IN NARRATIVE),IL,2006,UNKNOWN,PASSENGER,PERSONAL,S,PARKED,,,0,,,,Y,,,,,,,,,,,,,,FRONT,,,,,,,,,,,,,,,,,,,,,,,,,,,,,,,,,
2122797,a197fea9d727ca7c999be8a73d5b1342ae3313a54cddd5c91916b5f920addee0042aa2d112ef7b96a9b8da9fd3cf4227c660f2cfb659db12d5259a4cf5abdf45,08/06/2025 03:15:00 PM,1,DRIVER,,2023693,,BMW,540,IL,2005,UNKNOWN,PASSENGER,PERSONAL,SW,TURNING RIGHT,Y,,1,,PRIVATE TOW,UNKNOWN,,,,,,,,,,,,,Y,,FRONT,,,,,,,,,,,,,,,,,,,,,,,,,,,,,,,,,
2122798,a197fea9d727ca7c999be8a73d5b1342ae3313a54cddd5c91916b5f920addee0042aa2d112ef7b96a9b8da9fd3cf4227c660f2cfb659db12d5259a4cf5abdf45,08/06/2025 03:15:00 PM,2,DRIVER,,2023700,,KIA,FORTE,IL,2010,UNKNOWN,PASSENGER,PERSONAL,SW,TURNING RIGHT,,,1,,,,,,,,,,Y,,,,,,,,REAR,,,,,,,,,,,,,,,,,,,,,,,,,,,,,,,,,
2123395,be273061b205854bba36da1d08726ebe03bc19e34d5f837d42e5f9d1f969befe303478cebf9f9ac07169a668c155af3ed9ef7d4a3bcac8281b248d7ab163c938,08/06/2025 03:12:00 PM,1,DRIVER,,2024247,,TOYOTA,CAMRY,IL,2016,UNKNOWN,PASSENGER,TAXI/FOR HIRE,S,CHANGING LANES,,,1,,,,,,Y,Y,Y,Y,,N,N,N,N,N,,,SIDE-RIGHT,,,,,,,,,,,,,,,,,,,,,,,,,,,,,,,,,
2123396,be273061b205854bba36da1d08726ebe03bc19e34d5f837d42e5f9d1f969befe303478cebf9f9ac07169a668c155af3ed9ef7d4a3bcac8281b248d7ab163c938,08/06/2025 03:12:00 PM,2,DRIVER,,2024248,,TOYOTA,COROLLA,IL,2025,UNKNOWN,UNKNOWN/NA,UNKNOWN/NA,S,STRAIGHT AHEAD,,,1,,,,,,,N,N,N,,Y,Y,Y,Y,Y,,N,SIDE-LEFT,,,,,,,,,,,,,,,,,,,,,,,,,,,,,,,,,
2122874,efbd276c1f526e5cb7f2d2cf9cd24a166ee6c566ed4d5b7933bbd8a99f44741f1b32aea04a01d75682fefa8b5733b5292021689dd630cb2fd353b8634db36c4e,08/06/2025 03:10:00 PM,1,DRIVER,,2023749,,NISSAN,SENTRA,IL,2024,NONE,PASSENGER,PERSONAL,E,STRAIGHT AHEAD,,,1,,,,,,,,,,,,,,,,Y,,FRONT,,,,,,,,,,,,,,,,,,,,,,,,,,,,,,,,,
2122875,efbd276c1f526e5cb7f2d2cf9cd24a166ee6c566ed4d5b7933bbd8a99f44741f1b32aea04a01d75682fefa8b5733b5292021689dd630cb2fd353b8634db36c4e,08/06/2025 03:10:00 PM,2,DRIVER,,2023760,,NISSAN,SENTRA,IL,2017,NONE,PASSENGER,PERSONAL,E,SLOW/STOP IN TRAFFIC,,,1,,,,,,,,,,Y,,,,,,,,REAR,,,,,,,,,,,,,,,,,,,,,,,,,,,,,,,,,
2122815,36d435bec2d6f2764bc9ce1254cec84c75852d144e87cee6893082837fc86d47cd5f11f4723afd6c6283f9d2a6cd16bf25f67b4e8bcd970614748e60ffe37bdc,08/06/2025 03:00:00 PM,1,DRIVER,,2023690,,KIA,VENGA,IL,2024,NONE,PASSENGER,PERSONAL,W,TURNING LEFT,,,1,,,,,Y,Y,,,,,,,,,,,,FRONT-RIGHT-CORNER,,,,,,,,,,,,,,,,,,,,,,,,,,,,,,,,,
2122816,36d435bec2d6f2764bc9ce1254cec84c75852d144e87cee6893082837fc86d47cd5f11f4723afd6c6283f9d2a6cd16bf25f67b4e8bcd970614748e60ffe37bdc,08/06/2025 03:00:00 PM,2,DRIVER,2,2023697,,AUDI,Q3,IL,2026,NONE,PASSENGER,PERSONAL,W,STRAIGHT AHEAD,,,3,,,,,,,,,,,Y,Y,,,,,,REAR-LEFT-CORNER,,,,,,,,,,,,,,,,,,,,,,,,,,,,,,,,,
2122947,b667db155ca647a14fb3155c84a46f309aec3000bbbc1374f9dd2daeb3e279d933c25fb9dc270a5b726c2837460d7c872e38fd35e2713ee7a28998c0377ef725,08/06/2025 03:00:00 PM,1,DRIVER,,2023831,,SATURN,VUE,IL,2006,UNKNOWN,PASSENGER,PERSONAL,S,CHANGING LANES,,,1,,,,,,,,,,,,,,,,,Y,UNKNOWN,,,,,,,,,,,,,,,,,,,,,,,,,,,,,,,,,
2122948,b667db155ca647a14fb3155c84a46f309aec3000bbbc1374f9dd2daeb3e279d933c25fb9dc270a5b726c2837460d7c872e38fd35e2713ee7a28998c0377ef725,08/06/2025 03:00:00 PM,2,DRIVER,,2023838,,HONDA,HR-V,IL,2017,NONE,PASSENGER,PERSONAL,S,STRAIGHT AHEAD,,,1,,,,,,,,,,,,Y,Y,Y,,,,SIDE-LEFT,,,,,,,,,,,,,,,,,,,,,,,,,,,,,,,,,
2122876,f212362f7eac817e2e926a9474d966c3bcd1fefdf17079ac76e4aa168459df42440ae19816e1c6b81eb89a7ea9be4668f1349e9246e9269b35817acb4cf88a0f,08/06/2025 03:00:00 PM,1,DRIVER,,2023764,,TOYOTA,AVALON,IL,2013,NONE,PASSENGER,PERSONAL,E,STRAIGHT AHEAD,,,1,,,,,Y,,,,,,N,N,N,N,Y,Y,,FRONT,,,,,,,,,,,,,,,,,,,,,,,,,,,,,,,,,
2122877,f212362f7eac817e2e926a9474d966c3bcd1fefdf17079ac76e4aa168459df42440ae19816e1c6b81eb89a7ea9be4668f1349e9246e9269b35817acb4cf88a0f,08/06/2025 03:00:00 PM,2,DRIVER,,2023801,,TOYOTA,COROLLA,IL,2003,NONE,PASSENGER,PERSONAL,N,STRAIGHT AHEAD,,,1,,,,,Y,Y,Y,Y,Y,,,,,,N,N,,SIDE-RIGHT,,,,,,,,,,,,,,,,,,,,,,,,,,,,,,,,,
2122803,b6ba7a17b3a9c8f02ee55f4cb3ae45ae2f9d59f39c9ff0dca55b619b458c1ab43538e1ccca29bcbcf06b0a1960a8313d819775b283153ae05f06225d7420e681,08/06/2025 02:55:00 PM,1,DRIVER,,2023698,,JEEP,COMPASS,IL,2018,UNKNOWN,SPORT UTILITY VEHICLE (SUV),UNKNOWN/NA,W,STRAIGHT AHEAD,,,1,,,,,,,,,,,,,,,,,Y,FRONT,,,,,,,,,,,,,,,,,,,,,,,,,,,,,,,,,
2122804,b6ba7a17b3a9c8f02ee55f4cb3ae45ae2f9d59f39c9ff0dca55b619b458c1ab43538e1ccca29bcbcf06b0a1960a8313d819775b283153ae05f06225d7420e681,08/06/2025 02:55:00 PM,2,DRIVER,,2023706,,NISSAN,VERSA,VA,2024,NONE,PASSENGER,OTHER,W,SLOW/STOP IN TRAFFIC,,,1,,,,,,,,,,Y,,,,,,,,REAR,,,,,,,,,,,,,,,,,,,,,,,,,,,,,,,,,
2122837,509a50da431ddf4e989d5e9b34c8c15814e9d7a0ee78a0a8301c59d53ca0dd29bc3111ec864400995fe0824d7bc834014615e050f11b2688a3ab0c7a4a4c9531,08/06/2025 02:53:00 PM,1,DRIVER,,2023737,,FORD,OTHER (EXPLAIN IN NARRATIVE),IL,2020,NONE,OTHER,OTHER,S,LEAVING TRAFFIC LANE TO PARK,,,1,,,,,,,Y,,,,,,,,,,,SIDE-RIGHT,,,,,,,,,,,,,,,,,,,,,,,,,,,,,,,,,
2122838,509a50da431ddf4e989d5e9b34c8c15814e9d7a0ee78a0a8301c59d53ca0dd29bc3111ec864400995fe0824d7bc834014615e050f11b2688a3ab0c7a4a4c9531,08/06/2025 02:53:00 PM,2,PARKED,,2023747,,UNKNOWN,OTHER (EXPLAIN IN NARRATIVE),,,NONE,PASSENGER,UNKNOWN/NA,UNKNOWN,PARKED,,,0,,,,,Y,Y,,,,,,,,,,,,SIDE-RIGHT,,,,,,,,,,,,,,,,,,,,,,,,,,,,,,,,,
2122827,d7ed7aa8a9ba841d1ea5f7d93f288ede214955d4f100978944626de1c6c9265ec57e7b5dbdea63db5e363569799262ead0a643b45901fb86a6838825ec9fea37,08/06/2025 02:51:00 PM,1,DRIVER,,2023711,,SUBARU,LEGACY,IL,2011,NONE,PASSENGER,PERSONAL,S,STRAIGHT AHEAD,,,1,,,,,Y,,,,,,,,,,,Y,,FRONT-RIGHT-CORNER,,,,,,,,,,,,,,,,,,,,,,,,,,,,,,,,,
2122852,d7ed7aa8a9ba841d1ea5f7d93f288ede214955d4f100978944626de1c6c9265ec57e7b5dbdea63db5e363569799262ead0a643b45901fb86a6838825ec9fea37,08/06/2025 02:51:00 PM,2,DRIVER,,2023715,,JEEP,GRAND CHEROKEE,IL,2014,NONE,PASSENGER,PERSONAL,E,STRAIGHT AHEAD,,,1,,,,,,,,,,,,,,,Y,Y,,FRONT-LEFT-CORNER,,,,,,,,,,,,,,,,,,,,,,,,,,,,,,,,,
2122821,481a221989074a7739037c155889926c38f79201ccd2cadfc038d07f9f46c02e7fece1399121685ea309c7f0287a1cd82931648d2088415052b12e563c82f69c,08/06/2025 02:49:00 PM,1,DRIVER,,2023704,,HYUNDAI,SONATA,IL,2015,TIRES,PASSENGER,PERSONAL,N,TURNING LEFT,,,1,,,,,,,,,,,Y,Y,Y,Y,Y,,,FRONT-LEFT-CORNER,,,,,,,,,,,,,,,,,,,,,,,,,,,,,,,,,
2122822,481a221989074a7739037c155889926c38f79201ccd2cadfc038d07f9f46c02e7fece1399121685ea309c7f0287a1cd82931648d2088415052b12e563c82f69c,08/06/2025 02:49:00 PM,2,DRIVER,,2023713,,FORD,ESCAPE,IL,2010,NONE,PASSENGER,PERSONAL,W,STRAIGHT AHEAD,,,1,,,,,Y,,,,,,,,,,N,Y,,FRONT-RIGHT-CORNER,,,,,,,,,,,,,,,,,,,,,,,,,,,,,,,,,
2122831,6e194d9191bca967ce8d6df330c455736f4e8234533172918f85ba896efce14060244944fa39d38ec0da306aae254bdf142da625c677ac1f3366dfbdf60156ba,08/06/2025 02:45:00 PM,1,DRIVER,,2023708,,ASTON MARTIN,OTHER (EXPLAIN IN NARRATIVE),IL,2021,UNKNOWN,SPORT UTILITY VEHICLE (SUV),UNKNOWN/NA,NW,PASSING/OVERTAKING,,,1,,,,,,,,,,,,,,,,,Y,REAR-LEFT-CORNER,,,,,,,,,,,,,,,,,,,,,,,,,,,,,,,,,
2122832,6e194d9191bca967ce8d6df330c455736f4e8234533172918f85ba896efce14060244944fa39d38ec0da306aae254bdf142da625c677ac1f3366dfbdf60156ba,08/06/2025 02:45:00 PM,2,DRIVER,,2023736,,VOLVO,S60,IL,2012,NONE,PASSENGER,PERSONAL,NW,SLOW/STOP IN TRAFFIC,,,1,,,,,Y,,,,,,,,,,,,,FRONT-RIGHT-CORNER,,,,,,,,,,,,,,,,,,,,,,,,,,,,,,,,,
2122819,8fc9145b44f88d0c94d1ce53ea4c668d2f9d706a5ef8ebcda84dd01e3a4b182d751dcab19bdf1356e87621ac434da432a9de0acf26cd5877b154b6433455ba77,08/06/2025 02:41:00 PM,1,DRIVER,1,2023702,,FORD,F150,IL,,UNKNOWN,PICKUP,UNKNOWN/NA,W,STRAIGHT AHEAD,,,2,,,,,,,,,,,,,,,,,,FRONT,,,,,,,,,,,,,,,,,,,,,,,,,,,,,,,,,