CRASH_UNIT_ID,CRASH_RECORD_ID,CRASH_DATE,UNIT_NO,UNIT_TYPE,NUM_PASSENGERS,VEHICLE_ID,CMRC_VEH_I,MAKE,MODEL,LIC_PLATE_STATE,VEHICLE_YEAR,VEHICLE_DEFECT,VEHICLE_TYPE,VEHICLE_USE,TRAVEL_DIRECTION,MANEUVER,TOWED_I,FIRE_I,OCCUPANT_CNT,EXCEED_SPEED_LIMIT_I,TOWED_BY,TOWED_TO,AREA_00_I,AREA_01_I,AREA_02_I,AREA_03_I,AREA_04_I,AREA_05_I,AREA_06_I,AREA_07_I,AREA_08_I,AREA_09_I,AREA_10_I,AREA_11_I,AREA_12_I,AREA_99_I,FIRST_CONTACT_POINT,CMV_ID,USDOT_NO,CCMC_NO,ILCC_NO,COMMERCIAL_SRC,GVWR,CARRIER_NAME,CARRIER_STATE,CARRIER_CITY,HAZMAT_PLACARDS_I,HAZMAT_NAME,UN_NO,HAZMAT_PRESENT_I,HAZMAT_REPORT_I,HAZMAT_REPORT_NO,MCS_REPORT_I,MCS_REPORT_NO,HAZMAT_VIO_CAUSE_CRASH_I,MCS_VIO_CAUSE_CRASH_I,IDOT_PERMIT_NO,WIDE_LOAD_I,TRAILER1_WIDTH,TRAILER2_WIDTH,TRAILER1_LENGTH,TRAILER2_LENGTH,TOTAL_VEHICLE_LENGTH,AXLE_CNT,VEHICLE_CONFIG,CARGO_BODY_TYPE,LOAD_TYPE,HAZMAT_OUT_OF_SERVICE_I,MCS_OUT_OF_SERVICE_I,HAZMAT_CLASS
2122820,8fc9145b44f88d0c94d1ce53ea4c668d2f9d706a5ef8ebcda84dd01e3a4b182d751dcab19bdf1356e87621ac434da432a9de0acf26cd5877b154b6433455ba77,08/06/2025 02:41:00 PM,2,DRIVER,,2023712,,CHEVROLET,OTHER (EXPLAIN IN NARRATIVE),IL,2019,NONE,PASSENGER,PERSONAL,W,STRAIGHT AHEAD,,,1,,,,,,,,,,Y,,,,,,,,REAR,,,,,,,,,,,,,,,,,,,,,,,,,,,,,,,,,
2122857,13cc3395a05e049117e0011093f23a461058411e05ae34cbbcfa8ded0a9eb5382e32eb7a55ad4a6810beb6e1a54bdadff790dda8810b08609f70a5a63bb19f7f,08/06/2025 02:39:00 PM,1,DRIVER,,2023728,,HONDA,OTHER (EXPLAIN IN NARRATIVE),IL,2019,UNKNOWN,SPORT UTILITY VEHICLE (SUV),PERSONAL,S,BACKING,,,1,,,,,,,,Y,Y,,,,,,,,,REAR-RIGHT-CORNER,,,,,,,,,,,,,,,,,,,,,,,,,,,,,,,,,
2122795,f9cca7971ed3d11c31a1d6d0a161b79a07b4932802a3e3feb4c882539a97dba1b981755d0c90f49eabd8e7353fc09baa58a249727db88aea46b938e18c107373,08/06/2025 02:35:00 PM,1,DRIVER,,2023681,,MAZDA,MAZDA3,MO,2018,UNKNOWN,PASSENGER,PERSONAL,W,OTHER,Y,,1,,private tow,,,,,,,,,,,Y,Y,Y,,,SIDE-LEFT,,,,,,,,,,,,,,,,,,,,,,,,,,,,,,,,,
2122796,f9cca7971ed3d11c31a1d6d0a161b79a07b4932802a3e3feb4c882539a97dba1b981755d0c90f49eabd8e7353fc09baa58a249727db88aea46b938e18c107373,08/06/2025 02:35:00 PM,2,DRIVER,,2023701,,HYUNDAI,KONA,IL,2019,UNKNOWN,PASSENGER,PERSONAL,W,PASSING/OVERTAKING,,,1,,,,,Y,Y,,,,,,,,,,,,FRONT-RIGHT-CORNER,,,,,,,,,,,,,,,,,,,,,,,,,,,,,,,,,
2122751,199734dc2992157a506d16804bf821eb711d27aa737b5cd400a35511c47c11dcdd74f91e225cd83be111b7f9315a8fb0c3eb24b36a50493f19fde383928c4517,08/06/2025 02:30:00 PM,1,DRIVER,,2023643,,NISSAN,MAXIMA,IL,2012,UNKNOWN,UNKNOWN/NA,UNKNOWN/NA,E,TURNING LEFT,,,1,,,,,Y,,,,,,,,,,,,,FRONT-RIGHT-CORNER,,,,,,,,,,,,,,,,,,,,,,,,,,,,,,,,,
2122752,199734dc2992157a506d16804bf821eb711d27aa737b5cd400a35511c47c11dcdd74f91e225cd83be111b7f9315a8fb0c3eb24b36a50493f19fde383928c4517,08/06/2025 02:30:00 PM,2,DRIVER,,2023648,,CHEVROLET,SILVERADO,IL,2023,NONE,PICKUP,PERSONAL,W,TURNING RIGHT,,,1,,,,,,,,,,,,,,,Y,Y,,FRONT-LEFT-CORNER,,,,,,,,,,,,,,,,,,,,,,,,,,,,,,,,,
2122860,935ae475773d9d2e9b746a65411c946a80d85e4c7358350835641d858fe6261ec2bf01be27b75c640d424cde6099057a13aa90f4530eeb3321b2c9786e64631d,08/06/2025 02:30:00 PM,1,DRIVER,,2023744,,EE-ZY TRAILER COMPANY,EE-ZY TRAILER CO.,IN,,NONE,TRACTOR W/ SEMI-TRAILER,COMMERCIAL - SINGLE UNIT,E,TURNING RIGHT,,,1,,,,,,,Y,,,,,,N,,,,,REAR-RIGHT-CORNER,,,,,,,,,,,,,,,,,,,,,,,,,,,,,,,,,
2122861,935ae475773d9d2e9b746a65411c946a80d85e4c7358350835641d858fe6261ec2bf01be27b75c640d424cde6099057a13aa90f4530eeb3321b2c9786e64631d,08/06/2025 02:30:00 PM,2,DRIVER,,2023785,,VOLVO,COMBI,OK,,NONE,SINGLE UNIT TRUCK WITH TRAILER,COMMERCIAL - SINGLE UNIT,N,OTHER,,,1,,,,,Y,,,,,,,,,,,,,FRONT-RIGHT-CORNER,,,,,,,,,,,,,,,,,,,,,,,,,,,,,,,,,
2122828,7690629d3c40661fe23ebef007e7abfb95ec061e255bf620f1bd2dd3fd0c0a5443318e95c8af6622362277484092dba4a997851a558c31db80ff21897d45646f,08/06/2025 02:29:00 PM,1,DRIVER,,2023710,,AUDI,Q5,IL,2014,UNKNOWN,SPORT UTILITY VEHICLE (SUV),PERSONAL,W,SLOW/STOP IN TRAFFIC,Y,,1,,UNK,UNK,,,,,,,,,,,,Y,Y,,FRONT,,,,,,,,,,,,,,,,,,,,,,,,,,,,,,,,,
2122829,7690629d3c40661fe23ebef007e7abfb95ec061e255bf620f1bd2dd3fd0c0a5443318e95c8af6622362277484092dba4a997851a558c31db80ff21897d45646f,08/06/2025 02:29:00 PM,2,DRIVER,,2023718,,HONDA,CIVIC,IL,2023,UNKNOWN,PASSENGER,PERSONAL,W,SLOW/STOP IN TRAFFIC,N,,1,,,,,,,,,,Y,,,,,,Y,,REAR,,,,,,,,,,,,,,,,,,,,,,,,,,,,,,,,,
2122830,7690629d3c40661fe23ebef007e7abfb95ec061e255bf620f1bd2dd3fd0c0a5443318e95c8af6622362277484092dba4a997851a558c31db80ff21897d45646f,08/06/2025 02:29:00 PM,3,DRIVER,,2023730,,HONDA,PILOT,IL,2010,UNKNOWN,SPORT UTILITY VEHICLE (SUV),PERSONAL,W,SLOW/STOP IN TRAFFIC,,,1,,,,,,,,,,Y,,,,,,,,REAR,,,,,,,,,,,,,,,,,,,,,,,,,,,,,,,,,
2123015,59b1237bae9134a26e48ca0e914c146b3d2022c22ccea7a7c9cc4ce539d711365030a165dcf8f4879e86b3829211213cade4061c6a4d97b9bb839738f4d53efe,08/06/2025 02:24:00 PM,1,DRIVER,,2023889,,UNKNOWN,OTHER (EXPLAIN IN NARRATIVE),XX,,UNKNOWN,UNKNOWN/NA,UNKNOWN/NA,S,STRAIGHT AHEAD,,,1,,,,,,,,,,,,,,,,,Y,UNKNOWN,,,,,,,,,,,,,,,,,,,,,,,,,,,,,,,,,
2123016,59b1237bae9134a26e48ca0e914c146b3d2022c22ccea7a7c9cc4ce539d711365030a165dcf8f4879e86b3829211213cade4061c6a4d97b9bb839738f4d53efe,08/06/2025 02:24:00 PM,2,DRIVER,,2023900,,CHEVROLET,TRAX,IL,2019,UNKNOWN,PASSENGER,PERSONAL,S,TURNING RIGHT,,,1,,,,,,,,,,,,,,,Y,,,SIDE-LEFT,,,,,,,,,,,,,,,,,,,,,,,,,,,,,,,,,
2123647,1a76b716890cb64b22c592ba673bd7e89a2f909ea166c7f9de0e218de4a5992f192c9e79a11d9779f761b147d8772caca8b8c21a5f3da280a9c7760c17982662,08/06/2025 02:20:00 PM,1,DRIVER,,2024513,,JEEP,CHEROKEE,IL,2012,UNKNOWN,PASSENGER,PERSONAL,W,STRAIGHT AHEAD,Y,,1,,TRIPLE AAA,,,Y,Y,,,,,,,,Y,Y,Y,,FRONT,,,,,,,,,,,,,,,,,,,,,,,,,,,,,,,,,
2123648,1a76b716890cb64b22c592ba673bd7e89a2f909ea166c7f9de0e218de4a5992f192c9e79a11d9779f761b147d8772caca8b8c21a5f3da280a9c7760c17982662,08/06/2025 02:20:00 PM,2,DRIVER,,2024521,,AUDI,Q8,IL,2024,NONE,PASSENGER,PERSONAL,N,STRAIGHT AHEAD,Y,,1,,TRIPLE AAA,,,Y,Y,Y,Y,Y,,,,,,,Y,,FRONT-LEFT-CORNER,,,,,,,,,,,,,,,,,,,,,,,,,,,,,,,,,
2122736,bb06a57984fd40a8bfbe8db53c8b0bc88f55e9b44abf634647c5b00edb550f46facb53bf7554f8108a1b42084df4a94a595206f9aeb450047de742f42e29c2dc,08/06/2025 02:15:00 PM,1,DRIVER,,2023617,,CADILLAC,XTS,IL,2014,NONE,PASSENGER,PERSONAL,SW,STRAIGHT AHEAD,,,1,,,,,,,,,,,,,,,,Y,,FRONT,,,,,,,,,,,,,,,,,,,,,,,,,,,,,,,,,
2122737,bb06a57984fd40a8bfbe8db53c8b0bc88f55e9b44abf634647c5b00edb550f46facb53bf7554f8108a1b42084df4a94a595206f9aeb450047de742f42e29c2dc,08/06/2025 02:15:00 PM,2,DRIVER,,2023626,,JEEP,PATRIOT,IL,2014,NONE,PASSENGER,PERSONAL,W,STRAIGHT AHEAD,,,1,,,,,,,,,,,,Y,,,,,,REAR,,,,,,,,,,,,,,,,,,,,,,,,,,,,,,,,,
2122847,6d9e4e8dbaa9a4f23d18647ea28fd530a62a19d9b4ad1667a30f550b9d87009331e4e19f10a52b6449c7b7f0265201bbc40353c7750add958dcc563b5c337814,08/06/2025 02:11:00 PM,1,DRIVER,1,2023746,,FREIGHTLINER CORPORATION,OTHER (EXPLAIN IN NARRATIVE),NB,2021,NONE,TRUCK - SINGLE UNIT,COMMERCIAL - SINGLE UNIT,S,STRAIGHT AHEAD,,,2,,,,,,,,,,,,,,,Y,,,FRONT-LEFT-CORNER,,,,,,,,,,,,,,,,,,,,,,,,,,,,,,,,,
2122848,6d9e4e8dbaa9a4f23d18647ea28fd530a62a19d9b4ad1667a30f550b9d87009331e4e19f10a52b6449c7b7f0265201bbc40353c7750add958dcc563b5c337814,08/06/2025 02:11:00 PM,2,PARKED,,2023733,,LAND ROVER,LAND ROVER (SPORT),IL,2022,NONE,SPORT UTILITY VEHICLE (SUV),PERSONAL,S,PARKED,,,0,,,,,,,,,Y,,,,,,,,,SIDE-RIGHT-REAR,,,,,,,,,,,,,,,,,,,,,,,,,,,,,,,,,
2122849,6d9e4e8dbaa9a4f23d18647ea28fd530a62a19d9b4ad1667a30f550b9d87009331e4e19f10a52b6449c7b7f0265201bbc40353c7750add958dcc563b5c337814,08/06/2025 02:11:00 PM,3,PARKED,,2023738,,CHEVROLET,IMPALA,IL,2014,NONE,PASSENGER,PERSONAL,S,PARKED,,,0,,,,,,Y,,,,,,,,,,,,SIDE-RIGHT,,,,,,,,,,,,,,,,,,,,,,,,,,,,,,,,,
2122997,1cd75e071e6ee5c1c52aba38c62eef1b06d0579e11bc11fa9dde8b0fddab8c56216d599f83bf55584ed2b4e808a219c519009b8ea0ffd80a008443b4df1d5c2d,08/06/2025 02:09:00 PM,1,DRIVER,,2023873,,DODGE,DURANGO,IL,2011,NONE,PASSENGER,PERSONAL,N,STRAIGHT AHEAD,,,1,,,,,Y,,,,,,,,,,,Y,,FRONT-RIGHT-CORNER,,,,,,,,,,,,,,,,,,,,,,,,,,,,,,,,,
2122998,1cd75e071e6ee5c1c52aba38c62eef1b06d0579e11bc11fa9dde8b0fddab8c56216d599f83bf55584ed2b4e808a219c519009b8ea0ffd80a008443b4df1d5c2d,08/06/2025 02:09:00 PM,2,BICYCLE,,,,,,,,,,,,,,,,,,,,,,,,,,,,,,,,,,,,,,,,,,,,,,,,,,,,,,,,,,,,,,,,,,
2122789,333a1ec8afc31ae12e62b8fc9561ba36a2dc3e21c6aaf61f077fef961af3041d221d5af1073d02ed78cbe7f8ce1ca2c4059201c5c36812843d37c1380befd71d,08/06/2025 02:09:00 PM,1,DRIVER,,2023674,,UNKNOWN,OTHER (EXPLAIN IN NARRATIVE),,,NONE,PICKUP,PERSONAL,N,STRAIGHT AHEAD,,,1,,,,,,,,,,,,,Y,Y,Y,,,FRONT-LEFT-CORNER,,,,,,,,,,,,,,,,,,,,,,,,,,,,,,,,,
2122790,333a1ec8afc31ae12e62b8fc9561ba36a2dc3e21c6aaf61f077fef961af3041d221d5af1073d02ed78cbe7f8ce1ca2c4059201c5c36812843d37c1380befd71d,08/06/2025 02:09:00 PM,2,DRIVER,1,2023680,,CHEVROLET,CRUZE,IL,2024,NONE,PASSENGER,PERSONAL,N,STRAIGHT AHEAD,,,2,,,,,Y,Y,Y,,,,,,,,,Y,,FRONT-RIGHT-CORNER,,,,,,,,,,,,,,,,,,,,,,,,,,,,,,,,,
2122805,2ea1c87acc8e9571d6e0e39b4c12627cfad7151898fa73b2892d5681299bbb7bb643f2a06ff62f47d1715d959cfc216eb04e85e9c39a6134d0dc8dc4da4f7fae,08/06/2025 02:00:00 PM,1,DRIVER,,2023687,,TOYOTA,PRE RUNNER,IL,2002,UNKNOWN,PASSENGER,PERSONAL,W,STRAIGHT AHEAD,,,1,,,,,Y,,,,,,,,,,Y,Y,,FRONT,,,,,,,,,,,,,,,,,,,,,,,,,,,,,,,,,
2122806,2ea1c87acc8e9571d6e0e39b4c12627cfad7151898fa73b2892d5681299bbb7bb643f2a06ff62f47d1715d959cfc216eb04e85e9c39a6134d0dc8dc4da4f7fae,08/06/2025 02:00:00 PM,2,DRIVER,,2023692,,BUICK,LACROSSE,IL,2017,UNKNOWN,PASSENGER,PERSONAL,NE,TURNING LEFT,,,1,,,,,,,,Y,Y,,,,,,,,,REAR-LEFT-CORNER,,,,,,,,,,,,,,,,,,,,,,,,,,,,,,,,,
2122761,5ec0a6ed6ec1520938cfb53b4b9c4d61c8059b61e61b0336af132514ac13361a281fa32dcf08048ac82acc22ef0fea884be278eb26170b899c8ba57873755744,08/06/2025 02:00:00 PM,1,DRIVER,,2023646,,KIA,FORTE,IL,2020,NONE,PASSENGER,PERSONAL,W,STRAIGHT AHEAD,,,1,,,,,,,,,,,,,,,,Y,,FRONT,,,,,,,,,,,,,,,,,,,,,,,,,,,,,,,,,
2122762,5ec0a6ed6ec1520938cfb53b4b9c4d61c8059b61e61b0336af132514ac13361a281fa32dcf08048ac82acc22ef0fea884be278eb26170b899c8ba57873755744,08/06/2025 02:00:00 PM,2,DRIVER,,2023654,,NISSAN,VERSA,OH,,NONE,PASSENGER,PERSONAL,W,STRAIGHT AHEAD,,,1,,,,,,,,,,Y,,,,,,,,REAR,,,,,,,,,,,,,,,,,,,,,,,,,,,,,,,,,
2129099,bccff2e6fc79c8a8e58dd2d8a9cdd7b8af3c8f16626181680747f24de3183b6555ab66ec70eb782ac5068b2a3d3865f0e14e63da87e2ddd2751823624b6dc249,08/06/2025 02:00:00 PM,1,DRIVER,,2029650,,DODGE,DURANGO,IL,2013,UNKNOWN,PASSENGER,PERSONAL,S,TURNING LEFT,,,1,,,,,Y,,,,,,,,,,Y,Y,,FRONT,,,,,,,,,,,,,,,,,,,,,,,,,,,,,,,,,
2129100,bccff2e6fc79c8a8e58dd2d8a9cdd7b8af3c8f16626181680747f24de3183b6555ab66ec70eb782ac5068b2a3d3865f0e14e63da87e2ddd2751823624b6dc249,08/06/2025 02:00:00 PM,2,DRIVER,,2029651,,CHEVROLET,MALIBU,IL,2016,NONE,PASSENGER,PERSONAL,W,STRAIGHT AHEAD,,,1,,,,,Y,Y,,,,,,,,,,,,SIDE-RIGHT,,,,,,,,,,,,,,,,,,,,,,,,,,,,,,,,,
2122823,d8efdca79fd19857860ac47050c723500f7498d03bcb44646dd3877496a35b4c6f581f156284ff6e67f2efb854d63e464866d28e2a9d7ae96a7f8365e75cca47,08/06/2025 01:46:00 PM,1,DRIVER,,2023703,,UNKNOWN,ENGINE,IL,,NONE,TRUCK - SINGLE UNIT,UNKNOWN/NA,N,TURNING RIGHT,,,1,,,,,,,,,,,,,,,,,Y,UNKNOWN,,,,,,,,,,,,,,,,,,,,,,,,,,,,,,,,,
2122824,d8efdca79fd19857860ac47050c723500f7498d03bcb44646dd3877496a35b4c6f581f156284ff6e67f2efb854d63e464866d28e2a9d7ae96a7f8365e75cca47,08/06/2025 01:46:00 PM,2,DRIVER,,2023741,,FORD,OTHER (EXPLAIN IN NARRATIVE),IL,2020,NONE,UNKNOWN/NA,COMMERCIAL - SINGLE UNIT,N,STRAIGHT AHEAD,,,1,,,,,,Y,,,,,,,,,,,,SIDE-RIGHT,,,,,,,,,,,,,,,,,,,,,,,,,,,,,,,,,
2122713,07ebd69777806ca52c4234869ac118267e60ba772a751f922148f531d93e3916d3051dd94ad144d9deb3fb5f6e6ba7062989d8047314c3e89fa962a35ea3c409,08/06/2025 01:45:00 PM,1,DRIVER,,2023604,,HINO,HINO,IL,2015,UNKNOWN,TRUCK - SINGLE UNIT,OTHER,W,STRAIGHT AHEAD,,,1,,,,Y,,,,,,,,,,,,,,SIDE-RIGHT-FRONT,,,,,,,,,,,,,,,,,,,,,,,,,,,,,,,,,
2122714,07ebd69777806ca52c4234869ac118267e60ba772a751f922148f531d93e3916d3051dd94ad144d9deb3fb5f6e6ba7062989d8047314c3e89fa962a35ea3c409,08/06/2025 01:45:00 PM,2,BICYCLE,,,,,,,,,,,,,,,,,,,,,,,,,,,,,,,,,,,,,,,,,,,,,,,,,,,,,,,,,,,,,,,,,,
2123235,26fb34b09099996b74ed0abfbbcd2bfd27253c38b8268f440f1a3f79bb92486430ddd1aeccc03a7925296730f636ddfb25f11fab910b8d922366829571bec75e,08/06/2025 01:45:00 PM,1,DRIVER,,2024090,,UNKNOWN,OTHER (EXPLAIN IN NARRATIVE),,,NONE,PASSENGER,UNKNOWN/NA,W,CHANGING LANES,,,1,,,,,,,,,,,,,,N,,,Y,SIDE-LEFT,,,,,,,,,,,,,,,,,,,,,,,,,,,,,,,,,
2123236,26fb34b09099996b74ed0abfbbcd2bfd27253c38b8268f440f1a3f79bb92486430ddd1aeccc03a7925296730f636ddfb25f11fab910b8d922366829571bec75e,08/06/2025 01:45:00 PM,2,DRIVER,,2024091,,FORD,F250,IL,2019,NONE,PICKUP,OTHER,W,STRAIGHT AHEAD,,,1,,,,,Y,Y,Y,,,,,,,,,,,SIDE-RIGHT,,,,,,,,,,,,,,,,,,,,,,,,,,,,,,,,,
2122745,a70151e647170dd23e2abc97fbb80ddf5b2b48e51dce2c3e64ea7aa6a9e917ccca1325dea5b3b28778749c4199c9dd1b217d53c4fb2c298f0ed4a786ff8566c2,08/06/2025 01:40:00 PM,1,DRIVER,1,2023629,,HONDA,HR-V,IL,2019,UNKNOWN,PASSENGER,PERSONAL,W,CHANGING LANES,,,2,,,,,Y,Y,Y,,,,,,,,,N,,FRONT-RIGHT-CORNER,,,,,,,,,,,,,,,,,,,,,,,,,,,,,,,,,
2122746,a70151e647170dd23e2abc97fbb80ddf5b2b48e51dce2c3e64ea7aa6a9e917ccca1325dea5b3b28778749c4199c9dd1b217d53c4fb2c298f0ed4a786ff8566c2,08/06/2025 01:40:00 PM,2,DRIVER,2,2023641,,TOYOTA,SIENNA,IL,2017,UNKNOWN,VAN/MINI-VAN,PERSONAL,W,STRAIGHT AHEAD,,,3,,,,,,,,,,,,Y,Y,Y,Y,,,SIDE-LEFT,,,,,,,,,,,,,,,,,,,,,,,,,,,,,,,,,
2122858,3566097c8561119005c160394d8c5c215b89ff13e74b5e2fb320c6a5ea3f33a47f17bcb716b06040ac37505f000826b716a3c813d6862a112f5226813d4b8f7f,08/06/2025 01:30:00 PM,1,DRIVER,,2023722,,JEEP,COMPASS,,,UNKNOWN,UNKNOWN/NA,UNKNOWN/NA,E,UNKNOWN/NA,,,1,,,,,,,,,,,,,,,,,Y,FRONT-RIGHT-CORNER,,,,,,,,,,,,,,,,,,,,,,,,,,,,,,,,,
2122859,3566097c8561119005c160394d8c5c215b89ff13e74b5e2fb320c6a5ea3f33a47f17bcb716b06040ac37505f000826b716a3c813d6862a112f5226813d4b8f7f,08/06/2025 01:30:00 PM,2,DRIVER,,2023732,,LEXUS,ES350,IL,2015,UNKNOWN,PASSENGER,PERSONAL,E,STRAIGHT AHEAD,Y,,1,,PRIVATE TOW,UNKNOWN,,,,,,,,,,Y,Y,Y,,,FRONT-LEFT-CORNER,,,,,,,,,,,,,,,,,,,,,,,,,,,,,,,,,
2123351,572a3014111f8f3195f7046c0aa44f1e9412e6f4b85e7fc0fd7d1df562387109257f4ccefb57cfdc8ed315da989e477cec6f0237eb90d581d32e002cf1e79dc4,08/06/2025 01:30:00 PM,1,DRIVER,,2024206,,SUBARU,FORESTER,IL,2014,UNKNOWN,PASSENGER,PERSONAL,W,TURNING RIGHT,,,1,,,,,Y,Y,Y,,,,,N,N,N,N,,,SIDE-RIGHT,,,,,,,,,,,,,,,,,,,,,,,,,,,,,,,,,
2123352,572a3014111f8f3195f7046c0aa44f1e9412e6f4b85e7fc0fd7d1df562387109257f4ccefb57cfdc8ed315da989e477cec6f0237eb90d581d32e002cf1e79dc4,08/06/2025 01:30:00 PM,2,DRIVER,,2024214,,KIA,FORTE,IL,2024,NONE,PASSENGER,PERSONAL,W,TURNING RIGHT,,,1,,,,,,,,,,,,Y,Y,Y,Y,,,SIDE-LEFT,,,,,,,,,,,,,,,,,,,,,,,,,,,,,,,,,
2122893,5b3e54c32070dbc83cade092065011348ed0fd1798413595224364759e9960cc66966159843116195f63a81468f2e8709dd1437d94d8ec31c7955dbde2c0c171,08/06/2025 01:30:00 PM,1,DRIVER,,2023763,,MERCEDES-BENZ,SPRINTER,IL,2019,NONE,PASSENGER,PERSONAL,N,STRAIGHT AHEAD,,,1,,,,Y,,,,,,,,,,,,N,,FRONT,,,,,,,,,,,,,,,,,,,,,,,,,,,,,,,,,
2122894,5b3e54c32070dbc83cade092065011348ed0fd1798413595224364759e9960cc66966159843116195f63a81468f2e8709dd1437d94d8ec31c7955dbde2c0c171,08/06/2025 01:30:00 PM,2,DRIVER,,2023780,,NISSAN,KICKS,IL,3021,NONE,PASSENGER,PERSONAL,N,SLOW/STOP IN TRAFFIC,,,1,,,,,,,,,,Y,,,,,,,,REAR,,,,,,,,,,,,,,,,,,,,,,,,,,,,,,,,,
2122747,6e1555ac7ef51e2116d06ce615e75e27ab68346fc81ea0f5e450c9026d1b488323fcd2521dd14a7402b017a396aae5083f1b8f47cda531fbf87c216784bf5555,08/06/2025 01:30:00 PM,1,DRIVER,,2023631,,LANDOLL CORPORATION,LANDOLL CORP.,IL,2019,UNKNOWN,TRACTOR W/ SEMI-TRAILER,COMMERCIAL - MULTI-UNIT,N,TURNING RIGHT,,,1,,,,,,,Y,,,,,,,,,,,SIDE-RIGHT,,,,,,,,,,,,,,,,,,,,,,,,,,,,,,,,,
2122748,6e1555ac7ef51e2116d06ce615e75e27ab68346fc81ea0f5e450c9026d1b488323fcd2521dd14a7402b017a396aae5083f1b8f47cda531fbf87c216784bf5555,08/06/2025 01:30:00 PM,2,DRIVER,,2023644,,ACURA,ZDX,IL,2015,NONE,SPORT UTILITY VEHICLE (SUV),PERSONAL,N,SLOW/STOP IN TRAFFIC,,,1,,,,,,,,,,,,,,,Y,,,FRONT-LEFT-CORNER,,,,,,,,,,,,,,,,,,,,,,,,,,,,,,,,,
2122765,6e1555ac7ef51e2116d06ce615e75e27ab68346fc81ea0f5e450c9026d1b488323fcd2521dd14a7402b017a396aae5083f1b8f47cda531fbf87c216784bf5555,08/06/2025 01:30:00 PM,3,DRIVER,,2023647,,FREIGHTLINER CORPORATION,FREIGHTLINER CORP.,IL,2014,UNKNOWN,TRACTOR W/ SEMI-TRAILER,COMMERCIAL - MULTI-UNIT,N,TURNING RIGHT,,,1,,,,Y,,,,,,,,,,,,,,NONE,,,,,,,,,,,,,,,,,,,,,,,,,,,,,,,,,
2122719,f2d6d2b7e1e3e43ab7482c5b64bc8239c146c6926ab2fbda6442a7f05d8958d54566c0daf148bf1087895370dec7fcb7ca34da274f7fd3b2f2f70380e9870c66,08/06/2025 01:24:00 PM,1,DRIVER,,2023607,,FORD,F750,LA,2000,UNKNOWN,TRUCK - SINGLE UNIT,OTHER,W,ENTERING TRAFFIC LANE FROM PARKING,,,1,,,,Y,,,,,,,,,,,,,,FRONT-LEFT-CORNER,,,,,,,,,,,,,,,,,,,,,,,,,,,,,,,,,
2122720,f2d6d2b7e1e3e43ab7482c5b64bc8239c146c6926ab2fbda6442a7f05d8958d54566c0daf148bf1087895370dec7fcb7ca34da274f7fd3b2f2f70380e9870c66,08/06/2025 01:24:00 PM,2,DRIVER,,2023613,,CHEVROLET,IMPALA,IL,2015,UNKNOWN,PASSENGER,UNKNOWN/NA,W,STRAIGHT AHEAD,,,1,,,,,,,Y,Y,,,,,,,,,,SIDE-RIGHT-REAR,,,,,,,,,,,,,,,,,,,,,,,,,,,,,,,,,
2122730,32b4ba102913d636c0e585633df95e4fd951c9fd399df4c638fbffd69e472de0cab9bafe7bbfa9e50bdefa4aded3e1f23645d4248245ba4717819a473acb26c9,08/06/2025 01:20:00 PM,1,DRIVER,,2023621,,TOYOTA,PRIUS,IL,2009,NONE,PASSENGER,PERSONAL,E,STRAIGHT AHEAD,,,1,,,,Y,,,,,,,,,,,,,,FRONT,,,,,,,,,,,,,,,,,,,,,,,,,,,,,,,,,
2122731,32b4ba102913d636c0e585633df95e4fd951c9fd399df4c638fbffd69e472de0cab9bafe7bbfa9e50bdefa4aded3e1f23645d4248245ba4717819a473acb26c9,08/06/2025 01:20:00 PM,2,BICYCLE,,,,,,,,,,,,,,,,,,,,,,,,,,,,,,,,,,,,,,,,,,,,,,,,,,,,,,,,,,,,,,,,,,
2122721,fac5b97194e9e3f6f9db723da15fed87e91674de4667abe98d2ade7ad2e7a5aacb8d69a78db8944f911d40c2486c81c47d68f448db6303cd254821f6fa903ee0,08/06/2025 01:20:00 PM,1,DRIVER,,2023620,,INDIAN,INDIAN,IL,2023,UNKNOWN,MOTORCYCLE (OVER 150CC),PERSONAL,S,STRAIGHT AHEAD,,,1,,,,,,,,,,,,,,,,Y,Y,FRONT,,,,,,,,,,,,,,,,,,,,,,,,,,,,,,,,,
2122763,88bb000ab0b5608bc2ef82b5205dbdd2fcb2508c6ebee95fca90e53202a0e34cbc5915150dfddedf41065dda58b9b7535c4df1da2295c6d886c9d65ba34cf03f,08/06/2025 01:17:00 PM,1,DRIVER,,2023645,,HONDA,HR-V,IL,2017,NONE,PASSENGER,PERSONAL,N,STRAIGHT AHEAD,,,1,,,,,,,,,,,,,,,,Y,,FRONT,,,,,,,,,,,,,,,,,,,,,,,,,,,,,,,,,
2122764,88bb000ab0b5608bc2ef82b5205dbdd2fcb2508c6ebee95fca90e53202a0e34cbc5915150dfddedf41065dda58b9b7535c4df1da2295c6d886c9d65ba34cf03f,08/06/2025 01:17:00 PM,2,DRIVER,,2023649,,INFINITI,FX35,IL,2010,NONE,PASSENGER,UNKNOWN/NA,N,SLOW/STOP IN TRAFFIC,,,1,,,,,,,,,,Y,,,,,,,,REAR,,,,,,,,,,,,,,,,,,,,,,,,,,,,,,,,,