CRASH_UNIT_ID,CRASH_RECORD_ID,CRASH_DATE,UNIT_NO,UNIT_TYPE,NUM_PASSENGERS,VEHICLE_ID,CMRC_VEH_I,MAKE,MODEL,LIC_PLATE_STATE,VEHICLE_YEAR,VEHICLE_DEFECT,VEHICLE_TYPE,VEHICLE_USE,TRAVEL_DIRECTION,MANEUVER,TOWED_I,FIRE_I,OCCUPANT_CNT,EXCEED_SPEED_LIMIT_I,TOWED_BY,TOWED_TO,AREA_00_I,AREA_01_I,AREA_02_I,AREA_03_I,AREA_04_I,AREA_05_I,AREA_06_I,AREA_07_I,AREA_08_I,AREA_09_I,AREA_10_I,AREA_11_I,AREA_12_I,AREA_99_I,FIRST_CONTACT_POINT,CMV_ID,USDOT_NO,CCMC_NO,ILCC_NO,COMMERCIAL_SRC,GVWR,CARRIER_NAME,CARRIER_STATE,CARRIER_CITY,HAZMAT_PLACARDS_I,HAZMAT_NAME,UN_NO,HAZMAT_PRESENT_I,HAZMAT_REPORT_I,HAZMAT_REPORT_NO,MCS_REPORT_I,MCS_REPORT_NO,HAZMAT_VIO_CAUSE_CRASH_I,MCS_VIO_CAUSE_CRASH_I,IDOT_PERMIT_NO,WIDE_LOAD_I,TRAILER1_WIDTH,TRAILER2_WIDTH,TRAILER1_LENGTH,TRAILER2_LENGTH,TOTAL_VEHICLE_LENGTH,AXLE_CNT,VEHICLE_CONFIG,CARGO_BODY_TYPE,LOAD_TYPE,HAZMAT_OUT_OF_SERVICE_I,MCS_OUT_OF_SERVICE_I,HAZMAT_CLASS
2123157,0302a3075ab0d35ce64f5d617f352be4ec98cfb918e11d50e58ce2ea238cefffff4bccf9dec4248c50a46b092a6b9c8f258e2303b7043fe73d45aff1765c3706,08/06/2025 01:00:00 PM,1,DRIVER,,2024010,,UNKNOWN,OTHER (EXPLAIN IN NARRATIVE),IL,,UNKNOWN,UNKNOWN/NA,UNKNOWN/NA,UNKNOWN,UNKNOWN/NA,,,1,,,,,,,,,,,,,,,,,Y,UNKNOWN,,,,,,,,,,,,,,,,,,,,,,,,,,,,,,,,,
2123158,0302a3075ab0d35ce64f5d617f352be4ec98cfb918e11d50e58ce2ea238cefffff4bccf9dec4248c50a46b092a6b9c8f258e2303b7043fe73d45aff1765c3706,08/06/2025 01:00:00 PM,2,PARKED,,2024013,,LEXUS,ES,IL,2013,NONE,PASSENGER,NOT IN USE,SW,PARKED,,,0,,,,,,,,,,,,,,,Y,,,FRONT-LEFT-CORNER,,,,,,,,,,,,,,,,,,,,,,,,,,,,,,,,,
2123405,054d0b66d37224643d942d03de21e88ce3f56856536505175779eb056695ae1ed2e6abe678ac4c7b27e501e510863a006df3e795fbba06e8d616156d34781ac9,08/06/2025 01:00:00 PM,1,DRIVER,,2024256,,UNKNOWN,MOTORIZED,,,UNKNOWN,UNKNOWN/NA,UNKNOWN/NA,N,UNKNOWN/NA,,,1,,,,,,,,,,,,,,,,,Y,UNKNOWN,,,,,,,,,,,,,,,,,,,,,,,,,,,,,,,,,
2123406,054d0b66d37224643d942d03de21e88ce3f56856536505175779eb056695ae1ed2e6abe678ac4c7b27e501e510863a006df3e795fbba06e8d616156d34781ac9,08/06/2025 01:00:00 PM,2,PARKED,,2024260,,TOYOTA,HIGHLANDER,IL,2010,NONE,SPORT UTILITY VEHICLE (SUV),NOT IN USE,N,PARKED,,,0,,,,,,,,,,,,,,,,,,SIDE-LEFT,,,,,,,,,,,,,,,,,,,,,,,,,,,,,,,,,
2122703,a28a37b39e3603687541202f975cf620cd5f7c679fe40e48b3cdc0f148f4ee5d3513353857b26a13295c49e176a2030f0d0453321b4a516c0ef9a8d26a15f64c,08/06/2025 01:00:00 PM,1,DRIVER,,2023594,,FORD,EXPEDITION,IL,2020,NONE,SPORT UTILITY VEHICLE (SUV),PERSONAL,W,BACKING,,,1,,,,,,,,,,Y,,,,,,,,REAR,,,,,,,,,,,,,,,,,,,,,,,,,,,,,,,,,
2122704,a28a37b39e3603687541202f975cf620cd5f7c679fe40e48b3cdc0f148f4ee5d3513353857b26a13295c49e176a2030f0d0453321b4a516c0ef9a8d26a15f64c,08/06/2025 01:00:00 PM,2,DRIVER,,2023596,,DODGE,CHARGER,IL,2020,NONE,PASSENGER,PERSONAL,E,SLOW/STOP IN TRAFFIC,,,1,,,,,,,,,,,,,,,,Y,,FRONT,,,,,,,,,,,,,,,,,,,,,,,,,,,,,,,,,
2122742,b903dde169461ba2c99efc043e7302172d376fdcf2c47a8569e2525ad79e89a7a212728fb13154c351fbcbfe9db02be6dd02090a861e4b9541b95eab77096427,08/06/2025 01:00:00 PM,2,DRIVER,,2023632,,BUICK,LACROSSE,IL,2005,UNKNOWN,PASSENGER,PERSONAL,N,PASSING/OVERTAKING,,,1,,,,,,,,Y,Y,,,,,,,,,REAR-RIGHT-CORNER,,,,,,,,,,,,,,,,,,,,,,,,,,,,,,,,,
2122744,b903dde169461ba2c99efc043e7302172d376fdcf2c47a8569e2525ad79e89a7a212728fb13154c351fbcbfe9db02be6dd02090a861e4b9541b95eab77096427,08/06/2025 01:00:00 PM,1,DRIVER,,2023682,,COMPACT EQUIPMENT COMPANY,COMPACT EQUIPMENT CO.,IL,,UNKNOWN,OTHER,OTHER,E,OTHER,,,1,,,,,,,,,Y,,,,,,,,,REAR-RIGHT-CORNER,,,,,,,,,,,,,,,,,,,,,,,,,,,,,,,,,
2123034,d901b861fb24cf69e73e7dabcc199f443163385db86648a6fd5353d845efd2664cb3e2c36d6002e113a49da12b738d07619feeab70ab681dfd51e7bd28159b37,08/06/2025 01:00:00 PM,1,DRIVER,,2023904,,UNKNOWN,OTHER (EXPLAIN IN NARRATIVE),IL,,UNKNOWN,OTHER,UNKNOWN/NA,SE,UNKNOWN/NA,,,1,,,,,,,,,,,,,,,,,Y,UNKNOWN,,,,,,,,,,,,,,,,,,,,,,,,,,,,,,,,,
2123041,d901b861fb24cf69e73e7dabcc199f443163385db86648a6fd5353d845efd2664cb3e2c36d6002e113a49da12b738d07619feeab70ab681dfd51e7bd28159b37,08/06/2025 01:00:00 PM,2,BICYCLE,,,,,,,,,,,,,,,,,,,,,,,,,,,,,,,,,,,,,,,,,,,,,,,,,,,,,,,,,,,,,,,,,,
2122732,e0327e283978e2376ac702fd02b0566ce0fea93d04dd5c74bb268cdcdbf4b37f667435eb75a2977bc240b72419590618c8fdbe3675304e1a6a52f04a04af32c0,08/06/2025 01:00:00 PM,1,DRIVER,,2023619,,HONDA,CIVIC,IL,2022,UNKNOWN,PASSENGER,PERSONAL,S,STRAIGHT AHEAD,,,1,,,,,Y,Y,,,,,,,Y,Y,Y,Y,,FRONT,,,,,,,,,,,,,,,,,,,,,,,,,,,,,,,,,
2122733,e0327e283978e2376ac702fd02b0566ce0fea93d04dd5c74bb268cdcdbf4b37f667435eb75a2977bc240b72419590618c8fdbe3675304e1a6a52f04a04af32c0,08/06/2025 01:00:00 PM,2,DRIVER,1,2023630,,HYUNDAI,SONATA,IL,2015,UNKNOWN,PASSENGER,PERSONAL,E,STRAIGHT AHEAD,Y,,2,,PRIVATE,,,,,,,,,,,Y,Y,Y,,,FRONT-LEFT-CORNER,,,,,,,,,,,,,,,,,,,,,,,,,,,,,,,,,
2122696,dd54184eade58ec2b668ee854a730569a187fc458af57c6e7e5d3fa038f41af401a99fa9fe9a8113b589c4ba99b951cdb017211618b43554e6b4fc328798f824,08/06/2025 12:56:00 PM,1,DRIVER,,2023591,,LEXUS,NX,IL,2019,NONE,PASSENGER,PERSONAL,N,PASSING/OVERTAKING,,,1,,,,,,,,Y,Y,,,,,,,,,SIDE-RIGHT-REAR,,,,,,,,,,,,,,,,,,,,,,,,,,,,,,,,,
2122697,dd54184eade58ec2b668ee854a730569a187fc458af57c6e7e5d3fa038f41af401a99fa9fe9a8113b589c4ba99b951cdb017211618b43554e6b4fc328798f824,08/06/2025 12:56:00 PM,2,DRIVER,,2023601,Y,NEW FLYER,OTHER (EXPLAIN IN NARRATIVE),IL,2012,NONE,BUS OVER 15 PASS.,CTA,N,OTHER,,,1,,,,,,,,,,,Y,,,,,,,REAR-LEFT-CORNER,"21,952",,,,DRIVER,3,CHICAGO TRANSIT AUTHORITY,IL,CHICAGO,,,,U,U,,U,,U,U,,,,,,,,,BUS,BUS,OTHER,N,N,
2122665,4ec62e9cb6a22084b2e423bcfb3c5168cf35c735e8e7cc4b514013ec3a8b9f26ff2fb12d64120b72b0930f6c7f617880ea5d4645b0b61028c712b61ac8ba62db,08/06/2025 12:45:00 PM,1,DRIVER,,2023566,,UNKNOWN,OTHER (EXPLAIN IN NARRATIVE),,,UNKNOWN,UNKNOWN/NA,UNKNOWN/NA,UNKNOWN,UNKNOWN/NA,,,1,,,,,,,,,,,,,,,,,Y,UNKNOWN,,,,,,,,,,,,,,,,,,,,,,,,,,,,,,,,,
2122666,4ec62e9cb6a22084b2e423bcfb3c5168cf35c735e8e7cc4b514013ec3a8b9f26ff2fb12d64120b72b0930f6c7f617880ea5d4645b0b61028c712b61ac8ba62db,08/06/2025 12:45:00 PM,2,PARKED,,2023573,,DODGE,OTHER (EXPLAIN IN NARRATIVE),,,UNKNOWN,TRUCK - SINGLE UNIT,OTHER,E,PARKED,,,0,,,,,Y,,,,,,,,,,,,,UNKNOWN,,,,,,,,,,,,,,,,,,,,,,,,,,,,,,,,,
2140179,d6289a3bd18b3906cee22733946952c00d711aebc51ebcb7eb5da1ce1b93386c8c4520433a7b5455384ef6ab13d130cd24116e78824b1e0ca734e688b2fe5712,08/06/2025 12:45:00 PM,1,DRIVER,,2040160,,HYUNDAI,SANTA FE,IL,2021,UNKNOWN,PASSENGER,UNKNOWN/NA,E,STRAIGHT AHEAD,,,1,,,,,,,,,,,,,,,,,,FRONT,,,,,,,,,,,,,,,,,,,,,,,,,,,,,,,,,
2140180,d6289a3bd18b3906cee22733946952c00d711aebc51ebcb7eb5da1ce1b93386c8c4520433a7b5455384ef6ab13d130cd24116e78824b1e0ca734e688b2fe5712,08/06/2025 12:45:00 PM,2,PEDESTRIAN,,,,,,,,,,,,,,,,,,,,,,,,,,,,,,,,,,,,,,,,,,,,,,,,,,,,,,,,,,,,,,,,,,
2122684,ab923822294a50d7102fb0457c80f1984deca51eaf1ae343d2674545edd3cca15e51f93ec6c646e1c268d60990e4fd41683ab8908323d449422fdce8f7480133,08/06/2025 12:43:00 PM,1,DRIVER,,2023577,,NISSAN,ALTIMA,IL,2016,NONE,PASSENGER,PERSONAL,S,TURNING LEFT,Y,,1,,,,,,,,,,,Y,Y,Y,Y,Y,,,SIDE-LEFT,,,,,,,,,,,,,,,,,,,,,,,,,,,,,,,,,
2122685,ab923822294a50d7102fb0457c80f1984deca51eaf1ae343d2674545edd3cca15e51f93ec6c646e1c268d60990e4fd41683ab8908323d449422fdce8f7480133,08/06/2025 12:43:00 PM,2,DRIVER,,2023584,,DODGE,GRAND CARAVAN,IL,2018,NONE,VAN/MINI-VAN,PERSONAL,W,STRAIGHT AHEAD,,,1,,,,,Y,,,,,,,,,,Y,Y,,FRONT,,,,,,,,,,,,,,,,,,,,,,,,,,,,,,,,,
2122717,2d9676023d7c2a7cec6e857380eaf241ab409070917a53aeb64a3c7848b916525b1ca64a58b963d248bd74ce81760937d672f9ad829a2cda1aa4914b01d6fbe8,08/06/2025 12:42:00 PM,1,DRIVER,,2023612,N,INTERNATIONAL HARVESTER,INTERNATIONAL HARVESTER,IL,2001,UNKNOWN,TRUCK - SINGLE UNIT,OTHER,W,CHANGING LANES,,,1,,,,Y,,,,,,,,,,,,,,FRONT-LEFT-CORNER,,,,,,,,,,,,,,,,,,,,,,,,,,,,,,,,,
2122718,2d9676023d7c2a7cec6e857380eaf241ab409070917a53aeb64a3c7848b916525b1ca64a58b963d248bd74ce81760937d672f9ad829a2cda1aa4914b01d6fbe8,08/06/2025 12:42:00 PM,2,DRIVER,,2023633,,JEEP,WRANGLER,IL,2024,NONE,PASSENGER,PERSONAL,W,STRAIGHT AHEAD,,,1,,,,,,,,,,Y,Y,,,,,,,SIDE-RIGHT-FRONT,,,,,,,,,,,,,,,,,,,,,,,,,,,,,,,,,
2123355,5700506748b96805f9e112b6e4d7d64836a8cf7d9b3faa3694ee92fae65e7835a202103236e2afc656f042bd4215a72d3e556aa6c2f1001f97559b3b3edfd201,08/06/2025 12:40:00 PM,1,DRIVER,,2024203,,CHEVROLET,IMPALA,IL,2007,UNKNOWN,PASSENGER,PERSONAL,N,NEGOTIATING A CURVE,Y,,1,,STREETS AND SAN 051701,POUND 1- 10301 S DOTY,,Y,Y,Y,,,,,,,,,Y,,FRONT-RIGHT-CORNER,,,,,,,,,,,,,,,,,,,,,,,,,,,,,,,,,
2123356,5700506748b96805f9e112b6e4d7d64836a8cf7d9b3faa3694ee92fae65e7835a202103236e2afc656f042bd4215a72d3e556aa6c2f1001f97559b3b3edfd201,08/06/2025 12:40:00 PM,2,DRIVER,3,2024204,,TOYOTA,HIGHLANDER,IL,2024,NONE,SPORT UTILITY VEHICLE (SUV),RIDESHARE SERVICE,N,NEGOTIATING A CURVE,,,4,,,,,,,,,,,Y,Y,Y,Y,Y,,,SIDE-LEFT,,,,,,,,,,,,,,,,,,,,,,,,,,,,,,,,,
2123357,5700506748b96805f9e112b6e4d7d64836a8cf7d9b3faa3694ee92fae65e7835a202103236e2afc656f042bd4215a72d3e556aa6c2f1001f97559b3b3edfd201,08/06/2025 12:40:00 PM,3,DRIVER,2,2024205,,VOLKSWAGEN,PASSAT,IL,2018,NONE,PASSENGER,PERSONAL,N,NEGOTIATING A CURVE,,,3,,,,,,,,,,,Y,Y,Y,Y,Y,,,SIDE-LEFT,,,,,,,,,,,,,,,,,,,,,,,,,,,,,,,,,
2122709,fdee3396c6df47cd7126c93971602c78e7aa95ee001f1b566954db5a12fee4523175021e003f900ca962fbe4dbc19a05dd947c9f479a66143c886f6f2c9eb4d2,08/06/2025 12:40:00 PM,1,DRIVER,,2023599,,DODGE,CARAVAN,IN,2006,UNKNOWN,PASSENGER,PERSONAL,E,PASSING/OVERTAKING,,,1,,,,,,N,,,,N,Y,Y,,N,,,,SIDE-LEFT,,,,,,,,,,,,,,,,,,,,,,,,,,,,,,,,,
2122710,fdee3396c6df47cd7126c93971602c78e7aa95ee001f1b566954db5a12fee4523175021e003f900ca962fbe4dbc19a05dd947c9f479a66143c886f6f2c9eb4d2,08/06/2025 12:40:00 PM,2,DRIVER,,2023610,,CHEVROLET,TAHOE,IL,2021,UNKNOWN,PASSENGER,PERSONAL,E,STRAIGHT AHEAD,,,1,,,,,,,,,,,Y,Y,,,,,,SIDE-LEFT,,,,,,,,,,,,,,,,,,,,,,,,,,,,,,,,,
2123088,0164c887816630c86611b92532bbb2619b03b0b39ab292617dd068fd8a349fa4a908db53b5c884070856d8496d020c2f4c33f2d5ef179b43dc628e66a7e119e4,08/06/2025 12:36:00 PM,1,DRIVER,,2023956,,UNKNOWN,OTHER (EXPLAIN IN NARRATIVE),IL,,UNKNOWN,TRUCK - SINGLE UNIT,CONSTRUCTION/MAINTENANCE,E,CHANGING LANES,,,1,,,,,,,,,,,,,Y,,,,,SIDE-LEFT,,,,,,,,,,,,,,,,,,,,,,,,,,,,,,,,,
2123089,0164c887816630c86611b92532bbb2619b03b0b39ab292617dd068fd8a349fa4a908db53b5c884070856d8496d020c2f4c33f2d5ef179b43dc628e66a7e119e4,08/06/2025 12:36:00 PM,2,DRIVER,,2023959,,CHEVROLET,TRAIL BLAZER,IL,2025,NONE,SPORT UTILITY VEHICLE (SUV),PERSONAL,E,STRAIGHT AHEAD,,,1,,,,,,,Y,,,,,,,,,,,SIDE-RIGHT,,,,,,,,,,,,,,,,,,,,,,,,,,,,,,,,,
2122688,1fcd0a157723ca6c7917364371141042ce69fa8c49a70435a606296bad797cbd99bf7ec5bc0e38cb4e64599eadeed727526186d733062f09a032ed59caaff761,08/06/2025 12:35:00 PM,1,DRIVER,,2023582,,HYUNDAI,ELANTRA,IL,2012,UNKNOWN,PASSENGER,PERSONAL,W,TURNING LEFT,,,1,,,,,,,,,,,,,,,,Y,,FRONT,,,,,,,,,,,,,,,,,,,,,,,,,,,,,,,,,
2122689,1fcd0a157723ca6c7917364371141042ce69fa8c49a70435a606296bad797cbd99bf7ec5bc0e38cb4e64599eadeed727526186d733062f09a032ed59caaff761,08/06/2025 12:35:00 PM,2,BICYCLE,,,,,,,,,,,,,,,,,,,,,,,,,,,,,,,,,,,,,,,,,,,,,,,,,,,,,,,,,,,,,,,,,,
2122686,ecfbd40cc37f8c8895c6962bcba397243cf4c4c67f204717ffcc4cc8b20fc8d640db8492614abfb86e00a46966bd7d17937e57f57ea3b543ebf10749976321ec,08/06/2025 12:35:00 PM,1,DRIVER,,2023576,,AUTOCAR,AUTOCAR,IL,2006,UNKNOWN,OTHER,OTHER,W,STRAIGHT AHEAD,,,1,,,,,,,,,,,,,,,,,,SIDE-RIGHT-REAR,,,,,,,,,,,,,,,,,,,,,,,,,,,,,,,,,
2122687,ecfbd40cc37f8c8895c6962bcba397243cf4c4c67f204717ffcc4cc8b20fc8d640db8492614abfb86e00a46966bd7d17937e57f57ea3b543ebf10749976321ec,08/06/2025 12:35:00 PM,2,DRIVERLESS,,2023580,,MINI,HARDTOP 2 DOOR,IL,2015,UNKNOWN,PASSENGER,NOT IN USE,W,PARKED,,,0,,,,,,,,,,,,,,Y,Y,,,FRONT-LEFT-CORNER,,,,,,,,,,,,,,,,,,,,,,,,,,,,,,,,,
2122663,11ebd2b106500ef9d51ee0c0cbeaf9cacef355f5428f904f87978da3cd0f65792f0c721842f501a5f8a4726a2da822966b49823ec87e2b1ac082ad9c400f410b,08/06/2025 12:30:00 PM,1,DRIVER,,2023563,,CHEVROLET,TRAVERSE,IL,2017,UNKNOWN,PASSENGER,PERSONAL,E,MERGING,,,1,,,,,Y,Y,,,,,,,,,,Y,,FRONT-RIGHT-CORNER,,,,,,,,,,,,,,,,,,,,,,,,,,,,,,,,,
2122664,11ebd2b106500ef9d51ee0c0cbeaf9cacef355f5428f904f87978da3cd0f65792f0c721842f501a5f8a4726a2da822966b49823ec87e2b1ac082ad9c400f410b,08/06/2025 12:30:00 PM,2,PARKED,1,2023578,,CHEVROLET,MALIBU,IL,2019,UNKNOWN,PASSENGER,PERSONAL,E,PARKED,,,1,,,,,,,,,,,,,Y,,,,,FRONT-LEFT-CORNER,,,,,,,,,,,,,,,,,,,,,,,,,,,,,,,,,
2122939,12965c958f9f4add688511a5eafc93a932572627823da2859bcecc1c0992819563e7ca6ab4a6c36702fb12ffbe51ecb8edc4d84864d562f61e17fc48c6288e00,08/06/2025 12:30:00 PM,1,DRIVER,,2023814,,UNKNOWN,MOTORIZED,,,UNKNOWN,PASSENGER,UNKNOWN/NA,UNKNOWN,UNKNOWN/NA,,,1,,,,,,,,,,,,,,,,,Y,UNKNOWN,,,,,,,,,,,,,,,,,,,,,,,,,,,,,,,,,
2122940,12965c958f9f4add688511a5eafc93a932572627823da2859bcecc1c0992819563e7ca6ab4a6c36702fb12ffbe51ecb8edc4d84864d562f61e17fc48c6288e00,08/06/2025 12:30:00 PM,2,PARKED,,2023826,,CHEVROLET,CRUZE,IL,2016,NONE,PASSENGER,NOT IN USE,E,PARKED,,,0,,,,,,,,,,,,,,Y,Y,Y,,FRONT-LEFT-CORNER,,,,,,,,,,,,,,,,,,,,,,,,,,,,,,,,,
2123231,675ea889368cf46b5df9c7a8cdd63c54fa38fb08467b2bd76ac2f17375ca66915be2b6894a7468afc48feda1611e344ff6eaeba24de030d18e1a8c7830a9497d,08/06/2025 12:30:00 PM,1,DRIVER,,2024089,,FORD,EXPEDITION,IL,2020,NONE,SPORT UTILITY VEHICLE (SUV),PERSONAL,W,BACKING,,,1,,,,,,,,,Y,Y,Y,,,,,,,REAR,,,,,,,,,,,,,,,,,,,,,,,,,,,,,,,,,
2123232,675ea889368cf46b5df9c7a8cdd63c54fa38fb08467b2bd76ac2f17375ca66915be2b6894a7468afc48feda1611e344ff6eaeba24de030d18e1a8c7830a9497d,08/06/2025 12:30:00 PM,2,DRIVER,,2024093,,DODGE,CHARGER,IL,2020,UNKNOWN,PASSENGER,UNKNOWN/NA,E,SLOW/STOP IN TRAFFIC,,,1,,,,,Y,,,,,,,,,,Y,Y,,FRONT,,,,,,,,,,,,,,,,,,,,,,,,,,,,,,,,,
2122669,bcc2cc1a761248ad8f2a3b7fa7871137966a824bce445b82b9d6c0a7beb3089484a3c57de59166b3b803632b292c6461dc5586fc6f548920b248935c4a2a1c5a,08/06/2025 12:30:00 PM,1,DRIVER,,2023565,,NISSAN,ALTIMA,IL,2009,NONE,PASSENGER,PERSONAL,UNKNOWN,STRAIGHT AHEAD,,,1,,,,,Y,Y,,,,,,,,,,,,FRONT-RIGHT-CORNER,,,,,,,,,,,,,,,,,,,,,,,,,,,,,,,,,
2122670,bcc2cc1a761248ad8f2a3b7fa7871137966a824bce445b82b9d6c0a7beb3089484a3c57de59166b3b803632b292c6461dc5586fc6f548920b248935c4a2a1c5a,08/06/2025 12:30:00 PM,2,DRIVER,,2023571,,TOYOTA,CAMRY,IL,2014,NONE,PASSENGER,PERSONAL,UNKNOWN,STRAIGHT AHEAD,,,1,,,,,,,,,,Y,Y,Y,,,,,,SIDE-LEFT-REAR,,,,,,,,,,,,,,,,,,,,,,,,,,,,,,,,,
2122677,8faa347b39e6f89ecbdfcae84dfab33ea69dc4d81bd6289493eaeca6535af4bee3ab697bc7ea41f6ac3a0b7ac8baeae55988a1bc9a2b94f5e21e2b4d353c451a,08/06/2025 12:28:00 PM,1,DRIVER,,2023574,,FORD,F150,IL,2024,UNKNOWN,PICKUP,UNKNOWN/NA,E,U-TURN,,,1,,,,,Y,,,,,,,,,,,Y,,FRONT-RIGHT-CORNER,,,,,,,,,,,,,,,,,,,,,,,,,,,,,,,,,
2122678,8faa347b39e6f89ecbdfcae84dfab33ea69dc4d81bd6289493eaeca6535af4bee3ab697bc7ea41f6ac3a0b7ac8baeae55988a1bc9a2b94f5e21e2b4d353c451a,08/06/2025 12:28:00 PM,2,DRIVER,,2023586,,HONDA,ACCORD,IL,2022,NONE,PASSENGER,PERSONAL,W,ENTERING TRAFFIC LANE FROM PARKING,,,1,,,,,,,,,,,Y,Y,Y,,,,,SIDE-LEFT-REAR,,,,,,,,,,,,,,,,,,,,,,,,,,,,,,,,,
2122698,b1e70f63d55304d50d91e592712f86f2b418ca200c252cd9b6f7d384ddd3c63fdfd29b966c7167f094955fe2e24f4e108fc4f23916a840fc897e26e76b1ec7fa,08/06/2025 12:25:00 PM,1,DRIVER,,2023595,,TOYOTA,RAV4,VA,2021,NONE,SPORT UTILITY VEHICLE (SUV),PERSONAL,N,SLOW/STOP IN TRAFFIC,,,1,,,,,Y,,,,,,,,,,Y,Y,,FRONT,,,,,,,,,,,,,,,,,,,,,,,,,,,,,,,,,
2122699,b1e70f63d55304d50d91e592712f86f2b418ca200c252cd9b6f7d384ddd3c63fdfd29b966c7167f094955fe2e24f4e108fc4f23916a840fc897e26e76b1ec7fa,08/06/2025 12:25:00 PM,2,DRIVER,,2023598,,TOYOTA,PRIUS,IL,2010,NONE,PASSENGER,PERSONAL,N,SLOW/STOP IN TRAFFIC,,,1,,,,,,,,,Y,Y,Y,,,,,,,REAR,,,,,,,,,,,,,,,,,,,,,,,,,,,,,,,,,
2122660,1e3190d3b65274edb65067e3f559640a83686bdeb636e27577778e7705f4beaaea2734304bbbdfb9b3b65677d943f8d301ef09c0fcabd6ed1638e55e8f0f2f68,08/06/2025 12:22:00 PM,1,DRIVER,,2023555,,GENERAL MOTORS CORPORATION (GMC),TERRAIN,IL,2017,UNKNOWN,PASSENGER,PERSONAL,S,STRAIGHT AHEAD,Y,,1,,,,,Y,,,,,,,,,,Y,Y,,FRONT,,,,,,,,,,,,,,,,,,,,,,,,,,,,,,,,,
2122661,1e3190d3b65274edb65067e3f559640a83686bdeb636e27577778e7705f4beaaea2734304bbbdfb9b3b65677d943f8d301ef09c0fcabd6ed1638e55e8f0f2f68,08/06/2025 12:22:00 PM,2,DRIVER,,2023558,,HONDA,PILOT,IL,2011,NONE,PASSENGER,PERSONAL,W,STRAIGHT AHEAD,Y,,1,,,,,Y,Y,,,,,,,,,Y,Y,,FRONT,,,,,,,,,,,,,,,,,,,,,,,,,,,,,,,,,
2122692,823b3af5f1e6c56aab4297d7ac07149f816550ac5dec9f6184bdd2e0386101e9c617664a5d9141ef45aca4445b0dc17e8a6fe472c2f3c28a5d1ae25a9f87ab13,08/06/2025 12:20:00 PM,1,DRIVER,,2023583,,JEEP,WRANGLER,IL,2023,NONE,PASSENGER,PERSONAL,S,STRAIGHT AHEAD,,,1,,,,,,,,,,,,,,,,,,FRONT,,,,,,,,,,,,,,,,,,,,,,,,,,,,,,,,,
2122693,823b3af5f1e6c56aab4297d7ac07149f816550ac5dec9f6184bdd2e0386101e9c617664a5d9141ef45aca4445b0dc17e8a6fe472c2f3c28a5d1ae25a9f87ab13,08/06/2025 12:20:00 PM,2,DRIVER,,2023587,,TOYOTA,OTHER (EXPLAIN IN NARRATIVE),IL,2024,NONE,PASSENGER,PERSONAL,S,SLOW/STOP IN TRAFFIC,,,1,,,,,,,,,,,,,,,,,,REAR,,,,,,,,,,,,,,,,,,,,,,,,,,,,,,,,,
2122675,c5a0faead6264c4f186549b11fd5b442eb0565c1a057b588cbf43836c05af3a1087aec35147c50146b7f223bcc1e7c744407238c516359c6e9d7727b72b4e429,08/06/2025 12:20:00 PM,1,DRIVER,,2023572,,DODGE,OTHER (EXPLAIN IN NARRATIVE),IL,2019,NONE,VAN/MINI-VAN,PERSONAL,NE,TURNING LEFT,,,1,,,,,,,,,,,,,,Y,,,,FRONT-LEFT-CORNER,,,,,,,,,,,,,,,,,,,,,,,,,,,,,,,,,
2122676,c5a0faead6264c4f186549b11fd5b442eb0565c1a057b588cbf43836c05af3a1087aec35147c50146b7f223bcc1e7c744407238c516359c6e9d7727b72b4e429,08/06/2025 12:20:00 PM,2,DRIVER,,2023579,,FORD,CLUB WAGON E350,IL,2023,NONE,OTHER,FIRE,E,STRAIGHT AHEAD,,,1,,,,,Y,Y,,,,,,,,,,,,FRONT-RIGHT-CORNER,,,,,,,,,,,,,,,,,,,,,,,,,,,,,,,,,
2122673,a57170a08ed8c8b61d026890af52fd41f8e2ae02fb15d450d54850ad9ab99af64c9131a27e8e45d835bd1e2f7cffefb5792fa0956bec2504c43c5d00b4d77984,08/06/2025 12:17:00 PM,1,DRIVER,,2023575,,NISSAN,ROGUE,IL,2019,NONE,SPORT UTILITY VEHICLE (SUV),PERSONAL,N,STRAIGHT AHEAD,,,1,,,,,,,,,,,,,,,Y,,,FRONT-LEFT-CORNER,,,,,,,,,,,,,,,,,,,,,,,,,,,,,,,,,
2122674,a57170a08ed8c8b61d026890af52fd41f8e2ae02fb15d450d54850ad9ab99af64c9131a27e8e45d835bd1e2f7cffefb5792fa0956bec2504c43c5d00b4d77984,08/06/2025 12:17:00 PM,2,DRIVER,,2023585,,CHRYSLER,300,IL,2018,NONE,PASSENGER,PERSONAL,W,STRAIGHT AHEAD,,,1,,,,,Y,Y,Y,,,,,,,,,,,SIDE-RIGHT,,,,,,,,,,,,,,,,,,,,,,,,,,,,,,,,,