CRASH_UNIT_ID,CRASH_RECORD_ID,CRASH_DATE,UNIT_NO,UNIT_TYPE,NUM_PASSENGERS,VEHICLE_ID,CMRC_VEH_I,MAKE,MODEL,LIC_PLATE_STATE,VEHICLE_YEAR,VEHICLE_DEFECT,VEHICLE_TYPE,VEHICLE_USE,TRAVEL_DIRECTION,MANEUVER,TOWED_I,FIRE_I,OCCUPANT_CNT,EXCEED_SPEED_LIMIT_I,TOWED_BY,TOWED_TO,AREA_00_I,AREA_01_I,AREA_02_I,AREA_03_I,AREA_04_I,AREA_05_I,AREA_06_I,AREA_07_I,AREA_08_I,AREA_09_I,AREA_10_I,AREA_11_I,AREA_12_I,AREA_99_I,FIRST_CONTACT_POINT,CMV_ID,USDOT_NO,CCMC_NO,ILCC_NO,COMMERCIAL_SRC,GVWR,CARRIER_NAME,CARRIER_STATE,CARRIER_CITY,HAZMAT_PLACARDS_I,HAZMAT_NAME,UN_NO,HAZMAT_PRESENT_I,HAZMAT_REPORT_I,HAZMAT_REPORT_NO,MCS_REPORT_I,MCS_REPORT_NO,HAZMAT_VIO_CAUSE_CRASH_I,MCS_VIO_CAUSE_CRASH_I,IDOT_PERMIT_NO,WIDE_LOAD_I,TRAILER1_WIDTH,TRAILER2_WIDTH,TRAILER1_LENGTH,TRAILER2_LENGTH,TOTAL_VEHICLE_LENGTH,AXLE_CNT,VEHICLE_CONFIG,CARGO_BODY_TYPE,LOAD_TYPE,HAZMAT_OUT_OF_SERVICE_I,MCS_OUT_OF_SERVICE_I,HAZMAT_CLASS
2122662,abf48ee9060f2d5b53a96868ed186324a2bcc2489ec3403cf58b3c69791b97e1069a322ddb35dc5127043451a3b698254c3643e98174025f2038d0e5b1786b41,08/06/2025 12:12:00 PM,1,DRIVER,1,2023556,,ACURA,ILX,IL,2022,UNKNOWN,PASSENGER,PERSONAL,W,STRAIGHT AHEAD,,,2,,,,,Y,Y,,,,,,,,,,,,FRONT-RIGHT-CORNER,,,,,,,,,,,,,,,,,,,,,,,,,,,,,,,,,
2122679,abf48ee9060f2d5b53a96868ed186324a2bcc2489ec3403cf58b3c69791b97e1069a322ddb35dc5127043451a3b698254c3643e98174025f2038d0e5b1786b41,08/06/2025 12:12:00 PM,2,DRIVER,,2023569,,CHEVROLET,EQUINOX,IL,2022,NONE,PASSENGER,PERSONAL,W,STRAIGHT AHEAD,,,1,,,,,,,,,,,,Y,Y,,,,,SIDE-LEFT-REAR,,,,,,,,,,,,,,,,,,,,,,,,,,,,,,,,,
2122707,4dab418751098d4233a866eaffec7d99a8fe4bc78b2a7c7c480af46a3375c8c51c4e2fa337e8405c9ba870040f381198f716256269120582f3279dd576f5762a,08/06/2025 12:07:00 PM,1,DRIVER,,2023600,,VOLKSWAGEN,TIGUAN,IL,2024,UNKNOWN,PASSENGER,PERSONAL,S,STRAIGHT AHEAD,,,1,,,,,,,,,,,,,,,,,,TOP,,,,,,,,,,,,,,,,,,,,,,,,,,,,,,,,,
2122708,4dab418751098d4233a866eaffec7d99a8fe4bc78b2a7c7c480af46a3375c8c51c4e2fa337e8405c9ba870040f381198f716256269120582f3279dd576f5762a,08/06/2025 12:07:00 PM,2,PARKED,,2023603,,UNKNOWN,OTHER (EXPLAIN IN NARRATIVE),,,OTHER,OTHER,CONSTRUCTION/MAINTENANCE,E,PARKED IN TRAFFIC LANE,,,0,,,,,,,,,,,,,,,,,,OTHER,,,,,,,,,,,,,,,,,,,,,,,,,,,,,,,,,
2123002,29ba42586e55d742ec780ff36dc1587712989c6d0c15cc2263321bfc315c584c55f1bd324abb2718c4d664f2110b2260b385536fe9771e53a00db1306c790ae1,08/06/2025 12:00:00 PM,1,DRIVER,,2023880,,VOLVO,S40,IL,2004,OTHER,PASSENGER,PERSONAL,S,STRAIGHT AHEAD,,,1,,,,,,,,,,,,,,,,Y,,FRONT,,,,,,,,,,,,,,,,,,,,,,,,,,,,,,,,,
2123003,29ba42586e55d742ec780ff36dc1587712989c6d0c15cc2263321bfc315c584c55f1bd324abb2718c4d664f2110b2260b385536fe9771e53a00db1306c790ae1,08/06/2025 12:00:00 PM,2,DRIVER,1,2023886,,CHEVROLET,EQUINOX,IL,2022,UNKNOWN,PASSENGER,PERSONAL,S,STRAIGHT AHEAD,,,2,,,,,,,,,,Y,,,,,,,,REAR,,,,,,,,,,,,,,,,,,,,,,,,,,,,,,,,,
2122933,cc6949b9bfe8fdcdeccb0d31da5fb462bc0b41dd5b267d69c57b342f2cf462df3114b76d46fbe9f6a2a9915a2a716a9d79d899d4f538a693fd6fd633a9800dcb,08/06/2025 12:00:00 PM,1,DRIVER,,2023802,,UNKNOWN,OTHER (EXPLAIN IN NARRATIVE),,,UNKNOWN,UNKNOWN/NA,UNKNOWN/NA,UNKNOWN,UNKNOWN/NA,,,1,,,,,N,,,,,,N,N,,,N,N,Y,UNKNOWN,,,,,,,,,,,,,,,,,,,,,,,,,,,,,,,,,
2122934,cc6949b9bfe8fdcdeccb0d31da5fb462bc0b41dd5b267d69c57b342f2cf462df3114b76d46fbe9f6a2a9915a2a716a9d79d899d4f538a693fd6fd633a9800dcb,08/06/2025 12:00:00 PM,2,PARKED,,2023809,,TOYOTA,CAMRY,IL,2001,UNKNOWN,PASSENGER,PERSONAL,N,PARKED,,,0,,,,,Y,,,,N,N,Y,,,,Y,Y,,UNKNOWN,,,,,,,,,,,,,,,,,,,,,,,,,,,,,,,,,
2123324,c653d4f119af8bf5db8d93679e54400ed9eebacd202519161bf73f2f72d51cd66370ac10fc7e35245bba439619cd5a8f4ba6eeeb9bbb7260c31305a187af69ae,08/06/2025 11:59:00 AM,1,DRIVER,,2024172,,NISSAN,SENTRA,IL,2018,UNKNOWN,PASSENGER,PERSONAL,S,TURNING LEFT,Y,,1,,UNKNOWN,UNKNOWN,,Y,,,,,,,,,Y,Y,Y,,FRONT-LEFT-CORNER,,,,,,,,,,,,,,,,,,,,,,,,,,,,,,,,,
2123325,c653d4f119af8bf5db8d93679e54400ed9eebacd202519161bf73f2f72d51cd66370ac10fc7e35245bba439619cd5a8f4ba6eeeb9bbb7260c31305a187af69ae,08/06/2025 11:59:00 AM,2,DRIVER,,2024177,,KIA,SORENTO,IL,2011,UNKNOWN,SPORT UTILITY VEHICLE (SUV),PERSONAL,W,STRAIGHT AHEAD,Y,,1,,UNKNOWN,UNKNOWN,,Y,Y,,,,,,,,,,,,SIDE-RIGHT-FRONT,,,,,,,,,,,,,,,,,,,,,,,,,,,,,,,,,
2122690,3be7c265edcefed6968c295bb70defd93c529fc2781da02f7c34d13e9a4a7ab19a6eb997512caf81022543479104e773c71672836da178d988b479766905c0d5,08/06/2025 11:50:00 AM,1,DRIVER,,2023581,,JEEP,GRAND CHEROKEE,IL,2022,UNKNOWN,SPORT UTILITY VEHICLE (SUV),PERSONAL,UNKNOWN,CHANGING LANES,,,1,,,,,Y,Y,,,,,,,,,,,,FRONT-RIGHT-CORNER,,,,,,,,,,,,,,,,,,,,,,,,,,,,,,,,,
2122691,3be7c265edcefed6968c295bb70defd93c529fc2781da02f7c34d13e9a4a7ab19a6eb997512caf81022543479104e773c71672836da178d988b479766905c0d5,08/06/2025 11:50:00 AM,2,DRIVER,,2023588,,TOYOTA,COROLLA,IL,2024,UNKNOWN,PASSENGER,PERSONAL,UNKNOWN,STRAIGHT AHEAD,,,1,,,,,,,,,,,,,,Y,Y,,,FRONT-LEFT-CORNER,,,,,,,,,,,,,,,,,,,,,,,,,,,,,,,,,
2123633,78e982e1c037bf0f5210b1e8ce47c49a76ef52d41f332cd49bf86f5ccc269e2f08c60369628fb1e95e4f0c33593c12a3e960698098586da073c2f03c0c335d98,08/06/2025 11:45:00 AM,1,DRIVER,,2024464,,CHEVROLET,GMT400,IL,1997,UNKNOWN,PICKUP,PERSONAL,E,STRAIGHT AHEAD,,,1,,,,Y,,,,,,,,,,,,,,FRONT,,,,,,,,,,,,,,,,,,,,,,,,,,,,,,,,,
2123634,78e982e1c037bf0f5210b1e8ce47c49a76ef52d41f332cd49bf86f5ccc269e2f08c60369628fb1e95e4f0c33593c12a3e960698098586da073c2f03c0c335d98,08/06/2025 11:45:00 AM,2,DRIVER,,2024475,,LEXUS,ES350,NB,2023,UNKNOWN,PASSENGER,UNKNOWN/NA,E,STRAIGHT AHEAD,,,1,,,,,,,,,,,,,,,,,Y,REAR,,,,,,,,,,,,,,,,,,,,,,,,,,,,,,,,,
2122728,60582d156b727d207707598f087754e414cd9fac807c969398582d089a5490e2127ebf541f2ea6f3353cde345fef32326c16aab5985e0b163e2fca9ac9cb692d,08/06/2025 11:40:00 AM,1,DRIVER,,2023614,,JEEP,CHEROKEE,IL,2016,NONE,PASSENGER,PERSONAL,N,STRAIGHT AHEAD,,,1,,,,,,Y,Y,Y,,,,,,,,,,SIDE-RIGHT,,,,,,,,,,,,,,,,,,,,,,,,,,,,,,,,,
2122729,60582d156b727d207707598f087754e414cd9fac807c969398582d089a5490e2127ebf541f2ea6f3353cde345fef32326c16aab5985e0b163e2fca9ac9cb692d,08/06/2025 11:40:00 AM,2,DRIVER,,2023627,,NISSAN,MAXIMA,IL,2010,NONE,PASSENGER,PERSONAL,N,STRAIGHT AHEAD,,,1,,,,,,,,,,,,,,,Y,,,FRONT-LEFT-CORNER,,,,,,,,,,,,,,,,,,,,,,,,,,,,,,,,,
2122631,a8cfc22a23413678589d2bd8489249f927f45a8c8c49329e1b8f6f046f2a9ce5ae72d865bf82eb8d5361d028fc7cbc1cad0e7ab372c3c40ed509e07f561c646e,08/06/2025 11:35:00 AM,1,DRIVER,,2023532,,VOLKSWAGEN,ATLAS,IL,2018,NONE,PASSENGER,PERSONAL,W,U-TURN,,,1,,,,,,,,,,Y,,,,,,,,REAR,,,,,,,,,,,,,,,,,,,,,,,,,,,,,,,,,
2122632,a8cfc22a23413678589d2bd8489249f927f45a8c8c49329e1b8f6f046f2a9ce5ae72d865bf82eb8d5361d028fc7cbc1cad0e7ab372c3c40ed509e07f561c646e,08/06/2025 11:35:00 AM,2,DRIVER,,2023536,,ACURA,ADX,IL,2008,NONE,PASSENGER,PERSONAL,W,STRAIGHT AHEAD,,,1,,,,,,,,,,,,,,,,Y,,FRONT,,,,,,,,,,,,,,,,,,,,,,,,,,,,,,,,,
2122654,def8b0b9f719bc5e76e4cdcce5acc59d984a3b1f6c42a51ed12505488edcbd78633fe01647e3cfea77758a728061d052ff26ea0762af31d9b5b328b5329724a7,08/06/2025 11:34:00 AM,1,DRIVER,1,2023564,,FORD,FUSION,IL,2007,UNKNOWN,PASSENGER,PERSONAL,UNKNOWN,UNKNOWN/NA,,,2,,,,,,,,,,,,,,,,,,UNKNOWN,,,,,,,,,,,,,,,,,,,,,,,,,,,,,,,,,
2122655,def8b0b9f719bc5e76e4cdcce5acc59d984a3b1f6c42a51ed12505488edcbd78633fe01647e3cfea77758a728061d052ff26ea0762af31d9b5b328b5329724a7,08/06/2025 11:34:00 AM,2,DRIVER,4,2023551,,"SEAGRAVE FIRE APPARTUS, CLINTONVILLE,WI","SEAGRAVE FIRE APPARTUS, CLINTONVILLE,WI",IL,,NONE,OTHER,OTHER,W,STRAIGHT AHEAD,,,5,,,,,Y,,,,,,,,,,,,,FRONT-RIGHT-CORNER,,,,,,,,,,,,,,,,,,,,,,,,,,,,,,,,,
2122811,6abbb131c0665d8fcf7bc8833aa76c1312aeb16e3c79cec5085ed9b95b8ec6eacb76b9570eecda88c99a60f1ddb281e746f5f27cb8da4fc7d1e342cce0d2d32e,08/06/2025 11:30:00 AM,1,DRIVER,,2023691,,ISUZU,TRUCK,IL,2024,NONE,TRUCK - SINGLE UNIT,COMMERCIAL - SINGLE UNIT,S,BACKING,,,1,,,,,,,,,Y,Y,,,,,,,,REAR-RIGHT-CORNER,,,,,,,,,,,,,,,,,,,,,,,,,,,,,,,,,
2122812,6abbb131c0665d8fcf7bc8833aa76c1312aeb16e3c79cec5085ed9b95b8ec6eacb76b9570eecda88c99a60f1ddb281e746f5f27cb8da4fc7d1e342cce0d2d32e,08/06/2025 11:30:00 AM,2,DRIVER,,2023699,,ISUZU,TRUCK,IL,2020,NONE,TRUCK - SINGLE UNIT,COMMERCIAL - SINGLE UNIT,E,SLOW/STOP IN TRAFFIC,,,1,,,,,,,,,,,,,Y,,,,,SIDE-LEFT,,,,,,,,,,,,,,,,,,,,,,,,,,,,,,,,,
2122652,74ce4c79958d2bc3cb565111ed01ef379ac0ddc2eef2bf62fd4e3ff96a1c0d7c0764c78b3e945d6ea035263f2606133f4e8f45e3ba8c4f572930c232fb3668bd,08/06/2025 11:30:00 AM,1,DRIVER,1,2023549,,"MACK TRUCKS, INC.","MACK TRUCKS, INC.",IL,2003,UNKNOWN,OTHER,OTHER,NE,TURNING RIGHT,,,2,,,,,Y,Y,,,,,,,,,,,,FRONT-RIGHT-CORNER,,,,,,,,,,,,,,,,,,,,,,,,,,,,,,,,,
2122653,74ce4c79958d2bc3cb565111ed01ef379ac0ddc2eef2bf62fd4e3ff96a1c0d7c0764c78b3e945d6ea035263f2606133f4e8f45e3ba8c4f572930c232fb3668bd,08/06/2025 11:30:00 AM,2,DRIVER,,2023550,,FORD,FOCUS,IL,2014,UNKNOWN,PASSENGER,PERSONAL,NE,TURNING RIGHT,,,1,,,,,,,,,,,Y,Y,Y,Y,Y,,,SIDE-LEFT,,,,,,,,,,,,,,,,,,,,,,,,,,,,,,,,,
2123216,ed0f60a34fd7271cbcb1f715be141e3fe5dae05114941733d0bb1e1d78a85a57e5102a1e64311aef3428ae299926b08bdc6d29c9c5a8c8eb8d062d926fdd344f,08/06/2025 11:30:00 AM,1,DRIVER,,2024076,,TOYOTA,SIENNA,IL,2007,NONE,PASSENGER,DRIVER EDUCATION,W,STRAIGHT AHEAD,,,1,,,,,Y,Y,,,,,,,,,,,,FRONT-RIGHT-CORNER,,,,,,,,,,,,,,,,,,,,,,,,,,,,,,,,,
2123217,ed0f60a34fd7271cbcb1f715be141e3fe5dae05114941733d0bb1e1d78a85a57e5102a1e64311aef3428ae299926b08bdc6d29c9c5a8c8eb8d062d926fdd344f,08/06/2025 11:30:00 AM,2,DRIVER,,2024077,,NISSAN,ROGUE,IL,2019,NONE,PASSENGER,PERSONAL,W,STRAIGHT AHEAD,,,1,,,,,,,,,,,,Y,Y,Y,Y,,,SIDE-LEFT,,,,,,,,,,,,,,,,,,,,,,,,,,,,,,,,,
2122618,be030421778fc9c41f6733236c3df81541f58f044db9142732fb635a7855ae280bf78b5c2b12863caa0a5014673aeeb4ca2676931215154af2edf03882e2c449,08/06/2025 11:25:00 AM,1,DRIVER,,2023508,,UNKNOWN,OTHER (EXPLAIN IN NARRATIVE),,,UNKNOWN,UNKNOWN/NA,UNKNOWN/NA,N,UNKNOWN/NA,,,1,,,,,,,,,,,,,,,,,,UNKNOWN,,,,,,,,,,,,,,,,,,,,,,,,,,,,,,,,,
2122619,be030421778fc9c41f6733236c3df81541f58f044db9142732fb635a7855ae280bf78b5c2b12863caa0a5014673aeeb4ca2676931215154af2edf03882e2c449,08/06/2025 11:25:00 AM,2,PARKED,,2023516,,HONDA,ACCORD,TX,2026,UNKNOWN,PASSENGER,NOT IN USE,N,PARKED,,,0,,,,,,,,,Y,,,,,,,,,SIDE-RIGHT-REAR,,,,,,,,,,,,,,,,,,,,,,,,,,,,,,,,,
2122635,06fbc30d14624f2be3492609f828cbcc3c8d61dfae31ef9bbe2ce68357e024c2e6021e17a28a758d5a92bcbbbaa7cec873ce4abd2904c2a6221e77186799a50b,08/06/2025 11:20:00 AM,1,DRIVER,,2023528,,TOYOTA,RAV4,IL,2009,NONE,PASSENGER,PERSONAL,N,CHANGING LANES,,,1,,,,,Y,,,,,,,,,,,,,FRONT-RIGHT-CORNER,,,,,,,,,,,,,,,,,,,,,,,,,,,,,,,,,
2122636,06fbc30d14624f2be3492609f828cbcc3c8d61dfae31ef9bbe2ce68357e024c2e6021e17a28a758d5a92bcbbbaa7cec873ce4abd2904c2a6221e77186799a50b,08/06/2025 11:20:00 AM,2,DRIVER,,2023534,,NISSAN,ALTIMA,IL,2015,NONE,PASSENGER,PERSONAL,N,STRAIGHT AHEAD,,,1,,,,,,,,,,,Y,Y,Y,N,,,,SIDE-LEFT,,,,,,,,,,,,,,,,,,,,,,,,,,,,,,,,,
2122965,78ec1b69926774784cc94fcb4fdad350e4202fa18d97f2f278e396997ebc6b9192a1af837e24c20eb16101b654131794ec9a7bc0085156050e6e117cca246579,08/06/2025 11:01:00 AM,1,DRIVER,,2023833,,JEEP,WRANGLER,IL,2022,UNKNOWN,PASSENGER,PERSONAL,E,STRAIGHT AHEAD,,,1,,,,,Y,,,,,,,,,,Y,Y,,FRONT,,,,,,,,,,,,,,,,,,,,,,,,,,,,,,,,,
2122966,78ec1b69926774784cc94fcb4fdad350e4202fa18d97f2f278e396997ebc6b9192a1af837e24c20eb16101b654131794ec9a7bc0085156050e6e117cca246579,08/06/2025 11:01:00 AM,2,DRIVER,2,2023842,,HONDA,CR-V,IL,2019,UNKNOWN,SPORT UTILITY VEHICLE (SUV),PERSONAL,E,STRAIGHT AHEAD,,,3,,,,,Y,,,,Y,Y,Y,,,,Y,Y,,REAR,,,,,,,,,,,,,,,,,,,,,,,,,,,,,,,,,
2122967,78ec1b69926774784cc94fcb4fdad350e4202fa18d97f2f278e396997ebc6b9192a1af837e24c20eb16101b654131794ec9a7bc0085156050e6e117cca246579,08/06/2025 11:01:00 AM,3,DRIVER,,2023868,,FORD,EXPLORER,IL,2017,UNKNOWN,SPORT UTILITY VEHICLE (SUV),PERSONAL,E,STRAIGHT AHEAD,,,1,,,,,,,,,Y,Y,Y,,,,,,,REAR,,,,,,,,,,,,,,,,,,,,,,,,,,,,,,,,,
2122753,2be136075f0ed6bb21f0ed4c8101c2f20becbc93e18945d7df60377aa232c191ae11b1ee53e1b84b526f07a2cdbc52c8759bf0e6d870d7ccac003dedb6857445,08/06/2025 11:00:00 AM,1,DRIVER,,2023653,,KIA,OPTIMA / K5,IL,2020,UNKNOWN,PASSENGER,UNKNOWN/NA,W,STRAIGHT AHEAD,,,1,,,,,,,,,,,,,,,,,Y,FRONT,,,,,,,,,,,,,,,,,,,,,,,,,,,,,,,,,
2122754,2be136075f0ed6bb21f0ed4c8101c2f20becbc93e18945d7df60377aa232c191ae11b1ee53e1b84b526f07a2cdbc52c8759bf0e6d870d7ccac003dedb6857445,08/06/2025 11:00:00 AM,2,DRIVER,3,2023639,,KIA,SOUL,IL,2015,UNKNOWN,SPORT UTILITY VEHICLE (SUV),PERSONAL,W,SLOW/STOP IN TRAFFIC,,,4,,,,,,,,,Y,Y,Y,,,,,,,REAR,,,,,,,,,,,,,,,,,,,,,,,,,,,,,,,,,
2122623,c26338429a4daa21eac3a6ec48af32bf3ea193b31d606b1cbf1bf068c928f53a49b99064494aac476223e00774018a54cf6c71ef55cee6e934d16e604e31828b,08/06/2025 10:56:00 AM,1,DRIVER,,2023520,,CHEVROLET,SILVERADO,IL,2024,NONE,PICKUP,UNKNOWN/NA,W,CHANGING LANES,,,1,,,,,,,,,,,,,,,,,Y,REAR-LEFT-CORNER,,,,,,,,,,,,,,,,,,,,,,,,,,,,,,,,,
2122624,c26338429a4daa21eac3a6ec48af32bf3ea193b31d606b1cbf1bf068c928f53a49b99064494aac476223e00774018a54cf6c71ef55cee6e934d16e604e31828b,08/06/2025 10:56:00 AM,2,DRIVER,,2023522,,VOLKSWAGEN,ATLAS,KS,2018,NONE,PASSENGER,PERSONAL,W,STRAIGHT AHEAD,,,1,,,,,Y,Y,,,,,,,,,,Y,,FRONT-RIGHT-CORNER,,,,,,,,,,,,,,,,,,,,,,,,,,,,,,,,,
2122629,06613b8deaea814ad1e42bd3fdfe2d8f76119fce945cd12804b07c95d4cc00673332db3aa924c9f3393e7f128e952c7651eae458c64bd584d4858f16cbf61db2,08/06/2025 10:55:00 AM,1,DRIVER,,2023530,,"PETERBILT MOTORS COMPANY (DIVISION OF PACCAR, INC.)",OTHER (EXPLAIN IN NARRATIVE),IL,2024,UNKNOWN,TRUCK - SINGLE UNIT,COMMERCIAL - SINGLE UNIT,N,STRAIGHT AHEAD,,,1,,,,,,,Y,,,,,,,,,,,SIDE-RIGHT,,,,,,,,,,,,,,,,,,,,,,,,,,,,,,,,,
2122630,06613b8deaea814ad1e42bd3fdfe2d8f76119fce945cd12804b07c95d4cc00673332db3aa924c9f3393e7f128e952c7651eae458c64bd584d4858f16cbf61db2,08/06/2025 10:55:00 AM,2,PARKED,,2023540,,INTERNATIONAL COACH MANUFACTURING,OTHER (EXPLAIN IN NARRATIVE),IL,2017,NONE,TRUCK - SINGLE UNIT,COMMERCIAL - SINGLE UNIT,N,PARKED,,,0,,,,,,,,,,,,,Y,,,,,SIDE-LEFT,,,,,,,,,,,,,,,,,,,,,,,,,,,,,,,,,
2127290,44d086721305306e7a4c6f4f7cad7402490c24f2306cc428beb4773706e02edab49ee1a74028c304ebb508d23065d508ab6fb6c6b4bc93caf959bb783a7ed1c2,08/06/2025 10:50:00 AM,1,DRIVER,,2027934,,TESLA,MODEL Y,IL,2022,NONE,PASSENGER,PERSONAL,S,STRAIGHT AHEAD,,,1,,,,,,,Y,Y,Y,,,,,,,,,SIDE-RIGHT,,,,,,,,,,,,,,,,,,,,,,,,,,,,,,,,,
2127291,44d086721305306e7a4c6f4f7cad7402490c24f2306cc428beb4773706e02edab49ee1a74028c304ebb508d23065d508ab6fb6c6b4bc93caf959bb783a7ed1c2,08/06/2025 10:50:00 AM,2,DRIVER,,2027935,,ACURA,ADX,IL,2017,NONE,PASSENGER,PERSONAL,S,STRAIGHT AHEAD,,,1,,,,,,,,,,,,,,Y,Y,,,FRONT-LEFT-CORNER,,,,,,,,,,,,,,,,,,,,,,,,,,,,,,,,,
2122680,8cf46337959c84315e87b15fe56df370e0e6cb75db55f8af2ab2fbc5051388bbeeafe71b68994d4d73f600039788042e969eed96548283826b845bdba44ff2d9,08/06/2025 10:50:00 AM,1,DRIVER,1,2023570,,NISSAN,ALTIMA,IL,2013,NONE,PASSENGER,PERSONAL,NW,U-TURN,,,2,,,,,,,,Y,Y,Y,,,,,,,,REAR-RIGHT-CORNER,,,,,,,,,,,,,,,,,,,,,,,,,,,,,,,,,
2122681,8cf46337959c84315e87b15fe56df370e0e6cb75db55f8af2ab2fbc5051388bbeeafe71b68994d4d73f600039788042e969eed96548283826b845bdba44ff2d9,08/06/2025 10:50:00 AM,2,DRIVER,2,2023593,,NISSAN,VERSA,IL,2009,NONE,PASSENGER,PERSONAL,N,STRAIGHT AHEAD,Y,,3,,limittes tow company,shop,,Y,Y,,,,,,,,,,Y,,FRONT-RIGHT-CORNER,,,,,,,,,,,,,,,,,,,,,,,,,,,,,,,,,
2122602,c78299c9aaf525a09fe62db1c8cad71e23d844bd1e8a54ae2476bc1b140e981e77f1edbe7214c8a4e97573e60a3e7a6f8c6c961e35545aeb7843e5b9876befb7,08/06/2025 10:49:00 AM,1,DRIVER,,2023497,,ACURA,ZDX,IL,2025,NONE,PASSENGER,PERSONAL,NE,TURNING LEFT,,,1,,,,,,,,,Y,,,,,,,,,REAR-RIGHT-CORNER,,,,,,,,,,,,,,,,,,,,,,,,,,,,,,,,,
2122603,c78299c9aaf525a09fe62db1c8cad71e23d844bd1e8a54ae2476bc1b140e981e77f1edbe7214c8a4e97573e60a3e7a6f8c6c961e35545aeb7843e5b9876befb7,08/06/2025 10:49:00 AM,2,DRIVER,,2023501,,FORD,TRANSIT,IL,2015,NONE,VAN/MINI-VAN,COMMERCIAL - SINGLE UNIT,NE,TURNING LEFT,,,1,,,,,,,,,,,,,,,Y,,,FRONT-LEFT-CORNER,,,,,,,,,,,,,,,,,,,,,,,,,,,,,,,,,
2122616,58ae23832d61b5b1b9c0a53fdbc2b9f397760a6a1d5abf034af96aa0e090a1d16538acfdd79e392f7520cca33daa14834fadb461e222848b7d8191e91f622526,08/06/2025 10:48:00 AM,1,DRIVER,,2023511,,DODGE,CHALLENGER,IL,2023,NONE,PASSENGER,PERSONAL,S,OTHER,,,1,,,,,Y,Y,,,,,,,,,,,,FRONT-RIGHT-CORNER,,,,,,,,,,,,,,,,,,,,,,,,,,,,,,,,,
2122617,58ae23832d61b5b1b9c0a53fdbc2b9f397760a6a1d5abf034af96aa0e090a1d16538acfdd79e392f7520cca33daa14834fadb461e222848b7d8191e91f622526,08/06/2025 10:48:00 AM,2,DRIVER,,2023519,,CADILLAC,XT5,IL,2017,NONE,PASSENGER,PERSONAL,S,STARTING IN TRAFFIC,,,1,,,,,,,,,,,Y,Y,,,,,,SIDE-LEFT-REAR,,,,,,,,,,,,,,,,,,,,,,,,,,,,,,,,,
2122633,8f4338c13320299f4db20ebded712e04ca9546e13de9825eac382a825de8e54ac92ae4ae327b2f124b919f002b37dd9d301ed6936a762b487120292ef65f4c9f,08/06/2025 10:45:00 AM,1,DRIVER,,2023537,,FORD,EDGE,IL,2017,NONE,PASSENGER,PERSONAL,S,PASSING/OVERTAKING,,,1,,,,,,,,,,,,,,,,,Y,UNKNOWN,,,,,,,,,,,,,,,,,,,,,,,,,,,,,,,,,
2122634,8f4338c13320299f4db20ebded712e04ca9546e13de9825eac382a825de8e54ac92ae4ae327b2f124b919f002b37dd9d301ed6936a762b487120292ef65f4c9f,08/06/2025 10:45:00 AM,2,DRIVER,1,2023541,,CHEVROLET,MALIBU,IL,2024,NONE,PASSENGER,PERSONAL,S,SLOW/STOP IN TRAFFIC,,,2,,,,,,,,Y,Y,,,,,,,,,REAR-RIGHT-CORNER,,,,,,,,,,,,,,,,,,,,,,,,,,,,,,,,,
2122614,1ebd0f195ae349de9d21ea12f26a61257458508e3f09db7ed08870c2e6e3c6645cdbaf4c7b3568f20923ac076f9a9476c3729d0c7eaad9c3cafdf6d919250d02,08/06/2025 10:30:00 AM,1,DRIVER,,2023505,,UNKNOWN,OTHER (EXPLAIN IN NARRATIVE),,,OTHER,SPORT UTILITY VEHICLE (SUV),UNKNOWN/NA,W,MERGING,,,1,,,,,Y,Y,,,,,,,,,,,,FRONT-RIGHT-CORNER,,,,,,,,,,,,,,,,,,,,,,,,,,,,,,,,,
2122615,1ebd0f195ae349de9d21ea12f26a61257458508e3f09db7ed08870c2e6e3c6645cdbaf4c7b3568f20923ac076f9a9476c3729d0c7eaad9c3cafdf6d919250d02,08/06/2025 10:30:00 AM,2,DRIVER,,2023509,,CHEVROLET,SILVERADO,WI,2024,NONE,SINGLE UNIT TRUCK WITH TRAILER,PERSONAL,W,STRAIGHT AHEAD,,,1,,,,,,,,,,,Y,Y,,,,,,REAR-LEFT-CORNER,,,,,,,,,,,,,,,,,,,,,,,,,,,,,,,,,
2122595,cd184019a9edad5bb943b17925053cb55fd3a980db41445f4fa35a5ec47504072e39ae1a6fef81a85cf7621f8be7c4a146a7b307036d8b385dd780836e3f02b5,08/06/2025 10:30:00 AM,1,DRIVER,,2023487,,FORD,TRANSIT,IL,2020,UNKNOWN,VAN/MINI-VAN,OTHER,W,CHANGING LANES,,,1,,,,,,,,,,,,,,Y,,,,SIDE-LEFT,,,,,,,,,,,,,,,,,,,,,,,,,,,,,,,,,
2122596,cd184019a9edad5bb943b17925053cb55fd3a980db41445f4fa35a5ec47504072e39ae1a6fef81a85cf7621f8be7c4a146a7b307036d8b385dd780836e3f02b5,08/06/2025 10:30:00 AM,2,DRIVER,,2023490,,CHEVROLET,EXPRESS,IL,2022,UNKNOWN,VAN/MINI-VAN,OTHER,W,STRAIGHT AHEAD,,,1,,,,,,Y,,,,,,,,,,,,SIDE-RIGHT,,,,,,,,,,,,,,,,,,,,,,,,,,,,,,,,,