CRASH_UNIT_ID,CRASH_RECORD_ID,CRASH_DATE,UNIT_NO,UNIT_TYPE,NUM_PASSENGERS,VEHICLE_ID,CMRC_VEH_I,MAKE,MODEL,LIC_PLATE_STATE,VEHICLE_YEAR,VEHICLE_DEFECT,VEHICLE_TYPE,VEHICLE_USE,TRAVEL_DIRECTION,MANEUVER,TOWED_I,FIRE_I,OCCUPANT_CNT,EXCEED_SPEED_LIMIT_I,TOWED_BY,TOWED_TO,AREA_00_I,AREA_01_I,AREA_02_I,AREA_03_I,AREA_04_I,AREA_05_I,AREA_06_I,AREA_07_I,AREA_08_I,AREA_09_I,AREA_10_I,AREA_11_I,AREA_12_I,AREA_99_I,FIRST_CONTACT_POINT,CMV_ID,USDOT_NO,CCMC_NO,ILCC_NO,COMMERCIAL_SRC,GVWR,CARRIER_NAME,CARRIER_STATE,CARRIER_CITY,HAZMAT_PLACARDS_I,HAZMAT_NAME,UN_NO,HAZMAT_PRESENT_I,HAZMAT_REPORT_I,HAZMAT_REPORT_NO,MCS_REPORT_I,MCS_REPORT_NO,HAZMAT_VIO_CAUSE_CRASH_I,MCS_VIO_CAUSE_CRASH_I,IDOT_PERMIT_NO,WIDE_LOAD_I,TRAILER1_WIDTH,TRAILER2_WIDTH,TRAILER1_LENGTH,TRAILER2_LENGTH,TOTAL_VEHICLE_LENGTH,AXLE_CNT,VEHICLE_CONFIG,CARGO_BODY_TYPE,LOAD_TYPE,HAZMAT_OUT_OF_SERVICE_I,MCS_OUT_OF_SERVICE_I,HAZMAT_CLASS
2122568,63e9792c471970921e167e68b84275e661f6f7b17589043faf2b002a60c94e45a86c1747631f6e3763cb80e03c16a99d63241508291310b2d8e30a36c670bbd4,08/06/2025 10:15:00 AM,1,DRIVER,1,2023460,,LINCOLN,NAVIGATOR,IL,2020,NONE,PASSENGER,PERSONAL,W,BACKING,,,2,,,,Y,,,,,,,,,,,,,,NONE,,,,,,,,,,,,,,,,,,,,,,,,,,,,,,,,,
2122569,63e9792c471970921e167e68b84275e661f6f7b17589043faf2b002a60c94e45a86c1747631f6e3763cb80e03c16a99d63241508291310b2d8e30a36c670bbd4,08/06/2025 10:15:00 AM,2,PEDESTRIAN,,,,,,,,,,,,,,,,,,,,,,,,,,,,,,,,,,,,,,,,,,,,,,,,,,,,,,,,,,,,,,,,,,
2122574,68e5696ccc4ef4989a765b70ab1d32264f9e5914f565251043cebc6d3d7eff04e4ec15a09cff5d12464d6cad50fcd68603e81eb7149be744ab4f45c3541c8b66,08/06/2025 10:15:00 AM,1,DRIVER,,2023468,,DODGE,RAM 1500 PU,IL,2014,NONE,PICKUP,PERSONAL,N,BACKING,,,1,,,,,,,,,,Y,,,,,,,,REAR,,,,,,,,,,,,,,,,,,,,,,,,,,,,,,,,,
2122575,68e5696ccc4ef4989a765b70ab1d32264f9e5914f565251043cebc6d3d7eff04e4ec15a09cff5d12464d6cad50fcd68603e81eb7149be744ab4f45c3541c8b66,08/06/2025 10:15:00 AM,2,PARKED,,2023475,,CADILLAC,CTS,IN,2011,NONE,SPORT UTILITY VEHICLE (SUV),PERSONAL,S,PARKED,,,0,,,,,,,,,,,,,,,,Y,,FRONT,,,,,,,,,,,,,,,,,,,,,,,,,,,,,,,,,
2122734,c0e6b6eea510baba28aae347d2a557cf70d490a1abf9e7c483f6cb19b3b2a06a3205c6722124dbf32f53c7daf0276579f117368dea442621fa6ad946d513e9da,08/06/2025 10:15:00 AM,1,DRIVER,,2023616,,UNKNOWN,ULTRALIGHT,,,UNKNOWN,UNKNOWN/NA,UNKNOWN/NA,UNKNOWN,UNKNOWN/NA,,,1,,,,,,,,,,,,,,,,,Y,UNKNOWN,,,,,,,,,,,,,,,,,,,,,,,,,,,,,,,,,
2122735,c0e6b6eea510baba28aae347d2a557cf70d490a1abf9e7c483f6cb19b3b2a06a3205c6722124dbf32f53c7daf0276579f117368dea442621fa6ad946d513e9da,08/06/2025 10:15:00 AM,2,PARKED,,2023624,,NISSAN,ROGUE,IL,2025,NONE,PASSENGER,NOT IN USE,S,PARKED,,,0,,,,,,,,,,,,,Y,,,,,SIDE-LEFT,,,,,,,,,,,,,,,,,,,,,,,,,,,,,,,,,
2122625,f75ebac67e9a77c03375cf34158ebd4601172d39f3f3a026e51c11b702b5dbe9213a08b36ddcd19287d68fd4f7a8861b91809d9c91a3983984e5facd6fdfd6f2,08/06/2025 10:05:00 AM,1,DRIVER,,2023521,,BUICK,VERANO,IL,2015,UNKNOWN,PASSENGER,PERSONAL,N,STRAIGHT AHEAD,,,1,,,,,,,,,,,,,Y,Y,,,,SIDE-LEFT,,,,,,,,,,,,,,,,,,,,,,,,,,,,,,,,,
2122626,f75ebac67e9a77c03375cf34158ebd4601172d39f3f3a026e51c11b702b5dbe9213a08b36ddcd19287d68fd4f7a8861b91809d9c91a3983984e5facd6fdfd6f2,08/06/2025 10:05:00 AM,2,DRIVER,,2023524,,KIA,SORENTO,IL,2013,UNKNOWN,PASSENGER,PERSONAL,E,STRAIGHT AHEAD,,,1,,,,,,,,,,,,,,,,Y,,FRONT,,,,,,,,,,,,,,,,,,,,,,,,,,,,,,,,,
2122591,d49b9ac8bd6208a3249db8716d5f7daa671c901ec0681a6e806a683baa2ba3ee40ddbd48272e3507c5ec55770ecc73064aca6fffea1824a66d65ac136dd0c558,08/06/2025 10:04:00 AM,1,DRIVER,3,2023485,,NISSAN,ALTIMA,IL,2014,NONE,PASSENGER,UNKNOWN/NA,E,TURNING LEFT,Y,,4,,UNK,,,,,,,,,,,,,,,,TOTAL (ALL AREAS),,,,,,,,,,,,,,,,,,,,,,,,,,,,,,,,,
2122592,d49b9ac8bd6208a3249db8716d5f7daa671c901ec0681a6e806a683baa2ba3ee40ddbd48272e3507c5ec55770ecc73064aca6fffea1824a66d65ac136dd0c558,08/06/2025 10:04:00 AM,2,DRIVER,,2023496,,MAZDA,CX-5,IL,2016,NONE,UNKNOWN/NA,RIDESHARE SERVICE,W,STRAIGHT AHEAD,Y,,1,,UNK,,,,,Y,Y,Y,,,,,,,,,REAR-RIGHT-CORNER,,,,,,,,,,,,,,,,,,,,,,,,,,,,,,,,,
2122650,78c8dfab9730f3997585b3748c8d7d2496e57359d925c2419fb2e1177a2756e1c98901f5221c1d44500d07367023de1efcd987de17990607e3d17805aca166de,08/06/2025 10:00:00 AM,1,DRIVER,,2023543,,UNKNOWN,OTHER (EXPLAIN IN NARRATIVE),,,UNKNOWN,UNKNOWN/NA,UNKNOWN/NA,UNKNOWN,UNKNOWN/NA,,,1,,,,,,,,,,,,,,,,,Y,UNKNOWN,,,,,,,,,,,,,,,,,,,,,,,,,,,,,,,,,
2122651,78c8dfab9730f3997585b3748c8d7d2496e57359d925c2419fb2e1177a2756e1c98901f5221c1d44500d07367023de1efcd987de17990607e3d17805aca166de,08/06/2025 10:00:00 AM,2,PARKED,,2023546,,CHEVROLET,EQUINOX,IL,2019,UNKNOWN,SPORT UTILITY VEHICLE (SUV),PERSONAL,N,PARKED,,,0,,,,,,,,,,,,Y,Y,Y,Y,,,SIDE-LEFT,,,,,,,,,,,,,,,,,,,,,,,,,,,,,,,,,
2123609,d3ec7bb1f181c7531e9efb7bb3f9fe13051a80e6ce373dc50ee1190be46e757bf0187fd0a95beb2d4ce472a16d9154d4896ea2d2fbc01149c3d81fba2f7d6082,08/06/2025 10:00:00 AM,1,DRIVER,,2024445,,UNKNOWN,OTHER (EXPLAIN IN NARRATIVE),IL,,UNKNOWN,UNKNOWN/NA,UNKNOWN/NA,W,UNKNOWN/NA,,,1,,,,,,,,,,,,,,,,,Y,UNKNOWN,,,,,,,,,,,,,,,,,,,,,,,,,,,,,,,,,
2123610,d3ec7bb1f181c7531e9efb7bb3f9fe13051a80e6ce373dc50ee1190be46e757bf0187fd0a95beb2d4ce472a16d9154d4896ea2d2fbc01149c3d81fba2f7d6082,08/06/2025 10:00:00 AM,2,PARKED,,2024453,,CADILLAC,DTS,IL,2005,UNKNOWN,PASSENGER,PERSONAL,W,PARKED,Y,,0,,PERSONAL TOW,,,,,,Y,Y,,,,,,,,,REAR-RIGHT-CORNER,,,,,,,,,,,,,,,,,,,,,,,,,,,,,,,,,
2122715,dfdff93baca85f588ae31da23c714017a3f92baf5217b3b03868d4ea2aed16ca235ecf3a3d6c1b185ebcdca3f7ba896e688a0b582296572ec71b95ab6961ef13,08/06/2025 10:00:00 AM,1,DRIVER,,2023609,,NISSAN,ROGUE,OH,2021,NONE,PASSENGER,PERSONAL,N,PASSING/OVERTAKING,,,1,,,,,,,,,,,,,,,Y,,,FRONT-LEFT-CORNER,,,,,,,,,,,,,,,,,,,,,,,,,,,,,,,,,
2122716,dfdff93baca85f588ae31da23c714017a3f92baf5217b3b03868d4ea2aed16ca235ecf3a3d6c1b185ebcdca3f7ba896e688a0b582296572ec71b95ab6961ef13,08/06/2025 10:00:00 AM,2,DRIVER,,2023623,,TOYOTA,RAV4,IL,2017,NONE,PASSENGER,PERSONAL,N,SLOW/STOP IN TRAFFIC,,,1,,,,,,,,,Y,,,,,,,,,REAR-RIGHT-CORNER,,,,,,,,,,,,,,,,,,,,,,,,,,,,,,,,,
2122584,40069dd182f5cb425558be82ece396d673794fd56e9fd098cb85664a3fb7827ab81507204791423b0d9706987c6f93a817aa547df00c0794db3dacfcc6d30a46,08/06/2025 09:59:00 AM,1,DRIVER,,2023482,,NISSAN,VERSA,IL,2016,UNKNOWN,PASSENGER,PERSONAL,E,ENTERING TRAFFIC LANE FROM PARKING,,,1,,,,,Y,,,,,,,,,,Y,Y,,FRONT-LEFT-CORNER,,,,,,,,,,,,,,,,,,,,,,,,,,,,,,,,,
2122585,40069dd182f5cb425558be82ece396d673794fd56e9fd098cb85664a3fb7827ab81507204791423b0d9706987c6f93a817aa547df00c0794db3dacfcc6d30a46,08/06/2025 09:59:00 AM,2,DRIVER,,2023488,,TOYOTA,RAV4,IL,2023,UNKNOWN,SPORT UTILITY VEHICLE (SUV),PERSONAL,E,STRAIGHT AHEAD,,,1,,,,,Y,Y,Y,Y,,,,,,,,,,FRONT-RIGHT-CORNER,,,,,,,,,,,,,,,,,,,,,,,,,,,,,,,,,
2122646,a4835992eeb50cbf6e43dac2ebc5afacbdc59911bd6c11c911bc8785bd96e9034ad760b0f74b6e2627923075f4c038aeebb5a36385fc55bafde461bf9b123290,08/06/2025 09:48:00 AM,1,DRIVER,,2023542,,MERCEDES-BENZ,C300,IL,2012,UNKNOWN,PASSENGER,PERSONAL,N,PASSING/OVERTAKING,,,1,,,,,,,,,Y,,,,,,,,,UNKNOWN,,,,,,,,,,,,,,,,,,,,,,,,,,,,,,,,,
2122647,a4835992eeb50cbf6e43dac2ebc5afacbdc59911bd6c11c911bc8785bd96e9034ad760b0f74b6e2627923075f4c038aeebb5a36385fc55bafde461bf9b123290,08/06/2025 09:48:00 AM,2,DRIVER,2,2023548,,CHRYSLER,PACIFICA,IL,2020,UNKNOWN,VAN/MINI-VAN,PERSONAL,N,STRAIGHT AHEAD,,,3,,,,,,,,,,,,,,,Y,,,UNKNOWN,,,,,,,,,,,,,,,,,,,,,,,,,,,,,,,,,
2122553,ae7e1acd1a9ddd019a82d8b7384b61e922af0caadb98a4342496ffbb7bfe1eea115c1fddb16e2d19159a1c6f623723629285f127bc62023fc27982b405fa35aa,08/06/2025 09:47:00 AM,1,DRIVER,,2023447,,VOLKSWAGEN,JETTA,IL,2018,NONE,PASSENGER,PERSONAL,N,STRAIGHT AHEAD,,,1,,,,Y,,,,,,,,,,,,,,FRONT,,,,,,,,,,,,,,,,,,,,,,,,,,,,,,,,,
2122554,ae7e1acd1a9ddd019a82d8b7384b61e922af0caadb98a4342496ffbb7bfe1eea115c1fddb16e2d19159a1c6f623723629285f127bc62023fc27982b405fa35aa,08/06/2025 09:47:00 AM,2,DRIVER,,2023455,,MAZDA,626,IL,2001,NONE,PASSENGER,PERSONAL,N,STRAIGHT AHEAD,,,1,,,,,,,,,,,,,,,Y,,,SIDE-LEFT-FRONT,,,,,,,,,,,,,,,,,,,,,,,,,,,,,,,,,
2122621,3d766f330d511ab596a755a075f972b2b68b4bdc2f61e1bca1b2ad617c9e18c0c5e14971b72df396e437b86bce02a21c17aa8523753987383b4340d42a6f6c11,08/06/2025 09:45:00 AM,1,DRIVER,,2023515,Y,UTILITY TRAILER MANUFACTURING COMPANY,"\"UTILITY TRAILER MFG. CO.(\"\"UTILITY\"\" TRAILERS)\"",IL,2020,NONE,OTHER VEHICLE WITH TRAILER,OTHER,SE,TURNING LEFT,,,1,,,,Y,,,,,,,,,,,,,,REAR-LEFT-CORNER,"21,951",,,,DRIVER,1,"BENTOS, INC.",IL,BOLINGBROOK,,,,N,N,,N,,N,N,,,,,,,,,TRACTOR/SEMI-TRAILER,VAN/ENCLOSED BOX,,N,N,
2122622,3d766f330d511ab596a755a075f972b2b68b4bdc2f61e1bca1b2ad617c9e18c0c5e14971b72df396e437b86bce02a21c17aa8523753987383b4340d42a6f6c11,08/06/2025 09:45:00 AM,2,DRIVER,,2023523,,LEXUS,OTHER (EXPLAIN IN NARRATIVE),IL,2024,NONE,PASSENGER,PERSONAL,N,STRAIGHT AHEAD,,,1,,,,,,,,,,Y,Y,Y,,,,,,SIDE-LEFT-REAR,,,,,,,,,,,,,,,,,,,,,,,,,,,,,,,,,
2122547,0001a4f0626bbb479c55a442135cbd60e12944cf0ff37770d76f84ba773372b329614a8d58532774ba3be8707b09979e64b386d2b901afb0436dda9cc403591a,08/06/2025 09:40:00 AM,1,DRIVER,,2023439,,CHEVROLET,IMPALA,IL,2020,UNKNOWN,PASSENGER,PERSONAL,W,STRAIGHT AHEAD,Y,,1,,private,,,Y,Y,,,,,,,,,Y,Y,,FRONT-RIGHT-CORNER,,,,,,,,,,,,,,,,,,,,,,,,,,,,,,,,,
2122548,0001a4f0626bbb479c55a442135cbd60e12944cf0ff37770d76f84ba773372b329614a8d58532774ba3be8707b09979e64b386d2b901afb0436dda9cc403591a,08/06/2025 09:40:00 AM,2,DRIVER,,2023442,,LEXUS,RX350,IL,2022,UNKNOWN,SPORT UTILITY VEHICLE (SUV),PERSONAL,E,TURNING LEFT,Y,,1,,private,,,Y,Y,,,,,,,,Y,Y,Y,,FRONT,,,,,,,,,,,,,,,,,,,,,,,,,,,,,,,,,
2122566,a134a6b30f9a92f856c8d9693e41623023d1df6064c95e2e22ffac93a7b960ca9db6a7fc00db05436e43290fa78787cd17813eb2daf1621982fe4e24e2599ceb,08/06/2025 09:40:00 AM,1,DRIVER,,2023464,,CHEVROLET,IMPALA,IL,2009,UNKNOWN,PASSENGER,UNKNOWN/NA,W,STRAIGHT AHEAD,,,1,,,,,Y,,,,,,,,,,Y,Y,,FRONT,,,,,,,,,,,,,,,,,,,,,,,,,,,,,,,,,
2122567,a134a6b30f9a92f856c8d9693e41623023d1df6064c95e2e22ffac93a7b960ca9db6a7fc00db05436e43290fa78787cd17813eb2daf1621982fe4e24e2599ceb,08/06/2025 09:40:00 AM,2,DRIVER,,2023474,,DODGE,OTHER (EXPLAIN IN NARRATIVE),IL,2024,NONE,PASSENGER,NOT IN USE,W,STRAIGHT AHEAD,,,1,,,,,,,,,Y,Y,Y,,,,,,,REAR,,,,,,,,,,,,,,,,,,,,,,,,,,,,,,,,,
2122586,d1432bfd5d07215c01aff128bd6ef198d698abff93cc9e67aad2211a11542ec1b4fe254feda230c26fd8e78e4d4e4162946c0774158eeb2927fa9d0142416d0b,08/06/2025 09:39:00 AM,1,DRIVER,,2023484,,FORD,ECONOLINE 100,IL,2013,UNKNOWN,VAN/MINI-VAN,OTHER,S,STRAIGHT AHEAD,,,1,,,,,,Y,Y,Y,,,,,,,,,,SIDE-RIGHT,,,,,,,,,,,,,,,,,,,,,,,,,,,,,,,,,
2122587,d1432bfd5d07215c01aff128bd6ef198d698abff93cc9e67aad2211a11542ec1b4fe254feda230c26fd8e78e4d4e4162946c0774158eeb2927fa9d0142416d0b,08/06/2025 09:39:00 AM,2,PARKED,,2023493,,KIA,SORENTO,IL,2015,NONE,PASSENGER,OTHER,S,PARKED,,,0,,,,,Y,,,,,,,,Y,Y,Y,Y,,SIDE-LEFT,,,,,,,,,,,,,,,,,,,,,,,,,,,,,,,,,
2122551,a224b7f6a9965b205a9576dfbc41fb9001112c248e3cc12d8c7fdb226947dd15b7c1bb05719cdcffc7a17a6d9f572d98fe9967d1c1e9bd767f1d9f8a9f07eb56,08/06/2025 09:37:00 AM,1,DRIVER,,2023443,,TOYOTA,CAMRY,IL,2011,UNKNOWN,PASSENGER,PERSONAL,S,OTHER,,,1,,,,,Y,Y,,,,,,,,,,Y,,FRONT-RIGHT-CORNER,,,,,,,,,,,,,,,,,,,,,,,,,,,,,,,,,
2122552,a224b7f6a9965b205a9576dfbc41fb9001112c248e3cc12d8c7fdb226947dd15b7c1bb05719cdcffc7a17a6d9f572d98fe9967d1c1e9bd767f1d9f8a9f07eb56,08/06/2025 09:37:00 AM,2,PARKED,,2023446,,HONDA,OTHER (EXPLAIN IN NARRATIVE),IL,2018,NONE,PASSENGER,PERSONAL,S,PARKED,,,0,,,,,,,,,,Y,Y,Y,,,,,,REAR-LEFT-CORNER,,,,,,,,,,,,,,,,,,,,,,,,,,,,,,,,,
2122576,a315d3086ad96dde5169c9e8f402a910c014c3637bf01880b184b41f21daa3a65903f3cbb7ccb017a6630210000ef1b0f0d7b667ac84227c10cfdd475b1a2569,08/06/2025 09:35:00 AM,1,DRIVER,,2023466,,CHEVROLET,OTHER (EXPLAIN IN NARRATIVE),,,UNKNOWN,PICKUP,UNKNOWN/NA,W,STRAIGHT AHEAD,,,1,,,,,Y,Y,,,,,,,,,,,,FRONT-RIGHT-CORNER,,,,,,,,,,,,,,,,,,,,,,,,,,,,,,,,,
2122577,a315d3086ad96dde5169c9e8f402a910c014c3637bf01880b184b41f21daa3a65903f3cbb7ccb017a6630210000ef1b0f0d7b667ac84227c10cfdd475b1a2569,08/06/2025 09:35:00 AM,2,PARKED,,2023469,Y,FREIGHTLINER CORPORATION,FREIGHTLINER CORP.,IL,2015,UNKNOWN,TRACTOR W/ SEMI-TRAILER,COMMERCIAL - SINGLE UNIT,W,PARKED IN TRAFFIC LANE,,,0,,,,,,,,,,,Y,Y,,,,,,REAR-LEFT-CORNER,"21,950",,,,DRIVER,3,DR PEPPER,IL,NORTHLAKE,,,,U,U,,U,,U,,,,>102,>102,,,53,,TRACTOR/SEMI-TRAILER,VAN/ENCLOSED BOX,UNKNOWN,N,N,
2122570,5fea83fc2ce8dea036b2b3302b065e750281b45d780907865b4a3e2fd4da1f980ab139a3b6e481a2cfc7bc359d18da615abe84fb084baae30031e5a645475d30,08/06/2025 09:28:00 AM,1,DRIVER,,2023463,,AUDI,Q7,IL,2023,UNKNOWN,SPORT UTILITY VEHICLE (SUV),PERSONAL,E,STRAIGHT AHEAD,,,1,,,,,,,,,,,,N,Y,Y,Y,,,SIDE-LEFT,,,,,,,,,,,,,,,,,,,,,,,,,,,,,,,,,
2122571,5fea83fc2ce8dea036b2b3302b065e750281b45d780907865b4a3e2fd4da1f980ab139a3b6e481a2cfc7bc359d18da615abe84fb084baae30031e5a645475d30,08/06/2025 09:28:00 AM,2,DRIVER,3,2023472,,CHRYSLER,VOYAGER,IL,2022,UNKNOWN,VAN/MINI-VAN,PERSONAL,S,STRAIGHT AHEAD,,,4,,,,,Y,Y,,,,,,,,,,,,SIDE-RIGHT,,,,,,,,,,,,,,,,,,,,,,,,,,,,,,,,,
2123209,6dff62601f1312dc5e2d29661c9a5b2ef1e18b4719d64859b00276c241b5e7ef5c02eed12478d3d90c3e9c29dbabf1c8ad16482aefdad83ad60c9e0e00dd8187,08/06/2025 09:22:00 AM,1,DRIVER,,2024069,,MAZDA,CX-5,IL,2016,NONE,PASSENGER,PERSONAL,E,STRAIGHT AHEAD,,,1,,,,,,,,,,,,,,,,Y,,FRONT,,,,,,,,,,,,,,,,,,,,,,,,,,,,,,,,,
2123210,6dff62601f1312dc5e2d29661c9a5b2ef1e18b4719d64859b00276c241b5e7ef5c02eed12478d3d90c3e9c29dbabf1c8ad16482aefdad83ad60c9e0e00dd8187,08/06/2025 09:22:00 AM,2,DRIVER,,2024070,,HONDA,CIVIC,IL,2015,NONE,PASSENGER,PERSONAL,E,SLOW/STOP IN TRAFFIC,,,1,,,,,,,,,,Y,,,,,,,,REAR,,,,,,,,,,,,,,,,,,,,,,,,,,,,,,,,,
2123032,f4316da040591b5e70187ca6287a8cba7579a2737a9800824efc6f84653d5a709301cc4d9d576524e0e5256863920d59b296e85afcd06e122c6f92c54a055c58,08/06/2025 09:20:00 AM,1,DRIVER,,2023899,,DODGE,RAM 3500 PU,IL,2014,UNKNOWN,TRUCK - SINGLE UNIT,COMMERCIAL - SINGLE UNIT,UNKNOWN,BACKING,,,1,,,,,,,,,,,,,,,,,Y,REAR,,,,,,,,,,,,,,,,,,,,,,,,,,,,,,,,,
2123033,f4316da040591b5e70187ca6287a8cba7579a2737a9800824efc6f84653d5a709301cc4d9d576524e0e5256863920d59b296e85afcd06e122c6f92c54a055c58,08/06/2025 09:20:00 AM,2,PARKED,,2023903,,VOLKSWAGEN,TIGUAN,IL,2019,UNKNOWN,SPORT UTILITY VEHICLE (SUV),NOT IN USE,UNKNOWN,PARKED,,,0,,,,,,,,,,,,,Y,Y,,,,SIDE-LEFT,,,,,,,,,,,,,,,,,,,,,,,,,,,,,,,,,
2122549,a21a3c60cca632a586287ab663439f6802bd1371d08f1301604723be0e268e4a8003a39a115947df5216c9eb5676516eda39a3165e08b003ee0cac2080b39a56,08/06/2025 09:16:00 AM,1,DRIVER,,2023438,,FORD,ESCAPE,IL,2024,UNKNOWN,SPORT UTILITY VEHICLE (SUV),UNKNOWN/NA,W,ENTERING TRAFFIC LANE FROM PARKING,,,1,,,,,,,,,,,,,Y,Y,Y,,,SIDE-LEFT-FRONT,,,,,,,,,,,,,,,,,,,,,,,,,,,,,,,,,
2122550,a21a3c60cca632a586287ab663439f6802bd1371d08f1301604723be0e268e4a8003a39a115947df5216c9eb5676516eda39a3165e08b003ee0cac2080b39a56,08/06/2025 09:16:00 AM,2,DRIVER,,2023441,,TOYOTA,HIGHLANDER,IL,2021,UNKNOWN,SPORT UTILITY VEHICLE (SUV),PERSONAL,W,STRAIGHT AHEAD,,,1,,,,,Y,Y,,,,,,,,,,,,FRONT-RIGHT-CORNER,,,,,,,,,,,,,,,,,,,,,,,,,,,,,,,,,
2122700,8ce0aa869b9920f09bccb6c32fda03a935fac8fc523d2ebc3685c374bfd1988d19f2a334fecb1664963b50fcaf736990961d00d5f9414c888adef456bdb79fa8,08/06/2025 09:15:00 AM,1,DRIVER,,2023597,,UNKNOWN,OTHER (EXPLAIN IN NARRATIVE),IL,,UNKNOWN,UNKNOWN/NA,UNKNOWN/NA,E,STRAIGHT AHEAD,,,1,,,,,,,,,,,,,,,,Y,,FRONT,,,,,,,,,,,,,,,,,,,,,,,,,,,,,,,,,
2122701,8ce0aa869b9920f09bccb6c32fda03a935fac8fc523d2ebc3685c374bfd1988d19f2a334fecb1664963b50fcaf736990961d00d5f9414c888adef456bdb79fa8,08/06/2025 09:15:00 AM,2,DRIVER,,2023602,,INFINITI,QX70,IL,2016,NONE,PASSENGER,PERSONAL,E,STRAIGHT AHEAD,,,1,,,,,,,,,,Y,,,,,,Y,,REAR,,,,,,,,,,,,,,,,,,,,,,,,,,,,,,,,,
2122702,8ce0aa869b9920f09bccb6c32fda03a935fac8fc523d2ebc3685c374bfd1988d19f2a334fecb1664963b50fcaf736990961d00d5f9414c888adef456bdb79fa8,08/06/2025 09:15:00 AM,3,DRIVER,,2023615,,KIA,SPORTAGE,IL,2015,NONE,PASSENGER,PERSONAL,E,STRAIGHT AHEAD,,,1,,,,,,,,,,Y,,,,,,,,REAR,,,,,,,,,,,,,,,,,,,,,,,,,,,,,,,,,
2123684,469ef5cfe482c4a41778d8d0f2692ebd5c9096267f6100f4ab4ba8affacd7c5eb454e0dd81edff4854ef6960cc3290d0801c924b4b2aa86b44a03f71b6db35bb,08/06/2025 09:06:00 AM,1,DRIVER,,2024536,,UNKNOWN,OPEN BODY,IL,,UNKNOWN,PASSENGER,UNKNOWN/NA,UNKNOWN,BACKING,,,1,,,,,,,,,,,,,,,,,Y,UNKNOWN,,,,,,,,,,,,,,,,,,,,,,,,,,,,,,,,,
2123685,469ef5cfe482c4a41778d8d0f2692ebd5c9096267f6100f4ab4ba8affacd7c5eb454e0dd81edff4854ef6960cc3290d0801c924b4b2aa86b44a03f71b6db35bb,08/06/2025 09:06:00 AM,2,DRIVERLESS,,2024575,,CHEVROLET,OTHER (EXPLAIN IN NARRATIVE),IL,2025,UNKNOWN,PASSENGER,UNKNOWN/NA,UNKNOWN,PARKED,,,0,,,,,Y,,,,,,,,,,,,,FRONT-RIGHT-CORNER,,,,,,,,,,,,,,,,,,,,,,,,,,,,,,,,,
2122564,5a7bd57cf514b4746fcb7276bf99c082ffb5a44776a83d5231e8f964758431af4e91dc678257424177136881a25c2a10cd5aa26565692bc4ad204a5b7420bd26,08/06/2025 09:05:00 AM,1,DRIVER,,2023459,,BMW,X3,IL,2020,NONE,PASSENGER,PERSONAL,W,OTHER,,,1,,,,,,,,,,,,,Y,Y,,,,SIDE-LEFT,,,,,,,,,,,,,,,,,,,,,,,,,,,,,,,,,
2122565,5a7bd57cf514b4746fcb7276bf99c082ffb5a44776a83d5231e8f964758431af4e91dc678257424177136881a25c2a10cd5aa26565692bc4ad204a5b7420bd26,08/06/2025 09:05:00 AM,2,BICYCLE,,,,,,,,,,,,,,,,,,,,,,,,,,,,,,,,,,,,,,,,,,,,,,,,,,,,,,,,,,,,,,,,,,
2122545,6bce825198464d1d3d91176c85f420adca4ccb8c43c38bcc9d2d09e8821f4d591518e4bdcd0b5a8a153f8f6c2ab170495a2c17b702b0a3b8d95229c4e4df9365,08/06/2025 09:02:00 AM,1,DRIVER,,2023445,,MAZDA,CX-5,IL,2021,UNKNOWN,SPORT UTILITY VEHICLE (SUV),PERSONAL,N,BACKING,,,1,,,,,,,,,N,Y,Y,Y,,,,,Y,REAR,,,,,,,,,,,,,,,,,,,,,,,,,,,,,,,,,
2122546,6bce825198464d1d3d91176c85f420adca4ccb8c43c38bcc9d2d09e8821f4d591518e4bdcd0b5a8a153f8f6c2ab170495a2c17b702b0a3b8d95229c4e4df9365,08/06/2025 09:02:00 AM,2,DRIVER,,2023454,,NISSAN,ROGUE,IN,2017,UNKNOWN,PASSENGER,PERSONAL,N,SLOW/STOP IN TRAFFIC,,,1,,,,,,,,,,Y,Y,,,,,,,REAR-LEFT-CORNER,,,,,,,,,,,,,,,,,,,,,,,,,,,,,,,,,
2122530,ad4649089df9c2cfb231fd07b7ce8da0f02a4fc9d0935d9e2a8b1dbe0d62ba8fe80a09397ac75b1e7c62ff13b34905159d8d7199408f4b447d8f31872f63bfbc,08/06/2025 09:02:00 AM,1,DRIVER,,2023429,,TOYOTA,COROLLA,IL,2007,UNKNOWN,PASSENGER,PERSONAL,E,STRAIGHT AHEAD,,,1,,,,,,,,,,,,,,,Y,,,FRONT-LEFT-CORNER,,,,,,,,,,,,,,,,,,,,,,,,,,,,,,,,,
2122531,ad4649089df9c2cfb231fd07b7ce8da0f02a4fc9d0935d9e2a8b1dbe0d62ba8fe80a09397ac75b1e7c62ff13b34905159d8d7199408f4b447d8f31872f63bfbc,08/06/2025 09:02:00 AM,2,BICYCLE,,,,,,,,,,,,,,,,,,,,,,,,,,,,,,,,,,,,,,,,,,,,,,,,,,,,,,,,,,,,,,,,,,