CRASH_UNIT_ID,CRASH_RECORD_ID,CRASH_DATE,UNIT_NO,UNIT_TYPE,NUM_PASSENGERS,VEHICLE_ID,CMRC_VEH_I,MAKE,MODEL,LIC_PLATE_STATE,VEHICLE_YEAR,VEHICLE_DEFECT,VEHICLE_TYPE,VEHICLE_USE,TRAVEL_DIRECTION,MANEUVER,TOWED_I,FIRE_I,OCCUPANT_CNT,EXCEED_SPEED_LIMIT_I,TOWED_BY,TOWED_TO,AREA_00_I,AREA_01_I,AREA_02_I,AREA_03_I,AREA_04_I,AREA_05_I,AREA_06_I,AREA_07_I,AREA_08_I,AREA_09_I,AREA_10_I,AREA_11_I,AREA_12_I,AREA_99_I,FIRST_CONTACT_POINT,CMV_ID,USDOT_NO,CCMC_NO,ILCC_NO,COMMERCIAL_SRC,GVWR,CARRIER_NAME,CARRIER_STATE,CARRIER_CITY,HAZMAT_PLACARDS_I,HAZMAT_NAME,UN_NO,HAZMAT_PRESENT_I,HAZMAT_REPORT_I,HAZMAT_REPORT_NO,MCS_REPORT_I,MCS_REPORT_NO,HAZMAT_VIO_CAUSE_CRASH_I,MCS_VIO_CAUSE_CRASH_I,IDOT_PERMIT_NO,WIDE_LOAD_I,TRAILER1_WIDTH,TRAILER2_WIDTH,TRAILER1_LENGTH,TRAILER2_LENGTH,TOTAL_VEHICLE_LENGTH,AXLE_CNT,VEHICLE_CONFIG,CARGO_BODY_TYPE,LOAD_TYPE,HAZMAT_OUT_OF_SERVICE_I,MCS_OUT_OF_SERVICE_I,HAZMAT_CLASS
2129573,2f63bb8df101563676bd3793287e39d91933779e5e671d18826c5d13e0c06c66207721b8a604da35606023825168ff8135c8711097b7d7ca0a51f60875571d0d,08/06/2025 09:00:00 AM,1,DRIVER,,2030109,,FORD,OTHER (EXPLAIN IN NARRATIVE),IL,2023,UNKNOWN,TRUCK - SINGLE UNIT,OTHER,E,BACKING,,,1,,,,,,,,,,Y,,,,,,,,REAR,,,,,,,,,,,,,,,,,,,,,,,,,,,,,,,,,
2129574,2f63bb8df101563676bd3793287e39d91933779e5e671d18826c5d13e0c06c66207721b8a604da35606023825168ff8135c8711097b7d7ca0a51f60875571d0d,08/06/2025 09:00:00 AM,2,PARKED,,2030111,,TOYOTA,RAV4,IL,2018,NONE,SPORT UTILITY VEHICLE (SUV),PERSONAL,UNKNOWN,PARKED,,,0,,,,,,,,,Y,Y,Y,,,,,,,REAR,,,,,,,,,,,,,,,,,,,,,,,,,,,,,,,,,
2122524,8321ae42579df09225f78c2bd251eeaa75c3c02b64d85709f03cb5525bef6c3ea680ba406216f8520d832507a0838ee51d8c389dd4efa46a4bb9ff3e6e225158,08/06/2025 09:00:00 AM,1,DRIVER,1,2023425,,UNKNOWN,OTHER (EXPLAIN IN NARRATIVE),IL,,NONE,PASSENGER,PERSONAL,N,PASSING/OVERTAKING,,,2,,,,,Y,Y,,,,,,,,,,,,FRONT-LEFT-CORNER,,,,,,,,,,,,,,,,,,,,,,,,,,,,,,,,,
2122525,8321ae42579df09225f78c2bd251eeaa75c3c02b64d85709f03cb5525bef6c3ea680ba406216f8520d832507a0838ee51d8c389dd4efa46a4bb9ff3e6e225158,08/06/2025 09:00:00 AM,2,DRIVER,,2023433,,CHEVROLET,OTHER (EXPLAIN IN NARRATIVE),IL,2012,NONE,SPORT UTILITY VEHICLE (SUV),PERSONAL,N,STRAIGHT AHEAD,,,1,,,,,,,,Y,Y,,,,,,,,,REAR-RIGHT-CORNER,,,,,,,,,,,,,,,,,,,,,,,,,,,,,,,,,
2122597,ad7b0cae0801df02a7f4a0bf75688b8a53afce5f6f4d7b3df500035bcfafa27688579ad1a5d99fb0f23aa70d631a52d93e0935196d6b9267139fb0e3fc718507,08/06/2025 09:00:00 AM,1,DRIVER,,2023514,,BUICK,ENCORE,IL,2016,NONE,PASSENGER,PERSONAL,E,UNKNOWN/NA,,,1,,,,,Y,,,,,,,,,,,,,FRONT,,,,,,,,,,,,,,,,,,,,,,,,,,,,,,,,,
2122598,ad7b0cae0801df02a7f4a0bf75688b8a53afce5f6f4d7b3df500035bcfafa27688579ad1a5d99fb0f23aa70d631a52d93e0935196d6b9267139fb0e3fc718507,08/06/2025 09:00:00 AM,2,DRIVER,,2023491,,TOYOTA,SIENNA,IL,2022,NONE,PASSENGER,PERSONAL,N,STRAIGHT AHEAD,,,1,,,,,,,,,,,Y,,,,,,,SIDE-RIGHT,,,,,,,,,,,,,,,,,,,,,,,,,,,,,,,,,
2122536,de20cb53521726eb87f583972fbb5a7cb4c10caf67bce285cb2025edb466019d39a6cb63d203af0d089daa65dada616def0be907113f9ec9a7b1e9f040a4cb12,08/06/2025 09:00:00 AM,1,DRIVER,,2023440,,FORD,TRANSIT,IL,2014,UNKNOWN,OTHER,UNKNOWN/NA,S,STRAIGHT AHEAD,,,1,,,,,,,,,,,,,,,,Y,,FRONT,,,,,,,,,,,,,,,,,,,,,,,,,,,,,,,,,
2122537,de20cb53521726eb87f583972fbb5a7cb4c10caf67bce285cb2025edb466019d39a6cb63d203af0d089daa65dada616def0be907113f9ec9a7b1e9f040a4cb12,08/06/2025 09:00:00 AM,2,DRIVER,,2023444,,TOYOTA,CAMRY,IL,2021,NONE,PASSENGER,PERSONAL,S,STRAIGHT AHEAD,,,1,,,,,,,,,,Y,,,,,,,,REAR,,,,,,,,,,,,,,,,,,,,,,,,,,,,,,,,,
2122989,e4debdd78f02e11691e0831819e549ab8c783f199413fe011c251154953b424bd0f0b725ea921cf1db8ec61aea8149b5079dcd44a0227cf654c41f3d26f1293f,08/06/2025 09:00:00 AM,1,DRIVER,,2023866,,MAZDA,CX-5,IL,2021,NONE,PASSENGER,PERSONAL,S,BACKING,,,1,,,,,,,,,,Y,Y,Y,,,,,,REAR-LEFT-CORNER,,,,,,,,,,,,,,,,,,,,,,,,,,,,,,,,,
2122990,e4debdd78f02e11691e0831819e549ab8c783f199413fe011c251154953b424bd0f0b725ea921cf1db8ec61aea8149b5079dcd44a0227cf654c41f3d26f1293f,08/06/2025 09:00:00 AM,2,DRIVER,,2023881,,NISSAN,ROGUE,,2017,NONE,PASSENGER,PERSONAL,N,BACKING,,,1,,,,,,,,Y,Y,Y,,,,,,,,SIDE-RIGHT-REAR,,,,,,,,,,,,,,,,,,,,,,,,,,,,,,,,,
2122555,9e3f8c070ae8de3e1710bc631ff143eb7ec49129b3271a5f664991a64b11a67d0656d01f0ee712e0bac6d98c2a0b54efafd05d2178af5acae821f9235a6a0d90,08/06/2025 08:45:00 AM,1,DRIVER,,2023448,Y,FREIGHTLINER CORPORATION,FREIGHTLINER CORP.,IL,2016,NONE,TRUCK - SINGLE UNIT,COMMERCIAL - SINGLE UNIT,N,STRAIGHT AHEAD,,,1,,,,,,,,,,,,,,,,,Y,FRONT,"21,949",,,,,,,,,,,,,,,,,,,,,,,,,,,"SINGLE UNIT TRUCK, 2 AXLES, 6 TIRES",VAN/ENCLOSED BOX,UNKNOWN,,,
2137226,f0105edb7208ec10a40cf91234de900a054cf9fafeaa559e5dd21ffd052ec76996163fb7cba07b0f47921707e6e3cc371de396837bcc303846aefbad9e8a8c63,08/06/2025 08:43:00 AM,1,DRIVER,,2037371,,TESLA,MODEL Y,IL,2024,NONE,PASSENGER,PERSONAL,N,PASSING/OVERTAKING,,,1,,,,,,,Y,Y,Y,,,,,,,,,SIDE-RIGHT,,,,,,,,,,,,,,,,,,,,,,,,,,,,,,,,,
2137227,f0105edb7208ec10a40cf91234de900a054cf9fafeaa559e5dd21ffd052ec76996163fb7cba07b0f47921707e6e3cc371de396837bcc303846aefbad9e8a8c63,08/06/2025 08:43:00 AM,2,DRIVERLESS,,2037382,,STERLING,OTHER (EXPLAIN IN NARRATIVE),IL,2004,UNKNOWN,TRUCK - SINGLE UNIT,NOT IN USE,N,DISABLED,,,0,,,,,,,,,,,Y,,,,,,,SIDE-LEFT-REAR,,,,,,,,,,,,,,,,,,,,,,,,,,,,,,,,,
2122501,5e9286958c062852fe0884d5ef21d4f32ef36e479586d45d4e3159ddec8211c4e298382c385a24b7b6bd94ec6815a070c1bae3d09dabd72b484b6ae48afb2a8a,08/06/2025 08:35:00 AM,1,BICYCLE,,,,,,,,,,,,,,,,,,,,,,,,,,,,,,,,,,,,,,,,,,,,,,,,,,,,,,,,,,,,,,,,,,
2122502,5e9286958c062852fe0884d5ef21d4f32ef36e479586d45d4e3159ddec8211c4e298382c385a24b7b6bd94ec6815a070c1bae3d09dabd72b484b6ae48afb2a8a,08/06/2025 08:35:00 AM,2,DRIVER,,2023406,,CHEVROLET,TRAIL BLAZER,,2022,UNKNOWN,PASSENGER,PERSONAL,W,STRAIGHT AHEAD,,,1,,,,,,,Y,Y,,,,,,,,,,SIDE-RIGHT,,,,,,,,,,,,,,,,,,,,,,,,,,,,,,,,,
2122534,40ab6907f9c6d4e9e4826d1e148a6f26508321fd28e1acb7ddbbc376a07f3bf4f9fe841abb9ce2274a062ffcc76f53e9f88801ab3a6d37a1fa7bcee8b4fe1177,08/06/2025 08:33:00 AM,1,DRIVER,,2023432,,KIA,SORENTO,IL,2012,UNKNOWN,PASSENGER,PERSONAL,W,STRAIGHT AHEAD,,,1,,,,,Y,Y,Y,,,,,,,,,,,SIDE-RIGHT,,,,,,,,,,,,,,,,,,,,,,,,,,,,,,,,,
2122535,40ab6907f9c6d4e9e4826d1e148a6f26508321fd28e1acb7ddbbc376a07f3bf4f9fe841abb9ce2274a062ffcc76f53e9f88801ab3a6d37a1fa7bcee8b4fe1177,08/06/2025 08:33:00 AM,2,PARKED,,2023435,,HYUNDAI,SANTA FE,IL,2015,NONE,PASSENGER,PERSONAL,W,PARKED,,,0,,,,,,,,,,,,,Y,Y,,,,SIDE-LEFT,,,,,,,,,,,,,,,,,,,,,,,,,,,,,,,,,
2122515,8f0b4d0d16b7919fd21ef1ba932e397f656568e2cb105ff8d947a55f9cdaacc196a68326a3baa4b9915e4b155f46fe1ba6e18d637e387eb9699aabc9a58e05c5,08/06/2025 08:30:00 AM,1,DRIVER,,2023413,,UNKNOWN,OTHER (EXPLAIN IN NARRATIVE),,,UNKNOWN,UNKNOWN/NA,UNKNOWN/NA,UNKNOWN,UNKNOWN/NA,,,1,,,,,,,,,,,,,,,,,Y,UNKNOWN,,,,,,,,,,,,,,,,,,,,,,,,,,,,,,,,,
2122516,8f0b4d0d16b7919fd21ef1ba932e397f656568e2cb105ff8d947a55f9cdaacc196a68326a3baa4b9915e4b155f46fe1ba6e18d637e387eb9699aabc9a58e05c5,08/06/2025 08:30:00 AM,2,PARKED,,2023418,,TESLA,MODEL 3,IL,2020,NONE,PASSENGER,UNKNOWN/NA,S,PARKED,,,0,,,,,,,,,,Y,Y,Y,,,,,,REAR,,,,,,,,,,,,,,,,,,,,,,,,,,,,,,,,,
2122526,583402af9e7caa5a5c3da237ea123656727048c7df15d09934e40d628e26cb1b163bfeb50442062ebbc2f7401478077821003bc6bc8ae62d9e10a4216523173f,08/06/2025 08:25:00 AM,1,DRIVER,,2023431,,LAND ROVER,LAND ROVER (SPORT),IL,2016,NONE,PASSENGER,PERSONAL,W,UNKNOWN/NA,,,1,,,,,,,,,,,,,,,,Y,,FRONT,,,,,,,,,,,,,,,,,,,,,,,,,,,,,,,,,
2122527,583402af9e7caa5a5c3da237ea123656727048c7df15d09934e40d628e26cb1b163bfeb50442062ebbc2f7401478077821003bc6bc8ae62d9e10a4216523173f,08/06/2025 08:25:00 AM,2,DRIVER,,2023423,,MERCEDES-BENZ,OTHER (EXPLAIN IN NARRATIVE),IL,2021,NONE,PASSENGER,PERSONAL,N,STRAIGHT AHEAD,,,1,,,,,,,,,Y,,,,,,,,,REAR-RIGHT-CORNER,,,,,,,,,,,,,,,,,,,,,,,,,,,,,,,,,
2125031,8c98028072061eef028214fd71b17a68cb0d5bcbc42de5ab354e4e5411f1a532ed020f582eca93dd9cb7623d81227b90f98009af68292dbde615b3ef973dbcdd,08/06/2025 08:25:00 AM,1,DRIVER,,2025782,,CHEVROLET,TRAX,IL,2024,UNKNOWN,PASSENGER,PERSONAL,S,STRAIGHT AHEAD,,,1,,,,,,,,,,,,,,,,Y,,FRONT,,,,,,,,,,,,,,,,,,,,,,,,,,,,,,,,,
2125032,8c98028072061eef028214fd71b17a68cb0d5bcbc42de5ab354e4e5411f1a532ed020f582eca93dd9cb7623d81227b90f98009af68292dbde615b3ef973dbcdd,08/06/2025 08:25:00 AM,2,DRIVER,,2025783,,CHEVROLET,MALIBU,IL,2011,NONE,PASSENGER,PERSONAL,N,TURNING LEFT,,,1,,,,,,,N,Y,Y,,,,,,,,,SIDE-RIGHT-REAR,,,,,,,,,,,,,,,,,,,,,,,,,,,,,,,,,
2123021,f2ecf8eb738f2216f2df7903a792d491443e7a7a2b2162b85700240420a4e34d9a6a6dc76ff619d651aed9ddcc21abc5e0fe69bed95dba2e2c00d683ee344859,08/06/2025 08:20:00 AM,1,DRIVER,,2023893,,JAGUAR,F-PACE,IL,2025,UNKNOWN,SPORT UTILITY VEHICLE (SUV),UNKNOWN/NA,S,BACKING,,,1,,,,,,,,,,,Y,,,,,,,FRONT-LEFT-CORNER,,,,,,,,,,,,,,,,,,,,,,,,,,,,,,,,,
2123022,f2ecf8eb738f2216f2df7903a792d491443e7a7a2b2162b85700240420a4e34d9a6a6dc76ff619d651aed9ddcc21abc5e0fe69bed95dba2e2c00d683ee344859,08/06/2025 08:20:00 AM,2,PARKED,,2023896,,HONDA,ACCORD,IL,2020,NONE,PASSENGER,NOT IN USE,S,PARKED,,,0,,,,,,,,,,,Y,,,,,,,REAR-LEFT-CORNER,,,,,,,,,,,,,,,,,,,,,,,,,,,,,,,,,
2122511,d9d67fc584b811b663b36ccd69ca27ca6c3edd606958745bd917c7ac7028c810a144df74904d5df2d0c467529248976732fd9abee7e7f11612422cf89d084efd,08/06/2025 08:15:00 AM,1,DRIVER,1,2023411,,TOYOTA,VENZA,IL,2021,UNKNOWN,PASSENGER,UNKNOWN/NA,W,TURNING RIGHT,,,2,,,,,,,,,,,,,,,,,Y,FRONT-RIGHT-CORNER,,,,,,,,,,,,,,,,,,,,,,,,,,,,,,,,,
2122514,d9d67fc584b811b663b36ccd69ca27ca6c3edd606958745bd917c7ac7028c810a144df74904d5df2d0c467529248976732fd9abee7e7f11612422cf89d084efd,08/06/2025 08:15:00 AM,2,BICYCLE,,,,,,,,,,,,,,,,,,,,,,,,,,,,,,,,,,,,,,,,,,,,,,,,,,,,,,,,,,,,,,,,,,
2122540,e48350f39bdcbae2cdf8bf16eab357aa67f8e44a09ec30a08b67d3e76e0922fd3badafc03fc8bd033198e35041e7079f55b2c0bbd6a525b1faf0396436c7b221,08/06/2025 08:06:00 AM,1,DRIVER,2,2023449,,DODGE,CHARGER,IL,2017,NONE,PASSENGER,PERSONAL,S,STRAIGHT AHEAD,,,3,,,,,Y,,,,,Y,Y,Y,Y,Y,Y,Y,,FRONT,,,,,,,,,,,,,,,,,,,,,,,,,,,,,,,,,
2122541,e48350f39bdcbae2cdf8bf16eab357aa67f8e44a09ec30a08b67d3e76e0922fd3badafc03fc8bd033198e35041e7079f55b2c0bbd6a525b1faf0396436c7b221,08/06/2025 08:06:00 AM,2,DRIVER,,2023467,,HONDA,FIT,IL,2009,NONE,PASSENGER,PERSONAL,E,STRAIGHT AHEAD,,,1,,,,,N,N,,,Y,Y,,,Y,Y,Y,Y,,FRONT,,,,,,,,,,,,,,,,,,,,,,,,,,,,,,,,,
2122542,e48350f39bdcbae2cdf8bf16eab357aa67f8e44a09ec30a08b67d3e76e0922fd3badafc03fc8bd033198e35041e7079f55b2c0bbd6a525b1faf0396436c7b221,08/06/2025 08:06:00 AM,3,PARKED,,2023473,,MITSUBISHI,OUTLANDER,IL,2023,NONE,PASSENGER,PERSONAL,N,PARKED,,,0,,,,,Y,,,,,Y,,,,Y,Y,Y,,FRONT,,,,,,,,,,,,,,,,,,,,,,,,,,,,,,,,,
2122543,e48350f39bdcbae2cdf8bf16eab357aa67f8e44a09ec30a08b67d3e76e0922fd3badafc03fc8bd033198e35041e7079f55b2c0bbd6a525b1faf0396436c7b221,08/06/2025 08:06:00 AM,4,PARKED,,2023477,,CHEVROLET,TRAVERSE,IL,2022,NONE,PASSENGER,PERSONAL,N,PARKED,,,0,,,,,,,,,,,,,,,,Y,,FRONT,,,,,,,,,,,,,,,,,,,,,,,,,,,,,,,,,
2122544,e48350f39bdcbae2cdf8bf16eab357aa67f8e44a09ec30a08b67d3e76e0922fd3badafc03fc8bd033198e35041e7079f55b2c0bbd6a525b1faf0396436c7b221,08/06/2025 08:06:00 AM,5,PARKED,,2023481,,FORD,ESCAPE,IL,2012,NONE,PASSENGER,PERSONAL,S,PARKED,,,0,,,,,Y,Y,Y,Y,,,,,,,,,,SIDE-LEFT,,,,,,,,,,,,,,,,,,,,,,,,,,,,,,,,,
2122499,0625eceb4b24ddcfbc5bc8b01e25ee479c0191598b75bb772f6061ecde7efc477a2725363b5bc878b10e2a58857e04d23c087f9ac954abbe06f0d5cb3612cf13,08/06/2025 08:00:00 AM,1,DRIVER,,2023402,,UNKNOWN,OTHER (EXPLAIN IN NARRATIVE),,,UNKNOWN,UNKNOWN/NA,UNKNOWN/NA,UNKNOWN,UNKNOWN/NA,,,1,,,,,,,,,,,,,,,,,Y,UNKNOWN,,,,,,,,,,,,,,,,,,,,,,,,,,,,,,,,,
2122500,0625eceb4b24ddcfbc5bc8b01e25ee479c0191598b75bb772f6061ecde7efc477a2725363b5bc878b10e2a58857e04d23c087f9ac954abbe06f0d5cb3612cf13,08/06/2025 08:00:00 AM,2,PARKED,,2023397,,AUDI,A5,IL,2021,NONE,PASSENGER,UNKNOWN/NA,E,PARKED,,,0,,,,,,,,Y,Y,Y,,,,,,,,REAR,,,,,,,,,,,,,,,,,,,,,,,,,,,,,,,,,
2122749,21d764c89fdf4d2d2fa9291cb6defa1fc0adc0a2780ed9c2cae6befec780fd63d264bad12dbd79d4271a336a33cc95cd41729ae8a3be5a40ee1867fcc3338378,08/06/2025 08:00:00 AM,1,DRIVER,,2023657,,UNKNOWN,MOTORIZED,IL,,UNKNOWN,UNKNOWN/NA,UNKNOWN/NA,UNKNOWN,STRAIGHT AHEAD,,,1,,,,,,,,,,,,,,,,Y,,FRONT,,,,,,,,,,,,,,,,,,,,,,,,,,,,,,,,,
2122750,21d764c89fdf4d2d2fa9291cb6defa1fc0adc0a2780ed9c2cae6befec780fd63d264bad12dbd79d4271a336a33cc95cd41729ae8a3be5a40ee1867fcc3338378,08/06/2025 08:00:00 AM,2,PARKED,,2023642,,CHEVROLET,EQUINOX,IL,2025,NONE,PASSENGER,PERSONAL,E,PARKED,,,0,,,,,,,,,,,,,,Y,Y,Y,,FRONT,,,,,,,,,,,,,,,,,,,,,,,,,,,,,,,,,
2124243,47986a5fdae74158e28a15fd7cff99ae339c9d769f0d37dd87956ac808b96968bfd9e50454f7a1832f96f79e0604d81ccbf8308839311a504cc4795afd3adf94,08/06/2025 08:00:00 AM,1,DRIVER,,2025036,,UNKNOWN,OTHER (EXPLAIN IN NARRATIVE),,,UNKNOWN,UNKNOWN/NA,UNKNOWN/NA,UNKNOWN,UNKNOWN/NA,,,1,,,,,N,,,,,,,,,,,,Y,UNKNOWN,,,,,,,,,,,,,,,,,,,,,,,,,,,,,,,,,
2124244,47986a5fdae74158e28a15fd7cff99ae339c9d769f0d37dd87956ac808b96968bfd9e50454f7a1832f96f79e0604d81ccbf8308839311a504cc4795afd3adf94,08/06/2025 08:00:00 AM,2,PARKED,,2025037,,JEEP,LAREDO,IL,2005,NONE,PASSENGER,NOT IN USE,E,PARKED,,,0,,,,,,,,,,,,Y,Y,Y,Y,,,SIDE-LEFT,,,,,,,,,,,,,,,,,,,,,,,,,,,,,,,,,
2122512,4fdb5f2dac1188a69e87e4c05c6c0487ff342198723bb60d972ed7de49a7e927b0d65c14d00be6e22749280150c24f3d94f52ab1ef5b3d17292b1d7bc846f854,08/06/2025 07:59:00 AM,1,DRIVER,1,2023412,,NISSAN,ROGUE,IL,2019,NONE,SPORT UTILITY VEHICLE (SUV),PERSONAL,N,STRAIGHT AHEAD,Y,,2,,PRIVATE TOW,,,Y,,,,,,,,,Y,Y,Y,,FRONT-LEFT-CORNER,,,,,,,,,,,,,,,,,,,,,,,,,,,,,,,,,
2122513,4fdb5f2dac1188a69e87e4c05c6c0487ff342198723bb60d972ed7de49a7e927b0d65c14d00be6e22749280150c24f3d94f52ab1ef5b3d17292b1d7bc846f854,08/06/2025 07:59:00 AM,2,DRIVER,,2023414,,CHEVROLET,TRAIL BLAZER,IL,2003,NONE,SPORT UTILITY VEHICLE (SUV),PERSONAL,E,TURNING LEFT,Y,,1,,PRIVATE TOW,,,Y,,,,,,,,,,Y,Y,,FRONT-RIGHT-CORNER,,,,,,,,,,,,,,,,,,,,,,,,,,,,,,,,,
2122507,bc64ec7f3841fc7267041a719b41638446f39cd5d3c0a58ed9189ab7c0c7368fc16d63ec354558074251a6af22112f59fc775e1c536dccb5716562f1453a46a6,08/06/2025 07:50:00 AM,1,DRIVER,,2023404,,CHEVROLET,SILVERADO,IL,2015,UNKNOWN,PICKUP,PERSONAL,E,STRAIGHT AHEAD,,,1,,,,,Y,,,,,,,,,,Y,Y,,FRONT,,,,,,,,,,,,,,,,,,,,,,,,,,,,,,,,,
2122508,bc64ec7f3841fc7267041a719b41638446f39cd5d3c0a58ed9189ab7c0c7368fc16d63ec354558074251a6af22112f59fc775e1c536dccb5716562f1453a46a6,08/06/2025 07:50:00 AM,2,DRIVER,,2023408,,FORD,EDGE,IL,2019,UNKNOWN,SPORT UTILITY VEHICLE (SUV),PERSONAL,E,STRAIGHT AHEAD,,,1,,,,,,,,,Y,Y,Y,,,,,,,REAR,,,,,,,,,,,,,,,,,,,,,,,,,,,,,,,,,
2122523,c406baecf50b2873f9bfe8514634b96413800cc2fa7eee43d5b5ff2894354bc35cd19b73b775d18f38322644c74d6cc52843c7cab088f73efc11325da2e61878,08/06/2025 07:46:00 AM,1,DRIVER,,2023419,,FORD,EXPLORER,IL,2013,UNKNOWN,PASSENGER,PERSONAL,NE,UNKNOWN/NA,Y,,1,,CITY OF CHICAGO,POUND 2,,Y,,,,,,,,,,Y,Y,,FRONT,,,,,,,,,,,,,,,,,,,,,,,,,,,,,,,,,
2122503,b8724760a8b125b2beb7e2602c7ebb40c90687e3db8963ad3f0cbfad8b5b8b67f5da0562a665b82cfd80de720d549554034f735df191a4d2d2bb72b85051d6e9,08/06/2025 07:45:00 AM,1,DRIVER,,2023405,Y,FREIGHTLINER CORPORATION,FREIGHTLINER CORP.,IL,2025,NONE,TRUCK - SINGLE UNIT,STATE OWNED,N,PASSING/OVERTAKING,,,1,,,,,Y,,,,,,,,,,,,,FRONT-RIGHT-CORNER,"21,948",,,,DRIVER,,CITY OF CHICAGO,IL,CHICAGO,,,,,,,,,,,,,,,,,,,,,,,,
2122504,b8724760a8b125b2beb7e2602c7ebb40c90687e3db8963ad3f0cbfad8b5b8b67f5da0562a665b82cfd80de720d549554034f735df191a4d2d2bb72b85051d6e9,08/06/2025 07:45:00 AM,2,DRIVER,,2023409,,FORD,FIESTA,IL,2016,NONE,PASSENGER,PERSONAL,N,STRAIGHT AHEAD,,,1,,,,,,,,,Y,Y,Y,,,,,,,REAR,,,,,,,,,,,,,,,,,,,,,,,,,,,,,,,,,
2122521,ac6a74c00fa5fc647f875ffd2619c1feef21fbb955ede83812463d98cf48c15406e933c8bbc9dbc98d0f0e52fa065ee41772bc8512f3255d1f8c853fa9779da9,08/06/2025 07:34:00 AM,1,DRIVER,1,2023420,,VOLVO,XC60,IL,2021,NONE,PASSENGER,PERSONAL,S,STRAIGHT AHEAD,Y,,2,,insurance company,unknown,,Y,,,,,,,,,,Y,Y,,FRONT,,,,,,,,,,,,,,,,,,,,,,,,,,,,,,,,,
2122522,ac6a74c00fa5fc647f875ffd2619c1feef21fbb955ede83812463d98cf48c15406e933c8bbc9dbc98d0f0e52fa065ee41772bc8512f3255d1f8c853fa9779da9,08/06/2025 07:34:00 AM,2,DRIVER,,2023426,,TOYOTA,VENZA,IL,2024,NONE,PASSENGER,PERSONAL,E,STRAIGHT AHEAD,Y,,1,,insurance,unknown,,,,,,,,,,,Y,Y,Y,,SIDE-LEFT-FRONT,,,,,,,,,,,,,,,,,,,,,,,,,,,,,,,,,
2122488,2e4107c0c3519888c84d9abab8ede54649b6f290cfaa9905d4a4216537a804b3a7b88c16c8b7a54cb34c2e512539ff1936a9e6cb444fbd2ffe5e4a45af1f4b48,08/06/2025 07:20:00 AM,1,DRIVER,,2023390,,CHEVROLET,OTHER (EXPLAIN IN NARRATIVE),IL,2006,UNKNOWN,OTHER,FIRE,S,LEAVING TRAFFIC LANE TO PARK,,,1,,,,,,,,,Y,,,,,,,,,REAR-RIGHT-CORNER,,,,,,,,,,,,,,,,,,,,,,,,,,,,,,,,,
2122489,2e4107c0c3519888c84d9abab8ede54649b6f290cfaa9905d4a4216537a804b3a7b88c16c8b7a54cb34c2e512539ff1936a9e6cb444fbd2ffe5e4a45af1f4b48,08/06/2025 07:20:00 AM,2,PARKED,,2023393,,TOYOTA,CAMRY,IL,2019,UNKNOWN,PASSENGER,PERSONAL,S,PARKED,,,0,,,,,,,,,,,,,,,Y,,,FRONT-LEFT-CORNER,,,,,,,,,,,,,,,,,,,,,,,,,,,,,,,,,
2122496,4de4c0031fabe1f5958214a6f619ba110b67f47039f1355df15f8986bd8f7a7c28beb9ac07330171bb3457ccef27a8bfe54a6b4216a281893ac62dbc5cf6221e,08/06/2025 07:10:00 AM,1,DRIVER,1,2023398,,SUBARU,FORESTER,CO,2015,NONE,SPORT UTILITY VEHICLE (SUV),PERSONAL,S,STRAIGHT AHEAD,Y,,2,,UNK,UNK,,,,,,,,,,Y,Y,Y,Y,,FRONT-LEFT-CORNER,,,,,,,,,,,,,,,,,,,,,,,,,,,,,,,,,
2122497,4de4c0031fabe1f5958214a6f619ba110b67f47039f1355df15f8986bd8f7a7c28beb9ac07330171bb3457ccef27a8bfe54a6b4216a281893ac62dbc5cf6221e,08/06/2025 07:10:00 AM,2,DRIVER,1,2023407,,HONDA,CR-V,IL,2007,NONE,SPORT UTILITY VEHICLE (SUV),PERSONAL,N,TURNING LEFT,Y,,2,,UNK,UNK,,Y,,,,,,,,,,Y,Y,,FRONT,,,,,,,,,,,,,,,,,,,,,,,,,,,,,,,,,
2122498,4de4c0031fabe1f5958214a6f619ba110b67f47039f1355df15f8986bd8f7a7c28beb9ac07330171bb3457ccef27a8bfe54a6b4216a281893ac62dbc5cf6221e,08/06/2025 07:10:00 AM,3,DRIVER,,2023410,,HONDA,HR-V,IL,2022,NONE,PASSENGER,NOT IN USE,E,SLOW/STOP IN TRAFFIC,,,1,,,,,,,,,,,,,,,Y,,,FRONT-LEFT-CORNER,,,,,,,,,,,,,,,,,,,,,,,,,,,,,,,,,
2122476,08380828f98d73046b95a83b238a8ebb859736b2207d648daf8098c12c394ac9d8133b3292c26f1b6e02078c1dcd8330c4a7e1afe24069c1ed0f08e1f16d2750,08/06/2025 07:00:00 AM,1,DRIVER,,2023381,,CHEVROLET,SILVERADO,IL,1998,NONE,PICKUP,PERSONAL,E,STRAIGHT AHEAD,,,1,,,,,Y,,,,,,,,,,Y,Y,,FRONT,,,,,,,,,,,,,,,,,,,,,,,,,,,,,,,,,
2122477,08380828f98d73046b95a83b238a8ebb859736b2207d648daf8098c12c394ac9d8133b3292c26f1b6e02078c1dcd8330c4a7e1afe24069c1ed0f08e1f16d2750,08/06/2025 07:00:00 AM,2,DRIVER,,2023387,,JEEP,WAGONEER,IL,2023,NONE,PASSENGER,PERSONAL,E,STRAIGHT AHEAD,,,1,,,,,,,,,Y,Y,Y,,,,,,,REAR,,,,,,,,,,,,,,,,,,,,,,,,,,,,,,,,,