CRASH_UNIT_ID,CRASH_RECORD_ID,CRASH_DATE,UNIT_NO,UNIT_TYPE,NUM_PASSENGERS,VEHICLE_ID,CMRC_VEH_I,MAKE,MODEL,LIC_PLATE_STATE,VEHICLE_YEAR,VEHICLE_DEFECT,VEHICLE_TYPE,VEHICLE_USE,TRAVEL_DIRECTION,MANEUVER,TOWED_I,FIRE_I,OCCUPANT_CNT,EXCEED_SPEED_LIMIT_I,TOWED_BY,TOWED_TO,AREA_00_I,AREA_01_I,AREA_02_I,AREA_03_I,AREA_04_I,AREA_05_I,AREA_06_I,AREA_07_I,AREA_08_I,AREA_09_I,AREA_10_I,AREA_11_I,AREA_12_I,AREA_99_I,FIRST_CONTACT_POINT,CMV_ID,USDOT_NO,CCMC_NO,ILCC_NO,COMMERCIAL_SRC,GVWR,CARRIER_NAME,CARRIER_STATE,CARRIER_CITY,HAZMAT_PLACARDS_I,HAZMAT_NAME,UN_NO,HAZMAT_PRESENT_I,HAZMAT_REPORT_I,HAZMAT_REPORT_NO,MCS_REPORT_I,MCS_REPORT_NO,HAZMAT_VIO_CAUSE_CRASH_I,MCS_VIO_CAUSE_CRASH_I,IDOT_PERMIT_NO,WIDE_LOAD_I,TRAILER1_WIDTH,TRAILER2_WIDTH,TRAILER1_LENGTH,TRAILER2_LENGTH,TOTAL_VEHICLE_LENGTH,AXLE_CNT,VEHICLE_CONFIG,CARGO_BODY_TYPE,LOAD_TYPE,HAZMAT_OUT_OF_SERVICE_I,MCS_OUT_OF_SERVICE_I,HAZMAT_CLASS
2122475,d12e42ed48f429a3889d3bf5e86c4255a8147de055da4f1ba2d879a341f1f4ceee63110043872a811a5db8f816cbfcac145aea80e15e2418a4b51a2a49cfc5d7,08/06/2025 07:00:00 AM,1,DRIVER,,2023378,,FORD,EXPLORER,IL,2023,NONE,SPORT UTILITY VEHICLE (SUV),POLICE,S,BACKING,,,1,,,,,,,,Y,Y,,N,,,,,,,REAR-RIGHT-CORNER,,,,,,,,,,,,,,,,,,,,,,,,,,,,,,,,,
2122483,c3c363b798535f9af216edcbcbf3c907fcfb6021521b69daafe7c3f9f6ede9dfe3222716a6f8632ed4fed3e8a56d4df0bfda46744052ebfcaa4740d72fd46711,08/06/2025 06:55:00 AM,1,DRIVER,,2023384,,LAND ROVER,LAND ROVER (SPORT),,2020,UNKNOWN,UNKNOWN/NA,UNKNOWN/NA,SE,CHANGING LANES,,,1,,,,,,,,,,,,,Y,,,,,SIDE-LEFT,,,,,,,,,,,,,,,,,,,,,,,,,,,,,,,,,
2122484,c3c363b798535f9af216edcbcbf3c907fcfb6021521b69daafe7c3f9f6ede9dfe3222716a6f8632ed4fed3e8a56d4df0bfda46744052ebfcaa4740d72fd46711,08/06/2025 06:55:00 AM,2,DRIVER,1,2023386,,JEEP,PATRIOT,IL,2016,NONE,PASSENGER,PERSONAL,SE,STRAIGHT AHEAD,,,2,,,,,Y,,,,,,,,,,,,,FRONT-RIGHT-CORNER,,,,,,,,,,,,,,,,,,,,,,,,,,,,,,,,,
2122987,10316b89abb03cd21c7fc1c3fa180a2ffb3065be2602988dc6183f4fb2d17e36c7e1d4d829b6f7b0d2724352375d6ae55de9886300d5ecc8de047a0411717b80,08/06/2025 06:38:00 AM,1,DRIVER,,2023861,,AUDI,Q3,IL,2021,NONE,PASSENGER,PERSONAL,W,CHANGING LANES,,,1,,,,,Y,,,,,,,,,,,,Y,FRONT-RIGHT-CORNER,,,,,,,,,,,,,,,,,,,,,,,,,,,,,,,,,
2122988,10316b89abb03cd21c7fc1c3fa180a2ffb3065be2602988dc6183f4fb2d17e36c7e1d4d829b6f7b0d2724352375d6ae55de9886300d5ecc8de047a0411717b80,08/06/2025 06:38:00 AM,2,DRIVER,,2023872,,HYUNDAI,ELANTRA,IL,2014,NONE,PASSENGER,PERSONAL,W,STRAIGHT AHEAD,,,1,,,,,Y,Y,,,,,,Y,,,,,,SIDE-LEFT-REAR,,,,,,,,,,,,,,,,,,,,,,,,,,,,,,,,,
2122472,d7a37bc166f798b463f649d6905c75561662978842250597a14537ba560b1db98b3ce77c7245350b09d4f90966ffdfb46e9bb67bd10ef58f0ce7291f9179eb30,08/06/2025 06:17:00 AM,1,DRIVER,,2023375,,NISSAN,FRONTIER,IL,2000,NONE,PASSENGER,PERSONAL,W,STRAIGHT AHEAD,,,1,,,,,,,,,,,,,,,,,Y,FRONT,,,,,,,,,,,,,,,,,,,,,,,,,,,,,,,,,
2122473,d7a37bc166f798b463f649d6905c75561662978842250597a14537ba560b1db98b3ce77c7245350b09d4f90966ffdfb46e9bb67bd10ef58f0ce7291f9179eb30,08/06/2025 06:17:00 AM,2,DRIVER,,2023376,,HONDA,CIVIC,IL,2025,NONE,PASSENGER,PERSONAL,W,SLOW/STOP IN TRAFFIC,,,1,,,,,,,,,,Y,,,,,,Y,,REAR,,,,,,,,,,,,,,,,,,,,,,,,,,,,,,,,,
2122474,d7a37bc166f798b463f649d6905c75561662978842250597a14537ba560b1db98b3ce77c7245350b09d4f90966ffdfb46e9bb67bd10ef58f0ce7291f9179eb30,08/06/2025 06:17:00 AM,3,DRIVER,,2023377,,TOYOTA,RAV4,IL,2019,NONE,PASSENGER,PERSONAL,W,SLOW/STOP IN TRAFFIC,,,1,,,,,,,,,,Y,,,,,,,,REAR,,,,,,,,,,,,,,,,,,,,,,,,,,,,,,,,,
2122528,139fa1ac9cec22f3eda1e0db8635254dbe5798d3368a0dbab3d88137ccfc8437a40b96a934f159b11334e80a26fd4c3850c80c73429aeca0dd2d919fe09d67ac,08/06/2025 05:00:00 AM,1,DRIVER,,2023427,,UNKNOWN,OTHER (EXPLAIN IN NARRATIVE),,,UNKNOWN,UNKNOWN/NA,UNKNOWN/NA,E,STRAIGHT AHEAD,,,1,,,,,,,,,,,,,,,,,Y,UNKNOWN,,,,,,,,,,,,,,,,,,,,,,,,,,,,,,,,,
2122529,139fa1ac9cec22f3eda1e0db8635254dbe5798d3368a0dbab3d88137ccfc8437a40b96a934f159b11334e80a26fd4c3850c80c73429aeca0dd2d919fe09d67ac,08/06/2025 05:00:00 AM,2,PARKED,,2023430,,JEEP,CHEROKEE,IL,2012,UNKNOWN,PASSENGER,NOT IN USE,E,PARKED,Y,,0,,UNK,PRIVATE,,,,,,,,,Y,Y,Y,Y,,,SIDE-LEFT,,,,,,,,,,,,,,,,,,,,,,,,,,,,,,,,,
2122466,a106f70e5a7a3aed4281896c4adbff3192ef1d295d85512b61820af0c02e63306c3aaf66cac19e0effd728f7715bec5c2632f0404e9b0ab472942e0bc381a526,08/06/2025 04:48:00 AM,2,DRIVER,,2023370,,CHEVROLET,MALIBU,IL,2016,NONE,PASSENGER,PERSONAL,N,STRAIGHT AHEAD,Y,,1,,CITY OF CHICAGO,103 S DOTY,,,,,,,,Y,Y,Y,,,,,SIDE-LEFT,,,,,,,,,,,,,,,,,,,,,,,,,,,,,,,,,
2122467,a106f70e5a7a3aed4281896c4adbff3192ef1d295d85512b61820af0c02e63306c3aaf66cac19e0effd728f7715bec5c2632f0404e9b0ab472942e0bc381a526,08/06/2025 04:48:00 AM,1,DRIVER,1,2023369,,LEXUS,ES350,IL,2020,NONE,PASSENGER,PERSONAL,SE,TURNING LEFT,Y,,2,,CITY OF CHICAGO,103 S DOTY,,Y,,,,,,,,,,Y,Y,,FRONT,,,,,,,,,,,,,,,,,,,,,,,,,,,,,,,,,
2122468,ae29bfe7ccdd40852d2df9b4e60b44dfb3cd2285dbefe0657003fc67822648d202d330f31e5752967b37a8f647c8411ef25c6e0ed854d06d2ed2a9b46b9b9e40,08/06/2025 04:30:00 AM,1,DRIVER,,2023372,,UNKNOWN,OTHER (EXPLAIN IN NARRATIVE),,,UNKNOWN,PASSENGER,UNKNOWN/NA,E,UNKNOWN/NA,,,1,,,,,Y,,,,,,,,,Y,Y,Y,,FRONT,,,,,,,,,,,,,,,,,,,,,,,,,,,,,,,,,
2122469,ae29bfe7ccdd40852d2df9b4e60b44dfb3cd2285dbefe0657003fc67822648d202d330f31e5752967b37a8f647c8411ef25c6e0ed854d06d2ed2a9b46b9b9e40,08/06/2025 04:30:00 AM,2,PARKED,,2023371,,TOYOTA,YARIS,IL,2007,UNKNOWN,PASSENGER,PERSONAL,W,PARKED,,,0,,,,,,,,,,,,,,Y,Y,Y,,FRONT-LEFT-CORNER,,,,,,,,,,,,,,,,,,,,,,,,,,,,,,,,,
2122870,10fdb2798bae108fec3bb5c7a9268c00e0c7d8e2227cc99210ad3a427c97e09366702b9fdcfb55a0e36d85ec55051fcfbf69494337b469a119e82afb2bc4ed1a,08/06/2025 03:40:00 AM,1,DRIVER,,2023748,,BMW,X5,IL,2008,NONE,PASSENGER,PERSONAL,N,TURNING RIGHT,,,1,,,,,,,,,,,,,,,,Y,,FRONT,,,,,,,,,,,,,,,,,,,,,,,,,,,,,,,,,
2122871,10fdb2798bae108fec3bb5c7a9268c00e0c7d8e2227cc99210ad3a427c97e09366702b9fdcfb55a0e36d85ec55051fcfbf69494337b469a119e82afb2bc4ed1a,08/06/2025 03:40:00 AM,2,DRIVER,,2023754,,CHEVROLET,SILVERADO,IL,2008,NONE,PICKUP,PERSONAL,E,STRAIGHT AHEAD,,,1,,,,,,Y,Y,Y,,,,,,,,,,SIDE-RIGHT,,,,,,,,,,,,,,,,,,,,,,,,,,,,,,,,,
2122458,0046d2b21b1ee40d8ed234a808df57852cddb9a6c6d5252d48514717e2405d4dbc051b958ca1a8e94ea6e40e36e8c50a6e62e6309f2df22c87b689e2d135da43,08/06/2025 02:55:00 AM,1,DRIVER,,2023364,,CHEVROLET,TAHOE,IL,,UNKNOWN,PASSENGER,PERSONAL,N,STRAIGHT AHEAD,,,1,,,,,Y,,,,,,,,,,,Y,,FRONT-RIGHT-CORNER,,,,,,,,,,,,,,,,,,,,,,,,,,,,,,,,,
2122459,0046d2b21b1ee40d8ed234a808df57852cddb9a6c6d5252d48514717e2405d4dbc051b958ca1a8e94ea6e40e36e8c50a6e62e6309f2df22c87b689e2d135da43,08/06/2025 02:55:00 AM,2,PARKED,,2023366,,CADILLAC,STS,IL,2005,NONE,PASSENGER,PERSONAL,N,PARKED,,,0,,,,,,,,,,,Y,Y,,,,,,SIDE-LEFT-REAR,,,,,,,,,,,,,,,,,,,,,,,,,,,,,,,,,
2122463,fbeb84557577e72980aa04cd6205f1c2ee3f78b0d87170ae2ab32ba09a8aed1b63481c30e82c29a2231d8dee6b97566209b05c70b2049781b5bcbdfd5a0b50ca,08/06/2025 02:50:00 AM,1,DRIVER,1,2023367,,MERCURY,MOUNTAINEER,IL,2006,UNKNOWN,SPORT UTILITY VEHICLE (SUV),PERSONAL,N,STRAIGHT AHEAD,Y,,2,,,,,Y,,,,,,,,,,Y,Y,,FRONT,,,,,,,,,,,,,,,,,,,,,,,,,,,,,,,,,
2122464,fbeb84557577e72980aa04cd6205f1c2ee3f78b0d87170ae2ab32ba09a8aed1b63481c30e82c29a2231d8dee6b97566209b05c70b2049781b5bcbdfd5a0b50ca,08/06/2025 02:50:00 AM,2,DRIVER,,2023368,,NISSAN,MURANO,IL,2010,UNKNOWN,SPORT UTILITY VEHICLE (SUV),PERSONAL,W,STRAIGHT AHEAD,,,1,,,,,,,,,,,,N,Y,Y,Y,,,SIDE-LEFT-FRONT,,,,,,,,,,,,,,,,,,,,,,,,,,,,,,,,,
2122455,8d9af7bdef9db948b564cbcb6714977c41adabd615c2a40de8b9bdb3ead287a25d86b5007074bbeff097612072be9538324956f791d3d29691554cc40aa031c9,08/06/2025 02:31:00 AM,1,DRIVER,3,2023363,,HYUNDAI,ELANTRA,IL,2014,NONE,PASSENGER,UNKNOWN/NA,E,STRAIGHT AHEAD,Y,,4,,CP,POUND 2,,Y,,,,,Y,Y,Y,Y,Y,Y,Y,,SIDE-LEFT,,,,,,,,,,,,,,,,,,,,,,,,,,,,,,,,,
2122456,8d9af7bdef9db948b564cbcb6714977c41adabd615c2a40de8b9bdb3ead287a25d86b5007074bbeff097612072be9538324956f791d3d29691554cc40aa031c9,08/06/2025 02:31:00 AM,2,DRIVER,2,2023365,,NISSAN,ALTIMA,IL,2022,NONE,PASSENGER,PERSONAL,S,STRAIGHT AHEAD,Y,,3,,CPD,POUND 2,,Y,Y,,,,,,,,Y,Y,Y,,FRONT,,,,,,,,,,,,,,,,,,,,,,,,,,,,,,,,,
2122448,d0fbf40e8535887e4fd75430f2bf27111a46e6de4c6d4094e15f7c09eecde8c2ae16144be54b2bf59d217a3d0bbb70fa6d3e8ad847938d1f5d53d9ed306a048c,08/06/2025 02:03:00 AM,1,DRIVER,,2023357,,FORD,EDGE,IL,2007,NONE,PASSENGER,PERSONAL,SW,TURNING RIGHT,Y,,1,,AAA through private insurance,,,Y,,,,,,,,,,Y,Y,,FRONT,,,,,,,,,,,,,,,,,,,,,,,,,,,,,,,,,
2122449,d0fbf40e8535887e4fd75430f2bf27111a46e6de4c6d4094e15f7c09eecde8c2ae16144be54b2bf59d217a3d0bbb70fa6d3e8ad847938d1f5d53d9ed306a048c,08/06/2025 02:03:00 AM,2,PARKED,,2023358,,LINCOLN,CORSAIR,IL,2016,NONE,PASSENGER,PERSONAL,W,PARKED,,,0,,,,,,,,,Y,Y,Y,,,,,,,REAR,,,,,,,,,,,,,,,,,,,,,,,,,,,,,,,,,
2122450,d0fbf40e8535887e4fd75430f2bf27111a46e6de4c6d4094e15f7c09eecde8c2ae16144be54b2bf59d217a3d0bbb70fa6d3e8ad847938d1f5d53d9ed306a048c,08/06/2025 02:03:00 AM,3,PARKED,,2023360,,CAN-AM,CAN-AM,IL,2019,NONE,OTHER,PERSONAL,W,PARKED,,,0,,,,,Y,Y,Y,Y,Y,,,,,,,,,SIDE-RIGHT,,,,,,,,,,,,,,,,,,,,,,,,,,,,,,,,,
2124260,2a913981c6f9f70dc1568a5b65c431b811410de5d3e17e8cd641241f19ff5d77dc55302121eabb6823ddd40c885a3635b8c2e7d45fc4294273738c124286bce6,08/06/2025 02:00:00 AM,1,DRIVER,,2025062,,UNKNOWN,MOTORIZED,,1900,NONE,UNKNOWN/NA,UNKNOWN/NA,UNKNOWN,UNKNOWN/NA,,,1,,,,,,,,,,,Y,Y,Y,N,,,,SIDE-LEFT-REAR,,,,,,,,,,,,,,,,,,,,,,,,,,,,,,,,,
2124261,2a913981c6f9f70dc1568a5b65c431b811410de5d3e17e8cd641241f19ff5d77dc55302121eabb6823ddd40c885a3635b8c2e7d45fc4294273738c124286bce6,08/06/2025 02:00:00 AM,2,PARKED,,2025082,,SUBARU,FORESTER,IL,2020,NONE,SPORT UTILITY VEHICLE (SUV),PERSONAL,W,PARKED,,,0,,,,,,,,,,,,,,,,,Y,UNKNOWN,,,,,,,,,,,,,,,,,,,,,,,,,,,,,,,,,
2122793,99c37d33811145aac6101a66681606f19c24fb7b97116f6753f854f5e26a02d1ad96946526a7f1e7a8256fb6766b048dd1c496b2480f7c04f0dc3c418dd3d050,08/06/2025 02:00:00 AM,1,DRIVER,,2023679,,FORD,MUSTANG,TX,2022,UNKNOWN,PASSENGER,PERSONAL,W,OTHER,Y,,1,,endless towing,5628 s western ave,,Y,Y,,,,,,,,,,,,FRONT-RIGHT-CORNER,,,,,,,,,,,,,,,,,,,,,,,,,,,,,,,,,
2122794,99c37d33811145aac6101a66681606f19c24fb7b97116f6753f854f5e26a02d1ad96946526a7f1e7a8256fb6766b048dd1c496b2480f7c04f0dc3c418dd3d050,08/06/2025 02:00:00 AM,2,DRIVER,,2023683,,UNKNOWN,OTHER (EXPLAIN IN NARRATIVE),XX,,UNKNOWN,SPORT UTILITY VEHICLE (SUV),UNKNOWN/NA,S,STRAIGHT AHEAD,,,1,,,,,,,,,,,,,,,,,,UNKNOWN,,,,,,,,,,,,,,,,,,,,,,,,,,,,,,,,,
2122470,f72ce4e7980c77ff2cb9e81c32cdbb3791bae13e57f649bc30d15545791135cfa6c052c797342b9a3d6e6fe50b38e36bf588d0e04ca5a693c145ec9d6e1cf3f9,08/06/2025 02:00:00 AM,1,DRIVER,,2023373,,JEEP,GRAND CHEROKEE,IL,2018,NONE,SPORT UTILITY VEHICLE (SUV),PERSONAL,SE,BACKING,,,1,,,,,,,,Y,Y,,,,,,,,,SIDE-RIGHT-REAR,,,,,,,,,,,,,,,,,,,,,,,,,,,,,,,,,
2122471,f72ce4e7980c77ff2cb9e81c32cdbb3791bae13e57f649bc30d15545791135cfa6c052c797342b9a3d6e6fe50b38e36bf588d0e04ca5a693c145ec9d6e1cf3f9,08/06/2025 02:00:00 AM,2,PARKED,,2023374,,NISSAN,KICKS,IL,2019,NONE,SPORT UTILITY VEHICLE (SUV),NOT IN USE,N,PARKED,,,0,,,,,,,,,,,Y,Y,,,,,,REAR-LEFT-CORNER,,,,,,,,,,,,,,,,,,,,,,,,,,,,,,,,,
2122740,fa6c81f8ea20e782137a289ca10d1c96e6d8296afe38c14708023d149748fc98b59d15562236adab75cf888a9c5debdda4fe6c7398d604717a50dc208ae98d52,08/06/2025 02:00:00 AM,1,DRIVER,,2023625,,JEEP,GLADIATOR,IL,2022,UNKNOWN,PICKUP,PERSONAL,W,STRAIGHT AHEAD,,,1,,,,,,,,,,,,,,,Y,,,FRONT-LEFT-CORNER,,,,,,,,,,,,,,,,,,,,,,,,,,,,,,,,,
2122741,fa6c81f8ea20e782137a289ca10d1c96e6d8296afe38c14708023d149748fc98b59d15562236adab75cf888a9c5debdda4fe6c7398d604717a50dc208ae98d52,08/06/2025 02:00:00 AM,2,DRIVER,,2023628,,TOYOTA,CAMRY,IL,2013,UNKNOWN,PASSENGER,PERSONAL,NW,TURNING LEFT,Y,,1,,UNKNOWN,UNKNOWN,,Y,,,,,,,,,,,,,FRONT-RIGHT-CORNER,,,,,,,,,,,,,,,,,,,,,,,,,,,,,,,,,
2122726,56baaa4d2931298cccf0a08d8da180482d2e837186817b48e463a3ded1ffd7e0977e30964b52aac0233271aaabfa1d09215465551e4fb1fe17c6554249a02fc3,08/06/2025 01:20:00 AM,1,DRIVER,2,2023611,,"SEAGRAVE FIRE APPARTUS, CLINTONVILLE,WI","SEAGRAVE FIRE APPARTUS, CLINTONVILLE,WI",IL,,NONE,OTHER,FIRE,N,OTHER,,,3,,,,Y,,,,,,,,,,,,,,NONE,,,,,,,,,,,,,,,,,,,,,,,,,,,,,,,,,
2122727,56baaa4d2931298cccf0a08d8da180482d2e837186817b48e463a3ded1ffd7e0977e30964b52aac0233271aaabfa1d09215465551e4fb1fe17c6554249a02fc3,08/06/2025 01:20:00 AM,2,PARKED,1,2023618,,CADILLAC,CT5,IL,2021,NONE,PASSENGER,PERSONAL,N,PARKED,,,1,,,,,,,,,,,,Y,Y,,,,,REAR-LEFT-CORNER,,,,,,,,,,,,,,,,,,,,,,,,,,,,,,,,,
2122451,fb51b67bbe7ee680b8ab0c871a998170e7005cb5f1e81617fcf03b5e11fecffd7a753846728ebb92d29741a66d8bc12bcfa4c52ed20fa6249a48340bbd039d9a,08/06/2025 12:33:00 AM,1,DRIVER,,2023356,,UNKNOWN,OTHER (EXPLAIN IN NARRATIVE),,,UNKNOWN,UNKNOWN/NA,UNKNOWN/NA,E,STRAIGHT AHEAD,,,1,,,,,,,,,,,,,,,,,Y,UNKNOWN,,,,,,,,,,,,,,,,,,,,,,,,,,,,,,,,,
2122452,fb51b67bbe7ee680b8ab0c871a998170e7005cb5f1e81617fcf03b5e11fecffd7a753846728ebb92d29741a66d8bc12bcfa4c52ed20fa6249a48340bbd039d9a,08/06/2025 12:33:00 AM,2,DRIVER,,2023355,,NISSAN,ROGUE,IL,2022,UNKNOWN,PASSENGER,PERSONAL,N,STRAIGHT AHEAD,Y,,1,,PRIVATE,,,,,,,,,,,Y,Y,Y,,,SIDE-LEFT,,,,,,,,,,,,,,,,,,,,,,,,,,,,,,,,,
2122437,4ad998c3b3d6b8fc4a56cd79c73c344058ed487c790aad559997adab6914a8759de747aa71ec612a8317e91219e77c44d024f8edffbe73dcd79e5fd56fca172e,08/06/2025 12:30:00 AM,1,DRIVER,,2023342,,CHRYSLER,OTHER (EXPLAIN IN NARRATIVE),,,UNKNOWN,PASSENGER,PERSONAL,E,STRAIGHT AHEAD,,,1,,,,,,,,,,,,,,,,,Y,FRONT,,,,,,,,,,,,,,,,,,,,,,,,,,,,,,,,,
2122438,4ad998c3b3d6b8fc4a56cd79c73c344058ed487c790aad559997adab6914a8759de747aa71ec612a8317e91219e77c44d024f8edffbe73dcd79e5fd56fca172e,08/06/2025 12:30:00 AM,2,PARKED,,2023343,,NISSAN,VERSA,IL,2013,UNKNOWN,PASSENGER,NOT IN USE,E,PARKED,,,0,,,,,,,Y,Y,,,,,,,,,,SIDE-RIGHT-REAR,,,,,,,,,,,,,,,,,,,,,,,,,,,,,,,,,
2123170,272582db9b795ea04dfefcdd2c28f23ad9cc98b6ead130e6a2e48b054418e66d81f47f7cd95c6f37dc9c746669d8a15136bb53ec398995b5c28e38b78b1e5ddd,08/06/2025 12:28:00 AM,1,DRIVER,,2024029,,TOYOTA,CAMRY,IL,,NONE,PASSENGER,TAXI/FOR HIRE,W,STRAIGHT AHEAD,Y,,1,,city of chicago,,,Y,,,,,,,,,,Y,Y,,FRONT,,,,,,,,,,,,,,,,,,,,,,,,,,,,,,,,,
2122453,0e95250f000654bdcb64d3252648f3e16e9e78df0b9c43decd0d28d1bf762ff4c8d109576417053bf63783d272d0ab706ae4b5d75436a0183041f38fae3e2758,08/06/2025 12:10:00 AM,1,DRIVER,1,2023359,,INFINITI,QX60,IL,2015,NONE,PASSENGER,PERSONAL,E,DRIVING WRONG WAY,Y,,2,,E&R TOWING,10003 S. DOTY RD.,,Y,,,,,,,Y,Y,,Y,Y,,FRONT,,,,,,,,,,,,,,,,,,,,,,,,,,,,,,,,,
2122454,0e95250f000654bdcb64d3252648f3e16e9e78df0b9c43decd0d28d1bf762ff4c8d109576417053bf63783d272d0ab706ae4b5d75436a0183041f38fae3e2758,08/06/2025 12:10:00 AM,2,DRIVER,,2023361,,FORD,F150,IL,2024,NONE,PICKUP,PERSONAL,S,STRAIGHT AHEAD,Y,,1,,PERSONAL TOW,,,Y,Y,Y,Y,Y,Y,Y,,,Y,Y,Y,,SIDE-RIGHT,,,,,,,,,,,,,,,,,,,,,,,,,,,,,,,,,
2122593,110655e95d85b4c8a9a1d2ee1be4adada95035e62bb702df9592c6e71fa943a9cf374a311caf4d44c3c7e00263c56df69c73d905069333a8fcca27d4a07d9d70,08/06/2025 12:01:00 AM,1,DRIVER,,2023486,,KIA,FORTE,IL,2018,UNKNOWN,PASSENGER,PERSONAL,UNKNOWN,BACKING,,,1,,,,Y,,,,,,,,,,,,,,REAR,,,,,,,,,,,,,,,,,,,,,,,,,,,,,,,,,
2122594,110655e95d85b4c8a9a1d2ee1be4adada95035e62bb702df9592c6e71fa943a9cf374a311caf4d44c3c7e00263c56df69c73d905069333a8fcca27d4a07d9d70,08/06/2025 12:01:00 AM,2,PARKED,,2023489,,CHEVROLET,MALIBU,IL,2024,UNKNOWN,PASSENGER,PERSONAL,N,PARKED,,,0,,,,,,,,,,,,,,,,Y,,FRONT,,,,,,,,,,,,,,,,,,,,,,,,,,,,,,,,,
2122457,73567e71077390f2216e4195adbe90afa38fde9d14deb18a0d6f1aac73b671b4f2033e2b4199fe0eacbf5f9de5cacb97b6b25d692f3a5801f70681d1cd228412,08/06/2025 12:01:00 AM,1,DRIVER,,2023362,,TOYOTA,TACOMA,NV,1999,NONE,PICKUP,PERSONAL,N,STRAIGHT AHEAD,Y,,1,,STREETS AND SANITATION,POUND 6,,,,,,,,,,,Y,Y,Y,,FRONT-LEFT-CORNER,,,,,,,,,,,,,,,,,,,,,,,,,,,,,,,,,
2122434,61c6367fc608067af65508ab4db7c42fd3b2b83623138ac1d329370d5e9b3ee6732de252563c9a5a1eecb40030ba80ea42dbb43399ad1ee7ea970ca02fe56ee3,08/05/2025 11:59:00 PM,1,DRIVER,,2023338,,SUZUKI,MOTORCYCLE,,,UNKNOWN,MOTORCYCLE (OVER 150CC),PERSONAL,W,PASSING/OVERTAKING,,,1,,,,,,,,,,,,,,,,,,UNKNOWN,,,,,,,,,,,,,,,,,,,,,,,,,,,,,,,,,
2122421,01f51184c7e9a8515fe1e390986145c600f3df7ce42c321516792f2bd3da13554e9989df8708723f8cc7df45e13cecf4693d834a51dde9ba82525e39894ad9ad,08/05/2025 11:50:00 PM,1,DRIVER,1,2023329,,GENERAL MOTORS CORPORATION (GMC),YUKON,IL,2022,UNKNOWN,SPORT UTILITY VEHICLE (SUV),PERSONAL,W,STRAIGHT AHEAD,,,2,,,,,Y,Y,,,,,,,,Y,Y,Y,,FRONT,,,,,,,,,,,,,,,,,,,,,,,,,,,,,,,,,
2122422,01f51184c7e9a8515fe1e390986145c600f3df7ce42c321516792f2bd3da13554e9989df8708723f8cc7df45e13cecf4693d834a51dde9ba82525e39894ad9ad,08/05/2025 11:50:00 PM,2,DRIVER,7,2023336,,TOYOTA,SIENNA,IL,1999,NONE,VAN/MINI-VAN,PERSONAL,W,OTHER,Y,,8,,PRIVATE TOW,,,,,,Y,Y,Y,Y,Y,,,,,,REAR,,,,,,,,,,,,,,,,,,,,,,,,,,,,,,,,,
2122439,51d568d7fd7708575e3af34593ecd92f47a88be76d348aa88e43e03ff3df3cee1ad4c4cb8aef0c16dbb364a6bf597d2276dfa40737d9833727369896d9146a95,08/05/2025 11:20:00 PM,1,DRIVER,,2023344,,FORD,ESCAPE,IL,2005,NONE,PASSENGER,PERSONAL,E,STRAIGHT AHEAD,,,1,,,,,,,,,,,,,,,,Y,,FRONT,,,,,,,,,,,,,,,,,,,,,,,,,,,,,,,,,
2122440,51d568d7fd7708575e3af34593ecd92f47a88be76d348aa88e43e03ff3df3cee1ad4c4cb8aef0c16dbb364a6bf597d2276dfa40737d9833727369896d9146a95,08/05/2025 11:20:00 PM,2,PARKED,,2023347,,ACURA,ADX,IL,2011,NONE,PASSENGER,PERSONAL,E,PARKED,,,0,,,,,,,,,,Y,,,,,,,,REAR,,,,,,,,,,,,,,,,,,,,,,,,,,,,,,,,,
2122431,0d9ec2f73cb7ac5b087d7171228f0c77b20b4dc1391aa164cc7468dfc79087f454e0f9a296a89db2ac085c4429d78691a106a141b06b50a966769ecb25571f7d,08/05/2025 11:13:00 PM,1,DRIVER,1,2023334,,HONDA,CIVIC,IL,2005,NONE,PASSENGER,PERSONAL,N,STRAIGHT AHEAD,Y,,2,,city of chicago,,,Y,Y,,,,,,,,,,Y,,FRONT-RIGHT-CORNER,,,,,,,,,,,,,,,,,,,,,,,,,,,,,,,,,
2122432,0d9ec2f73cb7ac5b087d7171228f0c77b20b4dc1391aa164cc7468dfc79087f454e0f9a296a89db2ac085c4429d78691a106a141b06b50a966769ecb25571f7d,08/05/2025 11:13:00 PM,2,PARKED,,2023335,,JEEP,CHEROKEE,IL,2016,NONE,PASSENGER,NOT IN USE,N,PARKED,Y,,0,,chicago northwest towing inc,unk,,Y,,,,Y,Y,Y,Y,,,,Y,,REAR,,,,,,,,,,,,,,,,,,,,,,,,,,,,,,,,,
2122433,0d9ec2f73cb7ac5b087d7171228f0c77b20b4dc1391aa164cc7468dfc79087f454e0f9a296a89db2ac085c4429d78691a106a141b06b50a966769ecb25571f7d,08/05/2025 11:13:00 PM,3,PARKED,,2023337,,SUBARU,IMPREZA,IL,2020,NONE,PASSENGER,NOT IN USE,N,PARKED,Y,,0,,,unk,,,,,,Y,Y,Y,,,,,,,REAR,,,,,,,,,,,,,,,,,,,,,,,,,,,,,,,,,