CRASH_UNIT_ID,CRASH_RECORD_ID,CRASH_DATE,UNIT_NO,UNIT_TYPE,NUM_PASSENGERS,VEHICLE_ID,CMRC_VEH_I,MAKE,MODEL,LIC_PLATE_STATE,VEHICLE_YEAR,VEHICLE_DEFECT,VEHICLE_TYPE,VEHICLE_USE,TRAVEL_DIRECTION,MANEUVER,TOWED_I,FIRE_I,OCCUPANT_CNT,EXCEED_SPEED_LIMIT_I,TOWED_BY,TOWED_TO,AREA_00_I,AREA_01_I,AREA_02_I,AREA_03_I,AREA_04_I,AREA_05_I,AREA_06_I,AREA_07_I,AREA_08_I,AREA_09_I,AREA_10_I,AREA_11_I,AREA_12_I,AREA_99_I,FIRST_CONTACT_POINT,CMV_ID,USDOT_NO,CCMC_NO,ILCC_NO,COMMERCIAL_SRC,GVWR,CARRIER_NAME,CARRIER_STATE,CARRIER_CITY,HAZMAT_PLACARDS_I,HAZMAT_NAME,UN_NO,HAZMAT_PRESENT_I,HAZMAT_REPORT_I,HAZMAT_REPORT_NO,MCS_REPORT_I,MCS_REPORT_NO,HAZMAT_VIO_CAUSE_CRASH_I,MCS_VIO_CAUSE_CRASH_I,IDOT_PERMIT_NO,WIDE_LOAD_I,TRAILER1_WIDTH,TRAILER2_WIDTH,TRAILER1_LENGTH,TRAILER2_LENGTH,TOTAL_VEHICLE_LENGTH,AXLE_CNT,VEHICLE_CONFIG,CARGO_BODY_TYPE,LOAD_TYPE,HAZMAT_OUT_OF_SERVICE_I,MCS_OUT_OF_SERVICE_I,HAZMAT_CLASS
2122604,343ef442b392f29a72dd40105c85b4841f55bad2e567a9af8b87341f6cf0ff4281a186c3e2c048c74601f2d6720962cd4e0b8309c0352802d347f133965fdfdc,08/05/2025 11:00:00 PM,1,DRIVER,,2023503,,FORD,RANGER,IL,2000,NONE,PICKUP,PERSONAL,N,TURNING RIGHT,,,1,,,,,,Y,Y,Y,,,,,,,,,,SIDE-RIGHT,,,,,,,,,,,,,,,,,,,,,,,,,,,,,,,,,
2122605,343ef442b392f29a72dd40105c85b4841f55bad2e567a9af8b87341f6cf0ff4281a186c3e2c048c74601f2d6720962cd4e0b8309c0352802d347f133965fdfdc,08/05/2025 11:00:00 PM,2,PARKED,,2023506,,BUICK,LACROSSE,IL,2005,NONE,PASSENGER,PERSONAL,N,PARKED,,,0,,,,,Y,,,,,,,,,,Y,Y,,FRONT,,,,,,,,,,,,,,,,,,,,,,,,,,,,,,,,,
2122412,0e8ce8164d50012e69d65941fd2329ae267e3474f64bf4fb6360c9860c14a0a280647b3411717bc9a268958373d5e5ebf215b53b8facd29e7cd1ba5d81c8be54,08/05/2025 10:54:00 PM,1,DRIVER,,2023317,,FORD,EXPLORER,IL,2010,NONE,SPORT UTILITY VEHICLE (SUV),PERSONAL,NE,TURNING LEFT,,,1,,,,,,,,,,,,,,,Y,,,FRONT-LEFT-CORNER,,,,,,,,,,,,,,,,,,,,,,,,,,,,,,,,,
2122413,0e8ce8164d50012e69d65941fd2329ae267e3474f64bf4fb6360c9860c14a0a280647b3411717bc9a268958373d5e5ebf215b53b8facd29e7cd1ba5d81c8be54,08/05/2025 10:54:00 PM,2,DRIVER,,2023320,,HYUNDAI,ELANTRA,IL,2022,NONE,PASSENGER,STATE OWNED,S,SLOW/STOP IN TRAFFIC,,,1,,,,,,,,,,,,,,,Y,,,FRONT-LEFT-CORNER,,,,,,,,,,,,,,,,,,,,,,,,,,,,,,,,,
2122423,5270053839ecf869c047169c781be861b310d105768bfad6ee11ca8e52bf0007fb629c637755931b03ad1b616852e0ce9e2cc89d46b4e306b61f8ed0dfcec908,08/05/2025 10:42:00 PM,1,DRIVER,,2023328,,GENERAL MOTORS CORPORATION (GMC),YUKON,IL,2007,UNKNOWN,SPORT UTILITY VEHICLE (SUV),PERSONAL,S,STRAIGHT AHEAD,,,1,,,,,Y,,,,,,,,,,Y,Y,,FRONT,,,,,,,,,,,,,,,,,,,,,,,,,,,,,,,,,
2122424,5270053839ecf869c047169c781be861b310d105768bfad6ee11ca8e52bf0007fb629c637755931b03ad1b616852e0ce9e2cc89d46b4e306b61f8ed0dfcec908,08/05/2025 10:42:00 PM,2,DRIVER,,2023332,,LEXUS,IS350,IL,2018,NONE,PASSENGER,NOT IN USE,S,SLOW/STOP IN TRAFFIC,Y,,1,,PERSONAL TOWING COMPANY,UNKNOWN,,,,,,Y,Y,Y,,,,,,,REAR,,,,,,,,,,,,,,,,,,,,,,,,,,,,,,,,,
2122416,e358c764ed7be53e8933996bc01c4b4c0650952fdc9308c34d52a394e32e91be3f6b747138ccf9df3c0874f54f52fd25b0759cc37b2de5d9fce8773f0c66f607,08/05/2025 10:39:00 PM,1,DRIVER,1,2023321,,VOLKSWAGEN,ATLAS,IL,2021,UNKNOWN,PASSENGER,UNKNOWN/NA,E,STRAIGHT AHEAD,,,2,,,,,,,,,,Y,Y,Y,,,,,,REAR-LEFT-CORNER,,,,,,,,,,,,,,,,,,,,,,,,,,,,,,,,,
2122417,e358c764ed7be53e8933996bc01c4b4c0650952fdc9308c34d52a394e32e91be3f6b747138ccf9df3c0874f54f52fd25b0759cc37b2de5d9fce8773f0c66f607,08/05/2025 10:39:00 PM,2,DRIVER,4,2023323,,LEXUS,ES300,IL,2000,UNKNOWN,PASSENGER,PERSONAL,S,STRAIGHT AHEAD,,,5,,,,,,,,,,,,,,,Y,Y,,FRONT-LEFT-CORNER,,,,,,,,,,,,,,,,,,,,,,,,,,,,,,,,,
2138509,ab20d666f1be2dec38a9978c2d352095a25645d55a84434403f2a5d6f344e71b71ad89ea9bfe772d28543123b9c762970e8d8ab47b1d1011453e7edc25262ca2,08/05/2025 10:20:00 PM,1,DRIVER,,2038586,,LINCOLN,OTHER (EXPLAIN IN NARRATIVE),IL,2022,NONE,PASSENGER,PERSONAL,SW,STRAIGHT AHEAD,,,1,,,,,Y,,,,,,,,,,Y,Y,,FRONT,,,,,,,,,,,,,,,,,,,,,,,,,,,,,,,,,
2138510,ab20d666f1be2dec38a9978c2d352095a25645d55a84434403f2a5d6f344e71b71ad89ea9bfe772d28543123b9c762970e8d8ab47b1d1011453e7edc25262ca2,08/05/2025 10:20:00 PM,2,DRIVER,,2038587,,APOLLO HOMES,APOLLO HOMES,,2017,NONE,MOPED OR MOTORIZED BICYCLE,PERSONAL,E,STRAIGHT AHEAD,,,1,,,,,Y,,,,,,Y,Y,Y,Y,Y,Y,,FRONT-LEFT-CORNER,,,,,,,,,,,,,,,,,,,,,,,,,,,,,,,,,
2138511,ab20d666f1be2dec38a9978c2d352095a25645d55a84434403f2a5d6f344e71b71ad89ea9bfe772d28543123b9c762970e8d8ab47b1d1011453e7edc25262ca2,08/05/2025 10:20:00 PM,3,DRIVER,,2038588,,UNKNOWN,OTHER (EXPLAIN IN NARRATIVE),,,NONE,MOPED OR MOTORIZED BICYCLE,PERSONAL,E,STRAIGHT AHEAD,,,1,,,,,,,,,,,,,,,,,,UNKNOWN,,,,,,,,,,,,,,,,,,,,,,,,,,,,,,,,,
2122402,1aa967129f6171a81079dba2db55b84792ddd3826a14318f30c417f27b67cccf6fb625f7678317960adc8654b2f34a28237c756968256f56407a5ebf08328228,08/05/2025 10:07:00 PM,1,DRIVER,,2023316,,KIA,SORENTO,IL,2013,UNKNOWN,SPORT UTILITY VEHICLE (SUV),PERSONAL,S,STRAIGHT AHEAD,Y,,1,,STREETS & SANITATIONS,500 E LOWER WACKER DR,,Y,,,,,,,,,,,,,FRONT-RIGHT-CORNER,,,,,,,,,,,,,,,,,,,,,,,,,,,,,,,,,
2122403,1aa967129f6171a81079dba2db55b84792ddd3826a14318f30c417f27b67cccf6fb625f7678317960adc8654b2f34a28237c756968256f56407a5ebf08328228,08/05/2025 10:07:00 PM,2,BICYCLE,,,,,,,,,,,,,,,,,,,,,,,,,,,,,,,,,,,,,,,,,,,,,,,,,,,,,,,,,,,,,,,,,,
2122429,971630dc1676477680647542228bf436107837943aa45b0d7397cc5e63a87ece75d5dcef50d494a986b11588db9f520fc53ee7acdabfcfb1b6727465879c39b8,08/05/2025 10:07:00 PM,1,DRIVER,,2023331,,UNKNOWN,OPEN BODY,,,UNKNOWN,UNKNOWN/NA,UNKNOWN/NA,UNKNOWN,UNKNOWN/NA,,,1,,,,,,,,,,,,,,,,,Y,UNKNOWN,,,,,,,,,,,,,,,,,,,,,,,,,,,,,,,,,
2122430,971630dc1676477680647542228bf436107837943aa45b0d7397cc5e63a87ece75d5dcef50d494a986b11588db9f520fc53ee7acdabfcfb1b6727465879c39b8,08/05/2025 10:07:00 PM,2,PARKED,,2023333,,MERCEDES-BENZ,500 SERIES,IL,2010,UNKNOWN,PASSENGER,PERSONAL,UNKNOWN,PARKED,,,0,,,,,,,,,,,Y,Y,,,,,,SIDE-LEFT-REAR,,,,,,,,,,,,,,,,,,,,,,,,,,,,,,,,,
2122409,1a311d692a899a164ba49776c23651f2ead844dccd36bbdb4a412a2e73351d3371ba63b94a63e9b3c4ed590065ee59acf051b6c3c725a490658bf3cb9a12e62b,08/05/2025 10:05:00 PM,1,DRIVER,1,2023311,,KIA,OPTIMA / K5,IL,2016,NONE,PASSENGER,PERSONAL,E,SLOW/STOP IN TRAFFIC,,,2,,,,Y,,,,,,,,,,,,N,,FRONT,,,,,,,,,,,,,,,,,,,,,,,,,,,,,,,,,
2122410,1a311d692a899a164ba49776c23651f2ead844dccd36bbdb4a412a2e73351d3371ba63b94a63e9b3c4ed590065ee59acf051b6c3c725a490658bf3cb9a12e62b,08/05/2025 10:05:00 PM,2,DRIVER,,2023312,,HYUNDAI,SONATA,IL,2011,NONE,PASSENGER,PERSONAL,E,SLOW/STOP IN TRAFFIC,,,1,,,,,,,,,,Y,Y,,,,,,,REAR,,,,,,,,,,,,,,,,,,,,,,,,,,,,,,,,,
2122407,7d5b636380a46d7ab6000a525394a0517637d988f79573d07ca1481bdbb3f204147e8e1b3ddc5650589f22efde0ecd83d562bda4eaaf1a1bbfcf20136930d996,08/05/2025 10:05:00 PM,1,DRIVER,,2023318,,UNKNOWN,MOTORIZED,IL,,UNKNOWN,UNKNOWN/NA,UNKNOWN/NA,W,CHANGING LANES,,,1,,,,,,,,,,,,,,,N,,Y,REAR-RIGHT-CORNER,,,,,,,,,,,,,,,,,,,,,,,,,,,,,,,,,
2122408,7d5b636380a46d7ab6000a525394a0517637d988f79573d07ca1481bdbb3f204147e8e1b3ddc5650589f22efde0ecd83d562bda4eaaf1a1bbfcf20136930d996,08/05/2025 10:05:00 PM,2,DRIVER,,2023314,,HONDA,ACCORD,IL,2009,WINDOWS,PASSENGER,UNKNOWN/NA,W,STRAIGHT AHEAD,,,1,,,,,Y,,,,,,,,,,Y,Y,,FRONT-RIGHT-CORNER,,,,,,,,,,,,,,,,,,,,,,,,,,,,,,,,,
2123382,42399fe814e6a5d67a782b3ca78e70572c14bd8366fd8ae91347919048beb98a6622e79d9c4a847674ba926fed30f4b774b3640662891225d0313c2a7b9be5b9,08/05/2025 10:00:00 PM,1,DRIVER,,2024231,,UNKNOWN,OTHER (EXPLAIN IN NARRATIVE),IL,,UNKNOWN,UNKNOWN/NA,UNKNOWN/NA,E,U-TURN,,,1,,,,,Y,,,,,,,,,N,Y,Y,,FRONT,,,,,,,,,,,,,,,,,,,,,,,,,,,,,,,,,
2123383,42399fe814e6a5d67a782b3ca78e70572c14bd8366fd8ae91347919048beb98a6622e79d9c4a847674ba926fed30f4b774b3640662891225d0313c2a7b9be5b9,08/05/2025 10:00:00 PM,2,DRIVER,,2024243,,JEEP,RENEGADE,IL,2017,UNKNOWN,UNKNOWN/NA,UNKNOWN/NA,E,STRAIGHT AHEAD,,,1,,,,,,,,,,,,,,Y,Y,Y,,FRONT-LEFT-CORNER,,,,,,,,,,,,,,,,,,,,,,,,,,,,,,,,,
2122425,2efd37e1742baece6c6db937eded3cf3d7e16a327b4f3ad110b2adc8d95d73877026a6149a5221e094d7d87140862c9b1786607b02301ef43a8e79bb24d27de6,08/05/2025 09:45:00 PM,1,DRIVER,,2023330,,CHEVROLET,OTHER (EXPLAIN IN NARRATIVE),IL,2004,UNKNOWN,PASSENGER,PERSONAL,W,BACKING,,,1,,,,,,,,,,Y,,,,,,,,REAR,,,,,,,,,,,,,,,,,,,,,,,,,,,,,,,,,
2122426,2efd37e1742baece6c6db937eded3cf3d7e16a327b4f3ad110b2adc8d95d73877026a6149a5221e094d7d87140862c9b1786607b02301ef43a8e79bb24d27de6,08/05/2025 09:45:00 PM,2,DRIVER,1,2023341,,TOYOTA,OTHER (EXPLAIN IN NARRATIVE),IL,1996,UNKNOWN,PASSENGER,PERSONAL,E,STRAIGHT AHEAD,,,2,,,,,Y,,Y,Y,Y,,,,,,,,,FRONT,,,,,,,,,,,,,,,,,,,,,,,,,,,,,,,,,
2122395,daf36267aa21eaf246424bda35bc91d6f8fc044227c21c390fe983db35649561a98beb0f6c894ffae28323a5be573893c88ea139d668aec3ad92d46ed8e24e19,08/05/2025 09:40:00 PM,1,DRIVER,,2023301,,VOLKSWAGEN,JETTA,IL,2015,UNKNOWN,PASSENGER,UNKNOWN/NA,N,UNKNOWN/NA,,,1,,,,,,,,,,,,,,,,,,FRONT,,,,,,,,,,,,,,,,,,,,,,,,,,,,,,,,,
2122396,daf36267aa21eaf246424bda35bc91d6f8fc044227c21c390fe983db35649561a98beb0f6c894ffae28323a5be573893c88ea139d668aec3ad92d46ed8e24e19,08/05/2025 09:40:00 PM,2,DRIVER,1,2023303,,LEXUS,RX350,MO,2024,UNKNOWN,SPORT UTILITY VEHICLE (SUV),PERSONAL,N,STRAIGHT AHEAD,,,2,,,,,,,,,,,,,,,,,,REAR,,,,,,,,,,,,,,,,,,,,,,,,,,,,,,,,,
2122494,75b3c030fe909b8af2c6e9cdb4880fb2e4ae055f0d47ebc5f17624613c2dba6959a07cad5ef2d4f15e77de283c85cc513e68273af5124667e887fdcdf2c1149b,08/05/2025 09:36:00 PM,1,DRIVER,,2023399,,FORD,FOCUS,IL,2010,UNKNOWN,PASSENGER,PERSONAL,S,BACKING,,,1,,,,,,,,,,,,,,Y,Y,,,FRONT-LEFT-CORNER,,,,,,,,,,,,,,,,,,,,,,,,,,,,,,,,,
2122495,75b3c030fe909b8af2c6e9cdb4880fb2e4ae055f0d47ebc5f17624613c2dba6959a07cad5ef2d4f15e77de283c85cc513e68273af5124667e887fdcdf2c1149b,08/05/2025 09:36:00 PM,2,PARKED,,2023403,,GENERAL MOTORS CORPORATION (GMC),ENVOY,IL,2005,NONE,PASSENGER,PERSONAL,S,PARKED,,,0,,,,,,,,Y,Y,Y,,,,,,,,REAR-RIGHT-CORNER,,,,,,,,,,,,,,,,,,,,,,,,,,,,,,,,,
2122411,7c663007c1c48f7389f13f249e0f5c378f8b43485f3ab9a7bec659a3aaec45c3ebe7bc3f28806d8e2860ec199ca00ecb3e8d9093a6ed6c5f359ca5e222e11ac2,08/05/2025 09:30:00 PM,1,DRIVER,,2023313,,CHEVROLET,TRAIL BLAZER,IL,2021,UNKNOWN,SPORT UTILITY VEHICLE (SUV),UNKNOWN/NA,UNKNOWN,UNKNOWN/NA,Y,,1,,e&r,auto pound #2,,Y,,,,,,,,,,Y,Y,,UNKNOWN,,,,,,,,,,,,,,,,,,,,,,,,,,,,,,,,,
2123701,d2056503cb3e89f0cf1a78162723df98bf92ccf4a80d022965595b3147436d6cbf4ef39c12f9528557d0ef44f5231f44345e2543498ba3271f2339d253e4fd03,08/05/2025 09:30:00 PM,1,DRIVER,,2024547,,UNKNOWN,MOTORIZED,,,UNKNOWN,UNKNOWN/NA,UNKNOWN/NA,UNKNOWN,UNKNOWN/NA,,,1,,,,,,,,,,,,,,,,,Y,UNKNOWN,,,,,,,,,,,,,,,,,,,,,,,,,,,,,,,,,
2123702,d2056503cb3e89f0cf1a78162723df98bf92ccf4a80d022965595b3147436d6cbf4ef39c12f9528557d0ef44f5231f44345e2543498ba3271f2339d253e4fd03,08/05/2025 09:30:00 PM,2,PARKED,,2024549,,VOLKSWAGEN,ATLAS,,,UNKNOWN,SPORT UTILITY VEHICLE (SUV),NOT IN USE,S,PARKED,,,0,,,,,Y,Y,,,,,,,,,,,,FRONT-RIGHT-CORNER,,,,,,,,,,,,,,,,,,,,,,,,,,,,,,,,,
2122658,cfb6d678db480c7c41171519094886ea80ed27f002c193a238c36df4eb392bb9939ffd6df0c75712cb7401449bc3f2c847783fb971ef9b942e3c35dadbe43614,08/05/2025 09:27:00 PM,1,DRIVER,,2023553,,UNKNOWN,OTHER (EXPLAIN IN NARRATIVE),,,UNKNOWN,UNKNOWN/NA,UNKNOWN/NA,S,UNKNOWN/NA,,,1,,,,,,,,,,,,,,,,,Y,UNKNOWN,,,,,,,,,,,,,,,,,,,,,,,,,,,,,,,,,
2122659,cfb6d678db480c7c41171519094886ea80ed27f002c193a238c36df4eb392bb9939ffd6df0c75712cb7401449bc3f2c847783fb971ef9b942e3c35dadbe43614,08/05/2025 09:27:00 PM,2,PARKED,,2023554,,FORD,FIESTA,IL,2019,NONE,PASSENGER,PERSONAL,S,PARKED,,,0,,,,,,,,,,,Y,,,,,,,REAR-LEFT-CORNER,,,,,,,,,,,,,,,,,,,,,,,,,,,,,,,,,
2125990,70af5c5f8eaea71ff503a361811ac563eea43fb411d90d2a8bfdc3fb803eaac90ddc215255b35b5f6239f87f7bb38d21dd3faed012265e5eab69461579c86a56,08/05/2025 09:20:00 PM,1,DRIVER,,2026699,,UNKNOWN,OTHER (EXPLAIN IN NARRATIVE),XX,,UNKNOWN,SPORT UTILITY VEHICLE (SUV),UNKNOWN/NA,S,STRAIGHT AHEAD,,,1,,,,,,,,,,,,,,,,Y,,FRONT,,,,,,,,,,,,,,,,,,,,,,,,,,,,,,,,,
2125991,70af5c5f8eaea71ff503a361811ac563eea43fb411d90d2a8bfdc3fb803eaac90ddc215255b35b5f6239f87f7bb38d21dd3faed012265e5eab69461579c86a56,08/05/2025 09:20:00 PM,2,DRIVER,,2026700,,CHEVROLET,OTHER (EXPLAIN IN NARRATIVE),IN,1999,UNKNOWN,SPORT UTILITY VEHICLE (SUV),PERSONAL,S,STRAIGHT AHEAD,Y,,1,,PRIVET TOW,UNK,,Y,,,,Y,,,,,,Y,Y,,FRONT-RIGHT-CORNER,,,,,,,,,,,,,,,,,,,,,,,,,,,,,,,,,
2125992,70af5c5f8eaea71ff503a361811ac563eea43fb411d90d2a8bfdc3fb803eaac90ddc215255b35b5f6239f87f7bb38d21dd3faed012265e5eab69461579c86a56,08/05/2025 09:20:00 PM,3,DRIVER,,2026701,,TOYOTA,COROLLA,IL,2023,UNKNOWN,PASSENGER,PERSONAL,S,STRAIGHT AHEAD,,,1,,,,,,,,,,Y,Y,,,,,N,,REAR-LEFT-CORNER,,,,,,,,,,,,,,,,,,,,,,,,,,,,,,,,,
2122404,a0cded5c6db102dfad89935366ed27f163b2d80426280d30a17f409316ef9c11a21e1d3e80564f52102f93c7c12205183964df9468c6bbcba7c2e4bf872467c4,08/05/2025 09:15:00 PM,1,DRIVER,,2023310,,CHEVROLET,CRUZE,IL,2003,UNKNOWN,VAN/MINI-VAN,PERSONAL,W,TURNING LEFT,,,1,,,,,,Y,Y,Y,Y,,,,,,,,,REAR-RIGHT-CORNER,,,,,,,,,,,,,,,,,,,,,,,,,,,,,,,,,
2122405,a0cded5c6db102dfad89935366ed27f163b2d80426280d30a17f409316ef9c11a21e1d3e80564f52102f93c7c12205183964df9468c6bbcba7c2e4bf872467c4,08/05/2025 09:15:00 PM,2,DRIVER,,2023315,,AUDI,Q3,IL,2020,NONE,PASSENGER,DRIVER EDUCATION,W,STRAIGHT AHEAD,Y,,1,,,,,Y,Y,Y,,,,,,,,N,Y,,FRONT-RIGHT-CORNER,,,,,,,,,,,,,,,,,,,,,,,,,,,,,,,,,
2122406,a0cded5c6db102dfad89935366ed27f163b2d80426280d30a17f409316ef9c11a21e1d3e80564f52102f93c7c12205183964df9468c6bbcba7c2e4bf872467c4,08/05/2025 09:15:00 PM,3,PARKED,,2023319,,CHEVROLET,CRUZE,IL,2014,NONE,PASSENGER,NOT IN USE,UNKNOWN,PARKED,,,0,,,,,,,,,,Y,Y,Y,Y,,,,,REAR-LEFT-CORNER,,,,,,,,,,,,,,,,,,,,,,,,,,,,,,,,,
2122379,53492fbb176bc354cd4e0dec3371a727bc9019310d8dd5bca48f2741ac4bebee0e640926c10170044cea793c2916cb36770bfe2841974a249d7da981acb37931,08/05/2025 09:02:00 PM,1,DRIVER,,2023285,,CADILLAC,ESCALADE,,,UNKNOWN,UNKNOWN/NA,UNKNOWN/NA,S,TURNING RIGHT,,,1,,,,,,,Y,Y,,,,,,,,,,SIDE-RIGHT,,,,,,,,,,,,,,,,,,,,,,,,,,,,,,,,,
2122380,53492fbb176bc354cd4e0dec3371a727bc9019310d8dd5bca48f2741ac4bebee0e640926c10170044cea793c2916cb36770bfe2841974a249d7da981acb37931,08/05/2025 09:02:00 PM,2,DRIVER,,2023286,,NEW FLYER,XCELSIOR XE40,IL,2006,NONE,BUS OVER 15 PASS.,CTA,E,STRAIGHT AHEAD,,,1,,,,,,,,,,,,,,,,Y,,FRONT,,,,,,,,,,,,,,,,,,,,,,,,,,,,,,,,,
2122391,3e271c419775e56d051ccfacdd6e63c937ab2ba229f9ad203f84b420205529e0c9fb962bef72462bbab2bc2b419f2f9f2777deab397dd4fa1f540d96a0872121,08/05/2025 09:00:00 PM,1,DRIVER,,2023298,,TOYOTA,CAMRY,IL,2014,NONE,PASSENGER,PERSONAL,NW,TURNING LEFT,,,1,,,,,,,,,,,Y,Y,,,,,,REAR-LEFT-CORNER,,,,,,,,,,,,,,,,,,,,,,,,,,,,,,,,,
2122392,3e271c419775e56d051ccfacdd6e63c937ab2ba229f9ad203f84b420205529e0c9fb962bef72462bbab2bc2b419f2f9f2777deab397dd4fa1f540d96a0872121,08/05/2025 09:00:00 PM,2,DRIVER,1,2023300,,TOYOTA,CAMRY,IL,2015,NONE,PASSENGER,PERSONAL,S,U-TURN,,,2,,,,,,,,,,Y,,,,,,,,REAR,,,,,,,,,,,,,,,,,,,,,,,,,,,,,,,,,
2122370,59465a083d6118d7886cd69c39e3d8d46b13710966c6ba4956b8a80d77b5eda06c6c2fd9ae525e0274340c82cd136cdff7b95d81458c2952184a00a7f8445898,08/05/2025 09:00:00 PM,1,DRIVER,,2023277,,HONDA,ODYSSEY,IL,2016,NONE,PASSENGER,PERSONAL,UNKNOWN,STRAIGHT AHEAD,,,1,,,,,Y,Y,Y,Y,Y,,,,,,,,,SIDE-RIGHT,,,,,,,,,,,,,,,,,,,,,,,,,,,,,,,,,
2122371,59465a083d6118d7886cd69c39e3d8d46b13710966c6ba4956b8a80d77b5eda06c6c2fd9ae525e0274340c82cd136cdff7b95d81458c2952184a00a7f8445898,08/05/2025 09:00:00 PM,2,DRIVERLESS,,2023279,,CHRYSLER,TOWN & COUNTRY,IL,2014,NONE,PASSENGER,PERSONAL,UNKNOWN,PARKED IN TRAFFIC LANE,,,0,,,,,,,,,,,Y,Y,,,,,,REAR-LEFT-CORNER,,,,,,,,,,,,,,,,,,,,,,,,,,,,,,,,,
2122985,858223b71b3266e801146980ff6f01fc90c40c995c8a7bda14cf2211da1d9cbc78739c4613ad6cd00e07769b48461615b178219b4dd35d4830264011706a0ffe,08/05/2025 09:00:00 PM,1,DRIVER,,2023852,,GENERAL MOTORS CORPORATION (GMC),TRUCK,AZ,2014,UNKNOWN,TRUCK - SINGLE UNIT,OTHER,E,BACKING,,,1,,,,,,,,,Y,Y,Y,,,,,,,REAR,,,,,,,,,,,,,,,,,,,,,,,,,,,,,,,,,
2122986,858223b71b3266e801146980ff6f01fc90c40c995c8a7bda14cf2211da1d9cbc78739c4613ad6cd00e07769b48461615b178219b4dd35d4830264011706a0ffe,08/05/2025 09:00:00 PM,2,PARKED,,2023856,,MERCEDES-BENZ,GLE,IL,2025,NONE,SPORT UTILITY VEHICLE (SUV),NOT IN USE,W,PARKED,,,0,,,,,Y,,,,,,,,,,Y,Y,,FRONT,,,,,,,,,,,,,,,,,,,,,,,,,,,,,,,,,
2122383,94c1753c9e245d0e40e839d440c5fed4d4d28a52e58712bf3e1af05d7e7dd03e0c3a4a0e3b38a1d3dcac80deb15cb53d7604a0dd1122ceaba1caf1c6df58fad0,08/05/2025 08:54:00 PM,1,DRIVER,1,2023290,,NISSAN,SENTRA,IL,2018,UNKNOWN,PASSENGER,PERSONAL,S,TURNING LEFT,Y,,2,,unk,unk,,Y,,,,,,,,,,,Y,,FRONT,,,,,,,,,,,,,,,,,,,,,,,,,,,,,,,,,
2122384,94c1753c9e245d0e40e839d440c5fed4d4d28a52e58712bf3e1af05d7e7dd03e0c3a4a0e3b38a1d3dcac80deb15cb53d7604a0dd1122ceaba1caf1c6df58fad0,08/05/2025 08:54:00 PM,2,DRIVER,,2023294,,TOYOTA,PRIUS,IL,2014,NONE,PASSENGER,PERSONAL,N,STRAIGHT AHEAD,Y,,1,,unk,unk,,,,,,,,Y,Y,Y,Y,Y,Y,,SIDE-LEFT,,,,,,,,,,,,,,,,,,,,,,,,,,,,,,,,,
2122435,078ddb53b30421acf46ebaeb8ca0dc5a6eeea1c5dc007ee5bdc5f9493ffa1ab11185cc39f251a370fd00650a2461e923d53a4bb87439ba51d9896be70aea54f8,08/05/2025 08:50:00 PM,1,DRIVER,,2023345,,UNKNOWN,OTHER (EXPLAIN IN NARRATIVE),IL,,UNKNOWN,UNKNOWN/NA,UNKNOWN/NA,E,STRAIGHT AHEAD,,,1,,,,,Y,Y,Y,,,,,,,,,,,REAR-RIGHT-CORNER,,,,,,,,,,,,,,,,,,,,,,,,,,,,,,,,,
2122436,078ddb53b30421acf46ebaeb8ca0dc5a6eeea1c5dc007ee5bdc5f9493ffa1ab11185cc39f251a370fd00650a2461e923d53a4bb87439ba51d9896be70aea54f8,08/05/2025 08:50:00 PM,2,DRIVER,,2023340,,JEEP,COMPASS,IL,2023,NONE,PASSENGER,PERSONAL,E,STRAIGHT AHEAD,,,1,,,,,Y,Y,Y,Y,Y,,Y,Y,Y,Y,Y,,,SIDE-LEFT-REAR,,,,,,,,,,,,,,,,,,,,,,,,,,,,,,,,,
2122447,078ddb53b30421acf46ebaeb8ca0dc5a6eeea1c5dc007ee5bdc5f9493ffa1ab11185cc39f251a370fd00650a2461e923d53a4bb87439ba51d9896be70aea54f8,08/05/2025 08:50:00 PM,3,PARKED,,2023353,,UNKNOWN,OTHER (EXPLAIN IN NARRATIVE),XX,,UNKNOWN,UNKNOWN/NA,UNKNOWN/NA,E,STRAIGHT AHEAD,,,0,,,,,,,,,,,,,,Y,Y,,,SIDE-LEFT-FRONT,,,,,,,,,,,,,,,,,,,,,,,,,,,,,,,,,
2122372,bf1983cfad53c14dbe5f7d8785d6f1ac6f9b57f4a92a9be3c8d00419bc20dc609c6da921125adae63365b5cbaf279acc7c1380e028fd12d95d3e61fb2c6e087c,08/05/2025 08:43:00 PM,1,DRIVER,,2023281,,NISSAN,ROGUE,IL,2013,UNKNOWN,SPORT UTILITY VEHICLE (SUV),PERSONAL,E,STRAIGHT AHEAD,,,1,,,,,Y,,,,,,,,,,Y,Y,,FRONT,,,,,,,,,,,,,,,,,,,,,,,,,,,,,,,,,
2122373,bf1983cfad53c14dbe5f7d8785d6f1ac6f9b57f4a92a9be3c8d00419bc20dc609c6da921125adae63365b5cbaf279acc7c1380e028fd12d95d3e61fb2c6e087c,08/05/2025 08:43:00 PM,2,DRIVER,,2023283,,ACURA,ADX,IL,2015,UNKNOWN,SPORT UTILITY VEHICLE (SUV),PERSONAL,E,STRAIGHT AHEAD,,,1,,,,,,,,,Y,Y,Y,,,,,,,REAR,,,,,,,,,,,,,,,,,,,,,,,,,,,,,,,,,