CRASH_UNIT_ID,CRASH_RECORD_ID,CRASH_DATE,UNIT_NO,UNIT_TYPE,NUM_PASSENGERS,VEHICLE_ID,CMRC_VEH_I,MAKE,MODEL,LIC_PLATE_STATE,VEHICLE_YEAR,VEHICLE_DEFECT,VEHICLE_TYPE,VEHICLE_USE,TRAVEL_DIRECTION,MANEUVER,TOWED_I,FIRE_I,OCCUPANT_CNT,EXCEED_SPEED_LIMIT_I,TOWED_BY,TOWED_TO,AREA_00_I,AREA_01_I,AREA_02_I,AREA_03_I,AREA_04_I,AREA_05_I,AREA_06_I,AREA_07_I,AREA_08_I,AREA_09_I,AREA_10_I,AREA_11_I,AREA_12_I,AREA_99_I,FIRST_CONTACT_POINT,CMV_ID,USDOT_NO,CCMC_NO,ILCC_NO,COMMERCIAL_SRC,GVWR,CARRIER_NAME,CARRIER_STATE,CARRIER_CITY,HAZMAT_PLACARDS_I,HAZMAT_NAME,UN_NO,HAZMAT_PRESENT_I,HAZMAT_REPORT_I,HAZMAT_REPORT_NO,MCS_REPORT_I,MCS_REPORT_NO,HAZMAT_VIO_CAUSE_CRASH_I,MCS_VIO_CAUSE_CRASH_I,IDOT_PERMIT_NO,WIDE_LOAD_I,TRAILER1_WIDTH,TRAILER2_WIDTH,TRAILER1_LENGTH,TRAILER2_LENGTH,TOTAL_VEHICLE_LENGTH,AXLE_CNT,VEHICLE_CONFIG,CARGO_BODY_TYPE,LOAD_TYPE,HAZMAT_OUT_OF_SERVICE_I,MCS_OUT_OF_SERVICE_I,HAZMAT_CLASS
2122427,55c8ef83bb0599ae84e04e76bbd04f373cf49ecd6332d7315f94a347e112d63cc5e8eeaab92688b5fb46607068f0d96b2bfe7183135ad89876b967f165e88696,08/05/2025 08:30:00 PM,1,DRIVER,,2023352,,UNKNOWN,OTHER (EXPLAIN IN NARRATIVE),IL,,UNKNOWN,UNKNOWN/NA,UNKNOWN/NA,UNKNOWN,UNKNOWN/NA,,,1,,,,,,,,,,,,,,,,,,UNKNOWN,,,,,,,,,,,,,,,,,,,,,,,,,,,,,,,,,
2122428,55c8ef83bb0599ae84e04e76bbd04f373cf49ecd6332d7315f94a347e112d63cc5e8eeaab92688b5fb46607068f0d96b2bfe7183135ad89876b967f165e88696,08/05/2025 08:30:00 PM,2,PARKED,,2023339,,CHEVROLET,EXPRESS,WI,2019,NONE,VAN/MINI-VAN,MILITARY,UNKNOWN,PARKED,,,0,,,,,,,,,,,Y,,,,,,,REAR-LEFT-CORNER,,,,,,,,,,,,,,,,,,,,,,,,,,,,,,,,,
2124168,a6f20bc902ce3bf1476105f2b8867ce9188e95730cf5fa1504605b27256f2384f571406855ba4ba0b8fafc0ee3a38367750057e1b0d1f2d5dda254c677bfb8a3,08/05/2025 08:15:00 PM,1,PARKED,,2024982,,TOYOTA,CAMRY,IL,2025,UNKNOWN,PASSENGER,PERSONAL,S,PARKED,,,0,,,,,,,,,,,,,,,Y,,,FRONT-LEFT-CORNER,,,,,,,,,,,,,,,,,,,,,,,,,,,,,,,,,
2124169,a6f20bc902ce3bf1476105f2b8867ce9188e95730cf5fa1504605b27256f2384f571406855ba4ba0b8fafc0ee3a38367750057e1b0d1f2d5dda254c677bfb8a3,08/05/2025 08:15:00 PM,2,DRIVER,,2024985,,DODGE,RAM 1500 PU,IL,2018,UNKNOWN,PICKUP,PERSONAL,E,TURNING LEFT,,,1,,,,,,,,,,,,,,Y,Y,,,SIDE-LEFT-FRONT,,,,,,,,,,,,,,,,,,,,,,,,,,,,,,,,,
2122355,29c93cd625627134c181ca3fc118ee5af6a7cd54fc3dd585c37485e7f8c63091bb03d45c557f2d4882a23a2cf2b445ae8682d91e3802e362be8c637b04247b6f,08/05/2025 08:10:00 PM,1,DRIVER,,2023269,,FORD,RANGER,IL,1994,OTHER,PICKUP,PERSONAL,S,BACKING,,,1,,,,,,,,,Y,,,,,,,,,SIDE-RIGHT-REAR,,,,,,,,,,,,,,,,,,,,,,,,,,,,,,,,,
2122356,29c93cd625627134c181ca3fc118ee5af6a7cd54fc3dd585c37485e7f8c63091bb03d45c557f2d4882a23a2cf2b445ae8682d91e3802e362be8c637b04247b6f,08/05/2025 08:10:00 PM,2,PARKED,,2023273,,JEEP,CHEROKEE,IL,2016,UNKNOWN,SPORT UTILITY VEHICLE (SUV),PERSONAL,N,PARKED,,,0,,,,,,,,,,,Y,Y,,,,,,SIDE-LEFT-REAR,,,,,,,,,,,,,,,,,,,,,,,,,,,,,,,,,
2129069,3d5d277e10e74dc294e32a2af16bd892631c16f43b2edf942e3b8ab2645577a3d9f0716681172b5c151827bbc54aa1ec32c24e3d6fe0851a9352788cd53c3b89,08/05/2025 08:00:00 PM,1,DRIVER,,2029632,,TOYOTA,CAMRY,IL,2012,NONE,PASSENGER,PERSONAL,S,STRAIGHT AHEAD,,,1,,,,,,,,,,,,,,,,Y,,FRONT,,,,,,,,,,,,,,,,,,,,,,,,,,,,,,,,,
2129070,3d5d277e10e74dc294e32a2af16bd892631c16f43b2edf942e3b8ab2645577a3d9f0716681172b5c151827bbc54aa1ec32c24e3d6fe0851a9352788cd53c3b89,08/05/2025 08:00:00 PM,2,DRIVER,,2029645,,CHEVROLET,EQUINOX,IL,2022,NONE,SPORT UTILITY VEHICLE (SUV),PERSONAL,S,STRAIGHT AHEAD,,,1,,,,,,,,,,Y,,,,,,,,REAR,,,,,,,,,,,,,,,,,,,,,,,,,,,,,,,,,
2122441,b746d23018c7efc0ee78e295762c5a5e6b765d2061fda7f550eb38db2e477435fff7b86d845cf250c652f08bcff9ca8069d0a5957e314b4dbad216534ceff6dc,08/05/2025 08:00:00 PM,1,DRIVER,,2023351,,DODGE,AVENGER,IL,2011,NONE,PASSENGER,PERSONAL,W,STRAIGHT AHEAD,,,1,,,,,,Y,Y,,,,,,,,,,,SIDE-RIGHT,,,,,,,,,,,,,,,,,,,,,,,,,,,,,,,,,
2122442,b746d23018c7efc0ee78e295762c5a5e6b765d2061fda7f550eb38db2e477435fff7b86d845cf250c652f08bcff9ca8069d0a5957e314b4dbad216534ceff6dc,08/05/2025 08:00:00 PM,2,DRIVER,,2023346,,TOYOTA,PRIUS,IL,2011,NONE,PASSENGER,PERSONAL,S,STRAIGHT AHEAD,,,1,,,,,Y,,,,,,,,,,,Y,,FRONT,,,,,,,,,,,,,,,,,,,,,,,,,,,,,,,,,
2122492,bca4027c09bb94bec54fb77ba536c7b097b265b2f9f8973c7c42b84b12b105c4f8ef89615eedaddae842118464b33bc721691a2547b080dcc3c3bdac7ff2a59a,08/05/2025 08:00:00 PM,1,DRIVER,,2023395,,TOYOTA,COROLLA,IL,2014,UNKNOWN,UNKNOWN/NA,UNKNOWN/NA,S,TURNING LEFT,,,1,,,,,,,,,,,,,,,,,,UNKNOWN,,,,,,,,,,,,,,,,,,,,,,,,,,,,,,,,,
2122493,bca4027c09bb94bec54fb77ba536c7b097b265b2f9f8973c7c42b84b12b105c4f8ef89615eedaddae842118464b33bc721691a2547b080dcc3c3bdac7ff2a59a,08/05/2025 08:00:00 PM,2,DRIVER,,2023396,,LEXUS,LS460,,2008,NONE,PASSENGER,PERSONAL,W,STRAIGHT AHEAD,,,1,,,,,,,,Y,Y,,,,,,,,,SIDE-RIGHT,,,,,,,,,,,,,,,,,,,,,,,,,,,,,,,,,
2122578,171594d0d3fc44dc278fcb4788ba1b68f9efd5986cbd3e1e3751708213ab24ab34c6278e81277ead29d0b020ea33ea1bbd405f4a084c51756852847dcc07f287,08/05/2025 07:50:00 PM,1,DRIVER,,2023476,,NISSAN,ALTIMA,IL,2015,NONE,PASSENGER,PERSONAL,N,STARTING IN TRAFFIC,,,1,,,,,Y,,,,,,,,,,Y,Y,,FRONT,,,,,,,,,,,,,,,,,,,,,,,,,,,,,,,,,
2122579,171594d0d3fc44dc278fcb4788ba1b68f9efd5986cbd3e1e3751708213ab24ab34c6278e81277ead29d0b020ea33ea1bbd405f4a084c51756852847dcc07f287,08/05/2025 07:50:00 PM,2,DRIVER,,2023483,,CADILLAC,XT6,IL,2021,NONE,PASSENGER,PERSONAL,E,STRAIGHT AHEAD,,,1,,,,,Y,Y,Y,,,,,,,,,,,SIDE-RIGHT,,,,,,,,,,,,,,,,,,,,,,,,,,,,,,,,,
2122360,aabbcb644002637bd806d3ed850571214f417d8ef537463ad8a7489d1f3536d58ec04e3861824560f6d99b53c9a40b971d78703a285f10698003ceb5bb7da031,08/05/2025 07:41:00 PM,1,DRIVER,,2023266,,NISSAN,ROGUE,IL,2008,UNKNOWN,SPORT UTILITY VEHICLE (SUV),UNKNOWN/NA,S,SLOW/STOP IN TRAFFIC,Y,,1,,midway airport towing,5400 s kilpatrick,,Y,,,,,,,,,,Y,Y,,FRONT,,,,,,,,,,,,,,,,,,,,,,,,,,,,,,,,,
2122361,aabbcb644002637bd806d3ed850571214f417d8ef537463ad8a7489d1f3536d58ec04e3861824560f6d99b53c9a40b971d78703a285f10698003ceb5bb7da031,08/05/2025 07:41:00 PM,2,DRIVER,1,2023271,,TOYOTA,RAV4,IL,2017,NONE,SPORT UTILITY VEHICLE (SUV),PERSONAL,S,SLOW/STOP IN TRAFFIC,,,2,,,,,,,,,Y,Y,Y,,,,,,,REAR,,,,,,,,,,,,,,,,,,,,,,,,,,,,,,,,,
2122351,ecc60ef799254a1323dc089b8d78d6b668da690af65783c142caeb0b02521004b54a0775cc6d4ef177ec3d3cea06db93689b0f969b7359b47cef00dc1f713d94,08/05/2025 07:40:00 PM,1,DRIVER,,2023260,,HONDA,INSIGHT,IL,2010,NONE,PASSENGER,PERSONAL,NW,STRAIGHT AHEAD,,,1,,,,,Y,,,,,,,,,,Y,Y,,FRONT,,,,,,,,,,,,,,,,,,,,,,,,,,,,,,,,,
2122352,ecc60ef799254a1323dc089b8d78d6b668da690af65783c142caeb0b02521004b54a0775cc6d4ef177ec3d3cea06db93689b0f969b7359b47cef00dc1f713d94,08/05/2025 07:40:00 PM,2,DRIVER,,2023270,,TOYOTA,RAV4,IL,2016,NONE,PASSENGER,PERSONAL,NW,STRAIGHT AHEAD,,,1,,,,,,,,,Y,Y,Y,,,,,,,REAR,,,,,,,,,,,,,,,,,,,,,,,,,,,,,,,,,
2122348,8d4e78333ee74c0251e3c161a9fcc979cc7d647db965d02ef685baa0aa63c30d4fb97e25a0aca5fd71c6b8c044e68f51d98479752f3fe3baf001f9e7cd04a738,08/05/2025 07:35:00 PM,1,DRIVER,,2023261,,UNKNOWN,OPEN BODY,,,UNKNOWN,VAN/MINI-VAN,UNKNOWN/NA,W,BACKING,,,1,,,,,,,,,Y,Y,Y,,,,,,,REAR,,,,,,,,,,,,,,,,,,,,,,,,,,,,,,,,,
2122376,4a2f3b92a4589dc0bb22a21627f184d31334471ae8e9d0265425420c7e10612ffe7a4032e1d16c449077f6106a9bcbfd51e86adaa3fbb5fa328906f90ebb0a54,08/05/2025 07:20:00 PM,1,DRIVER,2,2023284,,BMW,X3,IL,2021,UNKNOWN,SPORT UTILITY VEHICLE (SUV),PERSONAL,NE,TURNING LEFT,,,3,,,,,,Y,Y,Y,Y,Y,,,,,,,Y,SIDE-RIGHT,,,,,,,,,,,,,,,,,,,,,,,,,,,,,,,,,
2122377,4a2f3b92a4589dc0bb22a21627f184d31334471ae8e9d0265425420c7e10612ffe7a4032e1d16c449077f6106a9bcbfd51e86adaa3fbb5fa328906f90ebb0a54,08/05/2025 07:20:00 PM,2,DRIVER,,2023288,,INFINITI,FX35,IL,2006,UNKNOWN,SPORT UTILITY VEHICLE (SUV),PERSONAL,W,STRAIGHT AHEAD,Y,,1,,PRIVATE TOW,,,Y,,,,,,,,,,Y,Y,Y,FRONT,,,,,,,,,,,,,,,,,,,,,,,,,,,,,,,,,
2122378,4a2f3b92a4589dc0bb22a21627f184d31334471ae8e9d0265425420c7e10612ffe7a4032e1d16c449077f6106a9bcbfd51e86adaa3fbb5fa328906f90ebb0a54,08/05/2025 07:20:00 PM,3,DRIVER,,2023289,,CHEVROLET,BLAZER,IN,2020,UNKNOWN,SPORT UTILITY VEHICLE (SUV),PERSONAL,S,SLOW/STOP IN TRAFFIC,,,1,,,,,,,,,,,,,,,Y,,,FRONT-LEFT-CORNER,,,,,,,,,,,,,,,,,,,,,,,,,,,,,,,,,
2122362,5d0680f4420eeac3ab1ca2a5fa7c5005ee913d9c236447b8cb5e64608d8bd6a580f1b33218def74afe42e74d97a06dc3099b7bc917dea0ac93218921ff8cb7a6,08/05/2025 07:20:00 PM,1,DRIVER,,2023265,,UNKNOWN,OTHER (EXPLAIN IN NARRATIVE),,,UNKNOWN,UNKNOWN/NA,UNKNOWN/NA,UNKNOWN,UNKNOWN/NA,,,1,,,,,,,,,,,,,,,,,Y,UNKNOWN,,,,,,,,,,,,,,,,,,,,,,,,,,,,,,,,,
2122363,5d0680f4420eeac3ab1ca2a5fa7c5005ee913d9c236447b8cb5e64608d8bd6a580f1b33218def74afe42e74d97a06dc3099b7bc917dea0ac93218921ff8cb7a6,08/05/2025 07:20:00 PM,2,PARKED,,2023276,,CADILLAC,SRX,IL,2015,UNKNOWN,SPORT UTILITY VEHICLE (SUV),UNKNOWN/NA,E,PARKED,Y,,0,,chicago recovery,residence,,,,,,,,,,Y,Y,Y,,,SIDE-LEFT,,,,,,,,,,,,,,,,,,,,,,,,,,,,,,,,,
2122321,da84f900aeb97b3ead08379052ce314c5bd49899a31d05287c1b268ae7c00394d08e5bdbfe24a5303a2b23d35da8d400f7bd9745d70f4d3ae2835ec97fcb966f,08/05/2025 07:14:00 PM,1,DRIVER,,2023232,,CHEVROLET,EQUINOX,IL,2008,UNKNOWN,SPORT UTILITY VEHICLE (SUV),UNKNOWN/NA,S,BACKING,,,1,,,,,,,,,,,,,,,,,,REAR,,,,,,,,,,,,,,,,,,,,,,,,,,,,,,,,,
2122322,da84f900aeb97b3ead08379052ce314c5bd49899a31d05287c1b268ae7c00394d08e5bdbfe24a5303a2b23d35da8d400f7bd9745d70f4d3ae2835ec97fcb966f,08/05/2025 07:14:00 PM,2,PARKED,,2023234,,NISSAN,ROGUE,IL,2025,NONE,PASSENGER,NOT IN USE,N,PARKED,,,0,,,,,,,,,,,,,,,,Y,,FRONT,,,,,,,,,,,,,,,,,,,,,,,,,,,,,,,,,
2122364,6c6fc2e8cafef2d4b753bf2e39242a5ba4368af55c748952dc10bed787e1a6aa550126bc9e5d1f8064021b368b666fe1097a8e98377f9cff1c307195e344caad,08/05/2025 07:10:00 PM,1,DRIVER,,2023272,,HONDA,CR-V,IL,2009,UNKNOWN,PASSENGER,PERSONAL,NE,OTHER,,,1,,,,,Y,Y,,,,,,,,,Y,Y,,FRONT-LEFT-CORNER,,,,,,,,,,,,,,,,,,,,,,,,,,,,,,,,,
2122365,6c6fc2e8cafef2d4b753bf2e39242a5ba4368af55c748952dc10bed787e1a6aa550126bc9e5d1f8064021b368b666fe1097a8e98377f9cff1c307195e344caad,08/05/2025 07:10:00 PM,2,DRIVER,,2023275,,GENERAL MOTORS CORPORATION (GMC),TERRAIN,IL,2014,UNKNOWN,SPORT UTILITY VEHICLE (SUV),PERSONAL,N,STRAIGHT AHEAD,,,1,,,,,,,,,,,,,,Y,Y,Y,,FRONT-LEFT-CORNER,,,,,,,,,,,,,,,,,,,,,,,,,,,,,,,,,
2122337,bbb65ba75e1666c951930dbc5976514a972f57184bb6c616791bd3da1f6b19623b98dfc3968b438b254ed1157c6edf078973c8ddc94fa3b9349a3fa95a17f450,08/05/2025 07:10:00 PM,1,DRIVER,,2023248,,HONDA,CR-V,IL,2019,NONE,PASSENGER,PERSONAL,E,STRAIGHT AHEAD,,,1,,,,,Y,,,,,,,,Y,Y,,Y,,SIDE-LEFT,,,,,,,,,,,,,,,,,,,,,,,,,,,,,,,,,
2122338,bbb65ba75e1666c951930dbc5976514a972f57184bb6c616791bd3da1f6b19623b98dfc3968b438b254ed1157c6edf078973c8ddc94fa3b9349a3fa95a17f450,08/05/2025 07:10:00 PM,2,DRIVER,,2023254,,TOYOTA,COROLLA,IL,2009,NONE,PASSENGER,PERSONAL,S,STRAIGHT AHEAD,,,1,,,,,,Y,Y,Y,Y,,,,,,,,,SIDE-RIGHT,,,,,,,,,,,,,,,,,,,,,,,,,,,,,,,,,
2122344,31b7b6cf8f5a54b1930e9a5cbc448ea91d0aeabddba8dafac8937c068e093a9e4dbe3bc0e16e711f16f40e65f53d4a1695fc95316186acb67225df801eb6e55d,08/05/2025 07:00:00 PM,1,DRIVER,3,2023309,,TOYOTA,PRIUS,IL,2015,NONE,PASSENGER,RIDESHARE SERVICE,N,SLOW/STOP IN TRAFFIC,,,4,,,,,,,,,,,,,,,,,,SIDE-LEFT,,,,,,,,,,,,,,,,,,,,,,,,,,,,,,,,,
2122345,31b7b6cf8f5a54b1930e9a5cbc448ea91d0aeabddba8dafac8937c068e093a9e4dbe3bc0e16e711f16f40e65f53d4a1695fc95316186acb67225df801eb6e55d,08/05/2025 07:00:00 PM,2,BICYCLE,,,,,,,,,,,,,,,,,,,,,,,,,,,,,,,,,,,,,,,,,,,,,,,,,,,,,,,,,,,,,,,,,,
2122724,5b3991c512784af4c633b0e1b36bb12353c167c585a2e8eea0ae74ec34a546485cd2fb1719f8c9b3a5bd466e81cfed31278adad617c1543d0e6e660ae22929a5,08/05/2025 07:00:00 PM,1,DRIVER,,2023877,,HONDA,CIVIC,IL,2022,NONE,PASSENGER,PERSONAL,W,STRAIGHT AHEAD,,,1,,,,,,,,,,,,Y,,,,,,REAR-LEFT-CORNER,,,,,,,,,,,,,,,,,,,,,,,,,,,,,,,,,
2122725,5b3991c512784af4c633b0e1b36bb12353c167c585a2e8eea0ae74ec34a546485cd2fb1719f8c9b3a5bd466e81cfed31278adad617c1543d0e6e660ae22929a5,08/05/2025 07:00:00 PM,2,PARKED,,2023867,,CHEVROLET,TRAVERSE,IL,,NONE,PASSENGER,PERSONAL,W,PARKED,,,0,,,,,,,,,,,,Y,Y,Y,,,,REAR-LEFT-CORNER,,,,,,,,,,,,,,,,,,,,,,,,,,,,,,,,,
2122303,8708afd6a6edbbb50e419ca65d713ac0e135ae892aa0ce24997b06f120084d39cd65e7d7266f3b4d4753819a809d566ce929d3568e8ee4bf8e71c7de466245a7,08/05/2025 07:00:00 PM,1,DRIVER,,2023209,,BUICK,OTHER (EXPLAIN IN NARRATIVE),IL,2018,UNKNOWN,SPORT UTILITY VEHICLE (SUV),UNKNOWN/NA,E,STRAIGHT AHEAD,,,1,,,,,,,,,,,,,,,,Y,,FRONT,,,,,,,,,,,,,,,,,,,,,,,,,,,,,,,,,
2122304,8708afd6a6edbbb50e419ca65d713ac0e135ae892aa0ce24997b06f120084d39cd65e7d7266f3b4d4753819a809d566ce929d3568e8ee4bf8e71c7de466245a7,08/05/2025 07:00:00 PM,2,PARKED,,2023220,,ACURA,RLX,MO,2021,NONE,PASSENGER,NOT IN USE,E,PARKED,,,0,,,,,,,,,Y,Y,Y,,,,,,,REAR,,,,,,,,,,,,,,,,,,,,,,,,,,,,,,,,,
2123537,64524eed81ce06d4d396074ee152f3cf8d96269d6b5d5df96213687807651afd22b9e83e6bb86ef9da2e7ffb776bc9428f9e92cc57d109a8d6e1dfe3a6d86403,08/05/2025 06:53:00 PM,1,DRIVER,,2024384,,UNKNOWN,MOTORIZED,,,NONE,PASSENGER,PERSONAL,N,CHANGING LANES,,,1,,,,,,,,,Y,,,,,,,,,REAR-RIGHT-CORNER,,,,,,,,,,,,,,,,,,,,,,,,,,,,,,,,,
2123538,64524eed81ce06d4d396074ee152f3cf8d96269d6b5d5df96213687807651afd22b9e83e6bb86ef9da2e7ffb776bc9428f9e92cc57d109a8d6e1dfe3a6d86403,08/05/2025 06:53:00 PM,2,DRIVER,,2024379,,TOYOTA,COROLLA,IL,2024,NONE,PASSENGER,PERSONAL,N,STRAIGHT AHEAD,,,1,,,,,,,,,,,,,,,Y,,,FRONT-LEFT-CORNER,,,,,,,,,,,,,,,,,,,,,,,,,,,,,,,,,
2122315,8652301ccbe1d81cfa7df3e185be4174e5489f7a2a59c3252fcc0a4001ac2610f35669dbbfe0f2faf035f3d32c2d35a477f753e9e06a93f5a4a80bb381ad013b,08/05/2025 06:50:00 PM,1,DRIVER,,2023225,,BUICK,RAINIER,IL,2004,NONE,PASSENGER,PERSONAL,N,CHANGING LANES,,,1,,,,,,,,,,,,,,,Y,,,FRONT-LEFT-CORNER,,,,,,,,,,,,,,,,,,,,,,,,,,,,,,,,,
2122316,8652301ccbe1d81cfa7df3e185be4174e5489f7a2a59c3252fcc0a4001ac2610f35669dbbfe0f2faf035f3d32c2d35a477f753e9e06a93f5a4a80bb381ad013b,08/05/2025 06:50:00 PM,2,DRIVER,,2023233,,LEXUS,RX300,IL,2001,NONE,PASSENGER,PERSONAL,N,STRAIGHT AHEAD,Y,,1,,private,,,Y,,,,,,,,,,,,,FRONT-RIGHT-CORNER,,,,,,,,,,,,,,,,,,,,,,,,,,,,,,,,,
2122368,7be055236ee7035284fe196d14848b4a5d9b349fae8865e9d11f16b20ebd05f12f0cf002395f7f25093aa1c3178309951f7b077742274e53889c98d251a731a9,08/05/2025 06:48:00 PM,1,BICYCLE,,,,,,,,,,,,,,,,,,,,,,,,,,,,,,,,,,,,,,,,,,,,,,,,,,,,,,,,,,,,,,,,,,
2122369,7be055236ee7035284fe196d14848b4a5d9b349fae8865e9d11f16b20ebd05f12f0cf002395f7f25093aa1c3178309951f7b077742274e53889c98d251a731a9,08/05/2025 06:48:00 PM,2,DRIVER,3,2023278,,TOYOTA,PRIUS,IL,2010,UNKNOWN,PASSENGER,PERSONAL,E,STRAIGHT AHEAD,,,4,,,,,,,,,,,,Y,Y,Y,,,,SIDE-LEFT,,,,,,,,,,,,,,,,,,,,,,,,,,,,,,,,,
2127170,58e822eec7992574058e28383648c18a81eeb00dc61e5605bff6763a0139f5e187169495d8742ca20db3cc27af2060973a6e5980610d36fa56692e2c31c4c120,08/05/2025 06:45:00 PM,1,DRIVER,,2027831,,FORD,F650,IL,2018,NONE,PICKUP,OTHER,W,STRAIGHT AHEAD,,,1,,,,,,,,,,,,,,,,,,SIDE-RIGHT,,,,,,,,,,,,,,,,,,,,,,,,,,,,,,,,,
2127171,58e822eec7992574058e28383648c18a81eeb00dc61e5605bff6763a0139f5e187169495d8742ca20db3cc27af2060973a6e5980610d36fa56692e2c31c4c120,08/05/2025 06:45:00 PM,2,PARKED,,2027816,,CADILLAC,CTS,IN,2011,NONE,PASSENGER,PERSONAL,W,PARKED,,,0,,,,,,,,,,,,,,,,,,SIDE-LEFT,,,,,,,,,,,,,,,,,,,,,,,,,,,,,,,,,
2122319,a62c3b372982269ccbb6fc1499be9d2741212d6a05b34a4d89e4949b4973554820c81c68d81bf7080525de2d3b7bc18a14772885d0b7cebcd4ac1c46b5d530db,08/05/2025 06:45:00 PM,1,DRIVERLESS,,2023231,,SUBARU,FORESTER,IL,2023,UNKNOWN,PASSENGER,PERSONAL,E,TURNING LEFT,,,0,,,,,,,Y,Y,,,,,,Y,Y,,,SIDE-RIGHT-REAR,,,,,,,,,,,,,,,,,,,,,,,,,,,,,,,,,
2122320,a62c3b372982269ccbb6fc1499be9d2741212d6a05b34a4d89e4949b4973554820c81c68d81bf7080525de2d3b7bc18a14772885d0b7cebcd4ac1c46b5d530db,08/05/2025 06:45:00 PM,2,PARKED,,2023235,,CHEVROLET,SILVERADO,IL,2015,UNKNOWN,PICKUP,PERSONAL,UNKNOWN,PARKED IN TRAFFIC LANE,,,0,,,,,,,,,,,Y,Y,,,,,,REAR-LEFT-CORNER,,,,,,,,,,,,,,,,,,,,,,,,,,,,,,,,,
2122333,c6be7d618e5b1a3c607dc7f95ef806da4a4121cc2d0c469a6d494723d8eb4301050dec6a14efa893d011f4fb92857d002e9ce50a52cd69415278635489feb4ee,08/05/2025 06:45:00 PM,1,DRIVER,,2023249,,FORD,F150,IL,2014,NONE,TRUCK - SINGLE UNIT,UNKNOWN/NA,E,STRAIGHT AHEAD,,,1,,,,,Y,,,,,Y,,,,,,Y,,FRONT,,,,,,,,,,,,,,,,,,,,,,,,,,,,,,,,,
2122334,c6be7d618e5b1a3c607dc7f95ef806da4a4121cc2d0c469a6d494723d8eb4301050dec6a14efa893d011f4fb92857d002e9ce50a52cd69415278635489feb4ee,08/05/2025 06:45:00 PM,2,PARKED,,2023250,,TOYOTA,CAMRY,IL,2013,NONE,PASSENGER,NOT IN USE,E,PARKED,,,0,,,,,,,,,,,Y,Y,Y,Y,,Y,,SIDE-LEFT,,,,,,,,,,,,,,,,,,,,,,,,,,,,,,,,,
2124212,cf6af9480db7c60f843c56df484a827198d871ccffd9469b7704614102e23e8f65f67897684af28f3ee2db5e38eb17a5ac81d01f0a720fbaaea25b4627386018,08/05/2025 06:40:00 PM,1,DRIVER,1,2025010,,FORD,F250,IL,2011,UNKNOWN,SPORT UTILITY VEHICLE (SUV),UNKNOWN/NA,N,SLOW/STOP IN TRAFFIC,,,2,,,,,,,,,,,,,,,,,Y,SIDE-RIGHT,,,,,,,,,,,,,,,,,,,,,,,,,,,,,,,,,
2124213,cf6af9480db7c60f843c56df484a827198d871ccffd9469b7704614102e23e8f65f67897684af28f3ee2db5e38eb17a5ac81d01f0a720fbaaea25b4627386018,08/05/2025 06:40:00 PM,2,BICYCLE,,,,,,,,,,,,,,,,,,,,,,,,,,,,,,,,,,,,,,,,,,,,,,,,,,,,,,,,,,,,,,,,,,
2122323,0c5f536de651d7ae4c1120df281bbfe8b3b96d17a52b0684a408e970d51451d4b17870a0db5d0e6079789f231ef83a7502e3f6466260e439da7c3455fa9de3a7,08/05/2025 06:32:00 PM,1,DRIVER,,2023239,N,BMW,X3,IL,2022,NONE,PASSENGER,PERSONAL,W,STRAIGHT AHEAD,Y,,1,,ALLSTATE INS. TOW,UNK,,Y,Y,Y,,,,,,,,Y,Y,,FRONT-RIGHT-CORNER,,,,,,,,,,,,,,,,,,,,,,,,,,,,,,,,,
2122324,0c5f536de651d7ae4c1120df281bbfe8b3b96d17a52b0684a408e970d51451d4b17870a0db5d0e6079789f231ef83a7502e3f6466260e439da7c3455fa9de3a7,08/05/2025 06:32:00 PM,2,PARKED,,2023247,,NISSAN,MURANO,IL,2004,UNKNOWN,SPORT UTILITY VEHICLE (SUV),NOT IN USE,W,PARKED,Y,,0,,PRIVATE,UNK,,,,,,,Y,Y,Y,Y,,,,,SIDE-LEFT-REAR,,,,,,,,,,,,,,,,,,,,,,,,,,,,,,,,,
2122349,c899603dbcb08c0b3ee3b634ebd67e193956c13ab388790fb412a99fc8d453a60c20c183ca23049cd37295082ef99ca7d9ad7cedc7981ec92c7b0b9289cada5e,08/05/2025 06:30:00 PM,1,DRIVER,,2023262,,FORD,F650,AZ,2016,NONE,PICKUP,OTHER,E,BACKING,,,1,,,,,,,,,,,,,,,,,,UNKNOWN,,,,,,,,,,,,,,,,,,,,,,,,,,,,,,,,,
2122350,c899603dbcb08c0b3ee3b634ebd67e193956c13ab388790fb412a99fc8d453a60c20c183ca23049cd37295082ef99ca7d9ad7cedc7981ec92c7b0b9289cada5e,08/05/2025 06:30:00 PM,2,PARKED,,2023264,,LINCOLN,AVIATOR,IL,2021,NONE,PASSENGER,PERSONAL,E,PARKED,,,0,,,,,Y,Y,,,,,,,,,,,,FRONT-RIGHT-CORNER,,,,,,,,,,,,,,,,,,,,,,,,,,,,,,,,,