CRASH_UNIT_ID,CRASH_RECORD_ID,CRASH_DATE,UNIT_NO,UNIT_TYPE,NUM_PASSENGERS,VEHICLE_ID,CMRC_VEH_I,MAKE,MODEL,LIC_PLATE_STATE,VEHICLE_YEAR,VEHICLE_DEFECT,VEHICLE_TYPE,VEHICLE_USE,TRAVEL_DIRECTION,MANEUVER,TOWED_I,FIRE_I,OCCUPANT_CNT,EXCEED_SPEED_LIMIT_I,TOWED_BY,TOWED_TO,AREA_00_I,AREA_01_I,AREA_02_I,AREA_03_I,AREA_04_I,AREA_05_I,AREA_06_I,AREA_07_I,AREA_08_I,AREA_09_I,AREA_10_I,AREA_11_I,AREA_12_I,AREA_99_I,FIRST_CONTACT_POINT,CMV_ID,USDOT_NO,CCMC_NO,ILCC_NO,COMMERCIAL_SRC,GVWR,CARRIER_NAME,CARRIER_STATE,CARRIER_CITY,HAZMAT_PLACARDS_I,HAZMAT_NAME,UN_NO,HAZMAT_PRESENT_I,HAZMAT_REPORT_I,HAZMAT_REPORT_NO,MCS_REPORT_I,MCS_REPORT_NO,HAZMAT_VIO_CAUSE_CRASH_I,MCS_VIO_CAUSE_CRASH_I,IDOT_PERMIT_NO,WIDE_LOAD_I,TRAILER1_WIDTH,TRAILER2_WIDTH,TRAILER1_LENGTH,TRAILER2_LENGTH,TOTAL_VEHICLE_LENGTH,AXLE_CNT,VEHICLE_CONFIG,CARGO_BODY_TYPE,LOAD_TYPE,HAZMAT_OUT_OF_SERVICE_I,MCS_OUT_OF_SERVICE_I,HAZMAT_CLASS
2122343,f54845122f70dea50bac3c7dce948da32c0546e478713962214bfafb4df56722f57b1b9e5fc9d2235fdac9ffd7c8f5f9db5011324e78ec613955fa61a62e8f05,08/05/2025 06:21:00 PM,1,DRIVER,1,2023255,,FORD,EXPLORER,IL,,NONE,PASSENGER,POLICE,E,STRAIGHT AHEAD,,,2,,,,,,,,,,,,,,Y,Y,,,OTHER,,,,,,,,,,,,,,,,,,,,,,,,,,,,,,,,,
2123264,b183ca58377c6e75ad3fcba26b7d37ab8072f5547544bd22611aca0f43bbce999218eefca1cde519f4e89a6a9725021110f8e4b9f092cf35dbeef98bca518460,08/05/2025 06:14:00 PM,1,DRIVER,1,2024119,,HONDA,CR-V,IL,2014,NONE,PASSENGER,PERSONAL,W,STRAIGHT AHEAD,,,2,,,,,Y,,,,,,,,,,Y,Y,,FRONT,,,,,,,,,,,,,,,,,,,,,,,,,,,,,,,,,
2123265,b183ca58377c6e75ad3fcba26b7d37ab8072f5547544bd22611aca0f43bbce999218eefca1cde519f4e89a6a9725021110f8e4b9f092cf35dbeef98bca518460,08/05/2025 06:14:00 PM,2,BICYCLE,,,,,,,,,,,,,,,,,,,,,,,,,,,,,,,,,,,,,,,,,,,,,,,,,,,,,,,,,,,,,,,,,,
2122296,cb9bd828508c562707033155041a33441ae5ff39b1ab555ef13c4212861182afbf7f7a52d2cb3f533b93a271aa41421de9ee2ca8e91c260f128e93eb367ff2a8,08/05/2025 06:10:00 PM,1,DRIVER,,2023204,,FORD,F250,WI,2006,UNKNOWN,PICKUP,PERSONAL,N,STRAIGHT AHEAD,Y,,1,,PRIVATE TOW,,,Y,N,,,,,,,,,,Y,,FRONT-RIGHT-CORNER,,,,,,,,,,,,,,,,,,,,,,,,,,,,,,,,,
2122297,cb9bd828508c562707033155041a33441ae5ff39b1ab555ef13c4212861182afbf7f7a52d2cb3f533b93a271aa41421de9ee2ca8e91c260f128e93eb367ff2a8,08/05/2025 06:10:00 PM,2,DRIVER,,2023222,,DODGE,CARAVAN,IL,2013,UNKNOWN,VAN/MINI-VAN,PERSONAL,N,STRAIGHT AHEAD,,,1,,,,,,,,,,Y,Y,,,,,,,REAR-LEFT-CORNER,,,,,,,,,,,,,,,,,,,,,,,,,,,,,,,,,
2122260,7d9fe7c3defcd5871bcfaecfd22918e4aefbdc756c0cd4cb39bc10fff051c8de8d67b3d3920f834eddfc846427d32408f9f3bb476b1fcbc843f2eb72da505052,08/05/2025 06:05:00 PM,1,DRIVER,,2023174,,VOLKSWAGEN,TIGUAN,IL,2023,UNKNOWN,SPORT UTILITY VEHICLE (SUV),UNKNOWN/NA,W,CHANGING LANES,,,1,,,,,,,,,,,,,,,Y,,,FRONT-LEFT-CORNER,,,,,,,,,,,,,,,,,,,,,,,,,,,,,,,,,
2122261,7d9fe7c3defcd5871bcfaecfd22918e4aefbdc756c0cd4cb39bc10fff051c8de8d67b3d3920f834eddfc846427d32408f9f3bb476b1fcbc843f2eb72da505052,08/05/2025 06:05:00 PM,2,DRIVER,,2023181,,AUDI,QUATRRO,IL,2016,NONE,PASSENGER,UNKNOWN/NA,W,STRAIGHT AHEAD,,,1,,,,,Y,Y,,,,,,,,,,,,FRONT-RIGHT-CORNER,,,,,,,,,,,,,,,,,,,,,,,,,,,,,,,,,
2122325,b6e8245165849e33e01b0f919c0bad07b60f5c2adb4ba7e0dda18af091eaee28f6df01f51ab62d202791610d8758e1ba4dff03936709118b992c6ffdb97c4abb,08/05/2025 06:05:00 PM,1,DRIVER,,2023240,,LAND ROVER,LAND ROVER (SPORT),IL,2008,NONE,PASSENGER,PERSONAL,S,STRAIGHT AHEAD,Y,,1,,Streets & Sanitation Hazard,,,,,,,,,,,,Y,Y,Y,,FRONT-LEFT-CORNER,,,,,,,,,,,,,,,,,,,,,,,,,,,,,,,,,
2122326,b6e8245165849e33e01b0f919c0bad07b60f5c2adb4ba7e0dda18af091eaee28f6df01f51ab62d202791610d8758e1ba4dff03936709118b992c6ffdb97c4abb,08/05/2025 06:05:00 PM,2,DRIVER,,2023244,,GENERAL MOTORS CORPORATION (GMC),TERRAIN,IL,2018,NONE,PASSENGER,PERSONAL,S,STRAIGHT AHEAD,Y,,1,,private tow,,,,,,,,Y,Y,Y,,,,,,REAR-LEFT-CORNER,,,,,,,,,,,,,,,,,,,,,,,,,,,,,,,,,
2122284,141b7af5fbda16dd518de584ce809879d9f1d499a8d70dc3e4067dec91454407170fe2d81c3c401525a4228f967717ea977f276c142a5fc0db635b18c658a506,08/05/2025 06:00:00 PM,1,DRIVER,,2023194,,FORD,FUSION,IL,2008,UNKNOWN,PASSENGER,PERSONAL,W,AVOIDING VEHICLES/OBJECTS,Y,,1,,PRIVATE TOW BY OWNER,,,Y,Y,,,,,,,,,,,,FRONT-RIGHT-CORNER,,,,,,,,,,,,,,,,,,,,,,,,,,,,,,,,,
2122279,3e9ebcd2e619341cddd7524373e6d46af35e2395a6a7c8322027fe6e09b464d3ccbcb0609dfe822bf49af76a1e638bde74f53eca6be5249de7b56e508405957e,08/05/2025 06:00:00 PM,1,DRIVER,,2023189,,NISSAN,ALTIMA,IL,2017,UNKNOWN,PASSENGER,PERSONAL,W,STRAIGHT AHEAD,,,1,,,,,,,,,,,,,,,,,,FRONT,,,,,,,,,,,,,,,,,,,,,,,,,,,,,,,,,
2122280,3e9ebcd2e619341cddd7524373e6d46af35e2395a6a7c8322027fe6e09b464d3ccbcb0609dfe822bf49af76a1e638bde74f53eca6be5249de7b56e508405957e,08/05/2025 06:00:00 PM,2,PEDESTRIAN,,,,,,,,,,,,,,,,,,,,,,,,,,,,,,,,,,,,,,,,,,,,,,,,,,,,,,,,,,,,,,,,,,
2122519,716058a3f3ea0237789300cf23a4f0cecd1045c9daafc05187929c1652a3e94f07a20852ef39e403d1010c56d21425db2e405bb3419d10c24327e05c41fef7d7,08/05/2025 06:00:00 PM,1,DRIVER,,2023416,,UNKNOWN,OTHER (EXPLAIN IN NARRATIVE),XX,,UNKNOWN,UNKNOWN/NA,UNKNOWN/NA,S,UNKNOWN/NA,,,1,,,,,,,,,,,,,,,,,Y,UNKNOWN,,,,,,,,,,,,,,,,,,,,,,,,,,,,,,,,,
2122520,716058a3f3ea0237789300cf23a4f0cecd1045c9daafc05187929c1652a3e94f07a20852ef39e403d1010c56d21425db2e405bb3419d10c24327e05c41fef7d7,08/05/2025 06:00:00 PM,2,PARKED,,2023424,,HYUNDAI,ELANTRA,IN,2025,UNKNOWN,PASSENGER,OTHER,E,PARKED,Y,,0,,private tow,,,,,,,,,,,,Y,Y,Y,,FRONT-LEFT-CORNER,,,,,,,,,,,,,,,,,,,,,,,,,,,,,,,,,
2122282,877a06a93b785c2e6bbb094f7e51836c2468abeb06d199d8c6f5a1d617767c8c0498a33917337139d7b3b70f40c4963bf311f13f43fe30b7cb90c73cd218b5a4,08/05/2025 06:00:00 PM,1,DRIVER,,2023187,,CHEVROLET,EQUINOX,IL,2012,UNKNOWN,PASSENGER,UNKNOWN/NA,S,STRAIGHT AHEAD,,,1,,,,,Y,,,,,,,,,,Y,Y,,FRONT,,,,,,,,,,,,,,,,,,,,,,,,,,,,,,,,,
2122283,877a06a93b785c2e6bbb094f7e51836c2468abeb06d199d8c6f5a1d617767c8c0498a33917337139d7b3b70f40c4963bf311f13f43fe30b7cb90c73cd218b5a4,08/05/2025 06:00:00 PM,2,DRIVER,,2023201,,TOYOTA,COROLLA,IL,2023,UNKNOWN,PASSENGER,PERSONAL,S,SLOW/STOP IN TRAFFIC,,,1,,,,,,,,,,Y,Y,,,,,,,REAR,,,,,,,,,,,,,,,,,,,,,,,,,,,,,,,,,
2122246,91af2b0b985a577a67c84a3f5cc023e0529672aa98cbe19e70c8fa3e4a860580f9401db47970ed879bd1d21befffc78f80cefadd2c761f7cddf45f81c87b38d5,08/05/2025 06:00:00 PM,1,DRIVER,,2023166,,BMW,OTHER (EXPLAIN IN NARRATIVE),IL,2021,UNKNOWN,PASSENGER,PERSONAL,W,STRAIGHT AHEAD,,,1,,,,,,Y,Y,,,,,,,,,,,SIDE-RIGHT,,,,,,,,,,,,,,,,,,,,,,,,,,,,,,,,,
2122247,91af2b0b985a577a67c84a3f5cc023e0529672aa98cbe19e70c8fa3e4a860580f9401db47970ed879bd1d21befffc78f80cefadd2c761f7cddf45f81c87b38d5,08/05/2025 06:00:00 PM,2,DRIVER,,2023173,,HYUNDAI,ELANTRA,IL,2003,NONE,PASSENGER,PERSONAL,S,STRAIGHT AHEAD,,,1,,,,,Y,,,,,,,,,,Y,Y,,FRONT,,,,,,,,,,,,,,,,,,,,,,,,,,,,,,,,,
2122331,a98703190accacc9df159db32c60e9f2fb0893a44b935cc4928c89a92e42bbaba5eaf7521ecf557d7162a97663fcc37876523e646fe0d275cd19331ddac3dd00,08/05/2025 06:00:00 PM,1,DRIVER,,2023241,,HONDA,CR-V,IL,2015,NONE,SPORT UTILITY VEHICLE (SUV),PERSONAL,E,STRAIGHT AHEAD,,,1,,,,,,,,,,,,,,,,Y,,FRONT,,,,,,,,,,,,,,,,,,,,,,,,,,,,,,,,,
2122332,a98703190accacc9df159db32c60e9f2fb0893a44b935cc4928c89a92e42bbaba5eaf7521ecf557d7162a97663fcc37876523e646fe0d275cd19331ddac3dd00,08/05/2025 06:00:00 PM,2,DRIVER,,2023243,,TOYOTA,COROLLA,IL,2014,NONE,PASSENGER,PERSONAL,E,SLOW/STOP IN TRAFFIC,,,1,,,,,,,,,,Y,,,,,,,,REAR,,,,,,,,,,,,,,,,,,,,,,,,,,,,,,,,,
2122300,aae29b7695a6f27cb4dd8b8e85bf696044eafe193c1ac5bfdbab27670895840de09771de8e63f1e232270a4ecf3c356b79e84bd504db5fa83be812780d8d9c4a,08/05/2025 06:00:00 PM,1,DRIVER,,2023208,,HONDA,CR-V,IL,2015,NONE,PASSENGER,PERSONAL,W,STRAIGHT AHEAD,,,1,,,,,,,,Y,Y,Y,Y,Y,,,,,,REAR-RIGHT-CORNER,,,,,,,,,,,,,,,,,,,,,,,,,,,,,,,,,
2122301,aae29b7695a6f27cb4dd8b8e85bf696044eafe193c1ac5bfdbab27670895840de09771de8e63f1e232270a4ecf3c356b79e84bd504db5fa83be812780d8d9c4a,08/05/2025 06:00:00 PM,2,DRIVER,,2023216,,CHRYSLER,SEBRING,IL,2014,NONE,PASSENGER,PERSONAL,S,STRAIGHT AHEAD,,,1,,,,,Y,,,,,,,,,,,Y,,FRONT-RIGHT-CORNER,,,,,,,,,,,,,,,,,,,,,,,,,,,,,,,,,
2122302,aae29b7695a6f27cb4dd8b8e85bf696044eafe193c1ac5bfdbab27670895840de09771de8e63f1e232270a4ecf3c356b79e84bd504db5fa83be812780d8d9c4a,08/05/2025 06:00:00 PM,3,DRIVER,,2023221,,INFINITI,Q40,IL,2020,NONE,PASSENGER,PERSONAL,E,SLOW/STOP IN TRAFFIC,,,1,,,,,,,,,,,,,,Y,Y,,,FRONT-LEFT-CORNER,,,,,,,,,,,,,,,,,,,,,,,,,,,,,,,,,
2122270,e277bc570f280176b240a826c25760653c8c680a377747f7f3e07b6dc3f06b8f95a4d663464c9ea25e91c9bdb69bad26bfe65519d555fbded1fb481c1d4bc241,08/05/2025 05:56:00 PM,1,DRIVER,1,2023186,,MERCEDES-BENZ,GLC,IL,2017,UNKNOWN,PASSENGER,UNKNOWN/NA,S,NEGOTIATING A CURVE,Y,,2,,,,,Y,,,,,,,,,,Y,Y,,FRONT,,,,,,,,,,,,,,,,,,,,,,,,,,,,,,,,,
2122287,b339427cb68910c30290ec5e78e4bab5d3447576daa8bf5a953bbf9c171744841f5df63f830060794ba96418c8bd8e0457239f5ae2ad891df19e7ae0fe0cfd55,08/05/2025 05:55:00 PM,1,DRIVER,,2023191,,UNKNOWN,MOTORIZED,IL,,UNKNOWN,PASSENGER,UNKNOWN/NA,W,TURNING LEFT,,,1,,,,,,,,,,,,,,,,,Y,FRONT,,,,,,,,,,,,,,,,,,,,,,,,,,,,,,,,,
2122288,b339427cb68910c30290ec5e78e4bab5d3447576daa8bf5a953bbf9c171744841f5df63f830060794ba96418c8bd8e0457239f5ae2ad891df19e7ae0fe0cfd55,08/05/2025 05:55:00 PM,2,PEDESTRIAN,,,,,,,,,,,,,,,,,,,,,,,,,,,,,,,,,,,,,,,,,,,,,,,,,,,,,,,,,,,,,,,,,,
2122285,79e46da2a646265ccd6b3cc75b9db91bddad216510dc83b390bef9c7be586887036ef5f52a22a1580bd4f0dd6b769a86f827cffc2267c5ee42fb413478861d12,08/05/2025 05:49:00 PM,1,DRIVER,3,2023197,,FORD,FUSION,IL,2014,UNKNOWN,PASSENGER,PERSONAL,S,STRAIGHT AHEAD,Y,,4,,PRIVATE TOW,UNKNOWN,,,,,,,,Y,Y,Y,,,,,REAR-LEFT-CORNER,,,,,,,,,,,,,,,,,,,,,,,,,,,,,,,,,
2122286,79e46da2a646265ccd6b3cc75b9db91bddad216510dc83b390bef9c7be586887036ef5f52a22a1580bd4f0dd6b769a86f827cffc2267c5ee42fb413478861d12,08/05/2025 05:49:00 PM,2,DRIVER,,2023227,,HYUNDAI,KONA,IL,2023,UNKNOWN,SPORT UTILITY VEHICLE (SUV),PERSONAL,W,STRAIGHT AHEAD,,,1,,,,,,,,,,,,,,,,Y,,FRONT,,,,,,,,,,,,,,,,,,,,,,,,,,,,,,,,,
2122329,a7761d2f5d26c0c6850bfd7615f3db142fc15475e78586fd3fe6b65aee9e88e9bbaaf63965b76d05ab11ee1cf582ffce008f16df2075756603f04d1ef5e84576,08/05/2025 05:47:00 PM,1,DRIVER,,2023242,,DODGE,JOURNEY,IL,2016,NONE,SPORT UTILITY VEHICLE (SUV),PERSONAL,NW,STRAIGHT AHEAD,Y,,1,,OWNER,UNKNOWN,,Y,,,,,,,,,Y,Y,Y,,FRONT,,,,,,,,,,,,,,,,,,,,,,,,,,,,,,,,,
2122330,a7761d2f5d26c0c6850bfd7615f3db142fc15475e78586fd3fe6b65aee9e88e9bbaaf63965b76d05ab11ee1cf582ffce008f16df2075756603f04d1ef5e84576,08/05/2025 05:47:00 PM,2,DRIVER,2,2023246,,TOYOTA,HIGHLANDER,IL,2023,NONE,SPORT UTILITY VEHICLE (SUV),PERSONAL,S,STRAIGHT AHEAD,Y,,3,,OWNER,UNKNOWN,,,,,,,,,,Y,Y,Y,Y,,FRONT-LEFT-CORNER,,,,,,,,,,,,,,,,,,,,,,,,,,,,,,,,,
2124726,bafa5941c694e969b1bc4871013f283a5d4c2eb7cf5e89d87d2665694655d6f4f9a7ec59e312fd45f910a03e152915b8405dbef017c56421315e86d174ad7de7,08/05/2025 05:40:00 PM,1,DRIVER,,2025512,,NISSAN,NV200 COMPACT CARGO,IL,2018,NONE,PASSENGER,PERSONAL,E,ENTERING TRAFFIC LANE FROM PARKING,,,1,,,,Y,,,,,,,,,,,,,,NONE,,,,,,,,,,,,,,,,,,,,,,,,,,,,,,,,,
2124727,bafa5941c694e969b1bc4871013f283a5d4c2eb7cf5e89d87d2665694655d6f4f9a7ec59e312fd45f910a03e152915b8405dbef017c56421315e86d174ad7de7,08/05/2025 05:40:00 PM,2,DRIVER,,2025515,,TESLA,MODEL 3,IL,2023,NONE,PASSENGER,PERSONAL,NE,STRAIGHT AHEAD,,,1,,,,,Y,Y,Y,Y,Y,,,,,,,,,REAR-RIGHT-CORNER,,,,,,,,,,,,,,,,,,,,,,,,,,,,,,,,,
2122317,ec03f46534cdd86adb7657c8f86cfd45820531995f2b53e7eadd893cd136aae56b2f45e41039b6b907b09bcccf7d0d3c37a1b8a90ab4f129fc06ecdabbcf208c,08/05/2025 05:40:00 PM,1,DRIVER,,2023228,,DODGE,RAM 1500 PU,IN,2019,UNKNOWN,PICKUP,PERSONAL,N,BACKING,,,1,,,,,,,,,,,,,,,,,Y,REAR,,,,,,,,,,,,,,,,,,,,,,,,,,,,,,,,,
2122318,ec03f46534cdd86adb7657c8f86cfd45820531995f2b53e7eadd893cd136aae56b2f45e41039b6b907b09bcccf7d0d3c37a1b8a90ab4f129fc06ecdabbcf208c,08/05/2025 05:40:00 PM,2,PARKED,,2023230,,BMW,X3,IL,2020,NONE,SPORT UTILITY VEHICLE (SUV),PERSONAL,W,PARKED,,,0,,,,,,,,,,,,,,Y,Y,,,FRONT-LEFT-CORNER,,,,,,,,,,,,,,,,,,,,,,,,,,,,,,,,,
2122250,d44a15ab44f1862415fd71ab84f8fd2dbb75507fbbbdb853cb705e6187b226b45fe42c52ad351973a7583d56e419cea6543dbc08cd83fc236ab0ed7bf69157df,08/05/2025 05:37:00 PM,1,DRIVER,1,2023171,,HONDA,CR-V,IL,2004,NONE,SPORT UTILITY VEHICLE (SUV),PERSONAL,N,STRAIGHT AHEAD,Y,,2,,,,,,,,,,,,,Y,Y,Y,,,SIDE-LEFT-FRONT,,,,,,,,,,,,,,,,,,,,,,,,,,,,,,,,,
2122251,d44a15ab44f1862415fd71ab84f8fd2dbb75507fbbbdb853cb705e6187b226b45fe42c52ad351973a7583d56e419cea6543dbc08cd83fc236ab0ed7bf69157df,08/05/2025 05:37:00 PM,2,DRIVER,,2023190,,HONDA,ODYSSEY,IL,2007,NONE,VAN/MINI-VAN,PERSONAL,SW,STRAIGHT AHEAD,,,1,,,,,Y,,,,,,,,,,Y,Y,,FRONT,,,,,,,,,,,,,,,,,,,,,,,,,,,,,,,,,
2122248,ef31d03a6a6f2dd07726ecad39915fbee64577ac6acc9d5baf3276c566e13100ccf218376ea57184b91153364ea7a3de5ac6afd18099d05ab67df5c329c36cc8,08/05/2025 05:35:00 PM,1,DRIVER,,2023163,,HONDA,CR-V,IL,2016,UNKNOWN,PASSENGER,PERSONAL,N,STRAIGHT AHEAD,,,1,,,,,,,,,,,,,,,,Y,,FRONT,,,,,,,,,,,,,,,,,,,,,,,,,,,,,,,,,
2122249,ef31d03a6a6f2dd07726ecad39915fbee64577ac6acc9d5baf3276c566e13100ccf218376ea57184b91153364ea7a3de5ac6afd18099d05ab67df5c329c36cc8,08/05/2025 05:35:00 PM,2,DRIVER,2,2023165,,MERCEDES-BENZ,C250,IL,2014,UNKNOWN,PASSENGER,RIDESHARE SERVICE,N,STRAIGHT AHEAD,,,3,,,,,,,,,Y,Y,Y,,,,,,,REAR,,,,,,,,,,,,,,,,,,,,,,,,,,,,,,,,,
2122353,0967d72ac77b7279873d40bfdee66798e776d3acdfd71badb468a1bedbedf764718a9288569a80354d51d059b139df67fec7d660310e68c7a021ba1861f39f31,08/05/2025 05:30:00 PM,1,DRIVER,,2023267,,KIA,SOUL,IL,2015,NONE,PASSENGER,PERSONAL,N,STRAIGHT AHEAD,,,1,,,,,,,,,,,,,,,,Y,,FRONT,,,,,,,,,,,,,,,,,,,,,,,,,,,,,,,,,
2122354,0967d72ac77b7279873d40bfdee66798e776d3acdfd71badb468a1bedbedf764718a9288569a80354d51d059b139df67fec7d660310e68c7a021ba1861f39f31,08/05/2025 05:30:00 PM,2,DRIVER,1,2023274,,TOYOTA,RAV4,WI,2024,NONE,SPORT UTILITY VEHICLE (SUV),PERSONAL,N,SLOW/STOP IN TRAFFIC,,,2,,,,,,,,,,Y,,,,,,,,REAR,,,,,,,,,,,,,,,,,,,,,,,,,,,,,,,,,
2123067,9d950bd567f067e93923aea6411dfff1bcf341efca7407bb3a6a08e52ccf5f24e12b523b5d511d289cb84799b85e92c12458c1fcca92be73dfcd549b77a7ad4b,08/05/2025 05:30:00 PM,1,DRIVER,,2023935,,HYUNDAI,SONATA,IL,2009,NONE,PASSENGER,PERSONAL,N,SLOW/STOP IN TRAFFIC,,,1,,,,Y,,,,,,N,,,,,,,,FRONT,,,,,,,,,,,,,,,,,,,,,,,,,,,,,,,,,
2123068,9d950bd567f067e93923aea6411dfff1bcf341efca7407bb3a6a08e52ccf5f24e12b523b5d511d289cb84799b85e92c12458c1fcca92be73dfcd549b77a7ad4b,08/05/2025 05:30:00 PM,2,DRIVER,,2023942,,JEEP,CHEROKEE,IL,2017,NONE,SPORT UTILITY VEHICLE (SUV),PERSONAL,N,SLOW/STOP IN TRAFFIC,,,1,,,,,,,,,,Y,,,,,,,,REAR,,,,,,,,,,,,,,,,,,,,,,,,,,,,,,,,,
2122293,9ff95280e289e6a4772ad088f06f922745f674fdd05e36f856866b41544f5b4747ea0c5ada88b685f13fba4665a7ad6b98b4eac1fc5106318ca7302a9d5b0ffb,08/05/2025 05:30:00 PM,1,DRIVER,,2023207,,DODGE,RAM 1500 PU,IL,2003,UNKNOWN,PICKUP,PERSONAL,W,STRAIGHT AHEAD,,,1,,,,,,,,,,,,,,,,Y,,FRONT,,,,,,,,,,,,,,,,,,,,,,,,,,,,,,,,,
2122294,9ff95280e289e6a4772ad088f06f922745f674fdd05e36f856866b41544f5b4747ea0c5ada88b685f13fba4665a7ad6b98b4eac1fc5106318ca7302a9d5b0ffb,08/05/2025 05:30:00 PM,2,DRIVER,2,2023218,,TOYOTA,MATRIX,IL,2008,UNKNOWN,SPORT UTILITY VEHICLE (SUV),PERSONAL,W,STRAIGHT AHEAD,,,3,,,,,,,,,,Y,,,,,,Y,,OTHER,,,,,,,,,,,,,,,,,,,,,,,,,,,,,,,,,
2122295,9ff95280e289e6a4772ad088f06f922745f674fdd05e36f856866b41544f5b4747ea0c5ada88b685f13fba4665a7ad6b98b4eac1fc5106318ca7302a9d5b0ffb,08/05/2025 05:30:00 PM,3,DRIVER,,2023229,,TOYOTA,RAV4,IL,2021,UNKNOWN,SPORT UTILITY VEHICLE (SUV),PERSONAL,W,STRAIGHT AHEAD,,,1,,,,,,,,,,Y,,,,,,,,REAR,,,,,,,,,,,,,,,,,,,,,,,,,,,,,,,,,
2122769,a7028dc4e36a17d29afedf8dea499ea135fa44b9d31c8a14f20ea24f2979e87601d0cfb8f0511e36e9ed288dad011135cbaf517ea62c022a1acde83da117dc26,08/05/2025 05:30:00 PM,1,DRIVER,,2023664,,UNKNOWN,ENGINE,IL,,UNKNOWN,PASSENGER,UNKNOWN/NA,S,ENTERING TRAFFIC LANE FROM PARKING,,,1,,,,,,,,,,Y,,,,,,,,REAR,,,,,,,,,,,,,,,,,,,,,,,,,,,,,,,,,
2122770,a7028dc4e36a17d29afedf8dea499ea135fa44b9d31c8a14f20ea24f2979e87601d0cfb8f0511e36e9ed288dad011135cbaf517ea62c022a1acde83da117dc26,08/05/2025 05:30:00 PM,2,DRIVER,,2023670,,DODGE,GRAND CARAVAN,IL,2020,NONE,VAN/MINI-VAN,PERSONAL,N,STRAIGHT AHEAD,,,1,,,,,,,,,,,,,,,,Y,,FRONT,,,,,,,,,,,,,,,,,,,,,,,,,,,,,,,,,
2122242,dae6f58d5d1d046ea32849997eadb6dcdce02f0ae40d6caa1d7e11060514be9d4c63d28156cac945631e497be3e7c405a761a22b0aafde37a81d4c0f6ee47424,08/05/2025 05:30:00 PM,1,DRIVER,,2023157,,DODGE,OTHER (EXPLAIN IN NARRATIVE),IL,1983,NONE,PASSENGER,PERSONAL,UNKNOWN,BACKING,,,1,,,,,,,,Y,Y,,,,,,,,,REAR-RIGHT-CORNER,,,,,,,,,,,,,,,,,,,,,,,,,,,,,,,,,
2122243,dae6f58d5d1d046ea32849997eadb6dcdce02f0ae40d6caa1d7e11060514be9d4c63d28156cac945631e497be3e7c405a761a22b0aafde37a81d4c0f6ee47424,08/05/2025 05:30:00 PM,2,DRIVER,,2023161,,FORD,RANGER,IL,2007,NONE,PICKUP,PERSONAL,UNKNOWN,STRAIGHT AHEAD,,,1,,,,,,,,,,,,,,Y,Y,Y,,FRONT-LEFT-CORNER,,,,,,,,,,,,,,,,,,,,,,,,,,,,,,,,,
2122775,e396c2f039bf932ebfe863a443ef2577cb42a23852e436b9c25877e940063b76d7d1d478db3f7d73b7f0ed4c2b9e38c79e153eb80d6d7968d1758119483c619f,08/05/2025 05:30:00 PM,1,DRIVER,,2023661,,MAZDA,MAZDA3,IL,2013,NONE,PASSENGER,PERSONAL,E,LEAVING TRAFFIC LANE TO PARK,,,1,,,,Y,,,,,,,,,,,,,,SIDE-RIGHT,,,,,,,,,,,,,,,,,,,,,,,,,,,,,,,,,
2122776,e396c2f039bf932ebfe863a443ef2577cb42a23852e436b9c25877e940063b76d7d1d478db3f7d73b7f0ed4c2b9e38c79e153eb80d6d7968d1758119483c619f,08/05/2025 05:30:00 PM,2,PARKED,,2023669,,LEXUS,NX,IL,2025,NONE,PASSENGER,PERSONAL,E,PARKED,,,0,,,,,,,,,,,,,,,Y,,,FRONT-LEFT-CORNER,,,,,,,,,,,,,,,,,,,,,,,,,,,,,,,,,
2126405,fc98108468c31f2d08ea9b49f069c05e67cd87bce0febf7b86c908dff4a8407ba52bcf9e2abe0a309519296f7f846a5ecebd2b688be98b77e928a390d0629574,08/05/2025 05:30:00 PM,1,DRIVER,1,2027092,,BUICK,RAINIER,IL,2004,UNKNOWN,PASSENGER,PERSONAL,S,TURNING LEFT,,,2,,,,,Y,Y,Y,,,,,,,,,,,REAR-RIGHT-CORNER,,,,,,,,,,,,,,,,,,,,,,,,,,,,,,,,,
2126406,fc98108468c31f2d08ea9b49f069c05e67cd87bce0febf7b86c908dff4a8407ba52bcf9e2abe0a309519296f7f846a5ecebd2b688be98b77e928a390d0629574,08/05/2025 05:30:00 PM,2,DRIVER,,2027093,,DODGE,CHARGER,IL,2018,NONE,PASSENGER,PERSONAL,S,STRAIGHT AHEAD,,,1,,,,,Y,Y,Y,Y,Y,,Y,Y,,,Y,Y,,REAR-LEFT-CORNER,,,,,,,,,,,,,,,,,,,,,,,,,,,,,,,,,
2126407,fc98108468c31f2d08ea9b49f069c05e67cd87bce0febf7b86c908dff4a8407ba52bcf9e2abe0a309519296f7f846a5ecebd2b688be98b77e928a390d0629574,08/05/2025 05:30:00 PM,3,PARKED,,2027094,,CHEVROLET,TAHOE,IL,2005,NONE,PASSENGER,NOT IN USE,UNKNOWN,PARKED,,,0,,,,,,,,,,,,,,Y,Y,,,FRONT-LEFT-CORNER,,,,,,,,,,,,,,,,,,,,,,,,,,,,,,,,,