CRASH_UNIT_ID,CRASH_RECORD_ID,CRASH_DATE,UNIT_NO,UNIT_TYPE,NUM_PASSENGERS,VEHICLE_ID,CMRC_VEH_I,MAKE,MODEL,LIC_PLATE_STATE,VEHICLE_YEAR,VEHICLE_DEFECT,VEHICLE_TYPE,VEHICLE_USE,TRAVEL_DIRECTION,MANEUVER,TOWED_I,FIRE_I,OCCUPANT_CNT,EXCEED_SPEED_LIMIT_I,TOWED_BY,TOWED_TO,AREA_00_I,AREA_01_I,AREA_02_I,AREA_03_I,AREA_04_I,AREA_05_I,AREA_06_I,AREA_07_I,AREA_08_I,AREA_09_I,AREA_10_I,AREA_11_I,AREA_12_I,AREA_99_I,FIRST_CONTACT_POINT,CMV_ID,USDOT_NO,CCMC_NO,ILCC_NO,COMMERCIAL_SRC,GVWR,CARRIER_NAME,CARRIER_STATE,CARRIER_CITY,HAZMAT_PLACARDS_I,HAZMAT_NAME,UN_NO,HAZMAT_PRESENT_I,HAZMAT_REPORT_I,HAZMAT_REPORT_NO,MCS_REPORT_I,MCS_REPORT_NO,HAZMAT_VIO_CAUSE_CRASH_I,MCS_VIO_CAUSE_CRASH_I,IDOT_PERMIT_NO,WIDE_LOAD_I,TRAILER1_WIDTH,TRAILER2_WIDTH,TRAILER1_LENGTH,TRAILER2_LENGTH,TOTAL_VEHICLE_LENGTH,AXLE_CNT,VEHICLE_CONFIG,CARGO_BODY_TYPE,LOAD_TYPE,HAZMAT_OUT_OF_SERVICE_I,MCS_OUT_OF_SERVICE_I,HAZMAT_CLASS
2126408,fc98108468c31f2d08ea9b49f069c05e67cd87bce0febf7b86c908dff4a8407ba52bcf9e2abe0a309519296f7f846a5ecebd2b688be98b77e928a390d0629574,08/05/2025 05:30:00 PM,4,PARKED,,2027095,,CADILLAC,DTS,TN,2007,NONE,PASSENGER,NOT IN USE,UNKNOWN,PARKED,,,0,,,,,,,,,,,Y,Y,Y,,,,,REAR-LEFT-CORNER,,,,,,,,,,,,,,,,,,,,,,,,,,,,,,,,,
2122236,64da1c47de6ebf1aa11904bf97a9b888623760604aa53de5b9b801ef9ecb2ae6beaf4bf1e546a40665a96c997fb54b116d38a69bcd8d11ac9d2b1432716d7640,08/05/2025 05:20:00 PM,1,DRIVER,,2023146,,FORD,EXPLORER,IL,2006,NONE,SPORT UTILITY VEHICLE (SUV),PERSONAL,S,STRAIGHT AHEAD,,,1,,,,,Y,Y,,,,,,,,,,,,FRONT-RIGHT-CORNER,,,,,,,,,,,,,,,,,,,,,,,,,,,,,,,,,
2122237,64da1c47de6ebf1aa11904bf97a9b888623760604aa53de5b9b801ef9ecb2ae6beaf4bf1e546a40665a96c997fb54b116d38a69bcd8d11ac9d2b1432716d7640,08/05/2025 05:20:00 PM,2,DRIVER,,2023151,,NISSAN,ARMADA,IL,2007,NONE,SPORT UTILITY VEHICLE (SUV),PERSONAL,S,AVOIDING VEHICLES/OBJECTS,,,1,,,,,,,,,,,Y,,,,,,,REAR-LEFT-CORNER,,,,,,,,,,,,,,,,,,,,,,,,,,,,,,,,,
2122532,52aae0fb4b9821cb2b50efeec5b0836568b948e96ba118c5ebb69e8c0d539588452ed55b54009a3af0b3e184f0d30c457ae0c366ad3a0dd7401b97cf65117aa3,08/05/2025 05:17:00 PM,1,DRIVER,,2023428,,CHEVROLET,MALIBU,IL,,UNKNOWN,PASSENGER,UNKNOWN/NA,N,CHANGING LANES,,,1,,,,,,,,,,,,,,Y,Y,,,FRONT-RIGHT-CORNER,,,,,,,,,,,,,,,,,,,,,,,,,,,,,,,,,
2122533,52aae0fb4b9821cb2b50efeec5b0836568b948e96ba118c5ebb69e8c0d539588452ed55b54009a3af0b3e184f0d30c457ae0c366ad3a0dd7401b97cf65117aa3,08/05/2025 05:17:00 PM,2,DRIVER,,2023436,,HONDA,ACCORD,IL,2015,NONE,PASSENGER,PERSONAL,N,STRAIGHT AHEAD,,,1,,,,,,,,Y,Y,,,,,,,,,REAR-RIGHT-CORNER,,,,,,,,,,,,,,,,,,,,,,,,,,,,,,,,,
2122307,a26c5f25dbbbbb597f12ef99db8790166895dbf213ba2d17e2561748009bcbbb82560ed574a1f1bade3f79f102f7e8e13b30022ee6f830ef4930f3fcc247bd11,08/05/2025 05:07:00 PM,1,DRIVER,,2023214,,FORD,FOCUS,IL,2014,UNKNOWN,UNKNOWN/NA,UNKNOWN/NA,UNKNOWN,STRAIGHT AHEAD,,,1,,,,,,,,,,,,,,,,,Y,UNKNOWN,,,,,,,,,,,,,,,,,,,,,,,,,,,,,,,,,
2122308,a26c5f25dbbbbb597f12ef99db8790166895dbf213ba2d17e2561748009bcbbb82560ed574a1f1bade3f79f102f7e8e13b30022ee6f830ef4930f3fcc247bd11,08/05/2025 05:07:00 PM,2,DRIVER,,2023236,,KIA,SORENTO,IL,2020,UNKNOWN,PASSENGER,PERSONAL,W,STRAIGHT AHEAD,,,1,,,,,,Y,Y,Y,,,,,,,,,,SIDE-RIGHT,,,,,,,,,,,,,,,,,,,,,,,,,,,,,,,,,
2122264,0358658e8009850199d3c2c90f1b7905f70e47822b48032311cc05205b522bf13afe3dd4582cc970df79111ffef4d2344ccb1bbebff75aee72f6d7399c751804,08/05/2025 05:00:00 PM,1,DRIVER,,2023185,,BMW,328I,IL,2012,NONE,PASSENGER,PERSONAL,E,DRIVING WRONG WAY,Y,,1,,unknown,unknown,,,,,,,,,,,,Y,Y,,FRONT-LEFT-CORNER,,,,,,,,,,,,,,,,,,,,,,,,,,,,,,,,,
2122265,0358658e8009850199d3c2c90f1b7905f70e47822b48032311cc05205b522bf13afe3dd4582cc970df79111ffef4d2344ccb1bbebff75aee72f6d7399c751804,08/05/2025 05:00:00 PM,2,DRIVER,,2023202,,FORD,EXPLORER,IL,2023,NONE,PASSENGER,PERSONAL,W,STRAIGHT AHEAD,Y,,1,,unknown,unknown,,Y,,,,,,,Y,,,,,,SIDE-LEFT-REAR,,,,,,,,,,,,,,,,,,,,,,,,,,,,,,,,,
2122258,31b482b0a3137a807396c13143892524394dfea912e2359d3834ec8ae5ad14de3abc42b6bdb88468d8954396fe03abaf6372ecf627bdfd43d80ff7223cf81017,08/05/2025 05:00:00 PM,1,DRIVER,,2023169,,KIA,OTHER (EXPLAIN IN NARRATIVE),IN,,UNKNOWN,PASSENGER,PERSONAL,UNKNOWN,STRAIGHT AHEAD,,,1,,,,,Y,Y,,,,,,,,,,,,FRONT-RIGHT-CORNER,,,,,,,,,,,,,,,,,,,,,,,,,,,,,,,,,
2122259,31b482b0a3137a807396c13143892524394dfea912e2359d3834ec8ae5ad14de3abc42b6bdb88468d8954396fe03abaf6372ecf627bdfd43d80ff7223cf81017,08/05/2025 05:00:00 PM,2,DRIVER,,2023177,,HONDA,ACCORD,TN,2013,UNKNOWN,PASSENGER,PERSONAL,UNKNOWN,STRAIGHT AHEAD,,,1,,,,,,,,,,,Y,Y,,,,,,REAR-LEFT-CORNER,,,,,,,,,,,,,,,,,,,,,,,,,,,,,,,,,
2122374,bc29a3ed5226115ac09d712b3df321915bd76e943709e88e05dd46aec7d88451b78aaac8eefd9e9533c85ee4dd47ec36b492aeaf28c8adc501387bb795552183,08/05/2025 05:00:00 PM,1,DRIVER,,2023280,,CHEVROLET,IMPALA,IL,2006,UNKNOWN,PASSENGER,UNKNOWN/NA,E,CHANGING LANES,,,1,,,,,Y,Y,,,,,,,,,,,,FRONT-RIGHT-CORNER,,,,,,,,,,,,,,,,,,,,,,,,,,,,,,,,,
2122375,bc29a3ed5226115ac09d712b3df321915bd76e943709e88e05dd46aec7d88451b78aaac8eefd9e9533c85ee4dd47ec36b492aeaf28c8adc501387bb795552183,08/05/2025 05:00:00 PM,2,DRIVER,1,2023282,,FORD,F150,IL,2017,UNKNOWN,PICKUP,PERSONAL,E,STRAIGHT AHEAD,,,2,,,,,,,,,,,,,,Y,Y,,,FRONT-LEFT-CORNER,,,,,,,,,,,,,,,,,,,,,,,,,,,,,,,,,
2122192,c064f8dff220b7b1a8be86806278ceabfaa4b158afb940b2f9eb91090656598241000a776c8ab07659dea8d04de35e94401407eaee6867b9e58780cf0d561636,08/05/2025 05:00:00 PM,1,DRIVER,,2023098,,UNKNOWN,MOTORIZED,IL,,UNKNOWN,PASSENGER,PERSONAL,E,STRAIGHT AHEAD,,,1,,,,,,,,,,,,,,,,Y,,FRONT,,,,,,,,,,,,,,,,,,,,,,,,,,,,,,,,,
2122193,c064f8dff220b7b1a8be86806278ceabfaa4b158afb940b2f9eb91090656598241000a776c8ab07659dea8d04de35e94401407eaee6867b9e58780cf0d561636,08/05/2025 05:00:00 PM,2,DRIVER,,2023116,,BUICK,LACROSSE,IL,2010,UNKNOWN,PASSENGER,PERSONAL,E,STRAIGHT AHEAD,,,1,,,,,,,,,Y,Y,,,,,,,,REAR,,,,,,,,,,,,,,,,,,,,,,,,,,,,,,,,,
2122787,f22c49030152c260ce189d94bdfa7b78a9e0305f4bb28ed0c29cfe571ab004c8ab3f5f9038212a6d3bb8fbaab2fc3f019196c2b062e6c382f6c949d60ef69070,08/05/2025 05:00:00 PM,1,DRIVER,,2023668,,UNKNOWN,MOTORIZED,,,UNKNOWN,UNKNOWN/NA,UNKNOWN/NA,UNKNOWN,UNKNOWN/NA,,,1,,,,,,,,,,,,,,,,,Y,UNKNOWN,,,,,,,,,,,,,,,,,,,,,,,,,,,,,,,,,
2122788,f22c49030152c260ce189d94bdfa7b78a9e0305f4bb28ed0c29cfe571ab004c8ab3f5f9038212a6d3bb8fbaab2fc3f019196c2b062e6c382f6c949d60ef69070,08/05/2025 05:00:00 PM,2,PARKED,,2023673,,JEEP,CHEROKEE,IL,2016,NONE,PASSENGER,PERSONAL,S,PARKED,,,0,,,,,,,Y,,,,,,,,,,,SIDE-RIGHT-FRONT,,,,,,,,,,,,,,,,,,,,,,,,,,,,,,,,,
2122238,b0b2f3af96599ecd35f631d10cd3807d677767bc5e9a2ebe3eb35a96e422a2f46a99e4504d003306802ec4b477e9744124fb0aae8aee76b9459f3a0a4e569f3f,08/05/2025 04:55:00 PM,1,PEDESTRIAN,,,,,,,,,,,,,,,,,,,,,,,,,,,,,,,,,,,,,,,,,,,,,,,,,,,,,,,,,,,,,,,,,,
2122239,b0b2f3af96599ecd35f631d10cd3807d677767bc5e9a2ebe3eb35a96e422a2f46a99e4504d003306802ec4b477e9744124fb0aae8aee76b9459f3a0a4e569f3f,08/05/2025 04:55:00 PM,2,DRIVER,,2023148,,MAZDA,CX-9,IL,2019,NONE,PASSENGER,PERSONAL,W,STRAIGHT AHEAD,,,1,,,,,,,,,,,Y,Y,Y,,,,,SIDE-LEFT,,,,,,,,,,,,,,,,,,,,,,,,,,,,,,,,,
2122339,750f477921c43db116807fc075f00ec086ed7303cbf3b39cc3447d3f071e2bab3d66857667a6e5dff6e9177f9e67313d6ef56eda4c6d842ef397a5369c026892,08/05/2025 04:50:00 PM,1,DRIVER,,2023252,,FORD,F250,IL,1998,NONE,TRUCK - SINGLE UNIT,PERSONAL,W,PASSING/OVERTAKING,,,1,,,,,,Y,,,,,,,,,,,,SIDE-RIGHT,,,,,,,,,,,,,,,,,,,,,,,,,,,,,,,,,
2122340,750f477921c43db116807fc075f00ec086ed7303cbf3b39cc3447d3f071e2bab3d66857667a6e5dff6e9177f9e67313d6ef56eda4c6d842ef397a5369c026892,08/05/2025 04:50:00 PM,2,DRIVER,,2023256,,NEW FLYER,OTHER (EXPLAIN IN NARRATIVE),IL,2007,NONE,BUS OVER 15 PASS.,CTA,W,STRAIGHT AHEAD,,,1,,,,,,,,,,,,,,Y,,,,SIDE-RIGHT,,,,,,,,,,,,,,,,,,,,,,,,,,,,,,,,,
2122227,c9273c4320004559d47055ad9678e663e964d30091bdc0cf57ad970e872bdf406bf7efcdd7465ee16c37904005ba537339171f85bdf53f0c8494826eb3673790,08/05/2025 04:50:00 PM,1,DRIVER,1,2023158,,NISSAN,ROGUE,IL,2015,NONE,SPORT UTILITY VEHICLE (SUV),PERSONAL,SW,TURNING LEFT,,,2,,,,,,,,,,,,,,,,Y,,FRONT,,,,,,,,,,,,,,,,,,,,,,,,,,,,,,,,,
2122228,c9273c4320004559d47055ad9678e663e964d30091bdc0cf57ad970e872bdf406bf7efcdd7465ee16c37904005ba537339171f85bdf53f0c8494826eb3673790,08/05/2025 04:50:00 PM,2,DRIVER,,2023162,,HONDA,CIVIC,VA,2016,NONE,PASSENGER,PERSONAL,S,STRAIGHT AHEAD,,,1,,,,,,,,,,,,Y,Y,Y,,,,SIDE-LEFT,,,,,,,,,,,,,,,,,,,,,,,,,,,,,,,,,
2122256,c4c1d0106405f757e2de5e8a708ef29d6b1fb912c081c85b649b35f8c7d4f59c32bb7a9cbee29d256f596c1688dd7e8acd08d37bce9e550f81927a92c38394be,08/05/2025 04:49:00 PM,1,DRIVER,,2023168,,UNKNOWN,OTHER (EXPLAIN IN NARRATIVE),IL,,UNKNOWN,UNKNOWN/NA,UNKNOWN/NA,W,UNKNOWN/NA,,,1,,,,,,,,,,,,,,,,,Y,UNKNOWN,,,,,,,,,,,,,,,,,,,,,,,,,,,,,,,,,
2122257,c4c1d0106405f757e2de5e8a708ef29d6b1fb912c081c85b649b35f8c7d4f59c32bb7a9cbee29d256f596c1688dd7e8acd08d37bce9e550f81927a92c38394be,08/05/2025 04:49:00 PM,2,PARKED,,2023175,,DODGE,CHARGER,IL,2014,NONE,PASSENGER,PERSONAL,W,PARKED,,,0,,,,,,,,,,Y,Y,,,,,,,REAR,,,,,,,,,,,,,,,,,,,,,,,,,,,,,,,,,
2122252,6bfac8c768b60e0fd0100d74804e5d2c1cd3192edfb16b36d1c2bf236e237f5241bfaf71f699d4a5e0252ff9529cc28d46ac1f9c1eeb286ff59930a7ade7aedc,08/05/2025 04:46:00 PM,1,DRIVER,,2023167,,INFINITI,Q40,IL,2015,UNKNOWN,PASSENGER,UNKNOWN/NA,N,STRAIGHT AHEAD,,,1,,,,,,,Y,Y,Y,,,,,,,,,SIDE-RIGHT,,,,,,,,,,,,,,,,,,,,,,,,,,,,,,,,,
2122253,6bfac8c768b60e0fd0100d74804e5d2c1cd3192edfb16b36d1c2bf236e237f5241bfaf71f699d4a5e0252ff9529cc28d46ac1f9c1eeb286ff59930a7ade7aedc,08/05/2025 04:46:00 PM,2,DRIVER,,2023178,,TOYOTA,CAMRY,IL,2007,UNKNOWN,PASSENGER,PERSONAL,W,STRAIGHT AHEAD,,,1,,,,,,,,,,,,,,,,Y,,FRONT,,,,,,,,,,,,,,,,,,,,,,,,,,,,,,,,,
2122357,bc949b8159d3b8065ec162f9c426de1fd4db64cb82a459b142c5615351469af5d1aadeec88211c1b20a0dd5eccc4d60b1ebd13b1f4de25318dcaaf501d075faf,08/05/2025 04:45:00 PM,1,DRIVER,,2023268,,TOYOTA,COROLLA,IL,2024,NONE,PASSENGER,PERSONAL,E,TURNING RIGHT,,,1,,,,,,,,,,,,,,,,,,FRONT,,,,,,,,,,,,,,,,,,,,,,,,,,,,,,,,,
2122358,bc949b8159d3b8065ec162f9c426de1fd4db64cb82a459b142c5615351469af5d1aadeec88211c1b20a0dd5eccc4d60b1ebd13b1f4de25318dcaaf501d075faf,08/05/2025 04:45:00 PM,2,PEDESTRIAN,,,,,,,,,,,,,,,,,,,,,,,,,,,,,,,,,,,,,,,,,,,,,,,,,,,,,,,,,,,,,,,,,,
2122359,bc949b8159d3b8065ec162f9c426de1fd4db64cb82a459b142c5615351469af5d1aadeec88211c1b20a0dd5eccc4d60b1ebd13b1f4de25318dcaaf501d075faf,08/05/2025 04:45:00 PM,3,NON-MOTOR VEHICLE,,,,,,,,,,,,,,,,,,,,,,,,,,,,,,,,,,,,,,,,,,,,,,,,,,,,,,,,,,,,,,,,,,
2124383,50941edd5211bb98a3a0f7a33008576cc0e88dd8564a2d44b1ec3dee0a6b6d55a5e4cff0cc53673f7348a354c911ec6d5c019ed9f8ff3ac92ea62621e7c9a593,08/05/2025 04:40:00 PM,1,DRIVER,,2025168,,UNKNOWN,OTHER (EXPLAIN IN NARRATIVE),,,UNKNOWN,UNKNOWN/NA,UNKNOWN/NA,UNKNOWN,UNKNOWN/NA,,,1,,,,,,,,,,,,,,,,,Y,UNKNOWN,,,,,,,,,,,,,,,,,,,,,,,,,,,,,,,,,
2124384,50941edd5211bb98a3a0f7a33008576cc0e88dd8564a2d44b1ec3dee0a6b6d55a5e4cff0cc53673f7348a354c911ec6d5c019ed9f8ff3ac92ea62621e7c9a593,08/05/2025 04:40:00 PM,2,PARKED,,2025172,,MAZDA,MX-5,WA,2007,NONE,PASSENGER,PERSONAL,S,PARKED,,,0,,,,,,,,,,,Y,Y,Y,Y,Y,,,SIDE-LEFT,,,,,,,,,,,,,,,,,,,,,,,,,,,,,,,,,
2122207,7c74ceddc8f6e1e6cbf11f83815eb3c44d5da9c94ea057a226e809114986c9c740ddf7f68e08fa676f92e202b64ef16d6d01118f54aa1d25f9579c35295fd42a,08/05/2025 04:40:00 PM,1,DRIVER,,2023119,,UNKNOWN,OTHER (EXPLAIN IN NARRATIVE),,,UNKNOWN,UNKNOWN/NA,UNKNOWN/NA,UNKNOWN,UNKNOWN/NA,,,1,,,,,,,,,,,,,,,,,,UNKNOWN,,,,,,,,,,,,,,,,,,,,,,,,,,,,,,,,,
2122216,7c74ceddc8f6e1e6cbf11f83815eb3c44d5da9c94ea057a226e809114986c9c740ddf7f68e08fa676f92e202b64ef16d6d01118f54aa1d25f9579c35295fd42a,08/05/2025 04:40:00 PM,2,PEDESTRIAN,,,,,,,,,,,,,,,,,,,,,,,,,,,,,,,,,,,,,,,,,,,,,,,,,,,,,,,,,,,,,,,,,,
2122217,2756f476c4130cbfd8c2c32e5117dd49fdf9b943178bdb1132fc88e1cad99e324f4279688774e6b779abb83cf3ba5620db848fcd1ac49ed08b3faae69dd2d5e5,08/05/2025 04:37:00 PM,1,DRIVER,,2023127,,UNKNOWN,OTHER (EXPLAIN IN NARRATIVE),IL,,UNKNOWN,UNKNOWN/NA,UNKNOWN/NA,N,STRAIGHT AHEAD,,,1,,,,,,,,,,,,,,,,,,FRONT-RIGHT-CORNER,,,,,,,,,,,,,,,,,,,,,,,,,,,,,,,,,
2122218,2756f476c4130cbfd8c2c32e5117dd49fdf9b943178bdb1132fc88e1cad99e324f4279688774e6b779abb83cf3ba5620db848fcd1ac49ed08b3faae69dd2d5e5,08/05/2025 04:37:00 PM,2,DRIVER,,2023132,,CHEVROLET,TRAIL BLAZER,IL,2003,NONE,SPORT UTILITY VEHICLE (SUV),PERSONAL,N,STRAIGHT AHEAD,,,1,,,,,,,,,,,,,Y,Y,Y,,,FRONT-LEFT-CORNER,,,,,,,,,,,,,,,,,,,,,,,,,,,,,,,,,
2122291,02068ec5a7f2e7812da8be486c083c6d59200cd525752d0423ff3e6f15405f6933e8f2372bbbe8cae41aed3c74ec6dca4ba0d5f726354257287843f2fe90357f,08/05/2025 04:30:00 PM,1,DRIVER,,2023195,,BMW,328I,IN,2013,NONE,PASSENGER,PERSONAL,S,STRAIGHT AHEAD,,,1,,,,,Y,Y,Y,Y,Y,,,,,,,,,SIDE-RIGHT,,,,,,,,,,,,,,,,,,,,,,,,,,,,,,,,,
2122292,02068ec5a7f2e7812da8be486c083c6d59200cd525752d0423ff3e6f15405f6933e8f2372bbbe8cae41aed3c74ec6dca4ba0d5f726354257287843f2fe90357f,08/05/2025 04:30:00 PM,2,DRIVER,,2023198,,TESLA,MODEL 3,IL,2022,NONE,PASSENGER,PERSONAL,S,TURNING RIGHT,,,1,,,,,,,,,,,,,Y,Y,Y,,,SIDE-LEFT,,,,,,,,,,,,,,,,,,,,,,,,,,,,,,,,,
2123479,21d65280296bb8cac974e50f574eb5d7fcde0f0ed5f497f35cf65b89d475a60a1c233298c703a98fa446936feba673599ad56fbdfa3e17f2b42c1e6e905896a9,08/05/2025 04:30:00 PM,1,DRIVER,,2024312,,BMW,X3,IA,2019,UNKNOWN,SPORT UTILITY VEHICLE (SUV),UNKNOWN/NA,N,STRAIGHT AHEAD,,,1,,,,,,,,,,,,,,,Y,,,FRONT-LEFT-CORNER,,,,,,,,,,,,,,,,,,,,,,,,,,,,,,,,,
2123480,21d65280296bb8cac974e50f574eb5d7fcde0f0ed5f497f35cf65b89d475a60a1c233298c703a98fa446936feba673599ad56fbdfa3e17f2b42c1e6e905896a9,08/05/2025 04:30:00 PM,2,DRIVER,,2024313,,CHEVROLET,COBALT,IL,2009,UNKNOWN,PASSENGER,PERSONAL,E,STRAIGHT AHEAD,,,1,,,,,Y,Y,,,,,,,,,,,,FRONT-RIGHT-CORNER,,,,,,,,,,,,,,,,,,,,,,,,,,,,,,,,,
2122254,d3c6a10ad790720016bcd0a118b1c4659eaa37e8160d261cbd05dc864e5ee86bd28bc496e564e190caeddc8327c757edc61fe7073768daadb1d62f09e16e4af4,08/05/2025 04:30:00 PM,1,DRIVER,1,2023172,,HONDA,CR-V,IL,2023,NONE,SPORT UTILITY VEHICLE (SUV),PERSONAL,W,PASSING/OVERTAKING,,,2,,,,,Y,,,,,,,,,,,,,FRONT-RIGHT-CORNER,,,,,,,,,,,,,,,,,,,,,,,,,,,,,,,,,
2122255,d3c6a10ad790720016bcd0a118b1c4659eaa37e8160d261cbd05dc864e5ee86bd28bc496e564e190caeddc8327c757edc61fe7073768daadb1d62f09e16e4af4,08/05/2025 04:30:00 PM,2,DRIVER,,2023182,,INFINITI,Q60,IL,2016,NONE,PASSENGER,PERSONAL,W,STRAIGHT AHEAD,,,1,,,,,,,,,,,,,,,Y,,,FRONT-LEFT-CORNER,,,,,,,,,,,,,,,,,,,,,,,,,,,,,,,,,
2122233,8d2b68f95625aa6db23e720330f311f7a39c21f4bddb4a365e546ce4914c0f97e7cb2597ee68e7857dc20d01b1ba04d1afac4e98b12da076413eb4bd054e8efb,08/05/2025 04:25:00 PM,1,DRIVER,,2023152,,TOYOTA,OTHER (EXPLAIN IN NARRATIVE),IL,2019,UNKNOWN,OTHER,TAXI/FOR HIRE,E,TURNING RIGHT,,,1,,,,,Y,,,,,,,,,,,Y,,FRONT-RIGHT-CORNER,,,,,,,,,,,,,,,,,,,,,,,,,,,,,,,,,
2122234,8d2b68f95625aa6db23e720330f311f7a39c21f4bddb4a365e546ce4914c0f97e7cb2597ee68e7857dc20d01b1ba04d1afac4e98b12da076413eb4bd054e8efb,08/05/2025 04:25:00 PM,2,PEDESTRIAN,,,,,,,,,,,,,,,,,,,,,,,,,,,,,,,,,,,,,,,,,,,,,,,,,,,,,,,,,,,,,,,,,,
2122235,8d2b68f95625aa6db23e720330f311f7a39c21f4bddb4a365e546ce4914c0f97e7cb2597ee68e7857dc20d01b1ba04d1afac4e98b12da076413eb4bd054e8efb,08/05/2025 04:25:00 PM,3,PEDESTRIAN,,,,,,,,,,,,,,,,,,,,,,,,,,,,,,,,,,,,,,,,,,,,,,,,,,,,,,,,,,,,,,,,,,
2122277,7cfb5bb8ab5d1c3620a30517b8e155028c0e1cb191783a60397b3e74d4ada6eeed7c65e8dbacccfb62f8216d5e1aebfea66ed2c0bbbfbc7bdbb6e0819d9700ec,08/05/2025 04:21:00 PM,2,DRIVER,1,2023196,,CHEVROLET,BLAZER,IL,2002,UNKNOWN,PASSENGER,PERSONAL,S,STRAIGHT AHEAD,,,2,,,,,,,,,Y,Y,Y,,,,,,,REAR,,,,,,,,,,,,,,,,,,,,,,,,,,,,,,,,,
2122278,7cfb5bb8ab5d1c3620a30517b8e155028c0e1cb191783a60397b3e74d4ada6eeed7c65e8dbacccfb62f8216d5e1aebfea66ed2c0bbbfbc7bdbb6e0819d9700ec,08/05/2025 04:21:00 PM,1,DRIVER,,2023200,,TOYOTA,PRIUS,IL,2015,UNKNOWN,PASSENGER,PERSONAL,S,STRAIGHT AHEAD,,,1,,,,,Y,,,,,,,,,,Y,Y,,FRONT,,,,,,,,,,,,,,,,,,,,,,,,,,,,,,,,,
2122200,c37cd16cff9fd0b61cf17f8b1ca64df77d5ddac9ba7da48180cdb5fbb9171e5d6616771a28a794b47a088695e058e366bd9b359a998c69741c470e7694b1624f,08/05/2025 04:20:00 PM,1,DRIVER,,2023118,,FORD,FOCUS,IL,2015,UNKNOWN,PASSENGER,PERSONAL,W,STRAIGHT AHEAD,,,1,,,,Y,,,,,,,,,,,,,,FRONT,,,,,,,,,,,,,,,,,,,,,,,,,,,,,,,,,
2122201,c37cd16cff9fd0b61cf17f8b1ca64df77d5ddac9ba7da48180cdb5fbb9171e5d6616771a28a794b47a088695e058e366bd9b359a998c69741c470e7694b1624f,08/05/2025 04:20:00 PM,2,DRIVER,,2023131,,BUICK,LACROSSE,IL,2018,UNKNOWN,PASSENGER,PERSONAL,W,SLOW/STOP IN TRAFFIC,,,1,,,,,,,,,,Y,Y,,,,,,,REAR,,,,,,,,,,,,,,,,,,,,,,,,,,,,,,,,,
2122225,f19704fae95ec0a1a84a122245400e3570b0e113876e28285c15eb44c97be7b301738a192d3acf36e096dc4212696251d274cb5a0b5e197ae1e4e671a4f0adbe,08/05/2025 04:20:00 PM,1,DRIVER,,2023137,,BUICK,LACROSSE,IL,2014,UNKNOWN,PASSENGER,PERSONAL,E,TURNING LEFT,,,1,,,,,,,,,,,,,,Y,Y,,,SIDE-LEFT,,,,,,,,,,,,,,,,,,,,,,,,,,,,,,,,,
2122226,f19704fae95ec0a1a84a122245400e3570b0e113876e28285c15eb44c97be7b301738a192d3acf36e096dc4212696251d274cb5a0b5e197ae1e4e671a4f0adbe,08/05/2025 04:20:00 PM,2,DRIVER,,2023143,,JAGUAR,XF,IL,2018,NONE,PASSENGER,PERSONAL,S,SLOW/STOP IN TRAFFIC,,,1,,,,,,,,,,,,,,Y,Y,Y,,SIDE-LEFT,,,,,,,,,,,,,,,,,,,,,,,,,,,,,,,,,
2123543,02cc4b1a02fec01625476cb2fb497742e51ce83d2db25b473f861c198a7dad97e9a128d13e7d55e9e603d7a24b4ed189deabf000e534d14470b055cd42f15648,08/05/2025 04:16:00 PM,1,DRIVER,,2024380,,UNKNOWN,OTHER (EXPLAIN IN NARRATIVE),,,UNKNOWN,PASSENGER,UNKNOWN/NA,UNKNOWN,STRAIGHT AHEAD,,,1,,,,,,,,,,,,,,,,,Y,FRONT,,,,,,,,,,,,,,,,,,,,,,,,,,,,,,,,,
2123544,02cc4b1a02fec01625476cb2fb497742e51ce83d2db25b473f861c198a7dad97e9a128d13e7d55e9e603d7a24b4ed189deabf000e534d14470b055cd42f15648,08/05/2025 04:16:00 PM,2,DRIVER,,2024402,,SUBARU,OUTBACK,IL,2021,UNKNOWN,SPORT UTILITY VEHICLE (SUV),PERSONAL,UNKNOWN,STRAIGHT AHEAD,,,1,,,,,,,,,Y,Y,Y,,,,,,,REAR,,,,,,,,,,,,,,,,,,,,,,,,,,,,,,,,,
2122385,fd5fb3983d873151a4006c3d8ac834648aeb313ddcd972db2d6d51ce883189ea6937b4e64828c4d42ab39f5e35a43e825bcb762077552475325eca6ddd71c5bf,08/05/2025 04:16:00 PM,1,DRIVER,,2023291,,KAWASAKI,MOTORCYCLE,IL,2014,NONE,MOTORCYCLE (OVER 150CC),PERSONAL,N,STRAIGHT AHEAD,Y,,1,,city of chicago,,,,,,,,,,,Y,Y,Y,Y,,SIDE-LEFT,,,,,,,,,,,,,,,,,,,,,,,,,,,,,,,,,
2122386,fd5fb3983d873151a4006c3d8ac834648aeb313ddcd972db2d6d51ce883189ea6937b4e64828c4d42ab39f5e35a43e825bcb762077552475325eca6ddd71c5bf,08/05/2025 04:16:00 PM,2,DRIVER,,2023296,,MAZDA,CX-5,IL,2021,NONE,SPORT UTILITY VEHICLE (SUV),PERSONAL,N,STRAIGHT AHEAD,,,1,,,,,Y,,,,,,,,,,,,,FRONT-RIGHT-CORNER,,,,,,,,,,,,,,,,,,,,,,,,,,,,,,,,,