CRASH_UNIT_ID,CRASH_RECORD_ID,CRASH_DATE,UNIT_NO,UNIT_TYPE,NUM_PASSENGERS,VEHICLE_ID,CMRC_VEH_I,MAKE,MODEL,LIC_PLATE_STATE,VEHICLE_YEAR,VEHICLE_DEFECT,VEHICLE_TYPE,VEHICLE_USE,TRAVEL_DIRECTION,MANEUVER,TOWED_I,FIRE_I,OCCUPANT_CNT,EXCEED_SPEED_LIMIT_I,TOWED_BY,TOWED_TO,AREA_00_I,AREA_01_I,AREA_02_I,AREA_03_I,AREA_04_I,AREA_05_I,AREA_06_I,AREA_07_I,AREA_08_I,AREA_09_I,AREA_10_I,AREA_11_I,AREA_12_I,AREA_99_I,FIRST_CONTACT_POINT,CMV_ID,USDOT_NO,CCMC_NO,ILCC_NO,COMMERCIAL_SRC,GVWR,CARRIER_NAME,CARRIER_STATE,CARRIER_CITY,HAZMAT_PLACARDS_I,HAZMAT_NAME,UN_NO,HAZMAT_PRESENT_I,HAZMAT_REPORT_I,HAZMAT_REPORT_NO,MCS_REPORT_I,MCS_REPORT_NO,HAZMAT_VIO_CAUSE_CRASH_I,MCS_VIO_CAUSE_CRASH_I,IDOT_PERMIT_NO,WIDE_LOAD_I,TRAILER1_WIDTH,TRAILER2_WIDTH,TRAILER1_LENGTH,TRAILER2_LENGTH,TOTAL_VEHICLE_LENGTH,AXLE_CNT,VEHICLE_CONFIG,CARGO_BODY_TYPE,LOAD_TYPE,HAZMAT_OUT_OF_SERVICE_I,MCS_OUT_OF_SERVICE_I,HAZMAT_CLASS
2122271,455b8158df33d736b0859c59079deb0c1a9fa86ad9428dbd3d81a89d4e1a934bf787b6a2904b9d4f71fecd64ac26bfd8b2dfe0bea2fe19b71b2c44aaac1e226d,08/05/2025 04:15:00 PM,1,DRIVER,,2023192,N,FORD,F450,IL,2022,NONE,PICKUP,OTHER,S,STRAIGHT AHEAD,,,1,,,,,,,,,,,,,,,,,Y,OTHER,,,,,,,,,,,,,,,,,,,,,,,,,,,,,,,,,
2122272,455b8158df33d736b0859c59079deb0c1a9fa86ad9428dbd3d81a89d4e1a934bf787b6a2904b9d4f71fecd64ac26bfd8b2dfe0bea2fe19b71b2c44aaac1e226d,08/05/2025 04:15:00 PM,2,DRIVER,1,2023211,,GENERAL MOTORS CORPORATION (GMC),SIERRA,IL,2015,NONE,PASSENGER,PERSONAL,S,STRAIGHT AHEAD,,,2,,,,,,,,,,,,N,N,Y,Y,,,SIDE-LEFT-FRONT,,,,,,,,,,,,,,,,,,,,,,,,,,,,,,,,,
2122174,6b16d50c91eee79764fb2e8893def4d933b5dd6f422ae01f3f6a495cbdb098c4a18ee6ed04c42b466f34f8ab309edd6bd6eb1521c3c33746287267838c991c1c,08/05/2025 04:15:00 PM,1,DRIVER,,2023092,,CHEVROLET,TRAVERSE,IL,2017,UNKNOWN,PASSENGER,PERSONAL,E,TURNING LEFT,,,1,,,,,Y,Y,,,,,,,,,,Y,,FRONT-RIGHT-CORNER,,,,,,,,,,,,,,,,,,,,,,,,,,,,,,,,,
2122175,6b16d50c91eee79764fb2e8893def4d933b5dd6f422ae01f3f6a495cbdb098c4a18ee6ed04c42b466f34f8ab309edd6bd6eb1521c3c33746287267838c991c1c,08/05/2025 04:15:00 PM,2,DRIVER,,2023099,,HYUNDAI,ELANTRA,IL,2025,NONE,PASSENGER,PERSONAL,W,STRAIGHT AHEAD,,,1,,,,,,,,,,,,,,,,Y,,FRONT,,,,,,,,,,,,,,,,,,,,,,,,,,,,,,,,,
2122172,818c7660e9323332832f36fe040217d1b5ad560cd22d54b322a04cefc6320de38a3068136e991b80d90f9bb7ea7672e6d31af67ea34f8fdf40dfdbaa08661ff3,08/05/2025 04:15:00 PM,1,DRIVER,,2023095,,TOYOTA,OTHER (EXPLAIN IN NARRATIVE),IL,2015,NONE,SPORT UTILITY VEHICLE (SUV),PERSONAL,E,TURNING RIGHT,,,1,,,,,,,,,,,,,,,,Y,,FRONT,,,,,,,,,,,,,,,,,,,,,,,,,,,,,,,,,
2122173,818c7660e9323332832f36fe040217d1b5ad560cd22d54b322a04cefc6320de38a3068136e991b80d90f9bb7ea7672e6d31af67ea34f8fdf40dfdbaa08661ff3,08/05/2025 04:15:00 PM,2,DRIVER,,2023103,,FORD,ESCORT,IL,2001,NONE,PASSENGER,PERSONAL,E,TURNING RIGHT,,,1,,,,,,,,,,Y,,,,,,,,REAR,,,,,,,,,,,,,,,,,,,,,,,,,,,,,,,,,
2122183,910a681cc34e14e6fd89fc383fc5990208f5a1cdc43ebd4b9d6a0f4a74964493369c2dc01bec90eee686c133eb71ed55e9eacff6f943b5a55d55c786fbe5397c,08/05/2025 04:15:00 PM,1,DRIVER,,2023113,,TOYOTA,SIENNA,IL,2014,NONE,OTHER,TAXI/FOR HIRE,W,BACKING,,,1,,,,,,,,,Y,Y,,,,,,,,REAR-RIGHT-CORNER,,,,,,,,,,,,,,,,,,,,,,,,,,,,,,,,,
2122184,910a681cc34e14e6fd89fc383fc5990208f5a1cdc43ebd4b9d6a0f4a74964493369c2dc01bec90eee686c133eb71ed55e9eacff6f943b5a55d55c786fbe5397c,08/05/2025 04:15:00 PM,2,DRIVER,,2023125,,AUDI,A8,IL,2021,NONE,OTHER,TAXI/FOR HIRE,S,STRAIGHT AHEAD,,,1,,,,,,,,,,,,,Y,Y,,,,SIDE-LEFT,,,,,,,,,,,,,,,,,,,,,,,,,,,,,,,,,
2122210,9f91d3c19738222c8ad592e165efb50f8e0c31db1604d155b624cfef614036b835a8678ecb581891f677fc520a8811c097e0517ca142be40c2abbbecc93f64d8,08/05/2025 04:15:00 PM,1,DRIVER,,2023126,,CHEVROLET,OTHER (EXPLAIN IN NARRATIVE),IL,2025,UNKNOWN,SPORT UTILITY VEHICLE (SUV),UNKNOWN/NA,W,ENTERING TRAFFIC LANE FROM PARKING,,,1,,,,,,,,,,,,,,,Y,,,FRONT-LEFT-CORNER,,,,,,,,,,,,,,,,,,,,,,,,,,,,,,,,,
2122211,9f91d3c19738222c8ad592e165efb50f8e0c31db1604d155b624cfef614036b835a8678ecb581891f677fc520a8811c097e0517ca142be40c2abbbecc93f64d8,08/05/2025 04:15:00 PM,2,DRIVER,,2023141,,LINCOLN,CORSAIR,IL,2022,NONE,PASSENGER,TAXI/FOR HIRE,W,STRAIGHT AHEAD,,,1,,,,,,Y,Y,Y,Y,,,,,,,,,SIDE-RIGHT-FRONT,,,,,,,,,,,,,,,,,,,,,,,,,,,,,,,,,
2122656,bcda5aeff8749042034aa0862a5cddc554ece5474ff50ed7d972afc8bf4038579d34f2ab2b04ae6f15544184bed71ea29cf1e0a76d4efe3b8ae84ad715b7323f,08/05/2025 04:15:00 PM,1,DRIVER,,2023552,N,NOVA BUS,OTHER (EXPLAIN IN NARRATIVE),IL,2022,NONE,BUS OVER 15 PASS.,CTA,E,STRAIGHT AHEAD,,,1,,,,,,,,,,,,,,,,,Y,UNKNOWN,,,,,,,,,,,,,,,,,,,,,,,,,,,,,,,,,
2122657,bcda5aeff8749042034aa0862a5cddc554ece5474ff50ed7d972afc8bf4038579d34f2ab2b04ae6f15544184bed71ea29cf1e0a76d4efe3b8ae84ad715b7323f,08/05/2025 04:15:00 PM,2,DRIVER,,2023557,,VOLVO,OTHER (EXPLAIN IN NARRATIVE),IL,2018,NONE,OTHER,OTHER,E,STRAIGHT AHEAD,,,1,,,,,,,,,,,,,,Y,Y,,,SIDE-LEFT,,,,,,,,,,,,,,,,,,,,,,,,,,,,,,,,,
2122240,c699e7ffa2f587e04d4fcca4c5a58a9e84696f7147aefc280e72c80221d21992e09227250400706083df6bdf5ed73cf40cc5d0e0bf4312134bc9835885c529ba,08/05/2025 04:15:00 PM,1,DRIVER,,2023153,,"MOTOR COACH INDUSTRIES, INC.","MOTOR COACH INDUSTRIES, INC.",IL,2017,UNKNOWN,BUS OVER 15 PASS.,UNKNOWN/NA,UNKNOWN,PASSING/OVERTAKING,,,1,,,,,,Y,Y,Y,,,,,,,,,,SIDE-RIGHT,,,,,,,,,,,,,,,,,,,,,,,,,,,,,,,,,
2122241,c699e7ffa2f587e04d4fcca4c5a58a9e84696f7147aefc280e72c80221d21992e09227250400706083df6bdf5ed73cf40cc5d0e0bf4312134bc9835885c529ba,08/05/2025 04:15:00 PM,2,DRIVER,,2023159,,TESLA,MODEL 3,IL,2018,UNKNOWN,PASSENGER,PERSONAL,UNKNOWN,STRAIGHT AHEAD,,,1,,,,,,,,,,,,Y,Y,Y,,,,SIDE-LEFT,,,,,,,,,,,,,,,,,,,,,,,,,,,,,,,,,
2122268,a464867f608197b0c07fc2661d5bd48e978d3a2be7579700d2264c87b38bd7b590beaccce568e97bad08ebdd6156b0ad5e18cd806f4529a5046723936cf43dfa,08/05/2025 04:13:00 PM,1,DRIVER,,2023184,,HONDA,CIVIC,IL,2013,NONE,PASSENGER,PERSONAL,S,PASSING/OVERTAKING,,,1,,,,,,,,,,Y,Y,Y,Y,Y,Y,,,SIDE-LEFT,,,,,,,,,,,,,,,,,,,,,,,,,,,,,,,,,
2122269,a464867f608197b0c07fc2661d5bd48e978d3a2be7579700d2264c87b38bd7b590beaccce568e97bad08ebdd6156b0ad5e18cd806f4529a5046723936cf43dfa,08/05/2025 04:13:00 PM,2,DRIVER,,2023188,,KIA,SOUL,IL,2014,NONE,PASSENGER,PERSONAL,S,SLOW/STOP IN TRAFFIC,,,1,,,,,Y,,,,,,,,,,,Y,,FRONT-RIGHT-CORNER,,,,,,,,,,,,,,,,,,,,,,,,,,,,,,,,,
2127023,4203a83d2d2b39fbbe1ec99c7c6d5763ea924bb57df601512053a76e80d426ffb542ff98a7a9f5f10aa8b35024c8c077bd4503fbaeda38f52ae92cadf66cd464,08/05/2025 04:12:00 PM,1,DRIVER,,2027680,,CHEVROLET,MALIBU,,2017,UNKNOWN,UNKNOWN/NA,UNKNOWN/NA,N,UNKNOWN/NA,,,1,,,,,,,,,,,,,,,,,Y,UNKNOWN,,,,,,,,,,,,,,,,,,,,,,,,,,,,,,,,,
2127024,4203a83d2d2b39fbbe1ec99c7c6d5763ea924bb57df601512053a76e80d426ffb542ff98a7a9f5f10aa8b35024c8c077bd4503fbaeda38f52ae92cadf66cd464,08/05/2025 04:12:00 PM,2,DRIVER,,2027686,,MAZDA,CX-30,IL,2023,UNKNOWN,PASSENGER,PERSONAL,N,STRAIGHT AHEAD,,,1,,,,,,,Y,Y,,,,,,,,,,UNKNOWN,,,,,,,,,,,,,,,,,,,,,,,,,,,,,,,,,
2122221,8596d37d268ffbf93f5c026063022175373e309726f1c4ee8f2fa6e880acf62ed679ede1b80241beb46398d6f00b10d3bc265e6c49a64611a5fc9c829cda8f45,08/05/2025 04:10:00 PM,1,DRIVER,,2023149,,HONDA,HR-V,IL,2019,NONE,PASSENGER,PERSONAL,NW,TURNING LEFT,Y,,1,,AAA,UNK,,Y,,,,,,,,,Y,Y,Y,,SIDE-LEFT-FRONT,,,,,,,,,,,,,,,,,,,,,,,,,,,,,,,,,
2122222,8596d37d268ffbf93f5c026063022175373e309726f1c4ee8f2fa6e880acf62ed679ede1b80241beb46398d6f00b10d3bc265e6c49a64611a5fc9c829cda8f45,08/05/2025 04:10:00 PM,2,DRIVER,1,2023155,,GENERAL MOTORS CORPORATION (GMC),TERRAIN,IL,2018,NONE,PASSENGER,PERSONAL,E,STRAIGHT AHEAD,Y,,2,,CITY OF CHICAGO,10300 S. DOTY RD.,,Y,,,,,,,,,,Y,Y,,FRONT,,,,,,,,,,,,,,,,,,,,,,,,,,,,,,,,,
2122305,a29978bebfcec068235cca458d5c5868166dca2a8030777dbd48260a08ce93fdf75916e90f94a6ea527cc53268ec97054ba491bc57c1308dc8d7c00bf79b49b5,08/05/2025 04:10:00 PM,1,DRIVER,,2023206,,JAGUAR,OTHER (EXPLAIN IN NARRATIVE),IL,2005,NONE,PASSENGER,PERSONAL,NW,ENTERING TRAFFIC LANE FROM PARKING,,,1,,,,,,,,,,,,,,,Y,,,FRONT-LEFT-CORNER,,,,,,,,,,,,,,,,,,,,,,,,,,,,,,,,,
2122306,a29978bebfcec068235cca458d5c5868166dca2a8030777dbd48260a08ce93fdf75916e90f94a6ea527cc53268ec97054ba491bc57c1308dc8d7c00bf79b49b5,08/05/2025 04:10:00 PM,2,DRIVER,,2023212,,CHEVROLET,SILVERADO,IL,2019,NONE,PICKUP,PERSONAL,N,STRAIGHT AHEAD,,,1,,,,,,Y,Y,Y,Y,,,,,,,,,SIDE-RIGHT-FRONT,,,,,,,,,,,,,,,,,,,,,,,,,,,,,,,,,
2122229,b09b2bace3e9481b29af47bb4fea9c719a3a99778383efde53e8b7998ec65c5889cb5e1b51fc0d6483ef6ee01b247fddb1bd51e74a27aee1372ef7a3bb7e8466,08/05/2025 04:10:00 PM,1,PARKED,1,2023142,,MAZDA,MAZDA3,IL,2014,NONE,PASSENGER,PERSONAL,N,PARKED,,,1,,,,,,,,,,,,,,,,,Y,SIDE-LEFT,,,,,,,,,,,,,,,,,,,,,,,,,,,,,,,,,
2122230,b09b2bace3e9481b29af47bb4fea9c719a3a99778383efde53e8b7998ec65c5889cb5e1b51fc0d6483ef6ee01b247fddb1bd51e74a27aee1372ef7a3bb7e8466,08/05/2025 04:10:00 PM,2,BICYCLE,,,,,,,,,,,,,,,,,,,,,,,,,,,,,,,,,,,,,,,,,,,,,,,,,,,,,,,,,,,,,,,,,,
2122164,d5e16b2cea33cd6b5fdd89da91cf6ae138e73a5d51733db96cd16c75ad05b606df23fb5b1e464e975f76649f6eec21d0a4083d553d3e09c2aa8afccb62ca934a,08/05/2025 04:10:00 PM,1,DRIVER,,2023082,,UNKNOWN,OTHER (EXPLAIN IN NARRATIVE),,,UNKNOWN,UNKNOWN/NA,UNKNOWN/NA,N,STRAIGHT AHEAD,,,1,,,,,Y,,,,,,,,,,Y,Y,,FRONT,,,,,,,,,,,,,,,,,,,,,,,,,,,,,,,,,
2122165,d5e16b2cea33cd6b5fdd89da91cf6ae138e73a5d51733db96cd16c75ad05b606df23fb5b1e464e975f76649f6eec21d0a4083d553d3e09c2aa8afccb62ca934a,08/05/2025 04:10:00 PM,2,DRIVER,4,2023100,,FORD,ESCAPE,IL,2017,UNKNOWN,PASSENGER,PERSONAL,N,STRAIGHT AHEAD,,,5,,,,,,,,Y,Y,Y,Y,,,,,,,REAR-RIGHT-CORNER,,,,,,,,,,,,,,,,,,,,,,,,,,,,,,,,,
2122219,3f8b3884e3e70131dff854742cff6cb83fe43e8be76a9a0301b35f7c9ec3fffa66dceecc5d61decf6308906b1f45acc46f691ddf6eb9923c0d456c4a9987b0f0,08/05/2025 04:07:00 PM,1,DRIVER,,2023139,,CHEVROLET,OTHER (EXPLAIN IN NARRATIVE),IL,2014,OTHER,PASSENGER,UNKNOWN/NA,W,TURNING LEFT,,,1,,,,,Y,,,,,,,,,,Y,Y,,FRONT,,,,,,,,,,,,,,,,,,,,,,,,,,,,,,,,,
2122220,3f8b3884e3e70131dff854742cff6cb83fe43e8be76a9a0301b35f7c9ec3fffa66dceecc5d61decf6308906b1f45acc46f691ddf6eb9923c0d456c4a9987b0f0,08/05/2025 04:07:00 PM,2,DRIVER,1,2023147,,TOYOTA,CAMRY,IL,2021,NONE,PASSENGER,UNKNOWN/NA,E,STRAIGHT AHEAD,,,2,,,,,,,,,,,Y,Y,Y,Y,,,,SIDE-LEFT,,,,,,,,,,,,,,,,,,,,,,,,,,,,,,,,,
2122335,d0913c0bfc4cfa2c30ba9e17c3694522237ffc1e77479518a7da73af7b7b98f9ecbb1eea0724adc77e66e2326e1e14c4736edb72c6aa20322fa29b0c69fc84de,08/05/2025 04:07:00 PM,1,DRIVER,,2023245,,FORD,OTHER (EXPLAIN IN NARRATIVE),IL,2018,UNKNOWN,PASSENGER,PERSONAL,SW,U-TURN,,,1,,,,,,,,,Y,Y,Y,,,,,,,REAR,,,,,,,,,,,,,,,,,,,,,,,,,,,,,,,,,
2122336,d0913c0bfc4cfa2c30ba9e17c3694522237ffc1e77479518a7da73af7b7b98f9ecbb1eea0724adc77e66e2326e1e14c4736edb72c6aa20322fa29b0c69fc84de,08/05/2025 04:07:00 PM,2,DRIVER,,2023251,,MAZDA,OTHER (EXPLAIN IN NARRATIVE),IL,2024,UNKNOWN,PASSENGER,PERSONAL,W,STRAIGHT AHEAD,,,1,,,,,,,,,,,,Y,Y,N,,,,SIDE-LEFT-REAR,,,,,,,,,,,,,,,,,,,,,,,,,,,,,,,,,
2122214,b65eb965e9d7f2b95035294234c6af8400496877460aee4b863edb7088547b1b3df683e07298fa5e653d0b7cc531a5911daa37cc2bd7ab3f5953295446420d25,08/05/2025 04:05:00 PM,1,DRIVER,,2023144,,HYUNDAI,TUCSON,GA,2024,UNKNOWN,PASSENGER,PERSONAL,E,STRAIGHT AHEAD,,,1,,,,,,,Y,Y,Y,,,,,,,,,UNKNOWN,,,,,,,,,,,,,,,,,,,,,,,,,,,,,,,,,
2122215,b65eb965e9d7f2b95035294234c6af8400496877460aee4b863edb7088547b1b3df683e07298fa5e653d0b7cc531a5911daa37cc2bd7ab3f5953295446420d25,08/05/2025 04:05:00 PM,2,DRIVER,,2023150,,TOYOTA,CAMRY,IL,2021,UNKNOWN,UNKNOWN/NA,UNKNOWN/NA,N,UNKNOWN/NA,,,1,,,,,,,,,,,,,,,,,Y,UNKNOWN,,,,,,,,,,,,,,,,,,,,,,,,,,,,,,,,,
2122160,d2c9f05b86b260a6441ca3f5f80cc34e39ccc9dd825c576770f3f0a3f1b7697a60ce8577e3ca5b36333a4b06cb931bccba301983f49ea68149f7b55cf6c577df,08/05/2025 04:03:00 PM,1,DRIVER,,2023081,,NISSAN,ALTIMA,IL,2021,UNKNOWN,PASSENGER,PERSONAL,N,PASSING/OVERTAKING,,,1,,,,,,,,,,,Y,,,,,,,SIDE-LEFT-REAR,,,,,,,,,,,,,,,,,,,,,,,,,,,,,,,,,
2122161,d2c9f05b86b260a6441ca3f5f80cc34e39ccc9dd825c576770f3f0a3f1b7697a60ce8577e3ca5b36333a4b06cb931bccba301983f49ea68149f7b55cf6c577df,08/05/2025 04:03:00 PM,2,DRIVER,,2023088,,SCION,TC,IL,2005,UNKNOWN,PASSENGER,PERSONAL,N,STRAIGHT AHEAD,,,1,,,,,Y,Y,,,,,,,,,,,,FRONT-RIGHT-CORNER,,,,,,,,,,,,,,,,,,,,,,,,,,,,,,,,,
2122208,e7b43ec30b8ff71432258296138d85ad6b9797ad58ccfa70af257af39cdcd2dc256ce5dbb2f7bc44793061bd314bdb8b878efb2d92d94f633c714bc3c86cc245,08/05/2025 04:03:00 PM,1,DRIVER,,2023123,,DODGE,CHALLENGER,IL,2016,UNKNOWN,PASSENGER,PERSONAL,S,CHANGING LANES,,,1,,,,,Y,Y,,,,,,,,,,,,FRONT-RIGHT-CORNER,,,,,,,,,,,,,,,,,,,,,,,,,,,,,,,,,
2122209,e7b43ec30b8ff71432258296138d85ad6b9797ad58ccfa70af257af39cdcd2dc256ce5dbb2f7bc44793061bd314bdb8b878efb2d92d94f633c714bc3c86cc245,08/05/2025 04:03:00 PM,2,DRIVER,,2023129,,HONDA,CIVIC,IL,2014,UNKNOWN,PASSENGER,PERSONAL,S,STRAIGHT AHEAD,,,1,,,,,,,,,,,,,,Y,Y,,,FRONT-LEFT-CORNER,,,,,,,,,,,,,,,,,,,,,,,,,,,,,,,,,
2122244,bca8440efd062fa8f38056b285d1afabce74aa602236cf2da71c2c7838b903806762ff96da9d5221c598d1a72e5460c3520bf11bc121b164abd630a4da3040ce,08/05/2025 04:00:00 PM,1,DRIVER,,2023160,,FORD,ESCAPE,IL,2013,NONE,PASSENGER,PERSONAL,E,STRAIGHT AHEAD,N,,1,,,,,Y,Y,,,,,,,,,,,,FRONT-RIGHT-CORNER,,,,,,,,,,,,,,,,,,,,,,,,,,,,,,,,,
2122245,bca8440efd062fa8f38056b285d1afabce74aa602236cf2da71c2c7838b903806762ff96da9d5221c598d1a72e5460c3520bf11bc121b164abd630a4da3040ce,08/05/2025 04:00:00 PM,2,DRIVER,1,2023170,,HONDA,ACCORD,IL,2013,NONE,PASSENGER,NOT IN USE,W,STRAIGHT AHEAD,,,2,,,,,Y,Y,,,,,,,,,,,,FRONT-RIGHT-CORNER,,,,,,,,,,,,,,,,,,,,,,,,,,,,,,,,,
2122205,d0e5e18ff002750328dc009d86a15ef5792ed7794e91b924e739fce892649ee9b9904f73003e0ffdf47da44af1cdaa5a8b5238035c564513253b10ca5fb20672,08/05/2025 04:00:00 PM,1,DRIVER,,2023130,,HONDA,CR-V,IL,2015,NONE,PASSENGER,PERSONAL,N,TURNING LEFT,,,1,,,,,,,,,,,,,,,Y,,,FRONT-LEFT-CORNER,,,,,,,,,,,,,,,,,,,,,,,,,,,,,,,,,
2122206,d0e5e18ff002750328dc009d86a15ef5792ed7794e91b924e739fce892649ee9b9904f73003e0ffdf47da44af1cdaa5a8b5238035c564513253b10ca5fb20672,08/05/2025 04:00:00 PM,2,DRIVER,,2023136,,HONDA,ODYSSEY,IL,2020,NONE,VAN/MINI-VAN,PERSONAL,S,STRAIGHT AHEAD,,,1,,,,,,,,,,,,,,Y,Y,,,FRONT-LEFT-CORNER,,,,,,,,,,,,,,,,,,,,,,,,,,,,,,,,,
2122185,bef410652b34beb285e7f717f5e679796da55da18ab530e58673035b75559d5d33ba5c0910ff602333648a54db518d33cdd94d7b8b7a0746b1114436c39ec64d,08/05/2025 03:55:00 PM,1,DRIVER,,2023122,,FORD,TRANSIT,IL,2020,NONE,BUS UP TO 15 PASS.,OTHER,SE,TURNING LEFT,,,1,,,,,,,,,,,,Y,Y,Y,,,,SIDE-LEFT,,,,,,,,,,,,,,,,,,,,,,,,,,,,,,,,,
2122188,746fe9fac0dac033b56ac24fc1b8c26d6bb653df53f2a54cc53dce2928e4a53376145ecb7577274ac0807ea82ef5379c0f3dc05fe8c28e2242d70b9f755f505d,08/05/2025 03:54:00 PM,1,DRIVER,,2023115,,CHEVROLET,OTHER (EXPLAIN IN NARRATIVE),IL,2014,UNKNOWN,PASSENGER,UNKNOWN/NA,N,STRAIGHT AHEAD,N,,1,,,,,Y,,,,,,,,,,Y,Y,,FRONT,,,,,,,,,,,,,,,,,,,,,,,,,,,,,,,,,
2122189,746fe9fac0dac033b56ac24fc1b8c26d6bb653df53f2a54cc53dce2928e4a53376145ecb7577274ac0807ea82ef5379c0f3dc05fe8c28e2242d70b9f755f505d,08/05/2025 03:54:00 PM,2,DRIVER,,2023120,,SATURN,VUE,IL,2008,UNKNOWN,UNKNOWN/NA,UNKNOWN/NA,N,STRAIGHT AHEAD,,,1,,,,,,,,,,Y,,,,,,,,REAR,,,,,,,,,,,,,,,,,,,,,,,,,,,,,,,,,
2127009,45aab320e0ec46d6fc2177e03a1b966c03d0b7c3a4b0dffda6cd0ed5da49f5c0fc28d17343d9492429cce92182313204eb30c85a76252fa398712e3b7d54dcb7,08/05/2025 03:50:00 PM,1,DRIVER,,2027665,,HONDA,ODYSSEY,IL,2020,UNKNOWN,PASSENGER,PERSONAL,S,STRAIGHT AHEAD,,,1,,,,,N,N,,,,,,,,Y,Y,Y,,FRONT-LEFT-CORNER,,,,,,,,,,,,,,,,,,,,,,,,,,,,,,,,,
2127010,45aab320e0ec46d6fc2177e03a1b966c03d0b7c3a4b0dffda6cd0ed5da49f5c0fc28d17343d9492429cce92182313204eb30c85a76252fa398712e3b7d54dcb7,08/05/2025 03:50:00 PM,2,DRIVER,1,2027678,,HONDA,CR-V,IL,2015,UNKNOWN,PASSENGER,PERSONAL,NW,TURNING LEFT,,,2,,,,,Y,,,,,,,,,,,Y,,FRONT-RIGHT-CORNER,,,,,,,,,,,,,,,,,,,,,,,,,,,,,,,,,
2122178,de2be167e187d7b0494143fe55d4098ed141bb3deb50a5c912c96b8c4eb9039a8b0344530982217c0a6aed0ceaa7bff7d99255d50a6c043e931e92f158b2eefe,08/05/2025 03:48:00 PM,1,DRIVER,1,2023101,,CHEVROLET,TRAIL BLAZER,IL,2006,NONE,PASSENGER,PERSONAL,S,MERGING,,,2,,,,,Y,,,,,,,,,,Y,Y,,FRONT-LEFT-CORNER,,,,,,,,,,,,,,,,,,,,,,,,,,,,,,,,,
2122179,de2be167e187d7b0494143fe55d4098ed141bb3deb50a5c912c96b8c4eb9039a8b0344530982217c0a6aed0ceaa7bff7d99255d50a6c043e931e92f158b2eefe,08/05/2025 03:48:00 PM,2,DRIVER,,2023121,,CADILLAC,CTS,IL,2011,NONE,PASSENGER,PERSONAL,S,STRAIGHT AHEAD,,,1,,,,,,Y,Y,Y,,,,,,,,,,SIDE-RIGHT,,,,,,,,,,,,,,,,,,,,,,,,,,,,,,,,,
2122180,de2be167e187d7b0494143fe55d4098ed141bb3deb50a5c912c96b8c4eb9039a8b0344530982217c0a6aed0ceaa7bff7d99255d50a6c043e931e92f158b2eefe,08/05/2025 03:48:00 PM,3,DRIVER,,2023133,,TOYOTA,YARIS,IL,2008,NONE,PASSENGER,PERSONAL,S,STRAIGHT AHEAD,,,1,,,,,,,,,,,Y,,,,,,,REAR-LEFT-CORNER,,,,,,,,,,,,,,,,,,,,,,,,,,,,,,,,,
2123435,516fcc721c60621762c8a9f39aa7932a36f68a7b16475875f28d2cee3660dc9d48e5099bba4043d87341aa53aed311ffcfc0fe395c68618c4bec19741b07a4ab,08/05/2025 03:46:00 PM,1,DRIVER,,2024335,,UNKNOWN,OTHER (EXPLAIN IN NARRATIVE),IL,,UNKNOWN,PASSENGER,UNKNOWN/NA,SW,STRAIGHT AHEAD,,,1,,,,,,,,,,,,,,,,Y,,FRONT,,,,,,,,,,,,,,,,,,,,,,,,,,,,,,,,,
2123436,516fcc721c60621762c8a9f39aa7932a36f68a7b16475875f28d2cee3660dc9d48e5099bba4043d87341aa53aed311ffcfc0fe395c68618c4bec19741b07a4ab,08/05/2025 03:46:00 PM,2,DRIVER,,2024325,,HONDA,OTHER (EXPLAIN IN NARRATIVE),IL,1990,UNKNOWN,PASSENGER,PERSONAL,W,SLOW/STOP IN TRAFFIC,,,1,,,,,,,,,Y,Y,Y,,,,,Y,,FRONT,,,,,,,,,,,,,,,,,,,,,,,,,,,,,,,,,
2123437,516fcc721c60621762c8a9f39aa7932a36f68a7b16475875f28d2cee3660dc9d48e5099bba4043d87341aa53aed311ffcfc0fe395c68618c4bec19741b07a4ab,08/05/2025 03:46:00 PM,3,DRIVER,,2024315,,HYUNDAI,SONATA,IL,2001,UNKNOWN,PASSENGER,PERSONAL,W,SLOW/STOP IN TRAFFIC,,,1,,,,,,,,,Y,Y,Y,,,,,,,REAR,,,,,,,,,,,,,,,,,,,,,,,,,,,,,,,,,
2122138,597e40c45c8f1a01b0084477afab3cfa5f8e38bcba2b9a5256104a652c170f41f8b612d015765e64d2bcdde72c44c89627cd37b7e4c6fca3a6ea07952afc0e92,08/05/2025 03:45:00 PM,1,DRIVER,,2023061,,DODGE,CARAVAN,IL,2007,NONE,VAN/MINI-VAN,PERSONAL,E,STRAIGHT AHEAD,,,1,,,,,,,,,,,,,,,,,,FRONT,,,,,,,,,,,,,,,,,,,,,,,,,,,,,,,,,
2122139,597e40c45c8f1a01b0084477afab3cfa5f8e38bcba2b9a5256104a652c170f41f8b612d015765e64d2bcdde72c44c89627cd37b7e4c6fca3a6ea07952afc0e92,08/05/2025 03:45:00 PM,2,DRIVER,,2023055,,ALPHA,ALPHA,IL,2019,NONE,PASSENGER,PERSONAL,N,STRAIGHT AHEAD,,,1,,,,,,,,,,,,,Y,Y,Y,,,SIDE-LEFT,,,,,,,,,,,,,,,,,,,,,,,,,,,,,,,,,