CRASH_UNIT_ID,CRASH_RECORD_ID,CRASH_DATE,UNIT_NO,UNIT_TYPE,NUM_PASSENGERS,VEHICLE_ID,CMRC_VEH_I,MAKE,MODEL,LIC_PLATE_STATE,VEHICLE_YEAR,VEHICLE_DEFECT,VEHICLE_TYPE,VEHICLE_USE,TRAVEL_DIRECTION,MANEUVER,TOWED_I,FIRE_I,OCCUPANT_CNT,EXCEED_SPEED_LIMIT_I,TOWED_BY,TOWED_TO,AREA_00_I,AREA_01_I,AREA_02_I,AREA_03_I,AREA_04_I,AREA_05_I,AREA_06_I,AREA_07_I,AREA_08_I,AREA_09_I,AREA_10_I,AREA_11_I,AREA_12_I,AREA_99_I,FIRST_CONTACT_POINT,CMV_ID,USDOT_NO,CCMC_NO,ILCC_NO,COMMERCIAL_SRC,GVWR,CARRIER_NAME,CARRIER_STATE,CARRIER_CITY,HAZMAT_PLACARDS_I,HAZMAT_NAME,UN_NO,HAZMAT_PRESENT_I,HAZMAT_REPORT_I,HAZMAT_REPORT_NO,MCS_REPORT_I,MCS_REPORT_NO,HAZMAT_VIO_CAUSE_CRASH_I,MCS_VIO_CAUSE_CRASH_I,IDOT_PERMIT_NO,WIDE_LOAD_I,TRAILER1_WIDTH,TRAILER2_WIDTH,TRAILER1_LENGTH,TRAILER2_LENGTH,TOTAL_VEHICLE_LENGTH,AXLE_CNT,VEHICLE_CONFIG,CARGO_BODY_TYPE,LOAD_TYPE,HAZMAT_OUT_OF_SERVICE_I,MCS_OUT_OF_SERVICE_I,HAZMAT_CLASS
2122963,5a37c8a1a90f1f3f761da1440f684ca615c096a62da38b49b794453cf9f76175b5a956275fa2abf72a22200195f683afd4e5ff86651e5a91233b9a7e14754551,08/05/2025 03:45:00 PM,1,DRIVER,,2023850,,FORD,EXPLORER,IL,2012,NONE,PASSENGER,PERSONAL,E,CHANGING LANES,,,1,,,,,Y,,,,,,,,,,,,,FRONT-RIGHT-CORNER,,,,,,,,,,,,,,,,,,,,,,,,,,,,,,,,,
2122964,5a37c8a1a90f1f3f761da1440f684ca615c096a62da38b49b794453cf9f76175b5a956275fa2abf72a22200195f683afd4e5ff86651e5a91233b9a7e14754551,08/05/2025 03:45:00 PM,2,DRIVER,,2023858,,DODGE,RAM PROMASTER,IN,2019,NONE,VAN/MINI-VAN,OTHER,E,STRAIGHT AHEAD,,,1,,,,,,,,,,,Y,Y,Y,,,,,SIDE-LEFT-REAR,,,,,,,,,,,,,,,,,,,,,,,,,,,,,,,,,
2122146,0fe29635bc1944da8688bc2fc488bcf9651339d70562f28eaea1cadc9da2381873089e4f434c57292d839073da68d243ce89bee91122893ce8ae7cab60c4efd2,08/05/2025 03:44:00 PM,1,DRIVER,,2023089,,HONDA,OTHER (EXPLAIN IN NARRATIVE),IL,2013,UNKNOWN,SPORT UTILITY VEHICLE (SUV),PERSONAL,E,PASSING/OVERTAKING,Y,,1,,,,,Y,Y,,,,,,,,,Y,Y,,FRONT,,,,,,,,,,,,,,,,,,,,,,,,,,,,,,,,,
2122147,0fe29635bc1944da8688bc2fc488bcf9651339d70562f28eaea1cadc9da2381873089e4f434c57292d839073da68d243ce89bee91122893ce8ae7cab60c4efd2,08/05/2025 03:44:00 PM,2,DRIVER,,2023096,,MAZDA,CX-5,IL,2019,UNKNOWN,SPORT UTILITY VEHICLE (SUV),PERSONAL,E,SLOW/STOP IN TRAFFIC,Y,,1,,,,,,,,,,Y,Y,Y,,,,,,SIDE-LEFT-REAR,,,,,,,,,,,,,,,,,,,,,,,,,,,,,,,,,
2122117,2b2806b41e0fa0fffc6ad33ab5e341b068618dde236102e6e86f0e639a2e4a6898bb8dcfd585af2ce37e3c4fa66b8a2ac618a5042b558e1e9f0daba011735b19,08/05/2025 03:35:00 PM,1,DRIVER,,2023035,,TOYOTA,RAV4,IL,2024,NONE,SPORT UTILITY VEHICLE (SUV),PERSONAL,W,STRAIGHT AHEAD,,,1,,,,,Y,,,,,,,,,,Y,Y,,FRONT,,,,,,,,,,,,,,,,,,,,,,,,,,,,,,,,,
2122118,2b2806b41e0fa0fffc6ad33ab5e341b068618dde236102e6e86f0e639a2e4a6898bb8dcfd585af2ce37e3c4fa66b8a2ac618a5042b558e1e9f0daba011735b19,08/05/2025 03:35:00 PM,2,PARKED,,2023036,,"MACK TRUCKS, INC.","MACK TRUCKS, INC.",IL,2016,NONE,TRUCK - SINGLE UNIT,NOT IN USE,W,PARKED,,,0,,,,Y,,,,,,,,,,,,,,REAR,,,,,,,,,,,,,,,,,,,,,,,,,,,,,,,,,
2122968,8e54dbe22060e5521f4939eb1063d69292dc2a56358c19afb3557fe506bf5a90466eddb904fdf451c68ee4f6fdb3712051960114762702453071b8ec9fd08566,08/05/2025 03:30:00 PM,1,DRIVER,,2023845,,MAZDA,OTHER (EXPLAIN IN NARRATIVE),IL,2013,UNKNOWN,PASSENGER,PERSONAL,S,STRAIGHT AHEAD,,,1,,,,,,,,,,,,,,,,,Y,FRONT,,,,,,,,,,,,,,,,,,,,,,,,,,,,,,,,,
2122969,8e54dbe22060e5521f4939eb1063d69292dc2a56358c19afb3557fe506bf5a90466eddb904fdf451c68ee4f6fdb3712051960114762702453071b8ec9fd08566,08/05/2025 03:30:00 PM,2,DRIVER,,2023857,,HONDA,ACCORD,IL,2014,UNKNOWN,PASSENGER,PERSONAL,S,SLOW/STOP IN TRAFFIC,,,1,,,,,,,,,Y,Y,Y,,,,,,,REAR,,,,,,,,,,,,,,,,,,,,,,,,,,,,,,,,,
2122142,6f4b042eaf97c2cdd7b4a53b564f742d689e88b42bb007b829f79711da2fcd69c91f8ce1056162f09b21d9f7dd89319437ed58dcb4f7703e6d272642aa39e471,08/05/2025 03:28:00 PM,1,DRIVER,,2023056,,UNKNOWN,OTHER (EXPLAIN IN NARRATIVE),,,UNKNOWN,PICKUP,UNKNOWN/NA,S,STRAIGHT AHEAD,,,1,,,,,,,,,,,,,,,,,Y,FRONT-RIGHT-CORNER,,,,,,,,,,,,,,,,,,,,,,,,,,,,,,,,,
2122143,6f4b042eaf97c2cdd7b4a53b564f742d689e88b42bb007b829f79711da2fcd69c91f8ce1056162f09b21d9f7dd89319437ed58dcb4f7703e6d272642aa39e471,08/05/2025 03:28:00 PM,2,PARKED,,2023066,,NEW FLYER,D40LF,IL,2007,UNKNOWN,BUS OVER 15 PASS.,CTA,S,PARKED IN TRAFFIC LANE,,,0,,,,,,,,,,,,,,Y,,,,SIDE-LEFT-FRONT,,,,,,,,,,,,,,,,,,,,,,,,,,,,,,,,,
2122887,f93c384216cc2a462b1188ad345dd4a4d32979062719f7a7f01f07b14c1cc1af42fd72a1bcc01f45b5e2633a3d55abdaa8181d34a85e6a55ea2a618f9e7b60d7,08/05/2025 03:20:00 PM,1,DRIVER,,2023768,,NISSAN,SENTRA,MN,2024,UNKNOWN,PASSENGER,PERSONAL,W,U-TURN,,,1,,,,,Y,Y,,,,,,,,,,,,FRONT-RIGHT-CORNER,,,,,,,,,,,,,,,,,,,,,,,,,,,,,,,,,
2122888,f93c384216cc2a462b1188ad345dd4a4d32979062719f7a7f01f07b14c1cc1af42fd72a1bcc01f45b5e2633a3d55abdaa8181d34a85e6a55ea2a618f9e7b60d7,08/05/2025 03:20:00 PM,2,DRIVER,,2023781,,HONDA,CR-V,IL,2016,UNKNOWN,SPORT UTILITY VEHICLE (SUV),PERSONAL,E,STRAIGHT AHEAD,,,1,,,,,,,,,,,,Y,Y,Y,,,,SIDE-LEFT,,,,,,,,,,,,,,,,,,,,,,,,,,,,,,,,,
2122176,cba052c1efd575dbd766070d344e4f97fa1d3d278e6671a5dec0e4172a743060aed8df72192bf0ab9d956674b86a5c09c791f22de62dec82af96e7bb41fa9854,08/05/2025 03:17:00 PM,1,DRIVER,,2023145,,SUBARU,OTHER (EXPLAIN IN NARRATIVE),IL,2015,UNKNOWN,PASSENGER,PERSONAL,E,BACKING,,,1,,,,,,,,,Y,,,,,,,,,SIDE-RIGHT-REAR,,,,,,,,,,,,,,,,,,,,,,,,,,,,,,,,,
2122177,cba052c1efd575dbd766070d344e4f97fa1d3d278e6671a5dec0e4172a743060aed8df72192bf0ab9d956674b86a5c09c791f22de62dec82af96e7bb41fa9854,08/05/2025 03:17:00 PM,2,PARKED,1,2023154,,JEEP,CHEROKEE,IL,2024,UNKNOWN,PASSENGER,PERSONAL,W,PARKED,,,1,,,,,Y,,,,,,,,,,Y,Y,,FRONT,,,,,,,,,,,,,,,,,,,,,,,,,,,,,,,,,
2122110,5bf218b529b7a5818c72b2b73236db8f045b5346d5b94f2d1727b38543eb5f844c93bb133c797e436b069a61fc4b751c653e97f018e85cfbba13148c0edfd32d,08/05/2025 03:15:00 PM,1,DRIVER,,2023028,,BUICK,VERANO,IN,2015,NONE,PASSENGER,PERSONAL,N,STRAIGHT AHEAD,,,1,,,,,,,,,,,,,,,,Y,,FRONT,,,,,,,,,,,,,,,,,,,,,,,,,,,,,,,,,
2122111,5bf218b529b7a5818c72b2b73236db8f045b5346d5b94f2d1727b38543eb5f844c93bb133c797e436b069a61fc4b751c653e97f018e85cfbba13148c0edfd32d,08/05/2025 03:15:00 PM,2,DRIVER,,2023032,,VOLVO,S80,IL,2011,NONE,PASSENGER,PERSONAL,E,STRAIGHT AHEAD,,,1,,,,,,,,,Y,,,,,,,,,SIDE-RIGHT-REAR,,,,,,,,,,,,,,,,,,,,,,,,,,,,,,,,,
2122266,822d00a7c3f4a4b8027e8cb6a07f0dab2c7dc7af173b8d5aa8e159b79dd0896961b67929fba201b746fad98caad081798ba79726031ff0ba1b6d5988c92a9890,08/05/2025 03:15:00 PM,1,DRIVER,2,2023179,,TOYOTA,CAMRY,IL,2012,NONE,PASSENGER,PERSONAL,E,STRAIGHT AHEAD,,,3,,,,,,,,,,,,,,,,Y,,FRONT,,,,,,,,,,,,,,,,,,,,,,,,,,,,,,,,,
2122267,822d00a7c3f4a4b8027e8cb6a07f0dab2c7dc7af173b8d5aa8e159b79dd0896961b67929fba201b746fad98caad081798ba79726031ff0ba1b6d5988c92a9890,08/05/2025 03:15:00 PM,2,DRIVER,,2023180,,TESLA,MODEL 3,MD,2023,NONE,PASSENGER,PERSONAL,S,STRAIGHT AHEAD,,,1,,,,,,,,Y,Y,,,,,,,,,REAR-RIGHT-CORNER,,,,,,,,,,,,,,,,,,,,,,,,,,,,,,,,,
2122777,e995f6ab6ba57510648ce7d8c73fb6b639e9ac0c535e3e4be522af1a8344fdfe21dd6da077ee1ac5ff688bf1e9f681f2801418aba7320e2073a4c1a2c73513d2,08/05/2025 03:12:00 PM,1,DRIVER,,2023666,,TOYOTA,CAMRY,IL,2002,NONE,PASSENGER,PERSONAL,S,STRAIGHT AHEAD,,,1,,,,,,,,,,,,,,,,Y,,FRONT,,,,,,,,,,,,,,,,,,,,,,,,,,,,,,,,,
2122778,e995f6ab6ba57510648ce7d8c73fb6b639e9ac0c535e3e4be522af1a8344fdfe21dd6da077ee1ac5ff688bf1e9f681f2801418aba7320e2073a4c1a2c73513d2,08/05/2025 03:12:00 PM,2,DRIVER,1,2023675,,JEEP,LIBERTY,IL,2004,NONE,PASSENGER,PERSONAL,S,SLOW/STOP IN TRAFFIC,,,2,,,,Y,,,,,,,,,,,,,,REAR,,,,,,,,,,,,,,,,,,,,,,,,,,,,,,,,,
2122809,307e0727dc3217134e11e91a5501504920c3ff5e9b7f5cf7665c24e160492775adc36648eb4ccf1d9736c514aa7141895b17415eb4ae9eccf1a677ed1fd05070,08/05/2025 03:00:00 PM,1,DRIVER,,2023705,,UNKNOWN,OTHER (EXPLAIN IN NARRATIVE),XX,,UNKNOWN,UNKNOWN/NA,UNKNOWN/NA,UNKNOWN,UNKNOWN/NA,,,1,,,,,,,,,,,,,,,,,Y,UNKNOWN,,,,,,,,,,,,,,,,,,,,,,,,,,,,,,,,,
2122810,307e0727dc3217134e11e91a5501504920c3ff5e9b7f5cf7665c24e160492775adc36648eb4ccf1d9736c514aa7141895b17415eb4ae9eccf1a677ed1fd05070,08/05/2025 03:00:00 PM,2,DRIVERLESS,,2023688,,HONDA,PILOT,IL,2024,NONE,PASSENGER,NOT IN USE,UNKNOWN,PARKED,,,0,,,,,,Y,Y,Y,,,,,,,,,,SIDE-RIGHT,,,,,,,,,,,,,,,,,,,,,,,,,,,,,,,,,
2123483,7bf76aedcb791e7b51be13136363175a26b00822e121bb86b6c5b058ade63eda1e28eb8c1c3dcba4089220ca24f596005b77d9b3a373fba595e7a65c9b262fde,08/05/2025 03:00:00 PM,1,DRIVER,,2024336,,DODGE,STRATUS,IL,2006,UNKNOWN,PASSENGER,PERSONAL,S,STRAIGHT AHEAD,,,1,,,,,Y,Y,,,,,,,,,,,,UNDER CARRIAGE,,,,,,,,,,,,,,,,,,,,,,,,,,,,,,,,,
2122902,cb57a01b36d46ebdb5cdf1c1f95a993d96888466e20317c3732086d4a1a2467efc3d95606805aade7c9f80b6132ca457478c0e63d11905a79b994d2584f6469d,08/05/2025 03:00:00 PM,1,DRIVER,,2023778,,BMW,X5,IL,2007,UNKNOWN,SPORT UTILITY VEHICLE (SUV),PERSONAL,UNKNOWN,UNKNOWN/NA,,,1,,,,,,,,,,Y,,,,,,,,REAR,,,,,,,,,,,,,,,,,,,,,,,,,,,,,,,,,
2137981,faf5a57747f90f168253be1f90f9c7febee324187c240bfddddbdeca3c7a3d73cfb12ac0311ee0b8cfcb8217021a2006bfedd0a34c63061478389dd05b55b556,08/05/2025 03:00:00 PM,1,DRIVER,,2038079,,HYUNDAI,OTHER (EXPLAIN IN NARRATIVE),,2019,UNKNOWN,PASSENGER,PERSONAL,N,PASSING/OVERTAKING,,,1,,,,,,,Y,Y,Y,,,,,,,,,SIDE-RIGHT,,,,,,,,,,,,,,,,,,,,,,,,,,,,,,,,,
2137982,faf5a57747f90f168253be1f90f9c7febee324187c240bfddddbdeca3c7a3d73cfb12ac0311ee0b8cfcb8217021a2006bfedd0a34c63061478389dd05b55b556,08/05/2025 03:00:00 PM,2,PARKED,,2038080,,FORD,ESCAPE,IL,2100,NONE,PASSENGER,PERSONAL,N,PARKED,,,0,,,,,,,,,,,,,,,Y,,,FRONT-LEFT-CORNER,,,,,,,,,,,,,,,,,,,,,,,,,,,,,,,,,
2122198,0559be55444cc5fe5497b73032b65bea08efe1f8d395f7a99087302be0f33785ba008a64b85c0ed8ff440b702cca78b4c9ea3a3dfbd8cfbd27c2613da0c05ea8,08/05/2025 02:50:00 PM,1,DRIVER,,2023128,N,FREIGHTLINER CORPORATION,OTHER (EXPLAIN IN NARRATIVE),IL,2020,UNKNOWN,TRACTOR W/ SEMI-TRAILER,COMMERCIAL - MULTI-UNIT,W,TURNING RIGHT,,,1,,,,,,,,Y,Y,,,,,,,,,REAR-RIGHT-CORNER,,,,,,,,,,,,,,,,,,,,,,,,,,,,,,,,,
2122199,0559be55444cc5fe5497b73032b65bea08efe1f8d395f7a99087302be0f33785ba008a64b85c0ed8ff440b702cca78b4c9ea3a3dfbd8cfbd27c2613da0c05ea8,08/05/2025 02:50:00 PM,2,DRIVER,,2023140,Y,INTERNATIONAL COACH MANUFACTURING,OTHER (EXPLAIN IN NARRATIVE),,2024,NONE,TRACTOR W/O SEMI-TRAILER,COMMERCIAL - SINGLE UNIT,W,SLOW/STOP IN TRAFFIC,,,1,,,,,,,,,,,,,,,Y,,,FRONT-LEFT-CORNER,"21,947",4620197,,,DRIVER,,,,,,,,,,,,,,,,,,,,,,,,,,,,
2126207,6c70fed2bdeeccfd184abe06f7c9d07c07f8ab344a0954b2a8bd0027bd2abda19fb8825a1fb665a7048b33b42c266e217389c37065b2fbfa1145c6d2faede5c3,08/05/2025 02:49:00 PM,1,DRIVER,1,2026908,,CHEVROLET,IMPALA,IL,2013,UNKNOWN,PASSENGER,PERSONAL,E,STRAIGHT AHEAD,,,2,,,,,Y,,,,,,,,,,,Y,,FRONT-RIGHT-CORNER,,,,,,,,,,,,,,,,,,,,,,,,,,,,,,,,,
2126208,6c70fed2bdeeccfd184abe06f7c9d07c07f8ab344a0954b2a8bd0027bd2abda19fb8825a1fb665a7048b33b42c266e217389c37065b2fbfa1145c6d2faede5c3,08/05/2025 02:49:00 PM,2,DRIVER,,2026909,,CHEVROLET,MALIBU,WI,2021,UNKNOWN,PASSENGER,PERSONAL,N,STRAIGHT AHEAD,,,1,,,,,N,,,,,,,,,,Y,Y,,FRONT-LEFT-CORNER,,,,,,,,,,,,,,,,,,,,,,,,,,,,,,,,,
2122166,a25139c8da95f1ecc990724d3eb1c5e6017b7b0a9f4e6f466f1a264ed12b82b974cf637a604eaf5d0913771710e2c10b8afa03ada03512913bfa50e641c08571,08/05/2025 02:45:00 PM,1,DRIVER,,2023091,,CHEVROLET,TAHOE,IL,2002,UNKNOWN,SPORT UTILITY VEHICLE (SUV),UNKNOWN/NA,UNKNOWN,STRAIGHT AHEAD,,,1,,,,,,,,,,,,,,,,,Y,UNKNOWN,,,,,,,,,,,,,,,,,,,,,,,,,,,,,,,,,
2122167,a25139c8da95f1ecc990724d3eb1c5e6017b7b0a9f4e6f466f1a264ed12b82b974cf637a604eaf5d0913771710e2c10b8afa03ada03512913bfa50e641c08571,08/05/2025 02:45:00 PM,2,DRIVER,,2023104,,NISSAN,SENTRA,LA,2024,UNKNOWN,PASSENGER,PERSONAL,E,STRAIGHT AHEAD,,,1,,,,,,,,,Y,Y,Y,,,,,,,REAR,,,,,,,,,,,,,,,,,,,,,,,,,,,,,,,,,
2126367,7c1f9a44e2e52629a766a3495f521b57ccbdc8c05ca9418334619ffe2c7219855f7f8ee0d26769900306411cb4821092e827c16898677ba40b33e36fe59e184e,08/05/2025 02:40:00 PM,1,DRIVER,,2027050,,BUICK,ENVISION,IL,2022,UNKNOWN,PASSENGER,PERSONAL,S,CHANGING LANES,Y,,1,,PRIVATE TOW,,,Y,Y,Y,,,,,,,,,Y,,FRONT-RIGHT-CORNER,,,,,,,,,,,,,,,,,,,,,,,,,,,,,,,,,
2126368,7c1f9a44e2e52629a766a3495f521b57ccbdc8c05ca9418334619ffe2c7219855f7f8ee0d26769900306411cb4821092e827c16898677ba40b33e36fe59e184e,08/05/2025 02:40:00 PM,2,DRIVER,,2027051,,AUDI,S6,IL,2016,NONE,PASSENGER,PERSONAL,S,STRAIGHT AHEAD,Y,,1,,PRIVATE TOW,,,,,,,,,,,,Y,Y,Y,,FRONT-LEFT-CORNER,,,,,,,,,,,,,,,,,,,,,,,,,,,,,,,,,
2122126,da893186ddd0f363022f9e34f100a0ef75bb0b7f2a3988624fee4bd816bddab93591063c4a2e94574b69e4c24caf0bb0a14728ad02cb9ccac5e58f81473e2979,08/05/2025 02:40:00 PM,1,DRIVER,,2023039,,TOYOTA,PRIUS,IL,2014,NONE,PASSENGER,PERSONAL,W,STRAIGHT AHEAD,,,1,,,,,,,,,,,,,Y,Y,Y,Y,,SIDE-LEFT-FRONT,,,,,,,,,,,,,,,,,,,,,,,,,,,,,,,,,
2122127,da893186ddd0f363022f9e34f100a0ef75bb0b7f2a3988624fee4bd816bddab93591063c4a2e94574b69e4c24caf0bb0a14728ad02cb9ccac5e58f81473e2979,08/05/2025 02:40:00 PM,2,DRIVER,,2023046,,FORD,BRONCO / BRONCO II,IL,2024,NONE,SPORT UTILITY VEHICLE (SUV),PERSONAL,NW,TURNING RIGHT,,,1,,,,,,Y,Y,Y,,,,,,,,,,SIDE-RIGHT,,,,,,,,,,,,,,,,,,,,,,,,,,,,,,,,,
2122878,fc831e688f4da0198ea3adf142b3a206d2996dacb38a0eb2107e5f57eb8fd386a743976cf29eb1590e5d8bf8410a4b2ed3de753c74db5594116329fc763fe751,08/05/2025 02:40:00 PM,2,DRIVER,,2023750,,CHRYSLER,TOWN & COUNTRY,MN,2010,UNKNOWN,PASSENGER,PERSONAL,N,STRAIGHT AHEAD,,,1,,,,,Y,Y,Y,,,,,,,,Y,Y,,FRONT-LEFT-CORNER,,,,,,,,,,,,,,,,,,,,,,,,,,,,,,,,,
2122879,fc831e688f4da0198ea3adf142b3a206d2996dacb38a0eb2107e5f57eb8fd386a743976cf29eb1590e5d8bf8410a4b2ed3de753c74db5594116329fc763fe751,08/05/2025 02:40:00 PM,1,DRIVER,,2023751,,BMW,X3,IL,2004,UNKNOWN,PASSENGER,PERSONAL,W,TURNING LEFT,Y,,1,,PRIVATE,,,,,,,,,,,Y,Y,Y,Y,,FRONT-LEFT-CORNER,,,,,,,,,,,,,,,,,,,,,,,,,,,,,,,,,
2122880,fc831e688f4da0198ea3adf142b3a206d2996dacb38a0eb2107e5f57eb8fd386a743976cf29eb1590e5d8bf8410a4b2ed3de753c74db5594116329fc763fe751,08/05/2025 02:40:00 PM,3,PEDESTRIAN,,,,,,,,,,,,,,,,,,,,,,,,,,,,,,,,,,,,,,,,,,,,,,,,,,,,,,,,,,,,,,,,,,
2123539,32b5f0ef80c48bd7319070c38430f8e7d233b0e7a27eaf82778c6815cadf35b77c0474bf3720fb1fd93595f574f68c9a5706df271accbbf4b37cdff77d91c718,08/05/2025 02:30:00 PM,1,DRIVER,,2024383,,GENERAL MOTORS CORPORATION (GMC),YUKON,IL,2011,UNKNOWN,SPORT UTILITY VEHICLE (SUV),UNKNOWN/NA,S,STRAIGHT AHEAD,,,1,,,,,,,,,,,,,,,,,Y,UNKNOWN,,,,,,,,,,,,,,,,,,,,,,,,,,,,,,,,,
2123540,32b5f0ef80c48bd7319070c38430f8e7d233b0e7a27eaf82778c6815cadf35b77c0474bf3720fb1fd93595f574f68c9a5706df271accbbf4b37cdff77d91c718,08/05/2025 02:30:00 PM,2,DRIVER,,2024392,,TOYOTA,CAMRY,IL,1998,NONE,PASSENGER,PERSONAL,S,CHANGING LANES,,,1,,,,,,,,,,Y,Y,Y,Y,,,,,SIDE-LEFT-REAR,,,,,,,,,,,,,,,,,,,,,,,,,,,,,,,,,
2122722,52d907d4aff0232c2471b7a0eeb28f901a58300cfb4ee7d4b37227fbe9bd86dca3e6f3ab33775d5ff9f41cf09143f936db20edfbaa58c19eacb99421448ddf02,08/05/2025 02:30:00 PM,1,DRIVER,1,2023605,,CHEVROLET,OTHER (EXPLAIN IN NARRATIVE),IL,,UNKNOWN,SPORT UTILITY VEHICLE (SUV),UNKNOWN/NA,W,TURNING RIGHT,,,2,,,,,Y,,,,,,,,,,,,,SIDE-RIGHT-FRONT,,,,,,,,,,,,,,,,,,,,,,,,,,,,,,,,,
2122723,52d907d4aff0232c2471b7a0eeb28f901a58300cfb4ee7d4b37227fbe9bd86dca3e6f3ab33775d5ff9f41cf09143f936db20edfbaa58c19eacb99421448ddf02,08/05/2025 02:30:00 PM,2,DRIVER,1,2023606,,HYUNDAI,SANTA FE,IL,2018,UNKNOWN,SPORT UTILITY VEHICLE (SUV),UNKNOWN/NA,W,TURNING RIGHT,,,2,,,,,,,,,,,Y,Y,Y,Y,Y,Y,,SIDE-RIGHT-FRONT,,,,,,,,,,,,,,,,,,,,,,,,,,,,,,,,,
2128176,5dd80983f9fb9b5a6716a19b41525be92b81832e8539c9ffa0d7662760e7d880b6cf8183f1ba34f06272be79d57528ca31c8a176fbe3c958cd786b7dc397f7b7,08/05/2025 02:30:00 PM,1,DRIVER,,2028773,,CHEVROLET,TRAVERSE,IL,,NONE,PASSENGER,PERSONAL,W,STRAIGHT AHEAD,,,1,,,,,,,,,,,,,,,,Y,,FRONT,,,,,,,,,,,,,,,,,,,,,,,,,,,,,,,,,
2128177,5dd80983f9fb9b5a6716a19b41525be92b81832e8539c9ffa0d7662760e7d880b6cf8183f1ba34f06272be79d57528ca31c8a176fbe3c958cd786b7dc397f7b7,08/05/2025 02:30:00 PM,2,DRIVER,,2028776,,FORD,FOCUS,IL,,NONE,PASSENGER,PERSONAL,W,STRAIGHT AHEAD,,,1,,,,,,,,,,Y,,,,,,,,REAR,,,,,,,,,,,,,,,,,,,,,,,,,,,,,,,,,
2122105,6e5e7726016c01b5a8a4ed25b3cef48af575e9d6273f6b07e7e928d46ceae6ae3bb34846656717b01ce178d39831413ce2b051e435ff0a22e4a57452914d99a4,08/05/2025 02:30:00 PM,1,DRIVER,,2023054,,HONDA,ACCORD,IL,2008,UNKNOWN,PASSENGER,PERSONAL,N,STRAIGHT AHEAD,Y,,1,,,,,Y,,,,,,,,,,Y,Y,,FRONT,,,,,,,,,,,,,,,,,,,,,,,,,,,,,,,,,
2122106,6e5e7726016c01b5a8a4ed25b3cef48af575e9d6273f6b07e7e928d46ceae6ae3bb34846656717b01ce178d39831413ce2b051e435ff0a22e4a57452914d99a4,08/05/2025 02:30:00 PM,2,DRIVER,,2023058,,ACURA,TLX,IL,2003,UNKNOWN,PASSENGER,PERSONAL,N,SLOW/STOP IN TRAFFIC,Y,,1,,,,,Y,,,,Y,Y,Y,,,,Y,Y,,REAR,,,,,,,,,,,,,,,,,,,,,,,,,,,,,,,,,
2122107,6e5e7726016c01b5a8a4ed25b3cef48af575e9d6273f6b07e7e928d46ceae6ae3bb34846656717b01ce178d39831413ce2b051e435ff0a22e4a57452914d99a4,08/05/2025 02:30:00 PM,3,DRIVER,,2023063,,NISSAN,ROGUE,IL,2012,UNKNOWN,SPORT UTILITY VEHICLE (SUV),PERSONAL,N,SLOW/STOP IN TRAFFIC,,,1,,,,,,,,,Y,Y,Y,,,,,,,REAR,,,,,,,,,,,,,,,,,,,,,,,,,,,,,,,,,
2122093,cbbb2660ae1a6111aa34e3ea6e710a62cedf80e65088b5cb64719726f696f10dc0faff619e4cbb5f3688ac66972ac017b03d5cf604865ddedbeb37a543d41785,08/05/2025 02:27:00 PM,1,DRIVER,,2023012,,FORD,FOCUS,IL,2013,UNKNOWN,PASSENGER,PERSONAL,E,STRAIGHT AHEAD,,,1,,,,,Y,,,,,,,,,,Y,Y,,FRONT,,,,,,,,,,,,,,,,,,,,,,,,,,,,,,,,,
2122094,cbbb2660ae1a6111aa34e3ea6e710a62cedf80e65088b5cb64719726f696f10dc0faff619e4cbb5f3688ac66972ac017b03d5cf604865ddedbeb37a543d41785,08/05/2025 02:27:00 PM,2,DRIVER,2,2023019,,TESLA,MODEL Y,IL,2023,UNKNOWN,PASSENGER,PERSONAL,E,STRAIGHT AHEAD,,,3,,,,,,,,,,,Y,,,,,,,REAR,,,,,,,,,,,,,,,,,,,,,,,,,,,,,,,,,
2123854,c5b44818859bb072385f91cfa1030102bc9a82dd26a2fbf12f8190475dd3a6b6dadc007fb07f78845eb109b6b59936745735a012f4a8a9a798e343684708b6de,08/05/2025 02:26:00 PM,1,DRIVER,,2024734,,HONDA,PILOT,IL,2011,UNKNOWN,PASSENGER,PERSONAL,W,AVOIDING VEHICLES/OBJECTS,,,1,,,,,Y,Y,Y,Y,Y,,,,,,,,,SIDE-RIGHT,,,,,,,,,,,,,,,,,,,,,,,,,,,,,,,,,
2123855,c5b44818859bb072385f91cfa1030102bc9a82dd26a2fbf12f8190475dd3a6b6dadc007fb07f78845eb109b6b59936745735a012f4a8a9a798e343684708b6de,08/05/2025 02:26:00 PM,2,DRIVER,,2024735,,CHRYSLER,TOWN & COUNTRY,IL,2012,NONE,VAN/MINI-VAN,PERSONAL,W,STRAIGHT AHEAD,,,1,,,,,,,,,,,Y,Y,Y,Y,Y,,,SIDE-LEFT,,,,,,,,,,,,,,,,,,,,,,,,,,,,,,,,,
2124812,83162fb8d5e3805a5dd7aae7497ee0e5399ecad06194ec7f052826d6cbf4bfe7a607e94faabbc0e533adbab1b6dfbd581c2951d0f110381cbaf7873bb07e20be,08/05/2025 02:20:00 PM,1,DRIVER,,2025590,,MAZDA,MAZDA3,IL,2016,UNKNOWN,PASSENGER,PERSONAL,E,STRAIGHT AHEAD,,,1,,,,,Y,Y,Y,Y,Y,,,,,,,,,SIDE-RIGHT,,,,,,,,,,,,,,,,,,,,,,,,,,,,,,,,,