CRASH_UNIT_ID,CRASH_RECORD_ID,CRASH_DATE,UNIT_NO,UNIT_TYPE,NUM_PASSENGERS,VEHICLE_ID,CMRC_VEH_I,MAKE,MODEL,LIC_PLATE_STATE,VEHICLE_YEAR,VEHICLE_DEFECT,VEHICLE_TYPE,VEHICLE_USE,TRAVEL_DIRECTION,MANEUVER,TOWED_I,FIRE_I,OCCUPANT_CNT,EXCEED_SPEED_LIMIT_I,TOWED_BY,TOWED_TO,AREA_00_I,AREA_01_I,AREA_02_I,AREA_03_I,AREA_04_I,AREA_05_I,AREA_06_I,AREA_07_I,AREA_08_I,AREA_09_I,AREA_10_I,AREA_11_I,AREA_12_I,AREA_99_I,FIRST_CONTACT_POINT,CMV_ID,USDOT_NO,CCMC_NO,ILCC_NO,COMMERCIAL_SRC,GVWR,CARRIER_NAME,CARRIER_STATE,CARRIER_CITY,HAZMAT_PLACARDS_I,HAZMAT_NAME,UN_NO,HAZMAT_PRESENT_I,HAZMAT_REPORT_I,HAZMAT_REPORT_NO,MCS_REPORT_I,MCS_REPORT_NO,HAZMAT_VIO_CAUSE_CRASH_I,MCS_VIO_CAUSE_CRASH_I,IDOT_PERMIT_NO,WIDE_LOAD_I,TRAILER1_WIDTH,TRAILER2_WIDTH,TRAILER1_LENGTH,TRAILER2_LENGTH,TOTAL_VEHICLE_LENGTH,AXLE_CNT,VEHICLE_CONFIG,CARGO_BODY_TYPE,LOAD_TYPE,HAZMAT_OUT_OF_SERVICE_I,MCS_OUT_OF_SERVICE_I,HAZMAT_CLASS
2122080,99d8ec4e10beca82bd39aab182aa01d90a3be9c2140312d39306e45ca1d02d77a2194d1a4423da67cc1fad6f9e49bf99a35789f09c2fd715f9c346baff695651,08/05/2025 02:15:00 PM,1,DRIVER,,2023005,,FORD,TAURUS,IL,2004,UNKNOWN,PASSENGER,UNKNOWN/NA,W,ENTER FROM DRIVE/ALLEY,,,1,,,,,,,Y,Y,Y,,,,,,,,,SIDE-RIGHT-REAR,,,,,,,,,,,,,,,,,,,,,,,,,,,,,,,,,
2122081,99d8ec4e10beca82bd39aab182aa01d90a3be9c2140312d39306e45ca1d02d77a2194d1a4423da67cc1fad6f9e49bf99a35789f09c2fd715f9c346baff695651,08/05/2025 02:15:00 PM,2,DRIVER,,2023010,,BUICK,ENCORE,IL,2017,NONE,SPORT UTILITY VEHICLE (SUV),PERSONAL,N,STRAIGHT AHEAD,,,1,,,,,,,,,,,,,,,,,Y,FRONT,,,,,,,,,,,,,,,,,,,,,,,,,,,,,,,,,
2127156,6412191309aff34ab397cf55ff78d16de3ba23795e39a359fb73641e6c265c17eac59de5181ec3347b59995296bf42ff19bf1221ae4c93b1cfb04707043dc9c6,08/05/2025 02:10:00 PM,1,DRIVER,,2027802,,UNKNOWN,OTHER (EXPLAIN IN NARRATIVE),,,UNKNOWN,PASSENGER,UNKNOWN/NA,W,SLOW/STOP IN TRAFFIC,,,1,,,,,,,,,,,,,,,,,,UNKNOWN,,,,,,,,,,,,,,,,,,,,,,,,,,,,,,,,,
2127157,6412191309aff34ab397cf55ff78d16de3ba23795e39a359fb73641e6c265c17eac59de5181ec3347b59995296bf42ff19bf1221ae4c93b1cfb04707043dc9c6,08/05/2025 02:10:00 PM,2,BICYCLE,,,,,,,,,,,,,,,,,,,,,,,,,,,,,,,,,,,,,,,,,,,,,,,,,,,,,,,,,,,,,,,,,,
2122150,af3ae07e4048c6dbc123315643426ea0149515f1daab1d75705f5f39a66c6161ff1cc0ed6a12013d05555619e9b275d342f162d722d71a9964307373e2b9d8a9,08/05/2025 02:10:00 PM,1,DRIVER,,2023067,,TOYOTA,COROLLA,IL,2012,NONE,PASSENGER,PERSONAL,S,TURNING LEFT,Y,,1,,,,,Y,,,,,,,,,,Y,Y,,FRONT,,,,,,,,,,,,,,,,,,,,,,,,,,,,,,,,,
2122151,af3ae07e4048c6dbc123315643426ea0149515f1daab1d75705f5f39a66c6161ff1cc0ed6a12013d05555619e9b275d342f162d722d71a9964307373e2b9d8a9,08/05/2025 02:10:00 PM,2,DRIVER,,2023074,,TESLA,OTHER (EXPLAIN IN NARRATIVE),IL,2019,NONE,PASSENGER,PERSONAL,N,STRAIGHT AHEAD,Y,,1,,,,,,,,,,,,,,Y,Y,Y,,FRONT-LEFT-CORNER,,,,,,,,,,,,,,,,,,,,,,,,,,,,,,,,,
2122082,6c60aa8ce46d8c95b6d733e7d8e4e38e62cbe82abe518bcef5b5d8b823407749a6b2e0c780c43076a4768a945dfaa82e495af8c4cd096713bf6175132a32c0ae,08/05/2025 02:07:00 PM,1,DRIVER,,2023004,,KIA,SORENTO,IL,2017,UNKNOWN,PASSENGER,PERSONAL,SW,TURNING LEFT,,,1,,,,,Y,Y,Y,,,,,,,,Y,Y,,FRONT-LEFT-CORNER,,,,,,,,,,,,,,,,,,,,,,,,,,,,,,,,,
2122047,cecb610878cace0124ba5e76f8884f02279971dd712b1f6527f2fb582c17b14122a45039a6b141f4a83aa749a0fd755b5e8910735776f7110195565383468108,08/05/2025 02:05:00 PM,1,DRIVER,,2022997,,DODGE,GRAND CARAVAN,IL,2005,NONE,VAN/MINI-VAN,PERSONAL,E,STRAIGHT AHEAD,Y,,1,,,,,Y,,,,,,,,,,Y,Y,,FRONT,,,,,,,,,,,,,,,,,,,,,,,,,,,,,,,,,
2122048,cecb610878cace0124ba5e76f8884f02279971dd712b1f6527f2fb582c17b14122a45039a6b141f4a83aa749a0fd755b5e8910735776f7110195565383468108,08/05/2025 02:05:00 PM,2,DRIVER,,2023014,,FORD,F150,IL,2015,NONE,PICKUP,PERSONAL,E,STRAIGHT AHEAD,,,1,,,,,,,,,Y,Y,Y,,,,,,,REAR,,,,,,,,,,,,,,,,,,,,,,,,,,,,,,,,,
2122864,0f967f786cd1b84c2b2ebd6298ed4532290013445b4263aaaa6bd2d4b729bc522e4a86d646f2d410cd01b1b9ad43e48874cfffcecf8c81c8205fedf778c178c2,08/05/2025 02:00:00 PM,1,DRIVER,,2023795,N,UNKNOWN,OTHER (EXPLAIN IN NARRATIVE),IL,,UNKNOWN,TRUCK - SINGLE UNIT,COMMERCIAL - SINGLE UNIT,N,BACKING,,,1,,,,,,,,,,,,,,,Y,,,FRONT-LEFT-CORNER,,,,,,,,,,,,,,,,,,,,,,,,,,,,,,,,,
2123713,13478d6fb56af9a69af1ad77140527369bcae723f596b43bbaa73c3321947864df1e29d27a8bc3d28cf1ef32f1f235009521ef5ae84b8021113f8b6ae47772ca,08/05/2025 02:00:00 PM,1,DRIVER,,2024553,,NISSAN,SENTRA,IL,2009,UNKNOWN,PASSENGER,PERSONAL,N,PASSING/OVERTAKING,,,1,,,,,,,,,,,,,,,,,,UNKNOWN,,,,,,,,,,,,,,,,,,,,,,,,,,,,,,,,,
2123714,13478d6fb56af9a69af1ad77140527369bcae723f596b43bbaa73c3321947864df1e29d27a8bc3d28cf1ef32f1f235009521ef5ae84b8021113f8b6ae47772ca,08/05/2025 02:00:00 PM,2,DRIVER,,2024554,,NISSAN,SENTRA,IL,2024,UNKNOWN,PASSENGER,PERSONAL,N,STRAIGHT AHEAD,,,1,,,,,,,,,,Y,Y,,,,,,,REAR-LEFT-CORNER,,,,,,,,,,,,,,,,,,,,,,,,,,,,,,,,,
2122066,30d51edb3663350130ab9937f8c2b75679f0a07443cd0d12ede84023ddaa724c06b2b42cc85ad322d2a7701c4fd0cb6e80ff114eae7898146549c0c745d36d5b,08/05/2025 02:00:00 PM,1,DRIVER,1,2022990,,TOYOTA,CAMRY,IL,2015,NONE,PASSENGER,PERSONAL,N,ENTERING TRAFFIC LANE FROM PARKING,,,2,,,,,,,,,,,,,,,Y,,,FRONT-LEFT-CORNER,,,,,,,,,,,,,,,,,,,,,,,,,,,,,,,,,
2122067,30d51edb3663350130ab9937f8c2b75679f0a07443cd0d12ede84023ddaa724c06b2b42cc85ad322d2a7701c4fd0cb6e80ff114eae7898146549c0c745d36d5b,08/05/2025 02:00:00 PM,2,DRIVER,1,2022993,,CHEVROLET,BLAZER,IL,2019,NONE,PASSENGER,PERSONAL,N,STRAIGHT AHEAD,,,2,,,,,Y,Y,,,,,,,,,Y,Y,,FRONT-RIGHT-CORNER,,,,,,,,,,,,,,,,,,,,,,,,,,,,,,,,,
2123442,8ac03512bbc1c25a9e56acd87f96a9f5b459a20ccdf015b8e0addf7238a4ba155b847799b15c6c53dc863e1ca20cc1a6c281ad8b95a98b9cb4a0f609141da4dc,08/05/2025 02:00:00 PM,1,DRIVER,,2024280,,UNKNOWN,MOTORIZED,IL,,UNKNOWN,PASSENGER,PERSONAL,UNKNOWN,STRAIGHT AHEAD,,,1,,,,,Y,,,,,,,,,,,Y,,FRONT,,,,,,,,,,,,,,,,,,,,,,,,,,,,,,,,,
2123443,8ac03512bbc1c25a9e56acd87f96a9f5b459a20ccdf015b8e0addf7238a4ba155b847799b15c6c53dc863e1ca20cc1a6c281ad8b95a98b9cb4a0f609141da4dc,08/05/2025 02:00:00 PM,2,DRIVER,,2024347,,FORD,F350,IL,2003,NONE,SINGLE UNIT TRUCK WITH TRAILER,PERSONAL,W,STRAIGHT AHEAD,,,1,,,,,,,,,,,Y,Y,,,,,,SIDE-LEFT,,,,,,,,,,,,,,,,,,,,,,,,,,,,,,,,,
2123541,bcd6a16c0b4b3e24ad885abf66208d4f5018836f4d7b689a8abda859edc962045e8ea5aabaf3d0d8738e2c88de32240219f57a1057ba1b010965c7afd318abcf,08/05/2025 02:00:00 PM,1,DRIVER,,2024378,,UNKNOWN,OTHER (EXPLAIN IN NARRATIVE),IL,,UNKNOWN,UNKNOWN/NA,UNKNOWN/NA,UNKNOWN,UNKNOWN/NA,,,1,,,,,,,,,,,,,,,,,,UNKNOWN,,,,,,,,,,,,,,,,,,,,,,,,,,,,,,,,,
2123542,bcd6a16c0b4b3e24ad885abf66208d4f5018836f4d7b689a8abda859edc962045e8ea5aabaf3d0d8738e2c88de32240219f57a1057ba1b010965c7afd318abcf,08/05/2025 02:00:00 PM,2,PARKED,,2024385,,SUBARU,TRIBECA,GA,2011,NONE,PASSENGER,PERSONAL,S,PARKED,,,0,,,,,,,,,,Y,Y,,,,,,,REAR-LEFT-CORNER,,,,,,,,,,,,,,,,,,,,,,,,,,,,,,,,,
2122485,d28f461d268792059d34f4fe21695cdecca3eabb12720814fad78e4f5cae2be3507011328bdb91593d2ef74a38124866ca867b60504ff6d2f8cd3bf940a51523,08/05/2025 02:00:00 PM,1,DRIVER,,2023388,,HONDA,ELEMENT,IL,2003,UNKNOWN,SPORT UTILITY VEHICLE (SUV),PERSONAL,N,CHANGING LANES,,,1,,,,,,,,,,,,,Y,Y,Y,,,FRONT-LEFT-CORNER,,,,,,,,,,,,,,,,,,,,,,,,,,,,,,,,,
2122486,d28f461d268792059d34f4fe21695cdecca3eabb12720814fad78e4f5cae2be3507011328bdb91593d2ef74a38124866ca867b60504ff6d2f8cd3bf940a51523,08/05/2025 02:00:00 PM,2,DRIVER,,2023389,N,VOLUNTEER MANUFACTURING CORPORATION,VOLUNTEER MFG. CORP.,IN,2005,NONE,TRUCK - SINGLE UNIT,PERSONAL,N,STRAIGHT AHEAD,,,1,,,,,,,,,,,,,,,,,Y,UNKNOWN,,,,,,,,,,,,,,,,,,,,,,,,,,,,,,,,,
2122487,d28f461d268792059d34f4fe21695cdecca3eabb12720814fad78e4f5cae2be3507011328bdb91593d2ef74a38124866ca867b60504ff6d2f8cd3bf940a51523,08/05/2025 02:00:00 PM,3,DRIVER,1,2023392,,FORD,ECONOLINE E350,,2008,UNKNOWN,VAN/MINI-VAN,PERSONAL,N,STRAIGHT AHEAD,,,2,,,,,,,,,,,,Y,Y,Y,,,,SIDE-LEFT-FRONT,,,,,,,,,,,,,,,,,,,,,,,,,,,,,,,,,
2122063,fc40e3146ab8b8e0437eba632bcea7c02035ec8068cdf1dd33f1642d3b78ef0834051a664c34a13f4ae0ed5b8076d8671eb2b8093c2613bbc49d890e082184bc,08/05/2025 02:00:00 PM,1,DRIVER,1,2022988,,LINCOLN,OTHER (EXPLAIN IN NARRATIVE),IL,2012,UNKNOWN,PASSENGER,UNKNOWN/NA,W,STRAIGHT AHEAD,,,2,,,,,,,,,,,,,Y,Y,Y,,,SIDE-LEFT,,,,,,,,,,,,,,,,,,,,,,,,,,,,,,,,,
2122064,fc40e3146ab8b8e0437eba632bcea7c02035ec8068cdf1dd33f1642d3b78ef0834051a664c34a13f4ae0ed5b8076d8671eb2b8093c2613bbc49d890e082184bc,08/05/2025 02:00:00 PM,2,DRIVER,,2022994,,LEXUS,OTHER (EXPLAIN IN NARRATIVE),IL,2017,UNKNOWN,PASSENGER,UNKNOWN/NA,N,STRAIGHT AHEAD,,,1,,,,,Y,,,,,,,,,,Y,Y,,FRONT,,,,,,,,,,,,,,,,,,,,,,,,,,,,,,,,,
2122065,fc40e3146ab8b8e0437eba632bcea7c02035ec8068cdf1dd33f1642d3b78ef0834051a664c34a13f4ae0ed5b8076d8671eb2b8093c2613bbc49d890e082184bc,08/05/2025 02:00:00 PM,3,PARKED,,2022999,,HONDA,OTHER (EXPLAIN IN NARRATIVE),IL,2018,UNKNOWN,PASSENGER,NOT IN USE,W,PARKED,,,0,,,,,,,,,,,Y,,,,,,,SIDE-LEFT-REAR,,,,,,,,,,,,,,,,,,,,,,,,,,,,,,,,,
2122078,b751eff2cb77985ac6b2de5a0394a58611d3265f19c1e06b9cb376d877d264662dc1d462db489d16bc0eb33626d082079f8c63565eff0c453a75839bac727faf,08/05/2025 01:41:00 PM,1,DRIVER,,2022998,,DODGE,DURANGO,IL,2015,NONE,PASSENGER,PERSONAL,NE,CHANGING LANES,,,1,,,,,,,,,,,,Y,,,,,,SIDE-LEFT-REAR,,,,,,,,,,,,,,,,,,,,,,,,,,,,,,,,,
2122079,b751eff2cb77985ac6b2de5a0394a58611d3265f19c1e06b9cb376d877d264662dc1d462db489d16bc0eb33626d082079f8c63565eff0c453a75839bac727faf,08/05/2025 01:41:00 PM,2,DRIVER,,2023001,,NISSAN,ALTIMA,IL,2014,NONE,PASSENGER,PERSONAL,NE,STRAIGHT AHEAD,,,1,,,,,Y,Y,,,Y,,,,,,,,,SIDE-RIGHT,,,,,,,,,,,,,,,,,,,,,,,,,,,,,,,,,
2122049,d8af6975f5b9b981cbfabd80b4a81b2baa4e92d90ecbabf301baf1df39c89947d77498dca09f688f8fbad082451ddf3d45060a2063f34ac68d0829aa9f5ba2cb,08/05/2025 01:35:00 PM,1,DRIVER,,2022973,,HONDA,ACCORD,IL,2011,NONE,PICKUP,PERSONAL,N,STRAIGHT AHEAD,Y,,1,,UNK,UNK,,Y,Y,,,,,,,,Y,Y,Y,,FRONT,,,,,,,,,,,,,,,,,,,,,,,,,,,,,,,,,
2122050,d8af6975f5b9b981cbfabd80b4a81b2baa4e92d90ecbabf301baf1df39c89947d77498dca09f688f8fbad082451ddf3d45060a2063f34ac68d0829aa9f5ba2cb,08/05/2025 01:35:00 PM,2,DRIVER,,2022980,,NISSAN,ROGUE,IL,2011,NONE,PASSENGER,PERSONAL,N,STRAIGHT AHEAD,,,1,,,,,,,,Y,Y,Y,Y,Y,,,,,,REAR,,,,,,,,,,,,,,,,,,,,,,,,,,,,,,,,,
2122158,006ca3040243e4410af6cf9d14ec8cd51f61d09192c84494efa41b893f1d6b5f3eaaec94d9d394a7f8445f40e5c51dba6d11925c3f747c3615b820917f7c0333,08/05/2025 01:30:00 PM,1,DRIVER,,2023080,,FORD,FUSION,IL,2014,UNKNOWN,PASSENGER,UNKNOWN/NA,E,LEAVING TRAFFIC LANE TO PARK,,,1,,,,,,,,Y,Y,,,,,,,,,REAR-RIGHT-CORNER,,,,,,,,,,,,,,,,,,,,,,,,,,,,,,,,,
2122159,006ca3040243e4410af6cf9d14ec8cd51f61d09192c84494efa41b893f1d6b5f3eaaec94d9d394a7f8445f40e5c51dba6d11925c3f747c3615b820917f7c0333,08/05/2025 01:30:00 PM,2,PARKED,,2023083,,CHEVROLET,TRAIL BLAZER,IL,2023,NONE,SPORT UTILITY VEHICLE (SUV),UNKNOWN/NA,E,PARKED,,,0,,,,,,,,,,,,,,Y,Y,,,FRONT-LEFT-CORNER,,,,,,,,,,,,,,,,,,,,,,,,,,,,,,,,,
2122061,bda0c27587db339b923c9db12154b5fcb36e0fbdd0df4cb647ffe645b751a622b2933943c220a0b9de9ea3b9f990860c85e056121a859683ee14525c754825bf,08/05/2025 01:30:00 PM,1,DRIVER,,2022987,,TOYOTA,MATRIX,IL,2013,NONE,PASSENGER,PERSONAL,N,STRAIGHT AHEAD,,,1,,,,,Y,,,,,,,,,,Y,Y,,FRONT,,,,,,,,,,,,,,,,,,,,,,,,,,,,,,,,,
2122062,bda0c27587db339b923c9db12154b5fcb36e0fbdd0df4cb647ffe645b751a622b2933943c220a0b9de9ea3b9f990860c85e056121a859683ee14525c754825bf,08/05/2025 01:30:00 PM,2,DRIVER,,2022995,,JEEP,GRAND CHEROKEE,IL,2013,NONE,PASSENGER,PERSONAL,N,STRAIGHT AHEAD,Y,,1,,OWNER,UNK,,,,,,Y,Y,Y,,,,,,,REAR,,,,,,,,,,,,,,,,,,,,,,,,,,,,,,,,,
2122020,8f10c0cd1b20a72d06b0f98b0ed193a6efcd97c988cc1dd6b848f6ec056de02ac171b561db87987bb15894a90af774a159576cc81fdaaf842882c7dc47c33659,08/05/2025 01:20:00 PM,1,PARKED,,2022935,,CHRYSLER,300,IL,2010,NONE,PASSENGER,PERSONAL,S,PARKED IN TRAFFIC LANE,,,0,,,,,,,,,,,,,Y,Y,,,,SIDE-LEFT,,,,,,,,,,,,,,,,,,,,,,,,,,,,,,,,,
2122021,8f10c0cd1b20a72d06b0f98b0ed193a6efcd97c988cc1dd6b848f6ec056de02ac171b561db87987bb15894a90af774a159576cc81fdaaf842882c7dc47c33659,08/05/2025 01:20:00 PM,2,DRIVER,,2022942,,TOYOTA,OTHER (EXPLAIN IN NARRATIVE),NV,1999,NONE,PICKUP,UNKNOWN/NA,S,STRAIGHT AHEAD,,,1,,,,,Y,Y,,,,,,,,,,,,SIDE-RIGHT-FRONT,,,,,,,,,,,,,,,,,,,,,,,,,,,,,,,,,
2122070,a1d7dd80cc1b93531988ff35ee010b5172818f517d28a3fe0940896deba6792be3164923986b23ade2eb9c438739f853575ec39f75703ce54a6a3bfe09293ea3,08/05/2025 01:20:00 PM,1,DRIVER,,2022991,,CHEVROLET,TRAX,IL,2018,UNKNOWN,PASSENGER,PERSONAL,S,STRAIGHT AHEAD,Y,,1,,PRIVATE TOW,UNKNOWN,,Y,Y,,,,,,,,,,Y,,FRONT-LEFT-CORNER,,,,,,,,,,,,,,,,,,,,,,,,,,,,,,,,,
2122071,a1d7dd80cc1b93531988ff35ee010b5172818f517d28a3fe0940896deba6792be3164923986b23ade2eb9c438739f853575ec39f75703ce54a6a3bfe09293ea3,08/05/2025 01:20:00 PM,2,DRIVER,1,2023000,,GENERAL MOTORS CORPORATION (GMC),ENVOY,IL,2012,UNKNOWN,PASSENGER,PERSONAL,NW,TURNING LEFT,Y,,2,,PRIVATE TOW,UNKNOWN,,Y,Y,Y,Y,,,,,,,,,,SIDE-RIGHT,,,,,,,,,,,,,,,,,,,,,,,,,,,,,,,,,
2122090,f310e983849ba14ea31830e85ab5d11d40e3f8683c47ad54835eedc9ba80aa99090bca8d6ba47e7ae9f3d824f18fecb8d3dc91438b03155048a35d7f5e02ffec,08/05/2025 01:15:00 PM,1,DRIVER,,2023011,,HYUNDAI,ELANTRA,IL,2011,UNKNOWN,PASSENGER,UNKNOWN/NA,N,STRAIGHT AHEAD,,,1,,,,,,,,,,,,,,,,Y,,FRONT,,,,,,,,,,,,,,,,,,,,,,,,,,,,,,,,,
2122091,f310e983849ba14ea31830e85ab5d11d40e3f8683c47ad54835eedc9ba80aa99090bca8d6ba47e7ae9f3d824f18fecb8d3dc91438b03155048a35d7f5e02ffec,08/05/2025 01:15:00 PM,2,DRIVER,,2023016,,KIA,SPORTAGE,IL,2007,NONE,PASSENGER,PERSONAL,N,SLOW/STOP IN TRAFFIC,,,1,,,,,,,,,,,,,,,,Y,,REAR,,,,,,,,,,,,,,,,,,,,,,,,,,,,,,,,,
2122092,f310e983849ba14ea31830e85ab5d11d40e3f8683c47ad54835eedc9ba80aa99090bca8d6ba47e7ae9f3d824f18fecb8d3dc91438b03155048a35d7f5e02ffec,08/05/2025 01:15:00 PM,3,DRIVER,,2023021,,TOYOTA,COROLLA,IL,2013,NONE,PASSENGER,PERSONAL,E,SLOW/STOP IN TRAFFIC,,,1,,,,,,,,,,,,,,,,,,REAR,,,,,,,,,,,,,,,,,,,,,,,,,,,,,,,,,
2122100,807dd1af905d25d401e21beddd2175d587b6bd3c1884233c0dded3e74e5ac8a32cfa12510ab47a951bdbc0b5b0637b5d3c9d87d80614ddb2c234c8261146e4a0,08/05/2025 01:12:00 PM,2,DRIVER,,2023025,,HONDA,ACCORD,IL,2022,UNKNOWN,PASSENGER,PERSONAL,W,TURNING LEFT,,,1,,,,,,Y,Y,,,,,,,,,,,SIDE-RIGHT,,,,,,,,,,,,,,,,,,,,,,,,,,,,,,,,,
2122114,807dd1af905d25d401e21beddd2175d587b6bd3c1884233c0dded3e74e5ac8a32cfa12510ab47a951bdbc0b5b0637b5d3c9d87d80614ddb2c234c8261146e4a0,08/05/2025 01:12:00 PM,1,DRIVER,,2023030,,KIA,SORENTO,IL,2016,UNKNOWN,PASSENGER,PERSONAL,W,STRAIGHT AHEAD,,,1,,,,,,,,,,,,,,,Y,Y,,FRONT,,,,,,,,,,,,,,,,,,,,,,,,,,,,,,,,,
2122097,8216926230a4b7ca0a0674ed120fe9b3611307567c3513bd91b2e524d1c351381b56b04572b7474a3ba91a92e786267e7c153f5935a0e0cb7b7520bb8bdf2d56,08/05/2025 01:10:00 PM,1,DRIVER,,2023026,,GENERAL MOTORS CORPORATION (GMC),SAVANNAH,AZ,2018,UNKNOWN,TRUCK - SINGLE UNIT,COMMERCIAL - SINGLE UNIT,UNKNOWN,PASSING/OVERTAKING,,,1,,,,,,,,,,,,,,,,,Y,UNKNOWN,,,,,,,,,,,,,,,,,,,,,,,,,,,,,,,,,
2122098,8216926230a4b7ca0a0674ed120fe9b3611307567c3513bd91b2e524d1c351381b56b04572b7474a3ba91a92e786267e7c153f5935a0e0cb7b7520bb8bdf2d56,08/05/2025 01:10:00 PM,2,PARKED,,2023044,,FORD,ECONOLINE E350,IL,2013,UNKNOWN,VAN/MINI-VAN,NOT IN USE,UNKNOWN,PARKED,,,0,,,,,,,,,,,,,Y,Y,,,,SIDE-LEFT,,,,,,,,,,,,,,,,,,,,,,,,,,,,,,,,,
2121994,825ce1c1ecb3f052bbb73d3fb99bb935bf32586f2b7abe7136d952dfaa42525477e823c8cafbc7db302a5359256664eb692aa0248aad949e2527f176c4f96913,08/05/2025 01:10:00 PM,1,DRIVER,,2022923,,SUBARU,CROSSTREK,IL,2025,NONE,PASSENGER,PERSONAL,W,STRAIGHT AHEAD,,,1,,,,,,,,,,,,,,Y,Y,Y,,FRONT-LEFT-CORNER,,,,,,,,,,,,,,,,,,,,,,,,,,,,,,,,,
2121995,825ce1c1ecb3f052bbb73d3fb99bb935bf32586f2b7abe7136d952dfaa42525477e823c8cafbc7db302a5359256664eb692aa0248aad949e2527f176c4f96913,08/05/2025 01:10:00 PM,2,DRIVER,,2022946,,TOYOTA,COROLLA,IL,2025,NONE,PASSENGER,PERSONAL,N,STRAIGHT AHEAD,Y,,1,,TOWED BY OWNER,,,Y,Y,,,,,,,,,Y,Y,,FRONT-RIGHT-CORNER,,,,,,,,,,,,,,,,,,,,,,,,,,,,,,,,,
2122026,3a22843bebc3c75eb2d7fd4db83884f7e2017e93d84998528b6b867bfc533b7be77eb06739d2c1fae2e6bd44e77c4088354985412d14d742a0be00dcb034ad08,08/05/2025 01:05:00 PM,1,DRIVER,,2022950,,TOYOTA,CAMRY,IL,2025,NONE,PASSENGER,PERSONAL,E,TURNING LEFT,,,1,,,,,,,,,,,,,,,,Y,,FRONT,,,,,,,,,,,,,,,,,,,,,,,,,,,,,,,,,
2122027,3a22843bebc3c75eb2d7fd4db83884f7e2017e93d84998528b6b867bfc533b7be77eb06739d2c1fae2e6bd44e77c4088354985412d14d742a0be00dcb034ad08,08/05/2025 01:05:00 PM,2,DRIVER,,2022962,,MAZDA,MAZDA3,IL,2023,NONE,PASSENGER,PERSONAL,S,STRAIGHT AHEAD,,,1,,,,,,,Y,Y,Y,,,,,,,,,SIDE-RIGHT-REAR,,,,,,,,,,,,,,,,,,,,,,,,,,,,,,,,,
2122007,0f38be3f03aa7eac68b21c3d45f758475fc983b1143fa1ebeb12bf0bc463f2f148ca99778fe54aea66ab518c9ae5da83653adc5ccaf93e25e9ec9c0ed08a1aab,08/05/2025 01:00:00 PM,1,DRIVER,,2022938,,HONDA,CIVIC,IL,2007,NONE,PASSENGER,PERSONAL,NW,BACKING,,,1,,,,,,,,,,Y,,,,,,,,REAR-LEFT-CORNER,,,,,,,,,,,,,,,,,,,,,,,,,,,,,,,,,
2122008,0f38be3f03aa7eac68b21c3d45f758475fc983b1143fa1ebeb12bf0bc463f2f148ca99778fe54aea66ab518c9ae5da83653adc5ccaf93e25e9ec9c0ed08a1aab,08/05/2025 01:00:00 PM,2,DRIVER,,2022944,,TESLA,MODEL X,IL,2020,NONE,PASSENGER,PERSONAL,N,STRAIGHT AHEAD,Y,,1,,,,,,,Y,Y,Y,,,,,,,,,SIDE-RIGHT,,,,,,,,,,,,,,,,,,,,,,,,,,,,,,,,,
2122766,12f26e84b22db3ad8348763f75f935dbcbfa5489e8cc1f44fc47b7972dca78e23d9681e693797156860812cb42d42809cd2e44b87f7a44ad44ad8eb0835e3b82,08/05/2025 01:00:00 PM,1,DRIVER,,2023650,,UNKNOWN,OTHER (EXPLAIN IN NARRATIVE),,,UNKNOWN,TRUCK - SINGLE UNIT,OTHER,UNKNOWN,STRAIGHT AHEAD,,,1,,,,,,,,,,,,,,,,,Y,UNKNOWN,,,,,,,,,,,,,,,,,,,,,,,,,,,,,,,,,
2126292,32005100bebbefc6b090c41dc9ddf476f8e6a8c1fce760931745ad20f156a8df620a36b51a5774f556ace43506beb5070888c9ea1abcd29bcab4f4986145b8e9,08/05/2025 01:00:00 PM,1,DRIVER,,2026994,,KIA,OPTIMA / K5,IL,2024,NONE,PASSENGER,UNKNOWN/NA,S,STRAIGHT AHEAD,,,1,,,,,,,,,,,,,,,,Y,,FRONT,,,,,,,,,,,,,,,,,,,,,,,,,,,,,,,,,
2126293,32005100bebbefc6b090c41dc9ddf476f8e6a8c1fce760931745ad20f156a8df620a36b51a5774f556ace43506beb5070888c9ea1abcd29bcab4f4986145b8e9,08/05/2025 01:00:00 PM,2,PEDESTRIAN,,,,,,,,,,,,,,,,,,,,,,,,,,,,,,,,,,,,,,,,,,,,,,,,,,,,,,,,,,,,,,,,,,
2122028,5290f3d423b5f5996437e4d9685c4e94a9e0e483b05e60887ebc25cc63abd038dbecba62a809df186f5bef63fd78405e02c7c35a64152f8fc37bc8157c91c995,08/05/2025 01:00:00 PM,1,DRIVER,,2022979,,FORD,FUSION,IL,2013,UNKNOWN,PASSENGER,PERSONAL,S,STRAIGHT AHEAD,,,1,,,,,,,,,,,,,,,N,Y,,FRONT,,,,,,,,,,,,,,,,,,,,,,,,,,,,,,,,,
2122029,5290f3d423b5f5996437e4d9685c4e94a9e0e483b05e60887ebc25cc63abd038dbecba62a809df186f5bef63fd78405e02c7c35a64152f8fc37bc8157c91c995,08/05/2025 01:00:00 PM,2,DRIVER,,2022985,,CHEVROLET,EQUINOX,IL,2017,UNKNOWN,PASSENGER,PERSONAL,S,STRAIGHT AHEAD,,,1,,,,,,,,,,Y,Y,,,,,,,REAR-LEFT-CORNER,,,,,,,,,,,,,,,,,,,,,,,,,,,,,,,,,