CRASH_UNIT_ID,CRASH_RECORD_ID,CRASH_DATE,UNIT_NO,UNIT_TYPE,NUM_PASSENGERS,VEHICLE_ID,CMRC_VEH_I,MAKE,MODEL,LIC_PLATE_STATE,VEHICLE_YEAR,VEHICLE_DEFECT,VEHICLE_TYPE,VEHICLE_USE,TRAVEL_DIRECTION,MANEUVER,TOWED_I,FIRE_I,OCCUPANT_CNT,EXCEED_SPEED_LIMIT_I,TOWED_BY,TOWED_TO,AREA_00_I,AREA_01_I,AREA_02_I,AREA_03_I,AREA_04_I,AREA_05_I,AREA_06_I,AREA_07_I,AREA_08_I,AREA_09_I,AREA_10_I,AREA_11_I,AREA_12_I,AREA_99_I,FIRST_CONTACT_POINT,CMV_ID,USDOT_NO,CCMC_NO,ILCC_NO,COMMERCIAL_SRC,GVWR,CARRIER_NAME,CARRIER_STATE,CARRIER_CITY,HAZMAT_PLACARDS_I,HAZMAT_NAME,UN_NO,HAZMAT_PRESENT_I,HAZMAT_REPORT_I,HAZMAT_REPORT_NO,MCS_REPORT_I,MCS_REPORT_NO,HAZMAT_VIO_CAUSE_CRASH_I,MCS_VIO_CAUSE_CRASH_I,IDOT_PERMIT_NO,WIDE_LOAD_I,TRAILER1_WIDTH,TRAILER2_WIDTH,TRAILER1_LENGTH,TRAILER2_LENGTH,TOTAL_VEHICLE_LENGTH,AXLE_CNT,VEHICLE_CONFIG,CARGO_BODY_TYPE,LOAD_TYPE,HAZMAT_OUT_OF_SERVICE_I,MCS_OUT_OF_SERVICE_I,HAZMAT_CLASS
2122088,6ce7dfef77f9073105db8434b6aaf5e3fc8648d9ece1f3a540dfd0acddbcb4daecbf149fe82091dfdc582ef8849c769854ec2f8933aa94d474952eb35fb93548,08/05/2025 01:00:00 PM,1,DRIVER,,2023006,,UNKNOWN,OTHER (EXPLAIN IN NARRATIVE),,,UNKNOWN,UNKNOWN/NA,UNKNOWN/NA,UNKNOWN,UNKNOWN/NA,,,1,,,,,,,,,,,,,,,N,,Y,UNKNOWN,,,,,,,,,,,,,,,,,,,,,,,,,,,,,,,,,
2122089,6ce7dfef77f9073105db8434b6aaf5e3fc8648d9ece1f3a540dfd0acddbcb4daecbf149fe82091dfdc582ef8849c769854ec2f8933aa94d474952eb35fb93548,08/05/2025 01:00:00 PM,2,PARKED,,2023008,,LEXUS,ES,IL,2025,UNKNOWN,PASSENGER,PERSONAL,E,PARKED,,,0,,,,,,,,,,,,,,,Y,,,FRONT-LEFT-CORNER,,,,,,,,,,,,,,,,,,,,,,,,,,,,,,,,,
2122076,cf754219241f61de21a305f494ea31b7e7a1afeac5b5e7b12970b1932df2fac4a34327c5c76eae8ea22e56eb15a93a904d296b61547a7ea8452a9d1457dc9285,08/05/2025 01:00:00 PM,1,DRIVER,,2022992,,TOYOTA,COROLLA,IL,2024,UNKNOWN,PASSENGER,RIDESHARE SERVICE,UNKNOWN,UNKNOWN/NA,,,1,,,,,,Y,Y,Y,,,,,,,,,,SIDE-RIGHT,,,,,,,,,,,,,,,,,,,,,,,,,,,,,,,,,
2122077,cf754219241f61de21a305f494ea31b7e7a1afeac5b5e7b12970b1932df2fac4a34327c5c76eae8ea22e56eb15a93a904d296b61547a7ea8452a9d1457dc9285,08/05/2025 01:00:00 PM,2,DRIVER,,2023002,,NISSAN,ROGUE,IL,2017,NONE,SPORT UTILITY VEHICLE (SUV),UNKNOWN/NA,UNKNOWN,UNKNOWN/NA,,,1,,,,,,,,,,,,,,Y,Y,,,FRONT-LEFT-CORNER,,,,,,,,,,,,,,,,,,,,,,,,,,,,,,,,,
2122039,ebe0763a0ab7527853f2b92b30048233613eaee7aeeda504a9e7102e9a76f3991484897bb1b7521300f4bbf7575eb1b30b0052036d73824d06d1bafbca5f1fe5,08/05/2025 01:00:00 PM,1,DRIVER,,2022956,,TOYOTA,OTHER (EXPLAIN IN NARRATIVE),IL,2009,NONE,PASSENGER,PERSONAL,UNKNOWN,STRAIGHT AHEAD,,,1,,,,,Y,,,,,,,,,,Y,Y,,FRONT,,,,,,,,,,,,,,,,,,,,,,,,,,,,,,,,,
2122040,ebe0763a0ab7527853f2b92b30048233613eaee7aeeda504a9e7102e9a76f3991484897bb1b7521300f4bbf7575eb1b30b0052036d73824d06d1bafbca5f1fe5,08/05/2025 01:00:00 PM,2,DRIVER,1,2022961,,HONDA,CIVIC,IL,2022,NONE,PASSENGER,PERSONAL,UNKNOWN,STRAIGHT AHEAD,,,2,,,,,,,,,Y,Y,Y,,,,,,,FRONT,,,,,,,,,,,,,,,,,,,,,,,,,,,,,,,,,
2122074,6db5cb16d00fcb7412df7b2d7b0cb3520ce6fdfcec18a8b84b488fd450a78ec08ea1c616377d2919961df297fd03ebb65473828226daa38c91a8a30b3f7e900d,08/05/2025 12:59:00 PM,1,DRIVER,2,2023007,,CHEVROLET,IMPALA,IL,2004,NONE,PASSENGER,PERSONAL,E,STRAIGHT AHEAD,Y,,3,,city of chicago,,,N,,,,,,,,,,Y,Y,,FRONT,,,,,,,,,,,,,,,,,,,,,,,,,,,,,,,,,
2122075,6db5cb16d00fcb7412df7b2d7b0cb3520ce6fdfcec18a8b84b488fd450a78ec08ea1c616377d2919961df297fd03ebb65473828226daa38c91a8a30b3f7e900d,08/05/2025 12:59:00 PM,2,DRIVER,,2023015,,TOYOTA,CAMRY,OH,2010,NONE,PASSENGER,PERSONAL,S,STRAIGHT AHEAD,Y,,1,,self tow,,,Y,Y,,,,,,,,,,Y,,SIDE-LEFT-FRONT,,,,,,,,,,,,,,,,,,,,,,,,,,,,,,,,,
2122134,db08e9480235f7825eb6bea34f7ccac6458af83b0412a2e9eeb5c8c3b8936ae41233d9bdc99927d86d143752ad8fdd2e1b3b2c197a87ed3dfefec09a7117576a,08/05/2025 12:53:00 PM,1,DRIVER,,2023047,,CHEVROLET,OTHER (EXPLAIN IN NARRATIVE),IL,2013,NONE,SPORT UTILITY VEHICLE (SUV),UNKNOWN/NA,N,TURNING LEFT,,,1,,,,,,,,,,,,,,,Y,Y,,FRONT-LEFT-CORNER,,,,,,,,,,,,,,,,,,,,,,,,,,,,,,,,,
2122135,db08e9480235f7825eb6bea34f7ccac6458af83b0412a2e9eeb5c8c3b8936ae41233d9bdc99927d86d143752ad8fdd2e1b3b2c197a87ed3dfefec09a7117576a,08/05/2025 12:53:00 PM,2,DRIVER,,2023051,,LINCOLN,OTHER (EXPLAIN IN NARRATIVE),IL,2013,NONE,PASSENGER,PERSONAL,S,STRAIGHT AHEAD,,,1,,,,,,,,,,,,,,Y,Y,,,FRONT-LEFT-CORNER,,,,,,,,,,,,,,,,,,,,,,,,,,,,,,,,,
2122005,df2e15acafba14addaa47da32bf0bd35c7b4bfb5e9870223ade307ffe89b53cbbca41aa58c194299d40fff23a10ba5dfa26a02a520b11dc6a28c162a9713dc0e,08/05/2025 12:45:00 PM,1,DRIVER,,2022937,,BUICK,ENCORE,IL,2014,UNKNOWN,PASSENGER,PERSONAL,W,TURNING LEFT,,,1,,,,,,,,,,,,,,,,,Y,UNKNOWN,,,,,,,,,,,,,,,,,,,,,,,,,,,,,,,,,
2122006,df2e15acafba14addaa47da32bf0bd35c7b4bfb5e9870223ade307ffe89b53cbbca41aa58c194299d40fff23a10ba5dfa26a02a520b11dc6a28c162a9713dc0e,08/05/2025 12:45:00 PM,2,DRIVER,,2022952,,CHEVROLET,EQUINOX,IL,2025,UNKNOWN,PASSENGER,PERSONAL,W,STRAIGHT AHEAD,,,1,,,,,Y,,,,,,,,,,,,,FRONT-RIGHT-CORNER,,,,,,,,,,,,,,,,,,,,,,,,,,,,,,,,,
2122181,f1595bbd896da38eb0720edd074f8c8e57add81b83a9de356f4f5d26bd0b67d784093d696b61f429916c56351e7247586bee081503714b8e1a9fe3f5c1a5b568,08/05/2025 12:45:00 PM,1,DRIVER,,2023097,,TOYOTA,AVALON,IL,2002,NONE,PASSENGER,PERSONAL,E,STRAIGHT AHEAD,,,1,,,,,,,,,,,,,,,,Y,,FRONT,,,,,,,,,,,,,,,,,,,,,,,,,,,,,,,,,
2122182,f1595bbd896da38eb0720edd074f8c8e57add81b83a9de356f4f5d26bd0b67d784093d696b61f429916c56351e7247586bee081503714b8e1a9fe3f5c1a5b568,08/05/2025 12:45:00 PM,2,DRIVER,,2023108,,MITSUBISHI,OTHER (EXPLAIN IN NARRATIVE),IL,2023,UNKNOWN,PASSENGER,PERSONAL,W,TURNING LEFT,,,1,,,,,Y,Y,Y,,,,,,,,,,,FRONT-RIGHT-CORNER,,,,,,,,,,,,,,,,,,,,,,,,,,,,,,,,,
2122034,aa20ec3cf06bd6badb82f836527e3731b1f59021de2e58101dfcbb5c336e8b31001d45f02792d1fac22a676ade04ff3d9012bbfc92be16cbcd8051ca21408dda,08/05/2025 12:32:00 PM,1,DRIVER,,2022958,,UNKNOWN,OTHER (EXPLAIN IN NARRATIVE),XX,,UNKNOWN,UNKNOWN/NA,UNKNOWN/NA,W,STRAIGHT AHEAD,,,1,,,,,,,,,,,,,,,,,Y,UNKNOWN,,,,,,,,,,,,,,,,,,,,,,,,,,,,,,,,,
2122035,aa20ec3cf06bd6badb82f836527e3731b1f59021de2e58101dfcbb5c336e8b31001d45f02792d1fac22a676ade04ff3d9012bbfc92be16cbcd8051ca21408dda,08/05/2025 12:32:00 PM,2,DRIVER,2,2022966,,CHEVROLET,OTHER (EXPLAIN IN NARRATIVE),IL,2020,NONE,PASSENGER,PERSONAL,W,SLOW/STOP IN TRAFFIC,,,3,,,,,Y,,,,,,,,,Y,Y,Y,N,UNKNOWN,,,,,,,,,,,,,,,,,,,,,,,,,,,,,,,,,
2122036,aa20ec3cf06bd6badb82f836527e3731b1f59021de2e58101dfcbb5c336e8b31001d45f02792d1fac22a676ade04ff3d9012bbfc92be16cbcd8051ca21408dda,08/05/2025 12:32:00 PM,3,DRIVER,,2022972,,FORD,ESCAPE,IL,2010,NONE,PASSENGER,PERSONAL,W,SLOW/STOP IN TRAFFIC,,,1,,,,,,,,,,Y,,,,,,,,UNKNOWN,,,,,,,,,,,,,,,,,,,,,,,,,,,,,,,,,
2122231,005e006b1e24d2607b47f435341fc655ff912ae02a0c17ce7280f44ab53092c7ba70f8f14e8a0dd017b862eced8b8398ffe6111ca8a6f530520f2754e3d466c0,08/05/2025 12:30:00 PM,1,DRIVER,,2023164,,CHEVROLET,IMPALA,IL,2007,UNKNOWN,UNKNOWN/NA,UNKNOWN/NA,UNKNOWN,STRAIGHT AHEAD,,,1,,,,,,,,,,,,,,,,,Y,UNKNOWN,,,,,,,,,,,,,,,,,,,,,,,,,,,,,,,,,
2122232,005e006b1e24d2607b47f435341fc655ff912ae02a0c17ce7280f44ab53092c7ba70f8f14e8a0dd017b862eced8b8398ffe6111ca8a6f530520f2754e3d466c0,08/05/2025 12:30:00 PM,2,DRIVER,,2023156,,CHEVROLET,OTHER (EXPLAIN IN NARRATIVE),IL,2019,UNKNOWN,PASSENGER,PERSONAL,E,STRAIGHT AHEAD,,,1,,,,Y,N,,,,,,,,,,,,,NONE,,,,,,,,,,,,,,,,,,,,,,,,,,,,,,,,,
2122190,981182863f9336e0881643c82ff3d2d5eb56884240de53d99fd5d4474d418e660d34baff30ee2b68fa29f458dacb16db27e23a798f68f6028b7897e4f9c58940,08/05/2025 12:30:00 PM,1,DRIVER,,2023102,,JEEP,GRAND CHEROKEE,IL,2021,UNKNOWN,PASSENGER,PERSONAL,W,STRAIGHT AHEAD,,,1,,,,,Y,,,,,,,,,,Y,Y,Y,FRONT,,,,,,,,,,,,,,,,,,,,,,,,,,,,,,,,,
2122191,981182863f9336e0881643c82ff3d2d5eb56884240de53d99fd5d4474d418e660d34baff30ee2b68fa29f458dacb16db27e23a798f68f6028b7897e4f9c58940,08/05/2025 12:30:00 PM,2,DRIVER,,2023112,,CHEVROLET,TRAVERSE,IL,2017,NONE,PASSENGER,PERSONAL,W,STRAIGHT AHEAD,,,1,,,,,,,,,Y,Y,Y,,,,,,Y,REAR,,,,,,,,,,,,,,,,,,,,,,,,,,,,,,,,,
2123596,b566b2cec9d28736a03f20ccc912c32ede03566a9009135da2c7695397b30eaf8a8d8253cf9103c4afc98a071c048e30b2c35bffc2fb88de59989f7ef9bfb3c7,08/05/2025 12:30:00 PM,1,DRIVER,,2024451,,FREIGHTLINER CORPORATION,FREIGHTLINER CORP.,IL,2022,NONE,TRACTOR W/ SEMI-TRAILER,PERSONAL,W,BACKING,,,1,,,,,,,,,Y,,,,,,,,,REAR-RIGHT-CORNER,,,,,,,,,,,,,,,,,,,,,,,,,,,,,,,,,
2123597,b566b2cec9d28736a03f20ccc912c32ede03566a9009135da2c7695397b30eaf8a8d8253cf9103c4afc98a071c048e30b2c35bffc2fb88de59989f7ef9bfb3c7,08/05/2025 12:30:00 PM,2,PARKED,,2024470,,FORD,EDGE,IL,2013,NONE,PASSENGER,PERSONAL,W,PARKED,,,0,,,,,,,,,,,,,,,Y,,,FRONT-LEFT-CORNER,,,,,,,,,,,,,,,,,,,,,,,,,,,,,,,,,
2123598,b566b2cec9d28736a03f20ccc912c32ede03566a9009135da2c7695397b30eaf8a8d8253cf9103c4afc98a071c048e30b2c35bffc2fb88de59989f7ef9bfb3c7,08/05/2025 12:30:00 PM,3,PARKED,,2024483,,DODGE,CARAVAN,IL,2013,NONE,PASSENGER,PERSONAL,W,PARKED,,,0,,,,,,,,,,,,Y,Y,Y,Y,,,REAR-LEFT-CORNER,,,,,,,,,,,,,,,,,,,,,,,,,,,,,,,,,
2122130,4ce5bf6ae89990e4ed43371b0ee4d19da3f83f49403894cf9ec1d4c958ef101149d34afcd28a4189132b25c6cc96328024d183ce5f18e7d3412ce9f0c08cee25,08/05/2025 12:25:00 PM,1,DRIVER,,2023040,,HONDA,PASSPORT,OH,2016,NONE,SPORT UTILITY VEHICLE (SUV),UNKNOWN/NA,S,STRAIGHT AHEAD,,,1,,,,,,,,,,N,,,,,,Y,,FRONT,,,,,,,,,,,,,,,,,,,,,,,,,,,,,,,,,
2122131,4ce5bf6ae89990e4ed43371b0ee4d19da3f83f49403894cf9ec1d4c958ef101149d34afcd28a4189132b25c6cc96328024d183ce5f18e7d3412ce9f0c08cee25,08/05/2025 12:25:00 PM,2,DRIVER,,2023049,,LAND ROVER,DISCOVERY,IL,2021,NONE,SPORT UTILITY VEHICLE (SUV),PERSONAL,S,STRAIGHT AHEAD,,,1,,,,,,,,,,Y,,,,,,,,REAR,,,,,,,,,,,,,,,,,,,,,,,,,,,,,,,,,
2121980,6f8265417f0b6da560a366adf50d7cf07b2e663e03307b01d10dbd4ad8d855c287be9cdd7cec6e4aa4dbb419df2cc5ce40657caa10706f83eada4d08baec4d9f,08/05/2025 12:23:00 PM,1,DRIVER,,2022906,,MERCEDES-BENZ,OTHER (EXPLAIN IN NARRATIVE),IL,2019,UNKNOWN,SPORT UTILITY VEHICLE (SUV),PERSONAL,S,ENTER FROM DRIVE/ALLEY,,,1,,,,,,,,,,,,,,,,,Y,FRONT,,,,,,,,,,,,,,,,,,,,,,,,,,,,,,,,,
2121981,6f8265417f0b6da560a366adf50d7cf07b2e663e03307b01d10dbd4ad8d855c287be9cdd7cec6e4aa4dbb419df2cc5ce40657caa10706f83eada4d08baec4d9f,08/05/2025 12:23:00 PM,2,BICYCLE,,,,,,,,,,,,,,,,,,,,,,,,,,,,,,,,,,,,,,,,,,,,,,,,,,,,,,,,,,,,,,,,,,
2121998,d91be8a6eb1a5b41f0ee22f02d2d4b1e6556f6cd2d554f26620082dcf32e7dde7a389cbc2126044c9c097cfe2c05a3d339259888f66c8c3b3eed9cc6ea7ed256,08/05/2025 12:20:00 PM,1,DRIVER,,2022921,Y,FORD,OTHER (EXPLAIN IN NARRATIVE),IL,2022,NONE,TRUCK - SINGLE UNIT,COMMERCIAL - SINGLE UNIT,N,TURNING RIGHT,,,1,,,,,,,,,,,,,,,Y,,,FRONT-LEFT-CORNER,"21,946",86876,,,SIDE OF TRUCK,,FEDEX,,,,,,N,N,,N,,N,N,,,,,,,,,"SINGLE UNIT TRUCK, 2 AXLES, 6 TIRES",VAN/ENCLOSED BOX,,N,N,
2121999,d91be8a6eb1a5b41f0ee22f02d2d4b1e6556f6cd2d554f26620082dcf32e7dde7a389cbc2126044c9c097cfe2c05a3d339259888f66c8c3b3eed9cc6ea7ed256,08/05/2025 12:20:00 PM,2,DRIVER,,2022936,,NISSAN,ALTIMA,IL,2024,NONE,PASSENGER,PERSONAL,N,TURNING RIGHT,,,1,,,,,,,Y,Y,,,,,,,,,,SIDE-RIGHT-REAR,,,,,,,,,,,,,,,,,,,,,,,,,,,,,,,,,
2122000,e0008af00d182bf712f4c623db8204d07c8bfcffc71b9850a96772700afde35ff3f67ffabddf3c5cccedf213d5065e3908e648391c8054f030ecf2d26c584d05,08/05/2025 12:20:00 PM,1,DRIVER,,2022924,,FORD,ESCAPE,IL,2009,UNKNOWN,SPORT UTILITY VEHICLE (SUV),UNKNOWN/NA,S,SLOW/STOP IN TRAFFIC,,,1,,,,,Y,,,,,,,,,,Y,Y,,FRONT,,,,,,,,,,,,,,,,,,,,,,,,,,,,,,,,,
2122001,e0008af00d182bf712f4c623db8204d07c8bfcffc71b9850a96772700afde35ff3f67ffabddf3c5cccedf213d5065e3908e648391c8054f030ecf2d26c584d05,08/05/2025 12:20:00 PM,2,DRIVER,,2022934,,TOYOTA,CAMRY,IL,2005,NONE,PASSENGER,PERSONAL,S,SLOW/STOP IN TRAFFIC,,,1,,,,,Y,,,,Y,Y,Y,,,,Y,Y,,REAR,,,,,,,,,,,,,,,,,,,,,,,,,,,,,,,,,
2122002,e0008af00d182bf712f4c623db8204d07c8bfcffc71b9850a96772700afde35ff3f67ffabddf3c5cccedf213d5065e3908e648391c8054f030ecf2d26c584d05,08/05/2025 12:20:00 PM,3,DRIVER,,2022941,,UNKNOWN,OTHER (EXPLAIN IN NARRATIVE),,,UNKNOWN,SPORT UTILITY VEHICLE (SUV),UNKNOWN/NA,S,SLOW/STOP IN TRAFFIC,,,1,,,,,,,,,Y,Y,Y,,,,,,,REAR,,,,,,,,,,,,,,,,,,,,,,,,,,,,,,,,,
2122112,29413a551b465b2d26faaa7c76c4e05afae6afd2d2b88e180e5b1f6b416005f4c1c45d2b8e6ce0ae6f279041ad9c35d88da5b73408d4a627cf393114edda41f6,08/05/2025 12:15:00 PM,1,DRIVER,,2023033,,TOYOTA,RAV4,IL,2009,UNKNOWN,PASSENGER,PERSONAL,S,BACKING,,,1,,,,,,,,,,,,,,,,,Y,REAR,,,,,,,,,,,,,,,,,,,,,,,,,,,,,,,,,
2122113,29413a551b465b2d26faaa7c76c4e05afae6afd2d2b88e180e5b1f6b416005f4c1c45d2b8e6ce0ae6f279041ad9c35d88da5b73408d4a627cf393114edda41f6,08/05/2025 12:15:00 PM,2,DRIVER,,2023037,,JEEP,PATRIOT,IL,2016,UNKNOWN,PASSENGER,PERSONAL,E,STARTING IN TRAFFIC,,,1,,,,,,,,,,,Y,,,,,,,REAR,,,,,,,,,,,,,,,,,,,,,,,,,,,,,,,,,
2122194,313fd1ce836267a5b4f505223fe7cef60e5c88c3d29a423fad08e6e7c1502a6beb2e351bcf1c0ef04ade06603a04e47fb18064aac299bf9951f5963a9fc24921,08/05/2025 12:15:00 PM,1,DRIVER,,2023105,,NISSAN,OTHER (EXPLAIN IN NARRATIVE),IL,2024,NONE,PASSENGER,PERSONAL,UNKNOWN,STRAIGHT AHEAD,,,1,,,,,Y,Y,,,,,,,,,,Y,,FRONT-RIGHT-CORNER,,,,,,,,,,,,,,,,,,,,,,,,,,,,,,,,,
2122195,313fd1ce836267a5b4f505223fe7cef60e5c88c3d29a423fad08e6e7c1502a6beb2e351bcf1c0ef04ade06603a04e47fb18064aac299bf9951f5963a9fc24921,08/05/2025 12:15:00 PM,2,DRIVER,,2023114,,NISSAN,VERSA,IL,2024,NONE,PASSENGER,PERSONAL,UNKNOWN,STRAIGHT AHEAD,,,1,,,,,,,,,,Y,Y,Y,,,,,,REAR-LEFT-CORNER,,,,,,,,,,,,,,,,,,,,,,,,,,,,,,,,,
2121996,bfd151ffe055d748b8b57be5d820d825f91256d3a078a24ec8f3ea516e6165e2a093d3ba6a94543af1a95963b71c0ca3a99a2267bd9d8b18db8bcb7e845a545f,08/05/2025 12:15:00 PM,1,DRIVER,1,2022919,,CHEVROLET,MALIBU,IL,2011,WINDOWS,PASSENGER,PERSONAL,NW,TURNING LEFT,,,2,,,,,Y,,,,,,,,,,,Y,Y,FRONT-RIGHT-CORNER,,,,,,,,,,,,,,,,,,,,,,,,,,,,,,,,,
2121997,bfd151ffe055d748b8b57be5d820d825f91256d3a078a24ec8f3ea516e6165e2a093d3ba6a94543af1a95963b71c0ca3a99a2267bd9d8b18db8bcb7e845a545f,08/05/2025 12:15:00 PM,2,DRIVER,1,2022933,,KIA,SPORTAGE,IL,2017,NONE,PASSENGER,PERSONAL,W,STRAIGHT AHEAD,,,2,,,,,,,,,,,,,,,Y,Y,,FRONT-LEFT-CORNER,,,,,,,,,,,,,,,,,,,,,,,,,,,,,,,,,
2122140,2287370fc7eaf7ab6b3a75dca7ddbcb05ebad6220507a4e5050c1bff38ef75fdd349f77b6dd5ca8d950e158d2aa57b2964981c20a3e7e38ce56a4e89fa0888d5,08/05/2025 12:09:00 PM,2,DRIVER,,2023057,,ACURA,ADX,IL,2014,NONE,PASSENGER,PERSONAL,S,STRAIGHT AHEAD,,,1,,,,,Y,Y,,,,,,,,,,,,FRONT-RIGHT-CORNER,,,,,,,,,,,,,,,,,,,,,,,,,,,,,,,,,
2122141,2287370fc7eaf7ab6b3a75dca7ddbcb05ebad6220507a4e5050c1bff38ef75fdd349f77b6dd5ca8d950e158d2aa57b2964981c20a3e7e38ce56a4e89fa0888d5,08/05/2025 12:09:00 PM,1,DRIVER,,2023071,,UNKNOWN,OTHER (EXPLAIN IN NARRATIVE),IL,,NONE,UNKNOWN/NA,PERSONAL,S,STRAIGHT AHEAD,,,1,,,,,,,,,,,,,,,,,,UNKNOWN,,,,,,,,,,,,,,,,,,,,,,,,,,,,,,,,,
2122011,7ce325217fca694953f100cb62cb393e0f966c811f639e9f1b7f43911213f3f963d3412a1879ce0f04328b35bea39cafc7741f9311c3eb201829372901a1f4d2,08/05/2025 12:08:00 PM,1,DRIVER,,2022951,,CHRYSLER,TOWN & COUNTRY,IL,2005,UNKNOWN,VAN/MINI-VAN,PERSONAL,N,LEAVING TRAFFIC LANE TO PARK,,,1,,,,,,Y,Y,Y,,,,N,N,N,,,,SIDE-RIGHT,,,,,,,,,,,,,,,,,,,,,,,,,,,,,,,,,
2122012,7ce325217fca694953f100cb62cb393e0f966c811f639e9f1b7f43911213f3f963d3412a1879ce0f04328b35bea39cafc7741f9311c3eb201829372901a1f4d2,08/05/2025 12:08:00 PM,2,DRIVER,,2022957,,HONDA,CIVIC,IL,2012,UNKNOWN,PASSENGER,PERSONAL,N,ENTERING TRAFFIC LANE FROM PARKING,,,1,,,,,,,,,,,,,,Y,Y,Y,,FRONT-LEFT-CORNER,,,,,,,,,,,,,,,,,,,,,,,,,,,,,,,,,
2121992,5284b77cfbcffa23a714c747d19e087bc3924a011a2af35e1dcf535baa903cbddf85315ebaa660db243c134d2ad4007d7d93a5a04e720f85bf9e2e46741727f3,08/05/2025 12:03:00 PM,1,DRIVER,,2022917,,NISSAN,ROGUE,IL,2020,OTHER,SPORT UTILITY VEHICLE (SUV),PERSONAL,UNKNOWN,CHANGING LANES,,,1,,,,,Y,Y,,,,,,,,,,,,FRONT-RIGHT-CORNER,,,,,,,,,,,,,,,,,,,,,,,,,,,,,,,,,
2121993,5284b77cfbcffa23a714c747d19e087bc3924a011a2af35e1dcf535baa903cbddf85315ebaa660db243c134d2ad4007d7d93a5a04e720f85bf9e2e46741727f3,08/05/2025 12:03:00 PM,2,DRIVER,,2022920,,AUDI,A5,AZ,2016,UNKNOWN,PASSENGER,PERSONAL,UNKNOWN,STRAIGHT AHEAD,,,1,,,,,,,,,,,,,,Y,Y,,,FRONT-LEFT-CORNER,,,,,,,,,,,,,,,,,,,,,,,,,,,,,,,,,
2121960,3606574ba62e22ae603fccd551afd634e6aa2be4808f959107a186c167422aed205ad18aa5e375539de16b3e8fa37ebb419a518593cfce2f4cfdf85c2ee40bc1,08/05/2025 12:00:00 PM,1,DRIVER,,2022879,,CHEVROLET,OTHER (EXPLAIN IN NARRATIVE),IL,,UNKNOWN,SPORT UTILITY VEHICLE (SUV),UNKNOWN/NA,E,STRAIGHT AHEAD,,,1,,,,,,,,,,,,,,,Y,Y,,FRONT,,,,,,,,,,,,,,,,,,,,,,,,,,,,,,,,,
2121961,3606574ba62e22ae603fccd551afd634e6aa2be4808f959107a186c167422aed205ad18aa5e375539de16b3e8fa37ebb419a518593cfce2f4cfdf85c2ee40bc1,08/05/2025 12:00:00 PM,2,DRIVER,1,2022886,,TOYOTA,HIGHLANDER,IL,2014,NONE,SPORT UTILITY VEHICLE (SUV),PERSONAL,E,SLOW/STOP IN TRAFFIC,,,2,,,,,,,,,Y,,,,,,,,,REAR-RIGHT-CORNER,,,,,,,,,,,,,,,,,,,,,,,,,,,,,,,,,
2122018,62e730a2c2867fb4db707817792e56df6e8a06d18452624c7528d07cb04a2c254a72bc19fb313cc5abcef68f5cad06512ba7b399f857df37a0ee4b1986f0fe1c,08/05/2025 12:00:00 PM,1,DRIVER,1,2022939,,FORD,F150,IL,2008,NONE,PICKUP,PERSONAL,S,STRAIGHT AHEAD,,,2,,,,,Y,,,,,,,,,,Y,Y,,FRONT,,,,,,,,,,,,,,,,,,,,,,,,,,,,,,,,,
2122019,62e730a2c2867fb4db707817792e56df6e8a06d18452624c7528d07cb04a2c254a72bc19fb313cc5abcef68f5cad06512ba7b399f857df37a0ee4b1986f0fe1c,08/05/2025 12:00:00 PM,2,DRIVER,,2022947,,MITSUBISHI,OUTLANDER,IL,2023,NONE,SPORT UTILITY VEHICLE (SUV),PERSONAL,W,STRAIGHT AHEAD,,,1,,,,,,Y,Y,Y,Y,,,,,,,,,SIDE-RIGHT,,,,,,,,,,,,,,,,,,,,,,,,,,,,,,,,,
2122480,8d68ff70a9fd78d3b9712aa10b9de55b2e861107af6fa59f224dd013a81440e4b10b74143f27e02dc8651eee3139709e7d9551b97096030b0d870de00439af00,08/05/2025 12:00:00 PM,1,DRIVER,,2023383,,TOYOTA,RAV4,IL,2019,NONE,SPORT UTILITY VEHICLE (SUV),TAXI/FOR HIRE,E,UNKNOWN/NA,,,1,,,,,,,,,,,,,,,Y,,,FRONT-LEFT-CORNER,,,,,,,,,,,,,,,,,,,,,,,,,,,,,,,,,
2122481,8d68ff70a9fd78d3b9712aa10b9de55b2e861107af6fa59f224dd013a81440e4b10b74143f27e02dc8651eee3139709e7d9551b97096030b0d870de00439af00,08/05/2025 12:00:00 PM,2,DRIVER,,2023385,,FORD,ESCAPE,IL,2011,NONE,SPORT UTILITY VEHICLE (SUV),TAXI/FOR HIRE,E,UNKNOWN/NA,,,1,,,,,Y,,,,,,,,,,,,,FRONT-RIGHT-CORNER,,,,,,,,,,,,,,,,,,,,,,,,,,,,,,,,,
2122032,f60cf0ca329af4c79414ee96427695332884354d86508728984b8ac2a57ded3d3bda8bde8b73b8ed4da62b718dfcc1508ccd77079101236b19299aec82d09cbe,08/05/2025 12:00:00 PM,1,DRIVER,,2022959,,TOYOTA,AVALON,MI,2002,UNKNOWN,PASSENGER,PERSONAL,E,TURNING RIGHT,,,1,,,,,,,,,,,,,,,,,Y,FRONT,,,,,,,,,,,,,,,,,,,,,,,,,,,,,,,,,