CRASH_UNIT_ID,CRASH_RECORD_ID,CRASH_DATE,UNIT_NO,UNIT_TYPE,NUM_PASSENGERS,VEHICLE_ID,CMRC_VEH_I,MAKE,MODEL,LIC_PLATE_STATE,VEHICLE_YEAR,VEHICLE_DEFECT,VEHICLE_TYPE,VEHICLE_USE,TRAVEL_DIRECTION,MANEUVER,TOWED_I,FIRE_I,OCCUPANT_CNT,EXCEED_SPEED_LIMIT_I,TOWED_BY,TOWED_TO,AREA_00_I,AREA_01_I,AREA_02_I,AREA_03_I,AREA_04_I,AREA_05_I,AREA_06_I,AREA_07_I,AREA_08_I,AREA_09_I,AREA_10_I,AREA_11_I,AREA_12_I,AREA_99_I,FIRST_CONTACT_POINT,CMV_ID,USDOT_NO,CCMC_NO,ILCC_NO,COMMERCIAL_SRC,GVWR,CARRIER_NAME,CARRIER_STATE,CARRIER_CITY,HAZMAT_PLACARDS_I,HAZMAT_NAME,UN_NO,HAZMAT_PRESENT_I,HAZMAT_REPORT_I,HAZMAT_REPORT_NO,MCS_REPORT_I,MCS_REPORT_NO,HAZMAT_VIO_CAUSE_CRASH_I,MCS_VIO_CAUSE_CRASH_I,IDOT_PERMIT_NO,WIDE_LOAD_I,TRAILER1_WIDTH,TRAILER2_WIDTH,TRAILER1_LENGTH,TRAILER2_LENGTH,TOTAL_VEHICLE_LENGTH,AXLE_CNT,VEHICLE_CONFIG,CARGO_BODY_TYPE,LOAD_TYPE,HAZMAT_OUT_OF_SERVICE_I,MCS_OUT_OF_SERVICE_I,HAZMAT_CLASS
2122033,f60cf0ca329af4c79414ee96427695332884354d86508728984b8ac2a57ded3d3bda8bde8b73b8ed4da62b718dfcc1508ccd77079101236b19299aec82d09cbe,08/05/2025 12:00:00 PM,2,DRIVER,,2022964,,MITSUBISHI,OUTLANDER,IL,2023,NONE,SPORT UTILITY VEHICLE (SUV),PERSONAL,W,TURNING LEFT,,,1,,,,,Y,Y,,,,,,,,,,,,FRONT-RIGHT-CORNER,,,,,,,,,,,,,,,,,,,,,,,,,,,,,,,,,
2122580,4712c8cb6de977cbb828b4827d3d76eea08a9d4416aebd8bd9b9c9f1abed6d207d2e7699be2fa503fb5425a9a4f17fbae08a842139c96af86ab2816ed6072311,08/05/2025 11:59:00 AM,1,DRIVER,,2023470,,JEEP,CHEROKEE,IL,2014,UNKNOWN,SPORT UTILITY VEHICLE (SUV),PERSONAL,S,BACKING,,,1,,,,,,,,,,Y,,,,,,,,REAR,,,,,,,,,,,,,,,,,,,,,,,,,,,,,,,,,
2122581,4712c8cb6de977cbb828b4827d3d76eea08a9d4416aebd8bd9b9c9f1abed6d207d2e7699be2fa503fb5425a9a4f17fbae08a842139c96af86ab2816ed6072311,08/05/2025 11:59:00 AM,2,DRIVER,,2023471,,NISSAN,ROGUE,IL,2016,UNKNOWN,SPORT UTILITY VEHICLE (SUV),PERSONAL,S,SLOW/STOP IN TRAFFIC,,,1,,,,,,,,,,,,,,,Y,Y,,FRONT,,,,,,,,,,,,,,,,,,,,,,,,,,,,,,,,,
2121978,e34dc70ba40faef9832effc6bb4ab13631314d5196f885451ac029675046669a355bcc5c82bb4cb6beabbcd0bc60947a99cab5f5eb25473f76055ebb6366ab9f,08/05/2025 11:56:00 AM,1,DRIVER,,2022918,,FORD,BRONCO / BRONCO II,IL,2021,NONE,SPORT UTILITY VEHICLE (SUV),PERSONAL,N,TURNING LEFT,,,1,,,,Y,Y,,,,,,,,,,,Y,,FRONT,,,,,,,,,,,,,,,,,,,,,,,,,,,,,,,,,
2121979,e34dc70ba40faef9832effc6bb4ab13631314d5196f885451ac029675046669a355bcc5c82bb4cb6beabbcd0bc60947a99cab5f5eb25473f76055ebb6366ab9f,08/05/2025 11:56:00 AM,2,PEDESTRIAN,,,,,,,,,,,,,,,,,,,,,,,,,,,,,,,,,,,,,,,,,,,,,,,,,,,,,,,,,,,,,,,,,,
2122482,1de15eb8e338198246485e327e00abe2f7bd9b00ed20fafed5145454c36b5a4f70398c51378819a7f7b7f4a724c6f93bb662b77c4d68a96740e3aad5e2cce3fb,08/05/2025 11:50:00 AM,1,DRIVER,,2023382,,"JCB EXCAVATORS, INC. WHITEMARSH,MARYLAND","JCB EXCAVATORS, INC. WHITEMARSH,MARYLAND",IL,,NONE,UNKNOWN/NA,STATE OWNED,N,OTHER,,,1,,,,,,,,,,,,,,,,,,TOP,,,,,,,,,,,,,,,,,,,,,,,,,,,,,,,,,
2121975,8de7e30d6ad15e0a9fca04f585c3646fadeca7a980f241d90d47024033f925d64ee8c3b97f62f10e5375a2c14a8c9c1605c367fd970d98c6ae588fe39dc01c2e,08/05/2025 11:30:00 AM,1,DRIVER,,2022902,Y,FREIGHTLINER CORPORATION,OTHER (EXPLAIN IN NARRATIVE),MO,2025,UNKNOWN,SINGLE UNIT TRUCK WITH TRAILER,COMMERCIAL - SINGLE UNIT,W,TURNING RIGHT,,,1,,,,,,,Y,,,,,,,,,,,SIDE-RIGHT,"21,944",00022495,,,LOG BOOK,2,OPIES TRANSPORT INC,MO,ELDON,,,904,N,N,,N,,U,N,000022495,,,,,,,3,TRACTOR/SEMI-TRAILER,TANK,UNKNOWN,N,N,
2121976,8de7e30d6ad15e0a9fca04f585c3646fadeca7a980f241d90d47024033f925d64ee8c3b97f62f10e5375a2c14a8c9c1605c367fd970d98c6ae588fe39dc01c2e,08/05/2025 11:30:00 AM,2,PARKED,,2022910,Y,KEN TRAILER,KEN TRAILER,TN,2016,UNKNOWN,SINGLE UNIT TRUCK WITH TRAILER,COMMERCIAL - SINGLE UNIT,E,PARKED,,,0,,,,,,,,,,,Y,,,,,,,REAR-LEFT-CORNER,"21,945",121018,,,LOG BOOK,2,ESTES EXPRESS LINES,IN,SOUTH BEND,,,,N,U,,U,,N,N,121018,,,,,,,,TRACTOR/SEMI-TRAILER,VAN/ENCLOSED BOX,UNKNOWN,N,N,
2121946,d448bc0728edcec144a6325ae25f1e77164c104e0981071d405fb140595eddd187bc737d2fa1fff5c4f2ae5b0bf56178b384f6eea152b057796d19e998c9f891,08/05/2025 11:30:00 AM,1,DRIVER,,2022875,,TOYOTA,CAMRY,IL,2005,NONE,PASSENGER,PERSONAL,W,STRAIGHT AHEAD,,,1,,,,,,,,,,,,,,,,Y,,FRONT,,,,,,,,,,,,,,,,,,,,,,,,,,,,,,,,,
2121947,d448bc0728edcec144a6325ae25f1e77164c104e0981071d405fb140595eddd187bc737d2fa1fff5c4f2ae5b0bf56178b384f6eea152b057796d19e998c9f891,08/05/2025 11:30:00 AM,2,DRIVER,,2022882,,DODGE,RAM PROMASTER,IL,2020,NONE,VAN/MINI-VAN,PERSONAL,W,STRAIGHT AHEAD,,,1,,,,,,,,,Y,Y,,,,,,,,REAR,,,,,,,,,,,,,,,,,,,,,,,,,,,,,,,,,
2122671,b35898b5e2ecabfb0e28cbe17958d5137f0db679825bd2b46bee8bb9f8e979d2854cc92c1c09fc27a94506da3f6ecffc66794cf94066845f76006073e730aa89,08/05/2025 11:26:00 AM,1,PARKED,,2023560,,HONDA,ACCORD,IL,2013,NONE,PASSENGER,PERSONAL,W,PARKED,Y,,0,,,,,,,,,,,,,,,Y,,,SIDE-LEFT,,,,,,,,,,,,,,,,,,,,,,,,,,,,,,,,,
2122672,b35898b5e2ecabfb0e28cbe17958d5137f0db679825bd2b46bee8bb9f8e979d2854cc92c1c09fc27a94506da3f6ecffc66794cf94066845f76006073e730aa89,08/05/2025 11:26:00 AM,2,DRIVER,,2023561,,VOLKSWAGEN,VANAGON,IL,,NONE,VAN/MINI-VAN,COMMERCIAL - SINGLE UNIT,W,STRAIGHT AHEAD,,,1,,,,,Y,,,,,,,,,,,,,FRONT-RIGHT-CORNER,,,,,,,,,,,,,,,,,,,,,,,,,,,,,,,,,
2122558,7196f56e63089ce84c3351853e777ae17c1fe1e24f64f3b991f44d7aa2088482c27cddd81f75c9d7cc991bf67e7986c67ba7e51bcb1ac4fb922d84425df1500d,08/05/2025 11:15:00 AM,1,DRIVER,,2023451,,JEEP,JEEP,IL,2012,NONE,PASSENGER,PERSONAL,S,STRAIGHT AHEAD,,,1,,,,,,,,,,,,,,,,Y,Y,FRONT,,,,,,,,,,,,,,,,,,,,,,,,,,,,,,,,,
2122559,7196f56e63089ce84c3351853e777ae17c1fe1e24f64f3b991f44d7aa2088482c27cddd81f75c9d7cc991bf67e7986c67ba7e51bcb1ac4fb922d84425df1500d,08/05/2025 11:15:00 AM,2,DRIVER,,2023457,,VOLVO,S60,IL,2007,NONE,PASSENGER,PERSONAL,S,STARTING IN TRAFFIC,,,1,,,,,,,,,,Y,,,,,,,,REAR,,,,,,,,,,,,,,,,,,,,,,,,,,,,,,,,,
2121952,197e4a57b77c9baa81f8f7834753d92e1772f658e5720a850943af67bcc9238299516063fa0c1fcf2a48e5c31030d002ee3deb2c9f6b2f72adcec3a09db29e45,08/05/2025 11:00:00 AM,1,DRIVER,,2022884,,CHEVROLET,OTHER (EXPLAIN IN NARRATIVE),IL,2002,UNKNOWN,PICKUP,PERSONAL,N,TURNING RIGHT,,,1,,,,,,,,,,,,,,,Y,,,FRONT-LEFT-CORNER,,,,,,,,,,,,,,,,,,,,,,,,,,,,,,,,,
2121953,197e4a57b77c9baa81f8f7834753d92e1772f658e5720a850943af67bcc9238299516063fa0c1fcf2a48e5c31030d002ee3deb2c9f6b2f72adcec3a09db29e45,08/05/2025 11:00:00 AM,2,DRIVER,,2022891,,NOVA BUS,OTHER (EXPLAIN IN NARRATIVE),IL,2024,UNKNOWN,BUS OVER 15 PASS.,CTA,E,TURNING LEFT,,,1,,,,,,,Y,,,,,,,,,,,SIDE-RIGHT,,,,,,,,,,,,,,,,,,,,,,,,,,,,,,,,,
2121967,1c76be2a2d7b889b663047c42f16a0274748c66b6d564b33dd53cfd08aafa3c0979cb8fbc3a72fcb02752c6188413127d1c16e030f7c30ac067200cdca3ff4d9,08/05/2025 11:00:00 AM,1,DRIVER,,2022901,,UNKNOWN,OTHER (EXPLAIN IN NARRATIVE),IL,,NONE,TRACTOR W/ SEMI-TRAILER,COMMERCIAL - MULTI-UNIT,E,BACKING,,,1,,,,,,,,,,,,,,,,,Y,REAR,,,,,,,,,,,,,,,,,,,,,,,,,,,,,,,,,
2121968,1c76be2a2d7b889b663047c42f16a0274748c66b6d564b33dd53cfd08aafa3c0979cb8fbc3a72fcb02752c6188413127d1c16e030f7c30ac067200cdca3ff4d9,08/05/2025 11:00:00 AM,2,DRIVER,,2022911,,INTERNATIONAL TRAILER CORPORATION,INTERNATIONAL TRAILER CORP.,IN,2021,NONE,TRUCK - SINGLE UNIT,COMMERCIAL - SINGLE UNIT,N,STRAIGHT AHEAD,,,1,,,,,Y,Y,,,,,,,,,,,,FRONT-RIGHT-CORNER,,,,,,,,,,,,,,,,,,,,,,,,,,,,,,,,,
2121931,70d995f02ab81416cd21df77ed1b85bb9f8bee502183d8e52c794bbaf82ae05d5188c92cc4ba2e45a9c086035503b18dfbb730104e8073b0caad381ebad95eb2,08/05/2025 11:00:00 AM,1,DRIVER,,2022874,,TOYOTA,PRIUS,IL,2010,UNKNOWN,PASSENGER,PERSONAL,UNKNOWN,BACKING,,,1,,,,,,,,,Y,Y,Y,,,,,,,REAR,,,,,,,,,,,,,,,,,,,,,,,,,,,,,,,,,
2121932,70d995f02ab81416cd21df77ed1b85bb9f8bee502183d8e52c794bbaf82ae05d5188c92cc4ba2e45a9c086035503b18dfbb730104e8073b0caad381ebad95eb2,08/05/2025 11:00:00 AM,2,DRIVER,,2022877,,CHEVROLET,TRAVERSE,IL,2013,UNKNOWN,SPORT UTILITY VEHICLE (SUV),PERSONAL,UNKNOWN,STRAIGHT AHEAD,,,1,,,,,,,,,,,Y,,,,,,,REAR,,,,,,,,,,,,,,,,,,,,,,,,,,,,,,,,,
2122599,870360629f98b2bfcd28fcaa963a91d27f26c394667fc2bbee31fcbc6040f64e1e0091c50f062fd5dc4e130d53b3ed56753f2db39c1bde3429de7970a9788e79,08/05/2025 11:00:00 AM,1,DRIVER,,2023498,,TOYOTA,CAMRY,IL,2022,NONE,PASSENGER,PERSONAL,W,STRAIGHT AHEAD,N,,1,,,,,,Y,,Y,,,,,,,,,,SIDE-RIGHT,,,,,,,,,,,,,,,,,,,,,,,,,,,,,,,,,
2121990,ab67ba726ef4b4d562853f35bb5d5bf829bfd564ccc8053da672f7a55c496c0b6956423a322d1d6e33c5a11e11409babce7decf188e2f144aebabb0f0f0986df,08/05/2025 11:00:00 AM,1,DRIVER,,2022916,,SUBARU,FORESTER,IL,2014,BRAKES,SPORT UTILITY VEHICLE (SUV),PERSONAL,N,STRAIGHT AHEAD,,,1,,,,,,,,,,,,,,,,Y,,FRONT,,,,,,,,,,,,,,,,,,,,,,,,,,,,,,,,,
2121991,ab67ba726ef4b4d562853f35bb5d5bf829bfd564ccc8053da672f7a55c496c0b6956423a322d1d6e33c5a11e11409babce7decf188e2f144aebabb0f0f0986df,08/05/2025 11:00:00 AM,2,DRIVER,,2022948,,LINCOLN,MKT,IN,2011,BRAKES,SPORT UTILITY VEHICLE (SUV),PERSONAL,N,STRAIGHT AHEAD,,,1,,,,,,,,,Y,Y,,,,,,,,REAR,,,,,,,,,,,,,,,,,,,,,,,,,,,,,,,,,
2121929,c1ae8cb83e3c94233346f28a16dbd4f800832e341f06487c060c79df2b84feaa5eda7c69e4f67a6e69e946de98fb459ec62cdb650ba3c5381f3962cee1dbad81,08/05/2025 11:00:00 AM,1,DRIVER,,2022858,,UNKNOWN,OTHER (EXPLAIN IN NARRATIVE),,,UNKNOWN,UNKNOWN/NA,UNKNOWN/NA,W,STRAIGHT AHEAD,,,1,,,,,,,,,,,,,,,,,Y,UNKNOWN,,,,,,,,,,,,,,,,,,,,,,,,,,,,,,,,,
2121930,c1ae8cb83e3c94233346f28a16dbd4f800832e341f06487c060c79df2b84feaa5eda7c69e4f67a6e69e946de98fb459ec62cdb650ba3c5381f3962cee1dbad81,08/05/2025 11:00:00 AM,2,PARKED,,2022860,,GENERAL MOTORS CORPORATION (GMC),ACADIA,IL,2014,NONE,SPORT UTILITY VEHICLE (SUV),NOT IN USE,W,PARKED,,,0,,,,,,,,,,,,,,Y,Y,,,FRONT-LEFT-CORNER,,,,,,,,,,,,,,,,,,,,,,,,,,,,,,,,,
2122037,cca2c0d41cfc06cc52d87356a63f5d3e7c4bc00f936800bfc5cd9f4aa7a592b827f84ad269af0e1d4bd702c75f02f05e9182f72d1594a52415af2cec3eb0ed66,08/05/2025 11:00:00 AM,1,DRIVER,,2022963,,TOYOTA,CAMRY,IL,2013,UNKNOWN,PASSENGER,TAXI/FOR HIRE,SW,STRAIGHT AHEAD,,,1,,,,,,,,,,,,,,,Y,Y,,FRONT-LEFT-CORNER,,,,,,,,,,,,,,,,,,,,,,,,,,,,,,,,,
2122038,cca2c0d41cfc06cc52d87356a63f5d3e7c4bc00f936800bfc5cd9f4aa7a592b827f84ad269af0e1d4bd702c75f02f05e9182f72d1594a52415af2cec3eb0ed66,08/05/2025 11:00:00 AM,2,PEDESTRIAN,,,,,,,,,,,,,,,,,,,,,,,,,,,,,,,,,,,,,,,,,,,,,,,,,,,,,,,,,,,,,,,,,,
2121958,4d37e539d2e0c4fbe9c355770f8140c6d477758649727aabe4db13309ad46d8150685e75299c7408746d68440b1c0862974dd0e69b4b6884d0ac6a75da13e2cc,08/05/2025 10:59:00 AM,1,DRIVER,,2022883,,FORD,F250,TX,2022,UNKNOWN,PICKUP,OTHER,W,U-TURN,,,1,,,,Y,,,,,,,,,,,,,,REAR,,,,,,,,,,,,,,,,,,,,,,,,,,,,,,,,,
2121959,4d37e539d2e0c4fbe9c355770f8140c6d477758649727aabe4db13309ad46d8150685e75299c7408746d68440b1c0862974dd0e69b4b6884d0ac6a75da13e2cc,08/05/2025 10:59:00 AM,2,DRIVER,,2022893,,HYUNDAI,SANTA FE,IL,2013,UNKNOWN,PASSENGER,PERSONAL,W,STRAIGHT AHEAD,,,1,,,,,Y,,,,,,,,,,Y,Y,,FRONT,,,,,,,,,,,,,,,,,,,,,,,,,,,,,,,,,
2121954,54676abf6fab6223353b8d5de81ec3c2803a46f5130d52d498c29b51bd2ec4e6916a69127ebf62270a41da5e31e68b3c11b28fd1d60e194e1efa09965c317128,08/05/2025 10:45:00 AM,1,DRIVER,,2022922,,BUICK,ENCORE,IL,2020,UNKNOWN,SPORT UTILITY VEHICLE (SUV),UNKNOWN/NA,W,UNKNOWN/NA,Y,,1,,CITY OF CHICAGO,CITY POUND,,Y,Y,,,,,,,,Y,Y,Y,,FRONT,,,,,,,,,,,,,,,,,,,,,,,,,,,,,,,,,
2121955,54676abf6fab6223353b8d5de81ec3c2803a46f5130d52d498c29b51bd2ec4e6916a69127ebf62270a41da5e31e68b3c11b28fd1d60e194e1efa09965c317128,08/05/2025 10:45:00 AM,2,PARKED,,2022931,,HONDA,RIDGELINE,IL,2010,UNKNOWN,PICKUP,NOT IN USE,UNKNOWN,PARKED,,,0,,,,,,,,Y,Y,Y,Y,Y,,,,,,REAR,,,,,,,,,,,,,,,,,,,,,,,,,,,,,,,,,
2137875,65baaf782c9fad63d515d452787946468526e58bf633e01274c0d63834b2ae90b125be875fcd462f21ad98f2d492e14016b65d8505c6a0661b1a6302f22fe3fb,08/05/2025 10:42:00 AM,1,DRIVER,,2037982,,GENERAL MOTORS CORPORATION (GMC),ACADIA,IL,2008,NONE,PASSENGER,PERSONAL,NE,STRAIGHT AHEAD,,,1,,,,,Y,Y,Y,,,,,,,,,,,SIDE-RIGHT,,,,,,,,,,,,,,,,,,,,,,,,,,,,,,,,,
2137876,65baaf782c9fad63d515d452787946468526e58bf633e01274c0d63834b2ae90b125be875fcd462f21ad98f2d492e14016b65d8505c6a0661b1a6302f22fe3fb,08/05/2025 10:42:00 AM,2,PARKED,2,2037983,,NISSAN,SENTRA,IL,2025,NONE,PASSENGER,PERSONAL,NE,PARKED,,,2,,,,,,,,,,,,Y,Y,Y,,,,SIDE-LEFT,,,,,,,,,,,,,,,,,,,,,,,,,,,,,,,,,
2121982,5fe8364e2610491da49c36c8251282eff001ed4c729781248978c5ed464081bbac8393703b71ac6c674f5dd73588149fb992c6e6c844967770af3f05a61b191b,08/05/2025 10:30:00 AM,1,DRIVER,,2022904,,KIA,SORENTO,IL,2023,NONE,PASSENGER,PERSONAL,NE,STARTING IN TRAFFIC,,,1,,,,,,,,,,,,,,,Y,,,FRONT-LEFT-CORNER,,,,,,,,,,,,,,,,,,,,,,,,,,,,,,,,,
2121983,5fe8364e2610491da49c36c8251282eff001ed4c729781248978c5ed464081bbac8393703b71ac6c674f5dd73588149fb992c6e6c844967770af3f05a61b191b,08/05/2025 10:30:00 AM,2,DRIVER,,2022909,,PONTIAC,OTHER (EXPLAIN IN NARRATIVE),IL,2004,UNKNOWN,UNKNOWN/NA,UNKNOWN/NA,E,UNKNOWN/NA,,,1,,,,,,,,,,,,,,,,,Y,UNKNOWN,,,,,,,,,,,,,,,,,,,,,,,,,,,,,,,,,
2121950,c8f7496397a848088d714c545ddb19d199a84176b49c352d1fefd510eab96c9da7258618f96bb8fa59e9e30633c2d7588d9e0a9d592756538b1e3978f77bd0d1,08/05/2025 10:30:00 AM,1,DRIVER,,2022881,,HONDA,CR-V,IL,2014,NONE,PASSENGER,PERSONAL,S,STRAIGHT AHEAD,,,1,,,,,Y,,,,,,,,,,Y,Y,,FRONT,,,,,,,,,,,,,,,,,,,,,,,,,,,,,,,,,
2121951,c8f7496397a848088d714c545ddb19d199a84176b49c352d1fefd510eab96c9da7258618f96bb8fa59e9e30633c2d7588d9e0a9d592756538b1e3978f77bd0d1,08/05/2025 10:30:00 AM,2,PARKED,,2022889,,TESLA,MODEL 3,IL,2022,NONE,PASSENGER,PERSONAL,S,PARKED IN TRAFFIC LANE,,,0,,,,,,,,,Y,Y,Y,,,,,,,REAR,,,,,,,,,,,,,,,,,,,,,,,,,,,,,,,,,
2121910,ed3ab8bb30a45cce61a37b39618ca9530a0369f3ba89fcc88db9da409f76a36d56af9aa63d6100611206f579c3eaa951add577e6d80d47219e15e2a476af4dd2,08/05/2025 10:30:00 AM,1,DRIVER,,2022842,,NISSAN,SENTRA,IL,2018,UNKNOWN,PASSENGER,PERSONAL,S,STRAIGHT AHEAD,,,1,,,,,Y,,,,,,,,,,Y,Y,,FRONT,,,,,,,,,,,,,,,,,,,,,,,,,,,,,,,,,
2121911,ed3ab8bb30a45cce61a37b39618ca9530a0369f3ba89fcc88db9da409f76a36d56af9aa63d6100611206f579c3eaa951add577e6d80d47219e15e2a476af4dd2,08/05/2025 10:30:00 AM,2,DRIVER,,2022862,,CHEVROLET,EQUINOX,IL,2016,NONE,PASSENGER,PERSONAL,E,STRAIGHT AHEAD,,,1,,,,,,,,,,,,,Y,Y,,,,SIDE-LEFT,,,,,,,,,,,,,,,,,,,,,,,,,,,,,,,,,
2121918,a5d5aead85c7ce81b21de62fc44ab8be8e4141b6064110e29f4a8bdc02477655c3ee0b84d92a7201acb74074f2254faea78603863956939fedf1a6cf4cec8e01,08/05/2025 10:29:00 AM,1,DRIVER,,2022848,,MITSUBISHI,OUTLANDER,IL,2018,UNKNOWN,SPORT UTILITY VEHICLE (SUV),PERSONAL,S,LEAVING TRAFFIC LANE TO PARK,Y,,1,,frazel towing,unkn,,Y,Y,Y,Y,Y,,,,,,,,,FRONT-RIGHT-CORNER,,,,,,,,,,,,,,,,,,,,,,,,,,,,,,,,,
2121919,a5d5aead85c7ce81b21de62fc44ab8be8e4141b6064110e29f4a8bdc02477655c3ee0b84d92a7201acb74074f2254faea78603863956939fedf1a6cf4cec8e01,08/05/2025 10:29:00 AM,2,PARKED,,2022853,,DODGE,RAM 2500 PU,IL,2016,NONE,PICKUP,UNKNOWN/NA,S,PARKED,,,0,,,,,,,,,,,Y,Y,Y,Y,Y,,,REAR-LEFT-CORNER,,,,,,,,,,,,,,,,,,,,,,,,,,,,,,,,,
2121925,c30aaf4d819910907402305a88e83caa024d1f2147fd8742d75966cb0feb71bc68f4df7fd977e054cedb94369bc277f7be819b7ef7bb7222a5c7a754906bf853,08/05/2025 10:15:00 AM,1,DRIVER,,2022851,,TOYOTA,COROLLA,IL,2004,UNKNOWN,PASSENGER,UNKNOWN/NA,N,STRAIGHT AHEAD,Y,,1,,,,,,,,,,,,,,,,Y,,FRONT,,,,,,,,,,,,,,,,,,,,,,,,,,,,,,,,,
2121926,c30aaf4d819910907402305a88e83caa024d1f2147fd8742d75966cb0feb71bc68f4df7fd977e054cedb94369bc277f7be819b7ef7bb7222a5c7a754906bf853,08/05/2025 10:15:00 AM,2,DRIVER,,2022857,,CADILLAC,SRX,IL,2010,UNKNOWN,PASSENGER,UNKNOWN/NA,N,SLOW/STOP IN TRAFFIC,,,1,,,,,,,,,,Y,,,,,,,,REAR,,,,,,,,,,,,,,,,,,,,,,,,,,,,,,,,,
2121956,1e67348e63950fe0545e34f5027fd463a28129db1a08f302298cdaa091bd1a9ae73c3a0b1f252a3bbb1ef87fd6a5655f7ea75b61816307af93cc61ed40ec7c63,08/05/2025 10:04:00 AM,1,DRIVER,1,2022880,,KIA,FORTE,IL,,UNKNOWN,PASSENGER,PERSONAL,UNKNOWN,BACKING,,,2,,,,,,,,,,Y,,,,,,,,REAR,,,,,,,,,,,,,,,,,,,,,,,,,,,,,,,,,
2121957,1e67348e63950fe0545e34f5027fd463a28129db1a08f302298cdaa091bd1a9ae73c3a0b1f252a3bbb1ef87fd6a5655f7ea75b61816307af93cc61ed40ec7c63,08/05/2025 10:04:00 AM,2,DRIVER,,2022888,,TOYOTA,CAMRY,TX,2018,UNKNOWN,PASSENGER,PERSONAL,UNKNOWN,STRAIGHT AHEAD,,,1,,,,,,,Y,,,,,,N,,,,,SIDE-RIGHT,,,,,,,,,,,,,,,,,,,,,,,,,,,,,,,,,
2121920,52b659e74ba5e2685741db73ff4477b1a05e0b7ebbb953cc6bea044691baae5d6f4ca154bcc722a172edb43c99ea8edb654ce5622bf62006fe3838b48f64cae1,08/05/2025 10:00:00 AM,1,DRIVER,1,2022850,,CHEVROLET,IMPALA,IL,2010,UNKNOWN,PASSENGER,PERSONAL,S,SKIDDING/CONTROL LOSS,,,2,,,,,,,,,,,,,,Y,Y,,,FRONT-LEFT-CORNER,,,,,,,,,,,,,,,,,,,,,,,,,,,,,,,,,
2121921,52b659e74ba5e2685741db73ff4477b1a05e0b7ebbb953cc6bea044691baae5d6f4ca154bcc722a172edb43c99ea8edb654ce5622bf62006fe3838b48f64cae1,08/05/2025 10:00:00 AM,2,DRIVER,,2022856,,CHEVROLET,IMPALA,IL,2008,UNKNOWN,PASSENGER,PERSONAL,S,OTHER,,,1,,,,,,,,Y,Y,Y,,,,,,,,REAR-RIGHT-CORNER,,,,,,,,,,,,,,,,,,,,,,,,,,,,,,,,,
2121922,52b659e74ba5e2685741db73ff4477b1a05e0b7ebbb953cc6bea044691baae5d6f4ca154bcc722a172edb43c99ea8edb654ce5622bf62006fe3838b48f64cae1,08/05/2025 10:00:00 AM,3,DRIVER,,2022864,,NISSAN,CUBE,IL,2009,UNKNOWN,OTHER,PERSONAL,S,STRAIGHT AHEAD,,,1,,,,,,,,,,Y,Y,,,,,,,REAR-LEFT-CORNER,,,,,,,,,,,,,,,,,,,,,,,,,,,,,,,,,
2121900,7f0aa5f0a004f8d7c294a72107d03c36d228e5669b9e8017dd6d9d5335b197fa13cbf5823f6e96bcce599678f1fc22e65e8fc890f38381a9f0fd73101d05d718,08/05/2025 09:55:00 AM,1,DRIVER,,2022841,,TOYOTA,SIENNA,IL,2021,NONE,VAN/MINI-VAN,PERSONAL,N,TURNING LEFT,Y,,1,,chuchis towing,,,Y,,,,,,,,,,,,,FRONT-RIGHT-CORNER,,,,,,,,,,,,,,,,,,,,,,,,,,,,,,,,,
2121901,7f0aa5f0a004f8d7c294a72107d03c36d228e5669b9e8017dd6d9d5335b197fa13cbf5823f6e96bcce599678f1fc22e65e8fc890f38381a9f0fd73101d05d718,08/05/2025 09:55:00 AM,2,DRIVER,,2022844,,VOLKSWAGEN,TIGUAN,IL,2014,NONE,SPORT UTILITY VEHICLE (SUV),PERSONAL,S,PASSING/OVERTAKING,,,1,,,,,,,,,,,,,,,Y,,,FRONT-LEFT-CORNER,,,,,,,,,,,,,,,,,,,,,,,,,,,,,,,,,
2121908,1038e29971ed4154bc9f4e8e7afe69117f560b6d574fb818f6d82784642be09f1d9effde5a677d7bea6055e6d67e0726dee5e1b847d2949771bb2039b34a8620,08/05/2025 09:49:00 AM,1,DRIVER,,2022843,,FORD,VAN,IL,,UNKNOWN,BUS UP TO 15 PASS.,STATE OWNED,N,LEAVING TRAFFIC LANE TO PARK,,,1,,,,,,,,,Y,,,,,,,,,SIDE-RIGHT-REAR,,,,,,,,,,,,,,,,,,,,,,,,,,,,,,,,,
2121909,1038e29971ed4154bc9f4e8e7afe69117f560b6d574fb818f6d82784642be09f1d9effde5a677d7bea6055e6d67e0726dee5e1b847d2949771bb2039b34a8620,08/05/2025 09:49:00 AM,2,PARKED,,2022845,,FORD,EXPLORER,IL,,UNKNOWN,SPORT UTILITY VEHICLE (SUV),NOT IN USE,N,PARKED,,,0,,,,,,,,,,,,,,,Y,,,FRONT-LEFT-CORNER,,,,,,,,,,,,,,,,,,,,,,,,,,,,,,,,,