CRASH_UNIT_ID,CRASH_RECORD_ID,CRASH_DATE,UNIT_NO,UNIT_TYPE,NUM_PASSENGERS,VEHICLE_ID,CMRC_VEH_I,MAKE,MODEL,LIC_PLATE_STATE,VEHICLE_YEAR,VEHICLE_DEFECT,VEHICLE_TYPE,VEHICLE_USE,TRAVEL_DIRECTION,MANEUVER,TOWED_I,FIRE_I,OCCUPANT_CNT,EXCEED_SPEED_LIMIT_I,TOWED_BY,TOWED_TO,AREA_00_I,AREA_01_I,AREA_02_I,AREA_03_I,AREA_04_I,AREA_05_I,AREA_06_I,AREA_07_I,AREA_08_I,AREA_09_I,AREA_10_I,AREA_11_I,AREA_12_I,AREA_99_I,FIRST_CONTACT_POINT,CMV_ID,USDOT_NO,CCMC_NO,ILCC_NO,COMMERCIAL_SRC,GVWR,CARRIER_NAME,CARRIER_STATE,CARRIER_CITY,HAZMAT_PLACARDS_I,HAZMAT_NAME,UN_NO,HAZMAT_PRESENT_I,HAZMAT_REPORT_I,HAZMAT_REPORT_NO,MCS_REPORT_I,MCS_REPORT_NO,HAZMAT_VIO_CAUSE_CRASH_I,MCS_VIO_CAUSE_CRASH_I,IDOT_PERMIT_NO,WIDE_LOAD_I,TRAILER1_WIDTH,TRAILER2_WIDTH,TRAILER1_LENGTH,TRAILER2_LENGTH,TOTAL_VEHICLE_LENGTH,AXLE_CNT,VEHICLE_CONFIG,CARGO_BODY_TYPE,LOAD_TYPE,HAZMAT_OUT_OF_SERVICE_I,MCS_OUT_OF_SERVICE_I,HAZMAT_CLASS
2121964,613eb2c7e64a0eb4c71fbb545b5abfcc129c88c81a4cbdd480f7c6dd2e2e91fd12d72e5073cd3c652318a556525adbdaba7bc5d3daba03095ca7f3179bdf4e0a,08/05/2025 09:45:00 AM,1,DRIVER,,2022892,,HONDA,ACCORD,IL,2012,UNKNOWN,PASSENGER,PERSONAL,W,STRAIGHT AHEAD,,,1,,,,,Y,,,,,,,,,,Y,Y,,FRONT-RIGHT-CORNER,,,,,,,,,,,,,,,,,,,,,,,,,,,,,,,,,
2121965,613eb2c7e64a0eb4c71fbb545b5abfcc129c88c81a4cbdd480f7c6dd2e2e91fd12d72e5073cd3c652318a556525adbdaba7bc5d3daba03095ca7f3179bdf4e0a,08/05/2025 09:45:00 AM,2,PARKED,,2022895,,HYUNDAI,SONATA,IL,2011,NONE,PASSENGER,NOT IN USE,W,PARKED,,,0,,,,,Y,,,,Y,Y,Y,,,,Y,Y,,REAR-LEFT-CORNER,,,,,,,,,,,,,,,,,,,,,,,,,,,,,,,,,
2121966,613eb2c7e64a0eb4c71fbb545b5abfcc129c88c81a4cbdd480f7c6dd2e2e91fd12d72e5073cd3c652318a556525adbdaba7bc5d3daba03095ca7f3179bdf4e0a,08/05/2025 09:45:00 AM,3,PARKED,,2022900,,TOYOTA,OTHER (EXPLAIN IN NARRATIVE),IL,2015,NONE,PASSENGER,NOT IN USE,W,PARKED,,,0,,,,,,,,,Y,Y,Y,,,,,,,REAR,,,,,,,,,,,,,,,,,,,,,,,,,,,,,,,,,
2121904,b98dea313699286fa6a5093e5019f706a98edb6d246ca7f662142b3b886f2cfc4f54e6031bf57e950d34779a2ebf7bbcbed9b6c172ab4e5e9ff082f88bb5c25c,08/05/2025 09:37:00 AM,1,DRIVER,,2022833,,HONDA,ACCORD,IL,2008,UNKNOWN,PASSENGER,PERSONAL,S,STRAIGHT AHEAD,,,1,,,,,Y,,,,,,,,,,Y,Y,,FRONT,,,,,,,,,,,,,,,,,,,,,,,,,,,,,,,,,
2121905,b98dea313699286fa6a5093e5019f706a98edb6d246ca7f662142b3b886f2cfc4f54e6031bf57e950d34779a2ebf7bbcbed9b6c172ab4e5e9ff082f88bb5c25c,08/05/2025 09:37:00 AM,2,PARKED,1,2022847,,FORD,VAN,IL,2020,UNKNOWN,VAN/MINI-VAN,OTHER,S,PARKED,,,1,,,,,,,,,,Y,Y,,,,,,,REAR-LEFT-CORNER,,,,,,,,,,,,,,,,,,,,,,,,,,,,,,,,,
2121883,dcf307b3aa3a949262a8537cb66c328493a13c60c1e2565c35f5fb5f39d1e659b31954178610ff850400cb7ae1c78ef4a1e418c0614adf4ffa30919526358504,08/05/2025 09:24:00 AM,1,DRIVER,,2022816,,CHEVROLET,SILVERADO,IL,2002,NONE,TRUCK - SINGLE UNIT,PERSONAL,UNKNOWN,TURNING RIGHT,,,1,,,,,Y,,Y,,,,,,,,,,,FRONT-RIGHT-CORNER,,,,,,,,,,,,,,,,,,,,,,,,,,,,,,,,,
2121884,dcf307b3aa3a949262a8537cb66c328493a13c60c1e2565c35f5fb5f39d1e659b31954178610ff850400cb7ae1c78ef4a1e418c0614adf4ffa30919526358504,08/05/2025 09:24:00 AM,2,PARKED,,2022821,,TOYOTA,RAV4,IL,2024,NONE,PASSENGER,PERSONAL,UNKNOWN,PARKED,,,0,,,,,Y,,,,,,,,,,,,,FRONT-RIGHT-CORNER,,,,,,,,,,,,,,,,,,,,,,,,,,,,,,,,,
2121887,46514ada46ddcf8e32411c646da95e647d74b56047a3e5e9d4d3df8a2d320ad04262cd08ce3808f97b5a03fa3abada8c71d03f2e148d2a8f17b3bf6873618c2f,08/05/2025 09:23:00 AM,1,DRIVER,,2022823,,BUICK,ENCLAVE,IL,2019,NONE,SPORT UTILITY VEHICLE (SUV),PERSONAL,E,STRAIGHT AHEAD,Y,,1,,PRIVATE,UNKNOWN LOCATION,,Y,Y,Y,Y,Y,,,,,Y,Y,Y,,FRONT,,,,,,,,,,,,,,,,,,,,,,,,,,,,,,,,,
2121888,46514ada46ddcf8e32411c646da95e647d74b56047a3e5e9d4d3df8a2d320ad04262cd08ce3808f97b5a03fa3abada8c71d03f2e148d2a8f17b3bf6873618c2f,08/05/2025 09:23:00 AM,2,DRIVER,1,2022829,,FORD,FUSION,IL,2017,NONE,PASSENGER,PERSONAL,N,STRAIGHT AHEAD,Y,,2,,,,,Y,Y,,,,,,,,Y,Y,Y,,SIDE-LEFT,,,,,,,,,,,,,,,,,,,,,,,,,,,,,,,,,
2121889,46514ada46ddcf8e32411c646da95e647d74b56047a3e5e9d4d3df8a2d320ad04262cd08ce3808f97b5a03fa3abada8c71d03f2e148d2a8f17b3bf6873618c2f,08/05/2025 09:23:00 AM,3,DRIVER,,2022859,N,NEW FLYER,OTHER (EXPLAIN IN NARRATIVE),IL,2006,NONE,BUS OVER 15 PASS.,CTA,W,SLOW/STOP IN TRAFFIC,,,1,,,,,,,,,,,,,,Y,Y,,,FRONT-LEFT-CORNER,,,,,,,,,,,,,,,,,,,,,,,,,,,,,,,,,
2121894,29e939d97e78215089492739b1fcde986250805cb80dee10e4a4f0f657e2fd8abb5066a7a5691084a5e791dbac8a4c7071ce800022eac7ebe3fd11fcad08913b,08/05/2025 09:20:00 AM,1,DRIVER,,2022827,,"MACK TRUCKS, INC.",OTHER (EXPLAIN IN NARRATIVE),IL,2022,NONE,SINGLE UNIT TRUCK WITH TRAILER,COMMERCIAL - SINGLE UNIT,NE,TURNING RIGHT,,,1,,,,,,,,,,,,,,,,,Y,SIDE-RIGHT,,,,,,,,,,,,,,,,,,,,,,,,,,,,,,,,,
2121895,29e939d97e78215089492739b1fcde986250805cb80dee10e4a4f0f657e2fd8abb5066a7a5691084a5e791dbac8a4c7071ce800022eac7ebe3fd11fcad08913b,08/05/2025 09:20:00 AM,2,DRIVER,,2022834,,NISSAN,SENTRA,FL,2024,NONE,PASSENGER,PERSONAL,NE,TURNING RIGHT,,,1,,,,,,,,,,,,Y,Y,,,,,SIDE-LEFT,,,,,,,,,,,,,,,,,,,,,,,,,,,,,,,,,
2121902,bce55fbaf655e81755becbfe1bffa2caed4fb1690811fb117529f1f77b67ae65890e382844c8a84a4ab957b78128d7a942c39088e0399078d8603fdfafdfb79a,08/05/2025 09:15:00 AM,2,DRIVER,,2022832,,MINI-CRUISER (MANUFACTURED BY R.B.R. CORPORATION),MINI-CRUISER (MFD. BY R.B.R. CORP.),IL,2016,UNKNOWN,PASSENGER,PERSONAL,S,STRAIGHT AHEAD,,,1,,,,,,Y,Y,,,,,,,,,,,SIDE-RIGHT,,,,,,,,,,,,,,,,,,,,,,,,,,,,,,,,,
2121903,bce55fbaf655e81755becbfe1bffa2caed4fb1690811fb117529f1f77b67ae65890e382844c8a84a4ab957b78128d7a942c39088e0399078d8603fdfafdfb79a,08/05/2025 09:15:00 AM,1,DRIVER,,2022854,,LAND ROVER,RANGE ROVER (EVOQUE / SPORT / VELAR),IL,2018,UNKNOWN,SPORT UTILITY VEHICLE (SUV),PERSONAL,E,STRAIGHT AHEAD,,,1,,,,,,,,,,,,,,,Y,,,FRONT-LEFT-CORNER,,,,,,,,,,,,,,,,,,,,,,,,,,,,,,,,,
2122152,0aa8115b397797c7ee038dba4c87705f66e5218089818d834b8e285bcd8025f815378d85f4dc1b2fbd8e8b4f31a4cb73f10f644601e472de4f191534219467ba,08/05/2025 09:00:00 AM,1,DRIVER,,2023064,,UNKNOWN,OTHER (EXPLAIN IN NARRATIVE),,,OTHER,UNKNOWN/NA,UNKNOWN/NA,UNKNOWN,UNKNOWN/NA,,,1,,,,,,,,,,,,,,,,,Y,UNKNOWN,,,,,,,,,,,,,,,,,,,,,,,,,,,,,,,,,
2122153,0aa8115b397797c7ee038dba4c87705f66e5218089818d834b8e285bcd8025f815378d85f4dc1b2fbd8e8b4f31a4cb73f10f644601e472de4f191534219467ba,08/05/2025 09:00:00 AM,2,PARKED,,2023076,,JEEP,JEEP,IL,2021,OTHER,PASSENGER,UNKNOWN/NA,NW,PARKED,,,0,,,,,Y,,,,,,,,,,,,,FRONT-RIGHT-CORNER,,,,,,,,,,,,,,,,,,,,,,,,,,,,,,,,,
2121937,2499efc5caa2ac91fa7b380f2158e4acbf35d01da3a6d441ed1acf4fa85f6991e038bc6283061e58e8150899b9d88815e7e2c2eb0a5f7d0ec10f3c1418af0b50,08/05/2025 09:00:00 AM,1,DRIVER,,2022868,,FORD,ESCAPE,IL,2008,NONE,SPORT UTILITY VEHICLE (SUV),UNKNOWN/NA,E,UNKNOWN/NA,Y,,1,,streets and sanitation,,,Y,Y,Y,,,,,,,,,,,REAR-RIGHT-CORNER,,,,,,,,,,,,,,,,,,,,,,,,,,,,,,,,,
2121938,2499efc5caa2ac91fa7b380f2158e4acbf35d01da3a6d441ed1acf4fa85f6991e038bc6283061e58e8150899b9d88815e7e2c2eb0a5f7d0ec10f3c1418af0b50,08/05/2025 09:00:00 AM,2,PARKED,,2022872,,HYUNDAI,ELANTRA,IL,2017,NONE,PASSENGER,PERSONAL,UNKNOWN,PARKED,,,0,,,,,,,,,,,,,,,Y,,,REAR-LEFT-CORNER,,,,,,,,,,,,,,,,,,,,,,,,,,,,,,,,,
2121939,2499efc5caa2ac91fa7b380f2158e4acbf35d01da3a6d441ed1acf4fa85f6991e038bc6283061e58e8150899b9d88815e7e2c2eb0a5f7d0ec10f3c1418af0b50,08/05/2025 09:00:00 AM,3,PARKED,,2022873,,SUBARU,FORESTER,IL,2018,UNKNOWN,SPORT UTILITY VEHICLE (SUV),PERSONAL,UNKNOWN,PARKED,,,0,,,,,,,,,,,N,N,Y,Y,Y,,,REAR-LEFT-CORNER,,,,,,,,,,,,,,,,,,,,,,,,,,,,,,,,,
2121940,2499efc5caa2ac91fa7b380f2158e4acbf35d01da3a6d441ed1acf4fa85f6991e038bc6283061e58e8150899b9d88815e7e2c2eb0a5f7d0ec10f3c1418af0b50,08/05/2025 09:00:00 AM,4,PARKED,,2022885,,HONDA,ACCORD,IL,2020,NONE,PASSENGER,PERSONAL,UNKNOWN,PARKED,,,0,,,,,,,,,,Y,Y,Y,,,,Y,,SIDE-LEFT-REAR,,,,,,,,,,,,,,,,,,,,,,,,,,,,,,,,,
2121941,2499efc5caa2ac91fa7b380f2158e4acbf35d01da3a6d441ed1acf4fa85f6991e038bc6283061e58e8150899b9d88815e7e2c2eb0a5f7d0ec10f3c1418af0b50,08/05/2025 09:00:00 AM,5,PARKED,,2022890,,HONDA,ACCORD,IL,2008,NONE,PASSENGER,PERSONAL,UNKNOWN,PARKED,,,0,,,,,,,,,,Y,,,,,,,,REAR,,,,,,,,,,,,,,,,,,,,,,,,,,,,,,,,,
2122414,36f4fade2e4ce335f53644259ea1465c760f66c143734153cfd146b2ce2af1fad1b6904a8ff3c5631a8034187a9fabbc6936b17475aeee4fc0909429ff85ff97,08/05/2025 09:00:00 AM,1,DRIVER,,2023322,,UNKNOWN,MOTORIZED,IL,,UNKNOWN,PASSENGER,PERSONAL,UNKNOWN,OTHER,,,1,,,,,N,,,,,N,,,,,,,Y,UNKNOWN,,,,,,,,,,,,,,,,,,,,,,,,,,,,,,,,,
2122415,36f4fade2e4ce335f53644259ea1465c760f66c143734153cfd146b2ce2af1fad1b6904a8ff3c5631a8034187a9fabbc6936b17475aeee4fc0909429ff85ff97,08/05/2025 09:00:00 AM,2,DRIVER,,2023324,,SUBARU,FORESTER,IL,2017,NONE,UNKNOWN/NA,UNKNOWN/NA,UNKNOWN,UNKNOWN/NA,,,1,,,,,,,,,,Y,,,,,,,,REAR-RIGHT-CORNER,,,,,,,,,,,,,,,,,,,,,,,,,,,,,,,,,
2124023,7b6ee3cf49b3da376a5c7e3b58c0f148967e7be291ad68c3266a4f972c1cfc26150c7c8fb85e0cc35fbebc0ac3a499307062db5e10585308261455cdf9307219,08/05/2025 09:00:00 AM,1,DRIVER,,2024842,,UNKNOWN,OTHER (EXPLAIN IN NARRATIVE),,,UNKNOWN,UNKNOWN/NA,UNKNOWN/NA,UNKNOWN,UNKNOWN/NA,,,1,,,,,,,,,,,,,,,,,Y,UNKNOWN,,,,,,,,,,,,,,,,,,,,,,,,,,,,,,,,,
2124024,7b6ee3cf49b3da376a5c7e3b58c0f148967e7be291ad68c3266a4f972c1cfc26150c7c8fb85e0cc35fbebc0ac3a499307062db5e10585308261455cdf9307219,08/05/2025 09:00:00 AM,2,PARKED,,2024845,,FORD,ESCAPE,IL,2020,NONE,PASSENGER,PERSONAL,S,PARKED,,,0,,,,,,,Y,Y,Y,Y,,,,,,,,SIDE-RIGHT,,,,,,,,,,,,,,,,,,,,,,,,,,,,,,,,,
2123929,d16431b16ba48fcb626ab4b8ff881758c577235d7a7922075fc35ae9c230c1fb356377c40a314423a122d9e072c379a90ae05ca78403b655dc23e7c5efbc5bde,08/05/2025 09:00:00 AM,1,DRIVER,,2024760,,TOYOTA,COROLLA,IL,2021,NONE,PASSENGER,PERSONAL,S,TURNING RIGHT,,,1,,,,,Y,Y,,,,,,,,,,,,REAR-RIGHT-CORNER,,,,,,,,,,,,,,,,,,,,,,,,,,,,,,,,,
2123930,d16431b16ba48fcb626ab4b8ff881758c577235d7a7922075fc35ae9c230c1fb356377c40a314423a122d9e072c379a90ae05ca78403b655dc23e7c5efbc5bde,08/05/2025 09:00:00 AM,2,DRIVER,,2024761,,JEEP,COMPASS,IL,2021,UNKNOWN,UNKNOWN/NA,UNKNOWN/NA,S,STRAIGHT AHEAD,,,1,,,,,,,,,,,,,,Y,Y,,,FRONT-LEFT-CORNER,,,,,,,,,,,,,,,,,,,,,,,,,,,,,,,,,
2138604,ed1f8ff1eb24ceea109189fd5a36c85caef0295cd97d8078c856a0602b1a27c171ff6ec7ebc1d92c4a89a1084d2e1fe130e6fd2677a74dcd9c427046eb7c20d1,08/05/2025 09:00:00 AM,1,DRIVER,,2038674,,UNKNOWN,MOTORIZED,,,UNKNOWN,PASSENGER,UNKNOWN/NA,UNKNOWN,LEAVING TRAFFIC LANE TO PARK,,,1,,,,,,,,,,,,,,,,,Y,UNKNOWN,,,,,,,,,,,,,,,,,,,,,,,,,,,,,,,,,
2138605,ed1f8ff1eb24ceea109189fd5a36c85caef0295cd97d8078c856a0602b1a27c171ff6ec7ebc1d92c4a89a1084d2e1fe130e6fd2677a74dcd9c427046eb7c20d1,08/05/2025 09:00:00 AM,2,PARKED,,2038677,,TESLA,MODEL 3,,2023,NONE,PASSENGER,NOT IN USE,S,PARKED,,,0,,,,,,Y,,,,,,,,,,,,SIDE-RIGHT,,,,,,,,,,,,,,,,,,,,,,,,,,,,,,,,,
2121859,68fb1689baab3a83eb26a9c09c533d800642fdc8c2f6312e7852d88c99ebd2d0d1271a92349e7c94e99f611e6c802dedd9731f7e4f3f9d849d81505a0da21fe5,08/05/2025 08:50:00 AM,1,DRIVER,,2022786,,CHEVROLET,CRUZE,,,UNKNOWN,PASSENGER,UNKNOWN/NA,E,STRAIGHT AHEAD,,,1,,,,,,,,,Y,Y,Y,,,,N,N,,REAR,,,,,,,,,,,,,,,,,,,,,,,,,,,,,,,,,
2121860,68fb1689baab3a83eb26a9c09c533d800642fdc8c2f6312e7852d88c99ebd2d0d1271a92349e7c94e99f611e6c802dedd9731f7e4f3f9d849d81505a0da21fe5,08/05/2025 08:50:00 AM,2,DRIVER,,2022791,,TESLA,MODEL 3,IL,2024,NONE,PASSENGER,PERSONAL,E,STRAIGHT AHEAD,,,1,,,,,,,,,Y,Y,Y,,,,,,,REAR,,,,,,,,,,,,,,,,,,,,,,,,,,,,,,,,,
2121847,6eec229a896b7cf0a5e3d4047365aed575ddcb601f13538bf761aa2da812192b20300d309952da3cc24fc79dbde228e1d45c97a11b7b1072c8b487612753e468,08/05/2025 08:47:00 AM,1,DRIVER,,2022779,,UNKNOWN,MOTORIZED,,,UNKNOWN,TRUCK - SINGLE UNIT,UNKNOWN/NA,W,STRAIGHT AHEAD,,,1,,,,,,Y,,,,,,,,,,,,SIDE-RIGHT,,,,,,,,,,,,,,,,,,,,,,,,,,,,,,,,,
2121848,6eec229a896b7cf0a5e3d4047365aed575ddcb601f13538bf761aa2da812192b20300d309952da3cc24fc79dbde228e1d45c97a11b7b1072c8b487612753e468,08/05/2025 08:47:00 AM,2,DRIVER,,2022783,,NOVA BUS,OTHER (EXPLAIN IN NARRATIVE),IL,2018,UNKNOWN,BUS OVER 15 PASS.,CTA,W,STRAIGHT AHEAD,,,1,,,,,,,,,,,,,,Y,,,,SIDE-LEFT,,,,,,,,,,,,,,,,,,,,,,,,,,,,,,,,,
2121892,be5603a9feee7bd4a2e67352ca720ff7273d960f3cbc9e77e63b282228571ecdc0d601bec883235bacd388e707695283848540a6389786cb4c112ec188e28dc2,08/05/2025 08:45:00 AM,1,DRIVER,,2022822,,AUDI,A3,IL,2015,UNKNOWN,PASSENGER,UNKNOWN/NA,N,STRAIGHT AHEAD,,,1,,,,,,,,,,,,,,,,,Y,UNKNOWN,,,,,,,,,,,,,,,,,,,,,,,,,,,,,,,,,
2121893,be5603a9feee7bd4a2e67352ca720ff7273d960f3cbc9e77e63b282228571ecdc0d601bec883235bacd388e707695283848540a6389786cb4c112ec188e28dc2,08/05/2025 08:45:00 AM,2,DRIVER,,2022824,,TESLA,MODEL 3,IL,2022,UNKNOWN,PASSENGER,PERSONAL,N,STRAIGHT AHEAD,,,1,,,,,,,,,,Y,,,,,,,,REAR,,,,,,,,,,,,,,,,,,,,,,,,,,,,,,,,,
2122003,1cabb9ec64ce01d9755f3799cdfe9ce1312365386ca0b4716ca7133d2ef08308f4c7e2551e26c4ef4032730cc2ed0bc540669438870c0e7c5b2e5ca7dd5bb1e6,08/05/2025 08:37:00 AM,1,DRIVER,,2022949,,TOYOTA,RAV4,IL,1998,UNKNOWN,OTHER,PERSONAL,S,STRAIGHT AHEAD,,,1,,,,,,,,,,N,,,,,,Y,,FRONT,,,,,,,,,,,,,,,,,,,,,,,,,,,,,,,,,
2122004,1cabb9ec64ce01d9755f3799cdfe9ce1312365386ca0b4716ca7133d2ef08308f4c7e2551e26c4ef4032730cc2ed0bc540669438870c0e7c5b2e5ca7dd5bb1e6,08/05/2025 08:37:00 AM,2,DRIVER,,2022965,,HONDA,CR-V,IL,2024,NONE,SPORT UTILITY VEHICLE (SUV),PERSONAL,S,SLOW/STOP IN TRAFFIC,,,1,,,,,,,,,,Y,,,,,,,,REAR,,,,,,,,,,,,,,,,,,,,,,,,,,,,,,,,,
2121877,514e1eed1f9dcfe92f520184032305e41f4aeed3f34d263f7ef8f5bf4cf96efd29ca03df431e2ee25091bd4b8df72d9ca3580fc459abb0358fc1f3f208f2cb3d,08/05/2025 08:20:00 AM,1,DRIVER,,2022804,,"JCB EXCAVATORS, INC. WHITEMARSH,MARYLAND","JCB EXCAVATORS, INC. WHITEMARSH,MARYLAND",,,NONE,OTHER,OTHER,E,STRAIGHT AHEAD,,,1,,,,,,,,,,,,,,,,,,NONE,,,,,,,,,,,,,,,,,,,,,,,,,,,,,,,,,
2121878,514e1eed1f9dcfe92f520184032305e41f4aeed3f34d263f7ef8f5bf4cf96efd29ca03df431e2ee25091bd4b8df72d9ca3580fc459abb0358fc1f3f208f2cb3d,08/05/2025 08:20:00 AM,2,PARKED,,2022806,,SUBARU,CROSSTREK,WI,2018,NONE,PASSENGER,PERSONAL,E,PARKED,,,0,,,,,,,,,,,Y,Y,,,,,,TOP,,,,,,,,,,,,,,,,,,,,,,,,,,,,,,,,,
2124335,40a3d463bffb0622feaa0ff4ceb1e049431e2132403271be43c883515fa94322020ff5ec8f6cdf10d62fac715362ccdc2aeb98842fb21eeda03965796cf80c78,08/05/2025 08:15:00 AM,1,DRIVER,,2025133,,UNKNOWN,OTHER (EXPLAIN IN NARRATIVE),,,UNKNOWN,UNKNOWN/NA,UNKNOWN/NA,S,PASSING/OVERTAKING,,,1,,,,,,,,,,,,,,,,,Y,UNKNOWN,,,,,,,,,,,,,,,,,,,,,,,,,,,,,,,,,
2124336,40a3d463bffb0622feaa0ff4ceb1e049431e2132403271be43c883515fa94322020ff5ec8f6cdf10d62fac715362ccdc2aeb98842fb21eeda03965796cf80c78,08/05/2025 08:15:00 AM,2,DRIVER,,2025177,,LEXUS,IS,IL,2021,NONE,PASSENGER,PERSONAL,S,STRAIGHT AHEAD,,,1,,,,,,,,,,,,,,Y,Y,,,FRONT-LEFT-CORNER,,,,,,,,,,,,,,,,,,,,,,,,,,,,,,,,,
2121857,f32ca9cffb451864f4625dbc870016c9d4e0b7ffbdcf574f9a6d59dc9debfb1fcb3f833dd63bb9982ff816f7d185c58087ec4f3c114f0cd646904a88e12452dc,08/05/2025 07:51:00 AM,1,DRIVER,,2022787,,TOYOTA,TUNDRA,,2020,UNKNOWN,PICKUP,UNKNOWN/NA,W,TURNING RIGHT,,,1,,,,,,,,,,,,,,,,,Y,SIDE-RIGHT-REAR,,,,,,,,,,,,,,,,,,,,,,,,,,,,,,,,,
2121858,f32ca9cffb451864f4625dbc870016c9d4e0b7ffbdcf574f9a6d59dc9debfb1fcb3f833dd63bb9982ff816f7d185c58087ec4f3c114f0cd646904a88e12452dc,08/05/2025 07:51:00 AM,2,DRIVERLESS,,2022792,,CHRYSLER,300,IL,2008,NONE,PASSENGER,PERSONAL,S,PARKED,,,0,,,,,Y,,,,,,,,,,Y,Y,,FRONT-LEFT-CORNER,,,,,,,,,,,,,,,,,,,,,,,,,,,,,,,,,
2121863,a0f129fd27efb3fbc1101ec36111a0d704127f94c00d0982394ebb056ad99a60d0017d3e2df279ee5ea6a4865d74782cd7b3edee2c50a217e9b6e14ad489a9e9,08/05/2025 07:45:00 AM,1,DRIVER,,2022795,Y,"MACK TRUCKS, INC.","MACK TRUCKS, INC.",IL,2013,NONE,TRUCK - SINGLE UNIT,COMMERCIAL - SINGLE UNIT,E,BACKING,,,1,,,,,,,,,,Y,,,,,,,,REAR,"21,942",3762335,,,SIDE OF TRUCK,3,LAKESHORE RECYCLING SYSTEMS,IL,MORTON GROVE,,,,,,,,,,,,,,,,,,,"SINGLE UNIT TRUCK, 2 AXLES, 6 TIRES",GARBAGE/REFUSE,OTHER,,,
2121864,a0f129fd27efb3fbc1101ec36111a0d704127f94c00d0982394ebb056ad99a60d0017d3e2df279ee5ea6a4865d74782cd7b3edee2c50a217e9b6e14ad489a9e9,08/05/2025 07:45:00 AM,2,PARKED,1,2022799,,TOYOTA,CAMRY,IL,2016,NONE,PASSENGER,PERSONAL,W,PARKED,,,1,,,,,,,,,,,,,,,,Y,,FRONT,,,,,,,,,,,,,,,,,,,,,,,,,,,,,,,,,
2122262,5f88125eb2a3a07fa48b2c6471bbc17609e729e782345383f4daea5e962881d1572c3fea73678ab64c166c4a89a1b27585d40446485e6ac6911c0d8471e40b75,08/05/2025 07:43:00 AM,1,DRIVER,,2023176,,HONDA,ODYSSEY,IL,2002,UNKNOWN,VAN/MINI-VAN,UNKNOWN/NA,N,BACKING,,,1,,,,,,,,,,,,,,,,,,REAR,,,,,,,,,,,,,,,,,,,,,,,,,,,,,,,,,
2122263,5f88125eb2a3a07fa48b2c6471bbc17609e729e782345383f4daea5e962881d1572c3fea73678ab64c166c4a89a1b27585d40446485e6ac6911c0d8471e40b75,08/05/2025 07:43:00 AM,2,PARKED,,2023183,,CHEVROLET,SILVERADO,IL,1991,NONE,PICKUP,NOT IN USE,S,PARKED,,,0,,,,,,,,,,,,,,,,,,FRONT,,,,,,,,,,,,,,,,,,,,,,,,,,,,,,,,,
2121845,3a7bf74330940ea7ca8b2fe47b7b5e7993e552333fd8625d3a6cd4fe1ad90b1bdbab84223921d63de1938ce535bd41f6209b8d85f84442f43e22d7a28d47ed99,08/05/2025 07:30:00 AM,1,DRIVER,,2022775,,NOVA BUS,OTHER (EXPLAIN IN NARRATIVE),IL,2024,NONE,BUS OVER 15 PASS.,CTA,NE,ENTERING TRAFFIC LANE FROM PARKING,,,1,,,,,,,,,,,,,,,Y,,,FRONT-LEFT-CORNER,,,,,,,,,,,,,,,,,,,,,,,,,,,,,,,,,
2121846,3a7bf74330940ea7ca8b2fe47b7b5e7993e552333fd8625d3a6cd4fe1ad90b1bdbab84223921d63de1938ce535bd41f6209b8d85f84442f43e22d7a28d47ed99,08/05/2025 07:30:00 AM,2,DRIVER,1,2022780,,HONDA,CR-V,IL,2019,NONE,PASSENGER,PERSONAL,E,STRAIGHT AHEAD,,,2,,,,,Y,,,,,,,,,,,,,FRONT-RIGHT-CORNER,,,,,,,,,,,,,,,,,,,,,,,,,,,,,,,,,
2126090,5143a4e1b30d90622d027a2a54d773e2b17bb888e2de7b385b1ae79b2fc90d0b71f4de437ee826acc61e71085ece9884623b8a5f3db29f34d9234e41ad8db3d0,08/05/2025 07:30:00 AM,1,DRIVER,,2026807,,HYUNDAI,VENUE,IL,2025,NONE,SPORT UTILITY VEHICLE (SUV),PERSONAL,E,STRAIGHT AHEAD,,,1,,,,,Y,Y,,,,,,,,,,,,FRONT-RIGHT-CORNER,,,,,,,,,,,,,,,,,,,,,,,,,,,,,,,,,
2126091,5143a4e1b30d90622d027a2a54d773e2b17bb888e2de7b385b1ae79b2fc90d0b71f4de437ee826acc61e71085ece9884623b8a5f3db29f34d9234e41ad8db3d0,08/05/2025 07:30:00 AM,2,PARKED,,2026811,,NISSAN,SENTRA,IL,2015,NONE,PASSENGER,NOT IN USE,E,PARKED,,,0,,,,,,,,,,,,,Y,Y,,,,SIDE-LEFT,,,,,,,,,,,,,,,,,,,,,,,,,,,,,,,,,
2122212,eca2c49abd097de01cc016a8b19b8b7848726ecdc8e95a832c00a271d0b2a700c675fc02c984bd95f461902b43b2298c5f9129a8e21ec6db30c6680a43e92b6a,08/05/2025 07:30:00 AM,1,DRIVER,,2023124,,MAZDA,CX-5,IL,2018,UNKNOWN,SPORT UTILITY VEHICLE (SUV),UNKNOWN/NA,W,UNKNOWN/NA,,,1,,,,,,,,,,,,,,,,N,,FRONT,,,,,,,,,,,,,,,,,,,,,,,,,,,,,,,,,
2122213,eca2c49abd097de01cc016a8b19b8b7848726ecdc8e95a832c00a271d0b2a700c675fc02c984bd95f461902b43b2298c5f9129a8e21ec6db30c6680a43e92b6a,08/05/2025 07:30:00 AM,2,DRIVER,,2023134,,KIA,SPORTAGE,NC,2023,UNKNOWN,UNKNOWN/NA,UNKNOWN/NA,W,UNKNOWN/NA,,,1,,,,,,,,,,Y,,,,,,,,REAR,,,,,,,,,,,,,,,,,,,,,,,,,,,,,,,,,