CRASH_UNIT_ID,CRASH_RECORD_ID,CRASH_DATE,UNIT_NO,UNIT_TYPE,NUM_PASSENGERS,VEHICLE_ID,CMRC_VEH_I,MAKE,MODEL,LIC_PLATE_STATE,VEHICLE_YEAR,VEHICLE_DEFECT,VEHICLE_TYPE,VEHICLE_USE,TRAVEL_DIRECTION,MANEUVER,TOWED_I,FIRE_I,OCCUPANT_CNT,EXCEED_SPEED_LIMIT_I,TOWED_BY,TOWED_TO,AREA_00_I,AREA_01_I,AREA_02_I,AREA_03_I,AREA_04_I,AREA_05_I,AREA_06_I,AREA_07_I,AREA_08_I,AREA_09_I,AREA_10_I,AREA_11_I,AREA_12_I,AREA_99_I,FIRST_CONTACT_POINT,CMV_ID,USDOT_NO,CCMC_NO,ILCC_NO,COMMERCIAL_SRC,GVWR,CARRIER_NAME,CARRIER_STATE,CARRIER_CITY,HAZMAT_PLACARDS_I,HAZMAT_NAME,UN_NO,HAZMAT_PRESENT_I,HAZMAT_REPORT_I,HAZMAT_REPORT_NO,MCS_REPORT_I,MCS_REPORT_NO,HAZMAT_VIO_CAUSE_CRASH_I,MCS_VIO_CAUSE_CRASH_I,IDOT_PERMIT_NO,WIDE_LOAD_I,TRAILER1_WIDTH,TRAILER2_WIDTH,TRAILER1_LENGTH,TRAILER2_LENGTH,TOTAL_VEHICLE_LENGTH,AXLE_CNT,VEHICLE_CONFIG,CARGO_BODY_TYPE,LOAD_TYPE,HAZMAT_OUT_OF_SERVICE_I,MCS_OUT_OF_SERVICE_I,HAZMAT_CLASS
2121849,48e0c24d8836f7bd28acc881ab879f67256d04f1112e0356c22e4066b33e2d060c8ba958e619eb9d9d3b4d0952c40a7ebb992cf21ddf5d035ae27d507659a437,08/05/2025 07:20:00 AM,1,DRIVER,,2022794,,HONDA,CIVIC,IL,,UNKNOWN,PASSENGER,PERSONAL,S,STRAIGHT AHEAD,Y,,1,,private,,,,,,,,,,,,,,Y,,FRONT,,,,,,,,,,,,,,,,,,,,,,,,,,,,,,,,,
2121850,48e0c24d8836f7bd28acc881ab879f67256d04f1112e0356c22e4066b33e2d060c8ba958e619eb9d9d3b4d0952c40a7ebb992cf21ddf5d035ae27d507659a437,08/05/2025 07:20:00 AM,2,DRIVER,,2022899,,NISSAN,MAXIMA,IL,,UNKNOWN,PASSENGER,PERSONAL,S,SLOW/STOP IN TRAFFIC,,,1,,,,,,,,,,Y,,,,,,,,REAR,,,,,,,,,,,,,,,,,,,,,,,,,,,,,,,,,
2121826,8cad4f9ccf6893c69d072233fbb1c107a130f5c7624daed6ed3b1c1d6a8b70fddae06337d798f319bd3691b61f41f67297b1d481071740b7c11fa9dbbf0812ef,08/05/2025 07:03:00 AM,1,BICYCLE,,,,,,,,,,,,,,,,,,,,,,,,,,,,,,,,,,,,,,,,,,,,,,,,,,,,,,,,,,,,,,,,,,
2121833,8cad4f9ccf6893c69d072233fbb1c107a130f5c7624daed6ed3b1c1d6a8b70fddae06337d798f319bd3691b61f41f67297b1d481071740b7c11fa9dbbf0812ef,08/05/2025 07:03:00 AM,2,DRIVER,,2022766,,NEW FLYER,D40LF,IL,,UNKNOWN,BUS OVER 15 PASS.,CTA,S,STRAIGHT AHEAD,,,1,,,,,,,,,Y,,,,,,,,Y,REAR-RIGHT-CORNER,,,,,,,,,,,,,,,,,,,,,,,,,,,,,,,,,
2121827,70b8088085ed4ceeb616b8412367bed810f0aae06d0fb4cc8f2176900c198945c8d23a0a20f93dbc49fdfdf80daac96ee6a1cbc15107603664a1d50b92ef1bac,08/05/2025 07:01:00 AM,1,DRIVER,,2022761,,HYUNDAI,ELANTRA,IL,2017,NONE,PASSENGER,PERSONAL,N,TURNING LEFT,,,1,,,,,Y,Y,,,,,,,,N,Y,Y,,FRONT-RIGHT-CORNER,,,,,,,,,,,,,,,,,,,,,,,,,,,,,,,,,
2121828,70b8088085ed4ceeb616b8412367bed810f0aae06d0fb4cc8f2176900c198945c8d23a0a20f93dbc49fdfdf80daac96ee6a1cbc15107603664a1d50b92ef1bac,08/05/2025 07:01:00 AM,2,DRIVER,,2022762,,TOYOTA,CAMRY,IL,2021,NONE,PASSENGER,PERSONAL,SW,STRAIGHT AHEAD,,,1,,,,,Y,Y,,,,,,,,Y,Y,Y,,FRONT,,,,,,,,,,,,,,,,,,,,,,,,,,,,,,,,,
2121865,21ecbe6bac0c04b48fc8d8d6b4408f35863cadc4f392416c5168fea6518cc931a8505b4c208495c822a20e7cfdd7c189de2f7654a310599ac9874e9ea9b49fdc,08/05/2025 07:00:00 AM,1,DRIVER,,2022796,,KIA,OPTIMA / K5,IL,2013,UNKNOWN,PASSENGER,PERSONAL,S,STRAIGHT AHEAD,Y,,1,,CITY OF CHICAGO,,,Y,Y,,,Y,Y,Y,,,Y,Y,Y,,FRONT,,,,,,,,,,,,,,,,,,,,,,,,,,,,,,,,,
2121866,21ecbe6bac0c04b48fc8d8d6b4408f35863cadc4f392416c5168fea6518cc931a8505b4c208495c822a20e7cfdd7c189de2f7654a310599ac9874e9ea9b49fdc,08/05/2025 07:00:00 AM,2,DRIVER,1,2022805,,SUBARU,OTHER (EXPLAIN IN NARRATIVE),IL,2024,NONE,PASSENGER,PERSONAL,S,STRAIGHT AHEAD,,,2,,,,,,,,,Y,Y,Y,Y,,,,,,REAR-LEFT-CORNER,,,,,,,,,,,,,,,,,,,,,,,,,,,,,,,,,
2121867,21ecbe6bac0c04b48fc8d8d6b4408f35863cadc4f392416c5168fea6518cc931a8505b4c208495c822a20e7cfdd7c189de2f7654a310599ac9874e9ea9b49fdc,08/05/2025 07:00:00 AM,3,DRIVER,,2022814,,NISSAN,PATHFINDER,IL,2005,UNKNOWN,PASSENGER,PERSONAL,S,STRAIGHT AHEAD,Y,,1,,PRIVATE TOW BY FAMILY MEMBER,UNKNOWN,,Y,,,,Y,Y,Y,,,,Y,Y,,REAR,,,,,,,,,,,,,,,,,,,,,,,,,,,,,,,,,
2121868,21ecbe6bac0c04b48fc8d8d6b4408f35863cadc4f392416c5168fea6518cc931a8505b4c208495c822a20e7cfdd7c189de2f7654a310599ac9874e9ea9b49fdc,08/05/2025 07:00:00 AM,4,PARKED,,2022815,,HONDA,PILOT,IL,2013,NONE,SPORT UTILITY VEHICLE (SUV),PERSONAL,UNKNOWN,PARKED,,,0,,,,,,,Y,Y,,Y,Y,,Y,,,,,REAR,,,,,,,,,,,,,,,,,,,,,,,,,,,,,,,,,
2121869,21ecbe6bac0c04b48fc8d8d6b4408f35863cadc4f392416c5168fea6518cc931a8505b4c208495c822a20e7cfdd7c189de2f7654a310599ac9874e9ea9b49fdc,08/05/2025 07:00:00 AM,5,PARKED,,2022852,,TOYOTA,RAV4,IL,2024,NONE,SPORT UTILITY VEHICLE (SUV),PERSONAL,UNKNOWN,PARKED,,,0,,,,,Y,Y,Y,Y,Y,Y,Y,,Y,,,,,FRONT-RIGHT-CORNER,,,,,,,,,,,,,,,,,,,,,,,,,,,,,,,,,
2121927,60cfe673abd2950d5c25229ae17df62dfe6a469cbc0ab7a17dd207205e2351ed6eac1f9f407041da8c7f55e7e746808d0edd588c9686c54ba29904a748d21bd9,08/05/2025 07:00:00 AM,1,DRIVER,,2022876,,UNKNOWN,OTHER (EXPLAIN IN NARRATIVE),,,UNKNOWN,UNKNOWN/NA,UNKNOWN/NA,UNKNOWN,UNKNOWN/NA,,,1,,,,,,,,,,,,,,,,,Y,UNKNOWN,,,,,,,,,,,,,,,,,,,,,,,,,,,,,,,,,
2121928,60cfe673abd2950d5c25229ae17df62dfe6a469cbc0ab7a17dd207205e2351ed6eac1f9f407041da8c7f55e7e746808d0edd588c9686c54ba29904a748d21bd9,08/05/2025 07:00:00 AM,2,PARKED,,2022855,,CHEVROLET,OTHER (EXPLAIN IN NARRATIVE),IL,2021,UNKNOWN,PICKUP,PERSONAL,UNKNOWN,PARKED,,,0,,,,,,,,,Y,Y,Y,,,,,,,REAR,,,,,,,,,,,,,,,,,,,,,,,,,,,,,,,,,
2121890,61fe5fc6b5d591a75b72bce7723f51dd1082dd3f9e7916af8792d7135a3f007b2374cd37116813917809318168c5b27ff0baf7f744fa76274c136f28db5bfe14,08/05/2025 07:00:00 AM,1,DRIVER,,2022818,,HYUNDAI,SANTA FE,IL,2008,UNKNOWN,PASSENGER,PERSONAL,E,ENTERING TRAFFIC LANE FROM PARKING,,,1,,,,,,,,,,,,,,Y,,,,SIDE-LEFT,,,,,,,,,,,,,,,,,,,,,,,,,,,,,,,,,
2121891,61fe5fc6b5d591a75b72bce7723f51dd1082dd3f9e7916af8792d7135a3f007b2374cd37116813917809318168c5b27ff0baf7f744fa76274c136f28db5bfe14,08/05/2025 07:00:00 AM,2,DRIVER,,2022819,,VOLKSWAGEN,TIGUAN,IN,2021,UNKNOWN,PASSENGER,PERSONAL,E,STRAIGHT AHEAD,,,1,,,,,,Y,,,,,,,,,,,,SIDE-RIGHT,,,,,,,,,,,,,,,,,,,,,,,,,,,,,,,,,
2121823,444f92f311910141b8a1571ddcf765ac9d6e24e0ec3c3bf54b1cfa49b79c00a3fa4623453a511d3b8f9e6c94b52cd945b04e34ffae720be01f5313579496c077,08/05/2025 06:55:00 AM,1,DRIVER,,2022758,,TOYOTA,COROLLA,IL,2014,UNKNOWN,PASSENGER,PERSONAL,N,TURNING LEFT,Y,,1,,private tow,garage,,Y,,,,,,,,,,Y,Y,,FRONT,,,,,,,,,,,,,,,,,,,,,,,,,,,,,,,,,
2121824,444f92f311910141b8a1571ddcf765ac9d6e24e0ec3c3bf54b1cfa49b79c00a3fa4623453a511d3b8f9e6c94b52cd945b04e34ffae720be01f5313579496c077,08/05/2025 06:55:00 AM,2,PARKED,,2022759,,DODGE,CHARGER,IL,2018,UNKNOWN,PASSENGER,PERSONAL,N,PARKED,,,0,,,,,,,,,Y,Y,Y,,,,,Y,,REAR,,,,,,,,,,,,,,,,,,,,,,,,,,,,,,,,,
2121825,444f92f311910141b8a1571ddcf765ac9d6e24e0ec3c3bf54b1cfa49b79c00a3fa4623453a511d3b8f9e6c94b52cd945b04e34ffae720be01f5313579496c077,08/05/2025 06:55:00 AM,3,PARKED,,2022760,,DODGE,CHARGER,IL,2016,UNKNOWN,PASSENGER,PERSONAL,N,PARKED,,,0,,,,,,,,,Y,Y,Y,,,,,,,REAR,,,,,,,,,,,,,,,,,,,,,,,,,,,,,,,,,
2121853,c8ee2a3705fbfc6970138af1ebdcf8baa6ffe2753dabcccbc4e264d1e8c64e2c4b3f98857d11b1b3aec495bc7faccee9f0c85d43a64213b56c649f03b1e77937,08/05/2025 06:48:00 AM,1,DRIVER,,2022788,,JEEP,COMPASS,IL,2017,UNKNOWN,SPORT UTILITY VEHICLE (SUV),PERSONAL,E,STRAIGHT AHEAD,,,1,,,,,,,,,,,,,,,,Y,,FRONT,,,,,,,,,,,,,,,,,,,,,,,,,,,,,,,,,
2121854,c8ee2a3705fbfc6970138af1ebdcf8baa6ffe2753dabcccbc4e264d1e8c64e2c4b3f98857d11b1b3aec495bc7faccee9f0c85d43a64213b56c649f03b1e77937,08/05/2025 06:48:00 AM,2,DRIVER,,2022797,,LEXUS,RX350,IL,2024,UNKNOWN,SPORT UTILITY VEHICLE (SUV),UNKNOWN/NA,E,SLOW/STOP IN TRAFFIC,,,1,,,,,,,,,,Y,,,,,,,,REAR,,,,,,,,,,,,,,,,,,,,,,,,,,,,,,,,,
2121815,0003a227a597d3387c27130505cc7bd2116c8ec7729cd9716c048518fe427d4050242a0c4c41c9ec6669ff8f212e59afada4f1f2f9880ad587ff578f30070410,08/05/2025 06:40:00 AM,1,DRIVER,,2022752,,TOYOTA,SIENNA,IN,2006,TIRES,VAN/MINI-VAN,PERSONAL,W,STRAIGHT AHEAD,Y,,1,,CITY OF CHICAGO,POUND #2,,Y,,,,,,,,Y,Y,Y,Y,,FRONT,,,,,,,,,,,,,,,,,,,,,,,,,,,,,,,,,
2121816,0003a227a597d3387c27130505cc7bd2116c8ec7729cd9716c048518fe427d4050242a0c4c41c9ec6669ff8f212e59afada4f1f2f9880ad587ff578f30070410,08/05/2025 06:40:00 AM,2,DRIVER,,2022755,Y,"PETERBILT MOTORS COMPANY (DIVISION OF PACCAR, INC.)","PETERBILT MOTORS CO., DIVISION PACCAR, INC.",IL,2007,UNKNOWN,TRACTOR W/ SEMI-TRAILER,COMMERCIAL - SINGLE UNIT,N,STRAIGHT AHEAD,,,1,,,,,,,,,,,,Y,Y,Y,,,,SIDE-LEFT,"21,941",149776,,,,3,DANA TRANSPORT INC,IL,SUMMIT,N,,,N,N,,N,,N,N,,,,,,,,,TRACTOR/SEMI-TRAILER,TANK,OTHER,N,N,
2122108,7ec5a1d57f02d1d79cff27bee33211b3947aa94facb255919260a41226ecdd06ef05e8cecdef05404efc35fa7be754d48c01a39330ff534fc365da51ce9ef9af,08/05/2025 06:00:00 AM,1,DRIVER,,2023027,,UNKNOWN,OTHER (EXPLAIN IN NARRATIVE),IL,,UNKNOWN,UNKNOWN/NA,UNKNOWN/NA,UNKNOWN,UNKNOWN/NA,,,1,,,,,,,,,,,,,,,,,Y,UNKNOWN,,,,,,,,,,,,,,,,,,,,,,,,,,,,,,,,,
2122109,7ec5a1d57f02d1d79cff27bee33211b3947aa94facb255919260a41226ecdd06ef05e8cecdef05404efc35fa7be754d48c01a39330ff534fc365da51ce9ef9af,08/05/2025 06:00:00 AM,2,PARKED,,2023031,,JEEP,CHEROKEE,IL,2016,NONE,SPORT UTILITY VEHICLE (SUV),UNKNOWN/NA,W,PARKED,,,0,,,,,,,,,,Y,Y,Y,,,,,,UNKNOWN,,,,,,,,,,,,,,,,,,,,,,,,,,,,,,,,,
2122156,c0abbe94796cb9a63f05bdcc97690d9b741948322bfbbbf6e7e79a323f828ca4af6e4f55e4f211e3e87674714755f0f5df07869bfeb81077fee60ff3b41eb3ed,08/05/2025 06:00:00 AM,1,DRIVER,,2023069,,UNKNOWN,OTHER (EXPLAIN IN NARRATIVE),,,UNKNOWN,UNKNOWN/NA,UNKNOWN/NA,UNKNOWN,UNKNOWN/NA,,,1,,,,,,,,,,,,,,,,,Y,UNKNOWN,,,,,,,,,,,,,,,,,,,,,,,,,,,,,,,,,
2122157,c0abbe94796cb9a63f05bdcc97690d9b741948322bfbbbf6e7e79a323f828ca4af6e4f55e4f211e3e87674714755f0f5df07869bfeb81077fee60ff3b41eb3ed,08/05/2025 06:00:00 AM,2,PARKED,,2023072,,LINCOLN,MKS,IL,2016,NONE,PASSENGER,PERSONAL,S,PARKED,,,0,,,,,,,,,,,,,,Y,Y,Y,,FRONT-LEFT-CORNER,,,,,,,,,,,,,,,,,,,,,,,,,,,,,,,,,
2121944,cbae538241ee01269f5b716ccdfaa54fd007af661d4fe1ad45bba7d9f65bceaf941f5d086c4ea26e78123f6dffed5e3621049f56b44332be97c71878a630e1b4,08/05/2025 04:52:00 AM,1,DRIVER,,2022869,,UNKNOWN,OTHER (EXPLAIN IN NARRATIVE),,,UNKNOWN,PICKUP,UNKNOWN/NA,N,STRAIGHT AHEAD,,,1,,,,,Y,Y,,,,,,,,,,Y,,FRONT-RIGHT-CORNER,,,,,,,,,,,,,,,,,,,,,,,,,,,,,,,,,
2121945,cbae538241ee01269f5b716ccdfaa54fd007af661d4fe1ad45bba7d9f65bceaf941f5d086c4ea26e78123f6dffed5e3621049f56b44332be97c71878a630e1b4,08/05/2025 04:52:00 AM,2,PARKED,,2022871,,FORD,TRANSIT CONNECT,IL,2013,NONE,VAN/MINI-VAN,NOT IN USE,N,PARKED,,,0,,,,,,,,,,,,Y,Y,Y,,,,SIDE-LEFT,,,,,,,,,,,,,,,,,,,,,,,,,,,,,,,,,
2123475,20e52fe67266f7793894529d96b52566928d88bbedd59de3cd59de09da11b19d12b778950280d25d3cf1dc780a7cf7f9fdb9d8ba662a2263bce96f9ba4415fa4,08/05/2025 03:15:00 AM,1,DRIVER,,2024330,,HYUNDAI,OTHER (EXPLAIN IN NARRATIVE),IL,2022,UNKNOWN,PASSENGER,PERSONAL,S,STRAIGHT AHEAD,,,1,,,,,Y,,,,,,,,,,,,,FRONT-RIGHT-CORNER,,,,,,,,,,,,,,,,,,,,,,,,,,,,,,,,,
2123476,20e52fe67266f7793894529d96b52566928d88bbedd59de3cd59de09da11b19d12b778950280d25d3cf1dc780a7cf7f9fdb9d8ba662a2263bce96f9ba4415fa4,08/05/2025 03:15:00 AM,2,PARKED,,2024317,,MAZDA,CX-30,IL,,NONE,PASSENGER,PERSONAL,S,PARKED,,,0,,,,,N,,,,,,Y,,,,,N,,REAR-LEFT-CORNER,,,,,,,,,,,,,,,,,,,,,,,,,,,,,,,,,
2121803,16eb8bf146bc2031aba6008d1012edf644b500a3ca52fdcc6fddab4a6ddf5fda0b9e349174c12d19f44017d3ec74255fd82fef1709e8d18b01ae6b24c20cf0c0,08/05/2025 03:01:00 AM,1,DRIVER,1,2022737,,INFINITI,QX50,IL,2016,NONE,PASSENGER,PERSONAL,W,U-TURN,N,,2,,,,,Y,,,,,,,,,Y,Y,Y,,FRONT,,,,,,,,,,,,,,,,,,,,,,,,,,,,,,,,,
2121804,16eb8bf146bc2031aba6008d1012edf644b500a3ca52fdcc6fddab4a6ddf5fda0b9e349174c12d19f44017d3ec74255fd82fef1709e8d18b01ae6b24c20cf0c0,08/05/2025 03:01:00 AM,2,DRIVER,3,2022740,,JEEP,CHEROKEE,IL,2018,NONE,PASSENGER,PERSONAL,W,STRAIGHT AHEAD,Y,,4,,ALL ZIONS TOWING,,,Y,Y,,,,,,,,,,,,FRONT-RIGHT-CORNER,,,,,,,,,,,,,,,,,,,,,,,,,,,,,,,,,
2123765,89eb42cc11c12230d082c56685983cb61a8336bcbbcd8310c902070b60de29640803a484bc1b808d907f888b5421aa308d026884119577e5131ba58e175e7e7f,08/05/2025 02:48:00 AM,1,DRIVER,,2024612,,JEEP,JEEP,IL,2016,UNKNOWN,PASSENGER,PERSONAL,UNKNOWN,STRAIGHT AHEAD,,,1,,,,,,,,,,,,,,,,Y,,FRONT,,,,,,,,,,,,,,,,,,,,,,,,,,,,,,,,,
2123766,89eb42cc11c12230d082c56685983cb61a8336bcbbcd8310c902070b60de29640803a484bc1b808d907f888b5421aa308d026884119577e5131ba58e175e7e7f,08/05/2025 02:48:00 AM,2,PARKED,,2024606,,CHEVROLET,OTHER (EXPLAIN IN NARRATIVE),IL,2018,NONE,PASSENGER,PERSONAL,UNKNOWN,PARKED,,,0,,,,,,,,,Y,,,,,,,,,REAR,,,,,,,,,,,,,,,,,,,,,,,,,,,,,,,,,
2121797,688fcfb5a94fb5f6858a12eff95b0c7028755abd4bb58885ef0beb36882bda07f8ba6a4f2262a639c657bb771ab5c71064bb90c20ac545e87ca1a4ee4d6b070f,08/05/2025 02:35:00 AM,1,DRIVER,,2022730,,CHEVROLET,MALIBU,IL,2019,UNKNOWN,PASSENGER,UNKNOWN/NA,N,STRAIGHT AHEAD,Y,,1,,e&r,,,Y,,,,,,,,,Y,Y,Y,,FRONT-LEFT-CORNER,,,,,,,,,,,,,,,,,,,,,,,,,,,,,,,,,
2121874,3ce008182801acf6a54cadcf8211a3af9b309966fdbc331ca61fba2948c3a300f69eecc6ccf4c2d4766db9fa1d7c02d53a4a546c7ace6ca7b7cd8c8a15775ba3,08/05/2025 02:33:00 AM,1,DRIVER,,2022802,,CHEVROLET,CRUZE,IL,2012,UNKNOWN,PASSENGER,PERSONAL,E,STRAIGHT AHEAD,Y,,1,,PRIVATE TOW,RESIDENCE,,Y,Y,,,,,,,,,Y,Y,,FRONT,,,,,,,,,,,,,,,,,,,,,,,,,,,,,,,,,
2121875,3ce008182801acf6a54cadcf8211a3af9b309966fdbc331ca61fba2948c3a300f69eecc6ccf4c2d4766db9fa1d7c02d53a4a546c7ace6ca7b7cd8c8a15775ba3,08/05/2025 02:33:00 AM,2,PARKED,,2022809,,MAZDA,CX-5,IL,2013,NONE,PASSENGER,PERSONAL,E,PARKED,,,0,,,,,Y,,,,,,Y,Y,Y,Y,Y,Y,,SIDE-LEFT,,,,,,,,,,,,,,,,,,,,,,,,,,,,,,,,,
2121876,3ce008182801acf6a54cadcf8211a3af9b309966fdbc331ca61fba2948c3a300f69eecc6ccf4c2d4766db9fa1d7c02d53a4a546c7ace6ca7b7cd8c8a15775ba3,08/05/2025 02:33:00 AM,3,PARKED,,2022813,,NISSAN,ALTIMA,IL,2009,NONE,PASSENGER,PERSONAL,E,PARKED,,,0,,,,,,,,,Y,Y,Y,,,,,,,REAR,,,,,,,,,,,,,,,,,,,,,,,,,,,,,,,,,
2121792,a157fe7de79019a832b1a6f2cb979a5b0e1df8457912412b3b8df7d87f7190f65c60191e06d86dfbd57f733865a27fc7b9fbd3926eef04d1317b25c6efd9653f,08/05/2025 02:14:00 AM,1,DRIVER,,2022727,,TOYOTA,HIGHLANDER,IL,2022,NONE,PASSENGER,PERSONAL,NW,STRAIGHT AHEAD,Y,,1,,CITY OF CHICAGO,POUND 2,,Y,Y,Y,,,,,,,,Y,Y,,FRONT-RIGHT-CORNER,,,,,,,,,,,,,,,,,,,,,,,,,,,,,,,,,
2121793,a157fe7de79019a832b1a6f2cb979a5b0e1df8457912412b3b8df7d87f7190f65c60191e06d86dfbd57f733865a27fc7b9fbd3926eef04d1317b25c6efd9653f,08/05/2025 02:14:00 AM,2,PARKED,,2022729,,BMW,X5,,2011,NONE,PASSENGER,PERSONAL,NW,PARKED,,,0,,,,,,,,,,,,,,Y,,,,SIDE-LEFT,,,,,,,,,,,,,,,,,,,,,,,,,,,,,,,,,
2121794,a157fe7de79019a832b1a6f2cb979a5b0e1df8457912412b3b8df7d87f7190f65c60191e06d86dfbd57f733865a27fc7b9fbd3926eef04d1317b25c6efd9653f,08/05/2025 02:14:00 AM,3,PARKED,,2022733,,MAZDA,MAZDA6,IL,2015,NONE,PASSENGER,PERSONAL,NW,PARKED,,,0,,,,,,,,,,Y,Y,Y,Y,,,,,REAR-LEFT-CORNER,,,,,,,,,,,,,,,,,,,,,,,,,,,,,,,,,
2121795,a157fe7de79019a832b1a6f2cb979a5b0e1df8457912412b3b8df7d87f7190f65c60191e06d86dfbd57f733865a27fc7b9fbd3926eef04d1317b25c6efd9653f,08/05/2025 02:14:00 AM,4,PARKED,,2022734,,KIA,SOUL,IL,2023,NONE,OTHER,TAXI/FOR HIRE,NW,PARKED,,,0,,,,,,,,,,N,Y,Y,,,Y,Y,,REAR-LEFT-CORNER,,,,,,,,,,,,,,,,,,,,,,,,,,,,,,,,,
2121796,a157fe7de79019a832b1a6f2cb979a5b0e1df8457912412b3b8df7d87f7190f65c60191e06d86dfbd57f733865a27fc7b9fbd3926eef04d1317b25c6efd9653f,08/05/2025 02:14:00 AM,5,PARKED,,2022735,,SUBARU,OUTBACK,IL,2015,NONE,PASSENGER,PERSONAL,NW,PARKED,,,0,,,,,,,,,Y,Y,Y,,,,,,,REAR,,,,,,,,,,,,,,,,,,,,,,,,,,,,,,,,,
2121805,427a2561651d8a27a9e1778c73bbacf5de258628fc3004524597103aab697d7f760ec8bb4086da5ed5cda0b01909a0df0326f3e732729045b4e2ab06697cec96,08/05/2025 02:00:00 AM,1,DRIVER,,2022739,,UNKNOWN,ENCLOSED BODY,,,UNKNOWN,UNKNOWN/NA,UNKNOWN/NA,N,UNKNOWN/NA,,,1,,,,,,,,,,,,,,,,,Y,UNKNOWN,,,,,,,,,,,,,,,,,,,,,,,,,,,,,,,,,
2121806,427a2561651d8a27a9e1778c73bbacf5de258628fc3004524597103aab697d7f760ec8bb4086da5ed5cda0b01909a0df0326f3e732729045b4e2ab06697cec96,08/05/2025 02:00:00 AM,2,DRIVER,,2022741,,HONDA,CIVIC,IL,2006,UNKNOWN,PASSENGER,PERSONAL,N,UNKNOWN/NA,Y,,1,,CITY OF CHICAGO,DOTY / POUND 2,,Y,Y,Y,Y,Y,Y,,Y,Y,Y,Y,Y,,UNKNOWN,,,,,,,,,,,,,,,,,,,,,,,,,,,,,,,,,
2121811,3d868a6850970f9b14926be1e158640c5c85e3a5e84f49dc6f65dad1f3ec0cf5073a1b9b4c78493f2309cf52e6d3f04f12b15162fe19dd711fc339e717ebe952,08/05/2025 01:59:00 AM,1,DRIVER,2,2022748,,TOYOTA,COROLLA,IL,2003,UNKNOWN,PASSENGER,PERSONAL,N,STRAIGHT AHEAD,,,3,,,,,,Y,,,,,,,,,,Y,,FRONT-RIGHT-CORNER,,,,,,,,,,,,,,,,,,,,,,,,,,,,,,,,,
2121814,3d868a6850970f9b14926be1e158640c5c85e3a5e84f49dc6f65dad1f3ec0cf5073a1b9b4c78493f2309cf52e6d3f04f12b15162fe19dd711fc339e717ebe952,08/05/2025 01:59:00 AM,2,PEDESTRIAN,,,,,,,,,,,,,,,,,,,,,,,,,,,,,,,,,,,,,,,,,,,,,,,,,,,,,,,,,,,,,,,,,,
2122779,dbddce37c02243b0c1188874a37197c8c2044a0508bb7e793c4ff4095cec71724567f3aec9e19c161949ca1b4c15452e1877e1b10a2547b4e6975e215fb147a4,08/05/2025 01:20:00 AM,1,DRIVER,,2023731,,KIA,SELTOS,IL,2024,NONE,SPORT UTILITY VEHICLE (SUV),PERSONAL,N,TURNING LEFT,,,1,,,,,Y,,,,,,,,,,,,,FRONT-RIGHT-CORNER,,,,,,,,,,,,,,,,,,,,,,,,,,,,,,,,,
2122780,dbddce37c02243b0c1188874a37197c8c2044a0508bb7e793c4ff4095cec71724567f3aec9e19c161949ca1b4c15452e1877e1b10a2547b4e6975e215fb147a4,08/05/2025 01:20:00 AM,2,DRIVER,,2023742,,HONDA,CIVIC,IL,2017,NONE,PASSENGER,PERSONAL,N,TURNING LEFT,,,1,,,,,,,,,,,,,Y,Y,Y,,,SIDE-LEFT,,,,,,,,,,,,,,,,,,,,,,,,,,,,,,,,,
2121798,9504a3a3d812f9550e317ec5a71e00ac0bfd9c76874a93cca4ee0343930dc52091cf02f0f4409eac4a65fbbdecb161809d126c368421682404e199223e866eea,08/05/2025 01:15:00 AM,1,DRIVER,,2022728,,KIA,SPORTAGE,IL,2015,UNKNOWN,SPORT UTILITY VEHICLE (SUV),UNKNOWN/NA,S,STRAIGHT AHEAD,Y,,1,,E&R,,,Y,,,,,,,,,Y,Y,Y,,SIDE-LEFT,,,,,,,,,,,,,,,,,,,,,,,,,,,,,,,,,
2121799,9504a3a3d812f9550e317ec5a71e00ac0bfd9c76874a93cca4ee0343930dc52091cf02f0f4409eac4a65fbbdecb161809d126c368421682404e199223e866eea,08/05/2025 01:15:00 AM,2,PARKED,,2022731,,FORD,MUSTANG,IL,2019,UNKNOWN,PASSENGER,NOT IN USE,S,PARKED,,,0,,,,,,,,,,Y,,,,,,Y,,REAR-RIGHT-CORNER,,,,,,,,,,,,,,,,,,,,,,,,,,,,,,,,,
2121800,9504a3a3d812f9550e317ec5a71e00ac0bfd9c76874a93cca4ee0343930dc52091cf02f0f4409eac4a65fbbdecb161809d126c368421682404e199223e866eea,08/05/2025 01:15:00 AM,3,PARKED,,2022732,,TOYOTA,PRIUS,IL,2021,UNKNOWN,SPORT UTILITY VEHICLE (SUV),NOT IN USE,S,PARKED,,,0,,,,,,,,,,Y,,,,,,,,REAR,,,,,,,,,,,,,,,,,,,,,,,,,,,,,,,,,
2121834,57d2da727f483e3d4d3d3e548f101b486a58264d8e67d23f2f59f02bc1f44772cf0c2503d1c66917880f873b76e0d32b87711443b4c8c7333ad28bb186e2b2ac,08/05/2025 01:07:00 AM,1,DRIVER,,2022767,,DODGE,CHARGER,IL,2019,UNKNOWN,PASSENGER,PERSONAL,N,LEAVING TRAFFIC LANE TO PARK,,,1,,,,,,,,,,Y,,,,,,Y,,REAR,,,,,,,,,,,,,,,,,,,,,,,,,,,,,,,,,