CRASH_UNIT_ID,CRASH_RECORD_ID,CRASH_DATE,UNIT_NO,UNIT_TYPE,NUM_PASSENGERS,VEHICLE_ID,CMRC_VEH_I,MAKE,MODEL,LIC_PLATE_STATE,VEHICLE_YEAR,VEHICLE_DEFECT,VEHICLE_TYPE,VEHICLE_USE,TRAVEL_DIRECTION,MANEUVER,TOWED_I,FIRE_I,OCCUPANT_CNT,EXCEED_SPEED_LIMIT_I,TOWED_BY,TOWED_TO,AREA_00_I,AREA_01_I,AREA_02_I,AREA_03_I,AREA_04_I,AREA_05_I,AREA_06_I,AREA_07_I,AREA_08_I,AREA_09_I,AREA_10_I,AREA_11_I,AREA_12_I,AREA_99_I,FIRST_CONTACT_POINT,CMV_ID,USDOT_NO,CCMC_NO,ILCC_NO,COMMERCIAL_SRC,GVWR,CARRIER_NAME,CARRIER_STATE,CARRIER_CITY,HAZMAT_PLACARDS_I,HAZMAT_NAME,UN_NO,HAZMAT_PRESENT_I,HAZMAT_REPORT_I,HAZMAT_REPORT_NO,MCS_REPORT_I,MCS_REPORT_NO,HAZMAT_VIO_CAUSE_CRASH_I,MCS_VIO_CAUSE_CRASH_I,IDOT_PERMIT_NO,WIDE_LOAD_I,TRAILER1_WIDTH,TRAILER2_WIDTH,TRAILER1_LENGTH,TRAILER2_LENGTH,TOTAL_VEHICLE_LENGTH,AXLE_CNT,VEHICLE_CONFIG,CARGO_BODY_TYPE,LOAD_TYPE,HAZMAT_OUT_OF_SERVICE_I,MCS_OUT_OF_SERVICE_I,HAZMAT_CLASS
2121835,57d2da727f483e3d4d3d3e548f101b486a58264d8e67d23f2f59f02bc1f44772cf0c2503d1c66917880f873b76e0d32b87711443b4c8c7333ad28bb186e2b2ac,08/05/2025 01:07:00 AM,2,PARKED,,2022772,,VOLKSWAGEN,TIGUAN,IL,2021,UNKNOWN,SPORT UTILITY VEHICLE (SUV),PERSONAL,N,PARKED,,,0,,,,,,,,,,,,,,,,Y,,FRONT,,,,,,,,,,,,,,,,,,,,,,,,,,,,,,,,,
2121836,57d2da727f483e3d4d3d3e548f101b486a58264d8e67d23f2f59f02bc1f44772cf0c2503d1c66917880f873b76e0d32b87711443b4c8c7333ad28bb186e2b2ac,08/05/2025 01:07:00 AM,3,PARKED,,2022776,,HONDA,ODYSSEY,IL,2011,UNKNOWN,VAN/MINI-VAN,PERSONAL,N,PARKED,,,0,,,,,,,,,,Y,,,,,,,,REAR,,,,,,,,,,,,,,,,,,,,,,,,,,,,,,,,,
2121801,8be3e8017ccdf2aea94d9f1b5615658b158b756ccad5c74ef87a144c8a8e80ec229752beeebbfad59f9f91f309e4b68af9336064ee8b340f9332017747a106d6,08/05/2025 01:01:00 AM,1,DRIVER,,2022736,,LINCOLN,MKX,IL,2008,NONE,PASSENGER,PERSONAL,W,STRAIGHT AHEAD,Y,,1,,PRIVATE TOW,,,,Y,Y,Y,,,,,,,,,,SIDE-RIGHT,,,,,,,,,,,,,,,,,,,,,,,,,,,,,,,,,
2121802,8be3e8017ccdf2aea94d9f1b5615658b158b756ccad5c74ef87a144c8a8e80ec229752beeebbfad59f9f91f309e4b68af9336064ee8b340f9332017747a106d6,08/05/2025 01:01:00 AM,2,PARKED,,2022738,,CHEVROLET,TAHOE,IL,2010,NONE,PASSENGER,NOT IN USE,W,PARKED,,,0,,,,,,,,,,,Y,Y,Y,Y,Y,,,SIDE-LEFT,,,,,,,,,,,,,,,,,,,,,,,,,,,,,,,,,
2121807,7c8382945ebe851d058657c917c0bb2c2f137f3fc83abe0ce9144e92255220b54bc16f2f5154a27138a3f930d32a71f4b1dbdc363987b6204d533bd653453fc6,08/05/2025 12:45:00 AM,1,DRIVER,,2022745,,"(HOMEMADE MOTORCYCLE, MOPED.ETC.)","(HOMEMADE MOTORCYCLE, MOPED.ETC.)",MI,2025,NONE,MOPED OR MOTORIZED BICYCLE,PERSONAL,W,STRAIGHT AHEAD,Y,,1,,City of Chicago,10300 S Doty,,,,,,,,,,Y,Y,Y,,,FRONT-LEFT-CORNER,,,,,,,,,,,,,,,,,,,,,,,,,,,,,,,,,
2121808,7c8382945ebe851d058657c917c0bb2c2f137f3fc83abe0ce9144e92255220b54bc16f2f5154a27138a3f930d32a71f4b1dbdc363987b6204d533bd653453fc6,08/05/2025 12:45:00 AM,2,DRIVER,1,2022742,,NISSAN,SENTRA,IL,2019,NONE,PASSENGER,PERSONAL,E,STARTING IN TRAFFIC,,,2,,,,,,,,,,,,,,,Y,,,FRONT-RIGHT-CORNER,,,,,,,,,,,,,,,,,,,,,,,,,,,,,,,,,
2121790,54df628dae63a421f348458fb2569e79df973687919de0376cf24dd00579315936ba400abac216a8f4f1e7288408ad0793f75cad7e33039696fc4eb7421f1213,08/05/2025 12:10:00 AM,1,DRIVER,,2022724,,INFINITI,G37,IL,2009,UNKNOWN,PASSENGER,UNKNOWN/NA,W,DIVERGING,,,1,,,,,,,,,,,,,,N,N,,Y,SIDE-LEFT,,,,,,,,,,,,,,,,,,,,,,,,,,,,,,,,,
2121791,54df628dae63a421f348458fb2569e79df973687919de0376cf24dd00579315936ba400abac216a8f4f1e7288408ad0793f75cad7e33039696fc4eb7421f1213,08/05/2025 12:10:00 AM,2,DRIVER,1,2022723,,DODGE,OTHER (EXPLAIN IN NARRATIVE),IL,2024,NONE,SPORT UTILITY VEHICLE (SUV),PERSONAL,W,STRAIGHT AHEAD,,,2,,,,,Y,Y,,,,,,,,,,,,FRONT-RIGHT-CORNER,,,,,,,,,,,,,,,,,,,,,,,,,,,,,,,,,
2121784,3f93a9e1e7d595ea01aa0c1b49bb3620c51238bb28b0b0930c0283e6458b6ce07fd8da0a649323133b7a104a246181f3be545dddf7e8e7e5a4251afbb14e9f51,08/05/2025 12:01:00 AM,2,PARKED,,2022720,,CHRYSLER,TOWN & COUNTRY,IL,2010,UNKNOWN,VAN/MINI-VAN,UNKNOWN/NA,S,PARKED,,,0,,,,,,,,,Y,Y,Y,,,,,,,REAR,,,,,,,,,,,,,,,,,,,,,,,,,,,,,,,,,
2121789,3f93a9e1e7d595ea01aa0c1b49bb3620c51238bb28b0b0930c0283e6458b6ce07fd8da0a649323133b7a104a246181f3be545dddf7e8e7e5a4251afbb14e9f51,08/05/2025 12:01:00 AM,1,DRIVER,,2022717,,MITSUBISHI,ENDEAVOR,IL,2005,UNKNOWN,PASSENGER,UNKNOWN/NA,S,STRAIGHT AHEAD,N,,1,,,,,Y,,,,,,,,,,Y,Y,,FRONT,,,,,,,,,,,,,,,,,,,,,,,,,,,,,,,,,
2121777,b5d45eff4034388704ae7d0f312bb1238affa3d0a971b2566581810921d8207877dcef6f7921d53130dcf6e049f7e03fa8e5ece6716494108a15c3eb4a4a4fd2,08/05/2025 12:01:00 AM,1,DRIVER,1,2022704,,FORD,EXPLORER,IL,2024,UNKNOWN,PASSENGER,POLICE,N,BACKING,,,2,,,,Y,,,,,,,,,,,,,,REAR,,,,,,,,,,,,,,,,,,,,,,,,,,,,,,,,,
2121778,b5d45eff4034388704ae7d0f312bb1238affa3d0a971b2566581810921d8207877dcef6f7921d53130dcf6e049f7e03fa8e5ece6716494108a15c3eb4a4a4fd2,08/05/2025 12:01:00 AM,2,PARKED,,2022710,,MERCEDES-BENZ,C300,IL,2014,UNKNOWN,PASSENGER,PERSONAL,N,PARKED,,,0,,,,,,,,,,Y,,,,,,,,REAR,,,,,,,,,,,,,,,,,,,,,,,,,,,,,,,,,
2122009,9ac07632ab7c6d76647183e79e87bf857c1d2a61e808f11b0b7ad9a39ddabc54f5919ace260c58cad7cd0156bc559f6b4933521977c43d8171db04774eed3a78,08/05/2025 12:00:00 AM,1,DRIVER,,2022930,,UNKNOWN,OTHER (EXPLAIN IN NARRATIVE),XX,,UNKNOWN,UNKNOWN/NA,UNKNOWN/NA,UNKNOWN,UNKNOWN/NA,,,1,,,,,,,,,,,,,,,,,Y,UNKNOWN,,,,,,,,,,,,,,,,,,,,,,,,,,,,,,,,,
2122010,9ac07632ab7c6d76647183e79e87bf857c1d2a61e808f11b0b7ad9a39ddabc54f5919ace260c58cad7cd0156bc559f6b4933521977c43d8171db04774eed3a78,08/05/2025 12:00:00 AM,2,PARKED,,2022932,,NISSAN,SENTRA,IL,2019,UNKNOWN,PASSENGER,PERSONAL,N,PARKED,,,0,,,,,,,,,,,,,,,Y,,,FRONT-LEFT-CORNER,,,,,,,,,,,,,,,,,,,,,,,,,,,,,,,,,
2121781,acebc76d423f34ab95eb18611a1d2a1c1c3c6bf4f0a357d1b4822cf16ae52b429e0b72c46eac05f94f9dd8ddc4b3997074ed37b4352a5b955d2f8706f157b140,08/04/2025 11:41:00 PM,1,DRIVER,2,2022709,,TOYOTA,4RUNNER,IN,2025,UNKNOWN,PASSENGER,PERSONAL,W,STRAIGHT AHEAD,,,3,,,,,Y,,,,,,,,,,,,,FRONT-RIGHT-CORNER,,,,,,,,,,,,,,,,,,,,,,,,,,,,,,,,,
2121782,acebc76d423f34ab95eb18611a1d2a1c1c3c6bf4f0a357d1b4822cf16ae52b429e0b72c46eac05f94f9dd8ddc4b3997074ed37b4352a5b955d2f8706f157b140,08/04/2025 11:41:00 PM,2,DRIVER,,2022719,,CHEVROLET,CRUZE,IL,2015,UNKNOWN,PASSENGER,PERSONAL,W,STRAIGHT AHEAD,,,1,,,,,,,,,Y,,,,,,,,,REAR-RIGHT-CORNER,,,,,,,,,,,,,,,,,,,,,,,,,,,,,,,,,
2122024,bfb96a6e82ea6e2d39756646e46311ee6f8de66b9cfae52437320b1eb58731f603d888819760a0820654ba8b924ef78386bb7eec56b0817dd4ba6a11becba4d7,08/04/2025 11:10:00 PM,1,DRIVER,,2022943,,CHEVROLET,SILVERADO,IL,2016,UNKNOWN,PICKUP,UNKNOWN/NA,S,UNKNOWN/NA,,,1,,,,,,,,,,,,,,,,,Y,UNKNOWN,,,,,,,,,,,,,,,,,,,,,,,,,,,,,,,,,
2122025,bfb96a6e82ea6e2d39756646e46311ee6f8de66b9cfae52437320b1eb58731f603d888819760a0820654ba8b924ef78386bb7eec56b0817dd4ba6a11becba4d7,08/04/2025 11:10:00 PM,2,PARKED,,2022953,,NISSAN,SENTRA,IL,2019,NONE,PASSENGER,UNKNOWN/NA,S,PARKED,,,0,,,,,,,,Y,Y,,,,,,,,,SIDE-RIGHT-REAR,,,,,,,,,,,,,,,,,,,,,,,,,,,,,,,,,
2138432,fac558b0702cd8bb7767ace79a78aa9b52eed87cea13436f14f94c19e4b391f504ff90bc961686239212d8e5551db70105e543eaee09fe24bc1862f07dcfbcd7,08/04/2025 11:09:00 PM,1,DRIVER,1,2038508,,TOYOTA,CAMRY,IL,2022,UNKNOWN,PASSENGER,UNKNOWN/NA,S,STRAIGHT AHEAD,,,2,,,,,,,,,,,,,,,,,,FRONT,,,,,,,,,,,,,,,,,,,,,,,,,,,,,,,,,
2138433,fac558b0702cd8bb7767ace79a78aa9b52eed87cea13436f14f94c19e4b391f504ff90bc961686239212d8e5551db70105e543eaee09fe24bc1862f07dcfbcd7,08/04/2025 11:09:00 PM,2,DRIVER,,2038509,,FORD,FUSION,IL,2014,UNKNOWN,PASSENGER,PERSONAL,N,STRAIGHT AHEAD,,,1,,,,N,Y,,,,,,,,,,Y,Y,,FRONT-RIGHT-CORNER,,,,,,,,,,,,,,,,,,,,,,,,,,,,,,,,,
2121761,37d7b803d7c3d3a873a28d684862b0099832d88c4943cfd93235a20727947a0f3dd69d55ccca0f2a81dc7607dbfe016835cca6a147d6e428d6f8d3b215dafc67,08/04/2025 11:03:00 PM,1,DRIVER,,2022692,,VOLKSWAGEN,JETTA,IL,2008,NONE,PASSENGER,PERSONAL,S,TURNING RIGHT,N,,1,,,,,,,,,,Y,Y,Y,,,,,,REAR-LEFT-CORNER,,,,,,,,,,,,,,,,,,,,,,,,,,,,,,,,,
2121762,37d7b803d7c3d3a873a28d684862b0099832d88c4943cfd93235a20727947a0f3dd69d55ccca0f2a81dc7607dbfe016835cca6a147d6e428d6f8d3b215dafc67,08/04/2025 11:03:00 PM,2,DRIVER,,2022694,,HONDA,CR-V,IL,2016,UNKNOWN,PASSENGER,PERSONAL,S,STRAIGHT AHEAD,,,1,,,,,Y,Y,,,,,,,,,,Y,,FRONT-RIGHT-CORNER,,,,,,,,,,,,,,,,,,,,,,,,,,,,,,,,,
2121881,9f1e085cff785a37ad5b8bb72092d09b99db233955a869c5e4e20c5cebdc69ae0308e2710ba1bc3786d85f808fccf6ac1806b152ea87f59739ddc9d10dd150dd,08/04/2025 11:00:00 PM,1,DRIVER,,2022810,,BUICK,ENCORE,IL,2017,UNKNOWN,UNKNOWN/NA,UNKNOWN/NA,W,STRAIGHT AHEAD,,,1,,,,,,,,,,,,,,,,Y,,FRONT,,,,,,,,,,,,,,,,,,,,,,,,,,,,,,,,,
2121882,9f1e085cff785a37ad5b8bb72092d09b99db233955a869c5e4e20c5cebdc69ae0308e2710ba1bc3786d85f808fccf6ac1806b152ea87f59739ddc9d10dd150dd,08/04/2025 11:00:00 PM,2,DRIVER,,2022812,,FORD,ESCAPE,IL,2010,UNKNOWN,SPORT UTILITY VEHICLE (SUV),PERSONAL,W,SLOW/STOP IN TRAFFIC,,,1,,,,,,,,,,Y,Y,,,,,,,REAR,,,,,,,,,,,,,,,,,,,,,,,,,,,,,,,,,
2121785,6f12ffb268e23fcdeb69ea2a26501b23694eb880e6ce1ccc46dd154f3a2d82b81a020d2abea07f5c67ec0d0c05c994320c92bfac8f9d8f465263e4956644ab4c,08/04/2025 10:40:00 PM,1,DRIVER,,2022714,,CHEVROLET,MALIBU,,,UNKNOWN,PASSENGER,UNKNOWN/NA,N,STRAIGHT AHEAD,,,1,,,,,,,,,,,,,,,,,Y,UNKNOWN,,,,,,,,,,,,,,,,,,,,,,,,,,,,,,,,,
2121786,6f12ffb268e23fcdeb69ea2a26501b23694eb880e6ce1ccc46dd154f3a2d82b81a020d2abea07f5c67ec0d0c05c994320c92bfac8f9d8f465263e4956644ab4c,08/04/2025 10:40:00 PM,2,PARKED,,2022715,,BMW,OTHER (EXPLAIN IN NARRATIVE),IL,2007,UNKNOWN,PASSENGER,NOT IN USE,N,PARKED,Y,,0,,private,,,,,,,,,Y,Y,Y,Y,,,,SIDE-LEFT-REAR,,,,,,,,,,,,,,,,,,,,,,,,,,,,,,,,,
2121775,d2f1d82bb0a2c65c020e910db7c12090d05803958168e5d83f01cf8aaed41a33e8009aa3ba522f00c83bd6028f9f7bff0d71a34c991e7a608039f21598555404,08/04/2025 10:40:00 PM,1,DRIVER,,2022703,,TOYOTA,HIGHLANDER,IL,2011,UNKNOWN,SPORT UTILITY VEHICLE (SUV),PERSONAL,N,CHANGING LANES,Y,,1,,UNKNOWN,,,,,Y,Y,Y,Y,,,,,,,,SIDE-RIGHT-REAR,,,,,,,,,,,,,,,,,,,,,,,,,,,,,,,,,
2121776,d2f1d82bb0a2c65c020e910db7c12090d05803958168e5d83f01cf8aaed41a33e8009aa3ba522f00c83bd6028f9f7bff0d71a34c991e7a608039f21598555404,08/04/2025 10:40:00 PM,2,DRIVER,1,2022706,,KIA,SEDONA,IN,2015,UNKNOWN,SPORT UTILITY VEHICLE (SUV),PERSONAL,N,STRAIGHT AHEAD,,,2,,,,,,,,,,,,,,,,Y,,FRONT,,,,,,,,,,,,,,,,,,,,,,,,,,,,,,,,,
2133650,07c77f421f3f3380924f98886772e148cbbef4c8f2d9ca46818218201684b76db77733b2d153057713264cc19b1a708db01e277e347f139ef37007a96420ca15,08/04/2025 10:27:00 PM,1,DRIVER,,2033940,,FORD,MUSTANG MACH-E,IL,2023,NONE,PASSENGER,PERSONAL,S,STRAIGHT AHEAD,,,1,,,,,,,,,,,,,Y,Y,Y,,,FRONT-LEFT-CORNER,,,,,,,,,,,,,,,,,,,,,,,,,,,,,,,,,
2133651,07c77f421f3f3380924f98886772e148cbbef4c8f2d9ca46818218201684b76db77733b2d153057713264cc19b1a708db01e277e347f139ef37007a96420ca15,08/04/2025 10:27:00 PM,2,DRIVER,,2033941,,FORD,FUSION,IN,2019,NONE,PASSENGER,PERSONAL,S,TURNING RIGHT,,,1,,,,,N,N,Y,Y,Y,,,,,,,,,SIDE-RIGHT-REAR,,,,,,,,,,,,,,,,,,,,,,,,,,,,,,,,,
2121743,cc4382280a16d7f1da5d9541c509b9196e25ca8b5a51589d7775e5ecc2664d854383d95d3abdbd7bcddbde90a6ffdd505458ad4b84ee5745bd057bc3429aad81,08/04/2025 10:15:00 PM,1,DRIVER,,2022677,,NISSAN,SENTRA,,,UNKNOWN,PASSENGER,PERSONAL,N,STRAIGHT AHEAD,,,1,,,,,Y,,,,,,,,,,Y,Y,,FRONT,,,,,,,,,,,,,,,,,,,,,,,,,,,,,,,,,
2121744,cc4382280a16d7f1da5d9541c509b9196e25ca8b5a51589d7775e5ecc2664d854383d95d3abdbd7bcddbde90a6ffdd505458ad4b84ee5745bd057bc3429aad81,08/04/2025 10:15:00 PM,2,DRIVER,1,2022681,,TESLA,MODEL 3,IL,2025,NONE,PASSENGER,PERSONAL,N,SLOW/STOP IN TRAFFIC,,,2,,,,,,,,,Y,Y,Y,,,,,,,REAR,,,,,,,,,,,,,,,,,,,,,,,,,,,,,,,,,
2121984,beb51359b0c4759e74fc0d1878d4193462734cbfb78b466a960ea41f9cc18ed7426da6854813b9d513c6ccaaf42ae72f5b9677da89dd5e41773258f8150cbb87,08/04/2025 10:10:00 PM,1,DRIVER,,2022908,,TOYOTA,COROLLA,IL,2006,NONE,PASSENGER,PERSONAL,S,TURNING RIGHT,,,1,,,,,Y,,,,,,,,,,,,,FRONT-RIGHT-CORNER,,,,,,,,,,,,,,,,,,,,,,,,,,,,,,,,,
2121985,beb51359b0c4759e74fc0d1878d4193462734cbfb78b466a960ea41f9cc18ed7426da6854813b9d513c6ccaaf42ae72f5b9677da89dd5e41773258f8150cbb87,08/04/2025 10:10:00 PM,2,DRIVER,,2022913,,CHEVROLET,IMPALA,IL,2014,NONE,PASSENGER,PERSONAL,S,STRAIGHT AHEAD,,,1,,,,,,,,,,,,,,Y,Y,,,SIDE-LEFT-FRONT,,,,,,,,,,,,,,,,,,,,,,,,,,,,,,,,,
2121767,2252125a6627ba55255aac9d836cfbd3eed48043648ee87a8c2c775e171b0db0f2174437ffe04d0db2c5933e1448d75cd113a9eef020526c0dc673f006b7e52b,08/04/2025 10:01:00 PM,1,DRIVER,1,2022701,N,MAZDA,CX-5,OH,2025,NONE,SPORT UTILITY VEHICLE (SUV),OTHER,E,AVOIDING VEHICLES/OBJECTS,Y,,2,,PRIVATE TOW,UNKNOWN,,Y,Y,,,,,,,,,,Y,,FRONT-RIGHT-CORNER,,,,,,,,,,,,,,,,,,,,,,,,,,,,,,,,,
2121768,2252125a6627ba55255aac9d836cfbd3eed48043648ee87a8c2c775e171b0db0f2174437ffe04d0db2c5933e1448d75cd113a9eef020526c0dc673f006b7e52b,08/04/2025 10:01:00 PM,2,PARKED,,2022707,,TOYOTA,PRIUS,IL,2014,NONE,PASSENGER,PERSONAL,E,PARKED,Y,,0,,PRIVATE TOW,UNKNOWN,,Y,,,,Y,Y,Y,,,,Y,Y,,REAR,,,,,,,,,,,,,,,,,,,,,,,,,,,,,,,,,
2121769,2252125a6627ba55255aac9d836cfbd3eed48043648ee87a8c2c775e171b0db0f2174437ffe04d0db2c5933e1448d75cd113a9eef020526c0dc673f006b7e52b,08/04/2025 10:01:00 PM,3,PARKED,,2022712,,TOYOTA,RAV4,IL,2012,NONE,SPORT UTILITY VEHICLE (SUV),PERSONAL,E,PARKED,,,0,,,,,Y,,,,Y,Y,Y,,,,Y,Y,,REAR,,,,,,,,,,,,,,,,,,,,,,,,,,,,,,,,,
2121770,2252125a6627ba55255aac9d836cfbd3eed48043648ee87a8c2c775e171b0db0f2174437ffe04d0db2c5933e1448d75cd113a9eef020526c0dc673f006b7e52b,08/04/2025 10:01:00 PM,4,PARKED,,2022713,,NISSAN,MURANO,IL,2016,NONE,SPORT UTILITY VEHICLE (SUV),PERSONAL,E,PARKED,,,0,,,,,,,,,Y,Y,Y,,,,,,,REAR,,,,,,,,,,,,,,,,,,,,,,,,,,,,,,,,,
2121841,a0ac97fef05bdc38648339ab0ec5361754b89df43dc67b91ef8ea11a44a2e6f416597110dc38c418ddb1ce4bde6c89665975abdb826d25bb9534ebbe4ba8e514,08/04/2025 10:00:00 PM,1,DRIVER,,2022771,,UNKNOWN,OTHER (EXPLAIN IN NARRATIVE),IL,,UNKNOWN,VAN/MINI-VAN,PERSONAL,E,STRAIGHT AHEAD,,,1,,,,,Y,Y,Y,,,,,,,,,Y,N,FRONT-RIGHT-CORNER,,,,,,,,,,,,,,,,,,,,,,,,,,,,,,,,,
2121842,a0ac97fef05bdc38648339ab0ec5361754b89df43dc67b91ef8ea11a44a2e6f416597110dc38c418ddb1ce4bde6c89665975abdb826d25bb9534ebbe4ba8e514,08/04/2025 10:00:00 PM,2,PARKED,,2022774,,TOYOTA,COROLLA,IL,2021,NONE,PASSENGER,PERSONAL,E,PARKED,,,0,,,,,,,,,,Y,Y,Y,,,,,,REAR-LEFT-CORNER,,,,,,,,,,,,,,,,,,,,,,,,,,,,,,,,,
2122443,5a7548f38bb79fbf64b1a1abd8e0357e03bf446f501435215c92f8438c55d54123e95e59b18d2e938aebd44456b4f2d8b2b1f2c8a3217ee2471d4e31c8af2692,08/04/2025 09:50:00 PM,1,DRIVER,1,2023350,,BUICK,ENCORE,IL,2024,UNKNOWN,PASSENGER,PERSONAL,SW,TURNING LEFT,Y,,2,,PRIVATE TOW,TOW YARD,,,,,,,,,,N,Y,Y,N,,FRONT-LEFT-CORNER,,,,,,,,,,,,,,,,,,,,,,,,,,,,,,,,,
2122444,5a7548f38bb79fbf64b1a1abd8e0357e03bf446f501435215c92f8438c55d54123e95e59b18d2e938aebd44456b4f2d8b2b1f2c8a3217ee2471d4e31c8af2692,08/04/2025 09:50:00 PM,2,DRIVER,,2023354,,NISSAN,ALTIMA,IL,2015,NONE,PASSENGER,PERSONAL,E,STRAIGHT AHEAD,Y,,1,,PERSONAL TOW,PERSONAL TOW,,,,,,,,,,,Y,Y,N,,FRONT-LEFT-CORNER,,,,,,,,,,,,,,,,,,,,,,,,,,,,,,,,,
2121753,c1c230fd6ec5c81908fc4c97cd046864450d839ff7abea5a2e9d5fc69393f7c965cd50cd3afe89482cf2d398159d2e317eb21751e68234862c488c86330d8230,08/04/2025 09:50:00 PM,1,DRIVER,1,2022688,,BMW,325I,IL,2011,NONE,PASSENGER,PERSONAL,N,STRAIGHT AHEAD,Y,,2,,PRIVATE,UNKNOWN,,,,,,,,,,,Y,Y,Y,,FRONT-LEFT-CORNER,,,,,,,,,,,,,,,,,,,,,,,,,,,,,,,,,
2121754,c1c230fd6ec5c81908fc4c97cd046864450d839ff7abea5a2e9d5fc69393f7c965cd50cd3afe89482cf2d398159d2e317eb21751e68234862c488c86330d8230,08/04/2025 09:50:00 PM,2,DRIVER,,2022698,,HONDA,ACCORD,IL,2025,NONE,PASSENGER,PERSONAL,N,SLOW/STOP IN TRAFFIC,Y,,1,,PRIVATE,UNKNOWN,,,,,Y,Y,Y,,,,,,,,REAR-RIGHT-CORNER,,,,,,,,,,,,,,,,,,,,,,,,,,,,,,,,,
2121729,9d4a17edeb877bb45ef85c31c57d6f00bd3c2444e04d916778c02978a54fccb3817f77c760e2af4bdfe92b04f87d5cc6c4ba60fe6db00100064c60ee7a2665f9,08/04/2025 09:45:00 PM,1,DRIVER,,2022661,,HYUNDAI,TUCSON,,,UNKNOWN,SPORT UTILITY VEHICLE (SUV),UNKNOWN/NA,W,BACKING,,,1,,,,,,,,,,Y,,,,,,,,REAR,,,,,,,,,,,,,,,,,,,,,,,,,,,,,,,,,
2121730,9d4a17edeb877bb45ef85c31c57d6f00bd3c2444e04d916778c02978a54fccb3817f77c760e2af4bdfe92b04f87d5cc6c4ba60fe6db00100064c60ee7a2665f9,08/04/2025 09:45:00 PM,2,DRIVER,,2022664,,TOYOTA,PRIUS,,,UNKNOWN,PASSENGER,RIDESHARE SERVICE,E,SLOW/STOP IN TRAFFIC,,,1,,,,,,,,,,,,,,,,Y,,FRONT,,,,,,,,,,,,,,,,,,,,,,,,,,,,,,,,,
2121736,f1057d2372bc710772d0e1ed6ddf7d1550726c6ee395841b939e9c8f2d436d0136c977a39941cabc712b7842b6b1f24c31036e81e1710b95b431357faf620b39,08/04/2025 09:40:00 PM,1,DRIVER,,2022669,,LINCOLN,MKZ,IL,,UNKNOWN,PASSENGER,UNKNOWN/NA,N,TURNING LEFT,,,1,,,,,,,,,,,,,Y,Y,Y,,,SIDE-LEFT,,,,,,,,,,,,,,,,,,,,,,,,,,,,,,,,,
2121737,f1057d2372bc710772d0e1ed6ddf7d1550726c6ee395841b939e9c8f2d436d0136c977a39941cabc712b7842b6b1f24c31036e81e1710b95b431357faf620b39,08/04/2025 09:40:00 PM,2,DRIVER,,2022672,,DODGE,CARAVAN,,,UNKNOWN,PASSENGER,TAXI/FOR HIRE,N,STRAIGHT AHEAD,,,1,,,,,Y,,,,,,,,,,,Y,,FRONT,,,,,,,,,,,,,,,,,,,,,,,,,,,,,,,,,
2121733,0463b0311a7814fbefe6aaefdcd4116b8eb14c7aed0c13d3ff7cb0b4ac208aa695435deaac25090fe09a24c9914f6b0cf5588df75d0853087c9ab455a609562e,08/04/2025 09:39:00 PM,1,DRIVER,,2022667,,FORD,ESCAPE,IL,2011,UNKNOWN,SPORT UTILITY VEHICLE (SUV),UNKNOWN/NA,S,TURNING RIGHT,,,1,,,,,,Y,Y,Y,,,,,,,,,,SIDE-RIGHT,,,,,,,,,,,,,,,,,,,,,,,,,,,,,,,,,
2121734,0463b0311a7814fbefe6aaefdcd4116b8eb14c7aed0c13d3ff7cb0b4ac208aa695435deaac25090fe09a24c9914f6b0cf5588df75d0853087c9ab455a609562e,08/04/2025 09:39:00 PM,2,BICYCLE,,,,,,,,,,,,,,,,,,,,,,,,,,,,,,,,,,,,,,,,,,,,,,,,,,,,,,,,,,,,,,,,,,
2121738,492cad850df1278e8a4120fe78cd4e35983094fd591cde55c2e1b4f2f34c5ec00841b434c45bab95a7291cf46d27e51f53b6c8ad5f2931a5cd8c2499ad2d265c,08/04/2025 09:20:00 PM,1,DRIVER,1,2022680,,AUDI,A7,IL,2012,NONE,PASSENGER,PERSONAL,N,U-TURN,Y,,2,,ENR TOWING,UNK,,Y,,,,,,,,,,Y,Y,,FRONT,,,,,,,,,,,,,,,,,,,,,,,,,,,,,,,,,
2121739,492cad850df1278e8a4120fe78cd4e35983094fd591cde55c2e1b4f2f34c5ec00841b434c45bab95a7291cf46d27e51f53b6c8ad5f2931a5cd8c2499ad2d265c,08/04/2025 09:20:00 PM,2,DRIVER,,2022674,,TOYOTA,4RUNNER,IL,2001,NONE,PASSENGER,PERSONAL,S,STRAIGHT AHEAD,,,1,,,,,,,,,,,,,,,Y,Y,,FRONT-LEFT-CORNER,,,,,,,,,,,,,,,,,,,,,,,,,,,,,,,,,
2121757,14e855ac1f6f0e3b6dd1a4d7c21b02a0a58e230618dc95fc23d25302a98ad22558907a9eb0b99e2cedf8531dade13154c44629139ee1d296582b720576194a22,08/04/2025 09:15:00 PM,1,DRIVER,,2022690,,UNKNOWN,MOTORIZED,IL,,UNKNOWN,PASSENGER,UNKNOWN/NA,S,STRAIGHT AHEAD,,,1,,,,,,,,,,,,,,,Y,,,FRONT-LEFT-CORNER,,,,,,,,,,,,,,,,,,,,,,,,,,,,,,,,,