CRASH_UNIT_ID,CRASH_RECORD_ID,CRASH_DATE,UNIT_NO,UNIT_TYPE,NUM_PASSENGERS,VEHICLE_ID,CMRC_VEH_I,MAKE,MODEL,LIC_PLATE_STATE,VEHICLE_YEAR,VEHICLE_DEFECT,VEHICLE_TYPE,VEHICLE_USE,TRAVEL_DIRECTION,MANEUVER,TOWED_I,FIRE_I,OCCUPANT_CNT,EXCEED_SPEED_LIMIT_I,TOWED_BY,TOWED_TO,AREA_00_I,AREA_01_I,AREA_02_I,AREA_03_I,AREA_04_I,AREA_05_I,AREA_06_I,AREA_07_I,AREA_08_I,AREA_09_I,AREA_10_I,AREA_11_I,AREA_12_I,AREA_99_I,FIRST_CONTACT_POINT,CMV_ID,USDOT_NO,CCMC_NO,ILCC_NO,COMMERCIAL_SRC,GVWR,CARRIER_NAME,CARRIER_STATE,CARRIER_CITY,HAZMAT_PLACARDS_I,HAZMAT_NAME,UN_NO,HAZMAT_PRESENT_I,HAZMAT_REPORT_I,HAZMAT_REPORT_NO,MCS_REPORT_I,MCS_REPORT_NO,HAZMAT_VIO_CAUSE_CRASH_I,MCS_VIO_CAUSE_CRASH_I,IDOT_PERMIT_NO,WIDE_LOAD_I,TRAILER1_WIDTH,TRAILER2_WIDTH,TRAILER1_LENGTH,TRAILER2_LENGTH,TOTAL_VEHICLE_LENGTH,AXLE_CNT,VEHICLE_CONFIG,CARGO_BODY_TYPE,LOAD_TYPE,HAZMAT_OUT_OF_SERVICE_I,MCS_OUT_OF_SERVICE_I,HAZMAT_CLASS
2121758,14e855ac1f6f0e3b6dd1a4d7c21b02a0a58e230618dc95fc23d25302a98ad22558907a9eb0b99e2cedf8531dade13154c44629139ee1d296582b720576194a22,08/04/2025 09:15:00 PM,2,PARKED,,2022691,,TOYOTA,SIENNA,IL,2004,UNKNOWN,VAN/MINI-VAN,PERSONAL,S,PARKED,,,0,,,,,,,,,Y,,,,,,,,,SIDE-RIGHT-REAR,,,,,,,,,,,,,,,,,,,,,,,,,,,,,,,,,
2123086,54e8aaa3222f34851ee108aefaab6116eb15d8b8383671e46cd721dca1005b839599ca4500f162e397ba007bb03b1f29a099497fd4fedfa523640da505c6d817,08/04/2025 09:10:00 PM,1,DRIVER,,2023955,,VOLKSWAGEN,ATLAS,IL,2020,NONE,PASSENGER,PERSONAL,E,STRAIGHT AHEAD,,,1,,,,,Y,,,,,,,,,,,,,FRONT-RIGHT-CORNER,,,,,,,,,,,,,,,,,,,,,,,,,,,,,,,,,
2123087,54e8aaa3222f34851ee108aefaab6116eb15d8b8383671e46cd721dca1005b839599ca4500f162e397ba007bb03b1f29a099497fd4fedfa523640da505c6d817,08/04/2025 09:10:00 PM,2,DRIVER,,2023957,,SUBARU,BRZ,IL,2020,NONE,PASSENGER,PERSONAL,N,STRAIGHT AHEAD,,,1,,,,,,,,,,,,Y,Y,,,,,SIDE-LEFT,,,,,,,,,,,,,,,,,,,,,,,,,,,,,,,,,
2121723,912756cd2259f9a997f6ff28b77d4fa08ace6606fed159d8e80a1dcf45d633d429273cb3d6590c590cf99375bc314b0a4a0ac4220940b46941a203018e960eaf,08/04/2025 09:00:00 PM,1,DRIVER,,2022654,,UNKNOWN,OTHER (EXPLAIN IN NARRATIVE),XX,,UNKNOWN,UNKNOWN/NA,UNKNOWN/NA,NW,UNKNOWN/NA,,,1,,,,,,,,,,,,,,,,,Y,UNKNOWN,,,,,,,,,,,,,,,,,,,,,,,,,,,,,,,,,
2121724,912756cd2259f9a997f6ff28b77d4fa08ace6606fed159d8e80a1dcf45d633d429273cb3d6590c590cf99375bc314b0a4a0ac4220940b46941a203018e960eaf,08/04/2025 09:00:00 PM,2,PARKED,,2022659,,AUDI,Q7,IL,2008,NONE,PASSENGER,PERSONAL,UNKNOWN,PARKED,,,0,,,,,,,,,,,,,,,,,,TOTAL (ALL AREAS),,,,,,,,,,,,,,,,,,,,,,,,,,,,,,,,,
2121727,7d69151a901b78fd40c1db065f5ab852fa07fe02dc2a3b16e0daa97aa52dafb1c2453d1f576dd17b44374f561a10d8ba43203d6735f952f11d7bca476e07655a,08/04/2025 08:55:00 PM,1,DRIVER,,2022658,,JEEP,GRAND CHEROKEE,IL,2019,UNKNOWN,PASSENGER,PERSONAL,E,STRAIGHT AHEAD,,,1,,,,,Y,,,,,,,,,,,Y,,SIDE-RIGHT-FRONT,,,,,,,,,,,,,,,,,,,,,,,,,,,,,,,,,
2121728,7d69151a901b78fd40c1db065f5ab852fa07fe02dc2a3b16e0daa97aa52dafb1c2453d1f576dd17b44374f561a10d8ba43203d6735f952f11d7bca476e07655a,08/04/2025 08:55:00 PM,2,DRIVER,,2022662,,HYUNDAI,SONATA,AR,2009,NONE,PICKUP,PERSONAL,N,STRAIGHT AHEAD,,,1,,,,,Y,,,,,,,,,,Y,Y,,FRONT,,,,,,,,,,,,,,,,,,,,,,,,,,,,,,,,,
2121731,696e75497ca7941cfffe94d7d449e29d98119a9077877260cf1766078bc400745d999897a472b69d61a535b49a04b0c50b182c2d40aa533a440e97719b21d608,08/04/2025 08:45:00 PM,1,DRIVER,,2022675,,UNKNOWN,OTHER (EXPLAIN IN NARRATIVE),IL,,NONE,PASSENGER,PERSONAL,N,STRAIGHT AHEAD,,,1,,,,,,,,,,,,,,Y,Y,,,SIDE-LEFT-FRONT,,,,,,,,,,,,,,,,,,,,,,,,,,,,,,,,,
2121732,696e75497ca7941cfffe94d7d449e29d98119a9077877260cf1766078bc400745d999897a472b69d61a535b49a04b0c50b182c2d40aa533a440e97719b21d608,08/04/2025 08:45:00 PM,2,DRIVER,,2022671,,CHEVROLET,EQUINOX,IL,2025,NONE,PASSENGER,PERSONAL,N,STRAIGHT AHEAD,,,1,,,,,Y,Y,,,,,,,,,,,,SIDE-RIGHT-FRONT,,,,,,,,,,,,,,,,,,,,,,,,,,,,,,,,,
2121719,1f488415bf63f8ee75d787d013edd10b735e20985133320ecb154a9eb7275d5b9f81b996e33b61b6a297f47e42a15c28553850b971acf46cbe2c822845f08e5b,08/04/2025 08:35:00 PM,1,DRIVER,,2022656,,TOYOTA,COROLLA,IL,2003,UNKNOWN,PASSENGER,PERSONAL,S,CHANGING LANES,,,1,,,,,,,,,,,,,,,Y,,,FRONT-LEFT-CORNER,,,,,,,,,,,,,,,,,,,,,,,,,,,,,,,,,
2121720,1f488415bf63f8ee75d787d013edd10b735e20985133320ecb154a9eb7275d5b9f81b996e33b61b6a297f47e42a15c28553850b971acf46cbe2c822845f08e5b,08/04/2025 08:35:00 PM,2,DRIVER,,2022663,,TOYOTA,YARIS,IL,2014,NONE,PASSENGER,PERSONAL,S,STRAIGHT AHEAD,,,1,,,,,Y,,,,,,,,,,,,,FRONT-RIGHT-CORNER,,,,,,,,,,,,,,,,,,,,,,,,,,,,,,,,,
2122121,ac95969a81c014b904b16b3456ed546c2ab1ee54d5958056974fcd03449ecb98660a4eff7979fb98bae213c4a970df2e0e32b6b57d94c6d4d266939010c828e3,08/04/2025 08:35:00 PM,1,BICYCLE,,,,,,,,,,,,,,,,,,,,,,,,,,,,,,,,,,,,,,,,,,,,,,,,,,,,,,,,,,,,,,,,,,
2122122,ac95969a81c014b904b16b3456ed546c2ab1ee54d5958056974fcd03449ecb98660a4eff7979fb98bae213c4a970df2e0e32b6b57d94c6d4d266939010c828e3,08/04/2025 08:35:00 PM,2,PARKED,,2023042,,HONDA,CR-V,FL,2024,NONE,PASSENGER,PERSONAL,S,PARKED,N,,0,,,,,,,,,,,,,,Y,Y,,,FRONT-LEFT-CORNER,,,,,,,,,,,,,,,,,,,,,,,,,,,,,,,,,
2122640,65f739fc321973527865ef44af5d7183c28d595717df873c138bc822246a052350bc568a21943e1b9c8e2a2a38e25a929330d40512ac8445020ea75f93b1494f,08/04/2025 08:30:00 PM,1,DRIVER,,2023531,,UNKNOWN,MOTORIZED,IL,,OTHER,UNKNOWN/NA,UNKNOWN/NA,W,STRAIGHT AHEAD,,,1,,,,,,,,,,,,,,,,,,UNKNOWN,,,,,,,,,,,,,,,,,,,,,,,,,,,,,,,,,
2122641,65f739fc321973527865ef44af5d7183c28d595717df873c138bc822246a052350bc568a21943e1b9c8e2a2a38e25a929330d40512ac8445020ea75f93b1494f,08/04/2025 08:30:00 PM,2,PARKED,,2023533,,CADILLAC,ESCALADE,IL,2024,NONE,SPORT UTILITY VEHICLE (SUV),PERSONAL,W,PARKED,,,0,,,,,,,,,,,Y,,,,,,,REAR-RIGHT-CORNER,,,,,,,,,,,,,,,,,,,,,,,,,,,,,,,,,
2121771,d8bd0753b43a36097250afab4ff5debaf26ea9eacce973b274cfa4bdf4b5b515a13e9fa758718bdb4faeb9d8f30428261f5483fa00c25deef218b08f2b72c412,08/04/2025 08:30:00 PM,1,DRIVER,,2022722,,UNKNOWN,OTHER (EXPLAIN IN NARRATIVE),IL,,NONE,PASSENGER,PERSONAL,S,STRAIGHT AHEAD,,,1,,,,,,,,Y,Y,,N,N,,,,,,SIDE-LEFT-REAR,,,,,,,,,,,,,,,,,,,,,,,,,,,,,,,,,
2121772,d8bd0753b43a36097250afab4ff5debaf26ea9eacce973b274cfa4bdf4b5b515a13e9fa758718bdb4faeb9d8f30428261f5483fa00c25deef218b08f2b72c412,08/04/2025 08:30:00 PM,2,DRIVER,,2022711,,NISSAN,MURANO,IL,2017,NONE,PASSENGER,PERSONAL,S,STRAIGHT AHEAD,,,1,,,,,Y,,,,,,Y,Y,,,,N,,SIDE-RIGHT-REAR,,,,,,,,,,,,,,,,,,,,,,,,,,,,,,,,,
2121717,763a19e4716fd950e3442f086a1ba0f97e5629e7bfae38a7bcb03d0c13337090b0e5f2d98c34809dfde7b23eeb3b9f3c8465316e15e332ea4cebe730a090d87c,08/04/2025 08:10:00 PM,1,DRIVER,1,2022651,,FORD,ECONOLINE E150,IL,2006,NONE,VAN/MINI-VAN,PERSONAL,N,STRAIGHT AHEAD,,,2,,,,,Y,Y,,,,,,,,,N,,,SIDE-RIGHT-FRONT,,,,,,,,,,,,,,,,,,,,,,,,,,,,,,,,,
2121718,763a19e4716fd950e3442f086a1ba0f97e5629e7bfae38a7bcb03d0c13337090b0e5f2d98c34809dfde7b23eeb3b9f3c8465316e15e332ea4cebe730a090d87c,08/04/2025 08:10:00 PM,2,DRIVER,,2022653,N,NOVA BUS,OTHER (EXPLAIN IN NARRATIVE),IL,2015,NONE,BUS OVER 15 PASS.,CTA,N,ENTERING TRAFFIC LANE FROM PARKING,,,1,,,,,,,,,,,,Y,Y,N,,,,SIDE-LEFT,,,,,,,,,,,,,,,,,,,,,,,,,,,,,,,,,
2121721,9b25b3ed64e488670ba4e7b305b865c25e232ddbf58823608db0c8096fcfed3560116d7bfd553ff59e5a143dd476a2550b9fb6a7f678e96b0c49bb05aaa3364d,08/04/2025 08:05:00 PM,1,DRIVER,3,2022657,,HYUNDAI,ELANTRA,IL,2018,UNKNOWN,PASSENGER,UNKNOWN/NA,E,STRAIGHT AHEAD,Y,,4,,CITY OF CHICAGO,AUTO POUND #2,,Y,,,,,,,,,,Y,Y,,FRONT,,,,,,,,,,,,,,,,,,,,,,,,,,,,,,,,,
2121722,9b25b3ed64e488670ba4e7b305b865c25e232ddbf58823608db0c8096fcfed3560116d7bfd553ff59e5a143dd476a2550b9fb6a7f678e96b0c49bb05aaa3364d,08/04/2025 08:05:00 PM,2,DRIVER,1,2022665,,JEEP,RENEGADE,IL,2020,UNKNOWN,SPORT UTILITY VEHICLE (SUV),PERSONAL,E,TURNING LEFT,Y,,2,,PERSONAL TOW,BLUE ISLAND REPAIR SHOP,,,,,N,Y,Y,Y,Y,,,,,,REAR,,,,,,,,,,,,,,,,,,,,,,,,,,,,,,,,,
2121879,b64edb437f20a0ecbbd4817dc050bbf0121086741e1853fb6fc03726a32f0b35132f754ca19bef3812f8bbfe41b891e5f8dd46b2520fb99ddd09636873ca2c80,08/04/2025 08:00:00 PM,1,DRIVER,,2022808,,UNKNOWN,OTHER (EXPLAIN IN NARRATIVE),,,UNKNOWN,UNKNOWN/NA,UNKNOWN/NA,UNKNOWN,UNKNOWN/NA,,,1,,,,,,,,,,,,,,,,,Y,UNKNOWN,,,,,,,,,,,,,,,,,,,,,,,,,,,,,,,,,
2121880,b64edb437f20a0ecbbd4817dc050bbf0121086741e1853fb6fc03726a32f0b35132f754ca19bef3812f8bbfe41b891e5f8dd46b2520fb99ddd09636873ca2c80,08/04/2025 08:00:00 PM,2,PARKED,,2022811,,LEXUS,GS430,IL,2006,NONE,PASSENGER,PERSONAL,UNKNOWN,PARKED,,,0,,,,,Y,Y,,,,,,,,,,,,SIDE-RIGHT-FRONT,,,,,,,,,,,,,,,,,,,,,,,,,,,,,,,,,
2121735,97e33300a5899ff36109ca8533d6772749d0e939441ebd73a3a7f7029c29a3117106748ecc49cb1873f02b435a8ff53c80b1a49126dd22e00bfe2731589b083d,08/04/2025 07:55:00 PM,1,DRIVER,,2022670,,FORD,ESCAPE,IL,2017,NONE,PASSENGER,PERSONAL,E,TURNING LEFT,,,1,,,,,,,,,,,,,,,Y,,,FRONT-LEFT-CORNER,,,,,,,,,,,,,,,,,,,,,,,,,,,,,,,,,
2121742,97e33300a5899ff36109ca8533d6772749d0e939441ebd73a3a7f7029c29a3117106748ecc49cb1873f02b435a8ff53c80b1a49126dd22e00bfe2731589b083d,08/04/2025 07:55:00 PM,2,DRIVER,,2022676,,FORD,FOCUS,IL,2009,NONE,PASSENGER,PERSONAL,W,STRAIGHT AHEAD,,,1,,,,,,,,,,,Y,Y,Y,Y,,,,SIDE-LEFT,,,,,,,,,,,,,,,,,,,,,,,,,,,,,,,,,
2126070,e5b241d84e282493ac766c3024a3cdde3dc0b4dda7a3342c4db6337055267b726cf5bf4f4af3addedeae8effa5f83625fc7d40a5f3003ec80dda3d8c4e5408d2,08/04/2025 07:45:00 PM,1,DRIVER,,2026783,,HONDA,ACCORD,IL,2025,NONE,PASSENGER,PERSONAL,E,STRAIGHT AHEAD,,,1,,,,,,,,,,,,,,,,,Y,FRONT,,,,,,,,,,,,,,,,,,,,,,,,,,,,,,,,,
2126071,e5b241d84e282493ac766c3024a3cdde3dc0b4dda7a3342c4db6337055267b726cf5bf4f4af3addedeae8effa5f83625fc7d40a5f3003ec80dda3d8c4e5408d2,08/04/2025 07:45:00 PM,2,DRIVER,,2026785,,ACURA,ADX,IL,2013,NONE,PASSENGER,PERSONAL,E,STRAIGHT AHEAD,,,1,,,,,,,,,,Y,,,,,,,,REAR,,,,,,,,,,,,,,,,,,,,,,,,,,,,,,,,,
2121707,6103bd3f169524ab94febf829b6f0694688c6a4c0e901fc1ac5f579689119982d1017a20b2c5d5e457348a487d904d17b3eed877ae4b84c7cb925994d8ab269d,08/04/2025 07:40:00 PM,1,DRIVER,,2022649,,MAZDA,CX-5,IL,2013,UNKNOWN,PASSENGER,PERSONAL,NE,BACKING,,,1,,,,,,,,,,,Y,,,,,,,SIDE-LEFT-REAR,,,,,,,,,,,,,,,,,,,,,,,,,,,,,,,,,
2121708,6103bd3f169524ab94febf829b6f0694688c6a4c0e901fc1ac5f579689119982d1017a20b2c5d5e457348a487d904d17b3eed877ae4b84c7cb925994d8ab269d,08/04/2025 07:40:00 PM,2,DRIVER,,2022652,,MERCEDES-BENZ,GLC,MA,2018,UNKNOWN,PASSENGER,PERSONAL,E,OTHER,,,1,,,,,Y,,,,,,,,,,,,,FRONT-RIGHT-CORNER,,,,,,,,,,,,,,,,,,,,,,,,,,,,,,,,,
2121715,cdb9dc9c076edef70d361504fc6787c0ad5274ef0206d814f7859b75c8e2bb12f3e435a72bb1ffc95d52fc9ecde739dd6926f6df3b96906c1c879cd18947f046,08/04/2025 07:30:00 PM,1,DRIVER,,2022666,,TOYOTA,CAMRY,IL,2000,UNKNOWN,PASSENGER,PERSONAL,E,STRAIGHT AHEAD,,,1,,,,,Y,,,,,,,,,,Y,Y,,FRONT,,,,,,,,,,,,,,,,,,,,,,,,,,,,,,,,,
2121716,cdb9dc9c076edef70d361504fc6787c0ad5274ef0206d814f7859b75c8e2bb12f3e435a72bb1ffc95d52fc9ecde739dd6926f6df3b96906c1c879cd18947f046,08/04/2025 07:30:00 PM,2,DRIVER,,2022668,,TESLA,MODEL Y,IL,2024,NONE,PASSENGER,PERSONAL,E,STRAIGHT AHEAD,,,1,,,,,,,,,Y,Y,Y,,,,,,,REAR,,,,,,,,,,,,,,,,,,,,,,,,,,,,,,,,,
2121689,c23760a38c39bc2aefdde64a5f2e2ab0765d274ff8289c056dbc4cd598fb087cf504ef0a1de9678936e60b77b61aaaababca8c9d6b60b3c1f862b8a1b49a89b5,08/04/2025 07:28:00 PM,1,DRIVER,,2022624,,NOVA BUS,LFS,IL,2015,UNKNOWN,BUS OVER 15 PASS.,CTA,N,STRAIGHT AHEAD,,,1,,,,,Y,,,,,,,,,,Y,Y,,FRONT,,,,,,,,,,,,,,,,,,,,,,,,,,,,,,,,,
2121690,c23760a38c39bc2aefdde64a5f2e2ab0765d274ff8289c056dbc4cd598fb087cf504ef0a1de9678936e60b77b61aaaababca8c9d6b60b3c1f862b8a1b49a89b5,08/04/2025 07:28:00 PM,2,DRIVER,,2022632,,VOLKSWAGEN,ATLAS,IL,2024,UNKNOWN,SPORT UTILITY VEHICLE (SUV),PERSONAL,N,STRAIGHT AHEAD,,,1,,,,,,,,,Y,Y,Y,,,,,,,REAR,,,,,,,,,,,,,,,,,,,,,,,,,,,,,,,,,
2121684,2f59a896d85db6aa356b77c595df8ff0bbd54a4cd7d44aee725aa27bd776bd3f1d932734b46f713b09e5cf49a9def3da8ceb8251624901f8565124b00ca0bdb1,08/04/2025 07:27:00 PM,1,DRIVER,,2022626,,HONDA,MOTORCYCLE,IL,2022,UNKNOWN,MOPED OR MOTORIZED BICYCLE,PERSONAL,NW,TURNING LEFT,,,1,,,,,Y,,,,,,,,,,Y,Y,,FRONT,,,,,,,,,,,,,,,,,,,,,,,,,,,,,,,,,
2121685,2f59a896d85db6aa356b77c595df8ff0bbd54a4cd7d44aee725aa27bd776bd3f1d932734b46f713b09e5cf49a9def3da8ceb8251624901f8565124b00ca0bdb1,08/04/2025 07:27:00 PM,2,DRIVER,,2022620,,HONDA,CIVIC,IL,2013,UNKNOWN,PASSENGER,PERSONAL,W,STRAIGHT AHEAD,,,1,,,,,,,,,,Y,Y,Y,,,,,,REAR-LEFT-CORNER,,,,,,,,,,,,,,,,,,,,,,,,,,,,,,,,,
2121691,7322bb280034201181ffd348fbbca77c05c74da950acc2d1014702f40cc3fc1f754757fac772175323fa76ccef7ea28d3f0604cf484b7637bbf0425ed9ee33d6,08/04/2025 07:27:00 PM,1,DRIVER,,2022630,,TOYOTA,CAMRY,IL,2012,UNKNOWN,PASSENGER,RIDESHARE SERVICE,W,STRAIGHT AHEAD,,,1,,,,,Y,,,,,,,,,,Y,Y,,FRONT,,,,,,,,,,,,,,,,,,,,,,,,,,,,,,,,,
2121692,7322bb280034201181ffd348fbbca77c05c74da950acc2d1014702f40cc3fc1f754757fac772175323fa76ccef7ea28d3f0604cf484b7637bbf0425ed9ee33d6,08/04/2025 07:27:00 PM,2,DRIVER,,2022633,,KIA,SORENTO,IL,2022,UNKNOWN,PASSENGER,RIDESHARE SERVICE,S,MERGING,,,1,,,,,,,,,,,,Y,Y,Y,,,,SIDE-LEFT,,,,,,,,,,,,,,,,,,,,,,,,,,,,,,,,,
2121703,4ce22d91981016819d3b7809c0edb42e40b5a95da26a7fa742ed86572c2f0a446ee85a976249e0ab15e3e8896f84ab8979cf946ce86d43fe170650b6307cc28b,08/04/2025 07:15:00 PM,1,DRIVER,,2022638,,UNKNOWN,MOTORIZED,,,UNKNOWN,UNKNOWN/NA,UNKNOWN/NA,S,UNKNOWN/NA,,,1,,,,,,,,,,,,,,,,,Y,UNKNOWN,,,,,,,,,,,,,,,,,,,,,,,,,,,,,,,,,
2121704,4ce22d91981016819d3b7809c0edb42e40b5a95da26a7fa742ed86572c2f0a446ee85a976249e0ab15e3e8896f84ab8979cf946ce86d43fe170650b6307cc28b,08/04/2025 07:15:00 PM,2,PARKED,,2022641,,ACURA,TLX,IL,2010,NONE,PASSENGER,PERSONAL,S,PARKED,,,0,,,,,,,,,,,,,Y,Y,Y,,,FRONT-LEFT-CORNER,,,,,,,,,,,,,,,,,,,,,,,,,,,,,,,,,
2122346,38c5fd17ad9c82c40c64c808639ad297348a1e78a7edd355c4e7bb4325ab7c0d34000456dba297cc7290d5cf7da85487494f712d9b89d340730a2a232abcec7e,08/04/2025 07:05:00 PM,1,DRIVER,,2023257,,FORD,FOCUS,IL,2009,UNKNOWN,PASSENGER,PERSONAL,W,STRAIGHT AHEAD,,,1,,,,,,,,,,,,,,,,Y,,FRONT,,,,,,,,,,,,,,,,,,,,,,,,,,,,,,,,,
2122347,38c5fd17ad9c82c40c64c808639ad297348a1e78a7edd355c4e7bb4325ab7c0d34000456dba297cc7290d5cf7da85487494f712d9b89d340730a2a232abcec7e,08/04/2025 07:05:00 PM,2,DRIVER,,2023259,,CHEVROLET,BLAZER,IN,2022,UNKNOWN,SPORT UTILITY VEHICLE (SUV),PERSONAL,W,STRAIGHT AHEAD,,,1,,,,,,,,,,Y,,,,,,,,REAR,,,,,,,,,,,,,,,,,,,,,,,,,,,,,,,,,
2121759,ca31a64db042c4c199da31585bb6a501dc070e01bdf80fa403a593758b083647413c428c4a6ae736b17434d4d1ae3d7df882df52709ceb6e76e1a6bb1e6e7f77,08/04/2025 07:00:00 PM,1,DRIVER,,2022693,,FORD,ESCAPE,IL,2013,UNKNOWN,SPORT UTILITY VEHICLE (SUV),PERSONAL,W,BACKING,,,1,,,,,,,,,,Y,,,,,,,,REAR,,,,,,,,,,,,,,,,,,,,,,,,,,,,,,,,,
2121760,ca31a64db042c4c199da31585bb6a501dc070e01bdf80fa403a593758b083647413c428c4a6ae736b17434d4d1ae3d7df882df52709ceb6e76e1a6bb1e6e7f77,08/04/2025 07:00:00 PM,2,DRIVER,,2022696,,NISSAN,SENTRA,IL,2024,UNKNOWN,PASSENGER,PERSONAL,S,STRAIGHT AHEAD,,,1,,,,,,,,,,,,,,,,Y,,FRONT,,,,,,,,,,,,,,,,,,,,,,,,,,,,,,,,,
2121701,cfbb98b91f72365d0fe2ff39d0b660cebefff95f981f1566ac52982bd20ee292847b38ae0df7436774ef5725261d232c564a873795b86ee6d46d1bc1f1779dc0,08/04/2025 07:00:00 PM,1,DRIVER,,2022640,Y,FREIGHTLINER CORPORATION,OTHER (EXPLAIN IN NARRATIVE),TX,2017,UNKNOWN,TRACTOR W/ SEMI-TRAILER,COMMERCIAL - SINGLE UNIT,NE,BACKING,,,1,,,,,,,,,Y,,,,,,,,,REAR-RIGHT-CORNER,"21,940",2338618,798515,,PAPERS,1,VANGUARD EXPRESS LLC,TX,SACHSE,,,,N,N,,N,,N,N,,,,,,,,,TRACTOR/SEMI-TRAILER,VAN/ENCLOSED BOX,UNKNOWN,N,N,
2121702,cfbb98b91f72365d0fe2ff39d0b660cebefff95f981f1566ac52982bd20ee292847b38ae0df7436774ef5725261d232c564a873795b86ee6d46d1bc1f1779dc0,08/04/2025 07:00:00 PM,2,PARKED,,2022644,,CHEVROLET,SILVERADO,IL,2020,UNKNOWN,PICKUP,CTA,UNKNOWN,PARKED,,,0,,,,,,,,,Y,,,,,,,,,REAR-RIGHT-CORNER,,,,,,,,,,,,,,,,,,,,,,,,,,,,,,,,,
2121686,589fb147073201382bb7f327da8df5a8c92baa20c568dd4f7366dfc2f8af2456da8247a355e94c4148d91a042759f6d0c66bd191174b50c69655b4b944b70d90,08/04/2025 06:55:00 PM,1,DRIVER,,2022629,,CHEVROLET,IMPALA,IL,2008,UNKNOWN,PASSENGER,PERSONAL,E,STRAIGHT AHEAD,,,1,,,,,,,,,Y,Y,,,,,,,,REAR,,,,,,,,,,,,,,,,,,,,,,,,,,,,,,,,,
2121687,589fb147073201382bb7f327da8df5a8c92baa20c568dd4f7366dfc2f8af2456da8247a355e94c4148d91a042759f6d0c66bd191174b50c69655b4b944b70d90,08/04/2025 06:55:00 PM,2,DRIVER,,2022625,,TOYOTA,TACOMA,IL,2019,NONE,PICKUP,PERSONAL,S,STRAIGHT AHEAD,,,1,,,,,,,,,,,,,,,Y,,,FRONT-RIGHT-CORNER,,,,,,,,,,,,,,,,,,,,,,,,,,,,,,,,,
2121821,c46c9357a8514eb49f623799060ecf253c7333cd116b564e48759843b04ceecb7a7b81fe2dfe2fe2ec46c0f2f81d9f6da504e6b6b83f3593e02a0f22019627b7,08/04/2025 06:54:00 PM,1,DRIVER,,2022756,,TOYOTA,TACOMA,,2019,UNKNOWN,SPORT UTILITY VEHICLE (SUV),PERSONAL,S,STRAIGHT AHEAD,,,1,,,,,,,,,,,,,,,,Y,,FRONT,,,,,,,,,,,,,,,,,,,,,,,,,,,,,,,,,
2121822,c46c9357a8514eb49f623799060ecf253c7333cd116b564e48759843b04ceecb7a7b81fe2dfe2fe2ec46c0f2f81d9f6da504e6b6b83f3593e02a0f22019627b7,08/04/2025 06:54:00 PM,2,DRIVER,,2022757,,CHEVROLET,IMPALA,IL,2008,UNKNOWN,PASSENGER,PERSONAL,S,STRAIGHT AHEAD,,,1,,,,,,,,,,Y,,,,,,,,REAR,,,,,,,,,,,,,,,,,,,,,,,,,,,,,,,,,
2121680,6d06306f4ca6d96693f3b2d1eda798352e27784290adea6e5d0752805af004e589cd2a30c9cb54dcf11d091ea81f99c20e302ec457d23626884d1af0940a5d91,08/04/2025 06:45:00 PM,1,DRIVER,,2022612,,HONDA,ACCORD,IL,2013,UNKNOWN,PASSENGER,UNKNOWN/NA,S,ENTERING TRAFFIC LANE FROM PARKING,,,1,,,,,,,,,,,,,,,Y,Y,,FRONT-LEFT-CORNER,,,,,,,,,,,,,,,,,,,,,,,,,,,,,,,,,
2121681,6d06306f4ca6d96693f3b2d1eda798352e27784290adea6e5d0752805af004e589cd2a30c9cb54dcf11d091ea81f99c20e302ec457d23626884d1af0940a5d91,08/04/2025 06:45:00 PM,2,PARKED,,2022616,,TOYOTA,COROLLA,,2020,UNKNOWN,PASSENGER,PERSONAL,S,PARKED,,,0,,,,,,,,,Y,,,,,,,,,REAR-RIGHT-CORNER,,,,,,,,,,,,,,,,,,,,,,,,,,,,,,,,,
2121695,2bd29943e0cab4d6835cf186986c17826f11b3053e124ee11013e7086a6e51f4c8440292ebd29519a09bd5afaaebdeaa0f3a05adf1a3299daafcb84c4e1fb606,08/04/2025 06:44:00 PM,1,DRIVER,,2022643,,UNKNOWN,OTHER (EXPLAIN IN NARRATIVE),,,NONE,MOPED OR MOTORIZED BICYCLE,PERSONAL,E,STRAIGHT AHEAD,,,1,,,,,Y,,,,,,,,,,Y,Y,,FRONT,,,,,,,,,,,,,,,,,,,,,,,,,,,,,,,,,
2121696,2bd29943e0cab4d6835cf186986c17826f11b3053e124ee11013e7086a6e51f4c8440292ebd29519a09bd5afaaebdeaa0f3a05adf1a3299daafcb84c4e1fb606,08/04/2025 06:44:00 PM,2,DRIVER,,2022645,,DODGE,DURANGO,IL,2018,NONE,SPORT UTILITY VEHICLE (SUV),PERSONAL,N,STRAIGHT AHEAD,,,1,,,,,,,,,,,,Y,Y,Y,,,,SIDE-LEFT,,,,,,,,,,,,,,,,,,,,,,,,,,,,,,,,,
2121678,9563daa20f5b314def4f5b2061250fbf132fa839a5cf84a9d798db1091c796fa17508b1267fedc789c8b4dd7f16d155a3c9e6eb8c42c865ec505e1f043a34c9a,08/04/2025 06:40:00 PM,1,DRIVER,,2022619,,MAZDA,CX-5,TX,2024,UNKNOWN,PASSENGER,PERSONAL,E,STRAIGHT AHEAD,,,1,,,,,,,Y,Y,,,,,,,,,,SIDE-RIGHT-REAR,,,,,,,,,,,,,,,,,,,,,,,,,,,,,,,,,