CRASH_UNIT_ID,CRASH_RECORD_ID,CRASH_DATE,UNIT_NO,UNIT_TYPE,NUM_PASSENGERS,VEHICLE_ID,CMRC_VEH_I,MAKE,MODEL,LIC_PLATE_STATE,VEHICLE_YEAR,VEHICLE_DEFECT,VEHICLE_TYPE,VEHICLE_USE,TRAVEL_DIRECTION,MANEUVER,TOWED_I,FIRE_I,OCCUPANT_CNT,EXCEED_SPEED_LIMIT_I,TOWED_BY,TOWED_TO,AREA_00_I,AREA_01_I,AREA_02_I,AREA_03_I,AREA_04_I,AREA_05_I,AREA_06_I,AREA_07_I,AREA_08_I,AREA_09_I,AREA_10_I,AREA_11_I,AREA_12_I,AREA_99_I,FIRST_CONTACT_POINT,CMV_ID,USDOT_NO,CCMC_NO,ILCC_NO,COMMERCIAL_SRC,GVWR,CARRIER_NAME,CARRIER_STATE,CARRIER_CITY,HAZMAT_PLACARDS_I,HAZMAT_NAME,UN_NO,HAZMAT_PRESENT_I,HAZMAT_REPORT_I,HAZMAT_REPORT_NO,MCS_REPORT_I,MCS_REPORT_NO,HAZMAT_VIO_CAUSE_CRASH_I,MCS_VIO_CAUSE_CRASH_I,IDOT_PERMIT_NO,WIDE_LOAD_I,TRAILER1_WIDTH,TRAILER2_WIDTH,TRAILER1_LENGTH,TRAILER2_LENGTH,TOTAL_VEHICLE_LENGTH,AXLE_CNT,VEHICLE_CONFIG,CARGO_BODY_TYPE,LOAD_TYPE,HAZMAT_OUT_OF_SERVICE_I,MCS_OUT_OF_SERVICE_I,HAZMAT_CLASS
2121679,9563daa20f5b314def4f5b2061250fbf132fa839a5cf84a9d798db1091c796fa17508b1267fedc789c8b4dd7f16d155a3c9e6eb8c42c865ec505e1f043a34c9a,08/04/2025 06:40:00 PM,2,DRIVER,,2022627,,LINCOLN,MARK II,IL,2017,UNKNOWN,PASSENGER,PERSONAL,E,STRAIGHT AHEAD,,,1,,,,,,,,,,,,,,,Y,,,FRONT-LEFT-CORNER,,,,,,,,,,,,,,,,,,,,,,,,,,,,,,,,,
2121639,c036dd05fe27b558b4ba800106d910425693a59b7e673d2aae534e119051c56af9249f533484e2ad6fa6c4e965c6e8569f55459521b5757bcc056ba278cc862e,08/04/2025 06:30:00 PM,1,DRIVER,,2022569,,CHEVROLET,CRUZE,IL,2017,UNKNOWN,PASSENGER,PERSONAL,N,STRAIGHT AHEAD,,,1,,,,,Y,,,,,,,,,,Y,Y,,FRONT,,,,,,,,,,,,,,,,,,,,,,,,,,,,,,,,,
2121640,c036dd05fe27b558b4ba800106d910425693a59b7e673d2aae534e119051c56af9249f533484e2ad6fa6c4e965c6e8569f55459521b5757bcc056ba278cc862e,08/04/2025 06:30:00 PM,2,DRIVER,,2022572,,UNKNOWN,MOTORIZED,,,UNKNOWN,PASSENGER,PERSONAL,N,STRAIGHT AHEAD,,,1,,,,,,,,,Y,Y,Y,,,,,,,REAR,,,,,,,,,,,,,,,,,,,,,,,,,,,,,,,,,
2121627,12e51d7a652956ee4852b2a157a9eb4103c52e668c3cc4fbd0dfdb73be42de7cfa9cba8e32c948477e97bf2ef014376bd721f041527aa8e1fc896f449b0f2fb6,08/04/2025 06:23:00 PM,1,DRIVER,,2022558,,GENERAL MOTORS CORPORATION (GMC),SUBURBAN,,,UNKNOWN,SPORT UTILITY VEHICLE (SUV),UNKNOWN/NA,E,STRAIGHT AHEAD,,,1,,,,,,,,,,,,,,,,,Y,FRONT,,,,,,,,,,,,,,,,,,,,,,,,,,,,,,,,,
2121628,12e51d7a652956ee4852b2a157a9eb4103c52e668c3cc4fbd0dfdb73be42de7cfa9cba8e32c948477e97bf2ef014376bd721f041527aa8e1fc896f449b0f2fb6,08/04/2025 06:23:00 PM,2,DRIVER,,2022563,,CHEVROLET,SILVERADO,IL,2021,NONE,PICKUP,PERSONAL,E,SLOW/STOP IN TRAFFIC,,,1,,,,,,,,,Y,Y,Y,,,,,,,REAR-LEFT-CORNER,,,,,,,,,,,,,,,,,,,,,,,,,,,,,,,,,
2121667,c8a88a75eec9b08cce290eaf78dc6e19e61dcffb62b8e364a96c38d12ac97670b53b91058670bafd1570857484df853df6aabc215110a0e14a02d716de2d2b51,08/04/2025 06:19:00 PM,1,DRIVER,,2022610,,BUICK,ENCORE,IL,2020,NONE,PASSENGER,PERSONAL,S,TURNING LEFT,,,1,,,,,Y,,,,,,,,,,Y,Y,,FRONT,,,,,,,,,,,,,,,,,,,,,,,,,,,,,,,,,
2121668,c8a88a75eec9b08cce290eaf78dc6e19e61dcffb62b8e364a96c38d12ac97670b53b91058670bafd1570857484df853df6aabc215110a0e14a02d716de2d2b51,08/04/2025 06:19:00 PM,2,PEDESTRIAN,,,,,,,,,,,,,,,,,,,,,,,,,,,,,,,,,,,,,,,,,,,,,,,,,,,,,,,,,,,,,,,,,,
2121658,d8c1f86753e5959f66bdc84f1a8e74f501b16824571ba6ec035b20acef9d6f1130de40ec974d1f1c914fd7c8c7746794621438163d025f09cd5128348cbc80ad,08/04/2025 06:15:00 PM,1,DRIVER,,2022586,,HYUNDAI,SONATA,IL,2015,UNKNOWN,PASSENGER,PERSONAL,N,STRAIGHT AHEAD,,,1,,,,,Y,,,,,,,,,,Y,Y,,FRONT,,,,,,,,,,,,,,,,,,,,,,,,,,,,,,,,,
2121659,d8c1f86753e5959f66bdc84f1a8e74f501b16824571ba6ec035b20acef9d6f1130de40ec974d1f1c914fd7c8c7746794621438163d025f09cd5128348cbc80ad,08/04/2025 06:15:00 PM,2,DRIVER,,2022587,,ACURA,RLX,,,UNKNOWN,SPORT UTILITY VEHICLE (SUV),UNKNOWN/NA,N,OTHER,,,1,,,,,,,,,,Y,,,,,,,,REAR,,,,,,,,,,,,,,,,,,,,,,,,,,,,,,,,,
2121584,eb2fb92173352285ebce217cc146c69008ee48afa31ed3bbdce1e0046f88a5bc476886544269f512506c4b692ddad6c1fc6d2b7499b693d814682bffcafff795,08/04/2025 06:14:00 PM,1,DRIVER,,2022513,,CHEVROLET,IMPALA,IL,2017,NONE,PASSENGER,PERSONAL,N,STRAIGHT AHEAD,,,1,,,,,,,,,,,,,,,,Y,,FRONT,,,,,,,,,,,,,,,,,,,,,,,,,,,,,,,,,
2121585,eb2fb92173352285ebce217cc146c69008ee48afa31ed3bbdce1e0046f88a5bc476886544269f512506c4b692ddad6c1fc6d2b7499b693d814682bffcafff795,08/04/2025 06:14:00 PM,2,BICYCLE,,,,,,,,,,,,,,,,,,,,,,,,,,,,,,,,,,,,,,,,,,,,,,,,,,,,,,,,,,,,,,,,,,
2121602,4e6c0bcb54ba2703f4123c7741ebbb50af3149c81042529553ea3e1c95c9540898e2f3607e8822ad4b2be4c2672a1d17d8757e3e569c64124eabc474af551600,08/04/2025 06:05:00 PM,1,DRIVER,,2022537,,HONDA,CIVIC,IL,2006,NONE,PASSENGER,PERSONAL,W,BACKING,,,1,,,,,,,,,,Y,,,,,,,Y,REAR,,,,,,,,,,,,,,,,,,,,,,,,,,,,,,,,,
2121603,4e6c0bcb54ba2703f4123c7741ebbb50af3149c81042529553ea3e1c95c9540898e2f3607e8822ad4b2be4c2672a1d17d8757e3e569c64124eabc474af551600,08/04/2025 06:05:00 PM,2,PARKED,,2022549,,DODGE,CARAVAN,IL,2019,NONE,SPORT UTILITY VEHICLE (SUV),NOT IN USE,E,PARKED,,,0,,,,,,,,,,,,,,,Y,,Y,FRONT-LEFT-CORNER,,,,,,,,,,,,,,,,,,,,,,,,,,,,,,,,,
2121697,46a9c282d9f837b4b23b574ae4d4ca94c9c28000252d046d9a4b8e68f9db3d0001a4f0f42dd8972604a3cea4f7339521a84ff79abbf53e570ca301634a2d07bf,08/04/2025 06:00:00 PM,1,DRIVER,,2022634,,HONDA,PILOT,IL,2009,NONE,PASSENGER,PERSONAL,UNKNOWN,UNKNOWN/NA,,,1,,,,,,,,,,,,,,,,,,UNKNOWN,,,,,,,,,,,,,,,,,,,,,,,,,,,,,,,,,
2121698,46a9c282d9f837b4b23b574ae4d4ca94c9c28000252d046d9a4b8e68f9db3d0001a4f0f42dd8972604a3cea4f7339521a84ff79abbf53e570ca301634a2d07bf,08/04/2025 06:00:00 PM,2,PARKED,,2022636,,INFINITI,OTHER (EXPLAIN IN NARRATIVE),IL,2016,NONE,PASSENGER,PERSONAL,UNKNOWN,PARKED,,,0,,,,,,,,,,,,,,Y,Y,,,FRONT-LEFT-CORNER,,,,,,,,,,,,,,,,,,,,,,,,,,,,,,,,,
2121663,4e26133a649107329b2146900000dac2f6f04b6a8a0a2d71722614bb86369e17ed4c47e225a86ebec2166b85191a3069cbafb58e7c2636fd8f62737e3940453f,08/04/2025 06:00:00 PM,1,DRIVER,,2022594,N,TOYOTA,PRIUS,IL,2014,UNKNOWN,PASSENGER,TAXI/FOR HIRE,E,STRAIGHT AHEAD,,,1,,,,,Y,Y,Y,Y,Y,,,,,,,,,FRONT-RIGHT-CORNER,,,,,,,,,,,,,,,,,,,,,,,,,,,,,,,,,
2121664,4e26133a649107329b2146900000dac2f6f04b6a8a0a2d71722614bb86369e17ed4c47e225a86ebec2166b85191a3069cbafb58e7c2636fd8f62737e3940453f,08/04/2025 06:00:00 PM,2,DRIVER,,2022602,,TOYOTA,PRIUS,IL,2011,UNKNOWN,PASSENGER,PERSONAL,E,LEAVING TRAFFIC LANE TO PARK,,,1,,,,,,,,,,,Y,Y,Y,Y,Y,,,FRONT-RIGHT-CORNER,,,,,,,,,,,,,,,,,,,,,,,,,,,,,,,,,
2121611,514aa6700004f16ec78d075b515b5d2dbcd5de610d9035e3a7de98c56df6d8c4ddbc1d680fb463f1011e168c87e19f0d0dba577a2bd9ede8bb44cdb513079561,08/04/2025 06:00:00 PM,1,DRIVER,,2022538,,HONDA,ODYSSEY,IL,2010,UNKNOWN,PASSENGER,PERSONAL,S,BACKING,,,1,,,,,,,,,,Y,,,,,,,,REAR,,,,,,,,,,,,,,,,,,,,,,,,,,,,,,,,,
2121612,514aa6700004f16ec78d075b515b5d2dbcd5de610d9035e3a7de98c56df6d8c4ddbc1d680fb463f1011e168c87e19f0d0dba577a2bd9ede8bb44cdb513079561,08/04/2025 06:00:00 PM,2,DRIVER,,2022550,,VOLVO,OTHER (EXPLAIN IN NARRATIVE),IL,,UNKNOWN,UNKNOWN/NA,UNKNOWN/NA,E,STRAIGHT AHEAD,,,1,,,,,,,,,,,,,,,,,Y,UNKNOWN,,,,,,,,,,,,,,,,,,,,,,,,,,,,,,,,,
2127025,eb0a00b8a94728ecba0a75f169077db166ab661544cb07b8ca69e8ce6e2101a1c537633766d7e666d0fd86e264aea365fad0241894330ddb43c14efeacca4a3d,08/04/2025 06:00:00 PM,1,DRIVER,,2027684,,FORD,FUSION,IL,2008,UNKNOWN,PASSENGER,UNKNOWN/NA,UNKNOWN,STRAIGHT AHEAD,,,1,,,,,Y,,,,,,,,,,Y,Y,,FRONT,,,,,,,,,,,,,,,,,,,,,,,,,,,,,,,,,
2127026,eb0a00b8a94728ecba0a75f169077db166ab661544cb07b8ca69e8ce6e2101a1c537633766d7e666d0fd86e264aea365fad0241894330ddb43c14efeacca4a3d,08/04/2025 06:00:00 PM,2,DRIVER,1,2027704,,MITSUBISHI,OUTLANDER,IL,2014,UNKNOWN,PASSENGER,PERSONAL,W,SLOW/STOP IN TRAFFIC,,,2,,,,,,,,,,,Y,Y,Y,,,,,REAR-LEFT-CORNER,,,,,,,,,,,,,,,,,,,,,,,,,,,,,,,,,
2122562,1317e6dfa6798021d0b277d8d64665b76476cf2375973900f099571d6bb1ce3709792de505b1a9adb81603ae3ba9de3de6fc473abce424d23eb6c74efc73bbdb,08/04/2025 05:56:00 PM,1,DRIVER,,2023458,,TOYOTA,CROWN,IL,2026,UNKNOWN,PASSENGER,PERSONAL,E,STRAIGHT AHEAD,,,1,,,,,,,,,,,,,,,,Y,,FRONT,,,,,,,,,,,,,,,,,,,,,,,,,,,,,,,,,
2122563,1317e6dfa6798021d0b277d8d64665b76476cf2375973900f099571d6bb1ce3709792de505b1a9adb81603ae3ba9de3de6fc473abce424d23eb6c74efc73bbdb,08/04/2025 05:56:00 PM,2,DRIVER,,2023465,,JEEP,COMPASS,NJ,2024,UNKNOWN,SPORT UTILITY VEHICLE (SUV),OTHER,E,STRAIGHT AHEAD,,,1,,,,,,,,,,Y,,,,,,,,REAR,,,,,,,,,,,,,,,,,,,,,,,,,,,,,,,,,
2121606,0424669c9dd024d801ce27eecb80f524d5bddf2f45d8643b6417f2a661c8c37bfe32d0560f7d61c1335fbf4e904f6500e56951c0330714c56bec4e3f8eb127a4,08/04/2025 05:50:00 PM,1,DRIVER,,2022534,,HONDA,CIVIC,IL,2013,UNKNOWN,PASSENGER,UNKNOWN/NA,UNKNOWN,STRAIGHT AHEAD,,,1,,,,,,,,,,,,,,,,Y,,FRONT,,,,,,,,,,,,,,,,,,,,,,,,,,,,,,,,,
2121607,0424669c9dd024d801ce27eecb80f524d5bddf2f45d8643b6417f2a661c8c37bfe32d0560f7d61c1335fbf4e904f6500e56951c0330714c56bec4e3f8eb127a4,08/04/2025 05:50:00 PM,2,DRIVER,,2022545,,SUBARU,CROSSTREK,IL,2019,NONE,PASSENGER,PERSONAL,N,STRAIGHT AHEAD,,,1,,,,,Y,,,,,,,,,,,,,FRONT-RIGHT-CORNER,,,,,,,,,,,,,,,,,,,,,,,,,,,,,,,,,
2121598,f6760f693567b07258daeb88165d2628e865a74972198a55e0355507a1391761bdb963d1ee45b74551770096ff1532a51eff86f0f9038b0f11f2a63a166951e3,08/04/2025 05:50:00 PM,1,DRIVER,,2022525,,FORD,ESCAPE,IL,2024,NONE,PASSENGER,PERSONAL,W,U-TURN,,,1,,,,,,,Y,Y,Y,,,,,,,,,SIDE-RIGHT,,,,,,,,,,,,,,,,,,,,,,,,,,,,,,,,,
2121599,f6760f693567b07258daeb88165d2628e865a74972198a55e0355507a1391761bdb963d1ee45b74551770096ff1532a51eff86f0f9038b0f11f2a63a166951e3,08/04/2025 05:50:00 PM,2,DRIVER,,2022536,,FORD,ESCAPE,IL,2012,NONE,PASSENGER,PERSONAL,W,STRAIGHT AHEAD,,,1,,,,,,,,,,,,,,,,Y,,FRONT,,,,,,,,,,,,,,,,,,,,,,,,,,,,,,,,,
2123433,a26bd68fe3759e6156c93ccc44aac245b52c2f6e26c0093eb8f0cdb42a1b0153877c51abcee88e1a1ffcb5966e6d44d89d519827ef28098b4f2d4c12f284c61b,08/04/2025 05:48:00 PM,1,DRIVER,,2024277,,JEEP,GRAND CHEROKEE,IL,2015,UNKNOWN,SPORT UTILITY VEHICLE (SUV),PERSONAL,N,STRAIGHT AHEAD,,,1,,,,,,,,,,,,,,,,Y,,FRONT,,,,,,,,,,,,,,,,,,,,,,,,,,,,,,,,,
2123434,a26bd68fe3759e6156c93ccc44aac245b52c2f6e26c0093eb8f0cdb42a1b0153877c51abcee88e1a1ffcb5966e6d44d89d519827ef28098b4f2d4c12f284c61b,08/04/2025 05:48:00 PM,2,DRIVER,,2024288,,HONDA,ACCORD,IL,2020,UNKNOWN,PASSENGER,PERSONAL,W,STRAIGHT AHEAD,,,1,,,,,,,,,,,,Y,Y,,,,,SIDE-LEFT,,,,,,,,,,,,,,,,,,,,,,,,,,,,,,,,,
2121596,1e2189589717ec425cd07367101a443d1a8889aa66138ff459db8ff3554011323ca838df89dfbca3e3a736f3c8d91cc8b21be5fb0c01396db60b4619279b1883,08/04/2025 05:45:00 PM,1,DRIVER,,2022523,,TOYOTA,HIGHLANDER,IL,2002,UNKNOWN,SPORT UTILITY VEHICLE (SUV),UNKNOWN/NA,UNKNOWN,BACKING,,,1,,,,,,,,,,Y,,,,,,,,REAR,,,,,,,,,,,,,,,,,,,,,,,,,,,,,,,,,
2121597,1e2189589717ec425cd07367101a443d1a8889aa66138ff459db8ff3554011323ca838df89dfbca3e3a736f3c8d91cc8b21be5fb0c01396db60b4619279b1883,08/04/2025 05:45:00 PM,2,PEDESTRIAN,,,,,,,,,,,,,,,,,,,,,,,,,,,,,,,,,,,,,,,,,,,,,,,,,,,,,,,,,,,,,,,,,,
2121592,f80657b082b2f244744c923e92f071bf25404297d04e98116ce5760519b0ed8888607e9c4aa4577ec94795e44bc5dc4a68bc3da67cc6561e93024df1f85678cf,08/04/2025 05:45:00 PM,1,DRIVER,,2022520,Y,ISUZU,OTHER (EXPLAIN IN NARRATIVE),IL,2005,UNKNOWN,TRUCK - SINGLE UNIT,COMMERCIAL - SINGLE UNIT,W,BACKING,,,1,,,,,,,,,Y,Y,Y,,,,,,Y,UNKNOWN,,,,,,,,,,,,,,,,,,,,,,,,,,,,,,,,,
2121593,f80657b082b2f244744c923e92f071bf25404297d04e98116ce5760519b0ed8888607e9c4aa4577ec94795e44bc5dc4a68bc3da67cc6561e93024df1f85678cf,08/04/2025 05:45:00 PM,2,DRIVER,,2022526,,CHEVROLET,OTHER (EXPLAIN IN NARRATIVE),IL,2021,UNKNOWN,PASSENGER,OTHER,E,STRAIGHT AHEAD,,,1,,,,,Y,,,,,,,,,,Y,Y,Y,UNKNOWN,,,,,,,,,,,,,,,,,,,,,,,,,,,,,,,,,
2121644,ceaf84ccec3fbb80f8f44dec5f3ed468b85a8f57f60dff3b365ba1ad569e57b5187abed82bb9ee1319d0f37247fec4dfd916b0a736aaad1035bce80e092d0957,08/04/2025 05:40:00 PM,1,DRIVER,1,2022581,,HONDA,ACCORD,IL,2021,UNKNOWN,PASSENGER,PERSONAL,W,MERGING,,,2,,,,,Y,,,,,,,,,Y,Y,Y,,FRONT-LEFT-CORNER,,,,,,,,,,,,,,,,,,,,,,,,,,,,,,,,,
2121645,ceaf84ccec3fbb80f8f44dec5f3ed468b85a8f57f60dff3b365ba1ad569e57b5187abed82bb9ee1319d0f37247fec4dfd916b0a736aaad1035bce80e092d0957,08/04/2025 05:40:00 PM,2,DRIVER,1,2022600,,HONDA,FIT,IL,2016,UNKNOWN,PASSENGER,PERSONAL,W,STRAIGHT AHEAD,,,2,,,,,Y,Y,,,,,,,,,Y,Y,,FRONT-RIGHT-CORNER,,,,,,,,,,,,,,,,,,,,,,,,,,,,,,,,,
2121565,f8fa686f14f7456ef124ae41a240caf03d881f3195af5d4b1b53b0f9126314fbc568075875492803c1e237e4a556f71994f101b04c16c7904afb12ab361d3d77,08/04/2025 05:40:00 PM,1,DRIVER,,2022500,,VOLKSWAGEN,TIGUAN,IL,2014,UNKNOWN,PASSENGER,PERSONAL,E,STRAIGHT AHEAD,,,1,,,,,,,,,Y,,,,,,,,,REAR-RIGHT-CORNER,,,,,,,,,,,,,,,,,,,,,,,,,,,,,,,,,
2121566,f8fa686f14f7456ef124ae41a240caf03d881f3195af5d4b1b53b0f9126314fbc568075875492803c1e237e4a556f71994f101b04c16c7904afb12ab361d3d77,08/04/2025 05:40:00 PM,2,PARKED,,2022514,,TOYOTA,RAV4,IL,2024,UNKNOWN,PASSENGER,NOT IN USE,E,PARKED,,,0,,,,,,,,,,,,,,,Y,,,FRONT-LEFT-CORNER,,,,,,,,,,,,,,,,,,,,,,,,,,,,,,,,,
2121765,2aa1d0de42406eb96496b909ac6d56dc07305c481bebfebffc30786fdc2b0fff0bdc86074155d04e81043947234807404db9eb4e1f015572b0e8fab9b4b6ea6b,08/04/2025 05:39:00 PM,1,DRIVER,,2022700,,SUBARU,IMPREZA,MO,2014,NONE,PASSENGER,PERSONAL,N,ENTER FROM DRIVE/ALLEY,,,1,,,,,,,,,,,,,,,Y,,,FRONT-LEFT-CORNER,,,,,,,,,,,,,,,,,,,,,,,,,,,,,,,,,
2121766,2aa1d0de42406eb96496b909ac6d56dc07305c481bebfebffc30786fdc2b0fff0bdc86074155d04e81043947234807404db9eb4e1f015572b0e8fab9b4b6ea6b,08/04/2025 05:39:00 PM,2,BICYCLE,,,,,,,,,,,,,,,,,,,,,,,,,,,,,,,,,,,,,,,,,,,,,,,,,,,,,,,,,,,,,,,,,,
2121671,fbdf0bc67eaa2cca3576b2ded0e3c451f48db668f86d978b3b7a36fe1ce6a41c29a3610c614a4fd5d45b0ac8a3dbb7802601bbb26d7339ddc1595b9b86f9e7f9,08/04/2025 05:39:00 PM,1,DRIVER,,2022609,,MERCEDES-BENZ,E-CLASS,IL,2017,NONE,PASSENGER,UNKNOWN/NA,SW,MERGING,,,1,,,,,,,,,,,,,,Y,Y,,,FRONT-LEFT-CORNER,,,,,,,,,,,,,,,,,,,,,,,,,,,,,,,,,
2121672,fbdf0bc67eaa2cca3576b2ded0e3c451f48db668f86d978b3b7a36fe1ce6a41c29a3610c614a4fd5d45b0ac8a3dbb7802601bbb26d7339ddc1595b9b86f9e7f9,08/04/2025 05:39:00 PM,2,DRIVER,,2022614,,HONDA,ACCORD,IL,2002,NONE,PASSENGER,PERSONAL,SW,STRAIGHT AHEAD,,,1,,,,,Y,Y,,,,,,,,,Y,Y,,FRONT-RIGHT-CORNER,,,,,,,,,,,,,,,,,,,,,,,,,,,,,,,,,
2121621,0ba6569ed049ffa76db331516f66b789a5c3841e3c6e813307a1071828365f402a8c3eec841d5eabe4c5956b724a26e42c701c9a3d04e04784fa13ea63af38e7,08/04/2025 05:35:00 PM,1,DRIVER,,2022548,,UNKNOWN,OTHER (EXPLAIN IN NARRATIVE),IN,,UNKNOWN,PICKUP,UNKNOWN/NA,W,STRAIGHT AHEAD,,,1,,,,,,,,,,,,,,,,,Y,FRONT,,,,,,,,,,,,,,,,,,,,,,,,,,,,,,,,,
2121622,0ba6569ed049ffa76db331516f66b789a5c3841e3c6e813307a1071828365f402a8c3eec841d5eabe4c5956b724a26e42c701c9a3d04e04784fa13ea63af38e7,08/04/2025 05:35:00 PM,2,DRIVER,,2022562,,DODGE,JOURNEY,WI,2018,UNKNOWN,SPORT UTILITY VEHICLE (SUV),PERSONAL,N,STRAIGHT AHEAD,Y,,1,,PERSONAL TOW,PERSONAL TOW,,,,,Y,Y,,,,,,,,,REAR-RIGHT-CORNER,,,,,,,,,,,,,,,,,,,,,,,,,,,,,,,,,
2123618,6eaa6508ffc60ca70e5ab1bdd754d0eaaad1d3cd01df97d215dfa898572acda5f0381e240bb2e206901834416b743f0a9dc4679a08be6502a3dfec18b4c0f5fa,08/04/2025 05:35:00 PM,1,DRIVER,,2024495,,HONDA,CR-V,IL,2001,UNKNOWN,SPORT UTILITY VEHICLE (SUV),PERSONAL,W,STRAIGHT AHEAD,,,1,,,,,Y,,,,,,,,,,Y,Y,,FRONT,,,,,,,,,,,,,,,,,,,,,,,,,,,,,,,,,
2123619,6eaa6508ffc60ca70e5ab1bdd754d0eaaad1d3cd01df97d215dfa898572acda5f0381e240bb2e206901834416b743f0a9dc4679a08be6502a3dfec18b4c0f5fa,08/04/2025 05:35:00 PM,2,DRIVER,,2024498,,HONDA,PILOT,NC,2016,NONE,SPORT UTILITY VEHICLE (SUV),PERSONAL,W,SLOW/STOP IN TRAFFIC,,,1,,,,,,,,,Y,Y,Y,,,,,,,REAR,,,,,,,,,,,,,,,,,,,,,,,,,,,,,,,,,
2121588,1ad9a4d6df809ea0f68fab5d9466ef1536b70e231c4e47cefbb5b173b064daa52e65d4d1b6d5c2ac98067d6df67dfe91c19cb389de7f65924936d3b53f8f5ec5,08/04/2025 05:32:00 PM,1,DRIVER,,2022522,,JEEP,LIBERTY,IL,2006,UNKNOWN,PASSENGER,UNKNOWN/NA,S,TURNING RIGHT,,,1,,,,,,,,,,,,,,,,,Y,FRONT,,,,,,,,,,,,,,,,,,,,,,,,,,,,,,,,,
2121589,1ad9a4d6df809ea0f68fab5d9466ef1536b70e231c4e47cefbb5b173b064daa52e65d4d1b6d5c2ac98067d6df67dfe91c19cb389de7f65924936d3b53f8f5ec5,08/04/2025 05:32:00 PM,2,PEDESTRIAN,,,,,,,,,,,,,,,,,,,,,,,,,,,,,,,,,,,,,,,,,,,,,,,,,,,,,,,,,,,,,,,,,,
2122223,13e785a26e2e20457bc7c8f24fc60915e457fd3ca30dc3ce4ba3ced98c9734d88ea92b967ecdc2673bde8518b7162412b5ad112a1619e17c8776ea46e8d8f0fa,08/04/2025 05:30:00 PM,1,DRIVER,,2023135,,TOYOTA,TACOMA,IL,2020,NONE,PICKUP,PERSONAL,SE,LEAVING TRAFFIC LANE TO PARK,,,1,,,,,,,Y,Y,,,,,,,,,,SIDE-RIGHT-REAR,,,,,,,,,,,,,,,,,,,,,,,,,,,,,,,,,
2122224,13e785a26e2e20457bc7c8f24fc60915e457fd3ca30dc3ce4ba3ced98c9734d88ea92b967ecdc2673bde8518b7162412b5ad112a1619e17c8776ea46e8d8f0fa,08/04/2025 05:30:00 PM,2,PARKED,,2023138,,TESLA,MODEL S,IL,2014,NONE,PASSENGER,PERSONAL,E,PARKED,,,0,,,,,,,,,,,,,,,Y,Y,,FRONT-LEFT-CORNER,,,,,,,,,,,,,,,,,,,,,,,,,,,,,,,,,
2121971,1ac3f122fb9a27b78543c5748d5499c80ae43affe885ecf4d2b17709eca3d78b9499401dba3fa6cc76f5eeb66b87b88db21d81eea7bbf03cd8f594d651a81d62,08/04/2025 05:30:00 PM,1,DRIVER,,2022907,,UNKNOWN,OTHER (EXPLAIN IN NARRATIVE),,,UNKNOWN,PASSENGER,PERSONAL,S,TURNING LEFT,,,1,,,,,,,,,,,,,,,,,Y,FRONT,,,,,,,,,,,,,,,,,,,,,,,,,,,,,,,,,
2121972,1ac3f122fb9a27b78543c5748d5499c80ae43affe885ecf4d2b17709eca3d78b9499401dba3fa6cc76f5eeb66b87b88db21d81eea7bbf03cd8f594d651a81d62,08/04/2025 05:30:00 PM,2,DRIVER,1,2022914,,NISSAN,ALTIMA,IL,2013,NONE,PASSENGER,PERSONAL,N,STRAIGHT AHEAD,,,2,,,,,Y,,,,,,,,,Y,Y,Y,,FRONT-LEFT-CORNER,,,,,,,,,,,,,,,,,,,,,,,,,,,,,,,,,
2121623,30d5b0ecf5b13e69c7aa8948c8448c4f4e7c9a89d4a721f07c16e319bc968de9983a6eb7f6b6f14707f4125d20849b55d7e6ba10233efe62f4756b7f5b3b1e94,08/04/2025 05:30:00 PM,1,DRIVER,,2022560,,FORD,ESCAPE,WI,2013,UNKNOWN,SPORT UTILITY VEHICLE (SUV),UNKNOWN/NA,S,STRAIGHT AHEAD,,,1,,,,,,,,,,,,,,,,Y,,FRONT,,,,,,,,,,,,,,,,,,,,,,,,,,,,,,,,,
2121624,30d5b0ecf5b13e69c7aa8948c8448c4f4e7c9a89d4a721f07c16e319bc968de9983a6eb7f6b6f14707f4125d20849b55d7e6ba10233efe62f4756b7f5b3b1e94,08/04/2025 05:30:00 PM,2,DRIVER,,2022565,,HONDA,CR-V,IL,2023,UNKNOWN,SPORT UTILITY VEHICLE (SUV),PERSONAL,S,SLOW/STOP IN TRAFFIC,,,1,,,,,,,,,,Y,,,,,,,,REAR,,,,,,,,,,,,,,,,,,,,,,,,,,,,,,,,,
2121662,7de7732dbd888d5c04d803bb4ae2570b8c33c6c1801e303f6892164192464c74cd0215ace0a46b1b998f70bd36c71b1c5c1cabdc6816d62606d25e66ffdb06dc,08/04/2025 05:30:00 PM,1,DRIVER,,2022598,,CHEVROLET,IMPALA,IL,1996,NONE,PASSENGER,PERSONAL,UNKNOWN,OTHER,,,1,,,,,Y,,,,,,,,,,Y,Y,,FRONT,,,,,,,,,,,,,,,,,,,,,,,,,,,,,,,,,