CRASH_UNIT_ID,CRASH_RECORD_ID,CRASH_DATE,UNIT_NO,UNIT_TYPE,NUM_PASSENGERS,VEHICLE_ID,CMRC_VEH_I,MAKE,MODEL,LIC_PLATE_STATE,VEHICLE_YEAR,VEHICLE_DEFECT,VEHICLE_TYPE,VEHICLE_USE,TRAVEL_DIRECTION,MANEUVER,TOWED_I,FIRE_I,OCCUPANT_CNT,EXCEED_SPEED_LIMIT_I,TOWED_BY,TOWED_TO,AREA_00_I,AREA_01_I,AREA_02_I,AREA_03_I,AREA_04_I,AREA_05_I,AREA_06_I,AREA_07_I,AREA_08_I,AREA_09_I,AREA_10_I,AREA_11_I,AREA_12_I,AREA_99_I,FIRST_CONTACT_POINT,CMV_ID,USDOT_NO,CCMC_NO,ILCC_NO,COMMERCIAL_SRC,GVWR,CARRIER_NAME,CARRIER_STATE,CARRIER_CITY,HAZMAT_PLACARDS_I,HAZMAT_NAME,UN_NO,HAZMAT_PRESENT_I,HAZMAT_REPORT_I,HAZMAT_REPORT_NO,MCS_REPORT_I,MCS_REPORT_NO,HAZMAT_VIO_CAUSE_CRASH_I,MCS_VIO_CAUSE_CRASH_I,IDOT_PERMIT_NO,WIDE_LOAD_I,TRAILER1_WIDTH,TRAILER2_WIDTH,TRAILER1_LENGTH,TRAILER2_LENGTH,TOTAL_VEHICLE_LENGTH,AXLE_CNT,VEHICLE_CONFIG,CARGO_BODY_TYPE,LOAD_TYPE,HAZMAT_OUT_OF_SERVICE_I,MCS_OUT_OF_SERVICE_I,HAZMAT_CLASS
2122170,b67e1bd66c2c71077690ae3349c2bc1599d4c106dd5998e41aa97cd6bcb66218adfcbf22adc8df423621308cf23174bc377ee252cb01ad79e3db04a3ba91ebe0,08/04/2025 05:30:00 PM,1,DRIVER,,2023087,,UNKNOWN,OTHER (EXPLAIN IN NARRATIVE),,,UNKNOWN,SPORT UTILITY VEHICLE (SUV),UNKNOWN/NA,SW,STRAIGHT AHEAD,,,1,,,,,,,,,,,,,,,,,Y,UNKNOWN,,,,,,,,,,,,,,,,,,,,,,,,,,,,,,,,,
2122171,b67e1bd66c2c71077690ae3349c2bc1599d4c106dd5998e41aa97cd6bcb66218adfcbf22adc8df423621308cf23174bc377ee252cb01ad79e3db04a3ba91ebe0,08/04/2025 05:30:00 PM,2,PARKED,,2023093,,FORD,TRANSIT,IL,2021,NONE,VAN/MINI-VAN,COMMERCIAL - MULTI-UNIT,SW,PARKED,,,0,,,,,,,,,,,,Y,Y,Y,Y,,,SIDE-LEFT,,,,,,,,,,,,,,,,,,,,,,,,,,,,,,,,,
2121615,b6c5701fec2b9138606c6eb23ef84f39ceb9fd070874e089f6483e0f646bb1a1374f75cfbbf7250d19e8be16dcfcab7cc92f7a9bf4d40ed8093bc7a7a41a803d,08/04/2025 05:30:00 PM,1,DRIVER,,2022546,N,UNKNOWN,OTHER (EXPLAIN IN NARRATIVE),IL,2025,UNKNOWN,TRUCK - SINGLE UNIT,COMMERCIAL - SINGLE UNIT,S,STRAIGHT AHEAD,,,1,,,,,Y,Y,,,,,,,,,,,,FRONT-RIGHT-CORNER,,,,,,,,,,,,,,,,,,,,,,,,,,,,,,,,,
2121616,b6c5701fec2b9138606c6eb23ef84f39ceb9fd070874e089f6483e0f646bb1a1374f75cfbbf7250d19e8be16dcfcab7cc92f7a9bf4d40ed8093bc7a7a41a803d,08/04/2025 05:30:00 PM,2,DRIVER,,2022559,N,NEW FLYER,D40LF,IL,2012,NONE,BUS UP TO 15 PASS.,CTA,S,SLOW/STOP IN TRAFFIC,,,1,,,,,,,,,,,,,,,Y,,,SIDE-LEFT-FRONT,,,,,,,,,,,,,,,,,,,,,,,,,,,,,,,,,
2121582,dedbba074c956dc566487572794c9a52ebf3b1ecfd273d87c6e716cd293c7bf20a9ed340e3cd4b9f10495b3f9359a5536c29639c81971db59e1b17f1f57dd244,08/04/2025 05:30:00 PM,1,DRIVER,1,2022504,,FORD,BRONCO / BRONCO II,IL,2022,UNKNOWN,SPORT UTILITY VEHICLE (SUV),PERSONAL,N,UNKNOWN/NA,,,2,,,,,,,,,,,,,,,,,Y,UNKNOWN,,,,,,,,,,,,,,,,,,,,,,,,,,,,,,,,,
2121583,dedbba074c956dc566487572794c9a52ebf3b1ecfd273d87c6e716cd293c7bf20a9ed340e3cd4b9f10495b3f9359a5536c29639c81971db59e1b17f1f57dd244,08/04/2025 05:30:00 PM,2,DRIVER,,2022530,,NISSAN,ALTIMA,IL,2022,UNKNOWN,PASSENGER,PERSONAL,N,STRAIGHT AHEAD,,,1,,,,,,,Y,,,,,,,,,,,SIDE-LEFT,,,,,,,,,,,,,,,,,,,,,,,,,,,,,,,,,
2121641,777d22a58bf2d2661cf4447d29d559e5f784f784f4a8ba12600934f7ee0862e3402ece88c0c1e57e0650d689922939455ce7959f89498469d1c349743d2ed19f,08/04/2025 05:20:00 PM,1,DRIVER,,2022574,,TOYOTA,PRIUS,IL,2014,UNKNOWN,PASSENGER,UNKNOWN/NA,N,TURNING RIGHT,,,1,,,,,,,,,,,,,,,,,Y,FRONT,,,,,,,,,,,,,,,,,,,,,,,,,,,,,,,,,
2121657,777d22a58bf2d2661cf4447d29d559e5f784f784f4a8ba12600934f7ee0862e3402ece88c0c1e57e0650d689922939455ce7959f89498469d1c349743d2ed19f,08/04/2025 05:20:00 PM,2,PEDESTRIAN,,,,,,,,,,,,,,,,,,,,,,,,,,,,,,,,,,,,,,,,,,,,,,,,,,,,,,,,,,,,,,,,,,
2121705,c6eb0ae2452579eb9b4dbdd6e7a1fe8f431be8976098d835c501d8a0b410090a7d5848a7bb404c7936e6e048195484fcf4601b76f8dac47e674479ee0e055cc7,08/04/2025 05:20:00 PM,1,DRIVER,,2022639,,CHEVROLET,MALIBU,IL,,UNKNOWN,PASSENGER,NOT IN USE,E,STRAIGHT AHEAD,,,1,,,,,,,,,,,,,,,Y,,,FRONT-LEFT-CORNER,,,,,,,,,,,,,,,,,,,,,,,,,,,,,,,,,
2121706,c6eb0ae2452579eb9b4dbdd6e7a1fe8f431be8976098d835c501d8a0b410090a7d5848a7bb404c7936e6e048195484fcf4601b76f8dac47e674479ee0e055cc7,08/04/2025 05:20:00 PM,2,DRIVER,,2022642,,HONDA,CIVIC,,2013,NONE,PASSENGER,PERSONAL,E,STRAIGHT AHEAD,,,1,,,,,,,,,Y,,,,,,,,,REAR-RIGHT-CORNER,,,,,,,,,,,,,,,,,,,,,,,,,,,,,,,,,
2121673,c8293bc4a0a3a7be4789c1789ab845b89a226435262f69ee50d2e8832fac87a22f3922e775597ef9f7798e77d1b1e2dd7771870f431de76d592b1a79e907e66e,08/04/2025 05:20:00 PM,1,DRIVER,,2022606,,JEEP,CHEROKEE,IL,2016,NONE,SPORT UTILITY VEHICLE (SUV),PERSONAL,S,STRAIGHT AHEAD,,,1,,,,,,,,,,,,,,,,Y,,FRONT,,,,,,,,,,,,,,,,,,,,,,,,,,,,,,,,,
2121674,c8293bc4a0a3a7be4789c1789ab845b89a226435262f69ee50d2e8832fac87a22f3922e775597ef9f7798e77d1b1e2dd7771870f431de76d592b1a79e907e66e,08/04/2025 05:20:00 PM,2,DRIVER,,2022611,,VOLKSWAGEN,ATLAS,IL,2025,UNKNOWN,SPORT UTILITY VEHICLE (SUV),PERSONAL,S,STRAIGHT AHEAD,,,1,,,,,,,,,,Y,,,,,,,,REAR,,,,,,,,,,,,,,,,,,,,,,,,,,,,,,,,,
2121642,a5539b63859ad9222d7ebd0a27d61492892ce7767a1edb5507fcb7715fcab3b3d898e660f705c6205775b722ad89768aa88d13de33863a2190405e12d4befc4e,08/04/2025 05:19:00 PM,1,DRIVER,1,2022589,,TOYOTA,RAV4,IL,2023,UNKNOWN,PASSENGER,OTHER,W,TURNING LEFT,,,2,,,,,,Y,Y,,,,,,,,,,,SIDE-RIGHT,,,,,,,,,,,,,,,,,,,,,,,,,,,,,,,,,
2121643,a5539b63859ad9222d7ebd0a27d61492892ce7767a1edb5507fcb7715fcab3b3d898e660f705c6205775b722ad89768aa88d13de33863a2190405e12d4befc4e,08/04/2025 05:19:00 PM,2,DRIVER,,2022608,,PONTIAC,OTHER (EXPLAIN IN NARRATIVE),IL,,UNKNOWN,UNKNOWN/NA,UNKNOWN/NA,E,STRAIGHT AHEAD,,,1,,,,,Y,,,,,,,,,,,Y,,UNKNOWN,,,,,,,,,,,,,,,,,,,,,,,,,,,,,,,,,
2121576,09a3990d0fbb3cb0438cbf13481d7fdecaee4901cdef862d39883105651b864eed21bdd0c630e28cd8a54aa174d0dda1903c47364f4d48acbffc3134b4011fe3,08/04/2025 05:17:00 PM,1,DRIVER,,2022499,,UNKNOWN,OTHER (EXPLAIN IN NARRATIVE),,,UNKNOWN,OTHER,UNKNOWN/NA,S,STRAIGHT AHEAD,,,1,,,,,Y,Y,,,,,,,,,,Y,,FRONT-RIGHT-CORNER,,,,,,,,,,,,,,,,,,,,,,,,,,,,,,,,,
2121577,09a3990d0fbb3cb0438cbf13481d7fdecaee4901cdef862d39883105651b864eed21bdd0c630e28cd8a54aa174d0dda1903c47364f4d48acbffc3134b4011fe3,08/04/2025 05:17:00 PM,2,DRIVER,,2022516,,JEEP,PATRIOT,IL,2014,UNKNOWN,PASSENGER,PERSONAL,S,STRAIGHT AHEAD,,,1,,,,,,,,,,Y,,Y,Y,Y,,,,REAR-LEFT-CORNER,,,,,,,,,,,,,,,,,,,,,,,,,,,,,,,,,
2121530,fe8b6f97c6636c026ca67d7c8295e16174392b613ea53c3c99755419e8c2a57b74c7b43c6b265c7b058d3d08238aa33128c502806f10ef995cbef5d58bea8064,08/04/2025 05:15:00 PM,1,DRIVER,,2022474,,CHRYSLER,TOWN & COUNTRY,IL,2016,NONE,VAN/MINI-VAN,PERSONAL,SE,TURNING LEFT,,,1,,,,,,,,,,,,,,Y,Y,Y,,FRONT-LEFT-CORNER,,,,,,,,,,,,,,,,,,,,,,,,,,,,,,,,,
2121531,fe8b6f97c6636c026ca67d7c8295e16174392b613ea53c3c99755419e8c2a57b74c7b43c6b265c7b058d3d08238aa33128c502806f10ef995cbef5d58bea8064,08/04/2025 05:15:00 PM,2,DRIVER,,2022476,,TOYOTA,RAV4,IL,2023,NONE,SPORT UTILITY VEHICLE (SUV),PERSONAL,N,STRAIGHT AHEAD,,,1,,,,,,,,,,,Y,Y,Y,,,,,REAR-LEFT-CORNER,,,,,,,,,,,,,,,,,,,,,,,,,,,,,,,,,
2121542,26693fa1a3f38795e75df77bf8abe2fb748d135b0ddb6a70478bb9072647755412b954e986dea4aa2e13a787507b42605171547f9ed99a5e1949cac93248b6ff,08/04/2025 05:14:00 PM,1,DRIVER,,2022484,,NISSAN,MAXIMA,IL,2014,NONE,PASSENGER,PERSONAL,S,STRAIGHT AHEAD,,,1,,,,,,,,,,,,,,,,,,FRONT,,,,,,,,,,,,,,,,,,,,,,,,,,,,,,,,,
2121543,26693fa1a3f38795e75df77bf8abe2fb748d135b0ddb6a70478bb9072647755412b954e986dea4aa2e13a787507b42605171547f9ed99a5e1949cac93248b6ff,08/04/2025 05:14:00 PM,2,DRIVER,,2022491,,CHEVROLET,SUBURBAN,IL,2013,NONE,PASSENGER,PERSONAL,S,SLOW/STOP IN TRAFFIC,,,1,,,,,,,,,,,,,,,,,,REAR,,,,,,,,,,,,,,,,,,,,,,,,,,,,,,,,,
2121570,d7013cad4c1015294d3b35965b0d2e9088990ad062014cd396d58a8a12e14fe6410a3428c5a01e49b87facf218704f9af4705f9833b778028c710b2dabf72cc6,08/04/2025 05:11:00 PM,1,DRIVER,,2022552,,TOYOTA,COROLLA,IL,2010,UNKNOWN,PASSENGER,UNKNOWN/NA,N,LEAVING TRAFFIC LANE TO PARK,,,1,,,,,Y,,,,,,,,,,,,,FRONT-RIGHT-CORNER,,,,,,,,,,,,,,,,,,,,,,,,,,,,,,,,,
2121571,d7013cad4c1015294d3b35965b0d2e9088990ad062014cd396d58a8a12e14fe6410a3428c5a01e49b87facf218704f9af4705f9833b778028c710b2dabf72cc6,08/04/2025 05:11:00 PM,2,DRIVER,,2022580,,NISSAN,SENTRA,IL,2017,UNKNOWN,PASSENGER,UNKNOWN/NA,N,STRAIGHT AHEAD,,,1,,,,,,,,,,,Y,Y,,,,,,SIDE-LEFT-REAR,,,,,,,,,,,,,,,,,,,,,,,,,,,,,,,,,
2121563,d14da98426ae7bc633fc45be50be427c767ad9b1b520a7f99e09619ea6391f26cc096144794f3f63ea72e27f06a2f9ff143cf7d8aea019adafe532dce299cd1f,08/04/2025 05:01:00 PM,2,DRIVER,,2022505,,NEW FLYER,OTHER (EXPLAIN IN NARRATIVE),IL,2023,NONE,BUS OVER 15 PASS.,CTA,N,STRAIGHT AHEAD,,,1,,,,,,,,,,,,Y,Y,,,,,SIDE-LEFT,,,,,,,,,,,,,,,,,,,,,,,,,,,,,,,,,
2121564,d14da98426ae7bc633fc45be50be427c767ad9b1b520a7f99e09619ea6391f26cc096144794f3f63ea72e27f06a2f9ff143cf7d8aea019adafe532dce299cd1f,08/04/2025 05:01:00 PM,1,DRIVER,,2022547,,FORD,OTHER (EXPLAIN IN NARRATIVE),IL,2014,NONE,OTHER,AMBULANCE,N,STRAIGHT AHEAD,,,1,,,,,Y,Y,Y,,,,,,,,,,,SIDE-RIGHT,,,,,,,,,,,,,,,,,,,,,,,,,,,,,,,,,
2122289,573e2ecb445654b7a2504f6c02bfde475cbbfe70e9cbda3b825aa4e7e3b31a939706fdc253857f16734d1c4bf6fc5b29d4f2e6ec4db37559741b6ec25a14735b,08/04/2025 05:00:00 PM,1,DRIVER,,2023193,,UNKNOWN,MOTORIZED,,,UNKNOWN,UNKNOWN/NA,UNKNOWN/NA,W,STRAIGHT AHEAD,,,1,,,,,,,,,,,,,,,,Y,,FRONT,,,,,,,,,,,,,,,,,,,,,,,,,,,,,,,,,
2122290,573e2ecb445654b7a2504f6c02bfde475cbbfe70e9cbda3b825aa4e7e3b31a939706fdc253857f16734d1c4bf6fc5b29d4f2e6ec4db37559741b6ec25a14735b,08/04/2025 05:00:00 PM,2,PARKED,,2023203,,HONDA,CR-V,IL,2021,NONE,SPORT UTILITY VEHICLE (SUV),NOT IN USE,W,PARKED,,,0,,,,,,,,,,,Y,Y,Y,,,,,SIDE-LEFT,,,,,,,,,,,,,,,,,,,,,,,,,,,,,,,,,
2121773,a13af7a4193777f309b7dd5d7b719624fa900611ff3f2457087bbb4ef6f4dc5a0205c8f3488a734918f9cb0ebe12994540949188eaf1f23a0321359ac7d084b9,08/04/2025 05:00:00 PM,1,DRIVER,,2022702,,SUBARU,OUTBACK,MO,,UNKNOWN,PASSENGER,PERSONAL,N,TURNING LEFT,,,1,,,,,Y,,,,,,,,,,Y,Y,,FRONT,,,,,,,,,,,,,,,,,,,,,,,,,,,,,,,,,
2121774,a13af7a4193777f309b7dd5d7b719624fa900611ff3f2457087bbb4ef6f4dc5a0205c8f3488a734918f9cb0ebe12994540949188eaf1f23a0321359ac7d084b9,08/04/2025 05:00:00 PM,2,DRIVER,1,2022705,,FORD,EDGE,IL,2010,UNKNOWN,PASSENGER,PERSONAL,W,STRAIGHT AHEAD,,,2,,,,,,,,,,,N,Y,Y,Y,,,,SIDE-LEFT,,,,,,,,,,,,,,,,,,,,,,,,,,,,,,,,,
2121608,3682204d9ca52c8d47f36b910bbdad4abc5ea4fd53cdb1c6fbecbbb1827436c29bc79c4b741c8f223ac23b40eb95dd4b09b236f797e0e3c69e5c5c340ad5f2ec,08/04/2025 04:55:00 PM,1,DRIVER,,2022539,,NISSAN,VERSA,IL,2017,UNKNOWN,PASSENGER,UNKNOWN/NA,E,STRAIGHT AHEAD,,,1,,,,,Y,,,,,,,,,,Y,Y,,FRONT,,,,,,,,,,,,,,,,,,,,,,,,,,,,,,,,,
2121609,3682204d9ca52c8d47f36b910bbdad4abc5ea4fd53cdb1c6fbecbbb1827436c29bc79c4b741c8f223ac23b40eb95dd4b09b236f797e0e3c69e5c5c340ad5f2ec,08/04/2025 04:55:00 PM,2,DRIVER,,2022553,,HONDA,ACCORD,IL,2014,UNKNOWN,PASSENGER,PERSONAL,E,SLOW/STOP IN TRAFFIC,,,1,,,,,Y,,,,Y,Y,Y,,,,Y,Y,,REAR,,,,,,,,,,,,,,,,,,,,,,,,,,,,,,,,,
2121610,3682204d9ca52c8d47f36b910bbdad4abc5ea4fd53cdb1c6fbecbbb1827436c29bc79c4b741c8f223ac23b40eb95dd4b09b236f797e0e3c69e5c5c340ad5f2ec,08/04/2025 04:55:00 PM,3,DRIVER,,2022561,,TOYOTA,PRIUS,IL,2017,UNKNOWN,PASSENGER,UNKNOWN/NA,E,SLOW/STOP IN TRAFFIC,,,1,,,,,,,,,Y,Y,Y,,,,,,,REAR,,,,,,,,,,,,,,,,,,,,,,,,,,,,,,,,,
2121600,46717c391e76f209e93bde46345684453ee413175c00f08ac2049402876bdb7ca9d881a3ea7387f8fe1c4fb4ea3c73832cf692a41f1820fb6d7a5764c374f590,08/04/2025 04:50:00 PM,1,DRIVER,,2022533,,CHEVROLET,TRAX,IL,2018,UNKNOWN,PASSENGER,PERSONAL,E,STRAIGHT AHEAD,,,1,,,,,Y,,,,,,,,,,Y,Y,,FRONT,,,,,,,,,,,,,,,,,,,,,,,,,,,,,,,,,
2121601,46717c391e76f209e93bde46345684453ee413175c00f08ac2049402876bdb7ca9d881a3ea7387f8fe1c4fb4ea3c73832cf692a41f1820fb6d7a5764c374f590,08/04/2025 04:50:00 PM,2,DRIVER,,2022542,,SUBARU,OUTBACK,IL,2011,UNKNOWN,PASSENGER,UNKNOWN/NA,E,SLOW/STOP IN TRAFFIC,,,1,,,,,,,,,Y,Y,Y,,,,,,,REAR,,,,,,,,,,,,,,,,,,,,,,,,,,,,,,,,,
2121580,ce570b2b4aa550149f65ad8f3cddbb829c5e0a3990a9d658b53b5d4ef45af7f2751015f123b2c534fc26a7a8f830f6a4e15d8ce975347c6748d582ef0e70194c,08/04/2025 04:49:00 PM,1,DRIVER,,2022515,,TOYOTA,CAMRY,IL,2013,UNKNOWN,PASSENGER,UNKNOWN/NA,E,PASSING/OVERTAKING,,,1,,,,,,,,,,,,,,,Y,,,FRONT-LEFT-CORNER,,,,,,,,,,,,,,,,,,,,,,,,,,,,,,,,,
2121581,ce570b2b4aa550149f65ad8f3cddbb829c5e0a3990a9d658b53b5d4ef45af7f2751015f123b2c534fc26a7a8f830f6a4e15d8ce975347c6748d582ef0e70194c,08/04/2025 04:49:00 PM,2,PARKED,,2022521,,FORD,ECONOLINE E350,IL,2016,UNKNOWN,VAN/MINI-VAN,UNKNOWN/NA,E,PARKED,,,0,,,,,Y,,,,,,,,,,,,,FRONT-RIGHT-CORNER,,,,,,,,,,,,,,,,,,,,,,,,,,,,,,,,,
2121567,92ff9689ff7e6bf299dbc0fb7b7e53161a20b14ccd64c492b8e50fb8b0eb099ff646bb64b5af2cd6317cde4217a7c752b1c7425ee0904c57ef0553baa8ab937a,08/04/2025 04:48:00 PM,1,DRIVER,,2022509,Y,FREIGHTLINER CORPORATION,OTHER (EXPLAIN IN NARRATIVE),IL,2013,NONE,TRACTOR W/ SEMI-TRAILER,COMMERCIAL - SINGLE UNIT,W,TURNING LEFT,,,1,,,,,Y,,,,,,,,,,,,Y,FRONT-RIGHT-CORNER,,,,,,,,,,,,,,,,,,,,,,,,,,,,,,,,,
2121586,c1beb803f32de4163567ac0672ac4dc1dcd32354d676c6d26e129475aa3b4a986a09c6cabec48f6ea9390343532abc8e5081185290b4bc18b2cef9f6fc602d10,08/04/2025 04:47:00 PM,1,DRIVER,,2022519,,JEEP,WRANGLER,IL,2013,UNKNOWN,SPORT UTILITY VEHICLE (SUV),UNKNOWN/NA,E,NEGOTIATING A CURVE,N,,1,,,,,,,,,,,,,,,,,Y,UNKNOWN,,,,,,,,,,,,,,,,,,,,,,,,,,,,,,,,,
2121587,c1beb803f32de4163567ac0672ac4dc1dcd32354d676c6d26e129475aa3b4a986a09c6cabec48f6ea9390343532abc8e5081185290b4bc18b2cef9f6fc602d10,08/04/2025 04:47:00 PM,2,DRIVER,,2022528,,ACURA,TLX,IL,2009,UNKNOWN,PASSENGER,PERSONAL,W,NEGOTIATING A CURVE,Y,,1,,PRIVATE TOW,UNK,,Y,Y,,,,,,,,,,,,FRONT-RIGHT-CORNER,,,,,,,,,,,,,,,,,,,,,,,,,,,,,,,,,
2121755,082d49ab164a87dc287a6202f5b0e798ca73f1b4ebeb0fc146c383898a2eb00ebc6f3d364f0d78a0ac37020ae44f17bed6afceae04cbd38d97f335ecfcd24c1b,08/04/2025 04:45:00 PM,1,DRIVER,,2022689,,FORD,OTHER (EXPLAIN IN NARRATIVE),IL,2005,NONE,VAN/MINI-VAN,UNKNOWN/NA,W,TURNING RIGHT,,,1,,,,,,,,,,,,,,,Y,,Y,FRONT-LEFT-CORNER,,,,,,,,,,,,,,,,,,,,,,,,,,,,,,,,,
2121756,082d49ab164a87dc287a6202f5b0e798ca73f1b4ebeb0fc146c383898a2eb00ebc6f3d364f0d78a0ac37020ae44f17bed6afceae04cbd38d97f335ecfcd24c1b,08/04/2025 04:45:00 PM,2,DRIVER,,2022695,,CHEVROLET,EQUINOX,IL,2019,NONE,PASSENGER,PERSONAL,S,SLOW/STOP IN TRAFFIC,,,1,,,,,,,,,,,Y,,,,,,,SIDE-LEFT,,,,,,,,,,,,,,,,,,,,,,,,,,,,,,,,,
2121629,943b8583f9e91f68a80689c075f4af68b7cdb072810fc824897763f768513bf06467c9d78134768af2c5777845a6daf6c5efae4a426becedd370bd9e8de49da7,08/04/2025 04:45:00 PM,1,DRIVER,,2022567,,HONDA,OTHER (EXPLAIN IN NARRATIVE),IL,2016,NONE,PASSENGER,PERSONAL,W,STRAIGHT AHEAD,,,1,,,,,,,,,,,,,,,,Y,,FRONT,,,,,,,,,,,,,,,,,,,,,,,,,,,,,,,,,
2121630,943b8583f9e91f68a80689c075f4af68b7cdb072810fc824897763f768513bf06467c9d78134768af2c5777845a6daf6c5efae4a426becedd370bd9e8de49da7,08/04/2025 04:45:00 PM,2,DRIVER,,2022573,,HARLEY-DAVIDSON,HARLEY-DAVIDSON,IL,2004,NONE,MOTORCYCLE (OVER 150CC),PERSONAL,W,SLOW/STOP IN TRAFFIC,,,1,,,,,,,,,,Y,,,,,,,,REAR,,,,,,,,,,,,,,,,,,,,,,,,,,,,,,,,,
2121637,1d2631657a7758a70ee88768529b0f8352f370bae3e39f6de5a7cba752b7ffe17ab5fc4eb046c9bec4daf04ab82ba70812227cb89a052fa7a0f00e2b7239fac1,08/04/2025 04:40:00 PM,1,PARKED,1,2022576,,FORD,EXPEDITION,IL,2021,UNKNOWN,SPORT UTILITY VEHICLE (SUV),TAXI/FOR HIRE,N,PARKED,,,1,,,,,,,,,,,,,Y,Y,,,,SIDE-LEFT,,,,,,,,,,,,,,,,,,,,,,,,,,,,,,,,,
2121638,1d2631657a7758a70ee88768529b0f8352f370bae3e39f6de5a7cba752b7ffe17ab5fc4eb046c9bec4daf04ab82ba70812227cb89a052fa7a0f00e2b7239fac1,08/04/2025 04:40:00 PM,2,DRIVER,,2022599,,FORD,ESCAPE,OH,2023,UNKNOWN,SPORT UTILITY VEHICLE (SUV),PERSONAL,N,STRAIGHT AHEAD,,,1,,,,,,Y,Y,,,,,,,,,,,SIDE-RIGHT,,,,,,,,,,,,,,,,,,,,,,,,,,,,,,,,,
2121682,35acfb64a89299be1d9073f6225f1f940145097b9614760db756da7aba7da73b9e89e50af094585a3c4dcd0b1da4258890ccb89f684fd3a825c2228a1ef90449,08/04/2025 04:40:00 PM,1,DRIVER,,2022621,,HONDA,ACCORD,,2006,NONE,PASSENGER,PERSONAL,W,STRAIGHT AHEAD,,,1,,,,,,,,,,,,,,,,,Y,FRONT,,,,,,,,,,,,,,,,,,,,,,,,,,,,,,,,,
2121683,35acfb64a89299be1d9073f6225f1f940145097b9614760db756da7aba7da73b9e89e50af094585a3c4dcd0b1da4258890ccb89f684fd3a825c2228a1ef90449,08/04/2025 04:40:00 PM,2,DRIVER,1,2022617,,TOYOTA,COROLLA,IL,2025,NONE,PASSENGER,PERSONAL,W,SLOW/STOP IN TRAFFIC,,,2,,,,,,,,,Y,,,,,,,,,REAR-RIGHT-CORNER,,,,,,,,,,,,,,,,,,,,,,,,,,,,,,,,,
2122883,3ea075f506435499fd67878e9aaaf9d396c9373fb890edab6018581477134590ee8da8db68cd977278ac1d3536c50c9a93d17d9d0dde561bcb9794405b985dcf,08/04/2025 04:40:00 PM,1,DRIVER,,2023771,,UNKNOWN,OTHER (EXPLAIN IN NARRATIVE),IL,,UNKNOWN,UNKNOWN/NA,UNKNOWN/NA,UNKNOWN,UNKNOWN/NA,,,1,,,,,,,,,,,,,,,,,Y,UNKNOWN,,,,,,,,,,,,,,,,,,,,,,,,,,,,,,,,,
2122884,3ea075f506435499fd67878e9aaaf9d396c9373fb890edab6018581477134590ee8da8db68cd977278ac1d3536c50c9a93d17d9d0dde561bcb9794405b985dcf,08/04/2025 04:40:00 PM,2,PARKED,,2023757,,NISSAN,ROGUE,IL,2018,UNKNOWN,PASSENGER,PERSONAL,W,PARKED,,,0,,,,,Y,,,,,,,,,,,,,FRONT-RIGHT-CORNER,,,,,,,,,,,,,,,,,,,,,,,,,,,,,,,,,
2123629,8fa7b6f56276d6cad8c7f6595d79cef97430291cfe75d8eb10964771d94dfa6b288efbc1c768943667fbdc8120e5a56a3719b823ec89ae20690f08f8d1d51614,08/04/2025 04:40:00 PM,1,DRIVER,,2024469,,HONDA,ACCORD,IL,2014,NONE,PASSENGER,PERSONAL,S,STRAIGHT AHEAD,Y,,1,,,,,Y,,,,,,,,,,Y,Y,,FRONT,,,,,,,,,,,,,,,,,,,,,,,,,,,,,,,,,
2123630,8fa7b6f56276d6cad8c7f6595d79cef97430291cfe75d8eb10964771d94dfa6b288efbc1c768943667fbdc8120e5a56a3719b823ec89ae20690f08f8d1d51614,08/04/2025 04:40:00 PM,2,DRIVER,,2024488,,HONDA,CR-V,IL,2018,NONE,PASSENGER,PERSONAL,S,SLOW/STOP IN TRAFFIC,Y,,1,,,,,,,,,,,Y,,,,,,,REAR-LEFT-CORNER,,,,,,,,,,,,,,,,,,,,,,,,,,,,,,,,,
2121935,6757728830780dbde5b39419dcb9fa6e2c1af47b8058bb4fe6b8cd2b61ee657abf78fe73c66afbfffbd463f86a285cf588c952fdba9d3725a63c84b4395609f8,08/04/2025 04:36:00 PM,1,DRIVER,,2022865,,PORSCHE,TAYCAN,IL,,UNKNOWN,PASSENGER,UNKNOWN/NA,S,BACKING,,,1,,,,,,,,,,Y,,,,,,,,REAR,,,,,,,,,,,,,,,,,,,,,,,,,,,,,,,,,
2121936,6757728830780dbde5b39419dcb9fa6e2c1af47b8058bb4fe6b8cd2b61ee657abf78fe73c66afbfffbd463f86a285cf588c952fdba9d3725a63c84b4395609f8,08/04/2025 04:36:00 PM,2,DRIVER,,2022866,,KIA,RIO / K2,IL,,NONE,PASSENGER,PERSONAL,E,STRAIGHT AHEAD,,,1,,,,,,,,,,,,Y,Y,,,,,SIDE-LEFT,,,,,,,,,,,,,,,,,,,,,,,,,,,,,,,,,
2121559,8c19ad495a448e1f9b727e87d21b1b7fc1fe9d2200d26e9e8c331c22ae60c363faff976e531590f1a922fce60eabcca2ad4a8741c6597326a55124d4278104d8,08/04/2025 04:36:00 PM,1,DRIVER,,2022524,,FORD,EDGE,IL,2010,UNKNOWN,PASSENGER,PERSONAL,E,STRAIGHT AHEAD,,,1,,,,,Y,,,,,,,,,,Y,Y,,FRONT,,,,,,,,,,,,,,,,,,,,,,,,,,,,,,,,,
2121560,8c19ad495a448e1f9b727e87d21b1b7fc1fe9d2200d26e9e8c331c22ae60c363faff976e531590f1a922fce60eabcca2ad4a8741c6597326a55124d4278104d8,08/04/2025 04:36:00 PM,2,DRIVER,,2022543,,SUBARU,OUTBACK,MO,2013,NONE,PASSENGER,UNKNOWN/NA,W,TURNING LEFT,Y,,1,,owner,owner,,Y,,,,,,,,,,Y,Y,,FRONT-LEFT-CORNER,,,,,,,,,,,,,,,,,,,,,,,,,,,,,,,,,