CRASH_UNIT_ID,CRASH_RECORD_ID,CRASH_DATE,UNIT_NO,UNIT_TYPE,NUM_PASSENGERS,VEHICLE_ID,CMRC_VEH_I,MAKE,MODEL,LIC_PLATE_STATE,VEHICLE_YEAR,VEHICLE_DEFECT,VEHICLE_TYPE,VEHICLE_USE,TRAVEL_DIRECTION,MANEUVER,TOWED_I,FIRE_I,OCCUPANT_CNT,EXCEED_SPEED_LIMIT_I,TOWED_BY,TOWED_TO,AREA_00_I,AREA_01_I,AREA_02_I,AREA_03_I,AREA_04_I,AREA_05_I,AREA_06_I,AREA_07_I,AREA_08_I,AREA_09_I,AREA_10_I,AREA_11_I,AREA_12_I,AREA_99_I,FIRST_CONTACT_POINT,CMV_ID,USDOT_NO,CCMC_NO,ILCC_NO,COMMERCIAL_SRC,GVWR,CARRIER_NAME,CARRIER_STATE,CARRIER_CITY,HAZMAT_PLACARDS_I,HAZMAT_NAME,UN_NO,HAZMAT_PRESENT_I,HAZMAT_REPORT_I,HAZMAT_REPORT_NO,MCS_REPORT_I,MCS_REPORT_NO,HAZMAT_VIO_CAUSE_CRASH_I,MCS_VIO_CAUSE_CRASH_I,IDOT_PERMIT_NO,WIDE_LOAD_I,TRAILER1_WIDTH,TRAILER2_WIDTH,TRAILER1_LENGTH,TRAILER2_LENGTH,TOTAL_VEHICLE_LENGTH,AXLE_CNT,VEHICLE_CONFIG,CARGO_BODY_TYPE,LOAD_TYPE,HAZMAT_OUT_OF_SERVICE_I,MCS_OUT_OF_SERVICE_I,HAZMAT_CLASS
2121590,a60a42e3f50625f3d000d92bfd6900c66f2d7db5141229d10f3184e64a63aa1eee736bddc9c44636fcbd939a570a13961c1ec9a943ef0eadf775a7b3dd207f09,08/04/2025 04:34:00 PM,1,DRIVER,,2022529,,NISSAN,MURANO,IL,2012,UNKNOWN,PASSENGER,PERSONAL,E,STRAIGHT AHEAD,,,1,,,,,,,,,,,,,,,,Y,,FRONT,,,,,,,,,,,,,,,,,,,,,,,,,,,,,,,,,
2121591,a60a42e3f50625f3d000d92bfd6900c66f2d7db5141229d10f3184e64a63aa1eee736bddc9c44636fcbd939a570a13961c1ec9a943ef0eadf775a7b3dd207f09,08/04/2025 04:34:00 PM,2,DRIVER,2,2022544,,CHEVROLET,MALIBU,IL,2023,UNKNOWN,PASSENGER,PERSONAL,E,STRAIGHT AHEAD,,,3,,,,,,,,,Y,Y,Y,,,,,,,REAR,,,,,,,,,,,,,,,,,,,,,,,,,,,,,,,,,
2121648,fe4b547693073a6cddaa1587a73f93df5da12c3b7636f152159963e315a5c0656d7f6e33911ebf9b0b1bf91e22fadd921da311577f963872801d333096bc4ae3,08/04/2025 04:32:00 PM,1,DRIVER,2,2022582,,BUICK,OTHER (EXPLAIN IN NARRATIVE),IL,2024,NONE,SPORT UTILITY VEHICLE (SUV),PERSONAL,W,TURNING LEFT,Y,,3,,PERSONAL TOW,HOME ADDRESS,,N,Y,Y,Y,,,,Y,Y,Y,,Y,,SIDE-RIGHT,,,,,,,,,,,,,,,,,,,,,,,,,,,,,,,,,
2121649,fe4b547693073a6cddaa1587a73f93df5da12c3b7636f152159963e315a5c0656d7f6e33911ebf9b0b1bf91e22fadd921da311577f963872801d333096bc4ae3,08/04/2025 04:32:00 PM,2,DRIVER,,2022593,,BMW,OTHER (EXPLAIN IN NARRATIVE),IL,2017,NONE,PASSENGER,UNKNOWN/NA,W,STRAIGHT AHEAD,Y,,1,,CPD,DOTY,,Y,,,,,,,,,,Y,Y,,FRONT,,,,,,,,,,,,,,,,,,,,,,,,,,,,,,,,,
2121650,fe4b547693073a6cddaa1587a73f93df5da12c3b7636f152159963e315a5c0656d7f6e33911ebf9b0b1bf91e22fadd921da311577f963872801d333096bc4ae3,08/04/2025 04:32:00 PM,3,DRIVER,,2022605,,LAND ROVER,RANGE ROVER (EVOQUE / SPORT / VELAR),IL,2018,UNKNOWN,SPORT UTILITY VEHICLE (SUV),PERSONAL,S,SLOW/STOP IN TRAFFIC,,,1,,,,,,,,,,,,,,,Y,Y,,FRONT-LEFT-CORNER,,,,,,,,,,,,,,,,,,,,,,,,,,,,,,,,,
2121651,13eb84944d76baa59c1baa11f43744a02e95ec801efd35f214b52c84f3965c6b6ef4e12c24ec89f777b1f536669987a006c0f01c395fb649a4be16c293f32ea0,08/04/2025 04:30:00 PM,1,DRIVER,2,2022584,,FORD,OTHER (EXPLAIN IN NARRATIVE),AZ,2017,UNKNOWN,OTHER,OTHER,W,OTHER,,,3,,,,,,,,,,,,,,,,,Y,UNKNOWN,,,,,,,,,,,,,,,,,,,,,,,,,,,,,,,,,
2121652,13eb84944d76baa59c1baa11f43744a02e95ec801efd35f214b52c84f3965c6b6ef4e12c24ec89f777b1f536669987a006c0f01c395fb649a4be16c293f32ea0,08/04/2025 04:30:00 PM,2,PARKED,,2022590,,NISSAN,FRONTIER,IL,2002,UNKNOWN,PICKUP,UNKNOWN/NA,UNKNOWN,PARKED,,,0,,,,,,,,,,,,,,Y,Y,Y,,FRONT-LEFT-CORNER,,,,,,,,,,,,,,,,,,,,,,,,,,,,,,,,,
2121504,250398a52763c6bb44cd8c632f5a7a7abdad5b7518d1f2e3770c85255fb56fce121d3ea8ade6adfd75a1f851c962effa8b927c0c30bfddc3de1aa5ed966acce6,08/04/2025 04:15:00 PM,1,DRIVER,,2022464,,DODGE,CARAVAN,IL,2016,UNKNOWN,VAN/MINI-VAN,PERSONAL,E,TURNING LEFT,,,1,,,,,,N,Y,N,,,,,N,,N,N,,SIDE-RIGHT,,,,,,,,,,,,,,,,,,,,,,,,,,,,,,,,,
2121505,250398a52763c6bb44cd8c632f5a7a7abdad5b7518d1f2e3770c85255fb56fce121d3ea8ade6adfd75a1f851c962effa8b927c0c30bfddc3de1aa5ed966acce6,08/04/2025 04:15:00 PM,2,DRIVER,,2022468,,JEEP,GRAND CHEROKEE,,2006,NONE,PASSENGER,PERSONAL,W,STRAIGHT AHEAD,,,1,,,,,,,,,,,,,,,,Y,,FRONT,,,,,,,,,,,,,,,,,,,,,,,,,,,,,,,,,
2121521,2938df262caf86db7cff448253654fd4deb694ee28d8efbb0c658a15d40451ece7eac5b69a8438f3029a0cb12008c2f31485421067763e20dc52e0fc75c9755e,08/04/2025 04:15:00 PM,1,DRIVER,,2022461,,KIA,OTHER (EXPLAIN IN NARRATIVE),IL,2025,NONE,PASSENGER,PERSONAL,UNKNOWN,BACKING,,,1,,,,,,,,,,N,,,,,,,Y,REAR,,,,,,,,,,,,,,,,,,,,,,,,,,,,,,,,,
2121527,2938df262caf86db7cff448253654fd4deb694ee28d8efbb0c658a15d40451ece7eac5b69a8438f3029a0cb12008c2f31485421067763e20dc52e0fc75c9755e,08/04/2025 04:15:00 PM,2,DRIVER,,2022469,,BMW,328I,IL,2008,NONE,PASSENGER,PERSONAL,UNKNOWN,SLOW/STOP IN TRAFFIC,,,1,,,,,,,,,,Y,,,,,,,,REAR,,,,,,,,,,,,,,,,,,,,,,,,,,,,,,,,,
2121548,b69a7e13b0e222240268da34c8b52ec682d553b81dc59cb0ee5b2404f0fda853a1447034d3325b2191e24d4d25e5699bdd15549e34affe6aabc7038b5e14467a,08/04/2025 04:12:00 PM,1,BICYCLE,,,,,,,,,,,,,,,,,,,,,,,,,,,,,,,,,,,,,,,,,,,,,,,,,,,,,,,,,,,,,,,,,,
2121549,b69a7e13b0e222240268da34c8b52ec682d553b81dc59cb0ee5b2404f0fda853a1447034d3325b2191e24d4d25e5699bdd15549e34affe6aabc7038b5e14467a,08/04/2025 04:12:00 PM,2,DRIVER,,2022485,,KIA,NIRO,IL,2023,NONE,PASSENGER,PERSONAL,W,STRAIGHT AHEAD,,,1,,,,,,,,,,,,,Y,Y,,,,FRONT-LEFT-CORNER,,,,,,,,,,,,,,,,,,,,,,,,,,,,,,,,,
2121519,b7414eaf4ff5aab9304ba592ffcb030ea583aff337accbbfd5ab53b975ea8589a1cc8255c4ee917b0bf73996301826cd83dc8fa7809e27d86625f3db3c0ed985,08/04/2025 04:03:00 PM,1,DRIVER,,2022452,,UNKNOWN,OTHER (EXPLAIN IN NARRATIVE),IL,,NONE,SPORT UTILITY VEHICLE (SUV),PERSONAL,W,STRAIGHT AHEAD,,,1,,,,,,,,,,,,,,Y,Y,Y,,FRONT,,,,,,,,,,,,,,,,,,,,,,,,,,,,,,,,,
2121520,b7414eaf4ff5aab9304ba592ffcb030ea583aff337accbbfd5ab53b975ea8589a1cc8255c4ee917b0bf73996301826cd83dc8fa7809e27d86625f3db3c0ed985,08/04/2025 04:03:00 PM,2,DRIVER,,2022462,,HONDA,ACCORD,IL,2024,NONE,PASSENGER,PERSONAL,N,STRAIGHT AHEAD,,,1,,,,,Y,Y,,,,,,,,,Y,Y,,FRONT-RIGHT-CORNER,,,,,,,,,,,,,,,,,,,,,,,,,,,,,,,,,
2122168,6907144262a4212c3bab977c42abb5d6fef7072310a736a56de55a6ec84b7dee85e447507ad1b505242208bf9adeaab0432ec08c214baaf830c867bcdfc8ab61,08/04/2025 04:00:00 PM,1,DRIVER,,2023086,,FORD,ESCAPE,IL,2008,NONE,PASSENGER,PERSONAL,E,BACKING,,,1,,,,,,,,,,,,,,,,,Y,REAR,,,,,,,,,,,,,,,,,,,,,,,,,,,,,,,,,
2122169,6907144262a4212c3bab977c42abb5d6fef7072310a736a56de55a6ec84b7dee85e447507ad1b505242208bf9adeaab0432ec08c214baaf830c867bcdfc8ab61,08/04/2025 04:00:00 PM,2,DRIVER,,2023090,,NISSAN,SENTRA,IN,2019,NONE,PASSENGER,PERSONAL,S,STRAIGHT AHEAD,,,1,,,,,,,Y,Y,Y,,,,,,,,,SIDE-RIGHT,,,,,,,,,,,,,,,,,,,,,,,,,,,,,,,,,
2121511,6e16169cb4ac05653bb89e739cfb207b06e21d3c6861bfea8a2e8e71e9f4da5ffcf25c5f6ce251528a7d0bc702a4df0b7148c6eab5f82ecebf92149d05bc1cd9,08/04/2025 04:00:00 PM,1,DRIVER,,2022449,,HONDA,OTHER (EXPLAIN IN NARRATIVE),,,NONE,PASSENGER,PERSONAL,W,STRAIGHT AHEAD,,,1,,,,,,,,,,,,,,,,Y,,FRONT,,,,,,,,,,,,,,,,,,,,,,,,,,,,,,,,,
2121512,6e16169cb4ac05653bb89e739cfb207b06e21d3c6861bfea8a2e8e71e9f4da5ffcf25c5f6ce251528a7d0bc702a4df0b7148c6eab5f82ecebf92149d05bc1cd9,08/04/2025 04:00:00 PM,2,DRIVER,,2022444,,KIA,SPORTAGE,,2024,NONE,PASSENGER,PERSONAL,W,STRAIGHT AHEAD,,,1,,,,,,,,,,Y,,,,,,,,REAR,,,,,,,,,,,,,,,,,,,,,,,,,,,,,,,,,
2125178,8b27b1fb517fa88ab5b1a6178ae09cbac3412e10c8ce0165a905d128a6df6008c4a24b2c7e660643d2406149545ea41f8c738aa650940d3779f6edcda874d2b9,08/04/2025 04:00:00 PM,1,DRIVER,,2025937,,"PETERBILT MOTORS COMPANY (DIVISION OF PACCAR, INC.)",OTHER (EXPLAIN IN NARRATIVE),NJ,2019,NONE,TRACTOR W/ SEMI-TRAILER,COMMERCIAL - MULTI-UNIT,E,STRAIGHT AHEAD,,,1,,,,,Y,,,,,,,,,,,,,FRONT-RIGHT-CORNER,,,,,,,,,,,,,,,,,,,,,,,,,,,,,,,,,
2125179,8b27b1fb517fa88ab5b1a6178ae09cbac3412e10c8ce0165a905d128a6df6008c4a24b2c7e660643d2406149545ea41f8c738aa650940d3779f6edcda874d2b9,08/04/2025 04:00:00 PM,2,DRIVER,,2025950,,FORD,FUSION,IL,2015,NONE,PASSENGER,PERSONAL,E,STRAIGHT AHEAD,,,1,,,,,Y,,,,,,,,,,,,,FRONT-RIGHT-CORNER,,,,,,,,,,,,,,,,,,,,,,,,,,,,,,,,,
2121540,b9c3e4ac0f095da7616e2ff72181703314e810fcfac0590dd72e7bf1078ee9acc92414d7513252ebd7d4e84a06ce91ac07bff5c3c91318ef803d0659ca7dc6dd,08/04/2025 04:00:00 PM,1,DRIVER,,2022496,N,UNKNOWN,OTHER (EXPLAIN IN NARRATIVE),XX,2000,UNKNOWN,TRACTOR W/ SEMI-TRAILER,COMMERCIAL - SINGLE UNIT,N,TURNING RIGHT,,,1,,,,Y,Y,Y,Y,Y,Y,,,,,,,,,SIDE-LEFT,,,,,,,,,,,,,,,,,,,,,,,,,,,,,,,,,
2121541,b9c3e4ac0f095da7616e2ff72181703314e810fcfac0590dd72e7bf1078ee9acc92414d7513252ebd7d4e84a06ce91ac07bff5c3c91318ef803d0659ca7dc6dd,08/04/2025 04:00:00 PM,2,DRIVER,,2022494,,DODGE,AVENGER,IL,2013,UNKNOWN,PASSENGER,PERSONAL,N,STRAIGHT AHEAD,,,1,,,,Y,N,N,,,,,Y,Y,Y,Y,Y,,,SIDE-LEFT,,,,,,,,,,,,,,,,,,,,,,,,,,,,,,,,,
2121713,cdc06aab4e3a2990bcd300aaaf362a13ee4875686f0a91d694281dfc1a8fdcebf685e89a651835fd2b0a48598aac6e71f62ecb771df0835f1344e7ec32e8b4aa,08/04/2025 04:00:00 PM,1,DRIVER,,2022725,,FORD,BRONCO / BRONCO II,IL,2022,UNKNOWN,PASSENGER,UNKNOWN/NA,UNKNOWN,UNKNOWN/NA,,,1,,,,,,,,,,,,,,,,,Y,UNKNOWN,,,,,,,,,,,,,,,,,,,,,,,,,,,,,,,,,
2121714,cdc06aab4e3a2990bcd300aaaf362a13ee4875686f0a91d694281dfc1a8fdcebf685e89a651835fd2b0a48598aac6e71f62ecb771df0835f1344e7ec32e8b4aa,08/04/2025 04:00:00 PM,2,PARKED,,2022726,,HONDA,ACCORD,IL,2017,NONE,PASSENGER,NOT IN USE,N,PARKED,,,0,,,,,,,,,,,,,,,Y,Y,,FRONT-LEFT-CORNER,,,,,,,,,,,,,,,,,,,,,,,,,,,,,,,,,
2121665,e703cec95c6f520cd47ba011e73429f22396221e0fec536bef5a2f0cd55d374bd085e722210819692b4a4dce00d21c41625a9b70dbe3b25c27edc7b28eaea4ab,08/04/2025 03:58:00 PM,1,DRIVER,1,2022595,,HYUNDAI,ELANTRA,IL,2021,UNKNOWN,PASSENGER,UNKNOWN/NA,W,STRAIGHT AHEAD,,,2,,,,,,,,,,,,,,,,,Y,UNKNOWN,,,,,,,,,,,,,,,,,,,,,,,,,,,,,,,,,
2121666,e703cec95c6f520cd47ba011e73429f22396221e0fec536bef5a2f0cd55d374bd085e722210819692b4a4dce00d21c41625a9b70dbe3b25c27edc7b28eaea4ab,08/04/2025 03:58:00 PM,2,DRIVER,,2022596,,TOYOTA,4RUNNER,IL,2025,NONE,PASSENGER,PERSONAL,W,STRAIGHT AHEAD,,,1,,,,,,,,Y,Y,,,,,,,,,REAR-LEFT-CORNER,,,,,,,,,,,,,,,,,,,,,,,,,,,,,,,,,
2121675,25559e284e49a7c699cc4018f5b9ab6627b009976c46df2c4167d24ed8a68bf91ff81fff7c3b42226feeb65ecf6278fdba9838ed1c2afaf69fa7d46e23fcb67a,08/04/2025 03:50:00 PM,1,DRIVER,2,2022607,,JEEP,GRAND CHEROKEE,IL,2014,NONE,PASSENGER,PERSONAL,N,STRAIGHT AHEAD,,,3,,,,,,,,,,,,,,,Y,,,FRONT-LEFT-CORNER,,,,,,,,,,,,,,,,,,,,,,,,,,,,,,,,,
2121676,25559e284e49a7c699cc4018f5b9ab6627b009976c46df2c4167d24ed8a68bf91ff81fff7c3b42226feeb65ecf6278fdba9838ed1c2afaf69fa7d46e23fcb67a,08/04/2025 03:50:00 PM,2,DRIVER,,2022613,,NEW FLYER,DE60LFR,IL,2008,NONE,BUS OVER 15 PASS.,CTA,N,OTHER,,,1,,,,,,,,,,Y,Y,,,,,,,SIDE-LEFT-REAR,,,,,,,,,,,,,,,,,,,,,,,,,,,,,,,,,
2121536,b85a012f9c92f58a2a501598a36b7d837cd639bcb515822b40d2a4d87c962e294de6575810c5eaa7c4fcdbdbdd1084178be6a4b0b026520995d5b34080e6b42a,08/04/2025 03:50:00 PM,1,DRIVER,1,2022480,,NISSAN,ROGUE,IL,2015,UNKNOWN,PASSENGER,UNKNOWN/NA,N,TURNING RIGHT,,,2,,,,,Y,,,,,,,,,,Y,Y,,FRONT-LEFT-CORNER,,,,,,,,,,,,,,,,,,,,,,,,,,,,,,,,,
2121537,b85a012f9c92f58a2a501598a36b7d837cd639bcb515822b40d2a4d87c962e294de6575810c5eaa7c4fcdbdbdd1084178be6a4b0b026520995d5b34080e6b42a,08/04/2025 03:50:00 PM,2,DRIVER,,2022493,,(UNLISTED MAKE),(UNLISTED MAKE),IL,2019,UNKNOWN,SINGLE UNIT TRUCK WITH TRAILER,COMMERCIAL - SINGLE UNIT,E,STRAIGHT AHEAD,,,1,,,,,,,,Y,,,,,,,,,,SIDE-RIGHT-REAR,,,,,,,,,,,,,,,,,,,,,,,,,,,,,,,,,
2121487,5109559c3744c16af16cd12916d7c5e8a94ebf09770163b51cbc7616f964b56c3f1b29d3186c796d21f6a027c6031abe0991cef8728ce85d87d7e0718bb98b45,08/04/2025 03:41:00 PM,1,DRIVER,,2022420,,BUICK,OTHER (EXPLAIN IN NARRATIVE),IL,2024,NONE,PASSENGER,UNKNOWN/NA,W,STRAIGHT AHEAD,,,1,,,,,,,,,,,,,,,,Y,,FRONT,,,,,,,,,,,,,,,,,,,,,,,,,,,,,,,,,
2121488,5109559c3744c16af16cd12916d7c5e8a94ebf09770163b51cbc7616f964b56c3f1b29d3186c796d21f6a027c6031abe0991cef8728ce85d87d7e0718bb98b45,08/04/2025 03:41:00 PM,2,DRIVER,,2022424,,HONDA,HR-V,IL,2022,NONE,PASSENGER,PERSONAL,W,SLOW/STOP IN TRAFFIC,,,1,,,,,,,,,,Y,,,,,,,,REAR,,,,,,,,,,,,,,,,,,,,,,,,,,,,,,,,,
2121546,1784271857b27a8b65504aab01f8b5e3c47a9ae60e578dd381121b91af3381a04f9f74c081f1693e30f78de026e131699005388eeeba9cbdd0afc87af966e2df,08/04/2025 03:39:00 PM,1,DRIVER,,2022492,,HYUNDAI,TUCSON,IL,2024,UNKNOWN,PASSENGER,PERSONAL,E,STRAIGHT AHEAD,,,1,,,,,,,,,,,Y,,,,,,,REAR-LEFT-CORNER,,,,,,,,,,,,,,,,,,,,,,,,,,,,,,,,,
2121547,1784271857b27a8b65504aab01f8b5e3c47a9ae60e578dd381121b91af3381a04f9f74c081f1693e30f78de026e131699005388eeeba9cbdd0afc87af966e2df,08/04/2025 03:39:00 PM,2,DRIVER,,2022501,,DODGE,RAM PROMASTER,IL,2018,UNKNOWN,VAN/MINI-VAN,PERSONAL,E,STRAIGHT AHEAD,,,1,,,,Y,,,,,,,,,,,,,,FRONT-RIGHT-CORNER,,,,,,,,,,,,,,,,,,,,,,,,,,,,,,,,,
2121523,0b5513163a89767a98f8700cfe54b8072792e3e6621e51c742c0e233ffd07f6243ee1ae9ae9ed9673013334d7fce722f84805b9f8a9c213ab05da84d5d20e50e,08/04/2025 03:35:00 PM,1,DRIVER,,2022466,,VOLKSWAGEN,ATLAS,IL,2018,UNKNOWN,SPORT UTILITY VEHICLE (SUV),PERSONAL,W,TURNING LEFT,,,1,,,,N,,,,,,,,,,,,Y,,FRONT,,,,,,,,,,,,,,,,,,,,,,,,,,,,,,,,,
2121524,0b5513163a89767a98f8700cfe54b8072792e3e6621e51c742c0e233ffd07f6243ee1ae9ae9ed9673013334d7fce722f84805b9f8a9c213ab05da84d5d20e50e,08/04/2025 03:35:00 PM,2,BICYCLE,,,,,,,,,,,,,,,,,,,,,,,,,,,,,,,,,,,,,,,,,,,,,,,,,,,,,,,,,,,,,,,,,,
2121646,6fd5c6f65131de46c34855b62d92dbfdea0fb614bb2e07c17079e0d97620e19205af2302121f1e959d5c23950d6b29130acd3fa1afb37882120ae01109ed3f51,08/04/2025 03:35:00 PM,1,DRIVER,,2022601,,UNKNOWN,OTHER (EXPLAIN IN NARRATIVE),,,UNKNOWN,UNKNOWN/NA,UNKNOWN/NA,UNKNOWN,UNKNOWN/NA,,,1,,,,,,,,,,,,,,,,,,UNKNOWN,,,,,,,,,,,,,,,,,,,,,,,,,,,,,,,,,
2121647,6fd5c6f65131de46c34855b62d92dbfdea0fb614bb2e07c17079e0d97620e19205af2302121f1e959d5c23950d6b29130acd3fa1afb37882120ae01109ed3f51,08/04/2025 03:35:00 PM,2,PARKED,,2022579,,FORD,FOCUS,IN,2014,UNKNOWN,PASSENGER,PERSONAL,N,PARKED,,,0,,,,,,,,,,,Y,Y,,,,,,REAR-LEFT-CORNER,,,,,,,,,,,,,,,,,,,,,,,,,,,,,,,,,
2121870,6af25a1c9d1550a34e370a391baa9095bdce36befd09c62357a5eee2d4d16f02e44b73f728f75fa4ffe081a095db062496648ffebcb7256bb4573a78736692d0,08/04/2025 03:30:00 PM,1,DRIVER,,2022801,,HYUNDAI,IONIC,IL,2019,UNKNOWN,PASSENGER,PERSONAL,E,STRAIGHT AHEAD,,,1,,,,,Y,Y,Y,Y,Y,,,,,,,,,SIDE-RIGHT,,,,,,,,,,,,,,,,,,,,,,,,,,,,,,,,,
2121871,6af25a1c9d1550a34e370a391baa9095bdce36befd09c62357a5eee2d4d16f02e44b73f728f75fa4ffe081a095db062496648ffebcb7256bb4573a78736692d0,08/04/2025 03:30:00 PM,2,DRIVERLESS,,2022803,,FORD,ESCAPE,IL,2014,UNKNOWN,PASSENGER,NOT IN USE,E,PARKED,,,0,,,,,,,,,,,Y,Y,Y,Y,Y,,,SIDE-LEFT,,,,,,,,,,,,,,,,,,,,,,,,,,,,,,,,,
2121506,95c5c4d22d917e50655d2beda79f7e8855102533edee55bb498c21715df3e17333afa59817a2e0de3821ba7923f36eb6bbf251a5bde4e196c9b9e2738f75d0ea,08/04/2025 03:30:00 PM,1,DRIVER,,2022445,,CHEVROLET,CRUZE,IL,2015,UNKNOWN,PASSENGER,PERSONAL,E,TURNING RIGHT,,,1,,,,,Y,Y,Y,Y,,,,,,,,,,SIDE-RIGHT,,,,,,,,,,,,,,,,,,,,,,,,,,,,,,,,,
2121507,95c5c4d22d917e50655d2beda79f7e8855102533edee55bb498c21715df3e17333afa59817a2e0de3821ba7923f36eb6bbf251a5bde4e196c9b9e2738f75d0ea,08/04/2025 03:30:00 PM,2,DRIVER,,2022454,,TOYOTA,RAV4,IL,2021,UNKNOWN,PASSENGER,PERSONAL,E,STRAIGHT AHEAD,,,1,,,,,Y,,,,,,,,,,Y,Y,,FRONT-LEFT-CORNER,,,,,,,,,,,,,,,,,,,,,,,,,,,,,,,,,
2121513,cf3c4b6b1ecb2d17eef819c4838e8df1000f1e0f67474102b0a218f2ad8b386b75cd55cfae81eb51af077d780ca243748f00c675773f9f19a2d672fbeb580485,08/04/2025 03:30:00 PM,1,DRIVER,,2022446,,UNKNOWN,OTHER (EXPLAIN IN NARRATIVE),,,UNKNOWN,UNKNOWN/NA,UNKNOWN/NA,W,STRAIGHT AHEAD,,,1,,,,,Y,Y,,,,,,,,,,N,,UNKNOWN,,,,,,,,,,,,,,,,,,,,,,,,,,,,,,,,,
2121514,cf3c4b6b1ecb2d17eef819c4838e8df1000f1e0f67474102b0a218f2ad8b386b75cd55cfae81eb51af077d780ca243748f00c675773f9f19a2d672fbeb580485,08/04/2025 03:30:00 PM,2,PARKED,,2022451,,SUBARU,CROSSTREK,IL,2024,UNKNOWN,PASSENGER,PERSONAL,UNKNOWN,PARKED,,,0,,,,,,,,,,,,,,Y,Y,Y,,FRONT-LEFT-CORNER,,,,,,,,,,,,,,,,,,,,,,,,,,,,,,,,,
2121861,e45235436b7aa31199b8ac0963e9a42b55275008ebb3f9183470dff0c1406c0f0ae4d326e4e909eb146460a8cf9dc64f6626d97d7c79b7dd4621288b1ae937ea,08/04/2025 03:30:00 PM,1,DRIVER,,2022790,,TESLA,MODEL Y,IL,2023,UNKNOWN,PASSENGER,PERSONAL,E,STRAIGHT AHEAD,,,1,,,,,,,,,,,,Y,,,,,,SIDE-RIGHT-FRONT,,,,,,,,,,,,,,,,,,,,,,,,,,,,,,,,,
2121862,e45235436b7aa31199b8ac0963e9a42b55275008ebb3f9183470dff0c1406c0f0ae4d326e4e909eb146460a8cf9dc64f6626d97d7c79b7dd4621288b1ae937ea,08/04/2025 03:30:00 PM,2,DRIVER,,2022793,,SCION,TC,IL,,NONE,PASSENGER,PERSONAL,S,STRAIGHT AHEAD,,,1,,,,,,Y,,,,,,,,,,,,SIDE-LEFT-REAR,,,,,,,,,,,,,,,,,,,,,,,,,,,,,,,,,
2121458,e2e32bceb4729439b3c367cb3d865a4a6ec80afc59b1034bc6e04eeb07bbebd83ce5e58ea63daf2caf71275028fb83a87837d979386e023502c92f3bae2a4572,08/04/2025 03:23:00 PM,1,DRIVER,3,2022393,,DODGE,JOURNEY,IL,2019,NONE,SPORT UTILITY VEHICLE (SUV),PERSONAL,NW,OTHER,,,4,,,,,,,,,,,,,,,Y,Y,,FRONT-LEFT-CORNER,,,,,,,,,,,,,,,,,,,,,,,,,,,,,,,,,
2121459,e2e32bceb4729439b3c367cb3d865a4a6ec80afc59b1034bc6e04eeb07bbebd83ce5e58ea63daf2caf71275028fb83a87837d979386e023502c92f3bae2a4572,08/04/2025 03:23:00 PM,2,DRIVER,,2022409,,CHEVROLET,SILVERADO,IL,2000,NONE,TRUCK - SINGLE UNIT,PERSONAL,SE,TURNING LEFT,,,1,,,,,,,,,,,,,,Y,,,,SIDE-LEFT,,,,,,,,,,,,,,,,,,,,,,,,,,,,,,,,,
2121550,d2648ba03fede01aa81a1f1592c0bf835e424b9ba6d2ee702cde97b7838ee2a9a4a4df97e944c3354e746f0c5eab161806404fa666e5c991ef2e00d673906bdd,08/04/2025 03:22:00 PM,1,DRIVER,,2022490,,MERCEDES-BENZ,OTHER (EXPLAIN IN NARRATIVE),IL,,NONE,PASSENGER,PERSONAL,W,PASSING/OVERTAKING,,,1,,,,,Y,Y,,,,,,,,,,,,FRONT-RIGHT-CORNER,,,,,,,,,,,,,,,,,,,,,,,,,,,,,,,,,
2121551,d2648ba03fede01aa81a1f1592c0bf835e424b9ba6d2ee702cde97b7838ee2a9a4a4df97e944c3354e746f0c5eab161806404fa666e5c991ef2e00d673906bdd,08/04/2025 03:22:00 PM,2,DRIVER,,2022495,,NISSAN,KICKS,IL,2024,NONE,PASSENGER,PERSONAL,W,STRAIGHT AHEAD,,,1,,,,,,,,,,,Y,Y,Y,Y,,,,SIDE-LEFT,,,,,,,,,,,,,,,,,,,,,,,,,,,,,,,,,
2123291,91e30ac8c74b8cf427f1431f560231e1d90b4d3388bf1f9cdbb8726de3fbf2b476c7954a889c8b66498d664b26ac187e81462383c175e58ae5a73908187f79a9,08/04/2025 03:20:00 PM,1,DRIVER,,2024144,,FORD,VAN,IL,2010,UNKNOWN,VAN/MINI-VAN,UNKNOWN/NA,N,STRAIGHT AHEAD,,,1,,,,,,,,,,,,,,,,Y,,FRONT,,,,,,,,,,,,,,,,,,,,,,,,,,,,,,,,,
2123292,91e30ac8c74b8cf427f1431f560231e1d90b4d3388bf1f9cdbb8726de3fbf2b476c7954a889c8b66498d664b26ac187e81462383c175e58ae5a73908187f79a9,08/04/2025 03:20:00 PM,2,DRIVER,,2024148,,FORD,OTHER (EXPLAIN IN NARRATIVE),,,NONE,OTHER,UNKNOWN/NA,N,STRAIGHT AHEAD,,,1,,,,,,,,,,Y,,,,,,,,SIDE-LEFT-REAR,,,,,,,,,,,,,,,,,,,,,,,,,,,,,,,,,