CRASH_UNIT_ID,CRASH_RECORD_ID,CRASH_DATE,UNIT_NO,UNIT_TYPE,NUM_PASSENGERS,VEHICLE_ID,CMRC_VEH_I,MAKE,MODEL,LIC_PLATE_STATE,VEHICLE_YEAR,VEHICLE_DEFECT,VEHICLE_TYPE,VEHICLE_USE,TRAVEL_DIRECTION,MANEUVER,TOWED_I,FIRE_I,OCCUPANT_CNT,EXCEED_SPEED_LIMIT_I,TOWED_BY,TOWED_TO,AREA_00_I,AREA_01_I,AREA_02_I,AREA_03_I,AREA_04_I,AREA_05_I,AREA_06_I,AREA_07_I,AREA_08_I,AREA_09_I,AREA_10_I,AREA_11_I,AREA_12_I,AREA_99_I,FIRST_CONTACT_POINT,CMV_ID,USDOT_NO,CCMC_NO,ILCC_NO,COMMERCIAL_SRC,GVWR,CARRIER_NAME,CARRIER_STATE,CARRIER_CITY,HAZMAT_PLACARDS_I,HAZMAT_NAME,UN_NO,HAZMAT_PRESENT_I,HAZMAT_REPORT_I,HAZMAT_REPORT_NO,MCS_REPORT_I,MCS_REPORT_NO,HAZMAT_VIO_CAUSE_CRASH_I,MCS_VIO_CAUSE_CRASH_I,IDOT_PERMIT_NO,WIDE_LOAD_I,TRAILER1_WIDTH,TRAILER2_WIDTH,TRAILER1_LENGTH,TRAILER2_LENGTH,TOTAL_VEHICLE_LENGTH,AXLE_CNT,VEHICLE_CONFIG,CARGO_BODY_TYPE,LOAD_TYPE,HAZMAT_OUT_OF_SERVICE_I,MCS_OUT_OF_SERVICE_I,HAZMAT_CLASS
2121438,2643164397a07925f0927ffde93859540da2aae9320cdf1a8936342dfe4d2ada847948abbe8bed8dd01020e65255c3fec6294e6cf8988324d399a23439db27d5,08/04/2025 03:15:00 PM,1,DRIVER,,2022377,,ACURA,RLX,IL,2013,UNKNOWN,PASSENGER,PERSONAL,S,TURNING LEFT,,,1,,,,,,,,,,,,,,,,Y,,FRONT,,,,,,,,,,,,,,,,,,,,,,,,,,,,,,,,,
2121439,2643164397a07925f0927ffde93859540da2aae9320cdf1a8936342dfe4d2ada847948abbe8bed8dd01020e65255c3fec6294e6cf8988324d399a23439db27d5,08/04/2025 03:15:00 PM,2,DRIVER,,2022380,,CHEVROLET,EXPRESS,IL,2021,UNKNOWN,VAN/MINI-VAN,OTHER,W,STRAIGHT AHEAD,,,1,,,,,,,,,,,,,,,,,N,OTHER,,,,,,,,,,,,,,,,,,,,,,,,,,,,,,,,,
2121528,5047501b8fad2bd71e4e713e2fb6ceb0a06ff1ac908295a6bcceb1435fb43bc5f2792c2a023c0878ccb782c21b85307bf12dcb49f4759015579f1281987026e4,08/04/2025 03:15:00 PM,1,DRIVER,,2022478,,FORD,ESCAPE,IL,2015,UNKNOWN,PASSENGER,PERSONAL,E,UNKNOWN/NA,Y,,1,,,,,Y,,Y,Y,Y,,,,,,Y,Y,,SIDE-RIGHT-REAR,,,,,,,,,,,,,,,,,,,,,,,,,,,,,,,,,
2121529,5047501b8fad2bd71e4e713e2fb6ceb0a06ff1ac908295a6bcceb1435fb43bc5f2792c2a023c0878ccb782c21b85307bf12dcb49f4759015579f1281987026e4,08/04/2025 03:15:00 PM,2,DRIVER,1,2022511,,FORD,ESCAPE,IL,2018,UNKNOWN,PASSENGER,PERSONAL,N,STRAIGHT AHEAD,Y,,2,,,,,Y,,,,,,,,,,Y,Y,,FRONT-LEFT-CORNER,,,,,,,,,,,,,,,,,,,,,,,,,,,,,,,,,
2121444,a68988fa12be148f5c07fedabacee378528d997035823fe5375e314b5ae71814d65e5c33c2513bb38513c3bc9c25ec5da77b94eaa0f2941c72a1a2ce2082b128,08/04/2025 03:15:00 PM,1,DRIVER,,2022384,,TOYOTA,RAV4,IL,2019,NONE,PASSENGER,PERSONAL,N,STRAIGHT AHEAD,,,1,,,,,,,Y,Y,,,,,,,,,,SIDE-RIGHT,,,,,,,,,,,,,,,,,,,,,,,,,,,,,,,,,
2121445,a68988fa12be148f5c07fedabacee378528d997035823fe5375e314b5ae71814d65e5c33c2513bb38513c3bc9c25ec5da77b94eaa0f2941c72a1a2ce2082b128,08/04/2025 03:15:00 PM,2,BICYCLE,,,,,,,,,,,,,,,,,,,,,,,,,,,,,,,,,,,,,,,,,,,,,,,,,,,,,,,,,,,,,,,,,,
2121558,efb1bf0455d5c13c05bc3379e7a0e61acb139ee07dc25621a4d13048497ba8e8d8b0c7f91b265298c1a4c196d063d14311483d9eca9419ccf1f843b37464c3a9,08/04/2025 03:15:00 PM,1,DRIVER,,2022508,,FREIGHTLINER CORPORATION,FREIGHTLINER CORP.,WI,2021,NONE,TRACTOR W/ SEMI-TRAILER,OTHER,SE,BACKING,,,1,,,,,Y,,,,,,,,,,,Y,,FRONT-RIGHT-CORNER,,,,,,,,,,,,,,,,,,,,,,,,,,,,,,,,,
2124729,f4ecc35a9e103e3e938c0f3fe326f237486d72ce7f9a907e0bc38ef2d0200cbeb2914addb69cc5092812f4f171c1d1f59a50770dc901263de25cf378a0cc66e3,08/04/2025 03:15:00 PM,1,DRIVER,,2025509,,UNKNOWN,OTHER (EXPLAIN IN NARRATIVE),,,UNKNOWN,UNKNOWN/NA,UNKNOWN/NA,UNKNOWN,UNKNOWN/NA,,,1,,,,,,,,,,,,,,,,,Y,UNKNOWN,,,,,,,,,,,,,,,,,,,,,,,,,,,,,,,,,
2124730,f4ecc35a9e103e3e938c0f3fe326f237486d72ce7f9a907e0bc38ef2d0200cbeb2914addb69cc5092812f4f171c1d1f59a50770dc901263de25cf378a0cc66e3,08/04/2025 03:15:00 PM,2,PARKED,,2025506,,NISSAN,ALTIMA,IL,2013,UNKNOWN,PASSENGER,PERSONAL,N,PARKED,,,0,,,,,,,,,,,,,,,Y,Y,,FRONT-LEFT-CORNER,,,,,,,,,,,,,,,,,,,,,,,,,,,,,,,,,
2121466,1b9fb56c3f55c2b0b442580335f0ba64a10310b7c1684905afcd0c795000901c195506f3ebbe1af8f95bc9b6a0facf8e58fc48fb36e7c0ed2115c91557b2995b,08/04/2025 03:10:00 PM,1,DRIVER,,2022403,,TOYOTA,RAV4,IL,2013,UNKNOWN,SPORT UTILITY VEHICLE (SUV),PERSONAL,N,STRAIGHT AHEAD,,,1,,,,,,,,,,,,,,,,Y,,FRONT,,,,,,,,,,,,,,,,,,,,,,,,,,,,,,,,,
2121467,1b9fb56c3f55c2b0b442580335f0ba64a10310b7c1684905afcd0c795000901c195506f3ebbe1af8f95bc9b6a0facf8e58fc48fb36e7c0ed2115c91557b2995b,08/04/2025 03:10:00 PM,2,DRIVER,2,2022411,,HYUNDAI,SONATA,IL,2015,NONE,PASSENGER,PERSONAL,N,STRAIGHT AHEAD,,,3,,,,,,,,,,Y,,,,,,,,REAR,,,,,,,,,,,,,,,,,,,,,,,,,,,,,,,,,
2121594,d1589a17331f90032e8dfc6ae06a9242db2460dac87a1e78891a9031df7934c5381efea559b6b572694678fdc4e390ffad1ca99271099993bafa85ec553ec205,08/04/2025 03:08:00 PM,1,DRIVER,1,2022535,,FORD,ESCAPE,IL,2019,UNKNOWN,PASSENGER,PERSONAL,N,STRAIGHT AHEAD,,,2,,,,,Y,Y,Y,Y,,,,,,,,,,SIDE-RIGHT-FRONT,,,,,,,,,,,,,,,,,,,,,,,,,,,,,,,,,
2121595,d1589a17331f90032e8dfc6ae06a9242db2460dac87a1e78891a9031df7934c5381efea559b6b572694678fdc4e390ffad1ca99271099993bafa85ec553ec205,08/04/2025 03:08:00 PM,2,DRIVER,,2022578,,CHRYSLER,300,IL,2018,UNKNOWN,PASSENGER,PERSONAL,N,STRAIGHT AHEAD,,,1,,,,,,,,,,,,,,Y,Y,Y,,FRONT-RIGHT-CORNER,,,,,,,,,,,,,,,,,,,,,,,,,,,,,,,,,
2121502,635666cafd23e4df43c1cde47c2331eb0d1ebb58cafdaa03d039ba16a80da92e238963cb59cc4734c396c91baecceaed67911a0ab9efeb7d59afb0c7012af148,08/04/2025 03:05:00 PM,1,DRIVER,,2022436,Y,FREIGHTLINER CORPORATION,FREIGHTLINER CORP.,IL,2019,UNKNOWN,TRACTOR W/ SEMI-TRAILER,COMMERCIAL - MULTI-UNIT,SE,TURNING RIGHT,,,1,,,,,,,,,Y,,,,,,,,,REAR-RIGHT-CORNER,"21,937",2937642,,,,,GVS GROUP INC,IL,NAPERVILLE,,,,N,N,,N,,N,U,,,,,,,,,TRUCK/TRAILER,FLATBED,OTHER,N,N,
2121503,635666cafd23e4df43c1cde47c2331eb0d1ebb58cafdaa03d039ba16a80da92e238963cb59cc4734c396c91baecceaed67911a0ab9efeb7d59afb0c7012af148,08/04/2025 03:05:00 PM,2,DRIVER,,2022453,,LINCOLN,MKZ,IL,2019,UNKNOWN,PASSENGER,PERSONAL,E,TURNING RIGHT,,,1,,,,,,,,,,,,,,Y,Y,,,FRONT-LEFT-CORNER,,,,,,,,,,,,,,,,,,,,,,,,,,,,,,,,,
2121476,abe60662533b3b2475f9fd8a45dcc9d0c49cdc96b94184dee9eba5de36c2733b8c8fee96e7cc95bd4b2dbe91fbc899c728c80f02a06aea4e991b40e99d829baa,08/04/2025 03:04:00 PM,1,DRIVER,,2022414,,CHEVROLET,EQUINOX,IL,2012,UNKNOWN,PASSENGER,PERSONAL,E,TURNING LEFT,,,1,,,,,Y,,,,,,,,,,Y,Y,,FRONT,,,,,,,,,,,,,,,,,,,,,,,,,,,,,,,,,
2121477,abe60662533b3b2475f9fd8a45dcc9d0c49cdc96b94184dee9eba5de36c2733b8c8fee96e7cc95bd4b2dbe91fbc899c728c80f02a06aea4e991b40e99d829baa,08/04/2025 03:04:00 PM,2,DRIVER,,2022421,,HONDA,FIT,IL,2017,UNKNOWN,PASSENGER,PERSONAL,N,STRAIGHT AHEAD,,,1,,,,,,,,,,,,Y,Y,Y,Y,,,SIDE-LEFT,,,,,,,,,,,,,,,,,,,,,,,,,,,,,,,,,
2121517,76cf06d1aa8c2830026008fddedd1b53ef415330d8cd09511f47ca5f8e716491db3cc49e092420e016c052dfe4cdfa82556fd93b8856935857f03076dd9ea668,08/04/2025 03:03:00 PM,1,DRIVER,,2022456,,KIA,OPTIMA / K5,IL,2012,NONE,PASSENGER,PERSONAL,S,PASSING/OVERTAKING,,,1,,,,,,,,,,,,,,Y,Y,,Y,FRONT-LEFT-CORNER,,,,,,,,,,,,,,,,,,,,,,,,,,,,,,,,,
2121518,76cf06d1aa8c2830026008fddedd1b53ef415330d8cd09511f47ca5f8e716491db3cc49e092420e016c052dfe4cdfa82556fd93b8856935857f03076dd9ea668,08/04/2025 03:03:00 PM,2,DRIVER,3,2022463,,KIA,SPORTAGE,IL,2024,NONE,SPORT UTILITY VEHICLE (SUV),PERSONAL,S,SLOW/STOP IN TRAFFIC,,,4,,,,,Y,Y,Y,Y,,,,,,,,,,SIDE-RIGHT-REAR,,,,,,,,,,,,,,,,,,,,,,,,,,,,,,,,,
2121430,21aa36687f9e6eac54824c70c337ae8b1ca64e56634c5e62ab132e02efa8e39f02f3f837773fb45951ac6472a33f1834f032e6ef0268c4145a5fee5cdb024968,08/04/2025 03:00:00 PM,1,DRIVER,,2022373,,GENERAL MOTORS CORPORATION (GMC),YUKON,IL,2015,NONE,SPORT UTILITY VEHICLE (SUV),PERSONAL,E,STRAIGHT AHEAD,,,1,,,,,Y,,,,,,,,,,Y,Y,,FRONT,,,,,,,,,,,,,,,,,,,,,,,,,,,,,,,,,
2121431,21aa36687f9e6eac54824c70c337ae8b1ca64e56634c5e62ab132e02efa8e39f02f3f837773fb45951ac6472a33f1834f032e6ef0268c4145a5fee5cdb024968,08/04/2025 03:00:00 PM,2,DRIVER,,2022379,,HONDA,ACCORD,IL,2012,NONE,PASSENGER,PERSONAL,E,STRAIGHT AHEAD,,,1,,,,,,,,,Y,Y,Y,,,,,,,REAR,,,,,,,,,,,,,,,,,,,,,,,,,,,,,,,,,
2121462,2b2c5a539d3a68e0066332874539408221d816d23c894b65aaa08de1e0f3b48fa022ff0719127ac766eca5db6c1b8c0075007406dc2f85fcdd53e46c9c394ef3,08/04/2025 03:00:00 PM,1,DRIVER,,2022404,,TOYOTA,CAMRY,IL,2005,UNKNOWN,PASSENGER,PERSONAL,NE,STRAIGHT AHEAD,,,1,,,,,,,,,,,,,,,,,Y,FRONT,,,,,,,,,,,,,,,,,,,,,,,,,,,,,,,,,
2121463,2b2c5a539d3a68e0066332874539408221d816d23c894b65aaa08de1e0f3b48fa022ff0719127ac766eca5db6c1b8c0075007406dc2f85fcdd53e46c9c394ef3,08/04/2025 03:00:00 PM,2,DRIVER,,2022400,,JEEP,GRAND CHEROKEE,IL,2014,NONE,SPORT UTILITY VEHICLE (SUV),PERSONAL,NE,SLOW/STOP IN TRAFFIC,,,1,,,,,,,,,,Y,,,,,,,,REAR,,,,,,,,,,,,,,,,,,,,,,,,,,,,,,,,,
2121699,a6c81ad501b225bfed64914adebd4c5f840cf4fcae4dbae2206ed7e92bcec47497cbdccbb5e4aab1c6b4b91127d2398432716905fca79740183d973ad6c1ea90,08/04/2025 03:00:00 PM,1,DRIVER,,2022635,,UNKNOWN,OTHER (EXPLAIN IN NARRATIVE),IL,,UNKNOWN,UNKNOWN/NA,UNKNOWN/NA,UNKNOWN,UNKNOWN/NA,,,1,,,,,,,,,,,,,,,,,,UNKNOWN,,,,,,,,,,,,,,,,,,,,,,,,,,,,,,,,,
2121700,a6c81ad501b225bfed64914adebd4c5f840cf4fcae4dbae2206ed7e92bcec47497cbdccbb5e4aab1c6b4b91127d2398432716905fca79740183d973ad6c1ea90,08/04/2025 03:00:00 PM,2,PARKED,,2022637,,FORD,F150,IL,,UNKNOWN,PICKUP,NOT IN USE,N,PARKED,,,0,,,,,,,,,Y,Y,Y,Y,Y,,,,,UNKNOWN,,,,,,,,,,,,,,,,,,,,,,,,,,,,,,,,,
2121725,c6496a4624ab866846a91ad266e034520d7afce311f5df36b879a8fcd8a76a46f0a0591ff5033cae272163fa3513e4465fcb0415e223142f2a4f5ab8e4c846e5,08/04/2025 03:00:00 PM,1,DRIVER,,2022660,,DODGE,CHALLENGER,IL,2016,NONE,PASSENGER,PERSONAL,N,STRAIGHT AHEAD,,,1,,,,,,,,,,,,,,,,Y,,REAR,,,,,,,,,,,,,,,,,,,,,,,,,,,,,,,,,
2121726,c6496a4624ab866846a91ad266e034520d7afce311f5df36b879a8fcd8a76a46f0a0591ff5033cae272163fa3513e4465fcb0415e223142f2a4f5ab8e4c846e5,08/04/2025 03:00:00 PM,2,DRIVER,,2022655,,BMW,325I,,2001,NONE,PASSENGER,PERSONAL,N,SLOW/STOP IN TRAFFIC,,,1,,,,,,,,,,Y,,,,,,,,REAR,,,,,,,,,,,,,,,,,,,,,,,,,,,,,,,,,
2121500,f420c8b05826e187a92f1d9b148607376560a2a7f002eac3af0736db3b0b68fa8670f9c0d99a32187ba1a2bd03c680b82755ed7b834ff7b2492ba7153b14bb8b,08/04/2025 03:00:00 PM,1,BICYCLE,,,,,,,,,,,,,,,,,,,,,,,,,,,,,,,,,,,,,,,,,,,,,,,,,,,,,,,,,,,,,,,,,,
2121501,f420c8b05826e187a92f1d9b148607376560a2a7f002eac3af0736db3b0b68fa8670f9c0d99a32187ba1a2bd03c680b82755ed7b834ff7b2492ba7153b14bb8b,08/04/2025 03:00:00 PM,2,DRIVER,,2022440,,SUBARU,FORESTER,IL,2015,NONE,SPORT UTILITY VEHICLE (SUV),PERSONAL,S,ENTER FROM DRIVE/ALLEY,,,1,,,,,,,,,,,,,,Y,,,,SIDE-LEFT-FRONT,,,,,,,,,,,,,,,,,,,,,,,,,,,,,,,,,
2121498,847ac59a425c2c1b41e3f8fc74cc60e52d46f59de57e1e3a8d7432dd689aa2b3b3c442aa0ff969ace2f87542d4398ca41664dbced73b2a879ae18660f231aacd,08/04/2025 02:51:00 PM,1,DRIVER,1,2022437,N,NISSAN,ROGUE,WI,2023,NONE,SPORT UTILITY VEHICLE (SUV),PERSONAL,N,STRAIGHT AHEAD,,,2,,,,,Y,Y,,,,,,,,Y,Y,Y,,FRONT,,,,,,,,,,,,,,,,,,,,,,,,,,,,,,,,,
2121499,847ac59a425c2c1b41e3f8fc74cc60e52d46f59de57e1e3a8d7432dd689aa2b3b3c442aa0ff969ace2f87542d4398ca41664dbced73b2a879ae18660f231aacd,08/04/2025 02:51:00 PM,2,DRIVER,,2022457,,HONDA,CR-V,IL,2006,NONE,SPORT UTILITY VEHICLE (SUV),PERSONAL,W,STARTING IN TRAFFIC,Y,,1,,PRIVATE TOW,,,Y,,,,,,,,Y,Y,Y,Y,,FRONT-LEFT-CORNER,,,,,,,,,,,,,,,,,,,,,,,,,,,,,,,,,
2121474,ad8cd9c51a8f2301ffed956de65a892fbc6d97af86d8ee48931762c85cc3ba15853c9164f0ad631e455ac69aea3764fdf0d958c5c12be1f19a3c1aef380577fd,08/04/2025 02:50:00 PM,1,DRIVER,1,2022415,,HONDA,CIVIC,IL,2021,NONE,PASSENGER,PERSONAL,N,PASSING/OVERTAKING,,,2,,,,,,,,,,,,,,,Y,,,FRONT-LEFT-CORNER,,,,,,,,,,,,,,,,,,,,,,,,,,,,,,,,,
2121475,ad8cd9c51a8f2301ffed956de65a892fbc6d97af86d8ee48931762c85cc3ba15853c9164f0ad631e455ac69aea3764fdf0d958c5c12be1f19a3c1aef380577fd,08/04/2025 02:50:00 PM,2,DRIVER,,2022432,,CHEVROLET,SILVERADO,IL,2024,NONE,PICKUP,OTHER,N,CHANGING LANES,,,1,,,,,,Y,,,,,,,,,,,,FRONT-RIGHT-CORNER,,,,,,,,,,,,,,,,,,,,,,,,,,,,,,,,,
2121677,353ffaec49dc67da5bb2f1bdd747ebf51890379316c1c7bf90d5f3dee69e9272cdbd20e992175d15461c67b1297b21a149f6ed5a90b5a56a34bab83d2ea0a7df,08/04/2025 02:45:00 PM,1,DRIVER,,2022615,,CHEVROLET,SILVERADO,IL,2000,UNKNOWN,UNKNOWN/NA,PERSONAL,N,TURNING LEFT,,,1,,,,Y,,,,,,,,,,,,,,FRONT,,,,,,,,,,,,,,,,,,,,,,,,,,,,,,,,,
2121688,353ffaec49dc67da5bb2f1bdd747ebf51890379316c1c7bf90d5f3dee69e9272cdbd20e992175d15461c67b1297b21a149f6ed5a90b5a56a34bab83d2ea0a7df,08/04/2025 02:45:00 PM,2,DRIVER,,2022622,,FORD,VAN,IL,2020,UNKNOWN,VAN/MINI-VAN,TAXI/FOR HIRE,N,STRAIGHT AHEAD,,,1,,,,Y,,,,,,,,,,,,,,SIDE-RIGHT-FRONT,,,,,,,,,,,,,,,,,,,,,,,,,,,,,,,,,
2121660,5959137866e626fd65fbc944ef8e998d0f2ff93bd8d39a0c16a4241922ab4deba6b6022ee9af89dc604a9be9064dd807e41a2ce211914dbe5914ac13ef7469c6,08/04/2025 02:45:00 PM,1,DRIVER,,2022588,,UNKNOWN,OTHER (EXPLAIN IN NARRATIVE),,,UNKNOWN,UNKNOWN/NA,UNKNOWN/NA,S,UNKNOWN/NA,,,1,,,,,,,,,,,,,,,,,Y,UNKNOWN,,,,,,,,,,,,,,,,,,,,,,,,,,,,,,,,,
2121661,5959137866e626fd65fbc944ef8e998d0f2ff93bd8d39a0c16a4241922ab4deba6b6022ee9af89dc604a9be9064dd807e41a2ce211914dbe5914ac13ef7469c6,08/04/2025 02:45:00 PM,2,PARKED,,2022592,,MAZDA,OTHER (EXPLAIN IN NARRATIVE),IL,2021,UNKNOWN,PASSENGER,NOT IN USE,S,PARKED,Y,,0,,private,,,,,,,,,Y,Y,Y,Y,Y,,,SIDE-LEFT,,,,,,,,,,,,,,,,,,,,,,,,,,,,,,,,,
2121436,31f44c46801a273dd2f0cdfce65f42c4e844dd59615154fd255dc545d97f934031059bf792f414b01fa514bd52577c33b3d226521500b1adc251f79ac11e2f6b,08/04/2025 02:40:00 PM,1,DRIVER,,2022374,,FORD,OTHER (EXPLAIN IN NARRATIVE),,,NONE,PASSENGER,PERSONAL,E,STRAIGHT AHEAD,,,1,,,,,,,,,,,,,,,,Y,,FRONT,,,,,,,,,,,,,,,,,,,,,,,,,,,,,,,,,
2121437,31f44c46801a273dd2f0cdfce65f42c4e844dd59615154fd255dc545d97f934031059bf792f414b01fa514bd52577c33b3d226521500b1adc251f79ac11e2f6b,08/04/2025 02:40:00 PM,2,DRIVER,,2022376,,HONDA,ACCORD,IL,2009,NONE,PASSENGER,PERSONAL,E,STRAIGHT AHEAD,,,1,,,,,,,,,,Y,,,,,,,,REAR,,,,,,,,,,,,,,,,,,,,,,,,,,,,,,,,,
2121572,b92e84a6ed5da1ae011e3732eb3634918bb49df151cc7f0677afbb228767b471660528c3a7e7312bc3d3abc11a232944c1d8a8b8795c37fadd997de55b45978e,08/04/2025 02:39:00 PM,1,DRIVER,1,2022510,,PONTIAC,G6,IL,2007,UNKNOWN,PASSENGER,PERSONAL,W,TURNING LEFT,N,,2,,,,,Y,Y,Y,Y,,,,,,,,,,SIDE-RIGHT,,,,,,,,,,,,,,,,,,,,,,,,,,,,,,,,,
2121573,b92e84a6ed5da1ae011e3732eb3634918bb49df151cc7f0677afbb228767b471660528c3a7e7312bc3d3abc11a232944c1d8a8b8795c37fadd997de55b45978e,08/04/2025 02:39:00 PM,2,DRIVER,,2022527,,HYUNDAI,SONATA,TN,2015,UNKNOWN,PASSENGER,PERSONAL,E,STRAIGHT AHEAD,Y,,1,,PRIVATE TOW,RESIDENCE,,,,,,,,,,,,,Y,,FRONT,,,,,,,,,,,,,,,,,,,,,,,,,,,,,,,,,
2121470,84b8b0242ddda1a9c13032103ab0d8f91112dd51202a2822a7304be2887842c10c6d643c7ae7fe4f1d95a38489881d0451b0936eeeb28da93510511d03157da2,08/04/2025 02:35:00 PM,1,DRIVER,,2022410,,UNKNOWN,OTHER (EXPLAIN IN NARRATIVE),,,UNKNOWN,UNKNOWN/NA,UNKNOWN/NA,UNKNOWN,UNKNOWN/NA,,,1,,,,,,,,,,,,,,,,,,UNKNOWN,,,,,,,,,,,,,,,,,,,,,,,,,,,,,,,,,
2121471,84b8b0242ddda1a9c13032103ab0d8f91112dd51202a2822a7304be2887842c10c6d643c7ae7fe4f1d95a38489881d0451b0936eeeb28da93510511d03157da2,08/04/2025 02:35:00 PM,2,PARKED,,2022413,,DODGE,CHALLENGER,IL,2013,UNKNOWN,PASSENGER,PERSONAL,UNKNOWN,PARKED,,,0,,,,,,,,,,,Y,Y,,,,,,REAR-LEFT-CORNER,,,,,,,,,,,,,,,,,,,,,,,,,,,,,,,,,
2121442,7b4849bc3d3f4d1e1b83954d575d8bdc64df50af86d54278e7c2c7f61fc62bf07598702594072ceaca230a62cbadaaf912692a695928d43f46dd1303b5b312fd,08/04/2025 02:33:00 PM,1,DRIVER,,2022381,N,FREIGHTLINER CORPORATION,OTHER (EXPLAIN IN NARRATIVE),IL,2013,UNKNOWN,OTHER,OTHER,N,TURNING LEFT,,,1,,,,Y,,,,,,,,,,,,,,SIDE-LEFT-REAR,,,,,,,,,,,,,,,,,,,,,,,,,,,,,,,,,
2121443,7b4849bc3d3f4d1e1b83954d575d8bdc64df50af86d54278e7c2c7f61fc62bf07598702594072ceaca230a62cbadaaf912692a695928d43f46dd1303b5b312fd,08/04/2025 02:33:00 PM,2,DRIVER,,2022387,,KIA,OPTIMA / K5,IL,2022,UNKNOWN,PASSENGER,PERSONAL,N,TURNING LEFT,,,1,,,,,,,,Y,Y,,,,,,,,,SIDE-RIGHT-REAR,,,,,,,,,,,,,,,,,,,,,,,,,,,,,,,,,
2121449,e74cad3552ed5176f925ad5a22317c391bd7d00dc7aef1963771533cba41c95ed5bbdbf5526e4d73fb5eec58c0ea6433bddfb91029bfbf1fc1dff151b2c38376,08/04/2025 02:30:00 PM,1,DRIVER,1,2022391,,NISSAN,SENTRA,MO,2025,UNKNOWN,PASSENGER,OTHER,E,AVOIDING VEHICLES/OBJECTS,Y,,2,,HERTZ,UNKNOWN,,Y,Y,,,,,,,,Y,Y,Y,,UNKNOWN,,,,,,,,,,,,,,,,,,,,,,,,,,,,,,,,,
2121973,2f321ce15b3955528ac6c82c67d64a7f36a6668c82c70883fb28b5b2dfb4cab3265f0f448b683aee96dedfc80fdef7975831e9495590cb740055244d6dc85dd1,08/04/2025 02:29:00 PM,1,DRIVER,,2022898,,CHEVROLET,EQUINOX,IL,2008,NONE,SPORT UTILITY VEHICLE (SUV),PERSONAL,N,STRAIGHT AHEAD,,,1,,,,Y,,,,,,,,,,,,,,FRONT,,,,,,,,,,,,,,,,,,,,,,,,,,,,,,,,,
2121974,2f321ce15b3955528ac6c82c67d64a7f36a6668c82c70883fb28b5b2dfb4cab3265f0f448b683aee96dedfc80fdef7975831e9495590cb740055244d6dc85dd1,08/04/2025 02:29:00 PM,2,DRIVER,,2022903,,FORD,ESCAPE,IL,2011,NONE,SPORT UTILITY VEHICLE (SUV),PERSONAL,NE,TURNING RIGHT,,,1,,,,,,,,,,Y,Y,,,,,,,REAR-LEFT-CORNER,,,,,,,,,,,,,,,,,,,,,,,,,,,,,,,,,
2121478,3cfe6f49699e0cd7986da070a43a2e6cf8785475cec59a6b1c17c851fa93cff8074d954c646a1022a6d831c0b9baa9661c6ba1e3941d75efac6d44800be93d57,08/04/2025 02:20:00 PM,1,DRIVER,,2022412,,TOYOTA,RAV4,IL,2008,UNKNOWN,PASSENGER,PERSONAL,E,BACKING,,,1,,,,,,,,,,Y,Y,,,,,,,REAR,,,,,,,,,,,,,,,,,,,,,,,,,,,,,,,,,
2121479,3cfe6f49699e0cd7986da070a43a2e6cf8785475cec59a6b1c17c851fa93cff8074d954c646a1022a6d831c0b9baa9661c6ba1e3941d75efac6d44800be93d57,08/04/2025 02:20:00 PM,2,DRIVER,,2022418,,MERCEDES-BENZ,GLC,IL,2019,UNKNOWN,PASSENGER,PERSONAL,N,STRAIGHT AHEAD,,,1,,,,,,,,,,,,,,Y,Y,,,FRONT-LEFT-CORNER,,,,,,,,,,,,,,,,,,,,,,,,,,,,,,,,,
2121399,f8469b8fdeacf05d12786ed53081620024608f28e33072e3c108dd09dfc1e0298e62897ea436cb6dcb9e7873372c2e6f04844174fc1559e9378f594bf874f0c7,08/04/2025 02:20:00 PM,1,DRIVER,2,2022342,,CHEVROLET,SILVERADO,IL,2016,NONE,TRUCK - SINGLE UNIT,PERSONAL,SW,STRAIGHT AHEAD,,,3,,,,,,,,,Y,,,,,,,,,REAR-RIGHT-CORNER,,,,,,,,,,,,,,,,,,,,,,,,,,,,,,,,,
2121400,f8469b8fdeacf05d12786ed53081620024608f28e33072e3c108dd09dfc1e0298e62897ea436cb6dcb9e7873372c2e6f04844174fc1559e9378f594bf874f0c7,08/04/2025 02:20:00 PM,2,DRIVER,1,2022361,,CHEVROLET,BLAZER,IL,2024,NONE,SPORT UTILITY VEHICLE (SUV),PERSONAL,E,STRAIGHT AHEAD,,,2,,,,,,,,,,,Y,,,,,,,REAR-LEFT-CORNER,,,,,,,,,,,,,,,,,,,,,,,,,,,,,,,,,
2121450,5998fd27fb5a74ba7c7a34013ac435f8441893d742c13c960437397ab9800b822976ca3dc38e8fe102eef5200255fd5a0143afb6bad204045907c8aedec29813,08/04/2025 02:15:00 PM,1,DRIVER,,2022389,,CHRYSLER,PACIFICA,IN,2021,UNKNOWN,PASSENGER,PERSONAL,W,BACKING,,,1,,,,,,,,,,Y,,,,,,,,REAR,,,,,,,,,,,,,,,,,,,,,,,,,,,,,,,,,