CRASH_UNIT_ID,CRASH_RECORD_ID,CRASH_DATE,UNIT_NO,UNIT_TYPE,NUM_PASSENGERS,VEHICLE_ID,CMRC_VEH_I,MAKE,MODEL,LIC_PLATE_STATE,VEHICLE_YEAR,VEHICLE_DEFECT,VEHICLE_TYPE,VEHICLE_USE,TRAVEL_DIRECTION,MANEUVER,TOWED_I,FIRE_I,OCCUPANT_CNT,EXCEED_SPEED_LIMIT_I,TOWED_BY,TOWED_TO,AREA_00_I,AREA_01_I,AREA_02_I,AREA_03_I,AREA_04_I,AREA_05_I,AREA_06_I,AREA_07_I,AREA_08_I,AREA_09_I,AREA_10_I,AREA_11_I,AREA_12_I,AREA_99_I,FIRST_CONTACT_POINT,CMV_ID,USDOT_NO,CCMC_NO,ILCC_NO,COMMERCIAL_SRC,GVWR,CARRIER_NAME,CARRIER_STATE,CARRIER_CITY,HAZMAT_PLACARDS_I,HAZMAT_NAME,UN_NO,HAZMAT_PRESENT_I,HAZMAT_REPORT_I,HAZMAT_REPORT_NO,MCS_REPORT_I,MCS_REPORT_NO,HAZMAT_VIO_CAUSE_CRASH_I,MCS_VIO_CAUSE_CRASH_I,IDOT_PERMIT_NO,WIDE_LOAD_I,TRAILER1_WIDTH,TRAILER2_WIDTH,TRAILER1_LENGTH,TRAILER2_LENGTH,TOTAL_VEHICLE_LENGTH,AXLE_CNT,VEHICLE_CONFIG,CARGO_BODY_TYPE,LOAD_TYPE,HAZMAT_OUT_OF_SERVICE_I,MCS_OUT_OF_SERVICE_I,HAZMAT_CLASS
2121451,5998fd27fb5a74ba7c7a34013ac435f8441893d742c13c960437397ab9800b822976ca3dc38e8fe102eef5200255fd5a0143afb6bad204045907c8aedec29813,08/04/2025 02:15:00 PM,2,DRIVER,2,2022401,,HONDA,PILOT,IL,2017,NONE,PASSENGER,PERSONAL,E,SLOW/STOP IN TRAFFIC,,,3,,,,,,,,,Y,Y,Y,,,,,,,REAR,,,,,,,,,,,,,,,,,,,,,,,,,,,,,,,,,
2121403,c220b0037c7f53a22af0fc61942b5c1c813a2b2260086e4faabb5b5a8b0b152d692d2986cda0d22f0b1a8ff2dcd0a316144b733a55772d69801b2f129fddfac7,08/04/2025 02:15:00 PM,1,DRIVER,,2022354,,HYUNDAI,ELANTRA,IL,2024,NONE,PASSENGER,UNKNOWN/NA,S,STRAIGHT AHEAD,,,1,,,,Y,,,,,,,,,,,,,,FRONT,,,,,,,,,,,,,,,,,,,,,,,,,,,,,,,,,
2121404,c220b0037c7f53a22af0fc61942b5c1c813a2b2260086e4faabb5b5a8b0b152d692d2986cda0d22f0b1a8ff2dcd0a316144b733a55772d69801b2f129fddfac7,08/04/2025 02:15:00 PM,2,DRIVER,,2022371,,BUICK,VERANO,IL,2025,UNKNOWN,PASSENGER,PERSONAL,S,STRAIGHT AHEAD,,,1,,,,Y,,,,,,,,,,,,,,REAR,,,,,,,,,,,,,,,,,,,,,,,,,,,,,,,,,
2121370,5a6b5fc04f7d0c8ee24a94b9686ba4c53887ff00abcfa06eeb5dac149d3cd042593ecbb234c232e657f95626d89bb7aaf98cbde927d1facc2dcf589a4d154da3,08/04/2025 02:10:00 PM,1,DRIVER,1,2022316,,FORD,EXPLORER,IL,2004,UNKNOWN,SPORT UTILITY VEHICLE (SUV),PERSONAL,W,STRAIGHT AHEAD,,,2,,,,,,,,,,,,,,,,,Y,FRONT,,,,,,,,,,,,,,,,,,,,,,,,,,,,,,,,,
2121371,5a6b5fc04f7d0c8ee24a94b9686ba4c53887ff00abcfa06eeb5dac149d3cd042593ecbb234c232e657f95626d89bb7aaf98cbde927d1facc2dcf589a4d154da3,08/04/2025 02:10:00 PM,2,DRIVER,1,2022314,,KIA,OPTIMA / K5,IL,2023,NONE,PASSENGER,PERSONAL,W,SLOW/STOP IN TRAFFIC,,,2,,,,,,,,,Y,Y,,,,,,,,REAR,,,,,,,,,,,,,,,,,,,,,,,,,,,,,,,,,
2121381,a5399b98df21bdaf25b07d21d23051e0bac7db7f96323559129c39bd81653e329a023e496ba9a2b07b62d6e456f2baf6f09d48432b2c4087268baf0c934c5f58,08/04/2025 02:10:00 PM,1,DRIVER,,2022328,,FORD,ESCAPE,IL,2021,UNKNOWN,SPORT UTILITY VEHICLE (SUV),STATE OWNED,W,STRAIGHT AHEAD,,,1,,,,,,,,,,,,,,,Y,,,FRONT-LEFT-CORNER,,,,,,,,,,,,,,,,,,,,,,,,,,,,,,,,,
2121382,a5399b98df21bdaf25b07d21d23051e0bac7db7f96323559129c39bd81653e329a023e496ba9a2b07b62d6e456f2baf6f09d48432b2c4087268baf0c934c5f58,08/04/2025 02:10:00 PM,2,DRIVER,,2022332,,NISSAN,ALTIMA,IL,2017,UNKNOWN,PASSENGER,PERSONAL,N,STRAIGHT AHEAD,,,1,,,,,Y,,,,,,,,,,,,,SIDE-LEFT-FRONT,,,,,,,,,,,,,,,,,,,,,,,,,,,,,,,,,
2121414,6c944dfc531a22aa91a5cd4ac8f734a32f93e045ee0d94252db16e6b524f85db4b015a37b324e70d53423a8042424d13d5fd31eb1eacdc599991a1029c724c96,08/04/2025 02:08:00 PM,1,DRIVER,1,2022357,,ACURA,ADX,IL,2020,NONE,PASSENGER,PERSONAL,S,STRAIGHT AHEAD,,,2,,,,,,,,,,,,,,,,Y,,FRONT,,,,,,,,,,,,,,,,,,,,,,,,,,,,,,,,,
2121415,6c944dfc531a22aa91a5cd4ac8f734a32f93e045ee0d94252db16e6b524f85db4b015a37b324e70d53423a8042424d13d5fd31eb1eacdc599991a1029c724c96,08/04/2025 02:08:00 PM,2,DRIVER,3,2022365,,NISSAN,ALTIMA,IL,2008,NONE,PASSENGER,PERSONAL,W,STRAIGHT AHEAD,,,4,,,,,,Y,Y,Y,,,,,,,,,,SIDE-RIGHT,,,,,,,,,,,,,,,,,,,,,,,,,,,,,,,,,
2121779,bebb378580bc047857d5faf66a24c2d8d393dbc7daa33c65cf6fc11c3d6d9b9d7e8b9b88098c8b139d442c0393fe5664fe6ad0812bca07819973d92e1979ff11,08/04/2025 02:07:00 PM,1,DRIVER,,2022708,,CHEVROLET,ASTRO,IL,1999,UNKNOWN,VAN/MINI-VAN,PERSONAL,E,BACKING,,,1,,,,,,,,,,Y,,,,,,,,REAR,,,,,,,,,,,,,,,,,,,,,,,,,,,,,,,,,
2121780,bebb378580bc047857d5faf66a24c2d8d393dbc7daa33c65cf6fc11c3d6d9b9d7e8b9b88098c8b139d442c0393fe5664fe6ad0812bca07819973d92e1979ff11,08/04/2025 02:07:00 PM,2,PARKED,,2022716,,AUDI,A4,IL,2011,NONE,PASSENGER,PERSONAL,E,PARKED,,,0,,,,,,,,,,,,,,,,Y,,FRONT,,,,,,,,,,,,,,,,,,,,,,,,,,,,,,,,,
2121489,3240a7c47e0a8ef0dbe942c2dd40ed854d69a70e9b9f6795cce3cdc425f02f8a376963b606904394bfbc035b9d2e9ecfe27c9e1328935a02e1c379d7a7526837,08/04/2025 02:04:00 PM,1,DRIVER,,2022422,,UNKNOWN,OTHER (EXPLAIN IN NARRATIVE),,,UNKNOWN,UNKNOWN/NA,UNKNOWN/NA,E,STRAIGHT AHEAD,,,1,,,,,Y,Y,,,,,,,,,,,,FRONT-RIGHT-CORNER,,,,,,,,,,,,,,,,,,,,,,,,,,,,,,,,,
2121490,3240a7c47e0a8ef0dbe942c2dd40ed854d69a70e9b9f6795cce3cdc425f02f8a376963b606904394bfbc035b9d2e9ecfe27c9e1328935a02e1c379d7a7526837,08/04/2025 02:04:00 PM,2,PARKED,,2022427,,MAZDA,OTHER (EXPLAIN IN NARRATIVE),IN,2009,UNKNOWN,PASSENGER,PERSONAL,E,PARKED,,,0,,,,,,,,,,,Y,Y,Y,Y,Y,,,REAR-LEFT-CORNER,,,,,,,,,,,,,,,,,,,,,,,,,,,,,,,,,
2121494,2298ad3cf5bcf1285257679c68e94e81beb8916f70f361be7d39900725a2e89e1d7142b99ccf2584fe3c2ceae470d56e2f93c293ca99150bf03c13b3509c17f7,08/04/2025 02:03:00 PM,1,DRIVER,,2022429,,CHEVROLET,MALIBU,IL,2017,UNKNOWN,PASSENGER,PERSONAL,E,TURNING LEFT,,,1,,,,,Y,Y,,,,,,,,Y,Y,Y,,FRONT-RIGHT-CORNER,,,,,,,,,,,,,,,,,,,,,,,,,,,,,,,,,
2121495,2298ad3cf5bcf1285257679c68e94e81beb8916f70f361be7d39900725a2e89e1d7142b99ccf2584fe3c2ceae470d56e2f93c293ca99150bf03c13b3509c17f7,08/04/2025 02:03:00 PM,2,DRIVER,,2022438,,CHEVROLET,SILVERADO,IL,2016,UNKNOWN,PICKUP,PERSONAL,W,STRAIGHT AHEAD,Y,,1,,SUBJECT CALLED HIS OWN TOW,UNK,,Y,,,,,,,,,Y,Y,Y,,FRONT-LEFT-CORNER,,,,,,,,,,,,,,,,,,,,,,,,,,,,,,,,,
2121496,2298ad3cf5bcf1285257679c68e94e81beb8916f70f361be7d39900725a2e89e1d7142b99ccf2584fe3c2ceae470d56e2f93c293ca99150bf03c13b3509c17f7,08/04/2025 02:03:00 PM,3,DRIVER,,2022450,Y,ISUZU,TRUCK,IL,2007,UNKNOWN,TRUCK - SINGLE UNIT,UNKNOWN/NA,W,STRAIGHT AHEAD,,,1,,,,,,,,,,,,,Y,Y,Y,,,SIDE-LEFT,"21,939",1466993,554150,144701,,,E & A TRANSPROS INC,IL,ELK GROVE VILLAGE,,,,,,,,,,,,,,,,,,,"SINGLE UNIT TRUCK, 2 AXLES, 6 TIRES",,,,,
2121497,2298ad3cf5bcf1285257679c68e94e81beb8916f70f361be7d39900725a2e89e1d7142b99ccf2584fe3c2ceae470d56e2f93c293ca99150bf03c13b3509c17f7,08/04/2025 02:03:00 PM,4,DRIVER,,2022460,Y,VOLVO,TRUCK,IL,2015,UNKNOWN,TRACTOR W/ SEMI-TRAILER,UNKNOWN/NA,W,STRAIGHT AHEAD,,,1,,,,,Y,Y,Y,,,,,,,,,Y,,FRONT-RIGHT-CORNER,"21,938",717551,330407,118558,,,"GLOBAL CFS, IBC",IL,BENSENVILLE,,,,,,,,,,,,,,,,,,,TRACTOR/SEMI-TRAILER,FLATBED,OTHER,,,
2121452,70b439ca99760540dc40035ee8982e93bbecf3b22f89efe11fc619fd71d0e3f9761d60a39382e3d40479f3a22afa702aabea9cdbb8b6c4745832ffcf797bcbf5,08/04/2025 02:00:00 PM,1,DRIVER,,2022390,,HYUNDAI,OTHER (EXPLAIN IN NARRATIVE),IL,2019,NONE,PASSENGER,UNKNOWN/NA,W,LEAVING TRAFFIC LANE TO PARK,,,1,,,,Y,,,,,,,,,,,,N,,FRONT,,,,,,,,,,,,,,,,,,,,,,,,,,,,,,,,,
2121453,70b439ca99760540dc40035ee8982e93bbecf3b22f89efe11fc619fd71d0e3f9761d60a39382e3d40479f3a22afa702aabea9cdbb8b6c4745832ffcf797bcbf5,08/04/2025 02:00:00 PM,2,PARKED,,2022399,,JEEP,COMPASS,MI,2024,NONE,PASSENGER,NOT IN USE,W,PARKED,,,0,,,,,,,,,,Y,,,,,,,,REAR,,,,,,,,,,,,,,,,,,,,,,,,,,,,,,,,,
2121454,19df1ade046353a2f63cf63d8c4516b2f1015df2fec835b900583061d75a71d38fe2edcb163fc2aa431135b08ffd491497a20b99f095cc5cd123db2a99d0126a,08/04/2025 01:46:00 PM,1,DRIVER,,2022395,,INFINITI,OTHER (EXPLAIN IN NARRATIVE),IL,2013,UNKNOWN,PASSENGER,PERSONAL,E,STRAIGHT AHEAD,,,1,,,,,,,,,,,,,,Y,Y,Y,,FRONT-RIGHT-CORNER,,,,,,,,,,,,,,,,,,,,,,,,,,,,,,,,,
2121455,19df1ade046353a2f63cf63d8c4516b2f1015df2fec835b900583061d75a71d38fe2edcb163fc2aa431135b08ffd491497a20b99f095cc5cd123db2a99d0126a,08/04/2025 01:46:00 PM,2,DRIVER,1,2022406,,JEEP,PATRIOT,IL,2010,UNKNOWN,PASSENGER,PERSONAL,S,STRAIGHT AHEAD,,,2,,,,,Y,Y,,,,,,,,,Y,Y,,FRONT-RIGHT-CORNER,,,,,,,,,,,,,,,,,,,,,,,,,,,,,,,,,
2121484,3f965f81943ba3fc052b7d4ff7ef171a631d5fb3ceb86f88f4f7eba1e024e2d6d4f7090dcbb6e88b2de09602193ea873c29f47b5cbdf49bec5b8d60b0e32b3e0,08/04/2025 01:34:00 PM,1,DRIVER,,2022426,,NISSAN,ARMADA,IL,2017,UNKNOWN,SPORT UTILITY VEHICLE (SUV),UNKNOWN/NA,W,STRAIGHT AHEAD,,,1,,,,,,,,,,,,,,,,Y,,FRONT,,,,,,,,,,,,,,,,,,,,,,,,,,,,,,,,,
2121485,3f965f81943ba3fc052b7d4ff7ef171a631d5fb3ceb86f88f4f7eba1e024e2d6d4f7090dcbb6e88b2de09602193ea873c29f47b5cbdf49bec5b8d60b0e32b3e0,08/04/2025 01:34:00 PM,2,DRIVER,,2022458,,CHRYSLER,PACIFICA,IL,2018,UNKNOWN,VAN/MINI-VAN,PERSONAL,W,SLOW/STOP IN TRAFFIC,,,1,,,,,,,,,,Y,,,,,,Y,,REAR,,,,,,,,,,,,,,,,,,,,,,,,,,,,,,,,,
2121486,3f965f81943ba3fc052b7d4ff7ef171a631d5fb3ceb86f88f4f7eba1e024e2d6d4f7090dcbb6e88b2de09602193ea873c29f47b5cbdf49bec5b8d60b0e32b3e0,08/04/2025 01:34:00 PM,3,DRIVER,,2022465,,LINCOLN,MKS,IL,2014,UNKNOWN,SPORT UTILITY VEHICLE (SUV),PERSONAL,W,SLOW/STOP IN TRAFFIC,,,1,,,,,,,,,,Y,,,,,,,,REAR,,,,,,,,,,,,,,,,,,,,,,,,,,,,,,,,,
2121393,350fe317bd33ec0d703b4beb8c0a4d10a0d2caa61fd4b806986eb3897b3678fcb3264da454ce622f55026f2eb62e9ffc66000b838e7b90b2eac8c389d02f72d2,08/04/2025 01:30:00 PM,1,DRIVER,,2022341,,FORD,EXPEDITION,FL,2024,BRAKES,SPORT UTILITY VEHICLE (SUV),OTHER,W,STRAIGHT AHEAD,,,1,,,,,Y,,,,,,,,,Y,Y,Y,,FRONT-RIGHT-CORNER,,,,,,,,,,,,,,,,,,,,,,,,,,,,,,,,,
2121394,350fe317bd33ec0d703b4beb8c0a4d10a0d2caa61fd4b806986eb3897b3678fcb3264da454ce622f55026f2eb62e9ffc66000b838e7b90b2eac8c389d02f72d2,08/04/2025 01:30:00 PM,2,PARKED,,2022378,,BUICK,ENVISION,IL,2024,NONE,OTHER,OTHER,W,PARKED,,,0,,,,,,,,,,,,,,Y,Y,,,SIDE-LEFT-FRONT,,,,,,,,,,,,,,,,,,,,,,,,,,,,,,,,,
2121395,350fe317bd33ec0d703b4beb8c0a4d10a0d2caa61fd4b806986eb3897b3678fcb3264da454ce622f55026f2eb62e9ffc66000b838e7b90b2eac8c389d02f72d2,08/04/2025 01:30:00 PM,3,PARKED,,2022382,,JEEP,COMPASS,MO,,NONE,SPORT UTILITY VEHICLE (SUV),OTHER,N,PARKED,,,0,,,,,,,,,Y,Y,Y,,,,,,,REAR,,,,,,,,,,,,,,,,,,,,,,,,,,,,,,,,,
2121396,350fe317bd33ec0d703b4beb8c0a4d10a0d2caa61fd4b806986eb3897b3678fcb3264da454ce622f55026f2eb62e9ffc66000b838e7b90b2eac8c389d02f72d2,08/04/2025 01:30:00 PM,4,PARKED,,2022388,,TOYOTA,CAMRY,RI,2025,NONE,PASSENGER,OTHER,S,PARKED,,,0,,,,,Y,,,,,,,,,,Y,Y,,FRONT,,,,,,,,,,,,,,,,,,,,,,,,,,,,,,,,,
2121456,42ec0d72c49fd94017d8e46138361bbf36038bbaa1ea3e9392de6060c9a4d1e12bc857625cf60071b164521144668fc626181fad96552bd5136fe594534319c9,08/04/2025 01:30:00 PM,1,DRIVER,,2022396,,NISSAN,ROGUE,IL,2020,UNKNOWN,UNKNOWN/NA,PERSONAL,N,STRAIGHT AHEAD,,,1,,,,,,,,,,,,,,,,Y,,FRONT,,,,,,,,,,,,,,,,,,,,,,,,,,,,,,,,,
2121457,42ec0d72c49fd94017d8e46138361bbf36038bbaa1ea3e9392de6060c9a4d1e12bc857625cf60071b164521144668fc626181fad96552bd5136fe594534319c9,08/04/2025 01:30:00 PM,2,DRIVER,,2022407,,CHEVROLET,IMPALA,IL,2007,UNKNOWN,PASSENGER,PERSONAL,E,STRAIGHT AHEAD,Y,,1,,UNKNOWN,UNKNOWN,,Y,Y,,,,,,,,,,,,FRONT-RIGHT-CORNER,,,,,,,,,,,,,,,,,,,,,,,,,,,,,,,,,
2121420,c91ae673cfa0e46bc87d0eebe513f7a539bfda8203096ce60600ff6299e6ec0d67f9030d1c12601690bc2ce29be8ad1e2dfcf38f5628f91f6d6eca4baee479cf,08/04/2025 01:30:00 PM,1,DRIVER,,2022362,,CHEVROLET,EQUINOX,IL,2017,NONE,PASSENGER,PERSONAL,N,TURNING LEFT,,,1,,,,,Y,Y,Y,Y,,,,,,,,,,SIDE-RIGHT,,,,,,,,,,,,,,,,,,,,,,,,,,,,,,,,,
2121421,c91ae673cfa0e46bc87d0eebe513f7a539bfda8203096ce60600ff6299e6ec0d67f9030d1c12601690bc2ce29be8ad1e2dfcf38f5628f91f6d6eca4baee479cf,08/04/2025 01:30:00 PM,2,DRIVER,,2022372,,NISSAN,ROGUE,IL,2015,NONE,PASSENGER,PERSONAL,S,STRAIGHT AHEAD,Y,,1,,PRIVATE TOW,PRIVATE LOC,,Y,,,,,,,,,,Y,Y,,FRONT,,,,,,,,,,,,,,,,,,,,,,,,,,,,,,,,,
2121962,e64f8014635e8542415c22f5b435e8469a34e3cde568fb3380f45a82dff1ce851d6d9bed702529c0d6802e091df9aa218067b7791f01b3159bdec9fac30ba462,08/04/2025 01:30:00 PM,1,DRIVER,,2022887,,NISSAN,ROGUE,IL,2016,UNKNOWN,PASSENGER,PERSONAL,S,U-TURN,,,1,,,,,,,,,,,,,Y,Y,Y,,,SIDE-LEFT,,,,,,,,,,,,,,,,,,,,,,,,,,,,,,,,,
2121963,e64f8014635e8542415c22f5b435e8469a34e3cde568fb3380f45a82dff1ce851d6d9bed702529c0d6802e091df9aa218067b7791f01b3159bdec9fac30ba462,08/04/2025 01:30:00 PM,2,DRIVER,,2022896,,CHEVROLET,TRAX,IL,2017,UNKNOWN,PASSENGER,PERSONAL,S,STRAIGHT AHEAD,,,1,,,,,Y,Y,,,,,,,,,,,,FRONT-RIGHT-CORNER,,,,,,,,,,,,,,,,,,,,,,,,,,,,,,,,,
2121635,172a6a132b328809bbc22db05eb0824900bfab2a747f620631819b519bb89ef5227100443610c068581c6548e73e1c42d5edff8b7942df56276adfb2cb00f1f7,08/04/2025 01:15:00 PM,1,DRIVER,,2022568,,TESLA,OTHER (EXPLAIN IN NARRATIVE),,,UNKNOWN,UNKNOWN/NA,UNKNOWN/NA,N,UNKNOWN/NA,,,1,,,,,,,,,,,,,,,,,Y,SIDE-RIGHT,,,,,,,,,,,,,,,,,,,,,,,,,,,,,,,,,
2121636,172a6a132b328809bbc22db05eb0824900bfab2a747f620631819b519bb89ef5227100443610c068581c6548e73e1c42d5edff8b7942df56276adfb2cb00f1f7,08/04/2025 01:15:00 PM,2,PARKED,,2022571,,TOYOTA,COROLLA,IL,2010,UNKNOWN,PASSENGER,PERSONAL,N,PARKED,,,0,,,,,,,,,,,Y,Y,Y,Y,Y,,,SIDE-LEFT,,,,,,,,,,,,,,,,,,,,,,,,,,,,,,,,,
2121375,5abf3347b8e933865681e0c733e85d30cc0ff7c05d913ec511f3c162abe03bd81f23c3c193a9d7b11c475069109afbbeef4f940eeb7a9dc1eb2c7fc33d7fc4ad,08/04/2025 01:15:00 PM,1,BICYCLE,,,,,,,,,,,,,,,,,,,,,,,,,,,,,,,,,,,,,,,,,,,,,,,,,,,,,,,,,,,,,,,,,,
2121376,5abf3347b8e933865681e0c733e85d30cc0ff7c05d913ec511f3c162abe03bd81f23c3c193a9d7b11c475069109afbbeef4f940eeb7a9dc1eb2c7fc33d7fc4ad,08/04/2025 01:15:00 PM,2,DRIVER,,2022326,,BMW,3 SERIES,IL,2017,NONE,PASSENGER,PERSONAL,S,TURNING LEFT,,,1,,,,,,,,,,,,,,,,,,SIDE-RIGHT-REAR,,,,,,,,,,,,,,,,,,,,,,,,,,,,,,,,,
2126382,b92315d7a86415f2aa49eb853b1cf93ecdd939035321aed0f00628d18125457f07b8a87b2a1f6ff04be048c0fa6524cc2a9748f862a19af1fb4943c99b222051,08/04/2025 01:15:00 PM,1,DRIVER,,2027075,,PONTIAC,VIBE,IL,2008,UNKNOWN,PASSENGER,PERSONAL,S,STRAIGHT AHEAD,,,1,,,,,Y,,,,,,,,,,Y,Y,,FRONT,,,,,,,,,,,,,,,,,,,,,,,,,,,,,,,,,
2126383,b92315d7a86415f2aa49eb853b1cf93ecdd939035321aed0f00628d18125457f07b8a87b2a1f6ff04be048c0fa6524cc2a9748f862a19af1fb4943c99b222051,08/04/2025 01:15:00 PM,2,DRIVER,,2027076,,MERCEDES-BENZ,C300,IL,2020,UNKNOWN,PASSENGER,PERSONAL,E,STRAIGHT AHEAD,,,1,,,,,,,,,,,,Y,Y,Y,,,,SIDE-LEFT,,,,,,,,,,,,,,,,,,,,,,,,,,,,,,,,,
2121408,23ef28dcbed9c2844b056689b7a99e5ef7f54107565288e670b178d067f4f770cb3d80e8fd8e7e9892dc25cadaf47e5b0b4c3dfbd1e4b0babe2e8fe61fc79316,08/04/2025 01:13:00 PM,1,DRIVER,,2022358,,FORD,VAN,IL,2021,UNKNOWN,VAN/MINI-VAN,COMMERCIAL - SINGLE UNIT,E,MERGING,,,1,,,,,,,,,,,,,,,,,Y,SIDE-LEFT,,,,,,,,,,,,,,,,,,,,,,,,,,,,,,,,,
2121409,23ef28dcbed9c2844b056689b7a99e5ef7f54107565288e670b178d067f4f770cb3d80e8fd8e7e9892dc25cadaf47e5b0b4c3dfbd1e4b0babe2e8fe61fc79316,08/04/2025 01:13:00 PM,2,DRIVER,,2022370,,SUBARU,OUTBACK,IL,2024,UNKNOWN,PASSENGER,PERSONAL,E,STRAIGHT AHEAD,,,1,,,,,Y,Y,,,,,,,,,,,,FRONT-RIGHT-CORNER,,,,,,,,,,,,,,,,,,,,,,,,,,,,,,,,,
2121373,f6abaabda2c14f7d1869e393b40af9b15f3a284dd47e01f05762b99901bf73ecee85f03f664634c1fce686d7f67cd160185f8c5a230faf9cf5a80b2d5929c457,08/04/2025 01:10:00 PM,1,DRIVER,,2022318,,FORD,EXPLORER,IL,2018,UNKNOWN,SPORT UTILITY VEHICLE (SUV),PERSONAL,UNKNOWN,CHANGING LANES,,,1,,,,,,Y,Y,Y,,,,,,,,,,SIDE-RIGHT,,,,,,,,,,,,,,,,,,,,,,,,,,,,,,,,,
2121374,f6abaabda2c14f7d1869e393b40af9b15f3a284dd47e01f05762b99901bf73ecee85f03f664634c1fce686d7f67cd160185f8c5a230faf9cf5a80b2d5929c457,08/04/2025 01:10:00 PM,2,DRIVER,,2022323,,MERCEDES-BENZ,C-CLASS,IL,2018,UNKNOWN,PASSENGER,PERSONAL,UNKNOWN,STRAIGHT AHEAD,,,1,,,,,,,,,,,,,,Y,Y,,,FRONT-LEFT-CORNER,,,,,,,,,,,,,,,,,,,,,,,,,,,,,,,,,
2121492,d4ef0f8f246940eb36d6bec94cb0f83593b0589636367b5dcbe223b3cb34d16d9498e9783a0edc52dc47411484cac7373398ce629ed7cc6c95fcd6a92689424c,08/04/2025 01:00:00 PM,1,DRIVER,,2022428,,DODGE,RAM 2500 VAN,IL,2021,UNKNOWN,VAN/MINI-VAN,PERSONAL,S,UNKNOWN/NA,,,1,,,,,,,,,,,,Y,Y,Y,,,,SIDE-LEFT,,,,,,,,,,,,,,,,,,,,,,,,,,,,,,,,,
2121493,d4ef0f8f246940eb36d6bec94cb0f83593b0589636367b5dcbe223b3cb34d16d9498e9783a0edc52dc47411484cac7373398ce629ed7cc6c95fcd6a92689424c,08/04/2025 01:00:00 PM,2,DRIVER,,2022433,,FORD,TRANSIT,IL,2020,UNKNOWN,BUS UP TO 15 PASS.,OTHER,S,SLOW/STOP IN TRAFFIC,,,1,,,,,,,,,,,,,,Y,,,,SIDE-LEFT,,,,,,,,,,,,,,,,,,,,,,,,,,,,,,,,,
2121356,dcc295c6092c6029d619f02d3180df13f90216016b08bb96826e181e4927badb41dc6f5c51c0e1a7c36605c54080b02bca394be7446e21038fba24d69102fbf0,08/04/2025 01:00:00 PM,2,DRIVER,,2022297,,TOYOTA,COROLLA,IL,2018,UNKNOWN,UNKNOWN/NA,PERSONAL,E,SLOW/STOP IN TRAFFIC,,,1,,,,Y,,,,,,Y,,,,,,,,REAR,,,,,,,,,,,,,,,,,,,,,,,,,,,,,,,,,
2121357,dcc295c6092c6029d619f02d3180df13f90216016b08bb96826e181e4927badb41dc6f5c51c0e1a7c36605c54080b02bca394be7446e21038fba24d69102fbf0,08/04/2025 01:00:00 PM,1,DRIVER,,2022311,,KIA,RIO / K2,,2013,UNKNOWN,PASSENGER,PERSONAL,E,STRAIGHT AHEAD,,,1,,,,Y,,,,,,,,,,,,Y,,FRONT,,,,,,,,,,,,,,,,,,,,,,,,,,,,,,,,,
2121372,fe943151da9cebc948865f60fc5ffc8aa1869ac806a3da8f0a6d6e37af930546da4fa4152fbeff9e4b898228fd6ff1631e805e7eeb43f4b1205b0a07cb6f8978,08/04/2025 12:55:00 PM,1,DRIVER,,2022321,,FORD,ECONOLINE E350,IL,2026,NONE,TRUCK - SINGLE UNIT,OTHER,E,BACKING,,,1,,,,,,,,,,,,Y,,,,,,SIDE-LEFT-REAR,,,,,,,,,,,,,,,,,,,,,,,,,,,,,,,,,
2121401,c057f555515717920a77265b058751ca201c6fba80b849120a9e8d43cbca4df9ee4d46517096ae1fd1ae8750b568aacc245fb39c89db3d98bea6835a7d1821e2,08/04/2025 12:50:00 PM,1,DRIVER,,2022346,,LAND ROVER,RANGE ROVER (EVOQUE / SPORT / VELAR),IL,2016,UNKNOWN,SPORT UTILITY VEHICLE (SUV),PERSONAL,UNKNOWN,ENTERING TRAFFIC LANE FROM PARKING,,,1,,,,,,,,,,,,,Y,,,,,OTHER,,,,,,,,,,,,,,,,,,,,,,,,,,,,,,,,,
2121402,c057f555515717920a77265b058751ca201c6fba80b849120a9e8d43cbca4df9ee4d46517096ae1fd1ae8750b568aacc245fb39c89db3d98bea6835a7d1821e2,08/04/2025 12:50:00 PM,2,DRIVER,,2022359,,ALFA ROMEO,STELVIO,IL,2019,UNKNOWN,UNKNOWN/NA,NOT IN USE,S,STRAIGHT AHEAD,,,1,,,,,Y,,,,,,,,,,,,,FRONT-RIGHT-CORNER,,,,,,,,,,,,,,,,,,,,,,,,,,,,,,,,,
2121418,14e8d033ea90b52d6b57c0796f2e3907bdb4f9d889f8c4f636aed4715a6724bace78f56faad04e8e05e8efd6acc601be6560afc83b16db87a2240d057a509086,08/04/2025 12:48:00 PM,2,DRIVER,,2022386,,HYUNDAI,TUCSON,IL,2000,NONE,PASSENGER,PERSONAL,S,TURNING LEFT,,,1,,,,Y,,,,,,,Y,Y,Y,Y,Y,,,SIDE-LEFT-FRONT,,,,,,,,,,,,,,,,,,,,,,,,,,,,,,,,,
2121419,14e8d033ea90b52d6b57c0796f2e3907bdb4f9d889f8c4f636aed4715a6724bace78f56faad04e8e05e8efd6acc601be6560afc83b16db87a2240d057a509086,08/04/2025 12:48:00 PM,1,DRIVER,,2022405,,CHEVROLET,TRAX,IL,2021,UNKNOWN,PASSENGER,UNKNOWN/NA,W,TURNING LEFT,,,1,,,,Y,Y,Y,Y,Y,Y,,,,,,,,,SIDE-RIGHT-FRONT,,,,,,,,,,,,,,,,,,,,,,,,,,,,,,,,,