CRASH_UNIT_ID,CRASH_RECORD_ID,CRASH_DATE,UNIT_NO,UNIT_TYPE,NUM_PASSENGERS,VEHICLE_ID,CMRC_VEH_I,MAKE,MODEL,LIC_PLATE_STATE,VEHICLE_YEAR,VEHICLE_DEFECT,VEHICLE_TYPE,VEHICLE_USE,TRAVEL_DIRECTION,MANEUVER,TOWED_I,FIRE_I,OCCUPANT_CNT,EXCEED_SPEED_LIMIT_I,TOWED_BY,TOWED_TO,AREA_00_I,AREA_01_I,AREA_02_I,AREA_03_I,AREA_04_I,AREA_05_I,AREA_06_I,AREA_07_I,AREA_08_I,AREA_09_I,AREA_10_I,AREA_11_I,AREA_12_I,AREA_99_I,FIRST_CONTACT_POINT,CMV_ID,USDOT_NO,CCMC_NO,ILCC_NO,COMMERCIAL_SRC,GVWR,CARRIER_NAME,CARRIER_STATE,CARRIER_CITY,HAZMAT_PLACARDS_I,HAZMAT_NAME,UN_NO,HAZMAT_PRESENT_I,HAZMAT_REPORT_I,HAZMAT_REPORT_NO,MCS_REPORT_I,MCS_REPORT_NO,HAZMAT_VIO_CAUSE_CRASH_I,MCS_VIO_CAUSE_CRASH_I,IDOT_PERMIT_NO,WIDE_LOAD_I,TRAILER1_WIDTH,TRAILER2_WIDTH,TRAILER1_LENGTH,TRAILER2_LENGTH,TOTAL_VEHICLE_LENGTH,AXLE_CNT,VEHICLE_CONFIG,CARGO_BODY_TYPE,LOAD_TYPE,HAZMAT_OUT_OF_SERVICE_I,MCS_OUT_OF_SERVICE_I,HAZMAT_CLASS
2121324,24d494276036a78cb7a3bd4a8005505d68a2605c1aecf177be7a3455875968c9682aac4141c0261877005194d5909b46e11f44291d7c22769f58a34204c377b5,08/04/2025 12:45:00 PM,1,DRIVER,,2022264,,JEEP,LAREDO,IL,2012,NONE,SPORT UTILITY VEHICLE (SUV),PERSONAL,W,STRAIGHT AHEAD,,,1,,,,,,,,,,,,,,,Y,Y,,FRONT-LEFT-CORNER,,,,,,,,,,,,,,,,,,,,,,,,,,,,,,,,,
2121325,24d494276036a78cb7a3bd4a8005505d68a2605c1aecf177be7a3455875968c9682aac4141c0261877005194d5909b46e11f44291d7c22769f58a34204c377b5,08/04/2025 12:45:00 PM,2,DRIVER,,2022273,,HONDA,ACCORD,IL,2008,NONE,PASSENGER,PERSONAL,W,SLOW/STOP IN TRAFFIC,,,1,,,,,,,,,Y,Y,,,,,,,,REAR,,,,,,,,,,,,,,,,,,,,,,,,,,,,,,,,,
2121525,69b0d2860ca0ab350ca2c87f8f6ff5f81453955d6f9bc73a8a38654f27219bfca9721196330d6ac4974f17edce626505f06e95c754dd9fef5542132d077a28c7,08/04/2025 12:40:00 PM,1,DRIVER,,2022467,,DODGE,DURANGO,,2000,UNKNOWN,PASSENGER,UNKNOWN/NA,N,STRAIGHT AHEAD,,,1,,,,Y,Y,Y,Y,Y,Y,,,,,,,,,SIDE-RIGHT,,,,,,,,,,,,,,,,,,,,,,,,,,,,,,,,,
2121526,69b0d2860ca0ab350ca2c87f8f6ff5f81453955d6f9bc73a8a38654f27219bfca9721196330d6ac4974f17edce626505f06e95c754dd9fef5542132d077a28c7,08/04/2025 12:40:00 PM,2,DRIVER,1,2022470,,HONDA,ACCORD,IL,2024,NONE,PASSENGER,OTHER,N,STRAIGHT AHEAD,,,2,,,,Y,,,,,,,Y,Y,Y,Y,Y,,,SIDE-LEFT,,,,,,,,,,,,,,,,,,,,,,,,,,,,,,,,,
2121366,6e71072a4d5d2e2f613310e8f01cceaed0ab342ff547f76db8de74e1b3848d398deb5c6303f7544b9d93291ad915763c003df5d0e1c1709a845e81b2fbdcc76b,08/04/2025 12:40:00 PM,1,DRIVER,,2022306,,UNKNOWN,OTHER (EXPLAIN IN NARRATIVE),,,UNKNOWN,UNKNOWN/NA,UNKNOWN/NA,N,STRAIGHT AHEAD,,,1,,,,,,,,,,,,,,,,,Y,UNKNOWN,,,,,,,,,,,,,,,,,,,,,,,,,,,,,,,,,
2121367,6e71072a4d5d2e2f613310e8f01cceaed0ab342ff547f76db8de74e1b3848d398deb5c6303f7544b9d93291ad915763c003df5d0e1c1709a845e81b2fbdcc76b,08/04/2025 12:40:00 PM,2,PARKED,1,2022312,,FORD,OTHER (EXPLAIN IN NARRATIVE),IL,2020,NONE,BUS OVER 15 PASS.,OTHER,N,PARKED,,,1,,,,Y,,,,,,,,,,,,,,NONE,,,,,,,,,,,,,,,,,,,,,,,,,,,,,,,,,
2121328,9cdd0d5f54393a97de5eb57a141a6448ea081f1051515562687acd9d4a0725d8ca655fea7b128c71b8487b35dde4d4ef8a6ad58e9ddd7c84e02fbc25762a0522,08/04/2025 12:40:00 PM,1,DRIVER,,2022267,,HYUNDAI,OTHER (EXPLAIN IN NARRATIVE),IL,2020,NONE,SPORT UTILITY VEHICLE (SUV),PERSONAL,S,STRAIGHT AHEAD,,,1,,,,,,,,,,,,,,,Y,,,FRONT-LEFT-CORNER,,,,,,,,,,,,,,,,,,,,,,,,,,,,,,,,,
2121329,9cdd0d5f54393a97de5eb57a141a6448ea081f1051515562687acd9d4a0725d8ca655fea7b128c71b8487b35dde4d4ef8a6ad58e9ddd7c84e02fbc25762a0522,08/04/2025 12:40:00 PM,2,DRIVER,,2022274,,CHEVROLET,TRAX,IL,2021,NONE,SPORT UTILITY VEHICLE (SUV),PERSONAL,W,STRAIGHT AHEAD,,,1,,,,,Y,,,,,,,,,,,,,FRONT-RIGHT-CORNER,,,,,,,,,,,,,,,,,,,,,,,,,,,,,,,,,
2121319,8d106c549a13b62dee9e6b2a492784e1842e5dd56f608afea26c89f79bb83f7071192b00bd1d8fc1bb2a816e74de448a29436fbc977219b67575a854f9eb89da,08/04/2025 12:35:00 PM,1,DRIVER,,2022261,,FORD,EDGE,IL,2011,UNKNOWN,SPORT UTILITY VEHICLE (SUV),UNKNOWN/NA,N,STRAIGHT AHEAD,,,1,,,,,,,,,,,,,,,,,Y,FRONT,,,,,,,,,,,,,,,,,,,,,,,,,,,,,,,,,
2121320,8d106c549a13b62dee9e6b2a492784e1842e5dd56f608afea26c89f79bb83f7071192b00bd1d8fc1bb2a816e74de448a29436fbc977219b67575a854f9eb89da,08/04/2025 12:35:00 PM,2,DRIVER,,2022270,,KIA,FORTE,IL,2017,UNKNOWN,PASSENGER,UNKNOWN/NA,N,SLOW/STOP IN TRAFFIC,,,1,,,,,,,,,,Y,,,,,,,,REAR,,,,,,,,,,,,,,,,,,,,,,,,,,,,,,,,,
2121405,0988c3c73f2a391e7fedfc99e2077ce6c27e56ab61d252e2552027109fc2f8a896b334409b86f268d8b8f2258ba6df3eb5a9e5b238dead46ecef26e98ad4d4e6,08/04/2025 12:31:00 PM,1,DRIVER,1,2022347,,TOYOTA,PRIUS,IL,2013,UNKNOWN,PASSENGER,UNKNOWN/NA,E,STRAIGHT AHEAD,,,2,,,,,Y,,,,,,,,,,Y,Y,,FRONT,,,,,,,,,,,,,,,,,,,,,,,,,,,,,,,,,
2121318,3c5f3f4c9a49f25e07023a26dfd9d7d7e88ad5c5ddab916b4ecbbac8491219d84c96179044fb0364d1fe78f636ded89ffaa9170134928f5f7db4dc6496ff1ceb,08/04/2025 12:30:00 PM,1,DRIVER,,2022271,Y,WANAMAKER TRAILER,WANAMAKER TRAILER,,2023,NONE,TRACTOR W/ SEMI-TRAILER,COMMERCIAL - SINGLE UNIT,S,BACKING,,,1,,,,,,,,,,,Y,,,,,,,REAR-LEFT-CORNER,"21,936",,,,,,,,,,,,,,,,,,,,,,,,,,,TRACTOR/SEMI-TRAILER,VAN/ENCLOSED BOX,OTHER,,,
2121334,d3b5ffd812e33421a87cb5a3f3dcc1f5c058b1088fbadd7c5f7e6b2d3f5b37bbffb1f8bdd3e989ba7714be052f5ba7fc2d623866c6842272183e1e6f6bc0ebb5,08/04/2025 12:25:00 PM,1,DRIVER,,2022282,,CHEVROLET,EQUINOX,IL,2015,NONE,SPORT UTILITY VEHICLE (SUV),PERSONAL,S,BACKING,,,1,,,,,,,,,,Y,,,,,,,,REAR,,,,,,,,,,,,,,,,,,,,,,,,,,,,,,,,,
2121335,d3b5ffd812e33421a87cb5a3f3dcc1f5c058b1088fbadd7c5f7e6b2d3f5b37bbffb1f8bdd3e989ba7714be052f5ba7fc2d623866c6842272183e1e6f6bc0ebb5,08/04/2025 12:25:00 PM,2,PEDESTRIAN,,,,,,,,,,,,,,,,,,,,,,,,,,,,,,,,,,,,,,,,,,,,,,,,,,,,,,,,,,,,,,,,,,
2121819,8796b6f95359d3f8bb098eb6f82883349d4442d1b6d7efdbcfbd6b41f57a04060c695483f3f2b1fd7362536fffebd230564a3da7dba381f2d9698ff42825fa7e,08/04/2025 12:20:00 PM,1,DRIVER,3,2022750,,FORD,ESCAPE,IL,2019,UNKNOWN,PASSENGER,PERSONAL,UNKNOWN,BACKING,,,4,,,,,,,,Y,Y,Y,N,,,,,N,,REAR-RIGHT-CORNER,,,,,,,,,,,,,,,,,,,,,,,,,,,,,,,,,
2121820,8796b6f95359d3f8bb098eb6f82883349d4442d1b6d7efdbcfbd6b41f57a04060c695483f3f2b1fd7362536fffebd230564a3da7dba381f2d9698ff42825fa7e,08/04/2025 12:20:00 PM,2,DRIVER,3,2022751,,CHRYSLER,PACIFICA,IL,2022,NONE,PASSENGER,PERSONAL,UNKNOWN,STRAIGHT AHEAD,,,4,,,,,,,,,,Y,Y,Y,,,,,,REAR-LEFT-CORNER,,,,,,,,,,,,,,,,,,,,,,,,,,,,,,,,,
2121352,d870c77ca83fc12f6eee4f14a0fcf5383ad2efaa80bcaaa4956c58f3147213e3d28b1e4d1e58f3412cb639a238ec9435561fe30489a9cc12841ba0fbca4d9cc2,08/04/2025 12:20:00 PM,1,DRIVER,,2022305,,NISSAN,SENTRA,IL,2017,NONE,PASSENGER,PERSONAL,N,STRAIGHT AHEAD,,,1,,,,,Y,,,,,,,,,,Y,Y,,FRONT,,,,,,,,,,,,,,,,,,,,,,,,,,,,,,,,,
2121353,d870c77ca83fc12f6eee4f14a0fcf5383ad2efaa80bcaaa4956c58f3147213e3d28b1e4d1e58f3412cb639a238ec9435561fe30489a9cc12841ba0fbca4d9cc2,08/04/2025 12:20:00 PM,2,DRIVER,,2022307,,HYUNDAI,OTHER (EXPLAIN IN NARRATIVE),IL,2013,NONE,PASSENGER,PERSONAL,N,STRAIGHT AHEAD,,,1,,,,,,,,,Y,Y,Y,,,,,,,REAR,,,,,,,,,,,,,,,,,,,,,,,,,,,,,,,,,
2121300,0615c09d5688d77e981111f696b23b8d4b6ce990882d61a925445916b436757aceaf38566dd89755604f12f1d08e32af4e9ccb3f62024e42b1fa5ee780aaa97f,08/04/2025 12:10:00 PM,1,DRIVER,,2022246,,LINCOLN,TOWNCAR,IL,2003,NONE,PASSENGER,PERSONAL,W,STRAIGHT AHEAD,,,1,,,,,Y,Y,Y,Y,Y,,,,,,,,,FRONT-RIGHT-CORNER,,,,,,,,,,,,,,,,,,,,,,,,,,,,,,,,,
2121301,0615c09d5688d77e981111f696b23b8d4b6ce990882d61a925445916b436757aceaf38566dd89755604f12f1d08e32af4e9ccb3f62024e42b1fa5ee780aaa97f,08/04/2025 12:10:00 PM,2,DRIVER,,2022249,Y,"PETERBILT MOTORS COMPANY (DIVISION OF PACCAR, INC.)","PETERBILT MOTORS CO., DIVISION PACCAR, INC.",,1997,NONE,TRACTOR W/ SEMI-TRAILER,COMMERCIAL - SINGLE UNIT,W,STRAIGHT AHEAD,,,1,,,,,,,,,,,Y,Y,Y,Y,,,,REAR-LEFT-CORNER,"21,933",952864,136249,,SIDE OF TRUCK,3,AVINA TRANSPORTATION INC,IL,DES PLAINES,,,,N,N,,N,,,N,,,0-96,,53,,,5,TRACTOR/SEMI-TRAILER,VAN/ENCLOSED BOX,UNKNOWN,N,N,
2121340,3f3c377c3782dfeebd5ec96eae13f0a8c2a66a41afa44fee309280756fbc4ce9b3b992117249babb3967f74b1d50a6c0823dea0bdd80e9bea1e86e9f18a7f7d3,08/04/2025 12:10:00 PM,1,DRIVER,3,2022285,,FORD,ESCAPE,IL,2014,UNKNOWN,PASSENGER,PERSONAL,N,STRAIGHT AHEAD,,,4,,,,,Y,Y,,,,,,,,,,Y,,FRONT-RIGHT-CORNER,,,,,,,,,,,,,,,,,,,,,,,,,,,,,,,,,
2121341,3f3c377c3782dfeebd5ec96eae13f0a8c2a66a41afa44fee309280756fbc4ce9b3b992117249babb3967f74b1d50a6c0823dea0bdd80e9bea1e86e9f18a7f7d3,08/04/2025 12:10:00 PM,2,DRIVER,,2022294,,TESLA,MODEL 3,IL,2020,UNKNOWN,PASSENGER,PERSONAL,N,STRAIGHT AHEAD,,,1,,,,,,,,,,,Y,Y,,,,,,SIDE-RIGHT-REAR,,,,,,,,,,,,,,,,,,,,,,,,,,,,,,,,,
2121377,57932bfe88cc93b36ccbb89bb97e3f4a7a9ca3fb2f379b40f637a208d2e41b72af5f59a620929473fd767a07474f274b6087ab5cbef4e5b1cf7769f6b9107a00,08/04/2025 12:10:00 PM,1,DRIVER,2,2022322,,TOYOTA,COROLLA,IL,2011,NONE,PASSENGER,PERSONAL,W,OTHER,,,3,,,,,,,,,,,,,Y,,,,,SIDE-LEFT,,,,,,,,,,,,,,,,,,,,,,,,,,,,,,,,,
2121378,57932bfe88cc93b36ccbb89bb97e3f4a7a9ca3fb2f379b40f637a208d2e41b72af5f59a620929473fd767a07474f274b6087ab5cbef4e5b1cf7769f6b9107a00,08/04/2025 12:10:00 PM,2,DRIVER,,2022333,,LEXUS,RX350,IL,2011,NONE,SPORT UTILITY VEHICLE (SUV),PERSONAL,W,OTHER,,,1,,,,,,,Y,,,,,,,,,,,SIDE-RIGHT,,,,,,,,,,,,,,,,,,,,,,,,,,,,,,,,,
2121332,d720d5091fc641f8f3e3582fa6ea2eba4cb6a489fa745e30ff5e24a81c25b61b0b74f6d64364094d30ca4568c08a77973382b943672363e73ca1d652cafb1416,08/04/2025 12:03:00 PM,1,DRIVER,1,2022280,,VOLKSWAGEN,ATLAS,IL,2023,UNKNOWN,PASSENGER,UNKNOWN/NA,UNKNOWN,STRAIGHT AHEAD,,,2,,,,,,,,,,,,,,,,,Y,FRONT,,,,,,,,,,,,,,,,,,,,,,,,,,,,,,,,,
2121333,d720d5091fc641f8f3e3582fa6ea2eba4cb6a489fa745e30ff5e24a81c25b61b0b74f6d64364094d30ca4568c08a77973382b943672363e73ca1d652cafb1416,08/04/2025 12:03:00 PM,2,PEDESTRIAN,,,,,,,,,,,,,,,,,,,,,,,,,,,,,,,,,,,,,,,,,,,,,,,,,,,,,,,,,,,,,,,,,,
2121314,8f21b93c7841f40876e72f1fcd4fead6c4b7e83d36f0391f1d9f25ce60825a6649983e856cf17354dca96435b71321f8ea1dd54d32e1e93d32434ec84666b3cd,08/04/2025 12:02:00 PM,2,DRIVER,1,2022266,,NISSAN,ROGUE,IL,2023,NONE,SPORT UTILITY VEHICLE (SUV),PERSONAL,S,STRAIGHT AHEAD,,,2,,,,,Y,Y,,,,,,,,,,,,FRONT-RIGHT-CORNER,,,,,,,,,,,,,,,,,,,,,,,,,,,,,,,,,
2121315,8f21b93c7841f40876e72f1fcd4fead6c4b7e83d36f0391f1d9f25ce60825a6649983e856cf17354dca96435b71321f8ea1dd54d32e1e93d32434ec84666b3cd,08/04/2025 12:02:00 PM,1,DRIVER,,2022278,,TOYOTA,TUNDRA,FL,2008,NONE,PICKUP,PERSONAL,S,ENTERING TRAFFIC LANE FROM PARKING,,,1,,,,,,,,,,,,,,Y,Y,,,FRONT-LEFT-CORNER,,,,,,,,,,,,,,,,,,,,,,,,,,,,,,,,,
2121326,f50f5f406dbcb2bc9de15f1b817a097c30f4e273cb24980030f3467e7ae23417b79f9adfee45b601ddfd1f81d27e7e7e3b35b888d314d8ee0c521d874829a3ea,08/04/2025 12:02:00 PM,1,DRIVER,,2022277,,NOVA BUS,RTS,IL,2014,UNKNOWN,BUS OVER 15 PASS.,CTA,W,STRAIGHT AHEAD,,,1,,,,,Y,,,,,,,,,,N,Y,,FRONT,,,,,,,,,,,,,,,,,,,,,,,,,,,,,,,,,
2121327,f50f5f406dbcb2bc9de15f1b817a097c30f4e273cb24980030f3467e7ae23417b79f9adfee45b601ddfd1f81d27e7e7e3b35b888d314d8ee0c521d874829a3ea,08/04/2025 12:02:00 PM,2,DRIVER,,2022287,,CHEVROLET,MALIBU,IN,2022,NONE,PASSENGER,PERSONAL,W,SLOW/STOP IN TRAFFIC,,,1,,,,,,,,,Y,Y,,,,,,,,SIDE-LEFT-REAR,,,,,,,,,,,,,,,,,,,,,,,,,,,,,,,,,
2122517,25229c57285d942172270c3437da98f364141908bc30bfd1b4149a51f7f6a4dc481baf12937bae32d042823dfdb23548be33e2609895c5959e6bf6c50dedbc80,08/04/2025 12:00:00 PM,1,DRIVER,,2023422,,KIA,OPTIMA / K5,IL,2017,UNKNOWN,PASSENGER,PERSONAL,N,CHANGING LANES,,,1,,,,,Y,,,,,,,,,,,,,FRONT-RIGHT-CORNER,,,,,,,,,,,,,,,,,,,,,,,,,,,,,,,,,
2122518,25229c57285d942172270c3437da98f364141908bc30bfd1b4149a51f7f6a4dc481baf12937bae32d042823dfdb23548be33e2609895c5959e6bf6c50dedbc80,08/04/2025 12:00:00 PM,2,DRIVER,,2023417,,LEXUS,ES350,IL,2013,UNKNOWN,PASSENGER,UNKNOWN/NA,N,SLOW/STOP IN TRAFFIC,,,1,,,,,,,,,,,,Y,Y,,,,,SIDE-LEFT,,,,,,,,,,,,,,,,,,,,,,,,,,,,,,,,,
2121354,51aa7ac87e189cfd8a45273468387613ebfe3099d8e82b58a026f54417c2043e98dd439e25219c2deda550d0884c647904c21fe605757793a63c943a998a3891,08/04/2025 12:00:00 PM,1,DRIVER,,2022295,,JEEP,CHEROKEE,IL,2019,NONE,SPORT UTILITY VEHICLE (SUV),PERSONAL,N,STRAIGHT AHEAD,,,1,,,,,,,,,,,,,,,,,,FRONT,,,,,,,,,,,,,,,,,,,,,,,,,,,,,,,,,
2121355,51aa7ac87e189cfd8a45273468387613ebfe3099d8e82b58a026f54417c2043e98dd439e25219c2deda550d0884c647904c21fe605757793a63c943a998a3891,08/04/2025 12:00:00 PM,2,DRIVER,,2022317,,HYUNDAI,IONIC,IL,2024,NONE,SPORT UTILITY VEHICLE (SUV),PERSONAL,N,SLOW/STOP IN TRAFFIC,,,1,,,,,,,,,,,,,,,,,,REAR,,,,,,,,,,,,,,,,,,,,,,,,,,,,,,,,,
2126999,6938ba87455cb5f3e11c053499b40f8d9b7f7d958c92d39575390223647b2b755126ba79c191c88c0dcc56ae2be1c379087b61a630dc1f39010722d51e4f3e26,08/04/2025 12:00:00 PM,1,DRIVER,,2027662,,KIA,NIRO,,2024,NONE,PASSENGER,OTHER,N,TURNING RIGHT,,,1,,,,,,,,,,,,,Y,,,,,SIDE-LEFT,,,,,,,,,,,,,,,,,,,,,,,,,,,,,,,,,
2121544,6cdeecfc86c94ed98b13d65168927a85e835e52e287472a399cb093e4c7d26de7c58f2356e8ce81216f6b5f6a604804d2de3ec50aca04e0ba49325222b0b33da,08/04/2025 12:00:00 PM,1,DRIVER,,2022481,,VOLKSWAGEN,BEETLE,MN,2006,UNKNOWN,PASSENGER,PERSONAL,UNKNOWN,CHANGING LANES,,,1,,,,,,,,,,,Y,Y,,,,,,SIDE-LEFT-REAR,,,,,,,,,,,,,,,,,,,,,,,,,,,,,,,,,
2121545,6cdeecfc86c94ed98b13d65168927a85e835e52e287472a399cb093e4c7d26de7c58f2356e8ce81216f6b5f6a604804d2de3ec50aca04e0ba49325222b0b33da,08/04/2025 12:00:00 PM,2,DRIVER,,2022498,,BUICK,ENCORE,IL,2018,UNKNOWN,SPORT UTILITY VEHICLE (SUV),PERSONAL,UNKNOWN,STRAIGHT AHEAD,,,1,,,,,Y,Y,,,,,,,,,,,,FRONT-RIGHT-CORNER,,,,,,,,,,,,,,,,,,,,,,,,,,,,,,,,,
2124702,76c513a7f7e30e86b4675ea2500833ba51e83a0f5ca77bc177eb952af1b5f41cb6759f2f058cb96c693030c3b655abaa99fd681e997463b17c64c2fa8599583a,08/04/2025 12:00:00 PM,1,DRIVER,,2025488,,HONDA,ACCORD,IL,2003,NONE,PASSENGER,PERSONAL,UNKNOWN,STRAIGHT AHEAD,,,1,,,,,,,,,,,,,,,,Y,,FRONT,,,,,,,,,,,,,,,,,,,,,,,,,,,,,,,,,
2124703,76c513a7f7e30e86b4675ea2500833ba51e83a0f5ca77bc177eb952af1b5f41cb6759f2f058cb96c693030c3b655abaa99fd681e997463b17c64c2fa8599583a,08/04/2025 12:00:00 PM,2,DRIVER,,2025490,,TOYOTA,RAV4,FL,2018,NONE,SPORT UTILITY VEHICLE (SUV),PERSONAL,UNKNOWN,STRAIGHT AHEAD,,,1,,,,,,,,,,Y,,,,,,,,REAR,,,,,,,,,,,,,,,,,,,,,,,,,,,,,,,,,
2127612,b167dbe0d6f8116092eb9f16d9a52aa1154e8d4d21cd118d8aadebc743d04521f4d5dcfd94ab4472c7bfb6ed09f6cc77df12e9cdb7715cee89762c3795d48669,08/04/2025 12:00:00 PM,1,DRIVER,,2028241,,UNKNOWN,OTHER (EXPLAIN IN NARRATIVE),IL,,UNKNOWN,UNKNOWN/NA,UNKNOWN/NA,UNKNOWN,UNKNOWN/NA,,,1,,,,,,,,,,,,,,,,,Y,UNKNOWN,,,,,,,,,,,,,,,,,,,,,,,,,,,,,,,,,
2127613,b167dbe0d6f8116092eb9f16d9a52aa1154e8d4d21cd118d8aadebc743d04521f4d5dcfd94ab4472c7bfb6ed09f6cc77df12e9cdb7715cee89762c3795d48669,08/04/2025 12:00:00 PM,2,PARKED,,2028246,,HONDA,ODYSSEY,IL,2016,UNKNOWN,VAN/MINI-VAN,PERSONAL,E,PARKED,,,0,,,,,,,,,Y,,,,,,,,,REAR-RIGHT-CORNER,,,,,,,,,,,,,,,,,,,,,,,,,,,,,,,,,
2122393,e416a91762165b82e7a6d878d8f97033dd12467ed49b7b94c88f21aa6e5736a9ce574a712447284ead45a315411f92952891ebede0687c32020ad3e33d9556ab,08/04/2025 12:00:00 PM,1,DRIVER,,2023295,,UNKNOWN,OTHER (EXPLAIN IN NARRATIVE),,,UNKNOWN,UNKNOWN/NA,UNKNOWN/NA,N,STRAIGHT AHEAD,,,1,,,,,,,,,,,,,,,,,Y,UNKNOWN,,,,,,,,,,,,,,,,,,,,,,,,,,,,,,,,,
2122394,e416a91762165b82e7a6d878d8f97033dd12467ed49b7b94c88f21aa6e5736a9ce574a712447284ead45a315411f92952891ebede0687c32020ad3e33d9556ab,08/04/2025 12:00:00 PM,2,PARKED,,2023302,,TOYOTA,CAMRY,IL,2017,UNKNOWN,PASSENGER,NOT IN USE,N,PARKED,,,0,,,,,Y,,,,,,Y,,,,,Y,,REAR-LEFT-CORNER,,,,,,,,,,,,,,,,,,,,,,,,,,,,,,,,,
2121286,0e83223bbb2c40bcbbea10c362d2313155b2ed69c5d7c6e4e05067581e42f8424f963bd4a1f6b59c9c131283e1cc8dc15db010bb7339c39f248225cfa8e338a9,08/04/2025 11:50:00 AM,1,DRIVER,,2022259,,TOYOTA,SIENNA,IL,2010,UNKNOWN,PASSENGER,PERSONAL,S,STRAIGHT AHEAD,,,1,,,,,,,,,,,Y,,,,,,,REAR-LEFT-CORNER,,,,,,,,,,,,,,,,,,,,,,,,,,,,,,,,,
2121287,0e83223bbb2c40bcbbea10c362d2313155b2ed69c5d7c6e4e05067581e42f8424f963bd4a1f6b59c9c131283e1cc8dc15db010bb7339c39f248225cfa8e338a9,08/04/2025 11:50:00 AM,2,DRIVER,,2022241,,KIA,OTHER (EXPLAIN IN NARRATIVE),IL,2022,UNKNOWN,PASSENGER,PERSONAL,N,STRAIGHT AHEAD,,,1,,,,,Y,,,,,,,,,,,,,FRONT-RIGHT-CORNER,,,,,,,,,,,,,,,,,,,,,,,,,,,,,,,,,
2121310,5ec44f5c9d65787cdc287f293b285585d338724d9717c145e1fa1c4144d99e6e0b24054bc27f1023972374ee0cf60ff3df2429add110829cb1ff054ab09fc5c9,08/04/2025 11:50:00 AM,1,NON-MOTOR VEHICLE,,,,,,,,,,,,,,,,,,,,,,,,,,,,,,,,,,,,,,,,,,,,,,,,,,,,,,,,,,,,,,,,,,
2121311,5ec44f5c9d65787cdc287f293b285585d338724d9717c145e1fa1c4144d99e6e0b24054bc27f1023972374ee0cf60ff3df2429add110829cb1ff054ab09fc5c9,08/04/2025 11:50:00 AM,2,DRIVER,,2022265,,HONDA,CR-V,IL,2022,NONE,SPORT UTILITY VEHICLE (SUV),PERSONAL,S,STRAIGHT AHEAD,,,1,,,,,,Y,,,,,,,,,,,,SIDE-RIGHT,,,,,,,,,,,,,,,,,,,,,,,,,,,,,,,,,
2121294,b8dba1f53b295643f9fe4ca3a214617d2c6bc0701d0bc77bef14067cbba3a1e504b71a3e9a3475c063b337aba6f2be0331c7fe5a9cc62c369889c6ea188c3c99,08/04/2025 11:50:00 AM,1,DRIVER,,2022243,,MITSUBISHI,OUTLANDER,IL,2013,NONE,PASSENGER,PERSONAL,E,TURNING RIGHT,,,1,,,,,,Y,Y,,,,,,,,,,,SIDE-RIGHT,,,,,,,,,,,,,,,,,,,,,,,,,,,,,,,,,
2121295,b8dba1f53b295643f9fe4ca3a214617d2c6bc0701d0bc77bef14067cbba3a1e504b71a3e9a3475c063b337aba6f2be0331c7fe5a9cc62c369889c6ea188c3c99,08/04/2025 11:50:00 AM,2,DRIVER,,2022248,,NEW FLYER,DE60LFR,IL,2003,NONE,BUS OVER 15 PASS.,CTA,E,STRAIGHT AHEAD,,,1,,,,,,,,,,,,,,,,Y,,FRONT,,,,,,,,,,,,,,,,,,,,,,,,,,,,,,,,,
2121306,47e6d2ae0d03904aa605b89b32e0951b021dc47e5ceb58e7c7f79baf8b657efc9dcffc5bbbc5d75468857517e4a5115e7a38a1778ae6ed37241b10ae3e01897e,08/04/2025 11:46:00 AM,1,DRIVER,,2022250,,JEEP,CHEROKEE,IL,2014,NONE,PASSENGER,PERSONAL,E,STRAIGHT AHEAD,,,1,,,,,Y,,,,,,,,,,Y,Y,,FRONT,,,,,,,,,,,,,,,,,,,,,,,,,,,,,,,,,
2121307,47e6d2ae0d03904aa605b89b32e0951b021dc47e5ceb58e7c7f79baf8b657efc9dcffc5bbbc5d75468857517e4a5115e7a38a1778ae6ed37241b10ae3e01897e,08/04/2025 11:46:00 AM,2,DRIVER,,2022258,,NISSAN,ROGUE,IL,2021,NONE,PASSENGER,PERSONAL,N,STRAIGHT AHEAD,Y,,1,,AAA,,,Y,,,,Y,,Y,Y,Y,Y,Y,,,SIDE-LEFT,,,,,,,,,,,,,,,,,,,,,,,,,,,,,,,,,
2121653,3c6ecfb74f0c1d0e9b603c9e9aa456fa69bfe9b4116fb70313e0f2eea674b852225c86c4e53566beaf666dc122ca15f76a610ece9764412b7a50a15accd2bb01,08/04/2025 11:45:00 AM,1,DRIVER,,2022577,,UNKNOWN,OTHER (EXPLAIN IN NARRATIVE),,,UNKNOWN,TRUCK - SINGLE UNIT,UNKNOWN/NA,W,STRAIGHT AHEAD,,,1,,,,,,,,,,,,,,,,,Y,SIDE-RIGHT,,,,,,,,,,,,,,,,,,,,,,,,,,,,,,,,,
2121654,3c6ecfb74f0c1d0e9b603c9e9aa456fa69bfe9b4116fb70313e0f2eea674b852225c86c4e53566beaf666dc122ca15f76a610ece9764412b7a50a15accd2bb01,08/04/2025 11:45:00 AM,2,PARKED,,2022585,,NISSAN,ROGUE,IL,2012,NONE,PASSENGER,NOT IN USE,W,PARKED,Y,,0,,unk,unk,,Y,,,,,,Y,Y,Y,Y,Y,Y,,SIDE-LEFT,,,,,,,,,,,,,,,,,,,,,,,,,,,,,,,,,