CRASH_UNIT_ID,CRASH_RECORD_ID,CRASH_DATE,UNIT_NO,UNIT_TYPE,NUM_PASSENGERS,VEHICLE_ID,CMRC_VEH_I,MAKE,MODEL,LIC_PLATE_STATE,VEHICLE_YEAR,VEHICLE_DEFECT,VEHICLE_TYPE,VEHICLE_USE,TRAVEL_DIRECTION,MANEUVER,TOWED_I,FIRE_I,OCCUPANT_CNT,EXCEED_SPEED_LIMIT_I,TOWED_BY,TOWED_TO,AREA_00_I,AREA_01_I,AREA_02_I,AREA_03_I,AREA_04_I,AREA_05_I,AREA_06_I,AREA_07_I,AREA_08_I,AREA_09_I,AREA_10_I,AREA_11_I,AREA_12_I,AREA_99_I,FIRST_CONTACT_POINT,CMV_ID,USDOT_NO,CCMC_NO,ILCC_NO,COMMERCIAL_SRC,GVWR,CARRIER_NAME,CARRIER_STATE,CARRIER_CITY,HAZMAT_PLACARDS_I,HAZMAT_NAME,UN_NO,HAZMAT_PRESENT_I,HAZMAT_REPORT_I,HAZMAT_REPORT_NO,MCS_REPORT_I,MCS_REPORT_NO,HAZMAT_VIO_CAUSE_CRASH_I,MCS_VIO_CAUSE_CRASH_I,IDOT_PERMIT_NO,WIDE_LOAD_I,TRAILER1_WIDTH,TRAILER2_WIDTH,TRAILER1_LENGTH,TRAILER2_LENGTH,TOTAL_VEHICLE_LENGTH,AXLE_CNT,VEHICLE_CONFIG,CARGO_BODY_TYPE,LOAD_TYPE,HAZMAT_OUT_OF_SERVICE_I,MCS_OUT_OF_SERVICE_I,HAZMAT_CLASS
2121385,49ee17d23bc93fa1fe67f2d0644d7d1820b86cbfb6863ffe37481f00f0eb2bf2933845e30933245213327408f1bda7b5e19012e39a5362c76c99298a04b2a999,08/04/2025 11:45:00 AM,1,DRIVER,,2022330,,UNKNOWN,OTHER (EXPLAIN IN NARRATIVE),IL,,UNKNOWN,PASSENGER,PERSONAL,SW,TURNING LEFT,,,1,,,,,,,,,,,,,,,,Y,,FRONT,,,,,,,,,,,,,,,,,,,,,,,,,,,,,,,,,
2121386,49ee17d23bc93fa1fe67f2d0644d7d1820b86cbfb6863ffe37481f00f0eb2bf2933845e30933245213327408f1bda7b5e19012e39a5362c76c99298a04b2a999,08/04/2025 11:45:00 AM,2,DRIVER,4,2022336,,FORD,FUSION,IN,2007,UNKNOWN,PASSENGER,PERSONAL,N,SLOW/STOP IN TRAFFIC,,,5,,,,,,,,,,,,,,,,Y,,FRONT,,,,,,,,,,,,,,,,,,,,,,,,,,,,,,,,,
2121292,65d2e9c096a4537b0063cf1594fc4ea6cdcc68579f1ab4e5b4ad86549bf094ef41dcf2cbd14fee6c044a6d18207e33a4f6ebba5e1abb4947e212b3e4b547c3fa,08/04/2025 11:45:00 AM,1,DRIVER,,2022247,Y,FREIGHTLINER CORPORATION,FREIGHTLINER CORP.,IL,2014,NONE,SINGLE UNIT TRUCK WITH TRAILER,OTHER,N,TURNING RIGHT,,,1,,,,,,,,,,,,,,,,,,SIDE-RIGHT-REAR,"21,935",WD7054,,,DRIVER,2,CITY OF CHICAGO WATER MGMT,IL,CHICAGO,,,,N,N,,N,,N,N,,,,,,,,,TRUCK/TRAILER,FLATBED,CONSTRUCTION EQUIPMENT,N,N,
2121293,65d2e9c096a4537b0063cf1594fc4ea6cdcc68579f1ab4e5b4ad86549bf094ef41dcf2cbd14fee6c044a6d18207e33a4f6ebba5e1abb4947e212b3e4b547c3fa,08/04/2025 11:45:00 AM,2,PARKED,,2022252,Y,FORD,ECONOLINE 100,IL,2014,NONE,TRUCK - SINGLE UNIT,COMMERCIAL - SINGLE UNIT,W,PARKED,,,0,,,,,Y,Y,Y,,,,,,,,,,,FRONT-RIGHT-CORNER,"21,934",,,,DRIVER,2,QUALITY EXCVATION INC,IL,CHICAGO,,,,N,N,,N,,N,N,,,,,,,,,UNKNOWN HEAVY TRUCK,VAN/ENCLOSED BOX,UNKNOWN,N,N,
2121312,cf6aba2f3e2fc3cb44e2da8e9869142d0d85cc337f7094ea636e02980e9d3833f1a7d85fdbc620deb04f7454383dac027e258a9b8391df29e86bdb8ea38dc9a3,08/04/2025 11:45:00 AM,1,DRIVER,,2022253,,TOYOTA,CAMRY,IL,2017,UNKNOWN,PASSENGER,PERSONAL,S,UNKNOWN/NA,,,1,,,,,,,,,,,,,,,,Y,,FRONT,,,,,,,,,,,,,,,,,,,,,,,,,,,,,,,,,
2121313,cf6aba2f3e2fc3cb44e2da8e9869142d0d85cc337f7094ea636e02980e9d3833f1a7d85fdbc620deb04f7454383dac027e258a9b8391df29e86bdb8ea38dc9a3,08/04/2025 11:45:00 AM,2,DRIVER,,2022257,,FORD,TRANSIT,IL,2020,UNKNOWN,BUS UP TO 15 PASS.,OTHER,S,OTHER,,,1,,,,,,,,,,Y,,,,,,,,REAR,,,,,,,,,,,,,,,,,,,,,,,,,,,,,,,,,
2121283,1ce7a7eba0fc72b1992c0a5e5823b4f096e0cbe334883d14fb28d4344ddba64d8cd16c8ee9539dd938cb8eea05726eb86cd92fb3ffe73dd55b202c16244ce9f1,08/04/2025 11:30:00 AM,1,DRIVER,,2022235,,TOYOTA,COROLLA,IL,2009,UNKNOWN,PASSENGER,PERSONAL,N,STRAIGHT AHEAD,,,1,,,,,Y,,,,,,,,,,N,Y,,FRONT,,,,,,,,,,,,,,,,,,,,,,,,,,,,,,,,,
2121284,1ce7a7eba0fc72b1992c0a5e5823b4f096e0cbe334883d14fb28d4344ddba64d8cd16c8ee9539dd938cb8eea05726eb86cd92fb3ffe73dd55b202c16244ce9f1,08/04/2025 11:30:00 AM,2,DRIVER,1,2022238,,TOYOTA,HIGHLANDER,IL,2005,UNKNOWN,SPORT UTILITY VEHICLE (SUV),PERSONAL,W,STRAIGHT AHEAD,,,2,,,,,,,,,Y,Y,Y,,,,,,,REAR,,,,,,,,,,,,,,,,,,,,,,,,,,,,,,,,,
2121969,8fb90fc131719b14d30877658cdcba0377a4fdc2447a694a53ef5cc4ebadd31e0924f194afebbf9589779824ef22c0c8f25995bc397a0dacefa884ca7ab781e8,08/04/2025 11:30:00 AM,1,DRIVER,,2022897,,FORD,F650,AZ,2017,UNKNOWN,UNKNOWN/NA,UNKNOWN/NA,S,UNKNOWN/NA,,,1,,,,,,,,,,,Y,Y,,,,,,SIDE-LEFT-REAR,,,,,,,,,,,,,,,,,,,,,,,,,,,,,,,,,
2121970,8fb90fc131719b14d30877658cdcba0377a4fdc2447a694a53ef5cc4ebadd31e0924f194afebbf9589779824ef22c0c8f25995bc397a0dacefa884ca7ab781e8,08/04/2025 11:30:00 AM,2,PARKED,,2022905,,BMW,330I,AZ,2020,OTHER,UNKNOWN/NA,UNKNOWN/NA,UNKNOWN,PARKED,,,0,,,,,,,,,,,Y,Y,,,,,,SIDE-LEFT-REAR,,,,,,,,,,,,,,,,,,,,,,,,,,,,,,,,,
2123635,960260e2812e8f453d9647939f051bb5291227f2d7998628da38c4df6ebaa91da2fb410a5a035ccbabca4dd4549d9fb9aa345b542bee6a8f157cf78192432f68,08/04/2025 11:30:00 AM,1,DRIVER,,2024487,,NISSAN,OTHER (EXPLAIN IN NARRATIVE),,2012,NONE,PASSENGER,PERSONAL,W,BACKING,,,1,,,,,,,,,,Y,,,,,,,,NONE,,,,,,,,,,,,,,,,,,,,,,,,,,,,,,,,,
2123636,960260e2812e8f453d9647939f051bb5291227f2d7998628da38c4df6ebaa91da2fb410a5a035ccbabca4dd4549d9fb9aa345b542bee6a8f157cf78192432f68,08/04/2025 11:30:00 AM,2,PARKED,,2024466,,NISSAN,KICKS,IL,2020,NONE,PASSENGER,PERSONAL,E,PARKED,,,0,,,,,,,,,,,,,,,Y,N,,FRONT,,,,,,,,,,,,,,,,,,,,,,,,,,,,,,,,,
2121323,2fa39f72124bde6d4787895cd2f3eec07afe83b9bb45ffe3048a506437670ec14897e4216b24f9cfd35066fa30e04abc7bc19ddc999b984df57b8eb2b821abb6,08/04/2025 11:24:00 AM,1,DRIVER,,2022269,,GENERAL MOTORS CORPORATION (GMC),OTHER (EXPLAIN IN NARRATIVE),IL,2006,UNKNOWN,TRUCK - SINGLE UNIT,COMMERCIAL - SINGLE UNIT,UNKNOWN,BACKING,,,1,,,,,,,,,,,,,,,,,,TOP,,,,,,,,,,,,,,,,,,,,,,,,,,,,,,,,,
2121296,26f5bc569785ee22b2538182ff7e2d8b631ddfddecd3e8fad8650c1b55cd33a15468c207090ebc11dd9a7c6ff95b75fe459fffa6cb884b0eab9f74363eac72b5,08/04/2025 11:15:00 AM,1,DRIVER,,2022245,,TOYOTA,SIENNA,IL,2000,UNKNOWN,VAN/MINI-VAN,PERSONAL,E,DIVERGING,,,1,,,,,Y,,,,,,,,,,Y,Y,,FRONT,,,,,,,,,,,,,,,,,,,,,,,,,,,,,,,,,
2121297,26f5bc569785ee22b2538182ff7e2d8b631ddfddecd3e8fad8650c1b55cd33a15468c207090ebc11dd9a7c6ff95b75fe459fffa6cb884b0eab9f74363eac72b5,08/04/2025 11:15:00 AM,2,DRIVER,,2022251,,HONDA,CR-V,IL,2024,NONE,PASSENGER,PERSONAL,S,STRAIGHT AHEAD,,,1,,,,,,,Y,Y,,,,,,,,,,SIDE-RIGHT,,,,,,,,,,,,,,,,,,,,,,,,,,,,,,,,,
2122478,efe44961ab471aef5627829eca2d323258284146fabbc5ada1d359a9af8433ab55a94df0689f3fa003c61a4912b72135e9210a5422982f83760081a8152fa5e9,08/04/2025 11:10:00 AM,1,DRIVER,,2023379,,UNKNOWN,ENCLOSED BODY,IL,,NONE,PASSENGER,UNKNOWN/NA,S,PASSING/OVERTAKING,,,1,,,,,,,,,,,,,,,,,Y,UNKNOWN,,,,,,,,,,,,,,,,,,,,,,,,,,,,,,,,,
2122479,efe44961ab471aef5627829eca2d323258284146fabbc5ada1d359a9af8433ab55a94df0689f3fa003c61a4912b72135e9210a5422982f83760081a8152fa5e9,08/04/2025 11:10:00 AM,2,DRIVER,,2023380,,FORD,VAN,IL,,NONE,OTHER,NOT IN USE,S,STRAIGHT AHEAD,,,1,,,,,,,,,,,,,,,Y,,,SIDE-LEFT,,,,,,,,,,,,,,,,,,,,,,,,,,,,,,,,,
2121268,6bfd60b6bd6894814049d5d01c6d8f1b50912f05fdde0393151393e3cffc5152233719a605e9442231ec6a5371addcf58d067414a8c21fdb19da734195e096e4,08/04/2025 11:05:00 AM,1,DRIVER,,2022215,,PONTIAC,GRAND PRIX,IL,2008,NONE,PASSENGER,PERSONAL,E,TURNING LEFT,,,1,,,,,Y,,,,,,,,,,Y,Y,,FRONT,,,,,,,,,,,,,,,,,,,,,,,,,,,,,,,,,
2121269,6bfd60b6bd6894814049d5d01c6d8f1b50912f05fdde0393151393e3cffc5152233719a605e9442231ec6a5371addcf58d067414a8c21fdb19da734195e096e4,08/04/2025 11:05:00 AM,2,DRIVER,,2022219,,TOYOTA,HIGHLANDER,IL,2024,NONE,PASSENGER,PERSONAL,N,STRAIGHT AHEAD,,,1,,,,,,,,,,,,,Y,Y,Y,,,SIDE-LEFT,,,,,,,,,,,,,,,,,,,,,,,,,,,,,,,,,
2121338,918ff21e34f95fa537b537274bb398dbd49fd0c9e701b9c35686d9083ea387edbb2bb019f05281fea3acd424eca48eab2a7275e53e2f3c2d179be9d959b90a2f,08/04/2025 11:02:00 AM,1,DRIVER,,2022290,,KIA,SEDONA,IL,2016,UNKNOWN,VAN/MINI-VAN,PERSONAL,SW,AVOIDING VEHICLES/OBJECTS,,,1,,,,,Y,,,,,,,,,N,Y,Y,,FRONT-LEFT-CORNER,,,,,,,,,,,,,,,,,,,,,,,,,,,,,,,,,
2121339,918ff21e34f95fa537b537274bb398dbd49fd0c9e701b9c35686d9083ea387edbb2bb019f05281fea3acd424eca48eab2a7275e53e2f3c2d179be9d959b90a2f,08/04/2025 11:02:00 AM,2,DRIVER,,2022299,,ACURA,ADX,IL,2004,UNKNOWN,SPORT UTILITY VEHICLE (SUV),PERSONAL,E,STRAIGHT AHEAD,,,1,,,,,,,,,,,,,,Y,Y,Y,,FRONT-LEFT-CORNER,,,,,,,,,,,,,,,,,,,,,,,,,,,,,,,,,
2121257,5abe1088109c7d85d48f133f2443d011489f420ba4fcbf4f8c9792e78ecfa8f61c9fb58367aa52ca18747bd2a1de7accd2facfa8b7eb0d4439ecafdd38eedab7,08/04/2025 11:00:00 AM,1,DRIVER,,2022199,,TOYOTA,CAMRY,,,UNKNOWN,PASSENGER,PERSONAL,E,TURNING LEFT,,,1,,,,,,,,,,,,,,,,Y,,FRONT,,,,,,,,,,,,,,,,,,,,,,,,,,,,,,,,,
2121258,5abe1088109c7d85d48f133f2443d011489f420ba4fcbf4f8c9792e78ecfa8f61c9fb58367aa52ca18747bd2a1de7accd2facfa8b7eb0d4439ecafdd38eedab7,08/04/2025 11:00:00 AM,2,DRIVER,,2022749,,NISSAN,ROGUE,,2025,NONE,SPORT UTILITY VEHICLE (SUV),PERSONAL,E,TURNING LEFT,,,1,,,,,,,,,Y,Y,Y,,,,,,,REAR,,,,,,,,,,,,,,,,,,,,,,,,,,,,,,,,,
2121260,9d4eadd32d3390b644c6e1b2e7b323292cb5f56b6aa189bb5b7166b9509d7482a112f4e60fd5d683d975b3bfdd2be8ac3c810d990f000ef2fb07d5b28f8a4604,08/04/2025 11:00:00 AM,1,DRIVER,,2022203,,UNKNOWN,OTHER (EXPLAIN IN NARRATIVE),,,UNKNOWN,UNKNOWN/NA,UNKNOWN/NA,UNKNOWN,UNKNOWN/NA,,,1,,,,,,,,,,,,,,,,,Y,UNKNOWN,,,,,,,,,,,,,,,,,,,,,,,,,,,,,,,,,
2121261,9d4eadd32d3390b644c6e1b2e7b323292cb5f56b6aa189bb5b7166b9509d7482a112f4e60fd5d683d975b3bfdd2be8ac3c810d990f000ef2fb07d5b28f8a4604,08/04/2025 11:00:00 AM,2,DRIVERLESS,,2022208,,CADILLAC,XT4,,2019,NONE,PASSENGER,PERSONAL,UNKNOWN,PARKED,,,0,,,,,,,Y,,,,,,,,,,,SIDE-RIGHT,,,,,,,,,,,,,,,,,,,,,,,,,,,,,,,,,
2124553,c4dcdefdec52605328eba8de5533efa85fb5bdf91b52b1fa8599a7346ea8c1f0610e32e0be9ecf981355b99f9a6c4cdd6d0d6a9ab683025f8bf567ff058c027c,08/04/2025 11:00:00 AM,1,DRIVER,,2025346,,DODGE,DAKOTA,,2010,NONE,PICKUP,PERSONAL,UNKNOWN,STRAIGHT AHEAD,,,1,,,,,,,,,,Y,,,,,,,,REAR,,,,,,,,,,,,,,,,,,,,,,,,,,,,,,,,,
2124554,c4dcdefdec52605328eba8de5533efa85fb5bdf91b52b1fa8599a7346ea8c1f0610e32e0be9ecf981355b99f9a6c4cdd6d0d6a9ab683025f8bf567ff058c027c,08/04/2025 11:00:00 AM,2,PARKED,,2025347,,FORD,ESCAPE,,2015,NONE,SPORT UTILITY VEHICLE (SUV),PERSONAL,UNKNOWN,PARKED,,,0,,,,,,,,,,,,,,,,Y,,FRONT,,,,,,,,,,,,,,,,,,,,,,,,,,,,,,,,,
2121342,c6b510daca2342c240f1a27a52a7ab9167abaa79f92eac20baf4ea0a4892104cc2f305cd7170d202beb1bd54b05bee7e5652e120cf25d1bdfc271086a409cf31,08/04/2025 11:00:00 AM,1,DRIVER,,2022284,,KIA,SORENTO,IL,2022,UNKNOWN,PASSENGER,PERSONAL,N,STRAIGHT AHEAD,,,1,,,,,,,,,,,,,,,,Y,,FRONT,,,,,,,,,,,,,,,,,,,,,,,,,,,,,,,,,
2121343,c6b510daca2342c240f1a27a52a7ab9167abaa79f92eac20baf4ea0a4892104cc2f305cd7170d202beb1bd54b05bee7e5652e120cf25d1bdfc271086a409cf31,08/04/2025 11:00:00 AM,2,DRIVER,,2022291,,TOYOTA,CAMRY,IL,2017,UNKNOWN,PASSENGER,UNKNOWN/NA,N,UNKNOWN/NA,,,1,,,,,,,,,,Y,,,,,,,,REAR,,,,,,,,,,,,,,,,,,,,,,,,,,,,,,,,,
2122609,d80cda8fba56d17097263f4fe7439496de4ee379944af9e4948025258d58b057d8707c1dc1d048959c3bf2ca75e276630707f17a4f4b60314e16b2f5d34c0317,08/04/2025 10:45:00 AM,1,DRIVER,,2023507,,HONDA,CIVIC,IL,1999,NONE,PASSENGER,PERSONAL,N,STRAIGHT AHEAD,,,1,,,,,,,,,,,,Y,Y,Y,,,,SIDE-LEFT,,,,,,,,,,,,,,,,,,,,,,,,,,,,,,,,,
2122610,d80cda8fba56d17097263f4fe7439496de4ee379944af9e4948025258d58b057d8707c1dc1d048959c3bf2ca75e276630707f17a4f4b60314e16b2f5d34c0317,08/04/2025 10:45:00 AM,2,DRIVER,,2023510,,UNKNOWN,OTHER (EXPLAIN IN NARRATIVE),,,UNKNOWN,OTHER,UNKNOWN/NA,E,STRAIGHT AHEAD,,,1,,,,,Y,,,,,,,,,,Y,Y,,FRONT,,,,,,,,,,,,,,,,,,,,,,,,,,,,,,,,,
2121264,65da273759706c81764dc28f3bef384918bceb4bb544758a81e3bcbc2e1861594349fe5070aca21cfc22b23cfd80f3b8f0e855ce64a62828ad58e8119fbe8951,08/04/2025 10:38:00 AM,1,DRIVER,,2022211,,TOYOTA,COROLLA,TX,2025,NONE,PASSENGER,PERSONAL,N,TURNING RIGHT,,,1,,,,,,Y,Y,Y,,,,,,,,,,SIDE-RIGHT,,,,,,,,,,,,,,,,,,,,,,,,,,,,,,,,,
2121265,65da273759706c81764dc28f3bef384918bceb4bb544758a81e3bcbc2e1861594349fe5070aca21cfc22b23cfd80f3b8f0e855ce64a62828ad58e8119fbe8951,08/04/2025 10:38:00 AM,2,DRIVER,,2022221,,MERCEDES-BENZ,SPRINTER,IL,2023,NONE,VAN/MINI-VAN,CONSTRUCTION/MAINTENANCE,N,STRAIGHT AHEAD,,,1,,,,,,,,,,,,,,,Y,,,FRONT-LEFT-CORNER,,,,,,,,,,,,,,,,,,,,,,,,,,,,,,,,,
2121410,4ab5a8ca08b972990fca2e1b518effad66344ed51b57559f72dff00920d2503eb02a0491be92f507397a9f0ea6909211fceea69329a10d34e13037affd90dc55,08/04/2025 10:31:00 AM,1,DRIVER,,2022350,,HONDA,CIVIC,IL,2023,UNKNOWN,PASSENGER,PERSONAL,W,MERGING,,,1,,,,,,,,,,,,,,,Y,,,FRONT-LEFT-CORNER,,,,,,,,,,,,,,,,,,,,,,,,,,,,,,,,,
2121411,4ab5a8ca08b972990fca2e1b518effad66344ed51b57559f72dff00920d2503eb02a0491be92f507397a9f0ea6909211fceea69329a10d34e13037affd90dc55,08/04/2025 10:31:00 AM,2,DRIVER,2,2022355,,CHEVROLET,SUBURBAN,IL,2025,UNKNOWN,SPORT UTILITY VEHICLE (SUV),PERSONAL,W,STRAIGHT AHEAD,,,3,,,,,,Y,Y,,,,,,,,,,,SIDE-RIGHT,,,,,,,,,,,,,,,,,,,,,,,,,,,,,,,,,
2122613,4f5ef95a4e451988bc781cf80853a104f416cd09922a50c799408123e66ff7658bee6480d93c7cc274bef4509a48ac2d992d5539275df447c7a6fedc6199416a,08/04/2025 10:30:00 AM,1,DRIVER,,2023504,,UNKNOWN,OTHER (EXPLAIN IN NARRATIVE),,,UNKNOWN,UNKNOWN/NA,UNKNOWN/NA,UNKNOWN,UNKNOWN/NA,,,1,,,,,,,,,,,,,,,,,Y,UNKNOWN,,,,,,,,,,,,,,,,,,,,,,,,,,,,,,,,,
2122620,4f5ef95a4e451988bc781cf80853a104f416cd09922a50c799408123e66ff7658bee6480d93c7cc274bef4509a48ac2d992d5539275df447c7a6fedc6199416a,08/04/2025 10:30:00 AM,2,PARKED,,2023513,,FORD,EXPLORER,IL,2024,UNKNOWN,PASSENGER,POLICE,UNKNOWN,PARKED,,,0,,,,,Y,,,,,,,,,,,,,FRONT-RIGHT-CORNER,,,,,,,,,,,,,,,,,,,,,,,,,,,,,,,,,
2136897,7def552680c1a744715ee5ff9af77e48623094fbb0cbb9db003df962c741ea54b7eb4dd12dc72eef3604db9b4230148c86097e5376a9490cac29a05d2d7dff29,08/04/2025 10:30:00 AM,1,DRIVER,,2037052,,UNKNOWN,OTHER (EXPLAIN IN NARRATIVE),,,UNKNOWN,UNKNOWN/NA,UNKNOWN/NA,S,UNKNOWN/NA,,,1,,,,,Y,,,,,,,,,,,,Y,FRONT-RIGHT-CORNER,,,,,,,,,,,,,,,,,,,,,,,,,,,,,,,,,
2136898,7def552680c1a744715ee5ff9af77e48623094fbb0cbb9db003df962c741ea54b7eb4dd12dc72eef3604db9b4230148c86097e5376a9490cac29a05d2d7dff29,08/04/2025 10:30:00 AM,2,PARKED,,2037058,,FORD,OTHER (EXPLAIN IN NARRATIVE),,,NONE,PASSENGER,PERSONAL,S,PARKED,,,0,,,,,,,,,,,Y,Y,,,,,,SIDE-LEFT-REAR,,,,,,,,,,,,,,,,,,,,,,,,,,,,,,,,,
2121234,dc184fc5489dda0ee16de7e833cb9d32393e355a8bcd16c2901c357c4b12068ad9891d4a6a05d594745061eca9f21ba12369ed840f2674a502218af3e4852abf,08/04/2025 10:30:00 AM,1,DRIVER,,2022184,,FORD,ESCAPE,IL,2010,UNKNOWN,SPORT UTILITY VEHICLE (SUV),PERSONAL,S,STRAIGHT AHEAD,,,1,,,,,Y,,,,,,,,,,Y,Y,,FRONT,,,,,,,,,,,,,,,,,,,,,,,,,,,,,,,,,
2121235,dc184fc5489dda0ee16de7e833cb9d32393e355a8bcd16c2901c357c4b12068ad9891d4a6a05d594745061eca9f21ba12369ed840f2674a502218af3e4852abf,08/04/2025 10:30:00 AM,2,DRIVER,2,2022189,,JEEP,WRANGLER,IL,2021,UNKNOWN,SPORT UTILITY VEHICLE (SUV),PERSONAL,S,SLOW/STOP IN TRAFFIC,,,3,,,,,,,,,Y,Y,Y,,,,,,,REAR,,,,,,,,,,,,,,,,,,,,,,,,,,,,,,,,,
2121885,dcb93d4f2986d88d5a5ba3ff321dce23bfdc0d1bcd024da12d67164c3244d531d6da618205e41324c7f4d95ad336455afce63c60c35cd6c7348ef2054373a21f,08/04/2025 10:30:00 AM,1,DRIVER,,2022817,,UNKNOWN,OTHER (EXPLAIN IN NARRATIVE),,,UNKNOWN,UNKNOWN/NA,UNKNOWN/NA,S,UNKNOWN/NA,,,1,,,,,,,,,,,,,,,,,Y,UNKNOWN,,,,,,,,,,,,,,,,,,,,,,,,,,,,,,,,,
2121886,dcb93d4f2986d88d5a5ba3ff321dce23bfdc0d1bcd024da12d67164c3244d531d6da618205e41324c7f4d95ad336455afce63c60c35cd6c7348ef2054373a21f,08/04/2025 10:30:00 AM,2,PARKED,,2022820,,SUBARU,FORESTER,IL,2021,NONE,SPORT UTILITY VEHICLE (SUV),PERSONAL,S,PARKED,,,0,,,,,,,,,,,,,,Y,Y,,,FRONT-LEFT-CORNER,,,,,,,,,,,,,,,,,,,,,,,,,,,,,,,,,
2121232,e88604db6381a64db961556da91ac79cb7ae42e9d09c799d63ac95d9e67abd81f52b131051b02a49dca2a13ed03fee912fccaecc5ee51f6eaff178cd4c6ebe91,08/04/2025 10:30:00 AM,1,DRIVER,,2022177,,DODGE,CHARGER,,,UNKNOWN,UNKNOWN/NA,UNKNOWN/NA,S,ENTERING TRAFFIC LANE FROM PARKING,,,1,,,,,,,,,,,,,,,,,,UNKNOWN,,,,,,,,,,,,,,,,,,,,,,,,,,,,,,,,,
2121233,e88604db6381a64db961556da91ac79cb7ae42e9d09c799d63ac95d9e67abd81f52b131051b02a49dca2a13ed03fee912fccaecc5ee51f6eaff178cd4c6ebe91,08/04/2025 10:30:00 AM,2,DRIVER,,2022181,,FORD,ESCAPE,IL,2022,NONE,PASSENGER,PERSONAL,S,STRAIGHT AHEAD,,,1,,,,,Y,Y,,,,,,,,,,,,FRONT-RIGHT-CORNER,,,,,,,,,,,,,,,,,,,,,,,,,,,,,,,,,
2121253,3580752a5d26d9b69ba86288741cfdebf90b442919e0dd6b826f1a01fef5960ba317e3dc1aa93e5acb7805eb70025576a0955075db43a7b07eb9aca555038889,08/04/2025 10:20:00 AM,1,DRIVER,,2022214,,CHRYSLER,TOWN & COUNTRY,IL,2012,UNKNOWN,VAN/MINI-VAN,UNKNOWN/NA,E,STRAIGHT AHEAD,,,1,,,,,,,,,,,,,,,,,Y,UNKNOWN,,,,,,,,,,,,,,,,,,,,,,,,,,,,,,,,,
2121254,3580752a5d26d9b69ba86288741cfdebf90b442919e0dd6b826f1a01fef5960ba317e3dc1aa93e5acb7805eb70025576a0955075db43a7b07eb9aca555038889,08/04/2025 10:20:00 AM,2,DRIVER,,2022798,,FORD,ESCAPE,IL,2008,UNKNOWN,SPORT UTILITY VEHICLE (SUV),PERSONAL,E,STRAIGHT AHEAD,,,1,,,,,,,,,Y,Y,Y,,,,,,,UNKNOWN,,,,,,,,,,,,,,,,,,,,,,,,,,,,,,,,,
2121238,6df492e59e237aa93e513ba5b1e619e1e74d545a0aef59cfb63d8b235c151f445b860e56b91f05a94083e20c2418ba0a9a3ec991d5add351905c0d32591cf0b4,08/04/2025 10:20:00 AM,1,DRIVER,,2022188,,UNKNOWN,ENCLOSED BODY,IN,2011,UNKNOWN,TRACTOR W/ SEMI-TRAILER,OTHER,N,STRAIGHT AHEAD,,,1,,,,,,,,,,,Y,,,,,,,TOP,,,,,,,,,,,,,,,,,,,,,,,,,,,,,,,,,
2121239,7693f8af87f7bb1ff4db1480c25b39c513c0c1d9feac6c6b0139a67726a7f01727bd6c0f78d6bb65242239302987b9ab9b66ec54182bb9d40cc9dcca1e21b644,08/04/2025 10:18:00 AM,1,DRIVER,,2022191,,TOYOTA,COROLLA,KY,2015,NONE,PASSENGER,PERSONAL,W,STRAIGHT AHEAD,,,1,,,,,,,,,,,,Y,Y,,,,,SIDE-LEFT-REAR,,,,,,,,,,,,,,,,,,,,,,,,,,,,,,,,,
2121262,7693f8af87f7bb1ff4db1480c25b39c513c0c1d9feac6c6b0139a67726a7f01727bd6c0f78d6bb65242239302987b9ab9b66ec54182bb9d40cc9dcca1e21b644,08/04/2025 10:18:00 AM,2,DRIVER,,2022205,,FORD,EXPLORER,IL,2024,NONE,SPORT UTILITY VEHICLE (SUV),POLICE,E,STRAIGHT AHEAD,,,1,,,,,,,,,,,Y,,,,,,,REAR-LEFT-CORNER,,,,,,,,,,,,,,,,,,,,,,,,,,,,,,,,,
2121350,543a699529f79969cbb09622b06648ec87a1d773ba182500266d7b94324ebd39e55a32f0c97c26fa164a686b08840d2e147776e4017cedbfc7bc9dba6a5f5a77,08/04/2025 10:15:00 AM,1,DRIVER,,2022298,,KENWORTH MOTOR TRUCK COMPANY,KENWORTH MOTOR TRUCK CO.,MN,2022,NONE,TRACTOR W/ SEMI-TRAILER,PERSONAL,N,STRAIGHT AHEAD,,,1,,,,,Y,,,,,,,,,,Y,Y,,FRONT,,,,,,,,,,,,,,,,,,,,,,,,,,,,,,,,,
2121351,543a699529f79969cbb09622b06648ec87a1d773ba182500266d7b94324ebd39e55a32f0c97c26fa164a686b08840d2e147776e4017cedbfc7bc9dba6a5f5a77,08/04/2025 10:15:00 AM,2,DRIVER,2,2022315,,CHRYSLER,300,IL,2012,NONE,PASSENGER,PERSONAL,SW,STRAIGHT AHEAD,Y,,3,,owner,home address,,Y,,,,,,,Y,Y,Y,Y,Y,,SIDE-LEFT,,,,,,,,,,,,,,,,,,,,,,,,,,,,,,,,,
2121270,f47b7b84eb3535baac2b2dcfbc2e3afe29870459f904d5bc33f67b635d50c3e087399a619fa030217d6e268d201cce9036f818adf7197e9faa66c367ca20cfbf,08/04/2025 10:15:00 AM,1,DRIVER,,2022217,,TESLA,MODEL 3,IL,2022,UNKNOWN,PASSENGER,PERSONAL,UNKNOWN,STRAIGHT AHEAD,,,1,,,,,,,,,,,,,,,,,Y,UNKNOWN,,,,,,,,,,,,,,,,,,,,,,,,,,,,,,,,,