CRASH_UNIT_ID,CRASH_RECORD_ID,CRASH_DATE,UNIT_NO,UNIT_TYPE,NUM_PASSENGERS,VEHICLE_ID,CMRC_VEH_I,MAKE,MODEL,LIC_PLATE_STATE,VEHICLE_YEAR,VEHICLE_DEFECT,VEHICLE_TYPE,VEHICLE_USE,TRAVEL_DIRECTION,MANEUVER,TOWED_I,FIRE_I,OCCUPANT_CNT,EXCEED_SPEED_LIMIT_I,TOWED_BY,TOWED_TO,AREA_00_I,AREA_01_I,AREA_02_I,AREA_03_I,AREA_04_I,AREA_05_I,AREA_06_I,AREA_07_I,AREA_08_I,AREA_09_I,AREA_10_I,AREA_11_I,AREA_12_I,AREA_99_I,FIRST_CONTACT_POINT,CMV_ID,USDOT_NO,CCMC_NO,ILCC_NO,COMMERCIAL_SRC,GVWR,CARRIER_NAME,CARRIER_STATE,CARRIER_CITY,HAZMAT_PLACARDS_I,HAZMAT_NAME,UN_NO,HAZMAT_PRESENT_I,HAZMAT_REPORT_I,HAZMAT_REPORT_NO,MCS_REPORT_I,MCS_REPORT_NO,HAZMAT_VIO_CAUSE_CRASH_I,MCS_VIO_CAUSE_CRASH_I,IDOT_PERMIT_NO,WIDE_LOAD_I,TRAILER1_WIDTH,TRAILER2_WIDTH,TRAILER1_LENGTH,TRAILER2_LENGTH,TOTAL_VEHICLE_LENGTH,AXLE_CNT,VEHICLE_CONFIG,CARGO_BODY_TYPE,LOAD_TYPE,HAZMAT_OUT_OF_SERVICE_I,MCS_OUT_OF_SERVICE_I,HAZMAT_CLASS
2121271,f47b7b84eb3535baac2b2dcfbc2e3afe29870459f904d5bc33f67b635d50c3e087399a619fa030217d6e268d201cce9036f818adf7197e9faa66c367ca20cfbf,08/04/2025 10:15:00 AM,2,PARKED,,2022223,,HONDA,OTHER (EXPLAIN IN NARRATIVE),IL,2004,UNKNOWN,PASSENGER,OTHER,UNKNOWN,PARKED,,,0,,,,,,,,,,,Y,Y,Y,,,,,SIDE-LEFT,,,,,,,,,,,,,,,,,,,,,,,,,,,,,,,,,
2122556,998342b637412c056c8dcf71bf1fac5a4a5a2ab4dad124282bc0cda0cdfabaa3f0df348e4a4494031ea5ce2f74d0273196fda4e9bb0d83473f2cc9cd7c50058f,08/04/2025 10:07:00 AM,1,DRIVER,,2023450,,TOYOTA,CAMRY,IL,2008,UNKNOWN,PASSENGER,PERSONAL,W,BACKING,,,1,,,,,,,,,,Y,Y,Y,,,,,,SIDE-LEFT-REAR,,,,,,,,,,,,,,,,,,,,,,,,,,,,,,,,,
2122557,998342b637412c056c8dcf71bf1fac5a4a5a2ab4dad124282bc0cda0cdfabaa3f0df348e4a4494031ea5ce2f74d0273196fda4e9bb0d83473f2cc9cd7c50058f,08/04/2025 10:07:00 AM,2,PARKED,,2023456,,FORD,FOCUS,IL,2016,NONE,PASSENGER,NOT IN USE,E,PARKED,,,0,,,,,,,,,Y,Y,Y,Y,,,,,,SIDE-LEFT-REAR,,,,,,,,,,,,,,,,,,,,,,,,,,,,,,,,,
2121247,df1b4aa17ab983810302cb355c63f79a0a4f0bc871f6e31d8a2c43b52198fc7935096137ac5a7c7c16a5ff9ea04355ade1752377a21ef2f267e8d031957d930f,08/04/2025 10:05:00 AM,1,DRIVER,,2022200,,LEXUS,IS200,IL,2016,UNKNOWN,PASSENGER,PERSONAL,W,STRAIGHT AHEAD,N,,1,,,,,Y,,,,,,,,,,Y,Y,,FRONT,,,,,,,,,,,,,,,,,,,,,,,,,,,,,,,,,
2121248,df1b4aa17ab983810302cb355c63f79a0a4f0bc871f6e31d8a2c43b52198fc7935096137ac5a7c7c16a5ff9ea04355ade1752377a21ef2f267e8d031957d930f,08/04/2025 10:05:00 AM,2,DRIVER,2,2022209,,NISSAN,PATHFINDER,IL,2023,UNKNOWN,PASSENGER,PERSONAL,W,STARTING IN TRAFFIC,,,3,,,,,,,,,,Y,,,,,,,,REAR,,,,,,,,,,,,,,,,,,,,,,,,,,,,,,,,,
2121278,15a4204292db31c14b1033496b39b0b13441fba38cb9050d534d71ef372fd3d702e694583b9b09d4db9729f16395f09e2bb9eae15f8b9c9989672badedef65ba,08/04/2025 10:00:00 AM,1,DRIVER,,2022234,N,KENWORTH MOTOR TRUCK COMPANY,KENWORTH MOTOR TRUCK CO.,TN,2024,UNKNOWN,TRACTOR W/ SEMI-TRAILER,OTHER,N,BACKING,,,1,,,,Y,,,,,,,,,,,,,,REAR,,,,,,,,,,,,,,,,,,,,,,,,,,,,,,,,,
2122588,ad5d913962d500b537690f548334abc183c66fa510d3c9e2b8bec8d4869db52bbd41840736ec83d1de600090fd2ece0b41cb27de4f7353daaa17884787805723,08/04/2025 09:55:00 AM,1,DRIVER,,2023478,,HONDA,CR-V,IL,1998,UNKNOWN,SPORT UTILITY VEHICLE (SUV),PERSONAL,S,STRAIGHT AHEAD,,,1,,,,,Y,,,,,,,,,,Y,Y,,FRONT,,,,,,,,,,,,,,,,,,,,,,,,,,,,,,,,,
2122589,ad5d913962d500b537690f548334abc183c66fa510d3c9e2b8bec8d4869db52bbd41840736ec83d1de600090fd2ece0b41cb27de4f7353daaa17884787805723,08/04/2025 09:55:00 AM,2,PARKED,,2023479,,PONTIAC,GRAND PRIX,IL,2008,UNKNOWN,PASSENGER,PERSONAL,S,PARKED,Y,,0,,,,,Y,,,,Y,Y,Y,,,,Y,Y,,TOTAL (ALL AREAS),,,,,,,,,,,,,,,,,,,,,,,,,,,,,,,,,
2122590,ad5d913962d500b537690f548334abc183c66fa510d3c9e2b8bec8d4869db52bbd41840736ec83d1de600090fd2ece0b41cb27de4f7353daaa17884787805723,08/04/2025 09:55:00 AM,3,PARKED,,2023480,,FORD,ESCAPE,IL,2019,UNKNOWN,SPORT UTILITY VEHICLE (SUV),PERSONAL,S,PARKED,,,0,,,,,,,,,Y,Y,Y,,,,,,,REAR,,,,,,,,,,,,,,,,,,,,,,,,,,,,,,,,,
2121316,3dbdfcc0af4fa28e0252ce2e002e3d49b64f8c16c88963d82d5df11db5d3aa3e06ea534097abcb331e9f1440a25bba571ca32b05b8e3cb5202afefdb3806e1aa,08/04/2025 09:53:00 AM,1,DRIVER,,2022260,,FORD,TRANSIT CONNECT,IL,2016,NONE,VAN/MINI-VAN,UNKNOWN/NA,E,BACKING,,,1,,,,,,,,,Y,Y,Y,,,,,,,REAR,,,,,,,,,,,,,,,,,,,,,,,,,,,,,,,,,
2121317,3dbdfcc0af4fa28e0252ce2e002e3d49b64f8c16c88963d82d5df11db5d3aa3e06ea534097abcb331e9f1440a25bba571ca32b05b8e3cb5202afefdb3806e1aa,08/04/2025 09:53:00 AM,2,DRIVER,1,2022276,,HYUNDAI,SANTA FE,IL,2009,NONE,SPORT UTILITY VEHICLE (SUV),PERSONAL,N,STRAIGHT AHEAD,,,2,,,,,,,Y,Y,Y,,,,,,,,,REAR-RIGHT-CORNER,,,,,,,,,,,,,,,,,,,,,,,,,,,,,,,,,
2121207,1300d4848d38032bb66069313b9e37da316318a3e5a2481d77724ebcf82e605cd701c220d4f4b960599c13acf8d3f8638b1b55d9aa0505f9bb31fd7867853ed3,08/04/2025 09:45:00 AM,1,DRIVER,,2022151,,VOLKSWAGEN,JETTA,VA,2012,NONE,PASSENGER,PERSONAL,W,STRAIGHT AHEAD,,,1,,,,,,,,,,,,,,,,Y,,FRONT,,,,,,,,,,,,,,,,,,,,,,,,,,,,,,,,,
2121208,1300d4848d38032bb66069313b9e37da316318a3e5a2481d77724ebcf82e605cd701c220d4f4b960599c13acf8d3f8638b1b55d9aa0505f9bb31fd7867853ed3,08/04/2025 09:45:00 AM,2,DRIVER,,2022156,,FORD,ESCAPE,,2025,NONE,SPORT UTILITY VEHICLE (SUV),PERSONAL,W,SLOW/STOP IN TRAFFIC,,,1,,,,,,,,,,Y,,,,,,,,REAR,,,,,,,,,,,,,,,,,,,,,,,,,,,,,,,,,
2121302,f74da72b8821089ac080d5d1538e7e6585b6058d400806d3466cb67db69c3d9a945ab6f291fee56107dc5a45f363422047672ff6f004d790397e31d07fb87f7d,08/04/2025 09:40:00 AM,1,DRIVER,,2022255,,JEEP,GRAND CHEROKEE,IL,2014,UNKNOWN,SPORT UTILITY VEHICLE (SUV),PERSONAL,S,STRAIGHT AHEAD,,,1,,,,,Y,,,,,,,,,,Y,Y,,FRONT,,,,,,,,,,,,,,,,,,,,,,,,,,,,,,,,,
2121303,f74da72b8821089ac080d5d1538e7e6585b6058d400806d3466cb67db69c3d9a945ab6f291fee56107dc5a45f363422047672ff6f004d790397e31d07fb87f7d,08/04/2025 09:40:00 AM,2,DRIVER,,2022263,,HONDA,PILOT,,2019,NONE,PASSENGER,PERSONAL,S,STRAIGHT AHEAD,,,1,,,,,,,,,Y,Y,Y,,,,,,,REAR,,,,,,,,,,,,,,,,,,,,,,,,,,,,,,,,,
2121358,399bb22ec4ed0453b8afb962699c0ed40cfd3521475eb1938bcf716765811bfb144a0afc75b89976218ada19a1693ac2b29db135a0d745485c63fa1ebc58c9c8,08/04/2025 09:36:00 AM,1,DRIVER,,2022303,,BARTOLINI CHASSIS TRAILER,BARTOLINI CHASSIS TRAILER,IL,2024,NONE,TRACTOR W/ SEMI-TRAILER,OTHER,SW,TURNING LEFT,,,1,,,,,,,,,,,Y,,,,,,,REAR-LEFT-CORNER,,,,,,,,,,,,,,,,,,,,,,,,,,,,,,,,,
2121359,399bb22ec4ed0453b8afb962699c0ed40cfd3521475eb1938bcf716765811bfb144a0afc75b89976218ada19a1693ac2b29db135a0d745485c63fa1ebc58c9c8,08/04/2025 09:36:00 AM,2,DRIVER,,2022313,,VOLVO,OTHER (EXPLAIN IN NARRATIVE),IL,2023,NONE,TRACTOR W/ SEMI-TRAILER,OTHER,E,BACKING,,,1,,,,,,,,,Y,,,,,,,,,REAR-RIGHT-CORNER,,,,,,,,,,,,,,,,,,,,,,,,,,,,,,,,,
2121191,59396a224d82a1017c94fe495c3ddfaca54d436f598f4254edf7cb9cb09a69e309b838d0bd8293b9b1543ee92c435a61f03c992230fabceb1eaa564c44dd0f54,08/04/2025 09:30:00 AM,1,DRIVER,,2022155,,BUICK,VERANO,IL,2015,UNKNOWN,PASSENGER,UNKNOWN/NA,NE,TURNING LEFT,,,1,,,,,,,,,,,,,,,Y,,,FRONT-LEFT-CORNER,,,,,,,,,,,,,,,,,,,,,,,,,,,,,,,,,
2121192,59396a224d82a1017c94fe495c3ddfaca54d436f598f4254edf7cb9cb09a69e309b838d0bd8293b9b1543ee92c435a61f03c992230fabceb1eaa564c44dd0f54,08/04/2025 09:30:00 AM,2,DRIVER,2,2022152,,NISSAN,SENTRA,IL,2024,UNKNOWN,PASSENGER,UNKNOWN/NA,S,STRAIGHT AHEAD,,,3,,,,,Y,,,,,,,,,,Y,Y,,FRONT,,,,,,,,,,,,,,,,,,,,,,,,,,,,,,,,,
2121236,af4c13f96102c8fa22f6a8001d7ddeedcfa5090a812ae4d2ae49839c14f191c2b102113d8212c7f56fa981cb72a144c34264a87a166cb6c4b8a8393c389a4e04,08/04/2025 09:30:00 AM,1,DRIVER,3,2022186,,TOYOTA,SIENNA,IL,2021,UNKNOWN,VAN/MINI-VAN,PERSONAL,N,STRAIGHT AHEAD,N,,4,,,,,Y,,,,,,,,,,Y,Y,,FRONT,,,,,,,,,,,,,,,,,,,,,,,,,,,,,,,,,
2121237,af4c13f96102c8fa22f6a8001d7ddeedcfa5090a812ae4d2ae49839c14f191c2b102113d8212c7f56fa981cb72a144c34264a87a166cb6c4b8a8393c389a4e04,08/04/2025 09:30:00 AM,2,DRIVER,,2022204,,HONDA,CIVIC,IL,2008,UNKNOWN,PASSENGER,PERSONAL,W,STRAIGHT AHEAD,,,1,,,,,,,,,,,,,,Y,Y,,,SIDE-LEFT-FRONT,,,,,,,,,,,,,,,,,,,,,,,,,,,,,,,,,
2121230,b0ef9143337c4095baf7820774b88f0e2310fe73d89c29437ac56719518ff8c15808ea826df21bdba9450dc17ce478cdab87a66d5e648fdfd40d08da64fd4cbc,08/04/2025 09:20:00 AM,1,DRIVER,,2022178,,UNKNOWN,OTHER (EXPLAIN IN NARRATIVE),IL,,UNKNOWN,SPORT UTILITY VEHICLE (SUV),PERSONAL,E,STRAIGHT AHEAD,,,1,,,,,,,,,,,,,,,,,Y,FRONT,,,,,,,,,,,,,,,,,,,,,,,,,,,,,,,,,
2121231,b0ef9143337c4095baf7820774b88f0e2310fe73d89c29437ac56719518ff8c15808ea826df21bdba9450dc17ce478cdab87a66d5e648fdfd40d08da64fd4cbc,08/04/2025 09:20:00 AM,2,DRIVER,,2022182,,DODGE,CARAVAN,IL,2017,NONE,VAN/MINI-VAN,PERSONAL,E,STRAIGHT AHEAD,,,1,,,,,,,,,Y,Y,Y,,,,,,,REAR,,,,,,,,,,,,,,,,,,,,,,,,,,,,,,,,,
2121397,bd7f91a22f375a0394858824c4a3fc23bef9fff3901946d0e6a528dabe9a5a42727a1d8160f14b4ab8a5af0f49e4027d8e1c295323b024651eb87a4549ad8f87,08/04/2025 09:20:00 AM,1,DRIVER,,2022345,,FREIGHTLINER CORPORATION,FREIGHTLINER CORP.,NY,2018,NONE,TRACTOR W/ SEMI-TRAILER,COMMERCIAL - SINGLE UNIT,N,BACKING,,,1,,,,,,,,,,Y,,,,,,,,REAR,,,,,,,,,,,,,,,,,,,,,,,,,,,,,,,,,
2121398,bd7f91a22f375a0394858824c4a3fc23bef9fff3901946d0e6a528dabe9a5a42727a1d8160f14b4ab8a5af0f49e4027d8e1c295323b024651eb87a4549ad8f87,08/04/2025 09:20:00 AM,2,DRIVER,,2022339,,NISSAN,PATHFINDER,IL,2013,NONE,PASSENGER,PERSONAL,S,STRAIGHT AHEAD,,,1,,,,,,,,,,,,,,,,Y,,FRONT,,,,,,,,,,,,,,,,,,,,,,,,,,,,,,,,,
2121203,565f92b22309b2193790b8a1a8863a0d58e1b9da2e39b2ed1be3b12733b98f1d91a3bd566802d9534c56b66ab19116f71ba4e49b8687943bb0c5ea86c5786d26,08/04/2025 09:00:00 AM,1,DRIVER,,2022150,Y,VOLVO,TRUCK,IL,2020,NONE,TRACTOR W/ SEMI-TRAILER,COMMERCIAL - MULTI-UNIT,N,STRAIGHT AHEAD,,,1,,,,,,,,,Y,,,,,,,,,SIDE-RIGHT-REAR,"21,931",3797550,,,SIDE OF TRUCK,3,CYBER TRUCK,IL,CHICAGO,,,,,,,,,,,,,,,,,,,TRACTOR/SEMI-TRAILER,VAN/ENCLOSED BOX,UNKNOWN,,,
2121204,565f92b22309b2193790b8a1a8863a0d58e1b9da2e39b2ed1be3b12733b98f1d91a3bd566802d9534c56b66ab19116f71ba4e49b8687943bb0c5ea86c5786d26,08/04/2025 09:00:00 AM,2,DRIVER,,2022153,,TOYOTA,RAV4,IL,2024,NONE,PASSENGER,PERSONAL,N,STRAIGHT AHEAD,,,1,,,,,,,,,,,,Y,Y,Y,,,,SIDE-LEFT,,,,,,,,,,,,,,,,,,,,,,,,,,,,,,,,,
2121185,292967c795a7fabacd2e88564f97c3a018e835df9d4f0b27743af3b45d60f361d90083e296765e010d832edcfbb1972410c1f734b9ede43ddd0c2892cd8c0e6c,08/04/2025 08:55:00 AM,1,DRIVER,,2022138,,BUICK,LESABRE,IL,2005,FUEL SYSTEM,PASSENGER,UNKNOWN/NA,N,UNKNOWN/NA,,,1,,,,,,,,,,,,,,,,Y,,FRONT,,,,,,,,,,,,,,,,,,,,,,,,,,,,,,,,,
2121186,292967c795a7fabacd2e88564f97c3a018e835df9d4f0b27743af3b45d60f361d90083e296765e010d832edcfbb1972410c1f734b9ede43ddd0c2892cd8c0e6c,08/04/2025 08:55:00 AM,2,DRIVER,1,2022141,,CHEVROLET,BLAZER,IL,1995,NONE,SPORT UTILITY VEHICLE (SUV),PERSONAL,N,SLOW/STOP IN TRAFFIC,,,2,,,,,,,,,,Y,,,,,,,,REAR,,,,,,,,,,,,,,,,,,,,,,,,,,,,,,,,,
2121195,51709bf959d5fbae089d4b03e28e59a783c7ca062f1dc0a0b70dc9e59e9e6ee147aaeb5b1f6ab72e3507ae6beb5963e118ed0ee3d16da7cfdc7f76d570d37b44,08/04/2025 08:45:00 AM,1,DRIVER,1,2022220,,TOYOTA,CAMRY,NY,2009,NONE,PASSENGER,PERSONAL,E,TURNING RIGHT,Y,,2,,,,,Y,Y,,,,,Y,Y,Y,Y,Y,,,SIDE-RIGHT-FRONT,,,,,,,,,,,,,,,,,,,,,,,,,,,,,,,,,
2121196,51709bf959d5fbae089d4b03e28e59a783c7ca062f1dc0a0b70dc9e59e9e6ee147aaeb5b1f6ab72e3507ae6beb5963e118ed0ee3d16da7cfdc7f76d570d37b44,08/04/2025 08:45:00 AM,2,PARKED,,2022229,,LEXUS,CT200H,IL,2012,NONE,PASSENGER,NOT IN USE,E,PARKED,,,0,,,,,,,,,,,,,,Y,Y,,,FRONT-LEFT-CORNER,,,,,,,,,,,,,,,,,,,,,,,,,,,,,,,,,
2121197,51709bf959d5fbae089d4b03e28e59a783c7ca062f1dc0a0b70dc9e59e9e6ee147aaeb5b1f6ab72e3507ae6beb5963e118ed0ee3d16da7cfdc7f76d570d37b44,08/04/2025 08:45:00 AM,3,PARKED,,2022239,,TOYOTA,CAMRY,IL,2022,NONE,PASSENGER,NOT IN USE,E,PARKED,N,,0,,,,,,,,,,Y,Y,Y,,,,,,REAR-LEFT-CORNER,,,,,,,,,,,,,,,,,,,,,,,,,,,,,,,,,
2121198,51709bf959d5fbae089d4b03e28e59a783c7ca062f1dc0a0b70dc9e59e9e6ee147aaeb5b1f6ab72e3507ae6beb5963e118ed0ee3d16da7cfdc7f76d570d37b44,08/04/2025 08:45:00 AM,4,PARKED,,2022242,,JEEP,COMPASS,IL,2016,NONE,PASSENGER,NOT IN USE,E,PARKED,,,0,,,,,,,,,,Y,,,,,,,,REAR,,,,,,,,,,,,,,,,,,,,,,,,,,,,,,,,,
2121839,375ea3a87ed6f7fd9b3cc7ded6088f4517e19ddd67b4c96e822c4daa713f1f18690016e0da5d4a856d2fd447e07f2990598548f4cb65f122430c30d5a0350cf3,08/04/2025 08:32:00 AM,1,DRIVER,,2022768,,UNKNOWN,OTHER (EXPLAIN IN NARRATIVE),,,UNKNOWN,UNKNOWN/NA,UNKNOWN/NA,UNKNOWN,UNKNOWN/NA,,,1,,,,,,,,,,,,,,,,,,UNKNOWN,,,,,,,,,,,,,,,,,,,,,,,,,,,,,,,,,
2121840,375ea3a87ed6f7fd9b3cc7ded6088f4517e19ddd67b4c96e822c4daa713f1f18690016e0da5d4a856d2fd447e07f2990598548f4cb65f122430c30d5a0350cf3,08/04/2025 08:32:00 AM,2,PARKED,,2022769,,DODGE,CARAVAN,IL,2017,NONE,VAN/MINI-VAN,NOT IN USE,W,PARKED,,,0,,,,,,,,,,,,,,,Y,Y,,FRONT-LEFT-CORNER,,,,,,,,,,,,,,,,,,,,,,,,,,,,,,,,,
2121217,bc0c54dff7d84a9763aec33efd1bc3ab98b8c5f0f429363d2cb70f0472982ca369739e7b58a1840086e8c1eca3970382fe37ff5faa5943c11ca8764a202997e0,08/04/2025 08:30:00 AM,1,DRIVER,,2022171,,KIA,OPTIMA / K5,IL,2015,NONE,PASSENGER,PERSONAL,E,STRAIGHT AHEAD,Y,,1,,,,,Y,Y,,,,,,,,Y,Y,Y,,FRONT,,,,,,,,,,,,,,,,,,,,,,,,,,,,,,,,,
2121218,bc0c54dff7d84a9763aec33efd1bc3ab98b8c5f0f429363d2cb70f0472982ca369739e7b58a1840086e8c1eca3970382fe37ff5faa5943c11ca8764a202997e0,08/04/2025 08:30:00 AM,2,DRIVER,2,2022179,,VOLKSWAGEN,JETTA,IL,2020,NONE,PASSENGER,PERSONAL,E,STRAIGHT AHEAD,,,3,,,,,,,,,Y,Y,Y,,,,,,,REAR,,,,,,,,,,,,,,,,,,,,,,,,,,,,,,,,,
2121263,01815eb1968e1017a849dc9f07c5b234015db5108b7a8981f722085e0e150c05fb31670ac1b2e28b83f60d221033d5c608611614534648c24f9ce5f5220f2488,08/04/2025 08:15:00 AM,1,DRIVER,1,2022360,,GENERAL MOTORS CORPORATION (GMC),TRUCK,IL,1995,NONE,TRUCK - SINGLE UNIT,STATE OWNED,NW,BACKING,,,2,,,,Y,,,,,,Y,,,,,,,,REAR,,,,,,,,,,,,,,,,,,,,,,,,,,,,,,,,,
2121179,715dff393aae258a096a4f2467f503b6596c5cf37dced6f0d23143f15b4c4faac234376647d00a66ed105a9d80285b4ffdc3db17f7fcda36d29eb9daf861090c,08/04/2025 08:15:00 AM,1,DRIVER,,2022131,,GENERAL MOTORS CORPORATION (GMC),SIERRA,IL,2021,UNKNOWN,PICKUP,UNKNOWN/NA,E,STRAIGHT AHEAD,,,1,,,,,Y,,,,,,,,,,Y,Y,,FRONT,,,,,,,,,,,,,,,,,,,,,,,,,,,,,,,,,
2121180,715dff393aae258a096a4f2467f503b6596c5cf37dced6f0d23143f15b4c4faac234376647d00a66ed105a9d80285b4ffdc3db17f7fcda36d29eb9daf861090c,08/04/2025 08:15:00 AM,2,DRIVER,,2022129,,HONDA,ODYSSEY,IL,2011,UNKNOWN,VAN/MINI-VAN,PERSONAL,E,SLOW/STOP IN TRAFFIC,,,1,,,,,,,,,Y,Y,Y,,,,,,,REAR,,,,,,,,,,,,,,,,,,,,,,,,,,,,,,,,,
2121176,a996017e26b1c4272587d1accf289bc5ffe349611cb320d0b0c4baa2b0fbd74a5e25225403b135ff00194ab20120073d23dfe202a2a9a432b86e4885e2d02629,08/04/2025 08:08:00 AM,1,DRIVER,,2022130,,NISSAN,PATHFINDER,IL,2016,BRAKES,PASSENGER,PERSONAL,E,PASSING/OVERTAKING,Y,,1,,PRIVATE,,,Y,Y,,,,,,,,Y,Y,Y,,SIDE-LEFT,,,,,,,,,,,,,,,,,,,,,,,,,,,,,,,,,
2121177,a996017e26b1c4272587d1accf289bc5ffe349611cb320d0b0c4baa2b0fbd74a5e25225403b135ff00194ab20120073d23dfe202a2a9a432b86e4885e2d02629,08/04/2025 08:08:00 AM,2,DRIVER,1,2022132,,HONDA,ODYSSEY,NC,2010,NONE,PASSENGER,PERSONAL,E,STRAIGHT AHEAD,,,2,,,,,,Y,,,,,,,,Y,,,,SIDE-RIGHT,,,,,,,,,,,,,,,,,,,,,,,,,,,,,,,,,
2121178,a996017e26b1c4272587d1accf289bc5ffe349611cb320d0b0c4baa2b0fbd74a5e25225403b135ff00194ab20120073d23dfe202a2a9a432b86e4885e2d02629,08/04/2025 08:08:00 AM,3,PARKED,,2022136,,DODGE,CHARGER,IL,2007,NONE,PASSENGER,NOT IN USE,W,PARKED,Y,,0,,PRIVATE,,,,,,,,,,,,Y,Y,,,FRONT-LEFT-CORNER,,,,,,,,,,,,,,,,,,,,,,,,,,,,,,,,,
2121831,250d1109b1e6409fb2f95fbc3261f1971f08ede75477d0726edbf2a33b87a7079db442f16ba12196be298cc7afca3e913a1b29d4bb794b8ee45f2eec9eb64b40,08/04/2025 08:00:00 AM,1,DRIVER,,2022764,,HYUNDAI,SONATA,IL,2015,NONE,PASSENGER,PERSONAL,E,STRAIGHT AHEAD,,,1,,,,,Y,,,,,,,,,,Y,Y,,FRONT,,,,,,,,,,,,,,,,,,,,,,,,,,,,,,,,,
2121832,250d1109b1e6409fb2f95fbc3261f1971f08ede75477d0726edbf2a33b87a7079db442f16ba12196be298cc7afca3e913a1b29d4bb794b8ee45f2eec9eb64b40,08/04/2025 08:00:00 AM,2,DRIVER,,2022770,,HONDA,HR-V,IL,,NONE,SPORT UTILITY VEHICLE (SUV),NOT IN USE,E,SLOW/STOP IN TRAFFIC,,,1,,,,,,,,,,Y,,,,,,,,REAR,,,,,,,,,,,,,,,,,,,,,,,,,,,,,,,,,
2121281,763d69680e56929810c1d6f454ef6530d066ddf6742df740367539f8f0bfd71372bcdfa7f4d1af0192e159241eb846857472572fe68e1b126e7592c7df1fc367,08/04/2025 08:00:00 AM,1,DRIVER,,2022226,,UNKNOWN,MOTORIZED,,,UNKNOWN,UNKNOWN/NA,UNKNOWN/NA,UNKNOWN,PASSING/OVERTAKING,,,1,,,,,,,,,,,,,,,,,Y,UNKNOWN,,,,,,,,,,,,,,,,,,,,,,,,,,,,,,,,,
2121282,763d69680e56929810c1d6f454ef6530d066ddf6742df740367539f8f0bfd71372bcdfa7f4d1af0192e159241eb846857472572fe68e1b126e7592c7df1fc367,08/04/2025 08:00:00 AM,2,PARKED,,2022230,,LAND ROVER,RANGE ROVER (EVOQUE / SPORT / VELAR),IL,2019,UNKNOWN,SPORT UTILITY VEHICLE (SUV),PERSONAL,S,PARKED,,,0,,,,,,Y,Y,Y,,,,,,,,,,SIDE-RIGHT,,,,,,,,,,,,,,,,,,,,,,,,,,,,,,,,,
2121174,978a30cf784d6f66cf2334e9e5f46a0bb6b80870d179dae76e82a9d67b13083f03aca2b92a6c2188b41a15cf557f2a27074fdc709c4a6b3dc40ca9fb14005e8a,08/04/2025 08:00:00 AM,1,DRIVER,,2022127,Y,UNKNOWN,OTHER (EXPLAIN IN NARRATIVE),IL,2002,UNKNOWN,SINGLE UNIT TRUCK WITH TRAILER,TOW TRUCK,N,TURNING LEFT,,,1,,,,,,,,,,,Y,,,,,,,REAR-LEFT-CORNER,"21,929",,,,,1,CABO CONSTRUCTION CORP,IL,CHICAGO,,,,N,U,,U,,N,U,,,,,,,,,TRACTOR/DOUBLES,AUTO TRANSPORTER,UNKNOWN,N,N,
2121175,978a30cf784d6f66cf2334e9e5f46a0bb6b80870d179dae76e82a9d67b13083f03aca2b92a6c2188b41a15cf557f2a27074fdc709c4a6b3dc40ca9fb14005e8a,08/04/2025 08:00:00 AM,2,DRIVER,,2022135,,CHEVROLET,TAHOE,IL,2019,NONE,SPORT UTILITY VEHICLE (SUV),PERSONAL,N,SLOW/STOP IN TRAFFIC,,,1,,,,,Y,Y,,,,,,,,,,Y,,FRONT-RIGHT-CORNER,,,,,,,,,,,,,,,,,,,,,,,,,,,,,,,,,
2121182,202cad5419ae66ed0815b23571a6581fb76cc9d2cc0e04ea294a6dca2fb3b4bb4b2238a5e73da50065a857d551a758d0ea839917f26889648b95dc304e267fcd,08/04/2025 07:55:00 AM,1,DRIVER,,2022134,,VOLKSWAGEN,JETTA,IL,2021,NONE,PASSENGER,PERSONAL,W,STRAIGHT AHEAD,Y,,1,,PRIVATE,PRIVATE,,,,,,,,,,,Y,Y,Y,,FRONT-LEFT-CORNER,,,,,,,,,,,,,,,,,,,,,,,,,,,,,,,,,
2121183,202cad5419ae66ed0815b23571a6581fb76cc9d2cc0e04ea294a6dca2fb3b4bb4b2238a5e73da50065a857d551a758d0ea839917f26889648b95dc304e267fcd,08/04/2025 07:55:00 AM,3,PARKED,,2022139,,FORD,ECONOLINE E150,IL,2006,UNKNOWN,VAN/MINI-VAN,NOT IN USE,W,PARKED,,,0,,,,,,,,,,,,Y,Y,Y,,,,SIDE-LEFT-FRONT,,,,,,,,,,,,,,,,,,,,,,,,,,,,,,,,,
2121184,202cad5419ae66ed0815b23571a6581fb76cc9d2cc0e04ea294a6dca2fb3b4bb4b2238a5e73da50065a857d551a758d0ea839917f26889648b95dc304e267fcd,08/04/2025 07:55:00 AM,2,PARKED,,2022140,,ACURA,ADX,IL,2010,UNKNOWN,SPORT UTILITY VEHICLE (SUV),NOT IN USE,W,PARKED,,,0,,,,,,,,,,,Y,Y,Y,Y,Y,,,FRONT-LEFT-CORNER,,,,,,,,,,,,,,,,,,,,,,,,,,,,,,,,,