CRASH_UNIT_ID,CRASH_RECORD_ID,CRASH_DATE,UNIT_NO,UNIT_TYPE,NUM_PASSENGERS,VEHICLE_ID,CMRC_VEH_I,MAKE,MODEL,LIC_PLATE_STATE,VEHICLE_YEAR,VEHICLE_DEFECT,VEHICLE_TYPE,VEHICLE_USE,TRAVEL_DIRECTION,MANEUVER,TOWED_I,FIRE_I,OCCUPANT_CNT,EXCEED_SPEED_LIMIT_I,TOWED_BY,TOWED_TO,AREA_00_I,AREA_01_I,AREA_02_I,AREA_03_I,AREA_04_I,AREA_05_I,AREA_06_I,AREA_07_I,AREA_08_I,AREA_09_I,AREA_10_I,AREA_11_I,AREA_12_I,AREA_99_I,FIRST_CONTACT_POINT,CMV_ID,USDOT_NO,CCMC_NO,ILCC_NO,COMMERCIAL_SRC,GVWR,CARRIER_NAME,CARRIER_STATE,CARRIER_CITY,HAZMAT_PLACARDS_I,HAZMAT_NAME,UN_NO,HAZMAT_PRESENT_I,HAZMAT_REPORT_I,HAZMAT_REPORT_NO,MCS_REPORT_I,MCS_REPORT_NO,HAZMAT_VIO_CAUSE_CRASH_I,MCS_VIO_CAUSE_CRASH_I,IDOT_PERMIT_NO,WIDE_LOAD_I,TRAILER1_WIDTH,TRAILER2_WIDTH,TRAILER1_LENGTH,TRAILER2_LENGTH,TOTAL_VEHICLE_LENGTH,AXLE_CNT,VEHICLE_CONFIG,CARGO_BODY_TYPE,LOAD_TYPE,HAZMAT_OUT_OF_SERVICE_I,MCS_OUT_OF_SERVICE_I,HAZMAT_CLASS
2121172,c11a120f59814fe3d1c46d6820880e14405efe496a464850346f9bdd20344c5245ff290feb8c53a680989654191a195af6793750b8fb111ac0777a3f5876e713,08/04/2025 07:52:00 AM,1,DRIVER,1,2022125,,HONDA,CR-V,IL,2004,NONE,PASSENGER,PERSONAL,N,STRAIGHT AHEAD,,,2,,,,,Y,,,,,,,,,,Y,Y,,FRONT,,,,,,,,,,,,,,,,,,,,,,,,,,,,,,,,,
2121173,c11a120f59814fe3d1c46d6820880e14405efe496a464850346f9bdd20344c5245ff290feb8c53a680989654191a195af6793750b8fb111ac0777a3f5876e713,08/04/2025 07:52:00 AM,2,DRIVER,,2022128,,NISSAN,PATHFINDER,IL,2018,NONE,PASSENGER,PERSONAL,E,STRAIGHT AHEAD,,,1,,,,,,Y,Y,Y,Y,,,,,,,,,SIDE-RIGHT,,,,,,,,,,,,,,,,,,,,,,,,,,,,,,,,,
2128550,bf26e279f9cbf63e3255c89be9698ec0c26199782f5be900c9d589bdf569c017db852da5c5824235132266a164a0723c92ad61630d015361004b43ea13ea8c45,08/04/2025 07:45:00 AM,1,DRIVER,,2029123,,UNKNOWN,OTHER (EXPLAIN IN NARRATIVE),,,UNKNOWN,OTHER,OTHER,UNKNOWN,UNKNOWN/NA,,,1,,,,,,,,,,,,,,,,,Y,UNKNOWN,,,,,,,,,,,,,,,,,,,,,,,,,,,,,,,,,
2128551,bf26e279f9cbf63e3255c89be9698ec0c26199782f5be900c9d589bdf569c017db852da5c5824235132266a164a0723c92ad61630d015361004b43ea13ea8c45,08/04/2025 07:45:00 AM,2,PARKED,,2029114,,HONDA,ELEMENT,IL,2010,UNKNOWN,PASSENGER,NOT IN USE,W,PARKED,,,0,,,,,,,,,,,,,,,,Y,,FRONT-LEFT-CORNER,,,,,,,,,,,,,,,,,,,,,,,,,,,,,,,,,
2121209,29d9b9d98eeb597ec9170bf134df35e4ca64f14bab37d115eeef8727d758ba80502a5776485774c54e9eb03210cce4c0af1e11675bbe4f8b1c3f062e62fc2b55,08/04/2025 07:40:00 AM,1,DRIVER,,2022157,,JEEP,LIBERTY,IL,2007,UNKNOWN,SPORT UTILITY VEHICLE (SUV),UNKNOWN/NA,W,STRAIGHT AHEAD,,,1,,,,,Y,,,,,,,,,,,,,FRONT-RIGHT-CORNER,,,,,,,,,,,,,,,,,,,,,,,,,,,,,,,,,
2121210,29d9b9d98eeb597ec9170bf134df35e4ca64f14bab37d115eeef8727d758ba80502a5776485774c54e9eb03210cce4c0af1e11675bbe4f8b1c3f062e62fc2b55,08/04/2025 07:40:00 AM,2,DRIVER,,2022163,,TESLA,MODEL Y,MD,2021,UNKNOWN,PASSENGER,PERSONAL,W,ENTERING TRAFFIC LANE FROM PARKING,,,1,,,,,,,,,,,,,,,Y,,,FRONT-LEFT-CORNER,,,,,,,,,,,,,,,,,,,,,,,,,,,,,,,,,
2121167,903266ba2d403d029e460f945f3fdc22a0ee4569b2e20dea0cf99ba8bf4c812406dccdd57667e3c8a7201914ea4f153774231a98dd46cc05669d25891a67dfc1,08/04/2025 07:40:00 AM,1,DRIVER,,2022117,,UNKNOWN,OTHER (EXPLAIN IN NARRATIVE),IL,,UNKNOWN,UNKNOWN/NA,UNKNOWN/NA,UNKNOWN,UNKNOWN/NA,,,1,,,,,Y,Y,,,,,,,,,,,,FRONT-RIGHT-CORNER,,,,,,,,,,,,,,,,,,,,,,,,,,,,,,,,,
2121168,903266ba2d403d029e460f945f3fdc22a0ee4569b2e20dea0cf99ba8bf4c812406dccdd57667e3c8a7201914ea4f153774231a98dd46cc05669d25891a67dfc1,08/04/2025 07:40:00 AM,2,PARKED,,2022119,,FORD,MAVERICK TRUCK,IL,2023,UNKNOWN,PICKUP,PERSONAL,S,PARKED,,,0,,,,,,,,,,,Y,Y,,,,,,SIDE-LEFT-REAR,,,,,,,,,,,,,,,,,,,,,,,,,,,,,,,,,
2121181,4dd21f4977e85a9ec02a16ad8b119e09940166a6346b16b992f3a408048c36f3f342061e9c3d48c4c6743438aaad73d36f30c20a556a15ea0470e928236145cf,08/04/2025 07:34:00 AM,1,DRIVER,,2022137,Y,NEW FLYER,OTHER (EXPLAIN IN NARRATIVE),IL,2007,UNKNOWN,BUS OVER 15 PASS.,CTA,N,AVOIDING VEHICLES/OBJECTS,,,1,,,,Y,,,,,,,,,,,,,,FRONT-LEFT-CORNER,"21,930",,,,DRIVER,,CHICAGO TRANSIT AUTHORITY,IL,CHICAGO,,,,N,N,,N,,N,N,,,,,,,1,,BUS,BUS,UNKNOWN,N,N,
2121245,4124ffe84e879d4644d750c25e40ffacb39adaa17478753ad4b1d86721f58fdd9d645b470664a8d9ac2e09a3ea43a42409896ca1c2917a40179d751a8ef4a4e8,08/04/2025 07:30:00 AM,1,DRIVER,,2022193,,GENERAL MOTORS CORPORATION (GMC),TERRAIN,IL,2013,UNKNOWN,PASSENGER,PERSONAL,N,BACKING,,,1,,,,,,,,,,,Y,,,,,,,REAR-LEFT-CORNER,,,,,,,,,,,,,,,,,,,,,,,,,,,,,,,,,
2121246,4124ffe84e879d4644d750c25e40ffacb39adaa17478753ad4b1d86721f58fdd9d645b470664a8d9ac2e09a3ea43a42409896ca1c2917a40179d751a8ef4a4e8,08/04/2025 07:30:00 AM,2,PARKED,,2022197,,CHEVROLET,MALIBU,IL,2022,NONE,PASSENGER,PERSONAL,N,PARKED,,,0,,,,,,,,,,,Y,,,,,,,REAR-LEFT-CORNER,,,,,,,,,,,,,,,,,,,,,,,,,,,,,,,,,
2121162,2016fbd2bb7a9e62bc56f62d79210f6039ad2e9a1564c676f22f44513bc17f6b3a49dad86042c3416c0381b7a156241df5a2f523b1a6e49b9165f25af32bfbb4,08/04/2025 07:10:00 AM,1,DRIVER,,2022115,,NEW FLYER,OTHER (EXPLAIN IN NARRATIVE),IL,2008,NONE,BUS OVER 15 PASS.,CTA,E,STRAIGHT AHEAD,,,1,,,,,,,,,,,,,,,,Y,,FRONT,,,,,,,,,,,,,,,,,,,,,,,,,,,,,,,,,
2121163,2016fbd2bb7a9e62bc56f62d79210f6039ad2e9a1564c676f22f44513bc17f6b3a49dad86042c3416c0381b7a156241df5a2f523b1a6e49b9165f25af32bfbb4,08/04/2025 07:10:00 AM,2,DRIVER,,2022118,,JEEP,WRANGLER,FL,2012,NONE,PASSENGER,PERSONAL,E,STRAIGHT AHEAD,,,1,,,,,,,,,Y,Y,Y,,,,,,,REAR,,,,,,,,,,,,,,,,,,,,,,,,,,,,,,,,,
2121164,72d38fce69e0fa25bcbb359845c75fda911f43949bf161bd3241784ae176c0d31e5e85b26097e0397634bf0d04d6eabb217839c83a34473666a3dc6e8d087f70,08/04/2025 07:05:00 AM,1,DRIVER,,2022133,,FORD,ESCAPE,IL,2012,NONE,SPORT UTILITY VEHICLE (SUV),UNKNOWN/NA,W,STRAIGHT AHEAD,Y,,1,,STREETS AND SANITATION,701 N SACRAMENTO BLVD,,Y,,,,,,,,,,Y,Y,,FRONT,,,,,,,,,,,,,,,,,,,,,,,,,,,,,,,,,
2121159,e6a3fa5294aae78458abe102ac1f9aa937da5c4d5f2d46e4548260aa1997a30e4c6d4a72a515a0621f89024359813fcece82e683b9f0f44c114f5ecb653d614e,08/04/2025 07:05:00 AM,1,DRIVER,,2022109,,DODGE,DURANGO,XX,,UNKNOWN,UNKNOWN/NA,UNKNOWN/NA,E,STRAIGHT AHEAD,,,1,,,,,,,,,,,,,,,,,Y,UNKNOWN,,,,,,,,,,,,,,,,,,,,,,,,,,,,,,,,,
2121160,e6a3fa5294aae78458abe102ac1f9aa937da5c4d5f2d46e4548260aa1997a30e4c6d4a72a515a0621f89024359813fcece82e683b9f0f44c114f5ecb653d614e,08/04/2025 07:05:00 AM,2,DRIVER,1,2022112,,DODGE,DURANGO,IL,2015,NONE,PASSENGER,PERSONAL,N,STRAIGHT AHEAD,Y,,2,,triple a,,,Y,Y,,Y,Y,Y,Y,Y,N,,,N,,TOTAL (ALL AREAS),,,,,,,,,,,,,,,,,,,,,,,,,,,,,,,,,
2121152,93b6fc119c02c306df5b5d326c17df04dfff1d2960a0ebc9c47d1459a440d258388ec47bc863926d7fac28d0a03b30e3c270db25b0b9a8e8a723d0108bb3831a,08/04/2025 06:59:00 AM,1,DRIVER,,2022113,,UNKNOWN,MOTORIZED,IL,2024,NONE,OTHER,PERSONAL,N,STRAIGHT AHEAD,,,1,,,,,,,Y,,,,,,,,,,,SIDE-RIGHT,,,,,,,,,,,,,,,,,,,,,,,,,,,,,,,,,
2121143,153587636a4d0f5f0e8af1d060bb8945e5e6306c46a997c09c16049adeb3e788486f13cb9ae3a88466dc8ce99e83ec15aa48ed98a760b2bd5f66052cc6254017,08/04/2025 06:42:00 AM,1,DRIVER,,2022098,,TOYOTA,PRIUS,IL,2015,NONE,OTHER,PERSONAL,E,STRAIGHT AHEAD,Y,,1,,,,,Y,,,,,,,,,,,,,FRONT,,,,,,,,,,,,,,,,,,,,,,,,,,,,,,,,,
2121144,153587636a4d0f5f0e8af1d060bb8945e5e6306c46a997c09c16049adeb3e788486f13cb9ae3a88466dc8ce99e83ec15aa48ed98a760b2bd5f66052cc6254017,08/04/2025 06:42:00 AM,2,DRIVER,,2022099,,TOYOTA,HIGHLANDER,IL,2013,NONE,PASSENGER,PERSONAL,E,STRAIGHT AHEAD,,,1,,,,,,,,,,Y,,,,,,,,REAR,,,,,,,,,,,,,,,,,,,,,,,,,,,,,,,,,
2121150,0c57f8412b28820cd805955685769a8b884e5c2bb0a4cd3dbb8396a1944e9450ae281dd9b6575c27a1c5c98daf14920dd4b99491eda0c7414a062589cd34602a,08/04/2025 06:40:00 AM,1,DRIVER,1,2022101,,FORD,ESCAPE,IL,2014,UNKNOWN,SPORT UTILITY VEHICLE (SUV),PERSONAL,W,STRAIGHT AHEAD,Y,,2,,,,,Y,Y,,,,,,,,,,Y,,FRONT-RIGHT-CORNER,,,,,,,,,,,,,,,,,,,,,,,,,,,,,,,,,
2121151,0c57f8412b28820cd805955685769a8b884e5c2bb0a4cd3dbb8396a1944e9450ae281dd9b6575c27a1c5c98daf14920dd4b99491eda0c7414a062589cd34602a,08/04/2025 06:40:00 AM,2,PARKED,,2022102,,MAZDA,MAZDA3,IL,2020,UNKNOWN,PASSENGER,NOT IN USE,W,PARKED,Y,,0,,,,,,,,,,Y,Y,Y,Y,Y,,,,REAR-LEFT-CORNER,,,,,,,,,,,,,,,,,,,,,,,,,,,,,,,,,
2121619,50b339313a45c07a0de0f1a0aab4e36aa0723a3e6d1c8124f46aaa2e5ddcefdaa89f6aee6a6dccdf17e15fb72af3f8833e4bd8e4ddaf53e9c4771df46a97cbe5,08/04/2025 06:40:00 AM,1,DRIVER,,2022564,,TOYOTA,CAMRY,IL,,UNKNOWN,PASSENGER,PERSONAL,E,STRAIGHT AHEAD,,,1,,,,,Y,,,,,,,,,,Y,Y,,FRONT,,,,,,,,,,,,,,,,,,,,,,,,,,,,,,,,,
2121620,50b339313a45c07a0de0f1a0aab4e36aa0723a3e6d1c8124f46aaa2e5ddcefdaa89f6aee6a6dccdf17e15fb72af3f8833e4bd8e4ddaf53e9c4771df46a97cbe5,08/04/2025 06:40:00 AM,2,DRIVER,,2022575,,HONDA,FIT,IL,,UNKNOWN,PASSENGER,PERSONAL,N,STRAIGHT AHEAD,,,1,,,,,,,,,,,,Y,Y,Y,,,,SIDE-LEFT,,,,,,,,,,,,,,,,,,,,,,,,,,,,,,,,,
2121510,4a45d747be931287e137f7f83c4fd38821603bf13c337b9b4ed3b0f29f95ff785206ea766afe9fefa9d93a199dfa0abc40332ca9be27b6e16190ac83f44e738a,08/04/2025 06:30:00 AM,2,PARKED,,2022441,,NISSAN,ROGUE,IL,2020,NONE,SPORT UTILITY VEHICLE (SUV),PERSONAL,E,PARKED,,,0,,,,,Y,Y,Y,Y,Y,,,,,,,,,SIDE-RIGHT,,,,,,,,,,,,,,,,,,,,,,,,,,,,,,,,,
2121522,4a45d747be931287e137f7f83c4fd38821603bf13c337b9b4ed3b0f29f95ff785206ea766afe9fefa9d93a199dfa0abc40332ca9be27b6e16190ac83f44e738a,08/04/2025 06:30:00 AM,1,DRIVER,,2022459,,UNKNOWN,OTHER (EXPLAIN IN NARRATIVE),IL,,UNKNOWN,UNKNOWN/NA,UNKNOWN/NA,E,STRAIGHT AHEAD,,,1,,,,,,,,,,,Y,Y,Y,Y,Y,,,SIDE-LEFT,,,,,,,,,,,,,,,,,,,,,,,,,,,,,,,,,
2121201,7ed09043a13b6913284f4c6efb1baeb34dbe17d0b78ce780ee1983d92b480f807da7df9db2e038e660f1f30d6a95356701b0ebce6780e3251583b01ee7b73cd7,08/04/2025 06:30:00 AM,1,DRIVER,,2022146,,UNKNOWN,OTHER (EXPLAIN IN NARRATIVE),,,UNKNOWN,UNKNOWN/NA,UNKNOWN/NA,S,UNKNOWN/NA,,,1,,,,,,,,,,,,,,,,,Y,UNKNOWN,,,,,,,,,,,,,,,,,,,,,,,,,,,,,,,,,
2121202,7ed09043a13b6913284f4c6efb1baeb34dbe17d0b78ce780ee1983d92b480f807da7df9db2e038e660f1f30d6a95356701b0ebce6780e3251583b01ee7b73cd7,08/04/2025 06:30:00 AM,2,PARKED,,2022148,,KIA,TELLURIDE,IL,2025,UNKNOWN,PASSENGER,PERSONAL,S,PARKED,,,0,,,,,,,,,,,,,Y,Y,Y,,,FRONT-LEFT-CORNER,,,,,,,,,,,,,,,,,,,,,,,,,,,,,,,,,
2121189,ea1722919606b63517aa30c830048bc18fe34801fa285175d1042681a5ebd9ef34279f89b15831345f190c7598dd5a4159c996554be05d75ed5bfe8485b04e1f,08/04/2025 06:30:00 AM,1,DRIVER,,2022173,,NISSAN,KICKS,IL,2025,UNKNOWN,PASSENGER,OTHER,W,STRAIGHT AHEAD,,,1,,,,,,,,,,,,Y,Y,Y,,,,SIDE-LEFT,,,,,,,,,,,,,,,,,,,,,,,,,,,,,,,,,
2121190,ea1722919606b63517aa30c830048bc18fe34801fa285175d1042681a5ebd9ef34279f89b15831345f190c7598dd5a4159c996554be05d75ed5bfe8485b04e1f,08/04/2025 06:30:00 AM,2,DRIVER,,2022185,,CHEVROLET,TRAX,IL,2021,UNKNOWN,PASSENGER,PERSONAL,S,STRAIGHT AHEAD,,,1,,,,,Y,,,,,,,,,,Y,Y,,FRONT,,,,,,,,,,,,,,,,,,,,,,,,,,,,,,,,,
2121211,ea1722919606b63517aa30c830048bc18fe34801fa285175d1042681a5ebd9ef34279f89b15831345f190c7598dd5a4159c996554be05d75ed5bfe8485b04e1f,08/04/2025 06:30:00 AM,3,DRIVER,,2022168,,FORD,EXPEDITION,IL,2008,UNKNOWN,PASSENGER,PERSONAL,W,STRAIGHT AHEAD,,,1,,,,,Y,,,,,,,,,,,,,FRONT-RIGHT-CORNER,,,,,,,,,,,,,,,,,,,,,,,,,,,,,,,,,
2121155,659b815727f5d3712c716b254d435e2a13b3fcc6e82ead184ebe9623b5b7ee5664c61ad460d56bef7f99c6203d7c5beb9c678b6efc7f6c285614659cd1a532b5,08/04/2025 06:01:00 AM,1,DRIVER,,2022108,,CHEVROLET,EQUINOX,IL,,UNKNOWN,UNKNOWN/NA,UNKNOWN/NA,W,UNKNOWN/NA,,,1,,,,,Y,,,,,,,,,,Y,Y,Y,FRONT,,,,,,,,,,,,,,,,,,,,,,,,,,,,,,,,,
2121156,659b815727f5d3712c716b254d435e2a13b3fcc6e82ead184ebe9623b5b7ee5664c61ad460d56bef7f99c6203d7c5beb9c678b6efc7f6c285614659cd1a532b5,08/04/2025 06:01:00 AM,2,DRIVER,,2022111,,LEXUS,NX,MS,2025,UNKNOWN,PASSENGER,PERSONAL,W,STRAIGHT AHEAD,,,1,,,,,,,,Y,Y,Y,Y,Y,,,,,Y,REAR,,,,,,,,,,,,,,,,,,,,,,,,,,,,,,,,,
2122341,9a4e8d793f4cfc5bd4e7ce06db0a602d3dae53d588612c3f409413aad57b87cc4b2218e64abc3900b11c8deef57a053226293a8d49c3ae9b920e01ff608a5bed,08/04/2025 06:00:00 AM,1,DRIVER,,2023253,,MAZDA,CX-5,IL,2024,UNKNOWN,SPORT UTILITY VEHICLE (SUV),UNKNOWN/NA,W,STRAIGHT AHEAD,,,1,,,,,,,,,,,,,,,,Y,,FRONT,,,,,,,,,,,,,,,,,,,,,,,,,,,,,,,,,
2122342,9a4e8d793f4cfc5bd4e7ce06db0a602d3dae53d588612c3f409413aad57b87cc4b2218e64abc3900b11c8deef57a053226293a8d49c3ae9b920e01ff608a5bed,08/04/2025 06:00:00 AM,2,DRIVER,,2023258,,TOYOTA,CAMRY,IL,2023,NONE,PASSENGER,PERSONAL,W,STRAIGHT AHEAD,,,1,,,,,,,,,,Y,,,,,,,,REAR,,,,,,,,,,,,,,,,,,,,,,,,,,,,,,,,,
2121141,c1a04221c4c30a8e7578942ef895f2568b3febd0de7213d3d5b8e607c795562ceacef6be4db3b02a32dc1d07e4c6024bece952e6b029890efe1c0f7da0ab209f,08/04/2025 06:00:00 AM,1,DRIVER,,2022090,,MAZDA,NAVAJO,IL,2018,UNKNOWN,VAN/MINI-VAN,UNKNOWN/NA,S,STRAIGHT AHEAD,,,1,,,,,,,,,,,,,,Y,Y,,,SIDE-LEFT-FRONT,,,,,,,,,,,,,,,,,,,,,,,,,,,,,,,,,
2121142,c1a04221c4c30a8e7578942ef895f2568b3febd0de7213d3d5b8e607c795562ceacef6be4db3b02a32dc1d07e4c6024bece952e6b029890efe1c0f7da0ab209f,08/04/2025 06:00:00 AM,2,DRIVER,1,2022094,,KIA,SPORTAGE,IL,2023,NONE,SPORT UTILITY VEHICLE (SUV),PERSONAL,S,STRAIGHT AHEAD,,,2,,,,,,,,Y,Y,,,,,,,,,SIDE-RIGHT-REAR,,,,,,,,,,,,,,,,,,,,,,,,,,,,,,,,,
2121137,e356ef6a0f0dc41facb6df088144c8087247587d5df1ce8868716e77b6df55e5d8edb6830c376a1164b2e08a07bd09ebb42f9a392cac03010ba52e5618dd8110,08/04/2025 05:45:00 AM,1,DRIVER,,2022086,,ACURA,ADX,IL,2024,UNKNOWN,PASSENGER,PERSONAL,W,CHANGING LANES,,,1,,,,,Y,,,,,,,,,,,,,FRONT-RIGHT-CORNER,,,,,,,,,,,,,,,,,,,,,,,,,,,,,,,,,
2121138,e356ef6a0f0dc41facb6df088144c8087247587d5df1ce8868716e77b6df55e5d8edb6830c376a1164b2e08a07bd09ebb42f9a392cac03010ba52e5618dd8110,08/04/2025 05:45:00 AM,2,DRIVER,,2022087,,CADILLAC,SRX,IL,2011,OTHER,OTHER VEHICLE WITH TRAILER,PERSONAL,W,STRAIGHT AHEAD,,,1,,,,,,,,,,,,Y,Y,Y,,,,SIDE-LEFT,,,,,,,,,,,,,,,,,,,,,,,,,,,,,,,,,
2121933,5127f2219ec6f38357fc0796361cf7ef276efcef5b62726537dfc6f618b504754f1e37e7d0e08eb000743c29cc6d6b1c07df329b855811ba4f376a2908ef2f8e,08/04/2025 05:30:00 AM,1,DRIVER,,2022861,,TOYOTA,CAMRY,IL,2015,UNKNOWN,PASSENGER,PERSONAL,W,UNKNOWN/NA,,,1,,,,,,,,,,,,,,,,,Y,UNKNOWN,,,,,,,,,,,,,,,,,,,,,,,,,,,,,,,,,
2121934,5127f2219ec6f38357fc0796361cf7ef276efcef5b62726537dfc6f618b504754f1e37e7d0e08eb000743c29cc6d6b1c07df329b855811ba4f376a2908ef2f8e,08/04/2025 05:30:00 AM,2,PARKED,,2022863,,CADILLAC,CT5,IL,2023,NONE,PASSENGER,NOT IN USE,W,PARKED,,,0,,,,,Y,Y,,,,,,,,,,,,FRONT-RIGHT-CORNER,,,,,,,,,,,,,,,,,,,,,,,,,,,,,,,,,
2121145,9e8523e1c0f6c6606355682d86dc5aa8aa15fa1b4e06994d3b4a5dafc9973279d903f7b43408cc3d75cdde86371503be874ec460894d0c7a145a021b4fc391ed,08/04/2025 05:09:00 AM,1,DRIVER,,2022106,,KIA,SOUL,MD,2016,UNKNOWN,SPORT UTILITY VEHICLE (SUV),OTHER,N,TURNING RIGHT,Y,,1,,,,,Y,,,,,,,,,,Y,Y,,FRONT,,,,,,,,,,,,,,,,,,,,,,,,,,,,,,,,,
2121146,9e8523e1c0f6c6606355682d86dc5aa8aa15fa1b4e06994d3b4a5dafc9973279d903f7b43408cc3d75cdde86371503be874ec460894d0c7a145a021b4fc391ed,08/04/2025 05:09:00 AM,2,PARKED,,2022110,,NISSAN,KICKS,IL,2023,NONE,PASSENGER,PERSONAL,UNKNOWN,PARKED,,,0,,,,,,,,,Y,Y,Y,,,,Y,Y,,REAR-LEFT-CORNER,,,,,,,,,,,,,,,,,,,,,,,,,,,,,,,,,
2121147,9e8523e1c0f6c6606355682d86dc5aa8aa15fa1b4e06994d3b4a5dafc9973279d903f7b43408cc3d75cdde86371503be874ec460894d0c7a145a021b4fc391ed,08/04/2025 05:09:00 AM,3,PARKED,,2022114,,CHEVROLET,CRUZE,IL,2017,NONE,PASSENGER,PERSONAL,UNKNOWN,UNKNOWN/NA,,,0,,,,,,,,,Y,Y,Y,N,,,,,,REAR-LEFT-CORNER,,,,,,,,,,,,,,,,,,,,,,,,,,,,,,,,,
2121468,cc9ba8cf3415ac1a0f9f79271b78551c1196c5e5a5bc46f2f3bee464a9cf34280c09b888628fb459797874d68c0c0c4a1c6062ef2409fb0ade9265fb9d255454,08/04/2025 04:58:00 AM,1,PARKED,1,2022417,,"MACK TRUCKS, INC.","MACK TRUCKS, INC.",IL,2020,NONE,TRUCK - SINGLE UNIT,COMMERCIAL - SINGLE UNIT,N,PARKED,,,1,,,,,,,,,,,,,Y,,,,,SIDE-LEFT,,,,,,,,,,,,,,,,,,,,,,,,,,,,,,,,,
2121469,cc9ba8cf3415ac1a0f9f79271b78551c1196c5e5a5bc46f2f3bee464a9cf34280c09b888628fb459797874d68c0c0c4a1c6062ef2409fb0ade9265fb9d255454,08/04/2025 04:58:00 AM,2,DRIVER,,2022439,,FORD,EXPLORER,IL,2021,NONE,SPORT UTILITY VEHICLE (SUV),PERSONAL,N,STRAIGHT AHEAD,,,1,,,,,,,Y,,,,,,,,,,,SIDE-RIGHT,,,,,,,,,,,,,,,,,,,,,,,,,,,,,,,,,
2121215,f5d685be436a4c9fc1d6c17476d5160c82d07ee02a22965c63ccca78b93b951947958d4c66fee3c3a4991363a227230f63abeaaab7f8870034e369fdda9cf9b5,08/04/2025 04:30:00 AM,1,DRIVER,,2022159,,TOYOTA,OTHER (EXPLAIN IN NARRATIVE),IL,2025,UNKNOWN,VAN/MINI-VAN,UNKNOWN/NA,E,STRAIGHT AHEAD,,,1,,,,,Y,,,,,,,,,,,,,FRONT-RIGHT-CORNER,,,,,,,,,,,,,,,,,,,,,,,,,,,,,,,,,
2121216,f5d685be436a4c9fc1d6c17476d5160c82d07ee02a22965c63ccca78b93b951947958d4c66fee3c3a4991363a227230f63abeaaab7f8870034e369fdda9cf9b5,08/04/2025 04:30:00 AM,2,DRIVER,,2022169,,CHEVROLET,SUBURBAN,IL,2019,UNKNOWN,SPORT UTILITY VEHICLE (SUV),PERSONAL,E,STRAIGHT AHEAD,,,1,,,,,,,,,,,Y,,,,,,,REAR-LEFT-CORNER,,,,,,,,,,,,,,,,,,,,,,,,,,,,,,,,,
2121426,4307ece355e95ae0e6261d0590b8a04497b5cffdcedfbeacbafe01e2668e8c03678db778748440e6a5f338a399805a299233a0da4250996cc72a81b343c56bb7,08/04/2025 04:05:00 AM,1,DRIVER,,2022366,,UNKNOWN,OTHER (EXPLAIN IN NARRATIVE),,,UNKNOWN,UNKNOWN/NA,UNKNOWN/NA,UNKNOWN,UNKNOWN/NA,,,1,,,,,,,,,,,,,,,,,Y,UNKNOWN,,,,,,,,,,,,,,,,,,,,,,,,,,,,,,,,,
2121427,4307ece355e95ae0e6261d0590b8a04497b5cffdcedfbeacbafe01e2668e8c03678db778748440e6a5f338a399805a299233a0da4250996cc72a81b343c56bb7,08/04/2025 04:05:00 AM,2,PARKED,,2022363,,CHEVROLET,AVALANCHE,IL,2013,NONE,PICKUP,NOT IN USE,N,PARKED,,,0,,,,,,,,,,,,,Y,Y,Y,,,SIDE-LEFT,,,,,,,,,,,,,,,,,,,,,,,,,,,,,,,,,
2121128,7a6197a531ccc969d8cd828fe2010a6d22c136246ad53f67adf5d097db7127816f00b67563dcf6d8c69818a5dca3dad06c78f49f89f372b8c567069567a15f25,08/04/2025 03:49:00 AM,1,DRIVER,,2022077,,CHRYSLER,300,IL,2006,NONE,PASSENGER,PERSONAL,W,STRAIGHT AHEAD,Y,,1,,CITY OF CHICAGO,400 E LOWER WACKER,,Y,Y,,,,,,,,Y,Y,Y,,FRONT,,,,,,,,,,,,,,,,,,,,,,,,,,,,,,,,,
2121136,91defb380558faeb530e099d39c365574b49608b63f4e21301397c2eb84b438c3232aedb33bcb2427e4c2a27a781ff13fdc55ed34ce7d0a2704cbf777a80e38d,08/04/2025 03:30:00 AM,1,DRIVER,1,2022096,,LINCOLN,STANDARD,IL,2008,UNKNOWN,PASSENGER,PERSONAL,N,UNKNOWN/NA,Y,,2,,CPD,DOTY,,Y,Y,Y,Y,Y,,,,,,Y,Y,,FRONT,,,,,,,,,,,,,,,,,,,,,,,,,,,,,,,,,
2121538,9a50972ff5543d9f01c45848cc68e7b7b7c572cd9e727488c6bf87e5c708bf68fcdaa1c83789fe1d325a5b39b914e19d5565714289fd1eed018f9ee3754d6eb4,08/04/2025 02:40:00 AM,1,DRIVER,,2022477,,TOYOTA,OTHER (EXPLAIN IN NARRATIVE),IL,2011,UNKNOWN,UNKNOWN/NA,UNKNOWN/NA,N,BACKING,,,1,,,,,,,,,,,,,,,,,,REAR,,,,,,,,,,,,,,,,,,,,,,,,,,,,,,,,,
2121539,9a50972ff5543d9f01c45848cc68e7b7b7c572cd9e727488c6bf87e5c708bf68fcdaa1c83789fe1d325a5b39b914e19d5565714289fd1eed018f9ee3754d6eb4,08/04/2025 02:40:00 AM,2,DRIVER,,2022479,,HONDA,CIVIC,IL,2022,UNKNOWN,PASSENGER,PERSONAL,S,STRAIGHT AHEAD,,,1,,,,,Y,,,,,,,,,,Y,Y,,FRONT,,,,,,,,,,,,,,,,,,,,,,,,,,,,,,,,,