CRASH_UNIT_ID,CRASH_RECORD_ID,CRASH_DATE,UNIT_NO,UNIT_TYPE,NUM_PASSENGERS,VEHICLE_ID,CMRC_VEH_I,MAKE,MODEL,LIC_PLATE_STATE,VEHICLE_YEAR,VEHICLE_DEFECT,VEHICLE_TYPE,VEHICLE_USE,TRAVEL_DIRECTION,MANEUVER,TOWED_I,FIRE_I,OCCUPANT_CNT,EXCEED_SPEED_LIMIT_I,TOWED_BY,TOWED_TO,AREA_00_I,AREA_01_I,AREA_02_I,AREA_03_I,AREA_04_I,AREA_05_I,AREA_06_I,AREA_07_I,AREA_08_I,AREA_09_I,AREA_10_I,AREA_11_I,AREA_12_I,AREA_99_I,FIRST_CONTACT_POINT,CMV_ID,USDOT_NO,CCMC_NO,ILCC_NO,COMMERCIAL_SRC,GVWR,CARRIER_NAME,CARRIER_STATE,CARRIER_CITY,HAZMAT_PLACARDS_I,HAZMAT_NAME,UN_NO,HAZMAT_PRESENT_I,HAZMAT_REPORT_I,HAZMAT_REPORT_NO,MCS_REPORT_I,MCS_REPORT_NO,HAZMAT_VIO_CAUSE_CRASH_I,MCS_VIO_CAUSE_CRASH_I,IDOT_PERMIT_NO,WIDE_LOAD_I,TRAILER1_WIDTH,TRAILER2_WIDTH,TRAILER1_LENGTH,TRAILER2_LENGTH,TOTAL_VEHICLE_LENGTH,AXLE_CNT,VEHICLE_CONFIG,CARGO_BODY_TYPE,LOAD_TYPE,HAZMAT_OUT_OF_SERVICE_I,MCS_OUT_OF_SERVICE_I,HAZMAT_CLASS
2122771,9a49dd6604cd209a6e3fb79e9233b882c8b1be3ea8afb94bb6f982862c10789e3e441ab9365c18854707dbfe2d228505f53c8addefae4d5144f942716e6c04f1,08/04/2025 02:30:00 AM,1,DRIVER,,2023655,,UNKNOWN,OTHER (EXPLAIN IN NARRATIVE),,,UNKNOWN,UNKNOWN/NA,UNKNOWN/NA,N,UNKNOWN/NA,,,1,,,,,,,,,,,,,,,,,Y,UNKNOWN,,,,,,,,,,,,,,,,,,,,,,,,,,,,,,,,,
2122772,9a49dd6604cd209a6e3fb79e9233b882c8b1be3ea8afb94bb6f982862c10789e3e441ab9365c18854707dbfe2d228505f53c8addefae4d5144f942716e6c04f1,08/04/2025 02:30:00 AM,2,PARKED,,2023656,,HYUNDAI,ELANTRA,IL,2013,UNKNOWN,SPORT UTILITY VEHICLE (SUV),NOT IN USE,N,PARKED,,,0,,,,,Y,,,,Y,Y,Y,,,,Y,Y,,REAR,,,,,,,,,,,,,,,,,,,,,,,,,,,,,,,,,
2121122,0710323765da6372e0ee880f586fdded4fbe9654805c29457ddfa5d0367519e4844605b03a5a93f4ab2375c2717a605185ea6dccae49b2745acafa7ec6eefc19,08/04/2025 02:20:00 AM,1,DRIVER,,2022070,,KIA,FORTE,IL,2020,NONE,PASSENGER,PERSONAL,S,STRAIGHT AHEAD,,,1,,,,,Y,,,,,,,,,,Y,Y,,FRONT,,,,,,,,,,,,,,,,,,,,,,,,,,,,,,,,,
2121123,0710323765da6372e0ee880f586fdded4fbe9654805c29457ddfa5d0367519e4844605b03a5a93f4ab2375c2717a605185ea6dccae49b2745acafa7ec6eefc19,08/04/2025 02:20:00 AM,2,DRIVER,1,2022071,,CHEVROLET,MALIBU,IL,2023,NONE,PASSENGER,PERSONAL,E,STRAIGHT AHEAD,,,2,,,,,Y,Y,,,,,,,,,,,,FRONT-LEFT-CORNER,,,,,,,,,,,,,,,,,,,,,,,,,,,,,,,,,
2121274,1d3209b10013b9bbab70795d5fa5328b06abdd67b809ad06183792a8ccc30c587b5d9fc8db18874739edfb425cf80e763d360f7cf91ced8fc2470862f0ae903c,08/04/2025 02:00:00 AM,1,DRIVER,,2022222,,UNKNOWN,ENCLOSED BODY,IL,,NONE,PASSENGER,PERSONAL,W,STRAIGHT AHEAD,,,1,,,,,Y,Y,,,,,,,,,,,,SIDE-RIGHT,,,,,,,,,,,,,,,,,,,,,,,,,,,,,,,,,
2121275,1d3209b10013b9bbab70795d5fa5328b06abdd67b809ad06183792a8ccc30c587b5d9fc8db18874739edfb425cf80e763d360f7cf91ced8fc2470862f0ae903c,08/04/2025 02:00:00 AM,2,DRIVER,,2022224,,CHEVROLET,IMPALA,IL,2018,NONE,PASSENGER,PERSONAL,E,STRAIGHT AHEAD,,,1,,,,,,,,,,,,,,,,Y,,FRONT,,,,,,,,,,,,,,,,,,,,,,,,,,,,,,,,,
2121124,0e98b6915842b54953c4def81d984d4e6f7b88e53d8790240f5ad2f5ee1f3aaaf93d0c2766477cf57dbfeac890a5a664a265094b668f3d1beafd5a3c132feb1b,08/04/2025 01:30:00 AM,1,DRIVER,,2022073,,UNKNOWN,OTHER (EXPLAIN IN NARRATIVE),IL,,UNKNOWN,UNKNOWN/NA,UNKNOWN/NA,E,OTHER,,,1,,,,,,,,,,,,,,,,,Y,UNKNOWN,,,,,,,,,,,,,,,,,,,,,,,,,,,,,,,,,
2121125,0e98b6915842b54953c4def81d984d4e6f7b88e53d8790240f5ad2f5ee1f3aaaf93d0c2766477cf57dbfeac890a5a664a265094b668f3d1beafd5a3c132feb1b,08/04/2025 01:30:00 AM,2,PARKED,,2022074,,JAGUAR,F-PACE,IL,2017,NONE,PASSENGER,PERSONAL,E,PARKED,Y,,0,,PREMIUM AUTO COLLISION,3238 W OGDEN,,,,,,,,Y,Y,Y,Y,Y,,Y,SIDE-RIGHT-REAR,,,,,,,,,,,,,,,,,,,,,,,,,,,,,,,,,
2121113,48f9524fb9b72bad864f41ce4314b58ff5becb27599f007e1a1117229e9b5df294db8c8a05ac2e7b83e3e97b514e26766ccf43f04fa7e52407f3fe39bdda029d,08/04/2025 01:06:00 AM,1,DRIVER,,2022059,,UNKNOWN,OTHER (EXPLAIN IN NARRATIVE),IL,,UNKNOWN,UNKNOWN/NA,UNKNOWN/NA,E,STRAIGHT AHEAD,,,1,,,,,,,,,,,,,,,,,Y,FRONT-LEFT-CORNER,,,,,,,,,,,,,,,,,,,,,,,,,,,,,,,,,
2121114,48f9524fb9b72bad864f41ce4314b58ff5becb27599f007e1a1117229e9b5df294db8c8a05ac2e7b83e3e97b514e26766ccf43f04fa7e52407f3fe39bdda029d,08/04/2025 01:06:00 AM,2,DRIVER,,2022062,,TOYOTA,PRIUS,IL,2015,NONE,PASSENGER,PERSONAL,E,STRAIGHT AHEAD,,,1,,,,,Y,,,,,,,,,,Y,Y,,FRONT-RIGHT-CORNER,,,,,,,,,,,,,,,,,,,,,,,,,,,,,,,,,
2121272,92d362e1c73eb60b3005bb2d2f454b7ce131147b874df1de65ee97d4cd286364b066983983df82931d7e218c7086354406324d921ded9f82ab1edbcb816c54fd,08/04/2025 01:00:00 AM,1,DRIVER,,2022216,,UNKNOWN,OTHER (EXPLAIN IN NARRATIVE),IL,,UNKNOWN,UNKNOWN/NA,UNKNOWN/NA,UNKNOWN,UNKNOWN/NA,,,1,,,,,,,,,,,,,,,,,Y,UNKNOWN,,,,,,,,,,,,,,,,,,,,,,,,,,,,,,,,,
2121273,92d362e1c73eb60b3005bb2d2f454b7ce131147b874df1de65ee97d4cd286364b066983983df82931d7e218c7086354406324d921ded9f82ab1edbcb816c54fd,08/04/2025 01:00:00 AM,2,PARKED,,2022218,,CADILLAC,ELDORADO,IL,1998,NONE,PASSENGER,NOT IN USE,S,PARKED,,,0,,,,,,,,,,Y,Y,Y,,,,,,REAR,,,,,,,,,,,,,,,,,,,,,,,,,,,,,,,,,
2121118,ee6c31c05c40aaba011b91714afe0a6e449d6102d5040776c0a778aa96046461d16f32e7c6bc0f9fcbe6ae9dab9a98f45535bc415ea99dd9f68e3bd11be987f7,08/04/2025 12:45:00 AM,1,DRIVER,,2022066,,CHEVROLET,EQUINOX,IL,2022,UNKNOWN,PASSENGER,PERSONAL,W,STRAIGHT AHEAD,Y,,1,,UNKNOWN,,,Y,,,,,,,,,,,Y,,FRONT-RIGHT-CORNER,,,,,,,,,,,,,,,,,,,,,,,,,,,,,,,,,
2121119,ee6c31c05c40aaba011b91714afe0a6e449d6102d5040776c0a778aa96046461d16f32e7c6bc0f9fcbe6ae9dab9a98f45535bc415ea99dd9f68e3bd11be987f7,08/04/2025 12:45:00 AM,2,PARKED,,2022068,,FORD,OTHER (EXPLAIN IN NARRATIVE),IL,2014,UNKNOWN,TRUCK - SINGLE UNIT,NOT IN USE,W,PARKED,,,0,,,,,,,,,,Y,Y,,,,,,,REAR-LEFT-CORNER,,,,,,,,,,,,,,,,,,,,,,,,,,,,,,,,,
2121104,95e970a0478e19a47ed997c3a72c19dff3f1e835cb47375631144c68f54c08c65169769e0d07ad11207530962c7ead878b210b7e13ee75a2ebdae76599106764,08/04/2025 12:30:00 AM,1,DRIVER,,2022050,,FORD,EXPLORER,IL,2026,NONE,PASSENGER,POLICE,N,BACKING,,,1,,,,,,,,Y,Y,Y,N,,,,,,,REAR-RIGHT-CORNER,,,,,,,,,,,,,,,,,,,,,,,,,,,,,,,,,
2121115,6efbe36b86b7ea0037544caaf3a81dad643f323998a43ba258d5ac7274db043314ce86f74ac710ca34251e99efa68d24202c5e7798eacc2f199515426114f102,08/04/2025 12:28:00 AM,1,DRIVER,,2022064,,NISSAN,VERSA,IL,2022,UNKNOWN,PASSENGER,UNKNOWN/NA,S,TURNING LEFT,,,1,,,,,Y,Y,Y,Y,Y,,Y,Y,Y,Y,Y,Y,,FRONT,,,,,,,,,,,,,,,,,,,,,,,,,,,,,,,,,
2121120,b2eb4d00fb21a86dd547cd1923d0703090f08c80b1896c2f5a079529b2419340c7fa603342819af6a03c320159e4c678309dcbbc9cd149b7700810b551c5655a,08/04/2025 12:25:00 AM,1,DRIVER,4,2022069,,DODGE,CHARGER,IL,2014,NONE,PASSENGER,PERSONAL,E,STRAIGHT AHEAD,Y,Y,5,,City of chicago,Pound 2,,Y,Y,Y,Y,,,,Y,Y,Y,Y,Y,,FRONT-LEFT-CORNER,,,,,,,,,,,,,,,,,,,,,,,,,,,,,,,,,
2121121,b2eb4d00fb21a86dd547cd1923d0703090f08c80b1896c2f5a079529b2419340c7fa603342819af6a03c320159e4c678309dcbbc9cd149b7700810b551c5655a,08/04/2025 12:25:00 AM,2,DRIVER,,2022072,,NISSAN,PATHFINDER,IL,2013,NONE,PASSENGER,PERSONAL,N,STRAIGHT AHEAD,Y,,1,,City of chicgo,Pound 2,,Y,,,,Y,Y,Y,Y,Y,Y,Y,Y,,SIDE-LEFT,,,,,,,,,,,,,,,,,,,,,,,,,,,,,,,,,
2121096,d512fd9ee8d028a9f5c5dd05905b3b100b34403ce26a12a0bc5753e429a5e29938e3c5f3f38f5a3041c6f024b9f20e87e6222b8da0b15f521b1df4a6096e65df,08/04/2025 12:25:00 AM,1,DRIVER,,2022044,,CHEVROLET,CRUZE,IL,2014,NONE,PASSENGER,PERSONAL,S,STRAIGHT AHEAD,Y,,1,,OWNER,OWNER,,Y,,,,,,,,,,Y,Y,,FRONT,,,,,,,,,,,,,,,,,,,,,,,,,,,,,,,,,
2121097,d512fd9ee8d028a9f5c5dd05905b3b100b34403ce26a12a0bc5753e429a5e29938e3c5f3f38f5a3041c6f024b9f20e87e6222b8da0b15f521b1df4a6096e65df,08/04/2025 12:25:00 AM,2,DRIVER,3,2022058,,TOYOTA,4RUNNER,IL,2019,NONE,PASSENGER,NOT IN USE,S,STRAIGHT AHEAD,,,4,,,,,,,,,Y,Y,Y,,,,,,,REAR,,,,,,,,,,,,,,,,,,,,,,,,,,,,,,,,,
2121107,6538b615e71a40fb4af135422dbecc3dffce61217d4f23dea7d31195468519c6a0621b0865e2b39c1d04ceea06984b96ab6b305056ff6bb9352c42545c0593f2,08/04/2025 12:20:00 AM,1,DRIVER,,2022052,,HYUNDAI,TUCSON,IL,2022,NONE,SPORT UTILITY VEHICLE (SUV),PERSONAL,W,TURNING LEFT,,,1,,,,,,,,,,,,,,Y,Y,,,FRONT-LEFT-CORNER,,,,,,,,,,,,,,,,,,,,,,,,,,,,,,,,,
2121108,6538b615e71a40fb4af135422dbecc3dffce61217d4f23dea7d31195468519c6a0621b0865e2b39c1d04ceea06984b96ab6b305056ff6bb9352c42545c0593f2,08/04/2025 12:20:00 AM,2,DRIVER,,2022054,,TOYOTA,COROLLA,IL,2025,NONE,PASSENGER,PERSONAL,W,STRAIGHT AHEAD,,,1,,,,,Y,Y,,,,,,,,Y,Y,Y,,FRONT,,,,,,,,,,,,,,,,,,,,,,,,,,,,,,,,,
2121098,cb8c4c8b23c01f70e54db2a3554e9ed4f90eb42944edb0de9c5eb3cb93b715553a4682ed0857b0082f1f26bc310619f3b264904daf32c3bb5cccde5687d22f7d,08/04/2025 12:10:00 AM,1,DRIVER,,2022046,,CHEVROLET,CRUZE,IL,2011,UNKNOWN,PASSENGER,PERSONAL,N,TURNING RIGHT,,,1,,,,,,,,,,,,,,,Y,,,FRONT-LEFT-CORNER,,,,,,,,,,,,,,,,,,,,,,,,,,,,,,,,,
2121099,cb8c4c8b23c01f70e54db2a3554e9ed4f90eb42944edb0de9c5eb3cb93b715553a4682ed0857b0082f1f26bc310619f3b264904daf32c3bb5cccde5687d22f7d,08/04/2025 12:10:00 AM,2,DRIVER,,2022049,,BMW,X3,IL,2005,UNKNOWN,PASSENGER,PERSONAL,N,SLOW/STOP IN TRAFFIC,,,1,,,,,,,,,,,,,,Y,Y,Y,,FRONT-LEFT-CORNER,,,,,,,,,,,,,,,,,,,,,,,,,,,,,,,,,
2121165,612f555ce6f6bf3398cfb6089bccb518a1ded41efc81591cd751a0ace2efdd62025bce2ad16124c2da36a185dc2fc67512e1f96df3894a336cd06bf357f254e1,08/04/2025 12:00:00 AM,1,DRIVER,,2022116,,UNKNOWN,OTHER (EXPLAIN IN NARRATIVE),IL,,UNKNOWN,UNKNOWN/NA,UNKNOWN/NA,UNKNOWN,UNKNOWN/NA,,,1,,,,,,,,,,,,,,,,,,UNKNOWN,,,,,,,,,,,,,,,,,,,,,,,,,,,,,,,,,
2121166,612f555ce6f6bf3398cfb6089bccb518a1ded41efc81591cd751a0ace2efdd62025bce2ad16124c2da36a185dc2fc67512e1f96df3894a336cd06bf357f254e1,08/04/2025 12:00:00 AM,2,PARKED,,2022120,,FORD,TRANSIT,IL,2020,NONE,OTHER,OTHER,S,PARKED,,,0,,,,,,,,,,Y,Y,Y,,,,,,SIDE-LEFT-REAR,,,,,,,,,,,,,,,,,,,,,,,,,,,,,,,,,
2121711,76554433660c024a1b762b4d61f207d3bf758ab655672bf30d19dc6189447bc79efd0716261f86a03571d407c2137b10566df1730e73824908366f2abdd2b2b1,08/04/2025 12:00:00 AM,1,DRIVER,,2022646,,UNKNOWN,MOTORIZED,,,UNKNOWN,UNKNOWN/NA,UNKNOWN/NA,N,STRAIGHT AHEAD,,,1,,,,,,,,,,,,,,,,,Y,UNKNOWN,,,,,,,,,,,,,,,,,,,,,,,,,,,,,,,,,
2121712,76554433660c024a1b762b4d61f207d3bf758ab655672bf30d19dc6189447bc79efd0716261f86a03571d407c2137b10566df1730e73824908366f2abdd2b2b1,08/04/2025 12:00:00 AM,2,PARKED,,2022648,,TOYOTA,TUNDRA,WI,2025,NONE,TRUCK - SINGLE UNIT,PERSONAL,N,PARKED,,,0,,,,,,,,,,,,,Y,Y,Y,,,SIDE-LEFT,,,,,,,,,,,,,,,,,,,,,,,,,,,,,,,,,
2121193,79d7f6c4885286b7e7ea67faece91a2ca5246eb5f0cc4e6a72fc385831dc6f1c2ce24f97e8f9ca32050dae0b9048e468114b345ca8662be412148e6238bc209b,08/04/2025 12:00:00 AM,1,DRIVER,,2022144,,NISSAN,ALTIMA,IL,2022,NONE,PASSENGER,UNKNOWN/NA,W,UNKNOWN/NA,,,1,,,,,,,,,,,,,,,,,Y,FRONT,,,,,,,,,,,,,,,,,,,,,,,,,,,,,,,,,
2121194,79d7f6c4885286b7e7ea67faece91a2ca5246eb5f0cc4e6a72fc385831dc6f1c2ce24f97e8f9ca32050dae0b9048e468114b345ca8662be412148e6238bc209b,08/04/2025 12:00:00 AM,2,PARKED,,2022145,,CHEVROLET,TRAIL BLAZER,IL,2005,NONE,SPORT UTILITY VEHICLE (SUV),UNKNOWN/NA,E,PARKED,Y,,0,,PENDING,,,Y,,,,,,,,,Y,Y,Y,,FRONT,,,,,,,,,,,,,,,,,,,,,,,,,,,,,,,,,
2121226,b9eba60f94577c40036ed792c153c2158ba3b4866c71bb2172f08e0a80ea162baf2c2e441339fb6d6bbb1e69107e9b47b13e62dfb982ce77ca3c0702e40836b5,08/04/2025 12:00:00 AM,1,DRIVERLESS,,2022174,,VOLKSWAGEN,PASSAT,IL,2013,UNKNOWN,UNKNOWN/NA,UNKNOWN/NA,N,UNKNOWN/NA,Y,,0,,CPD,DOTY,,Y,Y,,,,,,,,,,Y,,FRONT-RIGHT-CORNER,,,,,,,,,,,,,,,,,,,,,,,,,,,,,,,,,
2121227,b9eba60f94577c40036ed792c153c2158ba3b4866c71bb2172f08e0a80ea162baf2c2e441339fb6d6bbb1e69107e9b47b13e62dfb982ce77ca3c0702e40836b5,08/04/2025 12:00:00 AM,2,PARKED,,2022180,,DODGE,CALIBER,IL,2007,NONE,PASSENGER,PERSONAL,E,PARKED,Y,,0,,PEERSONAL,,,,,,,,,Y,,,,,,,REAR-LEFT-CORNER,,,,,,,,,,,,,,,,,,,,,,,,,,,,,,,,,
2121110,c4d48d8a35f9d3882f8ec71afc7015b60a63e78fa499cd2e8524603ff7e2412912b869b24af6639677befc39d9f2d05e9d555aafcbaffc034c711096ca1a06c4,08/03/2025 11:56:00 PM,1,DRIVER,,2022053,,HONDA,CR-V,IL,2015,UNKNOWN,SPORT UTILITY VEHICLE (SUV),PERSONAL,S,STRAIGHT AHEAD,Y,,1,,PRIVATE TOW,UNKNOWN BODY SHOP,,,,,,,,,,,,Y,Y,,FRONT-LEFT-CORNER,,,,,,,,,,,,,,,,,,,,,,,,,,,,,,,,,
2121111,c4d48d8a35f9d3882f8ec71afc7015b60a63e78fa499cd2e8524603ff7e2412912b869b24af6639677befc39d9f2d05e9d555aafcbaffc034c711096ca1a06c4,08/03/2025 11:56:00 PM,2,DRIVER,,2022056,,TOYOTA,CAMRY,IL,2008,UNKNOWN,PASSENGER,PERSONAL,S,TURNING RIGHT,,,1,,,,,,,,Y,Y,,,,,,,,,REAR-RIGHT-CORNER,,,,,,,,,,,,,,,,,,,,,,,,,,,,,,,,,
2121102,4c6ad5f9747e5117e24e5332fc43cc34709fed09636ea1ad314556772e66b65630288d25e0cf5954b06fa9e98eff583e73fd890ae7161a3449ce6b3d1edcb604,08/03/2025 11:50:00 PM,1,DRIVER,,2022048,,UNKNOWN,ENGINE,,,UNKNOWN,UNKNOWN/NA,UNKNOWN/NA,W,STRAIGHT AHEAD,,,1,,,,,,,,,,,,,,,,,Y,UNKNOWN,,,,,,,,,,,,,,,,,,,,,,,,,,,,,,,,,
2121103,4c6ad5f9747e5117e24e5332fc43cc34709fed09636ea1ad314556772e66b65630288d25e0cf5954b06fa9e98eff583e73fd890ae7161a3449ce6b3d1edcb604,08/03/2025 11:50:00 PM,2,BICYCLE,,,,,,,,,,,,,,,,,,,,,,,,,,,,,,,,,,,,,,,,,,,,,,,,,,,,,,,,,,,,,,,,,,
2121112,c1d4e622079c6f6d1fa0c4f6b3c4951a0f56b47fab181afb5c442f901cc550f1c43ced12645fbc5af087bd72158c8d4d352ae0fd1ec502ead76ae1c6e47d8400,08/03/2025 11:34:00 PM,1,DRIVER,,2022060,,TOYOTA,RAV4,IL,2018,NONE,PASSENGER,PERSONAL,W,AVOIDING VEHICLES/OBJECTS,Y,,1,,City of Chicago,City of Chicago,,Y,,,,,,,,,,,Y,,FRONT-RIGHT-CORNER,,,,,,,,,,,,,,,,,,,,,,,,,,,,,,,,,
2123280,17fe940e1b3e523889d3260e6910470fddde026dcb9616d6e0cc8a4330843848d90b7c2a86da22154dddb911b623640e3d63b99b5c6befee40afe21cab183164,08/03/2025 11:30:00 PM,1,DRIVER,,2024129,,UNKNOWN,OTHER (EXPLAIN IN NARRATIVE),,,UNKNOWN,UNKNOWN/NA,UNKNOWN/NA,N,UNKNOWN/NA,,,1,,,,,,,,,,,,,,,,,Y,UNKNOWN,,,,,,,,,,,,,,,,,,,,,,,,,,,,,,,,,
2123281,17fe940e1b3e523889d3260e6910470fddde026dcb9616d6e0cc8a4330843848d90b7c2a86da22154dddb911b623640e3d63b99b5c6befee40afe21cab183164,08/03/2025 11:30:00 PM,2,PARKED,,2024130,,TESLA,MODEL Y,IL,2024,UNKNOWN,PASSENGER,NOT IN USE,UNKNOWN,PARKED,Y,,0,,UNKNOWN,UNKNOWN,,Y,,,,,,,,,Y,Y,Y,,FRONT-LEFT-CORNER,,,,,,,,,,,,,,,,,,,,,,,,,,,,,,,,,
2121552,f9dfe899ba6a240b1abe4c7e2580bc48bb536dc0f3072ff75c18759ecf31547caeea4f52a1054fa52a1a87011d200f9fa897c395907841323109e383e0af22d8,08/03/2025 11:30:00 PM,1,DRIVER,,2022486,,UNKNOWN,OTHER (EXPLAIN IN NARRATIVE),,,UNKNOWN,UNKNOWN/NA,UNKNOWN/NA,UNKNOWN,UNKNOWN/NA,,,1,,,,,,,,,,,,,,,,,Y,UNKNOWN,,,,,,,,,,,,,,,,,,,,,,,,,,,,,,,,,
2121553,f9dfe899ba6a240b1abe4c7e2580bc48bb536dc0f3072ff75c18759ecf31547caeea4f52a1054fa52a1a87011d200f9fa897c395907841323109e383e0af22d8,08/03/2025 11:30:00 PM,2,PARKED,,2022487,,BUICK,ENVISION,IL,2024,NONE,PASSENGER,OTHER,E,PARKED,,,0,,,,,,,,,Y,Y,Y,,,,,,Y,REAR,,,,,,,,,,,,,,,,,,,,,,,,,,,,,,,,,
2121088,f682609b37871d7b05239301cad2a50a9f7cabde21abc3d5d5e21697842957b50d684212afc70fe81ff2fa58aa609d879ce8671ae597c674edfe9f20327499e5,08/03/2025 11:25:00 PM,1,DRIVER,,2022036,,CHRYSLER,PACIFICA,IL,2012,NONE,VAN/MINI-VAN,PERSONAL,S,STRAIGHT AHEAD,,,1,,,,,Y,Y,,,,,,,,,,,,FRONT-RIGHT-CORNER,,,,,,,,,,,,,,,,,,,,,,,,,,,,,,,,,
2121089,f682609b37871d7b05239301cad2a50a9f7cabde21abc3d5d5e21697842957b50d684212afc70fe81ff2fa58aa609d879ce8671ae597c674edfe9f20327499e5,08/03/2025 11:25:00 PM,2,DRIVER,,2022038,,TOYOTA,HIGHLANDER,IL,2019,NONE,VAN/MINI-VAN,PERSONAL,S,MERGING,,,1,,,,,,,,,,,Y,Y,,,,,,REAR-LEFT-CORNER,,,,,,,,,,,,,,,,,,,,,,,,,,,,,,,,,
2121086,ca651dbf75762cbc28bdcb8221c51baac1b176227953f83e6660a3ad1a06a46c7620a7d399e1ec32002b79a3b52941b07e615a13bbe0e00d4276eafbf64680a4,08/03/2025 11:10:00 PM,1,DRIVER,,2022034,,GENERAL MOTORS CORPORATION (GMC),SIERRA,,,UNKNOWN,PICKUP,UNKNOWN/NA,S,OTHER,,,1,,,,,,,,,,,,,,,,Y,,FRONT,,,,,,,,,,,,,,,,,,,,,,,,,,,,,,,,,
2121087,ca651dbf75762cbc28bdcb8221c51baac1b176227953f83e6660a3ad1a06a46c7620a7d399e1ec32002b79a3b52941b07e615a13bbe0e00d4276eafbf64680a4,08/03/2025 11:10:00 PM,2,DRIVER,,2022037,,LINCOLN,AVIATOR,,,UNKNOWN,SPORT UTILITY VEHICLE (SUV),RIDESHARE SERVICE,S,SLOW/STOP IN TRAFFIC,,,1,,,,,,,,,,Y,,,,,,,,REAR,,,,,,,,,,,,,,,,,,,,,,,,,,,,,,,,,
2121094,0335a1502afcec889170b03e80530f13e304169370398a603bdf595b87a3fe5b466c0d449b65d8a8925570bf74caf8ebabcd9ce91465d7e650eb0ccb9c2ef839,08/03/2025 11:00:00 PM,1,DRIVER,,2022042,,TOYOTA,RAV4,IL,2017,NONE,PASSENGER,TAXI/FOR HIRE,E,STRAIGHT AHEAD,,,1,,,,,Y,Y,Y,,,,,,,,,,,SIDE-LEFT,,,,,,,,,,,,,,,,,,,,,,,,,,,,,,,,,
2121095,0335a1502afcec889170b03e80530f13e304169370398a603bdf595b87a3fe5b466c0d449b65d8a8925570bf74caf8ebabcd9ce91465d7e650eb0ccb9c2ef839,08/03/2025 11:00:00 PM,2,DRIVER,,2022043,,HYUNDAI,ELANTRA,IL,2015,NONE,PASSENGER,PERSONAL,E,TURNING LEFT,,,1,,,,,,,,,,,,,,Y,Y,,,FRONT-LEFT-CORNER,,,,,,,,,,,,,,,,,,,,,,,,,,,,,,,,,
2121693,2be5bbd4cbc9d054b0c81cd2c467f4a783aa49ae75ad63d968d15d526b1452e90dd23b1d87e2159f7053bb61af5b70b3f1d866070f54b01652a1c7c604036589,08/03/2025 11:00:00 PM,1,DRIVER,,2022628,,CHRYSLER,OTHER (EXPLAIN IN NARRATIVE),IL,,UNKNOWN,PASSENGER,PERSONAL,S,STRAIGHT AHEAD,,,1,,,,,,,,,,,,,,,,Y,,FRONT,,,,,,,,,,,,,,,,,,,,,,,,,,,,,,,,,
2121694,2be5bbd4cbc9d054b0c81cd2c467f4a783aa49ae75ad63d968d15d526b1452e90dd23b1d87e2159f7053bb61af5b70b3f1d866070f54b01652a1c7c604036589,08/03/2025 11:00:00 PM,2,DRIVER,,2022631,,CHEVROLET,TAHOE,IL,2017,NONE,SPORT UTILITY VEHICLE (SUV),PERSONAL,W,STRAIGHT AHEAD,,,1,,,,,,,Y,,,,,,,,,,,SIDE-RIGHT,,,,,,,,,,,,,,,,,,,,,,,,,,,,,,,,,
2121090,2d48214f866d0b4710600f051d53f6e1cfcb1419e7739034331a401c623f14b665fbef9238d9613d5eec625cd648903629e02a242ca0328ce38eba236d8cc18f,08/03/2025 11:00:00 PM,1,DRIVER,,2022039,,KIA,OTHER (EXPLAIN IN NARRATIVE),IL,2012,UNKNOWN,PASSENGER,UNKNOWN/NA,N,OTHER,,,1,,,,,,,,,,,,,,,,Y,,FRONT,,,,,,,,,,,,,,,,,,,,,,,,,,,,,,,,,
2121091,2d48214f866d0b4710600f051d53f6e1cfcb1419e7739034331a401c623f14b665fbef9238d9613d5eec625cd648903629e02a242ca0328ce38eba236d8cc18f,08/03/2025 11:00:00 PM,2,DRIVER,,2022040,,LINCOLN,NAVIGATOR,,,UNKNOWN,SPORT UTILITY VEHICLE (SUV),OTHER,N,SLOW/STOP IN TRAFFIC,,,1,,,,,,,,,,Y,,,,,,,,REAR,,,,,,,,,,,,,,,,,,,,,,,,,,,,,,,,,
2122445,38e0898a44ab2f8bfcaecf26916219678b627bd9443ef4272fdd332f706ebdb53042629c6f5e6aacdf7a79951a76f7a637908c98d9c28affaee28239c83e2251,08/03/2025 11:00:00 PM,1,DRIVER,,2023348,,HONDA,ACCORD,IL,2013,UNKNOWN,PASSENGER,UNKNOWN/NA,E,MERGING,,,1,,,,,,,,,,,,Y,Y,Y,Y,,,SIDE-LEFT,,,,,,,,,,,,,,,,,,,,,,,,,,,,,,,,,
2122446,38e0898a44ab2f8bfcaecf26916219678b627bd9443ef4272fdd332f706ebdb53042629c6f5e6aacdf7a79951a76f7a637908c98d9c28affaee28239c83e2251,08/03/2025 11:00:00 PM,2,DRIVER,,2023349,,UNKNOWN,OTHER (EXPLAIN IN NARRATIVE),IL,2015,NONE,PASSENGER,PERSONAL,E,STRAIGHT AHEAD,,,1,,,,,Y,Y,Y,,,,,,,,,,,SIDE-RIGHT,,,,,,,,,,,,,,,,,,,,,,,,,,,,,,,,,