CRASH_UNIT_ID,CRASH_RECORD_ID,CRASH_DATE,UNIT_NO,UNIT_TYPE,NUM_PASSENGERS,VEHICLE_ID,CMRC_VEH_I,MAKE,MODEL,LIC_PLATE_STATE,VEHICLE_YEAR,VEHICLE_DEFECT,VEHICLE_TYPE,VEHICLE_USE,TRAVEL_DIRECTION,MANEUVER,TOWED_I,FIRE_I,OCCUPANT_CNT,EXCEED_SPEED_LIMIT_I,TOWED_BY,TOWED_TO,AREA_00_I,AREA_01_I,AREA_02_I,AREA_03_I,AREA_04_I,AREA_05_I,AREA_06_I,AREA_07_I,AREA_08_I,AREA_09_I,AREA_10_I,AREA_11_I,AREA_12_I,AREA_99_I,FIRST_CONTACT_POINT,CMV_ID,USDOT_NO,CCMC_NO,ILCC_NO,COMMERCIAL_SRC,GVWR,CARRIER_NAME,CARRIER_STATE,CARRIER_CITY,HAZMAT_PLACARDS_I,HAZMAT_NAME,UN_NO,HAZMAT_PRESENT_I,HAZMAT_REPORT_I,HAZMAT_REPORT_NO,MCS_REPORT_I,MCS_REPORT_NO,HAZMAT_VIO_CAUSE_CRASH_I,MCS_VIO_CAUSE_CRASH_I,IDOT_PERMIT_NO,WIDE_LOAD_I,TRAILER1_WIDTH,TRAILER2_WIDTH,TRAILER1_LENGTH,TRAILER2_LENGTH,TOTAL_VEHICLE_LENGTH,AXLE_CNT,VEHICLE_CONFIG,CARGO_BODY_TYPE,LOAD_TYPE,HAZMAT_OUT_OF_SERVICE_I,MCS_OUT_OF_SERVICE_I,HAZMAT_CLASS
2121084,91e264c63d1b8171d749687d58a58f909cf8aeb2b1eab62916c6cf4ed9dec313368763567732bc9c553974e12bb047ffcadbab6409469ecc3a0c09052f670cff,08/03/2025 11:00:00 PM,1,DRIVER,1,2022033,,FORD,OTHER (EXPLAIN IN NARRATIVE),IL,2023,NONE,OTHER,AMBULANCE,SW,BACKING,,,2,,,,,,,,,Y,Y,,,,,,,,REAR-RIGHT-CORNER,,,,,,,,,,,,,,,,,,,,,,,,,,,,,,,,,
2121085,91e264c63d1b8171d749687d58a58f909cf8aeb2b1eab62916c6cf4ed9dec313368763567732bc9c553974e12bb047ffcadbab6409469ecc3a0c09052f670cff,08/03/2025 11:00:00 PM,2,PARKED,,2022035,,FORD,OTHER (EXPLAIN IN NARRATIVE),WI,2021,NONE,OTHER,AMBULANCE,S,PARKED,,,0,,,,,,,,,,,Y,,,,,,,REAR-LEFT-CORNER,,,,,,,,,,,,,,,,,,,,,,,,,,,,,,,,,
2121074,e536406e612eecf91c4a654e1d348624853607e3163539fb429755630cd536a9ca4dc2698c7cf47d809eb30f8ba26f01a3fdd3139cb25b6dfd9c44318c198575,08/03/2025 10:55:00 PM,1,DRIVER,,2022030,,UNKNOWN,MOTORIZED,,,UNKNOWN,MOPED OR MOTORIZED BICYCLE,UNKNOWN/NA,E,STRAIGHT AHEAD,,,1,,,,,,,,,,,,,,,,,Y,UNKNOWN,,,,,,,,,,,,,,,,,,,,,,,,,,,,,,,,,
2121075,e536406e612eecf91c4a654e1d348624853607e3163539fb429755630cd536a9ca4dc2698c7cf47d809eb30f8ba26f01a3fdd3139cb25b6dfd9c44318c198575,08/03/2025 10:55:00 PM,2,PARKED,,2022019,,FORD,F150,IL,2002,UNKNOWN,PICKUP,UNKNOWN/NA,NW,PARKED,,,0,,,,,,,,,,,,,,,,,Y,UNKNOWN,,,,,,,,,,,,,,,,,,,,,,,,,,,,,,,,,
2121076,aff24feeaa283c03fa4113475e5cc04b65128126106b749235e3c9cd40c237932094351533deb1c616a88689c0b6f655bfa7e7904fef0c303df2b7615771e2b8,08/03/2025 10:45:00 PM,1,DRIVER,,2022021,,JEEP,LIBERTY,IL,2004,UNKNOWN,SPORT UTILITY VEHICLE (SUV),UNKNOWN/NA,N,MERGING,,,1,,,,,,,,,,,,,,,,,Y,UNKNOWN,,,,,,,,,,,,,,,,,,,,,,,,,,,,,,,,,
2121077,aff24feeaa283c03fa4113475e5cc04b65128126106b749235e3c9cd40c237932094351533deb1c616a88689c0b6f655bfa7e7904fef0c303df2b7615771e2b8,08/03/2025 10:45:00 PM,2,DRIVER,,2022026,,TOYOTA,CAMRY,IL,2023,UNKNOWN,SPORT UTILITY VEHICLE (SUV),PERSONAL,N,STRAIGHT AHEAD,,,1,,,,,,,,,,,Y,Y,Y,Y,Y,,,UNKNOWN,,,,,,,,,,,,,,,,,,,,,,,,,,,,,,,,,
2121072,b6b129daaed5745e4ba06fa0da4e5d3df9169adb085c4a0a0ead746ff11d6851f9891cbb590b655915188751a5327897b0d9da3cd6cb809eddc860b4c1638df7,08/03/2025 10:42:00 PM,1,DRIVER,3,2022020,,DODGE,JOURNEY,IL,2020,NONE,PASSENGER,PERSONAL,S,STRAIGHT AHEAD,,,4,,,,,Y,,,,,,,,,,Y,Y,,FRONT,,,,,,,,,,,,,,,,,,,,,,,,,,,,,,,,,
2121073,b6b129daaed5745e4ba06fa0da4e5d3df9169adb085c4a0a0ead746ff11d6851f9891cbb590b655915188751a5327897b0d9da3cd6cb809eddc860b4c1638df7,08/03/2025 10:42:00 PM,2,DRIVER,1,2022027,,HONDA,CIVIC,IL,2024,NONE,PASSENGER,PERSONAL,S,STRAIGHT AHEAD,,,2,,,,,,,,,Y,Y,Y,,,,,,,REAR,,,,,,,,,,,,,,,,,,,,,,,,,,,,,,,,,
2121360,95104003d5b9727d1789ada03cb4dab3a413215f51fe7193ec3a8d6037efcb3b7133740baa159c936d3ffadf0d263ccd581531465cdf597a71b7bfb17a96d0e8,08/03/2025 10:40:00 PM,1,DRIVER,,2022304,,TOYOTA,PRIUS,IL,2010,UNKNOWN,UNKNOWN/NA,UNKNOWN/NA,N,STRAIGHT AHEAD,,,1,,,,,,,,,,,,,,,,Y,,FRONT,,,,,,,,,,,,,,,,,,,,,,,,,,,,,,,,,
2121361,95104003d5b9727d1789ada03cb4dab3a413215f51fe7193ec3a8d6037efcb3b7133740baa159c936d3ffadf0d263ccd581531465cdf597a71b7bfb17a96d0e8,08/03/2025 10:40:00 PM,2,PARKED,,2022308,,TESLA,MODEL 3,IL,2021,UNKNOWN,OTHER,NOT IN USE,N,PARKED,,,0,,,,,,,,,,Y,,,,,,,,REAR-LEFT-CORNER,,,,,,,,,,,,,,,,,,,,,,,,,,,,,,,,,
2121080,f1754dde5a663da91ce106581cb6b9d4d6da80053be5e1e929258c566eb2312efc2cfa65e88e9a10764787ab94b28d96cd058d99ffe78247c1e9ca0a8f46a1d9,08/03/2025 10:40:00 PM,1,DRIVER,,2022028,,SUBARU,TRIBECA,IL,2009,NONE,PASSENGER,PERSONAL,S,STRAIGHT AHEAD,,,1,,,,,Y,,,,,,,,,,Y,Y,,FRONT,,,,,,,,,,,,,,,,,,,,,,,,,,,,,,,,,
2121081,f1754dde5a663da91ce106581cb6b9d4d6da80053be5e1e929258c566eb2312efc2cfa65e88e9a10764787ab94b28d96cd058d99ffe78247c1e9ca0a8f46a1d9,08/03/2025 10:40:00 PM,2,DRIVER,3,2022031,,HONDA,CIVIC,IL,2015,NONE,PASSENGER,PERSONAL,S,STRAIGHT AHEAD,,,4,,,,,,,,,Y,Y,Y,,,,,,,REAR,,,,,,,,,,,,,,,,,,,,,,,,,,,,,,,,,
2121100,1af8c0885853e3f2593c046b4c3a91ae6243d823e7f1621e6b3c84ca9b3220a04bf0b54f48a01769b4e4486be01f03a95d8fe520903d7b27d02cdf3833053687,08/03/2025 10:35:00 PM,1,DRIVER,,2022063,,NISSAN,ROGUE,IL,2016,UNKNOWN,SPORT UTILITY VEHICLE (SUV),PERSONAL,W,ENTERING TRAFFIC LANE FROM PARKING,,,1,,,,,,,,,,,,,,,Y,,,FRONT-LEFT-CORNER,,,,,,,,,,,,,,,,,,,,,,,,,,,,,,,,,
2121101,1af8c0885853e3f2593c046b4c3a91ae6243d823e7f1621e6b3c84ca9b3220a04bf0b54f48a01769b4e4486be01f03a95d8fe520903d7b27d02cdf3833053687,08/03/2025 10:35:00 PM,2,DRIVER,2,2022067,,BMW,320I,IL,2016,NONE,PASSENGER,PERSONAL,W,STRAIGHT AHEAD,,,3,,,,,,,Y,Y,Y,,,,,,,,,SIDE-RIGHT-REAR,,,,,,,,,,,,,,,,,,,,,,,,,,,,,,,,,
2121058,d807ca69dd01c5c5ec3b8c7152436c4e6da9967252bd5cc28849f8379efbf3f6dc06fcf6aace288387f64bf279d17310772948f522fc2503144304121da1b120,08/03/2025 10:35:00 PM,1,DRIVER,,2022007,,CHEVROLET,OTHER (EXPLAIN IN NARRATIVE),IL,2022,NONE,PASSENGER,PERSONAL,S,OTHER,,,1,,,,,,,,Y,N,,,,,,,,,SIDE-RIGHT-REAR,,,,,,,,,,,,,,,,,,,,,,,,,,,,,,,,,
2121059,d807ca69dd01c5c5ec3b8c7152436c4e6da9967252bd5cc28849f8379efbf3f6dc06fcf6aace288387f64bf279d17310772948f522fc2503144304121da1b120,08/03/2025 10:35:00 PM,2,DRIVER,,2022011,,HYUNDAI,OTHER (EXPLAIN IN NARRATIVE),IL,2024,NONE,PASSENGER,PERSONAL,S,STRAIGHT AHEAD,,,1,,,,,,,,,,,Y,Y,,,,,,SIDE-LEFT-REAR,,,,,,,,,,,,,,,,,,,,,,,,,,,,,,,,,
2121092,64d61bd3ae64896149d8b56263e51225ca7717079f1dc213204a92de8878923984d5128bc5bf1436a9ee22401cd0b71f2128981edcc0b2c557bbb4ed99002b6f,08/03/2025 10:30:00 PM,1,DRIVER,,2022041,,CADILLAC,OTHER (EXPLAIN IN NARRATIVE),IL,2008,UNKNOWN,PASSENGER,PERSONAL,E,UNKNOWN/NA,,,1,,,,,Y,,,,,,,,,,Y,Y,,FRONT,,,,,,,,,,,,,,,,,,,,,,,,,,,,,,,,,
2121093,64d61bd3ae64896149d8b56263e51225ca7717079f1dc213204a92de8878923984d5128bc5bf1436a9ee22401cd0b71f2128981edcc0b2c557bbb4ed99002b6f,08/03/2025 10:30:00 PM,2,DRIVER,,2022045,,VOLKSWAGEN,ATLAS,IL,2018,UNKNOWN,PASSENGER,PERSONAL,E,STRAIGHT AHEAD,,,1,,,,,,,,,Y,Y,Y,,,,,,,REAR,,,,,,,,,,,,,,,,,,,,,,,,,,,,,,,,,
2121812,af7fa5d06bb20327fe9fe2f7deb1034f7be03f3c737a5e2bb5014095be52cb7f7fd1a9e25046e81918e3c74bb4ef60fa474d63b99aaf42eb2be0f88ffc95b424,08/03/2025 10:30:00 PM,1,DRIVER,,2022746,,DODGE,RAM 1500 PU,NJ,2013,UNKNOWN,PICKUP,UNKNOWN/NA,S,STRAIGHT AHEAD,,,1,,,,,,,,,,,,,,,,Y,,FRONT,,,,,,,,,,,,,,,,,,,,,,,,,,,,,,,,,
2121813,af7fa5d06bb20327fe9fe2f7deb1034f7be03f3c737a5e2bb5014095be52cb7f7fd1a9e25046e81918e3c74bb4ef60fa474d63b99aaf42eb2be0f88ffc95b424,08/03/2025 10:30:00 PM,2,DRIVER,1,2022747,,AUDI,Q7,IL,2017,NONE,PASSENGER,PERSONAL,S,SLOW/STOP IN TRAFFIC,,,2,,,,,,,,,Y,Y,,,,,,,,REAR-RIGHT-CORNER,,,,,,,,,,,,,,,,,,,,,,,,,,,,,,,,,
2121062,4578b0f842e631b2002bb5c263d91e12684d7f668a352016bd1bc06ce2b8a1910f8ca5574a93071c656aed132b672ba06f200fc3f653718143a5cb156bd1c2b0,08/03/2025 10:29:00 PM,1,DRIVER,,2022012,,DODGE,DURANGO,IL,2011,UNKNOWN,PASSENGER,PERSONAL,E,STRAIGHT AHEAD,,,1,,,,,Y,,,,,,,,,,Y,Y,,FRONT,,,,,,,,,,,,,,,,,,,,,,,,,,,,,,,,,
2121063,4578b0f842e631b2002bb5c263d91e12684d7f668a352016bd1bc06ce2b8a1910f8ca5574a93071c656aed132b672ba06f200fc3f653718143a5cb156bd1c2b0,08/03/2025 10:29:00 PM,2,DRIVER,1,2022017,,NISSAN,SENTRA,IL,2020,NONE,PASSENGER,PERSONAL,E,SLOW/STOP IN TRAFFIC,,,2,,,,,,,,,Y,Y,Y,,,,,,,REAR,,,,,,,,,,,,,,,,,,,,,,,,,,,,,,,,,
2121068,254f745942f74b7966249ddba80ac6807773df0655c7df68b119c12105c5a2e7f2b562c383911ab628c6c9a91ae71e4acf870b1363cc03aca2a812c27bf7b540,08/03/2025 10:24:00 PM,1,BICYCLE,,,,,,,,,,,,,,,,,,,,,,,,,,,,,,,,,,,,,,,,,,,,,,,,,,,,,,,,,,,,,,,,,,
2121069,254f745942f74b7966249ddba80ac6807773df0655c7df68b119c12105c5a2e7f2b562c383911ab628c6c9a91ae71e4acf870b1363cc03aca2a812c27bf7b540,08/03/2025 10:24:00 PM,2,DRIVER,4,2022022,,MERCEDES-BENZ,G-CLASS,IL,2022,NONE,SPORT UTILITY VEHICLE (SUV),PERSONAL,E,TURNING LEFT,,,5,,,,,,Y,,,,,,,,,,,,SIDE-RIGHT,,,,,,,,,,,,,,,,,,,,,,,,,,,,,,,,,
2121116,8a7c437531962c01479ab9a8142bfe6fae87e929965f173c7c15b97e2f8e052f8980ef4bc9977f737c1074324d201bcdf3f7fd9be23d3d1c236206b535f9b70c,08/03/2025 10:13:00 PM,1,DRIVER,,2022061,,BMW,328I,IL,2013,UNKNOWN,PASSENGER,PERSONAL,W,STRAIGHT AHEAD,Y,,1,,CITY OF CHICAGO,,,Y,Y,,,,,,,,Y,Y,Y,,FRONT,,,,,,,,,,,,,,,,,,,,,,,,,,,,,,,,,
2121117,8a7c437531962c01479ab9a8142bfe6fae87e929965f173c7c15b97e2f8e052f8980ef4bc9977f737c1074324d201bcdf3f7fd9be23d3d1c236206b535f9b70c,08/03/2025 10:13:00 PM,2,DRIVER,,2022065,Y,"LODAL, INC., KINGSFORD, MI","LODAL, INC., KINGSFORD, MI",TN,1998,NONE,SINGLE UNIT TRUCK WITH TRAILER,PERSONAL,S,BACKING,,,1,,,,,,Y,Y,Y,Y,,,,,,,,,SIDE-RIGHT,"21,928",038111,,,,3,EVAN DELIVERY CO INC,IN,SCHERERVILLE,,,,U,U,,N,,N,N,,,,,53,,,,TRACTOR/SEMI-TRAILER,VAN/ENCLOSED BOX,OTHER,N,N,
2121064,3cabcd515bb33f904b830797669080cdf7f1a721a19d24fe79ccee893157b4a010f71d880ad368c44a8161bcb31cdb33b92d82d14e89ea003ba8e1406829cbb1,08/03/2025 10:12:00 PM,1,DRIVER,,2022023,,FORD,EXPLORER,IL,2017,NONE,PASSENGER,PERSONAL,N,STRAIGHT AHEAD,Y,,1,,PRIVATE TOW,,,Y,,,,,,,,,,Y,Y,,FRONT,,,,,,,,,,,,,,,,,,,,,,,,,,,,,,,,,
2121065,3cabcd515bb33f904b830797669080cdf7f1a721a19d24fe79ccee893157b4a010f71d880ad368c44a8161bcb31cdb33b92d82d14e89ea003ba8e1406829cbb1,08/03/2025 10:12:00 PM,2,DRIVER,1,2022018,,LEXUS,GS350,IL,2019,NONE,PASSENGER,PERSONAL,N,SLOW/STOP IN TRAFFIC,,,2,,,,,,,,,Y,Y,Y,,,,,,,REAR,,,,,,,,,,,,,,,,,,,,,,,,,,,,,,,,,
2122309,52b38b3c3d04559f05ce32a41a5ab6debbc636cdbace8cb24cfe5976a54832ec2e711c859630b21ae1499a4c5ce5f6fb7a0c242c77c9ef9b3d01365f0964a0a5,08/03/2025 10:00:00 PM,1,DRIVER,1,2023205,,HONDA,OTHER (EXPLAIN IN NARRATIVE),PA,2015,NONE,PASSENGER,PERSONAL,E,STRAIGHT AHEAD,,,2,,,,Y,N,,,,,,,,,,N,N,N,NONE,,,,,,,,,,,,,,,,,,,,,,,,,,,,,,,,,
2122310,52b38b3c3d04559f05ce32a41a5ab6debbc636cdbace8cb24cfe5976a54832ec2e711c859630b21ae1499a4c5ce5f6fb7a0c242c77c9ef9b3d01365f0964a0a5,08/03/2025 10:00:00 PM,2,BICYCLE,,,,,,,,,,,,,,,,,,,,,,,,,,,,,,,,,,,,,,,,,,,,,,,,,,,,,,,,,,,,,,,,,,
2121053,45981fe9d3b69d4972ce6747406995db71526f2412e258db68e0597da4f127c6658f92c03cf93deb1b336f02f5c6710870eb257d35d7a3e27f799ab0ded7df65,08/03/2025 09:59:00 PM,1,DRIVER,1,2022004,,HONDA,CR-V,IL,2008,UNKNOWN,SPORT UTILITY VEHICLE (SUV),PERSONAL,S,CHANGING LANES,,,2,,,,,,,,,,,,,Y,Y,Y,,,FRONT-LEFT-CORNER,,,,,,,,,,,,,,,,,,,,,,,,,,,,,,,,,
2121054,45981fe9d3b69d4972ce6747406995db71526f2412e258db68e0597da4f127c6658f92c03cf93deb1b336f02f5c6710870eb257d35d7a3e27f799ab0ded7df65,08/03/2025 09:59:00 PM,2,DRIVER,1,2022009,,CHEVROLET,TRAX,IL,2016,UNKNOWN,PASSENGER,PERSONAL,S,STRAIGHT AHEAD,,,2,,,,,Y,Y,Y,Y,,,,,,,,,,FRONT-RIGHT-CORNER,,,,,,,,,,,,,,,,,,,,,,,,,,,,,,,,,
2121554,2ceb7a51547edbd9638edc42bb8a04aeb89f7f3aaafbaf6d6945417150b9355c50493e5cce910c1a710f6234d6786a9f2816aaa06770e1a9b53b242fb889567c,08/03/2025 09:57:00 PM,1,DRIVER,,2022482,,CHEVROLET,TRAIL BLAZER,,2025,UNKNOWN,PASSENGER,PERSONAL,S,STRAIGHT AHEAD,,,1,,,,,,,,,,,,,,,,,Y,FRONT,,,,,,,,,,,,,,,,,,,,,,,,,,,,,,,,,
2121555,2ceb7a51547edbd9638edc42bb8a04aeb89f7f3aaafbaf6d6945417150b9355c50493e5cce910c1a710f6234d6786a9f2816aaa06770e1a9b53b242fb889567c,08/03/2025 09:57:00 PM,2,DRIVER,1,2022483,,MITSUBISHI,ECLIPSE,MS,2025,NONE,PASSENGER,PERSONAL,E,TURNING LEFT,Y,,2,,LOPEZ TOWING & RECOVERY,,,Y,,,,,Y,Y,Y,Y,,Y,Y,,SIDE-RIGHT-REAR,,,,,,,,,,,,,,,,,,,,,,,,,,,,,,,,,
2121740,baa39658a1dc09d08e548caa0f263cf160bc658ec13fffebbe4ee086be7e565e4f1a88ec6fc0908ffec110ff3fd45412b4ce8aa3dcea90d61957a80d4877f0db,08/03/2025 09:30:00 PM,1,DRIVER,,2022673,,MAZDA,MAZDA3,IL,2015,NONE,PASSENGER,PERSONAL,S,TURNING LEFT,,,1,,,,,,,,,,,,,,,,,,SIDE-RIGHT,,,,,,,,,,,,,,,,,,,,,,,,,,,,,,,,,
2121741,baa39658a1dc09d08e548caa0f263cf160bc658ec13fffebbe4ee086be7e565e4f1a88ec6fc0908ffec110ff3fd45412b4ce8aa3dcea90d61957a80d4877f0db,08/03/2025 09:30:00 PM,2,BICYCLE,,,,,,,,,,,,,,,,,,,,,,,,,,,,,,,,,,,,,,,,,,,,,,,,,,,,,,,,,,,,,,,,,,
2121251,fb3af24b852c24aa1f5e698191e8a667430331e4792ed2b09cb54c75d1b614991d88d4a3d99b3e11bdff9057536d219415a299189df1d78ed688ebd4367d4170,08/03/2025 09:27:00 PM,1,DRIVER,,2022206,,TOYOTA,HIGHLANDER,IL,2015,UNKNOWN,PASSENGER,PERSONAL,E,MERGING,,,1,,,,,,,,,,,Y,Y,Y,Y,Y,,,SIDE-LEFT,,,,,,,,,,,,,,,,,,,,,,,,,,,,,,,,,
2121252,fb3af24b852c24aa1f5e698191e8a667430331e4792ed2b09cb54c75d1b614991d88d4a3d99b3e11bdff9057536d219415a299189df1d78ed688ebd4367d4170,08/03/2025 09:27:00 PM,2,DRIVER,,2022212,,CHEVROLET,EQUINOX,,2018,UNKNOWN,PASSENGER,PERSONAL,E,STRAIGHT AHEAD,,,1,,,,,Y,Y,Y,Y,Y,,,,,,,,,SIDE-RIGHT,,,,,,,,,,,,,,,,,,,,,,,,,,,,,,,,,
2121066,74e342c444e67967c6d3888d829c6afca5d1b8e46dea3b3dbdb093357a8f2a30fcbc28aaab22aac52790e512ac79746926597ecc999d3964cc4a2da5a18171ad,08/03/2025 09:25:00 PM,1,DRIVER,,2022015,,HONDA,INSIGHT,IL,2012,UNKNOWN,PASSENGER,PERSONAL,E,STRAIGHT AHEAD,,,1,,,,,,,,,,,,,N,,,,,FRONT-LEFT-CORNER,,,,,,,,,,,,,,,,,,,,,,,,,,,,,,,,,
2121067,74e342c444e67967c6d3888d829c6afca5d1b8e46dea3b3dbdb093357a8f2a30fcbc28aaab22aac52790e512ac79746926597ecc999d3964cc4a2da5a18171ad,08/03/2025 09:25:00 PM,2,DRIVER,,2022025,,FORD,EXPLORER,IL,2017,NONE,SPORT UTILITY VEHICLE (SUV),POLICE,W,STRAIGHT AHEAD,,,1,,,,,,,,,,,,,,N,Y,Y,,FRONT-LEFT-CORNER,,,,,,,,,,,,,,,,,,,,,,,,,,,,,,,,,
2121078,9807fc4986b78fe2c3077ef17950e8544732c7e2d257331f8494074d6d0de380c6d1b16b34e8e33e95aa7a3758dd1275247f6608e719a3f70fe640ca4df79aa1,08/03/2025 09:18:00 PM,1,DRIVER,,2022024,,CYCLESCOOT,CYCLESCOOT,IL,2019,UNKNOWN,MOPED OR MOTORIZED BICYCLE,UNKNOWN/NA,W,UNKNOWN/NA,Y,,1,,CITY OF CHICAGO,AUTO POUND 2,,,,,,,,,,,N,N,,,FRONT,,,,,,,,,,,,,,,,,,,,,,,,,,,,,,,,,
2121079,9807fc4986b78fe2c3077ef17950e8544732c7e2d257331f8494074d6d0de380c6d1b16b34e8e33e95aa7a3758dd1275247f6608e719a3f70fe640ca4df79aa1,08/03/2025 09:18:00 PM,2,PARKED,,2022032,,CHEVROLET,SILVERADO,IL,2021,UNKNOWN,PICKUP,UNKNOWN/NA,E,PARKED,,,0,,,,,Y,,,,,,,,,,Y,Y,,FRONT,,,,,,,,,,,,,,,,,,,,,,,,,,,,,,,,,
2121045,0f1119ca192c52bc64659e35111e11f5c3a432237979725cb825e55e8e8b1d9ed6b31b64ae9159f760909a09b7df1d3a01427661e432c9e21004341de572b939,08/03/2025 09:16:00 PM,1,DRIVER,,2021999,,CHEVROLET,CRUZE,IL,2016,NONE,PASSENGER,UNKNOWN/NA,S,STRAIGHT AHEAD,,,1,,,,,Y,,,,,,,,,,,Y,,FRONT-RIGHT-CORNER,,,,,,,,,,,,,,,,,,,,,,,,,,,,,,,,,
2121046,0f1119ca192c52bc64659e35111e11f5c3a432237979725cb825e55e8e8b1d9ed6b31b64ae9159f760909a09b7df1d3a01427661e432c9e21004341de572b939,08/03/2025 09:16:00 PM,2,DRIVER,2,2022000,,CHEVROLET,MALIBU,IN,2023,NONE,PASSENGER,UNKNOWN/NA,S,STRAIGHT AHEAD,,,3,,,,,,,,,,,Y,,,,,,,REAR-LEFT-CORNER,,,,,,,,,,,,,,,,,,,,,,,,,,,,,,,,,
2121047,a12751a332447eb2fb5896134868295fd01d1b54afc6f8e885ff7ee8e9f3bb9056b8fd33669fb5fc9d81749fecf37302c6062d5a3cb420c4663517ae3516933c,08/03/2025 09:13:00 PM,1,DRIVER,,2022006,,YAMAHA,OTHER (EXPLAIN IN NARRATIVE),MI,2023,UNKNOWN,MOTORCYCLE (OVER 150CC),PERSONAL,S,STRAIGHT AHEAD,,,1,,,,,Y,,,,,,,,,,Y,Y,,FRONT,,,,,,,,,,,,,,,,,,,,,,,,,,,,,,,,,
2121048,a12751a332447eb2fb5896134868295fd01d1b54afc6f8e885ff7ee8e9f3bb9056b8fd33669fb5fc9d81749fecf37302c6062d5a3cb420c4663517ae3516933c,08/03/2025 09:13:00 PM,2,DRIVER,,2021998,,TOYOTA,COROLLA,IL,2002,UNKNOWN,PASSENGER,PERSONAL,W,STRAIGHT AHEAD,Y,,1,,,,,,Y,Y,Y,Y,,,,,,,,,SIDE-RIGHT-REAR,,,,,,,,,,,,,,,,,,,,,,,,,,,,,,,,,
2121039,ab278b717137f3032c5b2fc41e6570e6d946c4ea2eddaf64a8d8909ee7674d4af775919a13c8a366e9047a34377fc0767e53594d552de76f93507f399b97751a,08/03/2025 09:10:00 PM,1,DRIVER,,2021988,,BMW,OTHER (EXPLAIN IN NARRATIVE),IL,2007,UNKNOWN,PASSENGER,PERSONAL,W,DRIVING WRONG WAY,,,1,,,,,,,,Y,Y,,,,,,,,,REAR-RIGHT-CORNER,,,,,,,,,,,,,,,,,,,,,,,,,,,,,,,,,
2121040,ab278b717137f3032c5b2fc41e6570e6d946c4ea2eddaf64a8d8909ee7674d4af775919a13c8a366e9047a34377fc0767e53594d552de76f93507f399b97751a,08/03/2025 09:10:00 PM,2,PARKED,,2021989,,LEXUS,IS300,IL,2017,UNKNOWN,PASSENGER,UNKNOWN/NA,UNKNOWN,PARKED,,,0,,,,,,,,Y,Y,Y,,,,,,,,REAR-RIGHT-CORNER,,,,,,,,,,,,,,,,,,,,,,,,,,,,,,,,,
2121298,c7d27eee375ae4bd746a043be35d244c21f251bf767666d048fc186648e0343ef6429ebefadaa5b39bf57944b099947ac4b97e6ab897792cc858a696244d1114,08/03/2025 09:08:00 PM,1,DRIVER,,2022244,,MAZDA,OTHER (EXPLAIN IN NARRATIVE),IL,2015,NONE,PASSENGER,PERSONAL,N,STRAIGHT AHEAD,,,1,,,,,,,,,,,,,,,,Y,,FRONT,,,,,,,,,,,,,,,,,,,,,,,,,,,,,,,,,
2121299,c7d27eee375ae4bd746a043be35d244c21f251bf767666d048fc186648e0343ef6429ebefadaa5b39bf57944b099947ac4b97e6ab897792cc858a696244d1114,08/03/2025 09:08:00 PM,2,BICYCLE,,,,,,,,,,,,,,,,,,,,,,,,,,,,,,,,,,,,,,,,,,,,,,,,,,,,,,,,,,,,,,,,,,
2121049,f976aa7b7307062748e93a0f1341f11d89f50f656ef33d9ffe5fd01aa14ade24429c7b8934838b272bb89765c97f5f4c1ba0a7af3a9e1f6d508fdd19ebb8dc62,08/03/2025 09:05:00 PM,1,DRIVER,,2021996,,JEEP,CHEROKEE,IL,2023,UNKNOWN,PASSENGER,UNKNOWN/NA,N,STRAIGHT AHEAD,,,1,,,,,,,,,,,,,,Y,Y,,,FRONT-LEFT-CORNER,,,,,,,,,,,,,,,,,,,,,,,,,,,,,,,,,
2121050,f976aa7b7307062748e93a0f1341f11d89f50f656ef33d9ffe5fd01aa14ade24429c7b8934838b272bb89765c97f5f4c1ba0a7af3a9e1f6d508fdd19ebb8dc62,08/03/2025 09:05:00 PM,2,DRIVER,1,2021997,,HONDA,CIVIC,IL,2021,UNKNOWN,PASSENGER,UNKNOWN/NA,E,STRAIGHT AHEAD,,,2,,,,,Y,Y,,,,,,,,,,,,FRONT-RIGHT-CORNER,,,,,,,,,,,,,,,,,,,,,,,,,,,,,,,,,
2121057,f9c46ffef478bc15bc06c16fe837782713c95cbd8204d7964f99b3d312e87affd3ca0e62372b6c9e3c4e94a084f431e3855fcf2a6e026cba68cc7eb9c3e7a46c,08/03/2025 09:03:00 PM,1,DRIVER,,2022014,,GENERAL MOTORS CORPORATION (GMC),ENVOY,IL,2005,UNKNOWN,SPORT UTILITY VEHICLE (SUV),UNKNOWN/NA,S,OTHER,Y,,1,,STREETS AND SAN,,,Y,Y,Y,,,,,,,,,Y,,FRONT-RIGHT-CORNER,,,,,,,,,,,,,,,,,,,,,,,,,,,,,,,,,
2121051,a076280cfd62e424134fc04e68a564819b31a1b71e40469f46d1f8531c7677071ade07d89068908682303e75df0bddbc40103e3852722e0d934e492b8878401b,08/03/2025 09:00:00 PM,1,DRIVER,,2022001,,UNKNOWN,MOTORIZED,IL,,UNKNOWN,UNKNOWN/NA,UNKNOWN/NA,S,STRAIGHT AHEAD,,,1,,,,,,,,,,,Y,Y,Y,Y,Y,,,SIDE-LEFT,,,,,,,,,,,,,,,,,,,,,,,,,,,,,,,,,