CRASH_UNIT_ID,CRASH_RECORD_ID,CRASH_DATE,UNIT_NO,UNIT_TYPE,NUM_PASSENGERS,VEHICLE_ID,CMRC_VEH_I,MAKE,MODEL,LIC_PLATE_STATE,VEHICLE_YEAR,VEHICLE_DEFECT,VEHICLE_TYPE,VEHICLE_USE,TRAVEL_DIRECTION,MANEUVER,TOWED_I,FIRE_I,OCCUPANT_CNT,EXCEED_SPEED_LIMIT_I,TOWED_BY,TOWED_TO,AREA_00_I,AREA_01_I,AREA_02_I,AREA_03_I,AREA_04_I,AREA_05_I,AREA_06_I,AREA_07_I,AREA_08_I,AREA_09_I,AREA_10_I,AREA_11_I,AREA_12_I,AREA_99_I,FIRST_CONTACT_POINT,CMV_ID,USDOT_NO,CCMC_NO,ILCC_NO,COMMERCIAL_SRC,GVWR,CARRIER_NAME,CARRIER_STATE,CARRIER_CITY,HAZMAT_PLACARDS_I,HAZMAT_NAME,UN_NO,HAZMAT_PRESENT_I,HAZMAT_REPORT_I,HAZMAT_REPORT_NO,MCS_REPORT_I,MCS_REPORT_NO,HAZMAT_VIO_CAUSE_CRASH_I,MCS_VIO_CAUSE_CRASH_I,IDOT_PERMIT_NO,WIDE_LOAD_I,TRAILER1_WIDTH,TRAILER2_WIDTH,TRAILER1_LENGTH,TRAILER2_LENGTH,TOTAL_VEHICLE_LENGTH,AXLE_CNT,VEHICLE_CONFIG,CARGO_BODY_TYPE,LOAD_TYPE,HAZMAT_OUT_OF_SERVICE_I,MCS_OUT_OF_SERVICE_I,HAZMAT_CLASS
2121052,a076280cfd62e424134fc04e68a564819b31a1b71e40469f46d1f8531c7677071ade07d89068908682303e75df0bddbc40103e3852722e0d934e492b8878401b,08/03/2025 09:00:00 PM,2,DRIVER,,2022002,,VOLKSWAGEN,JETTA,IL,2021,UNKNOWN,PASSENGER,PERSONAL,S,STRAIGHT AHEAD,,,1,,,,,Y,Y,Y,Y,Y,,,,,,,,,SIDE-RIGHT,,,,,,,,,,,,,,,,,,,,,,,,,,,,,,,,,
2121043,34486087f01697f5f43c6d38c1b01b9622e466443b0f735f2eae9cb5410e40eb6e149199a8a8d40f6c4e9712fe1bde282aa81a21d99482eb239ac7c1e77f5801,08/03/2025 08:54:00 PM,1,DRIVER,,2021992,,AUDI,Q7,IL,2018,UNKNOWN,PASSENGER,PERSONAL,E,STRAIGHT AHEAD,,,1,,,,,,,,,,,,,,,,Y,,FRONT,,,,,,,,,,,,,,,,,,,,,,,,,,,,,,,,,
2121044,34486087f01697f5f43c6d38c1b01b9622e466443b0f735f2eae9cb5410e40eb6e149199a8a8d40f6c4e9712fe1bde282aa81a21d99482eb239ac7c1e77f5801,08/03/2025 08:54:00 PM,2,DRIVER,2,2021995,,KIA,SOUL,IL,2011,UNKNOWN,PASSENGER,PERSONAL,E,STRAIGHT AHEAD,,,3,,,,,,,,,,Y,,,,,,,,REAR,,,,,,,,,,,,,,,,,,,,,,,,,,,,,,,,,
2121029,b47e38d8bfd284eab725e066c0dd293bcd0900c5635754d130abfbdf9d07a34ee8ee56a3f09fe399318a8cce35de09ac64d48b6e9ab0c297fe4bda2622bff1d8,08/03/2025 08:50:00 PM,1,DRIVER,,2021979,,HONDA,FIT,IL,2013,UNKNOWN,PASSENGER,PERSONAL,S,BACKING,,,1,,,,,,,,,Y,Y,,,,,,,,REAR,,,,,,,,,,,,,,,,,,,,,,,,,,,,,,,,,
2121030,b47e38d8bfd284eab725e066c0dd293bcd0900c5635754d130abfbdf9d07a34ee8ee56a3f09fe399318a8cce35de09ac64d48b6e9ab0c297fe4bda2622bff1d8,08/03/2025 08:50:00 PM,2,DRIVER,,2021982,,ALFA ROMEO,GIULIA (SERIES),IL,2021,UNKNOWN,PASSENGER,PERSONAL,N,STARTING IN TRAFFIC,,,1,,,,,,,,,,Y,Y,,,,,,,REAR-LEFT-CORNER,,,,,,,,,,,,,,,,,,,,,,,,,,,,,,,,,
2122043,3c776c97f3554d5b8eb9e3c1d82146f249b410fd91adae0a6861fd133e852b2ea4576525adfaa7cd9dde6d28f6aa49d65a65ca26ba199d2c6585cf184d6ad44b,08/03/2025 08:48:00 PM,1,DRIVER,,2022977,,HONDA,MOTORCYCLE,,,UNKNOWN,MOTORCYCLE (OVER 150CC),UNKNOWN/NA,N,STRAIGHT AHEAD,,,1,,,,,,,,,,,,,,,,,,UNKNOWN,,,,,,,,,,,,,,,,,,,,,,,,,,,,,,,,,
2122044,3c776c97f3554d5b8eb9e3c1d82146f249b410fd91adae0a6861fd133e852b2ea4576525adfaa7cd9dde6d28f6aa49d65a65ca26ba199d2c6585cf184d6ad44b,08/03/2025 08:48:00 PM,2,PARKED,,2022984,,FORD,EXPLORER,,,UNKNOWN,SPORT UTILITY VEHICLE (SUV),UNKNOWN/NA,N,PARKED,,,0,,,,,,,,,,,,,,,Y,,,OTHER,,,,,,,,,,,,,,,,,,,,,,,,,,,,,,,,,
2121035,6979e21f627198f09f7a280e1e258a3223e04a0b25c53919ddc53bf6fcb58d8f8c3e0ef9234ee766f64fd3b9b391d4e86d3fa12eb0646a9b76ed2b2473a6c0a1,08/03/2025 08:38:00 PM,1,DRIVER,1,2021986,,NISSAN,SENTRA,IL,2017,UNKNOWN,PASSENGER,PERSONAL,N,STRAIGHT AHEAD,Y,,2,,personal tow,,,Y,,,,,,,,,,Y,Y,,FRONT,,,,,,,,,,,,,,,,,,,,,,,,,,,,,,,,,
2121036,6979e21f627198f09f7a280e1e258a3223e04a0b25c53919ddc53bf6fcb58d8f8c3e0ef9234ee766f64fd3b9b391d4e86d3fa12eb0646a9b76ed2b2473a6c0a1,08/03/2025 08:38:00 PM,2,DRIVER,,2021991,,HYUNDAI,OTHER (EXPLAIN IN NARRATIVE),IL,2017,UNKNOWN,PASSENGER,PERSONAL,N,STRAIGHT AHEAD,,,1,,,,,,,,,Y,Y,Y,,,,,,,REAR,,,,,,,,,,,,,,,,,,,,,,,,,,,,,,,,,
2121321,cc079249415175642c403d1e42409ddadc7eab06b8e57057ce5007cf6f6722bd0d96fe26ee30615e6ca1d9c3c29f1c46b0f75cf7186c088c834785c5605e213b,08/03/2025 08:30:00 PM,1,DRIVER,1,2022281,,UNKNOWN,OTHER (EXPLAIN IN NARRATIVE),IL,,UNKNOWN,UNKNOWN/NA,OTHER,N,STRAIGHT AHEAD,,,2,,,,,,,,,,,,,,,,,Y,UNKNOWN,,,,,,,,,,,,,,,,,,,,,,,,,,,,,,,,,
2121322,cc079249415175642c403d1e42409ddadc7eab06b8e57057ce5007cf6f6722bd0d96fe26ee30615e6ca1d9c3c29f1c46b0f75cf7186c088c834785c5605e213b,08/03/2025 08:30:00 PM,2,DRIVER,4,2022262,,HYUNDAI,SANTA FE,IL,2018,UNKNOWN,SPORT UTILITY VEHICLE (SUV),OTHER,N,STRAIGHT AHEAD,,,5,,,,,,,,,Y,Y,Y,,,,,,Y,UNKNOWN,,,,,,,,,,,,,,,,,,,,,,,,,,,,,,,,,
2121153,04503884e31dbdb776ef472e90098e03a3fc761b5d18fe6b482cdc051c0c59c31aa8d7a63fbf81a7024d3804acfe43ad3a69ad0a89af79bf185a03f4cf823fc6,08/03/2025 08:26:00 PM,1,DRIVER,,2022103,,HYUNDAI,ELANTRA,IL,2013,NONE,PASSENGER,UNKNOWN/NA,SE,TURNING LEFT,,,1,,,,,,,,,Y,,,,,,,,,REAR-RIGHT-CORNER,,,,,,,,,,,,,,,,,,,,,,,,,,,,,,,,,
2121154,04503884e31dbdb776ef472e90098e03a3fc761b5d18fe6b482cdc051c0c59c31aa8d7a63fbf81a7024d3804acfe43ad3a69ad0a89af79bf185a03f4cf823fc6,08/03/2025 08:26:00 PM,2,DRIVER,1,2022104,,AUDI,Q5,IL,2015,NONE,SPORT UTILITY VEHICLE (SUV),PERSONAL,SE,TURNING LEFT,,,2,,,,,,,,,,,,,,,Y,,,FRONT-LEFT-CORNER,,,,,,,,,,,,,,,,,,,,,,,,,,,,,,,,,
2121023,1bb22f05e3682f2552b0f79e79d47793a05115831fcadef5c1296b9f86a0c8bbb73882b6966068bd62ac8778a582a91a0ff694b60745d7f063379dfbe1a0a06a,08/03/2025 08:25:00 PM,1,DRIVER,,2021973,,FORD,EXPLORER,IL,2012,UNKNOWN,PASSENGER,PERSONAL,E,CHANGING LANES,,,1,,,,,,,,,,,,,,,,Y,,FRONT-RIGHT-CORNER,,,,,,,,,,,,,,,,,,,,,,,,,,,,,,,,,
2121024,1bb22f05e3682f2552b0f79e79d47793a05115831fcadef5c1296b9f86a0c8bbb73882b6966068bd62ac8778a582a91a0ff694b60745d7f063379dfbe1a0a06a,08/03/2025 08:25:00 PM,2,DRIVER,,2021976,,TOYOTA,CAMRY,IL,2019,UNKNOWN,PASSENGER,PERSONAL,E,OTHER,,,1,,,,,,,,,,,Y,,,,,,,REAR-LEFT-CORNER,,,,,,,,,,,,,,,,,,,,,,,,,,,,,,,,,
2121033,2850e7c88445ab2f01e4dddccbc9d7299da08c56247a2b68cb947bcfdd042ede596941c19f532518ef9f64ad68257fd8ebb67c863e523c5ccf08a0f75abe2fcb,08/03/2025 08:10:00 PM,1,DRIVER,1,2022003,,HONDA,HR-V,IL,2021,NONE,SPORT UTILITY VEHICLE (SUV),PERSONAL,N,STRAIGHT AHEAD,,,2,,,,,Y,,,,,,,,,,Y,Y,,FRONT,,,,,,,,,,,,,,,,,,,,,,,,,,,,,,,,,
2121034,2850e7c88445ab2f01e4dddccbc9d7299da08c56247a2b68cb947bcfdd042ede596941c19f532518ef9f64ad68257fd8ebb67c863e523c5ccf08a0f75abe2fcb,08/03/2025 08:10:00 PM,2,DRIVER,,2021987,,CHRYSLER,OTHER (EXPLAIN IN NARRATIVE),IL,2013,NONE,VAN/MINI-VAN,PERSONAL,N,STRAIGHT AHEAD,,,1,,,,,,,,,Y,Y,Y,,,,,,,REAR,,,,,,,,,,,,,,,,,,,,,,,,,,,,,,,,,
2122694,21ef9a55d09888e96bd60dd97659b0fbe41786c2812d7b45c9719e16e2ba2536f0b5645283f926664910ab67d58736ba3775f4c2e90997c8a5c461922be051f6,08/03/2025 08:03:00 PM,1,DRIVER,,2023592,,FORD,F150,IL,2006,NONE,PASSENGER,PERSONAL,E,BACKING,,,1,,,,Y,,,,,,N,,,,,,,,REAR,,,,,,,,,,,,,,,,,,,,,,,,,,,,,,,,,
2122695,21ef9a55d09888e96bd60dd97659b0fbe41786c2812d7b45c9719e16e2ba2536f0b5645283f926664910ab67d58736ba3775f4c2e90997c8a5c461922be051f6,08/03/2025 08:03:00 PM,2,DRIVER,,2023589,,CHEVROLET,CRUZE,IL,2012,NONE,PASSENGER,PERSONAL,E,SLOW/STOP IN TRAFFIC,,,1,,,,N,,,,,,N,,,,,Y,Y,,FRONT,,,,,,,,,,,,,,,,,,,,,,,,,,,,,,,,,
2121532,05559c389407f8a197082734454d57ac2979c201cc69048c90b798009de6e76c62183c88cf219d0a0f2b0db6ee0d68efe180251dd0c12c2579df94b526ad38da,08/03/2025 08:00:00 PM,1,DRIVER,,2022471,,UNKNOWN,OTHER (EXPLAIN IN NARRATIVE),,,UNKNOWN,UNKNOWN/NA,UNKNOWN/NA,UNKNOWN,UNKNOWN/NA,,,1,,,,,,,,,,,,,,,,,Y,UNKNOWN,,,,,,,,,,,,,,,,,,,,,,,,,,,,,,,,,
2121533,05559c389407f8a197082734454d57ac2979c201cc69048c90b798009de6e76c62183c88cf219d0a0f2b0db6ee0d68efe180251dd0c12c2579df94b526ad38da,08/03/2025 08:00:00 PM,2,PARKED,,2022475,,TOYOTA,RAV4,IL,2015,NONE,PASSENGER,PERSONAL,E,PARKED,,,0,,,,,,,,,,,,,,Y,Y,,,FRONT-LEFT-CORNER,,,,,,,,,,,,,,,,,,,,,,,,,,,,,,,,,
2121010,5100b86c5b479fdca90887726422a07b3890931f4a848fdb9e54afae697a82394efc1f7012ae6196c6dffabbef9ad7369d777a883b7e22b9417f97d387b18682,08/03/2025 08:00:00 PM,1,DRIVER,,2021978,,LAND ROVER,RANGE ROVER (EVOQUE / SPORT / VELAR),IL,2018,UNKNOWN,SPORT UTILITY VEHICLE (SUV),PERSONAL,W,STRAIGHT AHEAD,,,1,,,,,,Y,,,,,,,,,,,,SIDE-RIGHT,,,,,,,,,,,,,,,,,,,,,,,,,,,,,,,,,
2121011,5100b86c5b479fdca90887726422a07b3890931f4a848fdb9e54afae697a82394efc1f7012ae6196c6dffabbef9ad7369d777a883b7e22b9417f97d387b18682,08/03/2025 08:00:00 PM,2,BICYCLE,,,,,,,,,,,,,,,,,,,,,,,,,,,,,,,,,,,,,,,,,,,,,,,,,,,,,,,,,,,,,,,,,,
2121018,098356470280793b1da73db288e604d70aaf5bedff1eeb72ab5f41f6920ac1db3246b6965bdf446708f3dab3318a789cbd71566b6502f9770119d06f97ba9d82,08/03/2025 07:40:00 PM,1,DRIVER,,2021967,,NISSAN,ROGUE,IL,2013,UNKNOWN,SPORT UTILITY VEHICLE (SUV),UNKNOWN/NA,E,STRAIGHT AHEAD,Y,,1,,city of chicago,city pound,,Y,,,,,,,,,,Y,Y,,FRONT,,,,,,,,,,,,,,,,,,,,,,,,,,,,,,,,,
2121019,098356470280793b1da73db288e604d70aaf5bedff1eeb72ab5f41f6920ac1db3246b6965bdf446708f3dab3318a789cbd71566b6502f9770119d06f97ba9d82,08/03/2025 07:40:00 PM,2,PARKED,,2021968,,HYUNDAI,TUCSON,IL,2008,UNKNOWN,SPORT UTILITY VEHICLE (SUV),UNKNOWN/NA,UNKNOWN,PARKED,,,0,,,,,,,,,,,Y,,,,Y,,,FRONT-LEFT-CORNER,,,,,,,,,,,,,,,,,,,,,,,,,,,,,,,,,
2121020,098356470280793b1da73db288e604d70aaf5bedff1eeb72ab5f41f6920ac1db3246b6965bdf446708f3dab3318a789cbd71566b6502f9770119d06f97ba9d82,08/03/2025 07:40:00 PM,3,PARKED,,2021971,,HONDA,ACCORD,IN,2008,UNKNOWN,PASSENGER,UNKNOWN/NA,UNKNOWN,PARKED,,,0,,,,,Y,,,,,,,,,,Y,Y,,FRONT,,,,,,,,,,,,,,,,,,,,,,,,,,,,,,,,,
2121007,2c32de17f837092eeed54568c3e7be0c887efd581c6dd4de3b84cd2f101e71560fab5bf302dfbdeb6717bc6fb88cbc27576b670348650374b3cdfa3c55500d4a,08/03/2025 07:39:00 PM,1,DRIVER,,2021956,,FORD,ESCORT,,,UNKNOWN,UNKNOWN/NA,UNKNOWN/NA,E,UNKNOWN/NA,,,1,,,,,,,,,,,,,,Y,Y,Y,,FRONT-LEFT-CORNER,,,,,,,,,,,,,,,,,,,,,,,,,,,,,,,,,
2127037,744cdbe2ce520a49131c6be04e29836e827d5f184a388a93bab9995d5f51a83bced19cdca2685b1df0570772053ad39d831c1458932342160d37f65c4c6eb312,08/03/2025 07:30:00 PM,1,DRIVER,,2027691,,UNKNOWN,MOTORIZED,,,NONE,UNKNOWN/NA,UNKNOWN/NA,UNKNOWN,UNKNOWN/NA,,,1,,,,,,,,,,,,,,,,,,UNKNOWN,,,,,,,,,,,,,,,,,,,,,,,,,,,,,,,,,
2127038,744cdbe2ce520a49131c6be04e29836e827d5f184a388a93bab9995d5f51a83bced19cdca2685b1df0570772053ad39d831c1458932342160d37f65c4c6eb312,08/03/2025 07:30:00 PM,2,PARKED,,2027697,,NISSAN,OTHER (EXPLAIN IN NARRATIVE),IL,2017,NONE,PASSENGER,PERSONAL,UNKNOWN,PARKED,,,0,,,,,,,Y,,,,,,,,,,,SIDE-RIGHT,,,,,,,,,,,,,,,,,,,,,,,,,,,,,,,,,
2121003,661227cc74490d23a95d4342086d793e56b585e03c4e1dc94814ad2bec1fd9c0d426807271a8f743a655b8e1ad2df9d06e9f19e901934735fd2d3899a4523fd6,08/03/2025 07:25:00 PM,1,DRIVER,,2021951,,HUMMER,H3,IL,2008,UNKNOWN,SPORT UTILITY VEHICLE (SUV),UNKNOWN/NA,W,STRAIGHT AHEAD,,,1,,,,,Y,Y,Y,Y,Y,,,,,N,N,,,SIDE-RIGHT,,,,,,,,,,,,,,,,,,,,,,,,,,,,,,,,,
2121004,661227cc74490d23a95d4342086d793e56b585e03c4e1dc94814ad2bec1fd9c0d426807271a8f743a655b8e1ad2df9d06e9f19e901934735fd2d3899a4523fd6,08/03/2025 07:25:00 PM,2,PARKED,,2021952,,GENERAL MOTORS CORPORATION (GMC),YUKON,IL,2013,NONE,SPORT UTILITY VEHICLE (SUV),PERSONAL,W,PARKED,,,0,,,,,,,,,,,Y,Y,Y,Y,Y,,,SIDE-LEFT,,,,,,,,,,,,,,,,,,,,,,,,,,,,,,,,,
2121031,8011a6dbca8541df7df7ff6504d97169d4c716590ccc1d6578dc25d3afc0636d30b4ee91ea6390efe213d261b4486905196e64146bfe2d8ac6a3d9195e9774e4,08/03/2025 07:23:00 PM,1,DRIVER,1,2021980,,FORD,FIESTA,IL,2019,NONE,PASSENGER,PERSONAL,N,ENTERING TRAFFIC LANE FROM PARKING,N,,2,,,,,,,,,,,,,,Y,Y,Y,,FRONT-LEFT-CORNER,,,,,,,,,,,,,,,,,,,,,,,,,,,,,,,,,
2121032,8011a6dbca8541df7df7ff6504d97169d4c716590ccc1d6578dc25d3afc0636d30b4ee91ea6390efe213d261b4486905196e64146bfe2d8ac6a3d9195e9774e4,08/03/2025 07:23:00 PM,2,DRIVER,1,2021983,,TOYOTA,RAV4,IL,2020,NONE,SPORT UTILITY VEHICLE (SUV),PERSONAL,N,STRAIGHT AHEAD,Y,,2,,PRIVATE,UNK,,N,Y,Y,Y,Y,,,,,,,,,SIDE-RIGHT,,,,,,,,,,,,,,,,,,,,,,,,,,,,,,,,,
2121228,3d005b15bde2b4e1847c6d36c1bb8f91191cc5c51a3c838c90178178c32e20cb68a4926a5e7b91c52996a3673754aa1b5f350ab550d432022cfe34c2a4105a89,08/03/2025 07:15:00 PM,1,DRIVER,,2022176,,UNKNOWN,MOTORIZED,IL,,NONE,MOTORCYCLE (OVER 150CC),PERSONAL,S,STRAIGHT AHEAD,,,1,,,,,,,,,,,,,,,,Y,,FRONT,,,,,,,,,,,,,,,,,,,,,,,,,,,,,,,,,
2121229,3d005b15bde2b4e1847c6d36c1bb8f91191cc5c51a3c838c90178178c32e20cb68a4926a5e7b91c52996a3673754aa1b5f350ab550d432022cfe34c2a4105a89,08/03/2025 07:15:00 PM,2,DRIVER,,2022183,,NISSAN,ROGUE,IL,2013,UNKNOWN,SPORT UTILITY VEHICLE (SUV),PERSONAL,W,STRAIGHT AHEAD,,,1,,,,,Y,Y,Y,,,,,,,,,,,SIDE-RIGHT-FRONT,,,,,,,,,,,,,,,,,,,,,,,,,,,,,,,,,
2120997,5fa00c6b3b6729aad495b3601089f5cf70d25fe063b532295bdbb348eb9098973789db5cebaccdde817dcd98a105d2d816c7872be7b6cf5c5b178d54e2a92a6f,08/03/2025 07:15:00 PM,1,BICYCLE,,,,,,,,,,,,,,,,,,,,,,,,,,,,,,,,,,,,,,,,,,,,,,,,,,,,,,,,,,,,,,,,,,
2120998,5fa00c6b3b6729aad495b3601089f5cf70d25fe063b532295bdbb348eb9098973789db5cebaccdde817dcd98a105d2d816c7872be7b6cf5c5b178d54e2a92a6f,08/03/2025 07:15:00 PM,2,PARKED,,2021950,,CHEVROLET,OTHER (EXPLAIN IN NARRATIVE),IL,2020,UNKNOWN,PASSENGER,PERSONAL,E,PARKED,,,0,,,,,,,Y,Y,,,,,,,,,,SIDE-RIGHT-REAR,,,,,,,,,,,,,,,,,,,,,,,,,,,,,,,,,
2126138,a8725e32a5aafd5d0c47c619cafca99e00101edefb73d02a984f3e87ad7ac215180462fb03c58f613794b5113e6f319f5d37b32fba330f21f59eea1c946cf3b0,08/03/2025 07:10:00 PM,1,DRIVER,,2026846,,UNKNOWN,OTHER (EXPLAIN IN NARRATIVE),IL,,UNKNOWN,UNKNOWN/NA,UNKNOWN/NA,UNKNOWN,UNKNOWN/NA,,,1,,,,,,,,,,,,,,,,,,UNKNOWN,,,,,,,,,,,,,,,,,,,,,,,,,,,,,,,,,
2126139,a8725e32a5aafd5d0c47c619cafca99e00101edefb73d02a984f3e87ad7ac215180462fb03c58f613794b5113e6f319f5d37b32fba330f21f59eea1c946cf3b0,08/03/2025 07:10:00 PM,2,DRIVER,,2026847,,CADILLAC,CTS,IL,2011,NONE,PASSENGER,PERSONAL,W,STRAIGHT AHEAD,,,1,,,,,,,,,,,Y,Y,Y,Y,Y,,,UNKNOWN,,,,,,,,,,,,,,,,,,,,,,,,,,,,,,,,,
2121027,e6e94a44bb84be38c05be5223605a482315d6f9000ff910f42845f279dfb006c72230ea37d1a51d0c0d44ca079d7da1099be923895566c73bf7ef738f59b0b7c,08/03/2025 07:04:00 PM,1,DRIVER,,2021981,,UNKNOWN,OTHER (EXPLAIN IN NARRATIVE),,,UNKNOWN,UNKNOWN/NA,UNKNOWN/NA,W,STRAIGHT AHEAD,,,1,,,,,,,,,,,,,,,,,Y,UNKNOWN,,,,,,,,,,,,,,,,,,,,,,,,,,,,,,,,,
2121028,e6e94a44bb84be38c05be5223605a482315d6f9000ff910f42845f279dfb006c72230ea37d1a51d0c0d44ca079d7da1099be923895566c73bf7ef738f59b0b7c,08/03/2025 07:04:00 PM,2,PARKED,,2021993,,TOYOTA,RAV4,IL,2021,UNKNOWN,SPORT UTILITY VEHICLE (SUV),NOT IN USE,W,PARKED,,,0,,,,,,,,,,,Y,Y,Y,Y,Y,,,UNKNOWN,,,,,,,,,,,,,,,,,,,,,,,,,,,,,,,,,
2121021,d71640a1b14ef7d47284456e3a736507cfa09a69ef034e58de9fbe68b671cd3f58b13e923673cc7ebb40eb01f9035aaaef15e63bfa54b3605218a56f6b98d5cd,08/03/2025 07:03:00 PM,1,DRIVER,,2021972,,ACURA,ADX,IL,2024,UNKNOWN,SPORT UTILITY VEHICLE (SUV),PERSONAL,W,STRAIGHT AHEAD,,,1,,,,,,,,,,,,,,,Y,,,FRONT-LEFT-CORNER,,,,,,,,,,,,,,,,,,,,,,,,,,,,,,,,,
2121022,d71640a1b14ef7d47284456e3a736507cfa09a69ef034e58de9fbe68b671cd3f58b13e923673cc7ebb40eb01f9035aaaef15e63bfa54b3605218a56f6b98d5cd,08/03/2025 07:03:00 PM,2,DRIVER,,2021975,,DODGE,AVENGER,OH,2013,UNKNOWN,PASSENGER,PERSONAL,N,TURNING RIGHT,,,1,,,,,,,,,,,,,,,Y,Y,,FRONT-LEFT-CORNER,,,,,,,,,,,,,,,,,,,,,,,,,,,,,,,,,
2123322,2609ed5ca33c3abfd81e41ee85b99814a51e3b3eb8850c3f55f16b48c24154f71175ac6c3e8c118779b39812859b296f42430717d388154feed32624ebc1c0e9,08/03/2025 07:00:00 PM,1,DRIVER,,2024174,,MAZDA,CX-5,IL,2016,UNKNOWN,SPORT UTILITY VEHICLE (SUV),UNKNOWN/NA,W,STRAIGHT AHEAD,,,1,,,,,,,,,,,,,,,,Y,,FRONT,,,,,,,,,,,,,,,,,,,,,,,,,,,,,,,,,
2123323,2609ed5ca33c3abfd81e41ee85b99814a51e3b3eb8850c3f55f16b48c24154f71175ac6c3e8c118779b39812859b296f42430717d388154feed32624ebc1c0e9,08/03/2025 07:00:00 PM,2,DRIVER,,2024181,,FORD,EXPLORER,IL,2025,UNKNOWN,SPORT UTILITY VEHICLE (SUV),PERSONAL,W,SLOW/STOP IN TRAFFIC,,,1,,,,,,,,,,Y,Y,,,,,,,REAR,,,,,,,,,,,,,,,,,,,,,,,,,,,,,,,,,
2121005,2327605ccf3b5755a08e7a30c9ebfb0f4589d13c606c9f665746b88d456ac279f1847efe170041c6c46caaec8e0ad3ecd4e38d203313acfb54964ef957f6e2ec,08/03/2025 06:40:00 PM,1,DRIVER,,2021955,,FORD,FUSION,IL,,UNKNOWN,PASSENGER,PERSONAL,E,UNKNOWN/NA,Y,,1,,city of chicago,,,Y,Y,,,,,,,,Y,Y,Y,,UNKNOWN,,,,,,,,,,,,,,,,,,,,,,,,,,,,,,,,,
2121006,2327605ccf3b5755a08e7a30c9ebfb0f4589d13c606c9f665746b88d456ac279f1847efe170041c6c46caaec8e0ad3ecd4e38d203313acfb54964ef957f6e2ec,08/03/2025 06:40:00 PM,2,DRIVER,,2021958,,FIAT,OTHER (EXPLAIN IN NARRATIVE),IL,,UNKNOWN,PASSENGER,PERSONAL,E,UNKNOWN/NA,Y,,1,,owner,,,Y,Y,Y,Y,,,,,,,,Y,,UNKNOWN,,,,,,,,,,,,,,,,,,,,,,,,,,,,,,,,,
2122903,2f292c7656f83ecf9287435dda3f55f117d5d369174884b5897d3842662dfffc01a94dab24cd90512171933ef9da3f1e6ea8306928b856b6543c21c163012ae9,08/03/2025 06:40:00 PM,1,DRIVER,,2023769,,CADILLAC,CT6,IL,2016,UNKNOWN,PASSENGER,PERSONAL,N,STRAIGHT AHEAD,Y,,1,,,,,,,,,,,,,,,,,,UNDER CARRIAGE,,,,,,,,,,,,,,,,,,,,,,,,,,,,,,,,,
2120995,97ae0df13dc50e8684ee64347f8124b86d21c61db73db556208f52ae7e52c3f0c3b0fa9cebd2d6be6cacfb63fad198059de18ff7e1ded022616e6ecef48e0396,08/03/2025 06:40:00 PM,1,DRIVER,,2021945,,JEEP,COMPASS,IL,2007,UNKNOWN,PASSENGER,UNKNOWN/NA,E,TURNING LEFT,,,1,,,,,,,,,,,,,,,,,Y,UNKNOWN,,,,,,,,,,,,,,,,,,,,,,,,,,,,,,,,,
2120996,97ae0df13dc50e8684ee64347f8124b86d21c61db73db556208f52ae7e52c3f0c3b0fa9cebd2d6be6cacfb63fad198059de18ff7e1ded022616e6ecef48e0396,08/03/2025 06:40:00 PM,2,DRIVER,,2021948,,UNKNOWN,OTHER (EXPLAIN IN NARRATIVE),IL,2024,NONE,MOTORCYCLE (OVER 150CC),PERSONAL,N,STRAIGHT AHEAD,,,1,,,,,,,,,,,Y,Y,Y,Y,Y,,,SIDE-LEFT,,,,,,,,,,,,,,,,,,,,,,,,,,,,,,,,,
2120987,6a2a9f27e17e79a8138fd160d610aa73bb48ac04ba766d8c2839cfcbe4b1567cdebb386805e493b7e72e595239d4ddb4bf2ed535076a884948cfb9fdf09a0636,08/03/2025 06:32:00 PM,1,DRIVER,,2021935,N,NISSAN,ALTIMA,IL,2022,UNKNOWN,PASSENGER,PERSONAL,S,STARTING IN TRAFFIC,,,1,,,,,,,,,,,,,,,,Y,,FRONT,,,,,,,,,,,,,,,,,,,,,,,,,,,,,,,,,
2120988,6a2a9f27e17e79a8138fd160d610aa73bb48ac04ba766d8c2839cfcbe4b1567cdebb386805e493b7e72e595239d4ddb4bf2ed535076a884948cfb9fdf09a0636,08/03/2025 06:32:00 PM,2,DRIVER,,2021940,,AUDI,Q5,IL,2022,NONE,PASSENGER,PERSONAL,S,STRAIGHT AHEAD,,,1,,,,,,,,,Y,Y,,,,,,,,REAR-RIGHT-CORNER,,,,,,,,,,,,,,,,,,,,,,,,,,,,,,,,,
2120981,36e2ef4c60891a5e5aa894f80a684cb278473208417f8da28df6673f1c8b4d7ece5746bbd8065eaa72b5963c0f267097ed5fd775d59be423f13b3ef560088bd2,08/03/2025 06:30:00 PM,1,DRIVER,,2021933,,TOYOTA,COROLLA,IL,2011,UNKNOWN,PASSENGER,PERSONAL,S,STRAIGHT AHEAD,Y,,1,,CPD,103/DOTY,,Y,,,,,,,,,,,Y,,FRONT,,,,,,,,,,,,,,,,,,,,,,,,,,,,,,,,,