CRASH_UNIT_ID,CRASH_RECORD_ID,CRASH_DATE,UNIT_NO,UNIT_TYPE,NUM_PASSENGERS,VEHICLE_ID,CMRC_VEH_I,MAKE,MODEL,LIC_PLATE_STATE,VEHICLE_YEAR,VEHICLE_DEFECT,VEHICLE_TYPE,VEHICLE_USE,TRAVEL_DIRECTION,MANEUVER,TOWED_I,FIRE_I,OCCUPANT_CNT,EXCEED_SPEED_LIMIT_I,TOWED_BY,TOWED_TO,AREA_00_I,AREA_01_I,AREA_02_I,AREA_03_I,AREA_04_I,AREA_05_I,AREA_06_I,AREA_07_I,AREA_08_I,AREA_09_I,AREA_10_I,AREA_11_I,AREA_12_I,AREA_99_I,FIRST_CONTACT_POINT,CMV_ID,USDOT_NO,CCMC_NO,ILCC_NO,COMMERCIAL_SRC,GVWR,CARRIER_NAME,CARRIER_STATE,CARRIER_CITY,HAZMAT_PLACARDS_I,HAZMAT_NAME,UN_NO,HAZMAT_PRESENT_I,HAZMAT_REPORT_I,HAZMAT_REPORT_NO,MCS_REPORT_I,MCS_REPORT_NO,HAZMAT_VIO_CAUSE_CRASH_I,MCS_VIO_CAUSE_CRASH_I,IDOT_PERMIT_NO,WIDE_LOAD_I,TRAILER1_WIDTH,TRAILER2_WIDTH,TRAILER1_LENGTH,TRAILER2_LENGTH,TOTAL_VEHICLE_LENGTH,AXLE_CNT,VEHICLE_CONFIG,CARGO_BODY_TYPE,LOAD_TYPE,HAZMAT_OUT_OF_SERVICE_I,MCS_OUT_OF_SERVICE_I,HAZMAT_CLASS
2120982,36e2ef4c60891a5e5aa894f80a684cb278473208417f8da28df6673f1c8b4d7ece5746bbd8065eaa72b5963c0f267097ed5fd775d59be423f13b3ef560088bd2,08/03/2025 06:30:00 PM,2,PEDESTRIAN,,,,,,,,,,,,,,,,,,,,,,,,,,,,,,,,,,,,,,,,,,,,,,,,,,,,,,,,,,,,,,,,,,
2120991,7e44cb38ac208d602c69a7a7b28568f55213b58a1342b6592dbf84a0755452b9fa0b1c714277cf036ff21887cfe5435d6f9e8435dc3c5b421a0f3ac6c57ffce7,08/03/2025 06:30:00 PM,1,DRIVER,1,2021953,,KIA,SEDONA,IL,2019,NONE,VAN/MINI-VAN,PERSONAL,E,STRAIGHT AHEAD,,,2,,,,Y,,,,,,,,,,,,,,FRONT,,,,,,,,,,,,,,,,,,,,,,,,,,,,,,,,,
2120992,7e44cb38ac208d602c69a7a7b28568f55213b58a1342b6592dbf84a0755452b9fa0b1c714277cf036ff21887cfe5435d6f9e8435dc3c5b421a0f3ac6c57ffce7,08/03/2025 06:30:00 PM,2,DRIVER,,2021959,,INFINITI,Q50,IL,2021,NONE,SPORT UTILITY VEHICLE (SUV),PERSONAL,E,STRAIGHT AHEAD,,,1,,,,,,,,,Y,Y,,,,,,,,REAR-RIGHT-CORNER,,,,,,,,,,,,,,,,,,,,,,,,,,,,,,,,,
2123599,c179a18837349dcefb72e6256095a0424ce13cf72eaeee7b8b45eca74b15c7d4a0a0b24209443ac1f56d70bff679f0a00b5ddaed6fd5d09bb21f81276a98c795,08/03/2025 06:30:00 PM,1,DRIVER,,2024426,,HYUNDAI,SANTA FE,IL,2026,UNKNOWN,PASSENGER,PERSONAL,N,STRAIGHT AHEAD,,,1,,,,,,,,,,,,,,,Y,Y,,FRONT-LEFT-CORNER,,,,,,,,,,,,,,,,,,,,,,,,,,,,,,,,,
2123600,c179a18837349dcefb72e6256095a0424ce13cf72eaeee7b8b45eca74b15c7d4a0a0b24209443ac1f56d70bff679f0a00b5ddaed6fd5d09bb21f81276a98c795,08/03/2025 06:30:00 PM,2,DRIVER,,2024427,,CHEVROLET,MALIBU,IL,2024,UNKNOWN,PASSENGER,OTHER,N,OTHER,,,1,,,,,,,Y,Y,,,,,,,,,,REAR-RIGHT-CORNER,,,,,,,,,,,,,,,,,,,,,,,,,,,,,,,,,
2120963,00ce465bdeb676d68b0dbf62b418f80b62a85a630ef3b55b77d5f586a1e9cd2e7f46e61640df9ce15d0c0f36332c2c6d18278c5ff3e51c23c0c7031c60cc5da3,08/03/2025 06:22:00 PM,1,DRIVER,1,2021919,,TOYOTA,PRIUS,IL,2007,NONE,PASSENGER,PERSONAL,N,STRAIGHT AHEAD,,,2,,,,,Y,,,,,,,,,,Y,Y,,FRONT,,,,,,,,,,,,,,,,,,,,,,,,,,,,,,,,,
2120964,00ce465bdeb676d68b0dbf62b418f80b62a85a630ef3b55b77d5f586a1e9cd2e7f46e61640df9ce15d0c0f36332c2c6d18278c5ff3e51c23c0c7031c60cc5da3,08/03/2025 06:22:00 PM,2,DRIVER,,2021930,,TOYOTA,COROLLA,IL,2023,NONE,PASSENGER,PERSONAL,N,STRAIGHT AHEAD,,,1,,,,,,,,,Y,Y,Y,,,,,,,REAR,,,,,,,,,,,,,,,,,,,,,,,,,,,,,,,,,
2121012,190095e54810a337c8c2cb19e8b89db0cfdfe6226443ad04687e1f3b91713faf22ca8ee5aabc21f26d9030365d416229275dd6c9221e4b1cbc82fefbd5790e9a,08/03/2025 06:22:00 PM,1,DRIVER,,2021961,,FORD,FUSION,IL,2014,UNKNOWN,PASSENGER,PERSONAL,N,TURNING LEFT,Y,,1,,private,,,,,,,,,,,,,Y,,,FRONT-LEFT-CORNER,,,,,,,,,,,,,,,,,,,,,,,,,,,,,,,,,
2121013,190095e54810a337c8c2cb19e8b89db0cfdfe6226443ad04687e1f3b91713faf22ca8ee5aabc21f26d9030365d416229275dd6c9221e4b1cbc82fefbd5790e9a,08/03/2025 06:22:00 PM,2,DRIVER,,2021969,,CHEVROLET,OTHER (EXPLAIN IN NARRATIVE),IL,2013,NONE,PASSENGER,PERSONAL,N,TURNING LEFT,,,1,,,,,Y,Y,,,,,,,,,,Y,,FRONT-RIGHT-CORNER,,,,,,,,,,,,,,,,,,,,,,,,,,,,,,,,,
2120974,35294f21573eb8617502bda981617f6847e778dfbaea325548eaf4cff816cf370797844a5026a4f27a29cc0c13dfa6ec205f52ea51bb659aa3b84e2168d713d8,08/03/2025 06:21:00 PM,1,DRIVER,,2021927,,CHEVROLET,MALIBU,IL,2006,NONE,PASSENGER,PERSONAL,S,TURNING LEFT,,,1,,,,,,,,,,,,,,,Y,,,FRONT-LEFT-CORNER,,,,,,,,,,,,,,,,,,,,,,,,,,,,,,,,,
2120975,35294f21573eb8617502bda981617f6847e778dfbaea325548eaf4cff816cf370797844a5026a4f27a29cc0c13dfa6ec205f52ea51bb659aa3b84e2168d713d8,08/03/2025 06:21:00 PM,2,DRIVER,1,2021934,,CHEVROLET,EQUINOX,IL,2019,NONE,SPORT UTILITY VEHICLE (SUV),PERSONAL,W,STRAIGHT AHEAD,,,2,,,,,Y,Y,,,,,,,,,,,,FRONT-RIGHT-CORNER,,,,,,,,,,,,,,,,,,,,,,,,,,,,,,,,,
2120985,039ec3aa4799da79c36c4d239ee9791ca6375dd686b9773bd50ab42eb1f340ba27bf24c4b8647400c1333b775c8be8ad48d8d4d01beaafdaf5446cbbdafc66fd,08/03/2025 06:20:00 PM,1,DRIVER,,2021932,,NISSAN,ALTIMA,IL,2019,BRAKES,PASSENGER,PERSONAL,S,TURNING LEFT,,,1,,,,,,,,,,,,,,,Y,,,FRONT-LEFT-CORNER,,,,,,,,,,,,,,,,,,,,,,,,,,,,,,,,,
2120986,039ec3aa4799da79c36c4d239ee9791ca6375dd686b9773bd50ab42eb1f340ba27bf24c4b8647400c1333b775c8be8ad48d8d4d01beaafdaf5446cbbdafc66fd,08/03/2025 06:20:00 PM,2,DRIVER,1,2021938,,NISSAN,SENTRA,IL,2020,NONE,PASSENGER,PERSONAL,E,TURNING LEFT,,,2,,,,,,,,,,,Y,Y,,,,,,SIDE-LEFT,,,,,,,,,,,,,,,,,,,,,,,,,,,,,,,,,
2120973,0983e222968d82ee91bd6417f50f9230f76251cc0eaffa257f386bd61bc8545f41c4d4763c06827853b54d0043d3f4a570009bed5a14eb59a6881024c63dd36f,08/03/2025 06:15:00 PM,1,DRIVER,1,2021923,,FORD,EXPLORER,IL,2017,UNKNOWN,PASSENGER,POLICE,N,STRAIGHT AHEAD,Y,,2,,,,,Y,Y,,Y,Y,,,,,,,,,SIDE-RIGHT,,,,,,,,,,,,,,,,,,,,,,,,,,,,,,,,,
2120969,3235ad20716133bffb72b5a3aaf0b7fd95ecd2867d5acb1e3545e816505a6b1e9161f72b215fe6c1cf9cafc8c95c78b3b37ca43b3c68f0a14d888789037737b7,08/03/2025 06:15:00 PM,1,DRIVER,,2021920,,HONDA,CR-V,IL,2005,UNKNOWN,PASSENGER,PERSONAL,N,STRAIGHT AHEAD,,,1,,,,,,,,,,,,,,,,Y,,FRONT,,,,,,,,,,,,,,,,,,,,,,,,,,,,,,,,,
2120970,3235ad20716133bffb72b5a3aaf0b7fd95ecd2867d5acb1e3545e816505a6b1e9161f72b215fe6c1cf9cafc8c95c78b3b37ca43b3c68f0a14d888789037737b7,08/03/2025 06:15:00 PM,2,DRIVER,,2021926,,TOYOTA,PRIUS,IL,2014,UNKNOWN,PASSENGER,PERSONAL,W,STRAIGHT AHEAD,,,1,,,,,,,,,,,,,,,Y,,,FRONT-LEFT-CORNER,,,,,,,,,,,,,,,,,,,,,,,,,,,,,,,,,
2120979,cd1be6a89ee0f20f7d6257f3451e06e792e3b3ff18291ff21ed88ff3109d1ce2e4accfbc03d093c88d2cd6a96ac0413d2e59c04410c3ac9fbf352fe49e7acfc3,08/03/2025 06:15:00 PM,1,DRIVER,,2021931,,KIA,OTHER (EXPLAIN IN NARRATIVE),IL,2013,NONE,PASSENGER,UNKNOWN/NA,E,STRAIGHT AHEAD,,,1,,,,,,,,,,,,,,,,,Y,FRONT,,,,,,,,,,,,,,,,,,,,,,,,,,,,,,,,,
2120980,cd1be6a89ee0f20f7d6257f3451e06e792e3b3ff18291ff21ed88ff3109d1ce2e4accfbc03d093c88d2cd6a96ac0413d2e59c04410c3ac9fbf352fe49e7acfc3,08/03/2025 06:15:00 PM,2,DRIVER,1,2021924,,BMW,OTHER (EXPLAIN IN NARRATIVE),IL,2025,NONE,PASSENGER,PERSONAL,E,SLOW/STOP IN TRAFFIC,,,2,,,,,,,,,Y,,,,,,,,,REAR-RIGHT-CORNER,,,,,,,,,,,,,,,,,,,,,,,,,,,,,,,,,
2120946,8b19b5edd21d8b2dbfdf483c78d646301d0c03b85b7df8aca7ddb3e87a7ba8600800d5bda0c17563e999e3c12f9a1dbb0e03ec36bbf9c0b12c7df9a5e9cd4612,08/03/2025 06:03:00 PM,1,DRIVER,1,2021899,,TOYOTA,SIENNA,IL,2013,NONE,VAN/MINI-VAN,PERSONAL,NW,STRAIGHT AHEAD,,,2,,,,,Y,Y,,,,,,,,,,Y,,REAR-RIGHT-CORNER,,,,,,,,,,,,,,,,,,,,,,,,,,,,,,,,,
2120947,8b19b5edd21d8b2dbfdf483c78d646301d0c03b85b7df8aca7ddb3e87a7ba8600800d5bda0c17563e999e3c12f9a1dbb0e03ec36bbf9c0b12c7df9a5e9cd4612,08/03/2025 06:03:00 PM,2,DRIVER,,2021910,,HARLEY-DAVIDSON,HARLEY-DAVIDSON,IL,2000,NONE,MOTORCYCLE (OVER 150CC),PERSONAL,W,STRAIGHT AHEAD,Y,,1,,PERSONAL,PERSONAL,,,,,Y,Y,Y,Y,,,,,,,OTHER,,,,,,,,,,,,,,,,,,,,,,,,,,,,,,,,,
2122144,53e31443d93ec632062a8223b71d85d2d17b8142e0bdcee2d662ac2de3e5152d2d175ca92105274c99862bcae9c1b4b4dfed3c3b5335851b91527641dafe9031,08/03/2025 06:00:00 PM,1,DRIVER,,2023060,,CADILLAC,ESCALADE,IL,2020,NONE,SPORT UTILITY VEHICLE (SUV),PERSONAL,S,LEAVING TRAFFIC LANE TO PARK,,,1,,,,,,,,,,,,,,,,,Y,FRONT,,,,,,,,,,,,,,,,,,,,,,,,,,,,,,,,,
2122145,53e31443d93ec632062a8223b71d85d2d17b8142e0bdcee2d662ac2de3e5152d2d175ca92105274c99862bcae9c1b4b4dfed3c3b5335851b91527641dafe9031,08/03/2025 06:00:00 PM,2,DRIVER,,2023068,,TOYOTA,CAMRY,IL,2016,NONE,PASSENGER,TAXI/FOR HIRE,S,BACKING,,,1,,,,,,,,,,,Y,,,,,,,REAR-LEFT-CORNER,,,,,,,,,,,,,,,,,,,,,,,,,,,,,,,,,
2120942,ec21460a91470d2c5a82014915c3a2b2e71cf7122626e17c457c4b516010bea8e76c2a8f5c2b141fe9aba46866f104341fb568c1b391557572545864bec950c2,08/03/2025 06:00:00 PM,1,DRIVER,2,2021901,,CHEVROLET,CRUZE,IL,2014,UNKNOWN,UNKNOWN/NA,UNKNOWN/NA,S,STRAIGHT AHEAD,,,3,,,,,Y,,,,,,,,,,Y,Y,,FRONT,,,,,,,,,,,,,,,,,,,,,,,,,,,,,,,,,
2120943,ec21460a91470d2c5a82014915c3a2b2e71cf7122626e17c457c4b516010bea8e76c2a8f5c2b141fe9aba46866f104341fb568c1b391557572545864bec950c2,08/03/2025 06:00:00 PM,2,DRIVER,1,2021907,,NISSAN,SENTRA,IL,2010,UNKNOWN,PASSENGER,UNKNOWN/NA,S,STRAIGHT AHEAD,,,2,,,,,,,,,Y,Y,Y,,,,,,,REAR,,,,,,,,,,,,,,,,,,,,,,,,,,,,,,,,,
2120934,27f5df7d55f0cfb4f39dc388ed63883c92cb39aa4ca8d28c52a8ba5aa235a687f4e997c91d4a199c881cb799f325a54237b3b1ae5f735d523bd5b957830af8d9,08/03/2025 05:55:00 PM,1,DRIVER,,2021885,,FORD,EXPLORER,,2011,UNKNOWN,PASSENGER,PERSONAL,W,PASSING/OVERTAKING,,,1,,,,,Y,Y,Y,,,,,,,,,,,FRONT-RIGHT-CORNER,,,,,,,,,,,,,,,,,,,,,,,,,,,,,,,,,
2120935,27f5df7d55f0cfb4f39dc388ed63883c92cb39aa4ca8d28c52a8ba5aa235a687f4e997c91d4a199c881cb799f325a54237b3b1ae5f735d523bd5b957830af8d9,08/03/2025 05:55:00 PM,2,DRIVER,,2021889,,HONDA,CR-V,,2025,NONE,PASSENGER,PERSONAL,W,STRAIGHT AHEAD,,,1,,,,,,,,,,,,,Y,Y,Y,,,SIDE-LEFT,,,,,,,,,,,,,,,,,,,,,,,,,,,,,,,,,
2125901,944b166450d95ddb1473a2087cd2d9f64cc8082d86fa84dfd72b5d0bf59ad91435a4d2a4a30572fc156c7bcecd312e4b313c2b521c9bec30ddb393e9c2d8e186,08/03/2025 05:55:00 PM,1,DRIVER,2,2026640,,HONDA,ODYSSEY,IL,2007,UNKNOWN,VAN/MINI-VAN,PERSONAL,S,STRAIGHT AHEAD,,,3,,,,,,,,,,,,,,,,,,FRONT,,,,,,,,,,,,,,,,,,,,,,,,,,,,,,,,,
2125902,944b166450d95ddb1473a2087cd2d9f64cc8082d86fa84dfd72b5d0bf59ad91435a4d2a4a30572fc156c7bcecd312e4b313c2b521c9bec30ddb393e9c2d8e186,08/03/2025 05:55:00 PM,2,BICYCLE,,,,,,,,,,,,,,,,,,,,,,,,,,,,,,,,,,,,,,,,,,,,,,,,,,,,,,,,,,,,,,,,,,
2120993,2747c3379cb963ce98af958ea8189dc528a0f34d24cc0d1054aa394b8e2885af9a209a12576fbf754b8f97350cc3b2191b7b7ce1ddae9cc40a953d1ac64f1edb,08/03/2025 05:52:00 PM,1,DRIVER,,2021944,,CHEVROLET,TRAVERSE,IL,2018,NONE,SPORT UTILITY VEHICLE (SUV),PERSONAL,W,PASSING/OVERTAKING,,,1,,,,,Y,Y,Y,Y,Y,,,,,,,,,SIDE-RIGHT,,,,,,,,,,,,,,,,,,,,,,,,,,,,,,,,,
2120994,2747c3379cb963ce98af958ea8189dc528a0f34d24cc0d1054aa394b8e2885af9a209a12576fbf754b8f97350cc3b2191b7b7ce1ddae9cc40a953d1ac64f1edb,08/03/2025 05:52:00 PM,2,DRIVER,3,2021947,,LEXUS,ES350,TX,2016,NONE,SPORT UTILITY VEHICLE (SUV),PERSONAL,W,STRAIGHT AHEAD,,,4,,,,,,,,,,,,,,Y,,,,SIDE-LEFT,,,,,,,,,,,,,,,,,,,,,,,,,,,,,,,,,
2120976,4b8e5dbdce37d3a73020bf8d41713054de9678d6a57ff40365de5bfcf7bed4251b07af422348bbf5aaaa8cde0ea438d1f3e3286944f5d176c97217fd8b0118ac,08/03/2025 05:49:00 PM,1,DRIVER,,2021921,,UNKNOWN,OTHER (EXPLAIN IN NARRATIVE),XX,,UNKNOWN,PASSENGER,UNKNOWN/NA,N,TURNING LEFT,,,1,,,,,,,,,,,,,,,,,Y,UNKNOWN,,,,,,,,,,,,,,,,,,,,,,,,,,,,,,,,,
2120977,4b8e5dbdce37d3a73020bf8d41713054de9678d6a57ff40365de5bfcf7bed4251b07af422348bbf5aaaa8cde0ea438d1f3e3286944f5d176c97217fd8b0118ac,08/03/2025 05:49:00 PM,2,DRIVER,,2021928,,MERCEDES-BENZ,E-CLASS,IL,1999,UNKNOWN,PASSENGER,PERSONAL,W,STRAIGHT AHEAD,Y,,1,,AAA,,,Y,Y,Y,Y,Y,,Y,Y,Y,Y,Y,Y,,TOTAL (ALL AREAS),,,,,,,,,,,,,,,,,,,,,,,,,,,,,,,,,
2120978,4b8e5dbdce37d3a73020bf8d41713054de9678d6a57ff40365de5bfcf7bed4251b07af422348bbf5aaaa8cde0ea438d1f3e3286944f5d176c97217fd8b0118ac,08/03/2025 05:49:00 PM,3,DRIVER,,2021939,,VOLVO,S90,IL,2016,UNKNOWN,PASSENGER,PERSONAL,N,TURNING LEFT,,,1,,,,,,,,,,,Y,Y,Y,Y,Y,,,SIDE-LEFT-REAR,,,,,,,,,,,,,,,,,,,,,,,,,,,,,,,,,
2120967,13f5e7f9bb5ee7b4f7373983a305566605052a5b714f9e5043bf36930cd928fd6f7846fd73b00d0614b186406839c3c6cc36a68ca46a88553694e165f1dc2a47,08/03/2025 05:45:00 PM,1,DRIVER,,2021911,,UNKNOWN,MOTORIZED,,,UNKNOWN,PASSENGER,UNKNOWN/NA,W,DRIVING WRONG WAY,,,1,,,,,,,,,,,,,,,,,Y,FRONT-RIGHT-CORNER,,,,,,,,,,,,,,,,,,,,,,,,,,,,,,,,,
2120968,13f5e7f9bb5ee7b4f7373983a305566605052a5b714f9e5043bf36930cd928fd6f7846fd73b00d0614b186406839c3c6cc36a68ca46a88553694e165f1dc2a47,08/03/2025 05:45:00 PM,2,DRIVER,,2021917,,TOYOTA,HIGHLANDER,IL,2014,UNKNOWN,SPORT UTILITY VEHICLE (SUV),UNKNOWN/NA,W,TURNING LEFT,,,1,,,,,,,,,,,,,,,,Y,,FRONT,,,,,,,,,,,,,,,,,,,,,,,,,,,,,,,,,
2120944,9670cabf1a52c5cafe23786a2c54e1932ba5b17cd4830c69aa74f5899d8f76af1e24aae534f2c2b8bd6f29e815c19f3ead7dba0d2243a697adcfc35cb0475fcb,08/03/2025 05:35:00 PM,1,DRIVER,,2021887,,JEEP,WRANGLER,IL,2025,UNKNOWN,PASSENGER,UNKNOWN/NA,S,UNKNOWN/NA,,,1,,,,,,,,,,,,,,,,,Y,UNKNOWN,,,,,,,,,,,,,,,,,,,,,,,,,,,,,,,,,
2120945,9670cabf1a52c5cafe23786a2c54e1932ba5b17cd4830c69aa74f5899d8f76af1e24aae534f2c2b8bd6f29e815c19f3ead7dba0d2243a697adcfc35cb0475fcb,08/03/2025 05:35:00 PM,2,DRIVER,,2021890,,CHEVROLET,SUBURBAN,IL,2021,UNKNOWN,PASSENGER,TAXI/FOR HIRE,S,SLOW/STOP IN TRAFFIC,,,1,,,,,,,,,,Y,,,,,,,,UNKNOWN,,,,,,,,,,,,,,,,,,,,,,,,,,,,,,,,,
2120930,713b667c7fe06bd7cb8e72a18c156ca26ef372c79944c5fa0f12b7b2876923539c23af0c0be7a7bff5895a4c4f9db1a20d34b65a3cea9f796c4a9584dd2ce004,08/03/2025 05:30:00 PM,1,DRIVER,,2021877,,UNKNOWN,OTHER (EXPLAIN IN NARRATIVE),,2016,UNKNOWN,UNKNOWN/NA,UNKNOWN/NA,NE,UNKNOWN/NA,,,1,,,,,Y,Y,Y,,,,,,,,,,Y,SIDE-RIGHT,,,,,,,,,,,,,,,,,,,,,,,,,,,,,,,,,
2120931,713b667c7fe06bd7cb8e72a18c156ca26ef372c79944c5fa0f12b7b2876923539c23af0c0be7a7bff5895a4c4f9db1a20d34b65a3cea9f796c4a9584dd2ce004,08/03/2025 05:30:00 PM,2,PARKED,,2021881,,BMW,X3,IL,2022,NONE,PASSENGER,NOT IN USE,N,PARKED,,,0,,,,,,,,,,,,,Y,Y,Y,,Y,SIDE-LEFT,,,,,,,,,,,,,,,,,,,,,,,,,,,,,,,,,
2120940,87653021489cc24638dee3468979dbc499ac5508b90f1ae464a4b3cc75615f7469931c3b2dc5f1246412ff6ea3101fe23b384c2b5749ca9a8ac1a05d8e3a3d7b,08/03/2025 05:30:00 PM,1,DRIVER,1,2021886,,CHEVROLET,EQUINOX,IN,2016,NONE,SPORT UTILITY VEHICLE (SUV),PERSONAL,N,STRAIGHT AHEAD,,,2,,,,,Y,,,,,,,,,,Y,Y,,FRONT,,,,,,,,,,,,,,,,,,,,,,,,,,,,,,,,,
2120941,87653021489cc24638dee3468979dbc499ac5508b90f1ae464a4b3cc75615f7469931c3b2dc5f1246412ff6ea3101fe23b384c2b5749ca9a8ac1a05d8e3a3d7b,08/03/2025 05:30:00 PM,2,DRIVER,,2021892,,JEEP,RENEGADE,IL,2018,NONE,SPORT UTILITY VEHICLE (SUV),PERSONAL,E,STRAIGHT AHEAD,,,1,,,,,Y,Y,Y,,,,,,,,,,,SIDE-LEFT-FRONT,,,,,,,,,,,,,,,,,,,,,,,,,,,,,,,,,
2121655,a1c310154a48d3d1071cecd4461e116cb3f91e6838e1b23b909a052682d580f47f0bdd662013b9b3241db09bcb144df8fdaef1f3e27d3058bfe98dd696132687,08/03/2025 05:30:00 PM,1,DRIVER,,2022583,,CHEVROLET,TAHOE,IL,2020,NONE,PASSENGER,UNKNOWN/NA,W,STRAIGHT AHEAD,,,1,,,,,Y,,,,,,,,,,N,Y,,FRONT,,,,,,,,,,,,,,,,,,,,,,,,,,,,,,,,,
2121656,a1c310154a48d3d1071cecd4461e116cb3f91e6838e1b23b909a052682d580f47f0bdd662013b9b3241db09bcb144df8fdaef1f3e27d3058bfe98dd696132687,08/03/2025 05:30:00 PM,2,DRIVER,,2022604,,TOYOTA,CAMRY,IL,2012,NONE,PASSENGER,UNKNOWN/NA,W,STRAIGHT AHEAD,,,1,,,,,,,,,,Y,Y,,,,,,,REAR,,,,,,,,,,,,,,,,,,,,,,,,,,,,,,,,,
2120914,a97357603250080902b149b4f8c67d1929115fcc7971085fbf7362b25ffcd7ae8e1a8f0a3539cd53fc6ebd30ba1bf26b2f6ad09eff170bbd92cb9c53799d038f,08/03/2025 05:30:00 PM,1,DRIVER,,2021876,,UNKNOWN,OTHER (EXPLAIN IN NARRATIVE),XX,,UNKNOWN,UNKNOWN/NA,UNKNOWN/NA,S,STRAIGHT AHEAD,,,1,,,,,,,,,,,,,,,,Y,,FRONT,,,,,,,,,,,,,,,,,,,,,,,,,,,,,,,,,
2120915,a97357603250080902b149b4f8c67d1929115fcc7971085fbf7362b25ffcd7ae8e1a8f0a3539cd53fc6ebd30ba1bf26b2f6ad09eff170bbd92cb9c53799d038f,08/03/2025 05:30:00 PM,2,DRIVER,1,2021870,,MERCEDES-BENZ,G-CLASS,IL,2018,UNKNOWN,PASSENGER,PERSONAL,W,STRAIGHT AHEAD,,,2,,,,,Y,,,,,,,,,,,,,FRONT-RIGHT-CORNER,,,,,,,,,,,,,,,,,,,,,,,,,,,,,,,,,
2120932,4f6782556a844b7863e727a8c541ac85bf01683f72706dedcbec54ed8ba7d306e18c43e9bfa5dd577025cae136e10ef90890be5dbe5e251f9dd74ad813691a92,08/03/2025 05:27:00 PM,1,DRIVER,,2021905,,CHEVROLET,EXPRESS,IL,2001,UNKNOWN,VAN/MINI-VAN,UNKNOWN/NA,W,PASSING/OVERTAKING,,,1,,,,,Y,Y,,,,,,,,,,,Y,FRONT-RIGHT-CORNER,,,,,,,,,,,,,,,,,,,,,,,,,,,,,,,,,
2120933,4f6782556a844b7863e727a8c541ac85bf01683f72706dedcbec54ed8ba7d306e18c43e9bfa5dd577025cae136e10ef90890be5dbe5e251f9dd74ad813691a92,08/03/2025 05:27:00 PM,2,DRIVER,,2021916,,NOVA BUS,OTHER (EXPLAIN IN NARRATIVE),IL,2023,UNKNOWN,BUS OVER 15 PASS.,CTA,W,STRAIGHT AHEAD,,,1,,,,,,,,,,,Y,Y,,,,,,SIDE-LEFT-REAR,,,,,,,,,,,,,,,,,,,,,,,,,,,,,,,,,
2120952,a6a53c07611b795f592dac50a6d298e91f37818048bd21b4ef724b981fece4e6492442d46e5a9d09f41ece6d3d18bb27229a2f06c524718369c02eafd069d421,08/03/2025 05:27:00 PM,1,DRIVER,,2021891,,UNKNOWN,OTHER (EXPLAIN IN NARRATIVE),,,UNKNOWN,TRUCK - SINGLE UNIT,OTHER,W,STRAIGHT AHEAD,,,1,,,,,Y,Y,Y,Y,Y,,,,,,,,,SIDE-RIGHT,,,,,,,,,,,,,,,,,,,,,,,,,,,,,,,,,
2120953,a6a53c07611b795f592dac50a6d298e91f37818048bd21b4ef724b981fece4e6492442d46e5a9d09f41ece6d3d18bb27229a2f06c524718369c02eafd069d421,08/03/2025 05:27:00 PM,2,DRIVER,,2021900,,NEW FLYER,OTHER (EXPLAIN IN NARRATIVE),IL,2006,UNKNOWN,BUS OVER 15 PASS.,CTA,W,SLOW/STOP IN TRAFFIC,,,1,,,,,,,,,,,Y,Y,Y,Y,Y,,,SIDE-LEFT,,,,,,,,,,,,,,,,,,,,,,,,,,,,,,,,,
2120916,21976934efc9440094cc8e46fea87d8df23cf623cf03f7c52770a04ddbb74d68f701e7078797bd548ebf3f0520bf60c74dd5bfa9fc02be7ff2dc8195d20cb919,08/03/2025 05:20:00 PM,1,DRIVER,,2021867,,NISSAN,PATHFINDER,IL,2016,NONE,SPORT UTILITY VEHICLE (SUV),PERSONAL,E,STRAIGHT AHEAD,,,1,,,,,Y,,,,,,,,,,Y,Y,,FRONT,,,,,,,,,,,,,,,,,,,,,,,,,,,,,,,,,
2120917,21976934efc9440094cc8e46fea87d8df23cf623cf03f7c52770a04ddbb74d68f701e7078797bd548ebf3f0520bf60c74dd5bfa9fc02be7ff2dc8195d20cb919,08/03/2025 05:20:00 PM,2,DRIVER,,2021873,,UNKNOWN,OTHER (EXPLAIN IN NARRATIVE),IL,,UNKNOWN,SPORT UTILITY VEHICLE (SUV),UNKNOWN/NA,E,STRAIGHT AHEAD,,,1,,,,,,,,,,,,,,,,,Y,REAR,,,,,,,,,,,,,,,,,,,,,,,,,,,,,,,,,
2121574,d6fa903ed2e56a05710d0a94407b99a8eb8730936a1df2f1a40615ce4e966eaf3eb091cad00640b9ff1657a10e435299058a3081366ad5dcc07abf73f698d359,08/03/2025 05:20:00 PM,1,DRIVER,,2022507,,DODGE,CHALLENGER,IL,2014,NONE,PASSENGER,PERSONAL,S,STRAIGHT AHEAD,,,1,,,,,,,,,,,,,,,,Y,,FRONT,,,,,,,,,,,,,,,,,,,,,,,,,,,,,,,,,
2121575,d6fa903ed2e56a05710d0a94407b99a8eb8730936a1df2f1a40615ce4e966eaf3eb091cad00640b9ff1657a10e435299058a3081366ad5dcc07abf73f698d359,08/03/2025 05:20:00 PM,2,DRIVER,1,2022517,,MERCEDES-BENZ,ML350,IL,2007,NONE,SPORT UTILITY VEHICLE (SUV),PERSONAL,S,STRAIGHT AHEAD,,,2,,,,,,,,,,Y,,,,,,,,REAR,,,,,,,,,,,,,,,,,,,,,,,,,,,,,,,,,
2120954,80482f559a15e275ceef4fd8bb7a628bd4abe988ea8e87b1789f41f087c99f3bf018ecc5019d98c61597941b62094a38adb5a634c310208bb1d8bbf74f8c3f18,08/03/2025 05:15:00 PM,1,DRIVER,,2021902,,CHEVROLET,SILVERADO,IL,2016,UNKNOWN,PICKUP,UNKNOWN/NA,W,STRAIGHT AHEAD,Y,,1,,city of chicago,tow yard,,Y,,,,,,,,,,Y,Y,,FRONT,,,,,,,,,,,,,,,,,,,,,,,,,,,,,,,,,