CRASH_UNIT_ID,CRASH_RECORD_ID,CRASH_DATE,UNIT_NO,UNIT_TYPE,NUM_PASSENGERS,VEHICLE_ID,CMRC_VEH_I,MAKE,MODEL,LIC_PLATE_STATE,VEHICLE_YEAR,VEHICLE_DEFECT,VEHICLE_TYPE,VEHICLE_USE,TRAVEL_DIRECTION,MANEUVER,TOWED_I,FIRE_I,OCCUPANT_CNT,EXCEED_SPEED_LIMIT_I,TOWED_BY,TOWED_TO,AREA_00_I,AREA_01_I,AREA_02_I,AREA_03_I,AREA_04_I,AREA_05_I,AREA_06_I,AREA_07_I,AREA_08_I,AREA_09_I,AREA_10_I,AREA_11_I,AREA_12_I,AREA_99_I,FIRST_CONTACT_POINT,CMV_ID,USDOT_NO,CCMC_NO,ILCC_NO,COMMERCIAL_SRC,GVWR,CARRIER_NAME,CARRIER_STATE,CARRIER_CITY,HAZMAT_PLACARDS_I,HAZMAT_NAME,UN_NO,HAZMAT_PRESENT_I,HAZMAT_REPORT_I,HAZMAT_REPORT_NO,MCS_REPORT_I,MCS_REPORT_NO,HAZMAT_VIO_CAUSE_CRASH_I,MCS_VIO_CAUSE_CRASH_I,IDOT_PERMIT_NO,WIDE_LOAD_I,TRAILER1_WIDTH,TRAILER2_WIDTH,TRAILER1_LENGTH,TRAILER2_LENGTH,TOTAL_VEHICLE_LENGTH,AXLE_CNT,VEHICLE_CONFIG,CARGO_BODY_TYPE,LOAD_TYPE,HAZMAT_OUT_OF_SERVICE_I,MCS_OUT_OF_SERVICE_I,HAZMAT_CLASS
2120955,80482f559a15e275ceef4fd8bb7a628bd4abe988ea8e87b1789f41f087c99f3bf018ecc5019d98c61597941b62094a38adb5a634c310208bb1d8bbf74f8c3f18,08/03/2025 05:15:00 PM,2,DRIVER,,2021908,,HONDA,CR-V,IL,2007,UNKNOWN,SPORT UTILITY VEHICLE (SUV),UNKNOWN/NA,W,SLOW/STOP IN TRAFFIC,,,1,,,,,Y,,,,Y,Y,Y,,,,Y,Y,,REAR,,,,,,,,,,,,,,,,,,,,,,,,,,,,,,,,,
2120956,80482f559a15e275ceef4fd8bb7a628bd4abe988ea8e87b1789f41f087c99f3bf018ecc5019d98c61597941b62094a38adb5a634c310208bb1d8bbf74f8c3f18,08/03/2025 05:15:00 PM,3,DRIVER,,2021912,,TOYOTA,COROLLA,IL,2007,UNKNOWN,PASSENGER,UNKNOWN/NA,W,SLOW/STOP IN TRAFFIC,,,1,,,,,,,,,Y,Y,Y,,,,,,,REAR,,,,,,,,,,,,,,,,,,,,,,,,,,,,,,,,,
2120989,e7fbda167a1f6ec8e5b25b2b9ad503d3cf7a8eae755afdd8c6d062c2bb08fcbd70aee62b761124d305c9e77999a9b3a8a2f5ede22321ae63423f319a7818b41a,08/03/2025 05:15:00 PM,1,DRIVER,1,2021941,,JEEP,GRAND CHEROKEE,IL,,UNKNOWN,PASSENGER,PERSONAL,S,STRAIGHT AHEAD,,,2,,,,,Y,,,,,,,,,,Y,Y,,FRONT,,,,,,,,,,,,,,,,,,,,,,,,,,,,,,,,,
2120990,e7fbda167a1f6ec8e5b25b2b9ad503d3cf7a8eae755afdd8c6d062c2bb08fcbd70aee62b761124d305c9e77999a9b3a8a2f5ede22321ae63423f319a7818b41a,08/03/2025 05:15:00 PM,2,DRIVER,2,2021943,,TOYOTA,HIGHLANDER,IL,,UNKNOWN,PASSENGER,PERSONAL,S,STRAIGHT AHEAD,,,3,,,,,,,,,Y,Y,Y,,,,,,,REAR,,,,,,,,,,,,,,,,,,,,,,,,,,,,,,,,,
2120971,d44a7cf41448b4a1672a18f02c02a8d6e135c2c9a0960779dc8d7639843b3ad8cede6cb14969b705fcbf812400fa4294e47476cf8e7ebc5608ba60d62adf785c,08/03/2025 05:11:00 PM,1,DRIVER,2,2021922,,CHEVROLET,AVALANCHE,WI,2008,NONE,PASSENGER,PERSONAL,E,STRAIGHT AHEAD,Y,,3,,DO IT ALL TOWING,4940 W FLOURNOY,,Y,,,,,,,,,Y,Y,Y,,FRONT,,,,,,,,,,,,,,,,,,,,,,,,,,,,,,,,,
2120972,d44a7cf41448b4a1672a18f02c02a8d6e135c2c9a0960779dc8d7639843b3ad8cede6cb14969b705fcbf812400fa4294e47476cf8e7ebc5608ba60d62adf785c,08/03/2025 05:11:00 PM,2,DRIVER,2,2021937,,HYUNDAI,SONATA,IL,2016,NONE,PASSENGER,PERSONAL,W,STRAIGHT AHEAD,,,3,,,,,Y,,,,,,,,,,,,,FRONT-RIGHT-CORNER,,,,,,,,,,,,,,,,,,,,,,,,,,,,,,,,,
2120948,ba54b15fda363d70a46508c63f77611e58ff857cb7c765fca630454df3cf24b2fe23c8460f1ad58ca91f59727809c73d5f0eb2029da4dcc1aef2fb463db4d723,08/03/2025 05:10:00 PM,1,BICYCLE,,,,,,,,,,,,,,,,,,,,,,,,,,,,,,,,,,,,,,,,,,,,,,,,,,,,,,,,,,,,,,,,,,
2120949,ba54b15fda363d70a46508c63f77611e58ff857cb7c765fca630454df3cf24b2fe23c8460f1ad58ca91f59727809c73d5f0eb2029da4dcc1aef2fb463db4d723,08/03/2025 05:10:00 PM,2,PARKED,1,2021895,,KIA,OPTIMA / K5,IL,2013,NONE,PASSENGER,PERSONAL,UNKNOWN,PARKED,,,1,,,,,,,,,,,Y,,,,,,,REAR-LEFT-CORNER,,,,,,,,,,,,,,,,,,,,,,,,,,,,,,,,,
2124982,9451816b9df80bfb35fed07b8eb8da98acdfaa438b47cec0a36e876c04d61d0859062d55be17b60b06353abcdd34678922fa9e21eb6988a6a7bf28f15d0c8003,08/03/2025 05:00:00 PM,1,DRIVER,,2025742,,TOYOTA,C-HR,IL,2019,NONE,SPORT UTILITY VEHICLE (SUV),PERSONAL,E,TURNING LEFT,,,1,,,,,,,Y,Y,,,,,,,,,,SIDE-RIGHT,,,,,,,,,,,,,,,,,,,,,,,,,,,,,,,,,
2124983,9451816b9df80bfb35fed07b8eb8da98acdfaa438b47cec0a36e876c04d61d0859062d55be17b60b06353abcdd34678922fa9e21eb6988a6a7bf28f15d0c8003,08/03/2025 05:00:00 PM,2,DRIVER,2,2025743,,BMW,OTHER (EXPLAIN IN NARRATIVE),IL,2024,BRAKES,PASSENGER,PERSONAL,W,STRAIGHT AHEAD,,,3,,,,,,,,,,,,,,,,Y,,FRONT,,,,,,,,,,,,,,,,,,,,,,,,,,,,,,,,,
2121001,bf7aaf97ded19774b7a46aea5609011a29f6f5860a9ef6ca49c9a31b68c20dc09e26421cb750043c475e55f1ef1e688b989ef03eaf815916f43e2e33e8a842ed,08/03/2025 04:55:00 PM,1,DRIVER,,2021949,,TOYOTA,COROLLA,IL,2006,UNKNOWN,PASSENGER,PERSONAL,S,TURNING RIGHT,,,1,,,,,,,,,,,,,,,,,Y,UNKNOWN,,,,,,,,,,,,,,,,,,,,,,,,,,,,,,,,,
2121002,bf7aaf97ded19774b7a46aea5609011a29f6f5860a9ef6ca49c9a31b68c20dc09e26421cb750043c475e55f1ef1e688b989ef03eaf815916f43e2e33e8a842ed,08/03/2025 04:55:00 PM,2,PEDESTRIAN,,,,,,,,,,,,,,,,,,,,,,,,,,,,,,,,,,,,,,,,,,,,,,,,,,,,,,,,,,,,,,,,,,
2120900,581a921b162fc5ca7c8a6dd01e9931368c61a231e0fcdf4e5a51a2006ea9a4e080d635fcc5fbaff14c5893c1cdf1ff7e54097b75b01d418b6ae97fa24e07e4c4,08/03/2025 04:50:00 PM,1,DRIVER,3,2021854,,GENERAL MOTORS CORPORATION (GMC),DENALI,IL,2023,UNKNOWN,PICKUP,PERSONAL,S,TURNING LEFT,,,4,,,,,,,,,,,,,,,,,Y,UNKNOWN,,,,,,,,,,,,,,,,,,,,,,,,,,,,,,,,,
2120901,581a921b162fc5ca7c8a6dd01e9931368c61a231e0fcdf4e5a51a2006ea9a4e080d635fcc5fbaff14c5893c1cdf1ff7e54097b75b01d418b6ae97fa24e07e4c4,08/03/2025 04:50:00 PM,2,DRIVER,1,2021864,,TOYOTA,RAV4,IL,2015,UNKNOWN,PASSENGER,PERSONAL,S,TURNING LEFT,,,2,,,,,,,,,Y,Y,Y,,,,,,,REAR,,,,,,,,,,,,,,,,,,,,,,,,,,,,,,,,,
2120938,6778415a63979688a96dce3c95db92f7a826516a51b9da1ef19516c34d068de1a8f6c8fedd4f3241d7c56fc1cdd92832dd7c2efa5a00b671ec86d0394bf094c7,08/03/2025 04:45:00 PM,1,DRIVER,,2021888,,TOYOTA,COROLLA,IL,2017,UNKNOWN,PASSENGER,PERSONAL,N,SLOW/STOP IN TRAFFIC,,,1,,,,,,,,,,,,,,,,Y,,FRONT,,,,,,,,,,,,,,,,,,,,,,,,,,,,,,,,,
2120939,6778415a63979688a96dce3c95db92f7a826516a51b9da1ef19516c34d068de1a8f6c8fedd4f3241d7c56fc1cdd92832dd7c2efa5a00b671ec86d0394bf094c7,08/03/2025 04:45:00 PM,2,DRIVER,1,2021896,,GENESIS,G80,IL,2018,UNKNOWN,PASSENGER,PERSONAL,N,SLOW/STOP IN TRAFFIC,,,2,,,,,,,,,Y,Y,,,,,,,,REAR,,,,,,,,,,,,,,,,,,,,,,,,,,,,,,,,,
2121346,9168b1e02ee343367c2460283581b9af0c79141a156e4346cfe49983aee7d6ebb75ed0d8e0f8609d3a2d56e3c7e5026e49f5591d9f4519f38f8712424d798a01,08/03/2025 04:45:00 PM,1,DRIVER,,2022292,,NISSAN,PATHFINDER,IL,2016,UNKNOWN,PASSENGER,PERSONAL,UNKNOWN,STRAIGHT AHEAD,,,1,,,,,Y,,,,,,,,,,Y,Y,,FRONT,,,,,,,,,,,,,,,,,,,,,,,,,,,,,,,,,
2121347,9168b1e02ee343367c2460283581b9af0c79141a156e4346cfe49983aee7d6ebb75ed0d8e0f8609d3a2d56e3c7e5026e49f5591d9f4519f38f8712424d798a01,08/03/2025 04:45:00 PM,2,DRIVER,,2022289,,FORD,ESCAPE,IL,2009,NONE,PASSENGER,PERSONAL,UNKNOWN,STRAIGHT AHEAD,,,1,,,,,,,,,Y,Y,Y,,,,,,,REAR,,,,,,,,,,,,,,,,,,,,,,,,,,,,,,,,,
2120912,501e3f570d7225f787b229f0ff030d91ce1bc8d3c5251c2d3aed9332e358a5dc7d9b808792799bf4f240c419fc0d708a504483cf5d8bddcc60fee6efbb65d4dc,08/03/2025 04:38:00 PM,1,DRIVER,,2021875,,TOYOTA,RAV4,IL,2016,UNKNOWN,SPORT UTILITY VEHICLE (SUV),UNKNOWN/NA,W,STRAIGHT AHEAD,,,1,,,,Y,,,,,,,,,,,,,,FRONT,,,,,,,,,,,,,,,,,,,,,,,,,,,,,,,,,
2120913,501e3f570d7225f787b229f0ff030d91ce1bc8d3c5251c2d3aed9332e358a5dc7d9b808792799bf4f240c419fc0d708a504483cf5d8bddcc60fee6efbb65d4dc,08/03/2025 04:38:00 PM,2,DRIVER,1,2021884,,TOYOTA,CAMRY,IL,2022,UNKNOWN,PASSENGER,UNKNOWN/NA,W,SLOW/STOP IN TRAFFIC,,,2,,,,,,,,,,Y,,,,,,,,REAR,,,,,,,,,,,,,,,,,,,,,,,,,,,,,,,,,
2120896,6fa6e45d78a58d0deaf81cfe8bdb11f0d8f8f347511b41f7b91f6dff8188b248ee2caf5c6c1d1e85ee9a931747bd71e8baa9a485c6bd61bb1414a3cb65c9fd6e,08/03/2025 04:35:00 PM,1,DRIVER,,2021849,,CHEVROLET,OTHER (EXPLAIN IN NARRATIVE),TN,2025,NONE,SPORT UTILITY VEHICLE (SUV),PERSONAL,W,CHANGING LANES,,,1,,,,,Y,,,,,,,,,,,,,FRONT-RIGHT-CORNER,,,,,,,,,,,,,,,,,,,,,,,,,,,,,,,,,
2120897,6fa6e45d78a58d0deaf81cfe8bdb11f0d8f8f347511b41f7b91f6dff8188b248ee2caf5c6c1d1e85ee9a931747bd71e8baa9a485c6bd61bb1414a3cb65c9fd6e,08/03/2025 04:35:00 PM,2,DRIVER,,2021856,,PORSCHE,MACAN,IL,2021,NONE,SPORT UTILITY VEHICLE (SUV),PERSONAL,W,STRAIGHT AHEAD,,,1,,,,,,,,,,,,Y,Y,,,,,SIDE-LEFT,,,,,,,,,,,,,,,,,,,,,,,,,,,,,,,,,
2120898,537aa8143b22b719d0db71f7570296371584b6bc97f0f487ce300df9b126ee9e2c31ec99eb58cef8ab9bcf7fb771505d55c94c51b5cdee32a620c669db040aac,08/03/2025 04:34:00 PM,1,DRIVER,3,2021853,,FORD,ECOSPORT,IL,2022,NONE,PASSENGER,PERSONAL,S,STRAIGHT AHEAD,Y,,4,,PRIVATE,,,,,,,,,,,,Y,Y,,,FRONT-LEFT-CORNER,,,,,,,,,,,,,,,,,,,,,,,,,,,,,,,,,
2120899,537aa8143b22b719d0db71f7570296371584b6bc97f0f487ce300df9b126ee9e2c31ec99eb58cef8ab9bcf7fb771505d55c94c51b5cdee32a620c669db040aac,08/03/2025 04:34:00 PM,2,DRIVER,,2021863,,TOYOTA,COROLLA,IL,2016,NONE,PASSENGER,PERSONAL,N,STRAIGHT AHEAD,Y,,1,,PRIVATE,,,,,,,,,Y,Y,Y,,,,,REAR-LEFT-CORNER,,,,,,,,,,,,,,,,,,,,,,,,,,,,,,,,,
2120918,ddec9c866fd05d2d84e8ea3476356695e86135d10a21d84a072df7fe633f23f17d565614e6b1fcbfed77b15397d213933f4ed9921be9cce2f08475d2b71c7bc0,08/03/2025 04:30:00 PM,1,DRIVER,,2021893,,HYUNDAI,TUCSON,IL,2023,NONE,PASSENGER,PERSONAL,N,TURNING LEFT,,,1,,,,,Y,Y,Y,,,,,,,,,,,SIDE-RIGHT-FRONT,,,,,,,,,,,,,,,,,,,,,,,,,,,,,,,,,
2120919,ddec9c866fd05d2d84e8ea3476356695e86135d10a21d84a072df7fe633f23f17d565614e6b1fcbfed77b15397d213933f4ed9921be9cce2f08475d2b71c7bc0,08/03/2025 04:30:00 PM,2,DRIVER,,2021942,,CADILLAC,SRX,IL,2014,NONE,PASSENGER,PERSONAL,W,STRAIGHT AHEAD,,,1,,,,,,,,,,,,,,Y,Y,,,FRONT-LEFT-CORNER,,,,,,,,,,,,,,,,,,,,,,,,,,,,,,,,,
2120880,52bdbf0480eb8f84448318899c38f6e2777327f6242be5f95399dc7af945e5dae8ddc4c1f14018e1d8dcefbe0675164cd30fb4df7bfc243d04f630534abfe791,08/03/2025 04:29:00 PM,1,DRIVER,,2021831,,FORD,TRANSIT,IL,2020,UNKNOWN,OTHER,AMBULANCE,S,MERGING,,,1,,,,,Y,,,,,,,,,,,,,FRONT-RIGHT-CORNER,,,,,,,,,,,,,,,,,,,,,,,,,,,,,,,,,
2120881,52bdbf0480eb8f84448318899c38f6e2777327f6242be5f95399dc7af945e5dae8ddc4c1f14018e1d8dcefbe0675164cd30fb4df7bfc243d04f630534abfe791,08/03/2025 04:29:00 PM,2,DRIVER,,2021838,,NISSAN,ALTIMA,IL,2015,UNKNOWN,PASSENGER,PERSONAL,S,STRAIGHT AHEAD,,,1,,,,,,,,,,,Y,,,,,,,REAR-LEFT-CORNER,,,,,,,,,,,,,,,,,,,,,,,,,,,,,,,,,
2121187,83be57e1942d62bb26a165e2274751e8cc7a010b5486a05fcc6b71de1bbe9edad26505c8bb843d754a00ea408cfe67bc66ebf404151fba51a382845000f64459,08/03/2025 04:18:00 PM,1,DRIVER,,2022142,,CHEVROLET,SILVERADO,,2015,UNKNOWN,PICKUP,PERSONAL,S,UNKNOWN/NA,,,1,,,,,,,,,Y,Y,Y,,,,,,,REAR,,,,,,,,,,,,,,,,,,,,,,,,,,,,,,,,,
2121188,83be57e1942d62bb26a165e2274751e8cc7a010b5486a05fcc6b71de1bbe9edad26505c8bb843d754a00ea408cfe67bc66ebf404151fba51a382845000f64459,08/03/2025 04:18:00 PM,2,PARKED,,2022143,,HONDA,ODYSSEY,IL,2012,UNKNOWN,PASSENGER,PERSONAL,S,PARKED IN TRAFFIC LANE,,,0,,,,,Y,,,,,,,,,,Y,Y,,FRONT,,,,,,,,,,,,,,,,,,,,,,,,,,,,,,,,,
2120894,02450f4c0d136788184da0f420de501b6bd3105f4899d5343006c5fd59eeed61bb473ce597260229a174134ea3003c968bbc46a51307ff61b2ca76101dca87f0,08/03/2025 04:17:00 PM,1,DRIVER,,2021848,,CHEVROLET,TRUCK,IL,2023,NONE,TRUCK - SINGLE UNIT,TOW TRUCK,N,PASSING/OVERTAKING,,,1,,,,,,,Y,,,,,,,,,,,SIDE-RIGHT,,,,,,,,,,,,,,,,,,,,,,,,,,,,,,,,,
2120895,02450f4c0d136788184da0f420de501b6bd3105f4899d5343006c5fd59eeed61bb473ce597260229a174134ea3003c968bbc46a51307ff61b2ca76101dca87f0,08/03/2025 04:17:00 PM,2,DRIVER,,2021857,,CHEVROLET,EXPRESS,IL,2016,NONE,VAN/MINI-VAN,OTHER,N,SLOW/STOP IN TRAFFIC,,,1,,,,,,,Y,,,,,,,,,,,SIDE-RIGHT,,,,,,,,,,,,,,,,,,,,,,,,,,,,,,,,,
2120888,f76a00903f8424c620fa679d5474bfac29bb31ba5a8448814c51260e072c3aaed30a427d9d50a8730c8007c93316fba1b634217cf9b3fb5f9e79fb1f60bf943e,08/03/2025 04:17:00 PM,1,DRIVER,,2021842,,CHEVROLET,BLAZER,IL,2005,UNKNOWN,PASSENGER,PERSONAL,S,OTHER,Y,,1,,,,,Y,,,,,,,,,,Y,Y,,FRONT,,,,,,,,,,,,,,,,,,,,,,,,,,,,,,,,,
2120889,f76a00903f8424c620fa679d5474bfac29bb31ba5a8448814c51260e072c3aaed30a427d9d50a8730c8007c93316fba1b634217cf9b3fb5f9e79fb1f60bf943e,08/03/2025 04:17:00 PM,2,DRIVER,,2021966,,HONDA,CIVIC,IL,2016,NONE,UNKNOWN/NA,PERSONAL,N,OTHER,,,1,,,,,,,,,,,,,,,Y,Y,,FRONT,,,,,,,,,,,,,,,,,,,,,,,,,,,,,,,,,
2120870,5feb33a263cf0a37b9af51f994e6b3f24c07bdefccde897078f1bb9a0df0af5b4378c53f5d961b0d8c46fa0641f69275d11bf8dd1b8f5f1ca068515dcd606b0a,08/03/2025 04:10:00 PM,1,DRIVER,,2021823,,TOYOTA,CAMRY,IL,1997,UNKNOWN,PASSENGER,PERSONAL,W,TURNING LEFT,,,1,,,,,Y,Y,,,,,,,,Y,Y,Y,,FRONT,,,,,,,,,,,,,,,,,,,,,,,,,,,,,,,,,
2120871,5feb33a263cf0a37b9af51f994e6b3f24c07bdefccde897078f1bb9a0df0af5b4378c53f5d961b0d8c46fa0641f69275d11bf8dd1b8f5f1ca068515dcd606b0a,08/03/2025 04:10:00 PM,2,DRIVER,2,2021825,,MITSUBISHI,MIRAGE,IL,2017,UNKNOWN,PASSENGER,PERSONAL,S,STRAIGHT AHEAD,Y,,3,,PRIVATE TOW,,,Y,,,,,,,Y,Y,Y,Y,Y,,SIDE-LEFT,,,,,,,,,,,,,,,,,,,,,,,,,,,,,,,,,
2122381,ca3de3f14ef16cd4b692ef6e0bd7dc4abaaee01d59a6c0413024785e37f41b3d91abda294470ea771eee4ba54bf96d0c2945b4144c09c071e4b7724d3f344eeb,08/03/2025 04:10:00 PM,1,BICYCLE,,,,,,,,,,,,,,,,,,,,,,,,,,,,,,,,,,,,,,,,,,,,,,,,,,,,,,,,,,,,,,,,,,
2122382,ca3de3f14ef16cd4b692ef6e0bd7dc4abaaee01d59a6c0413024785e37f41b3d91abda294470ea771eee4ba54bf96d0c2945b4144c09c071e4b7724d3f344eeb,08/03/2025 04:10:00 PM,2,DRIVER,,2023287,,TOYOTA,PRIUS,IL,2014,UNKNOWN,PASSENGER,PERSONAL,N,STRAIGHT AHEAD,,,1,,,,,,,,,,,,,,Y,,,,SIDE-LEFT,,,,,,,,,,,,,,,,,,,,,,,,,,,,,,,,,
2120872,9bdcf1ab2707d263b207487dad494d01065e6e554fc29b1f4f0a0187f17fa29fffcbfa34c544640c06948c4f2cdb30bc19e824be575be2968c4852f4b0410298,08/03/2025 04:04:00 PM,1,DRIVER,,2021822,,CADILLAC,ATS,IL,2013,NONE,PASSENGER,PERSONAL,S,STRAIGHT AHEAD,,,1,,,,,Y,,,,,,,,,,,,,FRONT-RIGHT-CORNER,,,,,,,,,,,,,,,,,,,,,,,,,,,,,,,,,
2120873,9bdcf1ab2707d263b207487dad494d01065e6e554fc29b1f4f0a0187f17fa29fffcbfa34c544640c06948c4f2cdb30bc19e824be575be2968c4852f4b0410298,08/03/2025 04:04:00 PM,2,DRIVER,3,2021826,,NISSAN,PATHFINDER,IL,2017,NONE,PASSENGER,PERSONAL,S,STRAIGHT AHEAD,,,4,,,,,,,,,,,,,,,Y,,,FRONT-LEFT-CORNER,,,,,,,,,,,,,,,,,,,,,,,,,,,,,,,,,
2121568,2a232972560fd7769feff0a60c460d8c3e2e67a7123c04ced9bc6dcc72dec5bcdd21d023275b1ba7965431e5ea4352605dd488893eebe3f33afa81ebf8a0e0ec,08/03/2025 04:00:00 PM,1,DRIVER,,2022502,,NISSAN,MURANO,IL,2017,UNKNOWN,SPORT UTILITY VEHICLE (SUV),PERSONAL,E,STRAIGHT AHEAD,,,1,,,,,,,,Y,Y,,,,,,,,,REAR-RIGHT-CORNER,,,,,,,,,,,,,,,,,,,,,,,,,,,,,,,,,
2121569,2a232972560fd7769feff0a60c460d8c3e2e67a7123c04ced9bc6dcc72dec5bcdd21d023275b1ba7965431e5ea4352605dd488893eebe3f33afa81ebf8a0e0ec,08/03/2025 04:00:00 PM,2,PARKED,,2022512,,HONDA,CR-V,IL,2017,NONE,SPORT UTILITY VEHICLE (SUV),PERSONAL,E,PARKED,,,0,,,,,,,,,,,,,,,Y,,,FRONT-LEFT-CORNER,,,,,,,,,,,,,,,,,,,,,,,,,,,,,,,,,
2120878,87a86b185fb83c66893f858d8ce9122697eb576ebd1f7602cf0fb6348eea945c914e7ef44c6b392172b73982cda7aebc1302670f8353f51e1b4e86a4362304fd,08/03/2025 04:00:00 PM,1,DRIVER,,2021830,,JEEP,CHEROKEE,IL,2021,NONE,SPORT UTILITY VEHICLE (SUV),PERSONAL,N,BACKING,,,1,,,,,,,,Y,Y,,,,,,,,,REAR-RIGHT-CORNER,,,,,,,,,,,,,,,,,,,,,,,,,,,,,,,,,
2120879,87a86b185fb83c66893f858d8ce9122697eb576ebd1f7602cf0fb6348eea945c914e7ef44c6b392172b73982cda7aebc1302670f8353f51e1b4e86a4362304fd,08/03/2025 04:00:00 PM,2,DRIVER,,2021839,,SUBARU,CROSSTREK,IL,2025,NONE,PASSENGER,PERSONAL,S,STRAIGHT AHEAD,,,1,,,,,,,,,,,,,Y,Y,Y,,,FRONT-LEFT-CORNER,,,,,,,,,,,,,,,,,,,,,,,,,,,,,,,,,
2121669,aef14eb98d9c0142377f22403e8a006a0aba49f7cb761b262abb61598427aee235f6b5227a1ce676cb86575fbba6db4b04fb6788d40af43b79628c9659c10c6e,08/03/2025 04:00:00 PM,1,DRIVER,,2022603,,UNKNOWN,OTHER (EXPLAIN IN NARRATIVE),,,UNKNOWN,SPORT UTILITY VEHICLE (SUV),UNKNOWN/NA,UNKNOWN,UNKNOWN/NA,,,1,,,,Y,,,,,,,,,,,,,,REAR-RIGHT-CORNER,,,,,,,,,,,,,,,,,,,,,,,,,,,,,,,,,
2121670,aef14eb98d9c0142377f22403e8a006a0aba49f7cb761b262abb61598427aee235f6b5227a1ce676cb86575fbba6db4b04fb6788d40af43b79628c9659c10c6e,08/03/2025 04:00:00 PM,2,PEDESTRIAN,,,,,,,,,,,,,,,,,,,,,,,,,,,,,,,,,,,,,,,,,,,,,,,,,,,,,,,,,,,,,,,,,,
2120852,eb2621743ef6ffda4bfe62792bc0ca741f8d63122c86d1e656c5afeb6d360fa904bf7274b6c82d4fb3e02a93e67255d1af9d6d389acec7db6fdbe4086ce49d2d,08/03/2025 03:55:00 PM,1,DRIVER,,2021804,,UNKNOWN,OTHER (EXPLAIN IN NARRATIVE),,,UNKNOWN,UNKNOWN/NA,UNKNOWN/NA,UNKNOWN,STRAIGHT AHEAD,,,1,,,,,,,,,,,,,,,,,Y,UNKNOWN,,,,,,,,,,,,,,,,,,,,,,,,,,,,,,,,,
2120853,eb2621743ef6ffda4bfe62792bc0ca741f8d63122c86d1e656c5afeb6d360fa904bf7274b6c82d4fb3e02a93e67255d1af9d6d389acec7db6fdbe4086ce49d2d,08/03/2025 03:55:00 PM,2,PARKED,,2021809,,ACURA,ADX,IL,2010,NONE,PASSENGER,NOT IN USE,W,PARKED,,,0,,,,,,,,,,,,Y,Y,Y,Y,,,SIDE-LEFT,,,,,,,,,,,,,,,,,,,,,,,,,,,,,,,,,
2120856,52d37996a62688f78453762836dc8aed0a3136086a26656323c5417d26e8f1099e6ce2993fe005e1b332140a7270cd71281955242538e74802e52ee7217ce2ae,08/03/2025 03:52:00 PM,1,DRIVER,,2021805,,FORD,F150,IN,,UNKNOWN,PICKUP,UNKNOWN/NA,E,CHANGING LANES,,,1,,,,,,,,,,,Y,Y,,,,,,SIDE-LEFT-REAR,,,,,,,,,,,,,,,,,,,,,,,,,,,,,,,,,
2120857,52d37996a62688f78453762836dc8aed0a3136086a26656323c5417d26e8f1099e6ce2993fe005e1b332140a7270cd71281955242538e74802e52ee7217ce2ae,08/03/2025 03:52:00 PM,2,DRIVER,,2021814,,TOYOTA,COROLLA,IL,2019,NONE,PASSENGER,TAXI/FOR HIRE,E,STRAIGHT AHEAD,,,1,,,,,Y,Y,,,,,,,,,,,,SIDE-RIGHT-FRONT,,,,,,,,,,,,,,,,,,,,,,,,,,,,,,,,,
2120866,d1539265699db621005bd32ec620afe05016947bec3d6c3d6ad20dd111f1633aef4c60fbdbc45a6a14be41312c8d049fc90b2425108a945e58e289194ecaac21,08/03/2025 03:52:00 PM,1,DRIVER,,2021820,,DODGE,RAM PROMASTER,IL,,NONE,VAN/MINI-VAN,OTHER,E,ENTERING TRAFFIC LANE FROM PARKING,Y,,1,,united states postal service,private,,,,,,,,,,,,Y,,,FRONT-LEFT-CORNER,,,,,,,,,,,,,,,,,,,,,,,,,,,,,,,,,
2120867,d1539265699db621005bd32ec620afe05016947bec3d6c3d6ad20dd111f1633aef4c60fbdbc45a6a14be41312c8d049fc90b2425108a945e58e289194ecaac21,08/03/2025 03:52:00 PM,2,DRIVER,4,2021841,,TOYOTA,PRIUS,IL,2013,NONE,PASSENGER,RIDESHARE SERVICE,E,STRAIGHT AHEAD,,,5,,,,,Y,Y,,,,,,,,,,,,FRONT-RIGHT-CORNER,,,,,,,,,,,,,,,,,,,,,,,,,,,,,,,,,
2120876,e7976e4ed4ec448fc96551a01f689bea2fde83e2d33d2ada4aca79d9c5c2e7c7f85e317edbd1db113d9ac2648249e2cf9216614a8c0377fee2942e012d07d717,08/03/2025 03:51:00 PM,1,DRIVER,,2021852,,BMW,1800,IL,2011,NONE,PASSENGER,PERSONAL,S,STRAIGHT AHEAD,,,1,,,,,Y,Y,Y,N,,,,,,,,,,FRONT-RIGHT-CORNER,,,,,,,,,,,,,,,,,,,,,,,,,,,,,,,,,
2120877,e7976e4ed4ec448fc96551a01f689bea2fde83e2d33d2ada4aca79d9c5c2e7c7f85e317edbd1db113d9ac2648249e2cf9216614a8c0377fee2942e012d07d717,08/03/2025 03:51:00 PM,2,PARKED,,2021837,,CHEVROLET,CAPRICE,IL,2017,NONE,UNKNOWN/NA,PERSONAL,S,PARKED IN TRAFFIC LANE,,,0,,,,,Y,Y,,,,,,,,,,,,SIDE-LEFT-REAR,,,,,,,,,,,,,,,,,,,,,,,,,,,,,,,,,