CRASH_UNIT_ID,CRASH_RECORD_ID,CRASH_DATE,UNIT_NO,UNIT_TYPE,NUM_PASSENGERS,VEHICLE_ID,CMRC_VEH_I,MAKE,MODEL,LIC_PLATE_STATE,VEHICLE_YEAR,VEHICLE_DEFECT,VEHICLE_TYPE,VEHICLE_USE,TRAVEL_DIRECTION,MANEUVER,TOWED_I,FIRE_I,OCCUPANT_CNT,EXCEED_SPEED_LIMIT_I,TOWED_BY,TOWED_TO,AREA_00_I,AREA_01_I,AREA_02_I,AREA_03_I,AREA_04_I,AREA_05_I,AREA_06_I,AREA_07_I,AREA_08_I,AREA_09_I,AREA_10_I,AREA_11_I,AREA_12_I,AREA_99_I,FIRST_CONTACT_POINT,CMV_ID,USDOT_NO,CCMC_NO,ILCC_NO,COMMERCIAL_SRC,GVWR,CARRIER_NAME,CARRIER_STATE,CARRIER_CITY,HAZMAT_PLACARDS_I,HAZMAT_NAME,UN_NO,HAZMAT_PRESENT_I,HAZMAT_REPORT_I,HAZMAT_REPORT_NO,MCS_REPORT_I,MCS_REPORT_NO,HAZMAT_VIO_CAUSE_CRASH_I,MCS_VIO_CAUSE_CRASH_I,IDOT_PERMIT_NO,WIDE_LOAD_I,TRAILER1_WIDTH,TRAILER2_WIDTH,TRAILER1_LENGTH,TRAILER2_LENGTH,TOTAL_VEHICLE_LENGTH,AXLE_CNT,VEHICLE_CONFIG,CARGO_BODY_TYPE,LOAD_TYPE,HAZMAT_OUT_OF_SERVICE_I,MCS_OUT_OF_SERVICE_I,HAZMAT_CLASS
2120864,3b5cca2cbf338e9d2934a1f70670e45f01087ba9bb6175162e863b52d846fdae3b104512a178993dc3e7c64ae20b8dab17312b250ca8c75e1ff4fd74a273477d,08/03/2025 03:50:00 PM,1,DRIVER,,2021813,,FORD,OTHER (EXPLAIN IN NARRATIVE),IL,2021,NONE,OTHER,UNKNOWN/NA,N,TURNING LEFT,,,1,,,,,,,,,,,,,,,,,Y,UNKNOWN,,,,,,,,,,,,,,,,,,,,,,,,,,,,,,,,,
2120865,3b5cca2cbf338e9d2934a1f70670e45f01087ba9bb6175162e863b52d846fdae3b104512a178993dc3e7c64ae20b8dab17312b250ca8c75e1ff4fd74a273477d,08/03/2025 03:50:00 PM,2,DRIVER,,2021819,,MITSUBISHI,OUTLANDER,IL,2023,NONE,PASSENGER,PERSONAL,E,STRAIGHT AHEAD,,,1,,,,,,,,,,,,,,,Y,,,FRONT-LEFT-CORNER,,,,,,,,,,,,,,,,,,,,,,,,,,,,,,,,,
2120891,4a0441a465a5c65a29a24038cbb30f9bafaed25f9805e2773e656cda9f492b6a8cd6126b68e42012fc15d53fbdc0600b88574b09bdee33e9bf01f70c30a3d441,08/03/2025 03:40:00 PM,1,DRIVER,,2021840,,CADILLAC,CTS,IL,2007,NONE,PASSENGER,UNKNOWN/NA,E,STRAIGHT AHEAD,Y,,1,,unk,unk,,,,,,,,,,,,,,Y,UNKNOWN,,,,,,,,,,,,,,,,,,,,,,,,,,,,,,,,,
2120854,a8af9c0fddcff124b93e1a61ce9ca7995a9b773defcf6e14dbfb066a53853f0beb30349b4680812da2d820da4650e1a6c2f34c8c3f1f0cd197ee678a3d136bb4,08/03/2025 03:37:00 PM,1,DRIVER,,2021811,,FORD,TRANSIT,IL,2020,UNKNOWN,PASSENGER,OTHER,S,TURNING RIGHT,,,1,,,,,,,,,Y,,,,,,,,,SIDE-RIGHT-REAR,,,,,,,,,,,,,,,,,,,,,,,,,,,,,,,,,
2120855,a8af9c0fddcff124b93e1a61ce9ca7995a9b773defcf6e14dbfb066a53853f0beb30349b4680812da2d820da4650e1a6c2f34c8c3f1f0cd197ee678a3d136bb4,08/03/2025 03:37:00 PM,2,PARKED,,2021818,,CADILLAC,DEVILLE,IL,1991,UNKNOWN,PASSENGER,PERSONAL,S,PARKED,,,0,,,,,,,,,,,Y,,,,,,,SIDE-LEFT-REAR,,,,,,,,,,,,,,,,,,,,,,,,,,,,,,,,,
2120858,b8124731da5252cca43b4f0de3950527a440119660857e1aacd40ada496ab11263b7fc3bbd46bbd68f33c115ecb2557d70b73882634e5624010e54a7ef2a0d6e,08/03/2025 03:37:00 PM,1,DRIVER,,2021824,,KIA,OTHER (EXPLAIN IN NARRATIVE),IL,2019,UNKNOWN,SPORT UTILITY VEHICLE (SUV),PERSONAL,UNKNOWN,ENTERING TRAFFIC LANE FROM PARKING,,,1,,,,,,,,,,,,,,,,,Y,UNKNOWN,,,,,,,,,,,,,,,,,,,,,,,,,,,,,,,,,
2120859,b8124731da5252cca43b4f0de3950527a440119660857e1aacd40ada496ab11263b7fc3bbd46bbd68f33c115ecb2557d70b73882634e5624010e54a7ef2a0d6e,08/03/2025 03:37:00 PM,2,DRIVER,,2021812,,KIA,SPORTAGE,IL,2024,UNKNOWN,SPORT UTILITY VEHICLE (SUV),PERSONAL,UNKNOWN,SLOW/STOP IN TRAFFIC,,,1,,,,,,,Y,,,,,,,,,,,SIDE-RIGHT,,,,,,,,,,,,,,,,,,,,,,,,,,,,,,,,,
2121829,52dda552264aa32eb2321510fd14a9305a4a078236fdbc806d659dacf0972162185cd2e1d10c26ac85d4d688859b87bae5bfd4f4bd707cd3fbc35253d4d855b1,08/03/2025 03:30:00 PM,1,DRIVER,1,2022765,,KIA,OTHER (EXPLAIN IN NARRATIVE),IL,,UNKNOWN,SPORT UTILITY VEHICLE (SUV),PERSONAL,N,STRAIGHT AHEAD,,,2,,,,,,,,,,,,,,,,,Y,FRONT-RIGHT-CORNER,,,,,,,,,,,,,,,,,,,,,,,,,,,,,,,,,
2121830,52dda552264aa32eb2321510fd14a9305a4a078236fdbc806d659dacf0972162185cd2e1d10c26ac85d4d688859b87bae5bfd4f4bd707cd3fbc35253d4d855b1,08/03/2025 03:30:00 PM,2,DRIVER,,2022763,,KIA,FORTE,IL,2023,NONE,PASSENGER,PERSONAL,N,STRAIGHT AHEAD,,,1,,,,,,,,,,,,Y,Y,,,,,SIDE-LEFT,,,,,,,,,,,,,,,,,,,,,,,,,,,,,,,,,
2120957,fe514682482516c93787d50268ac81507c446fdf25624bb8e5cae22fd52319abea3eab6007b8104274dc931d797b9db14ff4d720024e7f6373b1a4eb74553b34,08/03/2025 03:30:00 PM,1,DRIVER,1,2021903,,UNKNOWN,OTHER (EXPLAIN IN NARRATIVE),,,UNKNOWN,PASSENGER,PERSONAL,N,STRAIGHT AHEAD,,,2,,,,,,,,,,,,,,,,,Y,UNKNOWN,,,,,,,,,,,,,,,,,,,,,,,,,,,,,,,,,
2120958,fe514682482516c93787d50268ac81507c446fdf25624bb8e5cae22fd52319abea3eab6007b8104274dc931d797b9db14ff4d720024e7f6373b1a4eb74553b34,08/03/2025 03:30:00 PM,2,PARKED,,2021906,,INFINITI,FX35,IL,2004,UNKNOWN,PASSENGER,NOT IN USE,N,PARKED,,,0,,,,,,,,Y,Y,,,,,,,,,REAR-RIGHT-CORNER,,,,,,,,,,,,,,,,,,,,,,,,,,,,,,,,,
2120874,1a4984dee9db20dd626b638b6971b7026feaad07ea28b4c5a183fe1a35b4f91cad60e7bac34bdb5634e3aee1c3d392a01b770878b121390bfd5bb14912527c8b,08/03/2025 03:25:00 PM,1,DRIVER,,2021829,,FORD,TRANSIT,AZ,2025,UNKNOWN,TRUCK - SINGLE UNIT,PERSONAL,S,MERGING,,,1,,,,,,,,,,,,,,,Y,,,FRONT-LEFT-CORNER,,,,,,,,,,,,,,,,,,,,,,,,,,,,,,,,,
2120875,1a4984dee9db20dd626b638b6971b7026feaad07ea28b4c5a183fe1a35b4f91cad60e7bac34bdb5634e3aee1c3d392a01b770878b121390bfd5bb14912527c8b,08/03/2025 03:25:00 PM,2,DRIVER,2,2021836,,AUDI,A7,IL,2016,UNKNOWN,PASSENGER,PERSONAL,S,STRAIGHT AHEAD,,,3,,,,,Y,Y,Y,Y,Y,,,,,,,,,SIDE-RIGHT,,,,,,,,,,,,,,,,,,,,,,,,,,,,,,,,,
2121199,c5c2373eeb765daf9b63cb14bcd822e85bca073340b92d1b864874e15a3fb64e9123f96075c3304ea628ba63beb3e160a8fbff37f9d87fe6bcf37ab42e87c419,08/03/2025 03:24:00 PM,1,DRIVER,,2022147,,TOYOTA,VENZA,IL,2023,NONE,PASSENGER,PERSONAL,N,STRAIGHT AHEAD,,,1,,,,,Y,Y,,,,,,,,,,,,FRONT-LEFT-CORNER,,,,,,,,,,,,,,,,,,,,,,,,,,,,,,,,,
2121200,c5c2373eeb765daf9b63cb14bcd822e85bca073340b92d1b864874e15a3fb64e9123f96075c3304ea628ba63beb3e160a8fbff37f9d87fe6bcf37ab42e87c419,08/03/2025 03:24:00 PM,2,DRIVER,,2022149,,FORD,FUSION,IL,,NONE,PASSENGER,PERSONAL,E,STRAIGHT AHEAD,,,1,,,,,,,,,,,,,,Y,Y,,,SIDE-RIGHT-FRONT,,,,,,,,,,,,,,,,,,,,,,,,,,,,,,,,,
2120840,e856c00445e6d681f8c6be48f4abb8c2eebc2c2c4c7ffa6dc103707fd44f25fddc78ff3e00c4482d2f4f37bf25463c2383a389020b0e696956e48dd6153e2f42,08/03/2025 03:09:00 PM,1,DRIVER,,2021797,,TOYOTA,PRIUS,IL,2011,NONE,PASSENGER,PERSONAL,E,STRAIGHT AHEAD,,,1,,,,,Y,,,,,,,,,,Y,Y,,FRONT,,,,,,,,,,,,,,,,,,,,,,,,,,,,,,,,,
2120841,e856c00445e6d681f8c6be48f4abb8c2eebc2c2c4c7ffa6dc103707fd44f25fddc78ff3e00c4482d2f4f37bf25463c2383a389020b0e696956e48dd6153e2f42,08/03/2025 03:09:00 PM,2,DRIVER,1,2021834,,TOYOTA,TACOMA,IL,2010,NONE,PICKUP,PERSONAL,E,STRAIGHT AHEAD,,,2,,,,,,,,,,Y,,,,,,Y,,REAR,,,,,,,,,,,,,,,,,,,,,,,,,,,,,,,,,
2120842,e856c00445e6d681f8c6be48f4abb8c2eebc2c2c4c7ffa6dc103707fd44f25fddc78ff3e00c4482d2f4f37bf25463c2383a389020b0e696956e48dd6153e2f42,08/03/2025 03:09:00 PM,3,DRIVER,1,2021844,,HYUNDAI,ELANTRA,IL,2013,NONE,PASSENGER,PERSONAL,E,STRAIGHT AHEAD,,,2,,,,,,,,,Y,Y,Y,,,,,,,REAR,,,,,,,,,,,,,,,,,,,,,,,,,,,,,,,,,
2120868,1a82ef9282f6ecae67bc5e2177a095782dd110b36d58e7f76c156bd4c00badd882739a1d4f5ad8c0c9b95a63be5f17d2f56667111fa57b50dd67f7d1da0331e4,08/03/2025 03:00:00 PM,1,DRIVER,,2021821,,NISSAN,OTHER (EXPLAIN IN NARRATIVE),IL,2015,OTHER,PASSENGER,PERSONAL,E,OTHER,,,1,,,,,,N,N,N,Y,,,,,,,Y,,FRONT,,,,,,,,,,,,,,,,,,,,,,,,,,,,,,,,,
2120869,1a82ef9282f6ecae67bc5e2177a095782dd110b36d58e7f76c156bd4c00badd882739a1d4f5ad8c0c9b95a63be5f17d2f56667111fa57b50dd67f7d1da0331e4,08/03/2025 03:00:00 PM,2,DRIVER,,2021828,,TESLA,MODEL Y,IL,2023,UNKNOWN,PASSENGER,PERSONAL,SW,STRAIGHT AHEAD,,,1,,,,,,Y,Y,,Y,,,,,,,,,SIDE-RIGHT,,,,,,,,,,,,,,,,,,,,,,,,,,,,,,,,,
2121224,1d894c6a952857987b7f480a3a7c19d9ab75e6d60a4a9e1b8c3b9bc07f44c09490927c276b3b758542b021c7956f0e08ce9aac400ca6aa8d42ebe7b277207514,08/03/2025 03:00:00 PM,1,DRIVER,,2022170,,UNKNOWN,OTHER (EXPLAIN IN NARRATIVE),,,UNKNOWN,UNKNOWN/NA,UNKNOWN/NA,UNKNOWN,UNKNOWN/NA,,,1,,,,,,,,,,,,,,,,,,UNKNOWN,,,,,,,,,,,,,,,,,,,,,,,,,,,,,,,,,
2121225,1d894c6a952857987b7f480a3a7c19d9ab75e6d60a4a9e1b8c3b9bc07f44c09490927c276b3b758542b021c7956f0e08ce9aac400ca6aa8d42ebe7b277207514,08/03/2025 03:00:00 PM,2,PARKED,,2022172,,KIA,SPORTAGE,TX,2023,NONE,SPORT UTILITY VEHICLE (SUV),NOT IN USE,S,PARKED,,,0,,,,,,,,,,,,,Y,Y,Y,,,SIDE-LEFT-FRONT,,,,,,,,,,,,,,,,,,,,,,,,,,,,,,,,,
2122148,75b1bf62023b36c4c804b050a5680892c4c32d15128ad144a460057df152f3067348bba9e0f5c15004d09c19c387489c1b96729fc42d5bffc71dc68f786f91d1,08/03/2025 03:00:00 PM,1,DRIVER,,2023062,,UNKNOWN,MOTORIZED,,,UNKNOWN,UNKNOWN/NA,UNKNOWN/NA,UNKNOWN,UNKNOWN/NA,,,1,,,,,,,,,,,,,,,,Y,,UNKNOWN,,,,,,,,,,,,,,,,,,,,,,,,,,,,,,,,,
2122149,75b1bf62023b36c4c804b050a5680892c4c32d15128ad144a460057df152f3067348bba9e0f5c15004d09c19c387489c1b96729fc42d5bffc71dc68f786f91d1,08/03/2025 03:00:00 PM,2,DRIVER,,2023075,,TOYOTA,COROLLA,IL,2004,UNKNOWN,PASSENGER,PERSONAL,W,STRAIGHT AHEAD,,,1,,,,,,,,,,,,,Y,,,,,SIDE-LEFT,,,,,,,,,,,,,,,,,,,,,,,,,,,,,,,,,
2122648,80f29213218f0830db0ebf23566a5aed167de732c3871532938a101f32bfa91fc3f053e321894090ac130757f15b1379d7122c61e673a8e8662a6e56bab8cc74,08/03/2025 03:00:00 PM,1,DRIVER,,2023544,,DODGE,RAM 1500 PU,IL,,NONE,PICKUP,UNKNOWN/NA,S,STRAIGHT AHEAD,,,1,,,,,Y,,,,,,,,,,,,,FRONT-RIGHT-CORNER,,,,,,,,,,,,,,,,,,,,,,,,,,,,,,,,,
2122649,80f29213218f0830db0ebf23566a5aed167de732c3871532938a101f32bfa91fc3f053e321894090ac130757f15b1379d7122c61e673a8e8662a6e56bab8cc74,08/03/2025 03:00:00 PM,2,PARKED,1,2023547,,CHEVROLET,EQUINOX,IL,2020,NONE,PASSENGER,PERSONAL,S,PARKED,,,1,,,,,,,,,,,,,,Y,Y,,,FRONT-LEFT-CORNER,,,,,,,,,,,,,,,,,,,,,,,,,,,,,,,,,
2130511,a6c5eab0c12356eec2b87d9dabbf0f0391fbdd61069820adb193091a40f67f57c912bf47e03ef9d297c718d1ae1654506fbaedc69dc41a0832cfd3f4323f9708,08/03/2025 03:00:00 PM,1,DRIVER,,2030983,,UNKNOWN,MOTORIZED,,,UNKNOWN,UNKNOWN/NA,UNKNOWN/NA,SE,STRAIGHT AHEAD,,,1,,,,,,,,,,,,,,,,,Y,REAR,,,,,,,,,,,,,,,,,,,,,,,,,,,,,,,,,
2130512,a6c5eab0c12356eec2b87d9dabbf0f0391fbdd61069820adb193091a40f67f57c912bf47e03ef9d297c718d1ae1654506fbaedc69dc41a0832cfd3f4323f9708,08/03/2025 03:00:00 PM,2,DRIVER,1,2030994,,FORD,EXPLORER,IL,2013,NONE,PASSENGER,PERSONAL,SE,STRAIGHT AHEAD,,,2,,,,,Y,,,,,,,,,,Y,Y,,FRONT,,,,,,,,,,,,,,,,,,,,,,,,,,,,,,,,,
2120860,b6c0498ac6beffbbcbbac21d0effc65660b659a113729997bea5ad6224a30b704251a93bf98a6a4be31a1555fc93e840a0d6cbc536e15387aad5c33a1bae45a0,08/03/2025 03:00:00 PM,1,DRIVER,,2021815,,HONDA,OTHER (EXPLAIN IN NARRATIVE),IL,2015,NONE,PASSENGER,PERSONAL,W,ENTERING TRAFFIC LANE FROM PARKING,,,1,,,,,Y,Y,,,,,,,,,,,,FRONT-RIGHT-CORNER,,,,,,,,,,,,,,,,,,,,,,,,,,,,,,,,,
2120861,b6c0498ac6beffbbcbbac21d0effc65660b659a113729997bea5ad6224a30b704251a93bf98a6a4be31a1555fc93e840a0d6cbc536e15387aad5c33a1bae45a0,08/03/2025 03:00:00 PM,2,DRIVER,,2021817,,KIA,SOUL,IL,2014,NONE,PASSENGER,PERSONAL,W,STRAIGHT AHEAD,,,1,,,,,Y,Y,,,,,,,,,,,,FRONT-RIGHT-CORNER,,,,,,,,,,,,,,,,,,,,,,,,,,,,,,,,,
2120884,ddebe01d1ccec880be4a24781bc34fae2dc58c27c3869df014a28a25595ba2a60aade5ecd0fad16f4f489734a58c92be5c043bdefc52048de022dca79212cc5e,08/03/2025 02:55:00 PM,1,DRIVER,,2021835,,MERCEDES-BENZ,GLS,IL,2018,UNKNOWN,PASSENGER,PERSONAL,E,STRAIGHT AHEAD,,,1,,,,,,,,,,,,,,,,,Y,FRONT,,,,,,,,,,,,,,,,,,,,,,,,,,,,,,,,,
2120885,ddebe01d1ccec880be4a24781bc34fae2dc58c27c3869df014a28a25595ba2a60aade5ecd0fad16f4f489734a58c92be5c043bdefc52048de022dca79212cc5e,08/03/2025 02:55:00 PM,2,BICYCLE,,,,,,,,,,,,,,,,,,,,,,,,,,,,,,,,,,,,,,,,,,,,,,,,,,,,,,,,,,,,,,,,,,
2120812,1a89a1cc629de1df523cbcb8fb34dbe664474fbecdfff23a18980cb3fa2e69ebf82eb32d655a350255be116f375870eb2a57e292a9d238d41ecbac47716f9e8f,08/03/2025 02:52:00 PM,1,DRIVER,,2021773,,HONDA,CR-V,IL,2018,NONE,SPORT UTILITY VEHICLE (SUV),PERSONAL,N,PASSING/OVERTAKING,,,1,,,,,Y,Y,,,,,,,,N,N,Y,,FRONT-RIGHT-CORNER,,,,,,,,,,,,,,,,,,,,,,,,,,,,,,,,,
2120813,1a89a1cc629de1df523cbcb8fb34dbe664474fbecdfff23a18980cb3fa2e69ebf82eb32d655a350255be116f375870eb2a57e292a9d238d41ecbac47716f9e8f,08/03/2025 02:52:00 PM,2,DRIVER,2,2021778,,MERCEDES-BENZ,GLA,IL,2018,NONE,SPORT UTILITY VEHICLE (SUV),PERSONAL,S,BACKING,,,3,,,,,,,,,,,,,,,Y,,,FRONT-LEFT-CORNER,,,,,,,,,,,,,,,,,,,,,,,,,,,,,,,,,
2120800,f17cf9a5110c104781541b3cd766600fb1914667d28c7e4b023a3027a884e657f551848cb25eb63bfbb2cd075f8242bdf7d48cf607c80e27c74f46ac500227c5,08/03/2025 02:50:00 PM,1,DRIVER,,2021756,,FORD,FOCUS,IL,2013,UNKNOWN,PASSENGER,PERSONAL,E,STRAIGHT AHEAD,,,1,,,,,,,,,,,,,,,,Y,,FRONT,,,,,,,,,,,,,,,,,,,,,,,,,,,,,,,,,
2120801,f17cf9a5110c104781541b3cd766600fb1914667d28c7e4b023a3027a884e657f551848cb25eb63bfbb2cd075f8242bdf7d48cf607c80e27c74f46ac500227c5,08/03/2025 02:50:00 PM,2,DRIVER,,2021780,,TOYOTA,OTHER (EXPLAIN IN NARRATIVE),IL,2008,UNKNOWN,PASSENGER,PERSONAL,E,STRAIGHT AHEAD,,,1,,,,,,,,,,Y,,,,,,,,REAR,,,,,,,,,,,,,,,,,,,,,,,,,,,,,,,,,
2120820,4d5faaecfc9200d7dc34eb55d33a792114337f571994fae26229b62a9d85ed94356d55a91b6d84ca3daa20222b16efd76db782162a2c3bea5ef550a9f1505427,08/03/2025 02:45:00 PM,1,DRIVER,,2021772,,FORD,ESCAPE,IL,2008,UNKNOWN,SPORT UTILITY VEHICLE (SUV),PERSONAL,E,PASSING/OVERTAKING,,,1,,,,,,,,,,,,,,,,,Y,UNKNOWN,,,,,,,,,,,,,,,,,,,,,,,,,,,,,,,,,
2120821,4d5faaecfc9200d7dc34eb55d33a792114337f571994fae26229b62a9d85ed94356d55a91b6d84ca3daa20222b16efd76db782162a2c3bea5ef550a9f1505427,08/03/2025 02:45:00 PM,2,DRIVER,1,2021779,,ACURA,ADX,IL,2011,UNKNOWN,SPORT UTILITY VEHICLE (SUV),PERSONAL,E,STRAIGHT AHEAD,,,2,,,,,,,,,Y,Y,,,,,,,,REAR-RIGHT-CORNER,,,,,,,,,,,,,,,,,,,,,,,,,,,,,,,,,
2122912,65caadb68c65c1821dc52e4f058c139e089b6f151d77ec83e6d76b5cf8b9a7abb7c6b47b2d3cc6b140ba7fc8d9ee2913a138b30b06fd46b5c0b0741bb11c1ce7,08/03/2025 02:45:00 PM,1,DRIVER,,2023776,,TOYOTA,C-HR,IN,2021,UNKNOWN,UNKNOWN/NA,UNKNOWN/NA,S,TURNING LEFT,,,1,,,,,,,,,,,,,,Y,Y,Y,,FRONT-LEFT-CORNER,,,,,,,,,,,,,,,,,,,,,,,,,,,,,,,,,
2122913,65caadb68c65c1821dc52e4f058c139e089b6f151d77ec83e6d76b5cf8b9a7abb7c6b47b2d3cc6b140ba7fc8d9ee2913a138b30b06fd46b5c0b0741bb11c1ce7,08/03/2025 02:45:00 PM,2,DRIVER,,2023777,,INTERNATIONAL COACH MANUFACTURING,INTERNATIONAL COACH MFG.,IL,2019,NONE,TRUCK - SINGLE UNIT,OTHER,S,TURNING LEFT,,,1,,,,,Y,Y,Y,,,,,,,,,Y,,FRONT-RIGHT-CORNER,,,,,,,,,,,,,,,,,,,,,,,,,,,,,,,,,
2120804,6eb0d85a0e13aa3bc1720189699d6c3835c013e809296aa7a14b39d35e7c85d45b4577cc3ecd0f29b57dc5b27de51b96db450daa0b9fbe9b666f6b6bd7dd8e64,08/03/2025 02:45:00 PM,1,DRIVER,,2021763,,FORD,ESCAPE,IL,2016,NONE,SPORT UTILITY VEHICLE (SUV),PERSONAL,E,TURNING RIGHT,,,1,,,,,,,Y,Y,,,,,,,,,,SIDE-RIGHT,,,,,,,,,,,,,,,,,,,,,,,,,,,,,,,,,
2120805,6eb0d85a0e13aa3bc1720189699d6c3835c013e809296aa7a14b39d35e7c85d45b4577cc3ecd0f29b57dc5b27de51b96db450daa0b9fbe9b666f6b6bd7dd8e64,08/03/2025 02:45:00 PM,2,DRIVER,,2021771,,JEEP,LIBERTY,IL,2009,NONE,SPORT UTILITY VEHICLE (SUV),PERSONAL,E,TURNING RIGHT,,,1,,,,,,,,,,,,,,Y,Y,Y,,FRONT-LEFT-CORNER,,,,,,,,,,,,,,,,,,,,,,,,,,,,,,,,,
2120808,ed598e7025ceee1e19721f93b7435b963ccb7d6932804d835b1ce02915e75a6fd79f1007b986609346eea1b385b8b842774c567984e2c0a99d9193fd1492555d,08/03/2025 02:45:00 PM,1,DRIVER,,2021769,,LAND ROVER,RANGE ROVER (EVOQUE / SPORT / VELAR),DE,2023,NONE,PASSENGER,PERSONAL,S,STRAIGHT AHEAD,,,1,,,,,,Y,Y,,,,,,,,,,,SIDE-RIGHT,,,,,,,,,,,,,,,,,,,,,,,,,,,,,,,,,
2120809,ed598e7025ceee1e19721f93b7435b963ccb7d6932804d835b1ce02915e75a6fd79f1007b986609346eea1b385b8b842774c567984e2c0a99d9193fd1492555d,08/03/2025 02:45:00 PM,2,DRIVER,1,2021775,,CHEVROLET,EQUINOX,IL,2018,NONE,PASSENGER,PERSONAL,W,BACKING,,,2,,,,,,,,,Y,Y,Y,,,,,,,REAR,,,,,,,,,,,,,,,,,,,,,,,,,,,,,,,,,
2120862,329f46aad0d3c0f0a35ff3646ed1d56947b1771587bfae2f060934d67035e7cf546e937c1401589e79c985c1349575ce3a822519e9e84487132157e40441fb24,08/03/2025 02:40:00 PM,1,DRIVER,,2021843,,AUDI,A6,IL,2007,UNKNOWN,PASSENGER,PERSONAL,S,STRAIGHT AHEAD,,,1,,,,,Y,,,,,,,,,,Y,Y,,FRONT,,,,,,,,,,,,,,,,,,,,,,,,,,,,,,,,,
2120863,329f46aad0d3c0f0a35ff3646ed1d56947b1771587bfae2f060934d67035e7cf546e937c1401589e79c985c1349575ce3a822519e9e84487132157e40441fb24,08/03/2025 02:40:00 PM,2,DRIVER,,2021846,,NISSAN,VERSA,IL,2025,NONE,PASSENGER,PERSONAL,S,SLOW/STOP IN TRAFFIC,,,1,,,,,,,,,Y,Y,Y,,,,,,,REAR,,,,,,,,,,,,,,,,,,,,,,,,,,,,,,,,,
2120791,4e87042066e22f331dc405524fb5dd2be48f5d62f4458d7ca8bdd7f40a8dc333dc04abb953404f6d98c6f88220adb31f7a7d5082012cdeecf5657e164c92aa60,08/03/2025 02:35:00 PM,1,DRIVER,,2021757,,CHRYSLER,300,IL,,UNKNOWN,PASSENGER,PERSONAL,E,STRAIGHT AHEAD,,,1,,,,,,,,,,,,,,,,,Y,FRONT,,,,,,,,,,,,,,,,,,,,,,,,,,,,,,,,,
2120792,4e87042066e22f331dc405524fb5dd2be48f5d62f4458d7ca8bdd7f40a8dc333dc04abb953404f6d98c6f88220adb31f7a7d5082012cdeecf5657e164c92aa60,08/03/2025 02:35:00 PM,2,DRIVER,,2021764,,TOYOTA,RAV4,IL,2009,UNKNOWN,PASSENGER,UNKNOWN/NA,E,SLOW/STOP IN TRAFFIC,,,1,,,,,,,,,,Y,Y,,,,,,,REAR,,,,,,,,,,,,,,,,,,,,,,,,,,,,,,,,,
2120843,5ef07470aefde22a2cb14f5595f38b917512d87843ba598009153fbdf902ba2bd6c9a42554c6bca8dbfc6330ea9205d142fdf27346f8ddbdce5655670eabe577,08/03/2025 02:33:00 PM,1,DRIVER,,2021796,,CHEVROLET,IMPALA,IL,2019,UNKNOWN,PASSENGER,PERSONAL,E,STRAIGHT AHEAD,,,1,,,,,Y,,,,,,,,,,Y,Y,,FRONT,,,,,,,,,,,,,,,,,,,,,,,,,,,,,,,,,
2120844,5ef07470aefde22a2cb14f5595f38b917512d87843ba598009153fbdf902ba2bd6c9a42554c6bca8dbfc6330ea9205d142fdf27346f8ddbdce5655670eabe577,08/03/2025 02:33:00 PM,2,DRIVER,1,2021803,,CHEVROLET,EQUINOX,IN,2020,UNKNOWN,PASSENGER,PERSONAL,E,STRAIGHT AHEAD,,,2,,,,,,,,,Y,Y,Y,,,,,,,REAR,,,,,,,,,,,,,,,,,,,,,,,,,,,,,,,,,
2120806,dc61e79b1506dcbac1e14b60cac0e552ddac4a4d5e661c0039c4c9ad17e24ac63e9274e9da197cf00ba3200a81203f2634e2e0c3c07f792e51147bfff0d0dc3b,08/03/2025 02:31:00 PM,1,DRIVER,4,2021762,,SUBARU,ASCENT,IL,2021,NONE,PASSENGER,PERSONAL,N,TURNING RIGHT,,,5,,,,,Y,,,,,,,,,,,,,FRONT-RIGHT-CORNER,,,,,,,,,,,,,,,,,,,,,,,,,,,,,,,,,
2120807,dc61e79b1506dcbac1e14b60cac0e552ddac4a4d5e661c0039c4c9ad17e24ac63e9274e9da197cf00ba3200a81203f2634e2e0c3c07f792e51147bfff0d0dc3b,08/03/2025 02:31:00 PM,2,PEDESTRIAN,,,,,,,,,,,,,,,,,,,,,,,,,,,,,,,,,,,,,,,,,,,,,,,,,,,,,,,,,,,,,,,,,,
2122202,15ef39f29b251e4374d619fb4e4ee429f4452f978acc0a3b1a23f9557a529c7417a291c86553794f6e7e07a7d08c23c2830e38f5c3899753e1860618b170c06e,08/03/2025 02:30:00 PM,1,DRIVER,,2023109,,GENERAL MOTORS CORPORATION (GMC),TERRAIN,IL,2010,UNKNOWN,SPORT UTILITY VEHICLE (SUV),UNKNOWN/NA,W,STRAIGHT AHEAD,Y,,1,,CITY OF CHICAGO/TOW,UNKNOWN.,,Y,,,,,,,,,,Y,Y,,FRONT,,,,,,,,,,,,,,,,,,,,,,,,,,,,,,,,,
2122203,15ef39f29b251e4374d619fb4e4ee429f4452f978acc0a3b1a23f9557a529c7417a291c86553794f6e7e07a7d08c23c2830e38f5c3899753e1860618b170c06e,08/03/2025 02:30:00 PM,2,PARKED,,2023110,,MAZDA,CX-9,IL,2023,UNKNOWN,SPORT UTILITY VEHICLE (SUV),PERSONAL,W,PARKED,,,0,,,,,Y,,,,Y,Y,Y,,,,Y,Y,,REAR,,,,,,,,,,,,,,,,,,,,,,,,,,,,,,,,,