CRASH_UNIT_ID,CRASH_RECORD_ID,CRASH_DATE,UNIT_NO,UNIT_TYPE,NUM_PASSENGERS,VEHICLE_ID,CMRC_VEH_I,MAKE,MODEL,LIC_PLATE_STATE,VEHICLE_YEAR,VEHICLE_DEFECT,VEHICLE_TYPE,VEHICLE_USE,TRAVEL_DIRECTION,MANEUVER,TOWED_I,FIRE_I,OCCUPANT_CNT,EXCEED_SPEED_LIMIT_I,TOWED_BY,TOWED_TO,AREA_00_I,AREA_01_I,AREA_02_I,AREA_03_I,AREA_04_I,AREA_05_I,AREA_06_I,AREA_07_I,AREA_08_I,AREA_09_I,AREA_10_I,AREA_11_I,AREA_12_I,AREA_99_I,FIRST_CONTACT_POINT,CMV_ID,USDOT_NO,CCMC_NO,ILCC_NO,COMMERCIAL_SRC,GVWR,CARRIER_NAME,CARRIER_STATE,CARRIER_CITY,HAZMAT_PLACARDS_I,HAZMAT_NAME,UN_NO,HAZMAT_PRESENT_I,HAZMAT_REPORT_I,HAZMAT_REPORT_NO,MCS_REPORT_I,MCS_REPORT_NO,HAZMAT_VIO_CAUSE_CRASH_I,MCS_VIO_CAUSE_CRASH_I,IDOT_PERMIT_NO,WIDE_LOAD_I,TRAILER1_WIDTH,TRAILER2_WIDTH,TRAILER1_LENGTH,TRAILER2_LENGTH,TOTAL_VEHICLE_LENGTH,AXLE_CNT,VEHICLE_CONFIG,CARGO_BODY_TYPE,LOAD_TYPE,HAZMAT_OUT_OF_SERVICE_I,MCS_OUT_OF_SERVICE_I,HAZMAT_CLASS
2122204,15ef39f29b251e4374d619fb4e4ee429f4452f978acc0a3b1a23f9557a529c7417a291c86553794f6e7e07a7d08c23c2830e38f5c3899753e1860618b170c06e,08/03/2025 02:30:00 PM,3,DISABLED VEHICLE,1,2023111,,FORD,FLEX,IL,2015,UNKNOWN,SPORT UTILITY VEHICLE (SUV),PERSONAL,W,PARKED,,,1,,,,,,,,,Y,Y,Y,,,,,,,REAR,,,,,,,,,,,,,,,,,,,,,,,,,,,,,,,,,
2121266,d1f8f58c2b5e3812b116f4756848d2e7a88e2064ea9a94a7e2b835d458337706eb5decf276c848ad9ff0dd51fc77495d562f7321f0af34e0ec29de7f3cbf86e8,08/03/2025 02:30:00 PM,1,DRIVER,,2022210,,HONDA,ACCORD,,,OTHER,PASSENGER,UNKNOWN/NA,E,STRAIGHT AHEAD,,,1,,,,,,,,,,,,,,,,,Y,SIDE-LEFT,,,,,,,,,,,,,,,,,,,,,,,,,,,,,,,,,
2121267,d1f8f58c2b5e3812b116f4756848d2e7a88e2064ea9a94a7e2b835d458337706eb5decf276c848ad9ff0dd51fc77495d562f7321f0af34e0ec29de7f3cbf86e8,08/03/2025 02:30:00 PM,2,DRIVER,,2022213,,HYUNDAI,TIBURON,IL,2022,NONE,PASSENGER,PERSONAL,E,STRAIGHT AHEAD,,,1,,,,,,Y,,,,,,,,,,,,SIDE-RIGHT,,,,,,,,,,,,,,,,,,,,,,,,,,,,,,,,,
2120798,df83d9f8c62eceba761bf411787b2f9ab55b060cd55d1b8ffdfe87c21aceec411d132dfd81fb81cf7105aa915ad56cce833cf6e79b30df61dcc3ba93a203161b,08/03/2025 02:30:00 PM,1,DRIVER,,2021753,,FORD,FLEX,IL,2010,UNKNOWN,PASSENGER,PERSONAL,S,STRAIGHT AHEAD,,,1,,,,,,,,,,,,,,,,,Y,FRONT,,,,,,,,,,,,,,,,,,,,,,,,,,,,,,,,,
2120799,df83d9f8c62eceba761bf411787b2f9ab55b060cd55d1b8ffdfe87c21aceec411d132dfd81fb81cf7105aa915ad56cce833cf6e79b30df61dcc3ba93a203161b,08/03/2025 02:30:00 PM,2,DRIVER,,2021766,,BUICK,ENCORE,IL,2020,UNKNOWN,PASSENGER,PERSONAL,S,STRAIGHT AHEAD,,,1,,,,,,,,,Y,Y,Y,,,,,,,REAR,,,,,,,,,,,,,,,,,,,,,,,,,,,,,,,,,
2120781,e573e453716b66b498fb55d430effee401de6239948e677840f62cfe42f3692fa1046d5ac9245f602eed642613550ac39d6cd82dc08f8cb33807c835f0aabd5a,08/03/2025 02:30:00 PM,1,DRIVER,,2021737,,NISSAN,350Z,IL,2008,NONE,PASSENGER,PERSONAL,S,OTHER,,,1,,,,,,,,,,,,,,,Y,,,FRONT-LEFT-CORNER,,,,,,,,,,,,,,,,,,,,,,,,,,,,,,,,,
2120782,e573e453716b66b498fb55d430effee401de6239948e677840f62cfe42f3692fa1046d5ac9245f602eed642613550ac39d6cd82dc08f8cb33807c835f0aabd5a,08/03/2025 02:30:00 PM,2,DRIVER,,2021741,,BMW,X5,IL,2012,NONE,PASSENGER,PERSONAL,S,STRAIGHT AHEAD,,,1,,,,,Y,,,,,,,,,,,,,FRONT-RIGHT-CORNER,,,,,,,,,,,,,,,,,,,,,,,,,,,,,,,,,
2120908,f49c2db3eb82129262b38db1a4183fb909c20fda15632e774919228dd5e4147eb6d8fbe7c8fbe1043cb8a8cd083f6269b15e692d3a9953ae1c1d9b8ec8cc7375,08/03/2025 02:24:00 PM,1,PARKED,,2021862,,CHEVROLET,EQUINOX,IL,2017,NONE,SPORT UTILITY VEHICLE (SUV),PERSONAL,UNKNOWN,PARKED,,,0,,,,,,,,,,,,,,,,,Y,UNKNOWN,,,,,,,,,,,,,,,,,,,,,,,,,,,,,,,,,
2120909,f49c2db3eb82129262b38db1a4183fb909c20fda15632e774919228dd5e4147eb6d8fbe7c8fbe1043cb8a8cd083f6269b15e692d3a9953ae1c1d9b8ec8cc7375,08/03/2025 02:24:00 PM,2,BICYCLE,,,,,,,,,,,,,,,,,,,,,,,,,,,,,,,,,,,,,,,,,,,,,,,,,,,,,,,,,,,,,,,,,,
2120802,0dd754b322de5f91c7d64213bdb201b16c6198c546c90111d6852398514cceabcbfad55bb5db77d5d72defa62322365be0e75bf1162638aae9fbc8b31eee8710,08/03/2025 02:15:00 PM,1,DRIVER,,2021759,,CHRYSLER,PACIFICA,IN,,UNKNOWN,VAN/MINI-VAN,PERSONAL,S,STRAIGHT AHEAD,,,1,,,,,Y,Y,,,,,,,,,N,Y,,FRONT-RIGHT-CORNER,,,,,,,,,,,,,,,,,,,,,,,,,,,,,,,,,
2120803,0dd754b322de5f91c7d64213bdb201b16c6198c546c90111d6852398514cceabcbfad55bb5db77d5d72defa62322365be0e75bf1162638aae9fbc8b31eee8710,08/03/2025 02:15:00 PM,2,DRIVER,,2021767,,FORD,ESCAPE,IL,,UNKNOWN,PASSENGER,PERSONAL,S,STRAIGHT AHEAD,,,1,,,,,,,,,,Y,Y,,,,,,,REAR,,,,,,,,,,,,,,,,,,,,,,,,,,,,,,,,,
2120824,2e861aca4af04fb151f7ff203fdd11b110f701da676cf53ca139956cac3716daf212d8c382e2c914e178487c0b7578caa0ca56b1ffca2cab93293e7905fa1567,08/03/2025 02:15:00 PM,1,DRIVER,,2021781,,TOYOTA,COROLLA,IN,,UNKNOWN,PASSENGER,PERSONAL,S,STRAIGHT AHEAD,,,1,,,,,Y,,,,,,,,,,Y,Y,,FRONT,,,,,,,,,,,,,,,,,,,,,,,,,,,,,,,,,
2120825,2e861aca4af04fb151f7ff203fdd11b110f701da676cf53ca139956cac3716daf212d8c382e2c914e178487c0b7578caa0ca56b1ffca2cab93293e7905fa1567,08/03/2025 02:15:00 PM,2,DRIVER,,2021788,,TOYOTA,COROLLA,IL,2010,UNKNOWN,PASSENGER,PERSONAL,S,STRAIGHT AHEAD,,,1,,,,,,,,,Y,Y,Y,,,,,,,REAR,,,,,,,,,,,,,,,,,,,,,,,,,,,,,,,,,
2120822,be2188112cc4dc1354677f41c89f97ed98249f5aee26cd9d9bc4c63db2facdeed40c02394a124a46942ff992d5832e1ef88d3985ccf7a4abe5975b79576da1fe,08/03/2025 02:14:00 PM,1,DRIVER,,2021777,,BMW,X5,IL,2012,UNKNOWN,PASSENGER,UNKNOWN/NA,S,STRAIGHT AHEAD,,,1,,,,,,,,,,,,,,,,,Y,FRONT-RIGHT-CORNER,,,,,,,,,,,,,,,,,,,,,,,,,,,,,,,,,
2120823,be2188112cc4dc1354677f41c89f97ed98249f5aee26cd9d9bc4c63db2facdeed40c02394a124a46942ff992d5832e1ef88d3985ccf7a4abe5975b79576da1fe,08/03/2025 02:14:00 PM,2,DRIVER,,2021783,,NISSAN,350Z,IL,2008,NONE,PASSENGER,PERSONAL,UNKNOWN,LEAVING TRAFFIC LANE TO PARK,,,1,,,,,,,,,,,,,,Y,Y,,,FRONT-LEFT-CORNER,,,,,,,,,,,,,,,,,,,,,,,,,,,,,,,,,
2120826,980e8999344aa33eb71d42e477dc8f3110b99f710c97409269120491ab15231828e4cb62b36d9293369c69319d38380bee05a896ad21e9520b887e07ed6b4e08,08/03/2025 02:13:00 PM,1,DRIVER,,2021785,,HYUNDAI,PALISADE,IL,2024,NONE,PASSENGER,UNKNOWN/NA,W,BACKING,,,1,,,,,,,,,Y,Y,Y,,,,,,,REAR,,,,,,,,,,,,,,,,,,,,,,,,,,,,,,,,,
2120827,980e8999344aa33eb71d42e477dc8f3110b99f710c97409269120491ab15231828e4cb62b36d9293369c69319d38380bee05a896ad21e9520b887e07ed6b4e08,08/03/2025 02:13:00 PM,2,DRIVER,,2021790,,TOYOTA,CAMRY,IL,2017,NONE,PASSENGER,TAXI/FOR HIRE,E,OTHER,,,1,,,,,Y,,,,,,,,,,Y,Y,,FRONT,,,,,,,,,,,,,,,,,,,,,,,,,,,,,,,,,
2120814,5bc9f9e2a8f2deb0d2272ef29bf7ea39a6091b6c68ced7ffe5b4a0fb74938174ba1671f487dd2c4379ada9146170c2fca571c4c2de279da5cd9444a944ad3395,08/03/2025 02:07:00 PM,1,DRIVER,,2021765,,HONDA,HR-V,IL,2023,UNKNOWN,PASSENGER,UNKNOWN/NA,W,LEAVING TRAFFIC LANE TO PARK,,,1,,,,,,,,,,,,,,,,,Y,UNKNOWN,,,,,,,,,,,,,,,,,,,,,,,,,,,,,,,,,
2120815,5bc9f9e2a8f2deb0d2272ef29bf7ea39a6091b6c68ced7ffe5b4a0fb74938174ba1671f487dd2c4379ada9146170c2fca571c4c2de279da5cd9444a944ad3395,08/03/2025 02:07:00 PM,2,DRIVER,1,2021792,,HYUNDAI,SONATA,IL,2011,NONE,PASSENGER,PERSONAL,W,STRAIGHT AHEAD,,,2,,,,,,,,,,,,,,,Y,,,FRONT-LEFT-CORNER,,,,,,,,,,,,,,,,,,,,,,,,,,,,,,,,,
2121070,a0b8d1167df9af043fe22c6748016bb97e82b800006c0ecde76a734b492e2a58eec19ca1292ea387daf2785ea1b31de1bf041b83d37294dde4fdf70880e4b278,08/03/2025 02:00:00 PM,1,DRIVER,,2022016,,JEEP,GRAND CHEROKEE,,,UNKNOWN,UNKNOWN/NA,UNKNOWN/NA,S,TURNING RIGHT,,,1,,,,,,,,,,,,,,Y,Y,,,FRONT-LEFT-CORNER,,,,,,,,,,,,,,,,,,,,,,,,,,,,,,,,,
2121071,a0b8d1167df9af043fe22c6748016bb97e82b800006c0ecde76a734b492e2a58eec19ca1292ea387daf2785ea1b31de1bf041b83d37294dde4fdf70880e4b278,08/03/2025 02:00:00 PM,2,PEDESTRIAN,,,,,,,,,,,,,,,,,,,,,,,,,,,,,,,,,,,,,,,,,,,,,,,,,,,,,,,,,,,,,,,,,,
2121041,bb5cea5ba131831f99cb47c03938c79110266526fd587ed5d42839c5bb69315ea5ff703a270fd782210cad0e31908f4b0698718b873b189bbc76dce2b4a08bd0,08/03/2025 02:00:00 PM,1,DRIVER,,2021990,,VOLKSWAGEN,TIGUAN,MN,2019,UNKNOWN,PASSENGER,PERSONAL,S,STRAIGHT AHEAD,,,1,,,,,,,,,,,,,,,,,Y,FRONT,,,,,,,,,,,,,,,,,,,,,,,,,,,,,,,,,
2121042,bb5cea5ba131831f99cb47c03938c79110266526fd587ed5d42839c5bb69315ea5ff703a270fd782210cad0e31908f4b0698718b873b189bbc76dce2b4a08bd0,08/03/2025 02:00:00 PM,2,DRIVERLESS,,2021994,,GENESIS,G70,IL,2023,UNKNOWN,PASSENGER,PERSONAL,S,PARKED,,,0,,,,,,,,,,Y,,,,,,,,REAR,,,,,,,,,,,,,,,,,,,,,,,,,,,,,,,,,
2120771,c9a5c2483947f0f57d732ef1223de4999552cd14dfe890e2601e7642da703871378b13f6345e67fad61cd7f0271d045d6f6324f9510bc992546bd5cf8d3c87e9,08/03/2025 02:00:00 PM,1,DRIVER,,2021735,,CHEVROLET,CRUZE,IL,2018,NONE,PASSENGER,PERSONAL,W,STRAIGHT AHEAD,,,1,,,,,,,Y,Y,Y,,,,,,,,,SIDE-RIGHT-REAR,,,,,,,,,,,,,,,,,,,,,,,,,,,,,,,,,
2120772,c9a5c2483947f0f57d732ef1223de4999552cd14dfe890e2601e7642da703871378b13f6345e67fad61cd7f0271d045d6f6324f9510bc992546bd5cf8d3c87e9,08/03/2025 02:00:00 PM,2,DRIVER,,2021754,,TOYOTA,HIGHLANDER,IL,2020,NONE,SPORT UTILITY VEHICLE (SUV),PERSONAL,S,STRAIGHT AHEAD,,,1,,,,,Y,,,,,,,,,,Y,Y,,FRONT,,,,,,,,,,,,,,,,,,,,,,,,,,,,,,,,,
2121222,ec96246e7c105f5201796c33dca690ad92e9e1fb7f8b11da4c1cc6d5654587baedafd197e33c502daa754a8a9bf80683f66c8e72ddb7059bf9175c5d8539472f,08/03/2025 02:00:00 PM,1,DRIVER,,2022167,,UNKNOWN,ENCLOSED BODY,,,UNKNOWN,PASSENGER,UNKNOWN/NA,UNKNOWN,UNKNOWN/NA,,,1,,,,,,,,,,,,,,,,,Y,UNKNOWN,,,,,,,,,,,,,,,,,,,,,,,,,,,,,,,,,
2121223,ec96246e7c105f5201796c33dca690ad92e9e1fb7f8b11da4c1cc6d5654587baedafd197e33c502daa754a8a9bf80683f66c8e72ddb7059bf9175c5d8539472f,08/03/2025 02:00:00 PM,2,PARKED,,2022175,,JEEP,GRAND CHEROKEE,IL,2021,NONE,PASSENGER,PERSONAL,UNKNOWN,PARKED,,,0,,,,,Y,,,,,,,,,,,,,FRONT-RIGHT-CORNER,,,,,,,,,,,,,,,,,,,,,,,,,,,,,,,,,
2120959,962984db58b26d594cc3c6cf60b5dbd77571052bddc9bbbaea0e007c711a54b0eff425a9916f87f3f97c1b288207aa62e1523f5630c086a6dd8661f6f6bc1657,08/03/2025 01:50:00 PM,1,DRIVER,,2021909,,SUBARU,CROSSTREK,IL,2016,UNKNOWN,SPORT UTILITY VEHICLE (SUV),UNKNOWN/NA,E,MERGING,,,1,,,,,Y,Y,,,,,,,,N,N,Y,,FRONT-RIGHT-CORNER,,,,,,,,,,,,,,,,,,,,,,,,,,,,,,,,,
2120960,962984db58b26d594cc3c6cf60b5dbd77571052bddc9bbbaea0e007c711a54b0eff425a9916f87f3f97c1b288207aa62e1523f5630c086a6dd8661f6f6bc1657,08/03/2025 01:50:00 PM,2,DRIVER,,2021913,,TOYOTA,RAV4,IL,2023,UNKNOWN,SPORT UTILITY VEHICLE (SUV),UNKNOWN/NA,N,STRAIGHT AHEAD,,,1,,,,,,,,,,,,Y,Y,Y,,,,SIDE-LEFT,,,,,,,,,,,,,,,,,,,,,,,,,,,,,,,,,
2120783,d0358c99e0bbf0d15c0fddb68da59c3531c53b0e8bde036f9b4f7ae8cbba18c0bb67de0c1e03f6d2b8fef2342b8cce6bc847213b53be2d7a0812a26214776c51,08/03/2025 01:50:00 PM,1,DRIVER,,2021736,,SUBARU,CROSSTREK,,2016,UNKNOWN,UNKNOWN/NA,UNKNOWN/NA,E,STRAIGHT AHEAD,,,1,,,,,,,,,,,,,,,,N,Y,FRONT,,,,,,,,,,,,,,,,,,,,,,,,,,,,,,,,,
2120784,d0358c99e0bbf0d15c0fddb68da59c3531c53b0e8bde036f9b4f7ae8cbba18c0bb67de0c1e03f6d2b8fef2342b8cce6bc847213b53be2d7a0812a26214776c51,08/03/2025 01:50:00 PM,2,DRIVER,,2021740,,TOYOTA,RAV4,IL,2023,NONE,PASSENGER,PERSONAL,N,STRAIGHT AHEAD,,,1,,,,,,,,,,,,Y,Y,Y,,,,SIDE-LEFT,,,,,,,,,,,,,,,,,,,,,,,,,,,,,,,,,
2120787,7eab291cf56c5fb57b19ce69ba3947712a18893ed5d5af870bbec4a1df800676223df90fe477b634d8ef1f0fb9188d5913371b82c58a6009a1f273a85feef0ad,08/03/2025 01:45:00 PM,1,DRIVER,,2021746,,HYUNDAI,OTHER (EXPLAIN IN NARRATIVE),IL,,UNKNOWN,PASSENGER,UNKNOWN/NA,W,CHANGING LANES,,,1,,,,,,Y,Y,Y,,,,,,,,,,SIDE-RIGHT,,,,,,,,,,,,,,,,,,,,,,,,,,,,,,,,,
2120788,7eab291cf56c5fb57b19ce69ba3947712a18893ed5d5af870bbec4a1df800676223df90fe477b634d8ef1f0fb9188d5913371b82c58a6009a1f273a85feef0ad,08/03/2025 01:45:00 PM,2,DRIVER,,2021758,,KIA,OPTIMA / K5,IL,2013,NONE,PASSENGER,PERSONAL,W,STRAIGHT AHEAD,,,1,,,,,,,,,,,,,,,Y,,,FRONT-LEFT-CORNER,,,,,,,,,,,,,,,,,,,,,,,,,,,,,,,,,
2120828,85eb5f6af2dfd4674ccf70d73d04f2ce7a883c96ecd1a0af7dec01db2ed9c7302004186fe811abf3b466c8dcccb8bf52280644b23e83f92531655d4e63f74137,08/03/2025 01:40:00 PM,1,DRIVER,,2021789,,AUDI,A3,CA,2018,NONE,PASSENGER,PERSONAL,N,STRAIGHT AHEAD,,,1,,,,,Y,Y,,,,,,,,,,Y,,FRONT-RIGHT-CORNER,,,,,,,,,,,,,,,,,,,,,,,,,,,,,,,,,
2120829,85eb5f6af2dfd4674ccf70d73d04f2ce7a883c96ecd1a0af7dec01db2ed9c7302004186fe811abf3b466c8dcccb8bf52280644b23e83f92531655d4e63f74137,08/03/2025 01:40:00 PM,2,DRIVER,,2021795,,TOYOTA,OTHER (EXPLAIN IN NARRATIVE),IL,2025,NONE,PASSENGER,TAXI/FOR HIRE,W,STRAIGHT AHEAD,Y,,1,,OWNER,UNKNOWN,,,,,,,,,,,Y,Y,Y,,FRONT-LEFT-CORNER,,,,,,,,,,,,,,,,,,,,,,,,,,,,,,,,,
2120836,9ff2bb0349911aac0ecc91968d7e489b76fc18d94c8c1d800216c0e3da0ec01ab7a0d77d9155092fea318e9ba83dcdbdd31cd6c3a5e6b49c18f0cb3470a5c91e,08/03/2025 01:40:00 PM,1,DRIVER,,2021791,,ACURA,ILX,IL,2013,NONE,PASSENGER,PERSONAL,N,STRAIGHT AHEAD,,,1,,,,Y,,,,,,,,,,,,,,FRONT,,,,,,,,,,,,,,,,,,,,,,,,,,,,,,,,,
2120837,9ff2bb0349911aac0ecc91968d7e489b76fc18d94c8c1d800216c0e3da0ec01ab7a0d77d9155092fea318e9ba83dcdbdd31cd6c3a5e6b49c18f0cb3470a5c91e,08/03/2025 01:40:00 PM,2,BICYCLE,,,,,,,,,,,,,,,,,,,,,,,,,,,,,,,,,,,,,,,,,,,,,,,,,,,,,,,,,,,,,,,,,,
2121817,1279bfa915a5195f3dffc705311b39722dad2b23faec33739bf8bfd723b64ce64053117dad6aeeb9aaf3108a8043c3950b45361dd45a3268bd2d01764e41b8fa,08/03/2025 01:30:00 PM,1,DRIVER,,2022753,,HONDA,HR-V,IL,2021,NONE,PASSENGER,PERSONAL,W,TURNING LEFT,,,1,,,,,Y,Y,,,,,,,,,,,,FRONT-RIGHT-CORNER,,,,,,,,,,,,,,,,,,,,,,,,,,,,,,,,,
2121818,1279bfa915a5195f3dffc705311b39722dad2b23faec33739bf8bfd723b64ce64053117dad6aeeb9aaf3108a8043c3950b45361dd45a3268bd2d01764e41b8fa,08/03/2025 01:30:00 PM,2,DRIVER,,2022754,,SUBARU,FORESTER,IL,2004,NONE,PASSENGER,PERSONAL,E,STRAIGHT AHEAD,,,1,,,,,,,,,,,,,,Y,Y,,,FRONT-LEFT-CORNER,,,,,,,,,,,,,,,,,,,,,,,,,,,,,,,,,
2120735,594fedb44fe0faeac1789fd24b6547ac248b93f59139ff45fcdc42bf243adf2c2331e46c531c6eda46f7345bfc237ac4c67198a771914370248a343c6fb35133,08/03/2025 01:30:00 PM,1,DRIVER,,2021693,,UNKNOWN,OTHER (EXPLAIN IN NARRATIVE),,,UNKNOWN,SPORT UTILITY VEHICLE (SUV),UNKNOWN/NA,UNKNOWN,PASSING/OVERTAKING,,,1,,,,,,,,,,,,,,,,,Y,UNKNOWN,,,,,,,,,,,,,,,,,,,,,,,,,,,,,,,,,
2120736,594fedb44fe0faeac1789fd24b6547ac248b93f59139ff45fcdc42bf243adf2c2331e46c531c6eda46f7345bfc237ac4c67198a771914370248a343c6fb35133,08/03/2025 01:30:00 PM,2,PARKED,1,2021695,,FORD,TRANSIT,IL,2020,UNKNOWN,BUS UP TO 15 PASS.,COMMERCIAL - SINGLE UNIT,UNKNOWN,PARKED,,,1,,,,,,,,,,,,,Y,Y,,,,SIDE-LEFT,,,,,,,,,,,,,,,,,,,,,,,,,,,,,,,,,
2120731,fb737bb7f293a82264471109f4f2a276a7a8d99a4169069b1ad7138907b25edf4b9a882c67ff4017c152bd249682f58af6d4b12b495b02967bb3c7929ac111ee,08/03/2025 01:25:00 PM,1,DRIVER,,2021694,,FORD,OTHER (EXPLAIN IN NARRATIVE),IL,2008,UNKNOWN,UNKNOWN/NA,UNKNOWN/NA,N,STRAIGHT AHEAD,,,1,,,,,Y,,,,,N,,,,,Y,Y,,FRONT,,,,,,,,,,,,,,,,,,,,,,,,,,,,,,,,,
2120732,fb737bb7f293a82264471109f4f2a276a7a8d99a4169069b1ad7138907b25edf4b9a882c67ff4017c152bd249682f58af6d4b12b495b02967bb3c7929ac111ee,08/03/2025 01:25:00 PM,2,DRIVER,2,2021701,,SUBARU,LEGACY,IL,2016,NONE,PASSENGER,PERSONAL,N,STRAIGHT AHEAD,,,3,,,,,,,,,Y,Y,,,,,,,,REAR-RIGHT-CORNER,,,,,,,,,,,,,,,,,,,,,,,,,,,,,,,,,
2120793,f3b7389810f5746d6a559b7bdef66941b811fb4369f0226a7dbb53c2236d30dccf42711b46d6482286bed34b793f45a6839251b4d776a47dcf032d93ab172353,08/03/2025 01:07:00 PM,1,DRIVER,,2021749,,UNKNOWN,OTHER (EXPLAIN IN NARRATIVE),IL,9999,UNKNOWN,PASSENGER,UNKNOWN/NA,N,STRAIGHT AHEAD,,,1,,,,,,,,,,,,,,,,,Y,FRONT,,,,,,,,,,,,,,,,,,,,,,,,,,,,,,,,,
2120794,f3b7389810f5746d6a559b7bdef66941b811fb4369f0226a7dbb53c2236d30dccf42711b46d6482286bed34b793f45a6839251b4d776a47dcf032d93ab172353,08/03/2025 01:07:00 PM,2,PARKED,,2021752,,FORD,RANGER,IL,1997,UNKNOWN,PASSENGER,PERSONAL,N,PARKED,Y,,0,,PRIVATE,,,Y,,,,,,Y,Y,,,Y,Y,,REAR-LEFT-CORNER,,,,,,,,,,,,,,,,,,,,,,,,,,,,,,,,,
2120795,f3b7389810f5746d6a559b7bdef66941b811fb4369f0226a7dbb53c2236d30dccf42711b46d6482286bed34b793f45a6839251b4d776a47dcf032d93ab172353,08/03/2025 01:07:00 PM,3,PARKED,,2021760,,MERCURY,MOUNTAINEER,IL,1999,NONE,PASSENGER,PERSONAL,N,PARKED,,,0,,,,,,,,,,Y,Y,,,,,,,REAR-LEFT-CORNER,,,,,,,,,,,,,,,,,,,,,,,,,,,,,,,,,
2122979,798ac536266176af7c3aa019254c3e6b920c40a92ed2e621ebd60c8d4c3cfe3417568e0b6c60cb544f2cdfe9cae8c759ea64a48f1eea80aa78da646d6c311670,08/03/2025 01:00:00 PM,1,DRIVER,,2023847,,HONDA,CIVIC,IL,2023,NONE,PASSENGER,PERSONAL,W,STRAIGHT AHEAD,,,1,,,,,Y,,,,,,,,,,,,,FRONT-RIGHT-CORNER,,,,,,,,,,,,,,,,,,,,,,,,,,,,,,,,,
2122980,798ac536266176af7c3aa019254c3e6b920c40a92ed2e621ebd60c8d4c3cfe3417568e0b6c60cb544f2cdfe9cae8c759ea64a48f1eea80aa78da646d6c311670,08/03/2025 01:00:00 PM,2,PARKED,,2023855,,HYUNDAI,ELANTRA,,2013,NONE,PASSENGER,PERSONAL,W,PARKED,,,0,,,,,,,,,,,,,,Y,,,,SIDE-LEFT,,,,,,,,,,,,,,,,,,,,,,,,,,,,,,,,,
2123011,9e6b1047d5ac8f0bc030ff3bd0cb6bd6d2144cfbc6647a0810c71c8a5888293e3922f47a6e9da080cfd8f9921fb94c703aaf9e1ad306434ebf81f7a5b22c16bc,08/03/2025 01:00:00 PM,1,DRIVER,,2023887,,UNKNOWN,OTHER (EXPLAIN IN NARRATIVE),,,UNKNOWN,UNKNOWN/NA,UNKNOWN/NA,UNKNOWN,UNKNOWN/NA,,,1,,,,,,,,,,,,,,,,,Y,UNKNOWN,,,,,,,,,,,,,,,,,,,,,,,,,,,,,,,,,
2123012,9e6b1047d5ac8f0bc030ff3bd0cb6bd6d2144cfbc6647a0810c71c8a5888293e3922f47a6e9da080cfd8f9921fb94c703aaf9e1ad306434ebf81f7a5b22c16bc,08/03/2025 01:00:00 PM,2,PARKED,,2023891,,AUDI,Q8,IL,2023,NONE,PASSENGER,PERSONAL,E,PARKED,,,0,,,,,Y,,,,,,Y,,,,,,,SIDE-LEFT,,,,,,,,,,,,,,,,,,,,,,,,,,,,,,,,,
2120733,dd8430abf34cf7512c8a00778cbde52b5c404a90e9841e6179e4ecf9128c9e2bc6afd6244e8a46ca10e817ea6bab8d23a70bf6b09a2a3eb2b94fe3590a671391,08/03/2025 01:00:00 PM,1,DRIVER,,2021719,,GENERAL MOTORS CORPORATION (GMC),ENVOY,IL,2004,NONE,PASSENGER,PERSONAL,S,TURNING LEFT,,,1,,,,,,,,,,,,,,Y,Y,Y,,FRONT-LEFT-CORNER,,,,,,,,,,,,,,,,,,,,,,,,,,,,,,,,,
2120734,dd8430abf34cf7512c8a00778cbde52b5c404a90e9841e6179e4ecf9128c9e2bc6afd6244e8a46ca10e817ea6bab8d23a70bf6b09a2a3eb2b94fe3590a671391,08/03/2025 01:00:00 PM,2,DRIVER,,2021724,,ACURA,ADX,IL,2017,NONE,PASSENGER,PERSONAL,E,SLOW/STOP IN TRAFFIC,,,1,,,,,,,Y,Y,Y,Y,,,,,,,,SIDE-RIGHT-REAR,,,,,,,,,,,,,,,,,,,,,,,,,,,,,,,,,
2120761,c57bef2fd840a725ad859a7053d0d10f1f42b9158801ef1e18b9ad17d67eb1f0131794dfaae7b7109db74c41d8071804a647bb4b9976e5fb4b3e5a958c809f58,08/03/2025 12:56:00 PM,1,DRIVER,,2021720,,HONDA,ODYSSEY,IL,2011,NONE,VAN/MINI-VAN,PERSONAL,N,STRAIGHT AHEAD,Y,,1,,,,,Y,,,,,,,,,,Y,Y,,FRONT,,,,,,,,,,,,,,,,,,,,,,,,,,,,,,,,,
2120762,c57bef2fd840a725ad859a7053d0d10f1f42b9158801ef1e18b9ad17d67eb1f0131794dfaae7b7109db74c41d8071804a647bb4b9976e5fb4b3e5a958c809f58,08/03/2025 12:56:00 PM,2,DRIVER,,2021729,,FORD,EDGE,IL,2010,NONE,PASSENGER,PERSONAL,N,STRAIGHT AHEAD,Y,,1,,,,,Y,,,,Y,Y,Y,,,,Y,Y,,REAR,,,,,,,,,,,,,,,,,,,,,,,,,,,,,,,,,