CRASH_UNIT_ID,CRASH_RECORD_ID,CRASH_DATE,UNIT_NO,UNIT_TYPE,NUM_PASSENGERS,VEHICLE_ID,CMRC_VEH_I,MAKE,MODEL,LIC_PLATE_STATE,VEHICLE_YEAR,VEHICLE_DEFECT,VEHICLE_TYPE,VEHICLE_USE,TRAVEL_DIRECTION,MANEUVER,TOWED_I,FIRE_I,OCCUPANT_CNT,EXCEED_SPEED_LIMIT_I,TOWED_BY,TOWED_TO,AREA_00_I,AREA_01_I,AREA_02_I,AREA_03_I,AREA_04_I,AREA_05_I,AREA_06_I,AREA_07_I,AREA_08_I,AREA_09_I,AREA_10_I,AREA_11_I,AREA_12_I,AREA_99_I,FIRST_CONTACT_POINT,CMV_ID,USDOT_NO,CCMC_NO,ILCC_NO,COMMERCIAL_SRC,GVWR,CARRIER_NAME,CARRIER_STATE,CARRIER_CITY,HAZMAT_PLACARDS_I,HAZMAT_NAME,UN_NO,HAZMAT_PRESENT_I,HAZMAT_REPORT_I,HAZMAT_REPORT_NO,MCS_REPORT_I,MCS_REPORT_NO,HAZMAT_VIO_CAUSE_CRASH_I,MCS_VIO_CAUSE_CRASH_I,IDOT_PERMIT_NO,WIDE_LOAD_I,TRAILER1_WIDTH,TRAILER2_WIDTH,TRAILER1_LENGTH,TRAILER2_LENGTH,TOTAL_VEHICLE_LENGTH,AXLE_CNT,VEHICLE_CONFIG,CARGO_BODY_TYPE,LOAD_TYPE,HAZMAT_OUT_OF_SERVICE_I,MCS_OUT_OF_SERVICE_I,HAZMAT_CLASS
2120763,c57bef2fd840a725ad859a7053d0d10f1f42b9158801ef1e18b9ad17d67eb1f0131794dfaae7b7109db74c41d8071804a647bb4b9976e5fb4b3e5a958c809f58,08/03/2025 12:56:00 PM,3,DRIVER,4,2021731,,JEEP,CHEROKEE,IL,2019,NONE,PASSENGER,PERSONAL,N,SLOW/STOP IN TRAFFIC,,,5,,,,,,,,,Y,Y,Y,,,,,Y,,REAR,,,,,,,,,,,,,,,,,,,,,,,,,,,,,,,,,
2120764,c57bef2fd840a725ad859a7053d0d10f1f42b9158801ef1e18b9ad17d67eb1f0131794dfaae7b7109db74c41d8071804a647bb4b9976e5fb4b3e5a958c809f58,08/03/2025 12:56:00 PM,4,DRIVER,,2021733,,FORD,EDGE,IL,2015,NONE,PASSENGER,PERSONAL,N,SLOW/STOP IN TRAFFIC,,,1,,,,,,,,,Y,Y,Y,,,,,,,REAR,,,,,,,,,,,,,,,,,,,,,,,,,,,,,,,,,
2120749,daa419aca6fa6f25fc539c297f5046ea8519684e67523fffa991d08f2faf362c0e351f528a8f7d221677bf5b94c51b8db63c65f703b6954c1272662d67593c3d,08/03/2025 12:53:00 PM,1,DRIVER,1,2021711,,CHEVROLET,MALIBU,IL,2021,UNKNOWN,PASSENGER,PERSONAL,E,STRAIGHT AHEAD,,,2,,,,,Y,,,,,,,,,,Y,Y,,FRONT,,,,,,,,,,,,,,,,,,,,,,,,,,,,,,,,,
2120750,daa419aca6fa6f25fc539c297f5046ea8519684e67523fffa991d08f2faf362c0e351f528a8f7d221677bf5b94c51b8db63c65f703b6954c1272662d67593c3d,08/03/2025 12:53:00 PM,2,DRIVER,,2021721,,FORD,FUSION,IL,2018,UNKNOWN,PASSENGER,PERSONAL,E,STRAIGHT AHEAD,,,1,,,,,,,,,Y,Y,Y,,,,,,,REAR,,,,,,,,,,,,,,,,,,,,,,,,,,,,,,,,,
2120724,3b9724cf546ca8c0517c38db68a870ead53a387fccb47c485880df5d6c34c914337658d4e5f543c552ad5fa042e36c92291907e4d3607f4a75cbe4c5bd7f9601,08/03/2025 12:48:00 PM,1,DRIVER,,2021689,,YAMAHA,YAMAHA,XX,2005,UNKNOWN,UNKNOWN/NA,UNKNOWN/NA,N,STRAIGHT AHEAD,,,1,,,,,Y,,,,,,,,,,Y,Y,Y,FRONT,,,,,,,,,,,,,,,,,,,,,,,,,,,,,,,,,
2121171,31c53ea070bdcb08883bd922179bd118f07daa495e8cbcc8f90b230e30b62b30135d92136d25fdc2523a4db75142169b5f0c4da8dc6a8dedb18391fb9c85831b,08/03/2025 12:45:00 PM,1,DRIVER,,2022121,,LINCOLN,MKZ,IL,2018,NONE,PASSENGER,PERSONAL,W,STRAIGHT AHEAD,,,1,,,,,,,,,,,Y,,,,Y,,,OTHER,,,,,,,,,,,,,,,,,,,,,,,,,,,,,,,,,
2120740,4a0753f5d6328a8cb0d32ba1b7adb32ca1d25a4399d0675a5714e4f7a240ce9fcf98513eabdbf5472b94b43cdb3f334e7b06e7dda4f21a5c0969d4c69c417394,08/03/2025 12:45:00 PM,1,DRIVER,,2021699,,HONDA,CR-V,IL,2014,UNKNOWN,PASSENGER,UNKNOWN/NA,S,SKIDDING/CONTROL LOSS,,,1,,,,,,,,,,,,,Y,Y,,,,SIDE-LEFT,,,,,,,,,,,,,,,,,,,,,,,,,,,,,,,,,
2120741,4a0753f5d6328a8cb0d32ba1b7adb32ca1d25a4399d0675a5714e4f7a240ce9fcf98513eabdbf5472b94b43cdb3f334e7b06e7dda4f21a5c0969d4c69c417394,08/03/2025 12:45:00 PM,2,DRIVER,,2021706,,LEXUS,RX350,MT,2023,NONE,PASSENGER,PERSONAL,S,STRAIGHT AHEAD,,,1,,,,,Y,,,,,,,,,,,,,FRONT-RIGHT-CORNER,,,,,,,,,,,,,,,,,,,,,,,,,,,,,,,,,
2120725,5a78494c72fe69572cb1807fcbda13bd1f7738c6f7e61bfa6503deafc544879044709f5e129b47c175db75bd2f6f2f876cc489d56409be51594dd1a2b7a78c93,08/03/2025 12:44:00 PM,1,DRIVER,,2021686,,JEEP,GLADIATOR,IL,2024,NONE,PICKUP,PERSONAL,W,PASSING/OVERTAKING,,,1,,,,,,,,,,,Y,Y,,,,,Y,SIDE-LEFT-REAR,,,,,,,,,,,,,,,,,,,,,,,,,,,,,,,,,
2120726,5a78494c72fe69572cb1807fcbda13bd1f7738c6f7e61bfa6503deafc544879044709f5e129b47c175db75bd2f6f2f876cc489d56409be51594dd1a2b7a78c93,08/03/2025 12:44:00 PM,2,DRIVER,,2021691,,CHRYSLER,TOWN & COUNTRY,IL,2014,NONE,VAN/MINI-VAN,PERSONAL,W,STRAIGHT AHEAD,,,1,,,,,,,,Y,Y,,,,,,,,Y,SIDE-RIGHT-REAR,,,,,,,,,,,,,,,,,,,,,,,,,,,,,,,,,
2120767,5b02596f7dfffb7a12da9558649a98c68ef24be8ccb0cb853916a461fd04c4c3fbe043c542ce678e6ceb8b3431612d473cb6d5710bbbff2fcfe8948410f528a1,08/03/2025 12:37:00 PM,1,DRIVER,,2021722,,VOLKSWAGEN,JETTA,IL,2019,UNKNOWN,PASSENGER,PERSONAL,S,BACKING,,,1,,,,,,,,,,Y,,,,,,,,REAR,,,,,,,,,,,,,,,,,,,,,,,,,,,,,,,,,
2120768,5b02596f7dfffb7a12da9558649a98c68ef24be8ccb0cb853916a461fd04c4c3fbe043c542ce678e6ceb8b3431612d473cb6d5710bbbff2fcfe8948410f528a1,08/03/2025 12:37:00 PM,2,PARKED,,2021726,,CHEVROLET,SILVERADO,IL,2016,NONE,SPORT UTILITY VEHICLE (SUV),NOT IN USE,N,PARKED,,,0,,,,,,,,,,,,,,,,Y,,FRONT,,,,,,,,,,,,,,,,,,,,,,,,,,,,,,,,,
2120738,6886e9edcf63ae0a1be615a6f0c3f06962ea8998a2b6b070d86aca1b9186891af30b70e2b98616ffc5b7bad4c8cf2fac2c6a84cc3bfbbff70e93876558b24ae3,08/03/2025 12:35:00 PM,1,DRIVER,1,2021704,,HONDA,PILOT,IL,2009,UNKNOWN,SPORT UTILITY VEHICLE (SUV),PERSONAL,N,CHANGING LANES,,,2,,,,,,,Y,Y,Y,,,,,,,,,SIDE-RIGHT,,,,,,,,,,,,,,,,,,,,,,,,,,,,,,,,,
2120739,6886e9edcf63ae0a1be615a6f0c3f06962ea8998a2b6b070d86aca1b9186891af30b70e2b98616ffc5b7bad4c8cf2fac2c6a84cc3bfbbff70e93876558b24ae3,08/03/2025 12:35:00 PM,2,DRIVER,,2021716,,FORD,TRANSIT,IL,2018,UNKNOWN,VAN/MINI-VAN,OTHER,N,STRAIGHT AHEAD,,,1,,,,,N,,,,,,,,,Y,N,N,,SIDE-LEFT-FRONT,,,,,,,,,,,,,,,,,,,,,,,,,,,,,,,,,
2126916,2ed2faf29849d8f8f3ad4827b6878e23fc7431bdc4901cb60c4a187aac77ef763a45ee80ad66e8c86bac08ebffbdc34995c744559b6a8a5fdf4c5dc928bff107,08/03/2025 12:30:00 PM,1,DRIVER,,2027580,,TESLA,MODEL X,IL,,NONE,PASSENGER,PERSONAL,UNKNOWN,NEGOTIATING A CURVE,,,1,,,,,,Y,Y,Y,,,,,,,,,,SIDE-RIGHT,,,,,,,,,,,,,,,,,,,,,,,,,,,,,,,,,
2121055,c05a833fe02073ecde2a51ebaa0111c95972edace4877e6f119da3753869ed008f0a6641fb53caa2ff02abe9a6fa906dc7328d4ece02a6a9ab54a8e1fc59fee5,08/03/2025 12:30:00 PM,1,DRIVER,,2022005,,FORD,ECONOLINE 100,AZ,,UNKNOWN,TRUCK - SINGLE UNIT,OTHER,N,STRAIGHT AHEAD,,,1,,,,,,,,,,,,,,,Y,,N,FRONT-LEFT-CORNER,,,,,,,,,,,,,,,,,,,,,,,,,,,,,,,,,
2121056,c05a833fe02073ecde2a51ebaa0111c95972edace4877e6f119da3753869ed008f0a6641fb53caa2ff02abe9a6fa906dc7328d4ece02a6a9ab54a8e1fc59fee5,08/03/2025 12:30:00 PM,2,PARKED,,2022008,,ACURA,RL,IL,2009,NONE,PASSENGER,PERSONAL,N,PARKED,,,0,,,,,Y,Y,,,,,,,,,,,,SIDE-RIGHT,,,,,,,,,,,,,,,,,,,,,,,,,,,,,,,,,
2120765,c7cb6e02efd480f84748a0e67a7cfceda80b9ae36c3e2da99ba9a1aad82198e84b1c71f550bf7e95b8feab4e70a3bb4e9cca3935decd5d850ed1331df4491a39,08/03/2025 12:30:00 PM,1,DRIVER,,2021725,,TOYOTA,COROLLA,IL,2018,UNKNOWN,PASSENGER,PERSONAL,E,CHANGING LANES,,,1,,,,,,,,,,,,,,,Y,,,SIDE-LEFT-FRONT,,,,,,,,,,,,,,,,,,,,,,,,,,,,,,,,,
2120766,c7cb6e02efd480f84748a0e67a7cfceda80b9ae36c3e2da99ba9a1aad82198e84b1c71f550bf7e95b8feab4e70a3bb4e9cca3935decd5d850ed1331df4491a39,08/03/2025 12:30:00 PM,2,DRIVER,,2021734,,KIA,SORENTO,IL,2016,NONE,SPORT UTILITY VEHICLE (SUV),PERSONAL,E,STRAIGHT AHEAD,,,1,,,,,Y,,,,,,,,,,,,,FRONT-RIGHT-CORNER,,,,,,,,,,,,,,,,,,,,,,,,,,,,,,,,,
2122072,20c551ffb026a346a71a88c87e4c784ccbe374351bcbc630695d81c31811c28dafbcbee127298149576216b682c463ad7417c2ddefc52e3a5b0382c53aa198c0,08/03/2025 12:22:00 PM,1,DRIVER,,2022996,,CHEVROLET,IMPALA,IL,2014,UNKNOWN,PASSENGER,UNKNOWN/NA,N,STRAIGHT AHEAD,,,1,,,,,Y,,,,,,,,,,Y,Y,,FRONT,,,,,,,,,,,,,,,,,,,,,,,,,,,,,,,,,
2122073,20c551ffb026a346a71a88c87e4c784ccbe374351bcbc630695d81c31811c28dafbcbee127298149576216b682c463ad7417c2ddefc52e3a5b0382c53aa198c0,08/03/2025 12:22:00 PM,2,DRIVER,1,2023003,,JEEP,COMPASS,IL,2020,UNKNOWN,PASSENGER,PERSONAL,N,STRAIGHT AHEAD,,,2,,,,,,,,,Y,Y,Y,,,,,,Y,REAR,,,,,,,,,,,,,,,,,,,,,,,,,,,,,,,,,
2120810,03cda6e32cbc208e249ff63f21b4acd0439f29093bacefe3439f29d9616b5c776d97356c220ba60235333fe344fec83ad5f91df8aa58dda0b525b729689d923b,08/03/2025 12:13:00 PM,1,DRIVER,,2021782,,BUICK,ENCLAVE,IL,2013,UNKNOWN,SPORT UTILITY VEHICLE (SUV),PERSONAL,UNKNOWN,BACKING,,,1,,,,,,,,,,Y,,,,,,,,REAR,,,,,,,,,,,,,,,,,,,,,,,,,,,,,,,,,
2120811,03cda6e32cbc208e249ff63f21b4acd0439f29093bacefe3439f29d9616b5c776d97356c220ba60235333fe344fec83ad5f91df8aa58dda0b525b729689d923b,08/03/2025 12:13:00 PM,2,DRIVER,,2021787,,PORSCHE,944,IL,1990,UNKNOWN,PASSENGER,PERSONAL,UNKNOWN,STRAIGHT AHEAD,,,1,,,,,Y,,,,,,,,,,Y,Y,,FRONT,,,,,,,,,,,,,,,,,,,,,,,,,,,,,,,,,
2120717,76aa70fc700e02f57b074a5c080907b5b31156d5072e4f0bac85835dfbd6cce787739eeea902ef66ff636f423adf3e5a81e5af65efcabf421dc7f1eda79f0213,08/03/2025 12:05:00 PM,1,DRIVER,2,2021679,,FORD,FOCUS,IL,2014,UNKNOWN,PASSENGER,PERSONAL,N,BACKING,,,3,,,,,,,,,,,,,,,,,Y,REAR-RIGHT-CORNER,,,,,,,,,,,,,,,,,,,,,,,,,,,,,,,,,
2120718,76aa70fc700e02f57b074a5c080907b5b31156d5072e4f0bac85835dfbd6cce787739eeea902ef66ff636f423adf3e5a81e5af65efcabf421dc7f1eda79f0213,08/03/2025 12:05:00 PM,2,PARKED,2,2021681,,TOYOTA,CAMRY,IL,2018,UNKNOWN,PASSENGER,PERSONAL,N,PARKED,,,2,,,,,,,,,,,,,,,N,N,Y,FRONT-LEFT-CORNER,,,,,,,,,,,,,,,,,,,,,,,,,,,,,,,,,
2120703,5fe833ed97572bf711b595723685db9dca87cc76c3f762b1d783490a46efed2675d8242da2b30aa206d872fb81680412e6441f8c2c3b00381a1a671d595d6e8b,08/03/2025 12:02:00 PM,1,DRIVER,,2021670,,JEEP,WRANGLER,IL,2017,UNKNOWN,SPORT UTILITY VEHICLE (SUV),PERSONAL,E,STRAIGHT AHEAD,,,1,,,,,,,,,,,,,,,,Y,,FRONT,,,,,,,,,,,,,,,,,,,,,,,,,,,,,,,,,
2120704,5fe833ed97572bf711b595723685db9dca87cc76c3f762b1d783490a46efed2675d8242da2b30aa206d872fb81680412e6441f8c2c3b00381a1a671d595d6e8b,08/03/2025 12:02:00 PM,2,DRIVER,1,2021675,,GENESIS,G80,IL,2021,UNKNOWN,PASSENGER,PERSONAL,E,SLOW/STOP IN TRAFFIC,,,2,,,,,,,,,,Y,,,,,,,,REAR,,,,,,,,,,,,,,,,,,,,,,,,,,,,,,,,,
2121129,92a5641c048d208e4b3b2a1d75bf9e52a8d7ac836c0e1f0a12e5c534bcb89355b26e618e8434576a239e4cfd4a71bf679ba2c8424618ce11ee475e8c99923958,08/03/2025 11:50:00 AM,1,DRIVER,,2022078,,CHEVROLET,CORVETTE,TN,,UNKNOWN,PASSENGER,UNKNOWN/NA,S,SKIDDING/CONTROL LOSS,,,1,,,,,Y,Y,,,,,,,,Y,Y,Y,,FRONT-RIGHT-CORNER,,,,,,,,,,,,,,,,,,,,,,,,,,,,,,,,,
2121130,92a5641c048d208e4b3b2a1d75bf9e52a8d7ac836c0e1f0a12e5c534bcb89355b26e618e8434576a239e4cfd4a71bf679ba2c8424618ce11ee475e8c99923958,08/03/2025 11:50:00 AM,2,PARKED,,2022080,,TOYOTA,CAMRY,IL,2013,NONE,PASSENGER,PERSONAL,S,PARKED,Y,,0,,SELF TOW,UNK,,Y,,,,Y,Y,Y,,N,Y,Y,Y,,REAR-LEFT-CORNER,,,,,,,,,,,,,,,,,,,,,,,,,,,,,,,,,
2121131,92a5641c048d208e4b3b2a1d75bf9e52a8d7ac836c0e1f0a12e5c534bcb89355b26e618e8434576a239e4cfd4a71bf679ba2c8424618ce11ee475e8c99923958,08/03/2025 11:50:00 AM,3,PARKED,,2022082,,KIA,SPORTAGE,IL,2017,NONE,SPORT UTILITY VEHICLE (SUV),PERSONAL,S,PARKED,,,0,,,,,Y,,,Y,Y,,,,,,Y,Y,,REAR-RIGHT-CORNER,,,,,,,,,,,,,,,,,,,,,,,,,,,,,,,,,
2120698,35a49527ab7205621d1c6c06716cf81ab77ee4e52cfcafe0d58e0bc2a29e76bab9e7134d6de9e5dabcc0aea1d679e25aff24b0b6feff123131392edab92eaf25,08/03/2025 11:45:00 AM,1,DRIVER,,2021663,,NISSAN,SENTRA,IL,2021,NONE,PASSENGER,PERSONAL,S,STRAIGHT AHEAD,Y,,1,,PRIVATE,,,Y,,,,,,,,,,Y,Y,,FRONT,,,,,,,,,,,,,,,,,,,,,,,,,,,,,,,,,
2120699,35a49527ab7205621d1c6c06716cf81ab77ee4e52cfcafe0d58e0bc2a29e76bab9e7134d6de9e5dabcc0aea1d679e25aff24b0b6feff123131392edab92eaf25,08/03/2025 11:45:00 AM,2,DRIVER,,2021666,,GENERAL MOTORS CORPORATION (GMC),SIERRA,GA,2022,NONE,PICKUP,PERSONAL,W,STRAIGHT AHEAD,,,1,,,,,Y,Y,Y,,,,,,,,,,,SIDE-RIGHT,,,,,,,,,,,,,,,,,,,,,,,,,,,,,,,,,
2120779,7e6409bd83f4972b8bbd2e9befc8dd59ccb5281c7f1369d6b8ad7c556b8cdb94e0e5e5f6fb81f0564dc6619ee168914ca3be56d2e147aff37fcbc40eef2e05a9,08/03/2025 11:45:00 AM,1,DRIVER,,2021739,,CADILLAC,ESCALADE,IL,2010,UNKNOWN,SPORT UTILITY VEHICLE (SUV),PERSONAL,N,STRAIGHT AHEAD,,,1,,,,,,,,,,,,,,,,Y,,FRONT,,,,,,,,,,,,,,,,,,,,,,,,,,,,,,,,,
2120780,7e6409bd83f4972b8bbd2e9befc8dd59ccb5281c7f1369d6b8ad7c556b8cdb94e0e5e5f6fb81f0564dc6619ee168914ca3be56d2e147aff37fcbc40eef2e05a9,08/03/2025 11:45:00 AM,2,DRIVER,1,2021745,,GENERAL MOTORS CORPORATION (GMC),TERRAIN,IL,2017,NONE,SPORT UTILITY VEHICLE (SUV),PERSONAL,N,SLOW/STOP IN TRAFFIC,,,2,,,,,,,,,,,,,,,,,,REAR,,,,,,,,,,,,,,,,,,,,,,,,,,,,,,,,,
2120713,4c7a7644a140ccfcd63c74d5faca9cca958af1955084b90404cd2743e2bcd60ec0265b65b04fd970796d14b00fb3a931a582c29f2001414a8d0aacb791048305,08/03/2025 11:40:00 AM,1,DRIVER,2,2021682,,TOYOTA,SIENNA,IL,2013,NONE,VAN/MINI-VAN,PERSONAL,S,BACKING,,,3,,,,,,,,,,Y,,,,,,,,REAR,,,,,,,,,,,,,,,,,,,,,,,,,,,,,,,,,
2120714,4c7a7644a140ccfcd63c74d5faca9cca958af1955084b90404cd2743e2bcd60ec0265b65b04fd970796d14b00fb3a931a582c29f2001414a8d0aacb791048305,08/03/2025 11:40:00 AM,2,DRIVERLESS,2,2021684,,NISSAN,ALTIMA,IL,2003,NONE,PASSENGER,PERSONAL,S,PARKED,,,2,,,,,,,,,,Y,Y,,,,,,,REAR,,,,,,,,,,,,,,,,,,,,,,,,,,,,,,,,,
2120711,8c7d305b9b394a2db1ddf719842d73d9e52b6263ed20320ecb13b5c149d9e74fb0af9a963765c997fd732c9729d302e470cf551e20d5a74b44b2fe276ae20823,08/03/2025 11:38:00 AM,1,DRIVER,,2021673,,CHEVROLET,EQUINOX,IL,2015,NONE,PASSENGER,PERSONAL,N,STRAIGHT AHEAD,Y,,1,,private tow,private,,Y,,,,,,,,,,N,Y,,FRONT-RIGHT-CORNER,,,,,,,,,,,,,,,,,,,,,,,,,,,,,,,,,
2120712,8c7d305b9b394a2db1ddf719842d73d9e52b6263ed20320ecb13b5c149d9e74fb0af9a963765c997fd732c9729d302e470cf551e20d5a74b44b2fe276ae20823,08/03/2025 11:38:00 AM,2,DRIVER,,2021676,,BUICK,ENCORE,IL,2015,NONE,PASSENGER,PERSONAL,W,STRAIGHT AHEAD,Y,,1,,private tow,private,,,,,,,,,Y,Y,Y,Y,,,SIDE-LEFT,,,,,,,,,,,,,,,,,,,,,,,,,,,,,,,,,
2120709,fb62539cfda9866232a27f1c8dc02add5bbf61fbf0d0523e341b412acb140eb3b066761aef8629f2d84ae4e1754dc88b0d03f44062ea8e4b5eab7d82e2c0aed1,08/03/2025 11:38:00 AM,1,BICYCLE,,,,,,,,,,,,,,,,,,,,,,,,,,,,,,,,,,,,,,,,,,,,,,,,,,,,,,,,,,,,,,,,,,
2120710,fb62539cfda9866232a27f1c8dc02add5bbf61fbf0d0523e341b412acb140eb3b066761aef8629f2d84ae4e1754dc88b0d03f44062ea8e4b5eab7d82e2c0aed1,08/03/2025 11:38:00 AM,2,DRIVER,,2021674,,TESLA,MODEL Y,IL,2023,NONE,PASSENGER,NOT IN USE,NW,TURNING RIGHT,,,1,,,,,Y,,,,,,,,,,,,,FRONT-RIGHT-CORNER,,,,,,,,,,,,,,,,,,,,,,,,,,,,,,,,,
2120705,8fa3055efea5588e22e1557cdd30db95b2e1242e210f815d0d2617a0d0636845d5e8c108d01af91120f64774d7b08252ac2c3bddb2cb0f25e18ecb2ef4e9b0b6,08/03/2025 11:33:00 AM,1,DRIVER,,2022097,,CHEVROLET,TRAVERSE,IL,,UNKNOWN,PASSENGER,PERSONAL,E,STRAIGHT AHEAD,,,1,,,,,,,,,,,,,,,,,,FRONT,,,,,,,,,,,,,,,,,,,,,,,,,,,,,,,,,
2120706,8fa3055efea5588e22e1557cdd30db95b2e1242e210f815d0d2617a0d0636845d5e8c108d01af91120f64774d7b08252ac2c3bddb2cb0f25e18ecb2ef4e9b0b6,08/03/2025 11:33:00 AM,2,DRIVER,,2022105,,KIA,TELLURIDE,MS,,NONE,PASSENGER,OTHER,E,OTHER,,,1,,,,,,,,,,,,,,,,,,REAR,,,,,,,,,,,,,,,,,,,,,,,,,,,,,,,,,
2120753,1bd08debb81345843a12ab1287514caa7a0d3c59787fa52a6bf0780dd3f4d88ea17d0a038304fb948fc322512bed453cfaf2c2909e4b1325eb2aa54ccf1d4129,08/03/2025 11:30:00 AM,1,DRIVER,,2021718,,CHEVROLET,OTHER (EXPLAIN IN NARRATIVE),TN,2003,NONE,OTHER,UNKNOWN/NA,E,STRAIGHT AHEAD,,,1,,,,,,,,,,,,,,,,Y,,FRONT,,,,,,,,,,,,,,,,,,,,,,,,,,,,,,,,,
2120754,1bd08debb81345843a12ab1287514caa7a0d3c59787fa52a6bf0780dd3f4d88ea17d0a038304fb948fc322512bed453cfaf2c2909e4b1325eb2aa54ccf1d4129,08/03/2025 11:30:00 AM,2,DRIVER,,2021709,,HONDA,HR-V,IL,2024,NONE,SPORT UTILITY VEHICLE (SUV),PERSONAL,E,SLOW/STOP IN TRAFFIC,,,1,,,,,,,,,,Y,,,,,,,,REAR,,,,,,,,,,,,,,,,,,,,,,,,,,,,,,,,,
2120692,5a4ef98300dee8ad8b14d735a56111d6a4fa44563cc10baf4296e30b76981bf18d486f8391144fd0edfd888e2eaecf85338a118b13b87c527f4059b8ccdb6e0d,08/03/2025 11:30:00 AM,1,DRIVER,,2021659,,BUICK,ENVISION,IL,2025,UNKNOWN,PASSENGER,PERSONAL,E,STRAIGHT AHEAD,,,1,,,,,,,,,,,,Y,Y,Y,Y,,Y,SIDE-LEFT,,,,,,,,,,,,,,,,,,,,,,,,,,,,,,,,,
2120693,5a4ef98300dee8ad8b14d735a56111d6a4fa44563cc10baf4296e30b76981bf18d486f8391144fd0edfd888e2eaecf85338a118b13b87c527f4059b8ccdb6e0d,08/03/2025 11:30:00 AM,2,DRIVER,,2021660,,CADILLAC,STS,IL,,UNKNOWN,PASSENGER,PERSONAL,W,STRAIGHT AHEAD,,,1,,,,,,,,,,,Y,Y,,,,,Y,SIDE-LEFT,,,,,,,,,,,,,,,,,,,,,,,,,,,,,,,,,
2120671,160d83e637077e3ba2fa976499a6052eee86e1b18b89cad0979de4453ad5d5a16dceec176c133d7bd303416d871994e39e04a0b45ffd1e2df7f8cca69afbf502,08/03/2025 11:28:00 AM,1,DRIVER,,2021630,,UNKNOWN,OTHER (EXPLAIN IN NARRATIVE),,,UNKNOWN,VAN/MINI-VAN,UNKNOWN/NA,S,STRAIGHT AHEAD,,,1,,,,,,,,,,,,,,,,,Y,UNKNOWN,,,,,,,,,,,,,,,,,,,,,,,,,,,,,,,,,
2120672,160d83e637077e3ba2fa976499a6052eee86e1b18b89cad0979de4453ad5d5a16dceec176c133d7bd303416d871994e39e04a0b45ffd1e2df7f8cca69afbf502,08/03/2025 11:28:00 AM,2,PARKED,,2021635,,FORD,OTHER (EXPLAIN IN NARRATIVE),IL,2020,NONE,VAN/MINI-VAN,OTHER,S,PARKED,,,0,,,,,,,,,,,,,,Y,,,,SIDE-LEFT,,,,,,,,,,,,,,,,,,,,,,,,,,,,,,,,,
2120688,1ae5523cd9adfd6a9a2e04b7121223ad9390097c80b374b30ab7efd383b074c0db39fe57396426a4fc07b71906fddfb61e03359315e8f03cd6a0624a4a19bc99,08/03/2025 11:19:00 AM,1,DRIVER,,2021667,,BMW,OTHER (EXPLAIN IN NARRATIVE),IN,2020,UNKNOWN,PASSENGER,UNKNOWN/NA,W,STRAIGHT AHEAD,,,1,,,,,,,,,,,,,,,,,Y,UNKNOWN,,,,,,,,,,,,,,,,,,,,,,,,,,,,,,,,,
2120689,1ae5523cd9adfd6a9a2e04b7121223ad9390097c80b374b30ab7efd383b074c0db39fe57396426a4fc07b71906fddfb61e03359315e8f03cd6a0624a4a19bc99,08/03/2025 11:19:00 AM,2,DRIVER,,2021662,,FORD,OTHER (EXPLAIN IN NARRATIVE),IL,2020,UNKNOWN,BUS UP TO 15 PASS.,OTHER,W,SLOW/STOP IN TRAFFIC,,,1,,,,,,,,,Y,Y,Y,,,,,,,REAR,,,,,,,,,,,,,,,,,,,,,,,,,,,,,,,,,
2120720,06fc1b45088b9457f5852a1324ce98a28d9d0d63fa7a55d5335647ffbd6ef5de84426ddd6a30cf0eb76ea61d94900b3fdaef6150facc68743dc28301beb1a25a,08/03/2025 11:15:00 AM,1,DRIVER,2,2022091,,FORD,TAURUS,IL,2018,UNKNOWN,PASSENGER,PERSONAL,S,STRAIGHT AHEAD,Y,,3,,personal tow,,,Y,,,,,,,,,,Y,Y,,FRONT,,,,,,,,,,,,,,,,,,,,,,,,,,,,,,,,,
2120721,06fc1b45088b9457f5852a1324ce98a28d9d0d63fa7a55d5335647ffbd6ef5de84426ddd6a30cf0eb76ea61d94900b3fdaef6150facc68743dc28301beb1a25a,08/03/2025 11:15:00 AM,2,DRIVER,,2022093,,JEEP,GRAND CHEROKEE,IL,2021,NONE,PASSENGER,PERSONAL,W,STRAIGHT AHEAD,,,1,,,,,,,,,Y,,,,,,,,,SIDE-RIGHT-REAR,,,,,,,,,,,,,,,,,,,,,,,,,,,,,,,,,
2120658,621c46c4de4f7e5a2210076742254352f1d720041c26cd345252d999242d2b6b00f5518061a516612d9fa7b6d7cc6b076d5d28f8bdbc8a1bd9fa7d34726c07ae,08/03/2025 11:15:00 AM,1,DRIVER,,2021623,,NISSAN,KICKS,IL,2023,UNKNOWN,SPORT UTILITY VEHICLE (SUV),PERSONAL,NW,TURNING LEFT,,,1,,,,,Y,,,,,,,,,,Y,Y,,FRONT,,,,,,,,,,,,,,,,,,,,,,,,,,,,,,,,,
2120659,621c46c4de4f7e5a2210076742254352f1d720041c26cd345252d999242d2b6b00f5518061a516612d9fa7b6d7cc6b076d5d28f8bdbc8a1bd9fa7d34726c07ae,08/03/2025 11:15:00 AM,2,DRIVER,,2021625,,BUICK,OTHER (EXPLAIN IN NARRATIVE),IL,2025,UNKNOWN,SPORT UTILITY VEHICLE (SUV),PERSONAL,SW,STRAIGHT AHEAD,,,1,,,,,,,,,,,Y,Y,,,,,,REAR-LEFT-CORNER,,,,,,,,,,,,,,,,,,,,,,,,,,,,,,,,,