CRASH_UNIT_ID,CRASH_RECORD_ID,CRASH_DATE,UNIT_NO,UNIT_TYPE,NUM_PASSENGERS,VEHICLE_ID,CMRC_VEH_I,MAKE,MODEL,LIC_PLATE_STATE,VEHICLE_YEAR,VEHICLE_DEFECT,VEHICLE_TYPE,VEHICLE_USE,TRAVEL_DIRECTION,MANEUVER,TOWED_I,FIRE_I,OCCUPANT_CNT,EXCEED_SPEED_LIMIT_I,TOWED_BY,TOWED_TO,AREA_00_I,AREA_01_I,AREA_02_I,AREA_03_I,AREA_04_I,AREA_05_I,AREA_06_I,AREA_07_I,AREA_08_I,AREA_09_I,AREA_10_I,AREA_11_I,AREA_12_I,AREA_99_I,FIRST_CONTACT_POINT,CMV_ID,USDOT_NO,CCMC_NO,ILCC_NO,COMMERCIAL_SRC,GVWR,CARRIER_NAME,CARRIER_STATE,CARRIER_CITY,HAZMAT_PLACARDS_I,HAZMAT_NAME,UN_NO,HAZMAT_PRESENT_I,HAZMAT_REPORT_I,HAZMAT_REPORT_NO,MCS_REPORT_I,MCS_REPORT_NO,HAZMAT_VIO_CAUSE_CRASH_I,MCS_VIO_CAUSE_CRASH_I,IDOT_PERMIT_NO,WIDE_LOAD_I,TRAILER1_WIDTH,TRAILER2_WIDTH,TRAILER1_LENGTH,TRAILER2_LENGTH,TOTAL_VEHICLE_LENGTH,AXLE_CNT,VEHICLE_CONFIG,CARGO_BODY_TYPE,LOAD_TYPE,HAZMAT_OUT_OF_SERVICE_I,MCS_OUT_OF_SERVICE_I,HAZMAT_CLASS
2121132,ca47675541a01d178fab6e0974b1f8b924d6eeb9b124091e0be5ce03330f8f311b89546f13aca420247e3ce969825839830254b86884012555598302a77c1e99,08/03/2025 11:15:00 AM,1,DRIVER,,2022079,,UNKNOWN,ENCLOSED BODY,,,NONE,PASSENGER,PERSONAL,W,STRAIGHT AHEAD,,,1,,,,,,,,,,,,,,,,,Y,FRONT-LEFT-CORNER,,,,,,,,,,,,,,,,,,,,,,,,,,,,,,,,,
2121133,ca47675541a01d178fab6e0974b1f8b924d6eeb9b124091e0be5ce03330f8f311b89546f13aca420247e3ce969825839830254b86884012555598302a77c1e99,08/03/2025 11:15:00 AM,2,DRIVER,,2022081,,NISSAN,SENTRA,,,NONE,PASSENGER,PERSONAL,N,STRAIGHT AHEAD,,,1,,,,,Y,,,,,,,,,,,Y,,FRONT,,,,,,,,,,,,,,,,,,,,,,,,,,,,,,,,,
2121134,dd73a0d6fb18609920cfdedaef02e94d131004aefaeacc7a25a7296219e78dd21cb0068236ddac710a02a2db4be69476fc69021b2913392f3ff6936c04a5dede,08/03/2025 11:15:00 AM,1,DRIVER,,2022083,,UNKNOWN,ENCLOSED BODY,IL,,UNKNOWN,PASSENGER,PERSONAL,E,STRAIGHT AHEAD,,,1,,,,,,,,,,,,,,,,,Y,UNKNOWN,,,,,,,,,,,,,,,,,,,,,,,,,,,,,,,,,
2121135,dd73a0d6fb18609920cfdedaef02e94d131004aefaeacc7a25a7296219e78dd21cb0068236ddac710a02a2db4be69476fc69021b2913392f3ff6936c04a5dede,08/03/2025 11:15:00 AM,2,DRIVER,,2022084,,UNKNOWN,ENCLOSED BODY,IL,,NONE,PASSENGER,PERSONAL,S,STRAIGHT AHEAD,,,1,,,,,Y,,,,,,,,,,Y,Y,,FRONT,,,,,,,,,,,,,,,,,,,,,,,,,,,,,,,,,
2120701,7af3a1f1a3a5dfb640ac708f6031bbab1ed030a32e5521ae00cbb0ff3dfdda5ad7abfbb56a5ce381bc38cbd374e421191b5d908fb238d2d35d1fa17dac2d0841,08/03/2025 11:02:00 AM,1,DRIVER,,2021677,,NISSAN,KICKS,IL,2022,UNKNOWN,PASSENGER,PERSONAL,N,STRAIGHT AHEAD,,,1,,,,,,,,,,,,,,,,Y,,FRONT,,,,,,,,,,,,,,,,,,,,,,,,,,,,,,,,,
2120702,7af3a1f1a3a5dfb640ac708f6031bbab1ed030a32e5521ae00cbb0ff3dfdda5ad7abfbb56a5ce381bc38cbd374e421191b5d908fb238d2d35d1fa17dac2d0841,08/03/2025 11:02:00 AM,2,DRIVER,,2021672,,ACURA,ADX,IL,2022,UNKNOWN,PASSENGER,PERSONAL,W,STRAIGHT AHEAD,,,1,,,,,,,,,,,,,Y,Y,Y,,,FRONT-LEFT-CORNER,,,,,,,,,,,,,,,,,,,,,,,,,,,,,,,,,
2120667,98ae982b1d34d3baa60a2f1819c07d95298ad5b52762d444c0ea07021cfeced09564667744cdc2ed362bc33f7426be9c22ad72a8dcb7a7a939652f51264dc583,08/03/2025 11:00:00 AM,1,DRIVER,,2021634,,CHEVROLET,EQUINOX,MI,2022,NONE,PASSENGER,OTHER,UNKNOWN,BACKING,,,1,,,,,,,,,,Y,Y,,,,,,,REAR-LEFT-CORNER,,,,,,,,,,,,,,,,,,,,,,,,,,,,,,,,,
2120668,98ae982b1d34d3baa60a2f1819c07d95298ad5b52762d444c0ea07021cfeced09564667744cdc2ed362bc33f7426be9c22ad72a8dcb7a7a939652f51264dc583,08/03/2025 11:00:00 AM,2,PARKED,,2021641,,HYUNDAI,ELANTRA,IL,2020,NONE,PASSENGER,NOT IN USE,UNKNOWN,PARKED,,,0,,,,,,,,,,Y,Y,Y,,,,,,REAR-LEFT-CORNER,,,,,,,,,,,,,,,,,,,,,,,,,,,,,,,,,
2120785,b4715a6b31dfa305c692f200d613f773b2d53b3eeacd4eacfe9d0ad753cc3089866c0b4ae929407db95314656bb778943ae3845266a9e0ee77c115e53ae5588e,08/03/2025 11:00:00 AM,1,DRIVER,,2021744,,HYUNDAI,PALISADE,IL,2023,NONE,SPORT UTILITY VEHICLE (SUV),PERSONAL,NE,TURNING RIGHT,,,1,,,,,,N,N,,,,,,,,,,Y,SIDE-RIGHT,,,,,,,,,,,,,,,,,,,,,,,,,,,,,,,,,
2120786,b4715a6b31dfa305c692f200d613f773b2d53b3eeacd4eacfe9d0ad753cc3089866c0b4ae929407db95314656bb778943ae3845266a9e0ee77c115e53ae5588e,08/03/2025 11:00:00 AM,2,DRIVER,,2021748,,TOYOTA,RAV4,IL,2024,NONE,SPORT UTILITY VEHICLE (SUV),PERSONAL,N,STRAIGHT AHEAD,,,1,,,,,,,,,,,,,,,Y,,,FRONT-LEFT-CORNER,,,,,,,,,,,,,,,,,,,,,,,,,,,,,,,,,
2120665,30e1a1f89f4cd1b57d46e08b68338670dd3e7d63846d76f08f39f8943979e47985cd84d072ae7aa6782716b41632c3aa7c54e43fa2d55d68c840690168d42e4a,08/03/2025 10:54:00 AM,1,DRIVER,1,2021633,,CHEVROLET,TRAIL BLAZER,IL,2008,NONE,PASSENGER,PERSONAL,S,TURNING RIGHT,,,2,,,,,,,,,Y,,,,,,,,,REAR-RIGHT-CORNER,,,,,,,,,,,,,,,,,,,,,,,,,,,,,,,,,
2120666,30e1a1f89f4cd1b57d46e08b68338670dd3e7d63846d76f08f39f8943979e47985cd84d072ae7aa6782716b41632c3aa7c54e43fa2d55d68c840690168d42e4a,08/03/2025 10:54:00 AM,2,DRIVER,,2021647,,CHEVROLET,TAHOE,IL,2004,NONE,PASSENGER,PERSONAL,S,STRAIGHT AHEAD,Y,,1,,private,,,Y,Y,,,,,,,,,,Y,,FRONT-RIGHT-CORNER,,,,,,,,,,,,,,,,,,,,,,,,,,,,,,,,,
2120673,d49e086b6307def31794a4daf899738c1c0b39c44215d703b8cf3160c3910b4d3edb4e0bedc5f53365fbf3426e2b775857bc7cd756e38ae98005f0a70f478ba2,08/03/2025 10:50:00 AM,1,DRIVER,,2021632,,UNKNOWN,OTHER (EXPLAIN IN NARRATIVE),,,UNKNOWN,UNKNOWN/NA,UNKNOWN/NA,W,UNKNOWN/NA,,,1,,,,,,,,,,,,,,,,,Y,UNKNOWN,,,,,,,,,,,,,,,,,,,,,,,,,,,,,,,,,
2120674,d49e086b6307def31794a4daf899738c1c0b39c44215d703b8cf3160c3910b4d3edb4e0bedc5f53365fbf3426e2b775857bc7cd756e38ae98005f0a70f478ba2,08/03/2025 10:50:00 AM,2,PARKED,,2021636,,HONDA,ACCORD,IL,2014,NONE,PASSENGER,PERSONAL,W,PARKED,,,0,,,,,,,,,,,,,,Y,,,,SIDE-LEFT,,,,,,,,,,,,,,,,,,,,,,,,,,,,,,,,,
2120694,e86ea7fd74746aed38d63852a0264475bc848d621ed57562f4090bc6a7b520ee198bcc753697de46476c8d4631f73ea550ae65c3c9366f364a866c512dd356cd,08/03/2025 10:45:00 AM,1,DRIVER,1,2021655,,TOYOTA,CAMRY,IL,,UNKNOWN,PASSENGER,PERSONAL,N,STRAIGHT AHEAD,,,2,,,,,Y,,,,,,,,,,,Y,,FRONT,,,,,,,,,,,,,,,,,,,,,,,,,,,,,,,,,
2120695,e86ea7fd74746aed38d63852a0264475bc848d621ed57562f4090bc6a7b520ee198bcc753697de46476c8d4631f73ea550ae65c3c9366f364a866c512dd356cd,08/03/2025 10:45:00 AM,2,DRIVER,,2021656,,HYUNDAI,PALISADE,IL,,UNKNOWN,PASSENGER,PERSONAL,N,STRAIGHT AHEAD,,,1,,,,,,,,,Y,Y,Y,,,,,,,REAR,,,,,,,,,,,,,,,,,,,,,,,,,,,,,,,,,
2120707,9e2e56bf97eb24c41a8fb070d52e4601fa74bf1d3486309dce8626aecc181671e85ecc2f05e3acd2be54ab2b17589a182c35238401633f855fecfe744a11a0c4,08/03/2025 10:40:00 AM,1,DRIVER,,2021668,,AUDI,Q7,IL,2018,NONE,PASSENGER,PERSONAL,UNKNOWN,UNKNOWN/NA,,,1,,,,,,,,,,,,,,,,,Y,UNKNOWN,,,,,,,,,,,,,,,,,,,,,,,,,,,,,,,,,
2120708,9e2e56bf97eb24c41a8fb070d52e4601fa74bf1d3486309dce8626aecc181671e85ecc2f05e3acd2be54ab2b17589a182c35238401633f855fecfe744a11a0c4,08/03/2025 10:40:00 AM,2,PARKED,,2021669,,TOYOTA,TACOMA,IL,2026,NONE,PICKUP,PERSONAL,UNKNOWN,PARKED,,,0,,,,,,,,,,Y,Y,,,,,,,REAR,,,,,,,,,,,,,,,,,,,,,,,,,,,,,,,,,
2121446,11b859d1e414f02ac7235bc5061772e45997e9fa9ec7be1cc812318d5626632beea47d3a3ad10325bf1733ef99e0c4bf1bdd59cd61b65d62692b584c2b7f4fc3,08/03/2025 10:30:00 AM,1,DRIVER,,2022402,,KIA,OPTIMA / K5,IN,,UNKNOWN,PASSENGER,PERSONAL,E,STRAIGHT AHEAD,,,1,,,,,Y,Y,,,,,,,,,,,,FRONT-RIGHT-CORNER,,,,,,,,,,,,,,,,,,,,,,,,,,,,,,,,,
2121447,11b859d1e414f02ac7235bc5061772e45997e9fa9ec7be1cc812318d5626632beea47d3a3ad10325bf1733ef99e0c4bf1bdd59cd61b65d62692b584c2b7f4fc3,08/03/2025 10:30:00 AM,2,DRIVER,,2022385,,BMW,OTHER (EXPLAIN IN NARRATIVE),IL,2024,NONE,PASSENGER,PERSONAL,E,STRAIGHT AHEAD,,,1,,,,,,,,,,,Y,Y,,,,,,SIDE-LEFT-REAR,,,,,,,,,,,,,,,,,,,,,,,,,,,,,,,,,
2121240,a9507f8503a96ca0da88da2f9f90a532226aa277d53a46cf24566362242e26f8b152a86d078ad48a5472e56f925ce06080d6a10b28037530ebbb316207f03f28,08/03/2025 10:30:00 AM,1,DRIVER,,2022187,,UNKNOWN,OTHER (EXPLAIN IN NARRATIVE),,,UNKNOWN,UNKNOWN/NA,UNKNOWN/NA,N,UNKNOWN/NA,,,1,,,,,,,,,,,,,,,,Y,,FRONT,,,,,,,,,,,,,,,,,,,,,,,,,,,,,,,,,
2121241,a9507f8503a96ca0da88da2f9f90a532226aa277d53a46cf24566362242e26f8b152a86d078ad48a5472e56f925ce06080d6a10b28037530ebbb316207f03f28,08/03/2025 10:30:00 AM,2,DRIVER,,2022190,,UNKNOWN,OTHER (EXPLAIN IN NARRATIVE),,,UNKNOWN,UNKNOWN/NA,UNKNOWN/NA,N,UNKNOWN/NA,,,1,,,,,,,,,,Y,,,,,,Y,,REAR,,,,,,,,,,,,,,,,,,,,,,,,,,,,,,,,,
2121242,a9507f8503a96ca0da88da2f9f90a532226aa277d53a46cf24566362242e26f8b152a86d078ad48a5472e56f925ce06080d6a10b28037530ebbb316207f03f28,08/03/2025 10:30:00 AM,3,DRIVER,,2022194,,TOYOTA,RAV4,IL,2013,NONE,SPORT UTILITY VEHICLE (SUV),PERSONAL,N,SLOW/STOP IN TRAFFIC,,,1,,,,,,,,,,Y,,,,,,Y,,REAR,,,,,,,,,,,,,,,,,,,,,,,,,,,,,,,,,
2121259,a9507f8503a96ca0da88da2f9f90a532226aa277d53a46cf24566362242e26f8b152a86d078ad48a5472e56f925ce06080d6a10b28037530ebbb316207f03f28,08/03/2025 10:30:00 AM,4,DRIVER,,2022198,,PORSCHE,OTHER (EXPLAIN IN NARRATIVE),,,UNKNOWN,UNKNOWN/NA,UNKNOWN/NA,N,SLOW/STOP IN TRAFFIC,,,1,,,,,,,,,,Y,,,,,,,,REAR,,,,,,,,,,,,,,,,,,,,,,,,,,,,,,,,,
2120625,c3323e9742b1507cffb3d159905e9105665ec9abd5d6e142db6d4eabc4f36c11c4f2d8a28138635dd945635575cd3612620d41c16ac2a43a1d05d6a796c9a2b9,08/03/2025 10:30:00 AM,1,DRIVER,,2021591,,TOYOTA,HIGHLANDER,IL,2006,NONE,PASSENGER,PERSONAL,E,STRAIGHT AHEAD,,,1,,,,,,,,,,,,,,,,Y,,FRONT,,,,,,,,,,,,,,,,,,,,,,,,,,,,,,,,,
2120626,c3323e9742b1507cffb3d159905e9105665ec9abd5d6e142db6d4eabc4f36c11c4f2d8a28138635dd945635575cd3612620d41c16ac2a43a1d05d6a796c9a2b9,08/03/2025 10:30:00 AM,2,DRIVER,,2021593,,HONDA,HR-V,IL,2023,NONE,PASSENGER,PERSONAL,E,SLOW/STOP IN TRAFFIC,,,1,,,,,,,,,,Y,,,,,,,,REAR,,,,,,,,,,,,,,,,,,,,,,,,,,,,,,,,,
2121139,40e527726bc2ceb3491545bf49aa27af5dd0c1060a6687f26c62f4450af32892e98303dcec7799e457f3e223bc70ac1ac6c8834612445580d1a5fb6dd60cf9ca,08/03/2025 10:15:00 AM,1,DRIVER,,2022089,,DODGE,RAM PROMASTER,AZ,2025,UNKNOWN,VAN/MINI-VAN,UNKNOWN/NA,S,STRAIGHT AHEAD,,,1,,,,,,,,,,,,,,,,,Y,UNKNOWN,,,,,,,,,,,,,,,,,,,,,,,,,,,,,,,,,
2121140,40e527726bc2ceb3491545bf49aa27af5dd0c1060a6687f26c62f4450af32892e98303dcec7799e457f3e223bc70ac1ac6c8834612445580d1a5fb6dd60cf9ca,08/03/2025 10:15:00 AM,2,PARKED,1,2022095,,MERCEDES-BENZ,GLA,IL,2025,UNKNOWN,PASSENGER,UNKNOWN/NA,S,PARKED,,,1,,,,,,,,,,,,,,,Y,,,FRONT-LEFT-CORNER,,,,,,,,,,,,,,,,,,,,,,,,,,,,,,,,,
2120644,4f910f8236018ce8cd035b100cbe792592ce7ba44c2c6f8b7bc2b35a873b59e215b67a0651efbf6224083a37f39d808d196956e8b6581d2d7a384a2ade9cfd46,08/03/2025 10:15:00 AM,1,DRIVER,,2021608,,AUDI,A4,IL,2010,NONE,PASSENGER,PERSONAL,N,STRAIGHT AHEAD,,,1,,,,,,,,,,,,,Y,Y,Y,,,FRONT-LEFT-CORNER,,,,,,,,,,,,,,,,,,,,,,,,,,,,,,,,,
2120645,4f910f8236018ce8cd035b100cbe792592ce7ba44c2c6f8b7bc2b35a873b59e215b67a0651efbf6224083a37f39d808d196956e8b6581d2d7a384a2ade9cfd46,08/03/2025 10:15:00 AM,2,DRIVER,,2021612,,INFINITI,QX50,IL,2015,NONE,PASSENGER,PERSONAL,E,STRAIGHT AHEAD,,,1,,,,,,,,,,,,,,,,Y,,FRONT,,,,,,,,,,,,,,,,,,,,,,,,,,,,,,,,,
2120662,9ab3737a5c72e8460f75b524c5494fc068b4353dba871213f1b0641624d3b2510964a41bc557362645998a67f4fb35c574ba90cff06af0c8f6098fe86da6117e,08/03/2025 10:15:00 AM,1,DRIVER,,2021629,,HONDA,PILOT,IL,2004,UNKNOWN,PASSENGER,PERSONAL,W,STRAIGHT AHEAD,Y,,1,,PRIVATE,,,Y,,,,,,,,,,,,,FRONT-RIGHT-CORNER,,,,,,,,,,,,,,,,,,,,,,,,,,,,,,,,,
2120663,9ab3737a5c72e8460f75b524c5494fc068b4353dba871213f1b0641624d3b2510964a41bc557362645998a67f4fb35c574ba90cff06af0c8f6098fe86da6117e,08/03/2025 10:15:00 AM,2,PARKED,,2021642,,MERCEDES-BENZ,GLK350,IL,2012,UNKNOWN,PASSENGER,NOT IN USE,UNKNOWN,PARKED,,,0,,,,,,,,,,,Y,Y,,,,,,REAR-LEFT-CORNER,,,,,,,,,,,,,,,,,,,,,,,,,,,,,,,,,
2120664,9ab3737a5c72e8460f75b524c5494fc068b4353dba871213f1b0641624d3b2510964a41bc557362645998a67f4fb35c574ba90cff06af0c8f6098fe86da6117e,08/03/2025 10:15:00 AM,3,PARKED,,2021651,,LEXUS,ES300,IL,2002,UNKNOWN,PASSENGER,NOT IN USE,UNKNOWN,PARKED,,,0,,,,,,,,,,,Y,Y,Y,Y,Y,,,REAR-LEFT-CORNER,,,,,,,,,,,,,,,,,,,,,,,,,,,,,,,,,
2120744,26a9a133c8edc50481b4c352380930f1d0e01353f75752a37c5b46cc4afe563384aef89e902e4e32d6d5e4c6dcb6cd31e71d5d74350f4ec434423e3944f446cd,08/03/2025 10:00:00 AM,1,DRIVER,,2021698,,UNKNOWN,MOTORIZED,,,UNKNOWN,UNKNOWN/NA,UNKNOWN/NA,UNKNOWN,UNKNOWN/NA,,,1,,,,,,,,,,,,,,,,,Y,UNKNOWN,,,,,,,,,,,,,,,,,,,,,,,,,,,,,,,,,
2120745,26a9a133c8edc50481b4c352380930f1d0e01353f75752a37c5b46cc4afe563384aef89e902e4e32d6d5e4c6dcb6cd31e71d5d74350f4ec434423e3944f446cd,08/03/2025 10:00:00 AM,2,PARKED,,2021702,,TOYOTA,HIGHLANDER,,2019,UNKNOWN,SPORT UTILITY VEHICLE (SUV),NOT IN USE,W,PARKED,,,0,,,,,,,Y,Y,Y,,,,,,,,,REAR-RIGHT-CORNER,,,,,,,,,,,,,,,,,,,,,,,,,,,,,,,,,
2120845,7dc8f503769ff09e657c0b4f03af1b01c6c9590dc333c37c22839e7aae27cb5619f6f1b91f3f6e31ff08276a99848900dbcbf7144cb06deb9f2cfc7d196f1616,08/03/2025 10:00:00 AM,1,DRIVER,,2021794,,BUICK,ENCORE,IL,2022,UNKNOWN,PASSENGER,PERSONAL,S,PASSING/OVERTAKING,,,1,,,,,,,,,,,,Y,Y,Y,N,,,SIDE-LEFT,,,,,,,,,,,,,,,,,,,,,,,,,,,,,,,,,
2120846,7dc8f503769ff09e657c0b4f03af1b01c6c9590dc333c37c22839e7aae27cb5619f6f1b91f3f6e31ff08276a99848900dbcbf7144cb06deb9f2cfc7d196f1616,08/03/2025 10:00:00 AM,2,DRIVER,,2021801,,JEEP,GRAND CHEROKEE,PA,2017,UNKNOWN,PASSENGER,PERSONAL,S,STRAIGHT AHEAD,,,1,,,,,N,Y,Y,Y,N,,,,,,,,,SIDE-RIGHT,,,,,,,,,,,,,,,,,,,,,,,,,,,,,,,,,
2120634,82d8a57f19b3a9e375f5fcbec8f857b32066e047452d958e05768720933aae1746c6ce87f9555ef834442171c1d2b654d14727926ef220f0b98d2973ba27f00b,08/03/2025 10:00:00 AM,1,DRIVER,1,2021602,,KIA,SELTOS,TX,2023,NONE,SPORT UTILITY VEHICLE (SUV),PERSONAL,W,TURNING LEFT,Y,,2,,PRIVATE,HOME,,,,,,,,,,,Y,Y,,,FRONT-LEFT-CORNER,,,,,,,,,,,,,,,,,,,,,,,,,,,,,,,,,
2120635,82d8a57f19b3a9e375f5fcbec8f857b32066e047452d958e05768720933aae1746c6ce87f9555ef834442171c1d2b654d14727926ef220f0b98d2973ba27f00b,08/03/2025 10:00:00 AM,2,DRIVER,,2021611,,LAMBORGHINI,URUS,IL,2023,NONE,SPORT UTILITY VEHICLE (SUV),PERSONAL,W,PASSING/OVERTAKING,,,1,,,,,,Y,Y,Y,,,,,,,,,,SIDE-RIGHT,,,,,,,,,,,,,,,,,,,,,,,,,,,,,,,,,
2120715,ae23a98be7de42e5d378a71f871dc2c0f58315f7aa131a7d542f44dd93726582f95d3b4e2c0c848036e2e065954149fc456becf86ce8179d7bcb8d86eb6e06ec,08/03/2025 10:00:00 AM,1,DRIVER,,2021678,,MERCEDES-BENZ,SPRINTER,IL,2021,UNKNOWN,VAN/MINI-VAN,UNKNOWN/NA,E,ENTERING TRAFFIC LANE FROM PARKING,,,1,,,,,,,,,,,,,,,Y,,,FRONT-LEFT-CORNER,,,,,,,,,,,,,,,,,,,,,,,,,,,,,,,,,
2120716,ae23a98be7de42e5d378a71f871dc2c0f58315f7aa131a7d542f44dd93726582f95d3b4e2c0c848036e2e065954149fc456becf86ce8179d7bcb8d86eb6e06ec,08/03/2025 10:00:00 AM,2,DRIVER,,2021680,,MERCEDES-BENZ,E-CLASS,IL,2017,UNKNOWN,PASSENGER,PERSONAL,S,STRAIGHT AHEAD,,,1,,,,,Y,,,,,,,,,,,,,FRONT-RIGHT-CORNER,,,,,,,,,,,,,,,,,,,,,,,,,,,,,,,,,
2120683,6d639666718d67aaad4c77c254ff9e762f16aefb2c9a5ffbe1f22877b7ecf21e517d19b3d0d934640507d309654049d5f9a321ea50022bf84417ec08d22876b7,08/03/2025 09:57:00 AM,1,DRIVER,2,2021648,,ACURA,RLX,IL,2010,NONE,SPORT UTILITY VEHICLE (SUV),PERSONAL,S,STRAIGHT AHEAD,Y,,3,,,,,Y,,,,,,,,,Y,Y,Y,,FRONT,,,,,,,,,,,,,,,,,,,,,,,,,,,,,,,,,
2120684,6d639666718d67aaad4c77c254ff9e762f16aefb2c9a5ffbe1f22877b7ecf21e517d19b3d0d934640507d309654049d5f9a321ea50022bf84417ec08d22876b7,08/03/2025 09:57:00 AM,2,DRIVER,2,2021654,,CHEVROLET,TAHOE,IL,2009,NONE,SPORT UTILITY VEHICLE (SUV),PERSONAL,E,STRAIGHT AHEAD,,,3,,,,,,,,,,,,Y,Y,Y,Y,,,SIDE-LEFT,,,,,,,,,,,,,,,,,,,,,,,,,,,,,,,,,
2120650,fe252d9ef11491623bfd2aa75b8b16b20b77e5e30e3513b41fa968e29a21974517b286668fdc140930b924f0a84ae2e016f93a9f7101667e4234aa1b8af81240,08/03/2025 09:45:00 AM,1,DRIVER,,2021616,,UNKNOWN,BLIMP,IL,,UNKNOWN,UNKNOWN/NA,UNKNOWN/NA,N,STRAIGHT AHEAD,,,1,,,,,,,,,,,,,,Y,Y,,Y,UNKNOWN,,,,,,,,,,,,,,,,,,,,,,,,,,,,,,,,,
2120651,fe252d9ef11491623bfd2aa75b8b16b20b77e5e30e3513b41fa968e29a21974517b286668fdc140930b924f0a84ae2e016f93a9f7101667e4234aa1b8af81240,08/03/2025 09:45:00 AM,2,DRIVER,,2021617,,CHEVROLET,TAHOE,IL,2019,NONE,PASSENGER,PERSONAL,S,STRAIGHT AHEAD,,,1,,,,,Y,,,,,,,,,,Y,Y,Y,UNKNOWN,,,,,,,,,,,,,,,,,,,,,,,,,,,,,,,,,
2120727,63cb3d97e0caadf76f9783859ef5ada9c98153cbb64d0de1fb965f644481d1c1ede689ef7b2f73aa73163bf5c51f7ce59b60b24926353a737c0055215eb56cab,08/03/2025 09:30:00 AM,1,DRIVER,,2021687,,UNKNOWN,OTHER (EXPLAIN IN NARRATIVE),,,UNKNOWN,UNKNOWN/NA,UNKNOWN/NA,UNKNOWN,UNKNOWN/NA,,,1,,,,,,,,,,,,,,,,,Y,UNKNOWN,,,,,,,,,,,,,,,,,,,,,,,,,,,,,,,,,
2120728,63cb3d97e0caadf76f9783859ef5ada9c98153cbb64d0de1fb965f644481d1c1ede689ef7b2f73aa73163bf5c51f7ce59b60b24926353a737c0055215eb56cab,08/03/2025 09:30:00 AM,2,DRIVERLESS,,2021690,,LEXUS,IS200,,2017,NONE,PASSENGER,PERSONAL,UNKNOWN,PARKED,,,0,,,,,,,,,,,,,,,Y,,,FRONT-LEFT-CORNER,,,,,,,,,,,,,,,,,,,,,,,,,,,,,,,,,
2120654,df63d48cc6dd1f2d4ec88f9ed4437253c6f4de1e8ca52580afa212bd79debbebb3c8697c0ba24db9085f9ad6104f7a9e77a8b2c4a5a53939aa805749087d6f42,08/03/2025 09:30:00 AM,1,DRIVER,,2021622,,CHEVROLET,MALIBU,IL,2016,UNKNOWN,PASSENGER,PERSONAL,N,ENTERING TRAFFIC LANE FROM PARKING,,,1,,,,,,,,,,,,,Y,Y,Y,,,SIDE-LEFT-FRONT,,,,,,,,,,,,,,,,,,,,,,,,,,,,,,,,,
2120655,df63d48cc6dd1f2d4ec88f9ed4437253c6f4de1e8ca52580afa212bd79debbebb3c8697c0ba24db9085f9ad6104f7a9e77a8b2c4a5a53939aa805749087d6f42,08/03/2025 09:30:00 AM,2,DRIVER,,2021627,,SUBARU,TRIBECA,IL,2006,UNKNOWN,SPORT UTILITY VEHICLE (SUV),PERSONAL,N,STRAIGHT AHEAD,Y,,1,,OWNER,UNKNOWN,,Y,Y,Y,,,,,,,,,,,FRONT-RIGHT-CORNER,,,,,,,,,,,,,,,,,,,,,,,,,,,,,,,,,
2120612,84ade7244a08ab8d386a5129c4d53d33e8bf46f31c296bdb7c1c95b820f32ba716acbad9b8c7b307dd709c7f68fb48273256e3f1e4ddb52e130e19641cc8b687,08/03/2025 09:19:00 AM,1,DRIVER,,2021580,,GENERAL MOTORS CORPORATION (GMC),YUKON,IL,2011,NONE,PASSENGER,PERSONAL,N,STRAIGHT AHEAD,,,1,,,,,Y,,,,,,,,,,Y,Y,,FRONT,,,,,,,,,,,,,,,,,,,,,,,,,,,,,,,,,
2120613,84ade7244a08ab8d386a5129c4d53d33e8bf46f31c296bdb7c1c95b820f32ba716acbad9b8c7b307dd709c7f68fb48273256e3f1e4ddb52e130e19641cc8b687,08/03/2025 09:19:00 AM,2,DRIVER,2,2021599,,CHEVROLET,TRAX,IL,2017,UNKNOWN,PASSENGER,PERSONAL,E,STRAIGHT AHEAD,,,3,,,,,,Y,Y,Y,Y,,,,,,,,,SIDE-LEFT,,,,,,,,,,,,,,,,,,,,,,,,,,,,,,,,,
2120679,e3cb28700f5814cef12cc577ed3ffb22ad76d12d4220e8a65d1e088e93031861a31d4932758a9647bac62ffb3b94c9ae021d76032ff0fec1fbe226525342a82f,08/03/2025 09:15:00 AM,1,DRIVER,,2021639,,UNKNOWN,MOTORIZED,,,UNKNOWN,UNKNOWN/NA,UNKNOWN/NA,UNKNOWN,UNKNOWN/NA,,,1,,,,,,,,,,,,,,,,,Y,UNKNOWN,,,,,,,,,,,,,,,,,,,,,,,,,,,,,,,,,
2120680,e3cb28700f5814cef12cc577ed3ffb22ad76d12d4220e8a65d1e088e93031861a31d4932758a9647bac62ffb3b94c9ae021d76032ff0fec1fbe226525342a82f,08/03/2025 09:15:00 AM,2,PARKED,,2021643,,SUBARU,FORESTER,IN,2014,UNKNOWN,PASSENGER,PERSONAL,W,PARKED,,,0,,,,,,,,,,,,,,Y,Y,Y,,FRONT-LEFT-CORNER,,,,,,,,,,,,,,,,,,,,,,,,,,,,,,,,,