CRASH_UNIT_ID,CRASH_RECORD_ID,CRASH_DATE,UNIT_NO,UNIT_TYPE,NUM_PASSENGERS,VEHICLE_ID,CMRC_VEH_I,MAKE,MODEL,LIC_PLATE_STATE,VEHICLE_YEAR,VEHICLE_DEFECT,VEHICLE_TYPE,VEHICLE_USE,TRAVEL_DIRECTION,MANEUVER,TOWED_I,FIRE_I,OCCUPANT_CNT,EXCEED_SPEED_LIMIT_I,TOWED_BY,TOWED_TO,AREA_00_I,AREA_01_I,AREA_02_I,AREA_03_I,AREA_04_I,AREA_05_I,AREA_06_I,AREA_07_I,AREA_08_I,AREA_09_I,AREA_10_I,AREA_11_I,AREA_12_I,AREA_99_I,FIRST_CONTACT_POINT,CMV_ID,USDOT_NO,CCMC_NO,ILCC_NO,COMMERCIAL_SRC,GVWR,CARRIER_NAME,CARRIER_STATE,CARRIER_CITY,HAZMAT_PLACARDS_I,HAZMAT_NAME,UN_NO,HAZMAT_PRESENT_I,HAZMAT_REPORT_I,HAZMAT_REPORT_NO,MCS_REPORT_I,MCS_REPORT_NO,HAZMAT_VIO_CAUSE_CRASH_I,MCS_VIO_CAUSE_CRASH_I,IDOT_PERMIT_NO,WIDE_LOAD_I,TRAILER1_WIDTH,TRAILER2_WIDTH,TRAILER1_LENGTH,TRAILER2_LENGTH,TOTAL_VEHICLE_LENGTH,AXLE_CNT,VEHICLE_CONFIG,CARGO_BODY_TYPE,LOAD_TYPE,HAZMAT_OUT_OF_SERVICE_I,MCS_OUT_OF_SERVICE_I,HAZMAT_CLASS
2120640,1df356d45e2816322254f2b9cb0c6d56b53b24cf6d63661443daa04d5cd7ecbea9200436c3bb8302f1f20a7479a8b8776975a88942ca8115a2a26c245a68f238,08/03/2025 09:00:00 AM,1,DRIVER,,2021598,,UNKNOWN,OTHER (EXPLAIN IN NARRATIVE),,,NONE,PASSENGER,PERSONAL,N,UNKNOWN/NA,,,1,,,,,,,,,,,,,,,,,Y,UNKNOWN,,,,,,,,,,,,,,,,,,,,,,,,,,,,,,,,,
2120641,1df356d45e2816322254f2b9cb0c6d56b53b24cf6d63661443daa04d5cd7ecbea9200436c3bb8302f1f20a7479a8b8776975a88942ca8115a2a26c245a68f238,08/03/2025 09:00:00 AM,2,PARKED,,2021604,,GENERAL MOTORS CORPORATION (GMC),TERRAIN,IL,2022,NONE,PASSENGER,NOT IN USE,N,PARKED,,,0,,,,,,,,,,,,,,Y,Y,,,UNKNOWN,,,,,,,,,,,,,,,,,,,,,,,,,,,,,,,,,
2120642,1df356d45e2816322254f2b9cb0c6d56b53b24cf6d63661443daa04d5cd7ecbea9200436c3bb8302f1f20a7479a8b8776975a88942ca8115a2a26c245a68f238,08/03/2025 09:00:00 AM,3,PARKED,,2021607,,BUICK,LACROSSE,IL,2015,NONE,PASSENGER,NOT IN USE,N,PARKED,,,0,,,,,,,,,,,,,Y,Y,Y,,,UNKNOWN,,,,,,,,,,,,,,,,,,,,,,,,,,,,,,,,,
2120656,635b187e01b0f72794f4111c2d3a352b4dead3318d6ae9d283e5f7299dcac60438a741e393f07455a090c5a68f5556342f537fcb5403103a4d3431c73799620e,08/03/2025 09:00:00 AM,1,DRIVER,,2021620,,UNKNOWN,OTHER (EXPLAIN IN NARRATIVE),,,UNKNOWN,SPORT UTILITY VEHICLE (SUV),UNKNOWN/NA,N,STRAIGHT AHEAD,,,1,,,,,,,,,,,,,,,,Y,,UNKNOWN,,,,,,,,,,,,,,,,,,,,,,,,,,,,,,,,,
2120657,635b187e01b0f72794f4111c2d3a352b4dead3318d6ae9d283e5f7299dcac60438a741e393f07455a090c5a68f5556342f537fcb5403103a4d3431c73799620e,08/03/2025 09:00:00 AM,2,DRIVER,,2021626,,TOYOTA,PRIUS,IL,2012,NONE,PASSENGER,OTHER,E,STRAIGHT AHEAD,,,1,,,,,Y,,,,,,,,,,N,Y,,FRONT-RIGHT-CORNER,,,,,,,,,,,,,,,,,,,,,,,,,,,,,,,,,
2120607,41e1756039570da526eca5d435579df8a79fc09ae6b163c67eb0575b6899168d1b80d0c67d7bbf5a66d421be87dcd36dc11d6aa22e7a2c63838ad94b583b0be4,08/03/2025 08:57:00 AM,1,DRIVER,,2021569,,TOYOTA,PRIUS,IL,2012,UNKNOWN,PASSENGER,UNKNOWN/NA,E,UNKNOWN/NA,,,1,,,,,,,,,,,,,,,,,Y,UNKNOWN,,,,,,,,,,,,,,,,,,,,,,,,,,,,,,,,,
2120608,41e1756039570da526eca5d435579df8a79fc09ae6b163c67eb0575b6899168d1b80d0c67d7bbf5a66d421be87dcd36dc11d6aa22e7a2c63838ad94b583b0be4,08/03/2025 08:57:00 AM,2,DRIVER,,2021573,,HONDA,HR-V,IL,2025,UNKNOWN,PASSENGER,UNKNOWN/NA,N,STRAIGHT AHEAD,Y,,1,,,,,,,,,,N,Y,,,,,,,REAR-LEFT-CORNER,,,,,,,,,,,,,,,,,,,,,,,,,,,,,,,,,
2122667,7e5bca5a8018117f9233348181fcc9b45190c0b4f17cb6418ba522958bbaf24917ee3128104c48f1b55ccec5bae1e2ad266e981a290494b350e13dfcb22684b2,08/03/2025 08:50:00 AM,1,DRIVER,,2023559,,UNKNOWN,OTHER (EXPLAIN IN NARRATIVE),,,UNKNOWN,UNKNOWN/NA,UNKNOWN/NA,UNKNOWN,UNKNOWN/NA,,,1,,,,,,,,,,,,,,,,,Y,UNKNOWN,,,,,,,,,,,,,,,,,,,,,,,,,,,,,,,,,
2122668,7e5bca5a8018117f9233348181fcc9b45190c0b4f17cb6418ba522958bbaf24917ee3128104c48f1b55ccec5bae1e2ad266e981a290494b350e13dfcb22684b2,08/03/2025 08:50:00 AM,2,PARKED,,2023562,,HYUNDAI,ELANTRA,IL,2010,NONE,PASSENGER,NOT IN USE,E,PARKED,,,0,,,,,,,,,,,,,,,Y,Y,,FRONT-LEFT-CORNER,,,,,,,,,,,,,,,,,,,,,,,,,,,,,,,,,
2120596,b3862e6fe9aa7233939c279f0cdb5eed39592fdf11213c374787059137d641fa0be41ee216183f667054ad29195ccf112ab35f76c5c62999397b08104fea1060,08/03/2025 08:28:00 AM,1,DRIVER,,2021559,,FORD,ESCAPE,IL,2015,NONE,PASSENGER,PERSONAL,W,STRAIGHT AHEAD,Y,,1,,private,,,,,,,,,,,,,Y,Y,,FRONT-LEFT-CORNER,,,,,,,,,,,,,,,,,,,,,,,,,,,,,,,,,
2120597,b3862e6fe9aa7233939c279f0cdb5eed39592fdf11213c374787059137d641fa0be41ee216183f667054ad29195ccf112ab35f76c5c62999397b08104fea1060,08/03/2025 08:28:00 AM,2,DRIVER,,2021561,,FORD,F150,IL,2021,NONE,PICKUP,PERSONAL,W,TURNING RIGHT,,,1,,,,,,Y,Y,Y,,,,,,,,,,SIDE-RIGHT,,,,,,,,,,,,,,,,,,,,,,,,,,,,,,,,,
2120598,c65674249b543218b7fb61c80e91002c061375fd421aacadb6797a051ddd44e5b8b74580464058542f73caf3e7e1eb9cffdcc7aaa84a7cb2b6a09bfd8b7949da,08/03/2025 08:28:00 AM,1,DRIVER,,2021570,,NISSAN,OTHER (EXPLAIN IN NARRATIVE),,,UNKNOWN,SPORT UTILITY VEHICLE (SUV),UNKNOWN/NA,SE,TURNING LEFT,,,1,,,,,,,,,,,,,,,,,Y,FRONT,,,,,,,,,,,,,,,,,,,,,,,,,,,,,,,,,
2120599,c65674249b543218b7fb61c80e91002c061375fd421aacadb6797a051ddd44e5b8b74580464058542f73caf3e7e1eb9cffdcc7aaa84a7cb2b6a09bfd8b7949da,08/03/2025 08:28:00 AM,2,DRIVER,,2021572,,TOYOTA,CAMRY,IL,2025,UNKNOWN,PASSENGER,PERSONAL,NW,STRAIGHT AHEAD,,,1,,,,,,,Y,Y,Y,Y,Y,,,,,,Y,UNKNOWN,,,,,,,,,,,,,,,,,,,,,,,,,,,,,,,,,
2120600,c65674249b543218b7fb61c80e91002c061375fd421aacadb6797a051ddd44e5b8b74580464058542f73caf3e7e1eb9cffdcc7aaa84a7cb2b6a09bfd8b7949da,08/03/2025 08:28:00 AM,3,PARKED,,2021574,,MITSUBISHI,ECLIPSE,IL,2006,UNKNOWN,PASSENGER,NOT IN USE,UNKNOWN,PARKED,,,0,,,,,,,,,,,,,Y,Y,Y,,Y,SIDE-LEFT,,,,,,,,,,,,,,,,,,,,,,,,,,,,,,,,,
2120609,5dbda3a1359919d668518f3c378a666fda57e831ff9a77ad1d9f6dd36ac081847bc37e1227404ab6d6a01d771c1f1269e35e3343185ee690e17b6fce2d65d08f,08/03/2025 08:10:00 AM,1,DRIVER,,2021576,,TOYOTA,RAV4,IL,2012,NONE,PASSENGER,PERSONAL,N,DRIVING WRONG WAY,Y,,1,,REGISTERED OWNER,RESIDENCE,,Y,,,,,,,,,,Y,Y,,FRONT-LEFT-CORNER,,,,,,,,,,,,,,,,,,,,,,,,,,,,,,,,,
2120610,5dbda3a1359919d668518f3c378a666fda57e831ff9a77ad1d9f6dd36ac081847bc37e1227404ab6d6a01d771c1f1269e35e3343185ee690e17b6fce2d65d08f,08/03/2025 08:10:00 AM,2,PARKED,,2021577,,JEEP,GRAND CHEROKEE,IL,2017,NONE,PASSENGER,NOT IN USE,E,PARKED,Y,,0,,REGISTERED OWNER,SHOP OF CHOICE,,,,,,,,,,,Y,Y,Y,,FRONT-LEFT-CORNER,,,,,,,,,,,,,,,,,,,,,,,,,,,,,,,,,
2120611,5dbda3a1359919d668518f3c378a666fda57e831ff9a77ad1d9f6dd36ac081847bc37e1227404ab6d6a01d771c1f1269e35e3343185ee690e17b6fce2d65d08f,08/03/2025 08:10:00 AM,3,PARKED,,2021579,,LEXUS,ES,IL,2010,NONE,PASSENGER,NOT IN USE,E,PARKED,,,0,,,,,,,,,,,,,,Y,Y,,,FRONT-LEFT-CORNER,,,,,,,,,,,,,,,,,,,,,,,,,,,,,,,,,
2120685,cccd5ef95418c6296a40f07112fb8750c16fb7b10a1c39f5053a2c4b0ed65dafd66b623578a6859313a6a8e1f042666d28f006288f5d72c1c039cc2d47be2ac1,08/03/2025 08:08:00 AM,1,DRIVER,1,2021649,,BMW,X3,IL,2005,UNKNOWN,PASSENGER,UNKNOWN/NA,W,OTHER,,,2,,,,,Y,Y,Y,Y,Y,,Y,Y,Y,Y,Y,,,UNKNOWN,,,,,,,,,,,,,,,,,,,,,,,,,,,,,,,,,
2120686,cccd5ef95418c6296a40f07112fb8750c16fb7b10a1c39f5053a2c4b0ed65dafd66b623578a6859313a6a8e1f042666d28f006288f5d72c1c039cc2d47be2ac1,08/03/2025 08:08:00 AM,2,DRIVER,,2021652,,VOLVO,XC60,IL,2010,UNKNOWN,PASSENGER,PERSONAL,W,STRAIGHT AHEAD,,,1,,,,,Y,Y,Y,Y,Y,,,,,,,,,SIDE-RIGHT,,,,,,,,,,,,,,,,,,,,,,,,,,,,,,,,,
2120687,cccd5ef95418c6296a40f07112fb8750c16fb7b10a1c39f5053a2c4b0ed65dafd66b623578a6859313a6a8e1f042666d28f006288f5d72c1c039cc2d47be2ac1,08/03/2025 08:08:00 AM,3,PARKED,,2021657,,HONDA,CIVIC,IL,2018,UNKNOWN,PASSENGER,NOT IN USE,W,PARKED,,,0,,,,,,,,,,,Y,Y,Y,,,,,REAR-LEFT-CORNER,,,,,,,,,,,,,,,,,,,,,,,,,,,,,,,,,
2120592,2f0bd6e6bcb40f9e226197a7818245df498c0681c32c6ec5fd36a6aef135217a5ce3b33af7d0bc5ac92e2e8d56a80a1fdbe683fac02da9fe28157e8b67e6f360,08/03/2025 08:00:00 AM,1,DRIVER,,2021552,,ACURA,ADX,IL,2012,NONE,PASSENGER,PERSONAL,W,STRAIGHT AHEAD,,,1,,,,,,,,,,,,,,,,,Y,FRONT,,,,,,,,,,,,,,,,,,,,,,,,,,,,,,,,,
2120593,2f0bd6e6bcb40f9e226197a7818245df498c0681c32c6ec5fd36a6aef135217a5ce3b33af7d0bc5ac92e2e8d56a80a1fdbe683fac02da9fe28157e8b67e6f360,08/03/2025 08:00:00 AM,2,DRIVER,,2021556,,CHEVROLET,MALIBU,IL,2017,NONE,PASSENGER,PERSONAL,W,SLOW/STOP IN TRAFFIC,,,1,,,,,,,,,,Y,,,,,,,,REAR,,,,,,,,,,,,,,,,,,,,,,,,,,,,,,,,,
2120621,a45413085587d39b1f78e0a90041621c8b74718d8189d62879b1bc652107a668c6df673ced709a3c4ab5596a56cddc6069bd6f5792e229e1b17a1bf1cc93fd40,08/03/2025 08:00:00 AM,1,DRIVER,,2021588,,UNKNOWN,OTHER (EXPLAIN IN NARRATIVE),,,UNKNOWN,UNKNOWN/NA,UNKNOWN/NA,S,STRAIGHT AHEAD,,,1,,,,,Y,Y,,,,,,,,,,,,FRONT-RIGHT-CORNER,,,,,,,,,,,,,,,,,,,,,,,,,,,,,,,,,
2120622,a45413085587d39b1f78e0a90041621c8b74718d8189d62879b1bc652107a668c6df673ced709a3c4ab5596a56cddc6069bd6f5792e229e1b17a1bf1cc93fd40,08/03/2025 08:00:00 AM,2,PARKED,,2021594,,VOLKSWAGEN,PASSAT,IL,2007,UNKNOWN,PASSENGER,PERSONAL,S,PARKED,,,0,,,,,,,,,,,,,,Y,Y,,,FRONT-LEFT-CORNER,,,,,,,,,,,,,,,,,,,,,,,,,,,,,,,,,
2120601,07d43ee49440397e113108e4a65c98d8ede72ea4e9f42e14a7bbb7c0f3e78f8a3ee4295d5d411873412d9b60d319b0fe5476b46267220eef547eedf527b1ebb4,08/03/2025 07:38:00 AM,1,DRIVER,,2021566,,TOYOTA,YARIS,IL,2007,NONE,PASSENGER,PERSONAL,W,U-TURN,,,1,,,,,,,,,,,Y,Y,,,,,,REAR-LEFT-CORNER,,,,,,,,,,,,,,,,,,,,,,,,,,,,,,,,,
2120602,07d43ee49440397e113108e4a65c98d8ede72ea4e9f42e14a7bbb7c0f3e78f8a3ee4295d5d411873412d9b60d319b0fe5476b46267220eef547eedf527b1ebb4,08/03/2025 07:38:00 AM,2,DRIVER,,2021571,,CHEVROLET,MALIBU,IL,2010,NONE,PASSENGER,NOT IN USE,W,STRAIGHT AHEAD,,,1,,,,,Y,,,,,,,,,,,,,FRONT-RIGHT-CORNER,,,,,,,,,,,,,,,,,,,,,,,,,,,,,,,,,
2120904,9618802d3090a6ed4f27fb1dea6cfbbc90156f1cd897bfa2e4304342e58bcd596a74698d8bb4f0d1c9dc940de18b02271cb4d5e7a99edcb644d5057a3f5a5029,08/03/2025 07:30:00 AM,1,DRIVER,,2021861,,UNKNOWN,OTHER (EXPLAIN IN NARRATIVE),,,UNKNOWN,UNKNOWN/NA,UNKNOWN/NA,UNKNOWN,UNKNOWN/NA,,,1,,,,,,,,,,,,,,,,,Y,UNKNOWN,,,,,,,,,,,,,,,,,,,,,,,,,,,,,,,,,
2120905,9618802d3090a6ed4f27fb1dea6cfbbc90156f1cd897bfa2e4304342e58bcd596a74698d8bb4f0d1c9dc940de18b02271cb4d5e7a99edcb644d5057a3f5a5029,08/03/2025 07:30:00 AM,2,PARKED,,2021858,,CHEVROLET,TRAIL BLAZER,IL,2021,NONE,SPORT UTILITY VEHICLE (SUV),PERSONAL,S,PARKED,,,0,,,,,,,,,,,,,,Y,,,,SIDE-LEFT,,,,,,,,,,,,,,,,,,,,,,,,,,,,,,,,,
2120590,f6d45ce216ca279baa9464db8cdfb4d60e7150be2f0d60153a0ca535f12d5a21adf56483171631ce0d584b8b8bf4fd2e57725989708144239c5017f141dc7aa3,08/03/2025 07:26:00 AM,1,DRIVER,,2021553,,TOYOTA,RAV4,IL,2022,UNKNOWN,SPORT UTILITY VEHICLE (SUV),TAXI/FOR HIRE,NW,CHANGING LANES,Y,,1,,BY HIS OWN CHOICE OF TOW TRUCK,,,,,,,,,,,,Y,Y,,,SIDE-LEFT-FRONT,,,,,,,,,,,,,,,,,,,,,,,,,,,,,,,,,
2120591,f6d45ce216ca279baa9464db8cdfb4d60e7150be2f0d60153a0ca535f12d5a21adf56483171631ce0d584b8b8bf4fd2e57725989708144239c5017f141dc7aa3,08/03/2025 07:26:00 AM,2,DRIVER,,2021564,,HONDA,CR-V,MI,2019,UNKNOWN,SPORT UTILITY VEHICLE (SUV),PERSONAL,N,STRAIGHT AHEAD,,,1,,,,,Y,Y,,,,,,,,,,,,SIDE-RIGHT-FRONT,,,,,,,,,,,,,,,,,,,,,,,,,,,,,,,,,
2120586,616ac51195dfa675538cb17b1bbbbb46f2cca7bae60d2e29a9cc6954b9eb9845d8c60bf5c7bb88ceefb8c2cee7d942f874ceba48332841f41d84dfc1cbf0bbd8,08/03/2025 07:19:00 AM,1,DRIVER,,2021547,,HONDA,CIVIC,IL,2022,UNKNOWN,PASSENGER,UNKNOWN/NA,N,STRAIGHT AHEAD,,,1,,,,,,,,,,,,,,,,,Y,FRONT,,,,,,,,,,,,,,,,,,,,,,,,,,,,,,,,,
2120587,616ac51195dfa675538cb17b1bbbbb46f2cca7bae60d2e29a9cc6954b9eb9845d8c60bf5c7bb88ceefb8c2cee7d942f874ceba48332841f41d84dfc1cbf0bbd8,08/03/2025 07:19:00 AM,2,DRIVER,1,2021551,,JEEP,PATRIOT,IL,2016,NONE,SPORT UTILITY VEHICLE (SUV),PERSONAL,N,SLOW/STOP IN TRAFFIC,,,2,,,,,,,,,Y,Y,Y,,,,,,,REAR,,,,,,,,,,,,,,,,,,,,,,,,,,,,,,,,,
2120620,cf7277c33ff0ba5ef1c93b2283d1961c83de3f31d38a1af6ba49756998ca26a0def1c734599546487f8e5acc2bae216153c588c102b269579f27e0c4d9ff885f,08/03/2025 07:19:00 AM,1,DRIVER,,2021584,,CHEVROLET,IMPALA,IL,,UNKNOWN,PASSENGER,UNKNOWN/NA,N,UNKNOWN/NA,Y,,1,,CITY OF CHICAGO,701 N SACRAMENTO AVE,,Y,Y,,Y,Y,,,,,,,Y,,UNKNOWN,,,,,,,,,,,,,,,,,,,,,,,,,,,,,,,,,
2122929,03f503801b69ce2f36951363bed3c553f3930672ddfac1274bac4e6ca126e32701985629d0a956299ba0010e625c9ade70d35237fe5fccf28fe6cf7765206b2b,08/03/2025 07:00:00 AM,1,DRIVER,,2023798,,UNKNOWN,OTHER (EXPLAIN IN NARRATIVE),,,UNKNOWN,UNKNOWN/NA,UNKNOWN/NA,UNKNOWN,UNKNOWN/NA,,,1,,,,,,,,,,,,,,,,,Y,UNKNOWN,,,,,,,,,,,,,,,,,,,,,,,,,,,,,,,,,
2122930,03f503801b69ce2f36951363bed3c553f3930672ddfac1274bac4e6ca126e32701985629d0a956299ba0010e625c9ade70d35237fe5fccf28fe6cf7765206b2b,08/03/2025 07:00:00 AM,2,PARKED,,2023804,,HONDA,CR-V,WI,2021,UNKNOWN,SPORT UTILITY VEHICLE (SUV),NOT IN USE,UNKNOWN,PARKED,,,0,,,,,,Y,Y,Y,,,,,,,,,,SIDE-RIGHT,,,,,,,,,,,,,,,,,,,,,,,,,,,,,,,,,
2120576,658541783d000c965c5e99b423a9e7bf6d38ca7ada65b9caf6f84a4c7eeb31851c5d529b6dd39666c4b92b15ed53439aa772a077dbc4f7f41fcf9cc16945e705,08/03/2025 06:43:00 AM,1,BICYCLE,,,,,,,,,,,,,,,,,,,,,,,,,,,,,,,,,,,,,,,,,,,,,,,,,,,,,,,,,,,,,,,,,,
2120577,658541783d000c965c5e99b423a9e7bf6d38ca7ada65b9caf6f84a4c7eeb31851c5d529b6dd39666c4b92b15ed53439aa772a077dbc4f7f41fcf9cc16945e705,08/03/2025 06:43:00 AM,2,DRIVER,,2021544,,UNKNOWN,OTHER (EXPLAIN IN NARRATIVE),,,UNKNOWN,UNKNOWN/NA,UNKNOWN/NA,E,STRAIGHT AHEAD,,,1,,,,,,,,,,,,,,,,,Y,UNKNOWN,,,,,,,,,,,,,,,,,,,,,,,,,,,,,,,,,
2120560,674632e71886d0d0b932ba37f2ff478fa24b19801ea6999226b45dfc0e7ebae0dae5f54e980eceb9ce76e97111eb1a29a8ad12157aedc48c47459e427ccee482,08/03/2025 06:40:00 AM,1,DRIVER,,2021528,,CHEVROLET,IMPALA,IL,2007,UNKNOWN,PASSENGER,PERSONAL,S,STRAIGHT AHEAD,,,1,,,,,Y,Y,Y,Y,Y,Y,,,,,Y,Y,Y,FRONT-RIGHT-CORNER,,,,,,,,,,,,,,,,,,,,,,,,,,,,,,,,,
2120561,674632e71886d0d0b932ba37f2ff478fa24b19801ea6999226b45dfc0e7ebae0dae5f54e980eceb9ce76e97111eb1a29a8ad12157aedc48c47459e427ccee482,08/03/2025 06:40:00 AM,2,PARKED,,2021529,,INFINITI,QX60,IL,2020,NONE,PASSENGER,NOT IN USE,S,PARKED,,,0,,,,,,,,,Y,Y,Y,Y,Y,,,,,REAR-LEFT-CORNER,,,,,,,,,,,,,,,,,,,,,,,,,,,,,,,,,
2120562,674632e71886d0d0b932ba37f2ff478fa24b19801ea6999226b45dfc0e7ebae0dae5f54e980eceb9ce76e97111eb1a29a8ad12157aedc48c47459e427ccee482,08/03/2025 06:40:00 AM,3,PARKED,,2021531,,GENERAL MOTORS CORPORATION (GMC),ACADIA,IL,2011,NONE,PASSENGER,NOT IN USE,S,PARKED,,,0,,,,,,,,,,,,,,Y,Y,Y,,FRONT-LEFT-CORNER,,,,,,,,,,,,,,,,,,,,,,,,,,,,,,,,,
2120572,1f313fafab3a118768955183febf28c20d0e943a1255448c3c323201639355fe63849cad4fc737123c675f5c71fb1f77e472a77415dacd66c7ad896b1ba623a4,08/03/2025 06:30:00 AM,1,DRIVER,,2021539,,DODGE,RAM 1500 PU,IL,2017,NONE,PICKUP,PERSONAL,E,STRAIGHT AHEAD,Y,,1,,OWNER,UNK,,Y,Y,,,,,,,,,Y,Y,,FRONT-RIGHT-CORNER,,,,,,,,,,,,,,,,,,,,,,,,,,,,,,,,,
2120573,1f313fafab3a118768955183febf28c20d0e943a1255448c3c323201639355fe63849cad4fc737123c675f5c71fb1f77e472a77415dacd66c7ad896b1ba623a4,08/03/2025 06:30:00 AM,2,PARKED,,2021541,,HONDA,ODYSSEY,IL,2008,NONE,VAN/MINI-VAN,PERSONAL,E,PARKED,Y,,0,,OWNER,UNK,,,,,,Y,Y,Y,Y,,,,,,REAR-LEFT-CORNER,,,,,,,,,,,,,,,,,,,,,,,,,,,,,,,,,
2121843,3226aac4e50a9e35da99ac4eb8b7a84b4bdc7d6fc78c8a3ada065d7724ea3ef084d47b9b93d83fab495bf9252d6ff5e658e11f33b3a85b0fc19a23654b74e317,08/03/2025 06:30:00 AM,1,DRIVER,,2022773,,UNKNOWN,OTHER (EXPLAIN IN NARRATIVE),,,UNKNOWN,SPORT UTILITY VEHICLE (SUV),UNKNOWN/NA,E,UNKNOWN/NA,,,1,,,,,,,,,,,,,,,,,,UNKNOWN,,,,,,,,,,,,,,,,,,,,,,,,,,,,,,,,,
2121844,3226aac4e50a9e35da99ac4eb8b7a84b4bdc7d6fc78c8a3ada065d7724ea3ef084d47b9b93d83fab495bf9252d6ff5e658e11f33b3a85b0fc19a23654b74e317,08/03/2025 06:30:00 AM,2,DRIVER,,2022778,,TOYOTA,CAMRY,IL,2020,NONE,PASSENGER,RIDESHARE SERVICE,E,SLOW/STOP IN TRAFFIC,,,1,,,,,,,,,,Y,Y,,,,,,,REAR,,,,,,,,,,,,,,,,,,,,,,,,,,,,,,,,,
2126754,986f9928f144fd6f0405df5e9fb56e1b7653db4aed0188ecbd95d1b4df5dbf663028c012fcc63c54395382c26696d60a90d2252581f62a509842bfbe8457685e,08/03/2025 06:22:00 AM,1,DRIVER,,2027430,,CHEVROLET,MALIBU,IL,2017,UNKNOWN,PASSENGER,UNKNOWN/NA,S,STRAIGHT AHEAD,,,1,,,,,,,,,,,,,,,,Y,,FRONT,,,,,,,,,,,,,,,,,,,,,,,,,,,,,,,,,
2126755,986f9928f144fd6f0405df5e9fb56e1b7653db4aed0188ecbd95d1b4df5dbf663028c012fcc63c54395382c26696d60a90d2252581f62a509842bfbe8457685e,08/03/2025 06:22:00 AM,2,DRIVER,2,2027432,,SUBARU,FORESTER,IL,2020,NONE,SPORT UTILITY VEHICLE (SUV),PERSONAL,S,STRAIGHT AHEAD,,,3,,,,,,,,,,Y,,,,,,,,REAR,,,,,,,,,,,,,,,,,,,,,,,,,,,,,,,,,
2120636,956de236b558ef831ee8ad769b6037d87c3947744c140ee981bf5453acdf11abbb78cc2671bea46ad200489f4fbbaba09177374fd14886f8c525c9272f84e77f,08/03/2025 06:20:00 AM,1,DRIVER,,2021597,,FORD,EXPLORER,TX,2017,UNKNOWN,SPORT UTILITY VEHICLE (SUV),OTHER,UNKNOWN,UNKNOWN/NA,Y,,1,,UNKNOWN,UNKNOWN,,Y,Y,,,,,,,,Y,Y,Y,,FRONT,,,,,,,,,,,,,,,,,,,,,,,,,,,,,,,,,
2120637,956de236b558ef831ee8ad769b6037d87c3947744c140ee981bf5453acdf11abbb78cc2671bea46ad200489f4fbbaba09177374fd14886f8c525c9272f84e77f,08/03/2025 06:20:00 AM,2,PARKED,,2021600,,CHEVROLET,MALIBU,IL,2013,NONE,PASSENGER,PERSONAL,S,PARKED,Y,,0,,UNKNOWN,UNKNOWN,,Y,Y,,,,,,,,,,Y,,FRONT-RIGHT-CORNER,,,,,,,,,,,,,,,,,,,,,,,,,,,,,,,,,
2120638,956de236b558ef831ee8ad769b6037d87c3947744c140ee981bf5453acdf11abbb78cc2671bea46ad200489f4fbbaba09177374fd14886f8c525c9272f84e77f,08/03/2025 06:20:00 AM,3,PARKED,,2021605,,CHEVROLET,OTHER (EXPLAIN IN NARRATIVE),IL,2013,NONE,SPORT UTILITY VEHICLE (SUV),PERSONAL,S,PARKED,,,0,,,,,,,,Y,Y,Y,,,,,,,,REAR-RIGHT-CORNER,,,,,,,,,,,,,,,,,,,,,,,,,,,,,,,,,
2120639,956de236b558ef831ee8ad769b6037d87c3947744c140ee981bf5453acdf11abbb78cc2671bea46ad200489f4fbbaba09177374fd14886f8c525c9272f84e77f,08/03/2025 06:20:00 AM,4,PARKED,,2021610,,CHRYSLER,200,IL,2011,NONE,PASSENGER,PERSONAL,S,PARKED,,,0,,,,,,,,,Y,Y,Y,,,,,,,REAR,,,,,,,,,,,,,,,,,,,,,,,,,,,,,,,,,
2120830,4b617e090fa8762e315cf09f234f50cf9bdcc0c6358eda6fc2325f5de16ade2eb48bbb42576a6af782fa4230540c3b2e7ec4e8cf8c9febf2ec942fefb5c124cb,08/03/2025 06:00:00 AM,1,DRIVER,,2021799,,CHEVROLET,MALIBU,IL,2010,UNKNOWN,PASSENGER,UNKNOWN/NA,W,STRAIGHT AHEAD,,,1,,,,,Y,,,,,,,,,,Y,Y,,FRONT,,,,,,,,,,,,,,,,,,,,,,,,,,,,,,,,,
2120831,4b617e090fa8762e315cf09f234f50cf9bdcc0c6358eda6fc2325f5de16ade2eb48bbb42576a6af782fa4230540c3b2e7ec4e8cf8c9febf2ec942fefb5c124cb,08/03/2025 06:00:00 AM,2,DRIVER,,2021827,,CHEVROLET,TRAVERSE,IL,2018,UNKNOWN,SPORT UTILITY VEHICLE (SUV),PERSONAL,N,STRAIGHT AHEAD,Y,,1,,private tow,private tow,,,,Y,Y,Y,,,,,,,,,SIDE-RIGHT-REAR,,,,,,,,,,,,,,,,,,,,,,,,,,,,,,,,,
2125237,981bd10dc86fb62faf471941365c94abb5b630d39b5d2cf8c2cdd74fc72b09e94216a15123799e66619aefee1c56f3a9f9c69be15b070c3e600b7138eb026363,08/03/2025 06:00:00 AM,1,DRIVER,,2025990,,NISSAN,KICKS,IL,2025,NONE,SPORT UTILITY VEHICLE (SUV),PERSONAL,UNKNOWN,TURNING LEFT,,,1,,,,,Y,,,,,,,,,,Y,Y,,FRONT,,,,,,,,,,,,,,,,,,,,,,,,,,,,,,,,,