CRASH_UNIT_ID,CRASH_RECORD_ID,CRASH_DATE,UNIT_NO,UNIT_TYPE,NUM_PASSENGERS,VEHICLE_ID,CMRC_VEH_I,MAKE,MODEL,LIC_PLATE_STATE,VEHICLE_YEAR,VEHICLE_DEFECT,VEHICLE_TYPE,VEHICLE_USE,TRAVEL_DIRECTION,MANEUVER,TOWED_I,FIRE_I,OCCUPANT_CNT,EXCEED_SPEED_LIMIT_I,TOWED_BY,TOWED_TO,AREA_00_I,AREA_01_I,AREA_02_I,AREA_03_I,AREA_04_I,AREA_05_I,AREA_06_I,AREA_07_I,AREA_08_I,AREA_09_I,AREA_10_I,AREA_11_I,AREA_12_I,AREA_99_I,FIRST_CONTACT_POINT,CMV_ID,USDOT_NO,CCMC_NO,ILCC_NO,COMMERCIAL_SRC,GVWR,CARRIER_NAME,CARRIER_STATE,CARRIER_CITY,HAZMAT_PLACARDS_I,HAZMAT_NAME,UN_NO,HAZMAT_PRESENT_I,HAZMAT_REPORT_I,HAZMAT_REPORT_NO,MCS_REPORT_I,MCS_REPORT_NO,HAZMAT_VIO_CAUSE_CRASH_I,MCS_VIO_CAUSE_CRASH_I,IDOT_PERMIT_NO,WIDE_LOAD_I,TRAILER1_WIDTH,TRAILER2_WIDTH,TRAILER1_LENGTH,TRAILER2_LENGTH,TOTAL_VEHICLE_LENGTH,AXLE_CNT,VEHICLE_CONFIG,CARGO_BODY_TYPE,LOAD_TYPE,HAZMAT_OUT_OF_SERVICE_I,MCS_OUT_OF_SERVICE_I,HAZMAT_CLASS
2125238,981bd10dc86fb62faf471941365c94abb5b630d39b5d2cf8c2cdd74fc72b09e94216a15123799e66619aefee1c56f3a9f9c69be15b070c3e600b7138eb026363,08/03/2025 06:00:00 AM,2,DRIVER,,2026001,,UNKNOWN,OTHER (EXPLAIN IN NARRATIVE),IL,,NONE,UNKNOWN/NA,UNKNOWN/NA,UNKNOWN,STRAIGHT AHEAD,,,1,,,,,,,,,,,,,,,,,Y,UNKNOWN,,,,,,,,,,,,,,,,,,,,,,,,,,,,,,,,,
2120559,80b61ba5d7d027827ab96d2ec62809bdf719f75a12623d19b7c4f92cfcf40b2e1f2462a01f05516101e5ca8771aad112a3c879eaa448552096cf5a8030833604,08/03/2025 05:35:00 AM,1,DRIVER,,2021526,,CHEVROLET,IMPALA,TX,2006,UNKNOWN,PASSENGER,UNKNOWN/NA,E,STRAIGHT AHEAD,Y,,1,,,,,,,,,,,,,,,,,,UNKNOWN,,,,,,,,,,,,,,,,,,,,,,,,,,,,,,,,,
2120605,c01a81ee575b25df2bc80311c1ea061d23646d52d43729accb667a7dd0bce34dc5e3380f8fd7bf158bd3596cb605e09f7f7074ae2649b2b9251548fcc71b6419,08/03/2025 05:30:00 AM,1,DRIVER,,2021568,,HONDA,OTHER (EXPLAIN IN NARRATIVE),IL,2005,UNKNOWN,PASSENGER,PERSONAL,E,STRAIGHT AHEAD,,,1,,,,,,,,,,,,Y,Y,Y,,,,UNKNOWN,,,,,,,,,,,,,,,,,,,,,,,,,,,,,,,,,
2120606,c01a81ee575b25df2bc80311c1ea061d23646d52d43729accb667a7dd0bce34dc5e3380f8fd7bf158bd3596cb605e09f7f7074ae2649b2b9251548fcc71b6419,08/03/2025 05:30:00 AM,2,DRIVER,,2021575,,FORD,ESCAPE,IL,2009,UNKNOWN,PASSENGER,PERSONAL,S,STRAIGHT AHEAD,Y,,1,,personal tow,unknown,,Y,,,,,,,,,,Y,Y,,UNKNOWN,,,,,,,,,,,,,,,,,,,,,,,,,,,,,,,,,
2120580,e29e549883ef4938caacf0266969628930ae796d2f7ce9a68fb68c19b0e6161262a31771a9ab4a7a4aaae5e256eab6401af3efb6e45c6949e1e763226d4c6225,08/03/2025 05:30:00 AM,1,DRIVER,,2021546,,FORD,FUSION,IL,2013,UNKNOWN,PASSENGER,PERSONAL,W,STRAIGHT AHEAD,Y,,1,,city,701 n sacramento,,,,,,,,,,Y,Y,Y,,,FRONT-LEFT-CORNER,,,,,,,,,,,,,,,,,,,,,,,,,,,,,,,,,
2120581,e29e549883ef4938caacf0266969628930ae796d2f7ce9a68fb68c19b0e6161262a31771a9ab4a7a4aaae5e256eab6401af3efb6e45c6949e1e763226d4c6225,08/03/2025 05:30:00 AM,2,DRIVER,,2021550,,KIA,SPORTAGE,IL,2023,UNKNOWN,PASSENGER,PERSONAL,E,STRAIGHT AHEAD,Y,,1,,private,,,,,,,,,Y,Y,,,,,,SIDE-LEFT-REAR,,,,,,,,,,,,,,,,,,,,,,,,,,,,,,,,,
2120557,30a0ecaec43b4525b6a8b99c781e64522a4dc75dd9da36414ff8d6e017665412e62607ef22dd6fe09a70ad2fe50a6aa4f621c38ed480c28fcac91f5da4058e8c,08/03/2025 05:15:00 AM,1,DRIVER,1,2021525,,BUICK,ENCLAVE,IL,2010,UNKNOWN,PASSENGER,PERSONAL,S,STRAIGHT AHEAD,Y,,2,,,,,,,,,,,,,,Y,Y,,,SIDE-LEFT-FRONT,,,,,,,,,,,,,,,,,,,,,,,,,,,,,,,,,
2120558,30a0ecaec43b4525b6a8b99c781e64522a4dc75dd9da36414ff8d6e017665412e62607ef22dd6fe09a70ad2fe50a6aa4f621c38ed480c28fcac91f5da4058e8c,08/03/2025 05:15:00 AM,2,DRIVER,1,2021527,,HONDA,CR-V,IL,2024,UNKNOWN,PASSENGER,PERSONAL,E,STRAIGHT AHEAD,Y,,2,,,,,Y,,,,,,,,,,Y,Y,,FRONT,,,,,,,,,,,,,,,,,,,,,,,,,,,,,,,,,
2120533,623ad393b00296aedc536ef4f66f45ce76960c7391b4393a17b553d06d1d168e206173a6a24eee42ae25722a9c8c55da261927e729132dba03db3ac322e284c6,08/03/2025 05:00:00 AM,1,DRIVER,,2021502,,CHEVROLET,VAN,IL,2000,OTHER,VAN/MINI-VAN,PERSONAL,S,OTHER,,,1,,,,,,,,,,,,,,Y,Y,,Y,UNKNOWN,,,,,,,,,,,,,,,,,,,,,,,,,,,,,,,,,
2120534,623ad393b00296aedc536ef4f66f45ce76960c7391b4393a17b553d06d1d168e206173a6a24eee42ae25722a9c8c55da261927e729132dba03db3ac322e284c6,08/03/2025 05:00:00 AM,2,DRIVER,2,2021505,,KIA,SORENTO,WI,2023,NONE,PASSENGER,PERSONAL,W,STRAIGHT AHEAD,,,3,,,,,,,,,,,,,,Y,Y,Y,Y,UNKNOWN,,,,,,,,,,,,,,,,,,,,,,,,,,,,,,,,,
2120594,f6e376e30b685f695f0c5e4d51782793ff4a55943505630b0502704a12b9a3c68d09b511f980bfcd1afc931e31ba5bc25cbbfd0623e1d112a564869a62402e91,08/03/2025 04:49:00 AM,1,DRIVER,,2021554,,JEEP,GRAND CHEROKEE,IN,2021,UNKNOWN,UNKNOWN/NA,UNKNOWN/NA,N,UNKNOWN/NA,Y,,1,,UNK,,,,,,,,,,,Y,Y,Y,,,FRONT-LEFT-CORNER,,,,,,,,,,,,,,,,,,,,,,,,,,,,,,,,,
2120595,f6e376e30b685f695f0c5e4d51782793ff4a55943505630b0502704a12b9a3c68d09b511f980bfcd1afc931e31ba5bc25cbbfd0623e1d112a564869a62402e91,08/03/2025 04:49:00 AM,2,PARKED,,2021557,,INFINITI,FX35,IL,2003,UNKNOWN,PASSENGER,PERSONAL,N,PARKED,,,0,,,,,Y,Y,Y,Y,Y,,Y,Y,,,,,,SIDE-RIGHT,,,,,,,,,,,,,,,,,,,,,,,,,,,,,,,,,
2120551,4d6551e50136e28311659b2e1aaa4746558046a2589a9bd1e1c88c17b5227cabbfddd4db26740c2fbc672afd51c10e9fd3686fde2de80893013dadc6eb415cca,08/03/2025 04:42:00 AM,1,DRIVER,,2021558,,FORD,F150,IL,2013,NONE,PICKUP,PERSONAL,S,STRAIGHT AHEAD,,,1,,,,,Y,Y,,,,,,Y,Y,Y,Y,Y,,FRONT-LEFT-CORNER,,,,,,,,,,,,,,,,,,,,,,,,,,,,,,,,,
2120552,4d6551e50136e28311659b2e1aaa4746558046a2589a9bd1e1c88c17b5227cabbfddd4db26740c2fbc672afd51c10e9fd3686fde2de80893013dadc6eb415cca,08/03/2025 04:42:00 AM,4,PARKED,,2021560,,NISSAN,MAXIMA,IL,2009,NONE,PASSENGER,PERSONAL,S,PARKED,Y,,0,,PRIVATE TOW,UNKNOWN,,Y,Y,Y,Y,Y,Y,Y,,,,,,,REAR-LEFT-CORNER,,,,,,,,,,,,,,,,,,,,,,,,,,,,,,,,,
2120553,4d6551e50136e28311659b2e1aaa4746558046a2589a9bd1e1c88c17b5227cabbfddd4db26740c2fbc672afd51c10e9fd3686fde2de80893013dadc6eb415cca,08/03/2025 04:42:00 AM,3,PARKED,,2021562,,PONTIAC,GRAND PRIX,IL,2001,NONE,PASSENGER,PERSONAL,S,PARKED,,,0,,,,,Y,Y,Y,Y,Y,N,N,N,,,Y,Y,,SIDE-RIGHT,,,,,,,,,,,,,,,,,,,,,,,,,,,,,,,,,
2120643,4d6551e50136e28311659b2e1aaa4746558046a2589a9bd1e1c88c17b5227cabbfddd4db26740c2fbc672afd51c10e9fd3686fde2de80893013dadc6eb415cca,08/03/2025 04:42:00 AM,2,PARKED,,2021606,,CHEVROLET,SILVERADO,IL,2020,NONE,PICKUP,PERSONAL,S,PARKED,Y,,0,,private tow,unknown,,Y,Y,Y,Y,Y,Y,Y,Y,,Y,Y,Y,,REAR,,,,,,,,,,,,,,,,,,,,,,,,,,,,,,,,,
2120652,4f668f0416cd5c01bab1fb695517919337825fcde4abfd4797d64a35f0a9280ce32451628f1c1d8fbdd70f65f0968a6a4f590ddb680e7c86f5eefdcc42bb4065,08/03/2025 04:30:00 AM,1,DRIVER,,2021637,,HONDA,CR-V,IL,2020,UNKNOWN,SPORT UTILITY VEHICLE (SUV),PERSONAL,SW,STRAIGHT AHEAD,,,1,,,,,,Y,,,,,,,,,,,,SIDE-RIGHT,,,,,,,,,,,,,,,,,,,,,,,,,,,,,,,,,
2120653,4f668f0416cd5c01bab1fb695517919337825fcde4abfd4797d64a35f0a9280ce32451628f1c1d8fbdd70f65f0968a6a4f590ddb680e7c86f5eefdcc42bb4065,08/03/2025 04:30:00 AM,2,PARKED,,2021621,,UNKNOWN,ENCLOSED BODY,IL,,UNKNOWN,UNKNOWN/NA,UNKNOWN/NA,SW,PARKED,,,0,,,,,,,,,,,,,,,,,Y,UNKNOWN,,,,,,,,,,,,,,,,,,,,,,,,,,,,,,,,,
2121016,8d25bcdb3f0d918ff834ecf0ccce806853b94ecd1b1df023a56a872df177760974d5d950437a16bbe920fdaede186ce8ac696ed94a49627d66db80bc9bcdaf76,08/03/2025 04:30:00 AM,1,DRIVER,,2021963,,TOYOTA,RAV4,IL,2016,NONE,PASSENGER,PERSONAL,SW,TURNING RIGHT,,,1,,,,,Y,Y,,,,,,,,,,Y,,FRONT-RIGHT-CORNER,,,,,,,,,,,,,,,,,,,,,,,,,,,,,,,,,
2121017,8d25bcdb3f0d918ff834ecf0ccce806853b94ecd1b1df023a56a872df177760974d5d950437a16bbe920fdaede186ce8ac696ed94a49627d66db80bc9bcdaf76,08/03/2025 04:30:00 AM,2,PARKED,,2021965,,TOYOTA,COROLLA,IL,2022,UNKNOWN,PASSENGER,PERSONAL,W,PARKED,,,0,,,,,,,,,,,Y,Y,,,,,,REAR-LEFT-CORNER,,,,,,,,,,,,,,,,,,,,,,,,,,,,,,,,,
2123272,9d43e6b52838b35b885deee663695785dcdc62bd99ef27694fac8d83bf8840879d7b51a1d79cdb95b6465aa780ab2b5346702a380c3f29aef6ed6b6cc7a9d0a3,08/03/2025 04:30:00 AM,1,DRIVER,1,2024123,,CHEVROLET,TRAVERSE,IL,2016,NONE,SPORT UTILITY VEHICLE (SUV),PERSONAL,N,STRAIGHT AHEAD,,,2,,,,,Y,,,,,,,,,,Y,Y,,FRONT,,,,,,,,,,,,,,,,,,,,,,,,,,,,,,,,,
2123273,9d43e6b52838b35b885deee663695785dcdc62bd99ef27694fac8d83bf8840879d7b51a1d79cdb95b6465aa780ab2b5346702a380c3f29aef6ed6b6cc7a9d0a3,08/03/2025 04:30:00 AM,2,PARKED,,2024126,,JEEP,GRAND CHEROKEE,IL,2021,NONE,SPORT UTILITY VEHICLE (SUV),NOT IN USE,N,PARKED,,,0,,,,,,,,,Y,Y,Y,,,,,,,REAR,,,,,,,,,,,,,,,,,,,,,,,,,,,,,,,,,
2120536,378395e6a2fed092ed57b82190a639e91044667a7b624de6eadf3dda658d36e204b9bf336e7439c008e2d9b38b89c66ea3875843db9efa526c732f2b616b3768,08/03/2025 04:22:00 AM,1,DRIVER,,2021507,,JEEP,CHEROKEE,IL,2018,UNKNOWN,PASSENGER,PERSONAL,N,STRAIGHT AHEAD,Y,,1,,PRIVATE TOW,UNKNOWN,,Y,,,,,,,,,,Y,Y,,FRONT,,,,,,,,,,,,,,,,,,,,,,,,,,,,,,,,,
2120537,378395e6a2fed092ed57b82190a639e91044667a7b624de6eadf3dda658d36e204b9bf336e7439c008e2d9b38b89c66ea3875843db9efa526c732f2b616b3768,08/03/2025 04:22:00 AM,2,DRIVER,,2021509,,JEEP,CHEROKEE,IL,2012,UNKNOWN,PASSENGER,PERSONAL,E,STRAIGHT AHEAD,Y,,1,,PRIVATE TOW,UNKNOWN,,Y,Y,Y,Y,Y,Y,,,,,,,,SIDE-RIGHT,,,,,,,,,,,,,,,,,,,,,,,,,,,,,,,,,
2120538,378395e6a2fed092ed57b82190a639e91044667a7b624de6eadf3dda658d36e204b9bf336e7439c008e2d9b38b89c66ea3875843db9efa526c732f2b616b3768,08/03/2025 04:22:00 AM,3,DRIVERLESS,,2021512,,MERCEDES-BENZ,GLC,IN,2019,UNKNOWN,PASSENGER,PERSONAL,N,PARKED,N,,0,,,,,,,,,,,Y,Y,Y,Y,Y,,,SIDE-LEFT,,,,,,,,,,,,,,,,,,,,,,,,,,,,,,,,,
2120539,378395e6a2fed092ed57b82190a639e91044667a7b624de6eadf3dda658d36e204b9bf336e7439c008e2d9b38b89c66ea3875843db9efa526c732f2b616b3768,08/03/2025 04:22:00 AM,4,DRIVERLESS,,2021517,,TOYOTA,CAMRY,MN,2016,UNKNOWN,PASSENGER,PERSONAL,N,PARKED,,,0,,,,,,,,,,,Y,Y,Y,Y,Y,,,SIDE-LEFT,,,,,,,,,,,,,,,,,,,,,,,,,,,,,,,,,
2120549,2b4e94914ab6723ee5c21329eff4e16413fd169969ff5ca37a31f54268e4111104fb57422e661582f0ec240f99f376955d12360d12f60eba634706cb2d2fec6b,08/03/2025 04:17:00 AM,1,DRIVER,,2021514,,TOYOTA,COROLLA,IL,2007,UNKNOWN,UNKNOWN/NA,UNKNOWN/NA,W,STRAIGHT AHEAD,Y,,1,,CITY OF CHICAGO,POUND 6,,Y,Y,,,,,,,,Y,Y,Y,,FRONT,,,,,,,,,,,,,,,,,,,,,,,,,,,,,,,,,
2120550,2b4e94914ab6723ee5c21329eff4e16413fd169969ff5ca37a31f54268e4111104fb57422e661582f0ec240f99f376955d12360d12f60eba634706cb2d2fec6b,08/03/2025 04:17:00 AM,2,DRIVER,,2021518,,CHEVROLET,EQUINOX,IL,2012,UNKNOWN,PASSENGER,PERSONAL,S,STRAIGHT AHEAD,Y,,1,,AAA,TBD,,,,,,,Y,Y,Y,Y,,N,,,SIDE-LEFT-REAR,,,,,,,,,,,,,,,,,,,,,,,,,,,,,,,,,
2125498,8b81bf66703c0ed4fcfaad839da75732d981b6096d9dbeec85c4df206759a9891b14f2ef18c9a3a18ed26293c249b88c0d45a499fe4fe49ee26f0c8110126340,08/03/2025 04:15:00 AM,1,DRIVER,3,2026239,,DODGE,DURANGO,IL,2019,UNKNOWN,PASSENGER,PERSONAL,E,CHANGING LANES,,,4,,,,,,,,,,,,,,,Y,,,FRONT-LEFT-CORNER,,,,,,,,,,,,,,,,,,,,,,,,,,,,,,,,,
2125499,8b81bf66703c0ed4fcfaad839da75732d981b6096d9dbeec85c4df206759a9891b14f2ef18c9a3a18ed26293c249b88c0d45a499fe4fe49ee26f0c8110126340,08/03/2025 04:15:00 AM,2,DRIVER,,2026245,,TOYOTA,CAMRY,IL,2009,UNKNOWN,PASSENGER,PERSONAL,E,STRAIGHT AHEAD,,,1,,,,,Y,Y,,,,,,,,,,Y,,FRONT-RIGHT-CORNER,,,,,,,,,,,,,,,,,,,,,,,,,,,,,,,,,
2120547,301fb5921109fa3cebdc9c3994081f22070a161c7bae29492c93460585902d9ad955f574172596ad95c46d1058100984b9ca891f63eae5f138ab9300bc7bc8d3,08/03/2025 04:08:00 AM,1,DRIVER,,2021513,,UNKNOWN,MOTORIZED,XX,,UNKNOWN,UNKNOWN/NA,UNKNOWN/NA,UNKNOWN,UNKNOWN/NA,,,1,,,,,,,,,,,,,,,,,Y,UNKNOWN,,,,,,,,,,,,,,,,,,,,,,,,,,,,,,,,,
2120548,301fb5921109fa3cebdc9c3994081f22070a161c7bae29492c93460585902d9ad955f574172596ad95c46d1058100984b9ca891f63eae5f138ab9300bc7bc8d3,08/03/2025 04:08:00 AM,2,PEDESTRIAN,,,,,,,,,,,,,,,,,,,,,,,,,,,,,,,,,,,,,,,,,,,,,,,,,,,,,,,,,,,,,,,,,,
2121391,28393d90ba85abf8bfa4caa3368504a270854869bdc9cf1e03381baccb511ce109717640204bf5a4ee22a7ab01d0828bb4e10d85d6653e75b65529b58d67df40,08/03/2025 04:00:00 AM,1,DRIVER,,2022331,,TOYOTA,SIENNA,IL,2016,NONE,VAN/MINI-VAN,PERSONAL,S,STRAIGHT AHEAD,,,1,,,,,Y,Y,,,,,,,,,Y,Y,,FRONT-RIGHT-CORNER,,,,,,,,,,,,,,,,,,,,,,,,,,,,,,,,,
2121392,28393d90ba85abf8bfa4caa3368504a270854869bdc9cf1e03381baccb511ce109717640204bf5a4ee22a7ab01d0828bb4e10d85d6653e75b65529b58d67df40,08/03/2025 04:00:00 AM,2,PARKED,,2022334,,HYUNDAI,SONATA,IL,2015,NONE,PASSENGER,PERSONAL,S,PARKED,,,0,,,,,,,,,,,Y,Y,,,,,,REAR-LEFT-CORNER,,,,,,,,,,,,,,,,,,,,,,,,,,,,,,,,,
2120627,35bc8853275d693cab498beced8ae9f557e2dd6ae6647ba7c0eca1d7f0a2b15419e1499a9eedfb9646583e1f1f4cc536fd0980e689422542ad132a05a6327796,08/03/2025 04:00:00 AM,1,DRIVER,4,2021596,,HYUNDAI,SONATA,IL,2025,NONE,PASSENGER,PERSONAL,N,STRAIGHT AHEAD,Y,,5,,PERSONAL TOW,54/KEDZIE,,Y,Y,Y,,,,,,,,,,,FRONT-RIGHT-CORNER,,,,,,,,,,,,,,,,,,,,,,,,,,,,,,,,,
2120628,35bc8853275d693cab498beced8ae9f557e2dd6ae6647ba7c0eca1d7f0a2b15419e1499a9eedfb9646583e1f1f4cc536fd0980e689422542ad132a05a6327796,08/03/2025 04:00:00 AM,2,PARKED,,2021613,,FORD,EXPLORER,IL,2011,UNKNOWN,UNKNOWN/NA,UNKNOWN/NA,N,PARKED,,,0,,,,,Y,,,,,,Y,Y,Y,,Y,Y,,FRONT-LEFT-CORNER,,,,,,,,,,,,,,,,,,,,,,,,,,,,,,,,,
2120629,35bc8853275d693cab498beced8ae9f557e2dd6ae6647ba7c0eca1d7f0a2b15419e1499a9eedfb9646583e1f1f4cc536fd0980e689422542ad132a05a6327796,08/03/2025 04:00:00 AM,3,PARKED,,2021614,,KIA,RIO / K2,IL,2011,NONE,PASSENGER,PERSONAL,N,PARKED,,,0,,,,,,,,,Y,Y,Y,,,,,,,REAR,,,,,,,,,,,,,,,,,,,,,,,,,,,,,,,,,
2121416,85cbc20cf86a9936d6323ad9b1261a4526afd46e643166db62c7b3d1f972d45c0e3b0c0e07b2556d771c5c166d7b411f3c45ab9f346c85ad0d59837b1bca8125,08/03/2025 04:00:00 AM,1,DRIVER,,2022351,,UNKNOWN,OTHER (EXPLAIN IN NARRATIVE),,,UNKNOWN,UNKNOWN/NA,UNKNOWN/NA,UNKNOWN,UNKNOWN/NA,,,1,,,,,,,,,,,,,,,,,,UNKNOWN,,,,,,,,,,,,,,,,,,,,,,,,,,,,,,,,,
2121417,85cbc20cf86a9936d6323ad9b1261a4526afd46e643166db62c7b3d1f972d45c0e3b0c0e07b2556d771c5c166d7b411f3c45ab9f346c85ad0d59837b1bca8125,08/03/2025 04:00:00 AM,2,PARKED,,2022356,,CHEVROLET,MALIBU,IL,2012,UNKNOWN,PASSENGER,NOT IN USE,S,PARKED,,,0,,,,,,,,,,,,,,,Y,,,FRONT-LEFT-CORNER,,,,,,,,,,,,,,,,,,,,,,,,,,,,,,,,,
2120520,ea468bc40a21d31d48295d33e0196f52a368b00a359b72da61005b3e74a12d4f21a43cb81f3895d2893d24b5a191423f682afee79c1d38cdc8a4cf4be3eb9394,08/03/2025 03:46:00 AM,1,PARKED,,2021481,,VOLKSWAGEN,PASSAT,IL,2019,NONE,PASSENGER,NOT IN USE,S,PARKED,,,0,,,,,,,,,,,,,Y,,,,,SIDE-LEFT-FRONT,,,,,,,,,,,,,,,,,,,,,,,,,,,,,,,,,
2120521,ea468bc40a21d31d48295d33e0196f52a368b00a359b72da61005b3e74a12d4f21a43cb81f3895d2893d24b5a191423f682afee79c1d38cdc8a4cf4be3eb9394,08/03/2025 03:46:00 AM,2,DRIVER,,2021491,,CHEVROLET,GMT400,IN,1996,NONE,VAN/MINI-VAN,PERSONAL,S,STRAIGHT AHEAD,,,1,,,,,,,,,,,,,,,,,,FRONT-RIGHT-CORNER,,,,,,,,,,,,,,,,,,,,,,,,,,,,,,,,,
2120524,b2be98866f9f86f77f5417bf22e2535f52677f3290b57a56005881335162a71e14ee1c6d9d6dae624e8dd600117fe717c92bc8437c8a8ad609af99d60e278a29,08/03/2025 03:43:00 AM,1,DRIVER,,2021485,,FORD,EXPLORER,IL,2014,NONE,PASSENGER,PERSONAL,N,TURNING LEFT,Y,,1,,CITY TOW,POUND 2,,Y,,,,,,,,,,Y,Y,,FRONT,,,,,,,,,,,,,,,,,,,,,,,,,,,,,,,,,
2120518,ba91780c4f62669477b928d9b2c29db6111fe257487e1e4986bac5207950629616991b344208bde5b46334739c385bb90d44308dad16af156e469d0a02aad3a2,08/03/2025 03:40:00 AM,1,DRIVER,,2021472,,FORD,ESCAPE,IL,2013,UNKNOWN,SPORT UTILITY VEHICLE (SUV),UNKNOWN/NA,S,STRAIGHT AHEAD,,,1,,,,,Y,Y,,,,,,,,,,,,FRONT-RIGHT-CORNER,,,,,,,,,,,,,,,,,,,,,,,,,,,,,,,,,
2120519,ba91780c4f62669477b928d9b2c29db6111fe257487e1e4986bac5207950629616991b344208bde5b46334739c385bb90d44308dad16af156e469d0a02aad3a2,08/03/2025 03:40:00 AM,2,PARKED,1,2021478,,FORD,ECONOLINE E450,IL,2003,NONE,TRUCK - SINGLE UNIT,COMMERCIAL - SINGLE UNIT,S,PARKED,,,1,,,,,,,,,,,Y,,,,,,,REAR-LEFT-CORNER,,,,,,,,,,,,,,,,,,,,,,,,,,,,,,,,,
2120535,d35e11561a4de7483b377eaa5d569c1937b1d5aebe813dc15a513a5d43b3d14c33c6c7ce4ded2e0b512b03266a031dc373084c79e8e3a9ee43cd08c312221a6b,08/03/2025 03:38:00 AM,1,DRIVER,,2021519,,AUDI,A4,IL,2012,STEERING,PASSENGER,PERSONAL,W,STRAIGHT AHEAD,Y,,1,,CITY OF CHICAGO,AU,,Y,,,,,,,,Y,Y,Y,Y,,FRONT-LEFT-CORNER,,,,,,,,,,,,,,,,,,,,,,,,,,,,,,,,,
2120501,4cd825a6bad0b824499e49df15045132a6a7b2dedf3b64ec7a86aa16484c4f62c5213507dc37f62f992c0995b73701d1f7f6dedf5f689cdf4a691ce682e294be,08/03/2025 03:30:00 AM,1,DRIVER,,2021464,,JEEP,LIBERTY,IL,2009,NONE,SPORT UTILITY VEHICLE (SUV),PERSONAL,E,STRAIGHT AHEAD,,,1,,,,,,,,,,,,,,,,N,Y,FRONT,,,,,,,,,,,,,,,,,,,,,,,,,,,,,,,,,
2120502,4cd825a6bad0b824499e49df15045132a6a7b2dedf3b64ec7a86aa16484c4f62c5213507dc37f62f992c0995b73701d1f7f6dedf5f689cdf4a691ce682e294be,08/03/2025 03:30:00 AM,2,DRIVER,,2021482,,FORD,FOCUS,IL,2014,NONE,PASSENGER,PERSONAL,E,SLOW/STOP IN TRAFFIC,,,1,,,,,,,,,,Y,,,,,,,,REAR,,,,,,,,,,,,,,,,,,,,,,,,,,,,,,,,,
2120527,9adf3379efc4983ec2aabacd2b82a3f0e141dbf1339ff50f4ccaacb76a8f6c541bf086264dc9ad9eefecdd09776b2161bee155525e18dc82563e9cb768e6e33f,08/03/2025 03:30:00 AM,1,DRIVER,,2021499,,FORD,FUSION,IL,2014,NONE,PASSENGER,PERSONAL,N,STRAIGHT AHEAD,,,1,,,,,,,Y,Y,,,,N,,,,,,SIDE-RIGHT,,,,,,,,,,,,,,,,,,,,,,,,,,,,,,,,,
2120528,9adf3379efc4983ec2aabacd2b82a3f0e141dbf1339ff50f4ccaacb76a8f6c541bf086264dc9ad9eefecdd09776b2161bee155525e18dc82563e9cb768e6e33f,08/03/2025 03:30:00 AM,2,PARKED,,2021503,,MAZDA,CX-30,IL,2024,NONE,PASSENGER,PERSONAL,N,PARKED,,,0,,,,,,,,,,,Y,Y,Y,,,,,SIDE-LEFT-REAR,,,,,,,,,,,,,,,,,,,,,,,,,,,,,,,,,
2120506,dc717d095fa70416763cb735e1ef08bf1c8deb3618cbfa0e0c32929617167b70d118745ac0ff7b73ac09f394d551b9db3b8ddc76ddc38ec42d756a083b2736a8,08/03/2025 03:30:00 AM,1,DRIVER,1,2021463,,FORD,EXPLORER,IL,2021,NONE,OTHER,POLICE,S,TURNING RIGHT,,,2,,,,,,,Y,Y,,,,,,,,,,SIDE-RIGHT-REAR,,,,,,,,,,,,,,,,,,,,,,,,,,,,,,,,,
2120554,19ee986ce832ea06204bc8085fde09861834cf737e99b5d94a5dcbcce28a1e56ea6294c0f72361f2ca87a069b8e0a224a225f46357b06ab9e01a9d514460707a,08/03/2025 03:27:00 AM,1,DRIVER,,2021521,,ACURA,TLX,IL,2008,UNKNOWN,PASSENGER,PERSONAL,S,STRAIGHT AHEAD,Y,,1,,STREETS AND SANITATION,CHICAGO AUTO POUND,,Y,Y,,,,,,,,Y,Y,Y,,FRONT,,,,,,,,,,,,,,,,,,,,,,,,,,,,,,,,,
2120555,19ee986ce832ea06204bc8085fde09861834cf737e99b5d94a5dcbcce28a1e56ea6294c0f72361f2ca87a069b8e0a224a225f46357b06ab9e01a9d514460707a,08/03/2025 03:27:00 AM,2,DRIVER,,2021522,,UNKNOWN,MOTORIZED,XX,,UNKNOWN,UNKNOWN/NA,UNKNOWN/NA,UNKNOWN,UNKNOWN/NA,,,1,,,,,,,,,,,,,,,,,Y,UNKNOWN,,,,,,,,,,,,,,,,,,,,,,,,,,,,,,,,,
2120556,19ee986ce832ea06204bc8085fde09861834cf737e99b5d94a5dcbcce28a1e56ea6294c0f72361f2ca87a069b8e0a224a225f46357b06ab9e01a9d514460707a,08/03/2025 03:27:00 AM,3,DRIVER,,2021524,,KIA,SORENTO,IL,2014,UNKNOWN,PASSENGER,PERSONAL,UNKNOWN,STRAIGHT AHEAD,,,1,,,,,Y,Y,,,,,,,,Y,Y,Y,,FRONT,,,,,,,,,,,,,,,,,,,,,,,,,,,,,,,,,
2120513,015aa2ce4038704fa147d2e5f0e5ed6e5c1e42de691698b390e6351f96ebe241c7316414e31885fc4395f337f4cc68b72835131bb7985e1fc99eff25a5394043,08/03/2025 03:25:00 AM,1,DRIVER,,2021473,,BUICK,ENCLAVE,IL,2012,NONE,PASSENGER,PERSONAL,N,STRAIGHT AHEAD,Y,,1,,OWNER,UNKNOWN,,Y,Y,Y,Y,Y,,Y,Y,Y,Y,Y,Y,,TOTAL (ALL AREAS),,,,,,,,,,,,,,,,,,,,,,,,,,,,,,,,,