CRASH_UNIT_ID,CRASH_RECORD_ID,CRASH_DATE,UNIT_NO,UNIT_TYPE,NUM_PASSENGERS,VEHICLE_ID,CMRC_VEH_I,MAKE,MODEL,LIC_PLATE_STATE,VEHICLE_YEAR,VEHICLE_DEFECT,VEHICLE_TYPE,VEHICLE_USE,TRAVEL_DIRECTION,MANEUVER,TOWED_I,FIRE_I,OCCUPANT_CNT,EXCEED_SPEED_LIMIT_I,TOWED_BY,TOWED_TO,AREA_00_I,AREA_01_I,AREA_02_I,AREA_03_I,AREA_04_I,AREA_05_I,AREA_06_I,AREA_07_I,AREA_08_I,AREA_09_I,AREA_10_I,AREA_11_I,AREA_12_I,AREA_99_I,FIRST_CONTACT_POINT,CMV_ID,USDOT_NO,CCMC_NO,ILCC_NO,COMMERCIAL_SRC,GVWR,CARRIER_NAME,CARRIER_STATE,CARRIER_CITY,HAZMAT_PLACARDS_I,HAZMAT_NAME,UN_NO,HAZMAT_PRESENT_I,HAZMAT_REPORT_I,HAZMAT_REPORT_NO,MCS_REPORT_I,MCS_REPORT_NO,HAZMAT_VIO_CAUSE_CRASH_I,MCS_VIO_CAUSE_CRASH_I,IDOT_PERMIT_NO,WIDE_LOAD_I,TRAILER1_WIDTH,TRAILER2_WIDTH,TRAILER1_LENGTH,TRAILER2_LENGTH,TOTAL_VEHICLE_LENGTH,AXLE_CNT,VEHICLE_CONFIG,CARGO_BODY_TYPE,LOAD_TYPE,HAZMAT_OUT_OF_SERVICE_I,MCS_OUT_OF_SERVICE_I,HAZMAT_CLASS
2120514,015aa2ce4038704fa147d2e5f0e5ed6e5c1e42de691698b390e6351f96ebe241c7316414e31885fc4395f337f4cc68b72835131bb7985e1fc99eff25a5394043,08/03/2025 03:25:00 AM,2,PARKED,,2021476,,TOYOTA,RAV4,IL,2023,UNKNOWN,PASSENGER,PERSONAL,N,PARKED,,,0,,,,,,,,,,,Y,Y,Y,,,,,SIDE-LEFT-REAR,,,,,,,,,,,,,,,,,,,,,,,,,,,,,,,,,
2120515,015aa2ce4038704fa147d2e5f0e5ed6e5c1e42de691698b390e6351f96ebe241c7316414e31885fc4395f337f4cc68b72835131bb7985e1fc99eff25a5394043,08/03/2025 03:25:00 AM,3,PARKED,,2021483,,HONDA,CIVIC,IL,2006,UNKNOWN,UNKNOWN/NA,UNKNOWN/NA,N,PARKED,,,0,,,,,,,,Y,Y,,,,,,,,,SIDE-RIGHT-REAR,,,,,,,,,,,,,,,,,,,,,,,,,,,,,,,,,
2120507,4375d5c2449586cc14e94717ca73d6924776fd37d7b6954633f73173abbf0e957c0768622be8a64cef54e947925a6cab5843bd605454c7aa06720f4a857dcc78,08/03/2025 03:20:00 AM,1,DRIVER,,2021488,,FORD,EDGE,IL,2020,NONE,SPORT UTILITY VEHICLE (SUV),PERSONAL,S,STRAIGHT AHEAD,Y,,1,,PRIVATE TOW,OWNERS RESIDENCE,,Y,,,,,,Y,Y,Y,Y,Y,Y,,FRONT-RIGHT-CORNER,,,,,,,,,,,,,,,,,,,,,,,,,,,,,,,,,
2120508,4375d5c2449586cc14e94717ca73d6924776fd37d7b6954633f73173abbf0e957c0768622be8a64cef54e947925a6cab5843bd605454c7aa06720f4a857dcc78,08/03/2025 03:20:00 AM,2,PARKED,,2021489,,CHEVROLET,SILVERADO,IL,2018,NONE,PICKUP,PERSONAL,S,PARKED,,,0,,,,,,,,,,Y,Y,,,,,,,REAR-LEFT-CORNER,,,,,,,,,,,,,,,,,,,,,,,,,,,,,,,,,
2120742,e489efe947bee385109314d557479fe7dcb35cba3a1b96da60c1099a09b85a2654ef47aff271c815b249c9729799f8a09080e14c0740b716d2226513070f45e4,08/03/2025 03:20:00 AM,1,DRIVER,,2021700,,UNKNOWN,OTHER (EXPLAIN IN NARRATIVE),IL,,UNKNOWN,UNKNOWN/NA,UNKNOWN/NA,UNKNOWN,UNKNOWN/NA,,,1,,,,,,,,,,,,,,,,,Y,UNKNOWN,,,,,,,,,,,,,,,,,,,,,,,,,,,,,,,,,
2120743,e489efe947bee385109314d557479fe7dcb35cba3a1b96da60c1099a09b85a2654ef47aff271c815b249c9729799f8a09080e14c0740b716d2226513070f45e4,08/03/2025 03:20:00 AM,2,PARKED,,2021705,,BMW,330I,IL,2018,UNKNOWN,PASSENGER,PERSONAL,E,PARKED,,,0,,,,,,,,,,,Y,Y,,,,,,REAR-LEFT-CORNER,,,,,,,,,,,,,,,,,,,,,,,,,,,,,,,,,
2120493,00f2db643eb846afff002be54ac314dfc186814270383ab045ba1d19a1b980fb5d6f08b8725e05564aeca8ddb5d308d76f80f34199b921acd578cf3241567d4a,08/03/2025 03:19:00 AM,1,DRIVER,,2021455,,CHEVROLET,SUBURBAN,,,UNKNOWN,SPORT UTILITY VEHICLE (SUV),UNKNOWN/NA,W,STRAIGHT AHEAD,,,1,,,,,,,,,,,,,,,,,Y,FRONT,,,,,,,,,,,,,,,,,,,,,,,,,,,,,,,,,
2120494,00f2db643eb846afff002be54ac314dfc186814270383ab045ba1d19a1b980fb5d6f08b8725e05564aeca8ddb5d308d76f80f34199b921acd578cf3241567d4a,08/03/2025 03:19:00 AM,2,PARKED,,2021457,,CHRYSLER,300,IL,2018,NONE,PASSENGER,NOT IN USE,SW,PARKED,Y,,0,,PRIVATE TOW,,,,,,Y,Y,,Y,Y,Y,,,,,SIDE-LEFT,,,,,,,,,,,,,,,,,,,,,,,,,,,,,,,,,
2120495,00f2db643eb846afff002be54ac314dfc186814270383ab045ba1d19a1b980fb5d6f08b8725e05564aeca8ddb5d308d76f80f34199b921acd578cf3241567d4a,08/03/2025 03:19:00 AM,3,PARKED,,2021460,,HONDA,CIVIC,IL,2019,NONE,PASSENGER,NOT IN USE,SW,PARKED,,,0,,,,,,,,,,,,,Y,Y,,,,SIDE-LEFT,,,,,,,,,,,,,,,,,,,,,,,,,,,,,,,,,
2120509,88f3641924b86a40900625e4b86f51d0c9007149538ffe4cb84e1e8f9dd6a3b5bdf9a4b155d58c19ab7fdf01c3c0154a507e9468044ae94ba8f196ea5be92fcb,08/03/2025 03:09:00 AM,1,DRIVER,,2021484,,JEEP,JEEP,IL,2015,UNKNOWN,PASSENGER,PERSONAL,S,STRAIGHT AHEAD,Y,,1,,OLMEDO TOWING 773 410 1209,,,Y,Y,,,,,,,,,,Y,,FRONT-RIGHT-CORNER,,,,,,,,,,,,,,,,,,,,,,,,,,,,,,,,,
2120510,88f3641924b86a40900625e4b86f51d0c9007149538ffe4cb84e1e8f9dd6a3b5bdf9a4b155d58c19ab7fdf01c3c0154a507e9468044ae94ba8f196ea5be92fcb,08/03/2025 03:09:00 AM,2,DRIVERLESS,,2021486,,TOYOTA,C-HR,IL,2020,UNKNOWN,PASSENGER,PERSONAL,S,PARKED,,,0,,,,,,,,,,,,,Y,Y,Y,,,SIDE-LEFT-FRONT,,,,,,,,,,,,,,,,,,,,,,,,,,,,,,,,,
2120545,29db89c24d6cd676af967f84bcfb151aa69e7cd8120776b8424ef4e55b1b83427452ebd76a2a806271f23ab8b840c87d4d1a75e7ccc8186538940be8ec990fd7,08/03/2025 03:04:00 AM,1,DRIVER,,2021511,,CHEVROLET,IMPALA,IL,2014,UNKNOWN,UNKNOWN/NA,PERSONAL,W,STRAIGHT AHEAD,,,1,,,,,Y,,,,,,,,,,N,Y,,FRONT-RIGHT-CORNER,,,,,,,,,,,,,,,,,,,,,,,,,,,,,,,,,
2120546,29db89c24d6cd676af967f84bcfb151aa69e7cd8120776b8424ef4e55b1b83427452ebd76a2a806271f23ab8b840c87d4d1a75e7ccc8186538940be8ec990fd7,08/03/2025 03:04:00 AM,2,DRIVER,1,2021515,,TOYOTA,COROLLA,IL,2022,NONE,PASSENGER,TAXI/FOR HIRE,W,SLOW/STOP IN TRAFFIC,,,2,,,,,,,,,,Y,Y,,,,,,,REAR-LEFT-CORNER,,,,,,,,,,,,,,,,,,,,,,,,,,,,,,,,,
2121631,ad85d9c30f2b59fa69ed710d8937aad4966d479932ebc969f2b7a3f13f4f24e9d3daae2f203b554b82b72b7b970a1d8c9375ccfdf7d39d22f621fbbe5c0a366e,08/03/2025 03:00:00 AM,1,DRIVER,,2022597,,DODGE,DURANGO,,2022,UNKNOWN,PASSENGER,PERSONAL,E,STRAIGHT AHEAD,,,1,,,,Y,N,,,,,,,,,,N,,,NONE,,,,,,,,,,,,,,,,,,,,,,,,,,,,,,,,,
2121632,ad85d9c30f2b59fa69ed710d8937aad4966d479932ebc969f2b7a3f13f4f24e9d3daae2f203b554b82b72b7b970a1d8c9375ccfdf7d39d22f621fbbe5c0a366e,08/03/2025 03:00:00 AM,2,DRIVER,,2022591,,HONDA,ACCORD,,2000,UNKNOWN,PASSENGER,UNKNOWN/NA,E,STRAIGHT AHEAD,,,1,,,,Y,,,,,,,Y,Y,Y,Y,Y,,,SIDE-LEFT,,,,,,,,,,,,,,,,,,,,,,,,,,,,,,,,,
2127168,e8c6f03e5c0bf3e581eeedb2904bb1fdc4a40f19475aecb39fc1861042794cd1025cd190e6112206d7f2e9a7791bb334b394a4050683b6677bbeb3d123923824,08/03/2025 03:00:00 AM,1,DRIVER,,2027817,,MITSUBISHI,OTHER (EXPLAIN IN NARRATIVE),IL,2014,UNKNOWN,SPORT UTILITY VEHICLE (SUV),UNKNOWN/NA,UNKNOWN,UNKNOWN/NA,,,1,,,,,,,,,,,,,,,,,Y,UNKNOWN,,,,,,,,,,,,,,,,,,,,,,,,,,,,,,,,,
2127169,e8c6f03e5c0bf3e581eeedb2904bb1fdc4a40f19475aecb39fc1861042794cd1025cd190e6112206d7f2e9a7791bb334b394a4050683b6677bbeb3d123923824,08/03/2025 03:00:00 AM,2,PARKED,,2027809,,DODGE,GRAND CARAVAN,IL,2019,NONE,VAN/MINI-VAN,NOT IN USE,N,PARKED,,,0,,,,,,,,,,,Y,,,,,,,REAR-LEFT-CORNER,,,,,,,,,,,,,,,,,,,,,,,,,,,,,,,,,
2120490,3a564a862e3e685a910a5016ef1f9034d0c22c8a90fec14e45a356c0c03fd7b5cf91d6eee885a8ed06f2a96cbfd9f90a8db91583d5488f2a84f30f82117d7956,08/03/2025 02:53:00 AM,1,DRIVER,,2021454,,HONDA,ACCORD,IL,2011,UNKNOWN,PASSENGER,PERSONAL,S,STRAIGHT AHEAD,,,1,,,,,Y,,,,,,,,,,Y,Y,,FRONT,,,,,,,,,,,,,,,,,,,,,,,,,,,,,,,,,
2120491,3a564a862e3e685a910a5016ef1f9034d0c22c8a90fec14e45a356c0c03fd7b5cf91d6eee885a8ed06f2a96cbfd9f90a8db91583d5488f2a84f30f82117d7956,08/03/2025 02:53:00 AM,2,DRIVER,,2021459,,BMW,X3,IL,2004,NONE,PASSENGER,PERSONAL,S,SLOW/STOP IN TRAFFIC,,,1,,,,,,,,Y,Y,Y,Y,Y,,,,,,REAR,,,,,,,,,,,,,,,,,,,,,,,,,,,,,,,,,
2120504,dce839d79aef4d5351d7d90c1feb01ac4e75a2fffaf4ac066864b076d68f3d26555e956d742f089c08b422e15b52b6ff59a1d04805706e70fb83e97d28794561,08/03/2025 02:53:00 AM,1,DRIVER,,2021466,,HONDA,OTHER (EXPLAIN IN NARRATIVE),IL,2008,UNKNOWN,SPORT UTILITY VEHICLE (SUV),PERSONAL,S,STRAIGHT AHEAD,Y,,1,,CITY OF CHICAGO,POUND 3,,Y,,,,,,,,,,Y,Y,,FRONT,,,,,,,,,,,,,,,,,,,,,,,,,,,,,,,,,
2120505,dce839d79aef4d5351d7d90c1feb01ac4e75a2fffaf4ac066864b076d68f3d26555e956d742f089c08b422e15b52b6ff59a1d04805706e70fb83e97d28794561,08/03/2025 02:53:00 AM,2,DRIVER,1,2021469,,FORD,OTHER (EXPLAIN IN NARRATIVE),IL,2016,UNKNOWN,SPORT UTILITY VEHICLE (SUV),PERSONAL,S,STRAIGHT AHEAD,,,2,,,,,,,,,Y,Y,Y,,,,,,,REAR,,,,,,,,,,,,,,,,,,,,,,,,,,,,,,,,,
2124775,124108fcb35c787c22de87bedb850407ace00ace4746c844f8793d02f13e67c9f751f0ad9fda66c78eadc90a842ba33eeebeec62ca406a574be3f372c7f73d47,08/03/2025 02:51:00 AM,1,DRIVER,,2025548,,CHEVROLET,SILVERADO,,,UNKNOWN,UNKNOWN/NA,UNKNOWN/NA,S,UNKNOWN/NA,,,1,,,,,,,,,,,,,,,,,,REAR,,,,,,,,,,,,,,,,,,,,,,,,,,,,,,,,,
2124776,124108fcb35c787c22de87bedb850407ace00ace4746c844f8793d02f13e67c9f751f0ad9fda66c78eadc90a842ba33eeebeec62ca406a574be3f372c7f73d47,08/03/2025 02:51:00 AM,2,PARKED,,2025549,,LEXUS,ES250,IL,2012,UNKNOWN,PASSENGER,UNKNOWN/NA,S,PARKED,,,0,,,,,,,,,,,,,,,,Y,,FRONT,,,,,,,,,,,,,,,,,,,,,,,,,,,,,,,,,
2120492,b62dc95825690488292cc7734401b8d067018891d591e065b8e8362c69500ac3a11351f3d5696493f06c2b05d2a7d7b2eafe37bcdd301ba14c2e590a19729ee7,08/03/2025 02:48:00 AM,1,DRIVER,2,2021452,,NISSAN,PATHFINDER,IL,2023,UNKNOWN,PASSENGER,PERSONAL,W,STRAIGHT AHEAD,Y,,3,,OWNER,,,Y,Y,Y,,,,,,,,,Y,,FRONT-RIGHT-CORNER,,,,,,,,,,,,,,,,,,,,,,,,,,,,,,,,,
2120892,ad1ecdb67876c2384996aa1cfb9a0d067bd8039769c9cd96ae5ad8ddf1f15f81253e308b8969d3734c143c3bea3f3f3d2defad92071bdc612dc0c85e4c67cc10,08/03/2025 02:41:00 AM,1,DRIVER,,2021847,,HONDA,ODYSSEY,IL,2012,UNKNOWN,VAN/MINI-VAN,PERSONAL,N,STRAIGHT AHEAD,,,1,,,,,Y,,,,,,,,,,Y,Y,,FRONT,,,,,,,,,,,,,,,,,,,,,,,,,,,,,,,,,
2120893,ad1ecdb67876c2384996aa1cfb9a0d067bd8039769c9cd96ae5ad8ddf1f15f81253e308b8969d3734c143c3bea3f3f3d2defad92071bdc612dc0c85e4c67cc10,08/03/2025 02:41:00 AM,2,DRIVER,,2021859,,SUBARU,WRX,IL,2020,NONE,PASSENGER,PERSONAL,W,STRAIGHT AHEAD,,,1,,,,,Y,Y,Y,Y,Y,Y,N,N,,,,Y,,SIDE-RIGHT,,,,,,,,,,,,,,,,,,,,,,,,,,,,,,,,,
2120498,cad11dff309c2d85ee35a94de4bee69b71edda23b8ec6a277fdc921d82f82516f869e736a8f560135f9bc3d942a916615084293e20023d4a198757b4b840b4fb,08/03/2025 02:33:00 AM,1,DRIVER,,2021468,,CHEVROLET,MALIBU,IL,2018,NONE,PASSENGER,PERSONAL,W,STRAIGHT AHEAD,Y,,1,,CITY OF CHICAGO,103RD AND DOTY,,Y,Y,,Y,Y,Y,,,,,,Y,,UNKNOWN,,,,,,,,,,,,,,,,,,,,,,,,,,,,,,,,,
2120499,cad11dff309c2d85ee35a94de4bee69b71edda23b8ec6a277fdc921d82f82516f869e736a8f560135f9bc3d942a916615084293e20023d4a198757b4b840b4fb,08/03/2025 02:33:00 AM,2,DRIVER,1,2021475,,CHEVROLET,MALIBU,IL,2023,NONE,PASSENGER,PERSONAL,S,STRAIGHT AHEAD,Y,,2,,PRIVATE,UNKNOWN,,Y,,,,,,Y,,,,Y,Y,,FRONT-LEFT-CORNER,,,,,,,,,,,,,,,,,,,,,,,,,,,,,,,,,
2120486,274f9ba2c8755d23c107fd477e9f3d61f8e68892ef6ed26d567040a6835483ea024e2d39093bd5bdec11b60b0a0312550ed4e16009d093e103f0c81c011860b1,08/03/2025 02:30:00 AM,1,DRIVER,,2021456,,CHEVROLET,COBALT,IL,2010,BRAKES,PASSENGER,PERSONAL,S,SKIDDING/CONTROL LOSS,Y,,1,,DRIVER,,,Y,Y,,,,,,,,,,,,FRONT-RIGHT-CORNER,,,,,,,,,,,,,,,,,,,,,,,,,,,,,,,,,
2120487,274f9ba2c8755d23c107fd477e9f3d61f8e68892ef6ed26d567040a6835483ea024e2d39093bd5bdec11b60b0a0312550ed4e16009d093e103f0c81c011860b1,08/03/2025 02:30:00 AM,2,PARKED,,2021462,,CHEVROLET,MALIBU,IL,2018,UNKNOWN,PASSENGER,NOT IN USE,S,PARKED,,,0,,,,,,,,,N,N,N,,,Y,Y,,,FRONT-LEFT-CORNER,,,,,,,,,,,,,,,,,,,,,,,,,,,,,,,,,
2120488,274f9ba2c8755d23c107fd477e9f3d61f8e68892ef6ed26d567040a6835483ea024e2d39093bd5bdec11b60b0a0312550ed4e16009d093e103f0c81c011860b1,08/03/2025 02:30:00 AM,3,PARKED,,2021465,,BMW,535 SERIES,IL,2014,UNKNOWN,PASSENGER,NOT IN USE,S,PARKED,,,0,,,,,Y,,,,Y,Y,Y,,,,Y,Y,,REAR,,,,,,,,,,,,,,,,,,,,,,,,,,,,,,,,,
2120489,274f9ba2c8755d23c107fd477e9f3d61f8e68892ef6ed26d567040a6835483ea024e2d39093bd5bdec11b60b0a0312550ed4e16009d093e103f0c81c011860b1,08/03/2025 02:30:00 AM,4,PARKED,,2021467,,SATURN,ION,IL,2007,UNKNOWN,PASSENGER,NOT IN USE,S,PARKED,,,0,,,,,,,,,Y,Y,Y,,,,,,,REAR,,,,,,,,,,,,,,,,,,,,,,,,,,,,,,,,,
2120769,2e006a11f819da91158ed5d5c9232b8ec6bf5377038c2e8d4907b0abdf63e038697765be13ef6a08eac999a24cfe23772fb78423fb7056dc4c0b6a9830c759a1,08/03/2025 02:30:00 AM,1,DRIVER,,2021728,,HONDA,CIVIC,IL,2017,NONE,PASSENGER,PERSONAL,N,TURNING LEFT,,,1,,,,,,,,,,,,,,,,,Y,FRONT-LEFT-CORNER,,,,,,,,,,,,,,,,,,,,,,,,,,,,,,,,,
2120770,2e006a11f819da91158ed5d5c9232b8ec6bf5377038c2e8d4907b0abdf63e038697765be13ef6a08eac999a24cfe23772fb78423fb7056dc4c0b6a9830c759a1,08/03/2025 02:30:00 AM,2,DRIVER,,2021730,,NISSAN,ROGUE,IL,2019,NONE,PASSENGER,PERSONAL,N,OTHER,,,1,,,,,,,,Y,Y,,,,,,,,,REAR-RIGHT-CORNER,,,,,,,,,,,,,,,,,,,,,,,,,,,,,,,,,
2120747,cbd6fb62561ec1fa569aacf4081ce705ea1c0099572a7cef2f8885fabf5ed9b7fc35681458a62dd2b5b67af23a9f3974c452b752e260d21ab32184a14a1a6dcf,08/03/2025 02:30:00 AM,1,DRIVER,,2021707,,UNKNOWN,OTHER (EXPLAIN IN NARRATIVE),IL,,UNKNOWN,UNKNOWN/NA,UNKNOWN/NA,UNKNOWN,UNKNOWN/NA,,,1,,,,,,,,,,,,,,,,,,UNKNOWN,,,,,,,,,,,,,,,,,,,,,,,,,,,,,,,,,
2120748,cbd6fb62561ec1fa569aacf4081ce705ea1c0099572a7cef2f8885fabf5ed9b7fc35681458a62dd2b5b67af23a9f3974c452b752e260d21ab32184a14a1a6dcf,08/03/2025 02:30:00 AM,2,PARKED,,2021708,,CHEVROLET,BLAZER,IL,2025,NONE,SPORT UTILITY VEHICLE (SUV),PERSONAL,S,PARKED,,,0,,,,,Y,Y,,,,,,,,,,,,FRONT-RIGHT-CORNER,,,,,,,,,,,,,,,,,,,,,,,,,,,,,,,,,
2120531,37a7812b877f6412093d6627a0ea1a59e2e2f5b0a8cf6e9cc5ae4bf173b7d535e3f2dc2e0693caa68c07cdec1b60cb1a6e03764df9933f0d7b81e2d3cd05add3,08/03/2025 02:25:00 AM,1,DRIVER,,2021495,,HYUNDAI,PALISADE,GA,2022,UNKNOWN,SPORT UTILITY VEHICLE (SUV),PERSONAL,N,STRAIGHT AHEAD,,,1,,,,,,,,,,,,,,,,,,FRONT,,,,,,,,,,,,,,,,,,,,,,,,,,,,,,,,,
2120532,37a7812b877f6412093d6627a0ea1a59e2e2f5b0a8cf6e9cc5ae4bf173b7d535e3f2dc2e0693caa68c07cdec1b60cb1a6e03764df9933f0d7b81e2d3cd05add3,08/03/2025 02:25:00 AM,2,DRIVER,,2021500,,TOYOTA,PRIUS,IL,2013,UNKNOWN,PASSENGER,PERSONAL,N,TURNING LEFT,,,1,,,,,,Y,Y,Y,,,,,,,,,,SIDE-RIGHT,,,,,,,,,,,,,,,,,,,,,,,,,,,,,,,,,
2120540,2d119072cf471f8fc61106495a94235b83bc7b5550bf8794db83e66bbdd4c5a154bbad354b881a3350cffa1b54acd0ad2a33d863645ad95364a5bcd28343af09,08/03/2025 02:21:00 AM,1,DRIVER,1,2021510,,FORD,ESCAPE,IL,2005,UNKNOWN,PASSENGER,PERSONAL,S,STRAIGHT AHEAD,Y,,2,,city of chicago,pound 2,N,Y,Y,Y,Y,Y,Y,Y,Y,Y,Y,Y,Y,,REAR-LEFT-CORNER,,,,,,,,,,,,,,,,,,,,,,,,,,,,,,,,,
2120541,2d119072cf471f8fc61106495a94235b83bc7b5550bf8794db83e66bbdd4c5a154bbad354b881a3350cffa1b54acd0ad2a33d863645ad95364a5bcd28343af09,08/03/2025 02:21:00 AM,2,DRIVER,,2021516,,CHEVROLET,EQUINOX,IL,2020,UNKNOWN,PASSENGER,PERSONAL,E,STRAIGHT AHEAD,,,1,,,,,Y,Y,,,,,,,,Y,Y,Y,,FRONT-RIGHT-CORNER,,,,,,,,,,,,,,,,,,,,,,,,,,,,,,,,,
2120542,2d119072cf471f8fc61106495a94235b83bc7b5550bf8794db83e66bbdd4c5a154bbad354b881a3350cffa1b54acd0ad2a33d863645ad95364a5bcd28343af09,08/03/2025 02:21:00 AM,3,PARKED,,2021520,,HONDA,ODYSSEY,IL,2009,UNKNOWN,PASSENGER,PERSONAL,S,PARKED,,,0,,,,,,,,,Y,Y,Y,Y,Y,Y,Y,,,REAR-LEFT-CORNER,,,,,,,,,,,,,,,,,,,,,,,,,,,,,,,,,
2120516,55765f8c0700207a96d9ed2adeb87bcaa71df5ba618adfa9f26d7fd0a5df4da506b3ba1b20e692768f7f6f163d60d3e516ae8faec0d053c3477493893f12bbbb,08/03/2025 02:15:00 AM,1,DRIVER,1,2021479,,NISSAN,MURANO,IL,2009,NONE,PASSENGER,PERSONAL,N,PASSING/OVERTAKING,Y,,2,,CITY OF CHICAGO,701 N SACRAMENTO,,,,,,,,,,,Y,Y,Y,,FRONT-LEFT-CORNER,,,,,,,,,,,,,,,,,,,,,,,,,,,,,,,,,
2120517,55765f8c0700207a96d9ed2adeb87bcaa71df5ba618adfa9f26d7fd0a5df4da506b3ba1b20e692768f7f6f163d60d3e516ae8faec0d053c3477493893f12bbbb,08/03/2025 02:15:00 AM,2,DRIVER,1,2021494,,FORD,EXPLORER,IL,2021,NONE,PASSENGER,POLICE,N,TURNING LEFT,Y,,2,,CITY OF CHICAGO,,,Y,Y,,,,,,,,,,Y,,FRONT-RIGHT-CORNER,,,,,,,,,,,,,,,,,,,,,,,,,,,,,,,,,
2121898,eeac452227110b8c8d5cd85687e12c0ca4df73ce74d334125861acb90ede5d74fa5466616fd233f0e79c0c6d098db8bb5ef7be293563f6458a124b7a5af8c0c9,08/03/2025 02:00:00 AM,1,DRIVER,,2022825,,PICK-UP MANUFACTURING,PICK-UP MFG.,,,UNKNOWN,PICKUP,UNKNOWN/NA,E,STRAIGHT AHEAD,,,1,,,,,,,,,,,,,,,,,Y,FRONT,,,,,,,,,,,,,,,,,,,,,,,,,,,,,,,,,
2121899,eeac452227110b8c8d5cd85687e12c0ca4df73ce74d334125861acb90ede5d74fa5466616fd233f0e79c0c6d098db8bb5ef7be293563f6458a124b7a5af8c0c9,08/03/2025 02:00:00 AM,2,DRIVER,1,2022830,,HONDA,CIVIC,IL,2015,NONE,PASSENGER,PERSONAL,N,STRAIGHT AHEAD,,,2,,,,,Y,,,,,,,,,,Y,Y,,FRONT,,,,,,,,,,,,,,,,,,,,,,,,,,,,,,,,,
2120999,8626e9bbb943eb09a211a2de5313161ae8077bb08d10cc6f5f9d80c4d584016263bd7e1ffffc48292e7a9543febaf01d3245b03a6b7a04ac87ec589bcedaad6d,08/03/2025 01:50:00 AM,1,DRIVER,,2021946,,HYUNDAI,KONA,IL,2019,UNKNOWN,SPORT UTILITY VEHICLE (SUV),PERSONAL,UNKNOWN,CHANGING LANES,,,1,,,,,Y,Y,,,,,,,,,,,,FRONT-RIGHT-CORNER,,,,,,,,,,,,,,,,,,,,,,,,,,,,,,,,,
2121000,8626e9bbb943eb09a211a2de5313161ae8077bb08d10cc6f5f9d80c4d584016263bd7e1ffffc48292e7a9543febaf01d3245b03a6b7a04ac87ec589bcedaad6d,08/03/2025 01:50:00 AM,2,DRIVER,,2021954,,TOYOTA,PRIUS,IL,2010,UNKNOWN,PASSENGER,PERSONAL,UNKNOWN,STRAIGHT AHEAD,,,1,,,,,,,,,,,,,,Y,Y,,,FRONT-LEFT-CORNER,,,,,,,,,,,,,,,,,,,,,,,,,,,,,,,,,
2120477,dbcaf0b42da12d86bcc2bcc06d55cd37dcb4bb085e52337a4a99b5075bd83b39b13b0d75c62f71d846f8008a0e9acebf33cf05a47884a3b22126f28fe39ee71f,08/03/2025 01:50:00 AM,1,DRIVER,,2021441,,SUBARU,CROSSTREK,IL,2019,NONE,PASSENGER,NOT IN USE,UNKNOWN,BACKING,,,1,,,,,,,,,Y,Y,Y,,,,,,,REAR,,,,,,,,,,,,,,,,,,,,,,,,,,,,,,,,,
2120478,dbcaf0b42da12d86bcc2bcc06d55cd37dcb4bb085e52337a4a99b5075bd83b39b13b0d75c62f71d846f8008a0e9acebf33cf05a47884a3b22126f28fe39ee71f,08/03/2025 01:50:00 AM,2,PARKED,1,2021446,,JEEP,CHEROKEE,IL,2014,NONE,PASSENGER,NOT IN USE,UNKNOWN,PARKED,,,1,,,,,,,Y,Y,Y,,,,,,,,,SIDE-RIGHT-REAR,,,,,,,,,,,,,,,,,,,,,,,,,,,,,,,,,
2120522,c3edb4906ed1e6a1d065a4d902068b4901f52850a665be10dfc29cad1bf155041aeba3edcc41a527803eef32034c11bac247e226e0b0f1cced546c1542c2312f,08/03/2025 01:42:00 AM,1,DRIVER,,2021487,,GENERAL MOTORS CORPORATION (GMC),SIERRA,NB,1999,UNKNOWN,PICKUP,PERSONAL,S,UNKNOWN/NA,,,1,,,,,Y,Y,,,,,,,,,,,,FRONT-RIGHT-CORNER,,,,,,,,,,,,,,,,,,,,,,,,,,,,,,,,,
2120523,c3edb4906ed1e6a1d065a4d902068b4901f52850a665be10dfc29cad1bf155041aeba3edcc41a527803eef32034c11bac247e226e0b0f1cced546c1542c2312f,08/03/2025 01:42:00 AM,2,PARKED,,2021492,,KIA,FORTE,GA,2023,NONE,PASSENGER,PERSONAL,S,PARKED,,,0,,,,,,,,,,,,,Y,Y,Y,,,SIDE-LEFT,,,,,,,,,,,,,,,,,,,,,,,,,,,,,,,,,
2123993,95eea18e4723cd5329d37896a6615ecf19291d65144080164a7b34f78d9bfd7615210f83c4bf529c99a332e5703315e18e5bf27080cdede71940215add757b01,08/03/2025 01:37:00 AM,1,DRIVER,,2024822,,MAZDA,MAZDA6,IL,2014,UNKNOWN,UNKNOWN/NA,UNKNOWN/NA,S,STRAIGHT AHEAD,,,1,,,,,Y,,,,,,,,,,Y,Y,,FRONT,,,,,,,,,,,,,,,,,,,,,,,,,,,,,,,,,
2123994,95eea18e4723cd5329d37896a6615ecf19291d65144080164a7b34f78d9bfd7615210f83c4bf529c99a332e5703315e18e5bf27080cdede71940215add757b01,08/03/2025 01:37:00 AM,2,DRIVER,,2024823,,TOYOTA,COROLLA,IL,2017,UNKNOWN,UNKNOWN/NA,UNKNOWN/NA,W,STRAIGHT AHEAD,,,1,,,,,Y,Y,Y,Y,Y,,,,,,,,,SIDE-RIGHT,,,,,,,,,,,,,,,,,,,,,,,,,,,,,,,,,