CRASH_UNIT_ID,CRASH_RECORD_ID,CRASH_DATE,UNIT_NO,UNIT_TYPE,NUM_PASSENGERS,VEHICLE_ID,CMRC_VEH_I,MAKE,MODEL,LIC_PLATE_STATE,VEHICLE_YEAR,VEHICLE_DEFECT,VEHICLE_TYPE,VEHICLE_USE,TRAVEL_DIRECTION,MANEUVER,TOWED_I,FIRE_I,OCCUPANT_CNT,EXCEED_SPEED_LIMIT_I,TOWED_BY,TOWED_TO,AREA_00_I,AREA_01_I,AREA_02_I,AREA_03_I,AREA_04_I,AREA_05_I,AREA_06_I,AREA_07_I,AREA_08_I,AREA_09_I,AREA_10_I,AREA_11_I,AREA_12_I,AREA_99_I,FIRST_CONTACT_POINT,CMV_ID,USDOT_NO,CCMC_NO,ILCC_NO,COMMERCIAL_SRC,GVWR,CARRIER_NAME,CARRIER_STATE,CARRIER_CITY,HAZMAT_PLACARDS_I,HAZMAT_NAME,UN_NO,HAZMAT_PRESENT_I,HAZMAT_REPORT_I,HAZMAT_REPORT_NO,MCS_REPORT_I,MCS_REPORT_NO,HAZMAT_VIO_CAUSE_CRASH_I,MCS_VIO_CAUSE_CRASH_I,IDOT_PERMIT_NO,WIDE_LOAD_I,TRAILER1_WIDTH,TRAILER2_WIDTH,TRAILER1_LENGTH,TRAILER2_LENGTH,TOTAL_VEHICLE_LENGTH,AXLE_CNT,VEHICLE_CONFIG,CARGO_BODY_TYPE,LOAD_TYPE,HAZMAT_OUT_OF_SERVICE_I,MCS_OUT_OF_SERVICE_I,HAZMAT_CLASS
2120563,6c53dc0fc8b5d8dd12f6149f33d57789f1b69d82ec0b58028109d985710be8f14df4df7fc078b83f6ed25479c7abbc8769d874532178122c5b0e5345332641db,08/03/2025 01:30:00 AM,1,DRIVER,,2021530,,UNKNOWN,OTHER (EXPLAIN IN NARRATIVE),IL,,UNKNOWN,UNKNOWN/NA,UNKNOWN/NA,W,UNKNOWN/NA,,,1,,,,,,,,,,,,,,,,,Y,UNKNOWN,,,,,,,,,,,,,,,,,,,,,,,,,,,,,,,,,
2120564,6c53dc0fc8b5d8dd12f6149f33d57789f1b69d82ec0b58028109d985710be8f14df4df7fc078b83f6ed25479c7abbc8769d874532178122c5b0e5345332641db,08/03/2025 01:30:00 AM,2,PARKED,,2021532,,TOYOTA,CAMRY,IL,2015,NONE,PASSENGER,NOT IN USE,E,PARKED,Y,,0,,unknown,,,,,,,Y,Y,,,,Y,Y,Y,,FRONT-LEFT-CORNER,,,,,,,,,,,,,,,,,,,,,,,,,,,,,,,,,
2120565,6c53dc0fc8b5d8dd12f6149f33d57789f1b69d82ec0b58028109d985710be8f14df4df7fc078b83f6ed25479c7abbc8769d874532178122c5b0e5345332641db,08/03/2025 01:30:00 AM,3,PARKED,,2021533,,VOLKSWAGEN,TIGUAN,IL,2010,NONE,PASSENGER,NOT IN USE,E,PARKED,,,0,,,,,Y,,,,,,,,,,Y,Y,,FRONT,,,,,,,,,,,,,,,,,,,,,,,,,,,,,,,,,
2120471,6c3e56ec13930dbe33386670332ba9ebe0a6b4b4aa282ba7cd4b663fb923fb2863bb2e705b65ca81b7b0e624a002dd743b6ac56e3756d8c84bc2de8fe808f33d,08/03/2025 01:28:00 AM,1,DRIVER,,2021443,,DODGE,RAM 1500 PU,IL,2025,UNKNOWN,PICKUP,OTHER,UNKNOWN,UNKNOWN/NA,,,1,,,,,,,,,,,,,,,,,Y,UNKNOWN,,,,,,,,,,,,,,,,,,,,,,,,,,,,,,,,,
2120472,6c3e56ec13930dbe33386670332ba9ebe0a6b4b4aa282ba7cd4b663fb923fb2863bb2e705b65ca81b7b0e624a002dd743b6ac56e3756d8c84bc2de8fe808f33d,08/03/2025 01:28:00 AM,2,PARKED,,2021448,,HONDA,ACCORD,IL,2013,NONE,PASSENGER,PERSONAL,UNKNOWN,PARKED,,,0,,,,,,,,,,,,,,Y,Y,,,FRONT-LEFT-CORNER,,,,,,,,,,,,,,,,,,,,,,,,,,,,,,,,,
2120483,8352d905c52aee0700b9e7ed12c1c84a9cf234c3978b1ae9658f27710f1ce55f422ed847fe1072ad9b83c9e2385ec5a670fae5b2252aab9f8bf82aa8e2839ec4,08/03/2025 01:21:00 AM,1,DRIVER,1,2021449,,CHRYSLER,300,IL,2012,UNKNOWN,PASSENGER,PERSONAL,S,STRAIGHT AHEAD,Y,,2,,PRIVATE TOW,,,Y,,,,,,,,,,Y,Y,,FRONT,,,,,,,,,,,,,,,,,,,,,,,,,,,,,,,,,
2120484,8352d905c52aee0700b9e7ed12c1c84a9cf234c3978b1ae9658f27710f1ce55f422ed847fe1072ad9b83c9e2385ec5a670fae5b2252aab9f8bf82aa8e2839ec4,08/03/2025 01:21:00 AM,2,DRIVER,1,2021450,,CHEVROLET,EQUINOX,IL,2015,UNKNOWN,SPORT UTILITY VEHICLE (SUV),PERSONAL,E,STRAIGHT AHEAD,Y,,2,,PRIVATE TOW,,,Y,Y,Y,Y,Y,Y,Y,Y,Y,Y,Y,Y,,SIDE-LEFT,,,,,,,,,,,,,,,,,,,,,,,,,,,,,,,,,
2120485,8352d905c52aee0700b9e7ed12c1c84a9cf234c3978b1ae9658f27710f1ce55f422ed847fe1072ad9b83c9e2385ec5a670fae5b2252aab9f8bf82aa8e2839ec4,08/03/2025 01:21:00 AM,3,PARKED,,2021451,,LEXUS,LS,IL,2003,UNKNOWN,PASSENGER,PERSONAL,N,PARKED,,,0,,,,,Y,Y,,,,,,,,Y,Y,Y,,FRONT,,,,,,,,,,,,,,,,,,,,,,,,,,,,,,,,,
2120789,04780d814de19a356d6cff3e8269f111c7993309c27b7d21718ac77ffa076872e78c67f3a1cd1b7737fa4348b13914695e4132f7382bfa154ef24b11aabb3bf1,08/03/2025 01:00:00 AM,1,DRIVER,,2021743,,UNKNOWN,MOTORIZED,,,UNKNOWN,PASSENGER,UNKNOWN/NA,S,STRAIGHT AHEAD,,,1,,,,,,,,,,,,,,,Y,,,SIDE-LEFT-FRONT,,,,,,,,,,,,,,,,,,,,,,,,,,,,,,,,,
2120790,04780d814de19a356d6cff3e8269f111c7993309c27b7d21718ac77ffa076872e78c67f3a1cd1b7737fa4348b13914695e4132f7382bfa154ef24b11aabb3bf1,08/03/2025 01:00:00 AM,2,DRIVER,1,2021750,,NISSAN,ARMADA,IL,2018,NONE,PASSENGER,PERSONAL,S,STRAIGHT AHEAD,,,2,,,,,Y,Y,,,,,,,,,,,,SIDE-LEFT-FRONT,,,,,,,,,,,,,,,,,,,,,,,,,,,,,,,,,
2121037,38296d499afa7d7b3513fb436860081a513bc078516c06243cab72716782320ea5ffc2be48b60c50db018292678277b52f2c8bf1b6f4d68a19aa0582ff8c3cd5,08/03/2025 01:00:00 AM,1,DRIVER,,2021985,,MAZDA,OTHER (EXPLAIN IN NARRATIVE),,,UNKNOWN,PASSENGER,UNKNOWN/NA,W,PASSING/OVERTAKING,,,1,,,,,,,,,,,,,,,Y,,,FRONT-LEFT-CORNER,,,,,,,,,,,,,,,,,,,,,,,,,,,,,,,,,
2121038,38296d499afa7d7b3513fb436860081a513bc078516c06243cab72716782320ea5ffc2be48b60c50db018292678277b52f2c8bf1b6f4d68a19aa0582ff8c3cd5,08/03/2025 01:00:00 AM,2,DRIVER,,2021984,,NISSAN,KICKS,,,UNKNOWN,PASSENGER,PERSONAL,W,SLOW/STOP IN TRAFFIC,,,1,,,,,,,,,Y,N,,,,,,,,REAR-RIGHT-CORNER,,,,,,,,,,,,,,,,,,,,,,,,,,,,,,,,,
2120511,4db0b621660532caa753f2b8c32a93b24d38db3f77eaa04155088478c2d151796ea2d6d2c97516f92a70f69caf41ae93b0a41969dae788a7e35ea82f6b700838,08/03/2025 01:00:00 AM,1,DRIVER,,2021470,,SUZUKI,OTHER (EXPLAIN IN NARRATIVE),IL,2012,LIGHTS,MOTORCYCLE (OVER 150CC),PERSONAL,W,STRAIGHT AHEAD,,,1,,,,,N,,,,,,,,,,,Y,,FRONT,,,,,,,,,,,,,,,,,,,,,,,,,,,,,,,,,
2120512,4db0b621660532caa753f2b8c32a93b24d38db3f77eaa04155088478c2d151796ea2d6d2c97516f92a70f69caf41ae93b0a41969dae788a7e35ea82f6b700838,08/03/2025 01:00:00 AM,2,DRIVER,,2021480,,CHRYSLER,TOWN & COUNTRY,IL,2012,NONE,VAN/MINI-VAN,PERSONAL,N,STRAIGHT AHEAD,,,1,,,,,,,,Y,Y,Y,,,,,,,,REAR,,,,,,,,,,,,,,,,,,,,,,,,,,,,,,,,,
2120459,a511909a96168e037b441ee1439b0a9feb74b0cfc04e6299462411931b299d502b95bb617b4f1dccd659d612a1c9da01d2bbd9c2cc62f30e020146458467fe52,08/03/2025 01:00:00 AM,1,DRIVER,,2021436,,MAZDA,CX-7,IL,2007,UNKNOWN,PASSENGER,PERSONAL,UNKNOWN,BACKING,,,1,,,,,,,,,,,,,,,,,Y,UNKNOWN,,,,,,,,,,,,,,,,,,,,,,,,,,,,,,,,,
2120460,a511909a96168e037b441ee1439b0a9feb74b0cfc04e6299462411931b299d502b95bb617b4f1dccd659d612a1c9da01d2bbd9c2cc62f30e020146458467fe52,08/03/2025 01:00:00 AM,2,DRIVER,1,2021433,,HYUNDAI,ELANTRA,IL,2021,NONE,PASSENGER,PERSONAL,UNKNOWN,STRAIGHT AHEAD,,,2,,,,,Y,Y,,,,,,,,,,,,FRONT-LEFT-CORNER,,,,,,,,,,,,,,,,,,,,,,,,,,,,,,,,,
2120543,aa48d43b09bbb9116899dc66dce64710beb623809a5100efe0afee9a2659b03b3d9c37f2788662a8f6d1785f8356bba900bb9979291e9e69781f5b154ca1923d,08/03/2025 01:00:00 AM,1,DRIVER,,2021508,,JEEP,LIBERTY,IL,2008,UNKNOWN,PASSENGER,UNKNOWN/NA,W,STRAIGHT AHEAD,,,1,,,,,,,,,,,,,,,,N,Y,FRONT,,,,,,,,,,,,,,,,,,,,,,,,,,,,,,,,,
2120544,aa48d43b09bbb9116899dc66dce64710beb623809a5100efe0afee9a2659b03b3d9c37f2788662a8f6d1785f8356bba900bb9979291e9e69781f5b154ca1923d,08/03/2025 01:00:00 AM,2,PEDESTRIAN,,,,,,,,,,,,,,,,,,,,,,,,,,,,,,,,,,,,,,,,,,,,,,,,,,,,,,,,,,,,,,,,,,
2123403,1eeed1cdc0fa1b586ea16bcc57e24659f0bafb25aa4b6f2a2bd41955f3a9912fb1eb74aca6e72f65712dab7defee75ab1f5f4187ac6a51da58290e2a3e81c15d,08/03/2025 12:58:00 AM,1,DRIVER,,2024253,,CHRYSLER,300,IL,2013,UNKNOWN,PASSENGER,UNKNOWN/NA,UNKNOWN,UNKNOWN/NA,Y,Y,1,,CPD,AUTO POUND #2,,,,,,,,,,,,,,,UNKNOWN,,,,,,,,,,,,,,,,,,,,,,,,,,,,,,,,,
2120473,73d063cbdd503fa9446ef77009902cbfeb71f01e1569043aaa71a99e9b971d6f901ce11bdb5fd3c01a91e4e9c617931415d888014ee839a36583507aaf55b046,08/03/2025 12:52:00 AM,1,DRIVER,,2021439,,HYUNDAI,ELANTRA,IL,2012,UNKNOWN,PASSENGER,PERSONAL,E,STRAIGHT AHEAD,Y,,1,,personal,personal,,Y,Y,Y,Y,Y,,,,,Y,Y,Y,,FRONT-RIGHT-CORNER,,,,,,,,,,,,,,,,,,,,,,,,,,,,,,,,,
2120474,73d063cbdd503fa9446ef77009902cbfeb71f01e1569043aaa71a99e9b971d6f901ce11bdb5fd3c01a91e4e9c617931415d888014ee839a36583507aaf55b046,08/03/2025 12:52:00 AM,2,PARKED,,2021444,,HONDA,CIVIC,IL,2012,UNKNOWN,PASSENGER,PERSONAL,E,PARKED,,,0,,,,,,,,,Y,Y,Y,,,,,,,REAR,,,,,,,,,,,,,,,,,,,,,,,,,,,,,,,,,
2120475,73d063cbdd503fa9446ef77009902cbfeb71f01e1569043aaa71a99e9b971d6f901ce11bdb5fd3c01a91e4e9c617931415d888014ee839a36583507aaf55b046,08/03/2025 12:52:00 AM,3,PARKED,,2021447,,HONDA,PILOT,IL,2005,UNKNOWN,VAN/MINI-VAN,PERSONAL,E,PARKED,,,0,,,,,Y,,,,,,,Y,Y,Y,Y,Y,,REAR-LEFT-CORNER,,,,,,,,,,,,,,,,,,,,,,,,,,,,,,,,,
2120463,0dd62ab1802d1034b1f17587ef7ce2f564edb95644cabae3ad7d2a50b6756392709f96aff948c0a5a04bb027ff072d4e0e9ebbc1faffbf27dd5493278929269e,08/03/2025 12:46:00 AM,1,DRIVER,,2021427,,SUBARU,IMPREZA,IL,2024,NONE,OTHER,PERSONAL,S,TURNING RIGHT,,,1,,,,,,,,,Y,,,,,,,,,REAR-RIGHT-CORNER,,,,,,,,,,,,,,,,,,,,,,,,,,,,,,,,,
2120464,0dd62ab1802d1034b1f17587ef7ce2f564edb95644cabae3ad7d2a50b6756392709f96aff948c0a5a04bb027ff072d4e0e9ebbc1faffbf27dd5493278929269e,08/03/2025 12:46:00 AM,2,DRIVER,3,2021434,,NOVA BUS,OTHER (EXPLAIN IN NARRATIVE),IL,2014,NONE,BUS OVER 15 PASS.,CTA,S,STRAIGHT AHEAD,,,4,,,,,,,,,,,,,,,Y,,,FRONT-LEFT-CORNER,,,,,,,,,,,,,,,,,,,,,,,,,,,,,,,,,
2120500,85c585ec6d0d4b3d17cc87b0ec568ab92de5a37fd320a84826a77afe24c5d3a2fddf634c8431014288cf7411d4dc624ed9c9c9710edf4776dd665823616d0e65,08/03/2025 12:44:00 AM,1,DRIVER,,2021461,,GENERAL MOTORS CORPORATION (GMC),TERRAIN,IL,2021,NONE,PASSENGER,PERSONAL,UNKNOWN,UNKNOWN/NA,Y,,1,,CPD,POUND 2,,Y,Y,Y,,,,,,Y,Y,Y,Y,,FRONT,,,,,,,,,,,,,,,,,,,,,,,,,,,,,,,,,
2120449,1116a563f4e6fbf882a9e57909768f054c4c561d6437c354c390afc11a60eb04b54334159c67ec3b6ecbf343f79b8417f60929495e8149c2f6c185cd03ba0015,08/03/2025 12:41:00 AM,1,DRIVER,1,2021474,,JEEP,GRAND CHEROKEE,IL,2019,UNKNOWN,PASSENGER,PERSONAL,N,STRAIGHT AHEAD,,,2,,,,,Y,,,,,,,,,,Y,Y,,FRONT,,,,,,,,,,,,,,,,,,,,,,,,,,,,,,,,,
2120450,1116a563f4e6fbf882a9e57909768f054c4c561d6437c354c390afc11a60eb04b54334159c67ec3b6ecbf343f79b8417f60929495e8149c2f6c185cd03ba0015,08/03/2025 12:41:00 AM,2,DRIVER,,2021477,,CHEVROLET,CORVETTE,IL,2017,NONE,PASSENGER,PERSONAL,N,STRAIGHT AHEAD,,,1,,,,,,,,,Y,Y,Y,,,,,,,REAR,,,,,,,,,,,,,,,,,,,,,,,,,,,,,,,,,
2120469,b3bfb4796e912e2ef52b75daaac95438558bbd1fc237699c24f3a1695a711d197a22b042a48836bd0a590831f04ca72b55da90d97b0eb58b954b60d55ce48a33,08/03/2025 12:30:00 AM,1,DRIVER,3,2021432,,UNKNOWN,OTHER (EXPLAIN IN NARRATIVE),IL,,UNKNOWN,PASSENGER,PERSONAL,E,TURNING LEFT,,,4,,,,,,,,,,,,,,,,,Y,FRONT,,,,,,,,,,,,,,,,,,,,,,,,,,,,,,,,,
2120470,b3bfb4796e912e2ef52b75daaac95438558bbd1fc237699c24f3a1695a711d197a22b042a48836bd0a590831f04ca72b55da90d97b0eb58b954b60d55ce48a33,08/03/2025 12:30:00 AM,2,PEDESTRIAN,,,,,,,,,,,,,,,,,,,,,,,,,,,,,,,,,,,,,,,,,,,,,,,,,,,,,,,,,,,,,,,,,,
2120457,1512514e3cb1e2cc210f5d3e55bd4f239a11ce505120e415ce27138e4f0eec7a9dc406daaceb08d01a5695f5290fe944291185b3b49a4a561996ba22baed6450,08/03/2025 12:25:00 AM,1,DRIVER,,2021425,,NISSAN,ALTIMA,IL,2016,UNKNOWN,PASSENGER,PERSONAL,E,STRAIGHT AHEAD,,,1,,,,,Y,,,,,,,,,,Y,Y,,FRONT,,,,,,,,,,,,,,,,,,,,,,,,,,,,,,,,,
2120458,1512514e3cb1e2cc210f5d3e55bd4f239a11ce505120e415ce27138e4f0eec7a9dc406daaceb08d01a5695f5290fe944291185b3b49a4a561996ba22baed6450,08/03/2025 12:25:00 AM,2,DRIVER,,2021428,,TOYOTA,CAMRY,IL,2024,NONE,PASSENGER,PERSONAL,E,SLOW/STOP IN TRAFFIC,,,1,,,,,,,,,Y,Y,Y,,,,,,,REAR,,,,,,,,,,,,,,,,,,,,,,,,,,,,,,,,,
2120436,ca21f07818c04b555cdb19bf98f9d8055f7c739efb57a84e5fd42c9f88107553df86292a518ca081a561a68fe45866c0d3d7178bf1a37f60b61e7634d8889f4b,08/03/2025 12:24:00 AM,1,DRIVER,,2021405,,JEEP,GRAND CHEROKEE,IL,2021,NONE,PASSENGER,PERSONAL,S,STRAIGHT AHEAD,,,1,,,,,Y,,,,,,,,,,Y,Y,,FRONT,,,,,,,,,,,,,,,,,,,,,,,,,,,,,,,,,
2120437,ca21f07818c04b555cdb19bf98f9d8055f7c739efb57a84e5fd42c9f88107553df86292a518ca081a561a68fe45866c0d3d7178bf1a37f60b61e7634d8889f4b,08/03/2025 12:24:00 AM,2,DRIVER,,2021409,,FORD,MAVERICK TRUCK,IL,2025,NONE,PICKUP,PERSONAL,W,STRAIGHT AHEAD,Y,,1,,Private Tow,,,,,,Y,Y,Y,,,,,,,,REAR-RIGHT-CORNER,,,,,,,,,,,,,,,,,,,,,,,,,,,,,,,,,
2120431,8573c0df53d2923e7a416b7e569eaf8dad25dbe4eab76e912d3ddcb7a67dea93bb2e613d9840c5692bcb31382fdefabc7d422e82c6551eb8d370b88c4beb044d,08/03/2025 12:21:00 AM,1,DRIVER,,2021440,,DODGE,OTHER (EXPLAIN IN NARRATIVE),IL,2022,NONE,OTHER,TOW TRUCK,W,TURNING RIGHT,,,1,,,,,,,,,N,,,,,,,,,OTHER,,,,,,,,,,,,,,,,,,,,,,,,,,,,,,,,,
2120432,8573c0df53d2923e7a416b7e569eaf8dad25dbe4eab76e912d3ddcb7a67dea93bb2e613d9840c5692bcb31382fdefabc7d422e82c6551eb8d370b88c4beb044d,08/03/2025 12:21:00 AM,2,DRIVER,1,2021445,,CHEVROLET,IMPALA,IL,2015,NONE,PASSENGER,PERSONAL,W,TURNING RIGHT,,,2,,,,,,,,,,,,N,,Y,Y,,,FRONT-LEFT-CORNER,,,,,,,,,,,,,,,,,,,,,,,,,,,,,,,,,
2123389,0573bfb120b5efebfa9ee7f845f65ef47a18dd124ea21c1e99f8f7963fc9d651d8c02d9c51b9b047c1d25d8e6c0d6723530f0605f3010c20a8987c9967d79471,08/03/2025 12:20:00 AM,1,DRIVER,,2024233,,ACURA,ADX,IL,2012,UNKNOWN,PASSENGER,PERSONAL,N,STRAIGHT AHEAD,,,1,,,,Y,,,,,,,,,,,Y,Y,,FRONT-RIGHT-CORNER,,,,,,,,,,,,,,,,,,,,,,,,,,,,,,,,,
2123390,0573bfb120b5efebfa9ee7f845f65ef47a18dd124ea21c1e99f8f7963fc9d651d8c02d9c51b9b047c1d25d8e6c0d6723530f0605f3010c20a8987c9967d79471,08/03/2025 12:20:00 AM,2,DRIVER,,2024234,,VOLKSWAGEN,RABBIT,IL,2007,UNKNOWN,PASSENGER,PERSONAL,SE,TURNING LEFT,,,1,,,,Y,,,,,,,,,,,,,,SIDE-LEFT-FRONT,,,,,,,,,,,,,,,,,,,,,,,,,,,,,,,,,
2120465,d00a59db3e65bf2984580959f3cd8587a8d360f46226173042a194db3cb9ed25d2b1c2c0e96fb837be4be30f5cd0f04c7b4744ef6acf0327b6e38e89f872c2ab,08/03/2025 12:18:00 AM,1,DRIVER,,2021424,,NOVA BUS,OTHER (EXPLAIN IN NARRATIVE),IL,2024,NONE,BUS OVER 15 PASS.,CTA,N,STRAIGHT AHEAD,,,1,,,,,,,,,,,,,,,,,Y,UNKNOWN,,,,,,,,,,,,,,,,,,,,,,,,,,,,,,,,,
2120466,d00a59db3e65bf2984580959f3cd8587a8d360f46226173042a194db3cb9ed25d2b1c2c0e96fb837be4be30f5cd0f04c7b4744ef6acf0327b6e38e89f872c2ab,08/03/2025 12:18:00 AM,2,PARKED,,2021430,,TESLA,MODEL Y,IL,2022,NONE,PASSENGER,PERSONAL,N,PARKED,,,0,,,,,,,,,,,,,,Y,Y,N,,FRONT-LEFT-CORNER,,,,,,,,,,,,,,,,,,,,,,,,,,,,,,,,,
2120447,37dfa3130c2dfec7f0479b2dd1c370e84a1d272f360ebd0e09a8de00378994907509e5ac4af04b05c929f858b5aac4e6a977d0561ea5566a56acbd27f6c38340,08/03/2025 12:16:00 AM,1,DRIVER,2,2021417,,OLDSMOBILE,CUTLASS SUPREME,IL,1984,UNKNOWN,PASSENGER,UNKNOWN/NA,N,U-TURN,Y,,3,,,,,Y,Y,Y,Y,,,,,,,,,,SIDE-RIGHT,,,,,,,,,,,,,,,,,,,,,,,,,,,,,,,,,
2120448,37dfa3130c2dfec7f0479b2dd1c370e84a1d272f360ebd0e09a8de00378994907509e5ac4af04b05c929f858b5aac4e6a977d0561ea5566a56acbd27f6c38340,08/03/2025 12:16:00 AM,2,DRIVER,,2021523,,HARLEY-DAVIDSON,HARLEY-DAVIDSON,IL,2002,UNKNOWN,MOTORCYCLE (OVER 150CC),PERSONAL,S,STRAIGHT AHEAD,Y,,1,,,,,N,,,,,,,,,,N,N,,TOTAL (ALL AREAS),,,,,,,,,,,,,,,,,,,,,,,,,,,,,,,,,
2120467,2d747a752bb542bdb8d20e5910da072890ae6775f4cf02fe629b00fd709eb040eb18947ac5a1002df6aa0fea69e3c117ea8a16414b158c6a50455f522da0dc7c,08/03/2025 12:15:00 AM,1,DRIVER,,2021429,,FORD,F550,IN,2023,UNKNOWN,OTHER,AMBULANCE,E,AVOIDING VEHICLES/OBJECTS,,,1,,,,Y,,,,,,,,,,,,,,REAR-LEFT-CORNER,,,,,,,,,,,,,,,,,,,,,,,,,,,,,,,,,
2120468,2d747a752bb542bdb8d20e5910da072890ae6775f4cf02fe629b00fd709eb040eb18947ac5a1002df6aa0fea69e3c117ea8a16414b158c6a50455f522da0dc7c,08/03/2025 12:15:00 AM,2,PARKED,,2021437,,FORD,E-TRANSIT,IL,1990,UNKNOWN,OTHER,AMBULANCE,S,PARKED,,,0,,,,,,,,,,,,,,,,Y,,FRONT,,,,,,,,,,,,,,,,,,,,,,,,,,,,,,,,,
2120424,d09f2c349c64ba585a403e7658b044356018cf978592b43d5ee8595936c556dd10e83c6a65250687fbd170fcfbce1feb37c01c1fb651b8b5dd5456fe2535754b,08/03/2025 12:14:00 AM,1,DRIVER,,2021400,,NISSAN,VERSA,,2011,UNKNOWN,PASSENGER,UNKNOWN/NA,N,STRAIGHT AHEAD,Y,,1,,AIRLINE,12110 S LA SALLE ST,,Y,,,,,,,,,,Y,Y,,FRONT,,,,,,,,,,,,,,,,,,,,,,,,,,,,,,,,,
2120425,d09f2c349c64ba585a403e7658b044356018cf978592b43d5ee8595936c556dd10e83c6a65250687fbd170fcfbce1feb37c01c1fb651b8b5dd5456fe2535754b,08/03/2025 12:14:00 AM,2,PARKED,,2021410,,FORD,FUSION,IL,2013,UNKNOWN,PASSENGER,UNKNOWN/NA,N,PARKED,,,0,,,,,,,,,,Y,Y,,,,,,,FRONT-LEFT-CORNER,,,,,,,,,,,,,,,,,,,,,,,,,,,,,,,,,
2120438,5ac8d1b0754638b1010618583b2da7f9fe2bfdd06dc978815064cf1fbb6e50dd318c7b12caa075d3cfb7dca216140102318a03a6f5847a6ca8b1985430f8615d,08/03/2025 12:08:00 AM,1,DRIVER,,2021406,,BMW,328I,IL,2008,UNKNOWN,PASSENGER,UNKNOWN/NA,W,STRAIGHT AHEAD,Y,,1,,city of chicago,103/doty,,Y,,,,,,Y,Y,Y,Y,Y,Y,,FRONT-LEFT-CORNER,,,,,,,,,,,,,,,,,,,,,,,,,,,,,,,,,
2120603,9a4133853b60a9df045acd495eae24c0153262f30573b4d4e589b0b3235105417eaa446f9526b2194a416c2871c2eea22dd90ef98d82b2e87d9a6414c5629f0d,08/03/2025 12:01:00 AM,1,DRIVER,,2021563,,UNKNOWN,OTHER (EXPLAIN IN NARRATIVE),IL,,UNKNOWN,UNKNOWN/NA,UNKNOWN/NA,UNKNOWN,UNKNOWN/NA,,,1,,,,,,,,,,,,,,,,,Y,UNKNOWN,,,,,,,,,,,,,,,,,,,,,,,,,,,,,,,,,
2120604,9a4133853b60a9df045acd495eae24c0153262f30573b4d4e589b0b3235105417eaa446f9526b2194a416c2871c2eea22dd90ef98d82b2e87d9a6414c5629f0d,08/03/2025 12:01:00 AM,2,PARKED,,2021565,,CHEVROLET,MALIBU,IL,2024,NONE,PASSENGER,PERSONAL,S,PARKED,,,0,,,,,,Y,,,,Y,Y,,Y,Y,Y,,,UNKNOWN,,,,,,,,,,,,,,,,,,,,,,,,,,,,,,,,,
2123365,5dd11f7c1d601e3b29078f43a95e1d1d7ec909b85c1909677d2adabc7e4a683204a9299293127235124b77f0e578494b9f1e42e6a6886de4b9fe368045cd75b1,08/03/2025 12:00:00 AM,1,DRIVER,,2024259,,UNKNOWN,OTHER (EXPLAIN IN NARRATIVE),IL,,UNKNOWN,UNKNOWN/NA,UNKNOWN/NA,UNKNOWN,UNKNOWN/NA,,,1,,,,,,,,,,,,,,,,,Y,UNKNOWN,,,,,,,,,,,,,,,,,,,,,,,,,,,,,,,,,
2123366,5dd11f7c1d601e3b29078f43a95e1d1d7ec909b85c1909677d2adabc7e4a683204a9299293127235124b77f0e578494b9f1e42e6a6886de4b9fe368045cd75b1,08/03/2025 12:00:00 AM,2,PARKED,,2024228,,CHEVROLET,CRUZE,IL,2018,NONE,PASSENGER,PERSONAL,N,PARKED,,,0,,,,,Y,Y,Y,Y,Y,,N,N,N,N,N,,,UNKNOWN,,,,,,,,,,,,,,,,,,,,,,,,,,,,,,,,,
2120529,f9af5a7bffb4e402312e47334942c11abc5469b5aa4ceca37e15bb48512ea27cc871057b8475b2a15dcd64a07211e3dc8b44225d760185ef38ccf1ca9470d7fb,08/03/2025 12:00:00 AM,1,DRIVER,,2021497,,TOYOTA,PRIUS,IL,2013,NONE,PASSENGER,COMMERCIAL - SINGLE UNIT,NE,STRAIGHT AHEAD,,,1,,,,Y,,,,,,,,,,,,,,FRONT,,,,,,,,,,,,,,,,,,,,,,,,,,,,,,,,,
2120530,f9af5a7bffb4e402312e47334942c11abc5469b5aa4ceca37e15bb48512ea27cc871057b8475b2a15dcd64a07211e3dc8b44225d760185ef38ccf1ca9470d7fb,08/03/2025 12:00:00 AM,2,DRIVER,1,2021504,,AUDI,A3,IL,2015,NONE,PASSENGER,PERSONAL,NE,STRAIGHT AHEAD,,,2,,,,,,,,,Y,Y,Y,,,,,,,REAR,,,,,,,,,,,,,,,,,,,,,,,,,,,,,,,,,
2120403,900a323295269f37f4c0b3c924285cae9fffb37ddea89e0a9f8b1a0e5c10b91815142e1627633aa366df7d095169eb4b16328a7eacad3fa678a8c21631f0008c,08/02/2025 11:45:00 PM,1,DRIVER,1,2021376,,TOYOTA,COROLLA,,2010,NONE,PASSENGER,PERSONAL,S,CHANGING LANES,,,2,,,,,,,,,,,,,,,Y,,,FRONT-LEFT-CORNER,,,,,,,,,,,,,,,,,,,,,,,,,,,,,,,,,
2120404,900a323295269f37f4c0b3c924285cae9fffb37ddea89e0a9f8b1a0e5c10b91815142e1627633aa366df7d095169eb4b16328a7eacad3fa678a8c21631f0008c,08/02/2025 11:45:00 PM,2,DRIVER,,2021381,,TOYOTA,PRIUS,IL,2015,NONE,PASSENGER,PERSONAL,S,STRAIGHT AHEAD,,,1,,,,,,,,Y,Y,,,,,,,,,REAR-RIGHT-CORNER,,,,,,,,,,,,,,,,,,,,,,,,,,,,,,,,,