CRASH_UNIT_ID,CRASH_RECORD_ID,CRASH_DATE,UNIT_NO,UNIT_TYPE,NUM_PASSENGERS,VEHICLE_ID,CMRC_VEH_I,MAKE,MODEL,LIC_PLATE_STATE,VEHICLE_YEAR,VEHICLE_DEFECT,VEHICLE_TYPE,VEHICLE_USE,TRAVEL_DIRECTION,MANEUVER,TOWED_I,FIRE_I,OCCUPANT_CNT,EXCEED_SPEED_LIMIT_I,TOWED_BY,TOWED_TO,AREA_00_I,AREA_01_I,AREA_02_I,AREA_03_I,AREA_04_I,AREA_05_I,AREA_06_I,AREA_07_I,AREA_08_I,AREA_09_I,AREA_10_I,AREA_11_I,AREA_12_I,AREA_99_I,FIRST_CONTACT_POINT,CMV_ID,USDOT_NO,CCMC_NO,ILCC_NO,COMMERCIAL_SRC,GVWR,CARRIER_NAME,CARRIER_STATE,CARRIER_CITY,HAZMAT_PLACARDS_I,HAZMAT_NAME,UN_NO,HAZMAT_PRESENT_I,HAZMAT_REPORT_I,HAZMAT_REPORT_NO,MCS_REPORT_I,MCS_REPORT_NO,HAZMAT_VIO_CAUSE_CRASH_I,MCS_VIO_CAUSE_CRASH_I,IDOT_PERMIT_NO,WIDE_LOAD_I,TRAILER1_WIDTH,TRAILER2_WIDTH,TRAILER1_LENGTH,TRAILER2_LENGTH,TOTAL_VEHICLE_LENGTH,AXLE_CNT,VEHICLE_CONFIG,CARGO_BODY_TYPE,LOAD_TYPE,HAZMAT_OUT_OF_SERVICE_I,MCS_OUT_OF_SERVICE_I,HAZMAT_CLASS
2120427,800f14dcc4111000a4ecc7473ca3d2f6c34d1a2a561622305183cd2ff3a8c3f285624637ddc0319e22857fae1deb5093dcc9faa80eba59c5f5eedd17ab792453,08/02/2025 11:44:00 PM,1,DRIVER,,2021398,,HONDA,CIVIC,IL,2018,UNKNOWN,PASSENGER,UNKNOWN/NA,E,STRAIGHT AHEAD,,,1,,,,,,,,,,,,,,Y,Y,Y,,FRONT-LEFT-CORNER,,,,,,,,,,,,,,,,,,,,,,,,,,,,,,,,,
2120428,800f14dcc4111000a4ecc7473ca3d2f6c34d1a2a561622305183cd2ff3a8c3f285624637ddc0319e22857fae1deb5093dcc9faa80eba59c5f5eedd17ab792453,08/02/2025 11:44:00 PM,2,DRIVER,1,2021401,,GENERAL MOTORS CORPORATION (GMC),TERRAIN,IL,2012,UNKNOWN,PASSENGER,UNKNOWN/NA,W,STRAIGHT AHEAD,,,2,,,,,,,,,,,,,,Y,Y,Y,,FRONT-LEFT-CORNER,,,,,,,,,,,,,,,,,,,,,,,,,,,,,,,,,
2120395,2e88f0a17a057f5261fc71dd7ec6e6590802bd7e626dbec24bb04f2974a13ebc18b75ee4399e578ceac72a1483f270e0ce0d960109382559560e718b94ff9a5c,08/02/2025 11:40:00 PM,1,DRIVER,,2021371,,UNKNOWN,OTHER (EXPLAIN IN NARRATIVE),IL,,UNKNOWN,UNKNOWN/NA,UNKNOWN/NA,S,UNKNOWN/NA,,,1,,,,,,,,,,,,,,,,,,UNKNOWN,,,,,,,,,,,,,,,,,,,,,,,,,,,,,,,,,
2120396,2e88f0a17a057f5261fc71dd7ec6e6590802bd7e626dbec24bb04f2974a13ebc18b75ee4399e578ceac72a1483f270e0ce0d960109382559560e718b94ff9a5c,08/02/2025 11:40:00 PM,2,PARKED,,2021375,,TOYOTA,COROLLA,IL,2003,NONE,PASSENGER,PERSONAL,S,PARKED,,,0,,,,,,,,,Y,Y,Y,,,,,Y,,REAR,,,,,,,,,,,,,,,,,,,,,,,,,,,,,,,,,
2120397,2e88f0a17a057f5261fc71dd7ec6e6590802bd7e626dbec24bb04f2974a13ebc18b75ee4399e578ceac72a1483f270e0ce0d960109382559560e718b94ff9a5c,08/02/2025 11:40:00 PM,3,PARKED,,2021379,,VOLKSWAGEN,GOLF,IL,2015,NONE,PASSENGER,PERSONAL,S,STRAIGHT AHEAD,,,0,,,,,,,,,Y,Y,Y,,,,,,,REAR,,,,,,,,,,,,,,,,,,,,,,,,,,,,,,,,,
2120416,583bc3c1a824dff422f7acc4980d39eea830f63aee2cce5b39ee24a17b912d8ac8efbb7ff646a4e40382eca1e735bf4db6f5d21456ce6053e5869badfb0fc00b,08/02/2025 11:40:00 PM,1,DRIVER,,2021390,,UNKNOWN,OTHER (EXPLAIN IN NARRATIVE),XX,,UNKNOWN,UNKNOWN/NA,UNKNOWN/NA,UNKNOWN,UNKNOWN/NA,,,1,,,,,,,,,,,,,,,,,Y,UNKNOWN,,,,,,,,,,,,,,,,,,,,,,,,,,,,,,,,,
2120417,583bc3c1a824dff422f7acc4980d39eea830f63aee2cce5b39ee24a17b912d8ac8efbb7ff646a4e40382eca1e735bf4db6f5d21456ce6053e5869badfb0fc00b,08/02/2025 11:40:00 PM,2,PARKED,,2021393,,KIA,SOUL,IL,2015,NONE,PASSENGER,NOT IN USE,E,PARKED,,,0,,,,,,Y,Y,Y,,,,,,,,,,SIDE-RIGHT-REAR,,,,,,,,,,,,,,,,,,,,,,,,,,,,,,,,,
2120405,d34a25590ff76834fbb061fd52c00889ab676a375569ce5c1bfee23e999447b461d99e26af25c12b5a56eeaa4d9613d645d4b4a705a9f434061255a1d3feef2c,08/02/2025 11:38:00 PM,1,DRIVER,,2021378,,HONDA,CIVIC,IL,2001,NONE,PASSENGER,PERSONAL,W,STRAIGHT AHEAD,,,1,,,,,Y,,,,,,,,,,Y,Y,,FRONT,,,,,,,,,,,,,,,,,,,,,,,,,,,,,,,,,
2120406,d34a25590ff76834fbb061fd52c00889ab676a375569ce5c1bfee23e999447b461d99e26af25c12b5a56eeaa4d9613d645d4b4a705a9f434061255a1d3feef2c,08/02/2025 11:38:00 PM,2,DRIVER,3,2021384,,INFINITI,QX60,IL,2013,NONE,PASSENGER,PERSONAL,W,STARTING IN TRAFFIC,,,4,,,,,,,,,,Y,Y,,,,,,,REAR,,,,,,,,,,,,,,,,,,,,,,,,,,,,,,,,,
2120401,4448f4ae880e78ae0bbf46bb6ffb31ddcd929b680cf6efe832a938effef079fb809660dd2dbbe11d879ab4a20c83585e7a906dea98892f3a8fba5eab6cd2773e,08/02/2025 11:37:00 PM,1,DRIVER,,2021372,,UNKNOWN,OTHER (EXPLAIN IN NARRATIVE),IL,,UNKNOWN,UNKNOWN/NA,UNKNOWN/NA,S,STRAIGHT AHEAD,,,1,,,,,Y,Y,,,,,,,,,,Y,,FRONT-RIGHT-CORNER,,,,,,,,,,,,,,,,,,,,,,,,,,,,,,,,,
2120402,4448f4ae880e78ae0bbf46bb6ffb31ddcd929b680cf6efe832a938effef079fb809660dd2dbbe11d879ab4a20c83585e7a906dea98892f3a8fba5eab6cd2773e,08/02/2025 11:37:00 PM,2,DRIVER,,2021380,,CHRYSLER,200,IL,2015,UNKNOWN,PASSENGER,PERSONAL,S,OTHER,Y,,1,,PRIVATE TOW,,,,,,,,,,,Y,Y,Y,Y,,SIDE-LEFT,,,,,,,,,,,,,,,,,,,,,,,,,,,,,,,,,
2120618,28c3c2a42364e75f576ccc03a048464aefcd81742a86bbf03b02c3e8d8414c0945edb9a29d51af460fed7d0e22c1b6a582b65a25f5b798b65eef57eac4a1f770,08/02/2025 11:30:00 PM,1,DRIVER,,2021581,,UNKNOWN,OTHER (EXPLAIN IN NARRATIVE),IL,,UNKNOWN,UNKNOWN/NA,UNKNOWN/NA,N,TURNING RIGHT,,,1,,,,,Y,,,,,,,,,,N,Y,,UNKNOWN,,,,,,,,,,,,,,,,,,,,,,,,,,,,,,,,,
2120619,28c3c2a42364e75f576ccc03a048464aefcd81742a86bbf03b02c3e8d8414c0945edb9a29d51af460fed7d0e22c1b6a582b65a25f5b798b65eef57eac4a1f770,08/02/2025 11:30:00 PM,2,PARKED,,2021589,,NISSAN,PATHFINDER,IL,2016,UNKNOWN,PASSENGER,PERSONAL,W,PARKED,Y,,0,,CRASH CHAMPIONS,,,N,,,,,,,,,,Y,Y,,FRONT-LEFT-CORNER,,,,,,,,,,,,,,,,,,,,,,,,,,,,,,,,,
2120439,ab3361fe697281aa849bc03afdd5cef61c172a07fc3c1c84b965bccdb47b59de03ef658d8a697c63ccac7c7f2cf15bdf4040eb8f821dc5481c3c4303f890821a,08/02/2025 11:30:00 PM,1,DRIVER,1,2021408,,TOYOTA,CAMRY,IL,2017,UNKNOWN,PASSENGER,PERSONAL,N,TURNING LEFT,Y,,2,,PRIVATE,,,Y,,,,,,,,,,,Y,,FRONT-RIGHT-CORNER,,,,,,,,,,,,,,,,,,,,,,,,,,,,,,,,,
2120440,ab3361fe697281aa849bc03afdd5cef61c172a07fc3c1c84b965bccdb47b59de03ef658d8a697c63ccac7c7f2cf15bdf4040eb8f821dc5481c3c4303f890821a,08/02/2025 11:30:00 PM,2,DRIVER,1,2021413,,KIA,SOUL,FL,2025,UNKNOWN,PASSENGER,PERSONAL,W,STRAIGHT AHEAD,Y,,2,,PRIVATE,,,,,,,,,,,,,Y,,,FRONT-LEFT-CORNER,,,,,,,,,,,,,,,,,,,,,,,,,,,,,,,,,
2120420,f4b7a2e35c3c2c694fba99d30f13b7b96524c151f8fe7d9802e3637be835450c9ded64a760fc701c70f6bafa8cae7459607b7cb6135e420ce14900ea5e164229,08/02/2025 11:30:00 PM,1,DRIVER,,2021394,,TOYOTA,PRIUS,IL,2012,UNKNOWN,PASSENGER,PERSONAL,W,U-TURN,,,1,,,,,,,,,,Y,,,,,,,,REAR,,,,,,,,,,,,,,,,,,,,,,,,,,,,,,,,,
2120421,f4b7a2e35c3c2c694fba99d30f13b7b96524c151f8fe7d9802e3637be835450c9ded64a760fc701c70f6bafa8cae7459607b7cb6135e420ce14900ea5e164229,08/02/2025 11:30:00 PM,2,DRIVER,,2021397,,BMW,3 SERIES,IL,2010,UNKNOWN,PASSENGER,PERSONAL,W,STRAIGHT AHEAD,,,1,,,,,,,,,,,,,Y,Y,,,,FRONT-LEFT-CORNER,,,,,,,,,,,,,,,,,,,,,,,,,,,,,,,,,
2120415,508a8cb7e34d0a53c9385e77ccee0e9bbd15cf5936c74be760507ce1a3e9db01e54d840d91a8ac9c4c5d7f0eabaae1814ebdc6abba806084e9e3ccb3fca67f44,08/02/2025 11:24:00 PM,1,DRIVER,,2021389,,FORD,F150,IL,2014,UNKNOWN,PASSENGER,PERSONAL,E,STRAIGHT AHEAD,Y,,1,,,,,,,,,,,,,,,Y,Y,,FRONT,,,,,,,,,,,,,,,,,,,,,,,,,,,,,,,,,
2120398,462419b8b684d3482f2212667604fe0638e36b27942a2647db54dc3b4ad2ecaa0f9ba889714f0573d9172db40764462a28874bd6107cd26e5f2ca1f2e72d8b6d,08/02/2025 11:21:00 PM,1,DRIVER,,2021374,,UNKNOWN,OTHER (EXPLAIN IN NARRATIVE),IL,,UNKNOWN,OTHER,FIRE,UNKNOWN,TURNING RIGHT,,,1,,,,,,,,,,,,Y,,N,,,,UNKNOWN,,,,,,,,,,,,,,,,,,,,,,,,,,,,,,,,,
2122313,2eaa736bbd2f633550ddbc1d31f76d9bc563788ead4d8e90a207ffe5e37276eae2ea9fa5c4299014860edcb602d8f25633dc1fe1d6a7fbbcee5747d56513094a,08/02/2025 11:05:00 PM,1,DRIVER,,2023217,,CHEVROLET,OTHER (EXPLAIN IN NARRATIVE),IL,2018,UNKNOWN,UNKNOWN/NA,UNKNOWN/NA,E,MERGING,,,1,,,,,Y,,,,,,,,,,,Y,,FRONT-RIGHT-CORNER,,,,,,,,,,,,,,,,,,,,,,,,,,,,,,,,,
2122314,2eaa736bbd2f633550ddbc1d31f76d9bc563788ead4d8e90a207ffe5e37276eae2ea9fa5c4299014860edcb602d8f25633dc1fe1d6a7fbbcee5747d56513094a,08/02/2025 11:05:00 PM,2,DRIVER,,2023223,,MINI,COOPER,IL,2005,UNKNOWN,PASSENGER,UNKNOWN/NA,E,STRAIGHT AHEAD,,,1,,,,,,,,,,,Y,Y,Y,Y,Y,,,SIDE-LEFT,,,,,,,,,,,,,,,,,,,,,,,,,,,,,,,,,
2120681,23a3b442eba22fa6275cd30ed325002bf26baf8f943f3a6cebf96597ebbec900d2ded0b61eb3fe544d7cf15942141ab1021fb0c42bf6c62cbab163554e920ad3,08/02/2025 11:00:00 PM,1,DRIVER,,2021653,,CHEVROLET,SILVERADO,IL,2015,NONE,PASSENGER,NOT IN USE,N,STRAIGHT AHEAD,,,1,,,,,,,,,,,,,,,,,Y,FRONT,,,,,,,,,,,,,,,,,,,,,,,,,,,,,,,,,
2120682,23a3b442eba22fa6275cd30ed325002bf26baf8f943f3a6cebf96597ebbec900d2ded0b61eb3fe544d7cf15942141ab1021fb0c42bf6c62cbab163554e920ad3,08/02/2025 11:00:00 PM,2,DRIVER,1,2021646,,HONDA,CIVIC,IL,2020,NONE,PASSENGER,PERSONAL,N,STRAIGHT AHEAD,,,2,,,,,,,,,Y,,N,,,,,,,REAR-RIGHT-CORNER,,,,,,,,,,,,,,,,,,,,,,,,,,,,,,,,,
2124742,2f445b5e20f7d7e31819f2af5135ff8af8a792df326da28c4650fda6f4a8a7b99af7a5ec76d4190e0587548538cfbafa3479fad0886d9a47a83827d4140b32b5,08/02/2025 11:00:00 PM,1,DRIVER,,2025525,,GENERAL MOTORS CORPORATION (GMC),TRUCK,IL,2007,UNKNOWN,PASSENGER,PERSONAL,W,STRAIGHT AHEAD,,,1,,,,,,,,,,,,,,,Y,Y,,FRONT-LEFT-CORNER,,,,,,,,,,,,,,,,,,,,,,,,,,,,,,,,,
2124743,2f445b5e20f7d7e31819f2af5135ff8af8a792df326da28c4650fda6f4a8a7b99af7a5ec76d4190e0587548538cfbafa3479fad0886d9a47a83827d4140b32b5,08/02/2025 11:00:00 PM,2,PARKED,,2025528,,KIA,SELTOS,IL,2025,NONE,PASSENGER,PERSONAL,W,PARKED,,,0,,,,,,Y,Y,Y,Y,Y,Y,,,,,,,SIDE-RIGHT,,,,,,,,,,,,,,,,,,,,,,,,,,,,,,,,,
2120588,3ad2d7077657c04fc135b677d03f6ceaf0f6659f161147437b77fd4b1b07f8ce76e85b8cd4da08a1faaed65f528cdba91120c5d900fb0e0f5f38ca5c6cc478ab,08/02/2025 11:00:00 PM,1,DRIVER,,2021555,,GENERAL MOTORS CORPORATION (GMC),ACADIA,AK,2019,UNKNOWN,SPORT UTILITY VEHICLE (SUV),UNKNOWN/NA,E,UNKNOWN/NA,,,1,,,,,,,,,,,,,,,,,Y,UNKNOWN,,,,,,,,,,,,,,,,,,,,,,,,,,,,,,,,,
2120589,3ad2d7077657c04fc135b677d03f6ceaf0f6659f161147437b77fd4b1b07f8ce76e85b8cd4da08a1faaed65f528cdba91120c5d900fb0e0f5f38ca5c6cc478ab,08/02/2025 11:00:00 PM,2,PARKED,,2021549,,DODGE,CHARGER,IL,2006,UNKNOWN,PASSENGER,NOT IN USE,E,PARKED,,,0,,,,,,,,,,,Y,Y,,,,,,SIDE-LEFT-REAR,,,,,,,,,,,,,,,,,,,,,,,,,,,,,,,,,
2121249,7ead7b0120b3d91df19b95b1919ff639cee092f9380c0cfecc1f8b9297f73705c0f87596bf9f0a1810b63327385630633dec44167900874c571f40e54c048f37,08/02/2025 11:00:00 PM,1,DRIVER,,2022201,,ACURA,RL,IL,2010,UNKNOWN,SPORT UTILITY VEHICLE (SUV),PERSONAL,S,UNKNOWN/NA,,,1,,,,,,,,,,,,,,,,,,UNKNOWN,,,,,,,,,,,,,,,,,,,,,,,,,,,,,,,,,
2121250,7ead7b0120b3d91df19b95b1919ff639cee092f9380c0cfecc1f8b9297f73705c0f87596bf9f0a1810b63327385630633dec44167900874c571f40e54c048f37,08/02/2025 11:00:00 PM,2,PARKED,,2022207,,DODGE,CARAVAN,IL,2012,UNKNOWN,VAN/MINI-VAN,PERSONAL,S,PARKED,,,0,,,,,,,,,,,,,,,Y,Y,,FRONT-LEFT-CORNER,,,,,,,,,,,,,,,,,,,,,,,,,,,,,,,,,
2120632,f91292b1167b92923f15c3ea558cdcfc6389fb079539aa148bf0851e98280695b9fd02ed77519fc8b7eb842f631458250a5f3793b77302cda010eb3cb4849c0b,08/02/2025 11:00:00 PM,1,DRIVER,,2021619,,UNKNOWN,OTHER (EXPLAIN IN NARRATIVE),,,UNKNOWN,UNKNOWN/NA,UNKNOWN/NA,E,UNKNOWN/NA,,,1,,,,,,,,,,,,,,,,,Y,UNKNOWN,,,,,,,,,,,,,,,,,,,,,,,,,,,,,,,,,
2120633,f91292b1167b92923f15c3ea558cdcfc6389fb079539aa148bf0851e98280695b9fd02ed77519fc8b7eb842f631458250a5f3793b77302cda010eb3cb4849c0b,08/02/2025 11:00:00 PM,2,DRIVER,,2021603,,NISSAN,ROGUE,IN,2018,UNKNOWN,SPORT UTILITY VEHICLE (SUV),PERSONAL,S,STRAIGHT AHEAD,,,1,,,,,Y,Y,Y,,,,,,,,,,,SIDE-RIGHT,,,,,,,,,,,,,,,,,,,,,,,,,,,,,,,,,
2120435,fb80846e8e07e22c5977536d6e67820e3e765ed1df1ec84ed4ff7d22e3cee1fd8afba83a6ebe530c6eedc9c7f1050caa6a854c99dab7498384962ceb8715d591,08/02/2025 10:50:00 PM,1,DRIVER,,2021399,,VOLKSWAGEN,JETTA,MN,2015,NONE,PASSENGER,PERSONAL,E,OTHER,Y,,1,,PRIVATE.,,,,,,,,,,,Y,Y,Y,,Y,FRONT-LEFT-CORNER,,,,,,,,,,,,,,,,,,,,,,,,,,,,,,,,,
2120413,8fbcd82d88be4b1c025fb176f43fc038e1c0c9e61e4197253dfb832a3f2c4bc9e80ceba8fa771b41c1e6b2291fed657f227f253dd9ccfb06bfbf3c528071af1c,08/02/2025 10:47:00 PM,1,DRIVER,2,2021387,,FORD,FUSION,IL,2018,UNKNOWN,PASSENGER,PERSONAL,W,TURNING LEFT,Y,,3,,PRIVATED TOWED,,,Y,Y,Y,,,,,,Y,Y,Y,Y,,SIDE-RIGHT,,,,,,,,,,,,,,,,,,,,,,,,,,,,,,,,,
2120414,8fbcd82d88be4b1c025fb176f43fc038e1c0c9e61e4197253dfb832a3f2c4bc9e80ceba8fa771b41c1e6b2291fed657f227f253dd9ccfb06bfbf3c528071af1c,08/02/2025 10:47:00 PM,2,DRIVER,,2021395,,CHEVROLET,SILVERADO,IL,2011,UNKNOWN,PICKUP,PERSONAL,E,STRAIGHT AHEAD,,,1,,,,,,,,,,,,,Y,Y,Y,Y,,FRONT,,,,,,,,,,,,,,,,,,,,,,,,,,,,,,,,,
2120409,09670baabf18de52daa859191dbc3c37c14a1af4e7e76b13f87be0f4afa3da340631c40589959f4cd3f566fd050f26a44a45176876b07a82c8e6c5c6ac89ddab,08/02/2025 10:45:00 PM,1,DRIVER,,2021382,,UNKNOWN,OTHER (EXPLAIN IN NARRATIVE),,,UNKNOWN,UNKNOWN/NA,UNKNOWN/NA,S,STRAIGHT AHEAD,,,1,,,,,,,,,,,,,,,,,Y,UNKNOWN,,,,,,,,,,,,,,,,,,,,,,,,,,,,,,,,,
2120410,09670baabf18de52daa859191dbc3c37c14a1af4e7e76b13f87be0f4afa3da340631c40589959f4cd3f566fd050f26a44a45176876b07a82c8e6c5c6ac89ddab,08/02/2025 10:45:00 PM,2,DRIVER,,2021386,,CHEVROLET,IMPALA,TX,2006,UNKNOWN,PASSENGER,PERSONAL,W,STRAIGHT AHEAD,Y,,1,,Personal tow,,,Y,,,,Y,,,,,,Y,Y,,SIDE-RIGHT-REAR,,,,,,,,,,,,,,,,,,,,,,,,,,,,,,,,,
2120399,2029a67ce6ce38d6a9523b6c20b6451832bde4669fac32394f18f74ce626d96f620f9e54b1f1dc1c39093efc3e71b53e3644372e2edd1b8ee4cf8b00b6aa7852,08/02/2025 10:45:00 PM,1,DRIVER,,2021377,,CHEVROLET,OTHER (EXPLAIN IN NARRATIVE),IN,2021,UNKNOWN,PASSENGER,PERSONAL,S,ENTERING TRAFFIC LANE FROM PARKING,,,1,,,,,,,,,,,,Y,Y,Y,,,,SIDE-LEFT,,,,,,,,,,,,,,,,,,,,,,,,,,,,,,,,,
2120400,2029a67ce6ce38d6a9523b6c20b6451832bde4669fac32394f18f74ce626d96f620f9e54b1f1dc1c39093efc3e71b53e3644372e2edd1b8ee4cf8b00b6aa7852,08/02/2025 10:45:00 PM,2,DRIVER,,2021396,,TOYOTA,RAV4,IL,2003,UNKNOWN,SPORT UTILITY VEHICLE (SUV),PERSONAL,S,STRAIGHT AHEAD,,,1,,,,,Y,Y,,,,,,,,,,,,FRONT-RIGHT-CORNER,,,,,,,,,,,,,,,,,,,,,,,,,,,,,,,,,
2131047,3ffd5e9ce0ef189bbcab88e816bc18bf1b9e69fc8deb1ada42af59469c990215a6d1165bd1be34fc9dac708dac7c71ca43c4048c4517adee3d4a5c6814faf4ad,08/02/2025 10:45:00 PM,1,DRIVER,,2031484,,TOYOTA,CAMRY,IL,2022,NONE,PASSENGER,TAXI/FOR HIRE,E,STRAIGHT AHEAD,,,1,,,,,Y,,,,,,,,,,,,,FRONT-RIGHT-CORNER,,,,,,,,,,,,,,,,,,,,,,,,,,,,,,,,,
2131048,3ffd5e9ce0ef189bbcab88e816bc18bf1b9e69fc8deb1ada42af59469c990215a6d1165bd1be34fc9dac708dac7c71ca43c4048c4517adee3d4a5c6814faf4ad,08/02/2025 10:45:00 PM,2,DRIVER,,2031492,,TOYOTA,CAMRY,IL,2017,NONE,PASSENGER,TAXI/FOR HIRE,E,SLOW/STOP IN TRAFFIC,,,1,,,,,,,,,Y,Y,,,,,,,,REAR,,,,,,,,,,,,,,,,,,,,,,,,,,,,,,,,,
2120422,8bbcb14b8ff0dab745522009ff88c61b419ea8ff4069afcaa986c58a353de28f121ae8970412f9a4ce58603bdfca5bf50096a0e7f91bb3862c40cde59e2a302c,08/02/2025 10:45:00 PM,1,DRIVER,,2021402,,BMW,OTHER (EXPLAIN IN NARRATIVE),IL,2001,NONE,PASSENGER,PERSONAL,UNKNOWN,STRAIGHT AHEAD,,,1,,,,,,,,,,,,,,,Y,,,FRONT-LEFT-CORNER,,,,,,,,,,,,,,,,,,,,,,,,,,,,,,,,,
2120423,8bbcb14b8ff0dab745522009ff88c61b419ea8ff4069afcaa986c58a353de28f121ae8970412f9a4ce58603bdfca5bf50096a0e7f91bb3862c40cde59e2a302c,08/02/2025 10:45:00 PM,2,DRIVER,,2021411,,HYUNDAI,SONATA,IL,2020,NONE,PASSENGER,PERSONAL,UNKNOWN,STRAIGHT AHEAD,,,1,,,,,,Y,Y,,,,,,,,,,,SIDE-RIGHT,,,,,,,,,,,,,,,,,,,,,,,,,,,,,,,,,
2120461,72144744a2fe46b2432ca89f471ffd9ded483fd496029197d07019030bfe0a3fa23dd09b2369679f9a8b42aa70f7b60e8c956e1a05dcf3b98d26c0ca773f85c3,08/02/2025 10:39:00 PM,1,DRIVER,1,2021426,,CADILLAC,CT4,IL,2008,NONE,PASSENGER,PERSONAL,N,STRAIGHT AHEAD,Y,Y,2,,e&r towing,10301 s doty ave,,Y,Y,Y,Y,Y,Y,Y,Y,Y,Y,Y,Y,,FRONT,,,,,,,,,,,,,,,,,,,,,,,,,,,,,,,,,
2120462,72144744a2fe46b2432ca89f471ffd9ded483fd496029197d07019030bfe0a3fa23dd09b2369679f9a8b42aa70f7b60e8c956e1a05dcf3b98d26c0ca773f85c3,08/02/2025 10:39:00 PM,2,DRIVER,3,2021435,,JEEP,GRAND CHEROKEE,IL,2007,UNKNOWN,SPORT UTILITY VEHICLE (SUV),PERSONAL,N,STRAIGHT AHEAD,Y,,4,,e&r towing,10301 s doty ave,,Y,Y,Y,Y,Y,Y,Y,Y,Y,Y,Y,Y,,REAR,,,,,,,,,,,,,,,,,,,,,,,,,,,,,,,,,
2122755,20af2c45ca7fc446aa87a771eaab1f7ba98cb41d78bc4d6ee203f91d5cca58c4fb1e6bb2b4e707d3175878850d1fbdf3de80f162527d47719f31ad5fba353e43,08/02/2025 10:36:00 PM,1,DRIVER,,2023634,,UNKNOWN,MOTORIZED,IL,,UNKNOWN,UNKNOWN/NA,UNKNOWN/NA,S,PASSING/OVERTAKING,,,1,,,,Y,,,,,,,,,,,,,,NONE,,,,,,,,,,,,,,,,,,,,,,,,,,,,,,,,,
2122756,20af2c45ca7fc446aa87a771eaab1f7ba98cb41d78bc4d6ee203f91d5cca58c4fb1e6bb2b4e707d3175878850d1fbdf3de80f162527d47719f31ad5fba353e43,08/02/2025 10:36:00 PM,2,DRIVER,,2023635,,MAZDA,CX-5,FL,2020,NONE,PASSENGER,PERSONAL,N,PASSING/OVERTAKING,,,1,,,,,Y,Y,Y,Y,Y,,,,,,,Y,,FRONT-LEFT-CORNER,,,,,,,,,,,,,,,,,,,,,,,,,,,,,,,,,
2122757,20af2c45ca7fc446aa87a771eaab1f7ba98cb41d78bc4d6ee203f91d5cca58c4fb1e6bb2b4e707d3175878850d1fbdf3de80f162527d47719f31ad5fba353e43,08/02/2025 10:36:00 PM,3,PARKED,,2023636,,CHEVROLET,IMPALA,IL,2016,NONE,PASSENGER,NOT IN USE,N,PARKED,,,0,,,,,,,,,,,Y,Y,Y,Y,Y,,,SIDE-LEFT,,,,,,,,,,,,,,,,,,,,,,,,,,,,,,,,,
2122758,20af2c45ca7fc446aa87a771eaab1f7ba98cb41d78bc4d6ee203f91d5cca58c4fb1e6bb2b4e707d3175878850d1fbdf3de80f162527d47719f31ad5fba353e43,08/02/2025 10:36:00 PM,4,PARKED,,2023637,,INFINITI,FX35,IL,2011,NONE,PASSENGER,NOT IN USE,N,PARKED,,,0,,,,,,,,,,,Y,Y,Y,Y,Y,,,SIDE-LEFT,,,,,,,,,,,,,,,,,,,,,,,,,,,,,,,,,
2122759,20af2c45ca7fc446aa87a771eaab1f7ba98cb41d78bc4d6ee203f91d5cca58c4fb1e6bb2b4e707d3175878850d1fbdf3de80f162527d47719f31ad5fba353e43,08/02/2025 10:36:00 PM,5,PARKED,,2023638,,DODGE,JOURNEY,IL,2012,NONE,VAN/MINI-VAN,NOT IN USE,N,PARKED,,,0,,,,,,,,,,,Y,Y,Y,Y,Y,,,SIDE-LEFT,,,,,,,,,,,,,,,,,,,,,,,,,,,,,,,,,
2128171,28eeb994c9f53a3317d45a3ac42bb8c57c8b5e1f9035647abde6142485caa78ae7f39ae30961f294490924eec329752e950532fc3872daa97fa4601f4c08b39f,08/02/2025 10:30:00 PM,1,DRIVER,2,2028780,,CHEVROLET,MALIBU,IL,2008,NONE,PASSENGER,PERSONAL,W,STRAIGHT AHEAD,Y,,3,,STATE FARM,,,,,,,,,,,,,Y,,,FRONT-LEFT-CORNER,,,,,,,,,,,,,,,,,,,,,,,,,,,,,,,,,
2120411,2f375bb7009651ec30ead8f128041aaf1d935cfedfb58e55ff6a210591f10cb07e0c0886deb415a06f9b36e94f0f923f1bafcb495b9610eec13a30fd3c30f57d,08/02/2025 10:30:00 PM,1,DRIVER,,2021385,,VOLKSWAGEN,PASSAT,IL,2022,NONE,PASSENGER,PERSONAL,N,STRAIGHT AHEAD,N,,1,,,,,,,,,,,,,,,Y,,,FRONT-LEFT-CORNER,,,,,,,,,,,,,,,,,,,,,,,,,,,,,,,,,
2120412,2f375bb7009651ec30ead8f128041aaf1d935cfedfb58e55ff6a210591f10cb07e0c0886deb415a06f9b36e94f0f923f1bafcb495b9610eec13a30fd3c30f57d,08/02/2025 10:30:00 PM,2,DRIVER,1,2021388,,NISSAN,ROGUE,IL,2025,NONE,SPORT UTILITY VEHICLE (SUV),PERSONAL,E,STRAIGHT AHEAD,Y,,2,,universal towing,7740 s  south chicago,,Y,Y,,,,,,,,,,,,FRONT-RIGHT-CORNER,,,,,,,,,,,,,,,,,,,,,,,,,,,,,,,,,