CRASH_UNIT_ID,CRASH_RECORD_ID,CRASH_DATE,UNIT_NO,UNIT_TYPE,NUM_PASSENGERS,VEHICLE_ID,CMRC_VEH_I,MAKE,MODEL,LIC_PLATE_STATE,VEHICLE_YEAR,VEHICLE_DEFECT,VEHICLE_TYPE,VEHICLE_USE,TRAVEL_DIRECTION,MANEUVER,TOWED_I,FIRE_I,OCCUPANT_CNT,EXCEED_SPEED_LIMIT_I,TOWED_BY,TOWED_TO,AREA_00_I,AREA_01_I,AREA_02_I,AREA_03_I,AREA_04_I,AREA_05_I,AREA_06_I,AREA_07_I,AREA_08_I,AREA_09_I,AREA_10_I,AREA_11_I,AREA_12_I,AREA_99_I,FIRST_CONTACT_POINT,CMV_ID,USDOT_NO,CCMC_NO,ILCC_NO,COMMERCIAL_SRC,GVWR,CARRIER_NAME,CARRIER_STATE,CARRIER_CITY,HAZMAT_PLACARDS_I,HAZMAT_NAME,UN_NO,HAZMAT_PRESENT_I,HAZMAT_REPORT_I,HAZMAT_REPORT_NO,MCS_REPORT_I,MCS_REPORT_NO,HAZMAT_VIO_CAUSE_CRASH_I,MCS_VIO_CAUSE_CRASH_I,IDOT_PERMIT_NO,WIDE_LOAD_I,TRAILER1_WIDTH,TRAILER2_WIDTH,TRAILER1_LENGTH,TRAILER2_LENGTH,TOTAL_VEHICLE_LENGTH,AXLE_CNT,VEHICLE_CONFIG,CARGO_BODY_TYPE,LOAD_TYPE,HAZMAT_OUT_OF_SERVICE_I,MCS_OUT_OF_SERVICE_I,HAZMAT_CLASS
2120377,cafe7272918d816e943b4ad3a658a08e788777bb42ae8a1761b1dda32a4011b7c80cb426aebefba9c97eb7978d998472503c46c956820cbd4a8e703f4b037c49,08/02/2025 10:30:00 PM,1,DRIVER,1,2021351,,TOYOTA,RAV4,IL,2013,NONE,PASSENGER,PERSONAL,E,CHANGING LANES,,,2,,,,,,,,,,,,,Y,Y,,,,SIDE-LEFT,,,,,,,,,,,,,,,,,,,,,,,,,,,,,,,,,
2120378,cafe7272918d816e943b4ad3a658a08e788777bb42ae8a1761b1dda32a4011b7c80cb426aebefba9c97eb7978d998472503c46c956820cbd4a8e703f4b037c49,08/02/2025 10:30:00 PM,2,DRIVER,,2021355,,SAAB,OTHER (EXPLAIN IN NARRATIVE),IL,2007,UNKNOWN,UNKNOWN/NA,UNKNOWN/NA,E,STRAIGHT AHEAD,,,1,,,,,,,,,,,,,,,,,Y,UNKNOWN,,,,,,,,,,,,,,,,,,,,,,,,,,,,,,,,,
2123790,d54bcefd793654036dc38a5f2500f747f0774611d86f8d70c481e5b8cd7cd424a7b0c3e6b2eaabfae81de1b9461a75bcf57dce79d0b3fadd05e024ae65dd870f,08/02/2025 10:30:00 PM,1,DRIVER,,2024618,,UNKNOWN,OTHER (EXPLAIN IN NARRATIVE),IL,,UNKNOWN,SPORT UTILITY VEHICLE (SUV),UNKNOWN/NA,W,STRAIGHT AHEAD,,,1,,,,,,,,,,,,,,,,,Y,FRONT,,,,,,,,,,,,,,,,,,,,,,,,,,,,,,,,,
2123791,d54bcefd793654036dc38a5f2500f747f0774611d86f8d70c481e5b8cd7cd424a7b0c3e6b2eaabfae81de1b9461a75bcf57dce79d0b3fadd05e024ae65dd870f,08/02/2025 10:30:00 PM,2,DRIVER,,2024622,,TOYOTA,YARIS,IL,2014,UNKNOWN,PASSENGER,PERSONAL,W,STRAIGHT AHEAD,,,1,,,,,,,,,,,Y,,,,,,,REAR-LEFT-CORNER,,,,,,,,,,,,,,,,,,,,,,,,,,,,,,,,,
2120385,ff9c1fba878076ebf9cf4c870537113f4ec383d40b76ba0b9038d6a1e942ce02ece6d39076d4b2399a02cc4433c6de4d0458950aab3422c7d837ca3f9e9947e2,08/02/2025 10:30:00 PM,1,DRIVER,,2021359,,NISSAN,ROGUE,IL,2016,UNKNOWN,SPORT UTILITY VEHICLE (SUV),PERSONAL,S,STRAIGHT AHEAD,,,1,,,,,,,,,,,,,,,,Y,,FRONT,,,,,,,,,,,,,,,,,,,,,,,,,,,,,,,,,
2120386,ff9c1fba878076ebf9cf4c870537113f4ec383d40b76ba0b9038d6a1e942ce02ece6d39076d4b2399a02cc4433c6de4d0458950aab3422c7d837ca3f9e9947e2,08/02/2025 10:30:00 PM,2,DRIVER,,2021361,,HONDA,CIVIC,IL,2023,UNKNOWN,PASSENGER,PERSONAL,S,SLOW/STOP IN TRAFFIC,,,1,,,,,,,,,,Y,,,,,,,,REAR,,,,,,,,,,,,,,,,,,,,,,,,,,,,,,,,,
2120950,a40f448650e08a4b6d591406ad6d36d67c72028a5fd15ecac60bb880f6e2b8ee991b7ecfbfab3af53a07835298f2af27f3ec63016bf3d7154179cf3e5db5103c,08/02/2025 10:18:00 PM,1,DRIVER,,2021898,,CHEVROLET,EQUINOX,,,UNKNOWN,SPORT UTILITY VEHICLE (SUV),UNKNOWN/NA,N,STRAIGHT AHEAD,,,1,,,,,Y,Y,Y,Y,,,,,,,,,,SIDE-RIGHT,,,,,,,,,,,,,,,,,,,,,,,,,,,,,,,,,
2120951,a40f448650e08a4b6d591406ad6d36d67c72028a5fd15ecac60bb880f6e2b8ee991b7ecfbfab3af53a07835298f2af27f3ec63016bf3d7154179cf3e5db5103c,08/02/2025 10:18:00 PM,2,PARKED,,2021904,,VOLKSWAGEN,ATLAS,IL,2025,NONE,SPORT UTILITY VEHICLE (SUV),NOT IN USE,N,PARKED,,,0,,,,,,,,,,,,Y,Y,Y,Y,,,SIDE-LEFT,,,,,,,,,,,,,,,,,,,,,,,,,,,,,,,,,
2121763,61ac8cb4b2db657b145053c34623915da28889056947c511ec4bce3ad8c133f111bc6aaa831cb8c261debefd895318fb56bc992f201c8096ed342572e83c8102,08/02/2025 10:10:00 PM,1,DRIVER,,2022697,,MERCEDES-BENZ,OTHER (EXPLAIN IN NARRATIVE),IL,2015,NONE,PASSENGER,PERSONAL,S,STRAIGHT AHEAD,,,1,,,,,Y,,,,,,,,,,Y,Y,,FRONT,,,,,,,,,,,,,,,,,,,,,,,,,,,,,,,,,
2121764,61ac8cb4b2db657b145053c34623915da28889056947c511ec4bce3ad8c133f111bc6aaa831cb8c261debefd895318fb56bc992f201c8096ed342572e83c8102,08/02/2025 10:10:00 PM,2,DRIVER,,2022699,,FORD,ESCAPE,IL,2012,NONE,PASSENGER,PERSONAL,S,STRAIGHT AHEAD,,,1,,,,,,,,,Y,Y,Y,,,,,,,REAR,,,,,,,,,,,,,,,,,,,,,,,,,,,,,,,,,
2120368,3875b5b6f8492a8c55c04049587b0bf419a627f0ca4456de248b3d68426aada07dccc0aefb2dea349ee686cc5b648332a2fe9849a98c32c7dc9b032e1807e1e9,08/02/2025 10:00:00 PM,1,DRIVER,,2021344,N,FORD,F650,AZ,2018,NONE,SINGLE UNIT TRUCK WITH TRAILER,OTHER,W,STRAIGHT AHEAD,Y,,1,,private tow,private tow yard,,,,,Y,,,,,,,,,,UNKNOWN,,,,,,,,,,,,,,,,,,,,,,,,,,,,,,,,,
2120369,3875b5b6f8492a8c55c04049587b0bf419a627f0ca4456de248b3d68426aada07dccc0aefb2dea349ee686cc5b648332a2fe9849a98c32c7dc9b032e1807e1e9,08/02/2025 10:00:00 PM,2,PARKED,,2021348,,LAND ROVER,LAND ROVER (SPORT),IL,2018,NONE,PASSENGER,PERSONAL,UNKNOWN,PARKED,,,0,,,,,,,,,,,,,,,Y,Y,,UNKNOWN,,,,,,,,,,,,,,,,,,,,,,,,,,,,,,,,,
2120719,86689a3ad72e79160a626a952fd9058bc806498a0706877f423d53ed24287981a246f24efaa812a0787e8a5c7adf2c7ec53b831cb7b1174dd02a043682aabfa4,08/02/2025 09:49:00 PM,1,DRIVER,,2021685,,CHRYSLER,OTHER (EXPLAIN IN NARRATIVE),IL,2016,NONE,PASSENGER,PERSONAL,S,TURNING RIGHT,,,1,,,,,Y,,,,,,,,,,Y,Y,,FRONT,,,,,,,,,,,,,,,,,,,,,,,,,,,,,,,,,
2120379,4eb0765e6e9e820f1b5a9ef0d81e7e592144b87565682e79241be32b5d1dc82a8e4ea99c51fff63eeb27d18eb894111a43502f0c442b7cbc72994ebe0344fc0c,08/02/2025 09:45:00 PM,1,DRIVER,,2021354,,CUB CADET (MANUFACTURED BY INTERNATIONAL HARVESTER COMPANY),CUB CADET (MFD. BY INTERNATIONAL HARVESTER CO.),IL,1992,UNKNOWN,TRACTOR W/ SEMI-TRAILER,COMMERCIAL - SINGLE UNIT,S,STRAIGHT AHEAD,,,1,,,,,Y,,,,,,,,,,,,,FRONT-RIGHT-CORNER,,,,,,,,,,,,,,,,,,,,,,,,,,,,,,,,,
2120380,4eb0765e6e9e820f1b5a9ef0d81e7e592144b87565682e79241be32b5d1dc82a8e4ea99c51fff63eeb27d18eb894111a43502f0c442b7cbc72994ebe0344fc0c,08/02/2025 09:45:00 PM,2,PARKED,,2021357,,TOYOTA,CAMRY,IL,2007,UNKNOWN,PASSENGER,PERSONAL,S,PARKED,,,0,,,,,,,,,,Y,Y,Y,,,,,,REAR-LEFT-CORNER,,,,,,,,,,,,,,,,,,,,,,,,,,,,,,,,,
2120578,469ae4385ba1e979457c6a4a09a8364a9f4d7ce94dc282b6282193e4d4c847f1dcd49c02945241c457a3c301db84d5ef8b35b770429e568bb284892105520c45,08/02/2025 09:30:00 PM,2,DRIVER,,2021582,,NISSAN,VERSA,OK,2025,NONE,PASSENGER,PERSONAL,W,SLOW/STOP IN TRAFFIC,,,1,,,,,Y,,,,,,,,,,Y,Y,,FRONT,,,,,,,,,,,,,,,,,,,,,,,,,,,,,,,,,
2120579,469ae4385ba1e979457c6a4a09a8364a9f4d7ce94dc282b6282193e4d4c847f1dcd49c02945241c457a3c301db84d5ef8b35b770429e568bb284892105520c45,08/02/2025 09:30:00 PM,1,DRIVER,,2021567,,CHEVROLET,MALIBU,IL,,NONE,PASSENGER,PERSONAL,E,BACKING,,,1,,,,,,,,,Y,Y,Y,,,,,,,REAR,,,,,,,,,,,,,,,,,,,,,,,,,,,,,,,,,
2120342,619d4f692f84cc9306230b03993303aa15587bc32b00c1eb74878dc7ca30e3b9ca930049d8a088032f2edd0ebcfc7b52d61dfdc53cdb414d7f9a3c62c685a06b,08/02/2025 09:30:00 PM,1,DRIVER,,2021321,,TOYOTA,RAV4,IL,2011,UNKNOWN,PASSENGER,PERSONAL,N,STRAIGHT AHEAD,Y,,1,,S&S,SAFE LOCATION,,Y,,,,,,,,,,Y,Y,,FRONT,,,,,,,,,,,,,,,,,,,,,,,,,,,,,,,,,
2120343,619d4f692f84cc9306230b03993303aa15587bc32b00c1eb74878dc7ca30e3b9ca930049d8a088032f2edd0ebcfc7b52d61dfdc53cdb414d7f9a3c62c685a06b,08/02/2025 09:30:00 PM,2,DRIVER,2,2021323,,KIA,OPTIMA / K5,IL,2014,UNKNOWN,PASSENGER,PERSONAL,N,PASSING/OVERTAKING,,,3,,,,,,,,,Y,Y,Y,,,,,,,REAR,,,,,,,,,,,,,,,,,,,,,,,,,,,,,,,,,
2121434,7513dec8c446bcbcd18552f8724767f090fb5d99ec0f568d1f48524fb38f01162a956c2f9679afc4919389900b1ec5d437a9b13a552ef69d0352124382ff3300,08/02/2025 09:30:00 PM,1,DRIVER,,2022375,,UNKNOWN,MOTORIZED,IL,,UNKNOWN,PASSENGER,UNKNOWN/NA,E,STRAIGHT AHEAD,,,1,,,,,Y,,,,,,,,,,,,,FRONT-RIGHT-CORNER,,,,,,,,,,,,,,,,,,,,,,,,,,,,,,,,,
2121435,7513dec8c446bcbcd18552f8724767f090fb5d99ec0f568d1f48524fb38f01162a956c2f9679afc4919389900b1ec5d437a9b13a552ef69d0352124382ff3300,08/02/2025 09:30:00 PM,2,PARKED,,2022383,,SUBARU,OUTBACK,IL,2011,UNKNOWN,PASSENGER,NOT IN USE,E,PARKED,,,0,,,,,,,,,,,,,,,Y,,,TOTAL (ALL AREAS),,,,,,,,,,,,,,,,,,,,,,,,,,,,,,,,,
2120376,a92cd0fa98a13279df2337afa1954ef18fda155bae2bca423ac0a6d2b9482b6b594518f0a4882374af51ef09505dd22c48171a1bbec92d1b940ed66a143f7e81,08/02/2025 09:30:00 PM,1,DRIVER,,2021352,,FORD,F150,IL,2010,UNKNOWN,PICKUP,PERSONAL,W,STRAIGHT AHEAD,Y,,1,,CITY OF CHICAGO,701 S SACRAMENTO BLVD,,Y,,,,,,,,,,Y,Y,,UNDER CARRIAGE,,,,,,,,,,,,,,,,,,,,,,,,,,,,,,,,,
2120387,bc48ad3371345ee1b2b32b128a77844b8e1e1d434b9794f739251313ff64acec3dd418fdef70a177eae8cdafbd0a5f136e28b47cfb277db6021317fae2b65537,08/02/2025 09:30:00 PM,1,DRIVER,1,2021370,,HYUNDAI,SONATA,IL,2009,UNKNOWN,PASSENGER,UNKNOWN/NA,E,UNKNOWN/NA,,,2,,,,,,,,,,,,,,,,,,FRONT,,,,,,,,,,,,,,,,,,,,,,,,,,,,,,,,,
2120388,bc48ad3371345ee1b2b32b128a77844b8e1e1d434b9794f739251313ff64acec3dd418fdef70a177eae8cdafbd0a5f136e28b47cfb277db6021317fae2b65537,08/02/2025 09:30:00 PM,2,DRIVER,1,2021363,,VOLKSWAGEN,GTI,IL,2021,UNKNOWN,PASSENGER,PERSONAL,E,SLOW/STOP IN TRAFFIC,,,2,,,,,,,,,,Y,,,,,,,,REAR,,,,,,,,,,,,,,,,,,,,,,,,,,,,,,,,,
2120374,ceb37311863d2266459da7b969f7ce8d4d9f02cbf9d3fd7bbe0f8aa3392ea263ba6698038c7919383c510e8dfe17a2dfd730962ffc76a4a7cf2eacb0f0bf5945,08/02/2025 09:30:00 PM,1,DRIVER,,2021347,,FORD,OTHER (EXPLAIN IN NARRATIVE),IL,2014,NONE,PASSENGER,PERSONAL,N,TURNING LEFT,,,1,,,,,,,,,,,,,,,,,,UNKNOWN,,,,,,,,,,,,,,,,,,,,,,,,,,,,,,,,,
2120375,ceb37311863d2266459da7b969f7ce8d4d9f02cbf9d3fd7bbe0f8aa3392ea263ba6698038c7919383c510e8dfe17a2dfd730962ffc76a4a7cf2eacb0f0bf5945,08/02/2025 09:30:00 PM,2,DRIVER,,2021356,,TESLA,OTHER (EXPLAIN IN NARRATIVE),,,NONE,PASSENGER,PERSONAL,N,TURNING LEFT,,,1,,,,,,,,,,,,,,,,,,UNKNOWN,,,,,,,,,,,,,,,,,,,,,,,,,,,,,,,,,
2123874,7ad54eaf4d875108a91485666db4cd0f8aab0f630c14dacff0e5cbf5c17b1e3bb19d704643504bd3b3dc2336bd35f77ac3740efc2940d661d3c1f2180511f9a5,08/02/2025 09:29:00 PM,1,DRIVER,,2024703,,CADILLAC,OTHER (EXPLAIN IN NARRATIVE),XX,,UNKNOWN,UNKNOWN/NA,UNKNOWN/NA,S,MERGING,,,1,,,,,Y,,,,,,,,,,,,,SIDE-RIGHT,,,,,,,,,,,,,,,,,,,,,,,,,,,,,,,,,
2123875,7ad54eaf4d875108a91485666db4cd0f8aab0f630c14dacff0e5cbf5c17b1e3bb19d704643504bd3b3dc2336bd35f77ac3740efc2940d661d3c1f2180511f9a5,08/02/2025 09:29:00 PM,2,DRIVER,,2024706,,LEXUS,ES330,IL,2004,UNKNOWN,UNKNOWN/NA,UNKNOWN/NA,S,UNKNOWN/NA,,,1,,,,,,,,,,,,,Y,Y,,,,SIDE-LEFT,,,,,,,,,,,,,,,,,,,,,,,,,,,,,,,,,
2120381,255b2e09b9ac3f30340d4003d0d67c2baca42526368a7369681562a1f960610788e9aab5aa1f3270a6414760bb120f85558595c5b86a153304464beb715dbc41,08/02/2025 09:28:00 PM,1,DRIVER,,2021358,,FORD,F150,IL,2017,UNKNOWN,PASSENGER,PERSONAL,S,STRAIGHT AHEAD,N,,1,,,,,Y,,,,,,,,,,Y,Y,,FRONT,,,,,,,,,,,,,,,,,,,,,,,,,,,,,,,,,
2120382,255b2e09b9ac3f30340d4003d0d67c2baca42526368a7369681562a1f960610788e9aab5aa1f3270a6414760bb120f85558595c5b86a153304464beb715dbc41,08/02/2025 09:28:00 PM,2,DRIVER,,2021367,,NISSAN,ALTIMA,IL,2021,UNKNOWN,PASSENGER,PERSONAL,S,SLOW/STOP IN TRAFFIC,,,1,,,,N,,,,,Y,Y,Y,,,,,,,REAR,,,,,,,,,,,,,,,,,,,,,,,,,,,,,,,,,
2120366,444b0980bedf7c634026fa4b8ac2672ca7eab73f2ebac23ff40cc295662ad7e58e0467bf655d0b41de9c57495b31120dcbdf3aa0bdbe9a5241afe4da6d95afc0,08/02/2025 09:25:00 PM,1,DRIVER,1,2021339,,VOLKSWAGEN,GTI,IL,2015,UNKNOWN,PASSENGER,PERSONAL,E,TURNING LEFT,,,2,,,,,Y,,,,,,,,,Y,Y,Y,,FRONT,,,,,,,,,,,,,,,,,,,,,,,,,,,,,,,,,
2120367,444b0980bedf7c634026fa4b8ac2672ca7eab73f2ebac23ff40cc295662ad7e58e0467bf655d0b41de9c57495b31120dcbdf3aa0bdbe9a5241afe4da6d95afc0,08/02/2025 09:25:00 PM,2,DRIVER,,2021342,,JEEP,GRAND CHEROKEE,IL,2011,UNKNOWN,PASSENGER,PERSONAL,N,STRAIGHT AHEAD,,,1,,,,,Y,,,,,,,,,Y,Y,Y,,FRONT,,,,,,,,,,,,,,,,,,,,,,,,,,,,,,,,,
2120372,f0c044e484476da9bf93e11b454aad201220a943936a4f29c62d161970524aa6fc0121c132ba7cfa745eb9fca35f320e66a762d8cf5fad26901aea56756c3adb,08/02/2025 09:24:00 PM,1,DRIVER,,2021350,,HONDA,HR-V,,2021,NONE,PASSENGER,PERSONAL,W,STRAIGHT AHEAD,,,1,,,,,,,,,,,,Y,Y,Y,,,,SIDE-LEFT,,,,,,,,,,,,,,,,,,,,,,,,,,,,,,,,,
2120373,f0c044e484476da9bf93e11b454aad201220a943936a4f29c62d161970524aa6fc0121c132ba7cfa745eb9fca35f320e66a762d8cf5fad26901aea56756c3adb,08/02/2025 09:24:00 PM,2,PARKED,,2021353,,NISSAN,OTHER (EXPLAIN IN NARRATIVE),TX,2024,NONE,PASSENGER,PERSONAL,W,PARKED,,,0,,,,,,,,,,,,,,,,,Y,UNKNOWN,,,,,,,,,,,,,,,,,,,,,,,,,,,,,,,,,
2120344,81a67de5f852aa12efb504b7e5fffc428a4c545c75ed7e495702213c186e8945d38fcd40a521997117250f746bb9b701fc7bacdf935708b4fc6c6d0e59e492a5,08/02/2025 09:00:00 PM,1,DRIVER,,2021322,,HONDA,MOTORCYCLE,IL,1983,NONE,MOTORCYCLE (OVER 150CC),PERSONAL,S,STRAIGHT AHEAD,,,1,,,,,,,,,,,,,,,,,,OTHER,,,,,,,,,,,,,,,,,,,,,,,,,,,,,,,,,
2120345,81a67de5f852aa12efb504b7e5fffc428a4c545c75ed7e495702213c186e8945d38fcd40a521997117250f746bb9b701fc7bacdf935708b4fc6c6d0e59e492a5,08/02/2025 09:00:00 PM,2,DRIVER,,2021325,,TOYOTA,RAV4,IL,2017,NONE,PASSENGER,PERSONAL,S,STRAIGHT AHEAD,,,1,,,,,,,,,,,,,Y,,,,,SIDE-LEFT,,,,,,,,,,,,,,,,,,,,,,,,,,,,,,,,,
2120362,8c38b59cae34f79c4f7f676cb19826c9d0f4a6d0d39d2ab7665979ced65e56f6b68d5718a9158c66db7efc0e3390ed71b7bccc3453b2ec90a66fd8c2abafc447,08/02/2025 09:00:00 PM,1,DRIVER,,2021336,,UNKNOWN,OTHER (EXPLAIN IN NARRATIVE),IL,,UNKNOWN,MOTORCYCLE (OVER 150CC),UNKNOWN/NA,UNKNOWN,UNKNOWN/NA,,,1,,,,,,,,,,,,,,,,,,FRONT,,,,,,,,,,,,,,,,,,,,,,,,,,,,,,,,,
2120363,8c38b59cae34f79c4f7f676cb19826c9d0f4a6d0d39d2ab7665979ced65e56f6b68d5718a9158c66db7efc0e3390ed71b7bccc3453b2ec90a66fd8c2abafc447,08/02/2025 09:00:00 PM,2,DRIVER,1,2021340,,VOLKSWAGEN,TOUAREG,IL,2015,NONE,PASSENGER,PERSONAL,S,TURNING RIGHT,,,2,,,,,,,,,,,,,Y,Y,Y,,,FRONT-LEFT-CORNER,,,,,,,,,,,,,,,,,,,,,,,,,,,,,,,,,
2126808,c2019f3d19493f8665dd83693b7274a559ddb0016c83c19a0851db12a2a3242d8c47eb950233af606fde6235a81346e250484f6eb15da7f0632fe193dda9636f,08/02/2025 09:00:00 PM,1,DRIVER,,2027472,,FORD,EXPLORER,IL,2022,NONE,PASSENGER,PERSONAL,S,TURNING RIGHT,,,1,,,,,Y,Y,Y,,,,,,,,,Y,,FRONT-RIGHT-CORNER,,,,,,,,,,,,,,,,,,,,,,,,,,,,,,,,,
2126809,c2019f3d19493f8665dd83693b7274a559ddb0016c83c19a0851db12a2a3242d8c47eb950233af606fde6235a81346e250484f6eb15da7f0632fe193dda9636f,08/02/2025 09:00:00 PM,2,PARKED,1,2027473,,NISSAN,ALTIMA,IL,2013,NONE,PASSENGER,PERSONAL,S,PARKED,,,1,,,,,,,,,,,Y,Y,,,,,,REAR-LEFT-CORNER,,,,,,,,,,,,,,,,,,,,,,,,,,,,,,,,,
2120335,28d43af3adfa6bd82af9ce9eb727ac027643e1bccc6c4dd6bcfd4da321c22c6d3ce41b45c3ad6ee25c430cd83409aa035843ec770caf5cba27a9bc397d636dea,08/02/2025 08:45:00 PM,1,DRIVER,,2021313,,NISSAN,SENTRA,IL,2024,BRAKES,PASSENGER,PERSONAL,N,STRAIGHT AHEAD,Y,,1,,PRIVATE TOW,UNKNOWN,,,,,,,,,,Y,Y,Y,Y,,FRONT,,,,,,,,,,,,,,,,,,,,,,,,,,,,,,,,,
2120481,971e219e59b4c55e7a574aea9baef5b932c7cc25b1f0e76cf16454785a5e5ea646feaac8d7e4524f4c3a954703ab7412d0fb2d5fa6e79edab4ce7b705e75c716,08/02/2025 08:31:00 PM,1,DRIVER,,2021471,,UNKNOWN,MOTORIZED,,,UNKNOWN,PASSENGER,PERSONAL,S,STRAIGHT AHEAD,,,1,,,,,Y,Y,,,,,,,,Y,Y,Y,,FRONT,,,,,,,,,,,,,,,,,,,,,,,,,,,,,,,,,
2120482,971e219e59b4c55e7a574aea9baef5b932c7cc25b1f0e76cf16454785a5e5ea646feaac8d7e4524f4c3a954703ab7412d0fb2d5fa6e79edab4ce7b705e75c716,08/02/2025 08:31:00 PM,2,DRIVER,,2021493,,TOYOTA,HIGHLANDER,IL,2001,NONE,PASSENGER,PERSONAL,W,STRAIGHT AHEAD,Y,,1,,CITY OF CHICAGO,POUND #2,,,,,,,,,,,Y,Y,N,,FRONT-LEFT-CORNER,,,,,,,,,,,,,,,,,,,,,,,,,,,,,,,,,
2120696,188a08e0650389617065f3401205d13fbc035ce72c755477c46b11e78e8e8c3e776ec99ee45696225435dd6f7c07c71f6075b3c889497953fee6ce27634a4aa0,08/02/2025 08:30:00 PM,1,DRIVER,,2021665,,BMW,X5,IL,2015,UNKNOWN,PASSENGER,PERSONAL,N,TURNING LEFT,,,1,,,,,,,,,,,,,,,Y,Y,,FRONT-LEFT-CORNER,,,,,,,,,,,,,,,,,,,,,,,,,,,,,,,,,
2120697,188a08e0650389617065f3401205d13fbc035ce72c755477c46b11e78e8e8c3e776ec99ee45696225435dd6f7c07c71f6075b3c889497953fee6ce27634a4aa0,08/02/2025 08:30:00 PM,2,DRIVER,,2021671,,HONDA,CIVIC,IL,2017,UNKNOWN,PASSENGER,UNKNOWN/NA,N,TURNING LEFT,,,1,,,,,,,,,,Y,,,,,,,,REAR,,,,,,,,,,,,,,,,,,,,,,,,,,,,,,,,,
2120332,9171c73611a9e4bc5c9e1cb9b6bac577d8f787d3ef5da1376bb4ef7c2ed7bfc060137857678a4921b351d49df0d3edc979c4d3ab52a48e3fbb6a4c7e1ad4a7af,08/02/2025 08:30:00 PM,1,DRIVER,,2021311,,HONDA,PILOT,IL,2016,NONE,PASSENGER,OTHER,S,STRAIGHT AHEAD,,,1,,,,,Y,,,,,,,,,,Y,Y,,FRONT,,,,,,,,,,,,,,,,,,,,,,,,,,,,,,,,,
2120333,9171c73611a9e4bc5c9e1cb9b6bac577d8f787d3ef5da1376bb4ef7c2ed7bfc060137857678a4921b351d49df0d3edc979c4d3ab52a48e3fbb6a4c7e1ad4a7af,08/02/2025 08:30:00 PM,2,DRIVER,,2021315,,TOYOTA,COROLLA,IL,2013,NONE,PASSENGER,PERSONAL,S,STRAIGHT AHEAD,,,1,,,,,,,,,Y,Y,Y,,,,,,,REAR,,,,,,,,,,,,,,,,,,,,,,,,,,,,,,,,,
2121480,cebc8b136091d5dca02838b7579246b67ef9354c740a806ecf105fd61aeee97bf314966c098c829ff25822f31b3ca5993ef1633380fa30b2bcb917fac503fd29,08/02/2025 08:30:00 PM,1,DRIVER,,2022431,,UNKNOWN,OTHER (EXPLAIN IN NARRATIVE),IL,,UNKNOWN,UNKNOWN/NA,UNKNOWN/NA,W,UNKNOWN/NA,,,1,,,,,,,,,,,,,,,,,Y,UNKNOWN,,,,,,,,,,,,,,,,,,,,,,,,,,,,,,,,,
2121481,cebc8b136091d5dca02838b7579246b67ef9354c740a806ecf105fd61aeee97bf314966c098c829ff25822f31b3ca5993ef1633380fa30b2bcb917fac503fd29,08/02/2025 08:30:00 PM,2,DRIVER,1,2022442,,CHEVROLET,TRAX,IL,2018,UNKNOWN,PASSENGER,UNKNOWN/NA,E,STRAIGHT AHEAD,,,2,,,,,Y,,,,,,,,,,Y,Y,,FRONT,,,,,,,,,,,,,,,,,,,,,,,,,,,,,,,,,
2120354,d68011f18ae5b364081aa939c51c19000ab77ce26034e92908a42d4abd68a13f2c84bbd2d138219f8f94639a7627397e0a13528776c3e4ba57a883aed64c0a59,08/02/2025 08:30:00 PM,1,DRIVER,,2021326,,UNKNOWN,OTHER (EXPLAIN IN NARRATIVE),IL,,UNKNOWN,UNKNOWN/NA,UNKNOWN/NA,UNKNOWN,UNKNOWN/NA,,,1,,,,,N,,,,,,,,,,,N,Y,UNKNOWN,,,,,,,,,,,,,,,,,,,,,,,,,,,,,,,,,
2120355,d68011f18ae5b364081aa939c51c19000ab77ce26034e92908a42d4abd68a13f2c84bbd2d138219f8f94639a7627397e0a13528776c3e4ba57a883aed64c0a59,08/02/2025 08:30:00 PM,2,PARKED,,2021328,,TOYOTA,CAMRY,IL,2014,NONE,PASSENGER,PERSONAL,UNKNOWN,PARKED,,,0,,,,,,,,,Y,Y,Y,,,,,,,NONE,,,,,,,,,,,,,,,,,,,,,,,,,,,,,,,,,
2120648,ed640d26e5ba081ef64df26638f95b2144cf0cae7e392626a07fe57c3608314edbd73fd07dc2f21c2ad6d2122fb6a3d7e742a8366eb77a0c9bebed1ddbb91091,08/02/2025 08:30:00 PM,1,DRIVER,,2021615,,TOYOTA,RAV4,,2014,NONE,PASSENGER,PERSONAL,W,AVOIDING VEHICLES/OBJECTS,,,1,,,,,,,,,,,,,,,Y,,,FRONT-LEFT-CORNER,,,,,,,,,,,,,,,,,,,,,,,,,,,,,,,,,
2120649,ed640d26e5ba081ef64df26638f95b2144cf0cae7e392626a07fe57c3608314edbd73fd07dc2f21c2ad6d2122fb6a3d7e742a8366eb77a0c9bebed1ddbb91091,08/02/2025 08:30:00 PM,2,DRIVER,3,2021618,,SAAB,9-3,IL,2007,NONE,PICKUP,PERSONAL,W,STRAIGHT AHEAD,,,4,,,,,,Y,Y,Y,Y,,,,,,,,,SIDE-RIGHT,,,,,,,,,,,,,,,,,,,,,,,,,,,,,,,,,
2120346,1fec6236a25140e0cc4bb266fa3f09ca5417fb1793f32bf0b29de878076268f7776a36a80afdfb1b025b601d5c1e2e9ced6e59054c706fef80b32ce52abb8833,08/02/2025 08:20:00 PM,1,DRIVER,,2021331,,FORD,FUSION,IL,2020,NONE,PASSENGER,OTHER,W,STRAIGHT AHEAD,N,,1,,,,N,,,,,,,,,,,N,,,FRONT,,,,,,,,,,,,,,,,,,,,,,,,,,,,,,,,,