CRASH_UNIT_ID,CRASH_RECORD_ID,CRASH_DATE,UNIT_NO,UNIT_TYPE,NUM_PASSENGERS,VEHICLE_ID,CMRC_VEH_I,MAKE,MODEL,LIC_PLATE_STATE,VEHICLE_YEAR,VEHICLE_DEFECT,VEHICLE_TYPE,VEHICLE_USE,TRAVEL_DIRECTION,MANEUVER,TOWED_I,FIRE_I,OCCUPANT_CNT,EXCEED_SPEED_LIMIT_I,TOWED_BY,TOWED_TO,AREA_00_I,AREA_01_I,AREA_02_I,AREA_03_I,AREA_04_I,AREA_05_I,AREA_06_I,AREA_07_I,AREA_08_I,AREA_09_I,AREA_10_I,AREA_11_I,AREA_12_I,AREA_99_I,FIRST_CONTACT_POINT,CMV_ID,USDOT_NO,CCMC_NO,ILCC_NO,COMMERCIAL_SRC,GVWR,CARRIER_NAME,CARRIER_STATE,CARRIER_CITY,HAZMAT_PLACARDS_I,HAZMAT_NAME,UN_NO,HAZMAT_PRESENT_I,HAZMAT_REPORT_I,HAZMAT_REPORT_NO,MCS_REPORT_I,MCS_REPORT_NO,HAZMAT_VIO_CAUSE_CRASH_I,MCS_VIO_CAUSE_CRASH_I,IDOT_PERMIT_NO,WIDE_LOAD_I,TRAILER1_WIDTH,TRAILER2_WIDTH,TRAILER1_LENGTH,TRAILER2_LENGTH,TOTAL_VEHICLE_LENGTH,AXLE_CNT,VEHICLE_CONFIG,CARGO_BODY_TYPE,LOAD_TYPE,HAZMAT_OUT_OF_SERVICE_I,MCS_OUT_OF_SERVICE_I,HAZMAT_CLASS
2120347,1fec6236a25140e0cc4bb266fa3f09ca5417fb1793f32bf0b29de878076268f7776a36a80afdfb1b025b601d5c1e2e9ced6e59054c706fef80b32ce52abb8833,08/02/2025 08:20:00 PM,2,DRIVER,2,2021343,,HONDA,ACCORD,IL,2009,NONE,PASSENGER,PERSONAL,N,STRAIGHT AHEAD,,,3,,,,,Y,,,,,,,,,,,,,FRONT-RIGHT-CORNER,,,,,,,,,,,,,,,,,,,,,,,,,,,,,,,,,
2120364,b38b6000d14cfb5168e548ef5cf8134c9729fe2cdb1bf75c90ffe56c1b79cb5c905baf15674dc8dda134468e4d8b116fb07300b35714aa9c50a13f01e3f395aa,08/02/2025 08:16:00 PM,1,DRIVER,1,2021341,,HONDA,CR-V,IL,2010,NONE,PASSENGER,PERSONAL,S,TURNING LEFT,,,2,,,,,,,,,,,Y,Y,,,,,,REAR-RIGHT-CORNER,,,,,,,,,,,,,,,,,,,,,,,,,,,,,,,,,
2120365,b38b6000d14cfb5168e548ef5cf8134c9729fe2cdb1bf75c90ffe56c1b79cb5c905baf15674dc8dda134468e4d8b116fb07300b35714aa9c50a13f01e3f395aa,08/02/2025 08:16:00 PM,2,DRIVER,,2021345,,INDIAN,INDIAN,IL,2018,NONE,MOTORCYCLE (OVER 150CC),PERSONAL,W,STRAIGHT AHEAD,,,1,,,,,Y,Y,Y,Y,Y,,,,,,,,,UNKNOWN,,,,,,,,,,,,,,,,,,,,,,,,,,,,,,,,,
2120389,caf13cf6e7dc58ac3a77ac4262b8f7d1f37220a9958d32b1122e51689073d9170a24e5dd6bf95743cbb9931b2587f6bafa08393f8a87316fd5455997270992e9,08/02/2025 08:02:00 PM,1,DRIVER,,2021362,,DODGE,RAM 1500 PU,IL,2015,UNKNOWN,PICKUP,UNKNOWN/NA,NE,TURNING RIGHT,,,1,,,,,,,,,,,,,,,,,Y,UNKNOWN,,,,,,,,,,,,,,,,,,,,,,,,,,,,,,,,,
2120390,caf13cf6e7dc58ac3a77ac4262b8f7d1f37220a9958d32b1122e51689073d9170a24e5dd6bf95743cbb9931b2587f6bafa08393f8a87316fd5455997270992e9,08/02/2025 08:02:00 PM,2,DRIVER,,2021365,,HONDA,ACCORD,IL,2013,NONE,PASSENGER,OTHER,NE,TURNING RIGHT,,,1,,,,,,,,,,,,Y,Y,,,,,SIDE-LEFT,,,,,,,,,,,,,,,,,,,,,,,,,,,,,,,,,
2120677,03a58d02aa60e9eb69c2c0688623e4347e860c8b569484dbf6aa7652f1ae2ae92b5a949ea02191c84598d68d5ed2a293810ca8400068f1a9fa144f64d38fc9a7,08/02/2025 08:00:00 PM,1,DRIVER,,2021640,,TOYOTA,MATRIX,IL,2005,NONE,PASSENGER,PERSONAL,N,BACKING,,,1,,,,,,,,,Y,Y,Y,,,,,,,REAR,,,,,,,,,,,,,,,,,,,,,,,,,,,,,,,,,
2120678,03a58d02aa60e9eb69c2c0688623e4347e860c8b569484dbf6aa7652f1ae2ae92b5a949ea02191c84598d68d5ed2a293810ca8400068f1a9fa144f64d38fc9a7,08/02/2025 08:00:00 PM,2,DRIVER,,2021650,,TOYOTA,COROLLA,IL,2021,NONE,PASSENGER,PERSONAL,S,OTHER,,,1,,,,,Y,,,,,,,,,,Y,Y,,FRONT,,,,,,,,,,,,,,,,,,,,,,,,,,,,,,,,,
2120340,09d2c687d08888d43b6ff261bdeda0fc661319a7f8c262e81837bb1ddd05e8dc94e320c29e6c7170b0f31049b01a4b79bb0dc63ff8f42564430253df244bb2d9,08/02/2025 08:00:00 PM,1,DRIVER,,2021318,,GENERAL MOTORS CORPORATION (GMC),YUKON,,2025,NONE,PASSENGER,TAXI/FOR HIRE,S,BACKING,,,1,,,,Y,,,,,,,,,,,,,,REAR,,,,,,,,,,,,,,,,,,,,,,,,,,,,,,,,,
2120341,09d2c687d08888d43b6ff261bdeda0fc661319a7f8c262e81837bb1ddd05e8dc94e320c29e6c7170b0f31049b01a4b79bb0dc63ff8f42564430253df244bb2d9,08/02/2025 08:00:00 PM,2,PARKED,1,2021320,,TOYOTA,COROLLA,IL,2020,NONE,PASSENGER,PERSONAL,N,PARKED,,,1,,,,,,,,,,,,,,,Y,Y,,FRONT,,,,,,,,,,,,,,,,,,,,,,,,,,,,,,,,,
2129370,8e5a1dd902947472a0f0328984e604c5ca59afc76f684982806c01d19e793e1a298492411467c4ba4c747f690025cdc449611ff797c2c3105ada0d4cb6b54d90,08/02/2025 08:00:00 PM,1,DRIVER,,2029910,,HONDA,ACCORD,IN,2024,UNKNOWN,PASSENGER,PERSONAL,W,STRAIGHT AHEAD,,,1,,,,,,,,,,,,,,,,Y,,FRONT,,,,,,,,,,,,,,,,,,,,,,,,,,,,,,,,,
2129371,8e5a1dd902947472a0f0328984e604c5ca59afc76f684982806c01d19e793e1a298492411467c4ba4c747f690025cdc449611ff797c2c3105ada0d4cb6b54d90,08/02/2025 08:00:00 PM,2,DRIVER,,2029911,,TOYOTA,CAMRY,IL,2013,NONE,PASSENGER,PERSONAL,N,STRAIGHT AHEAD,,,1,,,,,,,,Y,,,,,,,,,,REAR-RIGHT-CORNER,,,,,,,,,,,,,,,,,,,,,,,,,,,,,,,,,
2120330,803a88b2a72faecb121b509f823b75dc5af3c3349bdc4f3cac745efefd9982a688ba9b63568fe48b120635e7d9e952c9380a2b1ffbea0c6c3886dde5da7be9f6,08/02/2025 07:48:00 PM,1,DRIVER,,2021310,,"SPARTAN MOTORS, INC. (CHARLOTTE, MI)","SPARTAN MOTORS, INC. (MFD. IN CHARLOTTE, MI)",IL,,UNKNOWN,UNKNOWN/NA,FIRE,S,BACKING,,,1,,,,,,,,,,Y,,,,,,,,REAR,,,,,,,,,,,,,,,,,,,,,,,,,,,,,,,,,
2120331,803a88b2a72faecb121b509f823b75dc5af3c3349bdc4f3cac745efefd9982a688ba9b63568fe48b120635e7d9e952c9380a2b1ffbea0c6c3886dde5da7be9f6,08/02/2025 07:48:00 PM,2,DRIVER,,2021312,,DODGE,CHALLENGER,IL,2020,UNKNOWN,PASSENGER,PERSONAL,N,STRAIGHT AHEAD,,,1,,,,,,,,,,,,,,,,Y,,FRONT,,,,,,,,,,,,,,,,,,,,,,,,,,,,,,,,,
2120407,afde674276e65c156ec71d8e342a475d795569f950943305f01ab7a4253dd56e51d84d2fc4c80d87204bd6bef5958c9af43d71b165729499da4e426918f58680,08/02/2025 07:45:00 PM,1,DRIVER,,2021383,,TOYOTA,HIGHLANDER,IL,2013,UNKNOWN,PASSENGER,PERSONAL,E,STRAIGHT AHEAD,,,1,,,,,,,,,,,,,,,,,,UNKNOWN,,,,,,,,,,,,,,,,,,,,,,,,,,,,,,,,,
2120408,afde674276e65c156ec71d8e342a475d795569f950943305f01ab7a4253dd56e51d84d2fc4c80d87204bd6bef5958c9af43d71b165729499da4e426918f58680,08/02/2025 07:45:00 PM,2,DRIVER,,2021391,,SUBARU,LEGACY,IL,2017,UNKNOWN,PASSENGER,PERSONAL,S,STRAIGHT AHEAD,,,1,,,,,,,,Y,Y,,,,,,,,,REAR-RIGHT-CORNER,,,,,,,,,,,,,,,,,,,,,,,,,,,,,,,,,
2120348,6a60c2957e159c732bdfa793da2be791be9c1f104c989fd032d783c64a84e74abbf76118134f0c15cfe5f7e0ff7d5674fe639d6d8a716bc81d96fed158bfa98c,08/02/2025 07:41:00 PM,1,DRIVER,1,2021330,,NISSAN,SENTRA,IL,2011,NONE,PASSENGER,UNKNOWN/NA,E,TURNING RIGHT,,,2,,,,,Y,,,,,,,,,,Y,Y,,FRONT-RIGHT-CORNER,,,,,,,,,,,,,,,,,,,,,,,,,,,,,,,,,
2120349,6a60c2957e159c732bdfa793da2be791be9c1f104c989fd032d783c64a84e74abbf76118134f0c15cfe5f7e0ff7d5674fe639d6d8a716bc81d96fed158bfa98c,08/02/2025 07:41:00 PM,2,DRIVER,4,2021332,,TOYOTA,COROLLA,IL,2010,UNKNOWN,PASSENGER,UNKNOWN/NA,W,STRAIGHT AHEAD,,,5,,,,,,,,,,,Y,Y,,,,,,SIDE-LEFT,,,,,,,,,,,,,,,,,,,,,,,,,,,,,,,,,
2120299,2ec110396bcda7c9406d4c94a8ae58c7e4cf2ada31a085bea3780485daff506637d9402ca221c8e3388e777f0c21b48fcdb13aa42d24eadde03f812a63401499,08/02/2025 07:40:00 PM,1,DRIVER,,2021293,,KIA,OTHER (EXPLAIN IN NARRATIVE),IL,,UNKNOWN,PASSENGER,PERSONAL,N,STRAIGHT AHEAD,,,1,,,,,,,,,,,,,,,,Y,,FRONT,,,,,,,,,,,,,,,,,,,,,,,,,,,,,,,,,
2120300,2ec110396bcda7c9406d4c94a8ae58c7e4cf2ada31a085bea3780485daff506637d9402ca221c8e3388e777f0c21b48fcdb13aa42d24eadde03f812a63401499,08/02/2025 07:40:00 PM,2,DRIVER,,2021285,,TESLA,MODEL 3,IL,2022,NONE,PASSENGER,PERSONAL,N,STRAIGHT AHEAD,,,1,,,,,,,,,,Y,,,,,,,,REAR,,,,,,,,,,,,,,,,,,,,,,,,,,,,,,,,,
2122872,984b4cdced2485cad953ab159ae5da72bc7ec26748d9a9539039227b924e09f368b1dc0a34e874c2b803f0a36bafdca39c4c944d5c2b983885098842fca26451,08/02/2025 07:40:00 PM,1,DRIVER,,2023752,,HONDA,HR-V,IL,2019,NONE,SPORT UTILITY VEHICLE (SUV),UNKNOWN/NA,SW,TURNING RIGHT,,,1,,,,,,,,,,,,,,Y,Y,Y,,FRONT,,,,,,,,,,,,,,,,,,,,,,,,,,,,,,,,,
2122873,984b4cdced2485cad953ab159ae5da72bc7ec26748d9a9539039227b924e09f368b1dc0a34e874c2b803f0a36bafdca39c4c944d5c2b983885098842fca26451,08/02/2025 07:40:00 PM,2,DRIVER,,2023765,,CHEVROLET,TAHOE,IL,,UNKNOWN,SPORT UTILITY VEHICLE (SUV),UNKNOWN/NA,S,SLOW/STOP IN TRAFFIC,,,1,,,,,,,,,,,,,,,,,Y,OTHER,,,,,,,,,,,,,,,,,,,,,,,,,,,,,,,,,
2128322,b409ed0477587b60844acb53b02bf949e7b0a021aa6b418d92d7957f750379904b8912f7d772794c34dbb180409732a1e1282d17a80eb28eb033791ab0a997d7,08/02/2025 07:35:00 PM,1,DRIVER,1,2028938,,BMW,OTHER (EXPLAIN IN NARRATIVE),IL,2024,NONE,SPORT UTILITY VEHICLE (SUV),DRIVER EDUCATION,E,BACKING,,,2,,,,,,,,,,Y,,,,,,,,REAR,,,,,,,,,,,,,,,,,,,,,,,,,,,,,,,,,
2128323,b409ed0477587b60844acb53b02bf949e7b0a021aa6b418d92d7957f750379904b8912f7d772794c34dbb180409732a1e1282d17a80eb28eb033791ab0a997d7,08/02/2025 07:35:00 PM,2,PARKED,,2028941,,TOYOTA,PRIUS,IL,2013,NONE,PASSENGER,PERSONAL,E,PARKED,,,0,,,,,,,,,,,,,,,,Y,,FRONT,,,,,,,,,,,,,,,,,,,,,,,,,,,,,,,,,
2120338,4d2b30a459638eb4f56bdd5be542683ed74acf304fdf078f182dccafc3df3a94d6f4ef19832932c69424625bc5ef900be0ca9cbb5335aab2ac491782ead9b2f0,08/02/2025 07:30:00 PM,1,DRIVER,1,2021316,,UNKNOWN,OTHER (EXPLAIN IN NARRATIVE),XX,,UNKNOWN,SPORT UTILITY VEHICLE (SUV),PERSONAL,N,STRAIGHT AHEAD,,,2,,,,,,,,,,,,,,,,,Y,UNKNOWN,,,,,,,,,,,,,,,,,,,,,,,,,,,,,,,,,
2120339,4d2b30a459638eb4f56bdd5be542683ed74acf304fdf078f182dccafc3df3a94d6f4ef19832932c69424625bc5ef900be0ca9cbb5335aab2ac491782ead9b2f0,08/02/2025 07:30:00 PM,2,PARKED,,2021317,,CHEVROLET,EQUINOX,IL,2012,UNKNOWN,SPORT UTILITY VEHICLE (SUV),PERSONAL,N,PARKED,,,0,,,,,,,,,,,,Y,Y,Y,N,,,SIDE-LEFT,,,,,,,,,,,,,,,,,,,,,,,,,,,,,,,,,
2120906,93a03f0f05fd2b53a6a719db886564498bbffb8630921d739becbcfa6e646172c422ffb65f582156913bdc007ef866e80c5db4d780b7468e1dd1c01b085cf8d8,08/02/2025 07:30:00 PM,1,DRIVER,,2021855,,FORD,FOCUS,IL,2012,UNKNOWN,PASSENGER,PERSONAL,S,STRAIGHT AHEAD,,,1,,,,,Y,,,,,,,,,,Y,Y,,FRONT,,,,,,,,,,,,,,,,,,,,,,,,,,,,,,,,,
2120907,93a03f0f05fd2b53a6a719db886564498bbffb8630921d739becbcfa6e646172c422ffb65f582156913bdc007ef866e80c5db4d780b7468e1dd1c01b085cf8d8,08/02/2025 07:30:00 PM,2,DRIVER,,2021860,,FORD,ESCAPE,IL,2014,NONE,SPORT UTILITY VEHICLE (SUV),PERSONAL,S,SLOW/STOP IN TRAFFIC,,,1,,,,,,,,,Y,Y,Y,,,,,,,REAR,,,,,,,,,,,,,,,,,,,,,,,,,,,,,,,,,
2120312,b838f11b32682bc626f9442808a343404c6f67fb63a6ac45e24aa6865a39426d42c8dafe40a39d6ba8396fb6a06ccba44664caadabee7dfa5dbcf10c07525a8b,08/02/2025 07:30:00 PM,1,DRIVER,,2021290,,FORD,ESCAPE,IL,2010,NONE,SPORT UTILITY VEHICLE (SUV),PERSONAL,S,BACKING,,,1,,,,,,,,,,N,,,,,,,Y,REAR,,,,,,,,,,,,,,,,,,,,,,,,,,,,,,,,,
2120313,b838f11b32682bc626f9442808a343404c6f67fb63a6ac45e24aa6865a39426d42c8dafe40a39d6ba8396fb6a06ccba44664caadabee7dfa5dbcf10c07525a8b,08/02/2025 07:30:00 PM,2,DRIVER,,2021303,,HONDA,ACCORD,IL,2020,NONE,PASSENGER,PERSONAL,N,SLOW/STOP IN TRAFFIC,,,1,,,,,Y,,,,,,,,,,,Y,,FRONT-RIGHT-CORNER,,,,,,,,,,,,,,,,,,,,,,,,,,,,,,,,,
2121279,9c484526c64b8bc1710f9481dca89b561955c3e04c60ce5c0fa42270fac434d3604c2d5463a862f0a3d5b39500a2171c75985ac7098900413e8b704bc141ddd7,08/02/2025 07:25:00 PM,1,DRIVER,,2022236,,CHEVROLET,HHR,IL,2010,NONE,SPORT UTILITY VEHICLE (SUV),PERSONAL,N,STRAIGHT AHEAD,,,1,,,,,,,,,,,,,,,,Y,,FRONT,,,,,,,,,,,,,,,,,,,,,,,,,,,,,,,,,
2121280,9c484526c64b8bc1710f9481dca89b561955c3e04c60ce5c0fa42270fac434d3604c2d5463a862f0a3d5b39500a2171c75985ac7098900413e8b704bc141ddd7,08/02/2025 07:25:00 PM,2,DRIVER,1,2022228,,HONDA,CR-V,IL,2024,NONE,SPORT UTILITY VEHICLE (SUV),PERSONAL,N,SLOW/STOP IN TRAFFIC,,,2,,,,,,,,,,Y,,,,,,,,REAR,,,,,,,,,,,,,,,,,,,,,,,,,,,,,,,,,
2120305,10e3dc50f927e76f5eed82c215bcb4c66ac24fc939d34666094db9e44ca447c1f6545fdb8ffd4a4e4fe80100c745db5f22cf571c69f503ad477a68afbcc16996,08/02/2025 07:20:00 PM,1,DRIVER,,2021282,,CHEVROLET,AVALANCHE,IL,2008,NONE,PICKUP,PERSONAL,S,STRAIGHT AHEAD,,,1,,,,,,,,,,Y,,,,,,,,REAR,,,,,,,,,,,,,,,,,,,,,,,,,,,,,,,,,
2120306,10e3dc50f927e76f5eed82c215bcb4c66ac24fc939d34666094db9e44ca447c1f6545fdb8ffd4a4e4fe80100c745db5f22cf571c69f503ad477a68afbcc16996,08/02/2025 07:20:00 PM,2,PARKED,,2021284,,TOYOTA,COROLLA,IL,2012,NONE,PASSENGER,PERSONAL,W,PARKED,,,0,,,,,,,,N,N,,Y,Y,,,,,,SIDE-LEFT,,,,,,,,,,,,,,,,,,,,,,,,,,,,,,,,,
2120297,972dff50930daf505b1af579f30692e649afd39d75c4997530060e5c77522ef0cc3d6833e605984af3388368a17c0ad8c533d62ca6f43c67b8cfcab578eeda04,08/02/2025 07:20:00 PM,1,DRIVER,,2021278,,BMW,OTHER (EXPLAIN IN NARRATIVE),IL,2008,UNKNOWN,SPORT UTILITY VEHICLE (SUV),UNKNOWN/NA,S,STRAIGHT AHEAD,,,1,,,,,Y,,,,,,,,,,Y,Y,,FRONT,,,,,,,,,,,,,,,,,,,,,,,,,,,,,,,,,
2120298,972dff50930daf505b1af579f30692e649afd39d75c4997530060e5c77522ef0cc3d6833e605984af3388368a17c0ad8c533d62ca6f43c67b8cfcab578eeda04,08/02/2025 07:20:00 PM,2,DRIVER,,2021280,,JEEP,GRAND CHEROKEE,IL,2015,UNKNOWN,SPORT UTILITY VEHICLE (SUV),UNKNOWN/NA,S,STRAIGHT AHEAD,,,1,,,,,,,,,Y,Y,Y,,,,,,,REAR,,,,,,,,,,,,,,,,,,,,,,,,,,,,,,,,,
2121422,9426c288499a0fc8849ccbc2881d04592a81690e18b8b3293af28a38869a8ffd1197cc6165db2363307082b1512d3fc467da52e4375cfc44d05c45c3cd5a4337,08/02/2025 07:19:00 PM,1,DRIVER,,2022352,,KIA,OTHER (EXPLAIN IN NARRATIVE),IL,2012,UNKNOWN,SPORT UTILITY VEHICLE (SUV),UNKNOWN/NA,S,UNKNOWN/NA,,,1,,,,,,,,,,,,,,,Y,,,FRONT-LEFT-CORNER,,,,,,,,,,,,,,,,,,,,,,,,,,,,,,,,,
2121423,9426c288499a0fc8849ccbc2881d04592a81690e18b8b3293af28a38869a8ffd1197cc6165db2363307082b1512d3fc467da52e4375cfc44d05c45c3cd5a4337,08/02/2025 07:19:00 PM,2,DRIVER,1,2022353,,LEXUS,OTHER (EXPLAIN IN NARRATIVE),IL,2003,UNKNOWN,OTHER,PERSONAL,S,UNKNOWN/NA,,,2,,,,,Y,,,,,,,,,,,,,SIDE-LEFT-FRONT,,,,,,,,,,,,,,,,,,,,,,,,,,,,,,,,,
2120326,e6d47e2b4d31be62b528306171ce5bae5c4391a5b37fcababc3242caac36539f0064f0842f3a3d9878ec8c5fa9a2460319e12fd9cd90baf300d14a0a477963e2,08/02/2025 07:15:00 PM,1,DRIVER,,2021306,,SUBARU,OUTBACK SPORT,MI,2015,UNKNOWN,PASSENGER,PERSONAL,SW,TURNING LEFT,,,1,,,,,,,,,,,,,,,,Y,,FRONT,,,,,,,,,,,,,,,,,,,,,,,,,,,,,,,,,
2120327,e6d47e2b4d31be62b528306171ce5bae5c4391a5b37fcababc3242caac36539f0064f0842f3a3d9878ec8c5fa9a2460319e12fd9cd90baf300d14a0a477963e2,08/02/2025 07:15:00 PM,2,PEDESTRIAN,,,,,,,,,,,,,,,,,,,,,,,,,,,,,,,,,,,,,,,,,,,,,,,,,,,,,,,,,,,,,,,,,,
2120352,a5b1cb278d386d6a0ace05da6802f569876100a383b9dd2c5473860571ab79a9888c5c5a836b51849820a476763b47e2b18b5b9a29210a21ecf3f63bd8d63b7c,08/02/2025 07:14:00 PM,1,DRIVER,3,2021327,,BMW,X5,IL,2012,NONE,PASSENGER,PERSONAL,N,STRAIGHT AHEAD,,,4,,,,Y,,,,,,,,,,,,,,SIDE-LEFT,,,,,,,,,,,,,,,,,,,,,,,,,,,,,,,,,
2120353,a5b1cb278d386d6a0ace05da6802f569876100a383b9dd2c5473860571ab79a9888c5c5a836b51849820a476763b47e2b18b5b9a29210a21ecf3f63bd8d63b7c,08/02/2025 07:14:00 PM,2,BICYCLE,,,,,,,,,,,,,,,,,,,,,,,,,,,,,,,,,,,,,,,,,,,,,,,,,,,,,,,,,,,,,,,,,,
2120303,023e8976b0d1b56b32035ace30b8f6a692977f1442008e798c6678e36c99118c98da05c89621f84a2ccf22415f2411d911a877ae9b565396027f3a4ac124f5f6,08/02/2025 07:00:00 PM,1,DRIVER,,2021287,,TOYOTA,OTHER (EXPLAIN IN NARRATIVE),IL,2021,NONE,PASSENGER,PERSONAL,E,STRAIGHT AHEAD,,,1,,,,,N,,,,,,,,,,,,Y,FRONT-RIGHT-CORNER,,,,,,,,,,,,,,,,,,,,,,,,,,,,,,,,,
2120304,023e8976b0d1b56b32035ace30b8f6a692977f1442008e798c6678e36c99118c98da05c89621f84a2ccf22415f2411d911a877ae9b565396027f3a4ac124f5f6,08/02/2025 07:00:00 PM,2,DRIVER,,2021283,,KIA,SPORTAGE,IL,2012,NONE,SPORT UTILITY VEHICLE (SUV),PERSONAL,E,STRAIGHT AHEAD,,,1,,,,Y,,,,,,,,,,,,,,FRONT-LEFT-CORNER,,,,,,,,,,,,,,,,,,,,,,,,,,,,,,,,,
2123688,1c2441c77b178ac394a4b5b6a3c81c2b4849241a7138cc9cfd2e49692caad72416dea565283f830ba1d922fa120d71cbd4a16e1eda9059fa7263a58e67a7035d,08/02/2025 07:00:00 PM,1,DRIVER,,2024523,,MAZDA,OTHER (EXPLAIN IN NARRATIVE),IL,,UNKNOWN,UNKNOWN/NA,UNKNOWN/NA,W,PASSING/OVERTAKING,,,1,,,,,,,,,,,,,,,,,Y,FRONT-RIGHT-CORNER,,,,,,,,,,,,,,,,,,,,,,,,,,,,,,,,,
2123689,1c2441c77b178ac394a4b5b6a3c81c2b4849241a7138cc9cfd2e49692caad72416dea565283f830ba1d922fa120d71cbd4a16e1eda9059fa7263a58e67a7035d,08/02/2025 07:00:00 PM,2,DRIVER,,2024539,,TOYOTA,HIGHLANDER,IL,2009,UNKNOWN,PASSENGER,PERSONAL,W,ENTERING TRAFFIC LANE FROM PARKING,,,1,,,,,,,,,,,,,,Y,Y,,Y,FRONT-LEFT-CORNER,,,,,,,,,,,,,,,,,,,,,,,,,,,,,,,,,
2120310,5f58d6d1396c21f7d7762bd1ea62de52245978e0917e432cdb130fa500b78d492980f5264a7a7fe40363ea705dea97a950fe154380dbb12bab1f4334f8cf76ff,08/02/2025 07:00:00 PM,1,DRIVER,,2021288,,FORD,OTHER (EXPLAIN IN NARRATIVE),IL,2002,UNKNOWN,PICKUP,UNKNOWN/NA,UNKNOWN,UNKNOWN/NA,,,1,,,,,,,,,,,,,,,,,,UNKNOWN,,,,,,,,,,,,,,,,,,,,,,,,,,,,,,,,,
2120311,5f58d6d1396c21f7d7762bd1ea62de52245978e0917e432cdb130fa500b78d492980f5264a7a7fe40363ea705dea97a950fe154380dbb12bab1f4334f8cf76ff,08/02/2025 07:00:00 PM,2,PARKED,,2021291,,DODGE,CHARGER,IL,2019,NONE,PASSENGER,PERSONAL,S,PARKED,,,0,,,,,,,,,,,Y,Y,,,,,,REAR-LEFT-CORNER,,,,,,,,,,,,,,,,,,,,,,,,,,,,,,,,,
2121613,7cb1acdb3075744a8699a0050f670f3a07b3c852768a3fbc07c573768d18c22b84dffec17defa95557c7145cc5af6127685381afa2e0351a67c07ea49223828c,08/02/2025 07:00:00 PM,1,DRIVER,,2022551,,NISSAN,JUKE,IL,2017,UNKNOWN,PASSENGER,UNKNOWN/NA,S,PASSING/OVERTAKING,,,1,,,,,,,,,,,,,,,,,Y,SIDE-LEFT,,,,,,,,,,,,,,,,,,,,,,,,,,,,,,,,,
2121614,7cb1acdb3075744a8699a0050f670f3a07b3c852768a3fbc07c573768d18c22b84dffec17defa95557c7145cc5af6127685381afa2e0351a67c07ea49223828c,08/02/2025 07:00:00 PM,2,PARKED,,2022557,,MAZDA,CX-5,IL,2025,NONE,PASSENGER,NOT IN USE,N,PARKED,,,0,,,,,,,,,,,,,,Y,Y,,,FRONT-LEFT-CORNER,,,,,,,,,,,,,,,,,,,,,,,,,,,,,,,,,
2120293,fb6deca7a1e39a1aaa0050744c67f78fd21ed953375c2ac7cd6892cab085b4b50f2c57b972fb4247f8cd2439b5b6cdeb0883a9ab6a9199f3bb1eca7be49131f0,08/02/2025 07:00:00 PM,1,DRIVER,,2021274,,SUBARU,OTHER (EXPLAIN IN NARRATIVE),IL,,NONE,PASSENGER,UNKNOWN/NA,S,BACKING,,,1,,,,,,,,,,Y,,,,,,,,REAR,,,,,,,,,,,,,,,,,,,,,,,,,,,,,,,,,
2120294,fb6deca7a1e39a1aaa0050744c67f78fd21ed953375c2ac7cd6892cab085b4b50f2c57b972fb4247f8cd2439b5b6cdeb0883a9ab6a9199f3bb1eca7be49131f0,08/02/2025 07:00:00 PM,2,DRIVER,,2021276,,MITSUBISHI,LANCER,IL,2017,NONE,PASSENGER,PERSONAL,N,STRAIGHT AHEAD,,,1,,,,,Y,,,,,,,,,,Y,Y,,FRONT,,,,,,,,,,,,,,,,,,,,,,,,,,,,,,,,,
2120322,bcb3b22bdefe25151c43ff408eed37bc2848695d4d7ae64013f58247077f8e611f770b6f1270ddd7cac26d92382188f60f4a465e40998f88f8ddc1fe891f29b3,08/02/2025 06:57:00 PM,2,DRIVER,,2021300,,TOYOTA,PRIUS,IL,2012,UNKNOWN,PASSENGER,UNKNOWN/NA,E,STRAIGHT AHEAD,,,1,,,,,,,Y,Y,Y,,,,,,,,,SIDE-RIGHT-REAR,,,,,,,,,,,,,,,,,,,,,,,,,,,,,,,,,
2120323,bcb3b22bdefe25151c43ff408eed37bc2848695d4d7ae64013f58247077f8e611f770b6f1270ddd7cac26d92382188f60f4a465e40998f88f8ddc1fe891f29b3,08/02/2025 06:57:00 PM,1,DRIVER,,2021307,,DODGE,RAM 1500 VAN,IL,2017,UNKNOWN,VAN/MINI-VAN,UNKNOWN/NA,NE,STRAIGHT AHEAD,,,1,,,,,,,,,,,,,,,Y,,,FRONT-LEFT-CORNER,,,,,,,,,,,,,,,,,,,,,,,,,,,,,,,,,
2120356,641d6e03e68aff8441dd5c3dbf298a1d3efbc9e4b420428a25c0300d5a687a4a7a419e2dec44895f72f60209362bb061786f61102bfe3683542448f041b12316,08/02/2025 06:56:00 PM,1,PEDESTRIAN,,,,,,,,,,,,,,,,,,,,,,,,,,,,,,,,,,,,,,,,,,,,,,,,,,,,,,,,,,,,,,,,,,