CRASH_UNIT_ID,CRASH_RECORD_ID,CRASH_DATE,UNIT_NO,UNIT_TYPE,NUM_PASSENGERS,VEHICLE_ID,CMRC_VEH_I,MAKE,MODEL,LIC_PLATE_STATE,VEHICLE_YEAR,VEHICLE_DEFECT,VEHICLE_TYPE,VEHICLE_USE,TRAVEL_DIRECTION,MANEUVER,TOWED_I,FIRE_I,OCCUPANT_CNT,EXCEED_SPEED_LIMIT_I,TOWED_BY,TOWED_TO,AREA_00_I,AREA_01_I,AREA_02_I,AREA_03_I,AREA_04_I,AREA_05_I,AREA_06_I,AREA_07_I,AREA_08_I,AREA_09_I,AREA_10_I,AREA_11_I,AREA_12_I,AREA_99_I,FIRST_CONTACT_POINT,CMV_ID,USDOT_NO,CCMC_NO,ILCC_NO,COMMERCIAL_SRC,GVWR,CARRIER_NAME,CARRIER_STATE,CARRIER_CITY,HAZMAT_PLACARDS_I,HAZMAT_NAME,UN_NO,HAZMAT_PRESENT_I,HAZMAT_REPORT_I,HAZMAT_REPORT_NO,MCS_REPORT_I,MCS_REPORT_NO,HAZMAT_VIO_CAUSE_CRASH_I,MCS_VIO_CAUSE_CRASH_I,IDOT_PERMIT_NO,WIDE_LOAD_I,TRAILER1_WIDTH,TRAILER2_WIDTH,TRAILER1_LENGTH,TRAILER2_LENGTH,TOTAL_VEHICLE_LENGTH,AXLE_CNT,VEHICLE_CONFIG,CARGO_BODY_TYPE,LOAD_TYPE,HAZMAT_OUT_OF_SERVICE_I,MCS_OUT_OF_SERVICE_I,HAZMAT_CLASS
2120357,641d6e03e68aff8441dd5c3dbf298a1d3efbc9e4b420428a25c0300d5a687a4a7a419e2dec44895f72f60209362bb061786f61102bfe3683542448f041b12316,08/02/2025 06:56:00 PM,2,DRIVER,,2021333,,POLAR MANUFACTURING COMPANY,POLAR MFG. CO.,FL,2023,NONE,PASSENGER,PERSONAL,SW,TURNING LEFT,,,1,,,,,Y,,,,,,,,,,,Y,,FRONT-RIGHT-CORNER,,,,,,,,,,,,,,,,,,,,,,,,,,,,,,,,,
2120320,538837c58122cd202a3a0030002e1ac2e82f695502ece972819450961b2bc91281b82ce99f3e45606df22901b7b2016f8b6fd75bbeeccd80c5addee8a6a13a04,08/02/2025 06:55:00 PM,1,DRIVER,,2021295,,HONDA,CIVIC,IL,2007,UNKNOWN,PASSENGER,PERSONAL,S,CHANGING LANES,,,1,,,,,,,,,,,,,,Y,,,,SIDE-LEFT,,,,,,,,,,,,,,,,,,,,,,,,,,,,,,,,,
2120321,538837c58122cd202a3a0030002e1ac2e82f695502ece972819450961b2bc91281b82ce99f3e45606df22901b7b2016f8b6fd75bbeeccd80c5addee8a6a13a04,08/02/2025 06:55:00 PM,2,DRIVER,1,2021298,,DODGE,DURANGO,IL,2020,UNKNOWN,SPORT UTILITY VEHICLE (SUV),PERSONAL,S,STRAIGHT AHEAD,,,2,,,,,,Y,Y,,,,,,,,,,,SIDE-RIGHT,,,,,,,,,,,,,,,,,,,,,,,,,,,,,,,,,
2120291,b3891228477db5596a33a118661c9c74f23b745f53f873eed0ff697ffcee09c3ec6a3cef9c1391c7e569e85fb033ecc1cc970d20369c487910a5aadef3395d82,08/02/2025 06:51:00 PM,1,DRIVER,1,2021273,,JEEP,JEEP,IL,2008,UNKNOWN,PASSENGER,PERSONAL,UNKNOWN,BACKING,,,2,,,,,,,,,,,,,,,,,Y,UNKNOWN,,,,,,,,,,,,,,,,,,,,,,,,,,,,,,,,,
2120292,b3891228477db5596a33a118661c9c74f23b745f53f873eed0ff697ffcee09c3ec6a3cef9c1391c7e569e85fb033ecc1cc970d20369c487910a5aadef3395d82,08/02/2025 06:51:00 PM,2,PARKED,2,2021275,,FORD,OTHER (EXPLAIN IN NARRATIVE),IL,2016,UNKNOWN,PASSENGER,PERSONAL,UNKNOWN,PARKED,,,2,,,,,,,,,,,Y,Y,Y,Y,Y,,,SIDE-LEFT,,,,,,,,,,,,,,,,,,,,,,,,,,,,,,,,,
2120314,c8257133208941f37010ddda77819fa00c64fc2dafb5a165e27da390089ec923b236fed588fc960bc603fba53af42faf362eacacae7d686bb4e46503ef7e23ff,08/02/2025 06:50:00 PM,1,DRIVER,,2021294,,CHRYSLER,PACIFICA,IL,2022,UNKNOWN,VAN/MINI-VAN,PERSONAL,NW,STRAIGHT AHEAD,Y,,1,,private tow,,,Y,Y,Y,Y,Y,Y,,,Y,Y,Y,Y,,FRONT-LEFT-CORNER,,,,,,,,,,,,,,,,,,,,,,,,,,,,,,,,,
2120315,c8257133208941f37010ddda77819fa00c64fc2dafb5a165e27da390089ec923b236fed588fc960bc603fba53af42faf362eacacae7d686bb4e46503ef7e23ff,08/02/2025 06:50:00 PM,2,DRIVERLESS,,2021296,,AUDI,OTHER (EXPLAIN IN NARRATIVE),IL,2022,UNKNOWN,PASSENGER,PERSONAL,S,PARKED,N,,0,,,,,Y,Y,Y,Y,,,,Y,Y,Y,Y,Y,,FRONT-LEFT-CORNER,,,,,,,,,,,,,,,,,,,,,,,,,,,,,,,,,
2120316,c8257133208941f37010ddda77819fa00c64fc2dafb5a165e27da390089ec923b236fed588fc960bc603fba53af42faf362eacacae7d686bb4e46503ef7e23ff,08/02/2025 06:50:00 PM,3,DRIVERLESS,,2021302,,BMW,X3,IL,2020,UNKNOWN,PASSENGER,PERSONAL,SE,PARKED,,,0,,,,,,,,,,,,,Y,Y,Y,,,FRONT-LEFT-CORNER,,,,,,,,,,,,,,,,,,,,,,,,,,,,,,,,,
2120269,e18f8ac17734fb9beaa13f3b7d4b7ccf6e6f2bce1b5ae91ab6a5d4608e5c94a5ff5f1dfc7aa8b3d9ccd01452c94c5aa5ea352d34996de4ce2a0531c33f8736da,08/02/2025 06:35:00 PM,1,DRIVER,,2021241,,KIA,SPORTAGE,IL,2023,UNKNOWN,SPORT UTILITY VEHICLE (SUV),UNKNOWN/NA,N,TURNING LEFT,,,1,,,,,Y,Y,Y,,,,,,,,,,,SIDE-RIGHT-FRONT,,,,,,,,,,,,,,,,,,,,,,,,,,,,,,,,,
2120270,e18f8ac17734fb9beaa13f3b7d4b7ccf6e6f2bce1b5ae91ab6a5d4608e5c94a5ff5f1dfc7aa8b3d9ccd01452c94c5aa5ea352d34996de4ce2a0531c33f8736da,08/02/2025 06:35:00 PM,2,DRIVER,,2021245,,JEEP,PATRIOT,IL,2013,UNKNOWN,SPORT UTILITY VEHICLE (SUV),UNKNOWN/NA,N,TURNING RIGHT,,,1,,,,,,,,,,,,,Y,Y,Y,,,SIDE-LEFT-FRONT,,,,,,,,,,,,,,,,,,,,,,,,,,,,,,,,,
2120287,972c08d8a7604f9b812620c587ba2b2b9001134f6d0f42d60509b54e7b6a9a1b1b76e4ce58952b89f4169281fc63561fcf233e9b87720ca7034d307edd20cb3f,08/02/2025 06:28:00 PM,1,DRIVER,2,2021260,,NISSAN,ALTIMA,IL,2012,UNKNOWN,PASSENGER,PERSONAL,W,STRAIGHT AHEAD,,,3,,,,,,,,,,,,,,,,,Y,FRONT,,,,,,,,,,,,,,,,,,,,,,,,,,,,,,,,,
2120288,972c08d8a7604f9b812620c587ba2b2b9001134f6d0f42d60509b54e7b6a9a1b1b76e4ce58952b89f4169281fc63561fcf233e9b87720ca7034d307edd20cb3f,08/02/2025 06:28:00 PM,2,DRIVER,,2021277,,FORD,FUSION,IL,2016,UNKNOWN,PASSENGER,PERSONAL,W,STRAIGHT AHEAD,,,1,,,,,,,,,,,Y,,,,,,,SIDE-LEFT-REAR,,,,,,,,,,,,,,,,,,,,,,,,,,,,,,,,,
2120283,bdf0965bdf6a766569246b97fec8847569cc965ddee060e428daaed90b5db833fadb7d491358f0717a2e31afd081d3fde90b8f4617a260deb6715dae45493e3f,08/02/2025 06:22:00 PM,1,DRIVER,,2027150,,UNKNOWN,OTHER (EXPLAIN IN NARRATIVE),IL,,UNKNOWN,MOTORCYCLE (OVER 150CC),UNKNOWN/NA,UNKNOWN,UNKNOWN/NA,,,1,,,,,,,,,,,,,,,,,Y,UNKNOWN,,,,,,,,,,,,,,,,,,,,,,,,,,,,,,,,,
2120284,bdf0965bdf6a766569246b97fec8847569cc965ddee060e428daaed90b5db833fadb7d491358f0717a2e31afd081d3fde90b8f4617a260deb6715dae45493e3f,08/02/2025 06:22:00 PM,2,DRIVER,,2021263,,MITSUBISHI,OUTLANDER,IL,2014,UNKNOWN,SPORT UTILITY VEHICLE (SUV),UNKNOWN/NA,W,STRAIGHT AHEAD,,,1,,,,,,,,,,,,Y,Y,,,,,SIDE-LEFT,,,,,,,,,,,,,,,,,,,,,,,,,,,,,,,,,
2120251,da91857024b23c50a93b6031fe21511a126b859fe1982317223ad3315f12ce5c81140ad0f7ab04d3b34a621f84824f5187155d7bb501d43854dd3dcd8da7fa8c,08/02/2025 06:19:00 PM,1,DRIVER,,2021231,,CHEVROLET,TRAVERSE,IL,2019,NONE,SPORT UTILITY VEHICLE (SUV),PERSONAL,W,STRAIGHT AHEAD,,,1,,,,,Y,,,,,,,,,,Y,Y,,FRONT,,,,,,,,,,,,,,,,,,,,,,,,,,,,,,,,,
2120252,da91857024b23c50a93b6031fe21511a126b859fe1982317223ad3315f12ce5c81140ad0f7ab04d3b34a621f84824f5187155d7bb501d43854dd3dcd8da7fa8c,08/02/2025 06:19:00 PM,2,DRIVER,,2021233,,JEEP,GRAND CHEROKEE,IL,2018,NONE,SPORT UTILITY VEHICLE (SUV),PERSONAL,W,STRAIGHT AHEAD,,,1,,,,,,,,Y,Y,Y,Y,Y,,,,,,REAR,,,,,,,,,,,,,,,,,,,,,,,,,,,,,,,,,
2120277,64ff51e50b3449d09acf3507bfa5af54d3a79734b7377d87ce66f9913e17d76db0cdc1d21788bcd3ade97937681866facf05000f02c3a858036b4edbbd079947,08/02/2025 06:16:00 PM,1,DRIVER,,2021261,,HYUNDAI,ELANTRA,IL,2020,UNKNOWN,PASSENGER,PERSONAL,W,ENTERING TRAFFIC LANE FROM PARKING,,,1,,,,,,,,,,,,,,,,,Y,SIDE-LEFT,,,,,,,,,,,,,,,,,,,,,,,,,,,,,,,,,
2120278,64ff51e50b3449d09acf3507bfa5af54d3a79734b7377d87ce66f9913e17d76db0cdc1d21788bcd3ade97937681866facf05000f02c3a858036b4edbbd079947,08/02/2025 06:16:00 PM,2,DRIVER,,2021248,,JEEP,GRAND CHEROKEE,IL,2020,NONE,PASSENGER,PERSONAL,W,STRAIGHT AHEAD,,,1,,,,,Y,Y,Y,Y,Y,,,,,,,,,SIDE-RIGHT,,,,,,,,,,,,,,,,,,,,,,,,,,,,,,,,,
2120273,8f58ddc0412b31713f4d43db79b3ee9c3362cdd6fe3590e69645706adc4b627b65ee2d762cf951647d739377c9eebbdea15ca28a0c640a7a9947f330c97f9634,08/02/2025 06:15:00 PM,1,DRIVER,,2021243,,DODGE,CARAVAN,IL,2005,UNKNOWN,VAN/MINI-VAN,PERSONAL,E,STRAIGHT AHEAD,,,1,,,,,Y,,,,,,,,,,Y,Y,,FRONT,,,,,,,,,,,,,,,,,,,,,,,,,,,,,,,,,
2120274,8f58ddc0412b31713f4d43db79b3ee9c3362cdd6fe3590e69645706adc4b627b65ee2d762cf951647d739377c9eebbdea15ca28a0c640a7a9947f330c97f9634,08/02/2025 06:15:00 PM,2,DRIVER,1,2021247,,HYUNDAI,SONATA,IL,2021,NONE,PASSENGER,PERSONAL,N,STRAIGHT AHEAD,Y,,2,,personal,,,,,,,,,,,,Y,Y,,,SIDE-LEFT-FRONT,,,,,,,,,,,,,,,,,,,,,,,,,,,,,,,,,
2120267,2e9824b4e523ae1c9a5d6d6c504e9e19bfa2e19f5809c197f2d1fbbeeacf196db53a5f588a26ac8db13878897aabc8b458c1223680df85159c0ba8cb24deaf85,08/02/2025 06:00:00 PM,1,DRIVER,,2021244,,UNKNOWN,OTHER (EXPLAIN IN NARRATIVE),XX,,UNKNOWN,UNKNOWN/NA,UNKNOWN/NA,UNKNOWN,U-TURN,,,1,,,,,,,,,,,,,,,,,,UNKNOWN,,,,,,,,,,,,,,,,,,,,,,,,,,,,,,,,,
2120268,2e9824b4e523ae1c9a5d6d6c504e9e19bfa2e19f5809c197f2d1fbbeeacf196db53a5f588a26ac8db13878897aabc8b458c1223680df85159c0ba8cb24deaf85,08/02/2025 06:00:00 PM,2,DRIVER,5,2021251,,NISSAN,SENTRA,,,UNKNOWN,PASSENGER,PERSONAL,N,STRAIGHT AHEAD,,,6,,,,,,,,,,,,,,,Y,,,FRONT-LEFT-CORNER,,,,,,,,,,,,,,,,,,,,,,,,,,,,,,,,,
2120279,2fef901d056137e97883284e1e9ee5374d3761e5d18267725b3cc5bfe9b8b753be7f97c9832109415ae572d5a6ebfebf3c2b11b1278a102ee8ae1e8257e0a887,08/02/2025 06:00:00 PM,1,DRIVER,1,2021250,,INFINITI,QX50,IL,2021,UNKNOWN,PASSENGER,PERSONAL,S,STRAIGHT AHEAD,,,2,,,,,Y,,,,,,,,,,Y,Y,,FRONT,,,,,,,,,,,,,,,,,,,,,,,,,,,,,,,,,
2120280,2fef901d056137e97883284e1e9ee5374d3761e5d18267725b3cc5bfe9b8b753be7f97c9832109415ae572d5a6ebfebf3c2b11b1278a102ee8ae1e8257e0a887,08/02/2025 06:00:00 PM,2,BICYCLE,,,,,,,,,,,,,,,,,,,,,,,,,,,,,,,,,,,,,,,,,,,,,,,,,,,,,,,,,,,,,,,,,,
2120832,7e1bb0d71ad17be7fbb43b22cf249a6f83fc03e2e036a88bb9d4d5813f96812ff0ba507285ae41528471f65f907e16d2a7e21c44b137da5d0038445a2060373f,08/02/2025 06:00:00 PM,1,DRIVER,,2021784,,UNKNOWN,OTHER (EXPLAIN IN NARRATIVE),IL,,UNKNOWN,UNKNOWN/NA,UNKNOWN/NA,S,STRAIGHT AHEAD,,,1,,,,,,,,,,,,,,,,Y,,FRONT,,,,,,,,,,,,,,,,,,,,,,,,,,,,,,,,,
2120833,7e1bb0d71ad17be7fbb43b22cf249a6f83fc03e2e036a88bb9d4d5813f96812ff0ba507285ae41528471f65f907e16d2a7e21c44b137da5d0038445a2060373f,08/02/2025 06:00:00 PM,2,PARKED,,2021786,,HYUNDAI,ELANTRA,IL,2020,NONE,PASSENGER,PERSONAL,S,PARKED,,,0,,,,,,,,,,Y,,,,,,Y,,REAR,,,,,,,,,,,,,,,,,,,,,,,,,,,,,,,,,
2136465,95af790307b896e7f252c24884bfbb0e3324bdc08f0f3eedf1443b556aa2780ec170276b2f7e0946e80ba1237ed60b99fd728efd28d4574d03c4b114d48665d5,08/02/2025 06:00:00 PM,1,DRIVER,,2036645,,TOYOTA,COROLLA,IL,2021,UNKNOWN,PASSENGER,PERSONAL,UNKNOWN,UNKNOWN/NA,,,1,,,,,,,,Y,Y,,,,,,,,,SIDE-RIGHT-REAR,,,,,,,,,,,,,,,,,,,,,,,,,,,,,,,,,
2120307,e428c5f06dcf957914f4d5e835dfd813563b37b84265229a2e3ac50651761dcee62837cbfc11a623c3ccf411f0c91822c8861e933ff0922bd124e98937ca0bc5,08/02/2025 05:55:00 PM,1,DRIVER,1,2021286,,KIA,OPTIMA / K5,IL,2022,UNKNOWN,PASSENGER,OTHER,N,OTHER,,,2,,,,,,,,,,,,,,Y,Y,Y,,FRONT-LEFT-CORNER,,,,,,,,,,,,,,,,,,,,,,,,,,,,,,,,,
2120308,e428c5f06dcf957914f4d5e835dfd813563b37b84265229a2e3ac50651761dcee62837cbfc11a623c3ccf411f0c91822c8861e933ff0922bd124e98937ca0bc5,08/02/2025 05:55:00 PM,2,DRIVER,,2021289,,CHEVROLET,BLAZER,IL,2022,NONE,PASSENGER,PERSONAL,N,SLOW/STOP IN TRAFFIC,,,1,,,,,,,,,Y,,,,,,,,,REAR-RIGHT-CORNER,,,,,,,,,,,,,,,,,,,,,,,,,,,,,,,,,
2120309,e428c5f06dcf957914f4d5e835dfd813563b37b84265229a2e3ac50651761dcee62837cbfc11a623c3ccf411f0c91822c8861e933ff0922bd124e98937ca0bc5,08/02/2025 05:55:00 PM,3,DRIVER,1,2021292,,VOLKSWAGEN,ATLAS,IL,2025,NONE,PASSENGER,PERSONAL,N,SLOW/STOP IN TRAFFIC,,,2,,,,,,,,,,,,,Y,Y,,,,SIDE-LEFT,,,,,,,,,,,,,,,,,,,,,,,,,,,,,,,,,
2120253,c680521ff4f693744d9bfacf13ef5780bc55220ea92dd9653fe914554037eaff1c287f7b700846a74dd305e7322e81b7855a1dd62adedb1fdc3e950edb2726ac,08/02/2025 05:51:00 PM,1,DRIVER,,2021234,,UNKNOWN,OTHER (EXPLAIN IN NARRATIVE),IN,2023,UNKNOWN,3-WHEELED MOTORCYCLE (2 REAR WHEELS),PERSONAL,N,STRAIGHT AHEAD,Y,,1,,private tow,,,,,,,,,,,,,,,,FRONT,,,,,,,,,,,,,,,,,,,,,,,,,,,,,,,,,
2120336,90b9c4043df334099779888d97e5b8ff0a7bbc3a3fd8f1c1769d9500f9300754280b00b68f414f007a0abc9ed26fae505633a1f249df84943d8aa4e7a70d8488,08/02/2025 05:45:00 PM,1,DRIVER,,2021314,,KAWASAKI,OTHER (EXPLAIN IN NARRATIVE),,,UNKNOWN,OTHER,PERSONAL,S,STRAIGHT AHEAD,,,1,,,,,,,,,,,,,,,,Y,,FRONT,,,,,,,,,,,,,,,,,,,,,,,,,,,,,,,,,
2120337,90b9c4043df334099779888d97e5b8ff0a7bbc3a3fd8f1c1769d9500f9300754280b00b68f414f007a0abc9ed26fae505633a1f249df84943d8aa4e7a70d8488,08/02/2025 05:45:00 PM,2,DRIVER,1,2021319,,FORD,FOCUS,IL,2017,UNKNOWN,PASSENGER,PERSONAL,W,STRAIGHT AHEAD,,,2,,,,,Y,,,,,,,,,,,,,FRONT-RIGHT-CORNER,,,,,,,,,,,,,,,,,,,,,,,,,,,,,,,,,
2120260,a51af2bc2d575682446fa14eef3e588d30844762f8960177df84dcc880204bc997b07447970e687f527e2d917ceb6ae3076944ae5327529f29c513dc313b2ae4,08/02/2025 05:45:00 PM,1,DRIVER,,2021269,,MERCEDES-BENZ,GLK300,IL,2018,UNKNOWN,SPORT UTILITY VEHICLE (SUV),PERSONAL,UNKNOWN,ENTERING TRAFFIC LANE FROM PARKING,,,1,,,,,,,,,,,,,,Y,Y,,,SIDE-LEFT-FRONT,,,,,,,,,,,,,,,,,,,,,,,,,,,,,,,,,
2120261,a51af2bc2d575682446fa14eef3e588d30844762f8960177df84dcc880204bc997b07447970e687f527e2d917ceb6ae3076944ae5327529f29c513dc313b2ae4,08/02/2025 05:45:00 PM,2,DRIVER,1,2021256,,MAZDA,CX-5,IL,2025,UNKNOWN,PASSENGER,PERSONAL,UNKNOWN,STRAIGHT AHEAD,,,2,,,,,Y,Y,,,,,,,,,,,,SIDE-RIGHT,,,,,,,,,,,,,,,,,,,,,,,,,,,,,,,,,
2120623,d51433c641ceebaa09a2eeef284c12e31a6ee90c163b66fb4c275c523d81a190b0f2cf2391e74caedad69126e09f4783ebd4b5e7a6e83052dd3ccfb30b7ae07d,08/02/2025 05:45:00 PM,1,DRIVER,,2021595,,UNKNOWN,OTHER (EXPLAIN IN NARRATIVE),XX,,UNKNOWN,UNKNOWN/NA,UNKNOWN/NA,UNKNOWN,UNKNOWN/NA,,,1,,,,Y,,,,,,,,,,,,,,UNKNOWN,,,,,,,,,,,,,,,,,,,,,,,,,,,,,,,,,
2120624,d51433c641ceebaa09a2eeef284c12e31a6ee90c163b66fb4c275c523d81a190b0f2cf2391e74caedad69126e09f4783ebd4b5e7a6e83052dd3ccfb30b7ae07d,08/02/2025 05:45:00 PM,2,PARKED,,2021586,,DODGE,DURANGO,IL,2021,UNKNOWN,PASSENGER,PERSONAL,UNKNOWN,PARKED,,,0,,,,,,,Y,,,,,,,,,,,UNKNOWN,,,,,,,,,,,,,,,,,,,,,,,,,,,,,,,,,
2120263,7085de679e86e5fd11ddcccc7b22382528224eab68ac16f2002eac61eda8204b32baf277560e75f2eeb0ae5208c8feea43d48d638cea8c2acf79dc1a91a809f8,08/02/2025 05:42:00 PM,1,DRIVER,,2021254,,NISSAN,ALTIMA,IL,2010,OTHER,PASSENGER,PERSONAL,S,PASSING/OVERTAKING,Y,,1,,OEMC,10301 S. DOTY,,Y,Y,,,Y,Y,Y,Y,,,,Y,,FRONT-RIGHT-CORNER,,,,,,,,,,,,,,,,,,,,,,,,,,,,,,,,,
2120264,7085de679e86e5fd11ddcccc7b22382528224eab68ac16f2002eac61eda8204b32baf277560e75f2eeb0ae5208c8feea43d48d638cea8c2acf79dc1a91a809f8,08/02/2025 05:42:00 PM,2,DRIVER,,2021259,,HONDA,ACCORD,IL,2017,NONE,PASSENGER,PERSONAL,S,STRAIGHT AHEAD,,,1,,,,,,,,,,,Y,Y,Y,,,,,REAR-LEFT-CORNER,,,,,,,,,,,,,,,,,,,,,,,,,,,,,,,,,
2120275,24e1455a6d2d6f55d7394482ebe8ee39692b08ac320950906d0bdfe4a68c1fc6c712f8f7dc2f58d16ad1da63a64ab2183cd2f051ab9e77e8e9629e25f1da3794,08/02/2025 05:38:00 PM,1,DRIVER,1,2021253,,CHEVROLET,OTHER (EXPLAIN IN NARRATIVE),IL,2013,UNKNOWN,PASSENGER,PERSONAL,S,TURNING LEFT,Y,,2,,unk,unk,,Y,,,,,,,,,,Y,Y,Y,FRONT,,,,,,,,,,,,,,,,,,,,,,,,,,,,,,,,,
2120276,24e1455a6d2d6f55d7394482ebe8ee39692b08ac320950906d0bdfe4a68c1fc6c712f8f7dc2f58d16ad1da63a64ab2183cd2f051ab9e77e8e9629e25f1da3794,08/02/2025 05:38:00 PM,2,DRIVER,,2021267,,KIA,OPTIMA / K5,IL,2012,UNKNOWN,PASSENGER,PERSONAL,N,STRAIGHT AHEAD,,,1,,,,Y,,,,,,,,,,Y,Y,,,FRONT,,,,,,,,,,,,,,,,,,,,,,,,,,,,,,,,,
2121491,efd018270e41fc6b370a8d39b4479301496235267c3c635269e6f6919f964ec003721bdf8f2a8bfdb4ddf7a138a035374825418210594b00b59fe3f423b8eb5f,08/02/2025 05:38:00 PM,1,DRIVER,,2022425,,CHRYSLER,TOWN & COUNTRY,IL,2015,UNKNOWN,VAN/MINI-VAN,UNKNOWN/NA,W,OTHER,,,1,,,,,,,,,,,Y,Y,Y,Y,Y,,,UNKNOWN,,,,,,,,,,,,,,,,,,,,,,,,,,,,,,,,,
2120317,31f3fd4444b28134abc2487b0e3ae35ef4da6c16ecaf674fe3b4853d33d09e0836606715814e1da6098abaf0229d5371367ac0428f350ad665dea7ec2f62800e,08/02/2025 05:32:00 PM,1,DRIVER,,2021297,,CHEVROLET,IMPALA,IN,2007,NONE,PASSENGER,PERSONAL,S,STRAIGHT AHEAD,,,1,,,,,,,,,,,,,,,,Y,,FRONT,,,,,,,,,,,,,,,,,,,,,,,,,,,,,,,,,
2120318,31f3fd4444b28134abc2487b0e3ae35ef4da6c16ecaf674fe3b4853d33d09e0836606715814e1da6098abaf0229d5371367ac0428f350ad665dea7ec2f62800e,08/02/2025 05:32:00 PM,2,DRIVER,1,2021301,,CHEVROLET,IMPALA,IL,2018,NONE,PASSENGER,PERSONAL,S,STRAIGHT AHEAD,,,2,,,,,Y,,,,Y,Y,Y,,,,Y,Y,,REAR,,,,,,,,,,,,,,,,,,,,,,,,,,,,,,,,,
2120319,31f3fd4444b28134abc2487b0e3ae35ef4da6c16ecaf674fe3b4853d33d09e0836606715814e1da6098abaf0229d5371367ac0428f350ad665dea7ec2f62800e,08/02/2025 05:32:00 PM,3,DRIVER,,2021305,,UNKNOWN,OTHER (EXPLAIN IN NARRATIVE),,,NONE,PASSENGER,PERSONAL,S,STRAIGHT AHEAD,,,1,,,,,,,,,Y,Y,Y,,,,,,,REAR,,,,,,,,,,,,,,,,,,,,,,,,,,,,,,,,,
2120258,56e6851437d9e83ef5406ae621d8c31eb4ec5295e54992e2326351bc84c9dc9b7e6683ca6ae8172557b7e992920bdd9b3cc63dc68b599af5ed15a176bd10e749,08/02/2025 05:31:00 PM,1,DRIVER,,2021238,,MAZDA,CX-9,IL,2012,NONE,PASSENGER,PERSONAL,W,STRAIGHT AHEAD,,,1,,,,,Y,,,,,,,,,,Y,Y,,FRONT,,,,,,,,,,,,,,,,,,,,,,,,,,,,,,,,,
2120259,56e6851437d9e83ef5406ae621d8c31eb4ec5295e54992e2326351bc84c9dc9b7e6683ca6ae8172557b7e992920bdd9b3cc63dc68b599af5ed15a176bd10e749,08/02/2025 05:31:00 PM,2,DRIVER,,2021255,,KIA,OTHER (EXPLAIN IN NARRATIVE),IL,2026,NONE,PASSENGER,PERSONAL,W,STRAIGHT AHEAD,,,1,,,,,,,,,Y,Y,Y,,,,,,,REAR,,,,,,,,,,,,,,,,,,,,,,,,,,,,,,,,,
2120254,81d937b6628244a57db1fead62aef8243b9820ee26c2503bc596fc1d92a5a1a98abcd7d413524a26202afb2d7f962b1692426f0b10546ff6db785310958571cd,08/02/2025 05:30:00 PM,1,DRIVER,1,2021252,,NISSAN,ROGUE,IL,2016,NONE,SPORT UTILITY VEHICLE (SUV),PERSONAL,W,STRAIGHT AHEAD,,,2,,,,,,Y,Y,Y,,,,,,,,,,SIDE-RIGHT,,,,,,,,,,,,,,,,,,,,,,,,,,,,,,,,,
2120255,81d937b6628244a57db1fead62aef8243b9820ee26c2503bc596fc1d92a5a1a98abcd7d413524a26202afb2d7f962b1692426f0b10546ff6db785310958571cd,08/02/2025 05:30:00 PM,2,DRIVER,2,2021242,,NISSAN,ROGUE,IL,2018,NONE,SPORT UTILITY VEHICLE (SUV),PERSONAL,S,STRAIGHT AHEAD,Y,,3,,garcia towing,,,,,,,,,,,,,Y,,,FRONT-LEFT-CORNER,,,,,,,,,,,,,,,,,,,,,,,,,,,,,,,,,
2120238,2d506402a71e38ed637ea93e80b9590665492da9488b354b60a9dd4e7ef9839f6cdfff078f065f7a512468823e748c89eef11c86bf27b1ddac323076a226cadb,08/02/2025 05:25:00 PM,1,DRIVER,,2021222,,KIA,SORENTO,IN,2019,UNKNOWN,SPORT UTILITY VEHICLE (SUV),PERSONAL,E,STRAIGHT AHEAD,Y,,1,,PERSONAL,,,Y,Y,,,,,,,,,,Y,,FRONT-RIGHT-CORNER,,,,,,,,,,,,,,,,,,,,,,,,,,,,,,,,,
2120239,2d506402a71e38ed637ea93e80b9590665492da9488b354b60a9dd4e7ef9839f6cdfff078f065f7a512468823e748c89eef11c86bf27b1ddac323076a226cadb,08/02/2025 05:25:00 PM,2,DRIVER,1,2021226,,FORD,ECONOLINE E250,IL,2013,UNKNOWN,VAN/MINI-VAN,PERSONAL,N,STRAIGHT AHEAD,,,2,,,,,,,,,,,,,,Y,Y,Y,,FRONT-LEFT-CORNER,,,,,,,,,,,,,,,,,,,,,,,,,,,,,,,,,
2120249,86d6784f7fd86287335a59ef27d4913e0007622560b00f714f91a4a044266b137639cc7ed2c7c6866afff0b9f7d333a31e08f739c7b35a1fc8a391c0b5931dfa,08/02/2025 05:10:00 PM,1,DRIVER,,2021235,N,NEW FLYER,OTHER (EXPLAIN IN NARRATIVE),IL,2006,UNKNOWN,BUS OVER 15 PASS.,CTA,S,OTHER,,,1,,,,,,Y,Y,Y,,,,,,,,,,UNKNOWN,,,,,,,,,,,,,,,,,,,,,,,,,,,,,,,,,
2120250,86d6784f7fd86287335a59ef27d4913e0007622560b00f714f91a4a044266b137639cc7ed2c7c6866afff0b9f7d333a31e08f739c7b35a1fc8a391c0b5931dfa,08/02/2025 05:10:00 PM,2,DRIVER,2,2021240,,MERCEDES-BENZ,C-CLASS,IL,2022,UNKNOWN,PASSENGER,PERSONAL,S,OTHER,,,3,,,,,,,,,,,Y,Y,Y,,,,,UNKNOWN,,,,,,,,,,,,,,,,,,,,,,,,,,,,,,,,,