CRASH_UNIT_ID,CRASH_RECORD_ID,CRASH_DATE,UNIT_NO,UNIT_TYPE,NUM_PASSENGERS,VEHICLE_ID,CMRC_VEH_I,MAKE,MODEL,LIC_PLATE_STATE,VEHICLE_YEAR,VEHICLE_DEFECT,VEHICLE_TYPE,VEHICLE_USE,TRAVEL_DIRECTION,MANEUVER,TOWED_I,FIRE_I,OCCUPANT_CNT,EXCEED_SPEED_LIMIT_I,TOWED_BY,TOWED_TO,AREA_00_I,AREA_01_I,AREA_02_I,AREA_03_I,AREA_04_I,AREA_05_I,AREA_06_I,AREA_07_I,AREA_08_I,AREA_09_I,AREA_10_I,AREA_11_I,AREA_12_I,AREA_99_I,FIRST_CONTACT_POINT,CMV_ID,USDOT_NO,CCMC_NO,ILCC_NO,COMMERCIAL_SRC,GVWR,CARRIER_NAME,CARRIER_STATE,CARRIER_CITY,HAZMAT_PLACARDS_I,HAZMAT_NAME,UN_NO,HAZMAT_PRESENT_I,HAZMAT_REPORT_I,HAZMAT_REPORT_NO,MCS_REPORT_I,MCS_REPORT_NO,HAZMAT_VIO_CAUSE_CRASH_I,MCS_VIO_CAUSE_CRASH_I,IDOT_PERMIT_NO,WIDE_LOAD_I,TRAILER1_WIDTH,TRAILER2_WIDTH,TRAILER1_LENGTH,TRAILER2_LENGTH,TOTAL_VEHICLE_LENGTH,AXLE_CNT,VEHICLE_CONFIG,CARGO_BODY_TYPE,LOAD_TYPE,HAZMAT_OUT_OF_SERVICE_I,MCS_OUT_OF_SERVICE_I,HAZMAT_CLASS
2120231,a819c9ab995d529ac96f2981c3e8d54f0929cc36828f0dfbbdb32ea1632b4c7e356926c391c6881cc0b24cff8ca0f9478a8eaba81937486ae0b487e248e90229,08/02/2025 05:09:00 PM,1,DRIVER,1,2021218,,UNKNOWN,OTHER (EXPLAIN IN NARRATIVE),IL,,NONE,OTHER,OTHER,N,STRAIGHT AHEAD,,,2,,,,,,,,,,,,,,,,Y,,FRONT,,,,,,,,,,,,,,,,,,,,,,,,,,,,,,,,,
2120232,a819c9ab995d529ac96f2981c3e8d54f0929cc36828f0dfbbdb32ea1632b4c7e356926c391c6881cc0b24cff8ca0f9478a8eaba81937486ae0b487e248e90229,08/02/2025 05:09:00 PM,2,DRIVER,,2021223,,CHRYSLER,TOWN & COUNTRY,IL,2013,UNKNOWN,VAN/MINI-VAN,PERSONAL,W,OTHER,,,1,,,,,,,,Y,Y,,,,,,,,,REAR-RIGHT-CORNER,,,,,,,,,,,,,,,,,,,,,,,,,,,,,,,,,
2120233,a819c9ab995d529ac96f2981c3e8d54f0929cc36828f0dfbbdb32ea1632b4c7e356926c391c6881cc0b24cff8ca0f9478a8eaba81937486ae0b487e248e90229,08/02/2025 05:09:00 PM,3,DRIVER,,2021229,,VOLKSWAGEN,OTHER (EXPLAIN IN NARRATIVE),IL,2012,NONE,PASSENGER,PERSONAL,E,STRAIGHT AHEAD,,,1,,,,,,,,,,,,,,,Y,,,FRONT-LEFT-CORNER,,,,,,,,,,,,,,,,,,,,,,,,,,,,,,,,,
2120223,513d407bf0d7f6c27f424ec4797d887498099ccebc2e20849890d0447f27a2a7d72d32c46982412635bc6df1309fd283ab7ab94b3ae5bd70db6d8ace3d176e72,08/02/2025 05:06:00 PM,1,DRIVER,,2021201,,TOYOTA,SIENNA,IL,2024,UNKNOWN,VAN/MINI-VAN,UNKNOWN/NA,N,STRAIGHT AHEAD,,,1,,,,,Y,,,,,,,,,,,,,FRONT-RIGHT-CORNER,,,,,,,,,,,,,,,,,,,,,,,,,,,,,,,,,
2120224,513d407bf0d7f6c27f424ec4797d887498099ccebc2e20849890d0447f27a2a7d72d32c46982412635bc6df1309fd283ab7ab94b3ae5bd70db6d8ace3d176e72,08/02/2025 05:06:00 PM,2,DRIVER,,2021217,,UNKNOWN,OTHER (EXPLAIN IN NARRATIVE),NC,2024,NONE,OTHER,OTHER,W,TURNING LEFT,,,1,,,,,,,,,,,Y,,,,,,,REAR-LEFT-CORNER,,,,,,,,,,,,,,,,,,,,,,,,,,,,,,,,,
2120227,3498de351cd8b37960864d7ba29f217e21e389f7d9aa18f1157d2952dc19feadb042fa95061c72db24582b416d47613e039c8e6d5c82d16e9d2c18134d6d90c4,08/02/2025 05:05:00 PM,1,DRIVER,,2021203,,HYUNDAI,ACCENT,IL,2012,UNKNOWN,PASSENGER,UNKNOWN/NA,N,STRAIGHT AHEAD,,,1,,,,,,,,,,,,,Y,Y,Y,,,SIDE-LEFT-FRONT,,,,,,,,,,,,,,,,,,,,,,,,,,,,,,,,,
2120228,3498de351cd8b37960864d7ba29f217e21e389f7d9aa18f1157d2952dc19feadb042fa95061c72db24582b416d47613e039c8e6d5c82d16e9d2c18134d6d90c4,08/02/2025 05:05:00 PM,2,DRIVER,,2021224,,CHEVROLET,EQUINOX,IL,2024,UNKNOWN,SPORT UTILITY VEHICLE (SUV),PERSONAL,NW,UNKNOWN/NA,,,1,,,,,,,,Y,Y,Y,,,,,,,,REAR-RIGHT-CORNER,,,,,,,,,,,,,,,,,,,,,,,,,,,,,,,,,
2121440,d57a1df7a5f9edd2fecc9178b04ad144e4f128dc444ace6d19f968fd45525a311c6ecb305c20edb16f83628aed16d66674f573d31f7bd4392e93be6586c817ed,08/02/2025 05:05:00 PM,1,DRIVER,,2022394,,HONDA,OTHER (EXPLAIN IN NARRATIVE),,2024,UNKNOWN,OTHER,UNKNOWN/NA,W,STRAIGHT AHEAD,,,1,,,,,,,,,,,,,,,,,Y,FRONT,,,,,,,,,,,,,,,,,,,,,,,,,,,,,,,,,
2121441,d57a1df7a5f9edd2fecc9178b04ad144e4f128dc444ace6d19f968fd45525a311c6ecb305c20edb16f83628aed16d66674f573d31f7bd4392e93be6586c817ed,08/02/2025 05:05:00 PM,2,PEDESTRIAN,,,,,,,,,,,,,,,,,,,,,,,,,,,,,,,,,,,,,,,,,,,,,,,,,,,,,,,,,,,,,,,,,,
2132450,27bf5ffe172da0ead538aa39493bb2d4c92ba78f80ea5f97a2728189267aa62aca7dcc94471600a227d7309fa84fa05ed2be449f0b0fe2438894c07c08354965,08/02/2025 05:00:00 PM,1,DRIVER,,2032789,,HYUNDAI,GENESIS,IL,2013,UNKNOWN,UNKNOWN/NA,UNKNOWN/NA,W,STRAIGHT AHEAD,,,1,,,,,,,,,,,,,Y,,N,,,SIDE-LEFT,,,,,,,,,,,,,,,,,,,,,,,,,,,,,,,,,
2132451,27bf5ffe172da0ead538aa39493bb2d4c92ba78f80ea5f97a2728189267aa62aca7dcc94471600a227d7309fa84fa05ed2be449f0b0fe2438894c07c08354965,08/02/2025 05:00:00 PM,2,DRIVER,,2032790,,FORD,FUSION,IL,2013,UNKNOWN,UNKNOWN/NA,UNKNOWN/NA,W,TURNING LEFT,,,1,,,,,,,Y,,,,,,,,,,,SIDE-RIGHT,,,,,,,,,,,,,,,,,,,,,,,,,,,,,,,,,
2121851,3878a6ac0529c38912e9cb586925150088beb1be1350e6c9d9bada0a016e4f4c33cb1124e001d2b64c5bfb620231a3841666b1a516098b3ba019ef348a111362,08/02/2025 05:00:00 PM,1,DRIVER,,2022782,,DODGE,CARAVAN,IL,2006,UNKNOWN,PASSENGER,UNKNOWN/NA,UNKNOWN,OTHER,,,1,,,,,,,,,,,,,,,,,Y,UNKNOWN,,,,,,,,,,,,,,,,,,,,,,,,,,,,,,,,,
2121852,3878a6ac0529c38912e9cb586925150088beb1be1350e6c9d9bada0a016e4f4c33cb1124e001d2b64c5bfb620231a3841666b1a516098b3ba019ef348a111362,08/02/2025 05:00:00 PM,2,PARKED,,2022784,,NISSAN,ALTIMA,IL,2017,UNKNOWN,PASSENGER,UNKNOWN/NA,N,PARKED,,,0,,,,,,,,,,,,,Y,Y,Y,Y,,FRONT-LEFT-CORNER,,,,,,,,,,,,,,,,,,,,,,,,,,,,,,,,,
2120391,4ddce5a8b88f86241f2081e34010c6fd829a0a51b19ea529dc7d88905718bbe799d335cb639c2fe776819f3d3edd5de32cae5beb402055c5050ccafb41d771f0,08/02/2025 05:00:00 PM,1,DRIVER,1,2021364,,GENERAL MOTORS CORPORATION (GMC),ENVOY,IL,2007,UNKNOWN,PASSENGER,PERSONAL,W,BACKING,,,2,,,,Y,,,,,,,,,,,,,,REAR,,,,,,,,,,,,,,,,,,,,,,,,,,,,,,,,,
2120392,4ddce5a8b88f86241f2081e34010c6fd829a0a51b19ea529dc7d88905718bbe799d335cb639c2fe776819f3d3edd5de32cae5beb402055c5050ccafb41d771f0,08/02/2025 05:00:00 PM,2,PARKED,,2021368,,NISSAN,SENTRA,AL,2024,NONE,PASSENGER,PERSONAL,W,PARKED,,,0,,,,,,,,,,,Y,Y,,,,,,REAR-LEFT-CORNER,,,,,,,,,,,,,,,,,,,,,,,,,,,,,,,,,
2120383,c7e2cec7aa1d1a2fd7ff49fb9738d021c95981716f7ecd37dd5d19db024f8f53fee66a0ce446603bbd3721eb9e1a97bd8fbd02b0eed9741e778c90c1a654e500,08/02/2025 05:00:00 PM,1,DRIVER,,2021366,,TOYOTA,AVALON,IL,2007,NONE,PASSENGER,PERSONAL,N,PASSING/OVERTAKING,,,1,,,,,,,,,,,,,,Y,Y,,,SIDE-LEFT-FRONT,,,,,,,,,,,,,,,,,,,,,,,,,,,,,,,,,
2120384,c7e2cec7aa1d1a2fd7ff49fb9738d021c95981716f7ecd37dd5d19db024f8f53fee66a0ce446603bbd3721eb9e1a97bd8fbd02b0eed9741e778c90c1a654e500,08/02/2025 05:00:00 PM,2,DRIVER,,2021360,,VOLVO,S90,IN,2020,NONE,PASSENGER,PERSONAL,N,STRAIGHT AHEAD,,,1,,,,,Y,Y,,,,,,,,,,,,FRONT-RIGHT-CORNER,,,,,,,,,,,,,,,,,,,,,,,,,,,,,,,,,
2123473,42d682cef3765ec9506788c9ca13179b92559312ae9a88f747eb0cd196d211d0b3853b6806da76684307280009227d84355012b480cce1541c964eb6e33119b5,08/02/2025 04:55:00 PM,1,DRIVER,,2024306,,DODGE,CHARGER,IL,2015,UNKNOWN,PASSENGER,PERSONAL,UNKNOWN,STRAIGHT AHEAD,,,1,,,,,,,,,,,,,,,,,Y,UNKNOWN,,,,,,,,,,,,,,,,,,,,,,,,,,,,,,,,,
2123474,42d682cef3765ec9506788c9ca13179b92559312ae9a88f747eb0cd196d211d0b3853b6806da76684307280009227d84355012b480cce1541c964eb6e33119b5,08/02/2025 04:55:00 PM,2,DRIVER,1,2024307,,CHEVROLET,MALIBU,,2024,NONE,PASSENGER,PERSONAL,W,STRAIGHT AHEAD,,,2,,,,,,,,,Y,Y,,,,,,,,SIDE-RIGHT,,,,,,,,,,,,,,,,,,,,,,,,,,,,,,,,,
2121464,5e5d1b6f73667c2c1b66415b7c5b1bc3339c8390aedcb022ac22641f33630d3cb377366180e85a717529509362c11a703d7381521e321ce20c0b02537f3ce128,08/02/2025 04:50:00 PM,1,DRIVER,1,2022408,,HONDA,CIVIC,IL,2008,UNKNOWN,PASSENGER,PERSONAL,W,TURNING RIGHT,,,2,,,,,,Y,Y,,,,,,,,,,,SIDE-RIGHT,,,,,,,,,,,,,,,,,,,,,,,,,,,,,,,,,
2121465,5e5d1b6f73667c2c1b66415b7c5b1bc3339c8390aedcb022ac22641f33630d3cb377366180e85a717529509362c11a703d7381521e321ce20c0b02537f3ce128,08/02/2025 04:50:00 PM,2,DRIVER,,2022398,,CADILLAC,XTS,IL,2013,NONE,PASSENGER,PERSONAL,W,STRAIGHT AHEAD,,,1,,,,,,,,,,,,,,,Y,Y,,FRONT-LEFT-CORNER,,,,,,,,,,,,,,,,,,,,,,,,,,,,,,,,,
2120271,de168a4e8d5c9b9b1aebd2976dd1bb8982a5d2b2ffb78a4127ae4dea25a7fcbcb20e18fb021018d679b52d0fecf631ec78870d5cb5d0cc9562d0000c93f54f05,08/02/2025 04:46:00 PM,1,DRIVER,,2021246,,DODGE,CHALLENGER,GA,2020,UNKNOWN,PASSENGER,PERSONAL,W,TURNING LEFT,,,1,,,,,,,,,,,,,,Y,Y,,,FRONT-LEFT-CORNER,,,,,,,,,,,,,,,,,,,,,,,,,,,,,,,,,
2120272,de168a4e8d5c9b9b1aebd2976dd1bb8982a5d2b2ffb78a4127ae4dea25a7fcbcb20e18fb021018d679b52d0fecf631ec78870d5cb5d0cc9562d0000c93f54f05,08/02/2025 04:46:00 PM,2,DRIVER,,2021258,,HONDA,ACCORD,IL,2007,UNKNOWN,PASSENGER,PERSONAL,N,STRAIGHT AHEAD,,,1,,,,,Y,,,,,,,,,,,Y,,FRONT-RIGHT-CORNER,,,,,,,,,,,,,,,,,,,,,,,,,,,,,,,,,
2120247,5e70378d7454576895c9549a545cbc9eef3fe495a33254cf098e8962bea1a40cbe4309d4335cc4826c7d488631ef47c2107ab7fb86480f5b8f8b457306561179,08/02/2025 04:45:00 PM,1,BICYCLE,,,,,,,,,,,,,,,,,,,,,,,,,,,,,,,,,,,,,,,,,,,,,,,,,,,,,,,,,,,,,,,,,,
2120248,5e70378d7454576895c9549a545cbc9eef3fe495a33254cf098e8962bea1a40cbe4309d4335cc4826c7d488631ef47c2107ab7fb86480f5b8f8b457306561179,08/02/2025 04:45:00 PM,2,PARKED,,2021230,,HONDA,CR-V,IL,2016,NONE,SPORT UTILITY VEHICLE (SUV),PERSONAL,UNKNOWN,PARKED,,,0,,,,,,,,,,,,Y,,Y,Y,,,FRONT-LEFT-CORNER,,,,,,,,,,,,,,,,,,,,,,,,,,,,,,,,,
2120240,6af707846d0d03246534b977ff27c8a769599d0c2e34807da9a97d32169702e632e457d15830d1485817bab142902ef84b10dd290eaaca270d30fcda217ff772,08/02/2025 04:45:00 PM,1,DRIVER,,2021228,,MAZDA,CX-5,IL,2005,NONE,SPORT UTILITY VEHICLE (SUV),PERSONAL,SW,TURNING RIGHT,,,1,,,,,,,,,,,,,,,,,,FRONT,,,,,,,,,,,,,,,,,,,,,,,,,,,,,,,,,
2120241,6af707846d0d03246534b977ff27c8a769599d0c2e34807da9a97d32169702e632e457d15830d1485817bab142902ef84b10dd290eaaca270d30fcda217ff772,08/02/2025 04:45:00 PM,2,DRIVER,,2021232,,TOYOTA,CAMRY,IL,2025,NONE,PASSENGER,PERSONAL,W,STRAIGHT AHEAD,,,1,,,,,,,,,,,Y,Y,Y,,,,,SIDE-LEFT,,,,,,,,,,,,,,,,,,,,,,,,,,,,,,,,,
2120200,851b7bac55981805cf4b3f067501b4d99e2ced7b002a8798ad8337c43f72e5f21f61d3db08ba4ade086a797ca60c0b2c395ef551c314007437741a8924771dce,08/02/2025 04:45:00 PM,1,DRIVER,,2021184,,HYUNDAI,SANTA FE,IL,2017,UNKNOWN,SPORT UTILITY VEHICLE (SUV),UNKNOWN/NA,E,STRAIGHT AHEAD,,,1,,,,,,,,,,,,,,Y,Y,Y,,FRONT-LEFT-CORNER,,,,,,,,,,,,,,,,,,,,,,,,,,,,,,,,,
2120201,851b7bac55981805cf4b3f067501b4d99e2ced7b002a8798ad8337c43f72e5f21f61d3db08ba4ade086a797ca60c0b2c395ef551c314007437741a8924771dce,08/02/2025 04:45:00 PM,2,DRIVER,,2021189,,HYUNDAI,ACCENT,IL,2002,UNKNOWN,PASSENGER,UNKNOWN/NA,S,TURNING LEFT,,,1,,,,,Y,Y,,,,,,,,,,Y,,FRONT-RIGHT-CORNER,,,,,,,,,,,,,,,,,,,,,,,,,,,,,,,,,
2121219,c375b650ae66888f5c61f2f52ba40b16f86a40f849798297085da8321799a326f3647c201c0917d1c1dbcfb115c99b098bd3902517181d724dd0a5a8d7de6866,08/02/2025 04:45:00 PM,1,DRIVER,3,2022160,,BMW,X5,IL,2008,NONE,PASSENGER,PERSONAL,W,STRAIGHT AHEAD,,,4,,,,,,,,,,,Y,Y,Y,,,,,SIDE-LEFT,,,,,,,,,,,,,,,,,,,,,,,,,,,,,,,,,
2121220,c375b650ae66888f5c61f2f52ba40b16f86a40f849798297085da8321799a326f3647c201c0917d1c1dbcfb115c99b098bd3902517181d724dd0a5a8d7de6866,08/02/2025 04:45:00 PM,2,DRIVER,,2022161,,INFINITI,M37,IL,2013,NONE,PASSENGER,PERSONAL,W,STRAIGHT AHEAD,,,1,,,,,Y,,,,,,Y,Y,Y,Y,Y,,,FRONT-LEFT-CORNER,,,,,,,,,,,,,,,,,,,,,,,,,,,,,,,,,
2121221,c375b650ae66888f5c61f2f52ba40b16f86a40f849798297085da8321799a326f3647c201c0917d1c1dbcfb115c99b098bd3902517181d724dd0a5a8d7de6866,08/02/2025 04:45:00 PM,3,DRIVER,,2022162,,HONDA,ACCORD,IL,2022,NONE,PASSENGER,PERSONAL,S,TURNING LEFT,,,1,,,,,,Y,Y,,,,,,,,,,,SIDE-RIGHT,,,,,,,,,,,,,,,,,,,,,,,,,,,,,,,,,
2121988,33244dedf1100fa9f7be94079e686eb6396068b969eaddb867b6b9d5c8539bbf32f2f618d2a25ae372a519053034f0e04683c90d90cf4fe87efae62f7c7e41df,08/02/2025 04:40:00 PM,1,DRIVER,,2023059,,GENERAL MOTORS CORPORATION (GMC),SIERRA,IN,,NONE,PASSENGER,PERSONAL,W,LEAVING TRAFFIC LANE TO PARK,,,1,,,,,Y,Y,Y,Y,,,,,,,,,,SIDE-RIGHT,,,,,,,,,,,,,,,,,,,,,,,,,,,,,,,,,
2121989,33244dedf1100fa9f7be94079e686eb6396068b969eaddb867b6b9d5c8539bbf32f2f618d2a25ae372a519053034f0e04683c90d90cf4fe87efae62f7c7e41df,08/02/2025 04:40:00 PM,2,PARKED,1,2023065,,HYUNDAI,VENUE,,2023,NONE,PASSENGER,PERSONAL,W,PARKED,,,1,,,,,,,,,,,,,Y,Y,Y,Y,,FRONT-LEFT-CORNER,,,,,,,,,,,,,,,,,,,,,,,,,,,,,,,,,
2120225,b6d3516ea84ba73aaa96d9054fe9c4c9ba45046e12de0e1d863891182dbc7a06a0d50c871ed1c1f5032862504000c03f4dd80b1f58bbf3eee078bef726b9f6d0,08/02/2025 04:38:00 PM,1,DRIVER,2,2021206,,KIA,SORENTO,IL,2011,NONE,SPORT UTILITY VEHICLE (SUV),PERSONAL,N,TURNING LEFT,,,3,,,,,Y,Y,,,,,,,,,,Y,,FRONT-RIGHT-CORNER,,,,,,,,,,,,,,,,,,,,,,,,,,,,,,,,,
2120226,b6d3516ea84ba73aaa96d9054fe9c4c9ba45046e12de0e1d863891182dbc7a06a0d50c871ed1c1f5032862504000c03f4dd80b1f58bbf3eee078bef726b9f6d0,08/02/2025 04:38:00 PM,2,DRIVER,,2021211,,JEEP,CHEROKEE,IL,2016,NONE,SPORT UTILITY VEHICLE (SUV),PERSONAL,W,STRAIGHT AHEAD,,,1,,,,,,,,,,,,,Y,Y,Y,,,SIDE-LEFT,,,,,,,,,,,,,,,,,,,,,,,,,,,,,,,,,
2120202,da5433bf0d4db5f1defe814215f0458adb1580e775259728842596e343fad9aa3bfb5500ef425a0cfc3a8984ce2c681c975ef793eb9f787b2c345c946085842b,08/02/2025 04:38:00 PM,1,DRIVER,1,2021188,,TOYOTA,TACOMA,IL,2019,NONE,PICKUP,PERSONAL,E,BACKING,,,2,,,,,,,,,,Y,,,,,,,Y,REAR-RIGHT-CORNER,,,,,,,,,,,,,,,,,,,,,,,,,,,,,,,,,
2120203,da5433bf0d4db5f1defe814215f0458adb1580e775259728842596e343fad9aa3bfb5500ef425a0cfc3a8984ce2c681c975ef793eb9f787b2c345c946085842b,08/02/2025 04:38:00 PM,2,DRIVER,,2021192,,CADILLAC,XTS,IL,2015,NONE,PASSENGER,PERSONAL,W,OTHER,,,1,,,,,N,,,,,,,,,,,Y,Y,FRONT-RIGHT-CORNER,,,,,,,,,,,,,,,,,,,,,,,,,,,,,,,,,
2120210,3639d6ee9eb2fa30d0ccea654f19b00b90762f15b875917d450ca04baba236d256591c760df4ec33ab331a83d3bc5f7e9c794de40e5239907c181a5f33a8a5d3,08/02/2025 04:30:00 PM,1,DRIVER,,2021199,,TOYOTA,OTHER (EXPLAIN IN NARRATIVE),IL,2006,UNKNOWN,PASSENGER,UNKNOWN/NA,N,BACKING,,,1,,,,,,,,,,,,,,,,,Y,REAR,,,,,,,,,,,,,,,,,,,,,,,,,,,,,,,,,
2120211,3639d6ee9eb2fa30d0ccea654f19b00b90762f15b875917d450ca04baba236d256591c760df4ec33ab331a83d3bc5f7e9c794de40e5239907c181a5f33a8a5d3,08/02/2025 04:30:00 PM,2,PARKED,,2021216,,TOYOTA,CAMRY,IL,2002,NONE,PASSENGER,OTHER,W,PARKED,,,0,,,,,,,,,,,,,,,Y,,,SIDE-RIGHT-REAR,,,,,,,,,,,,,,,,,,,,,,,,,,,,,,,,,
2120796,62392141d36ee7103265f8c38ae815f9c957b5def0f13fe8b167b07b5d42c4016d01f53f5a771774a7ae74cbd188538ba5e920e553620510b18fd89cdd96807e,08/02/2025 04:30:00 PM,1,DRIVER,,2021751,,HONDA,CIVIC,IL,2011,NONE,PASSENGER,PERSONAL,S,ENTERING TRAFFIC LANE FROM PARKING,,,1,,,,,,,,,,,,,,Y,Y,Y,,FRONT-LEFT-CORNER,,,,,,,,,,,,,,,,,,,,,,,,,,,,,,,,,
2120797,62392141d36ee7103265f8c38ae815f9c957b5def0f13fe8b167b07b5d42c4016d01f53f5a771774a7ae74cbd188538ba5e920e553620510b18fd89cdd96807e,08/02/2025 04:30:00 PM,2,DRIVER,,2021761,,TOYOTA,OTHER (EXPLAIN IN NARRATIVE),IL,2008,UNKNOWN,UNKNOWN/NA,UNKNOWN/NA,S,STRAIGHT AHEAD,,,1,,,,,,,,Y,Y,,,,,,,,,REAR-RIGHT-CORNER,,,,,,,,,,,,,,,,,,,,,,,,,,,,,,,,,
2120197,2c2ab517d57840ea8c7e3fee8b02f23798b3ed2d0fb09a840fcc3718edcce4cc7803bb01d7d191c16fa2b0dc3a7c1ad53e604508b0cc901f59b2d2a02b32f4ac,08/02/2025 04:28:00 PM,1,BICYCLE,,,,,,,,,,,,,,,,,,,,,,,,,,,,,,,,,,,,,,,,,,,,,,,,,,,,,,,,,,,,,,,,,,
2120198,2c2ab517d57840ea8c7e3fee8b02f23798b3ed2d0fb09a840fcc3718edcce4cc7803bb01d7d191c16fa2b0dc3a7c1ad53e604508b0cc901f59b2d2a02b32f4ac,08/02/2025 04:28:00 PM,2,DRIVER,3,2021193,,KIA,SORENTO,IL,2017,UNKNOWN,PASSENGER,PERSONAL,W,TURNING LEFT,,,4,,,,,,,,,,,,,,,,,Y,SIDE-LEFT,,,,,,,,,,,,,,,,,,,,,,,,,,,,,,,,,
2120187,875cc9ee4446ae67c14b94c3c3a36f0b457c727bfec5dbd2bcb26d1e088793a2a92320109221a31e0a7aaf1f2c65e8c315a8e9273195a63d697443d428a937e5,08/02/2025 04:23:00 PM,1,DRIVER,,2021175,,LEXUS,GS350,IL,2008,UNKNOWN,PASSENGER,PERSONAL,W,STRAIGHT AHEAD,,,1,,,,,,,,,,,,,,,,Y,,FRONT,,,,,,,,,,,,,,,,,,,,,,,,,,,,,,,,,
2120188,875cc9ee4446ae67c14b94c3c3a36f0b457c727bfec5dbd2bcb26d1e088793a2a92320109221a31e0a7aaf1f2c65e8c315a8e9273195a63d697443d428a937e5,08/02/2025 04:23:00 PM,2,DRIVER,,2021181,,BUICK,ENCORE,IL,2024,UNKNOWN,PASSENGER,OTHER,W,STRAIGHT AHEAD,,,1,,,,,,,,,,Y,,,,,,,,REAR,,,,,,,,,,,,,,,,,,,,,,,,,,,,,,,,,
2120242,a3f9eaa7d209927e16b9ddb968210cfa10b4498d76fac175dd8f6b666636bde6bd6fac1ac1b1c14341bebe2102ae6b6ead431937926e82fd64d00a16c5346853,08/02/2025 04:21:00 PM,1,DRIVER,,2021262,,MERCEDES-BENZ,S-CLASS,IL,2013,UNKNOWN,PASSENGER,PERSONAL,W,STRAIGHT AHEAD,Y,,1,,CPD,701 N SACRAMENTO,,Y,,,,,,,,,,Y,Y,,FRONT,,,,,,,,,,,,,,,,,,,,,,,,,,,,,,,,,
2120243,a3f9eaa7d209927e16b9ddb968210cfa10b4498d76fac175dd8f6b666636bde6bd6fac1ac1b1c14341bebe2102ae6b6ead431937926e82fd64d00a16c5346853,08/02/2025 04:21:00 PM,2,DRIVER,,2021271,,NISSAN,ARMADA,WI,2010,UNKNOWN,SPORT UTILITY VEHICLE (SUV),PERSONAL,W,STRAIGHT AHEAD,,,1,,,,,,,,,,Y,,,,,,,,REAR,,,,,,,,,,,,,,,,,,,,,,,,,,,,,,,,,
2123939,c6d61a70b59ebacc32253496067ff322c55ba042f575cbc0c868f41ff2bd4197ba7c7f36b67941cff33bbbec273f0a2eda7f2e9a9a28c572b679339eab2fa7df,08/02/2025 04:10:00 PM,1,DRIVER,,2024770,,FORD,ECOSPORT,IL,2004,UNKNOWN,SPORT UTILITY VEHICLE (SUV),UNKNOWN/NA,S,STRAIGHT AHEAD,,,1,,,,,N,,,,,,,,,,,Y,,FRONT,,,,,,,,,,,,,,,,,,,,,,,,,,,,,,,,,
2123940,c6d61a70b59ebacc32253496067ff322c55ba042f575cbc0c868f41ff2bd4197ba7c7f36b67941cff33bbbec273f0a2eda7f2e9a9a28c572b679339eab2fa7df,08/02/2025 04:10:00 PM,2,DRIVER,2,2024773,,KIA,SOUL,IL,2023,NONE,SPORT UTILITY VEHICLE (SUV),RIDESHARE SERVICE,S,STRAIGHT AHEAD,,,3,,,,,,,,,Y,Y,,,,,,,,REAR,,,,,,,,,,,,,,,,,,,,,,,,,,,,,,,,,
2120191,e0a558f25892bb7e724477d849e2e8ccd9e69b02ea769636ba31f780888add113b1595f465aaf8de14e2d3f709d98be0bdb51537d13f0d165c513db5d58b6959,08/02/2025 04:06:00 PM,1,DRIVER,,2021186,,FORD,EXPLORER,IL,2019,NONE,PASSENGER,PERSONAL,W,STRAIGHT AHEAD,,,1,,,,,Y,,,,,,,,,,Y,Y,,FRONT,,,,,,,,,,,,,,,,,,,,,,,,,,,,,,,,,
2120192,e0a558f25892bb7e724477d849e2e8ccd9e69b02ea769636ba31f780888add113b1595f465aaf8de14e2d3f709d98be0bdb51537d13f0d165c513db5d58b6959,08/02/2025 04:06:00 PM,2,DRIVER,1,2021183,,KIA,SPORTAGE,IL,2023,NONE,PASSENGER,PERSONAL,S,STRAIGHT AHEAD,Y,,2,,,,,,,,,,,Y,Y,Y,Y,Y,,,SIDE-LEFT-REAR,,,,,,,,,,,,,,,,,,,,,,,,,,,,,,,,,
2120167,b109b20e9ad08d4019b99c2bef4612a87f15361e6adf86c523c54097dc9fe3ef2a69aa86744f577ff3b25c691d3cf91da58ef4562e0cab71cefb4761f06f000c,08/02/2025 04:05:00 PM,1,DRIVER,,2021153,,TOYOTA,CAMRY,IL,2017,UNKNOWN,PASSENGER,PERSONAL,N,TURNING LEFT,Y,,1,,TO BE TOWED BY PRIVATE TOW,TBD,,Y,,,,,,,,,,Y,Y,,FRONT,,,,,,,,,,,,,,,,,,,,,,,,,,,,,,,,,
2120168,b109b20e9ad08d4019b99c2bef4612a87f15361e6adf86c523c54097dc9fe3ef2a69aa86744f577ff3b25c691d3cf91da58ef4562e0cab71cefb4761f06f000c,08/02/2025 04:05:00 PM,2,DRIVER,,2021162,,HONDA,CIVIC,IL,2019,UNKNOWN,PASSENGER,PERSONAL,S,STRAIGHT AHEAD,Y,,1,,TO BE TOWED BY PRIVATE TOW,TBD,,,,,,,,,,,,Y,Y,,FRONT-LEFT-CORNER,,,,,,,,,,,,,,,,,,,,,,,,,,,,,,,,,