CRASH_UNIT_ID,CRASH_RECORD_ID,CRASH_DATE,UNIT_NO,UNIT_TYPE,NUM_PASSENGERS,VEHICLE_ID,CMRC_VEH_I,MAKE,MODEL,LIC_PLATE_STATE,VEHICLE_YEAR,VEHICLE_DEFECT,VEHICLE_TYPE,VEHICLE_USE,TRAVEL_DIRECTION,MANEUVER,TOWED_I,FIRE_I,OCCUPANT_CNT,EXCEED_SPEED_LIMIT_I,TOWED_BY,TOWED_TO,AREA_00_I,AREA_01_I,AREA_02_I,AREA_03_I,AREA_04_I,AREA_05_I,AREA_06_I,AREA_07_I,AREA_08_I,AREA_09_I,AREA_10_I,AREA_11_I,AREA_12_I,AREA_99_I,FIRST_CONTACT_POINT,CMV_ID,USDOT_NO,CCMC_NO,ILCC_NO,COMMERCIAL_SRC,GVWR,CARRIER_NAME,CARRIER_STATE,CARRIER_CITY,HAZMAT_PLACARDS_I,HAZMAT_NAME,UN_NO,HAZMAT_PRESENT_I,HAZMAT_REPORT_I,HAZMAT_REPORT_NO,MCS_REPORT_I,MCS_REPORT_NO,HAZMAT_VIO_CAUSE_CRASH_I,MCS_VIO_CAUSE_CRASH_I,IDOT_PERMIT_NO,WIDE_LOAD_I,TRAILER1_WIDTH,TRAILER2_WIDTH,TRAILER1_LENGTH,TRAILER2_LENGTH,TOTAL_VEHICLE_LENGTH,AXLE_CNT,VEHICLE_CONFIG,CARGO_BODY_TYPE,LOAD_TYPE,HAZMAT_OUT_OF_SERVICE_I,MCS_OUT_OF_SERVICE_I,HAZMAT_CLASS
2120185,13154dffb1f1476c986f10849c6aed3f8c3b92fad4e17c36559fc9fdffd6ac798eaebfabf3898b576be3e4581c8cec09b535f631905ed204a67ea69bf86ea971,08/02/2025 04:00:00 PM,1,DRIVER,,2021172,,UNKNOWN,OTHER (EXPLAIN IN NARRATIVE),,,UNKNOWN,PASSENGER,UNKNOWN/NA,N,BACKING,,,1,,,,,,,,,,,,,,,,,Y,REAR,,,,,,,,,,,,,,,,,,,,,,,,,,,,,,,,,
2120186,13154dffb1f1476c986f10849c6aed3f8c3b92fad4e17c36559fc9fdffd6ac798eaebfabf3898b576be3e4581c8cec09b535f631905ed204a67ea69bf86ea971,08/02/2025 04:00:00 PM,2,DRIVER,,2021177,,CHRYSLER,300,IL,2019,NONE,PASSENGER,PERSONAL,N,STRAIGHT AHEAD,,,1,,,,,Y,,,,,,,,,,Y,Y,,FRONT,,,,,,,,,,,,,,,,,,,,,,,,,,,,,,,,,
2120568,3ebe877fef336f59db8f06fca4616532ece3c5449fa9d116f6feb692e7655373057dafb08c2b58a479be307827186e73fb88b41e9ecaff1a8d44d935cdcc985a,08/02/2025 04:00:00 PM,1,DRIVER,,2021536,,DODGE,OTHER (EXPLAIN IN NARRATIVE),IL,2005,UNKNOWN,PICKUP,UNKNOWN/NA,N,UNKNOWN/NA,,,1,,,,,,,,,,,,,,,,,,UNKNOWN,,,,,,,,,,,,,,,,,,,,,,,,,,,,,,,,,
2120569,3ebe877fef336f59db8f06fca4616532ece3c5449fa9d116f6feb692e7655373057dafb08c2b58a479be307827186e73fb88b41e9ecaff1a8d44d935cdcc985a,08/02/2025 04:00:00 PM,2,PARKED,,2021537,,CADILLAC,SRX,IL,2012,UNKNOWN,SPORT UTILITY VEHICLE (SUV),NOT IN USE,N,PARKED,,,0,,,,,,,,,,,Y,Y,,,,,,SIDE-LEFT-REAR,,,,,,,,,,,,,,,,,,,,,,,,,,,,,,,,,
2120215,75f005a6fbb09bbdc0316cae0c32dbf0ff815060a99bf6481bc69b001736f01512010a6bd21043faa91a4c22759bc5b45e3ce5ff7d0ba745355efb08d70fdb6e,08/02/2025 04:00:00 PM,1,DRIVER,,2021195,,CHEVROLET,EQUINOX,IL,2013,UNKNOWN,SPORT UTILITY VEHICLE (SUV),PERSONAL,UNKNOWN,STRAIGHT AHEAD,,,1,,,,,,,,,,,,,,,,Y,,FRONT,,,,,,,,,,,,,,,,,,,,,,,,,,,,,,,,,
2120216,75f005a6fbb09bbdc0316cae0c32dbf0ff815060a99bf6481bc69b001736f01512010a6bd21043faa91a4c22759bc5b45e3ce5ff7d0ba745355efb08d70fdb6e,08/02/2025 04:00:00 PM,2,DRIVER,,2021202,,BMW,OTHER (EXPLAIN IN NARRATIVE),AZ,2018,UNKNOWN,SPORT UTILITY VEHICLE (SUV),PERSONAL,UNKNOWN,STRAIGHT AHEAD,,,1,,,,,,,,,,Y,,,,,,,,REAR,,,,,,,,,,,,,,,,,,,,,,,,,,,,,,,,,
2120221,7920a6d9a796724cd317c53958254ef9f38731914da7af1311a19bbb283871913cb9febb21ce0ed6b4f9d626d119305179b060b8b7f0a5aa605ad3769080f0c2,08/02/2025 04:00:00 PM,1,DRIVER,,2021198,,UNKNOWN,OTHER (EXPLAIN IN NARRATIVE),,,UNKNOWN,UNKNOWN/NA,UNKNOWN/NA,E,UNKNOWN/NA,,,1,,,,,,,,,,,,,,,,,Y,UNKNOWN,,,,,,,,,,,,,,,,,,,,,,,,,,,,,,,,,
2120222,7920a6d9a796724cd317c53958254ef9f38731914da7af1311a19bbb283871913cb9febb21ce0ed6b4f9d626d119305179b060b8b7f0a5aa605ad3769080f0c2,08/02/2025 04:00:00 PM,2,PARKED,,2021207,,TOYOTA,COROLLA,IN,2021,UNKNOWN,PASSENGER,PERSONAL,E,PARKED,,,0,,,,,,,,,,,Y,Y,Y,,,,,REAR-LEFT-CORNER,,,,,,,,,,,,,,,,,,,,,,,,,,,,,,,,,
2120777,c2af3386a502b2a3b770c0d290b3cdf3c6686bac74502fddbc487a1da2b21bdb008a6c2a917da1aa21d62009659036c330abda0064b78427a98c1f68c47bc722,08/02/2025 04:00:00 PM,1,DRIVER,,2021738,,HONDA,CR-V,IL,2020,UNKNOWN,PASSENGER,PERSONAL,S,STRAIGHT AHEAD,,,1,,,,,,,,,,,,,,,,Y,,FRONT,,,,,,,,,,,,,,,,,,,,,,,,,,,,,,,,,
2120778,c2af3386a502b2a3b770c0d290b3cdf3c6686bac74502fddbc487a1da2b21bdb008a6c2a917da1aa21d62009659036c330abda0064b78427a98c1f68c47bc722,08/02/2025 04:00:00 PM,2,DRIVER,,2021742,,NISSAN,SENTRA,IL,2017,UNKNOWN,PASSENGER,PERSONAL,S,SLOW/STOP IN TRAFFIC,,,1,,,,,,,,,,Y,,,,,,,,REAR,,,,,,,,,,,,,,,,,,,,,,,,,,,,,,,,,
2120195,ec033f6bc7bc6721534e7e6136980819a5fcfe5a21897c406fd68d5605d0fadc6a0aa531bc3e515d8441b020979c4bea8e71fcd269e2117c674912cdc412b877,08/02/2025 04:00:00 PM,1,DRIVER,,2021179,,VOLKSWAGEN,OTHER (EXPLAIN IN NARRATIVE),IL,2013,NONE,PASSENGER,PERSONAL,W,PASSING/OVERTAKING,,,1,,,,,,,,,,,,,,Y,Y,,,FRONT-LEFT-CORNER,,,,,,,,,,,,,,,,,,,,,,,,,,,,,,,,,
2120196,ec033f6bc7bc6721534e7e6136980819a5fcfe5a21897c406fd68d5605d0fadc6a0aa531bc3e515d8441b020979c4bea8e71fcd269e2117c674912cdc412b877,08/02/2025 04:00:00 PM,2,DRIVER,,2021185,,HYUNDAI,OTHER (EXPLAIN IN NARRATIVE),IL,2021,NONE,PASSENGER,PERSONAL,W,STRAIGHT AHEAD,,,1,,,,,Y,Y,Y,,,,,,,,,,,FRONT-RIGHT-CORNER,,,,,,,,,,,,,,,,,,,,,,,,,,,,,,,,,
2120217,216525b3ae890679710b8470b7644097bd73effbd17e792b8fe157663a5c4a9b6a82f82e1d221405af3f87e834c3aab4ae89a3fb1f9323fa994ece4b28f21b76,08/02/2025 03:55:00 PM,1,DRIVER,,2021194,,UNKNOWN,OTHER (EXPLAIN IN NARRATIVE),IL,,UNKNOWN,PASSENGER,UNKNOWN/NA,E,TURNING RIGHT,,,1,,,,,Y,Y,,,,,,,,,,Y,,FRONT-RIGHT-CORNER,,,,,,,,,,,,,,,,,,,,,,,,,,,,,,,,,
2120218,216525b3ae890679710b8470b7644097bd73effbd17e792b8fe157663a5c4a9b6a82f82e1d221405af3f87e834c3aab4ae89a3fb1f9323fa994ece4b28f21b76,08/02/2025 03:55:00 PM,2,DRIVER,,2021196,,CHEVROLET,EQUINOX,IL,2008,UNKNOWN,PASSENGER,PERSONAL,E,STRAIGHT AHEAD,Y,,1,,personal,,,Y,Y,Y,,,,,,Y,Y,Y,Y,,SIDE-LEFT,,,,,,,,,,,,,,,,,,,,,,,,,,,,,,,,,
2120229,454ea09d498704e99102b28eea5cd84f638552200084780f2fd3b5d4912519c35395783e339fc5d881cc770c480f1512c77a37dad042c16f903038692424f03c,08/02/2025 03:50:00 PM,1,DRIVER,1,2021210,,CHEVROLET,TRAX,IL,,NONE,SPORT UTILITY VEHICLE (SUV),PERSONAL,W,ENTERING TRAFFIC LANE FROM PARKING,,,2,,,,,,,,,,,,,,,Y,,,FRONT-LEFT-CORNER,,,,,,,,,,,,,,,,,,,,,,,,,,,,,,,,,
2120230,454ea09d498704e99102b28eea5cd84f638552200084780f2fd3b5d4912519c35395783e339fc5d881cc770c480f1512c77a37dad042c16f903038692424f03c,08/02/2025 03:50:00 PM,2,DRIVER,,2021205,,HYUNDAI,ELANTRA,IL,2014,NONE,PASSENGER,PERSONAL,W,STRAIGHT AHEAD,,,1,,,,,,,,Y,Y,,,,,,,,,REAR-RIGHT-CORNER,,,,,,,,,,,,,,,,,,,,,,,,,,,,,,,,,
2121348,7ab9d2fb2000d6586680022a57b4a1133399c613a06b639ca4f3a242a90fe6c5d03648f4385984e6480ad9e8086ee03a1f9c29c32c3211ce532d7b41aaaa83da,08/02/2025 03:50:00 PM,1,DRIVER,,2022293,,GENERAL MOTORS CORPORATION (GMC),SIERRA,TX,2015,UNKNOWN,PICKUP,UNKNOWN/NA,S,UNKNOWN/NA,,,1,,,,,,,,,,,N,N,N,N,N,,Y,UNKNOWN,,,,,,,,,,,,,,,,,,,,,,,,,,,,,,,,,
2121349,7ab9d2fb2000d6586680022a57b4a1133399c613a06b639ca4f3a242a90fe6c5d03648f4385984e6480ad9e8086ee03a1f9c29c32c3211ce532d7b41aaaa83da,08/02/2025 03:50:00 PM,2,PARKED,,2022302,,HYUNDAI,SANTA FE,IL,2017,UNKNOWN,SPORT UTILITY VEHICLE (SUV),PERSONAL,S,PARKED,,,0,,,,,,,,,,,Y,Y,Y,Y,Y,,,SIDE-LEFT,,,,,,,,,,,,,,,,,,,,,,,,,,,,,,,,,
2120328,ccc0cda56c267d2f754ddee0a7233e5a078700857d918562de4575ba85907fe3a347704f1bf07267cde0def2cfb70b0747148b3d8f40db9cf0d34a17b1ddc24b,08/02/2025 03:50:00 PM,1,DRIVER,,2021308,,GENERAL MOTORS CORPORATION (GMC),SIERRA,TX,2015,UNKNOWN,PICKUP,UNKNOWN/NA,UNKNOWN,UNKNOWN/NA,,,1,,,,,Y,Y,Y,Y,Y,,,,,,,,,UNKNOWN,,,,,,,,,,,,,,,,,,,,,,,,,,,,,,,,,
2120329,ccc0cda56c267d2f754ddee0a7233e5a078700857d918562de4575ba85907fe3a347704f1bf07267cde0def2cfb70b0747148b3d8f40db9cf0d34a17b1ddc24b,08/02/2025 03:50:00 PM,2,PARKED,,2021309,,LEXUS,RX330,IL,2005,UNKNOWN,SPORT UTILITY VEHICLE (SUV),PERSONAL,S,PARKED,,,0,,,,,,,,,,Y,Y,Y,,,Y,Y,,SIDE-LEFT-REAR,,,,,,,,,,,,,,,,,,,,,,,,,,,,,,,,,
2120285,10347a284079180993aa23e098719259ce74c126ca143604425d6339a91438c476c463ca8c8f0bfa894b7b5eb0a02fa9905a9984f95c2380048fe19238be80e5,08/02/2025 03:45:00 PM,1,DRIVER,,2021265,,BMW,OTHER (EXPLAIN IN NARRATIVE),AZ,2018,NONE,PASSENGER,PERSONAL,S,STRAIGHT AHEAD,,,1,,,,,,,,,,,,,,,,Y,,FRONT,,,,,,,,,,,,,,,,,,,,,,,,,,,,,,,,,
2120286,10347a284079180993aa23e098719259ce74c126ca143604425d6339a91438c476c463ca8c8f0bfa894b7b5eb0a02fa9905a9984f95c2380048fe19238be80e5,08/02/2025 03:45:00 PM,2,DRIVER,1,2021272,,CHEVROLET,EQUINOX,IL,2013,NONE,PASSENGER,PERSONAL,S,STRAIGHT AHEAD,,,2,,,,,,,,,,Y,,,,,,,,REAR,,,,,,,,,,,,,,,,,,,,,,,,,,,,,,,,,
2120236,4b02069e6bc61c0eb7920dc6b39f8c39b3b2476f787676befb02bdc0ffdd2c45db8934d5dde348b9ca7622a58b4b769f705ed83f62634c561fc8fddd2ceb16e6,08/02/2025 03:45:00 PM,1,DRIVER,,2021212,,FORD,FUSION,IL,2012,UNKNOWN,PASSENGER,PERSONAL,N,UNKNOWN/NA,,,1,,,,,,,,,,,,,,Y,N,,,SIDE-LEFT,,,,,,,,,,,,,,,,,,,,,,,,,,,,,,,,,
2120237,4b02069e6bc61c0eb7920dc6b39f8c39b3b2476f787676befb02bdc0ffdd2c45db8934d5dde348b9ca7622a58b4b769f705ed83f62634c561fc8fddd2ceb16e6,08/02/2025 03:45:00 PM,2,DRIVER,,2021213,,MERCEDES-BENZ,SPRINTER,IL,2019,UNKNOWN,VAN/MINI-VAN,PERSONAL,N,STRAIGHT AHEAD,,,1,,,,,,Y,Y,Y,,,,,,,,,,SIDE-RIGHT,,,,,,,,,,,,,,,,,,,,,,,,,,,,,,,,,
2120157,9125d3478632e66b82cbebc6df3812b4c816098e4e3dd89172eeacaadf2d540c0b9896a0c4fb5af1b7ed24afab9499b6aadb3dace4fcd79747925d04198c4833,08/02/2025 03:37:00 PM,1,DRIVER,,2021148,N,GENERAL MOTORS CORPORATION (GMC),SAVANNAH,OK,2022,UNKNOWN,TRUCK - SINGLE UNIT,OTHER,N,BACKING,,,1,,,,,,,,,,Y,Y,,,,,,,REAR-LEFT-CORNER,,,,,,,,,,,,,,,,,,,,,,,,,,,,,,,,,
2120158,9125d3478632e66b82cbebc6df3812b4c816098e4e3dd89172eeacaadf2d540c0b9896a0c4fb5af1b7ed24afab9499b6aadb3dace4fcd79747925d04198c4833,08/02/2025 03:37:00 PM,2,PARKED,,2021161,,AUDI,Q7,IL,2017,UNKNOWN,PASSENGER,PERSONAL,N,PARKED,,,0,,,,,,,,,Y,Y,Y,,,,,,,REAR,,,,,,,,,,,,,,,,,,,,,,,,,,,,,,,,,
2120206,6c2f61a13e24aae31e37b22470c18952c1716b9b6058e09580837f52bc344ff51d0e247217ecc2bae4ade6abda96498915f32d7cf48bb1b911c0731faff510d3,08/02/2025 03:35:00 PM,1,DRIVER,,2021197,,UNKNOWN,OTHER (EXPLAIN IN NARRATIVE),,,NONE,PASSENGER,PERSONAL,E,TURNING RIGHT,,,1,,,,,,,,,,,,,,,,,Y,FRONT,,,,,,,,,,,,,,,,,,,,,,,,,,,,,,,,,
2120207,6c2f61a13e24aae31e37b22470c18952c1716b9b6058e09580837f52bc344ff51d0e247217ecc2bae4ade6abda96498915f32d7cf48bb1b911c0731faff510d3,08/02/2025 03:35:00 PM,2,DRIVER,,2021204,,HYUNDAI,PALISADE,IL,2024,NONE,SPORT UTILITY VEHICLE (SUV),PERSONAL,S,STRAIGHT AHEAD,,,1,,,,,,,,,,,,,,,,Y,,FRONT,,,,,,,,,,,,,,,,,,,,,,,,,,,,,,,,,
2120183,31531689441aa667430db369ff8a29a76e8845b019b9c2618ea5b526626f6ceec0257a7a80b5777a65cec2393f9d19535e70f16b11b5fded1633879749125d45,08/02/2025 03:30:00 PM,1,DRIVER,,2021173,,UNKNOWN,OTHER (EXPLAIN IN NARRATIVE),,,UNKNOWN,UNKNOWN/NA,UNKNOWN/NA,W,STRAIGHT AHEAD,,,1,,,,,,,,,,,,,,,,,Y,UNKNOWN,,,,,,,,,,,,,,,,,,,,,,,,,,,,,,,,,
2120184,31531689441aa667430db369ff8a29a76e8845b019b9c2618ea5b526626f6ceec0257a7a80b5777a65cec2393f9d19535e70f16b11b5fded1633879749125d45,08/02/2025 03:30:00 PM,2,DRIVER,3,2021182,,TOYOTA,CAMRY,IL,2015,UNKNOWN,PASSENGER,RIDESHARE SERVICE,W,STRAIGHT AHEAD,Y,,4,,PRIVATE,PRIVATE,,Y,Y,Y,Y,Y,,,,,,,,,SIDE-RIGHT,,,,,,,,,,,,,,,,,,,,,,,,,,,,,,,,,
2121578,5cff20db272dd11a4a3e4bac962d5e27aa2e00d7d7451742e7773ac85ac4724d937de47305dc8e939db5fe311c77ead8ed750c50872d15b7b9e4a14e22382934,08/02/2025 03:30:00 PM,1,DRIVER,,2022556,,UNKNOWN,OTHER (EXPLAIN IN NARRATIVE),IL,,UNKNOWN,UNKNOWN/NA,UNKNOWN/NA,UNKNOWN,UNKNOWN/NA,,,1,,,,,,,,,,,,,,,,,Y,UNKNOWN,,,,,,,,,,,,,,,,,,,,,,,,,,,,,,,,,
2121579,5cff20db272dd11a4a3e4bac962d5e27aa2e00d7d7451742e7773ac85ac4724d937de47305dc8e939db5fe311c77ead8ed750c50872d15b7b9e4a14e22382934,08/02/2025 03:30:00 PM,2,PARKED,,2022518,,CHEVROLET,MALIBU,IL,2014,UNKNOWN,PASSENGER,PERSONAL,S,PARKED,Y,,0,,smoothing inc,unk,,,Y,Y,Y,,,,,,,,,,SIDE-RIGHT,,,,,,,,,,,,,,,,,,,,,,,,,,,,,,,,,
2122839,667765c9a4f6895b1dbe54aafd6c6c62c947f3f9a1d1976d2b7acd9dd6e985cce55481d141412cbb1a91147054ba93cdbba6248d8b4bb7fac9ca0a79f52693bf,08/02/2025 03:30:00 PM,1,DRIVER,,2023739,,INFINITI,EX35,,2008,NONE,PASSENGER,PERSONAL,N,STRAIGHT AHEAD,,,1,,,,,,,,,,,,,,,,,,FRONT,,,,,,,,,,,,,,,,,,,,,,,,,,,,,,,,,
2122840,667765c9a4f6895b1dbe54aafd6c6c62c947f3f9a1d1976d2b7acd9dd6e985cce55481d141412cbb1a91147054ba93cdbba6248d8b4bb7fac9ca0a79f52693bf,08/02/2025 03:30:00 PM,2,DRIVER,,2023725,,NISSAN,ROGUE,IL,2023,NONE,SPORT UTILITY VEHICLE (SUV),PERSONAL,W,STRAIGHT AHEAD,Y,,1,,PRIVATE,,,,,,,,,Y,Y,Y,Y,Y,,,SIDE-LEFT,,,,,,,,,,,,,,,,,,,,,,,,,,,,,,,,,
2120154,eb65a30eebaab13b84df834729c30c94bf3372434d5d57ddf59611ce936ff5555dbd5dc4b1ae4b7cd0e317e3ff0e5481f000e7ea233e64790e7285db9e4aae14,08/02/2025 03:28:00 PM,1,DRIVER,,2021143,,TOYOTA,PRIUS,IL,2014,UNKNOWN,PASSENGER,PERSONAL,E,TURNING RIGHT,,,1,,,,,,,,,,,,,,Y,Y,,,FRONT-LEFT-CORNER,,,,,,,,,,,,,,,,,,,,,,,,,,,,,,,,,
2120155,eb65a30eebaab13b84df834729c30c94bf3372434d5d57ddf59611ce936ff5555dbd5dc4b1ae4b7cd0e317e3ff0e5481f000e7ea233e64790e7285db9e4aae14,08/02/2025 03:28:00 PM,2,DRIVER,,2021160,,SUBARU,OUTBACK,IL,2025,NONE,SPORT UTILITY VEHICLE (SUV),PERSONAL,N,STRAIGHT AHEAD,,,1,,,,,,,,,,,,Y,Y,Y,,,,SIDE-LEFT-FRONT,,,,,,,,,,,,,,,,,,,,,,,,,,,,,,,,,
2120193,eba188ae7d9e202c293832fb712dce4124fbd4c5daacfb105aa81f410f8f0ace7b85efaa6b1c73f5e9eb1c3a3ecb4d8169dcc0e585368c2633ca2ff5a0bdf31f,08/02/2025 03:26:00 PM,1,DRIVER,,2021219,,SUZUKI,MOTORCYCLE,IL,2013,UNKNOWN,OTHER,PERSONAL,E,STRAIGHT AHEAD,,,1,,,,,,Y,Y,Y,Y,,,,,,,,,UNKNOWN,,,,,,,,,,,,,,,,,,,,,,,,,,,,,,,,,
2120194,eba188ae7d9e202c293832fb712dce4124fbd4c5daacfb105aa81f410f8f0ace7b85efaa6b1c73f5e9eb1c3a3ecb4d8169dcc0e585368c2633ca2ff5a0bdf31f,08/02/2025 03:26:00 PM,2,DRIVER,3,2021227,,TOYOTA,CAMRY,IL,2009,UNKNOWN,PASSENGER,PERSONAL,E,OTHER,,,4,,,,,,,,N,Y,Y,,,,,,,,REAR-RIGHT-CORNER,,,,,,,,,,,,,,,,,,,,,,,,,,,,,,,,,
2120159,6da5c33041a67f7875a874bcf448b4bd8c14a5ce04d4e8602644e19b9f3fe18f7bde74fdcbb3130132b190c9018a1079e4882dda6b85456c522c6603e86877c1,08/02/2025 03:20:00 PM,2,DRIVER,,2021141,,NISSAN,SENTRA,IL,2017,UNKNOWN,PASSENGER,PERSONAL,E,STRAIGHT AHEAD,,,1,,,,,,,,,Y,Y,Y,,,,,,,REAR,,,,,,,,,,,,,,,,,,,,,,,,,,,,,,,,,
2120160,6da5c33041a67f7875a874bcf448b4bd8c14a5ce04d4e8602644e19b9f3fe18f7bde74fdcbb3130132b190c9018a1079e4882dda6b85456c522c6603e86877c1,08/02/2025 03:20:00 PM,1,DRIVER,,2021146,,JEEP,RENEGADE,IL,2025,UNKNOWN,PASSENGER,PERSONAL,E,STRAIGHT AHEAD,,,1,,,,,Y,,,,,,,,,,Y,Y,,FRONT,,,,,,,,,,,,,,,,,,,,,,,,,,,,,,,,,
2120142,2ed5e8f345e9d996cd6b7f2c3f9d1583ff36b2323bf0c99c5745e631cbfbca7b24fbfde7daa815dd3d187139b400e12b9931b4290f5543ad04369608ca5630b4,08/02/2025 03:08:00 PM,1,DRIVER,,2021133,,CHEVROLET,EQUINOX,IL,2007,NONE,PASSENGER,PERSONAL,W,TURNING RIGHT,Y,,1,,UNK,UNK,,Y,Y,Y,Y,,,,,,,,,,SIDE-RIGHT-FRONT,,,,,,,,,,,,,,,,,,,,,,,,,,,,,,,,,
2120143,2ed5e8f345e9d996cd6b7f2c3f9d1583ff36b2323bf0c99c5745e631cbfbca7b24fbfde7daa815dd3d187139b400e12b9931b4290f5543ad04369608ca5630b4,08/02/2025 03:08:00 PM,2,PARKED,2,2021136,,KIA,SOUL,IL,2015,NONE,PASSENGER,PERSONAL,S,PARKED,,,2,,,,,,,,,,,Y,Y,Y,,,,,SIDE-LEFT-REAR,,,,,,,,,,,,,,,,,,,,,,,,,,,,,,,,,
2120180,571335b507878e9c9601e38dffa1ef5740b1f13dc4b6283ffa7f6908afcf47a2f35fc91f6b8aaa690f16e47ba7abb9b228242aacbab41f2d788ad71f0aaab19b,08/02/2025 03:00:00 PM,1,DRIVER,,2021166,,NISSAN,SENTRA,,,NONE,PASSENGER,PERSONAL,S,STRAIGHT AHEAD,,,1,,,,,,,,,,,,,,,,Y,,FRONT,,,,,,,,,,,,,,,,,,,,,,,,,,,,,,,,,
2120181,571335b507878e9c9601e38dffa1ef5740b1f13dc4b6283ffa7f6908afcf47a2f35fc91f6b8aaa690f16e47ba7abb9b228242aacbab41f2d788ad71f0aaab19b,08/02/2025 03:00:00 PM,2,DRIVER,2,2021170,,TOYOTA,SIENNA,IL,2014,NONE,VAN/MINI-VAN,PERSONAL,S,SLOW/STOP IN TRAFFIC,,,3,,,,,,,,,Y,Y,Y,,,,,,,REAR,,,,,,,,,,,,,,,,,,,,,,,,,,,,,,,,,
2120920,651c050bd0205ec10504e466f7d901d91a6c28c84a34a3bd81c93aa00dc786793add4c5464c684ff7f25c1cfb6748720068ebf60e8c7afa15e05f0dcc85c1f0a,08/02/2025 03:00:00 PM,1,DRIVER,,2021869,,HONDA,PRELUDE,IL,1999,UNKNOWN,PASSENGER,PERSONAL,UNKNOWN,STRAIGHT AHEAD,,,1,,,,,Y,,,,,,,,,,,Y,,FRONT-RIGHT-CORNER,,,,,,,,,,,,,,,,,,,,,,,,,,,,,,,,,
2120921,651c050bd0205ec10504e466f7d901d91a6c28c84a34a3bd81c93aa00dc786793add4c5464c684ff7f25c1cfb6748720068ebf60e8c7afa15e05f0dcc85c1f0a,08/02/2025 03:00:00 PM,2,DRIVER,,2021874,,TOYOTA,HIGHLANDER,OH,2025,UNKNOWN,SPORT UTILITY VEHICLE (SUV),PERSONAL,UNKNOWN,STRAIGHT AHEAD,,,1,,,,,,,,,,,,,,Y,Y,,,FRONT-LEFT-CORNER,,,,,,,,,,,,,,,,,,,,,,,,,,,,,,,,,
2120928,86313c16d23cc004fe9ee4e82acec5452c101b1a2cab82a04bc7e9d070dae4c1aab7f19372e732755dfe475b162b8a44886106f7710b83176d89368d77723dc5,08/02/2025 03:00:00 PM,1,DRIVER,,2021879,,UNKNOWN,OTHER (EXPLAIN IN NARRATIVE),IL,2000,NONE,PASSENGER,UNKNOWN/NA,UNKNOWN,STRAIGHT AHEAD,,,1,,,,,,,,,,,,,,,,,,UNKNOWN,,,,,,,,,,,,,,,,,,,,,,,,,,,,,,,,,
2120929,86313c16d23cc004fe9ee4e82acec5452c101b1a2cab82a04bc7e9d070dae4c1aab7f19372e732755dfe475b162b8a44886106f7710b83176d89368d77723dc5,08/02/2025 03:00:00 PM,2,PARKED,,2021882,,CHEVROLET,OTHER (EXPLAIN IN NARRATIVE),IL,2022,NONE,VAN/MINI-VAN,PERSONAL,UNKNOWN,PARKED,,,0,,,,,,,,,,,,,,Y,Y,Y,,FRONT-LEFT-CORNER,,,,,,,,,,,,,,,,,,,,,,,,,,,,,,,,,
2120171,2354b802d71cc4c70662cdc69f5a74b14d1875ef5ccb8e29b19857de9f7af543af32c583c22c3caf3fc3e800ad03ae28939e045b51ef0e93cb82e66f8cf305da,08/02/2025 02:58:00 PM,1,DRIVER,2,2021157,,HYUNDAI,SANTA FE,IL,2017,NONE,PASSENGER,PERSONAL,E,TURNING LEFT,,,3,,,,,,,,,,,,,,Y,Y,Y,,SIDE-LEFT-FRONT,,,,,,,,,,,,,,,,,,,,,,,,,,,,,,,,,
2120172,2354b802d71cc4c70662cdc69f5a74b14d1875ef5ccb8e29b19857de9f7af543af32c583c22c3caf3fc3e800ad03ae28939e045b51ef0e93cb82e66f8cf305da,08/02/2025 02:58:00 PM,2,DRIVER,,2021169,,SATURN,OTHER (EXPLAIN IN NARRATIVE),IL,2009,NONE,PASSENGER,PERSONAL,S,STRAIGHT AHEAD,Y,,1,,E&R,10300 S DOTY AVE,,Y,,,,,N,,,,Y,Y,Y,,FRONT-RIGHT-CORNER,,,,,,,,,,,,,,,,,,,,,,,,,,,,,,,,,
2120146,847d86aac04b02c557a257b35d82842590e561cfaece5c76aa8fd914fffeeb8027694d2bc760f4727b7526380f0680787f71625a2d5634ca2d72ff0343ca5af5,08/02/2025 02:56:00 PM,1,DRIVER,,2021159,,NISSAN,ALTIMA,IL,2019,UNKNOWN,PASSENGER,PERSONAL,S,STRAIGHT AHEAD,Y,,1,,PRIVATE,,,Y,,,,,,,,,,,Y,,REAR-RIGHT-CORNER,,,,,,,,,,,,,,,,,,,,,,,,,,,,,,,,,
2120175,847d86aac04b02c557a257b35d82842590e561cfaece5c76aa8fd914fffeeb8027694d2bc760f4727b7526380f0680787f71625a2d5634ca2d72ff0343ca5af5,08/02/2025 02:56:00 PM,2,DRIVER,,2021163,,LEXUS,RC,IL,2016,UNKNOWN,PASSENGER,PERSONAL,S,TURNING LEFT,,,1,,,,,,,,,,,,,,,,,,SIDE-LEFT-REAR,,,,,,,,,,,,,,,,,,,,,,,,,,,,,,,,,