CRASH_UNIT_ID,CRASH_RECORD_ID,CRASH_DATE,UNIT_NO,UNIT_TYPE,NUM_PASSENGERS,VEHICLE_ID,CMRC_VEH_I,MAKE,MODEL,LIC_PLATE_STATE,VEHICLE_YEAR,VEHICLE_DEFECT,VEHICLE_TYPE,VEHICLE_USE,TRAVEL_DIRECTION,MANEUVER,TOWED_I,FIRE_I,OCCUPANT_CNT,EXCEED_SPEED_LIMIT_I,TOWED_BY,TOWED_TO,AREA_00_I,AREA_01_I,AREA_02_I,AREA_03_I,AREA_04_I,AREA_05_I,AREA_06_I,AREA_07_I,AREA_08_I,AREA_09_I,AREA_10_I,AREA_11_I,AREA_12_I,AREA_99_I,FIRST_CONTACT_POINT,CMV_ID,USDOT_NO,CCMC_NO,ILCC_NO,COMMERCIAL_SRC,GVWR,CARRIER_NAME,CARRIER_STATE,CARRIER_CITY,HAZMAT_PLACARDS_I,HAZMAT_NAME,UN_NO,HAZMAT_PRESENT_I,HAZMAT_REPORT_I,HAZMAT_REPORT_NO,MCS_REPORT_I,MCS_REPORT_NO,HAZMAT_VIO_CAUSE_CRASH_I,MCS_VIO_CAUSE_CRASH_I,IDOT_PERMIT_NO,WIDE_LOAD_I,TRAILER1_WIDTH,TRAILER2_WIDTH,TRAILER1_LENGTH,TRAILER2_LENGTH,TOTAL_VEHICLE_LENGTH,AXLE_CNT,VEHICLE_CONFIG,CARGO_BODY_TYPE,LOAD_TYPE,HAZMAT_OUT_OF_SERVICE_I,MCS_OUT_OF_SERVICE_I,HAZMAT_CLASS
2120138,a282ee1eb0f21923661d5f7ba641e6cd4b7171e52bb89306738bc07aaa5b3d8671b90b73b62f5c7f1630c06cf597db90a4631ed91085dc90d08d9179748f6a28,08/02/2025 02:53:00 PM,1,DRIVER,,2021127,,HONDA,CIVIC,IL,2017,UNKNOWN,PASSENGER,PERSONAL,N,TURNING RIGHT,,,1,,,,Y,,,,,,,,,,,,N,,FRONT,,,,,,,,,,,,,,,,,,,,,,,,,,,,,,,,,
2120156,a282ee1eb0f21923661d5f7ba641e6cd4b7171e52bb89306738bc07aaa5b3d8671b90b73b62f5c7f1630c06cf597db90a4631ed91085dc90d08d9179748f6a28,08/02/2025 02:53:00 PM,2,PEDESTRIAN,,,,,,,,,,,,,,,,,,,,,,,,,,,,,,,,,,,,,,,,,,,,,,,,,,,,,,,,,,,,,,,,,,
2120132,31d4c6e02da451896711f8c6c41459d72c6886725cd8d952aeeea96b835a0f681cbed83cfd467b796a791342e4722520e625fc9d7eca40b518edfa666dc15aaa,08/02/2025 02:50:00 PM,1,DRIVER,,2021119,,UNKNOWN,MOTORIZED,,,UNKNOWN,SPORT UTILITY VEHICLE (SUV),UNKNOWN/NA,N,PASSING/OVERTAKING,,,1,,,,,,,,,,,,,,,,,Y,UNKNOWN,,,,,,,,,,,,,,,,,,,,,,,,,,,,,,,,,
2120133,31d4c6e02da451896711f8c6c41459d72c6886725cd8d952aeeea96b835a0f681cbed83cfd467b796a791342e4722520e625fc9d7eca40b518edfa666dc15aaa,08/02/2025 02:50:00 PM,2,DRIVER,,2021131,,NOVA BUS,OTHER (EXPLAIN IN NARRATIVE),IL,2016,NONE,BUS OVER 15 PASS.,CTA,N,STRAIGHT AHEAD,,,1,,,,,,,,,,,,,,,Y,,,SIDE-LEFT-FRONT,,,,,,,,,,,,,,,,,,,,,,,,,,,,,,,,,
2120163,c3f7fb703c1e4812e67e013d600cf4d432690ef6eafe55a0721043e372de124f693f217b1b0850626bf112afe9e21610bf7eabbccc84a0a96563e4327ed9093e,08/02/2025 02:50:00 PM,1,DRIVER,,2021144,,NISSAN,SENTRA,IL,2013,UNKNOWN,PASSENGER,PERSONAL,N,TURNING LEFT,,,1,,,,,Y,,,,,,,,,,Y,Y,,FRONT,,,,,,,,,,,,,,,,,,,,,,,,,,,,,,,,,
2120164,c3f7fb703c1e4812e67e013d600cf4d432690ef6eafe55a0721043e372de124f693f217b1b0850626bf112afe9e21610bf7eabbccc84a0a96563e4327ed9093e,08/02/2025 02:50:00 PM,2,DRIVER,,2021149,,CHEVROLET,CRUZE,,2011,UNKNOWN,PASSENGER,PERSONAL,E,STRAIGHT AHEAD,,,1,,,,,,,Y,Y,,,,,,,,,,SIDE-RIGHT,,,,,,,,,,,,,,,,,,,,,,,,,,,,,,,,,
2120136,acfdfe5c7c099789bd9d1d5a7484c0d130945beeeb7f2feba559ec8bb672fad01f47474ad2c7c1e7783822aa3c76bc56c4d6af7683a5c6080c14b6fd27abfa0e,08/02/2025 02:42:00 PM,1,DRIVER,,2021134,,TOYOTA,SIENNA,IL,2022,NONE,VAN/MINI-VAN,PERSONAL,E,MERGING,,,1,,,,,,,,,,,,,,,Y,,,FRONT-LEFT-CORNER,,,,,,,,,,,,,,,,,,,,,,,,,,,,,,,,,
2120137,acfdfe5c7c099789bd9d1d5a7484c0d130945beeeb7f2feba559ec8bb672fad01f47474ad2c7c1e7783822aa3c76bc56c4d6af7683a5c6080c14b6fd27abfa0e,08/02/2025 02:42:00 PM,2,DRIVER,,2021145,,HONDA,CR-V,IL,2025,NONE,SPORT UTILITY VEHICLE (SUV),PERSONAL,E,STRAIGHT AHEAD,,,1,,,,,Y,Y,,,,,,,,,,,,SIDE-RIGHT-FRONT,,,,,,,,,,,,,,,,,,,,,,,,,,,,,,,,,
2120126,fe683fcc4be41c674d782d022385c44562849c81a1b2295baeecda645fff091025f61a02ea570239d628826dd40b6db74e342681c7477fb455d2d7565a35a570,08/02/2025 02:38:00 PM,1,DRIVER,,2021114,,UNKNOWN,OTHER (EXPLAIN IN NARRATIVE),,,UNKNOWN,SPORT UTILITY VEHICLE (SUV),UNKNOWN/NA,NW,TURNING RIGHT,,,1,,,,,,,,,,,,,,,,,,UNKNOWN,,,,,,,,,,,,,,,,,,,,,,,,,,,,,,,,,
2120127,fe683fcc4be41c674d782d022385c44562849c81a1b2295baeecda645fff091025f61a02ea570239d628826dd40b6db74e342681c7477fb455d2d7565a35a570,08/02/2025 02:38:00 PM,2,BICYCLE,,,,,,,,,,,,,,,,,,,,,,,,,,,,,,,,,,,,,,,,,,,,,,,,,,,,,,,,,,,,,,,,,,
2121389,11fc94111c46a7cad33bddcc5ff176c39e77cdc70b4aa285caad80158debd87e7ee8f1495cba17515dce9cf767d8d813ba098b34981228a57ce6ebf2748e2ce5,08/02/2025 02:30:00 PM,1,DRIVER,,2022337,,TOYOTA,PRIUS,IL,2021,NONE,PASSENGER,PERSONAL,N,BACKING,,,1,,,,,,,,,,N,,,,,,,Y,REAR,,,,,,,,,,,,,,,,,,,,,,,,,,,,,,,,,
2121390,11fc94111c46a7cad33bddcc5ff176c39e77cdc70b4aa285caad80158debd87e7ee8f1495cba17515dce9cf767d8d813ba098b34981228a57ce6ebf2748e2ce5,08/02/2025 02:30:00 PM,2,DRIVER,,2022340,,AUDI,Q5,IL,2023,NONE,PASSENGER,PERSONAL,E,STRAIGHT AHEAD,,,1,,,,,,Y,Y,,,,,,,,,,,SIDE-RIGHT,,,,,,,,,,,,,,,,,,,,,,,,,,,,,,,,,
2120295,14fec28f01e8cac27f6d07e44fa9e02b9dba0931efb378028a113d5bb35e675b810c594e92decf8fc0d679946f559ee92018e39e22c417bd0c52ac623fd53427,08/02/2025 02:30:00 PM,1,DRIVER,,2021279,,CHEVROLET,TAHOE,IL,2007,UNKNOWN,SPORT UTILITY VEHICLE (SUV),UNKNOWN/NA,S,OTHER,,,1,,,,,,,,,,,,,,,,,,UNKNOWN,,,,,,,,,,,,,,,,,,,,,,,,,,,,,,,,,
2120296,14fec28f01e8cac27f6d07e44fa9e02b9dba0931efb378028a113d5bb35e675b810c594e92decf8fc0d679946f559ee92018e39e22c417bd0c52ac623fd53427,08/02/2025 02:30:00 PM,2,DRIVER,,2021281,,TOYOTA,CAMRY,IL,2004,NONE,PASSENGER,PERSONAL,S,STRAIGHT AHEAD,,,1,,,,,,,,,,,Y,Y,Y,Y,Y,,,REAR-LEFT-CORNER,,,,,,,,,,,,,,,,,,,,,,,,,,,,,,,,,
2120108,a71a9d9d669110e40cb40bfce14d1eb1b01c47474193a7177b5588bdd9a0b2dfc55020d2e730dd458312d5a3b8301f7f79517d49bb5b8ff5c3c829a1c8aede2e,08/02/2025 02:25:00 PM,1,DRIVER,,2021106,,VOLKSWAGEN,JETTA,IL,2013,NONE,PASSENGER,UNKNOWN/NA,S,TURNING RIGHT,,,1,,,,,,Y,Y,Y,,,,,,,,,,SIDE-RIGHT,,,,,,,,,,,,,,,,,,,,,,,,,,,,,,,,,
2120109,a71a9d9d669110e40cb40bfce14d1eb1b01c47474193a7177b5588bdd9a0b2dfc55020d2e730dd458312d5a3b8301f7f79517d49bb5b8ff5c3c829a1c8aede2e,08/02/2025 02:25:00 PM,2,DRIVER,,2021115,,NISSAN,SENTRA,IL,2020,NONE,PICKUP,PERSONAL,S,SLOW/STOP IN TRAFFIC,,,1,,,,,,,,,,,,,,,Y,,,FRONT-LEFT-CORNER,,,,,,,,,,,,,,,,,,,,,,,,,,,,,,,,,
2120189,f2f2fe4654c8bdcf7329f1c5a34e10c457d172cde0c266680955a62b789333a55ab851ca26c857a391392bf8f477104202c16848b9053fe6296821a0b11f2f0b,08/02/2025 02:24:00 PM,1,DRIVER,,2021176,,HONDA,FIT,IL,2017,NONE,PASSENGER,PERSONAL,UNKNOWN,BACKING,,,1,,,,,,,,,,Y,,,,,,,,REAR,,,,,,,,,,,,,,,,,,,,,,,,,,,,,,,,,
2120190,f2f2fe4654c8bdcf7329f1c5a34e10c457d172cde0c266680955a62b789333a55ab851ca26c857a391392bf8f477104202c16848b9053fe6296821a0b11f2f0b,08/02/2025 02:24:00 PM,2,DRIVER,1,2021180,,CHEVROLET,MALIBU,IL,2019,NONE,PASSENGER,PERSONAL,UNKNOWN,OTHER,,,2,,,,,,,,,,,,,,,,Y,,FRONT,,,,,,,,,,,,,,,,,,,,,,,,,,,,,,,,,
2120078,b473975bcac350d84bd44e6525f6b0301fef7b1b330349e9a9f4914458a2f6fc3ebbde3d2bef55a2d6aef87de7b72e77ed4776c2230481ee012ba782ffe353f1,08/02/2025 02:17:00 PM,1,DRIVER,,2021071,,VOLKSWAGEN,JETTA,IL,2023,NONE,PASSENGER,PERSONAL,E,STRAIGHT AHEAD,,,1,,,,,Y,,,,,,,,,,,N,,FRONT,,,,,,,,,,,,,,,,,,,,,,,,,,,,,,,,,
2120079,b473975bcac350d84bd44e6525f6b0301fef7b1b330349e9a9f4914458a2f6fc3ebbde3d2bef55a2d6aef87de7b72e77ed4776c2230481ee012ba782ffe353f1,08/02/2025 02:17:00 PM,2,PARKED,1,2021079,,FORD,F350,IL,2024,NONE,PICKUP,POLICE,E,PARKED,,,1,,,,Y,,,,,,,,,,,,,,REAR,,,,,,,,,,,,,,,,,,,,,,,,,,,,,,,,,
2120112,ae038e216b6d918cb56ebb7d74db22ec115d681f78d3a006fe004d9537e254734401fd17420a00e532b47c21d1c9c5c88291541fb2d5ded607195e16f5cc543c,08/02/2025 02:13:00 PM,1,DRIVER,,2021105,,FORD,RANGER,IL,2000,NONE,PICKUP,PERSONAL,S,STRAIGHT AHEAD,,,1,,,,,,,,,,,,,,,,Y,,FRONT,,,,,,,,,,,,,,,,,,,,,,,,,,,,,,,,,
2120113,ae038e216b6d918cb56ebb7d74db22ec115d681f78d3a006fe004d9537e254734401fd17420a00e532b47c21d1c9c5c88291541fb2d5ded607195e16f5cc543c,08/02/2025 02:13:00 PM,2,DRIVER,,2021101,,KIA,STINGER,IL,2019,NONE,PASSENGER,PERSONAL,S,SLOW/STOP IN TRAFFIC,,,1,,,,,,,,,,Y,Y,,,,,,,REAR,,,,,,,,,,,,,,,,,,,,,,,,,,,,,,,,,
2121625,e59f570f7502715f9eebc0d01479629cd804bba590f357043fe927806502f7f8276c1b3503cb675a3bd350b3a49e64e0141f4ba39e58493e19d934addcf0bc13,08/02/2025 02:06:00 PM,1,DRIVER,,2022554,,FORD,F150,IL,2013,UNKNOWN,PICKUP,UNKNOWN/NA,S,STRAIGHT AHEAD,,,1,,,,,,,,,,,,,,,,,,NONE,,,,,,,,,,,,,,,,,,,,,,,,,,,,,,,,,
2121626,e59f570f7502715f9eebc0d01479629cd804bba590f357043fe927806502f7f8276c1b3503cb675a3bd350b3a49e64e0141f4ba39e58493e19d934addcf0bc13,08/02/2025 02:06:00 PM,2,DRIVER,,2022555,,FORD,FOCUS,IL,2014,NONE,PASSENGER,PERSONAL,S,STRAIGHT AHEAD,,,1,,,,,,,,,,,Y,,,,,,,REAR-LEFT-CORNER,,,,,,,,,,,,,,,,,,,,,,,,,,,,,,,,,
2120104,1272bd74a151f3cb7f2d14246ace1cbb6bbad112ea1b815fefef1c7531cc3ae4377dc699eac0d103e5f830f1dc6d556f56dc813f783c9e2d078a1afc4290547c,08/02/2025 02:05:00 PM,1,DRIVER,,2021095,,CHEVROLET,OTHER (EXPLAIN IN NARRATIVE),IL,2007,UNKNOWN,PASSENGER,UNKNOWN/NA,W,UNKNOWN/NA,,,1,,,,,,,,,,,,,,,,,Y,UNKNOWN,,,,,,,,,,,,,,,,,,,,,,,,,,,,,,,,,
2120105,1272bd74a151f3cb7f2d14246ace1cbb6bbad112ea1b815fefef1c7531cc3ae4377dc699eac0d103e5f830f1dc6d556f56dc813f783c9e2d078a1afc4290547c,08/02/2025 02:05:00 PM,2,DRIVER,,2021100,,HYUNDAI,SANTA FE,IL,2018,UNKNOWN,SPORT UTILITY VEHICLE (SUV),UNKNOWN/NA,W,SLOW/STOP IN TRAFFIC,,,1,,,,,,,,,,,,Y,Y,,,,,SIDE-LEFT,,,,,,,,,,,,,,,,,,,,,,,,,,,,,,,,,
2120144,299ea31d0d2afabe46a7603199e2a5597be577f291af1ed982e25f3b2c3b309358e072e9547518d23cf0d32a82b1b294e90bc54390b44e702bc5a762f3db8fc3,08/02/2025 02:00:00 PM,1,DRIVER,,2021135,,UNKNOWN,OTHER (EXPLAIN IN NARRATIVE),IL,,UNKNOWN,BUS OVER 15 PASS.,CTA,W,TURNING LEFT,,,1,,,,,,,,,,,,,,,,,Y,UNKNOWN,,,,,,,,,,,,,,,,,,,,,,,,,,,,,,,,,
2120145,299ea31d0d2afabe46a7603199e2a5597be577f291af1ed982e25f3b2c3b309358e072e9547518d23cf0d32a82b1b294e90bc54390b44e702bc5a762f3db8fc3,08/02/2025 02:00:00 PM,2,DRIVER,,2021138,,HYUNDAI,ELANTRA,NJ,2025,NONE,PASSENGER,PERSONAL,W,STRAIGHT AHEAD,,,1,,,,,,,,,,,Y,Y,,,,,,REAR-LEFT-CORNER,,,,,,,,,,,,,,,,,,,,,,,,,,,,,,,,,
2120234,33d7dc121ba51c36a223828a9bf55c9ebde2b6b3289782afc011c68bb00ad00530df3e85f64341e178fcb2b96f68233ca233b9be1b8102e7f09b2d51fd8258be,08/02/2025 02:00:00 PM,1,DRIVER,,2021209,,UNKNOWN,OTHER (EXPLAIN IN NARRATIVE),,,NONE,OTHER,PERSONAL,UNKNOWN,OTHER,,,1,,,,,,,,,,,,,,,,,Y,UNKNOWN,,,,,,,,,,,,,,,,,,,,,,,,,,,,,,,,,
2120235,33d7dc121ba51c36a223828a9bf55c9ebde2b6b3289782afc011c68bb00ad00530df3e85f64341e178fcb2b96f68233ca233b9be1b8102e7f09b2d51fd8258be,08/02/2025 02:00:00 PM,2,PARKED,,2021214,,TOYOTA,COROLLA,IL,2005,NONE,PASSENGER,PERSONAL,E,PARKED,,,0,,,,,,,,,,,Y,,,,,,,REAR-LEFT-CORNER,,,,,,,,,,,,,,,,,,,,,,,,,,,,,,,,,
2120076,555c275a66253266a422dc84f42c6cc19d3d79ab1f4fe2152362d83449fe38ec682e08ddfe756bd3212077565f844ed3d65a15de7bd18d8c5e6f39d023cdf909,08/02/2025 02:00:00 PM,1,DRIVER,,2021068,,JEEP,GRAND CHEROKEE,,2014,UNKNOWN,SPORT UTILITY VEHICLE (SUV),UNKNOWN/NA,N,BACKING,,,1,,,,,,,,,,Y,,,,,,,,REAR,,,,,,,,,,,,,,,,,,,,,,,,,,,,,,,,,
2120077,555c275a66253266a422dc84f42c6cc19d3d79ab1f4fe2152362d83449fe38ec682e08ddfe756bd3212077565f844ed3d65a15de7bd18d8c5e6f39d023cdf909,08/02/2025 02:00:00 PM,2,PARKED,,2021072,,GENERAL MOTORS CORPORATION (GMC),SIERRA,,2012,UNKNOWN,PICKUP,NOT IN USE,UNKNOWN,PARKED,,,0,,,,,,,,Y,Y,Y,,,,,,,,REAR-RIGHT-CORNER,,,,,,,,,,,,,,,,,,,,,,,,,,,,,,,,,
2121412,9c932c7d3bf396902d0c2b1fa34e6bb94b30084cb0ad3d118e150b995711d29e78d60eeb0bd4fbe022d532d3f5cd4a970c2cd4603fa22a8e575b3ffb1d88cfb3,08/02/2025 02:00:00 PM,1,DRIVER,,2022348,,JEEP,WRANGLER,IL,2020,UNKNOWN,PASSENGER,PERSONAL,N,STRAIGHT AHEAD,,,1,,,,,,,,,,,Y,Y,,,,,Y,SIDE-LEFT-REAR,,,,,,,,,,,,,,,,,,,,,,,,,,,,,,,,,
2121413,9c932c7d3bf396902d0c2b1fa34e6bb94b30084cb0ad3d118e150b995711d29e78d60eeb0bd4fbe022d532d3f5cd4a970c2cd4603fa22a8e575b3ffb1d88cfb3,08/02/2025 02:00:00 PM,2,DRIVER,,2022349,,SUBARU,ASCENT,IL,2019,NONE,PASSENGER,PERSONAL,S,TURNING LEFT,,,1,,,,,Y,,,,,,,,,,Y,Y,,FRONT-RIGHT-CORNER,,,,,,,,,,,,,,,,,,,,,,,,,,,,,,,,,
2120106,c2a91835bd6dbaf84b10187a2942b603e48d0d0ceffbef8fe1671cc776efa56b24bb1cb24897b6a89cac1b31af9fac84d98b393a9ff83a2987f8c8c9a8463e12,08/02/2025 02:00:00 PM,1,DRIVER,,2021093,,MERCEDES-BENZ,GELAENDEWAGEN (G-WAGEN),IL,2015,NONE,SPORT UTILITY VEHICLE (SUV),PERSONAL,W,STRAIGHT AHEAD,,,1,,,,,,,,,,,,,,,Y,Y,,FRONT-LEFT-CORNER,,,,,,,,,,,,,,,,,,,,,,,,,,,,,,,,,
2120107,c2a91835bd6dbaf84b10187a2942b603e48d0d0ceffbef8fe1671cc776efa56b24bb1cb24897b6a89cac1b31af9fac84d98b393a9ff83a2987f8c8c9a8463e12,08/02/2025 02:00:00 PM,2,DRIVER,1,2021097,,FORD,EDGE,IL,2014,NONE,SPORT UTILITY VEHICLE (SUV),PERSONAL,W,STRAIGHT AHEAD,,,2,,,,,,,Y,Y,,,,,,,,,,SIDE-RIGHT,,,,,,,,,,,,,,,,,,,,,,,,,,,,,,,,,
2120068,e60d9acdc6ae15c085457ee8c70ddef5a988a48ccdb74159322be447b0e0dd1cfcfd7c234dc0b6cbc9001164a79f9e957d525e90d846ea127c9a2ff79377e9bd,08/02/2025 02:00:00 PM,2,DRIVER,,2021058,,CHEVROLET,EQUINOX,IL,2017,UNKNOWN,PASSENGER,PERSONAL,E,TURNING LEFT,,,1,,,,,,,,,,,,,,Y,Y,,,FRONT-LEFT-CORNER,,,,,,,,,,,,,,,,,,,,,,,,,,,,,,,,,
2120069,e60d9acdc6ae15c085457ee8c70ddef5a988a48ccdb74159322be447b0e0dd1cfcfd7c234dc0b6cbc9001164a79f9e957d525e90d846ea127c9a2ff79377e9bd,08/02/2025 02:00:00 PM,1,DRIVER,,2021060,,UNKNOWN,OTHER (EXPLAIN IN NARRATIVE),,,UNKNOWN,UNKNOWN/NA,UNKNOWN/NA,E,STRAIGHT AHEAD,,,1,,,,,,,,,,,,,,,,,Y,UNKNOWN,,,,,,,,,,,,,,,,,,,,,,,,,,,,,,,,,
2120082,faa1814b060da65ec06bea7b6c95d94d84272b931689aa71ad539b87e499ecb45d03a2e0e84d6eb9b3d11edaa2362736b2d843579815eebdbed67fb968f04229,08/02/2025 01:53:00 PM,1,DRIVER,,2021075,,ACURA,TLX,IL,2007,UNKNOWN,PASSENGER,PERSONAL,E,OTHER,,,1,,,,,Y,,,,,,,,,,Y,Y,,FRONT,,,,,,,,,,,,,,,,,,,,,,,,,,,,,,,,,
2120083,faa1814b060da65ec06bea7b6c95d94d84272b931689aa71ad539b87e499ecb45d03a2e0e84d6eb9b3d11edaa2362736b2d843579815eebdbed67fb968f04229,08/02/2025 01:53:00 PM,2,DRIVER,1,2021081,,TOYOTA,RAV4,IL,2004,UNKNOWN,PASSENGER,PERSONAL,E,STRAIGHT AHEAD,,,2,,,,,,,,,Y,Y,Y,,,,,,,REAR,,,,,,,,,,,,,,,,,,,,,,,,,,,,,,,,,
2120118,e15631828c22b70b1346db7da533206b3d3bcd22c967cba694420cf579ddd5d1c0eb789a71b8d352409dc035c45f5b0072e386f28d04853c164300f4a2e5f265,08/02/2025 01:45:00 PM,1,DRIVER,,2021111,,KIA,SOUL,IL,2021,UNKNOWN,PASSENGER,UNKNOWN/NA,N,CHANGING LANES,,,1,,,,,,,,,,,,,,,,,Y,FRONT-LEFT-CORNER,,,,,,,,,,,,,,,,,,,,,,,,,,,,,,,,,
2120119,e15631828c22b70b1346db7da533206b3d3bcd22c967cba694420cf579ddd5d1c0eb789a71b8d352409dc035c45f5b0072e386f28d04853c164300f4a2e5f265,08/02/2025 01:45:00 PM,2,DRIVER,1,2021116,,VOLKSWAGEN,ATLAS,IL,2024,NONE,PASSENGER,PERSONAL,N,STRAIGHT AHEAD,,,2,,,,,,,Y,Y,,,,,,,,,,SIDE-RIGHT,,,,,,,,,,,,,,,,,,,,,,,,,,,,,,,,,
2120169,9151e2e5433e45aca26cdc0261028c1244dec6c2a878b38e0432bddbbf24086c1c0ee24e54846005d5ca99dd772b12aa4ee69cf2dc4f6108651776f53965170f,08/02/2025 01:40:00 PM,1,DRIVER,,2021158,,FORD,EXPLORER,IL,2015,UNKNOWN,SPORT UTILITY VEHICLE (SUV),PERSONAL,W,CHANGING LANES,,,1,,,,,Y,Y,,,,,,,,,,,,SIDE-RIGHT-FRONT,,,,,,,,,,,,,,,,,,,,,,,,,,,,,,,,,
2120170,9151e2e5433e45aca26cdc0261028c1244dec6c2a878b38e0432bddbbf24086c1c0ee24e54846005d5ca99dd772b12aa4ee69cf2dc4f6108651776f53965170f,08/02/2025 01:40:00 PM,2,DRIVER,,2021168,,DODGE,CHARGER,IL,2015,NONE,PASSENGER,PERSONAL,W,STRAIGHT AHEAD,,,1,,,,,,,,,,,Y,Y,Y,,,,,SIDE-LEFT,,,,,,,,,,,,,,,,,,,,,,,,,,,,,,,,,
2120102,37034ea851c34fbe1f457301ec73f29f3382cc76b4372f815bfd924693311a7eef313fc52d06408a3f2e8e294a7fbad69b1538816db5f4f42dda0560b3dcac7a,08/02/2025 01:35:00 PM,1,DRIVER,,2021096,,HONDA,HR-V,IL,2021,NONE,PASSENGER,PERSONAL,W,TURNING LEFT,,,1,,,,,Y,Y,,,,,,,,,,,,FRONT-RIGHT-CORNER,,,,,,,,,,,,,,,,,,,,,,,,,,,,,,,,,
2120103,37034ea851c34fbe1f457301ec73f29f3382cc76b4372f815bfd924693311a7eef313fc52d06408a3f2e8e294a7fbad69b1538816db5f4f42dda0560b3dcac7a,08/02/2025 01:35:00 PM,2,DRIVER,,2021102,,SUBARU,FORESTER,IL,2006,NONE,PASSENGER,PERSONAL,E,STRAIGHT AHEAD,,,1,,,,,,,,,,,,,,Y,Y,,,FRONT-LEFT-CORNER,,,,,,,,,,,,,,,,,,,,,,,,,,,,,,,,,
2120063,00e1ed898cbb3065249911c2b2e470b7fd15acb147507a24b035ef120d86b92520a40afa85a3ffde3390f5e9203ff5db71892cb71eda6a48346accd4a7ee69f6,08/02/2025 01:30:00 PM,1,DRIVER,,2021056,,VOLKSWAGEN,ATLAS,IL,2024,UNKNOWN,PASSENGER,PERSONAL,N,CHANGING LANES,,,1,,,,,,,,Y,Y,,,,,,,,,SIDE-RIGHT-REAR,,,,,,,,,,,,,,,,,,,,,,,,,,,,,,,,,
2120064,00e1ed898cbb3065249911c2b2e470b7fd15acb147507a24b035ef120d86b92520a40afa85a3ffde3390f5e9203ff5db71892cb71eda6a48346accd4a7ee69f6,08/02/2025 01:30:00 PM,2,DRIVER,,2021062,,KIA,SOUL,IL,2021,UNKNOWN,PASSENGER,PERSONAL,N,STRAIGHT AHEAD,,,1,,,,,,,,,,,,,,Y,Y,,,FRONT-LEFT-CORNER,,,,,,,,,,,,,,,,,,,,,,,,,,,,,,,,,
2122059,05cc3149df811da578bb9e05566e6ccdbc81e0a7fb593e0b7251a0f29c9f810b37db75c1d8c343156d72b826bb577d67964d6d5e219ec4c36aca47935a4a4d71,08/02/2025 01:30:00 PM,1,DRIVER,,2022975,,FORD,ESCAPE,IL,2017,UNKNOWN,PASSENGER,UNKNOWN/NA,E,STRAIGHT AHEAD,,,1,,,,,,,,,,,,,,Y,Y,,,FRONT-LEFT-CORNER,,,,,,,,,,,,,,,,,,,,,,,,,,,,,,,,,
2122060,05cc3149df811da578bb9e05566e6ccdbc81e0a7fb593e0b7251a0f29c9f810b37db75c1d8c343156d72b826bb577d67964d6d5e219ec4c36aca47935a4a4d71,08/02/2025 01:30:00 PM,2,DRIVER,,2022976,,GENERAL MOTORS CORPORATION (GMC),SIERRA,IL,2018,UNKNOWN,PICKUP,UNKNOWN/NA,W,STRAIGHT AHEAD,,,1,,,,,,,,,,,,Y,Y,,,,,SIDE-LEFT,,,,,,,,,,,,,,,,,,,,,,,,,,,,,,,,,
2120161,905b2381a60dac7601a0ce8c80dc16bdf02ef9ae8925aaa0a6a9882a1a5ec0af843c73b7c64227e380adf8efaae5deb13c983f5ba136b7a4a02280fd85ebce61,08/02/2025 01:30:00 PM,1,DRIVER,,2021142,,CHEVROLET,SUBURBAN,IL,2025,OTHER,SPORT UTILITY VEHICLE (SUV),RIDESHARE SERVICE,N,BACKING,,,1,,,,,,,,,Y,,,,,,,,,REAR-RIGHT-CORNER,,,,,,,,,,,,,,,,,,,,,,,,,,,,,,,,,
2120162,905b2381a60dac7601a0ce8c80dc16bdf02ef9ae8925aaa0a6a9882a1a5ec0af843c73b7c64227e380adf8efaae5deb13c983f5ba136b7a4a02280fd85ebce61,08/02/2025 01:30:00 PM,2,DRIVER,1,2021150,,CHRYSLER,200,IL,2012,UNKNOWN,PASSENGER,UNKNOWN/NA,S,OTHER,,,2,,,,,Y,,,,,,,,,,Y,Y,,FRONT,,,,,,,,,,,,,,,,,,,,,,,,,,,,,,,,,
2120165,ab7226a70a0daea0d8e4de36dea517301d0e994b29f704744e7fe47d0526768456a027fece3db900de2f2db60aebf1f7639f04a5af1af6bf689cc03ea3e5d66d,08/02/2025 01:30:00 PM,1,DRIVER,,2021147,,TOYOTA,CAMRY,IL,2011,NONE,PASSENGER,PERSONAL,E,STRAIGHT AHEAD,,,1,,,,,N,,,,,,,,,,,Y,N,UNKNOWN,,,,,,,,,,,,,,,,,,,,,,,,,,,,,,,,,
2120166,ab7226a70a0daea0d8e4de36dea517301d0e994b29f704744e7fe47d0526768456a027fece3db900de2f2db60aebf1f7639f04a5af1af6bf689cc03ea3e5d66d,08/02/2025 01:30:00 PM,2,DRIVER,,2021152,,TOYOTA,PRIUS,IL,2011,NONE,PASSENGER,PERSONAL,E,STRAIGHT AHEAD,,,1,,,,,,,,,,Y,,,,,,,,REAR,,,,,,,,,,,,,,,,,,,,,,,,,,,,,,,,,
2120130,bc8dbbd6d7964c1e08aa90ff229c95f6e048a32368ffe7ee091ca9ef5cb436a07b4277eb13ab924c5f3e8c9cbf62c0b9bfdcd86b87059aef6de6456f9f90ac2a,08/02/2025 01:30:00 PM,1,DRIVER,1,2021126,,UNKNOWN,OTHER (EXPLAIN IN NARRATIVE),XX,,UNKNOWN,TRUCK - SINGLE UNIT,UNKNOWN/NA,UNKNOWN,UNKNOWN/NA,,,2,,,,,,,,,,,,,,,,,,UNKNOWN,,,,,,,,,,,,,,,,,,,,,,,,,,,,,,,,,