CRASH_UNIT_ID,CRASH_RECORD_ID,CRASH_DATE,UNIT_NO,UNIT_TYPE,NUM_PASSENGERS,VEHICLE_ID,CMRC_VEH_I,MAKE,MODEL,LIC_PLATE_STATE,VEHICLE_YEAR,VEHICLE_DEFECT,VEHICLE_TYPE,VEHICLE_USE,TRAVEL_DIRECTION,MANEUVER,TOWED_I,FIRE_I,OCCUPANT_CNT,EXCEED_SPEED_LIMIT_I,TOWED_BY,TOWED_TO,AREA_00_I,AREA_01_I,AREA_02_I,AREA_03_I,AREA_04_I,AREA_05_I,AREA_06_I,AREA_07_I,AREA_08_I,AREA_09_I,AREA_10_I,AREA_11_I,AREA_12_I,AREA_99_I,FIRST_CONTACT_POINT,CMV_ID,USDOT_NO,CCMC_NO,ILCC_NO,COMMERCIAL_SRC,GVWR,CARRIER_NAME,CARRIER_STATE,CARRIER_CITY,HAZMAT_PLACARDS_I,HAZMAT_NAME,UN_NO,HAZMAT_PRESENT_I,HAZMAT_REPORT_I,HAZMAT_REPORT_NO,MCS_REPORT_I,MCS_REPORT_NO,HAZMAT_VIO_CAUSE_CRASH_I,MCS_VIO_CAUSE_CRASH_I,IDOT_PERMIT_NO,WIDE_LOAD_I,TRAILER1_WIDTH,TRAILER2_WIDTH,TRAILER1_LENGTH,TRAILER2_LENGTH,TOTAL_VEHICLE_LENGTH,AXLE_CNT,VEHICLE_CONFIG,CARGO_BODY_TYPE,LOAD_TYPE,HAZMAT_OUT_OF_SERVICE_I,MCS_OUT_OF_SERVICE_I,HAZMAT_CLASS
2120131,bc8dbbd6d7964c1e08aa90ff229c95f6e048a32368ffe7ee091ca9ef5cb436a07b4277eb13ab924c5f3e8c9cbf62c0b9bfdcd86b87059aef6de6456f9f90ac2a,08/02/2025 01:30:00 PM,2,PARKED,,2021130,,ACURA,ADX,IL,2022,NONE,SPORT UTILITY VEHICLE (SUV),PERSONAL,UNKNOWN,PARKED,,,0,,,,,,,,,Y,Y,Y,,,,,,,REAR,,,,,,,,,,,,,,,,,,,,,,,,,,,,,,,,,
2120066,e4da425f0dd2952da27136eb299a0fae04969c875fd7c1f6780b1afab9926c22d51aca13df2fd22f7bc86bc89b8ed64d524fb38b02c26b837e372615c4223023,08/02/2025 01:30:00 PM,1,DRIVER,,2021057,,TOYOTA,COROLLA,IL,2015,NONE,PASSENGER,PERSONAL,W,PASSING/OVERTAKING,,,1,,,,,,,Y,Y,,,,,,,,,,SIDE-RIGHT,,,,,,,,,,,,,,,,,,,,,,,,,,,,,,,,,
2120067,e4da425f0dd2952da27136eb299a0fae04969c875fd7c1f6780b1afab9926c22d51aca13df2fd22f7bc86bc89b8ed64d524fb38b02c26b837e372615c4223023,08/02/2025 01:30:00 PM,2,PARKED,1,2021061,,FREIGHTLINER CORPORATION,FREIGHTLINER CORP.,IL,2013,NONE,TRUCK - SINGLE UNIT,COMMERCIAL - SINGLE UNIT,W,PARKED,,,1,,,,,,,,,,,,,,Y,,,,SIDE-LEFT-FRONT,,,,,,,,,,,,,,,,,,,,,,,,,,,,,,,,,
2120089,2f5e76a0ea84239b20717eab6e7c55d12b51e2b83434e5646a44e3c3b9f62dbde4623077b109922f9d1b2fe3c9a7b5984d4931f83e9cc753d57ec9a20de55143,08/02/2025 01:23:00 PM,1,DRIVER,1,2021103,,CHEVROLET,TRAX,IL,2018,UNKNOWN,PASSENGER,PERSONAL,N,CHANGING LANES,,,2,,,,,Y,Y,Y,Y,,,,,,Y,Y,,,SIDE-LEFT-FRONT,,,,,,,,,,,,,,,,,,,,,,,,,,,,,,,,,
2120090,2f5e76a0ea84239b20717eab6e7c55d12b51e2b83434e5646a44e3c3b9f62dbde4623077b109922f9d1b2fe3c9a7b5984d4931f83e9cc753d57ec9a20de55143,08/02/2025 01:23:00 PM,2,DRIVER,3,2021107,,HONDA,CR-V,,2024,UNKNOWN,SPORT UTILITY VEHICLE (SUV),PERSONAL,N,STRAIGHT AHEAD,,,4,,,,,,Y,Y,,,,,,,,,,,SIDE-RIGHT,,,,,,,,,,,,,,,,,,,,,,,,,,,,,,,,,
2120091,2f5e76a0ea84239b20717eab6e7c55d12b51e2b83434e5646a44e3c3b9f62dbde4623077b109922f9d1b2fe3c9a7b5984d4931f83e9cc753d57ec9a20de55143,08/02/2025 01:23:00 PM,3,DRIVER,,2021082,Y,HINO,HINO,IL,2025,NONE,TRUCK - SINGLE UNIT,TOW TRUCK,N,STRAIGHT AHEAD,,,1,,,,,,,,,,,,,Y,,,,,SIDE-LEFT,"21,927",,,,,3,XL TOWING AND STORAGE,IL,CHICAGO,,,,N,N,,N,,N,N,,,,,,,,,"SINGLE UNIT TRUCK, 2 AXLES, 6 TIRES",FLATBED,OTHER,N,N,
2120080,7da40614cf5dc82fc30cb426c35ec5e1b4cbee6839c7e41aa9ef63257d531c7266b50ec22ae1401db97695b6fb2fbd8a5e121bb129a6a3b8022e794947212326,08/02/2025 01:22:00 PM,1,DRIVER,,2021085,,NISSAN,ROGUE,IL,2015,NONE,PASSENGER,PERSONAL,W,STRAIGHT AHEAD,Y,,1,,,,,,,,,,,,,,,Y,Y,,FRONT,,,,,,,,,,,,,,,,,,,,,,,,,,,,,,,,,
2120081,7da40614cf5dc82fc30cb426c35ec5e1b4cbee6839c7e41aa9ef63257d531c7266b50ec22ae1401db97695b6fb2fbd8a5e121bb129a6a3b8022e794947212326,08/02/2025 01:22:00 PM,2,DRIVER,,2021078,,TOYOTA,RAV4,IL,2020,NONE,PASSENGER,PERSONAL,S,STRAIGHT AHEAD,Y,,1,,unk,,,Y,,,,,,Y,Y,Y,Y,,,,SIDE-LEFT,,,,,,,,,,,,,,,,,,,,,,,,,,,,,,,,,
2133165,a5ae504b0d98682fe75427b4b69a232595ad64b0720165703e2dc1796fc933bc678db148a090d39497631a5987aa0fd88b69baee1121e37410d1cc7568bf2154,08/02/2025 01:17:00 PM,1,DRIVER,,2033484,,LEXUS,ES250,IL,2022,NONE,SPORT UTILITY VEHICLE (SUV),PERSONAL,N,STRAIGHT AHEAD,,,1,,,,,,,,,,,,,,,Y,,,FRONT-LEFT-CORNER,,,,,,,,,,,,,,,,,,,,,,,,,,,,,,,,,
2133166,a5ae504b0d98682fe75427b4b69a232595ad64b0720165703e2dc1796fc933bc678db148a090d39497631a5987aa0fd88b69baee1121e37410d1cc7568bf2154,08/02/2025 01:17:00 PM,2,DRIVER,,2033485,,BUICK,OTHER (EXPLAIN IN NARRATIVE),IL,2024,NONE,SPORT UTILITY VEHICLE (SUV),PERSONAL,E,BACKING,,,1,,,,,,,,,,,Y,,,,,,,SIDE-LEFT-REAR,,,,,,,,,,,,,,,,,,,,,,,,,,,,,,,,,
2120062,08b9d13b5a714a4027a9e437102c9c4989ae30432c12ed6283274fa89cc36823b11fe5fe66399e191922a5afc61c32710d49a78f2d1ea92f15dfcfbb408f843c,08/02/2025 01:15:00 PM,2,BICYCLE,,,,,,,,,,,,,,,,,,,,,,,,,,,,,,,,,,,,,,,,,,,,,,,,,,,,,,,,,,,,,,,,,,
2120065,08b9d13b5a714a4027a9e437102c9c4989ae30432c12ed6283274fa89cc36823b11fe5fe66399e191922a5afc61c32710d49a78f2d1ea92f15dfcfbb408f843c,08/02/2025 01:15:00 PM,1,DRIVER,,2021065,,TOYOTA,RAV4,IL,2015,UNKNOWN,PASSENGER,PERSONAL,S,STRAIGHT AHEAD,,,1,,,,,Y,Y,,,,,,,,,,Y,,FRONT-RIGHT-CORNER,,,,,,,,,,,,,,,,,,,,,,,,,,,,,,,,,
2120054,3be41de2f970f81cce87f95477471d05cdb5cbcee5f3f062ea780e47b763c4adc02fc98f7facbc76625ca57abbc4870dad0482de1fef8ae514e612a34739de7f,08/02/2025 01:15:00 PM,1,DRIVER,,2021046,,LEXUS,OTHER (EXPLAIN IN NARRATIVE),IL,2000,UNKNOWN,PASSENGER,UNKNOWN/NA,E,PASSING/OVERTAKING,,,1,,,,,,,,,,,,,,,,,Y,UNKNOWN,,,,,,,,,,,,,,,,,,,,,,,,,,,,,,,,,
2120055,3be41de2f970f81cce87f95477471d05cdb5cbcee5f3f062ea780e47b763c4adc02fc98f7facbc76625ca57abbc4870dad0482de1fef8ae514e612a34739de7f,08/02/2025 01:15:00 PM,2,DRIVER,,2021049,,VOLKSWAGEN,OTHER (EXPLAIN IN NARRATIVE),IL,2023,UNKNOWN,PASSENGER,PERSONAL,E,ENTERING TRAFFIC LANE FROM PARKING,,,1,,,,,,,,,,,,,,Y,Y,Y,,FRONT-LEFT-CORNER,,,,,,,,,,,,,,,,,,,,,,,,,,,,,,,,,
2120096,d47f4c378ed4b49fe116afaa5fdb963f5e3572c1c9289f47f3b3291cf9dd6f207ed0362cadeffd988cbf0e5a273a8888c67a69b4457fd8fb9dd617ff1a15678d,08/02/2025 01:14:00 PM,1,DRIVER,,2021086,,INFINITI,OTHER (EXPLAIN IN NARRATIVE),SC,,UNKNOWN,UNKNOWN/NA,UNKNOWN/NA,N,CHANGING LANES,,,1,,,,,Y,,,,,,,,,,,,,FRONT-RIGHT-CORNER,,,,,,,,,,,,,,,,,,,,,,,,,,,,,,,,,
2120097,d47f4c378ed4b49fe116afaa5fdb963f5e3572c1c9289f47f3b3291cf9dd6f207ed0362cadeffd988cbf0e5a273a8888c67a69b4457fd8fb9dd617ff1a15678d,08/02/2025 01:14:00 PM,2,DRIVER,,2021090,,HONDA,ACCORD,IL,2022,UNKNOWN,PASSENGER,UNKNOWN/NA,N,STRAIGHT AHEAD,,,1,,,,,,,,,,,Y,,,,N,,,REAR-LEFT-CORNER,,,,,,,,,,,,,,,,,,,,,,,,,,,,,,,,,
2120566,296206d15ea495f3461b150938f94db94013eb5518b47bc34bd73f6935dad97c3906db5ef85b93ad0a3f1e9d9c9fa50d269728d6b2bda3eb99a6ff446299984b,08/02/2025 01:10:00 PM,1,DRIVER,,2021534,,CHEVROLET,OTHER (EXPLAIN IN NARRATIVE),IL,2007,UNKNOWN,PICKUP,UNKNOWN/NA,SW,TURNING LEFT,Y,,1,,City tow,pound 2,,Y,,,,,,,,,,Y,Y,,FRONT,,,,,,,,,,,,,,,,,,,,,,,,,,,,,,,,,
2120567,296206d15ea495f3461b150938f94db94013eb5518b47bc34bd73f6935dad97c3906db5ef85b93ad0a3f1e9d9c9fa50d269728d6b2bda3eb99a6ff446299984b,08/02/2025 01:10:00 PM,2,DRIVER,2,2021535,,TOYOTA,CAMRY,IL,2020,UNKNOWN,PASSENGER,PERSONAL,S,STRAIGHT AHEAD,Y,,3,,QUICK TOWING,701 S  CALIFORNIA AVE,,,,,,,,,,,Y,Y,,,FRONT-LEFT-CORNER,,,,,,,,,,,,,,,,,,,,,,,,,,,,,,,,,
2120122,368fbf72be6cea80e4d38f916edea05dbb2b34ce321d2f6bf8663d69dc0dd3ad0dfb67664882a4b45bb5779dc3574c65a965722fcb7b15d6062508e4b784d2f2,08/02/2025 01:00:00 PM,1,DRIVER,,2021110,,UNKNOWN,OTHER (EXPLAIN IN NARRATIVE),,,UNKNOWN,UNKNOWN/NA,UNKNOWN/NA,UNKNOWN,UNKNOWN/NA,,,1,,,,,,,,,,,,,,,,,Y,UNKNOWN,,,,,,,,,,,,,,,,,,,,,,,,,,,,,,,,,
2120123,368fbf72be6cea80e4d38f916edea05dbb2b34ce321d2f6bf8663d69dc0dd3ad0dfb67664882a4b45bb5779dc3574c65a965722fcb7b15d6062508e4b784d2f2,08/02/2025 01:00:00 PM,2,PARKED,,2021112,,CHEVROLET,EQUINOX,IL,2023,UNKNOWN,SPORT UTILITY VEHICLE (SUV),UNKNOWN/NA,E,PARKED,,,0,,,,,,,,,,Y,Y,Y,,,,,,SIDE-LEFT-REAR,,,,,,,,,,,,,,,,,,,,,,,,,,,,,,,,,
2120044,c823623a3fa32c1d10e01efee3b245baf42f0c5d45a9d14dc590334a04cb7bc835b93ae56bad371a8a0f356782b8dce8e17061e371f0025cbc25316b5ac5f623,08/02/2025 01:00:00 PM,1,DRIVER,,2021055,,TOYOTA,CAMRY,IL,2009,NONE,PASSENGER,PERSONAL,S,CHANGING LANES,,,1,,,,,Y,,,,,,,,,,,,,SIDE-RIGHT,,,,,,,,,,,,,,,,,,,,,,,,,,,,,,,,,
2120045,c823623a3fa32c1d10e01efee3b245baf42f0c5d45a9d14dc590334a04cb7bc835b93ae56bad371a8a0f356782b8dce8e17061e371f0025cbc25316b5ac5f623,08/02/2025 01:00:00 PM,2,DRIVER,,2021076,,TOYOTA,CAMRY,IL,2007,NONE,PASSENGER,PERSONAL,S,STRAIGHT AHEAD,,,1,,,,,,,,,,,,Y,Y,Y,,,,SIDE-LEFT,,,,,,,,,,,,,,,,,,,,,,,,,,,,,,,,,
2120124,d1c1592fe56cd634ed9b902e46477fc76d929999472706c35d0e79c46a1444395ac6eb5a613998ca36be2042c62d629d3d50316d6ad478f2df39d9c6327ab68f,08/02/2025 01:00:00 PM,1,DRIVER,,2021113,,JEEP,CHEROKEE,,,UNKNOWN,PASSENGER,PERSONAL,W,UNKNOWN/NA,,,1,,,,,N,,,,,,,,,,N,,,FRONT,,,,,,,,,,,,,,,,,,,,,,,,,,,,,,,,,
2120125,d1c1592fe56cd634ed9b902e46477fc76d929999472706c35d0e79c46a1444395ac6eb5a613998ca36be2042c62d629d3d50316d6ad478f2df39d9c6327ab68f,08/02/2025 01:00:00 PM,2,DRIVER,1,2021118,,JEEP,COMPASS,NC,2024,NONE,PASSENGER,PERSONAL,S,STRAIGHT AHEAD,,,2,,,,,,,,,Y,,,,,,,,,REAR,,,,,,,,,,,,,,,,,,,,,,,,,,,,,,,,,
2120036,0d13551d1956850e6619967ce885bb5c50bde6c02b24f008678cb0be5d81868790b9a6fc9e4482242e4c103727a6ec003ef54fc3c2371ff91c70624e1e412f28,08/02/2025 12:50:00 PM,1,DRIVER,,2021030,,JEEP,CHEROKEE,IL,2015,NONE,PASSENGER,PERSONAL,S,TURNING LEFT,,,1,,,,,,,,Y,Y,,,,,,,,,UNKNOWN,,,,,,,,,,,,,,,,,,,,,,,,,,,,,,,,,
2120037,0d13551d1956850e6619967ce885bb5c50bde6c02b24f008678cb0be5d81868790b9a6fc9e4482242e4c103727a6ec003ef54fc3c2371ff91c70624e1e412f28,08/02/2025 12:50:00 PM,2,BICYCLE,,,,,,,,,,,,,,,,,,,,,,,,,,,,,,,,,,,,,,,,,,,,,,,,,,,,,,,,,,,,,,,,,,
2120048,0ab191401e469f935d7949ba0df23b8b53158098df11378ec8c7fa605c6f23df3689aca1313b4f64bdf9395e01304fdea0aa1d3512a861926a23f3ca948d0685,08/02/2025 12:44:00 PM,1,DRIVER,1,2021044,,SUBARU,LEGACY,IL,2011,UNKNOWN,PASSENGER,PERSONAL,E,BACKING,,,2,,,,,,,,,Y,,,,,,,,,REAR-RIGHT-CORNER,,,,,,,,,,,,,,,,,,,,,,,,,,,,,,,,,
2120049,0ab191401e469f935d7949ba0df23b8b53158098df11378ec8c7fa605c6f23df3689aca1313b4f64bdf9395e01304fdea0aa1d3512a861926a23f3ca948d0685,08/02/2025 12:44:00 PM,2,DRIVER,,2021047,,TOYOTA,PRIUS,IL,2014,NONE,PASSENGER,PERSONAL,S,STRAIGHT AHEAD,,,1,,,,,,,,,Y,,,,,,,,,REAR-RIGHT-CORNER,,,,,,,,,,,,,,,,,,,,,,,,,,,,,,,,,
2120040,b83d4e0ca3ae7467fb54f12f514bbea813ab21f7a17b5886f60d9dee97ce3e121432e16c3f56a83d446d5b0e44c884f6ef8fe4b3c65efc221889e2b578235308,08/02/2025 12:40:00 PM,1,DRIVER,,2021035,,HYUNDAI,SONATA,IL,2022,NONE,PASSENGER,PERSONAL,N,BACKING,,,1,,,,,,,,,,Y,,,,,,N,,REAR,,,,,,,,,,,,,,,,,,,,,,,,,,,,,,,,,
2120041,b83d4e0ca3ae7467fb54f12f514bbea813ab21f7a17b5886f60d9dee97ce3e121432e16c3f56a83d446d5b0e44c884f6ef8fe4b3c65efc221889e2b578235308,08/02/2025 12:40:00 PM,2,DRIVER,,2021040,,LEXUS,OTHER (EXPLAIN IN NARRATIVE),IL,2015,UNKNOWN,SPORT UTILITY VEHICLE (SUV),PERSONAL,S,SLOW/STOP IN TRAFFIC,,,1,,,,,,,,,,,,,,,,Y,,FRONT,,,,,,,,,,,,,,,,,,,,,,,,,,,,,,,,,
2124219,d5f52fdae4e9e97c739addc5b2558bb1f858078838ccc319a844d4f0a611226e04c7c50ddfe04836a325e2d925c2eee5ebf20520985aa744d628be835cb15ef2,08/02/2025 12:35:00 PM,1,DRIVER,1,2025014,,TOYOTA,COROLLA,IL,2020,NONE,PASSENGER,PERSONAL,W,MERGING,,,2,,,,,,,,,,,Y,Y,Y,Y,,,,SIDE-LEFT,,,,,,,,,,,,,,,,,,,,,,,,,,,,,,,,,
2124249,d5f52fdae4e9e97c739addc5b2558bb1f858078838ccc319a844d4f0a611226e04c7c50ddfe04836a325e2d925c2eee5ebf20520985aa744d628be835cb15ef2,08/02/2025 12:35:00 PM,2,DRIVER,1,2025043,,JEEP,WRANGLER,IL,2016,NONE,SPORT UTILITY VEHICLE (SUV),PERSONAL,W,STRAIGHT AHEAD,,,2,,,,,Y,Y,Y,,,,,,,,,,,SIDE-RIGHT-FRONT,,,,,,,,,,,,,,,,,,,,,,,,,,,,,,,,,
2120182,f182bf91be614317f70f8459874090d01d869da5fe8aabe0247a148f7195310f9402de345eed1d78b1871b7fbdcc81329e34bf4a864ad772027dbaffdb1dbf80,08/02/2025 12:30:00 PM,1,DRIVER,,2021174,,SUBARU,OUTBACK,IL,2011,UNKNOWN,PASSENGER,PERSONAL,E,BACKING,,,1,,,,,,,,,,Y,,,,,,,,REAR,,,,,,,,,,,,,,,,,,,,,,,,,,,,,,,,,
2120199,f182bf91be614317f70f8459874090d01d869da5fe8aabe0247a148f7195310f9402de345eed1d78b1871b7fbdcc81329e34bf4a864ad772027dbaffdb1dbf80,08/02/2025 12:30:00 PM,2,PARKED,,2021178,,TOYOTA,RAV4,IL,2021,UNKNOWN,PASSENGER,PERSONAL,W,PARKED,,,0,,,,,,,,,Y,Y,N,,,,,,,REAR,,,,,,,,,,,,,,,,,,,,,,,,,,,,,,,,,
2120052,08fa86ff666b1dc6a6bb40fb106e6ff62b4415e20d1d33b3616f3b5b72bc6f1bdf171dbcacd7e63c04168b13fd36bbec7fabce45ac78bda9b6bfdf74a4003e61,08/02/2025 12:29:00 PM,1,DRIVER,,2021051,,UNKNOWN,MOTORIZED,IL,,UNKNOWN,SPORT UTILITY VEHICLE (SUV),PERSONAL,N,OTHER,,,1,,,,,,,,,,,,,,,,N,,FRONT,,,,,,,,,,,,,,,,,,,,,,,,,,,,,,,,,
2120053,08fa86ff666b1dc6a6bb40fb106e6ff62b4415e20d1d33b3616f3b5b72bc6f1bdf171dbcacd7e63c04168b13fd36bbec7fabce45ac78bda9b6bfdf74a4003e61,08/02/2025 12:29:00 PM,2,PEDESTRIAN,,,,,,,,,,,,,,,,,,,,,,,,,,,,,,,,,,,,,,,,,,,,,,,,,,,,,,,,,,,,,,,,,,
2120028,23d3af173fc3395db12be2122be1b016f88255059394bf3ac2d2bac90d4be7e53a84e8132e2b1da912d0749686675af80657e3b54ab6a52d0ba000e23b663f47,08/02/2025 12:15:00 PM,1,DRIVER,,2021023,,TOYOTA,CAMRY,IL,2015,NONE,PASSENGER,PERSONAL,N,STRAIGHT AHEAD,,,1,,,,,,,,,,,,,,,,Y,,FRONT,,,,,,,,,,,,,,,,,,,,,,,,,,,,,,,,,
2120029,23d3af173fc3395db12be2122be1b016f88255059394bf3ac2d2bac90d4be7e53a84e8132e2b1da912d0749686675af80657e3b54ab6a52d0ba000e23b663f47,08/02/2025 12:15:00 PM,2,DRIVER,,2021025,,HONDA,CR-V,IL,2013,NONE,SPORT UTILITY VEHICLE (SUV),PERSONAL,N,STRAIGHT AHEAD,,,1,,,,,,,,,,Y,,,,,,,,REAR,,,,,,,,,,,,,,,,,,,,,,,,,,,,,,,,,
2120034,4079a8131316220f16aa61f6882c2c6767475ffae5158d2b1cbde94d550d2735a657ef34f2e3b295809136a992941e565240df63971b6dcbb6cec5fef6c80b60,08/02/2025 12:15:00 PM,1,DRIVER,,2021029,,VOLKSWAGEN,BEETLE,IL,2013,UNKNOWN,PASSENGER,UNKNOWN/NA,S,STRAIGHT AHEAD,,,1,,,,,,,,,,,,,,,,,Y,FRONT,,,,,,,,,,,,,,,,,,,,,,,,,,,,,,,,,
2120035,4079a8131316220f16aa61f6882c2c6767475ffae5158d2b1cbde94d550d2735a657ef34f2e3b295809136a992941e565240df63971b6dcbb6cec5fef6c80b60,08/02/2025 12:15:00 PM,2,DRIVER,2,2021032,,LEXUS,ES350,IL,2025,NONE,PASSENGER,PERSONAL,S,STRAIGHT AHEAD,,,3,,,,,,,,,,Y,,,,,,,,REAR,,,,,,,,,,,,,,,,,,,,,,,,,,,,,,,,,
2120024,7daaa6e0047ef37fcc03d1cc834402a6df8bec3710fbbf059272fa41067205fdcba8e6af7f9acf9a4a554cad643b18904019215fbcb88ecd978a55cc65620f95,08/02/2025 12:13:00 PM,1,DRIVER,,2021016,,UNKNOWN,MOTORIZED,IL,,UNKNOWN,PASSENGER,UNKNOWN/NA,N,STRAIGHT AHEAD,,,1,,,,,Y,,,,,,,,,,Y,Y,,FRONT,,,,,,,,,,,,,,,,,,,,,,,,,,,,,,,,,
2120025,7daaa6e0047ef37fcc03d1cc834402a6df8bec3710fbbf059272fa41067205fdcba8e6af7f9acf9a4a554cad643b18904019215fbcb88ecd978a55cc65620f95,08/02/2025 12:13:00 PM,2,DRIVER,,2021019,,CHEVROLET,SUBURBAN,IL,2009,NONE,PASSENGER,PERSONAL,SW,STRAIGHT AHEAD,Y,,1,,private state farm,unk,,,,,,,,Y,Y,Y,Y,Y,,,SIDE-LEFT,,,,,,,,,,,,,,,,,,,,,,,,,,,,,,,,,
2120018,2593ad0ddecd5962f0348b88ece70d4a5e325b2d677220efff66fe4b84d5179b46f1438cb80eee50d2e8cfe3f5a98150919dcee879f2d8c160287dfaec55cb8f,08/02/2025 12:10:00 PM,1,DRIVER,,2021041,,HYUNDAI,SANTA FE,IL,2009,NONE,PASSENGER,PERSONAL,S,STRAIGHT AHEAD,,,1,,,,,Y,Y,,,,,,,,,N,Y,,FRONT-RIGHT-CORNER,,,,,,,,,,,,,,,,,,,,,,,,,,,,,,,,,
2120019,2593ad0ddecd5962f0348b88ece70d4a5e325b2d677220efff66fe4b84d5179b46f1438cb80eee50d2e8cfe3f5a98150919dcee879f2d8c160287dfaec55cb8f,08/02/2025 12:10:00 PM,2,DRIVER,1,2021578,,FORD,ESCAPE,IL,2018,NONE,PASSENGER,PERSONAL,S,SLOW/STOP IN TRAFFIC,,,2,,,,,,,,,Y,Y,Y,,,,,,,REAR,,,,,,,,,,,,,,,,,,,,,,,,,,,,,,,,,
2120675,5a51276ec0faab1c632a744a99e1115b276c6360494536277fa1da88bd206a18fbda9ef358437791ce1ef35e4750e1bb62703d5ae089886b48fb47e4ad0319eb,08/02/2025 12:05:00 PM,1,DRIVER,,2021638,,TOYOTA,CAMRY,IL,2021,UNKNOWN,PASSENGER,PERSONAL,SE,PASSING/OVERTAKING,,,1,,,,,,,,,,,,,Y,Y,Y,,,SIDE-LEFT,,,,,,,,,,,,,,,,,,,,,,,,,,,,,,,,,
2120676,5a51276ec0faab1c632a744a99e1115b276c6360494536277fa1da88bd206a18fbda9ef358437791ce1ef35e4750e1bb62703d5ae089886b48fb47e4ad0319eb,08/02/2025 12:05:00 PM,2,DRIVER,,2021645,,HONDA,CR-V,IL,2021,NONE,PASSENGER,PERSONAL,SE,STRAIGHT AHEAD,,,1,,,,,Y,Y,Y,,,,,,,,,,,SIDE-RIGHT,,,,,,,,,,,,,,,,,,,,,,,,,,,,,,,,,
2120358,74c8038f53f7af2de18d6dc69999352c94e4b93669e9b8f6831ce477b97e566a60eca9f754e7e2272a80000757c92de119b88fc36006507237bd2b5095594606,08/02/2025 11:56:00 AM,1,DRIVER,,2021338,,CHRYSLER,TOWN & COUNTRY,IN,2007,UNKNOWN,PASSENGER,PERSONAL,S,STRAIGHT AHEAD,,,1,,,,,,,,,,,,,,,,Y,,FRONT,,,,,,,,,,,,,,,,,,,,,,,,,,,,,,,,,
2120359,74c8038f53f7af2de18d6dc69999352c94e4b93669e9b8f6831ce477b97e566a60eca9f754e7e2272a80000757c92de119b88fc36006507237bd2b5095594606,08/02/2025 11:56:00 AM,2,DRIVER,,2021335,,KIA,OPTIMA / K5,IL,,UNKNOWN,PASSENGER,PERSONAL,S,STRAIGHT AHEAD,,,1,,,,,,,,,,Y,,,,,,,,REAR,,,,,,,,,,,,,,,,,,,,,,,,,,,,,,,,,
2120026,3c0adf0745d260e7ef28a171b3e5e692cfe331395b5adc1a41f809acf4682997133ef8ed36fc11e908c91842515b63e9da1654be1c56aa13d9ccc43e67a63570,08/02/2025 11:55:00 AM,1,DRIVER,,2021020,,FORD,EXPLORER,IL,2015,UNKNOWN,SPORT UTILITY VEHICLE (SUV),PERSONAL,S,STRAIGHT AHEAD,,,1,,,,,,,,,,,,,,,,Y,,FRONT,,,,,,,,,,,,,,,,,,,,,,,,,,,,,,,,,
2120027,3c0adf0745d260e7ef28a171b3e5e692cfe331395b5adc1a41f809acf4682997133ef8ed36fc11e908c91842515b63e9da1654be1c56aa13d9ccc43e67a63570,08/02/2025 11:55:00 AM,2,DRIVER,1,2021026,,BMW,330I,IL,2023,NONE,PASSENGER,PERSONAL,E,STRAIGHT AHEAD,,,2,,,,,,,,,,Y,Y,Y,,,,,,REAR-LEFT-CORNER,,,,,,,,,,,,,,,,,,,,,,,,,,,,,,,,,
2121709,4326bf2c2897ce438e840c2c5ff5405b7925552b9c851d91b50a9666a11767cfdaaaf39d43e1d8f86af2e049e18e5d22d866086f2e58e8ec6b1f12e19e7bdf8d,08/02/2025 11:45:00 AM,1,DRIVER,,2022647,,JEEP,WRANGLER,,,UNKNOWN,SPORT UTILITY VEHICLE (SUV),UNKNOWN/NA,NE,TURNING RIGHT,,,1,,,,,,,,,,,,,,,,,Y,UNKNOWN,,,,,,,,,,,,,,,,,,,,,,,,,,,,,,,,,
2121710,4326bf2c2897ce438e840c2c5ff5405b7925552b9c851d91b50a9666a11767cfdaaaf39d43e1d8f86af2e049e18e5d22d866086f2e58e8ec6b1f12e19e7bdf8d,08/02/2025 11:45:00 AM,2,DRIVER,1,2022650,,CHEVROLET,MALIBU,,2017,UNKNOWN,PASSENGER,UNKNOWN/NA,N,STRAIGHT AHEAD,,,2,,,,,,,,,,,Y,Y,Y,Y,Y,,,SIDE-LEFT,,,,,,,,,,,,,,,,,,,,,,,,,,,,,,,,,
2120032,a67421a696d7f20f769ac4c12c7210878ac984b1b331cf2cdf7dca447df45cd9f598215cdd3258c02f2dbdb4e16a9662a5fe7157b98aa1526f2dd4de39bf37fa,08/02/2025 11:45:00 AM,1,DRIVER,,2021027,,GENERAL MOTORS CORPORATION (GMC),TERRAIN,IL,2024,UNKNOWN,PASSENGER,PERSONAL,S,BACKING,,,1,,,,,Y,Y,,,,,,,,,,Y,,FRONT-RIGHT-CORNER,,,,,,,,,,,,,,,,,,,,,,,,,,,,,,,,,