CRASH_UNIT_ID,CRASH_RECORD_ID,CRASH_DATE,UNIT_NO,UNIT_TYPE,NUM_PASSENGERS,VEHICLE_ID,CMRC_VEH_I,MAKE,MODEL,LIC_PLATE_STATE,VEHICLE_YEAR,VEHICLE_DEFECT,VEHICLE_TYPE,VEHICLE_USE,TRAVEL_DIRECTION,MANEUVER,TOWED_I,FIRE_I,OCCUPANT_CNT,EXCEED_SPEED_LIMIT_I,TOWED_BY,TOWED_TO,AREA_00_I,AREA_01_I,AREA_02_I,AREA_03_I,AREA_04_I,AREA_05_I,AREA_06_I,AREA_07_I,AREA_08_I,AREA_09_I,AREA_10_I,AREA_11_I,AREA_12_I,AREA_99_I,FIRST_CONTACT_POINT,CMV_ID,USDOT_NO,CCMC_NO,ILCC_NO,COMMERCIAL_SRC,GVWR,CARRIER_NAME,CARRIER_STATE,CARRIER_CITY,HAZMAT_PLACARDS_I,HAZMAT_NAME,UN_NO,HAZMAT_PRESENT_I,HAZMAT_REPORT_I,HAZMAT_REPORT_NO,MCS_REPORT_I,MCS_REPORT_NO,HAZMAT_VIO_CAUSE_CRASH_I,MCS_VIO_CAUSE_CRASH_I,IDOT_PERMIT_NO,WIDE_LOAD_I,TRAILER1_WIDTH,TRAILER2_WIDTH,TRAILER1_LENGTH,TRAILER2_LENGTH,TOTAL_VEHICLE_LENGTH,AXLE_CNT,VEHICLE_CONFIG,CARGO_BODY_TYPE,LOAD_TYPE,HAZMAT_OUT_OF_SERVICE_I,MCS_OUT_OF_SERVICE_I,HAZMAT_CLASS
2120033,a67421a696d7f20f769ac4c12c7210878ac984b1b331cf2cdf7dca447df45cd9f598215cdd3258c02f2dbdb4e16a9662a5fe7157b98aa1526f2dd4de39bf37fa,08/02/2025 11:45:00 AM,2,PARKED,,2021028,,JEEP,COMPASS,IL,2023,UNKNOWN,PASSENGER,NOT IN USE,N,PARKED,,,0,,,,,,,,,,Y,Y,Y,,,,,,SIDE-LEFT-REAR,,,,,,,,,,,,,,,,,,,,,,,,,,,,,,,,,
2120006,43f7b51ded8810538310597b9a148e61b3e8ea16d251465ebbb53e395a231d2f7d6af631438e01d47ca736ae2e1adfc0f79c7a6da84200f8695b09c3b3cd5051,08/02/2025 11:40:00 AM,1,DRIVER,,2020998,,JEEP,GRAND CHEROKEE,IL,2017,NONE,PASSENGER,PERSONAL,W,PASSING/OVERTAKING,,,1,,,,,,Y,Y,Y,,,,,N,N,,,,SIDE-RIGHT,,,,,,,,,,,,,,,,,,,,,,,,,,,,,,,,,
2120007,43f7b51ded8810538310597b9a148e61b3e8ea16d251465ebbb53e395a231d2f7d6af631438e01d47ca736ae2e1adfc0f79c7a6da84200f8695b09c3b3cd5051,08/02/2025 11:40:00 AM,2,DRIVER,1,2021001,,HONDA,INSIGHT,IL,2010,NONE,PASSENGER,PERSONAL,W,STRAIGHT AHEAD,,,2,,,,,,,,,,,Y,Y,,,,,,SIDE-LEFT-REAR,,,,,,,,,,,,,,,,,,,,,,,,,,,,,,,,,
2120050,8ecfc8c662ace8cea7e72b281171c7b1f798a81bf9093faa122e792c9655c6276ff8e48629a7c1728ebec30034ccc211255b357acc5c2b1672bb93e333846bdb,08/02/2025 11:40:00 AM,1,DRIVER,,2021039,N,MAZDA,OTHER (EXPLAIN IN NARRATIVE),IL,2025,NONE,PASSENGER,OTHER,S,BACKING,,,1,,,,,,,,,Y,Y,Y,,,,,,,REAR,,,,,,,,,,,,,,,,,,,,,,,,,,,,,,,,,
2120051,8ecfc8c662ace8cea7e72b281171c7b1f798a81bf9093faa122e792c9655c6276ff8e48629a7c1728ebec30034ccc211255b357acc5c2b1672bb93e333846bdb,08/02/2025 11:40:00 AM,2,DRIVER,1,2021043,,SUBARU,OTHER (EXPLAIN IN NARRATIVE),IL,2010,NONE,PASSENGER,PERSONAL,N,STRAIGHT AHEAD,,,2,,,,,Y,,,,,,,,,,Y,Y,,FRONT,,,,,,,,,,,,,,,,,,,,,,,,,,,,,,,,,
2119994,c36482397e0178d80ccf3bb4ab8456889ebab0770c23125ceff787ec40f8bab4912fe034235cc8d725e20d54e4df615f58ffdb01e63d1febfdf6c9112ef9edf8,08/02/2025 11:40:00 AM,1,DRIVER,,2020995,,CHEVROLET,TRAIL BLAZER,IL,2002,NONE,SPORT UTILITY VEHICLE (SUV),PERSONAL,W,TURNING LEFT,,,1,,,,,,,,Y,Y,Y,,,,,,,,REAR-RIGHT-CORNER,,,,,,,,,,,,,,,,,,,,,,,,,,,,,,,,,
2119995,c36482397e0178d80ccf3bb4ab8456889ebab0770c23125ceff787ec40f8bab4912fe034235cc8d725e20d54e4df615f58ffdb01e63d1febfdf6c9112ef9edf8,08/02/2025 11:40:00 AM,2,DRIVER,,2021006,,HARLEY-DAVIDSON,HARLEY-DAVIDSON,,2012,UNKNOWN,MOTORCYCLE (OVER 150CC),PERSONAL,E,STRAIGHT AHEAD,,,1,,,,,Y,Y,Y,Y,Y,Y,Y,Y,Y,Y,Y,Y,,TOTAL (ALL AREAS),,,,,,,,,,,,,,,,,,,,,,,,,,,,,,,,,
2119996,c36482397e0178d80ccf3bb4ab8456889ebab0770c23125ceff787ec40f8bab4912fe034235cc8d725e20d54e4df615f58ffdb01e63d1febfdf6c9112ef9edf8,08/02/2025 11:40:00 AM,3,DRIVER,,2021009,,UNKNOWN,MOTORIZED,,,UNKNOWN,PICKUP,UNKNOWN/NA,E,STRAIGHT AHEAD,,,1,,,,,,,,,,,,,,,,,Y,UNKNOWN,,,,,,,,,,,,,,,,,,,,,,,,,,,,,,,,,
2120737,75c64c528a915381fe0b9f535dbe46a96fd57d081d3c1c9370401597b5b746067e242d13237081272ec475982597cd577f521db709283a1d9cd4cf524f2341d0,08/02/2025 11:37:00 AM,1,DRIVER,,2021696,,UNKNOWN,OTHER (EXPLAIN IN NARRATIVE),IL,,UNKNOWN,UNKNOWN/NA,UNKNOWN/NA,S,STRAIGHT AHEAD,,,1,,,,,,,,,,,,,,,,,Y,FRONT,,,,,,,,,,,,,,,,,,,,,,,,,,,,,,,,,
2120746,75c64c528a915381fe0b9f535dbe46a96fd57d081d3c1c9370401597b5b746067e242d13237081272ec475982597cd577f521db709283a1d9cd4cf524f2341d0,08/02/2025 11:37:00 AM,2,PARKED,,2021703,,MITSUBISHI,MIRAGE,IL,2019,UNKNOWN,UNKNOWN/NA,PERSONAL,S,PARKED,,,0,,,,,,,,Y,Y,Y,,,,,,,,REAR-RIGHT-CORNER,,,,,,,,,,,,,,,,,,,,,,,,,,,,,,,,,
2120002,035f64fa79c53bd9f414df753e30b1d3a8dc562c2ad7ab9e401b0237f3b65708d773114447c47b0652c9c99ddbc523352b9032e03e9a48fdc1219a8ee69bf7dd,08/02/2025 11:36:00 AM,1,DRIVER,,2020999,,AUDI,Q7,IL,2013,NONE,SPORT UTILITY VEHICLE (SUV),PERSONAL,S,STRAIGHT AHEAD,,,1,,,,,,,,,,,,,,,,Y,,FRONT,,,,,,,,,,,,,,,,,,,,,,,,,,,,,,,,,
2120003,035f64fa79c53bd9f414df753e30b1d3a8dc562c2ad7ab9e401b0237f3b65708d773114447c47b0652c9c99ddbc523352b9032e03e9a48fdc1219a8ee69bf7dd,08/02/2025 11:36:00 AM,2,DRIVER,1,2021007,,TOYOTA,RAV4,IL,2015,NONE,SPORT UTILITY VEHICLE (SUV),PERSONAL,S,STRAIGHT AHEAD,,,2,,,,,,,,,,Y,,,,,,,,REAR,,,,,,,,,,,,,,,,,,,,,,,,,,,,,,,,,
2120646,a91b286a79743505d4ef50c7aa864b07514b8afa752dcf1f78c4af6cd7b009701f2a377c2e2d79b1f86b41d426c9da320591620cd931ae855b2abaf68ea2a02c,08/02/2025 11:30:00 AM,1,DRIVER,,2021609,,NISSAN,OTHER (EXPLAIN IN NARRATIVE),IL,2010,UNKNOWN,UNKNOWN/NA,PERSONAL,N,ENTER FROM DRIVE/ALLEY,,,1,,,,N,,,,,,,,,,,,,Y,UNKNOWN,,,,,,,,,,,,,,,,,,,,,,,,,,,,,,,,,
2120647,a91b286a79743505d4ef50c7aa864b07514b8afa752dcf1f78c4af6cd7b009701f2a377c2e2d79b1f86b41d426c9da320591620cd931ae855b2abaf68ea2a02c,08/02/2025 11:30:00 AM,2,BICYCLE,,,,,,,,,,,,,,,,,,,,,,,,,,,,,,,,,,,,,,,,,,,,,,,,,,,,,,,,,,,,,,,,,,
2119992,a99dd69f049e462c34500bbc17bbcad3ceb4eac3077a00502dee934d8c7badc82deb9aa14d80956d81b3c88053ebe5be98ce5e092b41ed236fe57d194ee512d5,08/02/2025 11:30:00 AM,1,DRIVER,,2020989,,UNKNOWN,OTHER (EXPLAIN IN NARRATIVE),IL,,UNKNOWN,UNKNOWN/NA,UNKNOWN/NA,E,UNKNOWN/NA,,,1,,,,,Y,,,,,,,,,,,,,FRONT-RIGHT-CORNER,,,,,,,,,,,,,,,,,,,,,,,,,,,,,,,,,
2119993,a99dd69f049e462c34500bbc17bbcad3ceb4eac3077a00502dee934d8c7badc82deb9aa14d80956d81b3c88053ebe5be98ce5e092b41ed236fe57d194ee512d5,08/02/2025 11:30:00 AM,2,PARKED,,2020994,,BMW,OTHER (EXPLAIN IN NARRATIVE),IL,2013,NONE,PASSENGER,NOT IN USE,E,PARKED,,,0,,,,,,,,,,,,,Y,,,,,SIDE-LEFT,,,,,,,,,,,,,,,,,,,,,,,,,,,,,,,,,
2120070,dd3908ad0d511081939b981a23679fb2815552a287265cb155a120352bd8d434e8d560776ef65150ac87292cae7de95d21c3fc6cb9843f0dd9ca4c2ee2fded08,08/02/2025 11:30:00 AM,1,DRIVER,,2021059,,UNKNOWN,OTHER (EXPLAIN IN NARRATIVE),XX,,UNKNOWN,UNKNOWN/NA,UNKNOWN/NA,S,STRAIGHT AHEAD,,,1,,,,,,,,,,,,,,,,,Y,UNKNOWN,,,,,,,,,,,,,,,,,,,,,,,,,,,,,,,,,
2120071,dd3908ad0d511081939b981a23679fb2815552a287265cb155a120352bd8d434e8d560776ef65150ac87292cae7de95d21c3fc6cb9843f0dd9ca4c2ee2fded08,08/02/2025 11:30:00 AM,2,DRIVER,,2021064,,BUICK,ENCLAVE,,2014,UNKNOWN,PASSENGER,PERSONAL,W,STRAIGHT AHEAD,Y,,1,,PRIVATE TOW,,,Y,Y,,,,,,,,,,Y,,FRONT-RIGHT-CORNER,,,,,,,,,,,,,,,,,,,,,,,,,,,,,,,,,
2120441,eaeb9d6d32799c1c70e2cec89f65030ebfde830de68a0f2f4e3f310b3b1dfcbe6bd6ce00ce94bbe457a0e5489ae3e360e89a52e48b655dbb7f68ffe6837ec644,08/02/2025 11:30:00 AM,1,DRIVER,,2021418,,CHEVROLET,MALIBU,IL,2015,UNKNOWN,PASSENGER,PERSONAL,N,STRAIGHT AHEAD,Y,,1,,STREETS & SANS,SACREMENTO,,Y,Y,,,,,,,,,,,,FRONT-RIGHT-CORNER,,,,,,,,,,,,,,,,,,,,,,,,,,,,,,,,,
2120442,eaeb9d6d32799c1c70e2cec89f65030ebfde830de68a0f2f4e3f310b3b1dfcbe6bd6ce00ce94bbe457a0e5489ae3e360e89a52e48b655dbb7f68ffe6837ec644,08/02/2025 11:30:00 AM,2,DRIVER,,2021416,,CHEVROLET,CRUZE,IL,2014,NONE,PASSENGER,PERSONAL,N,STRAIGHT AHEAD,,,1,,,,,,,,,,,Y,Y,,,,,,REAR-LEFT-CORNER,,,,,,,,,,,,,,,,,,,,,,,,,,,,,,,,,
2120281,c4c053ff210944b1fe0a525a25f61a84d409da031c3d627fa4ff8e16dc0bfc713740626096dd40e6aeac22ee7ebdd105a5994b9df30805c44c7b3ef6acc30379,08/02/2025 11:26:00 AM,1,DRIVER,,2021257,,HONDA,CIVIC,IL,2005,NONE,PASSENGER,PERSONAL,S,SLOW/STOP IN TRAFFIC,,,1,,,,,,,,,,,,,,,,Y,,FRONT,,,,,,,,,,,,,,,,,,,,,,,,,,,,,,,,,
2120282,c4c053ff210944b1fe0a525a25f61a84d409da031c3d627fa4ff8e16dc0bfc713740626096dd40e6aeac22ee7ebdd105a5994b9df30805c44c7b3ef6acc30379,08/02/2025 11:26:00 AM,2,DRIVER,,2021268,,BUICK,ENCORE,IL,2018,NONE,PASSENGER,PERSONAL,S,SLOW/STOP IN TRAFFIC,,,1,,,,,,,,,Y,Y,Y,,,,,,,REAR,,,,,,,,,,,,,,,,,,,,,,,,,,,,,,,,,
2120444,b189d6f69c012ddd46a66f59c1315602e5ff676cd725258397bcf478a79762cd86374cb989fcfe697edb19abb8cf0012675c6b4709928c312be6ff42872f1d25,08/02/2025 11:25:00 AM,1,DRIVER,,2021412,,BMW,X5,IL,2023,UNKNOWN,SPORT UTILITY VEHICLE (SUV),PERSONAL,N,STRAIGHT AHEAD,Y,,1,,CITY OF CHICAGO,POUND,,Y,,,,,,,,,,,,,FRONT-RIGHT-CORNER,,,,,,,,,,,,,,,,,,,,,,,,,,,,,,,,,
2120445,b189d6f69c012ddd46a66f59c1315602e5ff676cd725258397bcf478a79762cd86374cb989fcfe697edb19abb8cf0012675c6b4709928c312be6ff42872f1d25,08/02/2025 11:25:00 AM,2,DRIVER,1,2021415,,CHEVROLET,BOLT,IL,2023,UNKNOWN,PASSENGER,PERSONAL,N,STRAIGHT AHEAD,Y,,2,,CITY OF CHICAGO,POUND,,,,,,,,Y,,,,,,,REAR-LEFT-CORNER,,,,,,,,,,,,,,,,,,,,,,,,,,,,,,,,,
2120016,f1921c74a964dcecc33b8a7715437f0817b11d373593d709697db1313a683db464ef218abdf81aa01ae5193404f0fe4608aa5ee5228878eb266bcdb29876a616,08/02/2025 11:25:00 AM,1,DRIVER,1,2021011,,DODGE,JOURNEY,IL,2014,NONE,SPORT UTILITY VEHICLE (SUV),PERSONAL,W,TURNING LEFT,Y,,2,,Private Company,,,Y,Y,,,,,,,,,,,,FRONT-RIGHT-CORNER,,,,,,,,,,,,,,,,,,,,,,,,,,,,,,,,,
2120017,f1921c74a964dcecc33b8a7715437f0817b11d373593d709697db1313a683db464ef218abdf81aa01ae5193404f0fe4608aa5ee5228878eb266bcdb29876a616,08/02/2025 11:25:00 AM,2,DRIVER,,2021015,,FORD,SUPER DUTY,IL,2008,NONE,PICKUP,PERSONAL,E,STRAIGHT AHEAD,Y,,1,,Private Company,,,,,,,,,,,,Y,Y,,,FRONT-LEFT-CORNER,,,,,,,,,,,,,,,,,,,,,,,,,,,,,,,,,
2119974,c0e4550414c25fa73bd166656cf338d2797a21c7354d33aa2bb865d5d874d95631e9265cae73e3301e6c0ba0202ee2e232162db5fd8d50a2d89782d632aaafdc,08/02/2025 11:13:00 AM,1,DRIVER,,2020975,,HYUNDAI,ELANTRA,IL,2025,UNKNOWN,UNKNOWN/NA,UNKNOWN/NA,E,PASSING/OVERTAKING,,,1,,,,,,,,,,,,,,,Y,,,FRONT-LEFT-CORNER,,,,,,,,,,,,,,,,,,,,,,,,,,,,,,,,,
2119975,c0e4550414c25fa73bd166656cf338d2797a21c7354d33aa2bb865d5d874d95631e9265cae73e3301e6c0ba0202ee2e232162db5fd8d50a2d89782d632aaafdc,08/02/2025 11:13:00 AM,2,DRIVER,,2020971,,AUDI,Q5,IL,2023,UNKNOWN,PASSENGER,PERSONAL,E,STRAIGHT AHEAD,,,1,,,,,,,,,Y,,,,,,,,,REAR-RIGHT-CORNER,,,,,,,,,,,,,,,,,,,,,,,,,,,,,,,,,
2133334,137d56924564e536c5c5dc794266ce9cc7eb6f7db6eb7cbb3a2b5b2a90f85ddf6334fb0aa60f87ecc30881d526be0d8d76e139312bcd47b8ad3c93cfbd45a370,08/02/2025 11:00:00 AM,1,DRIVER,,2033643,,BUICK,ENCLAVE,IL,2009,NONE,PASSENGER,PERSONAL,E,BACKING,,,1,,,,,,,,,,,Y,,,,,,,REAR-LEFT-CORNER,,,,,,,,,,,,,,,,,,,,,,,,,,,,,,,,,
2133335,137d56924564e536c5c5dc794266ce9cc7eb6f7db6eb7cbb3a2b5b2a90f85ddf6334fb0aa60f87ecc30881d526be0d8d76e139312bcd47b8ad3c93cfbd45a370,08/02/2025 11:00:00 AM,2,DRIVER,,2033644,,TOYOTA,CAMRY,IL,2007,NONE,PASSENGER,PERSONAL,W,STARTING IN TRAFFIC,,,1,,,,,,,,,Y,,,,,,,,,REAR-RIGHT-CORNER,,,,,,,,,,,,,,,,,,,,,,,,,,,,,,,,,
2120582,34f7d42dde5d711f4f880741ae51e38c069a254daae67d9370ee72a6a4a1aefa2c043c293605b9799fe5cbe90c1d668310d3c08d7fadad4002bdeafcec4071ab,08/02/2025 11:00:00 AM,1,DRIVER,,2021542,,UNKNOWN,OTHER (EXPLAIN IN NARRATIVE),,,UNKNOWN,UNKNOWN/NA,UNKNOWN/NA,UNKNOWN,UNKNOWN/NA,,,1,,,,,,,,,,,,,,,,,Y,UNKNOWN,,,,,,,,,,,,,,,,,,,,,,,,,,,,,,,,,
2120583,34f7d42dde5d711f4f880741ae51e38c069a254daae67d9370ee72a6a4a1aefa2c043c293605b9799fe5cbe90c1d668310d3c08d7fadad4002bdeafcec4071ab,08/02/2025 11:00:00 AM,2,DRIVERLESS,,2021543,,HYUNDAI,PALISADE,IL,2021,NONE,SPORT UTILITY VEHICLE (SUV),PERSONAL,UNKNOWN,PARKED,,,0,,,,,,,,,,,,,,,Y,,,FRONT-LEFT-CORNER,,,,,,,,,,,,,,,,,,,,,,,,,,,,,,,,,
2120360,3fdf9ee83d50c54ba8d4323a144f15cb1dad0130ef428a43ae4da8fd3b9e5c9494ea71cc2327579154f3b13231d5a3b01b4e277501789971a76c7d7a988afdbe,08/02/2025 11:00:00 AM,1,DRIVER,,2021334,,HYUNDAI,ACCENT,,2018,UNKNOWN,PASSENGER,PERSONAL,S,STRAIGHT AHEAD,,,1,,,,,,,,,,,,,,,,,Y,UNKNOWN,,,,,,,,,,,,,,,,,,,,,,,,,,,,,,,,,
2120361,3fdf9ee83d50c54ba8d4323a144f15cb1dad0130ef428a43ae4da8fd3b9e5c9494ea71cc2327579154f3b13231d5a3b01b4e277501789971a76c7d7a988afdbe,08/02/2025 11:00:00 AM,2,DRIVER,,2021337,,FORD,EDGE,IL,2024,UNKNOWN,PASSENGER,PERSONAL,S,STRAIGHT AHEAD,,,1,,,,,,,,,Y,Y,Y,,,,,,,REAR,,,,,,,,,,,,,,,,,,,,,,,,,,,,,,,,,
2119972,6a3097b85b666eb7678e6b854cd96cf6e516a0dfe5dd4155d99c2f0061a82ca4429dc828e32694da4fa1c8b446d21a19c49fd7251cc49a4c06e6894805212437,08/02/2025 11:00:00 AM,1,DRIVER,,2020992,,JEEP,CHEROKEE,IL,2016,UNKNOWN,PASSENGER,PERSONAL,E,STRAIGHT AHEAD,,,1,,,,,,,,,,,,,,,Y,Y,,FRONT,,,,,,,,,,,,,,,,,,,,,,,,,,,,,,,,,
2119973,6a3097b85b666eb7678e6b854cd96cf6e516a0dfe5dd4155d99c2f0061a82ca4429dc828e32694da4fa1c8b446d21a19c49fd7251cc49a4c06e6894805212437,08/02/2025 11:00:00 AM,2,DRIVER,,2020984,,GENERAL MOTORS CORPORATION (GMC),ACADIA,IL,2015,UNKNOWN,PASSENGER,PERSONAL,E,STRAIGHT AHEAD,,,1,,,,,,,,,,,Y,,,,,,,SIDE-LEFT,,,,,,,,,,,,,,,,,,,,,,,,,,,,,,,,,
2119980,8e9c8b790d2009f75ba2d5939237e76d88f5a39f1bbb67114f6f1e5858be042494adc7aa9d4da66b12a28c97167fbf4c42495da1326b1eb39d663ba69aa316c5,08/02/2025 11:00:00 AM,1,PARKED,,2020976,,TOYOTA,CAMRY,TX,2014,NONE,PASSENGER,TAXI/FOR HIRE,N,PARKED IN TRAFFIC LANE,,,0,,,,Y,,,,,,,,,,,,,,SIDE-LEFT,,,,,,,,,,,,,,,,,,,,,,,,,,,,,,,,,
2119981,8e9c8b790d2009f75ba2d5939237e76d88f5a39f1bbb67114f6f1e5858be042494adc7aa9d4da66b12a28c97167fbf4c42495da1326b1eb39d663ba69aa316c5,08/02/2025 11:00:00 AM,2,BICYCLE,,,,,,,,,,,,,,,,,,,,,,,,,,,,,,,,,,,,,,,,,,,,,,,,,,,,,,,,,,,,,,,,,,
2119997,ed0e83b0b7903c1530fc5ee2457fc64543b05a04ce15f3718ca8ae0a78760b0cc6980d1da08bbd95dc1eae28ca329701ad5d2f698f0f712ed39b70212554e88b,08/02/2025 11:00:00 AM,1,DRIVER,,2020993,,FORD,VAN,IL,2020,UNKNOWN,UNKNOWN/NA,UNKNOWN/NA,E,UNKNOWN/NA,,,1,,,,Y,,,,,,,,,,,,,,UNKNOWN,,,,,,,,,,,,,,,,,,,,,,,,,,,,,,,,,
2119955,015a9fbc63f60a7dd99d129f80519c9b9717ca0b1f449cf469a94e5876baa834f6ba37c95ebb7be134cc55e507bd2cfb8ac9d86e6875e42ed13fea0b583141b3,08/02/2025 10:45:00 AM,1,DRIVER,,2020961,,TOYOTA,CAMRY,IL,2012,NONE,PASSENGER,PERSONAL,S,TURNING LEFT,Y,,1,,PERSONAL INSURANCE,,,Y,Y,,,,,,,,,,Y,,FRONT-RIGHT-CORNER,,,,,,,,,,,,,,,,,,,,,,,,,,,,,,,,,
2119956,015a9fbc63f60a7dd99d129f80519c9b9717ca0b1f449cf469a94e5876baa834f6ba37c95ebb7be134cc55e507bd2cfb8ac9d86e6875e42ed13fea0b583141b3,08/02/2025 10:45:00 AM,2,DRIVER,,2020965,,MERCEDES-BENZ,E320,IL,2014,NONE,PASSENGER,PERSONAL,N,STRAIGHT AHEAD,,,1,,,,,Y,,,,,,,,,,,Y,,FRONT-RIGHT-CORNER,,,,,,,,,,,,,,,,,,,,,,,,,,,,,,,,,
2126750,5eb93b4d20440ed9f8620dba257e6cd772cbd06d07fb9cb41295cf4f7c18000a8fc5f384a500ba32bcf1a096c300c95d7aa6009bbc2a0dd592a32678d1ddfe88,08/02/2025 10:45:00 AM,1,DRIVER,,2027427,,SUBARU,ASCENT,IL,2021,NONE,PASSENGER,PERSONAL,E,BACKING,,,1,,,,,,,,,Y,Y,Y,,,,,,,REAR,,,,,,,,,,,,,,,,,,,,,,,,,,,,,,,,,
2126751,5eb93b4d20440ed9f8620dba257e6cd772cbd06d07fb9cb41295cf4f7c18000a8fc5f384a500ba32bcf1a096c300c95d7aa6009bbc2a0dd592a32678d1ddfe88,08/02/2025 10:45:00 AM,2,DRIVER,,2027429,,CHEVROLET,EXPRESS,IL,2017,NONE,PASSENGER,PERSONAL,N,STRAIGHT AHEAD,,,1,,,,,,Y,Y,Y,,,,,,,N,N,,SIDE-RIGHT,,,,,,,,,,,,,,,,,,,,,,,,,,,,,,,,,
2119961,65a731e9e2c0d813820e8102980af965667ffdfbcef7e453939bf450114f342614d585920c6c7d8d6a136aeff6acf8e6aee80c3ceffea6c94ab320a300a24818,08/02/2025 10:43:00 AM,1,DRIVER,,2020962,,JEEP,JEEP,,,UNKNOWN,UNKNOWN/NA,UNKNOWN/NA,S,UNKNOWN/NA,,,1,,,,,Y,Y,Y,Y,Y,,,,,,,,,SIDE-RIGHT,,,,,,,,,,,,,,,,,,,,,,,,,,,,,,,,,
2119962,65a731e9e2c0d813820e8102980af965667ffdfbcef7e453939bf450114f342614d585920c6c7d8d6a136aeff6acf8e6aee80c3ceffea6c94ab320a300a24818,08/02/2025 10:43:00 AM,2,PARKED,,2020966,,NISSAN,ROGUE,WI,2025,UNKNOWN,SPORT UTILITY VEHICLE (SUV),UNKNOWN/NA,S,PARKED,,,0,,,,,,,,,,,Y,Y,Y,Y,Y,,,SIDE-LEFT,,,,,,,,,,,,,,,,,,,,,,,,,,,,,,,,,
2119976,0005c675f2cb486fd3636f5f8d47df9ccb922abeba2e458d68a1d95997e49f3b38e94856505ef0b1f8c5452f9abfcd593cb7a89bbd04ae499809b347b643ad4b,08/02/2025 10:42:00 AM,1,DRIVER,,2020973,,TOYOTA,PRIUS,IL,2012,NONE,SPORT UTILITY VEHICLE (SUV),PERSONAL,N,STRAIGHT AHEAD,,,1,,,,,,,,,,,,,,,Y,Y,Y,FRONT,,,,,,,,,,,,,,,,,,,,,,,,,,,,,,,,,
2119977,0005c675f2cb486fd3636f5f8d47df9ccb922abeba2e458d68a1d95997e49f3b38e94856505ef0b1f8c5452f9abfcd593cb7a89bbd04ae499809b347b643ad4b,08/02/2025 10:42:00 AM,2,PARKED,,2020979,,SUZUKI,XL-7 OR XL-7 GRAND VITARA,IL,2004,NONE,PASSENGER,PERSONAL,N,PARKED,,,0,,,,,N,N,Y,Y,,,,,,,,,Y,SIDE-RIGHT,,,,,,,,,,,,,,,,,,,,,,,,,,,,,,,,,
2120022,58bd3253fb7256adbf416bbca10eb314fb4c6f95982e3d44c102c506a465007aa632752697fe0168b6081b67f380878c2979ccb628ee17a36a6753cabb5e5ac4,08/02/2025 10:38:00 AM,1,DRIVER,,2021017,,LEXUS,RX330,IL,2006,UNKNOWN,PASSENGER,PERSONAL,W,STRAIGHT AHEAD,,,1,,,,,Y,,,,Y,Y,Y,,,,Y,Y,,UNKNOWN,,,,,,,,,,,,,,,,,,,,,,,,,,,,,,,,,
2120023,58bd3253fb7256adbf416bbca10eb314fb4c6f95982e3d44c102c506a465007aa632752697fe0168b6081b67f380878c2979ccb628ee17a36a6753cabb5e5ac4,08/02/2025 10:38:00 AM,2,DRIVER,,2021022,,CHEVROLET,CRUZE,IL,2016,NONE,PASSENGER,PERSONAL,S,STRAIGHT AHEAD,Y,,1,,PRIVATE TOW,UNKNOWN,,N,,,,,N,N,Y,Y,Y,Y,,,UNKNOWN,,,,,,,,,,,,,,,,,,,,,,,,,,,,,,,,,
2120020,12dad893756b13a300e4b857d2e46ab42ed0bea641869fb7fb465447dee0dca3b37215449c3bc9852b3f2de2b1079d202a6b7e50807b7c81f069db51c1797354,08/02/2025 10:37:00 AM,1,DRIVER,,2021018,,FORD,ESCAPE,IL,2015,UNKNOWN,SPORT UTILITY VEHICLE (SUV),PERSONAL,S,BACKING,,,1,,,,,,,,,Y,,,,,,,,,REAR-RIGHT-CORNER,,,,,,,,,,,,,,,,,,,,,,,,,,,,,,,,,
2120021,12dad893756b13a300e4b857d2e46ab42ed0bea641869fb7fb465447dee0dca3b37215449c3bc9852b3f2de2b1079d202a6b7e50807b7c81f069db51c1797354,08/02/2025 10:37:00 AM,2,DRIVER,,2021021,,DODGE,CHARGER,IL,2016,UNKNOWN,PASSENGER,PERSONAL,W,SLOW/STOP IN TRAFFIC,,,1,,,,,,,,,,,Y,Y,Y,,,,,SIDE-LEFT-REAR,,,,,,,,,,,,,,,,,,,,,,,,,,,,,,,,,
2119978,213ee574c41b40c547a3cd56c8e4e8702f6066a45a38af64dcd9f935d49f8e959055bdf869599e09048a6c8c0ca9a12800fa2e1b38ffec0c6cbb8d0790a17ff3,08/02/2025 10:30:00 AM,1,DRIVER,,2020974,,JEEP,PATRIOT,IL,2011,NONE,PASSENGER,PERSONAL,E,BACKING,,,1,,,,,,,,,,,Y,,,,,,,REAR-LEFT-CORNER,,,,,,,,,,,,,,,,,,,,,,,,,,,,,,,,,
2119979,213ee574c41b40c547a3cd56c8e4e8702f6066a45a38af64dcd9f935d49f8e959055bdf869599e09048a6c8c0ca9a12800fa2e1b38ffec0c6cbb8d0790a17ff3,08/02/2025 10:30:00 AM,2,DRIVER,,2020977,,HONDA,ODYSSEY,IL,2015,NONE,PASSENGER,PERSONAL,NW,STRAIGHT AHEAD,,,1,,,,,,,,,Y,,,,,,,,,REAR-RIGHT-CORNER,,,,,,,,,,,,,,,,,,,,,,,,,,,,,,,,,
2119951,2de3c13b76207fcb4f1b36ed9f88a50fe9a07bff4bb9db214a49a71032440109966fe8ab1de59e3320c582ca4f531882de4cf6d0e62f53f2e546447077e41528,08/02/2025 10:30:00 AM,1,DRIVER,,2020951,,TOYOTA,PRIUS,IL,2012,NONE,PASSENGER,PERSONAL,W,STRAIGHT AHEAD,,,1,,,,,Y,,,,,,,,,,Y,Y,,FRONT,,,,,,,,,,,,,,,,,,,,,,,,,,,,,,,,,