CRASH_UNIT_ID,CRASH_RECORD_ID,CRASH_DATE,UNIT_NO,UNIT_TYPE,NUM_PASSENGERS,VEHICLE_ID,CMRC_VEH_I,MAKE,MODEL,LIC_PLATE_STATE,VEHICLE_YEAR,VEHICLE_DEFECT,VEHICLE_TYPE,VEHICLE_USE,TRAVEL_DIRECTION,MANEUVER,TOWED_I,FIRE_I,OCCUPANT_CNT,EXCEED_SPEED_LIMIT_I,TOWED_BY,TOWED_TO,AREA_00_I,AREA_01_I,AREA_02_I,AREA_03_I,AREA_04_I,AREA_05_I,AREA_06_I,AREA_07_I,AREA_08_I,AREA_09_I,AREA_10_I,AREA_11_I,AREA_12_I,AREA_99_I,FIRST_CONTACT_POINT,CMV_ID,USDOT_NO,CCMC_NO,ILCC_NO,COMMERCIAL_SRC,GVWR,CARRIER_NAME,CARRIER_STATE,CARRIER_CITY,HAZMAT_PLACARDS_I,HAZMAT_NAME,UN_NO,HAZMAT_PRESENT_I,HAZMAT_REPORT_I,HAZMAT_REPORT_NO,MCS_REPORT_I,MCS_REPORT_NO,HAZMAT_VIO_CAUSE_CRASH_I,MCS_VIO_CAUSE_CRASH_I,IDOT_PERMIT_NO,WIDE_LOAD_I,TRAILER1_WIDTH,TRAILER2_WIDTH,TRAILER1_LENGTH,TRAILER2_LENGTH,TOTAL_VEHICLE_LENGTH,AXLE_CNT,VEHICLE_CONFIG,CARGO_BODY_TYPE,LOAD_TYPE,HAZMAT_OUT_OF_SERVICE_I,MCS_OUT_OF_SERVICE_I,HAZMAT_CLASS
2119952,2de3c13b76207fcb4f1b36ed9f88a50fe9a07bff4bb9db214a49a71032440109966fe8ab1de59e3320c582ca4f531882de4cf6d0e62f53f2e546447077e41528,08/02/2025 10:30:00 AM,2,DRIVER,,2020956,,NISSAN,JUKE,IL,2011,NONE,PASSENGER,PERSONAL,W,SLOW/STOP IN TRAFFIC,,,1,,,,,,,,,Y,Y,Y,,,,,,,REAR,,,,,,,,,,,,,,,,,,,,,,,,,,,,,,,,,
2119988,b8e4b22bc9c220c5a2e2a1496578cc6c230a39ee7fa8b1ae59fbef4cf658bc2ac949a409fe9c59823022516e82f706ade441c0c06ea8d756fa696c014c28c003,08/02/2025 10:30:00 AM,1,DRIVER,,2020986,,UNKNOWN,OTHER (EXPLAIN IN NARRATIVE),IL,,UNKNOWN,UNKNOWN/NA,UNKNOWN/NA,E,STRAIGHT AHEAD,,,1,,,,,,,,,,,,,,,,,Y,UNKNOWN,,,,,,,,,,,,,,,,,,,,,,,,,,,,,,,,,
2119989,b8e4b22bc9c220c5a2e2a1496578cc6c230a39ee7fa8b1ae59fbef4cf658bc2ac949a409fe9c59823022516e82f706ade441c0c06ea8d756fa696c014c28c003,08/02/2025 10:30:00 AM,2,PARKED,,2020988,,HYUNDAI,TUCSON,OH,2024,NONE,SPORT UTILITY VEHICLE (SUV),PERSONAL,E,PARKED IN TRAFFIC LANE,,,0,,,,,,,,,Y,,,,,,,,,REAR-RIGHT-CORNER,,,,,,,,,,,,,,,,,,,,,,,,,,,,,,,,,
2120134,1d1efeb839537c6bf154840fbf9d785c94afff22391f200bf6163301ffab298ca52863a77947d47a60e5fcff7defa8ad5658bdf7ee9753bef3cba81c7f3c9aea,08/02/2025 10:20:00 AM,1,PARKED,,2021121,,HYUNDAI,SANTA FE,IL,2025,UNKNOWN,PASSENGER,PERSONAL,N,PARKED,,,0,,,,,,,,,,,Y,,,,,,,SIDE-LEFT-REAR,,,,,,,,,,,,,,,,,,,,,,,,,,,,,,,,,
2120135,1d1efeb839537c6bf154840fbf9d785c94afff22391f200bf6163301ffab298ca52863a77947d47a60e5fcff7defa8ad5658bdf7ee9753bef3cba81c7f3c9aea,08/02/2025 10:20:00 AM,2,DRIVER,,2021129,,UNKNOWN,OTHER (EXPLAIN IN NARRATIVE),,,UNKNOWN,OTHER,UNKNOWN/NA,UNKNOWN,UNKNOWN/NA,,,1,,,,,,,,,,,,,,,,,Y,UNKNOWN,,,,,,,,,,,,,,,,,,,,,,,,,,,,,,,,,
2119946,1ebb50aefa0cc6c538c21a86d0787796fe782a13280f74a5bf539456375dd364aa3fb6460705b03f26f346200c8ce5a77d0b8300618ab8f6f397dc4c0e6809ee,08/02/2025 10:15:00 AM,1,DRIVER,,2020950,,JEEP,COMPASS,IL,2014,NONE,PASSENGER,PERSONAL,E,STRAIGHT AHEAD,,,1,,,,,Y,Y,Y,,,,,,,,,,,FRONT-RIGHT-CORNER,,,,,,,,,,,,,,,,,,,,,,,,,,,,,,,,,
2119947,1ebb50aefa0cc6c538c21a86d0787796fe782a13280f74a5bf539456375dd364aa3fb6460705b03f26f346200c8ce5a77d0b8300618ab8f6f397dc4c0e6809ee,08/02/2025 10:15:00 AM,2,DRIVER,,2020955,,CHEVROLET,CRUZE,IL,2011,NONE,PASSENGER,PERSONAL,E,STRAIGHT AHEAD,,,1,,,,,,,,,,,Y,Y,Y,,,,,SIDE-LEFT-REAR,,,,,,,,,,,,,,,,,,,,,,,,,,,,,,,,,
2119937,26fa77d14e475e72b46099d94a5238d163d40701b219412b434c7df4cb108b7a5b797a5ad9806fe88103c2c17673782f4c03054a84b1233650edb8646b8f12d1,08/02/2025 10:15:00 AM,1,DRIVER,,2020943,,CHEVROLET,OTHER (EXPLAIN IN NARRATIVE),IL,2021,UNKNOWN,UNKNOWN/NA,UNKNOWN/NA,N,STRAIGHT AHEAD,,,1,,,,,,,,,,,,,,,,Y,,FRONT,,,,,,,,,,,,,,,,,,,,,,,,,,,,,,,,,
2119938,26fa77d14e475e72b46099d94a5238d163d40701b219412b434c7df4cb108b7a5b797a5ad9806fe88103c2c17673782f4c03054a84b1233650edb8646b8f12d1,08/02/2025 10:15:00 AM,2,DRIVER,,2020941,,TOYOTA,RAV4,IL,2015,NONE,PASSENGER,PERSONAL,N,SLOW/STOP IN TRAFFIC,,,1,,,,,,,,,,Y,,,,,,,,REAR,,,,,,,,,,,,,,,,,,,,,,,,,,,,,,,,,
2119968,cd93e1eed73b57cafe60dc56cb1a8f5d1b54cc407e2d23b72ace9d28e4bb6286639dea02e4a3fe2b10cbf67376925574587e6bcba8237f4d42173f1fa298891b,08/02/2025 10:15:00 AM,1,DRIVER,,2020972,,NISSAN,ROGUE,MO,2019,UNKNOWN,PASSENGER,PERSONAL,E,ENTERING TRAFFIC LANE FROM PARKING,,,1,,,,,,,,,,,,,,,Y,Y,,FRONT-LEFT-CORNER,,,,,,,,,,,,,,,,,,,,,,,,,,,,,,,,,
2119969,cd93e1eed73b57cafe60dc56cb1a8f5d1b54cc407e2d23b72ace9d28e4bb6286639dea02e4a3fe2b10cbf67376925574587e6bcba8237f4d42173f1fa298891b,08/02/2025 10:15:00 AM,2,DRIVER,,2020980,,SUBARU,LEGACY,IL,2013,UNKNOWN,PASSENGER,PERSONAL,E,U-TURN,,,1,,,,,,,,,Y,,,,,,,,,REAR-RIGHT-CORNER,,,,,,,,,,,,,,,,,,,,,,,,,,,,,,,,,
2119970,a311c0c8bdb8ada90f244c645730010f0055af1c9423a5e9b80a437fdf33bd68c4268bacdcd67935dcfe8488aad48775e62ce4612fe6f6ceffd1a8d792cdbd53,08/02/2025 10:13:00 AM,1,DRIVER,,2020969,,TOYOTA,COROLLA,IL,1999,UNKNOWN,PASSENGER,PERSONAL,N,STRAIGHT AHEAD,N,,1,,,,,,,,,,,,,,Y,Y,Y,,FRONT-LEFT-CORNER,,,,,,,,,,,,,,,,,,,,,,,,,,,,,,,,,
2119971,a311c0c8bdb8ada90f244c645730010f0055af1c9423a5e9b80a437fdf33bd68c4268bacdcd67935dcfe8488aad48775e62ce4612fe6f6ceffd1a8d792cdbd53,08/02/2025 10:13:00 AM,2,DRIVER,1,2020978,,CHEVROLET,TRAX,IL,2018,UNKNOWN,PASSENGER,PERSONAL,E,STRAIGHT AHEAD,Y,,2,,private,private location,,Y,Y,,,,,,,,,,Y,,FRONT-RIGHT-CORNER,,,,,,,,,,,,,,,,,,,,,,,,,,,,,,,,,
2119944,29f49b37b6e4a0e1667d64d1fec41d94644299553c2e41f5286f4aa17f18b680276bcac8ce155ea47869ccb9921f1200760c1e34dac6ec158365229924c8d75a,08/02/2025 10:12:00 AM,1,DRIVER,1,2020946,,TOYOTA,RAV4,IL,2024,UNKNOWN,SPORT UTILITY VEHICLE (SUV),PERSONAL,S,SLOW/STOP IN TRAFFIC,Y,,2,,,,,Y,,,,,,,,,,,,,FRONT-RIGHT-CORNER,,,,,,,,,,,,,,,,,,,,,,,,,,,,,,,,,
2119945,29f49b37b6e4a0e1667d64d1fec41d94644299553c2e41f5286f4aa17f18b680276bcac8ce155ea47869ccb9921f1200760c1e34dac6ec158365229924c8d75a,08/02/2025 10:12:00 AM,2,DRIVER,1,2020953,,MINI,COOPER,IL,2015,UNKNOWN,PASSENGER,PERSONAL,E,STRAIGHT AHEAD,,,2,,,,,,,,,,,,,,,Y,,,FRONT-LEFT-CORNER,,,,,,,,,,,,,,,,,,,,,,,,,,,,,,,,,
2120001,e89377b645c70189a082530456097e150bcc73a099073e8a19ec1cc99672bfdca55fd0c013a713117ce9f020e36ed2145cf4f2e9c216a59bb050ccc16e9e4efb,08/02/2025 10:05:00 AM,1,DRIVER,,2020997,,BUICK,ENCLAVE,IL,2009,BRAKES,PASSENGER,PERSONAL,S,TURNING LEFT,,,1,,,,,,,,,,,,,,Y,Y,Y,,FRONT-LEFT-CORNER,,,,,,,,,,,,,,,,,,,,,,,,,,,,,,,,,
2120012,3eacda6fb651df221de78d3a30c341155af99e7ab91789b72446176688f82c3a852f564c3e6648e92d8b6ddcd1a6012030564961f4649c6ba74d7c990efb1303,08/02/2025 10:00:00 AM,1,DRIVER,2,2021004,,JEEP,COMPASS,IN,2016,UNKNOWN,SPORT UTILITY VEHICLE (SUV),UNKNOWN/NA,S,STRAIGHT AHEAD,Y,,3,,CITY OF CHICAGO,POUND 6,,Y,,,,,,,,,,Y,Y,,FRONT,,,,,,,,,,,,,,,,,,,,,,,,,,,,,,,,,
2120013,3eacda6fb651df221de78d3a30c341155af99e7ab91789b72446176688f82c3a852f564c3e6648e92d8b6ddcd1a6012030564961f4649c6ba74d7c990efb1303,08/02/2025 10:00:00 AM,2,DRIVER,1,2021013,,MITSUBISHI,OUTLANDER,IL,2024,UNKNOWN,SPORT UTILITY VEHICLE (SUV),PERSONAL,E,STRAIGHT AHEAD,Y,,2,,CITY OF CHICAGO,POUND 6,,,,,,,,,,,,,,,TOTAL (ALL AREAS),,,,,,,,,,,,,,,,,,,,,,,,,,,,,,,,,
2126878,73798c3b0e7242b516c5a6bfc0a705a3a3f4df685d765663e8cb587825a18688b9a4a8665941238ea48dfb5706ef60e9183deafd72f6fc1ff225a88f08c9b312,08/02/2025 10:00:00 AM,1,DRIVER,,2027549,,DODGE,CHARGER,IL,2020,NONE,PASSENGER,NOT IN USE,E,STRAIGHT AHEAD,,,1,,,,,Y,Y,,,,,,,,Y,Y,Y,,FRONT,,,,,,,,,,,,,,,,,,,,,,,,,,,,,,,,,
2126879,73798c3b0e7242b516c5a6bfc0a705a3a3f4df685d765663e8cb587825a18688b9a4a8665941238ea48dfb5706ef60e9183deafd72f6fc1ff225a88f08c9b312,08/02/2025 10:00:00 AM,2,DRIVER,,2027553,,ACURA,TLX,IL,2015,NONE,PASSENGER,NOT IN USE,E,STRAIGHT AHEAD,,,1,,,,,Y,,,,Y,Y,Y,,,,Y,Y,,REAR,,,,,,,,,,,,,,,,,,,,,,,,,,,,,,,,,
2126880,73798c3b0e7242b516c5a6bfc0a705a3a3f4df685d765663e8cb587825a18688b9a4a8665941238ea48dfb5706ef60e9183deafd72f6fc1ff225a88f08c9b312,08/02/2025 10:00:00 AM,3,DRIVER,,2027561,,UNKNOWN,OTHER (EXPLAIN IN NARRATIVE),IL,,NONE,PASSENGER,NOT IN USE,E,STRAIGHT AHEAD,,,1,,,,,,,,,Y,Y,Y,,,,,,,REAR,,,,,,,,,,,,,,,,,,,,,,,,,,,,,,,,,
2120004,bf79d57920a34c27adc81fb9985605048e2d8ae2c2eacb5f5389f4d9a4fb4f3e7b0075b1dcb02b96ff8eb9d9bc6a36514f74f9f46c5e76da74bfe1070ff7d1f9,08/02/2025 10:00:00 AM,1,DRIVER,,2021000,,CHEVROLET,IMPALA,IL,2018,UNKNOWN,PASSENGER,PERSONAL,N,STRAIGHT AHEAD,Y,,1,,AAA,1000 w 94th st.,,,,,,,,,,,Y,Y,,,FRONT-LEFT-CORNER,,,,,,,,,,,,,,,,,,,,,,,,,,,,,,,,,
2120005,bf79d57920a34c27adc81fb9985605048e2d8ae2c2eacb5f5389f4d9a4fb4f3e7b0075b1dcb02b96ff8eb9d9bc6a36514f74f9f46c5e76da74bfe1070ff7d1f9,08/02/2025 10:00:00 AM,2,DRIVER,,2021014,,TOYOTA,RAV4,IL,2018,UNKNOWN,PASSENGER,PERSONAL,S,STRAIGHT AHEAD,Y,,1,,fair towing,"14029s.Cicero ave.crestwood,IL",,,,,,,,,Y,Y,Y,Y,,,SIDE-LEFT,,,,,,,,,,,,,,,,,,,,,,,,,,,,,,,,,
2119963,228a216a39c6916b7c405eb62f31098b3ecfebd49eada575bf7fba15de1a2e732037d731a3ea8b50ef6175c28ee9a783dd228eea82d958cc3f2617da4b392f0d,08/02/2025 09:50:00 AM,1,DRIVER,,2020970,,FORD,F150,WI,2013,UNKNOWN,PICKUP,PERSONAL,E,STRAIGHT AHEAD,,,1,,,,,Y,Y,Y,,,,,,,,,Y,,FRONT,,,,,,,,,,,,,,,,,,,,,,,,,,,,,,,,,
2119964,228a216a39c6916b7c405eb62f31098b3ecfebd49eada575bf7fba15de1a2e732037d731a3ea8b50ef6175c28ee9a783dd228eea82d958cc3f2617da4b392f0d,08/02/2025 09:50:00 AM,2,PEDESTRIAN,,,,,,,,,,,,,,,,,,,,,,,,,,,,,,,,,,,,,,,,,,,,,,,,,,,,,,,,,,,,,,,,,,
2119965,228a216a39c6916b7c405eb62f31098b3ecfebd49eada575bf7fba15de1a2e732037d731a3ea8b50ef6175c28ee9a783dd228eea82d958cc3f2617da4b392f0d,08/02/2025 09:50:00 AM,3,PEDESTRIAN,,,,,,,,,,,,,,,,,,,,,,,,,,,,,,,,,,,,,,,,,,,,,,,,,,,,,,,,,,,,,,,,,,
2120038,313b9283cc9c33776734c36f2f9ec7142e3c349ea161ac1faa1626fe6e108a2992a0599d9fb2773fa3384f2bc06118ada1257dae47ae27ffb292b306770b90f7,08/02/2025 09:50:00 AM,1,DRIVER,,2021036,,FORD,VAN,IL,2025,UNKNOWN,VAN/MINI-VAN,UNKNOWN/NA,UNKNOWN,TURNING RIGHT,,,1,,,,,,,,Y,Y,,,,,,,,,REAR-RIGHT-CORNER,,,,,,,,,,,,,,,,,,,,,,,,,,,,,,,,,
2120039,313b9283cc9c33776734c36f2f9ec7142e3c349ea161ac1faa1626fe6e108a2992a0599d9fb2773fa3384f2bc06118ada1257dae47ae27ffb292b306770b90f7,08/02/2025 09:50:00 AM,2,DRIVER,,2021042,,NISSAN,ROGUE,IL,2018,UNKNOWN,SPORT UTILITY VEHICLE (SUV),UNKNOWN/NA,UNKNOWN,SLOW/STOP IN TRAFFIC,,,1,,,,,Y,Y,,Y,Y,,,,,,,,,SIDE-RIGHT,,,,,,,,,,,,,,,,,,,,,,,,,,,,,,,,,
2119982,89d14b2222654a9a4b74d839b4447b142b98288ab6cb7cb1f3321e02b9d58df4aa581b33fca005753ec5e816e2cdd6cf7f767187f093be8a6b203f2d634eac2d,08/02/2025 09:49:00 AM,1,DRIVER,,2020981,,DODGE,JOURNEY,IL,2017,NONE,PASSENGER,PERSONAL,E,OTHER,,,1,,,,,Y,Y,,,,,,,,,Y,Y,,REAR-RIGHT-CORNER,,,,,,,,,,,,,,,,,,,,,,,,,,,,,,,,,
2119983,89d14b2222654a9a4b74d839b4447b142b98288ab6cb7cb1f3321e02b9d58df4aa581b33fca005753ec5e816e2cdd6cf7f767187f093be8a6b203f2d634eac2d,08/02/2025 09:49:00 AM,2,PARKED,2,2020985,,VOLKSWAGEN,JETTA,IL,2012,NONE,PASSENGER,PERSONAL,E,PARKED,,,2,,,,,,,,,Y,Y,Y,N,Y,Y,,,,SIDE-LEFT,,,,,,,,,,,,,,,,,,,,,,,,,,,,,,,,,
2119984,14680c3f8420ac601fba58e203d60c1ff35285cfbc11e11a415c2530a149ddd1508c8e36f43101ffce6e6737d93a7dfa5a357bbb64261d0449d5e74769767bff,08/02/2025 09:45:00 AM,1,DRIVER,,2020987,,HONDA,HR-V,IL,2016,UNKNOWN,SPORT UTILITY VEHICLE (SUV),PERSONAL,N,STRAIGHT AHEAD,,,1,,,,,Y,,,,,,,,,,,Y,,FRONT-RIGHT-CORNER,,,,,,,,,,,,,,,,,,,,,,,,,,,,,,,,,
2119985,14680c3f8420ac601fba58e203d60c1ff35285cfbc11e11a415c2530a149ddd1508c8e36f43101ffce6e6737d93a7dfa5a357bbb64261d0449d5e74769767bff,08/02/2025 09:45:00 AM,2,DRIVER,,2020991,,UNKNOWN,OTHER (EXPLAIN IN NARRATIVE),IL,,UNKNOWN,UNKNOWN/NA,UNKNOWN/NA,E,STRAIGHT AHEAD,,,1,,,,,,,,,Y,Y,,,,,,,,SIDE-RIGHT-REAR,,,,,,,,,,,,,,,,,,,,,,,,,,,,,,,,,
2119924,55adc231fe94757412e8de9a95c78029ac590f0665ab3fc52bd061b12cef78796d6a25f435381d5438fb87ca974fe792403723f429f66e38c590a73bf5ac0e13,08/02/2025 09:45:00 AM,1,DRIVER,,2020928,,TOYOTA,CAMRY,IL,,UNKNOWN,PASSENGER,PERSONAL,E,STRAIGHT AHEAD,,,1,,,,,,,,Y,Y,,,,,,,,,SIDE-RIGHT,,,,,,,,,,,,,,,,,,,,,,,,,,,,,,,,,
2119925,55adc231fe94757412e8de9a95c78029ac590f0665ab3fc52bd061b12cef78796d6a25f435381d5438fb87ca974fe792403723f429f66e38c590a73bf5ac0e13,08/02/2025 09:45:00 AM,2,DRIVER,,2020931,,TOYOTA,COROLLA,IL,,NONE,PASSENGER,PERSONAL,E,OTHER,,,1,,,,,,,,,,,,,,,Y,,,FRONT-LEFT-CORNER,,,,,,,,,,,,,,,,,,,,,,,,,,,,,,,,,
2119930,a1bb9ebbac1bf3de540b4039b8e402be785fc676c1b46bf0136f14e2ea252e7c2da4fbc4b0040023481bc7484a84f78713aebd5d2d233362a11843cb36afd305,08/02/2025 09:45:00 AM,1,DRIVER,,2020930,,HONDA,ACCORD,,,UNKNOWN,PASSENGER,UNKNOWN/NA,N,STRAIGHT AHEAD,,,1,,,,,,,,,,,,,,,,Y,,FRONT,,,,,,,,,,,,,,,,,,,,,,,,,,,,,,,,,
2119931,a1bb9ebbac1bf3de540b4039b8e402be785fc676c1b46bf0136f14e2ea252e7c2da4fbc4b0040023481bc7484a84f78713aebd5d2d233362a11843cb36afd305,08/02/2025 09:45:00 AM,2,DRIVER,,2020935,,CADILLAC,CT6,IL,2005,UNKNOWN,PICKUP,PERSONAL,N,SLOW/STOP IN TRAFFIC,,,1,,,,,,,,,Y,,,,,,,,,REAR,,,,,,,,,,,,,,,,,,,,,,,,,,,,,,,,,
2119948,d5c9c01cec4d3186ec37b0c0688a1e5dc73f09c1c4776f36ef52d530ae05d7cbf1b169af31b9d42c706f35e7b74032774edec28180350dbca6f6e890e3f206f4,08/02/2025 09:45:00 AM,1,DRIVER,,2020949,,CHEVROLET,BLAZER,IL,2020,UNKNOWN,UNKNOWN/NA,UNKNOWN/NA,UNKNOWN,UNKNOWN/NA,,,1,,,,,,,,,,,,,,,,,Y,UNKNOWN,,,,,,,,,,,,,,,,,,,,,,,,,,,,,,,,,
2119949,d5c9c01cec4d3186ec37b0c0688a1e5dc73f09c1c4776f36ef52d530ae05d7cbf1b169af31b9d42c706f35e7b74032774edec28180350dbca6f6e890e3f206f4,08/02/2025 09:45:00 AM,2,DRIVER,,2020967,,TOYOTA,COROLLA,TX,2014,UNKNOWN,UNKNOWN/NA,UNKNOWN/NA,UNKNOWN,UNKNOWN/NA,,,1,,,,,,,,,,,,,,,,,Y,UNKNOWN,,,,,,,,,,,,,,,,,,,,,,,,,,,,,,,,,
2120584,ddfe9aed3a266bd5d36a3a47ce030e063e9d69cd6d5d7d32bb1f3fbb7e0d5a46e1ee67daa84af80d4f77027877af808ea2e57a9431f6de28828a0eeebb5c0c78,08/02/2025 09:20:00 AM,1,DRIVER,,2021545,,BUICK,ENCLAVE,IL,2011,UNKNOWN,PASSENGER,PERSONAL,S,STRAIGHT AHEAD,,,1,,,,,,,,,,,,,,,,Y,,FRONT,,,,,,,,,,,,,,,,,,,,,,,,,,,,,,,,,
2120585,ddfe9aed3a266bd5d36a3a47ce030e063e9d69cd6d5d7d32bb1f3fbb7e0d5a46e1ee67daa84af80d4f77027877af808ea2e57a9431f6de28828a0eeebb5c0c78,08/02/2025 09:20:00 AM,2,DRIVER,,2021548,,TOYOTA,PRIUS,IL,2013,NONE,PASSENGER,PERSONAL,S,STRAIGHT AHEAD,,,1,,,,,,,,,,,,,,,,Y,,REAR,,,,,,,,,,,,,,,,,,,,,,,,,,,,,,,,,
2119926,c315c1c2a84fff57d4f4b29de5cecefb7284b1780dd898fa217085e98e8bc7fd5ac3b79bfb3bafc4efca36c35ae36eb0c8782aadd203bedcb8b1105e97481952,08/02/2025 09:07:00 AM,1,DRIVER,,2020938,,GENERAL MOTORS CORPORATION (GMC),TERRAIN,,2018,UNKNOWN,SPORT UTILITY VEHICLE (SUV),PERSONAL,E,ENTERING TRAFFIC LANE FROM PARKING,,,1,,,,,,,,,,,,,,,,,,FRONT-LEFT-CORNER,,,,,,,,,,,,,,,,,,,,,,,,,,,,,,,,,
2119927,c315c1c2a84fff57d4f4b29de5cecefb7284b1780dd898fa217085e98e8bc7fd5ac3b79bfb3bafc4efca36c35ae36eb0c8782aadd203bedcb8b1105e97481952,08/02/2025 09:07:00 AM,2,DRIVER,,2020942,,TOYOTA,CAMRY,,2023,NONE,PASSENGER,PERSONAL,E,STRAIGHT AHEAD,,,1,,,,,,,,,,,,,,,,,,SIDE-RIGHT-REAR,,,,,,,,,,,,,,,,,,,,,,,,,,,,,,,,,
2119918,e34a46ce528d4c90cfef00ab1553c1996a5bde370ef6633b60942460987209e1b6b86238e3c383a4da53ea32a4fe989b52b2f2e065dde08edc91bbefe8e0530e,08/02/2025 09:05:00 AM,1,DRIVER,,2020921,,FORD,F250,IL,2017,UNKNOWN,PICKUP,PERSONAL,E,STRAIGHT AHEAD,,,1,,,,,Y,,,,,,,,,,Y,Y,,FRONT-RIGHT-CORNER,,,,,,,,,,,,,,,,,,,,,,,,,,,,,,,,,
2119919,e34a46ce528d4c90cfef00ab1553c1996a5bde370ef6633b60942460987209e1b6b86238e3c383a4da53ea32a4fe989b52b2f2e065dde08edc91bbefe8e0530e,08/02/2025 09:05:00 AM,2,DRIVER,,2020926,,FORD,EXPEDITION,IL,2011,UNKNOWN,PASSENGER,PERSONAL,NW,STRAIGHT AHEAD,,,1,,,,,Y,,,,,,,,,,Y,Y,,FRONT-RIGHT-CORNER,,,,,,,,,,,,,,,,,,,,,,,,,,,,,,,,,
2119990,aeb51b960cf8ad009bb318f4c1efd3e61b21c37f2a8fe021899d91c96f0a8713a110344e5e0daf51d48822dff18f0e91d0958b708c5ef60e5522fdab65de5428,08/02/2025 09:02:00 AM,1,DRIVER,1,2020990,,NISSAN,VERSA,IL,2021,NONE,PASSENGER,PERSONAL,W,ENTERING TRAFFIC LANE FROM PARKING,Y,,2,,cpd,auto pound #1,,,,,,,,,,,,,,,FRONT,,,,,,,,,,,,,,,,,,,,,,,,,,,,,,,,,
2119991,aeb51b960cf8ad009bb318f4c1efd3e61b21c37f2a8fe021899d91c96f0a8713a110344e5e0daf51d48822dff18f0e91d0958b708c5ef60e5522fdab65de5428,08/02/2025 09:02:00 AM,2,PARKED,,2020996,,FORD,ESCAPE,IL,2013,NONE,PASSENGER,NOT IN USE,W,PARKED,,,0,,,,,,,,Y,Y,Y,,,,,,,,UNKNOWN,,,,,,,,,,,,,,,,,,,,,,,,,,,,,,,,,
2120010,2a1fd76406c5151ef1a9aabc22243babffc052b4dc2d3299d56ff1c8a54d308f9a2196a8176bf229dc733d9acf07e66d0118900a26565f9c5ff10e8be2bfc501,08/02/2025 09:00:00 AM,1,DRIVER,,2021005,,CHEVROLET,CRUZE,IL,2014,NONE,PASSENGER,PERSONAL,E,TURNING LEFT,,,1,,,,,Y,,,,,,,,,,Y,Y,,FRONT-LEFT-CORNER,,,,,,,,,,,,,,,,,,,,,,,,,,,,,,,,,
2120011,2a1fd76406c5151ef1a9aabc22243babffc052b4dc2d3299d56ff1c8a54d308f9a2196a8176bf229dc733d9acf07e66d0118900a26565f9c5ff10e8be2bfc501,08/02/2025 09:00:00 AM,2,DRIVER,,2021012,,HUSQVARNA,HUSQVARNA,IL,2024,NONE,MOTORCYCLE (OVER 150CC),PERSONAL,N,STRAIGHT AHEAD,,,1,,,,,Y,,,,,,,,,Y,Y,Y,,FRONT,,,,,,,,,,,,,,,,,,,,,,,,,,,,,,,,,
2120818,3f546fb0d2bc0faf3e57d340a4a732e7395514b3e4e3f773baab45aeda7b88af61984e8f2a71805c4effe6aa0a5ff060b1ceb5500b1d5dd293aa823da50b4c6f,08/02/2025 09:00:00 AM,1,DRIVER,,2021770,,VOLKSWAGEN,PASSAT,IL,2014,NONE,PASSENGER,PERSONAL,W,BACKING,,,1,,,,,,,,,Y,Y,Y,,,,,,,REAR,,,,,,,,,,,,,,,,,,,,,,,,,,,,,,,,,
2120819,3f546fb0d2bc0faf3e57d340a4a732e7395514b3e4e3f773baab45aeda7b88af61984e8f2a71805c4effe6aa0a5ff060b1ceb5500b1d5dd293aa823da50b4c6f,08/02/2025 09:00:00 AM,2,DRIVER,,2021774,,CHEVROLET,EQUINOX,IL,2016,NONE,PICKUP,PERSONAL,N,STRAIGHT AHEAD,,,1,,,,,Y,Y,,,,,,,,,,,,FRONT-RIGHT-CORNER,,,,,,,,,,,,,,,,,,,,,,,,,,,,,,,,,
2119928,d53ea79ba24f473abac23e5270639d6a7080f80cba6f0cc7ed334339721b8ce4af51896533b7bcd3ab2f0c3a2fdbca781cdf1dd4f407f8f9621de046a724d3df,08/02/2025 09:00:00 AM,1,DRIVER,,2020929,,UNKNOWN,OTHER (EXPLAIN IN NARRATIVE),,,UNKNOWN,PASSENGER,UNKNOWN/NA,N,MERGING,,,1,,,,,,,,,,,,,,,Y,,,FRONT-LEFT-CORNER,,,,,,,,,,,,,,,,,,,,,,,,,,,,,,,,,
2119929,d53ea79ba24f473abac23e5270639d6a7080f80cba6f0cc7ed334339721b8ce4af51896533b7bcd3ab2f0c3a2fdbca781cdf1dd4f407f8f9621de046a724d3df,08/02/2025 09:00:00 AM,2,DRIVER,1,2020932,,TOYOTA,RAV4,IL,2021,NONE,SPORT UTILITY VEHICLE (SUV),TAXI/FOR HIRE,N,STRAIGHT AHEAD,,,2,,,,,,,,,Y,,,,,,,,,REAR-RIGHT-CORNER,,,,,,,,,,,,,,,,,,,,,,,,,,,,,,,,,
2120030,df7af2701aa02da9e9233a2194160cccb379d43ea9ad26340ba0e24efcf4a81c62ee11b7b41476a97a82e17578fc15de5abf397565a612d60acfa8c5ac29139b,08/02/2025 09:00:00 AM,1,DRIVER,,2021024,,CADILLAC,OTHER (EXPLAIN IN NARRATIVE),IL,2016,UNKNOWN,PASSENGER,PERSONAL,W,STRAIGHT AHEAD,,,1,,,,,Y,,,,,,,,,,,,,FRONT-LEFT-CORNER,,,,,,,,,,,,,,,,,,,,,,,,,,,,,,,,,