CRASH_UNIT_ID,CRASH_RECORD_ID,CRASH_DATE,UNIT_NO,UNIT_TYPE,NUM_PASSENGERS,VEHICLE_ID,CMRC_VEH_I,MAKE,MODEL,LIC_PLATE_STATE,VEHICLE_YEAR,VEHICLE_DEFECT,VEHICLE_TYPE,VEHICLE_USE,TRAVEL_DIRECTION,MANEUVER,TOWED_I,FIRE_I,OCCUPANT_CNT,EXCEED_SPEED_LIMIT_I,TOWED_BY,TOWED_TO,AREA_00_I,AREA_01_I,AREA_02_I,AREA_03_I,AREA_04_I,AREA_05_I,AREA_06_I,AREA_07_I,AREA_08_I,AREA_09_I,AREA_10_I,AREA_11_I,AREA_12_I,AREA_99_I,FIRST_CONTACT_POINT,CMV_ID,USDOT_NO,CCMC_NO,ILCC_NO,COMMERCIAL_SRC,GVWR,CARRIER_NAME,CARRIER_STATE,CARRIER_CITY,HAZMAT_PLACARDS_I,HAZMAT_NAME,UN_NO,HAZMAT_PRESENT_I,HAZMAT_REPORT_I,HAZMAT_REPORT_NO,MCS_REPORT_I,MCS_REPORT_NO,HAZMAT_VIO_CAUSE_CRASH_I,MCS_VIO_CAUSE_CRASH_I,IDOT_PERMIT_NO,WIDE_LOAD_I,TRAILER1_WIDTH,TRAILER2_WIDTH,TRAILER1_LENGTH,TRAILER2_LENGTH,TOTAL_VEHICLE_LENGTH,AXLE_CNT,VEHICLE_CONFIG,CARGO_BODY_TYPE,LOAD_TYPE,HAZMAT_OUT_OF_SERVICE_I,MCS_OUT_OF_SERVICE_I,HAZMAT_CLASS
2120031,df7af2701aa02da9e9233a2194160cccb379d43ea9ad26340ba0e24efcf4a81c62ee11b7b41476a97a82e17578fc15de5abf397565a612d60acfa8c5ac29139b,08/02/2025 09:00:00 AM,2,DRIVER,,2021031,,CADILLAC,ELDORADO,IL,2013,NONE,PASSENGER,PERSONAL,E,STRAIGHT AHEAD,Y,,1,,owner,UNK,,,,,,,,,,,,Y,,,FRONT-LEFT-CORNER,,,,,,,,,,,,,,,,,,,,,,,,,,,,,,,,,
2119901,65db43f74617e98d257349f344e0a825dc0997511dd3c552a2da6492277bde541926fd6597fa801b7bda0088e3d77bf0b7875eec1d26db1039f5fadcf01d7e89,08/02/2025 08:48:00 AM,1,DRIVER,,2020902,,CHRYSLER,OTHER (EXPLAIN IN NARRATIVE),IL,,UNKNOWN,PASSENGER,UNKNOWN/NA,S,STRAIGHT AHEAD,,,1,,,,,,,,,,,,,,,,Y,,FRONT,,,,,,,,,,,,,,,,,,,,,,,,,,,,,,,,,
2119902,65db43f74617e98d257349f344e0a825dc0997511dd3c552a2da6492277bde541926fd6597fa801b7bda0088e3d77bf0b7875eec1d26db1039f5fadcf01d7e89,08/02/2025 08:48:00 AM,2,DRIVER,1,2020908,,KIA,SPORTAGE,IL,,NONE,PASSENGER,PERSONAL,S,STRAIGHT AHEAD,,,2,,,,,,,,,,Y,,,,,,,,REAR,,,,,,,,,,,,,,,,,,,,,,,,,,,,,,,,,
2119889,e6f192b480aa0978db8a24ef82f9d69b2878dd7b3a657c22346e62380dc6420748d2a3085f41b93b2c953edc04faa373d215cd4a84eb22b0b384f5e0c1c5f693,08/02/2025 08:40:00 AM,1,DRIVER,,2020897,,SUZUKI,OTHER (EXPLAIN IN NARRATIVE),IL,2002,UNKNOWN,PASSENGER,PERSONAL,W,STRAIGHT AHEAD,,,1,,,,,Y,,,,,,,,,,,,,FRONT-RIGHT-CORNER,,,,,,,,,,,,,,,,,,,,,,,,,,,,,,,,,
2119890,e6f192b480aa0978db8a24ef82f9d69b2878dd7b3a657c22346e62380dc6420748d2a3085f41b93b2c953edc04faa373d215cd4a84eb22b0b384f5e0c1c5f693,08/02/2025 08:40:00 AM,2,DRIVER,,2020898,,TOYOTA,HIGHLANDER,IL,2025,UNKNOWN,PASSENGER,PERSONAL,W,STRAIGHT AHEAD,,,1,,,,,,,,,,,Y,Y,,,,,,REAR-LEFT-CORNER,,,,,,,,,,,,,,,,,,,,,,,,,,,,,,,,,
2122186,073db07f07881679ad614780ac87d23278b989d86696ffec4daa643633584d86352089f7504364c506d6f523045ba53c3551b5aad84e5a66a0a26a6b6c029fca,08/02/2025 08:30:00 AM,1,DRIVER,,2023094,,DODGE,GRAND CARAVAN,,2019,UNKNOWN,PASSENGER,UNKNOWN/NA,S,TURNING RIGHT,,,1,,,,,,,,Y,Y,Y,,,,,,,,SIDE-RIGHT-REAR,,,,,,,,,,,,,,,,,,,,,,,,,,,,,,,,,
2122187,073db07f07881679ad614780ac87d23278b989d86696ffec4daa643633584d86352089f7504364c506d6f523045ba53c3551b5aad84e5a66a0a26a6b6c029fca,08/02/2025 08:30:00 AM,2,PARKED,,2023107,,INFINITI,OTHER (EXPLAIN IN NARRATIVE),IL,2013,NONE,PASSENGER,PERSONAL,UNKNOWN,PARKED,,,0,,,,,,,,,,,,,,Y,Y,Y,Y,FRONT-LEFT-CORNER,,,,,,,,,,,,,,,,,,,,,,,,,,,,,,,,,
2119887,51d27dde3f70f8b137963dd9b0df3cc3da3e6c1af48e493eda41fd4dfd5426dfe0a8c11970c46dea9d08ec1ec93e430314189b18faa1f9729e4eb18f5650d24f,08/02/2025 08:30:00 AM,1,DRIVER,,2020894,,HONDA,CR-V,IL,2023,NONE,PASSENGER,PERSONAL,UNKNOWN,STRAIGHT AHEAD,,,1,,,,,,,,,,,,,,Y,Y,,,FRONT-LEFT-CORNER,,,,,,,,,,,,,,,,,,,,,,,,,,,,,,,,,
2119888,51d27dde3f70f8b137963dd9b0df3cc3da3e6c1af48e493eda41fd4dfd5426dfe0a8c11970c46dea9d08ec1ec93e430314189b18faa1f9729e4eb18f5650d24f,08/02/2025 08:30:00 AM,2,PARKED,1,2020896,,TOYOTA,PRIUS,IL,2014,UNKNOWN,PASSENGER,NOT IN USE,UNKNOWN,PARKED,,,1,,,,,,,,,,,,,,,,,,SIDE-LEFT,,,,,,,,,,,,,,,,,,,,,,,,,,,,,,,,,
2119885,e09f1b0de10bdc946c7661ca94bd405a8f798234ef5eeb1d593e729442cdf5b3526d435ee5626b1c9e181d430abfefed9237092acfd4dcaa8db2153e8cb2ba78,08/02/2025 08:30:00 AM,1,DRIVER,2,2020892,,GENERAL MOTORS CORPORATION (GMC),YUKON,IL,2006,UNKNOWN,SPORT UTILITY VEHICLE (SUV),UNKNOWN/NA,W,STRAIGHT AHEAD,,,3,,,,,,,,,,,,,,,,,Y,UNKNOWN,,,,,,,,,,,,,,,,,,,,,,,,,,,,,,,,,
2119886,e09f1b0de10bdc946c7661ca94bd405a8f798234ef5eeb1d593e729442cdf5b3526d435ee5626b1c9e181d430abfefed9237092acfd4dcaa8db2153e8cb2ba78,08/02/2025 08:30:00 AM,2,DRIVER,,2020891,,DODGE,DURANGO,IL,2022,UNKNOWN,SPORT UTILITY VEHICLE (SUV),PERSONAL,W,STRAIGHT AHEAD,,,1,,,,,,,,,Y,Y,Y,,,,,,,REAR,,,,,,,,,,,,,,,,,,,,,,,,,,,,,,,,,
2119897,5b587ed00d016f0885a747a5031883919577c4bdd4582076e5123eb5c049b1c7e0a6f3214a836f297144b6dda2e8f1024e53d46c5d6dce0f1c967a1fa5c8e1cc,08/02/2025 08:26:00 AM,1,DRIVER,,2020906,,UNKNOWN,OTHER (EXPLAIN IN NARRATIVE),IL,,UNKNOWN,UNKNOWN/NA,UNKNOWN/NA,UNKNOWN,UNKNOWN/NA,,,1,,,,,,,,,,,,,,,,,Y,UNKNOWN,,,,,,,,,,,,,,,,,,,,,,,,,,,,,,,,,
2119898,5b587ed00d016f0885a747a5031883919577c4bdd4582076e5123eb5c049b1c7e0a6f3214a836f297144b6dda2e8f1024e53d46c5d6dce0f1c967a1fa5c8e1cc,08/02/2025 08:26:00 AM,2,BICYCLE,,,,,,,,,,,,,,,,,,,,,,,,,,,,,,,,,,,,,,,,,,,,,,,,,,,,,,,,,,,,,,,,,,
2120098,48c85d622d2673444f100ba27c66dd91f84bffd076750f5bd5b834ac3d1da33ea5cb5d6195fed28a41bc61fecdc6dcde42071b2c58770ef89d8d444144a6aa40,08/02/2025 08:15:00 AM,1,DRIVER,,2021089,,UNKNOWN,OTHER (EXPLAIN IN NARRATIVE),IL,,UNKNOWN,UNKNOWN/NA,UNKNOWN/NA,UNKNOWN,UNKNOWN/NA,,,1,,,,,,,,,,,,,,,,,Y,UNKNOWN,,,,,,,,,,,,,,,,,,,,,,,,,,,,,,,,,
2120099,48c85d622d2673444f100ba27c66dd91f84bffd076750f5bd5b834ac3d1da33ea5cb5d6195fed28a41bc61fecdc6dcde42071b2c58770ef89d8d444144a6aa40,08/02/2025 08:15:00 AM,2,PARKED,,2021088,,CHEVROLET,MALIBU,IL,2010,NONE,PASSENGER,PERSONAL,N,PARKED,,,0,,,,,,,,,,,Y,Y,Y,Y,,,,SIDE-LEFT,,,,,,,,,,,,,,,,,,,,,,,,,,,,,,,,,
2119903,eda0c137d19cc1fbbc6ed934c49e3db3b98ac190567f005ba7ac5c7b65d50bcd564d8030f9f2e002fcd5958b1525f9a5a2dbf0108ec802226aa5d7006a9843f6,08/02/2025 08:08:00 AM,1,DRIVER,,2020904,,CHEVROLET,SILVERADO,IL,2007,NONE,PASSENGER,PERSONAL,S,STRAIGHT AHEAD,N,,1,,,,,,,Y,Y,Y,,,,,,,,,SIDE-RIGHT,,,,,,,,,,,,,,,,,,,,,,,,,,,,,,,,,
2119904,eda0c137d19cc1fbbc6ed934c49e3db3b98ac190567f005ba7ac5c7b65d50bcd564d8030f9f2e002fcd5958b1525f9a5a2dbf0108ec802226aa5d7006a9843f6,08/02/2025 08:08:00 AM,2,PARKED,,2020911,,HONDA,CIVIC,IL,2025,NONE,PASSENGER,PERSONAL,W,PARKED,,,0,,,,,,,,,,,,,,,Y,,,FRONT-LEFT-CORNER,,,,,,,,,,,,,,,,,,,,,,,,,,,,,,,,,
2119892,b4f1e6a45241627d43dde101d0dc36df2d02e390f4ff6146a187b7907a3adc1eeecc9efd0d5e26fd0feaa2fe362dfeddfea2c13595c77b4725eec89c24b9940b,08/02/2025 07:49:00 AM,2,DRIVER,4,2020907,,HONDA,ODYSSEY,IL,2002,NONE,VAN/MINI-VAN,PERSONAL,N,STRAIGHT AHEAD,Y,,5,,owner's choice,owner's choice,,,,,,,Y,Y,,,,Y,Y,,FRONT-LEFT-CORNER,,,,,,,,,,,,,,,,,,,,,,,,,,,,,,,,,
2119922,b4f1e6a45241627d43dde101d0dc36df2d02e390f4ff6146a187b7907a3adc1eeecc9efd0d5e26fd0feaa2fe362dfeddfea2c13595c77b4725eec89c24b9940b,08/02/2025 07:49:00 AM,1,DRIVER,2,2020922,,NISSAN,PATHFINDER,IL,,UNKNOWN,SPORT UTILITY VEHICLE (SUV),UNKNOWN/NA,S,TURNING LEFT,,,3,,,,,,,,Y,Y,,,,,,Y,Y,,FRONT-LEFT-CORNER,,,,,,,,,,,,,,,,,,,,,,,,,,,,,,,,,
2119877,b302f60c5126e97bc4bda61393f1d4994c57e4d8698078b46abce52d24eb32bf21f57e2c8be7b272868b50c74cc07a7e704182c014ea0282610b531846275d73,08/02/2025 07:06:00 AM,1,DRIVER,,2020884,,CHEVROLET,SILVERADO,IL,2018,UNKNOWN,PICKUP,PERSONAL,W,PASSING/OVERTAKING,,,1,,,,Y,N,,,,,,,,,,N,N,,FRONT,,,,,,,,,,,,,,,,,,,,,,,,,,,,,,,,,
2119878,b302f60c5126e97bc4bda61393f1d4994c57e4d8698078b46abce52d24eb32bf21f57e2c8be7b272868b50c74cc07a7e704182c014ea0282610b531846275d73,08/02/2025 07:06:00 AM,2,DRIVER,,2020893,,CHEVROLET,MALIBU,IL,2018,NONE,PASSENGER,PERSONAL,E,STRAIGHT AHEAD,Y,,1,,UNK,UNK,,Y,,,,,,,,,,Y,Y,,FRONT,,,,,,,,,,,,,,,,,,,,,,,,,,,,,,,,,
2119867,b12f18e11e51450bef466baf5931732bf622d777b41369795025720632f75d0f3d5c477f0ab33ac3d0b1fdca999f26d21c54dcd5a6ef4f5ba421fd964161aaae,08/02/2025 07:05:00 AM,1,DRIVER,,2020874,,CHEVROLET,TRAX,IL,2018,NONE,SPORT UTILITY VEHICLE (SUV),PERSONAL,E,LEAVING TRAFFIC LANE TO PARK,Y,,1,,PRIVATE TOW,UNKNOWN,,,,,,,,,,,N,Y,Y,,FRONT-LEFT-CORNER,,,,,,,,,,,,,,,,,,,,,,,,,,,,,,,,,
2119868,b12f18e11e51450bef466baf5931732bf622d777b41369795025720632f75d0f3d5c477f0ab33ac3d0b1fdca999f26d21c54dcd5a6ef4f5ba421fd964161aaae,08/02/2025 07:05:00 AM,2,DRIVER,,2020875,Y,FREIGHTLINER CORPORATION,FREIGHTLINER CORP.,WI,2014,NONE,SINGLE UNIT TRUCK WITH TRAILER,COMMERCIAL - MULTI-UNIT,E,STRAIGHT AHEAD,,,1,,,,Y,,,,,,,,,,,,,,FRONT-RIGHT-CORNER,"21,925",894619,,,SIDE OF TRUCK,3,INTREN,IL,UNION,,,,,,,,,,,894619,,,,,,,,TRUCK/TRAILER,FLATBED,CONSTRUCTION EQUIPMENT,,,
2119899,98282dbf72678e071a8d94d3f9ad6f1ece38d8d16ee310355d66cca7514610e49a69c160f45efb0eafa012898a9e83019580b0e5084a7fbe0b958269e4b069ab,08/02/2025 07:00:00 AM,1,DRIVER,,2020919,,CHEVROLET,MALIBU,IL,2018,UNKNOWN,PASSENGER,PERSONAL,E,DRIVING WRONG WAY,,,1,,,,,,,,,,,,,,,Y,Y,,FRONT-LEFT-CORNER,,,,,,,,,,,,,,,,,,,,,,,,,,,,,,,,,
2119900,98282dbf72678e071a8d94d3f9ad6f1ece38d8d16ee310355d66cca7514610e49a69c160f45efb0eafa012898a9e83019580b0e5084a7fbe0b958269e4b069ab,08/02/2025 07:00:00 AM,2,DRIVER,,2020903,,CHEVROLET,SILVERADO,IL,2018,NONE,PICKUP,PERSONAL,W,STRAIGHT AHEAD,,,1,,,,,,,,,,,,,,,Y,Y,,FRONT-LEFT-CORNER,,,,,,,,,,,,,,,,,,,,,,,,,,,,,,,,,
2119869,5c32d33c95cca8fa4e01b05613ade9c1583d224d18c99fff6c46732b9368ac1f85a8acb9c77ff050cff2c8b34bbc4eb945ab8d9448c1d8c32114d7de486d05e7,08/02/2025 06:59:00 AM,1,DRIVER,,2020877,,BMW,OTHER (EXPLAIN IN NARRATIVE),FL,2014,UNKNOWN,MOTORCYCLE (OVER 150CC),PERSONAL,N,STRAIGHT AHEAD,Y,,1,,PRIVATE,UNKNOWN,,,,,,,Y,,,,,,Y,,FRONT,,,,,,,,,,,,,,,,,,,,,,,,,,,,,,,,,
2119909,cb3c5f17e5fe33b67ec1b7897efd43a3dda217f8c6ff4c4e7527d480f2a76473bb883601f6e4da1cab3752e84d21ca2f1642d3597be087957eb9e3548bb09ca8,08/02/2025 06:20:00 AM,1,DRIVER,,2020916,,UNKNOWN,OTHER (EXPLAIN IN NARRATIVE),,,UNKNOWN,UNKNOWN/NA,UNKNOWN/NA,UNKNOWN,UNKNOWN/NA,,,1,,,,,,,,,,,,,,,,,Y,UNKNOWN,,,,,,,,,,,,,,,,,,,,,,,,,,,,,,,,,
2119910,cb3c5f17e5fe33b67ec1b7897efd43a3dda217f8c6ff4c4e7527d480f2a76473bb883601f6e4da1cab3752e84d21ca2f1642d3597be087957eb9e3548bb09ca8,08/02/2025 06:20:00 AM,2,PARKED,,2020920,,TOYOTA,OTHER (EXPLAIN IN NARRATIVE),IL,2006,NONE,PASSENGER,NOT IN USE,S,PARKED,Y,,0,,owner,unknown location,,,,,,,,Y,Y,Y,,,,,SIDE-LEFT,,,,,,,,,,,,,,,,,,,,,,,,,,,,,,,,,
2119865,896f94c2d5fb93173f4b0e4676b64cee89cc39878b48e17fc3aed7bd8a1d88ad52456575c79de0e56cfd970c989999116966a7ba6445e711f90a5f09e1a82664,08/02/2025 06:10:00 AM,1,DRIVER,,2020870,,TOYOTA,COROLLA,IL,2017,UNKNOWN,PASSENGER,UNKNOWN/NA,S,TURNING RIGHT,,,1,,,,,Y,Y,,,,,,,,,,,,FRONT-LEFT-CORNER,,,,,,,,,,,,,,,,,,,,,,,,,,,,,,,,,
2119866,896f94c2d5fb93173f4b0e4676b64cee89cc39878b48e17fc3aed7bd8a1d88ad52456575c79de0e56cfd970c989999116966a7ba6445e711f90a5f09e1a82664,08/02/2025 06:10:00 AM,2,DRIVER,,2020872,,TOYOTA,COROLLA,IL,2024,UNKNOWN,PASSENGER,UNKNOWN/NA,S,STRAIGHT AHEAD,,,1,,,,,,,,,,,,,,Y,Y,,,FRONT-LEFT-CORNER,,,,,,,,,,,,,,,,,,,,,,,,,,,,,,,,,
2119863,2fac34f7ce5d418979e40b25c4154c7987c5cdacbca09c4dc65c5b82f8f3694ea8cbd5bbd048ddb5538f1f354ecdcaeb37dd351f5c111ccc8d4c430ee8c4e6ed,08/02/2025 06:00:00 AM,1,DRIVER,,2020873,,CHEVROLET,S10,IL,2002,NONE,PICKUP,PERSONAL,S,STRAIGHT AHEAD,,,1,,,,,,,,,,,,,,,,Y,,FRONT,,,,,,,,,,,,,,,,,,,,,,,,,,,,,,,,,
2119864,2fac34f7ce5d418979e40b25c4154c7987c5cdacbca09c4dc65c5b82f8f3694ea8cbd5bbd048ddb5538f1f354ecdcaeb37dd351f5c111ccc8d4c430ee8c4e6ed,08/02/2025 06:00:00 AM,2,DRIVER,,2020871,,FORD,FUSION,IL,2010,NONE,PASSENGER,PERSONAL,S,STRAIGHT AHEAD,,,1,,,,,,,,,,Y,,,,,,,,REAR,,,,,,,,,,,,,,,,,,,,,,,,,,,,,,,,,
2119875,f45eb4b9ec9faafb2542a71110402ffe8d50707a5146040e7c169e148551cebcdf0a025a333cf4688cf13ec035236becd07f1c273f7bfff92ec307d316dd6d91,08/02/2025 05:49:00 AM,1,DRIVER,,2020881,,LEXUS,ES,IL,2002,UNKNOWN,PASSENGER,PERSONAL,S,STRAIGHT AHEAD,,,1,,,,,,,,,,,N,N,Y,Y,Y,,,FRONT-LEFT-CORNER,,,,,,,,,,,,,,,,,,,,,,,,,,,,,,,,,
2119876,f45eb4b9ec9faafb2542a71110402ffe8d50707a5146040e7c169e148551cebcdf0a025a333cf4688cf13ec035236becd07f1c273f7bfff92ec307d316dd6d91,08/02/2025 05:49:00 AM,2,DRIVER,2,2020883,,FORD,F150,IL,2024,UNKNOWN,TRUCK - SINGLE UNIT,UNKNOWN/NA,N,STRAIGHT AHEAD,,,3,,,,,,,,,,,,,Y,Y,Y,,,FRONT-LEFT-CORNER,,,,,,,,,,,,,,,,,,,,,,,,,,,,,,,,,
2119941,b4f529fdc5226aafe92f46afacca72ff893ef4fa6617ba14cd9c81433958c2578d4557370bbaf456c7e9a7fc9a06cae0c29f50a92a79e1c8d6fa9a26fa3687ac,08/02/2025 05:42:00 AM,1,DRIVER,,2020944,,UNKNOWN,MOTORIZED,,,UNKNOWN,UNKNOWN/NA,UNKNOWN/NA,W,PASSING/OVERTAKING,,,1,,,,,,,,,,,,,,,,,Y,UNKNOWN,,,,,,,,,,,,,,,,,,,,,,,,,,,,,,,,,
2119942,b4f529fdc5226aafe92f46afacca72ff893ef4fa6617ba14cd9c81433958c2578d4557370bbaf456c7e9a7fc9a06cae0c29f50a92a79e1c8d6fa9a26fa3687ac,08/02/2025 05:42:00 AM,2,DRIVER,,2020947,,NISSAN,ALTIMA,IL,2010,UNKNOWN,PASSENGER,PERSONAL,W,STRAIGHT AHEAD,Y,,1,,PRIVATE TOW,UNK,,Y,Y,Y,Y,Y,,,,,Y,,,,REAR-RIGHT-CORNER,,,,,,,,,,,,,,,,,,,,,,,,,,,,,,,,,
2119943,b4f529fdc5226aafe92f46afacca72ff893ef4fa6617ba14cd9c81433958c2578d4557370bbaf456c7e9a7fc9a06cae0c29f50a92a79e1c8d6fa9a26fa3687ac,08/02/2025 05:42:00 AM,3,DRIVER,,2020954,,UNKNOWN,MOTORIZED,,,UNKNOWN,UNKNOWN/NA,UNKNOWN/NA,W,PASSING/OVERTAKING,,,1,,,,,,,,,,,,,,,,,Y,UNKNOWN,,,,,,,,,,,,,,,,,,,,,,,,,,,,,,,,,
2121243,f5617e6e02f492cb82ca84d77e4c25ace4e232e47193a24a169f089fdb212dffb75da712d0a7a6808dc42517b81e0fffc7473e1942f142fdaa457636bd51810d,08/02/2025 05:30:00 AM,1,DRIVER,,2022192,,UNKNOWN,MOTORIZED,,,UNKNOWN,PASSENGER,UNKNOWN/NA,N,STRAIGHT AHEAD,,,1,,,,,,,,,,,,,,,,,Y,FRONT-LEFT-CORNER,,,,,,,,,,,,,,,,,,,,,,,,,,,,,,,,,
2121244,f5617e6e02f492cb82ca84d77e4c25ace4e232e47193a24a169f089fdb212dffb75da712d0a7a6808dc42517b81e0fffc7473e1942f142fdaa457636bd51810d,08/02/2025 05:30:00 AM,2,DRIVER,,2022202,,UNKNOWN,MOTORIZED,IL,,UNKNOWN,PASSENGER,OTHER,S,STRAIGHT AHEAD,,,1,,,,,,,,,,,Y,Y,Y,Y,Y,,,FRONT-LEFT-CORNER,,,,,,,,,,,,,,,,,,,,,,,,,,,,,,,,,
2128111,d0c1df50b5b4d7ace50ecd1008457fd85f87c95dd531cf0ee6cbbfb1db809b71a6ff3d4757158cc12b4f090b5471009c32ac72f4ff10de682b3277a6ab518034,08/02/2025 05:15:00 AM,2,DRIVER,,2028715,,CHEVROLET,TAHOE,IL,1997,UNKNOWN,SPORT UTILITY VEHICLE (SUV),PERSONAL,S,STRAIGHT AHEAD,,,1,,,,,,,,,,,,,,,,Y,,FRONT,,,,,,,,,,,,,,,,,,,,,,,,,,,,,,,,,
2128112,d0c1df50b5b4d7ace50ecd1008457fd85f87c95dd531cf0ee6cbbfb1db809b71a6ff3d4757158cc12b4f090b5471009c32ac72f4ff10de682b3277a6ab518034,08/02/2025 05:15:00 AM,1,DRIVER,,2028716,,UNKNOWN,OTHER (EXPLAIN IN NARRATIVE),,,NONE,PICKUP,UNKNOWN/NA,W,STRAIGHT AHEAD,,,1,,,,,,,,,,,,,,,,,,UNKNOWN,,,,,,,,,,,,,,,,,,,,,,,,,,,,,,,,,
2119957,c57a48a980ea2210127b1bc60de1e96abe36160ecf397767d93328e40f5fc16c0f7dadf815636744f23db40b1511254c56cbe435fd68c0bdc23d41ea49370937,08/02/2025 05:00:00 AM,1,DRIVER,,2020957,,UNKNOWN,OTHER (EXPLAIN IN NARRATIVE),,,UNKNOWN,UNKNOWN/NA,UNKNOWN/NA,UNKNOWN,UNKNOWN/NA,,,1,,,,,,,,,,,,,,,,,Y,UNKNOWN,,,,,,,,,,,,,,,,,,,,,,,,,,,,,,,,,
2119958,c57a48a980ea2210127b1bc60de1e96abe36160ecf397767d93328e40f5fc16c0f7dadf815636744f23db40b1511254c56cbe435fd68c0bdc23d41ea49370937,08/02/2025 05:00:00 AM,2,PARKED,,2020959,,ALFA ROMEO,GIULIA (SERIES),IL,2018,NONE,PASSENGER,NOT IN USE,E,PARKED,,,0,,,,,,,,,Y,,,,,,,,,REAR-RIGHT-CORNER,,,,,,,,,,,,,,,,,,,,,,,,,,,,,,,,,
2120072,e92fe1a7eb61cba8fefdb8156ed61e6d7f829be7dbe88b4f5bcdc97c3f6ae98be10b004b8fc1bbf9fe7a8c3d9040cbee5531879f1cc2139375be5f11616b7272,08/02/2025 05:00:00 AM,1,DRIVER,,2021063,,UNKNOWN,OTHER (EXPLAIN IN NARRATIVE),XX,,UNKNOWN,UNKNOWN/NA,UNKNOWN/NA,UNKNOWN,UNKNOWN/NA,,,1,,,,,,,,,,,,,,,,,,UNKNOWN,,,,,,,,,,,,,,,,,,,,,,,,,,,,,,,,,
2120073,e92fe1a7eb61cba8fefdb8156ed61e6d7f829be7dbe88b4f5bcdc97c3f6ae98be10b004b8fc1bbf9fe7a8c3d9040cbee5531879f1cc2139375be5f11616b7272,08/02/2025 05:00:00 AM,2,PARKED,,2021067,,BUICK,REGAL,IL,2012,UNKNOWN,PASSENGER,PERSONAL,N,PARKED,Y,,0,,PRIVATE TOW,,,,,,,Y,Y,Y,,,,,,,REAR,,,,,,,,,,,,,,,,,,,,,,,,,,,,,,,,,
2122397,29150ef35550425c9f679fb4ad2b4a67ec62623f2a4b859e70091a011c6a509d8d684bfd2c3b80318d0366727c0cb2c13adb186556aba070dafe33f2fa20d0bf,08/02/2025 04:50:00 AM,1,DRIVER,,2023304,,CHEVROLET,TAHOE,SD,2010,UNKNOWN,PASSENGER,UNKNOWN/NA,E,STRAIGHT AHEAD,Y,,1,,,,,Y,Y,,,,,,,,,,Y,,FRONT-RIGHT-CORNER,,,,,,,,,,,,,,,,,,,,,,,,,,,,,,,,,
2122398,29150ef35550425c9f679fb4ad2b4a67ec62623f2a4b859e70091a011c6a509d8d684bfd2c3b80318d0366727c0cb2c13adb186556aba070dafe33f2fa20d0bf,08/02/2025 04:50:00 AM,2,PARKED,,2023305,,NISSAN,SENTRA,IL,2017,UNKNOWN,PASSENGER,UNKNOWN/NA,E,PARKED,,,0,,,,,,,,,,,,,Y,Y,Y,Y,,FRONT-LEFT-CORNER,,,,,,,,,,,,,,,,,,,,,,,,,,,,,,,,,
2122399,29150ef35550425c9f679fb4ad2b4a67ec62623f2a4b859e70091a011c6a509d8d684bfd2c3b80318d0366727c0cb2c13adb186556aba070dafe33f2fa20d0bf,08/02/2025 04:50:00 AM,3,PARKED,,2023306,,NISSAN,SENTRA,IL,2020,UNKNOWN,PASSENGER,UNKNOWN/NA,E,PARKED,,,0,,,,,,,,,,Y,Y,Y,Y,Y,Y,Y,,SIDE-LEFT,,,,,,,,,,,,,,,,,,,,,,,,,,,,,,,,,
2122400,29150ef35550425c9f679fb4ad2b4a67ec62623f2a4b859e70091a011c6a509d8d684bfd2c3b80318d0366727c0cb2c13adb186556aba070dafe33f2fa20d0bf,08/02/2025 04:50:00 AM,4,PARKED,,2023307,,MINI,COOPER,IL,2012,UNKNOWN,PASSENGER,UNKNOWN/NA,E,PARKED,,,0,,,,,,,,,,Y,Y,Y,Y,Y,Y,Y,,SIDE-LEFT,,,,,,,,,,,,,,,,,,,,,,,,,,,,,,,,,
2122401,29150ef35550425c9f679fb4ad2b4a67ec62623f2a4b859e70091a011c6a509d8d684bfd2c3b80318d0366727c0cb2c13adb186556aba070dafe33f2fa20d0bf,08/02/2025 04:50:00 AM,5,PARKED,,2023308,,HONDA,CIVIC,IL,2013,UNKNOWN,PASSENGER,UNKNOWN/NA,E,PARKED,,,0,,,,,,,,,,Y,,,,,,,,REAR,,,,,,,,,,,,,,,,,,,,,,,,,,,,,,,,,
2119847,1d78213aa64fd767476ee831a944f0324464e6315a6080907ca8a1c60da1510d925dda20ac9a4b6d8ba3772a5ddc826798e41feb3f343869e2bb5ac64ce61f5b,08/02/2025 04:47:00 AM,1,DRIVER,,2020851,,CHEVROLET,OTHER (EXPLAIN IN NARRATIVE),IL,2011,UNKNOWN,PASSENGER,PERSONAL,N,STRAIGHT AHEAD,Y,,1,,private tow,unknown,,,,,,,,,,Y,Y,Y,,,FRONT-LEFT-CORNER,,,,,,,,,,,,,,,,,,,,,,,,,,,,,,,,,
2119848,1d78213aa64fd767476ee831a944f0324464e6315a6080907ca8a1c60da1510d925dda20ac9a4b6d8ba3772a5ddc826798e41feb3f343869e2bb5ac64ce61f5b,08/02/2025 04:47:00 AM,2,PARKED,,2020852,,CHEVROLET,TRAVERSE,IL,2019,UNKNOWN,UNKNOWN/NA,UNKNOWN/NA,N,PARKED,,,0,,,,,Y,Y,Y,N,N,,,,,,,,,FRONT-RIGHT-CORNER,,,,,,,,,,,,,,,,,,,,,,,,,,,,,,,,,
2119849,970dbb485a5ea318b3c26d73c0da2fb50fb8bfefda6d0e56105dc3061883fe41c120d34ca6fe8cce55c71334e8d060f453db84089df6f5b35bf971477c2acc85,08/02/2025 04:45:00 AM,1,DRIVER,,2020854,,VOLKSWAGEN,ATLAS,IL,2022,UNKNOWN,PASSENGER,PERSONAL,S,TURNING LEFT,,,1,,,,,Y,Y,,,,,,,,Y,Y,Y,,TOTAL (ALL AREAS),,,,,,,,,,,,,,,,,,,,,,,,,,,,,,,,,