CRASH_UNIT_ID,CRASH_RECORD_ID,CRASH_DATE,UNIT_NO,UNIT_TYPE,NUM_PASSENGERS,VEHICLE_ID,CMRC_VEH_I,MAKE,MODEL,LIC_PLATE_STATE,VEHICLE_YEAR,VEHICLE_DEFECT,VEHICLE_TYPE,VEHICLE_USE,TRAVEL_DIRECTION,MANEUVER,TOWED_I,FIRE_I,OCCUPANT_CNT,EXCEED_SPEED_LIMIT_I,TOWED_BY,TOWED_TO,AREA_00_I,AREA_01_I,AREA_02_I,AREA_03_I,AREA_04_I,AREA_05_I,AREA_06_I,AREA_07_I,AREA_08_I,AREA_09_I,AREA_10_I,AREA_11_I,AREA_12_I,AREA_99_I,FIRST_CONTACT_POINT,CMV_ID,USDOT_NO,CCMC_NO,ILCC_NO,COMMERCIAL_SRC,GVWR,CARRIER_NAME,CARRIER_STATE,CARRIER_CITY,HAZMAT_PLACARDS_I,HAZMAT_NAME,UN_NO,HAZMAT_PRESENT_I,HAZMAT_REPORT_I,HAZMAT_REPORT_NO,MCS_REPORT_I,MCS_REPORT_NO,HAZMAT_VIO_CAUSE_CRASH_I,MCS_VIO_CAUSE_CRASH_I,IDOT_PERMIT_NO,WIDE_LOAD_I,TRAILER1_WIDTH,TRAILER2_WIDTH,TRAILER1_LENGTH,TRAILER2_LENGTH,TOTAL_VEHICLE_LENGTH,AXLE_CNT,VEHICLE_CONFIG,CARGO_BODY_TYPE,LOAD_TYPE,HAZMAT_OUT_OF_SERVICE_I,MCS_OUT_OF_SERVICE_I,HAZMAT_CLASS
2119850,970dbb485a5ea318b3c26d73c0da2fb50fb8bfefda6d0e56105dc3061883fe41c120d34ca6fe8cce55c71334e8d060f453db84089df6f5b35bf971477c2acc85,08/02/2025 04:45:00 AM,2,DRIVER,,2020860,,CHEVROLET,TRAVERSE,IL,2019,UNKNOWN,PASSENGER,PERSONAL,E,STRAIGHT AHEAD,Y,,1,,,,,Y,Y,,,,,,,,Y,Y,Y,,TOTAL (ALL AREAS),,,,,,,,,,,,,,,,,,,,,,,,,,,,,,,,,
2119870,2c291fcc4d20eb8efe3482b098bbc58c02adf8d68283dae4d4c134e6aa03b3035ac795c925e0c536111428a06969af0ecc12e922443eaed9ce0931b004f8ece4,08/02/2025 04:30:00 AM,1,DRIVER,,2020879,,UNKNOWN,OTHER (EXPLAIN IN NARRATIVE),,,UNKNOWN,UNKNOWN/NA,UNKNOWN/NA,W,UNKNOWN/NA,,,1,,,,,,,,,,,,,,,,,Y,UNKNOWN,,,,,,,,,,,,,,,,,,,,,,,,,,,,,,,,,
2119871,2c291fcc4d20eb8efe3482b098bbc58c02adf8d68283dae4d4c134e6aa03b3035ac795c925e0c536111428a06969af0ecc12e922443eaed9ce0931b004f8ece4,08/02/2025 04:30:00 AM,2,PARKED,,2020880,,SUZUKI,XL-7 OR XL-7 GRAND VITARA,IL,2006,UNKNOWN,PASSENGER,PERSONAL,W,PARKED,Y,,0,,owner,owner discretion,,,,,,,Y,Y,Y,Y,Y,Y,Y,,SIDE-LEFT,,,,,,,,,,,,,,,,,,,,,,,,,,,,,,,,,
2119872,2c291fcc4d20eb8efe3482b098bbc58c02adf8d68283dae4d4c134e6aa03b3035ac795c925e0c536111428a06969af0ecc12e922443eaed9ce0931b004f8ece4,08/02/2025 04:30:00 AM,3,PARKED,,2020882,,GENERAL MOTORS CORPORATION (GMC),TERRAIN,IL,2019,UNKNOWN,PASSENGER,PERSONAL,W,PARKED,,,0,,,,,,,,,Y,Y,Y,,,,,,,REAR,,,,,,,,,,,,,,,,,,,,,,,,,,,,,,,,,
2119859,608e4ecaab32640c2c29b4f2d1415970498a2387e0a31be7bb1067f6da16e7c63ffd6ac4cc4af85f161b3c7d56b8bc192ab4ea0d6c85604721944ab2bf3f5326,08/02/2025 04:10:00 AM,1,DRIVER,1,2020859,,TOYOTA,HIGHLANDER,IL,2008,NONE,SPORT UTILITY VEHICLE (SUV),PERSONAL,E,STRAIGHT AHEAD,Y,,2,,CITY OF CHICAGO,UNKNOWN,,,,,,,,,,,,,,,UNKNOWN,,,,,,,,,,,,,,,,,,,,,,,,,,,,,,,,,
2119860,608e4ecaab32640c2c29b4f2d1415970498a2387e0a31be7bb1067f6da16e7c63ffd6ac4cc4af85f161b3c7d56b8bc192ab4ea0d6c85604721944ab2bf3f5326,08/02/2025 04:10:00 AM,2,PARKED,,2020862,,FORD,F250,IL,2003,NONE,PICKUP,PERSONAL,E,PARKED,,,0,,,,,,,,Y,Y,,,,,,,,,SIDE-RIGHT-REAR,,,,,,,,,,,,,,,,,,,,,,,,,,,,,,,,,
2119861,608e4ecaab32640c2c29b4f2d1415970498a2387e0a31be7bb1067f6da16e7c63ffd6ac4cc4af85f161b3c7d56b8bc192ab4ea0d6c85604721944ab2bf3f5326,08/02/2025 04:10:00 AM,3,PARKED,,2020866,,HONDA,CIVIC,IL,2007,NONE,PASSENGER,PERSONAL,E,PARKED,,,0,,,,,,,,,Y,Y,Y,,,,,,,REAR,,,,,,,,,,,,,,,,,,,,,,,,,,,,,,,,,
2119862,608e4ecaab32640c2c29b4f2d1415970498a2387e0a31be7bb1067f6da16e7c63ffd6ac4cc4af85f161b3c7d56b8bc192ab4ea0d6c85604721944ab2bf3f5326,08/02/2025 04:10:00 AM,4,PARKED,,2020868,,SCION,TC,IL,2010,NONE,PASSENGER,PERSONAL,E,PARKED,,,0,,,,,,,,,,Y,Y,Y,,,,,,REAR-LEFT-CORNER,,,,,,,,,,,,,,,,,,,,,,,,,,,,,,,,,
2119837,e391801608af831257f13a8e535ce6858634da79877bc6ee79c602790057252eb69c2f98106f9f71d0121215a46e6e69bd5faf9bad91e9e6f79b3e0ef4ea1cb6,08/02/2025 04:05:00 AM,1,DRIVER,,2020833,,NISSAN,ALTIMA,IL,2017,UNKNOWN,PASSENGER,UNKNOWN/NA,N,STRAIGHT AHEAD,,,1,,,,,Y,,,,,,,,,,Y,Y,,FRONT,,,,,,,,,,,,,,,,,,,,,,,,,,,,,,,,,
2119838,e391801608af831257f13a8e535ce6858634da79877bc6ee79c602790057252eb69c2f98106f9f71d0121215a46e6e69bd5faf9bad91e9e6f79b3e0ef4ea1cb6,08/02/2025 04:05:00 AM,2,DRIVER,,2020838,,TOYOTA,COROLLA,IL,2024,UNKNOWN,PASSENGER,UNKNOWN/NA,N,SLOW/STOP IN TRAFFIC,,,1,,,,,,,,,Y,Y,Y,,,,,,,REAR,,,,,,,,,,,,,,,,,,,,,,,,,,,,,,,,,
2119831,485d5eaaf72961c3300a12947b44b33752f039b94ff395068364c738b8d23d66ed95acff6243606432354a3e0990f37ad109da23036730cdb42297c91d0f3347,08/02/2025 04:03:00 AM,1,DRIVER,,2020829,,CHEVROLET,TRUCK,IL,1994,NONE,PICKUP,PERSONAL,N,STRAIGHT AHEAD,,,1,,,,,,,,,,,,,,,,Y,,FRONT,,,,,,,,,,,,,,,,,,,,,,,,,,,,,,,,,
2119832,485d5eaaf72961c3300a12947b44b33752f039b94ff395068364c738b8d23d66ed95acff6243606432354a3e0990f37ad109da23036730cdb42297c91d0f3347,08/02/2025 04:03:00 AM,2,DRIVER,,2020835,,DODGE,AVENGER,IL,2009,NONE,PASSENGER,PERSONAL,N,STRAIGHT AHEAD,,,1,,,,,,,,,,Y,,,,,,,,REAR,,,,,,,,,,,,,,,,,,,,,,,,,,,,,,,,,
2119839,5725582e5fdd5b0274e8e2a36e27d0152acf3b94bb74167cde0d877be4ea7106518864e7295d7df82124ae8e62cc79d38209174f652ffc6b325a18f9e7bb8ea9,08/02/2025 04:03:00 AM,1,DRIVER,,2020836,,ACURA,RLX,IL,2008,UNKNOWN,SPORT UTILITY VEHICLE (SUV),PERSONAL,N,STRAIGHT AHEAD,,,1,,,,,Y,Y,,,,,,Y,,,N,N,,FRONT-RIGHT-CORNER,,,,,,,,,,,,,,,,,,,,,,,,,,,,,,,,,
2119840,5725582e5fdd5b0274e8e2a36e27d0152acf3b94bb74167cde0d877be4ea7106518864e7295d7df82124ae8e62cc79d38209174f652ffc6b325a18f9e7bb8ea9,08/02/2025 04:03:00 AM,2,DRIVER,1,2020844,,LEXUS,ES,IL,2002,UNKNOWN,PASSENGER,PERSONAL,N,STRAIGHT AHEAD,,,2,,,,,,,,,Y,Y,Y,,,,,,,REAR,,,,,,,,,,,,,,,,,,,,,,,,,,,,,,,,,
2119851,6812dbca998fe7057a162d42a71a77eafcb12786bfb79266b23a67d3792a8a0ad95ee9b0ba28411ee301f49354b3e262f111e3a0ef45da94c951d8d4cd096f47,08/02/2025 03:55:00 AM,1,DRIVER,,2020853,N,CHEVROLET,SILVERADO,AZ,2024,UNKNOWN,SPORT UTILITY VEHICLE (SUV),OTHER,E,STRAIGHT AHEAD,,,1,,,,,,,,,,,,,,,,Y,,FRONT,,,,,,,,,,,,,,,,,,,,,,,,,,,,,,,,,
2119852,6812dbca998fe7057a162d42a71a77eafcb12786bfb79266b23a67d3792a8a0ad95ee9b0ba28411ee301f49354b3e262f111e3a0ef45da94c951d8d4cd096f47,08/02/2025 03:55:00 AM,2,PARKED,,2020858,,SATURN,VUE,IL,2008,UNKNOWN,SPORT UTILITY VEHICLE (SUV),NOT IN USE,UNKNOWN,PARKED,,,0,,,,,,,,,,Y,,,,,,,,REAR,,,,,,,,,,,,,,,,,,,,,,,,,,,,,,,,,
2119853,9c965398b216dda070999ad1083c4b971926766b817a764528babaad5a0c8efb71af33fbf826895d6386dbf5e25c7b6516dca979051765dac1e8b9748465e890,08/02/2025 03:50:00 AM,1,DRIVER,,2020856,,INFINITI,OTHER (EXPLAIN IN NARRATIVE),IL,2013,UNKNOWN,SPORT UTILITY VEHICLE (SUV),PERSONAL,NW,OTHER,Y,,1,,CITY OF CHICAGO,,,,,,,,,,,,Y,Y,Y,,FRONT-LEFT-CORNER,,,,,,,,,,,,,,,,,,,,,,,,,,,,,,,,,
2120496,d4f15c1bb389f793d1bcf4ca514bdf881a4e0249c53e790beaf367faa6303581d9caeb8c5876b20389ec49e0f04f52e956a13d7650e8ee7a666c922c9868b5af,08/02/2025 03:31:00 AM,1,DRIVER,,2021453,,UNKNOWN,OTHER (EXPLAIN IN NARRATIVE),,,UNKNOWN,UNKNOWN/NA,UNKNOWN/NA,S,STRAIGHT AHEAD,,,1,,,,,,,,,,,,,,,,Y,,FRONT,,,,,,,,,,,,,,,,,,,,,,,,,,,,,,,,,
2120497,d4f15c1bb389f793d1bcf4ca514bdf881a4e0249c53e790beaf367faa6303581d9caeb8c5876b20389ec49e0f04f52e956a13d7650e8ee7a666c922c9868b5af,08/02/2025 03:31:00 AM,2,DRIVER,,2021458,,KIA,OTHER (EXPLAIN IN NARRATIVE),GA,2023,NONE,PASSENGER,PERSONAL,S,SLOW/STOP IN TRAFFIC,,,1,,,,,,,,,,Y,,,,,,,,REAR,,,,,,,,,,,,,,,,,,,,,,,,,,,,,,,,,
2120616,45438ba0a729ea96fd7058057175caff01a832e55d6b56997759192da23bded7609d50d646c1648b16c024830d6d14a9c0c76707b8980a479b469fd0dfcb53f7,08/02/2025 03:20:00 AM,1,DRIVER,,2021583,,ACURA,ADX,IL,2020,NONE,SPORT UTILITY VEHICLE (SUV),UNKNOWN/NA,S,BACKING,,,1,,,,,,,,,,,,,,,,,Y,UNKNOWN,,,,,,,,,,,,,,,,,,,,,,,,,,,,,,,,,
2120617,45438ba0a729ea96fd7058057175caff01a832e55d6b56997759192da23bded7609d50d646c1648b16c024830d6d14a9c0c76707b8980a479b469fd0dfcb53f7,08/02/2025 03:20:00 AM,2,PARKED,1,2021585,,BUICK,ENCORE,IL,2016,NONE,SPORT UTILITY VEHICLE (SUV),PERSONAL,N,PARKED,,,1,,,,,,,,,,Y,Y,,,,,,,SIDE-LEFT-REAR,,,,,,,,,,,,,,,,,,,,,,,,,,,,,,,,,
2119806,812aad5af5f13c1e102b17001493370783fb34be1b480e96cde055c5ea856c5ade630b922122c35bd7e248fdb044f0db6b12c1074a644a5b74e7cfff7356e220,08/02/2025 03:20:00 AM,1,DRIVER,1,2020806,,HONDA,CR-V,IL,2011,NONE,PASSENGER,PERSONAL,S,U-TURN,,,2,,,,,,,,,,Y,,,,,,,,REAR,,,,,,,,,,,,,,,,,,,,,,,,,,,,,,,,,
2119807,812aad5af5f13c1e102b17001493370783fb34be1b480e96cde055c5ea856c5ade630b922122c35bd7e248fdb044f0db6b12c1074a644a5b74e7cfff7356e220,08/02/2025 03:20:00 AM,2,PARKED,,2020808,,BUICK,REGAL,IL,2013,NONE,PASSENGER,PERSONAL,N,PARKED,,,0,,,,,,,,,Y,,,,,,,,,REAR-RIGHT-CORNER,,,,,,,,,,,,,,,,,,,,,,,,,,,,,,,,,
2119824,7e3bb499ec15ea1604b1d3d7c3396e5f615712ebfb60f51626c2f9639263dc4d4a189da0abfdb368dd613f8c86b5b65ab661838e4c95bf7ee7d1f093c4960f4f,08/02/2025 03:01:00 AM,1,DRIVER,,2020825,,ACURA,TLX,IL,2015,UNKNOWN,PASSENGER,PERSONAL,W,STRAIGHT AHEAD,Y,,1,,STREETS AND SANITATION,55 DOTY,,,,,,,,,,,Y,Y,Y,,FRONT-LEFT-CORNER,,,,,,,,,,,,,,,,,,,,,,,,,,,,,,,,,
2119825,7e3bb499ec15ea1604b1d3d7c3396e5f615712ebfb60f51626c2f9639263dc4d4a189da0abfdb368dd613f8c86b5b65ab661838e4c95bf7ee7d1f093c4960f4f,08/02/2025 03:01:00 AM,2,PARKED,,2020828,,NISSAN,MAXIMA,IL,2014,UNKNOWN,PASSENGER,PERSONAL,E,PARKED,,,0,,,,,Y,Y,,,,,,,,Y,Y,Y,,FRONT,,,,,,,,,,,,,,,,,,,,,,,,,,,,,,,,,
2119826,7e3bb499ec15ea1604b1d3d7c3396e5f615712ebfb60f51626c2f9639263dc4d4a189da0abfdb368dd613f8c86b5b65ab661838e4c95bf7ee7d1f093c4960f4f,08/02/2025 03:01:00 AM,3,PARKED,,2020831,,HONDA,CIVIC,IL,2002,UNKNOWN,PASSENGER,PERSONAL,E,PARKED,,,0,,,,,Y,,,,Y,Y,Y,,,,Y,Y,,OTHER,,,,,,,,,,,,,,,,,,,,,,,,,,,,,,,,,
2119827,7e3bb499ec15ea1604b1d3d7c3396e5f615712ebfb60f51626c2f9639263dc4d4a189da0abfdb368dd613f8c86b5b65ab661838e4c95bf7ee7d1f093c4960f4f,08/02/2025 03:01:00 AM,4,PARKED,,2020840,,VOLKSWAGEN,OTHER (EXPLAIN IN NARRATIVE),IL,2022,UNKNOWN,PASSENGER,PERSONAL,E,PARKED,,,0,,,,,Y,,,,Y,Y,Y,,,,Y,Y,,OTHER,,,,,,,,,,,,,,,,,,,,,,,,,,,,,,,,,
2119828,7e3bb499ec15ea1604b1d3d7c3396e5f615712ebfb60f51626c2f9639263dc4d4a189da0abfdb368dd613f8c86b5b65ab661838e4c95bf7ee7d1f093c4960f4f,08/02/2025 03:01:00 AM,5,PARKED,,2020843,,GENERAL MOTORS CORPORATION (GMC),ENVOY,IL,2003,UNKNOWN,PASSENGER,PERSONAL,E,PARKED,,,0,,,,,Y,,,,,,,,,,Y,Y,,FRONT,,,,,,,,,,,,,,,,,,,,,,,,,,,,,,,,,
2120570,64ceed073ff962f53d641dde8c6e6802f813bc343263169e7d8d93a2093e851e712ab9b740f45f1222585655381f96be1f25b230be91f15eb7cbb3f26d2d665a,08/02/2025 03:00:00 AM,1,DRIVER,,2021538,,JEEP,CHEROKEE,IL,2015,UNKNOWN,SPORT UTILITY VEHICLE (SUV),UNKNOWN/NA,W,STRAIGHT AHEAD,,,1,,,,,,,,,,,,,,,,Y,,FRONT,,,,,,,,,,,,,,,,,,,,,,,,,,,,,,,,,
2120571,64ceed073ff962f53d641dde8c6e6802f813bc343263169e7d8d93a2093e851e712ab9b740f45f1222585655381f96be1f25b230be91f15eb7cbb3f26d2d665a,08/02/2025 03:00:00 AM,2,DRIVER,,2021540,,LINCOLN,MKZ,IL,2016,NONE,PASSENGER,PERSONAL,W,STRAIGHT AHEAD,,,1,,,,,,,,,,Y,,,,,,,,REAR,,,,,,,,,,,,,,,,,,,,,,,,,,,,,,,,,
2119913,b40f2e8f68dc666ae9b38be57146268a3934541596f008af30878901481ff50d4cb92b75bdaf9a2f2579b1fb33d0dc5dc8aedba42cda826cf65ae9560dc2b3b2,08/02/2025 03:00:00 AM,1,DRIVER,,2020912,,UNKNOWN,OTHER (EXPLAIN IN NARRATIVE),,,UNKNOWN,UNKNOWN/NA,UNKNOWN/NA,UNKNOWN,UNKNOWN/NA,,,1,,,,,,,,,,,,,,,,,Y,UNKNOWN,,,,,,,,,,,,,,,,,,,,,,,,,,,,,,,,,
2119914,b40f2e8f68dc666ae9b38be57146268a3934541596f008af30878901481ff50d4cb92b75bdaf9a2f2579b1fb33d0dc5dc8aedba42cda826cf65ae9560dc2b3b2,08/02/2025 03:00:00 AM,2,PARKED,,2020914,,GENERAL MOTORS CORPORATION (GMC),OTHER (EXPLAIN IN NARRATIVE),IL,,UNKNOWN,PASSENGER,NOT IN USE,S,PARKED,,,0,,,,,,,,,Y,Y,Y,Y,,,,,,REAR-LEFT-CORNER,,,,,,,,,,,,,,,,,,,,,,,,,,,,,,,,,
2119814,6583010b6698151d4ad000d0d4a8b6949e5889b602a44ad30aa0b72a642b8b48eefe9c2c8e4272fb91fc3f7c6ba299825f107433f305582e8601dc6f54ae236d,08/02/2025 02:40:00 AM,1,DRIVER,,2020814,,MAZDA,CX-5,IL,2014,UNKNOWN,PASSENGER,PERSONAL,W,STRAIGHT AHEAD,Y,,1,,QUICK TOWING,7412 S BLACKSTONE,,N,,,,,,,,,Y,Y,N,,FRONT-LEFT-CORNER,,,,,,,,,,,,,,,,,,,,,,,,,,,,,,,,,
2119815,6583010b6698151d4ad000d0d4a8b6949e5889b602a44ad30aa0b72a642b8b48eefe9c2c8e4272fb91fc3f7c6ba299825f107433f305582e8601dc6f54ae236d,08/02/2025 02:40:00 AM,2,DRIVER,,2020818,,CHEVROLET,MALIBU,MN,2015,UNKNOWN,PASSENGER,PERSONAL,W,SLOW/STOP IN TRAFFIC,,,1,,,,,,,,Y,Y,Y,,,,,,,,REAR-RIGHT-CORNER,,,,,,,,,,,,,,,,,,,,,,,,,,,,,,,,,
2119816,b6d7717c4ffb8db447bea10e948c4f096f013da3fcfc760edb4d36c7c57c900e51515cbac4239c260e06c65a2dff69dcb3ba7164ca87752566d95cb9ec1e68a6,08/02/2025 02:40:00 AM,1,DRIVER,,2020819,,FORD,ESCAPE,IL,,UNKNOWN,SPORT UTILITY VEHICLE (SUV),UNKNOWN/NA,S,STRAIGHT AHEAD,,,1,,,,,,,,,,,,,,,,,Y,FRONT,,,,,,,,,,,,,,,,,,,,,,,,,,,,,,,,,
2119817,b6d7717c4ffb8db447bea10e948c4f096f013da3fcfc760edb4d36c7c57c900e51515cbac4239c260e06c65a2dff69dcb3ba7164ca87752566d95cb9ec1e68a6,08/02/2025 02:40:00 AM,2,BICYCLE,,,,,,,,,,,,,,,,,,,,,,,,,,,,,,,,,,,,,,,,,,,,,,,,,,,,,,,,,,,,,,,,,,
2119794,02151ce1c814dc6b95c40f03ce9f7b0dc205ec8a23e31f06d4472209fe2768398c60033941787e9ebab7d66f78e836e8f1db937fd3b4fe6d078d89d3db8f4eb3,08/02/2025 02:30:00 AM,1,DRIVER,1,2020796,,GENESIS,G70,IN,2011,UNKNOWN,PASSENGER,PERSONAL,W,AVOIDING VEHICLES/OBJECTS,Y,,2,,private,,,Y,Y,,,,,,,,Y,Y,Y,,FRONT-LEFT-CORNER,,,,,,,,,,,,,,,,,,,,,,,,,,,,,,,,,
2119785,5c90a6a6d0a651aedd44f4d874b636b4ba76e403fd246bd294dddbccbdc58ba1680cd5dfaecf935747b295d271c9731e8ea706d0c3742ac40439ec75e1d0c0cd,08/02/2025 02:30:00 AM,1,DRIVER,,2020790,N,FORD,ECONOLINE E450,AZ,,NONE,TRUCK - SINGLE UNIT,COMMERCIAL - SINGLE UNIT,W,STRAIGHT AHEAD,,,1,,,,,,,Y,Y,,,,,,,,,,SIDE-RIGHT,,,,,,,,,,,,,,,,,,,,,,,,,,,,,,,,,
2119786,5c90a6a6d0a651aedd44f4d874b636b4ba76e403fd246bd294dddbccbdc58ba1680cd5dfaecf935747b295d271c9731e8ea706d0c3742ac40439ec75e1d0c0cd,08/02/2025 02:30:00 AM,2,DRIVER,,2020792,,MITSUBISHI,OUTLANDER,IL,2018,NONE,PASSENGER,RIDESHARE SERVICE,W,SLOW/STOP IN TRAFFIC,,,1,,,,,,,,,,,,Y,Y,,,,,SIDE-RIGHT,,,,,,,,,,,,,,,,,,,,,,,,,,,,,,,,,
2121126,19ae9681414f5bc5c10d50ccdfd7ebbc5e8bdbc1a191832603248f7336fdd9d662ab5e2d98fc80fd5578b6ab030fc110dc26d0d98be5560b5676c1404fa09fd1,08/02/2025 02:20:00 AM,1,DRIVER,1,2022075,,CHEVROLET,EQUINOX,IL,2020,NONE,PASSENGER,PERSONAL,W,U-TURN,,,2,,,,,,,,,,,,,,Y,Y,Y,,FRONT-LEFT-CORNER,,,,,,,,,,,,,,,,,,,,,,,,,,,,,,,,,
2121127,19ae9681414f5bc5c10d50ccdfd7ebbc5e8bdbc1a191832603248f7336fdd9d662ab5e2d98fc80fd5578b6ab030fc110dc26d0d98be5560b5676c1404fa09fd1,08/02/2025 02:20:00 AM,2,DRIVER,1,2022076,,VOLKSWAGEN,ATLAS,IL,2024,NONE,PASSENGER,PERSONAL,W,STRAIGHT AHEAD,,,2,,,,,Y,Y,,,,,,,,,,,,FRONT-RIGHT-CORNER,,,,,,,,,,,,,,,,,,,,,,,,,,,,,,,,,
2119820,34155c759612d68d45a60f94bb5189c13aeaac93520e0da9900d9c367089669db371829b481a343d0f1e558dd298abf2d6c9a473a441738c64081c4a2fba544e,08/02/2025 02:18:00 AM,1,DRIVER,,2020822,,ACURA,ILX,IL,2014,UNKNOWN,PASSENGER,PERSONAL,W,TURNING LEFT,Y,,1,,PRIVATE TOW,,,Y,Y,Y,,,,,,,,,Y,,FRONT-RIGHT-CORNER,,,,,,,,,,,,,,,,,,,,,,,,,,,,,,,,,
2119821,34155c759612d68d45a60f94bb5189c13aeaac93520e0da9900d9c367089669db371829b481a343d0f1e558dd298abf2d6c9a473a441738c64081c4a2fba544e,08/02/2025 02:18:00 AM,2,DRIVER,,2020826,,HONDA,RIDGELINE,IL,2009,UNKNOWN,PICKUP,PERSONAL,E,STRAIGHT AHEAD,Y,,1,,PRIVATE TOW,,,Y,,,,,,,,,,Y,Y,,FRONT,,,,,,,,,,,,,,,,,,,,,,,,,,,,,,,,,
2119810,d4c2ee277142471e1375d258e1c58e8340209019a083559732a32d99521d229af4c1ff8f7a5cf03c2845b20aad9b9f2b717c95ce4fc5ad02da352c796c90a023,08/02/2025 02:10:00 AM,1,DRIVER,,2020815,,BMW,X3,IL,2017,UNKNOWN,SPORT UTILITY VEHICLE (SUV),PERSONAL,E,AVOIDING VEHICLES/OBJECTS,Y,,1,,PRIVATE TOW,,,Y,Y,Y,,,,,,,,,,,FRONT-RIGHT-CORNER,,,,,,,,,,,,,,,,,,,,,,,,,,,,,,,,,
2119811,d4c2ee277142471e1375d258e1c58e8340209019a083559732a32d99521d229af4c1ff8f7a5cf03c2845b20aad9b9f2b717c95ce4fc5ad02da352c796c90a023,08/02/2025 02:10:00 AM,2,PARKED,,2020812,,HONDA,ACCORD,IL,2006,UNKNOWN,PASSENGER,PERSONAL,E,PARKED,,,0,,,,,,,,,,,Y,Y,Y,,,,,REAR-LEFT-CORNER,,,,,,,,,,,,,,,,,,,,,,,,,,,,,,,,,
2119833,1cf7d39190eb211c57f7bb582ebeb0ac791185c6af213ebb7a4c57cdf23e7ec654a2fb466738c93efd7c05fb1ad8c16c4aba6611c712ec9fe750f359daebcdc2,08/02/2025 02:00:00 AM,1,DRIVER,,2020847,,UNKNOWN,OTHER (EXPLAIN IN NARRATIVE),IL,,UNKNOWN,PASSENGER,PERSONAL,N,STRAIGHT AHEAD,,,1,,,,,,,,,,,,,,,,,,UNKNOWN,,,,,,,,,,,,,,,,,,,,,,,,,,,,,,,,,
2119834,1cf7d39190eb211c57f7bb582ebeb0ac791185c6af213ebb7a4c57cdf23e7ec654a2fb466738c93efd7c05fb1ad8c16c4aba6611c712ec9fe750f359daebcdc2,08/02/2025 02:00:00 AM,2,DRIVER,,2020832,,HONDA,CIVIC,IL,2022,NONE,PASSENGER,PERSONAL,W,TURNING LEFT,Y,,1,,,,,,,,,,,,,Y,Y,Y,,,FRONT,,,,,,,,,,,,,,,,,,,,,,,,,,,,,,,,,
2120128,ce6cf5b02725bbb76319d167a145ca226e750952cb5f68ca62007e2dac9e827f8d600ee8c88d52110d58f3c4e44a6e00cca1664137d6769e979bb07e69e0793a,08/02/2025 02:00:00 AM,1,DRIVER,,2021120,,HONDA,ACCORD,IL,2010,NONE,PASSENGER,PERSONAL,S,PASSING/OVERTAKING,,,1,,,,,,,,,,,,,,,,,Y,UNKNOWN,,,,,,,,,,,,,,,,,,,,,,,,,,,,,,,,,
2120129,ce6cf5b02725bbb76319d167a145ca226e750952cb5f68ca62007e2dac9e827f8d600ee8c88d52110d58f3c4e44a6e00cca1664137d6769e979bb07e69e0793a,08/02/2025 02:00:00 AM,2,PARKED,,2021125,,TOYOTA,CAMRY,IL,2012,NONE,PASSENGER,NOT IN USE,S,PARKED,,,0,,,,,,,,,,,Y,Y,,,,,,REAR-LEFT-CORNER,,,,,,,,,,,,,,,,,,,,,,,,,,,,,,,,,
2119799,161dba0516f573d8a9d3ff3b7b341a0625fb4f307f9147decd4a0b1c08df4b4a2ba53ac0215024f38abc2ffdb7d080304dc779d43375689f4ac4bd5587aff1a2,08/02/2025 01:56:00 AM,1,DRIVER,,2020801,,MAZDA,CX-5,IL,2015,UNKNOWN,PASSENGER,PERSONAL,E,STRAIGHT AHEAD,,,1,,,,,,,,,,,,,,,Y,Y,,FRONT-LEFT-CORNER,,,,,,,,,,,,,,,,,,,,,,,,,,,,,,,,,
2119800,161dba0516f573d8a9d3ff3b7b341a0625fb4f307f9147decd4a0b1c08df4b4a2ba53ac0215024f38abc2ffdb7d080304dc779d43375689f4ac4bd5587aff1a2,08/02/2025 01:56:00 AM,2,DRIVER,1,2020811,,FORD,F350,IL,2019,NONE,OTHER,POLICE,W,TURNING LEFT,,,2,,,,,,,,,,,,,Y,Y,Y,,,SIDE-LEFT,,,,,,,,,,,,,,,,,,,,,,,,,,,,,,,,,
2119818,490a1a122daf40763f165adb47cd57fc3e6003244fe052880f523d02d3a9718156022a2dc2274f4c6e765b2a472823b121ccfe3282a5f24e3b48daaf92f3678e,08/02/2025 01:54:00 AM,1,DRIVER,,2020820,,DODGE,DURANGO,IL,2019,UNKNOWN,PASSENGER,PERSONAL,E,TURNING LEFT,Y,,1,,PRIVATE TOW,,Y,Y,Y,,,,,,,,,Y,Y,,FRONT-RIGHT-CORNER,,,,,,,,,,,,,,,,,,,,,,,,,,,,,,,,,
2119819,490a1a122daf40763f165adb47cd57fc3e6003244fe052880f523d02d3a9718156022a2dc2274f4c6e765b2a472823b121ccfe3282a5f24e3b48daaf92f3678e,08/02/2025 01:54:00 AM,2,DRIVER,,2020823,,LEXUS,OTHER (EXPLAIN IN NARRATIVE),IL,2011,NONE,PASSENGER,PERSONAL,W,STRAIGHT AHEAD,Y,,1,,PRIVATE TOW,,Y,Y,,,,,,,,,Y,Y,Y,,FRONT,,,,,,,,,,,,,,,,,,,,,,,,,,,,,,,,,