CRASH_UNIT_ID,CRASH_RECORD_ID,CRASH_DATE,UNIT_NO,UNIT_TYPE,NUM_PASSENGERS,VEHICLE_ID,CMRC_VEH_I,MAKE,MODEL,LIC_PLATE_STATE,VEHICLE_YEAR,VEHICLE_DEFECT,VEHICLE_TYPE,VEHICLE_USE,TRAVEL_DIRECTION,MANEUVER,TOWED_I,FIRE_I,OCCUPANT_CNT,EXCEED_SPEED_LIMIT_I,TOWED_BY,TOWED_TO,AREA_00_I,AREA_01_I,AREA_02_I,AREA_03_I,AREA_04_I,AREA_05_I,AREA_06_I,AREA_07_I,AREA_08_I,AREA_09_I,AREA_10_I,AREA_11_I,AREA_12_I,AREA_99_I,FIRST_CONTACT_POINT,CMV_ID,USDOT_NO,CCMC_NO,ILCC_NO,COMMERCIAL_SRC,GVWR,CARRIER_NAME,CARRIER_STATE,CARRIER_CITY,HAZMAT_PLACARDS_I,HAZMAT_NAME,UN_NO,HAZMAT_PRESENT_I,HAZMAT_REPORT_I,HAZMAT_REPORT_NO,MCS_REPORT_I,MCS_REPORT_NO,HAZMAT_VIO_CAUSE_CRASH_I,MCS_VIO_CAUSE_CRASH_I,IDOT_PERMIT_NO,WIDE_LOAD_I,TRAILER1_WIDTH,TRAILER2_WIDTH,TRAILER1_LENGTH,TRAILER2_LENGTH,TOTAL_VEHICLE_LENGTH,AXLE_CNT,VEHICLE_CONFIG,CARGO_BODY_TYPE,LOAD_TYPE,HAZMAT_OUT_OF_SERVICE_I,MCS_OUT_OF_SERVICE_I,HAZMAT_CLASS
2119790,2261ca936be8e04065b39d9984dc1ff816e280182668dc27c21e5dd1a87e40a7e68cfdf319b5652fb9ca71f072d6c1b3e3ca86d773471dc0d036aa66ee7765b6,08/02/2025 01:52:00 AM,1,DRIVER,,2020793,,DODGE,CARAVAN,IL,2018,UNKNOWN,VAN/MINI-VAN,PERSONAL,S,STRAIGHT AHEAD,N,,1,,,,,Y,,,,,,,,,,Y,Y,,FRONT,,,,,,,,,,,,,,,,,,,,,,,,,,,,,,,,,
2119791,2261ca936be8e04065b39d9984dc1ff816e280182668dc27c21e5dd1a87e40a7e68cfdf319b5652fb9ca71f072d6c1b3e3ca86d773471dc0d036aa66ee7765b6,08/02/2025 01:52:00 AM,3,DRIVERLESS,,2020794,,FORD,EDGE,IL,2013,UNKNOWN,PASSENGER,PERSONAL,UNKNOWN,DRIVERLESS,,,0,,,,,,,,,Y,Y,Y,,,,,,,REAR,,,,,,,,,,,,,,,,,,,,,,,,,,,,,,,,,
2119792,2261ca936be8e04065b39d9984dc1ff816e280182668dc27c21e5dd1a87e40a7e68cfdf319b5652fb9ca71f072d6c1b3e3ca86d773471dc0d036aa66ee7765b6,08/02/2025 01:52:00 AM,2,DRIVER,,2020805,,CADILLAC,ESCALADE,IL,2003,UNKNOWN,PICKUP,PERSONAL,S,STRAIGHT AHEAD,,,1,,,,,,,,,Y,Y,Y,,,,,,,REAR,,,,,,,,,,,,,,,,,,,,,,,,,,,,,,,,,
2119793,2261ca936be8e04065b39d9984dc1ff816e280182668dc27c21e5dd1a87e40a7e68cfdf319b5652fb9ca71f072d6c1b3e3ca86d773471dc0d036aa66ee7765b6,08/02/2025 01:52:00 AM,4,DRIVERLESS,,2020807,,NISSAN,ROGUE,IL,2011,UNKNOWN,PASSENGER,PERSONAL,UNKNOWN,DRIVERLESS,,,0,,,,,,,,,Y,Y,Y,,,,,,,REAR,,,,,,,,,,,,,,,,,,,,,,,,,,,,,,,,,
2119803,f099c8fac974c2357ebc6aea413846fc0fef13abd77073c4f2bc6eb98a1a4b7a9f53308ce48aa3164dfdb900a57415ef6326de031e2d606373fee22321cac684,08/02/2025 01:45:00 AM,1,DRIVER,,2020798,,BUICK,ENCORE,IL,2011,UNKNOWN,PASSENGER,PERSONAL,W,UNKNOWN/NA,Y,,1,,,,,,,,,,,,,Y,Y,Y,Y,,FRONT-LEFT-CORNER,,,,,,,,,,,,,,,,,,,,,,,,,,,,,,,,,
2119804,f099c8fac974c2357ebc6aea413846fc0fef13abd77073c4f2bc6eb98a1a4b7a9f53308ce48aa3164dfdb900a57415ef6326de031e2d606373fee22321cac684,08/02/2025 01:45:00 AM,2,DRIVERLESS,,2020803,,CHEVROLET,EQUINOX,IL,2020,UNKNOWN,PASSENGER,PERSONAL,W,PARKED,Y,,0,,,,,Y,,Y,Y,Y,,,,,,Y,Y,,REAR-RIGHT-CORNER,,,,,,,,,,,,,,,,,,,,,,,,,,,,,,,,,
2119805,f099c8fac974c2357ebc6aea413846fc0fef13abd77073c4f2bc6eb98a1a4b7a9f53308ce48aa3164dfdb900a57415ef6326de031e2d606373fee22321cac684,08/02/2025 01:45:00 AM,3,DRIVERLESS,,2020804,,BUICK,ENCLAVE,IL,2012,UNKNOWN,PASSENGER,PERSONAL,W,PARKED,,,0,,,,,,,,,Y,Y,Y,,,,,,,REAR,,,,,,,,,,,,,,,,,,,,,,,,,,,,,,,,,
2119808,458d151027011101bbcec18184cde07c54e89ffa73ec3ecc80d96d7f8563e90aea4424e7dcd92c3f073e3d5b5b1b77971c006443df0f106a4d30b893bf272f2a,08/02/2025 01:39:00 AM,1,DRIVER,,2020810,,TOYOTA,COROLLA,IL,2021,UNKNOWN,PASSENGER,PERSONAL,E,STRAIGHT AHEAD,,,1,,,,,Y,,,,,,,,,,Y,Y,,FRONT-LEFT-CORNER,,,,,,,,,,,,,,,,,,,,,,,,,,,,,,,,,
2119809,458d151027011101bbcec18184cde07c54e89ffa73ec3ecc80d96d7f8563e90aea4424e7dcd92c3f073e3d5b5b1b77971c006443df0f106a4d30b893bf272f2a,08/02/2025 01:39:00 AM,2,DRIVER,4,2020816,,NISSAN,ALTIMA,IL,2015,UNKNOWN,PASSENGER,PERSONAL,N,STRAIGHT AHEAD,Y,,5,,QUICK TOWING,5814 CALUMET AVE HAMMOND IN,,,,,Y,Y,Y,Y,Y,,,,,,REAR-LEFT-CORNER,,,,,,,,,,,,,,,,,,,,,,,,,,,,,,,,,
2121617,b59312bcb77b6b0ea769831eee2737b75a3bdbf7bd6756e8a0e844bb97aa2af690a2710c1d70613159237d22217cb4444b94774adb7118d92da976282de93877,08/02/2025 01:27:00 AM,1,DRIVER,,2022540,,CHEVROLET,SILVERADO,IL,2017,UNKNOWN,PICKUP,UNKNOWN/NA,UNKNOWN,BACKING,,,1,,,,,,,,,,,,,,,,,Y,REAR-RIGHT-CORNER,,,,,,,,,,,,,,,,,,,,,,,,,,,,,,,,,
2121618,b59312bcb77b6b0ea769831eee2737b75a3bdbf7bd6756e8a0e844bb97aa2af690a2710c1d70613159237d22217cb4444b94774adb7118d92da976282de93877,08/02/2025 01:27:00 AM,2,PARKED,,2022541,,CHEVROLET,SILVERADO,IL,2024,UNKNOWN,UNKNOWN/NA,UNKNOWN/NA,UNKNOWN,PARKED,,,0,,,,,,,,,,,,,Y,Y,,,,SIDE-LEFT,,,,,,,,,,,,,,,,,,,,,,,,,,,,,,,,,
2119787,d7e2a671e02c85f6040e9e6286077c191c16a5dcc3e49ae707a752ce3e5bf00b7aa39a29da0668da3779b4ceaa47772c325f8326bfd24961302a9dc5b781ee7a,08/02/2025 01:20:00 AM,1,DRIVER,,2020791,,VOLKSWAGEN,JETTA,IL,2023,UNKNOWN,PASSENGER,UNKNOWN/NA,S,BACKING,,,1,,,,,,,,,,,,,,,,,Y,REAR,,,,,,,,,,,,,,,,,,,,,,,,,,,,,,,,,
2119788,d7e2a671e02c85f6040e9e6286077c191c16a5dcc3e49ae707a752ce3e5bf00b7aa39a29da0668da3779b4ceaa47772c325f8326bfd24961302a9dc5b781ee7a,08/02/2025 01:20:00 AM,2,DRIVER,,2020795,,DODGE,OTHER (EXPLAIN IN NARRATIVE),IL,2013,NONE,TRUCK - SINGLE UNIT,TOW TRUCK,S,UNKNOWN/NA,,,1,,,,,,,,,,,,,,,,,,OTHER,,,,,,,,,,,,,,,,,,,,,,,,,,,,,,,,,
2119789,d7e2a671e02c85f6040e9e6286077c191c16a5dcc3e49ae707a752ce3e5bf00b7aa39a29da0668da3779b4ceaa47772c325f8326bfd24961302a9dc5b781ee7a,08/02/2025 01:20:00 AM,3,DRIVER,,2020799,,FORD,F450,IL,2024,NONE,TRUCK - SINGLE UNIT,TOW TRUCK,S,UNKNOWN/NA,,,1,,,,,Y,Y,Y,Y,Y,,,,,,,N,,FRONT-RIGHT-CORNER,,,,,,,,,,,,,,,,,,,,,,,,,,,,,,,,,
2119812,a673a63f9de39492522b88e38f153df9b546bda5705bfcbcb6a4030e8271b85306513631d4ab6294878899d0e41e7efd0c2eb642410653fe3cb73fc5e6f514d1,08/02/2025 01:12:00 AM,1,DRIVER,1,2020813,,TOYOTA,OTHER (EXPLAIN IN NARRATIVE),IL,2024,UNKNOWN,PASSENGER,RIDESHARE SERVICE,W,TURNING RIGHT,,,2,,,,,,,,,,,,,,,,,Y,UNKNOWN,,,,,,,,,,,,,,,,,,,,,,,,,,,,,,,,,
2119813,a673a63f9de39492522b88e38f153df9b546bda5705bfcbcb6a4030e8271b85306513631d4ab6294878899d0e41e7efd0c2eb642410653fe3cb73fc5e6f514d1,08/02/2025 01:12:00 AM,2,DRIVER,,2020817,,CHRYSLER,TOWN & COUNTRY,IL,2014,NONE,PASSENGER,RIDESHARE SERVICE,W,TURNING RIGHT,,,1,,,,,,,,,,,,,,,Y,Y,,FRONT-LEFT-CORNER,,,,,,,,,,,,,,,,,,,,,,,,,,,,,,,,,
2119774,3c47829332a9bb691370ce1d9b8548a6d2c01c879c176a99039b9c7f9815c73acfebcd765802d0f27102cd87116a496301d90e122aafd04791ac03b9553b889b,08/02/2025 12:54:00 AM,1,DRIVER,1,2020774,,FORD,EDGE,IL,2021,NONE,PASSENGER,PERSONAL,E,BACKING,,,2,,,,,,,,,Y,Y,Y,,,,,,,REAR,,,,,,,,,,,,,,,,,,,,,,,,,,,,,,,,,
2119775,3c47829332a9bb691370ce1d9b8548a6d2c01c879c176a99039b9c7f9815c73acfebcd765802d0f27102cd87116a496301d90e122aafd04791ac03b9553b889b,08/02/2025 12:54:00 AM,2,DRIVER,1,2020776,,MITSUBISHI,ECLIPSE,IL,2019,NONE,PASSENGER,PERSONAL,S,BACKING,,,2,,,,,,,,,,,,,,Y,,,,SIDE-LEFT,,,,,,,,,,,,,,,,,,,,,,,,,,,,,,,,,
2119935,29e969112e119b64e28382200a6b5570e797d6f0d53bbfefc01534f0715fc42111f3beb43ac0237b672d82d03a4f335c9547dfb79be90c315c21e9b5d86026d0,08/02/2025 12:48:00 AM,1,DRIVER,,2020933,,GENERAL MOTORS CORPORATION (GMC),SIERRA,IL,2019,UNKNOWN,PICKUP,UNKNOWN/NA,SE,STRAIGHT AHEAD,Y,,1,,cpd,103rd/doty,,Y,,,,,,,,,Y,Y,Y,,FRONT,,,,,,,,,,,,,,,,,,,,,,,,,,,,,,,,,
2119936,29e969112e119b64e28382200a6b5570e797d6f0d53bbfefc01534f0715fc42111f3beb43ac0237b672d82d03a4f335c9547dfb79be90c315c21e9b5d86026d0,08/02/2025 12:48:00 AM,2,DRIVER,3,2020934,,JEEP,RENEGADE,IL,2016,NONE,PASSENGER,UNKNOWN/NA,E,STRAIGHT AHEAD,Y,,4,,PRIVATE TOW,,,,,,Y,Y,Y,Y,Y,,,,,,REAR,,,,,,,,,,,,,,,,,,,,,,,,,,,,,,,,,
2119801,ab426f20631c9ac620b3ed246ff276caaa429c372b35edfe00d603b401fbd7fc6973ac1eb442967d6e4516a1899e75730b75cca55f0fbb8ef85cb72f1fdac590,08/02/2025 12:47:00 AM,1,DRIVER,,2020797,,KIA,SORENTO,IL,2005,UNKNOWN,PASSENGER,UNKNOWN/NA,N,STRAIGHT AHEAD,,,1,,,,,,,,,,,,,,,,,Y,UNKNOWN,,,,,,,,,,,,,,,,,,,,,,,,,,,,,,,,,
2119802,ab426f20631c9ac620b3ed246ff276caaa429c372b35edfe00d603b401fbd7fc6973ac1eb442967d6e4516a1899e75730b75cca55f0fbb8ef85cb72f1fdac590,08/02/2025 12:47:00 AM,2,DRIVER,3,2020802,,TOYOTA,HIGHLANDER,IL,2021,NONE,PASSENGER,RIDESHARE SERVICE,N,STRAIGHT AHEAD,,,4,,,,,,,,,,Y,,,,,,,,REAR,,,,,,,,,,,,,,,,,,,,,,,,,,,,,,,,,
2120755,12e1feeb7293dd624214419e7dbee1b0422491e505a84d733a73d5e28e207819ed6874fea72c2d2888e545ffcec400626512de66e8fe5c82d3660098b2e2c027,08/02/2025 12:30:00 AM,1,DRIVER,,2021712,,ALFA ROMEO,STELVIO,IL,2022,UNKNOWN,PASSENGER,PERSONAL,N,STRAIGHT AHEAD,N,,1,,,,,Y,,,,,,Y,Y,Y,Y,Y,Y,,FRONT,,,,,,,,,,,,,,,,,,,,,,,,,,,,,,,,,
2120756,12e1feeb7293dd624214419e7dbee1b0422491e505a84d733a73d5e28e207819ed6874fea72c2d2888e545ffcec400626512de66e8fe5c82d3660098b2e2c027,08/02/2025 12:30:00 AM,2,PARKED,,2021713,,HONDA,OTHER (EXPLAIN IN NARRATIVE),IL,2012,UNKNOWN,PASSENGER,PERSONAL,S,PARKED,,,0,,,,,Y,,,,,,Y,Y,Y,Y,Y,Y,,SIDE-LEFT,,,,,,,,,,,,,,,,,,,,,,,,,,,,,,,,,
2120757,12e1feeb7293dd624214419e7dbee1b0422491e505a84d733a73d5e28e207819ed6874fea72c2d2888e545ffcec400626512de66e8fe5c82d3660098b2e2c027,08/02/2025 12:30:00 AM,3,PARKED,,2021714,,HONDA,CR-V,GA,2018,UNKNOWN,PASSENGER,PERSONAL,S,PARKED,,,0,,,,,Y,,,,Y,Y,Y,,,,Y,Y,,REAR,,,,,,,,,,,,,,,,,,,,,,,,,,,,,,,,,
2120758,12e1feeb7293dd624214419e7dbee1b0422491e505a84d733a73d5e28e207819ed6874fea72c2d2888e545ffcec400626512de66e8fe5c82d3660098b2e2c027,08/02/2025 12:30:00 AM,4,PARKED,,2021715,,SUBARU,CROSSTREK,IL,2016,UNKNOWN,PASSENGER,PERSONAL,S,PARKED,,,0,,,,,,,,Y,Y,Y,Y,,,,,,,REAR,,,,,,,,,,,,,,,,,,,,,,,,,,,,,,,,,
2119771,509daffb1ef4de6ee73e05de3997c8f92c8d3bc1b4c8456385be68efc13324a0271f202e39d588754102acab85734791faa7351e56049b985b6a4e9014299586,08/02/2025 12:20:00 AM,1,DRIVER,,2020775,,BMW,OTHER (EXPLAIN IN NARRATIVE),IN,2006,UNKNOWN,PASSENGER,PERSONAL,N,STRAIGHT AHEAD,Y,,1,,city of  chicago,doty,,Y,Y,Y,Y,,,,,,,Y,Y,,SIDE-RIGHT,,,,,,,,,,,,,,,,,,,,,,,,,,,,,,,,,
2119767,ba114d67b81af27a75d770632a06a0fee5b74ed456c9d5b4a36d83e44a23948d0a154bfc8f2fab748ad57c409377fb1a8040eb9375e027c3ce100f7d8b214369,08/02/2025 12:15:00 AM,1,DRIVER,,2020761,,FORD,EDGE,IL,2010,UNKNOWN,PASSENGER,PERSONAL,E,STRAIGHT AHEAD,Y,,1,,private,,,Y,Y,Y,,,,,,,,,Y,,FRONT-RIGHT-CORNER,,,,,,,,,,,,,,,,,,,,,,,,,,,,,,,,,
2119768,ba114d67b81af27a75d770632a06a0fee5b74ed456c9d5b4a36d83e44a23948d0a154bfc8f2fab748ad57c409377fb1a8040eb9375e027c3ce100f7d8b214369,08/02/2025 12:15:00 AM,2,PARKED,,2020763,,NISSAN,SENTRA,IL,2005,UNKNOWN,PASSENGER,PERSONAL,E,PARKED,,,0,,,,,,,,,Y,Y,Y,Y,,,,,,REAR,,,,,,,,,,,,,,,,,,,,,,,,,,,,,,,,,
2119762,a7c7f450dc94ab9d1ac40d580b1ece1d23320719f13a513ee4646716dddc7f40617d0682bf9903d06e66401048d51e419aa6a3e99b38d4e6badf7188a2c80a23,08/02/2025 12:11:00 AM,1,DRIVER,,2020760,,VOLKSWAGEN,PASSAT,IL,2015,UNKNOWN,PASSENGER,UNKNOWN/NA,E,UNKNOWN/NA,,,1,,,,,Y,,,,,,,,,,Y,Y,,FRONT,,,,,,,,,,,,,,,,,,,,,,,,,,,,,,,,,
2119763,a7c7f450dc94ab9d1ac40d580b1ece1d23320719f13a513ee4646716dddc7f40617d0682bf9903d06e66401048d51e419aa6a3e99b38d4e6badf7188a2c80a23,08/02/2025 12:11:00 AM,2,PARKED,,2020764,,BUICK,REGAL,IL,2016,UNKNOWN,PASSENGER,PERSONAL,E,PARKED,,,0,,,,,Y,,,,Y,Y,Y,,,,Y,Y,,REAR,,,,,,,,,,,,,,,,,,,,,,,,,,,,,,,,,
2119764,a7c7f450dc94ab9d1ac40d580b1ece1d23320719f13a513ee4646716dddc7f40617d0682bf9903d06e66401048d51e419aa6a3e99b38d4e6badf7188a2c80a23,08/02/2025 12:11:00 AM,3,PARKED,,2020766,,NISSAN,ROGUE,IL,2015,UNKNOWN,UNKNOWN/NA,UNKNOWN/NA,E,PARKED,,,0,,,,,,,,,N,Y,N,,,,,,,REAR,,,,,,,,,,,,,,,,,,,,,,,,,,,,,,,,,
2119933,73bdc9e97008c63d8d1e142c5d2fd8668e205f25bcf5f27108a249153659cf94e0bccf94215056e23f00634d8a22570da878bfc0058a153fbeec27538b7c0cf1,08/02/2025 12:06:00 AM,1,DRIVER,,2020937,,CADILLAC,ESCALADE,,,UNKNOWN,UNKNOWN/NA,UNKNOWN/NA,UNKNOWN,UNKNOWN/NA,,,1,,,,,,,,,,,,,,,,,Y,UNKNOWN,,,,,,,,,,,,,,,,,,,,,,,,,,,,,,,,,
2119934,73bdc9e97008c63d8d1e142c5d2fd8668e205f25bcf5f27108a249153659cf94e0bccf94215056e23f00634d8a22570da878bfc0058a153fbeec27538b7c0cf1,08/02/2025 12:06:00 AM,2,PARKED,,2020939,,FORD,F250,IL,2008,UNKNOWN,UNKNOWN/NA,NOT IN USE,UNKNOWN,PARKED,,,0,,,,,,,,,,,,,,,,,Y,UNKNOWN,,,,,,,,,,,,,,,,,,,,,,,,,,,,,,,,,
2119758,b360270e165b7a4491df3e0bacd0325f7514e89135376b7a35c776ff88cef5dbb4d4e2908a505aa78d05683390c22bd27ad863b86d76ff2fc1031cc7bba9e3b8,08/02/2025 12:05:00 AM,1,DRIVER,,2020767,,NEW FLYER,OTHER (EXPLAIN IN NARRATIVE),IL,2007,NONE,BUS OVER 15 PASS.,CTA,N,STRAIGHT AHEAD,,,1,,,,Y,,,,,,,,,,,,,,UNKNOWN,,,,,,,,,,,,,,,,,,,,,,,,,,,,,,,,,
2119759,b360270e165b7a4491df3e0bacd0325f7514e89135376b7a35c776ff88cef5dbb4d4e2908a505aa78d05683390c22bd27ad863b86d76ff2fc1031cc7bba9e3b8,08/02/2025 12:05:00 AM,2,DRIVER,,2020773,,CHEVROLET,BOLT,IL,2023,UNKNOWN,PASSENGER,PERSONAL,N,OTHER,,,1,,,,,,,,,,,,,,Y,,,,SIDE-LEFT-REAR,,,,,,,,,,,,,,,,,,,,,,,,,,,,,,,,,
2119746,a4d074026bfdd1a4d8854e3f2ade3e3635233ea70d974c34a0c154018c25d860b0a08bdc062b50604a1f7ff032defbcf88e9d341d9a84021051491b1e92f03d9,08/02/2025 12:03:00 AM,1,DRIVER,,2020746,,BUICK,LACROSSE,IL,2013,UNKNOWN,PASSENGER,PERSONAL,N,TURNING RIGHT,,,1,,,,,Y,,,,,,,,,,Y,Y,,FRONT,,,,,,,,,,,,,,,,,,,,,,,,,,,,,,,,,
2119747,a4d074026bfdd1a4d8854e3f2ade3e3635233ea70d974c34a0c154018c25d860b0a08bdc062b50604a1f7ff032defbcf88e9d341d9a84021051491b1e92f03d9,08/02/2025 12:03:00 AM,2,DRIVER,1,2020748,,LEXUS,300,IL,2025,UNKNOWN,PASSENGER,PERSONAL,N,TURNING RIGHT,,,2,,,,,,,,,Y,Y,Y,,,,,,,REAR,,,,,,,,,,,,,,,,,,,,,,,,,,,,,,,,,
2120114,5d0cc29fc0fcc979307bb9388665eb2f7f0fcfe00fb3584186471fd77b1fe3f43c8ce2cdc09326fdc90bc44e8c96a22ea16d71f9f83af095c097ca9e51802c24,08/02/2025 12:00:00 AM,1,DRIVER,,2021098,,UNKNOWN,OTHER (EXPLAIN IN NARRATIVE),,,UNKNOWN,UNKNOWN/NA,UNKNOWN/NA,UNKNOWN,UNKNOWN/NA,,,1,,,,,,,,,,,,,,,,,Y,UNKNOWN,,,,,,,,,,,,,,,,,,,,,,,,,,,,,,,,,
2120115,5d0cc29fc0fcc979307bb9388665eb2f7f0fcfe00fb3584186471fd77b1fe3f43c8ce2cdc09326fdc90bc44e8c96a22ea16d71f9f83af095c097ca9e51802c24,08/02/2025 12:00:00 AM,2,PARKED,,2021099,,HONDA,CIVIC,IL,2017,NONE,PASSENGER,NOT IN USE,SE,PARKED,,,0,,,,,,,,,,,,,,,Y,,,FRONT-LEFT-CORNER,,,,,,,,,,,,,,,,,,,,,,,,,,,,,,,,,
2119772,ed0815d1fb088d9c3497b142a4e45dc46f7d8a1459e921d6cdbe1c053b2b2f4c04900a771d7f10111917c1f6e4af61b81ecaa47999399ea3edee13d4aadb44a5,08/01/2025 11:50:00 PM,1,DRIVER,3,2020770,,LAND ROVER,OTHER (EXPLAIN IN NARRATIVE),IL,2018,UNKNOWN,PASSENGER,UNKNOWN/NA,W,ENTER FROM DRIVE/ALLEY,,,4,,,,,,,,,,,,,,,,,Y,UNKNOWN,,,,,,,,,,,,,,,,,,,,,,,,,,,,,,,,,
2119773,ed0815d1fb088d9c3497b142a4e45dc46f7d8a1459e921d6cdbe1c053b2b2f4c04900a771d7f10111917c1f6e4af61b81ecaa47999399ea3edee13d4aadb44a5,08/01/2025 11:50:00 PM,2,DRIVER,,2020772,,HONDA,CR-V,IL,2025,NONE,PASSENGER,RIDESHARE SERVICE,N,STRAIGHT AHEAD,,,1,,,,,,Y,Y,Y,,,,,,,,,,SIDE-RIGHT,,,,,,,,,,,,,,,,,,,,,,,,,,,,,,,,,
2119742,475a42e371e7e8557c6de22d4b2eaeff2c5876fcc163f945c1270588afe78f6bba496e1d6ad596d2b0f098516841395ff8b920510ae3659ba720012409ac17d2,08/01/2025 11:39:00 PM,1,DRIVER,3,2020740,,BUICK,ENCORE,IL,2021,UNKNOWN,PASSENGER,PERSONAL,N,TURNING LEFT,Y,,4,,,,,Y,,,,,,,,,,Y,Y,,FRONT,,,,,,,,,,,,,,,,,,,,,,,,,,,,,,,,,
2119743,475a42e371e7e8557c6de22d4b2eaeff2c5876fcc163f945c1270588afe78f6bba496e1d6ad596d2b0f098516841395ff8b920510ae3659ba720012409ac17d2,08/01/2025 11:39:00 PM,2,DRIVER,,2020750,,CHEVROLET,EQUINOX,IL,2018,UNKNOWN,PASSENGER,PERSONAL,E,STRAIGHT AHEAD,Y,,1,,,,,Y,Y,,,,,,,,,Y,Y,,FRONT,,,,,,,,,,,,,,,,,,,,,,,,,,,,,,,,,
2119754,7b8fbc7c1c82e080d2369660e62aa8ec6a134baa1c217992450a0033f4667b62f668c4c58e79335ac6757e9e234db7c409ac77cbfb38c7682430082f56095c87,08/01/2025 11:36:00 PM,1,DRIVER,,2020755,,NISSAN,SENTRA,IL,2011,NONE,PASSENGER,PERSONAL,E,STRAIGHT AHEAD,,,1,,,,,,,,Y,Y,,,,,,,,,SIDE-RIGHT,,,,,,,,,,,,,,,,,,,,,,,,,,,,,,,,,
2119755,7b8fbc7c1c82e080d2369660e62aa8ec6a134baa1c217992450a0033f4667b62f668c4c58e79335ac6757e9e234db7c409ac77cbfb38c7682430082f56095c87,08/01/2025 11:36:00 PM,2,PARKED,2,2020759,,INFINITI,G35,IL,2007,UNKNOWN,PASSENGER,PERSONAL,E,PARKED,,,2,,,,,,,,,,,,,,,Y,,,FRONT-LEFT-CORNER,,,,,,,,,,,,,,,,,,,,,,,,,,,,,,,,,
2119735,7b46728bf0ff9aaa3e388be14b2b16fe1a4d7c2cdbd76560890b491c74461263a7e591aabe14dab61f313236fe4aaa32db0ca3bd25e96d0ce4f8f4a8e4351aa2,08/01/2025 11:35:00 PM,1,DRIVER,,2020735,,VOLKSWAGEN,BEETLE,IL,1998,UNKNOWN,PASSENGER,PERSONAL,W,STRAIGHT AHEAD,Y,,1,,PRIVATE,UNKNOWN,,,,,,,,,,,,,,,FRONT,,,,,,,,,,,,,,,,,,,,,,,,,,,,,,,,,
2119736,7b46728bf0ff9aaa3e388be14b2b16fe1a4d7c2cdbd76560890b491c74461263a7e591aabe14dab61f313236fe4aaa32db0ca3bd25e96d0ce4f8f4a8e4351aa2,08/01/2025 11:35:00 PM,2,PARKED,,2020739,,KIA,OPTIMA / K5,IL,2020,UNKNOWN,PASSENGER,PERSONAL,UNKNOWN,PARKED,,,0,,,,,Y,,,,Y,Y,Y,,,,Y,Y,,REAR,,,,,,,,,,,,,,,,,,,,,,,,,,,,,,,,,
2119737,7b46728bf0ff9aaa3e388be14b2b16fe1a4d7c2cdbd76560890b491c74461263a7e591aabe14dab61f313236fe4aaa32db0ca3bd25e96d0ce4f8f4a8e4351aa2,08/01/2025 11:35:00 PM,3,PARKED,,2020741,,DODGE,RAM 1500 PU,IL,2002,UNKNOWN,PICKUP,PERSONAL,UNKNOWN,PARKED,,,0,,,,,,,,,Y,Y,Y,,,,,,,REAR,,,,,,,,,,,,,,,,,,,,,,,,,,,,,,,,,
2120042,003db7e5cb3cf4a85d57f8ac9268c49f88918f188f78e46c1987bc5c6851d1f81393403613e875f547a820f8419c49da0dc334a7128614d974fafb4410cda336,08/01/2025 11:30:00 PM,1,DRIVER,,2021033,,UNKNOWN,MOTORIZED,,,UNKNOWN,UNKNOWN/NA,UNKNOWN/NA,N,STRAIGHT AHEAD,,,1,,,,,,,,,,,,,,,,,Y,UNKNOWN,,,,,,,,,,,,,,,,,,,,,,,,,,,,,,,,,
2120043,003db7e5cb3cf4a85d57f8ac9268c49f88918f188f78e46c1987bc5c6851d1f81393403613e875f547a820f8419c49da0dc334a7128614d974fafb4410cda336,08/01/2025 11:30:00 PM,2,PARKED,,2021034,,TOYOTA,RAV4,IL,2024,NONE,PASSENGER,NOT IN USE,N,PARKED,,,0,,,,,,,,,,,,Y,Y,Y,,,,SIDE-LEFT,,,,,,,,,,,,,,,,,,,,,,,,,,,,,,,,,
2119717,c26bd028b1a50ad0dd810a358eb8024a2dcb6d6110a4979aa5b3672b12e98a2277f0644d30feb1825a832e637aa833fe2fd2a24bdab4fe4686c242e224629008,08/01/2025 11:30:00 PM,1,DRIVER,,2020717,,DODGE,RAM 1500 PU,IL,,NONE,PICKUP,PERSONAL,UNKNOWN,UNKNOWN/NA,,,1,,,,,,,,,,,,,,,,,Y,UNKNOWN,,,,,,,,,,,,,,,,,,,,,,,,,,,,,,,,,
2119718,c26bd028b1a50ad0dd810a358eb8024a2dcb6d6110a4979aa5b3672b12e98a2277f0644d30feb1825a832e637aa833fe2fd2a24bdab4fe4686c242e224629008,08/01/2025 11:30:00 PM,2,PARKED,,2020724,,KIA,SORENTO,IL,2024,NONE,PASSENGER,PERSONAL,UNKNOWN,PARKED,,,0,,,,,Y,Y,,,,,,,,,,,,FRONT-RIGHT-CORNER,,,,,,,,,,,,,,,,,,,,,,,,,,,,,,,,,
2119797,c7e6ce793263267f0719b4d09f3b1f37f5c58be08fef58979aa188317fa1419605ee27c1ad888aa92f4c5c4cbe4432db27a09ff07ce509c861c3552224cd655c,08/01/2025 11:30:00 PM,1,DRIVER,,2020845,,NOVA BUS,OTHER (EXPLAIN IN NARRATIVE),IL,2022,UNKNOWN,UNKNOWN/NA,STATE OWNED,E,TURNING RIGHT,,,1,,,,,,,,N,,,,,,,,,Y,UNKNOWN,,,,,,,,,,,,,,,,,,,,,,,,,,,,,,,,,