CRASH_UNIT_ID,CRASH_RECORD_ID,CRASH_DATE,UNIT_NO,UNIT_TYPE,NUM_PASSENGERS,VEHICLE_ID,CMRC_VEH_I,MAKE,MODEL,LIC_PLATE_STATE,VEHICLE_YEAR,VEHICLE_DEFECT,VEHICLE_TYPE,VEHICLE_USE,TRAVEL_DIRECTION,MANEUVER,TOWED_I,FIRE_I,OCCUPANT_CNT,EXCEED_SPEED_LIMIT_I,TOWED_BY,TOWED_TO,AREA_00_I,AREA_01_I,AREA_02_I,AREA_03_I,AREA_04_I,AREA_05_I,AREA_06_I,AREA_07_I,AREA_08_I,AREA_09_I,AREA_10_I,AREA_11_I,AREA_12_I,AREA_99_I,FIRST_CONTACT_POINT,CMV_ID,USDOT_NO,CCMC_NO,ILCC_NO,COMMERCIAL_SRC,GVWR,CARRIER_NAME,CARRIER_STATE,CARRIER_CITY,HAZMAT_PLACARDS_I,HAZMAT_NAME,UN_NO,HAZMAT_PRESENT_I,HAZMAT_REPORT_I,HAZMAT_REPORT_NO,MCS_REPORT_I,MCS_REPORT_NO,HAZMAT_VIO_CAUSE_CRASH_I,MCS_VIO_CAUSE_CRASH_I,IDOT_PERMIT_NO,WIDE_LOAD_I,TRAILER1_WIDTH,TRAILER2_WIDTH,TRAILER1_LENGTH,TRAILER2_LENGTH,TOTAL_VEHICLE_LENGTH,AXLE_CNT,VEHICLE_CONFIG,CARGO_BODY_TYPE,LOAD_TYPE,HAZMAT_OUT_OF_SERVICE_I,MCS_OUT_OF_SERVICE_I,HAZMAT_CLASS
2119798,c7e6ce793263267f0719b4d09f3b1f37f5c58be08fef58979aa188317fa1419605ee27c1ad888aa92f4c5c4cbe4432db27a09ff07ce509c861c3552224cd655c,08/01/2025 11:30:00 PM,2,DRIVER,,2020841,,FORD,EXPLORER,IL,2018,UNKNOWN,UNKNOWN/NA,UNKNOWN/NA,S,STRAIGHT AHEAD,,,1,,,,,,,,,,,,,,Y,,,,SIDE-LEFT,,,,,,,,,,,,,,,,,,,,,,,,,,,,,,,,,
2119707,31d1da1e02e8ff7d212b99422878bebfb25058c654bf0a82fd05259de9ede562b36b9e5a03fa52c447debf3732ca6521db1a1bd40b341c4af2c4e7bd36aad862,08/01/2025 11:25:00 PM,1,NON-CONTACT VEHICLE,1,2020706,,KIA,FORTE,IL,2016,TIRES,PASSENGER,OTHER,E,STRAIGHT AHEAD,,,2,,,,Y,,,,,,,,,,,,,N,OTHER,,,,,,,,,,,,,,,,,,,,,,,,,,,,,,,,,
2119708,31d1da1e02e8ff7d212b99422878bebfb25058c654bf0a82fd05259de9ede562b36b9e5a03fa52c447debf3732ca6521db1a1bd40b341c4af2c4e7bd36aad862,08/01/2025 11:25:00 PM,2,DRIVER,,2020709,,TOYOTA,COROLLA,IL,2014,NONE,PASSENGER,PERSONAL,W,STRAIGHT AHEAD,,,1,,,,,,,,,,,,,,,Y,Y,,FRONT-LEFT-CORNER,,,,,,,,,,,,,,,,,,,,,,,,,,,,,,,,,
2120759,bfae7f0daaa8a22e22ef655384acc33e447e6a2f4676757c8301c0a2fd4f1f036b7133beae313215814726b4aeb922969314b933cd0ab9e3f62e4277e5271ae9,08/01/2025 11:24:00 PM,1,DRIVER,,2021723,,KIA,OPTIMA / K5,IL,2022,UNKNOWN,PASSENGER,PERSONAL,E,STRAIGHT AHEAD,,,1,,,,,,,,,,,,,,,,Y,,FRONT,,,,,,,,,,,,,,,,,,,,,,,,,,,,,,,,,
2120760,bfae7f0daaa8a22e22ef655384acc33e447e6a2f4676757c8301c0a2fd4f1f036b7133beae313215814726b4aeb922969314b933cd0ab9e3f62e4277e5271ae9,08/01/2025 11:24:00 PM,2,DRIVER,,2021727,,VOLKSWAGEN,JETTA,IL,2025,UNKNOWN,PASSENGER,PERSONAL,W,STRAIGHT AHEAD,,,1,,,,,,,,,,,,,,,,Y,,FRONT,,,,,,,,,,,,,,,,,,,,,,,,,,,,,,,,,
2119769,69bc48ff1089a13b829370a11f90c5ffd859665bad305ec099d791cd89a8029ead6bce38b9645bc95dcab5cfabe45789bdab44a63cb3dac9b0a74d692e7156ba,08/01/2025 11:18:00 PM,2,PARKED,,2020771,,BMW,X3,IL,2014,UNKNOWN,PASSENGER,NOT IN USE,W,PARKED,Y,,0,,PRIVATE TOW,PRIVATE TOW,,,,,,,,,,,Y,Y,Y,,FRONT-LEFT-CORNER,,,,,,,,,,,,,,,,,,,,,,,,,,,,,,,,,
2119770,69bc48ff1089a13b829370a11f90c5ffd859665bad305ec099d791cd89a8029ead6bce38b9645bc95dcab5cfabe45789bdab44a63cb3dac9b0a74d692e7156ba,08/01/2025 11:18:00 PM,1,DRIVER,,2020782,,DODGE,RAM 1500 VAN,IL,2020,UNKNOWN,VAN/MINI-VAN,UNKNOWN/NA,SE,UNKNOWN/NA,Y,,1,,CITY TOW,,,,,,,,,,,,Y,Y,Y,,FRONT-LEFT-CORNER,,,,,,,,,,,,,,,,,,,,,,,,,,,,,,,,,
2119732,7976efd040b09bbbd28f733c43abb8fc7f7dab96ada849681e5b1f90d4dcc8911863e4024a14732d1b0d0105d060aac83cc49635e80db78d1eceb757959b2089,08/01/2025 11:15:00 PM,1,DRIVER,,2020729,,FORD,FUSION,IL,2019,UNKNOWN,PASSENGER,PERSONAL,S,U-TURN,,,1,,,,,,,,,,,Y,Y,Y,Y,Y,,,SIDE-LEFT,,,,,,,,,,,,,,,,,,,,,,,,,,,,,,,,,
2119733,7976efd040b09bbbd28f733c43abb8fc7f7dab96ada849681e5b1f90d4dcc8911863e4024a14732d1b0d0105d060aac83cc49635e80db78d1eceb757959b2089,08/01/2025 11:15:00 PM,2,DRIVER,1,2020733,,BMW,OTHER (EXPLAIN IN NARRATIVE),IL,2025,UNKNOWN,PASSENGER,PERSONAL,S,STRAIGHT AHEAD,,,2,,,,,,,,,,,,,,,,Y,,FRONT,,,,,,,,,,,,,,,,,,,,,,,,,,,,,,,,,
2119713,6eedfb9007ab8f374d4182c98d1d5bee64219fd87a836707701cc7cdbf2e28db6b4c69e6a3afbc87c2c87474e07e32f47e0705aedfc79a9651d00a7b8487c8fc,08/01/2025 11:14:00 PM,1,DRIVER,,2020716,,HONDA,CR-V,IL,2008,UNKNOWN,PASSENGER,PERSONAL,N,STRAIGHT AHEAD,,,1,,,,,,,,,,,,,,,,Y,,FRONT,,,,,,,,,,,,,,,,,,,,,,,,,,,,,,,,,
2119714,6eedfb9007ab8f374d4182c98d1d5bee64219fd87a836707701cc7cdbf2e28db6b4c69e6a3afbc87c2c87474e07e32f47e0705aedfc79a9651d00a7b8487c8fc,08/01/2025 11:14:00 PM,2,DRIVER,1,2020721,,FORD,EXPLORER,IL,2018,UNKNOWN,SPORT UTILITY VEHICLE (SUV),STATE OWNED,S,STRAIGHT AHEAD,,,2,,,,,,,,Y,Y,,,,,,,,,SIDE-RIGHT-REAR,,,,,,,,,,,,,,,,,,,,,,,,,,,,,,,,,
2119727,26b85ecb974f391baa6d2ff1f1166c63a99d3bda99f7e156d13d9e23d7a9db9886bc61dbdb115adb582366cc49e1c9199131ec8023592b3e65efb6ee00745eb3,08/01/2025 11:08:00 PM,1,DRIVER,,2020734,,CHRYSLER,OTHER (EXPLAIN IN NARRATIVE),IL,2009,NONE,PASSENGER,PERSONAL,W,BACKING,Y,,1,,CITY OF CHICAGO,AUTO POUND 6,,Y,Y,Y,Y,Y,Y,,N,N,,Y,Y,,REAR,,,,,,,,,,,,,,,,,,,,,,,,,,,,,,,,,
2119728,26b85ecb974f391baa6d2ff1f1166c63a99d3bda99f7e156d13d9e23d7a9db9886bc61dbdb115adb582366cc49e1c9199131ec8023592b3e65efb6ee00745eb3,08/01/2025 11:08:00 PM,2,PARKED,,2020737,,CHEVROLET,TRAVERSE,IL,2025,NONE,PASSENGER,NOT IN USE,W,PARKED,,,0,,,,,,,,,,,Y,Y,,,,,,REAR-LEFT-CORNER,,,,,,,,,,,,,,,,,,,,,,,,,,,,,,,,,
2119729,26b85ecb974f391baa6d2ff1f1166c63a99d3bda99f7e156d13d9e23d7a9db9886bc61dbdb115adb582366cc49e1c9199131ec8023592b3e65efb6ee00745eb3,08/01/2025 11:08:00 PM,3,PARKED,,2020742,,HONDA,CR-V,IA,2025,NONE,PASSENGER,NOT IN USE,W,PARKED,Y,,0,,PERSONAL TOW,,,,,,,Y,Y,Y,Y,Y,Y,N,,,REAR,,,,,,,,,,,,,,,,,,,,,,,,,,,,,,,,,
2119730,26b85ecb974f391baa6d2ff1f1166c63a99d3bda99f7e156d13d9e23d7a9db9886bc61dbdb115adb582366cc49e1c9199131ec8023592b3e65efb6ee00745eb3,08/01/2025 11:08:00 PM,4,PARKED,,2020745,,NISSAN,ROGUE,IL,2017,NONE,PASSENGER,NOT IN USE,W,PARKED,,,0,,,,,,,,,Y,Y,Y,Y,,,,,,REAR,,,,,,,,,,,,,,,,,,,,,,,,,,,,,,,,,
2119731,26b85ecb974f391baa6d2ff1f1166c63a99d3bda99f7e156d13d9e23d7a9db9886bc61dbdb115adb582366cc49e1c9199131ec8023592b3e65efb6ee00745eb3,08/01/2025 11:08:00 PM,5,PARKED,,2020749,,JEEP,CHEROKEE,TX,2024,NONE,PASSENGER,NOT IN USE,W,PARKED,,,0,,,,,,,,,,Y,Y,Y,,,,,,REAR-LEFT-CORNER,,,,,,,,,,,,,,,,,,,,,,,,,,,,,,,,,
2119734,26b85ecb974f391baa6d2ff1f1166c63a99d3bda99f7e156d13d9e23d7a9db9886bc61dbdb115adb582366cc49e1c9199131ec8023592b3e65efb6ee00745eb3,08/01/2025 11:08:00 PM,6,PARKED,,2020730,,CHEVROLET,EQUINOX,IL,2018,NONE,PASSENGER,NOT IN USE,W,PARKED,,,0,,,,,,,,,Y,Y,Y,,,,,,,REAR,,,,,,,,,,,,,,,,,,,,,,,,,,,,,,,,,
2119706,2fdd994e36b03f434579d25cdc215631af04fbce5697fdf39ddac38c68f6398a03efe8c84bc027182637a88c5bd06c5e9291c985fa3a2b3a37751e918a5652cb,08/01/2025 11:06:00 PM,1,DRIVER,,2020707,,HONDA,CR-V,IL,2008,UNKNOWN,PASSENGER,PERSONAL,E,STRAIGHT AHEAD,Y,,1,,private tow,unknown,,,,,,,,,,,,,Y,,FRONT,,,,,,,,,,,,,,,,,,,,,,,,,,,,,,,,,
2120961,12578090814645f1fb651fe8250312bc63c56814bbe378cb00463f07057cba6f60d94a27368ec89daf063d6692ab717aeef0c4bfe9247a2f24538fa6a6b0d7e6,08/01/2025 11:00:00 PM,1,DRIVER,,2021925,,CHEVROLET,OTHER (EXPLAIN IN NARRATIVE),IL,1995,UNKNOWN,SPORT UTILITY VEHICLE (SUV),UNKNOWN/NA,N,ENTERING TRAFFIC LANE FROM PARKING,,,1,,,,,,,,,,,,,,,,,Y,UNKNOWN,,,,,,,,,,,,,,,,,,,,,,,,,,,,,,,,,
2120962,12578090814645f1fb651fe8250312bc63c56814bbe378cb00463f07057cba6f60d94a27368ec89daf063d6692ab717aeef0c4bfe9247a2f24538fa6a6b0d7e6,08/01/2025 11:00:00 PM,2,DRIVER,,2021915,,TOYOTA,OTHER (EXPLAIN IN NARRATIVE),IL,2005,UNKNOWN,PASSENGER,PERSONAL,N,STRAIGHT AHEAD,,,1,,,,,,,,,Y,Y,,,,,,,,REAR-RIGHT-CORNER,,,,,,,,,,,,,,,,,,,,,,,,,,,,,,,,,
2119760,6b448aadb0d5e6c5153b7cd86d34eddd526307a3babc9ca9cee9e3613b2302c2acc0bea9a13012a0623221f9cc18b3985c743fff677d37199aebc719e71122ea,08/01/2025 11:00:00 PM,1,DRIVER,1,2020765,,TOYOTA,CAMRY,IL,2016,UNKNOWN,PASSENGER,UNKNOWN/NA,S,PASSING/OVERTAKING,,,2,,,,,Y,Y,,,,,,,,,,Y,,FRONT-RIGHT-CORNER,,,,,,,,,,,,,,,,,,,,,,,,,,,,,,,,,
2119761,6b448aadb0d5e6c5153b7cd86d34eddd526307a3babc9ca9cee9e3613b2302c2acc0bea9a13012a0623221f9cc18b3985c743fff677d37199aebc719e71122ea,08/01/2025 11:00:00 PM,2,DRIVER,,2020769,,TOYOTA,PRIUS,IL,2010,NONE,PASSENGER,PERSONAL,S,STRAIGHT AHEAD,,,1,,,,,,,,,,,,,Y,Y,Y,,,FRONT-RIGHT-CORNER,,,,,,,,,,,,,,,,,,,,,,,,,,,,,,,,,
2123112,c48fd2de1a5c767ba821b75efe1badac49e9421a4969977baf67b842033c1fcc8230504aa2a7ded048fb28a1e97a578b717218eb1d3f315273f6879bc86e340e,08/01/2025 11:00:00 PM,1,DRIVER,,2023973,,UNKNOWN,OTHER (EXPLAIN IN NARRATIVE),,,UNKNOWN,PASSENGER,UNKNOWN/NA,N,TURNING LEFT,,,1,,,,,,,,,,,,,,,,,Y,UNKNOWN,,,,,,,,,,,,,,,,,,,,,,,,,,,,,,,,,
2123113,c48fd2de1a5c767ba821b75efe1badac49e9421a4969977baf67b842033c1fcc8230504aa2a7ded048fb28a1e97a578b717218eb1d3f315273f6879bc86e340e,08/01/2025 11:00:00 PM,2,DRIVER,,2023974,,FORD,FUSION,IL,,UNKNOWN,PASSENGER,PERSONAL,N,SLOW/STOP IN TRAFFIC,,,1,,,,,Y,Y,Y,,,,,,,,,,,SIDE-RIGHT-FRONT,,,,,,,,,,,,,,,,,,,,,,,,,,,,,,,,,
2119905,1359fffc7eb3fe341792b50a7c8c2183975026b20c4da9ab73ddf12bb93ccea9d45a0e6d98d8628981ad06da6f94798b13a8ae974dee9c9732298a4f20ae4a27,08/01/2025 10:59:00 PM,2,DRIVER,,2020913,,CHEVROLET,IMPALA,IL,2015,UNKNOWN,PASSENGER,UNKNOWN/NA,UNKNOWN,TURNING RIGHT,,,1,,,,,,,,,,,,,,,,,Y,UNKNOWN,,,,,,,,,,,,,,,,,,,,,,,,,,,,,,,,,
2119906,1359fffc7eb3fe341792b50a7c8c2183975026b20c4da9ab73ddf12bb93ccea9d45a0e6d98d8628981ad06da6f94798b13a8ae974dee9c9732298a4f20ae4a27,08/01/2025 10:59:00 PM,1,DRIVER,,2020909,,FORD,EXPEDITION,IL,2023,NONE,PASSENGER,UNKNOWN/NA,N,STRAIGHT AHEAD,,,1,,,,,Y,,,,,,,,,,Y,Y,,FRONT,,,,,,,,,,,,,,,,,,,,,,,,,,,,,,,,,
2119711,e94c82ea35924d5c8abc48eb69855f34f6b6bf10ac253e8d0825d22954550e46fcc6883cac400c6d1e7b5085c3c37d8411db2c9a689119d753a3f335750dd113,08/01/2025 10:57:00 PM,1,DRIVER,,2020718,,INFINITI,OTHER (EXPLAIN IN NARRATIVE),IL,2020,UNKNOWN,PASSENGER,PERSONAL,E,STRAIGHT AHEAD,N,,1,,,,,Y,,,,,,,,,,Y,Y,,FRONT,,,,,,,,,,,,,,,,,,,,,,,,,,,,,,,,,
2119712,e94c82ea35924d5c8abc48eb69855f34f6b6bf10ac253e8d0825d22954550e46fcc6883cac400c6d1e7b5085c3c37d8411db2c9a689119d753a3f335750dd113,08/01/2025 10:57:00 PM,2,DRIVER,,2020727,,HONDA,PILOT,PA,2019,NONE,PASSENGER,PERSONAL,E,STRAIGHT AHEAD,,,1,,,,,,,,Y,Y,Y,Y,Y,,,,,,REAR,,,,,,,,,,,,,,,,,,,,,,,,,,,,,,,,,
2119756,4f3bfa223e0be0d82a4585b4a8c5d5c991a23657bd06747fc2b06d03612f619b10e7a5029afde5cea989b8e42e63cde0fcb3a3d38ef2461cdcdef58a4f57b6bb,08/01/2025 10:51:00 PM,1,DRIVER,,2020762,,TESLA,OTHER (EXPLAIN IN NARRATIVE),IL,2025,NONE,PASSENGER,PERSONAL,NW,TURNING LEFT,,,1,,,,,N,,,,,,N,Y,Y,,N,N,,SIDE-LEFT-REAR,,,,,,,,,,,,,,,,,,,,,,,,,,,,,,,,,
2119757,4f3bfa223e0be0d82a4585b4a8c5d5c991a23657bd06747fc2b06d03612f619b10e7a5029afde5cea989b8e42e63cde0fcb3a3d38ef2461cdcdef58a4f57b6bb,08/01/2025 10:51:00 PM,2,DRIVER,,2020779,,SUBARU,OUTBACK,IL,2017,NONE,PASSENGER,PERSONAL,NW,TURNING LEFT,,,1,,,,,Y,,,,,,,,,,,,,FRONT-RIGHT-CORNER,,,,,,,,,,,,,,,,,,,,,,,,,,,,,,,,,
2119740,65e3425f18e280cdd43839008094bcd96ad3a0ba1a729095101b13e420712ee982cb0ae897bb83d83327f1b8582493cb067834d1bd4413c1651eb30bf2b44483,08/01/2025 10:47:00 PM,1,PEDESTRIAN,,,,,,,,,,,,,,,,,,,,,,,,,,,,,,,,,,,,,,,,,,,,,,,,,,,,,,,,,,,,,,,,,,
2119741,65e3425f18e280cdd43839008094bcd96ad3a0ba1a729095101b13e420712ee982cb0ae897bb83d83327f1b8582493cb067834d1bd4413c1651eb30bf2b44483,08/01/2025 10:47:00 PM,2,DRIVER,,2020747,,MINI,HARDTOP 4 DOOR,IL,2017,UNKNOWN,PASSENGER,PERSONAL,S,STRAIGHT AHEAD,,,1,,,,,,,,,,,,,,,Y,Y,,FRONT,,,,,,,,,,,,,,,,,,,,,,,,,,,,,,,,,
2119693,7b72ccf68ddedb373e618d118cfa4bd075690dc4676592a8255dea6b687a244fac8468b9db0ddc0c3c475d6b6744c1272973c92ca8ce36f38db35ced74934904,08/01/2025 10:25:00 PM,1,DRIVER,3,2020699,,KIA,FORTE,IL,,UNKNOWN,PASSENGER,PERSONAL,S,STRAIGHT AHEAD,,,4,,,,,,,,,Y,Y,Y,,,,,,,REAR,,,,,,,,,,,,,,,,,,,,,,,,,,,,,,,,,
2119694,7b72ccf68ddedb373e618d118cfa4bd075690dc4676592a8255dea6b687a244fac8468b9db0ddc0c3c475d6b6744c1272973c92ca8ce36f38db35ced74934904,08/01/2025 10:25:00 PM,2,DRIVER,,2020702,,MERCEDES-BENZ,400 SERIES,IL,2016,NONE,PASSENGER,PERSONAL,N,STRAIGHT AHEAD,,,1,,,,,Y,,,,,,,,,Y,Y,Y,,FRONT-RIGHT-CORNER,,,,,,,,,,,,,,,,,,,,,,,,,,,,,,,,,
2119699,6e9442ba3276bf9fcb554d9c5e81c1dc38fc11836c23d00f914ed433cc181da198d4e106455235102812604c98b3960b778a653184756762282b583a506081a2,08/01/2025 10:18:00 PM,1,DRIVER,,2020704,,BUICK,OTHER (EXPLAIN IN NARRATIVE),IL,2017,NONE,PASSENGER,PERSONAL,S,STRAIGHT AHEAD,,,1,,,,,N,Y,,,,,,,,,,,,SIDE-RIGHT-FRONT,,,,,,,,,,,,,,,,,,,,,,,,,,,,,,,,,
2119700,6e9442ba3276bf9fcb554d9c5e81c1dc38fc11836c23d00f914ed433cc181da198d4e106455235102812604c98b3960b778a653184756762282b583a506081a2,08/01/2025 10:18:00 PM,2,DRIVER,,2020711,,TOYOTA,OTHER (EXPLAIN IN NARRATIVE),IL,2013,NONE,PASSENGER,PERSONAL,S,STRAIGHT AHEAD,,,1,,,,,,,,,,,,Y,,,,,,SIDE-LEFT-REAR,,,,,,,,,,,,,,,,,,,,,,,,,,,,,,,,,
2119783,3077b489dbef5227a4c30e28f4ce26e4e9cacc0ce2f63dd0e22d92d1db547b7b0226162b746bc1cbca3c7c1e23e8da4519e36a1f90bc7cbd1beb86b2331cd1b6,08/01/2025 10:15:00 PM,1,DRIVER,1,2020786,,HYUNDAI,TUCSON,IL,2007,UNKNOWN,PASSENGER,UNKNOWN/NA,N,STRAIGHT AHEAD,,,2,,,,,,,,,,,,,,,,,Y,UNKNOWN,,,,,,,,,,,,,,,,,,,,,,,,,,,,,,,,,
2119784,3077b489dbef5227a4c30e28f4ce26e4e9cacc0ce2f63dd0e22d92d1db547b7b0226162b746bc1cbca3c7c1e23e8da4519e36a1f90bc7cbd1beb86b2331cd1b6,08/01/2025 10:15:00 PM,2,DRIVER,2,2020789,,TOYOTA,CAMRY,IL,2016,NONE,PASSENGER,RIDESHARE SERVICE,N,STRAIGHT AHEAD,,,3,,,,,,,,,Y,,,,,,,,,REAR,,,,,,,,,,,,,,,,,,,,,,,,,,,,,,,,,
2119744,a5beb26ff2b5b2fe5f080fc392611988eca2c9127be2fb46b4ec9fb120a34e7a1ffc7c27d106e0b78e14a57a78418d17974878ed549ac47fcc9f60e6d8011dc6,08/01/2025 10:08:00 PM,1,DRIVER,1,2020738,,DODGE,OTHER (EXPLAIN IN NARRATIVE),IL,2023,NONE,VAN/MINI-VAN,OTHER,NE,TURNING RIGHT,,,2,,,,,,,Y,Y,,,,,,,,,,SIDE-RIGHT,,,,,,,,,,,,,,,,,,,,,,,,,,,,,,,,,
2119745,a5beb26ff2b5b2fe5f080fc392611988eca2c9127be2fb46b4ec9fb120a34e7a1ffc7c27d106e0b78e14a57a78418d17974878ed549ac47fcc9f60e6d8011dc6,08/01/2025 10:08:00 PM,2,PARKED,,2020743,,TOYOTA,CAMRY,IL,2013,NONE,PASSENGER,NOT IN USE,N,PARKED,,,0,,,,,,,,,,Y,Y,Y,,,,,,REAR,,,,,,,,,,,,,,,,,,,,,,,,,,,,,,,,,
2119709,3be50866e722c459c7a1ae9324a2a69930490e0a08f3c69b63871918978ae94f9471b53ce2b28bf2af587d35ba6b2b1b3ed79e1a13c60ea5a1c865cc4245b2db,08/01/2025 10:07:00 PM,1,DRIVER,,2020712,,FREIGHTLINER CORPORATION,FREIGHTLINER CORP.,MO,2019,NONE,TRUCK - SINGLE UNIT,OTHER,N,STRAIGHT AHEAD,,,1,,,,,,,Y,Y,,,,,,,,,,SIDE-RIGHT,,,,,,,,,,,,,,,,,,,,,,,,,,,,,,,,,
2119710,3be50866e722c459c7a1ae9324a2a69930490e0a08f3c69b63871918978ae94f9471b53ce2b28bf2af587d35ba6b2b1b3ed79e1a13c60ea5a1c865cc4245b2db,08/01/2025 10:07:00 PM,2,PARKED,,2020714,,PONTIAC,PARISIENNE,IL,1986,NONE,PASSENGER,PERSONAL,N,PARKED,,,0,,,,,,,,,,,,,,Y,Y,,,FRONT-LEFT-CORNER,,,,,,,,,,,,,,,,,,,,,,,,,,,,,,,,,
2119765,239ab80f1156dc453ff780c706ea2d693007b230250dd5f0c7dd393dde9c156a53d8463f0492afb50faec895fc44e6b9c3b3c1eea8dc9104c02632abd6096494,08/01/2025 10:05:00 PM,1,DRIVER,,2020757,,HONDA,ODYSSEY,IL,2002,NONE,VAN/MINI-VAN,PERSONAL,N,PASSING/OVERTAKING,,,1,,,,,Y,Y,,,,,,,,,,,,FRONT-RIGHT-CORNER,,,,,,,,,,,,,,,,,,,,,,,,,,,,,,,,,
2119766,239ab80f1156dc453ff780c706ea2d693007b230250dd5f0c7dd393dde9c156a53d8463f0492afb50faec895fc44e6b9c3b3c1eea8dc9104c02632abd6096494,08/01/2025 10:05:00 PM,2,PARKED,,2020758,,FORD,ESCAPE,IL,2014,NONE,SPORT UTILITY VEHICLE (SUV),NOT IN USE,N,PARKED,,,0,,,,,,,,,,,Y,Y,,,,,,REAR-LEFT-CORNER,,,,,,,,,,,,,,,,,,,,,,,,,,,,,,,,,
2119719,266b5e814dc7b5a35744ae81514a9280016070bbd8f27563ec461d3e9b3d1b2dd4dc96da76a7b8481cda8b6bd8236a454d3d0c01c916e38af86a568845c4bc63,08/01/2025 10:00:00 PM,1,DRIVER,,2020723,,CHRYSLER,300,IL,,UNKNOWN,PASSENGER,UNKNOWN/NA,S,STRAIGHT AHEAD,,,1,,,,,,,,,,,,,,,,N,Y,FRONT,,,,,,,,,,,,,,,,,,,,,,,,,,,,,,,,,
2119720,266b5e814dc7b5a35744ae81514a9280016070bbd8f27563ec461d3e9b3d1b2dd4dc96da76a7b8481cda8b6bd8236a454d3d0c01c916e38af86a568845c4bc63,08/01/2025 10:00:00 PM,2,DRIVER,,2020732,,TOYOTA,CAMRY,,2017,UNKNOWN,PASSENGER,PERSONAL,S,STRAIGHT AHEAD,,,1,,,,,,,,,Y,Y,Y,,,,,,,REAR,,,,,,,,,,,,,,,,,,,,,,,,,,,,,,,,,
2119723,526a2c14cee4a66d5b00f9ef75920e39dc6a5c2c1d17b8ebad1b5320e769218da5c0d7c6589671e688247e6683d38933884d06c8f140da4fb2106547abe82fb7,08/01/2025 09:58:00 PM,1,DRIVER,1,2020719,,DODGE,RAM 2500 VAN,IL,2021,NONE,PASSENGER,OTHER,SW,TURNING LEFT,,,2,,,,Y,,,,,,,,,,,,,,SIDE-RIGHT,,,,,,,,,,,,,,,,,,,,,,,,,,,,,,,,,
2119724,526a2c14cee4a66d5b00f9ef75920e39dc6a5c2c1d17b8ebad1b5320e769218da5c0d7c6589671e688247e6683d38933884d06c8f140da4fb2106547abe82fb7,08/01/2025 09:58:00 PM,2,DRIVER,2,2020725,,TOYOTA,CAMRY,IL,2021,NONE,PASSENGER,RIDESHARE SERVICE,S,SLOW/STOP IN TRAFFIC,,,3,,,,,,,,,N,Y,Y,,,,,,,REAR-LEFT-CORNER,,,,,,,,,,,,,,,,,,,,,,,,,,,,,,,,,
2119701,b1f69180117abce621115ea47a13c9da020218be5440e0babe3a9c8d28bb895dfa9473dbe8fce4dc67d9de1552b5efc0a3e39a5913bdca85f8c0375099cee7b5,08/01/2025 09:50:00 PM,1,DRIVER,,2020708,,HONDA,CIVIC,IL,2018,NONE,PASSENGER,PERSONAL,N,STRAIGHT AHEAD,,,1,,,,,Y,Y,,,,,,,,,,,,FRONT-RIGHT-CORNER,,,,,,,,,,,,,,,,,,,,,,,,,,,,,,,,,
2119702,b1f69180117abce621115ea47a13c9da020218be5440e0babe3a9c8d28bb895dfa9473dbe8fce4dc67d9de1552b5efc0a3e39a5913bdca85f8c0375099cee7b5,08/01/2025 09:50:00 PM,2,DRIVER,,2020713,,BMW,320I,FL,2017,NONE,PASSENGER,PERSONAL,N,TURNING LEFT,,,1,,,,,,,,,,,,,,Y,Y,,,FRONT-LEFT-CORNER,,,,,,,,,,,,,,,,,,,,,,,,,,,,,,,,,
2119795,b7ad5b2d9ccdf838ff007a870e1463d380abaa1bb5e26b6324bc127c4880b9ef9ee70e760fa7401fd2cd89e63be95f4f97b07eb32ab855932660da6a3075036d,08/01/2025 09:50:00 PM,1,DRIVER,,2020800,,HONDA,MOTORCYCLE,XX,2013,NONE,MOTORCYCLE (OVER 150CC),PERSONAL,SW,LEAVING TRAFFIC LANE TO PARK,,,1,,,,,,,,,,,,Y,Y,Y,Y,,,FRONT-LEFT-CORNER,,,,,,,,,,,,,,,,,,,,,,,,,,,,,,,,,
2119796,b7ad5b2d9ccdf838ff007a870e1463d380abaa1bb5e26b6324bc127c4880b9ef9ee70e760fa7401fd2cd89e63be95f4f97b07eb32ab855932660da6a3075036d,08/01/2025 09:50:00 PM,2,DRIVER,,2020809,,LEXUS,UX,IL,2020,NONE,PASSENGER,PERSONAL,SW,OTHER,,,1,,,,,,,,Y,Y,Y,,,,,,,,REAR-RIGHT-CORNER,,,,,,,,,,,,,,,,,,,,,,,,,,,,,,,,,
2122055,a5ae00cfc5536f4b89c10064e24c6c7e074a8981086175124a7ce3a4066057c51a39c07f12028308f3a422905614c478d61cdb74cb0ea8e0d85770d11d4a5a72,08/01/2025 09:47:00 PM,1,DRIVER,,2022970,,TOYOTA,PRIUS,IL,2011,NONE,PASSENGER,PERSONAL,S,STRAIGHT AHEAD,,,1,,,,,Y,,,,,,,,,,Y,Y,,FRONT,,,,,,,,,,,,,,,,,,,,,,,,,,,,,,,,,