CRASH_UNIT_ID,CRASH_RECORD_ID,CRASH_DATE,UNIT_NO,UNIT_TYPE,NUM_PASSENGERS,VEHICLE_ID,CMRC_VEH_I,MAKE,MODEL,LIC_PLATE_STATE,VEHICLE_YEAR,VEHICLE_DEFECT,VEHICLE_TYPE,VEHICLE_USE,TRAVEL_DIRECTION,MANEUVER,TOWED_I,FIRE_I,OCCUPANT_CNT,EXCEED_SPEED_LIMIT_I,TOWED_BY,TOWED_TO,AREA_00_I,AREA_01_I,AREA_02_I,AREA_03_I,AREA_04_I,AREA_05_I,AREA_06_I,AREA_07_I,AREA_08_I,AREA_09_I,AREA_10_I,AREA_11_I,AREA_12_I,AREA_99_I,FIRST_CONTACT_POINT,CMV_ID,USDOT_NO,CCMC_NO,ILCC_NO,COMMERCIAL_SRC,GVWR,CARRIER_NAME,CARRIER_STATE,CARRIER_CITY,HAZMAT_PLACARDS_I,HAZMAT_NAME,UN_NO,HAZMAT_PRESENT_I,HAZMAT_REPORT_I,HAZMAT_REPORT_NO,MCS_REPORT_I,MCS_REPORT_NO,HAZMAT_VIO_CAUSE_CRASH_I,MCS_VIO_CAUSE_CRASH_I,IDOT_PERMIT_NO,WIDE_LOAD_I,TRAILER1_WIDTH,TRAILER2_WIDTH,TRAILER1_LENGTH,TRAILER2_LENGTH,TOTAL_VEHICLE_LENGTH,AXLE_CNT,VEHICLE_CONFIG,CARGO_BODY_TYPE,LOAD_TYPE,HAZMAT_OUT_OF_SERVICE_I,MCS_OUT_OF_SERVICE_I,HAZMAT_CLASS
2122056,a5ae00cfc5536f4b89c10064e24c6c7e074a8981086175124a7ce3a4066057c51a39c07f12028308f3a422905614c478d61cdb74cb0ea8e0d85770d11d4a5a72,08/01/2025 09:47:00 PM,2,PEDESTRIAN,,,,,,,,,,,,,,,,,,,,,,,,,,,,,,,,,,,,,,,,,,,,,,,,,,,,,,,,,,,,,,,,,,
2119780,2882f44da7503de4f7130d30359074b9eaf02a34a5b94d1ed59259cd5ff3071ffb8f1d6709d9bdd01ae26fbf3e2e60c6e5295b4ddfa9a50f600549cfa9135629,08/01/2025 09:35:00 PM,1,DRIVER,,2020780,,VOLKSWAGEN,OTHER (EXPLAIN IN NARRATIVE),IL,2009,UNKNOWN,PASSENGER,PERSONAL,N,STRAIGHT AHEAD,,,1,,,,,,,,,,,,,,,,,,FRONT,,,,,,,,,,,,,,,,,,,,,,,,,,,,,,,,,
2119781,2882f44da7503de4f7130d30359074b9eaf02a34a5b94d1ed59259cd5ff3071ffb8f1d6709d9bdd01ae26fbf3e2e60c6e5295b4ddfa9a50f600549cfa9135629,08/01/2025 09:35:00 PM,2,PARKED,,2020781,,TOYOTA,VENZA,IL,2010,NONE,PASSENGER,NOT IN USE,N,PARKED,,,0,,,,,Y,,,,,Y,Y,Y,,,,,,REAR,,,,,,,,,,,,,,,,,,,,,,,,,,,,,,,,,
2119782,2882f44da7503de4f7130d30359074b9eaf02a34a5b94d1ed59259cd5ff3071ffb8f1d6709d9bdd01ae26fbf3e2e60c6e5295b4ddfa9a50f600549cfa9135629,08/01/2025 09:35:00 PM,3,PARKED,,2020783,,FORD,VAN,IL,2009,UNKNOWN,UNKNOWN/NA,NOT IN USE,N,PARKED,,,0,,,,,,,,,Y,,,,,,,,,REAR,,,,,,,,,,,,,,,,,,,,,,,,,,,,,,,,,
2119689,425c86f37d3037df8abcbae6a28fd52cbcba3e2464064320c2ad014bf87cb1374dfbfe7b1952ef4df484a3362eb6ee15e97229e9776ae9b2e4a589e77fcae8ca,08/01/2025 09:33:00 PM,1,DRIVER,3,2020691,,KIA,OPTIMA / K5,IL,2016,NONE,PASSENGER,RIDESHARE SERVICE,S,STRAIGHT AHEAD,,,4,,,,,,Y,Y,Y,,,,,,,,,,SIDE-RIGHT,,,,,,,,,,,,,,,,,,,,,,,,,,,,,,,,,
2119690,425c86f37d3037df8abcbae6a28fd52cbcba3e2464064320c2ad014bf87cb1374dfbfe7b1952ef4df484a3362eb6ee15e97229e9776ae9b2e4a589e77fcae8ca,08/01/2025 09:33:00 PM,2,DRIVER,,2020695,,INFINITI,G35,IL,2004,NONE,PASSENGER,PERSONAL,SE,STRAIGHT AHEAD,,,1,,,,,,,,,,,,,,Y,Y,Y,,FRONT-LEFT-CORNER,,,,,,,,,,,,,,,,,,,,,,,,,,,,,,,,,
2119915,9bbf4d9a019686d21e19ff757e1f047281527005593c6f69c97aaca919c65967465371a5ebac7e1cf7d3fa211fe3d0ec2cb7cee591df55eb3203ea228ba578d6,08/01/2025 09:31:00 PM,1,DRIVER,,2020923,,HONDA,CIVIC,IL,2020,UNKNOWN,PASSENGER,UNKNOWN/NA,UNKNOWN,UNKNOWN/NA,,,1,,,,,,,,,,,,,,,,,,UNKNOWN,,,,,,,,,,,,,,,,,,,,,,,,,,,,,,,,,
2119916,9bbf4d9a019686d21e19ff757e1f047281527005593c6f69c97aaca919c65967465371a5ebac7e1cf7d3fa211fe3d0ec2cb7cee591df55eb3203ea228ba578d6,08/01/2025 09:31:00 PM,2,DRIVER,2,2020917,,HONDA,CR-V,IL,2025,NONE,PASSENGER,PERSONAL,UNKNOWN,STRAIGHT AHEAD,,,3,,,,,,,,,,,Y,Y,Y,,,,,SIDE-LEFT-REAR,,,,,,,,,,,,,,,,,,,,,,,,,,,,,,,,,
2119725,4df3b77e1768bd70f5e6bc644184fb322ee70a26f62ca6f8baad6131970e32ab2f6813b8eb433576f959c22a622b8790e910f82241cf6c8b98c556635d75d00c,08/01/2025 09:30:00 PM,1,DRIVER,,2020728,,UNKNOWN,MOTORIZED,,,UNKNOWN,UNKNOWN/NA,UNKNOWN/NA,W,STRAIGHT AHEAD,,,1,,,,,,,,,,,,,,,,,Y,FRONT,,,,,,,,,,,,,,,,,,,,,,,,,,,,,,,,,
2119726,4df3b77e1768bd70f5e6bc644184fb322ee70a26f62ca6f8baad6131970e32ab2f6813b8eb433576f959c22a622b8790e910f82241cf6c8b98c556635d75d00c,08/01/2025 09:30:00 PM,2,DRIVER,,2020731,,HYUNDAI,SANTA FE,IL,2023,NONE,PASSENGER,PERSONAL,W,TURNING LEFT,,,1,,,,,,,,,Y,Y,Y,,,,,,,REAR,,,,,,,,,,,,,,,,,,,,,,,,,,,,,,,,,
2120838,6fa8ccaa7f64fa3503472add9b3a831fa86bc506af982d41a31d7f80207ed9f1dfc92140a045366c19474410b4b5146b068661a07cece671bd7f8366f688d1d9,08/01/2025 09:30:00 PM,1,DRIVER,,2021793,,SUBARU,OUTBACK,IL,2015,UNKNOWN,PASSENGER,RIDESHARE SERVICE,N,SLOW/STOP IN TRAFFIC,,,1,,,,,,,,Y,,,,,,,,,,UNKNOWN,,,,,,,,,,,,,,,,,,,,,,,,,,,,,,,,,
2120839,6fa8ccaa7f64fa3503472add9b3a831fa86bc506af982d41a31d7f80207ed9f1dfc92140a045366c19474410b4b5146b068661a07cece671bd7f8366f688d1d9,08/01/2025 09:30:00 PM,2,DRIVER,,2021808,,UNKNOWN,OTHER (EXPLAIN IN NARRATIVE),IL,,UNKNOWN,OTHER,UNKNOWN/NA,N,STRAIGHT AHEAD,,,1,,,,,,,,,,,,,,,,,Y,UNKNOWN,,,,,,,,,,,,,,,,,,,,,,,,,,,,,,,,,
2120046,2abae5d265dc0bf55caf9c755cf92e32b2443d3ffd689cd7c69f5809ca73a4a84b2219d80fd29bd78e88fb558c80ab94473dbeefbf829343060fa5fbdaccb2d5,08/01/2025 09:20:00 PM,1,DRIVER,,2021037,,HUMMER,H1,IL,2006,NONE,SPORT UTILITY VEHICLE (SUV),PERSONAL,N,BACKING,,,1,,,,,,,,,Y,,,,,,,,,REAR-RIGHT-CORNER,,,,,,,,,,,,,,,,,,,,,,,,,,,,,,,,,
2120047,2abae5d265dc0bf55caf9c755cf92e32b2443d3ffd689cd7c69f5809ca73a4a84b2219d80fd29bd78e88fb558c80ab94473dbeefbf829343060fa5fbdaccb2d5,08/01/2025 09:20:00 PM,2,PARKED,2,2021038,,NISSAN,SENTRA,IL,2013,NONE,PASSENGER,PERSONAL,N,PARKED,,,2,,,,,,,,,,,Y,,,,,,,REAR-LEFT-CORNER,,,,,,,,,,,,,,,,,,,,,,,,,,,,,,,,,
2119697,68e4ca2362409941127842480e4c1eed10c126bc8ba7cf80e68c263839b3b3933693b4b0e6efdd964aef39857be46e341900e4997d8cbbf589fbc43fda6c4043,08/01/2025 09:20:00 PM,1,DRIVER,,2020700,,TOYOTA,OTHER (EXPLAIN IN NARRATIVE),IL,,UNKNOWN,PASSENGER,UNKNOWN/NA,W,TURNING RIGHT,,,1,,,,,,,,,,,,,,,,,Y,UNKNOWN,,,,,,,,,,,,,,,,,,,,,,,,,,,,,,,,,
2119698,68e4ca2362409941127842480e4c1eed10c126bc8ba7cf80e68c263839b3b3933693b4b0e6efdd964aef39857be46e341900e4997d8cbbf589fbc43fda6c4043,08/01/2025 09:20:00 PM,2,DRIVER,1,2020703,,TESLA,MODEL Y,IL,2026,UNKNOWN,PASSENGER,PERSONAL,W,TURNING RIGHT,,,2,,,,,,,,,,,,,,,,,,SIDE-RIGHT,,,,,,,,,,,,,,,,,,,,,,,,,,,,,,,,,
2119703,744b86cb264a31e79933a5dc9cf2430452d69f9061654d8bc397449d2200d6bd9ac2b7770eabf2720ba21fae9042319db4e16e307814129fd8acc30ba8f876fa,08/01/2025 09:15:00 PM,1,DRIVER,,2020715,,FORD,FUSION,IL,2016,UNKNOWN,PASSENGER,PERSONAL,E,STRAIGHT AHEAD,,,1,,,,Y,,,,,,,,,,,,,,NONE,,,,,,,,,,,,,,,,,,,,,,,,,,,,,,,,,
2119704,744b86cb264a31e79933a5dc9cf2430452d69f9061654d8bc397449d2200d6bd9ac2b7770eabf2720ba21fae9042319db4e16e307814129fd8acc30ba8f876fa,08/01/2025 09:15:00 PM,2,DRIVER,,2020754,,TESLA,MODEL Y,IL,2025,UNKNOWN,PASSENGER,PERSONAL,N,TURNING LEFT,,,1,,,,,,,,,,,,,,,,,Y,UNKNOWN,,,,,,,,,,,,,,,,,,,,,,,,,,,,,,,,,
2120370,42bcda646a33de13bf16afc379019417edd951982c525055d7999f326b2408204f61e239571c86c40c767032b28e2c4bb89c2804bcd91c274cadc0609cf67f74,08/01/2025 09:04:00 PM,1,DRIVER,,2021346,,FORD,FOCUS,IL,2002,UNKNOWN,PASSENGER,PERSONAL,S,STRAIGHT AHEAD,,,1,,,,,Y,,,,,,,,,,Y,Y,,FRONT,,,,,,,,,,,,,,,,,,,,,,,,,,,,,,,,,
2120371,42bcda646a33de13bf16afc379019417edd951982c525055d7999f326b2408204f61e239571c86c40c767032b28e2c4bb89c2804bcd91c274cadc0609cf67f74,08/01/2025 09:04:00 PM,2,DRIVER,,2021349,,VOLKSWAGEN,JETTA,IL,2016,UNKNOWN,PASSENGER,PERSONAL,S,STRAIGHT AHEAD,,,1,,,,,,,,,Y,Y,Y,,,,,,,REAR,,,,,,,,,,,,,,,,,,,,,,,,,,,,,,,,,
2119682,87bd80eea7e4a5f5bfcae3930ba9374ee64e183dd837a88c86f2f031453ed5a8388356631f2f333a5fa17c41599e47f5420f21aef50b345ad8515f0a42d9bf11,08/01/2025 09:03:00 PM,1,DRIVER,,2020683,,FORD,F150,IL,2023,UNKNOWN,PICKUP,PERSONAL,E,TURNING LEFT,,,1,,,,,Y,Y,,,,,,,,,,,,FRONT-RIGHT-CORNER,,,,,,,,,,,,,,,,,,,,,,,,,,,,,,,,,
2119683,87bd80eea7e4a5f5bfcae3930ba9374ee64e183dd837a88c86f2f031453ed5a8388356631f2f333a5fa17c41599e47f5420f21aef50b345ad8515f0a42d9bf11,08/01/2025 09:03:00 PM,2,DRIVER,,2020687,,BUICK,ENCLAVE,IL,2012,NONE,PASSENGER,PERSONAL,SW,TURNING RIGHT,,,1,,,,,Y,Y,,,,,,,,,,Y,,FRONT-RIGHT-CORNER,,,,,,,,,,,,,,,,,,,,,,,,,,,,,,,,,
2119673,19553030cceb63ac7ea6eac00b0d1869625f462c72a65a78d2f0f0d46e842e44f6e7466d824305d1911cd2cdc617183c32f869d3433117a60c9f6925d505cf8d,08/01/2025 09:00:00 PM,1,DRIVER,,2020680,,FORD,OTHER (EXPLAIN IN NARRATIVE),IL,2020,NONE,BUS OVER 15 PASS.,OTHER,N,STRAIGHT AHEAD,,,1,,,,,,,,,,,,,,,,,Y,UNKNOWN,,,,,,,,,,,,,,,,,,,,,,,,,,,,,,,,,
2119674,19553030cceb63ac7ea6eac00b0d1869625f462c72a65a78d2f0f0d46e842e44f6e7466d824305d1911cd2cdc617183c32f869d3433117a60c9f6925d505cf8d,08/01/2025 09:00:00 PM,2,PARKED,,2020682,,MERCEDES-BENZ,GELAENDEWAGEN (G-WAGEN),IL,2019,NONE,PASSENGER,NOT IN USE,N,PARKED IN TRAFFIC LANE,,,0,,,,,,,,,,,,,,Y,,,,SIDE-LEFT,,,,,,,,,,,,,,,,,,,,,,,,,,,,,,,,,
2119917,65971100dd753e2ba79d2ef1e61baff38cdaa06a3bb838fcfd85213e1740b5bb8409c1c8573e048379fc89939cc9d81286406f61bf76f8c4e28a1d7a5d7e0a7b,08/01/2025 08:58:00 PM,1,,,,,,,,,,,,,,,,,,,,,,,,,,,,,,,,,,,,,,,,,,,,,,,,,,,,,,,,,,,,,,,,,,,
2119923,65971100dd753e2ba79d2ef1e61baff38cdaa06a3bb838fcfd85213e1740b5bb8409c1c8573e048379fc89939cc9d81286406f61bf76f8c4e28a1d7a5d7e0a7b,08/01/2025 08:58:00 PM,1,PARKED,,2020924,,NISSAN,ROGUE,IL,2024,NONE,PASSENGER,PERSONAL,S,PARKED,,,0,,,,,,,,,,,,,Y,Y,Y,,,SIDE-LEFT,,,,,,,,,,,,,,,,,,,,,,,,,,,,,,,,,
2119950,65971100dd753e2ba79d2ef1e61baff38cdaa06a3bb838fcfd85213e1740b5bb8409c1c8573e048379fc89939cc9d81286406f61bf76f8c4e28a1d7a5d7e0a7b,08/01/2025 08:58:00 PM,2,DRIVER,,2020948,,UNKNOWN,OTHER (EXPLAIN IN NARRATIVE),IL,,UNKNOWN,UNKNOWN/NA,UNKNOWN/NA,S,STRAIGHT AHEAD,,,1,,,,,Y,Y,,,,,,,,,,,,SIDE-RIGHT,,,,,,,,,,,,,,,,,,,,,,,,,,,,,,,,,
2119966,12aae90bdad5a6067f427f36c9c1e9109ae0006a101578a4abc13cee58692a6c30ac32db045e956431190d1850ad7c7b54fef46f2cb9d8dc5400dc3e1114900e,08/01/2025 08:56:00 PM,1,DRIVER,,2020964,,UNKNOWN,OTHER (EXPLAIN IN NARRATIVE),,,UNKNOWN,UNKNOWN/NA,UNKNOWN/NA,S,STRAIGHT AHEAD,,,1,,,,,N,,,,,,,,,,N,N,Y,FRONT,,,,,,,,,,,,,,,,,,,,,,,,,,,,,,,,,
2119967,12aae90bdad5a6067f427f36c9c1e9109ae0006a101578a4abc13cee58692a6c30ac32db045e956431190d1850ad7c7b54fef46f2cb9d8dc5400dc3e1114900e,08/01/2025 08:56:00 PM,2,DRIVER,2,2020968,,VOLKSWAGEN,JETTA,IL,2013,UNKNOWN,PASSENGER,PERSONAL,W,STRAIGHT AHEAD,,,3,,,,,Y,N,,,,,,,,,,Y,,FRONT-RIGHT-CORNER,,,,,,,,,,,,,,,,,,,,,,,,,,,,,,,,,
2119721,84ea4500d2ba60a215113d97fca1b1a18cd854ce779616e1866556b931a0a26a81d218ec5588e6af6baedc5ba0a339b37056a143f0f7ab1ee55a6655553b6f05,08/01/2025 08:52:00 PM,1,DRIVER,,2020720,,KIA,SOUL,IL,2019,UNKNOWN,PASSENGER,PERSONAL,N,MERGING,,,1,,,,,Y,N,,,,,,,,Y,Y,Y,,FRONT-LEFT-CORNER,,,,,,,,,,,,,,,,,,,,,,,,,,,,,,,,,
2119722,84ea4500d2ba60a215113d97fca1b1a18cd854ce779616e1866556b931a0a26a81d218ec5588e6af6baedc5ba0a339b37056a143f0f7ab1ee55a6655553b6f05,08/01/2025 08:52:00 PM,2,DRIVER,,2020726,,MITSUBISHI,OUTLANDER,IL,2022,NONE,SPORT UTILITY VEHICLE (SUV),PERSONAL,N,STRAIGHT AHEAD,,,1,,,,,,Y,Y,Y,Y,Y,Y,,,,N,,,SIDE-RIGHT-REAR,,,,,,,,,,,,,,,,,,,,,,,,,,,,,,,,,
2119953,6d83cca9231bc5ef17d77bc499a460798b412fb2513b0ba3cc7a6f3f52732e68565eb12b14ce0397529dce4c7e3939b8ae55fb315c9ba0ea1726363bbf1cec9c,08/01/2025 08:50:00 PM,1,DRIVER,,2020952,,INFINITI,QX50,,,UNKNOWN,PASSENGER,UNKNOWN/NA,N,CHANGING LANES,,,1,,,,,,,,,,,,,,,,,Y,SIDE-RIGHT,,,,,,,,,,,,,,,,,,,,,,,,,,,,,,,,,
2119954,6d83cca9231bc5ef17d77bc499a460798b412fb2513b0ba3cc7a6f3f52732e68565eb12b14ce0397529dce4c7e3939b8ae55fb315c9ba0ea1726363bbf1cec9c,08/01/2025 08:50:00 PM,2,DRIVER,,2020958,,HYUNDAI,IONIC,IL,2023,NONE,PASSENGER,PERSONAL,N,STRAIGHT AHEAD,,,1,,,,,,,,,,,,,,Y,Y,,,SIDE-LEFT-FRONT,,,,,,,,,,,,,,,,,,,,,,,,,,,,,,,,,
2119680,29ae3156fe050c231b3a9a5d212324470bbddc34abca1bebfdf063767cb70c9cf1efef3fb66177f5ed480adc11a88ad712327c8548ef143ece1b0e48e0bf1c73,08/01/2025 08:40:00 PM,1,DRIVER,,2020692,,ACURA,TLX,IL,2004,NONE,PASSENGER,PERSONAL,S,STRAIGHT AHEAD,,,1,,,,,Y,,,,,,,,,,Y,Y,,FRONT,,,,,,,,,,,,,,,,,,,,,,,,,,,,,,,,,
2119681,29ae3156fe050c231b3a9a5d212324470bbddc34abca1bebfdf063767cb70c9cf1efef3fb66177f5ed480adc11a88ad712327c8548ef143ece1b0e48e0bf1c73,08/01/2025 08:40:00 PM,2,DRIVER,,2020694,,HYUNDAI,SANTA FE,IL,2010,UNKNOWN,SPORT UTILITY VEHICLE (SUV),UNKNOWN/NA,S,UNKNOWN/NA,,,1,,,,,,,,,,,,,,,,,Y,REAR,,,,,,,,,,,,,,,,,,,,,,,,,,,,,,,,,
2119677,eb7fe346360e999fad9fa99d41d3062526e49d0cbf69e4db526350c91ea3351e35ff804ac220f1220c91d154039f0db5259ae6cc6d4af7f126c812bf3fa60acd,08/01/2025 08:31:00 PM,1,DRIVER,,2020681,,TOYOTA,HIGHLANDER,IL,2008,UNKNOWN,SPORT UTILITY VEHICLE (SUV),PERSONAL,E,STRAIGHT AHEAD,,,1,,,,,Y,,,,,,,,,,Y,Y,,FRONT,,,,,,,,,,,,,,,,,,,,,,,,,,,,,,,,,
2119678,eb7fe346360e999fad9fa99d41d3062526e49d0cbf69e4db526350c91ea3351e35ff804ac220f1220c91d154039f0db5259ae6cc6d4af7f126c812bf3fa60acd,08/01/2025 08:31:00 PM,3,DRIVER,,2020685,,LEXUS,RX350,IL,2023,UNKNOWN,SPORT UTILITY VEHICLE (SUV),PERSONAL,E,STRAIGHT AHEAD,,,1,,,,,,,,,Y,Y,Y,,,,,,,REAR,,,,,,,,,,,,,,,,,,,,,,,,,,,,,,,,,
2119679,eb7fe346360e999fad9fa99d41d3062526e49d0cbf69e4db526350c91ea3351e35ff804ac220f1220c91d154039f0db5259ae6cc6d4af7f126c812bf3fa60acd,08/01/2025 08:31:00 PM,2,DRIVER,1,2020688,,DODGE,CHARGER,IL,2018,UNKNOWN,PASSENGER,PERSONAL,E,STRAIGHT AHEAD,,,2,,,,,,,,,Y,Y,Y,,,,,,,REAR,,,,,,,,,,,,,,,,,,,,,,,,,,,,,,,,,
2119668,5121cdff00b787240a5643a4b88b29caf48eeb9c75630d117d48445b372f22cb840a0baabab9c906a90adc2e477c9874b67773f5367940a60973174930da5cdc,08/01/2025 08:30:00 PM,1,DRIVER,1,2020669,,CHEVROLET,CAMARO,IL,2017,UNKNOWN,UNKNOWN/NA,UNKNOWN/NA,E,STRAIGHT AHEAD,,,2,,,,,,,,,,,,,,,,,Y,UNKNOWN,,,,,,,,,,,,,,,,,,,,,,,,,,,,,,,,,
2119669,5121cdff00b787240a5643a4b88b29caf48eeb9c75630d117d48445b372f22cb840a0baabab9c906a90adc2e477c9874b67773f5367940a60973174930da5cdc,08/01/2025 08:30:00 PM,2,DRIVER,,2020672,,TOYOTA,CAMRY,IL,2023,NONE,PASSENGER,PERSONAL,E,SLOW/STOP IN TRAFFIC,,,1,,,,,,,,,,Y,,,,,,,,REAR,,,,,,,,,,,,,,,,,,,,,,,,,,,,,,,,,
2119670,5781353a7399f4dad354ec9a18e56fee82dfcabaefe17cbdd8086a516624575c9d6f9d29aa4c0b7fccf15b66849cf2a87003f1fda70f0fd40ad8c5f9ec52de4a,08/01/2025 08:21:00 PM,1,DRIVER,,2020674,,UNKNOWN,OTHER (EXPLAIN IN NARRATIVE),IL,,UNKNOWN,OTHER,FIRE,W,STRAIGHT AHEAD,,,1,,,,,,,,,,Y,,,,,,,,TOP,,,,,,,,,,,,,,,,,,,,,,,,,,,,,,,,,
2119695,dd344db000717fadef8ed316f62f80440f3cf380161e0b7d6b78848c2b09a5cfdb4603c63a64aac980e38be0db63465cb10de6cf295967439d2b4ddb26ddbd1b,08/01/2025 08:15:00 PM,1,DRIVER,,2020701,,FORD,ESCAPE,,2013,UNKNOWN,SPORT UTILITY VEHICLE (SUV),PERSONAL,N,STRAIGHT AHEAD,,,1,,,,,,,,,,Y,,,,,Y,,,FRONT-LEFT-CORNER,,,,,,,,,,,,,,,,,,,,,,,,,,,,,,,,,
2119696,dd344db000717fadef8ed316f62f80440f3cf380161e0b7d6b78848c2b09a5cfdb4603c63a64aac980e38be0db63465cb10de6cf295967439d2b4ddb26ddbd1b,08/01/2025 08:15:00 PM,2,DRIVER,,2020710,,KIA,SPORTAGE,IL,2024,UNKNOWN,SPORT UTILITY VEHICLE (SUV),PERSONAL,N,TURNING LEFT,,,1,,,,,,,,,,Y,,,,,,,,REAR,,,,,,,,,,,,,,,,,,,,,,,,,,,,,,,,,
2119750,19864aa9ed9e16c312383249250db8a7a6463903b9986310c1c46ce1120809ab304e9f96ea5398bce614c44f3ef54b9266a18038d920856660cfef28b05c1176,08/01/2025 08:07:00 PM,1,DRIVER,,2020751,,UNKNOWN,OTHER (EXPLAIN IN NARRATIVE),IL,,UNKNOWN,UNKNOWN/NA,UNKNOWN/NA,UNKNOWN,UNKNOWN/NA,,,1,,,,,,,,,,,,,,,,,Y,UNKNOWN,,,,,,,,,,,,,,,,,,,,,,,,,,,,,,,,,
2119751,19864aa9ed9e16c312383249250db8a7a6463903b9986310c1c46ce1120809ab304e9f96ea5398bce614c44f3ef54b9266a18038d920856660cfef28b05c1176,08/01/2025 08:07:00 PM,2,PARKED,,2020756,,NISSAN,KICKS,IL,2019,UNKNOWN,PASSENGER,PERSONAL,W,PARKED,,,0,,,,,,,,,,,Y,Y,Y,,,,,REAR-LEFT-CORNER,,,,,,,,,,,,,,,,,,,,,,,,,,,,,,,,,
2126475,5517314d6d28616b7260aae15627fe7b5f4433008dddf4c8a5cb910bd7a7722c3a0fc6f2f248b8d3072f6b11a6de1043ba2fcd0dc9a5125d5b82d2c0aea3d507,08/01/2025 08:00:00 PM,1,DRIVERLESS,,2027188,,UNKNOWN,OTHER (EXPLAIN IN NARRATIVE),IL,1900,UNKNOWN,UNKNOWN/NA,UNKNOWN/NA,UNKNOWN,UNKNOWN/NA,,,0,,,,,,,,,,,,,,,,,,OTHER,,,,,,,,,,,,,,,,,,,,,,,,,,,,,,,,,
2126479,5517314d6d28616b7260aae15627fe7b5f4433008dddf4c8a5cb910bd7a7722c3a0fc6f2f248b8d3072f6b11a6de1043ba2fcd0dc9a5125d5b82d2c0aea3d507,08/01/2025 08:00:00 PM,2,DRIVER,,2027167,,VOLKSWAGEN,PASSAT,IL,2015,UNKNOWN,PASSENGER,PERSONAL,E,STRAIGHT AHEAD,,,1,,,,,,,,,,,,,,N,Y,,,FRONT-LEFT-CORNER,,,,,,,,,,,,,,,,,,,,,,,,,,,,,,,,,
2121205,9d4e2a0917f078c0933bce5d5f6a1ac09acca61a1da526d0e51ade6b6f1f0e6fa677b052225a5bb9c427aa2bcdadcaba2034dd964e1cd125b7806333f3e3b978,08/01/2025 08:00:00 PM,1,DRIVER,,2022154,,UNKNOWN,OTHER (EXPLAIN IN NARRATIVE),,,UNKNOWN,PASSENGER,PERSONAL,N,STARTING IN TRAFFIC,,,1,,,,,Y,,,,,,,,,,Y,Y,,FRONT,,,,,,,,,,,,,,,,,,,,,,,,,,,,,,,,,
2121206,9d4e2a0917f078c0933bce5d5f6a1ac09acca61a1da526d0e51ade6b6f1f0e6fa677b052225a5bb9c427aa2bcdadcaba2034dd964e1cd125b7806333f3e3b978,08/01/2025 08:00:00 PM,2,DRIVER,,2022165,,DODGE,CARAVAN,IL,2010,UNKNOWN,PASSENGER,PERSONAL,N,SLOW/STOP IN TRAFFIC,,,1,,,,,,,,,Y,Y,Y,,,,,,,REAR,,,,,,,,,,,,,,,,,,,,,,,,,,,,,,,,,
2119629,e930eafa1450217e648c357f64408fb14a0f45a8c313e7c4a0898a20e5c4083b3fa6dc4716d691cda22a839bdcfbfd3358dcef4aec8ae9507c891dca14269e91,08/01/2025 08:00:00 PM,1,DRIVER,,2020647,,DODGE,RAM 3500 PU,IL,2019,NONE,PICKUP,PERSONAL,N,STRAIGHT AHEAD,,,1,,,,,,,,,,,,,,,,,,FRONT,,,,,,,,,,,,,,,,,,,,,,,,,,,,,,,,,
2119630,e930eafa1450217e648c357f64408fb14a0f45a8c313e7c4a0898a20e5c4083b3fa6dc4716d691cda22a839bdcfbfd3358dcef4aec8ae9507c891dca14269e91,08/01/2025 08:00:00 PM,2,DRIVER,,2020653,,TOYOTA,CAMRY,IL,2019,NONE,PASSENGER,PERSONAL,N,STRAIGHT AHEAD,,,1,,,,,,,,,,,,,,,,,,REAR,,,,,,,,,,,,,,,,,,,,,,,,,,,,,,,,,
2119658,50ddaeda2875bcbc099f627c12c5957eb683f43c7fd90aa2a399256840ce0b750bb056ab88849dc6eb1ee0f7f3b9da7fd5a72cfe7cc3e33f8933a512ad3637c4,08/01/2025 07:56:00 PM,1,DRIVER,,2020657,,DODGE,GRAND CARAVAN,IL,2009,NONE,VAN/MINI-VAN,PERSONAL,S,ENTERING TRAFFIC LANE FROM PARKING,,,1,,,,Y,,,,,,,,,,,,,,SIDE-RIGHT,,,,,,,,,,,,,,,,,,,,,,,,,,,,,,,,,
2119659,50ddaeda2875bcbc099f627c12c5957eb683f43c7fd90aa2a399256840ce0b750bb056ab88849dc6eb1ee0f7f3b9da7fd5a72cfe7cc3e33f8933a512ad3637c4,08/01/2025 07:56:00 PM,2,PEDESTRIAN,,,,,,,,,,,,,,,,,,,,,,,,,,,,,,,,,,,,,,,,,,,,,,,,,,,,,,,,,,,,,,,,,,
2119644,4b8d2051bdc26c956a86a4c5dd25e88daf8d7d14866839c149aaded8dd3dc8f742985cee927bb8782a4e743d18f48fe0f68cbb6619a53eade560bd6bd3df6287,08/01/2025 07:55:00 PM,1,DRIVER,,2020646,,UNKNOWN,MOTORIZED,,,NONE,UNKNOWN/NA,UNKNOWN/NA,W,UNKNOWN/NA,,,1,,,,,Y,,,,,,,,,,Y,Y,,FRONT,,,,,,,,,,,,,,,,,,,,,,,,,,,,,,,,,
2119645,4b8d2051bdc26c956a86a4c5dd25e88daf8d7d14866839c149aaded8dd3dc8f742985cee927bb8782a4e743d18f48fe0f68cbb6619a53eade560bd6bd3df6287,08/01/2025 07:55:00 PM,2,DRIVER,,2020648,,BUICK,ENCORE,IL,2016,NONE,SPORT UTILITY VEHICLE (SUV),PERSONAL,S,STRAIGHT AHEAD,,,1,,,,,,,,,,,,,Y,Y,,,,SIDE-LEFT,,,,,,,,,,,,,,,,,,,,,,,,,,,,,,,,,