CRASH_UNIT_ID,CRASH_RECORD_ID,CRASH_DATE,UNIT_NO,UNIT_TYPE,NUM_PASSENGERS,VEHICLE_ID,CMRC_VEH_I,MAKE,MODEL,LIC_PLATE_STATE,VEHICLE_YEAR,VEHICLE_DEFECT,VEHICLE_TYPE,VEHICLE_USE,TRAVEL_DIRECTION,MANEUVER,TOWED_I,FIRE_I,OCCUPANT_CNT,EXCEED_SPEED_LIMIT_I,TOWED_BY,TOWED_TO,AREA_00_I,AREA_01_I,AREA_02_I,AREA_03_I,AREA_04_I,AREA_05_I,AREA_06_I,AREA_07_I,AREA_08_I,AREA_09_I,AREA_10_I,AREA_11_I,AREA_12_I,AREA_99_I,FIRST_CONTACT_POINT,CMV_ID,USDOT_NO,CCMC_NO,ILCC_NO,COMMERCIAL_SRC,GVWR,CARRIER_NAME,CARRIER_STATE,CARRIER_CITY,HAZMAT_PLACARDS_I,HAZMAT_NAME,UN_NO,HAZMAT_PRESENT_I,HAZMAT_REPORT_I,HAZMAT_REPORT_NO,MCS_REPORT_I,MCS_REPORT_NO,HAZMAT_VIO_CAUSE_CRASH_I,MCS_VIO_CAUSE_CRASH_I,IDOT_PERMIT_NO,WIDE_LOAD_I,TRAILER1_WIDTH,TRAILER2_WIDTH,TRAILER1_LENGTH,TRAILER2_LENGTH,TOTAL_VEHICLE_LENGTH,AXLE_CNT,VEHICLE_CONFIG,CARGO_BODY_TYPE,LOAD_TYPE,HAZMAT_OUT_OF_SERVICE_I,MCS_OUT_OF_SERVICE_I,HAZMAT_CLASS
2119646,6b834c72ab9cb523033eba9d36b575d6ec07d38a35e9b5c77d64eb2841a67c14ff6667d0ad5ab9e50e2122a8ac08e2f48f48c72ffcbde4048ff105e31240d2b0,08/01/2025 07:55:00 PM,1,DRIVER,3,2020650,,MITSUBISHI,OUTLANDER,IL,2016,UNKNOWN,SPORT UTILITY VEHICLE (SUV),PERSONAL,E,STRAIGHT AHEAD,,,4,,,,,Y,,,,,,,,,,Y,Y,,FRONT,,,,,,,,,,,,,,,,,,,,,,,,,,,,,,,,,
2119647,6b834c72ab9cb523033eba9d36b575d6ec07d38a35e9b5c77d64eb2841a67c14ff6667d0ad5ab9e50e2122a8ac08e2f48f48c72ffcbde4048ff105e31240d2b0,08/01/2025 07:55:00 PM,2,DRIVER,,2020661,,LAND ROVER,LAND ROVER (SPORT),IL,2020,UNKNOWN,SPORT UTILITY VEHICLE (SUV),PERSONAL,E,SLOW/STOP IN TRAFFIC,,,1,,,,,,,,,Y,Y,Y,,,,,,,REAR,,,,,,,,,,,,,,,,,,,,,,,,,,,,,,,,,
2119605,050254a828de9c2614a1ac77e11f254d71943d2417cbc7b36803cdf7e5edd3c4a68952625a850cec0b03b0744568ef94c6dc98e667fd0b4ffb62b586db5dceba,08/01/2025 07:50:00 PM,1,DRIVER,,2020605,,CHEVROLET,EQUINOX,IL,2016,NONE,SPORT UTILITY VEHICLE (SUV),PERSONAL,E,MERGING,,,1,,,,,N,,,,,,,,,,,,Y,FRONT-RIGHT-CORNER,,,,,,,,,,,,,,,,,,,,,,,,,,,,,,,,,
2119606,050254a828de9c2614a1ac77e11f254d71943d2417cbc7b36803cdf7e5edd3c4a68952625a850cec0b03b0744568ef94c6dc98e667fd0b4ffb62b586db5dceba,08/01/2025 07:50:00 PM,2,DRIVER,,2020613,,TOYOTA,OTHER (EXPLAIN IN NARRATIVE),IL,2008,UNKNOWN,PASSENGER,PERSONAL,E,STRAIGHT AHEAD,,,1,,,,,,,,,,,Y,Y,,,,,,SIDE-LEFT-REAR,,,,,,,,,,,,,,,,,,,,,,,,,,,,,,,,,
2119660,449bdfc25f9859feba7acd133f528d48f6bc0d7c7f715f6492f9f4d10fe22770ec2b48225a9980ac9587e3ee5b332ebeeded9736e62768be22e852a181f95511,08/01/2025 07:48:00 PM,1,DRIVER,,2020665,,FORD,EXPLORER,IL,2023,UNKNOWN,PASSENGER,POLICE,W,STRAIGHT AHEAD,,,1,,,,,,,,,,,,Y,Y,Y,,,,SIDE-LEFT,,,,,,,,,,,,,,,,,,,,,,,,,,,,,,,,,
2119661,449bdfc25f9859feba7acd133f528d48f6bc0d7c7f715f6492f9f4d10fe22770ec2b48225a9980ac9587e3ee5b332ebeeded9736e62768be22e852a181f95511,08/01/2025 07:48:00 PM,2,DRIVER,1,2020671,,FORD,ESCAPE,IL,2014,UNKNOWN,UNKNOWN/NA,PERSONAL,N,STRAIGHT AHEAD,,,2,,,,,Y,,,,,,,,,,Y,Y,,FRONT,,,,,,,,,,,,,,,,,,,,,,,,,,,,,,,,,
2119642,25df322fec94848653200f42cb8ac6d80795f58bb9f14671de2d149008882f96f8c18e30e673eee13abea2687539cc8f776ff13952e0b54a06b85fe00cdb1be8,08/01/2025 07:41:00 PM,1,DRIVER,,2020645,,FORD,FUSION,IL,2019,UNKNOWN,PASSENGER,PERSONAL,N,LEAVING TRAFFIC LANE TO PARK,,,1,,,,,Y,,,,,,,,,,,,,REAR-RIGHT-CORNER,,,,,,,,,,,,,,,,,,,,,,,,,,,,,,,,,
2119643,25df322fec94848653200f42cb8ac6d80795f58bb9f14671de2d149008882f96f8c18e30e673eee13abea2687539cc8f776ff13952e0b54a06b85fe00cdb1be8,08/01/2025 07:41:00 PM,2,PARKED,,2020651,,MERCEDES-BENZ,GLE,IL,2020,UNKNOWN,PASSENGER,PERSONAL,W,PARKED,,,0,,,,,,,,,,,,,,,Y,,,FRONT-LEFT-CORNER,,,,,,,,,,,,,,,,,,,,,,,,,,,,,,,,,
2119640,2003869dfc68f415426eb246e9549500bc70f211acfc4f6149d50d73fffd3cd0651207f3ebe6019cdd86f532b3287e73feeb42d5026e397a1d897eaae639001b,08/01/2025 07:38:00 PM,1,DRIVER,,2020636,,GENERAL MOTORS CORPORATION (GMC),OTHER (EXPLAIN IN NARRATIVE),IL,,UNKNOWN,SPORT UTILITY VEHICLE (SUV),UNKNOWN/NA,S,STRAIGHT AHEAD,,,1,,,,,,,,,,,,,,,,,Y,UNKNOWN,,,,,,,,,,,,,,,,,,,,,,,,,,,,,,,,,
2119641,2003869dfc68f415426eb246e9549500bc70f211acfc4f6149d50d73fffd3cd0651207f3ebe6019cdd86f532b3287e73feeb42d5026e397a1d897eaae639001b,08/01/2025 07:38:00 PM,2,DRIVER,1,2020642,,TOYOTA,COROLLA,IL,2021,UNKNOWN,PASSENGER,PERSONAL,UNKNOWN,ENTERING TRAFFIC LANE FROM PARKING,,,2,,,,,,,,,,,,,,Y,Y,,,FRONT-LEFT-CORNER,,,,,,,,,,,,,,,,,,,,,,,,,,,,,,,,,
2119662,e6804b92cf04e68e309aa43be6eccc1a55a869289f677ede11651b08d2893ebbcfd746bcd3f6f3399f7b57342c400d69f117099309d66f3b6041f9d4d751b7b7,08/01/2025 07:34:00 PM,1,DRIVER,,2020663,,HONDA,ACCORD,IL,2025,UNKNOWN,PASSENGER,PERSONAL,E,STRAIGHT AHEAD,Y,,1,,PRIVATE TOW,UNKNOWN,,Y,Y,Y,Y,Y,Y,Y,Y,Y,Y,Y,Y,N,FRONT,,,,,,,,,,,,,,,,,,,,,,,,,,,,,,,,,
2119663,e6804b92cf04e68e309aa43be6eccc1a55a869289f677ede11651b08d2893ebbcfd746bcd3f6f3399f7b57342c400d69f117099309d66f3b6041f9d4d751b7b7,08/01/2025 07:34:00 PM,2,PARKED,,2020670,,INFINITI,G35,IL,2007,UNKNOWN,PASSENGER,PERSONAL,E,PARKED,,,0,,,,,,,,,,,Y,Y,Y,Y,Y,,,SIDE-LEFT-REAR,,,,,,,,,,,,,,,,,,,,,,,,,,,,,,,,,
2119664,e6804b92cf04e68e309aa43be6eccc1a55a869289f677ede11651b08d2893ebbcfd746bcd3f6f3399f7b57342c400d69f117099309d66f3b6041f9d4d751b7b7,08/01/2025 07:34:00 PM,3,PARKED,,2020673,,DODGE,JOURNEY,IL,2018,UNKNOWN,PASSENGER,PERSONAL,E,PARKED,,,0,,,,,,,,,Y,Y,Y,,,,,,,REAR,,,,,,,,,,,,,,,,,,,,,,,,,,,,,,,,,
2119665,e6804b92cf04e68e309aa43be6eccc1a55a869289f677ede11651b08d2893ebbcfd746bcd3f6f3399f7b57342c400d69f117099309d66f3b6041f9d4d751b7b7,08/01/2025 07:34:00 PM,4,PARKED,,2020675,,JEEP,CHEROKEE,IL,2017,UNKNOWN,PASSENGER,PERSONAL,E,PARKED,,,0,,,,,,,,Y,Y,,,,,,,,,REAR-RIGHT-CORNER,,,,,,,,,,,,,,,,,,,,,,,,,,,,,,,,,
2119603,efdd9483b111e9031a59d1245fc68b884442daca295d8d40a4e91c19f1ab1c9d6485ddf9a67038ea04ba6ac665c3099e045f16950e9d743d752e5f8a4d7fecfd,08/01/2025 07:30:00 PM,1,DRIVER,,2020599,,KIA,SOUL,IL,2025,UNKNOWN,SPORT UTILITY VEHICLE (SUV),PERSONAL,UNKNOWN,STRAIGHT AHEAD,,,1,,,,,,,,,,,,Y,Y,Y,,,,SIDE-LEFT,,,,,,,,,,,,,,,,,,,,,,,,,,,,,,,,,
2119604,efdd9483b111e9031a59d1245fc68b884442daca295d8d40a4e91c19f1ab1c9d6485ddf9a67038ea04ba6ac665c3099e045f16950e9d743d752e5f8a4d7fecfd,08/01/2025 07:30:00 PM,2,DRIVER,,2020609,,LEXUS,OTHER (EXPLAIN IN NARRATIVE),IL,2025,UNKNOWN,SPORT UTILITY VEHICLE (SUV),PERSONAL,UNKNOWN,STRAIGHT AHEAD,,,1,,,,,,,,,,,Y,Y,Y,,,,,REAR-LEFT-CORNER,,,,,,,,,,,,,,,,,,,,,,,,,,,,,,,,,
2119648,47b1c6cc9642c29ed46b12d7b779e6a83853d1c2ad7db24a729893f28b3c8549af97c304a034e7dde7690825266f478e0ccd453b4e176c588dc129b2e30bfb26,08/01/2025 07:25:00 PM,1,DRIVER,,2020652,,CHEVROLET,C/K 2500,IL,2004,NONE,VAN/MINI-VAN,PERSONAL,N,STRAIGHT AHEAD,,,1,,,,,,Y,Y,,,,,,,,,,,SIDE-RIGHT,,,,,,,,,,,,,,,,,,,,,,,,,,,,,,,,,
2119649,47b1c6cc9642c29ed46b12d7b779e6a83853d1c2ad7db24a729893f28b3c8549af97c304a034e7dde7690825266f478e0ccd453b4e176c588dc129b2e30bfb26,08/01/2025 07:25:00 PM,2,DRIVER,,2020655,,CHRYSLER,300,IL,2020,NONE,PASSENGER,PERSONAL,W,STRAIGHT AHEAD,Y,,1,,PERSONAL TOW,,,Y,,,,,,,,,,Y,Y,,FRONT,,,,,,,,,,,,,,,,,,,,,,,,,,,,,,,,,
2119609,365c6085b6ff472f8b9d167d1ebba3899d315c73d1bd20ae7a5722cdd08a51a10fa6ef22b9fa81fadf089a63c1f357ea6d76eb0d216f76ca7554a571c41b5856,08/01/2025 07:22:00 PM,1,DRIVER,,2020607,,NEW FLYER,OTHER (EXPLAIN IN NARRATIVE),IL,2005,UNKNOWN,BUS OVER 15 PASS.,CTA,W,OTHER,,,1,,,,,,,,,,,,,,Y,Y,,,FRONT-LEFT-CORNER,,,,,,,,,,,,,,,,,,,,,,,,,,,,,,,,,
2119610,365c6085b6ff472f8b9d167d1ebba3899d315c73d1bd20ae7a5722cdd08a51a10fa6ef22b9fa81fadf089a63c1f357ea6d76eb0d216f76ca7554a571c41b5856,08/01/2025 07:22:00 PM,2,DRIVER,,2020612,,JEEP,CHEROKEE,IL,2015,UNKNOWN,PASSENGER,PERSONAL,W,STRAIGHT AHEAD,,,1,,,,,,Y,Y,Y,Y,,,,,,,,,SIDE-RIGHT,,,,,,,,,,,,,,,,,,,,,,,,,,,,,,,,,
2119621,4e70878644b5d58b7831be71b5c41641d7e1cb1db03de60cea0874c9052fe0b781439ae4efeda96addd19348e782c589ce9f3d9efa19224e2f84cfa9525462df,08/01/2025 07:20:00 PM,1,DRIVER,,2020633,,VOLVO,XC60,IL,2010,UNKNOWN,PASSENGER,PERSONAL,N,STRAIGHT AHEAD,Y,,1,,SELF,SELF,,Y,,,,,,,,,,Y,Y,,FRONT,,,,,,,,,,,,,,,,,,,,,,,,,,,,,,,,,
2119622,4e70878644b5d58b7831be71b5c41641d7e1cb1db03de60cea0874c9052fe0b781439ae4efeda96addd19348e782c589ce9f3d9efa19224e2f84cfa9525462df,08/01/2025 07:20:00 PM,2,DRIVER,,2020641,,VOLKSWAGEN,TIGUAN,IL,2024,UNKNOWN,PASSENGER,PERSONAL,E,STRAIGHT AHEAD,Y,,1,,SELF,SELF,,,Y,Y,Y,,,,,,,,,,SIDE-RIGHT,,,,,,,,,,,,,,,,,,,,,,,,,,,,,,,,,
2119625,abce2e5e5e55252d99ea430e4f2aa4d46f3af59c42ac95ea6e9d00f45903cf3e9294f86f56fbd336c9d506a092678f1244c4dfacb461f9a796f05503b2524ded,08/01/2025 07:18:00 PM,1,DRIVER,,2020631,,CHEVROLET,VOLT,IL,2014,UNKNOWN,PASSENGER,PERSONAL,E,STRAIGHT AHEAD,,,1,,,,,Y,,,,,,,,,,Y,Y,,FRONT,,,,,,,,,,,,,,,,,,,,,,,,,,,,,,,,,
2119626,abce2e5e5e55252d99ea430e4f2aa4d46f3af59c42ac95ea6e9d00f45903cf3e9294f86f56fbd336c9d506a092678f1244c4dfacb461f9a796f05503b2524ded,08/01/2025 07:18:00 PM,2,DRIVER,,2020637,,HYUNDAI,SONATA,IL,2019,UNKNOWN,PASSENGER,PERSONAL,E,STRAIGHT AHEAD,,,1,,,,,,,,,Y,Y,Y,,,,,,,REAR,,,,,,,,,,,,,,,,,,,,,,,,,,,,,,,,,
2119583,7847b7a08489e6558d1b6d261f75fd2bc2d7703e08672b3ca84421919c5ab2389ed066b34c69aae3234759b2401b45698d0e695e32f16473b28f3b1d252b6d86,08/01/2025 07:10:00 PM,1,DRIVER,,2020587,,NISSAN,MURANO,IL,2013,UNKNOWN,PASSENGER,PERSONAL,E,STRAIGHT AHEAD,,,1,,,,,,,,,,,,,,,,Y,,FRONT,,,,,,,,,,,,,,,,,,,,,,,,,,,,,,,,,
2119584,7847b7a08489e6558d1b6d261f75fd2bc2d7703e08672b3ca84421919c5ab2389ed066b34c69aae3234759b2401b45698d0e695e32f16473b28f3b1d252b6d86,08/01/2025 07:10:00 PM,2,DRIVER,,2020590,,HYUNDAI,OTHER (EXPLAIN IN NARRATIVE),IL,2015,UNKNOWN,PASSENGER,UNKNOWN/NA,E,STRAIGHT AHEAD,,,1,,,,,,,,,Y,,,,,,,,,REAR-RIGHT-CORNER,,,,,,,,,,,,,,,,,,,,,,,,,,,,,,,,,
2119738,41accad9d04f12e0ddd7766e171aa8dd1d4b90682fdad6600a37199546bae6ce55a809bb3b0057106ebf821202043bd87d9d00bd8d4dc991452df6e2d6f3b286,08/01/2025 07:05:00 PM,1,DRIVER,,2020736,,TOYOTA,OTHER (EXPLAIN IN NARRATIVE),IL,2004,NONE,PASSENGER,PERSONAL,W,STRAIGHT AHEAD,,,1,,,,,,,,,,,,,,,Y,,,FRONT-LEFT-CORNER,,,,,,,,,,,,,,,,,,,,,,,,,,,,,,,,,
2119739,41accad9d04f12e0ddd7766e171aa8dd1d4b90682fdad6600a37199546bae6ce55a809bb3b0057106ebf821202043bd87d9d00bd8d4dc991452df6e2d6f3b286,08/01/2025 07:05:00 PM,2,DRIVER,,2020744,,LINCOLN,MKX,IL,2007,NONE,PASSENGER,PERSONAL,W,STRAIGHT AHEAD,,,1,,,,,,,,,Y,,,,,,,,,REAR-RIGHT-CORNER,,,,,,,,,,,,,,,,,,,,,,,,,,,,,,,,,
2119567,6b44f350c24e9c9feef7384bfb5d48d92b568c6675060f7bbd5ef0aebba9ae664ec34e0b1c0f01674af5567d023dd4e438ab443572c272b26a3cf010d044e36e,08/01/2025 07:05:00 PM,1,DRIVER,,2020571,,UNKNOWN,MOTORIZED,,,UNKNOWN,PASSENGER,UNKNOWN/NA,W,UNKNOWN/NA,,,1,,,,,Y,Y,,,,,,,,,,Y,,FRONT-RIGHT-CORNER,,,,,,,,,,,,,,,,,,,,,,,,,,,,,,,,,
2119568,6b44f350c24e9c9feef7384bfb5d48d92b568c6675060f7bbd5ef0aebba9ae664ec34e0b1c0f01674af5567d023dd4e438ab443572c272b26a3cf010d044e36e,08/01/2025 07:05:00 PM,2,DRIVER,,2020575,,HONDA,ACCORD,IL,2015,NONE,PASSENGER,OTHER,S,STRAIGHT AHEAD,,,1,,,,,,,,,,,,,,Y,Y,Y,,FRONT-LEFT-CORNER,,,,,,,,,,,,,,,,,,,,,,,,,,,,,,,,,
2119589,ee4ef0e415dfe8feab5c39156f464404fbb8aabac403cb9cb53e54b1a4de579d2e208758087ffa8d1f411733460625f265ddc600ea41fb914072003a3d4871c3,08/01/2025 07:05:00 PM,1,DRIVER,,2020591,,TOYOTA,SIENNA,IL,,UNKNOWN,PASSENGER,PERSONAL,S,CHANGING LANES,,,1,,,,,Y,,,,,,,,,,,,,SIDE-RIGHT-FRONT,,,,,,,,,,,,,,,,,,,,,,,,,,,,,,,,,
2119590,ee4ef0e415dfe8feab5c39156f464404fbb8aabac403cb9cb53e54b1a4de579d2e208758087ffa8d1f411733460625f265ddc600ea41fb914072003a3d4871c3,08/01/2025 07:05:00 PM,2,DRIVER,,2020600,,HONDA,CR-V,IL,2024,UNKNOWN,PASSENGER,PERSONAL,S,STRAIGHT AHEAD,,,1,,,,,,,,,,,,,,Y,,,,SIDE-RIGHT-FRONT,,,,,,,,,,,,,,,,,,,,,,,,,,,,,,,,,
2119656,7a9e89ca90a99577acef6406dd44bd40337b6cb52ddf5b90d9f2edbd44394719f44f435be3b6a6671b0189799f155a0dac8b486fe138b64cbe8a9eacfee007c7,08/01/2025 07:01:00 PM,1,DRIVER,,2020662,,FORD,EXPLORER,IL,,UNKNOWN,SPORT UTILITY VEHICLE (SUV),PERSONAL,E,STRAIGHT AHEAD,Y,,1,,PRIVATE TOW,6551 S FRANCISCO,,Y,Y,,,,,,,,,,Y,,FRONT-RIGHT-CORNER,,,,,,,,,,,,,,,,,,,,,,,,,,,,,,,,,
2119657,7a9e89ca90a99577acef6406dd44bd40337b6cb52ddf5b90d9f2edbd44394719f44f435be3b6a6671b0189799f155a0dac8b486fe138b64cbe8a9eacfee007c7,08/01/2025 07:01:00 PM,2,PARKED,2,2020667,,CHEVROLET,TRAVERSE,IL,,UNKNOWN,SPORT UTILITY VEHICLE (SUV),PERSONAL,E,PARKED,,,2,,,,,,,,,,,Y,Y,Y,Y,Y,,,SIDE-LEFT,,,,,,,,,,,,,,,,,,,,,,,,,,,,,,,,,
2119597,0ef74656da16d9a8f2ceca576a62389d1568eddfd9ef9f206ca6e5964aefe01831a5aa761b726f38da0b8c9c8179026b48f2beea625f1b85dce4e97059e0b17f,08/01/2025 07:00:00 PM,1,PARKED,1,2020596,,HONDA,CIVIC,IL,2020,NONE,PASSENGER,NOT IN USE,E,PARKED,,,1,,,,,,,,,,,,,Y,Y,,,,SIDE-LEFT-FRONT,,,,,,,,,,,,,,,,,,,,,,,,,,,,,,,,,
2119598,0ef74656da16d9a8f2ceca576a62389d1568eddfd9ef9f206ca6e5964aefe01831a5aa761b726f38da0b8c9c8179026b48f2beea625f1b85dce4e97059e0b17f,08/01/2025 07:00:00 PM,2,DRIVER,3,2020603,,SUBARU,CROSSTREK,IL,2024,NONE,PASSENGER,PERSONAL,E,STRAIGHT AHEAD,,,4,,,,,,,,Y,Y,,,,,,,,,REAR-RIGHT-CORNER,,,,,,,,,,,,,,,,,,,,,,,,,,,,,,,,,
2119565,39cf0023ae2969ffa96d2010a2a9424906d00acb4963e1a2a7898b543227c2c3fe33f5fc311d2675f38a7d76d575c0fb895351cdc57ac86975235b236073c771,08/01/2025 07:00:00 PM,1,DRIVER,,2020574,,JEEP,CHEROKEE,IL,2014,NONE,PASSENGER,PERSONAL,S,STRAIGHT AHEAD,,,1,,,,,Y,,,,,,,,,,,Y,,FRONT-RIGHT-CORNER,,,,,,,,,,,,,,,,,,,,,,,,,,,,,,,,,
2119566,39cf0023ae2969ffa96d2010a2a9424906d00acb4963e1a2a7898b543227c2c3fe33f5fc311d2675f38a7d76d575c0fb895351cdc57ac86975235b236073c771,08/01/2025 07:00:00 PM,2,DRIVER,4,2020581,,HONDA,CIVIC,IL,2009,NONE,PASSENGER,PERSONAL,S,STRAIGHT AHEAD,,,5,,,,,,,,,Y,Y,Y,,,,,,,REAR,,,,,,,,,,,,,,,,,,,,,,,,,,,,,,,,,
2119601,a42bff320f0a6eb921a0e001321e86519be925eec4b98ea79f561892098be794bb4ef9de620064a7265e8d7f174e762614f27fb86a2e123cbeedffddbe7b7bca,08/01/2025 07:00:00 PM,1,DRIVER,,2020616,,UNKNOWN,OTHER (EXPLAIN IN NARRATIVE),,,UNKNOWN,UNKNOWN/NA,UNKNOWN/NA,UNKNOWN,UNKNOWN/NA,,,1,,,,,,,,,,,,,,,,,Y,UNKNOWN,,,,,,,,,,,,,,,,,,,,,,,,,,,,,,,,,
2119602,a42bff320f0a6eb921a0e001321e86519be925eec4b98ea79f561892098be794bb4ef9de620064a7265e8d7f174e762614f27fb86a2e123cbeedffddbe7b7bca,08/01/2025 07:00:00 PM,2,PARKED,,2020624,,NISSAN,SENTRA,IL,2017,NONE,PASSENGER,PERSONAL,N,PARKED,,,0,,,,,Y,Y,,,,,,,,,,,,FRONT-RIGHT-CORNER,,,,,,,,,,,,,,,,,,,,,,,,,,,,,,,,,
2119595,e93488df011fdc3ea2e5933c5f258a6cb43aff6ffe54fd564e4b3b17fe8ca497aaf524ca742a86e005c6c9600ca9f3c9bdf714c4fa7d1f51b6bdf7dc97bd7d85,08/01/2025 07:00:00 PM,1,DRIVER,,2020608,,TOYOTA,CAMRY,IL,2011,UNKNOWN,PASSENGER,PERSONAL,W,STRAIGHT AHEAD,,,1,,,,,Y,,,,,,,,,,,Y,,FRONT,,,,,,,,,,,,,,,,,,,,,,,,,,,,,,,,,
2119596,e93488df011fdc3ea2e5933c5f258a6cb43aff6ffe54fd564e4b3b17fe8ca497aaf524ca742a86e005c6c9600ca9f3c9bdf714c4fa7d1f51b6bdf7dc97bd7d85,08/01/2025 07:00:00 PM,2,BICYCLE,,,,,,,,,,,,,,,,,,,,,,,,,,,,,,,,,,,,,,,,,,,,,,,,,,,,,,,,,,,,,,,,,,
2119585,5cbfdeb285b6b22dde1178f97b119a89d8818e9b2ba0f58ef5baba44adf9cdb2b6fef1f892deb338a3684c47e5d23df9107c605bb8fe9a2aa46f6cb3e69b1cf7,08/01/2025 06:58:00 PM,1,DRIVER,,2020594,,MERCEDES-BENZ,GLC,IL,2023,UNKNOWN,SPORT UTILITY VEHICLE (SUV),PERSONAL,N,BACKING,,,1,,,,,,,,,,,,,,Y,N,,,SIDE-LEFT-FRONT,,,,,,,,,,,,,,,,,,,,,,,,,,,,,,,,,
2119586,5cbfdeb285b6b22dde1178f97b119a89d8818e9b2ba0f58ef5baba44adf9cdb2b6fef1f892deb338a3684c47e5d23df9107c605bb8fe9a2aa46f6cb3e69b1cf7,08/01/2025 06:58:00 PM,2,DRIVER,,2020610,,HONDA,INSIGHT,IL,2011,UNKNOWN,PASSENGER,PERSONAL,N,PASSING/OVERTAKING,,,1,,,,,Y,Y,,,,,,,,,,Y,,SIDE-RIGHT-FRONT,,,,,,,,,,,,,,,,,,,,,,,,,,,,,,,,,
2119687,21aa723ae155d16e6760965ce66759722cfd8d8bc2b0755f8920a82bc27ed8dfcb99eda5b8ecb74d128ab3138d235e9ceff1bd9bcd41bd9896ff303eeaaff9d4,08/01/2025 06:55:00 PM,1,DRIVER,,2020686,,CHEVROLET,CRUZE,IL,2012,UNKNOWN,PASSENGER,PERSONAL,N,STRAIGHT AHEAD,,,1,,,,,,,,,,,,,,,Y,Y,,FRONT,,,,,,,,,,,,,,,,,,,,,,,,,,,,,,,,,
2119688,21aa723ae155d16e6760965ce66759722cfd8d8bc2b0755f8920a82bc27ed8dfcb99eda5b8ecb74d128ab3138d235e9ceff1bd9bcd41bd9896ff303eeaaff9d4,08/01/2025 06:55:00 PM,2,DRIVER,,2020690,,TOYOTA,HIGHLANDER,IL,2021,NONE,PASSENGER,PERSONAL,N,STRAIGHT AHEAD,,,1,,,,,,,,,Y,Y,,,,,,,,REAR,,,,,,,,,,,,,,,,,,,,,,,,,,,,,,,,,
2119627,d2cf5a4da68dad670f39ac43e3ac64f10851353ce3a318e9badff9e804ff7a4e405882419ac1757cf21582a37da598c755ac256ebcf52bd7fc9f92a0e43481f8,08/01/2025 06:50:00 PM,1,DRIVER,,2020630,,HONDA,PILOT,IL,2013,UNKNOWN,PASSENGER,PERSONAL,S,STRAIGHT AHEAD,,,1,,,,,,,,,,,,,,Y,Y,,,FRONT-LEFT-CORNER,,,,,,,,,,,,,,,,,,,,,,,,,,,,,,,,,
2119628,d2cf5a4da68dad670f39ac43e3ac64f10851353ce3a318e9badff9e804ff7a4e405882419ac1757cf21582a37da598c755ac256ebcf52bd7fc9f92a0e43481f8,08/01/2025 06:50:00 PM,2,DRIVER,,2020635,,VOLKSWAGEN,PASSAT,IL,2016,UNKNOWN,PASSENGER,PERSONAL,W,STRAIGHT AHEAD,,,1,,,,,Y,Y,,,,,,,,N,N,,,FRONT-RIGHT-CORNER,,,,,,,,,,,,,,,,,,,,,,,,,,,,,,,,,
2119654,df2b03cbbd75f2b834427ff35aadada8aed7b8c5b127b6a541b9dac9e5c23ee8cca85632df060f7383b4c55ec8c94b9bd6fc180a9b81190c3415042fafef4ef5,08/01/2025 06:48:00 PM,1,DRIVER,,2020659,,CHEVROLET,EXPRESS,IL,2010,UNKNOWN,VAN/MINI-VAN,UNKNOWN/NA,N,STRAIGHT AHEAD,,,1,,,,,Y,,,,,,,,,,,,,FRONT-LEFT-CORNER,,,,,,,,,,,,,,,,,,,,,,,,,,,,,,,,,
2119655,df2b03cbbd75f2b834427ff35aadada8aed7b8c5b127b6a541b9dac9e5c23ee8cca85632df060f7383b4c55ec8c94b9bd6fc180a9b81190c3415042fafef4ef5,08/01/2025 06:48:00 PM,2,DRIVER,1,2020664,,TOYOTA,YARIS,IL,2004,NONE,PASSENGER,PERSONAL,N,STRAIGHT AHEAD,,,2,,,,,,,,,,,Y,,,,,,,REAR-LEFT-CORNER,,,,,,,,,,,,,,,,,,,,,,,,,,,,,,,,,
2119569,ced56b383b42d3452b9bf81a3860e19d3dbe689edda7aa52460726957ec1a37e43c447db9535ceb04d19c0e3e3d9d646f763e3bbc9d5d33aca07d8bffcb4df39,08/01/2025 06:40:00 PM,1,DRIVER,,2020579,,ACURA,ADX,IL,2023,NONE,PASSENGER,PERSONAL,E,STRAIGHT AHEAD,,,1,,,,,Y,Y,Y,Y,Y,,,,,,,,,SIDE-RIGHT,,,,,,,,,,,,,,,,,,,,,,,,,,,,,,,,,
2119570,ced56b383b42d3452b9bf81a3860e19d3dbe689edda7aa52460726957ec1a37e43c447db9535ceb04d19c0e3e3d9d646f763e3bbc9d5d33aca07d8bffcb4df39,08/01/2025 06:40:00 PM,2,DRIVER,,2020604,,TOYOTA,RAV4,IL,2025,NONE,SPORT UTILITY VEHICLE (SUV),PERSONAL,E,SLOW/STOP IN TRAFFIC,,,1,,,,,,,,,,,,,,Y,Y,,,FRONT-LEFT-CORNER,,,,,,,,,,,,,,,,,,,,,,,,,,,,,,,,,
2119591,ffc6728022944106acd3956ac3f069534905b6890bb9532499d227295a09fa448ded77f8714cd5b7eedd7c0a559e5ceb6c611f94cc01f1d8d7f4fe7246c26669,08/01/2025 06:38:00 PM,1,DRIVER,,2020602,,CHEVROLET,COBALT,IL,2009,UNKNOWN,PASSENGER,UNKNOWN/NA,W,STRAIGHT AHEAD,,,1,,,,,,,,,,,,,,,,Y,,FRONT,,,,,,,,,,,,,,,,,,,,,,,,,,,,,,,,,