CRASH_UNIT_ID,CRASH_RECORD_ID,CRASH_DATE,UNIT_NO,UNIT_TYPE,NUM_PASSENGERS,VEHICLE_ID,CMRC_VEH_I,MAKE,MODEL,LIC_PLATE_STATE,VEHICLE_YEAR,VEHICLE_DEFECT,VEHICLE_TYPE,VEHICLE_USE,TRAVEL_DIRECTION,MANEUVER,TOWED_I,FIRE_I,OCCUPANT_CNT,EXCEED_SPEED_LIMIT_I,TOWED_BY,TOWED_TO,AREA_00_I,AREA_01_I,AREA_02_I,AREA_03_I,AREA_04_I,AREA_05_I,AREA_06_I,AREA_07_I,AREA_08_I,AREA_09_I,AREA_10_I,AREA_11_I,AREA_12_I,AREA_99_I,FIRST_CONTACT_POINT,CMV_ID,USDOT_NO,CCMC_NO,ILCC_NO,COMMERCIAL_SRC,GVWR,CARRIER_NAME,CARRIER_STATE,CARRIER_CITY,HAZMAT_PLACARDS_I,HAZMAT_NAME,UN_NO,HAZMAT_PRESENT_I,HAZMAT_REPORT_I,HAZMAT_REPORT_NO,MCS_REPORT_I,MCS_REPORT_NO,HAZMAT_VIO_CAUSE_CRASH_I,MCS_VIO_CAUSE_CRASH_I,IDOT_PERMIT_NO,WIDE_LOAD_I,TRAILER1_WIDTH,TRAILER2_WIDTH,TRAILER1_LENGTH,TRAILER2_LENGTH,TOTAL_VEHICLE_LENGTH,AXLE_CNT,VEHICLE_CONFIG,CARGO_BODY_TYPE,LOAD_TYPE,HAZMAT_OUT_OF_SERVICE_I,MCS_OUT_OF_SERVICE_I,HAZMAT_CLASS
2119592,ffc6728022944106acd3956ac3f069534905b6890bb9532499d227295a09fa448ded77f8714cd5b7eedd7c0a559e5ceb6c611f94cc01f1d8d7f4fe7246c26669,08/01/2025 06:38:00 PM,2,DRIVER,,2020621,,CHEVROLET,CRUZE,IL,2017,NONE,PASSENGER,PERSONAL,W,SLOW/STOP IN TRAFFIC,,,1,,,,,,,,,,Y,,,,,,,,REAR,,,,,,,,,,,,,,,,,,,,,,,,,,,,,,,,,
2119959,92f07d5ff092a28a8f9d0dbf0ecb02c4449eaba33e5e65a4739f1e8a270642fd0aa023924e1ae0b55ff1843e6963b41c0e910b057f6263472e9a5ed6f1238def,08/01/2025 06:30:00 PM,1,DRIVER,,2020960,,TOYOTA,COROLLA,IL,2020,UNKNOWN,UNKNOWN/NA,UNKNOWN/NA,W,STARTING IN TRAFFIC,,,1,,,,,,,,,,,,,,,,,Y,UNKNOWN,,,,,,,,,,,,,,,,,,,,,,,,,,,,,,,,,
2119960,92f07d5ff092a28a8f9d0dbf0ecb02c4449eaba33e5e65a4739f1e8a270642fd0aa023924e1ae0b55ff1843e6963b41c0e910b057f6263472e9a5ed6f1238def,08/01/2025 06:30:00 PM,2,DRIVER,,2020963,,MERCEDES-BENZ,GLE,IL,2017,UNKNOWN,PASSENGER,UNKNOWN/NA,W,STRAIGHT AHEAD,,,1,,,,,Y,Y,,,,,,,,,,,,FRONT,,,,,,,,,,,,,,,,,,,,,,,,,,,,,,,,,
2119555,24afb8a9567982d108c916f59df3e672a724d93923f6fa4dc53a48dcd49efcae46c004530e72769cb14b7e4611b2892ec16edd2abefe090eb6358fee93f2e3c6,08/01/2025 06:27:00 PM,1,DRIVER,,2020553,,NISSAN,ALTIMA,,,UNKNOWN,PASSENGER,UNKNOWN/NA,N,STRAIGHT AHEAD,,,1,,,,,N,,,,,,,,,,N,N,Y,UNKNOWN,,,,,,,,,,,,,,,,,,,,,,,,,,,,,,,,,
2119556,24afb8a9567982d108c916f59df3e672a724d93923f6fa4dc53a48dcd49efcae46c004530e72769cb14b7e4611b2892ec16edd2abefe090eb6358fee93f2e3c6,08/01/2025 06:27:00 PM,2,DRIVER,,2020561,,TOYOTA,YARIS,IL,2007,NONE,PASSENGER,PERSONAL,W,STRAIGHT AHEAD,,,1,,,,,,,,,,,,Y,Y,Y,Y,,,SIDE-LEFT-FRONT,,,,,,,,,,,,,,,,,,,,,,,,,,,,,,,,,
2119533,3300f30199b2c6f1f06201ee319a02aaa7a4f493db8ab744f9fe5bcadba905d8106d799f39e86039ad9eb377cbecf2d0dc1617fe86f50c4a846b735b721a73c7,08/01/2025 06:20:00 PM,1,DRIVER,,2020546,,LINCOLN,NAVIGATOR,IL,2004,NONE,PASSENGER,PERSONAL,S,STRAIGHT AHEAD,,,1,,,,,,,,,,,,,,,,Y,,FRONT,,,,,,,,,,,,,,,,,,,,,,,,,,,,,,,,,
2119534,3300f30199b2c6f1f06201ee319a02aaa7a4f493db8ab744f9fe5bcadba905d8106d799f39e86039ad9eb377cbecf2d0dc1617fe86f50c4a846b735b721a73c7,08/01/2025 06:20:00 PM,2,DRIVER,,2020540,,NISSAN,PATHFINDER,IL,2016,NONE,PASSENGER,PERSONAL,S,SLOW/STOP IN TRAFFIC,,,1,,,,,,,,,,Y,,,,,,,,REAR,,,,,,,,,,,,,,,,,,,,,,,,,,,,,,,,,
2119684,cf9f7b557f9e4a48aeb3d6c0806bc41922c9e0a75f2313f1e1ab1cf5efcdec6c1f65271084990032f2b1f1248596f8b01cb0e34af2d61038e6f3d9a946a5d7fb,08/01/2025 06:20:00 PM,1,DRIVER,,2020684,,FORD,OTHER (EXPLAIN IN NARRATIVE),IL,2018,UNKNOWN,PASSENGER,PERSONAL,E,STRAIGHT AHEAD,,,1,,,,,,,,,,,,,,,,,Y,FRONT,,,,,,,,,,,,,,,,,,,,,,,,,,,,,,,,,
2119685,cf9f7b557f9e4a48aeb3d6c0806bc41922c9e0a75f2313f1e1ab1cf5efcdec6c1f65271084990032f2b1f1248596f8b01cb0e34af2d61038e6f3d9a946a5d7fb,08/01/2025 06:20:00 PM,2,PARKED,,2020689,,CHEVROLET,IMPALA,IL,1996,NONE,PASSENGER,PERSONAL,E,PARKED,,,0,,,,,Y,,,Y,Y,Y,Y,Y,,,Y,Y,,REAR,,,,,,,,,,,,,,,,,,,,,,,,,,,,,,,,,
2119686,cf9f7b557f9e4a48aeb3d6c0806bc41922c9e0a75f2313f1e1ab1cf5efcdec6c1f65271084990032f2b1f1248596f8b01cb0e34af2d61038e6f3d9a946a5d7fb,08/01/2025 06:20:00 PM,3,PARKED,,2020693,,LINCOLN,MKS,IL,2013,NONE,PASSENGER,PERSONAL,E,PARKED,,,0,,,,,,,,,Y,Y,Y,,,,,,,REAR,,,,,,,,,,,,,,,,,,,,,,,,,,,,,,,,,
2119573,dabad9315ea9addfa56a8a737da065004a00701ec00e331cdcfb0132d41cd8c6f1a514b5aa59cd24a92ada592813d8edb072b50886e5bbb59c18c3b8209b8d47,08/01/2025 06:20:00 PM,1,DRIVER,,2020580,,HONDA,CR-V,IL,2024,UNKNOWN,SPORT UTILITY VEHICLE (SUV),PERSONAL,UNKNOWN,PASSING/OVERTAKING,,,1,,,,,,Y,Y,,,,,,,,,,,SIDE-RIGHT,,,,,,,,,,,,,,,,,,,,,,,,,,,,,,,,,
2119574,dabad9315ea9addfa56a8a737da065004a00701ec00e331cdcfb0132d41cd8c6f1a514b5aa59cd24a92ada592813d8edb072b50886e5bbb59c18c3b8209b8d47,08/01/2025 06:20:00 PM,2,DRIVER,,2020585,,TOYOTA,SIENNA,IL,2011,UNKNOWN,VAN/MINI-VAN,PERSONAL,UNKNOWN,STRAIGHT AHEAD,,,1,,,,,,,,,,,,,Y,Y,,,,SIDE-LEFT,,,,,,,,,,,,,,,,,,,,,,,,,,,,,,,,,
2119512,0b484fa93cdd938c0caf5be1daaea020c2f89e4b11225c15935dcd2d846b17dd8444103c748c5d7c4d4ff1233cb02063bee41dd7be294303a7295f957bf4f742,08/01/2025 06:19:00 PM,1,DRIVER,,2020525,,TOYOTA,RAV4,IL,2024,NONE,PASSENGER,PERSONAL,UNKNOWN,STRAIGHT AHEAD,,,1,,,,,,,,,,,,,Y,Y,Y,,,FRONT-LEFT-CORNER,,,,,,,,,,,,,,,,,,,,,,,,,,,,,,,,,
2119513,0b484fa93cdd938c0caf5be1daaea020c2f89e4b11225c15935dcd2d846b17dd8444103c748c5d7c4d4ff1233cb02063bee41dd7be294303a7295f957bf4f742,08/01/2025 06:19:00 PM,2,DRIVER,,2020522,,TOYOTA,TACOMA,IL,2006,NONE,PASSENGER,PERSONAL,UNKNOWN,STRAIGHT AHEAD,,,1,,,,,,,,,,,Y,Y,Y,,,,,SIDE-RIGHT-REAR,,,,,,,,,,,,,,,,,,,,,,,,,,,,,,,,,
2119607,858aea991ddbde01667b9633162dd3d75af62e753dccf65311003f6dabc5ef2f40a43bd9e15d35c8efc0e6d0e707e48051450102f3dfa9a755ea03c4e7193996,08/01/2025 06:15:00 PM,1,DRIVER,,2020614,,AUDI,Q5,IL,2015,UNKNOWN,SPORT UTILITY VEHICLE (SUV),PERSONAL,N,MERGING,,,1,,,,,,Y,Y,Y,,,,,,,,,,SIDE-RIGHT,,,,,,,,,,,,,,,,,,,,,,,,,,,,,,,,,
2119608,858aea991ddbde01667b9633162dd3d75af62e753dccf65311003f6dabc5ef2f40a43bd9e15d35c8efc0e6d0e707e48051450102f3dfa9a755ea03c4e7193996,08/01/2025 06:15:00 PM,2,DRIVER,,2020625,,HONDA,CIVIC,IL,2014,UNKNOWN,PASSENGER,PERSONAL,N,STRAIGHT AHEAD,,,1,,,,,,,,,,,,,,Y,Y,,,FRONT-LEFT-CORNER,,,,,,,,,,,,,,,,,,,,,,,,,,,,,,,,,
2119557,09268b28caebf920e5088c131b596d2e80cd769e4a2b3509bd9bc35a23022f1ae0ebfc99108def4e133f91b50c28a224591483f37ef79b79b66dbcaa91c6e886,08/01/2025 06:14:00 PM,1,DRIVER,,2020558,,TOYOTA,RAV4,IL,2017,UNKNOWN,SPORT UTILITY VEHICLE (SUV),UNKNOWN/NA,N,STRAIGHT AHEAD,,,1,,,,,,,,,,,,,,,,,Y,FRONT-LEFT-CORNER,,,,,,,,,,,,,,,,,,,,,,,,,,,,,,,,,
2119558,09268b28caebf920e5088c131b596d2e80cd769e4a2b3509bd9bc35a23022f1ae0ebfc99108def4e133f91b50c28a224591483f37ef79b79b66dbcaa91c6e886,08/01/2025 06:14:00 PM,2,DRIVER,,2020567,,PORSCHE,CAYENNE,IL,2019,NONE,SPORT UTILITY VEHICLE (SUV),PERSONAL,N,STRAIGHT AHEAD,,,1,,,,,,,,,Y,,,,,,,,,REAR-RIGHT-CORNER,,,,,,,,,,,,,,,,,,,,,,,,,,,,,,,,,
2119559,16efb1baf37c49112ea3846b03175c1072a4843d889e0e4e694521a5c12423facae39ea7bd60c57091cb0a04629211b8ce697656fa7c352bdf1f341d1ae65057,08/01/2025 06:10:00 PM,1,DRIVER,,2020566,,BUICK,SKYLARK,IL,1996,NONE,PASSENGER,PERSONAL,N,STRAIGHT AHEAD,Y,,1,,Private Tow,,,Y,,,,,,,,Y,Y,Y,,,FRONT-LEFT-CORNER,,,,,,,,,,,,,,,,,,,,,,,,,,,,,,,,,
2119560,16efb1baf37c49112ea3846b03175c1072a4843d889e0e4e694521a5c12423facae39ea7bd60c57091cb0a04629211b8ce697656fa7c352bdf1f341d1ae65057,08/01/2025 06:10:00 PM,2,DRIVER,,2020573,,DODGE,AVENGER,IL,2008,NONE,PASSENGER,PERSONAL,E,STRAIGHT AHEAD,Y,,1,,ATT Recovery,1251 E 95th St,,Y,Y,,,,,,,,Y,Y,Y,,FRONT,,,,,,,,,,,,,,,,,,,,,,,,,,,,,,,,,
2119498,4137c6efecd0eaeb67e37079b56d219fcb1dc0f98b960b2fe18fd7e96811b6f6bcb595ced7b2fc5c5fbe7af7c72981e0d6df63601dc85abab9900d1b5de24eb8,08/01/2025 06:10:00 PM,1,DRIVER,,2020500,,CHEVROLET,C1500,IL,2009,UNKNOWN,PICKUP,UNKNOWN/NA,S,DIVERGING,,,1,,,,,,,,,,,,,,,Y,,,FRONT-LEFT-CORNER,,,,,,,,,,,,,,,,,,,,,,,,,,,,,,,,,
2119499,4137c6efecd0eaeb67e37079b56d219fcb1dc0f98b960b2fe18fd7e96811b6f6bcb595ced7b2fc5c5fbe7af7c72981e0d6df63601dc85abab9900d1b5de24eb8,08/01/2025 06:10:00 PM,2,DRIVER,1,2020513,,FORD,F250,IL,2004,UNKNOWN,PICKUP,PERSONAL,S,STRAIGHT AHEAD,,,2,,,,,,,Y,Y,Y,,,,,,,,,SIDE-RIGHT,,,,,,,,,,,,,,,,,,,,,,,,,,,,,,,,,
2119580,392e073c4a99028ee1322d23df4e6c32e4cc7315d7c9853c342c76caf110856314aa466cf684a23137b90a1c7c4eac7dc778636ebcc3b45b8b8ce3f697b213ba,08/01/2025 06:08:00 PM,1,DRIVER,,2020586,,TOYOTA,PRIUS,CA,,UNKNOWN,PASSENGER,UNKNOWN/NA,N,STRAIGHT AHEAD,,,1,,,,,,,,,,,,,,,,Y,,FRONT,,,,,,,,,,,,,,,,,,,,,,,,,,,,,,,,,
2119671,a3774fcbf83619caafaebe5aff2e357a6d5c172d08a900143704bf050f8035a7fb8ebfcccf6b9305ed4f47711a21e660fba2e9d8fa699fbe1d6ea2fa29cbb3ff,08/01/2025 06:04:00 PM,1,DRIVER,,2020676,,GENERAL MOTORS CORPORATION (GMC),SIERRA,IL,2019,UNKNOWN,PASSENGER,UNKNOWN/NA,N,UNKNOWN/NA,,,1,,,,,,,,,,,,,,,Y,,,UNKNOWN,,,,,,,,,,,,,,,,,,,,,,,,,,,,,,,,,
2119672,a3774fcbf83619caafaebe5aff2e357a6d5c172d08a900143704bf050f8035a7fb8ebfcccf6b9305ed4f47711a21e660fba2e9d8fa699fbe1d6ea2fa29cbb3ff,08/01/2025 06:04:00 PM,2,DRIVER,1,2020677,,DODGE,MAGNUM,IL,2005,UNKNOWN,PASSENGER,PERSONAL,E,STRAIGHT AHEAD,,,2,,,,,,,,Y,Y,,,,,,,,,SIDE-RIGHT-REAR,,,,,,,,,,,,,,,,,,,,,,,,,,,,,,,,,
2120208,8ce0356f104805fde8f2dd665c12635fdd2677cf5ee5f657165bd86065397707943c43eefa10b0c812ff56a51dfe4cc495b8808ef76f80244a3de5c14b0c2a76,08/01/2025 06:00:00 PM,1,DRIVER,,2021191,,BUICK,ENCLAVE,IN,2012,NONE,SPORT UTILITY VEHICLE (SUV),PERSONAL,S,STRAIGHT AHEAD,,,1,,,,,,,,,,,,,,,Y,,,FRONT-LEFT-CORNER,,,,,,,,,,,,,,,,,,,,,,,,,,,,,,,,,
2120209,8ce0356f104805fde8f2dd665c12635fdd2677cf5ee5f657165bd86065397707943c43eefa10b0c812ff56a51dfe4cc495b8808ef76f80244a3de5c14b0c2a76,08/01/2025 06:00:00 PM,2,DRIVER,,2021200,,NISSAN,SENTRA,IL,2024,NONE,SPORT UTILITY VEHICLE (SUV),PERSONAL,W,STRAIGHT AHEAD,Y,,1,,XTREME AUTO BODY,3655 E 104TH ST,,,,Y,Y,Y,,,,,,,,,SIDE-RIGHT,,,,,,,,,,,,,,,,,,,,,,,,,,,,,,,,,
2119623,96c92d4b0e6951884acce26c61f1dbc80e4e51854e8389e406a5f2fda58a9f77f59a55fea34877673fedbb12aa72944ef080a4e76b8bd900ea05d72758d03fe7,08/01/2025 06:00:00 PM,2,DRIVER,,2020632,,FORD,F150,,2010,NONE,PICKUP,PERSONAL,S,TURNING LEFT,,,1,,,,,,,,,,,,,,Y,,,,SIDE-LEFT,,,,,,,,,,,,,,,,,,,,,,,,,,,,,,,,,
2119624,96c92d4b0e6951884acce26c61f1dbc80e4e51854e8389e406a5f2fda58a9f77f59a55fea34877673fedbb12aa72944ef080a4e76b8bd900ea05d72758d03fe7,08/01/2025 06:00:00 PM,1,DRIVER,,2020626,,UNKNOWN,OTHER (EXPLAIN IN NARRATIVE),IL,,NONE,BUS UP TO 15 PASS.,OTHER,N,TURNING LEFT,,,1,,,,,,Y,,,,,,,,,,,,FRONT-RIGHT-CORNER,,,,,,,,,,,,,,,,,,,,,,,,,,,,,,,,,
2119506,9f5e737aea5e1ef5f6d837a1f8027c5d419913410d8b96870c861fd333c2f94f3da46f966924667821f5c76350761caaa92056dcd4bbd2d4b7fe3940a47e0cbe,08/01/2025 06:00:00 PM,1,DRIVER,,2020519,,TOYOTA,PRIUS,IL,2013,UNKNOWN,PASSENGER,PERSONAL,E,TURNING RIGHT,,,1,,,,,Y,,,,,,,,,,,Y,,FRONT-RIGHT-CORNER,,,,,,,,,,,,,,,,,,,,,,,,,,,,,,,,,
2119507,9f5e737aea5e1ef5f6d837a1f8027c5d419913410d8b96870c861fd333c2f94f3da46f966924667821f5c76350761caaa92056dcd4bbd2d4b7fe3940a47e0cbe,08/01/2025 06:00:00 PM,2,PEDESTRIAN,,,,,,,,,,,,,,,,,,,,,,,,,,,,,,,,,,,,,,,,,,,,,,,,,,,,,,,,,,,,,,,,,,
2119527,a16bcc8d69abc9b04a8c99321d183de57e60051493f0f341713f43778c30b50a818bfb4723cded598e19165aee5caa137a1535db50a49b54999e3dc2acc05742,08/01/2025 05:58:00 PM,1,DRIVER,,2020539,,TOYOTA,PRIUS,IL,2012,NONE,PASSENGER,PERSONAL,SE,ENTERING TRAFFIC LANE FROM PARKING,,,1,,,,,,,,,,,,,,,Y,,,FRONT-LEFT-CORNER,,,,,,,,,,,,,,,,,,,,,,,,,,,,,,,,,
2119528,a16bcc8d69abc9b04a8c99321d183de57e60051493f0f341713f43778c30b50a818bfb4723cded598e19165aee5caa137a1535db50a49b54999e3dc2acc05742,08/01/2025 05:58:00 PM,2,DRIVER,,2020545,,TOYOTA,COROLLA,IL,2021,NONE,PASSENGER,PERSONAL,SE,LEAVING TRAFFIC LANE TO PARK,,,1,,,,,,,,,Y,,,,,,,,,REAR-RIGHT-CORNER,,,,,,,,,,,,,,,,,,,,,,,,,,,,,,,,,
2119539,c284bfa1d14bfdef04898958c1b012e94db4ef09ba71cee1ba905f04b5d0e978ab46e73e313cd7b8a7cc14135c0a397db641c0a9235a0a1ac3f4924fc10cc802,08/01/2025 05:55:00 PM,1,DRIVER,,2020543,,VOLKSWAGEN,JETTA,,2002,NONE,PASSENGER,PERSONAL,N,LEAVING TRAFFIC LANE TO PARK,,,1,,,,,,,,,Y,,,,,,,,,REAR-RIGHT-CORNER,,,,,,,,,,,,,,,,,,,,,,,,,,,,,,,,,
2119540,c284bfa1d14bfdef04898958c1b012e94db4ef09ba71cee1ba905f04b5d0e978ab46e73e313cd7b8a7cc14135c0a397db641c0a9235a0a1ac3f4924fc10cc802,08/01/2025 05:55:00 PM,2,PARKED,,2020549,,BMW,X5,,2024,NONE,PASSENGER,PERSONAL,UNKNOWN,PARKED,,,0,,,,,,,,,,,,Y,,,,,,SIDE-LEFT-REAR,,,,,,,,,,,,,,,,,,,,,,,,,,,,,,,,,
2119523,94807cc3fd96d8cc687cc0f2f503ec60ed9a2c018e13e60a5a3503defc392b77b0d7f2342a7562222309249aa41f2b3b648f30713fcb83b60360982b99955391,08/01/2025 05:50:00 PM,1,DRIVER,1,2020551,,FORD,ESCAPE,IL,2020,NONE,SPORT UTILITY VEHICLE (SUV),PERSONAL,W,STRAIGHT AHEAD,,,2,,,,,Y,,,,,,,,,,,,,FRONT-RIGHT-CORNER,,,,,,,,,,,,,,,,,,,,,,,,,,,,,,,,,
2119524,94807cc3fd96d8cc687cc0f2f503ec60ed9a2c018e13e60a5a3503defc392b77b0d7f2342a7562222309249aa41f2b3b648f30713fcb83b60360982b99955391,08/01/2025 05:50:00 PM,2,DRIVER,,2020533,,CHEVROLET,TRAX,IL,2017,NONE,SPORT UTILITY VEHICLE (SUV),PERSONAL,W,SLOW/STOP IN TRAFFIC,,,1,,,,,,,,,Y,,,,,,,,,REAR,,,,,,,,,,,,,,,,,,,,,,,,,,,,,,,,,
2119514,6430b956b0302d7c465ac5e7a9761e0f8a55f11deed76f3bfe710a8cfa07ab05edc6e1cb0e8fce1640614c127ce7e05b5620db29b6690e0a36155e34a475f4d2,08/01/2025 05:49:00 PM,1,DRIVER,,2020520,,UNKNOWN,MOTORIZED,,,UNKNOWN,VAN/MINI-VAN,UNKNOWN/NA,N,STRAIGHT AHEAD,,,1,,,,,,Y,Y,,,,,,,,,,,SIDE-RIGHT,,,,,,,,,,,,,,,,,,,,,,,,,,,,,,,,,
2119515,6430b956b0302d7c465ac5e7a9761e0f8a55f11deed76f3bfe710a8cfa07ab05edc6e1cb0e8fce1640614c127ce7e05b5620db29b6690e0a36155e34a475f4d2,08/01/2025 05:49:00 PM,2,DRIVER,,2020529,,NEW FLYER,DE60LFR,IL,2007,NONE,BUS UP TO 15 PASS.,CTA,N,STRAIGHT AHEAD,,,1,,,,,,,,,,,,,Y,Y,,,,SIDE-LEFT,,,,,,,,,,,,,,,,,,,,,,,,,,,,,,,,,
2119551,22307173314718c379c7f596de7bfe2fd6078027b22491fc140ccfb068ed1e5b63d1831380edee74de80905c000a6f3811c0337739374d66c8a81ebe0ccc0a2b,08/01/2025 05:48:00 PM,1,DRIVER,,2020559,,NISSAN,ALTIMA,IL,2024,UNKNOWN,PASSENGER,PERSONAL,W,MERGING,Y,,1,,PRIVATE TOW,UNKNOWN,,Y,Y,Y,Y,,,,,,,Y,Y,,FRONT,,,,,,,,,,,,,,,,,,,,,,,,,,,,,,,,,
2119552,22307173314718c379c7f596de7bfe2fd6078027b22491fc140ccfb068ed1e5b63d1831380edee74de80905c000a6f3811c0337739374d66c8a81ebe0ccc0a2b,08/01/2025 05:48:00 PM,2,DRIVER,,2020572,,JEEP,GRAND CHEROKEE,IL,2017,UNKNOWN,SPORT UTILITY VEHICLE (SUV),PERSONAL,S,STRAIGHT AHEAD,Y,,1,,PRIVATE TOW,UNKNOWN,,,,,,,,,,,Y,Y,Y,,FRONT-LEFT-CORNER,,,,,,,,,,,,,,,,,,,,,,,,,,,,,,,,,
2119631,585920f2e5fd7294753deaf591a47b84b4972724fda6afb808071e17e1d34c3b673e8c9ca46bf8f1b60b5ea4cc4015bfe3e0b03191b23c72056e91a11d49ecb3,08/01/2025 05:45:00 PM,1,DRIVER,,2020644,,RIVIAN,R1S,IN,2025,UNKNOWN,PASSENGER,PERSONAL,UNKNOWN,UNKNOWN/NA,Y,,1,,PRIVATE,UNKNOQN,,Y,Y,Y,Y,Y,,,,,Y,Y,Y,,FRONT,,,,,,,,,,,,,,,,,,,,,,,,,,,,,,,,,
2119632,585920f2e5fd7294753deaf591a47b84b4972724fda6afb808071e17e1d34c3b673e8c9ca46bf8f1b60b5ea4cc4015bfe3e0b03191b23c72056e91a11d49ecb3,08/01/2025 05:45:00 PM,2,PARKED,,2020649,,AUDI,Q5,IL,2021,UNKNOWN,PASSENGER,PERSONAL,UNKNOWN,PARKED,,,0,,,,,,,,,,,,Y,Y,Y,Y,,,UNKNOWN,,,,,,,,,,,,,,,,,,,,,,,,,,,,,,,,,
2119633,585920f2e5fd7294753deaf591a47b84b4972724fda6afb808071e17e1d34c3b673e8c9ca46bf8f1b60b5ea4cc4015bfe3e0b03191b23c72056e91a11d49ecb3,08/01/2025 05:45:00 PM,3,PARKED,,2020656,,SUBARU,OUTBACK,IL,2017,UNKNOWN,PASSENGER,UNKNOWN/NA,UNKNOWN,PARKED,,,0,,,,,Y,,,,,,,,,Y,Y,Y,,FRONT,,,,,,,,,,,,,,,,,,,,,,,,,,,,,,,,,
2119634,585920f2e5fd7294753deaf591a47b84b4972724fda6afb808071e17e1d34c3b673e8c9ca46bf8f1b60b5ea4cc4015bfe3e0b03191b23c72056e91a11d49ecb3,08/01/2025 05:45:00 PM,4,PARKED,,2020660,,HONDA,CIVIC,NJ,2018,UNKNOWN,PASSENGER,UNKNOWN/NA,UNKNOWN,PARKED,,,0,,,,,Y,,,,,,,,,,Y,Y,,FRONT,,,,,,,,,,,,,,,,,,,,,,,,,,,,,,,,,
2119535,e1f49e049322a69e5867b9b69f78aef2528c19716eceeaea57bb03155dc43d593f5f0c88f7dff3c52db2ee34a6ae167df2cc44efcb3f93cd53a6803c149076af,08/01/2025 05:45:00 PM,1,DRIVER,2,2020547,,MERCURY,MARINER,IL,2009,UNKNOWN,SPORT UTILITY VEHICLE (SUV),PERSONAL,N,TURNING LEFT,,,3,,,,,Y,,,,,,,,,,Y,Y,,FRONT,,,,,,,,,,,,,,,,,,,,,,,,,,,,,,,,,
2119536,e1f49e049322a69e5867b9b69f78aef2528c19716eceeaea57bb03155dc43d593f5f0c88f7dff3c52db2ee34a6ae167df2cc44efcb3f93cd53a6803c149076af,08/01/2025 05:45:00 PM,2,DRIVER,1,2020568,,TOYOTA,COROLLA,IL,2016,UNKNOWN,PASSENGER,PERSONAL,S,STRAIGHT AHEAD,,,2,,,,,Y,,,,,,,,,,Y,Y,,FRONT-LEFT-CORNER,,,,,,,,,,,,,,,,,,,,,,,,,,,,,,,,,
2119581,4b92e8b514ce1c2c94edfbbf4f7c794986fc3bb53661b933b5483dd472f6a965ecb36d6a2fe7fbb08a1e6a2f00200eddf259646825a522206d6c8425393415bb,08/01/2025 05:43:00 PM,1,DRIVER,,2020588,,VOLKSWAGEN,JETTA,IL,2025,UNKNOWN,PASSENGER,PERSONAL,N,TURNING LEFT,Y,,1,,PRIVATE TOW,4700 W WASHINGTON,,Y,,,,,,,,,,Y,Y,,FRONT,,,,,,,,,,,,,,,,,,,,,,,,,,,,,,,,,
2119582,4b92e8b514ce1c2c94edfbbf4f7c794986fc3bb53661b933b5483dd472f6a965ecb36d6a2fe7fbb08a1e6a2f00200eddf259646825a522206d6c8425393415bb,08/01/2025 05:43:00 PM,2,DRIVER,1,2020593,,CHEVROLET,BOLT,IL,2020,UNKNOWN,PASSENGER,PERSONAL,S,STRAIGHT AHEAD,,,2,,,,,,,,,,,,,,Y,Y,,,FRONT-LEFT-CORNER,,,,,,,,,,,,,,,,,,,,,,,,,,,,,,,,,
2119504,a636a2166d744052ecf43bc410eee69ec2b1542906fa97464638ead46e694c9ead444a50096693d9bff1ee32258ce333b2a6ef35dd0ac68441aba387e7a447bb,08/01/2025 05:35:00 PM,1,DRIVER,,2020511,,UNKNOWN,OTHER (EXPLAIN IN NARRATIVE),,,UNKNOWN,UNKNOWN/NA,UNKNOWN/NA,E,STRAIGHT AHEAD,,,1,,,,,,,,,,,,,,,,,Y,UNKNOWN,,,,,,,,,,,,,,,,,,,,,,,,,,,,,,,,,
2119505,a636a2166d744052ecf43bc410eee69ec2b1542906fa97464638ead46e694c9ead444a50096693d9bff1ee32258ce333b2a6ef35dd0ac68441aba387e7a447bb,08/01/2025 05:35:00 PM,2,DRIVER,,2020517,,NOVA BUS,OTHER (EXPLAIN IN NARRATIVE),IL,2023,NONE,BUS OVER 15 PASS.,OTHER,E,STRAIGHT AHEAD,,,1,,,,,,,,,,Y,Y,,,,,,,REAR-LEFT-CORNER,,,,,,,,,,,,,,,,,,,,,,,,,,,,,,,,,
2119518,3107a8e49285b5e91a5720b3edaa2c0fd09309e82503adacf88e07569a446f40f3015f3f462203d595b9e6f6c0d96b4f096d7384f196f56d362c229e0608c690,08/01/2025 05:30:00 PM,1,DRIVER,,2020530,,DODGE,DURANGO,IL,2017,UNKNOWN,PASSENGER,PERSONAL,UNKNOWN,UNKNOWN/NA,,,1,,,,,Y,Y,Y,N,,,,Y,,,Y,Y,,FRONT-RIGHT-CORNER,,,,,,,,,,,,,,,,,,,,,,,,,,,,,,,,,
2119521,2a0e27d5e0c457120fe01ec3d87ee539cba6478189a43cbc27af24a84ce438bbc2228569a411f55a9ed2f3ee458ddfd47cbf439ac0b0451bc9f2a40727c5e8ce,08/01/2025 05:25:00 PM,2,DRIVER,,2020544,,SUBARU,FORESTER,IL,2017,UNKNOWN,PASSENGER,UNKNOWN/NA,W,UNKNOWN/NA,,,1,,,,,,,,,,,,,,,Y,,,FRONT-LEFT-CORNER,,,,,,,,,,,,,,,,,,,,,,,,,,,,,,,,,