CRASH_UNIT_ID,CRASH_RECORD_ID,CRASH_DATE,UNIT_NO,UNIT_TYPE,NUM_PASSENGERS,VEHICLE_ID,CMRC_VEH_I,MAKE,MODEL,LIC_PLATE_STATE,VEHICLE_YEAR,VEHICLE_DEFECT,VEHICLE_TYPE,VEHICLE_USE,TRAVEL_DIRECTION,MANEUVER,TOWED_I,FIRE_I,OCCUPANT_CNT,EXCEED_SPEED_LIMIT_I,TOWED_BY,TOWED_TO,AREA_00_I,AREA_01_I,AREA_02_I,AREA_03_I,AREA_04_I,AREA_05_I,AREA_06_I,AREA_07_I,AREA_08_I,AREA_09_I,AREA_10_I,AREA_11_I,AREA_12_I,AREA_99_I,FIRST_CONTACT_POINT,CMV_ID,USDOT_NO,CCMC_NO,ILCC_NO,COMMERCIAL_SRC,GVWR,CARRIER_NAME,CARRIER_STATE,CARRIER_CITY,HAZMAT_PLACARDS_I,HAZMAT_NAME,UN_NO,HAZMAT_PRESENT_I,HAZMAT_REPORT_I,HAZMAT_REPORT_NO,MCS_REPORT_I,MCS_REPORT_NO,HAZMAT_VIO_CAUSE_CRASH_I,MCS_VIO_CAUSE_CRASH_I,IDOT_PERMIT_NO,WIDE_LOAD_I,TRAILER1_WIDTH,TRAILER2_WIDTH,TRAILER1_LENGTH,TRAILER2_LENGTH,TOTAL_VEHICLE_LENGTH,AXLE_CNT,VEHICLE_CONFIG,CARGO_BODY_TYPE,LOAD_TYPE,HAZMAT_OUT_OF_SERVICE_I,MCS_OUT_OF_SERVICE_I,HAZMAT_CLASS
2119522,2a0e27d5e0c457120fe01ec3d87ee539cba6478189a43cbc27af24a84ce438bbc2228569a411f55a9ed2f3ee458ddfd47cbf439ac0b0451bc9f2a40727c5e8ce,08/01/2025 05:25:00 PM,1,DRIVER,,2020538,,CHEVROLET,MALIBU,IL,2014,NONE,PASSENGER,PERSONAL,W,STRAIGHT AHEAD,,,1,,,,,,Y,Y,Y,,,,,,,,,,SIDE-RIGHT,,,,,,,,,,,,,,,,,,,,,,,,,,,,,,,,,
2119531,bcdfd94d4d7408f8fc2978ab9e4c7eb980c7c0c5486431c6157d81d8c2e13202fcb1b13418139e9ec3738318daae061b3f25f142e62a97368512389625087eab,08/01/2025 05:25:00 PM,1,DRIVER,,2020550,,FORD,EXPLORER,IL,2024,NONE,PASSENGER,POLICE,S,STRAIGHT AHEAD,Y,,1,,CITY OF CHICAGO,CITY GARAGE,,,Y,Y,Y,,,,,,,,,,SIDE-RIGHT,,,,,,,,,,,,,,,,,,,,,,,,,,,,,,,,,
2119532,bcdfd94d4d7408f8fc2978ab9e4c7eb980c7c0c5486431c6157d81d8c2e13202fcb1b13418139e9ec3738318daae061b3f25f142e62a97368512389625087eab,08/01/2025 05:25:00 PM,2,DRIVER,3,2020570,,NISSAN,SENTRA,IL,2016,NONE,PASSENGER,PERSONAL,W,STRAIGHT AHEAD,Y,,4,,CITY OF CHICAGO,POUND 6,,Y,Y,,,,,,,,Y,Y,Y,,FRONT,,,,,,,,,,,,,,,,,,,,,,,,,,,,,,,,,
2119553,77f754325f7a3ac8c865956afac4890274ea3a2d036639e50f7ec324b8cb14d4a7d47b858d922ee7e52e4b1d03f11ce906464e4d5bb13670116b8501b226c63f,08/01/2025 05:20:00 PM,1,DRIVER,,2020564,,HONDA,OTHER (EXPLAIN IN NARRATIVE),IL,2007,UNKNOWN,VAN/MINI-VAN,UNKNOWN/NA,S,STRAIGHT AHEAD,,,1,,,,,,,,,,Y,,,,,,,,REAR,,,,,,,,,,,,,,,,,,,,,,,,,,,,,,,,,
2119554,77f754325f7a3ac8c865956afac4890274ea3a2d036639e50f7ec324b8cb14d4a7d47b858d922ee7e52e4b1d03f11ce906464e4d5bb13670116b8501b226c63f,08/01/2025 05:20:00 PM,2,DRIVER,,2020584,,TOYOTA,RAV4,IL,2024,UNKNOWN,SPORT UTILITY VEHICLE (SUV),PERSONAL,S,STRAIGHT AHEAD,,,1,,,,,,,,,,Y,,,,,,,,REAR,,,,,,,,,,,,,,,,,,,,,,,,,,,,,,,,,
2119480,43fd581fb4f83dadf4e6df5a8dc349dbb76996ac0ca8c63bffd484bae0e5ce25f136e18f361390842e236ba9b2e3b177e55efa1dfd7af9ebdb7d85d7e083c277,08/01/2025 05:16:00 PM,1,DRIVER,,2020492,,FORD,ECONOLINE E150,IL,2009,NONE,VAN/MINI-VAN,PERSONAL,W,STRAIGHT AHEAD,,,1,,,,,,,,,,,,,Y,,,,,SIDE-LEFT,,,,,,,,,,,,,,,,,,,,,,,,,,,,,,,,,
2119481,43fd581fb4f83dadf4e6df5a8dc349dbb76996ac0ca8c63bffd484bae0e5ce25f136e18f361390842e236ba9b2e3b177e55efa1dfd7af9ebdb7d85d7e083c277,08/01/2025 05:16:00 PM,2,DRIVER,,2020505,,PORSCHE,CAYENNE,IL,2024,NONE,SPORT UTILITY VEHICLE (SUV),PERSONAL,E,STRAIGHT AHEAD,,,1,,,,,,,,,,,Y,Y,,,,,,SIDE-LEFT-REAR,,,,,,,,,,,,,,,,,,,,,,,,,,,,,,,,,
2120014,a1bc3908850bfe1aa925289b90bf968ba8e458898ec88c0d373903d38642c1a961cf018451f3bb2499f852edaa0e4febb4a713685daac57e861aa0eb57714f51,08/01/2025 05:15:00 PM,1,DRIVER,,2021498,,UNKNOWN,OTHER (EXPLAIN IN NARRATIVE),,,UNKNOWN,UNKNOWN/NA,UNKNOWN/NA,S,UNKNOWN/NA,,,1,,,,,,,,,,,,,,,,,Y,UNKNOWN,,,,,,,,,,,,,,,,,,,,,,,,,,,,,,,,,
2120015,a1bc3908850bfe1aa925289b90bf968ba8e458898ec88c0d373903d38642c1a961cf018451f3bb2499f852edaa0e4febb4a713685daac57e861aa0eb57714f51,08/01/2025 05:15:00 PM,2,PARKED,,2021501,,HONDA,CR-V,IL,2017,UNKNOWN,SPORT UTILITY VEHICLE (SUV),NOT IN USE,S,PARKED,,,0,,,,,,,,,,,,,,Y,Y,Y,,FRONT-LEFT-CORNER,,,,,,,,,,,,,,,,,,,,,,,,,,,,,,,,,
2119484,fb2b763d26a6abda06e63ac4d5c017badc58ad9720ea14463ef97bedcf198c24f06b1e8131e2b12a1679f5048436c20faf01e5cd1f5cfecbfe728ca93cf1323c,08/01/2025 05:15:00 PM,1,DRIVER,,2020502,,TOYOTA,CAMRY,IL,2002,NONE,PASSENGER,PERSONAL,E,TURNING RIGHT,,,1,,,,,,,,,,,,Y,Y,Y,,,,SIDE-RIGHT,,,,,,,,,,,,,,,,,,,,,,,,,,,,,,,,,
2119485,fb2b763d26a6abda06e63ac4d5c017badc58ad9720ea14463ef97bedcf198c24f06b1e8131e2b12a1679f5048436c20faf01e5cd1f5cfecbfe728ca93cf1323c,08/01/2025 05:15:00 PM,2,DRIVER,,2020495,,TOYOTA,COROLLA,IL,2022,NONE,PASSENGER,PERSONAL,E,TURNING RIGHT,,,1,,,,,,,,,,,,,,,Y,,,FRONT-LEFT-CORNER,,,,,,,,,,,,,,,,,,,,,,,,,,,,,,,,,
2119537,e485238bf7be8fdc172f4e0db5a7a4149083229262a3d17997ad341f73b03bd1577627379096f81239d705b7cd9a1786463fb6354360ebc5bab3d58a520df0a1,08/01/2025 05:07:00 PM,1,DRIVER,,2020542,,DODGE,DART,IL,2015,UNKNOWN,PASSENGER,PERSONAL,E,STRAIGHT AHEAD,,,1,,,,,Y,,,,,,,,,,Y,Y,,FRONT,,,,,,,,,,,,,,,,,,,,,,,,,,,,,,,,,
2119538,e485238bf7be8fdc172f4e0db5a7a4149083229262a3d17997ad341f73b03bd1577627379096f81239d705b7cd9a1786463fb6354360ebc5bab3d58a520df0a1,08/01/2025 05:07:00 PM,2,BICYCLE,,,,,,,,,,,,,,,,,,,,,,,,,,,,,,,,,,,,,,,,,,,,,,,,,,,,,,,,,,,,,,,,,,
2119468,0f9bbc2f5d56414bc509c0826cf4a6a67821010001bf052ce50133232d9b7da2712f0bfe3edd1c0e8d4ba01859d89d77d6f4279a400981456ebff0a134cb5ba3,08/01/2025 05:05:00 PM,1,DRIVER,,2020476,,TOYOTA,RAV4,IL,2021,UNKNOWN,SPORT UTILITY VEHICLE (SUV),TAXI/FOR HIRE,S,BACKING,,,1,,,,,,,,,,Y,,,,,,,,REAR,,,,,,,,,,,,,,,,,,,,,,,,,,,,,,,,,
2119469,0f9bbc2f5d56414bc509c0826cf4a6a67821010001bf052ce50133232d9b7da2712f0bfe3edd1c0e8d4ba01859d89d77d6f4279a400981456ebff0a134cb5ba3,08/01/2025 05:05:00 PM,2,DRIVER,,2020484,,TOYOTA,RAV4,IL,2023,NONE,SPORT UTILITY VEHICLE (SUV),TAXI/FOR HIRE,N,SLOW/STOP IN TRAFFIC,,,1,,,,,,,,,,,,,,,Y,Y,,FRONT,,,,,,,,,,,,,,,,,,,,,,,,,,,,,,,,,
2119496,94ee504dd1ec2bdcddb12c27fdcf804795d2bc2774f8477e1f1bcdf23cf486a96ed35b9b469ac8b0d86404baa41ff37d42c189374cb7bfd54dfc1d03de187223,08/01/2025 05:05:00 PM,1,DRIVER,,2020501,,DODGE,RAM 1500 PU,IL,2019,NONE,PICKUP,PERSONAL,S,PASSING/OVERTAKING,,,1,,,,,,Y,,,,,,,,,,,,FRONT-RIGHT-CORNER,,,,,,,,,,,,,,,,,,,,,,,,,,,,,,,,,
2119497,94ee504dd1ec2bdcddb12c27fdcf804795d2bc2774f8477e1f1bcdf23cf486a96ed35b9b469ac8b0d86404baa41ff37d42c189374cb7bfd54dfc1d03de187223,08/01/2025 05:05:00 PM,2,DRIVER,,2020510,,NEW FLYER,OTHER (EXPLAIN IN NARRATIVE),IL,2007,NONE,BUS OVER 15 PASS.,CTA,S,OTHER,,,1,,,,Y,,,,,,,,,,,,,,FRONT-LEFT-CORNER,,,,,,,,,,,,,,,,,,,,,,,,,,,,,,,,,
2119490,6a0f37317f2f8c9ffe575da86131027ace35beb07feec2c98b5f00ffefb048200ce4794c7a2d0d3e4513751f170fc5d6c6a4aac771f5149492ea8fbe2683c40a,08/01/2025 05:03:00 PM,1,DRIVER,,2020493,,TOYOTA,CAMRY,IL,2000,UNKNOWN,PASSENGER,PERSONAL,W,STRAIGHT AHEAD,Y,,1,,,pound 6,N,Y,Y,Y,Y,Y,,,,,,,N,,SIDE-RIGHT,,,,,,,,,,,,,,,,,,,,,,,,,,,,,,,,,
2119491,6a0f37317f2f8c9ffe575da86131027ace35beb07feec2c98b5f00ffefb048200ce4794c7a2d0d3e4513751f170fc5d6c6a4aac771f5149492ea8fbe2683c40a,08/01/2025 05:03:00 PM,2,DRIVER,,2020498,,NISSAN,SENTRA,IL,2025,UNKNOWN,PASSENGER,PERSONAL,W,STRAIGHT AHEAD,,,1,,,,,,,,,,,Y,Y,Y,Y,Y,,,SIDE-LEFT,,,,,,,,,,,,,,,,,,,,,,,,,,,,,,,,,
2119525,3296b9b486dbb37bf6f494d82946f363454c110464d90288d9b6310e5a7c12d53ac7b5d075cb05612787ba2eb39318cccc3bd3fbcd1c8071c6b9213d26b45f92,08/01/2025 05:00:00 PM,1,DRIVER,,2020528,,UNKNOWN,OTHER (EXPLAIN IN NARRATIVE),,,UNKNOWN,UNKNOWN/NA,UNKNOWN/NA,UNKNOWN,UNKNOWN/NA,,,1,,,,,,,,,,,,,,,,,Y,UNKNOWN,,,,,,,,,,,,,,,,,,,,,,,,,,,,,,,,,
2119526,3296b9b486dbb37bf6f494d82946f363454c110464d90288d9b6310e5a7c12d53ac7b5d075cb05612787ba2eb39318cccc3bd3fbcd1c8071c6b9213d26b45f92,08/01/2025 05:00:00 PM,2,PARKED,,2020531,,HYUNDAI,SANTA FE,IL,2025,UNKNOWN,SPORT UTILITY VEHICLE (SUV),NOT IN USE,UNKNOWN,PARKED,,,0,,,,,Y,Y,Y,Y,Y,Y,Y,Y,Y,,,,,UNKNOWN,,,,,,,,,,,,,,,,,,,,,,,,,,,,,,,,,
2119529,3e9606220775d3039ae273c2ab2243c57a6b8bca12cedfb4814361de7f9d3be2a8d39fc11c3f76fc508b45fd14866f6652d2b5662eba9b22d40dacf5aec4c4c0,08/01/2025 05:00:00 PM,1,DRIVER,,2020535,,UNKNOWN,MOTORIZED,,,UNKNOWN,PASSENGER,UNKNOWN/NA,N,STRAIGHT AHEAD,,,1,,,,,,,,,,,,,,,Y,,,FRONT-LEFT-CORNER,,,,,,,,,,,,,,,,,,,,,,,,,,,,,,,,,
2119530,3e9606220775d3039ae273c2ab2243c57a6b8bca12cedfb4814361de7f9d3be2a8d39fc11c3f76fc508b45fd14866f6652d2b5662eba9b22d40dacf5aec4c4c0,08/01/2025 05:00:00 PM,2,DRIVER,,2020541,,FORD,CUSTOM,IL,2020,NONE,BUS UP TO 15 PASS.,OTHER,N,STRAIGHT AHEAD,,,1,,,,,,,,,Y,,,,,,,,,REAR-RIGHT-CORNER,,,,,,,,,,,,,,,,,,,,,,,,,,,,,,,,,
2119492,51fea43ee740da6e46123f07ecfe39ef6811ab299db28524c565d37a2a760f0496974c0dd48d235e1aae4dc37d3f8f3c1dd17f26c0d8ff2460be15a2aada33a4,08/01/2025 05:00:00 PM,1,DRIVER,,2020499,,MERCEDES-BENZ,OTHER (EXPLAIN IN NARRATIVE),IL,2016,UNKNOWN,VAN/MINI-VAN,PERSONAL,W,TURNING RIGHT,,,1,,,,,,,Y,Y,,,,,,,,,,SIDE-RIGHT,,,,,,,,,,,,,,,,,,,,,,,,,,,,,,,,,
2119493,51fea43ee740da6e46123f07ecfe39ef6811ab299db28524c565d37a2a760f0496974c0dd48d235e1aae4dc37d3f8f3c1dd17f26c0d8ff2460be15a2aada33a4,08/01/2025 05:00:00 PM,2,DRIVER,,2020507,,BUICK,ENCLAVE,IL,2008,UNKNOWN,SPORT UTILITY VEHICLE (SUV),PERSONAL,W,SLOW/STOP IN TRAFFIC,,,1,,,,,,,,,,,Y,,,,,,,SIDE-LEFT-REAR,,,,,,,,,,,,,,,,,,,,,,,,,,,,,,,,,
2119576,56a9a04a86abcb9ef97966eb74f116a7199b0e426f615d0c370cb7a88407f5336627a7e26e673cd187b3fedd588afe65cb480d45cd965836e042278eb77b5e9b,08/01/2025 05:00:00 PM,1,BICYCLE,,,,,,,,,,,,,,,,,,,,,,,,,,,,,,,,,,,,,,,,,,,,,,,,,,,,,,,,,,,,,,,,,,
2119577,56a9a04a86abcb9ef97966eb74f116a7199b0e426f615d0c370cb7a88407f5336627a7e26e673cd187b3fedd588afe65cb480d45cd965836e042278eb77b5e9b,08/01/2025 05:00:00 PM,2,DRIVER,,2020589,,HONDA,ODYSSEY,IL,2012,UNKNOWN,VAN/MINI-VAN,PERSONAL,E,OTHER,,,1,,,,,,,,,,,,,,Y,Y,Y,,FRONT-LEFT-CORNER,,,,,,,,,,,,,,,,,,,,,,,,,,,,,,,,,
2119593,76944c80e9d8c8f44e564c69eebf4c4eb361bf0b084c25c3bd815bdd18aec0c52d5a9bfd1672e5472f9dfa55358d1b2aca996b51ef93dec45442cbe0aa4ec478,08/01/2025 05:00:00 PM,1,DRIVER,,2020595,,BMW,X5,IL,2008,UNKNOWN,SPORT UTILITY VEHICLE (SUV),UNKNOWN/NA,N,CHANGING LANES,,,1,,,,,Y,Y,,,,,,,,,,,,FRONT-RIGHT-CORNER,,,,,,,,,,,,,,,,,,,,,,,,,,,,,,,,,
2119594,76944c80e9d8c8f44e564c69eebf4c4eb361bf0b084c25c3bd815bdd18aec0c52d5a9bfd1672e5472f9dfa55358d1b2aca996b51ef93dec45442cbe0aa4ec478,08/01/2025 05:00:00 PM,2,DRIVER,,2020601,,TOYOTA,SIENNA,IL,2023,UNKNOWN,VAN/MINI-VAN,UNKNOWN/NA,N,STRAIGHT AHEAD,,,1,,,,,,,,,,,Y,Y,,,,,,SIDE-LEFT-REAR,,,,,,,,,,,,,,,,,,,,,,,,,,,,,,,,,
2119907,f5a3ec6cd9a4312ab5d3dddf31c2c6efe2785ccf51ebce67336d44a652b3dea8846bfe96f3239509c3a7589807b8f99c7ef6139aee3230905b515a9fe6e9ddcb,08/01/2025 05:00:00 PM,1,DRIVER,,2020918,,UNKNOWN,MOTORIZED,IL,,UNKNOWN,UNKNOWN/NA,UNKNOWN/NA,UNKNOWN,UNKNOWN/NA,,,1,,,,,,,,,,,,,,,,,Y,UNKNOWN,,,,,,,,,,,,,,,,,,,,,,,,,,,,,,,,,
2119908,f5a3ec6cd9a4312ab5d3dddf31c2c6efe2785ccf51ebce67336d44a652b3dea8846bfe96f3239509c3a7589807b8f99c7ef6139aee3230905b515a9fe6e9ddcb,08/01/2025 05:00:00 PM,2,PARKED,,2020905,,CHEVROLET,EQUINOX,IL,2013,UNKNOWN,PASSENGER,PERSONAL,W,PARKED,,,0,,,,,,,,,,,Y,Y,Y,Y,Y,Y,,SIDE-LEFT-REAR,,,,,,,,,,,,,,,,,,,,,,,,,,,,,,,,,
2127556,40e6d44c03047a697eb55c50f523a7ef4a9b75c60b78d04e692bcf4c07d96cc4491e29d9f0383377b9134a352a984b709a37662a9576adedaffde447841c8ce6,08/01/2025 04:55:00 PM,1,DRIVER,,2028196,,UTILITY TRAILER,UTILITY TRAILER,,2025,UNKNOWN,SINGLE UNIT TRUCK WITH TRAILER,OTHER,N,STRAIGHT AHEAD,,,1,,,,,,,,,,,,,,,,,,TOP,,,,,,,,,,,,,,,,,,,,,,,,,,,,,,,,,
2122053,09f0c88205c32d745a31c7da563724cb86b0b35ce8d91237c9f42a1db6bf7e288c7cff271e142190a6eb780d670786beb5542b3909c075d1f67151100ce19695,08/01/2025 04:50:00 PM,1,DRIVER,,2022978,,TOYOTA,ECHO,IL,2002,UNKNOWN,PASSENGER,PERSONAL,S,ENTERING TRAFFIC LANE FROM PARKING,,,1,,,,,,,,,,,,,,Y,Y,,,FRONT-LEFT-CORNER,,,,,,,,,,,,,,,,,,,,,,,,,,,,,,,,,
2122054,09f0c88205c32d745a31c7da563724cb86b0b35ce8d91237c9f42a1db6bf7e288c7cff271e142190a6eb780d670786beb5542b3909c075d1f67151100ce19695,08/01/2025 04:50:00 PM,2,DRIVER,1,2022986,,SUBARU,FORESTER,IL,2020,UNKNOWN,PASSENGER,PERSONAL,S,STRAIGHT AHEAD,,,2,,,,,Y,Y,Y,Y,,,,,,,,,,SIDE-RIGHT,,,,,,,,,,,,,,,,,,,,,,,,,,,,,,,,,
2119500,ee47092622d54bbd6e700b62ddfd9a482844aca3c80ad46fa40a734c6b7312af26605d87a4b2c995d18726da8a47faebbe745bad16d3fc92237351a3c2750523,08/01/2025 04:50:00 PM,1,DRIVER,,2020512,,AUDI,Q8,,,UNKNOWN,PASSENGER,UNKNOWN/NA,E,TURNING RIGHT,,,1,,,,,Y,Y,Y,Y,,,,,,,,Y,,FRONT-RIGHT-CORNER,,,,,,,,,,,,,,,,,,,,,,,,,,,,,,,,,
2119501,ee47092622d54bbd6e700b62ddfd9a482844aca3c80ad46fa40a734c6b7312af26605d87a4b2c995d18726da8a47faebbe745bad16d3fc92237351a3c2750523,08/01/2025 04:50:00 PM,2,BICYCLE,,,,,,,,,,,,,,,,,,,,,,,,,,,,,,,,,,,,,,,,,,,,,,,,,,,,,,,,,,,,,,,,,,
2119436,d6e4c9727bc2a9d649cb6dfbad8b00e750f55717d4a508b6339d6f5d1da233829c05fcda19e4b406bf213e36853dc29a1b78da97bfa9ac5246e8c7f479411b5d,08/01/2025 04:45:00 PM,1,BICYCLE,,,,,,,,,,,,,,,,,,,,,,,,,,,,,,,,,,,,,,,,,,,,,,,,,,,,,,,,,,,,,,,,,,
2119437,d6e4c9727bc2a9d649cb6dfbad8b00e750f55717d4a508b6339d6f5d1da233829c05fcda19e4b406bf213e36853dc29a1b78da97bfa9ac5246e8c7f479411b5d,08/01/2025 04:45:00 PM,2,DRIVER,,2020454,,MAZDA,CX-5,IL,2024,NONE,PASSENGER,PERSONAL,S,TURNING LEFT,,,1,,,,,Y,,,,,,,,,,Y,Y,,FRONT,,,,,,,,,,,,,,,,,,,,,,,,,,,,,,,,,
2119458,a410dbe264fae9c1c9eda1a8312fd18cb20205d27276f680338ce0024cdf0254ce77dae690abf1425acacb91c12798afe662c7272fc8aa115ec3ddb55ac565e8,08/01/2025 04:42:00 PM,1,DRIVER,,2020465,,JEEP,COMMANDER,IL,2006,UNKNOWN,PASSENGER,PERSONAL,S,STRAIGHT AHEAD,,,1,,,,,,,,,,,,,,,,,Y,UNKNOWN,,,,,,,,,,,,,,,,,,,,,,,,,,,,,,,,,
2119459,a410dbe264fae9c1c9eda1a8312fd18cb20205d27276f680338ce0024cdf0254ce77dae690abf1425acacb91c12798afe662c7272fc8aa115ec3ddb55ac565e8,08/01/2025 04:42:00 PM,2,DRIVER,,2020469,,PONTIAC,TORRENT,IL,2007,UNKNOWN,SPORT UTILITY VEHICLE (SUV),PERSONAL,S,STRAIGHT AHEAD,,,1,,,,,,,,,,Y,,,,,,Y,,REAR,,,,,,,,,,,,,,,,,,,,,,,,,,,,,,,,,
2119460,a410dbe264fae9c1c9eda1a8312fd18cb20205d27276f680338ce0024cdf0254ce77dae690abf1425acacb91c12798afe662c7272fc8aa115ec3ddb55ac565e8,08/01/2025 04:42:00 PM,3,DRIVER,,2020470,,UNKNOWN,OTHER (EXPLAIN IN NARRATIVE),,,UNKNOWN,UNKNOWN/NA,UNKNOWN/NA,S,STRAIGHT AHEAD,,,1,,,,,,,,,,,,,,,,,Y,UNKNOWN,,,,,,,,,,,,,,,,,,,,,,,,,,,,,,,,,
2119432,04e98dc35ca6024f83593a5012567703ac8d93d9085061f70692b7fedb6e91d42f2ae5f73bc1daf91567e14af6e8b446b9300bde874b56cfcc2ac900ba2aa5e5,08/01/2025 04:40:00 PM,1,DRIVER,1,2020440,,CHEVROLET,CRUZE,IN,2015,NONE,PASSENGER,PERSONAL,S,STRAIGHT AHEAD,,,2,,,,,,,,,,,,,,,,Y,,FRONT,,,,,,,,,,,,,,,,,,,,,,,,,,,,,,,,,
2119433,04e98dc35ca6024f83593a5012567703ac8d93d9085061f70692b7fedb6e91d42f2ae5f73bc1daf91567e14af6e8b446b9300bde874b56cfcc2ac900ba2aa5e5,08/01/2025 04:40:00 PM,2,DRIVER,,2020442,,FORD,CLUB WAGON E150,IL,2022,NONE,TRUCK - SINGLE UNIT,NOT IN USE,S,SLOW/STOP IN TRAFFIC,,,1,,,,,,,,,,Y,,,,,,,,REAR,,,,,,,,,,,,,,,,,,,,,,,,,,,,,,,,,
2119488,25093beeb4ddaa6157d2477f681de91da5566492664c8352c1dab34909cf51c05bb7d3df0eb8b1c0af381f805824e2e3683fdf3dc614eba0085b0e4dd3beb83a,08/01/2025 04:40:00 PM,1,DRIVER,,2020504,,HYUNDAI,SANTA FE,IL,2014,UNKNOWN,PASSENGER,PERSONAL,W,PASSING/OVERTAKING,,,1,,,,,,,,,,,,,,Y,Y,Y,,FRONT-LEFT-CORNER,,,,,,,,,,,,,,,,,,,,,,,,,,,,,,,,,
2119489,25093beeb4ddaa6157d2477f681de91da5566492664c8352c1dab34909cf51c05bb7d3df0eb8b1c0af381f805824e2e3683fdf3dc614eba0085b0e4dd3beb83a,08/01/2025 04:40:00 PM,2,DRIVER,,2020514,,CHEVROLET,CAMARO,IL,2013,UNKNOWN,PASSENGER,PERSONAL,W,STRAIGHT AHEAD,Y,,1,,personal,unknown,,Y,Y,Y,Y,Y,Y,,,,,,Y,,SIDE-RIGHT,,,,,,,,,,,,,,,,,,,,,,,,,,,,,,,,,
2119452,606674103045a42338372f0e2524d4ec022d22f83d22ef4f9314270b0ef15a8e74fe08666f8594a6873954bea131822abddc14c4b3a384978827ffc28e0532b6,08/01/2025 04:40:00 PM,1,DRIVER,,2020490,,LEXUS,RX350,IL,2022,UNKNOWN,SPORT UTILITY VEHICLE (SUV),PERSONAL,E,STRAIGHT AHEAD,Y,,1,,PRIVATE TOW,UNK,,Y,,,,,,,,,,Y,Y,,FRONT,,,,,,,,,,,,,,,,,,,,,,,,,,,,,,,,,
2119453,606674103045a42338372f0e2524d4ec022d22f83d22ef4f9314270b0ef15a8e74fe08666f8594a6873954bea131822abddc14c4b3a384978827ffc28e0532b6,08/01/2025 04:40:00 PM,2,PARKED,2,2020497,,NISSAN,PATHFINDER,IL,2004,UNKNOWN,SPORT UTILITY VEHICLE (SUV),PERSONAL,E,PARKED,Y,,2,,PRIVATE TOW,UNK,,Y,,,,Y,Y,Y,,,,Y,Y,,REAR,,,,,,,,,,,,,,,,,,,,,,,,,,,,,,,,,
2119508,fa188628125acbc76f36e597950e3369005b08d4c96ff10ac4642a56847f62f60fd22fd1ad329a2c3e45f97ea11a0e299ea194e60c5ebccc11ce21cf6ce15a28,08/01/2025 04:36:00 PM,1,DRIVER,,2020515,,FORD,MUSTANG,XX,,UNKNOWN,UNKNOWN/NA,UNKNOWN/NA,UNKNOWN,UNKNOWN/NA,,,1,,,,,,,,,,,,,,,,,Y,UNKNOWN,,,,,,,,,,,,,,,,,,,,,,,,,,,,,,,,,
2119509,fa188628125acbc76f36e597950e3369005b08d4c96ff10ac4642a56847f62f60fd22fd1ad329a2c3e45f97ea11a0e299ea194e60c5ebccc11ce21cf6ce15a28,08/01/2025 04:36:00 PM,2,DRIVER,,2020523,,TOYOTA,CAMRY,IL,2016,UNKNOWN,PASSENGER,TAXI/FOR HIRE,W,STRAIGHT AHEAD,,,1,,,,,,,,,,,,,,Y,Y,,,SIDE-RIGHT-FRONT,,,,,,,,,,,,,,,,,,,,,,,,,,,,,,,,,
2119428,1441467965e98899c59c8e66c24cf6146d7d32a0815086d276d4bcc614cb4dadca6e2cc281fa74dc0c4161e869494eac2d40de4f4e63edebd1aac1f0feda6652,08/01/2025 04:35:00 PM,1,DRIVER,,2020450,,UNKNOWN,OTHER (EXPLAIN IN NARRATIVE),,,UNKNOWN,PASSENGER,UNKNOWN/NA,W,TURNING LEFT,,,1,,,,,,,,,,,,,,,,,Y,UNKNOWN,,,,,,,,,,,,,,,,,,,,,,,,,,,,,,,,,
2119429,1441467965e98899c59c8e66c24cf6146d7d32a0815086d276d4bcc614cb4dadca6e2cc281fa74dc0c4161e869494eac2d40de4f4e63edebd1aac1f0feda6652,08/01/2025 04:35:00 PM,2,DRIVER,,2020438,,TOYOTA,COROLLA,IL,2021,NONE,PASSENGER,PERSONAL,N,STRAIGHT AHEAD,,,1,,,,,,,,,,,,,Y,Y,Y,,,SIDE-LEFT-FRONT,,,,,,,,,,,,,,,,,,,,,,,,,,,,,,,,,
2119408,ba730ffc06ec4bebca2676d5daa409014dcd925a333bcc8e85768cd2e6f9e948ad54997c03f6e3f4fe6ae95fc0292f05f208d3d6f43b2609300cf8f950e1785d,08/01/2025 04:35:00 PM,1,DRIVER,,2020416,,MITSUBISHI,OUTLANDER,IL,2018,UNKNOWN,PASSENGER,UNKNOWN/NA,SW,SLOW/STOP IN TRAFFIC,,,1,,,,Y,,,,,,,,,,,,,,FRONT,,,,,,,,,,,,,,,,,,,,,,,,,,,,,,,,,
2119409,ba730ffc06ec4bebca2676d5daa409014dcd925a333bcc8e85768cd2e6f9e948ad54997c03f6e3f4fe6ae95fc0292f05f208d3d6f43b2609300cf8f950e1785d,08/01/2025 04:35:00 PM,2,DRIVER,,2020429,,TOYOTA,VENZA,IL,2021,UNKNOWN,PASSENGER,UNKNOWN/NA,W,SLOW/STOP IN TRAFFIC,,,1,,,,,,,,,,Y,,,,,,,,REAR,,,,,,,,,,,,,,,,,,,,,,,,,,,,,,,,,
2119438,ac90bf86172e95755bf2afbeacd792b12181407a967c3b0400e808f1b800585b8f376e59687f5940598d125269b6666214331c2734ee5d1cc64328e3934e8009,08/01/2025 04:32:00 PM,1,DRIVER,,2020456,,KIA,OTHER (EXPLAIN IN NARRATIVE),IL,2021,UNKNOWN,PASSENGER,PERSONAL,E,STRAIGHT AHEAD,Y,,1,,FIVE STAR TOWING,OWNERS RESIDENCE,N,Y,,,,,,,,,,,Y,,FRONT-RIGHT-CORNER,,,,,,,,,,,,,,,,,,,,,,,,,,,,,,,,,