CRASH_UNIT_ID,CRASH_RECORD_ID,CRASH_DATE,UNIT_NO,UNIT_TYPE,NUM_PASSENGERS,VEHICLE_ID,CMRC_VEH_I,MAKE,MODEL,LIC_PLATE_STATE,VEHICLE_YEAR,VEHICLE_DEFECT,VEHICLE_TYPE,VEHICLE_USE,TRAVEL_DIRECTION,MANEUVER,TOWED_I,FIRE_I,OCCUPANT_CNT,EXCEED_SPEED_LIMIT_I,TOWED_BY,TOWED_TO,AREA_00_I,AREA_01_I,AREA_02_I,AREA_03_I,AREA_04_I,AREA_05_I,AREA_06_I,AREA_07_I,AREA_08_I,AREA_09_I,AREA_10_I,AREA_11_I,AREA_12_I,AREA_99_I,FIRST_CONTACT_POINT,CMV_ID,USDOT_NO,CCMC_NO,ILCC_NO,COMMERCIAL_SRC,GVWR,CARRIER_NAME,CARRIER_STATE,CARRIER_CITY,HAZMAT_PLACARDS_I,HAZMAT_NAME,UN_NO,HAZMAT_PRESENT_I,HAZMAT_REPORT_I,HAZMAT_REPORT_NO,MCS_REPORT_I,MCS_REPORT_NO,HAZMAT_VIO_CAUSE_CRASH_I,MCS_VIO_CAUSE_CRASH_I,IDOT_PERMIT_NO,WIDE_LOAD_I,TRAILER1_WIDTH,TRAILER2_WIDTH,TRAILER1_LENGTH,TRAILER2_LENGTH,TOTAL_VEHICLE_LENGTH,AXLE_CNT,VEHICLE_CONFIG,CARGO_BODY_TYPE,LOAD_TYPE,HAZMAT_OUT_OF_SERVICE_I,MCS_OUT_OF_SERVICE_I,HAZMAT_CLASS
2119439,ac90bf86172e95755bf2afbeacd792b12181407a967c3b0400e808f1b800585b8f376e59687f5940598d125269b6666214331c2734ee5d1cc64328e3934e8009,08/01/2025 04:32:00 PM,2,DRIVER,,2020472,,CHEVROLET,IMPALA,IL,2014,NONE,PASSENGER,PERSONAL,E,STRAIGHT AHEAD,Y,,1,,PRIVATE TOW,RESIDENCE,,,,,,Y,Y,Y,,,,,,,REAR,,,,,,,,,,,,,,,,,,,,,,,,,,,,,,,,,
2119549,f25617188d617e0bcef0e56d518d22c7fcf751a09a084ad6cb3150557d1be3d22e2060543f40310f555f7a30afb047da0b2a14f3e760cf55290503f43dd32f39,08/01/2025 04:31:00 PM,1,DRIVER,,2020565,,TOYOTA,PRIUS,IL,2007,UNKNOWN,PASSENGER,UNKNOWN/NA,N,STRAIGHT AHEAD,,,1,,,,,,,,,,,,,,,,Y,,FRONT,,,,,,,,,,,,,,,,,,,,,,,,,,,,,,,,,
2119550,f25617188d617e0bcef0e56d518d22c7fcf751a09a084ad6cb3150557d1be3d22e2060543f40310f555f7a30afb047da0b2a14f3e760cf55290503f43dd32f39,08/01/2025 04:31:00 PM,2,DRIVER,,2020554,,TOYOTA,CAMRY,IL,2025,UNKNOWN,PASSENGER,UNKNOWN/NA,N,STRAIGHT AHEAD,,,1,,,,,,,,,,Y,,,,,,,,REAR,,,,,,,,,,,,,,,,,,,,,,,,,,,,,,,,,
2119541,514162091971e9b135d1a1d7dfdccfbed1e046f9a2897f1c432d465fd028a430c18ba3e3415e0a06b17eceeceaf40db06fa6aa2d63355beb46f7ebda7f697bf6,08/01/2025 04:30:00 PM,1,DRIVER,2,2020548,,JEEP,GRAND CHEROKEE,IL,2019,NONE,SPORT UTILITY VEHICLE (SUV),PERSONAL,W,STRAIGHT AHEAD,Y,,3,,OWNER,PRIVATE,,Y,,,,,,,,,,Y,Y,,REAR,,,,,,,,,,,,,,,,,,,,,,,,,,,,,,,,,
2119542,514162091971e9b135d1a1d7dfdccfbed1e046f9a2897f1c432d465fd028a430c18ba3e3415e0a06b17eceeceaf40db06fa6aa2d63355beb46f7ebda7f697bf6,08/01/2025 04:30:00 PM,2,PARKED,2,2020557,,JEEP,RENEGADE,IL,2015,NONE,SPORT UTILITY VEHICLE (SUV),PERSONAL,W,PARKED IN TRAFFIC LANE,,,2,,,,,,,,,Y,Y,Y,,,,,,,FRONT,,,,,,,,,,,,,,,,,,,,,,,,,,,,,,,,,
2119494,5ac0fbe40e3429aa6f2442cddb25d51b3a79f8fb2cb5b3eef66e58e672db5393c9ff1e0daa0638e9cde98e7451b64f5bc8560f41ca1d3cd810365c760a4708a8,08/01/2025 04:30:00 PM,1,DRIVER,,2020509,,HONDA,FIT,IL,2009,NONE,PASSENGER,PERSONAL,W,LEAVING TRAFFIC LANE TO PARK,,,1,,,,,,,,,,,,,,,,Y,,FRONT,,,,,,,,,,,,,,,,,,,,,,,,,,,,,,,,,
2119495,5ac0fbe40e3429aa6f2442cddb25d51b3a79f8fb2cb5b3eef66e58e672db5393c9ff1e0daa0638e9cde98e7451b64f5bc8560f41ca1d3cd810365c760a4708a8,08/01/2025 04:30:00 PM,2,PARKED,,2020516,,VOLKSWAGEN,JETTA,IL,2015,NONE,PASSENGER,PERSONAL,W,PARKED,,,0,,,,,,,,,,Y,,,,,,,,REAR,,,,,,,,,,,,,,,,,,,,,,,,,,,,,,,,,
2119442,71949cfa077ce5832790c16562e2e368e8ac9cb9cf15b4a603ad96dbe645d0211592433a2e6c9d74135f19f1f7a631ad2dce9cc8c7e0f3740ec85c94f7df090d,08/01/2025 04:30:00 PM,1,DRIVER,,2020455,,CHEVROLET,EXPRESS,,2005,NONE,PASSENGER,PERSONAL,UNKNOWN,STRAIGHT AHEAD,,,1,,,,,Y,Y,Y,,,,,,,,,,,FRONT-RIGHT-CORNER,,,,,,,,,,,,,,,,,,,,,,,,,,,,,,,,,
2119443,71949cfa077ce5832790c16562e2e368e8ac9cb9cf15b4a603ad96dbe645d0211592433a2e6c9d74135f19f1f7a631ad2dce9cc8c7e0f3740ec85c94f7df090d,08/01/2025 04:30:00 PM,2,DRIVER,,2020461,,FORD,OTHER (EXPLAIN IN NARRATIVE),IL,2015,NONE,PASSENGER,PERSONAL,W,STRAIGHT AHEAD,,,1,,,,,,,,,,,,,,Y,Y,,,FRONT-LEFT-CORNER,,,,,,,,,,,,,,,,,,,,,,,,,,,,,,,,,
2119410,849a0d95e4af5f518cec4a692dbb01d76cedec644d9575e74e94ef5cc219695fea282723efbc2143e2b583f1278bbf6672bcc07fdd7c88f7a64c837d15103570,08/01/2025 04:30:00 PM,1,DRIVER,,2020415,,TOYOTA,CONSTRUCTION EQUIPMENT,IL,2025,UNKNOWN,PASSENGER,UNKNOWN/NA,W,CHANGING LANES,,,1,,,,,Y,Y,,,,,,,,,,,,FRONT-RIGHT-CORNER,,,,,,,,,,,,,,,,,,,,,,,,,,,,,,,,,
2119411,849a0d95e4af5f518cec4a692dbb01d76cedec644d9575e74e94ef5cc219695fea282723efbc2143e2b583f1278bbf6672bcc07fdd7c88f7a64c837d15103570,08/01/2025 04:30:00 PM,2,DRIVER,,2020425,,BMW,OTHER (EXPLAIN IN NARRATIVE),,2023,UNKNOWN,PASSENGER,UNKNOWN/NA,W,STRAIGHT AHEAD,,,1,,,,,,,,,,,,Y,Y,Y,,,,SIDE-LEFT,,,,,,,,,,,,,,,,,,,,,,,,,,,,,,,,,
2126929,a911bc534075975a36886e18af11e257b4e68b52755ca2f7079ce7b7d6e4a025c99e4862c48ef0f6911a3921a879879aaf442a51eea2b98c3afe7d5baffe8a2b,08/01/2025 04:30:00 PM,1,DRIVER,,2028055,,CHEVROLET,OTHER (EXPLAIN IN NARRATIVE),IL,2020,NONE,PASSENGER,PERSONAL,W,STRAIGHT AHEAD,,,1,,,,,N,N,,,,,,,,,,,Y,SIDE-RIGHT,,,,,,,,,,,,,,,,,,,,,,,,,,,,,,,,,
2126930,a911bc534075975a36886e18af11e257b4e68b52755ca2f7079ce7b7d6e4a025c99e4862c48ef0f6911a3921a879879aaf442a51eea2b98c3afe7d5baffe8a2b,08/01/2025 04:30:00 PM,2,DRIVER,,2028057,,FORD,FUSION,IL,2013,NONE,PASSENGER,PERSONAL,E,LEAVING TRAFFIC LANE TO PARK,,,1,,,,,,,,,,,,,,Y,Y,,,FRONT-LEFT-CORNER,,,,,,,,,,,,,,,,,,,,,,,,,,,,,,,,,
2120139,d90c443794df64838a529c5a0a7e8121a396d6b26ada67f26190a3514735720564298bc6daa1743576c43f895df7bcd6ec38142b66b5043ac91601f3354e4afb,08/01/2025 04:30:00 PM,1,DRIVER,,2021122,,BUICK,OTHER (EXPLAIN IN NARRATIVE),IL,2025,NONE,PASSENGER,PERSONAL,W,PASSING/OVERTAKING,,,1,,,,,,,,,,,,,Y,Y,Y,Y,,FRONT-LEFT-CORNER,,,,,,,,,,,,,,,,,,,,,,,,,,,,,,,,,
2120140,d90c443794df64838a529c5a0a7e8121a396d6b26ada67f26190a3514735720564298bc6daa1743576c43f895df7bcd6ec38142b66b5043ac91601f3354e4afb,08/01/2025 04:30:00 PM,2,DRIVER,,2021123,,FORD,VAN,IL,2010,NONE,VAN/MINI-VAN,PERSONAL,W,STRAIGHT AHEAD,,,1,,,,,,Y,Y,,,,,,,,,,,SIDE-RIGHT,,,,,,,,,,,,,,,,,,,,,,,,,,,,,,,,,
2120141,d90c443794df64838a529c5a0a7e8121a396d6b26ada67f26190a3514735720564298bc6daa1743576c43f895df7bcd6ec38142b66b5043ac91601f3354e4afb,08/01/2025 04:30:00 PM,3,DRIVER,1,2021124,,TOYOTA,SIENNA,IL,2004,NONE,VAN/MINI-VAN,PERSONAL,W,STRAIGHT AHEAD,,,2,,,,,,,,,,Y,,,,,,,,REAR,,,,,,,,,,,,,,,,,,,,,,,,,,,,,,,,,
2119454,ebd5e8356b278a943280e3fb1c65bf753b3e478da1a56b1a26d91016f22c66687268000ffeeea0090e0384c2b5a97a6c34eb4b88966f0f3817056da5e2e7dca5,08/01/2025 04:30:00 PM,1,DRIVER,,2020467,,CHEVROLET,CRUZE,IL,2014,UNKNOWN,PASSENGER,PERSONAL,N,STRAIGHT AHEAD,,,1,,,,,Y,,,,,,,,,,Y,Y,,FRONT,,,,,,,,,,,,,,,,,,,,,,,,,,,,,,,,,
2119455,ebd5e8356b278a943280e3fb1c65bf753b3e478da1a56b1a26d91016f22c66687268000ffeeea0090e0384c2b5a97a6c34eb4b88966f0f3817056da5e2e7dca5,08/01/2025 04:30:00 PM,2,DRIVER,,2020474,,LINCOLN,MKX,IL,2017,UNKNOWN,PASSENGER,PERSONAL,N,STRAIGHT AHEAD,,,1,,,,,,,,,Y,Y,Y,,,,,,,REAR,,,,,,,,,,,,,,,,,,,,,,,,,,,,,,,,,
2119482,3e8840fdbbfbb3c6c621b9c001fa9892bdc698db3ae07b3c67b734ff55c89435b19fe4e555806e6eb16e83c39f6f303309284b93b403952aef6e0afbf274e683,08/01/2025 04:27:00 PM,1,DRIVER,,2020486,,KIA,FORTE,IL,2022,NONE,PASSENGER,PERSONAL,W,STRAIGHT AHEAD,,,1,,,,,,,,,,,,,,,,Y,,FRONT,,,,,,,,,,,,,,,,,,,,,,,,,,,,,,,,,
2119483,3e8840fdbbfbb3c6c621b9c001fa9892bdc698db3ae07b3c67b734ff55c89435b19fe4e555806e6eb16e83c39f6f303309284b93b403952aef6e0afbf274e683,08/01/2025 04:27:00 PM,2,BICYCLE,,,,,,,,,,,,,,,,,,,,,,,,,,,,,,,,,,,,,,,,,,,,,,,,,,,,,,,,,,,,,,,,,,
2119446,d9028667603ac791e50f73ee4fa0626ad82d6e24f9a06cd9d494a1cc7722f1370b0abc22c363423b3fe363524c61158e04d8a1b8b6d4d45b81eeb63eedd67d9b,08/01/2025 04:27:00 PM,1,DRIVER,,2020463,,DODGE,CARAVAN,IL,2009,UNKNOWN,PASSENGER,PERSONAL,N,TURNING LEFT,,,1,,,,,,,,,,,,,,Y,Y,Y,,FRONT-LEFT-CORNER,,,,,,,,,,,,,,,,,,,,,,,,,,,,,,,,,
2119447,d9028667603ac791e50f73ee4fa0626ad82d6e24f9a06cd9d494a1cc7722f1370b0abc22c363423b3fe363524c61158e04d8a1b8b6d4d45b81eeb63eedd67d9b,08/01/2025 04:27:00 PM,2,DRIVER,,2020473,,HONDA,CR-V,IL,2007,UNKNOWN,PASSENGER,PERSONAL,S,STRAIGHT AHEAD,Y,,1,,PRIVATE,UNK,,Y,,,,,,,,,,Y,Y,,FRONT,,,,,,,,,,,,,,,,,,,,,,,,,,,,,,,,,
2119371,ed0bf74a8f184a971faf0f3032e785d3c3de63108850cac9cc18d7141e14105ab5a24766dd3f7174929b22b2ac3ec5b921622c05fcbc2e34ff9aa5a57962b88e,08/01/2025 04:20:00 PM,1,DRIVER,,2020384,,TOYOTA,PRIUS,IL,2008,NONE,PASSENGER,UNKNOWN/NA,S,STRAIGHT AHEAD,,,1,,,,,Y,,,,,,,,,Y,Y,Y,,FRONT,,,,,,,,,,,,,,,,,,,,,,,,,,,,,,,,,
2119372,ed0bf74a8f184a971faf0f3032e785d3c3de63108850cac9cc18d7141e14105ab5a24766dd3f7174929b22b2ac3ec5b921622c05fcbc2e34ff9aa5a57962b88e,08/01/2025 04:20:00 PM,2,DRIVER,,2020405,,HONDA,HR-V,IL,2024,NONE,SPORT UTILITY VEHICLE (SUV),UNKNOWN/NA,E,STRAIGHT AHEAD,,,1,,,,,,,,,,,,,Y,Y,,,,SIDE-LEFT,,,,,,,,,,,,,,,,,,,,,,,,,,,,,,,,,
2119615,0631aba6f4dfbc8784533ac2ee2a912f6c7f6d8212dcf64973b8c452a95759d5b5a4a6d7b1551935019eaa8b680dbfc3b074c3ced82550dfaf9c179702b41a20,08/01/2025 04:15:00 PM,1,DRIVER,1,2020620,,HONDA,ODYSSEY,IL,2008,UNKNOWN,VAN/MINI-VAN,UNKNOWN/NA,UNKNOWN,BACKING,,,2,,,,,,,,,,Y,,,,,,,,REAR,,,,,,,,,,,,,,,,,,,,,,,,,,,,,,,,,
2119616,0631aba6f4dfbc8784533ac2ee2a912f6c7f6d8212dcf64973b8c452a95759d5b5a4a6d7b1551935019eaa8b680dbfc3b074c3ced82550dfaf9c179702b41a20,08/01/2025 04:15:00 PM,2,DRIVER,,2020627,,TOYOTA,RAV4,IL,2004,UNKNOWN,SPORT UTILITY VEHICLE (SUV),UNKNOWN/NA,UNKNOWN,STRAIGHT AHEAD,,,1,,,,,,,,,,,,,Y,,,N,,SIDE-LEFT,,,,,,,,,,,,,,,,,,,,,,,,,,,,,,,,,
2119543,15800d88ab8cf0a9b58fbd766b8a1055f4e21b1cd1f543f42e6af6f48798a92cfe8147ec76e214436dad02a325b97fdee5b472cbcd00a8dc0ae944ae4adce141,08/01/2025 04:15:00 PM,1,DRIVER,,2020560,,HONDA,CR-V,IL,2021,UNKNOWN,PASSENGER,PERSONAL,S,STRAIGHT AHEAD,,,1,,,,,Y,Y,,,,,,,,,,,,FRONT-RIGHT-CORNER,,,,,,,,,,,,,,,,,,,,,,,,,,,,,,,,,
2119544,15800d88ab8cf0a9b58fbd766b8a1055f4e21b1cd1f543f42e6af6f48798a92cfe8147ec76e214436dad02a325b97fdee5b472cbcd00a8dc0ae944ae4adce141,08/01/2025 04:15:00 PM,2,PARKED,1,2020569,,CHEVROLET,CAVALIER,IL,2002,UNKNOWN,PASSENGER,PERSONAL,S,PARKED,,,1,,,,,,,,,,,,,,Y,Y,,,FRONT-LEFT-CORNER,,,,,,,,,,,,,,,,,,,,,,,,,,,,,,,,,
2121508,2803889fa8e7646fc1dd426292fba374f533a4de2f90441fed775d77baca2d9f0b257e4e38ef8071aeb453e35d56068296d6c2cc9412baf6213e4f3f0d254777,08/01/2025 04:15:00 PM,1,DRIVER,,2022434,,TOYOTA,OTHER (EXPLAIN IN NARRATIVE),IL,2013,UNKNOWN,VAN/MINI-VAN,PERSONAL,E,STRAIGHT AHEAD,,,1,,,,,,,Y,Y,,,,,,,,,,SIDE-RIGHT,,,,,,,,,,,,,,,,,,,,,,,,,,,,,,,,,
2121509,2803889fa8e7646fc1dd426292fba374f533a4de2f90441fed775d77baca2d9f0b257e4e38ef8071aeb453e35d56068296d6c2cc9412baf6213e4f3f0d254777,08/01/2025 04:15:00 PM,2,DRIVER,,2022435,,HONDA,HR-V,IL,2024,UNKNOWN,PASSENGER,PERSONAL,N,STRAIGHT AHEAD,Y,,1,,chicago tow,personal,,Y,,,,,,,,,,Y,Y,,FRONT,,,,,,,,,,,,,,,,,,,,,,,,,,,,,,,,,
2119398,c03819240d245b2daa0e5c003cad882790ceb28d4413c2b8442490087cc8223d19090e88f4211fe413f5adc0808d3457e3f91be6a3029a0d67ba50dd1c6e32bc,08/01/2025 04:15:00 PM,1,DRIVER,,2020406,,CHEVROLET,SUBURBAN,IL,2007,NONE,SPORT UTILITY VEHICLE (SUV),PERSONAL,N,STRAIGHT AHEAD,,,1,,,,,,,,,,,,,,,,Y,,FRONT,,,,,,,,,,,,,,,,,,,,,,,,,,,,,,,,,
2119399,c03819240d245b2daa0e5c003cad882790ceb28d4413c2b8442490087cc8223d19090e88f4211fe413f5adc0808d3457e3f91be6a3029a0d67ba50dd1c6e32bc,08/01/2025 04:15:00 PM,2,DRIVER,,2020411,,HONDA,ODYSSEY,IL,2009,UNKNOWN,VAN/MINI-VAN,PERSONAL,N,STRAIGHT AHEAD,,,1,,,,,,,,,,Y,,,,,,,,REAR,,,,,,,,,,,,,,,,,,,,,,,,,,,,,,,,,
2119380,e2ba44483cc2fbc04c834f5568c0e8aa4f6643d411f61bea994e5ec329671946c2d2765d6e6fb76f6d67d42930d6e61cf77fc3b1ea4c7cf9e4f03f7f3e91ec92,08/01/2025 04:15:00 PM,1,DRIVER,,2020393,,FORD,OTHER (EXPLAIN IN NARRATIVE),IL,2007,UNKNOWN,PASSENGER,PERSONAL,W,STRAIGHT AHEAD,,,1,,,,,Y,,,,,,,,,,Y,Y,,FRONT,,,,,,,,,,,,,,,,,,,,,,,,,,,,,,,,,
2119381,e2ba44483cc2fbc04c834f5568c0e8aa4f6643d411f61bea994e5ec329671946c2d2765d6e6fb76f6d67d42930d6e61cf77fc3b1ea4c7cf9e4f03f7f3e91ec92,08/01/2025 04:15:00 PM,2,DRIVER,,2020402,,VOLKSWAGEN,PASSAT,IL,2013,UNKNOWN,PASSENGER,PERSONAL,W,STRAIGHT AHEAD,,,1,,,,,,,,,Y,Y,Y,,,,,,,REAR,,,,,,,,,,,,,,,,,,,,,,,,,,,,,,,,,
2119362,3ff7d4e1e6a3a3dbd81cf128868db2caedce44e44d408bb64bfb30c497cc13116a2ce93ad044d286d775216f66bf10bb2e467364715df360831c1a925c3c5ff3,08/01/2025 04:13:00 PM,1,DRIVER,,2020389,,CHEVROLET,OTHER (EXPLAIN IN NARRATIVE),IL,2006,NONE,PASSENGER,PERSONAL,N,STRAIGHT AHEAD,,,1,,,,,,,,,,,,,,,,,Y,UNKNOWN,,,,,,,,,,,,,,,,,,,,,,,,,,,,,,,,,
2119363,3ff7d4e1e6a3a3dbd81cf128868db2caedce44e44d408bb64bfb30c497cc13116a2ce93ad044d286d775216f66bf10bb2e467364715df360831c1a925c3c5ff3,08/01/2025 04:13:00 PM,2,DRIVER,,2020370,,TOYOTA,RAV4,IL,2020,NONE,PASSENGER,PERSONAL,N,STRAIGHT AHEAD,,,1,,,,,,,N,,Y,,,,,,,,,REAR-RIGHT-CORNER,,,,,,,,,,,,,,,,,,,,,,,,,,,,,,,,,
2119402,ad0a38af7bf44f05fcbc044fff8b6b85ecf9800ec102059eb37d5d53373fe13757994938a698cbde97271e9b71bc931e970a6c310fe2e25a8a7e73666e81f39a,08/01/2025 04:10:00 PM,1,DRIVER,,2020409,,CADILLAC,SRX,IL,2016,NONE,PASSENGER,PERSONAL,E,PASSING/OVERTAKING,,,1,,,,,,Y,Y,,,,,,,,,,,SIDE-RIGHT-FRONT,,,,,,,,,,,,,,,,,,,,,,,,,,,,,,,,,
2119403,ad0a38af7bf44f05fcbc044fff8b6b85ecf9800ec102059eb37d5d53373fe13757994938a698cbde97271e9b71bc931e970a6c310fe2e25a8a7e73666e81f39a,08/01/2025 04:10:00 PM,2,DRIVER,,2020419,,TOYOTA,RAV4,IL,2016,NONE,PASSENGER,PERSONAL,E,STRAIGHT AHEAD,,,1,,,,,,,,,,,,Y,Y,,,,,SIDE-LEFT-REAR,,,,,,,,,,,,,,,,,,,,,,,,,,,,,,,,,
2119502,b6c167bb02b45892204313fb1811d1245dc0896b6ed166b5b37324efef9ea9521cc2942045754686fd005f5cbdbfa7ebc4916d438cb40b9bd174c5df008ba9d3,08/01/2025 04:10:00 PM,1,DRIVER,,2020532,,FORD,FUSION,,,NONE,PASSENGER,PERSONAL,W,STRAIGHT AHEAD,,,1,,,,,,,,,,,,,,Y,Y,Y,,FRONT-LEFT-CORNER,,,,,,,,,,,,,,,,,,,,,,,,,,,,,,,,,
2119503,b6c167bb02b45892204313fb1811d1245dc0896b6ed166b5b37324efef9ea9521cc2942045754686fd005f5cbdbfa7ebc4916d438cb40b9bd174c5df008ba9d3,08/01/2025 04:10:00 PM,2,DRIVER,,2020508,,HYUNDAI,GENESIS,IL,2013,NONE,PASSENGER,PERSONAL,W,STRAIGHT AHEAD,,,1,,,,,Y,Y,,,,,,,,,,Y,,FRONT-RIGHT-CORNER,,,,,,,,,,,,,,,,,,,,,,,,,,,,,,,,,
2119440,fab7bd3a37e2b6930247d54e40ecd6290fb373a3982177a9bca719373f2a54eb1741538a67812e9cd50a321ac364cdae6ded63e59f2628a9afd0013be05220f9,08/01/2025 04:05:00 PM,1,DRIVER,,2020448,,UNKNOWN,MOTORIZED,XX,,UNKNOWN,UNKNOWN/NA,UNKNOWN/NA,S,STRAIGHT AHEAD,,,1,,,,,,,,,,,,,,,,,Y,FRONT-RIGHT-CORNER,,,,,,,,,,,,,,,,,,,,,,,,,,,,,,,,,
2119441,fab7bd3a37e2b6930247d54e40ecd6290fb373a3982177a9bca719373f2a54eb1741538a67812e9cd50a321ac364cdae6ded63e59f2628a9afd0013be05220f9,08/01/2025 04:05:00 PM,2,DRIVER,1,2020459,,AUDI,Q5,IL,2015,UNKNOWN,SPORT UTILITY VEHICLE (SUV),PERSONAL,S,AVOIDING VEHICLES/OBJECTS,Y,,2,,STREETS AND SANITATION,LASALLE/CLARK,,,,,,,,Y,Y,Y,Y,Y,,,SIDE-LEFT-REAR,,,,,,,,,,,,,,,,,,,,,,,,,,,,,,,,,
2119425,9fc149a1825c93523f47d11cdfc77073cf2b496e8ccfd95692da67a5819e520488e6df5fa058ae3062cf177adbc168ce585461476806225548ed950d328184d1,08/01/2025 04:03:00 PM,1,DRIVER,1,2020441,,TOYOTA,COROLLA,IL,2010,UNKNOWN,PASSENGER,PERSONAL,S,CHANGING LANES,,,2,,,,,,Y,Y,,,,,,,Y,,,,SIDE-LEFT-FRONT,,,,,,,,,,,,,,,,,,,,,,,,,,,,,,,,,
2119426,9fc149a1825c93523f47d11cdfc77073cf2b496e8ccfd95692da67a5819e520488e6df5fa058ae3062cf177adbc168ce585461476806225548ed950d328184d1,08/01/2025 04:03:00 PM,2,DRIVER,,2020451,,DODGE,RAM 1500 PU,IL,2023,NONE,PASSENGER,PERSONAL,S,STRAIGHT AHEAD,,,1,,,,,Y,Y,,,,,,,,,,Y,,FRONT-RIGHT-CORNER,,,,,,,,,,,,,,,,,,,,,,,,,,,,,,,,,
2119427,9fc149a1825c93523f47d11cdfc77073cf2b496e8ccfd95692da67a5819e520488e6df5fa058ae3062cf177adbc168ce585461476806225548ed950d328184d1,08/01/2025 04:03:00 PM,3,PARKED,2,2020458,,HONDA,CIVIC,IL,2008,UNKNOWN,PASSENGER,PERSONAL,S,PARKED,,,2,,,,,,,,,,,Y,Y,,,,,,SIDE-LEFT-REAR,,,,,,,,,,,,,,,,,,,,,,,,,,,,,,,,,
2121014,416f549febcc5a222c2c84ad3a0eca89ffbe9bd8b9dd8d1fd9584a11f23e82b034e128449e13048b431ac44226660ce315ed4aa27a4aff06def07d2f6d3d564a,08/01/2025 04:00:00 PM,1,DRIVER,,2021962,,LEXUS,ES,IL,2017,UNKNOWN,PASSENGER,UNKNOWN/NA,E,STRAIGHT AHEAD,,,1,,,,,Y,,,,,,,,,,Y,Y,,FRONT,,,,,,,,,,,,,,,,,,,,,,,,,,,,,,,,,
2121015,416f549febcc5a222c2c84ad3a0eca89ffbe9bd8b9dd8d1fd9584a11f23e82b034e128449e13048b431ac44226660ce315ed4aa27a4aff06def07d2f6d3d564a,08/01/2025 04:00:00 PM,2,DRIVER,,2021964,,CHEVROLET,EQUINOX,IL,2013,UNKNOWN,SPORT UTILITY VEHICLE (SUV),UNKNOWN/NA,E,SLOW/STOP IN TRAFFIC,,,1,,,,,,,,,Y,Y,Y,,,,,,,REAR,,,,,,,,,,,,,,,,,,,,,,,,,,,,,,,,,
2120816,caa50de1144ee3eeb4929e57241e7e0e51ab381221b4637691fccf58529e818ce24ff6c290d66f97c86907091bf72e31a0eb6c2850c5a1c665f9b2a3983caffc,08/01/2025 04:00:00 PM,1,DRIVER,,2021768,,FORD,FUSION,IL,2015,UNKNOWN,PASSENGER,UNKNOWN/NA,W,STRAIGHT AHEAD,,,1,,,,,,,,,,,N,Y,Y,Y,N,,,SIDE-LEFT,,,,,,,,,,,,,,,,,,,,,,,,,,,,,,,,,
2120817,caa50de1144ee3eeb4929e57241e7e0e51ab381221b4637691fccf58529e818ce24ff6c290d66f97c86907091bf72e31a0eb6c2850c5a1c665f9b2a3983caffc,08/01/2025 04:00:00 PM,2,DRIVER,,2021776,,HONDA,HR-V,IL,2016,UNKNOWN,SPORT UTILITY VEHICLE (SUV),PERSONAL,N,STRAIGHT AHEAD,,,1,,,,,Y,Y,,,,,,,,,,,,FRONT-RIGHT-CORNER,,,,,,,,,,,,,,,,,,,,,,,,,,,,,,,,,
2119388,ce848072ab870166fb8ac7acf063299162fda4f0daa27441aeaba13e826d6a2258ef133a8fa32b92770808f24b93e8c851ef0b839562dd85db441a3c1f7bb8e7,08/01/2025 04:00:00 PM,2,PARKED,,2020408,,HYUNDAI,VENUE,IL,2025,NONE,PASSENGER,PERSONAL,W,PARKED,,,0,,,,,,,,,,Y,,Y,,,,,,REAR-LEFT-CORNER,,,,,,,,,,,,,,,,,,,,,,,,,,,,,,,,,
2119391,ce848072ab870166fb8ac7acf063299162fda4f0daa27441aeaba13e826d6a2258ef133a8fa32b92770808f24b93e8c851ef0b839562dd85db441a3c1f7bb8e7,08/01/2025 04:00:00 PM,1,DRIVER,,2020395,,CHRYSLER,TOWN & COUNTRY,IL,2012,UNKNOWN,PASSENGER,PERSONAL,W,BACKING,,,1,,,,,,,,,,,,,,,Y,,,FRONT,,,,,,,,,,,,,,,,,,,,,,,,,,,,,,,,,
2119486,481f6991f94352b7f705fb0171fcc28f6b95f1850c477bbe4cd4611518b68d6ca8c27dbbe3ce0a3d81beb947e3d01e6ab1ac37522b33955d0bc29adc1305c10f,08/01/2025 03:59:00 PM,1,DRIVER,,2020506,,MAZDA,OTHER (EXPLAIN IN NARRATIVE),PA,2025,UNKNOWN,PASSENGER,UNKNOWN/NA,N,PASSING/OVERTAKING,,,1,,,,,,Y,Y,Y,,,,,,,N,,,SIDE-RIGHT,,,,,,,,,,,,,,,,,,,,,,,,,,,,,,,,,
2119487,481f6991f94352b7f705fb0171fcc28f6b95f1850c477bbe4cd4611518b68d6ca8c27dbbe3ce0a3d81beb947e3d01e6ab1ac37522b33955d0bc29adc1305c10f,08/01/2025 03:59:00 PM,2,DRIVER,1,2020534,,VOLKSWAGEN,ATLAS,IL,2023,UNKNOWN,SPORT UTILITY VEHICLE (SUV),RIDESHARE SERVICE,N,STRAIGHT AHEAD,,,2,,,,,,,,,,,,,Y,Y,Y,,,SIDE-LEFT-FRONT,,,,,,,,,,,,,,,,,,,,,,,,,,,,,,,,,