CRASH_UNIT_ID,CRASH_RECORD_ID,CRASH_DATE,UNIT_NO,UNIT_TYPE,NUM_PASSENGERS,VEHICLE_ID,CMRC_VEH_I,MAKE,MODEL,LIC_PLATE_STATE,VEHICLE_YEAR,VEHICLE_DEFECT,VEHICLE_TYPE,VEHICLE_USE,TRAVEL_DIRECTION,MANEUVER,TOWED_I,FIRE_I,OCCUPANT_CNT,EXCEED_SPEED_LIMIT_I,TOWED_BY,TOWED_TO,AREA_00_I,AREA_01_I,AREA_02_I,AREA_03_I,AREA_04_I,AREA_05_I,AREA_06_I,AREA_07_I,AREA_08_I,AREA_09_I,AREA_10_I,AREA_11_I,AREA_12_I,AREA_99_I,FIRST_CONTACT_POINT,CMV_ID,USDOT_NO,CCMC_NO,ILCC_NO,COMMERCIAL_SRC,GVWR,CARRIER_NAME,CARRIER_STATE,CARRIER_CITY,HAZMAT_PLACARDS_I,HAZMAT_NAME,UN_NO,HAZMAT_PRESENT_I,HAZMAT_REPORT_I,HAZMAT_REPORT_NO,MCS_REPORT_I,MCS_REPORT_NO,HAZMAT_VIO_CAUSE_CRASH_I,MCS_VIO_CAUSE_CRASH_I,IDOT_PERMIT_NO,WIDE_LOAD_I,TRAILER1_WIDTH,TRAILER2_WIDTH,TRAILER1_LENGTH,TRAILER2_LENGTH,TOTAL_VEHICLE_LENGTH,AXLE_CNT,VEHICLE_CONFIG,CARGO_BODY_TYPE,LOAD_TYPE,HAZMAT_OUT_OF_SERVICE_I,MCS_OUT_OF_SERVICE_I,HAZMAT_CLASS
2119416,3896eb45af08abb98982243a40b78d808c370781f5f97fd4d3e2a4eb81df722f4aea1745d251265c3e362f2e2d6a136e4ee2861996447f4857f366af536e8e0b,08/01/2025 03:57:00 PM,2,PARKED,,2020434,,FORD,OTHER (EXPLAIN IN NARRATIVE),IL,2018,NONE,OTHER,COMMERCIAL - SINGLE UNIT,S,PARKED,,,0,,,,,,,,,,,,,,,,Y,,FRONT-LEFT-CORNER,,,,,,,,,,,,,,,,,,,,,,,,,,,,,,,,,
2119421,3896eb45af08abb98982243a40b78d808c370781f5f97fd4d3e2a4eb81df722f4aea1745d251265c3e362f2e2d6a136e4ee2861996447f4857f366af536e8e0b,08/01/2025 03:57:00 PM,1,DRIVER,,2020430,,NOVA BUS,OTHER (EXPLAIN IN NARRATIVE),IL,2023,NONE,BUS OVER 15 PASS.,CTA,S,STRAIGHT AHEAD,,,1,,,,,,Y,,,,,,,,,,,,SIDE-RIGHT-FRONT,,,,,,,,,,,,,,,,,,,,,,,,,,,,,,,,,
2119384,622caf3274f40af69cfaa5043b7f6c4d39ad63381481d0d281d30ae5f93db2c6ef386e8c4782928d562687d2a4de083343a8df005e49c2f34419191b2b028c2f,08/01/2025 03:50:00 PM,1,DRIVER,,2020387,,TOYOTA,CAMRY,,,UNKNOWN,PASSENGER,UNKNOWN/NA,W,STRAIGHT AHEAD,,,1,,,,,,Y,Y,,,,,,,,,,,SIDE-RIGHT,,,,,,,,,,,,,,,,,,,,,,,,,,,,,,,,,
2119385,622caf3274f40af69cfaa5043b7f6c4d39ad63381481d0d281d30ae5f93db2c6ef386e8c4782928d562687d2a4de083343a8df005e49c2f34419191b2b028c2f,08/01/2025 03:50:00 PM,2,PARKED,,2020394,,TOYOTA,COROLLA,IN,2021,UNKNOWN,PASSENGER,PERSONAL,W,PARKED,,,0,,,,,,,,,,,,,Y,Y,,,,SIDE-LEFT,,,,,,,,,,,,,,,,,,,,,,,,,,,,,,,,,
2120751,99eee691abda00164ab34c19a11e43538939f36885524baefb31a23e0ec2615c9c9e34646e897ecb93ced5d970ae81d6d8c0938ba8f6793ff45db583641fb89f,08/01/2025 03:50:00 PM,1,DRIVER,,2021710,,MERCEDES-BENZ,GLA,IL,2021,UNKNOWN,SPORT UTILITY VEHICLE (SUV),UNKNOWN/NA,N,CHANGING LANES,,,1,,,,,,,,,,,,,,,Y,,,FRONT-LEFT-CORNER,,,,,,,,,,,,,,,,,,,,,,,,,,,,,,,,,
2120752,99eee691abda00164ab34c19a11e43538939f36885524baefb31a23e0ec2615c9c9e34646e897ecb93ced5d970ae81d6d8c0938ba8f6793ff45db583641fb89f,08/01/2025 03:50:00 PM,2,DRIVER,1,2021717,,HONDA,CR-V,IL,2017,UNKNOWN,SPORT UTILITY VEHICLE (SUV),PERSONAL,N,STRAIGHT AHEAD,,,2,,,,,Y,Y,Y,Y,,,,,,,,,,SIDE-RIGHT,,,,,,,,,,,,,,,,,,,,,,,,,,,,,,,,,
2123674,c097a075ae60c45a12dd0ffe700258fbd8275566d448771218af4f0f6d9cfe656f52769f0bfe4b1913ef330efa5bf445ca83f8997d817000df35c0e5ffbfcdbc,08/01/2025 03:50:00 PM,1,DRIVER,1,2024509,,GENERAL MOTORS CORPORATION (GMC),ACADIA,IL,2010,NONE,SPORT UTILITY VEHICLE (SUV),PERSONAL,W,STRAIGHT AHEAD,,,2,,,,,,,,,,,,,,,,,Y,FRONT,,,,,,,,,,,,,,,,,,,,,,,,,,,,,,,,,
2123675,c097a075ae60c45a12dd0ffe700258fbd8275566d448771218af4f0f6d9cfe656f52769f0bfe4b1913ef330efa5bf445ca83f8997d817000df35c0e5ffbfcdbc,08/01/2025 03:50:00 PM,2,DRIVER,,2024517,,HYUNDAI,VENUE,IL,2021,NONE,SPORT UTILITY VEHICLE (SUV),PERSONAL,W,SLOW/STOP IN TRAFFIC,,,1,,,,,,,,,,Y,,,,,,,,REAR,,,,,,,,,,,,,,,,,,,,,,,,,,,,,,,,,
2119478,26873cfae45e193b270c5d3b4edf1782c41bb70fa401ced2063fec8397b68caf89cb0744849f82aa3d9758d7942f5c33e8b6e934c635a92eabf8b1aa8c96b91a,08/01/2025 03:48:00 PM,1,DRIVER,,2020494,,FORD,E-TRANSIT,,,NONE,VAN/MINI-VAN,STATE OWNED,N,ENTERING TRAFFIC LANE FROM PARKING,,,1,,,,,,,,,,,,Y,Y,Y,,,,SIDE-RIGHT,,,,,,,,,,,,,,,,,,,,,,,,,,,,,,,,,
2119479,26873cfae45e193b270c5d3b4edf1782c41bb70fa401ced2063fec8397b68caf89cb0744849f82aa3d9758d7942f5c33e8b6e934c635a92eabf8b1aa8c96b91a,08/01/2025 03:48:00 PM,2,DRIVER,,2020503,,INFINITI,QX50,IL,2021,NONE,SPORT UTILITY VEHICLE (SUV),PERSONAL,E,STRAIGHT AHEAD,,,1,,,,,Y,,,,,,,,,,Y,Y,,FRONT,,,,,,,,,,,,,,,,,,,,,,,,,,,,,,,,,
2121896,ff9c884de216fca9b13d8fccfadec72b3f53a0c2f0164ba973f10f8f73c8d1963dbf326e8479c5ad72bdd7f4419681f5fc3d3381923b48ea069ed7f747bb7d06,08/01/2025 03:47:00 PM,1,DRIVER,,2022831,Y,VOLVO,OTHER (EXPLAIN IN NARRATIVE),XX,,UNKNOWN,TRACTOR W/ SEMI-TRAILER,UNKNOWN/NA,W,BACKING,,,1,,,,,,,,,,Y,,,,,,,,REAR,"21,943",3796331,,,PAPERS,3,,,,,,,N,N,,N,,N,N,,,,,,,,,,OTHER,OTHER,N,N,
2121897,ff9c884de216fca9b13d8fccfadec72b3f53a0c2f0164ba973f10f8f73c8d1963dbf326e8479c5ad72bdd7f4419681f5fc3d3381923b48ea069ed7f747bb7d06,08/01/2025 03:47:00 PM,2,PARKED,,2022826,,TOYOTA,TACOMA,IL,2012,NONE,PICKUP,NOT IN USE,E,PARKED,,,0,,,,,Y,,,,,,,,,,,Y,,FRONT,,,,,,,,,,,,,,,,,,,,,,,,,,,,,,,,,
2119414,a4efa8a27cadfb575d6c02305a99785bc82e077aaf8068837a7f1978c7b626b7c18c7278a519315fcf464b403304b24da97d7d4c447ace5520f01c15d1742223,08/01/2025 03:45:00 PM,1,BICYCLE,,,,,,,,,,,,,,,,,,,,,,,,,,,,,,,,,,,,,,,,,,,,,,,,,,,,,,,,,,,,,,,,,,
2119415,a4efa8a27cadfb575d6c02305a99785bc82e077aaf8068837a7f1978c7b626b7c18c7278a519315fcf464b403304b24da97d7d4c447ace5520f01c15d1742223,08/01/2025 03:45:00 PM,2,DRIVER,,2020418,,KIA,SPORTAGE,IL,2018,NONE,PASSENGER,PERSONAL,SE,TURNING RIGHT,,,1,,,,,Y,,,,,,,,,,,,,FRONT-RIGHT-CORNER,,,,,,,,,,,,,,,,,,,,,,,,,,,,,,,,,
2119346,c865b1e8245f2a75c014bfc4767c748d8ac1aee454fb1c6b59ef280296e81c4c755b980e2b2ec34010dc885fa6e1aeec159df913a89827dc9b73163460ab887f,08/01/2025 03:45:00 PM,1,DRIVER,4,2020367,,TOYOTA,SIENNA,IL,2023,NONE,VAN/MINI-VAN,OTHER,N,STRAIGHT AHEAD,,,5,,,,,Y,,,,,,,,,,,,,FRONT-RIGHT-CORNER,,,,,,,,,,,,,,,,,,,,,,,,,,,,,,,,,
2119347,c865b1e8245f2a75c014bfc4767c748d8ac1aee454fb1c6b59ef280296e81c4c755b980e2b2ec34010dc885fa6e1aeec159df913a89827dc9b73163460ab887f,08/01/2025 03:45:00 PM,2,PARKED,,2020397,,FORD,FOCUS,IL,2012,NONE,PASSENGER,PERSONAL,N,PARKED,,,0,,,,,,,,,,,Y,,,,,,,REAR-LEFT-CORNER,,,,,,,,,,,,,,,,,,,,,,,,,,,,,,,,,
2119563,dfb3c51200197329c5b37ae4c728273397b3da8d83a7ba09531eb1ab81507f50b35e959a2765f0ea8f115dc3df157e42c0c57cd428bce090c9faf2c9ba3628bf,08/01/2025 03:45:00 PM,1,DRIVER,,2020578,,TOYOTA,CAMRY,IL,2025,UNKNOWN,PASSENGER,PERSONAL,E,ENTERING TRAFFIC LANE FROM PARKING,,,1,,,,,,,,,,,,,,,Y,,,FRONT-LEFT-CORNER,,,,,,,,,,,,,,,,,,,,,,,,,,,,,,,,,
2119564,dfb3c51200197329c5b37ae4c728273397b3da8d83a7ba09531eb1ab81507f50b35e959a2765f0ea8f115dc3df157e42c0c57cd428bce090c9faf2c9ba3628bf,08/01/2025 03:45:00 PM,2,DRIVER,1,2020583,,HONDA,ACCORD,IL,2005,NONE,PASSENGER,PERSONAL,E,STRAIGHT AHEAD,,,2,,,,,,,,Y,Y,Y,,,,,,,,REAR-RIGHT-CORNER,,,,,,,,,,,,,,,,,,,,,,,,,,,,,,,,,
2119400,9fa9a28574fe1dc13c4a8237ce9f6f8eb067549b4163d8bb4a571cfe13a8125c209ec14296bf487feb55a78a28c4f32bb9db955da4b3427d779011fa36e12291,08/01/2025 03:43:00 PM,1,DRIVER,,2020404,,HONDA,ACCORD,IL,2018,UNKNOWN,PASSENGER,PERSONAL,S,TURNING RIGHT,,,1,,,,,,,Y,Y,,,,,,,,,,SIDE-RIGHT,,,,,,,,,,,,,,,,,,,,,,,,,,,,,,,,,
2119401,9fa9a28574fe1dc13c4a8237ce9f6f8eb067549b4163d8bb4a571cfe13a8125c209ec14296bf487feb55a78a28c4f32bb9db955da4b3427d779011fa36e12291,08/01/2025 03:43:00 PM,2,PARKED,,2020410,,CHEVROLET,OTHER (EXPLAIN IN NARRATIVE),WI,2014,UNKNOWN,UNKNOWN/NA,UNKNOWN/NA,S,PARKED,,,0,,,,,,,,,,,Y,,,,,,,REAR-LEFT-CORNER,,,,,,,,,,,,,,,,,,,,,,,,,,,,,,,,,
2119366,1d16e27a86ff26e6327046d047b72f06b2e7308951c241f4146c6efb6313e62a6c82e228dad2550f9dfcd27c87e8479da0cd5be33e8b588dda181aac5888591f,08/01/2025 03:40:00 PM,1,DRIVER,,2020373,,CHEVROLET,MALIBU,IL,2016,UNKNOWN,PASSENGER,PERSONAL,W,STRAIGHT AHEAD,,,1,,,,,Y,,,,,,,,,,Y,Y,,FRONT,,,,,,,,,,,,,,,,,,,,,,,,,,,,,,,,,
2119367,1d16e27a86ff26e6327046d047b72f06b2e7308951c241f4146c6efb6313e62a6c82e228dad2550f9dfcd27c87e8479da0cd5be33e8b588dda181aac5888591f,08/01/2025 03:40:00 PM,2,DRIVER,,2020391,,DODGE,DART,IN,,UNKNOWN,PASSENGER,PERSONAL,W,STRAIGHT AHEAD,,,1,,,,,Y,,,,Y,Y,Y,,,,Y,Y,,REAR,,,,,,,,,,,,,,,,,,,,,,,,,,,,,,,,,
2119368,1d16e27a86ff26e6327046d047b72f06b2e7308951c241f4146c6efb6313e62a6c82e228dad2550f9dfcd27c87e8479da0cd5be33e8b588dda181aac5888591f,08/01/2025 03:40:00 PM,3,DRIVER,,2020399,,CHEVROLET,EQUINOX,IL,2024,NONE,PASSENGER,PERSONAL,W,STRAIGHT AHEAD,,,1,,,,,,,,,Y,Y,Y,,,,,,,REAR,,,,,,,,,,,,,,,,,,,,,,,,,,,,,,,,,
2119344,6390f8ddb63ab99731bf185d2c243f0e4efe877de4006c9affa51980c87b4e537aba2de75f139dbaec1939b1eb6fc8b2450e58d5cb1153c02df24ba5a5e9d9a2,08/01/2025 03:40:00 PM,1,DRIVER,,2020362,,NISSAN,ALTIMA,IL,2005,NONE,PASSENGER,PERSONAL,SW,TURNING RIGHT,,,1,,,,,Y,,,,,,,,,,,,,FRONT-RIGHT-CORNER,,,,,,,,,,,,,,,,,,,,,,,,,,,,,,,,,
2119345,6390f8ddb63ab99731bf185d2c243f0e4efe877de4006c9affa51980c87b4e537aba2de75f139dbaec1939b1eb6fc8b2450e58d5cb1153c02df24ba5a5e9d9a2,08/01/2025 03:40:00 PM,2,DRIVER,,2020378,,CHEVROLET,IMPALA,IL,2006,NONE,PASSENGER,PERSONAL,SW,TURNING RIGHT,,,1,,,,,,,,,,,,,,,Y,,,FRONT-LEFT-CORNER,,,,,,,,,,,,,,,,,,,,,,,,,,,,,,,,,
2119434,f6c5dbabb7639697b51b7540b5d74f970d874e2502691a387cac4a2b81ae0dda6ddd2ca9b835b6b4e05f2353a79edbfcdba5f2b6ad70ce3e0175cd6cf051458e,08/01/2025 03:36:00 PM,1,DRIVER,,2020443,,FORD,OTHER (EXPLAIN IN NARRATIVE),IN,,NONE,PASSENGER,PERSONAL,E,STRAIGHT AHEAD,,,1,,,,,,,,,,,,,,,,Y,,FRONT,,,,,,,,,,,,,,,,,,,,,,,,,,,,,,,,,
2119435,f6c5dbabb7639697b51b7540b5d74f970d874e2502691a387cac4a2b81ae0dda6ddd2ca9b835b6b4e05f2353a79edbfcdba5f2b6ad70ce3e0175cd6cf051458e,08/01/2025 03:36:00 PM,2,DRIVER,,2020447,,CHEVROLET,EQUINOX,IL,2023,NONE,PASSENGER,PERSONAL,E,SLOW/STOP IN TRAFFIC,,,1,,,,,,,,,,Y,,,,,,,,REAR,,,,,,,,,,,,,,,,,,,,,,,,,,,,,,,,,
2119332,3f81e09303380d3d465210a9918da12214cd89f6141a846ab2c83424fe78e61eee1905c3aa61c36027d60706a59ba732752148e3f11c8e4da3bc163932b6d07c,08/01/2025 03:35:00 PM,1,DRIVER,,2020349,,UNKNOWN,OTHER (EXPLAIN IN NARRATIVE),,,UNKNOWN,BUS OVER 15 PASS.,CTA,E,LEAVING TRAFFIC LANE TO PARK,,,1,,,,,,,,,,,,,,,,,Y,SIDE-RIGHT,,,,,,,,,,,,,,,,,,,,,,,,,,,,,,,,,
2119333,3f81e09303380d3d465210a9918da12214cd89f6141a846ab2c83424fe78e61eee1905c3aa61c36027d60706a59ba732752148e3f11c8e4da3bc163932b6d07c,08/01/2025 03:35:00 PM,2,PARKED,,2020351,,FREIGHTLINER CORPORATION,FREIGHTLINER CORP.,IL,2015,NONE,TRACTOR W/ SEMI-TRAILER,COMMERCIAL - MULTI-UNIT,E,PARKED,,,0,,,,,,,,,,,,,,Y,,,,SIDE-LEFT,,,,,,,,,,,,,,,,,,,,,,,,,,,,,,,,,
2119392,6413832ee2acf70fa4a30878351958de12d4cae9ff0aa3a640a8afe7f25d36d5253d4e736191bb49bc10cc8910f6f5a02f63429bc33667466ead39cb6bc83d59,08/01/2025 03:35:00 PM,1,DRIVER,,2020423,,UNKNOWN,OTHER (EXPLAIN IN NARRATIVE),,,UNKNOWN,UNKNOWN/NA,UNKNOWN/NA,S,STRAIGHT AHEAD,,,1,,,,,Y,,,,,,,,,,Y,Y,,FRONT,,,,,,,,,,,,,,,,,,,,,,,,,,,,,,,,,
2119393,6413832ee2acf70fa4a30878351958de12d4cae9ff0aa3a640a8afe7f25d36d5253d4e736191bb49bc10cc8910f6f5a02f63429bc33667466ead39cb6bc83d59,08/01/2025 03:35:00 PM,2,DRIVER,,2020436,,TOYOTA,HIGHLANDER,IL,2024,UNKNOWN,SPORT UTILITY VEHICLE (SUV),PERSONAL,S,SLOW/STOP IN TRAFFIC,,,1,,,,,,,,,Y,Y,Y,,,,,,,REAR,,,,,,,,,,,,,,,,,,,,,,,,,,,,,,,,,
2122898,fc437cdce76d6b5f33267b2ca736e89975b5a6175b4fd47adcbc23b2f6c471f3b7f8ec315211bd8d8a5f6313ba62c92ca22de79026f037c547775e3952c59c0e,08/01/2025 03:35:00 PM,1,DRIVER,,2023755,,HYUNDAI,SONATA,IL,2013,UNKNOWN,PASSENGER,PERSONAL,N,STRAIGHT AHEAD,,,1,,,,,,,,,,,,,,,,,Y,UNKNOWN,,,,,,,,,,,,,,,,,,,,,,,,,,,,,,,,,
2122899,fc437cdce76d6b5f33267b2ca736e89975b5a6175b4fd47adcbc23b2f6c471f3b7f8ec315211bd8d8a5f6313ba62c92ca22de79026f037c547775e3952c59c0e,08/01/2025 03:35:00 PM,2,DRIVER,,2023756,,CHEVROLET,MALIBU,IL,2019,NONE,PASSENGER,PERSONAL,E,STRAIGHT AHEAD,,,1,,,,,Y,Y,Y,Y,,,Y,Y,Y,Y,Y,,,SIDE-LEFT,,,,,,,,,,,,,,,,,,,,,,,,,,,,,,,,,
2119547,322d6d176115786a2c7d41956164a76cc7f687d05dbb33040340b6fcc8b0dd480dd0ce6bd49cfa32268f294285e51c3a0779050d6d9b56c31718d08d16378d2b,08/01/2025 03:30:00 PM,1,DRIVER,,2020552,,MERCEDES-BENZ,TRUCK,IL,2021,UNKNOWN,PICKUP,COMMERCIAL - SINGLE UNIT,S,SLOW/STOP IN TRAFFIC,,,1,,,,,,,,Y,Y,,,,,,,,,SIDE-RIGHT-REAR,,,,,,,,,,,,,,,,,,,,,,,,,,,,,,,,,
2119548,322d6d176115786a2c7d41956164a76cc7f687d05dbb33040340b6fcc8b0dd480dd0ce6bd49cfa32268f294285e51c3a0779050d6d9b56c31718d08d16378d2b,08/01/2025 03:30:00 PM,2,PARKED,,2020556,,FORD,EXPLORER,IL,2017,UNKNOWN,PICKUP,UNKNOWN/NA,S,PARKED,,,0,,,,,,,,,,,,,,Y,Y,,,FRONT-LEFT-CORNER,,,,,,,,,,,,,,,,,,,,,,,,,,,,,,,,,
2119462,451b8779744f55fb4605e10d12a98d22a0d179a1d6877094565cbbdb9dcb063d52bb1a7e98aea8831a765492f7d598001f0c58bfd93a79d5124acfea0c0e4ac3,08/01/2025 03:30:00 PM,1,DRIVER,1,2020482,,TOYOTA,RAV4,IL,2025,NONE,SPORT UTILITY VEHICLE (SUV),PERSONAL,S,STRAIGHT AHEAD,,,2,,,,,,,,Y,,,,,,,,,,SIDE-RIGHT,,,,,,,,,,,,,,,,,,,,,,,,,,,,,,,,,
2119463,451b8779744f55fb4605e10d12a98d22a0d179a1d6877094565cbbdb9dcb063d52bb1a7e98aea8831a765492f7d598001f0c58bfd93a79d5124acfea0c0e4ac3,08/01/2025 03:30:00 PM,2,BICYCLE,,,,,,,,,,,,,,,,,,,,,,,,,,,,,,,,,,,,,,,,,,,,,,,,,,,,,,,,,,,,,,,,,,
2119334,852c9ce57e4ccc3803ca51330d08826c3992139975ce7b03f36f2a58f27e0fe33d27627be43167e03e57bdf97809f425861e4c0cc9faf0b3c3b2495f2d4f4490,08/01/2025 03:30:00 PM,1,DRIVER,,2020354,,CHEVROLET,OTHER (EXPLAIN IN NARRATIVE),IL,2017,UNKNOWN,PASSENGER,PERSONAL,E,TURNING LEFT,,,1,,,,,,,,,,,Y,Y,Y,Y,Y,,,SIDE-LEFT,,,,,,,,,,,,,,,,,,,,,,,,,,,,,,,,,
2119335,852c9ce57e4ccc3803ca51330d08826c3992139975ce7b03f36f2a58f27e0fe33d27627be43167e03e57bdf97809f425861e4c0cc9faf0b3c3b2495f2d4f4490,08/01/2025 03:30:00 PM,2,DRIVER,,2020371,,DODGE,RAM 1500 PU,IN,2015,NONE,PICKUP,PERSONAL,S,STRAIGHT AHEAD,,,1,,,,,,,,,,,,Y,Y,Y,Y,,,SIDE-LEFT,,,,,,,,,,,,,,,,,,,,,,,,,,,,,,,,,
2119358,ddedbc3646ef52cfe4a84bab27cca916f924f1d044e5bf35e782dd1c052d3c7e11eac026cde2813c5cb49fe6bf59b751763049d35d8d478de7a7fb3d5b7fe17b,08/01/2025 03:30:00 PM,1,DRIVER,,2020396,,HYUNDAI,SONATA,IL,2020,NONE,PASSENGER,PERSONAL,E,TURNING RIGHT,,,1,,,,,,,,,,,,,,,,,,FRONT,,,,,,,,,,,,,,,,,,,,,,,,,,,,,,,,,
2119359,ddedbc3646ef52cfe4a84bab27cca916f924f1d044e5bf35e782dd1c052d3c7e11eac026cde2813c5cb49fe6bf59b751763049d35d8d478de7a7fb3d5b7fe17b,08/01/2025 03:30:00 PM,2,DRIVER,,2020381,,JEEP,GRAND CHEROKEE,IL,2024,NONE,PASSENGER,PERSONAL,E,TURNING RIGHT,,,1,,,,,,,,,,,,,,,,,,REAR,,,,,,,,,,,,,,,,,,,,,,,,,,,,,,,,,
2119360,e3d0a7c758622496088d25c4b3164e7ddc88abfeb2d6651b450e084951d316bb891c8eea53375141c9b1f666137f09c0abe15ae7c2bd9fdb05f032f66f4acb0e,08/01/2025 03:30:00 PM,1,DRIVER,,2020368,,TOYOTA,RAV4,IL,2015,NONE,SPORT UTILITY VEHICLE (SUV),PERSONAL,NW,BACKING,,,1,,,,,,,,,,,,,,,,,Y,REAR,,,,,,,,,,,,,,,,,,,,,,,,,,,,,,,,,
2119361,e3d0a7c758622496088d25c4b3164e7ddc88abfeb2d6651b450e084951d316bb891c8eea53375141c9b1f666137f09c0abe15ae7c2bd9fdb05f032f66f4acb0e,08/01/2025 03:30:00 PM,2,PARKED,,2020383,,CHEVROLET,MALIBU,LA,2024,NONE,PASSENGER,PERSONAL,UNKNOWN,PARKED,,,0,,,,,,,,,Y,Y,Y,,,,,,,REAR,,,,,,,,,,,,,,,,,,,,,,,,,,,,,,,,,
2119369,3f4c9a07e1ae5aad93fd6732f125b4f9d784f40b0a5ed42906ba594d67549b28bbd4cbec3fb803e2935c53c4a12cef5072fa891e0b45806106b45973b8dfaa2a,08/01/2025 03:25:00 PM,1,DRIVER,,2020372,,TOYOTA,SIENNA,IL,2020,UNKNOWN,VAN/MINI-VAN,PERSONAL,E,PASSING/OVERTAKING,,,1,,,,,,,,,Y,Y,,,,,,,,SIDE-RIGHT-REAR,,,,,,,,,,,,,,,,,,,,,,,,,,,,,,,,,
2119370,3f4c9a07e1ae5aad93fd6732f125b4f9d784f40b0a5ed42906ba594d67549b28bbd4cbec3fb803e2935c53c4a12cef5072fa891e0b45806106b45973b8dfaa2a,08/01/2025 03:25:00 PM,2,DRIVER,,2020386,,DODGE,RAM 1500 PU,IL,2015,UNKNOWN,PICKUP,PERSONAL,E,SLOW/STOP IN TRAFFIC,,,1,,,,,,,,,,,,Y,Y,Y,,,,SIDE-LEFT,,,,,,,,,,,,,,,,,,,,,,,,,,,,,,,,,
2119394,b8a70b910a54a3fe693a86b3b60cedc8778ef1122001077b355d496e219fb262d512a8e6070e349d1fd98e2b0fb1166bc99605142b39297c68b47702196c4ace,08/01/2025 03:19:00 PM,1,DRIVER,,2020407,,CHEVROLET,EXPRESS,IL,2002,UNKNOWN,SINGLE UNIT TRUCK WITH TRAILER,UNKNOWN/NA,N,TURNING LEFT,,,1,,,,,,,,,,,Y,Y,,,,,,SIDE-LEFT-REAR,,,,,,,,,,,,,,,,,,,,,,,,,,,,,,,,,
2119395,b8a70b910a54a3fe693a86b3b60cedc8778ef1122001077b355d496e219fb262d512a8e6070e349d1fd98e2b0fb1166bc99605142b39297c68b47702196c4ace,08/01/2025 03:19:00 PM,2,DRIVER,1,2020426,,TOYOTA,CAMRY,IL,2011,UNKNOWN,PASSENGER,PERSONAL,S,STRAIGHT AHEAD,,,2,,,,,,,,,,Y,Y,Y,,,,,,SIDE-LEFT-REAR,,,,,,,,,,,,,,,,,,,,,,,,,,,,,,,,,
2119389,57f4fb5602ee5da9d8d105bae458074f0b69265d2debd322562009fdbd20b321aeecad2c68355db947635686586f0159679129af2e1de78cdb5b3957a810b388,08/01/2025 03:12:00 PM,1,DRIVER,,2020413,,CHEVROLET,TAHOE,IL,1999,UNKNOWN,SPORT UTILITY VEHICLE (SUV),UNKNOWN/NA,E,STRAIGHT AHEAD,,,1,,,,,Y,,,,,,,,,,Y,Y,,FRONT,,,,,,,,,,,,,,,,,,,,,,,,,,,,,,,,,
2119390,57f4fb5602ee5da9d8d105bae458074f0b69265d2debd322562009fdbd20b321aeecad2c68355db947635686586f0159679129af2e1de78cdb5b3957a810b388,08/01/2025 03:12:00 PM,2,DRIVER,,2020422,,MERCURY,GRAND MARQUIS,IL,2002,UNKNOWN,PASSENGER,UNKNOWN/NA,E,STRAIGHT AHEAD,,,1,,,,,,,,,,Y,,,,,,,,REAR,,,,,,,,,,,,,,,,,,,,,,,,,,,,,,,,,
2119893,b16d6f9e2a2ed6e50932686be67f7c7ce458321ae2c4d93bb87d310d30ed4c7fb7e6194fd3b31d9ca2318afe5abdc23ac9bf22447380173213bba680ac7697ea,08/01/2025 03:11:00 PM,1,DRIVER,1,2020900,,DODGE,DURANGO,IL,2012,NONE,SPORT UTILITY VEHICLE (SUV),PERSONAL,S,STRAIGHT AHEAD,,,2,,,,,,,,,,,,,,,,Y,,FRONT,,,,,,,,,,,,,,,,,,,,,,,,,,,,,,,,,
2119894,b16d6f9e2a2ed6e50932686be67f7c7ce458321ae2c4d93bb87d310d30ed4c7fb7e6194fd3b31d9ca2318afe5abdc23ac9bf22447380173213bba680ac7697ea,08/01/2025 03:11:00 PM,2,DRIVER,,2021045,,TOYOTA,TACOMA,IL,2017,NONE,PICKUP,PERSONAL,E,STRAIGHT AHEAD,,,1,,,,,,,,,,,,,,,Y,,,FRONT-LEFT-CORNER,,,,,,,,,,,,,,,,,,,,,,,,,,,,,,,,,
2119519,c003e049081c51525b08834f30ebff7a25282b62db68fccc57de16d008dbd939ed4ad8b8491312b3ec3d8dd5b67dbce0e7fe7efd83e4b0dfca061107dfe9fc29,08/01/2025 03:11:00 PM,1,DRIVER,,2020521,,MERCEDES-BENZ,OTHER (EXPLAIN IN NARRATIVE),IL,,UNKNOWN,PASSENGER,UNKNOWN/NA,E,CHANGING LANES,,,1,,,,,,,,,,,,,,,,,Y,FRONT-RIGHT-CORNER,,,,,,,,,,,,,,,,,,,,,,,,,,,,,,,,,
2119520,c003e049081c51525b08834f30ebff7a25282b62db68fccc57de16d008dbd939ed4ad8b8491312b3ec3d8dd5b67dbce0e7fe7efd83e4b0dfca061107dfe9fc29,08/01/2025 03:11:00 PM,2,DRIVER,1,2020526,,TESLA,MODEL 3,IL,2019,UNKNOWN,PASSENGER,UNKNOWN/NA,E,SLOW/STOP IN TRAFFIC,,,2,,,,,,,,,,,,,Y,Y,Y,,,SIDE-LEFT,,,,,,,,,,,,,,,,,,,,,,,,,,,,,,,,,
2119373,d57e79b90dc77eb34a96b15fa73cc252331d4c83255ff1fedd659c899afe89c688a51744ceed28a688a1fe3fe5357bffca03cb1206eea0df97510732a666f430,08/01/2025 03:05:00 PM,1,DRIVER,2,2020382,,NISSAN,ALTIMA,IL,2024,NONE,PASSENGER,PERSONAL,W,STRAIGHT AHEAD,,,3,,,,,Y,,,,,,,,,,Y,Y,,FRONT,,,,,,,,,,,,,,,,,,,,,,,,,,,,,,,,,