CRASH_UNIT_ID,CRASH_RECORD_ID,CRASH_DATE,UNIT_NO,UNIT_TYPE,NUM_PASSENGERS,VEHICLE_ID,CMRC_VEH_I,MAKE,MODEL,LIC_PLATE_STATE,VEHICLE_YEAR,VEHICLE_DEFECT,VEHICLE_TYPE,VEHICLE_USE,TRAVEL_DIRECTION,MANEUVER,TOWED_I,FIRE_I,OCCUPANT_CNT,EXCEED_SPEED_LIMIT_I,TOWED_BY,TOWED_TO,AREA_00_I,AREA_01_I,AREA_02_I,AREA_03_I,AREA_04_I,AREA_05_I,AREA_06_I,AREA_07_I,AREA_08_I,AREA_09_I,AREA_10_I,AREA_11_I,AREA_12_I,AREA_99_I,FIRST_CONTACT_POINT,CMV_ID,USDOT_NO,CCMC_NO,ILCC_NO,COMMERCIAL_SRC,GVWR,CARRIER_NAME,CARRIER_STATE,CARRIER_CITY,HAZMAT_PLACARDS_I,HAZMAT_NAME,UN_NO,HAZMAT_PRESENT_I,HAZMAT_REPORT_I,HAZMAT_REPORT_NO,MCS_REPORT_I,MCS_REPORT_NO,HAZMAT_VIO_CAUSE_CRASH_I,MCS_VIO_CAUSE_CRASH_I,IDOT_PERMIT_NO,WIDE_LOAD_I,TRAILER1_WIDTH,TRAILER2_WIDTH,TRAILER1_LENGTH,TRAILER2_LENGTH,TOTAL_VEHICLE_LENGTH,AXLE_CNT,VEHICLE_CONFIG,CARGO_BODY_TYPE,LOAD_TYPE,HAZMAT_OUT_OF_SERVICE_I,MCS_OUT_OF_SERVICE_I,HAZMAT_CLASS
2119374,d57e79b90dc77eb34a96b15fa73cc252331d4c83255ff1fedd659c899afe89c688a51744ceed28a688a1fe3fe5357bffca03cb1206eea0df97510732a666f430,08/01/2025 03:05:00 PM,2,DRIVER,,2020403,,DODGE,RAM 1500 PU,IL,2022,NONE,PICKUP,PERSONAL,S,STRAIGHT AHEAD,,,1,,,,,,,,,,,,Y,Y,Y,Y,,,SIDE-LEFT,,,,,,,,,,,,,,,,,,,,,,,,,,,,,,,,,
2119617,78852942cd3d3803db6bd7a7bc21476338214a38eff3fdbd13d5e8b15e08eb8c66e5c22e1853d7bcb4ea83309abfce83529d562d7364e08aff2d2d5a917d4b7e,08/01/2025 03:02:00 PM,1,DRIVER,,2020628,,KIA,OTHER (EXPLAIN IN NARRATIVE),IL,2008,NONE,SPORT UTILITY VEHICLE (SUV),PERSONAL,W,BACKING,,,1,,,,,,,,,Y,Y,Y,,,,,,,REAR,,,,,,,,,,,,,,,,,,,,,,,,,,,,,,,,,
2119618,78852942cd3d3803db6bd7a7bc21476338214a38eff3fdbd13d5e8b15e08eb8c66e5c22e1853d7bcb4ea83309abfce83529d562d7364e08aff2d2d5a917d4b7e,08/01/2025 03:02:00 PM,2,DRIVER,,2020619,,HONDA,HR-V,IL,2018,NONE,PASSENGER,PERSONAL,E,BACKING,,,1,,,,,,,,,Y,Y,Y,,,,,,,REAR,,,,,,,,,,,,,,,,,,,,,,,,,,,,,,,,,
2119516,8407e4429140c200e9ab21b8d965d0dcca71ad6b12377909459c5d6caded9c0e4c550741afa33582f86ffecb9babf7ddb28f664a6dc84517361e781422004f10,08/01/2025 03:00:00 PM,1,DRIVER,,2020524,,CHEVROLET,TRAX,IL,2016,NONE,PASSENGER,PERSONAL,SW,STRAIGHT AHEAD,,,1,,,,,Y,,,,,,,,,,,,,FRONT-RIGHT-CORNER,,,,,,,,,,,,,,,,,,,,,,,,,,,,,,,,,
2119517,8407e4429140c200e9ab21b8d965d0dcca71ad6b12377909459c5d6caded9c0e4c550741afa33582f86ffecb9babf7ddb28f664a6dc84517361e781422004f10,08/01/2025 03:00:00 PM,2,PARKED,,2020536,,VOLKSWAGEN,TIGUAN,,2018,NONE,PASSENGER,PERSONAL,W,PARKED,,,0,,,,,,,,,,,,Y,,,,,,SIDE-LEFT-REAR,,,,,,,,,,,,,,,,,,,,,,,,,,,,,,,,,
2119613,d9553a0f52b660e5e832a979c4976ba6f02c70cd4a334110a8097336b856291f94f7cc90c0afa8c5db31acceab0cb1b35e52ef07944c14e927319b61d4b9b7b1,08/01/2025 03:00:00 PM,1,DRIVER,,2020615,,KIA,SORENTO,IL,2011,NONE,SPORT UTILITY VEHICLE (SUV),PERSONAL,SE,CHANGING LANES,,,1,,,,,Y,,,,,,,,,,,,,FRONT-RIGHT-CORNER,,,,,,,,,,,,,,,,,,,,,,,,,,,,,,,,,
2119614,d9553a0f52b660e5e832a979c4976ba6f02c70cd4a334110a8097336b856291f94f7cc90c0afa8c5db31acceab0cb1b35e52ef07944c14e927319b61d4b9b7b1,08/01/2025 03:00:00 PM,2,DRIVER,,2020629,,CADILLAC,XT6,IL,2025,NONE,SPORT UTILITY VEHICLE (SUV),PERSONAL,SE,TURNING RIGHT,,,1,,,,,,,,,,,,,Y,,,,,SIDE-LEFT,,,,,,,,,,,,,,,,,,,,,,,,,,,,,,,,,
2119378,9b647f834260d16a25b22a5d4db72cd42e9f74f996aa4289e7506a1777cc17a425cda56f361f20677ff2a7688d773ae49b32a24818e9739f063a55f26963575f,08/01/2025 02:55:00 PM,1,DRIVER,,2020390,,MAZDA,CX-5,IL,2015,UNKNOWN,SPORT UTILITY VEHICLE (SUV),UNKNOWN/NA,W,UNKNOWN/NA,,,1,,,,,,,,,,,,,N,,,,Y,SIDE-LEFT,,,,,,,,,,,,,,,,,,,,,,,,,,,,,,,,,
2119379,9b647f834260d16a25b22a5d4db72cd42e9f74f996aa4289e7506a1777cc17a425cda56f361f20677ff2a7688d773ae49b32a24818e9739f063a55f26963575f,08/01/2025 02:55:00 PM,2,BICYCLE,,,,,,,,,,,,,,,,,,,,,,,,,,,,,,,,,,,,,,,,,,,,,,,,,,,,,,,,,,,,,,,,,,
2119418,c31cbb352efe95762c3d5d9934e1e03e06ece1a1c4fd024f66cf587c73ba5f71d7e187a5e0a3fb1a7c7094e74c507f81c825220f53f5214a2e76e4903c8f4a8a,08/01/2025 02:48:00 PM,2,PEDESTRIAN,,,,,,,,,,,,,,,,,,,,,,,,,,,,,,,,,,,,,,,,,,,,,,,,,,,,,,,,,,,,,,,,,,
2119461,c31cbb352efe95762c3d5d9934e1e03e06ece1a1c4fd024f66cf587c73ba5f71d7e187a5e0a3fb1a7c7094e74c507f81c825220f53f5214a2e76e4903c8f4a8a,08/01/2025 02:48:00 PM,1,DRIVER,2,2020464,,TOYOTA,OTHER (EXPLAIN IN NARRATIVE),IL,,UNKNOWN,PASSENGER,UNKNOWN/NA,W,OTHER,,,3,,,,,,,,,,,,,,,N,N,,FRONT,,,,,,,,,,,,,,,,,,,,,,,,,,,,,,,,,
2119350,ef0ddf1d1e964f706d7818ab556269636d89315fa9a9e3e4dffd3d8ae027a5cbaae5f4bd5052c4d4bc0b40217760b69585c8ffc38beded3a16422eaf9cef457e,08/01/2025 02:47:00 PM,1,DRIVER,,2020361,,UNKNOWN,ENGINE,,,UNKNOWN,UNKNOWN/NA,UNKNOWN/NA,UNKNOWN,CHANGING LANES,,,1,,,,,,,,,,,,,,,,,Y,UNKNOWN,,,,,,,,,,,,,,,,,,,,,,,,,,,,,,,,,
2119351,ef0ddf1d1e964f706d7818ab556269636d89315fa9a9e3e4dffd3d8ae027a5cbaae5f4bd5052c4d4bc0b40217760b69585c8ffc38beded3a16422eaf9cef457e,08/01/2025 02:47:00 PM,2,DRIVER,,2020365,,CHEVROLET,EQUINOX,IL,2020,NONE,PASSENGER,PERSONAL,E,PASSING/OVERTAKING,,,1,,,,,,,,,,,,,,Y,Y,,,SIDE-LEFT-FRONT,,,,,,,,,,,,,,,,,,,,,,,,,,,,,,,,,
2119338,25c763f842d0701089c4fb615c115f60de50e372f85335e258d65ddc32e7fa4a3b5eaad89a546bafcd7903a7fc9cf9e34c830e7a6d10e1cabb5fff0d8129da77,08/01/2025 02:45:00 PM,1,DRIVER,,2020353,,CHEVROLET,TRAX,IL,2022,NONE,PASSENGER,PERSONAL,N,STRAIGHT AHEAD,,,1,,,,,Y,,,,,,,,,,,,,FRONT-RIGHT-CORNER,,,,,,,,,,,,,,,,,,,,,,,,,,,,,,,,,
2119339,25c763f842d0701089c4fb615c115f60de50e372f85335e258d65ddc32e7fa4a3b5eaad89a546bafcd7903a7fc9cf9e34c830e7a6d10e1cabb5fff0d8129da77,08/01/2025 02:45:00 PM,2,DRIVER,,2020366,,NISSAN,ALTIMA,IL,2022,NONE,PASSENGER,PERSONAL,NW,STRAIGHT AHEAD,,,1,,,,,,,,,,,,,,,Y,,,FRONT-LEFT-CORNER,,,,,,,,,,,,,,,,,,,,,,,,,,,,,,,,,
2124295,4776859703defabad5af5792b57ea20dedb9b7772c647e8782dc48208d40567a321ca1d85455b229ab60db175c70185236dd5e04f95ca36d24fadab1318ec216,08/01/2025 02:45:00 PM,1,DRIVER,,2025090,,FORD,MUSTANG,IL,2023,UNKNOWN,UNKNOWN/NA,UNKNOWN/NA,W,TURNING LEFT,,,1,,,,,,,,Y,Y,,,,,,,,,REAR-RIGHT-CORNER,,,,,,,,,,,,,,,,,,,,,,,,,,,,,,,,,
2124296,4776859703defabad5af5792b57ea20dedb9b7772c647e8782dc48208d40567a321ca1d85455b229ab60db175c70185236dd5e04f95ca36d24fadab1318ec216,08/01/2025 02:45:00 PM,2,PARKED,,2025098,,TOYOTA,CAMRY,IL,2017,UNKNOWN,PASSENGER,TAXI/FOR HIRE,UNKNOWN,PARKED,,,0,,,,,,,,,,,,,,Y,Y,,,FRONT-LEFT-CORNER,,,,,,,,,,,,,,,,,,,,,,,,,,,,,,,,,
2119340,720c7c27a2dbb17e5045f1b5d60cbe58788b5f0ed88844a22a11fc7ae516a349effa8a5625e526d71e65d47cb74a2fbe87d18997a80d273d911d8a4fc20f0ba4,08/01/2025 02:42:00 PM,1,DRIVER,,2020364,,TESLA,MODEL Y,IL,2025,UNKNOWN,PASSENGER,UNKNOWN/NA,E,TURNING LEFT,,,1,,,,,,,,,Y,,,,,,,,,REAR-RIGHT-CORNER,,,,,,,,,,,,,,,,,,,,,,,,,,,,,,,,,
2119341,720c7c27a2dbb17e5045f1b5d60cbe58788b5f0ed88844a22a11fc7ae516a349effa8a5625e526d71e65d47cb74a2fbe87d18997a80d273d911d8a4fc20f0ba4,08/01/2025 02:42:00 PM,2,DRIVER,,2020400,,KAWASAKI,MOTORCYCLE,IL,2024,UNKNOWN,MOTORCYCLE (OVER 150CC),UNKNOWN/NA,E,TURNING RIGHT,,,1,,,,,,Y,,,,,,,,,,,,FRONT,,,,,,,,,,,,,,,,,,,,,,,,,,,,,,,,,
2119286,f8345766928cdd15fe9149cd0c0e88eff149bf4e3f4d69e2c20b0c31ec131428c147caf3cd31a10c3547633a111dd75171ae2ad78f3de471c9c25196f37c3b12,08/01/2025 02:40:00 PM,1,DRIVER,,2020309,,FORD,EXPLORER,IL,2016,NONE,PASSENGER,PERSONAL,N,STRAIGHT AHEAD,,,1,,,,,Y,N,,,,,,,,,,N,,FRONT-RIGHT-CORNER,,,,,,,,,,,,,,,,,,,,,,,,,,,,,,,,,
2119287,f8345766928cdd15fe9149cd0c0e88eff149bf4e3f4d69e2c20b0c31ec131428c147caf3cd31a10c3547633a111dd75171ae2ad78f3de471c9c25196f37c3b12,08/01/2025 02:40:00 PM,2,DRIVER,,2020306,,TOYOTA,RAV4,IL,2008,NONE,PASSENGER,PERSONAL,W,STRAIGHT AHEAD,,,1,,,,,,,,,,,,,Y,Y,,,,SIDE-LEFT,,,,,,,,,,,,,,,,,,,,,,,,,,,,,,,,,
2119404,c3aa27caf42352b89a7c792a7f24eb85f14789a0cbb264a344dc4db95eefd5a92ec6e4b2ac3857aca3fdd87a79d9c17247d8e44550e4d6b0b0b887df39c3e1a6,08/01/2025 02:39:00 PM,1,DRIVER,1,2020417,,BUICK,ENCLAVE,IL,2011,NONE,PASSENGER,PERSONAL,W,BACKING,,,2,,,,,,,,,,,Y,,,,,,,REAR-LEFT-CORNER,,,,,,,,,,,,,,,,,,,,,,,,,,,,,,,,,
2119405,c3aa27caf42352b89a7c792a7f24eb85f14789a0cbb264a344dc4db95eefd5a92ec6e4b2ac3857aca3fdd87a79d9c17247d8e44550e4d6b0b0b887df39c3e1a6,08/01/2025 02:39:00 PM,2,DRIVER,,2020435,Y,FREIGHTLINER CORPORATION,FREIGHTLINER CORP.,TN,2020,NONE,TRACTOR W/ SEMI-TRAILER,NOT IN USE,S,BACKING,,,1,,,,,,,,,Y,,,,,,,,,REAR-RIGHT-CORNER,"21,923",,,,DRIVER,,AUTOZONE,WI,NEENAH,,,,N,N,,,,N,N,,,,,,,,,,,,N,N,
2119342,74e1aeb0f12b6fc0887cd5a4a44a3136f8c57e4cb654e036d58ed8043c666055f2dbe298aa2a67d79bf885d1d270aee1e9250b9d16f619a3c7d5991f7b331653,08/01/2025 02:38:00 PM,1,DRIVER,,2020360,,NISSAN,OTHER (EXPLAIN IN NARRATIVE),IL,2022,UNKNOWN,PASSENGER,UNKNOWN/NA,W,CHANGING LANES,,,1,,,,,,,,,,,,,,,Y,Y,,FRONT-LEFT-CORNER,,,,,,,,,,,,,,,,,,,,,,,,,,,,,,,,,
2119343,74e1aeb0f12b6fc0887cd5a4a44a3136f8c57e4cb654e036d58ed8043c666055f2dbe298aa2a67d79bf885d1d270aee1e9250b9d16f619a3c7d5991f7b331653,08/01/2025 02:38:00 PM,2,DRIVER,,2020363,,CHEVROLET,EQUINOX,IL,2022,UNKNOWN,PASSENGER,PERSONAL,N,STRAIGHT AHEAD,,,1,,,,,,Y,,,,,,,,,,,,SIDE-RIGHT-FRONT,,,,,,,,,,,,,,,,,,,,,,,,,,,,,,,,,
2135532,f96281c06c137736c1d058631c0d380280301cd189c6497584135ac0017cc71557c39150d1e8542644b3b66fe841a2e7548d1cd217ae0b2b8a3a1bd71c5779d4,08/01/2025 02:37:00 PM,1,DRIVER,,2035747,,TOYOTA,COROLLA,IL,2019,UNKNOWN,PASSENGER,UNKNOWN/NA,N,STRAIGHT AHEAD,,,1,,,,,Y,Y,,,,,,,,,,,,FRONT-RIGHT-CORNER,,,,,,,,,,,,,,,,,,,,,,,,,,,,,,,,,
2135533,f96281c06c137736c1d058631c0d380280301cd189c6497584135ac0017cc71557c39150d1e8542644b3b66fe841a2e7548d1cd217ae0b2b8a3a1bd71c5779d4,08/01/2025 02:37:00 PM,2,DRIVER,,2035748,,LEXUS,ES,IL,2007,UNKNOWN,PASSENGER,PERSONAL,N,STRAIGHT AHEAD,,,1,,,,,,,,,,,,Y,Y,Y,,,,SIDE-LEFT,,,,,,,,,,,,,,,,,,,,,,,,,,,,,,,,,
2119464,410eb05e1df2072b7d64d9e2ae0c5a88251097547257591440f398b3eecbb93adbdf85f764f40fb9c842b44cbc2a377b7cd5c9199560ad99e5a844c71b5fd4b4,08/01/2025 02:36:00 PM,1,DRIVER,,2020481,,DODGE,CHARGER,IL,2012,UNKNOWN,PASSENGER,PERSONAL,S,TURNING RIGHT,,,1,,,,,,,,,,,,,,,,N,,FRONT,,,,,,,,,,,,,,,,,,,,,,,,,,,,,,,,,
2119465,410eb05e1df2072b7d64d9e2ae0c5a88251097547257591440f398b3eecbb93adbdf85f764f40fb9c842b44cbc2a377b7cd5c9199560ad99e5a844c71b5fd4b4,08/01/2025 02:36:00 PM,2,DRIVER,2,2020485,,KIA,TELLURIDE,IL,2022,UNKNOWN,PASSENGER,PERSONAL,W,STRAIGHT AHEAD,,,3,,,,,,,,,Y,,,,,,,,,SIDE-RIGHT-REAR,,,,,,,,,,,,,,,,,,,,,,,,,,,,,,,,,
2119298,0db5079165ce0b7502a95136bf11f73839ac232686f6572fbe32c6f3528d677cbdd36ed4557ba09381bc06d2c987ee75c2371d8b7f9987d97d655ada5da08207,08/01/2025 02:33:00 PM,1,DRIVER,,2020317,,JEEP,COMPASS,IL,2020,UNKNOWN,SPORT UTILITY VEHICLE (SUV),PERSONAL,W,TURNING LEFT,,,1,,,,,,,,,,,,,,,Y,,,FRONT-LEFT-CORNER,,,,,,,,,,,,,,,,,,,,,,,,,,,,,,,,,
2119299,0db5079165ce0b7502a95136bf11f73839ac232686f6572fbe32c6f3528d677cbdd36ed4557ba09381bc06d2c987ee75c2371d8b7f9987d97d655ada5da08207,08/01/2025 02:33:00 PM,2,DRIVER,1,2020321,,KIA,FORTE,IL,2024,UNKNOWN,PASSENGER,RIDESHARE SERVICE,S,TURNING LEFT,,,2,,,,,,,,,,,Y,,,,,,,REAR-LEFT-CORNER,,,,,,,,,,,,,,,,,,,,,,,,,,,,,,,,,
2119276,9bd98a8885156231ded5071bad91314e51fd18f2742e0a592581d8e20f1762c7be526dc839f8660f1e3bc2ae8847769068a2aacdd8bda16993291b82db78af58,08/01/2025 02:30:00 PM,1,DRIVER,,2020296,,BUICK,ENCLAVE,IL,2014,NONE,PASSENGER,NOT IN USE,UNKNOWN,BACKING,,,1,,,,,,,,,,Y,,,,,,,,REAR,,,,,,,,,,,,,,,,,,,,,,,,,,,,,,,,,
2119277,9bd98a8885156231ded5071bad91314e51fd18f2742e0a592581d8e20f1762c7be526dc839f8660f1e3bc2ae8847769068a2aacdd8bda16993291b82db78af58,08/01/2025 02:30:00 PM,2,DRIVER,,2020299,,CHEVROLET,EQUINOX,IL,2021,NONE,SPORT UTILITY VEHICLE (SUV),PERSONAL,UNKNOWN,SLOW/STOP IN TRAFFIC,,,1,,,,,,,Y,,,,,,,,,,,SIDE-RIGHT,,,,,,,,,,,,,,,,,,,,,,,,,,,,,,,,,
2119300,3ba0f01fe16ac15e3947a68164cf2465d9772a9a70faca1eddbeb343845ab9eea0ea359694e23cbe10a1a6dd43fdbbcd30da24290b029a40b41c029de46d7f74,08/01/2025 02:20:00 PM,1,DRIVER,,2020323,,NISSAN,PATHFINDER,IL,2014,NONE,PASSENGER,PERSONAL,S,STRAIGHT AHEAD,,,1,,,,,,,,,,,,,,,Y,Y,,FRONT-LEFT-CORNER,,,,,,,,,,,,,,,,,,,,,,,,,,,,,,,,,
2119301,3ba0f01fe16ac15e3947a68164cf2465d9772a9a70faca1eddbeb343845ab9eea0ea359694e23cbe10a1a6dd43fdbbcd30da24290b029a40b41c029de46d7f74,08/01/2025 02:20:00 PM,2,DRIVER,,2020325,,TESLA,MODEL 3,MD,2023,NONE,PASSENGER,PERSONAL,S,STRAIGHT AHEAD,,,1,,,,,,,,,,Y,Y,,,,,,,REAR-LEFT-CORNER,,,,,,,,,,,,,,,,,,,,,,,,,,,,,,,,,
2137923,f20aac723021b83a9102649831846b91647ddfbeb46c4c79a21b619385d5039c5d6175c72ca3c5beddfe7cd6acd28fe2df3cb99286b571b37f429e5af3706444,08/01/2025 02:20:00 PM,1,DRIVER,1,2038024,,FORD,ECONOLINE 100,AZ,2017,NONE,TRUCK - SINGLE UNIT,OTHER,E,PASSING/OVERTAKING,,,2,,,,,Y,Y,Y,Y,Y,,,,,,,,,SIDE-RIGHT,,,,,,,,,,,,,,,,,,,,,,,,,,,,,,,,,
2137924,f20aac723021b83a9102649831846b91647ddfbeb46c4c79a21b619385d5039c5d6175c72ca3c5beddfe7cd6acd28fe2df3cb99286b571b37f429e5af3706444,08/01/2025 02:20:00 PM,2,DRIVER,1,2038025,,GEO,PRISM,IL,1993,NONE,PASSENGER,PERSONAL,E,STRAIGHT AHEAD,,,2,,,,,,,,,,,Y,Y,Y,Y,Y,,,FRONT-LEFT-CORNER,,,,,,,,,,,,,,,,,,,,,,,,,,,,,,,,,
2137925,f20aac723021b83a9102649831846b91647ddfbeb46c4c79a21b619385d5039c5d6175c72ca3c5beddfe7cd6acd28fe2df3cb99286b571b37f429e5af3706444,08/01/2025 02:20:00 PM,3,PARKED,,2038026,,AUDI,Q5,WI,2017,NONE,PASSENGER,PERSONAL,E,PARKED,,,0,,,,,,,,,,,,Y,Y,Y,,,,SIDE-LEFT,,,,,,,,,,,,,,,,,,,,,,,,,,,,,,,,,
2120056,27f2ee791128a278116f9e225979647fb38d692bb2dc4f43e639ee11b10ef3c77b2cbb6dec5d68b5e2a8350df51f01c73393dd1a934e5a90ff8a536aff54c31f,08/01/2025 02:15:00 PM,1,DRIVER,,2021048,,JEEP,COMPASS,IL,2025,UNKNOWN,SPORT UTILITY VEHICLE (SUV),PERSONAL,UNKNOWN,CHANGING LANES,,,1,,,,,,,,Y,Y,,,,,,,,,REAR-RIGHT-CORNER,,,,,,,,,,,,,,,,,,,,,,,,,,,,,,,,,
2120057,27f2ee791128a278116f9e225979647fb38d692bb2dc4f43e639ee11b10ef3c77b2cbb6dec5d68b5e2a8350df51f01c73393dd1a934e5a90ff8a536aff54c31f,08/01/2025 02:15:00 PM,2,DRIVER,,2021054,,FORD,EXPEDITION,IL,2024,UNKNOWN,SPORT UTILITY VEHICLE (SUV),TAXI/FOR HIRE,UNKNOWN,STRAIGHT AHEAD,,,1,,,,,Y,Y,,,,,,,,,,,,FRONT-RIGHT-CORNER,,,,,,,,,,,,,,,,,,,,,,,,,,,,,,,,,
2119328,f5b919a71b1fbec886071c8f3b4a449925326332bd0e327ab108f4ed945211ae24900b78cf491223c78e7d26a4e8c3d8e44757c5e7aa14e13e35328c614b82d5,08/01/2025 02:15:00 PM,1,DRIVER,,2020346,N,UNKNOWN,MOTORIZED,IL,,UNKNOWN,UNKNOWN/NA,UNKNOWN/NA,N,STRAIGHT AHEAD,,,1,,,,,,,,,,,,,,,,,Y,UNKNOWN,,,,,,,,,,,,,,,,,,,,,,,,,,,,,,,,,
2119329,f5b919a71b1fbec886071c8f3b4a449925326332bd0e327ab108f4ed945211ae24900b78cf491223c78e7d26a4e8c3d8e44757c5e7aa14e13e35328c614b82d5,08/01/2025 02:15:00 PM,2,DRIVER,4,2020359,,CHEVROLET,MALIBU,IN,2024,UNKNOWN,PASSENGER,PERSONAL,N,STRAIGHT AHEAD,Y,,5,,Enterprise tow company,Driver request,,,,,,,,Y,Y,Y,Y,Y,,,SIDE-LEFT,,,,,,,,,,,,,,,,,,,,,,,,,,,,,,,,,
2119280,e172e4159ad29d75884a4e49701dd8c51fdd4b31ede1994a589521cdcb40716cd7adddeccc80b5f831675b1d40f2052e6aee4103e95de04c13db6c42aff84952,08/01/2025 02:02:00 PM,1,DRIVER,1,2020301,,FORD,EXPLORER,IL,2020,NONE,SPORT UTILITY VEHICLE (SUV),PERSONAL,S,TURNING RIGHT,,,2,,,,Y,,,,,,,,,,,,,,UNKNOWN,,,,,,,,,,,,,,,,,,,,,,,,,,,,,,,,,
2119281,e172e4159ad29d75884a4e49701dd8c51fdd4b31ede1994a589521cdcb40716cd7adddeccc80b5f831675b1d40f2052e6aee4103e95de04c13db6c42aff84952,08/01/2025 02:02:00 PM,2,BICYCLE,,,,,,,,,,,,,,,,,,,,,,,,,,,,,,,,,,,,,,,,,,,,,,,,,,,,,,,,,,,,,,,,,,
2119545,21307cc3c2c4098943926c407b55b79d29da7bc90789ed412702e14a95b343b3af9b91885b2cb51bbf656edf41db798a7bddefbf475cf121a2ef6d3151785494,08/01/2025 02:00:00 PM,1,DRIVER,,2020582,,YAMAHA,OTHER (EXPLAIN IN NARRATIVE),IL,2022,NONE,MOTORCYCLE (OVER 150CC),PERSONAL,N,STRAIGHT AHEAD,,,1,,,,,,,,,,,Y,Y,Y,Y,Y,,,SIDE-LEFT,,,,,,,,,,,,,,,,,,,,,,,,,,,,,,,,,
2119546,21307cc3c2c4098943926c407b55b79d29da7bc90789ed412702e14a95b343b3af9b91885b2cb51bbf656edf41db798a7bddefbf475cf121a2ef6d3151785494,08/01/2025 02:00:00 PM,2,DRIVER,,2020555,,FORD,FUSION,IL,2019,NONE,PASSENGER,PERSONAL,N,TURNING RIGHT,,,1,,,,,Y,Y,Y,Y,Y,,,,,,,,,SIDE-RIGHT,,,,,,,,,,,,,,,,,,,,,,,,,,,,,,,,,
2120092,5f05a5d68a438b4869912deb86d0c7cb2dc3293c03552772faa1870eb47fbb85b0252ef6ae48196ea49d89d7ad160408796e1065c62be77d17de52761253a82a,08/01/2025 02:00:00 PM,1,DRIVER,,2021084,,NEW FLYER,OTHER (EXPLAIN IN NARRATIVE),IL,2000,NONE,BUS OVER 15 PASS.,CTA,W,STRAIGHT AHEAD,,,1,,,,,,,,,,,,,,,,,Y,UNKNOWN,,,,,,,,,,,,,,,,,,,,,,,,,,,,,,,,,
2120093,5f05a5d68a438b4869912deb86d0c7cb2dc3293c03552772faa1870eb47fbb85b0252ef6ae48196ea49d89d7ad160408796e1065c62be77d17de52761253a82a,08/01/2025 02:00:00 PM,2,DRIVER,,2021077,,MERCEDES-BENZ,OTHER (EXPLAIN IN NARRATIVE),MA,2018,NONE,PASSENGER,PERSONAL,W,STARTING IN TRAFFIC,,,1,,,,,,,,,Y,Y,Y,,,,,,,REAR,,,,,,,,,,,,,,,,,,,,,,,,,,,,,,,,,
2119304,b8dca7af728928948b9aee0bf30e1782126f334c5287b97c47a296eaad5efcb41b2c09ada9f74107511a983addced1f829e99253b23f5dde178602ba3001f30e,08/01/2025 02:00:00 PM,1,DRIVER,,2020326,,UNKNOWN,OTHER (EXPLAIN IN NARRATIVE),IL,,UNKNOWN,PICKUP,UNKNOWN/NA,S,SLOW/STOP IN TRAFFIC,,,1,,,,,,,,,,,,,,,,,Y,UNKNOWN,,,,,,,,,,,,,,,,,,,,,,,,,,,,,,,,,
2119305,b8dca7af728928948b9aee0bf30e1782126f334c5287b97c47a296eaad5efcb41b2c09ada9f74107511a983addced1f829e99253b23f5dde178602ba3001f30e,08/01/2025 02:00:00 PM,2,DRIVER,,2020329,,NISSAN,ALTIMA,IL,2012,UNKNOWN,PASSENGER,UNKNOWN/NA,N,SLOW/STOP IN TRAFFIC,,,1,,,,,,,,,,,,,,,,,,FRONT,,,,,,,,,,,,,,,,,,,,,,,,,,,,,,,,,
2119467,e5f98bb725375c3bfbd3109388ec2c22c391d1fffecc021f51f333c41e49558316aa62737a4a28c4347d90154cd38c2368c43dbf32249baf090b7c0a49c54ee2,08/01/2025 02:00:00 PM,1,DRIVER,,2020479,,INTERNATIONAL HARVESTER COMPANY,OTHER (EXPLAIN IN NARRATIVE),IL,1974,NONE,TRUCK - SINGLE UNIT,CONSTRUCTION/MAINTENANCE,S,STRAIGHT AHEAD,,,1,,,,Y,,,,,,,,,,,,,,NONE,,,,,,,,,,,,,,,,,,,,,,,,,,,,,,,,,
2119282,5fe2ae1b1e6e9d020e67dd2152ec20acc9c5c548eb94e2a960e8a2622398e3c7d275154e12c054141cf65b2db9ee40e6deeaba9434bf2e671cc21bc8994afdce,08/01/2025 01:56:00 PM,1,DRIVER,1,2020313,,FORD,EXPEDITION,IL,2001,UNKNOWN,SPORT UTILITY VEHICLE (SUV),PERSONAL,E,STRAIGHT AHEAD,N,,2,,,,,,,,,,,,,,,,Y,,FRONT,,,,,,,,,,,,,,,,,,,,,,,,,,,,,,,,,
2119283,5fe2ae1b1e6e9d020e67dd2152ec20acc9c5c548eb94e2a960e8a2622398e3c7d275154e12c054141cf65b2db9ee40e6deeaba9434bf2e671cc21bc8994afdce,08/01/2025 01:56:00 PM,2,DRIVER,,2020322,,CHEVROLET,SILVERADO,IL,2018,NONE,PICKUP,PERSONAL,E,SLOW/STOP IN TRAFFIC,,,1,,,,,,,,,Y,Y,Y,,,,,,,REAR,,,,,,,,,,,,,,,,,,,,,,,,,,,,,,,,,