CRASH_UNIT_ID,CRASH_RECORD_ID,CRASH_DATE,UNIT_NO,UNIT_TYPE,NUM_PASSENGERS,VEHICLE_ID,CMRC_VEH_I,MAKE,MODEL,LIC_PLATE_STATE,VEHICLE_YEAR,VEHICLE_DEFECT,VEHICLE_TYPE,VEHICLE_USE,TRAVEL_DIRECTION,MANEUVER,TOWED_I,FIRE_I,OCCUPANT_CNT,EXCEED_SPEED_LIMIT_I,TOWED_BY,TOWED_TO,AREA_00_I,AREA_01_I,AREA_02_I,AREA_03_I,AREA_04_I,AREA_05_I,AREA_06_I,AREA_07_I,AREA_08_I,AREA_09_I,AREA_10_I,AREA_11_I,AREA_12_I,AREA_99_I,FIRST_CONTACT_POINT,CMV_ID,USDOT_NO,CCMC_NO,ILCC_NO,COMMERCIAL_SRC,GVWR,CARRIER_NAME,CARRIER_STATE,CARRIER_CITY,HAZMAT_PLACARDS_I,HAZMAT_NAME,UN_NO,HAZMAT_PRESENT_I,HAZMAT_REPORT_I,HAZMAT_REPORT_NO,MCS_REPORT_I,MCS_REPORT_NO,HAZMAT_VIO_CAUSE_CRASH_I,MCS_VIO_CAUSE_CRASH_I,IDOT_PERMIT_NO,WIDE_LOAD_I,TRAILER1_WIDTH,TRAILER2_WIDTH,TRAILER1_LENGTH,TRAILER2_LENGTH,TOTAL_VEHICLE_LENGTH,AXLE_CNT,VEHICLE_CONFIG,CARGO_BODY_TYPE,LOAD_TYPE,HAZMAT_OUT_OF_SERVICE_I,MCS_OUT_OF_SERVICE_I,HAZMAT_CLASS
2119288,1bab9a9c4638b4b84514bff6bf34d48e93463a59e2d373ec85b7068cb84747c841772c813be7c68aa50b91d1b6acfaebf873f37f7bed29c7df2fca6a207758b1,08/01/2025 01:55:00 PM,1,DRIVER,,2020315,,FORD,F150,IL,,NONE,PICKUP,UNKNOWN/NA,W,STRAIGHT AHEAD,,,1,,,,,,,,,,,,,,,,,Y,UNKNOWN,,,,,,,,,,,,,,,,,,,,,,,,,,,,,,,,,
2119289,1bab9a9c4638b4b84514bff6bf34d48e93463a59e2d373ec85b7068cb84747c841772c813be7c68aa50b91d1b6acfaebf873f37f7bed29c7df2fca6a207758b1,08/01/2025 01:55:00 PM,2,DRIVER,,2020308,,FORD,OTHER (EXPLAIN IN NARRATIVE),IL,2020,NONE,BUS UP TO 15 PASS.,OTHER,W,SLOW/STOP IN TRAFFIC,,,1,,,,,,Y,,,,,,,,,,,,SIDE-RIGHT,,,,,,,,,,,,,,,,,,,,,,,,,,,,,,,,,
2119396,9d46e6214ba0d808467a5e3abbcbad7ddc2ac4e93fe22616cac2063e6c6520c0572f9fac6de930302da956914b992203238e5abb9f86e9550db4959755d4cac2,08/01/2025 01:52:00 PM,1,DRIVER,,2020432,,BUICK,ENCORE,IL,2025,UNKNOWN,PASSENGER,PERSONAL,S,SLOW/STOP IN TRAFFIC,,,1,,,,,Y,,,,,,,,,,Y,Y,,FRONT,,,,,,,,,,,,,,,,,,,,,,,,,,,,,,,,,
2119397,9d46e6214ba0d808467a5e3abbcbad7ddc2ac4e93fe22616cac2063e6c6520c0572f9fac6de930302da956914b992203238e5abb9f86e9550db4959755d4cac2,08/01/2025 01:52:00 PM,2,DRIVER,,2020444,,KIA,NIRO,IL,2025,UNKNOWN,PASSENGER,PERSONAL,S,SLOW/STOP IN TRAFFIC,,,1,,,,,,,,,Y,Y,Y,,,,,,,REAR,,,,,,,,,,,,,,,,,,,,,,,,,,,,,,,,,
2119578,1075ac87db541240cf403e35a8007790ccf4818f653fbd0ae1b3e15b2a910f469264f3af085daba9f9c04bf1e895306b51b0867feeb37f515ab31d80a2c3050c,08/01/2025 01:50:00 PM,1,DRIVER,,2020598,,NISSAN,ROGUE,IL,2019,NONE,PASSENGER,PERSONAL,W,STRAIGHT AHEAD,,,1,,,,,,,,,,,,,,,,,Y,UNKNOWN,,,,,,,,,,,,,,,,,,,,,,,,,,,,,,,,,
2119579,1075ac87db541240cf403e35a8007790ccf4818f653fbd0ae1b3e15b2a910f469264f3af085daba9f9c04bf1e895306b51b0867feeb37f515ab31d80a2c3050c,08/01/2025 01:50:00 PM,2,DRIVER,,2020623,,BMW,OTHER (EXPLAIN IN NARRATIVE),IL,2021,NONE,PASSENGER,PERSONAL,W,STRAIGHT AHEAD,,,1,,,,,,,,,,Y,,,,,,,,REAR,,,,,,,,,,,,,,,,,,,,,,,,,,,,,,,,,
2119386,25cebbb483b171fa56e0221b0446e2893cd283acfce59c35880dc5f21c4842967641a1b42ed62f07e7daca024c05236d50d5e2a9419ba058670685d005cc828e,08/01/2025 01:50:00 PM,1,DRIVER,,2020420,,CHEVROLET,EQUINOX,IL,2018,NONE,PASSENGER,PERSONAL,N,STRAIGHT AHEAD,,,1,,,,,Y,,,,,,,,,,Y,Y,,FRONT,,,,,,,,,,,,,,,,,,,,,,,,,,,,,,,,,
2119387,25cebbb483b171fa56e0221b0446e2893cd283acfce59c35880dc5f21c4842967641a1b42ed62f07e7daca024c05236d50d5e2a9419ba058670685d005cc828e,08/01/2025 01:50:00 PM,2,DRIVER,,2020433,,CHEVROLET,TRAIL BLAZER,IL,2022,NONE,PASSENGER,PERSONAL,N,SLOW/STOP IN TRAFFIC,,,1,,,,,,,,,Y,Y,Y,,,,,,,REAR,,,,,,,,,,,,,,,,,,,,,,,,,,,,,,,,,
2122022,f6bd159ad87d6adacd85bdca8bd2782ae0be2c70966df6d757ca39766eeb120362295ef11069ad21ee5b0f40e97b4f8e38fd0f6973951e7b1bfecce077f4bb64,08/01/2025 01:48:00 PM,1,DRIVER,,2022940,,AUDI,A4,IL,2023,UNKNOWN,PASSENGER,PERSONAL,UNKNOWN,STRAIGHT AHEAD,,,1,,,,,Y,,,,,,,,,,Y,Y,,FRONT,,,,,,,,,,,,,,,,,,,,,,,,,,,,,,,,,
2122023,f6bd159ad87d6adacd85bdca8bd2782ae0be2c70966df6d757ca39766eeb120362295ef11069ad21ee5b0f40e97b4f8e38fd0f6973951e7b1bfecce077f4bb64,08/01/2025 01:48:00 PM,2,DRIVER,,2022945,,MERCEDES-BENZ,GLS,IL,2021,UNKNOWN,SPORT UTILITY VEHICLE (SUV),PERSONAL,UNKNOWN,STRAIGHT AHEAD,,,1,,,,,,,,,Y,Y,Y,,,,,,,REAR,,,,,,,,,,,,,,,,,,,,,,,,,,,,,,,,,
2119268,3009bb4e9ffe8a1ab9bf97f5645823063ca8c671232989c7ea715bdd07c0c30286dfa02d49ce25a152d1b9e9987ece1e7c795d8e279897ae3c72deccc1757c6a,08/01/2025 01:45:00 PM,1,DRIVER,,2020297,,CHEVROLET,MALIBU,IL,2018,UNKNOWN,PASSENGER,UNKNOWN/NA,W,UNKNOWN/NA,,,1,,,,,,,,,,,,,,,,Y,,FRONT,,,,,,,,,,,,,,,,,,,,,,,,,,,,,,,,,
2119269,3009bb4e9ffe8a1ab9bf97f5645823063ca8c671232989c7ea715bdd07c0c30286dfa02d49ce25a152d1b9e9987ece1e7c795d8e279897ae3c72deccc1757c6a,08/01/2025 01:45:00 PM,2,DRIVER,,2020312,,GENERAL MOTORS CORPORATION (GMC),YUKON,IL,2017,UNKNOWN,PICKUP,PERSONAL,W,STRAIGHT AHEAD,,,1,,,,,,,,,Y,Y,Y,,,,,,,REAR,,,,,,,,,,,,,,,,,,,,,,,,,,,,,,,,,
2119272,c6fc142e7d8eeb54bbe3b5519dd070fe325df4f2e929d2248071d824a32afb9acec8afe71ed15fe8bd8d6279b37e1a2bc3f46dc3ef2b7c80098d314cec62b0bd,08/01/2025 01:40:00 PM,1,DRIVER,,2020294,,UNKNOWN,OTHER (EXPLAIN IN NARRATIVE),IL,2025,NONE,OTHER,AMBULANCE,E,STRAIGHT AHEAD,,,1,,,,,Y,,,,,,,,,,,,,FRONT,,,,,,,,,,,,,,,,,,,,,,,,,,,,,,,,,
2119273,c6fc142e7d8eeb54bbe3b5519dd070fe325df4f2e929d2248071d824a32afb9acec8afe71ed15fe8bd8d6279b37e1a2bc3f46dc3ef2b7c80098d314cec62b0bd,08/01/2025 01:40:00 PM,2,PARKED,,2020298,,KIA,SOUL,IL,2013,NONE,PASSENGER,NOT IN USE,E,PARKED,,,0,,,,,,,,,,,,,,,Y,,,FRONT-LEFT-CORNER,,,,,,,,,,,,,,,,,,,,,,,,,,,,,,,,,
2119290,1e97555d973e13d4276330dce5965991da9c32c6dd751db47c170d57f13e5b81ce3d37032d27597e380e9bcc601db5f4eb1bd990d0e19b746ef25f870e3d9725,08/01/2025 01:38:00 PM,1,DRIVER,1,2020307,N,FORD,ECONOLINE E450,AZ,2017,NONE,TRUCK - SINGLE UNIT,PERSONAL,E,TURNING RIGHT,,,2,,,,,,,Y,Y,Y,,,,,,,,,SIDE-RIGHT-REAR,,,,,,,,,,,,,,,,,,,,,,,,,,,,,,,,,
2119291,1e97555d973e13d4276330dce5965991da9c32c6dd751db47c170d57f13e5b81ce3d37032d27597e380e9bcc601db5f4eb1bd990d0e19b746ef25f870e3d9725,08/01/2025 01:38:00 PM,2,DRIVER,,2020319,Y,NOVA BUS,OTHER (EXPLAIN IN NARRATIVE),IL,2016,NONE,BUS OVER 15 PASS.,CTA,E,SLOW/STOP IN TRAFFIC,,,1,,,,,,,,,,Y,Y,Y,,,,,,SIDE-LEFT-REAR,"21,924",,,,DRIVER,3,CTA,IL,CHICAGO,,,,N,N,,N,,N,N,,,,,,,,2,BUS,BUS,OTHER,N,N,
2119412,36ae563da028bc34423c12b5c33b9cd1d6c3195a8874311222e11ba70cd98318292045549d959ee4fcaad411b757648f7e92944ec62aa755527f04995bfa99ee,08/01/2025 01:30:00 PM,1,DRIVER,,2020414,,TOYOTA,RAV4,,,NONE,PASSENGER,PERSONAL,N,STRAIGHT AHEAD,,,1,,,,,,,,Y,,,,,,,,,,SIDE-LEFT-REAR,,,,,,,,,,,,,,,,,,,,,,,,,,,,,,,,,
2119413,36ae563da028bc34423c12b5c33b9cd1d6c3195a8874311222e11ba70cd98318292045549d959ee4fcaad411b757648f7e92944ec62aa755527f04995bfa99ee,08/01/2025 01:30:00 PM,2,DRIVER,,2020449,,HONDA,PRELUDE,,,NONE,PASSENGER,PERSONAL,W,STRAIGHT AHEAD,,,1,,,,,,,,,,,,,,,,Y,,FRONT,,,,,,,,,,,,,,,,,,,,,,,,,,,,,,,,,
2119316,57ce2f6e646754e4148cd879e7eec9282e513f6d68a9126d58f8525dd2d9b2f4f0cb3cc2d76f4521c4b4d0c11c3592382b680b802523200bf5e852f60ad62a9a,08/01/2025 01:30:00 PM,1,DRIVER,,2020339,,CHEVROLET,MALIBU,IL,2013,UNKNOWN,PASSENGER,PERSONAL,SW,STRAIGHT AHEAD,,,1,,,,,,,,,,,,Y,Y,Y,,,,SIDE-LEFT,,,,,,,,,,,,,,,,,,,,,,,,,,,,,,,,,
2119317,57ce2f6e646754e4148cd879e7eec9282e513f6d68a9126d58f8525dd2d9b2f4f0cb3cc2d76f4521c4b4d0c11c3592382b680b802523200bf5e852f60ad62a9a,08/01/2025 01:30:00 PM,2,DRIVER,,2020338,,TOYOTA,SEQUOIA,IL,2008,UNKNOWN,SPORT UTILITY VEHICLE (SUV),PERSONAL,N,STRAIGHT AHEAD,,,1,,,,,Y,,,,,,,,,,Y,Y,,FRONT,,,,,,,,,,,,,,,,,,,,,,,,,,,,,,,,,
2119456,96d795af959f45c8ea2359c4b3f111dcbf876d5f2beed5b324c5b45b55ddf32bb922a71f6de8bab02a172531099b1ae315c7f306897c4a87034df3e8ed5b0279,08/01/2025 01:30:00 PM,1,DRIVER,,2020462,,VOLKSWAGEN,JETTA,,2009,UNKNOWN,PASSENGER,PERSONAL,E,STRAIGHT AHEAD,,,1,,,,,Y,Y,Y,,,,,,,,,,,FRONT-RIGHT-CORNER,,,,,,,,,,,,,,,,,,,,,,,,,,,,,,,,,
2119457,96d795af959f45c8ea2359c4b3f111dcbf876d5f2beed5b324c5b45b55ddf32bb922a71f6de8bab02a172531099b1ae315c7f306897c4a87034df3e8ed5b0279,08/01/2025 01:30:00 PM,2,DRIVER,,2020471,,MITSUBISHI,MIRAGE,IL,2024,UNKNOWN,PASSENGER,OTHER,E,STRAIGHT AHEAD,,,1,,,,,,,,,,,,Y,Y,Y,N,,,SIDE-LEFT,,,,,,,,,,,,,,,,,,,,,,,,,,,,,,,,,
2119260,98f6811c22cb51401e72443e9b631d2192e0141556a704ec8f20506fb2ccdebc3dcba10c6a6c7957bdb7ed77b9207db01770d053fcf9d90b064efea846d49951,08/01/2025 01:25:00 PM,1,DRIVER,,2020281,,TOYOTA,PRIUS,IL,2008,NONE,PASSENGER,PERSONAL,W,STRAIGHT AHEAD,,,1,,,,,,,,,,,,,,,,Y,,FRONT,,,,,,,,,,,,,,,,,,,,,,,,,,,,,,,,,
2119261,98f6811c22cb51401e72443e9b631d2192e0141556a704ec8f20506fb2ccdebc3dcba10c6a6c7957bdb7ed77b9207db01770d053fcf9d90b064efea846d49951,08/01/2025 01:25:00 PM,2,DRIVER,,2020277,,GENERAL MOTORS CORPORATION (GMC),ACADIA,IL,2014,NONE,PASSENGER,PERSONAL,W,SLOW/STOP IN TRAFFIC,,,1,,,,,,,,,,Y,,,,,,,,REAR,,,,,,,,,,,,,,,,,,,,,,,,,,,,,,,,,
2123282,83755c8ec515da439ea3650d9bfded48c653778539465b18e6d11ff9533f2712bda475e575b3e892ea03bf0faded6aca5756fff5ef97e32085f0d7b8bcfa34d0,08/01/2025 01:22:00 PM,1,DRIVER,,2024135,,JEEP,WRANGLER,IL,2017,NONE,PASSENGER,PERSONAL,E,STRAIGHT AHEAD,,,1,,,,,,,,,,,,,,,,N,Y,FRONT,,,,,,,,,,,,,,,,,,,,,,,,,,,,,,,,,
2123283,83755c8ec515da439ea3650d9bfded48c653778539465b18e6d11ff9533f2712bda475e575b3e892ea03bf0faded6aca5756fff5ef97e32085f0d7b8bcfa34d0,08/01/2025 01:22:00 PM,2,DRIVER,,2024142,,HONDA,ODYSSEY,IL,2007,NONE,VAN/MINI-VAN,PERSONAL,E,OTHER,,,1,,,,,,,,,Y,Y,Y,,,,,,,REAR,,,,,,,,,,,,,,,,,,,,,,,,,,,,,,,,,
2119248,4d9b36d47de29c5b9bfa1f9de34ac18568cfb0efa2eefc41c48407c6e256ac0c1e03c29717413aad5eca6c2a937bd613e9a1b9d5220d9c2471c3ec1cd76c376d,08/01/2025 01:13:00 PM,1,DRIVER,,2020262,,TOYOTA,OTHER (EXPLAIN IN NARRATIVE),XX,,UNKNOWN,PASSENGER,PERSONAL,S,STRAIGHT AHEAD,,,1,,,,,,,,,,,,,,Y,Y,Y,,FRONT-LEFT-CORNER,,,,,,,,,,,,,,,,,,,,,,,,,,,,,,,,,
2119249,4d9b36d47de29c5b9bfa1f9de34ac18568cfb0efa2eefc41c48407c6e256ac0c1e03c29717413aad5eca6c2a937bd613e9a1b9d5220d9c2471c3ec1cd76c376d,08/01/2025 01:13:00 PM,2,DRIVER,,2020268,,NEW FLYER,DE60LFR,IL,2012,UNKNOWN,BUS OVER 15 PASS.,CTA,N,STRAIGHT AHEAD,,,1,,,,,,,,,,Y,Y,Y,,,,,,REAR-LEFT-CORNER,,,,,,,,,,,,,,,,,,,,,,,,,,,,,,,,,
2121157,c346ac08f05e8d282cc87aff93d9e060bd16b0a1209a3ea02d3f8a7fabb20d150971787f020e27e142f56fc7bbc1e7a509b978b5688fbfebc6299e2ad5b882ff,08/01/2025 01:10:00 PM,1,DRIVER,1,2022124,,TOYOTA,RAV4,IL,2009,UNKNOWN,SPORT UTILITY VEHICLE (SUV),PERSONAL,E,STRAIGHT AHEAD,,,2,,,,,,,,,,,,,,,,,Y,UNKNOWN,,,,,,,,,,,,,,,,,,,,,,,,,,,,,,,,,
2121158,c346ac08f05e8d282cc87aff93d9e060bd16b0a1209a3ea02d3f8a7fabb20d150971787f020e27e142f56fc7bbc1e7a509b978b5688fbfebc6299e2ad5b882ff,08/01/2025 01:10:00 PM,2,DRIVER,,2022123,,FORD,TRANSIT,IL,2018,UNKNOWN,VAN/MINI-VAN,OTHER,N,STRAIGHT AHEAD,,,1,,,,,,,,,,,,,Y,Y,Y,,,SIDE-LEFT,,,,,,,,,,,,,,,,,,,,,,,,,,,,,,,,,
2119311,672c114995e6305ff70037bd2219eaf23be5e04d848afdad0e18a90942f59feb44f6f95c791b2aedb5810c9252c1b8eb5b42855bcd18e5387b4f4c339e25f7c3,08/01/2025 01:01:00 PM,1,DRIVER,1,2020332,,FORD,EXPLORER,IL,2017,UNKNOWN,SPORT UTILITY VEHICLE (SUV),POLICE,W,BACKING,,,2,,,,,,,,,,Y,Y,,,,,,,REAR-LEFT-CORNER,,,,,,,,,,,,,,,,,,,,,,,,,,,,,,,,,
2119406,0ff24c23c41b99168a896a7381c448387f7b266d21476b3f839f0d502083e5ee85a4b8e5d71990a981fddf92bff9e261a242aaafe541f34fa4f55811eeefc680,08/01/2025 12:57:00 PM,1,DRIVER,,2020428,,HONDA,PILOT,IN,2015,UNKNOWN,SPORT UTILITY VEHICLE (SUV),PERSONAL,W,STRAIGHT AHEAD,,,1,,,,,Y,Y,Y,N,Y,,,,,,,,,SIDE-RIGHT,,,,,,,,,,,,,,,,,,,,,,,,,,,,,,,,,
2119407,0ff24c23c41b99168a896a7381c448387f7b266d21476b3f839f0d502083e5ee85a4b8e5d71990a981fddf92bff9e261a242aaafe541f34fa4f55811eeefc680,08/01/2025 12:57:00 PM,2,PARKED,,2020439,,VOLVO,XC90,IL,2016,UNKNOWN,SPORT UTILITY VEHICLE (SUV),PERSONAL,UNKNOWN,PARKED,Y,,0,,UNKNOWN,UNKNOWN,,,,,,,,,,,,Y,,,FRONT-LEFT-CORNER,,,,,,,,,,,,,,,,,,,,,,,,,,,,,,,,,
2119450,955f2378f123a950fc2a187a63052fbdc2a5a277c665d23c25576e4dfbeaa7252f588e3f2fb5e1241f7e1c880866ce99e834eed6d6bcee6d3527a9328f24b60a,08/01/2025 12:55:00 PM,1,DRIVER,3,2020457,,NISSAN,ALTIMA,IL,2022,UNKNOWN,PASSENGER,PERSONAL,W,STRAIGHT AHEAD,Y,,4,,personal tow,,,Y,,,,,,,,,,Y,Y,,FRONT,,,,,,,,,,,,,,,,,,,,,,,,,,,,,,,,,
2119451,955f2378f123a950fc2a187a63052fbdc2a5a277c665d23c25576e4dfbeaa7252f588e3f2fb5e1241f7e1c880866ce99e834eed6d6bcee6d3527a9328f24b60a,08/01/2025 12:55:00 PM,2,DRIVER,1,2020468,,JEEP,CHEROKEE,IL,2015,UNKNOWN,PASSENGER,PERSONAL,S,STRAIGHT AHEAD,Y,,2,,personal tow,,,,,,,,,,,Y,Y,Y,Y,,SIDE-LEFT,,,,,,,,,,,,,,,,,,,,,,,,,,,,,,,,,
2119244,53baf3939ab78ae0395838a511e7f5c59159918e0fec91523b5c131299ff5a46096bb34d7bf19380e786b0839ed8c891052b0ea3b475e2399705d333ba3a03aa,08/01/2025 12:50:00 PM,1,DRIVER,,2020260,,CHEVROLET,TRAIL BLAZER,IL,2005,NONE,PASSENGER,PERSONAL,W,TURNING RIGHT,,,1,,,,,,,,,,,,,,Y,,,,SIDE-LEFT-FRONT,,,,,,,,,,,,,,,,,,,,,,,,,,,,,,,,,
2119245,53baf3939ab78ae0395838a511e7f5c59159918e0fec91523b5c131299ff5a46096bb34d7bf19380e786b0839ed8c891052b0ea3b475e2399705d333ba3a03aa,08/01/2025 12:50:00 PM,2,DRIVER,,2020256,,TOYOTA,HIGHLANDER,IL,2019,NONE,VAN/MINI-VAN,PERSONAL,N,TURNING LEFT,,,1,,,,,,,,,,,,,,,Y,,,FRONT-LEFT-CORNER,,,,,,,,,,,,,,,,,,,,,,,,,,,,,,,,,
2120922,53d148596753a46d500bcafab61076ba17e22fabc04a9505efaa2042e6cc3227ee48436c4ee133147fe972f071056ca1fda19b9ebd39454d564ec0cea3a36d24,08/01/2025 12:45:00 PM,1,DRIVER,,2021868,,JEEP,GRAND CHEROKEE,IL,2018,NONE,SPORT UTILITY VEHICLE (SUV),PERSONAL,E,AVOIDING VEHICLES/OBJECTS,,,1,,,,,,,,,,,,,,,Y,,,SIDE-LEFT-FRONT,,,,,,,,,,,,,,,,,,,,,,,,,,,,,,,,,
2120923,53d148596753a46d500bcafab61076ba17e22fabc04a9505efaa2042e6cc3227ee48436c4ee133147fe972f071056ca1fda19b9ebd39454d564ec0cea3a36d24,08/01/2025 12:45:00 PM,2,DRIVER,3,2021872,,JEEP,COMPASS,IL,2022,NONE,SPORT UTILITY VEHICLE (SUV),PERSONAL,E,STRAIGHT AHEAD,,,4,,,,,,,,Y,,,,,,,,,,SIDE-RIGHT-REAR,,,,,,,,,,,,,,,,,,,,,,,,,,,,,,,,,
2119236,2f202e4799dcfd9286a13ad55881dd233ef4653fe622b546dd28749f5d0911db024cc4d0ed7889a84b0530ab6e7a2242dfe8801446d891705787ae121218a2b1,08/01/2025 12:40:00 PM,1,DRIVER,,2020295,,HONDA,HR-V,IL,2025,NONE,SPORT UTILITY VEHICLE (SUV),PERSONAL,NW,TURNING LEFT,Y,,1,,city tow truck 14,cda relo lot,,,,,,,,,,,Y,Y,Y,,FRONT-LEFT-CORNER,,,,,,,,,,,,,,,,,,,,,,,,,,,,,,,,,
2119237,2f202e4799dcfd9286a13ad55881dd233ef4653fe622b546dd28749f5d0911db024cc4d0ed7889a84b0530ab6e7a2242dfe8801446d891705787ae121218a2b1,08/01/2025 12:40:00 PM,2,DRIVER,,2020304,,FORD,DELUXE,IL,2012,NONE,VAN/MINI-VAN,PERSONAL,S,STRAIGHT AHEAD,,,1,,,,,Y,,,,,,,,,,,Y,,FRONT-LEFT-CORNER,,,,,,,,,,,,,,,,,,,,,,,,,,,,,,,,,
2119234,86064675a7aac69fc7408b6b6b519ead2a2da49394e68d1b375864e4d2847817220851998863378bdaa130dac7c47609cbf9a5b174c94df49b155de660d5b32e,08/01/2025 12:30:00 PM,1,DRIVER,,2020251,,DODGE,RAM 2500 VAN,AZ,2025,NONE,VAN/MINI-VAN,COMMERCIAL - SINGLE UNIT,W,STRAIGHT AHEAD,,,1,,,,,,,,Y,,,,,,,,,,SIDE-RIGHT,,,,,,,,,,,,,,,,,,,,,,,,,,,,,,,,,
2119235,86064675a7aac69fc7408b6b6b519ead2a2da49394e68d1b375864e4d2847817220851998863378bdaa130dac7c47609cbf9a5b174c94df49b155de660d5b32e,08/01/2025 12:30:00 PM,2,DRIVERLESS,,2020259,,LUCID,AIR,IL,2018,UNKNOWN,PASSENGER,UNKNOWN/NA,W,PARKED,,,0,,,,,,,,,,,Y,Y,Y,,,,,SIDE-LEFT,,,,,,,,,,,,,,,,,,,,,,,,,,,,,,,,,
2120008,b8ac577cbc3cda1902147b3b874afb2c30f18a49006caf389dc6dffb9f43373a6397c935e0064e30f5275e4d601f82d583aeeb6b23050e43b75a3547f46036d3,08/01/2025 12:20:00 PM,1,DRIVER,,2021002,,JEEP,GRAND CHEROKEE,,,UNKNOWN,PASSENGER,UNKNOWN/NA,S,CHANGING LANES,,,1,,,,,,,,,,,,,,,,,Y,SIDE-LEFT-REAR,,,,,,,,,,,,,,,,,,,,,,,,,,,,,,,,,
2120009,b8ac577cbc3cda1902147b3b874afb2c30f18a49006caf389dc6dffb9f43373a6397c935e0064e30f5275e4d601f82d583aeeb6b23050e43b75a3547f46036d3,08/01/2025 12:20:00 PM,2,DRIVER,1,2021008,,AUDI,A4,IL,2010,NONE,PASSENGER,PERSONAL,S,STRAIGHT AHEAD,,,2,,,,,Y,,,,,,,,,,,,,SIDE-RIGHT-FRONT,,,,,,,,,,,,,,,,,,,,,,,,,,,,,,,,,
2119242,376797c1c7bb80c76c8dad75a07da8eb1c20867652de2ee82e2a0c6ba623fe922e76af1c15cf2969f8a46ddb297a0c5719cf419057545121d3961b21f677272e,08/01/2025 12:15:00 PM,1,DRIVER,,2020261,,TOYOTA,OTHER (EXPLAIN IN NARRATIVE),IL,2008,NONE,PASSENGER,PERSONAL,E,OTHER,,,1,,,,,,,,,,,,,,,,,Y,UNKNOWN,,,,,,,,,,,,,,,,,,,,,,,,,,,,,,,,,
2119243,376797c1c7bb80c76c8dad75a07da8eb1c20867652de2ee82e2a0c6ba623fe922e76af1c15cf2969f8a46ddb297a0c5719cf419057545121d3961b21f677272e,08/01/2025 12:15:00 PM,2,PARKED,,2020267,,ACURA,RLX,IL,2003,NONE,PASSENGER,PERSONAL,E,PARKED,,,0,,,,,,,,,,,Y,Y,,,,,,REAR-LEFT-CORNER,,,,,,,,,,,,,,,,,,,,,,,,,,,,,,,,,
2119470,4df4a45c53b89495a30f343b6d691edef3d5e6a590990270611c2c0a94952e729be4cbc82e96fcc286fce678f6048c05a105a0b01107c1b1baaceafb4e5fdc1f,08/01/2025 12:06:00 PM,1,DRIVER,,2020475,,CHEVROLET,MALIBU,IL,2020,UNKNOWN,PASSENGER,UNKNOWN/NA,S,STRAIGHT AHEAD,,,1,,,,,,,,,,,,,,,,,Y,FRONT,,,,,,,,,,,,,,,,,,,,,,,,,,,,,,,,,
2119471,4df4a45c53b89495a30f343b6d691edef3d5e6a590990270611c2c0a94952e729be4cbc82e96fcc286fce678f6048c05a105a0b01107c1b1baaceafb4e5fdc1f,08/01/2025 12:06:00 PM,2,DRIVER,,2020483,,LINCOLN,OTHER (EXPLAIN IN NARRATIVE),IL,2020,UNKNOWN,PASSENGER,UNKNOWN/NA,S,SLOW/STOP IN TRAFFIC,,,1,,,,,,,,,,Y,,,,,,,,REAR,,,,,,,,,,,,,,,,,,,,,,,,,,,,,,,,,
2119587,022e0d5b4dd2ef45721721a18c2e3bc9d3b3987576581a68ca0f6dd27e63069bcfc2dc4038402b94ecafb9f5773c7e37925404a4c5baf958dffed2bcd2ec22fa,08/01/2025 12:00:00 PM,1,DRIVER,,2020597,,HONDA,OTHER (EXPLAIN IN NARRATIVE),IL,2009,UNKNOWN,UNKNOWN/NA,UNKNOWN/NA,UNKNOWN,UNKNOWN/NA,,,1,,,,,,,,,,,Y,,,,,,,REAR-LEFT-CORNER,,,,,,,,,,,,,,,,,,,,,,,,,,,,,,,,,
2119588,022e0d5b4dd2ef45721721a18c2e3bc9d3b3987576581a68ca0f6dd27e63069bcfc2dc4038402b94ecafb9f5773c7e37925404a4c5baf958dffed2bcd2ec22fa,08/01/2025 12:00:00 PM,2,PARKED,1,2020606,,BUICK,OTHER (EXPLAIN IN NARRATIVE),IL,2024,UNKNOWN,UNKNOWN/NA,UNKNOWN/NA,UNKNOWN,PARKED,,,1,,,,,,,,,,,,,Y,Y,,,,SIDE-LEFT,,,,,,,,,,,,,,,,,,,,,,,,,,,,,,,,,
2119194,049c575554834b66b64602fff907b542e89e8463ac79f9f042342ba0482d52860031210f5842c383a4ca4606ab32649fc09c2ddd6a011eeb9df3225d66e1124e,08/01/2025 12:00:00 PM,1,DRIVER,,2020220,,DODGE,OTHER (EXPLAIN IN NARRATIVE),IL,2018,NONE,PASSENGER,PERSONAL,W,STRAIGHT AHEAD,,,1,,,,,Y,,,,,,,,,,Y,Y,,FRONT,,,,,,,,,,,,,,,,,,,,,,,,,,,,,,,,,
2119195,049c575554834b66b64602fff907b542e89e8463ac79f9f042342ba0482d52860031210f5842c383a4ca4606ab32649fc09c2ddd6a011eeb9df3225d66e1124e,08/01/2025 12:00:00 PM,2,DRIVER,,2020226,,CHEVROLET,OTHER (EXPLAIN IN NARRATIVE),IL,2012,NONE,PICKUP,PERSONAL,W,SLOW/STOP IN TRAFFIC,,,1,,,,,,,,,Y,Y,Y,,,,,,,REAR,,,,,,,,,,,,,,,,,,,,,,,,,,,,,,,,,