CRASH_UNIT_ID,CRASH_RECORD_ID,CRASH_DATE,UNIT_NO,UNIT_TYPE,NUM_PASSENGERS,VEHICLE_ID,CMRC_VEH_I,MAKE,MODEL,LIC_PLATE_STATE,VEHICLE_YEAR,VEHICLE_DEFECT,VEHICLE_TYPE,VEHICLE_USE,TRAVEL_DIRECTION,MANEUVER,TOWED_I,FIRE_I,OCCUPANT_CNT,EXCEED_SPEED_LIMIT_I,TOWED_BY,TOWED_TO,AREA_00_I,AREA_01_I,AREA_02_I,AREA_03_I,AREA_04_I,AREA_05_I,AREA_06_I,AREA_07_I,AREA_08_I,AREA_09_I,AREA_10_I,AREA_11_I,AREA_12_I,AREA_99_I,FIRST_CONTACT_POINT,CMV_ID,USDOT_NO,CCMC_NO,ILCC_NO,COMMERCIAL_SRC,GVWR,CARRIER_NAME,CARRIER_STATE,CARRIER_CITY,HAZMAT_PLACARDS_I,HAZMAT_NAME,UN_NO,HAZMAT_PRESENT_I,HAZMAT_REPORT_I,HAZMAT_REPORT_NO,MCS_REPORT_I,MCS_REPORT_NO,HAZMAT_VIO_CAUSE_CRASH_I,MCS_VIO_CAUSE_CRASH_I,IDOT_PERMIT_NO,WIDE_LOAD_I,TRAILER1_WIDTH,TRAILER2_WIDTH,TRAILER1_LENGTH,TRAILER2_LENGTH,TOTAL_VEHICLE_LENGTH,AXLE_CNT,VEHICLE_CONFIG,CARGO_BODY_TYPE,LOAD_TYPE,HAZMAT_OUT_OF_SERVICE_I,MCS_OUT_OF_SERVICE_I,HAZMAT_CLASS
2119180,6ff4e97625279ac8ab25e080134998ff33d879f964d0c3341f8a395c2dd68003eeafa717b5ddde9eae0ed8ffe88d8ab034ce134090c83754294262be15f76077,08/01/2025 12:00:00 PM,1,DRIVER,,2020214,,TOYOTA,RAV4,IL,2015,NONE,PASSENGER,PERSONAL,N,CHANGING LANES,,,1,,,,,Y,Y,,,,,,,,,,,,SIDE-RIGHT,,,,,,,,,,,,,,,,,,,,,,,,,,,,,,,,,
2119181,6ff4e97625279ac8ab25e080134998ff33d879f964d0c3341f8a395c2dd68003eeafa717b5ddde9eae0ed8ffe88d8ab034ce134090c83754294262be15f76077,08/01/2025 12:00:00 PM,2,DRIVER,,2020206,,LEXUS,RX,IL,2009,NONE,PASSENGER,PERSONAL,N,STRAIGHT AHEAD,,,1,,,,,,,,,,,Y,Y,Y,,,,,SIDE-LEFT,,,,,,,,,,,,,,,,,,,,,,,,,,,,,,,,,
2119189,df6408e93be7adf2c1eb15376cb01b3a4461634fbc6da2df48b51175cc86dcd615af81c430ed277f68a04188ebcfd0c6430eb87b5a18a6d1e7f2b7c3d66c44e6,08/01/2025 12:00:00 PM,1,DRIVER,,2020864,,UNKNOWN,OTHER (EXPLAIN IN NARRATIVE),,,NONE,SPORT UTILITY VEHICLE (SUV),UNKNOWN/NA,N,STRAIGHT AHEAD,,,1,,,,,,,,,,,,,,,,,Y,FRONT,,,,,,,,,,,,,,,,,,,,,,,,,,,,,,,,,
2119190,df6408e93be7adf2c1eb15376cb01b3a4461634fbc6da2df48b51175cc86dcd615af81c430ed277f68a04188ebcfd0c6430eb87b5a18a6d1e7f2b7c3d66c44e6,08/01/2025 12:00:00 PM,2,DRIVER,,2020867,,MITSUBISHI,LANCER,IL,2015,NONE,PASSENGER,PERSONAL,N,SLOW/STOP IN TRAFFIC,,,1,,,,,Y,,,,Y,Y,Y,,,,Y,Y,,REAR,,,,,,,,,,,,,,,,,,,,,,,,,,,,,,,,,
2119191,df6408e93be7adf2c1eb15376cb01b3a4461634fbc6da2df48b51175cc86dcd615af81c430ed277f68a04188ebcfd0c6430eb87b5a18a6d1e7f2b7c3d66c44e6,08/01/2025 12:00:00 PM,3,DRIVER,,2020869,,PORSCHE,MACAN,IL,2024,NONE,PASSENGER,PERSONAL,N,SLOW/STOP IN TRAFFIC,,,1,,,,,,,,,Y,Y,Y,,,,,,,REAR,,,,,,,,,,,,,,,,,,,,,,,,,,,,,,,,,
2119294,ac7bcc5a760e038874fa371772e6ca5cfcb6bc36d992c1ed27d4ee1ce5912320f205ecc0f30a40cb637b4507d80f1379d7f55e0393ddc34650c53027ed7d6e15,08/01/2025 11:56:00 AM,1,DRIVER,,2020316,,FORD,FUSION,IL,2011,NONE,PASSENGER,PERSONAL,E,STRAIGHT AHEAD,,,1,,,,,,,,,,,,,,,,,Y,UNKNOWN,,,,,,,,,,,,,,,,,,,,,,,,,,,,,,,,,
2119295,ac7bcc5a760e038874fa371772e6ca5cfcb6bc36d992c1ed27d4ee1ce5912320f205ecc0f30a40cb637b4507d80f1379d7f55e0393ddc34650c53027ed7d6e15,08/01/2025 11:56:00 AM,2,DRIVER,,2020320,,TOYOTA,RAV4,IL,2016,NONE,PASSENGER,PERSONAL,E,STRAIGHT AHEAD,,,1,,,,,,,,,Y,Y,Y,,,,,,,REAR,,,,,,,,,,,,,,,,,,,,,,,,,,,,,,,,,
2119210,73f2cabd18bdcf941c2760e9435a7450630ebd8e59bb04cd5904845b1230789c9c314e94849491a9b84ab057563d9fac3ec35964953fb8a24150feba72428fdd,08/01/2025 11:55:00 AM,1,DRIVER,,2020233,,CHEVROLET,AVALANCHE,IL,2004,UNKNOWN,PICKUP,UNKNOWN/NA,S,STRAIGHT AHEAD,,,1,,,,,,,,,,,,,,,,N,Y,FRONT,,,,,,,,,,,,,,,,,,,,,,,,,,,,,,,,,
2119211,73f2cabd18bdcf941c2760e9435a7450630ebd8e59bb04cd5904845b1230789c9c314e94849491a9b84ab057563d9fac3ec35964953fb8a24150feba72428fdd,08/01/2025 11:55:00 AM,2,DRIVER,,2020235,,TOYOTA,COROLLA,IL,2014,NONE,PASSENGER,PERSONAL,S,SLOW/STOP IN TRAFFIC,,,1,,,,,,,,,,Y,,,,,,,,REAR,,,,,,,,,,,,,,,,,,,,,,,,,,,,,,,,,
2121304,7805e9999927cf26827b4a82d171c942ee20ba60908f4fdd307dd1693a793ebbc606143175fa5b3979eea3cb922f13407c8467966cc615cc234d4a5326aa41b5,08/01/2025 11:55:00 AM,1,DRIVER,1,2022254,,CADILLAC,SRX,IL,2014,NONE,SPORT UTILITY VEHICLE (SUV),PERSONAL,N,BACKING,,,2,,,,,,,,,Y,,,,,,,,,REAR,,,,,,,,,,,,,,,,,,,,,,,,,,,,,,,,,
2121305,7805e9999927cf26827b4a82d171c942ee20ba60908f4fdd307dd1693a793ebbc606143175fa5b3979eea3cb922f13407c8467966cc615cc234d4a5326aa41b5,08/01/2025 11:55:00 AM,2,DRIVER,,2022268,,KIA,SOUL,IL,2024,NONE,PASSENGER,PERSONAL,S,STRAIGHT AHEAD,,,1,,,,,,,,,,,,,,,Y,,,FRONT-LEFT-CORNER,,,,,,,,,,,,,,,,,,,,,,,,,,,,,,,,,
2122095,628cca9fb781bab7a15fe83ddda10cd911e9bd75a5467d06923b4040383e9c8b127bbd96e6edc9900fe9335850b9a7959c401348e531ce6825c7215d3b08ef1e,08/01/2025 11:50:00 AM,1,BICYCLE,,,,,,,,,,,,,,,,,,,,,,,,,,,,,,,,,,,,,,,,,,,,,,,,,,,,,,,,,,,,,,,,,,
2122096,628cca9fb781bab7a15fe83ddda10cd911e9bd75a5467d06923b4040383e9c8b127bbd96e6edc9900fe9335850b9a7959c401348e531ce6825c7215d3b08ef1e,08/01/2025 11:50:00 AM,2,DRIVER,,2023018,,FORD,FOCUS,IL,2010,NONE,PASSENGER,OTHER,S,TURNING RIGHT,,,1,,,,,N,N,,,,,,,Y,Y,Y,,,SIDE-LEFT-FRONT,,,,,,,,,,,,,,,,,,,,,,,,,,,,,,,,,
2119748,907c20985d26f10e91a5bb9640ab2d0eeedf45466bb99b2e50087bd7cf321fd7d32ac0029030bef4a4b6b9bd447b22c5686db9d92cd49d903435cd8475444e9b,08/01/2025 11:50:00 AM,2,DRIVER,1,2020752,,ACURA,ADX,IL,2016,NONE,PASSENGER,PERSONAL,N,STRAIGHT AHEAD,,,2,,,,Y,,,,,Y,Y,Y,,,,,,,REAR,,,,,,,,,,,,,,,,,,,,,,,,,,,,,,,,,
2119749,907c20985d26f10e91a5bb9640ab2d0eeedf45466bb99b2e50087bd7cf321fd7d32ac0029030bef4a4b6b9bd447b22c5686db9d92cd49d903435cd8475444e9b,08/01/2025 11:50:00 AM,1,DRIVER,,2020753,,NISSAN,MAXIMA,IL,,UNKNOWN,PASSENGER,PERSONAL,N,STRAIGHT AHEAD,,,1,,,,Y,Y,,,,,,,,,,Y,Y,,FRONT,,,,,,,,,,,,,,,,,,,,,,,,,,,,,,,,,
2119229,7c7cea671aec303bbcc4dcb9a9bb49f21d72ebd50e8cec46fd9bdbaca6a24d9b75335829d580c854ed9162eef5a02114605e0c8ec243e65f689aa76439a70088,08/01/2025 11:45:00 AM,1,DRIVER,,2020252,,HONDA,CR-V,IL,2013,UNKNOWN,PASSENGER,PERSONAL,W,STRAIGHT AHEAD,,,1,,,,,,,,,,,,,,Y,Y,Y,,FRONT-LEFT-CORNER,,,,,,,,,,,,,,,,,,,,,,,,,,,,,,,,,
2119230,7c7cea671aec303bbcc4dcb9a9bb49f21d72ebd50e8cec46fd9bdbaca6a24d9b75335829d580c854ed9162eef5a02114605e0c8ec243e65f689aa76439a70088,08/01/2025 11:45:00 AM,2,DRIVER,,2020258,,CHRYSLER,200,IL,2015,UNKNOWN,PASSENGER,PERSONAL,S,STRAIGHT AHEAD,Y,,1,,CITY OF CHICAGO,DOTY,,,,,,,,,,,Y,Y,,,FRONT-LEFT-CORNER,,,,,,,,,,,,,,,,,,,,,,,,,,,,,,,,,
2119231,7c7cea671aec303bbcc4dcb9a9bb49f21d72ebd50e8cec46fd9bdbaca6a24d9b75335829d580c854ed9162eef5a02114605e0c8ec243e65f689aa76439a70088,08/01/2025 11:45:00 AM,3,DRIVER,,2020272,,NISSAN,ALTIMA,IL,2021,NONE,PASSENGER,PERSONAL,E,SLOW/STOP IN TRAFFIC,,,1,,,,,,,,,,,,,,,,Y,,FRONT,,,,,,,,,,,,,,,,,,,,,,,,,,,,,,,,,
2119220,74a2a0ec344fe0a283f83c07c3bf1ea0b375bd942ca97757d63ac06b2b134a44e2521fa514dd623d8fc9814cd0d8431a9720d4467663309eb7b2771a3f0b3e0b,08/01/2025 11:40:00 AM,1,DRIVER,1,2020253,,GENERAL MOTORS CORPORATION (GMC),SIERRA,IL,2012,OTHER,TRUCK - SINGLE UNIT,PERSONAL,N,STRAIGHT AHEAD,,,2,,,,,,,,,,,,,,,,Y,,FRONT,,,,,,,,,,,,,,,,,,,,,,,,,,,,,,,,,
2119221,74a2a0ec344fe0a283f83c07c3bf1ea0b375bd942ca97757d63ac06b2b134a44e2521fa514dd623d8fc9814cd0d8431a9720d4467663309eb7b2771a3f0b3e0b,08/01/2025 11:40:00 AM,2,DRIVER,1,2020247,,CHEVROLET,COLORADO,IL,2006,UNKNOWN,TRUCK - SINGLE UNIT,PERSONAL,N,STRAIGHT AHEAD,,,2,,,,,,,,,,Y,,,,,,,,REAR,,,,,,,,,,,,,,,,,,,,,,,,,,,,,,,,,
2119159,d2a7ec14e36fbdd0486853d04a1da8f9bddf5f08faa5fba3c3ee87c407daf8cda85d2bd6771fb25c412c141b0d064c161f68ba2f19db43e851823fe533fe7a44,08/01/2025 11:40:00 AM,1,DRIVER,,2020184,,FORD,FOCUS,IL,,NONE,PASSENGER,PERSONAL,E,STRAIGHT AHEAD,,,1,,,,,,Y,,,,,,,,,,,,SIDE-RIGHT,,,,,,,,,,,,,,,,,,,,,,,,,,,,,,,,,
2119160,d2a7ec14e36fbdd0486853d04a1da8f9bddf5f08faa5fba3c3ee87c407daf8cda85d2bd6771fb25c412c141b0d064c161f68ba2f19db43e851823fe533fe7a44,08/01/2025 11:40:00 AM,2,PARKED,,2020187,,HYUNDAI,SANTA FE,IL,2022,NONE,PASSENGER,PERSONAL,E,PARKED,,,0,,,,,,,,,,,Y,Y,Y,Y,Y,,,REAR-LEFT-CORNER,,,,,,,,,,,,,,,,,,,,,,,,,,,,,,,,,
2119200,8ecfd23558319cc36a6cbfa5492c4164cb2583153e49167ca9b78a3f5a131be37770a3b6d413a7b967ad9662c4d755b22b6ea7f426b3c47ffa66e9bfee8113cb,08/01/2025 11:35:00 AM,1,DRIVER,2,2020222,,LEXUS,ES,IL,2003,NONE,PASSENGER,PERSONAL,UNKNOWN,STRAIGHT AHEAD,,,3,,,,Y,,,,,,,,,,,,,,FRONT-RIGHT-CORNER,,,,,,,,,,,,,,,,,,,,,,,,,,,,,,,,,
2119201,8ecfd23558319cc36a6cbfa5492c4164cb2583153e49167ca9b78a3f5a131be37770a3b6d413a7b967ad9662c4d755b22b6ea7f426b3c47ffa66e9bfee8113cb,08/01/2025 11:35:00 AM,2,PEDESTRIAN,,,,,,,,,,,,,,,,,,,,,,,,,,,,,,,,,,,,,,,,,,,,,,,,,,,,,,,,,,,,,,,,,,
2120110,d3fea1376806d60e56678b81801ddb19a40cdbefcdb47ad27ec4847cb5b78588985ee38aca86b7a7f32e24cbcfe3b7ce0076c2c3028250979b08ca346e7ef222,08/01/2025 11:35:00 AM,1,DRIVER,,2021104,,HONDA,ODYSSEY,IL,2010,UNKNOWN,VAN/MINI-VAN,PERSONAL,UNKNOWN,STRAIGHT AHEAD,,,1,,,,,Y,,,,,,,,,,Y,Y,,FRONT,,,,,,,,,,,,,,,,,,,,,,,,,,,,,,,,,
2120111,d3fea1376806d60e56678b81801ddb19a40cdbefcdb47ad27ec4847cb5b78588985ee38aca86b7a7f32e24cbcfe3b7ce0076c2c3028250979b08ca346e7ef222,08/01/2025 11:35:00 AM,2,DRIVER,,2021128,,MITSUBISHI,OUTLANDER,IL,2021,OTHER,SPORT UTILITY VEHICLE (SUV),PERSONAL,UNKNOWN,STRAIGHT AHEAD,,,1,,,,,,,,,Y,Y,Y,,,,,,,REAR,,,,,,,,,,,,,,,,,,,,,,,,,,,,,,,,,
2119176,0faf3a867a66478b34f7e53d5025ca3e5a63bb03e061dbb13a80ac464de02dbfd1a59d6bd3c1520b8a7664a1332f776023446e095fb982bfbed5eef81644d3bb,08/01/2025 11:30:00 AM,1,DRIVER,,2020201,,KIA,OPTIMA / K5,,2019,UNKNOWN,PASSENGER,PERSONAL,E,TURNING RIGHT,,,1,,,,Y,,,,,,,,,,,,,,UNKNOWN,,,,,,,,,,,,,,,,,,,,,,,,,,,,,,,,,
2119177,0faf3a867a66478b34f7e53d5025ca3e5a63bb03e061dbb13a80ac464de02dbfd1a59d6bd3c1520b8a7664a1332f776023446e095fb982bfbed5eef81644d3bb,08/01/2025 11:30:00 AM,2,PEDESTRIAN,,,,,,,,,,,,,,,,,,,,,,,,,,,,,,,,,,,,,,,,,,,,,,,,,,,,,,,,,,,,,,,,,,
2119168,6d91c3d32b1f0b537383342d91a35ec8f219fd420e3d6bf91d650f15701904464c9cda179131eb818c29016bfdb2fe915c1d5be239e9fa05912dd4d41056207a,08/01/2025 11:30:00 AM,1,DRIVER,,2020199,,DODGE,CHALLENGER,IL,2018,UNKNOWN,PASSENGER,PERSONAL,W,STRAIGHT AHEAD,,,1,,,,,,,,,,,,,,Y,Y,Y,,FRONT-LEFT-CORNER,,,,,,,,,,,,,,,,,,,,,,,,,,,,,,,,,
2119169,6d91c3d32b1f0b537383342d91a35ec8f219fd420e3d6bf91d650f15701904464c9cda179131eb818c29016bfdb2fe915c1d5be239e9fa05912dd4d41056207a,08/01/2025 11:30:00 AM,2,DRIVER,,2020196,,FORD,EDGE,IL,2020,UNKNOWN,PASSENGER,PERSONAL,W,STRAIGHT AHEAD,,,1,,,,,,Y,Y,Y,,,,,,,,,,SIDE-RIGHT,,,,,,,,,,,,,,,,,,,,,,,,,,,,,,,,,
2119183,92b0973c76c83d270b9b4b1fe43862636b11cc3e478b2d47eca342bfed3af4459a01808036a028c32439ea5e2ea8e60050ca82b8c2e6af429e710e7d23f474c2,08/01/2025 11:30:00 AM,1,DRIVER,,2020209,,TOYOTA,SIENNA,IL,1999,NONE,PASSENGER,PERSONAL,S,STRAIGHT AHEAD,,,1,,,,,,,,,,,,,,,,,Y,UNKNOWN,,,,,,,,,,,,,,,,,,,,,,,,,,,,,,,,,
2119184,92b0973c76c83d270b9b4b1fe43862636b11cc3e478b2d47eca342bfed3af4459a01808036a028c32439ea5e2ea8e60050ca82b8c2e6af429e710e7d23f474c2,08/01/2025 11:30:00 AM,2,DRIVER,1,2020219,,HONDA,ODYSSEY,IL,2020,NONE,PASSENGER,PERSONAL,SE,STRAIGHT AHEAD,,,2,,,,,Y,Y,Y,,,,,,,,,,,FRONT-RIGHT-CORNER,,,,,,,,,,,,,,,,,,,,,,,,,,,,,,,,,
2119911,e5612fea518e78e9e03d3a52f199ffc46e9bcdcd2ec9f2308260a5c10fd8826619f4fa40415475cba374e0e535d169c7f34a933e14a8fc123e65740e8f83c304,08/01/2025 11:21:00 AM,2,DRIVER,,2020910,Y,FREIGHTLINER CORPORATION,FREIGHTLINER CORP.,IL,2005,NONE,TRACTOR W/O SEMI-TRAILER,COMMERCIAL - SINGLE UNIT,S,STRAIGHT AHEAD,,,1,,,,,Y,,,,,,,,,,,,,FRONT-RIGHT-CORNER,"21,926",1285063,,,SIDE OF TRUCK,,M&J EAGLE INTERMODAL LLC,IL,CHICAGO,,,,,,,,,,,,,,,,,,,TRUCK/TRACTOR,,,,,
2119912,e5612fea518e78e9e03d3a52f199ffc46e9bcdcd2ec9f2308260a5c10fd8826619f4fa40415475cba374e0e535d169c7f34a933e14a8fc123e65740e8f83c304,08/01/2025 11:21:00 AM,1,DRIVER,,2020915,,TOYOTA,RAV4,IL,2016,NONE,SPORT UTILITY VEHICLE (SUV),PERSONAL,S,STRAIGHT AHEAD,,,1,,,,,,,,,,,Y,Y,Y,Y,Y,,,FRONT-LEFT-CORNER,,,,,,,,,,,,,,,,,,,,,,,,,,,,,,,,,
2122711,02ce8447be0ac38089251a3ccaaf5d01271d99625f64c5f39f04609999642f44e65eaff0029294c2f9d6d00de1ddec75467e1441fe1619c36aca7ec58cf54af7,08/01/2025 11:20:00 AM,1,DRIVER,,2023608,,JEEP,CHEROKEE,IN,2017,UNKNOWN,SPORT UTILITY VEHICLE (SUV),PERSONAL,UNKNOWN,CHANGING LANES,,,1,,,,,Y,Y,,,,,,,,,,,,FRONT-RIGHT-CORNER,,,,,,,,,,,,,,,,,,,,,,,,,,,,,,,,,
2122712,02ce8447be0ac38089251a3ccaaf5d01271d99625f64c5f39f04609999642f44e65eaff0029294c2f9d6d00de1ddec75467e1441fe1619c36aca7ec58cf54af7,08/01/2025 11:20:00 AM,2,DRIVER,,2023622,,LUCID,AIR,IL,2024,UNKNOWN,PASSENGER,PERSONAL,UNKNOWN,STRAIGHT AHEAD,,,1,,,,,,,,,,,,,,Y,Y,,,FRONT-LEFT-CORNER,,,,,,,,,,,,,,,,,,,,,,,,,,,,,,,,,
2119165,cbc323d42f268c753756604ced1493d0ff447c838e09ffe02c9a4a4573827ea3bc137078d18200cb6708e4cb5ab906b922317a12a4e51114246d8c77e4362994,08/01/2025 11:16:00 AM,1,DRIVER,,2020193,,CHEVROLET,PRIZM,IL,1999,UNKNOWN,PASSENGER,PERSONAL,S,ENTERING TRAFFIC LANE FROM PARKING,Y,,1,,PERSONAL TOW,,,,,,,,,,,,Y,Y,,,FRONT-LEFT-CORNER,,,,,,,,,,,,,,,,,,,,,,,,,,,,,,,,,
2119166,cbc323d42f268c753756604ced1493d0ff447c838e09ffe02c9a4a4573827ea3bc137078d18200cb6708e4cb5ab906b922317a12a4e51114246d8c77e4362994,08/01/2025 11:16:00 AM,2,DRIVER,,2020198,,CHRYSLER,PACIFICA,IL,2018,UNKNOWN,VAN/MINI-VAN,PERSONAL,S,STRAIGHT AHEAD,,,1,,,,,Y,Y,,,,,,,,,,,,FRONT-RIGHT-CORNER,,,,,,,,,,,,,,,,,,,,,,,,,,,,,,,,,
2119167,cbc323d42f268c753756604ced1493d0ff447c838e09ffe02c9a4a4573827ea3bc137078d18200cb6708e4cb5ab906b922317a12a4e51114246d8c77e4362994,08/01/2025 11:16:00 AM,3,PARKED,,2020203,,MAZDA,OTHER (EXPLAIN IN NARRATIVE),IL,2015,UNKNOWN,PASSENGER,PERSONAL,S,PARKED,,,0,,,,,,,,,,Y,Y,,,,,,,REAR-LEFT-CORNER,,,,,,,,,,,,,,,,,,,,,,,,,,,,,,,,,
2119835,06fb8c6f84a2704fe4c75bba69dd6f640032d60bbde63e462ad8fc609f12c9fe285e4f5c6cf1399631c8e0a4fcd861c13d041f52c0539944ec5bb2a3b830d014,08/01/2025 11:15:00 AM,1,DRIVER,,2020830,,TRIUMPH,OTHER (EXPLAIN IN NARRATIVE),IL,2024,UNKNOWN,MOTORCYCLE (OVER 150CC),PERSONAL,W,PASSING/OVERTAKING,,,1,,,,,,,,,,,,,,,,,Y,UNKNOWN,,,,,,,,,,,,,,,,,,,,,,,,,,,,,,,,,
2119836,06fb8c6f84a2704fe4c75bba69dd6f640032d60bbde63e462ad8fc609f12c9fe285e4f5c6cf1399631c8e0a4fcd861c13d041f52c0539944ec5bb2a3b830d014,08/01/2025 11:15:00 AM,2,DRIVER,,2020839,,FORD,TRANSIT,IL,2019,UNKNOWN,VAN/MINI-VAN,PERSONAL,W,STRAIGHT AHEAD,,,1,,,,,Y,,,,,,,,,,,,,FRONT-RIGHT-CORNER,,,,,,,,,,,,,,,,,,,,,,,,,,,,,,,,,
2119666,7ef2f39ee1575c1a523f44d9dd36fd211aa69bd98008b8001027d51fdd01a3582792d4252225b2e7fa9ea046d0e7ca849f0b6dca1aaf28825c3de819ed46c4a0,08/01/2025 11:15:00 AM,1,DRIVER,,2020666,,UNKNOWN,OTHER (EXPLAIN IN NARRATIVE),IL,,UNKNOWN,TRUCK - SINGLE UNIT,OTHER,N,TURNING RIGHT,,,1,,,,,,,,,,,,,,,,,Y,UNKNOWN,,,,,,,,,,,,,,,,,,,,,,,,,,,,,,,,,
2119667,7ef2f39ee1575c1a523f44d9dd36fd211aa69bd98008b8001027d51fdd01a3582792d4252225b2e7fa9ea046d0e7ca849f0b6dca1aaf28825c3de819ed46c4a0,08/01/2025 11:15:00 AM,2,PARKED,,2020668,,HONDA,CIVIC,OH,2013,NONE,PASSENGER,NOT IN USE,N,PARKED,,,0,,,,,,,,,,,,,,,Y,,,FRONT-LEFT-CORNER,,,,,,,,,,,,,,,,,,,,,,,,,,,,,,,,,
2119185,866c29fc3ae3b42c26caccd2925fbe8835d5cc9e83fb693fbd7ed4a94c761e7d512e8eaf401c48eaefcaa210b2c61b8cc68a4af47f123dbf070aac6eb0262e7c,08/01/2025 11:15:00 AM,1,DRIVER,,2020207,,UNKNOWN,OPEN BODY,IL,2016,UNKNOWN,TRACTOR W/ SEMI-TRAILER,UNKNOWN/NA,N,BACKING,,,1,,,,,,,,,,,,,,,,,Y,REAR,,,,,,,,,,,,,,,,,,,,,,,,,,,,,,,,,
2119186,866c29fc3ae3b42c26caccd2925fbe8835d5cc9e83fb693fbd7ed4a94c761e7d512e8eaf401c48eaefcaa210b2c61b8cc68a4af47f123dbf070aac6eb0262e7c,08/01/2025 11:15:00 AM,2,DRIVER,,2020212,,CHEVROLET,EQUINOX,IL,2011,NONE,SPORT UTILITY VEHICLE (SUV),PERSONAL,N,SLOW/STOP IN TRAFFIC,,,1,,,,,,,,,,,,,,,Y,Y,,FRONT,,,,,,,,,,,,,,,,,,,,,,,,,,,,,,,,,
2119224,d11b9faea0cb608dba0a6626c2b1e09165d0749c7a4f35efdccf4d2a31b51173a5928fc430850eeaa205aafd3930ebd382d3a9db0a9fecb0d98731b2b2aa7a81,08/01/2025 11:10:00 AM,1,DRIVER,,2020241,,UNKNOWN,MOTORIZED,,,UNKNOWN,UNKNOWN/NA,UNKNOWN/NA,UNKNOWN,UNKNOWN/NA,,,1,,,,,,,,,,,,,,,,,,UNKNOWN,,,,,,,,,,,,,,,,,,,,,,,,,,,,,,,,,
2119225,d11b9faea0cb608dba0a6626c2b1e09165d0749c7a4f35efdccf4d2a31b51173a5928fc430850eeaa205aafd3930ebd382d3a9db0a9fecb0d98731b2b2aa7a81,08/01/2025 11:10:00 AM,2,PARKED,,2020244,,VOLKSWAGEN,TIGUAN,IL,2025,NONE,PASSENGER,PERSONAL,W,PARKED,,,0,,,,,,,,,,,,,,,Y,,,FRONT-LEFT-CORNER,,,,,,,,,,,,,,,,,,,,,,,,,,,,,,,,,
2119214,e91bf2efc6f704d32fb1361330575e4eda4ab9b7578cb402864e4fa853c69118baf08794eca7b7e88bb47528ff686623c86d16c822da7bc618b44c72c09b7f9a,08/01/2025 11:04:00 AM,1,DRIVER,1,2020236,,FORD,F350,IL,2019,NONE,TRUCK - SINGLE UNIT,POLICE,W,STRAIGHT AHEAD,,,2,,,,,N,,,,,,,,,,N,N,,FRONT,,,,,,,,,,,,,,,,,,,,,,,,,,,,,,,,,
2119215,e91bf2efc6f704d32fb1361330575e4eda4ab9b7578cb402864e4fa853c69118baf08794eca7b7e88bb47528ff686623c86d16c822da7bc618b44c72c09b7f9a,08/01/2025 11:04:00 AM,2,DRIVER,,2020239,,MAZDA,MAZDA3,IL,2024,NONE,PASSENGER,PERSONAL,W,SLOW/STOP IN TRAFFIC,,,1,,,,,,,,,Y,Y,Y,,,,,,,REAR,,,,,,,,,,,,,,,,,,,,,,,,,,,,,,,,,
2119145,24a641d5b674b35f71e4a5df58b56770bf612ba140078287987e92b6c46fcab5fd498a9f69e4c931c810e22b77984d16d19fa2ccb8e55e9603f67ef71496fb4d,08/01/2025 10:52:00 AM,1,DRIVER,1,2020170,,CHEVROLET,OTHER (EXPLAIN IN NARRATIVE),IL,2022,UNKNOWN,PASSENGER,PERSONAL,S,STRAIGHT AHEAD,,,2,,,,,Y,,,,,,,,,,Y,Y,,FRONT,,,,,,,,,,,,,,,,,,,,,,,,,,,,,,,,,
2119146,24a641d5b674b35f71e4a5df58b56770bf612ba140078287987e92b6c46fcab5fd498a9f69e4c931c810e22b77984d16d19fa2ccb8e55e9603f67ef71496fb4d,08/01/2025 10:52:00 AM,2,DRIVER,,2020175,,TOYOTA,CARINA,IL,2017,UNKNOWN,PASSENGER,PERSONAL,S,STRAIGHT AHEAD,,,1,,,,,,,,,Y,Y,Y,,,,,,,REAR,,,,,,,,,,,,,,,,,,,,,,,,,,,,,,,,,
2119208,99aa72fc085bc494dbe051406c80e059f2ca2a02fad63cc678aa7417eb7e4511918fc664b61438517c67c337482dcb1a2b961750396088805aa0ef22de406bd9,08/01/2025 10:50:00 AM,1,DRIVER,,2020228,,VOLKSWAGEN,JETTA,IL,2025,NONE,PASSENGER,PERSONAL,S,BACKING,,,1,,,,,,,Y,Y,,,,,,,,,,SIDE-RIGHT,,,,,,,,,,,,,,,,,,,,,,,,,,,,,,,,,
2119209,99aa72fc085bc494dbe051406c80e059f2ca2a02fad63cc678aa7417eb7e4511918fc664b61438517c67c337482dcb1a2b961750396088805aa0ef22de406bd9,08/01/2025 10:50:00 AM,2,PARKED,,2020232,,DODGE,CARAVAN,IA,2018,UNKNOWN,VAN/MINI-VAN,NOT IN USE,N,PARKED,,,0,,,,,,,,,,,Y,,,,,,,SIDE-LEFT-REAR,,,,,,,,,,,,,,,,,,,,,,,,,,,,,,,,,
2119149,cff780a7a6644f1bf0698171d0cb13de0bfe213e874205015dbd0a3b9234ee7be174f553b3e9c977303b1cfded89208b0eb728d501629024b9912b903b46caec,08/01/2025 10:50:00 AM,1,DRIVER,,2020172,,SUBARU,OUTBACK,IL,2018,NONE,PASSENGER,PERSONAL,S,STRAIGHT AHEAD,,,1,,,,,,,,,,,,,,,,Y,,FRONT,,,,,,,,,,,,,,,,,,,,,,,,,,,,,,,,,