CRASH_UNIT_ID,CRASH_RECORD_ID,CRASH_DATE,UNIT_NO,UNIT_TYPE,NUM_PASSENGERS,VEHICLE_ID,CMRC_VEH_I,MAKE,MODEL,LIC_PLATE_STATE,VEHICLE_YEAR,VEHICLE_DEFECT,VEHICLE_TYPE,VEHICLE_USE,TRAVEL_DIRECTION,MANEUVER,TOWED_I,FIRE_I,OCCUPANT_CNT,EXCEED_SPEED_LIMIT_I,TOWED_BY,TOWED_TO,AREA_00_I,AREA_01_I,AREA_02_I,AREA_03_I,AREA_04_I,AREA_05_I,AREA_06_I,AREA_07_I,AREA_08_I,AREA_09_I,AREA_10_I,AREA_11_I,AREA_12_I,AREA_99_I,FIRST_CONTACT_POINT,CMV_ID,USDOT_NO,CCMC_NO,ILCC_NO,COMMERCIAL_SRC,GVWR,CARRIER_NAME,CARRIER_STATE,CARRIER_CITY,HAZMAT_PLACARDS_I,HAZMAT_NAME,UN_NO,HAZMAT_PRESENT_I,HAZMAT_REPORT_I,HAZMAT_REPORT_NO,MCS_REPORT_I,MCS_REPORT_NO,HAZMAT_VIO_CAUSE_CRASH_I,MCS_VIO_CAUSE_CRASH_I,IDOT_PERMIT_NO,WIDE_LOAD_I,TRAILER1_WIDTH,TRAILER2_WIDTH,TRAILER1_LENGTH,TRAILER2_LENGTH,TOTAL_VEHICLE_LENGTH,AXLE_CNT,VEHICLE_CONFIG,CARGO_BODY_TYPE,LOAD_TYPE,HAZMAT_OUT_OF_SERVICE_I,MCS_OUT_OF_SERVICE_I,HAZMAT_CLASS
2119150,cff780a7a6644f1bf0698171d0cb13de0bfe213e874205015dbd0a3b9234ee7be174f553b3e9c977303b1cfded89208b0eb728d501629024b9912b903b46caec,08/01/2025 10:50:00 AM,2,DRIVER,,2020174,,LINCOLN,AVIATOR,IL,2023,NONE,PASSENGER,PERSONAL,S,SLOW/STOP IN TRAFFIC,,,1,,,,,,,,,,Y,,,,,,,,REAR,,,,,,,,,,,,,,,,,,,,,,,,,,,,,,,,,
2119151,a07a2908a706e6cd1ebc9b1ecd6358660852840c452969ddc6b92be700b4e44ab4be66b40fa2f96e89c774ebd27649cd09dc1fd498c1ab0582ffa35fdc93f3a9,08/01/2025 10:45:00 AM,1,DRIVER,,2020176,,BUICK,ENVISION,IL,2025,UNKNOWN,SPORT UTILITY VEHICLE (SUV),PERSONAL,N,STRAIGHT AHEAD,Y,,1,,,,,Y,,,,,,,,,,Y,Y,,FRONT,,,,,,,,,,,,,,,,,,,,,,,,,,,,,,,,,
2119152,a07a2908a706e6cd1ebc9b1ecd6358660852840c452969ddc6b92be700b4e44ab4be66b40fa2f96e89c774ebd27649cd09dc1fd498c1ab0582ffa35fdc93f3a9,08/01/2025 10:45:00 AM,2,DRIVER,,2020180,,LEXUS,GX470,IL,2004,UNKNOWN,SPORT UTILITY VEHICLE (SUV),PERSONAL,E,STRAIGHT AHEAD,Y,,1,,,,,Y,Y,Y,,,,,,,,,,,SIDE-RIGHT-FRONT,,,,,,,,,,,,,,,,,,,,,,,,,,,,,,,,,
2119174,d56b8b0b4116b8ff21a912aa0c92d014ff5aab73557b5fe60d671b5a64aaaf95ea42a65543fbbab05348acb78adc9828a1d16819a18df3237f957931301a9fd8,08/01/2025 10:45:00 AM,1,DRIVER,,2020200,,FORD,EXPLORER,IL,2013,UNKNOWN,PASSENGER,PERSONAL,W,STRAIGHT AHEAD,,,1,,,,,,,,,,N,,,,,,Y,,FRONT,,,,,,,,,,,,,,,,,,,,,,,,,,,,,,,,,
2119175,d56b8b0b4116b8ff21a912aa0c92d014ff5aab73557b5fe60d671b5a64aaaf95ea42a65543fbbab05348acb78adc9828a1d16819a18df3237f957931301a9fd8,08/01/2025 10:45:00 AM,2,DRIVER,2,2020215,,JEEP,COMPASS,IL,2013,UNKNOWN,PASSENGER,PERSONAL,W,STRAIGHT AHEAD,,,3,,,,,,,,,,Y,,,,,,,,REAR,,,,,,,,,,,,,,,,,,,,,,,,,,,,,,,,,
2119170,f692fa1270a9b15a3165907029bd7285596046b6b87d1eec095d3618519fa0a36913699275a97aed4e39fc7e002e75a5d78058218dc83a9ccba1fe808af82703,08/01/2025 10:40:00 AM,1,DRIVER,,2020192,,UNKNOWN,OTHER (EXPLAIN IN NARRATIVE),,,UNKNOWN,UNKNOWN/NA,UNKNOWN/NA,UNKNOWN,UNKNOWN/NA,,,1,,,,,,,,,,,,,,,,,Y,FRONT-RIGHT-CORNER,,,,,,,,,,,,,,,,,,,,,,,,,,,,,,,,,
2119171,f692fa1270a9b15a3165907029bd7285596046b6b87d1eec095d3618519fa0a36913699275a97aed4e39fc7e002e75a5d78058218dc83a9ccba1fe808af82703,08/01/2025 10:40:00 AM,2,PARKED,,2020218,,GENERAL MOTORS CORPORATION (GMC),TRUCK,AZ,,NONE,OTHER,OTHER,E,PARKED,,,0,,,,,,,,,,,,,Y,,N,,,FRONT-LEFT-CORNER,,,,,,,,,,,,,,,,,,,,,,,,,,,,,,,,,
2120173,8882965b7db4dcb2215c22bd18eb3f7a0077fb162c80087b02fe663e368a9b7a2fd84b1245c4a761c2d744faa898640b2539a24a0fbdf09008fbdcf5b3bbe7a0,08/01/2025 10:30:00 AM,1,DRIVER,,2021154,,BUICK,ENCLAVE,,2020,UNKNOWN,SPORT UTILITY VEHICLE (SUV),UNKNOWN/NA,E,TURNING RIGHT,,,1,,,,,,,,,,,,,,,,,Y,UNKNOWN,,,,,,,,,,,,,,,,,,,,,,,,,,,,,,,,,
2120174,8882965b7db4dcb2215c22bd18eb3f7a0077fb162c80087b02fe663e368a9b7a2fd84b1245c4a761c2d744faa898640b2539a24a0fbdf09008fbdcf5b3bbe7a0,08/01/2025 10:30:00 AM,2,DRIVER,,2021155,,KIA,SORENTO,IL,2015,NONE,SPORT UTILITY VEHICLE (SUV),PERSONAL,E,TURNING RIGHT,,,1,,,,,,,Y,,,,,,,,,,,SIDE-RIGHT,,,,,,,,,,,,,,,,,,,,,,,,,,,,,,,,,
2119330,888aa966277e0e3a091f8c511e5d0c31b376b2ab21f217217f67fd65ac8d192fd7016e9d1d62d4d145c33181799374cd1b1312e2ed564caf1f46357bce06523d,08/01/2025 10:30:00 AM,1,DRIVER,,2020341,,UNKNOWN,OTHER (EXPLAIN IN NARRATIVE),IL,,UNKNOWN,UNKNOWN/NA,UNKNOWN/NA,N,TURNING LEFT,,,1,,,,,,,,,,,,,,,,,Y,UNKNOWN,,,,,,,,,,,,,,,,,,,,,,,,,,,,,,,,,
2119331,888aa966277e0e3a091f8c511e5d0c31b376b2ab21f217217f67fd65ac8d192fd7016e9d1d62d4d145c33181799374cd1b1312e2ed564caf1f46357bce06523d,08/01/2025 10:30:00 AM,2,DRIVER,,2020350,,CHRYSLER,TOWN & COUNTRY,IL,2013,UNKNOWN,VAN/MINI-VAN,UNKNOWN/NA,N,TURNING LEFT,,,1,,,,,Y,,,,,,,,,,Y,Y,,FRONT,,,,,,,,,,,,,,,,,,,,,,,,,,,,,,,,,
2119178,d92948be30f06bd0d1a9b3c6f0da173f30baa4ed864d12d1d4e0da3dd431ebe5ca9f5a18966d0b3b6663174ae60954c338768ce16e9b58ddc891e9ab0497449a,08/01/2025 10:30:00 AM,1,DRIVER,,2020202,,NISSAN,SENTRA,IL,2013,UNKNOWN,PASSENGER,PERSONAL,SW,TURNING LEFT,,,1,,,,,,,,,,,,,,,Y,,,FRONT-LEFT-CORNER,,,,,,,,,,,,,,,,,,,,,,,,,,,,,,,,,
2119179,d92948be30f06bd0d1a9b3c6f0da173f30baa4ed864d12d1d4e0da3dd431ebe5ca9f5a18966d0b3b6663174ae60954c338768ce16e9b58ddc891e9ab0497449a,08/01/2025 10:30:00 AM,2,DRIVER,,2020211,,MITSUBISHI,OUTLANDER,IL,2011,UNKNOWN,PASSENGER,PERSONAL,N,STRAIGHT AHEAD,,,1,,,,,Y,,,,,,,,,,Y,Y,,FRONT,,,,,,,,,,,,,,,,,,,,,,,,,,,,,,,,,
2119153,c545c605c5d7e281ba51bc373f407510ff744ab65f8542edd3f87049a0fd03d166cf0f3628bcecf60ed3d266fe31dd50599f8325f388a15b72c4d19dbd560a8b,08/01/2025 10:23:00 AM,1,DRIVER,,2020178,,FORD,F150,IL,2010,NONE,PICKUP,CONSTRUCTION/MAINTENANCE,E,OTHER,,,1,,,,,,,,,,,,,Y,,,,,SIDE-LEFT,,,,,,,,,,,,,,,,,,,,,,,,,,,,,,,,,
2119154,c545c605c5d7e281ba51bc373f407510ff744ab65f8542edd3f87049a0fd03d166cf0f3628bcecf60ed3d266fe31dd50599f8325f388a15b72c4d19dbd560a8b,08/01/2025 10:23:00 AM,2,DRIVER,,2020181,,TOYOTA,CAMRY,IL,2022,UNKNOWN,PASSENGER,PERSONAL,E,STRAIGHT AHEAD,,,1,,,,,,Y,,,,,,,,,,,,FRONT-RIGHT-CORNER,,,,,,,,,,,,,,,,,,,,,,,,,,,,,,,,,
2119206,33c0a28fce83c6d5d5827355adc7d35042a649c262ed252e41474b0bfea0b0933ac8d05db0de663bfd8554ffb3c05c8b5a6c48558ae3fff76926ff2ba1007100,08/01/2025 10:20:00 AM,1,DRIVER,,2020234,,UNKNOWN,OTHER (EXPLAIN IN NARRATIVE),,,UNKNOWN,TRUCK - SINGLE UNIT,UNKNOWN/NA,W,CHANGING LANES,,,1,,,,,,,,,,,,,,,,,Y,UNKNOWN,,,,,,,,,,,,,,,,,,,,,,,,,,,,,,,,,
2119207,33c0a28fce83c6d5d5827355adc7d35042a649c262ed252e41474b0bfea0b0933ac8d05db0de663bfd8554ffb3c05c8b5a6c48558ae3fff76926ff2ba1007100,08/01/2025 10:20:00 AM,2,DRIVER,3,2020230,,AUDI,A5,MI,2023,UNKNOWN,PASSENGER,PERSONAL,W,STRAIGHT AHEAD,,,4,,,,,,,,Y,Y,,,,,,,,,REAR-RIGHT-CORNER,,,,,,,,,,,,,,,,,,,,,,,,,,,,,,,,,
2119130,ac75b3d0b0d3dd79fd4eea79564db93bd952187eef1b490816b5c531055a7770945c7e61055c64c585826ddf547bfdb6d1bb39eb18b591481adb32237d0eb3ec,08/01/2025 10:20:00 AM,1,DRIVER,,2020153,,TOYOTA,CAMRY,IL,2025,UNKNOWN,PASSENGER,PERSONAL,S,STRAIGHT AHEAD,,,1,,,,,Y,,,,,,,,,,,,,FRONT-RIGHT-CORNER,,,,,,,,,,,,,,,,,,,,,,,,,,,,,,,,,
2119131,ac75b3d0b0d3dd79fd4eea79564db93bd952187eef1b490816b5c531055a7770945c7e61055c64c585826ddf547bfdb6d1bb39eb18b591481adb32237d0eb3ec,08/01/2025 10:20:00 AM,2,DRIVER,,2020157,,FORD,ESCAPE,IL,2024,UNKNOWN,PASSENGER,PERSONAL,S,SLOW/STOP IN TRAFFIC,,,1,,,,,,,,,,,Y,,,,,,,REAR-LEFT-CORNER,,,,,,,,,,,,,,,,,,,,,,,,,,,,,,,,,
2119202,141eebaad41c0532e93401ac853af4365857846619e8f3ac4429efdf152741b1b59d3a02376403138944950894e424e10fd02d138d02c062990d38335d614750,08/01/2025 10:15:00 AM,1,DRIVER,,2020223,,UNKNOWN,OTHER (EXPLAIN IN NARRATIVE),,,NONE,TRUCK - SINGLE UNIT,OTHER,N,BACKING,,,1,,,,,,,,,,,,,,,,,Y,REAR,,,,,,,,,,,,,,,,,,,,,,,,,,,,,,,,,
2119203,141eebaad41c0532e93401ac853af4365857846619e8f3ac4429efdf152741b1b59d3a02376403138944950894e424e10fd02d138d02c062990d38335d614750,08/01/2025 10:15:00 AM,2,DRIVER,,2020227,,KIA,FORTE,IL,2018,NONE,PASSENGER,PERSONAL,W,STRAIGHT AHEAD,,,1,,,,,,,,,,,Y,Y,Y,,,,,SIDE-LEFT,,,,,,,,,,,,,,,,,,,,,,,,,,,,,,,,,
2120847,90576dc46e1172c215ee27351a4fc25ca541fef555fe702d5cee51edba3c7d4615ad97758794026436ff48d03a5b1d5d3aea88eea42c53252443111cba46e7a1,08/01/2025 10:15:00 AM,1,DRIVER,,2021807,,VOLKSWAGEN,JETTA,IL,2016,UNKNOWN,UNKNOWN/NA,UNKNOWN/NA,W,STRAIGHT AHEAD,,,1,,,,,,,,,,,,,,,,,Y,UNKNOWN,,,,,,,,,,,,,,,,,,,,,,,,,,,,,,,,,
2120848,90576dc46e1172c215ee27351a4fc25ca541fef555fe702d5cee51edba3c7d4615ad97758794026436ff48d03a5b1d5d3aea88eea42c53252443111cba46e7a1,08/01/2025 10:15:00 AM,2,DRIVER,,2021798,,KIA,OPTIMA / K5,IL,2005,UNKNOWN,PASSENGER,PERSONAL,N,STRAIGHT AHEAD,,,1,,,,,N,Y,Y,Y,Y,,,,,,,,,SIDE-RIGHT,,,,,,,,,,,,,,,,,,,,,,,,,,,,,,,,,
2119356,df14989c6376c932c9f849b1c8a883b2b9f3d49675be0105d202c05178c4c3d5c814c18376faeec48ae42b45b407efcefc3d3d75b1b62798811ad58580f04245,08/01/2025 10:15:00 AM,1,DRIVER,1,2020388,,FORD,OTHER (EXPLAIN IN NARRATIVE),IL,2012,NONE,PICKUP,PERSONAL,UNKNOWN,STRAIGHT AHEAD,,,2,,,,Y,,,,,,,,,,,,,N,UNKNOWN,,,,,,,,,,,,,,,,,,,,,,,,,,,,,,,,,
2119357,df14989c6376c932c9f849b1c8a883b2b9f3d49675be0105d202c05178c4c3d5c814c18376faeec48ae42b45b407efcefc3d3d75b1b62798811ad58580f04245,08/01/2025 10:15:00 AM,2,DRIVER,,2020369,,NISSAN,SENTRA,IL,2020,NONE,PASSENGER,PERSONAL,UNKNOWN,STRAIGHT AHEAD,,,1,,,,,,,,,,,,Y,Y,Y,,,,SIDE-LEFT,,,,,,,,,,,,,,,,,,,,,,,,,,,,,,,,,
2119122,a8e823ac15e576615cf997c3ba77269d3c7a8b6793bc109d0afeaac2bbbaa13e17c18d234aca1f258820eca658029ae38faab43d4fbd31805d7d4d7380a67d57,08/01/2025 10:10:00 AM,1,DRIVER,,2020154,,DODGE,OTHER (EXPLAIN IN NARRATIVE),IL,2013,NONE,PASSENGER,PERSONAL,N,STRAIGHT AHEAD,,,1,,,,,Y,,,,,,,,,,Y,Y,,FRONT,,,,,,,,,,,,,,,,,,,,,,,,,,,,,,,,,
2119123,a8e823ac15e576615cf997c3ba77269d3c7a8b6793bc109d0afeaac2bbbaa13e17c18d234aca1f258820eca658029ae38faab43d4fbd31805d7d4d7380a67d57,08/01/2025 10:10:00 AM,2,DRIVER,,2020148,,HYUNDAI,IONIC,IL,2019,NONE,PASSENGER,PERSONAL,N,TURNING LEFT,,,1,,,,,,,,,Y,Y,Y,,,,,,,REAR,,,,,,,,,,,,,,,,,,,,,,,,,,,,,,,,,
2132503,ee275d8ce84ee8532668f31171b5f00df1e27d12d7685cc53179e752f1d7d755d06d8b796b94a84fa8ce19f0f4f9b89e607c829bfd380eb70a93cc47ac0a1013,08/01/2025 10:05:00 AM,1,DRIVER,,2032839,,SUBARU,OUTBACK,IL,2011,NONE,PASSENGER,PERSONAL,N,PASSING/OVERTAKING,,,1,,,,,,,,,,,,,,,,,Y,FRONT-RIGHT-CORNER,,,,,,,,,,,,,,,,,,,,,,,,,,,,,,,,,
2132504,ee275d8ce84ee8532668f31171b5f00df1e27d12d7685cc53179e752f1d7d755d06d8b796b94a84fa8ce19f0f4f9b89e607c829bfd380eb70a93cc47ac0a1013,08/01/2025 10:05:00 AM,2,DRIVER,,2032840,,FORD,ESCAPE,IL,2014,NONE,PASSENGER,PERSONAL,N,STRAIGHT AHEAD,,,1,,,,,,,,,,,,,Y,Y,,,,SIDE-LEFT-FRONT,,,,,,,,,,,,,,,,,,,,,,,,,,,,,,,,,
2119240,91edd1b7c065e305e3397490a4a59744687d5123993605d881d6c3dfd538e48c446eca65e4495ae45275fd0644e365fde880e02d107596bdc151bf861e5f45b2,08/01/2025 10:00:00 AM,1,DRIVER,,2020255,,NISSAN,PATHFINDER,IL,,NONE,SPORT UTILITY VEHICLE (SUV),PERSONAL,N,STRAIGHT AHEAD,,,1,,,,,,,,,,,,,,,,Y,,FRONT,,,,,,,,,,,,,,,,,,,,,,,,,,,,,,,,,
2119241,91edd1b7c065e305e3397490a4a59744687d5123993605d881d6c3dfd538e48c446eca65e4495ae45275fd0644e365fde880e02d107596bdc151bf861e5f45b2,08/01/2025 10:00:00 AM,2,DRIVER,2,2020257,,TOYOTA,COROLLA,IL,2007,NONE,PASSENGER,PERSONAL,N,TURNING RIGHT,,,3,,,,,,,,,,Y,,,,,,,,REAR,,,,,,,,,,,,,,,,,,,,,,,,,,,,,,,,,
2120393,b4b44b04e729ddf8abc88cce5eddef9be2665a2c45113f7ed6ddd52500a6c5d752ad46c0047efef54330a72b079188e445ca7695ab4fef055ca826dc5f363b00,08/01/2025 10:00:00 AM,1,DRIVER,,2021369,,UNKNOWN,ULTRALIGHT,IL,1900,UNKNOWN,UNKNOWN/NA,UNKNOWN/NA,UNKNOWN,UNKNOWN/NA,,,1,,,,,,,,,,,,,,,,,Y,UNKNOWN,,,,,,,,,,,,,,,,,,,,,,,,,,,,,,,,,
2120394,b4b44b04e729ddf8abc88cce5eddef9be2665a2c45113f7ed6ddd52500a6c5d752ad46c0047efef54330a72b079188e445ca7695ab4fef055ca826dc5f363b00,08/01/2025 10:00:00 AM,2,PARKED,,2021373,,TOYOTA,COROLLA,IL,2021,UNKNOWN,PASSENGER,PERSONAL,UNKNOWN,PARKED,,,0,,,,,,,,,Y,,,,,,,,,REAR-RIGHT-CORNER,,,,,,,,,,,,,,,,,,,,,,,,,,,,,,,,,
2119222,ba2a6a53cc905009a0278610b2da4bcaa929ed715e30f8e7333dc0bc309f3c369f4ee762e4e9f8233f6cc6b5d0a53ded732225f6b222b6076f6c1cf7b5f149b1,08/01/2025 10:00:00 AM,1,DRIVER,,2020243,,HONDA,CIVIC,IL,2020,NONE,PASSENGER,UNKNOWN/NA,S,MERGING,,,1,,,,,,,,,,,Y,,,,,,,SIDE-LEFT-REAR,,,,,,,,,,,,,,,,,,,,,,,,,,,,,,,,,
2119223,ba2a6a53cc905009a0278610b2da4bcaa929ed715e30f8e7333dc0bc309f3c369f4ee762e4e9f8233f6cc6b5d0a53ded732225f6b222b6076f6c1cf7b5f149b1,08/01/2025 10:00:00 AM,2,DRIVER,,2020250,,CHEVROLET,SUBURBAN,IL,2012,NONE,SPORT UTILITY VEHICLE (SUV),UNKNOWN/NA,S,STRAIGHT AHEAD,,,1,,,,,Y,Y,,,,,,,,,,,,SIDE-RIGHT-FRONT,,,,,,,,,,,,,,,,,,,,,,,,,,,,,,,,,
2119155,1a4666f581900e36c36ef86a80e99f4ebb5c0ad85a59433fdbf488a0441b18643e05f7373cf7dbedb2ffd187fd2ff12df7e53663be039dd63d677aaf812b92f6,08/01/2025 09:59:00 AM,1,DRIVER,1,2020182,Y,FREIGHTLINER CORPORATION,FREIGHTLINER CORP.,IN,2023,NONE,TRACTOR W/ SEMI-TRAILER,COMMERCIAL - SINGLE UNIT,N,BACKING,,,2,,,,,,,,,,Y,,,,,,,,REAR,"21,922",1765150,,,SIDE OF TRUCK,3,SPLASH TRANSPORT INC,IN,INDIANAPOLIS,,,,,,,,,,,,,0-96,,,,75,5,TRACTOR/SEMI-TRAILER,VAN/ENCLOSED BOX,OTHER,,,
2119156,1a4666f581900e36c36ef86a80e99f4ebb5c0ad85a59433fdbf488a0441b18643e05f7373cf7dbedb2ffd187fd2ff12df7e53663be039dd63d677aaf812b92f6,08/01/2025 09:59:00 AM,2,PARKED,1,2020197,,CHEVROLET,EQUINOX,IL,2018,NONE,SPORT UTILITY VEHICLE (SUV),PERSONAL,N,PARKED,,,1,,,,,,,,,,,,,,,,Y,,FRONT-RIGHT-CORNER,,,,,,,,,,,,,,,,,,,,,,,,,,,,,,,,,
2119111,efa0fefbd8072c93813e36a730237b7a68dd07997e6a2b4322de601de70a20222cac37d94503ba60e790c2372df3ec76183bd5f695935ab8d7f4edfc183db734,08/01/2025 09:55:00 AM,1,DRIVER,,2020138,,TOYOTA,PRIUS,IL,2011,NONE,PASSENGER,PERSONAL,N,TURNING LEFT,Y,,1,,private tow,,,,,,,,,Y,Y,Y,,,,,SIDE-LEFT,,,,,,,,,,,,,,,,,,,,,,,,,,,,,,,,,
2119112,efa0fefbd8072c93813e36a730237b7a68dd07997e6a2b4322de601de70a20222cac37d94503ba60e790c2372df3ec76183bd5f695935ab8d7f4edfc183db734,08/01/2025 09:55:00 AM,2,DRIVER,,2020140,,NISSAN,ALTIMA,IL,2007,NONE,PASSENGER,PERSONAL,E,STRAIGHT AHEAD,Y,,1,,private tow,,,Y,Y,,,,,,,,Y,Y,Y,,FRONT,,,,,,,,,,,,,,,,,,,,,,,,,,,,,,,,,
2119119,f32576f4cbc0cb13ec9d9b972bb81a413243404f2897842acb6889202433efddabfc8c12f57ec14fe2e1c1a3c1b68b057a3de61f3476346fe418ede809a0a8a5,08/01/2025 09:50:00 AM,1,DRIVER,,2020156,,CHEVROLET,EQUINOX,IL,2007,UNKNOWN,SPORT UTILITY VEHICLE (SUV),PERSONAL,E,TURNING LEFT,,,1,,,,,,,,,,,,,Y,Y,Y,,,FRONT-LEFT-CORNER,,,,,,,,,,,,,,,,,,,,,,,,,,,,,,,,,
2119120,f32576f4cbc0cb13ec9d9b972bb81a413243404f2897842acb6889202433efddabfc8c12f57ec14fe2e1c1a3c1b68b057a3de61f3476346fe418ede809a0a8a5,08/01/2025 09:50:00 AM,2,PARKED,,2020158,,CADILLAC,XTS,IL,2019,NONE,SPORT UTILITY VEHICLE (SUV),NOT IN USE,W,PARKED,,,0,,,,,,,,Y,Y,,Y,Y,Y,,,,,SIDE-LEFT,,,,,,,,,,,,,,,,,,,,,,,,,,,,,,,,,
2119121,f32576f4cbc0cb13ec9d9b972bb81a413243404f2897842acb6889202433efddabfc8c12f57ec14fe2e1c1a3c1b68b057a3de61f3476346fe418ede809a0a8a5,08/01/2025 09:50:00 AM,3,PARKED,,2020162,,CADILLAC,DTS,IL,2007,NONE,PASSENGER,NOT IN USE,W,PARKED,,,0,,,,,,,,,,,,Y,Y,Y,Y,Y,,REAR-LEFT-CORNER,,,,,,,,,,,,,,,,,,,,,,,,,,,,,,,,,
2119115,93e34b44784b650c554c259e37e3d738a4a222ba8e6e36d86508c941fc61144bc377a8ad5f1da9ba85cbeedeefc81ee95b20f368ed71d81f04f5a9428bce504e,08/01/2025 09:47:00 AM,1,DRIVER,,2020146,,NISSAN,ALTIMA,IL,2015,NONE,PASSENGER,PERSONAL,E,ENTERING TRAFFIC LANE FROM PARKING,,,1,,,,,,,,,,,,,,,Y,Y,,FRONT-LEFT-CORNER,,,,,,,,,,,,,,,,,,,,,,,,,,,,,,,,,
2119116,93e34b44784b650c554c259e37e3d738a4a222ba8e6e36d86508c941fc61144bc377a8ad5f1da9ba85cbeedeefc81ee95b20f368ed71d81f04f5a9428bce504e,08/01/2025 09:47:00 AM,2,DRIVER,,2020168,,HONDA,PILOT,IL,2013,UNKNOWN,SPORT UTILITY VEHICLE (SUV),PERSONAL,E,STRAIGHT AHEAD,,,1,,,,,Y,Y,Y,Y,Y,,,,,,,,,SIDE-RIGHT-REAR,,,,,,,,,,,,,,,,,,,,,,,,,,,,,,,,,
2119137,f8f1549940961dc1dcb1eead6edbbe1debe1fe8a72d84bfbeaefd7356018b91ef809f2cdad540a462902f022bbd964b56e4275e565d00e9f9fe01af05c792d0b,08/01/2025 09:47:00 AM,1,DRIVER,,2020165,,NEW FLYER,OTHER (EXPLAIN IN NARRATIVE),IL,2005,UNKNOWN,BUS OVER 15 PASS.,CTA,W,PASSING/OVERTAKING,,,1,,,,,,,,,,,,,,Y,,,,SIDE-LEFT,,,,,,,,,,,,,,,,,,,,,,,,,,,,,,,,,
2119138,f8f1549940961dc1dcb1eead6edbbe1debe1fe8a72d84bfbeaefd7356018b91ef809f2cdad540a462902f022bbd964b56e4275e565d00e9f9fe01af05c792d0b,08/01/2025 09:47:00 AM,2,DRIVER,,2020167,,DODGE,RAM 2500 PU,IL,2022,UNKNOWN,PICKUP,PERSONAL,W,STRAIGHT AHEAD,,,1,,,,,,Y,,,,,,,,,,,,SIDE-RIGHT,,,,,,,,,,,,,,,,,,,,,,,,,,,,,,,,,
2119139,142a44b3c7bfccbd8850bfa0c667865897fe6154a489a90a6d57d678a3b0e1993a5577918533502f67f03e53893f33b99ecf066a830344b6c717f77ba0838812,08/01/2025 09:45:00 AM,1,DRIVER,,2020171,,KIA,OPTIMA / K5,IL,2013,NONE,PASSENGER,PERSONAL,S,TURNING RIGHT,,,1,,,,,Y,,,,,,,,,,Y,Y,,FRONT-LEFT-CORNER,,,,,,,,,,,,,,,,,,,,,,,,,,,,,,,,,
2119140,142a44b3c7bfccbd8850bfa0c667865897fe6154a489a90a6d57d678a3b0e1993a5577918533502f67f03e53893f33b99ecf066a830344b6c717f77ba0838812,08/01/2025 09:45:00 AM,2,DRIVER,,2020177,,HONDA,HR-V,IL,2011,NONE,SPORT UTILITY VEHICLE (SUV),PERSONAL,W,STRAIGHT AHEAD,,,1,,,,,Y,Y,Y,,,,,,,,,,,SIDE-RIGHT-FRONT,,,,,,,,,,,,,,,,,,,,,,,,,,,,,,,,,
2119296,33ae979a0a99417881c9b16dbeee5fe3c0d1b86cf30cfda2ad667141dda3c6ec6336d602d9414d2370e8f12e42e5a2c0d7f9e13b9cc430cf6e19f89fe5fd4971,08/01/2025 09:45:00 AM,1,DRIVER,,2020310,,AUTOCAR,AUTOCAR,IL,2009,NONE,TRUCK - SINGLE UNIT,CONSTRUCTION/MAINTENANCE,W,AVOIDING VEHICLES/OBJECTS,,,1,,,,Y,,,,,,,,,,,,,,FRONT,,,,,,,,,,,,,,,,,,,,,,,,,,,,,,,,,
2119297,33ae979a0a99417881c9b16dbeee5fe3c0d1b86cf30cfda2ad667141dda3c6ec6336d602d9414d2370e8f12e42e5a2c0d7f9e13b9cc430cf6e19f89fe5fd4971,08/01/2025 09:45:00 AM,2,PARKED,,2020311,,MITSUBISHI,OUTLANDER,IL,2015,NONE,PASSENGER,NOT IN USE,E,PARKED,,,0,,,,,,,,,,,Y,,,,,,,REAR-LEFT-CORNER,,,,,,,,,,,,,,,,,,,,,,,,,,,,,,,,,
2119134,d4be1e7828a9fd6d8887554e868a7da18621839db706af0522271ad55729d06c1cb8f12c2a6b43fa4e32ab213f4c1052033f6726db28085cb18160323b16b9b5,08/01/2025 09:35:00 AM,1,DRIVER,,2020163,N,FORD,ECONOLINE E450,AZ,2014,NONE,TRUCK - SINGLE UNIT,COMMERCIAL - SINGLE UNIT,E,UNKNOWN/NA,,,1,,,,,,,,Y,Y,,,,,,,,,REAR-LEFT-CORNER,,,,,,,,,,,,,,,,,,,,,,,,,,,,,,,,,
2119135,d4be1e7828a9fd6d8887554e868a7da18621839db706af0522271ad55729d06c1cb8f12c2a6b43fa4e32ab213f4c1052033f6726db28085cb18160323b16b9b5,08/01/2025 09:35:00 AM,2,PARKED,,2020166,,TOYOTA,COROLLA,IL,2015,NONE,PASSENGER,NOT IN USE,UNKNOWN,PARKED,,,0,,,,,Y,Y,,,,,,,,,,,,FRONT-RIGHT-CORNER,,,,,,,,,,,,,,,,,,,,,,,,,,,,,,,,,
2119124,7b055fe2f065b04bca0047e87827de9a3197bf71ec06214658a9e8fdcb9b519a8d8c8b2d98f41feea65f24b61250de482967bc2cf3d460751fb03b6f9fcd5151,08/01/2025 09:24:00 AM,1,DRIVER,,2020155,,GENERAL MOTORS CORPORATION (GMC),OTHER (EXPLAIN IN NARRATIVE),IL,2006,UNKNOWN,VAN/MINI-VAN,PERSONAL,N,STRAIGHT AHEAD,,,1,,,,,,,,,,,,,,,,,,FRONT,,,,,,,,,,,,,,,,,,,,,,,,,,,,,,,,,