CRASH_UNIT_ID,CRASH_RECORD_ID,CRASH_DATE,UNIT_NO,UNIT_TYPE,NUM_PASSENGERS,VEHICLE_ID,CMRC_VEH_I,MAKE,MODEL,LIC_PLATE_STATE,VEHICLE_YEAR,VEHICLE_DEFECT,VEHICLE_TYPE,VEHICLE_USE,TRAVEL_DIRECTION,MANEUVER,TOWED_I,FIRE_I,OCCUPANT_CNT,EXCEED_SPEED_LIMIT_I,TOWED_BY,TOWED_TO,AREA_00_I,AREA_01_I,AREA_02_I,AREA_03_I,AREA_04_I,AREA_05_I,AREA_06_I,AREA_07_I,AREA_08_I,AREA_09_I,AREA_10_I,AREA_11_I,AREA_12_I,AREA_99_I,FIRST_CONTACT_POINT,CMV_ID,USDOT_NO,CCMC_NO,ILCC_NO,COMMERCIAL_SRC,GVWR,CARRIER_NAME,CARRIER_STATE,CARRIER_CITY,HAZMAT_PLACARDS_I,HAZMAT_NAME,UN_NO,HAZMAT_PRESENT_I,HAZMAT_REPORT_I,HAZMAT_REPORT_NO,MCS_REPORT_I,MCS_REPORT_NO,HAZMAT_VIO_CAUSE_CRASH_I,MCS_VIO_CAUSE_CRASH_I,IDOT_PERMIT_NO,WIDE_LOAD_I,TRAILER1_WIDTH,TRAILER2_WIDTH,TRAILER1_LENGTH,TRAILER2_LENGTH,TOTAL_VEHICLE_LENGTH,AXLE_CNT,VEHICLE_CONFIG,CARGO_BODY_TYPE,LOAD_TYPE,HAZMAT_OUT_OF_SERVICE_I,MCS_OUT_OF_SERVICE_I,HAZMAT_CLASS
2119125,7b055fe2f065b04bca0047e87827de9a3197bf71ec06214658a9e8fdcb9b519a8d8c8b2d98f41feea65f24b61250de482967bc2cf3d460751fb03b6f9fcd5151,08/01/2025 09:24:00 AM,2,DRIVER,,2020159,,TOYOTA,COROLLA,IL,2020,UNKNOWN,PASSENGER,PERSONAL,N,STRAIGHT AHEAD,,,1,,,,,,,,,Y,Y,Y,,,,,,,REAR,,,,,,,,,,,,,,,,,,,,,,,,,,,,,,,,,
2119113,e753fba6246c2b87b9ae3a47e6998a4905f33b87f1323494b4e7cbc9f283c8ee0564a715d165ad420a963626339bdb06522c22e0ab8cd6251194d2e0ec99c94c,08/01/2025 09:10:00 AM,1,DRIVER,1,2020139,Y,DODGE,RAM 3500 PU,IL,2023,NONE,OTHER VEHICLE WITH TRAILER,OTHER,W,MERGING,,,2,,,,Y,,,,,,,,,,,,,,NONE,"21,921",1895528,,,SIDE OF TRUCK,,SERVICE ONE,IL,PLAINFIELD,,,,,,,,,,,1895528,,,,,,,,TRUCK/TRAILER,FLATBED,UNKNOWN,,,
2119114,e753fba6246c2b87b9ae3a47e6998a4905f33b87f1323494b4e7cbc9f283c8ee0564a715d165ad420a963626339bdb06522c22e0ab8cd6251194d2e0ec99c94c,08/01/2025 09:10:00 AM,2,DRIVER,,2020143,,KIA,TELLURIDE,IL,2021,NONE,PASSENGER,PERSONAL,W,OTHER,Y,,1,,PERSONAL TOW,PERSONAL TOW,,Y,Y,,,,,,,,Y,Y,Y,,FRONT,,,,,,,,,,,,,,,,,,,,,,,,,,,,,,,,,
2119143,4e642739093ed163b2414e161d9ae8dfdfb831855fdb5893334c38f790e04b7304ad7a860ae8a7442db8fe253254fe283393f97436e2db73d81f891a8492b036,08/01/2025 09:02:00 AM,1,DRIVER,,2020188,,VOLVO,TRUCK,WI,2019,UNKNOWN,TRACTOR W/ SEMI-TRAILER,COMMERCIAL - MULTI-UNIT,N,TURNING LEFT,,,1,,,,,,,,,,,,,,,Y,,Y,FRONT-RIGHT-CORNER,,,,,,,,,,,,,,,,,,,,,,,,,,,,,,,,,
2119144,4e642739093ed163b2414e161d9ae8dfdfb831855fdb5893334c38f790e04b7304ad7a860ae8a7442db8fe253254fe283393f97436e2db73d81f891a8492b036,08/01/2025 09:02:00 AM,2,PARKED,,2020204,,NISSAN,ALTIMA,IL,2014,UNKNOWN,PASSENGER,PERSONAL,W,PARKED,,,0,,,,,,,,,,,,,,,Y,,,FRONT-LEFT-CORNER,,,,,,,,,,,,,,,,,,,,,,,,,,,,,,,,,
2119104,2a0b26fe7616200b9529e15d0d32c7272cf504426dcf4493ce9ba07f38f2ab3f1473315986cfaaa07ab19d04fe30184edf2befa07b541a895f4dc4d14875b63c,08/01/2025 09:00:00 AM,1,DRIVER,,2020134,,TOYOTA,CAMRY,IL,2011,UNKNOWN,PASSENGER,PERSONAL,E,PASSING/OVERTAKING,,,1,,,,,,,,,,,,,,Y,Y,,,FRONT-LEFT-CORNER,,,,,,,,,,,,,,,,,,,,,,,,,,,,,,,,,
2119105,2a0b26fe7616200b9529e15d0d32c7272cf504426dcf4493ce9ba07f38f2ab3f1473315986cfaaa07ab19d04fe30184edf2befa07b541a895f4dc4d14875b63c,08/01/2025 09:00:00 AM,2,DRIVER,,2020135,,MAZDA,CX-3,IL,2019,UNKNOWN,PASSENGER,PERSONAL,E,STRAIGHT AHEAD,,,1,,,,,Y,Y,,,,,,,,,,,,FRONT-RIGHT-CORNER,,,,,,,,,,,,,,,,,,,,,,,,,,,,,,,,,
2119192,55ad901fee775312f5485be962071bc71f3caf83d89bbc7c64ebfdb8f504265504b8cca12e1983367be6c603ed85a197f625a40075134992ab091464eae96de4,08/01/2025 09:00:00 AM,1,DRIVER,,2020210,,UNKNOWN,OTHER (EXPLAIN IN NARRATIVE),,,UNKNOWN,UNKNOWN/NA,UNKNOWN/NA,UNKNOWN,UNKNOWN/NA,,,1,,,,,,,,,,,,,,,,,Y,UNKNOWN,,,,,,,,,,,,,,,,,,,,,,,,,,,,,,,,,
2119193,55ad901fee775312f5485be962071bc71f3caf83d89bbc7c64ebfdb8f504265504b8cca12e1983367be6c603ed85a197f625a40075134992ab091464eae96de4,08/01/2025 09:00:00 AM,2,PARKED,,2020213,,CHEVROLET,MALIBU,IL,2010,OTHER,PASSENGER,NOT IN USE,E,PARKED,,,0,,,,,Y,Y,,,,,,,,,N,,,FRONT-RIGHT-CORNER,,,,,,,,,,,,,,,,,,,,,,,,,,,,,,,,,
2121290,7e08e1f588a4c6b1db845e94f96f17719ee710d62991966cf97b8bdc4197774afad07292ba9ba055a38ddb69d5cebbbcf471e645b4356c92804ad18091cf2928,08/01/2025 09:00:00 AM,1,DRIVER,,2022237,,TOYOTA,PRIUS,IL,2015,NONE,PASSENGER,TAXI/FOR HIRE,E,STRAIGHT AHEAD,,,1,,,,,Y,,,,,,,,,,Y,Y,,FRONT,,,,,,,,,,,,,,,,,,,,,,,,,,,,,,,,,
2121291,7e08e1f588a4c6b1db845e94f96f17719ee710d62991966cf97b8bdc4197774afad07292ba9ba055a38ddb69d5cebbbcf471e645b4356c92804ad18091cf2928,08/01/2025 09:00:00 AM,2,DRIVER,,2022240,,LEXUS,300,IL,2025,NONE,PASSENGER,PERSONAL,S,STRAIGHT AHEAD,,,1,,,,,,,,Y,Y,,,,,,,,,REAR-RIGHT-CORNER,,,,,,,,,,,,,,,,,,,,,,,,,,,,,,,,,
2119258,84c7f841032b0c7cfe84f8e39ab1a719176f694b6e6006e7e3f775e274620f5605ee87a85da3aa9a81d4ae44a4d523d8f1ab6153f5fce9a9629a43d833cd29e5,08/01/2025 09:00:00 AM,1,DRIVER,,2020324,,UNKNOWN,OTHER (EXPLAIN IN NARRATIVE),IL,,UNKNOWN,PASSENGER,UNKNOWN/NA,UNKNOWN,UNKNOWN/NA,,,1,,,,Y,,,,,,,,,,,,,,UNKNOWN,,,,,,,,,,,,,,,,,,,,,,,,,,,,,,,,,
2119259,84c7f841032b0c7cfe84f8e39ab1a719176f694b6e6006e7e3f775e274620f5605ee87a85da3aa9a81d4ae44a4d523d8f1ab6153f5fce9a9629a43d833cd29e5,08/01/2025 09:00:00 AM,2,PARKED,,2020288,,TOYOTA,COROLLA,IL,2021,UNKNOWN,UNKNOWN/NA,UNKNOWN/NA,E,PARKED,,,0,,,,,,,,,,,Y,,,,,,,REAR-LEFT-CORNER,,,,,,,,,,,,,,,,,,,,,,,,,,,,,,,,,
2119098,bf69337cb58f724f0b29db1517eebc07a7ababe9e94469f60fccd73ca45eab965084890a3893032529b65ed60ae3b19dab3452d1e6ca39461251c8d549d46ad2,08/01/2025 09:00:00 AM,1,DRIVER,,2020126,,UNKNOWN,OTHER (EXPLAIN IN NARRATIVE),IL,,UNKNOWN,UNKNOWN/NA,UNKNOWN/NA,W,OTHER,,,1,,,,,,,,,,Y,,,,,,,,REAR,,,,,,,,,,,,,,,,,,,,,,,,,,,,,,,,,
2119099,bf69337cb58f724f0b29db1517eebc07a7ababe9e94469f60fccd73ca45eab965084890a3893032529b65ed60ae3b19dab3452d1e6ca39461251c8d549d46ad2,08/01/2025 09:00:00 AM,2,PARKED,,2020133,,TOYOTA,CAMRY,IL,2014,UNKNOWN,PASSENGER,TAXI/FOR HIRE,W,PARKED,,,0,,,,,,,,,,Y,,,,,,,,REAR,,,,,,,,,,,,,,,,,,,,,,,,,,,,,,,,,
2119094,ec87ef65b3fb73b916d66cc160d28493c2397c0a3ff43505581cb8d47a5df3fb011b0397978158540abde46b53a2b868bd671947d2f6e93d1ed1b9e42e21ce99,08/01/2025 09:00:00 AM,1,DRIVER,,2020119,,HONDA,OTHER (EXPLAIN IN NARRATIVE),IL,,UNKNOWN,SPORT UTILITY VEHICLE (SUV),UNKNOWN/NA,S,STRAIGHT AHEAD,,,1,,,,,,,,,,,,,N,N,,,,UNKNOWN,,,,,,,,,,,,,,,,,,,,,,,,,,,,,,,,,
2119095,ec87ef65b3fb73b916d66cc160d28493c2397c0a3ff43505581cb8d47a5df3fb011b0397978158540abde46b53a2b868bd671947d2f6e93d1ed1b9e42e21ce99,08/01/2025 09:00:00 AM,2,DRIVER,,2020130,,NOVA BUS,LFS,IL,2022,NONE,BUS OVER 15 PASS.,CTA,S,SLOW/STOP IN TRAFFIC,,,1,,,,,,,,,,,,,Y,Y,,,,SIDE-LEFT,,,,,,,,,,,,,,,,,,,,,,,,,,,,,,,,,
2119085,3007e35a9de33d63998946e06cfbff60270141a97ac08bf9f37a5bc9a57a57974ceabee03f589369cdd375e43d2c4d16330dd2c0e1ef5fbde8b558bb59fc3e77,08/01/2025 08:53:00 AM,1,DRIVER,,2020115,,DODGE,CARAVAN,IL,2019,UNKNOWN,VAN/MINI-VAN,PERSONAL,E,STRAIGHT AHEAD,,,1,,,,,Y,,,,,,,,,,Y,Y,,FRONT,,,,,,,,,,,,,,,,,,,,,,,,,,,,,,,,,
2119086,3007e35a9de33d63998946e06cfbff60270141a97ac08bf9f37a5bc9a57a57974ceabee03f589369cdd375e43d2c4d16330dd2c0e1ef5fbde8b558bb59fc3e77,08/01/2025 08:53:00 AM,2,DRIVER,,2020120,,HYUNDAI,SONATA,IL,2012,UNKNOWN,PASSENGER,PERSONAL,W,TURNING LEFT,,,1,,,,,N,,Y,Y,Y,,Y,Y,,,,,,SIDE-RIGHT,,,,,,,,,,,,,,,,,,,,,,,,,,,,,,,,,
2119087,3007e35a9de33d63998946e06cfbff60270141a97ac08bf9f37a5bc9a57a57974ceabee03f589369cdd375e43d2c4d16330dd2c0e1ef5fbde8b558bb59fc3e77,08/01/2025 08:53:00 AM,3,DRIVER,1,2020125,,TOYOTA,OTHER (EXPLAIN IN NARRATIVE),IL,2025,UNKNOWN,SPORT UTILITY VEHICLE (SUV),PERSONAL,N,SLOW/STOP IN TRAFFIC,,,2,,,,,,,,,,,,,,,Y,,,FRONT-LEFT-CORNER,,,,,,,,,,,,,,,,,,,,,,,,,,,,,,,,,
2119082,a47cfc0a0a86dd743f69092ed2c0c5e65cf25720adc1c1c7a66e5a25c8d421fcbdb0e91e9c6c5c48a952e46b723b8d248a96ba9849aaa44b165e0853a5676606,08/01/2025 08:53:00 AM,1,DRIVER,,2020124,,VOLKSWAGEN,PASSAT,IL,2015,NONE,PASSENGER,PERSONAL,S,STRAIGHT AHEAD,,,1,,,,,,,,,,,,,,,,Y,,FRONT,,,,,,,,,,,,,,,,,,,,,,,,,,,,,,,,,
2119083,a47cfc0a0a86dd743f69092ed2c0c5e65cf25720adc1c1c7a66e5a25c8d421fcbdb0e91e9c6c5c48a952e46b723b8d248a96ba9849aaa44b165e0853a5676606,08/01/2025 08:53:00 AM,2,DRIVER,,2020110,,SATURN,ION,IL,,NONE,PASSENGER,PERSONAL,S,SLOW/STOP IN TRAFFIC,,,1,,,,,,,,,,Y,,,,,,Y,,REAR,,,,,,,,,,,,,,,,,,,,,,,,,,,,,,,,,
2119084,a47cfc0a0a86dd743f69092ed2c0c5e65cf25720adc1c1c7a66e5a25c8d421fcbdb0e91e9c6c5c48a952e46b723b8d248a96ba9849aaa44b165e0853a5676606,08/01/2025 08:53:00 AM,3,DRIVER,,2020121,,NISSAN,ALTIMA,IL,2015,NONE,PASSENGER,PERSONAL,S,SLOW/STOP IN TRAFFIC,,,1,,,,,,,,,,Y,,,,,,,,REAR,,,,,,,,,,,,,,,,,,,,,,,,,,,,,,,,,
2119182,2fb0eb90376d9dc95ff7d4b4d93ad3ec48d29f53105d6fc5f8b8ebd038ff85cf7d2878270a55b59bb5960dba78f0d120430505a30bceaab2a4b895d9b5b451ec,08/01/2025 08:52:00 AM,1,DRIVER,1,2020216,,TESLA,MODEL Y,IL,2026,UNKNOWN,PASSENGER,PERSONAL,E,TURNING LEFT,Y,,2,,STREETS AND SANITATION,,,Y,,,,,,,,,,Y,Y,,FRONT,,,,,,,,,,,,,,,,,,,,,,,,,,,,,,,,,
2119080,f8491a35715f4dac1ff06a28e047f88a8c4eca95395a842408e587364014e189f2e785d0c872658e50af02350960325f43b061ffec6c00883d17784b2cf3c216,08/01/2025 08:49:00 AM,1,DRIVER,,2020111,,CHEVROLET,IMPALA,IL,2019,UNKNOWN,PASSENGER,PERSONAL,E,STRAIGHT AHEAD,,,1,,,,,Y,,,,,,,,,,,,Y,UNKNOWN,,,,,,,,,,,,,,,,,,,,,,,,,,,,,,,,,
2119081,f8491a35715f4dac1ff06a28e047f88a8c4eca95395a842408e587364014e189f2e785d0c872658e50af02350960325f43b061ffec6c00883d17784b2cf3c216,08/01/2025 08:49:00 AM,2,DRIVER,,2020118,,TOYOTA,COROLLA,IL,1999,UNKNOWN,PASSENGER,PERSONAL,N,TURNING LEFT,,,1,,,,,Y,,,,,,,,,,Y,Y,,FRONT,,,,,,,,,,,,,,,,,,,,,,,,,,,,,,,,,
2119092,c4fb335422d964ee15cfede762b29ae30dc0c1fb6d70f1ef919d9626b745fd139fe69c6decb19c981a511e16030c4287ec8293ca8522ab3322078e1a4a61b310,08/01/2025 08:45:00 AM,1,DRIVER,1,2020123,,TOYOTA,COROLLA,FL,2020,NONE,PASSENGER,PERSONAL,S,STRAIGHT AHEAD,,,2,,,,,,,,,,,,,Y,Y,Y,Y,,FRONT-LEFT-CORNER,,,,,,,,,,,,,,,,,,,,,,,,,,,,,,,,,
2119093,c4fb335422d964ee15cfede762b29ae30dc0c1fb6d70f1ef919d9626b745fd139fe69c6decb19c981a511e16030c4287ec8293ca8522ab3322078e1a4a61b310,08/01/2025 08:45:00 AM,2,DRIVER,,2020131,,TOYOTA,RAV4,IL,2013,NONE,PASSENGER,PERSONAL,S,STRAIGHT AHEAD,,,1,,,,,,Y,Y,Y,Y,,,,,,,,,SIDE-RIGHT,,,,,,,,,,,,,,,,,,,,,,,,,,,,,,,,,
2119100,d9b3f3fd666a36d22ad19f3cb859b44344e48a6359d4034c2dd47a95f96bac281555d37033cac36534c924dcedfd803b7d9cdbedc9fb1f4408ed49a5adb0a8ea,08/01/2025 08:42:00 AM,1,DRIVER,2,2020132,,SUBARU,OUTBACK,IL,2013,UNKNOWN,PASSENGER,PERSONAL,S,TURNING RIGHT,,,3,,,,,N,,,,,,,,,,Y,Y,,FRONT,,,,,,,,,,,,,,,,,,,,,,,,,,,,,,,,,
2119101,d9b3f3fd666a36d22ad19f3cb859b44344e48a6359d4034c2dd47a95f96bac281555d37033cac36534c924dcedfd803b7d9cdbedc9fb1f4408ed49a5adb0a8ea,08/01/2025 08:42:00 AM,2,BICYCLE,,,,,,,,,,,,,,,,,,,,,,,,,,,,,,,,,,,,,,,,,,,,,,,,,,,,,,,,,,,,,,,,,,
2119069,77b42441a2feae713224a121aa883774570f064b7e47e7fd82913d025d5c62bd1f709032b41aa5eb7f6bcebc89cbced4529587ce891be421e73c872d4e7e961a,08/01/2025 08:40:00 AM,1,DRIVER,,2020100,,CHEVROLET,MALIBU,IL,,NONE,PASSENGER,OTHER,N,OTHER,,,1,,,,,,,,,,,,,,,,,Y,FRONT,,,,,,,,,,,,,,,,,,,,,,,,,,,,,,,,,
2119070,77b42441a2feae713224a121aa883774570f064b7e47e7fd82913d025d5c62bd1f709032b41aa5eb7f6bcebc89cbced4529587ce891be421e73c872d4e7e961a,08/01/2025 08:40:00 AM,2,DRIVER,,2020101,,TOYOTA,RAV4,IL,2016,NONE,PASSENGER,PERSONAL,E,STRAIGHT AHEAD,,,1,,,,,,Y,Y,Y,,,,,,,,,,SIDE-RIGHT,,,,,,,,,,,,,,,,,,,,,,,,,,,,,,,,,
2119106,e4cb8b3d7a34abd03b3e00c2cd74991f9fee99568bf39d0aa4266c58d069b7e6c1ceb5e9dd61f04f0a1b5ef3c68a2eed73785ba8154ca0e97b43f2377c902fa4,08/01/2025 08:30:00 AM,1,DRIVER,1,2020145,,FORD,EXPLORER,IL,2023,NONE,OTHER,POLICE,E,OTHER,,,2,,,,,Y,Y,,,,,,,,,,,,FRONT-RIGHT-CORNER,,,,,,,,,,,,,,,,,,,,,,,,,,,,,,,,,
2119883,16c09d97c5837e51a3b6cc7b86b6ec28d2fa1c00f45b58469b3ee91ee2964ac51625be07930904a1f815e8e2be1869ef22bef4250e4abffe35fdf705c0097d9e,08/01/2025 08:28:00 AM,1,DRIVER,,2020889,,FORD,ECONOLINE E150,IL,2011,UNKNOWN,VAN/MINI-VAN,UNKNOWN/NA,W,STRAIGHT AHEAD,,,1,,,,,,,,,,,,,,,Y,,,FRONT-LEFT-CORNER,,,,,,,,,,,,,,,,,,,,,,,,,,,,,,,,,
2119884,16c09d97c5837e51a3b6cc7b86b6ec28d2fa1c00f45b58469b3ee91ee2964ac51625be07930904a1f815e8e2be1869ef22bef4250e4abffe35fdf705c0097d9e,08/01/2025 08:28:00 AM,2,DRIVER,,2020890,,FORD,FUSION,IL,2017,UNKNOWN,PASSENGER,PERSONAL,E,LEAVING TRAFFIC LANE TO PARK,,,1,,,,,,,,,,,,,,,Y,,,FRONT-LEFT-CORNER,,,,,,,,,,,,,,,,,,,,,,,,,,,,,,,,,
2119051,72f439338ab7f1e64edf7128830e42dd81f59fb1306495f290bcf572d794c898d39f2c8b3f962b7659d3e46896f539153fdfc7b9936e824a36c5c6a1f20414a9,08/01/2025 08:00:00 AM,1,DRIVER,,2020086,,BUICK,LACROSSE,IL,2015,NONE,PASSENGER,PERSONAL,N,STRAIGHT AHEAD,,,1,,,,,Y,Y,,,,,,,,,,Y,,FRONT-RIGHT-CORNER,,,,,,,,,,,,,,,,,,,,,,,,,,,,,,,,,
2119052,72f439338ab7f1e64edf7128830e42dd81f59fb1306495f290bcf572d794c898d39f2c8b3f962b7659d3e46896f539153fdfc7b9936e824a36c5c6a1f20414a9,08/01/2025 08:00:00 AM,2,DRIVER,,2020097,,HONDA,CR-V,IL,2017,NONE,SPORT UTILITY VEHICLE (SUV),PERSONAL,N,STRAIGHT AHEAD,,,1,,,,,,,,,,Y,Y,Y,,,,,,REAR-LEFT-CORNER,,,,,,,,,,,,,,,,,,,,,,,,,,,,,,,,,
2119147,ad52b6961615962727119e0a547d9a511d0b49bf33e4bc97ca5daf0af6e0351745ca1749c13d471bc1f017fbef30abddf3ce88f74db3d5e3369a9faa01cca22c,08/01/2025 08:00:00 AM,1,DRIVER,,2020179,,UNKNOWN,OTHER (EXPLAIN IN NARRATIVE),,,UNKNOWN,UNKNOWN/NA,UNKNOWN/NA,S,UNKNOWN/NA,,,1,,,,,,,,,,,,,,,,,Y,UNKNOWN,,,,,,,,,,,,,,,,,,,,,,,,,,,,,,,,,
2119148,ad52b6961615962727119e0a547d9a511d0b49bf33e4bc97ca5daf0af6e0351745ca1749c13d471bc1f017fbef30abddf3ce88f74db3d5e3369a9faa01cca22c,08/01/2025 08:00:00 AM,2,PARKED,,2020183,,LEXUS,GS350,IL,2007,UNKNOWN,PASSENGER,PERSONAL,S,PARKED,Y,,0,,unknown,unknown,,,,Y,Y,Y,Y,Y,Y,,,,,,SIDE-RIGHT-REAR,,,,,,,,,,,,,,,,,,,,,,,,,,,,,,,,,
2119090,c54f56e553f017db77448acca833d1b998c6c6cc9ad25239498d18287a7af5a8f9c3fbcf18e2b262fd3dab0657410136b96dc19391c7a0c410800186e4b94589,08/01/2025 08:00:00 AM,1,DRIVER,,2020113,,JEEP,COMPASS,IL,,NONE,PASSENGER,UNKNOWN/NA,W,BACKING,,,1,,,,,,,,,,Y,,,,,,,,REAR,,,,,,,,,,,,,,,,,,,,,,,,,,,,,,,,,
2119091,c54f56e553f017db77448acca833d1b998c6c6cc9ad25239498d18287a7af5a8f9c3fbcf18e2b262fd3dab0657410136b96dc19391c7a0c410800186e4b94589,08/01/2025 08:00:00 AM,2,DRIVER,,2020114,,FORD,RANGER,IL,2006,NONE,PASSENGER,PERSONAL,E,STRAIGHT AHEAD,,,1,,,,,,,,,,,,,,,,Y,,FRONT,,,,,,,,,,,,,,,,,,,,,,,,,,,,,,,,,
2119264,0bf5916faf138241b925e89195a517ff667efe8893053691e8e53bb2ff55f43a1bfaa5b45accf885e9e7349d2edab2d659de22acc5354f83457428b3ce1f0246,08/01/2025 07:40:00 AM,1,DRIVER,,2020279,,HONDA,ODYSSEY,IL,2011,UNKNOWN,PASSENGER,UNKNOWN/NA,N,MERGING,,,1,,,,,Y,,,,,,,,,,,Y,,FRONT-RIGHT-CORNER,,,,,,,,,,,,,,,,,,,,,,,,,,,,,,,,,
2119265,0bf5916faf138241b925e89195a517ff667efe8893053691e8e53bb2ff55f43a1bfaa5b45accf885e9e7349d2edab2d659de22acc5354f83457428b3ce1f0246,08/01/2025 07:40:00 AM,2,DRIVER,,2020283,,TOYOTA,OTHER (EXPLAIN IN NARRATIVE),IL,,UNKNOWN,PASSENGER,UNKNOWN/NA,N,STRAIGHT AHEAD,,,1,,,,,,,,,,,Y,Y,,,,,,SIDE-LEFT-REAR,,,,,,,,,,,,,,,,,,,,,,,,,,,,,,,,,
2119057,f73c3e3b9b0b7adf497cfd0f900173dfe4e34b2dc6613206e9f6f6f6720307b352f1afe250ba23c302edd9f50b1296860694f3ca9354f9b1fd93d87d05ab32e8,08/01/2025 07:37:00 AM,1,DRIVER,,2020082,,NISSAN,OTHER (EXPLAIN IN NARRATIVE),XX,,UNKNOWN,PASSENGER,PERSONAL,E,STRAIGHT AHEAD,,,1,,,,,,,,,,,,,,,,,,UNKNOWN,,,,,,,,,,,,,,,,,,,,,,,,,,,,,,,,,
2119058,f73c3e3b9b0b7adf497cfd0f900173dfe4e34b2dc6613206e9f6f6f6720307b352f1afe250ba23c302edd9f50b1296860694f3ca9354f9b1fd93d87d05ab32e8,08/01/2025 07:37:00 AM,2,DRIVER,,2020096,,ACURA,TLX,IL,2024,UNKNOWN,PASSENGER,PERSONAL,E,STRAIGHT AHEAD,Y,,1,,PRIVATE TOW,,,Y,,,,,,,,,,Y,Y,,FRONT,,,,,,,,,,,,,,,,,,,,,,,,,,,,,,,,,
2119611,aee7f5df5eb92491aeaa68deedee1ee2ebe6e9da596227e3d59fb1f0e64574ae15b69854078d70cf511a9910d5e6117c6bb6618e1a78a28110deee21840a32fe,08/01/2025 07:30:00 AM,1,DRIVER,,2020622,,FORD,VAN,IL,2019,NONE,VAN/MINI-VAN,UNKNOWN/NA,W,STRAIGHT AHEAD,,,1,,,,,Y,Y,Y,,,,,,,,,,,FRONT-RIGHT-CORNER,,,,,,,,,,,,,,,,,,,,,,,,,,,,,,,,,
2119612,aee7f5df5eb92491aeaa68deedee1ee2ebe6e9da596227e3d59fb1f0e64574ae15b69854078d70cf511a9910d5e6117c6bb6618e1a78a28110deee21840a32fe,08/01/2025 07:30:00 AM,2,PARKED,,2020611,,VOLKSWAGEN,OTHER (EXPLAIN IN NARRATIVE),MS,2024,NONE,PASSENGER,NOT IN USE,W,PARKED,,,0,,,,,,,,,,,,,,Y,Y,,,FRONT-LEFT-CORNER,,,,,,,,,,,,,,,,,,,,,,,,,,,,,,,,,
2119638,e954720a720a839796a5e6257ea148b13f282772cf48c389389d38b1e650c5dbbd37ba035c1e5030a474f12669b43dbf84bf6a8a1a02e575b66a10f1c607dff6,08/01/2025 07:30:00 AM,1,DRIVER,,2020638,,UNKNOWN,OTHER (EXPLAIN IN NARRATIVE),,,UNKNOWN,UNKNOWN/NA,UNKNOWN/NA,UNKNOWN,UNKNOWN/NA,,,1,,,,,,,,,,,,,,,,,Y,UNKNOWN,,,,,,,,,,,,,,,,,,,,,,,,,,,,,,,,,
2119639,e954720a720a839796a5e6257ea148b13f282772cf48c389389d38b1e650c5dbbd37ba035c1e5030a474f12669b43dbf84bf6a8a1a02e575b66a10f1c607dff6,08/01/2025 07:30:00 AM,2,PARKED,,2020639,,GENERAL MOTORS CORPORATION (GMC),SIERRA,IL,2019,UNKNOWN,PICKUP,PERSONAL,S,PARKED,,,0,,,,,,,,,,,Y,,,,,,,REAR-LEFT-CORNER,,,,,,,,,,,,,,,,,,,,,,,,,,,,,,,,,
2119841,11abbb818f717c692e7e849f26cf03f951137b07ab7c0d494d69fd41a54ded56cd14a268485ebd9c844a08bca4f5ac5a6c06114068d27941e5f4d3a6b9530841,08/01/2025 07:20:00 AM,1,DRIVER,,2020846,,FORD,OTHER (EXPLAIN IN NARRATIVE),IL,2019,NONE,TRUCK - SINGLE UNIT,COMMERCIAL - SINGLE UNIT,E,TURNING RIGHT,,,1,,,,,Y,Y,Y,Y,Y,,,,,,,,,SIDE-RIGHT,,,,,,,,,,,,,,,,,,,,,,,,,,,,,,,,,
2119842,11abbb818f717c692e7e849f26cf03f951137b07ab7c0d494d69fd41a54ded56cd14a268485ebd9c844a08bca4f5ac5a6c06114068d27941e5f4d3a6b9530841,08/01/2025 07:20:00 AM,2,PARKED,,2020848,,VOLKSWAGEN,OTHER (EXPLAIN IN NARRATIVE),MS,2024,NONE,PASSENGER,PERSONAL,E,PARKED,,,0,,,,,,,,,,,,,,Y,Y,N,,FRONT-LEFT-CORNER,,,,,,,,,,,,,,,,,,,,,,,,,,,,,,,,,
2119047,bae5d7842d13659529681a7fea854a9ec2a1d139f5ffc36ed375ddcdad4274d01414918c590cce03027e36b10a045f19359243d765a24de6ba57c276faf802af,08/01/2025 07:10:00 AM,1,DRIVER,,2020080,,FORD,MAVERICK TRUCK,IL,2024,NONE,PICKUP,PERSONAL,N,TURNING RIGHT,,,1,,,,,Y,,,,,,,,,,,,,FRONT-RIGHT-CORNER,,,,,,,,,,,,,,,,,,,,,,,,,,,,,,,,,
2119048,bae5d7842d13659529681a7fea854a9ec2a1d139f5ffc36ed375ddcdad4274d01414918c590cce03027e36b10a045f19359243d765a24de6ba57c276faf802af,08/01/2025 07:10:00 AM,2,DRIVER,,2020095,,MERCEDES-BENZ,CLK320,IL,2007,NONE,PASSENGER,PERSONAL,W,STRAIGHT AHEAD,,,1,,,,,,Y,Y,Y,,,,,,,,,,SIDE-RIGHT,,,,,,,,,,,,,,,,,,,,,,,,,,,,,,,,,