CRASH_UNIT_ID,CRASH_RECORD_ID,CRASH_DATE,UNIT_NO,UNIT_TYPE,NUM_PASSENGERS,VEHICLE_ID,CMRC_VEH_I,MAKE,MODEL,LIC_PLATE_STATE,VEHICLE_YEAR,VEHICLE_DEFECT,VEHICLE_TYPE,VEHICLE_USE,TRAVEL_DIRECTION,MANEUVER,TOWED_I,FIRE_I,OCCUPANT_CNT,EXCEED_SPEED_LIMIT_I,TOWED_BY,TOWED_TO,AREA_00_I,AREA_01_I,AREA_02_I,AREA_03_I,AREA_04_I,AREA_05_I,AREA_06_I,AREA_07_I,AREA_08_I,AREA_09_I,AREA_10_I,AREA_11_I,AREA_12_I,AREA_99_I,FIRST_CONTACT_POINT,CMV_ID,USDOT_NO,CCMC_NO,ILCC_NO,COMMERCIAL_SRC,GVWR,CARRIER_NAME,CARRIER_STATE,CARRIER_CITY,HAZMAT_PLACARDS_I,HAZMAT_NAME,UN_NO,HAZMAT_PRESENT_I,HAZMAT_REPORT_I,HAZMAT_REPORT_NO,MCS_REPORT_I,MCS_REPORT_NO,HAZMAT_VIO_CAUSE_CRASH_I,MCS_VIO_CAUSE_CRASH_I,IDOT_PERMIT_NO,WIDE_LOAD_I,TRAILER1_WIDTH,TRAILER2_WIDTH,TRAILER1_LENGTH,TRAILER2_LENGTH,TOTAL_VEHICLE_LENGTH,AXLE_CNT,VEHICLE_CONFIG,CARGO_BODY_TYPE,LOAD_TYPE,HAZMAT_OUT_OF_SERVICE_I,MCS_OUT_OF_SERVICE_I,HAZMAT_CLASS
2119063,28901df7785e9f8ea9d4a017df811e7ba88b7cf7e533dfe5de99ef345923392c984ca78bb196b3d618852dbf413b31df4b1f99019e4759e804a249722bd78d3c,08/01/2025 07:05:00 AM,1,DRIVER,,2020099,,DODGE,DURANGO,IL,2022,NONE,PASSENGER,PERSONAL,E,STRAIGHT AHEAD,,,1,,,,,,,,,,,,,,,,Y,,FRONT,,,,,,,,,,,,,,,,,,,,,,,,,,,,,,,,,
2119064,28901df7785e9f8ea9d4a017df811e7ba88b7cf7e533dfe5de99ef345923392c984ca78bb196b3d618852dbf413b31df4b1f99019e4759e804a249722bd78d3c,08/01/2025 07:05:00 AM,2,DRIVER,,2020094,,VOLKSWAGEN,PASSAT,IL,2013,NONE,PASSENGER,PERSONAL,E,STRAIGHT AHEAD,,,1,,,,,,,,,,Y,,,,,,,,REAR,,,,,,,,,,,,,,,,,,,,,,,,,,,,,,,,,
2119088,0355751b5e6e7fbfdd3f74f37541b616b779d6e71990732312a5c69397f3ab5f9e3cefda53473b25eed9fa5eda6accf367950dcb8f40e2e6aeb1664886286ccd,08/01/2025 07:00:00 AM,1,DRIVER,,2020289,,UNKNOWN,OTHER (EXPLAIN IN NARRATIVE),,,UNKNOWN,UNKNOWN/NA,UNKNOWN/NA,UNKNOWN,UNKNOWN/NA,,,1,,,,,,,,,,,,,,,,,,UNKNOWN,,,,,,,,,,,,,,,,,,,,,,,,,,,,,,,,,
2119089,0355751b5e6e7fbfdd3f74f37541b616b779d6e71990732312a5c69397f3ab5f9e3cefda53473b25eed9fa5eda6accf367950dcb8f40e2e6aeb1664886286ccd,08/01/2025 07:00:00 AM,2,PARKED,,2020117,,CHEVROLET,MALIBU,IL,2023,NONE,PICKUP,PERSONAL,W,PARKED,,,0,,,,,,,,,,,,,,,Y,,,FRONT-LEFT-CORNER,,,,,,,,,,,,,,,,,,,,,,,,,,,,,,,,,
2119652,1a5ce89eae2083fcc312d9551e93942e1273fa7e0f47cb1ad3d5f62bb72b09de02b7b03e656b874c0c43881c6ccbf1ac932b862ac3b7814631c194a556ca530b,08/01/2025 07:00:00 AM,1,DRIVER,,2020696,,UNKNOWN,OTHER (EXPLAIN IN NARRATIVE),IL,,UNKNOWN,UNKNOWN/NA,UNKNOWN/NA,N,STRAIGHT AHEAD,,,1,,,,,Y,Y,Y,Y,Y,,,,,,,Y,Y,SIDE-RIGHT,,,,,,,,,,,,,,,,,,,,,,,,,,,,,,,,,
2119653,1a5ce89eae2083fcc312d9551e93942e1273fa7e0f47cb1ad3d5f62bb72b09de02b7b03e656b874c0c43881c6ccbf1ac932b862ac3b7814631c194a556ca530b,08/01/2025 07:00:00 AM,2,PARKED,,2020697,,TOYOTA,RAV4,IL,2017,NONE,PASSENGER,PERSONAL,N,PARKED,,,0,,,,,,,,,,,Y,Y,Y,Y,Y,Y,,SIDE-LEFT,,,,,,,,,,,,,,,,,,,,,,,,,,,,,,,,,
2119049,7cfe68e03c35a7a6cfb9c464645d226f5caab88beb2dadf36565630753facc60230d9c9fc1b6ab53439c42eb31e7bbe475bc54ac9431785ab0a43fe408f6888d,08/01/2025 07:00:00 AM,1,DRIVER,,2020081,,ISUZU,TRUCK,IL,2004,NONE,PICKUP,COMMERCIAL - SINGLE UNIT,N,MERGING,,,1,,,,N,Y,N,N,,,,,,,,,,,FRONT-RIGHT-CORNER,,,,,,,,,,,,,,,,,,,,,,,,,,,,,,,,,
2119050,7cfe68e03c35a7a6cfb9c464645d226f5caab88beb2dadf36565630753facc60230d9c9fc1b6ab53439c42eb31e7bbe475bc54ac9431785ab0a43fe408f6888d,08/01/2025 07:00:00 AM,2,DRIVER,,2020087,,HONDA,ACCORD,IL,2017,NONE,PASSENGER,PERSONAL,N,UNKNOWN/NA,,,1,,,,,,,,,,,,Y,Y,Y,Y,,,SIDE-LEFT-FRONT,,,,,,,,,,,,,,,,,,,,,,,,,,,,,,,,,
2119078,06ac944118b3b50c68961d628e2df402656e3f361ed161304e21a2d72c0f131172d2c7bf1c52efd74fcf5c94a9244ecb92109cc4beb39ff8b411f2a2e6d52340,08/01/2025 06:50:00 AM,1,DRIVER,,2020109,,MERCEDES-BENZ,OTHER (EXPLAIN IN NARRATIVE),IL,2014,NONE,SPORT UTILITY VEHICLE (SUV),PERSONAL,E,U-TURN,,,1,,,,,,,,,Y,,,,,,,,,REAR-RIGHT-CORNER,,,,,,,,,,,,,,,,,,,,,,,,,,,,,,,,,
2119079,06ac944118b3b50c68961d628e2df402656e3f361ed161304e21a2d72c0f131172d2c7bf1c52efd74fcf5c94a9244ecb92109cc4beb39ff8b411f2a2e6d52340,08/01/2025 06:50:00 AM,2,DRIVER,1,2020116,,HYUNDAI,SONATA,IL,2007,NONE,PASSENGER,PERSONAL,E,STRAIGHT AHEAD,Y,,2,,UNK,UNK,,Y,Y,,,,,,,,,Y,,,FRONT-LEFT-CORNER,,,,,,,,,,,,,,,,,,,,,,,,,,,,,,,,,
2119059,4330a5826729e34a3e56cafe3620e369bf98e0fbdc62c52ab3df7d5995aaaed5bd29ed8157a8840df1fdf530ddfa63b71994e25b19f66f2091343a770e376c84,08/01/2025 06:46:00 AM,1,DRIVER,,2020088,,HONDA,INSIGHT,IL,2019,NONE,PASSENGER,PERSONAL,W,LEAVING TRAFFIC LANE TO PARK,,,1,,,,,,Y,,,,,,,,,,,,SIDE-RIGHT,,,,,,,,,,,,,,,,,,,,,,,,,,,,,,,,,
2119060,4330a5826729e34a3e56cafe3620e369bf98e0fbdc62c52ab3df7d5995aaaed5bd29ed8157a8840df1fdf530ddfa63b71994e25b19f66f2091343a770e376c84,08/01/2025 06:46:00 AM,2,BICYCLE,,,,,,,,,,,,,,,,,,,,,,,,,,,,,,,,,,,,,,,,,,,,,,,,,,,,,,,,,,,,,,,,,,
2119031,065e6b814490f5532e0f86653479e5f0ca7ffb952c215144472d45d5baaded24c78d21fdb2c49692fcc32f341690a1767897151376f5cf4a12d8b6ae1a378c47,08/01/2025 06:45:00 AM,1,DRIVER,,2020067,,VOLKSWAGEN,TOUAREG,IL,2022,NONE,SPORT UTILITY VEHICLE (SUV),PERSONAL,S,STRAIGHT AHEAD,,,1,,,,,,,,,,,,,,N,N,N,Y,UNKNOWN,,,,,,,,,,,,,,,,,,,,,,,,,,,,,,,,,
2119032,065e6b814490f5532e0f86653479e5f0ca7ffb952c215144472d45d5baaded24c78d21fdb2c49692fcc32f341690a1767897151376f5cf4a12d8b6ae1a378c47,08/01/2025 06:45:00 AM,2,DRIVER,,2020078,,CHEVROLET,EXPRESS,IL,2011,NONE,VAN/MINI-VAN,UNKNOWN/NA,S,STRAIGHT AHEAD,Y,,1,,unk,,,Y,Y,Y,,,,,,,,,Y,,FRONT-LEFT-CORNER,,,,,,,,,,,,,,,,,,,,,,,,,,,,,,,,,
2119033,fe3f0359d16f66db55928126958cc48f74022947a2a918f5552d1415c33ccb4a672424248dc034ff653b2cab8f598c2178647906b174624ea832c9c353dd2ab1,08/01/2025 06:35:00 AM,1,DRIVER,,2020064,,CHEVROLET,MALIBU,IL,2023,NONE,PASSENGER,PERSONAL,E,STRAIGHT AHEAD,,,1,,,,,N,Y,Y,Y,N,,,,,,,,,SIDE-RIGHT,,,,,,,,,,,,,,,,,,,,,,,,,,,,,,,,,
2119034,fe3f0359d16f66db55928126958cc48f74022947a2a918f5552d1415c33ccb4a672424248dc034ff653b2cab8f598c2178647906b174624ea832c9c353dd2ab1,08/01/2025 06:35:00 AM,2,DRIVER,,2020070,,JEEP,COMPASS,IL,2018,UNKNOWN,PASSENGER,PERSONAL,E,STRAIGHT AHEAD,,,1,,,,,,,,,,,,Y,Y,Y,,,,SIDE-LEFT-FRONT,,,,,,,,,,,,,,,,,,,,,,,,,,,,,,,,,
2119045,0da3ec2e439f27bb518b913c5b92a2a28182a530b58e2b5562e1d810b9f03acb808e2aedf111b6bc65e1f2faea9cf4f42f18e9d70b28a6b911eb226a3733bd54,08/01/2025 06:29:00 AM,1,DRIVER,,2020079,,NISSAN,ROGUE,IL,2020,UNKNOWN,PASSENGER,PERSONAL,N,STRAIGHT AHEAD,Y,,1,,PRIVATE TOW,,,Y,,,,,,,,,,Y,Y,,FRONT,,,,,,,,,,,,,,,,,,,,,,,,,,,,,,,,,
2119046,0da3ec2e439f27bb518b913c5b92a2a28182a530b58e2b5562e1d810b9f03acb808e2aedf111b6bc65e1f2faea9cf4f42f18e9d70b28a6b911eb226a3733bd54,08/01/2025 06:29:00 AM,2,DRIVER,,2020085,,NISSAN,ROGUE,IL,2022,UNKNOWN,PASSENGER,PERSONAL,W,STRAIGHT AHEAD,,,1,,,,,,,,,,,Y,Y,Y,Y,Y,,,SIDE-LEFT,,,,,,,,,,,,,,,,,,,,,,,,,,,,,,,,,
2119422,4af79a049e10909ec72f7a68a7084b636ce8c695e6356f0842c2b2180fd5af5083f5496ce5d945af76516fc09240b773305bca1d4fd0cc13d5792c987851cb0c,08/01/2025 06:20:00 AM,1,DRIVER,,2020431,,NISSAN,ROGUE,FL,2021,UNKNOWN,SPORT UTILITY VEHICLE (SUV),NOT IN USE,W,UNKNOWN/NA,,,1,,,,,,,,,,,,,,,,,Y,UNKNOWN,,,,,,,,,,,,,,,,,,,,,,,,,,,,,,,,,
2119423,4af79a049e10909ec72f7a68a7084b636ce8c695e6356f0842c2b2180fd5af5083f5496ce5d945af76516fc09240b773305bca1d4fd0cc13d5792c987851cb0c,08/01/2025 06:20:00 AM,2,DRIVER,,2020437,,NISSAN,SENTRA,IL,2021,UNKNOWN,PASSENGER,PERSONAL,N,STRAIGHT AHEAD,,,1,,,,,Y,,,,,,,,,,,,,FRONT-RIGHT-CORNER,,,,,,,,,,,,,,,,,,,,,,,,,,,,,,,,,
2119041,ec9afb05ced2125c94f8b96b3772a932b349ec70a4ad678457098171b4e771089ebe82a0b3d37fe9e7b8e75705bf20dbec11a3dea78deaadeddf43f8d444e263,08/01/2025 06:15:00 AM,1,DRIVER,,2020072,,TOYOTA,HIGHLANDER,IL,2016,NONE,SPORT UTILITY VEHICLE (SUV),PERSONAL,W,STRAIGHT AHEAD,,,1,,,,,,,,,,,,,,,,Y,,FRONT,,,,,,,,,,,,,,,,,,,,,,,,,,,,,,,,,
2119042,ec9afb05ced2125c94f8b96b3772a932b349ec70a4ad678457098171b4e771089ebe82a0b3d37fe9e7b8e75705bf20dbec11a3dea78deaadeddf43f8d444e263,08/01/2025 06:15:00 AM,2,DRIVER,,2020076,,NISSAN,ALTIMA,IL,2015,NONE,PASSENGER,PERSONAL,W,STRAIGHT AHEAD,,,1,,,,,,,,,,Y,,,,,,,,REAR,,,,,,,,,,,,,,,,,,,,,,,,,,,,,,,,,
2119028,5a55583fa37cb8a036d76d116dee0d87586e1e4d53cc763a99fcb0e0e0ac64d973fafb82302ffd83a5d1d85d7c239bdc5a174299e08d66d7b6a85f0aa776495f,08/01/2025 06:00:00 AM,1,DRIVER,,2020061,,TESLA,OTHER (EXPLAIN IN NARRATIVE),,,UNKNOWN,UNKNOWN/NA,UNKNOWN/NA,E,STRAIGHT AHEAD,,,1,,,,,,,,,,,,,,,,Y,,FRONT,,,,,,,,,,,,,,,,,,,,,,,,,,,,,,,,,
2119029,5a55583fa37cb8a036d76d116dee0d87586e1e4d53cc763a99fcb0e0e0ac64d973fafb82302ffd83a5d1d85d7c239bdc5a174299e08d66d7b6a85f0aa776495f,08/01/2025 06:00:00 AM,2,PARKED,,2020062,,CHEVROLET,TAHOE,IL,2022,NONE,PASSENGER,PERSONAL,E,PARKED,,,0,,,,,,,,,,Y,,,,,,Y,,REAR,,,,,,,,,,,,,,,,,,,,,,,,,,,,,,,,,
2119030,5a55583fa37cb8a036d76d116dee0d87586e1e4d53cc763a99fcb0e0e0ac64d973fafb82302ffd83a5d1d85d7c239bdc5a174299e08d66d7b6a85f0aa776495f,08/01/2025 06:00:00 AM,3,PARKED,,2020071,,HONDA,ODYSSEY,IL,2006,NONE,PASSENGER,PERSONAL,E,PARKED,,,0,,,,,,,,,,Y,,,,,,,,REAR,,,,,,,,,,,,,,,,,,,,,,,,,,,,,,,,,
2119053,4cc7c795c5400db79f1120392f01a8a09df9571c2c04537a3e92da4f3d7ca974d294e3a18fea9afd80c67a0e896c7323896c75c6c417e0c53f5dc246fd23c883,08/01/2025 05:57:00 AM,1,DRIVER,,2020090,,DODGE,CORONET,IL,2021,NONE,TRACTOR W/ SEMI-TRAILER,OTHER,N,MERGING,,,1,,,,,,,,,,,,,,,,,,FRONT-RIGHT-CORNER,,,,,,,,,,,,,,,,,,,,,,,,,,,,,,,,,
2119054,4cc7c795c5400db79f1120392f01a8a09df9571c2c04537a3e92da4f3d7ca974d294e3a18fea9afd80c67a0e896c7323896c75c6c417e0c53f5dc246fd23c883,08/01/2025 05:57:00 AM,2,DRIVER,,2020103,,TOYOTA,COROLLA,IL,2022,UNKNOWN,PASSENGER,PERSONAL,N,STRAIGHT AHEAD,,,1,,,,,Y,Y,Y,,,,,,,Y,Y,Y,,FRONT,,,,,,,,,,,,,,,,,,,,,,,,,,,,,,,,,
2119022,2e08f397fac91cfa88790f2386cb85c5f3509d569021de7099676c5bd9ead3a5de08623bee3355fe89255758e4ce7f4b843f579c007e971014432751d5aef7ba,08/01/2025 05:55:00 AM,1,DRIVER,,2020055,,HONDA,ACCORD,IL,2010,NONE,PASSENGER,PERSONAL,W,STRAIGHT AHEAD,Y,,1,,,,,Y,Y,Y,,,,,,,,Y,Y,,FRONT,,,,,,,,,,,,,,,,,,,,,,,,,,,,,,,,,
2119023,2e08f397fac91cfa88790f2386cb85c5f3509d569021de7099676c5bd9ead3a5de08623bee3355fe89255758e4ce7f4b843f579c007e971014432751d5aef7ba,08/01/2025 05:55:00 AM,2,DRIVER,1,2020058,,CHEVROLET,MALIBU,IL,2019,NONE,PASSENGER,PERSONAL,N,STRAIGHT AHEAD,Y,,2,,,,,N,N,,,,,N,Y,Y,Y,Y,Y,,SIDE-LEFT,,,,,,,,,,,,,,,,,,,,,,,,,,,,,,,,,
2119352,162c053b3c503ce901855a7cdb3f89aa38b7eb6ef64c46894a949dc08043ba2e2bca60013d1e989bad19247e748003781254c1fad8f1577b0d600094f970c4af,08/01/2025 05:45:00 AM,1,DRIVER,,2020385,,HYUNDAI,SONATA,IL,2012,UNKNOWN,PASSENGER,PERSONAL,S,STRAIGHT AHEAD,,,1,,,,,Y,,,,,,,,,,Y,Y,,FRONT,,,,,,,,,,,,,,,,,,,,,,,,,,,,,,,,,
2119353,162c053b3c503ce901855a7cdb3f89aa38b7eb6ef64c46894a949dc08043ba2e2bca60013d1e989bad19247e748003781254c1fad8f1577b0d600094f970c4af,08/01/2025 05:45:00 AM,3,DRIVER,,2020398,,TOYOTA,CAMRY,IL,2012,UNKNOWN,PASSENGER,PERSONAL,S,STRAIGHT AHEAD,,,1,,,,,Y,,,,Y,Y,Y,,,,Y,Y,,REAR,,,,,,,,,,,,,,,,,,,,,,,,,,,,,,,,,
2119354,162c053b3c503ce901855a7cdb3f89aa38b7eb6ef64c46894a949dc08043ba2e2bca60013d1e989bad19247e748003781254c1fad8f1577b0d600094f970c4af,08/01/2025 05:45:00 AM,2,DRIVER,,2020412,,TOYOTA,CAMRY,IL,2012,UNKNOWN,PASSENGER,PERSONAL,S,STRAIGHT AHEAD,,,1,,,,,Y,,,,Y,Y,Y,,,,Y,Y,,REAR,,,,,,,,,,,,,,,,,,,,,,,,,,,,,,,,,
2119355,162c053b3c503ce901855a7cdb3f89aa38b7eb6ef64c46894a949dc08043ba2e2bca60013d1e989bad19247e748003781254c1fad8f1577b0d600094f970c4af,08/01/2025 05:45:00 AM,4,DRIVER,,2020427,,UNKNOWN,MOTORIZED,,,UNKNOWN,PASSENGER,PERSONAL,S,STRAIGHT AHEAD,,,1,,,,,,,,,Y,Y,Y,,,,,,,REAR,,,,,,,,,,,,,,,,,,,,,,,,,,,,,,,,,
2121082,350e9461edd78920e04c90d6b660f7ca0ca404c318e5cb7a8fd2a6b933a9c6ab2faa2cbb6291a6189d493e097a433b8e32dac372934cc55b90d1f6b1d5dfe414,08/01/2025 05:00:00 AM,1,DRIVER,,2022047,,UNKNOWN,OTHER (EXPLAIN IN NARRATIVE),,,UNKNOWN,UNKNOWN/NA,UNKNOWN/NA,UNKNOWN,UNKNOWN/NA,,,1,,,,,,,,,,,,,,,,,Y,UNKNOWN,,,,,,,,,,,,,,,,,,,,,,,,,,,,,,,,,
2121083,350e9461edd78920e04c90d6b660f7ca0ca404c318e5cb7a8fd2a6b933a9c6ab2faa2cbb6291a6189d493e097a433b8e32dac372934cc55b90d1f6b1d5dfe414,08/01/2025 05:00:00 AM,2,PARKED,,2022029,,INTERNATIONAL HARVESTER,INTERNATIONAL HARVESTER,IL,,UNKNOWN,TRUCK - SINGLE UNIT,NOT IN USE,S,PARKED,,,0,,,,,,,,,,,,,Y,Y,,,,SIDE-LEFT,,,,,,,,,,,,,,,,,,,,,,,,,,,,,,,,,
2119382,09e81df5378c1f73f61a83ad99e76e5b0ee720f17d712640e84df13c4e93dec32be874d8b1727092f08cd1d556061b99ea52fee887673cd314954344b825b56d,08/01/2025 04:30:00 AM,1,DRIVER,,2020379,,JEEP,GRAND CHEROKEE,IL,2011,UNKNOWN,SPORT UTILITY VEHICLE (SUV),PERSONAL,S,STRAIGHT AHEAD,,,1,,,,,Y,,,,,,,,,,Y,Y,,FRONT,,,,,,,,,,,,,,,,,,,,,,,,,,,,,,,,,
2119383,09e81df5378c1f73f61a83ad99e76e5b0ee720f17d712640e84df13c4e93dec32be874d8b1727092f08cd1d556061b99ea52fee887673cd314954344b825b56d,08/01/2025 04:30:00 AM,2,DRIVER,,2020380,,CHRYSLER,300,IL,2005,UNKNOWN,PASSENGER,PERSONAL,SE,STRAIGHT AHEAD,,,1,,,,,,,,,,,,Y,Y,Y,,,,SIDE-LEFT,,,,,,,,,,,,,,,,,,,,,,,,,,,,,,,,,
2119013,4f761ba7c73713294baf249ffe0d70be7f531a910dd808c115d021ace7bf57eb48018a280433215901f096879add066e8bbf9a92c7c6e161cd31910cf7143718,08/01/2025 04:13:00 AM,1,DRIVER,2,2020045,,LINCOLN,OTHER (EXPLAIN IN NARRATIVE),IL,2010,UNKNOWN,PASSENGER,PERSONAL,S,STRAIGHT AHEAD,Y,,3,,STREETS AND SANS,400 E LOWER WACKER DR,,Y,Y,,,,,,,,,Y,Y,,FRONT,,,,,,,,,,,,,,,,,,,,,,,,,,,,,,,,,
2119014,4f761ba7c73713294baf249ffe0d70be7f531a910dd808c115d021ace7bf57eb48018a280433215901f096879add066e8bbf9a92c7c6e161cd31910cf7143718,08/01/2025 04:13:00 AM,2,DRIVER,,2020047,,HYUNDAI,SANTA FE,IL,2025,UNKNOWN,PASSENGER,PERSONAL,W,TURNING LEFT,Y,,1,,STREETS AND SANS,400 E LOWER WACKER DR,,Y,Y,,,,,,,,,Y,Y,,FRONT-RIGHT-CORNER,,,,,,,,,,,,,,,,,,,,,,,,,,,,,,,,,
2119016,228b6c69594004e77721d66efc9541ba8e33b26e5e83b1c3483a7b5163a44b9634c06d61bf7711f27fa8ea5a1210cbf1189eed1d6cd8b7eb4f40ce2bc7cfefa3,08/01/2025 04:06:00 AM,1,DRIVER,,2020049,,DODGE,RAM 1500 PU,IL,2004,STEERING,OTHER,PERSONAL,N,STRAIGHT AHEAD,Y,,1,,PRIVATE TOW,PRIVATE TOW,,,,,,,,,,,Y,Y,Y,,FRONT-LEFT-CORNER,,,,,,,,,,,,,,,,,,,,,,,,,,,,,,,,,
2119284,18d46ea7b62da51573879b224884b2fb88173152b1492dbda9cfa5f995853cbf99778bc9133bf46a62fab0f81f3c99a34149e750ebcaff742ad0655b8080862d,08/01/2025 04:00:00 AM,1,DRIVER,,2020302,,ACURA,ILX,IL,2016,UNKNOWN,UNKNOWN/NA,UNKNOWN/NA,W,STRAIGHT AHEAD,,,1,,,,,Y,,,,,,,,,,Y,Y,Y,FRONT,,,,,,,,,,,,,,,,,,,,,,,,,,,,,,,,,
2119285,18d46ea7b62da51573879b224884b2fb88173152b1492dbda9cfa5f995853cbf99778bc9133bf46a62fab0f81f3c99a34149e750ebcaff742ad0655b8080862d,08/01/2025 04:00:00 AM,2,PARKED,,2020303,,TOYOTA,PRIUS,IL,2010,NONE,PASSENGER,PERSONAL,W,PARKED,Y,,0,,PRIVATE,PRIVATE,,,,,,Y,Y,Y,,,,,,Y,REAR,,,,,,,,,,,,,,,,,,,,,,,,,,,,,,,,,
2119002,448f4c4c6bf4437fb2587fa45f95edfb790ff35c5becc3849255044446ea1eaf5e00b18048874b19bff341a692d7bb670e368af1608f65cc018359ca254d0aa7,08/01/2025 02:45:00 AM,1,DRIVER,,2020030,,FORD,TRANSIT CONNECT,IL,2010,NONE,VAN/MINI-VAN,PERSONAL,N,STRAIGHT AHEAD,,,1,,,,,Y,Y,Y,,,,,,,,,Y,,FRONT-RIGHT-CORNER,,,,,,,,,,,,,,,,,,,,,,,,,,,,,,,,,
2119003,448f4c4c6bf4437fb2587fa45f95edfb790ff35c5becc3849255044446ea1eaf5e00b18048874b19bff341a692d7bb670e368af1608f65cc018359ca254d0aa7,08/01/2025 02:45:00 AM,2,PARKED,,2020031,,HONDA,PILOT,IL,2014,NONE,SPORT UTILITY VEHICLE (SUV),NOT IN USE,N,PARKED,,,0,,,,,,,,,,Y,Y,Y,Y,,,,,REAR-LEFT-CORNER,,,,,,,,,,,,,,,,,,,,,,,,,,,,,,,,,
2119004,17c64cb24cd797ccbe8bb3826eae062999ce39a5866d0a4b329be33354462174c30cae25f24c3a9481c4d1ddf62b5e348e953cd5b9907f6f9843323e141f430b,08/01/2025 02:39:00 AM,1,DRIVER,,2020036,,SUBARU,LEGACY,IL,2015,UNKNOWN,PASSENGER,PERSONAL,E,STRAIGHT AHEAD,Y,,1,,PRIVATE TOW,UNKNOWN,,Y,Y,,,,,,,,,,Y,,FRONT-RIGHT-CORNER,,,,,,,,,,,,,,,,,,,,,,,,,,,,,,,,,
2119005,17c64cb24cd797ccbe8bb3826eae062999ce39a5866d0a4b329be33354462174c30cae25f24c3a9481c4d1ddf62b5e348e953cd5b9907f6f9843323e141f430b,08/01/2025 02:39:00 AM,2,DRIVER,,2020037,,TOYOTA,PRIUS,IL,2011,UNKNOWN,PASSENGER,PERSONAL,S,STRAIGHT AHEAD,Y,,1,,PRIVATE TOW,UNKNOWN,,Y,,,,,,,,,Y,Y,Y,,FRONT-LEFT-CORNER,,,,,,,,,,,,,,,,,,,,,,,,,,,,,,,,,
2118991,7e94a4e4898fe3df837ffe724098e77b20e298b1fdfb7b15f62f62d4630eab57920437b71c6edf0a907a577e381465d79662d351607955b8d1af76b65f0e9aef,08/01/2025 02:10:00 AM,1,DRIVER,,2020019,,NISSAN,VERSA,IL,2007,NONE,PASSENGER,PERSONAL,S,STRAIGHT AHEAD,N,,1,,,,,Y,,,,,,,,,,Y,Y,,FRONT,,,,,,,,,,,,,,,,,,,,,,,,,,,,,,,,,
2118992,7e94a4e4898fe3df837ffe724098e77b20e298b1fdfb7b15f62f62d4630eab57920437b71c6edf0a907a577e381465d79662d351607955b8d1af76b65f0e9aef,08/01/2025 02:10:00 AM,2,DRIVER,,2020023,N,TOYOTA,CAMRY,IL,2025,NONE,PASSENGER,OTHER,N,STRAIGHT AHEAD,,,1,,,,,Y,,,,,,,,,,Y,Y,,FRONT,,,,,,,,,,,,,,,,,,,,,,,,,,,,,,,,,
2119000,f9188ab6047e295da2a2a50f21845e0efd7b4c65e9a575d9f138596caaf778e9a8065f80d55238b2203f19b38e87f6dd328399dd68d989358816d75b1f8f8706,08/01/2025 02:08:00 AM,1,DRIVER,2,2020033,,NISSAN,SENTRA,IL,2024,UNKNOWN,PASSENGER,PERSONAL,E,STRAIGHT AHEAD,Y,,3,,,,,Y,Y,Y,,,,,,,,,Y,,FRONT,,,,,,,,,,,,,,,,,,,,,,,,,,,,,,,,,
2119001,f9188ab6047e295da2a2a50f21845e0efd7b4c65e9a575d9f138596caaf778e9a8065f80d55238b2203f19b38e87f6dd328399dd68d989358816d75b1f8f8706,08/01/2025 02:08:00 AM,2,DRIVER,,2020035,,KIA,SOUL,IL,2024,UNKNOWN,PASSENGER,PERSONAL,NW,TURNING LEFT,N,,1,,,,,,,,,,,,,Y,Y,Y,Y,,SIDE-LEFT-FRONT,,,,,,,,,,,,,,,,,,,,,,,,,,,,,,,,,
2118987,3378e84b66b2f5b97710ccffff3913c364bc2b520987cb13eaa51bde87898153a09255f3426f99c356e02fc2f03e0012f49db95868bea4770f1cc29152e7ef1a,08/01/2025 01:50:00 AM,1,DRIVER,,2020018,,GENERAL MOTORS CORPORATION (GMC),SIERRA,IL,2012,UNKNOWN,PICKUP,PERSONAL,E,BACKING,,,1,,,,,,,,,,Y,,,,,,,,REAR,,,,,,,,,,,,,,,,,,,,,,,,,,,,,,,,,
2118988,3378e84b66b2f5b97710ccffff3913c364bc2b520987cb13eaa51bde87898153a09255f3426f99c356e02fc2f03e0012f49db95868bea4770f1cc29152e7ef1a,08/01/2025 01:50:00 AM,2,PARKED,2,2020022,,CHEVROLET,TRAVERSE,IL,2022,NONE,PASSENGER,PERSONAL,E,PARKED,,,2,,,,,,,,,,,,,,,,Y,,FRONT,,,,,,,,,,,,,,,,,,,,,,,,,,,,,,,,,
2119010,024800dcfec4685a1a5fd6afb059064124b3d32bcb829012eed46997e2b19cd1bef04ae5752065ff74ebdc5e1974137b7baf824a155cbd14594be9eb0c7f2638,08/01/2025 01:30:00 AM,1,DRIVER,,2020042,,CHRYSLER,300,IL,2007,UNKNOWN,PASSENGER,PERSONAL,N,TURNING LEFT,N,,1,,,,,Y,,,,,,,,,,Y,Y,,FRONT,,,,,,,,,,,,,,,,,,,,,,,,,,,,,,,,,
2118997,1dc1abc868e3decac5f1222dfc97d64c32d5be30ce24f546e2d949fc74db4e9d6454f0f9fed10ee874b9f026041fea6398dd75e2852bbd88bd8361715b92fb17,08/01/2025 01:30:00 AM,1,DRIVER,,2020027,,CADILLAC,OTHER (EXPLAIN IN NARRATIVE),IL,2003,UNKNOWN,SPORT UTILITY VEHICLE (SUV),PERSONAL,S,STRAIGHT AHEAD,,,1,,,,,Y,,,,,,,,,,Y,Y,,FRONT,,,,,,,,,,,,,,,,,,,,,,,,,,,,,,,,,