CRASH_UNIT_ID,CRASH_RECORD_ID,CRASH_DATE,UNIT_NO,UNIT_TYPE,NUM_PASSENGERS,VEHICLE_ID,CMRC_VEH_I,MAKE,MODEL,LIC_PLATE_STATE,VEHICLE_YEAR,VEHICLE_DEFECT,VEHICLE_TYPE,VEHICLE_USE,TRAVEL_DIRECTION,MANEUVER,TOWED_I,FIRE_I,OCCUPANT_CNT,EXCEED_SPEED_LIMIT_I,TOWED_BY,TOWED_TO,AREA_00_I,AREA_01_I,AREA_02_I,AREA_03_I,AREA_04_I,AREA_05_I,AREA_06_I,AREA_07_I,AREA_08_I,AREA_09_I,AREA_10_I,AREA_11_I,AREA_12_I,AREA_99_I,FIRST_CONTACT_POINT,CMV_ID,USDOT_NO,CCMC_NO,ILCC_NO,COMMERCIAL_SRC,GVWR,CARRIER_NAME,CARRIER_STATE,CARRIER_CITY,HAZMAT_PLACARDS_I,HAZMAT_NAME,UN_NO,HAZMAT_PRESENT_I,HAZMAT_REPORT_I,HAZMAT_REPORT_NO,MCS_REPORT_I,MCS_REPORT_NO,HAZMAT_VIO_CAUSE_CRASH_I,MCS_VIO_CAUSE_CRASH_I,IDOT_PERMIT_NO,WIDE_LOAD_I,TRAILER1_WIDTH,TRAILER2_WIDTH,TRAILER1_LENGTH,TRAILER2_LENGTH,TOTAL_VEHICLE_LENGTH,AXLE_CNT,VEHICLE_CONFIG,CARGO_BODY_TYPE,LOAD_TYPE,HAZMAT_OUT_OF_SERVICE_I,MCS_OUT_OF_SERVICE_I,HAZMAT_CLASS
2118998,1dc1abc868e3decac5f1222dfc97d64c32d5be30ce24f546e2d949fc74db4e9d6454f0f9fed10ee874b9f026041fea6398dd75e2852bbd88bd8361715b92fb17,08/01/2025 01:30:00 AM,2,DRIVER,,2020029,,CHEVROLET,CRUZE,IL,2013,UNKNOWN,PASSENGER,PERSONAL,S,STRAIGHT AHEAD,,,1,,,,,Y,,,,Y,Y,Y,,,,Y,Y,,REAR,,,,,,,,,,,,,,,,,,,,,,,,,,,,,,,,,
2118999,1dc1abc868e3decac5f1222dfc97d64c32d5be30ce24f546e2d949fc74db4e9d6454f0f9fed10ee874b9f026041fea6398dd75e2852bbd88bd8361715b92fb17,08/01/2025 01:30:00 AM,3,DRIVER,,2020032,,AUDI,OTHER (EXPLAIN IN NARRATIVE),IL,2023,UNKNOWN,PASSENGER,UNKNOWN/NA,S,STRAIGHT AHEAD,,,1,,,,,,,,,,,,,,,,,Y,REAR,,,,,,,,,,,,,,,,,,,,,,,,,,,,,,,,,
2118984,02dadd79f3ebed16de46cbfb109cdd7c92231a95ceea00a31e218fd6511be39e99115416c750f7f155412c4403da7fd6d54470d447e4af83f837aa8a81d7660f,08/01/2025 01:00:00 AM,1,DRIVER,,2020016,,HONDA,ACCORD,IL,2020,UNKNOWN,PASSENGER,PERSONAL,NE,TURNING LEFT,Y,,1,,streets and sanitation,city pound,,,,,,,,,,,Y,Y,Y,,FRONT-LEFT-CORNER,,,,,,,,,,,,,,,,,,,,,,,,,,,,,,,,,
2118985,02dadd79f3ebed16de46cbfb109cdd7c92231a95ceea00a31e218fd6511be39e99115416c750f7f155412c4403da7fd6d54470d447e4af83f837aa8a81d7660f,08/01/2025 01:00:00 AM,2,PARKED,,2020020,,BMW,Z3,GA,2003,UNKNOWN,PASSENGER,PERSONAL,S,PARKED,,,0,,,,,Y,,,,,,,,,Y,Y,Y,,FRONT,,,,,,,,,,,,,,,,,,,,,,,,,,,,,,,,,
2118986,02dadd79f3ebed16de46cbfb109cdd7c92231a95ceea00a31e218fd6511be39e99115416c750f7f155412c4403da7fd6d54470d447e4af83f837aa8a81d7660f,08/01/2025 01:00:00 AM,3,PARKED,,2020024,,HONDA,CIVIC,IL,2020,UNKNOWN,PASSENGER,PERSONAL,S,PARKED,,,0,,,,,Y,,,,,,,,,,Y,Y,,FRONT,,,,,,,,,,,,,,,,,,,,,,,,,,,,,,,,,
2119067,2331e8e5d5881688933436be7137b32dfa821e81387419f93b8a3d3b1dbeb78399dd3bf0a8af0bf020e1188a354ccba93e45cf0e0588830431c35b582940faf2,08/01/2025 01:00:00 AM,1,DRIVER,,2020092,,UNKNOWN,MOTORIZED,,,UNKNOWN,UNKNOWN/NA,UNKNOWN/NA,N,STRAIGHT AHEAD,,,1,,,,,,,,,,,,,,,,,Y,UNKNOWN,,,,,,,,,,,,,,,,,,,,,,,,,,,,,,,,,
2119068,2331e8e5d5881688933436be7137b32dfa821e81387419f93b8a3d3b1dbeb78399dd3bf0a8af0bf020e1188a354ccba93e45cf0e0588830431c35b582940faf2,08/01/2025 01:00:00 AM,2,PARKED,,2020098,,TOYOTA,SIENNA,IL,2004,NONE,VAN/MINI-VAN,PERSONAL,N,PARKED,,,0,,,,,,,,,,,Y,Y,Y,,,,,SIDE-LEFT,,,,,,,,,,,,,,,,,,,,,,,,,,,,,,,,,
2119071,d7547f8773542ba2d82614007cd78c62063db12ac3bed5448adb399cca32184df32551cfe8ef8c332a244c3edcc47741dc12afd9130a32ee37886cbb3945c840,08/01/2025 01:00:00 AM,1,DRIVER,,2020102,,UNKNOWN,MOTORIZED,XX,,UNKNOWN,UNKNOWN/NA,UNKNOWN/NA,UNKNOWN,UNKNOWN/NA,,,1,,,,,,,,,,,,,,,,,Y,UNKNOWN,,,,,,,,,,,,,,,,,,,,,,,,,,,,,,,,,
2119072,d7547f8773542ba2d82614007cd78c62063db12ac3bed5448adb399cca32184df32551cfe8ef8c332a244c3edcc47741dc12afd9130a32ee37886cbb3945c840,08/01/2025 01:00:00 AM,2,PARKED,,2020108,,TOYOTA,COROLLA,FL,,UNKNOWN,PASSENGER,PERSONAL,N,PARKED,,,0,,,,,,,,,,,,,Y,Y,Y,,,UNKNOWN,,,,,,,,,,,,,,,,,,,,,,,,,,,,,,,,,
2119073,d7547f8773542ba2d82614007cd78c62063db12ac3bed5448adb399cca32184df32551cfe8ef8c332a244c3edcc47741dc12afd9130a32ee37886cbb3945c840,08/01/2025 01:00:00 AM,3,PARKED,,2020112,,MERCEDES-BENZ,E300,IL,,UNKNOWN,PASSENGER,PERSONAL,N,PARKED,,,0,,,,,,,,,,Y,Y,,,,,,,UNKNOWN,,,,,,,,,,,,,,,,,,,,,,,,,,,,,,,,,
2118975,bf667a1ff66a1225288775c64e34eea48461b5c0a7f7739d4fdb96c5b531b85cbbeb6841b3002a343e54d1fca8009e8ff0caf28e7eadd588470dedfb7068f7dd,08/01/2025 12:58:00 AM,1,DRIVER,,2020007,,BUICK,REGAL,IL,2011,UNKNOWN,PASSENGER,PERSONAL,W,STRAIGHT AHEAD,Y,,1,,OWNER,,,Y,Y,,,,,,,,,Y,Y,,FRONT-RIGHT-CORNER,,,,,,,,,,,,,,,,,,,,,,,,,,,,,,,,,
2118976,bf667a1ff66a1225288775c64e34eea48461b5c0a7f7739d4fdb96c5b531b85cbbeb6841b3002a343e54d1fca8009e8ff0caf28e7eadd588470dedfb7068f7dd,08/01/2025 12:58:00 AM,2,PARKED,,2020012,,TOYOTA,TUNDRA,IL,2006,UNKNOWN,PICKUP,PERSONAL,W,PARKED,,,0,,,,,,,,,,Y,Y,,,,,,,REAR-LEFT-CORNER,,,,,,,,,,,,,,,,,,,,,,,,,,,,,,,,,
2118995,1a77b0e5b8645b847afae7d35572184e5feadc16f8a788d5bdd878aabb97b9bbe013946118f78727adc00edacf2387fa1882c0be9500ea08cee9feaa1ce5a053,08/01/2025 12:50:00 AM,1,DRIVER,1,2020028,,HYUNDAI,ELANTRA,IL,2024,NONE,PASSENGER,OTHER,S,DRIVING WRONG WAY,Y,,2,,PRIVATE,,,Y,Y,,,,,,N,Y,Y,Y,Y,,FRONT,,,,,,,,,,,,,,,,,,,,,,,,,,,,,,,,,
2118996,1a77b0e5b8645b847afae7d35572184e5feadc16f8a788d5bdd878aabb97b9bbe013946118f78727adc00edacf2387fa1882c0be9500ea08cee9feaa1ce5a053,08/01/2025 12:50:00 AM,2,PARKED,,2020034,,INFINITI,QX60,IL,2014,NONE,PASSENGER,PERSONAL,S,PARKED,Y,,0,,PRIVATE,,,,,,,Y,Y,Y,Y,N,,,,,REAR,,,,,,,,,,,,,,,,,,,,,,,,,,,,,,,,,
2119752,b1dcae904ae926bbbb5a1a9cd4609dc0d74c95f5d864aead9a4831cbbf0f7264e80798da58da1a736ea12d96fb51242ebcadaa86367e914cf3850f830972a82f,08/01/2025 12:45:00 AM,1,DRIVER,4,2020768,,FORD,FOCUS,IL,2016,UNKNOWN,PASSENGER,UNKNOWN/NA,E,STRAIGHT AHEAD,,,5,,,,,Y,Y,,,,,,,,Y,Y,Y,,FRONT,,,,,,,,,,,,,,,,,,,,,,,,,,,,,,,,,
2119753,b1dcae904ae926bbbb5a1a9cd4609dc0d74c95f5d864aead9a4831cbbf0f7264e80798da58da1a736ea12d96fb51242ebcadaa86367e914cf3850f830972a82f,08/01/2025 12:45:00 AM,2,DRIVER,,2020777,,INFINITI,QX30,IL,2017,NONE,PASSENGER,PERSONAL,SE,OTHER,,,1,,,,,,,,,Y,Y,,,,,,,,REAR-RIGHT-CORNER,,,,,,,,,,,,,,,,,,,,,,,,,,,,,,,,,
2118981,e152b78fda26684eb360e284db6edf626f22a764f2a41bbaa936b1ad8ff3fb8506ef62cffcf24384b15e0ef3de000f9559431d4ca961eb8d2708c7624181311d,08/01/2025 12:39:00 AM,1,DRIVER,,2020009,,NISSAN,OTHER (EXPLAIN IN NARRATIVE),IL,2007,NONE,PASSENGER,PERSONAL,S,TURNING LEFT,Y,,1,,PERSONAL,,,Y,Y,,,,,,,,Y,Y,Y,,FRONT,,,,,,,,,,,,,,,,,,,,,,,,,,,,,,,,,
2118982,e152b78fda26684eb360e284db6edf626f22a764f2a41bbaa936b1ad8ff3fb8506ef62cffcf24384b15e0ef3de000f9559431d4ca961eb8d2708c7624181311d,08/01/2025 12:39:00 AM,2,DRIVER,1,2020013,,HONDA,RIDGELINE,IL,2011,UNKNOWN,TRUCK - SINGLE UNIT,PERSONAL,E,STRAIGHT AHEAD,,,2,,,,,Y,Y,,,,,,,,Y,Y,Y,,FRONT,,,,,,,,,,,,,,,,,,,,,,,,,,,,,,,,,
2123821,b19dee5fca69180c135053582193700280c8f177f5e776f1a9735578294b13c1ebf615a216802555b339f1c098cd376cc2fa472a7f7dbf64acc05322b5457668,08/01/2025 12:30:00 AM,1,DRIVER,,2024657,,HONDA,ACCORD,IL,2020,UNKNOWN,PASSENGER,PERSONAL,N,STRAIGHT AHEAD,,,1,,,,,,,,,,,,,,,,,,FRONT,,,,,,,,,,,,,,,,,,,,,,,,,,,,,,,,,
2123822,b19dee5fca69180c135053582193700280c8f177f5e776f1a9735578294b13c1ebf615a216802555b339f1c098cd376cc2fa472a7f7dbf64acc05322b5457668,08/01/2025 12:30:00 AM,2,PARKED,,2024659,,BMW,Z3,IL,2003,UNKNOWN,SPORT UTILITY VEHICLE (SUV),NOT IN USE,N,PARKED,,,0,,,,,,,,,,,,,,,,,Y,REAR,,,,,,,,,,,,,,,,,,,,,,,,,,,,,,,,,
2118993,d1f85fa8f1e28f058205ab270e2a5cc7b42b9496accc12e03e7790252ac274f8426f5b59ef8904ae4ca9e7fdb4b4e096db84df2c97d1621668998586666142b2,08/01/2025 12:30:00 AM,1,DRIVER,,2020025,,FREIGHTLINER CORPORATION,FREIGHTLINER CORP.,IL,2020,UNKNOWN,TRUCK - SINGLE UNIT,COMMERCIAL - SINGLE UNIT,E,TURNING LEFT,,,1,,,,,Y,,,,,,,,,,,Y,,FRONT-RIGHT-CORNER,,,,,,,,,,,,,,,,,,,,,,,,,,,,,,,,,
2118994,d1f85fa8f1e28f058205ab270e2a5cc7b42b9496accc12e03e7790252ac274f8426f5b59ef8904ae4ca9e7fdb4b4e096db84df2c97d1621668998586666142b2,08/01/2025 12:30:00 AM,2,PARKED,,2020026,,MAZDA,MAZDA3,IL,2015,NONE,PASSENGER,PERSONAL,N,PARKED,,,0,,,,,,,,,,,Y,,,,,,,REAR-LEFT-CORNER,,,,,,,,,,,,,,,,,,,,,,,,,,,,,,,,,
2118965,300d25021ea0db257247ac794f1f067a47f92b570b82a7f4f5fcb4148001311dc9476ed9ce6c76d8fc9f4acb67a22e1b7be80593c12107b56707a20ea1230f73,08/01/2025 12:26:00 AM,1,DRIVER,,2019994,,FORD,CROWN VICTORIA,IL,,UNKNOWN,PASSENGER,PERSONAL,W,STRAIGHT AHEAD,,,1,,,,,,,,,,N,,,,,,Y,,FRONT,,,,,,,,,,,,,,,,,,,,,,,,,,,,,,,,,
2118966,300d25021ea0db257247ac794f1f067a47f92b570b82a7f4f5fcb4148001311dc9476ed9ce6c76d8fc9f4acb67a22e1b7be80593c12107b56707a20ea1230f73,08/01/2025 12:26:00 AM,2,DRIVER,,2020002,,HYUNDAI,SONATA,IL,2011,UNKNOWN,PASSENGER,PERSONAL,W,STARTING IN TRAFFIC,,,1,,,,,,,,,,Y,,,,,,,,REAR,,,,,,,,,,,,,,,,,,,,,,,,,,,,,,,,,
2122801,3cff9ed51add2861b3005561e515f276c0a690ceb72bed831e6ec46d57d756675c03391ff3f58daafe02c5f4560b4c3ecc28c471356ee87854592641e63c4e82,08/01/2025 12:00:00 AM,1,DRIVER,,2023685,,HYUNDAI,SONATA,IL,2014,NONE,PASSENGER,PERSONAL,S,STRAIGHT AHEAD,,,1,,,,,Y,,,,,,,,,,,Y,,FRONT-RIGHT-CORNER,,,,,,,,,,,,,,,,,,,,,,,,,,,,,,,,,
2122802,3cff9ed51add2861b3005561e515f276c0a690ceb72bed831e6ec46d57d756675c03391ff3f58daafe02c5f4560b4c3ecc28c471356ee87854592641e63c4e82,08/01/2025 12:00:00 AM,2,DRIVER,,2023689,,UNKNOWN,MOTORIZED,,,UNKNOWN,PICKUP,UNKNOWN/NA,S,SLOW/STOP IN TRAFFIC,,,1,,,,,,,,,,,,,,,,,,UNKNOWN,,,,,,,,,,,,,,,,,,,,,,,,,,,,,,,,,
2118971,b4dd5e0df548158fd1f3de3467dd655bd094926ff90f57f2fd9ca8329656c1020174bcf061e0ee227a346d2a8d0fd752fb8c54e107fa59b23f18038dfcce52c7,08/01/2025 12:00:00 AM,1,DRIVER,,2020004,,CHEVROLET,SILVERADO,IL,2008,UNKNOWN,PICKUP,UNKNOWN/NA,UNKNOWN,ENTERING TRAFFIC LANE FROM PARKING,,,1,,,,,,,,,,,,,,Y,Y,,,UNKNOWN,,,,,,,,,,,,,,,,,,,,,,,,,,,,,,,,,
2118972,b4dd5e0df548158fd1f3de3467dd655bd094926ff90f57f2fd9ca8329656c1020174bcf061e0ee227a346d2a8d0fd752fb8c54e107fa59b23f18038dfcce52c7,08/01/2025 12:00:00 AM,2,PARKED,,2019998,,VOLKSWAGEN,PASSAT,IL,2021,UNKNOWN,PASSENGER,PERSONAL,UNKNOWN,PARKED,,,0,,,,,,,Y,Y,Y,,,,,,,,,UNKNOWN,,,,,,,,,,,,,,,,,,,,,,,,,,,,,,,,,
2120094,79abeee48c61d402b048b9fcbb24af89707518262077c3254e08f20b8c76d3905b5b1fe4868980f7c824579d4db20fbd4310ffe0b74f93362c4066c22ad312c0,07/31/2025 11:45:00 PM,1,DRIVER,,2021087,,UNKNOWN,OTHER (EXPLAIN IN NARRATIVE),IL,,NONE,PASSENGER,PERSONAL,S,PASSING/OVERTAKING,,,1,,,,,,,,,,,,,,,,,,UNKNOWN,,,,,,,,,,,,,,,,,,,,,,,,,,,,,,,,,
2120095,79abeee48c61d402b048b9fcbb24af89707518262077c3254e08f20b8c76d3905b5b1fe4868980f7c824579d4db20fbd4310ffe0b74f93362c4066c22ad312c0,07/31/2025 11:45:00 PM,2,DRIVER,,2021080,,BMW,OTHER (EXPLAIN IN NARRATIVE),IL,2009,NONE,PASSENGER,PERSONAL,S,SLOW/STOP IN TRAFFIC,,,1,,,,,,,,,,,,,,Y,,,,SIDE-LEFT,,,,,,,,,,,,,,,,,,,,,,,,,,,,,,,,,
2123330,fcb37f5724e70482b15168afa37d41c7a15df4758e1b32f0adad146ad70576e2b5a70d71139673fa9c4378c0e1554bbbbe50d7ab52b50c32f6e5deeef23a157a,07/31/2025 11:42:00 PM,1,DRIVER,,2024180,,TOYOTA,CAMRY,IL,2014,UNKNOWN,PASSENGER,PERSONAL,N,STRAIGHT AHEAD,,,1,,,,,Y,,,,,,,,,,Y,Y,,FRONT,,,,,,,,,,,,,,,,,,,,,,,,,,,,,,,,,
2123331,fcb37f5724e70482b15168afa37d41c7a15df4758e1b32f0adad146ad70576e2b5a70d71139673fa9c4378c0e1554bbbbe50d7ab52b50c32f6e5deeef23a157a,07/31/2025 11:42:00 PM,2,DRIVER,,2024184,,CHEVROLET,CRUZE,IL,2014,NONE,PASSENGER,PERSONAL,N,SLOW/STOP IN TRAFFIC,,,1,,,,,,,,,Y,Y,Y,,,,,,,REAR,,,,,,,,,,,,,,,,,,,,,,,,,,,,,,,,,
2118989,089dbdcdd1f66c3d6df71b66952abb31c06c27ed597d61eedbb24da4facae8c080d6df9d87e5e6922e59f977b72519621be3290ea7528e829b124870a7968836,07/31/2025 11:40:00 PM,1,DRIVER,,2020017,,TOYOTA,CAMRY,,,UNKNOWN,PASSENGER,UNKNOWN/NA,W,TURNING RIGHT,,,1,,,,,,,,,,,,Y,Y,Y,Y,,,SIDE-LEFT,,,,,,,,,,,,,,,,,,,,,,,,,,,,,,,,,
2118990,089dbdcdd1f66c3d6df71b66952abb31c06c27ed597d61eedbb24da4facae8c080d6df9d87e5e6922e59f977b72519621be3290ea7528e829b124870a7968836,07/31/2025 11:40:00 PM,2,DRIVER,1,2020021,,MERCEDES-BENZ,OTHER (EXPLAIN IN NARRATIVE),IL,2020,NONE,OTHER,AMBULANCE,W,STRAIGHT AHEAD,,,2,,,,,Y,,,,,,,,,,,,,SIDE-RIGHT-FRONT,,,,,,,,,,,,,,,,,,,,,,,,,,,,,,,,,
2118963,04a6d91f14a3b86978dd6362b441168cdff77626e5d91c8462140d4c1bae3bf7029055db1fd49e1189ece850e67755fbeef9c2eb2b8ce9d72d8267885045c9d6,07/31/2025 11:30:00 PM,1,DRIVER,1,2019999,,FORD,EXPLORER,IL,2016,UNKNOWN,PASSENGER,PERSONAL,N,STRAIGHT AHEAD,Y,,2,,PRIVATE INSURANSE,,,Y,N,,,,,,,,,Y,Y,,FRONT,,,,,,,,,,,,,,,,,,,,,,,,,,,,,,,,,
2118964,04a6d91f14a3b86978dd6362b441168cdff77626e5d91c8462140d4c1bae3bf7029055db1fd49e1189ece850e67755fbeef9c2eb2b8ce9d72d8267885045c9d6,07/31/2025 11:30:00 PM,2,DRIVER,,2020005,,KIA,SPORTAGE,IL,2023,UNKNOWN,PASSENGER,PERSONAL,E,STRAIGHT AHEAD,Y,,1,,PRIVATE INSURANSE,,,Y,Y,Y,Y,Y,,,,,,,,,SIDE-LEFT,,,,,,,,,,,,,,,,,,,,,,,,,,,,,,,,,
2118969,85bea8578d6026982fc55ee50ce074ed7e49dadf8d3c32debb306253b5a4a52c95682f7da83a793676a5298c8e9c87abaca66fa26ef7756bd3b217cc0deaa5fd,07/31/2025 11:30:00 PM,1,DRIVER,,2019997,,BUICK,ENVISION,IL,2024,NONE,SPORT UTILITY VEHICLE (SUV),UNKNOWN/NA,N,STRAIGHT AHEAD,,,1,,,,,,,,,,,,,,,Y,,,FRONT,,,,,,,,,,,,,,,,,,,,,,,,,,,,,,,,,
2118970,85bea8578d6026982fc55ee50ce074ed7e49dadf8d3c32debb306253b5a4a52c95682f7da83a793676a5298c8e9c87abaca66fa26ef7756bd3b217cc0deaa5fd,07/31/2025 11:30:00 PM,2,DRIVER,,2020000,,VOLKSWAGEN,PASSAT,IL,2016,NONE,PASSENGER,UNKNOWN/NA,E,STRAIGHT AHEAD,,,1,,,,,,,,Y,Y,Y,,,,,,,,REAR,,,,,,,,,,,,,,,,,,,,,,,,,,,,,,,,,
2118957,94857d974172c9b807679c885ff4a7320e341e6fe9f6ba91524505f9a5dccd1e87da9144e676a0abc30c1282ed577c7c194724e5cc3626f971529c2b3c9e9061,07/31/2025 11:25:00 PM,1,DRIVER,3,2019987,,FORD,EXPEDITION,IL,2023,NONE,PASSENGER,TAXI/FOR HIRE,S,SLOW/STOP IN TRAFFIC,,,4,,,,,,,Y,,,,,N,N,,,,,SIDE-RIGHT,,,,,,,,,,,,,,,,,,,,,,,,,,,,,,,,,
2118958,94857d974172c9b807679c885ff4a7320e341e6fe9f6ba91524505f9a5dccd1e87da9144e676a0abc30c1282ed577c7c194724e5cc3626f971529c2b3c9e9061,07/31/2025 11:25:00 PM,2,BICYCLE,,,,,,,,,,,,,,,,,,,,,,,,,,,,,,,,,,,,,,,,,,,,,,,,,,,,,,,,,,,,,,,,,,
2118950,2e084a7be9554673ef21f931a0b310cecb08894c30efaa9b4b07df739b2cc3511b14aa2fcc02eae4301df78ac56c7512047374b64222b1f937123b328082eaba,07/31/2025 11:18:00 PM,1,DRIVER,,2019980,,UNKNOWN,MOTORIZED,IL,,UNKNOWN,PASSENGER,UNKNOWN/NA,S,UNKNOWN/NA,,,1,,,,,,,,,,,,,,,,,Y,UNKNOWN,,,,,,,,,,,,,,,,,,,,,,,,,,,,,,,,,
2118951,2e084a7be9554673ef21f931a0b310cecb08894c30efaa9b4b07df739b2cc3511b14aa2fcc02eae4301df78ac56c7512047374b64222b1f937123b328082eaba,07/31/2025 11:18:00 PM,2,DRIVER,2,2019982,,HONDA,CIVIC,IL,2013,UNKNOWN,PASSENGER,PERSONAL,S,SLOW/STOP IN TRAFFIC,,,3,,,,,,,,,,Y,Y,,,,,,,REAR,,,,,,,,,,,,,,,,,,,,,,,,,,,,,,,,,
2118955,aa659e2bfdba59f43b60b787ca1eaeee66665264ace70a3e6f90f7ed46774189bf343c62d3d7af6ff255db9ab151913d48abbbbed2d9dd5dc500b97a4c54efcd,07/31/2025 11:15:00 PM,1,DRIVER,,2019988,,HYUNDAI,TUCSON,IL,2015,NONE,PASSENGER,PERSONAL,S,STRAIGHT AHEAD,,,1,,,,,Y,,,,,,,,,,Y,Y,,FRONT,,,,,,,,,,,,,,,,,,,,,,,,,,,,,,,,,
2118956,aa659e2bfdba59f43b60b787ca1eaeee66665264ace70a3e6f90f7ed46774189bf343c62d3d7af6ff255db9ab151913d48abbbbed2d9dd5dc500b97a4c54efcd,07/31/2025 11:15:00 PM,2,DRIVER,,2019990,,VOLVO,OTHER (EXPLAIN IN NARRATIVE),IL,2016,NONE,TRACTOR W/O SEMI-TRAILER,UNKNOWN/NA,S,STRAIGHT AHEAD,,,1,,,,Y,,,,,,,,,,,,,,REAR,,,,,,,,,,,,,,,,,,,,,,,,,,,,,,,,,
2118946,77c58c7f7de86d56775b994abae27e3464d277fee228035c2f410841a970c78b80c0f84a1153f6e52aaf56e3688116a64520bad155a9d922295aa6305ffd7a07,07/31/2025 11:14:00 PM,1,DRIVER,,2019972,,TOYOTA,CAMRY,IL,2025,NONE,PASSENGER,PERSONAL,S,ENTERING TRAFFIC LANE FROM PARKING,,,1,,,,,,,,,,,,,,Y,Y,,,FRONT-LEFT-CORNER,,,,,,,,,,,,,,,,,,,,,,,,,,,,,,,,,
2118947,77c58c7f7de86d56775b994abae27e3464d277fee228035c2f410841a970c78b80c0f84a1153f6e52aaf56e3688116a64520bad155a9d922295aa6305ffd7a07,07/31/2025 11:14:00 PM,2,DRIVER,,2019978,,NISSAN,KICKS,IL,2025,NONE,SPORT UTILITY VEHICLE (SUV),PERSONAL,S,STRAIGHT AHEAD,Y,,1,,PRIVATE,PRIVATE,,Y,Y,,Y,Y,,,,,,,Y,,FRONT-RIGHT-CORNER,,,,,,,,,,,,,,,,,,,,,,,,,,,,,,,,,
2118983,dc6818c2112a02e42cd129bb55f8a28cf49b70d137c1236c714ce29b69585bb8b035a14d42ea8dd44904a460c3f21a5e7b134a20dfb1ede944c9ac525cc2d07f,07/31/2025 11:00:00 PM,1,DRIVER,,2020015,,CHEVROLET,EQUINOX,IL,2020,NONE,PASSENGER,PERSONAL,S,STRAIGHT AHEAD,Y,,1,,AAA,,,Y,Y,,,,,,,,Y,Y,Y,,FRONT,,,,,,,,,,,,,,,,,,,,,,,,,,,,,,,,,
2133831,702d6c44f3cac9a96ec433ba7bc1f38effc63f1acf258f20e3745825b71d15b90e1858816b7f9a76660a041321702be1b1c90a2c2d02a28133cfdd1a1673d0e9,07/31/2025 10:51:00 PM,1,DRIVER,,2034120,,MAZDA,CX-5,,2016,UNKNOWN,PASSENGER,PERSONAL,W,TURNING LEFT,Y,,1,,PRIVATE,,,Y,Y,,,,,,,,,,Y,,FRONT-RIGHT-CORNER,,,,,,,,,,,,,,,,,,,,,,,,,,,,,,,,,
2133832,702d6c44f3cac9a96ec433ba7bc1f38effc63f1acf258f20e3745825b71d15b90e1858816b7f9a76660a041321702be1b1c90a2c2d02a28133cfdd1a1673d0e9,07/31/2025 10:51:00 PM,2,DRIVER,,2034121,,TOYOTA,VENZA,IL,2014,UNKNOWN,PASSENGER,PERSONAL,S,STRAIGHT AHEAD,,,1,,,,,Y,,,,,,,,,,Y,Y,,FRONT,,,,,,,,,,,,,,,,,,,,,,,,,,,,,,,,,
2118942,9c13c2db82817208c51f91e8b99d20106c7093035acb06111d270e3dcb9879bae48785beae833708c65b1a46ad0b011d5ead1071cf47c516357891871e04a080,07/31/2025 10:49:00 PM,1,DRIVER,,2019975,,TOYOTA,AVALON,IL,2013,NONE,PASSENGER,PERSONAL,N,STRAIGHT AHEAD,,,1,,,,,,,,,,,,Y,Y,Y,,,,SIDE-LEFT-REAR,,,,,,,,,,,,,,,,,,,,,,,,,,,,,,,,,
2118943,9c13c2db82817208c51f91e8b99d20106c7093035acb06111d270e3dcb9879bae48785beae833708c65b1a46ad0b011d5ead1071cf47c516357891871e04a080,07/31/2025 10:49:00 PM,2,BICYCLE,,,,,,,,,,,,,,,,,,,,,,,,,,,,,,,,,,,,,,,,,,,,,,,,,,,,,,,,,,,,,,,,,,
2118918,85983d1e2144bf627885c2eca916852d6d9245552cb2d7a53e9bcb3e4aee607c3b601901adf1429a0d757ebc442d6160589e6d5c7f5712e05021a11cacdc945f,07/31/2025 10:45:00 PM,1,DRIVER,,2019944,,INFINITI,G35,IL,2006,UNKNOWN,PASSENGER,PERSONAL,UNKNOWN,UNKNOWN/NA,Y,,1,,CITY OF CHICAGO,IMPOUND 2,,,,,Y,Y,,,,,,,,,UNKNOWN,,,,,,,,,,,,,,,,,,,,,,,,,,,,,,,,,
2118919,85983d1e2144bf627885c2eca916852d6d9245552cb2d7a53e9bcb3e4aee607c3b601901adf1429a0d757ebc442d6160589e6d5c7f5712e05021a11cacdc945f,07/31/2025 10:45:00 PM,2,PARKED,,2019952,,TOYOTA,SIENNA,IL,2008,NONE,PASSENGER,PERSONAL,UNKNOWN,PARKED,,,0,,,,,,,,,,,Y,Y,Y,,,,,SIDE-LEFT,,,,,,,,,,,,,,,,,,,,,,,,,,,,,,,,,
2118920,85983d1e2144bf627885c2eca916852d6d9245552cb2d7a53e9bcb3e4aee607c3b601901adf1429a0d757ebc442d6160589e6d5c7f5712e05021a11cacdc945f,07/31/2025 10:45:00 PM,3,PARKED,,2019954,,CHEVROLET,SILVERADO,IL,2024,NONE,PICKUP,PERSONAL,UNKNOWN,PARKED,,,0,,,,,Y,Y,Y,Y,Y,,,,,,,,,SIDE-RIGHT,,,,,,,,,,,,,,,,,,,,,,,,,,,,,,,,,