CRASH_UNIT_ID,CRASH_RECORD_ID,CRASH_DATE,UNIT_NO,UNIT_TYPE,NUM_PASSENGERS,VEHICLE_ID,CMRC_VEH_I,MAKE,MODEL,LIC_PLATE_STATE,VEHICLE_YEAR,VEHICLE_DEFECT,VEHICLE_TYPE,VEHICLE_USE,TRAVEL_DIRECTION,MANEUVER,TOWED_I,FIRE_I,OCCUPANT_CNT,EXCEED_SPEED_LIMIT_I,TOWED_BY,TOWED_TO,AREA_00_I,AREA_01_I,AREA_02_I,AREA_03_I,AREA_04_I,AREA_05_I,AREA_06_I,AREA_07_I,AREA_08_I,AREA_09_I,AREA_10_I,AREA_11_I,AREA_12_I,AREA_99_I,FIRST_CONTACT_POINT,CMV_ID,USDOT_NO,CCMC_NO,ILCC_NO,COMMERCIAL_SRC,GVWR,CARRIER_NAME,CARRIER_STATE,CARRIER_CITY,HAZMAT_PLACARDS_I,HAZMAT_NAME,UN_NO,HAZMAT_PRESENT_I,HAZMAT_REPORT_I,HAZMAT_REPORT_NO,MCS_REPORT_I,MCS_REPORT_NO,HAZMAT_VIO_CAUSE_CRASH_I,MCS_VIO_CAUSE_CRASH_I,IDOT_PERMIT_NO,WIDE_LOAD_I,TRAILER1_WIDTH,TRAILER2_WIDTH,TRAILER1_LENGTH,TRAILER2_LENGTH,TOTAL_VEHICLE_LENGTH,AXLE_CNT,VEHICLE_CONFIG,CARGO_BODY_TYPE,LOAD_TYPE,HAZMAT_OUT_OF_SERVICE_I,MCS_OUT_OF_SERVICE_I,HAZMAT_CLASS
2118936,c31e52ebcb98e3760c7047dea778a133dd6c338f1fd6225cd7eb51822fc91ec34c6e4baf511630f1b3bb6ec57f9b1313e6884d791a47e1d574b9420e008826e7,07/31/2025 10:40:00 PM,1,DRIVER,,2019971,N,FORD,ESCAPE,IL,2016,NONE,SPORT UTILITY VEHICLE (SUV),OTHER,N,TURNING LEFT,,,1,,,,,Y,Y,Y,,,,,,,,,,,FRONT-RIGHT-CORNER,,,,,,,,,,,,,,,,,,,,,,,,,,,,,,,,,
2118937,c31e52ebcb98e3760c7047dea778a133dd6c338f1fd6225cd7eb51822fc91ec34c6e4baf511630f1b3bb6ec57f9b1313e6884d791a47e1d574b9420e008826e7,07/31/2025 10:40:00 PM,2,DRIVER,,2019977,,ACURA,ZDX,IL,2019,NONE,PASSENGER,PERSONAL,S,STRAIGHT AHEAD,,,1,,,,,Y,,,,,,,,,,Y,Y,,FRONT,,,,,,,,,,,,,,,,,,,,,,,,,,,,,,,,,
2119364,f81017144168dc14806322a9b50c91e1975c6f9a9f2d04e8eebd0002c97140262ba099b38b54997aaa3cb0110d8a1aa38cfc9ac6ab20de2e4ef148705efb9016,07/31/2025 10:35:00 PM,1,BICYCLE,,,,,,,,,,,,,,,,,,,,,,,,,,,,,,,,,,,,,,,,,,,,,,,,,,,,,,,,,,,,,,,,,,
2119365,f81017144168dc14806322a9b50c91e1975c6f9a9f2d04e8eebd0002c97140262ba099b38b54997aaa3cb0110d8a1aa38cfc9ac6ab20de2e4ef148705efb9016,07/31/2025 10:35:00 PM,2,DRIVER,,2020377,,CHEVROLET,IMPALA,IL,2011,NONE,PASSENGER,PERSONAL,S,TURNING RIGHT,,,1,,,,,Y,,,,,,,,,,,,,FRONT-RIGHT-CORNER,,,,,,,,,,,,,,,,,,,,,,,,,,,,,,,,,
2118952,243f6683111cef7a6cca57fbecafe039c15ab8f9dc45ad2d4c5e03147d7bf720c82726ceeb3f7e663c91d5c6516bdfdb1994e4f776b696bed35ca1288f7364a5,07/31/2025 10:29:00 PM,1,DRIVER,,2019981,,FORD,OTHER (EXPLAIN IN NARRATIVE),IL,2025,NONE,PASSENGER,PERSONAL,UNKNOWN,BACKING,,,1,,,,,,,,,Y,N,,,,,,,,REAR-RIGHT-CORNER,,,,,,,,,,,,,,,,,,,,,,,,,,,,,,,,,
2118953,243f6683111cef7a6cca57fbecafe039c15ab8f9dc45ad2d4c5e03147d7bf720c82726ceeb3f7e663c91d5c6516bdfdb1994e4f776b696bed35ca1288f7364a5,07/31/2025 10:29:00 PM,2,PARKED,,2019986,,TOYOTA,OTHER (EXPLAIN IN NARRATIVE),IL,2009,NONE,PASSENGER,PERSONAL,UNKNOWN,PARKED,,,0,,,,Y,,,,,,,,,,,,,,REAR,,,,,,,,,,,,,,,,,,,,,,,,,,,,,,,,,
2119024,9c08094b042d9e9bce6ea4fa41b705d7ce914d8b27da29bdd377b39812906db337536a2c0ad06102f6f02412edcfd6af079203eecfad37db1321239ef512439d,07/31/2025 10:29:00 PM,1,DRIVER,1,2020056,,FORD,EXPLORER,IL,2025,NONE,PASSENGER,PERSONAL,E,STRAIGHT AHEAD,,,2,,,,,N,N,Y,,,,,,,,,,,SIDE-RIGHT,,,,,,,,,,,,,,,,,,,,,,,,,,,,,,,,,
2119025,9c08094b042d9e9bce6ea4fa41b705d7ce914d8b27da29bdd377b39812906db337536a2c0ad06102f6f02412edcfd6af079203eecfad37db1321239ef512439d,07/31/2025 10:29:00 PM,2,PARKED,,2020057,,LEXUS,OTHER (EXPLAIN IN NARRATIVE),IL,2015,NONE,PASSENGER,PERSONAL,E,PARKED,,,0,,,,,,,,,,Y,Y,Y,,,,,,REAR-LEFT-CORNER,,,,,,,,,,,,,,,,,,,,,,,,,,,,,,,,,
2118921,f0a173333ead3afa9e5fd48abff9d2cddf489a8a71f46d59c5f4c5d6d5d1df424326ffc3b9bf3ee2d79951fe874af1fdc7907d4f92deb505035c772836853e34,07/31/2025 10:16:00 PM,1,DRIVER,,2019949,,CHEVROLET,OTHER (EXPLAIN IN NARRATIVE),IL,2025,NONE,SPORT UTILITY VEHICLE (SUV),UNKNOWN/NA,S,STRAIGHT AHEAD,,,1,,,,,Y,,,,,,,,,,,,,FRONT-RIGHT-CORNER,,,,,,,,,,,,,,,,,,,,,,,,,,,,,,,,,
2118922,f0a173333ead3afa9e5fd48abff9d2cddf489a8a71f46d59c5f4c5d6d5d1df424326ffc3b9bf3ee2d79951fe874af1fdc7907d4f92deb505035c772836853e34,07/31/2025 10:16:00 PM,2,DRIVER,,2019957,,TOYOTA,HIGHLANDER,IL,2021,NONE,SPORT UTILITY VEHICLE (SUV),UNKNOWN/NA,S,STRAIGHT AHEAD,,,1,,,,,,,,,,,Y,,,,,,,REAR-LEFT-CORNER,,,,,,,,,,,,,,,,,,,,,,,,,,,,,,,,,
2119320,ecd411bd6c85967cef19bd98b68a731e44345f1e24a8939654a51863eb07672417533af8dc2fd31a104fc6368b80330093f4095e1cf8fc4e7555d15993c25a7b,07/31/2025 10:15:00 PM,1,DRIVER,,2020336,,HYUNDAI,ELANTRA,IL,2024,UNKNOWN,PASSENGER,UNKNOWN/NA,S,BACKING,,,1,,,,,,,,,Y,Y,Y,,,,,,,REAR,,,,,,,,,,,,,,,,,,,,,,,,,,,,,,,,,
2119321,ecd411bd6c85967cef19bd98b68a731e44345f1e24a8939654a51863eb07672417533af8dc2fd31a104fc6368b80330093f4095e1cf8fc4e7555d15993c25a7b,07/31/2025 10:15:00 PM,2,PARKED,,2020337,,CHEVROLET,BLAZER,IL,2021,UNKNOWN,SPORT UTILITY VEHICLE (SUV),PERSONAL,S,PARKED,,,0,,,,,Y,,,,,,,,,,Y,Y,,FRONT,,,,,,,,,,,,,,,,,,,,,,,,,,,,,,,,,
2119163,ef5ee2d69f66005ff85dc2896bdd0dd9631ed1020e2e1baba930ae24a55937ca14943c27a02f21b2ef21e7237c9de5460d30173d6e6a3cb0d03de09ac79da2fe,07/31/2025 10:14:00 PM,1,DRIVER,,2020195,,HONDA,ODYSSEY,IL,2002,UNKNOWN,PASSENGER,PERSONAL,W,STRAIGHT AHEAD,,,1,,,,,,,,,,,,,,,,,Y,FRONT,,,,,,,,,,,,,,,,,,,,,,,,,,,,,,,,,
2119164,ef5ee2d69f66005ff85dc2896bdd0dd9631ed1020e2e1baba930ae24a55937ca14943c27a02f21b2ef21e7237c9de5460d30173d6e6a3cb0d03de09ac79da2fe,07/31/2025 10:14:00 PM,2,DRIVER,,2020208,,GENERAL MOTORS CORPORATION (GMC),TERRAIN,IL,2026,UNKNOWN,PASSENGER,PERSONAL,NE,TURNING LEFT,,,1,,,,,Y,Y,Y,,,,,,,,,,,SIDE-RIGHT,,,,,,,,,,,,,,,,,,,,,,,,,,,,,,,,,
2118961,a40ae95729a94e422864369b955af0f84dcfeba6543f1400009c8c98b54f05f1fb7699e61a4c97398a647bda6285caabda51506295df360c8ece0613f14386b2,07/31/2025 10:13:00 PM,1,DRIVER,,2019996,,KIA,FORTE,IL,2010,NONE,PASSENGER,PERSONAL,N,PASSING/OVERTAKING,,,1,,,,,Y,Y,Y,Y,Y,,,,,,,,,FRONT-RIGHT-CORNER,,,,,,,,,,,,,,,,,,,,,,,,,,,,,,,,,
2118962,a40ae95729a94e422864369b955af0f84dcfeba6543f1400009c8c98b54f05f1fb7699e61a4c97398a647bda6285caabda51506295df360c8ece0613f14386b2,07/31/2025 10:13:00 PM,2,DRIVER,,2020001,,TOYOTA,CAMRY,IL,2014,NONE,PASSENGER,TAXI/FOR HIRE,N,STRAIGHT AHEAD,,,1,,,,,,,,,,Y,Y,Y,,,,,,REAR-LEFT-CORNER,,,,,,,,,,,,,,,,,,,,,,,,,,,,,,,,,
2119256,c554e15d7df57ef33d9d23197b44cf92c9241d7ee333d14d6e7cde044a8041db46addb51ac08532ed29adc4ef8c3f26962f601d7e3f22799f13f83b858b4123f,07/31/2025 10:10:00 PM,1,DRIVER,,2020284,,UNKNOWN,ENCLOSED BODY,,,UNKNOWN,PASSENGER,PERSONAL,UNKNOWN,STRAIGHT AHEAD,,,1,,,,,,,,,,,,,,,,,Y,UNKNOWN,,,,,,,,,,,,,,,,,,,,,,,,,,,,,,,,,
2119257,c554e15d7df57ef33d9d23197b44cf92c9241d7ee333d14d6e7cde044a8041db46addb51ac08532ed29adc4ef8c3f26962f601d7e3f22799f13f83b858b4123f,07/31/2025 10:10:00 PM,2,PARKED,,2020287,,AUDI,Q5,IL,2021,UNKNOWN,SPORT UTILITY VEHICLE (SUV),PERSONAL,UNKNOWN,PARKED,,,0,,,,,,,,,,,Y,Y,Y,Y,Y,,,SIDE-LEFT,,,,,,,,,,,,,,,,,,,,,,,,,,,,,,,,,
2118925,d37a6ec292ec84cd5a7b8812b05b33a7aede0f7f9b71067afd5edbeb1d59c7687730205005cb8704f9b602e7e3ec920d1e19d00f0df286d41bc6146d867a3304,07/31/2025 10:06:00 PM,1,DRIVER,,2019956,,HONDA,ACCORD,IL,2015,UNKNOWN,PASSENGER,PERSONAL,N,STRAIGHT AHEAD,,,1,,,,,,,Y,Y,,,,,,,,,,SIDE-RIGHT,,,,,,,,,,,,,,,,,,,,,,,,,,,,,,,,,
2118926,d37a6ec292ec84cd5a7b8812b05b33a7aede0f7f9b71067afd5edbeb1d59c7687730205005cb8704f9b602e7e3ec920d1e19d00f0df286d41bc6146d867a3304,07/31/2025 10:06:00 PM,2,DRIVER,,2019963,,CHEVROLET,CRUZE,IL,2013,UNKNOWN,PASSENGER,PERSONAL,N,STRAIGHT AHEAD,,,1,,,,,,,,,,,,,,,Y,,,FRONT-LEFT-CORNER,,,,,,,,,,,,,,,,,,,,,,,,,,,,,,,,,
2118927,d37a6ec292ec84cd5a7b8812b05b33a7aede0f7f9b71067afd5edbeb1d59c7687730205005cb8704f9b602e7e3ec920d1e19d00f0df286d41bc6146d867a3304,07/31/2025 10:06:00 PM,3,PARKED,,2019969,,VOLKSWAGEN,OTHER (EXPLAIN IN NARRATIVE),IL,,UNKNOWN,PASSENGER,NOT IN USE,UNKNOWN,PARKED,,,0,,,,,,,,,,,,,,,Y,,,FRONT,,,,,,,,,,,,,,,,,,,,,,,,,,,,,,,,,
2118959,ad9830390f564077cab7f2150014708b936650454d424d5827bc2e4e36aa65f441e40124d9f61dbeaa022078f94b25ab437c0381a479a7e75088cc85da67f434,07/31/2025 09:59:00 PM,1,DRIVER,,2019989,,UNKNOWN,OTHER (EXPLAIN IN NARRATIVE),XX,,UNKNOWN,UNKNOWN/NA,UNKNOWN/NA,E,UNKNOWN/NA,,,1,,,,,Y,,,,,,,,,,Y,,,FRONT-RIGHT-CORNER,,,,,,,,,,,,,,,,,,,,,,,,,,,,,,,,,
2118960,ad9830390f564077cab7f2150014708b936650454d424d5827bc2e4e36aa65f441e40124d9f61dbeaa022078f94b25ab437c0381a479a7e75088cc85da67f434,07/31/2025 09:59:00 PM,2,DRIVER,,2019992,,AUDI,Q5,IL,2012,OTHER,PASSENGER,PERSONAL,E,STRAIGHT AHEAD,Y,,1,,,,,,,,,,,,,,Y,Y,,,SIDE-LEFT-FRONT,,,,,,,,,,,,,,,,,,,,,,,,,,,,,,,,,
2118906,14c5d4f7be4c7c6d9e821ddd436c360d0d98ef31c6667cdbee060f517e2a6d50be85ea728564e671bfe3ad3e9db329979fd01a6738472e616498a828d69f809c,07/31/2025 09:52:00 PM,1,DRIVER,,2019934,,NISSAN,PATHFINDER,IL,2023,UNKNOWN,SPORT UTILITY VEHICLE (SUV),PERSONAL,N,UNKNOWN/NA,,,1,,,,,,,,,,,,Y,Y,Y,,,,UNKNOWN,,,,,,,,,,,,,,,,,,,,,,,,,,,,,,,,,
2118907,14c5d4f7be4c7c6d9e821ddd436c360d0d98ef31c6667cdbee060f517e2a6d50be85ea728564e671bfe3ad3e9db329979fd01a6738472e616498a828d69f809c,07/31/2025 09:52:00 PM,2,DRIVER,,2019937,,CHEVROLET,VOLT,IL,2013,NONE,PASSENGER,PERSONAL,E,STRAIGHT AHEAD,,,1,,,,,Y,,,,,,,,,,,,,FRONT-RIGHT-CORNER,,,,,,,,,,,,,,,,,,,,,,,,,,,,,,,,,
2118914,0ad987f8e738b91451b9791750df6edfec0a76f6a0403c640ee1bafa3cf7cac767c43c743abe18e519feb49772d4517ac803f11accb2ecea56b4aff7783806d9,07/31/2025 09:50:00 PM,1,DRIVER,,2019943,,VOLKSWAGEN,JETTA,IL,2018,UNKNOWN,PASSENGER,PERSONAL,N,STRAIGHT AHEAD,,,1,,,,,Y,,,,,,,,,,Y,Y,Y,FRONT,,,,,,,,,,,,,,,,,,,,,,,,,,,,,,,,,
2118915,0ad987f8e738b91451b9791750df6edfec0a76f6a0403c640ee1bafa3cf7cac767c43c743abe18e519feb49772d4517ac803f11accb2ecea56b4aff7783806d9,07/31/2025 09:50:00 PM,2,DRIVER,,2019947,,CADILLAC,ESCALADE,IN,2023,UNKNOWN,SPORT UTILITY VEHICLE (SUV),PERSONAL,N,STRAIGHT AHEAD,,,1,,,,,,,,,Y,Y,Y,,,,,,,REAR,,,,,,,,,,,,,,,,,,,,,,,,,,,,,,,,,
2119096,137bab7bb4af2bdb5b7fb03bf415b6be76499aa54c9d2bae78fedb6fca374339fbaa53e3ad45abb3f2a1bbaa8a956cc9d5a86826b58451f9215a634827977454,07/31/2025 09:50:00 PM,1,DRIVER,,2020122,,NISSAN,OTHER (EXPLAIN IN NARRATIVE),IL,2011,UNKNOWN,SPORT UTILITY VEHICLE (SUV),UNKNOWN/NA,E,STRAIGHT AHEAD,,,1,,,,,Y,Y,Y,Y,,,,,,,,,,SIDE-RIGHT,,,,,,,,,,,,,,,,,,,,,,,,,,,,,,,,,
2119097,137bab7bb4af2bdb5b7fb03bf415b6be76499aa54c9d2bae78fedb6fca374339fbaa53e3ad45abb3f2a1bbaa8a956cc9d5a86826b58451f9215a634827977454,07/31/2025 09:50:00 PM,2,DRIVER,,2020129,,MERCEDES-BENZ,OTHER (EXPLAIN IN NARRATIVE),IL,2019,NONE,PASSENGER,PERSONAL,E,STRAIGHT AHEAD,,,1,,,,,,,,,,,,Y,Y,Y,Y,,,SIDE-LEFT,,,,,,,,,,,,,,,,,,,,,,,,,,,,,,,,,
2118977,16a941ed216d370b30b8719228b08a45cb2932cb40137674012c9f4ad7f01285192e275c26d04f406456a77aaa8751fb0a6346c1c4913ec5c2d87d20b1dab77d,07/31/2025 09:49:00 PM,1,DRIVER,3,2020008,,NISSAN,PATHFINDER,IL,2014,NONE,SPORT UTILITY VEHICLE (SUV),PERSONAL,N,TURNING LEFT,,,4,,,,,Y,Y,Y,Y,Y,,,,,,,,,SIDE-RIGHT,,,,,,,,,,,,,,,,,,,,,,,,,,,,,,,,,
2118978,16a941ed216d370b30b8719228b08a45cb2932cb40137674012c9f4ad7f01285192e275c26d04f406456a77aaa8751fb0a6346c1c4913ec5c2d87d20b1dab77d,07/31/2025 09:49:00 PM,2,DRIVER,1,2020010,,BUICK,OTHER (EXPLAIN IN NARRATIVE),IL,2011,NONE,PASSENGER,PERSONAL,S,STRAIGHT AHEAD,,,2,,,,,Y,,,,,,,,,,Y,Y,,FRONT,,,,,,,,,,,,,,,,,,,,,,,,,,,,,,,,,
2118930,a4d85751949ab135039c30da2bdf1a9f010198f6d090f6cd799c1b72d3cc9f18fe24d43f61fb212a26afe8524b7280cfbb5b684123b1d3f793953517f456c0f0,07/31/2025 09:45:00 PM,1,DRIVER,,2019958,,UNKNOWN,MOTORIZED,IL,,UNKNOWN,UNKNOWN/NA,UNKNOWN/NA,N,STRAIGHT AHEAD,,,1,,,,,,,,,,,,,,,,,Y,UNKNOWN,,,,,,,,,,,,,,,,,,,,,,,,,,,,,,,,,
2118931,a4d85751949ab135039c30da2bdf1a9f010198f6d090f6cd799c1b72d3cc9f18fe24d43f61fb212a26afe8524b7280cfbb5b684123b1d3f793953517f456c0f0,07/31/2025 09:45:00 PM,2,DRIVER,,2019966,,YAMAHA,OTHER (EXPLAIN IN NARRATIVE),IL,2013,UNKNOWN,MOTORCYCLE (OVER 150CC),PERSONAL,N,STRAIGHT AHEAD,,,1,,,,,Y,Y,Y,Y,Y,Y,,,,,,,,REAR,,,,,,,,,,,,,,,,,,,,,,,,,,,,,,,,,
2118938,f05b8885542fe5047a640e8885dd297584055c05facf0f28778a39c0112f866efc5c98949c5be2d8c20ea0bcbb16e69e445fd4b1b6f7a8a88129935c935e6d12,07/31/2025 09:38:00 PM,1,DRIVER,,2019964,,UNKNOWN,OTHER (EXPLAIN IN NARRATIVE),,,UNKNOWN,BUS UP TO 15 PASS.,CTA,S,STRAIGHT AHEAD,,,1,,,,,,,,,,,,,,,,,Y,FRONT,,,,,,,,,,,,,,,,,,,,,,,,,,,,,,,,,
2118939,f05b8885542fe5047a640e8885dd297584055c05facf0f28778a39c0112f866efc5c98949c5be2d8c20ea0bcbb16e69e445fd4b1b6f7a8a88129935c935e6d12,07/31/2025 09:38:00 PM,2,DRIVER,1,2019974,,NISSAN,ROGUE,IL,2016,NONE,SPORT UTILITY VEHICLE (SUV),PERSONAL,S,SLOW/STOP IN TRAFFIC,,,2,,,,,,,,,,Y,,,,,,,,REAR,,,,,,,,,,,,,,,,,,,,,,,,,,,,,,,,,
2121751,9420f259c62883cc2d68af6d314d1d4c5d7b1d37bd48ef3e0bc50092529e200f969a5c52dcc64687d4e0dd48754fc77082f13b32036f2cfc6514223bfb05f144,07/31/2025 09:30:00 PM,1,DRIVER,2,2022685,,TOYOTA,CAMRY,IL,2007,UNKNOWN,PASSENGER,PERSONAL,E,ENTERING TRAFFIC LANE FROM PARKING,,,3,,,,,,,,,,,Y,Y,,,,,,REAR-LEFT-CORNER,,,,,,,,,,,,,,,,,,,,,,,,,,,,,,,,,
2121752,9420f259c62883cc2d68af6d314d1d4c5d7b1d37bd48ef3e0bc50092529e200f969a5c52dcc64687d4e0dd48754fc77082f13b32036f2cfc6514223bfb05f144,07/31/2025 09:30:00 PM,2,DRIVER,,2022686,,GENERAL MOTORS CORPORATION (GMC),YUKON,IL,2002,UNKNOWN,PASSENGER,PERSONAL,E,STRAIGHT AHEAD,Y,,1,,private tow,owner's house,,Y,Y,N,,,,,,,,,,,FRONT-RIGHT-CORNER,,,,,,,,,,,,,,,,,,,,,,,,,,,,,,,,,
2118908,3bc15d4087858c3b73c68880f0c0a5ff70352622848ad34bea0e3ff3e3fbfb74bf0c25dd1c0fee1e76f348965f0f0f70ed95c5718ce37516b6a859141421fc1d,07/31/2025 09:25:00 PM,1,DRIVER,,2019936,,HONDA,CIVIC,IL,2014,UNKNOWN,PASSENGER,PERSONAL,NE,BACKING,,,1,,,,,,,,,,,,Y,Y,,,,,SIDE-LEFT-REAR,,,,,,,,,,,,,,,,,,,,,,,,,,,,,,,,,
2118909,3bc15d4087858c3b73c68880f0c0a5ff70352622848ad34bea0e3ff3e3fbfb74bf0c25dd1c0fee1e76f348965f0f0f70ed95c5718ce37516b6a859141421fc1d,07/31/2025 09:25:00 PM,2,DRIVER,,2019946,,CADILLAC,CTS,IL,2014,UNKNOWN,PASSENGER,PERSONAL,S,BACKING,,,1,,,,,,,,,Y,,,,,,,,,REAR-RIGHT-CORNER,,,,,,,,,,,,,,,,,,,,,,,,,,,,,,,,,
2118901,d668d6520befb7d8ae414d3ec6cc5a13d86966961934b5f4572aad0df99cd9dd306be188f451425dc1cea0c17013de8c6aa30708116a03828d935e0686418692,07/31/2025 09:20:00 PM,1,DRIVER,,2019928,,MERCEDES-BENZ,OTHER (EXPLAIN IN NARRATIVE),IL,2023,UNKNOWN,PASSENGER,UNKNOWN/NA,S,OTHER,,,1,,,,,,,,,,,,,,,,,Y,UNKNOWN,,,,,,,,,,,,,,,,,,,,,,,,,,,,,,,,,
2118902,d668d6520befb7d8ae414d3ec6cc5a13d86966961934b5f4572aad0df99cd9dd306be188f451425dc1cea0c17013de8c6aa30708116a03828d935e0686418692,07/31/2025 09:20:00 PM,2,DRIVER,,2019929,,LINCOLN,NAVIGATOR,IL,2023,NONE,PASSENGER,TAXI/FOR HIRE,SE,MERGING,,,1,,,,,,,,,,,,,,,Y,,,FRONT-LEFT-CORNER,,,,,,,,,,,,,,,,,,,,,,,,,,,,,,,,,
2118897,5a8f3f14c80bd0218a82d4677d71ccf31767ef5c4ae16b3339852613f486c799502906220af0670f9f181b443244c7e45d669b15b103809a89b9f0fffb947ecf,07/31/2025 09:15:00 PM,1,DRIVER,1,2019926,,MAZDA,CX-5,IL,2017,NONE,SPORT UTILITY VEHICLE (SUV),PERSONAL,E,STRAIGHT AHEAD,Y,,2,,UNK,UNK,,Y,,,,,,,,,,Y,Y,,FRONT,,,,,,,,,,,,,,,,,,,,,,,,,,,,,,,,,
2118898,5a8f3f14c80bd0218a82d4677d71ccf31767ef5c4ae16b3339852613f486c799502906220af0670f9f181b443244c7e45d669b15b103809a89b9f0fffb947ecf,07/31/2025 09:15:00 PM,2,DRIVER,1,2019931,,MAZDA,OTHER (EXPLAIN IN NARRATIVE),IL,2025,NONE,SPORT UTILITY VEHICLE (SUV),PERSONAL,S,STRAIGHT AHEAD,Y,,2,,UNK,UNK,,Y,Y,,,,,,,Y,Y,Y,,,OTHER,,,,,,,,,,,,,,,,,,,,,,,,,,,,,,,,,
2118899,5a8f3f14c80bd0218a82d4677d71ccf31767ef5c4ae16b3339852613f486c799502906220af0670f9f181b443244c7e45d669b15b103809a89b9f0fffb947ecf,07/31/2025 09:15:00 PM,3,DRIVER,,2019935,,ACURA,ADX,IL,2019,NONE,SPORT UTILITY VEHICLE (SUV),PERSONAL,S,STRAIGHT AHEAD,,,1,,,,,Y,Y,Y,,,,,,,,,,,FRONT-RIGHT-CORNER,,,,,,,,,,,,,,,,,,,,,,,,,,,,,,,,,
2118973,a2e5c69ae3dbb8580e9d3f7471991994d9b87586fa59fab2aced6f1eb506fd5a6a77a90b4052e2d88fb388822b3d0fdef921bfcec7cdaba4f98dbe000395ac2e,07/31/2025 09:15:00 PM,1,DRIVER,1,2020003,,CHEVROLET,CRUZE,IL,2011,NONE,PASSENGER,PERSONAL,E,STRAIGHT AHEAD,,,2,,,,,Y,Y,,,,,,,,Y,Y,Y,,FRONT,,,,,,,,,,,,,,,,,,,,,,,,,,,,,,,,,
2118974,a2e5c69ae3dbb8580e9d3f7471991994d9b87586fa59fab2aced6f1eb506fd5a6a77a90b4052e2d88fb388822b3d0fdef921bfcec7cdaba4f98dbe000395ac2e,07/31/2025 09:15:00 PM,2,DRIVER,,2020006,,NISSAN,ROGUE,IL,2017,NONE,SPORT UTILITY VEHICLE (SUV),PERSONAL,E,STRAIGHT AHEAD,,,1,,,,,,,,Y,Y,Y,Y,Y,,,,,,REAR,,,,,,,,,,,,,,,,,,,,,,,,,,,,,,,,,
2118877,3ad26564fd3feb6c25e833e1583f0b91673d1d085eff2e04363e933606ae743f1ba6881af227a222dcfa7735ec9840f3da508b3c2a6b424c871c635c375cd510,07/31/2025 09:06:00 PM,1,DRIVER,,2019910,,FORD,FOCUS,IL,2026,NONE,PASSENGER,PERSONAL,N,STRAIGHT AHEAD,,,1,,,,,Y,,,,,,,,,,Y,Y,,FRONT,,,,,,,,,,,,,,,,,,,,,,,,,,,,,,,,,
2118878,3ad26564fd3feb6c25e833e1583f0b91673d1d085eff2e04363e933606ae743f1ba6881af227a222dcfa7735ec9840f3da508b3c2a6b424c871c635c375cd510,07/31/2025 09:06:00 PM,2,DRIVER,,2019918,,TOYOTA,COROLLA,IL,2007,NONE,PASSENGER,PERSONAL,N,STRAIGHT AHEAD,,,1,,,,,,,,,Y,Y,Y,,,,N,,,REAR,,,,,,,,,,,,,,,,,,,,,,,,,,,,,,,,,
2118879,3ad26564fd3feb6c25e833e1583f0b91673d1d085eff2e04363e933606ae743f1ba6881af227a222dcfa7735ec9840f3da508b3c2a6b424c871c635c375cd510,07/31/2025 09:06:00 PM,3,DRIVER,1,2019924,,TOYOTA,COROLLA,IL,2006,NONE,PASSENGER,PERSONAL,N,STRAIGHT AHEAD,,,2,,,,Y,,,,,,,,,,,,,,REAR,,,,,,,,,,,,,,,,,,,,,,,,,,,,,,,,,
2118881,72324bba273169bd3c2cb990dbabcec69905b50dc83e475b7c4902247009b53e9855a3aab4f1b4f42b340e2b9ceac252554cf8cb8bc7178964bf1785415ca8ce,07/31/2025 09:00:00 PM,1,DRIVER,,2019909,,UNKNOWN,OTHER (EXPLAIN IN NARRATIVE),,,UNKNOWN,PASSENGER,PERSONAL,E,STRAIGHT AHEAD,,,1,,,,,Y,Y,,,,,,,,,,,,FRONT-RIGHT-CORNER,,,,,,,,,,,,,,,,,,,,,,,,,,,,,,,,,
2118882,72324bba273169bd3c2cb990dbabcec69905b50dc83e475b7c4902247009b53e9855a3aab4f1b4f42b340e2b9ceac252554cf8cb8bc7178964bf1785415ca8ce,07/31/2025 09:00:00 PM,2,DRIVER,,2019913,,TOYOTA,RAV4,IL,2014,NONE,PASSENGER,PERSONAL,E,STRAIGHT AHEAD,,,1,,,,,,,,,,,,,,Y,Y,,,FRONT-LEFT-CORNER,,,,,,,,,,,,,,,,,,,,,,,,,,,,,,,,,
2118954,3bb7f6c60cf91bea213bb30d8366c80899c5ce5af60308735748fd832a979c846f4a355c5d001d30d1ea49ae66efe315e54f8358e034fa09a7253b01f537b362,07/31/2025 08:55:00 PM,1,DRIVER,,2019985,N,FORD,VAN,IL,2020,UNKNOWN,VAN/MINI-VAN,COMMERCIAL - SINGLE UNIT,UNKNOWN,STRAIGHT AHEAD,,,1,,,,,,,,,,,,,,,,,,TOP,,,,,,,,,,,,,,,,,,,,,,,,,,,,,,,,,