CRASH_UNIT_ID,CRASH_RECORD_ID,CRASH_DATE,UNIT_NO,UNIT_TYPE,NUM_PASSENGERS,VEHICLE_ID,CMRC_VEH_I,MAKE,MODEL,LIC_PLATE_STATE,VEHICLE_YEAR,VEHICLE_DEFECT,VEHICLE_TYPE,VEHICLE_USE,TRAVEL_DIRECTION,MANEUVER,TOWED_I,FIRE_I,OCCUPANT_CNT,EXCEED_SPEED_LIMIT_I,TOWED_BY,TOWED_TO,AREA_00_I,AREA_01_I,AREA_02_I,AREA_03_I,AREA_04_I,AREA_05_I,AREA_06_I,AREA_07_I,AREA_08_I,AREA_09_I,AREA_10_I,AREA_11_I,AREA_12_I,AREA_99_I,FIRST_CONTACT_POINT,CMV_ID,USDOT_NO,CCMC_NO,ILCC_NO,COMMERCIAL_SRC,GVWR,CARRIER_NAME,CARRIER_STATE,CARRIER_CITY,HAZMAT_PLACARDS_I,HAZMAT_NAME,UN_NO,HAZMAT_PRESENT_I,HAZMAT_REPORT_I,HAZMAT_REPORT_NO,MCS_REPORT_I,MCS_REPORT_NO,HAZMAT_VIO_CAUSE_CRASH_I,MCS_VIO_CAUSE_CRASH_I,IDOT_PERMIT_NO,WIDE_LOAD_I,TRAILER1_WIDTH,TRAILER2_WIDTH,TRAILER1_LENGTH,TRAILER2_LENGTH,TOTAL_VEHICLE_LENGTH,AXLE_CNT,VEHICLE_CONFIG,CARGO_BODY_TYPE,LOAD_TYPE,HAZMAT_OUT_OF_SERVICE_I,MCS_OUT_OF_SERVICE_I,HAZMAT_CLASS
2118884,a4db332d6b92b3eaf7d96ae030b6e55d8fa0d92c9d8d99f914978c42089f1d931007f8e203d3ace2a026c1853fdb800e3972cb54188d33f8d7a1f9a3c366a733,07/31/2025 08:55:00 PM,1,DRIVER,,2019915,N,GENERAL MOTORS CORPORATION (GMC),SAVANNAH,AZ,2017,NONE,TRUCK - SINGLE UNIT,COMMERCIAL - SINGLE UNIT,NW,STRAIGHT AHEAD,,,1,,,,,N,Y,,,,,,,,,,,,SIDE-RIGHT,,,,,,,,,,,,,,,,,,,,,,,,,,,,,,,,,
2118885,a4db332d6b92b3eaf7d96ae030b6e55d8fa0d92c9d8d99f914978c42089f1d931007f8e203d3ace2a026c1853fdb800e3972cb54188d33f8d7a1f9a3c366a733,07/31/2025 08:55:00 PM,2,DRIVER,1,2019919,,UNKNOWN,OTHER (EXPLAIN IN NARRATIVE),IL,2024,NONE,TRUCK - SINGLE UNIT,COMMERCIAL - SINGLE UNIT,NW,STRAIGHT AHEAD,,,2,,,,,,,,,,,,,,Y,,,,SIDE-LEFT,,,,,,,,,,,,,,,,,,,,,,,,,,,,,,,,,
2118894,245ca3ab23655412b9ea6bbf8064dc679ab0ecf3a7f55cca90f82158ff5d941b05459dd9d89af3f10ce5d62786def5dd8acfbdb2a393ae2ceb889e01324dd6d9,07/31/2025 08:51:00 PM,1,DRIVER,,2019930,,DODGE,CHARGER,IL,2019,NONE,PASSENGER,PERSONAL,W,TURNING LEFT,,,1,,,,,Y,Y,Y,Y,Y,,N,N,N,N,N,,,SIDE-RIGHT,,,,,,,,,,,,,,,,,,,,,,,,,,,,,,,,,
2118895,245ca3ab23655412b9ea6bbf8064dc679ab0ecf3a7f55cca90f82158ff5d941b05459dd9d89af3f10ce5d62786def5dd8acfbdb2a393ae2ceb889e01324dd6d9,07/31/2025 08:51:00 PM,2,DRIVER,1,2019933,,FORD,BRONCO / BRONCO II,IL,2024,NONE,PASSENGER,PERSONAL,W,STRAIGHT AHEAD,,,2,,,,,Y,,,,,,,,,,Y,Y,,FRONT,,,,,,,,,,,,,,,,,,,,,,,,,,,,,,,,,
2118903,65205645bd13901355b8f9397444afea43e6d83781a3c0e41710e27b87339615669aae26773ad61d6d0b82c865bfea1e0d0bd62356872efebb937e45ae40e81f,07/31/2025 08:50:00 PM,1,DRIVER,1,2019932,,DODGE,GRAND CARAVAN,IL,2015,UNKNOWN,VAN/MINI-VAN,PERSONAL,E,UNKNOWN/NA,,,2,,,,,Y,,,,,,,,,,Y,Y,,FRONT,,,,,,,,,,,,,,,,,,,,,,,,,,,,,,,,,
2118904,65205645bd13901355b8f9397444afea43e6d83781a3c0e41710e27b87339615669aae26773ad61d6d0b82c865bfea1e0d0bd62356872efebb937e45ae40e81f,07/31/2025 08:50:00 PM,2,PARKED,,2019939,,FORD,F150,IL,2006,UNKNOWN,PICKUP,OTHER,E,PARKED,,,0,,,,,,,,,Y,Y,Y,,,,,,,REAR,,,,,,,,,,,,,,,,,,,,,,,,,,,,,,,,,
2118905,65205645bd13901355b8f9397444afea43e6d83781a3c0e41710e27b87339615669aae26773ad61d6d0b82c865bfea1e0d0bd62356872efebb937e45ae40e81f,07/31/2025 08:50:00 PM,3,PARKED,,2019940,,NISSAN,PATHFINDER,IL,2016,UNKNOWN,SPORT UTILITY VEHICLE (SUV),PERSONAL,E,PARKED,,,0,,,,,,,,,Y,Y,Y,Y,Y,Y,Y,,,REAR,,,,,,,,,,,,,,,,,,,,,,,,,,,,,,,,,
2119254,7f6dd6fc05d74c80d7fd782601727f5d7d6a3446c720da038a51857d4bd1cd4c5aa6111c2b6ba1ad086ecdb6d643260d7e9b9658bb27c9a2ed9b4068a87e98ac,07/31/2025 08:45:00 PM,1,DRIVER,,2020276,,GENERAL MOTORS CORPORATION (GMC),ACADIA,IL,2008,NONE,SPORT UTILITY VEHICLE (SUV),PERSONAL,UNKNOWN,BACKING,,,1,,,,,,,,,,,,Y,Y,,,,,SIDE-LEFT,,,,,,,,,,,,,,,,,,,,,,,,,,,,,,,,,
2119255,7f6dd6fc05d74c80d7fd782601727f5d7d6a3446c720da038a51857d4bd1cd4c5aa6111c2b6ba1ad086ecdb6d643260d7e9b9658bb27c9a2ed9b4068a87e98ac,07/31/2025 08:45:00 PM,2,PARKED,,2020269,,TOYOTA,CAMRY,IL,2013,NONE,PASSENGER,PERSONAL,N,PARKED,,,0,,,,,,,,,,,,,,,Y,,,FRONT-LEFT-CORNER,,,,,,,,,,,,,,,,,,,,,,,,,,,,,,,,,
2120176,8d83d42981e5b3dd309457f61344133b8ba0ba2a024704ed0e15eed2ab0ef67169533a766fb24d53786cbf4a32920c057caaf0aecfc935ba9e1ba4309b4a2415,07/31/2025 08:45:00 PM,1,DRIVER,,2021165,,NOVA BUS,OTHER (EXPLAIN IN NARRATIVE),IL,2000,UNKNOWN,BUS OVER 15 PASS.,CTA,S,TURNING LEFT,,,1,,,,,,,,,,,,Y,Y,,,,,SIDE-LEFT,,,,,,,,,,,,,,,,,,,,,,,,,,,,,,,,,
2120177,8d83d42981e5b3dd309457f61344133b8ba0ba2a024704ed0e15eed2ab0ef67169533a766fb24d53786cbf4a32920c057caaf0aecfc935ba9e1ba4309b4a2415,07/31/2025 08:45:00 PM,2,DRIVER,,2021171,,CHEVROLET,TAHOE,IL,2008,UNKNOWN,PASSENGER,PERSONAL,S,STRAIGHT AHEAD,,,1,,,,,Y,,,,,,,,,,,,,FRONT-RIGHT-CORNER,,,,,,,,,,,,,,,,,,,,,,,,,,,,,,,,,
2118891,da0e781211e6de29e800e50b1041ef54d4019255b4c819ca5b877b35acfa39ff9f30ba8a06bd0b03cdc0ee3855fe44026828b841d5e9b4d01fecf8d84c81485f,07/31/2025 08:45:00 PM,1,DRIVER,,2019960,,DODGE,CHARGER,IN,2019,UNKNOWN,PASSENGER,PERSONAL,W,STRAIGHT AHEAD,,,1,,,,,,,,,,N,,,,,,Y,,FRONT,,,,,,,,,,,,,,,,,,,,,,,,,,,,,,,,,
2118892,da0e781211e6de29e800e50b1041ef54d4019255b4c819ca5b877b35acfa39ff9f30ba8a06bd0b03cdc0ee3855fe44026828b841d5e9b4d01fecf8d84c81485f,07/31/2025 08:45:00 PM,2,DRIVER,,2019967,,NISSAN,ALTIMA,,2025,UNKNOWN,PASSENGER,PERSONAL,W,STRAIGHT AHEAD,,,1,,,,,,,,,,Y,,,,,,,,REAR,,,,,,,,,,,,,,,,,,,,,,,,,,,,,,,,,
2118932,4b0439e234ce41251403475a460e0384a60c2c051d8326bc3dd258a35f63971da7769b31ef1e6d5fc781c5765fa6882fb968898aa77d8739100ba01161d73f91,07/31/2025 08:26:00 PM,1,DRIVER,,2019984,,CADILLAC,OTHER (EXPLAIN IN NARRATIVE),IL,2014,UNKNOWN,UNKNOWN/NA,UNKNOWN/NA,SE,BACKING,,,1,,,,,,,,,,,,,,,,,,REAR,,,,,,,,,,,,,,,,,,,,,,,,,,,,,,,,,
2118933,4b0439e234ce41251403475a460e0384a60c2c051d8326bc3dd258a35f63971da7769b31ef1e6d5fc781c5765fa6882fb968898aa77d8739100ba01161d73f91,07/31/2025 08:26:00 PM,2,DRIVER,,2019993,,HONDA,OTHER (EXPLAIN IN NARRATIVE),IL,2014,UNKNOWN,PASSENGER,PERSONAL,S,OTHER,,,1,,,,,,,,,,Y,,,,,,,,REAR,,,,,,,,,,,,,,,,,,,,,,,,,,,,,,,,,
2118883,b8349d0d433b2c0a501d5e2bb4a82a281a726eec9e5ccd282f681bb0eb1803de61066e6facf3f126cac0a0976b801fdbee81e34ebc0cd50ffb90247fea830938,07/31/2025 08:15:00 PM,1,DISABLED VEHICLE,,2019927,,CHEVROLET,BLAZER,IL,2025,UNKNOWN,SPORT UTILITY VEHICLE (SUV),PERSONAL,N,DISABLED,Y,,0,,O'HARE TOW TRUCK,RELO LOT/11 N. BESSIE COLEMAN,,Y,Y,,,,,,,,,,Y,,FRONT-RIGHT-CORNER,,,,,,,,,,,,,,,,,,,,,,,,,,,,,,,,,
2118851,23bcebefd90d8eef6b2aef587b894ccdbf4bde5741a5326e6a782686ec12d67a328d4b5eb1aa58ecc3cde2e0fccc20a1b7c68ce410eddfaee29ac3b74a30279a,07/31/2025 08:13:00 PM,1,DRIVER,,2019885,,NISSAN,ROGUE,IL,2017,NONE,PASSENGER,PERSONAL,E,STRAIGHT AHEAD,,,1,,,,,N,,,,,,,,,,N,Y,,FRONT,,,,,,,,,,,,,,,,,,,,,,,,,,,,,,,,,
2118852,23bcebefd90d8eef6b2aef587b894ccdbf4bde5741a5326e6a782686ec12d67a328d4b5eb1aa58ecc3cde2e0fccc20a1b7c68ce410eddfaee29ac3b74a30279a,07/31/2025 08:13:00 PM,2,DRIVER,,2019886,,HONDA,ACCORD,IL,2022,NONE,PASSENGER,PERSONAL,S,STRAIGHT AHEAD,,,1,,,,,,,,Y,Y,,,,,,,,,REAR-RIGHT-CORNER,,,,,,,,,,,,,,,,,,,,,,,,,,,,,,,,,
2118873,f2a10d51e4d922d40b8785eb1a2600ed655bffc1ca7f828c4b6ded0941ec2bf641c27d776129e795f78aa69dfd7cbad1fa09f4834f7f36e622239a719535fc13,07/31/2025 08:10:00 PM,1,DRIVER,,2019911,,CHEVROLET,EQUINOX,IN,,NONE,SPORT UTILITY VEHICLE (SUV),PERSONAL,N,STRAIGHT AHEAD,,,1,,,,,,,,,,,,,,,,Y,,FRONT,,,,,,,,,,,,,,,,,,,,,,,,,,,,,,,,,
2118874,f2a10d51e4d922d40b8785eb1a2600ed655bffc1ca7f828c4b6ded0941ec2bf641c27d776129e795f78aa69dfd7cbad1fa09f4834f7f36e622239a719535fc13,07/31/2025 08:10:00 PM,2,DRIVER,,2019904,,CHEVROLET,BLAZER,,2020,NONE,SPORT UTILITY VEHICLE (SUV),PERSONAL,N,STRAIGHT AHEAD,,,1,,,,,,,,,,,Y,,,,Y,Y,,REAR-LEFT-CORNER,,,,,,,,,,,,,,,,,,,,,,,,,,,,,,,,,
2118861,fa7f9808c7f723db3358eb395e8574787039d54ce7e1ef3025facecfb25f17504f6fa8c8e15c8ec1b619019ee367f7d55d74eff20d0be89db48dce59abba87f2,07/31/2025 08:09:00 PM,1,DRIVER,,2019894,,LAND ROVER,OTHER (EXPLAIN IN NARRATIVE),IL,2108,UNKNOWN,VAN/MINI-VAN,PERSONAL,S,UNKNOWN/NA,,,1,,,,,Y,,,,,,,,,,,,,FRONT-RIGHT-CORNER,,,,,,,,,,,,,,,,,,,,,,,,,,,,,,,,,
2118862,fa7f9808c7f723db3358eb395e8574787039d54ce7e1ef3025facecfb25f17504f6fa8c8e15c8ec1b619019ee367f7d55d74eff20d0be89db48dce59abba87f2,07/31/2025 08:09:00 PM,2,BICYCLE,,,,,,,,,,,,,,,,,,,,,,,,,,,,,,,,,,,,,,,,,,,,,,,,,,,,,,,,,,,,,,,,,,
2118893,e984fb5f554492329e229082ad8e3a5bd607f547aabb3114b50323ced9ca5f38ddb50546db60f25d3529c736c5b5bbd448fc0ad9eb53b06b040a257e5b59bd05,07/31/2025 08:00:00 PM,1,DRIVER,,2019917,,CHEVROLET,SILVERADO,IL,2005,NONE,TRUCK - SINGLE UNIT,LAWN CARE/LANDSCAPING,E,STRAIGHT AHEAD,,,1,,,,,,,,,,,,,,,,,Y,REAR,,,,,,,,,,,,,,,,,,,,,,,,,,,,,,,,,
2120074,c6046cdd3fa0961c2404bdfae2cd2df4e1c3bdced665a1cc610e89a264b3d112fc84b2c6df440943ecaf8b0ab75fb537478b542f22a4a90a78cb942d862a767d,07/31/2025 07:53:00 PM,1,DRIVER,,2021066,,JEEP,JEEP,IL,,UNKNOWN,UNKNOWN/NA,UNKNOWN/NA,S,STRAIGHT AHEAD,,,1,,,,,,,,,,,,,,,,,,UNKNOWN,,,,,,,,,,,,,,,,,,,,,,,,,,,,,,,,,
2120075,c6046cdd3fa0961c2404bdfae2cd2df4e1c3bdced665a1cc610e89a264b3d112fc84b2c6df440943ecaf8b0ab75fb537478b542f22a4a90a78cb942d862a767d,07/31/2025 07:53:00 PM,2,DRIVER,,2021073,,JAGUAR,F-PACE,IL,2019,UNKNOWN,SPORT UTILITY VEHICLE (SUV),PERSONAL,S,STRAIGHT AHEAD,,,1,,,,,,,,,Y,,,,,,,,,REAR-RIGHT-CORNER,,,,,,,,,,,,,,,,,,,,,,,,,,,,,,,,,
2118869,9454c474235d02b7822dc4d4df269a603a85cc8cb4c225b1cc17dafae281d4093a03da434da16d7ad38fce509cfd5aa43d4196070e615f698a24474253cf1052,07/31/2025 07:45:00 PM,1,DRIVER,,2019902,,HYUNDAI,ELANTRA,IL,2017,UNKNOWN,PASSENGER,UNKNOWN/NA,W,BACKING,,,1,,,,,,,,,,,,,,,,,Y,UNKNOWN,,,,,,,,,,,,,,,,,,,,,,,,,,,,,,,,,
2118870,9454c474235d02b7822dc4d4df269a603a85cc8cb4c225b1cc17dafae281d4093a03da434da16d7ad38fce509cfd5aa43d4196070e615f698a24474253cf1052,07/31/2025 07:45:00 PM,2,DRIVER,,2019905,,FORD,EXPLORER,IL,2020,NONE,PASSENGER,OTHER,E,SLOW/STOP IN TRAFFIC,,,1,,,,,,,,,,,,,,,,Y,,FRONT,,,,,,,,,,,,,,,,,,,,,,,,,,,,,,,,,
2124109,f64f9ede31385bd464a5b2f4fd5dfe84a88c5e38f2a56d7bed22acfd618664eb0f9e9ac07fb043a7c3554c7e2f0d38df191c229a0c000b952efeee1f86a53ea5,07/31/2025 07:44:00 PM,1,DRIVER,,2024931,,UNKNOWN,OTHER (EXPLAIN IN NARRATIVE),,,UNKNOWN,UNKNOWN/NA,UNKNOWN/NA,N,UNKNOWN/NA,,,1,,,,,,,,,,,,,,,,,Y,UNKNOWN,,,,,,,,,,,,,,,,,,,,,,,,,,,,,,,,,
2124110,f64f9ede31385bd464a5b2f4fd5dfe84a88c5e38f2a56d7bed22acfd618664eb0f9e9ac07fb043a7c3554c7e2f0d38df191c229a0c000b952efeee1f86a53ea5,07/31/2025 07:44:00 PM,2,PARKED,,2024939,,JEEP,WRANGLER,IL,2018,UNKNOWN,UNKNOWN/NA,PERSONAL,N,PARKED,,,0,,,,,,,,,,,,,,Y,Y,,,FRONT-LEFT-CORNER,,,,,,,,,,,,,,,,,,,,,,,,,,,,,,,,,
2119006,28802be8f4bb1a5b1d6f8f3d3c64ddfe8edaec7defbba0ce5d5a71093400911bb9fb4ce8d6ef9c80286bc9dc269b27d6f7b21ec12f9453b42ddd66d6dc50d95c,07/31/2025 07:43:00 PM,1,DRIVER,1,2020038,,JEEP,JEEP,IL,2012,NONE,SPORT UTILITY VEHICLE (SUV),PERSONAL,S,STRAIGHT AHEAD,,,2,,,,,Y,,,,,,,,,,Y,Y,,FRONT,,,,,,,,,,,,,,,,,,,,,,,,,,,,,,,,,
2119007,28802be8f4bb1a5b1d6f8f3d3c64ddfe8edaec7defbba0ce5d5a71093400911bb9fb4ce8d6ef9c80286bc9dc269b27d6f7b21ec12f9453b42ddd66d6dc50d95c,07/31/2025 07:43:00 PM,2,DRIVER,,2020039,,CHEVROLET,SUBURBAN,IL,2010,UNKNOWN,SPORT UTILITY VEHICLE (SUV),UNKNOWN/NA,S,SLOW/STOP IN TRAFFIC,,,1,,,,,,,,,,,,,,,,,Y,REAR,,,,,,,,,,,,,,,,,,,,,,,,,,,,,,,,,
2118837,30cd00021ea38a19132df93395acf166b8f0d57276f5efca0e449d506c0eebef3312c0371725d866dc9f8f4276329f2bc4f5796d7fa52e2c1e9f36e17e8d93bb,07/31/2025 07:30:00 PM,1,DRIVER,,2019870,,MAZDA,CX-5,IL,2013,NONE,SPORT UTILITY VEHICLE (SUV),PERSONAL,E,STRAIGHT AHEAD,,,1,,,,,,,,,,,,,,,,Y,,FRONT,,,,,,,,,,,,,,,,,,,,,,,,,,,,,,,,,
2118838,30cd00021ea38a19132df93395acf166b8f0d57276f5efca0e449d506c0eebef3312c0371725d866dc9f8f4276329f2bc4f5796d7fa52e2c1e9f36e17e8d93bb,07/31/2025 07:30:00 PM,2,DRIVER,,2019876,,TOYOTA,CAMRY,IL,2016,NONE,PASSENGER,PERSONAL,E,STRAIGHT AHEAD,,,1,,,,,,,,,,Y,,,,,,,,REAR,,,,,,,,,,,,,,,,,,,,,,,,,,,,,,,,,
2118827,a72c1a60ee617948a199bd8b910d109e536d450d542c047c2195401bc3e44fe200a2d15c6f2ffc860f33abe182ece538ee9023df616fff5009595e66e0e98d3d,07/31/2025 07:30:00 PM,1,DRIVER,,2019856,,TOYOTA,COROLLA,IL,2021,UNKNOWN,PASSENGER,PERSONAL,N,STRAIGHT AHEAD,,,1,,,,,,,,,,,,,,,Y,,,FRONT-LEFT-CORNER,,,,,,,,,,,,,,,,,,,,,,,,,,,,,,,,,
2118828,a72c1a60ee617948a199bd8b910d109e536d450d542c047c2195401bc3e44fe200a2d15c6f2ffc860f33abe182ece538ee9023df616fff5009595e66e0e98d3d,07/31/2025 07:30:00 PM,2,PARKED,,2019861,,CHEVROLET,MONTE CARLO,IL,1988,UNKNOWN,PASSENGER,NOT IN USE,N,PARKED,,,0,,,,,Y,,,,,,,,,,,,,FRONT-RIGHT-CORNER,,,,,,,,,,,,,,,,,,,,,,,,,,,,,,,,,
2119076,4665b9d39df282435a22064c535ce789433c200360b7acb2e211f3da68109bed93535ba836bd21fc4755d02321fdf6eaa8bf588d1a08edb2162fe1d332fd9687,07/31/2025 07:28:00 PM,1,DRIVER,,2020106,,TOYOTA,PRIUS,,,UNKNOWN,PASSENGER,UNKNOWN/NA,N,STRAIGHT AHEAD,,,1,,,,,,,,,,,,,,,,,Y,FRONT,,,,,,,,,,,,,,,,,,,,,,,,,,,,,,,,,
2119077,4665b9d39df282435a22064c535ce789433c200360b7acb2e211f3da68109bed93535ba836bd21fc4755d02321fdf6eaa8bf588d1a08edb2162fe1d332fd9687,07/31/2025 07:28:00 PM,2,PEDESTRIAN,,,,,,,,,,,,,,,,,,,,,,,,,,,,,,,,,,,,,,,,,,,,,,,,,,,,,,,,,,,,,,,,,,
2118833,1d7d890c8f0c33eb844212ba7913c6ec199fc5ac914b7fee22f366e25367c93c3a5aa30f845c86dc56434c63cc0b9999e91410c80a4e62487c419b34f1cd94cc,07/31/2025 07:26:00 PM,1,DRIVER,,2019857,,FORD,TRANSIT,IL,2023,NONE,VAN/MINI-VAN,POLICE,E,SLOW/STOP IN TRAFFIC,,,1,,,,,,Y,,,,,,,,,,,,SIDE-RIGHT-FRONT,,,,,,,,,,,,,,,,,,,,,,,,,,,,,,,,,
2118834,1d7d890c8f0c33eb844212ba7913c6ec199fc5ac914b7fee22f366e25367c93c3a5aa30f845c86dc56434c63cc0b9999e91410c80a4e62487c419b34f1cd94cc,07/31/2025 07:26:00 PM,2,PARKED,,2019863,,INFINITI,FX35,IL,2010,NONE,PASSENGER,PERSONAL,E,PARKED,,,0,,,,,,,,,,,,,,Y,,,,SIDE-LEFT-FRONT,,,,,,,,,,,,,,,,,,,,,,,,,,,,,,,,,
2118900,6562b1720764987df085603597841164768cb81f2eac9ca36d997a52ffdcfa3117b1455f61bbcb596f6a34c725b91ec58194adc086fac77410d5a8488913836a,07/31/2025 07:23:00 PM,1,DRIVER,,2019925,,FORD,OTHER (EXPLAIN IN NARRATIVE),IL,,UNKNOWN,VAN/MINI-VAN,UNKNOWN/NA,N,BACKING,N,,1,,,,,,,,,Y,Y,Y,,,,,,,REAR,,,,,,,,,,,,,,,,,,,,,,,,,,,,,,,,,
2118839,65bdda07c810c009c9464bba67f430646afad54be860686f630397da5053be6d9344f16179262f5ccce595b44813f6e7554d06f85498a0d029fa21a0663395d7,07/31/2025 07:20:00 PM,1,DRIVER,,2019871,,INFINITI,QX60,IL,2019,UNKNOWN,PASSENGER,UNKNOWN/NA,NW,TURNING LEFT,,,1,,,,,,,,,,,,,,,,,Y,UNKNOWN,,,,,,,,,,,,,,,,,,,,,,,,,,,,,,,,,
2118840,65bdda07c810c009c9464bba67f430646afad54be860686f630397da5053be6d9344f16179262f5ccce595b44813f6e7554d06f85498a0d029fa21a0663395d7,07/31/2025 07:20:00 PM,2,DRIVER,1,2019879,,FORD,ESCAPE,IL,2007,UNKNOWN,PASSENGER,PERSONAL,S,STRAIGHT AHEAD,Y,,2,,PERSONAL TOW,,,,,,,,,Y,Y,N,,,,,SIDE-LEFT-REAR,,,,,,,,,,,,,,,,,,,,,,,,,,,,,,,,,
2118859,fec69452fb696141f70596d6b4919a637bc0bf22e434e7e011314c7ae9ee1ff570d91bd249db9dd1b1e0b7d9126dd44c102d4a56da8aa935154dbfabba6dcf35,07/31/2025 07:20:00 PM,1,DRIVER,,2019893,,JEEP,WRANGLER,IL,2019,NONE,PASSENGER,PERSONAL,S,STRAIGHT AHEAD,,,1,,,,,,,,,,,,,,,,Y,,FRONT,,,,,,,,,,,,,,,,,,,,,,,,,,,,,,,,,
2118860,fec69452fb696141f70596d6b4919a637bc0bf22e434e7e011314c7ae9ee1ff570d91bd249db9dd1b1e0b7d9126dd44c102d4a56da8aa935154dbfabba6dcf35,07/31/2025 07:20:00 PM,2,DRIVER,,2019896,,TOYOTA,TACOMA,IL,2024,NONE,PASSENGER,PERSONAL,S,STRAIGHT AHEAD,,,1,,,,,,,,,,Y,,,,,,,,REAR,,,,,,,,,,,,,,,,,,,,,,,,,,,,,,,,,
2118808,5b288a6b7c59b1f966e7fe04e8e5f38c6f6341b8a22e74bde24900a3ce6792644c6901d2ebc93d5fa83b29a8764182734ad2578229593cdf1e2dbf0dd67076b4,07/31/2025 07:00:00 PM,1,DRIVER,,2019850,,HYUNDAI,KONA,IL,2022,NONE,PASSENGER,PERSONAL,N,PASSING/OVERTAKING,,,1,,,,,Y,Y,,,,,,,,,,,,FRONT-RIGHT-CORNER,,,,,,,,,,,,,,,,,,,,,,,,,,,,,,,,,
2118809,5b288a6b7c59b1f966e7fe04e8e5f38c6f6341b8a22e74bde24900a3ce6792644c6901d2ebc93d5fa83b29a8764182734ad2578229593cdf1e2dbf0dd67076b4,07/31/2025 07:00:00 PM,2,DRIVER,,2019842,,TOYOTA,PRIUS,IL,2006,NONE,PASSENGER,PERSONAL,N,STRAIGHT AHEAD,,,1,,,,,,,,,,,,,,Y,Y,,,FRONT-LEFT-CORNER,,,,,,,,,,,,,,,,,,,,,,,,,,,,,,,,,
2118820,cebae63fab1a5ef5c28389e726d07bda42a59fe89d280495f98466b60b8bb3883b9da2b81af0c3278211382d6b6894f6d3ffcc4f87495263df4f1ecca89c0fe0,07/31/2025 07:00:00 PM,1,DRIVER,1,2019858,,SUBARU,IMPREZA,IL,2013,NONE,PASSENGER,PERSONAL,UNKNOWN,OTHER,Y,,2,,PRIVATE,PRIVATE,,,,,,,,,,,,Y,,,FRONT-LEFT-CORNER,,,,,,,,,,,,,,,,,,,,,,,,,,,,,,,,,
2118821,cebae63fab1a5ef5c28389e726d07bda42a59fe89d280495f98466b60b8bb3883b9da2b81af0c3278211382d6b6894f6d3ffcc4f87495263df4f1ecca89c0fe0,07/31/2025 07:00:00 PM,2,PARKED,,2019866,,FORD,ESCAPE,IL,2018,NONE,PASSENGER,PERSONAL,UNKNOWN,PARKED,Y,,0,,PRIVATE,PRIVATE,,,,,,Y,Y,,,,,,,,REAR,,,,,,,,,,,,,,,,,,,,,,,,,,,,,,,,,
2118822,cebae63fab1a5ef5c28389e726d07bda42a59fe89d280495f98466b60b8bb3883b9da2b81af0c3278211382d6b6894f6d3ffcc4f87495263df4f1ecca89c0fe0,07/31/2025 07:00:00 PM,3,PARKED,,2019881,,MAZDA,CX-5,IL,2017,NONE,PASSENGER,PERSONAL,UNKNOWN,PARKED,,,0,,,,,,,,,,Y,,,,,,,,REAR,,,,,,,,,,,,,,,,,,,,,,,,,,,,,,,,,
2119312,8bcb93aa08017c4c26b77dbce1888b21d0d6a2eead22328f3a7e8a45a3d8c8b5becc9c1e8132600bbfc53cacb1cbb3b3410f4b56fa2099df71e9772ffd1350cb,07/31/2025 06:53:00 PM,1,DRIVER,1,2020331,,CHEVROLET,EQUINOX,IL,2025,UNKNOWN,PASSENGER,PERSONAL,E,STRAIGHT AHEAD,Y,,2,,POLICE TOW,POUND #2,,Y,,,,,,,,,,,Y,,UNKNOWN,,,,,,,,,,,,,,,,,,,,,,,,,,,,,,,,,
2119313,8bcb93aa08017c4c26b77dbce1888b21d0d6a2eead22328f3a7e8a45a3d8c8b5becc9c1e8132600bbfc53cacb1cbb3b3410f4b56fa2099df71e9772ffd1350cb,07/31/2025 06:53:00 PM,2,PEDESTRIAN,,,,,,,,,,,,,,,,,,,,,,,,,,,,,,,,,,,,,,,,,,,,,,,,,,,,,,,,,,,,,,,,,,
2118812,dfd2fcce9ea7cadcc54046f4f06d9425bcf43b2c7840d461c7170be6c43062e5df194a9926426568711d98e771b45eba8fd9238b78df9723409b0cd9306cb6ba,07/31/2025 06:50:00 PM,1,DRIVER,,2019860,,TOYOTA,CAMRY,IL,2024,UNKNOWN,PASSENGER,PERSONAL,W,STRAIGHT AHEAD,,,1,,,,,,N,N,N,,,,,,,,,,UNKNOWN,,,,,,,,,,,,,,,,,,,,,,,,,,,,,,,,,
2118813,dfd2fcce9ea7cadcc54046f4f06d9425bcf43b2c7840d461c7170be6c43062e5df194a9926426568711d98e771b45eba8fd9238b78df9723409b0cd9306cb6ba,07/31/2025 06:50:00 PM,2,DRIVER,1,2019864,,HONDA,ODYSSEY,IL,2015,NONE,PASSENGER,PERSONAL,W,UNKNOWN/NA,,,2,,,,,,Y,Y,Y,,,,,,,,,,SIDE-RIGHT,,,,,,,,,,,,,,,,,,,,,,,,,,,,,,,,,
2118857,c5d4c8e98a578b436b53a6de9414ec78bcbe59d7976af4f76b855bc6ae181693261b3eba6ccc6e4ded088ac5b564ac505bb3354e61787bb98c756a1523b89584,07/31/2025 06:49:00 PM,1,DRIVER,1,2019887,,TOYOTA,PRIUS,IL,2012,UNKNOWN,PASSENGER,PERSONAL,S,PASSING/OVERTAKING,Y,,2,,private,unknown,,Y,,,,,,,,,,Y,Y,,FRONT,,,,,,,,,,,,,,,,,,,,,,,,,,,,,,,,,