CRASH_UNIT_ID,CRASH_RECORD_ID,CRASH_DATE,UNIT_NO,UNIT_TYPE,NUM_PASSENGERS,VEHICLE_ID,CMRC_VEH_I,MAKE,MODEL,LIC_PLATE_STATE,VEHICLE_YEAR,VEHICLE_DEFECT,VEHICLE_TYPE,VEHICLE_USE,TRAVEL_DIRECTION,MANEUVER,TOWED_I,FIRE_I,OCCUPANT_CNT,EXCEED_SPEED_LIMIT_I,TOWED_BY,TOWED_TO,AREA_00_I,AREA_01_I,AREA_02_I,AREA_03_I,AREA_04_I,AREA_05_I,AREA_06_I,AREA_07_I,AREA_08_I,AREA_09_I,AREA_10_I,AREA_11_I,AREA_12_I,AREA_99_I,FIRST_CONTACT_POINT,CMV_ID,USDOT_NO,CCMC_NO,ILCC_NO,COMMERCIAL_SRC,GVWR,CARRIER_NAME,CARRIER_STATE,CARRIER_CITY,HAZMAT_PLACARDS_I,HAZMAT_NAME,UN_NO,HAZMAT_PRESENT_I,HAZMAT_REPORT_I,HAZMAT_REPORT_NO,MCS_REPORT_I,MCS_REPORT_NO,HAZMAT_VIO_CAUSE_CRASH_I,MCS_VIO_CAUSE_CRASH_I,IDOT_PERMIT_NO,WIDE_LOAD_I,TRAILER1_WIDTH,TRAILER2_WIDTH,TRAILER1_LENGTH,TRAILER2_LENGTH,TOTAL_VEHICLE_LENGTH,AXLE_CNT,VEHICLE_CONFIG,CARGO_BODY_TYPE,LOAD_TYPE,HAZMAT_OUT_OF_SERVICE_I,MCS_OUT_OF_SERVICE_I,HAZMAT_CLASS
2118858,c5d4c8e98a578b436b53a6de9414ec78bcbe59d7976af4f76b855bc6ae181693261b3eba6ccc6e4ded088ac5b564ac505bb3354e61787bb98c756a1523b89584,07/31/2025 06:49:00 PM,2,DRIVER,1,2019889,,CHEVROLET,COLORADO,IL,2018,UNKNOWN,PICKUP,PERSONAL,E,STRAIGHT AHEAD,,,2,,,,,,,,,,,,,,Y,Y,,,FRONT-LEFT-CORNER,,,,,,,,,,,,,,,,,,,,,,,,,,,,,,,,,
2123728,2437f769e9ca7072ed6bd973aee83e2e4cc7603d3aadc2d6a999db9eb52793954421b6d7c4d32be3dd51991e1fd8ff1936e32e87e9d1db7739385bb2873c83a6,07/31/2025 06:45:00 PM,1,DRIVER,,2024578,,CHEVROLET,OTHER (EXPLAIN IN NARRATIVE),,2014,UNKNOWN,UNKNOWN/NA,UNKNOWN/NA,UNKNOWN,STRAIGHT AHEAD,,,1,,,,,Y,,,,,,,,,,,,,FRONT-LEFT-CORNER,,,,,,,,,,,,,,,,,,,,,,,,,,,,,,,,,
2123729,2437f769e9ca7072ed6bd973aee83e2e4cc7603d3aadc2d6a999db9eb52793954421b6d7c4d32be3dd51991e1fd8ff1936e32e87e9d1db7739385bb2873c83a6,07/31/2025 06:45:00 PM,2,DRIVER,,2024584,,MERCEDES-BENZ,GLA,,2022,UNKNOWN,PASSENGER,UNKNOWN/NA,UNKNOWN,BACKING,,,1,,,,,,,,,Y,,,,,,,,,REAR-RIGHT-CORNER,,,,,,,,,,,,,,,,,,,,,,,,,,,,,,,,,
2118818,ab34eba712f99843901ec84337e713680cd30602cb9bc313b28a1d79cc545882cb37602e1a051248c91d22e39d1b864dd11253701e9ea891bb0194bf31445ef7,07/31/2025 06:45:00 PM,1,DRIVER,,2019854,,JEEP,WRANGLER,IL,2018,NONE,SPORT UTILITY VEHICLE (SUV),PERSONAL,N,STRAIGHT AHEAD,,,1,,,,,,,,,,,,,,,,Y,,FRONT,,,,,,,,,,,,,,,,,,,,,,,,,,,,,,,,,
2118819,ab34eba712f99843901ec84337e713680cd30602cb9bc313b28a1d79cc545882cb37602e1a051248c91d22e39d1b864dd11253701e9ea891bb0194bf31445ef7,07/31/2025 06:45:00 PM,2,DRIVER,,2019862,,HONDA,ACCORD,OH,2024,NONE,PASSENGER,PERSONAL,N,STARTING IN TRAFFIC,,,1,,,,,,,,,,Y,,,,,,,,REAR,,,,,,,,,,,,,,,,,,,,,,,,,,,,,,,,,
2118835,fefb49bd56536559b9e6ae3f637c99033315a77379cd9105aedb224ad05649de444eb66e06d9bc3a4b0d5753cd84608ea6129b20ec71a5288fbaf4eb0924599b,07/31/2025 06:39:00 PM,1,DRIVER,,2019875,,CHEVROLET,CRUZE,IL,2018,NONE,PASSENGER,PERSONAL,W,STRAIGHT AHEAD,,,1,,,,,Y,,,,,,,,,,Y,Y,,FRONT,,,,,,,,,,,,,,,,,,,,,,,,,,,,,,,,,
2118836,fefb49bd56536559b9e6ae3f637c99033315a77379cd9105aedb224ad05649de444eb66e06d9bc3a4b0d5753cd84608ea6129b20ec71a5288fbaf4eb0924599b,07/31/2025 06:39:00 PM,2,DRIVER,4,2019865,,TOYOTA,HIGHLANDER,IL,2012,NONE,SPORT UTILITY VEHICLE (SUV),PERSONAL,W,SLOW/STOP IN TRAFFIC,,,5,,,,,,,,,,Y,,,,,,,,REAR,,,,,,,,,,,,,,,,,,,,,,,,,,,,,,,,,
2118855,606c41aad1d25609f8c4ba804ccb85e0d472c963324f2f37c33ec03f62d285ad7a81baf6e49016fa26172305652e3b70e01262584206b245ae823fade837e5a2,07/31/2025 06:30:00 PM,1,DISABLED VEHICLE,,2019899,,FORD,FUSION,IL,2017,NONE,PASSENGER,PERSONAL,W,DISABLED,Y,,0,,PRIVATE TOW,UNK,,Y,Y,Y,,,,,,,,,,,FRONT-RIGHT-CORNER,,,,,,,,,,,,,,,,,,,,,,,,,,,,,,,,,
2118856,606c41aad1d25609f8c4ba804ccb85e0d472c963324f2f37c33ec03f62d285ad7a81baf6e49016fa26172305652e3b70e01262584206b245ae823fade837e5a2,07/31/2025 06:30:00 PM,2,DISABLED VEHICLE,,2019901,,GENESIS,G80,IL,2018,NONE,PASSENGER,PERSONAL,E,DISABLED,,,0,,,,,Y,,,,,,,,,,Y,Y,,FRONT,,,,,,,,,,,,,,,,,,,,,,,,,,,,,,,,,
2119196,8724e5e46b5a6c5f6750afe6a1a0c533d249bd67040ac982971b2446e12b8f4c0e84e0e65a9611d7e17f084fff1a8e17a93ebcb9315f6441e409a8836a86150e,07/31/2025 06:30:00 PM,1,DRIVER,,2020221,,HONDA,ACCORD,IL,2011,UNKNOWN,PASSENGER,PERSONAL,S,STRAIGHT AHEAD,,,1,,,,,Y,,,,N,N,N,,,,Y,Y,,FRONT,,,,,,,,,,,,,,,,,,,,,,,,,,,,,,,,,
2119197,8724e5e46b5a6c5f6750afe6a1a0c533d249bd67040ac982971b2446e12b8f4c0e84e0e65a9611d7e17f084fff1a8e17a93ebcb9315f6441e409a8836a86150e,07/31/2025 06:30:00 PM,2,DRIVER,,2020229,,GENERAL MOTORS CORPORATION (GMC),JIMMY,IL,2000,NONE,PASSENGER,PERSONAL,S,STRAIGHT AHEAD,,,1,,,,,,,,,Y,Y,Y,,,,,,,REAR,,,,,,,,,,,,,,,,,,,,,,,,,,,,,,,,,
2124170,a36692c89742c25a6cb4a5c241d948ec6a49b0c23b0a02c7fde884c8928e4d3e9d354bcfa4d3d40421e522a0706fc064a3d397c1b8aac0de7423c166953a4fee,07/31/2025 06:30:00 PM,1,DRIVER,1,2025013,,GENERAL MOTORS CORPORATION (GMC),YUKON,IL,2022,UNKNOWN,SPORT UTILITY VEHICLE (SUV),UNKNOWN/NA,W,STRAIGHT AHEAD,,,2,,,,,,,,,,,,,,,,Y,,FRONT,,,,,,,,,,,,,,,,,,,,,,,,,,,,,,,,,
2124171,a36692c89742c25a6cb4a5c241d948ec6a49b0c23b0a02c7fde884c8928e4d3e9d354bcfa4d3d40421e522a0706fc064a3d397c1b8aac0de7423c166953a4fee,07/31/2025 06:30:00 PM,2,DRIVER,,2025017,,TOYOTA,RAV4,IL,2017,UNKNOWN,SPORT UTILITY VEHICLE (SUV),UNKNOWN/NA,W,STRAIGHT AHEAD,,,1,,,,,,,,,Y,Y,Y,,,,,,,REAR,,,,,,,,,,,,,,,,,,,,,,,,,,,,,,,,,
2118816,b5554ffb1d3a9f6488339217c275026bd82a99029a28d57bb300313114110e5bcc0e8df1a0ac3004709567b9ea1281b8b8ad433bcdb54749a1694ea77348f579,07/31/2025 06:07:00 PM,1,DRIVER,1,2019844,,TOYOTA,OTHER (EXPLAIN IN NARRATIVE),IL,2015,NONE,PASSENGER,TAXI/FOR HIRE,E,TURNING LEFT,,,2,,,,,Y,Y,,,,,,,,,,,,FRONT-RIGHT-CORNER,,,,,,,,,,,,,,,,,,,,,,,,,,,,,,,,,
2118817,b5554ffb1d3a9f6488339217c275026bd82a99029a28d57bb300313114110e5bcc0e8df1a0ac3004709567b9ea1281b8b8ad433bcdb54749a1694ea77348f579,07/31/2025 06:07:00 PM,2,NON-MOTOR VEHICLE,,,,,,,,,,,,,,,,,,,,,,,,,,,,,,,,,,,,,,,,,,,,,,,,,,,,,,,,,,,,,,,,,,
2118923,30a9709bfe89339cb5d00a5bd8006553c1be393e90ea2a49d1ec48041b46b6d3355e374b4c096f084ee5396db24fe996b07c09f5cd6563579f8cea0ffc59e1b3,07/31/2025 06:05:00 PM,1,DRIVER,,2019950,,HONDA,CR-V,IL,2008,UNKNOWN,PASSENGER,UNKNOWN/NA,E,STRAIGHT AHEAD,,,1,,,,,,,,,,,N,N,N,N,N,,Y,UNKNOWN,,,,,,,,,,,,,,,,,,,,,,,,,,,,,,,,,
2118924,30a9709bfe89339cb5d00a5bd8006553c1be393e90ea2a49d1ec48041b46b6d3355e374b4c096f084ee5396db24fe996b07c09f5cd6563579f8cea0ffc59e1b3,07/31/2025 06:05:00 PM,2,PARKED,1,2019953,,CHEVROLET,OTHER (EXPLAIN IN NARRATIVE),IL,2021,NONE,PASSENGER,NOT IN USE,E,PARKED,,,1,,,,,,,,,,,Y,Y,Y,Y,Y,,,SIDE-LEFT,,,,,,,,,,,,,,,,,,,,,,,,,,,,,,,,,
2118853,14176670eda541bbda015e2796685fc1f7dbdc9e59bd11025dbadc2d3a1609080ad7b7090409904bbd491b1283367a75644c4eff626888f1cd9c30e0d172b60a,07/31/2025 06:00:00 PM,1,DRIVER,,2019897,,UNKNOWN,OTHER (EXPLAIN IN NARRATIVE),,,UNKNOWN,PASSENGER,UNKNOWN/NA,S,STRAIGHT AHEAD,,,1,,,,,,,,,,,,,,,,,Y,UNKNOWN,,,,,,,,,,,,,,,,,,,,,,,,,,,,,,,,,
2118854,14176670eda541bbda015e2796685fc1f7dbdc9e59bd11025dbadc2d3a1609080ad7b7090409904bbd491b1283367a75644c4eff626888f1cd9c30e0d172b60a,07/31/2025 06:00:00 PM,2,DRIVER,,2019898,,CHEVROLET,IMPALA,IL,2014,UNKNOWN,PASSENGER,PERSONAL,S,STRAIGHT AHEAD,,,1,,,,,,,,,,Y,,,,,,,,REAR,,,,,,,,,,,,,,,,,,,,,,,,,,,,,,,,,
2118887,6f1165456208fa0b21e2b67cf14f654dae8e840618c6d65ebb27b6afcd41ad5673fff9a8514fc78177da4d71acfc9e050eb66e69c4f479855c7d23300f3cb8ca,07/31/2025 06:00:00 PM,1,DRIVER,,2019923,,FORD,F150,,,NONE,PICKUP,PERSONAL,N,MERGING,,,1,,,,,,,,,,,N,N,N,N,N,,,SIDE-LEFT-FRONT,,,,,,,,,,,,,,,,,,,,,,,,,,,,,,,,,
2118888,6f1165456208fa0b21e2b67cf14f654dae8e840618c6d65ebb27b6afcd41ad5673fff9a8514fc78177da4d71acfc9e050eb66e69c4f479855c7d23300f3cb8ca,07/31/2025 06:00:00 PM,2,DRIVER,,2019920,,HONDA,CR-V,IL,2023,NONE,SPORT UTILITY VEHICLE (SUV),PERSONAL,N,STRAIGHT AHEAD,,,1,,,,,Y,Y,Y,Y,Y,,,,,,,,,SIDE-RIGHT,,,,,,,,,,,,,,,,,,,,,,,,,,,,,,,,,
2118849,78c65cf15dffec64433802cb563b424848b978f50345bcae69e493e1721db7dd390fcc0e7c53bb6e7caf1b59fb14c3c4239e15cc9e26264142bb4fdd5df27598,07/31/2025 06:00:00 PM,1,DRIVER,,2019877,,CHEVROLET,TAHOE,IL,2014,UNKNOWN,PASSENGER,PERSONAL,W,STRAIGHT AHEAD,,,1,,,,,,,,,Y,,,,,,,,,REAR-RIGHT-CORNER,,,,,,,,,,,,,,,,,,,,,,,,,,,,,,,,,
2118850,78c65cf15dffec64433802cb563b424848b978f50345bcae69e493e1721db7dd390fcc0e7c53bb6e7caf1b59fb14c3c4239e15cc9e26264142bb4fdd5df27598,07/31/2025 06:00:00 PM,2,PARKED,,2019883,,CHEVROLET,CRUZE,IL,2011,NONE,PASSENGER,PERSONAL,W,PARKED,,,0,,,,,,,,,,,,,,Y,Y,,,FRONT-LEFT-CORNER,,,,,,,,,,,,,,,,,,,,,,,,,,,,,,,,,
2118780,e309aed857fd38fe84992ec96cccb5781d96e38b6161ee7e3f0cda9add3ab043f50d8280c1420fd29635a821ad068debc519104aa87ac8c67788cea022781161,07/31/2025 06:00:00 PM,1,DRIVER,1,2019812,,LINCOLN,MKZ,IL,2014,UNKNOWN,PASSENGER,PERSONAL,S,ENTERING TRAFFIC LANE FROM PARKING,,,2,,,,,,,,,,,,,,,Y,,,FRONT-LEFT-CORNER,,,,,,,,,,,,,,,,,,,,,,,,,,,,,,,,,
2118781,e309aed857fd38fe84992ec96cccb5781d96e38b6161ee7e3f0cda9add3ab043f50d8280c1420fd29635a821ad068debc519104aa87ac8c67788cea022781161,07/31/2025 06:00:00 PM,2,DRIVER,,2019832,,UNKNOWN,OTHER (EXPLAIN IN NARRATIVE),IL,2022,NONE,OTHER,FIRE,S,STRAIGHT AHEAD,,N,1,,,,Y,,,,,,,,,,,,,,FRONT-RIGHT-CORNER,,,,,,,,,,,,,,,,,,,,,,,,,,,,,,,,,
2118788,d4b34d649a7c8cd6e68fc8e8fde51400f7016086325730a5240823fb0a29fd6be742ffbe2586ac1da8b6694b7031a5d87a9623025ff5448b6146a7bb0608d965,07/31/2025 05:52:00 PM,1,DRIVER,,2019818,,UNKNOWN,OTHER (EXPLAIN IN NARRATIVE),IL,2011,NONE,PASSENGER,OTHER,S,STRAIGHT AHEAD,,,1,,,,,Y,Y,,,,,,,,,,,,FRONT-RIGHT-CORNER,,,,,,,,,,,,,,,,,,,,,,,,,,,,,,,,,
2118789,d4b34d649a7c8cd6e68fc8e8fde51400f7016086325730a5240823fb0a29fd6be742ffbe2586ac1da8b6694b7031a5d87a9623025ff5448b6146a7bb0608d965,07/31/2025 05:52:00 PM,2,DRIVER,1,2019826,,FORD,TRANSIT,IL,2016,NONE,PASSENGER,OTHER,S,STRAIGHT AHEAD,,,2,,,,,,,,,,Y,Y,,,,,,,REAR-LEFT-CORNER,,,,,,,,,,,,,,,,,,,,,,,,,,,,,,,,,
2118802,8a7b8a147da517b183fdcc605c0712f9ecc085f4ecad04720ebbcea024de4fa2649c71985a65a8e4ad3c673fb77a8e25d5effd52e46d8498b8cadf59a0e539a7,07/31/2025 05:48:00 PM,1,DRIVER,,2019834,,KIA,SPORTAGE,IL,2023,UNKNOWN,SPORT UTILITY VEHICLE (SUV),UNKNOWN/NA,S,PASSING/OVERTAKING,,,1,,,,,,,,,,,Y,,,,,,,REAR-LEFT-CORNER,,,,,,,,,,,,,,,,,,,,,,,,,,,,,,,,,
2118803,8a7b8a147da517b183fdcc605c0712f9ecc085f4ecad04720ebbcea024de4fa2649c71985a65a8e4ad3c673fb77a8e25d5effd52e46d8498b8cadf59a0e539a7,07/31/2025 05:48:00 PM,2,DRIVER,1,2019845,,TOYOTA,RAV4,IL,2021,UNKNOWN,PASSENGER,PERSONAL,S,SLOW/STOP IN TRAFFIC,,,2,,,,,,,,,,,Y,,,,,,,REAR-LEFT-CORNER,,,,,,,,,,,,,,,,,,,,,,,,,,,,,,,,,
2118831,f88d44ac2112b02d66a26dd147870287fac216b9b57791363ee435d9deaa8a4e1e4dab25d819fa2356cf35d822e83796f322991c4df8fb784bd8ab417058376f,07/31/2025 05:40:00 PM,1,DRIVER,3,2019859,,JEEP,COMPASS,FL,2024,UNKNOWN,PASSENGER,PERSONAL,NW,TURNING LEFT,Y,,4,,city of chicago,pound 3,,Y,Y,Y,Y,Y,,,,,,Y,Y,,FRONT-RIGHT-CORNER,,,,,,,,,,,,,,,,,,,,,,,,,,,,,,,,,
2118832,f88d44ac2112b02d66a26dd147870287fac216b9b57791363ee435d9deaa8a4e1e4dab25d819fa2356cf35d822e83796f322991c4df8fb784bd8ab417058376f,07/31/2025 05:40:00 PM,2,DRIVER,,2019869,,NISSAN,SENTRA,IL,2017,UNKNOWN,PASSENGER,PERSONAL,S,STRAIGHT AHEAD,Y,,1,,private,private,,Y,Y,Y,,,,,Y,Y,Y,Y,Y,,FRONT,,,,,,,,,,,,,,,,,,,,,,,,,,,,,,,,,
2118867,ad9c9049483519f065f2d362c4bf8fa212144f3cad5eb5a239c6dc033844e701e38ca5e17cb568cd43df6abe8083962aa2af9dfc5bb67dc6e8dbf9fa1f3af648,07/31/2025 05:35:00 PM,1,DRIVER,,2019903,,LEXUS,300,,,NONE,PASSENGER,PERSONAL,W,MERGING,,,1,,,,,Y,Y,N,,,,,,,,,Y,,FRONT-RIGHT-CORNER,,,,,,,,,,,,,,,,,,,,,,,,,,,,,,,,,
2118868,ad9c9049483519f065f2d362c4bf8fa212144f3cad5eb5a239c6dc033844e701e38ca5e17cb568cd43df6abe8083962aa2af9dfc5bb67dc6e8dbf9fa1f3af648,07/31/2025 05:35:00 PM,2,DRIVER,,2019908,,TOYOTA,CAMRY,IL,2025,NONE,PASSENGER,PERSONAL,W,STRAIGHT AHEAD,,,1,,,,,,,,,,,Y,Y,Y,Y,Y,,,SIDE-LEFT,,,,,,,,,,,,,,,,,,,,,,,,,,,,,,,,,
2121604,1dd75c96a1591182dddaf1e765eb4408cc8a1928289018a98b3f0ff35eab3780863eb924dd091e6b2d5f0a499f3218aa99ec03d3ad50a4259de713c35aff1d9c,07/31/2025 05:30:00 PM,1,DRIVER,,2022531,,TOYOTA,CAMRY,IL,2025,NONE,PASSENGER,PERSONAL,W,STRAIGHT AHEAD,,,1,,,,,,,,,,,Y,Y,Y,Y,Y,,,SIDE-LEFT-REAR,,,,,,,,,,,,,,,,,,,,,,,,,,,,,,,,,
2121605,1dd75c96a1591182dddaf1e765eb4408cc8a1928289018a98b3f0ff35eab3780863eb924dd091e6b2d5f0a499f3218aa99ec03d3ad50a4259de713c35aff1d9c,07/31/2025 05:30:00 PM,2,DRIVER,,2022532,,LEXUS,NX,IL,2021,NONE,PASSENGER,PERSONAL,W,CHANGING LANES,,,1,,,,,Y,Y,Y,,,,,,,,,,,SIDE-RIGHT,,,,,,,,,,,,,,,,,,,,,,,,,,,,,,,,,
2118800,dd3b1b436c1f6d24b80ab318701dd5ab293de0a201042392258f9582d527c35826f44cff337ce2d9ef95a366667aae020acea6aed40e98d2861aa1b68054be6c,07/31/2025 05:30:00 PM,1,DRIVER,,2019837,,TOYOTA,CAMRY,IL,2016,NONE,PASSENGER,PERSONAL,E,CHANGING LANES,,,1,,,,,,,,,,,,Y,Y,Y,Y,,,SIDE-LEFT,,,,,,,,,,,,,,,,,,,,,,,,,,,,,,,,,
2118801,dd3b1b436c1f6d24b80ab318701dd5ab293de0a201042392258f9582d527c35826f44cff337ce2d9ef95a366667aae020acea6aed40e98d2861aa1b68054be6c,07/31/2025 05:30:00 PM,2,DRIVER,,2019838,,TOYOTA,HIGHLANDER,IL,2020,NONE,SPORT UTILITY VEHICLE (SUV),PERSONAL,E,STRAIGHT AHEAD,,,1,,,,,Y,Y,Y,,,,,,,,,,,SIDE-RIGHT,,,,,,,,,,,,,,,,,,,,,,,,,,,,,,,,,
2118774,53bcfb83fad50af3730121cc6b2091b9f8f8439a5e075dd755f1147b86af374c44bf558f3ee1b031bb6541ef5d92e50faf9074163615e254772636d57b7cdd22,07/31/2025 05:29:00 PM,1,BICYCLE,,,,,,,,,,,,,,,,,,,,,,,,,,,,,,,,,,,,,,,,,,,,,,,,,,,,,,,,,,,,,,,,,,
2118775,53bcfb83fad50af3730121cc6b2091b9f8f8439a5e075dd755f1147b86af374c44bf558f3ee1b031bb6541ef5d92e50faf9074163615e254772636d57b7cdd22,07/31/2025 05:29:00 PM,2,DRIVER,,2019816,,HYUNDAI,ACCENT,IL,2012,UNKNOWN,PASSENGER,PERSONAL,NW,TURNING RIGHT,,,1,,,,,Y,Y,,,,,,,,,,,,FRONT-RIGHT-CORNER,,,,,,,,,,,,,,,,,,,,,,,,,,,,,,,,,
2118749,9b2934c0165304271f62e5ecda885b47e44bdb4014f7bfd264bb2182efefafb34fddd84f33caafc5f3b0e353b23352c6c0e4de9680e099d15056a8295f2a7636,07/31/2025 05:27:00 PM,1,DRIVER,,2019775,,CHRYSLER,TOWN & COUNTRY,,,UNKNOWN,PASSENGER,PERSONAL,N,STRAIGHT AHEAD,,,1,,,,,,,,,,,,,,,,,,FRONT,,,,,,,,,,,,,,,,,,,,,,,,,,,,,,,,,
2118750,9b2934c0165304271f62e5ecda885b47e44bdb4014f7bfd264bb2182efefafb34fddd84f33caafc5f3b0e353b23352c6c0e4de9680e099d15056a8295f2a7636,07/31/2025 05:27:00 PM,2,DRIVER,,2019779,,BMW,OTHER (EXPLAIN IN NARRATIVE),,,NONE,PASSENGER,PERSONAL,N,STRAIGHT AHEAD,,,1,,,,,,,,,,,,,,,,,,REAR-RIGHT-CORNER,,,,,,,,,,,,,,,,,,,,,,,,,,,,,,,,,
2118782,70b5b1845986306d84dc4015ca9adaac5da808faac16737bae9ac80d9e0ad3ef0c400cc24d628554d34d7264d49ed2194075cd6dfaca500a409d999cf8b75547,07/31/2025 05:25:00 PM,1,DRIVER,1,2019815,,CHEVROLET,CRUZE,IL,2013,UNKNOWN,PASSENGER,PERSONAL,E,STRAIGHT AHEAD,,,2,,,,,Y,Y,Y,,,,,,,,,,,FRONT-RIGHT-CORNER,,,,,,,,,,,,,,,,,,,,,,,,,,,,,,,,,
2118783,70b5b1845986306d84dc4015ca9adaac5da808faac16737bae9ac80d9e0ad3ef0c400cc24d628554d34d7264d49ed2194075cd6dfaca500a409d999cf8b75547,07/31/2025 05:25:00 PM,2,PARKED,1,2019821,,NISSAN,QUEST,IL,2013,UNKNOWN,VAN/MINI-VAN,UNKNOWN/NA,E,PARKED,Y,,1,,PRIVATE,PRIVATE,,,,,,,,Y,Y,Y,Y,Y,,,REAR-LEFT-CORNER,,,,,,,,,,,,,,,,,,,,,,,,,,,,,,,,,
2118760,1b59f0b704c4e53bb46e2a2dfee3318cb5487810bd5797848753b857a330a9a4408cf6933ee7f210c87e70eb9fc3ee1362a190b389448caea32037e2110a15a3,07/31/2025 05:20:00 PM,1,DRIVER,,2019796,,TOYOTA,COROLLA,IL,2023,UNKNOWN,PASSENGER,PERSONAL,E,TURNING LEFT,Y,,1,,personal,,,,,Y,Y,Y,Y,Y,,,,,,,REAR-RIGHT-CORNER,,,,,,,,,,,,,,,,,,,,,,,,,,,,,,,,,
2118761,1b59f0b704c4e53bb46e2a2dfee3318cb5487810bd5797848753b857a330a9a4408cf6933ee7f210c87e70eb9fc3ee1362a190b389448caea32037e2110a15a3,07/31/2025 05:20:00 PM,2,DRIVER,1,2019808,,CHEVROLET,TAHOE,IL,2020,NONE,PASSENGER,PERSONAL,N,STRAIGHT AHEAD,,,2,,,,,Y,Y,,,,,,,,,Y,Y,,FRONT,,,,,,,,,,,,,,,,,,,,,,,,,,,,,,,,,
2118757,9939c21130e32808e640f97d7710565c99f93e4d00870c07deca5dc03271c833f4f23f3b8c24f1d6e2ac77fd9b70cb05bb3536bf7b97c88817217491d9018f38,07/31/2025 05:20:00 PM,1,DRIVER,1,2019791,,HONDA,CR-V,IL,2019,UNKNOWN,SPORT UTILITY VEHICLE (SUV),PERSONAL,W,PASSING/OVERTAKING,,,2,,,,,,,,,Y,,,,,,,,,SIDE-RIGHT-REAR,,,,,,,,,,,,,,,,,,,,,,,,,,,,,,,,,
2118764,9939c21130e32808e640f97d7710565c99f93e4d00870c07deca5dc03271c833f4f23f3b8c24f1d6e2ac77fd9b70cb05bb3536bf7b97c88817217491d9018f38,07/31/2025 05:20:00 PM,2,PEDESTRIAN,,,,,,,,,,,,,,,,,,,,,,,,,,,,,,,,,,,,,,,,,,,,,,,,,,,,,,,,,,,,,,,,,,
2118773,9939c21130e32808e640f97d7710565c99f93e4d00870c07deca5dc03271c833f4f23f3b8c24f1d6e2ac77fd9b70cb05bb3536bf7b97c88817217491d9018f38,07/31/2025 05:20:00 PM,3,PEDESTRIAN,,,,,,,,,,,,,,,,,,,,,,,,,,,,,,,,,,,,,,,,,,,,,,,,,,,,,,,,,,,,,,,,,,
2118786,eaa9b88dd2c05eeda23ad5e40ad95234a524435db6f874965bc4a4c6d8472af4ae6dd45260693af2502185718619208943d9c420707ec5aacb7817a735ab5fe9,07/31/2025 05:18:00 PM,1,DRIVER,,2019817,,DODGE,JOURNEY,IL,2017,UNKNOWN,SPORT UTILITY VEHICLE (SUV),PERSONAL,E,CHANGING LANES,,,1,,,,,Y,,,,,,,,,,Y,Y,,FRONT,,,,,,,,,,,,,,,,,,,,,,,,,,,,,,,,,
2118787,eaa9b88dd2c05eeda23ad5e40ad95234a524435db6f874965bc4a4c6d8472af4ae6dd45260693af2502185718619208943d9c420707ec5aacb7817a735ab5fe9,07/31/2025 05:18:00 PM,2,DRIVER,1,2019822,,CHEVROLET,MALIBU,IL,2022,UNKNOWN,PASSENGER,PERSONAL,S,STRAIGHT AHEAD,,,2,,,,,,,Y,Y,Y,,,Y,Y,,,,,SIDE-RIGHT,,,,,,,,,,,,,,,,,,,,,,,,,,,,,,,,,
2118751,bd23780a4c222476fb040b547f573638cebce9f0d9dba96762c955d3b839678d5a7e89ae33719fa57d51ea086ee7c287dbd56131aa6a0becb45c3a5f2be242e0,07/31/2025 05:15:00 PM,1,DRIVER,,2019777,,TOYOTA,SIENNA,IL,2005,NONE,VAN/MINI-VAN,PERSONAL,E,BACKING,,,1,,,,,,,,,Y,,,,,,,,,REAR-RIGHT-CORNER,,,,,,,,,,,,,,,,,,,,,,,,,,,,,,,,,
2118752,bd23780a4c222476fb040b547f573638cebce9f0d9dba96762c955d3b839678d5a7e89ae33719fa57d51ea086ee7c287dbd56131aa6a0becb45c3a5f2be242e0,07/31/2025 05:15:00 PM,2,DRIVER,,2019781,,MAZDA,CX-30,IL,2022,NONE,PASSENGER,PERSONAL,E,STRAIGHT AHEAD,,,1,,,,,,,,,,,,,,,Y,,,FRONT-LEFT-CORNER,,,,,,,,,,,,,,,,,,,,,,,,,,,,,,,,,
2118784,55b9233cdb25566cb7c648bec34b91cb406e5212bdd2e06e03cef8463296dba2b9000de147a17fe89044715682bb28b9d383e92c16726b50c44d78066777c817,07/31/2025 05:12:00 PM,1,DRIVER,,2019813,,UNKNOWN,OTHER (EXPLAIN IN NARRATIVE),,,UNKNOWN,TRUCK - SINGLE UNIT,OTHER,SW,TURNING RIGHT,,,1,,,,,,,,,,,,,,,,,Y,SIDE-RIGHT,,,,,,,,,,,,,,,,,,,,,,,,,,,,,,,,,
2118785,55b9233cdb25566cb7c648bec34b91cb406e5212bdd2e06e03cef8463296dba2b9000de147a17fe89044715682bb28b9d383e92c16726b50c44d78066777c817,07/31/2025 05:12:00 PM,2,PARKED,,2019819,,LEXUS,ES350,IL,2022,NONE,PASSENGER,PERSONAL,S,PARKED,,,0,,,,,,,,,,,,,,Y,Y,,,FRONT-LEFT-CORNER,,,,,,,,,,,,,,,,,,,,,,,,,,,,,,,,,