CRASH_UNIT_ID,CRASH_RECORD_ID,CRASH_DATE,UNIT_NO,UNIT_TYPE,NUM_PASSENGERS,VEHICLE_ID,CMRC_VEH_I,MAKE,MODEL,LIC_PLATE_STATE,VEHICLE_YEAR,VEHICLE_DEFECT,VEHICLE_TYPE,VEHICLE_USE,TRAVEL_DIRECTION,MANEUVER,TOWED_I,FIRE_I,OCCUPANT_CNT,EXCEED_SPEED_LIMIT_I,TOWED_BY,TOWED_TO,AREA_00_I,AREA_01_I,AREA_02_I,AREA_03_I,AREA_04_I,AREA_05_I,AREA_06_I,AREA_07_I,AREA_08_I,AREA_09_I,AREA_10_I,AREA_11_I,AREA_12_I,AREA_99_I,FIRST_CONTACT_POINT,CMV_ID,USDOT_NO,CCMC_NO,ILCC_NO,COMMERCIAL_SRC,GVWR,CARRIER_NAME,CARRIER_STATE,CARRIER_CITY,HAZMAT_PLACARDS_I,HAZMAT_NAME,UN_NO,HAZMAT_PRESENT_I,HAZMAT_REPORT_I,HAZMAT_REPORT_NO,MCS_REPORT_I,MCS_REPORT_NO,HAZMAT_VIO_CAUSE_CRASH_I,MCS_VIO_CAUSE_CRASH_I,IDOT_PERMIT_NO,WIDE_LOAD_I,TRAILER1_WIDTH,TRAILER2_WIDTH,TRAILER1_LENGTH,TRAILER2_LENGTH,TOTAL_VEHICLE_LENGTH,AXLE_CNT,VEHICLE_CONFIG,CARGO_BODY_TYPE,LOAD_TYPE,HAZMAT_OUT_OF_SERVICE_I,MCS_OUT_OF_SERVICE_I,HAZMAT_CLASS
2118776,0b9ef2dd2ee6b9a860336801bd59b3c1ac918f8a37f608a5edd08eb0c8d1a937060e3ffe193f21855f194f78458c43181816b23fa10dd0bc5b7a2661a954ff04,07/31/2025 05:10:00 PM,1,DRIVER,2,2019810,,HYUNDAI,ELANTRA,IL,2024,UNKNOWN,PASSENGER,UNKNOWN/NA,N,PASSING/OVERTAKING,,,3,,,,,,,,,,,,,,,,,Y,FRONT-RIGHT-CORNER,,,,,,,,,,,,,,,,,,,,,,,,,,,,,,,,,
2118777,0b9ef2dd2ee6b9a860336801bd59b3c1ac918f8a37f608a5edd08eb0c8d1a937060e3ffe193f21855f194f78458c43181816b23fa10dd0bc5b7a2661a954ff04,07/31/2025 05:10:00 PM,2,PEDESTRIAN,,,,,,,,,,,,,,,,,,,,,,,,,,,,,,,,,,,,,,,,,,,,,,,,,,,,,,,,,,,,,,,,,,
2118740,b541f15438b2ebbe3c2661a7418068e0f99977904988834e8ee34788e2b1683656fe8f341abe6af47689675b666c903c63e2760ccd7dd93394ce3063e230a1c4,07/31/2025 05:08:00 PM,1,DRIVER,,2019780,,FORD,EXPLORER,IL,2016,NONE,SPORT UTILITY VEHICLE (SUV),OTHER,W,STRAIGHT AHEAD,,,1,,,,,Y,,,,,,,,,,,,,FRONT-RIGHT-CORNER,,,,,,,,,,,,,,,,,,,,,,,,,,,,,,,,,
2118741,b541f15438b2ebbe3c2661a7418068e0f99977904988834e8ee34788e2b1683656fe8f341abe6af47689675b666c903c63e2760ccd7dd93394ce3063e230a1c4,07/31/2025 05:08:00 PM,2,DRIVER,,2019787,,MAZDA,OTHER (EXPLAIN IN NARRATIVE),IL,2024,NONE,SPORT UTILITY VEHICLE (SUV),PERSONAL,W,STRAIGHT AHEAD,,,1,,,,,,,,,,,Y,,,,,,,SIDE-LEFT-REAR,,,,,,,,,,,,,,,,,,,,,,,,,,,,,,,,,
2121515,4105ef62cd3c89b2e1cca6d1b803df6bc91777565d53d56b5a755bd1fd02c4b2659affa5eb6b64cf757807236865f49a12501eb31d4c2054a9c07eaf45d6dab8,07/31/2025 05:02:00 PM,2,DRIVER,,2022447,,JEEP,WRANGLER,IL,2021,UNKNOWN,PASSENGER,PERSONAL,N,STRAIGHT AHEAD,Y,,1,,PRIVATE TOW,,,Y,Y,,,,,,,,,,Y,,FRONT-RIGHT-CORNER,,,,,,,,,,,,,,,,,,,,,,,,,,,,,,,,,
2121516,4105ef62cd3c89b2e1cca6d1b803df6bc91777565d53d56b5a755bd1fd02c4b2659affa5eb6b64cf757807236865f49a12501eb31d4c2054a9c07eaf45d6dab8,07/31/2025 05:02:00 PM,1,DRIVER,1,2022448,,MAZDA,MAZDA3,IL,2010,UNKNOWN,PASSENGER,PERSONAL,NW,MERGING,Y,,2,,PRIVATE TOW,,,Y,,,,,,,,,Y,Y,Y,,FRONT-LEFT-CORNER,,,,,,,,,,,,,,,,,,,,,,,,,,,,,,,,,
2118769,1bbb56cda8d6e1f8910835c0c0d92e3e1eb1a150dd38ae51e2fa0837e8623672dd523672f482b080626c422fbcf735afd7a3cd164b4ccfe2cf946713ae9d5be3,07/31/2025 05:00:00 PM,1,DRIVER,2,2019800,,BMW,325I,NY,2006,NONE,PASSENGER,PERSONAL,N,STRAIGHT AHEAD,,,3,,,,,Y,,,,,,,,,,Y,Y,Y,FRONT,,,,,,,,,,,,,,,,,,,,,,,,,,,,,,,,,
2118770,1bbb56cda8d6e1f8910835c0c0d92e3e1eb1a150dd38ae51e2fa0837e8623672dd523672f482b080626c422fbcf735afd7a3cd164b4ccfe2cf946713ae9d5be3,07/31/2025 05:00:00 PM,2,DRIVER,,2019807,,TOYOTA,C-HR,IL,2018,UNKNOWN,PASSENGER,UNKNOWN/NA,UNKNOWN,STRAIGHT AHEAD,,,1,,,,,,,,,Y,Y,Y,,,,,,Y,REAR,,,,,,,,,,,,,,,,,,,,,,,,,,,,,,,,,
2118755,5fac297876a5bef6b269647fa7e9d144202c5ded0bb7ec3865d6840b60ac1ac7d04916caaea3d96a7f41d4ffc3e43fa3d92fe3037ab4d93e67b29de0a7bd6443,07/31/2025 04:57:00 PM,1,DRIVER,,2019790,,JEEP,COMPASS,IL,2014,UNKNOWN,SPORT UTILITY VEHICLE (SUV),PERSONAL,N,STRAIGHT AHEAD,,,1,,,,,Y,,,,,,,,,,Y,Y,,FRONT,,,,,,,,,,,,,,,,,,,,,,,,,,,,,,,,,
2118756,5fac297876a5bef6b269647fa7e9d144202c5ded0bb7ec3865d6840b60ac1ac7d04916caaea3d96a7f41d4ffc3e43fa3d92fe3037ab4d93e67b29de0a7bd6443,07/31/2025 04:57:00 PM,2,DRIVER,1,2019792,,MERCURY,MARINER,IL,2006,UNKNOWN,SPORT UTILITY VEHICLE (SUV),PERSONAL,E,STRAIGHT AHEAD,Y,,2,,PRIVATE TOW,,,Y,Y,,,,,,,,,,Y,,FRONT-RIGHT-CORNER,,,,,,,,,,,,,,,,,,,,,,,,,,,,,,,,,
2118722,f731d42ed1e91df104929dea18cef3dbe6eaab6622eda0c5a913ba093f32777e552dea60c3a2937b3d45ae61fe18d4b576ffcc30a513eeb897869ba4f281cab0,07/31/2025 04:52:00 PM,1,DRIVER,,2019755,,BMW,X3,IL,2006,UNKNOWN,PASSENGER,PERSONAL,W,STRAIGHT AHEAD,,,1,,,,,Y,,,,,,,,,,Y,Y,,FRONT,,,,,,,,,,,,,,,,,,,,,,,,,,,,,,,,,
2118723,f731d42ed1e91df104929dea18cef3dbe6eaab6622eda0c5a913ba093f32777e552dea60c3a2937b3d45ae61fe18d4b576ffcc30a513eeb897869ba4f281cab0,07/31/2025 04:52:00 PM,2,DRIVER,1,2019758,,SUBARU,ASCENT,IL,2019,UNKNOWN,PASSENGER,PERSONAL,W,STRAIGHT AHEAD,,,2,,,,,,,,,Y,Y,Y,,,,,,,REAR,,,,,,,,,,,,,,,,,,,,,,,,,,,,,,,,,
2118753,614daa99746da54cbd0c9710e53eb7ae0a8749bea9bccc4c996d24b9505a5e31a34c161779b77e3446f2840705a2c0c555e776e55522ddb3de12a7f4d6c0ed6c,07/31/2025 04:51:00 PM,1,DRIVER,,2019783,,HYUNDAI,ACCENT,IL,2014,UNKNOWN,PASSENGER,PERSONAL,N,STRAIGHT AHEAD,,,1,,,,,Y,Y,,,,,,,,,,,,FRONT-RIGHT-CORNER,,,,,,,,,,,,,,,,,,,,,,,,,,,,,,,,,
2118754,614daa99746da54cbd0c9710e53eb7ae0a8749bea9bccc4c996d24b9505a5e31a34c161779b77e3446f2840705a2c0c555e776e55522ddb3de12a7f4d6c0ed6c,07/31/2025 04:51:00 PM,2,DRIVER,,2019788,,CHEVROLET,TAHOE,AZ,2011,UNKNOWN,PASSENGER,PERSONAL,N,TURNING LEFT,Y,,1,,PERSONAL TOW,,,,,,,,,,,,Y,Y,,,SIDE-LEFT-FRONT,,,,,,,,,,,,,,,,,,,,,,,,,,,,,,,,,
2118730,be0cde65617b676900012c77e8865716ee99ddf8f97bd576a5aa20e1abda1fb39ae1e1e48542328319eafda7c35ce9eb4bac2fe0913f0485ff281d1a1c0c407f,07/31/2025 04:43:00 PM,1,DRIVER,,2019764,,UNKNOWN,ENGINE,IL,,UNKNOWN,BUS OVER 15 PASS.,CTA,E,STRAIGHT AHEAD,,,1,,,,,,,Y,Y,Y,,,,,,,,,SIDE-RIGHT,,,,,,,,,,,,,,,,,,,,,,,,,,,,,,,,,
2118731,be0cde65617b676900012c77e8865716ee99ddf8f97bd576a5aa20e1abda1fb39ae1e1e48542328319eafda7c35ce9eb4bac2fe0913f0485ff281d1a1c0c407f,07/31/2025 04:43:00 PM,2,PARKED,,2019771,,TOYOTA,CAMRY,IL,2007,UNKNOWN,PASSENGER,PERSONAL,E,PARKED,,,0,,,,,,,,,,,,,,,Y,,,FRONT-LEFT-CORNER,,,,,,,,,,,,,,,,,,,,,,,,,,,,,,,,,
2118871,edcf842427fa7513fa63c4ce068cf02c7a7e4e159bd8731df6e89fbb18695bf0de5827804ecca544e60026c4060d74c5b83c4acb506b76680e2a4ce82c49d0ef,07/31/2025 04:38:00 PM,1,DRIVER,,2019900,,UNKNOWN,MOTORIZED,,,UNKNOWN,PASSENGER,UNKNOWN/NA,S,STRAIGHT AHEAD,,,1,,,,,,,,,,,,,,,,,Y,UNKNOWN,,,,,,,,,,,,,,,,,,,,,,,,,,,,,,,,,
2118872,edcf842427fa7513fa63c4ce068cf02c7a7e4e159bd8731df6e89fbb18695bf0de5827804ecca544e60026c4060d74c5b83c4acb506b76680e2a4ce82c49d0ef,07/31/2025 04:38:00 PM,2,DRIVER,2,2019907,Y,NOVA BUS,RTS,IL,2022,UNKNOWN,BUS OVER 15 PASS.,CTA,S,STRAIGHT AHEAD,,,3,,,,,,,,,,,,,,,Y,,,FRONT-LEFT-CORNER,"21,920",,,,DRIVER,3,CHICAGO TRANSIT AUTHORITY,IL,CHICAGO,,,,N,U,,U,,N,N,,,,,,,,,,BUS,,N,N,
2118685,240aa64ac08fa90596d20b79b9a9616d04cdaf12f10327d99dc2a5c25b1853f90cde82ae9d9f4a77f5b23c3248b5a4935b316008a499b4153b12ae73e00df2ec,07/31/2025 04:37:00 PM,1,DRIVER,1,2019723,,JEEP,COMPASS,IL,2017,UNKNOWN,SPORT UTILITY VEHICLE (SUV),UNKNOWN/NA,N,STRAIGHT AHEAD,,,2,,,,,,,,,,,,,,,Y,,,FRONT-LEFT-CORNER,,,,,,,,,,,,,,,,,,,,,,,,,,,,,,,,,
2118686,240aa64ac08fa90596d20b79b9a9616d04cdaf12f10327d99dc2a5c25b1853f90cde82ae9d9f4a77f5b23c3248b5a4935b316008a499b4153b12ae73e00df2ec,07/31/2025 04:37:00 PM,2,DRIVER,1,2019740,,FORD,EXPLORER,IL,2021,NONE,SPORT UTILITY VEHICLE (SUV),POLICE,N,TURNING RIGHT,,,2,,,,,,,Y,Y,,,,,,,,,,SIDE-RIGHT-REAR,,,,,,,,,,,,,,,,,,,,,,,,,,,,,,,,,
2118671,0c898f961f510e99db035054dd038bbe016668078f35620e8eb2c62764f4e1e58ada729265be3f43aed0e26aa48792a3f667e418af80d698efe23d1e46b1d543,07/31/2025 04:32:00 PM,1,DRIVER,1,2019718,,HONDA,ODYSSEY,IL,2010,NONE,VAN/MINI-VAN,PERSONAL,UNKNOWN,BACKING,,,2,,,,,,,,,,Y,,,,,,,,REAR,,,,,,,,,,,,,,,,,,,,,,,,,,,,,,,,,
2118672,0c898f961f510e99db035054dd038bbe016668078f35620e8eb2c62764f4e1e58ada729265be3f43aed0e26aa48792a3f667e418af80d698efe23d1e46b1d543,07/31/2025 04:32:00 PM,2,PARKED,1,2019711,,HONDA,ACCORD,IL,2015,NONE,PASSENGER,PERSONAL,UNKNOWN,PARKED,,,1,,,,,,,,,,,,,,,,Y,,FRONT,,,,,,,,,,,,,,,,,,,,,,,,,,,,,,,,,
2118758,0dd4c2ad945a75bdd2e59e23f8889a0d047ca2f14487c436ab71ec4baa573b50fc447a9bbdf60c4b17a05f3b09cac704a7c39ce331ded76952204254ffb44ecb,07/31/2025 04:30:00 PM,1,DRIVER,,2019794,,LEXUS,OTHER (EXPLAIN IN NARRATIVE),IL,2009,UNKNOWN,PASSENGER,PERSONAL,S,TURNING RIGHT,Y,,1,,INSURANCE,,,Y,,,,,,,,,,,Y,,FRONT,,,,,,,,,,,,,,,,,,,,,,,,,,,,,,,,,
2118759,0dd4c2ad945a75bdd2e59e23f8889a0d047ca2f14487c436ab71ec4baa573b50fc447a9bbdf60c4b17a05f3b09cac704a7c39ce331ded76952204254ffb44ecb,07/31/2025 04:30:00 PM,2,DRIVER,1,2019799,,CHEVROLET,OTHER (EXPLAIN IN NARRATIVE),IL,2014,UNKNOWN,PASSENGER,PERSONAL,W,STRAIGHT AHEAD,Y,,2,,INSURANCE,,,,,Y,Y,Y,,,,,,,,,SIDE-RIGHT-REAR,,,,,,,,,,,,,,,,,,,,,,,,,,,,,,,,,
2119126,91d8d288108136c777c4e7c6e872ef3d677b8b5ee08e921ac70244245523e1bd36325085f0c6c92a348c8dee917cdb822cd1f2fe73a834fb0b3cd3154cb0015d,07/31/2025 04:30:00 PM,1,DRIVER,,2020147,,NISSAN,ALTIMA,IL,2010,NONE,PASSENGER,PERSONAL,E,TURNING LEFT,,,1,,,,,Y,,,,,,,,,,,,,FRONT-RIGHT-CORNER,,,,,,,,,,,,,,,,,,,,,,,,,,,,,,,,,
2119127,91d8d288108136c777c4e7c6e872ef3d677b8b5ee08e921ac70244245523e1bd36325085f0c6c92a348c8dee917cdb822cd1f2fe73a834fb0b3cd3154cb0015d,07/31/2025 04:30:00 PM,2,DRIVER,,2020151,,TOYOTA,SIENNA,IL,2024,NONE,PASSENGER,PERSONAL,E,STRAIGHT AHEAD,,,1,,,,,,,,,,,,,,,Y,,,FRONT-LEFT-CORNER,,,,,,,,,,,,,,,,,,,,,,,,,,,,,,,,,
2118912,f8ad13d1438b4b201a1498bc8584a6ec8bf6a8b3fd57f3915ad0db7451dc0e531352f0e572f8d4743817580838969a8041ffe0e2eb2fb22d6d81d14334d3c500,07/31/2025 04:30:00 PM,1,DRIVER,,2019942,,HYUNDAI,ELANTRA,IL,2018,UNKNOWN,PASSENGER,PERSONAL,SW,TURNING LEFT,,,1,,,,,,,,,,,,,,Y,Y,,,FRONT-LEFT-CORNER,,,,,,,,,,,,,,,,,,,,,,,,,,,,,,,,,
2118913,f8ad13d1438b4b201a1498bc8584a6ec8bf6a8b3fd57f3915ad0db7451dc0e531352f0e572f8d4743817580838969a8041ffe0e2eb2fb22d6d81d14334d3c500,07/31/2025 04:30:00 PM,2,DRIVER,,2019948,,VOLKSWAGEN,TIGUAN,IL,2024,UNKNOWN,SPORT UTILITY VEHICLE (SUV),PERSONAL,E,STRAIGHT AHEAD,,,1,,,,,,,,,,,Y,Y,Y,Y,,,,SIDE-LEFT,,,,,,,,,,,,,,,,,,,,,,,,,,,,,,,,,
2118810,1306018a22f55f80e75c2a57b9a1727ed86828fc5daf8e04dff92df74e1541c9325219c7fd928d1d89b3fa634f47f57fb083317f4b3c21e5794880379e78f10d,07/31/2025 04:25:00 PM,1,DRIVER,2,2019843,,JEEP,GRAND CHEROKEE,IL,2019,NONE,SPORT UTILITY VEHICLE (SUV),PERSONAL,E,STRAIGHT AHEAD,,,3,,,,,,,,,,,,,,,,Y,,FRONT,,,,,,,,,,,,,,,,,,,,,,,,,,,,,,,,,
2118811,1306018a22f55f80e75c2a57b9a1727ed86828fc5daf8e04dff92df74e1541c9325219c7fd928d1d89b3fa634f47f57fb083317f4b3c21e5794880379e78f10d,07/31/2025 04:25:00 PM,2,DRIVER,,2019853,,HYUNDAI,PALISADE,IL,2022,UNKNOWN,SPORT UTILITY VEHICLE (SUV),PERSONAL,E,STRAIGHT AHEAD,,,1,,,,,,,,,Y,Y,,,,,,,,REAR,,,,,,,,,,,,,,,,,,,,,,,,,,,,,,,,,
2118716,88773dd79b46343eb8a40337edf46c003812163f5e78bb5ec254a33e9ef9a822a3242a3e5a7a46aed64ef47e316ae6be0bfc81a1cf6b3de5f754ee71fb855c20,07/31/2025 04:18:00 PM,1,DRIVER,1,2019749,,VOLKSWAGEN,CC,IL,2013,NONE,PASSENGER,PERSONAL,W,CHANGING LANES,,,2,,,,,Y,Y,Y,,,,,,,,,,,FRONT-RIGHT-CORNER,,,,,,,,,,,,,,,,,,,,,,,,,,,,,,,,,
2118717,88773dd79b46343eb8a40337edf46c003812163f5e78bb5ec254a33e9ef9a822a3242a3e5a7a46aed64ef47e316ae6be0bfc81a1cf6b3de5f754ee71fb855c20,07/31/2025 04:18:00 PM,2,DRIVER,,2019756,,HONDA,CIVIC,IL,2009,NONE,PASSENGER,PERSONAL,W,STRAIGHT AHEAD,Y,,1,,unk,unk,,,,,,,,,,,Y,Y,Y,,FRONT-LEFT-CORNER,,,,,,,,,,,,,,,,,,,,,,,,,,,,,,,,,
2118709,2552a79eb7a56773caecf50384f694120ec601c00e2aea4e31de256a8cf22af18054a651445f40a1255f85f6da701189d383aded25109e90480dcb34d4ba383e,07/31/2025 04:15:00 PM,1,PARKED,,2019745,,NISSAN,MURANO,IL,2012,UNKNOWN,PASSENGER,UNKNOWN/NA,S,PARKED,,,0,,,,,,,,,,,,,Y,Y,,,,SIDE-LEFT-FRONT,,,,,,,,,,,,,,,,,,,,,,,,,,,,,,,,,
2118710,2552a79eb7a56773caecf50384f694120ec601c00e2aea4e31de256a8cf22af18054a651445f40a1255f85f6da701189d383aded25109e90480dcb34d4ba383e,07/31/2025 04:15:00 PM,2,DRIVER,,2019752,,TOYOTA,COROLLA,IL,2025,UNKNOWN,PASSENGER,UNKNOWN/NA,S,STRAIGHT AHEAD,,,1,,,,,,Y,Y,Y,,,,,,,,,,SIDE-RIGHT,,,,,,,,,,,,,,,,,,,,,,,,,,,,,,,,,
2119250,b4e8e402ede1d5caa00b74edb7171b821326b65dde2da70069a6efbda5bbbf0196ee6deee8fc143aa50ef00e09a7cf953fe6d73ed05f887e2f7bfb109c13432c,07/31/2025 04:15:00 PM,1,DRIVER,,2020266,,INFINITI,QX80,IL,2023,UNKNOWN,SPORT UTILITY VEHICLE (SUV),UNKNOWN/NA,S,STRAIGHT AHEAD,,,1,,,,,,,,,,,,,,,,,Y,FRONT,,,,,,,,,,,,,,,,,,,,,,,,,,,,,,,,,
2119251,b4e8e402ede1d5caa00b74edb7171b821326b65dde2da70069a6efbda5bbbf0196ee6deee8fc143aa50ef00e09a7cf953fe6d73ed05f887e2f7bfb109c13432c,07/31/2025 04:15:00 PM,2,DRIVER,,2020275,,CHEVROLET,COLORADO,IL,2016,NONE,PICKUP,PERSONAL,S,SLOW/STOP IN TRAFFIC,,,1,,,,,,,,,,Y,,,,,,,,REAR,,,,,,,,,,,,,,,,,,,,,,,,,,,,,,,,,
2118767,ced8e3469e0730db3b50e6b95ff6370e859f786c64e966974efe7206f8199023480e750629c7ef1752f1df51c56436df477fee3c6752e4478d26c2ed9d028a20,07/31/2025 04:15:00 PM,1,PARKED,1,2019801,,HONDA,ACCORD,IL,2010,UNKNOWN,PASSENGER,UNKNOWN/NA,S,PARKED,Y,,1,,,,,,,,,,,,,Y,Y,,,,SIDE-LEFT,,,,,,,,,,,,,,,,,,,,,,,,,,,,,,,,,
2118768,ced8e3469e0730db3b50e6b95ff6370e859f786c64e966974efe7206f8199023480e750629c7ef1752f1df51c56436df477fee3c6752e4478d26c2ed9d028a20,07/31/2025 04:15:00 PM,2,DRIVER,,2019809,,TOYOTA,HIGHLANDER,IL,2008,UNKNOWN,PASSENGER,UNKNOWN/NA,S,STRAIGHT AHEAD,Y,,1,,,,,Y,Y,,,,,,,,,,,,FRONT-RIGHT-CORNER,,,,,,,,,,,,,,,,,,,,,,,,,,,,,,,,,
2118746,67bb18da36019944a20d1fa19d3ca9a5392cb620ce19580dfb93c58861948fa43d8fb94036d75ba7aa81c1c4c1ec3755f9d95d90409ca73369e71ad1704d3539,07/31/2025 04:13:00 PM,1,DRIVER,,2019789,,CADILLAC,CTS,IL,2006,NONE,PASSENGER,PERSONAL,N,CHANGING LANES,,,1,,,,,Y,,,,,,,,,,Y,,,FRONT-LEFT-CORNER,,,,,,,,,,,,,,,,,,,,,,,,,,,,,,,,,
2118747,67bb18da36019944a20d1fa19d3ca9a5392cb620ce19580dfb93c58861948fa43d8fb94036d75ba7aa81c1c4c1ec3755f9d95d90409ca73369e71ad1704d3539,07/31/2025 04:13:00 PM,2,DRIVER,,2019786,,DODGE,CHARGER,IL,,UNKNOWN,PASSENGER,UNKNOWN/NA,N,SLOW/STOP IN TRAFFIC,,,1,,,,,,,,,Y,,,,,,,,,REAR-RIGHT-CORNER,,,,,,,,,,,,,,,,,,,,,,,,,,,,,,,,,
2118748,67bb18da36019944a20d1fa19d3ca9a5392cb620ce19580dfb93c58861948fa43d8fb94036d75ba7aa81c1c4c1ec3755f9d95d90409ca73369e71ad1704d3539,07/31/2025 04:13:00 PM,3,DRIVER,,2019784,,TOYOTA,CAMRY,IL,2015,NONE,PASSENGER,PERSONAL,N,SLOW/STOP IN TRAFFIC,,,1,,,,,,,,,,,Y,Y,Y,N,,,,SIDE-LEFT,,,,,,,,,,,,,,,,,,,,,,,,,,,,,,,,,
2118738,959c53789ce1cde8470fa5146b457d3f86c6ba676d0eb3420096540e0723ab9d2f9daaa71f256d23695d27d82404812bab6b4c05189f367b4df0d4ea0b1bda2c,07/31/2025 04:10:00 PM,1,DRIVER,,2019763,,DODGE,JOURNEY,IL,2019,UNKNOWN,PASSENGER,UNKNOWN/NA,W,PASSING/OVERTAKING,,,1,,,,,Y,Y,,,,,,,,,,,,FRONT-RIGHT-CORNER,,,,,,,,,,,,,,,,,,,,,,,,,,,,,,,,,
2118739,959c53789ce1cde8470fa5146b457d3f86c6ba676d0eb3420096540e0723ab9d2f9daaa71f256d23695d27d82404812bab6b4c05189f367b4df0d4ea0b1bda2c,07/31/2025 04:10:00 PM,2,DRIVER,,2019768,,TOYOTA,AVALON,IL,2022,UNKNOWN,PASSENGER,PERSONAL,W,STRAIGHT AHEAD,,,1,,,,,,,,,,,Y,Y,,,,,,REAR-LEFT-CORNER,,,,,,,,,,,,,,,,,,,,,,,,,,,,,,,,,
2118736,749a3966238d781cc1bd09756977e12b0a088fdc1ad595dc9021b49164379f2ae2fcf3dd2a4d8c72722bef9695e774bc549302e606af402dcd3e689173e1c3e8,07/31/2025 04:05:00 PM,1,DRIVER,,2019798,,HYUNDAI,OTHER (EXPLAIN IN NARRATIVE),IL,2014,UNKNOWN,UNKNOWN/NA,PERSONAL,S,TURNING LEFT,,,1,,,,,,Y,Y,Y,,,,,,,,,,SIDE-RIGHT,,,,,,,,,,,,,,,,,,,,,,,,,,,,,,,,,
2118737,749a3966238d781cc1bd09756977e12b0a088fdc1ad595dc9021b49164379f2ae2fcf3dd2a4d8c72722bef9695e774bc549302e606af402dcd3e689173e1c3e8,07/31/2025 04:05:00 PM,2,DRIVER,,2019820,,MAZDA,CX-9,IL,,NONE,PASSENGER,PERSONAL,UNKNOWN,STRAIGHT AHEAD,,,1,,,,,,,,,,,,,,,,,,FRONT-LEFT-CORNER,,,,,,,,,,,,,,,,,,,,,,,,,,,,,,,,,
2118664,ac23b484947d6e02235cec63f27961be1acec12871487128066fdc3b3782d22f1897cf20b736503d37e422dd71ad0b3cda45c2a01937efca5395e486fdc79ff4,07/31/2025 04:05:00 PM,1,DRIVER,,2019702,,NEW FLYER,OTHER (EXPLAIN IN NARRATIVE),IL,2007,UNKNOWN,BUS OVER 15 PASS.,CTA,W,STRAIGHT AHEAD,,,1,,,,,,,,,,,,,,,,,,FRONT,,,,,,,,,,,,,,,,,,,,,,,,,,,,,,,,,
2118665,ac23b484947d6e02235cec63f27961be1acec12871487128066fdc3b3782d22f1897cf20b736503d37e422dd71ad0b3cda45c2a01937efca5395e486fdc79ff4,07/31/2025 04:05:00 PM,2,DRIVER,,2019710,,LINCOLN,NAUTILUS,IL,2023,UNKNOWN,SPORT UTILITY VEHICLE (SUV),UNKNOWN/NA,W,STRAIGHT AHEAD,,,1,,,,,,,,,,,,,,,,,,REAR,,,,,,,,,,,,,,,,,,,,,,,,,,,,,,,,,
2118713,1946e2c222c7c3afd5bc16e7119c5c67d564b5a66571e52170da997e2f9d0bc826132103d5edbeef59dc32606d6bc5aedeb6161a6d2cbce1774763776626f3c5,07/31/2025 04:03:00 PM,1,DRIVER,,2019747,,CHEVROLET,MALIBU,IL,2018,UNKNOWN,PASSENGER,PERSONAL,W,OTHER,Y,,1,,PRIVATE,,,,,,,,,,,,Y,Y,,,SIDE-LEFT-FRONT,,,,,,,,,,,,,,,,,,,,,,,,,,,,,,,,,
2118654,95af992c4b9778f62456816ad2ec9ca60ad3c5912004fa6f89c0604e035add0b6998c0420302fec8308f8d6d0799beedff41ca24bc71d2bbcfa2481fde30a22d,07/31/2025 04:00:00 PM,1,DRIVER,,2019690,,HYUNDAI,OTHER (EXPLAIN IN NARRATIVE),,,UNKNOWN,SPORT UTILITY VEHICLE (SUV),UNKNOWN/NA,UNKNOWN,UNKNOWN/NA,,,1,,,,,,,,,,,,,,,,,Y,UNKNOWN,,,,,,,,,,,,,,,,,,,,,,,,,,,,,,,,,
2118655,95af992c4b9778f62456816ad2ec9ca60ad3c5912004fa6f89c0604e035add0b6998c0420302fec8308f8d6d0799beedff41ca24bc71d2bbcfa2481fde30a22d,07/31/2025 04:00:00 PM,2,PARKED,,2019717,,MAZDA,CX-30,IL,,UNKNOWN,SPORT UTILITY VEHICLE (SUV),NOT IN USE,S,PARKED,,,0,,,,,,,,,,,,Y,Y,Y,,,,SIDE-LEFT,,,,,,,,,,,,,,,,,,,,,,,,,,,,,,,,,
2119128,b2bf76b1dd73f478b5b85f2b3c57f7305cfe8cb3080fed6b35940ee288f1958b071033c086bc22790ac6b47cf25586a0deca59149d1477b5126c04556d662ba9,07/31/2025 04:00:00 PM,1,DRIVER,,2020150,,UNKNOWN,OTHER (EXPLAIN IN NARRATIVE),,,UNKNOWN,PASSENGER,PERSONAL,E,PASSING/OVERTAKING,,,1,,,,,,,,,,,,,,,,,Y,FRONT-RIGHT-CORNER,,,,,,,,,,,,,,,,,,,,,,,,,,,,,,,,,
2119129,b2bf76b1dd73f478b5b85f2b3c57f7305cfe8cb3080fed6b35940ee288f1958b071033c086bc22790ac6b47cf25586a0deca59149d1477b5126c04556d662ba9,07/31/2025 04:00:00 PM,2,PARKED,,2020152,,HONDA,ACCORD,MI,2008,UNKNOWN,PASSENGER,NOT IN USE,E,PARKED,,,0,,,,,Y,,,,,,,,,Y,Y,Y,,FRONT-LEFT-CORNER,,,,,,,,,,,,,,,,,,,,,,,,,,,,,,,,,
2118703,cbc43fe4ec8fa374817df67e432776ed2db8d2b8af66271571706a825b54ed3ad5ed2cdc5e5d70f4d13e82e44710addfd26301389ba70da1981772939460b26d,07/31/2025 04:00:00 PM,1,DRIVER,,2019732,,UNKNOWN,OTHER (EXPLAIN IN NARRATIVE),,,UNKNOWN,UNKNOWN/NA,UNKNOWN/NA,N,STRAIGHT AHEAD,,,1,,,,,Y,,,,,,,,,,Y,Y,,FRONT,,,,,,,,,,,,,,,,,,,,,,,,,,,,,,,,,