CRASH_UNIT_ID,CRASH_RECORD_ID,CRASH_DATE,UNIT_NO,UNIT_TYPE,NUM_PASSENGERS,VEHICLE_ID,CMRC_VEH_I,MAKE,MODEL,LIC_PLATE_STATE,VEHICLE_YEAR,VEHICLE_DEFECT,VEHICLE_TYPE,VEHICLE_USE,TRAVEL_DIRECTION,MANEUVER,TOWED_I,FIRE_I,OCCUPANT_CNT,EXCEED_SPEED_LIMIT_I,TOWED_BY,TOWED_TO,AREA_00_I,AREA_01_I,AREA_02_I,AREA_03_I,AREA_04_I,AREA_05_I,AREA_06_I,AREA_07_I,AREA_08_I,AREA_09_I,AREA_10_I,AREA_11_I,AREA_12_I,AREA_99_I,FIRST_CONTACT_POINT,CMV_ID,USDOT_NO,CCMC_NO,ILCC_NO,COMMERCIAL_SRC,GVWR,CARRIER_NAME,CARRIER_STATE,CARRIER_CITY,HAZMAT_PLACARDS_I,HAZMAT_NAME,UN_NO,HAZMAT_PRESENT_I,HAZMAT_REPORT_I,HAZMAT_REPORT_NO,MCS_REPORT_I,MCS_REPORT_NO,HAZMAT_VIO_CAUSE_CRASH_I,MCS_VIO_CAUSE_CRASH_I,IDOT_PERMIT_NO,WIDE_LOAD_I,TRAILER1_WIDTH,TRAILER2_WIDTH,TRAILER1_LENGTH,TRAILER2_LENGTH,TOTAL_VEHICLE_LENGTH,AXLE_CNT,VEHICLE_CONFIG,CARGO_BODY_TYPE,LOAD_TYPE,HAZMAT_OUT_OF_SERVICE_I,MCS_OUT_OF_SERVICE_I,HAZMAT_CLASS
2118704,cbc43fe4ec8fa374817df67e432776ed2db8d2b8af66271571706a825b54ed3ad5ed2cdc5e5d70f4d13e82e44710addfd26301389ba70da1981772939460b26d,07/31/2025 04:00:00 PM,2,PARKED,,2019739,,NISSAN,VERSA,IN,2021,UNKNOWN,PASSENGER,PERSONAL,N,PARKED,,,0,,,,,,,,,Y,Y,Y,Y,Y,,,,,SIDE-LEFT,,,,,,,,,,,,,,,,,,,,,,,,,,,,,,,,,
2118689,f135ee93041c328e24adfaaf237089c31566a0ba1b2ecfb8e5fd61e3f5b9796962684b23d490ec8ff1458b91e093d616af78338f15a56b5d6e4dd0a4ad40cac1,07/31/2025 03:56:00 PM,1,DRIVER,,2019727,,HONDA,ACCORD,IL,2013,NONE,PASSENGER,PERSONAL,N,TURNING LEFT,,,1,,,,,Y,N,,,,,,,,,Y,Y,,FRONT-RIGHT-CORNER,,,,,,,,,,,,,,,,,,,,,,,,,,,,,,,,,
2118690,f135ee93041c328e24adfaaf237089c31566a0ba1b2ecfb8e5fd61e3f5b9796962684b23d490ec8ff1458b91e093d616af78338f15a56b5d6e4dd0a4ad40cac1,07/31/2025 03:56:00 PM,2,DRIVER,,2019737,,SUBARU,OUTBACK,IL,2022,NONE,PASSENGER,PERSONAL,W,STRAIGHT AHEAD,,,1,,,,,,,,,,,,,,Y,Y,,,FRONT-LEFT-CORNER,,,,,,,,,,,,,,,,,,,,,,,,,,,,,,,,,
2118701,349affe766406b446dcdfa102e94389bee980ee00f592ca2692c439e69cd8376bf4374e1418bfdc618d9ff47e436ecc2ad6726291ec060a99171648feb496010,07/31/2025 03:48:00 PM,1,DRIVER,,2019736,,TOYOTA,SIENNA,IL,2011,NONE,PASSENGER,PERSONAL,E,TURNING LEFT,Y,,1,,private tow,unk,,Y,Y,,,,,,,,,N,N,,SIDE-RIGHT-FRONT,,,,,,,,,,,,,,,,,,,,,,,,,,,,,,,,,
2118702,349affe766406b446dcdfa102e94389bee980ee00f592ca2692c439e69cd8376bf4374e1418bfdc618d9ff47e436ecc2ad6726291ec060a99171648feb496010,07/31/2025 03:48:00 PM,2,DRIVER,,2019746,,NISSAN,MURANO,IL,2011,NONE,PASSENGER,OTHER,W,STRAIGHT AHEAD,Y,,1,,private tow,unk,,Y,N,,,,,,,,,Y,Y,,FRONT,,,,,,,,,,,,,,,,,,,,,,,,,,,,,,,,,
2118728,d2a864dbfbdd594099a73b05ec91366a98e6dcbbb8f09f2fa658624a9dad1d55261851927367bc1e305604f97d03e437767c07a5331ea579861497195eb0855e,07/31/2025 03:45:00 PM,1,DRIVER,,2019766,,NISSAN,SENTRA,IL,2015,NONE,PASSENGER,PERSONAL,N,STRAIGHT AHEAD,,,1,,,,,Y,Y,,,,,,,,,,N,,FRONT-RIGHT-CORNER,,,,,,,,,,,,,,,,,,,,,,,,,,,,,,,,,
2118729,d2a864dbfbdd594099a73b05ec91366a98e6dcbbb8f09f2fa658624a9dad1d55261851927367bc1e305604f97d03e437767c07a5331ea579861497195eb0855e,07/31/2025 03:45:00 PM,2,PARKED,1,2019773,,CADILLAC,XT6,IL,2023,NONE,PASSENGER,NOT IN USE,N,PARKED,,,1,,,,,,,,,,,,,,Y,,,,SIDE-LEFT-FRONT,,,,,,,,,,,,,,,,,,,,,,,,,,,,,,,,,
2119472,2e5bba65fed4455456f408e0157b4b32e954f64026db4380f9dc5ada564d8f74a660d8e1643750b22e094a672162b5492b57a37e8e6d398d4927dc22087d4c8d,07/31/2025 03:40:00 PM,1,DRIVER,,2020477,,GENERAL MOTORS CORPORATION (GMC),ACADIA,IL,2010,NONE,PASSENGER,UNKNOWN/NA,E,PASSING/OVERTAKING,,,1,,,,,,,,,,,,,,Y,Y,Y,,FRONT-LEFT-CORNER,,,,,,,,,,,,,,,,,,,,,,,,,,,,,,,,,
2119473,2e5bba65fed4455456f408e0157b4b32e954f64026db4380f9dc5ada564d8f74a660d8e1643750b22e094a672162b5492b57a37e8e6d398d4927dc22087d4c8d,07/31/2025 03:40:00 PM,2,DRIVER,,2020489,,SUZUKI,SX4,IL,2008,NONE,PASSENGER,PERSONAL,E,TURNING RIGHT,,,1,,,,,,Y,Y,Y,,,,,,,,,,SIDE-RIGHT,,,,,,,,,,,,,,,,,,,,,,,,,,,,,,,,,
2118658,9c2f2b69398c1f8084369c66adafdbc321543b5e4a526e74c0680b9ecd9c221006785f8b708dbabe9550a55285e15ef097e858d9b87a24808ed3a995fab1e08a,07/31/2025 03:40:00 PM,1,DRIVER,,2019694,,BUICK,LACROSSE,FL,2012,UNKNOWN,PASSENGER,UNKNOWN/NA,W,BACKING,,,1,,,,,,,,,,Y,,,,,,,,REAR,,,,,,,,,,,,,,,,,,,,,,,,,,,,,,,,,
2118659,9c2f2b69398c1f8084369c66adafdbc321543b5e4a526e74c0680b9ecd9c221006785f8b708dbabe9550a55285e15ef097e858d9b87a24808ed3a995fab1e08a,07/31/2025 03:40:00 PM,2,DRIVER,,2019705,,BMW,OTHER (EXPLAIN IN NARRATIVE),IL,1973,UNKNOWN,MOTORCYCLE (OVER 150CC),PERSONAL,N,STRAIGHT AHEAD,,,1,,,,,Y,Y,Y,Y,Y,,,,,,,,,SIDE-RIGHT,,,,,,,,,,,,,,,,,,,,,,,,,,,,,,,,,
2119074,aefb54c039d9095ecc039f93bcfb11255288ef90abd2baf451aacec1dd0af920f5408c4edc836f6c1b736c87b233a1c04ebd345b334977067a2a3423773a3731,07/31/2025 03:40:00 PM,1,DRIVER,,2020104,,TOYOTA,COROLLA,IL,2025,UNKNOWN,PASSENGER,PERSONAL,N,STRAIGHT AHEAD,,,1,,,,,,,,,,,,,,Y,Y,Y,,FRONT-LEFT-CORNER,,,,,,,,,,,,,,,,,,,,,,,,,,,,,,,,,
2119075,aefb54c039d9095ecc039f93bcfb11255288ef90abd2baf451aacec1dd0af920f5408c4edc836f6c1b736c87b233a1c04ebd345b334977067a2a3423773a3731,07/31/2025 03:40:00 PM,2,DRIVER,,2020107,,MITSUBISHI,OUTLANDER,IL,2022,UNKNOWN,PASSENGER,PERSONAL,N,STRAIGHT AHEAD,,,1,,,,,,Y,Y,Y,,,,,,,,,,SIDE-RIGHT,,,,,,,,,,,,,,,,,,,,,,,,,,,,,,,,,
2118691,6979dc1288895ab754ab0a4a520d7b49494085f755e4b14c75a7e7f2ae5a919b6a634428ac4845f5b7d3ea2983a85f20474e991f37073f25def5cefe237a4499,07/31/2025 03:38:00 PM,1,DRIVER,,2019751,,TOYOTA,COROLLA,IL,2025,UNKNOWN,PASSENGER,PERSONAL,S,ENTERING TRAFFIC LANE FROM PARKING,,,1,,,,,,,,,,,,,,Y,Y,,,FRONT-LEFT-CORNER,,,,,,,,,,,,,,,,,,,,,,,,,,,,,,,,,
2118692,6979dc1288895ab754ab0a4a520d7b49494085f755e4b14c75a7e7f2ae5a919b6a634428ac4845f5b7d3ea2983a85f20474e991f37073f25def5cefe237a4499,07/31/2025 03:38:00 PM,2,DRIVER,,2019776,,MITSUBISHI,OUTLANDER,IL,2022,UNKNOWN,SPORT UTILITY VEHICLE (SUV),PERSONAL,S,STRAIGHT AHEAD,,,1,,,,,Y,,,,,,,,,,,Y,,FRONT-RIGHT-CORNER,,,,,,,,,,,,,,,,,,,,,,,,,,,,,,,,,
2118765,97f4da268c57dd9de3f9453e94cd3401cb5a6a893c36402e54598ee3c7bf7e287b9d5167d8f41b89e7d93d1f5390fa073bc951aabe29a05c6eba53d6c5550fb2,07/31/2025 03:33:00 PM,1,DRIVER,,2019797,,LEXUS,LS,IL,2009,UNKNOWN,PASSENGER,UNKNOWN/NA,UNKNOWN,PASSING/OVERTAKING,,,1,,,,,Y,Y,Y,,,,,,,,,Y,,SIDE-RIGHT-FRONT,,,,,,,,,,,,,,,,,,,,,,,,,,,,,,,,,
2118766,97f4da268c57dd9de3f9453e94cd3401cb5a6a893c36402e54598ee3c7bf7e287b9d5167d8f41b89e7d93d1f5390fa073bc951aabe29a05c6eba53d6c5550fb2,07/31/2025 03:33:00 PM,2,DRIVER,,2019803,,TOYOTA,HIGHLANDER,IL,2025,UNKNOWN,SPORT UTILITY VEHICLE (SUV),UNKNOWN/NA,E,STRAIGHT AHEAD,,,1,,,,,,,,,,,,,Y,Y,Y,Y,,FRONT-LEFT-CORNER,,,,,,,,,,,,,,,,,,,,,,,,,,,,,,,,,
2118635,a5fffcb5b14f7e5b81c86145056beddcf2dc0b3b8e989a4056fe1a007a34d113e1b927bf53446bb18e1d7ceebd83e83b4e88f00ce447685729eda76e267f0974,07/31/2025 03:33:00 PM,1,DRIVER,,2019665,,DODGE,DURANGO,IL,2021,UNKNOWN,SPORT UTILITY VEHICLE (SUV),PERSONAL,E,STRAIGHT AHEAD,,,1,,,,,Y,,,,,,,,,,Y,Y,,FRONT,,,,,,,,,,,,,,,,,,,,,,,,,,,,,,,,,
2118636,a5fffcb5b14f7e5b81c86145056beddcf2dc0b3b8e989a4056fe1a007a34d113e1b927bf53446bb18e1d7ceebd83e83b4e88f00ce447685729eda76e267f0974,07/31/2025 03:33:00 PM,2,DRIVER,2,2019672,,CHEVROLET,SILVERADO,IL,2006,UNKNOWN,PICKUP,PERSONAL,E,STRAIGHT AHEAD,,,3,,,,,,,,,Y,Y,Y,,,,,,,REAR,,,,,,,,,,,,,,,,,,,,,,,,,,,,,,,,,
2119065,215eba79c1ed8430749e3f58b4742032d8df467dbcdd4cd4caba48051fe4ec39791c1c1ba8b893b8d4550fe256c34afa2a4f70ca4b6154bd25cc13bdfcff235e,07/31/2025 03:30:00 PM,1,DRIVER,,2020091,,UNKNOWN,OTHER (EXPLAIN IN NARRATIVE),IL,,UNKNOWN,PASSENGER,UNKNOWN/NA,N,TURNING LEFT,,,1,,,,,,,Y,Y,,,,,,,,,,SIDE-RIGHT-REAR,,,,,,,,,,,,,,,,,,,,,,,,,,,,,,,,,
2119066,215eba79c1ed8430749e3f58b4742032d8df467dbcdd4cd4caba48051fe4ec39791c1c1ba8b893b8d4550fe256c34afa2a4f70ca4b6154bd25cc13bdfcff235e,07/31/2025 03:30:00 PM,2,DRIVER,,2020105,,TOYOTA,SIENNA,IL,2008,UNKNOWN,PASSENGER,PERSONAL,W,STRAIGHT AHEAD,,,1,,,,,,,,,,,,,,,,Y,,FRONT,,,,,,,,,,,,,,,,,,,,,,,,,,,,,,,,,
2119920,79fb62d2f3ac7d437e7820c6e12ad4a4547d7eb852909eda8b70d2e8f653f42b6da5dccfc536c4473d9377d5cef6eec283ec2187fdf14cdae6c3e3fde4b1dd03,07/31/2025 03:30:00 PM,1,DRIVER,1,2020925,,UNKNOWN,MOTORIZED,IL,,UNKNOWN,MOPED OR MOTORIZED BICYCLE,UNKNOWN/NA,W,STRAIGHT AHEAD,,,2,,,,,,,,,,,,,,,,Y,,FRONT,,,,,,,,,,,,,,,,,,,,,,,,,,,,,,,,,
2119921,79fb62d2f3ac7d437e7820c6e12ad4a4547d7eb852909eda8b70d2e8f653f42b6da5dccfc536c4473d9377d5cef6eec283ec2187fdf14cdae6c3e3fde4b1dd03,07/31/2025 03:30:00 PM,2,DRIVER,,2020927,,CHEVROLET,MALIBU,IL,2024,NONE,PASSENGER,RIDESHARE SERVICE,N,TURNING LEFT,,,1,,,,,Y,Y,Y,,,,,,,,,,,SIDE-RIGHT-FRONT,,,,,,,,,,,,,,,,,,,,,,,,,,,,,,,,,
2118744,e4384b5bfb121b72019af68179641440bfe6afaa4c103c3e12a17b58b77737357159399abaa42f38539caaca2c45f595f581bf12782ee3cd976145a26547328b,07/31/2025 03:30:00 PM,1,DRIVER,,2019774,,TOYOTA,COROLLA,IL,2010,UNKNOWN,PASSENGER,UNKNOWN/NA,S,CHANGING LANES,,,1,,,,,,,,,,,,,,,,,Y,SIDE-LEFT-FRONT,,,,,,,,,,,,,,,,,,,,,,,,,,,,,,,,,
2118745,e4384b5bfb121b72019af68179641440bfe6afaa4c103c3e12a17b58b77737357159399abaa42f38539caaca2c45f595f581bf12782ee3cd976145a26547328b,07/31/2025 03:30:00 PM,2,DRIVER,,2019782,,GENESIS,G80,IL,2023,NONE,SPORT UTILITY VEHICLE (SUV),UNKNOWN/NA,S,STRAIGHT AHEAD,,,1,,,,,Y,Y,Y,Y,Y,,,,,,,,,SIDE-RIGHT,,,,,,,,,,,,,,,,,,,,,,,,,,,,,,,,,
2118698,ec0b1dd2c38364bd330d59dbda8bd868cb46e233d42d5260ec67a602a3a9b8c7a94050a4f61322397334ace096bec0ccae93a40209d99c51e1a6b11cc3e2aab3,07/31/2025 03:30:00 PM,1,DRIVER,,2019731,,GENERAL MOTORS CORPORATION (GMC),JIMMY,IL,2000,NONE,PASSENGER,PERSONAL,W,STRAIGHT AHEAD,,,1,,,,,,,,,,,,,,,,Y,,FRONT,,,,,,,,,,,,,,,,,,,,,,,,,,,,,,,,,
2118699,ec0b1dd2c38364bd330d59dbda8bd868cb46e233d42d5260ec67a602a3a9b8c7a94050a4f61322397334ace096bec0ccae93a40209d99c51e1a6b11cc3e2aab3,07/31/2025 03:30:00 PM,2,DRIVER,2,2019742,,JEEP,CHEROKEE,IL,2014,NONE,PASSENGER,PERSONAL,W,SLOW/STOP IN TRAFFIC,,,3,,,,,,,,,,Y,,,,,,,,REAR,,,,,,,,,,,,,,,,,,,,,,,,,,,,,,,,,
2118679,0fcb6f68021aa170355df51ff544d8670b34cd6462aab4b3207fafc6ede108e58799b3e11367db0dfa02e70fbe0dcea36b775dc2500b4d4e26332197ecab51f6,07/31/2025 03:25:00 PM,1,DRIVER,,2019721,,TOYOTA,COROLLA,IL,2016,UNKNOWN,PASSENGER,PERSONAL,NW,TURNING RIGHT,Y,,1,,PRIVATE TOW,UNKNOWN/PRIVATE,,Y,Y,,,,,,,Y,Y,Y,Y,,SIDE-RIGHT-FRONT,,,,,,,,,,,,,,,,,,,,,,,,,,,,,,,,,
2118680,0fcb6f68021aa170355df51ff544d8670b34cd6462aab4b3207fafc6ede108e58799b3e11367db0dfa02e70fbe0dcea36b775dc2500b4d4e26332197ecab51f6,07/31/2025 03:25:00 PM,2,DRIVER,,2019735,N,FREIGHTLINER CORPORATION,FREIGHTLINER CORP.,IL,2024,UNKNOWN,TRACTOR W/ SEMI-TRAILER,COMMERCIAL - MULTI-UNIT,NW,TURNING RIGHT,,,1,,,,,,Y,Y,,,,,,,,,,,SIDE-RIGHT,,,,,,,,,,,,,,,,,,,,,,,,,,,,,,,,,
2118670,b87ab842c710056cbedb20cc98480e50e7ef447270b5ee20856a745ccf6325e96a1f4bc2e7e3609c761eb224116025663bf55a6791cd98e8625b09b1a46dd26b,07/31/2025 03:24:00 PM,1,DRIVER,,2019714,,VOLVO,OTHER (EXPLAIN IN NARRATIVE),IL,2024,NONE,TRACTOR W/ SEMI-TRAILER,OTHER,NW,STRAIGHT AHEAD,,,1,,,,,Y,,,,,,,,,,,,,FRONT-RIGHT-CORNER,,,,,,,,,,,,,,,,,,,,,,,,,,,,,,,,,
2118714,9c3ef91f9dceb84ca02300ad0ab902d512bad1c84b35f8d167367a99344db5786a7428d64c9710d7e4e0a2202374463f7a292dd54ac0c1a89bcb7768c75e2af7,07/31/2025 03:23:00 PM,1,DRIVER,,2019753,,ACURA,RLX,IL,2017,UNKNOWN,SPORT UTILITY VEHICLE (SUV),PERSONAL,UNKNOWN,CHANGING LANES,,,1,,,,,Y,Y,,,,,,,,,,Y,,FRONT-RIGHT-CORNER,,,,,,,,,,,,,,,,,,,,,,,,,,,,,,,,,
2118715,9c3ef91f9dceb84ca02300ad0ab902d512bad1c84b35f8d167367a99344db5786a7428d64c9710d7e4e0a2202374463f7a292dd54ac0c1a89bcb7768c75e2af7,07/31/2025 03:23:00 PM,2,DRIVER,,2019761,,CHEVROLET,MALIBU,NY,2024,UNKNOWN,PASSENGER,PERSONAL,UNKNOWN,STRAIGHT AHEAD,,,1,,,,,,,,,,,,Y,Y,Y,,,,SIDE-LEFT,,,,,,,,,,,,,,,,,,,,,,,,,,,,,,,,,
2118606,19a3b3998ec0b7049dace04734168410e28951b23005a70b12e1ddb0d3b3180c3e22f3c9e7d6bd7b34a5501d0ce284e005e0da1af3d649a737c3436a1510a0f2,07/31/2025 03:10:00 PM,1,DRIVER,1,2019649,,UNKNOWN,OTHER (EXPLAIN IN NARRATIVE),XX,,UNKNOWN,VAN/MINI-VAN,UNKNOWN/NA,W,STRAIGHT AHEAD,,,2,,,,,,,,,,,,,,,,,Y,FRONT,,,,,,,,,,,,,,,,,,,,,,,,,,,,,,,,,
2118607,19a3b3998ec0b7049dace04734168410e28951b23005a70b12e1ddb0d3b3180c3e22f3c9e7d6bd7b34a5501d0ce284e005e0da1af3d649a737c3436a1510a0f2,07/31/2025 03:10:00 PM,2,DRIVER,,2019652,,FORD,FUSION,IL,2015,UNKNOWN,PASSENGER,PERSONAL,NE,TURNING LEFT,,,1,,,,,,Y,Y,Y,,,,,,,,,,SIDE-RIGHT,,,,,,,,,,,,,,,,,,,,,,,,,,,,,,,,,
2118625,33f46339cea0f29acf0aa082fb26cabae6a0c0699cdc73ae3126ea3867291fce73760f12702eae07bcdd5a824184892279e799cb7c0a9c9d86df9840a0054413,07/31/2025 03:05:00 PM,1,DRIVER,,2019670,,ISUZU,TRUCK,IL,2018,NONE,TRUCK - SINGLE UNIT,OTHER,N,STRAIGHT AHEAD,,,1,,,,,,Y,Y,,,,,,,,,,,SIDE-RIGHT,,,,,,,,,,,,,,,,,,,,,,,,,,,,,,,,,
2118626,33f46339cea0f29acf0aa082fb26cabae6a0c0699cdc73ae3126ea3867291fce73760f12702eae07bcdd5a824184892279e799cb7c0a9c9d86df9840a0054413,07/31/2025 03:05:00 PM,2,PARKED,,2019682,,FORD,F450,OK,2022,NONE,TRUCK - SINGLE UNIT,OTHER,N,PARKED,,,0,,,,,,,,,,,,,,Y,,,,SIDE-LEFT,,,,,,,,,,,,,,,,,,,,,,,,,,,,,,,,,
2118681,34c1a23b53ad692907a6b870954e0215f8a631a5d4b72c25e9e7852f7fcecf4d2285f2b0d7d90be2120b1a1d5497b38abb920d187ca4fcb8eae0b3223d185a49,07/31/2025 03:05:00 PM,1,DRIVER,,2019716,,TOYOTA,RAV4,IL,2017,UNKNOWN,SPORT UTILITY VEHICLE (SUV),PERSONAL,S,STRAIGHT AHEAD,,,1,,,,,Y,,,,,,,,,,Y,Y,Y,FRONT,,,,,,,,,,,,,,,,,,,,,,,,,,,,,,,,,
2118682,34c1a23b53ad692907a6b870954e0215f8a631a5d4b72c25e9e7852f7fcecf4d2285f2b0d7d90be2120b1a1d5497b38abb920d187ca4fcb8eae0b3223d185a49,07/31/2025 03:05:00 PM,2,DRIVER,,2019725,,CHEVROLET,TRAX,IL,2025,UNKNOWN,SPORT UTILITY VEHICLE (SUV),PERSONAL,S,STRAIGHT AHEAD,,,1,,,,,,,,,Y,Y,Y,,,,,,Y,UNKNOWN,,,,,,,,,,,,,,,,,,,,,,,,,,,,,,,,,
2118732,ca705135957530d360444e922bc7daf3a4724e8e439ef03a9ce6f73ca6e7d68a963661e9e290a993142e882a8510e72367283972a057e01536f43629f9a65284,07/31/2025 03:05:00 PM,1,BICYCLE,,,,,,,,,,,,,,,,,,,,,,,,,,,,,,,,,,,,,,,,,,,,,,,,,,,,,,,,,,,,,,,,,,
2118733,ca705135957530d360444e922bc7daf3a4724e8e439ef03a9ce6f73ca6e7d68a963661e9e290a993142e882a8510e72367283972a057e01536f43629f9a65284,07/31/2025 03:05:00 PM,2,DRIVER,,2019785,,BUICK,ENCORE,IL,2019,UNKNOWN,PASSENGER,PERSONAL,E,STRAIGHT AHEAD,,,1,,,,,,,,,,,,,Y,N,,,,SIDE-LEFT,,,,,,,,,,,,,,,,,,,,,,,,,,,,,,,,,
2120150,09c62c6bf72c5ac2091075a6135b35bc824b9e4136df4e4b9e17c2c1f524d35f272bb9d794970bf27c7fdef1691feb140213b496103e5c540f454ca87b17e889,07/31/2025 03:00:00 PM,1,BICYCLE,,,,,,,,,,,,,,,,,,,,,,,,,,,,,,,,,,,,,,,,,,,,,,,,,,,,,,,,,,,,,,,,,,
2120151,09c62c6bf72c5ac2091075a6135b35bc824b9e4136df4e4b9e17c2c1f524d35f272bb9d794970bf27c7fdef1691feb140213b496103e5c540f454ca87b17e889,07/31/2025 03:00:00 PM,2,DRIVER,,2021137,,BUICK,OTHER (EXPLAIN IN NARRATIVE),IL,2019,UNKNOWN,PASSENGER,PERSONAL,N,TURNING LEFT,,,1,,,,,,,,,,,,Y,Y,Y,Y,,,SIDE-LEFT,,,,,,,,,,,,,,,,,,,,,,,,,,,,,,,,,
2118644,1e46e332824aa06f3c4679783c2726293fd8056fd03920431bfd8d19918f555a027099924f1b5ee3526f0576ea9a1688d3b3b1ff613d220ead883711792e1301,07/31/2025 03:00:00 PM,1,DRIVER,,2019678,,JEEP,WRANGLER,IL,2012,UNKNOWN,SPORT UTILITY VEHICLE (SUV),UNKNOWN/NA,S,STRAIGHT AHEAD,,,1,,,,,Y,,,,,,,,,,Y,Y,,FRONT,,,,,,,,,,,,,,,,,,,,,,,,,,,,,,,,,
2118645,1e46e332824aa06f3c4679783c2726293fd8056fd03920431bfd8d19918f555a027099924f1b5ee3526f0576ea9a1688d3b3b1ff613d220ead883711792e1301,07/31/2025 03:00:00 PM,2,DRIVER,,2019685,,TOYOTA,PRIUS,IL,2013,UNKNOWN,PASSENGER,UNKNOWN/NA,S,SLOW/STOP IN TRAFFIC,,,1,,,,,,,,,Y,Y,Y,,,,,,,REAR,,,,,,,,,,,,,,,,,,,,,,,,,,,,,,,,,
2118660,30769072bbe5be7f1ab3d0b3b8cbad3689d9ce35f1fcc2be43c0e7bdf0843b5a0d289cf23e38d8f316a81c7cc96d11001028578e19c87693f15efe3cedd92d10,07/31/2025 03:00:00 PM,1,DRIVER,,2019697,,DODGE,DURANGO,IL,2020,UNKNOWN,SPORT UTILITY VEHICLE (SUV),PERSONAL,E,SLOW/STOP IN TRAFFIC,,,1,,,,,,,,,,,,,,,,Y,,FRONT,,,,,,,,,,,,,,,,,,,,,,,,,,,,,,,,,
2118661,30769072bbe5be7f1ab3d0b3b8cbad3689d9ce35f1fcc2be43c0e7bdf0843b5a0d289cf23e38d8f316a81c7cc96d11001028578e19c87693f15efe3cedd92d10,07/31/2025 03:00:00 PM,2,DRIVER,,2019701,,MERCEDES-BENZ,GLB,IL,2021,UNKNOWN,SPORT UTILITY VEHICLE (SUV),PERSONAL,E,SLOW/STOP IN TRAFFIC,,,1,,,,,,,,,,Y,,,,,,,,REAR,,,,,,,,,,,,,,,,,,,,,,,,,,,,,,,,,
2118734,38f90f50bdb2dc49702424d0c40d023958819a769972c5a4f78382c2a5c7f3cbcb2f90fc99b6e56b2372c395d3e00feb01b8f224a96e8a0800da159e632f5a1d,07/31/2025 03:00:00 PM,1,DRIVER,,2019762,,UNKNOWN,OTHER (EXPLAIN IN NARRATIVE),XX,,UNKNOWN,MOPED OR MOTORIZED BICYCLE,PERSONAL,UNKNOWN,UNKNOWN/NA,,,1,,,,,,,,,,,,,,,,,,UNKNOWN,,,,,,,,,,,,,,,,,,,,,,,,,,,,,,,,,
2118735,38f90f50bdb2dc49702424d0c40d023958819a769972c5a4f78382c2a5c7f3cbcb2f90fc99b6e56b2372c395d3e00feb01b8f224a96e8a0800da159e632f5a1d,07/31/2025 03:00:00 PM,2,DRIVER,,2019767,,HYUNDAI,TUCSON,IL,2023,UNKNOWN,PASSENGER,PERSONAL,UNKNOWN,UNKNOWN/NA,,,1,,,,,,,,,Y,Y,Y,Y,Y,,,,,SIDE-LEFT-REAR,,,,,,,,,,,,,,,,,,,,,,,,,,,,,,,,,
2119510,45568f26abbd676acdff6a0f2e489611df2dd29f6826862652b1ddce1e2c23e01da4d6cb81ae96cc5c79a3553bb5fef94b62c5f2e7619a29b23d8a14762728f2,07/31/2025 03:00:00 PM,1,DRIVER,,2020527,,CHEVROLET,OTHER (EXPLAIN IN NARRATIVE),IL,2013,NONE,PASSENGER,PERSONAL,E,STRAIGHT AHEAD,,,1,,,,,Y,Y,Y,,,,,,,,,,,FRONT-RIGHT-CORNER,,,,,,,,,,,,,,,,,,,,,,,,,,,,,,,,,
2119511,45568f26abbd676acdff6a0f2e489611df2dd29f6826862652b1ddce1e2c23e01da4d6cb81ae96cc5c79a3553bb5fef94b62c5f2e7619a29b23d8a14762728f2,07/31/2025 03:00:00 PM,2,PARKED,,2020518,,FORD,F150,IL,2019,NONE,TRUCK - SINGLE UNIT,NOT IN USE,E,PARKED,,,0,,,,,,,,,,Y,Y,,,,,,,REAR-LEFT-CORNER,,,,,,,,,,,,,,,,,,,,,,,,,,,,,,,,,
2118662,8050f8402dea4056dd8d4a28be950767da7f75b1a4495539b9cc9e474839250f58a7dd8f59e5c3c6c9ab7978e8282a151783e0773ee81f3802a877a4e7825318,07/31/2025 03:00:00 PM,1,DRIVER,,2019695,,HYUNDAI,ACCENT,IL,2015,UNKNOWN,PASSENGER,UNKNOWN/NA,UNKNOWN,BACKING,,,1,,,,,,,,,,N,N,,,,,,Y,UNKNOWN,,,,,,,,,,,,,,,,,,,,,,,,,,,,,,,,,
2118663,8050f8402dea4056dd8d4a28be950767da7f75b1a4495539b9cc9e474839250f58a7dd8f59e5c3c6c9ab7978e8282a151783e0773ee81f3802a877a4e7825318,07/31/2025 03:00:00 PM,2,PARKED,3,2019715,,FORD,OTHER (EXPLAIN IN NARRATIVE),IL,2020,NONE,BUS UP TO 15 PASS.,OTHER,UNKNOWN,PARKED,,,3,,,,,,,,,,Y,Y,,,,,,Y,REAR-LEFT-CORNER,,,,,,,,,,,,,,,,,,,,,,,,,,,,,,,,,
2118707,98db07d6b184178934c0873f9d15fd5fbb84ef4a48d3289d3e09ab03aca524f7285a067dfcae966ec176b3926f3215b5a70db709cfda1207f93ba10d7c9d1143,07/31/2025 03:00:00 PM,1,DRIVER,,2019744,,HONDA,CIVIC,NC,2018,NONE,PASSENGER,PERSONAL,UNKNOWN,STRAIGHT AHEAD,,,1,,,,,,,,,,,,,Y,Y,Y,,,SIDE-LEFT,,,,,,,,,,,,,,,,,,,,,,,,,,,,,,,,,