CRASH_UNIT_ID,CRASH_RECORD_ID,CRASH_DATE,UNIT_NO,UNIT_TYPE,NUM_PASSENGERS,VEHICLE_ID,CMRC_VEH_I,MAKE,MODEL,LIC_PLATE_STATE,VEHICLE_YEAR,VEHICLE_DEFECT,VEHICLE_TYPE,VEHICLE_USE,TRAVEL_DIRECTION,MANEUVER,TOWED_I,FIRE_I,OCCUPANT_CNT,EXCEED_SPEED_LIMIT_I,TOWED_BY,TOWED_TO,AREA_00_I,AREA_01_I,AREA_02_I,AREA_03_I,AREA_04_I,AREA_05_I,AREA_06_I,AREA_07_I,AREA_08_I,AREA_09_I,AREA_10_I,AREA_11_I,AREA_12_I,AREA_99_I,FIRST_CONTACT_POINT,CMV_ID,USDOT_NO,CCMC_NO,ILCC_NO,COMMERCIAL_SRC,GVWR,CARRIER_NAME,CARRIER_STATE,CARRIER_CITY,HAZMAT_PLACARDS_I,HAZMAT_NAME,UN_NO,HAZMAT_PRESENT_I,HAZMAT_REPORT_I,HAZMAT_REPORT_NO,MCS_REPORT_I,MCS_REPORT_NO,HAZMAT_VIO_CAUSE_CRASH_I,MCS_VIO_CAUSE_CRASH_I,IDOT_PERMIT_NO,WIDE_LOAD_I,TRAILER1_WIDTH,TRAILER2_WIDTH,TRAILER1_LENGTH,TRAILER2_LENGTH,TOTAL_VEHICLE_LENGTH,AXLE_CNT,VEHICLE_CONFIG,CARGO_BODY_TYPE,LOAD_TYPE,HAZMAT_OUT_OF_SERVICE_I,MCS_OUT_OF_SERVICE_I,HAZMAT_CLASS
2118708,98db07d6b184178934c0873f9d15fd5fbb84ef4a48d3289d3e09ab03aca524f7285a067dfcae966ec176b3926f3215b5a70db709cfda1207f93ba10d7c9d1143,07/31/2025 03:00:00 PM,2,DRIVER,1,2019748,,TOYOTA,COROLLA,IL,2014,NONE,PICKUP,PERSONAL,UNKNOWN,STRAIGHT AHEAD,,,2,,,,,Y,Y,Y,Y,,,,,,,,,,SIDE-RIGHT,,,,,,,,,,,,,,,,,,,,,,,,,,,,,,,,,
2118910,ad42d8ceae3b15cb62ae7583adb38acb613f01dd72f608c0cebd7fdb45b0811869d3d25337b134fa41c08e2cd1d68346091fa1fb197230d2321af4bdbc9d96ce,07/31/2025 03:00:00 PM,1,DRIVER,,2019938,,HYUNDAI,ELANTRA,IL,2013,NONE,PASSENGER,PERSONAL,N,STRAIGHT AHEAD,,,1,,,,,,,,,,,,,,Y,Y,,,SIDE-LEFT,,,,,,,,,,,,,,,,,,,,,,,,,,,,,,,,,
2118911,ad42d8ceae3b15cb62ae7583adb38acb613f01dd72f608c0cebd7fdb45b0811869d3d25337b134fa41c08e2cd1d68346091fa1fb197230d2321af4bdbc9d96ce,07/31/2025 03:00:00 PM,2,DRIVER,1,2019941,,LEXUS,GX460,IL,2015,NONE,PASSENGER,PERSONAL,N,SLOW/STOP IN TRAFFIC,,,2,,,,,,,Y,Y,,,,,,,,,,SIDE-RIGHT,,,,,,,,,,,,,,,,,,,,,,,,,,,,,,,,,
2118724,c133487cfa18b37367d4bc867f1563f209fc2abddb830d3df67e84f0e61abe71a08fc8ae349a1e03a36cfc9ac9a828e204de978b6bb08c5f1d7d17d46a5ee683,07/31/2025 03:00:00 PM,1,DRIVER,,2019759,,NISSAN,ROGUE,IL,2023,UNKNOWN,SPORT UTILITY VEHICLE (SUV),PERSONAL,S,UNKNOWN/NA,,,1,,,,,,,,,,,,,,,Y,,Y,FRONT-LEFT-CORNER,,,,,,,,,,,,,,,,,,,,,,,,,,,,,,,,,
2118725,c133487cfa18b37367d4bc867f1563f209fc2abddb830d3df67e84f0e61abe71a08fc8ae349a1e03a36cfc9ac9a828e204de978b6bb08c5f1d7d17d46a5ee683,07/31/2025 03:00:00 PM,2,DRIVER,,2019770,,INFINITI,QX80,IL,2016,UNKNOWN,PASSENGER,PERSONAL,S,TURNING LEFT,,,1,,,,,,,,,Y,Y,,,,,,,Y,REAR-RIGHT-CORNER,,,,,,,,,,,,,,,,,,,,,,,,,,,,,,,,,
2118616,fa24600a92baedbffac2f6e6aadb7f3fd31a1a57f8004320849ef1fc0437425aacd4043a8cf17d2f4f7737261426984d3e824ef2202dcb6a011a9d2004f9d623,07/31/2025 03:00:00 PM,1,DRIVER,,2019656,,CHEVROLET,IMPALA,,,UNKNOWN,UNKNOWN/NA,UNKNOWN/NA,N,UNKNOWN/NA,,,1,,,,,,,,,,,,,,,,,Y,FRONT,,,,,,,,,,,,,,,,,,,,,,,,,,,,,,,,,
2118617,fa24600a92baedbffac2f6e6aadb7f3fd31a1a57f8004320849ef1fc0437425aacd4043a8cf17d2f4f7737261426984d3e824ef2202dcb6a011a9d2004f9d623,07/31/2025 03:00:00 PM,2,DRIVER,,2019666,,NISSAN,SENTRA,IL,2019,UNKNOWN,PASSENGER,PERSONAL,N,STRAIGHT AHEAD,,,1,,,,,Y,,,,Y,Y,Y,,,,Y,Y,,REAR,,,,,,,,,,,,,,,,,,,,,,,,,,,,,,,,,
2118618,fa24600a92baedbffac2f6e6aadb7f3fd31a1a57f8004320849ef1fc0437425aacd4043a8cf17d2f4f7737261426984d3e824ef2202dcb6a011a9d2004f9d623,07/31/2025 03:00:00 PM,3,DRIVER,1,2019671,,HONDA,CR-V,IL,2024,UNKNOWN,PASSENGER,PERSONAL,N,STRAIGHT AHEAD,,,2,,,,,,,,,Y,Y,Y,,,,,,,REAR,,,,,,,,,,,,,,,,,,,,,,,,,,,,,,,,,
2118642,e59c9eecae238e22441c899bbbb488c7ba3483b2819d44337dbfc86770d2e0e475d40d43a48add5afcc06112b86a8e698ebae375d614580f8e70c39c894461a0,07/31/2025 02:55:00 PM,1,DRIVER,1,2019677,,FORD,OTHER (EXPLAIN IN NARRATIVE),IL,,UNKNOWN,PASSENGER,UNKNOWN/NA,N,TURNING RIGHT,,,2,,,,,,,,,,,,,,,,Y,,FRONT,,,,,,,,,,,,,,,,,,,,,,,,,,,,,,,,,
2118643,e59c9eecae238e22441c899bbbb488c7ba3483b2819d44337dbfc86770d2e0e475d40d43a48add5afcc06112b86a8e698ebae375d614580f8e70c39c894461a0,07/31/2025 02:55:00 PM,2,BICYCLE,,,,,,,,,,,,,,,,,,,,,,,,,,,,,,,,,,,,,,,,,,,,,,,,,,,,,,,,,,,,,,,,,,
2118633,d9e6b12f69e54d13832890ebda961cd4c3279a5d734d150bf9a75df84f037edd5eb950f6a5baed144c0e8a219fddf08ff2a74cbf67290a28b8a68c9182813a9e,07/31/2025 02:54:00 PM,1,DRIVER,,2019663,,"(HOMEMADE MOTORCYCLE, MOPED.ETC.)","(HOMEMADE MOTORCYCLE, MOPED.ETC.)",,,UNKNOWN,UNKNOWN/NA,UNKNOWN/NA,E,STRAIGHT AHEAD,,,1,,,,,,,,,,,,,,,,,Y,UNKNOWN,,,,,,,,,,,,,,,,,,,,,,,,,,,,,,,,,
2118634,d9e6b12f69e54d13832890ebda961cd4c3279a5d734d150bf9a75df84f037edd5eb950f6a5baed144c0e8a219fddf08ff2a74cbf67290a28b8a68c9182813a9e,07/31/2025 02:54:00 PM,2,DRIVER,,2019669,,BUICK,ENCLAVE,IL,2018,UNKNOWN,PASSENGER,PERSONAL,E,STRAIGHT AHEAD,,,1,,,,,,,,,,,,,,Y,Y,,,FRONT-LEFT-CORNER,,,,,,,,,,,,,,,,,,,,,,,,,,,,,,,,,
2118619,cc3996117d42b643ae168ebc79035079f12e6d6c3d7c8c685a45445549efdf89c48823d8ec2d498f3e2b3fe187dbef1bd1a69a1f8e6ad8bc9f4d122681364264,07/31/2025 02:45:00 PM,1,DRIVER,,2019653,,UNKNOWN,OTHER (EXPLAIN IN NARRATIVE),,,UNKNOWN,PASSENGER,PERSONAL,E,STRAIGHT AHEAD,,,1,,,,,,,,,,,,,,,N,,Y,SIDE-LEFT,,,,,,,,,,,,,,,,,,,,,,,,,,,,,,,,,
2118620,cc3996117d42b643ae168ebc79035079f12e6d6c3d7c8c685a45445549efdf89c48823d8ec2d498f3e2b3fe187dbef1bd1a69a1f8e6ad8bc9f4d122681364264,07/31/2025 02:45:00 PM,2,DRIVER,,2019657,,NISSAN,VERSA,IL,2021,NONE,PASSENGER,PERSONAL,W,STRAIGHT AHEAD,,,1,,,,,,,,,,,Y,Y,Y,Y,Y,,,SIDE-LEFT,,,,,,,,,,,,,,,,,,,,,,,,,,,,,,,,,
2118614,017e3d2c6fbbe3f64347687ffdaf38f100ea3cf70c417b41df1ddcc855e334ee9f933fd0e71b3b71723daf0cfdd6392445a2930a4639a5770434faa9973da2b8,07/31/2025 02:41:00 PM,1,DRIVER,,2019660,,ACURA,ADX,IL,2016,NONE,SPORT UTILITY VEHICLE (SUV),RIDESHARE SERVICE,N,LEAVING TRAFFIC LANE TO PARK,,,1,,,,,Y,Y,Y,,,,,,,,,,,SIDE-RIGHT,,,,,,,,,,,,,,,,,,,,,,,,,,,,,,,,,
2118615,017e3d2c6fbbe3f64347687ffdaf38f100ea3cf70c417b41df1ddcc855e334ee9f933fd0e71b3b71723daf0cfdd6392445a2930a4639a5770434faa9973da2b8,07/31/2025 02:41:00 PM,2,DRIVER,1,2019675,,HONDA,CR-V,IL,2013,NONE,SPORT UTILITY VEHICLE (SUV),PERSONAL,N,STRAIGHT AHEAD,,,2,,,,,,,,,,,,,,N,Y,,,FRONT-LEFT-CORNER,,,,,,,,,,,,,,,,,,,,,,,,,,,,,,,,,
2118600,cc3eedb47af718a796fda930529ea3f6c47cb9c84b043483de9919bfc25d41571c656513e0c8e97014e75362938fc3d45d4568c966b0d833874c92078763c2d1,07/31/2025 02:40:00 PM,1,DRIVER,,2019630,,GENERAL MOTORS CORPORATION (GMC),TERRAIN,IL,2013,UNKNOWN,SPORT UTILITY VEHICLE (SUV),UNKNOWN/NA,W,OTHER,,,1,,,,,,,,,,,,,,,,,Y,SIDE-RIGHT-REAR,,,,,,,,,,,,,,,,,,,,,,,,,,,,,,,,,
2118601,cc3eedb47af718a796fda930529ea3f6c47cb9c84b043483de9919bfc25d41571c656513e0c8e97014e75362938fc3d45d4568c966b0d833874c92078763c2d1,07/31/2025 02:40:00 PM,2,DRIVER,,2019643,,JEEP,WRANGLER,IL,2016,NONE,SPORT UTILITY VEHICLE (SUV),UNKNOWN/NA,W,STRAIGHT AHEAD,,,1,,,,,,,,,,,,,,Y,Y,,,SIDE-LEFT-FRONT,,,,,,,,,,,,,,,,,,,,,,,,,,,,,,,,,
2118602,3a974473086f8c2ecb2acf4c99147a527b836c6306812f417830aac0f39c75f48b0f9947fc56c1ff91f99486144fe0231726f8a50ff13c84fec4655ebad4f1e6,07/31/2025 02:30:00 PM,1,DRIVER,1,2019641,,AUTOCAR,AUTOCAR,IL,2006,NONE,TRUCK - SINGLE UNIT,COMMERCIAL - SINGLE UNIT,E,STRAIGHT AHEAD,,,2,,,,,,,,,,,,Y,Y,Y,Y,,,SIDE-LEFT,,,,,,,,,,,,,,,,,,,,,,,,,,,,,,,,,
2118603,3a974473086f8c2ecb2acf4c99147a527b836c6306812f417830aac0f39c75f48b0f9947fc56c1ff91f99486144fe0231726f8a50ff13c84fec4655ebad4f1e6,07/31/2025 02:30:00 PM,2,DRIVER,,2019645,,GENERAL MOTORS CORPORATION (GMC),SIERRA,IL,2023,NONE,PICKUP,PERSONAL,W,STRAIGHT AHEAD,,,1,,,,,,,,,,,,,,,,,,REAR-LEFT-CORNER,,,,,,,,,,,,,,,,,,,,,,,,,,,,,,,,,
2118570,3f384d07a2178f7f4060fcdd3b04f4850a71ee1ac286e8fe8acc5f95696d407693a63a52d9d715a5a383f1a56e81ec661f0ff3504df3fe64c259a4222dbbb5a6,07/31/2025 02:30:00 PM,1,DRIVER,,2019605,,TOYOTA,SIENNA,IL,2007,UNKNOWN,PASSENGER,PERSONAL,E,STRAIGHT AHEAD,,,1,,,,,Y,,,,,,,,,,Y,Y,,FRONT,,,,,,,,,,,,,,,,,,,,,,,,,,,,,,,,,
2118571,3f384d07a2178f7f4060fcdd3b04f4850a71ee1ac286e8fe8acc5f95696d407693a63a52d9d715a5a383f1a56e81ec661f0ff3504df3fe64c259a4222dbbb5a6,07/31/2025 02:30:00 PM,2,DRIVER,,2019618,,AUDI,Q3,IL,2024,UNKNOWN,PASSENGER,PERSONAL,E,STRAIGHT AHEAD,,,1,,,,,,,,,Y,Y,Y,,,,,,,REAR,,,,,,,,,,,,,,,,,,,,,,,,,,,,,,,,,
2119322,4d8a5cbe1fe9ba2dee21a5f1836c82eb44db6b99b3aec04db777bb93b041711003ca50dfb6a77eb13fae2c56d5a020ca3338ea60aa326ca17619a83889ea7d29,07/31/2025 02:30:00 PM,1,DRIVER,,2020342,,HONDA,OTHER (EXPLAIN IN NARRATIVE),IL,2026,NONE,MOTORCYCLE (OVER 150CC),PERSONAL,N,STRAIGHT AHEAD,,,1,,,,,Y,,,,,,,,,,Y,Y,,FRONT,,,,,,,,,,,,,,,,,,,,,,,,,,,,,,,,,
2118612,576beadde9892cfa56cff84cca49c239cfb3c109d865580811fd553b43c3ab30833f869c9590f6c36a4514e3c09cecdd16c236cfd095757388efef02307f893f,07/31/2025 02:30:00 PM,1,DRIVER,,2019691,,NISSAN,KICKS,IL,2024,NONE,PASSENGER,PERSONAL,E,STRAIGHT AHEAD,,,1,,,,,,,,,,,,,,,,Y,,FRONT,,,,,,,,,,,,,,,,,,,,,,,,,,,,,,,,,
2118613,576beadde9892cfa56cff84cca49c239cfb3c109d865580811fd553b43c3ab30833f869c9590f6c36a4514e3c09cecdd16c236cfd095757388efef02307f893f,07/31/2025 02:30:00 PM,2,DRIVER,,2019700,,JEEP,CHEROKEE,IL,2018,NONE,PASSENGER,PERSONAL,E,STRAIGHT AHEAD,,,1,,,,,,,,,,Y,,,,,,,,REAR,,,,,,,,,,,,,,,,,,,,,,,,,,,,,,,,,
2118687,b7ed61cfae1aaef457413f6493a2933835a6079716a6dd2636c60956e302e4bfea0b70df056057f0ac6260fb6859976996fcb06f56d9a3656b3fc50c87633609,07/31/2025 02:26:00 PM,1,DRIVER,,2019724,,CHEVROLET,EQUINOX,IL,2024,OTHER,PASSENGER,PERSONAL,N,STRAIGHT AHEAD,,,1,,,,,Y,,,,,,,,,,,,,FRONT-RIGHT-CORNER,,,,,,,,,,,,,,,,,,,,,,,,,,,,,,,,,
2118688,b7ed61cfae1aaef457413f6493a2933835a6079716a6dd2636c60956e302e4bfea0b70df056057f0ac6260fb6859976996fcb06f56d9a3656b3fc50c87633609,07/31/2025 02:26:00 PM,2,DRIVER,,2019728,,TOYOTA,COROLLA,IL,2014,NONE,PASSENGER,PERSONAL,N,STRAIGHT AHEAD,,,1,,,,,,,,,,,Y,,,,,,,REAR-LEFT-CORNER,,,,,,,,,,,,,,,,,,,,,,,,,,,,,,,,,
2118590,dcdd35e6eeb6e9316ee1fd6a9f556263ede65dbbc49ec221a2a4872b70e8b0f860452cbf12fa2cb0a684c4d7de82cd6d53c27295680ab9172c51662b6ca2a6c5,07/31/2025 02:20:00 PM,1,DRIVER,,2019631,,TOYOTA,COROLLA,IL,2013,UNKNOWN,PASSENGER,UNKNOWN/NA,W,STRAIGHT AHEAD,,,1,,,,,,,,,,,,,,,,Y,,FRONT,,,,,,,,,,,,,,,,,,,,,,,,,,,,,,,,,
2118591,dcdd35e6eeb6e9316ee1fd6a9f556263ede65dbbc49ec221a2a4872b70e8b0f860452cbf12fa2cb0a684c4d7de82cd6d53c27295680ab9172c51662b6ca2a6c5,07/31/2025 02:20:00 PM,2,DRIVER,,2019640,,FORD,SUPER DUTY,IL,2020,UNKNOWN,UNKNOWN/NA,UNKNOWN/NA,W,SLOW/STOP IN TRAFFIC,,,1,,,,,,,,,,,,,,,,,Y,UNKNOWN,,,,,,,,,,,,,,,,,,,,,,,,,,,,,,,,,
2118566,17386a7dd24ea64a3ec3c80cddbcd61efe07069f8b1d436d1b72e11dfb8c44a286763ebcd70945ba11474456d574ec8457dca0bf73441fb25509379a6d0a1678,07/31/2025 02:19:00 PM,1,DRIVER,,2019601,,FORD,EXP,IL,2024,UNKNOWN,SPORT UTILITY VEHICLE (SUV),RIDESHARE SERVICE,E,CHANGING LANES,,,1,,,,,,,,,,,,,,Y,Y,,,SIDE-LEFT-FRONT,,,,,,,,,,,,,,,,,,,,,,,,,,,,,,,,,
2118567,17386a7dd24ea64a3ec3c80cddbcd61efe07069f8b1d436d1b72e11dfb8c44a286763ebcd70945ba11474456d574ec8457dca0bf73441fb25509379a6d0a1678,07/31/2025 02:19:00 PM,2,DRIVER,,2019614,,TOYOTA,CAMRY,IL,2009,NONE,PASSENGER,PERSONAL,E,STRAIGHT AHEAD,,,1,,,,,Y,Y,Y,,,,,,,,,,,SIDE-RIGHT-FRONT,,,,,,,,,,,,,,,,,,,,,,,,,,,,,,,,,
2118557,2e163da6d24b18659a02947500f83bdbead2775fd0da69388d7ecc2b355950d380336be5b68feae00111aa823aa9003b7f906d2d7dd61842142d6a3ed76550cd,07/31/2025 02:15:00 PM,1,DRIVER,,2019593,,HONDA,CIVIC,IL,2006,NONE,PASSENGER,NOT IN USE,W,STRAIGHT AHEAD,,,1,,,,,,,,,Y,,,,,,,,,REAR-RIGHT-CORNER,,,,,,,,,,,,,,,,,,,,,,,,,,,,,,,,,
2118558,2e163da6d24b18659a02947500f83bdbead2775fd0da69388d7ecc2b355950d380336be5b68feae00111aa823aa9003b7f906d2d7dd61842142d6a3ed76550cd,07/31/2025 02:15:00 PM,2,DRIVER,,2019597,,CHEVROLET,IMPALA,IL,2015,NONE,PASSENGER,PERSONAL,S,STRAIGHT AHEAD,,,1,,,,,Y,,,,,,,,,,,,,FRONT-RIGHT-CORNER,,,,,,,,,,,,,,,,,,,,,,,,,,,,,,,,,
2118574,6f8ea7574f98d51e1c7d87321fbfafe65a19fdce582d6923cf8e0ad0007352b36cb562052507d0d89324bfac3371a79a2543d5116e74acff216228f005e3e4b0,07/31/2025 02:05:00 PM,1,DRIVER,,2019621,,TOYOTA,PRIUS,IL,2024,NONE,PASSENGER,PERSONAL,S,STRAIGHT AHEAD,,,1,,,,,,,,,,,,,,,,Y,,FRONT,,,,,,,,,,,,,,,,,,,,,,,,,,,,,,,,,
2118575,6f8ea7574f98d51e1c7d87321fbfafe65a19fdce582d6923cf8e0ad0007352b36cb562052507d0d89324bfac3371a79a2543d5116e74acff216228f005e3e4b0,07/31/2025 02:05:00 PM,2,DRIVER,,2019627,,TOYOTA,RAV4,IL,2023,NONE,SPORT UTILITY VEHICLE (SUV),PERSONAL,E,STRAIGHT AHEAD,,,1,,,,,,,,,,,,Y,Y,Y,,,,SIDE-LEFT,,,,,,,,,,,,,,,,,,,,,,,,,,,,,,,,,
2118711,0a5e9cb60eea6e609c7ee2a45458d9601ed57b0c966dd385061143207a50f7b24e56c23834df63809544caefea7aba0f92700bd72ddb71684f1f84cd1ac23453,07/31/2025 02:00:00 PM,1,DRIVER,,2019750,,VOLKSWAGEN,PASSAT,IL,2013,NONE,PASSENGER,PERSONAL,W,TURNING RIGHT,,,1,,,,,,,,Y,Y,,,,,,,,,SIDE-RIGHT-REAR,,,,,,,,,,,,,,,,,,,,,,,,,,,,,,,,,
2118712,0a5e9cb60eea6e609c7ee2a45458d9601ed57b0c966dd385061143207a50f7b24e56c23834df63809544caefea7aba0f92700bd72ddb71684f1f84cd1ac23453,07/31/2025 02:00:00 PM,2,DRIVER,,2019760,,KIA,NIRO,IL,2018,UNKNOWN,SPORT UTILITY VEHICLE (SUV),PERSONAL,W,STRAIGHT AHEAD,Y,,1,,PRIVATE,,,,,,,,,,,,Y,Y,,,FRONT-LEFT-CORNER,,,,,,,,,,,,,,,,,,,,,,,,,,,,,,,,,
2119117,c7b961cfe7ccc772a04ac61b14cb0a13303919b825017bb4fb506a54826283b80a2d50a133f8602052c86ad5c515553ddc0ee01d0696394570963fa5d974a63c,07/31/2025 02:00:00 PM,1,DRIVER,,2020142,,GENERAL MOTORS CORPORATION (GMC),DENALI,IL,2018,UNKNOWN,PASSENGER,PERSONAL,UNKNOWN,BACKING,,,1,,,,,,,,,,,,,,,Y,,,FRONT-LEFT-CORNER,,,,,,,,,,,,,,,,,,,,,,,,,,,,,,,,,
2119118,c7b961cfe7ccc772a04ac61b14cb0a13303919b825017bb4fb506a54826283b80a2d50a133f8602052c86ad5c515553ddc0ee01d0696394570963fa5d974a63c,07/31/2025 02:00:00 PM,2,DRIVER,1,2020149,,HONDA,ODYSSEY,IL,2021,UNKNOWN,PASSENGER,PERSONAL,UNKNOWN,LEAVING TRAFFIC LANE TO PARK,,,2,,,,,,,Y,Y,,,,,,,,,,SIDE-RIGHT,,,,,,,,,,,,,,,,,,,,,,,,,,,,,,,,,
2119039,de5856791a1623b854943afdd073d3841b2138e43322d4d49a2ecdd52774ca848771d72ef89aa3fef251e49a418f85bb0856ef8bf90ac1899614832838c4def2,07/31/2025 01:51:00 PM,1,DRIVER,,2020068,,NISSAN,SENTRA,IL,2015,NONE,PASSENGER,UNKNOWN/NA,S,STRAIGHT AHEAD,Y,,1,,CITY,CITY POUND,,Y,,,,,,,,,,Y,Y,,FRONT,,,,,,,,,,,,,,,,,,,,,,,,,,,,,,,,,
2119040,de5856791a1623b854943afdd073d3841b2138e43322d4d49a2ecdd52774ca848771d72ef89aa3fef251e49a418f85bb0856ef8bf90ac1899614832838c4def2,07/31/2025 01:51:00 PM,2,DRIVER,,2020069,,GENERAL MOTORS CORPORATION (GMC),ACADIA,IL,2016,NONE,PASSENGER,PERSONAL,S,OTHER,,,1,,,,,,,,,N,Y,Y,Y,,,,,,REAR,,,,,,,,,,,,,,,,,,,,,,,,,,,,,,,,,
2118696,25e639eb01c9e9d24f524908ac7983b9b3b1bd83265070f6a329b3b9f35eff57607e5d76a32740956e16e69b7e6d96043c7086ff9fa77914e7c38f99cfd20df1,07/31/2025 01:47:00 PM,1,DRIVER,,2019729,,CHEVROLET,EQUINOX,IL,2015,NONE,SPORT UTILITY VEHICLE (SUV),PERSONAL,SW,MERGING,Y,,1,,private tow,,,Y,Y,,,,,,,,,Y,Y,,FRONT-RIGHT-CORNER,,,,,,,,,,,,,,,,,,,,,,,,,,,,,,,,,
2118697,25e639eb01c9e9d24f524908ac7983b9b3b1bd83265070f6a329b3b9f35eff57607e5d76a32740956e16e69b7e6d96043c7086ff9fa77914e7c38f99cfd20df1,07/31/2025 01:47:00 PM,2,DRIVER,,2019734,,CHEVROLET,MALIBU,IL,2019,NONE,PASSENGER,PERSONAL,S,STRAIGHT AHEAD,,,1,,,,,,,,,,,,Y,Y,Y,Y,,,SIDE-LEFT,,,,,,,,,,,,,,,,,,,,,,,,,,,,,,,,,
2118576,067013163bd15e26c8b77b876061f93df2f9a7e8faa36aaa38ed54153e17a79c2c1b330ac50c4dd471062bea597645692402314a697fc15a958dc523ff678959,07/31/2025 01:45:00 PM,1,DRIVER,1,2019617,,CHEVROLET,EQUINOX,IL,2018,UNKNOWN,SPORT UTILITY VEHICLE (SUV),PERSONAL,W,ENTERING TRAFFIC LANE FROM PARKING,,,2,,,,,,,,,,,,,Y,Y,Y,,,SIDE-LEFT,,,,,,,,,,,,,,,,,,,,,,,,,,,,,,,,,
2118577,067013163bd15e26c8b77b876061f93df2f9a7e8faa36aaa38ed54153e17a79c2c1b330ac50c4dd471062bea597645692402314a697fc15a958dc523ff678959,07/31/2025 01:45:00 PM,2,DRIVER,1,2019624,,MITSUBISHI,OUTLANDER,,2018,UNKNOWN,SPORT UTILITY VEHICLE (SUV),PERSONAL,W,STRAIGHT AHEAD,,,2,,,,,Y,Y,Y,Y,,,,,,,,,,SIDE-RIGHT,,,,,,,,,,,,,,,,,,,,,,,,,,,,,,,,,
2119055,3be0b1d262ff810100e491299414e26b7ec5e1d471d30b19545bdb7ca29ad58169f712bef0c614e177f6ef98906d8b275035e6ae0644071262a7cd8a802899db,07/31/2025 01:45:00 PM,1,DRIVER,,2020084,,TRUCK EQUIPMENT SERVICE COMPANY,TRUCK EQUIPMENT SERVICE CO.,IL,,NONE,TRUCK - SINGLE UNIT,OTHER,N,TURNING LEFT,,,1,,,,,,,,,,,,,,,,,,NONE,,,,,,,,,,,,,,,,,,,,,,,,,,,,,,,,,
2119056,3be0b1d262ff810100e491299414e26b7ec5e1d471d30b19545bdb7ca29ad58169f712bef0c614e177f6ef98906d8b275035e6ae0644071262a7cd8a802899db,07/31/2025 01:45:00 PM,2,PARKED,,2020089,,AUDI,OTHER (EXPLAIN IN NARRATIVE),IL,2018,NONE,TRUCK - SINGLE UNIT,PERSONAL,N,PARKED,,,0,,,,,,,,,,,,,,Y,Y,,,FRONT-LEFT-CORNER,,,,,,,,,,,,,,,,,,,,,,,,,,,,,,,,,
2122103,f88bf2b7113b99f4a6f15de7de8a53dc8bd63272b81c4e927cedf049a19de00b2aa4c3a47fa22430607c41ddd3b203b1deef7b7f4d8d9f95600e935fcbb1b859,07/31/2025 01:45:00 PM,1,DRIVER,,2023029,,HINO,HINO,IL,2023,UNKNOWN,TRACTOR W/O SEMI-TRAILER,COMMERCIAL - SINGLE UNIT,E,STRAIGHT AHEAD,,,1,,,,,,,,,,,,,,,,,,SIDE-LEFT-FRONT,,,,,,,,,,,,,,,,,,,,,,,,,,,,,,,,,
2122104,f88bf2b7113b99f4a6f15de7de8a53dc8bd63272b81c4e927cedf049a19de00b2aa4c3a47fa22430607c41ddd3b203b1deef7b7f4d8d9f95600e935fcbb1b859,07/31/2025 01:45:00 PM,2,PARKED,1,2023034,,FREIGHTLINER CORPORATION,FREIGHTLINER CORP.,IL,2010,UNKNOWN,TRACTOR W/ SEMI-TRAILER,COMMERCIAL - SINGLE UNIT,E,PARKED IN TRAFFIC LANE,,,1,,,,,,,,,,,,,,Y,,,,FRONT-LEFT-CORNER,,,,,,,,,,,,,,,,,,,,,,,,,,,,,,,,,
2118652,e975b813b313cd03384252d62cce8061a92e868cfdc7f4547b9534f712be2563728e4f833523b56ae4a4605a7349e25ebf24c0c3e1c3da663f50bd0aa3aff75e,07/31/2025 01:44:00 PM,1,DRIVER,,2019688,,INFINITI,Q50,IL,2014,UNKNOWN,PASSENGER,PERSONAL,N,TURNING LEFT,,,1,,,,,Y,Y,,,,,,,,,,Y,,FRONT-RIGHT-CORNER,,,,,,,,,,,,,,,,,,,,,,,,,,,,,,,,,
2118653,e975b813b313cd03384252d62cce8061a92e868cfdc7f4547b9534f712be2563728e4f833523b56ae4a4605a7349e25ebf24c0c3e1c3da663f50bd0aa3aff75e,07/31/2025 01:44:00 PM,2,DRIVER,,2019696,,LEXUS,NX,IL,2018,UNKNOWN,PASSENGER,PERSONAL,W,STRAIGHT AHEAD,Y,,1,,PRIVATE TOW,UNKNOWN,,,,,,,,Y,Y,Y,Y,,,,SIDE-LEFT,,,,,,,,,,,,,,,,,,,,,,,,,,,,,,,,,
2118580,612ffcbccee8859992017f696516762945bbdcbc3a4a2abe7e8273aba78786f2f7bdae0ad8004f4db896aa1994f73f039c45d8a3ce0b2a39fa798304b0b6d39f,07/31/2025 01:36:00 PM,1,DRIVER,1,2019623,,AUDI,A5,IL,2013,NONE,PASSENGER,PERSONAL,NW,TURNING LEFT,Y,,2,,PRIVATE,,,,,,,,,,,Y,Y,Y,Y,,FRONT-LEFT-CORNER,,,,,,,,,,,,,,,,,,,,,,,,,,,,,,,,,
2118581,612ffcbccee8859992017f696516762945bbdcbc3a4a2abe7e8273aba78786f2f7bdae0ad8004f4db896aa1994f73f039c45d8a3ce0b2a39fa798304b0b6d39f,07/31/2025 01:36:00 PM,2,DRIVER,1,2019628,N,FORD,TRANSIT,IL,2020,NONE,VAN/MINI-VAN,CONSTRUCTION/MAINTENANCE,E,SLOW/STOP IN TRAFFIC,,,2,,,,,,,,,,,,,Y,Y,Y,Y,,FRONT-LEFT-CORNER,,,,,,,,,,,,,,,,,,,,,,,,,,,,,,,,,