CRASH_UNIT_ID,CRASH_RECORD_ID,CRASH_DATE,UNIT_NO,UNIT_TYPE,NUM_PASSENGERS,VEHICLE_ID,CMRC_VEH_I,MAKE,MODEL,LIC_PLATE_STATE,VEHICLE_YEAR,VEHICLE_DEFECT,VEHICLE_TYPE,VEHICLE_USE,TRAVEL_DIRECTION,MANEUVER,TOWED_I,FIRE_I,OCCUPANT_CNT,EXCEED_SPEED_LIMIT_I,TOWED_BY,TOWED_TO,AREA_00_I,AREA_01_I,AREA_02_I,AREA_03_I,AREA_04_I,AREA_05_I,AREA_06_I,AREA_07_I,AREA_08_I,AREA_09_I,AREA_10_I,AREA_11_I,AREA_12_I,AREA_99_I,FIRST_CONTACT_POINT,CMV_ID,USDOT_NO,CCMC_NO,ILCC_NO,COMMERCIAL_SRC,GVWR,CARRIER_NAME,CARRIER_STATE,CARRIER_CITY,HAZMAT_PLACARDS_I,HAZMAT_NAME,UN_NO,HAZMAT_PRESENT_I,HAZMAT_REPORT_I,HAZMAT_REPORT_NO,MCS_REPORT_I,MCS_REPORT_NO,HAZMAT_VIO_CAUSE_CRASH_I,MCS_VIO_CAUSE_CRASH_I,IDOT_PERMIT_NO,WIDE_LOAD_I,TRAILER1_WIDTH,TRAILER2_WIDTH,TRAILER1_LENGTH,TRAILER2_LENGTH,TOTAL_VEHICLE_LENGTH,AXLE_CNT,VEHICLE_CONFIG,CARGO_BODY_TYPE,LOAD_TYPE,HAZMAT_OUT_OF_SERVICE_I,MCS_OUT_OF_SERVICE_I,HAZMAT_CLASS
2119292,edd5124923f661d404c3c6a08e14582cb07cf2131fc85c165705de6a349304a8c36c3dcbafaac768cd47cf7c4ae12e165eb11d16f187a08865ef18be8ff8375b,07/31/2025 01:31:00 PM,1,DRIVER,,2020314,,JEEP,GRAND CHEROKEE,IL,2012,UNKNOWN,SPORT UTILITY VEHICLE (SUV),PERSONAL,S,ENTERING TRAFFIC LANE FROM PARKING,,,1,,,,,,,,,,,,,,,,,Y,SIDE-RIGHT,,,,,,,,,,,,,,,,,,,,,,,,,,,,,,,,,
2119293,edd5124923f661d404c3c6a08e14582cb07cf2131fc85c165705de6a349304a8c36c3dcbafaac768cd47cf7c4ae12e165eb11d16f187a08865ef18be8ff8375b,07/31/2025 01:31:00 PM,2,PARKED,,2020318,,BMW,328I,IL,2011,UNKNOWN,PASSENGER,NOT IN USE,S,PARKED,,,0,,,,,,,,,,,,,,,Y,,,FRONT-LEFT-CORNER,,,,,,,,,,,,,,,,,,,,,,,,,,,,,,,,,
2118604,0278a9c8432cfe9914982a2aaf896e2b676530d74fcf25dc6220bb3534c96bbebebad4b5c7eaa65385b574423bbbef8352930f941ee6201c778aa01bacd4e2a5,07/31/2025 01:30:00 PM,1,DRIVER,,2019655,,UNKNOWN,OTHER (EXPLAIN IN NARRATIVE),,,UNKNOWN,PASSENGER,UNKNOWN/NA,S,STRAIGHT AHEAD,,,1,,,,,,,,,,,,,,,,,Y,FRONT,,,,,,,,,,,,,,,,,,,,,,,,,,,,,,,,,
2118605,0278a9c8432cfe9914982a2aaf896e2b676530d74fcf25dc6220bb3534c96bbebebad4b5c7eaa65385b574423bbbef8352930f941ee6201c778aa01bacd4e2a5,07/31/2025 01:30:00 PM,2,DRIVER,1,2019646,,TOYOTA,COROLLA,IL,2019,NONE,PASSENGER,PERSONAL,S,SLOW/STOP IN TRAFFIC,,,2,,,,,,,,,,Y,,,,,,,,REAR,,,,,,,,,,,,,,,,,,,,,,,,,,,,,,,,,
2118637,02cef1a4ed5f728db5fae1f3f22b48d5d99076f653980e36fca03fa603836e961d92378f720356dbea81597f9f2f67d08013332ca71408e09084d14c06d88fef,07/31/2025 01:30:00 PM,1,DRIVER,,2019673,,DODGE,RAM 1500 PU,IL,,UNKNOWN,PICKUP,PERSONAL,N,STRAIGHT AHEAD,,,1,,,,,,,,,,,,,,,,Y,,FRONT,,,,,,,,,,,,,,,,,,,,,,,,,,,,,,,,,
2118638,02cef1a4ed5f728db5fae1f3f22b48d5d99076f653980e36fca03fa603836e961d92378f720356dbea81597f9f2f67d08013332ca71408e09084d14c06d88fef,07/31/2025 01:30:00 PM,2,DRIVER,,2019679,,HONDA,CIVIC,IL,2000,UNKNOWN,PASSENGER,PERSONAL,N,SLOW/STOP IN TRAFFIC,Y,,1,,,,,,,,,,Y,,,,,,Y,,REAR,,,,,,,,,,,,,,,,,,,,,,,,,,,,,,,,,
2118639,02cef1a4ed5f728db5fae1f3f22b48d5d99076f653980e36fca03fa603836e961d92378f720356dbea81597f9f2f67d08013332ca71408e09084d14c06d88fef,07/31/2025 01:30:00 PM,3,DRIVER,1,2019687,,FORD,EXPLORER,IN,2013,UNKNOWN,SPORT UTILITY VEHICLE (SUV),PERSONAL,N,SLOW/STOP IN TRAFFIC,,,2,,,,,,,,,,Y,,,,,,,,REAR,,,,,,,,,,,,,,,,,,,,,,,,,,,,,,,,,
2118522,04a8855c287bff0bd98018ae39e1b392889bd6c8babd25e7ff15deb39a29c50c293a234de7fde5e2364afcd4338cecacc28760fa0d1e01e88c8858ba6dab3ded,07/31/2025 01:30:00 PM,1,DRIVER,,2019565,,UNKNOWN,OTHER (EXPLAIN IN NARRATIVE),IL,,UNKNOWN,UNKNOWN/NA,UNKNOWN/NA,UNKNOWN,UNKNOWN/NA,,,1,,,,,,,,,,,,,,,,,,UNKNOWN,,,,,,,,,,,,,,,,,,,,,,,,,,,,,,,,,
2118523,04a8855c287bff0bd98018ae39e1b392889bd6c8babd25e7ff15deb39a29c50c293a234de7fde5e2364afcd4338cecacc28760fa0d1e01e88c8858ba6dab3ded,07/31/2025 01:30:00 PM,2,PARKED,,2019570,,NISSAN,ALTIMA,AL,2025,NONE,PASSENGER,OTHER,W,PARKED,,,0,,,,,,,,,,,,,Y,Y,Y,,,SIDE-LEFT,,,,,,,,,,,,,,,,,,,,,,,,,,,,,,,,,
2121424,195e6868c6ab9a1c9f33d84a63954d62965554af92aeb005fa32130b773cef242b65646280c024101e618b1ea8a5ee89a814d4bb4c4f8700cb3ff4c512644dab,07/31/2025 01:30:00 PM,1,DRIVER,,2022364,,NISSAN,ALTIMA,IL,2012,UNKNOWN,PASSENGER,PERSONAL,UNKNOWN,STRAIGHT AHEAD,,,1,,,,,Y,,,,,,,,,,Y,Y,,FRONT,,,,,,,,,,,,,,,,,,,,,,,,,,,,,,,,,
2121425,195e6868c6ab9a1c9f33d84a63954d62965554af92aeb005fa32130b773cef242b65646280c024101e618b1ea8a5ee89a814d4bb4c4f8700cb3ff4c512644dab,07/31/2025 01:30:00 PM,2,DRIVER,,2022369,,MERCEDES-BENZ,OTHER (EXPLAIN IN NARRATIVE),IL,2017,UNKNOWN,VAN/MINI-VAN,COMMERCIAL - SINGLE UNIT,UNKNOWN,STRAIGHT AHEAD,,,1,,,,,,,,,Y,Y,Y,,,,,,,REAR,,,,,,,,,,,,,,,,,,,,,,,,,,,,,,,,,
2118586,2da798452533b0afe5ab3775279c6a0765043eff20e1a37d8f9f0afed872bf0d08ec6fcf32f0555281ebe830a14d7902aef7e3cc102d31b6e1118af0ad220525,07/31/2025 01:30:00 PM,1,DRIVER,,2019642,,KIA,OPTIMA / K5,IL,2008,NONE,PASSENGER,PERSONAL,UNKNOWN,ENTERING TRAFFIC LANE FROM PARKING,,,1,,,,,,,,,,,,,,,Y,,,FRONT-LEFT-CORNER,,,,,,,,,,,,,,,,,,,,,,,,,,,,,,,,,
2118587,2da798452533b0afe5ab3775279c6a0765043eff20e1a37d8f9f0afed872bf0d08ec6fcf32f0555281ebe830a14d7902aef7e3cc102d31b6e1118af0ad220525,07/31/2025 01:30:00 PM,2,DRIVER,,2019635,,HONDA,CR-V,IL,2024,NONE,SPORT UTILITY VEHICLE (SUV),PERSONAL,UNKNOWN,STRAIGHT AHEAD,,,1,,,,,Y,Y,Y,Y,Y,,,,,,,,,SIDE-RIGHT,,,,,,,,,,,,,,,,,,,,,,,,,,,,,,,,,
2118629,acfd696b95b69f28ab3fa385fc807f92820001ccd75ba85cfca028288582e93f0c44976db710e0cfc46c0e265662ab6b669c60e0f26c9ce4b35389414eff2835,07/31/2025 01:30:00 PM,1,DRIVER,,2019668,,TOYOTA,CELICA,IL,1995,UNKNOWN,PASSENGER,UNKNOWN/NA,S,BACKING,,,1,,,,,,,,,,,,,,,,,Y,UNKNOWN,,,,,,,,,,,,,,,,,,,,,,,,,,,,,,,,,
2118630,acfd696b95b69f28ab3fa385fc807f92820001ccd75ba85cfca028288582e93f0c44976db710e0cfc46c0e265662ab6b669c60e0f26c9ce4b35389414eff2835,07/31/2025 01:30:00 PM,2,DRIVER,,2019674,,FORD,TRANSIT,IL,2020,UNKNOWN,UNKNOWN/NA,UNKNOWN/NA,W,STRAIGHT AHEAD,,,1,,,,,Y,,,,,,,,,,,,,FRONT-RIGHT-CORNER,,,,,,,,,,,,,,,,,,,,,,,,,,,,,,,,,
2118594,c56695a4311a3bb3ce7e89a6269226d7ffcd3b0d1f6c02ad485fa5c5346608d85815b326d9b1aa4f6257905336a6b07794fe5a2cd59e3f269227e098d5c8afbc,07/31/2025 01:30:00 PM,1,DRIVER,,2019629,,VOLKSWAGEN,TIGUAN,IL,,OTHER,PASSENGER,PERSONAL,S,STRAIGHT AHEAD,,,1,,,,Y,,,,,,,,,,,,,,NONE,,,,,,,,,,,,,,,,,,,,,,,,,,,,,,,,,
2118595,c56695a4311a3bb3ce7e89a6269226d7ffcd3b0d1f6c02ad485fa5c5346608d85815b326d9b1aa4f6257905336a6b07794fe5a2cd59e3f269227e098d5c8afbc,07/31/2025 01:30:00 PM,2,DRIVER,,2019633,,FORD,OTHER (EXPLAIN IN NARRATIVE),IL,2016,NONE,PASSENGER,PERSONAL,W,STRAIGHT AHEAD,,,1,,,,,,,,,,,,,,,,Y,,FRONT,,,,,,,,,,,,,,,,,,,,,,,,,,,,,,,,,
2118823,7613b6261504568c5bdab6fb7894041debbf2f5ccbf78e3fbeac86b07836414cee4505a623622c0680f38cd52e3d16e7c96de4d77d375554ac2f2ebe6482a546,07/31/2025 01:21:00 PM,1,DRIVER,,2019849,,NISSAN,X-TERRA,IL,2007,UNKNOWN,UNKNOWN/NA,UNKNOWN/NA,UNKNOWN,UNKNOWN/NA,,,1,,,,,,,,,,,,,,,,,Y,UNKNOWN,,,,,,,,,,,,,,,,,,,,,,,,,,,,,,,,,
2118824,7613b6261504568c5bdab6fb7894041debbf2f5ccbf78e3fbeac86b07836414cee4505a623622c0680f38cd52e3d16e7c96de4d77d375554ac2f2ebe6482a546,07/31/2025 01:21:00 PM,2,PARKED,,2019855,,NISSAN,VERSA,IL,2015,NONE,PASSENGER,NOT IN USE,S,PARKED,,,0,,,,,,,,Y,Y,,,,,,,,,REAR-RIGHT-CORNER,,,,,,,,,,,,,,,,,,,,,,,,,,,,,,,,,
2118547,bd674e996135765e7041b9981ba5256ff97e2eae8a3ff06c4e44d509f8d41b10b86d475dc44d69b7c3eb606d4585f5999e48783db77bbef3af1dea7fb8153cdc,07/31/2025 01:19:00 PM,1,DRIVER,,2019584,,HONDA,ODYSSEY,IL,2007,NONE,UNKNOWN/NA,UNKNOWN/NA,W,STRAIGHT AHEAD,,,1,,,,,N,,,,,,,,,,,N,Y,UNKNOWN,,,,,,,,,,,,,,,,,,,,,,,,,,,,,,,,,
2118548,bd674e996135765e7041b9981ba5256ff97e2eae8a3ff06c4e44d509f8d41b10b86d475dc44d69b7c3eb606d4585f5999e48783db77bbef3af1dea7fb8153cdc,07/31/2025 01:19:00 PM,2,DRIVER,1,2019603,,CHEVROLET,MALIBU,IL,2012,NONE,PASSENGER,PERSONAL,N,SLOW/STOP IN TRAFFIC,,,2,,,,,,,,Y,Y,,,,,,,,,SIDE-LEFT-REAR,,,,,,,,,,,,,,,,,,,,,,,,,,,,,,,,,
2118551,118d9821045dfeb761a4dafdb83266b09dc2d5a642a29327e764da65f685861c2750a3b3d2bb717530462808449f19ca703aa9569beb6fb368bdf93c2bde888d,07/31/2025 01:15:00 PM,1,DRIVER,2,2019589,,CHEVROLET,OTHER (EXPLAIN IN NARRATIVE),IL,1993,UNKNOWN,PICKUP,PERSONAL,E,STRAIGHT AHEAD,,,3,,,,,,Y,Y,Y,,,,,,,,,,SIDE-RIGHT-REAR,,,,,,,,,,,,,,,,,,,,,,,,,,,,,,,,,
2118552,118d9821045dfeb761a4dafdb83266b09dc2d5a642a29327e764da65f685861c2750a3b3d2bb717530462808449f19ca703aa9569beb6fb368bdf93c2bde888d,07/31/2025 01:15:00 PM,2,DRIVER,,2019598,,NOVA BUS,OTHER (EXPLAIN IN NARRATIVE),IL,2016,NONE,BUS OVER 15 PASS.,CTA,E,SLOW/STOP IN TRAFFIC,,,1,,,,,,,,,,,,,,Y,,,,SIDE-LEFT-FRONT,,,,,,,,,,,,,,,,,,,,,,,,,,,,,,,,,
2118640,fa41bcc79f595fb0cfa4ea4a5e770ef527d6e2a5978c93d89a213fd919c9587d9abd6fc296baf445c00cf94367a5cdf4ec916a6fa3e11312c00aed59fcc74d41,07/31/2025 01:15:00 PM,1,DRIVER,,2019676,,GENERAL MOTORS CORPORATION (GMC),SAVANNAH,AZ,2021,NONE,SINGLE UNIT TRUCK WITH TRAILER,PERSONAL,S,LEAVING TRAFFIC LANE TO PARK,,,1,,,,,,,,Y,Y,,,,,,,,,SIDE-RIGHT-REAR,,,,,,,,,,,,,,,,,,,,,,,,,,,,,,,,,
2118641,fa41bcc79f595fb0cfa4ea4a5e770ef527d6e2a5978c93d89a213fd919c9587d9abd6fc296baf445c00cf94367a5cdf4ec916a6fa3e11312c00aed59fcc74d41,07/31/2025 01:15:00 PM,2,PARKED,,2019683,,DODGE,CHARGER,IN,2012,NONE,PASSENGER,PERSONAL,S,PARKED,Y,,0,,PRIVATE TOW,,,Y,,,,,,,,,,Y,Y,,FRONT-LEFT-CORNER,,,,,,,,,,,,,,,,,,,,,,,,,,,,,,,,,
2118534,4ac00369118d9bdc09cdb5fc1227f965be317d1c350e94414d99c195dad7c585555b9f7386e69783c0b469446f28246d0134914b5625efa3b3671efaa8942bc3,07/31/2025 01:10:00 PM,2,DRIVER,,2019595,,CHRYSLER,OTHER (EXPLAIN IN NARRATIVE),IL,2012,UNKNOWN,PASSENGER,PERSONAL,S,STRAIGHT AHEAD,,,1,,,,,,,,,,,,,,,,,Y,UNKNOWN,,,,,,,,,,,,,,,,,,,,,,,,,,,,,,,,,
2118535,4ac00369118d9bdc09cdb5fc1227f965be317d1c350e94414d99c195dad7c585555b9f7386e69783c0b469446f28246d0134914b5625efa3b3671efaa8942bc3,07/31/2025 01:10:00 PM,1,DRIVER,,2019606,,HONDA,ACCORD,IL,2007,UNKNOWN,PASSENGER,PERSONAL,S,TURNING LEFT,,,1,,,,,,,,,Y,Y,Y,,,,,,,REAR,,,,,,,,,,,,,,,,,,,,,,,,,,,,,,,,,
2118646,7fc3bb7e4459da1795299301c2e70f3980d290a6261f6cf6b90b965a9a8c10acd18cb4f12ccd0172b6afce2299b29eb90a019a4c56302b91d69f9d2a9fa39d30,07/31/2025 01:10:00 PM,1,DRIVER,,2019684,,MAZDA,MAZDA6,IL,2013,UNKNOWN,PASSENGER,PERSONAL,W,STRAIGHT AHEAD,,,1,,,,,Y,Y,Y,,,,,,,,,,,FRONT-RIGHT-CORNER,,,,,,,,,,,,,,,,,,,,,,,,,,,,,,,,,
2118647,7fc3bb7e4459da1795299301c2e70f3980d290a6261f6cf6b90b965a9a8c10acd18cb4f12ccd0172b6afce2299b29eb90a019a4c56302b91d69f9d2a9fa39d30,07/31/2025 01:10:00 PM,2,PARKED,1,2019689,,BUICK,LACROSSE,IL,2019,NONE,PASSENGER,PERSONAL,W,PARKED,,,1,,,,,,,,,,,Y,Y,Y,Y,Y,,,SIDE-LEFT,,,,,,,,,,,,,,,,,,,,,,,,,,,,,,,,,
2122931,5456bf9c4328fe977b097078557af1affdded4c578ca2ab3a1198523b23675395c202e3d8086dcd1a05157f2bf41a830fa6212591dda2901a7d366205d02789a,07/31/2025 01:08:00 PM,1,DRIVER,,2023799,,KIA,SPORTAGE,IL,2023,UNKNOWN,PASSENGER,UNKNOWN/NA,E,STRAIGHT AHEAD,,,1,,,,,,,,,,,,,,,Y,,,FRONT-LEFT-CORNER,,,,,,,,,,,,,,,,,,,,,,,,,,,,,,,,,
2122932,5456bf9c4328fe977b097078557af1affdded4c578ca2ab3a1198523b23675395c202e3d8086dcd1a05157f2bf41a830fa6212591dda2901a7d366205d02789a,07/31/2025 01:08:00 PM,2,DRIVER,,2023800,,DODGE,CHARGER,IL,2023,UNKNOWN,PASSENGER,PERSONAL,E,STRAIGHT AHEAD,,,1,,,,,,,,,,,Y,,,,,,,REAR-LEFT-CORNER,,,,,,,,,,,,,,,,,,,,,,,,,,,,,,,,,
2118503,3527a3a831356d363d44bfde60cb39a404aaee5b9a1aa2b8a6a172b99b07f42d2cfad8522a187322f03761c1d7582c49dc9d9a651b87984802d6806d9b5e7da8,07/31/2025 01:05:00 PM,1,DRIVER,,2019548,,TOYOTA,OTHER (EXPLAIN IN NARRATIVE),IL,2016,NONE,PASSENGER,PERSONAL,S,STRAIGHT AHEAD,,,1,,,,Y,,,,,,,,,,,N,,,NONE,,,,,,,,,,,,,,,,,,,,,,,,,,,,,,,,,
2118504,3527a3a831356d363d44bfde60cb39a404aaee5b9a1aa2b8a6a172b99b07f42d2cfad8522a187322f03761c1d7582c49dc9d9a651b87984802d6806d9b5e7da8,07/31/2025 01:05:00 PM,2,DRIVER,1,2019557,,MITSUBISHI,MIRAGE,IL,2024,NONE,PASSENGER,PERSONAL,S,TURNING LEFT,,,2,,,,,,Y,Y,Y,,,,,,,,,,SIDE-RIGHT,,,,,,,,,,,,,,,,,,,,,,,,,,,,,,,,,
2118561,e9247d665d1590b87746d6278f39dbcd576075b195c7f85af997eeff32c99dc277f1307b84ae3dd67d0341e17eb3e14d3e4a86096f34af4394d444065ec9ad44,07/31/2025 01:02:00 PM,1,DRIVER,,2019600,,BUICK,VERANO,IL,2012,UNKNOWN,PASSENGER,PERSONAL,W,SLOW/STOP IN TRAFFIC,,,1,,,,,,,,,,,,,Y,Y,Y,Y,,FRONT-LEFT-CORNER,,,,,,,,,,,,,,,,,,,,,,,,,,,,,,,,,
2118562,e9247d665d1590b87746d6278f39dbcd576075b195c7f85af997eeff32c99dc277f1307b84ae3dd67d0341e17eb3e14d3e4a86096f34af4394d444065ec9ad44,07/31/2025 01:02:00 PM,2,DRIVER,,2019609,,FORD,EXPLORER,IL,2018,NONE,SPORT UTILITY VEHICLE (SUV),POLICE,E,STRAIGHT AHEAD,,,1,,,,,,,,,,,,,,,Y,Y,,FRONT,,,,,,,,,,,,,,,,,,,,,,,,,,,,,,,,,
2118563,e9247d665d1590b87746d6278f39dbcd576075b195c7f85af997eeff32c99dc277f1307b84ae3dd67d0341e17eb3e14d3e4a86096f34af4394d444065ec9ad44,07/31/2025 01:02:00 PM,3,DRIVERLESS,,2019619,,NISSAN,MURANO,IL,2018,NONE,SPORT UTILITY VEHICLE (SUV),PERSONAL,W,PARKED,,,0,,,,,,,,,,Y,,,,,,,,REAR,,,,,,,,,,,,,,,,,,,,,,,,,,,,,,,,,
2118592,3806ab723ad94e8e74b0da53275089a89a2bb44896b60d24d297e8304de732e89f4f85d83eabc5d491bac38a1b138028015af29b3efb736fa2b88c6404f11a6c,07/31/2025 01:00:00 PM,1,DRIVER,,2019644,,FORD,ESCAPE,IL,2023,NONE,SPORT UTILITY VEHICLE (SUV),PERSONAL,W,STRAIGHT AHEAD,,,1,,,,,,,,,,,,,,,,Y,,FRONT,,,,,,,,,,,,,,,,,,,,,,,,,,,,,,,,,
2118593,3806ab723ad94e8e74b0da53275089a89a2bb44896b60d24d297e8304de732e89f4f85d83eabc5d491bac38a1b138028015af29b3efb736fa2b88c6404f11a6c,07/31/2025 01:00:00 PM,2,DRIVER,,2019654,,SUBARU,FORESTER,IL,2020,NONE,PASSENGER,PERSONAL,W,STRAIGHT AHEAD,,,1,,,,,,,,,,Y,,,,,,,,REAR,,,,,,,,,,,,,,,,,,,,,,,,,,,,,,,,,
2118940,9348f53abb394847a6d0a788b7e827a8e73baecdc827352964607f8a6e0595be208a923eef2ab3fe47948f8a34f60435011ce734a97ac5630ce9d3f09fdb53e3,07/31/2025 01:00:00 PM,1,DRIVER,,2019968,,NISSAN,SENTRA,,2024,NONE,PASSENGER,PERSONAL,N,U-TURN,,,1,,,,,Y,,,,,,,,,,,,,FRONT-RIGHT-CORNER,,,,,,,,,,,,,,,,,,,,,,,,,,,,,,,,,
2118941,9348f53abb394847a6d0a788b7e827a8e73baecdc827352964607f8a6e0595be208a923eef2ab3fe47948f8a34f60435011ce734a97ac5630ce9d3f09fdb53e3,07/31/2025 01:00:00 PM,2,DRIVER,,2019970,,BMW,OTHER (EXPLAIN IN NARRATIVE),IN,2024,NONE,PASSENGER,PERSONAL,S,STRAIGHT AHEAD,,,1,,,,,N,,,,,,,,,,Y,,,FRONT-LEFT-CORNER,,,,,,,,,,,,,,,,,,,,,,,,,,,,,,,,,
2124150,d512ff6132fa2a25d12bb471fc0ee8568603bc6efc7d5b1e2dbd010aacec805418fb71530c97286a9974845cd61aefb6bdb3888bfb5333ecf0b842828c764c1f,07/31/2025 01:00:00 PM,1,PARKED,,2024972,,UNKNOWN,OTHER (EXPLAIN IN NARRATIVE),IL,,UNKNOWN,TRUCK - SINGLE UNIT,UNKNOWN/NA,UNKNOWN,PARKED,,,0,,,,,,,,,,,,,,,,,Y,REAR,,,,,,,,,,,,,,,,,,,,,,,,,,,,,,,,,
2118508,98ce7da9262e2379f1269ee5639bdd0c8bd3ab956460adfd7e21e063090c2843274b5e90bce311c7cd9180853f9287f1ea23563f1382e98863db6abb411be7f0,07/31/2025 12:55:00 PM,1,DRIVER,,2019549,,CHEVROLET,CRUZE,IL,2014,UNKNOWN,PASSENGER,UNKNOWN/NA,W,BACKING,,,1,,,,,,,,,,,,,,,,,Y,REAR,,,,,,,,,,,,,,,,,,,,,,,,,,,,,,,,,
2118509,98ce7da9262e2379f1269ee5639bdd0c8bd3ab956460adfd7e21e063090c2843274b5e90bce311c7cd9180853f9287f1ea23563f1382e98863db6abb411be7f0,07/31/2025 12:55:00 PM,2,DRIVER,,2019558,,CHRYSLER,200,IL,2013,NONE,PASSENGER,PERSONAL,E,SLOW/STOP IN TRAFFIC,,,1,,,,,,,,,,,,,,,,Y,,FRONT,,,,,,,,,,,,,,,,,,,,,,,,,,,,,,,,,
2118528,e7b0ad4235721cbb3778fc8c715630a5cd2145485fbbda8414ab360f994ae6fbe7def7e7f89bac99ae53f84d4a88e323df672ce0f84472870ae461f7c6aa2119,07/31/2025 12:54:00 PM,1,DRIVER,,2019574,,UNKNOWN,MOTORIZED,IL,2021,NONE,MOPED OR MOTORIZED BICYCLE,PERSONAL,E,STRAIGHT AHEAD,,,1,,,,Y,,,Y,,,,,,,,,,,FRONT-RIGHT-CORNER,,,,,,,,,,,,,,,,,,,,,,,,,,,,,,,,,
2118529,e7b0ad4235721cbb3778fc8c715630a5cd2145485fbbda8414ab360f994ae6fbe7def7e7f89bac99ae53f84d4a88e323df672ce0f84472870ae461f7c6aa2119,07/31/2025 12:54:00 PM,2,PARKED,,2019578,,FORD,TRANSIT,WI,2016,NONE,VAN/MINI-VAN,UNKNOWN/NA,E,PARKED,,,0,,,,Y,,,,,,,,,Y,,,,,SIDE-LEFT,,,,,,,,,,,,,,,,,,,,,,,,,,,,,,,,,
2118530,e7b0ad4235721cbb3778fc8c715630a5cd2145485fbbda8414ab360f994ae6fbe7def7e7f89bac99ae53f84d4a88e323df672ce0f84472870ae461f7c6aa2119,07/31/2025 12:54:00 PM,3,DRIVER,,2019594,,VOLKSWAGEN,JETTA,NC,2025,NONE,PASSENGER,PERSONAL,E,STRAIGHT AHEAD,,,1,,,,Y,Y,,,,,,,,,,,,,FRONT-RIGHT-CORNER,,,,,,,,,,,,,,,,,,,,,,,,,,,,,,,,,
2118531,e7b0ad4235721cbb3778fc8c715630a5cd2145485fbbda8414ab360f994ae6fbe7def7e7f89bac99ae53f84d4a88e323df672ce0f84472870ae461f7c6aa2119,07/31/2025 12:54:00 PM,4,DRIVER,,2020059,,UNKNOWN,MOTORIZED,,,UNKNOWN,PASSENGER,UNKNOWN/NA,E,STRAIGHT AHEAD,,,1,,,,Y,,,,,,Y,,,,,,,,REAR,,,,,,,,,,,,,,,,,,,,,,,,,,,,,,,,,
2118494,f7b2f98896a8118f50fde096f44c008e2b7924ff3efe3e7f9af7e9beac536b06915b4accef7ae49ac30c790c57b16b8cb1669c17dd3f2b943197f77a232e4d37,07/31/2025 12:50:00 PM,1,DRIVER,,2019531,,CHRYSLER,OTHER (EXPLAIN IN NARRATIVE),IL,2007,NONE,SPORT UTILITY VEHICLE (SUV),PERSONAL,N,STRAIGHT AHEAD,,,1,,,,Y,,,,,,,,,,,,,,FRONT,,,,,,,,,,,,,,,,,,,,,,,,,,,,,,,,,
2118507,f7b2f98896a8118f50fde096f44c008e2b7924ff3efe3e7f9af7e9beac536b06915b4accef7ae49ac30c790c57b16b8cb1669c17dd3f2b943197f77a232e4d37,07/31/2025 12:50:00 PM,2,PEDESTRIAN,,,,,,,,,,,,,,,,,,,,,,,,,,,,,,,,,,,,,,,,,,,,,,,,,,,,,,,,,,,,,,,,,,
2118497,6dd9acdb2d09a59026ee7d1cd7832552223277a808419ca6afbffbb99c646795801a86be8a9aabe8049060e58f92b5fa95448fb7cf83e7366f60d22624b66356,07/31/2025 12:45:00 PM,1,DRIVER,,2019554,,CHEVROLET,TRAX,IL,2022,UNKNOWN,PASSENGER,OTHER,SE,TURNING RIGHT,,,1,,,,Y,,,,,,,,,,,,,,SIDE-LEFT-REAR,,,,,,,,,,,,,,,,,,,,,,,,,,,,,,,,,
2118498,6dd9acdb2d09a59026ee7d1cd7832552223277a808419ca6afbffbb99c646795801a86be8a9aabe8049060e58f92b5fa95448fb7cf83e7366f60d22624b66356,07/31/2025 12:45:00 PM,2,PEDESTRIAN,,,,,,,,,,,,,,,,,,,,,,,,,,,,,,,,,,,,,,,,,,,,,,,,,,,,,,,,,,,,,,,,,,
2118524,702ec2f14ef4b606196827e31b4fe2ea98002f55f11db407cb5e8dcabcda2295fd2efaadcf06277493a4d46cc7bd67f65412a309a5803b0206341aca364e26fc,07/31/2025 12:43:00 PM,1,DRIVER,,2019569,,CHEVROLET,TAHOE,IL,2005,NONE,PASSENGER,PERSONAL,SW,STRAIGHT AHEAD,,,1,,,,,,,,,,,,,,,,Y,,FRONT,,,,,,,,,,,,,,,,,,,,,,,,,,,,,,,,,
2118525,702ec2f14ef4b606196827e31b4fe2ea98002f55f11db407cb5e8dcabcda2295fd2efaadcf06277493a4d46cc7bd67f65412a309a5803b0206341aca364e26fc,07/31/2025 12:43:00 PM,2,DRIVER,1,2019576,,CHEVROLET,C/K 3500,IL,2001,NONE,PASSENGER,PERSONAL,E,STRAIGHT AHEAD,,,2,,,,,,Y,Y,Y,,,,,,,,,,SIDE-RIGHT,,,,,,,,,,,,,,,,,,,,,,,,,,,,,,,,,