CRASH_UNIT_ID,CRASH_RECORD_ID,CRASH_DATE,UNIT_NO,UNIT_TYPE,NUM_PASSENGERS,VEHICLE_ID,CMRC_VEH_I,MAKE,MODEL,LIC_PLATE_STATE,VEHICLE_YEAR,VEHICLE_DEFECT,VEHICLE_TYPE,VEHICLE_USE,TRAVEL_DIRECTION,MANEUVER,TOWED_I,FIRE_I,OCCUPANT_CNT,EXCEED_SPEED_LIMIT_I,TOWED_BY,TOWED_TO,AREA_00_I,AREA_01_I,AREA_02_I,AREA_03_I,AREA_04_I,AREA_05_I,AREA_06_I,AREA_07_I,AREA_08_I,AREA_09_I,AREA_10_I,AREA_11_I,AREA_12_I,AREA_99_I,FIRST_CONTACT_POINT,CMV_ID,USDOT_NO,CCMC_NO,ILCC_NO,COMMERCIAL_SRC,GVWR,CARRIER_NAME,CARRIER_STATE,CARRIER_CITY,HAZMAT_PLACARDS_I,HAZMAT_NAME,UN_NO,HAZMAT_PRESENT_I,HAZMAT_REPORT_I,HAZMAT_REPORT_NO,MCS_REPORT_I,MCS_REPORT_NO,HAZMAT_VIO_CAUSE_CRASH_I,MCS_VIO_CAUSE_CRASH_I,IDOT_PERMIT_NO,WIDE_LOAD_I,TRAILER1_WIDTH,TRAILER2_WIDTH,TRAILER1_LENGTH,TRAILER2_LENGTH,TOTAL_VEHICLE_LENGTH,AXLE_CNT,VEHICLE_CONFIG,CARGO_BODY_TYPE,LOAD_TYPE,HAZMAT_OUT_OF_SERVICE_I,MCS_OUT_OF_SERVICE_I,HAZMAT_CLASS
2118471,ea43dbdec0bf995836c2d9772f14c2a5f2349b1803871f649dec23ce4e8ce46f6ff43e9b83b0ccafa6178ddc4feaaabfc48d986e51ac46231f0a8f0a4b526948,07/31/2025 12:43:00 PM,1,DRIVER,,2019523,,HONDA,ODYSSEY,IL,2007,NONE,VAN/MINI-VAN,PERSONAL,S,STRAIGHT AHEAD,,,1,,,,,,,,,,,,,,,,Y,,FRONT,,,,,,,,,,,,,,,,,,,,,,,,,,,,,,,,,
2118472,ea43dbdec0bf995836c2d9772f14c2a5f2349b1803871f649dec23ce4e8ce46f6ff43e9b83b0ccafa6178ddc4feaaabfc48d986e51ac46231f0a8f0a4b526948,07/31/2025 12:43:00 PM,2,DRIVER,,2019514,,MERCEDES-BENZ,GLB,IL,2021,UNKNOWN,PASSENGER,PERSONAL,S,SLOW/STOP IN TRAFFIC,,,1,,,,,,,,,,Y,,,,,,,,REAR,,,,,,,,,,,,,,,,,,,,,,,,,,,,,,,,,
2118814,5f6461e4d57335ed293545dbe8a20ea5d441a3f7ceab8f6416192b5463a33c83b15b497375db4f7461849d19793b1dfa6f07804d25ed55a46833ac39bd9ad0e5,07/31/2025 12:40:00 PM,1,DRIVER,,2019848,,LAND ROVER,LAND ROVER (SPORT),IN,2011,UNKNOWN,SPORT UTILITY VEHICLE (SUV),UNKNOWN/NA,N,TURNING LEFT,,,1,,,,,Y,,,,,,,,,,,Y,,FRONT-RIGHT-CORNER,,,,,,,,,,,,,,,,,,,,,,,,,,,,,,,,,
2118815,5f6461e4d57335ed293545dbe8a20ea5d441a3f7ceab8f6416192b5463a33c83b15b497375db4f7461849d19793b1dfa6f07804d25ed55a46833ac39bd9ad0e5,07/31/2025 12:40:00 PM,2,DRIVER,,2019882,,LEXUS,IS250,IL,2015,UNKNOWN,PASSENGER,PERSONAL,N,STRAIGHT AHEAD,,,1,,,,,,,,,Y,Y,Y,,,,,,,REAR-LEFT-CORNER,,,,,,,,,,,,,,,,,,,,,,,,,,,,,,,,,
2119476,5d897779852dc981b4d94f620cce39fe086fb6940ee1ed9bbee5a87ae95b3affd1192452751018571d9bbbab1b26bc195209e87366501ba675a8b70e2cd1c52c,07/31/2025 12:35:00 PM,1,DRIVER,,2020478,,SUBARU,CROSSTREK,IL,2023,OTHER,PASSENGER,PERSONAL,E,ENTERING TRAFFIC LANE FROM PARKING,,,1,,,,,,,,,,,,,,Y,Y,,,FRONT-LEFT-CORNER,,,,,,,,,,,,,,,,,,,,,,,,,,,,,,,,,
2119477,5d897779852dc981b4d94f620cce39fe086fb6940ee1ed9bbee5a87ae95b3affd1192452751018571d9bbbab1b26bc195209e87366501ba675a8b70e2cd1c52c,07/31/2025 12:35:00 PM,2,DRIVER,,2020487,,HONDA,ODYSSEY,IL,2025,UNKNOWN,PASSENGER,PERSONAL,E,STRAIGHT AHEAD,,,1,,,,,,Y,Y,Y,Y,,,,,,,,,REAR-RIGHT-CORNER,,,,,,,,,,,,,,,,,,,,,,,,,,,,,,,,,
2118538,27d35cbb2686189713e482c182c39764b99d4281207e12541ea8529db0e74f36bb2448f54a4756a59c9aa28121bccd4c0f781aa82cff1880fcf47a2ade71c4e8,07/31/2025 12:30:00 PM,1,DRIVER,,2019581,,FORD,TRANSIT CONNECT,IL,2019,UNKNOWN,PASSENGER,PERSONAL,UNKNOWN,UNKNOWN/NA,,,1,,,,,Y,Y,Y,Y,Y,,,,,,,,,SIDE-RIGHT,,,,,,,,,,,,,,,,,,,,,,,,,,,,,,,,,
2118539,27d35cbb2686189713e482c182c39764b99d4281207e12541ea8529db0e74f36bb2448f54a4756a59c9aa28121bccd4c0f781aa82cff1880fcf47a2ade71c4e8,07/31/2025 12:30:00 PM,2,DRIVER,,2019591,,NISSAN,OTHER (EXPLAIN IN NARRATIVE),IL,2010,UNKNOWN,PASSENGER,PERSONAL,UNKNOWN,UNKNOWN/NA,,,1,,,,,,,,,,,,,,,,,,UNKNOWN,,,,,,,,,,,,,,,,,,,,,,,,,,,,,,,,,
2118499,5d9cf6b831f661755f915507ee014238773b5b27748930d2dc5f4df89451df565353b6e6f02d0b1a19b256579237e9c91f2c8188a1a77f04eae382654ecd96e8,07/31/2025 12:30:00 PM,1,DRIVER,,2019544,,UNKNOWN,OTHER (EXPLAIN IN NARRATIVE),IL,,UNKNOWN,SPORT UTILITY VEHICLE (SUV),UNKNOWN/NA,S,CHANGING LANES,,,1,,,,,,,,,,,,,,,,,Y,REAR-LEFT-CORNER,,,,,,,,,,,,,,,,,,,,,,,,,,,,,,,,,
2118500,5d9cf6b831f661755f915507ee014238773b5b27748930d2dc5f4df89451df565353b6e6f02d0b1a19b256579237e9c91f2c8188a1a77f04eae382654ecd96e8,07/31/2025 12:30:00 PM,2,DRIVER,,2019550,,HYUNDAI,ELANTRA,IL,2018,NONE,PASSENGER,PERSONAL,S,STRAIGHT AHEAD,,,1,,,,,Y,,,,,,,,,,,,,FRONT-RIGHT-CORNER,,,,,,,,,,,,,,,,,,,,,,,,,,,,,,,,,
2118492,64123eb468041fc249bd8e9b6ce7bbc53df1888b9ae95011357d5733645fbd89febfd878a24204c2b9bbdf697194ccc81f67e11ba1d80661e67a770da9f01b77,07/31/2025 12:30:00 PM,1,DRIVER,,2019534,,FORD,FUSION,IL,2017,NONE,PASSENGER,PERSONAL,W,STRAIGHT AHEAD,,,1,,,,,,,,,,,,,,,,Y,,FRONT,,,,,,,,,,,,,,,,,,,,,,,,,,,,,,,,,
2118493,64123eb468041fc249bd8e9b6ce7bbc53df1888b9ae95011357d5733645fbd89febfd878a24204c2b9bbdf697194ccc81f67e11ba1d80661e67a770da9f01b77,07/31/2025 12:30:00 PM,2,DRIVER,,2019543,,NISSAN,ROGUE,IL,2015,NONE,SPORT UTILITY VEHICLE (SUV),PERSONAL,W,SLOW/STOP IN TRAFFIC,,,1,,,,,,,,,,Y,,,,,,,,REAR,,,,,,,,,,,,,,,,,,,,,,,,,,,,,,,,,
2118889,8a8b73db229ea2252e22ca5becdeac01b0ac12fb51d97340beed84c85db8a2ded83f78d4a57d1f217c4d7d16dff64f482d2fa059bcdee698732654af26ee21fd,07/31/2025 12:30:00 PM,1,DRIVER,,2019916,,UNKNOWN,OTHER (EXPLAIN IN NARRATIVE),,,UNKNOWN,UNKNOWN/NA,UNKNOWN/NA,UNKNOWN,UNKNOWN/NA,,,1,,,,,,,,,,,,,,,,,Y,UNKNOWN,,,,,,,,,,,,,,,,,,,,,,,,,,,,,,,,,
2118890,8a8b73db229ea2252e22ca5becdeac01b0ac12fb51d97340beed84c85db8a2ded83f78d4a57d1f217c4d7d16dff64f482d2fa059bcdee698732654af26ee21fd,07/31/2025 12:30:00 PM,2,PARKED,,2019922,,CHEVROLET,TRAX,IL,2024,NONE,SPORT UTILITY VEHICLE (SUV),NOT IN USE,UNKNOWN,PARKED,,,0,,,,,,,,,,,Y,Y,Y,Y,Y,,,SIDE-LEFT,,,,,,,,,,,,,,,,,,,,,,,,,,,,,,,,,
2118677,8d355f0f4f31db6a6fb172e1a42f8959e9c6dbdc58d3330ce3f46b52a1cb88bdfd1ed05b57b3f50ae8f4bd70cef349324a8c9355f1fb703406c1d2d9fde5ddf7,07/31/2025 12:30:00 PM,1,DRIVER,,2019720,,TOYOTA,CAMRY,IL,2010,UNKNOWN,PASSENGER,PERSONAL,W,SLOW/STOP IN TRAFFIC,,,1,,,,,,,,,,N,,,,,,Y,,FRONT,,,,,,,,,,,,,,,,,,,,,,,,,,,,,,,,,
2118678,8d355f0f4f31db6a6fb172e1a42f8959e9c6dbdc58d3330ce3f46b52a1cb88bdfd1ed05b57b3f50ae8f4bd70cef349324a8c9355f1fb703406c1d2d9fde5ddf7,07/31/2025 12:30:00 PM,2,DRIVER,,2019726,,HONDA,CR-V,IL,2010,NONE,PASSENGER,PERSONAL,W,STRAIGHT AHEAD,,,1,,,,,,,,,,Y,,,,,,,,REAR,,,,,,,,,,,,,,,,,,,,,,,,,,,,,,,,,
2118683,991c12af74a0f792d08d62c8a914b9aa59d79f62f07fd84f9df52165e6ecdf55af15b7ce2a5b8b0edfd9c160e3b20528c9c6d3680a088778a52f73d9878728fe,07/31/2025 12:30:00 PM,1,DRIVER,,2019722,,UNKNOWN,OTHER (EXPLAIN IN NARRATIVE),,,UNKNOWN,UNKNOWN/NA,UNKNOWN/NA,UNKNOWN,UNKNOWN/NA,,,1,,,,,,,,,,,,,,,,,Y,UNKNOWN,,,,,,,,,,,,,,,,,,,,,,,,,,,,,,,,,
2118684,991c12af74a0f792d08d62c8a914b9aa59d79f62f07fd84f9df52165e6ecdf55af15b7ce2a5b8b0edfd9c160e3b20528c9c6d3680a088778a52f73d9878728fe,07/31/2025 12:30:00 PM,2,PARKED,,2019719,,CHEVROLET,IMPALA,IL,2021,UNKNOWN,PASSENGER,PERSONAL,S,PARKED,,,0,,,,,,,,,,,,Y,Y,Y,,,,SIDE-LEFT,,,,,,,,,,,,,,,,,,,,,,,,,,,,,,,,,
2120116,a196a2bfc0b6ea060d0a41d64ba29bf9aa156c1f9c095ddd6473bb071b032d346a0191eafa118030958d888405a67765777f8cf2ba5b7fe2b7c7223d5e9cb9f3,07/31/2025 12:30:00 PM,1,DRIVER,,2021117,,CHEVROLET,EQUINOX,MI,2014,UNKNOWN,SPORT UTILITY VEHICLE (SUV),PERSONAL,UNKNOWN,CHANGING LANES,,,1,,,,,,Y,Y,Y,,,,,,,,,,SIDE-RIGHT,,,,,,,,,,,,,,,,,,,,,,,,,,,,,,,,,
2120117,a196a2bfc0b6ea060d0a41d64ba29bf9aa156c1f9c095ddd6473bb071b032d346a0191eafa118030958d888405a67765777f8cf2ba5b7fe2b7c7223d5e9cb9f3,07/31/2025 12:30:00 PM,2,DRIVER,,2021132,,MERCEDES-BENZ,OTHER (EXPLAIN IN NARRATIVE),IL,2003,UNKNOWN,PASSENGER,PERSONAL,UNKNOWN,STRAIGHT AHEAD,,,1,,,,,,,,,,,,,,Y,Y,,,FRONT-LEFT-CORNER,,,,,,,,,,,,,,,,,,,,,,,,,,,,,,,,,
2118490,b259ad2161e4965c86c014c5adee06bdb6b5a7d86513744df46c62c681eee0dfb735a9e1dd099d2648237b9a59b421835ddbee0d7336b52a3fd15469825705df,07/31/2025 12:22:00 PM,2,DRIVER,,2019530,,LEXUS,300,IL,2020,NONE,PASSENGER,PERSONAL,N,STRAIGHT AHEAD,,,1,,,,,Y,Y,,,,,,,,,,Y,,FRONT-RIGHT-CORNER,,,,,,,,,,,,,,,,,,,,,,,,,,,,,,,,,
2118491,b259ad2161e4965c86c014c5adee06bdb6b5a7d86513744df46c62c681eee0dfb735a9e1dd099d2648237b9a59b421835ddbee0d7336b52a3fd15469825705df,07/31/2025 12:22:00 PM,1,DRIVER,1,2019533,,DODGE,CHARGER,IL,2021,NONE,PASSENGER,PERSONAL,N,PASSING/OVERTAKING,,,2,,,,,,,,,,,Y,Y,,,,,,SIDE-RIGHT-REAR,,,,,,,,,,,,,,,,,,,,,,,,,,,,,,,,,
2118484,35602ea6bc5c40da032f469851bf356d07699322b24b75fa2d9651bd3a931022b2afac5edac113abd406d9747a4c1a53ee39fee72805f456b0500a293c7b1eef,07/31/2025 12:19:00 PM,1,DRIVER,4,2019528,,FORD,EXPEDITION,OH,2017,NONE,PASSENGER,PERSONAL,S,STRAIGHT AHEAD,,,5,,,,,,,,,,,,,,,,Y,,FRONT,,,,,,,,,,,,,,,,,,,,,,,,,,,,,,,,,
2118485,35602ea6bc5c40da032f469851bf356d07699322b24b75fa2d9651bd3a931022b2afac5edac113abd406d9747a4c1a53ee39fee72805f456b0500a293c7b1eef,07/31/2025 12:19:00 PM,2,DRIVER,,2019538,,TOYOTA,CAMRY,IL,2010,NONE,PASSENGER,PERSONAL,S,STARTING IN TRAFFIC,,,1,,,,,,,,,,Y,,,,,,,,REAR,,,,,,,,,,,,,,,,,,,,,,,,,,,,,,,,,
2118467,1fa5618894e33b6147c64ae98b93b28319de55c1d0b1994653fa3392b4d28805df58d5ba8d37aefec6bb9d61de2fc5edf65b5fec361e1797e97cd79491540f74,07/31/2025 12:16:00 PM,1,DRIVER,,2019511,,FORD,TRANSIT,IL,2019,UNKNOWN,UNKNOWN/NA,UNKNOWN/NA,E,STRAIGHT AHEAD,,,1,,,,,Y,,,,,,,,,,,,,FRONT-RIGHT-CORNER,,,,,,,,,,,,,,,,,,,,,,,,,,,,,,,,,
2118468,1fa5618894e33b6147c64ae98b93b28319de55c1d0b1994653fa3392b4d28805df58d5ba8d37aefec6bb9d61de2fc5edf65b5fec361e1797e97cd79491540f74,07/31/2025 12:16:00 PM,2,PARKED,,2019515,,AUDI,Q8,IN,2024,NONE,PASSENGER,PERSONAL,E,PARKED,,,0,,,,,,,,,,,,Y,,,,,,SIDE-LEFT-REAR,,,,,,,,,,,,,,,,,,,,,,,,,,,,,,,,,
2118526,46295d605733cfdca2f85ef5c01c265f338adb6c794e676ce4eded1f46821a46ed2f3b38f436cefc9b36cdaf33ca2c884a5952732ab1a50e7e7791adabf7113a,07/31/2025 12:15:00 PM,1,DRIVER,,2019567,,SUBARU,FORESTER,IL,2018,NONE,SPORT UTILITY VEHICLE (SUV),PERSONAL,S,ENTERING TRAFFIC LANE FROM PARKING,,,1,,,,,,,,,,,,,,,Y,Y,,FRONT-LEFT-CORNER,,,,,,,,,,,,,,,,,,,,,,,,,,,,,,,,,
2118527,46295d605733cfdca2f85ef5c01c265f338adb6c794e676ce4eded1f46821a46ed2f3b38f436cefc9b36cdaf33ca2c884a5952732ab1a50e7e7791adabf7113a,07/31/2025 12:15:00 PM,2,DRIVER,,2019572,,FORD,FUSION,IL,2014,NONE,PASSENGER,PERSONAL,E,SLOW/STOP IN TRAFFIC,,,1,,,,,,,,,,,,,Y,Y,,,,SIDE-LEFT,,,,,,,,,,,,,,,,,,,,,,,,,,,,,,,,,
2118559,57557be2009870459591b9abd95e0b739dca300b928d9128846c5cedf174a86dbf44a4e5fd3d0d4f47ecc16ff1cce260daee4702ff8226d3aca302d7389121e2,07/31/2025 12:15:00 PM,1,DRIVER,1,2019596,,CHEVROLET,TRAX,IL,2015,NONE,PASSENGER,PERSONAL,N,STRAIGHT AHEAD,,,2,,,,,,,,,,,,,,,,Y,,FRONT,,,,,,,,,,,,,,,,,,,,,,,,,,,,,,,,,
2118560,57557be2009870459591b9abd95e0b739dca300b928d9128846c5cedf174a86dbf44a4e5fd3d0d4f47ecc16ff1cce260daee4702ff8226d3aca302d7389121e2,07/31/2025 12:15:00 PM,2,DRIVER,1,2019611,,DODGE,RAM 1500 PU,FL,2019,NONE,PICKUP,PERSONAL,N,STRAIGHT AHEAD,,,2,,,,,,,,,,Y,,,,,,,,REAR,,,,,,,,,,,,,,,,,,,,,,,,,,,,,,,,,
2118608,ad8bd444c50ad175579015c4f77050605ced5509ea4cb373d5deca7e7763de102504236867e57ef2f22a996367bd1076731a2398f4763f9820ba0e5f29393c9f,07/31/2025 12:15:00 PM,1,DRIVER,,2019647,,UNKNOWN,OTHER (EXPLAIN IN NARRATIVE),XX,,UNKNOWN,UNKNOWN/NA,PERSONAL,S,BACKING,,,1,,,,,,,,,,Y,Y,Y,N,N,,,,REAR-LEFT-CORNER,,,,,,,,,,,,,,,,,,,,,,,,,,,,,,,,,
2118609,ad8bd444c50ad175579015c4f77050605ced5509ea4cb373d5deca7e7763de102504236867e57ef2f22a996367bd1076731a2398f4763f9820ba0e5f29393c9f,07/31/2025 12:15:00 PM,2,PARKED,,2019650,,SUBARU,FORESTER,IL,2018,UNKNOWN,SPORT UTILITY VEHICLE (SUV),NOT IN USE,E,PARKED,,,0,,,,,,,,,,,,Y,Y,Y,,,,SIDE-LEFT,,,,,,,,,,,,,,,,,,,,,,,,,,,,,,,,,
2118486,e915d3fb76bacd2c6bedff407ff7e495bd950d07b22651018f24f2a15bbb813b8075249254b8b6ecbe9ef025cc446c15f05f7a10c08a5cc0d3d24fa3a48d75ed,07/31/2025 12:13:00 PM,1,DRIVER,,2019536,,TOYOTA,RAV4,IL,2007,UNKNOWN,PASSENGER,UNKNOWN/NA,E,STRAIGHT AHEAD,,,1,,,,,Y,Y,Y,Y,,,,,,,,,,SIDE-RIGHT,,,,,,,,,,,,,,,,,,,,,,,,,,,,,,,,,
2118487,e915d3fb76bacd2c6bedff407ff7e495bd950d07b22651018f24f2a15bbb813b8075249254b8b6ecbe9ef025cc446c15f05f7a10c08a5cc0d3d24fa3a48d75ed,07/31/2025 12:13:00 PM,2,PARKED,,2019529,,FORD,VAN,IL,2021,NONE,VAN/MINI-VAN,COMMERCIAL - MULTI-UNIT,E,PARKED,,,0,,,,,,,,,,,Y,Y,Y,Y,Y,,,SIDE-RIGHT,,,,,,,,,,,,,,,,,,,,,,,,,,,,,,,,,
2118461,90fc48cd3ed2456a9ee3f19cc3c97d712efc4c87096b7d022e4fa9141cb9a0269f2c85089215f03e188c8d45d4bebd1d54d9596d49b5705a863d4e8c4cb1ac0a,07/31/2025 12:12:00 PM,1,DRIVER,,2019510,,HONDA,ACCORD,IL,2014,NONE,PASSENGER,PERSONAL,N,MERGING,,,1,,,,,,,,,,,,,,N,N,,,UNKNOWN,,,,,,,,,,,,,,,,,,,,,,,,,,,,,,,,,
2118462,90fc48cd3ed2456a9ee3f19cc3c97d712efc4c87096b7d022e4fa9141cb9a0269f2c85089215f03e188c8d45d4bebd1d54d9596d49b5705a863d4e8c4cb1ac0a,07/31/2025 12:12:00 PM,2,DRIVER,,2019518,,MITSUBISHI,MIRAGE,IL,2019,NONE,PASSENGER,PERSONAL,N,STRAIGHT AHEAD,,,1,,,,,Y,Y,Y,,,,,,,,,,,SIDE-RIGHT,,,,,,,,,,,,,,,,,,,,,,,,,,,,,,,,,
2118564,7468205e5a1924b89100f80193a2be9e917397000dbe2bed17bbe2659958b695cd0114b9c7f115740372d4c728db0040762cd9f6e16cb8326bd100a1fa66597d,07/31/2025 12:10:00 PM,1,DRIVER,,2019599,,FORD,ESCAPE,,2014,UNKNOWN,SPORT UTILITY VEHICLE (SUV),UNKNOWN/NA,N,BACKING,,,1,,,,,,,,,,,,,,Y,Y,,,FRONT-LEFT-CORNER,,,,,,,,,,,,,,,,,,,,,,,,,,,,,,,,,
2118565,7468205e5a1924b89100f80193a2be9e917397000dbe2bed17bbe2659958b695cd0114b9c7f115740372d4c728db0040762cd9f6e16cb8326bd100a1fa66597d,07/31/2025 12:10:00 PM,2,PARKED,,2019604,,KIA,FORTE,IL,2013,UNKNOWN,SPORT UTILITY VEHICLE (SUV),NOT IN USE,N,PARKED,,,0,,,,,,,,Y,Y,,,,,,,,,REAR-RIGHT-CORNER,,,,,,,,,,,,,,,,,,,,,,,,,,,,,,,,,
2118452,2dcc376d05529633853066d480e3c1ca2dd97874cc67e97348a1d1cf17e6c33ab8308ad672f31b480ab1574993f1cba24947444b7cecafa7e0a91463697fdca2,07/31/2025 12:00:00 PM,1,DRIVER,,2019489,,HYUNDAI,PONY,IL,2025,OTHER,PASSENGER,PERSONAL,E,STRAIGHT AHEAD,,,1,,,,,,,,,,,,,,,,Y,,FRONT,,,,,,,,,,,,,,,,,,,,,,,,,,,,,,,,,
2118453,2dcc376d05529633853066d480e3c1ca2dd97874cc67e97348a1d1cf17e6c33ab8308ad672f31b480ab1574993f1cba24947444b7cecafa7e0a91463697fdca2,07/31/2025 12:00:00 PM,2,DRIVER,1,2019496,,KIA,FORTE,IL,2012,NONE,PASSENGER,PERSONAL,N,STRAIGHT AHEAD,,,2,,,,,,,,,,,,,Y,,,,,SIDE-LEFT,,,,,,,,,,,,,,,,,,,,,,,,,,,,,,,,,
2119448,5426568c5c4e5f9769020bf109247264be1e42cd94ca7e4418650aaa4f355fb543e641593ea10d5506e31bf7d39d5387633e05b0d6ad5f93300e00293532add2,07/31/2025 12:00:00 PM,1,DRIVER,,2020466,,UNKNOWN,OTHER (EXPLAIN IN NARRATIVE),,,UNKNOWN,UNKNOWN/NA,UNKNOWN/NA,UNKNOWN,UNKNOWN/NA,,,1,,,,,,,,,,,,,,,,,Y,UNKNOWN,,,,,,,,,,,,,,,,,,,,,,,,,,,,,,,,,
2119449,5426568c5c4e5f9769020bf109247264be1e42cd94ca7e4418650aaa4f355fb543e641593ea10d5506e31bf7d39d5387633e05b0d6ad5f93300e00293532add2,07/31/2025 12:00:00 PM,2,PARKED,,2020453,,VOLKSWAGEN,PASSAT,IL,2018,UNKNOWN,PASSENGER,PERSONAL,W,PARKED,,,0,,,,,,,,,,,Y,Y,,,,,,REAR-LEFT-CORNER,,,,,,,,,,,,,,,,,,,,,,,,,,,,,,,,,
2122041,0b83e645e989cc69d1da746495824cc2e1ebbf8270e0aae91a5aaa191e5dfa6a4e71ff47c505582f3ead809566d70a2c98841153eb06a3db76887b7ba769fa96,07/31/2025 11:50:00 AM,1,DRIVER,1,2022954,,LEXUS,RX350,IL,2023,NONE,SPORT UTILITY VEHICLE (SUV),PERSONAL,E,TURNING RIGHT,Y,,2,,PRIVET,UNK,,,Y,Y,Y,,,,,,,,,,SIDE-RIGHT,,,,,,,,,,,,,,,,,,,,,,,,,,,,,,,,,
2122042,0b83e645e989cc69d1da746495824cc2e1ebbf8270e0aae91a5aaa191e5dfa6a4e71ff47c505582f3ead809566d70a2c98841153eb06a3db76887b7ba769fa96,07/31/2025 11:50:00 AM,2,DRIVER,1,2022955,,FORD,FIVE HUNDRED,IL,2006,NONE,PASSENGER,PERSONAL,E,STRAIGHT AHEAD,Y,,2,,PRIVET,UNK,,,,,,,,,,,,,Y,,FRONT,,,,,,,,,,,,,,,,,,,,,,,,,,,,,,,,,
2118568,8141c9da54022b227befac3f3f59bba4fdf39989f6f86837d4d339899f1def2cee4bc596d21eca62ac255f486f2881298a99459792751b55ff0fc3aee52525ec,07/31/2025 11:50:00 AM,1,DRIVER,,2019602,,CHEVROLET,EXPRESS,IL,2023,UNKNOWN,VAN/MINI-VAN,CTA,S,STRAIGHT AHEAD,,,1,,,,,,,,,,,,,,,,,Y,FRONT,,,,,,,,,,,,,,,,,,,,,,,,,,,,,,,,,
2118569,8141c9da54022b227befac3f3f59bba4fdf39989f6f86837d4d339899f1def2cee4bc596d21eca62ac255f486f2881298a99459792751b55ff0fc3aee52525ec,07/31/2025 11:50:00 AM,2,DRIVER,,2019608,,ALFA ROMEO,GIULIA (SERIES),IL,2020,UNKNOWN,PASSENGER,PERSONAL,S,STRAIGHT AHEAD,,,1,,,,,,,,,,,,,,,,,Y,REAR,,,,,,,,,,,,,,,,,,,,,,,,,,,,,,,,,
2118433,4637bf282a15953e9b6186c4b7ae948f4a11f69771378936ee6f004a9fa2ac6746cfd3808a49e2eb8d6fc2234b05f0439386f66e6f216b950be8b10d7ce4212f,07/31/2025 11:45:00 AM,2,DRIVER,,2019469,,TOYOTA,COROLLA,IL,2006,NONE,VAN/MINI-VAN,PERSONAL,W,STRAIGHT AHEAD,,,1,,,,,,,,,,Y,,,,,,Y,,FRONT,,,,,,,,,,,,,,,,,,,,,,,,,,,,,,,,,
2118434,4637bf282a15953e9b6186c4b7ae948f4a11f69771378936ee6f004a9fa2ac6746cfd3808a49e2eb8d6fc2234b05f0439386f66e6f216b950be8b10d7ce4212f,07/31/2025 11:45:00 AM,3,DRIVER,,2019475,,TOYOTA,COROLLA,WY,2014,NONE,PASSENGER,PERSONAL,W,SLOW/STOP IN TRAFFIC,,,1,,,,,,,,,,Y,,,,,,,,REAR,,,,,,,,,,,,,,,,,,,,,,,,,,,,,,,,,
2118435,4637bf282a15953e9b6186c4b7ae948f4a11f69771378936ee6f004a9fa2ac6746cfd3808a49e2eb8d6fc2234b05f0439386f66e6f216b950be8b10d7ce4212f,07/31/2025 11:45:00 AM,1,DRIVER,,2019480,,DODGE,DURANGO,MI,2023,NONE,PASSENGER,PERSONAL,W,STRAIGHT AHEAD,,,1,,,,,,,,,,,,,,,,Y,,FRONT,,,,,,,,,,,,,,,,,,,,,,,,,,,,,,,,,
2118420,f541a662032e1468c8fdc3c94f4206e4019355e09794292e106f09fab92735a12129d47797f7ac2dae8bc2a1d29ac2edf6ffc3630b84ab619ba67058b68625bd,07/31/2025 11:45:00 AM,1,DRIVER,,2019474,,BLUEBIRD INTERNATIONAL,BLUEBIRD INTERNATIONAL,,2019,NONE,TRUCK - SINGLE UNIT,AGRICULTURE,N,SLOW/STOP IN TRAFFIC,,,1,,,,,,,,,,,,,,,,Y,,FRONT,,,,,,,,,,,,,,,,,,,,,,,,,,,,,,,,,
2118421,f541a662032e1468c8fdc3c94f4206e4019355e09794292e106f09fab92735a12129d47797f7ac2dae8bc2a1d29ac2edf6ffc3630b84ab619ba67058b68625bd,07/31/2025 11:45:00 AM,2,DRIVER,,2019482,,HONDA,CIVIC,IL,2020,NONE,PASSENGER,PERSONAL,N,SLOW/STOP IN TRAFFIC,,,1,,,,,,,,,,Y,,,,,,,,REAR,,,,,,,,,,,,,,,,,,,,,,,,,,,,,,,,,
2118582,d0343794de32a26488006ced44e2a9a3d476219dc38f17bb24945ab2966039d70e2744cf98bf2851fd74fd99c1053489985462c92f79995ad4270952693ac602,07/31/2025 11:40:00 AM,1,DRIVER,,2019613,,TOYOTA,PRIUS,,,UNKNOWN,PASSENGER,PERSONAL,UNKNOWN,STRAIGHT AHEAD,,,1,,,,,Y,,,,,,,,,,,Y,,FRONT-RIGHT-CORNER,,,,,,,,,,,,,,,,,,,,,,,,,,,,,,,,,
2118583,d0343794de32a26488006ced44e2a9a3d476219dc38f17bb24945ab2966039d70e2744cf98bf2851fd74fd99c1053489985462c92f79995ad4270952693ac602,07/31/2025 11:40:00 AM,2,DRIVER,,2019622,,MAZDA,MAZDA6,IN,2007,UNKNOWN,PASSENGER,PERSONAL,UNKNOWN,STRAIGHT AHEAD,,,1,,,,,,,,,,Y,Y,,,,,,,REAR-LEFT-CORNER,,,,,,,,,,,,,,,,,,,,,,,,,,,,,,,,,
2118465,fe2f0a3f16cf0c9e9c5835fc9b93124d65361f9b1474f8d7f5adb597def2b7d01795bbd34ef76d27fbb8ad288a04c6ba08ea4360a99588c90bd17bf79f9a5093,07/31/2025 11:40:00 AM,1,DRIVER,,2019512,,FORD,ECOSPORT,IL,2022,UNKNOWN,PASSENGER,PERSONAL,S,STRAIGHT AHEAD,Y,,1,,PRIVATE,,,Y,Y,,,,,,,,Y,Y,Y,,FRONT,,,,,,,,,,,,,,,,,,,,,,,,,,,,,,,,,