CRASH_UNIT_ID,CRASH_RECORD_ID,CRASH_DATE,UNIT_NO,UNIT_TYPE,NUM_PASSENGERS,VEHICLE_ID,CMRC_VEH_I,MAKE,MODEL,LIC_PLATE_STATE,VEHICLE_YEAR,VEHICLE_DEFECT,VEHICLE_TYPE,VEHICLE_USE,TRAVEL_DIRECTION,MANEUVER,TOWED_I,FIRE_I,OCCUPANT_CNT,EXCEED_SPEED_LIMIT_I,TOWED_BY,TOWED_TO,AREA_00_I,AREA_01_I,AREA_02_I,AREA_03_I,AREA_04_I,AREA_05_I,AREA_06_I,AREA_07_I,AREA_08_I,AREA_09_I,AREA_10_I,AREA_11_I,AREA_12_I,AREA_99_I,FIRST_CONTACT_POINT,CMV_ID,USDOT_NO,CCMC_NO,ILCC_NO,COMMERCIAL_SRC,GVWR,CARRIER_NAME,CARRIER_STATE,CARRIER_CITY,HAZMAT_PLACARDS_I,HAZMAT_NAME,UN_NO,HAZMAT_PRESENT_I,HAZMAT_REPORT_I,HAZMAT_REPORT_NO,MCS_REPORT_I,MCS_REPORT_NO,HAZMAT_VIO_CAUSE_CRASH_I,MCS_VIO_CAUSE_CRASH_I,IDOT_PERMIT_NO,WIDE_LOAD_I,TRAILER1_WIDTH,TRAILER2_WIDTH,TRAILER1_LENGTH,TRAILER2_LENGTH,TOTAL_VEHICLE_LENGTH,AXLE_CNT,VEHICLE_CONFIG,CARGO_BODY_TYPE,LOAD_TYPE,HAZMAT_OUT_OF_SERVICE_I,MCS_OUT_OF_SERVICE_I,HAZMAT_CLASS
2118466,fe2f0a3f16cf0c9e9c5835fc9b93124d65361f9b1474f8d7f5adb597def2b7d01795bbd34ef76d27fbb8ad288a04c6ba08ea4360a99588c90bd17bf79f9a5093,07/31/2025 11:40:00 AM,2,DRIVER,2,2019521,,FORD,MUSTANG,IL,2023,UNKNOWN,PASSENGER,PERSONAL,S,STRAIGHT AHEAD,,,3,,,,,,,,,Y,Y,Y,,,,,,,REAR,,,,,,,,,,,,,,,,,,,,,,,,,,,,,,,,,
2118477,b1ff8b2adc9fc89c6fc5e96ba5d8aa1b0a3ab6c77afccfcb61ef6e65951fd9902f417c38898d6f977de4d24f7ce806ba736ce1118154ef33a5f7ba9537d9f5bd,07/31/2025 11:39:00 AM,1,DRIVER,,2019520,,MERCEDES-BENZ,OTHER (EXPLAIN IN NARRATIVE),,,UNKNOWN,UNKNOWN/NA,PERSONAL,UNKNOWN,PASSING/OVERTAKING,,,1,,,,,Y,Y,,,,,,,,,,,,FRONT-RIGHT-CORNER,,,,,,,,,,,,,,,,,,,,,,,,,,,,,,,,,
2118478,b1ff8b2adc9fc89c6fc5e96ba5d8aa1b0a3ab6c77afccfcb61ef6e65951fd9902f417c38898d6f977de4d24f7ce806ba736ce1118154ef33a5f7ba9537d9f5bd,07/31/2025 11:39:00 AM,2,DRIVER,,2019526,,FORD,TRANSIT,IL,2020,UNKNOWN,TRUCK - SINGLE UNIT,COMMERCIAL - SINGLE UNIT,UNKNOWN,STRAIGHT AHEAD,,,1,,,,,,,,,,,,,Y,Y,,,,SIDE-LEFT,,,,,,,,,,,,,,,,,,,,,,,,,,,,,,,,,
2118446,f5a60bc9066a07db74cfdd1b2cf0c1d98e377760c9ad1a8fcdc698851d79ed0e30dcbdac752fc0fb27464582271b6ad9e90ff5e26f3e9586aa3dad56f208e9c7,07/31/2025 11:30:00 AM,1,DRIVER,,2019485,,TOYOTA,CAMRY,IL,2001,NONE,PASSENGER,PERSONAL,N,CHANGING LANES,,,1,,,,,Y,Y,,,,,,,,,,,,SIDE-RIGHT-FRONT,,,,,,,,,,,,,,,,,,,,,,,,,,,,,,,,,
2118447,f5a60bc9066a07db74cfdd1b2cf0c1d98e377760c9ad1a8fcdc698851d79ed0e30dcbdac752fc0fb27464582271b6ad9e90ff5e26f3e9586aa3dad56f208e9c7,07/31/2025 11:30:00 AM,2,DRIVER,,2019495,,TOYOTA,RAV4,IL,2022,NONE,PASSENGER,PERSONAL,N,STRAIGHT AHEAD,,,1,,,,,,,,,,,,,Y,Y,,,,SIDE-LEFT,,,,,,,,,,,,,,,,,,,,,,,,,,,,,,,,,
2118444,1f627b3f9c5512306a04fc0457c4518495d0236c79aff17ccb92067a42029db56817cc23d6bcc837ed0a86f57d343099f1bd32e87c1297f6fe03de26a4c378d4,07/31/2025 11:15:00 AM,1,DRIVER,,2019490,,FORD,EDGE,IL,2018,NONE,SPORT UTILITY VEHICLE (SUV),PERSONAL,S,TURNING RIGHT,,,1,,,,,,,,,Y,,,,,,,,,REAR-RIGHT-CORNER,,,,,,,,,,,,,,,,,,,,,,,,,,,,,,,,,
2118445,1f627b3f9c5512306a04fc0457c4518495d0236c79aff17ccb92067a42029db56817cc23d6bcc837ed0a86f57d343099f1bd32e87c1297f6fe03de26a4c378d4,07/31/2025 11:15:00 AM,2,PARKED,1,2019492,,FORD,FUSION,IL,2013,NONE,PASSENGER,PERSONAL,S,PARKED,,,1,,,,,,,,,,,,,,,Y,,,FRONT-LEFT-CORNER,,,,,,,,,,,,,,,,,,,,,,,,,,,,,,,,,
2118422,aa749b848df769b454e14c8e3c4c09e0a322d1c7e7df273bcaf50145a94122432aa90963c92564bf5645458b45ab8b20c5111030368b770acabb7da1cb988787,07/31/2025 11:15:00 AM,1,DRIVER,,2019465,,MAZDA,CX-9,WI,2018,UNKNOWN,SPORT UTILITY VEHICLE (SUV),PERSONAL,W,ENTERING TRAFFIC LANE FROM PARKING,,,1,,,,,,,,,,,,,Y,Y,Y,,,SIDE-LEFT,,,,,,,,,,,,,,,,,,,,,,,,,,,,,,,,,
2118423,aa749b848df769b454e14c8e3c4c09e0a322d1c7e7df273bcaf50145a94122432aa90963c92564bf5645458b45ab8b20c5111030368b770acabb7da1cb988787,07/31/2025 11:15:00 AM,2,DRIVER,,2019464,,CHEVROLET,TRAX,IL,2018,UNKNOWN,SPORT UTILITY VEHICLE (SUV),PERSONAL,W,SLOW/STOP IN TRAFFIC,,,1,,,,,Y,Y,,,,,,,,,,,,FRONT-RIGHT-CORNER,,,,,,,,,,,,,,,,,,,,,,,,,,,,,,,,,
2118438,28394ab4fc1d208f049c25f852298386bad6c6e3c649c3609e7153505a867c8eda92eb09784d5fc84744021d583734cf05d129c9805a1e180081a341959f8cb1,07/31/2025 11:04:00 AM,1,DRIVER,,2019481,,JEEP,GRAND CHEROKEE,IL,2001,UNKNOWN,PASSENGER,PERSONAL,S,STRAIGHT AHEAD,,,1,,,,,Y,,,,,,,,,,Y,Y,,FRONT,,,,,,,,,,,,,,,,,,,,,,,,,,,,,,,,,
2118439,28394ab4fc1d208f049c25f852298386bad6c6e3c649c3609e7153505a867c8eda92eb09784d5fc84744021d583734cf05d129c9805a1e180081a341959f8cb1,07/31/2025 11:04:00 AM,2,DRIVER,,2019494,,HONDA,ACCORD,IL,2025,NONE,PASSENGER,PERSONAL,S,SLOW/STOP IN TRAFFIC,,,1,,,,,,,,,Y,Y,Y,,,,,,,REAR,,,,,,,,,,,,,,,,,,,,,,,,,,,,,,,,,
2118440,cf5c977de8e62a527be3e43dc576fffca9291684747f8a38776fe43047c84de64f16651ba483aa213db0a35752f63269ed2674ccb29971553fb4fa2eccd9bfb3,07/31/2025 11:00:00 AM,1,DRIVER,,2019479,,FORD,XL,IL,2020,NONE,PICKUP,PERSONAL,S,STRAIGHT AHEAD,,,1,,,,,,,,,,,,,,,Y,Y,,FRONT-LEFT-CORNER,,,,,,,,,,,,,,,,,,,,,,,,,,,,,,,,,
2118441,cf5c977de8e62a527be3e43dc576fffca9291684747f8a38776fe43047c84de64f16651ba483aa213db0a35752f63269ed2674ccb29971553fb4fa2eccd9bfb3,07/31/2025 11:00:00 AM,2,DRIVER,,2019493,,FORD,FUSION,IL,2018,NONE,PASSENGER,PERSONAL,S,STRAIGHT AHEAD,,,1,,,,,,,,,Y,,,,,,,,,REAR-RIGHT-CORNER,,,,,,,,,,,,,,,,,,,,,,,,,,,,,,,,,
2126129,bfe6cf8a7be0c0fa0bb335b2a2875f72f4c777d4439c467a5040caa323bda67fac236a56f5ae574088866f436bac1c2dd45008ef61f8ee4cc89d6368a6e2778f,07/31/2025 10:57:00 AM,1,DRIVER,1,2026842,,CHEVROLET,COLORADO,IL,2025,UNKNOWN,PICKUP,UNKNOWN/NA,E,TURNING RIGHT,,,2,,,,,,,,,,,,,,,Y,,,FRONT-LEFT-CORNER,,,,,,,,,,,,,,,,,,,,,,,,,,,,,,,,,
2126130,bfe6cf8a7be0c0fa0bb335b2a2875f72f4c777d4439c467a5040caa323bda67fac236a56f5ae574088866f436bac1c2dd45008ef61f8ee4cc89d6368a6e2778f,07/31/2025 10:57:00 AM,2,DRIVER,,2026851,,BMW,528I,IL,2016,NONE,PASSENGER,PERSONAL,E,STRAIGHT AHEAD,,,1,,,,,,,,Y,Y,,,,,,,,,SIDE-RIGHT-REAR,,,,,,,,,,,,,,,,,,,,,,,,,,,,,,,,,
2118398,369b4e9193352839dfb3dac6fdb3b42be92976315fe34391f050144b7c776c1fbbc0578a9863fb6ad40460e3db4445096902baf3980cceac67fdd96ebb8e0343,07/31/2025 10:50:00 AM,1,DRIVER,4,2019441,,HYUNDAI,SANTA FE,IL,2024,NONE,SPORT UTILITY VEHICLE (SUV),PERSONAL,E,STRAIGHT AHEAD,Y,,5,,,,,Y,Y,Y,,,,,,,,,Y,,FRONT-RIGHT-CORNER,,,,,,,,,,,,,,,,,,,,,,,,,,,,,,,,,
2118399,369b4e9193352839dfb3dac6fdb3b42be92976315fe34391f050144b7c776c1fbbc0578a9863fb6ad40460e3db4445096902baf3980cceac67fdd96ebb8e0343,07/31/2025 10:50:00 AM,2,DRIVER,,2019451,,HONDA,CR-V,IL,2019,NONE,SPORT UTILITY VEHICLE (SUV),PERSONAL,SE,STRAIGHT AHEAD,,,1,,,,,,,,,,,,,,,,Y,,FRONT,,,,,,,,,,,,,,,,,,,,,,,,,,,,,,,,,
2118394,795b98faa0257de2c3b92fe3b1afaf88d9201f853dace2d1f29b79aa8a9187654038cc3cc4c02228b3df76d8469f896de2bd03407e0cd3d620ab7265ebcdadc5,07/31/2025 10:50:00 AM,1,DRIVER,,2019438,,HYUNDAI,ELANTRA,TN,2024,NONE,PASSENGER,PERSONAL,SW,STRAIGHT AHEAD,,,1,,,,,Y,,,,,,,,,,,,,FRONT-RIGHT-CORNER,,,,,,,,,,,,,,,,,,,,,,,,,,,,,,,,,
2118395,795b98faa0257de2c3b92fe3b1afaf88d9201f853dace2d1f29b79aa8a9187654038cc3cc4c02228b3df76d8469f896de2bd03407e0cd3d620ab7265ebcdadc5,07/31/2025 10:50:00 AM,2,DRIVER,,2019449,,FORD,F450,IL,2022,NONE,OTHER,TOW TRUCK,S,STRAIGHT AHEAD,,,1,,,,,,,,,,,,Y,,,,,,SIDE-LEFT,,,,,,,,,,,,,,,,,,,,,,,,,,,,,,,,,
2118454,2c339d956a7e149ce7bd33a61297d498e147610776e1145c8e6e8a09313a3cd70a9f7d90405818946c17db06b6de9253dfa3773800ff88a554eaf1bc868429ff,07/31/2025 10:44:00 AM,1,DRIVER,,2019491,,GENERAL MOTORS CORPORATION (GMC),ACADIA,IL,2008,NONE,SPORT UTILITY VEHICLE (SUV),PERSONAL,E,BACKING,,,1,,,,,,,,,,,,,,,,,Y,REAR,,,,,,,,,,,,,,,,,,,,,,,,,,,,,,,,,
2118455,2c339d956a7e149ce7bd33a61297d498e147610776e1145c8e6e8a09313a3cd70a9f7d90405818946c17db06b6de9253dfa3773800ff88a554eaf1bc868429ff,07/31/2025 10:44:00 AM,2,DRIVER,,2019500,,HONDA,CIVIC,IL,2025,NONE,PASSENGER,PERSONAL,W,BACKING,,,1,,,,,,,,,,Y,Y,,,,,,,REAR-LEFT-CORNER,,,,,,,,,,,,,,,,,,,,,,,,,,,,,,,,,
2118419,21ca772bc1769e99da9c10989ce470df7e4c939e9e8879ed4760f019693957bcd8421fc236ef64be6b59a77a29fc9a7945b46e1ae0cf4c639f41d56b048a32fb,07/31/2025 10:30:00 AM,1,DRIVER,,2019462,,INFINITI,Q50,IL,2014,OTHER,PASSENGER,PERSONAL,W,UNKNOWN/NA,,,1,,,,,Y,Y,Y,Y,,,,,,,Y,Y,,FRONT,,,,,,,,,,,,,,,,,,,,,,,,,,,,,,,,,
2118459,5b6d00f3cd499576d1acf58c3d451ef1faf0382d55c2c78a88143bfffb1674ae0e81b0f5cd63b8b45cec5e6d47e890c875fd14d20bf13d87e055588eb4fd9068,07/31/2025 10:30:00 AM,1,DRIVER,,2019503,,MAZDA,CX-3,IL,2013,NONE,PASSENGER,PERSONAL,E,STRAIGHT AHEAD,Y,,1,,,,,Y,,,,,,,,,,,Y,,FRONT-RIGHT-CORNER,,,,,,,,,,,,,,,,,,,,,,,,,,,,,,,,,
2118460,5b6d00f3cd499576d1acf58c3d451ef1faf0382d55c2c78a88143bfffb1674ae0e81b0f5cd63b8b45cec5e6d47e890c875fd14d20bf13d87e055588eb4fd9068,07/31/2025 10:30:00 AM,2,DRIVER,,2019522,,AUDI,Q4,IL,2014,NONE,PASSENGER,PERSONAL,E,STRAIGHT AHEAD,,,1,,,,,,,,,Y,Y,,,,,,,,REAR-RIGHT-CORNER,,,,,,,,,,,,,,,,,,,,,,,,,,,,,,,,,
2118388,76778433887e8deb5942df9079e56d2934b5e855b5d90533adc10859f1c9d5089fb09ba3b62162bd8b631e26da9560a42c6b87e2d3e342ee72703fe53929b788,07/31/2025 10:30:00 AM,1,DRIVER,,2019446,,FORD,OTHER (EXPLAIN IN NARRATIVE),IL,2012,UNKNOWN,PASSENGER,PERSONAL,S,ENTERING TRAFFIC LANE FROM PARKING,,,1,,,,,,,,,,,,,,,,,,FRONT-LEFT-CORNER,,,,,,,,,,,,,,,,,,,,,,,,,,,,,,,,,
2118389,76778433887e8deb5942df9079e56d2934b5e855b5d90533adc10859f1c9d5089fb09ba3b62162bd8b631e26da9560a42c6b87e2d3e342ee72703fe53929b788,07/31/2025 10:30:00 AM,2,DRIVER,,2019437,,TOYOTA,TUNDRA,,2008,UNKNOWN,PASSENGER,PERSONAL,S,TURNING LEFT,,,1,,,,,Y,Y,,,,,,,,,,,,SIDE-RIGHT,,,,,,,,,,,,,,,,,,,,,,,,,,,,,,,,,
2118549,95751aac459373ef50bb2c75b9d6b428491d4fa18a19f73eabfe325c22ad982bda03d53fd6a30cbed26a110d2678e9f4c350709e6a410c0d35c777f34f3b5424,07/31/2025 10:30:00 AM,1,DRIVER,,2019610,,FORD,ECONOLINE E450,IL,2019,UNKNOWN,TRUCK - SINGLE UNIT,OTHER,N,TURNING RIGHT,,,1,,,,Y,,,,,,,,,,,,,,NONE,,,,,,,,,,,,,,,,,,,,,,,,,,,,,,,,,
2118550,95751aac459373ef50bb2c75b9d6b428491d4fa18a19f73eabfe325c22ad982bda03d53fd6a30cbed26a110d2678e9f4c350709e6a410c0d35c777f34f3b5424,07/31/2025 10:30:00 AM,2,PARKED,,2019620,,FORD,ESCAPE,IL,2009,NONE,PASSENGER,PERSONAL,NE,PARKED,,,0,,,,,,,,,,,Y,,,,,,,REAR-LEFT-CORNER,,,,,,,,,,,,,,,,,,,,,,,,,,,,,,,,,
2118442,a06783480d3c6e95a1b1e2fcf582e7f30c1a775c9fa05b811ae3b91d5631b21253f9146e7080cf409fd85f68d655ca4ab80b0793b482adac10a0193c642a4273,07/31/2025 10:30:00 AM,1,DRIVER,,2019487,,FORD,ESCAPE,IL,2022,NONE,PASSENGER,CONSTRUCTION/MAINTENANCE,S,TURNING RIGHT,,,1,,,,,Y,,,,,,,,,,Y,Y,,FRONT,,,,,,,,,,,,,,,,,,,,,,,,,,,,,,,,,
2118443,a06783480d3c6e95a1b1e2fcf582e7f30c1a775c9fa05b811ae3b91d5631b21253f9146e7080cf409fd85f68d655ca4ab80b0793b482adac10a0193c642a4273,07/31/2025 10:30:00 AM,2,DRIVER,1,2019498,,CHEVROLET,OTHER (EXPLAIN IN NARRATIVE),IL,2016,NONE,PASSENGER,RIDESHARE SERVICE,E,STRAIGHT AHEAD,N,,2,,,,,,,,,,,,,Y,Y,Y,,,FRONT-LEFT-CORNER,,,,,,,,,,,,,,,,,,,,,,,,,,,,,,,,,
2118426,a3a4b02b95decb0cbcaf5e7a31547f35b9bb90f2a5344636d28705664ba438ea6192571d62dd3122afa5d7924b6301411645a4b155ecc67f6371e721ce4acba8,07/31/2025 10:30:00 AM,1,DRIVER,,2019466,,TOYOTA,COROLLA,IL,2025,NONE,PASSENGER,PERSONAL,N,TURNING LEFT,,,1,,,,,,,,,,,Y,Y,,,,,,SIDE-LEFT,,,,,,,,,,,,,,,,,,,,,,,,,,,,,,,,,
2118427,a3a4b02b95decb0cbcaf5e7a31547f35b9bb90f2a5344636d28705664ba438ea6192571d62dd3122afa5d7924b6301411645a4b155ecc67f6371e721ce4acba8,07/31/2025 10:30:00 AM,2,DRIVER,,2019476,,UNKNOWN,OTHER (EXPLAIN IN NARRATIVE),IL,,NONE,PASSENGER,PERSONAL,E,STRAIGHT AHEAD,,,1,,,,,,,,,,,,,,,,,,UNKNOWN,,,,,,,,,,,,,,,,,,,,,,,,,,,,,,,,,
2119466,6304a4c453640b9ba9a24103c0b1b5e74d1d994f9b493dd9ce74527350bb512496eccef44fb1beca8c2204af307d786fb4828b7e02d202d99e357dcf5e00f023,07/31/2025 10:27:00 AM,1,DRIVER,,2020537,,UNKNOWN,OTHER (EXPLAIN IN NARRATIVE),XX,,UNKNOWN,UNKNOWN/NA,OTHER,N,BACKING,,,1,,,,,,,,,,,,,,,,,Y,REAR,,,,,,,,,,,,,,,,,,,,,,,,,,,,,,,,,
2119561,8b9da431f0bf60d6c3dac1144f65b523118fcf3f1a91b6b25fa18746c9357914e54e52f1c0389024eac12e512e661f0a8d1be934cf96e06dd46e33a9dd55191e,07/31/2025 10:25:00 AM,1,DRIVER,,2020562,,AUDI,QUATRRO,,2015,UNKNOWN,PASSENGER,PERSONAL,S,STRAIGHT AHEAD,,,1,,,,,,,,,,,,,,,,,,FRONT,,,,,,,,,,,,,,,,,,,,,,,,,,,,,,,,,
2119562,8b9da431f0bf60d6c3dac1144f65b523118fcf3f1a91b6b25fa18746c9357914e54e52f1c0389024eac12e512e661f0a8d1be934cf96e06dd46e33a9dd55191e,07/31/2025 10:25:00 AM,2,DRIVER,,2020563,,CHRYSLER,OTHER (EXPLAIN IN NARRATIVE),IL,,UNKNOWN,PASSENGER,UNKNOWN/NA,W,STRAIGHT AHEAD,,,1,,,,,Y,,,,,,,,,,Y,Y,,FRONT,,,,,,,,,,,,,,,,,,,,,,,,,,,,,,,,,
2118473,2e273a4fd5e0dcfc00bf22c38ff37e6aae37bc25a5b9397a20225f20b8d8feee9fc624cd0c796b14c32dc4af0d8e48ec6144e08fdb79563353e9d5fac8dee690,07/31/2025 10:20:00 AM,1,DRIVER,,2019513,,TOYOTA,COROLLA,IL,2005,NONE,PASSENGER,UNKNOWN/NA,S,STRAIGHT AHEAD,,,1,,,,,,,,,,,,,,,,Y,,FRONT,,,,,,,,,,,,,,,,,,,,,,,,,,,,,,,,,
2118474,2e273a4fd5e0dcfc00bf22c38ff37e6aae37bc25a5b9397a20225f20b8d8feee9fc624cd0c796b14c32dc4af0d8e48ec6144e08fdb79563353e9d5fac8dee690,07/31/2025 10:20:00 AM,2,DRIVER,,2019516,,HONDA,ACCORD,IL,2023,NONE,PASSENGER,PERSONAL,W,STRAIGHT AHEAD,,,1,,,,,Y,,,,,,,,,,,,,FRONT-RIGHT-CORNER,,,,,,,,,,,,,,,,,,,,,,,,,,,,,,,,,
2118428,88dbc6d40b47aff1c2f71ebcbb99c99910799f9a4beee34a2cec860fffd17b917a0174b82de54b1b8503f249356406a7918ff3ac7a17de2917208513fdd81cc9,07/31/2025 10:15:00 AM,1,DRIVER,,2019467,N,AUTOCAR,AUTOCAR,IL,2020,NONE,OTHER,OTHER,W,STRAIGHT AHEAD,,,1,,,,,,,,,,,,,,,,,,FRONT-LEFT-CORNER,,,,,,,,,,,,,,,,,,,,,,,,,,,,,,,,,
2118405,8ae3cad799f6b6375ae7cacc831f886b938aad04f87b187455cd1a9548d47e9e8340ba092855651ec7809a3681bb97f5ac4d483ea293332193141b39686aeab8,07/31/2025 10:14:00 AM,1,DRIVER,,2019452,,CHEVROLET,SILVERADO,IL,2018,UNKNOWN,PICKUP,PERSONAL,NE,TURNING RIGHT,,,1,,,,,,,Y,Y,,,,,,,,,,SIDE-RIGHT,,,,,,,,,,,,,,,,,,,,,,,,,,,,,,,,,
2118512,d6966412e45b890f26f88d1108e30e6fa3472137dfa8be5420ff003e95c4a522afe2c02131dbf51e4a06a60fcf00e05feb7078af89eff1cf95d90dc922fff060,07/31/2025 10:00:00 AM,1,DRIVER,,2019556,,UNKNOWN,OTHER (EXPLAIN IN NARRATIVE),,,UNKNOWN,PASSENGER,PERSONAL,UNKNOWN,UNKNOWN/NA,,,1,,,,,,,,,,,,,,,,,Y,UNKNOWN,,,,,,,,,,,,,,,,,,,,,,,,,,,,,,,,,
2118513,d6966412e45b890f26f88d1108e30e6fa3472137dfa8be5420ff003e95c4a522afe2c02131dbf51e4a06a60fcf00e05feb7078af89eff1cf95d90dc922fff060,07/31/2025 10:00:00 AM,2,PARKED,,2019555,,NISSAN,SENTRA,IL,2016,UNKNOWN,PASSENGER,PERSONAL,UNKNOWN,PARKED,,,0,,,,,,Y,,,,,,,,,,,,SIDE-RIGHT,,,,,,,,,,,,,,,,,,,,,,,,,,,,,,,,,
2119043,fc57ef311755225eab6fb6270a031303669318e6303fae5c4245adf2fbe1f18206eda8acfeb904d6fa7d2bf32f83c43bcafdd35d2e95fa4cf998e4169b15a060,07/31/2025 10:00:00 AM,1,DRIVER,,2020074,,AUDI,OTHER (EXPLAIN IN NARRATIVE),IL,2023,UNKNOWN,SPORT UTILITY VEHICLE (SUV),UNKNOWN/NA,W,STRAIGHT AHEAD,,,1,,,,,,,,,,,Y,Y,Y,,,,,SIDE-LEFT,,,,,,,,,,,,,,,,,,,,,,,,,,,,,,,,,
2119044,fc57ef311755225eab6fb6270a031303669318e6303fae5c4245adf2fbe1f18206eda8acfeb904d6fa7d2bf32f83c43bcafdd35d2e95fa4cf998e4169b15a060,07/31/2025 10:00:00 AM,2,DRIVER,,2020075,,BMW,OTHER (EXPLAIN IN NARRATIVE),IL,2018,NONE,SPORT UTILITY VEHICLE (SUV),UNKNOWN/NA,E,STRAIGHT AHEAD,,,1,,,,,,,,,,,,,Y,Y,Y,,,FRONT-RIGHT-CORNER,,,,,,,,,,,,,,,,,,,,,,,,,,,,,,,,,
2118928,46f54d57e6adfed23fbd3332409ad6a672b7ce278565eb92f7d230359989995649e476ef3c1b1f7d19ffb6a01079718d2adef465dbb50fab4088915ef195e7e1,07/31/2025 09:46:00 AM,1,DRIVER,,2019955,,UNKNOWN,OTHER (EXPLAIN IN NARRATIVE),,,UNKNOWN,UNKNOWN/NA,UNKNOWN/NA,N,STRAIGHT AHEAD,,,1,,,,,,,,,,,,,,,,,,UNKNOWN,,,,,,,,,,,,,,,,,,,,,,,,,,,,,,,,,
2118929,46f54d57e6adfed23fbd3332409ad6a672b7ce278565eb92f7d230359989995649e476ef3c1b1f7d19ffb6a01079718d2adef465dbb50fab4088915ef195e7e1,07/31/2025 09:46:00 AM,2,DRIVER,,2019959,,KIA,OTHER (EXPLAIN IN NARRATIVE),IL,2016,NONE,PASSENGER,PERSONAL,N,SLOW/STOP IN TRAFFIC,,,1,,,,,,,,,Y,Y,Y,,,,,,,REAR,,,,,,,,,,,,,,,,,,,,,,,,,,,,,,,,,
2118584,d79717910e87daee2928f5162e06e494023420aca70d52657944d8ca046264001857043467bec39199e9356087e5751b840796a54f7ab77af9cad7fe9ced109a,07/31/2025 09:38:00 AM,1,DRIVER,,2019639,,TOYOTA,SIENNA,MO,2024,NONE,VAN/MINI-VAN,OTHER,W,STRAIGHT AHEAD,,,1,,,,,,,,,,,,,,,,Y,,FRONT,,,,,,,,,,,,,,,,,,,,,,,,,,,,,,,,,
2118585,d79717910e87daee2928f5162e06e494023420aca70d52657944d8ca046264001857043467bec39199e9356087e5751b840796a54f7ab77af9cad7fe9ced109a,07/31/2025 09:38:00 AM,2,DRIVER,,2019634,N,CHEVROLET,TRAVERSE,IL,2013,NONE,SPORT UTILITY VEHICLE (SUV),PERSONAL,W,UNKNOWN/NA,,,1,,,,,,,,,,Y,,,,,,,,REAR,,,,,,,,,,,,,,,,,,,,,,,,,,,,,,,,,
2118350,f796a83b6c20631888065ec5dc5d6d2903cb5fb4c36bad66b06d0a1da503d1f7442366b436bb2e8ef12e45e55aa94d00abfd55ec1aa689bbfdc9738e1c1987fd,07/31/2025 09:31:00 AM,1,DRIVER,,2019395,,FORD,SUPER DUTY,IL,2019,UNKNOWN,PICKUP,UNKNOWN/NA,S,PASSING/OVERTAKING,,,1,,,,,,,,,,,,,,,,,,SIDE-RIGHT,,,,,,,,,,,,,,,,,,,,,,,,,,,,,,,,,
2118351,f796a83b6c20631888065ec5dc5d6d2903cb5fb4c36bad66b06d0a1da503d1f7442366b436bb2e8ef12e45e55aa94d00abfd55ec1aa689bbfdc9738e1c1987fd,07/31/2025 09:31:00 AM,2,DRIVER,,2019402,,CHEVROLET,CRUZE,IL,2018,NONE,PASSENGER,PERSONAL,S,SLOW/STOP IN TRAFFIC,,,1,,,,,,,,,,,Y,,,,,,,REAR-LEFT-CORNER,,,,,,,,,,,,,,,,,,,,,,,,,,,,,,,,,
2118479,0ee88052b658cf245e5fbf265dadd6f5350a3ed604980814b3b76a398714fe87439552214ec69bc282cbe038a978972238fe026db560718911f51e3e36d88805,07/31/2025 09:30:00 AM,1,DRIVER,,2019519,,RANGE ROVER OF NORTH AMERICA,RANGE ROVER OF NORTH AMERICA,IL,,UNKNOWN,SPORT UTILITY VEHICLE (SUV),PERSONAL,S,STRAIGHT AHEAD,,,1,,,,,,,,,,,,,,Y,Y,,,FRONT-LEFT-CORNER,,,,,,,,,,,,,,,,,,,,,,,,,,,,,,,,,
2118480,0ee88052b658cf245e5fbf265dadd6f5350a3ed604980814b3b76a398714fe87439552214ec69bc282cbe038a978972238fe026db560718911f51e3e36d88805,07/31/2025 09:30:00 AM,2,DRIVER,,2019527,,HYUNDAI,SONATA,MD,,NONE,PASSENGER,OTHER,S,STRAIGHT AHEAD,,,1,,,,,,,,,,Y,Y,,,,N,,,REAR,,,,,,,,,,,,,,,,,,,,,,,,,,,,,,,,,
2118368,7ff3b483d22df027dbbabbc747e12859e06bae806be3a51caf323d113c782e08aefdfaffdb5624cf1bf36fef465744e2e27736cfd9047311c2728d92e88e52ec,07/31/2025 09:30:00 AM,1,DRIVER,,2019409,,TOYOTA,TUNDRA,CT,2016,NONE,PASSENGER,PERSONAL,N,STRAIGHT AHEAD,,,1,,,,,,,,,,,,,,,,,Y,SIDE-LEFT,,,,,,,,,,,,,,,,,,,,,,,,,,,,,,,,,
2118369,7ff3b483d22df027dbbabbc747e12859e06bae806be3a51caf323d113c782e08aefdfaffdb5624cf1bf36fef465744e2e27736cfd9047311c2728d92e88e52ec,07/31/2025 09:30:00 AM,2,DRIVER,,2019411,,CHEVROLET,IMPALA,IL,2008,NONE,PASSENGER,PERSONAL,S,STRAIGHT AHEAD,,,1,,,,,,,,,,,Y,Y,,,,,,SIDE-LEFT-REAR,,,,,,,,,,,,,,,,,,,,,,,,,,,,,,,,,