CRASH_UNIT_ID,CRASH_RECORD_ID,CRASH_DATE,UNIT_NO,UNIT_TYPE,NUM_PASSENGERS,VEHICLE_ID,CMRC_VEH_I,MAKE,MODEL,LIC_PLATE_STATE,VEHICLE_YEAR,VEHICLE_DEFECT,VEHICLE_TYPE,VEHICLE_USE,TRAVEL_DIRECTION,MANEUVER,TOWED_I,FIRE_I,OCCUPANT_CNT,EXCEED_SPEED_LIMIT_I,TOWED_BY,TOWED_TO,AREA_00_I,AREA_01_I,AREA_02_I,AREA_03_I,AREA_04_I,AREA_05_I,AREA_06_I,AREA_07_I,AREA_08_I,AREA_09_I,AREA_10_I,AREA_11_I,AREA_12_I,AREA_99_I,FIRST_CONTACT_POINT,CMV_ID,USDOT_NO,CCMC_NO,ILCC_NO,COMMERCIAL_SRC,GVWR,CARRIER_NAME,CARRIER_STATE,CARRIER_CITY,HAZMAT_PLACARDS_I,HAZMAT_NAME,UN_NO,HAZMAT_PRESENT_I,HAZMAT_REPORT_I,HAZMAT_REPORT_NO,MCS_REPORT_I,MCS_REPORT_NO,HAZMAT_VIO_CAUSE_CRASH_I,MCS_VIO_CAUSE_CRASH_I,IDOT_PERMIT_NO,WIDE_LOAD_I,TRAILER1_WIDTH,TRAILER2_WIDTH,TRAILER1_LENGTH,TRAILER2_LENGTH,TOTAL_VEHICLE_LENGTH,AXLE_CNT,VEHICLE_CONFIG,CARGO_BODY_TYPE,LOAD_TYPE,HAZMAT_OUT_OF_SERVICE_I,MCS_OUT_OF_SERVICE_I,HAZMAT_CLASS
2118505,ee5c91ca8d0bdeb8de1598993986473ad79965a77817697ba30d9001ea9b8f847b2394b21030cb4dd2b7c6203c208de62d9bd3bbff6e6abb90fcb232d50262ad,07/31/2025 09:29:00 AM,1,DRIVER,,2019547,,DODGE,JOURNEY,,,UNKNOWN,SPORT UTILITY VEHICLE (SUV),UNKNOWN/NA,W,PASSING/OVERTAKING,,,1,,,,,,,,,,,,,,,,,Y,UNKNOWN,,,,,,,,,,,,,,,,,,,,,,,,,,,,,,,,,
2118506,ee5c91ca8d0bdeb8de1598993986473ad79965a77817697ba30d9001ea9b8f847b2394b21030cb4dd2b7c6203c208de62d9bd3bbff6e6abb90fcb232d50262ad,07/31/2025 09:29:00 AM,2,DRIVER,,2019546,Y,NEW FLYER,D40LF,IL,,NONE,OTHER,CTA,W,STRAIGHT AHEAD,,,1,,,,,Y,Y,,,,,,,,,,,,FRONT-RIGHT-CORNER,,,,,,,,,,,,,,,,,,,,,,,,,,,,,,,,,
2121330,65a5858ff6cac7f0c98d9c8a7d9aeea65a93c2cb6f93322be63d8ae311f6a2ff11da6e0e2d66c96943d3c60639882db846202b931103c1e2e6a55e4dd9d9bdeb,07/31/2025 09:24:00 AM,1,DRIVER,1,2022283,,TOYOTA,AVALON,IL,,UNKNOWN,PASSENGER,UNKNOWN/NA,W,CHANGING LANES,,,2,,,,,Y,Y,,,,,,,,,,,,FRONT-RIGHT-CORNER,,,,,,,,,,,,,,,,,,,,,,,,,,,,,,,,,
2121331,65a5858ff6cac7f0c98d9c8a7d9aeea65a93c2cb6f93322be63d8ae311f6a2ff11da6e0e2d66c96943d3c60639882db846202b931103c1e2e6a55e4dd9d9bdeb,07/31/2025 09:24:00 AM,2,DRIVER,1,2022275,,LEXUS,OTHER (EXPLAIN IN NARRATIVE),,2025,UNKNOWN,PASSENGER,PERSONAL,W,STRAIGHT AHEAD,,,2,,,,,,,,,,,Y,Y,,,,,,REAR-LEFT-CORNER,,,,,,,,,,,,,,,,,,,,,,,,,,,,,,,,,
2118406,2f18d4bedd0af865ec4d3899e166a2f494e36fa1d9aadb8a522fc17b66ba26f9d1286f91704f912208ebaac6b655dffef25eab44f4fc64b447e082cea43415c9,07/31/2025 09:20:00 AM,1,DRIVER,,2019454,,CHEVROLET,TRUCK,IL,2002,UNKNOWN,PASSENGER,UNKNOWN/NA,N,CHANGING LANES,,,1,,,,,,,,,,,,,,,,,Y,FRONT-RIGHT-CORNER,,,,,,,,,,,,,,,,,,,,,,,,,,,,,,,,,
2118407,2f18d4bedd0af865ec4d3899e166a2f494e36fa1d9aadb8a522fc17b66ba26f9d1286f91704f912208ebaac6b655dffef25eab44f4fc64b447e082cea43415c9,07/31/2025 09:20:00 AM,2,DRIVER,,2019463,,CADILLAC,XTS,IL,2020,UNKNOWN,PASSENGER,PERSONAL,N,STRAIGHT AHEAD,,,1,,,,,,,,,,,Y,Y,Y,Y,Y,,,REAR-LEFT-CORNER,,,,,,,,,,,,,,,,,,,,,,,,,,,,,,,,,
2123535,4d7e65ec7f2afc8a81a4b2e72f45ca4e03140860b145a41d00ccd7d47f9fb3be62373e9d5a70fb14b75d392dc0a09e2d78edb4f827d1f4704bcafdf8e252eaed,07/31/2025 09:15:00 AM,1,DRIVER,,2024368,,TOYOTA,OTHER (EXPLAIN IN NARRATIVE),IL,2022,NONE,PASSENGER,PERSONAL,UNKNOWN,STRAIGHT AHEAD,,,1,,,,,,,,,,,Y,Y,Y,,,,,SIDE-LEFT,,,,,,,,,,,,,,,,,,,,,,,,,,,,,,,,,
2123536,4d7e65ec7f2afc8a81a4b2e72f45ca4e03140860b145a41d00ccd7d47f9fb3be62373e9d5a70fb14b75d392dc0a09e2d78edb4f827d1f4704bcafdf8e252eaed,07/31/2025 09:15:00 AM,2,DRIVER,,2024369,,KIA,SELTOS,IL,2022,NONE,PASSENGER,PERSONAL,N,STRAIGHT AHEAD,,,1,,,,,Y,Y,Y,Y,,,,,,,,,,SIDE-RIGHT,,,,,,,,,,,,,,,,,,,,,,,,,,,,,,,,,
2118412,adbef8fd659da8a4dd71d7601c09c316f68c5d76a73fca08810fe3625fe7728104257ef18e5943ed71f0c3e8bbeeeb636707a87b237480909e4163294e728bae,07/31/2025 09:15:00 AM,1,DRIVER,1,2019477,,VOLVO,OTHER (EXPLAIN IN NARRATIVE),IL,2024,NONE,SPORT UTILITY VEHICLE (SUV),PERSONAL,E,TURNING LEFT,Y,,2,,OWNER,,,,,,,,,,,,,Y,Y,,FRONT,,,,,,,,,,,,,,,,,,,,,,,,,,,,,,,,,
2118413,adbef8fd659da8a4dd71d7601c09c316f68c5d76a73fca08810fe3625fe7728104257ef18e5943ed71f0c3e8bbeeeb636707a87b237480909e4163294e728bae,07/31/2025 09:15:00 AM,2,DRIVER,,2019497,,KIA,SORENTO,IL,2023,NONE,PASSENGER,PERSONAL,S,STRAIGHT AHEAD,Y,,1,,OWNER,,,,Y,Y,Y,Y,,,,,,,,,SIDE-RIGHT,,,,,,,,,,,,,,,,,,,,,,,,,,,,,,,,,
2118340,c39384ad5bf27c1cdcbc6ea7414452983d20ae5664a684f6061a7e4811d60238f9f4568118780db21cba9ec4e826a69c2f0b54af4431623b00ee874fb78bd82b,07/31/2025 09:15:00 AM,1,DRIVER,,2019388,,SUBARU,FORESTER,IL,2017,UNKNOWN,SPORT UTILITY VEHICLE (SUV),PERSONAL,S,STRAIGHT AHEAD,,,1,,,,,,,,,,,,,,,,Y,,FRONT,,,,,,,,,,,,,,,,,,,,,,,,,,,,,,,,,
2118341,c39384ad5bf27c1cdcbc6ea7414452983d20ae5664a684f6061a7e4811d60238f9f4568118780db21cba9ec4e826a69c2f0b54af4431623b00ee874fb78bd82b,07/31/2025 09:15:00 AM,2,DRIVER,,2019398,,CADILLAC,ESCALADE,IL,2007,UNKNOWN,SPORT UTILITY VEHICLE (SUV),PERSONAL,S,OTHER,,,1,,,,,,,,,,Y,,,,,,,,REAR,,,,,,,,,,,,,,,,,,,,,,,,,,,,,,,,,
2139163,b7188d0aa5eb398800e572044f581d25d9f78bdc5cbf8c89e98d91af0e24e5ba838b7fb45f8d74de0e0c9f967591dec6773f8a2c2b4172028e6c86c79742adda,07/31/2025 09:09:00 AM,1,DRIVER,,2039173,,CHEVROLET,IMPALA,IL,2011,NONE,PASSENGER,UNKNOWN/NA,W,STRAIGHT AHEAD,,,1,,,,,Y,,,,,,,,,,Y,Y,,FRONT,,,,,,,,,,,,,,,,,,,,,,,,,,,,,,,,,
2139164,b7188d0aa5eb398800e572044f581d25d9f78bdc5cbf8c89e98d91af0e24e5ba838b7fb45f8d74de0e0c9f967591dec6773f8a2c2b4172028e6c86c79742adda,07/31/2025 09:09:00 AM,2,DRIVER,,2039174,,TOYOTA,CAMRY,IL,2019,NONE,PASSENGER,PERSONAL,W,SLOW/STOP IN TRAFFIC,,,1,,,,,,,,,Y,Y,Y,,,,,,,REAR,,,,,,,,,,,,,,,,,,,,,,,,,,,,,,,,,
2118356,e4793dbe56e0f753915b4346f22222a823df68cbd61c323ba5ada2aca0a602e05da0e44d92f798db579ff86106c2b9dd22706164ff366f74f6cb6a0bac91fbf3,07/31/2025 09:05:00 AM,1,DRIVER,,2019397,,VOLVO,S60,IL,2009,UNKNOWN,PASSENGER,PERSONAL,S,ENTERING TRAFFIC LANE FROM PARKING,,,1,,,,,,,,,,,,,,,Y,,,FRONT-LEFT-CORNER,,,,,,,,,,,,,,,,,,,,,,,,,,,,,,,,,
2118357,e4793dbe56e0f753915b4346f22222a823df68cbd61c323ba5ada2aca0a602e05da0e44d92f798db579ff86106c2b9dd22706164ff366f74f6cb6a0bac91fbf3,07/31/2025 09:05:00 AM,2,DRIVER,,2019404,,CHEVROLET,IMPALA,IL,2019,NONE,PASSENGER,RIDESHARE SERVICE,S,LEAVING TRAFFIC LANE TO PARK,,,1,,,,,,,,,Y,,,,,,,,,REAR-RIGHT-CORNER,,,,,,,,,,,,,,,,,,,,,,,,,,,,,,,,,
2118700,85f315783dd480b67de170dc31ff424adbf1213b7a05122d7f9840043b5b1533c477a15711ff3500ad89d934e8de1ce1f70d1e1350ab489c9710f2a87201837b,07/31/2025 09:00:00 AM,1,DRIVER,,2019730,,VOLKSWAGEN,ATLAS,IL,2024,NONE,PASSENGER,PERSONAL,N,STRAIGHT AHEAD,,,1,,,,,Y,N,,,,,,,,,Y,,,FRONT-LEFT-CORNER,,,,,,,,,,,,,,,,,,,,,,,,,,,,,,,,,
2121383,8f1a70cc24c0ccf3992f167792f1987a0b516f6e5f5059d7ed80539145270e435971dd1decab80ae8901bea1d324171c91f2579237c507dc17484b3fe829e5bd,07/31/2025 09:00:00 AM,1,DRIVER,,2022324,,NISSAN,ROGUE,IL,2023,NONE,PASSENGER,UNKNOWN/NA,S,CHANGING LANES,,,1,,,,Y,Y,,,,,,,,,,,,,FRONT-RIGHT-CORNER,,,,,,,,,,,,,,,,,,,,,,,,,,,,,,,,,
2121384,8f1a70cc24c0ccf3992f167792f1987a0b516f6e5f5059d7ed80539145270e435971dd1decab80ae8901bea1d324171c91f2579237c507dc17484b3fe829e5bd,07/31/2025 09:00:00 AM,2,DRIVER,,2022329,,FORD,ESCAPE,PA,2019,NONE,PASSENGER,PERSONAL,S,STRAIGHT AHEAD,,,1,,,,,,,,,,,Y,Y,Y,Y,Y,,,SIDE-LEFT,,,,,,,,,,,,,,,,,,,,,,,,,,,,,,,,,
2118424,bdce8470cbd26a645f4f053aa96907d0723b7890f7634013525c93208ecec38e5f06566b89f5d294c8c2ee1135ac9c1df67b81a8bb2f4b6b570a544299794fbd,07/31/2025 09:00:00 AM,1,DRIVER,,2019460,,FORD,FOCUS,IL,2010,NONE,PASSENGER,PERSONAL,E,CHANGING LANES,,,1,,,,,,,,,,,,,Y,,,,,SIDE-LEFT,,,,,,,,,,,,,,,,,,,,,,,,,,,,,,,,,
2118425,bdce8470cbd26a645f4f053aa96907d0723b7890f7634013525c93208ecec38e5f06566b89f5d294c8c2ee1135ac9c1df67b81a8bb2f4b6b570a544299794fbd,07/31/2025 09:00:00 AM,2,DRIVER,,2019461,,DODGE,RAM 1500 PU,IL,1995,NONE,PICKUP,PERSONAL,E,STRAIGHT AHEAD,,,1,,,,,,,Y,Y,,,,,,,,,,SIDE-RIGHT,,,,,,,,,,,,,,,,,,,,,,,,,,,,,,,,,
2118456,c57f8941816d516e6b2a0da3131d354fd1bd9c53a6feb70860333119e81ea4e880dc93e7d13c1f8a6d768341b362fd64f902e1d6e5af0e7723eb13fec3305180,07/31/2025 09:00:00 AM,1,DRIVER,,2019504,,FORD,FUSION,IL,2014,UNKNOWN,PASSENGER,UNKNOWN/NA,E,UNKNOWN/NA,,,1,,,,,,,,,,,,,,,,Y,,FRONT,,,,,,,,,,,,,,,,,,,,,,,,,,,,,,,,,
2118457,c57f8941816d516e6b2a0da3131d354fd1bd9c53a6feb70860333119e81ea4e880dc93e7d13c1f8a6d768341b362fd64f902e1d6e5af0e7723eb13fec3305180,07/31/2025 09:00:00 AM,2,DRIVER,2,2019505,,FORD,FUSION,IL,2017,NONE,PASSENGER,UNKNOWN/NA,E,SLOW/STOP IN TRAFFIC,,,3,,,,,,,,,,Y,,,,,,,,REAR,,,,,,,,,,,,,,,,,,,,,,,,,,,,,,,,,
2118348,dc6cbc9e461dc38cdee53f361d1b6f02f5a8a3a65dde84590ca4c575025237be11a144f403f5eecf5c880828b9cc5feb2f3de5203d1ffcee50fc6ae4e32c1f0d,07/31/2025 08:56:00 AM,1,DRIVER,,2019391,,UNKNOWN,MOTORIZED,IL,2005,NONE,BUS OVER 15 PASS.,OTHER,W,MERGING,,,1,,,,,,,,,,,Y,,,,,,,REAR-LEFT-CORNER,,,,,,,,,,,,,,,,,,,,,,,,,,,,,,,,,
2118349,dc6cbc9e461dc38cdee53f361d1b6f02f5a8a3a65dde84590ca4c575025237be11a144f403f5eecf5c880828b9cc5feb2f3de5203d1ffcee50fc6ae4e32c1f0d,07/31/2025 08:56:00 AM,2,DRIVER,,2019405,,CHEVROLET,MALIBU,IL,2023,NONE,PASSENGER,PERSONAL,W,MERGING,,,1,,,,,,Y,,,,,,,,,,,,FRONT-RIGHT-CORNER,,,,,,,,,,,,,,,,,,,,,,,,,,,,,,,,,
2118346,f11bff66ed17ffeda556d88b4e84ccf0e883f131eac958b45f59db0d15d568475dca7ccaee11e4b594827b7703cd50473cacf0b7bd1125278623aa8563ea0276,07/31/2025 08:55:00 AM,1,DRIVER,,2019396,,CHEVROLET,IMPALA,,,NONE,PASSENGER,PERSONAL,E,STRAIGHT AHEAD,,,1,,,,,,,,,,,,,,,Y,Y,,FRONT-LEFT-CORNER,,,,,,,,,,,,,,,,,,,,,,,,,,,,,,,,,
2118347,f11bff66ed17ffeda556d88b4e84ccf0e883f131eac958b45f59db0d15d568475dca7ccaee11e4b594827b7703cd50473cacf0b7bd1125278623aa8563ea0276,07/31/2025 08:55:00 AM,2,DRIVER,1,2019392,,INTERNATIONAL TRAILER CORPORATION,OTHER (EXPLAIN IN NARRATIVE),IL,2024,NONE,TRUCK - SINGLE UNIT,COMMERCIAL - SINGLE UNIT,E,STRAIGHT AHEAD,,,2,,,,,,,,,Y,Y,,,,,,,,REAR,,,,,,,,,,,,,,,,,,,,,,,,,,,,,,,,,
2118304,87f07d52b584a152ddb632c7ed4e338e0f1df0ef1bf2b5f6cbf4901bf4119aa794ca2aa3f390c99b3c41f972aa3966d72602a5e02ed1bb98817a79183bb1593d,07/31/2025 08:50:00 AM,1,DRIVER,,2019347,,GENERAL MOTORS CORPORATION (GMC),SIERRA,IL,2017,UNKNOWN,PICKUP,UNKNOWN/NA,S,ENTER FROM DRIVE/ALLEY,,,1,,,,,Y,,,,,,,,,,Y,Y,,FRONT,,,,,,,,,,,,,,,,,,,,,,,,,,,,,,,,,
2118305,87f07d52b584a152ddb632c7ed4e338e0f1df0ef1bf2b5f6cbf4901bf4119aa794ca2aa3f390c99b3c41f972aa3966d72602a5e02ed1bb98817a79183bb1593d,07/31/2025 08:50:00 AM,2,DRIVER,,2019350,,NISSAN,MURANO,IL,2009,NONE,SPORT UTILITY VEHICLE (SUV),PERSONAL,E,STRAIGHT AHEAD,,,1,,,,,,,,,,,,Y,Y,Y,,,,SIDE-LEFT,,,,,,,,,,,,,,,,,,,,,,,,,,,,,,,,,
2118306,ee7573c01dbb98946e07124b1955afdfbe2ff9d5b4e0220e7d605c7c506366a035cceaeed899ca8648bef558aea869df7b6ee82a27f61237ffe82001cafc21d9,07/31/2025 08:50:00 AM,1,DRIVER,,2019355,,SUBARU,CROSSTREK,IL,2019,NONE,PASSENGER,PERSONAL,S,BACKING,,,1,,,,,,,,,,,,,,,,,,UNKNOWN,,,,,,,,,,,,,,,,,,,,,,,,,,,,,,,,,
2118307,ee7573c01dbb98946e07124b1955afdfbe2ff9d5b4e0220e7d605c7c506366a035cceaeed899ca8648bef558aea869df7b6ee82a27f61237ffe82001cafc21d9,07/31/2025 08:50:00 AM,2,DRIVER,,2019368,,HONDA,ACCORD,IL,2015,NONE,PASSENGER,PERSONAL,N,STRAIGHT AHEAD,,,1,,,,,,N,,,,,,Y,,,,,,SIDE-LEFT-REAR,,,,,,,,,,,,,,,,,,,,,,,,,,,,,,,,,
2118448,9a965704b42df477a2f74de7b3ed33c4674a349a84fc746b641456fae87b63b6a8d8f2a6ced90986c7385f8e10e24a308c7a66f2ff5c7806305a20c607a3e522,07/31/2025 08:46:00 AM,1,DRIVER,,2019483,,UNKNOWN,OTHER (EXPLAIN IN NARRATIVE),,,UNKNOWN,PASSENGER,PERSONAL,W,TURNING RIGHT,,,1,,,,,,,,,,,,,,,,,Y,UNKNOWN,,,,,,,,,,,,,,,,,,,,,,,,,,,,,,,,,
2118449,9a965704b42df477a2f74de7b3ed33c4674a349a84fc746b641456fae87b63b6a8d8f2a6ced90986c7385f8e10e24a308c7a66f2ff5c7806305a20c607a3e522,07/31/2025 08:46:00 AM,2,BICYCLE,,,,,,,,,,,,,,,,,,,,,,,,,,,,,,,,,,,,,,,,,,,,,,,,,,,,,,,,,,,,,,,,,,
2118372,e9dc69e6341e348b081afe3452f5f5d1300afc9669da05a1a9e5f957911ecde0e77c94fa7c1604c53246ed30dcdd5c387ed90a66476a22efe20af29c191a59ee,07/31/2025 08:45:00 AM,1,BICYCLE,,,,,,,,,,,,,,,,,,,,,,,,,,,,,,,,,,,,,,,,,,,,,,,,,,,,,,,,,,,,,,,,,,
2118373,e9dc69e6341e348b081afe3452f5f5d1300afc9669da05a1a9e5f957911ecde0e77c94fa7c1604c53246ed30dcdd5c387ed90a66476a22efe20af29c191a59ee,07/31/2025 08:45:00 AM,2,DRIVER,,2019421,,TOYOTA,SIENNA,IL,2021,UNKNOWN,VAN/MINI-VAN,PERSONAL,E,SLOW/STOP IN TRAFFIC,,,1,,,,Y,,,,,,,,,,,,,,NONE,,,,,,,,,,,,,,,,,,,,,,,,,,,,,,,,,
2118325,fb04d09e0eb895a3ec33b98055680b3eb4fcc95e7829133f0a403753f4c07c4ab00cdbab68f83f0c0c32934c51499a71e0d609103cdd8beee19f4648d468b0b3,07/31/2025 08:45:00 AM,1,DRIVER,,2019365,,TOYOTA,OTHER (EXPLAIN IN NARRATIVE),IL,2014,NONE,PASSENGER,PERSONAL,E,STRAIGHT AHEAD,,,1,,,,,,,,,,,,Y,,,,,,REAR-RIGHT-CORNER,,,,,,,,,,,,,,,,,,,,,,,,,,,,,,,,,
2118326,fb04d09e0eb895a3ec33b98055680b3eb4fcc95e7829133f0a403753f4c07c4ab00cdbab68f83f0c0c32934c51499a71e0d609103cdd8beee19f4648d468b0b3,07/31/2025 08:45:00 AM,2,DRIVER,1,2019378,,NISSAN,MAXIMA,IL,2016,NONE,PASSENGER,PERSONAL,E,STRAIGHT AHEAD,,,2,,,,,,,,,,,Y,,,,,,,SIDE-LEFT-REAR,,,,,,,,,,,,,,,,,,,,,,,,,,,,,,,,,
2118342,119be0f0c8588761ddcb13b1ac92dd9bce14ce7f5189930737c817751289a3cddb6529cde1d26219632a5a23acc276f0b8b7e2275e770b84c2a4f0354a40672a,07/31/2025 08:40:00 AM,2,DRIVER,2,2019390,,HONDA,CIVIC,IL,2012,NONE,PASSENGER,UNKNOWN/NA,W,TURNING RIGHT,,,3,,,,,Y,,,,,,,,,,Y,Y,,FRONT-LEFT-CORNER,,,,,,,,,,,,,,,,,,,,,,,,,,,,,,,,,
2118343,119be0f0c8588761ddcb13b1ac92dd9bce14ce7f5189930737c817751289a3cddb6529cde1d26219632a5a23acc276f0b8b7e2275e770b84c2a4f0354a40672a,07/31/2025 08:40:00 AM,1,DRIVER,,2019394,,MITSUBISHI,LANCER,IL,2004,UNKNOWN,PASSENGER,UNKNOWN/NA,W,UNKNOWN/NA,,,1,,,,,Y,,,,,,,,,,,,,FRONT-RIGHT-CORNER,,,,,,,,,,,,,,,,,,,,,,,,,,,,,,,,,
2119026,a886280fd2d8f42ad8ed9fffad01f1299d06f2955904acc70e53ad834ce86b0afb8a8185f2ab8095ec4bbc8661c794eef7db5300ae281b59e5cfa632bfd209f3,07/31/2025 08:40:00 AM,1,DRIVER,,2020060,,TOYOTA,PRIUS,IL,2014,NONE,PASSENGER,UNKNOWN/NA,W,STRAIGHT AHEAD,,,1,,,,,,,,,,,,,,,,,Y,FRONT,,,,,,,,,,,,,,,,,,,,,,,,,,,,,,,,,
2119027,a886280fd2d8f42ad8ed9fffad01f1299d06f2955904acc70e53ad834ce86b0afb8a8185f2ab8095ec4bbc8661c794eef7db5300ae281b59e5cfa632bfd209f3,07/31/2025 08:40:00 AM,2,DRIVER,,2020063,,ACURA,ADX,IL,2021,NONE,PASSENGER,PERSONAL,W,SLOW/STOP IN TRAFFIC,,,1,,,,,,,,,Y,Y,Y,,,,,,,REAR,,,,,,,,,,,,,,,,,,,,,,,,,,,,,,,,,
2118315,8bd79b8ff1a15acffe2b010f8377575a81c527f193dd396f56ad90d74506b9c65b6e06efa8fcb57b3d7f2b7e2df7b7447e076f7fa9f66a2fac06c68dc3cc1779,07/31/2025 08:33:00 AM,1,,,,,,,,,,,,,,,,,,,,,,,,,,,,,,,,,,,,,,,,,,,,,,,,,,,,,,,,,,,,,,,,,,,
2118322,8bd79b8ff1a15acffe2b010f8377575a81c527f193dd396f56ad90d74506b9c65b6e06efa8fcb57b3d7f2b7e2df7b7447e076f7fa9f66a2fac06c68dc3cc1779,07/31/2025 08:33:00 AM,1,DRIVER,,2019362,Y,FREIGHTLINER CORPORATION,FREIGHTLINER CORP.,IL,2019,NONE,TRACTOR W/ SEMI-TRAILER,COMMERCIAL - SINGLE UNIT,W,STRAIGHT AHEAD,,,1,,,,,,,,,,,,,,,,,,TOP,"21,918",1355001,516897,,LOG BOOK,3,RPS EXPRESS INC,IL,HOFFMAN ESTATES,,,,N,N,,U,,N,U,,,,,,,,,"SINGLE UNIT TRUCK, 2 AXLES, 6 TIRES",,UNKNOWN,N,N,
2119172,02bd0de339ff06b4ccab948b4bb42d1a9b36ecea42aefbb555cbbe61c2bbfda20da106d8ff901cd009cc2e96539fc603c8bd7990d7d45b4334c048a0af7fe535,07/31/2025 08:30:00 AM,1,DRIVER,,2020189,,FORD,ECONOLINE 100,IL,2012,UNKNOWN,OTHER,UNKNOWN/NA,W,OTHER,,,1,,,,,,,,,,,,,,,,,Y,UNKNOWN,,,,,,,,,,,,,,,,,,,,,,,,,,,,,,,,,
2119173,02bd0de339ff06b4ccab948b4bb42d1a9b36ecea42aefbb555cbbe61c2bbfda20da106d8ff901cd009cc2e96539fc603c8bd7990d7d45b4334c048a0af7fe535,07/31/2025 08:30:00 AM,2,PARKED,,2020190,,JEEP,RENEGADE,MI,2016,UNKNOWN,SPORT UTILITY VEHICLE (SUV),PERSONAL,UNKNOWN,PARKED,,,0,,,,,,,,,,,,Y,Y,Y,Y,,,UNKNOWN,,,,,,,,,,,,,,,,,,,,,,,,,,,,,,,,,
2118320,906d92dc1619c17c5b8f42e24f001a8472b2f3be77cb2788f160055137c900c74c583d07e5c200698c3a9d09988851dfad86647a8634bed54e37faf0ed482aed,07/31/2025 08:29:00 AM,1,DRIVER,,2019370,,GENERAL MOTORS CORPORATION (GMC),ACADIA,IL,2019,UNKNOWN,PASSENGER,UNKNOWN/NA,E,STRAIGHT AHEAD,,,1,,,,,,,,,,,,,,,,,,FRONT,,,,,,,,,,,,,,,,,,,,,,,,,,,,,,,,,
2118321,906d92dc1619c17c5b8f42e24f001a8472b2f3be77cb2788f160055137c900c74c583d07e5c200698c3a9d09988851dfad86647a8634bed54e37faf0ed482aed,07/31/2025 08:29:00 AM,2,DRIVER,,2019385,,MAZDA,CX-3,IL,2016,UNKNOWN,PASSENGER,UNKNOWN/NA,E,SLOW/STOP IN TRAFFIC,,,1,,,,,,,,,Y,Y,Y,,,,,,,REAR,,,,,,,,,,,,,,,,,,,,,,,,,,,,,,,,,
2118390,6bde5389f5a613ab33f667b3535a0c7942c0496a27f72ffa3acad97df3c0a3e1ebfed5a4c33fa9d9dda7677f02d52ab990a7d8bd046cad65873588775281eab1,07/31/2025 08:25:00 AM,1,DRIVER,1,2019435,,FORD,EDGE,IN,2013,UNKNOWN,PASSENGER,UNKNOWN/NA,S,U-TURN,Y,,2,,PRIVATE TOW,PRIVATE TOW,,,,,,,Y,Y,Y,Y,,,,,REAR-LEFT-CORNER,,,,,,,,,,,,,,,,,,,,,,,,,,,,,,,,,
2118391,6bde5389f5a613ab33f667b3535a0c7942c0496a27f72ffa3acad97df3c0a3e1ebfed5a4c33fa9d9dda7677f02d52ab990a7d8bd046cad65873588775281eab1,07/31/2025 08:25:00 AM,2,DRIVER,,2019448,,HONDA,ACCORD,IL,2014,UNKNOWN,PASSENGER,UNKNOWN/NA,S,STRAIGHT AHEAD,,,1,,,,,Y,Y,Y,,,,,,,,,Y,,FRONT-RIGHT-CORNER,,,,,,,,,,,,,,,,,,,,,,,,,,,,,,,,,
2118296,411073cb8bccc147f499796a27fbf9d41ab833a55c08f8eea364cbea0dab0d4fdab9593abbb83fd5e7085c592f1988538b87d3c58ecafffd8ff7ed481e3040b1,07/31/2025 08:23:00 AM,1,DRIVER,,2019345,,NISSAN,ALTIMA,IL,2020,NONE,PASSENGER,PERSONAL,S,STRAIGHT AHEAD,,,1,,,,,Y,,,,,,,,,,Y,Y,,FRONT,,,,,,,,,,,,,,,,,,,,,,,,,,,,,,,,,
2118297,411073cb8bccc147f499796a27fbf9d41ab833a55c08f8eea364cbea0dab0d4fdab9593abbb83fd5e7085c592f1988538b87d3c58ecafffd8ff7ed481e3040b1,07/31/2025 08:23:00 AM,2,DRIVER,1,2019353,,ALFA ROMEO,STELVIO,IL,2018,NONE,PASSENGER,PERSONAL,W,STRAIGHT AHEAD,,,2,,,,,Y,Y,Y,Y,Y,,,,,,,,,SIDE-RIGHT,,,,,,,,,,,,,,,,,,,,,,,,,,,,,,,,,
2118292,91f29f623d30f3b22f7c0b720d41dbe8e459da0d3444c44831f0c165db5b2b28a202eec4f49a71044e282bead0ad5ae004a1fcc2f587462bc71eecb676a2366d,07/31/2025 08:20:00 AM,1,DRIVER,,2019344,,GENERAL MOTORS CORPORATION (GMC),SIERRA,IL,2017,NONE,PASSENGER,PERSONAL,S,ENTER FROM DRIVE/ALLEY,,,1,,,,,,,,,,,,,,,,Y,,FRONT,,,,,,,,,,,,,,,,,,,,,,,,,,,,,,,,,
2118293,91f29f623d30f3b22f7c0b720d41dbe8e459da0d3444c44831f0c165db5b2b28a202eec4f49a71044e282bead0ad5ae004a1fcc2f587462bc71eecb676a2366d,07/31/2025 08:20:00 AM,2,DRIVER,,2019346,,NISSAN,ROGUE,IL,,NONE,PASSENGER,PERSONAL,E,STRAIGHT AHEAD,,,1,,,,,,,,,,,,,Y,Y,,,,SIDE-LEFT,,,,,,,,,,,,,,,,,,,,,,,,,,,,,,,,,