CRASH_UNIT_ID,CRASH_RECORD_ID,CRASH_DATE,UNIT_NO,UNIT_TYPE,NUM_PASSENGERS,VEHICLE_ID,CMRC_VEH_I,MAKE,MODEL,LIC_PLATE_STATE,VEHICLE_YEAR,VEHICLE_DEFECT,VEHICLE_TYPE,VEHICLE_USE,TRAVEL_DIRECTION,MANEUVER,TOWED_I,FIRE_I,OCCUPANT_CNT,EXCEED_SPEED_LIMIT_I,TOWED_BY,TOWED_TO,AREA_00_I,AREA_01_I,AREA_02_I,AREA_03_I,AREA_04_I,AREA_05_I,AREA_06_I,AREA_07_I,AREA_08_I,AREA_09_I,AREA_10_I,AREA_11_I,AREA_12_I,AREA_99_I,FIRST_CONTACT_POINT,CMV_ID,USDOT_NO,CCMC_NO,ILCC_NO,COMMERCIAL_SRC,GVWR,CARRIER_NAME,CARRIER_STATE,CARRIER_CITY,HAZMAT_PLACARDS_I,HAZMAT_NAME,UN_NO,HAZMAT_PRESENT_I,HAZMAT_REPORT_I,HAZMAT_REPORT_NO,MCS_REPORT_I,MCS_REPORT_NO,HAZMAT_VIO_CAUSE_CRASH_I,MCS_VIO_CAUSE_CRASH_I,IDOT_PERMIT_NO,WIDE_LOAD_I,TRAILER1_WIDTH,TRAILER2_WIDTH,TRAILER1_LENGTH,TRAILER2_LENGTH,TOTAL_VEHICLE_LENGTH,AXLE_CNT,VEHICLE_CONFIG,CARGO_BODY_TYPE,LOAD_TYPE,HAZMAT_OUT_OF_SERVICE_I,MCS_OUT_OF_SERVICE_I,HAZMAT_CLASS
2124792,c09745bdd6bd377b722fa539c542bfc744df549145d937932a75256e6dd0e78a210d97cd5637e0a430ea534d230aa072fd89524cc3ec9b8d86d5e0cc13a15197,07/31/2025 08:20:00 AM,1,DRIVER,,2025567,,UNKNOWN,OTHER (EXPLAIN IN NARRATIVE),,2024,NONE,PASSENGER,PERSONAL,E,STRAIGHT AHEAD,,,1,,,,,,,,,,,,,,,,Y,,FRONT,,,,,,,,,,,,,,,,,,,,,,,,,,,,,,,,,
2124793,c09745bdd6bd377b722fa539c542bfc744df549145d937932a75256e6dd0e78a210d97cd5637e0a430ea534d230aa072fd89524cc3ec9b8d86d5e0cc13a15197,07/31/2025 08:20:00 AM,2,DRIVER,,2025571,,CHEVROLET,EQUINOX,IL,2019,NONE,PASSENGER,PERSONAL,E,STRAIGHT AHEAD,,,1,,,,,,,,,,Y,,,,,,,,REAR,,,,,,,,,,,,,,,,,,,,,,,,,,,,,,,,,
2118310,9eaa1205d85683f69aaeb8b794af2d60420068e72dc15189751543c24daa518d9eb1e4a8a7200b705e7d23d2f3b4be933f2daf119bba5dddbf38de3a8b5b88c0,07/31/2025 08:15:00 AM,1,DRIVER,,2019369,,VOLKSWAGEN,BEETLE,IL,2012,NONE,PASSENGER,PERSONAL,NW,STRAIGHT AHEAD,Y,,1,,,,,Y,,,,,,,,,,Y,Y,,FRONT,,,,,,,,,,,,,,,,,,,,,,,,,,,,,,,,,
2118311,9eaa1205d85683f69aaeb8b794af2d60420068e72dc15189751543c24daa518d9eb1e4a8a7200b705e7d23d2f3b4be933f2daf119bba5dddbf38de3a8b5b88c0,07/31/2025 08:15:00 AM,2,DRIVER,,2019359,,TOYOTA,HIGHLANDER,IL,2023,NONE,SPORT UTILITY VEHICLE (SUV),PERSONAL,NW,SLOW/STOP IN TRAFFIC,,,1,,,,,,,,,Y,Y,Y,,,,,,,REAR,,,,,,,,,,,,,,,,,,,,,,,,,,,,,,,,,
2118352,c2f4456e26e3864f6f86e38e65623a58b8aaea3d8d6eae197ae39133e5993a03522e21fb4dee1aa69317805d574fe672cb50835e588fbb992651fbeae6cb6da4,07/31/2025 08:15:00 AM,1,DRIVER,,2019401,,CHEVROLET,VAN,IL,2005,NONE,VAN/MINI-VAN,PERSONAL,E,STRAIGHT AHEAD,Y,,1,,,,,Y,Y,Y,,,,,,,,Y,Y,,FRONT,,,,,,,,,,,,,,,,,,,,,,,,,,,,,,,,,
2118353,c2f4456e26e3864f6f86e38e65623a58b8aaea3d8d6eae197ae39133e5993a03522e21fb4dee1aa69317805d574fe672cb50835e588fbb992651fbeae6cb6da4,07/31/2025 08:15:00 AM,2,DRIVER,2,2019408,,JEEP,COMPASS,IL,2018,NONE,SPORT UTILITY VEHICLE (SUV),PERSONAL,E,STRAIGHT AHEAD,Y,,3,,,,,Y,Y,Y,Y,,Y,Y,Y,Y,Y,Y,Y,,REAR,,,,,,,,,,,,,,,,,,,,,,,,,,,,,,,,,
2118298,92766763ed784df6522f7641fa9f2ed55c4ae892004c2bb262d21ca5f44d50d32f3ef2ef46cfecfd9259b62f3b6b73af3ecc3ab3d35668d6b33aead024dd795f,07/31/2025 08:05:00 AM,1,DRIVER,,2019351,,UNKNOWN,OTHER (EXPLAIN IN NARRATIVE),XX,,NONE,TRUCK - SINGLE UNIT,UNKNOWN/NA,E,TURNING RIGHT,,,1,,,,,,,,,,,,,,,,,,UNKNOWN,,,,,,,,,,,,,,,,,,,,,,,,,,,,,,,,,
2118299,92766763ed784df6522f7641fa9f2ed55c4ae892004c2bb262d21ca5f44d50d32f3ef2ef46cfecfd9259b62f3b6b73af3ecc3ab3d35668d6b33aead024dd795f,07/31/2025 08:05:00 AM,2,DRIVER,,2019358,,NEW FLYER,D40LF,IL,2008,NONE,BUS OVER 15 PASS.,CTA,E,STRAIGHT AHEAD,,,1,,,,,,,,,,,Y,Y,,,,,,REAR-LEFT-CORNER,,,,,,,,,,,,,,,,,,,,,,,,,,,,,,,,,
2118290,b08f814e5fc41adc1ec7790a7630d26c523b17b43eb38c0a34da1249e0159e841de9d47f70c0594aabbd01a45fffcfca4dcd4cd8d4471ff91e795f29510a45ff,07/31/2025 08:05:00 AM,1,DRIVER,,2019343,,VOLKSWAGEN,OTHER (EXPLAIN IN NARRATIVE),IL,2022,NONE,PASSENGER,PERSONAL,SW,STRAIGHT AHEAD,,,1,,,,,,,,,,,,,Y,Y,Y,Y,,FRONT-LEFT-CORNER,,,,,,,,,,,,,,,,,,,,,,,,,,,,,,,,,
2118291,b08f814e5fc41adc1ec7790a7630d26c523b17b43eb38c0a34da1249e0159e841de9d47f70c0594aabbd01a45fffcfca4dcd4cd8d4471ff91e795f29510a45ff,07/31/2025 08:05:00 AM,2,BICYCLE,,,,,,,,,,,,,,,,,,,,,,,,,,,,,,,,,,,,,,,,,,,,,,,,,,,,,,,,,,,,,,,,,,
2118277,d23dbe40cc583402e9d8acf938f057420b4849f5a79fccc608558816cd4a01668454f8c8930743759f7e582808dd908212e2c43240d0818203f3110442f44be5,07/31/2025 07:59:00 AM,1,DRIVER,,2019330,,TOYOTA,HIGHLANDER,MI,2024,NONE,PASSENGER,PERSONAL,SE,CHANGING LANES,,,1,,,,,,,,,,,,,,Y,Y,,,FRONT-LEFT-CORNER,,,,,,,,,,,,,,,,,,,,,,,,,,,,,,,,,
2118278,d23dbe40cc583402e9d8acf938f057420b4849f5a79fccc608558816cd4a01668454f8c8930743759f7e582808dd908212e2c43240d0818203f3110442f44be5,07/31/2025 07:59:00 AM,2,DRIVER,,2019333,,FORD,EXPEDITION,IL,2023,NONE,SPORT UTILITY VEHICLE (SUV),TAXI/FOR HIRE,SE,STRAIGHT AHEAD,,,1,,,,,,,Y,Y,Y,,,,,,,,,SIDE-RIGHT-REAR,,,,,,,,,,,,,,,,,,,,,,,,,,,,,,,,,
2118273,6b4ec336e37f41f1a4ad4f940760289d307a9c9b135ae9c359cc542f29c02649181a8be735b205d7ba3c91eaca9d44ec4fbcfa93405184aaafb969a6fe950336,07/31/2025 07:50:00 AM,1,DRIVER,,2019322,,CHEVROLET,TRAX,IL,2016,NONE,PASSENGER,PERSONAL,S,STRAIGHT AHEAD,,,1,,,,,,,,,,,,,,,,Y,,FRONT,,,,,,,,,,,,,,,,,,,,,,,,,,,,,,,,,
2118274,6b4ec336e37f41f1a4ad4f940760289d307a9c9b135ae9c359cc542f29c02649181a8be735b205d7ba3c91eaca9d44ec4fbcfa93405184aaafb969a6fe950336,07/31/2025 07:50:00 AM,2,DRIVER,,2019323,,HONDA,HR-V,,2021,NONE,PASSENGER,PERSONAL,S,SLOW/STOP IN TRAFFIC,,,1,,,,,,,,,,Y,,,,,,,,REAR,,,,,,,,,,,,,,,,,,,,,,,,,,,,,,,,,
2118621,c0924aec4d1e27657cbef2d69e6c7ae0dc2fd9bdcfd47c176e0005fbb5f003350963d79b36476313d48c0e686d3928ac10a487ce84badfa6fdc08825267999d8,07/31/2025 07:50:00 AM,1,DRIVER,,2019659,,KIA,SPORTAGE,IL,2023,UNKNOWN,SPORT UTILITY VEHICLE (SUV),PERSONAL,UNKNOWN,STRAIGHT AHEAD,,,1,,,,,,,,,,,,,,,,Y,,FRONT,,,,,,,,,,,,,,,,,,,,,,,,,,,,,,,,,
2118622,c0924aec4d1e27657cbef2d69e6c7ae0dc2fd9bdcfd47c176e0005fbb5f003350963d79b36476313d48c0e686d3928ac10a487ce84badfa6fdc08825267999d8,07/31/2025 07:50:00 AM,2,DRIVER,,2019664,,BMW,530I,IL,2018,UNKNOWN,PASSENGER,PERSONAL,UNKNOWN,STRAIGHT AHEAD,,,1,,,,,,,,,Y,Y,Y,,,,,,,REAR,,,,,,,,,,,,,,,,,,,,,,,,,,,,,,,,,
2118312,f22116d639ff8a54f98d3582448e56054167e23cf81a16dff15db8dfa6e402aca6980dcab32923ff412611d5c5fc767ad3275e87b62ca0dee467b73c95035883,07/31/2025 07:45:00 AM,1,DRIVER,,2019364,,HYUNDAI,SONATA,IL,2021,NONE,PASSENGER,PERSONAL,E,STRAIGHT AHEAD,Y,,1,,,,,Y,,,,,,,,,,,Y,,FRONT,,,,,,,,,,,,,,,,,,,,,,,,,,,,,,,,,
2118313,b288b8f2ee4cf3d1e6bb4ba0244ae3e7d4ef20f64458f4537cbcd31f9a67758c7b46e0505a46ba51dc686fff3bf7a6900e8497368b676cd64ef6d1e588def1a0,07/31/2025 07:43:00 AM,1,DRIVER,1,2019356,,KIA,SOUL,FL,2016,UNKNOWN,PASSENGER,OTHER,S,TURNING RIGHT,,,2,,,,,Y,,,,,,,,,,,,,FRONT-RIGHT-CORNER,,,,,,,,,,,,,,,,,,,,,,,,,,,,,,,,,
2118314,b288b8f2ee4cf3d1e6bb4ba0244ae3e7d4ef20f64458f4537cbcd31f9a67758c7b46e0505a46ba51dc686fff3bf7a6900e8497368b676cd64ef6d1e588def1a0,07/31/2025 07:43:00 AM,2,PARKED,,2019367,,HONDA,CR-V,IL,2003,UNKNOWN,PASSENGER,NOT IN USE,W,PARKED,,,0,,,,Y,,,,,,,,,,,,,,REAR-RIGHT-CORNER,,,,,,,,,,,,,,,,,,,,,,,,,,,,,,,,,
2118333,a0d0f31f44a5f703d816cf80223dbfc162154b8e23bf3f6a26130e4cc58919a6e5283376beaa23f4fb8bc89fe546fb9eee6d809a7098b1bc68cc65d1682ebf87,07/31/2025 07:42:00 AM,1,DRIVER,,2019383,,MAZDA,CX-3,IL,2010,UNKNOWN,PASSENGER,PERSONAL,E,SLOW/STOP IN TRAFFIC,,,1,,,,,,,,,,,,,,,Y,Y,,FRONT,,,,,,,,,,,,,,,,,,,,,,,,,,,,,,,,,
2118334,a0d0f31f44a5f703d816cf80223dbfc162154b8e23bf3f6a26130e4cc58919a6e5283376beaa23f4fb8bc89fe546fb9eee6d809a7098b1bc68cc65d1682ebf87,07/31/2025 07:42:00 AM,2,DRIVER,1,2019403,,CHEVROLET,COLORADO,IL,2017,UNKNOWN,PICKUP,PERSONAL,E,CHANGING LANES,,,2,,,,,,,Y,Y,Y,,,,,,,,,UNKNOWN,,,,,,,,,,,,,,,,,,,,,,,,,,,,,,,,,
2118335,a0d0f31f44a5f703d816cf80223dbfc162154b8e23bf3f6a26130e4cc58919a6e5283376beaa23f4fb8bc89fe546fb9eee6d809a7098b1bc68cc65d1682ebf87,07/31/2025 07:42:00 AM,3,DRIVER,,2019417,,HARLEY-DAVIDSON,HARLEY-DAVIDSON,IL,,UNKNOWN,MOTORCYCLE (OVER 150CC),PERSONAL,E,STRAIGHT AHEAD,Y,,1,,,,,,,,,,,,,,,,,,REAR,,,,,,,,,,,,,,,,,,,,,,,,,,,,,,,,,
2124282,5895d8e3da5e7e289afd4df3b597a8f1f3f62fa6d0c4d5d732105f73334617d3cc0221840b0489298e6ea0b8aa12f8c73cd03569ee04d4023bf29a621dfbe4ce,07/31/2025 07:30:00 AM,1,DRIVER,,2025066,,UNKNOWN,ENCLOSED BODY,IL,,UNKNOWN,PASSENGER,UNKNOWN/NA,UNKNOWN,UNKNOWN/NA,,,1,,,,,,,,,,,,,,,,,Y,UNKNOWN,,,,,,,,,,,,,,,,,,,,,,,,,,,,,,,,,
2124283,5895d8e3da5e7e289afd4df3b597a8f1f3f62fa6d0c4d5d732105f73334617d3cc0221840b0489298e6ea0b8aa12f8c73cd03569ee04d4023bf29a621dfbe4ce,07/31/2025 07:30:00 AM,2,PARKED,,2025069,,KIA,SORENTO,IL,2025,NONE,SPORT UTILITY VEHICLE (SUV),NOT IN USE,UNKNOWN,PARKED,,,0,,,,,,,,,Y,,,,,,,,,REAR-RIGHT-CORNER,,,,,,,,,,,,,,,,,,,,,,,,,,,,,,,,,
2118284,7e67a9b1c71279e7c3153b86e0f266a4f20cc78cfc8a7fa97db7c1ff4bcf31a06989095b244197372434dcd6e462db8015727f2d58cdf0cc826bccf525861a0a,07/31/2025 07:15:00 AM,1,DRIVER,,2019335,,DODGE,JOURNEY,IL,2018,UNKNOWN,SPORT UTILITY VEHICLE (SUV),PERSONAL,E,TURNING LEFT,,,1,,,,,,,,,,,,,,,,Y,,FRONT,,,,,,,,,,,,,,,,,,,,,,,,,,,,,,,,,
2118285,7e67a9b1c71279e7c3153b86e0f266a4f20cc78cfc8a7fa97db7c1ff4bcf31a06989095b244197372434dcd6e462db8015727f2d58cdf0cc826bccf525861a0a,07/31/2025 07:15:00 AM,2,PEDESTRIAN,,,,,,,,,,,,,,,,,,,,,,,,,,,,,,,,,,,,,,,,,,,,,,,,,,,,,,,,,,,,,,,,,,
2122773,86f34e92cdbde688c82be10f2d73fd2fde79bb8645bb3a34e425f26644b687cd4e7a52efafde1c6bf377e43087c7b02313fd148852fe13436586333f78096747,07/31/2025 07:05:00 AM,1,DRIVER,,2023662,,FORD,OTHER (EXPLAIN IN NARRATIVE),AZ,2017,UNKNOWN,UNKNOWN/NA,OTHER,UNKNOWN,STRAIGHT AHEAD,,,1,,,,,,,,,,,,,,,,,,UNKNOWN,,,,,,,,,,,,,,,,,,,,,,,,,,,,,,,,,
2118414,34ab88e56b890a0bb277e46ee91cb23d8e81f44315578fb6cbb9b36b94e210fef80449b6bce8d2cb6df9524be78a293d83a6a587cfbe2648860b3dcc02638070,07/31/2025 07:00:00 AM,1,DRIVER,,2019459,,JEEP,COMMANDER,IL,2006,NONE,PASSENGER,PERSONAL,S,PASSING/OVERTAKING,,,1,,,,,,,,,,Y,Y,Y,,,,,,REAR-LEFT-CORNER,,,,,,,,,,,,,,,,,,,,,,,,,,,,,,,,,
2118415,34ab88e56b890a0bb277e46ee91cb23d8e81f44315578fb6cbb9b36b94e210fef80449b6bce8d2cb6df9524be78a293d83a6a587cfbe2648860b3dcc02638070,07/31/2025 07:00:00 AM,2,DRIVER,,2019486,,MAZDA,MX-5,IL,2015,NONE,PASSENGER,PERSONAL,S,TURNING RIGHT,,,1,,,,,Y,Y,,,,,,,,,,,,FRONT-RIGHT-CORNER,,,,,,,,,,,,,,,,,,,,,,,,,,,,,,,,,
2118316,6d8128fc7df4e41d7f28866f0b64b541e2335da0ba79798b1664eebc9eb2dca42513638bc0a8ab8e5218f8e8d780314ce6726f55eeb1c50ec5208741c6bcd68b,07/31/2025 07:00:00 AM,1,DRIVER,,2019361,,FORD,F750,IL,2000,NONE,TRUCK - SINGLE UNIT,CONSTRUCTION/MAINTENANCE,S,BACKING,,,1,,,,Y,,,,,,,,,,,,,,REAR,,,,,,,,,,,,,,,,,,,,,,,,,,,,,,,,,
2118317,6d8128fc7df4e41d7f28866f0b64b541e2335da0ba79798b1664eebc9eb2dca42513638bc0a8ab8e5218f8e8d780314ce6726f55eeb1c50ec5208741c6bcd68b,07/31/2025 07:00:00 AM,2,PARKED,,2019372,,SATURN,ION,IL,2007,UNKNOWN,PASSENGER,NOT IN USE,N,PARKED,,,0,,,,,,,,,,,,,,,,Y,,FRONT,,,,,,,,,,,,,,,,,,,,,,,,,,,,,,,,,
2118847,fb35d622d310530d57e667bbd5cfe256dc0052c230da768897c62d227f22cf2bc28fdb568b5dc55d3d868ba46900ebe3f60b961fb3abfdf9b9d53f808210b4d9,07/31/2025 07:00:00 AM,1,DRIVER,,2019880,,JEEP,GRAND CHEROKEE,IL,2006,NONE,PASSENGER,PERSONAL,S,STRAIGHT AHEAD,,,1,,,,,,,,,,,,,,,,,Y,FRONT,,,,,,,,,,,,,,,,,,,,,,,,,,,,,,,,,
2118848,fb35d622d310530d57e667bbd5cfe256dc0052c230da768897c62d227f22cf2bc28fdb568b5dc55d3d868ba46900ebe3f60b961fb3abfdf9b9d53f808210b4d9,07/31/2025 07:00:00 AM,2,PARKED,,2019884,,JEEP,CHEROKEE,IL,2017,NONE,PASSENGER,NOT IN USE,S,PARKED,,,0,,,,,,,,,,Y,,,,,,,,REAR,,,,,,,,,,,,,,,,,,,,,,,,,,,,,,,,,
2118623,7748d197a9443edad4acf3c14607641b391be44d9af5b9c0c526609419e3fa455a07194a795d9c42cc4aecb8ee1fc7712aa96ddb4ec0ad61405acaeb15ecbb35,07/31/2025 06:50:00 AM,1,DRIVER,,2019658,,HONDA,CIVIC,IL,2006,NONE,PASSENGER,PERSONAL,S,STRAIGHT AHEAD,,,1,,,,,,,,,,,,,,,,N,,FRONT-RIGHT-CORNER,,,,,,,,,,,,,,,,,,,,,,,,,,,,,,,,,
2118624,7748d197a9443edad4acf3c14607641b391be44d9af5b9c0c526609419e3fa455a07194a795d9c42cc4aecb8ee1fc7712aa96ddb4ec0ad61405acaeb15ecbb35,07/31/2025 06:50:00 AM,2,PEDESTRIAN,,,,,,,,,,,,,,,,,,,,,,,,,,,,,,,,,,,,,,,,,,,,,,,,,,,,,,,,,,,,,,,,,,
2129556,7748d197a9443edad4acf3c14607641b391be44d9af5b9c0c526609419e3fa455a07194a795d9c42cc4aecb8ee1fc7712aa96ddb4ec0ad61405acaeb15ecbb35,07/31/2025 06:50:00 AM,1,NON-MOTOR VEHICLE,,,,,,,,,,,,,,,,,,,,,,,,,,,,,,,,,,,,,,,,,,,,,,,,,,,,,,,,,,,,,,,,,,
2129557,7748d197a9443edad4acf3c14607641b391be44d9af5b9c0c526609419e3fa455a07194a795d9c42cc4aecb8ee1fc7712aa96ddb4ec0ad61405acaeb15ecbb35,07/31/2025 06:50:00 AM,2,DRIVER,,2030094,,HONDA,CIVIC,IL,2006,NONE,PASSENGER,PERSONAL,S,STRAIGHT AHEAD,,,1,,,,Y,,,,,,,,,,,,,,FRONT-RIGHT-CORNER,,,,,,,,,,,,,,,,,,,,,,,,,,,,,,,,,
2118268,b2bdbcccc9c83fb18f3411a4fd6d40929f9585cb877d72fe2699c6ab0602075aefc47eb2ed61a19250b87463ca9d740b3183cea402a574be277e7d2d613d877d,07/31/2025 06:45:00 AM,1,DRIVER,,2019319,,MAZDA,MAZDA6,IL,2009,UNKNOWN,PASSENGER,PERSONAL,W,ENTER FROM DRIVE/ALLEY,,,1,,,,,,,,,,,,,,,,Y,,FRONT,,,,,,,,,,,,,,,,,,,,,,,,,,,,,,,,,
2118269,b2bdbcccc9c83fb18f3411a4fd6d40929f9585cb877d72fe2699c6ab0602075aefc47eb2ed61a19250b87463ca9d740b3183cea402a574be277e7d2d613d877d,07/31/2025 06:45:00 AM,2,DRIVER,,2019324,,HONDA,CR-V,IL,2019,UNKNOWN,SPORT UTILITY VEHICLE (SUV),PERSONAL,N,BACKING,,,1,,,,,,,,,,,Y,Y,,,,,,SIDE-LEFT-REAR,,,,,,,,,,,,,,,,,,,,,,,,,,,,,,,,,
2122505,00c6f33d8594a7264bb77ee6faa9fd8b97b01d3241701b12ed3cc2a12d9a4c347707a47710cb9994906e177b73c7a8e734d9ece37fae6fdd9793ee7d418d9975,07/31/2025 06:25:00 AM,1,DRIVER,,2023400,,HYUNDAI,SONATA,IL,2015,UNKNOWN,PASSENGER,PERSONAL,N,STRAIGHT AHEAD,,,1,,,,,,,,,,,,,,,,Y,,FRONT,,,,,,,,,,,,,,,,,,,,,,,,,,,,,,,,,
2122506,00c6f33d8594a7264bb77ee6faa9fd8b97b01d3241701b12ed3cc2a12d9a4c347707a47710cb9994906e177b73c7a8e734d9ece37fae6fdd9793ee7d418d9975,07/31/2025 06:25:00 AM,2,DRIVER,,2023401,,"MACK TRUCKS, INC.",OTHER (EXPLAIN IN NARRATIVE),IL,2001,NONE,TRUCK - SINGLE UNIT,OTHER,N,STRAIGHT AHEAD,,,1,,,,,,,,,,Y,,,,,,,,REAR,,,,,,,,,,,,,,,,,,,,,,,,,,,,,,,,,
2118673,f6feebd7191a146f386b2558dd776a01415956b7f1340c8843d2342814a37273dd802aa3ea66c67ffd1c06b1af90a548c7659f8cd6b171c02543e52879ca38cf,07/31/2025 05:40:00 AM,1,DRIVER,,2019707,,UNKNOWN,OTHER (EXPLAIN IN NARRATIVE),IL,,UNKNOWN,UNKNOWN/NA,UNKNOWN/NA,UNKNOWN,UNKNOWN/NA,,,1,,,,,,,,,,,,,,,,,Y,UNKNOWN,,,,,,,,,,,,,,,,,,,,,,,,,,,,,,,,,
2118674,f6feebd7191a146f386b2558dd776a01415956b7f1340c8843d2342814a37273dd802aa3ea66c67ffd1c06b1af90a548c7659f8cd6b171c02543e52879ca38cf,07/31/2025 05:40:00 AM,2,PARKED,,2019712,,TOYOTA,COROLLA,IL,2017,NONE,PASSENGER,UNKNOWN/NA,S,PARKED,,,0,,,,,,,,,,,,,,Y,Y,Y,,UNKNOWN,,,,,,,,,,,,,,,,,,,,,,,,,,,,,,,,,
2118256,393f33d20b2d4646915838d926e1f2534e376dac3474c0dc632415406b5010435e49acad2900a1536478891b2822957dbe8e98c344ba0a5a928329f5b837dbff,07/31/2025 04:40:00 AM,1,DRIVER,,2019305,,TOYOTA,SIENNA,IL,2003,UNKNOWN,VAN/MINI-VAN,PERSONAL,W,STRAIGHT AHEAD,Y,,1,,CITY OF CHICAGO,CITY OF CHICAGO,,Y,Y,,,,,,,,,N,Y,,FRONT,,,,,,,,,,,,,,,,,,,,,,,,,,,,,,,,,
2118257,393f33d20b2d4646915838d926e1f2534e376dac3474c0dc632415406b5010435e49acad2900a1536478891b2822957dbe8e98c344ba0a5a928329f5b837dbff,07/31/2025 04:40:00 AM,2,PARKED,,2019306,,TOYOTA,RAV4,IL,2015,UNKNOWN,PASSENGER,PERSONAL,E,PARKED,,,0,,,,,,,,,,,,,,Y,Y,Y,,FRONT-LEFT-CORNER,,,,,,,,,,,,,,,,,,,,,,,,,,,,,,,,,
2122196,e6432362444e6b1b33ca25200f81931f1453c0a2b6a11223532cd5924cd5ea8489e536ac57909177f3ea7c1398de5f1be7f5061dfacda5ece6062c88f59ac34e,07/31/2025 04:06:00 AM,1,DRIVER,,2023106,,TOYOTA,CAMRY,IL,2022,NONE,PASSENGER,PERSONAL,N,STRAIGHT AHEAD,,,1,,,,,Y,,,,,,,,,,Y,Y,,FRONT,,,,,,,,,,,,,,,,,,,,,,,,,,,,,,,,,
2122197,e6432362444e6b1b33ca25200f81931f1453c0a2b6a11223532cd5924cd5ea8489e536ac57909177f3ea7c1398de5f1be7f5061dfacda5ece6062c88f59ac34e,07/31/2025 04:06:00 AM,2,DRIVER,,2023117,,TOYOTA,RAV4,IL,2017,NONE,PASSENGER,PERSONAL,N,STARTING IN TRAFFIC,,,1,,,,,,,,,Y,Y,Y,,,,,,,REAR,,,,,,,,,,,,,,,,,,,,,,,,,,,,,,,,,
2118252,2494e3f03d456672d4482c324c7e825cfee43a8c5275a3b1f9be014dcf8f8c79c28162feada525939266d6bd43fd6009383fc704ff04b87aedfdeb55c800d346,07/31/2025 04:00:00 AM,1,DRIVER,,2019301,,INFINITI,Q60,IL,2017,NONE,PASSENGER,PERSONAL,N,STRAIGHT AHEAD,Y,,1,,unknown,unknown,,Y,Y,,,,,,,,Y,Y,Y,,FRONT,,,,,,,,,,,,,,,,,,,,,,,,,,,,,,,,,
2118253,2494e3f03d456672d4482c324c7e825cfee43a8c5275a3b1f9be014dcf8f8c79c28162feada525939266d6bd43fd6009383fc704ff04b87aedfdeb55c800d346,07/31/2025 04:00:00 AM,2,DRIVER,,2019302,,FORD,FOCUS,IL,2011,NONE,PASSENGER,PERSONAL,E,STRAIGHT AHEAD,Y,,1,,unknown,unknown,,,Y,Y,Y,,,,,,,,,,SIDE-RIGHT,,,,,,,,,,,,,,,,,,,,,,,,,,,,,,,,,
2118791,98078781b03dfc88ea9bc61459263ba070046c414f5070b42255f33df82b1f362320f6c5b34f0b8176b1984aff4386a008d6fd2f15aee7f06858f3640cbb3f74,07/31/2025 03:30:00 AM,1,DRIVER,,2019823,,UNKNOWN,OTHER (EXPLAIN IN NARRATIVE),IL,,UNKNOWN,SPORT UTILITY VEHICLE (SUV),UNKNOWN/NA,UNKNOWN,UNKNOWN/NA,,,1,,,,,Y,,,,,,,,,,Y,Y,,FRONT,,,,,,,,,,,,,,,,,,,,,,,,,,,,,,,,,
2118792,98078781b03dfc88ea9bc61459263ba070046c414f5070b42255f33df82b1f362320f6c5b34f0b8176b1984aff4386a008d6fd2f15aee7f06858f3640cbb3f74,07/31/2025 03:30:00 AM,2,DRIVER,,2019835,,FORD,OTHER (EXPLAIN IN NARRATIVE),IL,2007,OTHER,UNKNOWN/NA,UNKNOWN/NA,UNKNOWN,UNKNOWN/NA,,,1,,,,,Y,,,,,,,,,,,Y,,FRONT-RIGHT-CORNER,,,,,,,,,,,,,,,,,,,,,,,,,,,,,,,,,
2118245,297eee5024aaaad339324ca0343567c81240a8f29c1e0f9fd964adc7036bb851ecb6e4a566f366187d8e63344714a2de063f5c680d7a585e3ba7f19ef92f1fe7,07/31/2025 03:00:00 AM,1,DRIVER,3,2019293,,INFINITI,G37,IL,2013,NONE,PASSENGER,PERSONAL,N,STRAIGHT AHEAD,Y,,4,,CITY OF CHICAGO,,,Y,Y,Y,,,,,,,Y,Y,Y,,FRONT-RIGHT-CORNER,,,,,,,,,,,,,,,,,,,,,,,,,,,,,,,,,
2118246,297eee5024aaaad339324ca0343567c81240a8f29c1e0f9fd964adc7036bb851ecb6e4a566f366187d8e63344714a2de063f5c680d7a585e3ba7f19ef92f1fe7,07/31/2025 03:00:00 AM,2,PARKED,,2019296,,CHEVROLET,TRAIL BLAZER,IL,2021,NONE,PASSENGER,NOT IN USE,S,PARKED,,,0,,,,,Y,Y,Y,,,,,,,,,Y,,FRONT-RIGHT-CORNER,,,,,,,,,,,,,,,,,,,,,,,,,,,,,,,,,
2118247,297eee5024aaaad339324ca0343567c81240a8f29c1e0f9fd964adc7036bb851ecb6e4a566f366187d8e63344714a2de063f5c680d7a585e3ba7f19ef92f1fe7,07/31/2025 03:00:00 AM,3,PARKED,,2019297,,SUBARU,FORESTER,IL,2014,NONE,PASSENGER,NOT IN USE,S,PARKED,,,0,,,,,Y,,,,,,,,,,Y,Y,,FRONT,,,,,,,,,,,,,,,,,,,,,,,,,,,,,,,,,
2118241,1d35f5dd48b118559edb099fc0107d3685a71e4249761a13b0011a1ad15b82e2da7d478af79be2dd2bfd94a7f6abec3b2b499d843d67887ebb6317dc644af40c,07/31/2025 02:50:00 AM,1,DRIVER,,2019291,,KIA,SORENTO,IL,2017,UNKNOWN,PASSENGER,PERSONAL,SW,TURNING LEFT,Y,,1,,PERSONAL TOW,,,Y,Y,,,,,,,,,,Y,,FRONT-RIGHT-CORNER,,,,,,,,,,,,,,,,,,,,,,,,,,,,,,,,,