CRASH_UNIT_ID,CRASH_RECORD_ID,CRASH_DATE,UNIT_NO,UNIT_TYPE,NUM_PASSENGERS,VEHICLE_ID,CMRC_VEH_I,MAKE,MODEL,LIC_PLATE_STATE,VEHICLE_YEAR,VEHICLE_DEFECT,VEHICLE_TYPE,VEHICLE_USE,TRAVEL_DIRECTION,MANEUVER,TOWED_I,FIRE_I,OCCUPANT_CNT,EXCEED_SPEED_LIMIT_I,TOWED_BY,TOWED_TO,AREA_00_I,AREA_01_I,AREA_02_I,AREA_03_I,AREA_04_I,AREA_05_I,AREA_06_I,AREA_07_I,AREA_08_I,AREA_09_I,AREA_10_I,AREA_11_I,AREA_12_I,AREA_99_I,FIRST_CONTACT_POINT,CMV_ID,USDOT_NO,CCMC_NO,ILCC_NO,COMMERCIAL_SRC,GVWR,CARRIER_NAME,CARRIER_STATE,CARRIER_CITY,HAZMAT_PLACARDS_I,HAZMAT_NAME,UN_NO,HAZMAT_PRESENT_I,HAZMAT_REPORT_I,HAZMAT_REPORT_NO,MCS_REPORT_I,MCS_REPORT_NO,HAZMAT_VIO_CAUSE_CRASH_I,MCS_VIO_CAUSE_CRASH_I,IDOT_PERMIT_NO,WIDE_LOAD_I,TRAILER1_WIDTH,TRAILER2_WIDTH,TRAILER1_LENGTH,TRAILER2_LENGTH,TOTAL_VEHICLE_LENGTH,AXLE_CNT,VEHICLE_CONFIG,CARGO_BODY_TYPE,LOAD_TYPE,HAZMAT_OUT_OF_SERVICE_I,MCS_OUT_OF_SERVICE_I,HAZMAT_CLASS
2118242,1d35f5dd48b118559edb099fc0107d3685a71e4249761a13b0011a1ad15b82e2da7d478af79be2dd2bfd94a7f6abec3b2b499d843d67887ebb6317dc644af40c,07/31/2025 02:50:00 AM,2,PARKED,,2019295,,NISSAN,X-TERRA,IL,2002,UNKNOWN,PASSENGER,NOT IN USE,S,PARKED,,,0,,,,,,,,,,Y,Y,Y,,,,,,REAR-LEFT-CORNER,,,,,,,,,,,,,,,,,,,,,,,,,,,,,,,,,
2118378,2c590cd49673b6cef66e6926dda3e05cc882a02eedd7f71becc05e54b3fdf46750b3993f366bf41fedce2c955afeb621a848ec26c2d78d047288565dcaa7a2e2,07/31/2025 02:30:00 AM,1,DRIVER,,2019418,,UNKNOWN,OTHER (EXPLAIN IN NARRATIVE),IL,,OTHER,UNKNOWN/NA,UNKNOWN/NA,UNKNOWN,UNKNOWN/NA,,,1,,,,,,,,,,,,,,,,,Y,UNKNOWN,,,,,,,,,,,,,,,,,,,,,,,,,,,,,,,,,
2118379,2c590cd49673b6cef66e6926dda3e05cc882a02eedd7f71becc05e54b3fdf46750b3993f366bf41fedce2c955afeb621a848ec26c2d78d047288565dcaa7a2e2,07/31/2025 02:30:00 AM,2,PARKED,,2019423,,TOYOTA,CAMRY,IL,2023,NONE,PASSENGER,PERSONAL,N,PARKED,,,0,,,,,,,,,,,Y,,,,,,,REAR-LEFT-CORNER,,,,,,,,,,,,,,,,,,,,,,,,,,,,,,,,,
2118280,3a841faa42352d835df24d74d0bea4c90cc620240ccc1f805667beb797cca07f6df91c4d44623d84ad521216e3dcbcf24af6727a3b587f4ab40177a97302386f,07/31/2025 02:00:00 AM,1,DRIVER,,2019329,,UNKNOWN,OTHER (EXPLAIN IN NARRATIVE),,,UNKNOWN,UNKNOWN/NA,UNKNOWN/NA,UNKNOWN,UNKNOWN/NA,,,1,,,,,,,,,,,,,,,,,Y,UNKNOWN,,,,,,,,,,,,,,,,,,,,,,,,,,,,,,,,,
2118281,3a841faa42352d835df24d74d0bea4c90cc620240ccc1f805667beb797cca07f6df91c4d44623d84ad521216e3dcbcf24af6727a3b587f4ab40177a97302386f,07/31/2025 02:00:00 AM,2,PARKED,,2019332,,NISSAN,SENTRA,IL,2010,NONE,PASSENGER,NOT IN USE,W,PARKED,Y,,0,,UNKNOWN,UNKNOWN,,,,,,Y,Y,Y,Y,,Y,Y,Y,,REAR-LEFT-CORNER,,,,,,,,,,,,,,,,,,,,,,,,,,,,,,,,,
2118282,3a841faa42352d835df24d74d0bea4c90cc620240ccc1f805667beb797cca07f6df91c4d44623d84ad521216e3dcbcf24af6727a3b587f4ab40177a97302386f,07/31/2025 02:00:00 AM,3,PARKED,,2019334,,JEEP,GRAND CHEROKEE,IL,2011,NONE,SPORT UTILITY VEHICLE (SUV),NOT IN USE,W,PARKED,,,0,,,,,,,,,Y,Y,Y,,,,,Y,,REAR,,,,,,,,,,,,,,,,,,,,,,,,,,,,,,,,,
2118283,3a841faa42352d835df24d74d0bea4c90cc620240ccc1f805667beb797cca07f6df91c4d44623d84ad521216e3dcbcf24af6727a3b587f4ab40177a97302386f,07/31/2025 02:00:00 AM,4,PARKED,,2019336,,FORD,FIESTA,IL,2016,NONE,PASSENGER,NOT IN USE,W,PARKED,,,0,,,,,,,,,,Y,,,,,,,,REAR,,,,,,,,,,,,,,,,,,,,,,,,,,,,,,,,,
2118248,fb528f5ad3107c61b48744afc03585f6ec96c8cecf1ef1cfcca9b77e65186bbf65d1cf6243c85beee6dc8dd8bb6bc3458fa462ead4d3517313f4d831020d379c,07/31/2025 02:00:00 AM,1,DRIVER,1,2019298,,FORD,OTHER (EXPLAIN IN NARRATIVE),IN,2020,UNKNOWN,SPORT UTILITY VEHICLE (SUV),PERSONAL,S,STRAIGHT AHEAD,,,2,,,,,,,,,,,,,,,,,Y,SIDE-RIGHT,,,,,,,,,,,,,,,,,,,,,,,,,,,,,,,,,
2118249,fb528f5ad3107c61b48744afc03585f6ec96c8cecf1ef1cfcca9b77e65186bbf65d1cf6243c85beee6dc8dd8bb6bc3458fa462ead4d3517313f4d831020d379c,07/31/2025 02:00:00 AM,2,DRIVER,1,2019299,,NISSAN,ROGUE,IL,2016,UNKNOWN,SPORT UTILITY VEHICLE (SUV),PERSONAL,SE,STRAIGHT AHEAD,,,2,,,,,,,,,,,,,,,Y,,,SIDE-LEFT-FRONT,,,,,,,,,,,,,,,,,,,,,,,,,,,,,,,,,
2118229,3de6288cee77962d4cf78221685e905da5842c96f36724ce03a9b717737bf1e01fc960f2027fc7ea8e9ae03902e408bc668fb81e3a06b02692f81273bd0b9e70,07/31/2025 01:38:00 AM,1,DRIVER,,2019281,,CHEVROLET,TRAIL BLAZER,IL,2006,NONE,PASSENGER,PERSONAL,E,STRAIGHT AHEAD,,,1,,,,,Y,,,,Y,,,,,,,,,FRONT-RIGHT-CORNER,,,,,,,,,,,,,,,,,,,,,,,,,,,,,,,,,
2118230,3de6288cee77962d4cf78221685e905da5842c96f36724ce03a9b717737bf1e01fc960f2027fc7ea8e9ae03902e408bc668fb81e3a06b02692f81273bd0b9e70,07/31/2025 01:38:00 AM,2,DRIVER,,2019283,,HONDA,PILOT,IL,2014,UNKNOWN,PASSENGER,PERSONAL,N,STRAIGHT AHEAD,,,1,,,,,,,,,,,,,,,Y,Y,,FRONT-LEFT-CORNER,,,,,,,,,,,,,,,,,,,,,,,,,,,,,,,,,
2123773,dc934a99ef18d8fe1e544467a31407cf2af96239a99b20e64895de56e7def76cac0d60885d640fc7c2d58453dbd8543bad6bff3c448e3b91f1c4af341f62e6e9,07/31/2025 01:15:00 AM,1,DRIVER,,2024607,,UNKNOWN,OTHER (EXPLAIN IN NARRATIVE),IL,,UNKNOWN,UNKNOWN/NA,UNKNOWN/NA,E,STRAIGHT AHEAD,,,1,,,,,,,,,,,,,,,,,,UNKNOWN,,,,,,,,,,,,,,,,,,,,,,,,,,,,,,,,,
2123774,dc934a99ef18d8fe1e544467a31407cf2af96239a99b20e64895de56e7def76cac0d60885d640fc7c2d58453dbd8543bad6bff3c448e3b91f1c4af341f62e6e9,07/31/2025 01:15:00 AM,2,DRIVER,3,2024608,,GENERAL MOTORS CORPORATION (GMC),ACADIA,IL,2017,UNKNOWN,PASSENGER,UNKNOWN/NA,S,STRAIGHT AHEAD,Y,,4,,private,,,,,,Y,Y,,,,,,,,,REAR-RIGHT-CORNER,,,,,,,,,,,,,,,,,,,,,,,,,,,,,,,,,
2119238,f3355250149ee4c965282d0e8aeba8e2da1c282144d2056c414d0b201364cbec3f1b50b11a892f31503b8bbbb3bc0f93939457f441be34232afb2923ba24a536,07/31/2025 01:00:00 AM,1,DRIVER,,2020254,,UNKNOWN,OTHER (EXPLAIN IN NARRATIVE),,,UNKNOWN,UNKNOWN/NA,UNKNOWN/NA,UNKNOWN,UNKNOWN/NA,,,1,,,,,,,,,,,,,,,,,Y,UNKNOWN,,,,,,,,,,,,,,,,,,,,,,,,,,,,,,,,,
2119239,f3355250149ee4c965282d0e8aeba8e2da1c282144d2056c414d0b201364cbec3f1b50b11a892f31503b8bbbb3bc0f93939457f441be34232afb2923ba24a536,07/31/2025 01:00:00 AM,2,PARKED,,2020264,,TOYOTA,RAV4,IL,2021,NONE,PASSENGER,PERSONAL,N,PARKED,,,0,,,,,Y,Y,,,,,,,,,,,,FRONT-RIGHT-CORNER,,,,,,,,,,,,,,,,,,,,,,,,,,,,,,,,,
2118225,16d3c8f296ba3bae380da7f9d4b81f5dd53d805f4b9122327071c1e15186a9da72a6e51e5fc27a6b74ae195db6a0f351f1fd6da480e43aad7c69b0bc4a8522c9,07/31/2025 12:59:00 AM,1,DRIVER,,2019278,,TOYOTA,C-HR,IL,2021,NONE,PASSENGER,PERSONAL,W,STRAIGHT AHEAD,,,1,,,,,Y,,,,,,,,,,Y,Y,,FRONT,,,,,,,,,,,,,,,,,,,,,,,,,,,,,,,,,
2118226,16d3c8f296ba3bae380da7f9d4b81f5dd53d805f4b9122327071c1e15186a9da72a6e51e5fc27a6b74ae195db6a0f351f1fd6da480e43aad7c69b0bc4a8522c9,07/31/2025 12:59:00 AM,2,DRIVER,1,2019279,,FORD,F450,IL,,NONE,OTHER,TOW TRUCK,W,STRAIGHT AHEAD,,,2,,,,,,,,,Y,Y,Y,,,,,,,REAR,,,,,,,,,,,,,,,,,,,,,,,,,,,,,,,,,
2118238,705758c64ffaa945a96b20a6e65999e69c4f693df7e5ac2dfe542d97973e261fa6a7a269944449b2675a8128fae40242f4072c60d336a32c20522c1fa3fdd7a6,07/31/2025 12:41:00 AM,1,DRIVER,,2019286,,CHEVROLET,CRUZE,IL,2013,NONE,PASSENGER,PERSONAL,W,TURNING LEFT,,,1,,,,,,,,,,,,,N,N,,,Y,UNKNOWN,,,,,,,,,,,,,,,,,,,,,,,,,,,,,,,,,
2118239,705758c64ffaa945a96b20a6e65999e69c4f693df7e5ac2dfe542d97973e261fa6a7a269944449b2675a8128fae40242f4072c60d336a32c20522c1fa3fdd7a6,07/31/2025 12:41:00 AM,2,PEDESTRIAN,,,,,,,,,,,,,,,,,,,,,,,,,,,,,,,,,,,,,,,,,,,,,,,,,,,,,,,,,,,,,,,,,,
2118240,705758c64ffaa945a96b20a6e65999e69c4f693df7e5ac2dfe542d97973e261fa6a7a269944449b2675a8128fae40242f4072c60d336a32c20522c1fa3fdd7a6,07/31/2025 12:41:00 AM,3,PARKED,,2019288,,JEEP,RENEGADE,IL,2017,NONE,SPORT UTILITY VEHICLE (SUV),PERSONAL,W,PARKED,,,0,,,,,Y,Y,Y,,,,,,,,,,,SIDE-RIGHT-FRONT,,,,,,,,,,,,,,,,,,,,,,,,,,,,,,,,,
2118235,0c851eef04c8f16f46d9fd886e9c4e831acc9a6da2d5b4716eaa21d0be287c54f7b21a5bb530f66d7a151d6664ee15865a0f345fbbeb41a73b49dde2e74a213b,07/31/2025 12:30:00 AM,1,DRIVER,,2019294,,UNKNOWN,MOTORIZED,IL,,UNKNOWN,UNKNOWN/NA,UNKNOWN/NA,N,UNKNOWN/NA,,,1,,,,,,,,,,,,,,,,,Y,UNKNOWN,,,,,,,,,,,,,,,,,,,,,,,,,,,,,,,,,
2118236,0c851eef04c8f16f46d9fd886e9c4e831acc9a6da2d5b4716eaa21d0be287c54f7b21a5bb530f66d7a151d6664ee15865a0f345fbbeb41a73b49dde2e74a213b,07/31/2025 12:30:00 AM,2,PARKED,,2019287,,HONDA,CR-V,IL,2021,OTHER,UNKNOWN/NA,PERSONAL,N,PARKED,,,0,,,,,,,,,,,,,,,Y,,,FRONT-LEFT-CORNER,,,,,,,,,,,,,,,,,,,,,,,,,,,,,,,,,
2118237,0c851eef04c8f16f46d9fd886e9c4e831acc9a6da2d5b4716eaa21d0be287c54f7b21a5bb530f66d7a151d6664ee15865a0f345fbbeb41a73b49dde2e74a213b,07/31/2025 12:30:00 AM,3,PARKED,,2019289,,CADILLAC,CT6,IL,2025,NONE,PASSENGER,PERSONAL,N,PARKED,,,0,,,,,,,,,,,,,,Y,,,,FRONT-LEFT-CORNER,,,,,,,,,,,,,,,,,,,,,,,,,,,,,,,,,
2118233,96f61ec67dc864fff682bfb4183c573507077d2e99eae2044e45bae49683cec639db15be0e7c4a9e27c45fd52294cd7be243c84fafd1b0aef39724f487e4753b,07/31/2025 12:30:00 AM,1,DRIVER,,2019284,,BMW,OTHER (EXPLAIN IN NARRATIVE),IL,2015,NONE,SPORT UTILITY VEHICLE (SUV),PERSONAL,S,AVOIDING VEHICLES/OBJECTS,Y,,1,,,,,Y,,,,,,,,,,Y,Y,,FRONT,,,,,,,,,,,,,,,,,,,,,,,,,,,,,,,,,
2118234,96f61ec67dc864fff682bfb4183c573507077d2e99eae2044e45bae49683cec639db15be0e7c4a9e27c45fd52294cd7be243c84fafd1b0aef39724f487e4753b,07/31/2025 12:30:00 AM,2,PARKED,,2019285,,MERCEDES-BENZ,GLB,IL,2020,NONE,SPORT UTILITY VEHICLE (SUV),PERSONAL,S,PARKED,,,0,,,,,,,,Y,Y,Y,Y,Y,,,,,,REAR,,,,,,,,,,,,,,,,,,,,,,,,,,,,,,,,,
2118243,bc8363ffe69a96ff64f71458393d7ee81ec2c5884be26b934cf9467dcef074548bc4928bfe4e9f0c80a3fa87f1734fd231a03d8e8562d1d475bf7eca99f798ba,07/31/2025 12:29:00 AM,1,DRIVER,,2019290,,NISSAN,VERSA,IL,2015,NONE,PASSENGER,PERSONAL,S,STRAIGHT AHEAD,Y,,1,,CPD,AUTO POUND #3N,,Y,,,,,,,,,,Y,Y,,FRONT,,,,,,,,,,,,,,,,,,,,,,,,,,,,,,,,,
2118244,bc8363ffe69a96ff64f71458393d7ee81ec2c5884be26b934cf9467dcef074548bc4928bfe4e9f0c80a3fa87f1734fd231a03d8e8562d1d475bf7eca99f798ba,07/31/2025 12:29:00 AM,2,DRIVER,,2019292,,AUDI,A6,IL,2012,NONE,PASSENGER,PERSONAL,W,TURNING LEFT,,,1,,,,,Y,,,,,,,,,,,,,FRONT-RIGHT-CORNER,,,,,,,,,,,,,,,,,,,,,,,,,,,,,,,,,
2118967,ef566a838b086e911b009c3c3a27734529e8c5c39dcd14773d2307c60556d47f553602b0827cd22f5b4d5da5647427f637e8dad5eaa0c3d7519690101cb62b41,07/31/2025 12:29:00 AM,1,DRIVER,,2019991,,GENERAL MOTORS CORPORATION (GMC),OTHER (EXPLAIN IN NARRATIVE),IL,2006,NONE,PASSENGER,PERSONAL,E,STRAIGHT AHEAD,,,1,,,,,Y,,,,,,,,,,Y,Y,,FRONT,,,,,,,,,,,,,,,,,,,,,,,,,,,,,,,,,
2118968,ef566a838b086e911b009c3c3a27734529e8c5c39dcd14773d2307c60556d47f553602b0827cd22f5b4d5da5647427f637e8dad5eaa0c3d7519690101cb62b41,07/31/2025 12:29:00 AM,2,DRIVER,,2019995,,GENERAL MOTORS CORPORATION (GMC),TERRAIN,IL,2017,NONE,PASSENGER,PERSONAL,E,STRAIGHT AHEAD,,,1,,,,,,,,,Y,Y,Y,,,,,,,REAR,,,,,,,,,,,,,,,,,,,,,,,,,,,,,,,,,
2118215,313d2c3a94d92d013371e08974ff39d639b15a200fc18a072b1b4357d1410d50c362cdd702b228c7e48c74fed092743f51a3448b0424d6e419c026d8058d0b48,07/31/2025 12:04:00 AM,1,DRIVER,,2019272,,KIA,OPTIMA / K5,IL,2023,NONE,PASSENGER,PERSONAL,S,MERGING,,,1,,,,,Y,,,,,,,,,,Y,Y,,FRONT-LEFT-CORNER,,,,,,,,,,,,,,,,,,,,,,,,,,,,,,,,,
2118216,313d2c3a94d92d013371e08974ff39d639b15a200fc18a072b1b4357d1410d50c362cdd702b228c7e48c74fed092743f51a3448b0424d6e419c026d8058d0b48,07/31/2025 12:04:00 AM,2,DRIVER,,2019273,,NISSAN,VERSA,IL,2015,NONE,PASSENGER,PERSONAL,S,CHANGING LANES,,,1,,,,,,,,,Y,Y,Y,,,,,,,REAR-RIGHT-CORNER,,,,,,,,,,,,,,,,,,,,,,,,,,,,,,,,,
2118275,459a25e3c631c37e05b71895f2666c7c13e0add6f5bad3d42510823e4296fe0febc9cdabe49d5c25cdafa14d6afff63fa18fe0c583c6cd2b4f6fcfc2165ece94,07/31/2025 12:01:00 AM,1,DRIVER,,2019325,,UNKNOWN,OTHER (EXPLAIN IN NARRATIVE),,,OTHER,UNKNOWN/NA,UNKNOWN/NA,SW,TURNING LEFT,,,1,,,,,Y,,,,,,,,,,,,,FRONT-RIGHT-CORNER,,,,,,,,,,,,,,,,,,,,,,,,,,,,,,,,,
2118276,459a25e3c631c37e05b71895f2666c7c13e0add6f5bad3d42510823e4296fe0febc9cdabe49d5c25cdafa14d6afff63fa18fe0c583c6cd2b4f6fcfc2165ece94,07/31/2025 12:01:00 AM,2,PARKED,,2019327,,FORD,TRANSIT,MN,2020,UNKNOWN,VAN/MINI-VAN,NOT IN USE,S,PARKED,,,0,,,,,,,,,,,,,,Y,N,,,SIDE-LEFT-FRONT,,,,,,,,,,,,,,,,,,,,,,,,,,,,,,,,,
2118327,9c6cc80f4c1f6c3a88266f839592a453f0a172192c3ad7c328620a881696dbc88f02634f4d486368ca9dcb8ccd20889190c11d73a6d0636ebb7cfa9e29f56575,07/31/2025 12:01:00 AM,1,DRIVER,,2019377,,UNKNOWN,OTHER (EXPLAIN IN NARRATIVE),XX,,UNKNOWN,UNKNOWN/NA,UNKNOWN/NA,UNKNOWN,UNKNOWN/NA,,,1,,,,,,,,,,,,,,,,,Y,UNKNOWN,,,,,,,,,,,,,,,,,,,,,,,,,,,,,,,,,
2118328,9c6cc80f4c1f6c3a88266f839592a453f0a172192c3ad7c328620a881696dbc88f02634f4d486368ca9dcb8ccd20889190c11d73a6d0636ebb7cfa9e29f56575,07/31/2025 12:01:00 AM,2,PARKED,,2019373,,TOYOTA,RAV4,IL,2022,NONE,SPORT UTILITY VEHICLE (SUV),PERSONAL,W,PARKED,,,0,,,,,,,,,,,Y,Y,Y,Y,Y,,,SIDE-LEFT,,,,,,,,,,,,,,,,,,,,,,,,,,,,,,,,,
2118209,b047bf80044fd532887e6654e84bfb0513bcb0ec7752acfc9bfb110814528b77dc5836ce0a93565452e51d83c9d07dddb7919dafc661910f536dc7c0fd3ec778,07/30/2025 11:45:00 PM,1,DRIVER,,2019261,,UNKNOWN,OTHER (EXPLAIN IN NARRATIVE),IL,,UNKNOWN,PICKUP,UNKNOWN/NA,W,PASSING/OVERTAKING,,,1,,,,,Y,,,,,,,,,,,,,FRONT-RIGHT-CORNER,,,,,,,,,,,,,,,,,,,,,,,,,,,,,,,,,
2118210,b047bf80044fd532887e6654e84bfb0513bcb0ec7752acfc9bfb110814528b77dc5836ce0a93565452e51d83c9d07dddb7919dafc661910f536dc7c0fd3ec778,07/30/2025 11:45:00 PM,2,DRIVER,1,2019264,,CHEVROLET,EQUINOX,IL,2019,NONE,PASSENGER,PERSONAL,W,STRAIGHT AHEAD,Y,,2,,,,,Y,Y,,Y,,,,Y,Y,,Y,,,REAR-LEFT-CORNER,,,,,,,,,,,,,,,,,,,,,,,,,,,,,,,,,
2118231,10a02d857819736ef124f1d2633531832fd12582a08197f59f08b5bb64f16e86eb963dcc9be1cc90a029838f39293cfeaa705698510bb216f0e59fb57580ace2,07/30/2025 11:35:00 PM,1,DRIVER,,2019282,,UNKNOWN,OTHER (EXPLAIN IN NARRATIVE),,,UNKNOWN,PASSENGER,UNKNOWN/NA,E,STRAIGHT AHEAD,,,1,,,,,,,,,,,,,,,,Y,,FRONT,,,,,,,,,,,,,,,,,,,,,,,,,,,,,,,,,
2118232,10a02d857819736ef124f1d2633531832fd12582a08197f59f08b5bb64f16e86eb963dcc9be1cc90a029838f39293cfeaa705698510bb216f0e59fb57580ace2,07/30/2025 11:35:00 PM,2,PEDESTRIAN,,,,,,,,,,,,,,,,,,,,,,,,,,,,,,,,,,,,,,,,,,,,,,,,,,,,,,,,,,,,,,,,,,
2118223,68af1faf2dbae0e8192d3376ee53b03a92f668db60a746a84b8447ad82d621f69a2f57e96cc5aecc78568d6d65827428b0019e016b4489c8f556236be3898ea0,07/30/2025 11:35:00 PM,1,DRIVER,,2019276,,KIA,SELTOS,IL,2024,UNKNOWN,PASSENGER,UNKNOWN/NA,E,STRAIGHT AHEAD,,,1,,,,,,,,,,,,,,Y,Y,,,FRONT-LEFT-CORNER,,,,,,,,,,,,,,,,,,,,,,,,,,,,,,,,,
2118224,68af1faf2dbae0e8192d3376ee53b03a92f668db60a746a84b8447ad82d621f69a2f57e96cc5aecc78568d6d65827428b0019e016b4489c8f556236be3898ea0,07/30/2025 11:35:00 PM,2,PEDESTRIAN,,,,,,,,,,,,,,,,,,,,,,,,,,,,,,,,,,,,,,,,,,,,,,,,,,,,,,,,,,,,,,,,,,
2118185,5646fdb7a737f60c7aa851da0317b8d34b7d4b34d15ff131b25a912e0ce664190def309b4469d420ea35ad535cf13abb08a8d2acae34f8db43d912af52735cf2,07/30/2025 11:30:00 PM,1,DRIVER,,2019234,,VOLKSWAGEN,ATLAS,IL,2023,UNKNOWN,SPORT UTILITY VEHICLE (SUV),UNKNOWN/NA,E,STRAIGHT AHEAD,,,1,,,,,,,,,,,,,,,,,,FRONT,,,,,,,,,,,,,,,,,,,,,,,,,,,,,,,,,
2118186,5646fdb7a737f60c7aa851da0317b8d34b7d4b34d15ff131b25a912e0ce664190def309b4469d420ea35ad535cf13abb08a8d2acae34f8db43d912af52735cf2,07/30/2025 11:30:00 PM,2,DRIVER,,2019240,,HONDA,FIT,IL,2017,UNKNOWN,PASSENGER,UNKNOWN/NA,E,STRAIGHT AHEAD,,,1,,,,,,,,,,,,,,,,,,REAR,,,,,,,,,,,,,,,,,,,,,,,,,,,,,,,,,
2118431,b9676c79d8fdc986581db363100db55319a0d5f035c31e6f9d83de40ce4436c00a8b34f23691177a10ed5c5b515f3c74487fd287737f1f7e415e3b8f395873ef,07/30/2025 11:30:00 PM,1,DRIVER,,2019470,,UNKNOWN,OTHER (EXPLAIN IN NARRATIVE),,,UNKNOWN,PASSENGER,PERSONAL,S,STRAIGHT AHEAD,,,1,,,,,,,,,,,,,,,Y,Y,Y,FRONT,,,,,,,,,,,,,,,,,,,,,,,,,,,,,,,,,
2118432,b9676c79d8fdc986581db363100db55319a0d5f035c31e6f9d83de40ce4436c00a8b34f23691177a10ed5c5b515f3c74487fd287737f1f7e415e3b8f395873ef,07/30/2025 11:30:00 PM,2,DRIVER,,2019478,,NISSAN,ROGUE,IL,2018,NONE,PASSENGER,PERSONAL,W,PASSING/OVERTAKING,,,1,,,,,Y,Y,,,,,,,,,,,,FRONT-RIGHT-CORNER,,,,,,,,,,,,,,,,,,,,,,,,,,,,,,,,,
2118183,2be486cee251d4b4b60fc3b3a9f7c09fa8acb1926906afd1eeb0d99d7d2f33ef04334a3fdd62f85403f9228425cc59577c86b12b02129b0df5add9153bc0ff3e,07/30/2025 11:25:00 PM,1,DRIVER,,2019230,,UNKNOWN,OTHER (EXPLAIN IN NARRATIVE),,,UNKNOWN,SPORT UTILITY VEHICLE (SUV),UNKNOWN/NA,E,STRAIGHT AHEAD,,,1,,,,,Y,,,,,,,,,,Y,Y,,FRONT,,,,,,,,,,,,,,,,,,,,,,,,,,,,,,,,,
2118184,2be486cee251d4b4b60fc3b3a9f7c09fa8acb1926906afd1eeb0d99d7d2f33ef04334a3fdd62f85403f9228425cc59577c86b12b02129b0df5add9153bc0ff3e,07/30/2025 11:25:00 PM,2,DRIVER,,2019235,,CHRYSLER,VOYAGER,IL,2022,NONE,VAN/MINI-VAN,OTHER,E,SLOW/STOP IN TRAFFIC,,,1,,,,,,,,,Y,Y,Y,,,,,,,REAR,,,,,,,,,,,,,,,,,,,,,,,,,,,,,,,,,
2118796,caca8d0dd7499debc4962eecc0823663bd5162c1f515fbe8fd6a32f0b5856d89e98f3cd1fc807dca2d70588f531b7f7e1e8bfaf0b5edbf404a88a411b783cae0,07/30/2025 11:20:00 PM,1,DRIVER,1,2019827,,TOYOTA,PRIUS,IL,2010,UNKNOWN,PASSENGER,UNKNOWN/NA,S,PASSING/OVERTAKING,,,2,,,,,Y,Y,,,,,,,,,,,N,FRONT-RIGHT-CORNER,,,,,,,,,,,,,,,,,,,,,,,,,,,,,,,,,
2118797,caca8d0dd7499debc4962eecc0823663bd5162c1f515fbe8fd6a32f0b5856d89e98f3cd1fc807dca2d70588f531b7f7e1e8bfaf0b5edbf404a88a411b783cae0,07/30/2025 11:20:00 PM,2,PARKED,,2019828,,VOLKSWAGEN,TIGUAN,IL,2023,UNKNOWN,SPORT UTILITY VEHICLE (SUV),NOT IN USE,S,PARKED,Y,,0,,,,,Y,,,,,Y,Y,,,,Y,Y,,REAR-LEFT-CORNER,,,,,,,,,,,,,,,,,,,,,,,,,,,,,,,,,
2118798,caca8d0dd7499debc4962eecc0823663bd5162c1f515fbe8fd6a32f0b5856d89e98f3cd1fc807dca2d70588f531b7f7e1e8bfaf0b5edbf404a88a411b783cae0,07/30/2025 11:20:00 PM,3,PARKED,,2019829,,HYUNDAI,SANTA FE,TN,2008,UNKNOWN,SPORT UTILITY VEHICLE (SUV),NOT IN USE,S,PARKED,,,0,,,,,Y,,,,Y,Y,Y,,,,Y,Y,,REAR,,,,,,,,,,,,,,,,,,,,,,,,,,,,,,,,,
2118799,caca8d0dd7499debc4962eecc0823663bd5162c1f515fbe8fd6a32f0b5856d89e98f3cd1fc807dca2d70588f531b7f7e1e8bfaf0b5edbf404a88a411b783cae0,07/30/2025 11:20:00 PM,4,PARKED,,2019830,,VOLKSWAGEN,JETTA,IL,2023,UNKNOWN,PASSENGER,NOT IN USE,S,PARKED,,,0,,,,,,,,,Y,Y,Y,,,,,,,REAR,,,,,,,,,,,,,,,,,,,,,,,,,,,,,,,,,
2118843,286d409d45bba2c3fc7a44c7fad341b3fdc2d8c5969f2e00c2afd19175c6212fb330e40c32e59b3e6b7b7c0e7d764f4f3cb32fb88daac5b7c022457ff16a7cba,07/30/2025 11:15:00 PM,1,DRIVER,,2019874,,CHEVROLET,AVALANCHE,IL,2013,UNKNOWN,SPORT UTILITY VEHICLE (SUV),UNKNOWN/NA,S,ENTERING TRAFFIC LANE FROM PARKING,,,1,,,,,,,,,,,,,,,Y,,,FRONT-LEFT-CORNER,,,,,,,,,,,,,,,,,,,,,,,,,,,,,,,,,
2118844,286d409d45bba2c3fc7a44c7fad341b3fdc2d8c5969f2e00c2afd19175c6212fb330e40c32e59b3e6b7b7c0e7d764f4f3cb32fb88daac5b7c022457ff16a7cba,07/30/2025 11:15:00 PM,2,DRIVER,1,2019878,,LINCOLN,AVIATOR,IL,2023,UNKNOWN,SPORT UTILITY VEHICLE (SUV),UNKNOWN/NA,S,STRAIGHT AHEAD,,,2,,,,,Y,Y,N,Y,Y,,,,,,,,,SIDE-RIGHT,,,,,,,,,,,,,,,,,,,,,,,,,,,,,,,,,