CRASH_UNIT_ID,CRASH_RECORD_ID,CRASH_DATE,UNIT_NO,UNIT_TYPE,NUM_PASSENGERS,VEHICLE_ID,CMRC_VEH_I,MAKE,MODEL,LIC_PLATE_STATE,VEHICLE_YEAR,VEHICLE_DEFECT,VEHICLE_TYPE,VEHICLE_USE,TRAVEL_DIRECTION,MANEUVER,TOWED_I,FIRE_I,OCCUPANT_CNT,EXCEED_SPEED_LIMIT_I,TOWED_BY,TOWED_TO,AREA_00_I,AREA_01_I,AREA_02_I,AREA_03_I,AREA_04_I,AREA_05_I,AREA_06_I,AREA_07_I,AREA_08_I,AREA_09_I,AREA_10_I,AREA_11_I,AREA_12_I,AREA_99_I,FIRST_CONTACT_POINT,CMV_ID,USDOT_NO,CCMC_NO,ILCC_NO,COMMERCIAL_SRC,GVWR,CARRIER_NAME,CARRIER_STATE,CARRIER_CITY,HAZMAT_PLACARDS_I,HAZMAT_NAME,UN_NO,HAZMAT_PRESENT_I,HAZMAT_REPORT_I,HAZMAT_REPORT_NO,MCS_REPORT_I,MCS_REPORT_NO,HAZMAT_VIO_CAUSE_CRASH_I,MCS_VIO_CAUSE_CRASH_I,IDOT_PERMIT_NO,WIDE_LOAD_I,TRAILER1_WIDTH,TRAILER2_WIDTH,TRAILER1_LENGTH,TRAILER2_LENGTH,TOTAL_VEHICLE_LENGTH,AXLE_CNT,VEHICLE_CONFIG,CARGO_BODY_TYPE,LOAD_TYPE,HAZMAT_OUT_OF_SERVICE_I,MCS_OUT_OF_SERVICE_I,HAZMAT_CLASS
2118196,2f4c10e332d22635379c1c2a4917a5c37a08f27a05ad5cf79037870345a9af94f73f88cdc31dddefbbda971201753bc38f580b4dc0fb359c5f86cd9e2ba65233,07/30/2025 11:02:00 PM,1,DRIVER,,2019245,,TOYOTA,PRIUS,IL,2009,NONE,PASSENGER,PERSONAL,E,STRAIGHT AHEAD,,,1,,,,,,,,,,,,,,Y,Y,Y,,FRONT-LEFT-CORNER,,,,,,,,,,,,,,,,,,,,,,,,,,,,,,,,,
2118197,2f4c10e332d22635379c1c2a4917a5c37a08f27a05ad5cf79037870345a9af94f73f88cdc31dddefbbda971201753bc38f580b4dc0fb359c5f86cd9e2ba65233,07/30/2025 11:02:00 PM,2,DRIVER,2,2019248,,GENERAL MOTORS CORPORATION (GMC),ENVOY,IL,2006,NONE,SPORT UTILITY VEHICLE (SUV),PERSONAL,E,STRAIGHT AHEAD,Y,,3,,private tow,unknown,,,,,Y,Y,Y,,,,,,,,REAR-RIGHT-CORNER,,,,,,,,,,,,,,,,,,,,,,,,,,,,,,,,,
2118180,86a18f7df8ba7265274739dbf67b071b1925929a2b7f9d4b67d6e196240fecdc6d1eb53d53a8cc5db58c8b546daa6e12fa128f12010b5d8ed4ba4675ad96d214,07/30/2025 11:00:00 PM,1,DRIVER,1,2019238,,NISSAN,SENTRA,IL,2014,UNKNOWN,PASSENGER,PERSONAL,S,STRAIGHT AHEAD,Y,,2,,City of Chicago,500 E Lower Wacker,,,,,,,,,,,,,,,FRONT,,,,,,,,,,,,,,,,,,,,,,,,,,,,,,,,,
2118200,d98e794a6fda2395312aa1458dbc5271f617f45ff026c51259604a4453891f933b66bd89afd2d8f6e8165c5c81770a81065cb4b531dad84905dcdb38d1efbb29,07/30/2025 11:00:00 PM,1,DRIVER,,2019250,,LEXUS,ES350,IL,2015,UNKNOWN,PASSENGER,PERSONAL,S,STRAIGHT AHEAD,,,1,,,,,Y,,,,,,,,,,Y,Y,,FRONT,,,,,,,,,,,,,,,,,,,,,,,,,,,,,,,,,
2118201,d98e794a6fda2395312aa1458dbc5271f617f45ff026c51259604a4453891f933b66bd89afd2d8f6e8165c5c81770a81065cb4b531dad84905dcdb38d1efbb29,07/30/2025 11:00:00 PM,2,DRIVER,,2019252,,TOYOTA,CAMRY,IL,2025,NONE,PASSENGER,PERSONAL,S,STRAIGHT AHEAD,,,1,,,,,,,,,Y,Y,Y,,,,,,,REAR,,,,,,,,,,,,,,,,,,,,,,,,,,,,,,,,,
2118204,52487ea19c907c380f419ff966aefa330cebb31a05645b856c0dbb351d95cf0bb21a539050db1355a9a5109297ce818914059d32dacd5b7a9b9158844830303b,07/30/2025 10:56:00 PM,1,DRIVER,,2019256,,VOLKSWAGEN,PASSAT,IL,2016,UNKNOWN,PASSENGER,PERSONAL,W,U-TURN,,,1,,,,,,,,,,,Y,Y,Y,,,,,SIDE-LEFT-REAR,,,,,,,,,,,,,,,,,,,,,,,,,,,,,,,,,
2118205,52487ea19c907c380f419ff966aefa330cebb31a05645b856c0dbb351d95cf0bb21a539050db1355a9a5109297ce818914059d32dacd5b7a9b9158844830303b,07/30/2025 10:56:00 PM,2,DRIVER,,2019260,,TOYOTA,CAMRY,IL,2015,UNKNOWN,PASSENGER,TAXI/FOR HIRE,E,STRAIGHT AHEAD,,,1,,,,,Y,Y,,,,,,,,,,,,FRONT-RIGHT-CORNER,,,,,,,,,,,,,,,,,,,,,,,,,,,,,,,,,
2118170,cdd599368992a1b2ce506f667ba5d441bbd42ee053b4b70b8b3286ac21be5f786dd490fef81860cc363fa3f6b3c773ffce8082d749903a7b8963d8ba6760da8e,07/30/2025 10:55:00 PM,1,DRIVER,,2019233,,CHEVROLET,OTHER (EXPLAIN IN NARRATIVE),IL,2009,UNKNOWN,UNKNOWN/NA,UNKNOWN/NA,N,UNKNOWN/NA,N,,1,,,,,Y,,,,,,,,,,Y,Y,,FRONT,,,,,,,,,,,,,,,,,,,,,,,,,,,,,,,,,
2118288,45669ff0210761f4d247385eb768b074a6b4954f9a11226fe19daa70799c94b24b74269a9962bf3ff3c58d6b44bbd81121e78ec4df0cd5fe030a081b7c6e26f8,07/30/2025 10:53:00 PM,1,DRIVER,,2019339,,UNKNOWN,OTHER (EXPLAIN IN NARRATIVE),,,UNKNOWN,PASSENGER,UNKNOWN/NA,S,SKIDDING/CONTROL LOSS,,,1,,,,,,,,,,,,,,,Y,Y,,FRONT-LEFT-CORNER,,,,,,,,,,,,,,,,,,,,,,,,,,,,,,,,,
2118289,45669ff0210761f4d247385eb768b074a6b4954f9a11226fe19daa70799c94b24b74269a9962bf3ff3c58d6b44bbd81121e78ec4df0cd5fe030a081b7c6e26f8,07/30/2025 10:53:00 PM,2,PARKED,,2019340,,JEEP,COMPASS,IL,2022,NONE,SPORT UTILITY VEHICLE (SUV),OTHER,E,PARKED,,,0,,,,,,,,,,,Y,,,,,,,REAR-LEFT-CORNER,,,,,,,,,,,,,,,,,,,,,,,,,,,,,,,,,
2118408,59e05877d58dfd5c150930f929b5afdfc76e731a3aafb0558449dfc84509e16cd6f94276734af02321fb6a4fbb662e25fc4e9c718bd36505b66fa8401d942904,07/30/2025 10:33:00 PM,1,DRIVER,,2019453,,UNKNOWN,OTHER (EXPLAIN IN NARRATIVE),IL,,UNKNOWN,UNKNOWN/NA,UNKNOWN/NA,W,BACKING,,,1,,,,,,,,,,,,,,,,,Y,UNKNOWN,,,,,,,,,,,,,,,,,,,,,,,,,,,,,,,,,
2118409,59e05877d58dfd5c150930f929b5afdfc76e731a3aafb0558449dfc84509e16cd6f94276734af02321fb6a4fbb662e25fc4e9c718bd36505b66fa8401d942904,07/30/2025 10:33:00 PM,2,DRIVER,,2019456,,VOLKSWAGEN,EOS,IL,2007,UNKNOWN,PASSENGER,PERSONAL,E,OTHER,,,1,,,,,,,,,Y,Y,Y,,,,,,,REAR,,,,,,,,,,,,,,,,,,,,,,,,,,,,,,,,,
2118187,15327290cf53335bfcce1065a238b35a9783efa65752f2d31fb2eda479bb302a75954353faf1afb5d3ba7861da3fcf36a6a8fa78b8d2c72d1a96a46b86b2161b,07/30/2025 10:30:00 PM,1,DRIVER,,2019239,,LEXUS,ES300,IL,2013,NONE,PASSENGER,PERSONAL,E,STRAIGHT AHEAD,,,1,,,,,,,,,,,,,,Y,Y,,,FRONT-LEFT-CORNER,,,,,,,,,,,,,,,,,,,,,,,,,,,,,,,,,
2118188,15327290cf53335bfcce1065a238b35a9783efa65752f2d31fb2eda479bb302a75954353faf1afb5d3ba7861da3fcf36a6a8fa78b8d2c72d1a96a46b86b2161b,07/30/2025 10:30:00 PM,2,DRIVER,,2019242,,TOYOTA,HIGHLANDER,IL,2022,NONE,SPORT UTILITY VEHICLE (SUV),PERSONAL,E,STRAIGHT AHEAD,,,1,,,,,,Y,Y,,,,,,,,,,,SIDE-RIGHT,,,,,,,,,,,,,,,,,,,,,,,,,,,,,,,,,
2118194,1cdb1d3156d02a0c49409686b85e9627284e031af5e83ccf11f320e2bc34dc6a3b4783431d200ea3ae297ec7c44f2efcacf81a50049edf38248bca251dca8a33,07/30/2025 10:30:00 PM,1,DRIVER,,2019243,,NISSAN,MURANO,IL,2009,UNKNOWN,SPORT UTILITY VEHICLE (SUV),UNKNOWN/NA,W,STRAIGHT AHEAD,,,1,,,,,Y,,,,,,,,,,Y,Y,,FRONT,,,,,,,,,,,,,,,,,,,,,,,,,,,,,,,,,
2118195,1cdb1d3156d02a0c49409686b85e9627284e031af5e83ccf11f320e2bc34dc6a3b4783431d200ea3ae297ec7c44f2efcacf81a50049edf38248bca251dca8a33,07/30/2025 10:30:00 PM,2,DRIVER,,2019244,,FORD,ESCAPE,IL,2013,UNKNOWN,SPORT UTILITY VEHICLE (SUV),UNKNOWN/NA,W,STRAIGHT AHEAD,,,1,,,,,,,,,Y,Y,Y,,,,,,,REAR,,,,,,,,,,,,,,,,,,,,,,,,,,,,,,,,,
2118771,3d25214de86398e33d84ea1f627d7863a9f4a5468526030f50f4295cf563273a3dad11d6f40fd5783b2ba760b4ad0c57335a4f4f3f12b3dc53bb15f4b36dc8de,07/30/2025 10:30:00 PM,1,DRIVER,,2019806,,FORD,ESCAPE,IL,2009,UNKNOWN,SPORT UTILITY VEHICLE (SUV),UNKNOWN/NA,S,STRAIGHT AHEAD,,,1,,,,,,Y,Y,Y,,,,,,,,,,SIDE-RIGHT,,,,,,,,,,,,,,,,,,,,,,,,,,,,,,,,,
2118772,3d25214de86398e33d84ea1f627d7863a9f4a5468526030f50f4295cf563273a3dad11d6f40fd5783b2ba760b4ad0c57335a4f4f3f12b3dc53bb15f4b36dc8de,07/30/2025 10:30:00 PM,2,DRIVER,,2019811,,TOYOTA,CAMRY,IL,2011,UNKNOWN,PASSENGER,PERSONAL,E,STRAIGHT AHEAD,,,1,,,,,Y,,,,,,,,,,Y,Y,,FRONT-LEFT-CORNER,,,,,,,,,,,,,,,,,,,,,,,,,,,,,,,,,
2118380,46d418f8db84af78220fac5bdfe744f35927a0a833f06bbbda49c29aafed1a3563a961208122fd6849656f57b2550255981fcccfbd26d14b477199bb8b60caea,07/30/2025 10:30:00 PM,1,DRIVER,,2019445,,UNKNOWN,OTHER (EXPLAIN IN NARRATIVE),,,UNKNOWN,UNKNOWN/NA,UNKNOWN/NA,UNKNOWN,UNKNOWN/NA,,,1,,,,,,,,,,,,,,,,,Y,UNKNOWN,,,,,,,,,,,,,,,,,,,,,,,,,,,,,,,,,
2118381,46d418f8db84af78220fac5bdfe744f35927a0a833f06bbbda49c29aafed1a3563a961208122fd6849656f57b2550255981fcccfbd26d14b477199bb8b60caea,07/30/2025 10:30:00 PM,2,PARKED,,2019447,,HONDA,CIVIC,IL,2013,UNKNOWN,PASSENGER,PERSONAL,N,PARKED,,,0,,,,,,,,,,,Y,,,,,,,OTHER,,,,,,,,,,,,,,,,,,,,,,,,,,,,,,,,,
2119302,5db781e56909f20b24eb3c3866fb3dfd0b2afce45fd90371d4b85e826975623524ce711df5c381fbd05e1bb5c9f53d286b2f500857a9bdd051e99019a3cf66ee,07/30/2025 10:30:00 PM,1,DRIVER,,2020327,,UNKNOWN,OTHER (EXPLAIN IN NARRATIVE),IL,,UNKNOWN,PASSENGER,UNKNOWN/NA,S,STRAIGHT AHEAD,,,1,,,,,,,,,,,,,,,,,,UNKNOWN,,,,,,,,,,,,,,,,,,,,,,,,,,,,,,,,,
2119303,5db781e56909f20b24eb3c3866fb3dfd0b2afce45fd90371d4b85e826975623524ce711df5c381fbd05e1bb5c9f53d286b2f500857a9bdd051e99019a3cf66ee,07/30/2025 10:30:00 PM,2,PARKED,,2020328,,TOYOTA,RAV4,IL,2012,UNKNOWN,PASSENGER,PERSONAL,S,PARKED,,,0,,,,,,,,,,,,,,,,,,FRONT-RIGHT-CORNER,,,,,,,,,,,,,,,,,,,,,,,,,,,,,,,,,
2118265,6075c4d5ff03df88598170676b8a49638c25bb264c1272a376bd7ae03237628aa98262973a6429c40c5976c5361c7defa61c8d871cf01e1452ce2e4d86fba174,07/30/2025 10:30:00 PM,1,DRIVER,,2019318,Y,UNKNOWN,OTHER (EXPLAIN IN NARRATIVE),IL,2021,NONE,SINGLE UNIT TRUCK WITH TRAILER,COMMERCIAL - SINGLE UNIT,W,STRAIGHT AHEAD,,,1,,,,,,,,,,,,,,,,,,TOP,"21,917",2958834,,,,,TEMPO FREIGHT SYSTEM LLC,IL,LYONS,,,,U,U,,U,,U,,,,,,,,,,"SINGLE UNIT TRUCK, 2 AXLES, 6 TIRES",VAN/ENCLOSED BOX,UNKNOWN,N,N,
2118518,f2d75b253ef0d7ddf52ea817c05894c23371c7b7d374ccd4c08e1a3a86145f455361a29601342ed1c9324aaae6a886cbc6a1f39d3493194804e7c89c56678e78,07/30/2025 10:30:00 PM,1,DRIVER,,2019564,,UNKNOWN,MOTORIZED,XX,2000,NONE,PASSENGER,PERSONAL,UNKNOWN,UNKNOWN/NA,,,1,,,,,,,,,,,,,,,,,Y,UNKNOWN,,,,,,,,,,,,,,,,,,,,,,,,,,,,,,,,,
2118519,f2d75b253ef0d7ddf52ea817c05894c23371c7b7d374ccd4c08e1a3a86145f455361a29601342ed1c9324aaae6a886cbc6a1f39d3493194804e7c89c56678e78,07/30/2025 10:30:00 PM,2,PARKED,,2019566,,LINCOLN,MKZ,IL,2011,UNKNOWN,PASSENGER,PERSONAL,N,PARKED,,,0,,,,,,,,,,,Y,,,,,,,REAR-LEFT-CORNER,,,,,,,,,,,,,,,,,,,,,,,,,,,,,,,,,
2118207,1497d8f2c679d5dcb3045ed557a9de758dbe29b87230e4963e55bcb8986bed0c979eb51976518e89fe64b73498189552b81754da7db4a4fcacbaf760802d4268,07/30/2025 10:25:00 PM,1,DRIVER,1,2019262,,AUDI,A4,IL,2019,UNKNOWN,PASSENGER,PERSONAL,E,TURNING LEFT,Y,,2,,PRIVATE TOW,UNKNOWN,,Y,Y,Y,,,,,,,,,Y,,FRONT-RIGHT-CORNER,,,,,,,,,,,,,,,,,,,,,,,,,,,,,,,,,
2118208,1497d8f2c679d5dcb3045ed557a9de758dbe29b87230e4963e55bcb8986bed0c979eb51976518e89fe64b73498189552b81754da7db4a4fcacbaf760802d4268,07/30/2025 10:25:00 PM,2,DRIVER,1,2019267,,AUDI,Q5,IL,2025,UNKNOWN,SPORT UTILITY VEHICLE (SUV),PERSONAL,N,STRAIGHT AHEAD,Y,,2,,PRIVATE TOW,UNKNOWN,,,,,,,,,,,Y,Y,Y,,FRONT-LEFT-CORNER,,,,,,,,,,,,,,,,,,,,,,,,,,,,,,,,,
2118173,dbd182250a08a26710d8c5c6d511058540abf8251b22425388b14fbf6d1d2280ee8034e89311fbc9183221c93c4a7229cdfb14e9e33ac4d7bfb547b056be8424,07/30/2025 10:23:00 PM,1,DRIVER,1,2019228,,HYUNDAI,ELANTRA,IL,2011,NONE,PASSENGER,PERSONAL,NW,STRAIGHT AHEAD,,,2,,,,Y,,,,,,,,,,,,,,FRONT,,,,,,,,,,,,,,,,,,,,,,,,,,,,,,,,,
2118174,dbd182250a08a26710d8c5c6d511058540abf8251b22425388b14fbf6d1d2280ee8034e89311fbc9183221c93c4a7229cdfb14e9e33ac4d7bfb547b056be8424,07/30/2025 10:23:00 PM,2,DRIVER,,2019241,,JEEP,CHEROKEE,IL,2005,NONE,SPORT UTILITY VEHICLE (SUV),PERSONAL,NW,STRAIGHT AHEAD,,,1,,,,,,,,,,Y,,,,,,,,REAR,,,,,,,,,,,,,,,,,,,,,,,,,,,,,,,,,
2118189,7302e3cd365a200214c716954082d2b230f44e99b9084258cc25337b238ddbbda1f826713a7eb4751054de5da19b998534e7efe6ab4eb7439814a32db954c367,07/30/2025 10:20:00 PM,1,DRIVER,,2019258,,SCOOTALONG,SCOOTALONG,,2023,UNKNOWN,UNKNOWN/NA,RIDESHARE SERVICE,W,STRAIGHT AHEAD,,,1,,,,,,,,,,,,,,,,,Y,UNKNOWN,,,,,,,,,,,,,,,,,,,,,,,,,,,,,,,,,
2118190,a35d43807e8c8d124ab8e88f4e6a516ef9d3e3352aadaf523d992e0db3044e7b191da07eab28e8fbeab19f5f6e1403d96937d7b2574e6b6488de61f14c21f83b,07/30/2025 10:13:00 PM,1,DRIVER,1,2019247,,KIA,SOUL,IL,2011,UNKNOWN,PASSENGER,PERSONAL,N,TURNING LEFT,,,2,,,,,Y,Y,,,,,,,,,,Y,,FRONT-RIGHT-CORNER,,,,,,,,,,,,,,,,,,,,,,,,,,,,,,,,,
2118191,a35d43807e8c8d124ab8e88f4e6a516ef9d3e3352aadaf523d992e0db3044e7b191da07eab28e8fbeab19f5f6e1403d96937d7b2574e6b6488de61f14c21f83b,07/30/2025 10:13:00 PM,2,DRIVER,,2019254,,CHEVROLET,EL CAMINO,IL,2011,NONE,PASSENGER,PERSONAL,S,STRAIGHT AHEAD,Y,,1,,PRIVATE TOW,,,,,,,,,,,,Y,Y,Y,,FRONT-LEFT-CORNER,,,,,,,,,,,,,,,,,,,,,,,,,,,,,,,,,
2118157,46dc7ea5d54a834930c38ae6846c3bd009247348a47fbd02584ee214946188a7be24f91fe2a358bb03ef6458a6541d636078faefee68b51a0e5a307221dd0b6a,07/30/2025 10:08:00 PM,1,DRIVER,,2019211,,UNKNOWN,MOTORIZED,,,UNKNOWN,UNKNOWN/NA,UNKNOWN/NA,UNKNOWN,UNKNOWN/NA,,,1,,,,,,,,,,,,,,,,,Y,FRONT,,,,,,,,,,,,,,,,,,,,,,,,,,,,,,,,,
2118158,46dc7ea5d54a834930c38ae6846c3bd009247348a47fbd02584ee214946188a7be24f91fe2a358bb03ef6458a6541d636078faefee68b51a0e5a307221dd0b6a,07/30/2025 10:08:00 PM,2,PEDESTRIAN,,,,,,,,,,,,,,,,,,,,,,,,,,,,,,,,,,,,,,,,,,,,,,,,,,,,,,,,,,,,,,,,,,
2118159,91cfc8187b35cbc17c34b52a9cdfb14cf79a773a5dee635a524554f0e8c676a1b3914775c06517bf07f7f28f4360e8fcdc3c024c95e59f09270f3480e666c587,07/30/2025 10:00:00 PM,1,DRIVER,,2019221,,HONDA,PILOT,IL,2013,UNKNOWN,SPORT UTILITY VEHICLE (SUV),PERSONAL,W,STRAIGHT AHEAD,Y,,1,,SELF,HOME,,,,,,,,,,,Y,Y,Y,,FRONT-LEFT-CORNER,,,,,,,,,,,,,,,,,,,,,,,,,,,,,,,,,
2118160,91cfc8187b35cbc17c34b52a9cdfb14cf79a773a5dee635a524554f0e8c676a1b3914775c06517bf07f7f28f4360e8fcdc3c024c95e59f09270f3480e666c587,07/30/2025 10:00:00 PM,2,DRIVER,1,2019226,,HYUNDAI,ACCENT,MS,2016,UNKNOWN,PASSENGER,PERSONAL,E,STRAIGHT AHEAD,Y,,2,,SELF,HOME,,Y,,,,,,,,Y,Y,Y,Y,,FRONT-LEFT-CORNER,,,,,,,,,,,,,,,,,,,,,,,,,,,,,,,,,
2118198,e3f933f352c94714f9a4696729974da9cec66138d2c7d9742568860277f1dade4a5db718874e590a45227a2c0f7c6ca83e53322202ccfa60a33e1362669d2753,07/30/2025 10:00:00 PM,1,DRIVER,,2019251,,FORD,FUSION,IL,2020,NONE,PASSENGER,PERSONAL,SE,TURNING RIGHT,,,1,,,,,,Y,Y,Y,,,,,,,,,,SIDE-RIGHT,,,,,,,,,,,,,,,,,,,,,,,,,,,,,,,,,
2118199,e3f933f352c94714f9a4696729974da9cec66138d2c7d9742568860277f1dade4a5db718874e590a45227a2c0f7c6ca83e53322202ccfa60a33e1362669d2753,07/30/2025 10:00:00 PM,2,PARKED,,2019257,,HONDA,ACCORD,IL,2025,NONE,PASSENGER,PERSONAL,S,PARKED,,,0,,,,,,,,,,,Y,,,,,,,REAR-LEFT-CORNER,,,,,,,,,,,,,,,,,,,,,,,,,,,,,,,,,
2118219,790a66ef821531966b3a0591eca6c542ca9dd887b72db04448a529b8c3391669553f29b90d1f05353d2085c5dfa71951022ad6900cd149eff54abd57ca8e8145,07/30/2025 09:55:00 PM,1,DRIVER,,2019274,,CHEVROLET,CAMARO,IL,2023,UNKNOWN,PASSENGER,PERSONAL,N,STRAIGHT AHEAD,,,1,,,,,,Y,,,,,,,,,,,,SIDE-RIGHT,,,,,,,,,,,,,,,,,,,,,,,,,,,,,,,,,
2118220,790a66ef821531966b3a0591eca6c542ca9dd887b72db04448a529b8c3391669553f29b90d1f05353d2085c5dfa71951022ad6900cd149eff54abd57ca8e8145,07/30/2025 09:55:00 PM,2,PEDESTRIAN,,,,,,,,,,,,,,,,,,,,,,,,,,,,,,,,,,,,,,,,,,,,,,,,,,,,,,,,,,,,,,,,,,
2118656,ff6822be3f3478357984ae473d5edbb3c92a5f5ac75176f52c6bbe0ef624f76a0e47b51a519ca8992f3acb9fa5871f42149398e7ff442ddd8af7ce7eec013d2b,07/30/2025 09:50:00 PM,1,BICYCLE,,,,,,,,,,,,,,,,,,,,,,,,,,,,,,,,,,,,,,,,,,,,,,,,,,,,,,,,,,,,,,,,,,
2118657,ff6822be3f3478357984ae473d5edbb3c92a5f5ac75176f52c6bbe0ef624f76a0e47b51a519ca8992f3acb9fa5871f42149398e7ff442ddd8af7ce7eec013d2b,07/30/2025 09:50:00 PM,2,PARKED,,2019706,,CADILLAC,DTS,IL,2008,NONE,PASSENGER,PERSONAL,E,PARKED,,,0,,,,,,,,,,,,,,Y,,,,SIDE-LEFT,,,,,,,,,,,,,,,,,,,,,,,,,,,,,,,,,
2118144,78a164a15679a5a67744bef7cd9b91a2ab8e739972bb1b8f43bb8542edbb6379251e8906755cd25987d730de0d01b27a22b8d633a763f0cac221fcf01531e839,07/30/2025 09:43:00 PM,1,DRIVER,,2019204,,HYUNDAI,ELANTRA,IL,,NONE,PASSENGER,UNKNOWN/NA,S,SLOW/STOP IN TRAFFIC,,,1,,,,,Y,,,,,,,,,,Y,Y,,FRONT,,,,,,,,,,,,,,,,,,,,,,,,,,,,,,,,,
2118145,78a164a15679a5a67744bef7cd9b91a2ab8e739972bb1b8f43bb8542edbb6379251e8906755cd25987d730de0d01b27a22b8d633a763f0cac221fcf01531e839,07/30/2025 09:43:00 PM,2,DRIVER,,2019206,,VOLVO,TRUCK,IL,2015,UNKNOWN,TRACTOR W/ SEMI-TRAILER,COMMERCIAL - SINGLE UNIT,S,TURNING RIGHT,,,1,,,,,,,,,,Y,Y,,,,,,,REAR-LEFT-CORNER,,,,,,,,,,,,,,,,,,,,,,,,,,,,,,,,,
2118192,f5b1697fde46359b1d920ec4440ec5568edd37afc731c177c7262dcfaeb01f4a17bdfa5e2861a6152c5724e11095af26821e24f92c42e77a098ae9af75fcfd40,07/30/2025 09:40:00 PM,1,DRIVER,,2019255,,MITSUBISHI,OUTLANDER,IL,2022,UNKNOWN,PASSENGER,PERSONAL,SE,STRAIGHT AHEAD,Y,,1,,PRIVATE,PRIVATE TOW,Y,Y,,,,,,,,,,Y,Y,,FRONT,,,,,,,,,,,,,,,,,,,,,,,,,,,,,,,,,
2118206,f5b1697fde46359b1d920ec4440ec5568edd37afc731c177c7262dcfaeb01f4a17bdfa5e2861a6152c5724e11095af26821e24f92c42e77a098ae9af75fcfd40,07/30/2025 09:40:00 PM,2,DRIVER,,2019259,,CHEVROLET,S10,IN,2018,OTHER,PICKUP,PERSONAL,N,SLOW/STOP IN TRAFFIC,Y,,1,,EN TOWING,POUND 1,,Y,,,,,,,,Y,Y,Y,Y,,FRONT,,,,,,,,,,,,,,,,,,,,,,,,,,,,,,,,,
2118365,bfb1a3632b349a1b88dc68cb0c2ecb5ef1e77bf911b061a36c143ac3ed048a60dbc6e5be0a6f6b1b0a7758f09d493999aec8a616d0e71507be63e3e07f4b98ea,07/30/2025 09:35:00 PM,1,DRIVER,1,2019416,,JEEP,PATRIOT,IL,2013,NONE,SPORT UTILITY VEHICLE (SUV),PERSONAL,N,TURNING RIGHT,,,2,,,,,,Y,Y,Y,,,,,,,,,,SIDE-RIGHT,,,,,,,,,,,,,,,,,,,,,,,,,,,,,,,,,
2118366,bfb1a3632b349a1b88dc68cb0c2ecb5ef1e77bf911b061a36c143ac3ed048a60dbc6e5be0a6f6b1b0a7758f09d493999aec8a616d0e71507be63e3e07f4b98ea,07/30/2025 09:35:00 PM,2,DRIVER,1,2019431,,HONDA,CIVIC,IL,2016,NONE,PASSENGER,PERSONAL,N,TURNING RIGHT,,,2,,,,,,,,,,,,,,Y,Y,,,FRONT-LEFT-CORNER,,,,,,,,,,,,,,,,,,,,,,,,,,,,,,,,,
2118202,179aa5fe371600848e049e319ce5eaf8e87ede9f4fcab5e57b07ec570430569caa704e22bf00bd0efa0cab3e4953890c62a94db1f79ae7b1cd6e38c37a309a18,07/30/2025 09:30:00 PM,1,DRIVER,,2019249,,UNKNOWN,MOTORIZED,,,UNKNOWN,PASSENGER,UNKNOWN/NA,S,STRAIGHT AHEAD,,,1,,,,,,,,,,,,,,,,,,UNKNOWN,,,,,,,,,,,,,,,,,,,,,,,,,,,,,,,,,
2118203,179aa5fe371600848e049e319ce5eaf8e87ede9f4fcab5e57b07ec570430569caa704e22bf00bd0efa0cab3e4953890c62a94db1f79ae7b1cd6e38c37a309a18,07/30/2025 09:30:00 PM,2,DRIVER,,2019253,,TOYOTA,SIENNA,IL,2025,UNKNOWN,VAN/MINI-VAN,PERSONAL,E,STRAIGHT AHEAD,,,1,,,,,,,,,,,,,,,Y,,,FRONT-LEFT-CORNER,,,,,,,,,,,,,,,,,,,,,,,,,,,,,,,,,
2118177,3561650d01611fe74f7c14509774790913bb4fc16f24ef9780dd3f663a858cc0080d827cb289d9da707af15e712b1ac115d2c13714a9676db0186153ff2d1e23,07/30/2025 09:25:00 PM,1,DRIVER,,2019229,,HONDA,CR-V,IL,2018,NONE,PASSENGER,UNKNOWN/NA,S,STRAIGHT AHEAD,,,1,,,,,,,,,,,,,,,,,Y,FRONT,,,,,,,,,,,,,,,,,,,,,,,,,,,,,,,,,
2118178,3561650d01611fe74f7c14509774790913bb4fc16f24ef9780dd3f663a858cc0080d827cb289d9da707af15e712b1ac115d2c13714a9676db0186153ff2d1e23,07/30/2025 09:25:00 PM,2,DRIVER,,2019232,,TOYOTA,RAV4,IL,2014,NONE,PASSENGER,UNKNOWN/NA,W,STRAIGHT AHEAD,,,1,,,,,,,,Y,Y,,,,,,,,,SIDE-RIGHT-REAR,,,,,,,,,,,,,,,,,,,,,,,,,,,,,,,,,
2118167,3e6a3d7fc8ac1c86db312586a603141ea76e9373083be5462faa88f017eb212d5e66da4358a7a33802f196172767021558cca26156d7725087605855fc0dc6ff,07/30/2025 09:18:00 PM,1,DRIVER,1,2019222,,NISSAN,MAXIMA,IL,2010,NONE,PASSENGER,PERSONAL,E,STRAIGHT AHEAD,Y,,2,,STREETS AND SANITATION,701 N SACRAMENTO,,,,,,,,,,,Y,Y,Y,,FRONT-LEFT-CORNER,,,,,,,,,,,,,,,,,,,,,,,,,,,,,,,,,
2118168,3e6a3d7fc8ac1c86db312586a603141ea76e9373083be5462faa88f017eb212d5e66da4358a7a33802f196172767021558cca26156d7725087605855fc0dc6ff,07/30/2025 09:18:00 PM,2,PARKED,,2019237,,FORD,ESCAPE,IL,2015,NONE,PASSENGER,PERSONAL,E,PARKED,,,0,,,,,,,Y,Y,Y,,,,,,,,,REAR-RIGHT-CORNER,,,,,,,,,,,,,,,,,,,,,,,,,,,,,,,,,