CRASH_UNIT_ID,CRASH_RECORD_ID,CRASH_DATE,UNIT_NO,UNIT_TYPE,NUM_PASSENGERS,VEHICLE_ID,CMRC_VEH_I,MAKE,MODEL,LIC_PLATE_STATE,VEHICLE_YEAR,VEHICLE_DEFECT,VEHICLE_TYPE,VEHICLE_USE,TRAVEL_DIRECTION,MANEUVER,TOWED_I,FIRE_I,OCCUPANT_CNT,EXCEED_SPEED_LIMIT_I,TOWED_BY,TOWED_TO,AREA_00_I,AREA_01_I,AREA_02_I,AREA_03_I,AREA_04_I,AREA_05_I,AREA_06_I,AREA_07_I,AREA_08_I,AREA_09_I,AREA_10_I,AREA_11_I,AREA_12_I,AREA_99_I,FIRST_CONTACT_POINT,CMV_ID,USDOT_NO,CCMC_NO,ILCC_NO,COMMERCIAL_SRC,GVWR,CARRIER_NAME,CARRIER_STATE,CARRIER_CITY,HAZMAT_PLACARDS_I,HAZMAT_NAME,UN_NO,HAZMAT_PRESENT_I,HAZMAT_REPORT_I,HAZMAT_REPORT_NO,MCS_REPORT_I,MCS_REPORT_NO,HAZMAT_VIO_CAUSE_CRASH_I,MCS_VIO_CAUSE_CRASH_I,IDOT_PERMIT_NO,WIDE_LOAD_I,TRAILER1_WIDTH,TRAILER2_WIDTH,TRAILER1_LENGTH,TRAILER2_LENGTH,TOTAL_VEHICLE_LENGTH,AXLE_CNT,VEHICLE_CONFIG,CARGO_BODY_TYPE,LOAD_TYPE,HAZMAT_OUT_OF_SERVICE_I,MCS_OUT_OF_SERVICE_I,HAZMAT_CLASS
2118875,b72cea184b72990706e419a7d3084ba6bcbecad09180b9a81ff68c1f6489430a62a54ebf9547af8021266523d153ff76cd3bea4eba0b224c59c4f11a1b481ab2,07/30/2025 09:15:00 PM,1,BICYCLE,,,,,,,,,,,,,,,,,,,,,,,,,,,,,,,,,,,,,,,,,,,,,,,,,,,,,,,,,,,,,,,,,,
2118876,b72cea184b72990706e419a7d3084ba6bcbecad09180b9a81ff68c1f6489430a62a54ebf9547af8021266523d153ff76cd3bea4eba0b224c59c4f11a1b481ab2,07/30/2025 09:15:00 PM,2,DRIVER,,2019906,,TOYOTA,SIENNA,IL,2024,UNKNOWN,VAN/MINI-VAN,PERSONAL,E,TURNING LEFT,,,1,,,,,,,Y,Y,,,,,,,,,,SIDE-RIGHT,,,,,,,,,,,,,,,,,,,,,,,,,,,,,,,,,
2118161,c4d36e9c2e648edb25b9377ba99cf4b8b9f433a3288af5338bd70b49f74f2ae33de382395331487c66fb150e546046a4928822745acabb88d69799f8a2ff7c75,07/30/2025 09:15:00 PM,2,DRIVER,1,2019218,,HONDA,ODYSSEY,IL,2022,NONE,VAN/MINI-VAN,UNKNOWN/NA,W,SLOW/STOP IN TRAFFIC,,,2,,,,,,,Y,Y,,Y,Y,Y,,,,,,REAR-LEFT-CORNER,,,,,,,,,,,,,,,,,,,,,,,,,,,,,,,,,
2118162,c4d36e9c2e648edb25b9377ba99cf4b8b9f433a3288af5338bd70b49f74f2ae33de382395331487c66fb150e546046a4928822745acabb88d69799f8a2ff7c75,07/30/2025 09:15:00 PM,1,DRIVER,,2019220,,UNKNOWN,MOTORIZED,IL,,UNKNOWN,UNKNOWN/NA,UNKNOWN/NA,W,STRAIGHT AHEAD,,,1,,,,,Y,,,,,,,,,,,,,FRONT-RIGHT-CORNER,,,,,,,,,,,,,,,,,,,,,,,,,,,,,,,,,
2121561,7bd1d042690fec9e401e9272abea3131e53a2cbc42517accd0d54b97c095311275fdccb7151770ea79d0e5e42ba2b20e1797a033cd2badaaf1ed9b7add90dcd1,07/30/2025 09:10:00 PM,1,DRIVER,,2022497,,HYUNDAI,ELANTRA,IL,2008,NONE,PASSENGER,PERSONAL,N,SLOW/STOP IN TRAFFIC,,,1,,,,,,,,,,,,,,,,Y,,FRONT,,,,,,,,,,,,,,,,,,,,,,,,,,,,,,,,,
2121562,7bd1d042690fec9e401e9272abea3131e53a2cbc42517accd0d54b97c095311275fdccb7151770ea79d0e5e42ba2b20e1797a033cd2badaaf1ed9b7add90dcd1,07/30/2025 09:10:00 PM,2,DRIVER,,2022506,,VOLKSWAGEN,PASSAT,IL,2017,NONE,PASSENGER,PERSONAL,N,STRAIGHT AHEAD,,,1,,,,,,,,,,Y,,,,,,,,REAR,,,,,,,,,,,,,,,,,,,,,,,,,,,,,,,,,
2118153,3a03d0a4d4c1cf71915a8be39ead2e823944f58932a1608966a0af7649df9beb9dc49d4717920910fb60beeb4bc7946d0a00762f5b410382d411f71faea9de7c,07/30/2025 09:09:00 PM,1,DRIVER,,2019213,,ACURA,TLX,IL,2018,UNKNOWN,PASSENGER,UNKNOWN/NA,E,STRAIGHT AHEAD,,,1,,,,,,,,,,,,,,,Y,Y,,FRONT,,,,,,,,,,,,,,,,,,,,,,,,,,,,,,,,,
2118154,3a03d0a4d4c1cf71915a8be39ead2e823944f58932a1608966a0af7649df9beb9dc49d4717920910fb60beeb4bc7946d0a00762f5b410382d411f71faea9de7c,07/30/2025 09:09:00 PM,2,DRIVER,,2019214,,KIA,SPORTAGE,IL,2012,UNKNOWN,PASSENGER,UNKNOWN/NA,N,STRAIGHT AHEAD,Y,,1,,,,,,,,,,,Y,,,,,,,SIDE-LEFT-REAR,,,,,,,,,,,,,,,,,,,,,,,,,,,,,,,,,
2118142,6afd0b1b1adec9f228ed61cc73e71a20626aca50486d19b311aecd127dcd423aa2b539dcd4f6f419513712f1ed5999d21489c4931e76fe175ebdb9b81504604d,07/30/2025 09:09:00 PM,1,DRIVER,,2019203,,FORD,FOCUS,IL,2011,NONE,PASSENGER,PERSONAL,W,MERGING,,,1,,,,,,Y,,,,,,,,,,,,FRONT-RIGHT-CORNER,,,,,,,,,,,,,,,,,,,,,,,,,,,,,,,,,
2118143,6afd0b1b1adec9f228ed61cc73e71a20626aca50486d19b311aecd127dcd423aa2b539dcd4f6f419513712f1ed5999d21489c4931e76fe175ebdb9b81504604d,07/30/2025 09:09:00 PM,2,DRIVER,,2019205,,NOVA BUS,LFS,IL,2024,NONE,BUS OVER 15 PASS.,CTA,W,STRAIGHT AHEAD,,,1,,,,,,,,,,,,Y,,,,,,REAR-LEFT-CORNER,,,,,,,,,,,,,,,,,,,,,,,,,,,,,,,,,
2118146,d72f591f1eed6e264428e88e73b31279d0dd5b286f0bba25dfedf97ae47dd3f363bb7cafe8bff9f9fd434d0667787ffa0871f4544be2b20d9d0ff8dea98bb8a7,07/30/2025 09:04:00 PM,1,DRIVER,,2019209,,MITSUBISHI,OUTLANDER,IL,2020,NONE,PASSENGER,PERSONAL,E,TURNING LEFT,,,1,,,,Y,,,,,,,,,,,,,,FRONT,,,,,,,,,,,,,,,,,,,,,,,,,,,,,,,,,
2118147,d72f591f1eed6e264428e88e73b31279d0dd5b286f0bba25dfedf97ae47dd3f363bb7cafe8bff9f9fd434d0667787ffa0871f4544be2b20d9d0ff8dea98bb8a7,07/30/2025 09:04:00 PM,2,PEDESTRIAN,,,,,,,,,,,,,,,,,,,,,,,,,,,,,,,,,,,,,,,,,,,,,,,,,,,,,,,,,,,,,,,,,,
2118794,26ab797d6e426e010add22abfd01203e9b88433904e2a1cb689981002212bd26076bcf2de330ab4362127779d41e6b0bc241876b05d203d671edb0a3ccff23ee,07/30/2025 08:48:00 PM,1,DRIVER,,2019831,,KAWASAKI,MOTORCYCLE,IL,2004,UNKNOWN,MOTORCYCLE (OVER 150CC),PERSONAL,N,STRAIGHT AHEAD,,,1,,,,,,,,,,,,,,,,,,FRONT,,,,,,,,,,,,,,,,,,,,,,,,,,,,,,,,,
2118795,26ab797d6e426e010add22abfd01203e9b88433904e2a1cb689981002212bd26076bcf2de330ab4362127779d41e6b0bc241876b05d203d671edb0a3ccff23ee,07/30/2025 08:48:00 PM,2,DRIVER,,2019833,,BMW,OTHER (EXPLAIN IN NARRATIVE),IL,2013,NONE,PASSENGER,PERSONAL,N,SLOW/STOP IN TRAFFIC,,,1,,,,,,,,,,Y,,,,,,,,REAR,,,,,,,,,,,,,,,,,,,,,,,,,,,,,,,,,
2118155,360a78eb5602252ee8189fb62977a4afb89ecd2a70bfb425e35a5d71f465d9bc1a2715692ea13c678a2cdac7718bc6ac26ca8112119824ebaba828fffe581c3f,07/30/2025 08:40:00 PM,1,DRIVER,1,2019217,,FORD,EXPLORER,IL,2023,NONE,SPORT UTILITY VEHICLE (SUV),POLICE,W,STRAIGHT AHEAD,Y,,2,,CITY OF CHICAGO,,,Y,Y,,,,,,,,,,,,FRONT-RIGHT-CORNER,,,,,,,,,,,,,,,,,,,,,,,,,,,,,,,,,
2118156,360a78eb5602252ee8189fb62977a4afb89ecd2a70bfb425e35a5d71f465d9bc1a2715692ea13c678a2cdac7718bc6ac26ca8112119824ebaba828fffe581c3f,07/30/2025 08:40:00 PM,2,DRIVER,,2019219,,KIA,FORTE,IL,2022,UNKNOWN,PASSENGER,PERSONAL,SE,STRAIGHT AHEAD,,,1,,,,,,,,,,,,,,,,Y,,FRONT,,,,,,,,,,,,,,,,,,,,,,,,,,,,,,,,,
2118179,94e5a3e36a2623d973b6e1c3903207b5afffb303410ca742b9dc6089a4f63c4254cd1b02e55c7e6eaa6478002c1ae061c9e3e5fd52aa98829c69bd782addf0df,07/30/2025 08:40:00 PM,1,DRIVER,,2019227,,HONDA,ACCORD,IL,2016,UNKNOWN,PASSENGER,PERSONAL,N,OTHER,,,1,,,,,Y,,,,Y,Y,Y,,,,Y,Y,,TOTAL (ALL AREAS),,,,,,,,,,,,,,,,,,,,,,,,,,,,,,,,,
2118137,bf5c1555d6b742e8649fbc22cc82f411ccc1220e4dfe502287a11f55428aba3b43287ba384e444b07e29b902d80c8a702acd796c7a0d0c0a12d5274f0365caba,07/30/2025 08:39:00 PM,1,DRIVER,,2019196,,TOYOTA,COROLLA,IL,2005,UNKNOWN,PASSENGER,PERSONAL,S,UNKNOWN/NA,,,1,,,,,,,,,,,,,,,,,,UNKNOWN,,,,,,,,,,,,,,,,,,,,,,,,,,,,,,,,,
2118138,bf5c1555d6b742e8649fbc22cc82f411ccc1220e4dfe502287a11f55428aba3b43287ba384e444b07e29b902d80c8a702acd796c7a0d0c0a12d5274f0365caba,07/30/2025 08:39:00 PM,2,DRIVER,,2019198,,TOYOTA,CELICA,IL,2000,NONE,PASSENGER,PERSONAL,E,STRAIGHT AHEAD,,,1,,,,,Y,Y,Y,Y,,,,,,,N,,,SIDE-RIGHT,,,,,,,,,,,,,,,,,,,,,,,,,,,,,,,,,
2118132,5a39fa616349f8412abe888c33875c26f52f70767e10b017a248351c7027e2e2495138ece89a72c0b5db0b8b0586c878338fba7040baa822c530a5b92ebd27b0,07/30/2025 08:35:00 PM,1,DRIVER,,2019191,,PONTIAC,G8,,2008,UNKNOWN,PASSENGER,PERSONAL,W,STRAIGHT AHEAD,,,1,,,,,,,,,,,,,,,,,,UNKNOWN,,,,,,,,,,,,,,,,,,,,,,,,,,,,,,,,,
2118133,5a39fa616349f8412abe888c33875c26f52f70767e10b017a248351c7027e2e2495138ece89a72c0b5db0b8b0586c878338fba7040baa822c530a5b92ebd27b0,07/30/2025 08:35:00 PM,2,PARKED,,2019195,,MERCURY,GRAND MARQUIS,IL,2010,NONE,PASSENGER,PERSONAL,W,PARKED,,,0,,,,,,,,,,,Y,Y,,,,,,REAR-LEFT-CORNER,,,,,,,,,,,,,,,,,,,,,,,,,,,,,,,,,
2118804,8ef87e1881314661d6c875b7a30ed7131cff95082ead1aac554c3cb7a8816040eb860e77b2750adf244d4a0826ef1a5047fbe63024e88c72f48d754d3f9bd0e1,07/30/2025 08:30:00 PM,1,DRIVER,,2019836,,TOYOTA,OTHER (EXPLAIN IN NARRATIVE),IL,2013,UNKNOWN,PASSENGER,PERSONAL,SE,TURNING LEFT,,,1,,,,,,,,,,,,,,,,,Y,FRONT-LEFT-CORNER,,,,,,,,,,,,,,,,,,,,,,,,,,,,,,,,,
2118805,8ef87e1881314661d6c875b7a30ed7131cff95082ead1aac554c3cb7a8816040eb860e77b2750adf244d4a0826ef1a5047fbe63024e88c72f48d754d3f9bd0e1,07/30/2025 08:30:00 PM,2,DRIVER,,2019839,,LAND ROVER,RANGE ROVER (EVOQUE / SPORT / VELAR),IL,2022,UNKNOWN,PASSENGER,PERSONAL,N,STRAIGHT AHEAD,,,1,,,,,,,,,,,Y,Y,,,,,,REAR-LEFT-CORNER,,,,,,,,,,,,,,,,,,,,,,,,,,,,,,,,,
2118429,c86eee62a1f45cb390f9bd5bdc5571a7c8261b0afe56feb6d0d7add8e1808ee454c8cc6459ab4e6e2f69e6a5901c58f0b6a92c4134f983ec2fa2694aad1dd602,07/30/2025 08:30:00 PM,1,DRIVER,,2019471,,UNKNOWN,OTHER (EXPLAIN IN NARRATIVE),IL,,UNKNOWN,PASSENGER,PERSONAL,S,BACKING,,,1,,,,,,,,,,,,,,,,,Y,REAR,,,,,,,,,,,,,,,,,,,,,,,,,,,,,,,,,
2118430,c86eee62a1f45cb390f9bd5bdc5571a7c8261b0afe56feb6d0d7add8e1808ee454c8cc6459ab4e6e2f69e6a5901c58f0b6a92c4134f983ec2fa2694aad1dd602,07/30/2025 08:30:00 PM,2,PARKED,1,2019488,,HONDA,OTHER (EXPLAIN IN NARRATIVE),IL,2024,NONE,PASSENGER,PERSONAL,N,PARKED,,,1,,,,,,,,,,Y,,,,,,,,REAR,,,,,,,,,,,,,,,,,,,,,,,,,,,,,,,,,
2118119,d6160b4eb73c3dcce06ffcfefcb39c6d643eb61804039462398018beb6a81b678e506c1fbf8b0326a60286bf8cf9126d7e599a0bca4a069d0b26152541c3c6fd,07/30/2025 08:20:00 PM,1,DRIVER,,2019180,,CHEVROLET,IMPALA,IL,2011,STEERING,PASSENGER,PERSONAL,W,STRAIGHT AHEAD,Y,,1,,PERSONAL TOW,PERSONAL LOCATION,,Y,Y,,,,,,,,,Y,Y,,FRONT-RIGHT-CORNER,,,,,,,,,,,,,,,,,,,,,,,,,,,,,,,,,
2118120,d6160b4eb73c3dcce06ffcfefcb39c6d643eb61804039462398018beb6a81b678e506c1fbf8b0326a60286bf8cf9126d7e599a0bca4a069d0b26152541c3c6fd,07/30/2025 08:20:00 PM,2,PARKED,,2019184,,JEEP,WRANGLER,IL,2008,NONE,PASSENGER,PERSONAL,UNKNOWN,PARKED,,,0,,,,,,,,Y,Y,Y,Y,Y,Y,,,,,REAR-LEFT-CORNER,,,,,,,,,,,,,,,,,,,,,,,,,,,,,,,,,
2118148,ee106c7caca4a917d94c5be97cdfd6e8efec37dfc77558e9809448ff806d92206aa535d236c690d49fad31dc334d99599a4624f702b1053b6bba106229925d81,07/30/2025 08:20:00 PM,1,DRIVER,,2019207,,NISSAN,ROGUE,IL,2017,NONE,PASSENGER,PERSONAL,W,TURNING LEFT,,,1,,,,Y,,,,,,,,,,,,,,FRONT,,,,,,,,,,,,,,,,,,,,,,,,,,,,,,,,,
2118149,ee106c7caca4a917d94c5be97cdfd6e8efec37dfc77558e9809448ff806d92206aa535d236c690d49fad31dc334d99599a4624f702b1053b6bba106229925d81,07/30/2025 08:20:00 PM,2,PEDESTRIAN,,,,,,,,,,,,,,,,,,,,,,,,,,,,,,,,,,,,,,,,,,,,,,,,,,,,,,,,,,,,,,,,,,
2118171,7360ac6bf534deb16b922d5b118db5f718d56207f2ebf051c71de7fb47f9fbaffd2a65effdbeab684b343f1dff39302c3e0864866fe1574c1deb671d230f32fa,07/30/2025 08:15:00 PM,1,DRIVER,,2019224,,PONTIAC,GRAND PRIX,IL,2005,UNKNOWN,PASSENGER,PERSONAL,E,STRAIGHT AHEAD,,,1,,,,,,,,,,,,,,,,,Y,FRONT,,,,,,,,,,,,,,,,,,,,,,,,,,,,,,,,,
2118172,7360ac6bf534deb16b922d5b118db5f718d56207f2ebf051c71de7fb47f9fbaffd2a65effdbeab684b343f1dff39302c3e0864866fe1574c1deb671d230f32fa,07/30/2025 08:15:00 PM,2,DRIVER,,2019231,,NISSAN,KICKS,IL,2021,NONE,PASSENGER,PERSONAL,E,SLOW/STOP IN TRAFFIC,,,1,,,,,,,,,,Y,,,,,,,N,REAR,,,,,,,,,,,,,,,,,,,,,,,,,,,,,,,,,
2118139,c87addf2a3005c16bafc1afca3b5448ef71c27648e7a4f0fc7ac93fca57f3a278a2014faeb2db9634f55855417479d0d06ff256b7568612622181029d7ed6979,07/30/2025 08:14:00 PM,1,DRIVER,,2019202,,DODGE,RAM 1500 PU,IL,2017,NONE,PASSENGER,PERSONAL,W,STRAIGHT AHEAD,,,1,,,,Y,,,,,,,,,,,,,,NONE,,,,,,,,,,,,,,,,,,,,,,,,,,,,,,,,,
2118140,c87addf2a3005c16bafc1afca3b5448ef71c27648e7a4f0fc7ac93fca57f3a278a2014faeb2db9634f55855417479d0d06ff256b7568612622181029d7ed6979,07/30/2025 08:14:00 PM,2,PEDESTRIAN,,,,,,,,,,,,,,,,,,,,,,,,,,,,,,,,,,,,,,,,,,,,,,,,,,,,,,,,,,,,,,,,,,
2118127,ab0ae0530f461464d13e26146f25b06ee963c34561f84480a695585790d6076e8110f41c2cd76457ed5dd1170217b8e06eb47395b2f609239acafe474f2c57d1,07/30/2025 08:10:00 PM,1,DRIVER,,2019193,,TOYOTA,RAV4,IL,2018,NONE,PASSENGER,PERSONAL,E,STRAIGHT AHEAD,N,,1,,,,,Y,Y,N,,,,,,,,,Y,,FRONT-RIGHT-CORNER,,,,,,,,,,,,,,,,,,,,,,,,,,,,,,,,,
2118128,ab0ae0530f461464d13e26146f25b06ee963c34561f84480a695585790d6076e8110f41c2cd76457ed5dd1170217b8e06eb47395b2f609239acafe474f2c57d1,07/30/2025 08:10:00 PM,2,DRIVER,,2019197,,TOYOTA,COROLLA,IL,2022,NONE,PASSENGER,PERSONAL,N,STRAIGHT AHEAD,,,1,,,,,,,,,,,,,,Y,Y,Y,,FRONT-LEFT-CORNER,,,,,,,,,,,,,,,,,,,,,,,,,,,,,,,,,
2118124,81ae69ae8cc31bec816d4d381a7fb2c6910c2834eff42ee6b23172b8e43ea955b674a17b52aa6f3b21ebadebab16e2b2c458b1ad9c095d0a99d6ee0822db0b9b,07/30/2025 08:00:00 PM,1,DRIVER,,2019186,,TOYOTA,COROLLA,,,UNKNOWN,PASSENGER,PERSONAL,W,STARTING IN TRAFFIC,,,1,,,,,Y,Y,,,,,,,,,,,,FRONT-RIGHT-CORNER,,,,,,,,,,,,,,,,,,,,,,,,,,,,,,,,,
2118125,81ae69ae8cc31bec816d4d381a7fb2c6910c2834eff42ee6b23172b8e43ea955b674a17b52aa6f3b21ebadebab16e2b2c458b1ad9c095d0a99d6ee0822db0b9b,07/30/2025 08:00:00 PM,2,DRIVER,,2019188,,LINCOLN,AVIATOR,,,UNKNOWN,SPORT UTILITY VEHICLE (SUV),OTHER,S,STRAIGHT AHEAD,,,1,,,,,,,,,,,,,,,Y,Y,,FRONT,,,,,,,,,,,,,,,,,,,,,,,,,,,,,,,,,
2118175,b6953deb29f4cc27ac2c1a68b347465bb52040f82921b235bbca999eca34dcd34aa3e53a0c2e71b2201573f0a034eac12945a56a8259f49314099ba7431784c4,07/30/2025 08:00:00 PM,1,DRIVER,,2019225,,UNKNOWN,MOTORIZED,,,UNKNOWN,UNKNOWN/NA,UNKNOWN/NA,UNKNOWN,BACKING,,,1,,,,,,,,,,,,,,,,,Y,UNKNOWN,,,,,,,,,,,,,,,,,,,,,,,,,,,,,,,,,
2118176,b6953deb29f4cc27ac2c1a68b347465bb52040f82921b235bbca999eca34dcd34aa3e53a0c2e71b2201573f0a034eac12945a56a8259f49314099ba7431784c4,07/30/2025 08:00:00 PM,2,PARKED,,2019236,,CHEVROLET,BLAZER,IL,2024,NONE,SPORT UTILITY VEHICLE (SUV),PERSONAL,W,PARKED,,,0,,,,,Y,,,,,,,,,,Y,Y,,FRONT,,,,,,,,,,,,,,,,,,,,,,,,,,,,,,,,,
2118720,f4bf8cd9adedf4412069475c17150c65910d0394e98020483f2738fe8476752ff755b2d41b45744f69dd18302831dc119020e817c07f36742b5972f96cad46db,07/30/2025 08:00:00 PM,1,DRIVER,,2019765,,CHEVROLET,ASTRO,IL,2005,NONE,VAN/MINI-VAN,PERSONAL,S,STRAIGHT AHEAD,,,1,,,,,,,,,,,,,,,,Y,,FRONT,,,,,,,,,,,,,,,,,,,,,,,,,,,,,,,,,
2118721,f4bf8cd9adedf4412069475c17150c65910d0394e98020483f2738fe8476752ff755b2d41b45744f69dd18302831dc119020e817c07f36742b5972f96cad46db,07/30/2025 08:00:00 PM,2,DRIVER,,2019778,,DODGE,DURANGO,IL,2016,NONE,SPORT UTILITY VEHICLE (SUV),PERSONAL,W,STRAIGHT AHEAD,,,1,,,,,,Y,Y,Y,,,,,,,,,,SIDE-RIGHT,,,,,,,,,,,,,,,,,,,,,,,,,,,,,,,,,
2118217,9463efd3e00ec386512bb534f79fb72513c8f9be49b686311d3268dabf739010d66b8d52a04ddbe748215c07d00197fe72f8601e11f3c0083a794806afbd159e,07/30/2025 07:52:00 PM,1,DRIVER,,2019268,,UNKNOWN,OTHER (EXPLAIN IN NARRATIVE),,,UNKNOWN,UNKNOWN/NA,UNKNOWN/NA,UNKNOWN,UNKNOWN/NA,,,1,,,,,,,,,,,,,,,,,Y,UNKNOWN,,,,,,,,,,,,,,,,,,,,,,,,,,,,,,,,,
2118218,9463efd3e00ec386512bb534f79fb72513c8f9be49b686311d3268dabf739010d66b8d52a04ddbe748215c07d00197fe72f8601e11f3c0083a794806afbd159e,07/30/2025 07:52:00 PM,2,PARKED,,2019271,,LINCOLN,AVIATOR,IL,2023,NONE,PASSENGER,PERSONAL,UNKNOWN,PARKED,,,0,,,,,,,,,,N,N,Y,Y,Y,,,,SIDE-LEFT-FRONT,,,,,,,,,,,,,,,,,,,,,,,,,,,,,,,,,
2118104,647e5627146ee783eb7f4e912791ff6f1718c550dda3cf76aa1df5d1856da58ac3c518bbea911eabdb618ab6b895a6e4ef5e5adc389112b1f2fde9b8b90a6cde,07/30/2025 07:50:00 PM,1,DRIVER,,2019169,,TESLA,MODEL Y,IL,2026,NONE,PASSENGER,PERSONAL,SW,TURNING RIGHT,,,1,,,,,,,,,,,,,,Y,Y,Y,,FRONT-LEFT-CORNER,,,,,,,,,,,,,,,,,,,,,,,,,,,,,,,,,
2118105,647e5627146ee783eb7f4e912791ff6f1718c550dda3cf76aa1df5d1856da58ac3c518bbea911eabdb618ab6b895a6e4ef5e5adc389112b1f2fde9b8b90a6cde,07/30/2025 07:50:00 PM,2,DRIVER,,2019174,,KIA,FORTE,IL,2021,NONE,PASSENGER,PERSONAL,E,STRAIGHT AHEAD,Y,,1,,OWNER,UNKNOWN,,,,,,,,Y,Y,Y,Y,,,,SIDE-LEFT,,,,,,,,,,,,,,,,,,,,,,,,,,,,,,,,,
2118098,652f277eda4eee8353715d0f4190ee9aaa9416e94782069f8ec9d05adc68e5e5d0193af8bcff85af53af37f6c7c4a60076dfd5829029c9f2eebd6c8bfceb28b1,07/30/2025 07:40:00 PM,1,DRIVER,,2019157,,TOYOTA,PRIUS,IL,2014,UNKNOWN,PASSENGER,UNKNOWN/NA,NE,TURNING LEFT,,,1,,,,,,,,,,,,,,,,Y,,FRONT,,,,,,,,,,,,,,,,,,,,,,,,,,,,,,,,,
2118099,652f277eda4eee8353715d0f4190ee9aaa9416e94782069f8ec9d05adc68e5e5d0193af8bcff85af53af37f6c7c4a60076dfd5829029c9f2eebd6c8bfceb28b1,07/30/2025 07:40:00 PM,2,DRIVER,2,2019162,,DODGE,DURANGO,IL,2020,UNKNOWN,PASSENGER,UNKNOWN/NA,W,STRAIGHT AHEAD,Y,,3,,PRIVATE,,,,,,,Y,,,,,,,,,REAR-RIGHT-CORNER,,,,,,,,,,,,,,,,,,,,,,,,,,,,,,,,,
2118093,bfef116727dc1e630b70fd6cc2fb332ed37925eb74c36a8a24b71a91b673151c100ab21095fdb38e4f24c8427a7e33ff596a6c71b9b485fff6f0a0cc6271b3f8,07/30/2025 07:24:00 PM,1,DRIVER,1,2019153,,AUDI,A4,IL,2012,UNKNOWN,PASSENGER,PERSONAL,E,ENTERING TRAFFIC LANE FROM PARKING,,,2,,,,,Y,Y,Y,,,,,,,,,Y,,FRONT-RIGHT-CORNER,,,,,,,,,,,,,,,,,,,,,,,,,,,,,,,,,
2118094,bfef116727dc1e630b70fd6cc2fb332ed37925eb74c36a8a24b71a91b673151c100ab21095fdb38e4f24c8427a7e33ff596a6c71b9b485fff6f0a0cc6271b3f8,07/30/2025 07:24:00 PM,2,DRIVER,,2019165,,LINCOLN,MKZ,IL,2012,UNKNOWN,PASSENGER,PERSONAL,W,STRAIGHT AHEAD,,,1,,,,,Y,Y,,,,,,,,Y,Y,Y,,FRONT,,,,,,,,,,,,,,,,,,,,,,,,,,,,,,,,,
2118095,bfef116727dc1e630b70fd6cc2fb332ed37925eb74c36a8a24b71a91b673151c100ab21095fdb38e4f24c8427a7e33ff596a6c71b9b485fff6f0a0cc6271b3f8,07/30/2025 07:24:00 PM,3,PARKED,,2019171,,LEXUS,RX450H,IL,2011,UNKNOWN,PASSENGER,PERSONAL,W,PARKED,,,0,,,,,,,,,,,Y,Y,Y,Y,Y,,,SIDE-LEFT,,,,,,,,,,,,,,,,,,,,,,,,,,,,,,,,,
2118059,94f1d52ab4e3364d26eff277b652a0b64a38541a5144458b936b2aa65f01f18bfb95f86d1510e00eb3bba40ab0510021fbcd6cd29f5889754aaa10198612ccdf,07/30/2025 07:15:00 PM,1,DRIVER,,2019147,,NISSAN,ROGUE,IL,2011,UNKNOWN,SPORT UTILITY VEHICLE (SUV),UNKNOWN/NA,W,CHANGING LANES,,,1,,,,,Y,Y,,,,,,,,,,,Y,FRONT-RIGHT-CORNER,,,,,,,,,,,,,,,,,,,,,,,,,,,,,,,,,
2118060,94f1d52ab4e3364d26eff277b652a0b64a38541a5144458b936b2aa65f01f18bfb95f86d1510e00eb3bba40ab0510021fbcd6cd29f5889754aaa10198612ccdf,07/30/2025 07:15:00 PM,2,DRIVER,,2019163,,NISSAN,MAXIMA,IL,2023,NONE,PASSENGER,PERSONAL,W,STRAIGHT AHEAD,,,1,,,,,,,,,,,,,,Y,Y,Y,,FRONT-LEFT-CORNER,,,,,,,,,,,,,,,,,,,,,,,,,,,,,,,,,
2122068,334f4ea8d81c74839ddc82837427b5ffd7b42ab0d431a7d322bdc25f105078f39b548d527d523615639e1fbdf1ce2f100e67a9acfc1abc956e6b0ef9226c4804,07/30/2025 07:11:00 PM,1,DRIVER,,2022982,,YAMAHA,YAMAHA,,2025,UNKNOWN,MOTORCYCLE (OVER 150CC),PERSONAL,S,STRAIGHT AHEAD,Y,,1,,CPD,POUND 6,,,,,,,,,,,,,,,TOTAL (ALL AREAS),,,,,,,,,,,,,,,,,,,,,,,,,,,,,,,,,
2122069,334f4ea8d81c74839ddc82837427b5ffd7b42ab0d431a7d322bdc25f105078f39b548d527d523615639e1fbdf1ce2f100e67a9acfc1abc956e6b0ef9226c4804,07/30/2025 07:11:00 PM,2,DRIVER,1,2022983,,FORD,TAURUS,IL,2013,UNKNOWN,UNKNOWN/NA,UNKNOWN/NA,NW,TURNING LEFT,,,2,,,,,,,Y,Y,Y,N,N,,,,,,,SIDE-RIGHT-REAR,,,,,,,,,,,,,,,,,,,,,,,,,,,,,,,,,