CRASH_UNIT_ID,CRASH_RECORD_ID,CRASH_DATE,UNIT_NO,UNIT_TYPE,NUM_PASSENGERS,VEHICLE_ID,CMRC_VEH_I,MAKE,MODEL,LIC_PLATE_STATE,VEHICLE_YEAR,VEHICLE_DEFECT,VEHICLE_TYPE,VEHICLE_USE,TRAVEL_DIRECTION,MANEUVER,TOWED_I,FIRE_I,OCCUPANT_CNT,EXCEED_SPEED_LIMIT_I,TOWED_BY,TOWED_TO,AREA_00_I,AREA_01_I,AREA_02_I,AREA_03_I,AREA_04_I,AREA_05_I,AREA_06_I,AREA_07_I,AREA_08_I,AREA_09_I,AREA_10_I,AREA_11_I,AREA_12_I,AREA_99_I,FIRST_CONTACT_POINT,CMV_ID,USDOT_NO,CCMC_NO,ILCC_NO,COMMERCIAL_SRC,GVWR,CARRIER_NAME,CARRIER_STATE,CARRIER_CITY,HAZMAT_PLACARDS_I,HAZMAT_NAME,UN_NO,HAZMAT_PRESENT_I,HAZMAT_REPORT_I,HAZMAT_REPORT_NO,MCS_REPORT_I,MCS_REPORT_NO,HAZMAT_VIO_CAUSE_CRASH_I,MCS_VIO_CAUSE_CRASH_I,IDOT_PERMIT_NO,WIDE_LOAD_I,TRAILER1_WIDTH,TRAILER2_WIDTH,TRAILER1_LENGTH,TRAILER2_LENGTH,TOTAL_VEHICLE_LENGTH,AXLE_CNT,VEHICLE_CONFIG,CARGO_BODY_TYPE,LOAD_TYPE,HAZMAT_OUT_OF_SERVICE_I,MCS_OUT_OF_SERVICE_I,HAZMAT_CLASS
2118081,617354eabff7b5132e83c21820727343aa1f822d8adda36a7b49fd2dcf505319dbce249bb34f3e9e184e6ed543fe5c303d8ba07b5f7e5ff80b1460f333697373,07/30/2025 07:10:00 PM,1,DRIVER,,2019144,,TESLA,MODEL Y,MD,2021,UNKNOWN,SPORT UTILITY VEHICLE (SUV),UNKNOWN/NA,W,ENTERING TRAFFIC LANE FROM PARKING,,,1,,,,,Y,,,,,,,Y,,,N,N,,SIDE-LEFT-REAR,,,,,,,,,,,,,,,,,,,,,,,,,,,,,,,,,
2118082,617354eabff7b5132e83c21820727343aa1f822d8adda36a7b49fd2dcf505319dbce249bb34f3e9e184e6ed543fe5c303d8ba07b5f7e5ff80b1460f333697373,07/30/2025 07:10:00 PM,2,DRIVER,,2019152,,JEEP,LIBERTY,IL,2007,NONE,SPORT UTILITY VEHICLE (SUV),PERSONAL,W,STRAIGHT AHEAD,,,1,,,,,Y,Y,,,,,,N,,,,,,SIDE-RIGHT-FRONT,,,,,,,,,,,,,,,,,,,,,,,,,,,,,,,,,
2118096,b3701c1622caa0a6bac69bd0f808956aebb202e9946e79be86569af4c8257370b0d71934c2d8f01b178a1758552fccc086e97deed6052e7c01354f8fab5b54da,07/30/2025 07:06:00 PM,1,DRIVER,,2019156,,SUBARU,OUTBACK,CO,2005,NONE,PASSENGER,PERSONAL,SE,TURNING RIGHT,,,1,,,,,Y,,,,,,,,,,,Y,,FRONT,,,,,,,,,,,,,,,,,,,,,,,,,,,,,,,,,
2118097,b3701c1622caa0a6bac69bd0f808956aebb202e9946e79be86569af4c8257370b0d71934c2d8f01b178a1758552fccc086e97deed6052e7c01354f8fab5b54da,07/30/2025 07:06:00 PM,2,DRIVER,,2019176,,TOYOTA,CAMRY,IL,2012,NONE,PASSENGER,PERSONAL,S,STRAIGHT AHEAD,,,1,,,,,,,Y,Y,Y,,,,,,,,,SIDE-RIGHT-REAR,,,,,,,,,,,,,,,,,,,,,,,,,,,,,,,,,
2118110,cbb7a33735fa967812dea74e658a8dd8867fc391a5263e8631935dc14fdb4cd3f17035b2216c1d610279ea4601e7a350903059ab49bdc12e59629b56eabce525,07/30/2025 07:06:00 PM,1,BICYCLE,,,,,,,,,,,,,,,,,,,,,,,,,,,,,,,,,,,,,,,,,,,,,,,,,,,,,,,,,,,,,,,,,,
2118118,cbb7a33735fa967812dea74e658a8dd8867fc391a5263e8631935dc14fdb4cd3f17035b2216c1d610279ea4601e7a350903059ab49bdc12e59629b56eabce525,07/30/2025 07:06:00 PM,2,DRIVER,1,2019179,,KIA,NIRO,IL,2017,UNKNOWN,PASSENGER,PERSONAL,SW,TURNING RIGHT,,,2,,,,Y,,,,,,,,,,,,,,NONE,,,,,,,,,,,,,,,,,,,,,,,,,,,,,,,,,
2118053,1f21c8dda1b184919d8f05dbcae85ffa12fdfccd565d65a3fafde45d1a8b939f17323aea7cf8b2e46d1cd8aab52940db83c73bf19df910ef0f3cf91e7ab5bbeb,07/30/2025 07:03:00 PM,1,DRIVER,,2019127,,UNKNOWN,OTHER (EXPLAIN IN NARRATIVE),IL,,UNKNOWN,SPORT UTILITY VEHICLE (SUV),UNKNOWN/NA,S,STRAIGHT AHEAD,,,1,,,,,,,,,,,,,,,,,,UNKNOWN,,,,,,,,,,,,,,,,,,,,,,,,,,,,,,,,,
2118054,1f21c8dda1b184919d8f05dbcae85ffa12fdfccd565d65a3fafde45d1a8b939f17323aea7cf8b2e46d1cd8aab52940db83c73bf19df910ef0f3cf91e7ab5bbeb,07/30/2025 07:03:00 PM,2,DRIVER,,2019116,,HONDA,CIVIC,CA,2021,UNKNOWN,PASSENGER,PERSONAL,E,STRAIGHT AHEAD,,,1,,,,,,,,,,,Y,Y,Y,Y,Y,,,SIDE-LEFT,,,,,,,,,,,,,,,,,,,,,,,,,,,,,,,,,
2118100,ed3d38c7fe28aaa40901b100105bd4df7b29901666f9af1651864390aff94d6a89d0a3373cb818c669a75615f9a80f5f8e4ca179bf9f7ecc4c2d511fb28426a1,07/30/2025 07:03:00 PM,1,DRIVER,2,2019160,,HYUNDAI,SONATA,IL,2007,UNKNOWN,PASSENGER,PERSONAL,SE,BACKING,,,3,,,,Y,,,,,,,,,,,,,,REAR,,,,,,,,,,,,,,,,,,,,,,,,,,,,,,,,,
2118101,ed3d38c7fe28aaa40901b100105bd4df7b29901666f9af1651864390aff94d6a89d0a3373cb818c669a75615f9a80f5f8e4ca179bf9f7ecc4c2d511fb28426a1,07/30/2025 07:03:00 PM,2,DRIVER,,2019167,,PONTIAC,VIBE,IL,2006,UNKNOWN,PASSENGER,PERSONAL,S,STRAIGHT AHEAD,,,1,,,,,,,,,,,,,,,,,Y,REAR,,,,,,,,,,,,,,,,,,,,,,,,,,,,,,,,,
2118085,f2ef36ae51f192c21bf1c4e8d72425afcf3127ff2a65039992c50fa55b35f029db0cca23b2127156f6249c63b9b98a15a0bd3e73ae40788780631141686cc8a7,07/30/2025 07:02:00 PM,1,DRIVER,,2019148,,FORD,ESCAPE,IL,2015,UNKNOWN,PASSENGER,UNKNOWN/NA,N,CHANGING LANES,,,1,,,,,Y,Y,Y,Y,,,,,,,,,,SIDE-RIGHT,,,,,,,,,,,,,,,,,,,,,,,,,,,,,,,,,
2118086,f2ef36ae51f192c21bf1c4e8d72425afcf3127ff2a65039992c50fa55b35f029db0cca23b2127156f6249c63b9b98a15a0bd3e73ae40788780631141686cc8a7,07/30/2025 07:02:00 PM,2,DRIVER,,2019159,,TOYOTA,PRIUS,IL,2010,UNKNOWN,UNKNOWN/NA,UNKNOWN/NA,N,STRAIGHT AHEAD,,,1,,,,,,,,,,,,,,Y,Y,Y,,FRONT-LEFT-CORNER,,,,,,,,,,,,,,,,,,,,,,,,,,,,,,,,,
2118135,e12baedf4f2909ba764823a8a1a48208f90c97a1d3f35981a45bb11f3215dcbfa12783e8920f838d604b906096ac353aece4190a18b96ac07c77cb449a88b6db,07/30/2025 07:01:00 PM,1,DRIVER,,2019199,,HONDA,CR-V,IL,2016,NONE,PASSENGER,PERSONAL,W,STRAIGHT AHEAD,,,1,,,,,,,,,,,,,,Y,Y,,,FRONT-LEFT-CORNER,,,,,,,,,,,,,,,,,,,,,,,,,,,,,,,,,
2118136,e12baedf4f2909ba764823a8a1a48208f90c97a1d3f35981a45bb11f3215dcbfa12783e8920f838d604b906096ac353aece4190a18b96ac07c77cb449a88b6db,07/30/2025 07:01:00 PM,2,DRIVER,3,2019201,,FORD,FOCUS,IL,2012,NONE,PASSENGER,PERSONAL,W,STRAIGHT AHEAD,,,4,,,,,,,Y,Y,Y,,,,,,,,,REAR-RIGHT-CORNER,,,,,,,,,,,,,,,,,,,,,,,,,,,,,,,,,
2118181,03c33d83402bb2b4e9d5c82c492624d6f1557b06e533b18c292019933452b070b5f0e4413c0b4c3ddc790c8599f915a72b740aafe1da2a7091de44f10f2b2b59,07/30/2025 07:00:00 PM,1,DRIVER,1,2019638,,DODGE,MAGNUM,IL,2008,UNKNOWN,PASSENGER,PERSONAL,N,PASSING/OVERTAKING,,,2,,,,,,,,,,,,,,,Y,Y,,FRONT,,,,,,,,,,,,,,,,,,,,,,,,,,,,,,,,,
2118182,03c33d83402bb2b4e9d5c82c492624d6f1557b06e533b18c292019933452b070b5f0e4413c0b4c3ddc790c8599f915a72b740aafe1da2a7091de44f10f2b2b59,07/30/2025 07:00:00 PM,2,DRIVER,,2019561,,CHEVROLET,BOLT,IL,2023,UNKNOWN,PASSENGER,UNKNOWN/NA,N,STRAIGHT AHEAD,,,1,,,,,,,Y,Y,Y,,,,,,,,,SIDE-RIGHT-REAR,,,,,,,,,,,,,,,,,,,,,,,,,,,,,,,,,
2118111,29a050be55398eff078043149cea31f9676966f282477fb8f14e50e7f5409ac2dda23d83ae109a57fe69cdedb557e6808b79bc371514f5451159ae853dcd60e7,07/30/2025 07:00:00 PM,1,DRIVER,,2019172,,UNKNOWN,OTHER (EXPLAIN IN NARRATIVE),,,UNKNOWN,UNKNOWN/NA,UNKNOWN/NA,UNKNOWN,UNKNOWN/NA,,,1,,,,,,,,,,,,,,,,,,UNKNOWN,,,,,,,,,,,,,,,,,,,,,,,,,,,,,,,,,
2118112,29a050be55398eff078043149cea31f9676966f282477fb8f14e50e7f5409ac2dda23d83ae109a57fe69cdedb557e6808b79bc371514f5451159ae853dcd60e7,07/30/2025 07:00:00 PM,2,PARKED,,2019181,,KIA,OPTIMA / K5,FL,2014,NONE,PASSENGER,PERSONAL,S,PARKED,,,0,,,,,,,,,,,,,,,Y,Y,,FRONT,,,,,,,,,,,,,,,,,,,,,,,,,,,,,,,,,
2118049,b5bf39b2eec66ef5a79ecadb21d36c6084491f3386875f679cbe199fdb3aba543b573f7d1a934e290b3e5564b638089000d1bd8caad8bf52f9b52c21c80ca33b,07/30/2025 07:00:00 PM,1,DRIVER,,2019108,,CHEVROLET,EQUINOX,IL,2011,UNKNOWN,PASSENGER,PERSONAL,W,STRAIGHT AHEAD,,,1,,,,,,,,,,,,,,,,,Y,FRONT,,,,,,,,,,,,,,,,,,,,,,,,,,,,,,,,,
2118050,b5bf39b2eec66ef5a79ecadb21d36c6084491f3386875f679cbe199fdb3aba543b573f7d1a934e290b3e5564b638089000d1bd8caad8bf52f9b52c21c80ca33b,07/30/2025 07:00:00 PM,2,DRIVER,,2019119,,HONDA,MOTORCYCLE,IL,2024,NONE,MOTORCYCLE (OVER 150CC),PERSONAL,E,TURNING LEFT,,,1,,,,,,,,,,,,,,,,,,SIDE-RIGHT,,,,,,,,,,,,,,,,,,,,,,,,,,,,,,,,,
2118091,c3fc1530b5489ad900205854869b5408f17cb51057e2b37ac6a28dcb7bd16c3fa1b4125cdb44baf57fc9e33b8a4659670a62923f0f89563c6e9e536ed5e3a433,07/30/2025 07:00:00 PM,1,DRIVER,,2019146,,UNKNOWN,OTHER (EXPLAIN IN NARRATIVE),,,UNKNOWN,UNKNOWN/NA,UNKNOWN/NA,UNKNOWN,UNKNOWN/NA,,,1,,,,,,,,,,,,,,,,,Y,UNKNOWN,,,,,,,,,,,,,,,,,,,,,,,,,,,,,,,,,
2118092,c3fc1530b5489ad900205854869b5408f17cb51057e2b37ac6a28dcb7bd16c3fa1b4125cdb44baf57fc9e33b8a4659670a62923f0f89563c6e9e536ed5e3a433,07/30/2025 07:00:00 PM,2,PARKED,,2019149,,CHEVROLET,MALIBU,IL,2025,NONE,PASSENGER,PERSONAL,N,PARKED,,,0,,,,,,,,,,,Y,Y,Y,Y,Y,,,SIDE-LEFT,,,,,,,,,,,,,,,,,,,,,,,,,,,,,,,,,
2118113,725666ff7c7cee215dfe286fe63e73cc88cbb52d665210166fd83b0ef4375e92e264ea529617924e3579a72646db9a54785e7440f685be10dcb16079298682a5,07/30/2025 06:52:00 PM,1,DRIVER,2,2019182,,JEEP,CHEROKEE,IL,2016,UNKNOWN,PASSENGER,PERSONAL,S,UNKNOWN/NA,Y,,3,,CITY TOW,POND 1,,Y,,,,,,,,,Y,Y,Y,,UNKNOWN,,,,,,,,,,,,,,,,,,,,,,,,,,,,,,,,,
2118055,0678ef836d388df0365e75cd98ae8c65c4582636ba99e8d359aa264995bdae0cb5cf7b39824699872b50dcc0a9ea65d39dbc98ff418c02a915f0c9815173071d,07/30/2025 06:33:00 PM,1,DRIVER,,2019115,,HONDA,CR-V,IL,2014,UNKNOWN,SPORT UTILITY VEHICLE (SUV),PERSONAL,W,STRAIGHT AHEAD,,,1,,,,Y,,,,,,,,,,,,,,FRONT-RIGHT-CORNER,,,,,,,,,,,,,,,,,,,,,,,,,,,,,,,,,
2118056,0678ef836d388df0365e75cd98ae8c65c4582636ba99e8d359aa264995bdae0cb5cf7b39824699872b50dcc0a9ea65d39dbc98ff418c02a915f0c9815173071d,07/30/2025 06:33:00 PM,2,BICYCLE,,,,,,,,,,,,,,,,,,,,,,,,,,,,,,,,,,,,,,,,,,,,,,,,,,,,,,,,,,,,,,,,,,
2118213,b0ba57f201cbc5452dcb69f260001ccc3940a0d6a69ae8b4b986e4c0e49470eb71e4144ae658dd459c8d35fe60831b5f34e2f953032de9ca98e5343dc888421e,07/30/2025 06:31:00 PM,1,DRIVER,,2019266,,KIA,FORTE,IL,2024,NONE,PASSENGER,PERSONAL,SE,STRAIGHT AHEAD,,,1,,,,,,,,,,,Y,,,,,,,REAR-RIGHT-CORNER,,,,,,,,,,,,,,,,,,,,,,,,,,,,,,,,,
2118214,b0ba57f201cbc5452dcb69f260001ccc3940a0d6a69ae8b4b986e4c0e49470eb71e4144ae658dd459c8d35fe60831b5f34e2f953032de9ca98e5343dc888421e,07/30/2025 06:31:00 PM,2,DRIVER,,2019275,,TOYOTA,PRIUS,IL,2012,NONE,PASSENGER,PERSONAL,S,STRAIGHT AHEAD,,,1,,,,,,,,,,,Y,,,,,,,SIDE-LEFT-REAR,,,,,,,,,,,,,,,,,,,,,,,,,,,,,,,,,
2118079,07264b690b483978c670889e75ba28b5da8024062b47ed6708892b2afce80a9995e862c2a9e687547a5f5d2af5975574df3dd8911a25be672fd9a9714c48f698,07/30/2025 06:30:00 PM,1,PEDESTRIAN,,,,,,,,,,,,,,,,,,,,,,,,,,,,,,,,,,,,,,,,,,,,,,,,,,,,,,,,,,,,,,,,,,
2118080,07264b690b483978c670889e75ba28b5da8024062b47ed6708892b2afce80a9995e862c2a9e687547a5f5d2af5975574df3dd8911a25be672fd9a9714c48f698,07/30/2025 06:30:00 PM,2,DRIVER,1,2019143,,HONDA,FIT,IL,2019,UNKNOWN,SPORT UTILITY VEHICLE (SUV),PERSONAL,N,STRAIGHT AHEAD,,,2,,,,Y,,,,,,,,,,,,,,FRONT-LEFT-CORNER,,,,,,,,,,,,,,,,,,,,,,,,,,,,,,,,,
2118073,5848fedc60d281c1069f7746617d42a7f7412c90a9435ca3989cf7e259de164ed424fe1ebba00f15f78711cba42cf7b16bdea288c4f65a46220ebc817dc1953a,07/30/2025 06:30:00 PM,1,DRIVER,1,2019134,,FORD,RANGER,IL,2001,UNKNOWN,PICKUP,UNKNOWN/NA,N,STRAIGHT AHEAD,,,2,,,,Y,,,,,,,,,,,,,,FRONT,,,,,,,,,,,,,,,,,,,,,,,,,,,,,,,,,
2118074,5848fedc60d281c1069f7746617d42a7f7412c90a9435ca3989cf7e259de164ed424fe1ebba00f15f78711cba42cf7b16bdea288c4f65a46220ebc817dc1953a,07/30/2025 06:30:00 PM,2,DRIVER,,2019138,,JEEP,COMPASS,IL,2020,NONE,PASSENGER,PERSONAL,S,STRAIGHT AHEAD,,,1,,,,N,Y,,,,,,,,,,Y,Y,Y,FRONT,,,,,,,,,,,,,,,,,,,,,,,,,,,,,,,,,
2118045,99602841a5ed45ca1fa2b65522d06eb5713df1835d54ae64f5e0d48e645a71b5674aa22c236f82e99d0c9376ed84819c9e1c3fdadcaca0e0e4383421e93699bd,07/30/2025 06:27:00 PM,1,DRIVER,,2019112,,ACURA,ADX,IL,2007,UNKNOWN,UNKNOWN/NA,PERSONAL,N,STRAIGHT AHEAD,,,1,,,,,,,,,,,,,,,,,Y,UNKNOWN,,,,,,,,,,,,,,,,,,,,,,,,,,,,,,,,,
2118046,99602841a5ed45ca1fa2b65522d06eb5713df1835d54ae64f5e0d48e645a71b5674aa22c236f82e99d0c9376ed84819c9e1c3fdadcaca0e0e4383421e93699bd,07/30/2025 06:27:00 PM,2,PARKED,,2019118,,CHEVROLET,EQUINOX,IL,2023,UNKNOWN,PASSENGER,PERSONAL,UNKNOWN,PARKED,,,0,,,,,,,,,,,,,Y,Y,,,,SIDE-LEFT,,,,,,,,,,,,,,,,,,,,,,,,,,,,,,,,,
2118047,02e4fa1dd7161982f3fc7007babdcf1d20ced8f60845c42dd858b74ff831515793705a38785bd5a146d76419c27a29a032f486e965fc315b1abd1b0d099d72ac,07/30/2025 06:20:00 PM,1,DRIVER,,2019130,,TOYOTA,PRIUS,IL,2010,UNKNOWN,PASSENGER,PERSONAL,UNKNOWN,STRAIGHT AHEAD,,,1,,,,,Y,,,,,,,,,,,Y,,FRONT-RIGHT-CORNER,,,,,,,,,,,,,,,,,,,,,,,,,,,,,,,,,
2118048,02e4fa1dd7161982f3fc7007babdcf1d20ced8f60845c42dd858b74ff831515793705a38785bd5a146d76419c27a29a032f486e965fc315b1abd1b0d099d72ac,07/30/2025 06:20:00 PM,2,DRIVER,,2019136,,TOYOTA,PRIUS,IL,2010,UNKNOWN,PASSENGER,PERSONAL,UNKNOWN,STRAIGHT AHEAD,,,1,,,,,,,,,,Y,Y,,,,,,,REAR,,,,,,,,,,,,,,,,,,,,,,,,,,,,,,,,,
2118108,4b15f8707414d36311cac74e4a2c8d5412275d88ac1166533ea6e308f6f2eb40c3f0cf5d2487bda72ea07abaffd68c23f2382d2d73dec6c36c11976253ccca51,07/30/2025 06:20:00 PM,1,DRIVER,,2019168,,"PREVOST CAR / BUS (SAINTE CLAIRE, QUEBEC)","\"PREVOST CAR, (\"\"PREVOST BUS;\"\" SAINTE CLAIRE","QUEBEC\"",IL,2016,NONE,BUS OVER 15 PASS.,CTA,E,CHANGING LANES,,,1,,,,,,,,,,,,,,,Y,,,FRONT-LEFT-CORNER,,,,,,,,,,,,,,,,,,,,,,,,,,,,,,,,
2118109,4b15f8707414d36311cac74e4a2c8d5412275d88ac1166533ea6e308f6f2eb40c3f0cf5d2487bda72ea07abaffd68c23f2382d2d73dec6c36c11976253ccca51,07/30/2025 06:20:00 PM,2,DRIVER,,2019173,,TOYOTA,RAV4,IL,2018,UNKNOWN,UNKNOWN/NA,PERSONAL,E,STRAIGHT AHEAD,,,1,,,,,,,,,Y,,,,,,,,,REAR-RIGHT-CORNER,,,,,,,,,,,,,,,,,,,,,,,,,,,,,,,,,
2118165,8235ad1dc6eae6d8e1b83dd9be82a848336b65b3e65c12dd2865c97cc12e523dbcc8ffdf37b1046074a55eb327460c85b04cf417eb446b3bc696ba60629997d3,07/30/2025 06:17:00 PM,1,DRIVER,,2019223,,FIAT,OTHER (EXPLAIN IN NARRATIVE),IL,2012,UNKNOWN,PASSENGER,PERSONAL,W,STRAIGHT AHEAD,,,1,,,,,Y,Y,,,,,,,,,,Y,,FRONT-RIGHT-CORNER,,,,,,,,,,,,,,,,,,,,,,,,,,,,,,,,,
2118166,8235ad1dc6eae6d8e1b83dd9be82a848336b65b3e65c12dd2865c97cc12e523dbcc8ffdf37b1046074a55eb327460c85b04cf417eb446b3bc696ba60629997d3,07/30/2025 06:17:00 PM,2,DRIVER,4,2019246,,HYUNDAI,ACCENT,IA,2013,NONE,PASSENGER,PERSONAL,W,STRAIGHT AHEAD,,,5,,,,,,,,,,Y,Y,Y,,,,,,REAR-LEFT-CORNER,,,,,,,,,,,,,,,,,,,,,,,,,,,,,,,,,
2118271,0bf1f9c9eb0bc023497ffbd0dd6581b4db4048ccfaa4d32fd984b36cc0bbfa0f220f1936ad2530f246cf4af9b105e1e032c42848650eb8f562f41f006d3b1353,07/30/2025 06:15:00 PM,1,DRIVER,,2019320,,AUDI,Q3,IL,2018,NONE,PASSENGER,PERSONAL,E,STRAIGHT AHEAD,,,1,,,,,,,,,,,,,,,,Y,,FRONT,,,,,,,,,,,,,,,,,,,,,,,,,,,,,,,,,
2118272,0bf1f9c9eb0bc023497ffbd0dd6581b4db4048ccfaa4d32fd984b36cc0bbfa0f220f1936ad2530f246cf4af9b105e1e032c42848650eb8f562f41f006d3b1353,07/30/2025 06:15:00 PM,2,DRIVER,,2019326,,JEEP,PATRIOT,IL,2014,NONE,PASSENGER,PERSONAL,E,SLOW/STOP IN TRAFFIC,,,1,,,,,,,,,,Y,,,,,,,,REAR,,,,,,,,,,,,,,,,,,,,,,,,,,,,,,,,,
2118035,6081545972a4d5e259d1e8b3d3ef708d2a684ac4ec65d6cde1113564220f1357245387a0f6b55d7aca2ff8b01c3632a4d64eb4337c769d5f4c5e3e595f64e704,07/30/2025 06:13:00 PM,1,DRIVER,5,2019095,,JEEP,WRANGLER,IL,2023,UNKNOWN,SPORT UTILITY VEHICLE (SUV),PERSONAL,E,TURNING LEFT,,,6,,,,,,,,,,,,,,,,Y,,FRONT,,,,,,,,,,,,,,,,,,,,,,,,,,,,,,,,,
2118036,6081545972a4d5e259d1e8b3d3ef708d2a684ac4ec65d6cde1113564220f1357245387a0f6b55d7aca2ff8b01c3632a4d64eb4337c769d5f4c5e3e595f64e704,07/30/2025 06:13:00 PM,2,DRIVER,1,2019110,,TOYOTA,CAMRY,IL,2007,UNKNOWN,PASSENGER,PERSONAL,E,TURNING LEFT,Y,,2,,ross performance towing,,,,,,Y,Y,,,,,,,,,REAR-RIGHT-CORNER,,,,,,,,,,,,,,,,,,,,,,,,,,,,,,,,,
2117990,478262208732fe1b3403150fda7d6bdc381d1eebcb971921aae1bb99cda91a531798f312a92a047d48690cacf465cfc5dbad071f2db7c6330182df3f0da8429d,07/30/2025 06:10:00 PM,1,DRIVER,,2019051,,FORD,TRANSIT,IL,2017,UNKNOWN,VAN/MINI-VAN,UNKNOWN/NA,S,TURNING LEFT,,,1,,,,,,N,N,,,,,,,,,,Y,SIDE-RIGHT,,,,,,,,,,,,,,,,,,,,,,,,,,,,,,,,,
2117991,478262208732fe1b3403150fda7d6bdc381d1eebcb971921aae1bb99cda91a531798f312a92a047d48690cacf465cfc5dbad071f2db7c6330182df3f0da8429d,07/30/2025 06:10:00 PM,2,DRIVER,,2019056,,CHEVROLET,MALIBU,IL,2022,NONE,PASSENGER,PERSONAL,S,TURNING RIGHT,,,1,,,,,,,,,,,,,,,Y,,,FRONT-LEFT-CORNER,,,,,,,,,,,,,,,,,,,,,,,,,,,,,,,,,
2118841,1f7a923ff3baf030540ad6f248392151a4e9563914236720564afb53974d156cf4dd8af3c71f6c4d1a1e69146507f35c056e6fee99d3c0a55c855a13aa8625d4,07/30/2025 06:00:00 PM,1,DRIVER,,2019867,,UNKNOWN,OTHER (EXPLAIN IN NARRATIVE),,,UNKNOWN,UNKNOWN/NA,UNKNOWN/NA,UNKNOWN,UNKNOWN/NA,,,1,,,,,,,,,,,,,,,,,Y,UNKNOWN,,,,,,,,,,,,,,,,,,,,,,,,,,,,,,,,,
2118842,1f7a923ff3baf030540ad6f248392151a4e9563914236720564afb53974d156cf4dd8af3c71f6c4d1a1e69146507f35c056e6fee99d3c0a55c855a13aa8625d4,07/30/2025 06:00:00 PM,2,PARKED,,2019872,,TOYOTA,RAV4,IL,2025,NONE,PASSENGER,PERSONAL,N,PARKED,,,0,,,,,,,,,,,Y,Y,Y,Y,Y,,,SIDE-LEFT,,,,,,,,,,,,,,,,,,,,,,,,,,,,,,,,,
2118020,74aa786d18916dddd640e13210babb9799bdd4a93dd3cafcc50261e44343cd53bd5be4c1cd07549a11f55b40d700c6812c717b8a5bc7f19815f38dd91082b54e,07/30/2025 06:00:00 PM,1,DRIVER,,2019081,,CHEVROLET,SILVERADO,IL,2019,UNKNOWN,PICKUP,PERSONAL,W,STRAIGHT AHEAD,,,1,,,,,Y,,,,,,,,,,Y,Y,Y,FRONT,,,,,,,,,,,,,,,,,,,,,,,,,,,,,,,,,
2118021,74aa786d18916dddd640e13210babb9799bdd4a93dd3cafcc50261e44343cd53bd5be4c1cd07549a11f55b40d700c6812c717b8a5bc7f19815f38dd91082b54e,07/30/2025 06:00:00 PM,2,DRIVER,4,2019090,,JEEP,COMPASS,IL,2014,UNKNOWN,SPORT UTILITY VEHICLE (SUV),PERSONAL,W,AVOIDING VEHICLES/OBJECTS,,,5,,,,,,,,,Y,Y,Y,,,,,,Y,REAR,,,,,,,,,,,,,,,,,,,,,,,,,,,,,,,,,
2118016,98b7cd545c554fe1bc6701b0ca34933b06b942183178fcdfa3c9cb1a98101d44e165cb56b517cd3831bcbd97e80749c6e8ecda1a601153c52701bcedc718273e,07/30/2025 06:00:00 PM,1,DRIVER,,2019076,,TOYOTA,OTHER (EXPLAIN IN NARRATIVE),IL,2021,UNKNOWN,PASSENGER,PERSONAL,N,OTHER,,,1,,,,,,,,,,,,,,,,,Y,FRONT,,,,,,,,,,,,,,,,,,,,,,,,,,,,,,,,,
2118017,98b7cd545c554fe1bc6701b0ca34933b06b942183178fcdfa3c9cb1a98101d44e165cb56b517cd3831bcbd97e80749c6e8ecda1a601153c52701bcedc718273e,07/30/2025 06:00:00 PM,2,PARKED,,2019078,,JEEP,JEEP,IL,2023,UNKNOWN,PASSENGER,PERSONAL,N,PARKED,,,0,,,,,,,,,,Y,Y,Y,,,,,,REAR-LEFT-CORNER,,,,,,,,,,,,,,,,,,,,,,,,,,,,,,,,,
2118041,f1ff3cc30bd08e9a3442f5c6f91229867d357fc86cce53a81769b14e6e330589e7c986d4787ed41713bad378254251201ba964443424637aaa7402258e6e9515,07/30/2025 05:55:00 PM,1,DRIVER,,2019109,,CHEVROLET,TRUCK,IL,2020,NONE,SPORT UTILITY VEHICLE (SUV),PERSONAL,E,STRAIGHT AHEAD,,,1,,,,,,,,,,,,,,,,N,,FRONT,,,,,,,,,,,,,,,,,,,,,,,,,,,,,,,,,
2118042,f1ff3cc30bd08e9a3442f5c6f91229867d357fc86cce53a81769b14e6e330589e7c986d4787ed41713bad378254251201ba964443424637aaa7402258e6e9515,07/30/2025 05:55:00 PM,2,DRIVER,,2019113,,FORD,VAN,IL,2020,NONE,VAN/MINI-VAN,PERSONAL,E,STRAIGHT AHEAD,,,1,,,,,,,,,,Y,Y,,,,,,,REAR-LEFT-CORNER,,,,,,,,,,,,,,,,,,,,,,,,,,,,,,,,,
2118116,01f723b9a25610ca2cc3043e703cb82cfd6785bcd7a5cdf0ed899137f4d66815f96b0713b6491d4d6536af532d0387965a1db58de9a8444226f8c4015fdeb1e5,07/30/2025 05:50:00 PM,1,DRIVER,,2019177,,JEEP,CHEROKEE,IL,2006,UNKNOWN,PASSENGER,UNKNOWN/NA,W,CHANGING LANES,,,1,,,,,Y,Y,,,,,,,,,,,,FRONT-RIGHT-CORNER,,,,,,,,,,,,,,,,,,,,,,,,,,,,,,,,,