CRASH_UNIT_ID,CRASH_RECORD_ID,CRASH_DATE,UNIT_NO,UNIT_TYPE,NUM_PASSENGERS,VEHICLE_ID,CMRC_VEH_I,MAKE,MODEL,LIC_PLATE_STATE,VEHICLE_YEAR,VEHICLE_DEFECT,VEHICLE_TYPE,VEHICLE_USE,TRAVEL_DIRECTION,MANEUVER,TOWED_I,FIRE_I,OCCUPANT_CNT,EXCEED_SPEED_LIMIT_I,TOWED_BY,TOWED_TO,AREA_00_I,AREA_01_I,AREA_02_I,AREA_03_I,AREA_04_I,AREA_05_I,AREA_06_I,AREA_07_I,AREA_08_I,AREA_09_I,AREA_10_I,AREA_11_I,AREA_12_I,AREA_99_I,FIRST_CONTACT_POINT,CMV_ID,USDOT_NO,CCMC_NO,ILCC_NO,COMMERCIAL_SRC,GVWR,CARRIER_NAME,CARRIER_STATE,CARRIER_CITY,HAZMAT_PLACARDS_I,HAZMAT_NAME,UN_NO,HAZMAT_PRESENT_I,HAZMAT_REPORT_I,HAZMAT_REPORT_NO,MCS_REPORT_I,MCS_REPORT_NO,HAZMAT_VIO_CAUSE_CRASH_I,MCS_VIO_CAUSE_CRASH_I,IDOT_PERMIT_NO,WIDE_LOAD_I,TRAILER1_WIDTH,TRAILER2_WIDTH,TRAILER1_LENGTH,TRAILER2_LENGTH,TOTAL_VEHICLE_LENGTH,AXLE_CNT,VEHICLE_CONFIG,CARGO_BODY_TYPE,LOAD_TYPE,HAZMAT_OUT_OF_SERVICE_I,MCS_OUT_OF_SERVICE_I,HAZMAT_CLASS
2118117,01f723b9a25610ca2cc3043e703cb82cfd6785bcd7a5cdf0ed899137f4d66815f96b0713b6491d4d6536af532d0387965a1db58de9a8444226f8c4015fdeb1e5,07/30/2025 05:50:00 PM,2,DRIVER,,2019183,,FORD,CROWN VICTORIA,IL,2001,UNKNOWN,PASSENGER,PERSONAL,W,STRAIGHT AHEAD,,,1,,,,,,,,,,,,Y,,,,,,SIDE-LEFT-REAR,,,,,,,,,,,,,,,,,,,,,,,,,,,,,,,,,
2118051,621dda762ba18429b4e3a036c794e56f5d25ea3e6acfb08e8727a010e06a82f351d984ed0d2e8ec6f230581762b0c6c0d9aa83491e257e2f10248eb58986c17b,07/30/2025 05:50:00 PM,1,DRIVER,,2019114,,TOYOTA,CAMRY,IL,2020,UNKNOWN,PASSENGER,PERSONAL,W,STRAIGHT AHEAD,,,1,,,,,,Y,Y,Y,,,,,,,,,,SIDE-RIGHT,,,,,,,,,,,,,,,,,,,,,,,,,,,,,,,,,
2118052,621dda762ba18429b4e3a036c794e56f5d25ea3e6acfb08e8727a010e06a82f351d984ed0d2e8ec6f230581762b0c6c0d9aa83491e257e2f10248eb58986c17b,07/30/2025 05:50:00 PM,2,DRIVER,,2019121,,FORD,ECONOLINE E350,IL,2014,NONE,PASSENGER,OTHER,W,SLOW/STOP IN TRAFFIC,,,1,,,,,,,,,,Y,,,,,,,,REAR,,,,,,,,,,,,,,,,,,,,,,,,,,,,,,,,,
2118150,705b572e7cad4a9b7dee5fcef434ab5ba67403820caf55ee02cda7ead64d42c64cea935bb0af8ef383bb40188467f0155b8cfbe439a7433918b91d511f0c2a7e,07/30/2025 05:45:00 PM,1,DRIVER,1,2019208,,FORD,EXPLORER,IL,,NONE,SPORT UTILITY VEHICLE (SUV),POLICE,N,STRAIGHT AHEAD,,,2,,,,,Y,Y,,,,,,,,,,,,FRONT-RIGHT-CORNER,,,,,,,,,,,,,,,,,,,,,,,,,,,,,,,,,
2118033,c7621cfb497b4e14624ec87fffa87bd0051569dcf2e873d1bf3a6f1a2955be78e9ab27efd2800478aa0186b820cd027ab2c11104569a6afba83f2ce5ee3888cf,07/30/2025 05:45:00 PM,1,DRIVER,,2019099,,JEEP,RENEGADE,IL,2018,NONE,PASSENGER,PERSONAL,S,TURNING LEFT,,,1,,,,,Y,,,,,,,,,,,,,FRONT-RIGHT-CORNER,,,,,,,,,,,,,,,,,,,,,,,,,,,,,,,,,
2118034,c7621cfb497b4e14624ec87fffa87bd0051569dcf2e873d1bf3a6f1a2955be78e9ab27efd2800478aa0186b820cd027ab2c11104569a6afba83f2ce5ee3888cf,07/30/2025 05:45:00 PM,2,DRIVER,,2019106,,TOYOTA,PRIUS,IL,2012,NONE,PASSENGER,PERSONAL,E,STRAIGHT AHEAD,,,1,,,,,,,,,,,,Y,Y,Y,,,,SIDE-LEFT,,,,,,,,,,,,,,,,,,,,,,,,,,,,,,,,,
2117972,436c89b1fdec2b6708a38521bed844731aec182afb1cbc8fe79dd2b39570a30e452a65d83ca352669eab123addc5d0b2e780458e6e03a8b31e17992da396fee1,07/30/2025 05:40:00 PM,2,PARKED,,2019046,,UNKNOWN,OTHER (EXPLAIN IN NARRATIVE),,,NONE,PICKUP,NOT IN USE,E,PARKED,,,0,,,,,,,,,,,Y,,,,,,,SIDE-LEFT-REAR,,,,,,,,,,,,,,,,,,,,,,,,,,,,,,,,,
2117973,436c89b1fdec2b6708a38521bed844731aec182afb1cbc8fe79dd2b39570a30e452a65d83ca352669eab123addc5d0b2e780458e6e03a8b31e17992da396fee1,07/30/2025 05:40:00 PM,1,DRIVER,,2019030,,DODGE,STRATUS,IL,2006,NONE,PASSENGER,PERSONAL,E,STRAIGHT AHEAD,,,1,,,,,,,Y,,,,,,,,,,,SIDE-RIGHT,,,,,,,,,,,,,,,,,,,,,,,,,,,,,,,,,
2118022,83ce9ea855d77bb2b1e81ac6b3c4acea5317313ad00b6a62b5e6115892d8dc79f892e51cb5f0505ff085cf2573e5a1b2ba0e6bcd3702ba5b220eeb1cca194c74,07/30/2025 05:38:00 PM,1,DRIVER,,2019080,,UNKNOWN,OTHER (EXPLAIN IN NARRATIVE),,,UNKNOWN,UNKNOWN/NA,UNKNOWN/NA,N,STRAIGHT AHEAD,,,1,,,,,,,,,,,,,,,Y,,,FRONT,,,,,,,,,,,,,,,,,,,,,,,,,,,,,,,,,
2118023,83ce9ea855d77bb2b1e81ac6b3c4acea5317313ad00b6a62b5e6115892d8dc79f892e51cb5f0505ff085cf2573e5a1b2ba0e6bcd3702ba5b220eeb1cca194c74,07/30/2025 05:38:00 PM,2,DRIVER,,2019102,,MAZDA,CX-5,OK,2024,NONE,PASSENGER,PERSONAL,N,STRAIGHT AHEAD,,,1,,,,,,,,,,,,,,,,,,REAR,,,,,,,,,,,,,,,,,,,,,,,,,,,,,,,,,
2118071,6c8dd79e598c96872322f08dff117107a68250fbad6dc35521a0c79251a84eea8e00d4bb0a69e6c8e5f1d6405b94335e05a415cbf2ca24350749a1b3948ae11b,07/30/2025 05:35:00 PM,1,DRIVER,,2019128,,HONDA,PILOT,IL,2017,NONE,PASSENGER,PERSONAL,W,STRAIGHT AHEAD,,,1,,,,,Y,,,,,,,,,,Y,Y,Y,FRONT,,,,,,,,,,,,,,,,,,,,,,,,,,,,,,,,,
2118072,6c8dd79e598c96872322f08dff117107a68250fbad6dc35521a0c79251a84eea8e00d4bb0a69e6c8e5f1d6405b94335e05a415cbf2ca24350749a1b3948ae11b,07/30/2025 05:35:00 PM,2,DRIVER,2,2019133,,NISSAN,ALTIMA,IL,2019,NONE,PASSENGER,PERSONAL,W,STRAIGHT AHEAD,,,3,,,,,,,,,Y,Y,Y,,,,,,Y,REAR,,,,,,,,,,,,,,,,,,,,,,,,,,,,,,,,,
2118384,eca55e57b0dd84f4d3cf956e1ad5eae9206ada664604b4986db769fcd4f73b2ae366eb72565d32093aab273595b5ce18c51981faee9b78be45693febfa867c4a,07/30/2025 05:30:00 PM,1,DRIVER,,2019426,,TOYOTA,CAMRY,IL,1999,UNKNOWN,PASSENGER,PERSONAL,S,STRAIGHT AHEAD,,,1,,,,,Y,,,,,,,,,,Y,Y,,FRONT,,,,,,,,,,,,,,,,,,,,,,,,,,,,,,,,,
2118385,eca55e57b0dd84f4d3cf956e1ad5eae9206ada664604b4986db769fcd4f73b2ae366eb72565d32093aab273595b5ce18c51981faee9b78be45693febfa867c4a,07/30/2025 05:30:00 PM,2,DRIVER,,2019430,,JEEP,CHEROKEE,IL,2015,UNKNOWN,SPORT UTILITY VEHICLE (SUV),PERSONAL,S,STRAIGHT AHEAD,,,1,,,,,,,,,Y,Y,Y,,,,,,,REAR,,,,,,,,,,,,,,,,,,,,,,,,,,,,,,,,,
2118029,b8ba20fa155012fe520809fc360afd9f83c7f0e44ff5f197fc0777d7473612a579d1aa41f9bcf3c2619463c767c2b25fd8ca9e854ba9881010474ea99bd461d0,07/30/2025 05:20:00 PM,1,DRIVER,,2019084,,TOYOTA,PRIUS,IL,2010,NONE,PASSENGER,PERSONAL,S,TURNING LEFT,,,1,,,,,Y,,,,,,,,,,Y,Y,,FRONT-RIGHT-CORNER,,,,,,,,,,,,,,,,,,,,,,,,,,,,,,,,,
2118030,b8ba20fa155012fe520809fc360afd9f83c7f0e44ff5f197fc0777d7473612a579d1aa41f9bcf3c2619463c767c2b25fd8ca9e854ba9881010474ea99bd461d0,07/30/2025 05:20:00 PM,2,DRIVER,,2019089,,HONDA,CR-V,IL,2012,NONE,PASSENGER,PERSONAL,E,STRAIGHT AHEAD,,,1,,,,,Y,,,,,,,,,,Y,Y,,FRONT-LEFT-CORNER,,,,,,,,,,,,,,,,,,,,,,,,,,,,,,,,,
2118027,88f910d9f3e0211860751a9e3b2244ec76c85b7e0c5a7077624c18d38dd69d59eafd3befc0792c5f72ffb9caca56ac7e216484431d80be94ddf6003cb3a18616,07/30/2025 05:19:00 PM,1,DRIVER,,2019085,,DODGE,CHALLENGER,IL,2019,UNKNOWN,UNKNOWN/NA,UNKNOWN/NA,UNKNOWN,STRAIGHT AHEAD,,,1,,,,,,,,,,,,,,,,,Y,UNKNOWN,,,,,,,,,,,,,,,,,,,,,,,,,,,,,,,,,
2118028,88f910d9f3e0211860751a9e3b2244ec76c85b7e0c5a7077624c18d38dd69d59eafd3befc0792c5f72ffb9caca56ac7e216484431d80be94ddf6003cb3a18616,07/30/2025 05:19:00 PM,2,DRIVER,,2019094,,MITSUBISHI,MIRAGE,FL,2024,UNKNOWN,PASSENGER,UNKNOWN/NA,E,STRAIGHT AHEAD,,,1,,,,,,,,,,,Y,,,,,,,REAR-LEFT-CORNER,,,,,,,,,,,,,,,,,,,,,,,,,,,,,,,,,
2117996,259016dcdc682fdf480e9ed1ce3c0a09a0882b5e47f3e7f2ddbeda6480f79603b0bd85b6172ab18640c60db1e45d249758952aefbe40a4e49928f2d9c256d711,07/30/2025 05:15:00 PM,1,DRIVER,,2019055,,FORD,ESCAPE,IL,2024,UNKNOWN,SPORT UTILITY VEHICLE (SUV),PERSONAL,UNKNOWN,STRAIGHT AHEAD,,,1,,,,,Y,,,,,,,,,,,Y,,FRONT,,,,,,,,,,,,,,,,,,,,,,,,,,,,,,,,,
2117997,259016dcdc682fdf480e9ed1ce3c0a09a0882b5e47f3e7f2ddbeda6480f79603b0bd85b6172ab18640c60db1e45d249758952aefbe40a4e49928f2d9c256d711,07/30/2025 05:15:00 PM,2,DRIVER,,2019065,,KIA,NIRO,IL,2023,UNKNOWN,SPORT UTILITY VEHICLE (SUV),PERSONAL,UNKNOWN,STRAIGHT AHEAD,,,1,,,,,,,,,,Y,Y,,,,,,,REAR-LEFT-CORNER,,,,,,,,,,,,,,,,,,,,,,,,,,,,,,,,,
2118039,37c2fb22602600969901ee0e0e6ef968c917e91b317e930252842760714781b298cf582efcb0fe572f39405481ea3308eba86e4f2148b53f6ed72f376763b6b5,07/30/2025 05:15:00 PM,1,DRIVER,,2019104,,CHEVROLET,CAMARO,IL,2020,UNKNOWN,PASSENGER,PERSONAL,N,OTHER,,,1,,,,,,,,,,,Y,Y,Y,,,,,SIDE-LEFT,,,,,,,,,,,,,,,,,,,,,,,,,,,,,,,,,
2118040,37c2fb22602600969901ee0e0e6ef968c917e91b317e930252842760714781b298cf582efcb0fe572f39405481ea3308eba86e4f2148b53f6ed72f376763b6b5,07/30/2025 05:15:00 PM,2,DRIVER,,2019111,,VOLKSWAGEN,OTHER (EXPLAIN IN NARRATIVE),IL,2012,UNKNOWN,PASSENGER,PERSONAL,N,STRAIGHT AHEAD,,,1,,,,,Y,Y,Y,Y,Y,,,,,,,,,SIDE-RIGHT,,,,,,,,,,,,,,,,,,,,,,,,,,,,,,,,,
2118010,53f76a92a3ef9678daa638356d290a5a2f042ce1b6c6dd1f889f44ea12b83ae19f247364228251ca10d307a4e387fd141fbfeb8234e3f720aaf60a2963a887c9,07/30/2025 05:15:00 PM,1,DRIVER,,2019074,,DODGE,RAM PROMASTER,AZ,2025,NONE,VAN/MINI-VAN,PERSONAL,S,STRAIGHT AHEAD,,,1,,,,,Y,,,,,,,,,,,,,FRONT-RIGHT-CORNER,,,,,,,,,,,,,,,,,,,,,,,,,,,,,,,,,
2118011,53f76a92a3ef9678daa638356d290a5a2f042ce1b6c6dd1f889f44ea12b83ae19f247364228251ca10d307a4e387fd141fbfeb8234e3f720aaf60a2963a887c9,07/30/2025 05:15:00 PM,2,PARKED,,2019067,,JEEP,WRANGLER,IL,2016,NONE,PASSENGER,PERSONAL,S,PARKED,,,0,,,,,,,,,,,Y,Y,,Y,,,,REAR-LEFT-CORNER,,,,,,,,,,,,,,,,,,,,,,,,,,,,,,,,,
2117986,7457fc23234b0b3e33484d44b624b8872f6106d5de178e81330229114eb0a833ca091d86e4846237d6256a1a2b6eb84d7dad1185a0d9565d005e559bea06b139,07/30/2025 05:15:00 PM,1,DRIVER,,2019052,,TOYOTA,COROLLA,IL,2010,UNKNOWN,PASSENGER,PERSONAL,W,STRAIGHT AHEAD,,,1,,,,,,,,,,,,,,Y,Y,Y,,FRONT,,,,,,,,,,,,,,,,,,,,,,,,,,,,,,,,,
2117987,7457fc23234b0b3e33484d44b624b8872f6106d5de178e81330229114eb0a833ca091d86e4846237d6256a1a2b6eb84d7dad1185a0d9565d005e559bea06b139,07/30/2025 05:15:00 PM,2,DRIVER,,2019059,,FORD,ESCAPE,IL,2013,UNKNOWN,PASSENGER,PERSONAL,E,STRAIGHT AHEAD,,,1,,,,,,,,,,,,,,Y,Y,Y,,FRONT,,,,,,,,,,,,,,,,,,,,,,,,,,,,,,,,,
2124950,2c714764006440a2c58e608fcb7545f20f08db17e26c66ebb37384c7645daeb7524278831fdbf631712332e794330344116b4645ececc3311447588dd06f426a,07/30/2025 05:10:00 PM,1,DRIVER,,2025716,,CHEVROLET,MALIBU,IL,2015,NONE,PASSENGER,PERSONAL,E,STRAIGHT AHEAD,,,1,,,,,,,,,,,,,,,,Y,,FRONT,,,,,,,,,,,,,,,,,,,,,,,,,,,,,,,,,
2124951,2c714764006440a2c58e608fcb7545f20f08db17e26c66ebb37384c7645daeb7524278831fdbf631712332e794330344116b4645ececc3311447588dd06f426a,07/30/2025 05:10:00 PM,2,DRIVER,,2025717,,CHEVROLET,EQUINOX,IL,2017,NONE,SPORT UTILITY VEHICLE (SUV),PERSONAL,S,STRAIGHT AHEAD,,,1,,,,,,Y,Y,,,,,,,,,,,SIDE-RIGHT,,,,,,,,,,,,,,,,,,,,,,,,,,,,,,,,,
2118077,2dc50c3f2c21286fe519b22eb8324d6dd3b0b9b832410f44e90f48317fac195e4288a942d2b099f65008b728f4843fa2abbf5a5c81bd117877376ed2680bf6ce,07/30/2025 05:10:00 PM,1,DRIVER,,2019141,,CHEVROLET,CRUZE,MI,2017,BRAKES,SPORT UTILITY VEHICLE (SUV),PERSONAL,N,STRAIGHT AHEAD,,,1,,,,,Y,,,,,,,,,,Y,Y,,FRONT,,,,,,,,,,,,,,,,,,,,,,,,,,,,,,,,,
2118078,2dc50c3f2c21286fe519b22eb8324d6dd3b0b9b832410f44e90f48317fac195e4288a942d2b099f65008b728f4843fa2abbf5a5c81bd117877376ed2680bf6ce,07/30/2025 05:10:00 PM,2,DRIVER,,2019150,,VOLVO,XC90,IL,2025,NONE,SPORT UTILITY VEHICLE (SUV),PERSONAL,N,SLOW/STOP IN TRAFFIC,,,1,,,,,,,,,Y,Y,Y,,,,,,,REAR,,,,,,,,,,,,,,,,,,,,,,,,,,,,,,,,,
2117954,c26eee949dded6a2243bfcb82f6944e5009d4eb2f5059dd77f6763a68f6d2038bb40c2edff46fb1158184b7a5f6e755a71b3af76467d01e092b61561f37f3dfe,07/30/2025 05:05:00 PM,1,DRIVER,,2019021,Y,VOLVO,TRUCK,PA,2020,UNKNOWN,TRACTOR W/ SEMI-TRAILER,COMMERCIAL - MULTI-UNIT,E,U-TURN,,,1,,,,,,,,Y,Y,,,,,,,,,SIDE-RIGHT-REAR,"21,916",3195038,146198,,,3,TR LINES INC,PA,FURLONG,,,,U,U,,U,,U,U,,,,,,,,,TRACTOR/SEMI-TRAILER,VAN/ENCLOSED BOX,UNKNOWN,,,
2117955,c26eee949dded6a2243bfcb82f6944e5009d4eb2f5059dd77f6763a68f6d2038bb40c2edff46fb1158184b7a5f6e755a71b3af76467d01e092b61561f37f3dfe,07/30/2025 05:05:00 PM,2,PARKED,,2019035,,"PETERBILT MOTORS COMPANY (DIVISION OF PACCAR, INC.)","PETERBILT MOTORS CO., DIVISION PACCAR, INC.",IL,2023,UNKNOWN,TRACTOR W/ SEMI-TRAILER,COMMERCIAL - MULTI-UNIT,UNKNOWN,PARKED,,,0,,,,,Y,,,,,,,,,Y,Y,Y,,FRONT-LEFT-CORNER,,,,,,,,,,,,,,,,,,,,,,,,,,,,,,,,,
2118057,45fc2d27affd8fdbcdd2e1c52f0404b30aa6bd6547508e35101a54ee8bcab5309b9663a9a71b75fb72b3f342da5dab3b639985f64c118e441d32c7e5934c2089,07/30/2025 05:04:00 PM,1,DRIVER,1,2019120,,NISSAN,ROGUE,IL,2009,UNKNOWN,PASSENGER,PERSONAL,N,PASSING/OVERTAKING,,,2,,,,,Y,Y,Y,Y,Y,Y,Y,,,,,,,SIDE-RIGHT-FRONT,,,,,,,,,,,,,,,,,,,,,,,,,,,,,,,,,
2118058,45fc2d27affd8fdbcdd2e1c52f0404b30aa6bd6547508e35101a54ee8bcab5309b9663a9a71b75fb72b3f342da5dab3b639985f64c118e441d32c7e5934c2089,07/30/2025 05:04:00 PM,2,DRIVER,,2019137,,FREIGHTLINER CORPORATION,FREIGHTLINER CORP.,MI,2025,UNKNOWN,TRACTOR W/ SEMI-TRAILER,UNKNOWN/NA,N,SLOW/STOP IN TRAFFIC,,,1,,,,,,,,,,,,,,Y,Y,Y,,FRONT-LEFT-CORNER,,,,,,,,,,,,,,,,,,,,,,,,,,,,,,,,,
2118006,e3afa994e8c9739978f1c5c5ddc5250d0fcf3dd3c877ca5eaa7fe7e0d7398be28ad565b98a8f166329fbbd1ea5aa4664916be57e12b059eafd9a701c0a1dab08,07/30/2025 05:03:00 PM,1,DRIVER,,2019069,,JEEP,WRANGLER,IL,2025,NONE,OTHER,OTHER,E,AVOIDING VEHICLES/OBJECTS,,,1,,,,,,,,,,,,,,Y,Y,,,FRONT,,,,,,,,,,,,,,,,,,,,,,,,,,,,,,,,,
2118007,e3afa994e8c9739978f1c5c5ddc5250d0fcf3dd3c877ca5eaa7fe7e0d7398be28ad565b98a8f166329fbbd1ea5aa4664916be57e12b059eafd9a701c0a1dab08,07/30/2025 05:03:00 PM,2,DRIVER,,2019077,,VOLVO,XC60,IL,2019,NONE,PASSENGER,PERSONAL,E,STRAIGHT AHEAD,,,1,,,,,Y,,,,,,,,,,Y,Y,,REAR,,,,,,,,,,,,,,,,,,,,,,,,,,,,,,,,,
2118075,0db54d6b9e7cc8fd9c10c5c5110b5b1cfd440783e2ff5e99629df833da7385d0cf6f1499611e585d28da0eabb17f9ba07d45c14034f0284c9979b4d4b9f9077e,07/30/2025 05:00:00 PM,1,DRIVER,,2019135,,KIA,SOUL,IL,2019,NONE,PASSENGER,PERSONAL,UNKNOWN,STRAIGHT AHEAD,,,1,,,,,Y,,,,,,,,,,Y,Y,,FRONT,,,,,,,,,,,,,,,,,,,,,,,,,,,,,,,,,
2118076,0db54d6b9e7cc8fd9c10c5c5110b5b1cfd440783e2ff5e99629df833da7385d0cf6f1499611e585d28da0eabb17f9ba07d45c14034f0284c9979b4d4b9f9077e,07/30/2025 05:00:00 PM,2,DRIVER,,2019139,,DODGE,OTHER (EXPLAIN IN NARRATIVE),,2016,NONE,PASSENGER,PERSONAL,UNKNOWN,STRAIGHT AHEAD,,,1,,,,,,,,,Y,Y,Y,,,,,,,REAR,,,,,,,,,,,,,,,,,,,,,,,,,,,,,,,,,
2118354,18861b0029b948e17df9d080a145ad562a8e3994a204732e5a080db0682ca9b5a589f1d6a5394921324db00b3bd30aba617e337560069998b9f69dbfc4af1029,07/30/2025 05:00:00 PM,1,DRIVER,,2019399,,UNKNOWN,OTHER (EXPLAIN IN NARRATIVE),,,UNKNOWN,OTHER,UNKNOWN/NA,W,STRAIGHT AHEAD,,,1,,,,,,,,,,,Y,Y,Y,Y,Y,,,SIDE-LEFT,,,,,,,,,,,,,,,,,,,,,,,,,,,,,,,,,
2118355,18861b0029b948e17df9d080a145ad562a8e3994a204732e5a080db0682ca9b5a589f1d6a5394921324db00b3bd30aba617e337560069998b9f69dbfc4af1029,07/30/2025 05:00:00 PM,2,PARKED,,2019406,,NISSAN,PATHFINDER,IL,2024,NONE,PASSENGER,NOT IN USE,E,PARKED,,,0,,,,,Y,Y,Y,Y,Y,,,,,,,,,SIDE-RIGHT,,,,,,,,,,,,,,,,,,,,,,,,,,,,,,,,,
2118376,316ad3f92d455e4266a0b9130296b7596ed30eb677010612b61798866dfba2354c104510cad07bf5b0d5d94c0e78067d2b0535d3a0c6c78933c1af309c6b196e,07/30/2025 05:00:00 PM,1,DRIVER,,2019415,,UNKNOWN,ENCLOSED BODY,IL,,UNKNOWN,PASSENGER,UNKNOWN/NA,N,STRAIGHT AHEAD,,,1,,,,,Y,Y,Y,Y,Y,,,,,,,,,SIDE-RIGHT,,,,,,,,,,,,,,,,,,,,,,,,,,,,,,,,,
2118377,316ad3f92d455e4266a0b9130296b7596ed30eb677010612b61798866dfba2354c104510cad07bf5b0d5d94c0e78067d2b0535d3a0c6c78933c1af309c6b196e,07/30/2025 05:00:00 PM,2,PARKED,,2019420,,NISSAN,ROGUE,MA,2023,NONE,PASSENGER,PERSONAL,S,PARKED,,,0,,,,,,,,,,,Y,Y,Y,Y,Y,,,SIDE-LEFT,,,,,,,,,,,,,,,,,,,,,,,,,,,,,,,,,
2118514,bd757825a56e8d484c7a733667ca9fb847500a0c56ab6495655063a090586b4ca3898854d4157990862e455bd53ed71f478282dd8f2c565bd09baca361d5ff4b,07/30/2025 05:00:00 PM,2,DRIVER,,2019552,,FORD,MUSTANG MACH-E,MI,2024,NONE,PASSENGER,PERSONAL,S,STRAIGHT AHEAD,,,1,,,,,,,,,Y,Y,Y,,,,,,Y,REAR-LEFT-CORNER,,,,,,,,,,,,,,,,,,,,,,,,,,,,,,,,,
2118515,bd757825a56e8d484c7a733667ca9fb847500a0c56ab6495655063a090586b4ca3898854d4157990862e455bd53ed71f478282dd8f2c565bd09baca361d5ff4b,07/30/2025 05:00:00 PM,1,DRIVER,,2019553,,FORD,F150,IL,2003,NONE,PICKUP,PERSONAL,S,STRAIGHT AHEAD,,,1,,,,,Y,,,,,,,,,,Y,Y,Y,FRONT,,,,,,,,,,,,,,,,,,,,,,,,,,,,,,,,,
2117970,c62a19576aac604728525f4d7e69379b0744bb79afb7ff7f5b36299b4700fceb49fc4e6ed9b514ca6818e6b178e38607ce6ee37ada5ffdcedd52d8518c330168,07/30/2025 05:00:00 PM,1,DRIVER,,2019023,,KIA,SORENTO,IL,2012,UNKNOWN,SPORT UTILITY VEHICLE (SUV),PERSONAL,UNKNOWN,STRAIGHT AHEAD,,,1,,,,,,,,,,,,,,,,Y,,FRONT,,,,,,,,,,,,,,,,,,,,,,,,,,,,,,,,,
2117971,c62a19576aac604728525f4d7e69379b0744bb79afb7ff7f5b36299b4700fceb49fc4e6ed9b514ca6818e6b178e38607ce6ee37ada5ffdcedd52d8518c330168,07/30/2025 05:00:00 PM,2,DRIVER,,2019033,,JEEP,WAGONEER,IL,2025,UNKNOWN,SPORT UTILITY VEHICLE (SUV),PERSONAL,UNKNOWN,STRAIGHT AHEAD,,,1,,,,,,,,,,Y,,,,,,,,REAR,,,,,,,,,,,,,,,,,,,,,,,,,,,,,,,,,
2118018,cfcd6f69546a232239e6f8b7fd09f593e40f5b34d354a6a8ddee19317e8b96d7d899f7f74fa178a9c4b63a95a770fe7dd43960d1438fbcd056018f597e6d0fba,07/30/2025 05:00:00 PM,1,DRIVER,,2019093,,BMW,OTHER (EXPLAIN IN NARRATIVE),IL,2016,NONE,PASSENGER,PERSONAL,E,STRAIGHT AHEAD,,,1,,,,,Y,,,,,,,,,,Y,Y,,FRONT,,,,,,,,,,,,,,,,,,,,,,,,,,,,,,,,,
2118019,cfcd6f69546a232239e6f8b7fd09f593e40f5b34d354a6a8ddee19317e8b96d7d899f7f74fa178a9c4b63a95a770fe7dd43960d1438fbcd056018f597e6d0fba,07/30/2025 05:00:00 PM,2,DRIVER,,2019087,,JEEP,RENEGADE,AR,2018,NONE,PASSENGER,PERSONAL,E,STARTING IN TRAFFIC,,,1,,,,,,,,,Y,Y,Y,,,,,,,REAR,,,,,,,,,,,,,,,,,,,,,,,,,,,,,,,,,
2118025,d9c1f1dc361314bb2ce9ff1cf30ef669b03a4a7d005f827b0d0262e2259f21ed00448b1d1b21f30a2f9d020f91babb7a7c23bad3f1bbaa1a940881ba50759548,07/30/2025 05:00:00 PM,1,DRIVER,,2019088,,NISSAN,ALTIMA,IL,2015,UNKNOWN,PASSENGER,PERSONAL,N,PASSING/OVERTAKING,,,1,,,,,,,,,,,Y,Y,Y,Y,Y,,,SIDE-LEFT,,,,,,,,,,,,,,,,,,,,,,,,,,,,,,,,,
2118026,d9c1f1dc361314bb2ce9ff1cf30ef669b03a4a7d005f827b0d0262e2259f21ed00448b1d1b21f30a2f9d020f91babb7a7c23bad3f1bbaa1a940881ba50759548,07/30/2025 05:00:00 PM,2,DRIVER,,2019103,N,CHEVROLET,EQUINOX,IL,2025,UNKNOWN,UNKNOWN/NA,CTA,N,STRAIGHT AHEAD,,,1,,,,,,,Y,Y,Y,,,,,,,,,SIDE-RIGHT,,,,,,,,,,,,,,,,,,,,,,,,,,,,,,,,,
2118087,dabd04977e2a03005072ce35e063fa20435695bf302bdb7721168cb3c0e7cacc0acaab0d2ccc8ad924f9fcc86130082cafba1fa7e4a4c77a3c34a33a8cbc64d0,07/30/2025 05:00:00 PM,1,DRIVER,,2019142,,CHEVROLET,TRAIL BLAZER,IL,2025,OTHER,SPORT UTILITY VEHICLE (SUV),UNKNOWN/NA,S,STRAIGHT AHEAD,,,1,,,,,,,,,,,,,,,,,Y,UNKNOWN,,,,,,,,,,,,,,,,,,,,,,,,,,,,,,,,,
2118088,dabd04977e2a03005072ce35e063fa20435695bf302bdb7721168cb3c0e7cacc0acaab0d2ccc8ad924f9fcc86130082cafba1fa7e4a4c77a3c34a33a8cbc64d0,07/30/2025 05:00:00 PM,2,DRIVER,,2019155,,NISSAN,OTHER (EXPLAIN IN NARRATIVE),IL,2015,OTHER,PASSENGER,UNKNOWN/NA,S,MERGING,,,1,,,,,,,,,,,,,Y,Y,Y,Y,,SIDE-LEFT,,,,,,,,,,,,,,,,,,,,,,,,,,,,,,,,,
2117967,9a6c19215849d00b9eac6b0b0bcea92bb6bf5af655d7916e9b3f95124e2787690f06a806f5164c9262c6faec7eea56cc7c0c64df9b1eb3cee24c8d77091be3d0,07/30/2025 04:53:00 PM,1,DRIVER,3,2019024,,NISSAN,VERSA,IL,2013,NONE,PASSENGER,PERSONAL,NW,STRAIGHT AHEAD,,,4,,,,,Y,,,,,,,,,,,,,FRONT,,,,,,,,,,,,,,,,,,,,,,,,,,,,,,,,,