CRASH_UNIT_ID,CRASH_RECORD_ID,CRASH_DATE,UNIT_NO,UNIT_TYPE,NUM_PASSENGERS,VEHICLE_ID,CMRC_VEH_I,MAKE,MODEL,LIC_PLATE_STATE,VEHICLE_YEAR,VEHICLE_DEFECT,VEHICLE_TYPE,VEHICLE_USE,TRAVEL_DIRECTION,MANEUVER,TOWED_I,FIRE_I,OCCUPANT_CNT,EXCEED_SPEED_LIMIT_I,TOWED_BY,TOWED_TO,AREA_00_I,AREA_01_I,AREA_02_I,AREA_03_I,AREA_04_I,AREA_05_I,AREA_06_I,AREA_07_I,AREA_08_I,AREA_09_I,AREA_10_I,AREA_11_I,AREA_12_I,AREA_99_I,FIRST_CONTACT_POINT,CMV_ID,USDOT_NO,CCMC_NO,ILCC_NO,COMMERCIAL_SRC,GVWR,CARRIER_NAME,CARRIER_STATE,CARRIER_CITY,HAZMAT_PLACARDS_I,HAZMAT_NAME,UN_NO,HAZMAT_PRESENT_I,HAZMAT_REPORT_I,HAZMAT_REPORT_NO,MCS_REPORT_I,MCS_REPORT_NO,HAZMAT_VIO_CAUSE_CRASH_I,MCS_VIO_CAUSE_CRASH_I,IDOT_PERMIT_NO,WIDE_LOAD_I,TRAILER1_WIDTH,TRAILER2_WIDTH,TRAILER1_LENGTH,TRAILER2_LENGTH,TOTAL_VEHICLE_LENGTH,AXLE_CNT,VEHICLE_CONFIG,CARGO_BODY_TYPE,LOAD_TYPE,HAZMAT_OUT_OF_SERVICE_I,MCS_OUT_OF_SERVICE_I,HAZMAT_CLASS
2117968,9a6c19215849d00b9eac6b0b0bcea92bb6bf5af655d7916e9b3f95124e2787690f06a806f5164c9262c6faec7eea56cc7c0c64df9b1eb3cee24c8d77091be3d0,07/30/2025 04:53:00 PM,2,DRIVER,,2019049,,KIA,SELTOS,TX,2022,NONE,PASSENGER,OTHER,NW,OTHER,,,1,,,,,,,,,,,,,,,,,,REAR,,,,,,,,,,,,,,,,,,,,,,,,,,,,,,,,,
2117984,38c89c32dd3d123489f8b54395951e0a26b47f1bbe7f64b04b017537cc3b662bc778d68dfa4958a2bd8240e7b40cf2cc337a4e984d559e8b2f443995e03095b0,07/30/2025 04:45:00 PM,1,DRIVER,2,2019042,,FORD,TRANSIT,IL,2020,NONE,VAN/MINI-VAN,OTHER,S,STRAIGHT AHEAD,,,3,,,,,,,,,,,,,,,,,,TOP,,,,,,,,,,,,,,,,,,,,,,,,,,,,,,,,,
2117928,7f89fdb2a34bd09b1d186ce956fe4d8ca41051b65c7fa73048559424cc0bb97346f9fe887f8438a01abce567604ceb48c5fce03d01e5e9865f8c1948369fffca,07/30/2025 04:45:00 PM,1,DRIVER,,2018986,,SATURN,VUE,IL,2007,UNKNOWN,SPORT UTILITY VEHICLE (SUV),UNKNOWN/NA,E,U-TURN,,,1,,,,,,,,,,,,,,,,,Y,REAR,,,,,,,,,,,,,,,,,,,,,,,,,,,,,,,,,
2117929,7f89fdb2a34bd09b1d186ce956fe4d8ca41051b65c7fa73048559424cc0bb97346f9fe887f8438a01abce567604ceb48c5fce03d01e5e9865f8c1948369fffca,07/30/2025 04:45:00 PM,2,DRIVER,,2018997,,DODGE,RAM PROMASTER,IL,2016,UNKNOWN,VAN/MINI-VAN,OTHER,E,STRAIGHT AHEAD,,,1,,,,,,,,,,,,,,,,Y,,FRONT,,,,,,,,,,,,,,,,,,,,,,,,,,,,,,,,,
2117969,ccb982714b5bacba5544fa3fee50d572a2882a56428e6adeaedf3ece07165e4e93d8710b600ac35a70ee5504e5b629e4d7023742264a53e636af0204ed940039,07/30/2025 04:45:00 PM,1,DRIVER,,2019040,,UNKNOWN,OTHER (EXPLAIN IN NARRATIVE),IL,,UNKNOWN,VAN/MINI-VAN,OTHER,S,STRAIGHT AHEAD,,,1,,,,,,,,,,,,,,,,,,TOP,,,,,,,,,,,,,,,,,,,,,,,,,,,,,,,,,
2117994,b17b740a9c55629df30cf01764f6ec5fc8640b0477e1664a1e70625e9023fdbff9bc03cb4e75a1dbee49e2a2c32b48269c604e0ce6b76e067019a3c1dd9b5723,07/30/2025 04:42:00 PM,1,DRIVER,,2019073,,FORD,OTHER (EXPLAIN IN NARRATIVE),IL,2020,UNKNOWN,UNKNOWN/NA,UNKNOWN/NA,E,UNKNOWN/NA,,,1,,,,Y,,,,,,,,,,,,,,NONE,,,,,,,,,,,,,,,,,,,,,,,,,,,,,,,,,
2117995,b17b740a9c55629df30cf01764f6ec5fc8640b0477e1664a1e70625e9023fdbff9bc03cb4e75a1dbee49e2a2c32b48269c604e0ce6b76e067019a3c1dd9b5723,07/30/2025 04:42:00 PM,2,DRIVER,,2019054,,UNKNOWN,OTHER (EXPLAIN IN NARRATIVE),IL,,UNKNOWN,UNKNOWN/NA,UNKNOWN/NA,UNKNOWN,STRAIGHT AHEAD,,,1,,,,Y,,,,,,,,,,,,,,NONE,,,,,,,,,,,,,,,,,,,,,,,,,,,,,,,,,
2118083,0042db7e9a52825f41720d1e65fb692f95e6d2734575f6f943d71ae9785741a034fe2cba56ba2fed02e791039de6aa7a52331f27bb11c978cc5579f050539dbc,07/30/2025 04:40:00 PM,1,DRIVER,,2019154,,NISSAN,ROGUE,IL,2020,NONE,PASSENGER,UNKNOWN/NA,S,PASSING/OVERTAKING,,,1,,,,,Y,Y,,,,,,,,,,,,FRONT-RIGHT-CORNER,,,,,,,,,,,,,,,,,,,,,,,,,,,,,,,,,
2118084,0042db7e9a52825f41720d1e65fb692f95e6d2734575f6f943d71ae9785741a034fe2cba56ba2fed02e791039de6aa7a52331f27bb11c978cc5579f050539dbc,07/30/2025 04:40:00 PM,2,DRIVER,4,2019175,,MITSUBISHI,OUTLANDER,IL,2022,NONE,PASSENGER,PERSONAL,S,STRAIGHT AHEAD,,,5,,,,,,,,,,,,,,Y,Y,,,FRONT-LEFT-CORNER,,,,,,,,,,,,,,,,,,,,,,,,,,,,,,,,,
2117890,bda12cfded0e073e144b55a0058bf5de2e226ba44311fa844ffe1ad834b6282d4a451e6b504ba33c3e41a305608ab4d3117b79c333b79f538ee6921c30fe1282,07/30/2025 04:40:00 PM,1,DRIVER,,2018944,,HONDA,CIVIC,IL,2008,UNKNOWN,PASSENGER,PERSONAL,E,STRAIGHT AHEAD,,,1,,,,,Y,,,,,,,,,,Y,Y,,FRONT,,,,,,,,,,,,,,,,,,,,,,,,,,,,,,,,,
2117891,bda12cfded0e073e144b55a0058bf5de2e226ba44311fa844ffe1ad834b6282d4a451e6b504ba33c3e41a305608ab4d3117b79c333b79f538ee6921c30fe1282,07/30/2025 04:40:00 PM,2,DRIVER,,2018960,,NISSAN,ROGUE,IL,2022,UNKNOWN,SPORT UTILITY VEHICLE (SUV),PERSONAL,E,SLOW/STOP IN TRAFFIC,,,1,,,,,,,,,,Y,,,,,,,,REAR,,,,,,,,,,,,,,,,,,,,,,,,,,,,,,,,,
2117942,6a1600d18c8cdc0a042361c15da0bf5621200498a9accdcb811152ddb434eb560a27ee9eba8a8bac227c0eab64ecb7c44cc95bfced436cda0ebd00e866baaebd,07/30/2025 04:39:00 PM,1,DRIVER,,2019003,,TOYOTA,SIENNA,IL,2005,UNKNOWN,VAN/MINI-VAN,UNKNOWN/NA,E,STRAIGHT AHEAD,,,1,,,,,,,,,,,,,,,,,Y,FRONT,,,,,,,,,,,,,,,,,,,,,,,,,,,,,,,,,
2117943,6a1600d18c8cdc0a042361c15da0bf5621200498a9accdcb811152ddb434eb560a27ee9eba8a8bac227c0eab64ecb7c44cc95bfced436cda0ebd00e866baaebd,07/30/2025 04:39:00 PM,2,DRIVER,,2019010,,VOLKSWAGEN,ATLAS,IL,2024,NONE,SPORT UTILITY VEHICLE (SUV),PERSONAL,E,SLOW/STOP IN TRAFFIC,,,1,,,,,,,,,Y,Y,Y,,,,,,,REAR,,,,,,,,,,,,,,,,,,,,,,,,,,,,,,,,,
2117900,0380f73a5cb4cfa323f5d6fd2f850b18dad4d947bc077c5b7a700631a124140916ba5eba56d83b6179ffd5ddfd0cd1407f40d090097b8f89ff7ee514f473aa8c,07/30/2025 04:30:00 PM,1,DRIVER,1,2018961,,HONDA,CR-V,IL,2014,UNKNOWN,PASSENGER,PERSONAL,UNKNOWN,STRAIGHT AHEAD,,,2,,,,,Y,,,,,,,,,,Y,Y,,FRONT,,,,,,,,,,,,,,,,,,,,,,,,,,,,,,,,,
2117901,0380f73a5cb4cfa323f5d6fd2f850b18dad4d947bc077c5b7a700631a124140916ba5eba56d83b6179ffd5ddfd0cd1407f40d090097b8f89ff7ee514f473aa8c,07/30/2025 04:30:00 PM,2,DRIVER,1,2018970,,BMW,X3,IL,2018,NONE,PICKUP,PERSONAL,UNKNOWN,STRAIGHT AHEAD,,,2,,,,,,,,,Y,Y,Y,,,,,,,REAR,,,,,,,,,,,,,,,,,,,,,,,,,,,,,,,,,
2118129,0ed523811384a513a7653d8526314effdf16daed2ff4e66c4b236086be99f428f3e7b9f60d3527edd35744b0af5d501cbd6fcdcd2af883a6ced1de692403a5f5,07/30/2025 04:30:00 PM,1,DRIVER,,2019192,,FORD,MUSTANG,IL,2006,UNKNOWN,PASSENGER,PERSONAL,S,STRAIGHT AHEAD,,,1,,,,,,,,,,,,,,,,Y,,FRONT,,,,,,,,,,,,,,,,,,,,,,,,,,,,,,,,,
2118130,0ed523811384a513a7653d8526314effdf16daed2ff4e66c4b236086be99f428f3e7b9f60d3527edd35744b0af5d501cbd6fcdcd2af883a6ced1de692403a5f5,07/30/2025 04:30:00 PM,2,DRIVER,,2019190,,UNKNOWN,OTHER (EXPLAIN IN NARRATIVE),,,UNKNOWN,PASSENGER,UNKNOWN/NA,S,SLOW/STOP IN TRAFFIC,,,1,,,,,,,,,N,N,N,,,,,,Y,REAR,,,,,,,,,,,,,,,,,,,,,,,,,,,,,,,,,
2118131,28341bcdaf0e2b668b85895fc12563e8119513a1758ad533885231f88f25f2ebe6710599ce40306862d3236fa6114a49f69a0ed4fa577f3c978e4232fdf71106,07/30/2025 04:30:00 PM,1,DRIVER,,2019189,,UNKNOWN,MOTORIZED,IL,,UNKNOWN,PASSENGER,UNKNOWN/NA,E,STRAIGHT AHEAD,,,1,,,,,,,,,,,,,,,,Y,,FRONT,,,,,,,,,,,,,,,,,,,,,,,,,,,,,,,,,
2118134,28341bcdaf0e2b668b85895fc12563e8119513a1758ad533885231f88f25f2ebe6710599ce40306862d3236fa6114a49f69a0ed4fa577f3c978e4232fdf71106,07/30/2025 04:30:00 PM,2,DRIVER,,2019194,,TOYOTA,COROLLA,IL,,NONE,PASSENGER,RIDESHARE SERVICE,E,TURNING LEFT,,,1,,,,,,,,Y,Y,,,,,,,,,REAR-RIGHT-CORNER,,,,,,,,,,,,,,,,,,,,,,,,,,,,,,,,,
2118382,36028e4072c2cb3123518b9f1dfdb0fc2e6323c44d71af78ccb146958565572d4423076fe177de682b278a660c589c16547ae476ba7a1d9c2eb02f151e688a37,07/30/2025 04:30:00 PM,1,DRIVER,,2019425,,UNKNOWN,OTHER (EXPLAIN IN NARRATIVE),IL,,UNKNOWN,TRUCK - SINGLE UNIT,UNKNOWN/NA,N,STRAIGHT AHEAD,,,1,,,,,,,,,,,,,,,,,Y,FRONT-LEFT-CORNER,,,,,,,,,,,,,,,,,,,,,,,,,,,,,,,,,
2118383,36028e4072c2cb3123518b9f1dfdb0fc2e6323c44d71af78ccb146958565572d4423076fe177de682b278a660c589c16547ae476ba7a1d9c2eb02f151e688a37,07/30/2025 04:30:00 PM,2,PARKED,,2019429,,MITSUBISHI,ECLIPSE,IL,2024,NONE,SPORT UTILITY VEHICLE (SUV),PERSONAL,N,PARKED,,,0,,,,,Y,Y,Y,Y,,,,,,,,,,SIDE-RIGHT,,,,,,,,,,,,,,,,,,,,,,,,,,,,,,,,,
2118294,3d82d7ba26d097167a0d282053ca7a3fbb8646ce2b54d57e2189474526ed5609f2e31a177f3ad0b8121b860dc7ed924ff2981d1999d22493b9c1b57dc9092ce8,07/30/2025 04:30:00 PM,1,DRIVER,,2019341,,HONDA,CIVIC,IL,2020,UNKNOWN,PASSENGER,UNKNOWN/NA,N,ENTERING TRAFFIC LANE FROM PARKING,,,1,,,,,,,,,,,,,Y,Y,Y,,,SIDE-LEFT-FRONT,,,,,,,,,,,,,,,,,,,,,,,,,,,,,,,,,
2118295,3d82d7ba26d097167a0d282053ca7a3fbb8646ce2b54d57e2189474526ed5609f2e31a177f3ad0b8121b860dc7ed924ff2981d1999d22493b9c1b57dc9092ce8,07/30/2025 04:30:00 PM,2,DRIVER,,2019357,,SUBARU,LEGACY,IL,2025,NONE,SPORT UTILITY VEHICLE (SUV),PERSONAL,N,STRAIGHT AHEAD,,,1,,,,,Y,Y,Y,Y,Y,,,,,,,,,SIDE-RIGHT,,,,,,,,,,,,,,,,,,,,,,,,,,,,,,,,,
2117951,9b3edc28fbecb474f83385380556636f40f2419283136e915202bc010f74ec377424626c0e4a404909e771f9fd196e19ccd43cc141b9ace4c7a6c562421e7f54,07/30/2025 04:30:00 PM,1,DRIVER,,2019014,,JEEP,GRAND CHEROKEE,IL,2019,NONE,PASSENGER,PERSONAL,N,STRAIGHT AHEAD,Y,,1,,private tow,unk,Y,Y,,,,,,,,,,Y,Y,,FRONT,,,,,,,,,,,,,,,,,,,,,,,,,,,,,,,,,
2117952,9b3edc28fbecb474f83385380556636f40f2419283136e915202bc010f74ec377424626c0e4a404909e771f9fd196e19ccd43cc141b9ace4c7a6c562421e7f54,07/30/2025 04:30:00 PM,2,DRIVER,,2019027,,DODGE,OTHER (EXPLAIN IN NARRATIVE),IL,2023,NONE,OTHER,OTHER,N,TURNING RIGHT,,,1,,,,Y,,,,,Y,Y,,,,,,,,REAR,,,,,,,,,,,,,,,,,,,,,,,,,,,,,,,,,
2117879,a8736e5e5c7cb9e31bf1d38232728fee2ca2e8e0f740100029dff19d2fcf092aa99727b86a4293b991063e3eb20e26aa64e6beed9d9254de1a8b046217111a61,07/30/2025 04:30:00 PM,1,DRIVER,,2018942,,SUBARU,OUTBACK SPORT,IL,,NONE,PASSENGER,UNKNOWN/NA,SW,STRAIGHT AHEAD,,,1,,,,,,,,,,,,,,,,,,FRONT,,,,,,,,,,,,,,,,,,,,,,,,,,,,,,,,,
2117880,a8736e5e5c7cb9e31bf1d38232728fee2ca2e8e0f740100029dff19d2fcf092aa99727b86a4293b991063e3eb20e26aa64e6beed9d9254de1a8b046217111a61,07/30/2025 04:30:00 PM,2,DRIVER,3,2018959,,CHEVROLET,CRUZE,IL,2016,NONE,PASSENGER,PERSONAL,W,STRAIGHT AHEAD,,,4,,,,,,,,Y,Y,Y,,,,,,,,REAR-RIGHT-CORNER,,,,,,,,,,,,,,,,,,,,,,,,,,,,,,,,,
2118163,d50f2073e1fb7eddcbbb5bbab8dd62480d8938fe17c7a3cdfed15820b06ce4258b444fe10b1f28d44902659e3495238a4733e6f342fcb93e465ee8dae1a8a3e9,07/30/2025 04:30:00 PM,1,DRIVER,,2019215,,FORD,F150,IL,2011,NONE,PICKUP,PERSONAL,S,STRAIGHT AHEAD,,,1,,,,,,,,,,,,,,,N,Y,,FRONT,,,,,,,,,,,,,,,,,,,,,,,,,,,,,,,,,
2118164,d50f2073e1fb7eddcbbb5bbab8dd62480d8938fe17c7a3cdfed15820b06ce4258b444fe10b1f28d44902659e3495238a4733e6f342fcb93e465ee8dae1a8a3e9,07/30/2025 04:30:00 PM,2,DRIVER,,2019216,,DODGE,DURANGO,IL,2018,NONE,SPORT UTILITY VEHICLE (SUV),PERSONAL,S,OTHER,,,1,,,,,,,,,Y,Y,,,,,,,,REAR,,,,,,,,,,,,,,,,,,,,,,,,,,,,,,,,,
2117956,eea04325bb9100811a53a78b9f5ed162d85565eb96e1e16ad26d37f2a7172bf68b0581d43a3e5cf223d6cfb5cf3bc8620405cfe2c8b711c55a6a55dc05210312,07/30/2025 04:29:00 PM,1,DRIVER,,2019015,,CHEVROLET,TRUCK,IL,2006,UNKNOWN,PICKUP,PERSONAL,E,STRAIGHT AHEAD,Y,,1,,private tow,unknown,,Y,,,,,,,,,,Y,Y,,FRONT,,,,,,,,,,,,,,,,,,,,,,,,,,,,,,,,,
2117957,eea04325bb9100811a53a78b9f5ed162d85565eb96e1e16ad26d37f2a7172bf68b0581d43a3e5cf223d6cfb5cf3bc8620405cfe2c8b711c55a6a55dc05210312,07/30/2025 04:29:00 PM,2,DRIVER,,2019020,,TOYOTA,TACOMA,IL,2024,UNKNOWN,PICKUP,PERSONAL,E,STRAIGHT AHEAD,,,1,,,,,,,,,N,Y,Y,,,,,,,REAR,,,,,,,,,,,,,,,,,,,,,,,,,,,,,,,,,
2117930,41771a03e16388400d6db8b56e919abeff6f4a47958378690b024bc7d933118268bdb2d8c210a4c93ffd958e149d6441f6694139707d2fcb8775047aa308583a,07/30/2025 04:28:00 PM,1,DRIVER,,2018989,,TOYOTA,HIGHLANDER,IL,2005,NONE,SPORT UTILITY VEHICLE (SUV),PERSONAL,S,STRAIGHT AHEAD,,,1,,,,,Y,,,,,,,,,,Y,Y,,FRONT,,,,,,,,,,,,,,,,,,,,,,,,,,,,,,,,,
2117931,41771a03e16388400d6db8b56e919abeff6f4a47958378690b024bc7d933118268bdb2d8c210a4c93ffd958e149d6441f6694139707d2fcb8775047aa308583a,07/30/2025 04:28:00 PM,2,DRIVER,,2019004,,TOYOTA,OTHER (EXPLAIN IN NARRATIVE),IL,2003,NONE,VAN/MINI-VAN,UNKNOWN/NA,S,STRAIGHT AHEAD,,,1,,,,,,,,,,Y,,,,,,Y,,REAR,,,,,,,,,,,,,,,,,,,,,,,,,,,,,,,,,
2117953,41771a03e16388400d6db8b56e919abeff6f4a47958378690b024bc7d933118268bdb2d8c210a4c93ffd958e149d6441f6694139707d2fcb8775047aa308583a,07/30/2025 04:28:00 PM,3,DRIVER,1,2019012,,TOYOTA,CAMRY,IL,2004,NONE,PASSENGER,PERSONAL,S,STRAIGHT AHEAD,,,2,,,,,,,,,,Y,,,,,,,,REAR,,,,,,,,,,,,,,,,,,,,,,,,,,,,,,,,,
2117934,a51355b2c254401becc7be3fb51cb52a2c0ecabeb27b64e3de48f6912a23f2791564f4f50d2a5747c0ba424f2a0aaddfccf09ee7ac99a037b1874fe9b7d61cb8,07/30/2025 04:24:00 PM,1,DRIVER,,2019008,,GENERAL MOTORS CORPORATION (GMC),DENALI,IL,,NONE,SPORT UTILITY VEHICLE (SUV),PERSONAL,N,PASSING/OVERTAKING,,,1,,,,,,,,,,,,,,,,,Y,UNKNOWN,,,,,,,,,,,,,,,,,,,,,,,,,,,,,,,,,
2117935,a51355b2c254401becc7be3fb51cb52a2c0ecabeb27b64e3de48f6912a23f2791564f4f50d2a5747c0ba424f2a0aaddfccf09ee7ac99a037b1874fe9b7d61cb8,07/30/2025 04:24:00 PM,2,DRIVER,,2019019,,NOVA BUS,LFS,IL,2014,NONE,BUS OVER 15 PASS.,CTA,N,STRAIGHT AHEAD,,,1,,,,,,,,,,,,,,Y,Y,,,FRONT-LEFT-CORNER,,,,,,,,,,,,,,,,,,,,,,,,,,,,,,,,,
2117875,2cf878bd3e866c327c833dc5c6c9180ed52e81104f66361c175b6e3d3ae5f9978c029a2ebfe8e31a00326bfd4cf10b5a94b962a8ce5ade42dc9800f7bfe1651c,07/30/2025 04:20:00 PM,1,DRIVER,,2018939,,JEEP,GRAND CHEROKEE,OH,2023,UNKNOWN,SPORT UTILITY VEHICLE (SUV),PERSONAL,UNKNOWN,STRAIGHT AHEAD,,,1,,,,,Y,,,,,,,,,,,Y,,FRONT-RIGHT-CORNER,,,,,,,,,,,,,,,,,,,,,,,,,,,,,,,,,
2117876,2cf878bd3e866c327c833dc5c6c9180ed52e81104f66361c175b6e3d3ae5f9978c029a2ebfe8e31a00326bfd4cf10b5a94b962a8ce5ade42dc9800f7bfe1651c,07/30/2025 04:20:00 PM,2,DRIVER,,2018952,,FORD,ESCAPE,IL,2018,UNKNOWN,SPORT UTILITY VEHICLE (SUV),PERSONAL,UNKNOWN,STRAIGHT AHEAD,,,1,,,,,,,,,,Y,Y,,,,,,,SIDE-LEFT-REAR,,,,,,,,,,,,,,,,,,,,,,,,,,,,,,,,,
2117992,a4408b134ed0c4982a44c57f7d60b2e311755066f501fdc773cde748f7f86eb6dc266856ec0341d4ea6603a5e089f065ae591829175a13c00dd3d7c6af6909f9,07/30/2025 04:20:00 PM,1,DRIVER,,2019053,,HUMMER,HUMMER,IL,2003,UNKNOWN,SPORT UTILITY VEHICLE (SUV),UNKNOWN/NA,S,STRAIGHT AHEAD,,,1,,,,,,,,,,,,,,,,,Y,FRONT,,,,,,,,,,,,,,,,,,,,,,,,,,,,,,,,,
2117993,a4408b134ed0c4982a44c57f7d60b2e311755066f501fdc773cde748f7f86eb6dc266856ec0341d4ea6603a5e089f065ae591829175a13c00dd3d7c6af6909f9,07/30/2025 04:20:00 PM,2,DRIVER,,2019058,,LEXUS,IS350,IL,2006,UNKNOWN,PASSENGER,PERSONAL,S,SLOW/STOP IN TRAFFIC,,,1,,,,,,,,,,Y,,,,,,N,,REAR,,,,,,,,,,,,,,,,,,,,,,,,,,,,,,,,,
2117887,b0db19a81c1728d17f7dd34af3f2e4312a1087a0d16e1c6c7dd291c9c10b70a876a737309c212427049e4cd1e8ba3a1f2801d82c2b78c927be5659e107a21ab2,07/30/2025 04:20:00 PM,1,DRIVER,,2018935,,BMW,OTHER (EXPLAIN IN NARRATIVE),IL,2016,NONE,PASSENGER,PERSONAL,N,STRAIGHT AHEAD,,,1,,,,,,,,,,,,,,,,Y,,FRONT,,,,,,,,,,,,,,,,,,,,,,,,,,,,,,,,,
2117888,b0db19a81c1728d17f7dd34af3f2e4312a1087a0d16e1c6c7dd291c9c10b70a876a737309c212427049e4cd1e8ba3a1f2801d82c2b78c927be5659e107a21ab2,07/30/2025 04:20:00 PM,2,DRIVER,,2018940,,MAZDA,CX-5,CA,2014,NONE,PASSENGER,PERSONAL,N,SLOW/STOP IN TRAFFIC,,,1,,,,,,,,,,Y,,,,,,Y,,REAR,,,,,,,,,,,,,,,,,,,,,,,,,,,,,,,,,
2117889,b0db19a81c1728d17f7dd34af3f2e4312a1087a0d16e1c6c7dd291c9c10b70a876a737309c212427049e4cd1e8ba3a1f2801d82c2b78c927be5659e107a21ab2,07/30/2025 04:20:00 PM,3,DRIVER,,2018950,,SUBARU,CROSSTREK,IL,2013,NONE,PASSENGER,PERSONAL,N,SLOW/STOP IN TRAFFIC,,,1,,,,,,,,,,Y,,,,,,,,REAR,,,,,,,,,,,,,,,,,,,,,,,,,,,,,,,,,
2117908,bce0c7ea271d7f0f06da140490c5cd7eb9669cdef1fe796fdafb13f1dd4ee1992620d3b1efbe6fb1ad4a47eea7a4a4420a38ce3d9f8838a6ac32cd8835368229,07/30/2025 04:20:00 PM,1,DRIVER,,2018969,,HYUNDAI,TUCSON,IL,2020,UNKNOWN,PASSENGER,PERSONAL,W,STRAIGHT AHEAD,,,1,,,,,,,,,,,,,,Y,Y,Y,,FRONT,,,,,,,,,,,,,,,,,,,,,,,,,,,,,,,,,
2117909,bce0c7ea271d7f0f06da140490c5cd7eb9669cdef1fe796fdafb13f1dd4ee1992620d3b1efbe6fb1ad4a47eea7a4a4420a38ce3d9f8838a6ac32cd8835368229,07/30/2025 04:20:00 PM,2,DRIVER,,2018976,,HONDA,OTHER (EXPLAIN IN NARRATIVE),IL,2008,UNKNOWN,PASSENGER,PERSONAL,N,STRAIGHT AHEAD,Y,,1,,private,unknown,,,,,,,,,,,Y,Y,Y,,FRONT,,,,,,,,,,,,,,,,,,,,,,,,,,,,,,,,,
2117885,b82729f0c310a7e7221b02acabb62c3c3bb2ceef3e701e2e9756ec335898906893e58fd989acb2064d14900a7a0282512425d7e4a50cd5fdca413c1ef1244c39,07/30/2025 04:17:00 PM,1,DRIVER,,2018938,,HYUNDAI,SONATA,IL,2017,UNKNOWN,PASSENGER,PERSONAL,S,STRAIGHT AHEAD,,,1,,,,,Y,,,,,,,,,,,,,FRONT-RIGHT-CORNER,,,,,,,,,,,,,,,,,,,,,,,,,,,,,,,,,
2117886,b82729f0c310a7e7221b02acabb62c3c3bb2ceef3e701e2e9756ec335898906893e58fd989acb2064d14900a7a0282512425d7e4a50cd5fdca413c1ef1244c39,07/30/2025 04:17:00 PM,2,DRIVER,1,2018943,,FORD,F150,IL,2020,NONE,PICKUP,POLICE,S,STRAIGHT AHEAD,,,2,,,,,,,,,,Y,Y,Y,,,,,,REAR-LEFT-CORNER,,,,,,,,,,,,,,,,,,,,,,,,,,,,,,,,,
2117947,00175c39c38781af7b8445476d3a64ec6cf0c680fe4ea05fbe0aaa096c287715bb2de9b44ce64faa49702b07ca9b00142703cad78c9676b07536d6a06defbbb6,07/30/2025 04:15:00 PM,1,DRIVER,,2019017,,CHEVROLET,MALIBU,IL,2010,NONE,PASSENGER,PERSONAL,E,STRAIGHT AHEAD,,,1,,,,,,,,,,,,,Y,Y,,,,SIDE-LEFT,,,,,,,,,,,,,,,,,,,,,,,,,,,,,,,,,
2117948,00175c39c38781af7b8445476d3a64ec6cf0c680fe4ea05fbe0aaa096c287715bb2de9b44ce64faa49702b07ca9b00142703cad78c9676b07536d6a06defbbb6,07/30/2025 04:15:00 PM,2,DRIVER,,2019011,,HONDA,CR-V,IL,2007,NONE,SPORT UTILITY VEHICLE (SUV),PERSONAL,S,STRAIGHT AHEAD,,,1,,,,,Y,,,,,,,,,,Y,Y,,FRONT,,,,,,,,,,,,,,,,,,,,,,,,,,,,,,,,,
2118648,5a4346cf9150283370cd4a1586ee0b70f719d3ac42e5a8832b7bb02a51adab424ad5ef4236679a417a6b479160f0ce3a3fb4e9104ea3295793a49a14bd512b79,07/30/2025 04:15:00 PM,1,DRIVER,,2019686,,UNKNOWN,MOTORIZED,IL,2019,NONE,TRUCK - SINGLE UNIT,OTHER,W,STRAIGHT AHEAD,,,1,,,,,,,,,,,,,,,,,Y,UNKNOWN,,,,,,,,,,,,,,,,,,,,,,,,,,,,,,,,,
2118649,5a4346cf9150283370cd4a1586ee0b70f719d3ac42e5a8832b7bb02a51adab424ad5ef4236679a417a6b479160f0ce3a3fb4e9104ea3295793a49a14bd512b79,07/30/2025 04:15:00 PM,2,PARKED,2,2019693,,JEEP,CHEROKEE,IL,2015,NONE,PASSENGER,NOT IN USE,W,PARKED,,,2,,,,,,,,,,,,,Y,Y,,,,SIDE-LEFT-FRONT,,,,,,,,,,,,,,,,,,,,,,,,,,,,,,,,,
2117896,de001720f7cac87d5a498dfb01161acd709a182973ca8b3698e7537779963de1e24029cc78ded939221f45898760e9b6502c02c8217a4d26e492205e98aa89d4,07/30/2025 04:12:00 PM,1,DRIVER,1,2018958,,TOYOTA,RAV4,IL,2014,UNKNOWN,PASSENGER,RIDESHARE SERVICE,W,STRAIGHT AHEAD,Y,,2,,PRIVATE TOW,,,Y,,,,,,,,,,Y,Y,,FRONT,,,,,,,,,,,,,,,,,,,,,,,,,,,,,,,,,
2117897,de001720f7cac87d5a498dfb01161acd709a182973ca8b3698e7537779963de1e24029cc78ded939221f45898760e9b6502c02c8217a4d26e492205e98aa89d4,07/30/2025 04:12:00 PM,2,DRIVER,,2018973,,FORD,EXPLORER,IL,2023,NONE,PASSENGER,PERSONAL,E,STRAIGHT AHEAD,Y,,1,,PRIVATE TOW,,,Y,,,,,,,,,,Y,Y,,FRONT,,,,,,,,,,,,,,,,,,,,,,,,,,,,,,,,,
2117865,373892dc074775cfffb610765f2e1fcc3623abcdb46f86c6ce67f680c70de9d1a1c5abfd8023b4d2b8bc1ce2ec5135a82a28585f1a429a97a4234e6d5d08e4ee,07/30/2025 04:10:00 PM,1,DRIVER,,2018918,,NISSAN,ALTIMA,IL,2014,UNKNOWN,PASSENGER,UNKNOWN/NA,S,STARTING IN TRAFFIC,,,1,,,,,,,,,,,,,,,,,Y,UNKNOWN,,,,,,,,,,,,,,,,,,,,,,,,,,,,,,,,,