CRASH_UNIT_ID,CRASH_RECORD_ID,CRASH_DATE,UNIT_NO,UNIT_TYPE,NUM_PASSENGERS,VEHICLE_ID,CMRC_VEH_I,MAKE,MODEL,LIC_PLATE_STATE,VEHICLE_YEAR,VEHICLE_DEFECT,VEHICLE_TYPE,VEHICLE_USE,TRAVEL_DIRECTION,MANEUVER,TOWED_I,FIRE_I,OCCUPANT_CNT,EXCEED_SPEED_LIMIT_I,TOWED_BY,TOWED_TO,AREA_00_I,AREA_01_I,AREA_02_I,AREA_03_I,AREA_04_I,AREA_05_I,AREA_06_I,AREA_07_I,AREA_08_I,AREA_09_I,AREA_10_I,AREA_11_I,AREA_12_I,AREA_99_I,FIRST_CONTACT_POINT,CMV_ID,USDOT_NO,CCMC_NO,ILCC_NO,COMMERCIAL_SRC,GVWR,CARRIER_NAME,CARRIER_STATE,CARRIER_CITY,HAZMAT_PLACARDS_I,HAZMAT_NAME,UN_NO,HAZMAT_PRESENT_I,HAZMAT_REPORT_I,HAZMAT_REPORT_NO,MCS_REPORT_I,MCS_REPORT_NO,HAZMAT_VIO_CAUSE_CRASH_I,MCS_VIO_CAUSE_CRASH_I,IDOT_PERMIT_NO,WIDE_LOAD_I,TRAILER1_WIDTH,TRAILER2_WIDTH,TRAILER1_LENGTH,TRAILER2_LENGTH,TOTAL_VEHICLE_LENGTH,AXLE_CNT,VEHICLE_CONFIG,CARGO_BODY_TYPE,LOAD_TYPE,HAZMAT_OUT_OF_SERVICE_I,MCS_OUT_OF_SERVICE_I,HAZMAT_CLASS
2117866,373892dc074775cfffb610765f2e1fcc3623abcdb46f86c6ce67f680c70de9d1a1c5abfd8023b4d2b8bc1ce2ec5135a82a28585f1a429a97a4234e6d5d08e4ee,07/30/2025 04:10:00 PM,2,DRIVER,,2018929,,GENESIS,GV80,IL,2021,UNKNOWN,SPORT UTILITY VEHICLE (SUV),UNKNOWN/NA,S,SLOW/STOP IN TRAFFIC,,,1,,,,,,,,,,,,,,,,,,REAR,,,,,,,,,,,,,,,,,,,,,,,,,,,,,,,,,
2118000,9671bf6bd8a00bc844f091f469ccb2bb08bbd987605a8c04c56976ce9f9e1c115bbcf978de831bf0a157cb663d904f47ccb351545213339cfb72bb1efaaaad6d,07/30/2025 04:10:00 PM,1,DRIVER,,2019063,,MAZDA,CX-5,IL,2016,UNKNOWN,SPORT UTILITY VEHICLE (SUV),UNKNOWN/NA,N,UNKNOWN/NA,,,1,,,,,Y,,,,,,,,,,,,,FRONT-RIGHT-CORNER,,,,,,,,,,,,,,,,,,,,,,,,,,,,,,,,,
2118001,9671bf6bd8a00bc844f091f469ccb2bb08bbd987605a8c04c56976ce9f9e1c115bbcf978de831bf0a157cb663d904f47ccb351545213339cfb72bb1efaaaad6d,07/30/2025 04:10:00 PM,2,DRIVER,1,2019070,,NISSAN,MURANO,IL,2009,NONE,SPORT UTILITY VEHICLE (SUV),PERSONAL,N,SLOW/STOP IN TRAFFIC,,,2,,,,,,,,,,,Y,Y,,,,,,SIDE-LEFT-REAR,,,,,,,,,,,,,,,,,,,,,,,,,,,,,,,,,
2117857,bc24a8eb9fa43eb6e2deb0aaf99c0588af52cde1c17b7f4ab690b012c71409c868a83ce3f0000763352c64f6fb35b35a85d61bd91be7d979923f02944c9e194a,07/30/2025 04:06:00 PM,1,DRIVER,,2019092,,UNKNOWN,MOTORIZED,,,UNKNOWN,PASSENGER,UNKNOWN/NA,W,STRAIGHT AHEAD,,,1,,,,,,,,,,,,,,,,,Y,FRONT,,,,,,,,,,,,,,,,,,,,,,,,,,,,,,,,,
2117858,bc24a8eb9fa43eb6e2deb0aaf99c0588af52cde1c17b7f4ab690b012c71409c868a83ce3f0000763352c64f6fb35b35a85d61bd91be7d979923f02944c9e194a,07/30/2025 04:06:00 PM,2,DRIVER,,2019097,,SUBARU,LEGACY,IL,2024,NONE,SPORT UTILITY VEHICLE (SUV),PERSONAL,W,SLOW/STOP IN TRAFFIC,,,1,,,,,,,,,Y,Y,Y,,,,,,,REAR,,,,,,,,,,,,,,,,,,,,,,,,,,,,,,,,,
2117978,dd6952160634d6974919d5b233cae8a24a0a29b6ad00e9a7dfe9b684b19d4cbb6a3db0b82ca6a000af00b0188debef86dd6dbbece5fb759474e0bc8c881f2e83,07/30/2025 04:06:00 PM,1,DRIVER,,2019039,,HYUNDAI,ACCENT,IL,2007,UNKNOWN,PASSENGER,PERSONAL,E,STRAIGHT AHEAD,,,1,,,,,Y,,,,,,,,,,Y,Y,,FRONT,,,,,,,,,,,,,,,,,,,,,,,,,,,,,,,,,
2117979,dd6952160634d6974919d5b233cae8a24a0a29b6ad00e9a7dfe9b684b19d4cbb6a3db0b82ca6a000af00b0188debef86dd6dbbece5fb759474e0bc8c881f2e83,07/30/2025 04:06:00 PM,2,DRIVER,,2019050,,CHEVROLET,TRAX,IL,2019,NONE,PASSENGER,PERSONAL,N,TURNING LEFT,,,1,,,,,Y,,,,,,,,Y,Y,Y,Y,,OTHER,,,,,,,,,,,,,,,,,,,,,,,,,,,,,,,,,
2117962,745fb1005b4e30ece5842adbd379ea0386a7cd4f0e22abca04fee416e6baa66fe09274a8126c92220658ebe757c2c084ae3fa483a3451034485977f8ec0bb113,07/30/2025 04:04:00 PM,1,DRIVER,,2019028,,MERCURY,MOUNTAINEER,IL,2007,NONE,PASSENGER,PERSONAL,SW,STRAIGHT AHEAD,,,1,,,,,Y,,,,,,,,,,N,,,FRONT-RIGHT-CORNER,,,,,,,,,,,,,,,,,,,,,,,,,,,,,,,,,
2117963,745fb1005b4e30ece5842adbd379ea0386a7cd4f0e22abca04fee416e6baa66fe09274a8126c92220658ebe757c2c084ae3fa483a3451034485977f8ec0bb113,07/30/2025 04:04:00 PM,2,DRIVER,3,2019037,,HONDA,CIVIC,IL,2007,NONE,PASSENGER,PERSONAL,SW,TURNING RIGHT,,,4,,,,,,,,,,,Y,,,,,,,REAR-LEFT-CORNER,,,,,,,,,,,,,,,,,,,,,,,,,,,,,,,,,
2117869,fd2f6d98d87e21fc4e26c9d19347b93dc3c2c609867bdf3af3e567014e4502b26983a4e44a754142ef4f3edc94f131ba8e443f313749f1deabfe4ec5cd5a42a3,07/30/2025 04:04:00 PM,2,DRIVER,,2018923,,MERCEDES-BENZ,E-CLASS WAGON,IL,2022,NONE,SPORT UTILITY VEHICLE (SUV),PERSONAL,W,STRAIGHT AHEAD,,,1,,,,,,,,,,,,,,Y,,,,SIDE-LEFT-FRONT,,,,,,,,,,,,,,,,,,,,,,,,,,,,,,,,,
2117870,fd2f6d98d87e21fc4e26c9d19347b93dc3c2c609867bdf3af3e567014e4502b26983a4e44a754142ef4f3edc94f131ba8e443f313749f1deabfe4ec5cd5a42a3,07/30/2025 04:04:00 PM,1,DRIVER,,2018928,,VOLKSWAGEN,JETTA,IL,2019,NONE,PASSENGER,PERSONAL,W,STRAIGHT AHEAD,,,1,,,,,Y,,,,,,,,,,,,,FRONT-RIGHT-CORNER,,,,,,,,,,,,,,,,,,,,,,,,,,,,,,,,,
2117916,a551045b88fc65a949dd6e52b3223f59553b829993fc6ac922ccf6ea0e5dd3f2bea3ab0605ad86ffc2fa119f28b82edaa2d28c1ac9587cbbfdc2e9203b8efa18,07/30/2025 04:01:00 PM,1,,,,,,,,,,,,,,,,,,,,,,,,,,,,,,,,,,,,,,,,,,,,,,,,,,,,,,,,,,,,,,,,,,,
2117927,a551045b88fc65a949dd6e52b3223f59553b829993fc6ac922ccf6ea0e5dd3f2bea3ab0605ad86ffc2fa119f28b82edaa2d28c1ac9587cbbfdc2e9203b8efa18,07/30/2025 04:01:00 PM,1,DRIVER,,2018983,,TOYOTA,CAMRY,IL,2023,NONE,PASSENGER,PERSONAL,S,STRAIGHT AHEAD,Y,,1,,PRIVATE TOW,,,Y,Y,,,,,,,,,,Y,,FRONT-RIGHT-CORNER,,,,,,,,,,,,,,,,,,,,,,,,,,,,,,,,,
2117853,f50e7f468039156b5b28aeffc6772aa5e969c1e18edd679f3507a5059c6bb1f34e9b05dccd57adf0e42d826f5574b386dccc8eceea08d5ff807b066155de858f,07/30/2025 04:00:00 PM,1,DRIVER,,2018903,,KIA,SPORTAGE,IL,2005,NONE,SPORT UTILITY VEHICLE (SUV),PERSONAL,E,TURNING RIGHT,,,1,,,,,Y,,,,,,,,,,Y,Y,,FRONT,,,,,,,,,,,,,,,,,,,,,,,,,,,,,,,,,
2117854,f50e7f468039156b5b28aeffc6772aa5e969c1e18edd679f3507a5059c6bb1f34e9b05dccd57adf0e42d826f5574b386dccc8eceea08d5ff807b066155de858f,07/30/2025 04:00:00 PM,2,DRIVER,,2018915,,FORD,ESCAPE,IL,2017,NONE,SPORT UTILITY VEHICLE (SUV),PERSONAL,S,STRAIGHT AHEAD,Y,,1,,OWNER,UNKNOWN,,Y,Y,Y,,,,,,,,,Y,,FRONT-RIGHT-CORNER,,,,,,,,,,,,,,,,,,,,,,,,,,,,,,,,,
2118008,f2b27f00541371030a903a203b683044f61f8ff2961b642be62e727f505f76398ba114038b385c11aa1bf0ca6be275b51cdcaf1b9920bf1fcd3b9a4c93f48361,07/30/2025 03:57:00 PM,1,DRIVER,1,2019072,,MERCEDES-BENZ,SPRINTER,IL,2013,UNKNOWN,VAN/MINI-VAN,AMBULANCE,E,STRAIGHT AHEAD,,,2,,,,,Y,,,,,,,,,,,,,FRONT-RIGHT-CORNER,,,,,,,,,,,,,,,,,,,,,,,,,,,,,,,,,
2118009,f2b27f00541371030a903a203b683044f61f8ff2961b642be62e727f505f76398ba114038b385c11aa1bf0ca6be275b51cdcaf1b9920bf1fcd3b9a4c93f48361,07/30/2025 03:57:00 PM,2,PARKED,,2019079,,UNKNOWN,OTHER (EXPLAIN IN NARRATIVE),,,UNKNOWN,VAN/MINI-VAN,UNKNOWN/NA,UNKNOWN,PARKED,,,0,,,,Y,,,,,,,,,,,,,,NONE,,,,,,,,,,,,,,,,,,,,,,,,,,,,,,,,,
2117925,87c782e4a4230bec51f01903e73cf707c1da5f31e97b3130b42a5c4bed7940f739bf966ee4c5c5ee483c7651a0e9a668e95e37c79b2360b65d27a26b50d2f726,07/30/2025 03:55:00 PM,1,DRIVER,2,2018984,,FORD,FOCUS,WI,2013,NONE,PASSENGER,PERSONAL,S,STRAIGHT AHEAD,,,3,,,,,,,,,,,,,,,,Y,,FRONT,,,,,,,,,,,,,,,,,,,,,,,,,,,,,,,,,
2117926,87c782e4a4230bec51f01903e73cf707c1da5f31e97b3130b42a5c4bed7940f739bf966ee4c5c5ee483c7651a0e9a668e95e37c79b2360b65d27a26b50d2f726,07/30/2025 03:55:00 PM,2,DRIVER,,2018992,,TOYOTA,4RUNNER,IL,2019,NONE,SPORT UTILITY VEHICLE (SUV),PERSONAL,S,SLOW/STOP IN TRAFFIC,,,1,,,,,,,,,,Y,,,,,,,,REAR,,,,,,,,,,,,,,,,,,,,,,,,,,,,,,,,,
2118037,1ad00a1cf866d6e095f3b1cab0de167d992d629f4e5f312852bace046b36a73a54148806522f8b43aaac63fedbe79e77de6919773b4dc78aeae5174b292f1684,07/30/2025 03:50:00 PM,1,DRIVER,,2019105,,UNKNOWN,OTHER (EXPLAIN IN NARRATIVE),IL,,NONE,PASSENGER,PERSONAL,N,DRIVING WRONG WAY,,,1,,,,,,,,,,,,,,,,,Y,UNKNOWN,,,,,,,,,,,,,,,,,,,,,,,,,,,,,,,,,
2118038,1ad00a1cf866d6e095f3b1cab0de167d992d629f4e5f312852bace046b36a73a54148806522f8b43aaac63fedbe79e77de6919773b4dc78aeae5174b292f1684,07/30/2025 03:50:00 PM,2,DRIVER,1,2019101,,MITSUBISHI,ECLIPSE,IL,2007,NONE,OTHER,PERSONAL,UNKNOWN,SLOW/STOP IN TRAFFIC,,,2,,,,,Y,,,,,,,,,,,Y,,FRONT-RIGHT-CORNER,,,,,,,,,,,,,,,,,,,,,,,,,,,,,,,,,
2117902,c5c64f9141e128a253f2c99cd564e810cc1fb13a6f8fef6bb46caca48cca0799401c655cab3d65386641b8a40d4a0306866732e39add8a5fa80cd6f5d68dfdd8,07/30/2025 03:50:00 PM,1,DRIVER,,2018965,,SUBARU,OUTBACK,IL,2020,UNKNOWN,SPORT UTILITY VEHICLE (SUV),PERSONAL,N,MERGING,,,1,,,,,,,,,,,Y,Y,Y,,,,,SIDE-LEFT-REAR,,,,,,,,,,,,,,,,,,,,,,,,,,,,,,,,,
2117903,c5c64f9141e128a253f2c99cd564e810cc1fb13a6f8fef6bb46caca48cca0799401c655cab3d65386641b8a40d4a0306866732e39add8a5fa80cd6f5d68dfdd8,07/30/2025 03:50:00 PM,2,DRIVER,,2019000,,MUSTANG,MUSTANG,IL,2007,UNKNOWN,PASSENGER,PERSONAL,N,STRAIGHT AHEAD,,,1,,,,,N,Y,Y,Y,,,,,,,,,,SIDE-RIGHT,,,,,,,,,,,,,,,,,,,,,,,,,,,,,,,,,
2122045,0945649312b7f7dbbb56b44a9048a2a6388eae62804d80b0951e5413af8e744bb5dcaa954acfc156b239c4eb21a2eaa77f52964029c94f2dde5be09972b34fc6,07/30/2025 03:45:00 PM,1,DRIVER,,2022971,,UNKNOWN,OTHER (EXPLAIN IN NARRATIVE),IL,,NONE,UNKNOWN/NA,UNKNOWN/NA,S,STRAIGHT AHEAD,,,1,,,,,,,,,,,,,,,N,N,Y,FRONT,,,,,,,,,,,,,,,,,,,,,,,,,,,,,,,,,
2122046,0945649312b7f7dbbb56b44a9048a2a6388eae62804d80b0951e5413af8e744bb5dcaa954acfc156b239c4eb21a2eaa77f52964029c94f2dde5be09972b34fc6,07/30/2025 03:45:00 PM,2,DRIVER,,2022974,,HONDA,CR-V,MN,2014,NONE,PASSENGER,PERSONAL,S,SLOW/STOP IN TRAFFIC,,,1,,,,,,,,,Y,Y,Y,,,,,,,REAR,,,,,,,,,,,,,,,,,,,,,,,,,,,,,,,,,
2118510,ab02b653ad10a24e0d76faeac8fc01818524373f98b09bd5aac741555731a2c6d600f9e946725ed4c55fcd6fa9677c8a8ebd52a499561302f4d53b512e3812ce,07/30/2025 03:45:00 PM,1,DRIVER,,2019559,,HONDA,CIVIC,IL,2008,UNKNOWN,PASSENGER,UNKNOWN/NA,W,STRAIGHT AHEAD,,,1,,,,,,,,,,,,,,,,Y,,FRONT,,,,,,,,,,,,,,,,,,,,,,,,,,,,,,,,,
2118511,ab02b653ad10a24e0d76faeac8fc01818524373f98b09bd5aac741555731a2c6d600f9e946725ed4c55fcd6fa9677c8a8ebd52a499561302f4d53b512e3812ce,07/30/2025 03:45:00 PM,2,DRIVER,,2019551,,HYUNDAI,SONATA,IL,2022,UNKNOWN,PASSENGER,PERSONAL,W,STRAIGHT AHEAD,,,1,,,,,,,,,Y,Y,Y,,,,,,,REAR,,,,,,,,,,,,,,,,,,,,,,,,,,,,,,,,,
2118693,c762374c5ca3b58d2a7767fea3caaa2b5cb01318278c7c21c0606f845753161ff788960a4805f38525a65a80acfb0b9a45386dde7d2af2e4162fd8cf03d34375,07/30/2025 03:45:00 PM,1,DRIVER,,2019733,,INFINITI,QX60,IL,2015,NONE,PASSENGER,PERSONAL,E,STRAIGHT AHEAD,,,1,,,,,Y,,,,,,,,,,,Y,,FRONT-RIGHT-CORNER,,,,,,,,,,,,,,,,,,,,,,,,,,,,,,,,,
2118694,c762374c5ca3b58d2a7767fea3caaa2b5cb01318278c7c21c0606f845753161ff788960a4805f38525a65a80acfb0b9a45386dde7d2af2e4162fd8cf03d34375,07/30/2025 03:45:00 PM,2,DRIVER,1,2019741,,TOYOTA,RAV4,IL,2024,NONE,PASSENGER,PERSONAL,E,SLOW/STOP IN TRAFFIC,,,2,,,,,,,,,Y,Y,Y,,,,,,,REAR-LEFT-CORNER,,,,,,,,,,,,,,,,,,,,,,,,,,,,,,,,,
2117861,5375892803965b12adbfa11f0475bd81be51aa239be8ea0f1759d678d09b0f335072cd3a3ce2e5c881a694af6e7c6ce245ca9bd83ccf86f39ba2181c8f0e775c,07/30/2025 03:36:00 PM,1,DRIVER,,2018916,,FORD,EXPLORER,IL,2010,UNKNOWN,PASSENGER,UNKNOWN/NA,E,STRAIGHT AHEAD,,,1,,,,,,,,,,,,,,,,Y,,FRONT,,,,,,,,,,,,,,,,,,,,,,,,,,,,,,,,,
2117862,5375892803965b12adbfa11f0475bd81be51aa239be8ea0f1759d678d09b0f335072cd3a3ce2e5c881a694af6e7c6ce245ca9bd83ccf86f39ba2181c8f0e775c,07/30/2025 03:36:00 PM,2,DRIVER,,2018932,,SUBARU,CROSSTREK,IL,2017,UNKNOWN,PASSENGER,PERSONAL,S,STRAIGHT AHEAD,,,1,,,,,Y,Y,,,,,,,,,,,,SIDE-RIGHT-FRONT,,,,,,,,,,,,,,,,,,,,,,,,,,,,,,,,,
2117944,7a004fe4a9098a23d7aad3f3fb59c73230d1407459f5afc2d7b66454a8d9b0a7e04ad4e7d9535fa9741aed57e78cd201ab4549878b05225870cf15f0fcb10db2,07/30/2025 03:34:00 PM,1,DRIVER,,2019006,N,MERCEDES-BENZ,SPRINTER,IL,2024,NONE,VAN/MINI-VAN,COMMERCIAL - SINGLE UNIT,W,OTHER,,,1,,,,,,,,,,,,,,,,,Y,FRONT,,,,,,,,,,,,,,,,,,,,,,,,,,,,,,,,,
2117873,0cf6b401c7a18fa2a9575c2efe8362ffae7c998c4cacf187eba2c6223237c9080309dd5f01763dc1b49e6e13c398ecbb77f499b451b8daf4753798d3b19c3cc6,07/30/2025 03:30:00 PM,1,DRIVER,,2018982,,FORD,TRANSIT,IL,2019,UNKNOWN,UNKNOWN/NA,COMMERCIAL - SINGLE UNIT,E,PASSING/OVERTAKING,,,1,,,,,Y,,,,,,,,,,N,,,FRONT-RIGHT-CORNER,,,,,,,,,,,,,,,,,,,,,,,,,,,,,,,,,
2117874,0cf6b401c7a18fa2a9575c2efe8362ffae7c998c4cacf187eba2c6223237c9080309dd5f01763dc1b49e6e13c398ecbb77f499b451b8daf4753798d3b19c3cc6,07/30/2025 03:30:00 PM,2,DRIVER,,2019001,,DODGE,RAM PROMASTER,IL,2020,UNKNOWN,TRUCK - SINGLE UNIT,OTHER,E,STRAIGHT AHEAD,,,1,,,,,,,,,,,,,,,Y,,,FRONT-LEFT-CORNER,,,,,,,,,,,,,,,,,,,,,,,,,,,,,,,,,
2117964,3139667661dea639871b9e3098dc788b53e5f3b407c9a5aae377074a8842f286571114b9c34432f530a0d0771352a2117220731b5938735ded258c543bf25509,07/30/2025 03:30:00 PM,1,DRIVER,,2019100,,TOYOTA,CAMRY,IL,2012,UNKNOWN,PASSENGER,PERSONAL,S,STRAIGHT AHEAD,,,1,,,,,Y,,,,,,,,,,Y,Y,,FRONT,,,,,,,,,,,,,,,,,,,,,,,,,,,,,,,,,
2117965,3139667661dea639871b9e3098dc788b53e5f3b407c9a5aae377074a8842f286571114b9c34432f530a0d0771352a2117220731b5938735ded258c543bf25509,07/30/2025 03:30:00 PM,2,DRIVER,,2019096,,HYUNDAI,ELANTRA,IL,2020,UNKNOWN,PASSENGER,PERSONAL,S,SLOW/STOP IN TRAFFIC,,,1,,,,,,,,,N,Y,N,,,,,Y,,REAR,,,,,,,,,,,,,,,,,,,,,,,,,,,,,,,,,
2117966,3139667661dea639871b9e3098dc788b53e5f3b407c9a5aae377074a8842f286571114b9c34432f530a0d0771352a2117220731b5938735ded258c543bf25509,07/30/2025 03:30:00 PM,3,DRIVER,1,2019086,,SUBARU,CROSSTREK,IL,2018,UNKNOWN,SPORT UTILITY VEHICLE (SUV),PERSONAL,S,SLOW/STOP IN TRAFFIC,,,2,,,,,,,,,Y,Y,Y,,,,,,,REAR,,,,,,,,,,,,,,,,,,,,,,,,,,,,,,,,,
2121432,9fc47f5421530c34714a13ef2f813080412ccf49d020cd7d8dd1979d38ac678984618a0b4367af051340b3cf5c63d72a7a71bb676227fcafbd84b30892ca2fa5,07/30/2025 03:30:00 PM,1,DRIVER,,2022367,,SUBARU,LEGACY,IL,2012,UNKNOWN,PASSENGER,PERSONAL,NW,SKIDDING/CONTROL LOSS,,,1,,,,,Y,Y,,,,,,,,,,,,FRONT-RIGHT-CORNER,,,,,,,,,,,,,,,,,,,,,,,,,,,,,,,,,
2121433,9fc47f5421530c34714a13ef2f813080412ccf49d020cd7d8dd1979d38ac678984618a0b4367af051340b3cf5c63d72a7a71bb676227fcafbd84b30892ca2fa5,07/30/2025 03:30:00 PM,2,DRIVER,1,2022368,,GENERAL MOTORS CORPORATION (GMC),TERRAIN,IL,2015,UNKNOWN,SPORT UTILITY VEHICLE (SUV),UNKNOWN/NA,SE,STRAIGHT AHEAD,,,2,,,,,Y,,,,,,,,,,Y,Y,,FRONT,,,,,,,,,,,,,,,,,,,,,,,,,,,,,,,,,
2117847,e4cc78252ce13308c8b59b4ec639e1cb2e786559b0d30c579c20630fb865b7952076d99483c1909f78edfebb85ff82dc8f5127d4929cac49ca3fd732bdbeb89a,07/30/2025 03:30:00 PM,2,DRIVER,,2018945,,TESLA,OTHER (EXPLAIN IN NARRATIVE),IL,2026,NONE,PASSENGER,PERSONAL,E,STRAIGHT AHEAD,Y,,1,,private tow,private tow,,,,,Y,Y,,,,,,,,,SIDE-RIGHT-REAR,,,,,,,,,,,,,,,,,,,,,,,,,,,,,,,,,
2117848,e4cc78252ce13308c8b59b4ec639e1cb2e786559b0d30c579c20630fb865b7952076d99483c1909f78edfebb85ff82dc8f5127d4929cac49ca3fd732bdbeb89a,07/30/2025 03:30:00 PM,1,DRIVER,,2018954,,CHEVROLET,EQUINOX,MI,2016,UNKNOWN,PASSENGER,PERSONAL,N,TURNING RIGHT,Y,,1,,private tow,private tow,,Y,,,,,,,,,,Y,Y,,FRONT,,,,,,,,,,,,,,,,,,,,,,,,,,,,,,,,,
2119204,24d1cbbbf47a73a1f5d59fab579d881ddb596d2f2ae304569bd0bc955c67b7a9e0940f94fc5833626420e6cf5998cdf3bb4f1e7cda00868bd00fc1c1b546e1b3,07/30/2025 03:29:00 PM,1,DRIVER,,2020231,,SATURN,ION,IL,2006,UNKNOWN,PASSENGER,UNKNOWN/NA,W,MERGING,,,1,,,,,,,,,,,,,,,,,Y,UNKNOWN,,,,,,,,,,,,,,,,,,,,,,,,,,,,,,,,,
2119205,24d1cbbbf47a73a1f5d59fab579d881ddb596d2f2ae304569bd0bc955c67b7a9e0940f94fc5833626420e6cf5998cdf3bb4f1e7cda00868bd00fc1c1b546e1b3,07/30/2025 03:29:00 PM,2,DRIVER,2,2020225,,BMW,X5,IL,2003,UNKNOWN,PASSENGER,PERSONAL,W,STRAIGHT AHEAD,,,3,,,,,,,,Y,Y,,,,,,,,,REAR-RIGHT-CORNER,,,,,,,,,,,,,,,,,,,,,,,,,,,,,,,,,
2117787,2790b5dcb871f9c975e8a6bd0f5751eaa15698030e978ecef342522df26a4e83745a166424e5f402c6ff0b61813c98707c8487a9398a431de26e76fcb4dfd63d,07/30/2025 03:29:00 PM,1,DRIVER,,2018851,,FORD,ESCAPE,IL,2022,NONE,PASSENGER,PERSONAL,NW,STRAIGHT AHEAD,,,1,,,,,,,Y,,,,,,,,,,,SIDE-RIGHT,,,,,,,,,,,,,,,,,,,,,,,,,,,,,,,,,
2117788,2790b5dcb871f9c975e8a6bd0f5751eaa15698030e978ecef342522df26a4e83745a166424e5f402c6ff0b61813c98707c8487a9398a431de26e76fcb4dfd63d,07/30/2025 03:29:00 PM,2,PARKED,,2018855,,ISUZU,OTHER (EXPLAIN IN NARRATIVE),IL,2017,NONE,TRUCK - SINGLE UNIT,OTHER,NW,PARKED,,,0,,,,,,,,,,,,,Y,,,,,SIDE-LEFT,,,,,,,,,,,,,,,,,,,,,,,,,,,,,,,,,
2117837,32d47b1415efd3eed1d4e51d2bdf5909a314271b6e8eeeae346b1d88148ebfa7014ed123885239099e375381e42b3a1d606e5115d73b4611b494e1e25d443c9c,07/30/2025 03:22:00 PM,1,PEDESTRIAN,,,,,,,,,,,,,,,,,,,,,,,,,,,,,,,,,,,,,,,,,,,,,,,,,,,,,,,,,,,,,,,,,,
2117838,32d47b1415efd3eed1d4e51d2bdf5909a314271b6e8eeeae346b1d88148ebfa7014ed123885239099e375381e42b3a1d606e5115d73b4611b494e1e25d443c9c,07/30/2025 03:22:00 PM,2,DRIVER,,2018904,,ACURA,RLX,IL,2015,NONE,SPORT UTILITY VEHICLE (SUV),PERSONAL,N,STRAIGHT AHEAD,,,1,,,,,,,,,,,,,,,,Y,,FRONT,,,,,,,,,,,,,,,,,,,,,,,,,,,,,,,,,
2118329,dd521ecfef864191fabef7d5929a9f706307cd9457cdf35fa35e5c73631eaf1208cd2766a26eeeba753ef04b22321a6a688895c4ea018d7b8a74b7dd9c6f2b69,07/30/2025 03:20:00 PM,1,DRIVER,,2019374,,LINCOLN,MKX,IL,2008,UNKNOWN,SPORT UTILITY VEHICLE (SUV),UNKNOWN/NA,S,STARTING IN TRAFFIC,,,1,,,,,Y,,,,,,,,,,Y,Y,,FRONT,,,,,,,,,,,,,,,,,,,,,,,,,,,,,,,,,
2118330,dd521ecfef864191fabef7d5929a9f706307cd9457cdf35fa35e5c73631eaf1208cd2766a26eeeba753ef04b22321a6a688895c4ea018d7b8a74b7dd9c6f2b69,07/30/2025 03:20:00 PM,2,DRIVER,,2019375,,CHRYSLER,CROSSFIRE,IL,2005,UNKNOWN,PASSENGER,PERSONAL,W,STRAIGHT AHEAD,,,1,,,,,,Y,Y,Y,,,,,,,,,,SIDE-RIGHT,,,,,,,,,,,,,,,,,,,,,,,,,,,,,,,,,
2117998,265a591cc117c0cdb9dd240e09417e35ad3d24cfcf3525515d2000bed6c0b3fd54d769d49fa8d5c584834b4420bc809a9cc6ed56b365db953ae56b95908570b1,07/30/2025 03:15:00 PM,1,DRIVER,1,2019066,,BMW,OTHER (EXPLAIN IN NARRATIVE),IL,,NONE,SPORT UTILITY VEHICLE (SUV),UNKNOWN/NA,S,STRAIGHT AHEAD,,,2,,,,,,,,,,,,,,,,,Y,UNKNOWN,,,,,,,,,,,,,,,,,,,,,,,,,,,,,,,,,
2117999,265a591cc117c0cdb9dd240e09417e35ad3d24cfcf3525515d2000bed6c0b3fd54d769d49fa8d5c584834b4420bc809a9cc6ed56b365db953ae56b95908570b1,07/30/2025 03:15:00 PM,2,DRIVER,,2019061,,SATURN,ION,IL,2006,NONE,PASSENGER,PERSONAL,S,CHANGING LANES,,,1,,,,,Y,,,,,,,,,,,,,FRONT-LEFT-CORNER,,,,,,,,,,,,,,,,,,,,,,,,,,,,,,,,,
2118066,c76e61d20f57c04968cfd2e1fa9d29d04632b5f25d99b8a536b6ecb644a5cde52f6de0f2677a0d86e960890de1d93fa8d96a640025e79caf073ea5e67c56a745,07/30/2025 03:15:00 PM,1,DRIVER,2,2019131,,TOYOTA,RAV4,IL,2013,NONE,OTHER,TAXI/FOR HIRE,E,STRAIGHT AHEAD,,,3,,,,,,,,,,,,,,,,Y,,FRONT,,,,,,,,,,,,,,,,,,,,,,,,,,,,,,,,,
2118067,c76e61d20f57c04968cfd2e1fa9d29d04632b5f25d99b8a536b6ecb644a5cde52f6de0f2677a0d86e960890de1d93fa8d96a640025e79caf073ea5e67c56a745,07/30/2025 03:15:00 PM,2,DRIVER,,2019123,,HONDA,PASSPORT,IL,2023,NONE,SPORT UTILITY VEHICLE (SUV),PERSONAL,E,SLOW/STOP IN TRAFFIC,,,1,,,,,,,,,Y,Y,N,,,,,,,UNDER CARRIAGE,,,,,,,,,,,,,,,,,,,,,,,,,,,,,,,,,