CRASH_UNIT_ID,CRASH_RECORD_ID,CRASH_DATE,UNIT_NO,UNIT_TYPE,NUM_PASSENGERS,VEHICLE_ID,CMRC_VEH_I,MAKE,MODEL,LIC_PLATE_STATE,VEHICLE_YEAR,VEHICLE_DEFECT,VEHICLE_TYPE,VEHICLE_USE,TRAVEL_DIRECTION,MANEUVER,TOWED_I,FIRE_I,OCCUPANT_CNT,EXCEED_SPEED_LIMIT_I,TOWED_BY,TOWED_TO,AREA_00_I,AREA_01_I,AREA_02_I,AREA_03_I,AREA_04_I,AREA_05_I,AREA_06_I,AREA_07_I,AREA_08_I,AREA_09_I,AREA_10_I,AREA_11_I,AREA_12_I,AREA_99_I,FIRST_CONTACT_POINT,CMV_ID,USDOT_NO,CCMC_NO,ILCC_NO,COMMERCIAL_SRC,GVWR,CARRIER_NAME,CARRIER_STATE,CARRIER_CITY,HAZMAT_PLACARDS_I,HAZMAT_NAME,UN_NO,HAZMAT_PRESENT_I,HAZMAT_REPORT_I,HAZMAT_REPORT_NO,MCS_REPORT_I,MCS_REPORT_NO,HAZMAT_VIO_CAUSE_CRASH_I,MCS_VIO_CAUSE_CRASH_I,IDOT_PERMIT_NO,WIDE_LOAD_I,TRAILER1_WIDTH,TRAILER2_WIDTH,TRAILER1_LENGTH,TRAILER2_LENGTH,TOTAL_VEHICLE_LENGTH,AXLE_CNT,VEHICLE_CONFIG,CARGO_BODY_TYPE,LOAD_TYPE,HAZMAT_OUT_OF_SERVICE_I,MCS_OUT_OF_SERVICE_I,HAZMAT_CLASS
2117867,b7bf210ddb967be10175b12abff236daa2985bfd9b6f2f013fa66dbc47271cfec9a1af33519a9de331314087f3ab3c43b9b6bb75135fc10d79e7095796374b67,07/30/2025 03:14:00 PM,1,DRIVER,1,2018930,,FORD,ESCAPE,IL,2014,UNKNOWN,SPORT UTILITY VEHICLE (SUV),PERSONAL,S,STRAIGHT AHEAD,,,2,,,,,,,,,,,,,,,Y,,,FRONT-LEFT-CORNER,,,,,,,,,,,,,,,,,,,,,,,,,,,,,,,,,
2117868,b7bf210ddb967be10175b12abff236daa2985bfd9b6f2f013fa66dbc47271cfec9a1af33519a9de331314087f3ab3c43b9b6bb75135fc10d79e7095796374b67,07/30/2025 03:14:00 PM,2,DRIVER,2,2018947,,HONDA,CR-V,IL,2018,UNKNOWN,SPORT UTILITY VEHICLE (SUV),OTHER,S,SLOW/STOP IN TRAFFIC,,,3,,,,,,,,,,Y,Y,,,,,,,REAR,,,,,,,,,,,,,,,,,,,,,,,,,,,,,,,,,
2117833,147fc7e23654c7bdb0467c57bc80dfe521db117cca3758600e542f082d4d0cdfd0aef7896052e653dab86c13691c922ab3be66ed69d4f69a4b20217146ddb6a3,07/30/2025 03:10:00 PM,1,DRIVER,,2018931,,NISSAN,SENTRA,IL,2010,UNKNOWN,PASSENGER,UNKNOWN/NA,W,TURNING RIGHT,,,1,,,,,,,,,,,,,,,,Y,,FRONT,,,,,,,,,,,,,,,,,,,,,,,,,,,,,,,,,
2117834,147fc7e23654c7bdb0467c57bc80dfe521db117cca3758600e542f082d4d0cdfd0aef7896052e653dab86c13691c922ab3be66ed69d4f69a4b20217146ddb6a3,07/30/2025 03:10:00 PM,2,DRIVER,,2018941,,CHEVROLET,EQUINOX,IL,2018,UNKNOWN,PASSENGER,PERSONAL,W,STRAIGHT AHEAD,,,1,,,,,Y,Y,,,,,,,,,,Y,,FRONT-RIGHT-CORNER,,,,,,,,,,,,,,,,,,,,,,,,,,,,,,,,,
2117825,d2251c75a3bc73511b5f92038dcf4ba47dd0aa7a7cf88b97a64304770ade3ade798f6abc52d0dfe1c8b62c4a2d938a4bd3f54b93812606ee75974eac76f9b775,07/30/2025 03:07:00 PM,1,DRIVER,,2018883,,CHEVROLET,OTHER (EXPLAIN IN NARRATIVE),IL,1999,UNKNOWN,SPORT UTILITY VEHICLE (SUV),UNKNOWN/NA,SW,TURNING LEFT,,,1,,,,,,,,,,,,,,,,,Y,FRONT,,,,,,,,,,,,,,,,,,,,,,,,,,,,,,,,,
2117826,d2251c75a3bc73511b5f92038dcf4ba47dd0aa7a7cf88b97a64304770ade3ade798f6abc52d0dfe1c8b62c4a2d938a4bd3f54b93812606ee75974eac76f9b775,07/30/2025 03:07:00 PM,2,DRIVER,,2018892,,JEEP,WRANGLER,IL,2020,NONE,SPORT UTILITY VEHICLE (SUV),UNKNOWN/NA,N,STRAIGHT AHEAD,,,1,,,,,,,Y,Y,Y,,,,,,,,,SIDE-RIGHT,,,,,,,,,,,,,,,,,,,,,,,,,,,,,,,,,
2117894,fc6ef99eeee20236633b3079a33ac84c3523a3102d86e365c1bece61287883f13481cf84059a8aed5d477f689adb90a1b8fa117171e6d84a1e31abae8b5efcd6,07/30/2025 03:06:00 PM,1,DRIVER,,2018951,,ACURA,ADX,IL,2013,NONE,PASSENGER,PERSONAL,S,STRAIGHT AHEAD,,,1,,,,,,Y,Y,Y,,,,,,,,,,SIDE-RIGHT,,,,,,,,,,,,,,,,,,,,,,,,,,,,,,,,,
2117895,fc6ef99eeee20236633b3079a33ac84c3523a3102d86e365c1bece61287883f13481cf84059a8aed5d477f689adb90a1b8fa117171e6d84a1e31abae8b5efcd6,07/30/2025 03:06:00 PM,2,DRIVER,,2018957,,FORD,FOCUS,IL,2009,NONE,PASSENGER,PERSONAL,E,STRAIGHT AHEAD,,,1,,,,,Y,,,,,,,,,,Y,Y,,FRONT,,,,,,,,,,,,,,,,,,,,,,,,,,,,,,,,,
2117844,54e15967bfceb15c11851e1088a2ee32f320d21f8f9d39b28a2a3270f7bef266970f2344b72cdd7460f996bf95884df5e1e23e5a506e15cf60c89497bb1d614c,07/30/2025 03:05:00 PM,1,DRIVER,,2018897,,INFINITI,G35,IL,2006,NONE,PASSENGER,PERSONAL,S,STRAIGHT AHEAD,,,1,,,,,,,,,,,,,,,,Y,,FRONT,,,,,,,,,,,,,,,,,,,,,,,,,,,,,,,,,
2117845,54e15967bfceb15c11851e1088a2ee32f320d21f8f9d39b28a2a3270f7bef266970f2344b72cdd7460f996bf95884df5e1e23e5a506e15cf60c89497bb1d614c,07/30/2025 03:05:00 PM,2,DRIVER,,2018906,,SCION,XB,IL,2009,UNKNOWN,PASSENGER,PERSONAL,S,STRAIGHT AHEAD,,,1,,,,,,,,,,N,,,,,,Y,,FRONT,,,,,,,,,,,,,,,,,,,,,,,,,,,,,,,,,
2117846,54e15967bfceb15c11851e1088a2ee32f320d21f8f9d39b28a2a3270f7bef266970f2344b72cdd7460f996bf95884df5e1e23e5a506e15cf60c89497bb1d614c,07/30/2025 03:05:00 PM,3,DRIVER,,2018914,,TOYOTA,COROLLA,IL,2020,NONE,PASSENGER,PERSONAL,S,STRAIGHT AHEAD,,,1,,,,,,,,,,Y,,,,,,,,REAR,,,,,,,,,,,,,,,,,,,,,,,,,,,,,,,,,
2118726,853947310ff675199693c9c3c987686f9f512a4fca382fa1e7e00e2d94f8f8cebf4ee590acd93322628ddbaa482db9a098a05e33948831c8e424a8d161b698a4,07/30/2025 03:00:00 PM,1,DRIVER,,2019793,,FORD,TAURUS,PA,2014,UNKNOWN,UNKNOWN/NA,UNKNOWN/NA,UNKNOWN,UNKNOWN/NA,,,1,,,,,,,,,,,,,,,,Y,,FRONT,,,,,,,,,,,,,,,,,,,,,,,,,,,,,,,,,
2118727,853947310ff675199693c9c3c987686f9f512a4fca382fa1e7e00e2d94f8f8cebf4ee590acd93322628ddbaa482db9a098a05e33948831c8e424a8d161b698a4,07/30/2025 03:00:00 PM,2,DRIVER,,2019805,,LEXUS,RX350,IL,2018,UNKNOWN,UNKNOWN/NA,UNKNOWN/NA,UNKNOWN,UNKNOWN/NA,,,1,,,,,,,,,,Y,,,,,,,,REAR,,,,,,,,,,,,,,,,,,,,,,,,,,,,,,,,,
2117775,86274ed67dfd5d815d3f352a80c276f182075e8c4d9685ba7f9641ecb05cf75dbf84f0d429bbe34ed1a08db8bbf740b1ea504c631108c4d8fc8ac84c25e5963b,07/30/2025 03:00:00 PM,1,DRIVER,,2018842,,NISSAN,OTHER (EXPLAIN IN NARRATIVE),IL,2026,UNKNOWN,PASSENGER,PERSONAL,E,STRAIGHT AHEAD,,,1,,,,,Y,,,,,,,,,,Y,Y,,FRONT,,,,,,,,,,,,,,,,,,,,,,,,,,,,,,,,,
2117776,86274ed67dfd5d815d3f352a80c276f182075e8c4d9685ba7f9641ecb05cf75dbf84f0d429bbe34ed1a08db8bbf740b1ea504c631108c4d8fc8ac84c25e5963b,07/30/2025 03:00:00 PM,2,DRIVER,,2018846,,TOYOTA,COROLLA,IL,2016,UNKNOWN,PASSENGER,PERSONAL,SW,TURNING LEFT,,,1,,,,,,,Y,Y,Y,,,,,,,,,SIDE-RIGHT,,,,,,,,,,,,,,,,,,,,,,,,,,,,,,,,,
2118386,ba8221b637a4f26bf096bd3269f5a1aa68548d101237887b3cc49611a94488cc61f8fb4920a42565100129d2621136b4a6b6e8f72f48bab74b7d3203c272e130,07/30/2025 03:00:00 PM,1,DRIVER,,2019428,,UNKNOWN,OTHER (EXPLAIN IN NARRATIVE),IL,,OTHER,OTHER,OTHER,N,STRAIGHT AHEAD,,,1,,,,,Y,Y,Y,Y,Y,,,,,,,,,SIDE-RIGHT,,,,,,,,,,,,,,,,,,,,,,,,,,,,,,,,,
2118387,ba8221b637a4f26bf096bd3269f5a1aa68548d101237887b3cc49611a94488cc61f8fb4920a42565100129d2621136b4a6b6e8f72f48bab74b7d3203c272e130,07/30/2025 03:00:00 PM,2,PARKED,,2019433,,NISSAN,KICKS,IL,2023,NONE,PASSENGER,PERSONAL,N,PARKED,,,0,,,,,,,,,,,Y,Y,Y,Y,Y,,,SIDE-LEFT,,,,,,,,,,,,,,,,,,,,,,,,,,,,,,,,,
2118286,ec6b524c28404d07a83b7a6a97dd0e70b029da957c74a95e62cacbadc36187a3259403bf67f5de4c610ec331d75fd5d9567fa7f57a6962665913f476045a1007,07/30/2025 03:00:00 PM,1,DRIVER,,2019338,,UNKNOWN,OTHER (EXPLAIN IN NARRATIVE),IN,,UNKNOWN,TRUCK - SINGLE UNIT,UNKNOWN/NA,S,PASSING/OVERTAKING,,,1,,,,,,,Y,Y,,,,,,,,,,SIDE-RIGHT,,,,,,,,,,,,,,,,,,,,,,,,,,,,,,,,,
2118287,ec6b524c28404d07a83b7a6a97dd0e70b029da957c74a95e62cacbadc36187a3259403bf67f5de4c610ec331d75fd5d9567fa7f57a6962665913f476045a1007,07/30/2025 03:00:00 PM,2,DRIVER,,2019342,,HONDA,CR-V,IL,2017,NONE,SPORT UTILITY VEHICLE (SUV),PERSONAL,S,STRAIGHT AHEAD,,,1,,,,,,,,,,,,Y,Y,Y,,,,SIDE-LEFT,,,,,,,,,,,,,,,,,,,,,,,,,,,,,,,,,
2117803,54fc69e05de7768d5168af42ac15b270ae66c4835856ee9a2265b8df39aeddff55121e2b82374181f9b91b9b0df53c90f1df8a88897eb4b6e6a10c72bbd95d6f,07/30/2025 02:54:00 PM,1,DRIVER,,2018863,,NISSAN,ALTIMA,IL,2007,UNKNOWN,PASSENGER,PERSONAL,N,STRAIGHT AHEAD,Y,,1,,,,,Y,Y,,,,,,,,,,Y,,FRONT-RIGHT-CORNER,,,,,,,,,,,,,,,,,,,,,,,,,,,,,,,,,
2117804,54fc69e05de7768d5168af42ac15b270ae66c4835856ee9a2265b8df39aeddff55121e2b82374181f9b91b9b0df53c90f1df8a88897eb4b6e6a10c72bbd95d6f,07/30/2025 02:54:00 PM,2,DRIVER,,2018868,,TOYOTA,CAMRY,IN,2026,NONE,PASSENGER,PERSONAL,W,STRAIGHT AHEAD,Y,,1,,,,,,,,,,,,,,Y,Y,Y,,FRONT-LEFT-CORNER,,,,,,,,,,,,,,,,,,,,,,,,,,,,,,,,,
2122611,7ccf92f99a977f8b442c22a6422da5cc869ac89769c4e949037347619f5d0214be6fbd1b7eba7859c12b9a5a5b76116db94715bc44e936bb06a0112a7e385d42,07/30/2025 02:53:00 PM,1,DRIVER,,2023512,,HYUNDAI,OTHER (EXPLAIN IN NARRATIVE),IL,2000,UNKNOWN,PASSENGER,PERSONAL,S,STRAIGHT AHEAD,,,1,,,,,,,,,,,,,,,,Y,,FRONT,,,,,,,,,,,,,,,,,,,,,,,,,,,,,,,,,
2122612,7ccf92f99a977f8b442c22a6422da5cc869ac89769c4e949037347619f5d0214be6fbd1b7eba7859c12b9a5a5b76116db94715bc44e936bb06a0112a7e385d42,07/30/2025 02:53:00 PM,2,DRIVER,,2023529,,MITSUBISHI,OUTLANDER,IL,2021,UNKNOWN,SPORT UTILITY VEHICLE (SUV),PERSONAL,S,STRAIGHT AHEAD,,,1,,,,,,,,,,Y,,,,,,,,REAR,,,,,,,,,,,,,,,,,,,,,,,,,,,,,,,,,
2117813,ba204981f6a3b168370802d78aab726bd837f1bf2c3991518502c607b91a4d0ab288266567a78b6b9655627fc51b869f802823fb2d7ea4cdfe08f5bdc3194a02,07/30/2025 02:53:00 PM,1,DRIVER,1,2018881,,HONDA,ODYSSEY,IL,2011,NONE,VAN/MINI-VAN,PERSONAL,N,CHANGING LANES,,,2,,,,,Y,,,,,,,,,,,,,FRONT-RIGHT-CORNER,,,,,,,,,,,,,,,,,,,,,,,,,,,,,,,,,
2117814,ba204981f6a3b168370802d78aab726bd837f1bf2c3991518502c607b91a4d0ab288266567a78b6b9655627fc51b869f802823fb2d7ea4cdfe08f5bdc3194a02,07/30/2025 02:53:00 PM,2,DRIVER,1,2018874,,CHEVROLET,BLAZER,IL,2019,NONE,SPORT UTILITY VEHICLE (SUV),PERSONAL,N,STRAIGHT AHEAD,,,2,,,,,,,,,,,,Y,Y,,,,,SIDE-LEFT,,,,,,,,,,,,,,,,,,,,,,,,,,,,,,,,,
2117779,4da0d072a5f92037be648f807268935bc7e0876551ee256de696c29408984079ccd7daddb7b962f4f04015f29a9cf1cf4846e0a2a60d0ea54caa3151891f2a5c,07/30/2025 02:50:00 PM,1,DRIVER,,2018852,,JEEP,CHEROKEE,IL,2016,NONE,SPORT UTILITY VEHICLE (SUV),PERSONAL,S,STRAIGHT AHEAD,,,1,,,,,,,,,,,,,,,,Y,,FRONT,,,,,,,,,,,,,,,,,,,,,,,,,,,,,,,,,
2117780,4da0d072a5f92037be648f807268935bc7e0876551ee256de696c29408984079ccd7daddb7b962f4f04015f29a9cf1cf4846e0a2a60d0ea54caa3151891f2a5c,07/30/2025 02:50:00 PM,2,DRIVER,,2018885,,KIA,OTHER (EXPLAIN IN NARRATIVE),IL,2025,NONE,SPORT UTILITY VEHICLE (SUV),DRIVER EDUCATION,S,SLOW/STOP IN TRAFFIC,,,1,,,,,,,,,,Y,,,,,,,,REAR-LEFT-CORNER,,,,,,,,,,,,,,,,,,,,,,,,,,,,,,,,,
2117917,4223b9fbce8696e4c80734c1024411a6d277e3a6d538e74c6bc2df4696b6e24fcecb5a494bfcd15ff4e038021ebb6ee033ca80513aa723bcc97f7ace60ff7ad3,07/30/2025 02:43:00 PM,1,DRIVER,,2018993,,NISSAN,SENTRA,IL,2021,UNKNOWN,PASSENGER,UNKNOWN/NA,NE,UNKNOWN/NA,,,1,,,,,Y,Y,,,,,,,,,,,,FRONT-RIGHT-CORNER,,,,,,,,,,,,,,,,,,,,,,,,,,,,,,,,,
2117918,4223b9fbce8696e4c80734c1024411a6d277e3a6d538e74c6bc2df4696b6e24fcecb5a494bfcd15ff4e038021ebb6ee033ca80513aa723bcc97f7ace60ff7ad3,07/30/2025 02:43:00 PM,2,PARKED,,2018977,,FORD,ESCAPE,IL,2013,OTHER,SPORT UTILITY VEHICLE (SUV),UNKNOWN/NA,UNKNOWN,PARKED,,,0,,,,,,,,,,,Y,Y,,Y,Y,,,REAR-LEFT-CORNER,,,,,,,,,,,,,,,,,,,,,,,,,,,,,,,,,
2117831,03ba58af5ef0091930dd633a34382ec83ed2a6a7ba92ab04f97b00f4f9b9ee4f80e6643b650d9409d0c663c3aa422b086fa2254b7163eaf334f04f94d40fbfcf,07/30/2025 02:42:00 PM,1,DRIVER,1,2018893,,TOYOTA,COROLLA,IL,2014,NONE,PASSENGER,PERSONAL,N,TURNING LEFT,Y,,2,,PRIVATE TOWING,,,Y,,,,,,,,,,Y,Y,,FRONT-LEFT-CORNER,,,,,,,,,,,,,,,,,,,,,,,,,,,,,,,,,
2117832,03ba58af5ef0091930dd633a34382ec83ed2a6a7ba92ab04f97b00f4f9b9ee4f80e6643b650d9409d0c663c3aa422b086fa2254b7163eaf334f04f94d40fbfcf,07/30/2025 02:42:00 PM,2,DRIVER,,2018907,,CHEVROLET,CRUZE,IL,2014,NONE,PASSENGER,PERSONAL,S,STRAIGHT AHEAD,,,1,,,,,Y,Y,,,,,,,,,,Y,,SIDE-RIGHT-FRONT,,,,,,,,,,,,,,,,,,,,,,,,,,,,,,,,,
2126686,27bb781f8b18e64c03c00a998403861f02252d67fbb1ef1bd7e982f494dd133f36d182a2128421325b825f9934878572c22631b823cf3979b5314873d4da5d8f,07/30/2025 02:40:00 PM,1,DRIVER,,2027357,,CHEVROLET,AVEO,,2006,NONE,PASSENGER,PERSONAL,E,STRAIGHT AHEAD,Y,,1,,OWNER,OWNER,,Y,,,,,,,,,Y,Y,Y,,FRONT,,,,,,,,,,,,,,,,,,,,,,,,,,,,,,,,,
2126687,27bb781f8b18e64c03c00a998403861f02252d67fbb1ef1bd7e982f494dd133f36d182a2128421325b825f9934878572c22631b823cf3979b5314873d4da5d8f,07/30/2025 02:40:00 PM,2,DRIVER,,2027362,,TOYOTA,RAV4,IL,2022,NONE,SPORT UTILITY VEHICLE (SUV),PERSONAL,W,STRAIGHT AHEAD,,,1,,,,,,,,,,,,,,,,,Y,FRONT,,,,,,,,,,,,,,,,,,,,,,,,,,,,,,,,,
2117921,34cb2ad944278e43f0c15721c4f300e5155e4bfb594f312f78edcf9cd3d4f8494344195ec3fa69a8e1130c3ceeda3c7c6686100f1283e969fc7a7786d26ff768,07/30/2025 02:36:00 PM,1,DRIVER,,2018978,,FORD,F150,IL,2021,NONE,PICKUP,PERSONAL,W,STRAIGHT AHEAD,,,1,,,,,,,,,,,,,,,,Y,,FRONT,,,,,,,,,,,,,,,,,,,,,,,,,,,,,,,,,
2117922,34cb2ad944278e43f0c15721c4f300e5155e4bfb594f312f78edcf9cd3d4f8494344195ec3fa69a8e1130c3ceeda3c7c6686100f1283e969fc7a7786d26ff768,07/30/2025 02:36:00 PM,2,DRIVER,,2018985,,NISSAN,ALTIMA,IL,2013,NONE,PASSENGER,PERSONAL,N,STRAIGHT AHEAD,,,1,,,,,,,Y,Y,Y,,,,,,,,,SIDE-RIGHT,,,,,,,,,,,,,,,,,,,,,,,,,,,,,,,,,
2117841,14afb4d00d65adca889a4a473ff6e9b71b9d0ac26b07ef9ecc944901884058ce31635c3c5fa321b4f9d5094c65990b42a5d2128c655fed739cdd22f7f25e95cc,07/30/2025 02:35:00 PM,1,DRIVER,,2018895,,SUBARU,OUTBACK,IL,,UNKNOWN,PASSENGER,UNKNOWN/NA,N,STRAIGHT AHEAD,,,1,,,,,,,,,,,,,,,,,Y,FRONT,,,,,,,,,,,,,,,,,,,,,,,,,,,,,,,,,
2117842,14afb4d00d65adca889a4a473ff6e9b71b9d0ac26b07ef9ecc944901884058ce31635c3c5fa321b4f9d5094c65990b42a5d2128c655fed739cdd22f7f25e95cc,07/30/2025 02:35:00 PM,2,DRIVER,,2018908,,NISSAN,SENTRA,IL,2005,UNKNOWN,PASSENGER,PERSONAL,W,STRAIGHT AHEAD,,,1,,,,,,,,,,,,,,Y,Y,,,SIDE-LEFT,,,,,,,,,,,,,,,,,,,,,,,,,,,,,,,,,
2117843,14afb4d00d65adca889a4a473ff6e9b71b9d0ac26b07ef9ecc944901884058ce31635c3c5fa321b4f9d5094c65990b42a5d2128c655fed739cdd22f7f25e95cc,07/30/2025 02:35:00 PM,3,DRIVER,1,2018922,,NISSAN,SENTRA,IL,2024,UNKNOWN,PASSENGER,PERSONAL,E,TURNING LEFT,,,2,,,,,,,,,,,,Y,Y,Y,,,,SIDE-LEFT,,,,,,,,,,,,,,,,,,,,,,,,,,,,,,,,,
2117940,ff60ba5e5c32748c5df6c49a63e127beedf717ad8fe3b3025a23b3a1f5c6e9b5383ab42a0437cc50031aae50fc99f331678471d46d75229c5bfb5678abb669fc,07/30/2025 02:32:00 PM,1,DRIVER,,2019007,,FORD,F650,IL,2017,UNKNOWN,TRUCK - SINGLE UNIT,OTHER,S,STRAIGHT AHEAD,,,1,,,,,,Y,Y,Y,,,,,,,,,,SIDE-RIGHT,,,,,,,,,,,,,,,,,,,,,,,,,,,,,,,,,
2117941,ff60ba5e5c32748c5df6c49a63e127beedf717ad8fe3b3025a23b3a1f5c6e9b5383ab42a0437cc50031aae50fc99f331678471d46d75229c5bfb5678abb669fc,07/30/2025 02:32:00 PM,2,PARKED,,2019018,Y,FREIGHTLINER CORPORATION,FREIGHTLINER CORP.,IL,2020,UNKNOWN,TRACTOR W/ SEMI-TRAILER,OTHER,UNKNOWN,PARKED,,,0,,,,,,,,,,,,,,Y,,,,SIDE-LEFT,"21,915",2812800,937822,,DRIVER,2,LESSOR/TEAM CHAMPIONS INC,IL,CHICAGO,,,,,,,,,,,,,,,,,,2,TRUCK/TRAILER,FLATBED,UNKNOWN,,,
2117839,6782b53bb37538d7e4849a3527d116cd34f802b7fb0f2e8a227e087dcb5c38eb70923c44f9c4947c7aad09a1fb41350c0a09fb7d3db91e3c2ed6f61a1e6ab901,07/30/2025 02:31:00 PM,1,DRIVER,,2018910,,"LONG TRAILER COMPANY, INC.","LONG TRAILER CO., INC., TARBORO, NC",ME,1984,UNKNOWN,TRACTOR W/ SEMI-TRAILER,OTHER,SE,TURNING RIGHT,,,1,,,,,,,,,Y,Y,,,,,,,,REAR-RIGHT-CORNER,,,,,,,,,,,,,,,,,,,,,,,,,,,,,,,,,
2117840,6782b53bb37538d7e4849a3527d116cd34f802b7fb0f2e8a227e087dcb5c38eb70923c44f9c4947c7aad09a1fb41350c0a09fb7d3db91e3c2ed6f61a1e6ab901,07/30/2025 02:31:00 PM,2,DRIVER,,2018933,,MINI,COOPER,IL,2015,UNKNOWN,PASSENGER,PERSONAL,E,STRAIGHT AHEAD,,,1,,,,,,,,,,,,,Y,Y,Y,,,FRONT-LEFT-CORNER,,,,,,,,,,,,,,,,,,,,,,,,,,,,,,,,,
2117904,c2cf4076b367e925298892d7b18d0a3d95a2d9415016b36e7f08b30becffff20d73e167393d3d1b11bcb738b9d4a44c47380641a799123ceed56ff2c8370f654,07/30/2025 02:30:00 PM,1,DRIVER,,2018972,,GENERAL MOTORS CORPORATION (GMC),OTHER (EXPLAIN IN NARRATIVE),IL,2023,NONE,PICKUP,PERSONAL,W,STRAIGHT AHEAD,,,1,,,,,,,,,,,,,,,,Y,,FRONT,,,,,,,,,,,,,,,,,,,,,,,,,,,,,,,,,
2117905,c2cf4076b367e925298892d7b18d0a3d95a2d9415016b36e7f08b30becffff20d73e167393d3d1b11bcb738b9d4a44c47380641a799123ceed56ff2c8370f654,07/30/2025 02:30:00 PM,2,DRIVER,,2018963,,FORD,FOCUS,IL,2017,NONE,PASSENGER,PERSONAL,W,SLOW/STOP IN TRAFFIC,,,1,,,,,,,,,,Y,,,,,,,,REAR,,,,,,,,,,,,,,,,,,,,,,,,,,,,,,,,,
2117777,e6643f3546fdb5d65fc927fcb5d4524bbf4839fb73e156e4baddea9d8f55de11729fdf7c8fc08b3d742f7493881c7fe9a5ea161a5efc80a0a88a79ce5a5b0947,07/30/2025 02:30:00 PM,1,DRIVER,,2018844,,NISSAN,ALTIMA,IL,2009,UNKNOWN,PASSENGER,PERSONAL,S,STRAIGHT AHEAD,,,1,,,,,Y,,,,,,,,,,Y,Y,,FRONT,,,,,,,,,,,,,,,,,,,,,,,,,,,,,,,,,
2117778,e6643f3546fdb5d65fc927fcb5d4524bbf4839fb73e156e4baddea9d8f55de11729fdf7c8fc08b3d742f7493881c7fe9a5ea161a5efc80a0a88a79ce5a5b0947,07/30/2025 02:30:00 PM,2,DRIVER,1,2018847,,FORD,TRANSIT,IL,2013,UNKNOWN,VAN/MINI-VAN,UNKNOWN/NA,S,SLOW/STOP IN TRAFFIC,,,2,,,,,,,,,Y,Y,Y,,,,,,,REAR,,,,,,,,,,,,,,,,,,,,,,,,,,,,,,,,,
2117761,ec762b646adf8a7f5e4f8e586c4e25cee75909243f0308991316682faf75844f71e54aa5d6889b212945a1d532be1fba4d3cdf1ce936fbb78b2a8e1db315abe9,07/30/2025 02:30:00 PM,1,DRIVER,,2018815,,SUBARU,OUTBACK,IL,2015,UNKNOWN,SPORT UTILITY VEHICLE (SUV),PERSONAL,UNKNOWN,BACKING,,,1,,,,,,,,,Y,Y,,,,,,,,REAR,,,,,,,,,,,,,,,,,,,,,,,,,,,,,,,,,
2117762,ec762b646adf8a7f5e4f8e586c4e25cee75909243f0308991316682faf75844f71e54aa5d6889b212945a1d532be1fba4d3cdf1ce936fbb78b2a8e1db315abe9,07/30/2025 02:30:00 PM,2,DRIVER,,2018825,,TESLA,MODEL Y,IL,2023,UNKNOWN,SPORT UTILITY VEHICLE (SUV),PERSONAL,UNKNOWN,STRAIGHT AHEAD,,,1,,,,,,,,,,,,,,,,Y,,FRONT,,,,,,,,,,,,,,,,,,,,,,,,,,,,,,,,,
2117745,21fadd2778c844c30f57fb880173250f0d00795bc31242195c3bc3fa97be8822c7f1822d11d8f9e74d88f4305617dd0bb7b841e7e0f183cd7bd42feaa957bcec,07/30/2025 02:25:00 PM,1,DRIVER,,2018810,,JEEP,COMPASS,IL,2020,NONE,PASSENGER,PERSONAL,SE,STRAIGHT AHEAD,,,1,,,,,,,,,,,,,,,,,,FRONT,,,,,,,,,,,,,,,,,,,,,,,,,,,,,,,,,
2117746,21fadd2778c844c30f57fb880173250f0d00795bc31242195c3bc3fa97be8822c7f1822d11d8f9e74d88f4305617dd0bb7b841e7e0f183cd7bd42feaa957bcec,07/30/2025 02:25:00 PM,2,DRIVER,,2018819,,FORD,TRANSIT,IL,2021,NONE,VAN/MINI-VAN,CONSTRUCTION/MAINTENANCE,SE,SLOW/STOP IN TRAFFIC,,,1,,,,,,,,,,Y,,,,,,,,REAR,,,,,,,,,,,,,,,,,,,,,,,,,,,,,,,,,
2119309,f4f77c6f523ff3106a36348aa771bd2cd1d606637ab8712c930a058066be6c44f994cd0e412d5ce1d3d9bdfeb8eaa376197a2386f0a89927e632679879f1c757,07/30/2025 02:25:00 PM,1,DRIVER,,2020330,,FORD,ESCAPE,IL,,NONE,SPORT UTILITY VEHICLE (SUV),PERSONAL,NE,TURNING LEFT,,,1,,,,,,,Y,,,,,,,,,,,SIDE-RIGHT,,,,,,,,,,,,,,,,,,,,,,,,,,,,,,,,,
2119310,f4f77c6f523ff3106a36348aa771bd2cd1d606637ab8712c930a058066be6c44f994cd0e412d5ce1d3d9bdfeb8eaa376197a2386f0a89927e632679879f1c757,07/30/2025 02:25:00 PM,2,DRIVER,,2020333,,BUICK,ENVISION,OH,2025,NONE,SPORT UTILITY VEHICLE (SUV),PERSONAL,W,STRAIGHT AHEAD,,,1,,,,,,,,,,,,,,,,Y,,FRONT,,,,,,,,,,,,,,,,,,,,,,,,,,,,,,,,,
2117755,088dd1f8f2e782f5db6a9b7a08d529d61ce6a6bdc4fa461aefb1222a240d19f5b0e968cb69478a1590fbe1c360ad9ffab73d343c8907ac7471f52b041a6e70bb,07/30/2025 02:24:00 PM,1,DRIVER,,2018828,,NISSAN,ROGUE,IL,2017,NONE,SPORT UTILITY VEHICLE (SUV),PERSONAL,E,TURNING LEFT,,,1,,,,,Y,,,,,,,,,,,,,FRONT-RIGHT-CORNER,,,,,,,,,,,,,,,,,,,,,,,,,,,,,,,,,