CRASH_UNIT_ID,CRASH_RECORD_ID,CRASH_DATE,UNIT_NO,UNIT_TYPE,NUM_PASSENGERS,VEHICLE_ID,CMRC_VEH_I,MAKE,MODEL,LIC_PLATE_STATE,VEHICLE_YEAR,VEHICLE_DEFECT,VEHICLE_TYPE,VEHICLE_USE,TRAVEL_DIRECTION,MANEUVER,TOWED_I,FIRE_I,OCCUPANT_CNT,EXCEED_SPEED_LIMIT_I,TOWED_BY,TOWED_TO,AREA_00_I,AREA_01_I,AREA_02_I,AREA_03_I,AREA_04_I,AREA_05_I,AREA_06_I,AREA_07_I,AREA_08_I,AREA_09_I,AREA_10_I,AREA_11_I,AREA_12_I,AREA_99_I,FIRST_CONTACT_POINT,CMV_ID,USDOT_NO,CCMC_NO,ILCC_NO,COMMERCIAL_SRC,GVWR,CARRIER_NAME,CARRIER_STATE,CARRIER_CITY,HAZMAT_PLACARDS_I,HAZMAT_NAME,UN_NO,HAZMAT_PRESENT_I,HAZMAT_REPORT_I,HAZMAT_REPORT_NO,MCS_REPORT_I,MCS_REPORT_NO,HAZMAT_VIO_CAUSE_CRASH_I,MCS_VIO_CAUSE_CRASH_I,IDOT_PERMIT_NO,WIDE_LOAD_I,TRAILER1_WIDTH,TRAILER2_WIDTH,TRAILER1_LENGTH,TRAILER2_LENGTH,TOTAL_VEHICLE_LENGTH,AXLE_CNT,VEHICLE_CONFIG,CARGO_BODY_TYPE,LOAD_TYPE,HAZMAT_OUT_OF_SERVICE_I,MCS_OUT_OF_SERVICE_I,HAZMAT_CLASS
2117756,088dd1f8f2e782f5db6a9b7a08d529d61ce6a6bdc4fa461aefb1222a240d19f5b0e968cb69478a1590fbe1c360ad9ffab73d343c8907ac7471f52b041a6e70bb,07/30/2025 02:24:00 PM,2,DRIVER,,2018838,,DODGE,DAKOTA,IL,2003,NONE,OTHER,PERSONAL,N,SLOW/STOP IN TRAFFIC,,,1,,,,Y,,,,,,,,,,,,,,REAR-LEFT-CORNER,,,,,,,,,,,,,,,,,,,,,,,,,,,,,,,,,
2117789,6c1b07fc19773b645ebb85ea17fd0e220aa4eb658a96887325050c47d03f5c460ddb20483f5a8b55385b0dfc534b9c9f7e18274ebbda11e2b7353c63ba4a748d,07/30/2025 02:23:00 PM,1,DRIVER,3,2018894,,NISSAN,OTHER (EXPLAIN IN NARRATIVE),IL,2012,UNKNOWN,SPORT UTILITY VEHICLE (SUV),UNKNOWN/NA,S,UNKNOWN/NA,,,4,,,,,,,,,,,,,,,,,Y,FRONT,,,,,,,,,,,,,,,,,,,,,,,,,,,,,,,,,
2117790,6c1b07fc19773b645ebb85ea17fd0e220aa4eb658a96887325050c47d03f5c460ddb20483f5a8b55385b0dfc534b9c9f7e18274ebbda11e2b7353c63ba4a748d,07/30/2025 02:23:00 PM,2,DRIVER,,2018890,,NISSAN,ROGUE,IL,2016,NONE,SPORT UTILITY VEHICLE (SUV),PERSONAL,S,STRAIGHT AHEAD,,,1,,,,,,,,,Y,,,,,,,,,REAR-RIGHT-CORNER,,,,,,,,,,,,,,,,,,,,,,,,,,,,,,,,,
2117829,96a437a502cfaa18cc1455e6fee79735d03f0a7d2813591e2fc6652889f2a5cfd3f8a601ae91a75181273d04140af70436d345f1dd67ab3c27cd416b5e745d5f,07/30/2025 02:20:00 PM,1,DRIVER,,2018896,,GENERAL MOTORS CORPORATION (GMC),SAVANNAH,IN,2022,UNKNOWN,TRUCK - SINGLE UNIT,UNKNOWN/NA,W,STRAIGHT AHEAD,,,1,,,,,,Y,Y,,,,,,,,,,,SIDE-RIGHT,,,,,,,,,,,,,,,,,,,,,,,,,,,,,,,,,
2117830,96a437a502cfaa18cc1455e6fee79735d03f0a7d2813591e2fc6652889f2a5cfd3f8a601ae91a75181273d04140af70436d345f1dd67ab3c27cd416b5e745d5f,07/30/2025 02:20:00 PM,2,PARKED,1,2018920,,GENERAL MOTORS CORPORATION (GMC),OTHER (EXPLAIN IN NARRATIVE),IL,2016,NONE,TRUCK - SINGLE UNIT,OTHER,W,PARKED,,,1,,,,,,,,,,,,,Y,Y,,,,SIDE-LEFT,,,,,,,,,,,,,,,,,,,,,,,,,,,,,,,,,
2117742,c4768bd9dd82f30c7623178c57c0964281944b295306a426fc3007d9920897bce2bbe438c34eb803c753ae0baa3fd16a7c8c0331ca6f6c199d7499032c46156a,07/30/2025 02:18:00 PM,2,DRIVER,,2018827,,TOYOTA,CAMRY,IL,2004,UNKNOWN,PASSENGER,PERSONAL,N,ENTERING TRAFFIC LANE FROM PARKING,,,1,,,,,,,,,,,,,Y,,,,,SIDE-LEFT,,,,,,,,,,,,,,,,,,,,,,,,,,,,,,,,,
2117770,c4768bd9dd82f30c7623178c57c0964281944b295306a426fc3007d9920897bce2bbe438c34eb803c753ae0baa3fd16a7c8c0331ca6f6c199d7499032c46156a,07/30/2025 02:18:00 PM,1,DRIVER,,2018836,,VOLVO,XC60,IL,2025,UNKNOWN,PASSENGER,PERSONAL,N,STRAIGHT AHEAD,,,1,,,,,Y,Y,Y,Y,,,,,,,,,,FRONT-RIGHT-CORNER,,,,,,,,,,,,,,,,,,,,,,,,,,,,,,,,,
2117855,e7c7c8aa80376e287f06fcc36a7557c567d298766cd93dee427dd38bd99aa5570771054c9b00aa1cd826cbfe52f2e87444e6106d14245cdaa18fee49d18b37ad,07/30/2025 02:15:00 PM,1,DRIVER,,2018955,,LINCOLN,CORSAIR,IL,2022,NONE,SPORT UTILITY VEHICLE (SUV),UNKNOWN/NA,S,STRAIGHT AHEAD,,,1,,,,,,,,,,,,,,,,Y,,FRONT,,,,,,,,,,,,,,,,,,,,,,,,,,,,,,,,,
2117856,e7c7c8aa80376e287f06fcc36a7557c567d298766cd93dee427dd38bd99aa5570771054c9b00aa1cd826cbfe52f2e87444e6106d14245cdaa18fee49d18b37ad,07/30/2025 02:15:00 PM,2,DRIVER,,2018967,,TOYOTA,YARIS,IL,2019,NONE,PASSENGER,PERSONAL,W,STRAIGHT AHEAD,,,1,,,,,,Y,Y,,,,,,,,,,,SIDE-RIGHT,,,,,,,,,,,,,,,,,,,,,,,,,,,,,,,,,
2117750,edbb22e1c02827deac8d6a3dbcda995b6a507b80fc6d9ed8789b7e6736f92e22bcebd6cf895dc1b902cfd03f3315f9c5ae75b3cce03d933bfb303c70581f58ea,07/30/2025 02:15:00 PM,1,DRIVER,,2018814,,CHRYSLER,TOWN & COUNTRY,IL,2010,UNKNOWN,VAN/MINI-VAN,UNKNOWN/NA,W,ENTERING TRAFFIC LANE FROM PARKING,,,1,,,,,,,,,,,,,,Y,Y,,,FRONT-LEFT-CORNER,,,,,,,,,,,,,,,,,,,,,,,,,,,,,,,,,
2117751,edbb22e1c02827deac8d6a3dbcda995b6a507b80fc6d9ed8789b7e6736f92e22bcebd6cf895dc1b902cfd03f3315f9c5ae75b3cce03d933bfb303c70581f58ea,07/30/2025 02:15:00 PM,2,DRIVER,1,2018835,,JEEP,CHEROKEE,IL,2019,NONE,SPORT UTILITY VEHICLE (SUV),UNKNOWN/NA,W,STRAIGHT AHEAD,,,2,,,,,,,Y,Y,Y,,,,,,,,,SIDE-RIGHT,,,,,,,,,,,,,,,,,,,,,,,,,,,,,,,,,
2117877,0dd292df95e32b4280691d573b8e566cee39698eabb4abb7e57cbebdc434bf55e29f6ee5ea6e736f845a08a9b5e26461ec8570b471a615c6df449ec120f77ac9,07/30/2025 02:13:00 PM,1,DRIVER,,2018937,,LINCOLN,CUSTOM,IL,2021,NONE,PASSENGER,PERSONAL,N,STRAIGHT AHEAD,,,1,,,,,Y,,,,,,,,,,,,,FRONT-LEFT-CORNER,,,,,,,,,,,,,,,,,,,,,,,,,,,,,,,,,
2117878,0dd292df95e32b4280691d573b8e566cee39698eabb4abb7e57cbebdc434bf55e29f6ee5ea6e736f845a08a9b5e26461ec8570b471a615c6df449ec120f77ac9,07/30/2025 02:13:00 PM,2,DRIVER,,2018953,,LEXUS,ES300,IL,2013,UNKNOWN,PASSENGER,PERSONAL,N,STRAIGHT AHEAD,,,1,,,,,,,,,,,,,,,Y,,,FRONT-LEFT-CORNER,,,,,,,,,,,,,,,,,,,,,,,,,,,,,,,,,
2117914,55badb1a3a7c6dab6d29fc921b52914a4ecd832334f137cc8d92ee9d8c629a1278fe5752d413ac9c39c40a55faf1347ad73e2913beaf990514dc0d05fb500e12,07/30/2025 02:10:00 PM,1,DRIVER,,2018975,,FORD,FOCUS,,,UNKNOWN,PASSENGER,UNKNOWN/NA,S,STRAIGHT AHEAD,,,1,,,,,Y,,,,,,,,,,Y,Y,,FRONT,,,,,,,,,,,,,,,,,,,,,,,,,,,,,,,,,
2117915,55badb1a3a7c6dab6d29fc921b52914a4ecd832334f137cc8d92ee9d8c629a1278fe5752d413ac9c39c40a55faf1347ad73e2913beaf990514dc0d05fb500e12,07/30/2025 02:10:00 PM,2,DRIVER,1,2018981,,HONDA,CR-V,IL,2025,NONE,SPORT UTILITY VEHICLE (SUV),PERSONAL,S,SLOW/STOP IN TRAFFIC,,,2,,,,,,,,,Y,Y,Y,,,,,,,REAR,,,,,,,,,,,,,,,,,,,,,,,,,,,,,,,,,
2117851,019702c91a1be2f1351bbc6c35b81e6b51b92e1e94a0425a093e50050fb606d63fa9f2fa5095c7bcc626b1850d8a5aedf0ca24e5dca04294024082bd6de1cb76,07/30/2025 02:07:00 PM,1,PEDESTRIAN,,,,,,,,,,,,,,,,,,,,,,,,,,,,,,,,,,,,,,,,,,,,,,,,,,,,,,,,,,,,,,,,,,
2117852,019702c91a1be2f1351bbc6c35b81e6b51b92e1e94a0425a093e50050fb606d63fa9f2fa5095c7bcc626b1850d8a5aedf0ca24e5dca04294024082bd6de1cb76,07/30/2025 02:07:00 PM,2,DRIVER,,2018912,,TOYOTA,CAMRY,IL,2014,UNKNOWN,PASSENGER,UNKNOWN/NA,S,STRAIGHT AHEAD,,,1,,,,Y,,,,,,,,,,,,,,FRONT,,,,,,,,,,,,,,,,,,,,,,,,,,,,,,,,,
2117739,6fab42fae9c255d3a30961d82b71efdfe95fe42b15d9d68c179e0098fe933d3018bbb3365253a19a273a83cd314552e96c4404e68a7c15ec876958da8bd0644a,07/30/2025 02:06:00 PM,1,DRIVER,,2018821,,NISSAN,X-TERRA,,2000,UNKNOWN,SPORT UTILITY VEHICLE (SUV),UNKNOWN/NA,S,STRAIGHT AHEAD,,,1,,,,,Y,,,,,,,,,,Y,Y,,FRONT,,,,,,,,,,,,,,,,,,,,,,,,,,,,,,,,,
2117740,6fab42fae9c255d3a30961d82b71efdfe95fe42b15d9d68c179e0098fe933d3018bbb3365253a19a273a83cd314552e96c4404e68a7c15ec876958da8bd0644a,07/30/2025 02:06:00 PM,2,DRIVER,,2018833,,GENERAL MOTORS CORPORATION (GMC),OTHER (EXPLAIN IN NARRATIVE),IL,2019,UNKNOWN,SPORT UTILITY VEHICLE (SUV),UNKNOWN/NA,S,SLOW/STOP IN TRAFFIC,,,1,,,,,,,,,Y,Y,Y,,,,,,,REAR,,,,,,,,,,,,,,,,,,,,,,,,,,,,,,,,,
2117747,ee789e978f822300c05c1fa5133a5bef3e618bd7a2a4860b0ae87249d13aae82bc933e9276371f3e4307752d9ecc6add2de54336c7f78a9ce8b6b5907e49958a,07/30/2025 02:06:00 PM,1,DRIVER,,2018812,,FORD,ESCAPE,IL,2021,NONE,SPORT UTILITY VEHICLE (SUV),POLICE,W,STRAIGHT AHEAD,,,1,,,,,,,Y,Y,Y,Y,Y,Y,,,,,,SIDE-RIGHT,,,,,,,,,,,,,,,,,,,,,,,,,,,,,,,,,
2117748,ee789e978f822300c05c1fa5133a5bef3e618bd7a2a4860b0ae87249d13aae82bc933e9276371f3e4307752d9ecc6add2de54336c7f78a9ce8b6b5907e49958a,07/30/2025 02:06:00 PM,2,DRIVER,,2018822,,HYUNDAI,ELANTRA,IL,2011,UNKNOWN,PASSENGER,PERSONAL,S,STRAIGHT AHEAD,,,1,,,,,Y,,,,,,,,,,Y,Y,,FRONT,,,,,,,,,,,,,,,,,,,,,,,,,,,,,,,,,
2117749,ee789e978f822300c05c1fa5133a5bef3e618bd7a2a4860b0ae87249d13aae82bc933e9276371f3e4307752d9ecc6add2de54336c7f78a9ce8b6b5907e49958a,07/30/2025 02:06:00 PM,3,DRIVER,1,2018826,,NISSAN,NV200 COMPACT CARGO,IL,2019,UNKNOWN,VAN/MINI-VAN,UNKNOWN/NA,E,STRAIGHT AHEAD,,,2,,,,,,,,,,,,,Y,Y,Y,,,FRONT-LEFT-CORNER,,,,,,,,,,,,,,,,,,,,,,,,,,,,,,,,,
2117823,6ba4c2e9c6ff1b35059a1238e06854c80804a1c2387d06812ef419378809811956b1cd70d61deb8098825e7fbb3a3a83f7d00036d60a0b2191d259b3c3ad49bb,07/30/2025 02:05:00 PM,1,DRIVER,,2018891,,BMW,M-6,IL,2020,NONE,PASSENGER,PERSONAL,W,STRAIGHT AHEAD,,,1,,,,,,,,,,,,,,Y,Y,Y,,FRONT-LEFT-CORNER,,,,,,,,,,,,,,,,,,,,,,,,,,,,,,,,,
2117824,6ba4c2e9c6ff1b35059a1238e06854c80804a1c2387d06812ef419378809811956b1cd70d61deb8098825e7fbb3a3a83f7d00036d60a0b2191d259b3c3ad49bb,07/30/2025 02:05:00 PM,2,DRIVER,1,2018899,,TOYOTA,PRIUS,IL,2013,NONE,PASSENGER,PERSONAL,N,STRAIGHT AHEAD,,,2,,,,,Y,Y,,,,,,,,,,,,FRONT-RIGHT-CORNER,,,,,,,,,,,,,,,,,,,,,,,,,,,,,,,,,
2117827,8bd1309654d5106626cc12061d2a67072a91c3ed4a4bbe77eba607e5877d0452e7f7c334d8156761aadad4222eb3360f5acf10e9ede2c37b26b8341f604e7d5f,07/30/2025 02:05:00 PM,1,DRIVER,,2018900,,FORD,F150,IL,2023,UNKNOWN,PICKUP,OTHER,E,TURNING LEFT,,,1,,,,,,,,,,,,,Y,Y,,,,SIDE-LEFT,,,,,,,,,,,,,,,,,,,,,,,,,,,,,,,,,
2117828,8bd1309654d5106626cc12061d2a67072a91c3ed4a4bbe77eba607e5877d0452e7f7c334d8156761aadad4222eb3360f5acf10e9ede2c37b26b8341f604e7d5f,07/30/2025 02:05:00 PM,2,DRIVER,,2018917,,HYUNDAI,SANTA FE,IL,2025,NONE,PASSENGER,PERSONAL,E,TURNING LEFT,,,1,,,,,,Y,Y,Y,,,,,,,,,,SIDE-RIGHT,,,,,,,,,,,,,,,,,,,,,,,,,,,,,,,,,
2117883,294641c9c80b840c4d51cf980879ee17d2868e4e1874772e96ba46dd438658f0c72a0668107fa3e0269a423d0c9b39b674dc2b16707d3bbd4d73c68f2300e102,07/30/2025 02:00:00 PM,1,DRIVER,,2018946,,CHEVROLET,EXPRESS,IL,2020,NONE,VAN/MINI-VAN,OTHER,SE,TURNING RIGHT,,,1,,,,,Y,Y,Y,,,,,,,,,,,SIDE-RIGHT,,,,,,,,,,,,,,,,,,,,,,,,,,,,,,,,,
2117884,294641c9c80b840c4d51cf980879ee17d2868e4e1874772e96ba46dd438658f0c72a0668107fa3e0269a423d0c9b39b674dc2b16707d3bbd4d73c68f2300e102,07/30/2025 02:00:00 PM,2,PARKED,,2018966,,HYUNDAI,OTHER (EXPLAIN IN NARRATIVE),IL,2017,NONE,PASSENGER,PERSONAL,E,PARKED,,,0,,,,,,,,,,,,,,Y,Y,Y,,SIDE-LEFT-FRONT,,,,,,,,,,,,,,,,,,,,,,,,,,,,,,,,,
2118024,36f6325ebcfac55619f3190ef9ee425a02979e0b99b9874afdf898c01c54a6012215a30164942969ad46f20d3b7abee418600a6913bceac5122aef68a8e2e6c5,07/30/2025 02:00:00 PM,1,DRIVER,,2019082,,FORD,F350,IL,2012,NONE,PICKUP,PERSONAL,W,BACKING,,,1,,,,,,,,,,Y,,,,,,,,REAR,,,,,,,,,,,,,,,,,,,,,,,,,,,,,,,,,
2117793,5387fa4af811ca060e8666361fc15f0c9c829fea80db1bdc60d3735a29e8baa97008bf9afc1f1aea519b6ae7c361d13cdf1ed5f4b7dbf94ebbe0f4db4c66d750,07/30/2025 02:00:00 PM,1,DRIVER,,2018860,,JEEP,WRANGLER,IL,2018,NONE,SPORT UTILITY VEHICLE (SUV),PERSONAL,N,STRAIGHT AHEAD,,,1,,,,,Y,,,,,,,,,,Y,Y,,FRONT,,,,,,,,,,,,,,,,,,,,,,,,,,,,,,,,,
2117794,5387fa4af811ca060e8666361fc15f0c9c829fea80db1bdc60d3735a29e8baa97008bf9afc1f1aea519b6ae7c361d13cdf1ed5f4b7dbf94ebbe0f4db4c66d750,07/30/2025 02:00:00 PM,2,DRIVER,,2018853,,FORD,F150,IL,2018,NONE,PICKUP,OTHER,N,SLOW/STOP IN TRAFFIC,,,1,,,,,,,,,Y,Y,Y,,,,,,,REAR,,,,,,,,,,,,,,,,,,,,,,,,,,,,,,,,,
2117980,72631ea297718bdae2563ddf7755d0d150d57d990cef5587fa9b06ffc742b88aefbce2a9bc66a5617fdb54d5b20970d80a82ee7439fe08e893c783c8256b7757,07/30/2025 02:00:00 PM,1,DRIVER,,2019032,,UNKNOWN,OTHER (EXPLAIN IN NARRATIVE),,,UNKNOWN,UNKNOWN/NA,UNKNOWN/NA,UNKNOWN,UNKNOWN/NA,,,1,,,,,,,,,,,,,,,,,Y,UNKNOWN,,,,,,,,,,,,,,,,,,,,,,,,,,,,,,,,,
2117981,72631ea297718bdae2563ddf7755d0d150d57d990cef5587fa9b06ffc742b88aefbce2a9bc66a5617fdb54d5b20970d80a82ee7439fe08e893c783c8256b7757,07/30/2025 02:00:00 PM,2,PARKED,,2019036,,HONDA,HR-V,IL,2019,UNKNOWN,SPORT UTILITY VEHICLE (SUV),PERSONAL,N,PARKED,,,0,,,,,,Y,Y,Y,Y,,,,,,,,,SIDE-RIGHT,,,,,,,,,,,,,,,,,,,,,,,,,,,,,,,,,
2117798,74e0c3c8b16b69cc774d2e75006d35383196b40ce3e9ee842646564309e43b33a22c79b8cacd3d6502e9003a8d5956a507dde7c559d5b5ebffe61763636ce7b7,07/30/2025 02:00:00 PM,1,DRIVER,,2018858,,HONDA,CIVIC,,2008,UNKNOWN,PASSENGER,PERSONAL,N,UNKNOWN/NA,,,1,,,,,,,,,,,,,,,N,Y,,FRONT,,,,,,,,,,,,,,,,,,,,,,,,,,,,,,,,,
2117799,74e0c3c8b16b69cc774d2e75006d35383196b40ce3e9ee842646564309e43b33a22c79b8cacd3d6502e9003a8d5956a507dde7c559d5b5ebffe61763636ce7b7,07/30/2025 02:00:00 PM,2,DRIVER,,2018867,,FORD,MAVERICK TRUCK,IL,2024,NONE,PASSENGER,NOT IN USE,N,STRAIGHT AHEAD,,,1,,,,,,,,,,Y,,,,,,,,REAR,,,,,,,,,,,,,,,,,,,,,,,,,,,,,,,,,
2122311,7f0ba9ea47e0e7be6e4b7291559128f0675c3ed093c653fcee879f2ba4a6dba8b5f8df855ccb5c255b1cefbaf7f62a83f23cfbbff099ebe4ef790d8a653b5d12,07/30/2025 02:00:00 PM,1,DRIVER,,2023213,,UNKNOWN,OTHER (EXPLAIN IN NARRATIVE),IL,,NONE,PASSENGER,PERSONAL,N,STRAIGHT AHEAD,,,1,,,,,,,,,,,,,,,,,Y,UNKNOWN,,,,,,,,,,,,,,,,,,,,,,,,,,,,,,,,,
2122312,7f0ba9ea47e0e7be6e4b7291559128f0675c3ed093c653fcee879f2ba4a6dba8b5f8df855ccb5c255b1cefbaf7f62a83f23cfbbff099ebe4ef790d8a653b5d12,07/30/2025 02:00:00 PM,2,DRIVER,,2023219,,HYUNDAI,SANTA FE,IL,2024,NONE,PASSENGER,PERSONAL,N,STRAIGHT AHEAD,,,1,,,,,,,,,,Y,,,,,,,,REAR,,,,,,,,,,,,,,,,,,,,,,,,,,,,,,,,,
2122781,9699c3aec72dfac8a9de8c36e671307d7aa5102f2c92f73002685992bb17a55bd486022fa6ad6d9b565385452318792582287a02c3ab269d18c50fe7e41ee89f,07/30/2025 02:00:00 PM,1,DRIVER,,2023659,,CHEVROLET,CRUZE,IL,2013,UNKNOWN,PASSENGER,PERSONAL,N,STRAIGHT AHEAD,,,1,,,,,Y,Y,Y,Y,Y,,,,,,,,,SIDE-RIGHT,,,,,,,,,,,,,,,,,,,,,,,,,,,,,,,,,
2122782,9699c3aec72dfac8a9de8c36e671307d7aa5102f2c92f73002685992bb17a55bd486022fa6ad6d9b565385452318792582287a02c3ab269d18c50fe7e41ee89f,07/30/2025 02:00:00 PM,2,DRIVER,1,2023660,,KIA,OPTIMA / K5,IL,2012,UNKNOWN,PASSENGER,PERSONAL,N,STRAIGHT AHEAD,,,2,,,,,,,,,,,Y,Y,Y,Y,Y,,,SIDE-LEFT,,,,,,,,,,,,,,,,,,,,,,,,,,,,,,,,,
2117707,bd71154447e4709ad211b0939ebf283ad1f97ee2482a8d1237153443a2081afebd4b954194edaa5f2a635d7efeeb0778d8ffb819121edc1fdcb075416d54d034,07/30/2025 02:00:00 PM,1,DRIVER,,2018767,,FORD,FOCUS,IL,2018,UNKNOWN,PASSENGER,PERSONAL,N,STRAIGHT AHEAD,,,1,,,,,,,,,,,,,,,,,Y,FRONT,,,,,,,,,,,,,,,,,,,,,,,,,,,,,,,,,
2117708,bd71154447e4709ad211b0939ebf283ad1f97ee2482a8d1237153443a2081afebd4b954194edaa5f2a635d7efeeb0778d8ffb819121edc1fdcb075416d54d034,07/30/2025 02:00:00 PM,2,DRIVER,,2018773,,KIA,SOUL,IL,2016,NONE,PASSENGER,PERSONAL,N,SLOW/STOP IN TRAFFIC,,,1,,,,,,,,,Y,Y,Y,,,,,,,REAR,,,,,,,,,,,,,,,,,,,,,,,,,,,,,,,,,
2118106,c20f255fc0f5299ea8122165ed19ad6636914ad2a70e9c27d4e51bc47ee7a7b2c6756999e887249da3625a204e7ad3a34331345bc423fc6630c9260ea641655b,07/30/2025 02:00:00 PM,1,DRIVER,,2019170,,CHEVROLET,EQUINOX,IL,2019,NONE,SPORT UTILITY VEHICLE (SUV),PERSONAL,UNKNOWN,STRAIGHT AHEAD,,,1,,,,,,,,,,,,,,,,,Y,UNKNOWN,,,,,,,,,,,,,,,,,,,,,,,,,,,,,,,,,
2118107,c20f255fc0f5299ea8122165ed19ad6636914ad2a70e9c27d4e51bc47ee7a7b2c6756999e887249da3625a204e7ad3a34331345bc423fc6630c9260ea641655b,07/30/2025 02:00:00 PM,2,PARKED,,2019164,,CADILLAC,XT5,IL,2017,NONE,SPORT UTILITY VEHICLE (SUV),PERSONAL,W,PARKED,,,0,,,,,,,Y,Y,,,,,,,,,,SIDE-RIGHT,,,,,,,,,,,,,,,,,,,,,,,,,,,,,,,,,
2117800,d8e30ef07c2e143ab3f3c2870ede5946e1466b035932d60c19af0ab3e7ec459f523ef758805f5a5aaca2b074e5650635bac00f866315183f71765bdc6c81ce01,07/30/2025 02:00:00 PM,1,DRIVER,,2018865,,DODGE,CHALLENGER,IN,2019,NONE,PASSENGER,PERSONAL,S,STRAIGHT AHEAD,,,1,,,,,Y,,,,,,,,,,Y,Y,,FRONT-RIGHT-CORNER,,,,,,,,,,,,,,,,,,,,,,,,,,,,,,,,,
2117801,d8e30ef07c2e143ab3f3c2870ede5946e1466b035932d60c19af0ab3e7ec459f523ef758805f5a5aaca2b074e5650635bac00f866315183f71765bdc6c81ce01,07/30/2025 02:00:00 PM,2,DRIVER,1,2018872,,CHRYSLER,300,IL,2020,NONE,PASSENGER,PERSONAL,SE,STRAIGHT AHEAD,,,2,,,,,Y,,,,,Y,Y,Y,,,N,Y,,SIDE-LEFT-REAR,,,,,,,,,,,,,,,,,,,,,,,,,,,,,,,,,
2117802,d8e30ef07c2e143ab3f3c2870ede5946e1466b035932d60c19af0ab3e7ec459f523ef758805f5a5aaca2b074e5650635bac00f866315183f71765bdc6c81ce01,07/30/2025 02:00:00 PM,3,DRIVER,,2018857,,UNKNOWN,MOTORIZED,,,UNKNOWN,UNKNOWN/NA,UNKNOWN/NA,UNKNOWN,UNKNOWN/NA,,,1,,,,,,,,,,,,,,,,,Y,UNKNOWN,,,,,,,,,,,,,,,,,,,,,,,,,,,,,,,,,
2117729,d96e7b09041a94a96ec92d96ebeac0996c0dd2609984eb8d67b309b1bb98b9048d11706dc1fd888445e9c677fce47e0afd611d8bd3b1cedc116801a13437386c,07/30/2025 01:49:00 PM,1,DRIVER,,2018804,,CHEVROLET,BLAZER,IL,2003,NONE,PASSENGER,PERSONAL,E,STRAIGHT AHEAD,,,1,,,,,,,,,,,,,,,,Y,,FRONT,,,,,,,,,,,,,,,,,,,,,,,,,,,,,,,,,
2117730,d96e7b09041a94a96ec92d96ebeac0996c0dd2609984eb8d67b309b1bb98b9048d11706dc1fd888445e9c677fce47e0afd611d8bd3b1cedc116801a13437386c,07/30/2025 01:49:00 PM,2,DRIVER,,2018820,,TOYOTA,PRIUS,IL,2016,NONE,PASSENGER,PERSONAL,E,STRAIGHT AHEAD,,,1,,,,,,,,,,Y,,,,,,,,REAR,,,,,,,,,,,,,,,,,,,,,,,,,,,,,,,,,
2117713,0c00deb4e32180b6e619e1dbcc970b3722d7edf8bbfe1c3b81ded189596b742f3c91d5c02043dcd761ff09f9a346839b16cd20dde866ccbfcc619ab85ac11dc6,07/30/2025 01:45:00 PM,1,DRIVER,,2018795,,HONDA,CR-V,IL,2008,NONE,PASSENGER,PERSONAL,S,STRAIGHT AHEAD,,,1,,,,,Y,,,,,,,,,,Y,Y,,FRONT,,,,,,,,,,,,,,,,,,,,,,,,,,,,,,,,,
2117714,0c00deb4e32180b6e619e1dbcc970b3722d7edf8bbfe1c3b81ded189596b742f3c91d5c02043dcd761ff09f9a346839b16cd20dde866ccbfcc619ab85ac11dc6,07/30/2025 01:45:00 PM,2,DRIVER,,2018808,,TOYOTA,RAV4,IL,2010,NONE,PASSENGER,PERSONAL,W,STRAIGHT AHEAD,,,1,,,,,,Y,Y,Y,,,,,,,,,,SIDE-RIGHT,,,,,,,,,,,,,,,,,,,,,,,,,,,,,,,,,
2117725,a5dbe0116e3392b63e25c9ef76367d520f5ce4085d34b649b272867866f50b73a367b1aff38a151dbce19a11b1dc02b7b33ca18e3a363cd1d2d5b0709f25a625,07/30/2025 01:45:00 PM,1,DRIVER,,2018788,,UNKNOWN,MOTORIZED,,,UNKNOWN,UNKNOWN/NA,UNKNOWN/NA,S,BACKING,,,1,,,,,,,,,,,,,,,,,Y,REAR,,,,,,,,,,,,,,,,,,,,,,,,,,,,,,,,,
2117726,a5dbe0116e3392b63e25c9ef76367d520f5ce4085d34b649b272867866f50b73a367b1aff38a151dbce19a11b1dc02b7b33ca18e3a363cd1d2d5b0709f25a625,07/30/2025 01:45:00 PM,2,DRIVER,,2018794,,MITSUBISHI,MIRAGE,MS,2024,UNKNOWN,PASSENGER,PERSONAL,N,SLOW/STOP IN TRAFFIC,,,1,,,,,Y,,,,,,,,,,Y,Y,,FRONT,,,,,,,,,,,,,,,,,,,,,,,,,,,,,,,,,
2118002,11d938b818cbe07aefdad04bc7503673c487fd3f3e98c15b3ed1d4489ed2f09fea1bd98b5bf633282d76430945622b3a4dddaa1cd3125cd16d7987d007aeeb7c,07/30/2025 01:40:00 PM,1,DRIVER,,2019060,,NISSAN,PATHFINDER,IL,2008,UNKNOWN,PASSENGER,PERSONAL,E,STRAIGHT AHEAD,,,1,,,,,N,,,,,,,,,,Y,Y,,FRONT-LEFT-CORNER,,,,,,,,,,,,,,,,,,,,,,,,,,,,,,,,,
2118003,11d938b818cbe07aefdad04bc7503673c487fd3f3e98c15b3ed1d4489ed2f09fea1bd98b5bf633282d76430945622b3a4dddaa1cd3125cd16d7987d007aeeb7c,07/30/2025 01:40:00 PM,2,DRIVER,,2019064,,VOLVO,S60,IL,2015,NONE,PASSENGER,PERSONAL,E,STRAIGHT AHEAD,,,1,,,,,,,,,,Y,,,,,,,,REAR,,,,,,,,,,,,,,,,,,,,,,,,,,,,,,,,,