CRASH_UNIT_ID,CRASH_RECORD_ID,CRASH_DATE,UNIT_NO,UNIT_TYPE,NUM_PASSENGERS,VEHICLE_ID,CMRC_VEH_I,MAKE,MODEL,LIC_PLATE_STATE,VEHICLE_YEAR,VEHICLE_DEFECT,VEHICLE_TYPE,VEHICLE_USE,TRAVEL_DIRECTION,MANEUVER,TOWED_I,FIRE_I,OCCUPANT_CNT,EXCEED_SPEED_LIMIT_I,TOWED_BY,TOWED_TO,AREA_00_I,AREA_01_I,AREA_02_I,AREA_03_I,AREA_04_I,AREA_05_I,AREA_06_I,AREA_07_I,AREA_08_I,AREA_09_I,AREA_10_I,AREA_11_I,AREA_12_I,AREA_99_I,FIRST_CONTACT_POINT,CMV_ID,USDOT_NO,CCMC_NO,ILCC_NO,COMMERCIAL_SRC,GVWR,CARRIER_NAME,CARRIER_STATE,CARRIER_CITY,HAZMAT_PLACARDS_I,HAZMAT_NAME,UN_NO,HAZMAT_PRESENT_I,HAZMAT_REPORT_I,HAZMAT_REPORT_NO,MCS_REPORT_I,MCS_REPORT_NO,HAZMAT_VIO_CAUSE_CRASH_I,MCS_VIO_CAUSE_CRASH_I,IDOT_PERMIT_NO,WIDE_LOAD_I,TRAILER1_WIDTH,TRAILER2_WIDTH,TRAILER1_LENGTH,TRAILER2_LENGTH,TOTAL_VEHICLE_LENGTH,AXLE_CNT,VEHICLE_CONFIG,CARGO_BODY_TYPE,LOAD_TYPE,HAZMAT_OUT_OF_SERVICE_I,MCS_OUT_OF_SERVICE_I,HAZMAT_CLASS
2117727,5ba40dcd0523196397dbbf82181beed9fce5e28d3d3b1d6f04914efbd114eaadbf75b0653caf0c2be4e69d18f6c7a301c6b58f8ef02d5a7403c444f1bfee0b41,07/30/2025 01:40:00 PM,1,DRIVER,,2018798,,VOLKSWAGEN,PASSAT,IL,2015,UNKNOWN,PASSENGER,PERSONAL,W,PASSING/OVERTAKING,,,1,,,,,,,,,,,,,,,Y,,,FRONT-LEFT-CORNER,,,,,,,,,,,,,,,,,,,,,,,,,,,,,,,,,
2117728,5ba40dcd0523196397dbbf82181beed9fce5e28d3d3b1d6f04914efbd114eaadbf75b0653caf0c2be4e69d18f6c7a301c6b58f8ef02d5a7403c444f1bfee0b41,07/30/2025 01:40:00 PM,2,DRIVER,,2018809,,GENERAL MOTORS CORPORATION (GMC),YUKON,IL,2012,UNKNOWN,SPORT UTILITY VEHICLE (SUV),PERSONAL,W,TURNING LEFT,,,1,,,,,Y,Y,Y,Y,,,,,,,,,,SIDE-RIGHT,,,,,,,,,,,,,,,,,,,,,,,,,,,,,,,,,
2117859,914e68c35948cddadfa47fbee31a9a8ced7d96908f55012e8ffb738e0db81c6ada4e0bfc0e38e9a1e1e885eae3a855d7da2e456d7bc547df5bfad2bb13e80ac9,07/30/2025 01:40:00 PM,1,DRIVER,,2018911,,CHEVROLET,MALIBU,IL,2025,NONE,PASSENGER,PERSONAL,S,STRAIGHT AHEAD,,,1,,,,,Y,,,,,,,,,,,,,FRONT-RIGHT-CORNER,,,,,,,,,,,,,,,,,,,,,,,,,,,,,,,,,
2117860,914e68c35948cddadfa47fbee31a9a8ced7d96908f55012e8ffb738e0db81c6ada4e0bfc0e38e9a1e1e885eae3a855d7da2e456d7bc547df5bfad2bb13e80ac9,07/30/2025 01:40:00 PM,2,DRIVER,,2018921,,HONDA,CR-V,IL,2020,NONE,PASSENGER,PERSONAL,S,STRAIGHT AHEAD,,,1,,,,,,,,,,,,,,Y,Y,,,FRONT-LEFT-CORNER,,,,,,,,,,,,,,,,,,,,,,,,,,,,,,,,,
2117709,3a17d179d0c86e80a6a57fb1a62572ae9b1a24a4f666fbcbf7640eebb795c9cd97235e1470ad6fd54e59b016ae5ac8329125957d23c22b7df59bff9698d5cd67,07/30/2025 01:35:00 PM,1,DRIVER,,2018777,,FORD,OTHER (EXPLAIN IN NARRATIVE),TX,2023,NONE,PICKUP,OTHER,W,STRAIGHT AHEAD,,,1,,,,,,Y,,,,,,,,Y,Y,,,FRONT,,,,,,,,,,,,,,,,,,,,,,,,,,,,,,,,,
2117710,3a17d179d0c86e80a6a57fb1a62572ae9b1a24a4f666fbcbf7640eebb795c9cd97235e1470ad6fd54e59b016ae5ac8329125957d23c22b7df59bff9698d5cd67,07/30/2025 01:35:00 PM,2,DRIVER,,2018791,,CHEVROLET,EQUINOX,IL,2023,NONE,PASSENGER,PERSONAL,W,STRAIGHT AHEAD,,,1,,,,,,,,,Y,Y,,,,,,,,REAR-RIGHT-CORNER,,,,,,,,,,,,,,,,,,,,,,,,,,,,,,,,,
2119306,599b7289f380cc4fff0729fb15f5360c264a0b423a21f48767f6140cddb64acfa82b749da29ae62f55467f8d9d6efd57bf672aa877fd1210a4d5971ff0f8d58e,07/30/2025 01:35:00 PM,1,DRIVER,,2020344,,FORD,ESCAPE,IL,2016,NONE,SPORT UTILITY VEHICLE (SUV),PERSONAL,S,BACKING,,,1,,,,,,,,,,Y,,,,,,,,REAR,,,,,,,,,,,,,,,,,,,,,,,,,,,,,,,,,
2119307,599b7289f380cc4fff0729fb15f5360c264a0b423a21f48767f6140cddb64acfa82b749da29ae62f55467f8d9d6efd57bf672aa877fd1210a4d5971ff0f8d58e,07/30/2025 01:35:00 PM,2,DRIVER,,2020340,,FORD,ESCAPE,IL,2013,NONE,SPORT UTILITY VEHICLE (SUV),PERSONAL,E,STRAIGHT AHEAD,,,1,,,,,,,,,,,,Y,Y,,,,,SIDE-LEFT,,,,,,,,,,,,,,,,,,,,,,,,,,,,,,,,,
2117795,50d24937306e68f87d6bb9164a03c73c7316d57d0b767db3d01b404c110c18deb793005a938816341470541d414b4e1d48e2a4946d796e8fef7496a004c546c6,07/30/2025 01:30:00 PM,1,DRIVER,,2018859,,TOYOTA,PRIUS,IL,2008,UNKNOWN,PASSENGER,PERSONAL,E,STRAIGHT AHEAD,Y,,1,,private tow,,,Y,,,,,,,,,,Y,Y,,FRONT,,,,,,,,,,,,,,,,,,,,,,,,,,,,,,,,,
2117796,50d24937306e68f87d6bb9164a03c73c7316d57d0b767db3d01b404c110c18deb793005a938816341470541d414b4e1d48e2a4946d796e8fef7496a004c546c6,07/30/2025 01:30:00 PM,2,PARKED,,2018866,,HYUNDAI,ELANTRA,IL,2010,UNKNOWN,PASSENGER,PERSONAL,E,PARKED,Y,,0,,private tow,private,,,,,,,Y,Y,Y,Y,Y,Y,,,SIDE-LEFT,,,,,,,,,,,,,,,,,,,,,,,,,,,,,,,,,
2117797,50d24937306e68f87d6bb9164a03c73c7316d57d0b767db3d01b404c110c18deb793005a938816341470541d414b4e1d48e2a4946d796e8fef7496a004c546c6,07/30/2025 01:30:00 PM,3,PARKED,,2018882,,CHEVROLET,SILVERADO,IL,,UNKNOWN,PASSENGER,UNKNOWN/NA,E,PARKED,,,0,,,,,,,,,Y,Y,Y,Y,Y,,,,,REAR-LEFT-CORNER,,,,,,,,,,,,,,,,,,,,,,,,,,,,,,,,,
2118475,5a990a79402ebfe82ea72f8b26a5a41591a6597a8c7d9d0a1dc9d05d8b363019bd0b3a227ad970092a4021d7056f494db9c7ce6c928f8b8b77002e54a041b88d,07/30/2025 01:30:00 PM,1,DRIVER,,2019517,,NISSAN,VERSA,,2009,UNKNOWN,PASSENGER,PERSONAL,W,STRAIGHT AHEAD,,,1,,,,,,,,,,,,,,,,,,FRONT,,,,,,,,,,,,,,,,,,,,,,,,,,,,,,,,,
2118476,5a990a79402ebfe82ea72f8b26a5a41591a6597a8c7d9d0a1dc9d05d8b363019bd0b3a227ad970092a4021d7056f494db9c7ce6c928f8b8b77002e54a041b88d,07/30/2025 01:30:00 PM,2,DRIVER,,2019524,,INFINITI,Q50,,,UNKNOWN,PASSENGER,PERSONAL,E,STRAIGHT AHEAD,,,1,,,,,Y,Y,,,,,,,,,,,,SIDE-RIGHT-FRONT,,,,,,,,,,,,,,,,,,,,,,,,,,,,,,,,,
2117733,a40e8df2795c689f004e4bdf25763d7c74247ac9ba7840deb958a22509bca842e801f2bf567f565a20eb03d0ef7bc401f759d5dc70adfec55a391d0defc97e94,07/30/2025 01:30:00 PM,1,DRIVER,,2018803,,HYUNDAI,SANTA FE,IL,2014,NONE,PASSENGER,PERSONAL,S,STRAIGHT AHEAD,,,1,,,,,Y,,,,,,,,,,,,,FRONT-RIGHT-CORNER,,,,,,,,,,,,,,,,,,,,,,,,,,,,,,,,,
2117734,a40e8df2795c689f004e4bdf25763d7c74247ac9ba7840deb958a22509bca842e801f2bf567f565a20eb03d0ef7bc401f759d5dc70adfec55a391d0defc97e94,07/30/2025 01:30:00 PM,2,DRIVER,,2018811,,VOLKSWAGEN,ATLAS,IL,2023,NONE,PASSENGER,PERSONAL,S,LEAVING TRAFFIC LANE TO PARK,,,1,,,,,,,,,,,,,,,Y,,,FRONT-LEFT-CORNER,,,,,,,,,,,,,,,,,,,,,,,,,,,,,,,,,
2123305,2b61ff322245582b12bf613666a666403d0caef105ea77908f812ef535c1ff36801ff63741af1806512e1ed8806177bb38a68c53db118de032dedd2b2f75db83,07/30/2025 01:24:00 PM,1,DRIVER,1,2024153,,TOYOTA,CAMRY,IL,2016,NONE,PASSENGER,PERSONAL,S,STRAIGHT AHEAD,Y,,2,,PRIVATE,PRIVATE,,Y,,,,,,,,,,Y,Y,,FRONT,,,,,,,,,,,,,,,,,,,,,,,,,,,,,,,,,
2123306,2b61ff322245582b12bf613666a666403d0caef105ea77908f812ef535c1ff36801ff63741af1806512e1ed8806177bb38a68c53db118de032dedd2b2f75db83,07/30/2025 01:24:00 PM,2,DRIVER,,2024154,,SUBARU,FORESTER,IL,2022,NONE,PASSENGER,PERSONAL,W,TURNING LEFT,Y,,1,,PRIVATE,PRIVATE,,N,,Y,Y,Y,,,,,,,,,SIDE-RIGHT-REAR,,,,,,,,,,,,,,,,,,,,,,,,,,,,,,,,,
2123307,2b61ff322245582b12bf613666a666403d0caef105ea77908f812ef535c1ff36801ff63741af1806512e1ed8806177bb38a68c53db118de032dedd2b2f75db83,07/30/2025 01:24:00 PM,3,DRIVER,,2024155,,UNKNOWN,OTHER (EXPLAIN IN NARRATIVE),IL,2024,NONE,PASSENGER,PERSONAL,E,SLOW/STOP IN TRAFFIC,Y,,1,,PRIVATE,PRIVATE,,,,,,,,,,,,,Y,,FRONT,,,,,,,,,,,,,,,,,,,,,,,,,,,,,,,,,
2117677,6b09eccf50d5176b13c8ec5b604afb0804be9772fa040bbdaf02cf6d1bf7a543381615091aa80d0fd23eb71cf5445ca7df17e07be5e78f53b1862cd38c591d8e,07/30/2025 01:24:00 PM,1,DRIVER,,2018756,,HONDA,CIVIC,IL,2019,NONE,PASSENGER,PERSONAL,W,TURNING LEFT,,,1,,,,,,,,,,,,,,,Y,,,FRONT-LEFT-CORNER,,,,,,,,,,,,,,,,,,,,,,,,,,,,,,,,,
2117678,6b09eccf50d5176b13c8ec5b604afb0804be9772fa040bbdaf02cf6d1bf7a543381615091aa80d0fd23eb71cf5445ca7df17e07be5e78f53b1862cd38c591d8e,07/30/2025 01:24:00 PM,2,DRIVER,,2018766,,NISSAN,ALTIMA,IL,2017,NONE,PICKUP,PERSONAL,S,TURNING LEFT,,,1,,,,,,,,,,,,,Y,,N,,,SIDE-LEFT,,,,,,,,,,,,,,,,,,,,,,,,,,,,,,,,,
2117781,8543939a2fe2e4901c02bc88603c5beca013413911e717d6da73af807e1a944fc3a6b7a877e911e41a3becc2c3c1c5df805702ea3e6ff3d1f5ef53975c6d973d,07/30/2025 01:21:00 PM,1,DRIVER,2,2018850,,CHEVROLET,EXPRESS,IL,2013,UNKNOWN,VAN/MINI-VAN,PERSONAL,E,STRAIGHT AHEAD,Y,,3,,PRIVATE TOW,,,Y,Y,Y,Y,Y,N,,,,,,,,SIDE-RIGHT,,,,,,,,,,,,,,,,,,,,,,,,,,,,,,,,,
2117782,8543939a2fe2e4901c02bc88603c5beca013413911e717d6da73af807e1a944fc3a6b7a877e911e41a3becc2c3c1c5df805702ea3e6ff3d1f5ef53975c6d973d,07/30/2025 01:21:00 PM,2,DRIVER,,2018873,,TOYOTA,YARIS,IL,2007,UNKNOWN,PASSENGER,PERSONAL,N,STRAIGHT AHEAD,,,1,,,,,Y,Y,,,,,,,,Y,Y,Y,,FRONT,,,,,,,,,,,,,,,,,,,,,,,,,,,,,,,,,
2128080,e5a77b18215f88009a0b2b97726de459f787d6d637ca3f81d702ba4b4739da032ddbea048917bc9c779f286aa1813502499e2e79453bb09d1366a1eec3c7dfa5,07/30/2025 01:21:00 PM,1,DRIVER,,2028687,,GENERAL MOTORS CORPORATION (GMC),TERRAIN,IL,2012,NONE,SPORT UTILITY VEHICLE (SUV),PERSONAL,N,STRAIGHT AHEAD,,,1,,,,,,,,,,,,,,,,,Y,FRONT,,,,,,,,,,,,,,,,,,,,,,,,,,,,,,,,,
2128081,e5a77b18215f88009a0b2b97726de459f787d6d637ca3f81d702ba4b4739da032ddbea048917bc9c779f286aa1813502499e2e79453bb09d1366a1eec3c7dfa5,07/30/2025 01:21:00 PM,2,PEDESTRIAN,,,,,,,,,,,,,,,,,,,,,,,,,,,,,,,,,,,,,,,,,,,,,,,,,,,,,,,,,,,,,,,,,,
2117723,f125f35c2322b1f41065c145681aa6976ee5771430a7e0bd7a4e2ecec10fbdcb9f008c121a703c443be569a2371b72d0d3ccf86ac1b4b9ea62eacba7374c5838,07/30/2025 01:20:00 PM,1,DRIVER,,2018789,,UNKNOWN,MOTORIZED,,,UNKNOWN,UNKNOWN/NA,UNKNOWN/NA,UNKNOWN,UNKNOWN/NA,,,1,,,,,,,,,,,,,,,,,Y,UNKNOWN,,,,,,,,,,,,,,,,,,,,,,,,,,,,,,,,,
2117724,f125f35c2322b1f41065c145681aa6976ee5771430a7e0bd7a4e2ecec10fbdcb9f008c121a703c443be569a2371b72d0d3ccf86ac1b4b9ea62eacba7374c5838,07/30/2025 01:20:00 PM,2,PARKED,,2018796,,HONDA,CR-V,IL,2018,NONE,SPORT UTILITY VEHICLE (SUV),PERSONAL,E,PARKED,,,0,,,,,,,,,,,,,,Y,Y,,,SIDE-LEFT-FRONT,,,,,,,,,,,,,,,,,,,,,,,,,,,,,,,,,
2117821,460d97562541c32dc16c8b460c7922cae635c3701303badc398fd9aaa0d1503c3e5aeac38d154f33e311203b3ec5ebde6004375769eb7f5c01bf68f19cd94796,07/30/2025 01:15:00 PM,1,DRIVER,,2018884,,TOYOTA,COROLLA,IL,2007,NONE,PASSENGER,PERSONAL,E,STRAIGHT AHEAD,,,1,,,,,,Y,,,,,,,,,,,,SIDE-RIGHT,,,,,,,,,,,,,,,,,,,,,,,,,,,,,,,,,
2117822,460d97562541c32dc16c8b460c7922cae635c3701303badc398fd9aaa0d1503c3e5aeac38d154f33e311203b3ec5ebde6004375769eb7f5c01bf68f19cd94796,07/30/2025 01:15:00 PM,2,PARKED,1,2018889,,NISSAN,MAXIMA,IL,2010,NONE,PASSENGER,PERSONAL,E,PARKED,,,1,,,,,,,,,,,,,,Y,,,,SIDE-LEFT,,,,,,,,,,,,,,,,,,,,,,,,,,,,,,,,,
2117711,f4b196748370bf7faf05e101ecc28a8f060047980819fb13dcd127a92af476e1fc6da84cf6c443624a7f894fc0cb6843d39f2bec660df775bde1872ec6af87d4,07/30/2025 01:15:00 PM,1,DRIVER,,2018776,,UNKNOWN,ENGINE,IL,,UNKNOWN,UNKNOWN/NA,UNKNOWN/NA,S,ENTER FROM DRIVE/ALLEY,,,1,,,,,Y,,,,,,,,,,Y,Y,,FRONT,,,,,,,,,,,,,,,,,,,,,,,,,,,,,,,,,
2117712,f4b196748370bf7faf05e101ecc28a8f060047980819fb13dcd127a92af476e1fc6da84cf6c443624a7f894fc0cb6843d39f2bec660df775bde1872ec6af87d4,07/30/2025 01:15:00 PM,2,DRIVER,,2018780,,TOYOTA,COROLLA,IL,2017,UNKNOWN,PASSENGER,PERSONAL,E,STRAIGHT AHEAD,,,1,,,,,,,,,,,,Y,Y,,,,,SIDE-LEFT,,,,,,,,,,,,,,,,,,,,,,,,,,,,,,,,,
2117671,a8f84d355f19bbd666b5879bb0c61b3e76bb4c0cdbf67ebed47eddbc3733740d855a81d92b156f3756a99269f46223df8ae53426b6519a907879ef9fc75697ae,07/30/2025 01:10:00 PM,1,DRIVER,,2018739,,NISSAN,OTHER (EXPLAIN IN NARRATIVE),,,NONE,PASSENGER,UNKNOWN/NA,N,CHANGING LANES,,,1,,,,,,,,,,,,,,,,,,UNKNOWN,,,,,,,,,,,,,,,,,,,,,,,,,,,,,,,,,
2117672,a8f84d355f19bbd666b5879bb0c61b3e76bb4c0cdbf67ebed47eddbc3733740d855a81d92b156f3756a99269f46223df8ae53426b6519a907879ef9fc75697ae,07/30/2025 01:10:00 PM,2,DRIVER,,2018747,,VOLKSWAGEN,JETTA,IL,,NONE,PASSENGER,PERSONAL,S,STRAIGHT AHEAD,Y,,1,,personal,unk,,,,,,,,Y,Y,Y,,,,,SIDE-LEFT,,,,,,,,,,,,,,,,,,,,,,,,,,,,,,,,,
2117683,7af87c7c0b9151a90392b31d8156d86b012fe177f7e3300ee3021c788dc3867ae85adab370a2a53dd82c50cb56fe1808ba3577767cf8d73e639a4a5d39c6f16f,07/30/2025 01:09:00 PM,1,DRIVER,,2018752,,TOYOTA,COROLLA,IL,2014,NONE,PASSENGER,PERSONAL,S,TURNING LEFT,Y,,1,,PRIVATE,,,Y,,,,,,,,,,Y,Y,,FRONT-RIGHT-CORNER,,,,,,,,,,,,,,,,,,,,,,,,,,,,,,,,,
2117684,7af87c7c0b9151a90392b31d8156d86b012fe177f7e3300ee3021c788dc3867ae85adab370a2a53dd82c50cb56fe1808ba3577767cf8d73e639a4a5d39c6f16f,07/30/2025 01:09:00 PM,2,DRIVER,,2018758,,CHEVROLET,IMPALA,IL,2008,NONE,PASSENGER,PERSONAL,N,STRAIGHT AHEAD,,,1,,,,,,,,,,,,,,,Y,Y,,FRONT,,,,,,,,,,,,,,,,,,,,,,,,,,,,,,,,,
2117938,0e5c7d94157620dfdd402d45569082b5694320f382f141a95bbeeeaf0d665d7e48949efd4b4432a62d1c05c3ad51f3a8bf3acf0d48e690d67c27de41c86bbd0a,07/30/2025 01:07:00 PM,1,DRIVER,,2019002,,AUDI,A4,IL,2012,UNKNOWN,PASSENGER,PERSONAL,UNKNOWN,STRAIGHT AHEAD,,,1,,,,,,,,,,,,,,Y,Y,Y,,FRONT-LEFT-CORNER,,,,,,,,,,,,,,,,,,,,,,,,,,,,,,,,,
2117939,0e5c7d94157620dfdd402d45569082b5694320f382f141a95bbeeeaf0d665d7e48949efd4b4432a62d1c05c3ad51f3a8bf3acf0d48e690d67c27de41c86bbd0a,07/30/2025 01:07:00 PM,2,DRIVER,,2019005,,HONDA,CR-V,LA,2008,UNKNOWN,SPORT UTILITY VEHICLE (SUV),PERSONAL,UNKNOWN,STRAIGHT AHEAD,,,1,,,,,,,,,,,,Y,Y,Y,Y,,,SIDE-LEFT,,,,,,,,,,,,,,,,,,,,,,,,,,,,,,,,,
2117679,37717bbffd03f6bd4e9ff361a14ad2eee40d53b32379c9bb70445538678b821ada461dfb318d2e98688d1abbda3b56fd716d3ca5713acabe48130e4ec11e262c,07/30/2025 01:06:00 PM,1,DRIVER,,2018757,,FORD,MUSTANG,IL,2023,NONE,PASSENGER,PERSONAL,NW,OTHER,,,1,,,,,Y,Y,,,,,,,,,,,,FRONT,,,,,,,,,,,,,,,,,,,,,,,,,,,,,,,,,
2117680,37717bbffd03f6bd4e9ff361a14ad2eee40d53b32379c9bb70445538678b821ada461dfb318d2e98688d1abbda3b56fd716d3ca5713acabe48130e4ec11e262c,07/30/2025 01:06:00 PM,2,DRIVER,,2018771,,JEEP,JEEP,IL,2017,NONE,PASSENGER,PERSONAL,UNKNOWN,OTHER,,,1,,,,,,,,,,,,,,Y,Y,,,FRONT,,,,,,,,,,,,,,,,,,,,,,,,,,,,,,,,,
2117805,c82c747fddcd909fa170152a02ecf9ec0361f593da0be963ab83f328fee50c60cdd9a7b594b1cde809a86e1d7e61c45a2bc1ec080ab3e63e418432f775e1f45d,07/30/2025 01:06:00 PM,1,DRIVER,,2018864,,TOYOTA,PRIUS,IL,2008,UNKNOWN,UNKNOWN/NA,UNKNOWN/NA,UNKNOWN,UNKNOWN/NA,,,1,,,,,,,,,,,,,,,,Y,,FRONT,,,,,,,,,,,,,,,,,,,,,,,,,,,,,,,,,
2117806,c82c747fddcd909fa170152a02ecf9ec0361f593da0be963ab83f328fee50c60cdd9a7b594b1cde809a86e1d7e61c45a2bc1ec080ab3e63e418432f775e1f45d,07/30/2025 01:06:00 PM,2,DRIVER,,2018869,,FORD,ESCAPE,IL,2010,UNKNOWN,UNKNOWN/NA,UNKNOWN/NA,UNKNOWN,UNKNOWN/NA,,,1,,,,,,,,,,Y,,,,,,,,REAR,,,,,,,,,,,,,,,,,,,,,,,,,,,,,,,,,
2117704,a282e293df2b223fccbde1aa34caf6d0e899e6c1443dea0f2642c72e131c281ca49fbc2e88b2d475e2a52961dba1fc9294ae502d46e899d090b55ff84c857fe6,07/30/2025 01:05:00 PM,1,DRIVER,,2018765,,TOYOTA,PRIUS,IL,2008,UNKNOWN,PASSENGER,PERSONAL,UNKNOWN,STRAIGHT AHEAD,,,1,,,,,Y,,,,,,,,,,Y,Y,,FRONT,,,,,,,,,,,,,,,,,,,,,,,,,,,,,,,,,
2117705,a282e293df2b223fccbde1aa34caf6d0e899e6c1443dea0f2642c72e131c281ca49fbc2e88b2d475e2a52961dba1fc9294ae502d46e899d090b55ff84c857fe6,07/30/2025 01:05:00 PM,2,DRIVER,,2018772,,NISSAN,FRONTIER,TX,2010,NONE,PICKUP,PERSONAL,SE,SLOW/STOP IN TRAFFIC,,,1,,,,,Y,,,,Y,Y,Y,,,,Y,Y,,REAR,,,,,,,,,,,,,,,,,,,,,,,,,,,,,,,,,
2117706,a282e293df2b223fccbde1aa34caf6d0e899e6c1443dea0f2642c72e131c281ca49fbc2e88b2d475e2a52961dba1fc9294ae502d46e899d090b55ff84c857fe6,07/30/2025 01:05:00 PM,3,DRIVER,1,2018786,,GENERAL MOTORS CORPORATION (GMC),SIERRA,IL,2025,NONE,PICKUP,PERSONAL,S,SLOW/STOP IN TRAFFIC,,,2,,,,,,,,,Y,Y,Y,,,,,,,REAR,,,,,,,,,,,,,,,,,,,,,,,,,,,,,,,,,
2117817,d254e7bfeb4fa70054b646f00ac85fbdd7c54df4b4e7f96d35657791240afb2247f6c4157d8c05a213bcae725c76559f9a131a64494c4f07377696e68933ebee,07/30/2025 01:05:00 PM,1,DRIVER,,2018875,,MERCEDES-BENZ,C-CLASS,,,UNKNOWN,PASSENGER,PERSONAL,W,STRAIGHT AHEAD,,,1,,,,,,,,,,,,,,,,,Y,UNKNOWN,,,,,,,,,,,,,,,,,,,,,,,,,,,,,,,,,
2117818,d254e7bfeb4fa70054b646f00ac85fbdd7c54df4b4e7f96d35657791240afb2247f6c4157d8c05a213bcae725c76559f9a131a64494c4f07377696e68933ebee,07/30/2025 01:05:00 PM,2,DRIVER,,2018887,,AUDI,Q7,IL,2022,UNKNOWN,PASSENGER,PERSONAL,W,SLOW/STOP IN TRAFFIC,,,1,,,,,,,,,,Y,,,,,,,,REAR,,,,,,,,,,,,,,,,,,,,,,,,,,,,,,,,,
2117689,3aafeb35c0b41d0bb0f06b3771e3aab395dd95ad5dd643d55c6c0c1b49c8ea3831e65e656002b5cd1e1ecee9127915bf5613c67784e3683dad268600e7b73cf7,07/30/2025 01:03:00 PM,1,DRIVER,,2018754,,UNKNOWN,OTHER (EXPLAIN IN NARRATIVE),IL,,UNKNOWN,UNKNOWN/NA,UNKNOWN/NA,UNKNOWN,PASSING/OVERTAKING,,,1,,,,,,,,,,,,,,,,,Y,FRONT-LEFT-CORNER,,,,,,,,,,,,,,,,,,,,,,,,,,,,,,,,,
2117690,3aafeb35c0b41d0bb0f06b3771e3aab395dd95ad5dd643d55c6c0c1b49c8ea3831e65e656002b5cd1e1ecee9127915bf5613c67784e3683dad268600e7b73cf7,07/30/2025 01:03:00 PM,2,DRIVER,1,2018760,,JEEP,WRANGLER,IL,2013,NONE,SPORT UTILITY VEHICLE (SUV),PERSONAL,UNKNOWN,SLOW/STOP IN TRAFFIC,,,2,,,,,Y,,,,,,,,,,,,,FRONT-RIGHT-CORNER,,,,,,,,,,,,,,,,,,,,,,,,,,,,,,,,,
2119035,8cc2d61ce69f4915fe47f3610746b83983b81e4f6fca296e1f6e2776155ba0db80b65d9538d7b8e48a03a6b6b36708be316733feb3329984c820cb7c911ac563,07/30/2025 01:03:00 PM,1,DRIVER,,2020065,,NISSAN,ROGUE,IL,2023,UNKNOWN,SPORT UTILITY VEHICLE (SUV),PERSONAL,E,ENTERING TRAFFIC LANE FROM PARKING,,,1,,,,,Y,,,,,,,,,,,,Y,UNKNOWN,,,,,,,,,,,,,,,,,,,,,,,,,,,,,,,,,
2119036,8cc2d61ce69f4915fe47f3610746b83983b81e4f6fca296e1f6e2776155ba0db80b65d9538d7b8e48a03a6b6b36708be316733feb3329984c820cb7c911ac563,07/30/2025 01:03:00 PM,2,PARKED,,2020073,,RIVIAN,R1T,IL,2023,UNKNOWN,PICKUP,NOT IN USE,E,PARKED,,,0,,,,,,,,,,,Y,,,,,,,REAR-LEFT-CORNER,,,,,,,,,,,,,,,,,,,,,,,,,,,,,,,,,
2117669,0174cfa171c82f00c2aa2c739125c6ef94f7623d16027abf3d6395eb229e6eae61128d757fc1a85c68ae766621acbccae2afba241d5dcdf70dce6cc3ce9a2d7e,07/30/2025 12:57:00 PM,1,DRIVER,,2018742,,NISSAN,ALTIMA,IL,2012,UNKNOWN,PASSENGER,PERSONAL,N,BACKING,,,1,,,,,,,,,,,,,,,,,Y,UNKNOWN,,,,,,,,,,,,,,,,,,,,,,,,,,,,,,,,,
2117670,0174cfa171c82f00c2aa2c739125c6ef94f7623d16027abf3d6395eb229e6eae61128d757fc1a85c68ae766621acbccae2afba241d5dcdf70dce6cc3ce9a2d7e,07/30/2025 12:57:00 PM,2,PARKED,,2018744,,MAZDA,CX-9,IL,2016,UNKNOWN,PASSENGER,PERSONAL,N,PARKED,,,0,,,,,Y,Y,,,,,,,,,,Y,,FRONT-RIGHT-CORNER,,,,,,,,,,,,,,,,,,,,,,,,,,,,,,,,,
2117976,e6880dfd387fed0b76e727bda61bdf4e96a1c93d7146322f894544f0fce04e7e9684bb2e96dca8c391dbcb96d79a25f0b3e722b02d093ff5642588bda1eef147,07/30/2025 12:55:00 PM,1,DRIVER,,2019031,,HYUNDAI,ELANTRA,IL,2016,UNKNOWN,PASSENGER,UNKNOWN/NA,E,STRAIGHT AHEAD,,,1,,,,,,,,,,,,,,,,,Y,FRONT,,,,,,,,,,,,,,,,,,,,,,,,,,,,,,,,,
2117977,e6880dfd387fed0b76e727bda61bdf4e96a1c93d7146322f894544f0fce04e7e9684bb2e96dca8c391dbcb96d79a25f0b3e722b02d093ff5642588bda1eef147,07/30/2025 12:55:00 PM,2,DRIVER,,2019045,,FORD,EXPLORER,IL,2014,NONE,SPORT UTILITY VEHICLE (SUV),UNKNOWN/NA,E,SLOW/STOP IN TRAFFIC,,,1,,,,,,,,,,Y,,,,,,,,REAR,,,,,,,,,,,,,,,,,,,,,,,,,,,,,,,,,