CRASH_UNIT_ID,CRASH_RECORD_ID,CRASH_DATE,UNIT_NO,UNIT_TYPE,NUM_PASSENGERS,VEHICLE_ID,CMRC_VEH_I,MAKE,MODEL,LIC_PLATE_STATE,VEHICLE_YEAR,VEHICLE_DEFECT,VEHICLE_TYPE,VEHICLE_USE,TRAVEL_DIRECTION,MANEUVER,TOWED_I,FIRE_I,OCCUPANT_CNT,EXCEED_SPEED_LIMIT_I,TOWED_BY,TOWED_TO,AREA_00_I,AREA_01_I,AREA_02_I,AREA_03_I,AREA_04_I,AREA_05_I,AREA_06_I,AREA_07_I,AREA_08_I,AREA_09_I,AREA_10_I,AREA_11_I,AREA_12_I,AREA_99_I,FIRST_CONTACT_POINT,CMV_ID,USDOT_NO,CCMC_NO,ILCC_NO,COMMERCIAL_SRC,GVWR,CARRIER_NAME,CARRIER_STATE,CARRIER_CITY,HAZMAT_PLACARDS_I,HAZMAT_NAME,UN_NO,HAZMAT_PRESENT_I,HAZMAT_REPORT_I,HAZMAT_REPORT_NO,MCS_REPORT_I,MCS_REPORT_NO,HAZMAT_VIO_CAUSE_CRASH_I,MCS_VIO_CAUSE_CRASH_I,IDOT_PERMIT_NO,WIDE_LOAD_I,TRAILER1_WIDTH,TRAILER2_WIDTH,TRAILER1_LENGTH,TRAILER2_LENGTH,TOTAL_VEHICLE_LENGTH,AXLE_CNT,VEHICLE_CONFIG,CARGO_BODY_TYPE,LOAD_TYPE,HAZMAT_OUT_OF_SERVICE_I,MCS_OUT_OF_SERVICE_I,HAZMAT_CLASS
2117675,3b2b8d5d065dc30bd697eba3f9c3501f647b594df97e11be48e6eb39e1428a01e8cff53f4da5091be6e75a46a0b29c2fd01f9d8322e74b29844b8cbc1dd73d1c,07/30/2025 12:45:00 PM,1,DRIVER,,2018745,,CHEVROLET,COLORADO,IL,2008,NONE,PICKUP,PERSONAL,N,STRAIGHT AHEAD,,,1,,,,,Y,Y,,,,,,,,Y,Y,Y,,FRONT,,,,,,,,,,,,,,,,,,,,,,,,,,,,,,,,,
2117676,3b2b8d5d065dc30bd697eba3f9c3501f647b594df97e11be48e6eb39e1428a01e8cff53f4da5091be6e75a46a0b29c2fd01f9d8322e74b29844b8cbc1dd73d1c,07/30/2025 12:45:00 PM,2,DRIVER,,2018748,,JEEP,WRANGLER,IL,2018,NONE,SPORT UTILITY VEHICLE (SUV),PERSONAL,SE,TURNING LEFT,Y,,1,,PRIVATE TOW COMPANY,PRIVATE TOW COMPANY,,,Y,Y,Y,Y,,,,,,,,,SIDE-RIGHT,,,,,,,,,,,,,,,,,,,,,,,,,,,,,,,,,
2118545,bcb7ec0d9cf519e225ba6caa00fa34ee7b52618bed03d7adced46fa525d26a9c8a405e0b84a784c03c743bad2f0fb4a8b97ba76d782fb28fdff8e272210efca3,07/30/2025 12:40:00 PM,1,DRIVER,,2019580,,CHEVROLET,SILVERADO,IL,2014,UNKNOWN,PICKUP,PERSONAL,UNKNOWN,U-TURN,,,1,,,,,,,,,,,,Y,Y,Y,,,,SIDE-LEFT,,,,,,,,,,,,,,,,,,,,,,,,,,,,,,,,,
2118546,bcb7ec0d9cf519e225ba6caa00fa34ee7b52618bed03d7adced46fa525d26a9c8a405e0b84a784c03c743bad2f0fb4a8b97ba76d782fb28fdff8e272210efca3,07/30/2025 12:40:00 PM,2,DRIVER,,2019590,,ACURA,ADX,IL,2020,UNKNOWN,SPORT UTILITY VEHICLE (SUV),PERSONAL,UNKNOWN,STRAIGHT AHEAD,,,1,,,,,Y,,,,,,,,,,Y,Y,,FRONT,,,,,,,,,,,,,,,,,,,,,,,,,,,,,,,,,
2118031,38fb4816473523c9d09fa25447be4c2d75df72f316713c5e296415e680283ece0a68e34a9106823ce7834b3296bb76593dba9c5f3acdcf08a039c79f686ba77e,07/30/2025 12:30:00 PM,1,DRIVER,,2019091,,UNKNOWN,OTHER (EXPLAIN IN NARRATIVE),,,UNKNOWN,UNKNOWN/NA,UNKNOWN/NA,UNKNOWN,UNKNOWN/NA,,,1,,,,,,,,,,,,,,,,,Y,UNKNOWN,,,,,,,,,,,,,,,,,,,,,,,,,,,,,,,,,
2118032,38fb4816473523c9d09fa25447be4c2d75df72f316713c5e296415e680283ece0a68e34a9106823ce7834b3296bb76593dba9c5f3acdcf08a039c79f686ba77e,07/30/2025 12:30:00 PM,2,PARKED,,2019098,,TOYOTA,CAMRY,IL,2012,NONE,PASSENGER,PERSONAL,W,PARKED,,,0,,,,,,,,,Y,Y,,,,,,,,REAR-RIGHT-CORNER,,,,,,,,,,,,,,,,,,,,,,,,,,,,,,,,,
2117958,4001af3b1d66a5b5e18c917e940c916b56cbaf0b3588f09755af44b196ef2309cc833942bbbffa595d254b4a315615b1df5193132639d9cf67bc7ae60c0d42d5,07/30/2025 12:30:00 PM,1,DRIVER,,2019016,,LINCOLN,OTHER (EXPLAIN IN NARRATIVE),IL,2021,UNKNOWN,SPORT UTILITY VEHICLE (SUV),UNKNOWN/NA,S,BACKING,,,1,,,,,,,,,,,,,,,,,Y,REAR,,,,,,,,,,,,,,,,,,,,,,,,,,,,,,,,,
2117959,4001af3b1d66a5b5e18c917e940c916b56cbaf0b3588f09755af44b196ef2309cc833942bbbffa595d254b4a315615b1df5193132639d9cf67bc7ae60c0d42d5,07/30/2025 12:30:00 PM,2,DRIVER,,2019022,,HONDA,PILOT,IL,2007,NONE,SPORT UTILITY VEHICLE (SUV),PERSONAL,S,SLOW/STOP IN TRAFFIC,,,1,,,,,Y,,,,,,,,,,Y,Y,,FRONT,,,,,,,,,,,,,,,,,,,,,,,,,,,,,,,,,
2117691,da5b3bcb577810cf0c562b953d164b42edd685965a8d22fdc0ea962d8b2d4201ca54321bf2e1f0e7a56fde7f5853289e5d64e963cb3b2b99c3c8facd7476e7d0,07/30/2025 12:20:00 PM,1,DRIVER,,2018755,,NISSAN,OTHER (EXPLAIN IN NARRATIVE),IL,2011,UNKNOWN,PASSENGER,UNKNOWN/NA,N,STRAIGHT AHEAD,,,1,,,,,N,N,,,,,,,,,,,Y,UNKNOWN,,,,,,,,,,,,,,,,,,,,,,,,,,,,,,,,,
2117692,da5b3bcb577810cf0c562b953d164b42edd685965a8d22fdc0ea962d8b2d4201ca54321bf2e1f0e7a56fde7f5853289e5d64e963cb3b2b99c3c8facd7476e7d0,07/30/2025 12:20:00 PM,2,DRIVER,,2018763,,KIA,SORENTO,IL,2024,UNKNOWN,PASSENGER,PERSONAL,SE,TURNING LEFT,,,1,,,,,Y,Y,,,,,,,,,,,,FRONT-RIGHT-CORNER,,,,,,,,,,,,,,,,,,,,,,,,,,,,,,,,,
2117783,a608ce9cfed2f4f63d4e399e5aec00696cb5d961b2242a691b0881cb1280a4750e6dba7a288032fc53d5d39f04338581378057c49f337563f0a0d43ff13faec5,07/30/2025 12:18:00 PM,1,DRIVER,,2018854,,TOYOTA,RAV4,IL,2024,UNKNOWN,SPORT UTILITY VEHICLE (SUV),UNKNOWN/NA,E,STRAIGHT AHEAD,,,1,,,,,N,,,,,,,,,,N,Y,,FRONT,,,,,,,,,,,,,,,,,,,,,,,,,,,,,,,,,
2117784,a608ce9cfed2f4f63d4e399e5aec00696cb5d961b2242a691b0881cb1280a4750e6dba7a288032fc53d5d39f04338581378057c49f337563f0a0d43ff13faec5,07/30/2025 12:18:00 PM,2,DRIVER,,2018861,,HYUNDAI,OTHER (EXPLAIN IN NARRATIVE),IL,2024,UNKNOWN,PICKUP,PERSONAL,E,SLOW/STOP IN TRAFFIC,,,1,,,,,,,,,,Y,,,,,,,,REAR,,,,,,,,,,,,,,,,,,,,,,,,,,,,,,,,,
2118102,5b11c62e2e9d9f4ce987da18f5322d840e2c3ddadef4b75a4392bd73744b1232c1ad54b98e81efdf4eb779a46a15abd4a0d1b317daab31043cff4e24eef2213f,07/30/2025 12:10:00 PM,1,DRIVER,,2019161,,NISSAN,SENTRA,IL,2013,NONE,PASSENGER,PERSONAL,UNKNOWN,BACKING,,,1,,,,,,,,,,,Y,,,,,,,REAR-LEFT-CORNER,,,,,,,,,,,,,,,,,,,,,,,,,,,,,,,,,
2118103,5b11c62e2e9d9f4ce987da18f5322d840e2c3ddadef4b75a4392bd73744b1232c1ad54b98e81efdf4eb779a46a15abd4a0d1b317daab31043cff4e24eef2213f,07/30/2025 12:10:00 PM,2,DRIVER,,2019166,,MAZDA,CX-5,IL,2024,NONE,SPORT UTILITY VEHICLE (SUV),PERSONAL,S,SLOW/STOP IN TRAFFIC,,,1,,,,,,,,,Y,Y,Y,,,,,,,REAR,,,,,,,,,,,,,,,,,,,,,,,,,,,,,,,,,
2117693,6a6354a057ab67ecba9e16d8e683117345389bae9efa8547dcc8457a0aff46ad05f7b75ac15ace4ad05f743d9e417c4a4ec52095ea51c2ed40c351faa30a2a94,07/30/2025 12:10:00 PM,1,DRIVER,,2018783,,"MACK TRUCKS, INC.","MACK TRUCKS, INC.",IL,2012,UNKNOWN,TRUCK - SINGLE UNIT,COMMERCIAL - MULTI-UNIT,UNKNOWN,BACKING,,,1,,,,Y,,,,,,,,,,,,,,NONE,,,,,,,,,,,,,,,,,,,,,,,,,,,,,,,,,
2117694,6a6354a057ab67ecba9e16d8e683117345389bae9efa8547dcc8457a0aff46ad05f7b75ac15ace4ad05f743d9e417c4a4ec52095ea51c2ed40c351faa30a2a94,07/30/2025 12:10:00 PM,2,DRIVER,,2018770,,MERCEDES-BENZ,C300,IL,2025,UNKNOWN,PASSENGER,PERSONAL,UNKNOWN,SLOW/STOP IN TRAFFIC,,,1,,,,,,,,,Y,Y,Y,,,,,,,REAR,,,,,,,,,,,,,,,,,,,,,,,,,,,,,,,,,
2117715,e63e098e88d072f0de12e7136bbe98466bc07d851c09109f65e8240c2ef23428d7990d577edf7a727ae35e556bad2c77ad776130271107a84cf2a8612ff6a47b,07/30/2025 12:08:00 PM,1,DRIVER,,2018787,,FORD,OTHER (EXPLAIN IN NARRATIVE),IL,2018,UNKNOWN,SPORT UTILITY VEHICLE (SUV),PERSONAL,S,STRAIGHT AHEAD,,,1,,,,,,,,,,,,,,,,Y,Y,FRONT,,,,,,,,,,,,,,,,,,,,,,,,,,,,,,,,,
2117716,e63e098e88d072f0de12e7136bbe98466bc07d851c09109f65e8240c2ef23428d7990d577edf7a727ae35e556bad2c77ad776130271107a84cf2a8612ff6a47b,07/30/2025 12:08:00 PM,2,DRIVER,1,2018793,,TOYOTA,AVALON,IL,2007,NONE,PASSENGER,PERSONAL,S,STRAIGHT AHEAD,,,2,,,,,,,,,Y,Y,Y,,,,,,,REAR,,,,,,,,,,,,,,,,,,,,,,,,,,,,,,,,,
2117638,e17c12b117f8acdc7679d555f5cb393804dac5098aa4e53b57c2d8fd157313d8016b4662f506d54624da8061e5f2afb45db50810f6131d2f7a54049c0476af2d,07/30/2025 12:05:00 PM,1,DRIVER,,2018717,,NEW FLYER,OTHER (EXPLAIN IN NARRATIVE),IL,2007,NONE,BUS OVER 15 PASS.,CTA,N,OTHER,,,1,,,,,,,,N,Y,,,,,,,,,REAR-RIGHT-CORNER,,,,,,,,,,,,,,,,,,,,,,,,,,,,,,,,,
2117639,e17c12b117f8acdc7679d555f5cb393804dac5098aa4e53b57c2d8fd157313d8016b4662f506d54624da8061e5f2afb45db50810f6131d2f7a54049c0476af2d,07/30/2025 12:05:00 PM,2,PARKED,,2018723,,JEEP,COMPASS,IL,2011,NONE,SPORT UTILITY VEHICLE (SUV),NOT IN USE,N,PARKED,,,0,,,,,Y,,,,,,,,,,Y,Y,,FRONT,,,,,,,,,,,,,,,,,,,,,,,,,,,,,,,,,
2118211,a44c436fcb1f18d579cfa0232018ece4da7e52787567f894ac2ada9cfce4d246fe4c9a622b1a95b61a368bb583d07d851394fcdc0aeb392bf4a975d196d9ca3d,07/30/2025 12:03:00 PM,1,DRIVER,,2019263,,UNKNOWN,OTHER (EXPLAIN IN NARRATIVE),,,UNKNOWN,UNKNOWN/NA,UNKNOWN/NA,UNKNOWN,UNKNOWN/NA,,,1,,,,,,,,,,,,,,,,,Y,UNKNOWN,,,,,,,,,,,,,,,,,,,,,,,,,,,,,,,,,
2118212,a44c436fcb1f18d579cfa0232018ece4da7e52787567f894ac2ada9cfce4d246fe4c9a622b1a95b61a368bb583d07d851394fcdc0aeb392bf4a975d196d9ca3d,07/30/2025 12:03:00 PM,2,PARKED,,2019265,,TOYOTA,COROLLA,IL,2018,NONE,PASSENGER,NOT IN USE,S,PARKED,,,0,,,,,N,N,Y,Y,N,,,,,,,,,SIDE-RIGHT-REAR,,,,,,,,,,,,,,,,,,,,,,,,,,,,,,,,,
2117642,3c927e59d1ce8c76e3c59c3bafc99637ec055f8ec585f33be5817eb22082199a467996dce5172427d8cdb1d1ea51e4ebd2fe584292b2cc4af88710b18d416cf8,07/30/2025 12:02:00 PM,1,DRIVER,,2018713,,CHEVROLET,MALIBU,IL,2015,NONE,PASSENGER,PERSONAL,E,TURNING LEFT,Y,,1,,,,,,,,,,,,,,Y,Y,Y,,FRONT-LEFT-CORNER,,,,,,,,,,,,,,,,,,,,,,,,,,,,,,,,,
2117643,3c927e59d1ce8c76e3c59c3bafc99637ec055f8ec585f33be5817eb22082199a467996dce5172427d8cdb1d1ea51e4ebd2fe584292b2cc4af88710b18d416cf8,07/30/2025 12:02:00 PM,2,DRIVER,,2018721,,UNKNOWN,OTHER (EXPLAIN IN NARRATIVE),IL,,UNKNOWN,PICKUP,UNKNOWN/NA,S,STRAIGHT AHEAD,,,1,,,,,,,,,,,,,,,,,Y,FRONT-RIGHT-CORNER,,,,,,,,,,,,,,,,,,,,,,,,,,,,,,,,,
2128670,0df554a3d4a415d66a313db6682533f274f730bfb33a19afe3a0850cb56c9ff0f3951e9158f0d7f6c4d35e353437c92acb335a4e751200604a97930ec4c200c7,07/30/2025 12:00:00 PM,1,DRIVER,,2029251,,UNKNOWN,OTHER (EXPLAIN IN NARRATIVE),,,UNKNOWN,UNKNOWN/NA,UNKNOWN/NA,UNKNOWN,UNKNOWN/NA,,,1,,,,,,,,,,,,,,,,,Y,UNKNOWN,,,,,,,,,,,,,,,,,,,,,,,,,,,,,,,,,
2128671,0df554a3d4a415d66a313db6682533f274f730bfb33a19afe3a0850cb56c9ff0f3951e9158f0d7f6c4d35e353437c92acb335a4e751200604a97930ec4c200c7,07/30/2025 12:00:00 PM,2,PARKED,,2029254,,AUDI,A3,IL,2018,UNKNOWN,UNKNOWN/NA,UNKNOWN/NA,UNKNOWN,PARKED,,,0,,,,,,,,,,,,,,Y,Y,Y,,SIDE-LEFT-FRONT,,,,,,,,,,,,,,,,,,,,,,,,,,,,,,,,,
2117630,82a042780b14c33ca892ddb0828f3e5ab0870328b4953256b82dcb8311f093011ebd9dcb23e5eb3b67da0570d8377f60ad8972f937c9da660c2f7823a54383b1,07/30/2025 12:00:00 PM,1,DRIVER,,2018699,,NISSAN,OTHER (EXPLAIN IN NARRATIVE),IL,2015,UNKNOWN,SPORT UTILITY VEHICLE (SUV),UNKNOWN/NA,W,TURNING LEFT,,,1,,,,,,,,,,,,,Y,Y,Y,,,SIDE-LEFT,,,,,,,,,,,,,,,,,,,,,,,,,,,,,,,,,
2117631,82a042780b14c33ca892ddb0828f3e5ab0870328b4953256b82dcb8311f093011ebd9dcb23e5eb3b67da0570d8377f60ad8972f937c9da660c2f7823a54383b1,07/30/2025 12:00:00 PM,2,DRIVER,,2018706,,TOYOTA,RAV4,IL,2016,UNKNOWN,PASSENGER,PERSONAL,N,STRAIGHT AHEAD,,,1,,,,,Y,,,,,,,,,,Y,Y,,FRONT,,,,,,,,,,,,,,,,,,,,,,,,,,,,,,,,,
2118578,a75a8682f4a15e0981648dce05a33d0f6786ebd52a2b9320b468fa293fb6c23fc8048fbd8f94dc807b656cea906d2c29a5cc314bad86e696bf2de2485940417f,07/30/2025 12:00:00 PM,1,DRIVER,,2019612,,UNKNOWN,OTHER (EXPLAIN IN NARRATIVE),,,UNKNOWN,UNKNOWN/NA,UNKNOWN/NA,UNKNOWN,UNKNOWN/NA,,,1,,,,,,,,,,,,,,,,,,UNKNOWN,,,,,,,,,,,,,,,,,,,,,,,,,,,,,,,,,
2118579,a75a8682f4a15e0981648dce05a33d0f6786ebd52a2b9320b468fa293fb6c23fc8048fbd8f94dc807b656cea906d2c29a5cc314bad86e696bf2de2485940417f,07/30/2025 12:00:00 PM,2,PARKED,,2019615,,HYUNDAI,PALISADE,,2020,NONE,PASSENGER,NOT IN USE,S,PARKED,,,0,,,,,,,,,,,,,,,,,,REAR-RIGHT-CORNER,,,,,,,,,,,,,,,,,,,,,,,,,,,,,,,,,
2117737,b7b30b285f866750fe9a0593042d21647560885c6507446ac317b3f1dbce1af119014d533b431b916f377a2389c595b58c96bd8223a2201c2acebb85ef7aeb86,07/30/2025 11:58:00 AM,1,DRIVER,,2018841,,GENERAL MOTORS CORPORATION (GMC),TERRAIN,IL,2014,UNKNOWN,PASSENGER,PERSONAL,N,STRAIGHT AHEAD,,,1,,,,,Y,,,,,,,,,,Y,Y,,FRONT,,,,,,,,,,,,,,,,,,,,,,,,,,,,,,,,,
2117738,b7b30b285f866750fe9a0593042d21647560885c6507446ac317b3f1dbce1af119014d533b431b916f377a2389c595b58c96bd8223a2201c2acebb85ef7aeb86,07/30/2025 11:58:00 AM,2,DRIVER,,2018879,,HONDA,CIVIC,IL,2021,UNKNOWN,PASSENGER,PERSONAL,N,STRAIGHT AHEAD,,,1,,,,,,,,,,Y,Y,Y,,,,,,SIDE-LEFT-REAR,,,,,,,,,,,,,,,,,,,,,,,,,,,,,,,,,
2117640,b17879bb40af60d2ac7b0b3e21d60ad0f7d692e8d4946ee0f4bae027b8131f2954cf66d364cac1c000574edd6ed8f8b5969524481907db37aa95e9879b35d0d5,07/30/2025 11:57:00 AM,1,DRIVER,,2018727,N,KENWORTH MOTOR TRUCK COMPANY,OTHER (EXPLAIN IN NARRATIVE),MI,2012,UNKNOWN,OTHER,OTHER,NE,TURNING RIGHT,,,1,,,,,,Y,Y,Y,Y,,,,,,,,,SIDE-RIGHT,,,,,,,,,,,,,,,,,,,,,,,,,,,,,,,,,
2117641,b17879bb40af60d2ac7b0b3e21d60ad0f7d692e8d4946ee0f4bae027b8131f2954cf66d364cac1c000574edd6ed8f8b5969524481907db37aa95e9879b35d0d5,07/30/2025 11:57:00 AM,2,DRIVER,,2018733,,JEEP,GRAND CHEROKEE,IL,2022,NONE,PASSENGER,PERSONAL,N,STRAIGHT AHEAD,,,1,,,,,Y,,,,,,,,,Y,Y,Y,,FRONT-LEFT-CORNER,,,,,,,,,,,,,,,,,,,,,,,,,,,,,,,,,
2117619,2d68812bcec9368f5f2f7bcef7cdd7e1b662eccd37cde3afa9e34c52712260f0f87d14f4c502ed2a592d834f99a049745beadd3910d452988e53a20b8c71c890,07/30/2025 11:50:00 AM,1,DRIVER,1,2018694,,HONDA,CR-V,IL,2003,NONE,PASSENGER,PERSONAL,W,STRAIGHT AHEAD,,,2,,,,,Y,,,,,,,,,,Y,Y,,FRONT,,,,,,,,,,,,,,,,,,,,,,,,,,,,,,,,,
2117620,2d68812bcec9368f5f2f7bcef7cdd7e1b662eccd37cde3afa9e34c52712260f0f87d14f4c502ed2a592d834f99a049745beadd3910d452988e53a20b8c71c890,07/30/2025 11:50:00 AM,2,PARKED,,2018700,,TOYOTA,C-HR,IL,2019,NONE,PASSENGER,PERSONAL,W,PARKED,,,0,,,,,,,,Y,Y,Y,,,,,,,,REAR-RIGHT-CORNER,,,,,,,,,,,,,,,,,,,,,,,,,,,,,,,,,
2117645,4591502a7a2ffbabc1290d3e3c62b08fbba49e9940f298ffa6e0b6bc738990e56a1893ed8c94b5e01c421e381c008fd4f08f952ebf2c921052bf16f9a6de4092,07/30/2025 11:45:00 AM,2,PARKED,,2018720,,FORD,F150,IL,2023,NONE,PICKUP,NOT IN USE,UNKNOWN,PARKED,,,0,,,,,,,,,Y,,,,,,,,,REAR-RIGHT-CORNER,,,,,,,,,,,,,,,,,,,,,,,,,,,,,,,,,
2117646,4591502a7a2ffbabc1290d3e3c62b08fbba49e9940f298ffa6e0b6bc738990e56a1893ed8c94b5e01c421e381c008fd4f08f952ebf2c921052bf16f9a6de4092,07/30/2025 11:45:00 AM,1,DRIVER,,2018711,N,FORD,F150,IL,2017,NONE,PICKUP,OTHER,UNKNOWN,BACKING,,,1,,,,,,,,,,,Y,,,,,,,REAR-LEFT-CORNER,,,,,,,,,,,,,,,,,,,,,,,,,,,,,,,,,
2118392,4a835bbbf6537014d62f938a84399c10f0b02762801599c09678dbc7f9c52e5683e0ee9f890b07fbecca434eb2c4fab0e40c8579d7e725f5c5cfd6626928758a,07/30/2025 11:30:00 AM,1,DRIVER,,2019440,,HONDA,HR-V,IL,,UNKNOWN,PASSENGER,UNKNOWN/NA,E,STRAIGHT AHEAD,,,1,,,,,Y,,,,,,,,,,,,,FRONT-RIGHT-CORNER,,,,,,,,,,,,,,,,,,,,,,,,,,,,,,,,,
2118393,4a835bbbf6537014d62f938a84399c10f0b02762801599c09678dbc7f9c52e5683e0ee9f890b07fbecca434eb2c4fab0e40c8579d7e725f5c5cfd6626928758a,07/30/2025 11:30:00 AM,2,DRIVER,,2019434,,DODGE,RAM 1500 PU,IL,2022,NONE,PASSENGER,PERSONAL,UNKNOWN,STRAIGHT AHEAD,,,1,,,,Y,,,,,,,,,,,,,,NONE,,,,,,,,,,,,,,,,,,,,,,,,,,,,,,,,,
2117735,535a185fdad42c7938a43f6842887aa9b43069f0af09e635a5acdafc7eaad53bb2c9165ce5bbe7bed925c1cfc398a8040cee215f23a9aa123f2862005d4afc88,07/30/2025 11:30:00 AM,1,DRIVER,,2018802,,NISSAN,FRONTIER,IL,2002,UNKNOWN,PICKUP,PERSONAL,W,ENTERING TRAFFIC LANE FROM PARKING,,,1,,,,,N,Y,Y,Y,,,,,,,,,,FRONT-RIGHT-CORNER,,,,,,,,,,,,,,,,,,,,,,,,,,,,,,,,,
2117736,535a185fdad42c7938a43f6842887aa9b43069f0af09e635a5acdafc7eaad53bb2c9165ce5bbe7bed925c1cfc398a8040cee215f23a9aa123f2862005d4afc88,07/30/2025 11:30:00 AM,2,PARKED,,2018807,,HONDA,RIDGELINE,IL,2008,NONE,PICKUP,PERSONAL,W,PARKED,,,0,,,,,,,,,,,Y,Y,,,,,,REAR-LEFT-CORNER,,,,,,,,,,,,,,,,,,,,,,,,,,,,,,,,,
2117659,8253ffa143dceb25ec146af96cb09326f44ad45a8db3dd9da3ae837326e4bc1ba4329b1178e737534f75e93bad9bed98da9f1d1e1f751656f7d57cfadb389890,07/30/2025 11:30:00 AM,1,DRIVER,,2018730,,LEXUS,ES300,IL,2021,NONE,PASSENGER,PERSONAL,N,AVOIDING VEHICLES/OBJECTS,,,1,,,,,Y,Y,,,,,,,,N,N,,,FRONT-RIGHT-CORNER,,,,,,,,,,,,,,,,,,,,,,,,,,,,,,,,,
2117660,8253ffa143dceb25ec146af96cb09326f44ad45a8db3dd9da3ae837326e4bc1ba4329b1178e737534f75e93bad9bed98da9f1d1e1f751656f7d57cfadb389890,07/30/2025 11:30:00 AM,2,PARKED,,2018734,,HONDA,CR-V,IL,2024,NONE,SPORT UTILITY VEHICLE (SUV),PERSONAL,N,PARKED,,,0,,,,,,,,,,,Y,Y,,,,,,REAR-LEFT-CORNER,,,,,,,,,,,,,,,,,,,,,,,,,,,,,,,,,
2117623,018740e90ab1c1088a7965d2ddbeb384095e43bf87feb95e2a1e57b8a85da5a47f303d81cf50f6c37bd7ad3fcc2091682607b999590aeb069c8d0b0bcb221723,07/30/2025 11:20:00 AM,1,DRIVER,,2018698,,FORD,FUSION,IL,2018,NONE,PASSENGER,PERSONAL,N,STRAIGHT AHEAD,,,1,,,,,,,,,,,,,,,,,Y,FRONT,,,,,,,,,,,,,,,,,,,,,,,,,,,,,,,,,
2117624,018740e90ab1c1088a7965d2ddbeb384095e43bf87feb95e2a1e57b8a85da5a47f303d81cf50f6c37bd7ad3fcc2091682607b999590aeb069c8d0b0bcb221723,07/30/2025 11:20:00 AM,2,DRIVER,,2018703,,AUDI,Q5,IL,2024,NONE,SPORT UTILITY VEHICLE (SUV),PERSONAL,N,STRAIGHT AHEAD,,,1,,,,,,,,,,Y,,,,,,,,REAR,,,,,,,,,,,,,,,,,,,,,,,,,,,,,,,,,
2117625,e82a1515699b4d42235b8259d0cd3abd367e32060c688044b3868c6f72216d71529d55cd2f37cfba81dd593b1e63b80a5ccd58f07463eb3b053b75938e554c5a,07/30/2025 11:15:00 AM,1,DRIVER,,2018702,,NISSAN,ALTIMA,IL,2013,UNKNOWN,PASSENGER,PERSONAL,S,TURNING LEFT,Y,,1,,PRIVATE,PRIVATE,,Y,,,,,,,,,,Y,Y,,FRONT-LEFT-CORNER,,,,,,,,,,,,,,,,,,,,,,,,,,,,,,,,,
2117626,e82a1515699b4d42235b8259d0cd3abd367e32060c688044b3868c6f72216d71529d55cd2f37cfba81dd593b1e63b80a5ccd58f07463eb3b053b75938e554c5a,07/30/2025 11:15:00 AM,2,PARKED,,2018710,,VOLKSWAGEN,CABRIDET,IL,2007,UNKNOWN,PASSENGER,PERSONAL,S,PARKED,,,0,,,,,,,,,,Y,,,,,,,,FRONT,,,,,,,,,,,,,,,,,,,,,,,,,,,,,,,,,
2117627,e82a1515699b4d42235b8259d0cd3abd367e32060c688044b3868c6f72216d71529d55cd2f37cfba81dd593b1e63b80a5ccd58f07463eb3b053b75938e554c5a,07/30/2025 11:15:00 AM,3,PARKED,,2018718,,HONDA,ACCORD,IL,2011,UNKNOWN,PASSENGER,PERSONAL,S,PARKED,,,0,,,,,,,,,,Y,,,,,,,,REAR,,,,,,,,,,,,,,,,,,,,,,,,,,,,,,,,,
2117617,bd6938b23c145a9458f2b41389ff6275fcc7198600e09dbaad05af3fc78cabc28c06eea23d0e27125dbd46777068446f829fad86778e15c06323d296ea313965,07/30/2025 11:14:00 AM,1,DRIVER,,2018689,,UNKNOWN,OTHER (EXPLAIN IN NARRATIVE),,,UNKNOWN,UNKNOWN/NA,UNKNOWN/NA,S,UNKNOWN/NA,,,1,,,,,,,,,,,,,,,,,,UNKNOWN,,,,,,,,,,,,,,,,,,,,,,,,,,,,,,,,,
2117618,bd6938b23c145a9458f2b41389ff6275fcc7198600e09dbaad05af3fc78cabc28c06eea23d0e27125dbd46777068446f829fad86778e15c06323d296ea313965,07/30/2025 11:14:00 AM,2,PARKED,,2018693,,UNKNOWN,OTHER (EXPLAIN IN NARRATIVE),IL,2006,UNKNOWN,TRUCK - SINGLE UNIT,COMMERCIAL - SINGLE UNIT,S,PARKED,,,0,,,,,,,,,,,,,,Y,,,,SIDE-LEFT,,,,,,,,,,,,,,,,,,,,,,,,,,,,,,,,,
2117665,f95c9f22b87107381333473318f3d8cd1cd456b586f59dfa4dbbbff2f583b36ee74b181ae15dd1927d0026587c60bd3f184fcb30d62a290c2084554795d7014b,07/30/2025 11:14:00 AM,1,DRIVER,,2018741,,TOYOTA,COROLLA,IL,2015,NONE,PASSENGER,PERSONAL,S,STRAIGHT AHEAD,,,1,,,,,Y,Y,Y,,,,,,,,,,,FRONT-RIGHT-CORNER,,,,,,,,,,,,,,,,,,,,,,,,,,,,,,,,,
2117666,f95c9f22b87107381333473318f3d8cd1cd456b586f59dfa4dbbbff2f583b36ee74b181ae15dd1927d0026587c60bd3f184fcb30d62a290c2084554795d7014b,07/30/2025 11:14:00 AM,2,DRIVER,,2018816,,TOYOTA,PRIUS,IL,2015,NONE,PASSENGER,PERSONAL,S,OTHER,,,1,,,,,,,,,,,,,,Y,Y,,,FRONT-LEFT-CORNER,,,,,,,,,,,,,,,,,,,,,,,,,,,,,,,,,