CRASH_UNIT_ID,CRASH_RECORD_ID,CRASH_DATE,UNIT_NO,UNIT_TYPE,NUM_PASSENGERS,VEHICLE_ID,CMRC_VEH_I,MAKE,MODEL,LIC_PLATE_STATE,VEHICLE_YEAR,VEHICLE_DEFECT,VEHICLE_TYPE,VEHICLE_USE,TRAVEL_DIRECTION,MANEUVER,TOWED_I,FIRE_I,OCCUPANT_CNT,EXCEED_SPEED_LIMIT_I,TOWED_BY,TOWED_TO,AREA_00_I,AREA_01_I,AREA_02_I,AREA_03_I,AREA_04_I,AREA_05_I,AREA_06_I,AREA_07_I,AREA_08_I,AREA_09_I,AREA_10_I,AREA_11_I,AREA_12_I,AREA_99_I,FIRST_CONTACT_POINT,CMV_ID,USDOT_NO,CCMC_NO,ILCC_NO,COMMERCIAL_SRC,GVWR,CARRIER_NAME,CARRIER_STATE,CARRIER_CITY,HAZMAT_PLACARDS_I,HAZMAT_NAME,UN_NO,HAZMAT_PRESENT_I,HAZMAT_REPORT_I,HAZMAT_REPORT_NO,MCS_REPORT_I,MCS_REPORT_NO,HAZMAT_VIO_CAUSE_CRASH_I,MCS_VIO_CAUSE_CRASH_I,IDOT_PERMIT_NO,WIDE_LOAD_I,TRAILER1_WIDTH,TRAILER2_WIDTH,TRAILER1_LENGTH,TRAILER2_LENGTH,TOTAL_VEHICLE_LENGTH,AXLE_CNT,VEHICLE_CONFIG,CARGO_BODY_TYPE,LOAD_TYPE,HAZMAT_OUT_OF_SERVICE_I,MCS_OUT_OF_SERVICE_I,HAZMAT_CLASS
2117636,0557075085cc32c830c639490203bdae7ee3ac891fc0b9688d29c0c26ec90576c7cd2d99d736f38b267cda30e9d041ebaa55211af437cc095ea5362609dd211b,07/30/2025 11:00:00 AM,1,DRIVER,,2018705,,NISSAN,SENTRA,,2020,NONE,PASSENGER,PERSONAL,E,STRAIGHT AHEAD,Y,,1,,,,,Y,,,,,,,,,,Y,Y,,FRONT,,,,,,,,,,,,,,,,,,,,,,,,,,,,,,,,,
2117637,0557075085cc32c830c639490203bdae7ee3ac891fc0b9688d29c0c26ec90576c7cd2d99d736f38b267cda30e9d041ebaa55211af437cc095ea5362609dd211b,07/30/2025 11:00:00 AM,2,DRIVER,1,2018712,,FORD,F150,IL,2022,NONE,PICKUP,PERSONAL,E,STRAIGHT AHEAD,,,2,,,,,,,,,Y,Y,Y,,,,,,,REAR,,,,,,,,,,,,,,,,,,,,,,,,,,,,,,,,,
2117582,0a9a06e7480d7bdb15adac5201f8c62c582aff368b31c2329eb5d81fcff57a69b74ee62158fb6dd48d594b814871edbe2123b612e08eb14b9871168b97eb8b3f,07/30/2025 11:00:00 AM,1,DRIVER,,2018657,,UNKNOWN,OTHER (EXPLAIN IN NARRATIVE),,,UNKNOWN,SPORT UTILITY VEHICLE (SUV),PERSONAL,E,STRAIGHT AHEAD,,,1,,,,,,Y,Y,,,,,,,,,,,SIDE-RIGHT,,,,,,,,,,,,,,,,,,,,,,,,,,,,,,,,,
2117583,0a9a06e7480d7bdb15adac5201f8c62c582aff368b31c2329eb5d81fcff57a69b74ee62158fb6dd48d594b814871edbe2123b612e08eb14b9871168b97eb8b3f,07/30/2025 11:00:00 AM,2,DRIVER,,2018673,,ACURA,TLX,IN,2005,UNKNOWN,PASSENGER,PERSONAL,E,STRAIGHT AHEAD,,,1,,,,,,,,,,,,Y,Y,Y,,,,SIDE-LEFT,,,,,,,,,,,,,,,,,,,,,,,,,,,,,,,,,
2117615,4038bd868ec0055efb4c9211b3da50d4a0c399cbda6c7c7753129b9828001dbfb087f18b241b503faefda77d82e965272cd427974c2c7ef085432463d6446fc7,07/30/2025 11:00:00 AM,1,DRIVER,,2018688,,BUICK,ENCLAVE,OH,2024,NONE,PASSENGER,PERSONAL,N,BACKING,,,1,,,,,,,,,Y,,,,,,,,,REAR-RIGHT-CORNER,,,,,,,,,,,,,,,,,,,,,,,,,,,,,,,,,
2117616,4038bd868ec0055efb4c9211b3da50d4a0c399cbda6c7c7753129b9828001dbfb087f18b241b503faefda77d82e965272cd427974c2c7ef085432463d6446fc7,07/30/2025 11:00:00 AM,2,PARKED,,2018691,,TESLA,MODEL 3,IL,2023,NONE,PASSENGER,PERSONAL,S,PARKED,,,0,,,,,,,,,,,Y,,,,,,,SIDE-LEFT-REAR,,,,,,,,,,,,,,,,,,,,,,,,,,,,,,,,,
2119037,414f64dc3207f7cc51fe9a047d189ecf55ea641e6d6939e70ba78315029aa52857b28157368de82c4eb39ae9e27f9c96f9a33197a9a9b5d137b12612f1fffa99,07/30/2025 11:00:00 AM,1,DRIVER,,2020066,,TOYOTA,PRIUS,IL,2013,NONE,PASSENGER,PERSONAL,N,BACKING,,,1,,,,,,,,,,Y,,,,,,,,REAR,,,,,,,,,,,,,,,,,,,,,,,,,,,,,,,,,
2119038,414f64dc3207f7cc51fe9a047d189ecf55ea641e6d6939e70ba78315029aa52857b28157368de82c4eb39ae9e27f9c96f9a33197a9a9b5d137b12612f1fffa99,07/30/2025 11:00:00 AM,2,DRIVER,,2020077,,TOYOTA,COROLLA,IL,2009,NONE,PASSENGER,PERSONAL,E,STRAIGHT AHEAD,,,1,,,,,,,,,Y,,,,,,,,,SIDE-RIGHT-REAR,,,,,,,,,,,,,,,,,,,,,,,,,,,,,,,,,
2117652,a1c0704a671840879d86356ee3d0df2f0ea4182de563d4a45df5b728c217b711058b29ac93dedd801376699d9ee48c626aff029b188087abc836b6a038c6506b,07/30/2025 11:00:00 AM,1,DRIVER,,2018719,,HONDA,OTHER (EXPLAIN IN NARRATIVE),IL,2004,UNKNOWN,PASSENGER,UNKNOWN/NA,W,UNKNOWN/NA,,,1,,,,,,,,,,,,,,,,,Y,UNKNOWN,,,,,,,,,,,,,,,,,,,,,,,,,,,,,,,,,
2117653,a1c0704a671840879d86356ee3d0df2f0ea4182de563d4a45df5b728c217b711058b29ac93dedd801376699d9ee48c626aff029b188087abc836b6a038c6506b,07/30/2025 11:00:00 AM,2,PARKED,,2018724,,NISSAN,OTHER (EXPLAIN IN NARRATIVE),IL,2023,UNKNOWN,SPORT UTILITY VEHICLE (SUV),NOT IN USE,E,PARKED,,,0,,,,,Y,,,,Y,Y,Y,,,,Y,Y,Y,FRONT,,,,,,,,,,,,,,,,,,,,,,,,,,,,,,,,,
2117654,a1c0704a671840879d86356ee3d0df2f0ea4182de563d4a45df5b728c217b711058b29ac93dedd801376699d9ee48c626aff029b188087abc836b6a038c6506b,07/30/2025 11:00:00 AM,3,PARKED,,2018728,,FORD,OTHER (EXPLAIN IN NARRATIVE),IL,2022,UNKNOWN,SPORT UTILITY VEHICLE (SUV),NOT IN USE,E,PARKED,,,0,,,,,Y,,,,,,,,,,Y,Y,Y,FRONT,,,,,,,,,,,,,,,,,,,,,,,,,,,,,,,,,
2119326,da970edfc64dedf7279150a068432f5364466945bc1f7dcb47b2c2bd019b944c9965be1baca3c12c9bf4d29da52ace364e2dd0913cc66cfb583487c8c1e4b8e9,07/30/2025 11:00:00 AM,2,DRIVER,,2020343,,CHEVROLET,MALIBU,IL,2017,UNKNOWN,PASSENGER,PERSONAL,N,STRAIGHT AHEAD,,,1,,,,,,,,,,,,,,Y,Y,,,UNKNOWN,,,,,,,,,,,,,,,,,,,,,,,,,,,,,,,,,
2119327,da970edfc64dedf7279150a068432f5364466945bc1f7dcb47b2c2bd019b944c9965be1baca3c12c9bf4d29da52ace364e2dd0913cc66cfb583487c8c1e4b8e9,07/30/2025 11:00:00 AM,1,DRIVER,,2020345,,UNKNOWN,OTHER (EXPLAIN IN NARRATIVE),,,UNKNOWN,UNKNOWN/NA,UNKNOWN/NA,UNKNOWN,UNKNOWN/NA,,,1,,,,,,,,,,,,,,,,,,UNKNOWN,,,,,,,,,,,,,,,,,,,,,,,,,,,,,,,,,
2117591,7e01e9d6db5645de6a4bd83401712c8f02484a3806cc497e74a80b693730cf40182ef507841c71a2a9326ca72ecfa76ebee76fc80a145bae0148bd37bcd54a4f,07/30/2025 10:50:00 AM,1,DRIVER,,2018659,,FORD,CLUB WAGON,IL,2020,NONE,VAN/MINI-VAN,OTHER,W,STRAIGHT AHEAD,,,1,,,,,,,,,,,,,,Y,,,,FRONT-LEFT-CORNER,,,,,,,,,,,,,,,,,,,,,,,,,,,,,,,,,
2117592,7e01e9d6db5645de6a4bd83401712c8f02484a3806cc497e74a80b693730cf40182ef507841c71a2a9326ca72ecfa76ebee76fc80a145bae0148bd37bcd54a4f,07/30/2025 10:50:00 AM,2,DRIVER,,2018668,,HONDA,CR-V,IL,2016,NONE,PASSENGER,PERSONAL,W,STRAIGHT AHEAD,,,1,,,,,,Y,,,,,,,,,,,,FRONT-RIGHT-CORNER,,,,,,,,,,,,,,,,,,,,,,,,,,,,,,,,,
2117647,1502527fffa13920cfa3ae340422808f431ed7c5e86a42cdf21ea0e77aeac6df751c120543e0003b6c9f8d5c308ed0d3bd5bdae6eb21eb29dfa9ccc3aaa1df91,07/30/2025 10:48:00 AM,1,DRIVER,,2018732,,HYUNDAI,ELANTRA,IL,2017,NONE,PASSENGER,PERSONAL,SE,BACKING,,,1,,,,Y,,,,,,,,,,,,,,UNKNOWN,,,,,,,,,,,,,,,,,,,,,,,,,,,,,,,,,
2117648,1502527fffa13920cfa3ae340422808f431ed7c5e86a42cdf21ea0e77aeac6df751c120543e0003b6c9f8d5c308ed0d3bd5bdae6eb21eb29dfa9ccc3aaa1df91,07/30/2025 10:48:00 AM,2,PEDESTRIAN,,,,,,,,,,,,,,,,,,,,,,,,,,,,,,,,,,,,,,,,,,,,,,,,,,,,,,,,,,,,,,,,,,
2117605,703f85dbae423fe6425c7cca9da1bed154145e414f64cf4ffde963395c53627781ca2de63b7f540bd0db2f9468b0045e3dc99ead2b39716e602666debe2f6996,07/30/2025 10:43:00 AM,1,DRIVER,,2018678,,CHEVROLET,MALIBU,IL,2012,UNKNOWN,PASSENGER,PERSONAL,W,STRAIGHT AHEAD,,,1,,,,,Y,,,,,,,,,,Y,Y,,FRONT,,,,,,,,,,,,,,,,,,,,,,,,,,,,,,,,,
2117606,703f85dbae423fe6425c7cca9da1bed154145e414f64cf4ffde963395c53627781ca2de63b7f540bd0db2f9468b0045e3dc99ead2b39716e602666debe2f6996,07/30/2025 10:43:00 AM,2,DRIVER,,2018683,,CHEVROLET,EQUINOX,IL,2026,UNKNOWN,PASSENGER,OTHER,W,SLOW/STOP IN TRAFFIC,,,1,,,,,,,,,Y,Y,Y,,,,,,,REAR,,,,,,,,,,,,,,,,,,,,,,,,,,,,,,,,,
2117586,b57045ebbc12b433622ec948f5f00945cfbe94e0470f9f4fa14c91dea7f649b81b6b74b872a3cb6097224b9961763bb4db5178e92ecf3a4f3b9c836813755234,07/30/2025 10:39:00 AM,1,DRIVER,,2018665,,TOYOTA,PRIUS,IL,2012,UNKNOWN,PASSENGER,TAXI/FOR HIRE,W,STRAIGHT AHEAD,,,1,,,,,,,,,,,,,,Y,Y,,,FRONT-LEFT-CORNER,,,,,,,,,,,,,,,,,,,,,,,,,,,,,,,,,
2117587,b57045ebbc12b433622ec948f5f00945cfbe94e0470f9f4fa14c91dea7f649b81b6b74b872a3cb6097224b9961763bb4db5178e92ecf3a4f3b9c836813755234,07/30/2025 10:39:00 AM,2,DRIVER,,2019308,,KIA,TELLURIDE,IL,2022,UNKNOWN,PASSENGER,PERSONAL,W,STRAIGHT AHEAD,,,1,,,,,,,,Y,Y,,,,,Y,Y,,,REAR-RIGHT-CORNER,,,,,,,,,,,,,,,,,,,,,,,,,,,,,,,,,
2117588,b57045ebbc12b433622ec948f5f00945cfbe94e0470f9f4fa14c91dea7f649b81b6b74b872a3cb6097224b9961763bb4db5178e92ecf3a4f3b9c836813755234,07/30/2025 10:39:00 AM,3,DRIVER,,2019312,,FORD,ECOSPORT,IL,2020,UNKNOWN,PASSENGER,OTHER,E,STRAIGHT AHEAD,,,1,,,,,,,,,,,,,,Y,Y,,,FRONT-LEFT-CORNER,,,,,,,,,,,,,,,,,,,,,,,,,,,,,,,,,
2117593,ea2f92f01bd571a7597209e89d60d39e6e6a5f2b04c429c6c4ee3a4a112b0acac392feb731d6a620137ca16c8c91e2ed3d50765d9718f25f456d8e2435dac90f,07/30/2025 10:35:00 AM,1,DRIVER,,2018667,Y,FREIGHTLINER CORPORATION,FREIGHTLINER CORP.,IL,2019,NONE,TRACTOR W/ SEMI-TRAILER,COMMERCIAL - SINGLE UNIT,NE,BACKING,,,1,,,,,,,,,Y,Y,Y,,,,,,,REAR,"21,913",2931850,,,SIDE OF TRUCK,3,ACE TRANSFORMATION,IL,,,,,U,U,,U,,U,U,,,,,,,,,TRACTOR/SEMI-TRAILER,VAN/ENCLOSED BOX,UNKNOWN,N,N,
2117594,ea2f92f01bd571a7597209e89d60d39e6e6a5f2b04c429c6c4ee3a4a112b0acac392feb731d6a620137ca16c8c91e2ed3d50765d9718f25f456d8e2435dac90f,07/30/2025 10:35:00 AM,2,DRIVER,,2018674,,TOYOTA,TACOMA,IL,2022,NONE,PICKUP,PERSONAL,S,SLOW/STOP IN TRAFFIC,,,1,,,,,Y,,,,,,,,,,Y,Y,,FRONT,,,,,,,,,,,,,,,,,,,,,,,,,,,,,,,,,
2118359,1188b3f716b2a6fc936d2182eba3b2b0a872c6cd14adc5775b602e380aa5747c2fb33f18892f8d4c975b6667beb261a338750909c60d5aab7fc3bff7c310421e,07/30/2025 10:30:00 AM,1,DRIVER,,2019419,,ACURA,RLX,IL,2005,UNKNOWN,SPORT UTILITY VEHICLE (SUV),UNKNOWN/NA,E,STRAIGHT AHEAD,,,1,,,,,,,,,,,,,,,,,Y,FRONT,,,,,,,,,,,,,,,,,,,,,,,,,,,,,,,,,
2118360,1188b3f716b2a6fc936d2182eba3b2b0a872c6cd14adc5775b602e380aa5747c2fb33f18892f8d4c975b6667beb261a338750909c60d5aab7fc3bff7c310421e,07/30/2025 10:30:00 AM,2,DRIVER,,2019412,,NISSAN,VERSA,IL,2012,NONE,SPORT UTILITY VEHICLE (SUV),PERSONAL,E,SLOW/STOP IN TRAFFIC,,,1,,,,,,,,,,Y,,,,,,,,REAR,,,,,,,,,,,,,,,,,,,,,,,,,,,,,,,,,
2117611,1d6136f650bc3486f164d6322466b740ce0852a0363d9e1addaf7f32e01b86b25d8260caa3b5cc930846ca7394c078ab42d0773d50c9b154e178fda76f7c124b,07/30/2025 10:30:00 AM,1,DRIVER,,2020046,,FORD,ECONOLINE 100,AZ,2017,NONE,TRUCK - SINGLE UNIT,PERSONAL,N,STRAIGHT AHEAD,,,1,,,,,,,,,,,,,,Y,,,,SIDE-LEFT,,,,,,,,,,,,,,,,,,,,,,,,,,,,,,,,,
2117612,1d6136f650bc3486f164d6322466b740ce0852a0363d9e1addaf7f32e01b86b25d8260caa3b5cc930846ca7394c078ab42d0773d50c9b154e178fda76f7c124b,07/30/2025 10:30:00 AM,2,DRIVER,,2020048,,UNKNOWN,OTHER (EXPLAIN IN NARRATIVE),,,UNKNOWN,UNKNOWN/NA,UNKNOWN/NA,N,UNKNOWN/NA,,,1,,,,,,,,,,,,,,,,,Y,UNKNOWN,,,,,,,,,,,,,,,,,,,,,,,,,,,,,,,,,
2118495,aa29f596ce77ff17b8e59ae391b9b4d5d15a904be67c4e5828718752ad14936a6c68627f1ed99c50ede52533a78013293f8c4b8afda54415dae2e154a9ae9f01,07/30/2025 10:30:00 AM,1,DRIVER,,2019537,,UNKNOWN,OTHER (EXPLAIN IN NARRATIVE),,,UNKNOWN,UNKNOWN/NA,UNKNOWN/NA,UNKNOWN,STRAIGHT AHEAD,,,1,,,,,,,,,,,,,,,,,Y,UNKNOWN,,,,,,,,,,,,,,,,,,,,,,,,,,,,,,,,,
2118496,aa29f596ce77ff17b8e59ae391b9b4d5d15a904be67c4e5828718752ad14936a6c68627f1ed99c50ede52533a78013293f8c4b8afda54415dae2e154a9ae9f01,07/30/2025 10:30:00 AM,2,PARKED,,2019545,,CHEVROLET,TRAIL BLAZER,IL,2023,UNKNOWN,PASSENGER,UNKNOWN/NA,S,PARKED,,,0,,,,,,,Y,Y,,,,,,,,,,SIDE-RIGHT-REAR,,,,,,,,,,,,,,,,,,,,,,,,,,,,,,,,,
2117632,a02048d073b9742cecb46b822f6d79d0810ca8b7b1bc8e6f1fd9be80f9f436b156a1b248936926355d1ac44656e862ccce4ba473f34ad518860b032406f51f64,07/30/2025 10:25:00 AM,1,DRIVER,,2018709,,LEXUS,NX,IL,2025,NONE,PASSENGER,PERSONAL,S,STRAIGHT AHEAD,,,1,,,,,Y,Y,,,,,,,,,,Y,,FRONT-RIGHT-CORNER,,,,,,,,,,,,,,,,,,,,,,,,,,,,,,,,,
2117633,a02048d073b9742cecb46b822f6d79d0810ca8b7b1bc8e6f1fd9be80f9f436b156a1b248936926355d1ac44656e862ccce4ba473f34ad518860b032406f51f64,07/30/2025 10:25:00 AM,2,DRIVER,,2018714,,TOYOTA,AVALON,IL,2000,NONE,PASSENGER,PERSONAL,E,STRAIGHT AHEAD,,,1,,,,,,,,,,,,,,Y,Y,Y,,FRONT-LEFT-CORNER,,,,,,,,,,,,,,,,,,,,,,,,,,,,,,,,,
2117597,765a5f3a99dd2aa50568439516445c38f0d446375604405395e7fd81ad2891d0d2ff126b840b56cc8f4fc05c5162333ba320d06b8c6f6038d1ea00175ff950e0,07/30/2025 10:12:00 AM,1,DRIVER,1,2018675,,TOYOTA,CAMRY,IL,2015,NONE,PASSENGER,PERSONAL,N,PASSING/OVERTAKING,,,2,,,,,Y,,,,,,,,,,,,,FRONT-RIGHT-CORNER,,,,,,,,,,,,,,,,,,,,,,,,,,,,,,,,,
2117598,765a5f3a99dd2aa50568439516445c38f0d446375604405395e7fd81ad2891d0d2ff126b840b56cc8f4fc05c5162333ba320d06b8c6f6038d1ea00175ff950e0,07/30/2025 10:12:00 AM,2,DRIVER,,2018685,Y,"MACK TRUCKS, INC.","MACK TRUCKS, INC.",IL,2019,NONE,TRUCK - SINGLE UNIT,COMMERCIAL - SINGLE UNIT,N,TURNING RIGHT,,,1,,,,,,,,,,,Y,,,,,,,REAR-LEFT-CORNER,"21,914",3762335,,,SIDE OF TRUCK,,"LRSHOLDINGS, LLC",IL,ROSEMONT,,,,N,U,,N,,N,N,,,,,,,,3,"SINGLE UNIT TRUCK, 3 OR MORE AXLES",GARBAGE/REFUSE,OTHER,N,N,
2117569,0f4ec1d3f4215ee5e427de4a766ad05cfed54aae959f1d327da98d57fe161619df7dae048049208d3fb21ac525df8fc87ddea05b8fd439a1aca5ebc291603bca,07/30/2025 10:08:00 AM,1,DRIVER,,2018642,,GENERAL MOTORS CORPORATION (GMC),TERRAIN,IL,2013,NONE,SPORT UTILITY VEHICLE (SUV),PERSONAL,W,BACKING,,,1,,,,,,,,,Y,,,,,,,,,REAR-RIGHT-CORNER,,,,,,,,,,,,,,,,,,,,,,,,,,,,,,,,,
2117570,0f4ec1d3f4215ee5e427de4a766ad05cfed54aae959f1d327da98d57fe161619df7dae048049208d3fb21ac525df8fc87ddea05b8fd439a1aca5ebc291603bca,07/30/2025 10:08:00 AM,2,DRIVER,,2018646,,AUDI,Q5,IL,2015,NONE,SPORT UTILITY VEHICLE (SUV),PERSONAL,E,STRAIGHT AHEAD,,,1,,,,,Y,,,,,,,,,,Y,Y,,FRONT,,,,,,,,,,,,,,,,,,,,,,,,,,,,,,,,,
2117815,387bf1317b6725666b16b442a8d3590920346247bff24a228110652e79c92c9717b3a5195f86081227546dbbfd900817b83331f175b5979ada366a13a5f7adff,07/30/2025 10:00:00 AM,1,DRIVER,,2018878,,UNKNOWN,OTHER (EXPLAIN IN NARRATIVE),XX,,UNKNOWN,TRUCK - SINGLE UNIT,OTHER,NE,TURNING RIGHT,,,1,,,,,,,,,,,,,,,,,Y,UNKNOWN,,,,,,,,,,,,,,,,,,,,,,,,,,,,,,,,,
2117816,387bf1317b6725666b16b442a8d3590920346247bff24a228110652e79c92c9717b3a5195f86081227546dbbfd900817b83331f175b5979ada366a13a5f7adff,07/30/2025 10:00:00 AM,2,PARKED,,2018880,,FORD,EXPLORER,IL,2006,UNKNOWN,SPORT UTILITY VEHICLE (SUV),PERSONAL,N,PARKED,,,0,,,,,Y,,,,,,,,,,Y,Y,,FRONT-LEFT-CORNER,,,,,,,,,,,,,,,,,,,,,,,,,,,,,,,,,
2117575,fe99c5d190149bc0415a9b37b6732c42c703af60736d62f2658ef577f8a04f3034cfb8b91585a6f3f14c2c559195c57d720517291af0595f7414995f9d8000e8,07/30/2025 10:00:00 AM,1,DRIVER,1,2018652,,NISSAN,MURANO,IL,2011,NONE,PASSENGER,PERSONAL,N,CHANGING LANES,,,2,,,,,Y,Y,,,,,,,,,,Y,,FRONT-RIGHT-CORNER,,,,,,,,,,,,,,,,,,,,,,,,,,,,,,,,,
2117576,fe99c5d190149bc0415a9b37b6732c42c703af60736d62f2658ef577f8a04f3034cfb8b91585a6f3f14c2c559195c57d720517291af0595f7414995f9d8000e8,07/30/2025 10:00:00 AM,2,DRIVER,,2018656,,HONDA,CIVIC,IL,2025,NONE,PASSENGER,PERSONAL,N,STRAIGHT AHEAD,,,1,,,,,,,,,,,,Y,Y,Y,,,,SIDE-LEFT,,,,,,,,,,,,,,,,,,,,,,,,,,,,,,,,,
2117545,201100d305d555d642ebc9730c652791933f739c3f8b455f07ba45d635813f1d0ab8450577504dc527e5fd9d4fb1845f9bd9be47e47011540d1f8adcdca4a035,07/30/2025 09:55:00 AM,1,DRIVER,,2018633,,HYUNDAI,OTHER (EXPLAIN IN NARRATIVE),IL,2012,NONE,PASSENGER,PERSONAL,W,ENTERING TRAFFIC LANE FROM PARKING,,,1,,,,,N,,,,,,,,,,Y,,,FRONT-LEFT-CORNER,,,,,,,,,,,,,,,,,,,,,,,,,,,,,,,,,
2117546,201100d305d555d642ebc9730c652791933f739c3f8b455f07ba45d635813f1d0ab8450577504dc527e5fd9d4fb1845f9bd9be47e47011540d1f8adcdca4a035,07/30/2025 09:55:00 AM,2,PARKED,,2018637,,OLDSMOBILE,OTHER (EXPLAIN IN NARRATIVE),IL,2000,NONE,PASSENGER,PERSONAL,W,PARKED,,,0,,,,,Y,,,,Y,,,,,,,,,REAR-RIGHT-CORNER,,,,,,,,,,,,,,,,,,,,,,,,,,,,,,,,,
2117547,201100d305d555d642ebc9730c652791933f739c3f8b455f07ba45d635813f1d0ab8450577504dc527e5fd9d4fb1845f9bd9be47e47011540d1f8adcdca4a035,07/30/2025 09:55:00 AM,3,PARKED,,2018639,,FORD,EXPLORER,IL,,NONE,PASSENGER,POLICE,W,PARKED IN TRAFFIC LANE,,,0,,,,,,,,,,,Y,,,,,,,REAR-LEFT-CORNER,,,,,,,,,,,,,,,,,,,,,,,,,,,,,,,,,
2117577,04793962aeb09fc0837c8fd0085525256a405253f8730490f941c3b392057006c543f8c44168a03e9d4204a481c8a4fd3b537d078e77dcb3b27fde5249dcdf23,07/30/2025 09:53:00 AM,1,DRIVER,,2018651,,UNKNOWN,ENCLOSED BODY,IL,,OTHER,UNKNOWN/NA,UNKNOWN/NA,UNKNOWN,UNKNOWN/NA,,,1,,,,,,,,,,Y,,,,,,,,REAR,,,,,,,,,,,,,,,,,,,,,,,,,,,,,,,,,
2117578,04793962aeb09fc0837c8fd0085525256a405253f8730490f941c3b392057006c543f8c44168a03e9d4204a481c8a4fd3b537d078e77dcb3b27fde5249dcdf23,07/30/2025 09:53:00 AM,2,PARKED,,2018654,,NISSAN,MURANO,IL,2009,UNKNOWN,PASSENGER,NOT IN USE,W,PARKED,,,0,,,,,Y,,,,,,,,,,Y,Y,,FRONT,,,,,,,,,,,,,,,,,,,,,,,,,,,,,,,,,
2117567,f48e601007bdf1047e7a5e25d69d1933fc5cec492b6362f9d29755971eae1ce1fa34606eab535b82314cd5a496951d689d80384b3ca40dbe4e4e03117d033ed7,07/30/2025 09:50:00 AM,1,DRIVER,,2018641,,VOLVO,V60,IL,2025,NONE,PASSENGER,OTHER,W,ENTER FROM DRIVE/ALLEY,,,1,,,,,Y,,,,,,,,,,Y,Y,,FRONT,,,,,,,,,,,,,,,,,,,,,,,,,,,,,,,,,
2117568,f48e601007bdf1047e7a5e25d69d1933fc5cec492b6362f9d29755971eae1ce1fa34606eab535b82314cd5a496951d689d80384b3ca40dbe4e4e03117d033ed7,07/30/2025 09:50:00 AM,2,DRIVER,,2018645,,FORD,FUSION,IL,2016,NONE,PASSENGER,PERSONAL,N,STRAIGHT AHEAD,,,1,,,,,Y,Y,,,,,,,,,,,,FRONT-RIGHT-CORNER,,,,,,,,,,,,,,,,,,,,,,,,,,,,,,,,,
2117560,b2662d83a6f5b608542cc3e68b19a05747452fa87482294b63150b182dce68ffb6489f24b052e56413cdaefec176b91e096640557470c9706e0805f49fd52d36,07/30/2025 09:45:00 AM,1,DRIVER,,2018640,,JEEP,GRAND CHEROKEE,IL,2021,UNKNOWN,PASSENGER,PERSONAL,N,TURNING RIGHT,,,1,,,,,,,,,,,,,,Y,Y,,,FRONT-LEFT-CORNER,,,,,,,,,,,,,,,,,,,,,,,,,,,,,,,,,
2117561,b2662d83a6f5b608542cc3e68b19a05747452fa87482294b63150b182dce68ffb6489f24b052e56413cdaefec176b91e096640557470c9706e0805f49fd52d36,07/30/2025 09:45:00 AM,2,DRIVER,,2018648,,JEEP,GRAND CHEROKEE,IL,2023,UNKNOWN,PASSENGER,PERSONAL,S,TURNING LEFT,,,1,,,,,,Y,Y,Y,,,,,,,,,,SIDE-RIGHT,,,,,,,,,,,,,,,,,,,,,,,,,,,,,,,,,
2117988,eab84092f1cf6747e9cb465f861943e5a6625cbf8d2f4c3e3e8a6e82e12dca2739d0381249dba991eb2b7aca5efa043476779cb18dafad8737238a8577d4cf68,07/30/2025 09:45:00 AM,1,DRIVER,,2019044,,UNKNOWN,OTHER (EXPLAIN IN NARRATIVE),,,UNKNOWN,PASSENGER,PERSONAL,S,STRAIGHT AHEAD,,,1,,,,,,,,,,,,,,,,,,SIDE-RIGHT,,,,,,,,,,,,,,,,,,,,,,,,,,,,,,,,,
2117989,eab84092f1cf6747e9cb465f861943e5a6625cbf8d2f4c3e3e8a6e82e12dca2739d0381249dba991eb2b7aca5efa043476779cb18dafad8737238a8577d4cf68,07/30/2025 09:45:00 AM,2,PARKED,,2019047,,KIA,SOUL,IL,,UNKNOWN,PASSENGER,NOT IN USE,S,PARKED,,,0,,,,,,,,,,,,,,,,,,REAR-LEFT-CORNER,,,,,,,,,,,,,,,,,,,,,,,,,,,,,,,,,
2117595,655262f6eb5a865e97705076ef791f898a38fab38937a3af3c57d5d9ef08b3b40a4b02a050aec523e83bae55ec2c9204ad5288c449ee4110a56f853212f3240e,07/30/2025 09:43:00 AM,1,DRIVER,,2018669,,MERCEDES-BENZ,C250,MS,2014,NONE,PASSENGER,PERSONAL,W,STRAIGHT AHEAD,,,1,,,,,Y,,,,,,,,,,Y,Y,,FRONT,,,,,,,,,,,,,,,,,,,,,,,,,,,,,,,,,
2117596,655262f6eb5a865e97705076ef791f898a38fab38937a3af3c57d5d9ef08b3b40a4b02a050aec523e83bae55ec2c9204ad5288c449ee4110a56f853212f3240e,07/30/2025 09:43:00 AM,2,DRIVER,2,2018679,N,CHRYSLER,OTHER (EXPLAIN IN NARRATIVE),MO,2024,NONE,PASSENGER,PERSONAL,W,SLOW/STOP IN TRAFFIC,,,3,,,,,,,,,,Y,,,,,,,,REAR,,,,,,,,,,,,,,,,,,,,,,,,,,,,,,,,,