CRASH_UNIT_ID,CRASH_RECORD_ID,CRASH_DATE,UNIT_NO,UNIT_TYPE,NUM_PASSENGERS,VEHICLE_ID,CMRC_VEH_I,MAKE,MODEL,LIC_PLATE_STATE,VEHICLE_YEAR,VEHICLE_DEFECT,VEHICLE_TYPE,VEHICLE_USE,TRAVEL_DIRECTION,MANEUVER,TOWED_I,FIRE_I,OCCUPANT_CNT,EXCEED_SPEED_LIMIT_I,TOWED_BY,TOWED_TO,AREA_00_I,AREA_01_I,AREA_02_I,AREA_03_I,AREA_04_I,AREA_05_I,AREA_06_I,AREA_07_I,AREA_08_I,AREA_09_I,AREA_10_I,AREA_11_I,AREA_12_I,AREA_99_I,FIRST_CONTACT_POINT,CMV_ID,USDOT_NO,CCMC_NO,ILCC_NO,COMMERCIAL_SRC,GVWR,CARRIER_NAME,CARRIER_STATE,CARRIER_CITY,HAZMAT_PLACARDS_I,HAZMAT_NAME,UN_NO,HAZMAT_PRESENT_I,HAZMAT_REPORT_I,HAZMAT_REPORT_NO,MCS_REPORT_I,MCS_REPORT_NO,HAZMAT_VIO_CAUSE_CRASH_I,MCS_VIO_CAUSE_CRASH_I,IDOT_PERMIT_NO,WIDE_LOAD_I,TRAILER1_WIDTH,TRAILER2_WIDTH,TRAILER1_LENGTH,TRAILER2_LENGTH,TOTAL_VEHICLE_LENGTH,AXLE_CNT,VEHICLE_CONFIG,CARGO_BODY_TYPE,LOAD_TYPE,HAZMAT_OUT_OF_SERVICE_I,MCS_OUT_OF_SERVICE_I,HAZMAT_CLASS
2117585,20dc53467380d410fb2c05cdd936b721b105296a8c0beee203ae1e9dfa8b19b4367eb4292a429eb3cc90c23a2a35d52aa04664bd5607849f8b5900be2b64c0f3,07/30/2025 09:40:00 AM,1,DRIVER,,2018662,,VOLVO,OTHER (EXPLAIN IN NARRATIVE),IL,2023,NONE,TRACTOR W/ SEMI-TRAILER,UNKNOWN/NA,S,BACKING,,,1,,,,,,,,,Y,,,,,,,,,REAR-RIGHT-CORNER,,,,,,,,,,,,,,,,,,,,,,,,,,,,,,,,,
2117634,e68246bc02c278fd3b1939d6c0564b1da0298341848227f6e3992d280ac400b12e98cbbb7a4c15db40f58edb7aa02d1172dcccdd2be85898ee139de09b1d19d2,07/30/2025 09:38:00 AM,1,DRIVER,,2018707,,CHEVROLET,SUBURBAN,XX,,UNKNOWN,SPORT UTILITY VEHICLE (SUV),UNKNOWN/NA,UNKNOWN,STRAIGHT AHEAD,,,1,,,,,,,,,,,,,,,,,Y,UNKNOWN,,,,,,,,,,,,,,,,,,,,,,,,,,,,,,,,,
2117635,e68246bc02c278fd3b1939d6c0564b1da0298341848227f6e3992d280ac400b12e98cbbb7a4c15db40f58edb7aa02d1172dcccdd2be85898ee139de09b1d19d2,07/30/2025 09:38:00 AM,2,PARKED,,2018716,,TOYOTA,SIENNA,NJ,2022,NONE,VAN/MINI-VAN,PERSONAL,S,PARKED,,,0,,,,,,,,,,,,,,Y,Y,,,FRONT-LEFT-CORNER,,,,,,,,,,,,,,,,,,,,,,,,,,,,,,,,,
2117960,2bcb2992345c4dc0f79e7d195e4acbed8e79b0b5633278a681a7bed1cf44b48451a43181595880063a0b3e13584052740a982ab6288e9a8b151b101e69b48cd7,07/30/2025 09:30:00 AM,1,DRIVER,,2019034,,HONDA,CR-V,FL,2020,NONE,SPORT UTILITY VEHICLE (SUV),PERSONAL,S,CHANGING LANES,,,1,,,,,Y,Y,Y,,,,,,,,,,,SIDE-RIGHT,,,,,,,,,,,,,,,,,,,,,,,,,,,,,,,,,
2117961,2bcb2992345c4dc0f79e7d195e4acbed8e79b0b5633278a681a7bed1cf44b48451a43181595880063a0b3e13584052740a982ab6288e9a8b151b101e69b48cd7,07/30/2025 09:30:00 AM,2,DRIVER,,2019057,,NISSAN,ALTIMA,IL,2013,NONE,PASSENGER,PERSONAL,S,STRAIGHT AHEAD,,,1,,,,,,,,,,,,Y,Y,Y,,,,SIDE-LEFT,,,,,,,,,,,,,,,,,,,,,,,,,,,,,,,,,
2118361,42fb6aba28f4edbd81f91d5edd8be1835ffa479f19a82e39b816bafbfab493022a9a053dbfa53e91ca9f905e1d6e8e4770058c4b9fd52dc459068df5ab9e88ab,07/30/2025 09:30:00 AM,1,DRIVER,,2019424,,HYUNDAI,OTHER (EXPLAIN IN NARRATIVE),IL,2010,UNKNOWN,UNKNOWN/NA,UNKNOWN/NA,NW,U-TURN,,,1,,,,,,,,,,,,,,,,,Y,UNKNOWN,,,,,,,,,,,,,,,,,,,,,,,,,,,,,,,,,
2118362,42fb6aba28f4edbd81f91d5edd8be1835ffa479f19a82e39b816bafbfab493022a9a053dbfa53e91ca9f905e1d6e8e4770058c4b9fd52dc459068df5ab9e88ab,07/30/2025 09:30:00 AM,2,PARKED,,2019432,,TOYOTA,TACOMA,IL,2023,NONE,PICKUP,PERSONAL,W,PARKED,,,0,,,,,,,,,,,Y,,,,,,,REAR-LEFT-CORNER,,,,,,,,,,,,,,,,,,,,,,,,,,,,,,,,,
2117589,76986f0e2a0009633a1a5be289bf918b887db5c1e4d47554b5da78c7a634f68d209ce01ee21b77021b12710d60a34fbbcc39457bd1bb33cc7dfe84392d53a922,07/30/2025 09:25:00 AM,1,DRIVER,,2018660,,HYUNDAI,ELANTRA,IL,2016,NONE,PASSENGER,OTHER,S,TURNING LEFT,Y,,1,,PRIVATE,,,Y,Y,Y,,,,,,Y,Y,Y,Y,,FRONT-RIGHT-CORNER,,,,,,,,,,,,,,,,,,,,,,,,,,,,,,,,,
2117590,76986f0e2a0009633a1a5be289bf918b887db5c1e4d47554b5da78c7a634f68d209ce01ee21b77021b12710d60a34fbbcc39457bd1bb33cc7dfe84392d53a922,07/30/2025 09:25:00 AM,2,DRIVER,,2018670,,HONDA,ODYSSEY,IL,2015,NONE,VAN/MINI-VAN,PERSONAL,E,STRAIGHT AHEAD,,,1,,,,,Y,,,,,,,,,Y,Y,Y,,FRONT-LEFT-CORNER,,,,,,,,,,,,,,,,,,,,,,,,,,,,,,,,,
2117535,c63252ef5c95ee0de86134299e613c6229da210ed2f4313796022af64a1970bc68f773b1508e9de54fcfa49e1fa1dba5257bdf265de06a16160e720721b54664,07/30/2025 09:15:00 AM,1,DRIVER,,2018620,,FORD,TRANSIT,IL,2015,NONE,OTHER,PERSONAL,E,TURNING RIGHT,,,1,,,,Y,,Y,Y,,,,,,,,,,,FRONT-RIGHT-CORNER,,,,,,,,,,,,,,,,,,,,,,,,,,,,,,,,,
2117536,c63252ef5c95ee0de86134299e613c6229da210ed2f4313796022af64a1970bc68f773b1508e9de54fcfa49e1fa1dba5257bdf265de06a16160e720721b54664,07/30/2025 09:15:00 AM,2,BICYCLE,,,,,,,,,,,,,,,,,,,,,,,,,,,,,,,,,,,,,,,,,,,,,,,,,,,,,,,,,,,,,,,,,,
2117580,03391d5b5dc989f4451ed44b0ae07ecc077d77a4a0942ee97667d6157c4c4201e782d3e47b73ceca28331b53eb5222f23f255a440068cdaf117d3826a017b1f9,07/30/2025 09:10:00 AM,2,PARKED,,2018658,,CHEVROLET,MALIBU,IL,2011,OTHER,PASSENGER,PERSONAL,N,PARKED,,,0,,,,,,,,,,Y,,,,,,Y,,FRONT,,,,,,,,,,,,,,,,,,,,,,,,,,,,,,,,,
2117581,03391d5b5dc989f4451ed44b0ae07ecc077d77a4a0942ee97667d6157c4c4201e782d3e47b73ceca28331b53eb5222f23f255a440068cdaf117d3826a017b1f9,07/30/2025 09:10:00 AM,3,PARKED,,2018661,,BUICK,LACROSSE,IL,2015,UNKNOWN,PASSENGER,PERSONAL,N,PARKED,,,0,,,,,,,,,,,,,,,,Y,,FRONT,,,,,,,,,,,,,,,,,,,,,,,,,,,,,,,,,
2117584,03391d5b5dc989f4451ed44b0ae07ecc077d77a4a0942ee97667d6157c4c4201e782d3e47b73ceca28331b53eb5222f23f255a440068cdaf117d3826a017b1f9,07/30/2025 09:10:00 AM,1,DRIVER,,2018655,,CHRYSLER,300,IL,2010,UNKNOWN,PASSENGER,UNKNOWN/NA,S,BACKING,,,1,,,,,,,,,,,,,,,,,,REAR,,,,,,,,,,,,,,,,,,,,,,,,,,,,,,,,,
2117502,b20c7467fde00aa4f4a25b438093d71be3e2034a5f6162c311ecf87ce2daaf4bec8fe60bb8a3ba674cfffef7321ba280411b3fd5efe9b3df84507571e729a51c,07/30/2025 09:07:00 AM,1,DRIVER,1,2018584,,NISSAN,PATHFINDER,IL,,UNKNOWN,SPORT UTILITY VEHICLE (SUV),UNKNOWN/NA,W,SLOW/STOP IN TRAFFIC,,,2,,,,Y,,,,,,,,,,,,Y,,FRONT,,,,,,,,,,,,,,,,,,,,,,,,,,,,,,,,,
2117503,b20c7467fde00aa4f4a25b438093d71be3e2034a5f6162c311ecf87ce2daaf4bec8fe60bb8a3ba674cfffef7321ba280411b3fd5efe9b3df84507571e729a51c,07/30/2025 09:07:00 AM,2,DRIVER,,2018596,,HONDA,HR-V,IL,,NONE,PASSENGER,PERSONAL,W,SLOW/STOP IN TRAFFIC,,,1,,,,,,,,,,Y,,,,,,,,REAR,,,,,,,,,,,,,,,,,,,,,,,,,,,,,,,,,
2117527,c159d98cbd9537d31fcfe585c6ff8232c94d20e7513fe692f45fd6230622b50d58438e2cb29fd6f34747d0760f619cc880f7f85aadfd0e3d6f4474dca8e639bf,07/30/2025 09:06:00 AM,1,DRIVER,,2018610,,HYUNDAI,ELANTRA,IL,2019,NONE,PASSENGER,PERSONAL,E,OTHER,,,1,,,,,,,,,,,,,Y,Y,,,,SIDE-LEFT-FRONT,,,,,,,,,,,,,,,,,,,,,,,,,,,,,,,,,
2117528,c159d98cbd9537d31fcfe585c6ff8232c94d20e7513fe692f45fd6230622b50d58438e2cb29fd6f34747d0760f619cc880f7f85aadfd0e3d6f4474dca8e639bf,07/30/2025 09:06:00 AM,2,BICYCLE,,,,,,,,,,,,,,,,,,,,,,,,,,,,,,,,,,,,,,,,,,,,,,,,,,,,,,,,,,,,,,,,,,
2117531,0639e39fdddac4553e2714de3c5b119f69ae6940726a96227e52ed56e9788e52da2c16e46447f2f74b200a2831da7104856b1c06b6a8c7923d9934cc3d749121,07/30/2025 09:00:00 AM,1,DRIVER,,2018612,,TOYOTA,COROLLA,IL,2011,NONE,PASSENGER,PERSONAL,E,STRAIGHT AHEAD,,,1,,,,,,,,,,,,,,,,Y,,FRONT,,,,,,,,,,,,,,,,,,,,,,,,,,,,,,,,,
2117532,0639e39fdddac4553e2714de3c5b119f69ae6940726a96227e52ed56e9788e52da2c16e46447f2f74b200a2831da7104856b1c06b6a8c7923d9934cc3d749121,07/30/2025 09:00:00 AM,2,DRIVER,,2018614,,KIA,SOUL,IL,2024,NONE,PASSENGER,PERSONAL,E,STRAIGHT AHEAD,,,1,,,,,,,,,,Y,,,,,,,,REAR,,,,,,,,,,,,,,,,,,,,,,,,,,,,,,,,,
2118845,e98fd18e5ec78a4a3e64c704d44d61e772585f3af7f237b713b1957171c34fe6fb4a2983735e4f5bdbae4bdccb325d1a6dd4de2c76129ca7b4518c302a7fba30,07/30/2025 09:00:00 AM,1,DRIVER,,2019868,,UNKNOWN,OTHER (EXPLAIN IN NARRATIVE),IL,,UNKNOWN,UNKNOWN/NA,UNKNOWN/NA,W,UNKNOWN/NA,,,1,,,,,,,,,,,,,,,,,Y,SIDE-LEFT,,,,,,,,,,,,,,,,,,,,,,,,,,,,,,,,,
2118846,e98fd18e5ec78a4a3e64c704d44d61e772585f3af7f237b713b1957171c34fe6fb4a2983735e4f5bdbae4bdccb325d1a6dd4de2c76129ca7b4518c302a7fba30,07/30/2025 09:00:00 AM,2,PARKED,,2019873,,NISSAN,ROGUE,WI,2017,NONE,PASSENGER,NOT IN USE,W,PARKED,,,0,,,,,,,,,Y,,,,,,,,,REAR-RIGHT-CORNER,,,,,,,,,,,,,,,,,,,,,,,,,,,,,,,,,
2117522,f09742592103290393fd28c058462cb67fa19140320cb2142cc941e07d5bbe22671febe5ea390df6247697e70a10d5f662ecec3ec43476005a2cdf329f84061f,07/30/2025 09:00:00 AM,1,DRIVER,,2018609,,JEEP,PATRIOT,IL,2011,NONE,PASSENGER,PERSONAL,W,STRAIGHT AHEAD,,,1,,,,,,,,,,,,,,,,,Y,FRONT,,,,,,,,,,,,,,,,,,,,,,,,,,,,,,,,,
2117523,f09742592103290393fd28c058462cb67fa19140320cb2142cc941e07d5bbe22671febe5ea390df6247697e70a10d5f662ecec3ec43476005a2cdf329f84061f,07/30/2025 09:00:00 AM,2,DRIVER,1,2018626,,VOLKSWAGEN,ATLAS,IL,2024,NONE,PASSENGER,RIDESHARE SERVICE,W,SLOW/STOP IN TRAFFIC,,,2,,,,,,,,,Y,Y,Y,,,,,,,REAR,,,,,,,,,,,,,,,,,,,,,,,,,,,,,,,,,
2117504,b6c36b1a532afdb213d8c8ab400c11cdf590b515cfb503ed58623407dcdea7e52fd3d3874fa66361ed18255bb6a60b4e38a8e74291ab37f363aea1f7b339b90b,07/30/2025 08:59:00 AM,1,DRIVER,,2018585,,CHEVROLET,TRAVERSE,IL,2020,NONE,SPORT UTILITY VEHICLE (SUV),PERSONAL,E,STRAIGHT AHEAD,,,1,,,,,Y,,,,,,,,,,Y,Y,,FRONT,,,,,,,,,,,,,,,,,,,,,,,,,,,,,,,,,
2117505,b6c36b1a532afdb213d8c8ab400c11cdf590b515cfb503ed58623407dcdea7e52fd3d3874fa66361ed18255bb6a60b4e38a8e74291ab37f363aea1f7b339b90b,07/30/2025 08:59:00 AM,2,DRIVER,,2018589,,FREIGHTLINER CORPORATION,OTHER (EXPLAIN IN NARRATIVE),IL,2025,NONE,TRUCK - SINGLE UNIT,TOW TRUCK,E,STRAIGHT AHEAD,,,1,,,,,,,,,,,,,,,,,Y,REAR,,,,,,,,,,,,,,,,,,,,,,,,,,,,,,,,,
2117515,4063839d931fb65e5bca9814f0ee69a045270132e4b50305fc61c110536de799c16016dbaa8e53d8f58cafeffd4bbb3b49f8c4cf3cc30b8687c10c695dfcddb1,07/30/2025 08:57:00 AM,1,DRIVER,1,2018593,,KIA,SEDONA,IL,2016,NONE,VAN/MINI-VAN,PERSONAL,W,SKIDDING/CONTROL LOSS,,,2,,,,,,,,,,,Y,Y,Y,Y,Y,,,SIDE-LEFT,,,,,,,,,,,,,,,,,,,,,,,,,,,,,,,,,
2117565,375f556e0f99666abeb5495cf00fe567b59c97a4bd783d37ba5f8c810bc2e624888a11fd3077f12cabd95286836ddcb0084664420338f0a356d4c2cbc90f9c4d,07/30/2025 08:52:00 AM,1,DRIVER,,2018643,,HYUNDAI,VENUE,IL,2023,UNKNOWN,PASSENGER,PERSONAL,N,TURNING LEFT,Y,,1,,PRIVATE TOW,,,,,,,,,,Y,Y,Y,Y,Y,,SIDE-LEFT,,,,,,,,,,,,,,,,,,,,,,,,,,,,,,,,,
2117566,375f556e0f99666abeb5495cf00fe567b59c97a4bd783d37ba5f8c810bc2e624888a11fd3077f12cabd95286836ddcb0084664420338f0a356d4c2cbc90f9c4d,07/30/2025 08:52:00 AM,2,DRIVER,4,2018647,,CHEVROLET,TAHOE,IL,2011,UNKNOWN,SPORT UTILITY VEHICLE (SUV),PERSONAL,N,STRAIGHT AHEAD,Y,,5,,PRIVATE TOW,,,Y,Y,,,,,,,,,,Y,,SIDE-RIGHT,,,,,,,,,,,,,,,,,,,,,,,,,,,,,,,,,
2118742,f40a42b883b32f17371267ec97d90883ad2ccee7a69c660e6b316e9bed1e6566d397965ff26f9e84b13e638a7d0fc3ea4506d7d290c7d531e8578c98292ef700,07/30/2025 08:40:00 AM,1,DRIVER,,2019772,N,UNKNOWN,OTHER (EXPLAIN IN NARRATIVE),IL,2025,UNKNOWN,TRUCK - SINGLE UNIT,UNKNOWN/NA,E,PASSING/OVERTAKING,,,1,,,,,,,,,,,,,,,,,Y,SIDE-LEFT,,,,,,,,,,,,,,,,,,,,,,,,,,,,,,,,,
2118743,f40a42b883b32f17371267ec97d90883ad2ccee7a69c660e6b316e9bed1e6566d397965ff26f9e84b13e638a7d0fc3ea4506d7d290c7d531e8578c98292ef700,07/30/2025 08:40:00 AM,2,DRIVER,,2019802,,JEEP,LIBERTY,IL,2011,NONE,PASSENGER,PERSONAL,E,STRAIGHT AHEAD,,,1,,,,,Y,Y,Y,Y,Y,,,,,,,,,SIDE-RIGHT,,,,,,,,,,,,,,,,,,,,,,,,,,,,,,,,,
2117511,f51e9e23f51a7b9dc6468911c9c0f5f86534d88c520c6480146474065827d8fa88164f5ce8c92de95669813eae1c15da35c87ebaf51919e2678f3f3ddf5128b1,07/30/2025 08:35:00 AM,1,DRIVER,2,2018591,,HONDA,CR-V,OH,2012,NONE,PASSENGER,PERSONAL,N,ENTERING TRAFFIC LANE FROM PARKING,,,3,,,,,,,,,,,Y,Y,,,,,,SIDE-LEFT-REAR,,,,,,,,,,,,,,,,,,,,,,,,,,,,,,,,,
2117512,f51e9e23f51a7b9dc6468911c9c0f5f86534d88c520c6480146474065827d8fa88164f5ce8c92de95669813eae1c15da35c87ebaf51919e2678f3f3ddf5128b1,07/30/2025 08:35:00 AM,2,DRIVER,,2018606,,HONDA,CR-V,IL,2018,NONE,PASSENGER,PERSONAL,N,STRAIGHT AHEAD,,,1,,,,,,,,Y,Y,,,,,,,,,SIDE-RIGHT-REAR,,,,,,,,,,,,,,,,,,,,,,,,,,,,,,,,,
2117863,ff490b44c1c7baea5d6bb3c061aa739a4a70233fd802575e244caf9cd44d000deac7e94d286f9b009945aed57d7d01cebc8a533e1a1a45ea4c9fa04a19f9e3d8,07/30/2025 08:30:00 AM,1,DRIVER,,2018913,,UNKNOWN,OTHER (EXPLAIN IN NARRATIVE),,,UNKNOWN,UNKNOWN/NA,UNKNOWN/NA,UNKNOWN,UNKNOWN/NA,,,1,,,,,,,,,,,,,,,,,Y,UNKNOWN,,,,,,,,,,,,,,,,,,,,,,,,,,,,,,,,,
2117864,ff490b44c1c7baea5d6bb3c061aa739a4a70233fd802575e244caf9cd44d000deac7e94d286f9b009945aed57d7d01cebc8a533e1a1a45ea4c9fa04a19f9e3d8,07/30/2025 08:30:00 AM,2,PARKED,,2018926,,HYUNDAI,KONA,IL,2023,UNKNOWN,PASSENGER,PERSONAL,N,PARKED,Y,,0,,private tow,,,Y,,,,,,,,,Y,Y,Y,,FRONT,,,,,,,,,,,,,,,,,,,,,,,,,,,,,,,,,
2117485,df1085fd0296d66a0682da52303bc45cf2f0d98b8bd5ada3cb4ddd76e111cce0342dfdcf5e71a62f0539ee310fcc053c0b31f07ad27cd06880aedf7574f53e91,07/30/2025 08:26:00 AM,1,DRIVER,,2018571,,UNKNOWN,OTHER (EXPLAIN IN NARRATIVE),IL,,UNKNOWN,PASSENGER,UNKNOWN/NA,N,STRAIGHT AHEAD,,,1,,,,,,,,,,,,,,,,,,UNKNOWN,,,,,,,,,,,,,,,,,,,,,,,,,,,,,,,,,
2117486,df1085fd0296d66a0682da52303bc45cf2f0d98b8bd5ada3cb4ddd76e111cce0342dfdcf5e71a62f0539ee310fcc053c0b31f07ad27cd06880aedf7574f53e91,07/30/2025 08:26:00 AM,2,DRIVER,,2018572,,CHEVROLET,TRAVERSE,IL,2015,NONE,PASSENGER,PERSONAL,N,STRAIGHT AHEAD,,,1,,,,,,,,Y,Y,,,,,,Y,,,SIDE-RIGHT-REAR,,,,,,,,,,,,,,,,,,,,,,,,,,,,,,,,,
2117487,df1085fd0296d66a0682da52303bc45cf2f0d98b8bd5ada3cb4ddd76e111cce0342dfdcf5e71a62f0539ee310fcc053c0b31f07ad27cd06880aedf7574f53e91,07/30/2025 08:26:00 AM,3,PARKED,,2018575,,HONDA,CR-V,IL,2021,NONE,PASSENGER,PERSONAL,S,PARKED,,,0,,,,,,,,,Y,Y,Y,,,,Y,Y,,FRONT-LEFT-CORNER,,,,,,,,,,,,,,,,,,,,,,,,,,,,,,,,,
2117488,df1085fd0296d66a0682da52303bc45cf2f0d98b8bd5ada3cb4ddd76e111cce0342dfdcf5e71a62f0539ee310fcc053c0b31f07ad27cd06880aedf7574f53e91,07/30/2025 08:26:00 AM,4,PARKED,,2018581,,DODGE,RAM 1500 PU,IL,1995,NONE,PICKUP,PERSONAL,S,PARKED,,,0,,,,,Y,,,,Y,Y,Y,,,,Y,Y,,FRONT,,,,,,,,,,,,,,,,,,,,,,,,,,,,,,,,,
2117489,df1085fd0296d66a0682da52303bc45cf2f0d98b8bd5ada3cb4ddd76e111cce0342dfdcf5e71a62f0539ee310fcc053c0b31f07ad27cd06880aedf7574f53e91,07/30/2025 08:26:00 AM,5,PARKED,,2018587,,CHEVROLET,TRAVERSE,IL,2011,NONE,PASSENGER,PERSONAL,S,PARKED,,,0,,,,,Y,,,,,,,,,,Y,Y,,FRONT,,,,,,,,,,,,,,,,,,,,,,,,,,,,,,,,,
2117573,e8151434adb454bbbf0f41786813daf98098bd6f63fff75330328ec0161b6413ead1f3754bcfb5bb893acdb47159ffc6f62f2dda969c11d015669251f0c7fed5,07/30/2025 08:26:00 AM,1,DRIVER,,2018650,,TESLA,MODEL 3,IL,2019,NONE,PASSENGER,PERSONAL,S,TURNING LEFT,,,1,,,,Y,Y,,,,,,,,,,,,,UNKNOWN,,,,,,,,,,,,,,,,,,,,,,,,,,,,,,,,,
2117574,e8151434adb454bbbf0f41786813daf98098bd6f63fff75330328ec0161b6413ead1f3754bcfb5bb893acdb47159ffc6f62f2dda969c11d015669251f0c7fed5,07/30/2025 08:26:00 AM,2,DRIVER,1,2018653,,HONDA,CR-V,IL,2024,NONE,PASSENGER,PERSONAL,S,TURNING LEFT,,,2,,,,N,,,,,,,,,Y,,,,,SIDE-LEFT,,,,,,,,,,,,,,,,,,,,,,,,,,,,,,,,,
2117495,3f0c72f432f67281eb5baf3153c6ef15f4e02e35aa1f7f6fae76ef483b5f488c927794d8edfde2b323aae94de27ff1af1bc68f1aaaea05af18436e45c9707eb0,07/30/2025 08:25:00 AM,1,DRIVER,,2018579,,BMW,OTHER (EXPLAIN IN NARRATIVE),UT,2011,NONE,SPORT UTILITY VEHICLE (SUV),PERSONAL,S,STRAIGHT AHEAD,,,1,,,,,Y,,,,,,,,,,Y,Y,,FRONT,,,,,,,,,,,,,,,,,,,,,,,,,,,,,,,,,
2117496,3f0c72f432f67281eb5baf3153c6ef15f4e02e35aa1f7f6fae76ef483b5f488c927794d8edfde2b323aae94de27ff1af1bc68f1aaaea05af18436e45c9707eb0,07/30/2025 08:25:00 AM,2,DRIVER,1,2018592,,LEXUS,ES,IL,2013,NONE,PASSENGER,NOT IN USE,S,SLOW/STOP IN TRAFFIC,,,2,,,,,,,,,Y,Y,,,,,,,,REAR,,,,,,,,,,,,,,,,,,,,,,,,,,,,,,,,,
2117497,cccfd2c5b794b513f07716cccf6854466ec1332d4dc36a8c70f73eb92b5ebba352515eab6eb2f11bec7230070578187d6e2c5b85375922ec35f805cc940baca7,07/30/2025 08:25:00 AM,1,DRIVER,,2018574,,CHEVROLET,MALIBU,IN,,UNKNOWN,PASSENGER,UNKNOWN/NA,E,TURNING RIGHT,,,1,,,,,N,,,,,,,,,,,,Y,SIDE-RIGHT,,,,,,,,,,,,,,,,,,,,,,,,,,,,,,,,,
2117498,cccfd2c5b794b513f07716cccf6854466ec1332d4dc36a8c70f73eb92b5ebba352515eab6eb2f11bec7230070578187d6e2c5b85375922ec35f805cc940baca7,07/30/2025 08:25:00 AM,2,DRIVER,,2018583,,HYUNDAI,TUCSON,IL,2014,NONE,PASSENGER,PERSONAL,S,STRAIGHT AHEAD,,,1,,,,,,,,,Y,,,,,,,,,REAR-RIGHT-CORNER,,,,,,,,,,,,,,,,,,,,,,,,,,,,,,,,,
2117508,d90beaecd7095080e0355fdfea3351ab655c78059ee5337740abe5f41320188a2d3a9d12ca6feac0649ca2d221fa1c9a552ca6e5c5987dc22dfe9b91c91dc4cf,07/30/2025 08:15:00 AM,1,DRIVER,2,2018601,,TOYOTA,OTHER (EXPLAIN IN NARRATIVE),IL,2014,UNKNOWN,PASSENGER,PERSONAL,E,TURNING RIGHT,,,3,,,,,,Y,Y,Y,,,,,,,,,,SIDE-RIGHT,,,,,,,,,,,,,,,,,,,,,,,,,,,,,,,,,
2117509,d90beaecd7095080e0355fdfea3351ab655c78059ee5337740abe5f41320188a2d3a9d12ca6feac0649ca2d221fa1c9a552ca6e5c5987dc22dfe9b91c91dc4cf,07/30/2025 08:15:00 AM,2,DRIVER,1,2018608,,CADILLAC,OTHER (EXPLAIN IN NARRATIVE),IL,,NONE,SPORT UTILITY VEHICLE (SUV),PERSONAL,E,STRAIGHT AHEAD,,,2,,,,,Y,,,,,,,,,Y,Y,Y,,FRONT,,,,,,,,,,,,,,,,,,,,,,,,,,,,,,,,,
2117520,08c336a4677f7a5aa40afa728a70dc702d4821f374074126b0dfd7b1b0505911ef61c45dc56507a81021098d2e997cb5915d0b00bfcaa24e8bc26576325a21c6,07/30/2025 08:10:00 AM,1,DRIVER,,2018602,,TOYOTA,4RUNNER,IL,2008,UNKNOWN,SPORT UTILITY VEHICLE (SUV),PERSONAL,N,STARTING IN TRAFFIC,,,1,,,,,,,,,,,,,,,,Y,,FRONT,,,,,,,,,,,,,,,,,,,,,,,,,,,,,,,,,
2117521,08c336a4677f7a5aa40afa728a70dc702d4821f374074126b0dfd7b1b0505911ef61c45dc56507a81021098d2e997cb5915d0b00bfcaa24e8bc26576325a21c6,07/30/2025 08:10:00 AM,2,DRIVER,1,2018607,,TOYOTA,AVALON,IL,2021,NONE,PASSENGER,PERSONAL,E,STRAIGHT AHEAD,,,2,,,,,Y,Y,Y,Y,Y,,,,,,,,,SIDE-RIGHT-FRONT,,,,,,,,,,,,,,,,,,,,,,,,,,,,,,,,,
2117471,c837c042c11b55e8a949a2896f806a8f71ab5bc1e5dff1761d10ca58fa6f76f57e030e1ae6c62ffbea8a4a9612ebd16b0d47325c849467da8131176b675a5963,07/30/2025 08:10:00 AM,1,DRIVER,,2018556,,KIA,SORENTO,IL,2025,NONE,PASSENGER,PERSONAL,E,TURNING RIGHT,,,1,,,,,Y,Y,,,,,,,,,,,,FRONT-RIGHT-CORNER,,,,,,,,,,,,,,,,,,,,,,,,,,,,,,,,,
2117472,c837c042c11b55e8a949a2896f806a8f71ab5bc1e5dff1761d10ca58fa6f76f57e030e1ae6c62ffbea8a4a9612ebd16b0d47325c849467da8131176b675a5963,07/30/2025 08:10:00 AM,2,DRIVER,,2018557,,TOYOTA,CAMRY,IL,2023,NONE,PASSENGER,TAXI/FOR HIRE,E,STRAIGHT AHEAD,,,1,,,,,,,,,,,Y,Y,Y,,,,,SIDE-LEFT,,,,,,,,,,,,,,,,,,,,,,,,,,,,,,,,,
2118416,c5b2c4eb1efba285aa7166b9451481829dedacb67fe5be576e67efd261dd4cd3f571c701f2a69b907651da299067fcf5fa92a497198da2db466be2b13cd5032b,07/30/2025 08:00:00 AM,1,DRIVER,,2019457,,UNKNOWN,MOTORIZED,,,NONE,TRUCK - SINGLE UNIT,PERSONAL,S,BACKING,,,1,,,,,,,,,Y,Y,Y,,,,,,,REAR,,,,,,,,,,,,,,,,,,,,,,,,,,,,,,,,,
2118417,c5b2c4eb1efba285aa7166b9451481829dedacb67fe5be576e67efd261dd4cd3f571c701f2a69b907651da299067fcf5fa92a497198da2db466be2b13cd5032b,07/30/2025 08:00:00 AM,2,PARKED,,2019468,,TOYOTA,AVALON,IN,2006,NONE,PASSENGER,NOT IN USE,S,PARKED,,,0,,,,,,,,,,Y,Y,Y,,,,,,REAR-LEFT-CORNER,,,,,,,,,,,,,,,,,,,,,,,,,,,,,,,,,