CRASH_UNIT_ID,CRASH_RECORD_ID,CRASH_DATE,UNIT_NO,UNIT_TYPE,NUM_PASSENGERS,VEHICLE_ID,CMRC_VEH_I,MAKE,MODEL,LIC_PLATE_STATE,VEHICLE_YEAR,VEHICLE_DEFECT,VEHICLE_TYPE,VEHICLE_USE,TRAVEL_DIRECTION,MANEUVER,TOWED_I,FIRE_I,OCCUPANT_CNT,EXCEED_SPEED_LIMIT_I,TOWED_BY,TOWED_TO,AREA_00_I,AREA_01_I,AREA_02_I,AREA_03_I,AREA_04_I,AREA_05_I,AREA_06_I,AREA_07_I,AREA_08_I,AREA_09_I,AREA_10_I,AREA_11_I,AREA_12_I,AREA_99_I,FIRST_CONTACT_POINT,CMV_ID,USDOT_NO,CCMC_NO,ILCC_NO,COMMERCIAL_SRC,GVWR,CARRIER_NAME,CARRIER_STATE,CARRIER_CITY,HAZMAT_PLACARDS_I,HAZMAT_NAME,UN_NO,HAZMAT_PRESENT_I,HAZMAT_REPORT_I,HAZMAT_REPORT_NO,MCS_REPORT_I,MCS_REPORT_NO,HAZMAT_VIO_CAUSE_CRASH_I,MCS_VIO_CAUSE_CRASH_I,IDOT_PERMIT_NO,WIDE_LOAD_I,TRAILER1_WIDTH,TRAILER2_WIDTH,TRAILER1_LENGTH,TRAILER2_LENGTH,TOTAL_VEHICLE_LENGTH,AXLE_CNT,VEHICLE_CONFIG,CARGO_BODY_TYPE,LOAD_TYPE,HAZMAT_OUT_OF_SERVICE_I,MCS_OUT_OF_SERVICE_I,HAZMAT_CLASS
2120058,66a7bf6ef196a43dea5760c747994cef25c6538be5558761310800370810a221364d72d668f03061ab6ac1a0ec218df5def3bad701b9e7f206b58af586998fa3,07/30/2025 07:47:00 AM,1,DRIVER,,2021052,,LEXUS,RX450H,IL,2023,NONE,PASSENGER,UNKNOWN/NA,UNKNOWN,STRAIGHT AHEAD,,,1,,,,,,,,,,,,,,,,,Y,FRONT-LEFT-CORNER,,,,,,,,,,,,,,,,,,,,,,,,,,,,,,,,,
2117500,1285b2599c7b4dcd2ad745b278bb89f30997d903591e89a2f1f1c401ec16bc27a24c9fa054d43dfa63c4ac0f25e09f92e8e00e31801d4e5b1fa623da4b4eec46,07/30/2025 07:40:00 AM,1,DRIVER,,2018588,,FORD,EDGE,IL,2014,NONE,PASSENGER,PERSONAL,N,MERGING,,,1,,,,,,,,,,,,,Y,Y,Y,,,FRONT-LEFT-CORNER,,,,,,,,,,,,,,,,,,,,,,,,,,,,,,,,,
2117501,1285b2599c7b4dcd2ad745b278bb89f30997d903591e89a2f1f1c401ec16bc27a24c9fa054d43dfa63c4ac0f25e09f92e8e00e31801d4e5b1fa623da4b4eec46,07/30/2025 07:40:00 AM,2,DRIVER,,2018600,,TOYOTA,PRIUS,IL,2019,NONE,PASSENGER,PERSONAL,N,STRAIGHT AHEAD,,,1,,,,,Y,Y,Y,,,,,,,,,,,FRONT-RIGHT-CORNER,,,,,,,,,,,,,,,,,,,,,,,,,,,,,,,,,
2117564,f7c5604c89ce62f41f7eef6584051ddd18f090709666583ae7b745993d10f4a2e3749072fb1bd0a15c14eb39a5a7499bd576af6a1d896ecd73826da617aea420,07/30/2025 07:40:00 AM,1,DRIVER,1,2018638,,FORD,ESCAPE,SD,,NONE,PASSENGER,PERSONAL,E,NEGOTIATING A CURVE,,,2,,,,,,,Y,Y,Y,,,,,,,,,SIDE-RIGHT,,,,,,,,,,,,,,,,,,,,,,,,,,,,,,,,,
2119017,e8bb627dd6d0ef1a972203f001a3626854d9c7668c88203055b52097dc7173dde7c1a0e6f29521e3754c496edf9490e9fe135e4973ca27b3418062ef74754021,07/30/2025 07:35:00 AM,1,DRIVER,,2020050,,MERCEDES-BENZ,GLB,,,UNKNOWN,SPORT UTILITY VEHICLE (SUV),PERSONAL,S,STRAIGHT AHEAD,Y,,1,,private,,,Y,,,,,,,,,,Y,Y,,FRONT,,,,,,,,,,,,,,,,,,,,,,,,,,,,,,,,,
2119018,e8bb627dd6d0ef1a972203f001a3626854d9c7668c88203055b52097dc7173dde7c1a0e6f29521e3754c496edf9490e9fe135e4973ca27b3418062ef74754021,07/30/2025 07:35:00 AM,2,DRIVER,,2020051,,FORD,F150,IL,,UNKNOWN,PICKUP,PERSONAL,S,STRAIGHT AHEAD,,,1,,,,,,,,,,Y,,,,,,,,REAR,,,,,,,,,,,,,,,,,,,,,,,,,,,,,,,,,
2119019,e8bb627dd6d0ef1a972203f001a3626854d9c7668c88203055b52097dc7173dde7c1a0e6f29521e3754c496edf9490e9fe135e4973ca27b3418062ef74754021,07/30/2025 07:35:00 AM,3,DRIVER,,2020052,,HONDA,CR-V,,,UNKNOWN,SPORT UTILITY VEHICLE (SUV),PERSONAL,S,STRAIGHT AHEAD,,,1,,,,,,,,,,,,,Y,Y,,,,SIDE-LEFT,,,,,,,,,,,,,,,,,,,,,,,,,,,,,,,,,
2119020,e8bb627dd6d0ef1a972203f001a3626854d9c7668c88203055b52097dc7173dde7c1a0e6f29521e3754c496edf9490e9fe135e4973ca27b3418062ef74754021,07/30/2025 07:35:00 AM,4,DRIVER,,2020053,,HONDA,CR-V,IL,,UNKNOWN,SPORT UTILITY VEHICLE (SUV),PERSONAL,S,STRAIGHT AHEAD,,,1,,,,,Y,Y,,,,,,,,,,,,FRONT-RIGHT-CORNER,,,,,,,,,,,,,,,,,,,,,,,,,,,,,,,,,
2119021,e8bb627dd6d0ef1a972203f001a3626854d9c7668c88203055b52097dc7173dde7c1a0e6f29521e3754c496edf9490e9fe135e4973ca27b3418062ef74754021,07/30/2025 07:35:00 AM,5,DRIVER,,2020054,,NISSAN,LEAF,IL,,UNKNOWN,PASSENGER,PERSONAL,S,STRAIGHT AHEAD,Y,,1,,private,,,,,,,,,Y,Y,,,,,,SIDE-LEFT-REAR,,,,,,,,,,,,,,,,,,,,,,,,,,,,,,,,,
2117466,b11ca610f5618e25d0e995edfbbd64dfec7f4c2cfa88de8c9d540d977e84bb5f921e708da2f9a91dbcb4fbf0a1c283b11b505338ef926ce3cfb0b88ecc226282,07/30/2025 07:20:00 AM,1,DRIVER,,2018551,,KIA,SOUL,IL,2018,UNKNOWN,PASSENGER,PERSONAL,N,TURNING LEFT,Y,,1,,City of Chicago,,,Y,Y,,,,,,,,,,,,FRONT-RIGHT-CORNER,,,,,,,,,,,,,,,,,,,,,,,,,,,,,,,,,
2117467,b11ca610f5618e25d0e995edfbbd64dfec7f4c2cfa88de8c9d540d977e84bb5f921e708da2f9a91dbcb4fbf0a1c283b11b505338ef926ce3cfb0b88ecc226282,07/30/2025 07:20:00 AM,2,DRIVER,,2018554,,FORD,EXPLORER,IL,2013,UNKNOWN,PASSENGER,PERSONAL,W,STRAIGHT AHEAD,,,1,,,,,,,,,,,,,,Y,Y,Y,,FRONT-LEFT-CORNER,,,,,,,,,,,,,,,,,,,,,,,,,,,,,,,,,
2117548,d9b426559d5d6badbbedd9b6fce3f1ac265505dac18b2c5739fe7c10d1257e8bcd648e21a9d25502939f6754e4fe964bb2d6f36997ef5435b1557268878023d4,07/30/2025 07:08:00 AM,1,DRIVER,,2018625,,TOYOTA,RAV4,IL,2021,NONE,OTHER,TAXI/FOR HIRE,E,CHANGING LANES,,,1,,,,,,,Y,Y,,,,,,,,,,SIDE-RIGHT,,,,,,,,,,,,,,,,,,,,,,,,,,,,,,,,,
2117549,d9b426559d5d6badbbedd9b6fce3f1ac265505dac18b2c5739fe7c10d1257e8bcd648e21a9d25502939f6754e4fe964bb2d6f36997ef5435b1557268878023d4,07/30/2025 07:08:00 AM,2,DRIVER,,2018634,,HYUNDAI,VENUE,IL,2024,NONE,PASSENGER,PERSONAL,E,STRAIGHT AHEAD,,,1,,,,,,,,,,,,,,,,Y,,FRONT,,,,,,,,,,,,,,,,,,,,,,,,,,,,,,,,,
2117655,c5df1df9d80cbd01084690937fcb5dba6203242ff197ff0fab362a7d05fc924c1511d7414d023c816cd9d63421e22d8cf3ac9f144835ca61762e06af6747187b,07/30/2025 07:00:00 AM,1,DRIVER,,2018726,,UNKNOWN,OTHER (EXPLAIN IN NARRATIVE),,,UNKNOWN,TRUCK - SINGLE UNIT,UNKNOWN/NA,W,STRAIGHT AHEAD,,,1,,,,,,,,,,,,,,,,,Y,SIDE-RIGHT,,,,,,,,,,,,,,,,,,,,,,,,,,,,,,,,,
2117656,c5df1df9d80cbd01084690937fcb5dba6203242ff197ff0fab362a7d05fc924c1511d7414d023c816cd9d63421e22d8cf3ac9f144835ca61762e06af6747187b,07/30/2025 07:00:00 AM,2,PARKED,,2018729,,FREIGHTLINER CORPORATION,FREIGHTLINER CORP.,IL,2016,UNKNOWN,TRACTOR W/ SEMI-TRAILER,UNKNOWN/NA,W,PARKED,,,0,,,,,,,,,,,,,,Y,,,,SIDE-LEFT-FRONT,,,,,,,,,,,,,,,,,,,,,,,,,,,,,,,,,
2117483,e5790381f53cc1e852310a7162b9f9afc8deb270ce5c7006c6aeee461ce20e0540b585ccc5f9892f7ee4b6d7ca439b8f7fb621750fcb482df48a945a31d463f9,07/30/2025 07:00:00 AM,1,DRIVER,,2018577,,HONDA,ODYSSEY,IL,2010,UNKNOWN,VAN/MINI-VAN,PERSONAL,N,BACKING,,,1,,,,,,,,,,,,,,,,Y,,FRONT,,,,,,,,,,,,,,,,,,,,,,,,,,,,,,,,,
2117484,e5790381f53cc1e852310a7162b9f9afc8deb270ce5c7006c6aeee461ce20e0540b585ccc5f9892f7ee4b6d7ca439b8f7fb621750fcb482df48a945a31d463f9,07/30/2025 07:00:00 AM,2,PARKED,,2018586,,HONDA,ACCORD,GA,2024,NONE,PASSENGER,PERSONAL,S,PARKED,,,0,,,,,,,,,,,,,,,,Y,,FRONT,,,,,,,,,,,,,,,,,,,,,,,,,,,,,,,,,
2117481,9e6b62a0fb268bc1ee8c7e88e6008d4ed33bdab7df5fad378f136497cb7cf75cfa52d12a80d9ec8664800a0278ab23598fd3c97d06ef5cf3281831d063b997af,07/30/2025 06:55:00 AM,1,DRIVER,,2018566,,FORD,F150,IL,2021,NONE,TRUCK - SINGLE UNIT,PERSONAL,W,STRAIGHT AHEAD,,,1,,,,,,,,,,,Y,Y,,,,,,SIDE-LEFT-REAR,,,,,,,,,,,,,,,,,,,,,,,,,,,,,,,,,
2117482,9e6b62a0fb268bc1ee8c7e88e6008d4ed33bdab7df5fad378f136497cb7cf75cfa52d12a80d9ec8664800a0278ab23598fd3c97d06ef5cf3281831d063b997af,07/30/2025 06:55:00 AM,2,PARKED,,2018570,,TOYOTA,CAMRY,IL,2020,NONE,PASSENGER,PERSONAL,W,PARKED,,,0,,,,,Y,Y,,,,,,,,,,,,FRONT-LEFT-CORNER,,,,,,,,,,,,,,,,,,,,,,,,,,,,,,,,,
2117468,7b5ddb11d7081a81b9c8c65635e08db2304cdcd90281941368e8ce4676c957e5d3fa2926e7aa783a6330f50b067c136f87b7b9077bd0b724d9ef8459d31e2309,07/30/2025 06:48:00 AM,1,DRIVER,,2018558,,KIA,FORTE,IL,2018,NONE,PASSENGER,PERSONAL,W,STRAIGHT AHEAD,Y,,1,,PRIVATE,,,Y,Y,,,Y,Y,Y,,,Y,Y,Y,,FRONT,,,,,,,,,,,,,,,,,,,,,,,,,,,,,,,,,
2117469,7b5ddb11d7081a81b9c8c65635e08db2304cdcd90281941368e8ce4676c957e5d3fa2926e7aa783a6330f50b067c136f87b7b9077bd0b724d9ef8459d31e2309,07/30/2025 06:48:00 AM,2,DRIVER,,2018561,,CADILLAC,SRX,IN,2013,NONE,PASSENGER,PERSONAL,S,STRAIGHT AHEAD,Y,,1,,PRIVATE,,,Y,Y,Y,,,,,,Y,Y,Y,Y,,FRONT-LEFT-CORNER,,,,,,,,,,,,,,,,,,,,,,,,,,,,,,,,,
2117470,7b5ddb11d7081a81b9c8c65635e08db2304cdcd90281941368e8ce4676c957e5d3fa2926e7aa783a6330f50b067c136f87b7b9077bd0b724d9ef8459d31e2309,07/30/2025 06:48:00 AM,3,DRIVER,,2018563,,FORD,FOCUS,IL,2015,NONE,PASSENGER,PERSONAL,E,STRAIGHT AHEAD,Y,,1,,PRIVATE,,,Y,Y,Y,,,,,,Y,Y,Y,Y,,FRONT-LEFT-CORNER,,,,,,,,,,,,,,,,,,,,,,,,,,,,,,,,,
2122132,d0c30ad2e1d7e47ee66372c7d66dda56b0a12724ddaf85890729be9d50a6963a1029e7bc44414960ffa7c0e4244b544dc3ee1fffca8ac7fa1a3c12288e497a77,07/30/2025 06:45:00 AM,1,DRIVER,,2023048,,BUICK,ENCORE,IL,2018,UNKNOWN,UNKNOWN/NA,UNKNOWN/NA,W,STRAIGHT AHEAD,,,1,,,,,,,,,,,,,,,,,Y,FRONT,,,,,,,,,,,,,,,,,,,,,,,,,,,,,,,,,
2122133,d0c30ad2e1d7e47ee66372c7d66dda56b0a12724ddaf85890729be9d50a6963a1029e7bc44414960ffa7c0e4244b544dc3ee1fffca8ac7fa1a3c12288e497a77,07/30/2025 06:45:00 AM,2,DRIVER,,2023053,,TESLA,MODEL 3,IL,2021,UNKNOWN,PASSENGER,UNKNOWN/NA,W,SLOW/STOP IN TRAFFIC,,,1,,,,,,,,,,Y,,,,,,,,REAR,,,,,,,,,,,,,,,,,,,,,,,,,,,,,,,,,
2119619,94f600d428733014d829904cd6bf8649135d96d7c1f2b38ead81907aa68f5ad3c0455f979a64930a69ae3a6353993e16745414fd9857af4af4c873f536c811a7,07/30/2025 06:20:00 AM,1,DRIVER,,2020617,,LINCOLN,MKZ,IL,2015,UNKNOWN,PASSENGER,UNKNOWN/NA,E,STRAIGHT AHEAD,,,1,,,,,Y,,,,,,,,,,,,,FRONT-RIGHT-CORNER,,,,,,,,,,,,,,,,,,,,,,,,,,,,,,,,,
2119620,94f600d428733014d829904cd6bf8649135d96d7c1f2b38ead81907aa68f5ad3c0455f979a64930a69ae3a6353993e16745414fd9857af4af4c873f536c811a7,07/30/2025 06:20:00 AM,2,DRIVER,,2020618,,CHRYSLER,200,IL,2012,UNKNOWN,PASSENGER,PERSONAL,N,STRAIGHT AHEAD,Y,,1,,PRIVATE TOW,UNKNOWN,,Y,,,,,,,,,Y,Y,Y,,FRONT,,,,,,,,,,,,,,,,,,,,,,,,,,,,,,,,,
2117807,c44acc2a60bf1ae2ac8fb1bb98ed0d51d48a826f1d5288d93f92db5ae23da75673ee7b69f613c69a9c78bac1041f2c22fc78c701689041966d434565649ef76b,07/30/2025 06:20:00 AM,1,DRIVER,,2018898,,TOYOTA,COROLLA,IL,2012,NONE,PASSENGER,PERSONAL,UNKNOWN,BACKING,,,1,,,,,,,,,,,,,,,,,Y,REAR,,,,,,,,,,,,,,,,,,,,,,,,,,,,,,,,,
2117808,c44acc2a60bf1ae2ac8fb1bb98ed0d51d48a826f1d5288d93f92db5ae23da75673ee7b69f613c69a9c78bac1041f2c22fc78c701689041966d434565649ef76b,07/30/2025 06:20:00 AM,2,DRIVER,,2018924,,VOLVO,OTHER (EXPLAIN IN NARRATIVE),IL,2009,NONE,PASSENGER,PERSONAL,UNKNOWN,STRAIGHT AHEAD,,,1,,,,,,,,,,,,,,,,Y,,FRONT,,,,,,,,,,,,,,,,,,,,,,,,,,,,,,,,,
2118258,440295e94768e509f693cb14f2be2a4ae983d00f9e02b0a47eb5362cfcdea404ca4f1ef8ac724d105a9b7a4253ea98a40b3ffccf72d565118242e1be6102b599,07/30/2025 06:00:00 AM,1,DRIVER,,2019309,,UNKNOWN,OTHER (EXPLAIN IN NARRATIVE),,,UNKNOWN,UNKNOWN/NA,UNKNOWN/NA,UNKNOWN,UNKNOWN/NA,,,1,,,,,,,,,,,,,,,,,Y,UNKNOWN,,,,,,,,,,,,,,,,,,,,,,,,,,,,,,,,,
2118259,440295e94768e509f693cb14f2be2a4ae983d00f9e02b0a47eb5362cfcdea404ca4f1ef8ac724d105a9b7a4253ea98a40b3ffccf72d565118242e1be6102b599,07/30/2025 06:00:00 AM,2,PARKED,,2019310,,DODGE,GRAND CARAVAN,IL,2019,NONE,PASSENGER,NOT IN USE,S,PARKED,,,0,,,,,,,Y,,,,,,,,,,,SIDE-RIGHT,,,,,,,,,,,,,,,,,,,,,,,,,,,,,,,,,
2117919,e47298f1a3b4590def7326e184444f78396dfc35ac1ce50909e54613d8d92ca762da7f18ecf43c3d4ab18e810bfcc058245da7a6119d878eaa69e54e17982ac1,07/30/2025 06:00:00 AM,1,DRIVER,,2018988,,UNKNOWN,OTHER (EXPLAIN IN NARRATIVE),XX,,UNKNOWN,UNKNOWN/NA,UNKNOWN/NA,UNKNOWN,UNKNOWN/NA,,,1,,,,,,,,,,,,,,,,,Y,UNKNOWN,,,,,,,,,,,,,,,,,,,,,,,,,,,,,,,,,
2117920,e47298f1a3b4590def7326e184444f78396dfc35ac1ce50909e54613d8d92ca762da7f18ecf43c3d4ab18e810bfcc058245da7a6119d878eaa69e54e17982ac1,07/30/2025 06:00:00 AM,2,PARKED,,2018979,,MAZDA,OTHER (EXPLAIN IN NARRATIVE),IL,2013,NONE,PASSENGER,NOT IN USE,UNKNOWN,PARKED,,,0,,,,,Y,Y,Y,,,,,,,,,,,SIDE-RIGHT-FRONT,,,,,,,,,,,,,,,,,,,,,,,,,,,,,,,,,
2118396,f745cdb7be44a2fa8c70ea25b49b721bc41fa5f1d0111394f5edc459100702c5cf271a7a1fabb0ed65bf218191d160bee17c1590c5a250c53dd849e7a9998c8a,07/30/2025 06:00:00 AM,1,DRIVER,,2019436,,UNKNOWN,ENCLOSED BODY,IL,,UNKNOWN,UNKNOWN/NA,UNKNOWN/NA,UNKNOWN,UNKNOWN/NA,,,1,,,,,,,,,,,,,,,,,Y,UNKNOWN,,,,,,,,,,,,,,,,,,,,,,,,,,,,,,,,,
2118397,f745cdb7be44a2fa8c70ea25b49b721bc41fa5f1d0111394f5edc459100702c5cf271a7a1fabb0ed65bf218191d160bee17c1590c5a250c53dd849e7a9998c8a,07/30/2025 06:00:00 AM,2,DRIVERLESS,,2019439,,NISSAN,SENTRA,IL,2014,NONE,PASSENGER,PERSONAL,S,PARKED,Y,,0,,,,,,,,,,Y,Y,Y,,,,,,REAR-LEFT-CORNER,,,,,,,,,,,,,,,,,,,,,,,,,,,,,,,,,
2117461,15a03bca348141d11cdb1b2be77433275737bca7a0ca2667ceb632b236175f8c1820fd209c5c29966c2aab29479f56c85af05933d03671ad35614d54eebc89de,07/30/2025 05:57:00 AM,1,DRIVER,,2018555,,TOYOTA,RAV4,IL,2017,NONE,SPORT UTILITY VEHICLE (SUV),PERSONAL,NW,U-TURN,,,1,,,,,,,,,,,,,,,,Y,,FRONT-RIGHT-CORNER,,,,,,,,,,,,,,,,,,,,,,,,,,,,,,,,,
2117462,15a03bca348141d11cdb1b2be77433275737bca7a0ca2667ceb632b236175f8c1820fd209c5c29966c2aab29479f56c85af05933d03671ad35614d54eebc89de,07/30/2025 05:57:00 AM,2,DRIVER,,2018559,,TOYOTA,RAV4,AZ,2019,NONE,SPORT UTILITY VEHICLE (SUV),PERSONAL,W,STRAIGHT AHEAD,,,1,,,,,,,,,,,,,Y,,,,,SIDE-LEFT-FRONT,,,,,,,,,,,,,,,,,,,,,,,,,,,,,,,,,
2117459,38d1879c110b0e54328635a4316c415e7fca1b5faa68ac707b01ccc2ef07634666b3c15f6270c6b1ef671b9a4f0052be7650d5c71d897a7a364d148903014f97,07/30/2025 05:45:00 AM,1,DRIVER,,2018545,,HONDA,FIT,IN,2018,NONE,PASSENGER,PERSONAL,N,SLOW/STOP IN TRAFFIC,,,1,,,,,,,,,,,,,,,,,,FRONT,,,,,,,,,,,,,,,,,,,,,,,,,,,,,,,,,
2117460,38d1879c110b0e54328635a4316c415e7fca1b5faa68ac707b01ccc2ef07634666b3c15f6270c6b1ef671b9a4f0052be7650d5c71d897a7a364d148903014f97,07/30/2025 05:45:00 AM,2,PEDESTRIAN,,,,,,,,,,,,,,,,,,,,,,,,,,,,,,,,,,,,,,,,,,,,,,,,,,,,,,,,,,,,,,,,,,
2117456,4aacfeeb1c446e495d9e7f254aca245fc4fff492ccdff5e02912a4ecf8acd16df25a4c1d3f8be3f8667ee42dd2ae0bba6021f88adc516af478b0bc45451facce,07/30/2025 05:30:00 AM,1,DRIVER,,2018544,,TOYOTA,C-HR,IL,2021,NONE,PASSENGER,PERSONAL,W,STRAIGHT AHEAD,Y,,1,,city of chicago,city lot,,Y,Y,,,,,,,,,,Y,,FRONT-RIGHT-CORNER,,,,,,,,,,,,,,,,,,,,,,,,,,,,,,,,,
2117465,8c2bc5628f7b904c9f7209958c70e2eae47d3cdc7a5f5b19a2a4ddbb9a12ac83ddaf6fc36195eefd3cd696e11f216014103b8a38e8e5b6597d1005c4fa6eb5dc,07/30/2025 05:20:00 AM,1,DRIVER,1,2018550,,JEEP,GRAND CHEROKEE,IA,2012,NONE,PASSENGER,PERSONAL,N,TURNING LEFT,Y,,2,,CITY OF CHICAGO,POUND#2,,Y,,,,,,,,,,Y,Y,,FRONT,,,,,,,,,,,,,,,,,,,,,,,,,,,,,,,,,
2118004,c2825fdb794daa11e0e554f55823934c7f5442322ed0c2c44472e9d0d0dda78bac4c5f70a068fddee07fa502556935043977f904071c0ebc7e44029b40fcb37a,07/30/2025 05:03:00 AM,1,DRIVER,,2019062,,UNKNOWN,OTHER (EXPLAIN IN NARRATIVE),IL,,OTHER,OTHER,UNKNOWN/NA,UNKNOWN,UNKNOWN/NA,,,1,,,,,Y,Y,Y,Y,Y,,,,,,,,,SIDE-RIGHT,,,,,,,,,,,,,,,,,,,,,,,,,,,,,,,,,
2118005,c2825fdb794daa11e0e554f55823934c7f5442322ed0c2c44472e9d0d0dda78bac4c5f70a068fddee07fa502556935043977f904071c0ebc7e44029b40fcb37a,07/30/2025 05:03:00 AM,2,PARKED,,2019068,,HYUNDAI,ELANTRA,IL,,UNKNOWN,PASSENGER,PERSONAL,UNKNOWN,PARKED,,,0,,,,,,,,,,,Y,Y,Y,Y,Y,,,SIDE-LEFT,,,,,,,,,,,,,,,,,,,,,,,,,,,,,,,,,
2117443,9022947c8b4b73b3184c4acc99cc222eaefd0dd24fb490547575882374f2e10b97b49a8ff36999b3b85f45551a557443a9649dd0d763ccd3db153b3c667ddc49,07/30/2025 04:29:00 AM,1,DRIVER,1,2018534,,DODGE,GRAND CARAVAN,IN,2019,STEERING,PASSENGER,PERSONAL,E,STRAIGHT AHEAD,Y,,2,,,,,Y,Y,Y,Y,,,,,,,N,,,SIDE-LEFT-FRONT,,,,,,,,,,,,,,,,,,,,,,,,,,,,,,,,,
2117444,9022947c8b4b73b3184c4acc99cc222eaefd0dd24fb490547575882374f2e10b97b49a8ff36999b3b85f45551a557443a9649dd0d763ccd3db153b3c667ddc49,07/30/2025 04:29:00 AM,2,PARKED,,2018536,,FORD,EXPLORER,IL,2007,UNKNOWN,PICKUP,UNKNOWN/NA,E,PARKED,,,0,,,,,,,,,,,Y,Y,Y,Y,Y,,,SIDE-LEFT,,,,,,,,,,,,,,,,,,,,,,,,,,,,,,,,,
2117445,9022947c8b4b73b3184c4acc99cc222eaefd0dd24fb490547575882374f2e10b97b49a8ff36999b3b85f45551a557443a9649dd0d763ccd3db153b3c667ddc49,07/30/2025 04:29:00 AM,3,PARKED,,2018537,,CHEVROLET,VENTURE,IL,2007,UNKNOWN,PASSENGER,UNKNOWN/NA,E,STRAIGHT AHEAD,,,0,,,,,,,,,,,Y,Y,Y,Y,Y,,,SIDE-LEFT,,,,,,,,,,,,,,,,,,,,,,,,,,,,,,,,,
2117446,9022947c8b4b73b3184c4acc99cc222eaefd0dd24fb490547575882374f2e10b97b49a8ff36999b3b85f45551a557443a9649dd0d763ccd3db153b3c667ddc49,07/30/2025 04:29:00 AM,4,PARKED,,2018538,,MITSUBISHI,LANCER,IL,2011,UNKNOWN,PASSENGER,PERSONAL,E,STRAIGHT AHEAD,,,0,,,,,N,,,,,,Y,Y,,,Y,Y,,OTHER,,,,,,,,,,,,,,,,,,,,,,,,,,,,,,,,,
2117447,9022947c8b4b73b3184c4acc99cc222eaefd0dd24fb490547575882374f2e10b97b49a8ff36999b3b85f45551a557443a9649dd0d763ccd3db153b3c667ddc49,07/30/2025 04:29:00 AM,5,PARKED,,2018543,,CHRYSLER,TOWN & COUNTRY,IL,2013,UNKNOWN,PASSENGER,PERSONAL,E,PARKED,,,0,,,,,,,,,Y,Y,,,,,,,,REAR-LEFT-CORNER,,,,,,,,,,,,,,,,,,,,,,,,,,,,,,,,,
2117457,4f584361e862b75de602b5db52c5691d22db64fa00c8bcc1d14a2904ad4435ad87b97d84bbc0206805fee74106ff9a796dba89a90eb4f90ed4ff9b3a3d6ed783,07/30/2025 04:27:00 AM,1,DRIVER,1,2018546,,FORD,EXPLORER,IL,2023,UNKNOWN,SPORT UTILITY VEHICLE (SUV),POLICE,W,STRAIGHT AHEAD,,,2,,,,,Y,Y,,,,,,,,N,N,Y,,FRONT-RIGHT-CORNER,,,,,,,,,,,,,,,,,,,,,,,,,,,,,,,,,
2117458,4f584361e862b75de602b5db52c5691d22db64fa00c8bcc1d14a2904ad4435ad87b97d84bbc0206805fee74106ff9a796dba89a90eb4f90ed4ff9b3a3d6ed783,07/30/2025 04:27:00 AM,2,DRIVER,,2018547,,CHEVROLET,OTHER (EXPLAIN IN NARRATIVE),IL,2014,UNKNOWN,PASSENGER,OTHER,W,STRAIGHT AHEAD,,,1,,,,,,,,,,Y,Y,Y,,,,,,REAR-LEFT-CORNER,,,,,,,,,,,,,,,,,,,,,,,,,,,,,,,,,
2117451,62675ec64d2e3135e6a9deb2c7e78d37e1d6b28661ed185701e82118790dafcd69045ed806ecc32e59e1c21027614f0d07e023af479202d1fce527be80329bb9,07/30/2025 04:19:00 AM,1,DRIVER,,2018539,,AUDI,Q7,IL,2007,UNKNOWN,PASSENGER,PERSONAL,N,STRAIGHT AHEAD,Y,,1,,S&S,,,Y,Y,Y,Y,Y,,Y,Y,Y,Y,Y,Y,,FRONT,,,,,,,,,,,,,,,,,,,,,,,,,,,,,,,,,
2117513,6c2762bbefbbaee8189766f671c3984151a22db68c0a114e6440886a7255f477513750c4f8333882405e900f387a9f9b34882ac2bf74fb7d67fc1f0f78b19865,07/30/2025 03:00:00 AM,1,DRIVER,,2018595,,FORD,F150,IL,2002,UNKNOWN,PASSENGER,PERSONAL,N,CHANGING LANES,,,1,,,,,Y,,,,,,,,,,,,,FRONT-LEFT-CORNER,,,,,,,,,,,,,,,,,,,,,,,,,,,,,,,,,
2117514,6c2762bbefbbaee8189766f671c3984151a22db68c0a114e6440886a7255f477513750c4f8333882405e900f387a9f9b34882ac2bf74fb7d67fc1f0f78b19865,07/30/2025 03:00:00 AM,2,DRIVERLESS,,2018605,,NISSAN,ALTIMA,IL,2023,UNKNOWN,PASSENGER,PERSONAL,N,PARKED,,,0,,,,,,,,,,,,,,Y,Y,Y,,SIDE-LEFT-FRONT,,,,,,,,,,,,,,,,,,,,,,,,,,,,,,,,,
2117731,8b3e26c3f14c36edfd31b5e040c5e41fc3ce3ad640634c7a4251c70c5604124862c4b4dd540535fc213dd7f7390a4d90ea22e58ecfa06b21161053a9e9126328,07/30/2025 02:40:00 AM,1,DRIVER,,2018817,,UNKNOWN,OTHER (EXPLAIN IN NARRATIVE),IL,,UNKNOWN,UNKNOWN/NA,UNKNOWN/NA,N,STRAIGHT AHEAD,,,1,,,,,,,,,,,,,,,,,Y,UNKNOWN,,,,,,,,,,,,,,,,,,,,,,,,,,,,,,,,,
2117732,8b3e26c3f14c36edfd31b5e040c5e41fc3ce3ad640634c7a4251c70c5604124862c4b4dd540535fc213dd7f7390a4d90ea22e58ecfa06b21161053a9e9126328,07/30/2025 02:40:00 AM,2,DRIVER,,2018805,,JEEP,COMPASS,WI,2020,UNKNOWN,PASSENGER,PERSONAL,SE,TURNING LEFT,,,1,,,,,,,,Y,,,,,,,,,,SIDE-RIGHT-REAR,,,,,,,,,,,,,,,,,,,,,,,,,,,,,,,,,