CRASH_UNIT_ID,CRASH_RECORD_ID,CRASH_DATE,UNIT_NO,UNIT_TYPE,NUM_PASSENGERS,VEHICLE_ID,CMRC_VEH_I,MAKE,MODEL,LIC_PLATE_STATE,VEHICLE_YEAR,VEHICLE_DEFECT,VEHICLE_TYPE,VEHICLE_USE,TRAVEL_DIRECTION,MANEUVER,TOWED_I,FIRE_I,OCCUPANT_CNT,EXCEED_SPEED_LIMIT_I,TOWED_BY,TOWED_TO,AREA_00_I,AREA_01_I,AREA_02_I,AREA_03_I,AREA_04_I,AREA_05_I,AREA_06_I,AREA_07_I,AREA_08_I,AREA_09_I,AREA_10_I,AREA_11_I,AREA_12_I,AREA_99_I,FIRST_CONTACT_POINT,CMV_ID,USDOT_NO,CCMC_NO,ILCC_NO,COMMERCIAL_SRC,GVWR,CARRIER_NAME,CARRIER_STATE,CARRIER_CITY,HAZMAT_PLACARDS_I,HAZMAT_NAME,UN_NO,HAZMAT_PRESENT_I,HAZMAT_REPORT_I,HAZMAT_REPORT_NO,MCS_REPORT_I,MCS_REPORT_NO,HAZMAT_VIO_CAUSE_CRASH_I,MCS_VIO_CAUSE_CRASH_I,IDOT_PERMIT_NO,WIDE_LOAD_I,TRAILER1_WIDTH,TRAILER2_WIDTH,TRAILER1_LENGTH,TRAILER2_LENGTH,TOTAL_VEHICLE_LENGTH,AXLE_CNT,VEHICLE_CONFIG,CARGO_BODY_TYPE,LOAD_TYPE,HAZMAT_OUT_OF_SERVICE_I,MCS_OUT_OF_SERVICE_I,HAZMAT_CLASS
2117435,3cbf5b28229743a94e1013daad52ed3d7b35a2f55127390535a3d50154690a92a0f67f3edaca24e46e4a9f5735ac9fcd56407346410c29b6f7fb08cd780f8930,07/30/2025 01:45:00 AM,1,DRIVER,1,2018527,,JEEP,CHEROKEE,IL,2016,UNKNOWN,PASSENGER,PERSONAL,S,OTHER,Y,,2,,self,unk,,Y,Y,Y,,,,,,,,,Y,,FRONT-RIGHT-CORNER,,,,,,,,,,,,,,,,,,,,,,,,,,,,,,,,,
2117436,3cbf5b28229743a94e1013daad52ed3d7b35a2f55127390535a3d50154690a92a0f67f3edaca24e46e4a9f5735ac9fcd56407346410c29b6f7fb08cd780f8930,07/30/2025 01:45:00 AM,2,PARKED,,2018528,,CHRYSLER,OTHER (EXPLAIN IN NARRATIVE),IL,2008,UNKNOWN,UNKNOWN/NA,UNKNOWN/NA,S,PARKED,,,0,,,,,,,,,Y,Y,Y,Y,Y,Y,,,,REAR-LEFT-CORNER,,,,,,,,,,,,,,,,,,,,,,,,,,,,,,,,,
2118501,c491759f3759c42ee64b07844ebc407adf5100aba530d9f4f1f9353e0e804cdf8380de4d14fe69ed1c002cd02474394def62d1ba6ea2d310e9979e0cc99c9d1d,07/30/2025 01:42:00 AM,1,DRIVER,1,2019541,,NISSAN,ALTIMA,IL,2012,UNKNOWN,PASSENGER,PERSONAL,S,STRAIGHT AHEAD,Y,,2,,PRIVATE TOW,,,Y,,,,,,,,,,Y,Y,,FRONT,,,,,,,,,,,,,,,,,,,,,,,,,,,,,,,,,
2118502,c491759f3759c42ee64b07844ebc407adf5100aba530d9f4f1f9353e0e804cdf8380de4d14fe69ed1c002cd02474394def62d1ba6ea2d310e9979e0cc99c9d1d,07/30/2025 01:42:00 AM,2,DRIVER,3,2019542,,FORD,VAN,IL,2025,NONE,OTHER,AMBULANCE,W,STRAIGHT AHEAD,Y,,4,,PRIVATE TOW,,,Y,Y,,,,,,,,,,,,SIDE-RIGHT,,,,,,,,,,,,,,,,,,,,,,,,,,,,,,,,,
2117431,90db880e6b3c90952cb22405781d09072ee0f050e374e1481220bc9b6f3b2df6bf0ec4d41265476cf5ef6db65f1096eecb6d76674f533a0b6ee6f7776411550d,07/30/2025 01:32:00 AM,1,DRIVER,,2018524,,CHEVROLET,IMPALA,IL,2007,UNKNOWN,PASSENGER,PERSONAL,W,BACKING,,,1,,,,,,,,,N,Y,N,,,,,,,REAR,,,,,,,,,,,,,,,,,,,,,,,,,,,,,,,,,
2117432,90db880e6b3c90952cb22405781d09072ee0f050e374e1481220bc9b6f3b2df6bf0ec4d41265476cf5ef6db65f1096eecb6d76674f533a0b6ee6f7776411550d,07/30/2025 01:32:00 AM,2,DRIVER,,2018525,,FORD,EDGE,KY,2013,UNKNOWN,PASSENGER,PERSONAL,E,SLOW/STOP IN TRAFFIC,,,1,,,,,Y,,,,,,,,,,N,Y,,FRONT,,,,,,,,,,,,,,,,,,,,,,,,,,,,,,,,,
2117609,4bd7125b01e6c10e0c8d0d646ed4b24314dc93dad54ec90d58d2ef8f2bc55404b42c5e07ba0ba968e061e124789535c77375bdbdf14afee9b924805538525576,07/30/2025 01:00:00 AM,1,DRIVER,,2018692,,UNKNOWN,MOTORIZED,IL,,UNKNOWN,UNKNOWN/NA,UNKNOWN/NA,W,STRAIGHT AHEAD,,,1,,,,,,,,,,,,,,,,,Y,UNKNOWN,,,,,,,,,,,,,,,,,,,,,,,,,,,,,,,,,
2117610,4bd7125b01e6c10e0c8d0d646ed4b24314dc93dad54ec90d58d2ef8f2bc55404b42c5e07ba0ba968e061e124789535c77375bdbdf14afee9b924805538525576,07/30/2025 01:00:00 AM,2,PARKED,,2018680,,CHEVROLET,MALIBU,WI,2023,NONE,PASSENGER,PERSONAL,W,PARKED,,,0,,,,,,,,,,,,Y,Y,N,,,,SIDE-LEFT-REAR,,,,,,,,,,,,,,,,,,,,,,,,,,,,,,,,,
2117420,babca959bf43162fd91a96fbefe7330ff0cc7de6b68ff419b2bed0d52460f1b96acfec04b35d7fe7c3105b2df82b63b1b8e681315242b1e477f243e3bf9431f9,07/30/2025 12:58:00 AM,1,DRIVER,,2018509,,UNKNOWN,OTHER (EXPLAIN IN NARRATIVE),,1900,UNKNOWN,UNKNOWN/NA,UNKNOWN/NA,E,TURNING LEFT,,,1,,,,,Y,Y,Y,Y,,,,,,,,,,FRONT-RIGHT-CORNER,,,,,,,,,,,,,,,,,,,,,,,,,,,,,,,,,
2117421,babca959bf43162fd91a96fbefe7330ff0cc7de6b68ff419b2bed0d52460f1b96acfec04b35d7fe7c3105b2df82b63b1b8e681315242b1e477f243e3bf9431f9,07/30/2025 12:58:00 AM,2,DRIVER,,2018511,,HONDA,CR-V,IL,2016,NONE,PASSENGER,PERSONAL,S,STRAIGHT AHEAD,,,1,,,,,Y,Y,Y,Y,,,,,,,,,,FRONT-RIGHT-CORNER,,,,,,,,,,,,,,,,,,,,,,,,,,,,,,,,,
2117428,3e450c93c22a8e6e6b45ba117bedbe1c0aedf2f2bf6756adc6d6508bbbe7a65052b8b5cd74f087975d399c12c3330b4d89677ae1e8d5292ae08addd5e5b16953,07/30/2025 12:44:00 AM,1,DRIVERLESS,,2018520,,HONDA,ACCORD,IL,2007,UNKNOWN,PASSENGER,UNKNOWN/NA,S,STRAIGHT AHEAD,Y,,0,,CITY OF CHICAGO,CITY OF CHICAGO,,,,,,,,,,,Y,Y,,,FRONT-LEFT-CORNER,,,,,,,,,,,,,,,,,,,,,,,,,,,,,,,,,
2117429,3e450c93c22a8e6e6b45ba117bedbe1c0aedf2f2bf6756adc6d6508bbbe7a65052b8b5cd74f087975d399c12c3330b4d89677ae1e8d5292ae08addd5e5b16953,07/30/2025 12:44:00 AM,2,PARKED,,2018521,,CHEVROLET,EXPRESS,IL,2005,NONE,VAN/MINI-VAN,UNKNOWN/NA,S,PARKED,,,0,,,,,,,,,,,,Y,Y,Y,,,,SIDE-LEFT,,,,,,,,,,,,,,,,,,,,,,,,,,,,,,,,,
2117430,3e450c93c22a8e6e6b45ba117bedbe1c0aedf2f2bf6756adc6d6508bbbe7a65052b8b5cd74f087975d399c12c3330b4d89677ae1e8d5292ae08addd5e5b16953,07/30/2025 12:44:00 AM,3,PARKED,,2018522,,SATURN,OUTLOOK,IL,2008,UNKNOWN,UNKNOWN/NA,UNKNOWN/NA,S,PARKED,,,0,,,,,Y,Y,Y,,,,,,,,,,,FRONT-RIGHT-CORNER,,,,,,,,,,,,,,,,,,,,,,,,,,,,,,,,,
2117433,3613ce00d4ce17e6af048e6b05280e192c24a11c49c8081123e3e8e9507bc559b8068e3575a666b1abae209c1f878950ec4e5049f02ea403e544394d0e369b73,07/30/2025 12:41:00 AM,1,DRIVER,4,2018523,,FORD,FUSION,IL,2012,BRAKES,PASSENGER,PERSONAL,S,CHANGING LANES,Y,,5,,PRIVATE,UNKNOWN,,Y,,,,,,,,,,Y,Y,,FRONT-LEFT-CORNER,,,,,,,,,,,,,,,,,,,,,,,,,,,,,,,,,
2117434,3613ce00d4ce17e6af048e6b05280e192c24a11c49c8081123e3e8e9507bc559b8068e3575a666b1abae209c1f878950ec4e5049f02ea403e544394d0e369b73,07/30/2025 12:41:00 AM,2,DRIVER,1,2018526,,HONDA,ODYSSEY,IL,2018,NONE,VAN/MINI-VAN,PERSONAL,S,SLOW/STOP IN TRAFFIC,,,2,,,,,,,,,Y,Y,,,,,,,,REAR-RIGHT-CORNER,,,,,,,,,,,,,,,,,,,,,,,,,,,,,,,,,
2117518,013fb686d5154a489f3dbf3a91c8ec83f5494f386a16aa5e3853856eb86638162f9099570a1577286525a9e4dbcc9e44ecc229b59075a44970213ed4543f0da0,07/30/2025 12:30:00 AM,1,DRIVER,,2018594,,UNKNOWN,OTHER (EXPLAIN IN NARRATIVE),,,UNKNOWN,PASSENGER,UNKNOWN/NA,N,STRAIGHT AHEAD,,,1,,,,,,,,,,,,,,,,,Y,FRONT,,,,,,,,,,,,,,,,,,,,,,,,,,,,,,,,,
2117519,013fb686d5154a489f3dbf3a91c8ec83f5494f386a16aa5e3853856eb86638162f9099570a1577286525a9e4dbcc9e44ecc229b59075a44970213ed4543f0da0,07/30/2025 12:30:00 AM,2,DRIVER,,2018604,,TOYOTA,CAMRY,IL,2011,NONE,PASSENGER,PERSONAL,N,SLOW/STOP IN TRAFFIC,,,1,,,,,,,,,,Y,,,,,,,,REAR,,,,,,,,,,,,,,,,,,,,,,,,,,,,,,,,,
2117424,41f518eaa90ec77ab7ae8c47e0742fbf953f77a1ca62356c762da77414e863925fde9f30ceeb5795591f34983f7ce69ff31b51bf2e067a452b8addd75e105fbc,07/30/2025 12:30:00 AM,1,DRIVER,,2018516,,KIA,SPORTAGE,IL,2025,NONE,PASSENGER,PERSONAL,SW,ENTERING TRAFFIC LANE FROM PARKING,,,1,,,,,,,,,,,,,,,Y,,,FRONT-LEFT-CORNER,,,,,,,,,,,,,,,,,,,,,,,,,,,,,,,,,
2117425,41f518eaa90ec77ab7ae8c47e0742fbf953f77a1ca62356c762da77414e863925fde9f30ceeb5795591f34983f7ce69ff31b51bf2e067a452b8addd75e105fbc,07/30/2025 12:30:00 AM,2,DRIVER,,2018519,,HYUNDAI,VENUE,FL,2022,NONE,PASSENGER,PERSONAL,SE,ENTERING TRAFFIC LANE FROM PARKING,,,1,,,,,Y,,,,,,,,,,,,,FRONT-LEFT-CORNER,,,,,,,,,,,,,,,,,,,,,,,,,,,,,,,,,
2117439,ee55e62d4767d94c97dc5b031b81b8de7166de321c31bd86587e8fff3544f6f05bb4171df2da1466748808f79c7b2486fa33610c2af6cb8dbe751af7f9d93b81,07/29/2025 11:44:00 PM,1,DRIVER,1,2018531,,DODGE,CHALLENGER,IL,2019,UNKNOWN,PASSENGER,PERSONAL,W,OTHER,,,2,,,,,,,,,,,Y,Y,Y,Y,Y,,,SIDE-LEFT-FRONT,,,,,,,,,,,,,,,,,,,,,,,,,,,,,,,,,
2117440,ee55e62d4767d94c97dc5b031b81b8de7166de321c31bd86587e8fff3544f6f05bb4171df2da1466748808f79c7b2486fa33610c2af6cb8dbe751af7f9d93b81,07/29/2025 11:44:00 PM,2,DRIVER,3,2018532,,TOYOTA,CAMRY,IL,2018,NONE,PASSENGER,PERSONAL,W,OTHER,,,4,,,,,Y,Y,Y,N,,,,,,,,,,SIDE-RIGHT,,,,,,,,,,,,,,,,,,,,,,,,,,,,,,,,,
2118061,9b7a85cdf8bf63c3be0d425aa7778bc2766a17d8dcf73fee03199a5953fb97a1d8789ea506cfdcb609ce747cb8e86e17211a95122bddbfd51068aefa0b308719,07/29/2025 11:00:00 PM,1,DRIVER,,2019132,,FORD,F150,IL,2022,UNKNOWN,UNKNOWN/NA,UNKNOWN/NA,S,STRAIGHT AHEAD,,,1,,,,,,,,,,,,,,,,,Y,FRONT,,,,,,,,,,,,,,,,,,,,,,,,,,,,,,,,,
2118062,9b7a85cdf8bf63c3be0d425aa7778bc2766a17d8dcf73fee03199a5953fb97a1d8789ea506cfdcb609ce747cb8e86e17211a95122bddbfd51068aefa0b308719,07/29/2025 11:00:00 PM,2,DRIVER,,2019140,,KAWASAKI,MOTORCYCLE,IL,2023,UNKNOWN,MOPED OR MOTORIZED BICYCLE,UNKNOWN/NA,S,TURNING LEFT,,,1,,,,,,,,,,,,,,,,,N,REAR,,,,,,,,,,,,,,,,,,,,,,,,,,,,,,,,,
2118063,9b7a85cdf8bf63c3be0d425aa7778bc2766a17d8dcf73fee03199a5953fb97a1d8789ea506cfdcb609ce747cb8e86e17211a95122bddbfd51068aefa0b308719,07/29/2025 11:00:00 PM,3,DRIVER,1,2019145,,UNKNOWN,OTHER (EXPLAIN IN NARRATIVE),IL,,UNKNOWN,MOPED OR MOTORIZED BICYCLE,UNKNOWN/NA,S,TURNING LEFT,,,2,,,,,,,,,,,,,,,,,Y,REAR,,,,,,,,,,,,,,,,,,,,,,,,,,,,,,,,,
2117405,9e54f256efb8d0842e43f3f0e04bccadfb8fe9fef94f660f72f1cebf4080f3e6510e99a7a3c8d54f1abc8ff3ed4449d02c3c51611ce7e923fe0e4784ab4930af,07/29/2025 11:00:00 PM,1,DRIVER,,2018495,,SATURN,VUE,MN,2004,UNKNOWN,PASSENGER,PERSONAL,S,STRAIGHT AHEAD,,,1,,,,,,,,,,,,,,Y,Y,,,SIDE-RIGHT-FRONT,,,,,,,,,,,,,,,,,,,,,,,,,,,,,,,,,
2117406,9e54f256efb8d0842e43f3f0e04bccadfb8fe9fef94f660f72f1cebf4080f3e6510e99a7a3c8d54f1abc8ff3ed4449d02c3c51611ce7e923fe0e4784ab4930af,07/29/2025 11:00:00 PM,2,DRIVER,,2018494,,FORD,FUSION,IL,2012,NONE,PASSENGER,PERSONAL,S,STRAIGHT AHEAD,,,1,,,,,Y,Y,,,,,,,,,,,,SIDE-RIGHT-FRONT,,,,,,,,,,,,,,,,,,,,,,,,,,,,,,,,,
2118588,fdf6746d17c0c70d52ded9305faff7062a5b39f6b0d7e225dea3d1ba02c03d9f39fbb5a7a0ea75da121013badf510039c8ec265e8c3f30473f02cb2648cc80ba,07/29/2025 11:00:00 PM,1,DRIVER,,2019625,,CHRYSLER,200,IL,2016,UNKNOWN,PASSENGER,PERSONAL,W,UNKNOWN/NA,Y,,1,,UNKNOWN,UNKNOWN,,Y,Y,Y,Y,Y,,,,,,,,,UNKNOWN,,,,,,,,,,,,,,,,,,,,,,,,,,,,,,,,,
2118589,fdf6746d17c0c70d52ded9305faff7062a5b39f6b0d7e225dea3d1ba02c03d9f39fbb5a7a0ea75da121013badf510039c8ec265e8c3f30473f02cb2648cc80ba,07/29/2025 11:00:00 PM,2,PARKED,,2019626,,CHEVROLET,IMPALA,IL,2014,NONE,PASSENGER,PERSONAL,W,PARKED,Y,,0,,PERONAL,UNKNOWN,,,,,,,,Y,Y,Y,Y,Y,,,SIDE-LEFT-REAR,,,,,,,,,,,,,,,,,,,,,,,,,,,,,,,,,
2117721,5573cad98e2cf2c13e98afd403652f7963100e27b3214894f9ebade0612c19db0b0cc1364e8d87b040ea2aae01ca8f31b4b48da1464fcd068080f926ee5864d3,07/29/2025 10:54:00 PM,1,DRIVER,,2018784,,CHEVROLET,EQUINOX,IL,2018,UNKNOWN,PASSENGER,PERSONAL,S,STRAIGHT AHEAD,,,1,,,,,,,,,,,,,,Y,Y,Y,,FRONT-LEFT-CORNER,,,,,,,,,,,,,,,,,,,,,,,,,,,,,,,,,
2117722,5573cad98e2cf2c13e98afd403652f7963100e27b3214894f9ebade0612c19db0b0cc1364e8d87b040ea2aae01ca8f31b4b48da1464fcd068080f926ee5864d3,07/29/2025 10:54:00 PM,2,DRIVER,,2018785,,HONDA,CIVIC,IL,2022,UNKNOWN,PASSENGER,PERSONAL,N,STRAIGHT AHEAD,,,1,,,,,,,,,,,Y,Y,,,,,,REAR-LEFT-CORNER,,,,,,,,,,,,,,,,,,,,,,,,,,,,,,,,,
2117409,79de41706b674898ee2e90d9959566ca56beffa93e91ee0fe03274a5bd5a6b6ac7c8ed6e5771227d99df099593c67169aa32c55b217d18290137706732b66085,07/29/2025 10:49:00 PM,1,DRIVER,,2018497,,FORD,BRONCO / BRONCO II,IL,2021,UNKNOWN,SPORT UTILITY VEHICLE (SUV),PERSONAL,W,STRAIGHT AHEAD,,,1,,,,,,,,,,,,Y,Y,,,,,FRONT,,,,,,,,,,,,,,,,,,,,,,,,,,,,,,,,,
2117410,79de41706b674898ee2e90d9959566ca56beffa93e91ee0fe03274a5bd5a6b6ac7c8ed6e5771227d99df099593c67169aa32c55b217d18290137706732b66085,07/29/2025 10:49:00 PM,2,DRIVER,1,2018503,N,FORD,EXPLORER,IL,2023,NONE,SPORT UTILITY VEHICLE (SUV),POLICE,N,STRAIGHT AHEAD,Y,,2,,CITY OF CHICAGO,,,Y,,,,,,,,,,Y,Y,,SIDE-LEFT-REAR,,,,,,,,,,,,,,,,,,,,,,,,,,,,,,,,,
2117613,a14fe1abcc1f8e5c25c6b6ad3aa24f86d664c092fa2163e927c36324fc2a9f598f2678b4b7d40c278897a7d62f580b7bda1f83c5217b2b103b91b2f99dbd72c5,07/29/2025 10:30:00 PM,1,DRIVER,,2018684,,UNKNOWN,OTHER (EXPLAIN IN NARRATIVE),,,UNKNOWN,UNKNOWN/NA,UNKNOWN/NA,UNKNOWN,STRAIGHT AHEAD,,,1,,,,,,,,,,,,,,,,,Y,UNKNOWN,,,,,,,,,,,,,,,,,,,,,,,,,,,,,,,,,
2117614,a14fe1abcc1f8e5c25c6b6ad3aa24f86d664c092fa2163e927c36324fc2a9f598f2678b4b7d40c278897a7d62f580b7bda1f83c5217b2b103b91b2f99dbd72c5,07/29/2025 10:30:00 PM,2,PARKED,,2018686,,HONDA,ACCORD,IL,2013,NONE,PASSENGER,PERSONAL,W,PARKED IN TRAFFIC LANE,,,0,,,,,,,,,,,Y,,,,,,,FRONT-LEFT-CORNER,,,,,,,,,,,,,,,,,,,,,,,,,,,,,,,,,
2117403,e7a0fd54ad7afa73eb8fc5260d61c64185856934daa30f8b56e83e136d5dd9e5195d76b0ae14b9be58de4ee588aabb9d192d25424262490ab5850f570c38ec08,07/29/2025 10:30:00 PM,1,DRIVER,,2018493,,CHEVROLET,MALIBU,IL,2018,UNKNOWN,PASSENGER,PERSONAL,N,STRAIGHT AHEAD,,,1,,,,,Y,,,,,,,,,,,,,FRONT-RIGHT-CORNER,,,,,,,,,,,,,,,,,,,,,,,,,,,,,,,,,
2117404,e7a0fd54ad7afa73eb8fc5260d61c64185856934daa30f8b56e83e136d5dd9e5195d76b0ae14b9be58de4ee588aabb9d192d25424262490ab5850f570c38ec08,07/29/2025 10:30:00 PM,2,DRIVER,,2018505,,KIA,NIRO,IL,2023,UNKNOWN,PASSENGER,RIDESHARE SERVICE,W,STRAIGHT AHEAD,,,1,,,,,,,,,,,,,,,Y,,,FRONT-LEFT-CORNER,,,,,,,,,,,,,,,,,,,,,,,,,,,,,,,,,
2117413,aa7e21fc75b4216452a05fd8583fb41655145be667f0b928e116ac7ad443954ce17e281c9919c33a25466a5c622a903b71a91cae5b9ff648d8bf9a05bc0dbfe9,07/29/2025 10:23:00 PM,1,DRIVER,,2018501,,UNKNOWN,OTHER (EXPLAIN IN NARRATIVE),IL,,UNKNOWN,MOTORCYCLE (OVER 150CC),UNKNOWN/NA,N,STRAIGHT AHEAD,,,1,,,,,Y,,,,,,,,,,Y,Y,,FRONT,,,,,,,,,,,,,,,,,,,,,,,,,,,,,,,,,
2117414,aa7e21fc75b4216452a05fd8583fb41655145be667f0b928e116ac7ad443954ce17e281c9919c33a25466a5c622a903b71a91cae5b9ff648d8bf9a05bc0dbfe9,07/29/2025 10:23:00 PM,2,DRIVER,1,2018504,,HYUNDAI,ELANTRA,IL,2021,UNKNOWN,PASSENGER,PERSONAL,SW,TURNING LEFT,,,2,,,,,,,,,,Y,Y,Y,,,,,,REAR-LEFT-CORNER,,,,,,,,,,,,,,,,,,,,,,,,,,,,,,,,,
2117411,f15776bc201103a7cb722ccdd9fb9c74f4c79a0975251c7086b3d0d507615c7cda2dba485b641ac51c876d136aebc289fba3d748828d41de88374783716d712a,07/29/2025 10:20:00 PM,2,DRIVER,,2018498,,JEEP,WRANGLER,IL,2022,NONE,PASSENGER,PERSONAL,S,STRAIGHT AHEAD,,,1,,,,,Y,Y,Y,,,,,,,,,,,SIDE-RIGHT-FRONT,,,,,,,,,,,,,,,,,,,,,,,,,,,,,,,,,
2117412,f15776bc201103a7cb722ccdd9fb9c74f4c79a0975251c7086b3d0d507615c7cda2dba485b641ac51c876d136aebc289fba3d748828d41de88374783716d712a,07/29/2025 10:20:00 PM,1,DRIVER,1,2018500,Y,FORD,VAN,IL,2023,NONE,VAN/MINI-VAN,AMBULANCE,S,ENTERING TRAFFIC LANE FROM PARKING,Y,,2,,PRIVATE TOW,PRIVATE,,,,,,,,,,Y,Y,Y,,,FRONT-LEFT-CORNER,,,,,,,,,,,,,,,,,,,,,,,,,,,,,,,,,
2117417,e4c1156d46d432a946e35f8770b7e34e0f6c11e7a2ded07467dda009d8c2357d51fe4ffa08d79d9ee87e902bafd589b664c1173895a0292e87db93eb2bda3f26,07/29/2025 10:10:00 PM,1,DRIVER,,2018510,,HONDA,ACCORD,IL,2007,UNKNOWN,PASSENGER,PERSONAL,S,STRAIGHT AHEAD,N,,1,,,,,Y,Y,Y,N,,,,,,,,,,FRONT-RIGHT-CORNER,,,,,,,,,,,,,,,,,,,,,,,,,,,,,,,,,
2117418,e4c1156d46d432a946e35f8770b7e34e0f6c11e7a2ded07467dda009d8c2357d51fe4ffa08d79d9ee87e902bafd589b664c1173895a0292e87db93eb2bda3f26,07/29/2025 10:10:00 PM,2,PARKED,,2018513,,TOYOTA,CAMRY,MI,2024,NONE,PASSENGER,NOT IN USE,S,PARKED,Y,,0,,PERSONAL,UNKNOWN,,,,,,,,,Y,Y,Y,Y,,,SIDE-LEFT,,,,,,,,,,,,,,,,,,,,,,,,,,,,,,,,,
2117419,e4c1156d46d432a946e35f8770b7e34e0f6c11e7a2ded07467dda009d8c2357d51fe4ffa08d79d9ee87e902bafd589b664c1173895a0292e87db93eb2bda3f26,07/29/2025 10:10:00 PM,3,PARKED,,2018518,,TOYOTA,SOLARA,IL,2002,UNKNOWN,PASSENGER,NOT IN USE,S,PARKED,Y,,0,,PERSONAL,UNKNOWN,,,,,,,,Y,Y,Y,Y,Y,,,SIDE-LEFT,,,,,,,,,,,,,,,,,,,,,,,,,,,,,,,,,
2118089,e9be88865bcabf6e2d2e23929ca245b7f2d6eed938b33168018000a2b41fe08959b90752a2135fb50b50febe8d9c97e1cfa86ca2aac5712b6d5e455439e0be93,07/29/2025 10:00:00 PM,1,DRIVER,,2019151,,JEEP,GRAND CHEROKEE,IL,2022,NONE,PASSENGER,PERSONAL,S,STRAIGHT AHEAD,,,1,,,,,,,,,,,,,,,,,Y,UNKNOWN,,,,,,,,,,,,,,,,,,,,,,,,,,,,,,,,,
2118090,e9be88865bcabf6e2d2e23929ca245b7f2d6eed938b33168018000a2b41fe08959b90752a2135fb50b50febe8d9c97e1cfa86ca2aac5712b6d5e455439e0be93,07/29/2025 10:00:00 PM,2,DRIVER,,2019158,,NISSAN,ROGUE,IL,2019,NONE,PASSENGER,PERSONAL,S,STRAIGHT AHEAD,,,1,,,,,,,,,,,,,,Y,Y,,,FRONT-LEFT-CORNER,,,,,,,,,,,,,,,,,,,,,,,,,,,,,,,,,
2117415,62611475d20eeb8afd7e0e9d72998325fcdf38b44148d5dec02bdb83d4598d26577abd47069c71bdc40301cad2877f0753522e08d1b07409ff5518873dee7179,07/29/2025 09:50:00 PM,1,DRIVER,,2018507,,VOLKSWAGEN,OTHER (EXPLAIN IN NARRATIVE),IL,2008,UNKNOWN,PASSENGER,PERSONAL,S,STRAIGHT AHEAD,,,1,,,,,,Y,Y,,,,,,,,,,,SIDE-RIGHT,,,,,,,,,,,,,,,,,,,,,,,,,,,,,,,,,
2117416,62611475d20eeb8afd7e0e9d72998325fcdf38b44148d5dec02bdb83d4598d26577abd47069c71bdc40301cad2877f0753522e08d1b07409ff5518873dee7179,07/29/2025 09:50:00 PM,2,PARKED,,2018508,,HONDA,PILOT,IL,2006,UNKNOWN,PASSENGER,PERSONAL,S,PARKED,,,0,,,,,,,,,,,,Y,Y,Y,Y,,,SIDE-LEFT,,,,,,,,,,,,,,,,,,,,,,,,,,,,,,,,,
2117386,cf749e4155404605c773d13b5c75496c4eefe74a65f122e13eb2d26fec9e2268229f7df44e093ad1240af81eab3e7dea88613d333d2b34c92884f06fa4539a88,07/29/2025 09:45:00 PM,1,DRIVER,,2018472,,SUBARU,CROSSTREK,IL,,NONE,PASSENGER,PERSONAL,W,TURNING LEFT,Y,,1,,city chgo,,,Y,,,,,,,,,,Y,Y,,FRONT,,,,,,,,,,,,,,,,,,,,,,,,,,,,,,,,,
2117387,cf749e4155404605c773d13b5c75496c4eefe74a65f122e13eb2d26fec9e2268229f7df44e093ad1240af81eab3e7dea88613d333d2b34c92884f06fa4539a88,07/29/2025 09:45:00 PM,2,DRIVER,,2018479,,TOYOTA,4RUNNER,IL,2019,NONE,PASSENGER,PERSONAL,S,TURNING RIGHT,,,1,,,,,,,,,,,Y,Y,,,,,,REAR-LEFT-CORNER,,,,,,,,,,,,,,,,,,,,,,,,,,,,,,,,,
2117388,cf749e4155404605c773d13b5c75496c4eefe74a65f122e13eb2d26fec9e2268229f7df44e093ad1240af81eab3e7dea88613d333d2b34c92884f06fa4539a88,07/29/2025 09:45:00 PM,3,DRIVER,,2018481,,TOYOTA,PRIUS,IL,2014,NONE,OTHER,TAXI/FOR HIRE,N,STRAIGHT AHEAD,Y,,1,,,11 w bessie coleman,,,,,,,,,Y,Y,Y,,,,FRONT-LEFT-CORNER,,,,,,,,,,,,,,,,,,,,,,,,,,,,,,,,,
2117389,cf749e4155404605c773d13b5c75496c4eefe74a65f122e13eb2d26fec9e2268229f7df44e093ad1240af81eab3e7dea88613d333d2b34c92884f06fa4539a88,07/29/2025 09:45:00 PM,4,DRIVER,,2018491,,NISSAN,SENTRA,IL,2019,NONE,PASSENGER,PERSONAL,N,STRAIGHT AHEAD,,,1,,,,,,,,,,,,,,,,Y,,FRONT,,,,,,,,,,,,,,,,,,,,,,,,,,,,,,,,,
2117463,202cd550bf077443302953304b86b986a61290d5ed65c042e5a1f276bebe6f00bcf0f35ec2c847140ee13274520492c7c22cae8e79082f70525e53ae65a88dc9,07/29/2025 09:40:00 PM,1,DRIVER,,2018548,,HYUNDAI,SANTA FE,IL,2016,UNKNOWN,PASSENGER,UNKNOWN/NA,W,CHANGING LANES,,,1,,,,,,,,,,,,,,,,,Y,SIDE-LEFT,,,,,,,,,,,,,,,,,,,,,,,,,,,,,,,,,