CRASH_UNIT_ID,CRASH_RECORD_ID,CRASH_DATE,UNIT_NO,UNIT_TYPE,NUM_PASSENGERS,VEHICLE_ID,CMRC_VEH_I,MAKE,MODEL,LIC_PLATE_STATE,VEHICLE_YEAR,VEHICLE_DEFECT,VEHICLE_TYPE,VEHICLE_USE,TRAVEL_DIRECTION,MANEUVER,TOWED_I,FIRE_I,OCCUPANT_CNT,EXCEED_SPEED_LIMIT_I,TOWED_BY,TOWED_TO,AREA_00_I,AREA_01_I,AREA_02_I,AREA_03_I,AREA_04_I,AREA_05_I,AREA_06_I,AREA_07_I,AREA_08_I,AREA_09_I,AREA_10_I,AREA_11_I,AREA_12_I,AREA_99_I,FIRST_CONTACT_POINT,CMV_ID,USDOT_NO,CCMC_NO,ILCC_NO,COMMERCIAL_SRC,GVWR,CARRIER_NAME,CARRIER_STATE,CARRIER_CITY,HAZMAT_PLACARDS_I,HAZMAT_NAME,UN_NO,HAZMAT_PRESENT_I,HAZMAT_REPORT_I,HAZMAT_REPORT_NO,MCS_REPORT_I,MCS_REPORT_NO,HAZMAT_VIO_CAUSE_CRASH_I,MCS_VIO_CAUSE_CRASH_I,IDOT_PERMIT_NO,WIDE_LOAD_I,TRAILER1_WIDTH,TRAILER2_WIDTH,TRAILER1_LENGTH,TRAILER2_LENGTH,TOTAL_VEHICLE_LENGTH,AXLE_CNT,VEHICLE_CONFIG,CARGO_BODY_TYPE,LOAD_TYPE,HAZMAT_OUT_OF_SERVICE_I,MCS_OUT_OF_SERVICE_I,HAZMAT_CLASS
2117464,202cd550bf077443302953304b86b986a61290d5ed65c042e5a1f276bebe6f00bcf0f35ec2c847140ee13274520492c7c22cae8e79082f70525e53ae65a88dc9,07/29/2025 09:40:00 PM,2,DRIVER,1,2018549,,TOYOTA,CAMRY,IL,2024,UNKNOWN,PASSENGER,RIDESHARE SERVICE,W,STRAIGHT AHEAD,,,2,,,,,Y,Y,Y,Y,Y,,,,,,,,,SIDE-RIGHT-FRONT,,,,,,,,,,,,,,,,,,,,,,,,,,,,,,,,,
2117390,b72eedd74a55f4495cd79e2063ea30267f30ef3ce1ed65d8bf75bd68731bf0be66c13556510899ce8568891edc0c37e3e4d3c12f10d95d875a36e7d5890cfeca,07/29/2025 09:38:00 PM,1,DRIVER,,2018474,,CHEVROLET,MALIBU,IL,2023,NONE,PASSENGER,POLICE,N,STRAIGHT AHEAD,,,1,,,,,Y,Y,,,,,,,,,,,,FRONT-RIGHT-CORNER,,,,,,,,,,,,,,,,,,,,,,,,,,,,,,,,,
2117399,3f893d278567739f60800b4a2c39240ba0f548ec555bebef5d1cedd105bbc2c23c8f3b019d72fade0696c4632c2d016aa2c5ebd867c3c6df60717c89e9a7fc3c,07/29/2025 09:31:00 PM,1,DRIVER,,2018484,,KIA,OTHER (EXPLAIN IN NARRATIVE),IL,2025,NONE,PASSENGER,PERSONAL,S,STRAIGHT AHEAD,Y,,1,,s&s,pound 6,,Y,,,,,,,,,,Y,Y,Y,FRONT-RIGHT-CORNER,,,,,,,,,,,,,,,,,,,,,,,,,,,,,,,,,
2117400,3f893d278567739f60800b4a2c39240ba0f548ec555bebef5d1cedd105bbc2c23c8f3b019d72fade0696c4632c2d016aa2c5ebd867c3c6df60717c89e9a7fc3c,07/29/2025 09:31:00 PM,2,PARKED,,2018486,,VOLKSWAGEN,OTHER (EXPLAIN IN NARRATIVE),IL,2023,NONE,SPORT UTILITY VEHICLE (SUV),PERSONAL,S,PARKED,,,0,,,,N,,,,,,Y,Y,,,,,,Y,REAR-LEFT-CORNER,,,,,,,,,,,,,,,,,,,,,,,,,,,,,,,,,
2117603,25e08cdc34583dd5cb59e06ca67a24ab6fdd553826f4ae3b53a8c15fb7c0ccddbfa7246fa4d2e755b824328ec7d42840476d9235aef2bad3673640aea95cb4c1,07/29/2025 09:30:00 PM,1,DRIVER,,2018671,,CHEVROLET,TRAVERSE,IL,2019,UNKNOWN,SPORT UTILITY VEHICLE (SUV),UNKNOWN/NA,W,PASSING/OVERTAKING,,,1,,,,,,,,,,,,,,,,,,SIDE-LEFT,,,,,,,,,,,,,,,,,,,,,,,,,,,,,,,,,
2117604,25e08cdc34583dd5cb59e06ca67a24ab6fdd553826f4ae3b53a8c15fb7c0ccddbfa7246fa4d2e755b824328ec7d42840476d9235aef2bad3673640aea95cb4c1,07/29/2025 09:30:00 PM,2,DRIVER,,2018676,,AUDI,Q5,IL,2020,NONE,SPORT UTILITY VEHICLE (SUV),PERSONAL,W,STRAIGHT AHEAD,,,1,,,,,Y,,,,,,,,,,,,,FRONT-RIGHT-CORNER,,,,,,,,,,,,,,,,,,,,,,,,,,,,,,,,,
2117422,8d175ea428356c589cea8a0a116c3191caae1898a5be367bef2eb300126537f0e292e426ea7965a6c646537e19bfab3848cb0ea476e5c2f435d333fc4c9b2dd7,07/29/2025 09:30:00 PM,1,DRIVER,,2018512,,JEEP,CHEROKEE,IL,,UNKNOWN,PASSENGER,PERSONAL,N,STRAIGHT AHEAD,,,1,,,,,N,N,,,,,,,,Y,Y,Y,,FRONT-LEFT-CORNER,,,,,,,,,,,,,,,,,,,,,,,,,,,,,,,,,
2117423,8d175ea428356c589cea8a0a116c3191caae1898a5be367bef2eb300126537f0e292e426ea7965a6c646537e19bfab3848cb0ea476e5c2f435d333fc4c9b2dd7,07/29/2025 09:30:00 PM,2,DRIVER,,2018517,,HYUNDAI,SONATA,IL,2017,UNKNOWN,PASSENGER,PERSONAL,E,STRAIGHT AHEAD,,,1,,,,,Y,Y,,,,,,,,,,Y,,FRONT-RIGHT-CORNER,,,,,,,,,,,,,,,,,,,,,,,,,,,,,,,,,
2118068,cc9cd9ab64219bf8bec84b8170ae5510ce31602c0b227719980a95819bb17adb18b52e0047d06fe74da6b5e4d3446689aff523d8c53e3349990750a7ce3ce51f,07/29/2025 09:30:00 PM,1,DRIVER,,2019124,,UNKNOWN,MOTORIZED,,,UNKNOWN,UNKNOWN/NA,UNKNOWN/NA,N,STRAIGHT AHEAD,,,1,,,,,,,,,,,,,,,,,Y,UNKNOWN,,,,,,,,,,,,,,,,,,,,,,,,,,,,,,,,,
2118069,cc9cd9ab64219bf8bec84b8170ae5510ce31602c0b227719980a95819bb17adb18b52e0047d06fe74da6b5e4d3446689aff523d8c53e3349990750a7ce3ce51f,07/29/2025 09:30:00 PM,2,DRIVER,,2019125,,NISSAN,ALTIMA,IL,2020,UNKNOWN,PASSENGER,PERSONAL,N,STRAIGHT AHEAD,,,1,,,,,,,,,,,,,,,,,,FRONT,,,,,,,,,,,,,,,,,,,,,,,,,,,,,,,,,
2118070,cc9cd9ab64219bf8bec84b8170ae5510ce31602c0b227719980a95819bb17adb18b52e0047d06fe74da6b5e4d3446689aff523d8c53e3349990750a7ce3ce51f,07/29/2025 09:30:00 PM,3,DRIVER,,2019126,,KIA,SPORTAGE,IL,2017,UNKNOWN,SPORT UTILITY VEHICLE (SUV),PERSONAL,N,STRAIGHT AHEAD,,,1,,,,,,,,,,,,,,,,,,REAR,,,,,,,,,,,,,,,,,,,,,,,,,,,,,,,,,
2117372,cbd02f1fb6bcc2f05ba2c162cd6121d070db2f06e4f5ca159a0aad2234c8de887051035d9557834b12502a3fd3cd61376365e59c6bd5b4f23e265458326e25a9,07/29/2025 09:27:00 PM,1,DRIVER,,2018457,,UNKNOWN,OTHER (EXPLAIN IN NARRATIVE),IL,2015,UNKNOWN,OTHER,OTHER,N,TURNING RIGHT,,,1,,,,,,Y,Y,Y,,,,,,,,,,SIDE-RIGHT,,,,,,,,,,,,,,,,,,,,,,,,,,,,,,,,,
2117373,cbd02f1fb6bcc2f05ba2c162cd6121d070db2f06e4f5ca159a0aad2234c8de887051035d9557834b12502a3fd3cd61376365e59c6bd5b4f23e265458326e25a9,07/29/2025 09:27:00 PM,2,DRIVER,,2018459,,TOYOTA,HIGHLANDER,IL,2022,UNKNOWN,PASSENGER,PERSONAL,N,TURNING RIGHT,,,1,,,,,,,,,,,,,Y,Y,Y,,,FRONT-LEFT-CORNER,,,,,,,,,,,,,,,,,,,,,,,,,,,,,,,,,
2117364,748ec7921341ba26d349ba1894c5c9c58d91bd8c784fb7082aa8ba724871ef33768ac3630fea0a371d2344b92424b5f7c912d9bd0001a2a9d05437305280d1ae,07/29/2025 09:19:00 PM,1,DRIVER,,2018448,,TOYOTA,SIENNA,IL,2019,NONE,SPORT UTILITY VEHICLE (SUV),TAXI/FOR HIRE,S,STRAIGHT AHEAD,,,1,,,,,,,,,,,,,,,,,Y,FRONT,,,,,,,,,,,,,,,,,,,,,,,,,,,,,,,,,
2117365,748ec7921341ba26d349ba1894c5c9c58d91bd8c784fb7082aa8ba724871ef33768ac3630fea0a371d2344b92424b5f7c912d9bd0001a2a9d05437305280d1ae,07/29/2025 09:19:00 PM,2,DRIVER,,2018451,,TOYOTA,SIENNA,IL,2024,NONE,SPORT UTILITY VEHICLE (SUV),TAXI/FOR HIRE,S,SLOW/STOP IN TRAFFIC,,,1,,,,,,,,,Y,Y,Y,,,,,,,REAR,,,,,,,,,,,,,,,,,,,,,,,,,,,,,,,,,
2117407,99545b2499817f854c259edfce78302c90f7fd19ca68aa04b27903d6a86f59332f727df930f70f6d3d7d81b8463e2fc53f2e96abdf8d8c1571a2fc7925424c87,07/29/2025 09:16:00 PM,1,DRIVER,,2018496,,DODGE,DURANGO,IL,2005,NONE,SPORT UTILITY VEHICLE (SUV),PERSONAL,S,STRAIGHT AHEAD,,,1,,,,,N,,,,,,,,,,,N,Y,SIDE-RIGHT,,,,,,,,,,,,,,,,,,,,,,,,,,,,,,,,,
2117408,99545b2499817f854c259edfce78302c90f7fd19ca68aa04b27903d6a86f59332f727df930f70f6d3d7d81b8463e2fc53f2e96abdf8d8c1571a2fc7925424c87,07/29/2025 09:16:00 PM,2,PARKED,,2018499,,HONDA,ODYSSEY,IL,2014,NONE,VAN/MINI-VAN,PERSONAL,S,PARKED,,,0,,,,,Y,,,,,,,,,,Y,Y,,FRONT-LEFT-CORNER,,,,,,,,,,,,,,,,,,,,,,,,,,,,,,,,,
2117384,a2a0a3a3d12375cda90e85bded5b704aa73a77c5c070bfaf3640dde45c1b0ba0d787cfeb347b6718418d21e31d037ed5a75099b1565a32074f8e98426bc42fa0,07/29/2025 09:15:00 PM,1,DRIVER,1,2018471,,SUBARU,FORESTER,IL,,UNKNOWN,SPORT UTILITY VEHICLE (SUV),RIDESHARE SERVICE,S,STRAIGHT AHEAD,,,2,,,,,,,,,,,,,,,Y,N,,FRONT-LEFT-CORNER,,,,,,,,,,,,,,,,,,,,,,,,,,,,,,,,,
2117385,a2a0a3a3d12375cda90e85bded5b704aa73a77c5c070bfaf3640dde45c1b0ba0d787cfeb347b6718418d21e31d037ed5a75099b1565a32074f8e98426bc42fa0,07/29/2025 09:15:00 PM,2,DRIVER,1,2018475,,HYUNDAI,SANTA FE,IL,2016,UNKNOWN,SPORT UTILITY VEHICLE (SUV),UNKNOWN/NA,S,STRAIGHT AHEAD,,,2,,,,,,,Y,Y,Y,,,,,,,,,REAR-RIGHT-CORNER,,,,,,,,,,,,,,,,,,,,,,,,,,,,,,,,,
2117355,339bb51e60617bf9ef6aa6586ecb35c6b84a1509942387f4b20f6726008983ac1bb1f2e9b4bed43452bc2006f82ea6089dc9cf2747daba54afbd8f3861e52d10,07/29/2025 09:09:00 PM,1,DRIVER,,2018447,,MAZDA,OTHER (EXPLAIN IN NARRATIVE),IL,2011,UNKNOWN,PASSENGER,PERSONAL,S,PASSING/OVERTAKING,,,1,,,,,Y,,,,,,,,,,,,,FRONT-RIGHT-CORNER,,,,,,,,,,,,,,,,,,,,,,,,,,,,,,,,,
2117356,339bb51e60617bf9ef6aa6586ecb35c6b84a1509942387f4b20f6726008983ac1bb1f2e9b4bed43452bc2006f82ea6089dc9cf2747daba54afbd8f3861e52d10,07/29/2025 09:09:00 PM,2,DRIVER,,2018455,,HONDA,CIVIC,IL,2018,UNKNOWN,PASSENGER,PERSONAL,S,SLOW/STOP IN TRAFFIC,,,1,,,,,,,,,,,,Y,,,,,,SIDE-LEFT-REAR,,,,,,,,,,,,,,,,,,,,,,,,,,,,,,,,,
2122327,63b2715078d1ffec6d8c385b0abaa0a3401e299d2dfef07ff2243ebfa95c8df1296aeb56f9b316239867174708b3a928ad98b1231af7f23ec05326b736b1960f,07/29/2025 09:05:00 PM,1,DRIVER,,2023237,,CHRYSLER,200,IL,2015,UNKNOWN,PASSENGER,PERSONAL,S,UNKNOWN/NA,Y,,1,,streets and sanitations,,,Y,Y,N,,,,,,,Y,Y,Y,,FRONT-LEFT-CORNER,,,,,,,,,,,,,,,,,,,,,,,,,,,,,,,,,
2122328,63b2715078d1ffec6d8c385b0abaa0a3401e299d2dfef07ff2243ebfa95c8df1296aeb56f9b316239867174708b3a928ad98b1231af7f23ec05326b736b1960f,07/29/2025 09:05:00 PM,2,DRIVER,3,2023238,,DODGE,CARAVAN,IL,2013,NONE,VAN/MINI-VAN,PERSONAL,N,STRAIGHT AHEAD,,,4,,,,,,,,,,,,Y,Y,,,,,SIDE-LEFT-REAR,,,,,,,,,,,,,,,,,,,,,,,,,,,,,,,,,
2119650,6b10f1641600373601a6a300e5c88b95116ded7bc907a0ac3fefd61927b7106696fb6191a2e9c717c048d2b74322c9931732e94ee8cd5c2930b67e2c20e6b21a,07/29/2025 09:02:00 PM,1,DRIVER,,2020658,,TOYOTA,HIGHLANDER,IL,2017,NONE,PASSENGER,PERSONAL,W,STRAIGHT AHEAD,,,1,,,,,,,,,,,,,,,,Y,,FRONT,,,,,,,,,,,,,,,,,,,,,,,,,,,,,,,,,
2119651,6b10f1641600373601a6a300e5c88b95116ded7bc907a0ac3fefd61927b7106696fb6191a2e9c717c048d2b74322c9931732e94ee8cd5c2930b67e2c20e6b21a,07/29/2025 09:02:00 PM,2,DRIVER,,2020654,,TOYOTA,CAMRY,IL,2005,NONE,PASSENGER,PERSONAL,S,SLOW/STOP IN TRAFFIC,,,1,,,,,,Y,,,,,,,,,,,,SIDE-RIGHT,,,,,,,,,,,,,,,,,,,,,,,,,,,,,,,,,
2121364,0e3f004359643b9a045e2e260b3abbfb61fb4a8feea991bb6c1aa66dac832d559ec176b46949682e9ef39560f7b5cbfee2f760366b6d803b92c4ead878f3ba22,07/29/2025 09:00:00 PM,1,DRIVER,,2022320,,GENERAL MOTORS CORPORATION (GMC),OTHER (EXPLAIN IN NARRATIVE),IL,2019,NONE,SPORT UTILITY VEHICLE (SUV),OTHER,S,STRAIGHT AHEAD,,,1,,,,,Y,,,,,,,,,,Y,Y,,FRONT,,,,,,,,,,,,,,,,,,,,,,,,,,,,,,,,,
2121365,0e3f004359643b9a045e2e260b3abbfb61fb4a8feea991bb6c1aa66dac832d559ec176b46949682e9ef39560f7b5cbfee2f760366b6d803b92c4ead878f3ba22,07/29/2025 09:00:00 PM,2,PARKED,,2022325,,NISSAN,SENTRA,IL,2018,NONE,PASSENGER,NOT IN USE,S,PARKED,,,0,,,,,,,,,Y,Y,Y,,,,,,,REAR,,,,,,,,,,,,,,,,,,,,,,,,,,,,,,,,,
2117881,3443b8a17ce755df1b1b1d168a7e724f6bb716cc6bb5d1e36fbfa2c6bf80ff21bdf18b88431e53f4adcc5a3f11f08146b9d8d2acf95a8228eccacf1639f87b7b,07/29/2025 09:00:00 PM,1,DRIVER,,2018936,,HARLEY-DAVIDSON,HARLEY-DAVIDSON,IL,,UNKNOWN,MOTORCYCLE (OVER 150CC),UNKNOWN/NA,E,PASSING/OVERTAKING,,,1,,,,,,,,,,,,,,,,,Y,SIDE-LEFT,,,,,,,,,,,,,,,,,,,,,,,,,,,,,,,,,
2117882,3443b8a17ce755df1b1b1d168a7e724f6bb716cc6bb5d1e36fbfa2c6bf80ff21bdf18b88431e53f4adcc5a3f11f08146b9d8d2acf95a8228eccacf1639f87b7b,07/29/2025 09:00:00 PM,2,DRIVER,,2018949,,CAN-AM,CAN-AM,IL,2023,NONE,MOTORCYCLE (OVER 150CC),UNKNOWN/NA,E,SLOW/STOP IN TRAFFIC,,,1,,,,,Y,Y,,,,,,,,,,,,FRONT-RIGHT-CORNER,,,,,,,,,,,,,,,,,,,,,,,,,,,,,,,,,
2117336,09444a6cde258bb42dde97a670facbc416841b861227b2cfa8043847da59667a3be5ab59da9d4f65c8e399ac92601d1d937ae5773625c44767077e364136d516,07/29/2025 08:53:00 PM,1,DRIVER,,2018420,,LINCOLN,MKZ,IL,2017,NONE,PASSENGER,PERSONAL,E,TURNING RIGHT,,,1,,,,,,,,,,,,,Y,Y,Y,,,FRONT-LEFT-CORNER,,,,,,,,,,,,,,,,,,,,,,,,,,,,,,,,,
2117337,09444a6cde258bb42dde97a670facbc416841b861227b2cfa8043847da59667a3be5ab59da9d4f65c8e399ac92601d1d937ae5773625c44767077e364136d516,07/29/2025 08:53:00 PM,2,DRIVER,,2018425,,CHEVROLET,TRAIL BLAZER,IL,2025,NONE,SPORT UTILITY VEHICLE (SUV),PERSONAL,E,STRAIGHT AHEAD,,,1,,,,,,,Y,Y,Y,,,,,,,,,SIDE-RIGHT-REAR,,,,,,,,,,,,,,,,,,,,,,,,,,,,,,,,,
2117374,9a64ad880ad37b878ca0dcfd0fe6a136d4f76b14197083da2ae16bc84f65c8cf2d223b4df63c0f8e24934f8571bd625879daf7d4fb8983e5079d83e34ba2a030,07/29/2025 08:40:00 PM,1,DRIVER,1,2018456,,UNKNOWN,MOTORIZED,IL,,UNKNOWN,SPORT UTILITY VEHICLE (SUV),PERSONAL,N,STRAIGHT AHEAD,,,2,,,,,Y,,,,,,,,,,Y,Y,,FRONT,,,,,,,,,,,,,,,,,,,,,,,,,,,,,,,,,
2117375,9a64ad880ad37b878ca0dcfd0fe6a136d4f76b14197083da2ae16bc84f65c8cf2d223b4df63c0f8e24934f8571bd625879daf7d4fb8983e5079d83e34ba2a030,07/29/2025 08:40:00 PM,2,DRIVER,,2018460,,TOYOTA,COROLLA,IL,,NONE,PASSENGER,PERSONAL,E,STRAIGHT AHEAD,,,1,,,,,,Y,Y,Y,,,,,,,,,,SIDE-RIGHT,,,,,,,,,,,,,,,,,,,,,,,,,,,,,,,,,
2117397,fb1868ffcc78739f92b43e3d50dd2961fc18a15066fa744c4ba6315b3b68af003c1907cf747a64e7b82ec25d2092472bd416cd0aa7135a3300aee5c878405c26,07/29/2025 08:40:00 PM,1,DRIVER,,2018485,,HONDA,PILOT,IL,,UNKNOWN,SPORT UTILITY VEHICLE (SUV),PERSONAL,SW,BACKING,,,1,,,,Y,,,,,,,,,,,,,N,REAR-LEFT-CORNER,,,,,,,,,,,,,,,,,,,,,,,,,,,,,,,,,
2117398,fb1868ffcc78739f92b43e3d50dd2961fc18a15066fa744c4ba6315b3b68af003c1907cf747a64e7b82ec25d2092472bd416cd0aa7135a3300aee5c878405c26,07/29/2025 08:40:00 PM,2,PARKED,,2018490,,LEXUS,NX,IL,2022,UNKNOWN,SPORT UTILITY VEHICLE (SUV),NOT IN USE,W,PARKED,,,0,,,,,,,,,Y,Y,Y,,,,,,,REAR,,,,,,,,,,,,,,,,,,,,,,,,,,,,,,,,,
2117351,2ee3cdca852c77886bdc004b5fcc57eafb2159849eaa27ec1d5c3b76eecab09b4eb364ba7bce0e7b7a47ffbc897947671aba1babbfc26047777a20fb7c549a54,07/29/2025 08:15:00 PM,1,DRIVER,,2018440,,HONDA,CR-V,IL,2000,UNKNOWN,PASSENGER,PERSONAL,N,STRAIGHT AHEAD,,,1,,,,,Y,,,,,,,,,,Y,Y,,FRONT,,,,,,,,,,,,,,,,,,,,,,,,,,,,,,,,,
2117352,2ee3cdca852c77886bdc004b5fcc57eafb2159849eaa27ec1d5c3b76eecab09b4eb364ba7bce0e7b7a47ffbc897947671aba1babbfc26047777a20fb7c549a54,07/29/2025 08:15:00 PM,2,DRIVER,,2018438,,HONDA,CIVIC,IL,2022,NONE,PASSENGER,PERSONAL,N,STRAIGHT AHEAD,,,1,,,,,,,,,,Y,Y,,,,,,,REAR-LEFT-CORNER,,,,,,,,,,,,,,,,,,,,,,,,,,,,,,,,,
2117347,781137e6d8b312ce6212bffef873cbc7888722bf10a0d2c667ff96bc7b366e3ed6a34797dddeeb491b2fd57694444933a170b2ab4547a70a7a3a3084316bd2d5,07/29/2025 08:15:00 PM,1,DRIVER,,2018436,,UNKNOWN,OTHER (EXPLAIN IN NARRATIVE),IL,,UNKNOWN,TRUCK - SINGLE UNIT,UNKNOWN/NA,S,STRAIGHT AHEAD,,,1,,,,,,,,,,,,,,,,,Y,UNKNOWN,,,,,,,,,,,,,,,,,,,,,,,,,,,,,,,,,
2117348,781137e6d8b312ce6212bffef873cbc7888722bf10a0d2c667ff96bc7b366e3ed6a34797dddeeb491b2fd57694444933a170b2ab4547a70a7a3a3084316bd2d5,07/29/2025 08:15:00 PM,2,DRIVER,,2018439,N,NOVA BUS,LFS,IL,,NONE,BUS OVER 15 PASS.,CTA,S,OTHER,,,1,,,,,,,,,,,,,,,Y,,,FRONT-LEFT-CORNER,,,,,,,,,,,,,,,,,,,,,,,,,,,,,,,,,
2117315,d8ea09373bde4bb367aceeb11ad287493d59b75510327d1dd0ba81235a4efc448db4ac21072d99660c6b6ae031f0118289727a3cc1c4d8853f47562148508cbe,07/29/2025 08:15:00 PM,1,DRIVER,2,2018416,,HONDA,ACCORD,IL,2017,NONE,PASSENGER,PERSONAL,N,STRAIGHT AHEAD,Y,,3,,,,,Y,Y,,,,,,,,,Y,Y,,FRONT,,,,,,,,,,,,,,,,,,,,,,,,,,,,,,,,,
2117316,d8ea09373bde4bb367aceeb11ad287493d59b75510327d1dd0ba81235a4efc448db4ac21072d99660c6b6ae031f0118289727a3cc1c4d8853f47562148508cbe,07/29/2025 08:15:00 PM,2,PARKED,,2018422,,FORD,F350,IL,2005,NONE,PICKUP,PERSONAL,N,PARKED,Y,,0,,private,,,,,,,,,Y,Y,Y,Y,,,,SIDE-LEFT,,,,,,,,,,,,,,,,,,,,,,,,,,,,,,,,,
2117331,64baf0e11865303a9d79dfb8e701e6d1068e20f74701b2f6d2a9cf7bb32975f4bfeb3b60b782ec9986181454a1c214681b4a467787ec5ae3fdabdbeb0b224fe1,07/29/2025 08:00:00 PM,1,DRIVER,,2018409,,FORD,EXPLORER,,,UNKNOWN,PASSENGER,PERSONAL,E,BACKING,,,1,,,,,,,,,,,,,,,,,,REAR,,,,,,,,,,,,,,,,,,,,,,,,,,,,,,,,,
2117332,64baf0e11865303a9d79dfb8e701e6d1068e20f74701b2f6d2a9cf7bb32975f4bfeb3b60b782ec9986181454a1c214681b4a467787ec5ae3fdabdbeb0b224fe1,07/29/2025 08:00:00 PM,2,PARKED,,2018415,,FORD,OTHER (EXPLAIN IN NARRATIVE),WI,,UNKNOWN,PICKUP,NOT IN USE,S,PARKED,,,0,,,,,,,Y,,,,,,,,,,,SIDE-RIGHT-REAR,,,,,,,,,,,,,,,,,,,,,,,,,,,,,,,,,
2117311,2b85b9de511490eae0c7675be7daa2bce10bdf18c7838d6ea55099d57126e8df01bf2b8e0d234514e9ae31629f776d90f01748a3cdeb16658a106bc27540fa79,07/29/2025 07:55:00 PM,1,DRIVER,,2018407,,TOYOTA,PRIUS,IL,2013,UNKNOWN,PASSENGER,UNKNOWN/NA,W,TURNING RIGHT,,,1,,,,Y,,,,,,,,,,,,,,FRONT-RIGHT-CORNER,,,,,,,,,,,,,,,,,,,,,,,,,,,,,,,,,
2117312,2b85b9de511490eae0c7675be7daa2bce10bdf18c7838d6ea55099d57126e8df01bf2b8e0d234514e9ae31629f776d90f01748a3cdeb16658a106bc27540fa79,07/29/2025 07:55:00 PM,2,BICYCLE,,,,,,,,,,,,,,,,,,,,,,,,,,,,,,,,,,,,,,,,,,,,,,,,,,,,,,,,,,,,,,,,,,
2117357,dc1b6694ae4efdd0520d882c88fef08caafd3394583c9160b62078936c22833cadad4aba07a5bf875aa3a22cc861a0366718d8313d19c40e3faab05cedf54a06,07/29/2025 07:47:00 PM,1,DRIVER,,2018443,,FORD,F550,IL,2005,UNKNOWN,PICKUP,TOW TRUCK,W,OTHER,,,1,,,,Y,,,,,,,,,,,,,,NONE,,,,,,,,,,,,,,,,,,,,,,,,,,,,,,,,,
2117358,dc1b6694ae4efdd0520d882c88fef08caafd3394583c9160b62078936c22833cadad4aba07a5bf875aa3a22cc861a0366718d8313d19c40e3faab05cedf54a06,07/29/2025 07:47:00 PM,2,PARKED,,2018450,,TOYOTA,OTHER (EXPLAIN IN NARRATIVE),IL,2013,NONE,PASSENGER,UNKNOWN/NA,UNKNOWN,PARKED IN TRAFFIC LANE,Y,,0,,bluecross towing &recovery,unknown,,Y,Y,,,,,,,,Y,Y,Y,,FRONT,,,,,,,,,,,,,,,,,,,,,,,,,,,,,,,,,
2117359,dc1b6694ae4efdd0520d882c88fef08caafd3394583c9160b62078936c22833cadad4aba07a5bf875aa3a22cc861a0366718d8313d19c40e3faab05cedf54a06,07/29/2025 07:47:00 PM,3,PARKED,,2018452,,JEEP,JEEP,IL,2003,UNKNOWN,PASSENGER,PERSONAL,W,PARKED,,,0,,,,,,,,,Y,Y,Y,,Y,Y,Y,,,SIDE-LEFT-FRONT,,,,,,,,,,,,,,,,,,,,,,,,,,,,,,,,,
2117360,dc1b6694ae4efdd0520d882c88fef08caafd3394583c9160b62078936c22833cadad4aba07a5bf875aa3a22cc861a0366718d8313d19c40e3faab05cedf54a06,07/29/2025 07:47:00 PM,4,PARKED,,2018454,,VOLKSWAGEN,JETTA,IL,2015,UNKNOWN,PASSENGER,PERSONAL,W,PARKED,,,0,,,,,Y,,,,,,,,,,Y,Y,,FRONT,,,,,,,,,,,,,,,,,,,,,,,,,,,,,,,,,
2117305,3807d331d6dd27270937ac67354d1c8a66fcc1e4d94091b3c509fc5bc69701bf931c7894218b3baffd0e2b89b5078497f70cba61a795f5836b73bcd7b5919b0b,07/29/2025 07:42:00 PM,1,DRIVER,,2018402,,HONDA,CIVIC,IL,2008,NONE,PASSENGER,PERSONAL,S,STRAIGHT AHEAD,Y,,1,,city of chicago,103rd doty,,Y,Y,Y,Y,,,,Y,Y,Y,Y,N,,SIDE-RIGHT,,,,,,,,,,,,,,,,,,,,,,,,,,,,,,,,,
2117306,3807d331d6dd27270937ac67354d1c8a66fcc1e4d94091b3c509fc5bc69701bf931c7894218b3baffd0e2b89b5078497f70cba61a795f5836b73bcd7b5919b0b,07/29/2025 07:42:00 PM,2,DRIVER,1,2018411,,NISSAN,MURANO,IL,2013,NONE,PASSENGER,PERSONAL,E,STRAIGHT AHEAD,Y,,2,,private,,,Y,N,N,N,,,,N,N,N,Y,Y,,FRONT,,,,,,,,,,,,,,,,,,,,,,,,,,,,,,,,,
2117254,790f5a3d831351a11605e5411fb48045e452f6531f8b7891d40552caa535ce0cd78fa5c4a46f88ef3476191d261a47ac22e952dc03d856dc0475009dfaa5a95a,07/29/2025 07:35:00 PM,1,DRIVER,,2018392,,ACURA,ADX,IL,2024,NONE,SPORT UTILITY VEHICLE (SUV),TAXI/FOR HIRE,SW,STRAIGHT AHEAD,Y,,1,,AVIATION TOW TT-19,ORD RELOCATION LOT,,,,,,,,,,,,,,,TOTAL (ALL AREAS),,,,,,,,,,,,,,,,,,,,,,,,,,,,,,,,,
2117255,790f5a3d831351a11605e5411fb48045e452f6531f8b7891d40552caa535ce0cd78fa5c4a46f88ef3476191d261a47ac22e952dc03d856dc0475009dfaa5a95a,07/29/2025 07:35:00 PM,2,DRIVER,,2018408,,LINCOLN,NAVIGATOR,IL,2025,NONE,SPORT UTILITY VEHICLE (SUV),TAXI/FOR HIRE,SW,SLOW/STOP IN TRAFFIC,Y,,1,,PRIVATE,UNKNOWN,,,,,,,,Y,Y,,,,,,SIDE-LEFT-REAR,,,,,,,,,,,,,,,,,,,,,,,,,,,,,,,,,