CRASH_UNIT_ID,CRASH_RECORD_ID,CRASH_DATE,UNIT_NO,UNIT_TYPE,NUM_PASSENGERS,VEHICLE_ID,CMRC_VEH_I,MAKE,MODEL,LIC_PLATE_STATE,VEHICLE_YEAR,VEHICLE_DEFECT,VEHICLE_TYPE,VEHICLE_USE,TRAVEL_DIRECTION,MANEUVER,TOWED_I,FIRE_I,OCCUPANT_CNT,EXCEED_SPEED_LIMIT_I,TOWED_BY,TOWED_TO,AREA_00_I,AREA_01_I,AREA_02_I,AREA_03_I,AREA_04_I,AREA_05_I,AREA_06_I,AREA_07_I,AREA_08_I,AREA_09_I,AREA_10_I,AREA_11_I,AREA_12_I,AREA_99_I,FIRST_CONTACT_POINT,CMV_ID,USDOT_NO,CCMC_NO,ILCC_NO,COMMERCIAL_SRC,GVWR,CARRIER_NAME,CARRIER_STATE,CARRIER_CITY,HAZMAT_PLACARDS_I,HAZMAT_NAME,UN_NO,HAZMAT_PRESENT_I,HAZMAT_REPORT_I,HAZMAT_REPORT_NO,MCS_REPORT_I,MCS_REPORT_NO,HAZMAT_VIO_CAUSE_CRASH_I,MCS_VIO_CAUSE_CRASH_I,IDOT_PERMIT_NO,WIDE_LOAD_I,TRAILER1_WIDTH,TRAILER2_WIDTH,TRAILER1_LENGTH,TRAILER2_LENGTH,TOTAL_VEHICLE_LENGTH,AXLE_CNT,VEHICLE_CONFIG,CARGO_BODY_TYPE,LOAD_TYPE,HAZMAT_OUT_OF_SERVICE_I,MCS_OUT_OF_SERVICE_I,HAZMAT_CLASS
2117335,cc29b5246142ec2534db3ab7f8e39f1ce2e61dd1d34f4ac73a2769aa19553c67c4240ba1252a70ef24b17cd1b7cb4a5bc6f41042bf6308be8d5eaba6db004f45,07/29/2025 07:33:00 PM,1,DRIVER,,2018426,,"MACK TRUCKS, INC.","MACK TRUCKS, INC.",IL,2021,NONE,TRACTOR W/ SEMI-TRAILER,UNKNOWN/NA,W,STRAIGHT AHEAD,Y,,1,,PRIVATE,,,,,,,,,,,,,,,,TOP,,,,,,,,,,,,,,,,,,,,,,,,,,,,,,,,,
2118014,2643a3c8802d6ab07e326d88f53b91d423d26bb49632b46bd1e3cbce99929780828461bbf261aa23907f53ffd332f8f88554286811bff672d2c0ce282bed896e,07/29/2025 07:30:00 PM,1,DRIVER,,2019075,,FORD,FOCUS,IL,,UNKNOWN,PASSENGER,UNKNOWN/NA,W,STRAIGHT AHEAD,,,1,,,,,,,,,,,,,,,,Y,,FRONT,,,,,,,,,,,,,,,,,,,,,,,,,,,,,,,,,
2118015,2643a3c8802d6ab07e326d88f53b91d423d26bb49632b46bd1e3cbce99929780828461bbf261aa23907f53ffd332f8f88554286811bff672d2c0ce282bed896e,07/29/2025 07:30:00 PM,2,DRIVER,,2019083,,FORD,ESCAPE,MI,2018,UNKNOWN,PASSENGER,UNKNOWN/NA,W,SLOW/STOP IN TRAFFIC,,,1,,,,,,,,,,Y,,,,,,,,REAR,,,,,,,,,,,,,,,,,,,,,,,,,,,,,,,,,
2117685,76c1272ce620ae7e29f57a7473518c5e6c865a983a3dda98dffd6365465370e095c1249a538a539e547ce5cd39e26d471d0ea133cdbfb225ff1b5de0410ba6ed,07/29/2025 07:30:00 PM,1,DRIVER,,2018761,,HYUNDAI,VENUE,IL,2024,UNKNOWN,SPORT UTILITY VEHICLE (SUV),PERSONAL,E,ENTERING TRAFFIC LANE FROM PARKING,,,1,,,,,,,,,,,,,,Y,Y,,,FRONT-LEFT-CORNER,,,,,,,,,,,,,,,,,,,,,,,,,,,,,,,,,
2117686,76c1272ce620ae7e29f57a7473518c5e6c865a983a3dda98dffd6365465370e095c1249a538a539e547ce5cd39e26d471d0ea133cdbfb225ff1b5de0410ba6ed,07/29/2025 07:30:00 PM,2,DRIVER,,2018775,,TOYOTA,RAV4,IL,2023,UNKNOWN,SPORT UTILITY VEHICLE (SUV),PERSONAL,E,STRAIGHT AHEAD,,,1,,,,,,Y,Y,Y,,,,,,,,,,SIDE-RIGHT,,,,,,,,,,,,,,,,,,,,,,,,,,,,,,,,,
2117361,9cc82cc9edc5d1cff273222a48d87f31df3b049e8ec75a96a3cc5926677ac682ba94868fd5d5ddc796030b75c26b4031a7599dc00969a5ab56f5e184389384cf,07/29/2025 07:30:00 PM,1,DRIVER,,2018446,,VOLVO,C30,IL,2011,NONE,SPORT UTILITY VEHICLE (SUV),PERSONAL,S,TURNING RIGHT,,,1,,,,,Y,,,,,,,,,,Y,Y,,FRONT,,,,,,,,,,,,,,,,,,,,,,,,,,,,,,,,,
2117362,9cc82cc9edc5d1cff273222a48d87f31df3b049e8ec75a96a3cc5926677ac682ba94868fd5d5ddc796030b75c26b4031a7599dc00969a5ab56f5e184389384cf,07/29/2025 07:30:00 PM,2,PARKED,,2018449,,GENERAL MOTORS CORPORATION (GMC),ACADIA,IL,2013,NONE,SPORT UTILITY VEHICLE (SUV),NOT IN USE,S,PARKED,,,0,,,,,,,,,Y,Y,Y,,,,,,,UNDER CARRIAGE,,,,,,,,,,,,,,,,,,,,,,,,,,,,,,,,,
2117250,d22ea5f2133a7422e7867606ed33e36377ce0b725eba3b7450c2d0901569983b6f0a260f02e47844b8abe803d82da3dabeefd67419a9386e253893f4b8954085,07/29/2025 07:28:00 PM,1,DRIVER,,2018385,,UNKNOWN,OTHER (EXPLAIN IN NARRATIVE),,,UNKNOWN,UNKNOWN/NA,UNKNOWN/NA,UNKNOWN,UNKNOWN/NA,,,1,,,,,,,,,,,,,,,,,Y,UNKNOWN,,,,,,,,,,,,,,,,,,,,,,,,,,,,,,,,,
2117251,d22ea5f2133a7422e7867606ed33e36377ce0b725eba3b7450c2d0901569983b6f0a260f02e47844b8abe803d82da3dabeefd67419a9386e253893f4b8954085,07/29/2025 07:28:00 PM,2,PARKED,,2018386,,TOYOTA,CAMRY,IL,2017,UNKNOWN,PASSENGER,TAXI/FOR HIRE,UNKNOWN,PARKED,,,0,,,,,,Y,Y,Y,,,,,,,,,,SIDE-RIGHT,,,,,,,,,,,,,,,,,,,,,,,,,,,,,,,,,
2117353,adbba09181a24720fdb343c9a4131a94b690677a90506ac14f645612e1cd184ae28dd5c08111f99d470c77ede7c1ec24863ad02a533a7f3de4f0ae4b65cd736e,07/29/2025 07:15:00 PM,1,DRIVER,,2018445,,FORD,FUSION,IL,2013,NONE,PASSENGER,PERSONAL,E,STRAIGHT AHEAD,,,1,,,,,,,,,,,,,,,,Y,,FRONT,,,,,,,,,,,,,,,,,,,,,,,,,,,,,,,,,
2117354,adbba09181a24720fdb343c9a4131a94b690677a90506ac14f645612e1cd184ae28dd5c08111f99d470c77ede7c1ec24863ad02a533a7f3de4f0ae4b65cd736e,07/29/2025 07:15:00 PM,2,DRIVER,,2018441,,LEXUS,RX350,IL,2025,NONE,PASSENGER,PERSONAL,E,STRAIGHT AHEAD,,,1,,,,,,,,,,Y,,,,,,,,REAR,,,,,,,,,,,,,,,,,,,,,,,,,,,,,,,,,
2117309,1a7f4bd5b258468f181a4bbb0a6c492e0f2cc8cb2548a7be63e952c55529869b711cfdf77163c5193800f05fb94b157028142181940fccd75c91ccf8a72c4f77,07/29/2025 07:12:00 PM,1,DRIVER,,2018398,,MERCEDES-BENZ,GLC,IL,2017,NONE,PASSENGER,PERSONAL,E,STRAIGHT AHEAD,,,1,,,,,,,,,,,Y,Y,Y,Y,Y,,,SIDE-LEFT,,,,,,,,,,,,,,,,,,,,,,,,,,,,,,,,,
2117310,1a7f4bd5b258468f181a4bbb0a6c492e0f2cc8cb2548a7be63e952c55529869b711cfdf77163c5193800f05fb94b157028142181940fccd75c91ccf8a72c4f77,07/29/2025 07:12:00 PM,2,DRIVER,,2018405,,BMW,OTHER (EXPLAIN IN NARRATIVE),IL,2022,NONE,PASSENGER,PERSONAL,E,STRAIGHT AHEAD,,,1,,,,,Y,Y,,,,,,,,,,,,FRONT-LEFT-CORNER,,,,,,,,,,,,,,,,,,,,,,,,,,,,,,,,,
2117244,675fd3ed1835382c16554e7424548b3f908e4e85682a40a2a1f506b224e1a2f833c0d80035e884c2134975ab893683932e596e1da3a93c26fa8cfc1f2f94f08c,07/29/2025 07:09:00 PM,1,DRIVER,2,2018378,,NISSAN,ROGUE,IL,2013,NONE,PASSENGER,PERSONAL,S,U-TURN,Y,,3,,UNK,UNK,,,,,,,,Y,Y,Y,Y,,,,SIDE-LEFT,,,,,,,,,,,,,,,,,,,,,,,,,,,,,,,,,
2117245,675fd3ed1835382c16554e7424548b3f908e4e85682a40a2a1f506b224e1a2f833c0d80035e884c2134975ab893683932e596e1da3a93c26fa8cfc1f2f94f08c,07/29/2025 07:09:00 PM,2,DRIVER,,2018383,,BMW,X5,IL,2016,NONE,PASSENGER,PERSONAL,S,STRAIGHT AHEAD,Y,,1,,UNK,UNK,,Y,Y,,,,,,,,,,,,FRONT-RIGHT-CORNER,,,,,,,,,,,,,,,,,,,,,,,,,,,,,,,,,
2117378,0de2803f8bc9ed983f5bf778348ee72c110a60e6958f2d325288384b3b06ea14342593723f99d9a9a66f354c4c0ad7e06780db7668f5e36ad652b6a1351a469d,07/29/2025 07:00:00 PM,1,DRIVER,,2018464,,UNKNOWN,OTHER (EXPLAIN IN NARRATIVE),IL,,UNKNOWN,PASSENGER,PERSONAL,UNKNOWN,UNKNOWN/NA,,,1,,,,,Y,,,,,,,,,,Y,Y,,FRONT,,,,,,,,,,,,,,,,,,,,,,,,,,,,,,,,,
2117379,0de2803f8bc9ed983f5bf778348ee72c110a60e6958f2d325288384b3b06ea14342593723f99d9a9a66f354c4c0ad7e06780db7668f5e36ad652b6a1351a469d,07/29/2025 07:00:00 PM,2,DRIVER,,2018470,,TOYOTA,COROLLA,IL,2007,NONE,PASSENGER,PERSONAL,N,STRAIGHT AHEAD,,,1,,,,,,Y,Y,Y,Y,,,,,,,,,SIDE-RIGHT,,,,,,,,,,,,,,,,,,,,,,,,,,,,,,,,,
2117835,30ce70cfa437eb55d4e49037ca149fa8c568d47bfe1805f726ee404e718f22ed3af059197d3255acd2ef1a438dbdae669d9ed534e6426b0dfa3d20a31b606877,07/29/2025 07:00:00 PM,1,DRIVER,,2018909,,HYUNDAI,SANTA FE,IL,2023,NONE,SPORT UTILITY VEHICLE (SUV),UNKNOWN/NA,W,STRAIGHT AHEAD,,,1,,,,,,,,,,,,,,,,Y,,FRONT,,,,,,,,,,,,,,,,,,,,,,,,,,,,,,,,,
2117836,30ce70cfa437eb55d4e49037ca149fa8c568d47bfe1805f726ee404e718f22ed3af059197d3255acd2ef1a438dbdae669d9ed534e6426b0dfa3d20a31b606877,07/29/2025 07:00:00 PM,2,DRIVER,,2018902,,HYUNDAI,TUCSON,IN,2022,NONE,SPORT UTILITY VEHICLE (SUV),PERSONAL,W,SLOW/STOP IN TRAFFIC,N,,1,,,,,,,,,,Y,Y,,,,,,,REAR,,,,,,,,,,,,,,,,,,,,,,,,,,,,,,,,,
2117663,35413656cfc8b79dce0bdccc14e8087595b21f36fd4e1a02704d798a7c218b68381c970aefb266313239fc23e164571ead981aad07a62cc0b8a45277f3df3907,07/29/2025 07:00:00 PM,1,DRIVER,,2018738,,CADILLAC,OTHER (EXPLAIN IN NARRATIVE),IL,2007,UNKNOWN,PASSENGER,OTHER,N,STRAIGHT AHEAD,,,1,,,,,,,,,,,,,,,,,Y,UNKNOWN,,,,,,,,,,,,,,,,,,,,,,,,,,,,,,,,,
2117664,35413656cfc8b79dce0bdccc14e8087595b21f36fd4e1a02704d798a7c218b68381c970aefb266313239fc23e164571ead981aad07a62cc0b8a45277f3df3907,07/29/2025 07:00:00 PM,2,DRIVER,,2018740,,CHEVROLET,BLAZER,IL,2021,UNKNOWN,SPORT UTILITY VEHICLE (SUV),OTHER,E,STRAIGHT AHEAD,,,1,,,,,,,,,,,,,,Y,Y,,Y,UNKNOWN,,,,,,,,,,,,,,,,,,,,,,,,,,,,,,,,,
2117303,c26a07b28e397cf1e795f52609e0645ab43a9ba9649613353f0f76fe0517d56a38a373491b172056e44744311d47741b7fcc67130d78ddd348888e05c17fe36c,07/29/2025 06:50:00 PM,1,DRIVER,,2018397,,TOYOTA,SIENNA,IL,2009,UNKNOWN,VAN/MINI-VAN,PERSONAL,E,STRAIGHT AHEAD,,,1,,,,,Y,,,,,,,,,,Y,Y,,FRONT,,,,,,,,,,,,,,,,,,,,,,,,,,,,,,,,,
2117304,c26a07b28e397cf1e795f52609e0645ab43a9ba9649613353f0f76fe0517d56a38a373491b172056e44744311d47741b7fcc67130d78ddd348888e05c17fe36c,07/29/2025 06:50:00 PM,2,DRIVER,,2018403,,ACURA,RL,IL,2015,UNKNOWN,PASSENGER,PERSONAL,E,STRAIGHT AHEAD,,,1,,,,,,,,,Y,Y,Y,,,,,,,REAR,,,,,,,,,,,,,,,,,,,,,,,,,,,,,,,,,
2117258,e2921b1616ffcb46d2e216c9072b34a8cf138d38519c70c6b78f5ff2c7b850696c31bf89b74d1b9efccb1533288764e60b3b7a523b6f1ccf41974c0ccf2880d0,07/29/2025 06:47:00 PM,1,DRIVER,,2018396,,TESLA,MODEL Y,IL,2023,UNKNOWN,PASSENGER,PERSONAL,W,LEAVING TRAFFIC LANE TO PARK,,,1,,,,,,,Y,Y,,,,,,,,,,SIDE-RIGHT-FRONT,,,,,,,,,,,,,,,,,,,,,,,,,,,,,,,,,
2117259,e2921b1616ffcb46d2e216c9072b34a8cf138d38519c70c6b78f5ff2c7b850696c31bf89b74d1b9efccb1533288764e60b3b7a523b6f1ccf41974c0ccf2880d0,07/29/2025 06:47:00 PM,2,PARKED,,2018401,,HONDA,ODYSSEY,VA,2020,NONE,VAN/MINI-VAN,PERSONAL,W,PARKED,,,0,,,,,,,,,,,,,,,Y,,,FRONT-LEFT-CORNER,,,,,,,,,,,,,,,,,,,,,,,,,,,,,,,,,
2117256,4361eb7f11e5d84f688ba4038cbaf281f1b6b15a16177a3ee891b490186b5b5c4f24a1c13e875cc2e61a048d552ad6e7e0361ff463ac9b7f5693d9361ba02ccf,07/29/2025 06:45:00 PM,1,DRIVER,,2018390,,INFINITI,M35,IL,2012,UNKNOWN,PASSENGER,PERSONAL,S,STRAIGHT AHEAD,,,1,,,,,,,,,,,,,,,,,Y,UNKNOWN,,,,,,,,,,,,,,,,,,,,,,,,,,,,,,,,,
2117257,4361eb7f11e5d84f688ba4038cbaf281f1b6b15a16177a3ee891b490186b5b5c4f24a1c13e875cc2e61a048d552ad6e7e0361ff463ac9b7f5693d9361ba02ccf,07/29/2025 06:45:00 PM,2,DRIVER,,2018394,,HYUNDAI,SONATA,IL,2015,UNKNOWN,PASSENGER,PERSONAL,W,STRAIGHT AHEAD,,,1,,,,,Y,Y,Y,Y,,,,,,,,,,SIDE-RIGHT,,,,,,,,,,,,,,,,,,,,,,,,,,,,,,,,,
2117252,be70820a2c0e8e6403c0e8e17657fee87ecf00433457bc835941c477e49e06b9bad0e18fc79c2e9188025edabbc22130a237c71a0d002f4c1851dbc854db689a,07/29/2025 06:39:00 PM,1,DRIVER,,2018387,,KIA,SPORTAGE,IL,2024,UNKNOWN,SPORT UTILITY VEHICLE (SUV),PERSONAL,E,STRAIGHT AHEAD,,,1,,,,,,,,,,,,,,,,N,Y,FRONT,,,,,,,,,,,,,,,,,,,,,,,,,,,,,,,,,
2117253,be70820a2c0e8e6403c0e8e17657fee87ecf00433457bc835941c477e49e06b9bad0e18fc79c2e9188025edabbc22130a237c71a0d002f4c1851dbc854db689a,07/29/2025 06:39:00 PM,2,DRIVER,1,2018393,,HONDA,ACCORD,IN,2010,NONE,PASSENGER,PERSONAL,E,SLOW/STOP IN TRAFFIC,,,2,,,,,,,,,,Y,,,,,,,,REAR,,,,,,,,,,,,,,,,,,,,,,,,,,,,,,,,,
2117275,42b23a7028310a1a473933daf231e5318f49ac71b345893403708739e9f91576c6acbc5b0fc3a76d992aa8aeb8abe26a6118546e94e0755bdd417cbdfbe26e38,07/29/2025 06:38:00 PM,1,DRIVER,,2018399,,TOYOTA,CROWN,IL,2023,NONE,PASSENGER,PERSONAL,SW,TURNING RIGHT,,,1,,,,,,,Y,Y,Y,Y,,,N,N,N,N,,REAR-RIGHT-CORNER,,,,,,,,,,,,,,,,,,,,,,,,,,,,,,,,,
2117276,42b23a7028310a1a473933daf231e5318f49ac71b345893403708739e9f91576c6acbc5b0fc3a76d992aa8aeb8abe26a6118546e94e0755bdd417cbdfbe26e38,07/29/2025 06:38:00 PM,2,DRIVER,,2018419,,FREIGHTLINER CORPORATION,FREIGHTLINER CORP.,IL,2015,NONE,TRUCK - SINGLE UNIT,OTHER,SW,TURNING RIGHT,,,1,,,,,,,,,,,,,,Y,Y,Y,,FRONT-LEFT-CORNER,,,,,,,,,,,,,,,,,,,,,,,,,,,,,,,,,
2117221,dabbe1255883eb1eb96fca3e7a42bf641614194cd9270cf3b30a4c563160222e4a4e0b7f57756f43fb59812fa9551a3b1438bf491f0d6bcf2d9249cbd2e61758,07/29/2025 06:35:00 PM,1,DRIVER,,2018355,,UNKNOWN,OTHER (EXPLAIN IN NARRATIVE),IL,,UNKNOWN,UNKNOWN/NA,UNKNOWN/NA,E,STRAIGHT AHEAD,,,1,,,,,,,,,,,,,,,,,,FRONT,,,,,,,,,,,,,,,,,,,,,,,,,,,,,,,,,
2117222,dabbe1255883eb1eb96fca3e7a42bf641614194cd9270cf3b30a4c563160222e4a4e0b7f57756f43fb59812fa9551a3b1438bf491f0d6bcf2d9249cbd2e61758,07/29/2025 06:35:00 PM,2,PARKED,,2018358,,FORD,EXPLORER,IL,2015,NONE,PASSENGER,PERSONAL,E,PARKED,,,0,,,,,,,Y,Y,Y,Y,Y,Y,,,,,,REAR,,,,,,,,,,,,,,,,,,,,,,,,,,,,,,,,,
2117313,9986dc14705c70462db073616bc6ea20328cab2ffba2030656a6b0324b07ec96d5fa2ee14e75f964067e901a76ea3fe0430b265c162b2a5a3dd114c32d475758,07/29/2025 06:30:00 PM,1,DRIVER,,2018410,,CHEVROLET,OTHER (EXPLAIN IN NARRATIVE),FL,,UNKNOWN,UNKNOWN/NA,UNKNOWN/NA,UNKNOWN,UNKNOWN/NA,,,1,,,,,,,,,,,,Y,Y,Y,,,,SIDE-LEFT,,,,,,,,,,,,,,,,,,,,,,,,,,,,,,,,,
2117314,9986dc14705c70462db073616bc6ea20328cab2ffba2030656a6b0324b07ec96d5fa2ee14e75f964067e901a76ea3fe0430b265c162b2a5a3dd114c32d475758,07/29/2025 06:30:00 PM,2,DRIVER,,2018414,,TOYOTA,CAMRY,IL,2017,UNKNOWN,PASSENGER,UNKNOWN/NA,W,STRAIGHT AHEAD,,,1,,,,,Y,Y,Y,Y,,,,,,,,,,SIDE-RIGHT-FRONT,,,,,,,,,,,,,,,,,,,,,,,,,,,,,,,,,
2117490,12f1828f7094c5bb61b5aa76f6f51852e1b22868d386186949156b604126bfceb2ce186a4e16071bf20909ca11100541e424991e2b1e5b69d94a67dde0db7d58,07/29/2025 06:20:00 PM,1,DRIVER,,2018576,,TOYOTA,PRIUS,IL,2006,NONE,PASSENGER,PERSONAL,S,STRAIGHT AHEAD,,,1,,,,,,,,,,,,,,,,Y,,FRONT,,,,,,,,,,,,,,,,,,,,,,,,,,,,,,,,,
2117491,12f1828f7094c5bb61b5aa76f6f51852e1b22868d386186949156b604126bfceb2ce186a4e16071bf20909ca11100541e424991e2b1e5b69d94a67dde0db7d58,07/29/2025 06:20:00 PM,2,DRIVER,,2018582,,TOYOTA,MATRIX,IL,2007,NONE,PASSENGER,PERSONAL,S,STRAIGHT AHEAD,,,1,,,,,,,,,,Y,,,,,,Y,,REAR,,,,,,,,,,,,,,,,,,,,,,,,,,,,,,,,,
2117492,12f1828f7094c5bb61b5aa76f6f51852e1b22868d386186949156b604126bfceb2ce186a4e16071bf20909ca11100541e424991e2b1e5b69d94a67dde0db7d58,07/29/2025 06:20:00 PM,3,DRIVER,,2018590,,BMW,328I,IL,2015,NONE,PASSENGER,PERSONAL,S,STRAIGHT AHEAD,,,1,,,,,,,,,,Y,,,,,,,,REAR,,,,,,,,,,,,,,,,,,,,,,,,,,,,,,,,,
2117493,8e85b171e007cd90c89ad94fd774af57aa3d76f001394780a9ecd745d9651acc0163396c4cead569578ed838fc8851b0d859e8b05a0c59b9524b20a47b25bc65,07/29/2025 06:20:00 PM,1,DRIVER,,2018599,,FORD,ESCAPE,IL,2012,NONE,SPORT UTILITY VEHICLE (SUV),PERSONAL,W,STRAIGHT AHEAD,,,1,,,,,Y,,,,,,,,,,,Y,,FRONT-RIGHT-CORNER,,,,,,,,,,,,,,,,,,,,,,,,,,,,,,,,,
2117494,8e85b171e007cd90c89ad94fd774af57aa3d76f001394780a9ecd745d9651acc0163396c4cead569578ed838fc8851b0d859e8b05a0c59b9524b20a47b25bc65,07/29/2025 06:20:00 PM,2,DRIVER,,2018617,,TOYOTA,OTHER (EXPLAIN IN NARRATIVE),IL,2010,NONE,PASSENGER,PERSONAL,UNKNOWN,STRAIGHT AHEAD,,,1,,,,,,,,,,,,,,,,Y,,FRONT,,,,,,,,,,,,,,,,,,,,,,,,,,,,,,,,,
2117226,fbb4f9dcdb84ca4ed1459ed61d2facb2e0f1726d066406b6defdc5910c338c8bcfb384ba224d3e4e27260f3ecb79fbcad018b2d09cdae43ce3686eaed4fe3454,07/29/2025 06:19:00 PM,1,DRIVER,,2018359,,CHEVROLET,MALIBU,,,UNKNOWN,PASSENGER,UNKNOWN/NA,N,STRAIGHT AHEAD,,,1,,,,,,,,,,,,,,,,Y,Y,OTHER,,,,,,,,,,,,,,,,,,,,,,,,,,,,,,,,,
2117227,fbb4f9dcdb84ca4ed1459ed61d2facb2e0f1726d066406b6defdc5910c338c8bcfb384ba224d3e4e27260f3ecb79fbcad018b2d09cdae43ce3686eaed4fe3454,07/29/2025 06:19:00 PM,2,PEDESTRIAN,,,,,,,,,,,,,,,,,,,,,,,,,,,,,,,,,,,,,,,,,,,,,,,,,,,,,,,,,,,,,,,,,,
2118553,deba5d7ce71ef3d53d1b86eff0619538d6b0edc7569c93fa48d4d877c0f5dcbbd01dbf3908db713dd058f8a61df01236ab40d0d4472ebc7077dc219d28e29385,07/29/2025 06:10:00 PM,1,DRIVER,,2019585,,NISSAN,ROGUE,IL,2017,NONE,SPORT UTILITY VEHICLE (SUV),PERSONAL,W,STRAIGHT AHEAD,Y,,1,,PRIVATE,,,,,,,,,,,,,,Y,,FRONT,,,,,,,,,,,,,,,,,,,,,,,,,,,,,,,,,
2118554,deba5d7ce71ef3d53d1b86eff0619538d6b0edc7569c93fa48d4d877c0f5dcbbd01dbf3908db713dd058f8a61df01236ab40d0d4472ebc7077dc219d28e29385,07/29/2025 06:10:00 PM,2,DRIVER,,2019586,,CHEVROLET,MALIBU,IL,2009,NONE,PASSENGER,PERSONAL,S,STRAIGHT AHEAD,Y,,1,,PRIVATE,,,,,,,,,,,Y,Y,Y,,,SIDE-LEFT-FRONT,,,,,,,,,,,,,,,,,,,,,,,,,,,,,,,,,
2117238,03ca36a60d175178cd127bb8f01b2323069b3c5c7c8f6b5bb6660ccbf727cf5d54fe4639ace5ae6a568eed8d21f6daba8839a5e7811a11d55bf09204f28e708e,07/29/2025 06:00:00 PM,1,DRIVER,,2018372,,FORD,ECONOLINE E450,AZ,2014,UNKNOWN,TRUCK - SINGLE UNIT,COMMERCIAL - SINGLE UNIT,UNKNOWN,CHANGING LANES,,,1,,,,,,,,,,Y,Y,Y,,,,,,SIDE-LEFT-REAR,,,,,,,,,,,,,,,,,,,,,,,,,,,,,,,,,
2117239,03ca36a60d175178cd127bb8f01b2323069b3c5c7c8f6b5bb6660ccbf727cf5d54fe4639ace5ae6a568eed8d21f6daba8839a5e7811a11d55bf09204f28e708e,07/29/2025 06:00:00 PM,2,DRIVER,,2018375,,NISSAN,ALTIMA,IL,2016,UNKNOWN,PASSENGER,PERSONAL,UNKNOWN,STRAIGHT AHEAD,,,1,,,,,,,,,,,Y,Y,Y,,,,,REAR-RIGHT-CORNER,,,,,,,,,,,,,,,,,,,,,,,,,,,,,,,,,
2124367,08a17a82e31f2e3952981c32597e1c85bece8b8dcf5e6dbe4f5e725e1ec696631446930f0067cadd8faa28a70b8f469912724302b37f3cce7c1cc55d973e8433,07/29/2025 06:00:00 PM,1,DRIVER,,2025141,,UNKNOWN,OTHER (EXPLAIN IN NARRATIVE),,,UNKNOWN,UNKNOWN/NA,UNKNOWN/NA,UNKNOWN,STRAIGHT AHEAD,,,1,,,,,,,,,,,N,N,,Y,Y,,,FRONT-LEFT-CORNER,,,,,,,,,,,,,,,,,,,,,,,,,,,,,,,,,
2124368,08a17a82e31f2e3952981c32597e1c85bece8b8dcf5e6dbe4f5e725e1ec696631446930f0067cadd8faa28a70b8f469912724302b37f3cce7c1cc55d973e8433,07/29/2025 06:00:00 PM,2,DRIVER,,2025166,,MERCEDES-BENZ,C-CLASS,IL,2016,UNKNOWN,PASSENGER,PERSONAL,UNKNOWN,STRAIGHT AHEAD,,,1,,,,,,,Y,Y,Y,,,,,,,,,REAR-RIGHT-CORNER,,,,,,,,,,,,,,,,,,,,,,,,,,,,,,,,,
2117240,3ca6b77057d5be96a4122feb99df431a64cb440a6aa1bc1d235cb9708b2ddc13ec004183145bca80953048e9855523bb513605f5db03c24fb35ee49614993dc5,07/29/2025 06:00:00 PM,1,DRIVER,,2018380,,GENERAL MOTORS CORPORATION (GMC),TERRAIN,IL,2021,NONE,PASSENGER,PERSONAL,S,STRAIGHT AHEAD,Y,,1,,private tow,unknown,Y,Y,,,,,,,,Y,Y,Y,Y,,FRONT-LEFT-CORNER,,,,,,,,,,,,,,,,,,,,,,,,,,,,,,,,,
2117241,3ca6b77057d5be96a4122feb99df431a64cb440a6aa1bc1d235cb9708b2ddc13ec004183145bca80953048e9855523bb513605f5db03c24fb35ee49614993dc5,07/29/2025 06:00:00 PM,2,PARKED,,2018384,,FORD,ESCAPE,IL,2011,NONE,PASSENGER,PERSONAL,S,PARKED,,,0,,,,,Y,,,Y,Y,Y,N,,,,Y,Y,,REAR-RIGHT-CORNER,,,,,,,,,,,,,,,,,,,,,,,,,,,,,,,,,
2117242,3ca6b77057d5be96a4122feb99df431a64cb440a6aa1bc1d235cb9708b2ddc13ec004183145bca80953048e9855523bb513605f5db03c24fb35ee49614993dc5,07/29/2025 06:00:00 PM,3,PARKED,,2018389,,FORD,F150,IL,2022,NONE,PICKUP,PERSONAL,S,PARKED,,,0,,,,,Y,,,,Y,Y,Y,,,,Y,Y,,REAR,,,,,,,,,,,,,,,,,,,,,,,,,,,,,,,,,
2117243,3ca6b77057d5be96a4122feb99df431a64cb440a6aa1bc1d235cb9708b2ddc13ec004183145bca80953048e9855523bb513605f5db03c24fb35ee49614993dc5,07/29/2025 06:00:00 PM,4,PARKED,,2018391,,FORD,F150,IL,1999,NONE,PICKUP,PERSONAL,S,PARKED,,,0,,,,,,,,,Y,Y,Y,,,,,,,REAR,,,,,,,,,,,,,,,,,,,,,,,,,,,,,,,,,
2117349,aa5297541297ad294e3a20f16df17f2573fd0f342deae4ac3b42ec28b2cdc27077ab166f1feacd9d52484fae2af9ee742de3e681fe52f412500aa39552e0f203,07/29/2025 06:00:00 PM,1,DRIVER,1,2018437,,HYUNDAI,ACCENT,MA,2020,UNKNOWN,PASSENGER,PERSONAL,S,STRAIGHT AHEAD,,,2,,,,N,,,,,,,,,,,,,,UNKNOWN,,,,,,,,,,,,,,,,,,,,,,,,,,,,,,,,,