CRASH_UNIT_ID,CRASH_RECORD_ID,CRASH_DATE,UNIT_NO,UNIT_TYPE,NUM_PASSENGERS,VEHICLE_ID,CMRC_VEH_I,MAKE,MODEL,LIC_PLATE_STATE,VEHICLE_YEAR,VEHICLE_DEFECT,VEHICLE_TYPE,VEHICLE_USE,TRAVEL_DIRECTION,MANEUVER,TOWED_I,FIRE_I,OCCUPANT_CNT,EXCEED_SPEED_LIMIT_I,TOWED_BY,TOWED_TO,AREA_00_I,AREA_01_I,AREA_02_I,AREA_03_I,AREA_04_I,AREA_05_I,AREA_06_I,AREA_07_I,AREA_08_I,AREA_09_I,AREA_10_I,AREA_11_I,AREA_12_I,AREA_99_I,FIRST_CONTACT_POINT,CMV_ID,USDOT_NO,CCMC_NO,ILCC_NO,COMMERCIAL_SRC,GVWR,CARRIER_NAME,CARRIER_STATE,CARRIER_CITY,HAZMAT_PLACARDS_I,HAZMAT_NAME,UN_NO,HAZMAT_PRESENT_I,HAZMAT_REPORT_I,HAZMAT_REPORT_NO,MCS_REPORT_I,MCS_REPORT_NO,HAZMAT_VIO_CAUSE_CRASH_I,MCS_VIO_CAUSE_CRASH_I,IDOT_PERMIT_NO,WIDE_LOAD_I,TRAILER1_WIDTH,TRAILER2_WIDTH,TRAILER1_LENGTH,TRAILER2_LENGTH,TOTAL_VEHICLE_LENGTH,AXLE_CNT,VEHICLE_CONFIG,CARGO_BODY_TYPE,LOAD_TYPE,HAZMAT_OUT_OF_SERVICE_I,MCS_OUT_OF_SERVICE_I,HAZMAT_CLASS
2117350,aa5297541297ad294e3a20f16df17f2573fd0f342deae4ac3b42ec28b2cdc27077ab166f1feacd9d52484fae2af9ee742de3e681fe52f412500aa39552e0f203,07/29/2025 06:00:00 PM,2,PARKED,2,2018442,,TESLA,MODEL Y,IL,2022,UNKNOWN,UNKNOWN/NA,UNKNOWN/NA,S,PARKED,,,2,,,,N,,,,,,Y,,,,,,,,UNKNOWN,,,,,,,,,,,,,,,,,,,,,,,,,,,,,,,,,
2117524,b2da54106c53c90fec8c4cca67e463ad9bd9807557b828421bcf3e84a0718c17be34fb8d166b1dbab0df06b6c904d52c13021b8edae17891f47faa414e4ee195,07/29/2025 06:00:00 PM,1,DRIVER,,2018611,,UNKNOWN,MOTORIZED,,,NONE,PASSENGER,UNKNOWN/NA,E,STRAIGHT AHEAD,,,1,,,,,,,,,,,,,,,,Y,,FRONT,,,,,,,,,,,,,,,,,,,,,,,,,,,,,,,,,
2117525,b2da54106c53c90fec8c4cca67e463ad9bd9807557b828421bcf3e84a0718c17be34fb8d166b1dbab0df06b6c904d52c13021b8edae17891f47faa414e4ee195,07/29/2025 06:00:00 PM,2,DRIVER,,2018618,,CHEVROLET,COBALT,IL,2009,NONE,PASSENGER,PERSONAL,E,STRAIGHT AHEAD,,,1,,,,,,,,,,Y,,,,,,Y,,FRONT,,,,,,,,,,,,,,,,,,,,,,,,,,,,,,,,,
2117526,b2da54106c53c90fec8c4cca67e463ad9bd9807557b828421bcf3e84a0718c17be34fb8d166b1dbab0df06b6c904d52c13021b8edae17891f47faa414e4ee195,07/29/2025 06:00:00 PM,3,DRIVER,,2018621,,HYUNDAI,PALISADE,IL,2021,NONE,PASSENGER,PERSONAL,E,STRAIGHT AHEAD,,,1,,,,,,,,,,Y,,,,,,,,REAR,,,,,,,,,,,,,,,,,,,,,,,,,,,,,,,,,
2117232,d01ebb65503673403463d8950a8dcc1733b4dc4e35db6ee19669609637760dbbb3649873d640a9567a3023f091fcec70d6ed98e95c9096198eb4c7723dc15e42,07/29/2025 06:00:00 PM,1,DRIVER,,2018367,,HONDA,CR-V,IL,2014,NONE,PASSENGER,PERSONAL,W,TURNING RIGHT,,,1,,,,,,Y,Y,,,,,,,,,,,SIDE-RIGHT,,,,,,,,,,,,,,,,,,,,,,,,,,,,,,,,,
2117233,d01ebb65503673403463d8950a8dcc1733b4dc4e35db6ee19669609637760dbbb3649873d640a9567a3023f091fcec70d6ed98e95c9096198eb4c7723dc15e42,07/29/2025 06:00:00 PM,2,BICYCLE,,,,,,,,,,,,,,,,,,,,,,,,,,,,,,,,,,,,,,,,,,,,,,,,,,,,,,,,,,,,,,,,,,
2117345,f94bfc3233f874504a7e3fd32031422a05743027baa5eaa7f3267ee828984dbd5f0e69371c13f8b6bdb101272004df6148aea1099199de40cf145189903eddc9,07/29/2025 05:45:00 PM,1,DRIVER,,2018432,,HONDA,CR-V,IL,,UNKNOWN,SPORT UTILITY VEHICLE (SUV),UNKNOWN/NA,W,TURNING RIGHT,,,1,,,,,,Y,,,,,,,,,,,,SIDE-RIGHT,,,,,,,,,,,,,,,,,,,,,,,,,,,,,,,,,
2117346,f94bfc3233f874504a7e3fd32031422a05743027baa5eaa7f3267ee828984dbd5f0e69371c13f8b6bdb101272004df6148aea1099199de40cf145189903eddc9,07/29/2025 05:45:00 PM,2,BICYCLE,,,,,,,,,,,,,,,,,,,,,,,,,,,,,,,,,,,,,,,,,,,,,,,,,,,,,,,,,,,,,,,,,,
2117189,037f6c7984f8f1b91a8f650381b1c97ea34a09fdf67169bb4a8c18fd3930fd7854c6b9117b95539769cf66f815993fce285597b17dc3d490978947c9860aecb5,07/29/2025 05:40:00 PM,1,DRIVER,,2018323,,TOYOTA,CAMRY,IL,2009,NONE,PASSENGER,PERSONAL,W,STRAIGHT AHEAD,,,1,,,,,,,,,,,,,,,,Y,,FRONT,,,,,,,,,,,,,,,,,,,,,,,,,,,,,,,,,
2117190,037f6c7984f8f1b91a8f650381b1c97ea34a09fdf67169bb4a8c18fd3930fd7854c6b9117b95539769cf66f815993fce285597b17dc3d490978947c9860aecb5,07/29/2025 05:40:00 PM,2,DRIVER,,2018326,,HONDA,CIVIC,IL,2015,NONE,PASSENGER,PERSONAL,W,SLOW/STOP IN TRAFFIC,,,1,,,,,,,,,,Y,,,,,,,,REAR,,,,,,,,,,,,,,,,,,,,,,,,,,,,,,,,,
2117152,eb28b3614aedc255f5b4eb4c1559ca97e2268947c90ec47c136968ea8d25b2b9db2ff85141317da6f7c1406f3f0934e470def832d2601ae302359391006fc7ee,07/29/2025 05:35:00 PM,1,DRIVER,1,2018282,,AUTOCAR,AUTOCAR,IL,2021,UNKNOWN,OTHER,STATE OWNED,E,TURNING LEFT,,,2,,,,,,,,,,,,,,,,,,REAR,,,,,,,,,,,,,,,,,,,,,,,,,,,,,,,,,
2117153,eb28b3614aedc255f5b4eb4c1559ca97e2268947c90ec47c136968ea8d25b2b9db2ff85141317da6f7c1406f3f0934e470def832d2601ae302359391006fc7ee,07/29/2025 05:35:00 PM,2,DRIVER,1,2018295,,FORD,ESCAPE,IL,2006,UNKNOWN,PASSENGER,UNKNOWN/NA,E,TURNING LEFT,,,2,,,,,,,,,,,,,,,,Y,,FRONT,,,,,,,,,,,,,,,,,,,,,,,,,,,,,,,,,
2117211,0012769af3210685e95e5830707ef461dc4db37e707af46bcb0b1889d3ada7c727a06d4f3b4010669c91ae7f5d2ea708f74b806ed07a96a8025c7b20523a3a2c,07/29/2025 05:30:00 PM,1,DRIVER,,2018343,,HONDA,CIVIC,IL,2012,UNKNOWN,PASSENGER,PERSONAL,W,BACKING,,,1,,,,,,,,,,Y,Y,Y,,,,,,REAR-LEFT-CORNER,,,,,,,,,,,,,,,,,,,,,,,,,,,,,,,,,
2117212,0012769af3210685e95e5830707ef461dc4db37e707af46bcb0b1889d3ada7c727a06d4f3b4010669c91ae7f5d2ea708f74b806ed07a96a8025c7b20523a3a2c,07/29/2025 05:30:00 PM,2,PARKED,,2018347,,RIVIAN,R1S,IL,2022,UNKNOWN,VAN/MINI-VAN,OTHER,S,PARKED,,,0,,,,,,,,Y,Y,Y,,,,,,,,REAR-RIGHT-CORNER,,,,,,,,,,,,,,,,,,,,,,,,,,,,,,,,,
2117936,0ffc7e5e1d7c8e7d9d2d5afec31fe34b2a4bb68e220cefed6c81b97163ecd63bea70868f0c6f1f5d0fd773cf444a2416b0d29f606886597f70a129548c511341,07/29/2025 05:30:00 PM,1,DRIVER,,2018999,,TOYOTA,OTHER (EXPLAIN IN NARRATIVE),IL,2022,UNKNOWN,PASSENGER,UNKNOWN/NA,S,MERGING,,,1,,,,,,,,,,,,,,,,,Y,UNKNOWN,,,,,,,,,,,,,,,,,,,,,,,,,,,,,,,,,
2117937,0ffc7e5e1d7c8e7d9d2d5afec31fe34b2a4bb68e220cefed6c81b97163ecd63bea70868f0c6f1f5d0fd773cf444a2416b0d29f606886597f70a129548c511341,07/29/2025 05:30:00 PM,2,DRIVER,,2018994,,MITSUBISHI,MIRAGE,IL,2024,NONE,PASSENGER,PERSONAL,S,STRAIGHT AHEAD,,,1,,,,,,,Y,,,,,,,,,,,SIDE-RIGHT,,,,,,,,,,,,,,,,,,,,,,,,,,,,,,,,,
2117191,1ea4f52924f644edd991e884d223995c0d097520e8184f12a9704d9898e5c24b4006815e73be0ae6b6ad732ffa7a69900b64fae25e1b2249ce9b4346868885c4,07/29/2025 05:30:00 PM,1,DRIVER,,2018324,,CHEVROLET,CAMARO,IL,2021,UNKNOWN,PASSENGER,PERSONAL,UNKNOWN,BACKING,,,1,,,,,,,,,,Y,Y,,,,,,,REAR-LEFT-CORNER,,,,,,,,,,,,,,,,,,,,,,,,,,,,,,,,,
2117192,1ea4f52924f644edd991e884d223995c0d097520e8184f12a9704d9898e5c24b4006815e73be0ae6b6ad732ffa7a69900b64fae25e1b2249ce9b4346868885c4,07/29/2025 05:30:00 PM,2,PARKED,,2018328,,INFINITI,EX35,IL,2018,UNKNOWN,SPORT UTILITY VEHICLE (SUV),NOT IN USE,UNKNOWN,PARKED,,,0,,,,,,,,,,,Y,Y,Y,Y,,,,SIDE-LEFT,,,,,,,,,,,,,,,,,,,,,,,,,,,,,,,,,
2117205,28652e5d978081154e5790aeaf956d3c96dc5a84e8766bbbefa04351bc1f949ea54996db85a3980e9dce1f247e45c08322ba962b56ee84229b50ce8ee00adefb,07/29/2025 05:30:00 PM,1,DRIVER,,2018349,,DODGE,RAM 3500 PU,WA,,NONE,SINGLE UNIT TRUCK WITH TRAILER,UNKNOWN/NA,W,TURNING RIGHT,,,1,,,,,,,,,,,,,,,,,,UNKNOWN,,,,,,,,,,,,,,,,,,,,,,,,,,,,,,,,,
2117206,28652e5d978081154e5790aeaf956d3c96dc5a84e8766bbbefa04351bc1f949ea54996db85a3980e9dce1f247e45c08322ba962b56ee84229b50ce8ee00adefb,07/29/2025 05:30:00 PM,2,PARKED,,2018353,,MINI,COOPER,IL,2020,NONE,PASSENGER,PERSONAL,E,PARKED,,,0,,,,,,,,,,,,,,,,,,SIDE-LEFT,,,,,,,,,,,,,,,,,,,,,,,,,,,,,,,,,
2117218,54f67624c74685e83344aed9726b92b7c8b40e8b3800e7020759888285c4d68248f4b7ba4163d9df205d0be6bb63aa199239c0dc55f8141f29556cae598a50c9,07/29/2025 05:30:00 PM,1,DRIVER,,2018361,,GENERAL MOTORS CORPORATION (GMC),YUKON,IL,2005,NONE,SPORT UTILITY VEHICLE (SUV),UNKNOWN/NA,S,UNKNOWN/NA,,,1,,,,,,,,,,,,,,,,,Y,UNKNOWN,,,,,,,,,,,,,,,,,,,,,,,,,,,,,,,,,
2117219,54f67624c74685e83344aed9726b92b7c8b40e8b3800e7020759888285c4d68248f4b7ba4163d9df205d0be6bb63aa199239c0dc55f8141f29556cae598a50c9,07/29/2025 05:30:00 PM,2,DRIVER,1,2018376,,FORD,FUSION,IL,2013,NONE,PASSENGER,PERSONAL,S,STRAIGHT AHEAD,,,2,,,,,,,,,,,Y,Y,Y,Y,,,Y,SIDE-LEFT,,,,,,,,,,,,,,,,,,,,,,,,,,,,,,,,,
2117234,79ce6e3f0f269c12a1e4f8387a824215afc6a39dc84c644dca4bb6d6a64c19f709b9adb93a4e18f65860c8c32acf19795255cbbd55d48b1e6df4d53a7dbd0e71,07/29/2025 05:30:00 PM,1,DRIVER,,2018366,,HYUNDAI,SANTA FE,IL,2022,UNKNOWN,PASSENGER,UNKNOWN/NA,W,PASSING/OVERTAKING,,,1,,,,,Y,,,,,,,,,,,,,FRONT-RIGHT-CORNER,,,,,,,,,,,,,,,,,,,,,,,,,,,,,,,,,
2117235,79ce6e3f0f269c12a1e4f8387a824215afc6a39dc84c644dca4bb6d6a64c19f709b9adb93a4e18f65860c8c32acf19795255cbbd55d48b1e6df4d53a7dbd0e71,07/29/2025 05:30:00 PM,2,DRIVER,,2018373,,TOYOTA,OTHER (EXPLAIN IN NARRATIVE),IL,2016,UNKNOWN,UNKNOWN/NA,UNKNOWN/NA,W,STRAIGHT AHEAD,,,1,,,,,,,,,,,,Y,,,,,,SIDE-LEFT,,,,,,,,,,,,,,,,,,,,,,,,,,,,,,,,,
2117195,d3226543f9c9ce9c47630419bc52f9e9f57c46a7006000131ff2d279514202bc99ce6b6f644519c89b7484bb84943c1b21fa7485d3d1dd8fe0475125f6630111,07/29/2025 05:30:00 PM,1,DRIVER,,2018329,,KIA,MOHAVE / BORREGO,IL,2012,UNKNOWN,PASSENGER,PERSONAL,W,STRAIGHT AHEAD,,,1,,,,,,,,,,,,,,,,,Y,SIDE-RIGHT-FRONT,,,,,,,,,,,,,,,,,,,,,,,,,,,,,,,,,
2117196,d3226543f9c9ce9c47630419bc52f9e9f57c46a7006000131ff2d279514202bc99ce6b6f644519c89b7484bb84943c1b21fa7485d3d1dd8fe0475125f6630111,07/29/2025 05:30:00 PM,2,DRIVER,,2018336,,CHEVROLET,IMPALA,IL,,NONE,PASSENGER,PERSONAL,W,STRAIGHT AHEAD,,,1,,,,,,,,,,,,,Y,Y,Y,,,SIDE-LEFT,,,,,,,,,,,,,,,,,,,,,,,,,,,,,,,,,
2117340,174f17b07b55e64e091d69f91f59909e7aafd63b22ba8a27978d56ec694e2c2ecda1816713e57c32621fb39f500eb0225341110ad7a89a00e7cb38c6f3b58f9e,07/29/2025 05:28:00 PM,3,PARKED,,2018433,,HYUNDAI,KONA,OR,2024,NONE,SPORT UTILITY VEHICLE (SUV),UNKNOWN/NA,W,PARKED,,,0,,,,,,Y,Y,,Y,,,,,,,,,UNKNOWN,,,,,,,,,,,,,,,,,,,,,,,,,,,,,,,,,
2117341,174f17b07b55e64e091d69f91f59909e7aafd63b22ba8a27978d56ec694e2c2ecda1816713e57c32621fb39f500eb0225341110ad7a89a00e7cb38c6f3b58f9e,07/29/2025 05:28:00 PM,1,DRIVER,,2018428,,FIAT,OTHER (EXPLAIN IN NARRATIVE),IL,2013,NONE,PASSENGER,PERSONAL,E,OTHER,Y,,1,,private,,,Y,Y,Y,,,,,,,,,,,UNKNOWN,,,,,,,,,,,,,,,,,,,,,,,,,,,,,,,,,
2117342,174f17b07b55e64e091d69f91f59909e7aafd63b22ba8a27978d56ec694e2c2ecda1816713e57c32621fb39f500eb0225341110ad7a89a00e7cb38c6f3b58f9e,07/29/2025 05:28:00 PM,2,PARKED,,2018431,,NISSAN,ALTIMA,IA,2023,NONE,PASSENGER,UNKNOWN/NA,W,PARKED,Y,,0,,private,,,Y,Y,,,,,,,,,,,,UNKNOWN,,,,,,,,,,,,,,,,,,,,,,,,,,,,,,,,,
2117213,14bff74c382473083458368589ee0517fd528bfbc1b03a672962467af856f9698e786a67f8ee8f0d89df15e62ca2593866d325f5c022b20d7f67bc5f44b16435,07/29/2025 05:25:00 PM,1,DRIVER,,2018360,,CHEVROLET,COLORADO,IL,2016,UNKNOWN,PASSENGER,PERSONAL,UNKNOWN,BACKING,,,1,,,,,,,,,Y,Y,Y,,,,,,,REAR,,,,,,,,,,,,,,,,,,,,,,,,,,,,,,,,,
2117214,14bff74c382473083458368589ee0517fd528bfbc1b03a672962467af856f9698e786a67f8ee8f0d89df15e62ca2593866d325f5c022b20d7f67bc5f44b16435,07/29/2025 05:25:00 PM,2,DRIVER,,2018370,,KIA,SPORTAGE,IL,2023,UNKNOWN,PASSENGER,PERSONAL,UNKNOWN,STRAIGHT AHEAD,,,1,,,,,Y,,,,,,,,,,Y,Y,,FRONT,,,,,,,,,,,,,,,,,,,,,,,,,,,,,,,,,
2117142,53aa010ae7a23a61fa3effb13411e167f5071c9fdbea76650478482a9c4063aa7b96961d1d0d79be8c44f4bd6f864fc1e6ae0465d0aef071ebfc881ec1f11463,07/29/2025 05:20:00 PM,1,DRIVER,,2018267,,TOYOTA,CAMRY,IL,2009,NONE,PASSENGER,PERSONAL,W,STRAIGHT AHEAD,,,1,,,,,,,,,,,,,,,Y,Y,,FRONT,,,,,,,,,,,,,,,,,,,,,,,,,,,,,,,,,
2117143,53aa010ae7a23a61fa3effb13411e167f5071c9fdbea76650478482a9c4063aa7b96961d1d0d79be8c44f4bd6f864fc1e6ae0465d0aef071ebfc881ec1f11463,07/29/2025 05:20:00 PM,2,DRIVER,2,2018272,,HONDA,CIVIC,IL,2015,NONE,PASSENGER,PERSONAL,W,STRAIGHT AHEAD,,,3,,,,,,,,,Y,Y,Y,,,,,,,REAR,,,,,,,,,,,,,,,,,,,,,,,,,,,,,,,,,
2117699,6b011093a02c145fc7c0b8abb5d4f52f7cdbb4c390ced54e70bbb638339a846fb23d09c1e70a91ea9f87189c6f417654dbc3f44b77a9d8727c1acf38909fb0e7,07/29/2025 05:15:00 PM,1,DRIVER,,2018818,,UNKNOWN,OTHER (EXPLAIN IN NARRATIVE),,,UNKNOWN,SINGLE UNIT TRUCK WITH TRAILER,UNKNOWN/NA,N,UNKNOWN/NA,,,1,,,,,,,,,,,,,,,,,,TOP,,,,,,,,,,,,,,,,,,,,,,,,,,,,,,,,,
2117700,6b011093a02c145fc7c0b8abb5d4f52f7cdbb4c390ced54e70bbb638339a846fb23d09c1e70a91ea9f87189c6f417654dbc3f44b77a9d8727c1acf38909fb0e7,07/29/2025 05:15:00 PM,2,DRIVER,,2018801,,NISSAN,ROGUE,IN,2020,UNKNOWN,PASSENGER,UNKNOWN/NA,S,UNKNOWN/NA,,,1,,,,,,,,,,,,,,Y,Y,,,FRONT-LEFT-CORNER,,,,,,,,,,,,,,,,,,,,,,,,,,,,,,,,,
2117197,df44ccb3cb430388846d4625531076308b6d3e437f156f3d6404d8adaa5527de41d4a2f775ffd2fafb5f8b8a659f5525bb7bf9120335b1409f017662d4804974,07/29/2025 05:15:00 PM,1,DRIVER,,2018357,,CHEVROLET,CAMARO,IL,2021,NONE,PASSENGER,PERSONAL,N,OTHER,,,1,,,,,Y,,,,,,,,,,,,,FRONT-RIGHT-CORNER,,,,,,,,,,,,,,,,,,,,,,,,,,,,,,,,,
2117198,df44ccb3cb430388846d4625531076308b6d3e437f156f3d6404d8adaa5527de41d4a2f775ffd2fafb5f8b8a659f5525bb7bf9120335b1409f017662d4804974,07/29/2025 05:15:00 PM,2,PARKED,,2018379,,CHEVROLET,TAHOE,IL,2021,NONE,PASSENGER,OTHER,S,PARKED,,,0,,,,,,,,,,,,,,,,,,FRONT,,,,,,,,,,,,,,,,,,,,,,,,,,,,,,,,,
2117223,90a5a4b8437c557967cc8a352ed8c77ea77c96f01876b5f174519fc1a10a636d5b5a67d2f49f423b45865b6440b10d6c7c7962b718ddf2713e85ab5425ff8d29,07/29/2025 05:10:00 PM,1,DRIVER,1,2018365,,NISSAN,VERSA,,2007,UNKNOWN,PASSENGER,PERSONAL,N,SKIDDING/CONTROL LOSS,,,2,,,,,,,,,,,Y,,,,,,,FRONT-LEFT-CORNER,,,,,,,,,,,,,,,,,,,,,,,,,,,,,,,,,
2117224,90a5a4b8437c557967cc8a352ed8c77ea77c96f01876b5f174519fc1a10a636d5b5a67d2f49f423b45865b6440b10d6c7c7962b718ddf2713e85ab5425ff8d29,07/29/2025 05:10:00 PM,2,PARKED,,2018377,,NISSAN,ROGUE,IL,2015,OTHER,SPORT UTILITY VEHICLE (SUV),PERSONAL,E,PARKED,,,0,,,,,,,,,Y,,,,,,,,,REAR-RIGHT-CORNER,,,,,,,,,,,,,,,,,,,,,,,,,,,,,,,,,
2117225,90a5a4b8437c557967cc8a352ed8c77ea77c96f01876b5f174519fc1a10a636d5b5a67d2f49f423b45865b6440b10d6c7c7962b718ddf2713e85ab5425ff8d29,07/29/2025 05:10:00 PM,3,PEDESTRIAN,,,,,,,,,,,,,,,,,,,,,,,,,,,,,,,,,,,,,,,,,,,,,,,,,,,,,,,,,,,,,,,,,,
2117910,49c112620334053583209c175a2c806d74180fd7c95256b8568ca5c57203130e5c10ecc79668dbf2e718dab428c04f04a1abb2f56c8ba7361e147e15d68eb428,07/29/2025 05:05:00 PM,1,DRIVER,,2018974,,TOYOTA,CAMRY,IL,2023,UNKNOWN,PASSENGER,PERSONAL,UNKNOWN,BACKING,,,1,,,,,,,,,Y,Y,Y,,,,,,,REAR,,,,,,,,,,,,,,,,,,,,,,,,,,,,,,,,,
2117911,49c112620334053583209c175a2c806d74180fd7c95256b8568ca5c57203130e5c10ecc79668dbf2e718dab428c04f04a1abb2f56c8ba7361e147e15d68eb428,07/29/2025 05:05:00 PM,2,DRIVER,,2018987,,HONDA,CR-V,,,UNKNOWN,PASSENGER,PERSONAL,UNKNOWN,STRAIGHT AHEAD,,,1,,,,,Y,Y,Y,Y,,,,,,,,,,UNKNOWN,,,,,,,,,,,,,,,,,,,,,,,,,,,,,,,,,
2117193,eca51a0426afe9cad946081b4ff79bb35b57fcac99f8d77b595294459b9da77048c062bc4347fe32f5d4e414bcd6159b3a761e0a080791ef88282c8c01a9d276,07/29/2025 05:02:00 PM,1,DRIVER,,2018331,,FORD,ESCAPE,IL,2025,UNKNOWN,SPORT UTILITY VEHICLE (SUV),PERSONAL,N,BACKING,,,1,,,,,,,,,,,Y,,,,,,,REAR-LEFT-CORNER,,,,,,,,,,,,,,,,,,,,,,,,,,,,,,,,,
2117194,eca51a0426afe9cad946081b4ff79bb35b57fcac99f8d77b595294459b9da77048c062bc4347fe32f5d4e414bcd6159b3a761e0a080791ef88282c8c01a9d276,07/29/2025 05:02:00 PM,2,DRIVER,,2018339,,TESLA,MODEL 3,IL,2018,UNKNOWN,PASSENGER,UNKNOWN/NA,W,UNKNOWN/NA,,,1,,,,,,,,,,,,,,,Y,,,FRONT-LEFT-CORNER,,,,,,,,,,,,,,,,,,,,,,,,,,,,,,,,,
2118043,3e0fcb6984ba198e9c0589eef07b307c020b17dd74543b075ae572bb31034bba37b873bcd4209bdc0dfbc32bb62e1594c92c1477d28b89e3649ac956ce30daf0,07/29/2025 05:00:00 PM,1,DRIVER,,2019107,,JEEP,CHEROKEE,IL,2011,NONE,PASSENGER,PERSONAL,S,STRAIGHT AHEAD,,,1,,,,,,,,,,,,,,,,,Y,UNKNOWN,,,,,,,,,,,,,,,,,,,,,,,,,,,,,,,,,
2118044,3e0fcb6984ba198e9c0589eef07b307c020b17dd74543b075ae572bb31034bba37b873bcd4209bdc0dfbc32bb62e1594c92c1477d28b89e3649ac956ce30daf0,07/29/2025 05:00:00 PM,2,DRIVER,,2019117,,DODGE,CALIBER,IL,2008,NONE,PASSENGER,PERSONAL,S,STRAIGHT AHEAD,,,1,,,,,,,,,,Y,,,,,,,,REAR,,,,,,,,,,,,,,,,,,,,,,,,,,,,,,,,,
2117475,beb32966f24c8beb000805bd11ef8707ba4adbfd9d4fd0d03020f6478cb03a8b3be9cdb8a4c0e427951d397862e4bb2e1cea03f4ba74288b66501f930be6316b,07/29/2025 05:00:00 PM,1,DRIVER,,2018562,,UNKNOWN,OTHER (EXPLAIN IN NARRATIVE),IL,,UNKNOWN,UNKNOWN/NA,UNKNOWN/NA,UNKNOWN,UNKNOWN/NA,,,1,,,,,,,,,,,,,,,,,,UNKNOWN,,,,,,,,,,,,,,,,,,,,,,,,,,,,,,,,,
2117476,beb32966f24c8beb000805bd11ef8707ba4adbfd9d4fd0d03020f6478cb03a8b3be9cdb8a4c0e427951d397862e4bb2e1cea03f4ba74288b66501f930be6316b,07/29/2025 05:00:00 PM,2,PARKED,,2018560,,HYUNDAI,TUCSON,IL,2015,NONE,PASSENGER,PERSONAL,E,PARKED,,,0,,,,,,,,,,,Y,,,,,,,REAR-LEFT-CORNER,,,,,,,,,,,,,,,,,,,,,,,,,,,,,,,,,
2117185,27c971031357df23c34259654f88d1e7d40ab224651bcd342cbe83863cb6dca9b064b669493560734f9bf60f39438f355a1bd1ece1c4a21fd92e44ca46f45679,07/29/2025 04:50:00 PM,1,DRIVER,,2018330,,CHEVROLET,AVALANCHE,IL,,UNKNOWN,PICKUP,UNKNOWN/NA,N,STRAIGHT AHEAD,,,1,,,,,,,,,,,,,,,,,Y,FRONT,,,,,,,,,,,,,,,,,,,,,,,,,,,,,,,,,
2117186,27c971031357df23c34259654f88d1e7d40ab224651bcd342cbe83863cb6dca9b064b669493560734f9bf60f39438f355a1bd1ece1c4a21fd92e44ca46f45679,07/29/2025 04:50:00 PM,2,DRIVER,,2018321,,NISSAN,ROGUE,IL,2020,NONE,SPORT UTILITY VEHICLE (SUV),PERSONAL,N,STRAIGHT AHEAD,,,1,,,,,,,,,Y,Y,Y,,,,,,,REAR,,,,,,,,,,,,,,,,,,,,,,,,,,,,,,,,,
2117164,7797b38bb5241075eb558463bc286573cb96568b551e524856a22ad29c5e01900872ce22034a99c2c16b97c4627dc8798a350a200808639a41bab88522185301,07/29/2025 04:50:00 PM,1,DRIVER,,2018290,,CHEVROLET,SILVERADO,IL,2014,NONE,PASSENGER,PERSONAL,W,STRAIGHT AHEAD,,,1,,,,Y,,,,,,,,,,,,,,NONE,,,,,,,,,,,,,,,,,,,,,,,,,,,,,,,,,
2117165,7797b38bb5241075eb558463bc286573cb96568b551e524856a22ad29c5e01900872ce22034a99c2c16b97c4627dc8798a350a200808639a41bab88522185301,07/29/2025 04:50:00 PM,2,BICYCLE,,,,,,,,,,,,,,,,,,,,,,,,,,,,,,,,,,,,,,,,,,,,,,,,,,,,,,,,,,,,,,,,,,
2117089,e1ebc58dec5b92affb75e23be385c1539fc91c3bb845e310035798f32f5289c5e377a8a09f91d37d4cab140aa4b6a2fb292044df409f0ca36277d2de2f0f9ba6,07/29/2025 04:50:00 PM,1,DRIVER,,2018220,,NISSAN,MURANO,IL,2007,UNKNOWN,SPORT UTILITY VEHICLE (SUV),UNKNOWN/NA,UNKNOWN,UNKNOWN/NA,,,1,,,,,,,,,,,,,,,Y,,Y,FRONT-LEFT-CORNER,,,,,,,,,,,,,,,,,,,,,,,,,,,,,,,,,
2117090,e1ebc58dec5b92affb75e23be385c1539fc91c3bb845e310035798f32f5289c5e377a8a09f91d37d4cab140aa4b6a2fb292044df409f0ca36277d2de2f0f9ba6,07/29/2025 04:50:00 PM,2,DRIVER,,2018232,,VOLKSWAGEN,TIGUAN,IL,2018,NONE,PASSENGER,PERSONAL,W,TURNING LEFT,,,1,,,,,,Y,Y,,,,,,,,,,Y,SIDE-RIGHT,,,,,,,,,,,,,,,,,,,,,,,,,,,,,,,,,
2117138,6d4d8e13e4555d9d0761a67a36ccbcf4c349740edc213131fe6a941003f09137154052dfbeb058df89b09e66b547d9613c45328b776527da5ea8e14b15b4972f,07/29/2025 04:45:00 PM,1,DRIVER,1,2018278,,CHRYSLER,300,IL,2008,UNKNOWN,PASSENGER,PERSONAL,N,OTHER,Y,,2,,UNKNOWN,UNKNOWN,,,,,,,,,,,Y,Y,,,FRONT-LEFT-CORNER,,,,,,,,,,,,,,,,,,,,,,,,,,,,,,,,,
2117139,6d4d8e13e4555d9d0761a67a36ccbcf4c349740edc213131fe6a941003f09137154052dfbeb058df89b09e66b547d9613c45328b776527da5ea8e14b15b4972f,07/29/2025 04:45:00 PM,2,PARKED,,2018288,,CHEVROLET,EQUINOX,IL,2013,UNKNOWN,PASSENGER,PERSONAL,UNKNOWN,PARKED,,,0,,,,,,,,,,,Y,Y,,,,,,REAR-LEFT-CORNER,,,,,,,,,,,,,,,,,,,,,,,,,,,,,,,,,