CRASH_UNIT_ID,CRASH_RECORD_ID,CRASH_DATE,UNIT_NO,UNIT_TYPE,NUM_PASSENGERS,VEHICLE_ID,CMRC_VEH_I,MAKE,MODEL,LIC_PLATE_STATE,VEHICLE_YEAR,VEHICLE_DEFECT,VEHICLE_TYPE,VEHICLE_USE,TRAVEL_DIRECTION,MANEUVER,TOWED_I,FIRE_I,OCCUPANT_CNT,EXCEED_SPEED_LIMIT_I,TOWED_BY,TOWED_TO,AREA_00_I,AREA_01_I,AREA_02_I,AREA_03_I,AREA_04_I,AREA_05_I,AREA_06_I,AREA_07_I,AREA_08_I,AREA_09_I,AREA_10_I,AREA_11_I,AREA_12_I,AREA_99_I,FIRST_CONTACT_POINT,CMV_ID,USDOT_NO,CCMC_NO,ILCC_NO,COMMERCIAL_SRC,GVWR,CARRIER_NAME,CARRIER_STATE,CARRIER_CITY,HAZMAT_PLACARDS_I,HAZMAT_NAME,UN_NO,HAZMAT_PRESENT_I,HAZMAT_REPORT_I,HAZMAT_REPORT_NO,MCS_REPORT_I,MCS_REPORT_NO,HAZMAT_VIO_CAUSE_CRASH_I,MCS_VIO_CAUSE_CRASH_I,IDOT_PERMIT_NO,WIDE_LOAD_I,TRAILER1_WIDTH,TRAILER2_WIDTH,TRAILER1_LENGTH,TRAILER2_LENGTH,TOTAL_VEHICLE_LENGTH,AXLE_CNT,VEHICLE_CONFIG,CARGO_BODY_TYPE,LOAD_TYPE,HAZMAT_OUT_OF_SERVICE_I,MCS_OUT_OF_SERVICE_I,HAZMAT_CLASS
2117146,e5da86a88767c5d0bea7234cf60b76b0dc4cfb872da0923ea7eb9f520fbcd6d9ced9754b427a52add4e2c4e32f0e34929d1f4702aef9cbe58d8807e23bbf720d,07/29/2025 04:45:00 PM,1,DRIVER,,2018275,,NISSAN,SENTRA,WI,2024,UNKNOWN,PASSENGER,UNKNOWN/NA,W,PASSING/OVERTAKING,,,1,,,,,,,,,Y,,,,,,,,,REAR-RIGHT-CORNER,,,,,,,,,,,,,,,,,,,,,,,,,,,,,,,,,
2117147,e5da86a88767c5d0bea7234cf60b76b0dc4cfb872da0923ea7eb9f520fbcd6d9ced9754b427a52add4e2c4e32f0e34929d1f4702aef9cbe58d8807e23bbf720d,07/29/2025 04:45:00 PM,2,DRIVER,,2018284,,TOYOTA,COROLLA,IL,2020,UNKNOWN,PASSENGER,UNKNOWN/NA,W,SLOW/STOP IN TRAFFIC,,,1,,,,,,,,,,,,,,,Y,,,FRONT-LEFT-CORNER,,,,,,,,,,,,,,,,,,,,,,,,,,,,,,,,,
2117127,ab15fc4cff057eba2a7f2f929fc43b7a29dd1baf8b8ec160449e09e5fbdb8baa4cc203f9fc595b8516b0b1adf1749628fe4dc6eb6d74bc68085997bd5c8dc5f4,07/29/2025 04:40:00 PM,1,DRIVER,1,2018281,,LEXUS,GX,OH,2023,UNKNOWN,SPORT UTILITY VEHICLE (SUV),PERSONAL,S,STRAIGHT AHEAD,Y,,2,,OWNER,,,Y,Y,Y,Y,Y,,,,,,,Y,,FRONT-RIGHT-CORNER,,,,,,,,,,,,,,,,,,,,,,,,,,,,,,,,,
2117128,ab15fc4cff057eba2a7f2f929fc43b7a29dd1baf8b8ec160449e09e5fbdb8baa4cc203f9fc595b8516b0b1adf1749628fe4dc6eb6d74bc68085997bd5c8dc5f4,07/29/2025 04:40:00 PM,2,DRIVERLESS,,2018317,,HONDA,CIVIC,IL,2010,UNKNOWN,PASSENGER,NOT IN USE,S,PARKED,,,0,,,,,,,,,,,,,,Y,,,,SIDE-LEFT,,,,,,,,,,,,,,,,,,,,,,,,,,,,,,,,,
2117129,ab15fc4cff057eba2a7f2f929fc43b7a29dd1baf8b8ec160449e09e5fbdb8baa4cc203f9fc595b8516b0b1adf1749628fe4dc6eb6d74bc68085997bd5c8dc5f4,07/29/2025 04:40:00 PM,3,DRIVERLESS,,2018327,,HYUNDAI,ELANTRA,IL,2017,NONE,PASSENGER,NOT IN USE,S,PARKED,,,0,,,,,,,,,,,,,Y,Y,Y,,,SIDE-LEFT,,,,,,,,,,,,,,,,,,,,,,,,,,,,,,,,,
2117130,ab15fc4cff057eba2a7f2f929fc43b7a29dd1baf8b8ec160449e09e5fbdb8baa4cc203f9fc595b8516b0b1adf1749628fe4dc6eb6d74bc68085997bd5c8dc5f4,07/29/2025 04:40:00 PM,4,DRIVERLESS,,2018337,,VOLKSWAGEN,JETTA,IL,2015,NONE,PASSENGER,NOT IN USE,S,PARKED,,,0,,,,,,,,,,,Y,Y,Y,Y,,,,REAR-RIGHT-CORNER,,,,,,,,,,,,,,,,,,,,,,,,,,,,,,,,,
2117131,ab15fc4cff057eba2a7f2f929fc43b7a29dd1baf8b8ec160449e09e5fbdb8baa4cc203f9fc595b8516b0b1adf1749628fe4dc6eb6d74bc68085997bd5c8dc5f4,07/29/2025 04:40:00 PM,5,DRIVERLESS,,2018341,,KIA,FORTE,IL,2015,NONE,PASSENGER,NOT IN USE,S,PARKED,,,0,,,,,,,,,,Y,Y,Y,Y,Y,,,,REAR-LEFT-CORNER,,,,,,,,,,,,,,,,,,,,,,,,,,,,,,,,,
2117215,ab15fc4cff057eba2a7f2f929fc43b7a29dd1baf8b8ec160449e09e5fbdb8baa4cc203f9fc595b8516b0b1adf1749628fe4dc6eb6d74bc68085997bd5c8dc5f4,07/29/2025 04:40:00 PM,6,DRIVERLESS,,2018348,,HONDA,CIVIC,IL,2015,NONE,PASSENGER,NOT IN USE,S,PARKED,,,0,,,,,,,,,,Y,Y,Y,,,,,,REAR-LEFT-CORNER,,,,,,,,,,,,,,,,,,,,,,,,,,,,,,,,,
2117220,ab15fc4cff057eba2a7f2f929fc43b7a29dd1baf8b8ec160449e09e5fbdb8baa4cc203f9fc595b8516b0b1adf1749628fe4dc6eb6d74bc68085997bd5c8dc5f4,07/29/2025 04:40:00 PM,7,DRIVERLESS,,2018351,,TOYOTA,CAMRY,IL,2015,NONE,PASSENGER,NOT IN USE,S,PARKED,,,0,,,,,,,,,,Y,,,,,,,,REAR,,,,,,,,,,,,,,,,,,,,,,,,,,,,,,,,,
2117112,f859dc4d0a151e0eb74a517acb6c20ebc8553f08b99f40b9a3d6b803583258202e546e3cde28d9986f87d015ce45f967a5c253f280269a3c0ae17efd89ef2b74,07/29/2025 04:36:00 PM,1,DRIVER,,2018252,,VOLKSWAGEN,OTHER (EXPLAIN IN NARRATIVE),IL,2023,NONE,PASSENGER,PERSONAL,E,OTHER,,,1,,,,,,,,,,,,,,,,,,FRONT,,,,,,,,,,,,,,,,,,,,,,,,,,,,,,,,,
2117113,f859dc4d0a151e0eb74a517acb6c20ebc8553f08b99f40b9a3d6b803583258202e546e3cde28d9986f87d015ce45f967a5c253f280269a3c0ae17efd89ef2b74,07/29/2025 04:36:00 PM,2,PARKED,1,2018256,,CHEVROLET,TRAVERSE,IL,2025,NONE,SPORT UTILITY VEHICLE (SUV),PERSONAL,E,PARKED,,,1,,,,,,,,,,Y,,,,,,,,REAR,,,,,,,,,,,,,,,,,,,,,,,,,,,,,,,,,
2117099,b17703fcf5689ffa2ac31e8216550dfff2a1561400a7b7154e7fa33f3ac7d417a4ab82379fa40337fc8ac0b2bd5cecc590988b6313678138565f234ebf6d4c47,07/29/2025 04:35:00 PM,1,DRIVER,1,2018241,,UNKNOWN,MOTORIZED,IL,2017,NONE,VAN/MINI-VAN,AMBULANCE,S,TURNING RIGHT,,,2,,,,,,,,Y,Y,,,,,,,,Y,SIDE-RIGHT-REAR,,,,,,,,,,,,,,,,,,,,,,,,,,,,,,,,,
2117100,b17703fcf5689ffa2ac31e8216550dfff2a1561400a7b7154e7fa33f3ac7d417a4ab82379fa40337fc8ac0b2bd5cecc590988b6313678138565f234ebf6d4c47,07/29/2025 04:35:00 PM,2,PARKED,,2018246,,CHEVROLET,OTHER (EXPLAIN IN NARRATIVE),IL,2005,NONE,PASSENGER,NOT IN USE,S,PARKED,,,0,,,,,,,,,,,,,,Y,Y,,,FRONT-LEFT-CORNER,,,,,,,,,,,,,,,,,,,,,,,,,,,,,,,,,
2117370,0e3a9f2dc01cd898e314b32665c3c8c04eca093db4dd5d602229bcbbf1c165656c398c6c703b92ea1dc5a01d4d0b9c0db5bd1243fec39ab3208b2faab2a11d08,07/29/2025 04:34:00 PM,1,DRIVER,,2018466,,TOYOTA,COROLLA,IL,2023,UNKNOWN,PASSENGER,OTHER,N,STRAIGHT AHEAD,,,1,,,,N,Y,Y,Y,,,,,,,,,,,SIDE-RIGHT,,,,,,,,,,,,,,,,,,,,,,,,,,,,,,,,,
2117371,0e3a9f2dc01cd898e314b32665c3c8c04eca093db4dd5d602229bcbbf1c165656c398c6c703b92ea1dc5a01d4d0b9c0db5bd1243fec39ab3208b2faab2a11d08,07/29/2025 04:34:00 PM,2,PARKED,,2018469,,JAGUAR,F-PACE,IL,2024,NONE,PASSENGER,PERSONAL,N,PARKED,,,0,,,,,,,,,,,,Y,Y,Y,Y,,,SIDE-LEFT,,,,,,,,,,,,,,,,,,,,,,,,,,,,,,,,,
2117116,30de3b4f00e5a4e50a20ef1190bf4e8a739d21d031656eb4c49a9a6d9ac916b1b3f860c2d63743d7347e38852a0d834b24bb8e7bedceeea8cbcc774443211b91,07/29/2025 04:34:00 PM,1,BICYCLE,,,,,,,,,,,,,,,,,,,,,,,,,,,,,,,,,,,,,,,,,,,,,,,,,,,,,,,,,,,,,,,,,,
2117117,30de3b4f00e5a4e50a20ef1190bf4e8a739d21d031656eb4c49a9a6d9ac916b1b3f860c2d63743d7347e38852a0d834b24bb8e7bedceeea8cbcc774443211b91,07/29/2025 04:34:00 PM,2,BICYCLE,,,,,,,,,,,,,,,,,,,,,,,,,,,,,,,,,,,,,,,,,,,,,,,,,,,,,,,,,,,,,,,,,,
2117118,30de3b4f00e5a4e50a20ef1190bf4e8a739d21d031656eb4c49a9a6d9ac916b1b3f860c2d63743d7347e38852a0d834b24bb8e7bedceeea8cbcc774443211b91,07/29/2025 04:34:00 PM,3,DRIVER,,2018265,,NISSAN,ROGUE,IL,2019,UNKNOWN,SPORT UTILITY VEHICLE (SUV),PERSONAL,S,STRAIGHT AHEAD,,,1,,,,,,Y,Y,Y,,,,,,,,,,SIDE-RIGHT-FRONT,,,,,,,,,,,,,,,,,,,,,,,,,,,,,,,,,
2117333,4ac7bc34b2260a18db41e239de13c1dc462cc719348f94be810df053a5c891c06b7c7385b060e0b9c1e55bbff18ddbe6acd22afc0eda6aae7d4d526d2d925a8f,07/29/2025 04:30:00 PM,1,DRIVER,,2018418,,TOYOTA,COROLLA,TN,2023,UNKNOWN,PASSENGER,RIDESHARE SERVICE,N,STRAIGHT AHEAD,,,1,,,,,Y,Y,,,,,,,,,,,,SIDE-RIGHT,,,,,,,,,,,,,,,,,,,,,,,,,,,,,,,,,
2117334,4ac7bc34b2260a18db41e239de13c1dc462cc719348f94be810df053a5c891c06b7c7385b060e0b9c1e55bbff18ddbe6acd22afc0eda6aae7d4d526d2d925a8f,07/29/2025 04:30:00 PM,2,PARKED,,2018423,,JAGUAR,OTHER (EXPLAIN IN NARRATIVE),IL,2024,UNKNOWN,PASSENGER,NOT IN USE,N,PARKED,,,0,,,,,Y,Y,,,,,,,,,,,,FRONT-LEFT-CORNER,,,,,,,,,,,,,,,,,,,,,,,,,,,,,,,,,
2118358,c40a0a9f5d122127ed190b2312d2cbc9232517412c40ccc3f41a8cd0550eb1aed6966b632d8db518b76109d83f15a216b96603037307ecc3f4b00a0bbe1e322f,07/29/2025 04:30:00 PM,1,DRIVER,,2019400,,UNKNOWN,OTHER (EXPLAIN IN NARRATIVE),IL,,UNKNOWN,SPORT UTILITY VEHICLE (SUV),PERSONAL,E,UNKNOWN/NA,,,1,,,,,,,,,,,,,,,,,,UNKNOWN,,,,,,,,,,,,,,,,,,,,,,,,,,,,,,,,,
2118367,c40a0a9f5d122127ed190b2312d2cbc9232517412c40ccc3f41a8cd0550eb1aed6966b632d8db518b76109d83f15a216b96603037307ecc3f4b00a0bbe1e322f,07/29/2025 04:30:00 PM,2,PEDESTRIAN,,,,,,,,,,,,,,,,,,,,,,,,,,,,,,,,,,,,,,,,,,,,,,,,,,,,,,,,,,,,,,,,,,
2117132,47040d0d4f1271e13ac37b97569cf5727fb1844a111736d9a8500218224b001ad31c0af10bf78b4b08ac82640e0f9487172a56750ecb041397be66d964e61b7b,07/29/2025 04:20:00 PM,1,DRIVER,,2018289,,HYUNDAI,SONATA,NC,2009,UNKNOWN,PASSENGER,PERSONAL,S,STRAIGHT AHEAD,,,1,,,,,Y,Y,,,,,,,,,,Y,,FRONT-RIGHT-CORNER,,,,,,,,,,,,,,,,,,,,,,,,,,,,,,,,,
2117133,47040d0d4f1271e13ac37b97569cf5727fb1844a111736d9a8500218224b001ad31c0af10bf78b4b08ac82640e0f9487172a56750ecb041397be66d964e61b7b,07/29/2025 04:20:00 PM,2,DRIVER,1,2018302,,NISSAN,ROGUE,IL,2022,UNKNOWN,SPORT UTILITY VEHICLE (SUV),PERSONAL,SE,STRAIGHT AHEAD,,,2,,,,,Y,,,,,,,,,Y,Y,Y,,FRONT-LEFT-CORNER,,,,,,,,,,,,,,,,,,,,,,,,,,,,,,,,,
2117156,5b07631936dc91fad1cf0f37a3aad9838f20b0499eaf5716ac5aa3ed2c539b1cd387c2c29250161a7e730cde1394970e46c04700ae4d69bd8d5fdd3283d878ad,07/29/2025 04:20:00 PM,1,DRIVER,,2018306,,BUICK,ENCLAVE,IL,2023,UNKNOWN,SPORT UTILITY VEHICLE (SUV),PERSONAL,S,BACKING,,,1,,,,,,,,,Y,Y,Y,,,,,,,REAR,,,,,,,,,,,,,,,,,,,,,,,,,,,,,,,,,
2117157,5b07631936dc91fad1cf0f37a3aad9838f20b0499eaf5716ac5aa3ed2c539b1cd387c2c29250161a7e730cde1394970e46c04700ae4d69bd8d5fdd3283d878ad,07/29/2025 04:20:00 PM,2,DRIVER,,2018314,,VOLKSWAGEN,OTHER (EXPLAIN IN NARRATIVE),IL,2022,UNKNOWN,PASSENGER,PERSONAL,N,SLOW/STOP IN TRAFFIC,,,1,,,,,Y,,,,,,,,,,Y,Y,,FRONT,,,,,,,,,,,,,,,,,,,,,,,,,,,,,,,,,
2117110,9ea6e6b9552fdc82ad611b736453225305845d1ae35953e2e867f6da7a517cae25bd20fd08f020d46f77eb1c878772c96088742872c41d3e95919e4097845ce7,07/29/2025 04:20:00 PM,1,DRIVER,,2018293,,CHEVROLET,CORVETTE,IL,2021,NONE,PASSENGER,PERSONAL,E,TURNING RIGHT,,,1,,,,,,,,Y,Y,,,,,,,,,SIDE-RIGHT-REAR,,,,,,,,,,,,,,,,,,,,,,,,,,,,,,,,,
2117111,9ea6e6b9552fdc82ad611b736453225305845d1ae35953e2e867f6da7a517cae25bd20fd08f020d46f77eb1c878772c96088742872c41d3e95919e4097845ce7,07/29/2025 04:20:00 PM,2,DRIVER,,2018312,,TOYOTA,COROLLA,IL,2023,NONE,PASSENGER,PERSONAL,N,STRAIGHT AHEAD,,,1,,,,,,,,,,,,,,,Y,,,FRONT-LEFT-CORNER,,,,,,,,,,,,,,,,,,,,,,,,,,,,,,,,,
2117119,f3a0c5f4c5d6d181f6fb7713379eafcef94622d0cd8d60cea9342af26543af8666cc4b0a437f372bdb9e43b0a9f554abd8728a73c1999fb904d533842f2114b7,07/29/2025 04:20:00 PM,1,DRIVER,,2018250,,FORD,ESCAPE,IL,2013,NONE,PASSENGER,PERSONAL,E,STRAIGHT AHEAD,,,1,,,,,,,,,,,,,,,Y,Y,,FRONT,,,,,,,,,,,,,,,,,,,,,,,,,,,,,,,,,
2117120,f3a0c5f4c5d6d181f6fb7713379eafcef94622d0cd8d60cea9342af26543af8666cc4b0a437f372bdb9e43b0a9f554abd8728a73c1999fb904d533842f2114b7,07/29/2025 04:20:00 PM,2,DRIVER,,2018255,,TOYOTA,CAMRY,IN,2006,NONE,PASSENGER,PERSONAL,E,STRAIGHT AHEAD,,,1,,,,,,,,Y,Y,,,,,,,,,REAR,,,,,,,,,,,,,,,,,,,,,,,,,,,,,,,,,
2118543,f34f018085b7083db0cdbef3dff52ee9cd899d3ea4a5b70fb3fc80444a5b0e3bc66de7e9f8b2264c88db3fb6e9f99a7202d2ca3f86092f66d3360895441a81ce,07/29/2025 04:16:00 PM,1,DRIVER,,2019577,,UNKNOWN,OTHER (EXPLAIN IN NARRATIVE),,,UNKNOWN,OTHER,OTHER,E,BACKING,,,1,,,,,,,,,,,,,,,,,,REAR,,,,,,,,,,,,,,,,,,,,,,,,,,,,,,,,,
2118544,f34f018085b7083db0cdbef3dff52ee9cd899d3ea4a5b70fb3fc80444a5b0e3bc66de7e9f8b2264c88db3fb6e9f99a7202d2ca3f86092f66d3360895441a81ce,07/29/2025 04:16:00 PM,2,DRIVER,3,2019582,,BUICK,ENCLAVE,IL,2021,NONE,PASSENGER,PERSONAL,W,STRAIGHT AHEAD,,,4,,,,,,,,,,,,,,,,,,FRONT-RIGHT-CORNER,,,,,,,,,,,,,,,,,,,,,,,,,,,,,,,,,
2117162,997ffab87115c2afe25c86ffd67412d8e81f68e24ab31d1f743b58fe30559a0f2ecfa541ff6856a21709e81528777b1b4c25d9690c381a965f03d1ca05c6e1ba,07/29/2025 04:15:00 PM,1,DRIVER,,2018299,,HYUNDAI,ELANTRA,IL,2009,NONE,PASSENGER,PERSONAL,S,OTHER,,,1,,,,,Y,,,,,,,,,,,,,FRONT-RIGHT-CORNER,,,,,,,,,,,,,,,,,,,,,,,,,,,,,,,,,
2117163,997ffab87115c2afe25c86ffd67412d8e81f68e24ab31d1f743b58fe30559a0f2ecfa541ff6856a21709e81528777b1b4c25d9690c381a965f03d1ca05c6e1ba,07/29/2025 04:15:00 PM,2,DRIVER,1,2018296,,TOYOTA,HIGHLANDER,IL,2017,NONE,SPORT UTILITY VEHICLE (SUV),PERSONAL,W,LEAVING TRAFFIC LANE TO PARK,,,2,,,,,,,,,Y,,,,,,,,,REAR-RIGHT-CORNER,,,,,,,,,,,,,,,,,,,,,,,,,,,,,,,,,
2117363,da73a92774a2c6649ccf8d0f15b62cbe912fa238e131bec21359574506c90c4cb1ec2211cbdd2083110903887577f8a73efe2e7ae6c7bfcf9e0f14c42cd34b7c,07/29/2025 04:13:00 PM,1,DRIVER,,2018444,,CHEVROLET,SILVERADO,IL,,UNKNOWN,PICKUP,UNKNOWN/NA,W,TURNING LEFT,,,1,,,,,Y,,,,,,,,,,Y,Y,,FRONT,,,,,,,,,,,,,,,,,,,,,,,,,,,,,,,,,
2117366,da73a92774a2c6649ccf8d0f15b62cbe912fa238e131bec21359574506c90c4cb1ec2211cbdd2083110903887577f8a73efe2e7ae6c7bfcf9e0f14c42cd34b7c,07/29/2025 04:13:00 PM,2,PEDESTRIAN,,,,,,,,,,,,,,,,,,,,,,,,,,,,,,,,,,,,,,,,,,,,,,,,,,,,,,,,,,,,,,,,,,
2117084,2feae7842b282b16e1b0362743beb8aa698e73574162294db62e2c7fcb892c30c9bb157bbed591a517d3ebb427fa4019ed71f4729052b99c71de2539502473d7,07/29/2025 04:11:00 PM,1,DRIVER,1,2018218,,HYUNDAI,SONATA,IL,2014,NONE,PASSENGER,PERSONAL,NE,TURNING RIGHT,,,2,,,,,,,,,,,,,,Y,Y,,,FRONT-RIGHT-CORNER,,,,,,,,,,,,,,,,,,,,,,,,,,,,,,,,,
2117085,2feae7842b282b16e1b0362743beb8aa698e73574162294db62e2c7fcb892c30c9bb157bbed591a517d3ebb427fa4019ed71f4729052b99c71de2539502473d7,07/29/2025 04:11:00 PM,2,DRIVER,3,2018235,,CHEVROLET,TRAVERSE,IL,2023,NONE,PASSENGER,PERSONAL,E,STRAIGHT AHEAD,,,4,,,,,Y,Y,,,,,,,,,,,,SIDE-LEFT-REAR,,,,,,,,,,,,,,,,,,,,,,,,,,,,,,,,,
2117178,b0921fac28dd438525d45d4a91bc2a99a32de9eeb076b4f46b245a91e58617d38930f91a3017c608a252db19c6f6125d27997768ad7e9be21d1be5d58649a8f6,07/29/2025 04:05:00 PM,1,DRIVER,3,2018316,,TESLA,MODEL Y,IL,2023,UNKNOWN,PASSENGER,PERSONAL,S,STRAIGHT AHEAD,,,4,,,,,Y,,,,,,,,,,N,Y,,FRONT-RIGHT-CORNER,,,,,,,,,,,,,,,,,,,,,,,,,,,,,,,,,
2117179,b0921fac28dd438525d45d4a91bc2a99a32de9eeb076b4f46b245a91e58617d38930f91a3017c608a252db19c6f6125d27997768ad7e9be21d1be5d58649a8f6,07/29/2025 04:05:00 PM,2,DRIVER,,2018325,,BMW,X3,IL,2021,NONE,SPORT UTILITY VEHICLE (SUV),PERSONAL,S,STRAIGHT AHEAD,,,1,,,,,,,,,,Y,Y,,,,,,,REAR-LEFT-CORNER,,,,,,,,,,,,,,,,,,,,,,,,,,,,,,,,,
2117207,f5e5dd5022f042bf36de7efdb587c131a84c1dca883ab3a29e4bc9ed04ab8eda480761611ac3f7c813c402bda0d50baf88dde06d3dd873e024b76a8e208fc59f,07/29/2025 04:03:00 PM,1,DRIVER,,2018352,,TOYOTA,RAV4,IL,2024,NONE,SPORT UTILITY VEHICLE (SUV),TAXI/FOR HIRE,N,STRAIGHT AHEAD,,,1,,,,,,,,,,,,,,,,Y,,FRONT,,,,,,,,,,,,,,,,,,,,,,,,,,,,,,,,,
2117208,f5e5dd5022f042bf36de7efdb587c131a84c1dca883ab3a29e4bc9ed04ab8eda480761611ac3f7c813c402bda0d50baf88dde06d3dd873e024b76a8e208fc59f,07/29/2025 04:03:00 PM,2,DRIVER,,2018364,,TOYOTA,RAV4,IL,2016,NONE,SPORT UTILITY VEHICLE (SUV),TAXI/FOR HIRE,N,SLOW/STOP IN TRAFFIC,,,1,,,,,,,,,,Y,,,,,,,,REAR,,,,,,,,,,,,,,,,,,,,,,,,,,,,,,,,,
2120120,01634b99c93b025a898f9bcc2a4538d2111024aedae9b784d0555f77f4e567140db4d55d876a89cea99974c9aee72952faa79ef5efcbb76310b06aad0addbcce,07/29/2025 04:00:00 PM,1,DRIVER,,2021108,,UNKNOWN,MOTORIZED,IL,,UNKNOWN,UNKNOWN/NA,UNKNOWN/NA,UNKNOWN,UNKNOWN/NA,,,1,,,,,,,,,,,,,,,,,Y,UNKNOWN,,,,,,,,,,,,,,,,,,,,,,,,,,,,,,,,,
2120121,01634b99c93b025a898f9bcc2a4538d2111024aedae9b784d0555f77f4e567140db4d55d876a89cea99974c9aee72952faa79ef5efcbb76310b06aad0addbcce,07/29/2025 04:00:00 PM,2,PARKED,,2021109,,HONDA,CIVIC,IL,2018,NONE,PASSENGER,NOT IN USE,N,PARKED,,,0,,,,,,,,,Y,Y,Y,,,,,,,REAR,,,,,,,,,,,,,,,,,,,,,,,,,,,,,,,,,
2117912,156a9be6a8acfbdfc1580630291e696913010047a4875c70daaecf613b2219bfe3ca9c5d8488cf58bf6ad438852ee3287ece28e68ece628672d9125173cc3450,07/29/2025 04:00:00 PM,1,DRIVER,,2018968,,UNKNOWN,OTHER (EXPLAIN IN NARRATIVE),IL,,NONE,PASSENGER,PERSONAL,W,STRAIGHT AHEAD,,,1,,,,,,,,,,,,,,,,,Y,UNKNOWN,,,,,,,,,,,,,,,,,,,,,,,,,,,,,,,,,
2117913,156a9be6a8acfbdfc1580630291e696913010047a4875c70daaecf613b2219bfe3ca9c5d8488cf58bf6ad438852ee3287ece28e68ece628672d9125173cc3450,07/29/2025 04:00:00 PM,2,PARKED,,2018971,,TOYOTA,COROLLA,NJ,2024,NONE,PASSENGER,PERSONAL,W,PARKED,,,0,,,,,,,,,,,Y,Y,,,,,,REAR-LEFT-CORNER,,,,,,,,,,,,,,,,,,,,,,,,,,,,,,,,,
2117393,15dc59369f83282b5aef115bd8e122793ff04232b5d96f0f38d627c0e169196fbfaa996e3430cdde8bdc97afacfb27286c904d3f2cce18f53a54c6c07c9b36bd,07/29/2025 04:00:00 PM,1,DRIVER,,2018483,N,TOYOTA,PRIUS,IL,2014,UNKNOWN,PASSENGER,TAXI/FOR HIRE,N,MERGING,,,1,,,,,,,Y,Y,,,,,,,,,,SIDE-RIGHT-REAR,,,,,,,,,,,,,,,,,,,,,,,,,,,,,,,,,
2117394,15dc59369f83282b5aef115bd8e122793ff04232b5d96f0f38d627c0e169196fbfaa996e3430cdde8bdc97afacfb27286c904d3f2cce18f53a54c6c07c9b36bd,07/29/2025 04:00:00 PM,2,DRIVER,1,2018489,,TOYOTA,RAV4,IL,2017,NONE,PASSENGER,PERSONAL,N,STRAIGHT AHEAD,,,2,,,,,,,,,,,,,,Y,Y,,,SIDE-LEFT-FRONT,,,,,,,,,,,,,,,,,,,,,,,,,,,,,,,,,
2117059,33ce1ed82e91c3c56b3b9e8c50f07eb354823686acae4811c8535c5f3185ce5736fc406a7583c5b75c74642b26387d948122aa2f310b740dfe8bb773f5384c01,07/29/2025 04:00:00 PM,1,DRIVER,,2018197,,HUMMER,H3,IL,2008,NONE,SPORT UTILITY VEHICLE (SUV),PERSONAL,N,STRAIGHT AHEAD,,,1,,,,,,,,,,,,,,,Y,,Y,FRONT-LEFT-CORNER,,,,,,,,,,,,,,,,,,,,,,,,,,,,,,,,,
2117060,33ce1ed82e91c3c56b3b9e8c50f07eb354823686acae4811c8535c5f3185ce5736fc406a7583c5b75c74642b26387d948122aa2f310b740dfe8bb773f5384c01,07/29/2025 04:00:00 PM,2,PEDESTRIAN,,,,,,,,,,,,,,,,,,,,,,,,,,,,,,,,,,,,,,,,,,,,,,,,,,,,,,,,,,,,,,,,,,
2117121,c8aa7e574633a3f1d8b84fbebe7754ec62a7108ac3e89815e242c6dbae95e301fff2d609b2f516ae32f059d525d68cbdbd25193eb8eeb168bc27783d2dedbbb2,07/29/2025 04:00:00 PM,1,BICYCLE,,,,,,,,,,,,,,,,,,,,,,,,,,,,,,,,,,,,,,,,,,,,,,,,,,,,,,,,,,,,,,,,,,
2117122,c8aa7e574633a3f1d8b84fbebe7754ec62a7108ac3e89815e242c6dbae95e301fff2d609b2f516ae32f059d525d68cbdbd25193eb8eeb168bc27783d2dedbbb2,07/29/2025 04:00:00 PM,2,DRIVER,,2018303,,HYUNDAI,SONATA,IL,2008,NONE,PASSENGER,PERSONAL,UNKNOWN,STRAIGHT AHEAD,,,1,,,,,Y,,,,,,,,,,Y,Y,,FRONT,,,,,,,,,,,,,,,,,,,,,,,,,,,,,,,,,
2117150,2b260b55f147a6dd62db48e2cc67619186f00cd3f546c91e6065790f164d59bc480d8bbcb20875621d217f0a972a7582e2832ec46320dbb1faf554a1b9815aa6,07/29/2025 03:50:00 PM,1,DRIVER,,2018292,,FORD,F150,IL,,UNKNOWN,PICKUP,PERSONAL,W,STRAIGHT AHEAD,,,1,,,,,N,,,,,,,,,,N,N,Y,UNKNOWN,,,,,,,,,,,,,,,,,,,,,,,,,,,,,,,,,
2117151,2b260b55f147a6dd62db48e2cc67619186f00cd3f546c91e6065790f164d59bc480d8bbcb20875621d217f0a972a7582e2832ec46320dbb1faf554a1b9815aa6,07/29/2025 03:50:00 PM,2,DRIVER,,2018310,,HONDA,CR-V,IL,2025,UNKNOWN,PASSENGER,PERSONAL,W,SLOW/STOP IN TRAFFIC,,,1,,,,,,,,,Y,Y,N,,,,,,,REAR-RIGHT-CORNER,,,,,,,,,,,,,,,,,,,,,,,,,,,,,,,,,
2117160,49ceaae619c1ffbbed31baae0cce11dd2e4a3a382ca5567f6616790cb9af163b8e218800e8bb5e7a158883817c2a629ab95a67b5164a76c8edcd1d25b6a9b5be,07/29/2025 03:50:00 PM,1,DRIVER,,2018286,,TOYOTA,RAV4,IL,2017,UNKNOWN,SPORT UTILITY VEHICLE (SUV),PERSONAL,UNKNOWN,CHANGING LANES,,,1,,,,,,,,,,,,,,Y,Y,,,FRONT-LEFT-CORNER,,,,,,,,,,,,,,,,,,,,,,,,,,,,,,,,,