CRASH_UNIT_ID,CRASH_RECORD_ID,CRASH_DATE,UNIT_NO,UNIT_TYPE,NUM_PASSENGERS,VEHICLE_ID,CMRC_VEH_I,MAKE,MODEL,LIC_PLATE_STATE,VEHICLE_YEAR,VEHICLE_DEFECT,VEHICLE_TYPE,VEHICLE_USE,TRAVEL_DIRECTION,MANEUVER,TOWED_I,FIRE_I,OCCUPANT_CNT,EXCEED_SPEED_LIMIT_I,TOWED_BY,TOWED_TO,AREA_00_I,AREA_01_I,AREA_02_I,AREA_03_I,AREA_04_I,AREA_05_I,AREA_06_I,AREA_07_I,AREA_08_I,AREA_09_I,AREA_10_I,AREA_11_I,AREA_12_I,AREA_99_I,FIRST_CONTACT_POINT,CMV_ID,USDOT_NO,CCMC_NO,ILCC_NO,COMMERCIAL_SRC,GVWR,CARRIER_NAME,CARRIER_STATE,CARRIER_CITY,HAZMAT_PLACARDS_I,HAZMAT_NAME,UN_NO,HAZMAT_PRESENT_I,HAZMAT_REPORT_I,HAZMAT_REPORT_NO,MCS_REPORT_I,MCS_REPORT_NO,HAZMAT_VIO_CAUSE_CRASH_I,MCS_VIO_CAUSE_CRASH_I,IDOT_PERMIT_NO,WIDE_LOAD_I,TRAILER1_WIDTH,TRAILER2_WIDTH,TRAILER1_LENGTH,TRAILER2_LENGTH,TOTAL_VEHICLE_LENGTH,AXLE_CNT,VEHICLE_CONFIG,CARGO_BODY_TYPE,LOAD_TYPE,HAZMAT_OUT_OF_SERVICE_I,MCS_OUT_OF_SERVICE_I,HAZMAT_CLASS
2117161,49ceaae619c1ffbbed31baae0cce11dd2e4a3a382ca5567f6616790cb9af163b8e218800e8bb5e7a158883817c2a629ab95a67b5164a76c8edcd1d25b6a9b5be,07/29/2025 03:50:00 PM,2,DRIVER,,2018297,,TOYOTA,PRIUS,IL,2014,UNKNOWN,PASSENGER,TAXI/FOR HIRE,UNKNOWN,STRAIGHT AHEAD,,,1,,,,,,,Y,Y,Y,,,,,,,,,SIDE-RIGHT-REAR,,,,,,,,,,,,,,,,,,,,,,,,,,,,,,,,,
2117650,97924837d7f94b21ec6453e34f244704eaa4d6c96102677c1c871c2837601eb9ba942b6a7b836995035118daa555475578930b6c4a572d8ba9c438989f319436,07/29/2025 03:50:00 PM,1,DRIVER,,2018725,,BMW,3 SERIES,IL,2016,NONE,PICKUP,PERSONAL,UNKNOWN,STRAIGHT AHEAD,,,1,,,,,Y,,,,,,,,,,Y,Y,,FRONT,,,,,,,,,,,,,,,,,,,,,,,,,,,,,,,,,
2117651,97924837d7f94b21ec6453e34f244704eaa4d6c96102677c1c871c2837601eb9ba942b6a7b836995035118daa555475578930b6c4a572d8ba9c438989f319436,07/29/2025 03:50:00 PM,2,DRIVER,,2018722,,TOYOTA,SEQUOIA,,2020,NONE,PASSENGER,PERSONAL,UNKNOWN,STRAIGHT AHEAD,,,1,,,,,,Y,Y,Y,,,,,,,,,,SIDE-RIGHT,,,,,,,,,,,,,,,,,,,,,,,,,,,,,,,,,
2117046,38c2cced2e1984fdfe41d89b2eeaf0f10f4f976622679dc0126e04d3efb7f818ec7b20832cae988d311674065a1f0a04f652bf7353c1ff5bb4ade5ff3bbbee19,07/29/2025 03:47:00 PM,1,DRIVER,,2018196,,FORD,EXPLORER,IL,2006,UNKNOWN,PASSENGER,UNKNOWN/NA,W,STRAIGHT AHEAD,,,1,,,,,Y,Y,,,,,,,,,,Y,,FRONT-RIGHT-CORNER,,,,,,,,,,,,,,,,,,,,,,,,,,,,,,,,,
2117047,38c2cced2e1984fdfe41d89b2eeaf0f10f4f976622679dc0126e04d3efb7f818ec7b20832cae988d311674065a1f0a04f652bf7353c1ff5bb4ade5ff3bbbee19,07/29/2025 03:47:00 PM,2,PARKED,1,2018187,,TOYOTA,CAMRY,IL,2023,NONE,PASSENGER,PERSONAL,W,PARKED,,,1,,,,,,,,,,,Y,Y,,,,,,REAR-LEFT-CORNER,,,,,,,,,,,,,,,,,,,,,,,,,,,,,,,,,
2117080,0235682f207864f1accfcd0c093c528cbe061bcb3ea0872df0789c3042060efefebbfa7c182933af4d289f9210ec23286aff1dccc3a98a34b070b7f21d3bb26e,07/29/2025 03:45:00 PM,1,DRIVER,,2018229,,INFINITI,G35,IL,2008,NONE,PASSENGER,PERSONAL,N,STRAIGHT AHEAD,,,1,,,,,,,,,,Y,,,,,,,,REAR,,,,,,,,,,,,,,,,,,,,,,,,,,,,,,,,,
2117081,0235682f207864f1accfcd0c093c528cbe061bcb3ea0872df0789c3042060efefebbfa7c182933af4d289f9210ec23286aff1dccc3a98a34b070b7f21d3bb26e,07/29/2025 03:45:00 PM,2,DRIVER,,2018238,,TOYOTA,CAMRY,IL,2018,NONE,PASSENGER,PERSONAL,S,STRAIGHT AHEAD,,,1,,,,,,,,,,,,,,,,Y,,FRONT,,,,,,,,,,,,,,,,,,,,,,,,,,,,,,,,,
2117123,74fe7f754c8cbd316fcdf463536e04388e6adb3c49a078fbaf90e9f407e3ceb225f68b2b6d80f047a822480e914c55bf1c4301fe67a340e48ad0f44572d9f9fc,07/29/2025 03:45:00 PM,1,DRIVER,,2018259,,SUBARU,FORESTER,IL,2005,UNKNOWN,SPORT UTILITY VEHICLE (SUV),PERSONAL,S,BACKING,,,1,,,,Y,,,,,,,,,,,,,,REAR,,,,,,,,,,,,,,,,,,,,,,,,,,,,,,,,,
2117124,74fe7f754c8cbd316fcdf463536e04388e6adb3c49a078fbaf90e9f407e3ceb225f68b2b6d80f047a822480e914c55bf1c4301fe67a340e48ad0f44572d9f9fc,07/29/2025 03:45:00 PM,2,PARKED,,2018270,,YAMAHA,OTHER (EXPLAIN IN NARRATIVE),IL,2008,UNKNOWN,MOPED OR MOTORIZED BICYCLE,UNKNOWN/NA,N,PARKED,,,0,,,,,,,,,,,,,,,,,Y,FRONT,,,,,,,,,,,,,,,,,,,,,,,,,,,,,,,,,
2117044,670914f8ac6fbe9f32cafb554eccc4c01a9ecfd32f6df73de7884c182de73c064d98c62ae9cfb65b944db484901be2971995bc1a07691ad13c78d61e422e1fa6,07/29/2025 03:40:00 PM,1,DRIVER,,2018202,N,"MACK TRUCKS, INC.","MACK TRUCKS, INC.",IL,2006,NONE,TRACTOR W/ SEMI-TRAILER,COMMERCIAL - SINGLE UNIT,SE,STRAIGHT AHEAD,,,1,,,,,,,,,,,,,,,Y,,,FRONT,,,,,,,,,,,,,,,,,,,,,,,,,,,,,,,,,
2117045,670914f8ac6fbe9f32cafb554eccc4c01a9ecfd32f6df73de7884c182de73c064d98c62ae9cfb65b944db484901be2971995bc1a07691ad13c78d61e422e1fa6,07/29/2025 03:40:00 PM,2,DRIVER,,2018216,,TOYOTA,CAMRY,,2024,NONE,PASSENGER,PERSONAL,S,STRAIGHT AHEAD,,,1,,,,,,,,,,,,,,,,,,REAR,,,,,,,,,,,,,,,,,,,,,,,,,,,,,,,,,
2118400,7808e64ebb931434ab8a64681e65a406ed5a9811b3d8828c1c211bea29c6970eb1760a4f967aab7710426f6485fd9ada5b7d317dff8041176af7d5009da0922c,07/29/2025 03:40:00 PM,1,DRIVER,,2019450,,DODGE,OTHER (EXPLAIN IN NARRATIVE),IL,2007,UNKNOWN,UNKNOWN/NA,PERSONAL,N,CHANGING LANES,,,1,,,,,,,,,,,,,,,Y,,,FRONT-LEFT-CORNER,,,,,,,,,,,,,,,,,,,,,,,,,,,,,,,,,
2118401,7808e64ebb931434ab8a64681e65a406ed5a9811b3d8828c1c211bea29c6970eb1760a4f967aab7710426f6485fd9ada5b7d317dff8041176af7d5009da0922c,07/29/2025 03:40:00 PM,2,DRIVER,,2019455,,HYUNDAI,PALISADE,IL,2022,NONE,PASSENGER,PERSONAL,N,STRAIGHT AHEAD,,,1,,,,,,,Y,Y,,,,,,,,,,SIDE-RIGHT,,,,,,,,,,,,,,,,,,,,,,,,,,,,,,,,,
2117035,aa6f59c844f484809d52196f189d48cc1d8ac9066918de3a83fa5837161832432af25164156c55d3dc9b12a71e69818f23e2a556efa988800c69db338dfc4ceb,07/29/2025 03:40:00 PM,2,DRIVER,,2018178,,SUBARU,OUTBACK,IL,2020,UNKNOWN,PASSENGER,UNKNOWN/NA,E,STRAIGHT AHEAD,,,1,,,,,Y,,,,,,,,,,,Y,,FRONT,,,,,,,,,,,,,,,,,,,,,,,,,,,,,,,,,
2117036,aa6f59c844f484809d52196f189d48cc1d8ac9066918de3a83fa5837161832432af25164156c55d3dc9b12a71e69818f23e2a556efa988800c69db338dfc4ceb,07/29/2025 03:40:00 PM,1,DRIVER,1,2018191,,GENERAL MOTORS CORPORATION (GMC),YUKON,IL,2017,NONE,PASSENGER,PERSONAL,E,BACKING,,,2,,,,,,,,,,Y,Y,,,,,,,REAR-LEFT-CORNER,,,,,,,,,,,,,,,,,,,,,,,,,,,,,,,,,
2117034,a7a39de99b210f1d58a05f3bf48e44a557ef1391f469a8c70bbef74887367b711fb35f30615f9c7d8338b94a75df8914fd330dabb19d731f9ad2e828400f4426,07/29/2025 03:35:00 PM,1,DRIVER,,2018185,,CHEVROLET,SILVERADO,IL,2021,UNKNOWN,PICKUP,PERSONAL,E,SLOW/STOP IN TRAFFIC,,,1,,,,,Y,Y,Y,,,,,,,,,,,SIDE-RIGHT,,,,,,,,,,,,,,,,,,,,,,,,,,,,,,,,,
2117078,c6f83e491b94eec0e392236f3492ff8447e7f09b8e5f909ca563161eae02925e96b6ac103806e7dbd06f3c6bc5f925b02218c1d3303710e656043b29fbda04ee,07/29/2025 03:35:00 PM,1,DRIVER,,2018236,,CHEVROLET,TRAVERSE,IL,2009,NONE,SPORT UTILITY VEHICLE (SUV),PERSONAL,N,STRAIGHT AHEAD,,,1,,,,Y,,,,,,,,,,,,,,UNKNOWN,,,,,,,,,,,,,,,,,,,,,,,,,,,,,,,,,
2117079,c6f83e491b94eec0e392236f3492ff8447e7f09b8e5f909ca563161eae02925e96b6ac103806e7dbd06f3c6bc5f925b02218c1d3303710e656043b29fbda04ee,07/29/2025 03:35:00 PM,2,DRIVER,1,2018222,,CHEVROLET,TRAX,IL,2025,NONE,SPORT UTILITY VEHICLE (SUV),PERSONAL,N,STRAIGHT AHEAD,,,2,,,,,Y,,,,,,,,,,,,,FRONT-RIGHT-CORNER,,,,,,,,,,,,,,,,,,,,,,,,,,,,,,,,,
2117095,1cfd23bf6df8ce98a03741b21b585631069faa7bbd5f100d4b177ff69f5641f8aeb2422a96a0cb9e13e53d966f5176648ea0d84bdbf0526a1347a4b6bba068b4,07/29/2025 03:30:00 PM,1,DRIVER,,2018234,,HONDA,CIVIC,IL,2014,NONE,PASSENGER,PERSONAL,N,CHANGING LANES,,,1,,,,,Y,Y,,,,,,,,,,,,FRONT-LEFT-CORNER,,,,,,,,,,,,,,,,,,,,,,,,,,,,,,,,,
2117096,1cfd23bf6df8ce98a03741b21b585631069faa7bbd5f100d4b177ff69f5641f8aeb2422a96a0cb9e13e53d966f5176648ea0d84bdbf0526a1347a4b6bba068b4,07/29/2025 03:30:00 PM,2,DRIVER,,2018242,,FORD,F150,IL,2005,NONE,PICKUP,PERSONAL,SW,TURNING LEFT,,,1,,,,,Y,,,,,,,,,,Y,Y,,FRONT,,,,,,,,,,,,,,,,,,,,,,,,,,,,,,,,,
2117039,4ab197b27f6bee6e5497c57b1b0ea6b3ebd61890580857928063e6820290e79efc5666d34c3623cb4d05d05e837ef15be685c771e27ac50c45714a49989d53d3,07/29/2025 03:30:00 PM,1,DRIVER,,2018177,,FORD,TRANSIT,IL,2020,UNKNOWN,VAN/MINI-VAN,COMMERCIAL - SINGLE UNIT,UNKNOWN,STRAIGHT AHEAD,,,1,,,,,,Y,,,,,,,,,,,,SIDE-RIGHT,,,,,,,,,,,,,,,,,,,,,,,,,,,,,,,,,
2117040,4ab197b27f6bee6e5497c57b1b0ea6b3ebd61890580857928063e6820290e79efc5666d34c3623cb4d05d05e837ef15be685c771e27ac50c45714a49989d53d3,07/29/2025 03:30:00 PM,2,DRIVER,,2018186,,GENERAL MOTORS CORPORATION (GMC),SAVANNAH,IL,2017,UNKNOWN,VAN/MINI-VAN,COMMERCIAL - SINGLE UNIT,UNKNOWN,STRAIGHT AHEAD,,,1,,,,,,,,,,,,,,Y,,,,SIDE-LEFT,,,,,,,,,,,,,,,,,,,,,,,,,,,,,,,,,
2118829,c5227ddf3ae52b5582c76e6845e4f3c031524d7e0730690ae8e59d67094be68ed23614aa953ab1fd5fe515bc72f0c71f6cf4fad8c99d22bdf9e486d8e893b024,07/29/2025 03:30:00 PM,1,DRIVER,,2019851,,TOYOTA,COROLLA,IL,2014,NONE,PASSENGER,PERSONAL,UNKNOWN,STRAIGHT AHEAD,,,1,,,,,,,,,,,,Y,Y,Y,Y,,,SIDE-LEFT,,,,,,,,,,,,,,,,,,,,,,,,,,,,,,,,,
2118830,c5227ddf3ae52b5582c76e6845e4f3c031524d7e0730690ae8e59d67094be68ed23614aa953ab1fd5fe515bc72f0c71f6cf4fad8c99d22bdf9e486d8e893b024,07/29/2025 03:30:00 PM,2,DRIVER,,2019852,,HONDA,CIVIC,IL,2012,NONE,PASSENGER,PERSONAL,UNKNOWN,STRAIGHT AHEAD,,,1,,,,,,Y,Y,Y,Y,,,,,,,,,SIDE-RIGHT,,,,,,,,,,,,,,,,,,,,,,,,,,,,,,,,,
2117106,51be35201e8ad3b7f1599ee9c45866643279bb6117968988911c21ebb65f1f2c3dd9be4519f11f7e9fb350d7960157acfc813da6332705cf097ad6f54091e23e,07/29/2025 03:20:00 PM,1,DRIVER,,2018248,,NISSAN,ALTIMA,IL,2020,UNKNOWN,PASSENGER,PERSONAL,W,PASSING/OVERTAKING,,,1,,,,,,,,,,,Y,Y,Y,Y,Y,,,SIDE-LEFT-FRONT,,,,,,,,,,,,,,,,,,,,,,,,,,,,,,,,,
2117107,51be35201e8ad3b7f1599ee9c45866643279bb6117968988911c21ebb65f1f2c3dd9be4519f11f7e9fb350d7960157acfc813da6332705cf097ad6f54091e23e,07/29/2025 03:20:00 PM,2,DRIVER,,2018262,,TOYOTA,HIGHLANDER,IL,2021,UNKNOWN,PASSENGER,PERSONAL,W,STRAIGHT AHEAD,,,1,,,,,Y,Y,Y,Y,Y,,,,,,,,,FRONT-RIGHT-CORNER,,,,,,,,,,,,,,,,,,,,,,,,,,,,,,,,,
2116985,7193f64b0bdbff29feae204440df735ff49607fa88d1ec8822988ff4361630346d2541b2e289fa907dbe9dd493e820dbe54a3bdad890b6e5a2886a0db702a174,07/29/2025 03:20:00 PM,1,DRIVER,,2018132,,KIA,SOUL,IL,2013,UNKNOWN,PASSENGER,UNKNOWN/NA,W,STRAIGHT AHEAD,,,1,,,,,,,,,,,,,,,,,Y,FRONT,,,,,,,,,,,,,,,,,,,,,,,,,,,,,,,,,
2116986,7193f64b0bdbff29feae204440df735ff49607fa88d1ec8822988ff4361630346d2541b2e289fa907dbe9dd493e820dbe54a3bdad890b6e5a2886a0db702a174,07/29/2025 03:20:00 PM,2,DRIVER,1,2018139,,HYUNDAI,PALISADE,IL,2021,UNKNOWN,SPORT UTILITY VEHICLE (SUV),PERSONAL,W,SLOW/STOP IN TRAFFIC,,,2,,,,,,,,,Y,Y,Y,,,,,,,REAR,,,,,,,,,,,,,,,,,,,,,,,,,,,,,,,,,
2117030,27e8a51d12e7b0acea33aa00ccb3032580e861424cf20c250a489e4430d3dc27bca867611c86afc2379bc2f1c44e32705296b05075d6fdddfa9b8159a5b41ae6,07/29/2025 03:10:00 PM,1,DRIVER,,2018176,,HYUNDAI,SANTA FE,IL,2009,NONE,SPORT UTILITY VEHICLE (SUV),PERSONAL,E,U-TURN,,,1,,,,,,,,,,,,,,,Y,,,FRONT-LEFT-CORNER,,,,,,,,,,,,,,,,,,,,,,,,,,,,,,,,,
2117031,27e8a51d12e7b0acea33aa00ccb3032580e861424cf20c250a489e4430d3dc27bca867611c86afc2379bc2f1c44e32705296b05075d6fdddfa9b8159a5b41ae6,07/29/2025 03:10:00 PM,2,DRIVER,,2018189,,DODGE,AVENGER,IL,2013,NONE,PASSENGER,PERSONAL,E,STRAIGHT AHEAD,,,1,,,,,Y,Y,,,,,,,,,,,,SIDE-RIGHT-FRONT,,,,,,,,,,,,,,,,,,,,,,,,,,,,,,,,,
2117053,504c87f9d619767f73a30dfc2adc408b3ffff747144e7de087cc3f119384cf713f2db400b6810c19da3d35679683de0b0c179fdb56b72ea0886ad5ed578b9d5f,07/29/2025 03:09:00 PM,1,DRIVER,,2018200,,NEW FLYER,OTHER (EXPLAIN IN NARRATIVE),IL,2006,NONE,BUS OVER 15 PASS.,CTA,E,TURNING RIGHT,,,1,,,,,,,Y,,,,,,,,,,,SIDE-RIGHT,,,,,,,,,,,,,,,,,,,,,,,,,,,,,,,,,
2117054,504c87f9d619767f73a30dfc2adc408b3ffff747144e7de087cc3f119384cf713f2db400b6810c19da3d35679683de0b0c179fdb56b72ea0886ad5ed578b9d5f,07/29/2025 03:09:00 PM,2,DRIVER,,2018194,,FORD,ECOSPORT,IL,2018,NONE,SPORT UTILITY VEHICLE (SUV),PERSONAL,E,OTHER,,,1,,,,,,,,,,,Y,Y,,Y,,,,REAR-LEFT-CORNER,,,,,,,,,,,,,,,,,,,,,,,,,,,,,,,,,
2117063,3eda4948d41fb0f55e0a3327b58679ea72b33f4aa4f67ae1da924667ce5982d42394ea9179f3cc2aea552883495b4ee43bc206eb0cf15abb2b496413c78217cd,07/29/2025 03:05:00 PM,1,DRIVER,,2018201,,NISSAN,ROGUE,IL,,NONE,SPORT UTILITY VEHICLE (SUV),PERSONAL,S,STRAIGHT AHEAD,,,1,,,,,Y,,,,,,,,,,Y,Y,,FRONT,,,,,,,,,,,,,,,,,,,,,,,,,,,,,,,,,
2117064,3eda4948d41fb0f55e0a3327b58679ea72b33f4aa4f67ae1da924667ce5982d42394ea9179f3cc2aea552883495b4ee43bc206eb0cf15abb2b496413c78217cd,07/29/2025 03:05:00 PM,2,DRIVER,,2018212,,HYUNDAI,SONATA,IL,2012,NONE,PASSENGER,PERSONAL,S,STRAIGHT AHEAD,Y,,1,,PRIVATE TOW,,,,,,,Y,Y,Y,,,,,Y,,REAR,,,,,,,,,,,,,,,,,,,,,,,,,,,,,,,,,
2117473,17e062a5fee28ec10ba8fb836208c74449ef882b36fa6158db25f63c499b3d2967b71b25cdbc1d75f270793ccad75692d5fff1c469a452ee8eb5271089422a30,07/29/2025 03:00:00 PM,1,DRIVER,,2018565,,TOYOTA,HIGHLANDER,IL,2021,UNKNOWN,PASSENGER,PERSONAL,S,STRAIGHT AHEAD,,,1,,,,,Y,Y,,,,,,,,,,,,FRONT-RIGHT-CORNER,,,,,,,,,,,,,,,,,,,,,,,,,,,,,,,,,
2117474,17e062a5fee28ec10ba8fb836208c74449ef882b36fa6158db25f63c499b3d2967b71b25cdbc1d75f270793ccad75692d5fff1c469a452ee8eb5271089422a30,07/29/2025 03:00:00 PM,2,DRIVER,,2018573,,CHRYSLER,200,IN,2013,UNKNOWN,PASSENGER,PERSONAL,S,STRAIGHT AHEAD,,,1,,,,,,,,,,,,,,,,,Y,REAR,,,,,,,,,,,,,,,,,,,,,,,,,,,,,,,,,
2118532,24c416a59f6ab0022a94f06f868df080baddab82848aa73de9495f1ea52cc246fa98700eb190266052aa2f84d444d9c2d386bebfbe0002defee7735fa1504753,07/29/2025 03:00:00 PM,1,DRIVER,,2019568,,UNKNOWN,ENCLOSED BODY,IL,,NONE,PASSENGER,UNKNOWN/NA,SE,TURNING LEFT,,,1,,,,,,,,,Y,,,,,,,,,REAR-RIGHT-CORNER,,,,,,,,,,,,,,,,,,,,,,,,,,,,,,,,,
2118533,24c416a59f6ab0022a94f06f868df080baddab82848aa73de9495f1ea52cc246fa98700eb190266052aa2f84d444d9c2d386bebfbe0002defee7735fa1504753,07/29/2025 03:00:00 PM,2,DRIVER,,2019571,,TOYOTA,CAMRY,IL,2010,NONE,PASSENGER,PERSONAL,N,STRAIGHT AHEAD,,,1,,,,,Y,,,,,,,,,,,,,FRONT-RIGHT-CORNER,,,,,,,,,,,,,,,,,,,,,,,,,,,,,,,,,
2117287,2f855ffcc0ded30b2e82b46f33e0af16fe59ea47237f45b6263e6c98bdf53138318c3f264ac112d042e4566d5823eaacc2ed83f50e7784a7b369ce618ad6480e,07/29/2025 03:00:00 PM,1,DRIVER,,2018421,,INTERNATIONAL COACH MANUFACTURING,INTERNATIONAL COACH MFG.,IL,2025,UNKNOWN,TRUCK - SINGLE UNIT,COMMERCIAL - SINGLE UNIT,N,STRAIGHT AHEAD,,,1,,,,Y,,,,,,,,,,,,,,NONE,,,,,,,,,,,,,,,,,,,,,,,,,,,,,,,,,
2117288,2f855ffcc0ded30b2e82b46f33e0af16fe59ea47237f45b6263e6c98bdf53138318c3f264ac112d042e4566d5823eaacc2ed83f50e7784a7b369ce618ad6480e,07/29/2025 03:00:00 PM,2,PARKED,,2018413,,CADILLAC,ESCALADE,IL,2004,UNKNOWN,SPORT UTILITY VEHICLE (SUV),PERSONAL,N,PARKED,,,0,,,,,,,,,,,,,Y,Y,,,,SIDE-LEFT,,,,,,,,,,,,,,,,,,,,,,,,,,,,,,,,,
2116998,851c92e4e3df9a92b8829d90b1f10103499c3b1d903a3829133001cc70f053721617cd846998dff86141847529aed19a10de3cca5ee8ac927782595476748ec6,07/29/2025 03:00:00 PM,1,DRIVER,,2018144,,GENERAL MOTORS CORPORATION (GMC),TERRAIN,IL,2014,UNKNOWN,SPORT UTILITY VEHICLE (SUV),PERSONAL,UNKNOWN,STRAIGHT AHEAD,,,1,,,,,Y,Y,,,,,,,,,,Y,,FRONT-RIGHT-CORNER,,,,,,,,,,,,,,,,,,,,,,,,,,,,,,,,,
2116999,851c92e4e3df9a92b8829d90b1f10103499c3b1d903a3829133001cc70f053721617cd846998dff86141847529aed19a10de3cca5ee8ac927782595476748ec6,07/29/2025 03:00:00 PM,2,DRIVER,,2018147,,HONDA,CIVIC,IL,2021,UNKNOWN,PASSENGER,PERSONAL,UNKNOWN,STRAIGHT AHEAD,,,1,,,,,,,,,,Y,Y,,,,,,,SIDE-LEFT-REAR,,,,,,,,,,,,,,,,,,,,,,,,,,,,,,,,,
2117529,ad3f40f9ade27fbc813f082e0dc8abeb608389eb169b7f6916a228514762856beef6f6799f36db4ac4135caba01a50604440cf05926d21178272d1dd8a0bc62d,07/29/2025 03:00:00 PM,1,DRIVER,,2018613,,AUDI,Q7,IL,2015,NONE,SPORT UTILITY VEHICLE (SUV),UNKNOWN/NA,E,TURNING LEFT,,,1,,,,,,,,,,,,,,,Y,,,FRONT-LEFT-CORNER,,,,,,,,,,,,,,,,,,,,,,,,,,,,,,,,,
2117530,ad3f40f9ade27fbc813f082e0dc8abeb608389eb169b7f6916a228514762856beef6f6799f36db4ac4135caba01a50604440cf05926d21178272d1dd8a0bc62d,07/29/2025 03:00:00 PM,2,DRIVERLESS,,2018615,,LEXUS,NX,IL,2024,NONE,SPORT UTILITY VEHICLE (SUV),PERSONAL,E,PARKED,,,0,,,,,,,,,Y,,,,,,,,,REAR-RIGHT-CORNER,,,,,,,,,,,,,,,,,,,,,,,,,,,,,,,,,
2117166,c74e3854cc657a071430a7898996663a281789673b384592d453ba08b98611e2a43972bb61b347a16387df5d573accf9f8238359bfa8881eac21c0e2c5403992,07/29/2025 03:00:00 PM,1,DRIVER,,2018300,,TOYOTA,PRIUS,IL,,UNKNOWN,PASSENGER,UNKNOWN/NA,E,PASSING/OVERTAKING,,,1,,,,,Y,Y,,,,,,,,,,,N,UNKNOWN,,,,,,,,,,,,,,,,,,,,,,,,,,,,,,,,,
2117167,c74e3854cc657a071430a7898996663a281789673b384592d453ba08b98611e2a43972bb61b347a16387df5d573accf9f8238359bfa8881eac21c0e2c5403992,07/29/2025 03:00:00 PM,2,DRIVER,1,2018308,,BMW,X3,IL,2023,UNKNOWN,PASSENGER,PERSONAL,E,STRAIGHT AHEAD,,,2,,,,,,,,,,,Y,,,,,,,REAR-LEFT-CORNER,,,,,,,,,,,,,,,,,,,,,,,,,,,,,,,,,
2116992,d097087045f92a3723073d58991a6ddec616b390413b2d2e99946641c1ff69541b37f40153fa3ee9931624834c01a9f15557c2439c931774cba4823631452922,07/29/2025 03:00:00 PM,1,DRIVER,,2018151,,FIAT,OTHER (EXPLAIN IN NARRATIVE),IL,2017,NONE,SPORT UTILITY VEHICLE (SUV),NOT IN USE,E,ENTERING TRAFFIC LANE FROM PARKING,,,1,,,,,,,,,,,,,,,Y,,,FRONT-LEFT-CORNER,,,,,,,,,,,,,,,,,,,,,,,,,,,,,,,,,
2116993,d097087045f92a3723073d58991a6ddec616b390413b2d2e99946641c1ff69541b37f40153fa3ee9931624834c01a9f15557c2439c931774cba4823631452922,07/29/2025 03:00:00 PM,2,DRIVER,,2018181,,HYUNDAI,SONATA,IL,2021,NONE,PASSENGER,PERSONAL,E,TURNING RIGHT,,,1,,,,,,,Y,Y,,,,,,,,,,SIDE-RIGHT-REAR,,,,,,,,,,,,,,,,,,,,,,,,,,,,,,,,,
2124504,f7066f6ab3eb4953a7d324e1287551e1a360c788ea958ca137fa2ce7fed41d7571d394c99f8644d0dac3be1c7f6fd385aa996533fdb3382b8eb3bd168e744740,07/29/2025 03:00:00 PM,1,DRIVER,,2025292,,GENERAL MOTORS CORPORATION (GMC),TERRAIN,IL,2013,UNKNOWN,SPORT UTILITY VEHICLE (SUV),PERSONAL,E,STRAIGHT AHEAD,,,1,,,,,Y,,,,,,,,,,,Y,,FRONT-RIGHT-CORNER,,,,,,,,,,,,,,,,,,,,,,,,,,,,,,,,,
2124505,f7066f6ab3eb4953a7d324e1287551e1a360c788ea958ca137fa2ce7fed41d7571d394c99f8644d0dac3be1c7f6fd385aa996533fdb3382b8eb3bd168e744740,07/29/2025 03:00:00 PM,2,DRIVER,,2025297,,TOYOTA,PRIUS,IL,2013,NONE,PASSENGER,PERSONAL,E,STRAIGHT AHEAD,,,1,,,,,,,,,,Y,Y,,,,,,,REAR-LEFT-CORNER,,,,,,,,,,,,,,,,,,,,,,,,,,,,,,,,,
2117187,c56c07ef903fd2ede8e5f2dd024efef58d4c081d22b99365502bbe3923eb935c5d36021be6dd91adb8402fc413ce085a0128e039262f38debc19738ca01df40b,07/29/2025 02:58:00 PM,1,DRIVER,,2018322,,PONTIAC,OTHER (EXPLAIN IN NARRATIVE),IL,2008,UNKNOWN,PASSENGER,UNKNOWN/NA,E,CHANGING LANES,,,1,,,,,,,,,,,,,,,,,Y,SIDE-LEFT,,,,,,,,,,,,,,,,,,,,,,,,,,,,,,,,,
2117188,c56c07ef903fd2ede8e5f2dd024efef58d4c081d22b99365502bbe3923eb935c5d36021be6dd91adb8402fc413ce085a0128e039262f38debc19738ca01df40b,07/29/2025 02:58:00 PM,2,DRIVER,,2018335,,CHEVROLET,EQUINOX,IL,2012,UNKNOWN,SPORT UTILITY VEHICLE (SUV),PERSONAL,E,ENTERING TRAFFIC LANE FROM PARKING,,,1,,,,,,,,Y,Y,,,,,,,,N,SIDE-RIGHT-REAR,,,,,,,,,,,,,,,,,,,,,,,,,,,,,,,,,