CRASH_UNIT_ID,CRASH_RECORD_ID,CRASH_DATE,UNIT_NO,UNIT_TYPE,NUM_PASSENGERS,VEHICLE_ID,CMRC_VEH_I,MAKE,MODEL,LIC_PLATE_STATE,VEHICLE_YEAR,VEHICLE_DEFECT,VEHICLE_TYPE,VEHICLE_USE,TRAVEL_DIRECTION,MANEUVER,TOWED_I,FIRE_I,OCCUPANT_CNT,EXCEED_SPEED_LIMIT_I,TOWED_BY,TOWED_TO,AREA_00_I,AREA_01_I,AREA_02_I,AREA_03_I,AREA_04_I,AREA_05_I,AREA_06_I,AREA_07_I,AREA_08_I,AREA_09_I,AREA_10_I,AREA_11_I,AREA_12_I,AREA_99_I,FIRST_CONTACT_POINT,CMV_ID,USDOT_NO,CCMC_NO,ILCC_NO,COMMERCIAL_SRC,GVWR,CARRIER_NAME,CARRIER_STATE,CARRIER_CITY,HAZMAT_PLACARDS_I,HAZMAT_NAME,UN_NO,HAZMAT_PRESENT_I,HAZMAT_REPORT_I,HAZMAT_REPORT_NO,MCS_REPORT_I,MCS_REPORT_NO,HAZMAT_VIO_CAUSE_CRASH_I,MCS_VIO_CAUSE_CRASH_I,IDOT_PERMIT_NO,WIDE_LOAD_I,TRAILER1_WIDTH,TRAILER2_WIDTH,TRAILER1_LENGTH,TRAILER2_LENGTH,TOTAL_VEHICLE_LENGTH,AXLE_CNT,VEHICLE_CONFIG,CARGO_BODY_TYPE,LOAD_TYPE,HAZMAT_OUT_OF_SERVICE_I,MCS_OUT_OF_SERVICE_I,HAZMAT_CLASS
2116987,00760f42c69c44ee6a66b7cb8895ef5253327c9a2656e592bd8635c9c14edf1be5fdb81746e7333aaec587f80e36ccfbb425b001bcdea143a17d0ff335c31e93,07/29/2025 02:51:00 PM,1,DRIVER,,2018226,,JEEP,GRAND CHEROKEE,IL,2025,UNKNOWN,PASSENGER,OTHER,W,STRAIGHT AHEAD,,,1,,,,,,,,,,,,,,,,Y,,FRONT,,,,,,,,,,,,,,,,,,,,,,,,,,,,,,,,,
2116988,00760f42c69c44ee6a66b7cb8895ef5253327c9a2656e592bd8635c9c14edf1be5fdb81746e7333aaec587f80e36ccfbb425b001bcdea143a17d0ff335c31e93,07/29/2025 02:51:00 PM,2,DRIVER,1,2018244,,FORD,F150,IL,2018,UNKNOWN,TRUCK - SINGLE UNIT,PERSONAL,W,SLOW/STOP IN TRAFFIC,,,2,,,,,Y,,,,Y,Y,Y,,,,Y,Y,,REAR,,,,,,,,,,,,,,,,,,,,,,,,,,,,,,,,,
2116989,00760f42c69c44ee6a66b7cb8895ef5253327c9a2656e592bd8635c9c14edf1be5fdb81746e7333aaec587f80e36ccfbb425b001bcdea143a17d0ff335c31e93,07/29/2025 02:51:00 PM,3,DRIVER,4,2018260,,TOYOTA,OTHER (EXPLAIN IN NARRATIVE),IL,2021,UNKNOWN,PASSENGER,PERSONAL,W,SLOW/STOP IN TRAFFIC,,,5,,,,,,,,,Y,Y,Y,,,,,,,REAR,,,,,,,,,,,,,,,,,,,,,,,,,,,,,,,,,
2117003,69b4825e34c4bf65d181c4732c11fc0709078467a8ff7facad20957beb2490467f280aabfa032750ed50c216d88cfd24d327a5ccb39f9f04026b5ecb5fffd444,07/29/2025 02:48:00 PM,1,DRIVER,,2018190,,LINCOLN,MKZ,IL,2020,NONE,PASSENGER,PERSONAL,SW,TURNING RIGHT,,,1,,,,,Y,Y,,,,,,,,,Y,Y,,FRONT-RIGHT-CORNER,,,,,,,,,,,,,,,,,,,,,,,,,,,,,,,,,
2117004,69b4825e34c4bf65d181c4732c11fc0709078467a8ff7facad20957beb2490467f280aabfa032750ed50c216d88cfd24d327a5ccb39f9f04026b5ecb5fffd444,07/29/2025 02:48:00 PM,2,DRIVER,,2018195,,TOYOTA,RAV4,IL,2004,NONE,PASSENGER,PERSONAL,W,STRAIGHT AHEAD,,,1,,,,,,,,Y,Y,Y,,,,,,,,REAR-RIGHT-CORNER,,,,,,,,,,,,,,,,,,,,,,,,,,,,,,,,,
2117743,c496b94d5d43f90c35cfb93bfd559a690bfd95981dbfe5db5433dd63f5ce73e5cbe241ba2197b6e493141185e532a23588c4ff4e21496ae6745573ddd762fb45,07/29/2025 02:45:00 PM,1,DRIVER,,2018799,,CHEVROLET,CRUZE,IL,2014,UNKNOWN,PASSENGER,PERSONAL,W,PASSING/OVERTAKING,,,1,,,,,Y,Y,,,,,,,,,,,,FRONT-RIGHT-CORNER,,,,,,,,,,,,,,,,,,,,,,,,,,,,,,,,,
2117744,c496b94d5d43f90c35cfb93bfd559a690bfd95981dbfe5db5433dd63f5ce73e5cbe241ba2197b6e493141185e532a23588c4ff4e21496ae6745573ddd762fb45,07/29/2025 02:45:00 PM,2,DRIVER,,2018800,,CHEVROLET,MALIBU,IL,2017,NONE,PASSENGER,PERSONAL,W,STRAIGHT AHEAD,,,1,,,,,,,,,,,Y,Y,Y,,,,,SIDE-LEFT-REAR,,,,,,,,,,,,,,,,,,,,,,,,,,,,,,,,,
2117001,e92b6a0d63b15c920080d0de53e82d0815df7b5eeba94e08e2e7870706a19f57e472d20e926ea102ae19ea34e03f96d427d01248de4da5e46e1d0e7c6837e9f1,07/29/2025 02:45:00 PM,1,DRIVER,,2018150,,HYUNDAI,VENUE,IL,2023,NONE,SPORT UTILITY VEHICLE (SUV),PERSONAL,S,CHANGING LANES,,,1,,,,,Y,Y,,,,,,,,,,,,SIDE-RIGHT,,,,,,,,,,,,,,,,,,,,,,,,,,,,,,,,,
2117002,e92b6a0d63b15c920080d0de53e82d0815df7b5eeba94e08e2e7870706a19f57e472d20e926ea102ae19ea34e03f96d427d01248de4da5e46e1d0e7c6837e9f1,07/29/2025 02:45:00 PM,2,DRIVER,,2018158,,TOYOTA,CAMRY,IL,2014,NONE,PASSENGER,PERSONAL,S,STRAIGHT AHEAD,,,1,,,,,,,,,,,,,,Y,Y,Y,,FRONT-LEFT-CORNER,,,,,,,,,,,,,,,,,,,,,,,,,,,,,,,,,
2117020,ea943a7c49bef836b814c43942c51b6fae9d68df8e90df30426a26176752c3c66932fe0e94ddef4aa36584a7110e2c41e2050dd2f0f0b705c290951001f87045,07/29/2025 02:45:00 PM,1,DRIVER,,2018167,,DODGE,RAM 2500 VAN,IL,2018,UNKNOWN,UNKNOWN/NA,UNKNOWN/NA,N,OTHER,,,1,,,,,,,,,,,,,,,,,Y,FRONT-LEFT-CORNER,,,,,,,,,,,,,,,,,,,,,,,,,,,,,,,,,
2117021,ea943a7c49bef836b814c43942c51b6fae9d68df8e90df30426a26176752c3c66932fe0e94ddef4aa36584a7110e2c41e2050dd2f0f0b705c290951001f87045,07/29/2025 02:45:00 PM,2,DRIVER,1,2018171,,DODGE,DURANGO,IL,2017,UNKNOWN,PASSENGER,PERSONAL,N,STRAIGHT AHEAD,,,2,,,,,,Y,Y,Y,Y,,,,,,,,,SIDE-RIGHT,,,,,,,,,,,,,,,,,,,,,,,,,,,,,,,,,
2117061,3bf8e245289645b2d09c4934112a18e540f0f4e839922e4ebfdb64f371613935b2574019beff0cf90e8d5a08d967af322ff8dc1dc3e029ca96709cda67fa1385,07/29/2025 02:44:00 PM,1,DRIVER,,2018211,,DODGE,GRAND CARAVAN,IL,2013,UNKNOWN,VAN/MINI-VAN,PERSONAL,SE,BACKING,,,1,,,,,,,,,,Y,Y,Y,,,,,,REAR,,,,,,,,,,,,,,,,,,,,,,,,,,,,,,,,,
2117062,3bf8e245289645b2d09c4934112a18e540f0f4e839922e4ebfdb64f371613935b2574019beff0cf90e8d5a08d967af322ff8dc1dc3e029ca96709cda67fa1385,07/29/2025 02:44:00 PM,2,DRIVER,1,2018223,,TOYOTA,COROLLA,IL,2020,UNKNOWN,PASSENGER,PERSONAL,NE,STRAIGHT AHEAD,,,2,,,,,,,,,,,,Y,Y,Y,,,,SIDE-LEFT,,,,,,,,,,,,,,,,,,,,,,,,,,,,,,,,,
2117016,a0c1bf7b7d886959763eca3424fea2d672f10cd01619644fe3d11075d0a56d1a573ea8e16591d7cced2fe843d7554d0434e464a03eb74972b25fc4ee428df1d5,07/29/2025 02:43:00 PM,1,DRIVER,,2018219,,FORD,F250,XX,2009,BRAKES,PICKUP,PERSONAL,W,STRAIGHT AHEAD,Y,,1,,OWNER,,,Y,,,,,,,,Y,Y,Y,Y,,FRONT,,,,,,,,,,,,,,,,,,,,,,,,,,,,,,,,,
2117017,a0c1bf7b7d886959763eca3424fea2d672f10cd01619644fe3d11075d0a56d1a573ea8e16591d7cced2fe843d7554d0434e464a03eb74972b25fc4ee428df1d5,07/29/2025 02:43:00 PM,2,DRIVER,1,2018225,,TOYOTA,HIGHLANDER,IL,2008,NONE,SPORT UTILITY VEHICLE (SUV),PERSONAL,W,STRAIGHT AHEAD,,,2,,,,,Y,,,Y,Y,Y,Y,,,,Y,Y,,REAR,,,,,,,,,,,,,,,,,,,,,,,,,,,,,,,,,
2117018,a0c1bf7b7d886959763eca3424fea2d672f10cd01619644fe3d11075d0a56d1a573ea8e16591d7cced2fe843d7554d0434e464a03eb74972b25fc4ee428df1d5,07/29/2025 02:43:00 PM,3,DRIVER,,2018237,,CHEVROLET,TRAX,IL,2019,NONE,SPORT UTILITY VEHICLE (SUV),PERSONAL,W,STRAIGHT AHEAD,Y,,1,,OWNER,,,Y,,,,Y,Y,Y,,,,Y,Y,,REAR,,,,,,,,,,,,,,,,,,,,,,,,,,,,,,,,,
2117019,a0c1bf7b7d886959763eca3424fea2d672f10cd01619644fe3d11075d0a56d1a573ea8e16591d7cced2fe843d7554d0434e464a03eb74972b25fc4ee428df1d5,07/29/2025 02:43:00 PM,4,DRIVER,1,2018243,,FORD,OTHER (EXPLAIN IN NARRATIVE),IL,2008,NONE,PICKUP,PERSONAL,W,STRAIGHT AHEAD,,,2,,,,,,,,,Y,Y,Y,,,,,,,REAR,,,,,,,,,,,,,,,,,,,,,,,,,,,,,,,,,
2117773,15f186b162e6a14ea838dcd90d58cca7ffd4f34635a8c92f5350cea7fb3a688e6fc7a0c80426f3f18fe35524e11cfa44087608ea1b12218b72f384e13e46da2c,07/29/2025 02:40:00 PM,1,DRIVER,,2018840,,UNKNOWN,OTHER (EXPLAIN IN NARRATIVE),IL,,UNKNOWN,UNKNOWN/NA,UNKNOWN/NA,UNKNOWN,UNKNOWN/NA,,,1,,,,,,,,,,,,,,,,,Y,UNKNOWN,,,,,,,,,,,,,,,,,,,,,,,,,,,,,,,,,
2117774,15f186b162e6a14ea838dcd90d58cca7ffd4f34635a8c92f5350cea7fb3a688e6fc7a0c80426f3f18fe35524e11cfa44087608ea1b12218b72f384e13e46da2c,07/29/2025 02:40:00 PM,2,PARKED,,2018845,,JEEP,GRAND CHEROKEE,IL,2017,NONE,PASSENGER,PERSONAL,UNKNOWN,PARKED,,,0,,,,,,,,,,,,,,,Y,,Y,FRONT-LEFT-CORNER,,,,,,,,,,,,,,,,,,,,,,,,,,,,,,,,,
2117074,4eda4f8edf31a2a11549affc9bc09f088b1ae28fe7171ba8e56e9eeca138a846c56f57a7659294ffa954b68d3f50d7390e1a0b04cc6fa72e401236790f41af91,07/29/2025 02:40:00 PM,1,DRIVER,1,2018210,,HYUNDAI,SONATA,IL,2011,UNKNOWN,PASSENGER,UNKNOWN/NA,W,STRAIGHT AHEAD,Y,,2,,CPD,DOTY,,,Y,Y,Y,,,Y,,,,Y,,,SIDE-RIGHT,,,,,,,,,,,,,,,,,,,,,,,,,,,,,,,,,
2117075,4eda4f8edf31a2a11549affc9bc09f088b1ae28fe7171ba8e56e9eeca138a846c56f57a7659294ffa954b68d3f50d7390e1a0b04cc6fa72e401236790f41af91,07/29/2025 02:40:00 PM,2,DRIVER,,2018227,,CHEVROLET,TAHOE,IL,2009,UNKNOWN,SPORT UTILITY VEHICLE (SUV),PERSONAL,S,STRAIGHT AHEAD,Y,,1,,PERSONAL TOW,OWNER ADDRESS,,Y,,,,,,,,,,Y,Y,,FRONT,,,,,,,,,,,,,,,,,,,,,,,,,,,,,,,,,
2117088,e3e14f86bd5c6f511d3252577cadb28510bf3bab6417da3c801640f0231a1389b0716948e0973690a04eb3369094bb705fc8c5e8f37c0f7553194b80fb55c913,07/29/2025 02:38:00 PM,1,DRIVER,,2018221,,FORD,TRANSIT,IL,2020,NONE,VAN/MINI-VAN,RIDESHARE SERVICE,W,STRAIGHT AHEAD,,,1,,,,,Y,,,,,,,,,,Y,Y,,FRONT,,,,,,,,,,,,,,,,,,,,,,,,,,,,,,,,,
2117101,e3e14f86bd5c6f511d3252577cadb28510bf3bab6417da3c801640f0231a1389b0716948e0973690a04eb3369094bb705fc8c5e8f37c0f7553194b80fb55c913,07/29/2025 02:38:00 PM,2,DRIVER,,2018233,,DODGE,CHARGER,,,UNKNOWN,UNKNOWN/NA,UNKNOWN/NA,W,STRAIGHT AHEAD,,,1,,,,,,,,,Y,Y,Y,,,,,,,REAR,,,,,,,,,,,,,,,,,,,,,,,,,,,,,,,,,
2117008,2f78da4f3074cdbec97127a2cae8449b5a1f34189b79e51df12ac326144fed1b829087b503c1482dfde558221cacc75e65900fe84f0a7ec5489eae6fbe4f5e4a,07/29/2025 02:36:00 PM,1,DRIVER,,2018157,,CHEVROLET,MALIBU,IL,2007,BRAKES,PASSENGER,PERSONAL,N,STRAIGHT AHEAD,,,1,,,,,,,,,,,,,,,,Y,,FRONT,,,,,,,,,,,,,,,,,,,,,,,,,,,,,,,,,
2117009,2f78da4f3074cdbec97127a2cae8449b5a1f34189b79e51df12ac326144fed1b829087b503c1482dfde558221cacc75e65900fe84f0a7ec5489eae6fbe4f5e4a,07/29/2025 02:36:00 PM,2,DRIVER,,2018168,,FORD,TRANSIT,IL,2019,NONE,PASSENGER,PERSONAL,N,STRAIGHT AHEAD,,,1,,,,,,,,,,Y,Y,,,,,,,REAR-LEFT-CORNER,,,,,,,,,,,,,,,,,,,,,,,,,,,,,,,,,
2116965,5af0e1878f390abc99b895c37bce18d63ef3f3eba4d809fc327d44861d1bcf5f316227215f169bb19db0191574ad6f5419de327e78f2352e6de8cb6010c184b1,07/29/2025 02:36:00 PM,1,DRIVER,,2018120,,UNKNOWN,MOTORIZED,XX,,UNKNOWN,MOTORCYCLE (OVER 150CC),PERSONAL,N,STRAIGHT AHEAD,,,1,,,,,,,,,,,,,,,,,Y,SIDE-RIGHT-FRONT,,,,,,,,,,,,,,,,,,,,,,,,,,,,,,,,,
2116966,5af0e1878f390abc99b895c37bce18d63ef3f3eba4d809fc327d44861d1bcf5f316227215f169bb19db0191574ad6f5419de327e78f2352e6de8cb6010c184b1,07/29/2025 02:36:00 PM,2,DRIVER,,2018125,,BUICK,ENCORE,IN,2019,NONE,PASSENGER,PERSONAL,W,STRAIGHT AHEAD,,,1,,,,,,,,,,,,,Y,Y,Y,Y,,FRONT,,,,,,,,,,,,,,,,,,,,,,,,,,,,,,,,,
2117000,7abdc57d7780e988f73b209b2ec109d870220542f51ee9d578c3106595e1fa2801c90772240e18a8927f394f8f4978d1545ddf04e747d47e7936bd9114841d70,07/29/2025 02:36:00 PM,1,DRIVER,,2018146,,HONDA,OTHER (EXPLAIN IN NARRATIVE),IL,,UNKNOWN,PASSENGER,UNKNOWN/NA,S,TURNING RIGHT,,,1,,,,,Y,,,,,,,,,,,Y,,FRONT,,,,,,,,,,,,,,,,,,,,,,,,,,,,,,,,,
2117007,7abdc57d7780e988f73b209b2ec109d870220542f51ee9d578c3106595e1fa2801c90772240e18a8927f394f8f4978d1545ddf04e747d47e7936bd9114841d70,07/29/2025 02:36:00 PM,2,PEDESTRIAN,,,,,,,,,,,,,,,,,,,,,,,,,,,,,,,,,,,,,,,,,,,,,,,,,,,,,,,,,,,,,,,,,,
2117343,023e037a18af8c9ce65fd45e90151a55f5ca30fa630fce857c7f81d8e9b9a4606960d42ca40b087da135e95091625710c73b3858bc9da797093a41c4c76cc35c,07/29/2025 02:33:00 PM,1,DRIVER,,2018430,,UNKNOWN,OTHER (EXPLAIN IN NARRATIVE),,,UNKNOWN,UNKNOWN/NA,UNKNOWN/NA,UNKNOWN,UNKNOWN/NA,,,1,,,,,,,,,,,,,,,,,Y,UNKNOWN,,,,,,,,,,,,,,,,,,,,,,,,,,,,,,,,,
2117344,023e037a18af8c9ce65fd45e90151a55f5ca30fa630fce857c7f81d8e9b9a4606960d42ca40b087da135e95091625710c73b3858bc9da797093a41c4c76cc35c,07/29/2025 02:33:00 PM,2,PARKED,,2018435,,TOYOTA,CAMRY,IL,2024,UNKNOWN,UNKNOWN/NA,UNKNOWN/NA,E,PARKED,,,0,,,,,,,,,,,Y,,,,,,,SIDE-LEFT-REAR,,,,,,,,,,,,,,,,,,,,,,,,,,,,,,,,,
2119843,33f7b80d7974988a5cc54e6a7c6404f789aacc1eeeb3755f4895397be571161f128551c2bf7070b31b68cd302141218f15d388d0577b51e2a2004cc29d41ce53,07/29/2025 02:30:00 PM,1,DRIVER,,2020834,,BMW,325I,IL,2004,UNKNOWN,PASSENGER,UNKNOWN/NA,N,STRAIGHT AHEAD,,,1,,,,,Y,,,,,,,,,,Y,Y,,FRONT,,,,,,,,,,,,,,,,,,,,,,,,,,,,,,,,,
2119844,33f7b80d7974988a5cc54e6a7c6404f789aacc1eeeb3755f4895397be571161f128551c2bf7070b31b68cd302141218f15d388d0577b51e2a2004cc29d41ce53,07/29/2025 02:30:00 PM,2,DRIVER,,2020837,,ACURA,ADX,IL,2020,NONE,SPORT UTILITY VEHICLE (SUV),PERSONAL,N,STRAIGHT AHEAD,,,1,,,,,,,,,Y,Y,Y,,,,,,,REAR,,,,,,,,,,,,,,,,,,,,,,,,,,,,,,,,,
2118540,570bc65312f56dec2d33c6872e737ad9f5a3e08410ffd63db0298ca2b5a1d8cea8ad603444b87095f26eefe29463cdf62f217ff4cbbae22c29ac190254f8937d,07/29/2025 02:27:00 PM,1,DRIVER,,2019575,,UNKNOWN,OTHER (EXPLAIN IN NARRATIVE),,,UNKNOWN,UNKNOWN/NA,UNKNOWN/NA,S,UNKNOWN/NA,,,1,,,,,Y,,,,,,,,,,Y,Y,,FRONT,,,,,,,,,,,,,,,,,,,,,,,,,,,,,,,,,
2118541,570bc65312f56dec2d33c6872e737ad9f5a3e08410ffd63db0298ca2b5a1d8cea8ad603444b87095f26eefe29463cdf62f217ff4cbbae22c29ac190254f8937d,07/29/2025 02:27:00 PM,2,PARKED,,2019583,,GENERAL MOTORS CORPORATION (GMC),ACADIA,IL,2007,NONE,PASSENGER,PERSONAL,S,PARKED,,,0,,,,,,,,,Y,Y,Y,,,,,Y,,REAR,,,,,,,,,,,,,,,,,,,,,,,,,,,,,,,,,
2118542,570bc65312f56dec2d33c6872e737ad9f5a3e08410ffd63db0298ca2b5a1d8cea8ad603444b87095f26eefe29463cdf62f217ff4cbbae22c29ac190254f8937d,07/29/2025 02:27:00 PM,3,PARKED,,2019592,,JEEP,COMPASS,IN,,NONE,PASSENGER,PERSONAL,S,PARKED,,,0,,,,,,,,,,Y,,,,,,,,REAR,,,,,,,,,,,,,,,,,,,,,,,,,,,,,,,,,
2117032,5dc9e30a4a907ff80dc058bf70bcd749ae31180ba30563e68ae48271491ede5d0bc5064104df227c045ebfcc1ef7077210a40b1e0445fe596466b31e14395263,07/29/2025 02:20:00 PM,1,DRIVER,,2018180,N,"TRAIL KING INDUSTRIES (DIVISION OF W.A.S., INC.)","TRAIL KING INDUSTRIES, DIV W.A.S.INC.SOUTH DAKOTA",IL,2006,UNKNOWN,TRACTOR W/ SEMI-TRAILER,CONSTRUCTION/MAINTENANCE,W,MERGING,,,1,,,,,Y,Y,,,,,,,,,,,,FRONT-RIGHT-CORNER,,,,,,,,,,,,,,,,,,,,,,,,,,,,,,,,,
2117033,5dc9e30a4a907ff80dc058bf70bcd749ae31180ba30563e68ae48271491ede5d0bc5064104df227c045ebfcc1ef7077210a40b1e0445fe596466b31e14395263,07/29/2025 02:20:00 PM,2,DRIVER,1,2018193,,BMW,M-3,IL,2002,UNKNOWN,PASSENGER,PERSONAL,W,STRAIGHT AHEAD,Y,,2,,J&D TOWING SERVICES,,,,,,,,,Y,Y,Y,Y,Y,,,SIDE-LEFT,,,,,,,,,,,,,,,,,,,,,,,,,,,,,,,,,
2117203,7c9dc8b460a227da2b202687e582c936630280ac02941c938094e4035f318ad37cc936ac602341c6e11a8a0fdec4523b227e18b19682c9e86735f8abb39a7983,07/29/2025 02:20:00 PM,1,DRIVER,,2018338,,UNKNOWN,OTHER (EXPLAIN IN NARRATIVE),,,UNKNOWN,UNKNOWN/NA,UNKNOWN/NA,S,UNKNOWN/NA,,,1,,,,,,,,,,,,,,,,,,UNKNOWN,,,,,,,,,,,,,,,,,,,,,,,,,,,,,,,,,
2117204,7c9dc8b460a227da2b202687e582c936630280ac02941c938094e4035f318ad37cc936ac602341c6e11a8a0fdec4523b227e18b19682c9e86735f8abb39a7983,07/29/2025 02:20:00 PM,2,PEDESTRIAN,,,,,,,,,,,,,,,,,,,,,,,,,,,,,,,,,,,,,,,,,,,,,,,,,,,,,,,,,,,,,,,,,,
2116962,9a063a42985573e00a94ad51198d56233721182e8093440c3d003e8da6cd23a4884913094416140ab8226f72cb5fe45e711b2c1269fc6ac2f367f6d929ca9d67,07/29/2025 02:16:00 PM,1,DRIVER,,2018115,,FORD,EXPLORER,IL,2023,UNKNOWN,SPORT UTILITY VEHICLE (SUV),POLICE,S,BACKING,,,1,,,,,,,,,N,N,Y,,,,,,,REAR-LEFT-CORNER,,,,,,,,,,,,,,,,,,,,,,,,,,,,,,,,,
2117717,1d466a9fca77d116c87eba0af72197ebad2150fcd994c229440ce6fc602ed3756929d9be8a7f3bf5902101a90d1d5a52c2b4901ba5fa1f0aa1bc343d63dc18fd,07/29/2025 02:15:00 PM,1,DRIVER,,2018797,,UNKNOWN,OTHER (EXPLAIN IN NARRATIVE),IL,,UNKNOWN,PASSENGER,UNKNOWN/NA,S,CHANGING LANES,,,1,,,,,,,,,,,,,,,,,Y,UNKNOWN,,,,,,,,,,,,,,,,,,,,,,,,,,,,,,,,,
2117718,1d466a9fca77d116c87eba0af72197ebad2150fcd994c229440ce6fc602ed3756929d9be8a7f3bf5902101a90d1d5a52c2b4901ba5fa1f0aa1bc343d63dc18fd,07/29/2025 02:15:00 PM,2,DRIVER,,2018792,,NISSAN,ALTIMA,IL,2023,NONE,PASSENGER,PERSONAL,S,STRAIGHT AHEAD,,,1,,,,,,Y,Y,Y,,,,,,,,,,SIDE-RIGHT,,,,,,,,,,,,,,,,,,,,,,,,,,,,,,,,,
2117621,3d486c609c25a4e46d16e116d64027b607db90165e83663c0091802cacabf03ca3f7fa91c0e2e5efce35e61c3269a5856cf80d99597a23aa0c30d06a6ed2efe4,07/29/2025 02:15:00 PM,1,DRIVER,,2018695,,UNKNOWN,OTHER (EXPLAIN IN NARRATIVE),,,UNKNOWN,UNKNOWN/NA,UNKNOWN/NA,N,BACKING,,,1,,,,,,,,,,,,,,,,,Y,UNKNOWN,,,,,,,,,,,,,,,,,,,,,,,,,,,,,,,,,
2117622,3d486c609c25a4e46d16e116d64027b607db90165e83663c0091802cacabf03ca3f7fa91c0e2e5efce35e61c3269a5856cf80d99597a23aa0c30d06a6ed2efe4,07/29/2025 02:15:00 PM,2,DRIVER,,2018704,,NISSAN,ROGUE,IL,2023,NONE,PASSENGER,PERSONAL,S,SLOW/STOP IN TRAFFIC,,,1,,,,,,,,,,,,,,,,Y,,FRONT,,,,,,,,,,,,,,,,,,,,,,,,,,,,,,,,,
2117055,99c909aa2fbbee279dbc3fd9ad40d978238226cab11c75bfcbf3a9af545491cd285291b7cf05f478effc38ded85e14495f18624fb6680a577313fb3d10d4d42c,07/29/2025 02:10:00 PM,1,DRIVER,,2018199,,TOYOTA,COROLLA,IL,2026,NONE,PASSENGER,PERSONAL,NE,TURNING RIGHT,,,1,,,,,Y,,,,,,,,,Y,Y,Y,,FRONT-LEFT-CORNER,,,,,,,,,,,,,,,,,,,,,,,,,,,,,,,,,
2117056,99c909aa2fbbee279dbc3fd9ad40d978238226cab11c75bfcbf3a9af545491cd285291b7cf05f478effc38ded85e14495f18624fb6680a577313fb3d10d4d42c,07/29/2025 02:10:00 PM,2,DRIVER,1,2018208,,CHEVROLET,OTHER (EXPLAIN IN NARRATIVE),CA,2020,NONE,PASSENGER,PERSONAL,E,STRAIGHT AHEAD,Y,,2,,INSURANCE,,,Y,Y,,,,,,,,,,Y,,FRONT-RIGHT-CORNER,,,,,,,,,,,,,,,,,,,,,,,,,,,,,,,,,
2116927,0e2718e079eec4aafe0fe9b31333742de8a5e4065551c57d2a62ad82d1ba9dd07298fec214a526832952beca0904c4b5f71f96f0820c15c3e0fd96f80ffbd602,07/29/2025 02:09:00 PM,1,DRIVER,,2018077,,GENERAL MOTORS CORPORATION (GMC),TERRAIN,IL,2012,UNKNOWN,SPORT UTILITY VEHICLE (SUV),PERSONAL,E,PASSING/OVERTAKING,,,1,,,,,Y,Y,Y,Y,Y,,,,,,,,,SIDE-RIGHT-FRONT,,,,,,,,,,,,,,,,,,,,,,,,,,,,,,,,,
2116928,0e2718e079eec4aafe0fe9b31333742de8a5e4065551c57d2a62ad82d1ba9dd07298fec214a526832952beca0904c4b5f71f96f0820c15c3e0fd96f80ffbd602,07/29/2025 02:09:00 PM,2,DRIVER,,2018082,,HONDA,ACCORD,IL,2016,UNKNOWN,PASSENGER,PERSONAL,E,STRAIGHT AHEAD,,,1,,,,,,,,,,,Y,Y,,,,,,REAR-LEFT-CORNER,,,,,,,,,,,,,,,,,,,,,,,,,,,,,,,,,
2116969,ff3b30a718c0466f7327eb084f7a075b8d6e58a6b30f9cb4b2eb6dcd423d226bdc5b3d603a8a930e0ac9228748eee9bd50b7af642fb5721fd28a7883a51d4a58,07/29/2025 02:08:00 PM,1,DRIVER,,2018129,,JEEP,COMPASS,IL,2019,UNKNOWN,SPORT UTILITY VEHICLE (SUV),UNKNOWN/NA,S,MERGING,,,1,,,,,,,,,,,,,,,Y,,,FRONT-LEFT-CORNER,,,,,,,,,,,,,,,,,,,,,,,,,,,,,,,,,
2116970,ff3b30a718c0466f7327eb084f7a075b8d6e58a6b30f9cb4b2eb6dcd423d226bdc5b3d603a8a930e0ac9228748eee9bd50b7af642fb5721fd28a7883a51d4a58,07/29/2025 02:08:00 PM,2,DRIVER,,2018136,,NISSAN,ROGUE,IL,2020,UNKNOWN,SPORT UTILITY VEHICLE (SUV),PERSONAL,S,STRAIGHT AHEAD,,,1,,,,,Y,,,,,,,,,,,,,FRONT-RIGHT-CORNER,,,,,,,,,,,,,,,,,,,,,,,,,,,,,,,,,
2117057,97d13ebdda71de2c205e3df3054457719b315807bf1d42eacbe10bf2d4c1562f3d8037b10e960e9fc236fe2dc5e8cde0bb7986fe0c029a8ebca22859335d0093,07/29/2025 02:05:00 PM,1,DRIVER,,2018198,,SUBARU,OUTBACK,IL,2016,UNKNOWN,SPORT UTILITY VEHICLE (SUV),PERSONAL,N,ENTERING TRAFFIC LANE FROM PARKING,,,1,,,,,,,,,,,,,,Y,Y,Y,,FRONT-LEFT-CORNER,,,,,,,,,,,,,,,,,,,,,,,,,,,,,,,,,
2117058,97d13ebdda71de2c205e3df3054457719b315807bf1d42eacbe10bf2d4c1562f3d8037b10e960e9fc236fe2dc5e8cde0bb7986fe0c029a8ebca22859335d0093,07/29/2025 02:05:00 PM,2,DRIVER,1,2018203,,TOYOTA,RAV4,IL,2020,UNKNOWN,SPORT UTILITY VEHICLE (SUV),PERSONAL,N,STRAIGHT AHEAD,Y,,2,,,,,,Y,Y,Y,Y,,,,N,N,,,,SIDE-LEFT,,,,,,,,,,,,,,,,,,,,,,,,,,,,,,,,,