CRASH_UNIT_ID,CRASH_RECORD_ID,CRASH_DATE,UNIT_NO,UNIT_TYPE,NUM_PASSENGERS,VEHICLE_ID,CMRC_VEH_I,MAKE,MODEL,LIC_PLATE_STATE,VEHICLE_YEAR,VEHICLE_DEFECT,VEHICLE_TYPE,VEHICLE_USE,TRAVEL_DIRECTION,MANEUVER,TOWED_I,FIRE_I,OCCUPANT_CNT,EXCEED_SPEED_LIMIT_I,TOWED_BY,TOWED_TO,AREA_00_I,AREA_01_I,AREA_02_I,AREA_03_I,AREA_04_I,AREA_05_I,AREA_06_I,AREA_07_I,AREA_08_I,AREA_09_I,AREA_10_I,AREA_11_I,AREA_12_I,AREA_99_I,FIRST_CONTACT_POINT,CMV_ID,USDOT_NO,CCMC_NO,ILCC_NO,COMMERCIAL_SRC,GVWR,CARRIER_NAME,CARRIER_STATE,CARRIER_CITY,HAZMAT_PLACARDS_I,HAZMAT_NAME,UN_NO,HAZMAT_PRESENT_I,HAZMAT_REPORT_I,HAZMAT_REPORT_NO,MCS_REPORT_I,MCS_REPORT_NO,HAZMAT_VIO_CAUSE_CRASH_I,MCS_VIO_CAUSE_CRASH_I,IDOT_PERMIT_NO,WIDE_LOAD_I,TRAILER1_WIDTH,TRAILER2_WIDTH,TRAILER1_LENGTH,TRAILER2_LENGTH,TOTAL_VEHICLE_LENGTH,AXLE_CNT,VEHICLE_CONFIG,CARGO_BODY_TYPE,LOAD_TYPE,HAZMAT_OUT_OF_SERVICE_I,MCS_OUT_OF_SERVICE_I,HAZMAT_CLASS
2116919,247491099ce896fc9fa8a3224868dac9089396b1f32d7227aeb93234693ab3cafd66a8f1398e50ac5803b28b4b99a68bbf5dea141c2c33f4823bfdbe677bf46c,07/29/2025 02:00:00 PM,1,DRIVER,,2018071,,TOYOTA,RAV4,IL,2022,UNKNOWN,SPORT UTILITY VEHICLE (SUV),PERSONAL,NW,TURNING LEFT,,,1,,,,,,,,,,,,,,Y,Y,,,FRONT-LEFT-CORNER,,,,,,,,,,,,,,,,,,,,,,,,,,,,,,,,,
2116920,247491099ce896fc9fa8a3224868dac9089396b1f32d7227aeb93234693ab3cafd66a8f1398e50ac5803b28b4b99a68bbf5dea141c2c33f4823bfdbe677bf46c,07/29/2025 02:00:00 PM,2,DRIVER,2,2018076,,BMW,Z3,IL,2008,UNKNOWN,SPORT UTILITY VEHICLE (SUV),PERSONAL,S,STRAIGHT AHEAD,,,3,,,,,,,,,,,,,,Y,Y,,,FRONT-LEFT-CORNER,,,,,,,,,,,,,,,,,,,,,,,,,,,,,,,,,
2123547,2c2369e71435c582f7da72244b52bad41530b4a263c29dffe92355f596b38f0259fe0f36ecd76ae936c1196105e6ed746ada835a8d583b3346a53936e14f9b04,07/29/2025 02:00:00 PM,2,DRIVER,,2024375,,GENERAL MOTORS CORPORATION (GMC),ACADIA,IL,2021,NONE,PASSENGER,PERSONAL,W,STRAIGHT AHEAD,,,1,,,,,,,,,,,,,,Y,N,,,OTHER,,,,,,,,,,,,,,,,,,,,,,,,,,,,,,,,,
2123548,2c2369e71435c582f7da72244b52bad41530b4a263c29dffe92355f596b38f0259fe0f36ecd76ae936c1196105e6ed746ada835a8d583b3346a53936e14f9b04,07/29/2025 02:00:00 PM,1,DRIVER,,2024376,,FORD,ESCAPE,IL,2009,NONE,PASSENGER,PERSONAL,W,STRAIGHT AHEAD,,,1,,,,,Y,Y,,,,,,,,,,,,FRONT-RIGHT-CORNER,,,,,,,,,,,,,,,,,,,,,,,,,,,,,,,,,
2116948,365f39901235440b80dc1246f0841242fcd7a7f1a7472acdea5c85ed2f9715fcd51276a01429b81471cde9c66abd9e4c09bc55083b01e286affe39cdbfedd16d,07/29/2025 02:00:00 PM,1,DRIVER,,2018097,,UNKNOWN,OTHER (EXPLAIN IN NARRATIVE),IL,,UNKNOWN,UNKNOWN/NA,UNKNOWN/NA,E,UNKNOWN/NA,,,1,,,,,,,,,,,,,,,,,Y,UNKNOWN,,,,,,,,,,,,,,,,,,,,,,,,,,,,,,,,,
2116949,365f39901235440b80dc1246f0841242fcd7a7f1a7472acdea5c85ed2f9715fcd51276a01429b81471cde9c66abd9e4c09bc55083b01e286affe39cdbfedd16d,07/29/2025 02:00:00 PM,2,PARKED,1,2018108,,FORD,TRANSIT,AZ,2025,NONE,OTHER,OTHER,E,PARKED,,,1,,,,,,,,,,,,,Y,Y,,,,SIDE-LEFT,,,,,,,,,,,,,,,,,,,,,,,,,,,,,,,,,
2117068,cc8bdadb9b952a0c683643dbe1016193dc412991d56be673bf6a78b69657f43b6d3982040a1a58ef4972ea2f57067c4a977220bd90817c4bdc2cd49182c29cba,07/29/2025 01:50:00 PM,1,DRIVER,,2018257,,SUBARU,OUTBACK,IL,2010,UNKNOWN,SPORT UTILITY VEHICLE (SUV),PERSONAL,W,OTHER,Y,,1,,PRIVATE,Runge's Auto & Tire,,Y,Y,,,,,,,,,,,,FRONT-RIGHT-CORNER,,,,,,,,,,,,,,,,,,,,,,,,,,,,,,,,,
2117069,cc8bdadb9b952a0c683643dbe1016193dc412991d56be673bf6a78b69657f43b6d3982040a1a58ef4972ea2f57067c4a977220bd90817c4bdc2cd49182c29cba,07/29/2025 01:50:00 PM,2,PARKED,,2018217,,TOYOTA,COROLLA,IL,2012,NONE,PASSENGER,NOT IN USE,E,PARKED,Y,,0,,PRIVATE,REPAIR SHOP,,,,,,,Y,Y,Y,Y,,,,,SIDE-LEFT-REAR,,,,,,,,,,,,,,,,,,,,,,,,,,,,,,,,,
2117093,bb76062d3debdaa118f09676c742d6bf6849df025838854e8e2c53beb3ad6550d1a4de544c8a30f3628c86057fb2d898b0778f421cbde920b26b6ad7ef51c67a,07/29/2025 01:48:00 PM,1,DRIVER,,2018230,,INFINITI,OTHER (EXPLAIN IN NARRATIVE),IL,2012,UNKNOWN,PASSENGER,UNKNOWN/NA,N,UNKNOWN/NA,,,1,,,,,,,,,,,,,,,,,Y,UNKNOWN,,,,,,,,,,,,,,,,,,,,,,,,,,,,,,,,,
2117094,bb76062d3debdaa118f09676c742d6bf6849df025838854e8e2c53beb3ad6550d1a4de544c8a30f3628c86057fb2d898b0778f421cbde920b26b6ad7ef51c67a,07/29/2025 01:48:00 PM,2,DRIVER,,2018264,,TESLA,MODEL 3,IL,2020,UNKNOWN,PASSENGER,PERSONAL,N,UNKNOWN/NA,Y,,1,,OWNER,OWNER,,Y,Y,,,,,,,,N,Y,Y,,FRONT,,,,,,,,,,,,,,,,,,,,,,,,,,,,,,,,,
2116910,939a2bc52da44a891f0a01d1468c82fcead5d0b9f58946328664aba4182c87f4818de87fa557527f75eba7260844dfea807b2a31c982477533725d3904680432,07/29/2025 01:46:00 PM,1,DRIVER,,2018059,,DODGE,JOURNEY,IL,2018,UNKNOWN,PASSENGER,PERSONAL,E,STRAIGHT AHEAD,,,1,,,,,,,,,,,,,,,,,Y,SIDE-LEFT-REAR,,,,,,,,,,,,,,,,,,,,,,,,,,,,,,,,,
2116911,939a2bc52da44a891f0a01d1468c82fcead5d0b9f58946328664aba4182c87f4818de87fa557527f75eba7260844dfea807b2a31c982477533725d3904680432,07/29/2025 01:46:00 PM,2,DRIVER,,2018064,,HONDA,CIVIC,IL,2025,NONE,PASSENGER,PERSONAL,W,STRAIGHT AHEAD,,,1,,,,,,,,,,Y,Y,Y,Y,,,,,SIDE-LEFT-REAR,,,,,,,,,,,,,,,,,,,,,,,,,,,,,,,,,
2117070,11ae62216647914d0d6ac5ac158d217e22e74cff2bbc6ea2f7d5f9bd87cec4d0a72aee96ac5372b5b1ec9e351f67005c58c575779413a9c485f14144e276294f,07/29/2025 01:45:00 PM,1,DRIVER,,2018228,,TOYOTA,OTHER (EXPLAIN IN NARRATIVE),IL,2025,NONE,PASSENGER,PERSONAL,E,STRAIGHT AHEAD,,,1,,,,,,,,,,,,,,,,,,SIDE-RIGHT,,,,,,,,,,,,,,,,,,,,,,,,,,,,,,,,,
2117071,11ae62216647914d0d6ac5ac158d217e22e74cff2bbc6ea2f7d5f9bd87cec4d0a72aee96ac5372b5b1ec9e351f67005c58c575779413a9c485f14144e276294f,07/29/2025 01:45:00 PM,2,DRIVER,,2018294,,TOYOTA,OTHER (EXPLAIN IN NARRATIVE),IL,2017,NONE,PASSENGER,PERSONAL,E,SLOW/STOP IN TRAFFIC,,,1,,,,,,,,,,,,,,,,,,SIDE-LEFT,,,,,,,,,,,,,,,,,,,,,,,,,,,,,,,,,
2116937,392156d9f4caefdfe0490d4b60fe9ec2fe3ba013df118cc61b9dd7a70001118d26280b5170a9a9eb446e06045bb1f84cec95da455e1c67ac188e261a056bfafe,07/29/2025 01:45:00 PM,1,DRIVER,,2018086,,UNKNOWN,OTHER (EXPLAIN IN NARRATIVE),XX,,UNKNOWN,UNKNOWN/NA,UNKNOWN/NA,UNKNOWN,UNKNOWN/NA,,,1,,,,,,,,,,,,,,,,,Y,UNKNOWN,,,,,,,,,,,,,,,,,,,,,,,,,,,,,,,,,
2116938,392156d9f4caefdfe0490d4b60fe9ec2fe3ba013df118cc61b9dd7a70001118d26280b5170a9a9eb446e06045bb1f84cec95da455e1c67ac188e261a056bfafe,07/29/2025 01:45:00 PM,2,PARKED,,2018090,,HONDA,CIVIC,IL,2018,UNKNOWN,PASSENGER,NOT IN USE,S,PARKED,,,0,,,,,Y,Y,,,,,,,,,,,,FRONT-RIGHT-CORNER,,,,,,,,,,,,,,,,,,,,,,,,,,,,,,,,,
2116906,5f1347a09b667aaa9173121954e794075537510932f36a8176edaafba9080b5f76b49ff7566449d23ceb98bbb406fb04570d37566f7df03f97b0bf4a22b7d6ff,07/29/2025 01:35:00 PM,1,DRIVER,,2018053,,UNKNOWN,MOTORIZED,,,UNKNOWN,PICKUP,UNKNOWN/NA,W,STRAIGHT AHEAD,,,1,,,,,,,,,,,,,,,,,Y,SIDE-LEFT,,,,,,,,,,,,,,,,,,,,,,,,,,,,,,,,,
2116907,5f1347a09b667aaa9173121954e794075537510932f36a8176edaafba9080b5f76b49ff7566449d23ceb98bbb406fb04570d37566f7df03f97b0bf4a22b7d6ff,07/29/2025 01:35:00 PM,2,DRIVER,,2018057,,NEW FLYER,D40LF,IL,2007,UNKNOWN,BUS OVER 15 PASS.,CTA,E,STRAIGHT AHEAD,,,1,,,,,,,,,,,,,,Y,,,,SIDE-LEFT,,,,,,,,,,,,,,,,,,,,,,,,,,,,,,,,,
2122682,1ecc07b3675508412aa452ecfa450d4ffaec18a2a9b5f50f6cb86ba554ae44c1c6c3650a28f98ad68c5a340c14d2f219346cab70eea73403e108f9a9fcc41051,07/29/2025 01:34:00 PM,1,DRIVER,,2023567,,NOVA BUS,OTHER (EXPLAIN IN NARRATIVE),IL,2014,NONE,BUS OVER 15 PASS.,CTA,S,TURNING LEFT,,,1,,,,,,,,,,,,,Y,Y,Y,,,SIDE-LEFT,,,,,,,,,,,,,,,,,,,,,,,,,,,,,,,,,
2122683,1ecc07b3675508412aa452ecfa450d4ffaec18a2a9b5f50f6cb86ba554ae44c1c6c3650a28f98ad68c5a340c14d2f219346cab70eea73403e108f9a9fcc41051,07/29/2025 01:34:00 PM,2,DRIVER,,2023568,,FORD,FUSION,IL,2008,NONE,PASSENGER,PERSONAL,E,SLOW/STOP IN TRAFFIC,,,1,,,,,,,,,,,,,,Y,Y,,,SIDE-LEFT,,,,,,,,,,,,,,,,,,,,,,,,,,,,,,,,,
2117681,01e9d28767d3ce7df8218a133d83e458da728e925dabcdf9319fe48cf1994a9b4fcc8a3755b6d532efb5030fa78cb8bd081ea2d0864f3aba74bfa7a0e93a2ff0,07/29/2025 01:30:00 PM,1,DRIVER,2,2018751,,JEEP,CHEROKEE,IL,,NONE,SPORT UTILITY VEHICLE (SUV),PERSONAL,N,PASSING/OVERTAKING,,,3,,,,,Y,,,,,,,,,,,,,FRONT-RIGHT-CORNER,,,,,,,,,,,,,,,,,,,,,,,,,,,,,,,,,
2117682,01e9d28767d3ce7df8218a133d83e458da728e925dabcdf9319fe48cf1994a9b4fcc8a3755b6d532efb5030fa78cb8bd081ea2d0864f3aba74bfa7a0e93a2ff0,07/29/2025 01:30:00 PM,2,PARKED,1,2018753,,LEXUS,NX,IL,2015,NONE,SPORT UTILITY VEHICLE (SUV),NOT IN USE,N,PARKED,,,1,,,,,,,,,,,Y,,,,,,,REAR-LEFT-CORNER,,,,,,,,,,,,,,,,,,,,,,,,,,,,,,,,,
2117537,39e9b63f64555423bf6173c602abd43f5769d65a05ed3188dc1023e392775eb68513a80083b141f4d1b0f56e58248e3a7fdd6561c8089a8967b520e58bbd29e5,07/29/2025 01:30:00 PM,1,DRIVER,,2018619,Y,FMC CORPORATION,FMC CORP.,IL,2019,NONE,OTHER,OTHER,E,BACKING,,,1,,,,,,,,,,Y,,,,,,,,REAR,"21,912",,,,DRIVER,3,BOERMAN MOVING & STORAGE INC,IL,WOODRIDGE,,,,N,U,,U,,N,U,,,,,,,,,,,,N,N,
2117538,39e9b63f64555423bf6173c602abd43f5769d65a05ed3188dc1023e392775eb68513a80083b141f4d1b0f56e58248e3a7fdd6561c8089a8967b520e58bbd29e5,07/29/2025 01:30:00 PM,2,PARKED,,2018628,,CHEVROLET,TRAX,IL,2019,NONE,PASSENGER,PERSONAL,W,PARKED,,,0,,,,,,,,,,,,,,,,Y,,FRONT,,,,,,,,,,,,,,,,,,,,,,,,,,,,,,,,,
2117695,4676fb027088654dd220f31e3349adf3a6f3a02d48303d5a13e99082908b77b0658e81892a3c18e7a63984edf4948235ef078a838425d295cb095cd0481fc35e,07/29/2025 01:30:00 PM,1,DRIVER,,2018759,,NISSAN,ROGUE,IL,2010,UNKNOWN,SPORT UTILITY VEHICLE (SUV),UNKNOWN/NA,S,TURNING LEFT,,,1,,,,,,,,,,,,,,,,,Y,UNKNOWN,,,,,,,,,,,,,,,,,,,,,,,,,,,,,,,,,
2117696,4676fb027088654dd220f31e3349adf3a6f3a02d48303d5a13e99082908b77b0658e81892a3c18e7a63984edf4948235ef078a838425d295cb095cd0481fc35e,07/29/2025 01:30:00 PM,2,DRIVER,,2018769,,CHEVROLET,SUBURBAN,IL,2015,UNKNOWN,SPORT UTILITY VEHICLE (SUV),UNKNOWN/NA,S,TURNING LEFT,,,1,,,,,,,,,,,Y,Y,,,,,,REAR-LEFT-CORNER,,,,,,,,,,,,,,,,,,,,,,,,,,,,,,,,,
2117140,921185d5161b48fadb267aca779d41493581378b6eebf05b2b753490d64c62861df0e8eea7f82c779860fefaab85c6d80ee192bb898fe9b27889ffe8121c18e0,07/29/2025 01:30:00 PM,1,DRIVER,,2018269,,HONDA,ACCORD,IL,2016,UNKNOWN,PASSENGER,PERSONAL,N,STRAIGHT AHEAD,,,1,,,,,Y,,,,,,,,,,Y,Y,,FRONT,,,,,,,,,,,,,,,,,,,,,,,,,,,,,,,,,
2117141,921185d5161b48fadb267aca779d41493581378b6eebf05b2b753490d64c62861df0e8eea7f82c779860fefaab85c6d80ee192bb898fe9b27889ffe8121c18e0,07/29/2025 01:30:00 PM,2,DRIVER,,2018276,,CHEVROLET,MALIBU,IL,2015,UNKNOWN,PASSENGER,PERSONAL,N,SLOW/STOP IN TRAFFIC,,,1,,,,,,,,,Y,Y,Y,,,,,,,REAR,,,,,,,,,,,,,,,,,,,,,,,,,,,,,,,,,
2116973,aa3bdab6103332377c0162f658e76755f9ecc92f413d0be9f1b0fbce4de00dbea3ca1104363dbbf5d0378b1d86b26885f38091457d5b8b168e16214d324769d6,07/29/2025 01:30:00 PM,1,DRIVER,,2018128,,NISSAN,ROGUE,IL,2009,NONE,PASSENGER,PERSONAL,S,STRAIGHT AHEAD,,,1,,,,,,,,,,,,,,,,,,SIDE-LEFT,,,,,,,,,,,,,,,,,,,,,,,,,,,,,,,,,
2116974,aa3bdab6103332377c0162f658e76755f9ecc92f413d0be9f1b0fbce4de00dbea3ca1104363dbbf5d0378b1d86b26885f38091457d5b8b168e16214d324769d6,07/29/2025 01:30:00 PM,2,DRIVER,,2018140,,CHEVROLET,EQUINOX,IL,2023,NONE,PASSENGER,UNKNOWN/NA,S,STRAIGHT AHEAD,,,1,,,,,,Y,Y,Y,,,,,,,,,,SIDE-RIGHT,,,,,,,,,,,,,,,,,,,,,,,,,,,,,,,,,
2117391,ae48b7eade86014621fbdd0907002f3c142c133be938a58e2e4bbeb77853c77f065bc194831cfdb1e51071e31e8e2ee37020adff661daed4b5ede245fcba0c71,07/29/2025 01:30:00 PM,1,DRIVER,1,2018477,,HONDA,ACCORD,IL,2016,UNKNOWN,PASSENGER,PERSONAL,S,STRAIGHT AHEAD,,,2,,,,,,,,,,,,Y,Y,,,,,REAR-LEFT-CORNER,,,,,,,,,,,,,,,,,,,,,,,,,,,,,,,,,
2117392,ae48b7eade86014621fbdd0907002f3c142c133be938a58e2e4bbeb77853c77f065bc194831cfdb1e51071e31e8e2ee37020adff661daed4b5ede245fcba0c71,07/29/2025 01:30:00 PM,2,DRIVER,,2018478,,FREIGHTLINER CORPORATION,OTHER (EXPLAIN IN NARRATIVE),TN,,NONE,TRACTOR W/O SEMI-TRAILER,OTHER,S,STRAIGHT AHEAD,,,1,,,,,,,,,,,,,,,,,,SIDE-RIGHT,,,,,,,,,,,,,,,,,,,,,,,,,,,,,,,,,
2117005,8e67f11b92b14b0dd9973706015f67d793e51d7915838dcfe211fabaa650054da90030060afbad2a6b76b7c51e31f0086eb08fcad22ce198b9bd4f74f2db69b8,07/29/2025 01:25:00 PM,1,DRIVER,,2018148,,ISUZU,OTHER (EXPLAIN IN NARRATIVE),WI,2012,NONE,TRUCK - SINGLE UNIT,OTHER,N,TURNING RIGHT,,,1,,,,,,,,,,,,,,,,,Y,UNKNOWN,,,,,,,,,,,,,,,,,,,,,,,,,,,,,,,,,
2117006,8e67f11b92b14b0dd9973706015f67d793e51d7915838dcfe211fabaa650054da90030060afbad2a6b76b7c51e31f0086eb08fcad22ce198b9bd4f74f2db69b8,07/29/2025 01:25:00 PM,2,DRIVER,1,2018152,,FORD,OTHER (EXPLAIN IN NARRATIVE),IL,2023,NONE,SPORT UTILITY VEHICLE (SUV),PERSONAL,N,TURNING RIGHT,,,2,,,,,,,,,,,,,,,Y,,,SIDE-LEFT-FRONT,,,,,,,,,,,,,,,,,,,,,,,,,,,,,,,,,
2116981,fd475a35030f456d6ec61ddb257a843fb6c55554f1f1e6ef3b14517638a216fa55924a35d70225b19c938f87058b0a563082daf3bbdf2f5d77afdf8e9e93e1bb,07/29/2025 01:25:00 PM,1,DRIVER,,2018131,,NISSAN,ROGUE,IL,2009,NONE,PASSENGER,PERSONAL,N,ENTERING TRAFFIC LANE FROM PARKING,,,1,,,,,,,,,,,,,,Y,Y,,,FRONT-LEFT-CORNER,,,,,,,,,,,,,,,,,,,,,,,,,,,,,,,,,
2116982,fd475a35030f456d6ec61ddb257a843fb6c55554f1f1e6ef3b14517638a216fa55924a35d70225b19c938f87058b0a563082daf3bbdf2f5d77afdf8e9e93e1bb,07/29/2025 01:25:00 PM,2,DRIVER,1,2018143,,CHEVROLET,EQUINOX,IL,2023,NONE,PASSENGER,PERSONAL,N,STRAIGHT AHEAD,,,2,,,,,,Y,Y,Y,Y,,,,,,,,,FRONT-RIGHT-CORNER,,,,,,,,,,,,,,,,,,,,,,,,,,,,,,,,,
2116941,7f41ac0b8139798f1cfb7fb01a52be1f63587a861d11029e30df36c6bfd8c21234f620eb824ae8e59d3cae2ed84403a37fe89a4688952db61832ec6017217381,07/29/2025 01:22:00 PM,1,DRIVER,,2018083,,UNKNOWN,OTHER (EXPLAIN IN NARRATIVE),,,UNKNOWN,SPORT UTILITY VEHICLE (SUV),UNKNOWN/NA,N,STRAIGHT AHEAD,,,1,,,,,,,,,,,,,,,,Y,,FRONT,,,,,,,,,,,,,,,,,,,,,,,,,,,,,,,,,
2116942,7f41ac0b8139798f1cfb7fb01a52be1f63587a861d11029e30df36c6bfd8c21234f620eb824ae8e59d3cae2ed84403a37fe89a4688952db61832ec6017217381,07/29/2025 01:22:00 PM,2,DRIVER,,2018088,,MAZDA,MAZDA6,IL,2015,UNKNOWN,PASSENGER,PERSONAL,N,STRAIGHT AHEAD,,,1,,,,,,,,,,Y,,,,,,Y,,REAR,,,,,,,,,,,,,,,,,,,,,,,,,,,,,,,,,
2116943,7f41ac0b8139798f1cfb7fb01a52be1f63587a861d11029e30df36c6bfd8c21234f620eb824ae8e59d3cae2ed84403a37fe89a4688952db61832ec6017217381,07/29/2025 01:22:00 PM,3,DRIVER,,2018095,,HYUNDAI,SONATA,IL,2011,UNKNOWN,PASSENGER,PERSONAL,N,STRAIGHT AHEAD,,,1,,,,,,,,,,Y,,,,,,,,REAR,,,,,,,,,,,,,,,,,,,,,,,,,,,,,,,,,
2116944,3721cd79294c27590618cd54a48d3e202c0cac4be68b7f04a5ab2585e005ff8174ef40e928d6c939c8075f1f092ad973b9462580d64260cf75499e9cdefe1467,07/29/2025 01:21:00 PM,1,DRIVER,,2018107,,TOYOTA,COROLLA,IL,2003,NONE,PASSENGER,PERSONAL,N,STRAIGHT AHEAD,,,1,,,,,,,,,,,,,,,,,Y,UNKNOWN,,,,,,,,,,,,,,,,,,,,,,,,,,,,,,,,,
2116945,3721cd79294c27590618cd54a48d3e202c0cac4be68b7f04a5ab2585e005ff8174ef40e928d6c939c8075f1f092ad973b9462580d64260cf75499e9cdefe1467,07/29/2025 01:21:00 PM,2,PARKED,1,2018091,,HONDA,ACCORD,IL,2018,NONE,PASSENGER,PERSONAL,N,PARKED,,,1,,,,,,,,,N,,Y,,,,,,,REAR-LEFT-CORNER,,,,,,,,,,,,,,,,,,,,,,,,,,,,,,,,,
2116931,28f38c4dd03c5ea77781384619f28657086628a727042d893c194f100fa5fd5fec11bbff00d9206d6c6093e91a387f60360a7c5da72b24d21115bfe8d36ae645,07/29/2025 01:20:00 PM,1,DRIVER,,2018080,,UNKNOWN,ENGINE,IL,,UNKNOWN,SPORT UTILITY VEHICLE (SUV),UNKNOWN/NA,S,ENTERING TRAFFIC LANE FROM PARKING,,,1,,,,,,,,,,,,,,,,,Y,REAR,,,,,,,,,,,,,,,,,,,,,,,,,,,,,,,,,
2116932,28f38c4dd03c5ea77781384619f28657086628a727042d893c194f100fa5fd5fec11bbff00d9206d6c6093e91a387f60360a7c5da72b24d21115bfe8d36ae645,07/29/2025 01:20:00 PM,2,PARKED,2,2018089,,FORD,OTHER (EXPLAIN IN NARRATIVE),IL,2020,UNKNOWN,OTHER,OTHER,E,PARKED IN TRAFFIC LANE,,,2,,,,,,N,N,,,,,,,,,,,SIDE-RIGHT,,,,,,,,,,,,,,,,,,,,,,,,,,,,,,,,,
2116897,97ea357bf0a9a0fbfdb8a4b28ecdc423be961c0b918f069d8f48c71493e57abbc8c58ede8c1cfaabbc34c5b5ccd7d110a1375c63dd390c581fce0e2b2342a729,07/29/2025 01:17:00 PM,1,DRIVER,,2018061,,HONDA,CR-V,IL,2016,NONE,PASSENGER,PERSONAL,N,PASSING/OVERTAKING,,,1,,,,,Y,,,,,,,,,,,,,FRONT-RIGHT-CORNER,,,,,,,,,,,,,,,,,,,,,,,,,,,,,,,,,
2116898,97ea357bf0a9a0fbfdb8a4b28ecdc423be961c0b918f069d8f48c71493e57abbc8c58ede8c1cfaabbc34c5b5ccd7d110a1375c63dd390c581fce0e2b2342a729,07/29/2025 01:17:00 PM,2,PARKED,,2018056,,KIA,OPTIMA / K5,IL,2022,NONE,PASSENGER,PERSONAL,N,PARKED,,,0,,,,,,,,,,,,,,,Y,,,FRONT-LEFT-CORNER,,,,,,,,,,,,,,,,,,,,,,,,,,,,,,,,,
2117556,27860d703641867ec2cad3cd68bdee7930f7ef7139f9f04234dfd236f98240629c826dc515f52f446d1361eeb21cb5959459e39d1119c7c3a18a6cf2fdbb966d,07/29/2025 01:15:00 PM,1,DRIVER,,2018682,,FORD,F150 XLT,IL,2010,NONE,SPORT UTILITY VEHICLE (SUV),PERSONAL,N,STRAIGHT AHEAD,Y,,1,,,,,Y,Y,,,,,,,,,,,,FRONT-RIGHT-CORNER,,,,,,,,,,,,,,,,,,,,,,,,,,,,,,,,,
2117557,27860d703641867ec2cad3cd68bdee7930f7ef7139f9f04234dfd236f98240629c826dc515f52f446d1361eeb21cb5959459e39d1119c7c3a18a6cf2fdbb966d,07/29/2025 01:15:00 PM,2,DRIVER,,2018687,,DODGE,OTHER (EXPLAIN IN NARRATIVE),IL,1985,NONE,TRUCK - SINGLE UNIT,CONSTRUCTION/MAINTENANCE,S,BACKING,,,1,,,,Y,,,,,,,,,,,,,,REAR-RIGHT-CORNER,,,,,,,,,,,,,,,,,,,,,,,,,,,,,,,,,
2117401,49859bec97598fb7c397aebb9e40eb1cdcbf8c5778104a77831a53b95ba58600f346c2c6942675d62eb3ed8884fa78660cb29c5912a9d93da1dced6d17660762,07/29/2025 01:10:00 PM,1,DRIVER,,2018488,,FORD,OTHER (EXPLAIN IN NARRATIVE),IL,2020,UNKNOWN,BUS UP TO 15 PASS.,UNKNOWN/NA,S,STRAIGHT AHEAD,,,1,,,,Y,N,,,,,,,,,,N,N,,SIDE-LEFT,,,,,,,,,,,,,,,,,,,,,,,,,,,,,,,,,
2117402,49859bec97598fb7c397aebb9e40eb1cdcbf8c5778104a77831a53b95ba58600f346c2c6942675d62eb3ed8884fa78660cb29c5912a9d93da1dced6d17660762,07/29/2025 01:10:00 PM,2,PARKED,,2018492,,UNKNOWN,OTHER (EXPLAIN IN NARRATIVE),,,UNKNOWN,UNKNOWN/NA,UNKNOWN/NA,UNKNOWN,PARKED,,,0,,,,,,,,,,,,,,,,,,SIDE-RIGHT,,,,,,,,,,,,,,,,,,,,,,,,,,,,,,,,,
2116983,b1d74680829de0608657bbb6efd6440c093d16bb5ce47a908e71c79f5a57ab4c8ba81c381704fa0e31e082d76e0aab4165466bae870499b83eaee22c541ce9a7,07/29/2025 01:00:00 PM,1,DRIVER,,2018133,,NISSAN,OTHER (EXPLAIN IN NARRATIVE),IL,,UNKNOWN,PASSENGER,UNKNOWN/NA,W,TURNING RIGHT,,,1,,,,,N,,,,,,,,,,,,Y,FRONT-RIGHT-CORNER,,,,,,,,,,,,,,,,,,,,,,,,,,,,,,,,,
2116984,b1d74680829de0608657bbb6efd6440c093d16bb5ce47a908e71c79f5a57ab4c8ba81c381704fa0e31e082d76e0aab4165466bae870499b83eaee22c541ce9a7,07/29/2025 01:00:00 PM,2,DRIVER,3,2018130,,MAZDA,CX-5,IL,2014,NONE,PASSENGER,PERSONAL,W,TURNING RIGHT,,,4,,,,,,,,,,,,,,,Y,,,FRONT-LEFT-CORNER,,,,,,,,,,,,,,,,,,,,,,,,,,,,,,,,,
2116917,beb12d112fe5545e887b3947c4b71210038251eb249d20f544b567246a25433747fa0b3921413fc966abe91efee0713ada5d87691ff34fc34a8f990138eac956,07/29/2025 01:00:00 PM,2,DRIVER,,2018078,,HONDA,ACCORD,IL,2015,UNKNOWN,PASSENGER,PERSONAL,W,STRAIGHT AHEAD,,,1,,,,,,,,,,,,Y,Y,Y,Y,,,FRONT-LEFT-CORNER,,,,,,,,,,,,,,,,,,,,,,,,,,,,,,,,,