CRASH_UNIT_ID,CRASH_RECORD_ID,CRASH_DATE,UNIT_NO,UNIT_TYPE,NUM_PASSENGERS,VEHICLE_ID,CMRC_VEH_I,MAKE,MODEL,LIC_PLATE_STATE,VEHICLE_YEAR,VEHICLE_DEFECT,VEHICLE_TYPE,VEHICLE_USE,TRAVEL_DIRECTION,MANEUVER,TOWED_I,FIRE_I,OCCUPANT_CNT,EXCEED_SPEED_LIMIT_I,TOWED_BY,TOWED_TO,AREA_00_I,AREA_01_I,AREA_02_I,AREA_03_I,AREA_04_I,AREA_05_I,AREA_06_I,AREA_07_I,AREA_08_I,AREA_09_I,AREA_10_I,AREA_11_I,AREA_12_I,AREA_99_I,FIRST_CONTACT_POINT,CMV_ID,USDOT_NO,CCMC_NO,ILCC_NO,COMMERCIAL_SRC,GVWR,CARRIER_NAME,CARRIER_STATE,CARRIER_CITY,HAZMAT_PLACARDS_I,HAZMAT_NAME,UN_NO,HAZMAT_PRESENT_I,HAZMAT_REPORT_I,HAZMAT_REPORT_NO,MCS_REPORT_I,MCS_REPORT_NO,HAZMAT_VIO_CAUSE_CRASH_I,MCS_VIO_CAUSE_CRASH_I,IDOT_PERMIT_NO,WIDE_LOAD_I,TRAILER1_WIDTH,TRAILER2_WIDTH,TRAILER1_LENGTH,TRAILER2_LENGTH,TOTAL_VEHICLE_LENGTH,AXLE_CNT,VEHICLE_CONFIG,CARGO_BODY_TYPE,LOAD_TYPE,HAZMAT_OUT_OF_SERVICE_I,MCS_OUT_OF_SERVICE_I,HAZMAT_CLASS
2116918,beb12d112fe5545e887b3947c4b71210038251eb249d20f544b567246a25433747fa0b3921413fc966abe91efee0713ada5d87691ff34fc34a8f990138eac956,07/29/2025 01:00:00 PM,1,DRIVER,,2018085,,DODGE,JOURNEY,IL,2009,UNKNOWN,SPORT UTILITY VEHICLE (SUV),PERSONAL,W,MERGING,,,1,,,,,Y,,,,Y,,,,,,,,,FRONT-RIGHT-CORNER,,,,,,,,,,,,,,,,,,,,,,,,,,,,,,,,,
2124141,cb7843eb123c846490975f0e0ca858c15a4843c113cc4af1bc257051b74155dd362924b03117308d66b8527af5ec08e0bda269a6314595a6bb41644bb77691cc,07/29/2025 01:00:00 PM,1,DRIVER,,2024970,,FORD,ESCAPE,,2019,UNKNOWN,SPORT UTILITY VEHICLE (SUV),PERSONAL,UNKNOWN,STRAIGHT AHEAD,,,1,,,,,,,,,,,,,,,,,,NONE,,,,,,,,,,,,,,,,,,,,,,,,,,,,,,,,,
2124142,cb7843eb123c846490975f0e0ca858c15a4843c113cc4af1bc257051b74155dd362924b03117308d66b8527af5ec08e0bda269a6314595a6bb41644bb77691cc,07/29/2025 01:00:00 PM,2,DRIVER,,2024964,,CHEVROLET,MALIBU,IL,2022,UNKNOWN,PASSENGER,PERSONAL,UNKNOWN,STRAIGHT AHEAD,,,1,,,,,,,,,,Y,,,,,,,,REAR,,,,,,,,,,,,,,,,,,,,,,,,,,,,,,,,,
2116903,ea53c81ab5dde9d23a2a7fa3462af3d986dc0686525bdaa61ae1dad496211c670ca00392c83fd5a84016d175364d2fc3686062e398679ae2af28d5f0e1cb3b37,07/29/2025 01:00:00 PM,1,DRIVER,,2018052,,HONDA,CR-V,IL,2009,UNKNOWN,PASSENGER,PERSONAL,E,PASSING/OVERTAKING,,,1,,,,,Y,Y,,,,,,,,,,N,,FRONT-RIGHT-CORNER,,,,,,,,,,,,,,,,,,,,,,,,,,,,,,,,,
2116904,ea53c81ab5dde9d23a2a7fa3462af3d986dc0686525bdaa61ae1dad496211c670ca00392c83fd5a84016d175364d2fc3686062e398679ae2af28d5f0e1cb3b37,07/29/2025 01:00:00 PM,2,DRIVER,,2018054,,HONDA,ODYSSEY,IL,2012,UNKNOWN,VAN/MINI-VAN,PERSONAL,E,STRAIGHT AHEAD,,,1,,,,,,,,,,,,,Y,Y,Y,,,SIDE-LEFT,,,,,,,,,,,,,,,,,,,,,,,,,,,,,,,,,
2116958,ebeda10a86621e95f827f1205ddee3af87759a82d355014113a8f963a97652cdd271769d58460b4e13e6992fc58005a4d9cc540da2c8c59d4c891d97d7c8865d,07/29/2025 12:55:00 PM,1,DRIVER,,2018114,,UNKNOWN,OTHER (EXPLAIN IN NARRATIVE),,,UNKNOWN,UNKNOWN/NA,UNKNOWN/NA,S,STRAIGHT AHEAD,,,1,,,,,,,,,,,,,,,,,Y,UNKNOWN,,,,,,,,,,,,,,,,,,,,,,,,,,,,,,,,,
2116959,ebeda10a86621e95f827f1205ddee3af87759a82d355014113a8f963a97652cdd271769d58460b4e13e6992fc58005a4d9cc540da2c8c59d4c891d97d7c8865d,07/29/2025 12:55:00 PM,2,DRIVER,,2018112,,NISSAN,ALTIMA,IN,2018,NONE,PASSENGER,PERSONAL,E,STRAIGHT AHEAD,,,1,,,,,Y,,,,,,,,,,,Y,,FRONT-RIGHT-CORNER,,,,,,,,,,,,,,,,,,,,,,,,,,,,,,,,,
2122991,f030efba57f75cbf2104fe2b12c8386ceee558198c13afa1b590ebd92925c2adee4953592ec2f98fc9ae7bafdecee5a086d65441b97f038d810df9626c33c680,07/29/2025 12:54:00 PM,1,DRIVER,,2023853,,NISSAN,ALTIMA,IN,2018,UNKNOWN,PASSENGER,PERSONAL,E,STRAIGHT AHEAD,Y,,1,,PERSONAL TOW,,,Y,Y,Y,N,N,,,,Y,Y,Y,Y,,SIDE-RIGHT-FRONT,,,,,,,,,,,,,,,,,,,,,,,,,,,,,,,,,
2122992,f030efba57f75cbf2104fe2b12c8386ceee558198c13afa1b590ebd92925c2adee4953592ec2f98fc9ae7bafdecee5a086d65441b97f038d810df9626c33c680,07/29/2025 12:54:00 PM,2,DRIVER,1,2023854,,FORD,FUSION,IL,2020,UNKNOWN,PASSENGER,PERSONAL,S,STRAIGHT AHEAD,Y,,2,,PERSONAL TOW,,,Y,Y,Y,Y,Y,,,,,,,,,SIDE-RIGHT-FRONT,,,,,,,,,,,,,,,,,,,,,,,,,,,,,,,,,
2117091,dae149e0e6fe43e65bb22d76a5666177bf936343ab4e5942e5e9336e44d256d1fe58f7cb6e1d1b138f5ffe72c3aeae23a6f2f67e75bb4ee197c6b649902b0c20,07/29/2025 12:51:00 PM,1,DRIVER,,2018224,,OLDSMOBILE,CUTLASS SUPREME,IL,1987,UNKNOWN,PASSENGER,UNKNOWN/NA,UNKNOWN,UNKNOWN/NA,Y,,1,,owner,,,Y,,,,,,N,Y,Y,Y,Y,Y,,FRONT,,,,,,,,,,,,,,,,,,,,,,,,,,,,,,,,,
2117092,dae149e0e6fe43e65bb22d76a5666177bf936343ab4e5942e5e9336e44d256d1fe58f7cb6e1d1b138f5ffe72c3aeae23a6f2f67e75bb4ee197c6b649902b0c20,07/29/2025 12:51:00 PM,2,DRIVER,,2018231,,UNKNOWN,OTHER (EXPLAIN IN NARRATIVE),IL,,UNKNOWN,UNKNOWN/NA,UNKNOWN/NA,UNKNOWN,UNKNOWN/NA,,,1,,,,,,,,,,,,,,,,,Y,UNKNOWN,,,,,,,,,,,,,,,,,,,,,,,,,,,,,,,,,
2118318,4640043595913c77e0e41bc08c2a0833bd6816265ef5277dbc651ab274ff4a5a8b779472ce52797e7d7df032e6ae47d78e024e81d9ea12a10908767b45548804,07/29/2025 12:49:00 PM,1,DRIVER,,2019360,,FORD,F150,AR,2021,UNKNOWN,PICKUP,UNKNOWN/NA,S,STRAIGHT AHEAD,,,1,,,,,Y,,,,,,,,,,Y,Y,,FRONT,,,,,,,,,,,,,,,,,,,,,,,,,,,,,,,,,
2118319,4640043595913c77e0e41bc08c2a0833bd6816265ef5277dbc651ab274ff4a5a8b779472ce52797e7d7df032e6ae47d78e024e81d9ea12a10908767b45548804,07/29/2025 12:49:00 PM,2,DRIVER,,2019376,,NISSAN,ALTIMA,IL,2017,UNKNOWN,PASSENGER,OTHER,S,SLOW/STOP IN TRAFFIC,,,1,,,,,,,,,Y,Y,Y,,,,,,,REAR,,,,,,,,,,,,,,,,,,,,,,,,,,,,,,,,,
2116892,54c2f66a3f2472659e62d654c4d51d63bfef271fb4e6f258b79c5fab270e7c18b33bce0b95f8f6c7bacac4f35e33fa961394f57958eaea42da583be7957c8158,07/29/2025 12:49:00 PM,1,DRIVER,,2018049,,HONDA,CR-Z,IL,2013,NONE,PASSENGER,PERSONAL,N,TURNING LEFT,Y,,1,,,,,Y,,,,,,,,,,Y,Y,,FRONT-RIGHT-CORNER,,,,,,,,,,,,,,,,,,,,,,,,,,,,,,,,,
2116893,54c2f66a3f2472659e62d654c4d51d63bfef271fb4e6f258b79c5fab270e7c18b33bce0b95f8f6c7bacac4f35e33fa961394f57958eaea42da583be7957c8158,07/29/2025 12:49:00 PM,2,DRIVER,,2018058,,TOYOTA,CARINA,IL,2010,NONE,PASSENGER,PERSONAL,S,STRAIGHT AHEAD,,,1,,,,,,,,,,,,,,,Y,Y,,FRONT-LEFT-CORNER,,,,,,,,,,,,,,,,,,,,,,,,,,,,,,,,,
2116871,ee2bca4859277a9efe3fc02c0d31022d9bf87607065295c1e9be5b2f71ff360eae506a0609b27a72fc2f6937551e6eddf7e00d51308c35d15d3208872d68a181,07/29/2025 12:49:00 PM,1,DRIVER,,2018034,,JEEP,PATRIOT,IL,2015,UNKNOWN,SPORT UTILITY VEHICLE (SUV),UNKNOWN/NA,NW,TURNING LEFT,,,1,,,,,Y,,,,,,,,,,,Y,,FRONT-RIGHT-CORNER,,,,,,,,,,,,,,,,,,,,,,,,,,,,,,,,,
2116872,ee2bca4859277a9efe3fc02c0d31022d9bf87607065295c1e9be5b2f71ff360eae506a0609b27a72fc2f6937551e6eddf7e00d51308c35d15d3208872d68a181,07/29/2025 12:49:00 PM,2,PARKED,1,2018029,,CHEVROLET,COLORADO,MI,2022,NONE,PICKUP,CONSTRUCTION/MAINTENANCE,SE,PARKED,,,1,,,,,Y,Y,,,,,,,,,Y,Y,,FRONT-RIGHT-CORNER,,,,,,,,,,,,,,,,,,,,,,,,,,,,,,,,,
2116881,7bfe916c7fefb60e328b97b3a08976a07bfd2ea3d639aaa4a2ea63978f36900d117b0540b2f438fcd71a27064e5313616ea64ab4b55ee128a0822e52a29648d0,07/29/2025 12:47:00 PM,1,DRIVER,,2018032,,CHEVROLET,SUBURBAN,IL,2016,NONE,PASSENGER,PERSONAL,N,TURNING RIGHT,,,1,,,,,,,,,,,,,,Y,Y,,,FRONT-LEFT-CORNER,,,,,,,,,,,,,,,,,,,,,,,,,,,,,,,,,
2116882,7bfe916c7fefb60e328b97b3a08976a07bfd2ea3d639aaa4a2ea63978f36900d117b0540b2f438fcd71a27064e5313616ea64ab4b55ee128a0822e52a29648d0,07/29/2025 12:47:00 PM,2,DRIVER,,2018041,,TOYOTA,4RUNNER,IL,2024,NONE,PASSENGER,PERSONAL,N,STRAIGHT AHEAD,,,1,,,,Y,Y,Y,,,,,,,,,N,,,FRONT-RIGHT-CORNER,,,,,,,,,,,,,,,,,,,,,,,,,,,,,,,,,
2116883,7bfe916c7fefb60e328b97b3a08976a07bfd2ea3d639aaa4a2ea63978f36900d117b0540b2f438fcd71a27064e5313616ea64ab4b55ee128a0822e52a29648d0,07/29/2025 12:47:00 PM,3,PARKED,,2018044,,ACURA,RLX,IL,2003,NONE,PASSENGER,PERSONAL,N,PARKED,,,0,,,,,,,,,,,,,,Y,Y,,,FRONT-LEFT-CORNER,,,,,,,,,,,,,,,,,,,,,,,,,,,,,,,,,
2116950,366c215c355a11e78243c52ea392ad153356fd50a227c585ed355bfab1dc8dec030fb24a0c9dde524737feefabf0b03f53d79b25f1a9aa2f119d6365bca05e56,07/29/2025 12:45:00 PM,1,DRIVER,,2018106,,TOYOTA,PRIUS,IL,2010,UNKNOWN,PASSENGER,PERSONAL,E,U-TURN,,,1,,,,,Y,,,,,,,,,,Y,Y,,FRONT,,,,,,,,,,,,,,,,,,,,,,,,,,,,,,,,,
2116951,366c215c355a11e78243c52ea392ad153356fd50a227c585ed355bfab1dc8dec030fb24a0c9dde524737feefabf0b03f53d79b25f1a9aa2f119d6365bca05e56,07/29/2025 12:45:00 PM,2,DRIVER,,2018098,,CHEVROLET,CRUZE,IL,2014,NONE,PASSENGER,PERSONAL,W,BACKING,,,1,,,,,,,,,Y,Y,Y,Y,,,,,,REAR,,,,,,,,,,,,,,,,,,,,,,,,,,,,,,,,,
2119873,66a6eaeb3f94193d0a798f0563f9c8eeb0659ee5df3db4d994cf12b2bb7e937738b17ad09bc620c6868e99a417ce0ad6970fbffab83cb2bbcdbb2ae0459e4358,07/29/2025 12:45:00 PM,1,DRIVER,,2020876,,UNKNOWN,OTHER (EXPLAIN IN NARRATIVE),,,UNKNOWN,UNKNOWN/NA,UNKNOWN/NA,UNKNOWN,UNKNOWN/NA,,,1,,,,,,,,,,,,,,,,,Y,UNKNOWN,,,,,,,,,,,,,,,,,,,,,,,,,,,,,,,,,
2119874,66a6eaeb3f94193d0a798f0563f9c8eeb0659ee5df3db4d994cf12b2bb7e937738b17ad09bc620c6868e99a417ce0ad6970fbffab83cb2bbcdbb2ae0459e4358,07/29/2025 12:45:00 PM,2,PARKED,,2020878,,MAZDA,CX-5,,2021,NONE,PASSENGER,PERSONAL,N,PARKED,,,0,,,,,,,,,,,,,,,Y,,,FRONT-LEFT-CORNER,,,,,,,,,,,,,,,,,,,,,,,,,,,,,,,,,
2116873,5c9398ac06cc39684e81ed8d3d5412791ddf73d98fec12b7f4832fbafa0c63c1ba0bfc888080ab94437537515221ef445e101e65d67c802c2deadacf36eaa4fe,07/29/2025 12:40:00 PM,1,DRIVER,2,2018025,,FORD,OTHER (EXPLAIN IN NARRATIVE),IL,2017,UNKNOWN,TRUCK - SINGLE UNIT,OTHER,E,STRAIGHT AHEAD,,,3,,,,Y,,,,,,,,,,,,,,SIDE-RIGHT,,,,,,,,,,,,,,,,,,,,,,,,,,,,,,,,,
2116874,5c9398ac06cc39684e81ed8d3d5412791ddf73d98fec12b7f4832fbafa0c63c1ba0bfc888080ab94437537515221ef445e101e65d67c802c2deadacf36eaa4fe,07/29/2025 12:40:00 PM,2,PARKED,,2018031,,ACURA,TLX,IL,2006,UNKNOWN,PASSENGER,NOT IN USE,E,PARKED,,,0,,,,,,,,,,,,,N,Y,Y,,,SIDE-LEFT-FRONT,,,,,,,,,,,,,,,,,,,,,,,,,,,,,,,,,
2116912,c80fc0717033e254b74d4a3b218f3184de9541d9c0d6b9d22ded13d6c9a5664523c5bdd5d456de850b20c8cefe11fd374f9c1f1e614eb528b3c2d87baebe352a,07/29/2025 12:35:00 PM,1,,,,,,,,,,,,,,,,,,,,,,,,,,,,,,,,,,,,,,,,,,,,,,,,,,,,,,,,,,,,,,,,,,,
2116913,c80fc0717033e254b74d4a3b218f3184de9541d9c0d6b9d22ded13d6c9a5664523c5bdd5d456de850b20c8cefe11fd374f9c1f1e614eb528b3c2d87baebe352a,07/29/2025 12:35:00 PM,2,PEDESTRIAN,,,,,,,,,,,,,,,,,,,,,,,,,,,,,,,,,,,,,,,,,,,,,,,,,,,,,,,,,,,,,,,,,,
2116916,c80fc0717033e254b74d4a3b218f3184de9541d9c0d6b9d22ded13d6c9a5664523c5bdd5d456de850b20c8cefe11fd374f9c1f1e614eb528b3c2d87baebe352a,07/29/2025 12:35:00 PM,1,DRIVER,,2018063,,CHEVROLET,VOLT,IL,2017,NONE,PASSENGER,PERSONAL,N,STRAIGHT AHEAD,,,1,,,,,Y,,,,,,,,,,Y,Y,,FRONT,,,,,,,,,,,,,,,,,,,,,,,,,,,,,,,,,
2117158,66d9be7af471d564d08ade09ccfae4eb6be517589e1e08c27282115c404b1baa80720d551d2ac04c90db952ee4af288ed090368b8aa4eefb8fdcd94934006a44,07/29/2025 12:30:00 PM,1,DRIVER,,2018285,,UNKNOWN,OTHER (EXPLAIN IN NARRATIVE),IL,,UNKNOWN,SPORT UTILITY VEHICLE (SUV),UNKNOWN/NA,E,TURNING RIGHT,,,1,,,,,,,,,,,,,,,,,Y,UNKNOWN,,,,,,,,,,,,,,,,,,,,,,,,,,,,,,,,,
2117159,66d9be7af471d564d08ade09ccfae4eb6be517589e1e08c27282115c404b1baa80720d551d2ac04c90db952ee4af288ed090368b8aa4eefb8fdcd94934006a44,07/29/2025 12:30:00 PM,2,NON-MOTOR VEHICLE,,,,,,,,,,,,,,,,,,,,,,,,,,,,,,,,,,,,,,,,,,,,,,,,,,,,,,,,,,,,,,,,,,
2122785,61e9ff4c940df6f284e0119969fa1d417db66d7d9e071397f8b4d2af0bc98ec1dd55b1884a8791f88ef990c3bb511ccd4ee15b411837a5db177378a8899f3a5c,07/29/2025 12:27:00 PM,1,DRIVER,,2023678,,CHEVROLET,EQUINOX,IL,2015,NONE,PASSENGER,PERSONAL,UNKNOWN,OTHER,,,1,,,,,,,,Y,Y,,,,,,,,,SIDE-RIGHT-REAR,,,,,,,,,,,,,,,,,,,,,,,,,,,,,,,,,
2122786,61e9ff4c940df6f284e0119969fa1d417db66d7d9e071397f8b4d2af0bc98ec1dd55b1884a8791f88ef990c3bb511ccd4ee15b411837a5db177378a8899f3a5c,07/29/2025 12:27:00 PM,2,PARKED,,2023684,,LEXUS,OTHER (EXPLAIN IN NARRATIVE),IL,2024,UNKNOWN,UNKNOWN/NA,UNKNOWN/NA,UNKNOWN,PARKED,,,0,,,,,,,,,,,Y,,,,,,,REAR-LEFT-CORNER,,,,,,,,,,,,,,,,,,,,,,,,,,,,,,,,,
2116865,711149fb62341649de9a4b3b54029289fc8ec12c372e51187081c2e97e2d142e1082aa2d2e1cb430f3f634a993ebd8f8f6e758b5316ec2d4c02e516562944a5c,07/29/2025 12:22:00 PM,1,DRIVER,,2018019,,UNKNOWN,OTHER (EXPLAIN IN NARRATIVE),IL,,UNKNOWN,UNKNOWN/NA,UNKNOWN/NA,W,UNKNOWN/NA,,,1,,,,,,,,,,,,,,,,,Y,UNKNOWN,,,,,,,,,,,,,,,,,,,,,,,,,,,,,,,,,
2116866,711149fb62341649de9a4b3b54029289fc8ec12c372e51187081c2e97e2d142e1082aa2d2e1cb430f3f634a993ebd8f8f6e758b5316ec2d4c02e516562944a5c,07/29/2025 12:22:00 PM,2,BICYCLE,,,,,,,,,,,,,,,,,,,,,,,,,,,,,,,,,,,,,,,,,,,,,,,,,,,,,,,,,,,,,,,,,,
2117307,a24a6dcd5272a9264bd3ac636697b2ea71ef4a0fc36e1e62168b2d902bd852eecc96f600afe321aeba9f0c5c14402dbf47f9aa19767aa6a4691b33f471182fc7,07/29/2025 12:20:00 PM,1,DRIVER,,2018404,,CHEVROLET,EQUINOX,IL,2008,NONE,SPORT UTILITY VEHICLE (SUV),UNKNOWN/NA,W,STRAIGHT AHEAD,,,1,,,,,,,,,,,,,,,,Y,,FRONT,,,,,,,,,,,,,,,,,,,,,,,,,,,,,,,,,
2117308,a24a6dcd5272a9264bd3ac636697b2ea71ef4a0fc36e1e62168b2d902bd852eecc96f600afe321aeba9f0c5c14402dbf47f9aa19767aa6a4691b33f471182fc7,07/29/2025 12:20:00 PM,2,DRIVER,,2018406,,NISSAN,ROGUE,IL,2018,UNKNOWN,SPORT UTILITY VEHICLE (SUV),PERSONAL,W,SLOW/STOP IN TRAFFIC,,,1,,,,,,,,,,Y,,,,,,,,REAR,,,,,,,,,,,,,,,,,,,,,,,,,,,,,,,,,
2116847,f09a0e11ac63787deaced109137357d45fa541983801b1e7e4e4412216572ba2b9dbb05fa29c39a78e045d9de8454ca5bb8dbb25628c9883c0f2e258460d7d19,07/29/2025 12:20:00 PM,1,DRIVER,,2017998,,NISSAN,MAXIMA,IL,2000,UNKNOWN,PASSENGER,UNKNOWN/NA,E,U-TURN,,,1,,,,,Y,,,,,,,,,,Y,Y,,FRONT,,,,,,,,,,,,,,,,,,,,,,,,,,,,,,,,,
2116848,f09a0e11ac63787deaced109137357d45fa541983801b1e7e4e4412216572ba2b9dbb05fa29c39a78e045d9de8454ca5bb8dbb25628c9883c0f2e258460d7d19,07/29/2025 12:20:00 PM,2,DRIVER,,2018001,,BUICK,ENCORE,IL,2021,UNKNOWN,SPORT UTILITY VEHICLE (SUV),PERSONAL,E,STRAIGHT AHEAD,,,1,,,,,,,,,Y,,,,,,,,,REAR-RIGHT-CORNER,,,,,,,,,,,,,,,,,,,,,,,,,,,,,,,,,
2121855,d495bfcc7e8b4d0049a3790f8dacd869affab1a312bf43d9a57f3017f470e5bcae3b2c67df8eb342279139783141e5c99d662b7c5e4d641a223276a81ec1720d,07/29/2025 12:15:00 PM,1,DRIVER,,2022785,,CHEVROLET,MALIBU,IN,2023,UNKNOWN,PASSENGER,UNKNOWN/NA,N,CHANGING LANES,,,1,,,,,Y,,,,,,,,,,,,,FRONT-RIGHT-CORNER,,,,,,,,,,,,,,,,,,,,,,,,,,,,,,,,,
2121856,d495bfcc7e8b4d0049a3790f8dacd869affab1a312bf43d9a57f3017f470e5bcae3b2c67df8eb342279139783141e5c99d662b7c5e4d641a223276a81ec1720d,07/29/2025 12:15:00 PM,2,DRIVER,,2022789,,LINCOLN,NAVIGATOR,IL,2025,UNKNOWN,SPORT UTILITY VEHICLE (SUV),PERSONAL,N,STRAIGHT AHEAD,,,1,,,,,,,,,,,Y,,,,,,,SIDE-LEFT-REAR,,,,,,,,,,,,,,,,,,,,,,,,,,,,,,,,,
2116853,7e17b8eda91325e721f63cc34551746c4f077b2bee50cd6f24b403e7fe059c4e0daf655a608080e9b922822717a2954147937e063e2641dfd0ab2c2cd605e3fe,07/29/2025 12:05:00 PM,1,DRIVER,,2018008,,CHEVROLET,OTHER (EXPLAIN IN NARRATIVE),IL,2001,UNKNOWN,VAN/MINI-VAN,UNKNOWN/NA,E,UNKNOWN/NA,,,1,,,,,Y,Y,,,,,,,,,,Y,,FRONT-RIGHT-CORNER,,,,,,,,,,,,,,,,,,,,,,,,,,,,,,,,,
2116854,7e17b8eda91325e721f63cc34551746c4f077b2bee50cd6f24b403e7fe059c4e0daf655a608080e9b922822717a2954147937e063e2641dfd0ab2c2cd605e3fe,07/29/2025 12:05:00 PM,2,PARKED,,2018011,,HONDA,ACCORD,IL,2021,NONE,PASSENGER,NOT IN USE,E,PARKED,,,0,,,,,,,,,,Y,Y,Y,,,,,,REAR-LEFT-CORNER,,,,,,,,,,,,,,,,,,,,,,,,,,,,,,,,,
2116849,9015da568992951027add5c759371c4770a5ea0db45db6fd30bfa734ed9c9f8f649348be31626f7cfd796bf9fd2180c3cdef33bb34c3a2ec0d0209dede1efbe1,07/29/2025 12:01:00 PM,1,DRIVER,,2018003,,CHEVROLET,BLAZER,IL,2020,UNKNOWN,SPORT UTILITY VEHICLE (SUV),PERSONAL,N,PASSING/OVERTAKING,,,1,,,,,Y,Y,Y,Y,Y,,,,,,,,,SIDE-RIGHT,,,,,,,,,,,,,,,,,,,,,,,,,,,,,,,,,
2116850,9015da568992951027add5c759371c4770a5ea0db45db6fd30bfa734ed9c9f8f649348be31626f7cfd796bf9fd2180c3cdef33bb34c3a2ec0d0209dede1efbe1,07/29/2025 12:01:00 PM,2,DRIVER,,2018016,,NEW FLYER,D40LF,IL,2007,UNKNOWN,BUS OVER 15 PASS.,CTA,N,SLOW/STOP IN TRAFFIC,,,1,,,,,,,,,,,Y,,,,,,,REAR-LEFT-CORNER,,,,,,,,,,,,,,,,,,,,,,,,,,,,,,,,,
2129997,0f368ae391b1a209004893b3f0cfb2fbfbb9987a9ceaef94039b438bf2beeb99cd22f32645a0cc78e0cf66337dfaef04a231255ff7c6a1ee51e1b829b9d21995,07/29/2025 12:00:00 PM,1,DRIVER,,2030500,,TOYOTA,4RUNNER,IL,2001,NONE,PASSENGER,PERSONAL,S,PASSING/OVERTAKING,,,1,,,,,,,,,,,Y,,,,,,N,REAR-RIGHT-CORNER,,,,,,,,,,,,,,,,,,,,,,,,,,,,,,,,,
2129998,0f368ae391b1a209004893b3f0cfb2fbfbb9987a9ceaef94039b438bf2beeb99cd22f32645a0cc78e0cf66337dfaef04a231255ff7c6a1ee51e1b829b9d21995,07/29/2025 12:00:00 PM,2,DRIVER,,2030501,,FORD,EDGE,IL,2015,NONE,PASSENGER,PERSONAL,S,STRAIGHT AHEAD,,,1,,,,,Y,,,,,,,,,,,,,FRONT-RIGHT-CORNER,,,,,,,,,,,,,,,,,,,,,,,,,,,,,,,,,
2119232,13fca5be65d5b8c49b39383c50792f2513e38986ab64f9f8a76ea5d023e68e02735b171393d48208378b3dae6f086a2965e5050a0b4d3e3a73c26bd4adb9b27d,07/29/2025 12:00:00 PM,1,DRIVER,,2020245,,TOYOTA,SIENNA,IL,2019,UNKNOWN,VAN/MINI-VAN,TAXI/FOR HIRE,E,STRAIGHT AHEAD,,,1,,,,,Y,,,,,,,,,,,,,FRONT-RIGHT-CORNER,,,,,,,,,,,,,,,,,,,,,,,,,,,,,,,,,
2119233,13fca5be65d5b8c49b39383c50792f2513e38986ab64f9f8a76ea5d023e68e02735b171393d48208378b3dae6f086a2965e5050a0b4d3e3a73c26bd4adb9b27d,07/29/2025 12:00:00 PM,2,DRIVER,,2020246,,TOYOTA,CAMRY,IL,2012,UNKNOWN,PASSENGER,PERSONAL,N,STRAIGHT AHEAD,,,1,,,,,,,,,,,Y,,,,,,,REAR-LEFT-CORNER,,,,,,,,,,,,,,,,,,,,,,,,,,,,,,,,,
2117811,9f9c463da0df8f7d838973ab3c8a4d306f39024d13fa10baf8af436c31b9e5c5b364f1b75e100cdaa5bfc26cc01593eac332e5976538e15d0dceca1bc03aea1c,07/29/2025 12:00:00 PM,1,DRIVER,,2018901,,JEEP,LIBERTY,IL,2003,UNKNOWN,PASSENGER,PERSONAL,N,BACKING,,,1,,,,,,,,,,,Y,,,,,,,REAR-LEFT-CORNER,,,,,,,,,,,,,,,,,,,,,,,,,,,,,,,,,
2117812,9f9c463da0df8f7d838973ab3c8a4d306f39024d13fa10baf8af436c31b9e5c5b364f1b75e100cdaa5bfc26cc01593eac332e5976538e15d0dceca1bc03aea1c,07/29/2025 12:00:00 PM,2,PARKED,1,2018919,,VOLKSWAGEN,TOUAREG,IL,2009,UNKNOWN,PASSENGER,PERSONAL,N,PARKED,,,1,,,,,,,,,,,,,,,Y,,,FRONT-LEFT-CORNER,,,,,,,,,,,,,,,,,,,,,,,,,,,,,,,,,
2117448,fb5152f68a95dd9ee42940d5bc22c6fea0d966e6b0d200ed4631629c3568aba12cdc7129b2aa9382aa810593b24f6c8e3532067f8aea1c8e587c5050a8a8abc9,07/29/2025 12:00:00 PM,1,DRIVER,,2018552,,HONDA,CIVIC,IN,2024,NONE,PASSENGER,PERSONAL,W,LEAVING TRAFFIC LANE TO PARK,,,1,,,,,Y,,,,,,,,,,Y,Y,,FRONT,,,,,,,,,,,,,,,,,,,,,,,,,,,,,,,,,
2117449,fb5152f68a95dd9ee42940d5bc22c6fea0d966e6b0d200ed4631629c3568aba12cdc7129b2aa9382aa810593b24f6c8e3532067f8aea1c8e587c5050a8a8abc9,07/29/2025 12:00:00 PM,2,PARKED,,2018553,,CHEVROLET,TAHOE,IL,2024,NONE,SPORT UTILITY VEHICLE (SUV),NOT IN USE,W,PARKED,,,0,,,,,,,,,Y,Y,Y,,,,,,,REAR,,,,,,,,,,,,,,,,,,,,,,,,,,,,,,,,,
2118344,3067ac105b12284563b937d75515bf75e509f22d2280bf63d8173e22ffa59b39feaa43b4063b60fffe84436f6d1f258505bc79e4b6173659286f4ed95818c640,07/29/2025 11:55:00 AM,1,DRIVER,,2019389,,ACURA,SLX,IL,2018,NONE,PASSENGER,PERSONAL,N,SLOW/STOP IN TRAFFIC,,,1,,,,,,,,,,,,,,,,Y,,FRONT,,,,,,,,,,,,,,,,,,,,,,,,,,,,,,,,,
2118345,3067ac105b12284563b937d75515bf75e509f22d2280bf63d8173e22ffa59b39feaa43b4063b60fffe84436f6d1f258505bc79e4b6173659286f4ed95818c640,07/29/2025 11:55:00 AM,2,DRIVER,,2019393,,TOYOTA,C-HR,IL,2015,NONE,PASSENGER,PERSONAL,N,SLOW/STOP IN TRAFFIC,,,1,,,,,,,,,,Y,Y,,,,,,,REAR,,,,,,,,,,,,,,,,,,,,,,,,,,,,,,,,,