CRASH_UNIT_ID,CRASH_RECORD_ID,CRASH_DATE,UNIT_NO,UNIT_TYPE,NUM_PASSENGERS,VEHICLE_ID,CMRC_VEH_I,MAKE,MODEL,LIC_PLATE_STATE,VEHICLE_YEAR,VEHICLE_DEFECT,VEHICLE_TYPE,VEHICLE_USE,TRAVEL_DIRECTION,MANEUVER,TOWED_I,FIRE_I,OCCUPANT_CNT,EXCEED_SPEED_LIMIT_I,TOWED_BY,TOWED_TO,AREA_00_I,AREA_01_I,AREA_02_I,AREA_03_I,AREA_04_I,AREA_05_I,AREA_06_I,AREA_07_I,AREA_08_I,AREA_09_I,AREA_10_I,AREA_11_I,AREA_12_I,AREA_99_I,FIRST_CONTACT_POINT,CMV_ID,USDOT_NO,CCMC_NO,ILCC_NO,COMMERCIAL_SRC,GVWR,CARRIER_NAME,CARRIER_STATE,CARRIER_CITY,HAZMAT_PLACARDS_I,HAZMAT_NAME,UN_NO,HAZMAT_PRESENT_I,HAZMAT_REPORT_I,HAZMAT_REPORT_NO,MCS_REPORT_I,MCS_REPORT_NO,HAZMAT_VIO_CAUSE_CRASH_I,MCS_VIO_CAUSE_CRASH_I,IDOT_PERMIT_NO,WIDE_LOAD_I,TRAILER1_WIDTH,TRAILER2_WIDTH,TRAILER1_LENGTH,TRAILER2_LENGTH,TOTAL_VEHICLE_LENGTH,AXLE_CNT,VEHICLE_CONFIG,CARGO_BODY_TYPE,LOAD_TYPE,HAZMAT_OUT_OF_SERVICE_I,MCS_OUT_OF_SERVICE_I,HAZMAT_CLASS
2117506,9328019967107159cbe38b3789277175749bdc95cac80c892bd92df7368de096d36bbbb0973be7badb6309d2756a447d0fe97430efe1438f4327b033615c0f81,07/29/2025 11:50:00 AM,1,DRIVER,,2018580,,UNKNOWN,OTHER (EXPLAIN IN NARRATIVE),IL,,UNKNOWN,UNKNOWN/NA,UNKNOWN/NA,UNKNOWN,UNKNOWN/NA,,,1,,,,,,,,,,,,,,,,,Y,UNKNOWN,,,,,,,,,,,,,,,,,,,,,,,,,,,,,,,,,
2117507,9328019967107159cbe38b3789277175749bdc95cac80c892bd92df7368de096d36bbbb0973be7badb6309d2756a447d0fe97430efe1438f4327b033615c0f81,07/29/2025 11:50:00 AM,2,PARKED,,2018598,,JEEP,CHEROKEE,IL,2017,NONE,PASSENGER,PERSONAL,W,PARKED,,,0,,,,,Y,,,,,,,,,,,,,FRONT-RIGHT-CORNER,,,,,,,,,,,,,,,,,,,,,,,,,,,,,,,,,
2116855,cb6db2abc6724444c49386ee8134adcd5dd81e57388be71bb661d38ccaa78e359189d5da8eebf0741ce3da409dda4dbaa42c0f2552e57107613898c91f0b5026,07/29/2025 11:50:00 AM,1,DRIVER,,2018006,,KIA,SPECTRA,IL,2007,NONE,PASSENGER,PERSONAL,S,TURNING RIGHT,,,1,,,,,,,,,,,,,,,Y,,,FRONT-LEFT-CORNER,,,,,,,,,,,,,,,,,,,,,,,,,,,,,,,,,
2116856,cb6db2abc6724444c49386ee8134adcd5dd81e57388be71bb661d38ccaa78e359189d5da8eebf0741ce3da409dda4dbaa42c0f2552e57107613898c91f0b5026,07/29/2025 11:50:00 AM,2,DRIVER,,2018014,,MAZDA,323,IL,1987,NONE,PASSENGER,PERSONAL,W,STRAIGHT AHEAD,,,1,,,,,,,,,,,,,,,,Y,,FRONT,,,,,,,,,,,,,,,,,,,,,,,,,,,,,,,,,
2117144,0c4a65d8bd0baa141e834b41e4801b306d05382c24517360d0df2a2c39a8bf091e91c0616e00c052208f0a4e73bcd26a6df9a8b1ffa1f9b3dea279c771455bf1,07/29/2025 11:45:00 AM,1,DRIVER,,2018277,,SUZUKI,XL-7 OR XL-7 GRAND VITARA,IL,2003,UNKNOWN,SPORT UTILITY VEHICLE (SUV),UNKNOWN/NA,N,LEAVING TRAFFIC LANE TO PARK,,,1,,,,,,,,,Y,Y,Y,,,,,,,REAR,,,,,,,,,,,,,,,,,,,,,,,,,,,,,,,,,
2117145,0c4a65d8bd0baa141e834b41e4801b306d05382c24517360d0df2a2c39a8bf091e91c0616e00c052208f0a4e73bcd26a6df9a8b1ffa1f9b3dea279c771455bf1,07/29/2025 11:45:00 AM,2,PARKED,,2018287,,NISSAN,SENTRA,IL,2021,UNKNOWN,PASSENGER,PERSONAL,N,PARKED,,,0,,,,,Y,,,,,,,,,,Y,Y,,FRONT,,,,,,,,,,,,,,,,,,,,,,,,,,,,,,,,,
2116867,bd02974ae405471c4922e4c5156c35b9de270dcc48b08363e58553c6fb3ca121f705107a92c4649d627b28b1c7f120b4c7cf18f847ba72682a656c2963829368,07/29/2025 11:45:00 AM,1,DRIVER,,2018030,,FORD,EDGE,IL,2020,UNKNOWN,PASSENGER,PERSONAL,N,PASSING/OVERTAKING,Y,,1,,owner arranged own tow,,,Y,Y,,,,,,,,,,,,REAR-RIGHT-CORNER,,,,,,,,,,,,,,,,,,,,,,,,,,,,,,,,,
2116868,bd02974ae405471c4922e4c5156c35b9de270dcc48b08363e58553c6fb3ca121f705107a92c4649d627b28b1c7f120b4c7cf18f847ba72682a656c2963829368,07/29/2025 11:45:00 AM,2,PARKED,,2018033,N,ISUZU,TRUCK,IL,2018,UNKNOWN,TRUCK - SINGLE UNIT,CONSTRUCTION/MAINTENANCE,N,PARKED,,,0,,,,,,,,,,,,Y,Y,Y,,,,SIDE-LEFT,,,,,,,,,,,,,,,,,,,,,,,,,,,,,,,,,
2116857,bf5f2a4c43880a65817de5b679b3ccb232655e6e454ad5d189482a135ecbf262b5cf6adf7f8d3ebb78b56b92fae995f155acd0d2d97cf109cece67ae39db6df6,07/29/2025 11:30:00 AM,1,DRIVER,,2018004,,JEEP,JEEP,IL,2015,UNKNOWN,PASSENGER,PERSONAL,W,PASSING/OVERTAKING,,,1,,,,,,,,,,,,,,,,,Y,SIDE-LEFT,,,,,,,,,,,,,,,,,,,,,,,,,,,,,,,,,
2116858,bf5f2a4c43880a65817de5b679b3ccb232655e6e454ad5d189482a135ecbf262b5cf6adf7f8d3ebb78b56b92fae995f155acd0d2d97cf109cece67ae39db6df6,07/29/2025 11:30:00 AM,2,DRIVER,,2018015,,DODGE,RAM 1500 PU,IL,2023,UNKNOWN,PICKUP,PERSONAL,W,STRAIGHT AHEAD,,,1,,,,,,Y,Y,Y,Y,,,,,,,,,SIDE-RIGHT,,,,,,,,,,,,,,,,,,,,,,,,,,,,,,,,,
2116863,79f8c2747db452262531ed892c90468e78d0728e72d60c1e204a27d88a45216676ab0076898b5568ec2b31afac6b0e43e1eeabcc854682c2e1f5fb3e39e1d8b2,07/29/2025 11:29:00 AM,1,DRIVER,,2018020,,MERCEDES-BENZ,CLA,IL,2023,NONE,PASSENGER,PERSONAL,E,STRAIGHT AHEAD,,,1,,,,,Y,,,,,,,,,,,Y,,FRONT-RIGHT-CORNER,,,,,,,,,,,,,,,,,,,,,,,,,,,,,,,,,
2116864,79f8c2747db452262531ed892c90468e78d0728e72d60c1e204a27d88a45216676ab0076898b5568ec2b31afac6b0e43e1eeabcc854682c2e1f5fb3e39e1d8b2,07/29/2025 11:29:00 AM,2,PEDESTRIAN,,,,,,,,,,,,,,,,,,,,,,,,,,,,,,,,,,,,,,,,,,,,,,,,,,,,,,,,,,,,,,,,,,
2121255,cea45da4999da807b80c60eb40d3728d64ea3ebe1da49cdf55b74f587e548426c09113a85614a3fd0e848bdfad4a58f73bed367a2d6bc26c9938bc425b147329,07/29/2025 11:20:00 AM,1,DRIVER,,2022195,,CHEVROLET,EXPRESS,,2007,UNKNOWN,TRUCK - SINGLE UNIT,PERSONAL,S,STRAIGHT AHEAD,,,1,,,,,,,,,,,,,,,Y,Y,,FRONT,,,,,,,,,,,,,,,,,,,,,,,,,,,,,,,,,
2121256,cea45da4999da807b80c60eb40d3728d64ea3ebe1da49cdf55b74f587e548426c09113a85614a3fd0e848bdfad4a58f73bed367a2d6bc26c9938bc425b147329,07/29/2025 11:20:00 AM,2,DRIVER,,2022196,,HONDA,FIT,IL,2013,UNKNOWN,PASSENGER,PERSONAL,S,STRAIGHT AHEAD,,,1,,,,,,,,,Y,Y,,,,,,,Y,REAR,,,,,,,,,,,,,,,,,,,,,,,,,,,,,,,,,
2116837,c5758b68e73856307462b32f25f7b36dc55f8b7af86f1bb732d7422308d0458dec9260b789efc4c52c3695f9dd84ce6548932d393681bf5a7a8c157aeef8274f,07/29/2025 11:10:00 AM,1,DRIVER,,2017989,,DODGE,CHARGER,IL,2019,NONE,PASSENGER,PERSONAL,N,STRAIGHT AHEAD,,,1,,,,,,,,,,,,,,Y,Y,,,SIDE-LEFT-FRONT,,,,,,,,,,,,,,,,,,,,,,,,,,,,,,,,,
2116838,c5758b68e73856307462b32f25f7b36dc55f8b7af86f1bb732d7422308d0458dec9260b789efc4c52c3695f9dd84ce6548932d393681bf5a7a8c157aeef8274f,07/29/2025 11:10:00 AM,2,DRIVER,,2017996,,FREIGHTLINER CORPORATION,FREIGHTLINER CORP.,IL,2013,NONE,TRUCK - SINGLE UNIT,COMMERCIAL - SINGLE UNIT,N,STRAIGHT AHEAD,,,1,,,,Y,,,,,,,,,,,,,,REAR-RIGHT-CORNER,,,,,,,,,,,,,,,,,,,,,,,,,,,,,,,,,
2116822,7cdb087b212173d570faa405a15c9a0891e0f748e384ef0bb12d90a58979b38483251593a8819f8c5179f539476e8ad91d80fc3e681ee618a373a323eafb181e,07/29/2025 11:09:00 AM,1,DRIVER,,2017993,,UNKNOWN,OTHER (EXPLAIN IN NARRATIVE),,2020,NONE,PASSENGER,FIRE,N,AVOIDING VEHICLES/OBJECTS,,,1,,,,,,,,,,,,,,,,,Y,SIDE-RIGHT,,,,,,,,,,,,,,,,,,,,,,,,,,,,,,,,,
2116823,7cdb087b212173d570faa405a15c9a0891e0f748e384ef0bb12d90a58979b38483251593a8819f8c5179f539476e8ad91d80fc3e681ee618a373a323eafb181e,07/29/2025 11:09:00 AM,2,PARKED,,2017995,,HONDA,CR-V,IL,2009,NONE,PASSENGER,NOT IN USE,N,PARKED,,,0,,,,,,,,,,,,,,,Y,,,FRONT-LEFT-CORNER,,,,,,,,,,,,,,,,,,,,,,,,,,,,,,,,,
2116819,11d9d59d20a8dc0a5332982b9ae7ebcd4482aedba353744e6594dba645e4ba55ffff244e48a91ea994009690572df015dab9b1737ca6b7e7ccb50c295749d3a4,07/29/2025 11:05:00 AM,1,DRIVER,,2017972,,VOLKSWAGEN,TIGUAN,IL,2019,NONE,PASSENGER,PERSONAL,N,CHANGING LANES,,,1,,,,,,,,,,,,,,Y,Y,,,FRONT-LEFT-CORNER,,,,,,,,,,,,,,,,,,,,,,,,,,,,,,,,,
2116820,11d9d59d20a8dc0a5332982b9ae7ebcd4482aedba353744e6594dba645e4ba55ffff244e48a91ea994009690572df015dab9b1737ca6b7e7ccb50c295749d3a4,07/29/2025 11:05:00 AM,2,DRIVER,,2017982,,LEXUS,OTHER (EXPLAIN IN NARRATIVE),IL,2014,NONE,PASSENGER,PERSONAL,N,STRAIGHT AHEAD,,,1,,,,,Y,Y,,,,,,,,,,,,FRONT-RIGHT-CORNER,,,,,,,,,,,,,,,,,,,,,,,,,,,,,,,,,
2116861,007b61c5dba13b48996e500fe5719f512f16950db6971699c174c68affd43a60d916681c148d3b6a55e113fdf7fce049621b2e9da1bbad9072fb660d8115b39a,07/29/2025 11:00:00 AM,1,DRIVER,,2018013,,AUTOCAR,AUTOCAR,IL,2013,NONE,TRUCK - SINGLE UNIT,OTHER,E,BACKING,,,1,,,,,,,,Y,Y,,,,,,,,,REAR-RIGHT-CORNER,,,,,,,,,,,,,,,,,,,,,,,,,,,,,,,,,
2116862,007b61c5dba13b48996e500fe5719f512f16950db6971699c174c68affd43a60d916681c148d3b6a55e113fdf7fce049621b2e9da1bbad9072fb660d8115b39a,07/29/2025 11:00:00 AM,2,PARKED,,2018017,,CHEVROLET,IMPALA,,2011,NONE,PASSENGER,PERSONAL,W,PARKED,,,0,,,,,,,,,,,Y,Y,Y,,,,,SIDE-LEFT,,,,,,,,,,,,,,,,,,,,,,,,,,,,,,,,,
2117174,10c98f478c6d420675a9ed4e2771fa79780d2c58b171d7d25ce85af3ad0b650ed5e312918558f7044458bfe3ececb7825db8113d44d989ccc454ed41bf17c4e7,07/29/2025 11:00:00 AM,1,DRIVER,,2018309,N,UNKNOWN,OTHER (EXPLAIN IN NARRATIVE),IL,,UNKNOWN,VAN/MINI-VAN,COMMERCIAL - SINGLE UNIT,E,STRAIGHT AHEAD,,,1,,,,,,,,,,,,,,,,,Y,SIDE-RIGHT,,,,,,,,,,,,,,,,,,,,,,,,,,,,,,,,,
2117175,10c98f478c6d420675a9ed4e2771fa79780d2c58b171d7d25ce85af3ad0b650ed5e312918558f7044458bfe3ececb7825db8113d44d989ccc454ed41bf17c4e7,07/29/2025 11:00:00 AM,2,PARKED,,2018315,,TOYOTA,COROLLA,IL,2013,UNKNOWN,PASSENGER,PERSONAL,E,PARKED,,,0,,,,,Y,,,,,,,,,Y,Y,Y,,FRONT-LEFT-CORNER,,,,,,,,,,,,,,,,,,,,,,,,,,,,,,,,,
2116833,83753e4a4ac416d48a4155aef46b424851c2a3a797e40d0dad1fb0c80970bb6635148d6b43b80204a41573f44ced11c8b3bf25ab6a86bfcd681abb9f4cba6174,07/29/2025 11:00:00 AM,1,DRIVER,,2017981,,TOYOTA,COROLLA,IL,2016,UNKNOWN,PASSENGER,UNKNOWN/NA,N,STRAIGHT AHEAD,,,1,,,,,Y,,,,,,,,,,Y,Y,,FRONT,,,,,,,,,,,,,,,,,,,,,,,,,,,,,,,,,
2116834,83753e4a4ac416d48a4155aef46b424851c2a3a797e40d0dad1fb0c80970bb6635148d6b43b80204a41573f44ced11c8b3bf25ab6a86bfcd681abb9f4cba6174,07/29/2025 11:00:00 AM,2,DRIVER,,2017986,,LEXUS,HS250H,IL,2011,UNKNOWN,PASSENGER,UNKNOWN/NA,N,STRAIGHT AHEAD,,,1,,,,,,,,,Y,Y,Y,,,,,,,REAR,,,,,,,,,,,,,,,,,,,,,,,,,,,,,,,,,
2116929,26c7dd629292e0b79fc572a1d3b47a1f39403d00c7eefe095e94fc40c86353c44855c407a616abae6ad6cc7e08b3450c1491b2c338aeb16cfa624cc173aaa114,07/29/2025 10:53:00 AM,1,DRIVER,,2018093,,CHEVROLET,IMPALA,IL,2007,UNKNOWN,PASSENGER,PERSONAL,N,STRAIGHT AHEAD,,,1,,,,,,,,,,,,,,,,,Y,UNKNOWN,,,,,,,,,,,,,,,,,,,,,,,,,,,,,,,,,
2116930,26c7dd629292e0b79fc572a1d3b47a1f39403d00c7eefe095e94fc40c86353c44855c407a616abae6ad6cc7e08b3450c1491b2c338aeb16cfa624cc173aaa114,07/29/2025 10:53:00 AM,2,DRIVER,1,2018113,,KIA,SORENTO,IL,2025,NONE,PASSENGER,PERSONAL,E,STRAIGHT AHEAD,,,2,,,,,Y,Y,Y,,,,,,,,,,,FRONT-RIGHT-CORNER,,,,,,,,,,,,,,,,,,,,,,,,,,,,,,,,,
2116796,7a801afcd78a519a785ac94a3bc5222ff27837ec795b2199caa05e60cc23d75c06d7f530bfad0b36731ea49a9db0e00701d527612c54bb32e5b3f3e6bbee8e0c,07/29/2025 10:50:00 AM,1,DRIVER,,2017952,,HONDA,ODYSSEY,IL,2016,UNKNOWN,VAN/MINI-VAN,UNKNOWN/NA,NW,TURNING LEFT,,,1,,,,,,,,,,,,,Y,,,,,SIDE-LEFT,,,,,,,,,,,,,,,,,,,,,,,,,,,,,,,,,
2116797,7a801afcd78a519a785ac94a3bc5222ff27837ec795b2199caa05e60cc23d75c06d7f530bfad0b36731ea49a9db0e00701d527612c54bb32e5b3f3e6bbee8e0c,07/29/2025 10:50:00 AM,2,BICYCLE,,,,,,,,,,,,,,,,,,,,,,,,,,,,,,,,,,,,,,,,,,,,,,,,,,,,,,,,,,,,,,,,,,
2118627,42f5ebab9454ce69d8e390c75914df1555c606b117d391d01d19669eb04922aa0714f13dc1fb53f705efcb9756c18dd93b65f21ef2c712e29f94ae9af6523f0e,07/29/2025 10:45:00 AM,1,DRIVER,,2019692,,CHEVROLET,TRAIL BLAZER,IL,2025,UNKNOWN,UNKNOWN/NA,UNKNOWN/NA,UNKNOWN,UNKNOWN/NA,,,1,,,,,,,,,Y,,,,,,,,,SIDE-RIGHT-REAR,,,,,,,,,,,,,,,,,,,,,,,,,,,,,,,,,
2118628,42f5ebab9454ce69d8e390c75914df1555c606b117d391d01d19669eb04922aa0714f13dc1fb53f705efcb9756c18dd93b65f21ef2c712e29f94ae9af6523f0e,07/29/2025 10:45:00 AM,2,DRIVER,,2019703,,LINCOLN,MKZ,IL,2017,UNKNOWN,UNKNOWN/NA,UNKNOWN/NA,UNKNOWN,UNKNOWN/NA,,,1,,,,,,,,,,,,,,,Y,,,SIDE-LEFT-REAR,,,,,,,,,,,,,,,,,,,,,,,,,,,,,,,,,
2116812,9ebedcb764d87fff5c453ec594c9ed17661b82339f5919ef6201d6f8bd6386a149c7c463dfb9b65466d67877b9afae9427dc62836214037d807efeafc29c4b69,07/29/2025 10:40:00 AM,1,DRIVER,,2017977,,KIA,SELTOS,IN,2025,UNKNOWN,SPORT UTILITY VEHICLE (SUV),PERSONAL,E,TURNING LEFT,,,1,,,,,Y,Y,,,,,,,,,,Y,,FRONT-RIGHT-CORNER,,,,,,,,,,,,,,,,,,,,,,,,,,,,,,,,,
2116813,9ebedcb764d87fff5c453ec594c9ed17661b82339f5919ef6201d6f8bd6386a149c7c463dfb9b65466d67877b9afae9427dc62836214037d807efeafc29c4b69,07/29/2025 10:40:00 AM,2,DRIVER,,2017990,,HONDA,ACCORD,IL,2004,NONE,PASSENGER,PERSONAL,E,STRAIGHT AHEAD,,,1,,,,,,,,,,,,,,Y,Y,Y,,FRONT-LEFT-CORNER,,,,,,,,,,,,,,,,,,,,,,,,,,,,,,,,,
2116954,d5030d1ce162a5f45aed6b080f31376c2a6ebd66bf7e8c657fd1112e5863703b097d442637fe5f3fcae02d63737bf5f36c6d1df021b95a8f71fe836f6c7b5858,07/29/2025 10:40:00 AM,1,DRIVER,,2018100,,UNKNOWN,OTHER (EXPLAIN IN NARRATIVE),,,UNKNOWN,UNKNOWN/NA,UNKNOWN/NA,UNKNOWN,UNKNOWN/NA,,,1,,,,,,,,,,,,,,,,,Y,UNKNOWN,,,,,,,,,,,,,,,,,,,,,,,,,,,,,,,,,
2116955,d5030d1ce162a5f45aed6b080f31376c2a6ebd66bf7e8c657fd1112e5863703b097d442637fe5f3fcae02d63737bf5f36c6d1df021b95a8f71fe836f6c7b5858,07/29/2025 10:40:00 AM,2,PARKED,,2018103,,HONDA,CIVIC,IL,2010,UNKNOWN,PASSENGER,UNKNOWN/NA,S,PARKED,,,0,,,,,,,,,,,,Y,Y,,,,,SIDE-LEFT,,,,,,,,,,,,,,,,,,,,,,,,,,,,,,,,,
2116831,09a7dad12dec31adc6323754b4f143f6d6c16b361ec88bf217b7631b301cde10a6a9498c435e3f346bccd6ed5d4f9ca33e5100115b0eaceadd2105b3b10adcf9,07/29/2025 10:30:00 AM,1,DRIVER,,2017974,,UNKNOWN,ENCLOSED BODY,,,UNKNOWN,PASSENGER,PERSONAL,W,BACKING,,,1,,,,,,,,,,,,,,,,,Y,REAR-RIGHT-CORNER,,,,,,,,,,,,,,,,,,,,,,,,,,,,,,,,,
2116832,09a7dad12dec31adc6323754b4f143f6d6c16b361ec88bf217b7631b301cde10a6a9498c435e3f346bccd6ed5d4f9ca33e5100115b0eaceadd2105b3b10adcf9,07/29/2025 10:30:00 AM,2,PARKED,,2017980,,TOYOTA,SIENNA,IL,2004,NONE,PASSENGER,PERSONAL,S,PARKED,,,0,,,,,,,,,,,,,,Y,Y,,,SIDE-LEFT-FRONT,,,,,,,,,,,,,,,,,,,,,,,,,,,,,,,,,
2117172,2744959f2f8b56359d735f357798ba05eef657d7f9adfba8612a9f8282fe15f614a4ef1d4edddfa79fca8f821e52e4efe9015babb327f6cf132cf868b6ed73c5,07/29/2025 10:30:00 AM,1,DRIVER,,2018304,,UNKNOWN,OTHER (EXPLAIN IN NARRATIVE),,,UNKNOWN,UNKNOWN/NA,UNKNOWN/NA,UNKNOWN,UNKNOWN/NA,,,1,,,,,,,,,,,,,,,,,Y,UNKNOWN,,,,,,,,,,,,,,,,,,,,,,,,,,,,,,,,,
2117173,2744959f2f8b56359d735f357798ba05eef657d7f9adfba8612a9f8282fe15f614a4ef1d4edddfa79fca8f821e52e4efe9015babb327f6cf132cf868b6ed73c5,07/29/2025 10:30:00 AM,2,PARKED,,2018307,,NISSAN,ALTIMA,IL,2006,UNKNOWN,PASSENGER,NOT IN USE,S,PARKED,,,0,,,,,,,,,,,,,,Y,,,,SIDE-LEFT,,,,,,,,,,,,,,,,,,,,,,,,,,,,,,,,,
2117479,4d641118d62e8d0f534c00e345bc063aa6dabef05d78d32fdcc2193de4e3936e1887d191cf2b121dd5f6a1b851d96342c51d54657fdfa49eb9b0376076918f54,07/29/2025 10:30:00 AM,1,DRIVER,,2018564,,DODGE,RAM 1500 PU,,,UNKNOWN,PASSENGER,PERSONAL,E,STRAIGHT AHEAD,,,1,,,,,,,,,,N,N,,,,,Y,,FRONT,,,,,,,,,,,,,,,,,,,,,,,,,,,,,,,,,
2117480,4d641118d62e8d0f534c00e345bc063aa6dabef05d78d32fdcc2193de4e3936e1887d191cf2b121dd5f6a1b851d96342c51d54657fdfa49eb9b0376076918f54,07/29/2025 10:30:00 AM,2,DRIVER,,2018568,,LEXUS,GS300,IL,,UNKNOWN,PASSENGER,PERSONAL,E,STRAIGHT AHEAD,,,1,,,,,,,,,,Y,Y,,,,,,,REAR,,,,,,,,,,,,,,,,,,,,,,,,,,,,,,,,,
2116800,5f6eec25de824b0d7a70ace5fd8ecd8fce12357a3060646be4fe4fc140ebd4a59c46c699f20514f42dc67478496b45db0c19d43b8f3dbe49eec0875fa9c3f30a,07/29/2025 10:30:00 AM,1,DRIVER,1,2017953,,TOYOTA,4RUNNER,IL,2013,NONE,SPORT UTILITY VEHICLE (SUV),PERSONAL,E,STRAIGHT AHEAD,,,2,,,,Y,,,,,,,,,,,,,,UNKNOWN,,,,,,,,,,,,,,,,,,,,,,,,,,,,,,,,,
2116801,5f6eec25de824b0d7a70ace5fd8ecd8fce12357a3060646be4fe4fc140ebd4a59c46c699f20514f42dc67478496b45db0c19d43b8f3dbe49eec0875fa9c3f30a,07/29/2025 10:30:00 AM,2,DRIVER,1,2017958,,BMW,X3,IL,2019,NONE,SPORT UTILITY VEHICLE (SUV),PERSONAL,E,STRAIGHT AHEAD,,,2,,,,,,,,,,Y,,,,,,,,REAR,,,,,,,,,,,,,,,,,,,,,,,,,,,,,,,,,
2118260,93dd9674ced7ccf25f7ad6632575700ca0b11b97ce88f56f76306538feb70cfe63415403941b9e2be82d9a1a4b08039e9e6836a9dd0d4cedfa00c8e79af3920c,07/29/2025 10:30:00 AM,1,DRIVER,,2019313,,FORD,TRANSIT,VA,2022,NONE,TRUCK - SINGLE UNIT,OTHER,S,STRAIGHT AHEAD,Y,,1,,,,,,,,,,,,,,,,,,TOP,,,,,,,,,,,,,,,,,,,,,,,,,,,,,,,,,
2116814,eb03194a0bbb20517fa1e2becdd9c51413d00c113551fdf293c381f4eab60ce3059596da79b58dfd238b4da83d6e0f72448b3b9b5fbe1a596ecf3543e18eec18,07/29/2025 10:30:00 AM,1,DRIVER,,2017963,,NOVA BUS,OTHER (EXPLAIN IN NARRATIVE),IL,2022,NONE,BUS OVER 15 PASS.,CTA,N,TURNING RIGHT,,,1,,,,Y,,,,,,,,,,,,,,UNKNOWN,,,,,,,,,,,,,,,,,,,,,,,,,,,,,,,,,
2116815,eb03194a0bbb20517fa1e2becdd9c51413d00c113551fdf293c381f4eab60ce3059596da79b58dfd238b4da83d6e0f72448b3b9b5fbe1a596ecf3543e18eec18,07/29/2025 10:30:00 AM,2,PARKED,,2017967,,DODGE,CHALLENGER,IL,2021,NONE,PASSENGER,NOT IN USE,W,PARKED,,,0,,,,,Y,,,,,,,,,,Y,Y,,UNKNOWN,,,,,,,,,,,,,,,,,,,,,,,,,,,,,,,,,
2118266,9907e6a62999a2b18ca204edfbee006349adbdebf00f1bb46c6260c91bb5d80b26135773eb94ec634a9dd33a1b27c92701867c7e71b5ec627ab24479f578ade8,07/29/2025 10:20:00 AM,1,DRIVER,,2019337,,UNKNOWN,OTHER (EXPLAIN IN NARRATIVE),IL,,UNKNOWN,UNKNOWN/NA,UNKNOWN/NA,UNKNOWN,UNKNOWN/NA,,,1,,,,,,,,,,,,N,N,N,N,,Y,UNKNOWN,,,,,,,,,,,,,,,,,,,,,,,,,,,,,,,,,
2118267,9907e6a62999a2b18ca204edfbee006349adbdebf00f1bb46c6260c91bb5d80b26135773eb94ec634a9dd33a1b27c92701867c7e71b5ec627ab24479f578ade8,07/29/2025 10:20:00 AM,2,,,,,,,,,,,,,,,,,,,,,,,,,,,,,,,,,,,,,,,,,,,,,,,,,,,,,,,,,,,,,,,,,,,
2118270,9907e6a62999a2b18ca204edfbee006349adbdebf00f1bb46c6260c91bb5d80b26135773eb94ec634a9dd33a1b27c92701867c7e71b5ec627ab24479f578ade8,07/29/2025 10:20:00 AM,1,DRIVER,1,2019321,,UNKNOWN,MOTORIZED,,1900,UNKNOWN,UNKNOWN/NA,UNKNOWN/NA,UNKNOWN,UNKNOWN/NA,,,99,,,,,,,,,,,,,,,,,Y,UNKNOWN,,,,,,,,,,,,,,,,,,,,,,,,,,,,,,,,,
2118279,9907e6a62999a2b18ca204edfbee006349adbdebf00f1bb46c6260c91bb5d80b26135773eb94ec634a9dd33a1b27c92701867c7e71b5ec627ab24479f578ade8,07/29/2025 10:20:00 AM,2,PARKED,,2019331,,CHEVROLET,MALIBU,,2023,NONE,PASSENGER,PERSONAL,UNKNOWN,PARKED,,,0,,,,,,,,,,,,Y,Y,Y,Y,,,UNKNOWN,,,,,,,,,,,,,,,,,,,,,,,,,,,,,,,,,
2120700,9907e6a62999a2b18ca204edfbee006349adbdebf00f1bb46c6260c91bb5d80b26135773eb94ec634a9dd33a1b27c92701867c7e71b5ec627ab24479f578ade8,07/29/2025 10:20:00 AM,2,PARKED,,2021664,,CHEVROLET,MALIBU,IL,2023,UNKNOWN,UNKNOWN/NA,UNKNOWN/NA,S,PARKED,,,0,,,,,,,,,,,Y,Y,Y,Y,Y,,,SIDE-LEFT-FRONT,,,,,,,,,,,,,,,,,,,,,,,,,,,,,,,,,
2116782,42b6e46e7fcaa8744ff38ee43cb4c98f53ac80f8e5b67385f25c9106768b337d329f7e8bba2aacc6f08959e00d9b42facfc706c776df3cf28a0f38c5cf732838,07/29/2025 10:15:00 AM,1,DRIVER,,2017936,,FORD,FUSION,IL,2017,UNKNOWN,PASSENGER,PERSONAL,E,STRAIGHT AHEAD,,,1,,,,,,,,,,,,,,,,Y,,FRONT,,,,,,,,,,,,,,,,,,,,,,,,,,,,,,,,,
2116783,42b6e46e7fcaa8744ff38ee43cb4c98f53ac80f8e5b67385f25c9106768b337d329f7e8bba2aacc6f08959e00d9b42facfc706c776df3cf28a0f38c5cf732838,07/29/2025 10:15:00 AM,2,DRIVER,1,2017940,,CHEVROLET,MALIBU,IL,2012,NONE,PASSENGER,DRIVER EDUCATION,E,STRAIGHT AHEAD,,,2,,,,,,,,,Y,Y,,,,,,,,REAR,,,,,,,,,,,,,,,,,,,,,,,,,,,,,,,,,