CRASH_UNIT_ID,CRASH_RECORD_ID,CRASH_DATE,UNIT_NO,UNIT_TYPE,NUM_PASSENGERS,VEHICLE_ID,CMRC_VEH_I,MAKE,MODEL,LIC_PLATE_STATE,VEHICLE_YEAR,VEHICLE_DEFECT,VEHICLE_TYPE,VEHICLE_USE,TRAVEL_DIRECTION,MANEUVER,TOWED_I,FIRE_I,OCCUPANT_CNT,EXCEED_SPEED_LIMIT_I,TOWED_BY,TOWED_TO,AREA_00_I,AREA_01_I,AREA_02_I,AREA_03_I,AREA_04_I,AREA_05_I,AREA_06_I,AREA_07_I,AREA_08_I,AREA_09_I,AREA_10_I,AREA_11_I,AREA_12_I,AREA_99_I,FIRST_CONTACT_POINT,CMV_ID,USDOT_NO,CCMC_NO,ILCC_NO,COMMERCIAL_SRC,GVWR,CARRIER_NAME,CARRIER_STATE,CARRIER_CITY,HAZMAT_PLACARDS_I,HAZMAT_NAME,UN_NO,HAZMAT_PRESENT_I,HAZMAT_REPORT_I,HAZMAT_REPORT_NO,MCS_REPORT_I,MCS_REPORT_NO,HAZMAT_VIO_CAUSE_CRASH_I,MCS_VIO_CAUSE_CRASH_I,IDOT_PERMIT_NO,WIDE_LOAD_I,TRAILER1_WIDTH,TRAILER2_WIDTH,TRAILER1_LENGTH,TRAILER2_LENGTH,TOTAL_VEHICLE_LENGTH,AXLE_CNT,VEHICLE_CONFIG,CARGO_BODY_TYPE,LOAD_TYPE,HAZMAT_OUT_OF_SERVICE_I,MCS_OUT_OF_SERVICE_I,HAZMAT_CLASS
2118410,80c0acdbd2d638110c35303fe611d53bc95022793f6dd4f2193b1efdd6e39303b22c3c6090bb2fc59fe2b4901679381aa126d2fa54a004414c07fc81cf062d8d,07/29/2025 10:15:00 AM,1,DRIVER,,2019458,,UNKNOWN,OTHER (EXPLAIN IN NARRATIVE),,,UNKNOWN,UNKNOWN/NA,UNKNOWN/NA,N,TURNING RIGHT,,,1,,,,,,,,,,,,,,,,,Y,UNKNOWN,,,,,,,,,,,,,,,,,,,,,,,,,,,,,,,,,
2118411,80c0acdbd2d638110c35303fe611d53bc95022793f6dd4f2193b1efdd6e39303b22c3c6090bb2fc59fe2b4901679381aa126d2fa54a004414c07fc81cf062d8d,07/29/2025 10:15:00 AM,2,DRIVER,,2019484,,UNKNOWN,OTHER (EXPLAIN IN NARRATIVE),IL,,NONE,MOPED OR MOTORIZED BICYCLE,PERSONAL,N,STRAIGHT AHEAD,,,1,,,,,,,,,,,,,,,,Y,,FRONT,,,,,,,,,,,,,,,,,,,,,,,,,,,,,,,,,
2117154,eaab3ea427f70930dc63f11f0614f482087bb984a06120aae6f833363aa5c5f024e8869258fd8682aca8d08cb16f50ebd2ee74c5c0f7c14147ab0b0a64d61183,07/29/2025 10:15:00 AM,1,DRIVER,,2018279,,TOYOTA,CAMRY,IL,2014,NONE,PASSENGER,PERSONAL,E,SLOW/STOP IN TRAFFIC,,,1,,,,,,,,,,,,,,,,Y,,FRONT,,,,,,,,,,,,,,,,,,,,,,,,,,,,,,,,,
2117155,eaab3ea427f70930dc63f11f0614f482087bb984a06120aae6f833363aa5c5f024e8869258fd8682aca8d08cb16f50ebd2ee74c5c0f7c14147ab0b0a64d61183,07/29/2025 10:15:00 AM,2,DRIVER,,2018283,,NISSAN,ALTIMA,IL,2013,NONE,PASSENGER,PERSONAL,E,SLOW/STOP IN TRAFFIC,,,1,,,,,,,,,,,,,,,,,Y,REAR,,,,,,,,,,,,,,,,,,,,,,,,,,,,,,,,,
2116829,1eb449d2bc03da79f98e66ede35382988963b922143c13699ce584346218c862f0b60440f5c37b16446d176a896d59eeeea5da3411aec46db77060c87d2f9c1b,07/29/2025 10:14:00 AM,1,DRIVER,1,2017985,,CHEVROLET,EQUINOX,IL,2024,UNKNOWN,PASSENGER,PERSONAL,N,CHANGING LANES,Y,,2,,STREETS & SAN,103RD AND DOTY RD.,,Y,,,,,,,,,Y,Y,Y,,FRONT-LEFT-CORNER,,,,,,,,,,,,,,,,,,,,,,,,,,,,,,,,,
2116830,1eb449d2bc03da79f98e66ede35382988963b922143c13699ce584346218c862f0b60440f5c37b16446d176a896d59eeeea5da3411aec46db77060c87d2f9c1b,07/29/2025 10:14:00 AM,2,DRIVER,,2017997,,FORD,RANGER,MI,2004,NONE,PICKUP,PERSONAL,N,STRAIGHT AHEAD,Y,,1,,STREETS & SAN,18TH STREET TURNAROUND,,,,,,,,,,,,,,,SIDE-RIGHT,,,,,,,,,,,,,,,,,,,,,,,,,,,,,,,,,
2116771,60852ad0c85d41691608cb9e50ee1be3868a6153cfd4c7422a8bd482f389764633aab8020b0523aeb179ea778f563627020378e8a76a447528bb91501d16021a,07/29/2025 10:00:00 AM,1,DRIVER,,2017937,,HONDA,ACCORD,IL,2007,UNKNOWN,PASSENGER,PERSONAL,E,STRAIGHT AHEAD,,,1,,,,,,,,,,,,,,,,Y,,FRONT,,,,,,,,,,,,,,,,,,,,,,,,,,,,,,,,,
2116772,60852ad0c85d41691608cb9e50ee1be3868a6153cfd4c7422a8bd482f389764633aab8020b0523aeb179ea778f563627020378e8a76a447528bb91501d16021a,07/29/2025 10:00:00 AM,2,DRIVER,,2017946,,TOYOTA,CAMRY,IL,2012,NONE,PASSENGER,PERSONAL,E,STRAIGHT AHEAD,,,1,,,,,,,,,,Y,,,,,,Y,,REAR,,,,,,,,,,,,,,,,,,,,,,,,,,,,,,,,,
2116773,60852ad0c85d41691608cb9e50ee1be3868a6153cfd4c7422a8bd482f389764633aab8020b0523aeb179ea778f563627020378e8a76a447528bb91501d16021a,07/29/2025 10:00:00 AM,3,DRIVER,,2017951,,TOYOTA,CAMRY,IL,2019,NONE,PASSENGER,PERSONAL,E,STRAIGHT AHEAD,,,1,,,,,,,,,,Y,,,,,,,,REAR,,,,,,,,,,,,,,,,,,,,,,,,,,,,,,,,,
2122490,d8452aa66d4c1909e65ba80140a16fcdb7ad8e96fe4302f03713c63e2438cf978b04c25d892724e5a8bf6ffda715d0eddc4ebceb9f792c71cb6421952908002b,07/29/2025 10:00:00 AM,1,DRIVER,,2023391,,HYUNDAI,TUCSON,IL,2017,UNKNOWN,SPORT UTILITY VEHICLE (SUV),PERSONAL,N,BACKING,,,1,,,,,,,,,,Y,,,,,,,,REAR,,,,,,,,,,,,,,,,,,,,,,,,,,,,,,,,,
2122491,d8452aa66d4c1909e65ba80140a16fcdb7ad8e96fe4302f03713c63e2438cf978b04c25d892724e5a8bf6ffda715d0eddc4ebceb9f792c71cb6421952908002b,07/29/2025 10:00:00 AM,2,DRIVER,1,2023394,,TOYOTA,COROLLA,IL,2022,NONE,PASSENGER,DRIVER EDUCATION,S,STRAIGHT AHEAD,,,2,,,,,,,,,,Y,,,,,,,,REAR,,,,,,,,,,,,,,,,,,,,,,,,,,,,,,,,,
2116828,685184ed6007677acb48d2546978eebbdb96cea5d14ccca8ee7f44851dcce975ce1d7ca22a7d2cd61e50d6906236895336cf9e5717ed2892413a831e1fe3c85d,07/29/2025 09:59:00 AM,1,DRIVER,,2017991,,CHEVROLET,BLAZER,XX,,UNKNOWN,UNKNOWN/NA,UNKNOWN/NA,UNKNOWN,UNKNOWN/NA,,,1,,,,,Y,,,,,,,,,,Y,Y,,FRONT-LEFT-CORNER,,,,,,,,,,,,,,,,,,,,,,,,,,,,,,,,,
2116839,685184ed6007677acb48d2546978eebbdb96cea5d14ccca8ee7f44851dcce975ce1d7ca22a7d2cd61e50d6906236895336cf9e5717ed2892413a831e1fe3c85d,07/29/2025 09:59:00 AM,2,DRIVER,,2017987,,FORD,ESCAPE,IL,2022,UNKNOWN,UNKNOWN/NA,UNKNOWN/NA,E,STRAIGHT AHEAD,,,1,,,,,,,,,,,,,,Y,Y,,,FRONT-LEFT-CORNER,,,,,,,,,,,,,,,,,,,,,,,,,,,,,,,,,
2132411,2b981ba0f136b869b2a612cf826b92f6f4b3c54e57f58fb26716d66bdb44a2722453891b46b17b00687a6aba3337b90c29218597e500e9b8775a2f0754b91dc3,07/29/2025 09:50:00 AM,1,DRIVER,,2032757,,FORD,TRANSIT,IL,2019,NONE,VAN/MINI-VAN,CONSTRUCTION/MAINTENANCE,W,TURNING RIGHT,,,1,,,,N,,,,,,,,,,,,,Y,SIDE-RIGHT,,,,,,,,,,,,,,,,,,,,,,,,,,,,,,,,,
2132412,2b981ba0f136b869b2a612cf826b92f6f4b3c54e57f58fb26716d66bdb44a2722453891b46b17b00687a6aba3337b90c29218597e500e9b8775a2f0754b91dc3,07/29/2025 09:50:00 AM,2,PEDESTRIAN,,,,,,,,,,,,,,,,,,,,,,,,,,,,,,,,,,,,,,,,,,,,,,,,,,,,,,,,,,,,,,,,,,
2116790,2c0d12055f200083337da044815a776d7b2fb29265c21d0ec234553d4a6f08db6aaab379f8fd83f38995161ddb04c49e440c5179ba26aeac42ad7e56672c8b66,07/29/2025 09:45:00 AM,2,DRIVER,,2017947,,CHEVROLET,C/K 3500,IL,,NONE,TRUCK - SINGLE UNIT,CONSTRUCTION/MAINTENANCE,S,STRAIGHT AHEAD,,,1,,,,,Y,,,,,,,,,,,,,FRONT-RIGHT-CORNER,,,,,,,,,,,,,,,,,,,,,,,,,,,,,,,,,
2116791,2c0d12055f200083337da044815a776d7b2fb29265c21d0ec234553d4a6f08db6aaab379f8fd83f38995161ddb04c49e440c5179ba26aeac42ad7e56672c8b66,07/29/2025 09:45:00 AM,1,DRIVER,,2017955,,TOYOTA,COROLLA,IL,,NONE,PASSENGER,PERSONAL,S,MERGING,,,1,,,,,,,,,,,,,Y,Y,Y,,,SIDE-LEFT,,,,,,,,,,,,,,,,,,,,,,,,,,,,,,,,,
2118250,d7b7dc0dab80f5b7d0a1c250dd30d628423af93c585f910320610cd67453c203fa538161d864e6e91752ad287005c16de47528ea80e35c407f54ff26c6a03648,07/29/2025 09:45:00 AM,1,DRIVER,,2019300,,MERCEDES-BENZ,OTHER (EXPLAIN IN NARRATIVE),IL,2021,NONE,PASSENGER,PERSONAL,E,PASSING/OVERTAKING,,,1,,,,,,,,,,,Y,,,,,,,SIDE-LEFT-REAR,,,,,,,,,,,,,,,,,,,,,,,,,,,,,,,,,
2118251,d7b7dc0dab80f5b7d0a1c250dd30d628423af93c585f910320610cd67453c203fa538161d864e6e91752ad287005c16de47528ea80e35c407f54ff26c6a03648,07/29/2025 09:45:00 AM,2,DRIVER,,2019328,,FORD,F250,IL,2020,UNKNOWN,TRUCK - SINGLE UNIT,UNKNOWN/NA,E,STRAIGHT AHEAD,,,1,,,,,Y,,,,,,,,,,,,,SIDE-RIGHT-FRONT,,,,,,,,,,,,,,,,,,,,,,,,,,,,,,,,,
2116806,5fec40ced54e27f0503f72c2b88a2093b3a7d6668625c703c3f7672f908dc5d7873066db6fb4ee5b9759a6f4f7056e526781cacaffe29e9014a92fa85edbfb40,07/29/2025 09:40:00 AM,1,DRIVER,,2017956,,CHEVROLET,EXPRESS,IL,2017,UNKNOWN,PICKUP,CONSTRUCTION/MAINTENANCE,E,TURNING RIGHT,,,1,,,,,,,,,,,,,,,,,Y,UNKNOWN,,,,,,,,,,,,,,,,,,,,,,,,,,,,,,,,,
2116807,5fec40ced54e27f0503f72c2b88a2093b3a7d6668625c703c3f7672f908dc5d7873066db6fb4ee5b9759a6f4f7056e526781cacaffe29e9014a92fa85edbfb40,07/29/2025 09:40:00 AM,2,DRIVER,,2017959,,TESLA,MODEL Y,IL,2023,NONE,PASSENGER,PERSONAL,E,TURNING RIGHT,,,1,,,,,,,,,,,,,,,Y,,,FRONT-LEFT-CORNER,,,,,,,,,,,,,,,,,,,,,,,,,,,,,,,,,
2116765,19d4900184b71c8fe14386d4df4fee36de98cf8f961f79b14109b76af2f2c5ac79cdea6f7a81e91b8e810607935803c4903206eff2c42ded3a68932129e6dac8,07/29/2025 09:30:00 AM,1,DRIVER,,2017924,,TOYOTA,CAMRY,IL,2010,UNKNOWN,PASSENGER,PERSONAL,S,BACKING,,,1,,,,,,,,,,,,,,,,Y,,FRONT,,,,,,,,,,,,,,,,,,,,,,,,,,,,,,,,,
2116766,19d4900184b71c8fe14386d4df4fee36de98cf8f961f79b14109b76af2f2c5ac79cdea6f7a81e91b8e810607935803c4903206eff2c42ded3a68932129e6dac8,07/29/2025 09:30:00 AM,2,DRIVER,,2017929,,HONDA,CIVIC,IL,2010,NONE,PASSENGER,PERSONAL,S,OTHER,,,1,,,,,,,,,,Y,,,,,,,,REAR,,,,,,,,,,,,,,,,,,,,,,,,,,,,,,,,,
2116817,8b8be2e10f70c16df9a5432358d98a3de3cfc639156f0b00cbbfe7957861b591c32ab9a8821e7d96939ff0d471b2b1a105f3d7194f8fb034b44e24f324bc8c6f,07/29/2025 09:30:00 AM,1,DRIVER,1,2017969,,HONDA,ODYSSEY,IL,2014,UNKNOWN,VAN/MINI-VAN,PERSONAL,S,STRAIGHT AHEAD,,,2,,,,,,,,,,,Y,Y,,,,,,REAR-LEFT-CORNER,,,,,,,,,,,,,,,,,,,,,,,,,,,,,,,,,
2116818,8b8be2e10f70c16df9a5432358d98a3de3cfc639156f0b00cbbfe7957861b591c32ab9a8821e7d96939ff0d471b2b1a105f3d7194f8fb034b44e24f324bc8c6f,07/29/2025 09:30:00 AM,2,DRIVER,,2017975,,SUBARU,CROSSTREK,IL,2020,NONE,SPORT UTILITY VEHICLE (SUV),PERSONAL,S,TURNING LEFT,,,1,,,,,Y,Y,,,,,,,,,,,,FRONT-RIGHT-CORNER,,,,,,,,,,,,,,,,,,,,,,,,,,,,,,,,,
2119102,45952ca1351b612cd6a5836f2cab1d9bd07ecd764601a236c8de3002ac001d77cdba07222cb4f0cddf4213c0f27757cdcd1be10b0d30bfe729612d4b41719dc0,07/29/2025 09:20:00 AM,1,DRIVER,1,2020127,,HYUNDAI,ELANTRA,IL,2024,UNKNOWN,PASSENGER,PERSONAL,E,TURNING LEFT,Y,,2,,PRIVATE,UNKNOWN,,,,,Y,Y,,,,,,,,,REAR-RIGHT-CORNER,,,,,,,,,,,,,,,,,,,,,,,,,,,,,,,,,
2119103,45952ca1351b612cd6a5836f2cab1d9bd07ecd764601a236c8de3002ac001d77cdba07222cb4f0cddf4213c0f27757cdcd1be10b0d30bfe729612d4b41719dc0,07/29/2025 09:20:00 AM,2,DRIVER,,2020128,,LEXUS,ES350,IL,2008,UNKNOWN,PASSENGER,PERSONAL,W,STRAIGHT AHEAD,Y,,1,,PRIVATE,UNKNOWN,,Y,Y,Y,,,,,,,,,,,SIDE-RIGHT-FRONT,,,,,,,,,,,,,,,,,,,,,,,,,,,,,,,,,
2117923,4237494f03aed7c78df88977a29b304d3f78d77c65423708a09cfd76fa0838ef4b71b038ed39d844dd8aa2130679edcfdea222af2c36fb56ae20097f6ea0d069,07/29/2025 09:17:00 AM,1,DRIVER,,2018980,,BUICK,ENCORE,IL,2023,UNKNOWN,SPORT UTILITY VEHICLE (SUV),UNKNOWN/NA,S,STRAIGHT AHEAD,,,1,,,,,,,,,,,,,,,,,Y,UNKNOWN,,,,,,,,,,,,,,,,,,,,,,,,,,,,,,,,,
2117924,4237494f03aed7c78df88977a29b304d3f78d77c65423708a09cfd76fa0838ef4b71b038ed39d844dd8aa2130679edcfdea222af2c36fb56ae20097f6ea0d069,07/29/2025 09:17:00 AM,2,DRIVER,,2018991,,VOLKSWAGEN,TIGUAN,IL,2022,UNKNOWN,SPORT UTILITY VEHICLE (SUV),PERSONAL,S,STRAIGHT AHEAD,,,1,,,,,,,,,,,Y,,,,,,,REAR-LEFT-CORNER,,,,,,,,,,,,,,,,,,,,,,,,,,,,,,,,,
2116759,bbde76fea72ec4edbcf2aec834d124788844fb8a95975b75cd2b27408a8661ae0da89c5a9d7cd54f561a2493efd141a887deccb512c2d2ec63cc2094032f5725,07/29/2025 09:15:00 AM,1,DRIVER,,2017917,,DODGE,AVENGER,IL,2014,UNKNOWN,PASSENGER,PERSONAL,E,STRAIGHT AHEAD,,,1,,,,,,,,,,,,,,,,Y,,FRONT,,,,,,,,,,,,,,,,,,,,,,,,,,,,,,,,,
2116760,bbde76fea72ec4edbcf2aec834d124788844fb8a95975b75cd2b27408a8661ae0da89c5a9d7cd54f561a2493efd141a887deccb512c2d2ec63cc2094032f5725,07/29/2025 09:15:00 AM,2,DRIVER,,2017927,,TOYOTA,RAV4,IL,2015,UNKNOWN,SPORT UTILITY VEHICLE (SUV),PERSONAL,E,STRAIGHT AHEAD,,,1,,,,,,,,,,Y,,,,,,,,REAR,,,,,,,,,,,,,,,,,,,,,,,,,,,,,,,,,
2116769,cc4839080b9d403b51a494d2d38698421d4a7e51aa50d3006c7c7fb34d6c7460bf41c8b1ef4aa97ebb34a47e6188a9e6efd02252f33edf8487955a5c1385bfaa,07/29/2025 09:15:00 AM,1,DRIVER,,2017931,,ACURA,RLX,IL,2014,UNKNOWN,SPORT UTILITY VEHICLE (SUV),PERSONAL,W,STRAIGHT AHEAD,,,1,,,,,,,,,,,,,,,,Y,,FRONT,,,,,,,,,,,,,,,,,,,,,,,,,,,,,,,,,
2116770,cc4839080b9d403b51a494d2d38698421d4a7e51aa50d3006c7c7fb34d6c7460bf41c8b1ef4aa97ebb34a47e6188a9e6efd02252f33edf8487955a5c1385bfaa,07/29/2025 09:15:00 AM,2,DRIVER,,2017934,,KIA,FORTE,IL,2023,NONE,SPORT UTILITY VEHICLE (SUV),RIDESHARE SERVICE,W,SLOW/STOP IN TRAFFIC,,,1,,,,,,,,,,Y,,,,,,,,REAR,,,,,,,,,,,,,,,,,,,,,,,,,,,,,,,,,
2116776,1760eed28c8122b6afbdfb22dd8d0f34fc2d200f535088e3617caba37c0f393bb007707a9b55c7e8d599e677a027a39511572b28c271ce5360e91aa59a029146,07/29/2025 09:10:00 AM,1,DRIVER,,2017932,,"MACK TRUCKS, INC.","MACK TRUCKS, INC.",IL,2024,NONE,TRUCK - SINGLE UNIT,OTHER,W,TURNING LEFT,,,1,,,,Y,,,,,Y,Y,Y,,,,,,,REAR,,,,,,,,,,,,,,,,,,,,,,,,,,,,,,,,,
2116777,1760eed28c8122b6afbdfb22dd8d0f34fc2d200f535088e3617caba37c0f393bb007707a9b55c7e8d599e677a027a39511572b28c271ce5360e91aa59a029146,07/29/2025 09:10:00 AM,2,DRIVER,,2017939,,NISSAN,NV200 COMPACT CARGO,IL,2017,NONE,VAN/MINI-VAN,OTHER,W,TURNING LEFT,,,1,,,,,Y,,,,,,,,,,Y,Y,,FRONT,,,,,,,,,,,,,,,,,,,,,,,,,,,,,,,,,
2116755,20759fc9510fa8d6df1e1ddddb434508b3daaa52fce6b8e58de43aa1cc7ec3c425e42ffa3ef6c97dd71d4a876b71cc65f1633501b13adf563b0808d165784816,07/29/2025 09:09:00 AM,1,DRIVER,,2017914,,TOYOTA,RAV4,IL,2020,NONE,PASSENGER,PERSONAL,E,STRAIGHT AHEAD,,,1,,,,,,,,,,,,,,,,,Y,UNKNOWN,,,,,,,,,,,,,,,,,,,,,,,,,,,,,,,,,
2116756,20759fc9510fa8d6df1e1ddddb434508b3daaa52fce6b8e58de43aa1cc7ec3c425e42ffa3ef6c97dd71d4a876b71cc65f1633501b13adf563b0808d165784816,07/29/2025 09:09:00 AM,2,DRIVER,,2017915,,LEXUS,RX350,IL,2023,NONE,PASSENGER,PERSONAL,E,STRAIGHT AHEAD,,,1,,,,,Y,Y,,,Y,,,,,,,,,FRONT-RIGHT-CORNER,,,,,,,,,,,,,,,,,,,,,,,,,,,,,,,,,
2119419,15aae2df1882b107ce5f5960314011290026e8e66d4f3caffed693b9bedb0904a71815a30f1db33eb486974cf6ab11bc9d437cdcd646e4716684b3c95d510640,07/29/2025 09:00:00 AM,1,DRIVER,,2020445,,UNKNOWN,MOTORIZED,,,UNKNOWN,UNKNOWN/NA,UNKNOWN/NA,UNKNOWN,UNKNOWN/NA,,,1,,,,,,,,,N,,,,,,,,Y,UNKNOWN,,,,,,,,,,,,,,,,,,,,,,,,,,,,,,,,,
2119420,15aae2df1882b107ce5f5960314011290026e8e66d4f3caffed693b9bedb0904a71815a30f1db33eb486974cf6ab11bc9d437cdcd646e4716684b3c95d510640,07/29/2025 09:00:00 AM,2,PARKED,,2020452,,NISSAN,ROGUE,IL,2024,NONE,SPORT UTILITY VEHICLE (SUV),NOT IN USE,W,PARKED,,,0,,,,,,,,,Y,Y,,,,,,,,REAR-RIGHT-CORNER,,,,,,,,,,,,,,,,,,,,,,,,,,,,,,,,,
2117771,162c0b49c5591a26c29b45c1ac41a64e0426ee2f09c41b249b7c27a0d42035c1d52ee0e83351832f2b1c38c94272077de4a04f72198532a4aaba03262324257b,07/29/2025 09:00:00 AM,1,DRIVER,,2018837,,UNKNOWN,ENGINE,,,UNKNOWN,UNKNOWN/NA,UNKNOWN/NA,UNKNOWN,UNKNOWN/NA,,,1,,,,,,,,,,,,,,,,,Y,UNKNOWN,,,,,,,,,,,,,,,,,,,,,,,,,,,,,,,,,
2117772,162c0b49c5591a26c29b45c1ac41a64e0426ee2f09c41b249b7c27a0d42035c1d52ee0e83351832f2b1c38c94272077de4a04f72198532a4aaba03262324257b,07/29/2025 09:00:00 AM,2,PARKED,,2018839,,TOYOTA,SIENNA,IL,2019,UNKNOWN,VAN/MINI-VAN,PERSONAL,S,PARKED,,,0,,,,,,,,,,,,Y,Y,Y,Y,,,SIDE-LEFT,,,,,,,,,,,,,,,,,,,,,,,,,,,,,,,,,
2117673,ccc5a3e428e4db381dc04af24fb5db67bc82efab8ed46eaedc928bc5cd0b46b42394532223d12c9b2a52f82d9ed3e40c072f5f949c3138a23e07844b9eb8d332,07/29/2025 09:00:00 AM,1,DRIVER,,2018743,,FORD,EXPLORER,IL,2017,NONE,PASSENGER,PERSONAL,E,BACKING,,,1,,,,,,,,,,,,,,,,,Y,UNKNOWN,,,,,,,,,,,,,,,,,,,,,,,,,,,,,,,,,
2117674,ccc5a3e428e4db381dc04af24fb5db67bc82efab8ed46eaedc928bc5cd0b46b42394532223d12c9b2a52f82d9ed3e40c072f5f949c3138a23e07844b9eb8d332,07/29/2025 09:00:00 AM,2,PARKED,,2018749,,HONDA,CR-V,IL,2025,NONE,PASSENGER,PERSONAL,E,PARKED,,,0,,,,,Y,,,,,,,,,,,,,FRONT-RIGHT-CORNER,,,,,,,,,,,,,,,,,,,,,,,,,,,,,,,,,
2116781,2739df2318ffffe5145a208fb38a4bc7022b600ae7ac5f87a7adf3914953596f56d3025e484ff8eef5eee2b01f9680d0fa421ad73804cfac58b8fd2ff627e560,07/29/2025 08:50:00 AM,1,DRIVER,,2017938,,AUTOCAR,AUTOCAR,IL,2006,NONE,TRUCK - SINGLE UNIT,CONSTRUCTION/MAINTENANCE,E,STRAIGHT AHEAD,,,1,,,,,,,,,,,,,,,,,,UNKNOWN,,,,,,,,,,,,,,,,,,,,,,,,,,,,,,,,,
2116761,8bfce0995e4a8a48af1174c8f5d7bf9388b28d9372a76100804ec3d23493a353f70ae662ed5cdde41fe05e81a12b2767082d198c10baa1ea4d39789ab22128c2,07/29/2025 08:40:00 AM,1,DRIVER,,2017921,,HYUNDAI,KONA,IN,2024,NONE,PASSENGER,PERSONAL,S,STRAIGHT AHEAD,Y,,1,,PRIVATE TOW,UNK,,Y,Y,,,,,,,,Y,Y,Y,,FRONT,,,,,,,,,,,,,,,,,,,,,,,,,,,,,,,,,
2116762,8bfce0995e4a8a48af1174c8f5d7bf9388b28d9372a76100804ec3d23493a353f70ae662ed5cdde41fe05e81a12b2767082d198c10baa1ea4d39789ab22128c2,07/29/2025 08:40:00 AM,2,DRIVER,,2017928,,JEEP,COMPASS,IL,2018,NONE,PASSENGER,PERSONAL,N,STRAIGHT AHEAD,Y,,1,,PRIVATE TOW,UNK,,,,,,,,,,Y,Y,Y,Y,,FRONT-LEFT-CORNER,,,,,,,,,,,,,,,,,,,,,,,,,,,,,,,,,
2116809,7c1414663be5a6f5d6b38ec041ccc048e79629a34245f8ed42676bfbfe5f01c957a6d3339f78ef6abf98a060b55a2cbef7a9f01f064257528ffdf5083e0a6947,07/29/2025 08:35:00 AM,2,DRIVER,,2018021,,NOVA BUS,LFS,IL,2000,NONE,BUS OVER 15 PASS.,CTA,S,STRAIGHT AHEAD,,,1,,,,,,,,,,,Y,,,,,,,SIDE-LEFT-REAR,,,,,,,,,,,,,,,,,,,,,,,,,,,,,,,,,
2116816,7c1414663be5a6f5d6b38ec041ccc048e79629a34245f8ed42676bfbfe5f01c957a6d3339f78ef6abf98a060b55a2cbef7a9f01f064257528ffdf5083e0a6947,07/29/2025 08:35:00 AM,1,DRIVER,,2017965,,MERCEDES-BENZ,C-CLASS,IL,2017,UNKNOWN,UNKNOWN/NA,UNKNOWN/NA,S,STRAIGHT AHEAD,,,1,,,,,,,,,,,,,,,,,Y,UNKNOWN,,,,,,,,,,,,,,,,,,,,,,,,,,,,,,,,,
2123258,bf28cc2525d1810a9787aefd9829e6670930ed0832ab2a74636aacb692ab317b92f8a254f32a13ed030b2addfcdcc3d84d83bc33d472dff960101bfaea16515d,07/29/2025 08:35:00 AM,1,DRIVER,1,2024111,,KIA,SORENTO,IL,2011,NONE,PASSENGER,PERSONAL,S,STRAIGHT AHEAD,,,2,,,,,Y,Y,,,,,,,,N,N,Y,,FRONT-RIGHT-CORNER,,,,,,,,,,,,,,,,,,,,,,,,,,,,,,,,,
2123259,bf28cc2525d1810a9787aefd9829e6670930ed0832ab2a74636aacb692ab317b92f8a254f32a13ed030b2addfcdcc3d84d83bc33d472dff960101bfaea16515d,07/29/2025 08:35:00 AM,2,DRIVER,,2024112,,TOYOTA,CAMRY,IL,2025,NONE,PASSENGER,PERSONAL,E,STRAIGHT AHEAD,,,1,,,,,,,,,,,,,,Y,Y,Y,,FRONT-LEFT-CORNER,,,,,,,,,,,,,,,,,,,,,,,,,,,,,,,,,
2116757,31d35954dd356779b7701713bdafd9f586bd2a63fd65fecd5fe715b1a8fff7a5ed5e014065549e22de56cf07b28dde70cb10784eaaf554d4bba3a84db27d1b0f,07/29/2025 08:33:00 AM,1,DRIVER,,2017916,,BMW,X3,IL,2024,NONE,PASSENGER,PERSONAL,E,STRAIGHT AHEAD,,,1,,,,,,,,,,,Y,,,,,,,REAR-LEFT-CORNER,,,,,,,,,,,,,,,,,,,,,,,,,,,,,,,,,
2116758,31d35954dd356779b7701713bdafd9f586bd2a63fd65fecd5fe715b1a8fff7a5ed5e014065549e22de56cf07b28dde70cb10784eaaf554d4bba3a84db27d1b0f,07/29/2025 08:33:00 AM,2,DRIVER,,2017919,,NEW FLYER,D40LF,IL,2006,NONE,BUS OVER 15 PASS.,OTHER,S,STRAIGHT AHEAD,,,1,,,,,Y,,,,,,,,,,,,,FRONT-RIGHT-CORNER,,,,,,,,,,,,,,,,,,,,,,,,,,,,,,,,,
2120246,d062e720f20e57a6e16f1f5ce8fc2136c7ead8373c02f404f502be2fa53bdfddb413afe2c7317bc11956483c00896dee3e176aaf9c6255cbeddc34a4ee0a1077,07/29/2025 08:30:00 AM,2,PARKED,,2021249,,VOLKSWAGEN,ATLAS,IL,2019,UNKNOWN,PASSENGER,PERSONAL,UNKNOWN,PARKED,,,0,,,,,,,,,,,Y,,,,,,,REAR-LEFT-CORNER,,,,,,,,,,,,,,,,,,,,,,,,,,,,,,,,,
2120262,d062e720f20e57a6e16f1f5ce8fc2136c7ead8373c02f404f502be2fa53bdfddb413afe2c7317bc11956483c00896dee3e176aaf9c6255cbeddc34a4ee0a1077,07/29/2025 08:30:00 AM,1,DRIVER,,2021239,,CHEVROLET,MALIBU,IL,2013,UNKNOWN,PASSENGER,PERSONAL,UNKNOWN,UNKNOWN/NA,,,1,,,,,,,,Y,Y,N,,,,,,,,UNKNOWN,,,,,,,,,,,,,,,,,,,,,,,,,,,,,,,,,