CRASH_UNIT_ID,CRASH_RECORD_ID,CRASH_DATE,UNIT_NO,UNIT_TYPE,NUM_PASSENGERS,VEHICLE_ID,CMRC_VEH_I,MAKE,MODEL,LIC_PLATE_STATE,VEHICLE_YEAR,VEHICLE_DEFECT,VEHICLE_TYPE,VEHICLE_USE,TRAVEL_DIRECTION,MANEUVER,TOWED_I,FIRE_I,OCCUPANT_CNT,EXCEED_SPEED_LIMIT_I,TOWED_BY,TOWED_TO,AREA_00_I,AREA_01_I,AREA_02_I,AREA_03_I,AREA_04_I,AREA_05_I,AREA_06_I,AREA_07_I,AREA_08_I,AREA_09_I,AREA_10_I,AREA_11_I,AREA_12_I,AREA_99_I,FIRST_CONTACT_POINT,CMV_ID,USDOT_NO,CCMC_NO,ILCC_NO,COMMERCIAL_SRC,GVWR,CARRIER_NAME,CARRIER_STATE,CARRIER_CITY,HAZMAT_PLACARDS_I,HAZMAT_NAME,UN_NO,HAZMAT_PRESENT_I,HAZMAT_REPORT_I,HAZMAT_REPORT_NO,MCS_REPORT_I,MCS_REPORT_NO,HAZMAT_VIO_CAUSE_CRASH_I,MCS_VIO_CAUSE_CRASH_I,IDOT_PERMIT_NO,WIDE_LOAD_I,TRAILER1_WIDTH,TRAILER2_WIDTH,TRAILER1_LENGTH,TRAILER2_LENGTH,TOTAL_VEHICLE_LENGTH,AXLE_CNT,VEHICLE_CONFIG,CARGO_BODY_TYPE,LOAD_TYPE,HAZMAT_OUT_OF_SERVICE_I,MCS_OUT_OF_SERVICE_I,HAZMAT_CLASS
2116749,6b32d1a353430ba4cdede115f8b308c5eea8f7f13a1732165d69093b7df8415c95e1d531f43dd2b5185de33dd8931455c275c6fc0b46a9e2e45d383712c913ce,07/29/2025 08:24:00 AM,1,DRIVER,1,2017905,,CHRYSLER,300,IL,2015,UNKNOWN,PASSENGER,PERSONAL,N,STRAIGHT AHEAD,,,2,,,,,Y,Y,,N,,,,,,Y,Y,Y,,FRONT-LEFT-CORNER,,,,,,,,,,,,,,,,,,,,,,,,,,,,,,,,,
2116750,6b32d1a353430ba4cdede115f8b308c5eea8f7f13a1732165d69093b7df8415c95e1d531f43dd2b5185de33dd8931455c275c6fc0b46a9e2e45d383712c913ce,07/29/2025 08:24:00 AM,2,PARKED,,2017911,,HONDA,PILOT,IL,2021,NONE,PICKUP,PERSONAL,N,PARKED,,,0,,,,,,,,,,Y,Y,Y,,,,,,REAR-LEFT-CORNER,,,,,,,,,,,,,,,,,,,,,,,,,,,,,,,,,
2116767,8ed787db36fc146858f7eb664f67ac67090901e4a942de15e8287637c634263d2d16806bbe9f19c54cf94874a126bd0a4e0c6c6f07f1e23e7f099f59e116d361,07/29/2025 08:15:00 AM,1,DRIVER,,2017926,,JEEP,JEEP,,,UNKNOWN,PASSENGER,PERSONAL,E,STRAIGHT AHEAD,,,1,,,,,,,,,,,,,,Y,Y,,,FRONT-LEFT-CORNER,,,,,,,,,,,,,,,,,,,,,,,,,,,,,,,,,
2116768,8ed787db36fc146858f7eb664f67ac67090901e4a942de15e8287637c634263d2d16806bbe9f19c54cf94874a126bd0a4e0c6c6f07f1e23e7f099f59e116d361,07/29/2025 08:15:00 AM,2,DRIVER,,2017930,,TOYOTA,CAMRY,IL,2025,UNKNOWN,PASSENGER,PERSONAL,E,STRAIGHT AHEAD,,,1,,,,,Y,Y,Y,,,,,,,,,,,SIDE-RIGHT-FRONT,,,,,,,,,,,,,,,,,,,,,,,,,,,,,,,,,
2116745,989edc5532bcd2365bfcab2575fb473b3ab08a66fe898b42bb6d026ccc21950787e19d0a1c00f804268037f4d690cbf50e6682dcd53190f85d537871301e4026,07/29/2025 08:10:00 AM,1,NON-MOTOR VEHICLE,,,,,,,,,,,,,,,,,,,,,,,,,,,,,,,,,,,,,,,,,,,,,,,,,,,,,,,,,,,,,,,,,,
2116746,989edc5532bcd2365bfcab2575fb473b3ab08a66fe898b42bb6d026ccc21950787e19d0a1c00f804268037f4d690cbf50e6682dcd53190f85d537871301e4026,07/29/2025 08:10:00 AM,2,DRIVER,,2017909,,TOYOTA,RAV4,IL,2021,UNKNOWN,PASSENGER,PERSONAL,N,STRAIGHT AHEAD,,,1,,,,,,,,,,,,,,Y,Y,,Y,SIDE-LEFT,,,,,,,,,,,,,,,,,,,,,,,,,,,,,,,,,
2116732,a9e15f552ebb697234f26a1a63f6e9ad79a4ae7a4a34c1b206cb3a74d77214c56d23c8a8b8fc1913d789ec9eaae364beaffc6610ed5758974056a5e618fdda09,07/29/2025 08:10:00 AM,1,DRIVER,,2017901,,MITSUBISHI,OUTLANDER,IL,2016,NONE,PASSENGER,PERSONAL,N,STRAIGHT AHEAD,,,1,,,,,Y,,,,,,,,,,,,,FRONT,,,,,,,,,,,,,,,,,,,,,,,,,,,,,,,,,
2116742,a9e15f552ebb697234f26a1a63f6e9ad79a4ae7a4a34c1b206cb3a74d77214c56d23c8a8b8fc1913d789ec9eaae364beaffc6610ed5758974056a5e618fdda09,07/29/2025 08:10:00 AM,2,PARKED,,2017902,,HONDA,CIVIC,IL,,NONE,PASSENGER,NOT IN USE,N,PARKED,,,0,,,,,,,,,,Y,,,,,,,,REAR,,,,,,,,,,,,,,,,,,,,,,,,,,,,,,,,,
2116842,fd69586f96504e4acb7859d765658573883fe3e9ed29e6cd832310522c4700f46ed7845f81a02b3acba47827fa0a289043c116d6a8d55975456799f8d36678d2,07/29/2025 08:05:00 AM,1,DRIVER,,2018000,Y,"MACK TRUCKS, INC.",OTHER (EXPLAIN IN NARRATIVE),IL,2026,NONE,TRACTOR W/ SEMI-TRAILER,CONSTRUCTION/MAINTENANCE,N,STRAIGHT AHEAD,,,1,,,,,Y,,,,,,,,,,Y,Y,,FRONT,"21,910",1762064,644129,,DRIVER,,VCNA PRAIRIE LLC -FIRMED OWNED,IL,BRIDGEVIEW,,,,N,N,,N,,N,N,1762064,,,,,,,,TRACTOR/SEMI-TRAILER,,CONSTRUCTION EQUIPMENT,N,N,
2116843,fd69586f96504e4acb7859d765658573883fe3e9ed29e6cd832310522c4700f46ed7845f81a02b3acba47827fa0a289043c116d6a8d55975456799f8d36678d2,07/29/2025 08:05:00 AM,2,DRIVER,,2018018,,FORD,EXPLORER,IL,2023,NONE,PASSENGER,UNKNOWN/NA,N,SLOW/STOP IN TRAFFIC,Y,,1,,PRIVATE TOW,UNKNOWN,,,,,,Y,Y,Y,,,,,,,REAR,,,,,,,,,,,,,,,,,,,,,,,,,,,,,,,,,
2116905,fd69586f96504e4acb7859d765658573883fe3e9ed29e6cd832310522c4700f46ed7845f81a02b3acba47827fa0a289043c116d6a8d55975456799f8d36678d2,07/29/2025 08:05:00 AM,3,DRIVER,,2018051,,HONDA,CIVIC,IN,,UNKNOWN,UNKNOWN/NA,UNKNOWN/NA,N,SLOW/STOP IN TRAFFIC,,,1,,,,Y,,,,,,,,,,,,,,REAR,,,,,,,,,,,,,,,,,,,,,,,,,,,,,,,,,
2118436,18f3f93ec49093a34426ea7c633d89ef126cfd9ed7a63c0eac9dacfed647309447f3b068176b24b83b31f9cc822cff24996fed1695444109029d59edb80e6915,07/29/2025 08:00:00 AM,1,DRIVER,,2019472,,TOYOTA,RAV4,IL,2022,UNKNOWN,SPORT UTILITY VEHICLE (SUV),PERSONAL,UNKNOWN,ENTERING TRAFFIC LANE FROM PARKING,,,1,,,,,,Y,Y,Y,,,,,,,,,,SIDE-RIGHT,,,,,,,,,,,,,,,,,,,,,,,,,,,,,,,,,
2118437,18f3f93ec49093a34426ea7c633d89ef126cfd9ed7a63c0eac9dacfed647309447f3b068176b24b83b31f9cc822cff24996fed1695444109029d59edb80e6915,07/29/2025 08:00:00 AM,2,DRIVERLESS,,2019473,,CHEVROLET,CORVETTE,IL,2017,NONE,PASSENGER,PERSONAL,E,PARKED,,,0,,,,,,,,,,,,,,,,,,FRONT-LEFT-CORNER,,,,,,,,,,,,,,,,,,,,,,,,,,,,,,,,,
2116751,2ea256eaa36148d307db2657493f3be0f81d33fd7027ca7ad6d3d00c3b535c1207306c82eaa5616982183ef63e7ec56a9c5d95403baaf4c466f6da72f4fc0fc6,07/29/2025 07:45:00 AM,1,DRIVER,,2017910,,TOYOTA,COROLLA,IL,2017,NONE,PASSENGER,PERSONAL,E,MERGING,,,1,,,,,Y,Y,,,,,Y,Y,Y,Y,,Y,,SIDE-RIGHT,,,,,,,,,,,,,,,,,,,,,,,,,,,,,,,,,
2116752,2ea256eaa36148d307db2657493f3be0f81d33fd7027ca7ad6d3d00c3b535c1207306c82eaa5616982183ef63e7ec56a9c5d95403baaf4c466f6da72f4fc0fc6,07/29/2025 07:45:00 AM,2,DRIVER,,2017913,,LEXUS,RX350,IL,2013,NONE,SPORT UTILITY VEHICLE (SUV),PERSONAL,E,STRAIGHT AHEAD,,,1,,,,,,,,,,,Y,,,,N,,,SIDE-LEFT,,,,,,,,,,,,,,,,,,,,,,,,,,,,,,,,,
2116713,51a848d70792f7fd22afba026ab9c3a293c1776dbbd8638f4d5c8e9166d28f25b85fdb97135bfc7b368e9193d87c2e849832bd229d55ba9d15eb7c8eb5cdad1f,07/29/2025 07:45:00 AM,1,DRIVER,,2017884,,UNKNOWN,MOTORIZED,,,UNKNOWN,PASSENGER,PERSONAL,N,STRAIGHT AHEAD,,,1,,,,,,,,,,,,,,,,Y,,FRONT,,,,,,,,,,,,,,,,,,,,,,,,,,,,,,,,,
2116714,51a848d70792f7fd22afba026ab9c3a293c1776dbbd8638f4d5c8e9166d28f25b85fdb97135bfc7b368e9193d87c2e849832bd229d55ba9d15eb7c8eb5cdad1f,07/29/2025 07:45:00 AM,2,DRIVER,,2017888,,CHEVROLET,SILVERADO,IL,2023,UNKNOWN,PASSENGER,PERSONAL,N,STRAIGHT AHEAD,,,1,,,,,,,,,Y,,Y,,,,,,,REAR,,,,,,,,,,,,,,,,,,,,,,,,,,,,,,,,,
2116739,33aba07a30f4c2b06242160c1818e600bb92001e6e1614851167efd17553e923601515453044ef424405ce9db87efce092cb942a8ee2cc6e2455babab21e0577,07/29/2025 07:40:00 AM,1,DRIVER,1,2017896,,HONDA,CR-V,IL,2014,NONE,SPORT UTILITY VEHICLE (SUV),PERSONAL,N,STRAIGHT AHEAD,,,2,,,,,Y,,,,,,,,,,Y,Y,,FRONT,,,,,,,,,,,,,,,,,,,,,,,,,,,,,,,,,
2116740,33aba07a30f4c2b06242160c1818e600bb92001e6e1614851167efd17553e923601515453044ef424405ce9db87efce092cb942a8ee2cc6e2455babab21e0577,07/29/2025 07:40:00 AM,2,DRIVER,1,2017903,,TOYOTA,COROLLA,IL,2007,NONE,PASSENGER,PERSONAL,N,SLOW/STOP IN TRAFFIC,,,2,,,,,Y,,,,Y,Y,Y,,,,Y,Y,,REAR,,,,,,,,,,,,,,,,,,,,,,,,,,,,,,,,,
2116741,33aba07a30f4c2b06242160c1818e600bb92001e6e1614851167efd17553e923601515453044ef424405ce9db87efce092cb942a8ee2cc6e2455babab21e0577,07/29/2025 07:40:00 AM,3,DRIVER,,2017906,,SUBARU,CROSSTREK,IL,2025,NONE,SPORT UTILITY VEHICLE (SUV),PERSONAL,N,SLOW/STOP IN TRAFFIC,,,1,,,,,,,,,Y,Y,Y,,,,,,,REAR,,,,,,,,,,,,,,,,,,,,,,,,,,,,,,,,,
2116727,606df7b225d73cc1044c2e31c18e4a4ee7e0704f9070972771afaa94cd65fb7117bfa3adb1731c31dcc1673dd756afcdd426fb04301459111e6ece64933b74f8,07/29/2025 07:40:00 AM,1,DRIVER,,2017890,,FORD,FUSION,IL,2010,UNKNOWN,PASSENGER,PERSONAL,NW,ENTERING TRAFFIC LANE FROM PARKING,,,1,,,,,,,,,,,,,,Y,Y,,,FRONT-LEFT-CORNER,,,,,,,,,,,,,,,,,,,,,,,,,,,,,,,,,
2116728,606df7b225d73cc1044c2e31c18e4a4ee7e0704f9070972771afaa94cd65fb7117bfa3adb1731c31dcc1673dd756afcdd426fb04301459111e6ece64933b74f8,07/29/2025 07:40:00 AM,2,DRIVER,,2017898,,TOYOTA,RAV4,FL,2019,UNKNOWN,SPORT UTILITY VEHICLE (SUV),PERSONAL,N,STRAIGHT AHEAD,Y,,1,,PRIVATE,PRIVATE,,Y,Y,,,,,,,,,,,,FRONT-RIGHT-CORNER,,,,,,,,,,,,,,,,,,,,,,,,,,,,,,,,,
2116747,c4bb5039343ea9b6dd5aa91b848bd5f1d05b191af6960c3eece882fde464929a911616f8a61549ab4795af85c3bc5be1a055315b9a754330e9cfeadf22e52def,07/29/2025 07:35:00 AM,1,DRIVER,,2017904,,HONDA,CIVIC,TX,2012,UNKNOWN,PASSENGER,UNKNOWN/NA,N,STRAIGHT AHEAD,,,1,,,,,Y,,,,,,,,,,Y,Y,,FRONT,,,,,,,,,,,,,,,,,,,,,,,,,,,,,,,,,
2116748,c4bb5039343ea9b6dd5aa91b848bd5f1d05b191af6960c3eece882fde464929a911616f8a61549ab4795af85c3bc5be1a055315b9a754330e9cfeadf22e52def,07/29/2025 07:35:00 AM,2,DRIVER,1,2017908,,NISSAN,ROGUE,IL,2020,UNKNOWN,PASSENGER,UNKNOWN/NA,N,SLOW/STOP IN TRAFFIC,,,2,,,,,,,,,,Y,Y,,,,,,,REAR,,,,,,,,,,,,,,,,,,,,,,,,,,,,,,,,,
2116721,03db8a7c62c337b760457abfabbef304b9a5f1a01076119509495428eccbc4e19723b6c46a5321c36268f8998d757f1477253a85b5ffc41529791ae94da5d66e,07/29/2025 07:30:00 AM,1,DRIVER,,2017886,,HYUNDAI,ELANTRA,IL,2018,UNKNOWN,PASSENGER,UNKNOWN/NA,W,TURNING RIGHT,,,1,,,,,,,,,,,,,,Y,Y,,,SIDE-LEFT-FRONT,,,,,,,,,,,,,,,,,,,,,,,,,,,,,,,,,
2116722,03db8a7c62c337b760457abfabbef304b9a5f1a01076119509495428eccbc4e19723b6c46a5321c36268f8998d757f1477253a85b5ffc41529791ae94da5d66e,07/29/2025 07:30:00 AM,2,DRIVER,,2017895,,KIA,SOUL,FL,2024,UNKNOWN,PASSENGER,UNKNOWN/NA,W,TURNING RIGHT,,,1,,,,,,,Y,Y,,,,,,,,,,SIDE-RIGHT,,,,,,,,,,,,,,,,,,,,,,,,,,,,,,,,,
2116925,353783e5539113cefe9578267d40e65e8230367bfc677baa0756dfb03f76c53e5c0c12c440fe309490d5128aa5311a6c494704d5eddf30355a0f1d9eb2e21492,07/29/2025 07:30:00 AM,1,DRIVER,,2018072,,UNKNOWN,OTHER (EXPLAIN IN NARRATIVE),,,UNKNOWN,PASSENGER,PERSONAL,S,UNKNOWN/NA,,,1,,,,,Y,Y,Y,,,,,,,,,,,SIDE-RIGHT,,,,,,,,,,,,,,,,,,,,,,,,,,,,,,,,,
2116926,353783e5539113cefe9578267d40e65e8230367bfc677baa0756dfb03f76c53e5c0c12c440fe309490d5128aa5311a6c494704d5eddf30355a0f1d9eb2e21492,07/29/2025 07:30:00 AM,2,PARKED,,2018075,,CHEVROLET,SILVERADO,IL,2020,NONE,PICKUP,NOT IN USE,S,PARKED,,,0,,,,,,,,,,,,Y,Y,Y,Y,,,SIDE-LEFT,,,,,,,,,,,,,,,,,,,,,,,,,,,,,,,,,
2116736,7e1009ab68be95ffc0739dbc82db4522a63c6e0ec52c035e95d0d9c3903fc8c3996f7165a9d5726d1fe7f15e3d46d5adf28bd194de84a34c66658c3c528160e5,07/29/2025 07:30:00 AM,1,DRIVER,,2017897,,MAZDA,CX-3,IL,2012,NONE,PASSENGER,UNKNOWN/NA,S,TURNING LEFT,,,1,,,,,Y,,,,,,,,,,Y,Y,,FRONT,,,,,,,,,,,,,,,,,,,,,,,,,,,,,,,,,
2116737,7e1009ab68be95ffc0739dbc82db4522a63c6e0ec52c035e95d0d9c3903fc8c3996f7165a9d5726d1fe7f15e3d46d5adf28bd194de84a34c66658c3c528160e5,07/29/2025 07:30:00 AM,2,DRIVER,,2017900,,HONDA,ACCORD,IL,1997,NONE,PASSENGER,PERSONAL,W,STRAIGHT AHEAD,,,1,,,,,,,Y,Y,N,,,,,,,,,SIDE-RIGHT-REAR,,,,,,,,,,,,,,,,,,,,,,,,,,,,,,,,,
2116696,b0cf367b07399a310cba0a903468e7f89215088f7153453c648f6268fb91907ee0931c7a1325591475fc8da75615b137febdf43cd5df89eb4c154c28f470da37,07/29/2025 07:25:00 AM,1,DRIVER,,2017866,,MAZDA,CX-7,IN,2008,UNKNOWN,SPORT UTILITY VEHICLE (SUV),PERSONAL,N,STRAIGHT AHEAD,,,1,,,,,,,,,,,,,,,,Y,,FRONT,,,,,,,,,,,,,,,,,,,,,,,,,,,,,,,,,
2116697,b0cf367b07399a310cba0a903468e7f89215088f7153453c648f6268fb91907ee0931c7a1325591475fc8da75615b137febdf43cd5df89eb4c154c28f470da37,07/29/2025 07:25:00 AM,2,DRIVER,,2017867,,HONDA,ACCORD,IL,2009,UNKNOWN,PASSENGER,PERSONAL,N,STRAIGHT AHEAD,,,1,,,,,,,,,,Y,,,,,,,,REAR,,,,,,,,,,,,,,,,,,,,,,,,,,,,,,,,,
2116706,219910093841c1f9bcc2c9a31445bc5ceef8562b5f27e0b1391d87c5444bc5c05794b25723d51be63b60004d46b262f85bfa81a02447d0a7db369ca2265ed87d,07/29/2025 07:20:00 AM,1,DRIVER,,2017875,,NISSAN,ROGUE,IL,2019,NONE,SPORT UTILITY VEHICLE (SUV),PERSONAL,N,CHANGING LANES,,,1,,,,,Y,Y,,,,,,,,,,,,FRONT-RIGHT-CORNER,,,,,,,,,,,,,,,,,,,,,,,,,,,,,,,,,
2116707,219910093841c1f9bcc2c9a31445bc5ceef8562b5f27e0b1391d87c5444bc5c05794b25723d51be63b60004d46b262f85bfa81a02447d0a7db369ca2265ed87d,07/29/2025 07:20:00 AM,2,DRIVER,1,2017872,,KIA,FORTE,IL,2024,NONE,PASSENGER,PERSONAL,N,STRAIGHT AHEAD,,,2,,,,,,,,,,,,,,Y,Y,,,FRONT-LEFT-CORNER,,,,,,,,,,,,,,,,,,,,,,,,,,,,,,,,,
2116717,f924e3e3eba85fb3b179ea4cc0b9f2b0b5c409969f48a9e47162ebacc8c17732548c4378f2b5341e8f066751bc75030c2e3616585bd8e8ce427a2944aed04278,07/29/2025 07:20:00 AM,1,DRIVER,,2017883,,NISSAN,ROGUE,IL,2010,NONE,PASSENGER,PERSONAL,N,STRAIGHT AHEAD,,,1,,,,,,,,,,,,,,,,Y,,FRONT,,,,,,,,,,,,,,,,,,,,,,,,,,,,,,,,,
2116718,f924e3e3eba85fb3b179ea4cc0b9f2b0b5c409969f48a9e47162ebacc8c17732548c4378f2b5341e8f066751bc75030c2e3616585bd8e8ce427a2944aed04278,07/29/2025 07:20:00 AM,2,DRIVER,1,2017889,N,CHEVROLET,VAN,IL,2016,NONE,VAN/MINI-VAN,CONSTRUCTION/MAINTENANCE,N,STRAIGHT AHEAD,,,2,,,,,,,,,,Y,,,,,,,,REAR,,,,,,,,,,,,,,,,,,,,,,,,,,,,,,,,,
2116729,2e872624c308dc6ff727553ce1d354aa36baec6d81df9cc83b9fde91cf4db50675ee7dc814bf34966a483a77ef59c912f76d238117c04e89211b9894d63b8382,07/29/2025 07:15:00 AM,1,DRIVER,,2017887,,GENERAL MOTORS CORPORATION (GMC),SIERRA,IL,2019,UNKNOWN,PICKUP,PERSONAL,N,U-TURN,,,1,,,,,,,,,,,,,,,,,Y,UNDER CARRIAGE,,,,,,,,,,,,,,,,,,,,,,,,,,,,,,,,,
2116712,69cf253bdd24f5057aa4e94dc4d820bbd04107547e41bacf7c38e9de14c5e52ee03f7d999e300583893d0f8b016c9930a07b7f4b6a59a0e2d5343ead2903297c,07/29/2025 07:10:00 AM,1,DRIVER,,2017878,,CHEVROLET,MALIBU,IL,2018,NONE,PASSENGER,PERSONAL,N,OTHER,Y,,1,,,,,Y,Y,Y,,,,,,,,Y,Y,,FRONT-RIGHT-CORNER,,,,,,,,,,,,,,,,,,,,,,,,,,,,,,,,,
2118151,4a55ff7c0694cf71032ea0447e9fc4fc8a7f64acf4531631638609a58a2c011b1cd6501d976a5c2665b0efd91e21b14a7277ffb4334227abd66cab4ffcdf78b6,07/29/2025 07:00:00 AM,1,DRIVER,,2019210,,UNKNOWN,OTHER (EXPLAIN IN NARRATIVE),,,NONE,UNKNOWN/NA,UNKNOWN/NA,N,PASSING/OVERTAKING,,,1,,,,,,,,,,,,,,,,,Y,UNKNOWN,,,,,,,,,,,,,,,,,,,,,,,,,,,,,,,,,
2118152,4a55ff7c0694cf71032ea0447e9fc4fc8a7f64acf4531631638609a58a2c011b1cd6501d976a5c2665b0efd91e21b14a7277ffb4334227abd66cab4ffcdf78b6,07/29/2025 07:00:00 AM,2,PARKED,,2019212,,DODGE,RAM 1500 PU,IL,2011,NONE,PICKUP,PERSONAL,N,PARKED,,,0,,,,,Y,Y,,,,,,,,,,,,FRONT-RIGHT-CORNER,,,,,,,,,,,,,,,,,,,,,,,,,,,,,,,,,
2120965,91e6ca28e667efa4a91042ff1dbd3cf598ef0d33566e1e1371e5db7b60fd9c46458e02df869abc8b9f97ccb5d5bf28da0554ee9aee16d616e89ff6a884d5b0b4,07/29/2025 07:00:00 AM,1,DRIVER,,2021914,,SUBARU,FORESTER,IL,2022,UNKNOWN,SPORT UTILITY VEHICLE (SUV),PERSONAL,W,PASSING/OVERTAKING,,,1,,,,,,,N,N,N,,,Y,Y,,,,,SIDE-LEFT,,,,,,,,,,,,,,,,,,,,,,,,,,,,,,,,,
2120966,91e6ca28e667efa4a91042ff1dbd3cf598ef0d33566e1e1371e5db7b60fd9c46458e02df869abc8b9f97ccb5d5bf28da0554ee9aee16d616e89ff6a884d5b0b4,07/29/2025 07:00:00 AM,2,DRIVER,,2021918,,TOYOTA,PRIUS,IL,2013,NONE,PASSENGER,TAXI/FOR HIRE,W,STRAIGHT AHEAD,,,1,,,,,,Y,Y,,,,,,,,,,,SIDE-RIGHT-FRONT,,,,,,,,,,,,,,,,,,,,,,,,,,,,,,,,,
2116710,e49e4f04383b74b53484bd0338a57f36d0423e6d9feaa997ffa772e2c87841b447b7b60d1fd9c8529281467cc4dbb5dff61841e498245167f590c85dce024f0b,07/29/2025 07:00:00 AM,1,DRIVER,2,2017882,,ATLAS,ATLAS,IL,2018,UNKNOWN,OTHER,UNKNOWN/NA,N,STRAIGHT AHEAD,,,3,,,,,,,Y,Y,Y,,,,,,,,,SIDE-RIGHT-REAR,,,,,,,,,,,,,,,,,,,,,,,,,,,,,,,,,
2116711,e49e4f04383b74b53484bd0338a57f36d0423e6d9feaa997ffa772e2c87841b447b7b60d1fd9c8529281467cc4dbb5dff61841e498245167f590c85dce024f0b,07/29/2025 07:00:00 AM,2,PARKED,,2017877,,GENERAL MOTORS CORPORATION (GMC),SIERRA,IL,2022,UNKNOWN,TRUCK - SINGLE UNIT,UNKNOWN/NA,N,PARKED,,,0,,,,,,,,,,,,,Y,Y,Y,,,SIDE-LEFT,,,,,,,,,,,,,,,,,,,,,,,,,,,,,,,,,
2116719,a02d82cc1badfd1ffd199ea0f86899f5bd380e7ab5c20a182ce7f3782e895f300648f47620fe4ed7cb04d576b5a7a67713a6bb80d65c14e1d78f1e167df56577,07/29/2025 06:48:00 AM,1,DRIVER,,2017892,,UNKNOWN,OTHER (EXPLAIN IN NARRATIVE),,,UNKNOWN,PASSENGER,UNKNOWN/NA,SE,TURNING RIGHT,,,1,,,,,,,,,,,,,,,,,Y,REAR-RIGHT-CORNER,,,,,,,,,,,,,,,,,,,,,,,,,,,,,,,,,
2116720,a02d82cc1badfd1ffd199ea0f86899f5bd380e7ab5c20a182ce7f3782e895f300648f47620fe4ed7cb04d576b5a7a67713a6bb80d65c14e1d78f1e167df56577,07/29/2025 06:48:00 AM,2,BICYCLE,,,,,,,,,,,,,,,,,,,,,,,,,,,,,,,,,,,,,,,,,,,,,,,,,,,,,,,,,,,,,,,,,,
2116698,14ded4a2a9848ce183c30873e8abdb8cf7c125fb22302048967631173c60cee417b2d505cc1154d75323b48f193451db35428880d13f397ea8b72593198a21d0,07/29/2025 06:30:00 AM,1,DRIVER,,2017868,,TOYOTA,OTHER (EXPLAIN IN NARRATIVE),IL,2017,NONE,PASSENGER,UNKNOWN/NA,S,STRAIGHT AHEAD,,,1,,,,,Y,Y,Y,Y,Y,,,,,,,,,SIDE-RIGHT,,,,,,,,,,,,,,,,,,,,,,,,,,,,,,,,,
2116699,14ded4a2a9848ce183c30873e8abdb8cf7c125fb22302048967631173c60cee417b2d505cc1154d75323b48f193451db35428880d13f397ea8b72593198a21d0,07/29/2025 06:30:00 AM,2,DRIVER,,2017873,N,NEW FLYER,OTHER (EXPLAIN IN NARRATIVE),IL,2007,NONE,BUS OVER 15 PASS.,CTA,S,STRAIGHT AHEAD,,,1,,,,,,,,,,,Y,Y,N,,,,,SIDE-LEFT-REAR,,,,,,,,,,,,,,,,,,,,,,,,,,,,,,,,,
2116704,57b8a77b7870800d413ea181b9351d0cd62b356ab4d3763326c51fcf4a648e7aebca7220c704aac083f3ea0508540a74455d935af04912265321506e1ee9e3ae,07/29/2025 06:15:00 AM,1,DRIVER,,2017870,,FREIGHTLINER CORPORATION,FREIGHTLINER CORP.,IN,2022,NONE,TRACTOR W/ SEMI-TRAILER,OTHER,SW,TURNING LEFT,,,1,,,,Y,,,,,,,,,,,,,,REAR-LEFT-CORNER,,,,,,,,,,,,,,,,,,,,,,,,,,,,,,,,,
2116705,57b8a77b7870800d413ea181b9351d0cd62b356ab4d3763326c51fcf4a648e7aebca7220c704aac083f3ea0508540a74455d935af04912265321506e1ee9e3ae,07/29/2025 06:15:00 AM,2,DRIVER,,2017879,,CHEVROLET,EQUINOX,IL,2019,NONE,SPORT UTILITY VEHICLE (SUV),PERSONAL,N,STRAIGHT AHEAD,,,1,,,,,,,,,,,Y,,,,,,,REAR-LEFT-CORNER,,,,,,,,,,,,,,,,,,,,,,,,,,,,,,,,,
2117380,4094e0b40ea6fd2e2683c8086dda8fdfc3a5bbf71f118650136ed8c36254e70acff3584e2befd9b23bfbf1a5df81c923c3d6b6ca459ed0b554bf62c04322b26c,07/29/2025 06:00:00 AM,1,DRIVER,,2018465,,HONDA,CR-V,IL,2006,NONE,PASSENGER,PERSONAL,W,LEAVING TRAFFIC LANE TO PARK,,,1,,,,,,,,,,,,,,,,,Y,UNKNOWN,,,,,,,,,,,,,,,,,,,,,,,,,,,,,,,,,
2117381,4094e0b40ea6fd2e2683c8086dda8fdfc3a5bbf71f118650136ed8c36254e70acff3584e2befd9b23bfbf1a5df81c923c3d6b6ca459ed0b554bf62c04322b26c,07/29/2025 06:00:00 AM,2,PARKED,,2018468,,CHEVROLET,EQUINOX,IL,2022,NONE,PASSENGER,PERSONAL,W,PARKED,,,0,,,,,,,,,,,,,,,Y,Y,,FRONT,,,,,,,,,,,,,,,,,,,,,,,,,,,,,,,,,
2117148,955b7cb9f7cbcd3afe002406b4d054d294c7159e913044ad88a6b113546276ac8f20e7f5207b3746d9be412c1db68df83060aa9b57abfc9625174e0d054ab149,07/29/2025 06:00:00 AM,1,DRIVER,,2018274,,FORD,FUSION,,,UNKNOWN,PASSENGER,PERSONAL,S,TURNING LEFT,,,1,,,,,,,,,,,,,,,,,,FRONT,,,,,,,,,,,,,,,,,,,,,,,,,,,,,,,,,