CRASH_UNIT_ID,CRASH_RECORD_ID,CRASH_DATE,UNIT_NO,UNIT_TYPE,NUM_PASSENGERS,VEHICLE_ID,CMRC_VEH_I,MAKE,MODEL,LIC_PLATE_STATE,VEHICLE_YEAR,VEHICLE_DEFECT,VEHICLE_TYPE,VEHICLE_USE,TRAVEL_DIRECTION,MANEUVER,TOWED_I,FIRE_I,OCCUPANT_CNT,EXCEED_SPEED_LIMIT_I,TOWED_BY,TOWED_TO,AREA_00_I,AREA_01_I,AREA_02_I,AREA_03_I,AREA_04_I,AREA_05_I,AREA_06_I,AREA_07_I,AREA_08_I,AREA_09_I,AREA_10_I,AREA_11_I,AREA_12_I,AREA_99_I,FIRST_CONTACT_POINT,CMV_ID,USDOT_NO,CCMC_NO,ILCC_NO,COMMERCIAL_SRC,GVWR,CARRIER_NAME,CARRIER_STATE,CARRIER_CITY,HAZMAT_PLACARDS_I,HAZMAT_NAME,UN_NO,HAZMAT_PRESENT_I,HAZMAT_REPORT_I,HAZMAT_REPORT_NO,MCS_REPORT_I,MCS_REPORT_NO,HAZMAT_VIO_CAUSE_CRASH_I,MCS_VIO_CAUSE_CRASH_I,IDOT_PERMIT_NO,WIDE_LOAD_I,TRAILER1_WIDTH,TRAILER2_WIDTH,TRAILER1_LENGTH,TRAILER2_LENGTH,TOTAL_VEHICLE_LENGTH,AXLE_CNT,VEHICLE_CONFIG,CARGO_BODY_TYPE,LOAD_TYPE,HAZMAT_OUT_OF_SERVICE_I,MCS_OUT_OF_SERVICE_I,HAZMAT_CLASS
2117149,955b7cb9f7cbcd3afe002406b4d054d294c7159e913044ad88a6b113546276ac8f20e7f5207b3746d9be412c1db68df83060aa9b57abfc9625174e0d054ab149,07/29/2025 06:00:00 AM,2,DRIVER,,2018280,,MAZDA,MAZDA3,,,UNKNOWN,PASSENGER,PERSONAL,E,STRAIGHT AHEAD,,,1,,,,,,,,,,,Y,,,,,,,REAR-LEFT-CORNER,,,,,,,,,,,,,,,,,,,,,,,,,,,,,,,,,
2117125,f16d44b4e649cab3601e24e7b872b8d40b567b78570458abe3c1d6166d01681a71df832c7ed10e1b311320159a45b761c66d8699d7fe80dfa179164b41d4fc2d,07/29/2025 05:30:00 AM,1,DRIVER,,2018261,,TOYOTA,CAMRY,IL,2023,UNKNOWN,PICKUP,PERSONAL,W,STRAIGHT AHEAD,,,1,,,,,Y,,,,N,N,N,,,,Y,Y,,FRONT,,,,,,,,,,,,,,,,,,,,,,,,,,,,,,,,,
2117126,f16d44b4e649cab3601e24e7b872b8d40b567b78570458abe3c1d6166d01681a71df832c7ed10e1b311320159a45b761c66d8699d7fe80dfa179164b41d4fc2d,07/29/2025 05:30:00 AM,2,DRIVER,,2018268,,CHEVROLET,SILVERADO,IL,2010,UNKNOWN,TRUCK - SINGLE UNIT,PERSONAL,W,STRAIGHT AHEAD,,,1,,,,,,,,,Y,Y,Y,,,,,N,,REAR,,,,,,,,,,,,,,,,,,,,,,,,,,,,,,,,,
2116685,b8cda782d5c7ae9dc3c299c1cdc8fe001b0032a653681c50b46fb92290f0c919dc89d153341bed436a9d4b6a2b7978fca5ecb4eb40955c5210cb4652a2300b5c,07/29/2025 04:40:00 AM,1,DRIVER,1,2017853,,HYUNDAI,TUCSON,IL,2020,NONE,PASSENGER,RIDESHARE SERVICE,N,STRAIGHT AHEAD,,,2,,,,,,,,,,,,,,,,Y,,FRONT,,,,,,,,,,,,,,,,,,,,,,,,,,,,,,,,,
2116686,b8cda782d5c7ae9dc3c299c1cdc8fe001b0032a653681c50b46fb92290f0c919dc89d153341bed436a9d4b6a2b7978fca5ecb4eb40955c5210cb4652a2300b5c,07/29/2025 04:40:00 AM,2,PEDESTRIAN,,,,,,,,,,,,,,,,,,,,,,,,,,,,,,,,,,,,,,,,,,,,,,,,,,,,,,,,,,,,,,,,,,
2119939,61aadf7f602353f54329758abb7cdbbb8a5419e067e2c98581b628467ced42c61c6ec45a3460ea348ffdf0d54e20b3f9c5a114ae384e27d4df16679136007468,07/29/2025 04:30:00 AM,1,DRIVER,,2020940,,UNKNOWN,OTHER (EXPLAIN IN NARRATIVE),,,UNKNOWN,UNKNOWN/NA,UNKNOWN/NA,UNKNOWN,UNKNOWN/NA,,,1,,,,,,,,,,,,,,,,,Y,UNKNOWN,,,,,,,,,,,,,,,,,,,,,,,,,,,,,,,,,
2119940,61aadf7f602353f54329758abb7cdbbb8a5419e067e2c98581b628467ced42c61c6ec45a3460ea348ffdf0d54e20b3f9c5a114ae384e27d4df16679136007468,07/29/2025 04:30:00 AM,2,PARKED,,2020945,,FORD,FOCUS,IL,2000,NONE,PASSENGER,PERSONAL,W,PARKED,,,0,,,,,,,,,,,Y,,,,,,,REAR-LEFT-CORNER,,,,,,,,,,,,,,,,,,,,,,,,,,,,,,,,,
2116996,480adac57f07500f106a19674ee8138984d78f928edfb50ae05fc0e8dd492a69b9ff99d076070cedcec276723561d911f8e46af04b20e6039400cfc1623c9064,07/29/2025 04:00:00 AM,1,DRIVER,,2018142,,UNKNOWN,MOTORIZED,,,UNKNOWN,UNKNOWN/NA,UNKNOWN/NA,UNKNOWN,UNKNOWN/NA,,,1,,,,,,,,,,,,,,,,,,UNKNOWN,,,,,,,,,,,,,,,,,,,,,,,,,,,,,,,,,
2116997,480adac57f07500f106a19674ee8138984d78f928edfb50ae05fc0e8dd492a69b9ff99d076070cedcec276723561d911f8e46af04b20e6039400cfc1623c9064,07/29/2025 04:00:00 AM,2,PARKED,,2018149,,CHEVROLET,TRAX,IL,2024,NONE,SPORT UTILITY VEHICLE (SUV),PERSONAL,S,PARKED,,,0,,,,,,,,,,,Y,Y,,,,,,SIDE-LEFT,,,,,,,,,,,,,,,,,,,,,,,,,,,,,,,,,
2116673,9a16bcf63a47988656a10da7f6cbe0b884ed9485d2434f6c579443a16730bfe11c87be38e1ce76656bbc26d7274333150c31196610f731a045f22952e1686577,07/29/2025 03:56:00 AM,1,DRIVER,,2017842,,CHEVROLET,CORVETTE,IL,2022,UNKNOWN,PASSENGER,PERSONAL,W,U-TURN,Y,,1,,personal tow,,,,,,Y,Y,,,,,,,,,SIDE-RIGHT-REAR,,,,,,,,,,,,,,,,,,,,,,,,,,,,,,,,,
2116679,afc69167bb969fe2cc5a9e85fa49096e82d9caaa7cd6a735f0e4f5674929696749cd5268661297ac1da7f6096e390f4fe84b8527b1084830179d66bd1dc3d2bd,07/29/2025 03:53:00 AM,1,DRIVER,,2017848,,HYUNDAI,SONATA,IN,2019,UNKNOWN,PASSENGER,OTHER,S,STRAIGHT AHEAD,Y,,1,,CITY OF CHICAGO,IMPOUND 2,,Y,,,,,,,,,,Y,Y,,FRONT,,,,,,,,,,,,,,,,,,,,,,,,,,,,,,,,,
2116680,afc69167bb969fe2cc5a9e85fa49096e82d9caaa7cd6a735f0e4f5674929696749cd5268661297ac1da7f6096e390f4fe84b8527b1084830179d66bd1dc3d2bd,07/29/2025 03:53:00 AM,2,DRIVER,,2017850,,DODGE,CHALLENGER,IL,2016,UNKNOWN,PASSENGER,PERSONAL,S,OTHER,,,1,,,,,,,,,Y,Y,Y,,,,,,,REAR,,,,,,,,,,,,,,,,,,,,,,,,,,,,,,,,,
2116676,08fb6a4bc149345bd90ae7f393a622f905bf61a5acc4a1a5d3515437d560d7f34070484ad223c0810056f19510048017078aa13f5c4b1e708e066ef2b7919e23,07/29/2025 03:45:00 AM,1,DRIVER,,2017844,,UNKNOWN,OTHER (EXPLAIN IN NARRATIVE),IL,,NONE,UNKNOWN/NA,UNKNOWN/NA,N,UNKNOWN/NA,,,1,,,,,Y,,,,,,,,,,Y,Y,,FRONT,,,,,,,,,,,,,,,,,,,,,,,,,,,,,,,,,
2116677,08fb6a4bc149345bd90ae7f393a622f905bf61a5acc4a1a5d3515437d560d7f34070484ad223c0810056f19510048017078aa13f5c4b1e708e066ef2b7919e23,07/29/2025 03:45:00 AM,2,DRIVER,,2017845,,MAZDA,MAZDA3,IL,2014,NONE,PASSENGER,PERSONAL,S,TURNING LEFT,Y,,1,,BEDFORD PARK/KUSTOMS,,,Y,Y,,,,,,,,Y,Y,Y,,FRONT,,,,,,,,,,,,,,,,,,,,,,,,,,,,,,,,,
2116683,c2571d65058f41123c656a78f3c4adac537cf7b72984af2a1c2388d60652db1ef7dade8543b91fb385544feb8fcb9466bc061e002d08ddfada2b7f7125bb11c4,07/29/2025 03:20:00 AM,1,DRIVER,,2017852,,DODGE,CHARGER,,2021,UNKNOWN,PASSENGER,UNKNOWN/NA,E,STRAIGHT AHEAD,Y,,1,,,,,Y,,,,,,,,,,Y,Y,,FRONT-RIGHT-CORNER,,,,,,,,,,,,,,,,,,,,,,,,,,,,,,,,,
2116684,c2571d65058f41123c656a78f3c4adac537cf7b72984af2a1c2388d60652db1ef7dade8543b91fb385544feb8fcb9466bc061e002d08ddfada2b7f7125bb11c4,07/29/2025 03:20:00 AM,2,PARKED,,2017856,,CHEVROLET,TRAVERSE,IL,2021,UNKNOWN,SPORT UTILITY VEHICLE (SUV),UNKNOWN/NA,W,PARKED,Y,,0,,,,,,,,,,,Y,Y,,,,,,REAR-LEFT-CORNER,,,,,,,,,,,,,,,,,,,,,,,,,,,,,,,,,
2116672,e94b78dabb38cc7e6b77efc8edf707ee90e799d79191528627883978239485115b860a815267ec509ad59c14ec7b432ed54917f06bcf2ee37908031887d47141,07/29/2025 03:13:00 AM,1,DRIVER,3,2018434,,NISSAN,SENTRA,IL,2021,NONE,PASSENGER,PERSONAL,N,NEGOTIATING A CURVE,Y,,4,,STREETS AND SANITATION,CENTRAL POUND,,Y,Y,Y,Y,Y,,,,,,,Y,,FRONT-RIGHT-CORNER,,,,,,,,,,,,,,,,,,,,,,,,,,,,,,,,,
2116670,c98d5fa059d53d0daaff4e504c1163988f414b6237c4754065e6422d6582d01e7a302ce0c5a7d7bbf899517d84ec32bbaff03680ba6b763a2c7432e2842863ab,07/29/2025 03:00:00 AM,1,DRIVER,,2017840,,UNKNOWN,OTHER (EXPLAIN IN NARRATIVE),IL,,NONE,OTHER,AMBULANCE,UNKNOWN,UNKNOWN/NA,,,1,,,,,,,,,,,Y,Y,Y,,,,,SIDE-LEFT-REAR,,,,,,,,,,,,,,,,,,,,,,,,,,,,,,,,,
2116671,c98d5fa059d53d0daaff4e504c1163988f414b6237c4754065e6422d6582d01e7a302ce0c5a7d7bbf899517d84ec32bbaff03680ba6b763a2c7432e2842863ab,07/29/2025 03:00:00 AM,2,DRIVER,,2017841,,FORD,TRANSIT,IL,2023,NONE,VAN/MINI-VAN,AMBULANCE,UNKNOWN,UNKNOWN/NA,,,1,,,,,Y,,,,,,,,,,,Y,,FRONT-RIGHT-CORNER,,,,,,,,,,,,,,,,,,,,,,,,,,,,,,,,,
2117168,e1ddac4340ed00241f3c4ef1fb70fcee4e125af464695079be5c4097fe25978a1f6f9ff5e6a36874350861dafa2d7e3e369c5f4124be6db764f7322acd922802,07/29/2025 03:00:00 AM,1,DRIVER,,2018291,,UNKNOWN,MOTORIZED,,,UNKNOWN,UNKNOWN/NA,UNKNOWN/NA,UNKNOWN,UNKNOWN/NA,,,1,,,,,,,,,,,,,,,,,Y,UNKNOWN,,,,,,,,,,,,,,,,,,,,,,,,,,,,,,,,,
2117169,e1ddac4340ed00241f3c4ef1fb70fcee4e125af464695079be5c4097fe25978a1f6f9ff5e6a36874350861dafa2d7e3e369c5f4124be6db764f7322acd922802,07/29/2025 03:00:00 AM,2,PARKED,,2018298,,HONDA,PILOT,IL,2019,UNKNOWN,SPORT UTILITY VEHICLE (SUV),PERSONAL,S,PARKED,,,0,,,,,,,,,,,,,,Y,,,,SIDE-LEFT,,,,,,,,,,,,,,,,,,,,,,,,,,,,,,,,,
2117441,ed15346bc178526261e77c5056a9c8e35244e2f6dd67b4763a9b1440cfdfd039cb16a27e999e4f93dbb1009939e1569a4074cd96630e430c6d1bb83eafab69f3,07/29/2025 02:53:00 AM,1,DRIVER,,2018533,,DODGE,CHALLENGER,IL,2020,NONE,PASSENGER,PERSONAL,N,STRAIGHT AHEAD,Y,,1,,City of chicago,10300 S Doty,,Y,Y,Y,Y,Y,Y,Y,,Y,Y,Y,,,SIDE-RIGHT,,,,,,,,,,,,,,,,,,,,,,,,,,,,,,,,,
2117442,ed15346bc178526261e77c5056a9c8e35244e2f6dd67b4763a9b1440cfdfd039cb16a27e999e4f93dbb1009939e1569a4074cd96630e430c6d1bb83eafab69f3,07/29/2025 02:53:00 AM,2,DRIVER,1,2018535,,NISSAN,MAXIMA,IL,2019,NONE,PASSENGER,PERSONAL,W,STRAIGHT AHEAD,Y,,2,,City of chicago,10300 S Doty,,Y,Y,Y,Y,,,,Y,Y,Y,Y,Y,,FRONT,,,,,,,,,,,,,,,,,,,,,,,,,,,,,,,,,
2116738,a4761de65f002c90e0be575ee0268d59297021c60743215743fca9c64e28058f159c27f29ae9f93e7b3d480233ca66623ffc4adeee73f3e57aea8a1ce75b5ed1,07/29/2025 02:39:00 AM,1,DRIVER,,2017893,,CHRYSLER,TOWN & COUNTRY,IL,2012,UNKNOWN,VAN/MINI-VAN,PERSONAL,W,U-TURN,Y,,1,,CPD,UNK,,,,,,Y,Y,,,,,Y,,,FRONT-LEFT-CORNER,,,,,,,,,,,,,,,,,,,,,,,,,,,,,,,,,
2116675,09491aeaf046ba5d71b706531f160b148fc1b0152f88a87be4373a0532c78e9f7a193b5557bf4729ba4c58e9ed8148fe9ce70010286a442fe6f0c4628f77b901,07/29/2025 02:27:00 AM,1,DRIVER,,2017843,,FORD,EXPLORER,IL,2021,NONE,SPORT UTILITY VEHICLE (SUV),PERSONAL,N,U-TURN,Y,,1,,Private,,,,,,,,,,,,,Y,Y,,FRONT-LEFT-CORNER,,,,,,,,,,,,,,,,,,,,,,,,,,,,,,,,,
2116784,605d05f9cf0ff2ec72ebc03f6ecf979ab4e48ee1566cfc87e6ad72ac43856ffba9ac5ded61e51308a2611102aff2257c419db2a800a5c9830af13c612808f061,07/29/2025 02:00:00 AM,1,DRIVER,,2017942,,UNKNOWN,MOTORIZED,,,UNKNOWN,UNKNOWN/NA,UNKNOWN/NA,N,STRAIGHT AHEAD,,,1,,,,,,,,,,,Y,Y,Y,Y,Y,,,SIDE-LEFT,,,,,,,,,,,,,,,,,,,,,,,,,,,,,,,,,
2116785,605d05f9cf0ff2ec72ebc03f6ecf979ab4e48ee1566cfc87e6ad72ac43856ffba9ac5ded61e51308a2611102aff2257c419db2a800a5c9830af13c612808f061,07/29/2025 02:00:00 AM,2,PARKED,,2017954,,GENESIS,G80,IL,2019,NONE,PASSENGER,PERSONAL,N,PARKED IN TRAFFIC LANE,,,0,,,,,,,Y,Y,Y,,,,,,,,,SIDE-RIGHT-REAR,,,,,,,,,,,,,,,,,,,,,,,,,,,,,,,,,
2116869,88365461d6cce55a180b94fd5919c548e8e50c1633c59f48af3000b218b8e3a2e84143827e372abe24b607c963a5b61b3a56b17c60822af7bc8365c8b82d5561,07/29/2025 02:00:00 AM,1,DRIVER,,2018022,,UNKNOWN,OTHER (EXPLAIN IN NARRATIVE),IL,,UNKNOWN,UNKNOWN/NA,UNKNOWN/NA,S,STRAIGHT AHEAD,,,1,,,,,,,,,,,,,,,,,Y,UNKNOWN,,,,,,,,,,,,,,,,,,,,,,,,,,,,,,,,,
2116870,88365461d6cce55a180b94fd5919c548e8e50c1633c59f48af3000b218b8e3a2e84143827e372abe24b607c963a5b61b3a56b17c60822af7bc8365c8b82d5561,07/29/2025 02:00:00 AM,2,DRIVER,,2018028,,BMW,X5,IL,2014,UNKNOWN,SPORT UTILITY VEHICLE (SUV),OTHER,S,STRAIGHT AHEAD,Y,,1,,PRIVATE,PRIVATE,,,,,,Y,Y,Y,,,,,,Y,UNKNOWN,,,,,,,,,,,,,,,,,,,,,,,,,,,,,,,,,
2117114,8a9cbcec034b77873234a9cfada307f951b77d0ad5e73bd66efe88fbaa1a43a827455750cad228eabd5c876368e46b28654cb900682c564f31b80f0dc31b9336,07/29/2025 02:00:00 AM,1,DRIVER,,2018247,,UNKNOWN,OTHER (EXPLAIN IN NARRATIVE),IL,,NONE,UNKNOWN/NA,UNKNOWN/NA,W,STRAIGHT AHEAD,,,1,,,,,,,,,,,,,,,,,,FRONT-RIGHT-CORNER,,,,,,,,,,,,,,,,,,,,,,,,,,,,,,,,,
2117115,8a9cbcec034b77873234a9cfada307f951b77d0ad5e73bd66efe88fbaa1a43a827455750cad228eabd5c876368e46b28654cb900682c564f31b80f0dc31b9336,07/29/2025 02:00:00 AM,2,PARKED,,2018253,,TOYOTA,CAMRY,IL,2014,NONE,PASSENGER,PERSONAL,W,PARKED,,,0,,,,,,,,,,,,,Y,Y,Y,,,FRONT-LEFT-CORNER,,,,,,,,,,,,,,,,,,,,,,,,,,,,,,,,,
2116659,d28ec8135028408161d848d1dec24ab1a2a20faf1c4f978a79386cdfe962ab16e9df3ee29efe16fc563a2717f5c96c0ffdf75ede8860a1d4683200e4d2c50b99,07/29/2025 02:00:00 AM,1,DRIVER,,2017827,,CHEVROLET,TAHOE,XX,1999,UNKNOWN,SPORT UTILITY VEHICLE (SUV),UNKNOWN/NA,N,TURNING RIGHT,,,1,,,,,,,,,,,,Y,,,,,,SIDE-LEFT-REAR,,,,,,,,,,,,,,,,,,,,,,,,,,,,,,,,,
2116660,d28ec8135028408161d848d1dec24ab1a2a20faf1c4f978a79386cdfe962ab16e9df3ee29efe16fc563a2717f5c96c0ffdf75ede8860a1d4683200e4d2c50b99,07/29/2025 02:00:00 AM,2,PARKED,,2017829,,VOLVO,XC90,IL,2017,NONE,SPORT UTILITY VEHICLE (SUV),NOT IN USE,S,PARKED,,,0,,,,,,,,,,,,Y,,,,,,SIDE-LEFT-REAR,,,,,,,,,,,,,,,,,,,,,,,,,,,,,,,,,
2116678,a27d6718c00b5a69e8c9713b50afb75d3e59657621d744f6d2a7760f5faa21e084ef66c6d8abf10497480b7edff287a31e79f8d5e20a28f738c9ba93a6005715,07/29/2025 01:59:00 AM,1,DRIVER,,2017846,,BUICK,LESABRE,IL,2005,UNKNOWN,PASSENGER,PERSONAL,W,OTHER,,,1,,,,,,,,,,,,,,Y,,Y,,FRONT-RIGHT-CORNER,,,,,,,,,,,,,,,,,,,,,,,,,,,,,,,,,
2131944,90aeafe91b722ff570ec0294063c1219027081010145644f84ef1adeb46fc026582a828e184af84d129c1fb07851c10a63e5cfccda1b695877fe6daa93681ba6,07/29/2025 01:30:00 AM,1,DRIVER,,2032318,,UNKNOWN,OTHER (EXPLAIN IN NARRATIVE),,,UNKNOWN,UNKNOWN/NA,UNKNOWN/NA,W,STRAIGHT AHEAD,,,1,,,,,Y,,,,,,,,,,,Y,,FRONT,,,,,,,,,,,,,,,,,,,,,,,,,,,,,,,,,
2131945,90aeafe91b722ff570ec0294063c1219027081010145644f84ef1adeb46fc026582a828e184af84d129c1fb07851c10a63e5cfccda1b695877fe6daa93681ba6,07/29/2025 01:30:00 AM,2,DRIVER,,2032325,,KIA,SOUL,IL,2024,UNKNOWN,PASSENGER,UNKNOWN/NA,S,STRAIGHT AHEAD,,,1,,,,,,,,,,,,,,,Y,Y,,FRONT-LEFT-CORNER,,,,,,,,,,,,,,,,,,,,,,,,,,,,,,,,,
2116662,3d46669b78e71d03834f1ddef2a50be33751772883e9871e00a669856b921171574d4c0237a7e89a7d742f4e3d7e0432d68af817ee09330f0f947bdaa1563591,07/29/2025 01:28:00 AM,1,DRIVER,,2017832,,CHEVROLET,IMPALA,IL,2014,TIRES,PASSENGER,PERSONAL,N,STRAIGHT AHEAD,Y,,1,,private tow,,,Y,Y,,,,,,,,,Y,Y,,FRONT,,,,,,,,,,,,,,,,,,,,,,,,,,,,,,,,,
2116663,3d46669b78e71d03834f1ddef2a50be33751772883e9871e00a669856b921171574d4c0237a7e89a7d742f4e3d7e0432d68af817ee09330f0f947bdaa1563591,07/29/2025 01:28:00 AM,2,PARKED,,2017835,,NISSAN,VERSA,IL,2010,UNKNOWN,PASSENGER,PERSONAL,N,PARKED,Y,,0,,private tow,,,,,,,,,Y,Y,Y,Y,Y,,,REAR-LEFT-CORNER,,,,,,,,,,,,,,,,,,,,,,,,,,,,,,,,,
2116664,3d46669b78e71d03834f1ddef2a50be33751772883e9871e00a669856b921171574d4c0237a7e89a7d742f4e3d7e0432d68af817ee09330f0f947bdaa1563591,07/29/2025 01:28:00 AM,3,PARKED,,2017837,,FORD,ESCAPE,IL,2015,UNKNOWN,PASSENGER,PERSONAL,N,PARKED,,,0,,,,,,,,,Y,Y,Y,,,,,,,REAR,,,,,,,,,,,,,,,,,,,,,,,,,,,,,,,,,
2116665,3d46669b78e71d03834f1ddef2a50be33751772883e9871e00a669856b921171574d4c0237a7e89a7d742f4e3d7e0432d68af817ee09330f0f947bdaa1563591,07/29/2025 01:28:00 AM,4,PARKED,,2017838,,CHEVROLET,MALIBU,IL,2022,UNKNOWN,PASSENGER,PERSONAL,N,PARKED,,,0,,,,,,,,,,Y,,,,,,,,REAR,,,,,,,,,,,,,,,,,,,,,,,,,,,,,,,,,
2116653,24374e7c4e13ebe31b19ce32e299e15da14956a7863db25bce9c43b824968aa92d307e67204b0a72ccb9a77eab0143875a31026085a42ec2f5db372aba306e0f,07/29/2025 12:19:00 AM,2,PARKED,,2017821,,CHEVROLET,TRAVERSE,IL,2009,NONE,PASSENGER,PERSONAL,S,PARKED,,,0,,,,,,,,,,,,,Y,Y,,,Y,SIDE-LEFT,,,,,,,,,,,,,,,,,,,,,,,,,,,,,,,,,
2116654,24374e7c4e13ebe31b19ce32e299e15da14956a7863db25bce9c43b824968aa92d307e67204b0a72ccb9a77eab0143875a31026085a42ec2f5db372aba306e0f,07/29/2025 12:19:00 AM,1,DRIVER,,2017824,,BUICK,LESABRE,,,NONE,PASSENGER,PERSONAL,S,BACKING,,,1,,,,,,,,,,,,,,,,,Y,REAR,,,,,,,,,,,,,,,,,,,,,,,,,,,,,,,,,
2116661,a3b4d3c74859a89cb03280d5d370b939c2910fba1cb21aaee08bccdd0ca88b6b57e641ff013e3e10061c22770e087d5314c9d9c3c5e2f41bdca5e6f9cbf10903,07/29/2025 12:09:00 AM,1,DRIVER,,2017831,,HYUNDAI,ELANTRA,IL,,UNKNOWN,PASSENGER,UNKNOWN/NA,W,UNKNOWN/NA,Y,Y,1,,CITY OF CHICAGO,POUND 2,,,,,,,,,,,,,,,FRONT-LEFT-CORNER,,,,,,,,,,,,,,,,,,,,,,,,,,,,,,,,,
2116643,f8c9b82ba8afc12afc4a3ec294a72946765fb2bead202ac44ec09aefd7b032dc4e82ff384451447fbf60e1bbf4c9e0b082aae9e8c2eed3465ba0614431d6e734,07/29/2025 12:04:00 AM,1,DRIVER,,2017813,,CADILLAC,XT5,IL,2017,NONE,PASSENGER,PERSONAL,N,TURNING LEFT,,,1,,,,,Y,,,,,,,,,,,,,FRONT-RIGHT-CORNER,,,,,,,,,,,,,,,,,,,,,,,,,,,,,,,,,
2116644,f8c9b82ba8afc12afc4a3ec294a72946765fb2bead202ac44ec09aefd7b032dc4e82ff384451447fbf60e1bbf4c9e0b082aae9e8c2eed3465ba0614431d6e734,07/29/2025 12:04:00 AM,2,DRIVER,,2017815,,TESLA,MODEL S,IL,2018,NONE,PASSENGER,PERSONAL,NW,STRAIGHT AHEAD,,,1,,,,,,,,,,,,Y,Y,Y,Y,,,SIDE-LEFT,,,,,,,,,,,,,,,,,,,,,,,,,,,,,,,,,
2119336,dc31ad7a7a09c08bbe995129258f59204aa136a93cd6eb5aab7d349b0629b5deaa1a252175e01b93b49606e30cbd39eab8658e54208a90f2bd694d2c67b36e03,07/29/2025 12:00:00 AM,1,DRIVER,,2020352,,UNKNOWN,OTHER (EXPLAIN IN NARRATIVE),XX,,UNKNOWN,UNKNOWN/NA,UNKNOWN/NA,E,UNKNOWN/NA,,,1,,,,,N,N,,,,,,,,,,N,,UNKNOWN,,,,,,,,,,,,,,,,,,,,,,,,,,,,,,,,,
2119337,dc31ad7a7a09c08bbe995129258f59204aa136a93cd6eb5aab7d349b0629b5deaa1a252175e01b93b49606e30cbd39eab8658e54208a90f2bd694d2c67b36e03,07/29/2025 12:00:00 AM,2,PARKED,,2020356,,CHEVROLET,MALIBU,IL,2024,NONE,PASSENGER,PERSONAL,E,PARKED,,,0,,,,,,,,,,Y,Y,Y,Y,,,,,REAR-LEFT-CORNER,,,,,,,,,,,,,,,,,,,,,,,,,,,,,,,,,
2116645,ce8901e84e825048a0e577e3600fc2ce510fc0bc810f481d5a2231bf9bd40482c32660971395c03535c43dd559b7364516eea77cb7e3c2bc9c8a51cf9cfbfe9d,07/28/2025 11:50:00 PM,1,DRIVER,,2017811,,UNKNOWN,OTHER (EXPLAIN IN NARRATIVE),IL,,UNKNOWN,UNKNOWN/NA,UNKNOWN/NA,N,PASSING/OVERTAKING,,,1,,,,,,,,,,,,,,,Y,,,FRONT-LEFT-CORNER,,,,,,,,,,,,,,,,,,,,,,,,,,,,,,,,,
2116646,ce8901e84e825048a0e577e3600fc2ce510fc0bc810f481d5a2231bf9bd40482c32660971395c03535c43dd559b7364516eea77cb7e3c2bc9c8a51cf9cfbfe9d,07/28/2025 11:50:00 PM,2,DRIVER,,2017814,,CHEVROLET,MALIBU,WI,2024,NONE,PASSENGER,OTHER,N,STRAIGHT AHEAD,,,1,,,,,,,,,Y,Y,,,,,,,,REAR-RIGHT-CORNER,,,,,,,,,,,,,,,,,,,,,,,,,,,,,,,,,
2116657,e3afc9596ce0a4648f059e0e87f28e795c788f58aeece0d7e554648dd2a9eea6eb65920dc3ef08c586831a21d0c047a1f999e3fa80b4128e74ecc15fdad83f0c,07/28/2025 11:49:00 PM,1,DRIVER,,2017828,,NISSAN,ALTIMA,TX,2018,UNKNOWN,PASSENGER,UNKNOWN/NA,S,STRAIGHT AHEAD,,,1,,,,,,,,,,,,Y,Y,,,,,SIDE-LEFT,,,,,,,,,,,,,,,,,,,,,,,,,,,,,,,,,
2116658,e3afc9596ce0a4648f059e0e87f28e795c788f58aeece0d7e554648dd2a9eea6eb65920dc3ef08c586831a21d0c047a1f999e3fa80b4128e74ecc15fdad83f0c,07/28/2025 11:49:00 PM,2,DRIVER,1,2017830,,UNKNOWN,OTHER (EXPLAIN IN NARRATIVE),IL,2022,UNKNOWN,MOPED OR MOTORIZED BICYCLE,UNKNOWN/NA,W,STRAIGHT AHEAD,,,2,,,,,,,,,,,,,,,,Y,,FRONT,,,,,,,,,,,,,,,,,,,,,,,,,,,,,,,,,
2117246,81a2a0339671615a85b357910f48d0002a7b4a393ad659ceb4ad1c2e1b45328ec60c59851cfe10fa0c7e41a7aab771ed9b6af5c30113fa2a346c1e2c9c5a7973,07/28/2025 11:30:00 PM,1,DRIVER,,2018388,,UNKNOWN,OTHER (EXPLAIN IN NARRATIVE),IL,,NONE,UNKNOWN/NA,UNKNOWN/NA,UNKNOWN,TURNING RIGHT,,,1,,,,,,,,,,,,,,,,,Y,UNKNOWN,,,,,,,,,,,,,,,,,,,,,,,,,,,,,,,,,
2117247,81a2a0339671615a85b357910f48d0002a7b4a393ad659ceb4ad1c2e1b45328ec60c59851cfe10fa0c7e41a7aab771ed9b6af5c30113fa2a346c1e2c9c5a7973,07/28/2025 11:30:00 PM,2,DRIVER,,2018395,,MAZDA,CX-9,IL,2017,NONE,PICKUP,PERSONAL,W,STRAIGHT AHEAD,,,1,,,,,,,,,,,,,,,Y,,,FRONT-LEFT-CORNER,,,,,,,,,,,,,,,,,,,,,,,,,,,,,,,,,