CRASH_UNIT_ID,CRASH_RECORD_ID,CRASH_DATE,UNIT_NO,UNIT_TYPE,NUM_PASSENGERS,VEHICLE_ID,CMRC_VEH_I,MAKE,MODEL,LIC_PLATE_STATE,VEHICLE_YEAR,VEHICLE_DEFECT,VEHICLE_TYPE,VEHICLE_USE,TRAVEL_DIRECTION,MANEUVER,TOWED_I,FIRE_I,OCCUPANT_CNT,EXCEED_SPEED_LIMIT_I,TOWED_BY,TOWED_TO,AREA_00_I,AREA_01_I,AREA_02_I,AREA_03_I,AREA_04_I,AREA_05_I,AREA_06_I,AREA_07_I,AREA_08_I,AREA_09_I,AREA_10_I,AREA_11_I,AREA_12_I,AREA_99_I,FIRST_CONTACT_POINT,CMV_ID,USDOT_NO,CCMC_NO,ILCC_NO,COMMERCIAL_SRC,GVWR,CARRIER_NAME,CARRIER_STATE,CARRIER_CITY,HAZMAT_PLACARDS_I,HAZMAT_NAME,UN_NO,HAZMAT_PRESENT_I,HAZMAT_REPORT_I,HAZMAT_REPORT_NO,MCS_REPORT_I,MCS_REPORT_NO,HAZMAT_VIO_CAUSE_CRASH_I,MCS_VIO_CAUSE_CRASH_I,IDOT_PERMIT_NO,WIDE_LOAD_I,TRAILER1_WIDTH,TRAILER2_WIDTH,TRAILER1_LENGTH,TRAILER2_LENGTH,TOTAL_VEHICLE_LENGTH,AXLE_CNT,VEHICLE_CONFIG,CARGO_BODY_TYPE,LOAD_TYPE,HAZMAT_OUT_OF_SERVICE_I,MCS_OUT_OF_SERVICE_I,HAZMAT_CLASS
2116639,cfd6174d360a8112fef227b7fffea5639729eeb1a69da66f97a3d8151d648a517714f9fdd872befbf18e66ecdbceda645e982791de31699d5ed7a62b48dfe396,07/28/2025 11:30:00 PM,1,DRIVER,,2017808,,GENERAL MOTORS CORPORATION (GMC),TRUCK,,,UNKNOWN,PICKUP,UNKNOWN/NA,S,STRAIGHT AHEAD,,,1,,,,,,,,,,,,,,,,,Y,FRONT,,,,,,,,,,,,,,,,,,,,,,,,,,,,,,,,,
2116640,cfd6174d360a8112fef227b7fffea5639729eeb1a69da66f97a3d8151d648a517714f9fdd872befbf18e66ecdbceda645e982791de31699d5ed7a62b48dfe396,07/28/2025 11:30:00 PM,2,DRIVERLESS,,2017810,,MAZDA,CX-5,IL,2014,NONE,PASSENGER,NOT IN USE,S,DRIVERLESS,N,,0,,,,,,,,,,Y,Y,Y,,,,,,REAR-LEFT-CORNER,,,,,,,,,,,,,,,,,,,,,,,,,,,,,,,,,
2116647,0375819798d50d0a0665590cf6b67e67453c6bb53c694da49060c3adfe80c3410c84303789ef49abc21387abcd06d1b10cadb83f953265c6a5f9ba451e6a98be,07/28/2025 10:30:00 PM,1,DRIVER,,2017817,,UNKNOWN,OTHER (EXPLAIN IN NARRATIVE),XX,,UNKNOWN,PASSENGER,UNKNOWN/NA,E,STRAIGHT AHEAD,,,1,,,,,Y,Y,Y,,,,,,,,,,Y,SIDE-RIGHT-FRONT,,,,,,,,,,,,,,,,,,,,,,,,,,,,,,,,,
2116648,0375819798d50d0a0665590cf6b67e67453c6bb53c694da49060c3adfe80c3410c84303789ef49abc21387abcd06d1b10cadb83f953265c6a5f9ba451e6a98be,07/28/2025 10:30:00 PM,2,DRIVER,,2017820,,HONDA,ACCORD,XX,,UNKNOWN,PASSENGER,PERSONAL,E,STRAIGHT AHEAD,,,1,,,,,,,,,,,Y,Y,Y,Y,,,Y,SIDE-LEFT,,,,,,,,,,,,,,,,,,,,,,,,,,,,,,,,,
2116626,f2a4ae37ffc83cdb05d1ca734b27de7cca1844086bf90f23c18766da812fc5d93abaf6680e75a620ab09b3646c4624d80000e36f25b5057e68a030c89393beaa,07/28/2025 10:15:00 PM,1,DRIVER,,2017796,,CHEVROLET,MALIBU,IL,2020,NONE,PASSENGER,PERSONAL,N,TURNING RIGHT,,,1,,,,,N,Y,Y,,,,,,,,,,,SIDE-RIGHT,,,,,,,,,,,,,,,,,,,,,,,,,,,,,,,,,
2116627,f2a4ae37ffc83cdb05d1ca734b27de7cca1844086bf90f23c18766da812fc5d93abaf6680e75a620ab09b3646c4624d80000e36f25b5057e68a030c89393beaa,07/28/2025 10:15:00 PM,2,DRIVER,,2017799,,HONDA,CR-V,IL,2023,NONE,PASSENGER,PERSONAL,N,STRAIGHT AHEAD,,,1,,,,,,,,,,,,,,Y,Y,,,FRONT-LEFT-CORNER,,,,,,,,,,,,,,,,,,,,,,,,,,,,,,,,,
2118705,7381f9177c158fad9d1caa02d9607bb032f4244cdc2d20ac2e7ff7aad69c37bcf37c17622db54269945ac192a231e220214926e2c3f49ec5657c2a2c501c3fbd,07/28/2025 10:12:00 PM,1,DRIVER,,2019738,,CHEVROLET,EQUINOX,IL,2020,UNKNOWN,PASSENGER,UNKNOWN/NA,N,BACKING,,,1,,,,,,,,,Y,,,,,,,,,REAR-RIGHT-CORNER,,,,,,,,,,,,,,,,,,,,,,,,,,,,,,,,,
2118706,7381f9177c158fad9d1caa02d9607bb032f4244cdc2d20ac2e7ff7aad69c37bcf37c17622db54269945ac192a231e220214926e2c3f49ec5657c2a2c501c3fbd,07/28/2025 10:12:00 PM,2,PARKED,,2019743,,HONDA,ACCORD,IL,2018,UNKNOWN,PASSENGER,NOT IN USE,N,PARKED,,,0,,,,,,,,,,,Y,Y,,,,,,REAR-LEFT-CORNER,,,,,,,,,,,,,,,,,,,,,,,,,,,,,,,,,
2116637,d8b66255291a896a6b5b5c58ec9c9e337acb805671f73961346e0b4852463c3b87b07d3f2762731742d66d88b5e0c69f3dc978c1199ee9a7c8447b080fd7e949,07/28/2025 10:10:00 PM,1,DRIVER,,2017807,,FORD,OTHER (EXPLAIN IN NARRATIVE),IL,2007,NONE,PASSENGER,PERSONAL,W,SLOW/STOP IN TRAFFIC,,,1,,,,,,,,,,Y,,,,,,,,REAR,,,,,,,,,,,,,,,,,,,,,,,,,,,,,,,,,
2116638,d8b66255291a896a6b5b5c58ec9c9e337acb805671f73961346e0b4852463c3b87b07d3f2762731742d66d88b5e0c69f3dc978c1199ee9a7c8447b080fd7e949,07/28/2025 10:10:00 PM,2,DRIVER,,2017809,,TOYOTA,OTHER (EXPLAIN IN NARRATIVE),IL,2019,NONE,PASSENGER,PERSONAL,E,SLOW/STOP IN TRAFFIC,,,1,,,,,,,,,,,,,,,,Y,,FRONT,,,,,,,,,,,,,,,,,,,,,,,,,,,,,,,,,
2116621,522bec1d362efd54bb65d4dbacad934d4fdfedc372844431fc3a9a81de2e07d2658274dfbf26a75faa088dbb76b774357d311223706bfbae4f3242e079d41dd2,07/28/2025 09:45:00 PM,1,DRIVER,,2017795,,FORD,F150,IL,2020,UNKNOWN,PICKUP,PERSONAL,SE,STRAIGHT AHEAD,,,1,,,,,,,,,,,,,,,,Y,,FRONT,,,,,,,,,,,,,,,,,,,,,,,,,,,,,,,,,
2116622,522bec1d362efd54bb65d4dbacad934d4fdfedc372844431fc3a9a81de2e07d2658274dfbf26a75faa088dbb76b774357d311223706bfbae4f3242e079d41dd2,07/28/2025 09:45:00 PM,2,DRIVER,,2017790,,TOYOTA,COROLLA,IL,2014,UNKNOWN,PASSENGER,UNKNOWN/NA,SE,SLOW/STOP IN TRAFFIC,,,1,,,,,,,,,,,,,,,,,,REAR,,,,,,,,,,,,,,,,,,,,,,,,,,,,,,,,,
2116628,42591a5e53d85c69e6611a48d3b1ef0210ff7fd5510aff28dde5d06f19c37331cb6e62470b4643ce30eff0a6f15fa3717fbb7f4ffdfa6dd786e9ed46610470fd,07/28/2025 09:15:00 PM,1,DRIVER,,2017797,,UNKNOWN,OTHER (EXPLAIN IN NARRATIVE),IL,,UNKNOWN,UNKNOWN/NA,UNKNOWN/NA,UNKNOWN,UNKNOWN/NA,,,1,,,,,,,,,,,,,,,,,Y,UNKNOWN,,,,,,,,,,,,,,,,,,,,,,,,,,,,,,,,,
2116629,42591a5e53d85c69e6611a48d3b1ef0210ff7fd5510aff28dde5d06f19c37331cb6e62470b4643ce30eff0a6f15fa3717fbb7f4ffdfa6dd786e9ed46610470fd,07/28/2025 09:15:00 PM,2,PARKED,,2017800,,KIA,FORTE,OH,2023,UNKNOWN,PASSENGER,NOT IN USE,N,PARKED,,,0,,,,,Y,Y,,,,,,,,,,,,FRONT-RIGHT-CORNER,,,,,,,,,,,,,,,,,,,,,,,,,,,,,,,,,
2116612,13d869746f1d0bcf36edb86de096a62b2aed2c0cecf8d83957587e665df619c7d5a423cac1c8044b363d52e38359a01199b4242636af9c46013a60d3091118c3,07/28/2025 09:00:00 PM,1,DRIVER,,2017785,,CADILLAC,ESCALADE,IL,2007,NONE,SPORT UTILITY VEHICLE (SUV),PERSONAL,E,STRAIGHT AHEAD,,,1,,,,,Y,Y,Y,Y,Y,,,,,,Y,Y,,FRONT-RIGHT-CORNER,,,,,,,,,,,,,,,,,,,,,,,,,,,,,,,,,
2116763,379e46f22aff532806b945189d2e65dd6b7863e92861a96fca1e48e9db2516bf1277015678be63738311683addeca8fe41d02bd75b5f51c3f1fe7fa1e6b85ded,07/28/2025 09:00:00 PM,1,DRIVER,,2017918,,FORD,OTHER (EXPLAIN IN NARRATIVE),IL,2018,UNKNOWN,SPORT UTILITY VEHICLE (SUV),UNKNOWN/NA,UNKNOWN,UNKNOWN/NA,,,1,,,,,,,,,,,,,,,,,Y,REAR,,,,,,,,,,,,,,,,,,,,,,,,,,,,,,,,,
2116764,379e46f22aff532806b945189d2e65dd6b7863e92861a96fca1e48e9db2516bf1277015678be63738311683addeca8fe41d02bd75b5f51c3f1fe7fa1e6b85ded,07/28/2025 09:00:00 PM,2,DRIVER,,2017923,,CHEVROLET,CRUZE,IL,2016,NONE,PASSENGER,UNKNOWN/NA,UNKNOWN,BACKING,,,1,,,,,,,,,,Y,Y,Y,,,,,,SIDE-LEFT-REAR,,,,,,,,,,,,,,,,,,,,,,,,,,,,,,,,,
2116635,91248539b0a0f433694ddbb26b314e272690457c2fb124abd04aafabc230ca65e4c2920d1317c73ab0aab92057e5575ccaf60de0ac1db3bccb8bba565a27164a,07/28/2025 09:00:00 PM,1,DRIVER,,2017804,,FORD,EXPLORER,IL,2011,UNKNOWN,PASSENGER,PERSONAL,S,STRAIGHT AHEAD,,,1,,,,,Y,,,,,,,,,,Y,Y,,FRONT,,,,,,,,,,,,,,,,,,,,,,,,,,,,,,,,,
2116636,91248539b0a0f433694ddbb26b314e272690457c2fb124abd04aafabc230ca65e4c2920d1317c73ab0aab92057e5575ccaf60de0ac1db3bccb8bba565a27164a,07/28/2025 09:00:00 PM,2,BICYCLE,,,,,,,,,,,,,,,,,,,,,,,,,,,,,,,,,,,,,,,,,,,,,,,,,,,,,,,,,,,,,,,,,,
2116694,f8b4997e75bfae701a1a98cae22109a5337b219d4b2bc31242b0996f1233bd133be71e9f9b926ff0c7727dabec26107c596c1e117942f485a322af5298f57bba,07/28/2025 09:00:00 PM,1,DRIVER,,2017862,,UNKNOWN,OTHER (EXPLAIN IN NARRATIVE),,,UNKNOWN,UNKNOWN/NA,UNKNOWN/NA,UNKNOWN,UNKNOWN/NA,,,1,,,,,,,,,,,,,,,,,Y,UNKNOWN,,,,,,,,,,,,,,,,,,,,,,,,,,,,,,,,,
2116695,f8b4997e75bfae701a1a98cae22109a5337b219d4b2bc31242b0996f1233bd133be71e9f9b926ff0c7727dabec26107c596c1e117942f485a322af5298f57bba,07/28/2025 09:00:00 PM,2,PARKED,,2017863,,HYUNDAI,SANTA FE,IL,2015,NONE,SPORT UTILITY VEHICLE (SUV),PERSONAL,N,PARKED,,,0,,,,,,Y,Y,Y,,,,,,,,,,SIDE-RIGHT,,,,,,,,,,,,,,,,,,,,,,,,,,,,,,,,,
2116631,71514d6b667c072951f7e703e95cbb536ad356fa4bebf021ff0ac440c21d51a1715a85839f60c335fe236bc2e5b444dd80b2256d7ecb56e4865994d45d6ecc3f,07/28/2025 08:49:00 PM,1,DRIVER,,2017801,,CHEVROLET,BLAZER,MN,2025,UNKNOWN,PASSENGER,PERSONAL,N,STRAIGHT AHEAD,Y,,1,,PERSONAL TOW,RENTAL AGENCY AVIS,,Y,Y,Y,Y,Y,Y,Y,Y,Y,Y,Y,Y,,SIDE-RIGHT,,,,,,,,,,,,,,,,,,,,,,,,,,,,,,,,,
2116632,71514d6b667c072951f7e703e95cbb536ad356fa4bebf021ff0ac440c21d51a1715a85839f60c335fe236bc2e5b444dd80b2256d7ecb56e4865994d45d6ecc3f,07/28/2025 08:49:00 PM,2,DRIVER,1,2017806,N,NOVA BUS,LFS,IL,2024,UNKNOWN,BUS UP TO 15 PASS.,CTA,W,STRAIGHT AHEAD,,,2,,,,,Y,,,,,,,,,,Y,Y,,FRONT,,,,,,,,,,,,,,,,,,,,,,,,,,,,,,,,,
2116598,aa570017a7cb7e80d5245ccceb08e2cdc531d9da19f12282d76f3848c8d9bb7371f502c007c02fb040c6ebee8ab2c796915041b625fe6a69bee06275c93fd4a4,07/28/2025 08:35:00 PM,1,DRIVER,,2017771,,FORD,VAN,IL,2020,NONE,VAN/MINI-VAN,UNKNOWN/NA,W,TURNING RIGHT,,,1,,,,Y,,,,,,,,,,,,,,FRONT-RIGHT-CORNER,,,,,,,,,,,,,,,,,,,,,,,,,,,,,,,,,
2116599,aa570017a7cb7e80d5245ccceb08e2cdc531d9da19f12282d76f3848c8d9bb7371f502c007c02fb040c6ebee8ab2c796915041b625fe6a69bee06275c93fd4a4,07/28/2025 08:35:00 PM,2,PEDESTRIAN,,,,,,,,,,,,,,,,,,,,,,,,,,,,,,,,,,,,,,,,,,,,,,,,,,,,,,,,,,,,,,,,,,
2117182,2de23a3576837dd2d42061a65ef8ce066fbf8148b108bf9000093b99c629353b2075746136e10588039bc3db1782284e6a0f44a515abc4be4a03ddd4115368a0,07/28/2025 08:30:00 PM,1,DRIVER,,2018334,,UNKNOWN,OTHER (EXPLAIN IN NARRATIVE),,,NONE,TRUCK - SINGLE UNIT,COMMERCIAL - SINGLE UNIT,N,STRAIGHT AHEAD,,,1,,,,,Y,Y,,,,,,,,,,,,SIDE-RIGHT,,,,,,,,,,,,,,,,,,,,,,,,,,,,,,,,,
2117183,2de23a3576837dd2d42061a65ef8ce066fbf8148b108bf9000093b99c629353b2075746136e10588039bc3db1782284e6a0f44a515abc4be4a03ddd4115368a0,07/28/2025 08:30:00 PM,2,DRIVER,,2018340,,HONDA,ACCORD,IL,2020,NONE,PASSENGER,PERSONAL,N,STRAIGHT AHEAD,,,1,,,,,,,,,,,Y,Y,Y,,,,,SIDE-LEFT,,,,,,,,,,,,,,,,,,,,,,,,,,,,,,,,,
2116733,435a24134c1c1559bc0b1fb38a03e12d4fcb604ec5e770b6504344acde922f665d329c97b76efeaca71e09d138a361bdd955af0d7dd73a8d39bb3222f35a4ffb,07/28/2025 08:30:00 PM,1,DRIVER,,2017894,,GENERAL MOTORS CORPORATION (GMC),OTHER (EXPLAIN IN NARRATIVE),IL,1997,NONE,PASSENGER,PERSONAL,E,BACKING,,,1,,,,,,,,,Y,Y,,,,,,,,REAR,,,,,,,,,,,,,,,,,,,,,,,,,,,,,,,,,
2116734,435a24134c1c1559bc0b1fb38a03e12d4fcb604ec5e770b6504344acde922f665d329c97b76efeaca71e09d138a361bdd955af0d7dd73a8d39bb3222f35a4ffb,07/28/2025 08:30:00 PM,2,PARKED,,2017899,,LEXUS,RX350,IL,2023,NONE,PASSENGER,NOT IN USE,E,PARKED,,,0,,,,,Y,,,,,,,,,,Y,Y,,FRONT-LEFT-CORNER,,,,,,,,,,,,,,,,,,,,,,,,,,,,,,,,,
2116630,b85d5491eda128638dc3c97ed25abcafab41b36162c0bac60b721c36622fd1ca6255befbe59ab14190bb782f9539fbf8ff06feb1ca3ed446229accadcf6d9a3c,07/28/2025 08:17:00 PM,1,DRIVER,,2017798,,BMW,OTHER (EXPLAIN IN NARRATIVE),IL,2018,NONE,PASSENGER,UNKNOWN/NA,W,STRAIGHT AHEAD,Y,,1,,CITY OF CHICAGO,,,Y,,,,,,,,,,Y,Y,,FRONT,,,,,,,,,,,,,,,,,,,,,,,,,,,,,,,,,
2116668,b72c7adcb44a627938ef36b15a8be05740f795cdc102043d4f1d482c6ce3508350fadedde10e011b4c8d88bf7a6155d7c28e4ff303a466dbeeb224b309abd5ad,07/28/2025 08:16:00 PM,1,DRIVER,,2017836,,MINI,COOPER,IL,2009,UNKNOWN,PASSENGER,PERSONAL,E,OTHER,,,1,,,,,,,,,,,,,,,,,,REAR,,,,,,,,,,,,,,,,,,,,,,,,,,,,,,,,,
2116669,b72c7adcb44a627938ef36b15a8be05740f795cdc102043d4f1d482c6ce3508350fadedde10e011b4c8d88bf7a6155d7c28e4ff303a466dbeeb224b309abd5ad,07/28/2025 08:16:00 PM,2,DRIVER,3,2017839,,NISSAN,ALTIMA,IL,2009,UNKNOWN,PASSENGER,PERSONAL,W,OTHER,,,4,,,,,,,,,,,,,,,,,,FRONT,,,,,,,,,,,,,,,,,,,,,,,,,,,,,,,,,
2116604,625764e36c7c20de390e02dcb69c35a6228dcb6b4c31293aa2b8e47aee819ea684a03240ce2abf4bc7d1f842ea7a8c3ae34653ec826b12b58276ebdeb04b4822,07/28/2025 08:10:00 PM,1,DRIVER,1,2017779,,FORD,EDGE,IL,2007,UNKNOWN,PASSENGER,UNKNOWN/NA,NW,BACKING,,,2,,,,,,,,,,Y,,,,,,,,REAR,,,,,,,,,,,,,,,,,,,,,,,,,,,,,,,,,
2116605,625764e36c7c20de390e02dcb69c35a6228dcb6b4c31293aa2b8e47aee819ea684a03240ce2abf4bc7d1f842ea7a8c3ae34653ec826b12b58276ebdeb04b4822,07/28/2025 08:10:00 PM,2,DRIVER,,2017776,,TOYOTA,CORONA,IL,2008,NONE,PASSENGER,PERSONAL,SE,SLOW/STOP IN TRAFFIC,,,1,,,,,,,,,,,,,,,,Y,,FRONT,,,,,,,,,,,,,,,,,,,,,,,,,,,,,,,,,
2117012,8c5beb04e65bff155b5b2ec35f16e4c0131db80ee9aca98d91bfbe43ead7bc3de45c732ff65a9b673ac9d3819d7fec774105b5d6da2f744fa1801132b4286441,07/28/2025 08:01:00 PM,1,DRIVER,,2018153,,AUDI,A6,IL,2018,UNKNOWN,PASSENGER,PERSONAL,S,TURNING RIGHT,,,1,,,,,,,,,,,,,Y,Y,Y,,,FRONT-LEFT-CORNER,,,,,,,,,,,,,,,,,,,,,,,,,,,,,,,,,
2117013,8c5beb04e65bff155b5b2ec35f16e4c0131db80ee9aca98d91bfbe43ead7bc3de45c732ff65a9b673ac9d3819d7fec774105b5d6da2f744fa1801132b4286441,07/28/2025 08:01:00 PM,2,DRIVER,,2018154,,BMW,740I,IL,2021,UNKNOWN,PASSENGER,PERSONAL,W,STRAIGHT AHEAD,Y,,1,,,,,Y,,,,,,,,,,Y,Y,,FRONT,,,,,,,,,,,,,,,,,,,,,,,,,,,,,,,,,
2116923,3c862dac475f37850245fe1a4b97380cb5efb71f56ac33e4a2469eb6bbc2d577425e91257ffdd7c4676e20bbc857a3244328c2990923c6ca237ad3c87126891a,07/28/2025 08:00:00 PM,1,DRIVER,2,2018068,,HONDA,CR-V,IL,2005,UNKNOWN,SPORT UTILITY VEHICLE (SUV),PERSONAL,E,CHANGING LANES,Y,,3,,"E&R, SS# 049315",,,Y,Y,Y,Y,Y,Y,,,,,Y,Y,,FRONT-RIGHT-CORNER,,,,,,,,,,,,,,,,,,,,,,,,,,,,,,,,,
2116924,3c862dac475f37850245fe1a4b97380cb5efb71f56ac33e4a2469eb6bbc2d577425e91257ffdd7c4676e20bbc857a3244328c2990923c6ca237ad3c87126891a,07/28/2025 08:00:00 PM,2,DRIVER,3,2018069,,CADILLAC,ESCALADE,IL,2011,NONE,SPORT UTILITY VEHICLE (SUV),UNKNOWN/NA,E,STRAIGHT AHEAD,,,4,,,,,,,,,,,,,,Y,Y,Y,,FRONT-LEFT-CORNER,,,,,,,,,,,,,,,,,,,,,,,,,,,,,,,,,
2116570,59d682b2a981ebb2373a5cd08e13273089165034c6924286f141ab50753645fd2a851ead648a75d4574800d0871742ae430ba7f5a6896d1cee9620e889219700,07/28/2025 08:00:00 PM,1,DRIVER,,2017751,Y,KENWORTH MOTOR TRUCK COMPANY,OTHER (EXPLAIN IN NARRATIVE),WI,2022,UNKNOWN,TRACTOR W/ SEMI-TRAILER,COMMERCIAL - MULTI-UNIT,E,TURNING LEFT,,,1,,,,,,Y,,Y,,,,,,,,,,SIDE-RIGHT,"21,908",2828439,962435,,DRIVER,1,TIGER TRANSPORT LLC,WI,RIVER FALLS,,,,N,U,,U,,U,N,2828439,,97-102,,53,,65,5,TRACTOR/SEMI-TRAILER,FLATBED,UNKNOWN,,,
2116571,59d682b2a981ebb2373a5cd08e13273089165034c6924286f141ab50753645fd2a851ead648a75d4574800d0871742ae430ba7f5a6896d1cee9620e889219700,07/28/2025 08:00:00 PM,2,DRIVER,,2017767,,TESLA,MODEL Y,IL,2023,UNKNOWN,PASSENGER,PERSONAL,E,TURNING LEFT,Y,,1,,PRIVATE,,,,,,,,,Y,Y,Y,Y,Y,,,SIDE-LEFT,,,,,,,,,,,,,,,,,,,,,,,,,,,,,,,,,
2116619,237ae4e38682473f9913bb14f3675a9edd85bedfdb37511900f615c0b3749f8ceb63820994e65d70481efb604dcd67b37d1d169d6bc3f16b96ff456983ea6bd9,07/28/2025 07:45:00 PM,1,DRIVER,,2017789,,GENERAL MOTORS CORPORATION (GMC),ACADIA,IL,2011,UNKNOWN,SPORT UTILITY VEHICLE (SUV),PERSONAL,N,STRAIGHT AHEAD,,,1,,,,,,,,,,,,,,,,Y,,FRONT,,,,,,,,,,,,,,,,,,,,,,,,,,,,,,,,,
2116620,237ae4e38682473f9913bb14f3675a9edd85bedfdb37511900f615c0b3749f8ceb63820994e65d70481efb604dcd67b37d1d169d6bc3f16b96ff456983ea6bd9,07/28/2025 07:45:00 PM,2,PEDESTRIAN,,,,,,,,,,,,,,,,,,,,,,,,,,,,,,,,,,,,,,,,,,,,,,,,,,,,,,,,,,,,,,,,,,
2116687,b6cc8d0bcbf91eff37a6220c196c41d87df24e2af63883ef5c5c0e20d65b84a8adf5e2f1b57fc18a4cbc2dd56f26fd0670801ffba306b32d3822ced6744c9232,07/28/2025 07:45:00 PM,1,DRIVER,,2017855,,TOYOTA,COROLLA,IL,2008,UNKNOWN,PASSENGER,PERSONAL,E,TURNING LEFT,,,1,,,,,,,,,,,,,,,Y,,,FRONT-LEFT-CORNER,,,,,,,,,,,,,,,,,,,,,,,,,,,,,,,,,
2116688,b6cc8d0bcbf91eff37a6220c196c41d87df24e2af63883ef5c5c0e20d65b84a8adf5e2f1b57fc18a4cbc2dd56f26fd0670801ffba306b32d3822ced6744c9232,07/28/2025 07:45:00 PM,2,DRIVER,,2017854,,FORD,EDGE,IL,2007,UNKNOWN,SPORT UTILITY VEHICLE (SUV),PERSONAL,N,SLOW/STOP IN TRAFFIC,,,1,,,,,,,,,,,Y,,,,,,,REAR-LEFT-CORNER,,,,,,,,,,,,,,,,,,,,,,,,,,,,,,,,,
2116606,11d39c0a70fc031fea5acf190f7bc3a239f85500412790118747f996a052c3648508def11f6b95f88c0b04b45470361984faa9fd949354f3e8f636bdf753fb3c,07/28/2025 07:40:00 PM,1,DRIVER,,2017781,,HYUNDAI,TUCSON,IL,2023,UNKNOWN,PASSENGER,OTHER,E,STRAIGHT AHEAD,,,1,,,,,Y,,,,,,,,,,Y,Y,,FRONT,,,,,,,,,,,,,,,,,,,,,,,,,,,,,,,,,
2116607,11d39c0a70fc031fea5acf190f7bc3a239f85500412790118747f996a052c3648508def11f6b95f88c0b04b45470361984faa9fd949354f3e8f636bdf753fb3c,07/28/2025 07:40:00 PM,2,PARKED,,2017782,,KIA,OPTIMA / K5,IL,2011,NONE,PASSENGER,PERSONAL,W,PARKED,,,0,,,,,,,,,Y,Y,Y,Y,,,,,,REAR,,,,,,,,,,,,,,,,,,,,,,,,,,,,,,,,,
2116572,ac6671416bf1f84759fdbe6bf7d6dff8bb9126bc0e750c508275dfaa809066607b06dcd751c01a5231c2be25b78e14725c04991ede95dfdd6d912882bf7a6d87,07/28/2025 07:40:00 PM,1,DRIVER,,2017743,,HYUNDAI,SONATA,IL,2012,UNKNOWN,PASSENGER,UNKNOWN/NA,N,STRAIGHT AHEAD,,,1,,,,,,,,,,,,,,,,,Y,FRONT,,,,,,,,,,,,,,,,,,,,,,,,,,,,,,,,,
2116573,ac6671416bf1f84759fdbe6bf7d6dff8bb9126bc0e750c508275dfaa809066607b06dcd751c01a5231c2be25b78e14725c04991ede95dfdd6d912882bf7a6d87,07/28/2025 07:40:00 PM,2,BICYCLE,,,,,,,,,,,,,,,,,,,,,,,,,,,,,,,,,,,,,,,,,,,,,,,,,,,,,,,,,,,,,,,,,,
2116641,0ed2fc18fd8dd68ff2fbd05c9114c34df76a2be41edcd06bb19a3b17850ce83b382a4d1f4c2f013bd83280dac65d1424d815f4667e7fff0734ff5be23f3bf1d7,07/28/2025 07:30:00 PM,1,DRIVER,,2017812,,JEEP,PATRIOT,IL,2016,NONE,PASSENGER,PERSONAL,W,STRAIGHT AHEAD,,,1,,,,Y,,,,,,,,,,,,,,FRONT,,,,,,,,,,,,,,,,,,,,,,,,,,,,,,,,,
2116642,0ed2fc18fd8dd68ff2fbd05c9114c34df76a2be41edcd06bb19a3b17850ce83b382a4d1f4c2f013bd83280dac65d1424d815f4667e7fff0734ff5be23f3bf1d7,07/28/2025 07:30:00 PM,2,DRIVER,,2017816,,BMW,745I,IL,2004,NONE,PASSENGER,PERSONAL,N,STRAIGHT AHEAD,Y,,1,,OWNER,,,,,,Y,Y,,,,,,,,,REAR-RIGHT-CORNER,,,,,,,,,,,,,,,,,,,,,,,,,,,,,,,,,
2116568,138f94bfe6457eb8550208b5dd384439744ffdfe4b0fc1d2124e9844876e3b2a77f13e5556df1ca1b3f432bcb4a57b1c23d93f74615dd26396fd156069b36cfb,07/28/2025 07:30:00 PM,1,DRIVER,,2017737,,UNKNOWN,MOTORIZED,,,UNKNOWN,UNKNOWN/NA,UNKNOWN/NA,UNKNOWN,UNKNOWN/NA,,,1,,,,,,,,,,,,,,,,,Y,UNKNOWN,,,,,,,,,,,,,,,,,,,,,,,,,,,,,,,,,
2116569,138f94bfe6457eb8550208b5dd384439744ffdfe4b0fc1d2124e9844876e3b2a77f13e5556df1ca1b3f432bcb4a57b1c23d93f74615dd26396fd156069b36cfb,07/28/2025 07:30:00 PM,2,PARKED,,2017740,,NISSAN,KICKS,IL,2021,NONE,PASSENGER,PERSONAL,UNKNOWN,PARKED,,,0,,,,,,,,,,Y,,,,,,,,REAR,,,,,,,,,,,,,,,,,,,,,,,,,,,,,,,,,
2116939,3ebd63e8bfbe8ff16de201a5e2fcf6f85361453ddb6d0ac845496a2e022721229ab1fccf67fde4c3c98f1704126eeeadd0d7971267e3f55808084d5d84c94801,07/28/2025 07:30:00 PM,1,DRIVER,,2018087,,HYUNDAI,SONATA,IL,2012,UNKNOWN,PASSENGER,PERSONAL,N,STRAIGHT AHEAD,,,1,,,,,,,,,,,,,,,Y,,,FRONT-LEFT-CORNER,,,,,,,,,,,,,,,,,,,,,,,,,,,,,,,,,
2116940,3ebd63e8bfbe8ff16de201a5e2fcf6f85361453ddb6d0ac845496a2e022721229ab1fccf67fde4c3c98f1704126eeeadd0d7971267e3f55808084d5d84c94801,07/28/2025 07:30:00 PM,2,DRIVER,4,2018096,,HYUNDAI,SONATA,IL,2012,UNKNOWN,PASSENGER,PERSONAL,N,STRAIGHT AHEAD,,,5,,,,,Y,Y,,,,,,,,,,,,SIDE-RIGHT,,,,,,,,,,,,,,,,,,,,,,,,,,,,,,,,,