CRASH_UNIT_ID,CRASH_RECORD_ID,CRASH_DATE,UNIT_NO,UNIT_TYPE,NUM_PASSENGERS,VEHICLE_ID,CMRC_VEH_I,MAKE,MODEL,LIC_PLATE_STATE,VEHICLE_YEAR,VEHICLE_DEFECT,VEHICLE_TYPE,VEHICLE_USE,TRAVEL_DIRECTION,MANEUVER,TOWED_I,FIRE_I,OCCUPANT_CNT,EXCEED_SPEED_LIMIT_I,TOWED_BY,TOWED_TO,AREA_00_I,AREA_01_I,AREA_02_I,AREA_03_I,AREA_04_I,AREA_05_I,AREA_06_I,AREA_07_I,AREA_08_I,AREA_09_I,AREA_10_I,AREA_11_I,AREA_12_I,AREA_99_I,FIRST_CONTACT_POINT,CMV_ID,USDOT_NO,CCMC_NO,ILCC_NO,COMMERCIAL_SRC,GVWR,CARRIER_NAME,CARRIER_STATE,CARRIER_CITY,HAZMAT_PLACARDS_I,HAZMAT_NAME,UN_NO,HAZMAT_PRESENT_I,HAZMAT_REPORT_I,HAZMAT_REPORT_NO,MCS_REPORT_I,MCS_REPORT_NO,HAZMAT_VIO_CAUSE_CRASH_I,MCS_VIO_CAUSE_CRASH_I,IDOT_PERMIT_NO,WIDE_LOAD_I,TRAILER1_WIDTH,TRAILER2_WIDTH,TRAILER1_LENGTH,TRAILER2_LENGTH,TOTAL_VEHICLE_LENGTH,AXLE_CNT,VEHICLE_CONFIG,CARGO_BODY_TYPE,LOAD_TYPE,HAZMAT_OUT_OF_SERVICE_I,MCS_OUT_OF_SERVICE_I,HAZMAT_CLASS
2119375,720385e8f4238c5fc6d0936d68f6dc0b10ab91451b5af906aca6830ad6bca7501a85dd8995f6ac6b9153a6f05f58d9d7cb5ebd227a25063000867ec3cce7bf16,07/28/2025 07:30:00 PM,1,DRIVER,,2020374,,UNKNOWN,MOTORIZED,IL,,UNKNOWN,PICKUP,UNKNOWN/NA,W,STRAIGHT AHEAD,,,1,,,,,Y,,,,,,,,,,,Y,,FRONT,,,,,,,,,,,,,,,,,,,,,,,,,,,,,,,,,
2119376,720385e8f4238c5fc6d0936d68f6dc0b10ab91451b5af906aca6830ad6bca7501a85dd8995f6ac6b9153a6f05f58d9d7cb5ebd227a25063000867ec3cce7bf16,07/28/2025 07:30:00 PM,2,PARKED,,2020375,,HONDA,ACCORD,IL,2015,NONE,PASSENGER,NOT IN USE,W,PARKED,,,0,,,,,,,,,,,,,,N,Y,Y,,FRONT-LEFT-CORNER,,,,,,,,,,,,,,,,,,,,,,,,,,,,,,,,,
2119377,720385e8f4238c5fc6d0936d68f6dc0b10ab91451b5af906aca6830ad6bca7501a85dd8995f6ac6b9153a6f05f58d9d7cb5ebd227a25063000867ec3cce7bf16,07/28/2025 07:30:00 PM,3,PARKED,,2020376,,AUDI,Q5,MN,2016,UNKNOWN,SPORT UTILITY VEHICLE (SUV),NOT IN USE,W,PARKED,,,0,,,,,,,,,,Y,Y,,,,,,,SIDE-LEFT-REAR,,,,,,,,,,,,,,,,,,,,,,,,,,,,,,,,,
2116617,b093d168d716d4fdee02f1617eaab3aa425e0922f28f33818655b89f8de03a5d4e40c689401950bfbff2357d36407db7d1b00c03ce99cfbc1ba7af2f9bfe2b29,07/28/2025 07:30:00 PM,1,DRIVER,,2017802,,CHEVROLET,OTHER (EXPLAIN IN NARRATIVE),CA,,UNKNOWN,SPORT UTILITY VEHICLE (SUV),UNKNOWN/NA,S,PASSING/OVERTAKING,,,1,,,,,Y,Y,Y,,,,,,,,,,,SIDE-RIGHT-FRONT,,,,,,,,,,,,,,,,,,,,,,,,,,,,,,,,,
2116618,b093d168d716d4fdee02f1617eaab3aa425e0922f28f33818655b89f8de03a5d4e40c689401950bfbff2357d36407db7d1b00c03ce99cfbc1ba7af2f9bfe2b29,07/28/2025 07:30:00 PM,2,DRIVER,,2017793,,HYUNDAI,SONATA,,2012,NONE,PASSENGER,PERSONAL,S,STRAIGHT AHEAD,,,1,,,,,,,,,,,,,Y,Y,,,,SIDE-LEFT-FRONT,,,,,,,,,,,,,,,,,,,,,,,,,,,,,,,,,
2116582,c1e88acf580296aa26683b7556b1a3230c894281cadc3fde99a07a8280af854625d214353c51408732bcaf52d4ac5da1d93ed01a3779c34ca0d6d7f6303c1544,07/28/2025 07:27:00 PM,1,DRIVER,,2017761,,FORD,ESCAPE,IL,,UNKNOWN,PASSENGER,UNKNOWN/NA,S,STRAIGHT AHEAD,,,1,,,,,,,,,,,,,,,N,,Y,UNKNOWN,,,,,,,,,,,,,,,,,,,,,,,,,,,,,,,,,
2116583,c1e88acf580296aa26683b7556b1a3230c894281cadc3fde99a07a8280af854625d214353c51408732bcaf52d4ac5da1d93ed01a3779c34ca0d6d7f6303c1544,07/28/2025 07:27:00 PM,2,DRIVER,,2017768,,KIA,SELTOS,IL,2023,NONE,SPORT UTILITY VEHICLE (SUV),PERSONAL,N,TURNING LEFT,,,1,,,,,Y,Y,N,,,,,,,,,,,SIDE-RIGHT-FRONT,,,,,,,,,,,,,,,,,,,,,,,,,,,,,,,,,
2116556,d9f1e3bb1ab2c86ebc8b6b203cbb4f478a8674b50ed8f708798854284d343acac382e44e27711cd3ab6fcbdcb875be5723d00aa5a8c82a4e8311f89fdc527185,07/28/2025 07:24:00 PM,1,DRIVER,,2017724,,HYUNDAI,SONATA,IL,2007,UNKNOWN,PASSENGER,UNKNOWN/NA,E,PASSING/OVERTAKING,,,1,,,,,,Y,Y,,,,,,,,,,Y,SIDE-RIGHT,,,,,,,,,,,,,,,,,,,,,,,,,,,,,,,,,
2116557,d9f1e3bb1ab2c86ebc8b6b203cbb4f478a8674b50ed8f708798854284d343acac382e44e27711cd3ab6fcbdcb875be5723d00aa5a8c82a4e8311f89fdc527185,07/28/2025 07:24:00 PM,2,DRIVER,,2017732,,NEW FLYER,XCELSIOR XE40,IL,2007,UNKNOWN,BUS OVER 15 PASS.,CTA,E,STRAIGHT AHEAD,,,1,,,,,,,,,,,,,,,,,Y,SIDE-LEFT,,,,,,,,,,,,,,,,,,,,,,,,,,,,,,,,,
2116558,dd278e0969b22895521131db42eeb78643ecfd6bb9db3db1076091edc3eed19cb61d2853be67c8517fd79015befd2f4b895fc13d846ed9aeaee912b7d56d59d4,07/28/2025 07:20:00 PM,1,DRIVER,,2017729,,BUICK,REGAL,IL,2014,UNKNOWN,PASSENGER,UNKNOWN/NA,S,PASSING/OVERTAKING,,,1,,,,,,,,,,,,,,,Y,,,FRONT-LEFT-CORNER,,,,,,,,,,,,,,,,,,,,,,,,,,,,,,,,,
2116559,dd278e0969b22895521131db42eeb78643ecfd6bb9db3db1076091edc3eed19cb61d2853be67c8517fd79015befd2f4b895fc13d846ed9aeaee912b7d56d59d4,07/28/2025 07:20:00 PM,2,DRIVER,,2017742,,HONDA,ACCORD,IL,2021,UNKNOWN,PASSENGER,UNKNOWN/NA,S,STRAIGHT AHEAD,,,1,,,,,,,,,Y,,,,,,,,,REAR-RIGHT-CORNER,,,,,,,,,,,,,,,,,,,,,,,,,,,,,,,,,
2123288,06af2f31d1aba65d5bd7d3e30301a0210feb68b7bd1ae94f1b7a0208c3f277876e4e33fa9103ceeeb939ca80e8e2c95c5e8a8570c3ef3653f1fd7cce60fb87d0,07/28/2025 07:08:00 PM,1,DRIVER,,2024176,,FORD,ECONOLINE E450,IL,2017,UNKNOWN,BUS UP TO 15 PASS.,OTHER,E,SLOW/STOP IN TRAFFIC,,,1,,,,,,,,,,,,,,,,,Y,SIDE-RIGHT,,,,,,,,,,,,,,,,,,,,,,,,,,,,,,,,,
2123289,06af2f31d1aba65d5bd7d3e30301a0210feb68b7bd1ae94f1b7a0208c3f277876e4e33fa9103ceeeb939ca80e8e2c95c5e8a8570c3ef3653f1fd7cce60fb87d0,07/28/2025 07:08:00 PM,2,BICYCLE,,,,,,,,,,,,,,,,,,,,,,,,,,,,,,,,,,,,,,,,,,,,,,,,,,,,,,,,,,,,,,,,,,
2116576,01bc42f844616d19c999bbe5dd60257f79b9dc88f914a86f83e85652624f94fddcf21892729c37faf2101d1a1b9a63f6a5c47d5eb2b8fc7146828281e6c4d36d,07/28/2025 07:05:00 PM,1,DRIVER,,2017752,,HYUNDAI,ELANTRA,IL,2017,UNKNOWN,PASSENGER,PERSONAL,E,STRAIGHT AHEAD,Y,,1,,CITY OF CHICAGO,DOTY ROAD,,,,N,N,,,,,,,,,,FRONT,,,,,,,,,,,,,,,,,,,,,,,,,,,,,,,,,
2116577,01bc42f844616d19c999bbe5dd60257f79b9dc88f914a86f83e85652624f94fddcf21892729c37faf2101d1a1b9a63f6a5c47d5eb2b8fc7146828281e6c4d36d,07/28/2025 07:05:00 PM,2,DRIVER,2,2017772,,NISSAN,ROGUE,IL,2011,NONE,PASSENGER,PERSONAL,N,STRAIGHT AHEAD,Y,,3,,PERSONAL TOW,,,,,Y,Y,Y,Y,Y,Y,Y,,,,,REAR,,,,,,,,,,,,,,,,,,,,,,,,,,,,,,,,,
2116560,4c295e7c074c211a400796bb427cdca2bcc285e3a5d070d196694db34d0d4e47e43dace1f92bad0c1fae9bf10a598f325e6f66152aeea6e86bf9f7aa925f2311,07/28/2025 07:00:00 PM,1,DRIVER,,2017745,,DODGE,RAM 1500 VAN,IL,2014,UNKNOWN,VAN/MINI-VAN,PERSONAL,E,PASSING/OVERTAKING,,,1,,,,,,,,,,,,,Y,Y,Y,,,UNKNOWN,,,,,,,,,,,,,,,,,,,,,,,,,,,,,,,,,
2116561,4c295e7c074c211a400796bb427cdca2bcc285e3a5d070d196694db34d0d4e47e43dace1f92bad0c1fae9bf10a598f325e6f66152aeea6e86bf9f7aa925f2311,07/28/2025 07:00:00 PM,2,DRIVER,2,2017736,,HYUNDAI,SANTA FE,IL,2013,UNKNOWN,SPORT UTILITY VEHICLE (SUV),PERSONAL,E,STRAIGHT AHEAD,,,3,,,,,,,Y,Y,Y,,,,,,,,,REAR-RIGHT-CORNER,,,,,,,,,,,,,,,,,,,,,,,,,,,,,,,,,
2118308,ac519946321dcc707378035b9519468e034c6d2942d8f5ee695cbda802082c60968589f7e20a43120d1244e9cb5c75728db5ca22d0ce9af5d6647160066778a9,07/28/2025 07:00:00 PM,1,DRIVER,,2019349,,UNKNOWN,OTHER (EXPLAIN IN NARRATIVE),,,UNKNOWN,UNKNOWN/NA,UNKNOWN/NA,UNKNOWN,UNKNOWN/NA,,,1,,,,,,,,,,,,,,,,,Y,UNKNOWN,,,,,,,,,,,,,,,,,,,,,,,,,,,,,,,,,
2118309,ac519946321dcc707378035b9519468e034c6d2942d8f5ee695cbda802082c60968589f7e20a43120d1244e9cb5c75728db5ca22d0ce9af5d6647160066778a9,07/28/2025 07:00:00 PM,2,PARKED,,2019352,,BMW,OTHER (EXPLAIN IN NARRATIVE),IL,2023,NONE,PASSENGER,NOT IN USE,W,PARKED,,,0,,,,,,,,,,,,,,Y,Y,,,FRONT-LEFT-CORNER,,,,,,,,,,,,,,,,,,,,,,,,,,,,,,,,,
2116588,ba7b2bab0b4386d302cc8a3d0c26a86e3c8b548a5afe9a4db35a54c0191b7f65336746e789dee7ed78420fccbebec98e347f2c5172eaadb1ef69cdadf382e373,07/28/2025 07:00:00 PM,1,DRIVER,,2017757,,UNKNOWN,OTHER (EXPLAIN IN NARRATIVE),IL,,NONE,PASSENGER,PERSONAL,UNKNOWN,UNKNOWN/NA,,,1,,,,,,,,,,,,,,,,,Y,UNKNOWN,,,,,,,,,,,,,,,,,,,,,,,,,,,,,,,,,
2116589,ba7b2bab0b4386d302cc8a3d0c26a86e3c8b548a5afe9a4db35a54c0191b7f65336746e789dee7ed78420fccbebec98e347f2c5172eaadb1ef69cdadf382e373,07/28/2025 07:00:00 PM,2,PARKED,,2017775,,CHEVROLET,EQUINOX,IL,2024,NONE,PASSENGER,PERSONAL,S,PARKED,,,0,,,,,,,,,,,Y,Y,,,,,,REAR-LEFT-CORNER,,,,,,,,,,,,,,,,,,,,,,,,,,,,,,,,,
2116564,4677d81be65c587ff3de04d4280d3149557cab00454871c9ca12641567f537ecccccf0d0529d1e6465251f3e0623eb056210a7c7d080e4764fea02bf6e1e0fe7,07/28/2025 06:45:00 PM,1,DRIVER,,2017738,,TOYOTA,PRIUS,IL,2012,UNKNOWN,PASSENGER,TAXI/FOR HIRE,W,STRAIGHT AHEAD,,,1,,,,,,,,,,,,,,,,Y,,FRONT,,,,,,,,,,,,,,,,,,,,,,,,,,,,,,,,,
2116565,4677d81be65c587ff3de04d4280d3149557cab00454871c9ca12641567f537ecccccf0d0529d1e6465251f3e0623eb056210a7c7d080e4764fea02bf6e1e0fe7,07/28/2025 06:45:00 PM,2,DRIVER,,2017744,,JEEP,COMPASS,IL,2021,UNKNOWN,PASSENGER,UNKNOWN/NA,W,SLOW/STOP IN TRAFFIC,,,1,,,,,,,,,,Y,,,,,,,,REAR,,,,,,,,,,,,,,,,,,,,,,,,,,,,,,,,,
2116708,9b0940df794d49f1331514023df1a78185f568fbad1513933739c1015263b802550bf58c364daa3eb65569f2a898affd2d6b2ae11e508faa50d8fcf25ac21ded,07/28/2025 06:45:00 PM,1,DRIVER,,2017874,,UNKNOWN,MOTORIZED,,,NONE,UNKNOWN/NA,UNKNOWN/NA,UNKNOWN,UNKNOWN/NA,,,1,,,,,,,,,,,,,,,,,Y,UNKNOWN,,,,,,,,,,,,,,,,,,,,,,,,,,,,,,,,,
2116709,9b0940df794d49f1331514023df1a78185f568fbad1513933739c1015263b802550bf58c364daa3eb65569f2a898affd2d6b2ae11e508faa50d8fcf25ac21ded,07/28/2025 06:45:00 PM,2,PARKED,,2017876,,TOYOTA,CAMRY,IL,2019,NONE,PASSENGER,NOT IN USE,W,PARKED,,,0,,,,,,,,,,,Y,,,,,,,REAR,,,,,,,,,,,,,,,,,,,,,,,,,,,,,,,,,
2119216,baa94ecf06ee18198067134b1dfaefa4a1ff418b6dc8637f9fbfabe4a72a604a10084002e88e72eac79cc56e8c27b064af3f97348b7fd20ff95f45894a6fc429,07/28/2025 06:45:00 PM,1,DRIVER,,2020237,,UNKNOWN,MOTORIZED,,,UNKNOWN,PASSENGER,UNKNOWN/NA,SE,STRAIGHT AHEAD,,,1,,,,,,,,Y,Y,,,,,,,,,REAR-RIGHT-CORNER,,,,,,,,,,,,,,,,,,,,,,,,,,,,,,,,,
2119217,baa94ecf06ee18198067134b1dfaefa4a1ff418b6dc8637f9fbfabe4a72a604a10084002e88e72eac79cc56e8c27b064af3f97348b7fd20ff95f45894a6fc429,07/28/2025 06:45:00 PM,2,PARKED,,2020238,,TOYOTA,RAV4,IL,2021,NONE,SPORT UTILITY VEHICLE (SUV),NOT IN USE,SE,PARKED,,,0,,,,,,,,,,,Y,,,,,,,SIDE-LEFT-REAR,,,,,,,,,,,,,,,,,,,,,,,,,,,,,,,,,
2116554,a188b12ee23f563d10e577e44b99e7cef8dbba8390b4058d727644b0e7aa8fff549d978774f56442fa260892c69a04af278353a183e890590ca736b709a5891e,07/28/2025 06:40:00 PM,1,DRIVER,,2017721,,MITSUBISHI,OUTLANDER,IL,2015,BRAKES,PASSENGER,PERSONAL,W,TURNING LEFT,,,1,,,,,Y,Y,,,,,,,,,,,,FRONT-RIGHT-CORNER,,,,,,,,,,,,,,,,,,,,,,,,,,,,,,,,,
2116555,a188b12ee23f563d10e577e44b99e7cef8dbba8390b4058d727644b0e7aa8fff549d978774f56442fa260892c69a04af278353a183e890590ca736b709a5891e,07/28/2025 06:40:00 PM,2,DRIVER,,2017726,,FORD,EXPLORER,IL,2014,NONE,PICKUP,PERSONAL,S,STRAIGHT AHEAD,,,1,,,,,,,,,,,,,Y,,,,,SIDE-LEFT,,,,,,,,,,,,,,,,,,,,,,,,,,,,,,,,,
2116518,d956bb531367c9e9fde19d9b92dfce2392c2da14068f52883e219322f79151ebd8dd22d482632ccbae019fa09001f9f06c3a5af8d9ca8eb1cb2df6082dc76ba7,07/28/2025 06:32:00 PM,1,DRIVER,,2017722,Y,VOLVO,OTHER (EXPLAIN IN NARRATIVE),IN,2005,UNKNOWN,TRUCK - SINGLE UNIT,UNKNOWN/NA,S,PASSING/OVERTAKING,,,1,,,,,,,,,,,,,,,,,,FRONT,"21,906",128493,,,DRIVER,1,PIGGY BAK LEASING,IN,GARY,,,,N,N,,N,,N,N,,,,,,,,,TRUCK/TRACTOR,OTHER,UNKNOWN,N,N,
2116519,d956bb531367c9e9fde19d9b92dfce2392c2da14068f52883e219322f79151ebd8dd22d482632ccbae019fa09001f9f06c3a5af8d9ca8eb1cb2df6082dc76ba7,07/28/2025 06:32:00 PM,2,DRIVER,1,2017730,,TOYOTA,CAMRY,IL,2002,UNKNOWN,PASSENGER,UNKNOWN/NA,S,STRAIGHT AHEAD,,,2,,,,,,,,Y,Y,,,,,,,,,REAR,,,,,,,,,,,,,,,,,,,,,,,,,,,,,,,,,
2116520,d956bb531367c9e9fde19d9b92dfce2392c2da14068f52883e219322f79151ebd8dd22d482632ccbae019fa09001f9f06c3a5af8d9ca8eb1cb2df6082dc76ba7,07/28/2025 06:32:00 PM,3,DRIVER,,2017739,Y,VOLVO,OTHER (EXPLAIN IN NARRATIVE),IN,2018,UNKNOWN,TRACTOR W/ SEMI-TRAILER,COMMERCIAL - MULTI-UNIT,N,STRAIGHT AHEAD,,,1,,,,,,,,,,,,,,,,,,OTHER,"21,907",,,,,1,312 HAULING LLC,IL,NORRIDGE,,,,N,N,,,,N,N,,,,,,,,,UNKNOWN HEAVY TRUCK,AUTO TRANSPORTER,UNKNOWN,N,N,MISCELLANEOUS
2116498,03a8fcafff2d2121544bffaa8c1ea38948577d6f6aad17cc16beea4f9ead9f9c7c4410dff0187a53a5ce5a882bb305fb41f35c37deefe9c01f3988a34147444f,07/28/2025 06:30:00 PM,1,DRIVER,,2017670,,NISSAN,MURANO,IL,2004,NONE,PASSENGER,PERSONAL,S,OTHER,,,1,,,,,,,,,,,,,,,Y,Y,,FRONT-LEFT-CORNER,,,,,,,,,,,,,,,,,,,,,,,,,,,,,,,,,
2116499,03a8fcafff2d2121544bffaa8c1ea38948577d6f6aad17cc16beea4f9ead9f9c7c4410dff0187a53a5ce5a882bb305fb41f35c37deefe9c01f3988a34147444f,07/28/2025 06:30:00 PM,2,DRIVER,,2017683,,TOYOTA,CAMRY,IL,2017,NONE,PASSENGER,TAXI/FOR HIRE,S,AVOIDING VEHICLES/OBJECTS,,,1,,,,,,,,,Y,,,,,,,,,REAR-RIGHT-CORNER,,,,,,,,,,,,,,,,,,,,,,,,,,,,,,,,,
2116810,78b5f344b85bcbaaab37d1bb3dbc8f74f9da88ab345375243beda1a00b27cfa15199014b3bca713cfd06900db296a65d15a26850c31317c884283095226ca038,07/28/2025 06:30:00 PM,1,DRIVER,,2017962,,CHEVROLET,SILVERADO,IL,2019,NONE,PASSENGER,PERSONAL,E,BACKING,,,1,,,,,,,,,,,Y,Y,,,,,,SIDE-LEFT-REAR,,,,,,,,,,,,,,,,,,,,,,,,,,,,,,,,,
2116811,78b5f344b85bcbaaab37d1bb3dbc8f74f9da88ab345375243beda1a00b27cfa15199014b3bca713cfd06900db296a65d15a26850c31317c884283095226ca038,07/28/2025 06:30:00 PM,2,PARKED,,2017966,,BUICK,CENTURY,IL,1995,NONE,PASSENGER,PERSONAL,E,PARKED,,,0,,,,,Y,,,,,,,,,,Y,Y,,FRONT,,,,,,,,,,,,,,,,,,,,,,,,,,,,,,,,,
2116480,9ef26d1086c5b23156dfe0a2044ec26e180b0e333ae93b2d8cfc0ddfb257d5fd15db9f1aaaf10defe99b64e064612697f22bd0f20b302b229e702eeded0bd23d,07/28/2025 06:25:00 PM,1,DRIVER,,2017655,,VOLVO,XC90,IL,2025,NONE,PASSENGER,PERSONAL,W,TURNING RIGHT,,,1,,,,,,,,,,,,,,Y,Y,,,FRONT-RIGHT-CORNER,,,,,,,,,,,,,,,,,,,,,,,,,,,,,,,,,
2116481,9ef26d1086c5b23156dfe0a2044ec26e180b0e333ae93b2d8cfc0ddfb257d5fd15db9f1aaaf10defe99b64e064612697f22bd0f20b302b229e702eeded0bd23d,07/28/2025 06:25:00 PM,2,DRIVER,,2017659,,LEXUS,IS350,IL,2024,NONE,PASSENGER,PERSONAL,W,TURNING RIGHT,,,1,,,,,Y,Y,Y,,,,,,,,N,,,SIDE-RIGHT,,,,,,,,,,,,,,,,,,,,,,,,,,,,,,,,,
2116484,964f9d7a458a701740d15765e6699ec4a2a6c824f0edbf4a14e939d75278d4bddc55c8a5d8e3f3166041955212a777ab795d1e0b157b3d310f706371ef926ab4,07/28/2025 06:23:00 PM,1,DRIVER,,2017656,,NISSAN,SENTRA,IL,2011,UNKNOWN,PASSENGER,UNKNOWN/NA,UNKNOWN,UNKNOWN/NA,,,1,,,,,,,,,,,,,,,,,Y,UNKNOWN,,,,,,,,,,,,,,,,,,,,,,,,,,,,,,,,,
2116485,964f9d7a458a701740d15765e6699ec4a2a6c824f0edbf4a14e939d75278d4bddc55c8a5d8e3f3166041955212a777ab795d1e0b157b3d310f706371ef926ab4,07/28/2025 06:23:00 PM,2,PARKED,,2017652,,DODGE,CHALLENGER,IL,2018,UNKNOWN,PASSENGER,PERSONAL,E,PARKED,,,0,,,,,,,,,Y,,,,,,,,,REAR-RIGHT-CORNER,,,,,,,,,,,,,,,,,,,,,,,,,,,,,,,,,
2116532,d24c338eee0f0a69f3b1326fc6a657c1c2303b375dcb823dc0ac1a20e81623206f0435dc1b76d3b9f37230d4441bb59e629ec5b7a1d534d8c531dbc2fc793672,07/28/2025 06:20:00 PM,1,DRIVER,,2017697,,LAND ROVER,RANGE ROVER (EVOQUE / SPORT / VELAR),IL,2023,UNKNOWN,SPORT UTILITY VEHICLE (SUV),PERSONAL,S,STRAIGHT AHEAD,,,1,,,,,,,,,,,,,Y,Y,Y,,,FRONT-LEFT-CORNER,,,,,,,,,,,,,,,,,,,,,,,,,,,,,,,,,
2116528,3da872bc3ab416c098cef9b5444472d7e80315efedc99ac50c3a75e38a6ac6da6144ba5478540bdffa92360e63803d3be3ac7103c55e9054f636aeed29e5fe7a,07/28/2025 06:09:00 PM,1,DRIVER,,2017702,,CHEVROLET,TRAX,IL,2020,UNKNOWN,PASSENGER,PERSONAL,N,STRAIGHT AHEAD,,,1,,,,,,Y,Y,Y,,,,,,,,,,SIDE-RIGHT,,,,,,,,,,,,,,,,,,,,,,,,,,,,,,,,,
2116529,3da872bc3ab416c098cef9b5444472d7e80315efedc99ac50c3a75e38a6ac6da6144ba5478540bdffa92360e63803d3be3ac7103c55e9054f636aeed29e5fe7a,07/28/2025 06:09:00 PM,2,DRIVER,,2017709,,GENERAL MOTORS CORPORATION (GMC),SIERRA,IL,1997,NONE,PICKUP,OTHER,N,STRAIGHT AHEAD,,,1,,,,Y,,,,,,,,,,,,,,SIDE-LEFT,,,,,,,,,,,,,,,,,,,,,,,,,,,,,,,,,
2116514,4a402df67c2e66c9c6763e7171e000cef40d48c869bd86c24f58026996d55bdc922b7601bb298f9522f9cfe0249b3f213ba4d62bba89615c0233470e0ba6b914,07/28/2025 06:08:00 PM,1,DRIVER,1,2017682,,CHEVROLET,MALIBU,MS,2019,UNKNOWN,PASSENGER,PERSONAL,W,TURNING LEFT,,,2,,,,,,,,,,,Y,Y,Y,,,,,SIDE-LEFT,,,,,,,,,,,,,,,,,,,,,,,,,,,,,,,,,
2116515,4a402df67c2e66c9c6763e7171e000cef40d48c869bd86c24f58026996d55bdc922b7601bb298f9522f9cfe0249b3f213ba4d62bba89615c0233470e0ba6b914,07/28/2025 06:08:00 PM,2,DRIVER,,2017688,,CHEVROLET,TRAX,IL,2024,UNKNOWN,SPORT UTILITY VEHICLE (SUV),PERSONAL,W,TURNING LEFT,,,1,,,,,Y,Y,,,,,,,,,,,,FRONT-RIGHT-CORNER,,,,,,,,,,,,,,,,,,,,,,,,,,,,,,,,,
2121460,0166d0c21342bc72f2e53ff2f9dbac82c324c27581a1fd1c6d155260cfff30f6af6d9676315675e0fa3c5f2d8f01a537fe9e770da3502e2ca1994fdd8e04e73a,07/28/2025 06:00:00 PM,1,DRIVER,,2022392,,UNKNOWN,OTHER (EXPLAIN IN NARRATIVE),,,UNKNOWN,PICKUP,UNKNOWN/NA,E,STRAIGHT AHEAD,,,1,,,,,,,,,,,,,,,,,Y,UNKNOWN,,,,,,,,,,,,,,,,,,,,,,,,,,,,,,,,,
2121461,0166d0c21342bc72f2e53ff2f9dbac82c324c27581a1fd1c6d155260cfff30f6af6d9676315675e0fa3c5f2d8f01a537fe9e770da3502e2ca1994fdd8e04e73a,07/28/2025 06:00:00 PM,2,PARKED,,2022397,,HONDA,ACCORD,IL,2010,NONE,PASSENGER,PERSONAL,E,PARKED,,,0,,,,,,,,,,,Y,Y,Y,Y,Y,,,SIDE-LEFT,,,,,,,,,,,,,,,,,,,,,,,,,,,,,,,,,
2121914,43bdde6c3d29d3848f007ef8f3696fc8606629c94c88d4c42e67acc7902a9d375a7684a1576e08f3f0433905de1f80819ab068abd4b83504d5ffc2090a47a99f,07/28/2025 06:00:00 PM,1,DRIVER,1,2022837,,UNKNOWN,OTHER (EXPLAIN IN NARRATIVE),XX,,UNKNOWN,SPORT UTILITY VEHICLE (SUV),UNKNOWN/NA,S,STRAIGHT AHEAD,,,2,,,,,Y,,,,,,,,,,,,,FRONT-RIGHT-CORNER,,,,,,,,,,,,,,,,,,,,,,,,,,,,,,,,,
2121915,43bdde6c3d29d3848f007ef8f3696fc8606629c94c88d4c42e67acc7902a9d375a7684a1576e08f3f0433905de1f80819ab068abd4b83504d5ffc2090a47a99f,07/28/2025 06:00:00 PM,2,NON-CONTACT VEHICLE,,,,,,,,,,,,,,,,,,,,,,,,,,,,,,,,,,,,,,,,,,,,,,,,,,,,,,,,,,,,,,,,,,
2119252,5e8e7bf4512a9a19e8dc009bc32d2b63044ea29bb39278446dc0b0b935816b03a231ad1487fb2bd2121127357c82ab748c90b53f9a9b471a447003b6269d768a,07/28/2025 06:00:00 PM,1,DRIVER,,2020270,,UNKNOWN,OTHER (EXPLAIN IN NARRATIVE),,,UNKNOWN,UNKNOWN/NA,UNKNOWN/NA,UNKNOWN,UNKNOWN/NA,,,1,,,,,,,,,,,,,,,,,Y,UNKNOWN,,,,,,,,,,,,,,,,,,,,,,,,,,,,,,,,,
2119253,5e8e7bf4512a9a19e8dc009bc32d2b63044ea29bb39278446dc0b0b935816b03a231ad1487fb2bd2121127357c82ab748c90b53f9a9b471a447003b6269d768a,07/28/2025 06:00:00 PM,2,PARKED,,2020274,,MAZDA,MAZDA6,,2015,NONE,PASSENGER,PERSONAL,E,PARKED,,,0,,,,,,,,,,,,,Y,,,,,SIDE-LEFT,,,,,,,,,,,,,,,,,,,,,,,,,,,,,,,,,
2126907,8075a6e0a45de8ddfd12f853f9be5ad089b11a97054d6ef2238273e23b883b06d921635fca8bbac9c272fbe5a99254a58041af438c55c7544bee4fc65b7b8004,07/28/2025 06:00:00 PM,1,DRIVERLESS,,2027596,,SCION,FR-S,IL,2013,UNKNOWN,PASSENGER,PERSONAL,E,DRIVERLESS,Y,,0,,BLUECROSS TOWING  & RECOVERY,4223 W. MAYPOLE AVE,,,,,,,,,,,Y,Y,Y,,FRONT-LEFT-CORNER,,,,,,,,,,,,,,,,,,,,,,,,,,,,,,,,,
2126908,8075a6e0a45de8ddfd12f853f9be5ad089b11a97054d6ef2238273e23b883b06d921635fca8bbac9c272fbe5a99254a58041af438c55c7544bee4fc65b7b8004,07/28/2025 06:00:00 PM,2,PARKED,,2027604,,UNKNOWN,OTHER (EXPLAIN IN NARRATIVE),IL,,UNKNOWN,UNKNOWN/NA,UNKNOWN/NA,W,PARKED,,,0,,,,,,,,,,,,,,,,Y,,FRONT,,,,,,,,,,,,,,,,,,,,,,,,,,,,,,,,,