CRASH_UNIT_ID,CRASH_RECORD_ID,CRASH_DATE,UNIT_NO,UNIT_TYPE,NUM_PASSENGERS,VEHICLE_ID,CMRC_VEH_I,MAKE,MODEL,LIC_PLATE_STATE,VEHICLE_YEAR,VEHICLE_DEFECT,VEHICLE_TYPE,VEHICLE_USE,TRAVEL_DIRECTION,MANEUVER,TOWED_I,FIRE_I,OCCUPANT_CNT,EXCEED_SPEED_LIMIT_I,TOWED_BY,TOWED_TO,AREA_00_I,AREA_01_I,AREA_02_I,AREA_03_I,AREA_04_I,AREA_05_I,AREA_06_I,AREA_07_I,AREA_08_I,AREA_09_I,AREA_10_I,AREA_11_I,AREA_12_I,AREA_99_I,FIRST_CONTACT_POINT,CMV_ID,USDOT_NO,CCMC_NO,ILCC_NO,COMMERCIAL_SRC,GVWR,CARRIER_NAME,CARRIER_STATE,CARRIER_CITY,HAZMAT_PLACARDS_I,HAZMAT_NAME,UN_NO,HAZMAT_PRESENT_I,HAZMAT_REPORT_I,HAZMAT_REPORT_NO,MCS_REPORT_I,MCS_REPORT_NO,HAZMAT_VIO_CAUSE_CRASH_I,MCS_VIO_CAUSE_CRASH_I,IDOT_PERMIT_NO,WIDE_LOAD_I,TRAILER1_WIDTH,TRAILER2_WIDTH,TRAILER1_LENGTH,TRAILER2_LENGTH,TOTAL_VEHICLE_LENGTH,AXLE_CNT,VEHICLE_CONFIG,CARGO_BODY_TYPE,LOAD_TYPE,HAZMAT_OUT_OF_SERVICE_I,MCS_OUT_OF_SERVICE_I,HAZMAT_CLASS
2126947,8075a6e0a45de8ddfd12f853f9be5ad089b11a97054d6ef2238273e23b883b06d921635fca8bbac9c272fbe5a99254a58041af438c55c7544bee4fc65b7b8004,07/28/2025 06:00:00 PM,3,PARKED,,2027605,,UNKNOWN,OTHER (EXPLAIN IN NARRATIVE),IL,,UNKNOWN,UNKNOWN/NA,UNKNOWN/NA,W,PARKED,,,0,,,,,,,,,,,,,,,,Y,,FRONT,,,,,,,,,,,,,,,,,,,,,,,,,,,,,,,,,
2117066,95b2d6710fa10b6d7c94357be06144da431076920013f886dd64aa6a8857a355fff0ab21459865f2c3a4034726dac5694166fe286db2e51b020a575748111d9d,07/28/2025 06:00:00 PM,1,DRIVER,,2018207,,UNKNOWN,OTHER (EXPLAIN IN NARRATIVE),,,UNKNOWN,UNKNOWN/NA,UNKNOWN/NA,UNKNOWN,UNKNOWN/NA,,,1,,,,,,,,,,,,,,,,,Y,UNKNOWN,,,,,,,,,,,,,,,,,,,,,,,,,,,,,,,,,
2117067,95b2d6710fa10b6d7c94357be06144da431076920013f886dd64aa6a8857a355fff0ab21459865f2c3a4034726dac5694166fe286db2e51b020a575748111d9d,07/28/2025 06:00:00 PM,2,PARKED,,2018213,,TOYOTA,COROLLA,IL,2022,NONE,PASSENGER,OTHER,W,PARKED,,,0,,,,,Y,Y,,,,,,,,,,,,SIDE-RIGHT-FRONT,,,,,,,,,,,,,,,,,,,,,,,,,,,,,,,,,
2116510,b706725c84531b152eff09995412bd59246e1f237977c0be020905ce8bd8e3331f62ae954a3ace3459df44b1e0ffcb06c33cbf9cbfddda0d1857ea7c7087ce5d,07/28/2025 06:00:00 PM,1,DRIVER,,2017678,,FORD,ESCAPE,IL,2019,NONE,PASSENGER,PERSONAL,UNKNOWN,OTHER,,,1,,,,,,,,,,,,,,,,Y,,FRONT,,,,,,,,,,,,,,,,,,,,,,,,,,,,,,,,,
2116511,b706725c84531b152eff09995412bd59246e1f237977c0be020905ce8bd8e3331f62ae954a3ace3459df44b1e0ffcb06c33cbf9cbfddda0d1857ea7c7087ce5d,07/28/2025 06:00:00 PM,2,DRIVER,,2017685,,FORD,OTHER (EXPLAIN IN NARRATIVE),IL,2016,NONE,OTHER,CONSTRUCTION/MAINTENANCE,W,BACKING,,,1,,,,Y,,,,,,N,,,,,,,,REAR,,,,,,,,,,,,,,,,,,,,,,,,,,,,,,,,,
2116488,c96e87ee3291886d346374e9c674497ab48e9702c9db1d5eb67efa237eb7edbd72a5f72bcd69fb95c4f58b3679f634390c978891e255d65fec0b78b9bb7df6b8,07/28/2025 06:00:00 PM,1,DRIVER,,2017675,,TOYOTA,OTHER (EXPLAIN IN NARRATIVE),IL,2001,NONE,PASSENGER,PERSONAL,S,STRAIGHT AHEAD,,,1,,,,,,,,,,,,,,,,,,FRONT,,,,,,,,,,,,,,,,,,,,,,,,,,,,,,,,,
2116489,c96e87ee3291886d346374e9c674497ab48e9702c9db1d5eb67efa237eb7edbd72a5f72bcd69fb95c4f58b3679f634390c978891e255d65fec0b78b9bb7df6b8,07/28/2025 06:00:00 PM,2,DRIVER,,2017691,,HONDA,ACCORD,IL,2020,NONE,PASSENGER,PERSONAL,S,SLOW/STOP IN TRAFFIC,,,1,,,,,,,,,,Y,,,,,,,,REAR,,,,,,,,,,,,,,,,,,,,,,,,,,,,,,,,,
2116574,bba0e5146870e0814c32cfc8f6497c6a7a4caa51027527188f62fb76b254830a520c15890c3e7c99060a728327965440bc26e0353d321e3887366c52b07a1534,07/28/2025 05:57:00 PM,1,DRIVER,,2017750,,CHEVROLET,MALIBU,IL,2016,UNKNOWN,PASSENGER,UNKNOWN/NA,S,SKIDDING/CONTROL LOSS,Y,,1,,CITY OF CHICAGO,701 N SACRAMENTO,,Y,,,,,,,,,,Y,Y,,FRONT,,,,,,,,,,,,,,,,,,,,,,,,,,,,,,,,,
2116575,bba0e5146870e0814c32cfc8f6497c6a7a4caa51027527188f62fb76b254830a520c15890c3e7c99060a728327965440bc26e0353d321e3887366c52b07a1534,07/28/2025 05:57:00 PM,2,PARKED,,2017755,,CHEVROLET,EQUINOX,IL,2020,UNKNOWN,SPORT UTILITY VEHICLE (SUV),NOT IN USE,N,PARKED,,,0,,,,,Y,,,,,,,,,,Y,Y,,FRONT,,,,,,,,,,,,,,,,,,,,,,,,,,,,,,,,,
2116542,0641b7deb0e589047cdf6683d9489e9d9a585c99ffd1e10097247b6f683b7798381d412451eba71ce9bca565a25c1fd539b0991dcff1ebf2835c184467e084a9,07/28/2025 05:56:00 PM,1,DRIVER,,2017717,,FORD,ESCAPE,IL,2018,NONE,PASSENGER,RIDESHARE SERVICE,E,TURNING LEFT,,,1,,,,,Y,Y,,,,,,,,Y,Y,Y,,FRONT,,,,,,,,,,,,,,,,,,,,,,,,,,,,,,,,,
2116543,0641b7deb0e589047cdf6683d9489e9d9a585c99ffd1e10097247b6f683b7798381d412451eba71ce9bca565a25c1fd539b0991dcff1ebf2835c184467e084a9,07/28/2025 05:56:00 PM,2,DRIVER,,2017725,,CADILLAC,XT4,IL,2012,NONE,PASSENGER,PERSONAL,S,STRAIGHT AHEAD,Y,,1,,PRIVATE TOW,PRIVATE TOW,,Y,,,,,,,,,Y,Y,Y,,FRONT-LEFT-CORNER,,,,,,,,,,,,,,,,,,,,,,,,,,,,,,,,,
2138693,1cf198f0f78292dc73346377977bbc1e7722a48817b95ba368fa38fca89e70c805571a22be8285e929728834268d079911e234cc08cfd3b0e1b397f42cb76522,07/28/2025 05:55:00 PM,1,DRIVER,,2038755,,KIA,OPTIMA / K5,IL,2024,NONE,PASSENGER,PERSONAL,S,STRAIGHT AHEAD,,,1,,,,,Y,,,,,,,,,,Y,Y,,FRONT,,,,,,,,,,,,,,,,,,,,,,,,,,,,,,,,,
2138694,1cf198f0f78292dc73346377977bbc1e7722a48817b95ba368fa38fca89e70c805571a22be8285e929728834268d079911e234cc08cfd3b0e1b397f42cb76522,07/28/2025 05:55:00 PM,2,DRIVER,,2038756,,JEEP,GRAND CHEROKEE,IL,2021,NONE,PICKUP,PERSONAL,N,SLOW/STOP IN TRAFFIC,,,1,,,,,,,,,Y,Y,Y,,,,,,,REAR,,,,,,,,,,,,,,,,,,,,,,,,,,,,,,,,,
2116472,e413e6daffb90202b3b5cb50de538f38f695d5d0205aad80844b3b3243f6c6e23beb179b799e0f652e91b62d1f3187cc34fd4b1b91cf051be8be88516ab77b79,07/28/2025 05:52:00 PM,1,DRIVER,,2017658,,UNKNOWN,MOTORIZED,IL,,UNKNOWN,SPORT UTILITY VEHICLE (SUV),UNKNOWN/NA,W,STRAIGHT AHEAD,,,1,,,,,,,,,,,,,,,,Y,,FRONT,,,,,,,,,,,,,,,,,,,,,,,,,,,,,,,,,
2116473,e413e6daffb90202b3b5cb50de538f38f695d5d0205aad80844b3b3243f6c6e23beb179b799e0f652e91b62d1f3187cc34fd4b1b91cf051be8be88516ab77b79,07/28/2025 05:52:00 PM,2,DRIVER,,2017650,,TOYOTA,PRIUS,IL,2018,NONE,PASSENGER,PERSONAL,W,STRAIGHT AHEAD,,,1,,,,,,,,,,Y,Y,,,,,,,REAR,,,,,,,,,,,,,,,,,,,,,,,,,,,,,,,,,
2116494,f34d16f6c99864b9a23f6e0a2bf6cf01f1836fc8e717a0dd959e99757fd83aac376fb3d90717cf76c809ced972cb877a705c5b8a69906b9cea556cce0d40d02c,07/28/2025 05:47:00 PM,1,DRIVER,,2017671,,CHEVROLET,TRAVERSE,IL,2015,NONE,SPORT UTILITY VEHICLE (SUV),PERSONAL,W,BACKING,,,1,,,,,,,,,,Y,Y,,,,,,,REAR-LEFT-CORNER,,,,,,,,,,,,,,,,,,,,,,,,,,,,,,,,,
2116495,f34d16f6c99864b9a23f6e0a2bf6cf01f1836fc8e717a0dd959e99757fd83aac376fb3d90717cf76c809ced972cb877a705c5b8a69906b9cea556cce0d40d02c,07/28/2025 05:47:00 PM,2,DRIVER,,2017680,,TOYOTA,SEQUOIA,IL,2016,NONE,SPORT UTILITY VEHICLE (SUV),PERSONAL,E,SLOW/STOP IN TRAFFIC,,,1,,,,,,,Y,Y,Y,,,,,,,,,REAR-RIGHT-CORNER,,,,,,,,,,,,,,,,,,,,,,,,,,,,,,,,,
2116691,11c36abf9ac880bc109f3478c429c4ba91302ead4ac4b8afcbaa4011931cf992d65e2a6e1a0ac09a4d33f3e780acad54d9ba37cf68689ce244934d1027cf5b66,07/28/2025 05:45:00 PM,1,DRIVER,,2017858,,BMW,330I,IL,2018,UNKNOWN,PASSENGER,UNKNOWN/NA,W,STRAIGHT AHEAD,,,1,,,,,,,,,,,,,,,Y,,,FRONT-LEFT-CORNER,,,,,,,,,,,,,,,,,,,,,,,,,,,,,,,,,
2116512,a095b202663c244e1f9603be3b8d7dc47f8af6b4912e9f5a9d53b5cb5bf12390533fb047b7f16152e4620aae87cc5db991525232384fc889f4b2f1968429c58d,07/28/2025 05:45:00 PM,2,DRIVER,,2017695,,SUBARU,FORESTER,IL,2015,NONE,SPORT UTILITY VEHICLE (SUV),PERSONAL,N,STRAIGHT AHEAD,,,1,,,,,,,,,Y,Y,Y,,,,,,,REAR,,,,,,,,,,,,,,,,,,,,,,,,,,,,,,,,,
2116513,a095b202663c244e1f9603be3b8d7dc47f8af6b4912e9f5a9d53b5cb5bf12390533fb047b7f16152e4620aae87cc5db991525232384fc889f4b2f1968429c58d,07/28/2025 05:45:00 PM,1,DRIVER,,2017707,,HONDA,OTHER (EXPLAIN IN NARRATIVE),IL,2014,NONE,SPORT UTILITY VEHICLE (SUV),PERSONAL,N,STRAIGHT AHEAD,Y,,1,,UNKNOWN,,,Y,,,,,,,,,,Y,Y,,FRONT,,,,,,,,,,,,,,,,,,,,,,,,,,,,,,,,,
2116523,54372b9ee26bf37b3b501c33265c2383aac037237abb03f7479a8639f8cf5fb4460a04b7e7a933d8c5068364ac935e7397d81e9fe1e449f2bc93faf5f5bebf8e,07/28/2025 05:44:00 PM,1,DRIVER,1,2017693,,FORD,EXPLORER,IL,2014,NONE,PASSENGER,POLICE,N,BACKING,,,2,,,,,,,,,,,,Y,,,,,,SIDE-LEFT-REAR,,,,,,,,,,,,,,,,,,,,,,,,,,,,,,,,,
2116524,54372b9ee26bf37b3b501c33265c2383aac037237abb03f7479a8639f8cf5fb4460a04b7e7a933d8c5068364ac935e7397d81e9fe1e449f2bc93faf5f5bebf8e,07/28/2025 05:44:00 PM,2,PARKED,,2017701,,KIA,SPORTAGE,IL,2019,NONE,PASSENGER,NOT IN USE,N,PARKED,,,0,,,,,,,,,,,,,Y,Y,,,,SIDE-LEFT,,,,,,,,,,,,,,,,,,,,,,,,,,,,,,,,,
2117180,ddf4c4f781200ae9242e56505ab6f805a3a1f3c0b6d044b1b2c91a17253c5b60605c109b5a6c5b86d683c838cdf6fc1f982820669a63885b05c033c9eb7e8c77,07/28/2025 05:44:00 PM,1,PARKED,,2018320,,CADILLAC,DEVILLE,IL,2003,UNKNOWN,UNKNOWN/NA,UNKNOWN/NA,W,PARKED IN TRAFFIC LANE,,,0,,,,,,,,,,,Y,,,,,,,REAR-LEFT-CORNER,,,,,,,,,,,,,,,,,,,,,,,,,,,,,,,,,
2117181,ddf4c4f781200ae9242e56505ab6f805a3a1f3c0b6d044b1b2c91a17253c5b60605c109b5a6c5b86d683c838cdf6fc1f982820669a63885b05c033c9eb7e8c77,07/28/2025 05:44:00 PM,2,DRIVER,,2018319,,DODGE,DURANGO,TX,2019,UNKNOWN,OTHER,UNKNOWN/NA,W,PASSING/OVERTAKING,,,1,,,,Y,,,,,,,,,,,,,,NONE,,,,,,,,,,,,,,,,,,,,,,,,,,,,,,,,,
2116492,a0a3038dcd79d1a41b8b97ea7844465252606a1d611d785fc2497affe42eed77c485f72ec85d4a5358702bc80457bd2d3018a8eeedf26eb717f16bc4da3cc8b9,07/28/2025 05:40:00 PM,1,PARKED,2,2017666,,VOLKSWAGEN,ATLAS,IL,2019,UNKNOWN,PASSENGER,PERSONAL,S,PARKED IN TRAFFIC LANE,,,2,,,,Y,,,,,,,,,,,,,,SIDE-LEFT,,,,,,,,,,,,,,,,,,,,,,,,,,,,,,,,,
2116493,a0a3038dcd79d1a41b8b97ea7844465252606a1d611d785fc2497affe42eed77c485f72ec85d4a5358702bc80457bd2d3018a8eeedf26eb717f16bc4da3cc8b9,07/28/2025 05:40:00 PM,2,BICYCLE,,,,,,,,,,,,,,,,,,,,,,,,,,,,,,,,,,,,,,,,,,,,,,,,,,,,,,,,,,,,,,,,,,
2116534,a37bab59fc082e0ad186478c4e0e8211a5c23df0202c806c7f22a2826d077ed14658507d3bbd77d0fff02675f98eca456b60a605f1b8745b23d70f9435da757b,07/28/2025 05:40:00 PM,1,DRIVER,,2017713,,BUICK,OTHER (EXPLAIN IN NARRATIVE),IL,2015,NONE,SPORT UTILITY VEHICLE (SUV),PERSONAL,UNKNOWN,OTHER,,,1,,,,,,,,,,,,,,,,,Y,UNKNOWN,,,,,,,,,,,,,,,,,,,,,,,,,,,,,,,,,
2116535,a37bab59fc082e0ad186478c4e0e8211a5c23df0202c806c7f22a2826d077ed14658507d3bbd77d0fff02675f98eca456b60a605f1b8745b23d70f9435da757b,07/28/2025 05:40:00 PM,2,PARKED,,2017699,,GENERAL MOTORS CORPORATION (GMC),YUKON,IL,2015,NONE,SPORT UTILITY VEHICLE (SUV),PERSONAL,UNKNOWN,PARKED,,,0,,,,,,,,,,,Y,Y,,,,,,SIDE-LEFT-REAR,,,,,,,,,,,,,,,,,,,,,,,,,,,,,,,,,
2116474,37c9dfb6d8703b1cbefaad568849a1a1f5c29ea3c7144a8bd2f774c77345c881c86ecac404e5e4e34774bb124c977a48b35a2cd176b75632e727fecf716920e5,07/28/2025 05:35:00 PM,1,DRIVER,,2017723,,CHEVROLET,TRUCK,IL,2021,UNKNOWN,PASSENGER,PERSONAL,UNKNOWN,PASSING/OVERTAKING,,,1,,,,,,,,,,,,,,,,,Y,UNKNOWN,,,,,,,,,,,,,,,,,,,,,,,,,,,,,,,,,
2116475,37c9dfb6d8703b1cbefaad568849a1a1f5c29ea3c7144a8bd2f774c77345c881c86ecac404e5e4e34774bb124c977a48b35a2cd176b75632e727fecf716920e5,07/28/2025 05:35:00 PM,2,DRIVER,,2017731,,CHEVROLET,CRUZE,IL,2011,NONE,PASSENGER,PERSONAL,E,STRAIGHT AHEAD,,,1,,,,,Y,Y,,,,,,,,,,,,SIDE-RIGHT,,,,,,,,,,,,,,,,,,,,,,,,,,,,,,,,,
2116463,0e69a505a86fc2b9712a54fb821ff0b844e3d8358f7e637a0843478c42e41034a4ebcf494f5d4c630cb4773b180f1a6cae9585b90bbd37c53fa8629e864da0dc,07/28/2025 05:30:00 PM,1,DRIVER,,2017642,,INFINITI,G37,IL,2009,NONE,PASSENGER,PERSONAL,S,STRAIGHT AHEAD,,,1,,,,,,,,,,,,,,,,Y,,FRONT,,,,,,,,,,,,,,,,,,,,,,,,,,,,,,,,,
2116464,0e69a505a86fc2b9712a54fb821ff0b844e3d8358f7e637a0843478c42e41034a4ebcf494f5d4c630cb4773b180f1a6cae9585b90bbd37c53fa8629e864da0dc,07/28/2025 05:30:00 PM,2,DRIVER,,2017636,,NISSAN,OTHER (EXPLAIN IN NARRATIVE),IL,2014,NONE,VAN/MINI-VAN,PERSONAL,S,SLOW/STOP IN TRAFFIC,,,1,,,,,,,,,,Y,,,,,,,,REAR,,,,,,,,,,,,,,,,,,,,,,,,,,,,,,,,,
2117558,d9aaaf5220da911e16507cc8f59a557dedf6d279c9d5d7978b83aa76a54a30cfb798cbebc6dbef9176e13f6aa601f0b81a2f1e1563c65905580dd4a714e3bbbd,07/28/2025 05:30:00 PM,1,DRIVER,,2018629,,UNKNOWN,ENGINE,,,UNKNOWN,PASSENGER,UNKNOWN/NA,N,AVOIDING VEHICLES/OBJECTS,,,1,,,,,,,,,,,,,,,,,Y,SIDE-LEFT,,,,,,,,,,,,,,,,,,,,,,,,,,,,,,,,,
2117559,d9aaaf5220da911e16507cc8f59a557dedf6d279c9d5d7978b83aa76a54a30cfb798cbebc6dbef9176e13f6aa601f0b81a2f1e1563c65905580dd4a714e3bbbd,07/28/2025 05:30:00 PM,2,PARKED,1,2018630,,MAZDA,CX-5,IL,2023,UNKNOWN,SPORT UTILITY VEHICLE (SUV),PERSONAL,N,PARKED,,,1,,,,,Y,,,,,,,,,,,,,FRONT-RIGHT-CORNER,,,,,,,,,,,,,,,,,,,,,,,,,,,,,,,,,
2116457,30b7c91eda133e4889f4e6be81c0caa28ce712dca3f672e5c9260815ba9947010212b8bd9db062671047726fac6edb6eda73c46407d76a4987faf4f95638c901,07/28/2025 05:29:00 PM,1,DRIVER,,2017631,,HONDA,ACCORD,IN,2017,NONE,PASSENGER,PERSONAL,E,STRAIGHT AHEAD,,,1,,,,,,,,,,,,,,,,,Y,FRONT,,,,,,,,,,,,,,,,,,,,,,,,,,,,,,,,,
2116458,30b7c91eda133e4889f4e6be81c0caa28ce712dca3f672e5c9260815ba9947010212b8bd9db062671047726fac6edb6eda73c46407d76a4987faf4f95638c901,07/28/2025 05:29:00 PM,2,DRIVER,1,2017664,,NISSAN,ROGUE,WI,2024,NONE,SPORT UTILITY VEHICLE (SUV),PERSONAL,E,STRAIGHT AHEAD,,,2,,,,,,,,,Y,Y,Y,,,,,,,REAR,,,,,,,,,,,,,,,,,,,,,,,,,,,,,,,,,
2116500,53f45fffe856796d62855821830079243eae5f66dd75c7fdb357fa628a73ae219802fcfab5c6f83852ea1b08f61adf0c589fad2985c69c50f630bd7ebbd114bd,07/28/2025 05:29:00 PM,1,DRIVER,,2017684,,HYUNDAI,ACCENT,IL,2007,UNKNOWN,PASSENGER,PERSONAL,W,STRAIGHT AHEAD,Y,,1,,Uncle,Residence,,Y,Y,,,,,,,,,,,,FRONT-RIGHT-CORNER,,,,,,,,,,,,,,,,,,,,,,,,,,,,,,,,,
2116501,53f45fffe856796d62855821830079243eae5f66dd75c7fdb357fa628a73ae219802fcfab5c6f83852ea1b08f61adf0c589fad2985c69c50f630bd7ebbd114bd,07/28/2025 05:29:00 PM,2,PARKED,,2017704,,CHEVROLET,SUBURBAN,IL,2004,UNKNOWN,PASSENGER,PERSONAL,W,PARKED,,,0,,,,,,,,,,,,,Y,Y,Y,,,FRONT-LEFT-CORNER,,,,,,,,,,,,,,,,,,,,,,,,,,,,,,,,,
2116465,4608b47858484d78e1b47bcbfe1c7f018f2c1b909dd66518082e2f94ce9f65770b89e9ad6fff77001b225dc0f0edbb23619b1b0d5754fb22a0a7e3951b3ff63f,07/28/2025 05:20:00 PM,1,DRIVER,,2017637,,DODGE,NITRO,IL,2008,NONE,PASSENGER,PERSONAL,S,CHANGING LANES,,,1,,,,,Y,,,,,,,,,,Y,Y,,FRONT,,,,,,,,,,,,,,,,,,,,,,,,,,,,,,,,,
2116466,4608b47858484d78e1b47bcbfe1c7f018f2c1b909dd66518082e2f94ce9f65770b89e9ad6fff77001b225dc0f0edbb23619b1b0d5754fb22a0a7e3951b3ff63f,07/28/2025 05:20:00 PM,2,DRIVER,,2017646,,HYUNDAI,TUCSON,IL,2025,NONE,SPORT UTILITY VEHICLE (SUV),PERSONAL,S,CHANGING LANES,,,1,,,,,,,,,Y,Y,Y,,,,,,,REAR,,,,,,,,,,,,,,,,,,,,,,,,,,,,,,,,,
2116530,76c4bed05742dfa224a735dcc0a96b145f73271ebc7797b7c5bd595ff371793c982bb24c30a27ff6419d9c31cd032e368456743ba42034febec94f4b828fddc0,07/28/2025 05:18:00 PM,1,DRIVER,,2017696,,UNKNOWN,OTHER (EXPLAIN IN NARRATIVE),,,UNKNOWN,UNKNOWN/NA,UNKNOWN/NA,S,STRAIGHT AHEAD,,,1,,,,,Y,,,,,,,,,,,,,FRONT-RIGHT-CORNER,,,,,,,,,,,,,,,,,,,,,,,,,,,,,,,,,
2116531,76c4bed05742dfa224a735dcc0a96b145f73271ebc7797b7c5bd595ff371793c982bb24c30a27ff6419d9c31cd032e368456743ba42034febec94f4b828fddc0,07/28/2025 05:18:00 PM,2,DRIVER,,2017711,,NOVA BUS,OTHER (EXPLAIN IN NARRATIVE),IL,2024,UNKNOWN,BUS OVER 15 PASS.,CTA,S,STRAIGHT AHEAD,,,1,,,,,,,,,,,,,,,Y,,,SIDE-LEFT,,,,,,,,,,,,,,,,,,,,,,,,,,,,,,,,,
2116442,71b0f430480c85fdbded0cc37b7e695975e91bc04ce2a63e994e9549fb56ccda741d5bc843fc09647d2d432d8873ea23728a3b709c902c0944ae77dac626bb89,07/28/2025 05:13:00 PM,1,DRIVER,,2017611,,GENERAL MOTORS CORPORATION (GMC),ACADIA,IL,,UNKNOWN,PASSENGER,PERSONAL,S,STRAIGHT AHEAD,,,1,,,,,,,,,,,,,,,,,,FRONT-LEFT-CORNER,,,,,,,,,,,,,,,,,,,,,,,,,,,,,,,,,
2116443,71b0f430480c85fdbded0cc37b7e695975e91bc04ce2a63e994e9549fb56ccda741d5bc843fc09647d2d432d8873ea23728a3b709c902c0944ae77dac626bb89,07/28/2025 05:13:00 PM,2,DRIVER,,2017615,,VOLKSWAGEN,PASSAT,IL,2012,UNKNOWN,PASSENGER,PERSONAL,W,STRAIGHT AHEAD,,,1,,,,,,,,,Y,,,,,,,,,REAR-RIGHT-CORNER,,,,,,,,,,,,,,,,,,,,,,,,,,,,,,,,,
2116525,e9999b25288608d094319c41fc7a04904d6a45b218b23977db3109f0e029ac883002f217185314b52c55019f8dd8ed14234db8f38a406ce5ffa7c1136079806a,07/28/2025 05:10:00 PM,1,DRIVER,,2017694,,UNKNOWN,OTHER (EXPLAIN IN NARRATIVE),IL,,UNKNOWN,UNKNOWN/NA,UNKNOWN/NA,W,STRAIGHT AHEAD,,,1,,,,,,,,,,,,,,,,,Y,UNKNOWN,,,,,,,,,,,,,,,,,,,,,,,,,,,,,,,,,
2116526,e9999b25288608d094319c41fc7a04904d6a45b218b23977db3109f0e029ac883002f217185314b52c55019f8dd8ed14234db8f38a406ce5ffa7c1136079806a,07/28/2025 05:10:00 PM,2,DRIVER,1,2017708,,JEEP,COMPASS,FL,,UNKNOWN,PASSENGER,RIDESHARE SERVICE,S,UNKNOWN/NA,Y,,2,,Private Tow,Private Tow,,,,,,,,Y,Y,Y,,,,,REAR-LEFT-CORNER,,,,,,,,,,,,,,,,,,,,,,,,,,,,,,,,,
2118363,147139a8233ac4c5126b5929f32d4bb008dbf1bdce8dab2aab36e91a3a8767b4472da5d5bee633a6d11f070f015526310c537ac1b1db553a985eecb133119338,07/28/2025 05:00:00 PM,1,DRIVER,,2019407,,KIA,OPTIMA / K5,IL,2013,NONE,PASSENGER,NOT IN USE,E,STRAIGHT AHEAD,,,1,,,,,Y,Y,Y,,,,,,,,,,,SIDE-RIGHT,,,,,,,,,,,,,,,,,,,,,,,,,,,,,,,,,
2118364,147139a8233ac4c5126b5929f32d4bb008dbf1bdce8dab2aab36e91a3a8767b4472da5d5bee633a6d11f070f015526310c537ac1b1db553a985eecb133119338,07/28/2025 05:00:00 PM,2,DRIVER,3,2019410,,FORD,TRANSIT,IL,2019,NONE,VAN/MINI-VAN,OTHER,E,STRAIGHT AHEAD,,,4,,,,,,,,,,,,Y,Y,Y,,,,SIDE-LEFT,,,,,,,,,,,,,,,,,,,,,,,,,,,,,,,,,
2121148,6b419dfb83e0e515b37023bbe26c41983792291fe752c41fcd799700ec45a1f6a9beae7c80fc1f8fa043eaae96b1f3236c387ca836ee2b3717fca163b8bb07dd,07/28/2025 05:00:00 PM,1,DRIVER,,2022100,,UNKNOWN,OTHER (EXPLAIN IN NARRATIVE),IL,,UNKNOWN,PICKUP,PERSONAL,W,STRAIGHT AHEAD,,,1,,,,,,,,,,,,,,,,,Y,FRONT,,,,,,,,,,,,,,,,,,,,,,,,,,,,,,,,,
2121149,6b419dfb83e0e515b37023bbe26c41983792291fe752c41fcd799700ec45a1f6a9beae7c80fc1f8fa043eaae96b1f3236c387ca836ee2b3717fca163b8bb07dd,07/28/2025 05:00:00 PM,2,DRIVER,1,2022107,,DODGE,CARAVAN,IL,2013,NONE,VAN/MINI-VAN,PERSONAL,W,SLOW/STOP IN TRAFFIC,,,2,,,,,,,,,,Y,Y,,,,,,,REAR,,,,,,,,,,,,,,,,,,,,,,,,,,,,,,,,,
2116502,756cbadf9280fc638c3cb7091b46e46f49a1e0625412c8bce803c23918f0207e4e76e48087c4f486d6a3fa7c5469825c5b84427d9c5efa1ba66cf140734a7384,07/28/2025 05:00:00 PM,1,DRIVER,,2017660,,MAZDA,OTHER (EXPLAIN IN NARRATIVE),IL,2021,UNKNOWN,PASSENGER,UNKNOWN/NA,N,TURNING LEFT,,,1,,,,,,,,,,,,,Y,,,,,SIDE-LEFT,,,,,,,,,,,,,,,,,,,,,,,,,,,,,,,,,
2116503,756cbadf9280fc638c3cb7091b46e46f49a1e0625412c8bce803c23918f0207e4e76e48087c4f486d6a3fa7c5469825c5b84427d9c5efa1ba66cf140734a7384,07/28/2025 05:00:00 PM,2,DRIVER,,2017672,,GENERAL MOTORS CORPORATION (GMC),YUKON,IL,2001,UNKNOWN,SPORT UTILITY VEHICLE (SUV),PERSONAL,S,STRAIGHT AHEAD,,,1,,,,,,,,,,,,,,,Y,N,,FRONT-LEFT-CORNER,,,,,,,,,,,,,,,,,,,,,,,,,,,,,,,,,
2116496,7722ab9a3792bb959ede25e541c5fec5e5ef1b699a5ff0af163e87749da9e3198e230b6cd0a5b28ce7c2438b525b1e4293d62053fcf5341c98822cd91f30fe8b,07/28/2025 05:00:00 PM,1,DRIVER,,2017667,,TOYOTA,YARIS,IL,2014,UNKNOWN,PASSENGER,PERSONAL,W,STRAIGHT AHEAD,,,1,,,,,,,,,,,,,,,,Y,,FRONT,,,,,,,,,,,,,,,,,,,,,,,,,,,,,,,,,