CRASH_UNIT_ID,CRASH_RECORD_ID,CRASH_DATE,UNIT_NO,UNIT_TYPE,NUM_PASSENGERS,VEHICLE_ID,CMRC_VEH_I,MAKE,MODEL,LIC_PLATE_STATE,VEHICLE_YEAR,VEHICLE_DEFECT,VEHICLE_TYPE,VEHICLE_USE,TRAVEL_DIRECTION,MANEUVER,TOWED_I,FIRE_I,OCCUPANT_CNT,EXCEED_SPEED_LIMIT_I,TOWED_BY,TOWED_TO,AREA_00_I,AREA_01_I,AREA_02_I,AREA_03_I,AREA_04_I,AREA_05_I,AREA_06_I,AREA_07_I,AREA_08_I,AREA_09_I,AREA_10_I,AREA_11_I,AREA_12_I,AREA_99_I,FIRST_CONTACT_POINT,CMV_ID,USDOT_NO,CCMC_NO,ILCC_NO,COMMERCIAL_SRC,GVWR,CARRIER_NAME,CARRIER_STATE,CARRIER_CITY,HAZMAT_PLACARDS_I,HAZMAT_NAME,UN_NO,HAZMAT_PRESENT_I,HAZMAT_REPORT_I,HAZMAT_REPORT_NO,MCS_REPORT_I,MCS_REPORT_NO,HAZMAT_VIO_CAUSE_CRASH_I,MCS_VIO_CAUSE_CRASH_I,IDOT_PERMIT_NO,WIDE_LOAD_I,TRAILER1_WIDTH,TRAILER2_WIDTH,TRAILER1_LENGTH,TRAILER2_LENGTH,TOTAL_VEHICLE_LENGTH,AXLE_CNT,VEHICLE_CONFIG,CARGO_BODY_TYPE,LOAD_TYPE,HAZMAT_OUT_OF_SERVICE_I,MCS_OUT_OF_SERVICE_I,HAZMAT_CLASS
2116497,7722ab9a3792bb959ede25e541c5fec5e5ef1b699a5ff0af163e87749da9e3198e230b6cd0a5b28ce7c2438b525b1e4293d62053fcf5341c98822cd91f30fe8b,07/28/2025 05:00:00 PM,2,DRIVER,,2017679,,NISSAN,ROGUE,IL,2017,NONE,PASSENGER,PERSONAL,W,STRAIGHT AHEAD,,,1,,,,,,,,,,Y,,,,,,,,REAR,,,,,,,,,,,,,,,,,,,,,,,,,,,,,,,,,
2129993,b85845788c2bb677feb6b6538af30fa93ea69b42bc3fd9055fd7699a475f97a580f5f2bc42a9ac423ad9a886a399a89fa2cc370f1ad2d637bfac62c14baa7efd,07/28/2025 05:00:00 PM,1,DRIVER,,2030497,,HYUNDAI,TUCSON,IL,2021,NONE,SPORT UTILITY VEHICLE (SUV),PERSONAL,UNKNOWN,BACKING,,,1,,,,,,,,,,,,,,,,Y,,FRONT,,,,,,,,,,,,,,,,,,,,,,,,,,,,,,,,,
2129994,b85845788c2bb677feb6b6538af30fa93ea69b42bc3fd9055fd7699a475f97a580f5f2bc42a9ac423ad9a886a399a89fa2cc370f1ad2d637bfac62c14baa7efd,07/28/2025 05:00:00 PM,2,DRIVER,,2030498,,MAZDA,MAZDA6,IL,2008,NONE,SPORT UTILITY VEHICLE (SUV),PERSONAL,UNKNOWN,SLOW/STOP IN TRAFFIC,,,1,,,,,,,,,,,,,,,,Y,,FRONT,,,,,,,,,,,,,,,,,,,,,,,,,,,,,,,,,
2116421,eeed62cb7c894cf494e5ffff1fddf9653223783636bd2297e16b9d6875745ee15028ad798740272305039a421e32e25d7e7643e866b8b6251bd49a3c8f36d406,07/28/2025 04:55:00 PM,1,DRIVER,,2017580,,CHEVROLET,TRUCK,IL,,NONE,PASSENGER,PERSONAL,N,PASSING/OVERTAKING,,,1,,,,,Y,,,,,,,,,,,,,FRONT-RIGHT-CORNER,,,,,,,,,,,,,,,,,,,,,,,,,,,,,,,,,
2116422,eeed62cb7c894cf494e5ffff1fddf9653223783636bd2297e16b9d6875745ee15028ad798740272305039a421e32e25d7e7643e866b8b6251bd49a3c8f36d406,07/28/2025 04:55:00 PM,2,DRIVER,,2017586,Y,NOVA BUS,OTHER (EXPLAIN IN NARRATIVE),IL,2016,NONE,BUS OVER 15 PASS.,CTA,N,STRAIGHT AHEAD,,,1,,,,,,,,,,,,,,,Y,,,SIDE-LEFT-FRONT,"21,905",,,,DRIVER,1,CTA,IL,,,,,N,N,,N,,N,N,,,,,,,,,BUS,BUS,UNKNOWN,N,N,
2116440,fc574f74a89a3ebbb4b84916f75ec3cdb1cd0358bb376d599adbca5903997ce9bc61d75905670955e788c722bc63eb59ab2cb5811325a9a542b8383c3d0d68a3,07/28/2025 04:54:00 PM,1,DRIVER,,2017618,,MERCEDES-BENZ,C300,IL,2012,NONE,PASSENGER,PERSONAL,NE,TURNING LEFT,Y,,1,,PRIVATE TOW,,,Y,Y,,,,,,,,,,Y,,FRONT-RIGHT-CORNER,,,,,,,,,,,,,,,,,,,,,,,,,,,,,,,,,
2116441,fc574f74a89a3ebbb4b84916f75ec3cdb1cd0358bb376d599adbca5903997ce9bc61d75905670955e788c722bc63eb59ab2cb5811325a9a542b8383c3d0d68a3,07/28/2025 04:54:00 PM,2,DRIVER,1,2017644,,AUDI,A6,IL,2006,NONE,PASSENGER,PERSONAL,SW,STRAIGHT AHEAD,Y,,2,,PRIVATE TOW,,,,,,,,,,,,Y,Y,Y,,FRONT-LEFT-CORNER,,,,,,,,,,,,,,,,,,,,,,,,,,,,,,,,,
2116578,0e8913a942171ccaa5404119c24958d7efd3c8ac70642bb3f08116d0647596998673c2fc43ac185e6541454071b51932e050c07a8ac45f7e8dc97df35a27371d,07/28/2025 04:51:00 PM,1,DRIVER,,2017747,,CHEVROLET,MALIBU,IL,2013,UNKNOWN,PASSENGER,UNKNOWN/NA,N,STRAIGHT AHEAD,,,1,,,,,,,,,,,,,,,,Y,,FRONT,,,,,,,,,,,,,,,,,,,,,,,,,,,,,,,,,
2116579,0e8913a942171ccaa5404119c24958d7efd3c8ac70642bb3f08116d0647596998673c2fc43ac185e6541454071b51932e050c07a8ac45f7e8dc97df35a27371d,07/28/2025 04:51:00 PM,2,DRIVER,,2017754,,NISSAN,KICKS,IL,2020,UNKNOWN,SPORT UTILITY VEHICLE (SUV),PERSONAL,E,STRAIGHT AHEAD,,,1,,,,,,,Y,Y,,,,,,,,,,SIDE-RIGHT,,,,,,,,,,,,,,,,,,,,,,,,,,,,,,,,,
2116448,fc522e0f9d903a630620876dff923d277249978903741bf43439b63727fa4d642388add360f751de7ee31fb5ef67df9cea9053ab75bc0941270931dd69cded71,07/28/2025 04:50:00 PM,1,DRIVER,,2017622,,DODGE,JOURNEY,IL,2011,UNKNOWN,PASSENGER,UNKNOWN/NA,W,STRAIGHT AHEAD,,,1,,,,,,,,,,,,,,Y,Y,Y,Y,FRONT-LEFT-CORNER,,,,,,,,,,,,,,,,,,,,,,,,,,,,,,,,,
2116449,fc522e0f9d903a630620876dff923d277249978903741bf43439b63727fa4d642388add360f751de7ee31fb5ef67df9cea9053ab75bc0941270931dd69cded71,07/28/2025 04:50:00 PM,2,PARKED,,2017640,,GENERAL MOTORS CORPORATION (GMC),TERRAIN,IL,2023,NONE,PASSENGER,PERSONAL,W,PARKED,,,0,,,,,,,,,Y,Y,,,,,,,,FRONT-RIGHT-CORNER,,,,,,,,,,,,,,,,,,,,,,,,,,,,,,,,,
2116730,6a1f2f1170b69110b2c5d780ce47caddf17e9371e122325e993872bf194a900cb77385e1bab01691e9de80ae8b7b791eac578633f72400a43d9a74065ab912a5,07/28/2025 04:46:00 PM,1,DRIVER,,2017891,Y,UNKNOWN,ENGINE,IL,1900,OTHER,BUS OVER 15 PASS.,COMMERCIAL - SINGLE UNIT,S,TURNING RIGHT,,,1,,,,,,,Y,Y,,,,,,,,,,SIDE-RIGHT,"21,909",,,,,,PACE,IL,ARLINGTON HEIGHTS,,,,N,N,,N,,,N,,,,,,,,,BUS,BUS,OTHER,N,N,
2116731,6a1f2f1170b69110b2c5d780ce47caddf17e9371e122325e993872bf194a900cb77385e1bab01691e9de80ae8b7b791eac578633f72400a43d9a74065ab912a5,07/28/2025 04:46:00 PM,2,BICYCLE,,,,,,,,,,,,,,,,,,,,,,,,,,,,,,,,,,,,,,,,,,,,,,,,,,,,,,,,,,,,,,,,,,
2116540,3dbc64247f67891a175e223caa6f819f96cb021bca4912088f482b9348202ee85d320fdb97fdc9691a14a12bad2b5d07aa284c31734156ef1511cb9bcb26a354,07/28/2025 04:45:00 PM,1,DRIVER,1,2017716,,NISSAN,SENTRA,IL,2008,UNKNOWN,PASSENGER,PERSONAL,S,STRAIGHT AHEAD,,,2,,,,,Y,,,,,,,,,,Y,Y,,FRONT,,,,,,,,,,,,,,,,,,,,,,,,,,,,,,,,,
2116541,3dbc64247f67891a175e223caa6f819f96cb021bca4912088f482b9348202ee85d320fdb97fdc9691a14a12bad2b5d07aa284c31734156ef1511cb9bcb26a354,07/28/2025 04:45:00 PM,2,DRIVER,1,2017718,,NISSAN,ALTIMA,IL,2023,UNKNOWN,PASSENGER,PERSONAL,W,STRAIGHT AHEAD,,,2,,,,,,,Y,Y,Y,,,,,,,,,SIDE-RIGHT-REAR,,,,,,,,,,,,,,,,,,,,,,,,,,,,,,,,,
2116444,4d9c9a339a9660cd8194a109cb4357b514fd9a25c9628554b7e5945b73781e9f30ca51387acab2a768646f729aa31d27e4b2a2e52f1846b03a67a80534bc0f05,07/28/2025 04:45:00 PM,1,DRIVER,,2017626,,ISUZU,TRUCK,TN,2023,UNKNOWN,TRUCK - SINGLE UNIT,UNKNOWN/NA,N,STRAIGHT AHEAD,,,1,,,,,,,,,,,,,,,,,,UNKNOWN,,,,,,,,,,,,,,,,,,,,,,,,,,,,,,,,,
2116445,4d9c9a339a9660cd8194a109cb4357b514fd9a25c9628554b7e5945b73781e9f30ca51387acab2a768646f729aa31d27e4b2a2e52f1846b03a67a80534bc0f05,07/28/2025 04:45:00 PM,2,DRIVER,,2017617,,HONDA,CIVIC,IL,2005,UNKNOWN,PASSENGER,PERSONAL,N,SLOW/STOP IN TRAFFIC,,,1,,,,,,,,,,N,Y,,,,,,,REAR-LEFT-CORNER,,,,,,,,,,,,,,,,,,,,,,,,,,,,,,,,,
2116467,d8b74371643290dbd8e17c5fbcde001340d09e25ed8250ce51991b246a0833bb1c1b1a75119904376c0c2c4ff32f51f70983acc9ea3bedc831581d16e9707a03,07/28/2025 04:41:00 PM,1,DRIVER,,2017641,,MITSUBISHI,OUTLANDER,IL,2015,NONE,SPORT UTILITY VEHICLE (SUV),PERSONAL,E,STRAIGHT AHEAD,,,1,,,,,,,,,,,,,,,,Y,,FRONT,,,,,,,,,,,,,,,,,,,,,,,,,,,,,,,,,
2116468,d8b74371643290dbd8e17c5fbcde001340d09e25ed8250ce51991b246a0833bb1c1b1a75119904376c0c2c4ff32f51f70983acc9ea3bedc831581d16e9707a03,07/28/2025 04:41:00 PM,2,DRIVER,,2017649,,VOLKSWAGEN,TIGUAN,IL,2023,NONE,SPORT UTILITY VEHICLE (SUV),PERSONAL,E,SLOW/STOP IN TRAFFIC,,,1,,,,,,,,,,,,,,,,,,REAR,,,,,,,,,,,,,,,,,,,,,,,,,,,,,,,,,
2116506,37091ce37a56ec40f28690fab15800a6c194727560e5ccedd31bb7f301fa55bd5203612b75fb0869aa7bd7b9bc3f6ddc22215cb850a0b9ca783ae45f8a47b2b7,07/28/2025 04:40:00 PM,2,DRIVER,,2017676,,GENERAL MOTORS CORPORATION (GMC),DENALI,IL,2021,UNKNOWN,PASSENGER,PERSONAL,E,STRAIGHT AHEAD,,,1,,,,,Y,,,,,,,,,,Y,Y,,FRONT,,,,,,,,,,,,,,,,,,,,,,,,,,,,,,,,,
2116507,37091ce37a56ec40f28690fab15800a6c194727560e5ccedd31bb7f301fa55bd5203612b75fb0869aa7bd7b9bc3f6ddc22215cb850a0b9ca783ae45f8a47b2b7,07/28/2025 04:40:00 PM,1,DRIVER,1,2017681,,JEEP,WRANGLER,IL,2020,UNKNOWN,PASSENGER,PERSONAL,N,U-TURN,,,2,,,,,Y,Y,Y,Y,Y,,,,,,,,,SIDE-RIGHT,,,,,,,,,,,,,,,,,,,,,,,,,,,,,,,,,
2116419,4b6179c44b1550fdf275df61bd2fb97cec9f31e2c7d8479f152299df3f1ea1fb06e2cdc1a8dce5a15b68c08152eed1f10eb79db079843b5930a782ef03dde772,07/28/2025 04:40:00 PM,1,DRIVER,,2017602,,KIA,RIO / K2,IL,2013,UNKNOWN,PASSENGER,PERSONAL,NE,ENTERING TRAFFIC LANE FROM PARKING,,,1,,,,,,,,,,,,,,,Y,Y,,FRONT-LEFT-CORNER,,,,,,,,,,,,,,,,,,,,,,,,,,,,,,,,,
2116420,4b6179c44b1550fdf275df61bd2fb97cec9f31e2c7d8479f152299df3f1ea1fb06e2cdc1a8dce5a15b68c08152eed1f10eb79db079843b5930a782ef03dde772,07/28/2025 04:40:00 PM,2,DRIVER,,2017605,,DODGE,RAM PROMASTER,,,NONE,VAN/MINI-VAN,OTHER,E,STRAIGHT AHEAD,,,1,,,,Y,,,,,,,,,,,,,,SIDE-RIGHT-REAR,,,,,,,,,,,,,,,,,,,,,,,,,,,,,,,,,
2116826,c483336f9e84dfb13ab2eb6c19db64e079da3ad6a3e9ecf31995b7ae94800ccdeb282c4233dd995906216051ffcfd9c3a106a031a0fad7c55e9bcb382e010795,07/28/2025 04:40:00 PM,1,DRIVER,,2017973,,VOLKSWAGEN,TOURAN,IL,2023,UNKNOWN,PASSENGER,PERSONAL,S,STRAIGHT AHEAD,,,1,,,,,,,,,,,,,,,,Y,,FRONT,,,,,,,,,,,,,,,,,,,,,,,,,,,,,,,,,
2116827,c483336f9e84dfb13ab2eb6c19db64e079da3ad6a3e9ecf31995b7ae94800ccdeb282c4233dd995906216051ffcfd9c3a106a031a0fad7c55e9bcb382e010795,07/28/2025 04:40:00 PM,2,DRIVER,,2017984,,BUICK,ENCLAVE,IL,2018,UNKNOWN,PASSENGER,PERSONAL,S,STRAIGHT AHEAD,,,1,,,,,,,,,,Y,,,,,,,,REAR,,,,,,,,,,,,,,,,,,,,,,,,,,,,,,,,,
2116459,d76a6f4bcc0c530e24b6e7485e3a68b17e1d6eedaf5f4c0d63fa8ceeb4665ba148e2bbdee86f47cab7ea59d9859eec2902911052e968b60f76c4ccb62a013a70,07/28/2025 04:40:00 PM,1,DRIVER,,2017630,,NISSAN,ALTIMA,IL,2023,UNKNOWN,PASSENGER,PERSONAL,W,STRAIGHT AHEAD,,,1,,,,,Y,,,,,,,,,,,Y,,FRONT,,,,,,,,,,,,,,,,,,,,,,,,,,,,,,,,,
2116460,d76a6f4bcc0c530e24b6e7485e3a68b17e1d6eedaf5f4c0d63fa8ceeb4665ba148e2bbdee86f47cab7ea59d9859eec2902911052e968b60f76c4ccb62a013a70,07/28/2025 04:40:00 PM,2,DRIVER,,2017638,,FREIGHTLINER CORPORATION,FREIGHTLINER CORP.,TN,2024,NONE,TRUCK - SINGLE UNIT,OTHER,W,STRAIGHT AHEAD,,,1,,,,,,,,,,N,Y,,,,,,,REAR,,,,,,,,,,,,,,,,,,,,,,,,,,,,,,,,,
2116417,9d752b93ff63dc8cbfb714938fb66d6916473bba87af2c5fd7a24fa94e2af7a021f514e91263ce9b8cecb240ec87d6eaa0f941e01c33336e51863def319f54d8,07/28/2025 04:31:00 PM,1,DRIVER,,2017583,,MERCEDES-BENZ,ML300,IL,,UNKNOWN,SPORT UTILITY VEHICLE (SUV),UNKNOWN/NA,N,OTHER,,,1,,,,,,,,,,,,,,,,,,OTHER,,,,,,,,,,,,,,,,,,,,,,,,,,,,,,,,,
2116418,9d752b93ff63dc8cbfb714938fb66d6916473bba87af2c5fd7a24fa94e2af7a021f514e91263ce9b8cecb240ec87d6eaa0f941e01c33336e51863def319f54d8,07/28/2025 04:31:00 PM,2,DRIVER,,2017608,,NEW FLYER,D40LF,IL,2006,NONE,BUS OVER 15 PASS.,CTA,N,STRAIGHT AHEAD,,,1,,,,,,,Y,,,,,,,,,,,SIDE-RIGHT,,,,,,,,,,,,,,,,,,,,,,,,,,,,,,,,,
2116946,4f45d484a1cad92e08382cb249a8578e66e736e97ffc3e1928782339f371201915decfe225d62794448acd5a180411667562e1edd7e775a9212254c95f9d4203,07/28/2025 04:30:00 PM,1,DRIVER,,2018094,,FORD,EDGE,IL,2011,NONE,PASSENGER,PERSONAL,NW,TURNING LEFT,,,1,,,,,,,,,,,Y,Y,,,,,,REAR-LEFT-CORNER,,,,,,,,,,,,,,,,,,,,,,,,,,,,,,,,,
2116947,4f45d484a1cad92e08382cb249a8578e66e736e97ffc3e1928782339f371201915decfe225d62794448acd5a180411667562e1edd7e775a9212254c95f9d4203,07/28/2025 04:30:00 PM,2,DRIVER,,2018104,,GENERAL MOTORS CORPORATION (GMC),TERRAIN,IL,2019,NONE,PASSENGER,PERSONAL,W,STRAIGHT AHEAD,,,1,,,,,Y,,,,,,,,,,,,,FRONT-RIGHT-CORNER,,,,,,,,,,,,,,,,,,,,,,,,,,,,,,,,,
2116359,7580cb12ac796cc26ab0f8728ac0b9d75c9b05ac7ff3514699e4a381f74a919a5ccd3100274e09ae80e94f247682ac1d4a4155911d48f843d2693c4794a7e3db,07/28/2025 04:30:00 PM,1,DRIVER,,2017557,,JEEP,GRAND CHEROKEE,IL,2007,NONE,PASSENGER,PERSONAL,S,STRAIGHT AHEAD,,,1,,,,,,,,,,,,,,,,Y,,FRONT,,,,,,,,,,,,,,,,,,,,,,,,,,,,,,,,,
2116360,7580cb12ac796cc26ab0f8728ac0b9d75c9b05ac7ff3514699e4a381f74a919a5ccd3100274e09ae80e94f247682ac1d4a4155911d48f843d2693c4794a7e3db,07/28/2025 04:30:00 PM,2,DRIVER,,2017564,,FORD,ESCAPE,IL,2017,NONE,PASSENGER,PERSONAL,W,STRAIGHT AHEAD,,,1,,,,,,,Y,,,,,,,,,,,SIDE-RIGHT,,,,,,,,,,,,,,,,,,,,,,,,,,,,,,,,,
2116377,75d70f1f0264ca54cb19aed62ca1f5f77099136804a328fe90eb3c216337564b6a455a3bd7b9374fd2ea2ac9ebbc7e7f1c8dc2021e57eaf1daf41c55403e8f5c,07/28/2025 04:30:00 PM,1,DRIVER,,2017692,,UNKNOWN,OTHER (EXPLAIN IN NARRATIVE),,,UNKNOWN,SPORT UTILITY VEHICLE (SUV),UNKNOWN/NA,W,PASSING/OVERTAKING,,,1,,,,,,,,,,,,,,Y,Y,,,SIDE-LEFT,,,,,,,,,,,,,,,,,,,,,,,,,,,,,,,,,
2116378,75d70f1f0264ca54cb19aed62ca1f5f77099136804a328fe90eb3c216337564b6a455a3bd7b9374fd2ea2ac9ebbc7e7f1c8dc2021e57eaf1daf41c55403e8f5c,07/28/2025 04:30:00 PM,2,DRIVER,,2017705,,JEEP,GRAND CHEROKEE,IL,2021,UNKNOWN,SPORT UTILITY VEHICLE (SUV),PERSONAL,W,STRAIGHT AHEAD,,,1,,,,,Y,Y,,,,,,,,,,,,SIDE-RIGHT-FRONT,,,,,,,,,,,,,,,,,,,,,,,,,,,,,,,,,
2116434,f99df7b4a51298c6696053bd3d9f17ce1a6de1037909daa6c358571cff6fb40773eacaeeacb6e94035e88a8a2b60253d351bbb6ff08a2326d473aa71a1e1c282,07/28/2025 04:30:00 PM,1,DRIVER,,2017623,,TOYOTA,PRIUS,IL,2016,NONE,PASSENGER,PERSONAL,UNKNOWN,BACKING,,,1,,,,,,,,,,,,,,,,,,REAR,,,,,,,,,,,,,,,,,,,,,,,,,,,,,,,,,
2116435,f99df7b4a51298c6696053bd3d9f17ce1a6de1037909daa6c358571cff6fb40773eacaeeacb6e94035e88a8a2b60253d351bbb6ff08a2326d473aa71a1e1c282,07/28/2025 04:30:00 PM,2,DRIVER,,2017634,,LINCOLN,OTHER (EXPLAIN IN NARRATIVE),IL,,NONE,PASSENGER,PERSONAL,UNKNOWN,UNKNOWN/NA,,,1,,,,,,,,,,,,,,,,,,SIDE-RIGHT,,,,,,,,,,,,,,,,,,,,,,,,,,,,,,,,,
2121336,0bd5198790ea1a0f19e07b174521a763a50171810fc334d56e5ee2c65353a63a9d727e6f6496105e9f72648fc85241d9ef0e0c20bd57a7998258614974619634,07/28/2025 04:25:00 PM,1,DRIVER,,2022279,,PONTIAC,BONNEVILLE,IN,2005,UNKNOWN,PASSENGER,UNKNOWN/NA,E,TURNING LEFT,,,1,,,,,,,,,,,,,,,,,Y,UNKNOWN,,,,,,,,,,,,,,,,,,,,,,,,,,,,,,,,,
2121337,0bd5198790ea1a0f19e07b174521a763a50171810fc334d56e5ee2c65353a63a9d727e6f6496105e9f72648fc85241d9ef0e0c20bd57a7998258614974619634,07/28/2025 04:25:00 PM,2,DRIVER,,2022286,,CHEVROLET,SILVERADO,IL,2023,NONE,PICKUP,PERSONAL,E,STARTING IN TRAFFIC,,,1,,,,,Y,,,,,,,,,,,Y,,FRONT-RIGHT-CORNER,,,,,,,,,,,,,,,,,,,,,,,,,,,,,,,,,
2116544,49bd541a05e91ddad41929adfb6e110b85fd5d5862d40cc5765bbc88a0f79d36b9476ae6da3a5765439e06f90faa5fcf18b75e81ed15dac92f01bdb7735b3b86,07/28/2025 04:25:00 PM,1,DRIVER,,2017734,,TOYOTA,COROLLA,IL,2017,NONE,PASSENGER,PERSONAL,N,MERGING,,,1,,,,,Y,,,,,,,,,,Y,Y,,FRONT,,,,,,,,,,,,,,,,,,,,,,,,,,,,,,,,,
2116545,49bd541a05e91ddad41929adfb6e110b85fd5d5862d40cc5765bbc88a0f79d36b9476ae6da3a5765439e06f90faa5fcf18b75e81ed15dac92f01bdb7735b3b86,07/28/2025 04:25:00 PM,2,DRIVER,1,2017746,,TOYOTA,HIGHLANDER,IL,2022,NONE,SPORT UTILITY VEHICLE (SUV),PERSONAL,E,STRAIGHT AHEAD,Y,,2,,PRIVATE,PRIVATE REPAIR SHOP,,,,,Y,Y,,,,,,,,,SIDE-RIGHT-REAR,,,,,,,,,,,,,,,,,,,,,,,,,,,,,,,,,
2116367,3909c7561510c6eb6ff764e28f86dd23a812c4dad3c17cae38ad2957cade41532932f109c3f508fb3ec44a1fb0914223410798e979e84ca09ac30803bde5f1e3,07/28/2025 04:22:00 PM,1,DRIVER,,2017540,,UNKNOWN,OTHER (EXPLAIN IN NARRATIVE),,,UNKNOWN,PASSENGER,UNKNOWN/NA,E,TURNING LEFT,,,1,,,,,,,,,,,,,,,,,,UNKNOWN,,,,,,,,,,,,,,,,,,,,,,,,,,,,,,,,,
2116368,3909c7561510c6eb6ff764e28f86dd23a812c4dad3c17cae38ad2957cade41532932f109c3f508fb3ec44a1fb0914223410798e979e84ca09ac30803bde5f1e3,07/28/2025 04:22:00 PM,2,DRIVER,,2017547,,JEEP,COMPASS,IL,2019,NONE,SPORT UTILITY VEHICLE (SUV),PERSONAL,N,STRAIGHT AHEAD,,,1,,,,,,,,,,,,,,,,,,FRONT-LEFT-CORNER,,,,,,,,,,,,,,,,,,,,,,,,,,,,,,,,,
2116429,37f8eedc39f10f8104cc0874b353e5d5f2fbd937662ba6b5530a6d6222b6d987297aacf1ffc6e3556dd37014c9e3acbfe616d01d698651c6aff1f6335038b843,07/28/2025 04:20:00 PM,1,DRIVER,,2017600,,UNKNOWN,MOTORIZED,,,UNKNOWN,UNKNOWN/NA,UNKNOWN/NA,UNKNOWN,UNKNOWN/NA,,,1,,,,,,,,,,,,,,,,,Y,UNKNOWN,,,,,,,,,,,,,,,,,,,,,,,,,,,,,,,,,
2116433,37f8eedc39f10f8104cc0874b353e5d5f2fbd937662ba6b5530a6d6222b6d987297aacf1ffc6e3556dd37014c9e3acbfe616d01d698651c6aff1f6335038b843,07/28/2025 04:20:00 PM,2,PARKED,,2017609,,LEXUS,RX350,IL,2015,NONE,PASSENGER,UNKNOWN/NA,N,PARKED,,,0,,,,,,,,,,,,Y,Y,,,,,SIDE-LEFT-REAR,,,,,,,,,,,,,,,,,,,,,,,,,,,,,,,,,
2116403,7d6c985ca83443bc2c4737b6cc80e8ca96c7882320474428869893cad2d6b7a178cd22f9b199261feee2a937825a0cd3adf47cb5171d5fd7e4146efd4b20f128,07/28/2025 04:20:00 PM,1,DRIVER,,2017592,,UNKNOWN,OTHER (EXPLAIN IN NARRATIVE),,,UNKNOWN,PASSENGER,PERSONAL,NW,SLOW/STOP IN TRAFFIC,,,1,,,,,,,,,,,,,,,,,Y,UNKNOWN,,,,,,,,,,,,,,,,,,,,,,,,,,,,,,,,,
2116404,7d6c985ca83443bc2c4737b6cc80e8ca96c7882320474428869893cad2d6b7a178cd22f9b199261feee2a937825a0cd3adf47cb5171d5fd7e4146efd4b20f128,07/28/2025 04:20:00 PM,2,DRIVER,,2017603,N,NOVA BUS,OTHER (EXPLAIN IN NARRATIVE),IL,2016,UNKNOWN,BUS OVER 15 PASS.,CTA,NW,SLOW/STOP IN TRAFFIC,,,1,,,,,,,,,,,,Y,Y,,,,,SIDE-LEFT,,,,,,,,,,,,,,,,,,,,,,,,,,,,,,,,,
2117260,42705fd506c8346df60505e637ec408120f1636b81760f2f667bb2879010383cd6938e3eaa9551d3105ec44f42a9f38a9349ca3e21306aa79a2f4c71a3bbcae4,07/28/2025 04:15:00 PM,1,DRIVER,,2018400,,CHEVROLET,CAMARO,IL,2016,NONE,PASSENGER,PERSONAL,E,STRAIGHT AHEAD,,,1,,,,,Y,,,,,,,,,,Y,Y,,FRONT,,,,,,,,,,,,,,,,,,,,,,,,,,,,,,,,,
2116386,e7c2567e41513a1c8dcfb8c904d6c4d4f97fd735d33682eae37d5719fac9d6683c8f05c761048e0c9aacfaed4c118db8c66a6f3d01d1cda098a99b664e584710,07/28/2025 04:14:00 PM,1,DRIVER,,2017560,,CHEVROLET,EQUINOX,IL,2023,NONE,SPORT UTILITY VEHICLE (SUV),OTHER,NW,ENTERING TRAFFIC LANE FROM PARKING,,,1,,,,,Y,,,,,,,,,,Y,,,FRONT-LEFT-CORNER,,,,,,,,,,,,,,,,,,,,,,,,,,,,,,,,,
2116387,e7c2567e41513a1c8dcfb8c904d6c4d4f97fd735d33682eae37d5719fac9d6683c8f05c761048e0c9aacfaed4c118db8c66a6f3d01d1cda098a99b664e584710,07/28/2025 04:14:00 PM,2,DRIVER,1,2017569,,CHEVROLET,SILVERADO,IL,2019,NONE,PICKUP,PERSONAL,NW,STRAIGHT AHEAD,,,2,,,,,Y,Y,Y,,,,,,,,,,,SIDE-RIGHT,,,,,,,,,,,,,,,,,,,,,,,,,,,,,,,,,
2116388,e7c2567e41513a1c8dcfb8c904d6c4d4f97fd735d33682eae37d5719fac9d6683c8f05c761048e0c9aacfaed4c118db8c66a6f3d01d1cda098a99b664e584710,07/28/2025 04:14:00 PM,3,PARKED,,2017577,,KIA,SOUL,IL,2014,UNKNOWN,SPORT UTILITY VEHICLE (SUV),UNKNOWN/NA,NW,PARKED,,,0,,,,,,,,,,,Y,,,,,,,REAR-LEFT-CORNER,,,,,,,,,,,,,,,,,,,,,,,,,,,,,,,,,
2116374,b633ff60573c4275321effb56b8f777685268f08721736bafeb58c8dd91a7f5d5f662d13d0216760b7923518b14d8fbcad5a6d462c456607405e82f1e6e69c68,07/28/2025 04:10:00 PM,1,DRIVER,,2017544,,MERCEDES-BENZ,CLA,,2021,UNKNOWN,PASSENGER,PERSONAL,W,STRAIGHT AHEAD,,,1,,,,,,,,Y,Y,,,,,,,,,REAR-RIGHT-CORNER,,,,,,,,,,,,,,,,,,,,,,,,,,,,,,,,,
2116375,b633ff60573c4275321effb56b8f777685268f08721736bafeb58c8dd91a7f5d5f662d13d0216760b7923518b14d8fbcad5a6d462c456607405e82f1e6e69c68,07/28/2025 04:10:00 PM,2,PARKED,,2017552,,FORD,F150,IL,2022,UNKNOWN,PICKUP,NOT IN USE,UNKNOWN,PARKED,,,0,,,,,,,,,,,Y,Y,,,,,,SIDE-LEFT-REAR,,,,,,,,,,,,,,,,,,,,,,,,,,,,,,,,,