CRASH_UNIT_ID,CRASH_RECORD_ID,CRASH_DATE,UNIT_NO,UNIT_TYPE,NUM_PASSENGERS,VEHICLE_ID,CMRC_VEH_I,MAKE,MODEL,LIC_PLATE_STATE,VEHICLE_YEAR,VEHICLE_DEFECT,VEHICLE_TYPE,VEHICLE_USE,TRAVEL_DIRECTION,MANEUVER,TOWED_I,FIRE_I,OCCUPANT_CNT,EXCEED_SPEED_LIMIT_I,TOWED_BY,TOWED_TO,AREA_00_I,AREA_01_I,AREA_02_I,AREA_03_I,AREA_04_I,AREA_05_I,AREA_06_I,AREA_07_I,AREA_08_I,AREA_09_I,AREA_10_I,AREA_11_I,AREA_12_I,AREA_99_I,FIRST_CONTACT_POINT,CMV_ID,USDOT_NO,CCMC_NO,ILCC_NO,COMMERCIAL_SRC,GVWR,CARRIER_NAME,CARRIER_STATE,CARRIER_CITY,HAZMAT_PLACARDS_I,HAZMAT_NAME,UN_NO,HAZMAT_PRESENT_I,HAZMAT_REPORT_I,HAZMAT_REPORT_NO,MCS_REPORT_I,MCS_REPORT_NO,HAZMAT_VIO_CAUSE_CRASH_I,MCS_VIO_CAUSE_CRASH_I,IDOT_PERMIT_NO,WIDE_LOAD_I,TRAILER1_WIDTH,TRAILER2_WIDTH,TRAILER1_LENGTH,TRAILER2_LENGTH,TOTAL_VEHICLE_LENGTH,AXLE_CNT,VEHICLE_CONFIG,CARGO_BODY_TYPE,LOAD_TYPE,HAZMAT_OUT_OF_SERVICE_I,MCS_OUT_OF_SERVICE_I,HAZMAT_CLASS
2116427,457681b8dc22c0b1c97ed7362614afcf5a2d90cd3a55c401da5d90c2a17bd6132e04a37a020f1690269215077ecd9a5db943ef80331810312d33be54da4788e5,07/28/2025 04:08:00 PM,1,DRIVER,,2017595,,UNKNOWN,OTHER (EXPLAIN IN NARRATIVE),,,UNKNOWN,UNKNOWN/NA,UNKNOWN/NA,UNKNOWN,UNKNOWN/NA,,,1,,,,,,,,,,,,,,,,,Y,UNKNOWN,,,,,,,,,,,,,,,,,,,,,,,,,,,,,,,,,
2116428,457681b8dc22c0b1c97ed7362614afcf5a2d90cd3a55c401da5d90c2a17bd6132e04a37a020f1690269215077ecd9a5db943ef80331810312d33be54da4788e5,07/28/2025 04:08:00 PM,2,PARKED,,2017604,,HONDA,CIVIC,IL,2008,UNKNOWN,PASSENGER,UNKNOWN/NA,W,PARKED,,,0,,,,,,,,,,,,,,,Y,,,FRONT-LEFT-CORNER,,,,,,,,,,,,,,,,,,,,,,,,,,,,,,,,,
2116382,ec06f6f06fc1d9e7c75df07cca2a12417f7cd225b64fff5057a63831a8338254c96d56a9e3c8d984add7ea1062f0f554d4d5cd128fde8322fecb9cc3594ebed4,07/28/2025 04:05:00 PM,1,DRIVER,,2017562,,CHRYSLER,TOWN & COUNTRY,IL,2008,UNKNOWN,VAN/MINI-VAN,PERSONAL,E,TURNING LEFT,Y,,1,,PRIVATE,UNK,,Y,,,,,,,,Y,Y,Y,Y,,FRONT-LEFT-CORNER,,,,,,,,,,,,,,,,,,,,,,,,,,,,,,,,,
2116383,ec06f6f06fc1d9e7c75df07cca2a12417f7cd225b64fff5057a63831a8338254c96d56a9e3c8d984add7ea1062f0f554d4d5cd128fde8322fecb9cc3594ebed4,07/28/2025 04:05:00 PM,2,PARKED,,2017594,,HONDA,CR-V,IL,2022,NONE,SPORT UTILITY VEHICLE (SUV),NOT IN USE,S,PARKED,N,,0,,,,,,,,,,,,,,Y,Y,Y,,FRONT-LEFT-CORNER,,,,,,,,,,,,,,,,,,,,,,,,,,,,,,,,,
2116380,39202d04e7fd18f12eba534e975d5445ce578907dd16e14d06789f6ddb46b86480cfceffe17ab3d51035c7a170268856ea56b56e677831aab6011f82b9cd548f,07/28/2025 04:00:00 PM,1,DRIVER,,2017553,,NOVA BUS,OTHER (EXPLAIN IN NARRATIVE),IL,2016,UNKNOWN,BUS OVER 15 PASS.,CTA,W,STRAIGHT AHEAD,,,1,,,,,,,,Y,,,,,,,,,,REAR-RIGHT-CORNER,,,,,,,,,,,,,,,,,,,,,,,,,,,,,,,,,
2116381,39202d04e7fd18f12eba534e975d5445ce578907dd16e14d06789f6ddb46b86480cfceffe17ab3d51035c7a170268856ea56b56e677831aab6011f82b9cd548f,07/28/2025 04:00:00 PM,2,DRIVER,,2017558,,TOYOTA,OTHER (EXPLAIN IN NARRATIVE),IL,2021,UNKNOWN,PASSENGER,TAXI/FOR HIRE,W,STRAIGHT AHEAD,,,1,,,,,,,,,,,,,,Y,,,,SIDE-LEFT,,,,,,,,,,,,,,,,,,,,,,,,,,,,,,,,,
2116333,a9e9c1884c612b5547c29be4449357016b0c0c4cd5b5d079427554a4d96c54b06a45a92d7dd0c13031358fd6de148d33e6a3aa6ef4a1e71f3f4d9ec45afb956d,07/28/2025 04:00:00 PM,1,DRIVER,,2017512,,CHEVROLET,AVALANCHE,IL,2005,NONE,PICKUP,PERSONAL,W,BACKING,,,1,,,,,,,,,,,Y,,,,,,,REAR-LEFT-CORNER,,,,,,,,,,,,,,,,,,,,,,,,,,,,,,,,,
2116334,a9e9c1884c612b5547c29be4449357016b0c0c4cd5b5d079427554a4d96c54b06a45a92d7dd0c13031358fd6de148d33e6a3aa6ef4a1e71f3f4d9ec45afb956d,07/28/2025 04:00:00 PM,2,DRIVER,1,2017519,,VOLKSWAGEN,TIGUAN,IL,2024,NONE,PASSENGER,PERSONAL,N,STRAIGHT AHEAD,,,2,,,,,Y,Y,,,,,,,,,,,,FRONT-RIGHT-CORNER,,,,,,,,,,,,,,,,,,,,,,,,,,,,,,,,,
2116397,031dba0131be98caf8c464ef752c360f1f3f4accf9c841aa3ffee6067b7c2595c722c23f1a638ca8606972d45a42ef483b6e5dd605ca689fa404279e67a6bc97,07/28/2025 03:58:00 PM,1,DRIVER,,2017575,,UNKNOWN,OTHER (EXPLAIN IN NARRATIVE),IL,2017,UNKNOWN,PASSENGER,PERSONAL,UNKNOWN,TURNING LEFT,,,1,,,,,,,,,,,,,,,,,Y,UNKNOWN,,,,,,,,,,,,,,,,,,,,,,,,,,,,,,,,,
2116398,031dba0131be98caf8c464ef752c360f1f3f4accf9c841aa3ffee6067b7c2595c722c23f1a638ca8606972d45a42ef483b6e5dd605ca689fa404279e67a6bc97,07/28/2025 03:58:00 PM,2,DRIVER,,2017591,,LEXUS,IS350,IL,2015,NONE,PASSENGER,PERSONAL,N,TURNING LEFT,,,1,,,,,,,,,,,Y,Y,,,,,,SIDE-LEFT,,,,,,,,,,,,,,,,,,,,,,,,,,,,,,,,,
2116379,846e33121c748c43b048399f787e0a788689c934208b5a0e09efaa973dc19b3e1e851bd87032d9e82ceebca30c8cea4d4a15772fac3265cc390af84c7a544b64,07/28/2025 03:58:00 PM,1,DRIVER,,2017554,,FORD,EXPLORER,IL,2023,NONE,SPORT UTILITY VEHICLE (SUV),POLICE,S,STRAIGHT AHEAD,,,1,,,,,,Y,Y,Y,,,,,,,,,,SIDE-RIGHT-FRONT,,,,,,,,,,,,,,,,,,,,,,,,,,,,,,,,,
2116335,abbaab2c1a1281f74c65f861d5e49cea3ccb6efafea16e2c2890f18d847d3f5accbaded445d068b7f4cbb74fa0c2b6e814b14507e4a62db3aeb15b1d6c506650,07/28/2025 03:45:00 PM,1,DRIVER,,2017513,,PONTIAC,VIBE,IL,2004,NONE,PASSENGER,PERSONAL,W,STRAIGHT AHEAD,,,1,,,,,,,,,,,,,,,,Y,,FRONT,,,,,,,,,,,,,,,,,,,,,,,,,,,,,,,,,
2116336,abbaab2c1a1281f74c65f861d5e49cea3ccb6efafea16e2c2890f18d847d3f5accbaded445d068b7f4cbb74fa0c2b6e814b14507e4a62db3aeb15b1d6c506650,07/28/2025 03:45:00 PM,2,DRIVER,,2017551,,UNKNOWN,MOTORIZED,,,UNKNOWN,UNKNOWN/NA,UNKNOWN/NA,N,STRAIGHT AHEAD,,,1,,,,,,,,,,,,,,,,,,UNKNOWN,,,,,,,,,,,,,,,,,,,,,,,,,,,,,,,,,
2116516,d00c5435a9dfc87ef7b81f50ab5977300125e351abdde916ed21fb27e1de8d8a17fe2c080a7198fe7a2b57ae0d774a8665466fa2dc8a5642addb01831c7a4e6a,07/28/2025 03:42:00 PM,1,BICYCLE,,,,,,,,,,,,,,,,,,,,,,,,,,,,,,,,,,,,,,,,,,,,,,,,,,,,,,,,,,,,,,,,,,
2116517,d00c5435a9dfc87ef7b81f50ab5977300125e351abdde916ed21fb27e1de8d8a17fe2c080a7198fe7a2b57ae0d774a8665466fa2dc8a5642addb01831c7a4e6a,07/28/2025 03:42:00 PM,2,DRIVER,,2017689,,HYUNDAI,ELANTRA,IL,2023,NONE,PASSENGER,PERSONAL,N,OTHER,,,1,,,,,,,,Y,Y,,,,,,,,,SIDE-RIGHT-REAR,,,,,,,,,,,,,,,,,,,,,,,,,,,,,,,,,
2116486,b0fb6eeaa6a77feb9dae85d72fa16f358a29943ecfb964f746afc929f08ee55594fd2460aea230188c62ffb1492dfd4d8f3f69e27af505162f423f35a65aeec4,07/28/2025 03:40:00 PM,1,DRIVER,,2017673,,UNKNOWN,MOTORIZED,,,UNKNOWN,SPORT UTILITY VEHICLE (SUV),UNKNOWN/NA,S,STRAIGHT AHEAD,,,1,,,,,,,,,,,,,,,,,,SIDE-LEFT,,,,,,,,,,,,,,,,,,,,,,,,,,,,,,,,,
2116487,b0fb6eeaa6a77feb9dae85d72fa16f358a29943ecfb964f746afc929f08ee55594fd2460aea230188c62ffb1492dfd4d8f3f69e27af505162f423f35a65aeec4,07/28/2025 03:40:00 PM,2,DRIVER,,2017661,,HONDA,ODYSSEY,IL,2008,UNKNOWN,VAN/MINI-VAN,PERSONAL,S,STRAIGHT AHEAD,,,1,,,,,,Y,Y,Y,,,,,,,,,,SIDE-LEFT,,,,,,,,,,,,,,,,,,,,,,,,,,,,,,,,,
2116399,bcb4a680b2c664713a4302d0e0f69cefe03496eafe11d5f7d0bca8979b43a04f4ff990f620d190a5bc4ad998522206e1e797e0ea20811a8a4397099b2d5f70e3,07/28/2025 03:39:00 PM,1,DRIVER,1,2017573,,SUBARU,LEGACY,IL,2019,UNKNOWN,PASSENGER,PERSONAL,NW,STRAIGHT AHEAD,,,2,,,,,Y,Y,,,,,,,,Y,Y,Y,,FRONT,,,,,,,,,,,,,,,,,,,,,,,,,,,,,,,,,
2116400,bcb4a680b2c664713a4302d0e0f69cefe03496eafe11d5f7d0bca8979b43a04f4ff990f620d190a5bc4ad998522206e1e797e0ea20811a8a4397099b2d5f70e3,07/28/2025 03:39:00 PM,2,DRIVER,,2017582,,JEEP,COMMANDER,IL,2010,UNKNOWN,PASSENGER,PERSONAL,E,STRAIGHT AHEAD,,,1,,,,,,Y,Y,Y,Y,,,,,,,,,SIDE-RIGHT,,,,,,,,,,,,,,,,,,,,,,,,,,,,,,,,,
2116407,75979d1adccdd7ac7d62a87eb56eaa0908570710fd42e42ba6a74a21d5baa4750420727a4b6e2fc5ed0c6ac3c9c5b21f1cabdf4e4b82174f3bd7601661bf3ee7,07/28/2025 03:38:00 PM,1,DRIVER,,2017601,,TOYOTA,CAMRY,IL,2014,UNKNOWN,PASSENGER,PERSONAL,E,ENTERING TRAFFIC LANE FROM PARKING,,,1,,,,,,,,,,,,,,N,Y,,,FRONT-LEFT-CORNER,,,,,,,,,,,,,,,,,,,,,,,,,,,,,,,,,
2116408,75979d1adccdd7ac7d62a87eb56eaa0908570710fd42e42ba6a74a21d5baa4750420727a4b6e2fc5ed0c6ac3c9c5b21f1cabdf4e4b82174f3bd7601661bf3ee7,07/28/2025 03:38:00 PM,2,DRIVER,2,2017598,,CHEVROLET,EQUINOX,IL,2015,UNKNOWN,PASSENGER,PERSONAL,E,LEAVING TRAFFIC LANE TO PARK,,,3,,,,,,,,Y,,,,,,,,,,REAR-RIGHT-CORNER,,,,,,,,,,,,,,,,,,,,,,,,,,,,,,,,,
2116600,8d6a82d6b2fa35acb50e1abcf9adc82788749292e372f29f9763240f1d8e423b17b86299df849b3e371ef0836080d45089f8bd4ab9bdf295d834bc84081419d3,07/28/2025 03:31:00 PM,1,DRIVER,,2017770,,MITSUBISHI,OTHER (EXPLAIN IN NARRATIVE),IL,2009,OTHER,PASSENGER,UNKNOWN/NA,E,PASSING/OVERTAKING,,,1,,,,,,,,,,,,,,,,,,UNKNOWN,,,,,,,,,,,,,,,,,,,,,,,,,,,,,,,,,
2116601,8d6a82d6b2fa35acb50e1abcf9adc82788749292e372f29f9763240f1d8e423b17b86299df849b3e371ef0836080d45089f8bd4ab9bdf295d834bc84081419d3,07/28/2025 03:31:00 PM,2,PARKED,,2017773,,NISSAN,PATHFINDER,IL,2016,NONE,SPORT UTILITY VEHICLE (SUV),PERSONAL,E,PARKED,,,0,,,,,,,,Y,Y,,,,,,,,,REAR-RIGHT-CORNER,,,,,,,,,,,,,,,,,,,,,,,,,,,,,,,,,
2116504,163e7e63aeaf6b42e5a991e8e3e0aea7aeadc1b7661d5d302fc7adfc3d0dedb840093fc1a7d1f7cc192ab1416912b7780885d8d9e7da168080d498b2ce2688f5,07/28/2025 03:30:00 PM,1,PARKED,1,2017663,,UNKNOWN,OTHER (EXPLAIN IN NARRATIVE),IL,,UNKNOWN,UNKNOWN/NA,UNKNOWN/NA,N,PARKED,,,1,,,,,,,,,,,,,,,,,Y,SIDE-LEFT,,,,,,,,,,,,,,,,,,,,,,,,,,,,,,,,,
2116505,163e7e63aeaf6b42e5a991e8e3e0aea7aeadc1b7661d5d302fc7adfc3d0dedb840093fc1a7d1f7cc192ab1416912b7780885d8d9e7da168080d498b2ce2688f5,07/28/2025 03:30:00 PM,2,DRIVER,,2017687,,FORD,TRANSIT,IL,2016,UNKNOWN,VAN/MINI-VAN,UNKNOWN/NA,N,STRAIGHT AHEAD,,,1,,,,,Y,Y,Y,Y,Y,,,,,,,,,SIDE-RIGHT,,,,,,,,,,,,,,,,,,,,,,,,,,,,,,,,,
2116877,2f617a56de106c3eef94e5126db05248f3e297481abcfbfe94523aa511eef74e03547a8a1dd36846b63d3aad8672856c63f088525ae8ab9bff38f872b7fa8e26,07/28/2025 03:30:00 PM,1,DRIVER,,2018023,Y,FORD,F250,IL,2008,UNKNOWN,VAN/MINI-VAN,PERSONAL,S,STRAIGHT AHEAD,,,1,,,,,,,,,,,,,,,,,,UNKNOWN,,,,,,,,,,,,,,,,,,,,,,,,,,,,,,,,,
2116878,2f617a56de106c3eef94e5126db05248f3e297481abcfbfe94523aa511eef74e03547a8a1dd36846b63d3aad8672856c63f088525ae8ab9bff38f872b7fa8e26,07/28/2025 03:30:00 PM,2,DRIVER,,2018024,,KIA,FORTE,IL,2024,UNKNOWN,PASSENGER,PERSONAL,W,STRAIGHT AHEAD,,,1,,,,,Y,Y,N,,,,,,,,,Y,,FRONT-RIGHT-CORNER,,,,,,,,,,,,,,,,,,,,,,,,,,,,,,,,,
2116914,3a7a2e8a6733ccfe68fa683d206cae227dbb7b7cfae039831257136b8eb163b18034e21c0f09dffed7c7813b2d3c3de609ee9f84eaf3e3fc5cbba573b298ad89,07/28/2025 03:30:00 PM,1,DRIVER,,2018074,,UNKNOWN,OTHER (EXPLAIN IN NARRATIVE),IL,,UNKNOWN,UNKNOWN/NA,UNKNOWN/NA,UNKNOWN,UNKNOWN/NA,,,1,,,,,,,,,,,,,,,,,Y,UNKNOWN,,,,,,,,,,,,,,,,,,,,,,,,,,,,,,,,,
2116915,3a7a2e8a6733ccfe68fa683d206cae227dbb7b7cfae039831257136b8eb163b18034e21c0f09dffed7c7813b2d3c3de609ee9f84eaf3e3fc5cbba573b298ad89,07/28/2025 03:30:00 PM,2,PARKED,,2018066,,HONDA,ACCORD,FL,2022,NONE,PASSENGER,OTHER,S,PARKED,,,0,,,,,,,,,Y,Y,,,,,,,,REAR-RIGHT-CORNER,,,,,,,,,,,,,,,,,,,,,,,,,,,,,,,,,
2116311,41c60eecfb65ed73e4162f68931c5c50998dbd9a57cc29744a22cb468aa9c2807a4b47accb5683ab84a581e18306022fc7856d81dfdc9ce7adbb6827c5634a19,07/28/2025 03:30:00 PM,1,DRIVER,,2017499,,TOYOTA,SIENNA,IL,,UNKNOWN,VAN/MINI-VAN,UNKNOWN/NA,S,STRAIGHT AHEAD,,,1,,,,,Y,,,,,,,,,,Y,Y,,FRONT,,,,,,,,,,,,,,,,,,,,,,,,,,,,,,,,,
2116312,41c60eecfb65ed73e4162f68931c5c50998dbd9a57cc29744a22cb468aa9c2807a4b47accb5683ab84a581e18306022fc7856d81dfdc9ce7adbb6827c5634a19,07/28/2025 03:30:00 PM,2,DRIVER,,2017489,,GENERAL MOTORS CORPORATION (GMC),TERRAIN,IL,,UNKNOWN,PASSENGER,PERSONAL,S,STRAIGHT AHEAD,,,1,,,,,,,,,Y,Y,Y,,,,,,,REAR,,,,,,,,,,,,,,,,,,,,,,,,,,,,,,,,,
2116361,88aefa8623e67cb6f7e828c0d0b53555684aa4b4d4bec9fe7d65d86694c4247872e6a66852bd2b12457c051ac7927299aa079a2d16ad8ce9753ccdef167fcafb,07/28/2025 03:30:00 PM,1,DRIVER,,2017534,,TOYOTA,CAMRY,IL,2005,NONE,PASSENGER,PERSONAL,W,STRAIGHT AHEAD,,,1,,,,,,,,,,,,,,,,Y,,FRONT,,,,,,,,,,,,,,,,,,,,,,,,,,,,,,,,,
2116362,88aefa8623e67cb6f7e828c0d0b53555684aa4b4d4bec9fe7d65d86694c4247872e6a66852bd2b12457c051ac7927299aa079a2d16ad8ce9753ccdef167fcafb,07/28/2025 03:30:00 PM,2,DRIVER,,2017537,,DODGE,JOURNEY,IL,2017,NONE,SPORT UTILITY VEHICLE (SUV),PERSONAL,W,STRAIGHT AHEAD,,,1,,,,,,,,,,Y,,,,,,,,REAR,,,,,,,,,,,,,,,,,,,,,,,,,,,,,,,,,
2116401,09607634904b741e85b52bf681fa509ed54bb48b0b204198db7fc97cc891c3dc27b2c5afeb8377470a46038382c427fb7d43d56a6e3da1c2d1047ef3b3d4b81d,07/28/2025 03:20:00 PM,1,DRIVER,,2017572,,SUBARU,OUTBACK,IL,2010,UNKNOWN,PASSENGER,PERSONAL,E,STRAIGHT AHEAD,,,1,,,,,,,Y,,,,,,N,,,,,SIDE-RIGHT,,,,,,,,,,,,,,,,,,,,,,,,,,,,,,,,,
2116402,09607634904b741e85b52bf681fa509ed54bb48b0b204198db7fc97cc891c3dc27b2c5afeb8377470a46038382c427fb7d43d56a6e3da1c2d1047ef3b3d4b81d,07/28/2025 03:20:00 PM,2,DRIVER,,2017588,,CHEVROLET,SUBURBAN,IL,2023,UNKNOWN,SPORT UTILITY VEHICLE (SUV),PERSONAL,E,STRAIGHT AHEAD,,,1,,,,,,,,,,,,,,,Y,,,FRONT-LEFT-CORNER,,,,,,,,,,,,,,,,,,,,,,,,,,,,,,,,,
2118825,4d0316dc1523859c5aed277a86445c483d03389ea0ceee123c7ff6890c76d1652efd3878c3da965bb2cbb91321bd0e321e0c1dc71572127caa3fef2f60a5c4fe,07/28/2025 03:19:00 PM,1,DRIVER,,2019846,,CHEVROLET,AVEO,IN,2011,NONE,PASSENGER,PERSONAL,SE,TURNING RIGHT,,,1,,,,,Y,,,,,,,,,,Y,Y,,FRONT,,,,,,,,,,,,,,,,,,,,,,,,,,,,,,,,,
2118826,4d0316dc1523859c5aed277a86445c483d03389ea0ceee123c7ff6890c76d1652efd3878c3da965bb2cbb91321bd0e321e0c1dc71572127caa3fef2f60a5c4fe,07/28/2025 03:19:00 PM,2,DRIVER,,2019847,,FORD,F550,IN,2019,NONE,TRACTOR W/ SEMI-TRAILER,PERSONAL,S,STRAIGHT AHEAD,,,1,,,,,,Y,,,,,,,,,,,,SIDE-RIGHT,,,,,,,,,,,,,,,,,,,,,,,,,,,,,,,,,
2116655,483228bb2aef1fd8117207e5b343427fad47d964650e9bbf7712b2104b7090bafaf88915341549561c34213231d616e5b9bf87bdd648467fb6120889bfcc863a,07/28/2025 03:15:00 PM,1,DRIVER,,2017823,,HYUNDAI,OTHER (EXPLAIN IN NARRATIVE),IL,2016,UNKNOWN,PASSENGER,PERSONAL,W,OTHER,,,1,,,,,,,,,,,,,,,,,,UNKNOWN,,,,,,,,,,,,,,,,,,,,,,,,,,,,,,,,,
2116656,483228bb2aef1fd8117207e5b343427fad47d964650e9bbf7712b2104b7090bafaf88915341549561c34213231d616e5b9bf87bdd648467fb6120889bfcc863a,07/28/2025 03:15:00 PM,2,DRIVER,,2017826,,BUICK,OTHER (EXPLAIN IN NARRATIVE),IL,2015,UNKNOWN,PASSENGER,PERSONAL,W,STRAIGHT AHEAD,,,1,,,,,,,,,,,Y,Y,,,,,,REAR,,,,,,,,,,,,,,,,,,,,,,,,,,,,,,,,,
2116409,a6bdbfe12eeed232330a6be702f0bccbc72e834962ea456eab9dc13dd1d11aac633b81e258a050067ee80cc3af81fc26184c40badfd80ade8aa172ac7984ca66,07/28/2025 03:15:00 PM,1,DRIVER,,2017625,,UNKNOWN,OTHER (EXPLAIN IN NARRATIVE),,,UNKNOWN,UNKNOWN/NA,UNKNOWN/NA,S,STRAIGHT AHEAD,,,1,,,,,,,,,,,,,,,,,Y,UNKNOWN,,,,,,,,,,,,,,,,,,,,,,,,,,,,,,,,,
2116410,a6bdbfe12eeed232330a6be702f0bccbc72e834962ea456eab9dc13dd1d11aac633b81e258a050067ee80cc3af81fc26184c40badfd80ade8aa172ac7984ca66,07/28/2025 03:15:00 PM,2,DRIVER,,2017585,,LEXUS,RX350,IL,2019,NONE,PASSENGER,PERSONAL,S,STRAIGHT AHEAD,,,1,,,,,,,,,,,,,Y,Y,Y,,,FRONT-LEFT-CORNER,,,,,,,,,,,,,,,,,,,,,,,,,,,,,,,,,
2116469,4b473c43cbfba89d573580d1580e53915a14ef06d3037cd8947ccf0beae7dd5a1735317f99cc8142cc70d7462bbcb71a3ab1eb5bc28db4ecc5a9ec22351d7f3f,07/28/2025 03:06:00 PM,1,DRIVER,,2017645,,CHEVROLET,MALIBU,IL,2017,UNKNOWN,PASSENGER,PERSONAL,S,STRAIGHT AHEAD,,,1,,,,,,,,,,,,,,Y,Y,Y,,FRONT-LEFT-CORNER,,,,,,,,,,,,,,,,,,,,,,,,,,,,,,,,,
2116470,4b473c43cbfba89d573580d1580e53915a14ef06d3037cd8947ccf0beae7dd5a1735317f99cc8142cc70d7462bbcb71a3ab1eb5bc28db4ecc5a9ec22351d7f3f,07/28/2025 03:06:00 PM,2,DRIVER,2,2017651,,NISSAN,ROGUE,IL,2019,UNKNOWN,SPORT UTILITY VEHICLE (SUV),PERSONAL,W,STRAIGHT AHEAD,,,3,,,,,Y,,,,,,,,,,Y,Y,,FRONT-RIGHT-CORNER,,,,,,,,,,,,,,,,,,,,,,,,,,,,,,,,,
2116297,a9e4519ac022b7394600c48a77e1256e1af6537eb243607a92446d5686ef34e8e4a574d9fafdaa7508a3cdaccd902e3af4983d419f95f9597043624f12ea05a7,07/28/2025 03:00:00 PM,1,DRIVER,,2017475,,FORD,BRONCO / BRONCO II,IL,2024,NONE,PASSENGER,PERSONAL,S,CHANGING LANES,,,1,,,,,,,,Y,Y,,,,,,,,,REAR-RIGHT-CORNER,,,,,,,,,,,,,,,,,,,,,,,,,,,,,,,,,
2116298,a9e4519ac022b7394600c48a77e1256e1af6537eb243607a92446d5686ef34e8e4a574d9fafdaa7508a3cdaccd902e3af4983d419f95f9597043624f12ea05a7,07/28/2025 03:00:00 PM,2,DRIVER,,2017478,,MERCEDES-BENZ,GLA,IL,2016,NONE,PASSENGER,PERSONAL,S,STRAIGHT AHEAD,Y,,1,,PRIVATE TOW,UNK,,,,,,,,,,,Y,Y,Y,,FRONT-LEFT-CORNER,,,,,,,,,,,,,,,,,,,,,,,,,,,,,,,,,
2116548,f868394dd17381eebf4b2db1e584cd7fed24264046ef15813ccd128527204e0b9cb1adddc1b7d4c655a23cb6a3dc2d3fc849c73479161076559039aa050a6d03,07/28/2025 03:00:00 PM,1,DRIVER,1,2017728,,FORD,ESCAPE,IL,2020,UNKNOWN,PASSENGER,PERSONAL,NW,UNKNOWN/NA,,,2,,,,,,,,,,,,,Y,Y,Y,,,FRONT-LEFT-CORNER,,,,,,,,,,,,,,,,,,,,,,,,,,,,,,,,,
2116549,f868394dd17381eebf4b2db1e584cd7fed24264046ef15813ccd128527204e0b9cb1adddc1b7d4c655a23cb6a3dc2d3fc849c73479161076559039aa050a6d03,07/28/2025 03:00:00 PM,2,DRIVER,3,2017741,,CHEVROLET,CRUZE,IL,2012,UNKNOWN,PASSENGER,PERSONAL,E,UNKNOWN/NA,,,4,,,,,Y,Y,,,,,,,,Y,Y,Y,,FRONT,,,,,,,,,,,,,,,,,,,,,,,,,,,,,,,,,
2116415,be87999ae380f9c5941d0793907d738a1e5a7eba9d0a4be15037fbaf3b0df0dae0bc395d9156717a389ca6707a3f196f8d21171cd4a043923d51362b57d76769,07/28/2025 02:59:00 PM,1,DRIVER,,2017590,,LINCOLN,MARK II,IL,2016,UNKNOWN,SPORT UTILITY VEHICLE (SUV),PERSONAL,E,BACKING,,,1,,,,,,,,,,Y,,,,,,,,REAR,,,,,,,,,,,,,,,,,,,,,,,,,,,,,,,,,
2116416,be87999ae380f9c5941d0793907d738a1e5a7eba9d0a4be15037fbaf3b0df0dae0bc395d9156717a389ca6707a3f196f8d21171cd4a043923d51362b57d76769,07/28/2025 02:59:00 PM,2,PARKED,,2017597,,HONDA,CIVIC,IL,,UNKNOWN,PASSENGER,OTHER,E,PARKED,,,0,,,,,,,,,,,,,,,,Y,,FRONT,,,,,,,,,,,,,,,,,,,,,,,,,,,,,,,,,
2116309,33a57821c333d942cb5a5f0d11d35f8797a8b8027fda2d4dcd65ec0558541d246eefe939b86a87ac781714e451facd070df5b8507be66d9836d50ec7d2f49ed9,07/28/2025 02:47:00 PM,1,DRIVER,,2017486,,HONDA,CIVIC,IL,2015,NONE,PASSENGER,PERSONAL,N,STRAIGHT AHEAD,,,1,,,,,,,,,,,,,,Y,Y,,,FRONT-LEFT-CORNER,,,,,,,,,,,,,,,,,,,,,,,,,,,,,,,,,
2116310,33a57821c333d942cb5a5f0d11d35f8797a8b8027fda2d4dcd65ec0558541d246eefe939b86a87ac781714e451facd070df5b8507be66d9836d50ec7d2f49ed9,07/28/2025 02:47:00 PM,2,DRIVER,,2017497,,TOYOTA,CAMRY,IL,2015,NONE,PASSENGER,PERSONAL,S,STRAIGHT AHEAD,,,1,,,,,,,,,,,,,,Y,Y,,,FRONT-LEFT-CORNER,,,,,,,,,,,,,,,,,,,,,,,,,,,,,,,,,
2116478,fba309f9a550bd796782add9a399658395ca0ecef8f86191250a9227fa9df3ef9113a74cbc8bf45be2f4c137c248cf38faf199c45dc4bbef3adec411d7188565,07/28/2025 02:45:00 PM,1,DRIVER,,2017677,,UNKNOWN,MOTORIZED,IL,,UNKNOWN,MOPED OR MOTORIZED BICYCLE,PERSONAL,S,STRAIGHT AHEAD,,,1,,,,,,,,,,,,,,,,Y,,FRONT,,,,,,,,,,,,,,,,,,,,,,,,,,,,,,,,,
2116479,fba309f9a550bd796782add9a399658395ca0ecef8f86191250a9227fa9df3ef9113a74cbc8bf45be2f4c137c248cf38faf199c45dc4bbef3adec411d7188565,07/28/2025 02:45:00 PM,2,DRIVER,,2017654,,FORD,ESCAPE,IL,2018,UNKNOWN,PASSENGER,PERSONAL,W,STRAIGHT AHEAD,,,1,,,,,Y,,,,,,,,,,,,,FRONT-RIGHT-CORNER,,,,,,,,,,,,,,,,,,,,,,,,,,,,,,,,,