CRASH_UNIT_ID,CRASH_RECORD_ID,CRASH_DATE,UNIT_NO,UNIT_TYPE,NUM_PASSENGERS,VEHICLE_ID,CMRC_VEH_I,MAKE,MODEL,LIC_PLATE_STATE,VEHICLE_YEAR,VEHICLE_DEFECT,VEHICLE_TYPE,VEHICLE_USE,TRAVEL_DIRECTION,MANEUVER,TOWED_I,FIRE_I,OCCUPANT_CNT,EXCEED_SPEED_LIMIT_I,TOWED_BY,TOWED_TO,AREA_00_I,AREA_01_I,AREA_02_I,AREA_03_I,AREA_04_I,AREA_05_I,AREA_06_I,AREA_07_I,AREA_08_I,AREA_09_I,AREA_10_I,AREA_11_I,AREA_12_I,AREA_99_I,FIRST_CONTACT_POINT,CMV_ID,USDOT_NO,CCMC_NO,ILCC_NO,COMMERCIAL_SRC,GVWR,CARRIER_NAME,CARRIER_STATE,CARRIER_CITY,HAZMAT_PLACARDS_I,HAZMAT_NAME,UN_NO,HAZMAT_PRESENT_I,HAZMAT_REPORT_I,HAZMAT_REPORT_NO,MCS_REPORT_I,MCS_REPORT_NO,HAZMAT_VIO_CAUSE_CRASH_I,MCS_VIO_CAUSE_CRASH_I,IDOT_PERMIT_NO,WIDE_LOAD_I,TRAILER1_WIDTH,TRAILER2_WIDTH,TRAILER1_LENGTH,TRAILER2_LENGTH,TOTAL_VEHICLE_LENGTH,AXLE_CNT,VEHICLE_CONFIG,CARGO_BODY_TYPE,LOAD_TYPE,HAZMAT_OUT_OF_SERVICE_I,MCS_OUT_OF_SERVICE_I,HAZMAT_CLASS
2116354,28e4be26f2a2754c078f6cbf70db3dcf2b4784829dc2dc390751a0be878f64b8b7f5c5ebbf26a96db0b6546996ee40b84f16e1f66d2b82a039541ef915711ebc,07/28/2025 02:35:00 PM,1,DRIVER,,2017530,N,MITSUBISHI,STARION,IL,2008,UNKNOWN,TRUCK - SINGLE UNIT,COMMERCIAL - SINGLE UNIT,SW,TURNING RIGHT,,,1,,,,,,,,,,,,,,,,,Y,UNKNOWN,,,,,,,,,,,,,,,,,,,,,,,,,,,,,,,,,
2116373,28e4be26f2a2754c078f6cbf70db3dcf2b4784829dc2dc390751a0be878f64b8b7f5c5ebbf26a96db0b6546996ee40b84f16e1f66d2b82a039541ef915711ebc,07/28/2025 02:35:00 PM,2,PEDESTRIAN,,,,,,,,,,,,,,,,,,,,,,,,,,,,,,,,,,,,,,,,,,,,,,,,,,,,,,,,,,,,,,,,,,
2116376,28e4be26f2a2754c078f6cbf70db3dcf2b4784829dc2dc390751a0be878f64b8b7f5c5ebbf26a96db0b6546996ee40b84f16e1f66d2b82a039541ef915711ebc,07/28/2025 02:35:00 PM,3,PEDESTRIAN,,,,,,,,,,,,,,,,,,,,,,,,,,,,,,,,,,,,,,,,,,,,,,,,,,,,,,,,,,,,,,,,,,
2117329,191f34a30bb507b497a3f66756c180de63ee46ae3f33dea477fc1ef381b2a82c16821bf921c9da7699c48a3f3435621c7a35a2bbe7d7db829fbe5ba472687ad2,07/28/2025 02:30:00 PM,1,DRIVER,,2018417,,KIA,SORENTO,IL,2011,NONE,SPORT UTILITY VEHICLE (SUV),PERSONAL,W,STRAIGHT AHEAD,,,1,,,,,,,,,,,,,,,,Y,,FRONT,,,,,,,,,,,,,,,,,,,,,,,,,,,,,,,,,
2117330,191f34a30bb507b497a3f66756c180de63ee46ae3f33dea477fc1ef381b2a82c16821bf921c9da7699c48a3f3435621c7a35a2bbe7d7db829fbe5ba472687ad2,07/28/2025 02:30:00 PM,2,DRIVER,,2018412,,HONDA,ELEMENT,IL,2003,NONE,SPORT UTILITY VEHICLE (SUV),PERSONAL,W,SLOW/STOP IN TRAFFIC,,,1,,,,,,,,,,Y,,,,,,,,REAR,,,,,,,,,,,,,,,,,,,,,,,,,,,,,,,,,
2116315,71b5517e32b963f5a360a541f0af03cf9ee415dd411a5b6f7552845c8a916711876b143b33c876af59509d511fa61c3b604447a360bd5e73f16e1e01fe72399c,07/28/2025 02:30:00 PM,1,DRIVER,,2017502,,CHEVROLET,OTHER (EXPLAIN IN NARRATIVE),IL,2023,UNKNOWN,PICKUP,PERSONAL,E,PASSING/OVERTAKING,,,1,,,,,,,,,,,Y,Y,Y,,,,,SIDE-LEFT,,,,,,,,,,,,,,,,,,,,,,,,,,,,,,,,,
2116316,71b5517e32b963f5a360a541f0af03cf9ee415dd411a5b6f7552845c8a916711876b143b33c876af59509d511fa61c3b604447a360bd5e73f16e1e01fe72399c,07/28/2025 02:30:00 PM,2,DRIVER,,2017498,,FORD,F150,IL,2015,NONE,VAN/MINI-VAN,PERSONAL,E,STRAIGHT AHEAD,,,1,,,,,Y,,,,,,,,,,,,,FRONT-RIGHT-CORNER,,,,,,,,,,,,,,,,,,,,,,,,,,,,,,,,,
2116339,78e579e2a7a254471f505536930564a04f0908bbc3cddb747d02f8665af6b4a4ff892de87bf01875bb4c686221a175044a90d2362c0f3dafa8242644782685dd,07/28/2025 02:30:00 PM,1,DRIVER,,2017515,,FORD,EXPLORER,IL,2013,UNKNOWN,SPORT UTILITY VEHICLE (SUV),OTHER,S,STRAIGHT AHEAD,,,1,,,,,,,,,,,,,,,,Y,,FRONT,,,,,,,,,,,,,,,,,,,,,,,,,,,,,,,,,
2116340,78e579e2a7a254471f505536930564a04f0908bbc3cddb747d02f8665af6b4a4ff892de87bf01875bb4c686221a175044a90d2362c0f3dafa8242644782685dd,07/28/2025 02:30:00 PM,2,DRIVER,,2017514,,GENERAL MOTORS CORPORATION (GMC),SIERRA,IL,2007,NONE,PICKUP,PERSONAL,S,STRAIGHT AHEAD,,,1,,,,,,,,,,Y,,,,,,,,REAR,,,,,,,,,,,,,,,,,,,,,,,,,,,,,,,,,
2116295,613c1c043cbe32ee0e2616fd272ad9eaf3c9492fb08bf6d57ed15dd3ef2e78f3b3fe1db117c6d4628d7cbd6c3159dd66a4f482d042f4a2b555d5882ed9a80a43,07/28/2025 02:20:00 PM,1,DRIVER,,2017481,,LEXUS,ES,IL,2013,UNKNOWN,PASSENGER,PERSONAL,NW,ENTERING TRAFFIC LANE FROM PARKING,,,1,,,,,,,,,,,,,,,Y,,,SIDE-LEFT-FRONT,,,,,,,,,,,,,,,,,,,,,,,,,,,,,,,,,
2116296,613c1c043cbe32ee0e2616fd272ad9eaf3c9492fb08bf6d57ed15dd3ef2e78f3b3fe1db117c6d4628d7cbd6c3159dd66a4f482d042f4a2b555d5882ed9a80a43,07/28/2025 02:20:00 PM,2,DRIVER,,2017487,,TOYOTA,PRIUS,IL,2012,UNKNOWN,PASSENGER,PERSONAL,N,STRAIGHT AHEAD,,,1,,,,,Y,Y,,,,,,,,,,,,SIDE-RIGHT-FRONT,,,,,,,,,,,,,,,,,,,,,,,,,,,,,,,,,
2116331,00a519ec7b26298c60ce81154a6259caef20d9a614f80df5c2c3c9e6806af833fc8dc4e9da55dfaa765a9472109c22c86338480a29cae0c0089502a38d50d0b9,07/28/2025 02:15:00 PM,1,DRIVER,,2017509,,ACURA,ILX,IL,2024,UNKNOWN,PASSENGER,PERSONAL,W,STRAIGHT AHEAD,,,1,,,,,,,,,,,,,,,,Y,,FRONT,,,,,,,,,,,,,,,,,,,,,,,,,,,,,,,,,
2116332,00a519ec7b26298c60ce81154a6259caef20d9a614f80df5c2c3c9e6806af833fc8dc4e9da55dfaa765a9472109c22c86338480a29cae0c0089502a38d50d0b9,07/28/2025 02:15:00 PM,2,BICYCLE,,,,,,,,,,,,,,,,,,,,,,,,,,,,,,,,,,,,,,,,,,,,,,,,,,,,,,,,,,,,,,,,,,
2116423,cd0d198bd08bb29645b10d1251e36d94d93a7253009ef9a02a448c544b503850b59703147de7c4a62461271b92f75772397e3471b9b3f13b6a2c05cbe34e4112,07/28/2025 02:15:00 PM,1,DRIVER,,2017587,,ACURA,RLX,,,NONE,PASSENGER,PERSONAL,N,STRAIGHT AHEAD,,,1,,,,,,,,,,,,,,,N,Y,,FRONT,,,,,,,,,,,,,,,,,,,,,,,,,,,,,,,,,
2116424,cd0d198bd08bb29645b10d1251e36d94d93a7253009ef9a02a448c544b503850b59703147de7c4a62461271b92f75772397e3471b9b3f13b6a2c05cbe34e4112,07/28/2025 02:15:00 PM,2,DRIVER,,2017612,,KIA,FORTE,,,NONE,PASSENGER,PERSONAL,W,STRAIGHT AHEAD,,,1,,,,,,,,,,,,Y,,,,,,SIDE-LEFT-REAR,,,,,,,,,,,,,,,,,,,,,,,,,,,,,,,,,
2116337,544bc1cb7255afb65e8440a68ac38ce089c59f101f19a827734f453b747481264692cfa765448d1b15ac5251e2b535d4b56e354b45650d978d5af9bf640902e1,07/28/2025 02:14:00 PM,1,DRIVER,3,2017520,,HYUNDAI,ELANTRA,IL,2025,NONE,PASSENGER,PERSONAL,N,TURNING LEFT,,,4,,,,,,Y,Y,,,,,,,,,,,SIDE-RIGHT,,,,,,,,,,,,,,,,,,,,,,,,,,,,,,,,,
2116338,544bc1cb7255afb65e8440a68ac38ce089c59f101f19a827734f453b747481264692cfa765448d1b15ac5251e2b535d4b56e354b45650d978d5af9bf640902e1,07/28/2025 02:14:00 PM,2,DRIVER,1,2017531,,HONDA,ACCORD,IL,2017,NONE,PASSENGER,PERSONAL,S,STRAIGHT AHEAD,,,2,,,,,Y,,,,,,,,,,Y,Y,,FRONT,,,,,,,,,,,,,,,,,,,,,,,,,,,,,,,,,
2116287,e26becdb8000458102dbfd22b39715ff92fa9fe77727ac5c40cdb3f4bff5c3c67429054ae0719d3f86ab2748e8a259ab5e44ae1cfc47f93f9fa16c6aab91609d,07/28/2025 02:12:00 PM,1,DRIVER,,2017467,,HYUNDAI,SONATA,IL,2020,NONE,PASSENGER,PERSONAL,E,STRAIGHT AHEAD,,,1,,,,,Y,,,,,,,,,,,Y,,FRONT-RIGHT-CORNER,,,,,,,,,,,,,,,,,,,,,,,,,,,,,,,,,
2116288,e26becdb8000458102dbfd22b39715ff92fa9fe77727ac5c40cdb3f4bff5c3c67429054ae0719d3f86ab2748e8a259ab5e44ae1cfc47f93f9fa16c6aab91609d,07/28/2025 02:12:00 PM,2,DRIVER,,2017471,,CHEVROLET,SUBURBAN,IL,2023,NONE,SPORT UTILITY VEHICLE (SUV),RIDESHARE SERVICE,E,STRAIGHT AHEAD,,,1,,,,,,,,,,,Y,,,,,,,REAR-LEFT-CORNER,,,,,,,,,,,,,,,,,,,,,,,,,,,,,,,,,
2116285,a03a83c1c8323f1e7be68381d694ed96acf7b50588081f36284d2ee17629e9ad38630243ef0d066ad01cce0eafa36c7de6542d935459ea91034bebf7bc814682,07/28/2025 02:07:00 PM,1,PARKED,,2017464,,HONDA,CR-V,MI,2025,UNKNOWN,PASSENGER,NOT IN USE,W,PARKED,,,0,,,,,,,,,,,,,Y,,,,,SIDE-LEFT-FRONT,,,,,,,,,,,,,,,,,,,,,,,,,,,,,,,,,
2116286,a03a83c1c8323f1e7be68381d694ed96acf7b50588081f36284d2ee17629e9ad38630243ef0d066ad01cce0eafa36c7de6542d935459ea91034bebf7bc814682,07/28/2025 02:07:00 PM,2,BICYCLE,,,,,,,,,,,,,,,,,,,,,,,,,,,,,,,,,,,,,,,,,,,,,,,,,,,,,,,,,,,,,,,,,,
2116411,043afc688f37a5e734fa4fdce23753c19e9dfbda5896cfcc02726a5d7c07c0a2291984dc237074b9312b77c83dd733c2f987a465c9973ac8030d87811e1bb671,07/28/2025 02:00:00 PM,1,DRIVER,,2017584,,NISSAN,KICKS,IL,2022,UNKNOWN,SPORT UTILITY VEHICLE (SUV),OTHER,E,STRAIGHT AHEAD,,,1,,,,,,,,,,,,,,,,Y,,FRONT,,,,,,,,,,,,,,,,,,,,,,,,,,,,,,,,,
2116412,043afc688f37a5e734fa4fdce23753c19e9dfbda5896cfcc02726a5d7c07c0a2291984dc237074b9312b77c83dd733c2f987a465c9973ac8030d87811e1bb671,07/28/2025 02:00:00 PM,2,BICYCLE,,,,,,,,,,,,,,,,,,,,,,,,,,,,,,,,,,,,,,,,,,,,,,,,,,,,,,,,,,,,,,,,,,
2116859,199c491ca4538c31f0d8fbdda3bd85628face4900b4907d1dc33ee2adc5c72e1002307e50f5cad0b9acb7a10875cb7ce37c71ecb977ef5f6d29bc6d49ce39436,07/28/2025 02:00:00 PM,1,DRIVER,,2018007,,UNKNOWN,OTHER (EXPLAIN IN NARRATIVE),,,UNKNOWN,UNKNOWN/NA,UNKNOWN/NA,UNKNOWN,UNKNOWN/NA,,,1,,,,,,,,,,,,,,,,,,UNKNOWN,,,,,,,,,,,,,,,,,,,,,,,,,,,,,,,,,
2116860,199c491ca4538c31f0d8fbdda3bd85628face4900b4907d1dc33ee2adc5c72e1002307e50f5cad0b9acb7a10875cb7ce37c71ecb977ef5f6d29bc6d49ce39436,07/28/2025 02:00:00 PM,2,PARKED,,2018012,,ACURA,ADX,IL,2020,UNKNOWN,PASSENGER,PERSONAL,UNKNOWN,PARKED,,,0,,,,,,,,,Y,,,,,,,,,REAR-RIGHT-CORNER,,,,,,,,,,,,,,,,,,,,,,,,,,,,,,,,,
2116384,3726c4b85ac9c5e06a658d5063afbd0836fa80826fab23cdbe71ebf0e80367d6f782cf825cece3cec5e56fba8cdb0d1b978a995a80ec8ebf52e066ff7e95d769,07/28/2025 02:00:00 PM,1,DRIVER,1,2017555,,AUDI,OTHER (EXPLAIN IN NARRATIVE),IL,2013,UNKNOWN,PASSENGER,PERSONAL,E,TURNING LEFT,Y,,2,,private,unknown,,Y,Y,,,,,,,,Y,Y,Y,,FRONT,,,,,,,,,,,,,,,,,,,,,,,,,,,,,,,,,
2116385,3726c4b85ac9c5e06a658d5063afbd0836fa80826fab23cdbe71ebf0e80367d6f782cf825cece3cec5e56fba8cdb0d1b978a995a80ec8ebf52e066ff7e95d769,07/28/2025 02:00:00 PM,2,DRIVER,,2017567,,TOYOTA,OTHER (EXPLAIN IN NARRATIVE),IL,2007,UNKNOWN,PASSENGER,PERSONAL,W,STRAIGHT AHEAD,Y,,1,,private,unknown,,Y,,,,,,,,,Y,Y,Y,,FRONT,,,,,,,,,,,,,,,,,,,,,,,,,,,,,,,,,
2116301,4ad7ccb0084f716d635ecd518457ec731a6e51f90391a5d76f3a4a8139339fe2f406983de6109785533f35ec3997b35326d1d345e640dae32b94ac0c5627ccad,07/28/2025 02:00:00 PM,1,DRIVER,,2017510,,NISSAN,OTHER (EXPLAIN IN NARRATIVE),IL,2015,NONE,PASSENGER,PERSONAL,W,STRAIGHT AHEAD,,,1,,,,,,,,,,,,,,,Y,,,FRONT-LEFT-CORNER,,,,,,,,,,,,,,,,,,,,,,,,,,,,,,,,,
2116302,4ad7ccb0084f716d635ecd518457ec731a6e51f90391a5d76f3a4a8139339fe2f406983de6109785533f35ec3997b35326d1d345e640dae32b94ac0c5627ccad,07/28/2025 02:00:00 PM,2,DRIVER,,2017546,,TOYOTA,OTHER (EXPLAIN IN NARRATIVE),IL,,NONE,PASSENGER,PERSONAL,W,STRAIGHT AHEAD,,,1,,,,,,,,,,,,,,,,,,REAR-RIGHT-CORNER,,,,,,,,,,,,,,,,,,,,,,,,,,,,,,,,,
2116263,956ff08271db430afb1047f5bd7111a8e5449532fac1340eb7cc4f276c75125214ea96afc14e0627f12acc4754dc58ae918a0079b035193613acb76e1dd4112c,07/28/2025 02:00:00 PM,1,DRIVER,,2017449,,MITSUBISHI,OUTLANDER,IL,2020,UNKNOWN,SPORT UTILITY VEHICLE (SUV),PERSONAL,W,SLOW/STOP IN TRAFFIC,,,1,,,,,,,,,,,,,,,Y,,,FRONT-LEFT-CORNER,,,,,,,,,,,,,,,,,,,,,,,,,,,,,,,,,
2116264,956ff08271db430afb1047f5bd7111a8e5449532fac1340eb7cc4f276c75125214ea96afc14e0627f12acc4754dc58ae918a0079b035193613acb76e1dd4112c,07/28/2025 02:00:00 PM,2,DRIVER,,2017465,,GENESIS,G70,GA,2025,UNKNOWN,SPORT UTILITY VEHICLE (SUV),PERSONAL,W,SLOW/STOP IN TRAFFIC,,,1,,,,,,,,,Y,,,,,,,,,REAR-RIGHT-CORNER,,,,,,,,,,,,,,,,,,,,,,,,,,,,,,,,,
2116431,4ca8bdac5060447a60f276a22186199666a841f96b3a2dc1a6b8f66031ac56401fe043d25bbe8362ba8320ee99bc45e8215fac95b31b50deba271c67c7068724,07/28/2025 01:57:00 PM,1,DRIVER,,2017606,,HONDA,CIVIC,IL,2021,UNKNOWN,PASSENGER,PERSONAL,E,TURNING LEFT,,,1,,,,,,,,,,,,,,,Y,Y,,FRONT-LEFT-CORNER,,,,,,,,,,,,,,,,,,,,,,,,,,,,,,,,,
2116432,4ca8bdac5060447a60f276a22186199666a841f96b3a2dc1a6b8f66031ac56401fe043d25bbe8362ba8320ee99bc45e8215fac95b31b50deba271c67c7068724,07/28/2025 01:57:00 PM,2,PARKED,,2017613,,HONDA,CR-V,IL,2016,UNKNOWN,PASSENGER,PERSONAL,N,PARKED,Y,,0,,PERSONAL,,,,,,Y,Y,Y,,,,,,,,REAR-RIGHT-CORNER,,,,,,,,,,,,,,,,,,,,,,,,,,,,,,,,,
2116508,381295fc73db57a97cf9beec3e78eace90553160b9230d454048010fc45703994bc3688d59a841dc75bf543aa9ac23f4166b0cd20cc0a59d60812c4b5a06363c,07/28/2025 01:56:00 PM,1,DRIVER,,2017668,,CHEVROLET,CRUZE,IL,2014,UNKNOWN,PASSENGER,PERSONAL,SE,TURNING LEFT,Y,,1,,OFFICER,CITY POUND,,Y,Y,,,,,,,,Y,Y,Y,,FRONT,,,,,,,,,,,,,,,,,,,,,,,,,,,,,,,,,
2116509,381295fc73db57a97cf9beec3e78eace90553160b9230d454048010fc45703994bc3688d59a841dc75bf543aa9ac23f4166b0cd20cc0a59d60812c4b5a06363c,07/28/2025 01:56:00 PM,2,DRIVER,,2017669,,RIVIAN,R1S,IL,2025,NONE,PASSENGER,PERSONAL,N,STRAIGHT AHEAD,Y,,1,,OWNER,UNKNOWN,,,,,,,,,,,Y,Y,Y,,FRONT-LEFT-CORNER,,,,,,,,,,,,,,,,,,,,,,,,,,,,,,,,,
2116875,6c47d93f04eb67b16402af9c35278e7ebd91f4a433cdb10e79dce3228227b448cb8d6c443a8d884d106cee8717441bfebf1abc4d5e4830521e89cd4a11b15a7e,07/28/2025 01:53:00 PM,1,DRIVER,,2018035,,JEEP,COMPASS,IL,2007,UNKNOWN,PASSENGER,PERSONAL,UNKNOWN,BACKING,,,1,,,,,,,,Y,Y,Y,Y,Y,,,,,,REAR,,,,,,,,,,,,,,,,,,,,,,,,,,,,,,,,,
2116876,6c47d93f04eb67b16402af9c35278e7ebd91f4a433cdb10e79dce3228227b448cb8d6c443a8d884d106cee8717441bfebf1abc4d5e4830521e89cd4a11b15a7e,07/28/2025 01:53:00 PM,2,DRIVER,,2018042,,FORD,OTHER (EXPLAIN IN NARRATIVE),,2007,UNKNOWN,PASSENGER,PERSONAL,UNKNOWN,TURNING RIGHT,,,1,,,,,,,,,,,Y,Y,Y,,,,,SIDE-LEFT,,,,,,,,,,,,,,,,,,,,,,,,,,,,,,,,,
2116283,3ce19d2b3008d6352757aa67ace4f6b26486cc9250431fff0b7c594f6ac82538bf59971d34eaa065b6e2df9ef83f8fbcdc4b05ea44a47a4c1cd5c522389a994b,07/28/2025 01:50:00 PM,1,DRIVER,,2017468,,HONDA,ODYSSEY,IL,2012,UNKNOWN,VAN/MINI-VAN,PERSONAL,W,STRAIGHT AHEAD,,,1,,,,,Y,,,,,,,,,,Y,Y,,FRONT,,,,,,,,,,,,,,,,,,,,,,,,,,,,,,,,,
2116284,3ce19d2b3008d6352757aa67ace4f6b26486cc9250431fff0b7c594f6ac82538bf59971d34eaa065b6e2df9ef83f8fbcdc4b05ea44a47a4c1cd5c522389a994b,07/28/2025 01:50:00 PM,2,DRIVER,,2017472,,HONDA,PILOT,IL,2019,UNKNOWN,SPORT UTILITY VEHICLE (SUV),PERSONAL,W,STRAIGHT AHEAD,,,1,,,,,,,,,Y,Y,Y,,,,,,,REAR,,,,,,,,,,,,,,,,,,,,,,,,,,,,,,,,,
2116352,c3e94787af9b4524e1d3d7f933938ded00f2812ab7ecfd8555755cf4c691526ff0e4da3a536f0d460f3fbeae4ccc90f0af73f72d975bb38a757ba5b704e12761,07/28/2025 01:50:00 PM,1,DRIVER,,2017700,,TOYOTA,YARIS,CA,2015,NONE,PASSENGER,PERSONAL,N,AVOIDING VEHICLES/OBJECTS,Y,,1,,CHICAGO TOWING/ROADSIDE,PRIVATE,,Y,,,,,,,,,,,Y,,FRONT-RIGHT-CORNER,,,,,,,,,,,,,,,,,,,,,,,,,,,,,,,,,
2116353,c3e94787af9b4524e1d3d7f933938ded00f2812ab7ecfd8555755cf4c691526ff0e4da3a536f0d460f3fbeae4ccc90f0af73f72d975bb38a757ba5b704e12761,07/28/2025 01:50:00 PM,2,DRIVER,,2017542,,ACURA,RLX,IL,2013,NONE,SPORT UTILITY VEHICLE (SUV),PERSONAL,N,SLOW/STOP IN TRAFFIC,,,1,,,,,,,,,,Y,Y,,,,,,,REAR-LEFT-CORNER,,,,,,,,,,,,,,,,,,,,,,,,,,,,,,,,,
2119141,8db05ce2c3ea10e2d5cf29268900e64948d3b825f8dfebae06211b2ceedbf1bf8f5e3673516015b7bee2a122fd12a74387c1a29c4ad972259ffe12055bfef9e1,07/28/2025 01:44:00 PM,1,DRIVER,,2020169,,UNKNOWN,MOTORIZED,IL,,UNKNOWN,UNKNOWN/NA,OTHER,N,STRAIGHT AHEAD,,,1,,,,,Y,,,,,,,,,,N,Y,,SIDE-RIGHT,,,,,,,,,,,,,,,,,,,,,,,,,,,,,,,,,
2119142,8db05ce2c3ea10e2d5cf29268900e64948d3b825f8dfebae06211b2ceedbf1bf8f5e3673516015b7bee2a122fd12a74387c1a29c4ad972259ffe12055bfef9e1,07/28/2025 01:44:00 PM,2,PARKED,,2020173,,MITSUBISHI,MIRAGE,IL,2024,NONE,PASSENGER,PERSONAL,N,PARKED,,,0,,,,,,,,,,,Y,,,,,,,REAR-RIGHT-CORNER,,,,,,,,,,,,,,,,,,,,,,,,,,,,,,,,,
2116290,44e8c8c60ae555015ea29de3ad61688f765f2ee328746aab36af4b1429ba12a91dde652769a2a837c3acc63519bde7c2cb68b6d1e00a0b8dce5f25bcc0f4ff4e,07/28/2025 01:42:00 PM,1,DRIVER,,2017469,,FORD,F150,IL,2003,NONE,TRUCK - SINGLE UNIT,PERSONAL,S,STRAIGHT AHEAD,Y,,1,,,,,,,,,,,,,,,Y,,,FRONT-LEFT-CORNER,,,,,,,,,,,,,,,,,,,,,,,,,,,,,,,,,
2116615,dde9a3931e245952ee182f245df33987813f156ea1b24185209aa1248a3ae37f5db5726ecc066e6a817cf4723e23088cf951171fa7bb5d7585d70de9a72ac562,07/28/2025 01:40:00 PM,1,DRIVER,,2017786,,TOYOTA,CAMRY,IL,2012,UNKNOWN,PASSENGER,OTHER,W,STRAIGHT AHEAD,Y,,1,,GLENS TOWING,5252 S DREXEL,,Y,,,,,,,,,,Y,Y,Y,FRONT,,,,,,,,,,,,,,,,,,,,,,,,,,,,,,,,,
2116616,dde9a3931e245952ee182f245df33987813f156ea1b24185209aa1248a3ae37f5db5726ecc066e6a817cf4723e23088cf951171fa7bb5d7585d70de9a72ac562,07/28/2025 01:40:00 PM,2,DRIVER,,2017787,,CHEVROLET,EQUINOX,IL,2018,UNKNOWN,SPORT UTILITY VEHICLE (SUV),OTHER,W,STRAIGHT AHEAD,,,1,,,,,,,,,Y,Y,Y,,,,,,Y,UNKNOWN,,,,,,,,,,,,,,,,,,,,,,,,,,,,,,,,,
2116275,4ad1154bbf3239714bbd8ac69a40e8ade71ef9fe0a8e5eeda980986ec6fd59763cd5717dbf84beec62a2a58e8207fc4d0dbe0cff366f2b71764b1675bbd870ee,07/28/2025 01:35:00 PM,1,DRIVER,,2017458,,CHEVROLET,SILVERADO,IL,2004,UNKNOWN,PICKUP,PERSONAL,W,STRAIGHT AHEAD,,,1,,,,,,,,,,,,,,,,Y,,FRONT,,,,,,,,,,,,,,,,,,,,,,,,,,,,,,,,,
2116276,4ad1154bbf3239714bbd8ac69a40e8ade71ef9fe0a8e5eeda980986ec6fd59763cd5717dbf84beec62a2a58e8207fc4d0dbe0cff366f2b71764b1675bbd870ee,07/28/2025 01:35:00 PM,2,DRIVER,,2017462,,HYUNDAI,VENUE,IL,2022,NONE,PASSENGER,PERSONAL,W,STRAIGHT AHEAD,,,1,,,,,,,,,,Y,,,,,,,,REAR,,,,,,,,,,,,,,,,,,,,,,,,,,,,,,,,,
2116313,508d71b83861faca9b3f6f36d4315f1dba29e90b8b5d37722d431beedecbb9c92ead01dbfb6cb6bbf0e10bd6b7a20cce52181f61f8cd96124d272e52b41afc6d,07/28/2025 01:30:00 PM,1,DRIVER,,2017488,Y,"MACK TRUCKS, INC.","MACK TRUCKS, INC.",IL,2026,UNKNOWN,OTHER,OTHER,UNKNOWN,UNKNOWN/NA,,,1,,,,,,,,,,,,,,,,,Y,UNKNOWN,,,,,,,,,,,,,,,,,,,,,,,,,,,,,,,,,
2116314,508d71b83861faca9b3f6f36d4315f1dba29e90b8b5d37722d431beedecbb9c92ead01dbfb6cb6bbf0e10bd6b7a20cce52181f61f8cd96124d272e52b41afc6d,07/28/2025 01:30:00 PM,2,PARKED,,2017493,,CHEVROLET,OTHER (EXPLAIN IN NARRATIVE),IL,2019,NONE,PASSENGER,PERSONAL,W,PARKED,Y,,0,,PERSONAL,UNKNOWN,,,,,,,,,Y,Y,Y,Y,Y,,FRONT-LEFT-CORNER,,,,,,,,,,,,,,,,,,,,,,,,,,,,,,,,,
2116251,d869478ceb44f180717077193271971a7c5242788b976f6419c5b21b7f79d742352914a1a7a54737a4841356438595e298e2065c1189b558864d5dbf6c8d4b66,07/28/2025 01:30:00 PM,1,DRIVER,,2017434,,MITSUBISHI,OUTLANDER,IL,2011,UNKNOWN,SPORT UTILITY VEHICLE (SUV),OTHER,N,STRAIGHT AHEAD,,,1,,,,,,,,,,,,,,,,,Y,UNKNOWN,,,,,,,,,,,,,,,,,,,,,,,,,,,,,,,,,
2116252,d869478ceb44f180717077193271971a7c5242788b976f6419c5b21b7f79d742352914a1a7a54737a4841356438595e298e2065c1189b558864d5dbf6c8d4b66,07/28/2025 01:30:00 PM,2,DRIVER,,2017437,,UNKNOWN,OTHER (EXPLAIN IN NARRATIVE),IL,,UNKNOWN,UNKNOWN/NA,OTHER,N,STRAIGHT AHEAD,,,1,,,,,,,,,,,,,,,,,Y,UNKNOWN,,,,,,,,,,,,,,,,,,,,,,,,,,,,,,,,,
2116230,4848a4a85cf8a140b4dd6b15920676e2beb1d6a8b452b60ef354c6210f32caa1f0288639ccd0b30808d09cce467eb085741018b7a4ca5cb6fd737c9585eb7bd1,07/28/2025 01:26:00 PM,1,DRIVER,,2017416,,HONDA,ACCORD,IL,2017,UNKNOWN,SPORT UTILITY VEHICLE (SUV),UNKNOWN/NA,W,SLOW/STOP IN TRAFFIC,,,1,,,,,,,,,,,,,,,,N,,FRONT,,,,,,,,,,,,,,,,,,,,,,,,,,,,,,,,,
2116231,4848a4a85cf8a140b4dd6b15920676e2beb1d6a8b452b60ef354c6210f32caa1f0288639ccd0b30808d09cce467eb085741018b7a4ca5cb6fd737c9585eb7bd1,07/28/2025 01:26:00 PM,2,DRIVER,,2017426,,HONDA,CIVIC,IL,2023,UNKNOWN,SPORT UTILITY VEHICLE (SUV),UNKNOWN/NA,W,SLOW/STOP IN TRAFFIC,,,1,,,,,,,,,,Y,,,,,,,,REAR,,,,,,,,,,,,,,,,,,,,,,,,,,,,,,,,,