CRASH_UNIT_ID,CRASH_RECORD_ID,CRASH_DATE,UNIT_NO,UNIT_TYPE,NUM_PASSENGERS,VEHICLE_ID,CMRC_VEH_I,MAKE,MODEL,LIC_PLATE_STATE,VEHICLE_YEAR,VEHICLE_DEFECT,VEHICLE_TYPE,VEHICLE_USE,TRAVEL_DIRECTION,MANEUVER,TOWED_I,FIRE_I,OCCUPANT_CNT,EXCEED_SPEED_LIMIT_I,TOWED_BY,TOWED_TO,AREA_00_I,AREA_01_I,AREA_02_I,AREA_03_I,AREA_04_I,AREA_05_I,AREA_06_I,AREA_07_I,AREA_08_I,AREA_09_I,AREA_10_I,AREA_11_I,AREA_12_I,AREA_99_I,FIRST_CONTACT_POINT,CMV_ID,USDOT_NO,CCMC_NO,ILCC_NO,COMMERCIAL_SRC,GVWR,CARRIER_NAME,CARRIER_STATE,CARRIER_CITY,HAZMAT_PLACARDS_I,HAZMAT_NAME,UN_NO,HAZMAT_PRESENT_I,HAZMAT_REPORT_I,HAZMAT_REPORT_NO,MCS_REPORT_I,MCS_REPORT_NO,HAZMAT_VIO_CAUSE_CRASH_I,MCS_VIO_CAUSE_CRASH_I,IDOT_PERMIT_NO,WIDE_LOAD_I,TRAILER1_WIDTH,TRAILER2_WIDTH,TRAILER1_LENGTH,TRAILER2_LENGTH,TOTAL_VEHICLE_LENGTH,AXLE_CNT,VEHICLE_CONFIG,CARGO_BODY_TYPE,LOAD_TYPE,HAZMAT_OUT_OF_SERVICE_I,MCS_OUT_OF_SERVICE_I,HAZMAT_CLASS
2116267,731481b25b311211d13554c6305a5a370a2fedd5a926201ae495a31909fdaa86b6ab0ca3274f2dd947b1bfd78c0404ca5b519b765cbcbf415e466b26e9dd5cf3,07/28/2025 01:16:00 PM,1,DRIVER,,2017479,,CHEVROLET,EQUINOX,IL,2024,UNKNOWN,UNKNOWN/NA,UNKNOWN/NA,E,MERGING,N,,1,,,,,,,,,,,,,,,Y,,,FRONT-LEFT-CORNER,,,,,,,,,,,,,,,,,,,,,,,,,,,,,,,,,
2116268,731481b25b311211d13554c6305a5a370a2fedd5a926201ae495a31909fdaa86b6ab0ca3274f2dd947b1bfd78c0404ca5b519b765cbcbf415e466b26e9dd5cf3,07/28/2025 01:16:00 PM,2,DRIVER,,2017450,,BUICK,VERANO,IL,2012,UNKNOWN,PASSENGER,PERSONAL,E,STRAIGHT AHEAD,,,1,,,,,,,Y,Y,Y,,,,,,,,,SIDE-RIGHT-REAR,,,,,,,,,,,,,,,,,,,,,,,,,,,,,,,,,
2116253,4d07959980abc9af587662a02b3def79067d342832fabca57082870178e2b31bc5c19178a5777248399216d0a5d9ffaa2d25a10c8d30a5985c2a137e1348c334,07/28/2025 01:15:00 PM,1,DRIVER,,2017433,,UNKNOWN,OTHER (EXPLAIN IN NARRATIVE),,,UNKNOWN,UNKNOWN/NA,UNKNOWN/NA,E,STRAIGHT AHEAD,,,1,,,,,,,,,,,,,,,,,,FRONT,,,,,,,,,,,,,,,,,,,,,,,,,,,,,,,,,
2116254,4d07959980abc9af587662a02b3def79067d342832fabca57082870178e2b31bc5c19178a5777248399216d0a5d9ffaa2d25a10c8d30a5985c2a137e1348c334,07/28/2025 01:15:00 PM,2,DRIVER,1,2017440,,CHEVROLET,EQUINOX,IL,2005,UNKNOWN,SPORT UTILITY VEHICLE (SUV),PERSONAL,N,STRAIGHT AHEAD,,,2,,,,,,,,,,,,,,,,,,FRONT-LEFT-CORNER,,,,,,,,,,,,,,,,,,,,,,,,,,,,,,,,,
2116243,7ebddaee2fc09517aa229e5e044c9d688027e0fda3f4a1ebc68f06cdaee65cdcd94f714f3258509561145e9816b87821baeab73f3df1b07a0726d6d653aa16f0,07/28/2025 01:15:00 PM,1,DRIVER,,2017425,,GENERAL MOTORS CORPORATION (GMC),OTHER (EXPLAIN IN NARRATIVE),IL,2017,UNKNOWN,PICKUP,PERSONAL,E,STRAIGHT AHEAD,,,1,,,,,,,,,,,,,,,,,Y,UNKNOWN,,,,,,,,,,,,,,,,,,,,,,,,,,,,,,,,,
2116244,7ebddaee2fc09517aa229e5e044c9d688027e0fda3f4a1ebc68f06cdaee65cdcd94f714f3258509561145e9816b87821baeab73f3df1b07a0726d6d653aa16f0,07/28/2025 01:15:00 PM,2,DRIVER,,2017427,,FORD,F150,IL,2010,NONE,PASSENGER,PERSONAL,E,STRAIGHT AHEAD,,,1,,,,,,,,,,,,,,Y,N,,,SIDE-LEFT,,,,,,,,,,,,,,,,,,,,,,,,,,,,,,,,,
2116245,774a31f3267ffdad96becd2b7452feead2f8cd0ffd097ccc545e234935f5219afaab33cc58d5ed0ad27243b724c5d8c54eb3a5c9a76884fee921642623a4616e,07/28/2025 01:10:00 PM,1,DRIVER,,2017444,,HONDA,CR-V,IL,,UNKNOWN,SPORT UTILITY VEHICLE (SUV),PERSONAL,S,ENTERING TRAFFIC LANE FROM PARKING,,,1,,,,,,,,,,,,,,,,,Y,SIDE-LEFT-FRONT,,,,,,,,,,,,,,,,,,,,,,,,,,,,,,,,,
2116246,774a31f3267ffdad96becd2b7452feead2f8cd0ffd097ccc545e234935f5219afaab33cc58d5ed0ad27243b724c5d8c54eb3a5c9a76884fee921642623a4616e,07/28/2025 01:10:00 PM,2,DRIVER,,2017474,,NISSAN,ROGUE,IL,2025,UNKNOWN,PASSENGER,PERSONAL,S,STRAIGHT AHEAD,,,1,,,,,Y,Y,,,,,,,,,,,,SIDE-LEFT-FRONT,,,,,,,,,,,,,,,,,,,,,,,,,,,,,,,,,
2116228,c6f6e9582d549b27342c231e30c403d6c49e6f2b740029a47765af19206fddab1e5a941f8280fe0196a7c16991e5adb68625b02a9456dd6afd3ed56948530298,07/28/2025 01:10:00 PM,1,DRIVER,,2017412,,BMW,535 SERIES,IL,2011,NONE,PASSENGER,PERSONAL,W,BACKING,,,1,,,,,,,,,Y,Y,Y,,,,,,,REAR,,,,,,,,,,,,,,,,,,,,,,,,,,,,,,,,,
2116229,c6f6e9582d549b27342c231e30c403d6c49e6f2b740029a47765af19206fddab1e5a941f8280fe0196a7c16991e5adb68625b02a9456dd6afd3ed56948530298,07/28/2025 01:10:00 PM,2,DRIVER,,2017415,,TOYOTA,COROLLA,IL,2016,NONE,PASSENGER,PERSONAL,N,STRAIGHT AHEAD,,,1,,,,,,Y,Y,Y,Y,Y,,,,,,,,REAR,,,,,,,,,,,,,,,,,,,,,,,,,,,,,,,,,
2116218,d23e63bea2cc22b994aa89d5817f93236fc3387e44226597fb13de47162943625df163bbec5cca3860a891aebe94cdba5533b354a19b02d7699935ad4c968414,07/28/2025 01:08:00 PM,1,DRIVER,,2017404,,HYUNDAI,ACCENT,IL,2012,NONE,PASSENGER,PERSONAL,E,TURNING LEFT,,,1,,,,,Y,,,,,,,,,,Y,Y,,FRONT,,,,,,,,,,,,,,,,,,,,,,,,,,,,,,,,,
2116219,d23e63bea2cc22b994aa89d5817f93236fc3387e44226597fb13de47162943625df163bbec5cca3860a891aebe94cdba5533b354a19b02d7699935ad4c968414,07/28/2025 01:08:00 PM,2,DRIVER,,2017414,,SUBARU,CROSSTREK,IL,2024,NONE,PASSENGER,PERSONAL,S,STRAIGHT AHEAD,,,1,,,,,Y,Y,Y,Y,Y,,,,,,,,,SIDE-RIGHT,,,,,,,,,,,,,,,,,,,,,,,,,,,,,,,,,
2116233,93547b986b60a39328ea73a38359a63de7bb7e8cbc6ea2834a1284497446c77734314583fd912c83761bf9088dd0080c63ee6cc90ef4dda711b3f6b3df5b922f,07/28/2025 01:05:00 PM,1,DRIVER,,2017417,,CHRYSLER,OTHER (EXPLAIN IN NARRATIVE),IL,2012,NONE,PASSENGER,PERSONAL,S,UNKNOWN/NA,,,1,,,,,Y,,,,,,,,,,,,,FRONT-RIGHT-CORNER,,,,,,,,,,,,,,,,,,,,,,,,,,,,,,,,,
2116234,93547b986b60a39328ea73a38359a63de7bb7e8cbc6ea2834a1284497446c77734314583fd912c83761bf9088dd0080c63ee6cc90ef4dda711b3f6b3df5b922f,07/28/2025 01:05:00 PM,2,DRIVER,1,2017422,,NISSAN,MURANO,IL,2018,NONE,SPORT UTILITY VEHICLE (SUV),PERSONAL,S,SLOW/STOP IN TRAFFIC,,,2,,,,,,,,,,,Y,,,,,,,REAR-LEFT-CORNER,,,,,,,,,,,,,,,,,,,,,,,,,,,,,,,,,
2116341,b52ac1cd1d5de4cfaeb9a244e94dcfcde5894b99bcbf0283d2392ce79a1a3380ad2101d6c28e8251f8628eb4f93ca64e2d18309122bc7e0ebbe292eba2417d7e,07/28/2025 01:03:00 PM,1,DRIVER,,2017517,,BUICK,ENCLAVE,IL,2012,UNKNOWN,SPORT UTILITY VEHICLE (SUV),PERSONAL,S,CHANGING LANES,Y,,1,,City of Chicago,Pound 2,,,Y,Y,,,,,,,,,,,SIDE-RIGHT,,,,,,,,,,,,,,,,,,,,,,,,,,,,,,,,,
2116342,b52ac1cd1d5de4cfaeb9a244e94dcfcde5894b99bcbf0283d2392ce79a1a3380ad2101d6c28e8251f8628eb4f93ca64e2d18309122bc7e0ebbe292eba2417d7e,07/28/2025 01:03:00 PM,2,DRIVER,,2017521,,TOYOTA,PRIUS,IL,2023,UNKNOWN,PASSENGER,PERSONAL,SW,STRAIGHT AHEAD,,,1,,,,,,,,,,,,,,,Y,,,SIDE-LEFT-FRONT,,,,,,,,,,,,,,,,,,,,,,,,,,,,,,,,,
2116391,0e6f63615d72046b2452c1254a9351222dac10eb66c7e335c50c8ac2b5510a2aa8607b2e5285e39c1e4482e9701b2866c02782361910f24d4006735b4c3938ec,07/28/2025 01:00:00 PM,1,DRIVER,,2017561,,UNKNOWN,MOTORIZED,,,NONE,SPORT UTILITY VEHICLE (SUV),UNKNOWN/NA,N,PASSING/OVERTAKING,,,1,,,,,Y,Y,Y,Y,Y,,,,,,,,,SIDE-RIGHT,,,,,,,,,,,,,,,,,,,,,,,,,,,,,,,,,
2116392,0e6f63615d72046b2452c1254a9351222dac10eb66c7e335c50c8ac2b5510a2aa8607b2e5285e39c1e4482e9701b2866c02782361910f24d4006735b4c3938ec,07/28/2025 01:00:00 PM,2,DRIVER,,2017568,,TOYOTA,CAMRY,IL,2025,NONE,PASSENGER,PERSONAL,N,MERGING,,,1,,,,,,,,,,,,,Y,Y,,,,SIDE-LEFT,,,,,,,,,,,,,,,,,,,,,,,,,,,,,,,,,
2116956,6a8f3796d1cf9f09162af3bb6c734bf8cca605df88f602fc2dbbd407b331c8986475cf3374bf4bd2afb1ed9b28fbe5218e3765d55046826e455f92708edd7ef5,07/28/2025 01:00:00 PM,1,DRIVER,1,2018101,,VOLKSWAGEN,JETTA,IL,2022,UNKNOWN,PASSENGER,UNKNOWN/NA,N,ENTERING TRAFFIC LANE FROM PARKING,,,2,,,,,,,,,,,,,,Y,Y,,,FRONT-LEFT-CORNER,,,,,,,,,,,,,,,,,,,,,,,,,,,,,,,,,
2116957,6a8f3796d1cf9f09162af3bb6c734bf8cca605df88f602fc2dbbd407b331c8986475cf3374bf4bd2afb1ed9b28fbe5218e3765d55046826e455f92708edd7ef5,07/28/2025 01:00:00 PM,2,DRIVER,1,2018102,,FORD,F150,IL,2013,UNKNOWN,PICKUP,PERSONAL,N,STRAIGHT AHEAD,,,2,,,,Y,,,,,,,,,,,,,,FRONT,,,,,,,,,,,,,,,,,,,,,,,,,,,,,,,,,
2116702,e9d087cd91ba2f6a8fa95f0905e53ea46c0a9a7d0c142a50215c27e990977cb0fdcb6daea3abe9c40981aa790d4c9e3ab1a0cfb61292ae1bff28b01be5aa8eab,07/28/2025 12:54:00 PM,1,DRIVER,,2017869,,MITSUBISHI,OTHER (EXPLAIN IN NARRATIVE),IL,,NONE,OTHER,OTHER,E,STRAIGHT AHEAD,,,1,,,,Y,,,,,,,,,,,,,,FRONT,,,,,,,,,,,,,,,,,,,,,,,,,,,,,,,,,
2116703,e9d087cd91ba2f6a8fa95f0905e53ea46c0a9a7d0c142a50215c27e990977cb0fdcb6daea3abe9c40981aa790d4c9e3ab1a0cfb61292ae1bff28b01be5aa8eab,07/28/2025 12:54:00 PM,2,DRIVER,,2017871,,FORD,VAN,IL,,NONE,VAN/MINI-VAN,FIRE,S,STRAIGHT AHEAD,,,1,,,,,,,Y,Y,,,,,,,,,,SIDE-RIGHT,,,,,,,,,,,,,,,,,,,,,,,,,,,,,,,,,
2119881,bcaee58278a3b8659a55fa83e201f8b65cad52736ddf02e3027f8731748ad4faa96b1b7a067bfc3508bba931cd2947696db3fe20842abf4a53a79595c47be50a,07/28/2025 12:52:00 PM,1,DRIVER,,2020887,,NISSAN,VERSA,IL,2025,UNKNOWN,PASSENGER,PERSONAL,W,TURNING LEFT,Y,,1,,private,,,,,,,,,,,,Y,Y,Y,,FRONT-RIGHT-CORNER,,,,,,,,,,,,,,,,,,,,,,,,,,,,,,,,,
2119882,bcaee58278a3b8659a55fa83e201f8b65cad52736ddf02e3027f8731748ad4faa96b1b7a067bfc3508bba931cd2947696db3fe20842abf4a53a79595c47be50a,07/28/2025 12:52:00 PM,2,DRIVER,2,2020888,,MITSUBISHI,LANCER,IL,2011,UNKNOWN,PASSENGER,PERSONAL,S,STRAIGHT AHEAD,Y,,3,,private tow,,,,,,,,,,,,Y,Y,Y,,FRONT,,,,,,,,,,,,,,,,,,,,,,,,,,,,,,,,,
2116247,d5dd1c1c4408a6d70e1b8b91d9ad3564c4d87590f933b594bf7e75e999c9b988092ea4c01bc2d52de0b4326054b99be32c16c0fa49fa901535c92fd807d92ecb,07/28/2025 12:52:00 PM,1,DRIVER,2,2017430,,TOYOTA,PRIUS,IL,2005,NONE,OTHER,PERSONAL,S,STRAIGHT AHEAD,,,3,,,,,Y,,,,,,,,,,Y,Y,,FRONT,,,,,,,,,,,,,,,,,,,,,,,,,,,,,,,,,
2116248,d5dd1c1c4408a6d70e1b8b91d9ad3564c4d87590f933b594bf7e75e999c9b988092ea4c01bc2d52de0b4326054b99be32c16c0fa49fa901535c92fd807d92ecb,07/28/2025 12:52:00 PM,2,DRIVER,1,2017438,,CADILLAC,ATS,IL,2013,NONE,PASSENGER,PERSONAL,S,SLOW/STOP IN TRAFFIC,,,2,,,,,,,,,Y,Y,Y,,,,,,,REAR,,,,,,,,,,,,,,,,,,,,,,,,,,,,,,,,,
2116205,38d13012803a1c3e1612ea27fec1c3a8de5edaf8f88c5fc05cdb916eff5223dcaf425ed3a9ceed8203ad01e66fcb59d0795e98ce50579c2c7f1464553fff2f60,07/28/2025 12:45:00 PM,1,DRIVER,1,2017393,,CHEVROLET,CORVETTE,IL,1999,NONE,PASSENGER,PERSONAL,NW,STRAIGHT AHEAD,Y,,2,,,,,,,,,,,Y,Y,,Y,Y,,,SIDE-RIGHT,,,,,,,,,,,,,,,,,,,,,,,,,,,,,,,,,
2116191,3f12395a54b6225f2c65bde262275b4cb99a40bce3850b3601cc8e28165574b2f3849b5d886fcb02b68aed6a9fb7f760a9642f2b26ce0ce9c542fbd13cc185f1,07/28/2025 12:45:00 PM,1,DRIVER,,2017380,,FORD,FIVE HUNDRED,IL,2007,UNKNOWN,SPORT UTILITY VEHICLE (SUV),UNKNOWN/NA,W,STRAIGHT AHEAD,,,1,,,,,Y,,,,,,,,,,,Y,,FRONT,,,,,,,,,,,,,,,,,,,,,,,,,,,,,,,,,
2116192,3f12395a54b6225f2c65bde262275b4cb99a40bce3850b3601cc8e28165574b2f3849b5d886fcb02b68aed6a9fb7f760a9642f2b26ce0ce9c542fbd13cc185f1,07/28/2025 12:45:00 PM,2,DRIVER,,2017386,,AUDI,A4,IL,2008,UNKNOWN,PASSENGER,UNKNOWN/NA,W,STRAIGHT AHEAD,,,1,,,,,,,,,Y,Y,Y,,,,,,,REAR,,,,,,,,,,,,,,,,,,,,,,,,,,,,,,,,,
2116293,9c2f30c92133d30860a0adc1252971084e1ed62bb1bfb6f5951a03943006e37cb05c09879b2c2b5aa75d9fc141883bd69f750d6a87c5f5b9e5f0c41328eea3f1,07/28/2025 12:45:00 PM,1,DRIVER,,2017476,,JEEP,CHEROKEE,IL,2021,UNKNOWN,PASSENGER,PERSONAL,N,STRAIGHT AHEAD,,,1,,,,,,,,,,,,,,,,Y,,FRONT,,,,,,,,,,,,,,,,,,,,,,,,,,,,,,,,,
2116294,9c2f30c92133d30860a0adc1252971084e1ed62bb1bfb6f5951a03943006e37cb05c09879b2c2b5aa75d9fc141883bd69f750d6a87c5f5b9e5f0c41328eea3f1,07/28/2025 12:45:00 PM,2,DRIVER,1,2017484,,TOYOTA,RAV4,IL,2001,UNKNOWN,PASSENGER,PERSONAL,N,STRAIGHT AHEAD,,,2,,,,,,,,,Y,Y,Y,,,,,,,REAR,,,,,,,,,,,,,,,,,,,,,,,,,,,,,,,,,
2116232,a7b2cf7ed7a6a9ad4a2392cdca8917cc66f9d3910bc672bb0807ddf0723cb35113492cf2fad9863b50a9a72d28636628fcb3e383a299532099f016b9e08ba621,07/28/2025 12:45:00 PM,1,DRIVER,,2017424,,DAIMLER,DAIMLER,IL,2021,NONE,TRACTOR W/ SEMI-TRAILER,COMMERCIAL - MULTI-UNIT,W,STRAIGHT AHEAD,,,1,,,,,,,,,,Y,,,,,,,,TOP,,,,,,,,,,,,,,,,,,,,,,,,,,,,,,,,,
2116971,f3fd299a08511f5315f72fd48bc5ef35890569136b13d559a63d85e63557bb57a3921cd8fe77fd0d31f0bc78473c9a79448647dd2adf8fffda86dc26a0b68936,07/28/2025 12:45:00 PM,1,DRIVER,,2018121,,HYUNDAI,ELANTRA,,,UNKNOWN,PASSENGER,PERSONAL,E,STRAIGHT AHEAD,,,1,,,,,,,,,,,,,,,,,,FRONT,,,,,,,,,,,,,,,,,,,,,,,,,,,,,,,,,
2116972,f3fd299a08511f5315f72fd48bc5ef35890569136b13d559a63d85e63557bb57a3921cd8fe77fd0d31f0bc78473c9a79448647dd2adf8fffda86dc26a0b68936,07/28/2025 12:45:00 PM,2,DRIVER,,2018122,,TOYOTA,CAMRY,,,UNKNOWN,PASSENGER,PERSONAL,SE,STRAIGHT AHEAD,,,1,,,,,,,Y,,,,,,,,,,,SIDE-RIGHT,,,,,,,,,,,,,,,,,,,,,,,,,,,,,,,,,
2116207,326ef4445883e62b33ed549577c2038c29f9174383d1d7cb972869ec8e4dbb3a77e9397f9e57362e39d4367cdda5a37cab7eb60287ec5ba8846723190e15c062,07/28/2025 12:40:00 PM,1,DRIVER,,2017398,,MERCURY,GRAND MARQUIS,IL,2004,OTHER,PASSENGER,PERSONAL,E,STRAIGHT AHEAD,,,1,,,,,,,,,,,,,Y,Y,Y,Y,,FRONT-LEFT-CORNER,,,,,,,,,,,,,,,,,,,,,,,,,,,,,,,,,
2116208,326ef4445883e62b33ed549577c2038c29f9174383d1d7cb972869ec8e4dbb3a77e9397f9e57362e39d4367cdda5a37cab7eb60287ec5ba8846723190e15c062,07/28/2025 12:40:00 PM,2,PARKED,,2017402,,MAZDA,MX-6,IL,2011,NONE,PASSENGER,PERSONAL,N,PARKED,,,0,,,,,,,,,,,,,,Y,Y,Y,,FRONT-LEFT-CORNER,,,,,,,,,,,,,,,,,,,,,,,,,,,,,,,,,
2116533,1ab4e504cb7d273d33b4c380ec69c493bfcaca4bf1204979477feab0bf5a1721166ddabcaa2b28558be1d37a85fdddfa6f35220ddf9e7e20a0d33379dea17299,07/28/2025 12:30:00 PM,1,DRIVER,,2017698,,UNKNOWN,OTHER (EXPLAIN IN NARRATIVE),IL,,UNKNOWN,TRUCK - SINGLE UNIT,UNKNOWN/NA,W,STRAIGHT AHEAD,,,1,,,,,,,,,,,,,,,,,Y,REAR-LEFT-CORNER,,,,,,,,,,,,,,,,,,,,,,,,,,,,,,,,,
2116536,1ab4e504cb7d273d33b4c380ec69c493bfcaca4bf1204979477feab0bf5a1721166ddabcaa2b28558be1d37a85fdddfa6f35220ddf9e7e20a0d33379dea17299,07/28/2025 12:30:00 PM,2,PARKED,,2017703,,TOYOTA,RAV4,IL,2022,NONE,PASSENGER,PERSONAL,E,PARKED,,,0,,,,,,,,,,,Y,,,,,,,REAR-LEFT-CORNER,,,,,,,,,,,,,,,,,,,,,,,,,,,,,,,,,
2116197,9e431e4b029cd9fd43624dd29cba150bd0f5e1e8c792024203b42b41c4844e324cab6ee957ba0323fe5f625b4c54230cff81ab4535e241f2a9303da9dbb51e11,07/28/2025 12:19:00 PM,1,DRIVER,,2017387,,VOLVO,XC90,IL,2013,NONE,SPORT UTILITY VEHICLE (SUV),PERSONAL,W,PASSING/OVERTAKING,Y,,1,,PRIVATE,PRIVATE,,Y,Y,,,,,,,,,,Y,,FRONT-RIGHT-CORNER,,,,,,,,,,,,,,,,,,,,,,,,,,,,,,,,,
2116198,9e431e4b029cd9fd43624dd29cba150bd0f5e1e8c792024203b42b41c4844e324cab6ee957ba0323fe5f625b4c54230cff81ab4535e241f2a9303da9dbb51e11,07/28/2025 12:19:00 PM,2,DRIVER,,2017392,,TOYOTA,CAMRY,IL,2022,NONE,PASSENGER,PERSONAL,W,STRAIGHT AHEAD,Y,,1,,PRIVATE,PRIVATE,,,,,,,,Y,Y,Y,Y,Y,Y,,SIDE-LEFT,,,,,,,,,,,,,,,,,,,,,,,,,,,,,,,,,
2116224,c99d0a7864bffd93ee7d5defbff9ea52b41ade06698b2e9dede246b2a89033dc60f5604522e1aabd24774586e80355c755fe9a8ab04add4b629dfdd412905e46,07/28/2025 12:15:00 PM,1,DRIVER,,2017411,,GENERAL MOTORS CORPORATION (GMC),SAVANNAH,IL,2019,NONE,VAN/MINI-VAN,PERSONAL,N,STRAIGHT AHEAD,,,1,,,,,Y,,,,,,,,,,Y,Y,,FRONT,,,,,,,,,,,,,,,,,,,,,,,,,,,,,,,,,
2116225,c99d0a7864bffd93ee7d5defbff9ea52b41ade06698b2e9dede246b2a89033dc60f5604522e1aabd24774586e80355c755fe9a8ab04add4b629dfdd412905e46,07/28/2025 12:15:00 PM,2,DRIVER,,2017413,,FORD,FUSION,IL,2013,NONE,PASSENGER,PERSONAL,E,STRAIGHT AHEAD,Y,,1,,INSURANCE,,,Y,Y,Y,Y,,,,,,,,,,SIDE-RIGHT-FRONT,,,,,,,,,,,,,,,,,,,,,,,,,,,,,,,,,
2116241,d53e14a767a3bbaac16350018805ef7a0fb2172992e7d0fcae1d192cf03d7cf1a2fe07601ee694087f300e191f48fe372987f2220a6921f88875d45bc619fab0,07/28/2025 12:15:00 PM,1,DRIVER,,2017445,,BMW,328I,IL,2011,NONE,PASSENGER,PERSONAL,W,STRAIGHT AHEAD,,,1,,,,,Y,,,,,,N,N,N,N,,,,FRONT-RIGHT-CORNER,,,,,,,,,,,,,,,,,,,,,,,,,,,,,,,,,
2116242,d53e14a767a3bbaac16350018805ef7a0fb2172992e7d0fcae1d192cf03d7cf1a2fe07601ee694087f300e191f48fe372987f2220a6921f88875d45bc619fab0,07/28/2025 12:15:00 PM,2,DRIVER,1,2017452,,AUDI,Q5,IL,2016,NONE,SPORT UTILITY VEHICLE (SUV),PERSONAL,W,STRAIGHT AHEAD,,,2,,,,,,,,,,,Y,Y,Y,Y,,,,SIDE-LEFT,,,,,,,,,,,,,,,,,,,,,,,,,,,,,,,,,
2116633,219f3182cdf6056ac0ce8d4c32297dbafc20ef097ebf90e93101aabbc60b682e713ba2bdc8299e84d9e72556480f079db31b4c27c8273efe57e78affe3f7f6ba,07/28/2025 12:14:00 PM,1,DRIVER,,2017803,,TOYOTA,CAMRY,IL,2009,UNKNOWN,PASSENGER,UNKNOWN/NA,E,MERGING,,,1,,,,,,,,,,,,,,,,,Y,UNKNOWN,,,,,,,,,,,,,,,,,,,,,,,,,,,,,,,,,
2116634,219f3182cdf6056ac0ce8d4c32297dbafc20ef097ebf90e93101aabbc60b682e713ba2bdc8299e84d9e72556480f079db31b4c27c8273efe57e78affe3f7f6ba,07/28/2025 12:14:00 PM,2,DRIVER,,2017805,,HONDA,CR-V,IL,2022,NONE,PASSENGER,PERSONAL,E,STRAIGHT AHEAD,,,1,,,,,,,,,,,Y,Y,Y,Y,,,,REAR-LEFT-CORNER,,,,,,,,,,,,,,,,,,,,,,,,,,,,,,,,,
2116255,5fd27826cb8bfc713cf10472b45da9583b1aa96bfe8e9870bbd9b9fe3cf0630fddf5b2b7707f747cb66e69a11b4dd140d614b6d2aef899b0445280bcb36f9751,07/28/2025 12:08:00 PM,1,DRIVER,,2017455,,TOYOTA,HIGHLANDER,IL,2015,NONE,PASSENGER,PERSONAL,S,STRAIGHT AHEAD,,,1,,,,,Y,,,,,,,,,,,,,FRONT-RIGHT-CORNER,,,,,,,,,,,,,,,,,,,,,,,,,,,,,,,,,
2116256,5fd27826cb8bfc713cf10472b45da9583b1aa96bfe8e9870bbd9b9fe3cf0630fddf5b2b7707f747cb66e69a11b4dd140d614b6d2aef899b0445280bcb36f9751,07/28/2025 12:08:00 PM,2,PARKED,,2017459,,HONDA,ACCORD,IL,2013,NONE,PASSENGER,NOT IN USE,S,PARKED,,,0,,,,,,,,,,,,,,Y,Y,,,FRONT-LEFT-CORNER,,,,,,,,,,,,,,,,,,,,,,,,,,,,,,,,,
2116723,b222aab2d0748ca4fa274ba5b9cd1bbed586159fccaafbf82e1044e350d5809cc20d509159179b866bf69da92ada3e259c14faf0519db4f39a0188cad5147fec,07/28/2025 12:05:00 PM,1,DRIVER,,2017885,,ACURA,RLX,KS,2020,NONE,SPORT UTILITY VEHICLE (SUV),PERSONAL,NW,TURNING LEFT,,,1,,,,,,,,,,,,,,,Y,,,FRONT-LEFT-CORNER,,,,,,,,,,,,,,,,,,,,,,,,,,,,,,,,,
2116724,b222aab2d0748ca4fa274ba5b9cd1bbed586159fccaafbf82e1044e350d5809cc20d509159179b866bf69da92ada3e259c14faf0519db4f39a0188cad5147fec,07/28/2025 12:05:00 PM,2,DRIVER,,2017922,,VOLKSWAGEN,JETTA,PA,2025,NONE,PASSENGER,PERSONAL,S,STRAIGHT AHEAD,,,1,,,,,,,,,,,,Y,Y,Y,,,,SIDE-LEFT-FRONT,,,,,,,,,,,,,,,,,,,,,,,,,,,,,,,,,
2116960,16d04c92ce6312b6250a7717a511ab98bd4013317de614fc1164b889be71f0722ca9bbfbe51ab6e4979557f9378e1a6f93fbc1fe9fd1cb91dda71a8ab037d88f,07/28/2025 12:00:00 PM,1,DRIVER,,2018109,,UNKNOWN,OTHER (EXPLAIN IN NARRATIVE),,,UNKNOWN,UNKNOWN/NA,UNKNOWN/NA,UNKNOWN,UNKNOWN/NA,,,1,,,,,,,,,,,,,,,,,Y,UNKNOWN,,,,,,,,,,,,,,,,,,,,,,,,,,,,,,,,,
2116961,16d04c92ce6312b6250a7717a511ab98bd4013317de614fc1164b889be71f0722ca9bbfbe51ab6e4979557f9378e1a6f93fbc1fe9fd1cb91dda71a8ab037d88f,07/28/2025 12:00:00 PM,2,PARKED,,2018111,,NISSAN,ALTIMA,IL,2020,BRAKES,PASSENGER,NOT IN USE,W,PARKED,,,0,,,,,Y,Y,Y,Y,Y,,,,,,,,Y,SIDE-RIGHT,,,,,,,,,,,,,,,,,,,,,,,,,,,,,,,,,
2116994,4857f847e28c13dd44e68818e90a3a2c0cdd18be27f2ba3967e4e4490d572cf6e791a136b68f9b349b43560481540092536b6cf99521be697f62030367d9c03d,07/28/2025 12:00:00 PM,1,DRIVER,,2018137,,NISSAN,OTHER (EXPLAIN IN NARRATIVE),IL,2023,UNKNOWN,PASSENGER,UNKNOWN/NA,N,STRAIGHT AHEAD,,,1,,,,,,,,,,,,,,,,Y,,FRONT,,,,,,,,,,,,,,,,,,,,,,,,,,,,,,,,,