CRASH_UNIT_ID,CRASH_RECORD_ID,CRASH_DATE,UNIT_NO,UNIT_TYPE,NUM_PASSENGERS,VEHICLE_ID,CMRC_VEH_I,MAKE,MODEL,LIC_PLATE_STATE,VEHICLE_YEAR,VEHICLE_DEFECT,VEHICLE_TYPE,VEHICLE_USE,TRAVEL_DIRECTION,MANEUVER,TOWED_I,FIRE_I,OCCUPANT_CNT,EXCEED_SPEED_LIMIT_I,TOWED_BY,TOWED_TO,AREA_00_I,AREA_01_I,AREA_02_I,AREA_03_I,AREA_04_I,AREA_05_I,AREA_06_I,AREA_07_I,AREA_08_I,AREA_09_I,AREA_10_I,AREA_11_I,AREA_12_I,AREA_99_I,FIRST_CONTACT_POINT,CMV_ID,USDOT_NO,CCMC_NO,ILCC_NO,COMMERCIAL_SRC,GVWR,CARRIER_NAME,CARRIER_STATE,CARRIER_CITY,HAZMAT_PLACARDS_I,HAZMAT_NAME,UN_NO,HAZMAT_PRESENT_I,HAZMAT_REPORT_I,HAZMAT_REPORT_NO,MCS_REPORT_I,MCS_REPORT_NO,HAZMAT_VIO_CAUSE_CRASH_I,MCS_VIO_CAUSE_CRASH_I,IDOT_PERMIT_NO,WIDE_LOAD_I,TRAILER1_WIDTH,TRAILER2_WIDTH,TRAILER1_LENGTH,TRAILER2_LENGTH,TOTAL_VEHICLE_LENGTH,AXLE_CNT,VEHICLE_CONFIG,CARGO_BODY_TYPE,LOAD_TYPE,HAZMAT_OUT_OF_SERVICE_I,MCS_OUT_OF_SERVICE_I,HAZMAT_CLASS
2116995,4857f847e28c13dd44e68818e90a3a2c0cdd18be27f2ba3967e4e4490d572cf6e791a136b68f9b349b43560481540092536b6cf99521be697f62030367d9c03d,07/28/2025 12:00:00 PM,2,DRIVER,1,2018138,,CHEVROLET,FLEETLINE,IL,2023,UNKNOWN,OTHER,COMMERCIAL - SINGLE UNIT,N,STRAIGHT AHEAD,,,2,,,,N,,,,,,Y,,,,,,,N,REAR,,,,,,,,,,,,,,,,,,,,,,,,,,,,,,,,,
2116220,4aafce41141f57a908267001f8b529aa46567f9d3c1306d0b8d1643b9982d0ee7df553004b30514a905a404deced51ee6240dc6c668cda997769db5d397ca7fa,07/28/2025 12:00:00 PM,1,DRIVER,,2017408,,FORD,FOCUS,IL,2000,UNKNOWN,PASSENGER,PERSONAL,S,STRAIGHT AHEAD,,,1,,,,,Y,,,,,,,,,,,Y,,FRONT-RIGHT-CORNER,,,,,,,,,,,,,,,,,,,,,,,,,,,,,,,,,
2116221,4aafce41141f57a908267001f8b529aa46567f9d3c1306d0b8d1643b9982d0ee7df553004b30514a905a404deced51ee6240dc6c668cda997769db5d397ca7fa,07/28/2025 12:00:00 PM,2,DRIVER,1,2017418,,CHEVROLET,BLAZER,IL,2019,UNKNOWN,SPORT UTILITY VEHICLE (SUV),PERSONAL,S,STRAIGHT AHEAD,,,2,,,,,,,,,Y,Y,,,,,,,,REAR-LEFT-CORNER,,,,,,,,,,,,,,,,,,,,,,,,,,,,,,,,,
2120630,ba69b496141dfb6cac3a98e0d1cb78547d6da0605aa19f7d1cc2cfd1a001349323ccd059feab81d991ab9a1143730a8e954ce99d8eba52a3f368208726f75e45,07/28/2025 12:00:00 PM,1,DRIVER,,2021592,,JEEP,CHEROKEE,IL,2022,UNKNOWN,SPORT UTILITY VEHICLE (SUV),UNKNOWN/NA,N,ENTERING TRAFFIC LANE FROM PARKING,,,1,,,,,,,,,,,,,,,Y,,,SIDE-LEFT-FRONT,,,,,,,,,,,,,,,,,,,,,,,,,,,,,,,,,
2120631,ba69b496141dfb6cac3a98e0d1cb78547d6da0605aa19f7d1cc2cfd1a001349323ccd059feab81d991ab9a1143730a8e954ce99d8eba52a3f368208726f75e45,07/28/2025 12:00:00 PM,2,DRIVER,,2021601,,DODGE,CHALLENGER,,2018,UNKNOWN,PASSENGER,PERSONAL,N,STRAIGHT AHEAD,,,1,,,,,Y,Y,,,,,,,,,,,,SIDE-RIGHT,,,,,,,,,,,,,,,,,,,,,,,,,,,,,,,,,
2116176,b3eaeed1405281e22e91cf4a4748961e35c70b2f8e2d67c4168e0e9bee4f6c3db1abeb6116f677754e52e9c5c51120a5b9c0a562b562d80059e30fa21ed6e595,07/28/2025 11:55:00 AM,1,DRIVER,,2017367,,TOYOTA,PRIUS,IL,2012,NONE,PASSENGER,PERSONAL,UNKNOWN,BACKING,,,1,,,,,,,,,Y,Y,Y,,,,,,,REAR,,,,,,,,,,,,,,,,,,,,,,,,,,,,,,,,,
2116177,b3eaeed1405281e22e91cf4a4748961e35c70b2f8e2d67c4168e0e9bee4f6c3db1abeb6116f677754e52e9c5c51120a5b9c0a562b562d80059e30fa21ed6e595,07/28/2025 11:55:00 AM,2,DRIVER,1,2017362,,SUBARU,FORESTER,IL,2022,NONE,PASSENGER,PERSONAL,S,STRAIGHT AHEAD,,,2,,,,,,,,,,,N,Y,,Y,Y,,,OTHER,,,,,,,,,,,,,,,,,,,,,,,,,,,,,,,,,
2116213,96b97c0bc5d25a3d3ce11d8897578af9cb7a2ae679d7e55d8739dec3e562dd357fdb851f95d6429747d62bf9a70be5bcfa4e1d407ea259186d2bd5b91837d420,07/28/2025 11:50:00 AM,1,DRIVER,,2017400,,SCION,TC,IN,2012,BRAKES,PASSENGER,PERSONAL,N,STRAIGHT AHEAD,Y,,1,,PRIVATE,UNK,,Y,,,,,,,,,,,Y,,FRONT-RIGHT-CORNER,,,,,,,,,,,,,,,,,,,,,,,,,,,,,,,,,
2116214,96b97c0bc5d25a3d3ce11d8897578af9cb7a2ae679d7e55d8739dec3e562dd357fdb851f95d6429747d62bf9a70be5bcfa4e1d407ea259186d2bd5b91837d420,07/28/2025 11:50:00 AM,2,DRIVER,,2017406,,MAZDA,MAZDA3,IL,2008,NONE,PASSENGER,PERSONAL,N,STRAIGHT AHEAD,Y,,1,,PRIVATE,UNK,,Y,,,,Y,Y,N,,,,Y,Y,,REAR-RIGHT-CORNER,,,,,,,,,,,,,,,,,,,,,,,,,,,,,,,,,
2116215,96b97c0bc5d25a3d3ce11d8897578af9cb7a2ae679d7e55d8739dec3e562dd357fdb851f95d6429747d62bf9a70be5bcfa4e1d407ea259186d2bd5b91837d420,07/28/2025 11:50:00 AM,3,DRIVER,,2017410,,JEEP,CHEROKEE,IL,1998,NONE,PASSENGER,PERSONAL,N,STRAIGHT AHEAD,,,1,,,,,,,,,,Y,,,,,,,,REAR,,,,,,,,,,,,,,,,,,,,,,,,,,,,,,,,,
2117791,953649a12d7ceb8e755d6b07f8af7287c2e9d11fce856745955524cba0cd6a686f3e4f6c93d8db1dd6158cf86a6c1839a92997f05deb53430f73bfaabd203aff,07/28/2025 11:46:00 AM,1,DRIVER,1,2018848,,FORD,FOCUS,IL,2008,NONE,PASSENGER,PERSONAL,N,STRAIGHT AHEAD,N,,2,,,,,Y,,,,,,,,,,Y,Y,,FRONT,,,,,,,,,,,,,,,,,,,,,,,,,,,,,,,,,
2117792,953649a12d7ceb8e755d6b07f8af7287c2e9d11fce856745955524cba0cd6a686f3e4f6c93d8db1dd6158cf86a6c1839a92997f05deb53430f73bfaabd203aff,07/28/2025 11:46:00 AM,2,DRIVER,1,2018849,,CHEVROLET,OTHER (EXPLAIN IN NARRATIVE),IL,2015,NONE,PASSENGER,PERSONAL,W,STRAIGHT AHEAD,,,2,,,,,Y,,,,,,,Y,Y,Y,Y,Y,,SIDE-LEFT,,,,,,,,,,,,,,,,,,,,,,,,,,,,,,,,,
2116802,0b2e44d4087f35ae6ed7b86b2589093e22b153ff6c0f85c6edc256c9e7640ab62385e3126567f8e75dcbf5ad598fe843f4e12e5a0ecbba9c6994dabdadf2c266,07/28/2025 11:45:00 AM,1,DRIVER,,2019307,,HYUNDAI,SANTA FE,IL,2012,NONE,SPORT UTILITY VEHICLE (SUV),PERSONAL,E,TURNING RIGHT,,,1,,,,,,Y,,,,,,,,,,,,SIDE-RIGHT-FRONT,,,,,,,,,,,,,,,,,,,,,,,,,,,,,,,,,
2116803,0b2e44d4087f35ae6ed7b86b2589093e22b153ff6c0f85c6edc256c9e7640ab62385e3126567f8e75dcbf5ad598fe843f4e12e5a0ecbba9c6994dabdadf2c266,07/28/2025 11:45:00 AM,2,PARKED,,2019311,,JEEP,COMPASS,IL,2014,NONE,SPORT UTILITY VEHICLE (SUV),NOT IN USE,E,PARKED,,,0,,,,,,,,,,,,Y,,,,,,SIDE-LEFT-REAR,,,,,,,,,,,,,,,,,,,,,,,,,,,,,,,,,
2116183,e04a9bebf4a038fceb5f3e3bcd747f8ff42c78d483a1c5912d61e76e36f8445bd3d7e87db9b7f6915d8376d3d52bdce1c5e488e630d1113b68241f7fa030d705,07/28/2025 11:45:00 AM,1,DRIVER,,2017377,Y,UNKNOWN,OTHER (EXPLAIN IN NARRATIVE),ME,2019,UNKNOWN,SINGLE UNIT TRUCK WITH TRAILER,UNKNOWN/NA,W,STRAIGHT AHEAD,,,1,,,,,,,,,,,,,,,,,Y,UNKNOWN,"21,904",0193073,,,,,MMTA SERVICES INC,ME,AUGUSTA,,,,N,N,,N,,N,N,,,,,,,,,TRACTOR/SEMI-TRAILER,,,N,N,
2116184,e04a9bebf4a038fceb5f3e3bcd747f8ff42c78d483a1c5912d61e76e36f8445bd3d7e87db9b7f6915d8376d3d52bdce1c5e488e630d1113b68241f7fa030d705,07/28/2025 11:45:00 AM,2,PARKED,,2017385,,CHEVROLET,EQUINOX,IL,2025,NONE,SPORT UTILITY VEHICLE (SUV),NOT IN USE,W,PARKED,,,0,,,,,,,,,,,Y,Y,Y,Y,Y,,,SIDE-LEFT-REAR,,,,,,,,,,,,,,,,,,,,,,,,,,,,,,,,,
2116158,9e9c9e2e02066ced0a5416b984a55271b0574d234a6fa27dc55fa8314a7774967da4b9d36b41e7c19ca155ab41376ca578d20a8f30fbf65acd00779d4ce2140f,07/28/2025 11:40:00 AM,1,DRIVER,,2017354,,HONDA,CR-V,,,UNKNOWN,SPORT UTILITY VEHICLE (SUV),PERSONAL,W,BACKING,,,1,,,,,,,,,,Y,,,,,,,,REAR,,,,,,,,,,,,,,,,,,,,,,,,,,,,,,,,,
2116159,9e9c9e2e02066ced0a5416b984a55271b0574d234a6fa27dc55fa8314a7774967da4b9d36b41e7c19ca155ab41376ca578d20a8f30fbf65acd00779d4ce2140f,07/28/2025 11:40:00 AM,2,PARKED,,2017358,,NISSAN,ARIYA,MO,2023,NONE,SPORT UTILITY VEHICLE (SUV),PERSONAL,W,PARKED,,,0,,,,,,,,,,Y,Y,,,,,,,REAR-LEFT-CORNER,,,,,,,,,,,,,,,,,,,,,,,,,,,,,,,,,
2116181,123b27eca3e5220d90abfadc49afc64740d896bc8e9cea6697310a5d8fc48ffe0c23270ecfd60cd5b310e8c698905d8a5d60cde10559067d0f09e09d143760d0,07/28/2025 11:30:00 AM,1,DRIVER,1,2017366,,CHEVROLET,MALIBU,IL,2025,UNKNOWN,PASSENGER,PERSONAL,N,STRAIGHT AHEAD,Y,,2,,CITY OF CHICAGO,POUND 2,,Y,,,,Y,Y,Y,,,,Y,Y,,FRONT,,,,,,,,,,,,,,,,,,,,,,,,,,,,,,,,,
2116182,123b27eca3e5220d90abfadc49afc64740d896bc8e9cea6697310a5d8fc48ffe0c23270ecfd60cd5b310e8c698905d8a5d60cde10559067d0f09e09d143760d0,07/28/2025 11:30:00 AM,2,DRIVER,,2017372,,HONDA,ODYSSEY,IL,2014,UNKNOWN,VAN/MINI-VAN,PERSONAL,S,TURNING LEFT,Y,,1,,owner,unknown,,Y,,,,,,,,,,Y,Y,,FRONT,,,,,,,,,,,,,,,,,,,,,,,,,,,,,,,,,
2116153,1a5a626e4d8bf2a0294b1878dca98b4ac6cef261509a32e4311248ead47bcae3a8905794ba4c1c60518c0213cef3953d9f57334bfe234af68c49646eccf28557,07/28/2025 11:30:00 AM,1,DRIVER,,2017339,,UNKNOWN,OTHER (EXPLAIN IN NARRATIVE),,,UNKNOWN,TRACTOR W/ SEMI-TRAILER,UNKNOWN/NA,SE,TURNING LEFT,,,1,,,,,,,,,,,,,,,,,Y,UNKNOWN,,,,,,,,,,,,,,,,,,,,,,,,,,,,,,,,,
2116154,1a5a626e4d8bf2a0294b1878dca98b4ac6cef261509a32e4311248ead47bcae3a8905794ba4c1c60518c0213cef3953d9f57334bfe234af68c49646eccf28557,07/28/2025 11:30:00 AM,2,PARKED,,2017343,,INFINITI,G37,IL,2011,NONE,PASSENGER,NOT IN USE,S,PARKED,,,0,,,,,,,,,,,,,,,Y,,,FRONT-LEFT-CORNER,,,,,,,,,,,,,,,,,,,,,,,,,,,,,,,,,
2116155,1a5a626e4d8bf2a0294b1878dca98b4ac6cef261509a32e4311248ead47bcae3a8905794ba4c1c60518c0213cef3953d9f57334bfe234af68c49646eccf28557,07/28/2025 11:30:00 AM,3,PARKED,,2017348,,HONDA,CIVIC,IL,2015,NONE,PASSENGER,NOT IN USE,S,DRIVERLESS,,,0,,,,,,,,,,,,,,,,Y,,FRONT,,,,,,,,,,,,,,,,,,,,,,,,,,,,,,,,,
2116189,bccf22ae21a6d681587bcab94828277aaa5b2a0d902ae107d6133832a31dfc3276f0a5aa206fac0407b0be6eb88e4acafe68d1d51071e2cc27cc384061021c0a,07/28/2025 11:27:00 AM,1,DRIVER,,2017382,,NISSAN,KICKS,IL,2019,UNKNOWN,PASSENGER,PERSONAL,E,BACKING,,,1,,,,,,,,,,Y,,,,,,,,REAR,,,,,,,,,,,,,,,,,,,,,,,,,,,,,,,,,
2116190,bccf22ae21a6d681587bcab94828277aaa5b2a0d902ae107d6133832a31dfc3276f0a5aa206fac0407b0be6eb88e4acafe68d1d51071e2cc27cc384061021c0a,07/28/2025 11:27:00 AM,2,DRIVER,,2017394,,DODGE,GRAND CARAVAN,IL,2008,NONE,VAN/MINI-VAN,OTHER,W,STARTING IN TRAFFIC,,,1,,,,,,,,,,,,,,,,Y,,FRONT,,,,,,,,,,,,,,,,,,,,,,,,,,,,,,,,,
2116164,060ce3cdb5749eabb058a0907d5cae5732a34f3ea0b79f3ec2385b87c5f39a3acc4ecedeb327887fe41081edf4247bcf3c6e6d9a4954fa4d8871cba407ee1d44,07/28/2025 11:25:00 AM,1,DRIVER,,2017350,,UNKNOWN,OTHER (EXPLAIN IN NARRATIVE),,,UNKNOWN,PASSENGER,PERSONAL,E,STRAIGHT AHEAD,,,1,,,,,,,,,,,,,,,,,Y,SIDE-RIGHT,,,,,,,,,,,,,,,,,,,,,,,,,,,,,,,,,
2116165,060ce3cdb5749eabb058a0907d5cae5732a34f3ea0b79f3ec2385b87c5f39a3acc4ecedeb327887fe41081edf4247bcf3c6e6d9a4954fa4d8871cba407ee1d44,07/28/2025 11:25:00 AM,2,PARKED,,2017357,,NOVA BUS,OTHER (EXPLAIN IN NARRATIVE),IL,2024,UNKNOWN,BUS OVER 15 PASS.,CTA,E,PARKED,,,0,,,,N,,,,,,,,,,Y,,,,SIDE-RIGHT-FRONT,,,,,,,,,,,,,,,,,,,,,,,,,,,,,,,,,
2116778,f1ce1789965a53af8895ea051880f0150bf63cd2098a306a8c34740989a6ba8352506f8507afc4255a008061cc7d3f4c2ece09ed3e4b51cdb2b899dd7fe49b37,07/28/2025 11:20:00 AM,1,DRIVER,,2017935,,DODGE,CALIBER,IL,2013,UNKNOWN,SPORT UTILITY VEHICLE (SUV),PERSONAL,S,STRAIGHT AHEAD,,,1,,,,,Y,,,,,,,,,,Y,Y,,FRONT,,,,,,,,,,,,,,,,,,,,,,,,,,,,,,,,,
2116779,f1ce1789965a53af8895ea051880f0150bf63cd2098a306a8c34740989a6ba8352506f8507afc4255a008061cc7d3f4c2ece09ed3e4b51cdb2b899dd7fe49b37,07/28/2025 11:20:00 AM,2,DRIVER,,2017944,,HONDA,CIVIC,IL,2013,NONE,PASSENGER,PERSONAL,S,SLOW/STOP IN TRAFFIC,,,1,,,,,,,,,,Y,Y,,,,,,,SIDE-LEFT-REAR,,,,,,,,,,,,,,,,,,,,,,,,,,,,,,,,,
2116187,3547aaaea3637b6fead916363e4f7173e6acaec3a95ea26b10573389e3b6ce0e21053525f402396d193e4a17f1c1231d300bc09851b2472aa3dfadacca449e76,07/28/2025 11:19:00 AM,1,DRIVER,,2017369,,JEEP,GRAND CHEROKEE,IL,2014,NONE,SPORT UTILITY VEHICLE (SUV),PERSONAL,UNKNOWN,STRAIGHT AHEAD,,,1,,,,,Y,,,,,,,,,,Y,Y,,FRONT,,,,,,,,,,,,,,,,,,,,,,,,,,,,,,,,,
2116188,3547aaaea3637b6fead916363e4f7173e6acaec3a95ea26b10573389e3b6ce0e21053525f402396d193e4a17f1c1231d300bc09851b2472aa3dfadacca449e76,07/28/2025 11:19:00 AM,2,DRIVER,,2017374,,HYUNDAI,TUCSON,IL,2018,NONE,PASSENGER,PERSONAL,UNKNOWN,STRAIGHT AHEAD,,,1,,,,,,,,Y,Y,Y,Y,,,,,,,SIDE-RIGHT-REAR,,,,,,,,,,,,,,,,,,,,,,,,,,,,,,,,,
2116193,be56e3145f310c1f90d5f99a1b9a68b5d4cfbbe1b8e6ff22241ab0559a9f20f3dc532daa0ff67b74d62ba0547382369a64c2b4d412137ac0d62f22cb596f1804,07/28/2025 11:15:00 AM,1,DRIVER,,2017381,,FORD,EDGE,IL,2007,UNKNOWN,SPORT UTILITY VEHICLE (SUV),PERSONAL,S,STRAIGHT AHEAD,Y,,1,,PRIVATE TOW,,,,,,,,,,,,,,,,FRONT,,,,,,,,,,,,,,,,,,,,,,,,,,,,,,,,,
2116194,be56e3145f310c1f90d5f99a1b9a68b5d4cfbbe1b8e6ff22241ab0559a9f20f3dc532daa0ff67b74d62ba0547382369a64c2b4d412137ac0d62f22cb596f1804,07/28/2025 11:15:00 AM,2,DRIVER,,2017395,,TOYOTA,YARIS,IL,2017,UNKNOWN,PASSENGER,PERSONAL,S,SLOW/STOP IN TRAFFIC,,,1,,,,,,,,,,,,,,,,,,REAR,,,,,,,,,,,,,,,,,,,,,,,,,,,,,,,,,
2116138,1dfd98851cc6154b0c35deb0e6edde57b460713ae1b9acb8b574055447b605fd2eb9d95681b0a9e7d282d84dcf36ffe9f128f11c3f2f300e54a9da9dc52dee6a,07/28/2025 11:10:00 AM,1,DRIVER,1,2017323,,CHEVROLET,MALIBU,IL,2011,NONE,PASSENGER,PERSONAL,S,ENTERING TRAFFIC LANE FROM PARKING,,,2,,,,,,,,,,,,,,,Y,Y,,FRONT-LEFT-CORNER,,,,,,,,,,,,,,,,,,,,,,,,,,,,,,,,,
2116139,1dfd98851cc6154b0c35deb0e6edde57b460713ae1b9acb8b574055447b605fd2eb9d95681b0a9e7d282d84dcf36ffe9f128f11c3f2f300e54a9da9dc52dee6a,07/28/2025 11:10:00 AM,2,DRIVER,,2017327,,NISSAN,ARMADA,IL,2005,NONE,PASSENGER,PERSONAL,SE,STRAIGHT AHEAD,,,1,,,,,,,,Y,Y,,,,,,,,,SIDE-RIGHT,,,,,,,,,,,,,,,,,,,,,,,,,,,,,,,,,
2116170,b7a751ad0d08c8b929241f652cd5d17a82d20d901e48473bcf6da4c1019b321b171585904ca4f751a8bee0db010de85f8f064c046a74927bb0a00008fa8763d1,07/28/2025 11:08:00 AM,1,DRIVER,,2017353,,JEEP,GRAND CHEROKEE,IL,2014,UNKNOWN,SPORT UTILITY VEHICLE (SUV),UNKNOWN/NA,E,STRAIGHT AHEAD,,,1,,,,,,,,,,,,,,,,,Y,FRONT,,,,,,,,,,,,,,,,,,,,,,,,,,,,,,,,,
2116171,b7a751ad0d08c8b929241f652cd5d17a82d20d901e48473bcf6da4c1019b321b171585904ca4f751a8bee0db010de85f8f064c046a74927bb0a00008fa8763d1,07/28/2025 11:08:00 AM,2,DRIVER,,2017360,,CHEVROLET,MALIBU,,2016,UNKNOWN,PASSENGER,PERSONAL,E,STRAIGHT AHEAD,,,1,,,,,,,,,,Y,,,,,,,Y,REAR,,,,,,,,,,,,,,,,,,,,,,,,,,,,,,,,,
2116160,426839ad2ed91ea4c4f995106b59eb8f6831ef9246090ffeac323080afe5d435a8be35f34575e1296701da66b6ba6fb74afe3bce22cd184668b0d5e5c878188a,07/28/2025 11:00:00 AM,1,DRIVER,,2017365,,FORD,ECONOLINE E450,IL,2017,UNKNOWN,TRUCK - SINGLE UNIT,AMBULANCE,N,STRAIGHT AHEAD,,,1,,,,,,Y,Y,,,,,,,,,,,SIDE-RIGHT-FRONT,,,,,,,,,,,,,,,,,,,,,,,,,,,,,,,,,
2116161,426839ad2ed91ea4c4f995106b59eb8f6831ef9246090ffeac323080afe5d435a8be35f34575e1296701da66b6ba6fb74afe3bce22cd184668b0d5e5c878188a,07/28/2025 11:00:00 AM,2,PARKED,,2017373,N,FREIGHTLINER CORPORATION,OTHER (EXPLAIN IN NARRATIVE),IL,2015,UNKNOWN,TRACTOR W/O SEMI-TRAILER,COMMERCIAL - SINGLE UNIT,N,PARKED,,,0,,,,,,,,,,,,,,Y,,,,SIDE-LEFT,,,,,,,,,,,,,,,,,,,,,,,,,,,,,,,,,
2116140,9ae107378fb2b36421626a8ebcbf50512618957e41129292cf9386ea6da37fd8858e752f066272fabc115aa3ec984715d09f0a160a9950e9b1926ceae56c594a,07/28/2025 11:00:00 AM,1,DRIVER,,2017330,,FORD,FUSION,IL,2018,UNKNOWN,PASSENGER,PERSONAL,S,STRAIGHT AHEAD,,,1,,,,,,,,,,,,,,,,,Y,UNKNOWN,,,,,,,,,,,,,,,,,,,,,,,,,,,,,,,,,
2116141,9ae107378fb2b36421626a8ebcbf50512618957e41129292cf9386ea6da37fd8858e752f066272fabc115aa3ec984715d09f0a160a9950e9b1926ceae56c594a,07/28/2025 11:00:00 AM,2,DRIVER,1,2017334,,KIA,SPORTAGE,IL,2026,NONE,PASSENGER,PERSONAL,S,STRAIGHT AHEAD,,,2,,,,,,,Y,Y,,,,,,,,,,SIDE-RIGHT,,,,,,,,,,,,,,,,,,,,,,,,,,,,,,,,,
2120834,c645321d85e4970617917f5b932e965d301045bb9653901c526b7db68241b26d2a72ab6901fdebd39430c672aa4c283bff71ec1a5a967c9f8389702082e42fd1,07/28/2025 11:00:00 AM,1,DRIVER,,2021806,,FORD,ECONOLINE E150,IL,,NONE,PICKUP,PERSONAL,E,STRAIGHT AHEAD,,,1,,,,,,,,,,,,,,,,Y,,FRONT,,,,,,,,,,,,,,,,,,,,,,,,,,,,,,,,,
2120835,c645321d85e4970617917f5b932e965d301045bb9653901c526b7db68241b26d2a72ab6901fdebd39430c672aa4c283bff71ec1a5a967c9f8389702082e42fd1,07/28/2025 11:00:00 AM,2,DRIVER,,2021816,,PORSCHE,CAYENNE,IL,,NONE,PASSENGER,PERSONAL,E,STRAIGHT AHEAD,,,1,,,,,,,,,,Y,,,,,,,,REAR,,,,,,,,,,,,,,,,,,,,,,,,,,,,,,,,,
2117785,c9b0a9410d83acda5875ba064b0fefe5743e225873fc6725c3aea944e8024f38c38ea60226cf847d2593724faf6b6eeff3e1f20182f514745d9ef8405d3957b8,07/28/2025 11:00:00 AM,1,DRIVER,,2018856,,CHEVROLET,C/K 1500,IL,2016,UNKNOWN,PICKUP,UNKNOWN/NA,N,BACKING,,,1,,,,,,,,,,,,,,,,,Y,REAR,,,,,,,,,,,,,,,,,,,,,,,,,,,,,,,,,
2117786,c9b0a9410d83acda5875ba064b0fefe5743e225873fc6725c3aea944e8024f38c38ea60226cf847d2593724faf6b6eeff3e1f20182f514745d9ef8405d3957b8,07/28/2025 11:00:00 AM,2,DRIVER,,2018876,,TOYOTA,COROLLA,IL,2004,UNKNOWN,PASSENGER,PERSONAL,W,SLOW/STOP IN TRAFFIC,,,1,,,,,Y,Y,N,N,,,,,,,,,,SIDE-RIGHT,,,,,,,,,,,,,,,,,,,,,,,,,,,,,,,,,
2116952,d9625abab3ae71397f4e5a72d84127b631b2c627e914fa8d68f2e5bab99e542fc76cabc97e742dd391806f32b482a2f8ca326329cf247997364dd996c456dafa,07/28/2025 11:00:00 AM,1,DRIVER,,2018105,,AUDI,OTHER (EXPLAIN IN NARRATIVE),IL,2006,UNKNOWN,PICKUP,UNKNOWN/NA,S,STRAIGHT AHEAD,,,1,,,,,Y,,,,,,,,,,Y,Y,,FRONT,,,,,,,,,,,,,,,,,,,,,,,,,,,,,,,,,
2116953,d9625abab3ae71397f4e5a72d84127b631b2c627e914fa8d68f2e5bab99e542fc76cabc97e742dd391806f32b482a2f8ca326329cf247997364dd996c456dafa,07/28/2025 11:00:00 AM,2,DRIVER,,2018110,,VOLKSWAGEN,PASSAT,IL,2013,UNKNOWN,PASSENGER,PERSONAL,S,SLOW/STOP IN TRAFFIC,,,1,,,,,,,,,Y,Y,Y,,,,,,,REAR,,,,,,,,,,,,,,,,,,,,,,,,,,,,,,,,,
2116166,6d7c3511dd1fea66998a072c24fd034457a227e6162ff3090bf95f1be7b0859d4b9ec403323d833a8d0b997b5f7e8df80d56e4d0185a6bc10cf60265ea520dbb,07/28/2025 10:55:00 AM,1,DRIVER,,2017370,,UNKNOWN,MOTORIZED,IL,,UNKNOWN,OTHER,UNKNOWN/NA,W,STRAIGHT AHEAD,,,1,,,,N,,,,,,,,,,,,Y,,FRONT,,,,,,,,,,,,,,,,,,,,,,,,,,,,,,,,,
2116167,6d7c3511dd1fea66998a072c24fd034457a227e6162ff3090bf95f1be7b0859d4b9ec403323d833a8d0b997b5f7e8df80d56e4d0185a6bc10cf60265ea520dbb,07/28/2025 10:55:00 AM,2,DRIVER,1,2017351,,CHEVROLET,MALIBU,IL,2024,UNKNOWN,PASSENGER,PERSONAL,S,STRAIGHT AHEAD,,,2,,,,,,,,,,,,Y,Y,,,,,SIDE-LEFT,,,,,,,,,,,,,,,,,,,,,,,,,,,,,,,,,
2116156,7bea8e64422938fa95f394c529fcd312af2eec28dae70c0dbfdf2911351de3703942b5c502f0b7f74f614988e06f533d156ef0e1361df46b5b272682fc4b2cae,07/28/2025 10:45:00 AM,1,DRIVER,,2017342,,BMW,740I,IL,2021,UNKNOWN,SPORT UTILITY VEHICLE (SUV),PERSONAL,E,TURNING LEFT,,,1,,,,,,,,,,,,,Y,Y,,,,SIDE-LEFT-FRONT,,,,,,,,,,,,,,,,,,,,,,,,,,,,,,,,,
2116157,7bea8e64422938fa95f394c529fcd312af2eec28dae70c0dbfdf2911351de3703942b5c502f0b7f74f614988e06f533d156ef0e1361df46b5b272682fc4b2cae,07/28/2025 10:45:00 AM,2,DRIVER,,2017346,,TOYOTA,RAV4,IL,2014,UNKNOWN,SPORT UTILITY VEHICLE (SUV),PERSONAL,S,STRAIGHT AHEAD,,,1,,,,,Y,,,,,,,,,,,,,FRONT-RIGHT-CORNER,,,,,,,,,,,,,,,,,,,,,,,,,,,,,,,,,
2116821,0f4be1d2ede2a7de601b0df885d115bf5dc75a596342bc77521124a54dd75366919fee47af908ddcb3447d81bd4928e2468742d0f49559d0283b62fc4d3e8b82,07/28/2025 10:30:00 AM,1,DRIVER,,2018005,,MAZDA,CX-30,IL,2023,NONE,PASSENGER,NOT IN USE,S,TURNING LEFT,Y,,1,,aaa,unk,,Y,,,,,,,,N,N,Y,Y,,FRONT-LEFT-CORNER,,,,,,,,,,,,,,,,,,,,,,,,,,,,,,,,,
2116144,fe9bfec33e3218418f832166417a19a621f58d8698b9e89aeeec43312765f2927174fc58aa38e5cbff92a305f838ddcef7f34fd97aa948f9e26852167ff137cc,07/28/2025 10:30:00 AM,1,DRIVER,,2017331,,NISSAN,SENTRA,IL,2020,NONE,PASSENGER,PERSONAL,S,STRAIGHT AHEAD,,,1,,,,,Y,,,,,,,,,,,N,,FRONT-RIGHT-CORNER,,,,,,,,,,,,,,,,,,,,,,,,,,,,,,,,,