CRASH_UNIT_ID,CRASH_RECORD_ID,CRASH_DATE,UNIT_NO,UNIT_TYPE,NUM_PASSENGERS,VEHICLE_ID,CMRC_VEH_I,MAKE,MODEL,LIC_PLATE_STATE,VEHICLE_YEAR,VEHICLE_DEFECT,VEHICLE_TYPE,VEHICLE_USE,TRAVEL_DIRECTION,MANEUVER,TOWED_I,FIRE_I,OCCUPANT_CNT,EXCEED_SPEED_LIMIT_I,TOWED_BY,TOWED_TO,AREA_00_I,AREA_01_I,AREA_02_I,AREA_03_I,AREA_04_I,AREA_05_I,AREA_06_I,AREA_07_I,AREA_08_I,AREA_09_I,AREA_10_I,AREA_11_I,AREA_12_I,AREA_99_I,FIRST_CONTACT_POINT,CMV_ID,USDOT_NO,CCMC_NO,ILCC_NO,COMMERCIAL_SRC,GVWR,CARRIER_NAME,CARRIER_STATE,CARRIER_CITY,HAZMAT_PLACARDS_I,HAZMAT_NAME,UN_NO,HAZMAT_PRESENT_I,HAZMAT_REPORT_I,HAZMAT_REPORT_NO,MCS_REPORT_I,MCS_REPORT_NO,HAZMAT_VIO_CAUSE_CRASH_I,MCS_VIO_CAUSE_CRASH_I,IDOT_PERMIT_NO,WIDE_LOAD_I,TRAILER1_WIDTH,TRAILER2_WIDTH,TRAILER1_LENGTH,TRAILER2_LENGTH,TOTAL_VEHICLE_LENGTH,AXLE_CNT,VEHICLE_CONFIG,CARGO_BODY_TYPE,LOAD_TYPE,HAZMAT_OUT_OF_SERVICE_I,MCS_OUT_OF_SERVICE_I,HAZMAT_CLASS
2116145,fe9bfec33e3218418f832166417a19a621f58d8698b9e89aeeec43312765f2927174fc58aa38e5cbff92a305f838ddcef7f34fd97aa948f9e26852167ff137cc,07/28/2025 10:30:00 AM,2,PARKED,,2017337,,FORD,TRANSIT,IL,2020,NONE,PASSENGER,COMMERCIAL - MULTI-UNIT,S,PARKED,,,0,,,,,,,,,,,Y,,,,,,,REAR-LEFT-CORNER,,,,,,,,,,,,,,,,,,,,,,,,,,,,,,,,,
2116117,97315d57b61479906dd294d570cf36aeb4ead799d5fd047dba9e40c54aa4e2d6aa71615d40a19636dd6ee006c78a68737d6cbb509582b7bf4df48752f4064586,07/28/2025 10:25:00 AM,1,DRIVER,,2017313,,NISSAN,ROGUE,IL,2015,NONE,PASSENGER,PERSONAL,S,STRAIGHT AHEAD,,,1,,,,,Y,,,,,,,,,,Y,Y,,FRONT,,,,,,,,,,,,,,,,,,,,,,,,,,,,,,,,,
2116118,97315d57b61479906dd294d570cf36aeb4ead799d5fd047dba9e40c54aa4e2d6aa71615d40a19636dd6ee006c78a68737d6cbb509582b7bf4df48752f4064586,07/28/2025 10:25:00 AM,2,DRIVER,1,2017333,,DODGE,RAM PROMASTER,IL,2025,NONE,VAN/MINI-VAN,OTHER,E,STRAIGHT AHEAD,,,2,,,,,,,,,,,,,,,Y,Y,,FRONT-LEFT-CORNER,,,,,,,,,,,,,,,,,,,,,,,,,,,,,,,,,
2116216,cde9f6ed832f45e730e53e4bbae5c5ee29841ec33fad156e9f96476f8f2d612c1d2709d7b5e03f7c9fd2e82dd931db0a45d94d7409b221f64a30f79cfc997d25,07/28/2025 10:20:00 AM,1,DRIVER,,2017409,,NISSAN,VERSA,IL,2017,UNKNOWN,PASSENGER,UNKNOWN/NA,N,ENTERING TRAFFIC LANE FROM PARKING,,,1,,,,,,,,,,,,,,Y,Y,,,FRONT-LEFT-CORNER,,,,,,,,,,,,,,,,,,,,,,,,,,,,,,,,,
2116217,cde9f6ed832f45e730e53e4bbae5c5ee29841ec33fad156e9f96476f8f2d612c1d2709d7b5e03f7c9fd2e82dd931db0a45d94d7409b221f64a30f79cfc997d25,07/28/2025 10:20:00 AM,2,DRIVER,,2017419,,INFINITI,QX60,IL,2015,UNKNOWN,SPORT UTILITY VEHICLE (SUV),PERSONAL,N,STRAIGHT AHEAD,,,1,,,,,Y,Y,Y,Y,Y,,,,,,,,,SIDE-RIGHT,,,,,,,,,,,,,,,,,,,,,,,,,,,,,,,,,
2116963,f4ad670a86fb8a3a00dda2e7fafee3c81775849ce0ad98a6dc093564154cb2302d0e6dfc5a1d3b2cbd83ca2929143552da1e88c33d971e6a46e4e6ca6e06b05c,07/28/2025 10:05:00 AM,1,DRIVER,,2018116,,TOYOTA,COROLLA,IL,2025,UNKNOWN,PASSENGER,PERSONAL,NE,TURNING LEFT,,,1,,,,,,,,,,,,,,,,Y,,FRONT,,,,,,,,,,,,,,,,,,,,,,,,,,,,,,,,,
2116964,f4ad670a86fb8a3a00dda2e7fafee3c81775849ce0ad98a6dc093564154cb2302d0e6dfc5a1d3b2cbd83ca2929143552da1e88c33d971e6a46e4e6ca6e06b05c,07/28/2025 10:05:00 AM,2,DRIVER,1,2018117,,LEXUS,NX,IL,2020,UNKNOWN,PASSENGER,PERSONAL,S,STRAIGHT AHEAD,,,2,,,,,,,Y,,,,,,,,,,,SIDE-RIGHT-FRONT,,,,,,,,,,,,,,,,,,,,,,,,,,,,,,,,,
2116550,06ed04503b3c313994252fac21b4645ebfcdd8e7bb31c6e3eb51a6e8dc72999e73fdb3094a61e04ab5c3b08459ff1c99cce4274627595ddbe67a332237073839,07/28/2025 10:00:00 AM,1,DRIVER,,2017756,,NISSAN,KICKS,XX,2020,UNKNOWN,PASSENGER,UNKNOWN/NA,UNKNOWN,UNKNOWN/NA,,,1,,,,,,,,,,,,,,,,,,SIDE-RIGHT-FRONT,,,,,,,,,,,,,,,,,,,,,,,,,,,,,,,,,
2116551,06ed04503b3c313994252fac21b4645ebfcdd8e7bb31c6e3eb51a6e8dc72999e73fdb3094a61e04ab5c3b08459ff1c99cce4274627595ddbe67a332237073839,07/28/2025 10:00:00 AM,2,PARKED,,2017727,,HYUNDAI,VELOSTAR,IL,2015,NONE,PASSENGER,PERSONAL,UNKNOWN,PARKED,,,0,,,,,,,,,,,,Y,Y,Y,,,,SIDE-LEFT-REAR,,,,,,,,,,,,,,,,,,,,,,,,,,,,,,,,,
2116794,2c476a2df7c6078874fb6e4bb742363076d5c0525e217adbdcf898c5d90fb82e0cf01077c9f90d68035c243c0518cdd114df534ba52627b86c821ca99feacd6d,07/28/2025 10:00:00 AM,1,DRIVER,,2017948,,NISSAN,ROGUE,IL,2017,NONE,SPORT UTILITY VEHICLE (SUV),PERSONAL,N,STRAIGHT AHEAD,,,1,,,,,Y,,,,,,,,,,Y,Y,,FRONT,,,,,,,,,,,,,,,,,,,,,,,,,,,,,,,,,
2116795,2c476a2df7c6078874fb6e4bb742363076d5c0525e217adbdcf898c5d90fb82e0cf01077c9f90d68035c243c0518cdd114df534ba52627b86c821ca99feacd6d,07/28/2025 10:00:00 AM,2,DRIVER,,2017960,,FORD,EDGE,IL,2016,NONE,SPORT UTILITY VEHICLE (SUV),PERSONAL,N,STRAIGHT AHEAD,,,1,,,,,,,,,Y,Y,Y,,,,,,,REAR,,,,,,,,,,,,,,,,,,,,,,,,,,,,,,,,,
2116126,7c044c0789eab756f95662292cd04ed518c760f2832c05d35b059edf6b653e9b73efc61c8af437c1c2d83a776077dfac2084fab0455fcdc25e2a08635c1741de,07/28/2025 10:00:00 AM,1,DRIVER,1,2017316,,FORD,EXCURSION,IL,2004,NONE,SPORT UTILITY VEHICLE (SUV),PERSONAL,N,STRAIGHT AHEAD,,,2,,,,,,,,,,,,,,,,Y,,FRONT,,,,,,,,,,,,,,,,,,,,,,,,,,,,,,,,,
2116127,7c044c0789eab756f95662292cd04ed518c760f2832c05d35b059edf6b653e9b73efc61c8af437c1c2d83a776077dfac2084fab0455fcdc25e2a08635c1741de,07/28/2025 10:00:00 AM,2,DRIVER,,2017326,,(UNLISTED MAKE),(UNLISTED MAKE),IL,2023,NONE,PASSENGER,PERSONAL,N,SLOW/STOP IN TRAFFIC,,,1,,,,,,,,,,Y,,,,,,,,REAR,,,,,,,,,,,,,,,,,,,,,,,,,,,,,,,,,
2116273,b0a86c0829e61ae09a63f2f309cc646d5fb161ec921c974266a0a8657b5b319d6300ecff4bfd298e08d663f9abde5076a938229ef26fa81566c02b3b9f68536a,07/28/2025 10:00:00 AM,1,DRIVER,,2017454,,UNKNOWN,OTHER (EXPLAIN IN NARRATIVE),XX,,UNKNOWN,UNKNOWN/NA,UNKNOWN/NA,UNKNOWN,UNKNOWN/NA,,,1,,,,,,,,,,,,,,,,,Y,UNKNOWN,,,,,,,,,,,,,,,,,,,,,,,,,,,,,,,,,
2116274,b0a86c0829e61ae09a63f2f309cc646d5fb161ec921c974266a0a8657b5b319d6300ecff4bfd298e08d663f9abde5076a938229ef26fa81566c02b3b9f68536a,07/28/2025 10:00:00 AM,2,PARKED,,2017460,,HONDA,CR-Z,IL,2016,UNKNOWN,PASSENGER,OTHER,S,PARKED,Y,,0,,PRIVATE TOW,,,,,,Y,Y,Y,Y,Y,Y,,,,,UNKNOWN,,,,,,,,,,,,,,,,,,,,,,,,,,,,,,,,,
2116148,71fc5ffe9b48a7abd80354d583fee0ee3b14c43c75a1ef1fa5966b4ca6b5d494caa6eed0376d6ca0efd275d83ea0e135a4d0a0a2d567d4aa3c08f85043da3f3f,07/28/2025 09:52:00 AM,1,DRIVER,,2017340,N,VOLVO,TRUCK,MI,2023,UNKNOWN,SINGLE UNIT TRUCK WITH TRAILER,COMMERCIAL - SINGLE UNIT,E,STRAIGHT AHEAD,,,1,,,,,,,,,,,,,,,,,,TOP,,,,,,,,,,,,,,,,,,,,,,,,,,,,,,,,,
2116149,71fc5ffe9b48a7abd80354d583fee0ee3b14c43c75a1ef1fa5966b4ca6b5d494caa6eed0376d6ca0efd275d83ea0e135a4d0a0a2d567d4aa3c08f85043da3f3f,07/28/2025 09:52:00 AM,2,PARKED,,2017345,,SUBARU,FORESTER,IL,2015,UNKNOWN,PASSENGER,NOT IN USE,E,PARKED,,,0,,,,,,,,,,,,,Y,Y,Y,Y,,FRONT-LEFT-CORNER,,,,,,,,,,,,,,,,,,,,,,,,,,,,,,,,,
2116786,0a6d860ca16240b0ff08a4df7e93a462305881cc704d23381ab9d63ca3f8c36986ef479e4b879e2080185ac6b72a6f7b99b1aa212d38ecd33b75ab4c52034de5,07/28/2025 09:50:00 AM,1,DRIVER,,2017941,,MERCEDES-BENZ,OTHER (EXPLAIN IN NARRATIVE),IL,2021,UNKNOWN,VAN/MINI-VAN,UNKNOWN/NA,E,STRAIGHT AHEAD,,,1,,,,,,Y,Y,Y,,,,,,,,,,SIDE-RIGHT,,,,,,,,,,,,,,,,,,,,,,,,,,,,,,,,,
2116787,0a6d860ca16240b0ff08a4df7e93a462305881cc704d23381ab9d63ca3f8c36986ef479e4b879e2080185ac6b72a6f7b99b1aa212d38ecd33b75ab4c52034de5,07/28/2025 09:50:00 AM,2,DRIVER,,2017945,,FORD,F250,IL,2020,UNKNOWN,PICKUP,UNKNOWN/NA,E,STRAIGHT AHEAD,,,1,,,,,,,,,,,,Y,Y,Y,,,,SIDE-LEFT,,,,,,,,,,,,,,,,,,,,,,,,,,,,,,,,,
2116249,edab3d8bdda735fd1b12e51619fd25d03acc54c08646e9b372e675dac136676027304b4e48e3020bcc8ff4a03944328db97c3e10289b6638b3f3577ab9b21c02,07/28/2025 09:50:00 AM,1,DRIVER,,2017441,,TOYOTA,AVALON,IL,1998,NONE,PASSENGER,PERSONAL,W,STRAIGHT AHEAD,,,1,,,,,Y,,,,,,,,,,Y,Y,,FRONT,,,,,,,,,,,,,,,,,,,,,,,,,,,,,,,,,
2116250,edab3d8bdda735fd1b12e51619fd25d03acc54c08646e9b372e675dac136676027304b4e48e3020bcc8ff4a03944328db97c3e10289b6638b3f3577ab9b21c02,07/28/2025 09:50:00 AM,2,DRIVER,,2017431,,NISSAN,VERSA,IL,2014,NONE,PASSENGER,PERSONAL,W,STRAIGHT AHEAD,,,1,,,,,,,,,Y,Y,Y,,,,,,,REAR,,,,,,,,,,,,,,,,,,,,,,,,,,,,,,,,,
2116105,4329f4fee3e91ad004dbe9d08399fae51f3e50a7f08f15db6305483960360ea3a5d81c547ad2fb8a48aa23cbf5fdca08978cd63d0f1bd8753165fa7b7ad0c9eb,07/28/2025 09:49:00 AM,1,DRIVER,,2017292,,HONDA,ACCORD,IL,2021,NONE,PASSENGER,PERSONAL,N,STRAIGHT AHEAD,,,1,,,,,Y,,,,,,,,,,,,,FRONT-RIGHT-CORNER,,,,,,,,,,,,,,,,,,,,,,,,,,,,,,,,,
2116106,4329f4fee3e91ad004dbe9d08399fae51f3e50a7f08f15db6305483960360ea3a5d81c547ad2fb8a48aa23cbf5fdca08978cd63d0f1bd8753165fa7b7ad0c9eb,07/28/2025 09:49:00 AM,2,DRIVER,,2017300,,CHEVROLET,MALIBU,IL,2009,NONE,PASSENGER,PERSONAL,W,STRAIGHT AHEAD,Y,,1,,PRIVATE TOW,,,,,,,,,Y,Y,Y,Y,Y,,,SIDE-LEFT,,,,,,,,,,,,,,,,,,,,,,,,,,,,,,,,,
2116119,20cb43ce2007ae706618df6419f32486bf25a8cf365e8fbe02594bbb3912357461e253732cd15385049039f9d670bcfc6a7d299275b4f62cc2e991f9f3f5a0cf,07/28/2025 09:48:00 AM,1,DRIVER,,2017307,,MERCEDES-BENZ,OTHER (EXPLAIN IN NARRATIVE),IL,,UNKNOWN,UNKNOWN/NA,UNKNOWN/NA,E,UNKNOWN/NA,,,1,,,,,Y,,,,,,,,,,Y,Y,,FRONT,,,,,,,,,,,,,,,,,,,,,,,,,,,,,,,,,
2116120,20cb43ce2007ae706618df6419f32486bf25a8cf365e8fbe02594bbb3912357461e253732cd15385049039f9d670bcfc6a7d299275b4f62cc2e991f9f3f5a0cf,07/28/2025 09:48:00 AM,2,DRIVER,,2017320,,NISSAN,ROGUE,IL,2012,UNKNOWN,PASSENGER,PERSONAL,E,TURNING LEFT,Y,,1,,private tow,,,Y,Y,Y,Y,,,,,,,Y,Y,,FRONT,,,,,,,,,,,,,,,,,,,,,,,,,,,,,,,,,
2116121,20cb43ce2007ae706618df6419f32486bf25a8cf365e8fbe02594bbb3912357461e253732cd15385049039f9d670bcfc6a7d299275b4f62cc2e991f9f3f5a0cf,07/28/2025 09:48:00 AM,3,PARKED,,2017329,,CHEVROLET,CRUZE,IL,2019,UNKNOWN,UNKNOWN/NA,PERSONAL,E,PARKED,,,0,,,,,,,,,Y,Y,Y,,,,,,,REAR,,,,,,,,,,,,,,,,,,,,,,,,,,,,,,,,,
2116271,7ef929639b119e4c4841cc8450ef1659da47b9d9d0eb367fe42d6d16d2413062541ff3bcc12a9e106bc002b25f352e1241d35161d3d7743deca64feefc20f57e,07/28/2025 09:40:00 AM,1,DRIVER,,2017461,,CHEVROLET,EQUINOX,IL,2010,NONE,SPORT UTILITY VEHICLE (SUV),PERSONAL,S,BACKING,,,1,,,,,,,,,Y,Y,Y,,,,,,,REAR,,,,,,,,,,,,,,,,,,,,,,,,,,,,,,,,,
2116272,7ef929639b119e4c4841cc8450ef1659da47b9d9d0eb367fe42d6d16d2413062541ff3bcc12a9e106bc002b25f352e1241d35161d3d7743deca64feefc20f57e,07/28/2025 09:40:00 AM,2,DRIVER,,2017451,,DODGE,CARAVAN,IL,2019,NONE,VAN/MINI-VAN,PERSONAL,N,BACKING,,,1,,,,,,,,,Y,Y,Y,,,,N,,,REAR,,,,,,,,,,,,,,,,,,,,,,,,,,,,,,,,,
2116261,157772ade9b186b47f25799ed181c7bd2aa92d8e1e1d34304ded41ef1da4e0307cc3223e9b6be258a9a882081cd4829e9f41b6881f67b469fa98e51ba8ea5d8e,07/28/2025 09:39:00 AM,1,PEDESTRIAN,,,,,,,,,,,,,,,,,,,,,,,,,,,,,,,,,,,,,,,,,,,,,,,,,,,,,,,,,,,,,,,,,,
2116262,157772ade9b186b47f25799ed181c7bd2aa92d8e1e1d34304ded41ef1da4e0307cc3223e9b6be258a9a882081cd4829e9f41b6881f67b469fa98e51ba8ea5d8e,07/28/2025 09:39:00 AM,2,DRIVER,,2017448,,UNKNOWN,OTHER (EXPLAIN IN NARRATIVE),IL,2017,NONE,BUS OVER 15 PASS.,OTHER,N,TURNING RIGHT,,,1,,,,Y,,,,,N,,,,,,,,,SIDE-RIGHT-REAR,,,,,,,,,,,,,,,,,,,,,,,,,,,,,,,,,
2116096,154c9fed53982c6db5f4c50347b37e236d9e450f8acb9dc6fa6bdc33cdb234ea19a12ef983791f125594dac031464d8c3d6d82f031ebd4164c7fc6ac96379245,07/28/2025 09:30:00 AM,1,DRIVER,,2017282,,TOYOTA,PRIUS,IL,,BRAKES,PASSENGER,TAXI/FOR HIRE,W,STRAIGHT AHEAD,,,1,,,,,,,,,,,,,,,,Y,,FRONT,,,,,,,,,,,,,,,,,,,,,,,,,,,,,,,,,
2116097,154c9fed53982c6db5f4c50347b37e236d9e450f8acb9dc6fa6bdc33cdb234ea19a12ef983791f125594dac031464d8c3d6d82f031ebd4164c7fc6ac96379245,07/28/2025 09:30:00 AM,2,DRIVER,,2017288,,MERCEDES-BENZ,S-CLASS,IL,,NONE,PASSENGER,PERSONAL,W,SLOW/STOP IN TRAFFIC,,,1,,,,,,,,,,Y,,,,,,,,REAR,,,,,,,,,,,,,,,,,,,,,,,,,,,,,,,,,
2118336,931fcdd0f8e95051401affb1531fc814166bafd19f07e9812792af9b1ad227faaee70daca81f50cbb7b19c1afd9a4c8d2f8c05b3ddbf09fe6341dce3d7c2a608,07/28/2025 09:30:00 AM,1,DRIVER,,2019382,,UNKNOWN,OTHER (EXPLAIN IN NARRATIVE),IL,,UNKNOWN,UNKNOWN/NA,UNKNOWN/NA,E,UNKNOWN/NA,,,1,,,,,Y,,,,,,,,,,,,,FRONT-RIGHT-CORNER,,,,,,,,,,,,,,,,,,,,,,,,,,,,,,,,,
2118337,931fcdd0f8e95051401affb1531fc814166bafd19f07e9812792af9b1ad227faaee70daca81f50cbb7b19c1afd9a4c8d2f8c05b3ddbf09fe6341dce3d7c2a608,07/28/2025 09:30:00 AM,2,PARKED,,2019386,,TOYOTA,COROLLA,IL,,UNKNOWN,PASSENGER,PERSONAL,E,PARKED,,,0,,,,,,,,,,,Y,,,,,,,REAR-LEFT-CORNER,,,,,,,,,,,,,,,,,,,,,,,,,,,,,,,,,
2116113,82429b973534a6f5ca7ca53fcc46612f255400af42c44bd464a45fd4b080c9f3e142e82b75a4a459110baed6ae8449e8d9ea869b3cb9c9ca88fa5a4c3f393cd2,07/28/2025 09:17:00 AM,1,DRIVER,1,2017306,,JEEP,WRANGLER,IL,2023,NONE,OTHER,PERSONAL,UNKNOWN,STRAIGHT AHEAD,Y,,2,,mota,"1050e chgo,east chgo,ind.46312",,,,Y,Y,Y,Y,,,,,,,,UNKNOWN,,,,,,,,,,,,,,,,,,,,,,,,,,,,,,,,,
2116114,82429b973534a6f5ca7ca53fcc46612f255400af42c44bd464a45fd4b080c9f3e142e82b75a4a459110baed6ae8449e8d9ea869b3cb9c9ca88fa5a4c3f393cd2,07/28/2025 09:17:00 AM,2,DRIVER,1,2017315,,MERCEDES-BENZ,SPRINTER,IL,2020,NONE,VAN/MINI-VAN,PERSONAL,NW,AVOIDING VEHICLES/OBJECTS,Y,,2,,beltran,"900n elston,chgo.il",,Y,Y,,,,,,,,Y,,,,FRONT-RIGHT-CORNER,,,,,,,,,,,,,,,,,,,,,,,,,,,,,,,,,
2121344,9735b5cc9b676d1722810513f8e2c44fe1e93346280b695330af73d9b4ebe9fd3872611428c5e86217a0021cd7173ef8fbc57414184f020808ec8d1dc9f5353e,07/28/2025 09:05:00 AM,1,DRIVER,,2022288,,TOYOTA,CAMRY,IL,2016,UNKNOWN,PASSENGER,PERSONAL,W,PASSING/OVERTAKING,,,1,,,,,,,,,,,,,,,,,Y,SIDE-RIGHT,,,,,,,,,,,,,,,,,,,,,,,,,,,,,,,,,
2121345,9735b5cc9b676d1722810513f8e2c44fe1e93346280b695330af73d9b4ebe9fd3872611428c5e86217a0021cd7173ef8fbc57414184f020808ec8d1dc9f5353e,07/28/2025 09:05:00 AM,2,PARKED,1,2022296,,HONDA,PILOT,IL,2018,UNKNOWN,SPORT UTILITY VEHICLE (SUV),PERSONAL,W,PARKED,,,1,,,,,,,,,,,,,,Y,Y,,,FRONT-LEFT-CORNER,,,,,,,,,,,,,,,,,,,,,,,,,,,,,,,,,
2116090,db9ddf9944fa3a00606b918d455d64947aeeca49e02a2295005743e7b1b7f373e2fc6638231138d3d4373c57c344a3ce26497d5b7666a5d2b0733f5cb02929ab,07/28/2025 09:05:00 AM,1,DRIVER,,2017277,,FORD,ESCAPE,IL,2023,UNKNOWN,PASSENGER,PERSONAL,W,STRAIGHT AHEAD,Y,,1,,,,,Y,Y,,,,,,,,Y,Y,Y,,FRONT,,,,,,,,,,,,,,,,,,,,,,,,,,,,,,,,,
2116091,db9ddf9944fa3a00606b918d455d64947aeeca49e02a2295005743e7b1b7f373e2fc6638231138d3d4373c57c344a3ce26497d5b7666a5d2b0733f5cb02929ab,07/28/2025 09:05:00 AM,2,DRIVER,,2017279,,NISSAN,KICKS,IL,2025,UNKNOWN,PASSENGER,PERSONAL,W,STRAIGHT AHEAD,,,1,,,,,Y,,,,Y,Y,Y,,,,Y,Y,,REAR,,,,,,,,,,,,,,,,,,,,,,,,,,,,,,,,,
2116092,db9ddf9944fa3a00606b918d455d64947aeeca49e02a2295005743e7b1b7f373e2fc6638231138d3d4373c57c344a3ce26497d5b7666a5d2b0733f5cb02929ab,07/28/2025 09:05:00 AM,3,DRIVER,,2017283,,MINI,COOPER,IL,2022,UNKNOWN,PASSENGER,PERSONAL,W,STRAIGHT AHEAD,,,1,,,,,Y,,,,Y,Y,Y,,,,Y,Y,,REAR,,,,,,,,,,,,,,,,,,,,,,,,,,,,,,,,,
2116093,db9ddf9944fa3a00606b918d455d64947aeeca49e02a2295005743e7b1b7f373e2fc6638231138d3d4373c57c344a3ce26497d5b7666a5d2b0733f5cb02929ab,07/28/2025 09:05:00 AM,4,DRIVER,2,2017285,,HONDA,CIVIC,IL,2006,OTHER,PASSENGER,PERSONAL,W,STRAIGHT AHEAD,,,3,,,,,,,,,Y,Y,Y,,,,,,,REAR,,,,,,,,,,,,,,,,,,,,,,,,,,,,,,,,,
2116111,127d3dfbf5e606d668aa373633c20f308147b5e6e2f1a13f856f0699b3d1a664219cdd224866c42a5a5de05f87e78e160f07960f33ac2171a224e4e82c2494c5,07/28/2025 09:00:00 AM,1,DRIVER,,2017298,,UNKNOWN,OTHER (EXPLAIN IN NARRATIVE),,,UNKNOWN,UNKNOWN/NA,UNKNOWN/NA,NW,UNKNOWN/NA,,,1,,,,,,,,,,,,,,,,,Y,UNKNOWN,,,,,,,,,,,,,,,,,,,,,,,,,,,,,,,,,
2116112,127d3dfbf5e606d668aa373633c20f308147b5e6e2f1a13f856f0699b3d1a664219cdd224866c42a5a5de05f87e78e160f07960f33ac2171a224e4e82c2494c5,07/28/2025 09:00:00 AM,2,PARKED,,2017303,,JEEP,GLADIATOR,IL,2022,NONE,PICKUP,UNKNOWN/NA,N,PARKED,,,0,,,,,,,,,,Y,Y,,,,,,,REAR,,,,,,,,,,,,,,,,,,,,,,,,,,,,,,,,,
2116107,3e21b97df217244a6a1189fb9beb16d0e639caba4822d236673f6fbbe45918cf67c335fdf80121a232d3e7756acc7f3b6c481e6d35e2093bab92eb9c840fe1bb,07/28/2025 09:00:00 AM,1,DRIVER,,2017299,,NOVA BUS,OTHER (EXPLAIN IN NARRATIVE),IL,,UNKNOWN,BUS OVER 15 PASS.,CTA,N,STRAIGHT AHEAD,,,1,,,,,,,,,,,Y,Y,N,N,N,,,REAR-LEFT-CORNER,,,,,,,,,,,,,,,,,,,,,,,,,,,,,,,,,
2116108,3e21b97df217244a6a1189fb9beb16d0e639caba4822d236673f6fbbe45918cf67c335fdf80121a232d3e7756acc7f3b6c481e6d35e2093bab92eb9c840fe1bb,07/28/2025 09:00:00 AM,2,DRIVER,,2017304,,HYUNDAI,ELANTRA,IL,2018,UNKNOWN,PASSENGER,PERSONAL,N,STRAIGHT AHEAD,,,1,,,,,Y,Y,,,,,,,,,,,,SIDE-RIGHT-FRONT,,,,,,,,,,,,,,,,,,,,,,,,,,,,,,,,,
2116094,c2ed3d90b5f3b4f5a63ce29bf1054710728158c22243c205b39db8c1f2717b83bdf16dde167ec35b8eb65204100c21000cf798af9ab4b1acb867e389e01a2c24,07/28/2025 09:00:00 AM,1,DRIVER,,2017281,,JEEP,CHEROKEE,IL,,UNKNOWN,PASSENGER,PERSONAL,S,STRAIGHT AHEAD,,,1,,,,,,,,,,,,,,Y,Y,,,SIDE-LEFT,,,,,,,,,,,,,,,,,,,,,,,,,,,,,,,,,
2116095,c2ed3d90b5f3b4f5a63ce29bf1054710728158c22243c205b39db8c1f2717b83bdf16dde167ec35b8eb65204100c21000cf798af9ab4b1acb867e389e01a2c24,07/28/2025 09:00:00 AM,2,DRIVER,,2017289,,FORD,VAN,IL,2017,NONE,PASSENGER,PERSONAL,E,STRAIGHT AHEAD,,,1,,,,,,,,,,,,,,,Y,,,OTHER,,,,,,,,,,,,,,,,,,,,,,,,,,,,,,,,,
2116088,dfd21d78667c284c4f9b413f2a44cdea0b239023c20df7805f34938c607aa6ae814bf50638630849d4a1ac639695a24e4a9a83f6aa8049b810b2919d660c1fdc,07/28/2025 09:00:00 AM,1,DRIVER,,2017278,,HONDA,ACCORD,IL,2017,UNKNOWN,PASSENGER,UNKNOWN/NA,E,TURNING RIGHT,,,1,,,,,,,,,,,,,,,,,Y,UNKNOWN,,,,,,,,,,,,,,,,,,,,,,,,,,,,,,,,,
2116089,dfd21d78667c284c4f9b413f2a44cdea0b239023c20df7805f34938c607aa6ae814bf50638630849d4a1ac639695a24e4a9a83f6aa8049b810b2919d660c1fdc,07/28/2025 09:00:00 AM,2,DRIVER,,2017284,,MERCEDES-BENZ,SPRINTER,IL,2023,UNKNOWN,VAN/MINI-VAN,UNKNOWN/NA,E,TURNING RIGHT,,,1,,,,,,,Y,Y,,,,,,,,,,SIDE-RIGHT-REAR,,,,,,,,,,,,,,,,,,,,,,,,,,,,,,,,,
2116206,e0cb12c0a45ea165b8b01da78a8a1f85c7f8ac13e02bff200b2e14c4acec9a7a4bd730c670c468f6bdb0642ab1aad206097c525c78efceb559249517c070d73c,07/28/2025 09:00:00 AM,1,DRIVER,,2017401,Y,FREIGHTLINER CORPORATION,FREIGHTLINER CORP.,NC,2022,NONE,TRACTOR W/ SEMI-TRAILER,COMMERCIAL - MULTI-UNIT,E,STRAIGHT AHEAD,,,1,,,,,N,N,Y,Y,Y,,,,,,,,,OTHER,"21,903",1247640,489960,,SIDE OF TRUCK,1,BEST ASSET GROUP LLC,ME,JEFFERSON,,,,N,N,,N,,N,N,124760,,0-96,,,,75,6,TRACTOR/SEMI-TRAILER,VAN/ENCLOSED BOX,UNKNOWN,N,N,
2116103,36b2bda481cedd77269eb97536a3834278295fd1edf76afb7049be47f9ac9c441b5950f42c80000564ea5da0fb102b5c08a9a899996dfad86e3f4e66e52a0c3d,07/28/2025 08:50:00 AM,1,DRIVER,,2017293,,NISSAN,SENTRA,IL,2022,NONE,PASSENGER,PERSONAL,N,STRAIGHT AHEAD,,,1,,,,,,,,,,,,,Y,Y,Y,,,SIDE-LEFT-FRONT,,,,,,,,,,,,,,,,,,,,,,,,,,,,,,,,,
2116104,36b2bda481cedd77269eb97536a3834278295fd1edf76afb7049be47f9ac9c441b5950f42c80000564ea5da0fb102b5c08a9a899996dfad86e3f4e66e52a0c3d,07/28/2025 08:50:00 AM,2,DRIVER,,2017296,,MERCEDES-BENZ,300 SERIES,IL,2014,NONE,PASSENGER,PERSONAL,E,STRAIGHT AHEAD,,,1,,,,,Y,,,,,,,,,,,Y,,FRONT,,,,,,,,,,,,,,,,,,,,,,,,,,,,,,,,,