CRASH_UNIT_ID,CRASH_RECORD_ID,CRASH_DATE,UNIT_NO,UNIT_TYPE,NUM_PASSENGERS,VEHICLE_ID,CMRC_VEH_I,MAKE,MODEL,LIC_PLATE_STATE,VEHICLE_YEAR,VEHICLE_DEFECT,VEHICLE_TYPE,VEHICLE_USE,TRAVEL_DIRECTION,MANEUVER,TOWED_I,FIRE_I,OCCUPANT_CNT,EXCEED_SPEED_LIMIT_I,TOWED_BY,TOWED_TO,AREA_00_I,AREA_01_I,AREA_02_I,AREA_03_I,AREA_04_I,AREA_05_I,AREA_06_I,AREA_07_I,AREA_08_I,AREA_09_I,AREA_10_I,AREA_11_I,AREA_12_I,AREA_99_I,FIRST_CONTACT_POINT,CMV_ID,USDOT_NO,CCMC_NO,ILCC_NO,COMMERCIAL_SRC,GVWR,CARRIER_NAME,CARRIER_STATE,CARRIER_CITY,HAZMAT_PLACARDS_I,HAZMAT_NAME,UN_NO,HAZMAT_PRESENT_I,HAZMAT_REPORT_I,HAZMAT_REPORT_NO,MCS_REPORT_I,MCS_REPORT_NO,HAZMAT_VIO_CAUSE_CRASH_I,MCS_VIO_CAUSE_CRASH_I,IDOT_PERMIT_NO,WIDE_LOAD_I,TRAILER1_WIDTH,TRAILER2_WIDTH,TRAILER1_LENGTH,TRAILER2_LENGTH,TOTAL_VEHICLE_LENGTH,AXLE_CNT,VEHICLE_CONFIG,CARGO_BODY_TYPE,LOAD_TYPE,HAZMAT_OUT_OF_SERVICE_I,MCS_OUT_OF_SERVICE_I,HAZMAT_CLASS
2116074,1a8fd6d0f2b8dd86985d9a613b0979f9adfb75f4d47f0df796defeb294d4a0794158c328f562b2d57e1f40aa68dba92debcc8b56cfbb8b2cde0c888af1ad087f,07/28/2025 08:48:00 AM,1,DRIVER,,2017264,,CHEVROLET,CRUZE,IL,2017,NONE,PASSENGER,PERSONAL,S,STRAIGHT AHEAD,,,1,,,,,,,,,,,,,,Y,Y,,,FRONT-LEFT-CORNER,,,,,,,,,,,,,,,,,,,,,,,,,,,,,,,,,
2116075,1a8fd6d0f2b8dd86985d9a613b0979f9adfb75f4d47f0df796defeb294d4a0794158c328f562b2d57e1f40aa68dba92debcc8b56cfbb8b2cde0c888af1ad087f,07/28/2025 08:48:00 AM,2,DRIVER,,2017268,,FORD,F250,IL,2015,NONE,PICKUP,PERSONAL,S,STRAIGHT AHEAD,,,1,,,,,Y,Y,,,,,,,,,,,,FRONT-RIGHT-CORNER,,,,,,,,,,,,,,,,,,,,,,,,,,,,,,,,,
2116086,3e796ac79ad6ec172bf7dd9fae5b2931d07a37a0f47d6ff5a84b3c0cc71880425be40e2f65eefa8102d70327105f132c27f0db3f8adace634d9a9c42d07ca656,07/28/2025 08:35:00 AM,1,DRIVER,,2017276,,DODGE,CHARGER,IL,2019,UNKNOWN,PASSENGER,PERSONAL,E,STRAIGHT AHEAD,Y,,1,,,,,Y,,Y,Y,Y,Y,Y,,,,Y,Y,,SIDE-LEFT-REAR,,,,,,,,,,,,,,,,,,,,,,,,,,,,,,,,,
2116087,3e796ac79ad6ec172bf7dd9fae5b2931d07a37a0f47d6ff5a84b3c0cc71880425be40e2f65eefa8102d70327105f132c27f0db3f8adace634d9a9c42d07ca656,07/28/2025 08:35:00 AM,2,DRIVER,,2017280,,FORD,MUSTANG MACH-E,IL,2022,UNKNOWN,SPORT UTILITY VEHICLE (SUV),PERSONAL,N,STRAIGHT AHEAD,Y,,1,,,,,Y,,,,,,,,,,Y,Y,,FRONT,,,,,,,,,,,,,,,,,,,,,,,,,,,,,,,,,
2116128,0833881d8e1386e29de251b6d5eec2bad8b9cfb7b441f284319581879e095c181d8a95d2448ac9e9a46f9a6d59be8fafa2533812182b0edacd8c991e62032d16,07/28/2025 08:30:00 AM,1,DRIVER,,2017317,,TOYOTA,CAMRY,IL,,UNKNOWN,PASSENGER,PERSONAL,N,STRAIGHT AHEAD,,,1,,,,,,,,,,,,,,,,Y,Y,FRONT,,,,,,,,,,,,,,,,,,,,,,,,,,,,,,,,,
2116129,0833881d8e1386e29de251b6d5eec2bad8b9cfb7b441f284319581879e095c181d8a95d2448ac9e9a46f9a6d59be8fafa2533812182b0edacd8c991e62032d16,07/28/2025 08:30:00 AM,2,DRIVER,,2017321,,TOYOTA,CAMRY,IL,,NONE,PASSENGER,PERSONAL,E,STRAIGHT AHEAD,,,1,,,,,,Y,Y,Y,,,,,,,,,,SIDE-RIGHT,,,,,,,,,,,,,,,,,,,,,,,,,,,,,,,,,
2139045,5e002581fc0b58294b578b2c0e1b6d7a0b49057bdae874d4d1ec1d209864bbfe951397235b873782d668684ad9bf32cb69cfe3348d25c03cd734f28f3f71d725,07/28/2025 08:30:00 AM,2,DRIVER,,2039076,,NISSAN,OTHER (EXPLAIN IN NARRATIVE),IL,2013,UNKNOWN,PASSENGER,PERSONAL,N,STRAIGHT AHEAD,,,1,,,,,,,,,,,,Y,Y,Y,Y,,,SIDE-LEFT,,,,,,,,,,,,,,,,,,,,,,,,,,,,,,,,,
2139046,5e002581fc0b58294b578b2c0e1b6d7a0b49057bdae874d4d1ec1d209864bbfe951397235b873782d668684ad9bf32cb69cfe3348d25c03cd734f28f3f71d725,07/28/2025 08:30:00 AM,1,DRIVER,,2039078,,FORD,OTHER (EXPLAIN IN NARRATIVE),IL,2012,UNKNOWN,PASSENGER,PERSONAL,N,STRAIGHT AHEAD,,,1,,,,,Y,Y,Y,Y,Y,,,,,,,,,SIDE-RIGHT,,,,,,,,,,,,,,,,,,,,,,,,,,,,,,,,,
2116083,81281f092059acd81a1662f5d8a93150012fb8ac90af79b77fd4b1515c2bca0329c102f4caadfebc10fd634b7f79c47db5a32c4ca917ddef84f94109e9477565,07/28/2025 08:20:00 AM,1,DRIVER,,2017274,,CHRYSLER,200,NB,2012,UNKNOWN,PASSENGER,PERSONAL,S,STRAIGHT AHEAD,Y,,1,,PRIVATE TOW,UNKNOWN,,Y,Y,,,,,,,,N,Y,Y,,FRONT,,,,,,,,,,,,,,,,,,,,,,,,,,,,,,,,,
2116049,1bc3d6af51db31f34f63d48899cace588a017331ff3a1d0fc36be6f70053f8887da59746af6c0fd6999bf18825b1df46531f4e94588bc9ffd93b7937c5218f9f,07/28/2025 08:15:00 AM,1,DRIVER,,2017245,,FORD,F350,IL,2004,NONE,TRUCK - SINGLE UNIT,COMMERCIAL - SINGLE UNIT,N,TURNING RIGHT,,,1,,,,Y,,,,,,,,,,,,,,UNKNOWN,,,,,,,,,,,,,,,,,,,,,,,,,,,,,,,,,
2116050,1bc3d6af51db31f34f63d48899cace588a017331ff3a1d0fc36be6f70053f8887da59746af6c0fd6999bf18825b1df46531f4e94588bc9ffd93b7937c5218f9f,07/28/2025 08:15:00 AM,2,DRIVER,,2017251,,TOYOTA,CAMRY,IL,2019,NONE,PASSENGER,PERSONAL,N,TURNING RIGHT,,,1,,,,,,,,,,,,,,Y,Y,Y,,FRONT-LEFT-CORNER,,,,,,,,,,,,,,,,,,,,,,,,,,,,,,,,,
2116080,28f79ff6c2f136d22fb47703d6207bc6287787544d0ea6fd4c8ef355a60cbd9c84335d5813a0651b92caf9323e7e388806faaecf6702dc1558c88baff07a417c,07/28/2025 08:04:00 AM,1,DRIVER,,2017266,,CHEVROLET,EQUINOX,IL,2024,NONE,PASSENGER,OTHER,W,TURNING RIGHT,,,1,,,,,,,,,,,,,Y,Y,Y,,,FRONT-LEFT-CORNER,,,,,,,,,,,,,,,,,,,,,,,,,,,,,,,,,
2116389,4b7861150463ca691795e5c547400adb2d4132231a676ebf1a2b01cf360d85eb08a3e835e587358beba69e78c03769c0f4e04c4c98a03bca83bacaf06b2d5ba3,07/28/2025 08:00:00 AM,1,DRIVER,,2017556,,UNKNOWN,OTHER (EXPLAIN IN NARRATIVE),,,UNKNOWN,UNKNOWN/NA,UNKNOWN/NA,UNKNOWN,UNKNOWN/NA,,,1,,,,,,,,,,,,,,,,,Y,UNKNOWN,,,,,,,,,,,,,,,,,,,,,,,,,,,,,,,,,
2116390,4b7861150463ca691795e5c547400adb2d4132231a676ebf1a2b01cf360d85eb08a3e835e587358beba69e78c03769c0f4e04c4c98a03bca83bacaf06b2d5ba3,07/28/2025 08:00:00 AM,2,PARKED,,2017559,,TOYOTA,HIGHLANDER,IL,2020,UNKNOWN,SPORT UTILITY VEHICLE (SUV),PERSONAL,UNKNOWN,PARKED,,,0,,,,,,,,,,,,,Y,,,,,SIDE-RIGHT,,,,,,,,,,,,,,,,,,,,,,,,,,,,,,,,,
2116051,777a2e2e2eaf9d5b90840b1920a1106a73a1089317b7b561fe065e79090011ddd61abae8c827c2f86e85b6e6e5ee5e4c021c4dc8fffaf1a8b3b0a50ac5049e47,07/28/2025 08:00:00 AM,1,DRIVER,,2017258,,UNKNOWN,OTHER (EXPLAIN IN NARRATIVE),XX,,UNKNOWN,UNKNOWN/NA,UNKNOWN/NA,E,STRAIGHT AHEAD,,,1,,,,,Y,,,,,,,,,,Y,Y,,FRONT,,,,,,,,,,,,,,,,,,,,,,,,,,,,,,,,,
2116052,777a2e2e2eaf9d5b90840b1920a1106a73a1089317b7b561fe065e79090011ddd61abae8c827c2f86e85b6e6e5ee5e4c021c4dc8fffaf1a8b3b0a50ac5049e47,07/28/2025 08:00:00 AM,3,DRIVER,,2017240,,GENESIS,GV80,IL,2025,NONE,PASSENGER,PERSONAL,E,STRAIGHT AHEAD,,,1,,,,,,,,,Y,Y,Y,,,,,,,REAR,,,,,,,,,,,,,,,,,,,,,,,,,,,,,,,,,
2116053,777a2e2e2eaf9d5b90840b1920a1106a73a1089317b7b561fe065e79090011ddd61abae8c827c2f86e85b6e6e5ee5e4c021c4dc8fffaf1a8b3b0a50ac5049e47,07/28/2025 08:00:00 AM,2,DRIVER,,2017249,,NISSAN,SENTRA,IL,2014,NONE,PASSENGER,PERSONAL,E,STRAIGHT AHEAD,,,1,,,,,Y,,,,Y,Y,Y,,,,Y,Y,,OTHER,,,,,,,,,,,,,,,,,,,,,,,,,,,,,,,,,
2116054,04b992ea884c996ce06d6fd8736b46bfd165c8c1760e3e9d7daad67f9e9236f0495f809dae8d4a4655f22827bd3ed8585dfb62c5e54ea6bac198d369887019f7,07/28/2025 07:55:00 AM,1,DRIVER,,2017247,,CHEVROLET,COLORADO,IL,1993,UNKNOWN,PICKUP,PERSONAL,E,STRAIGHT AHEAD,Y,,1,,PRIVATE TOW,UNKNOWN,,,,,,,,,,,,Y,Y,,FRONT-LEFT-CORNER,,,,,,,,,,,,,,,,,,,,,,,,,,,,,,,,,
2116055,04b992ea884c996ce06d6fd8736b46bfd165c8c1760e3e9d7daad67f9e9236f0495f809dae8d4a4655f22827bd3ed8585dfb62c5e54ea6bac198d369887019f7,07/28/2025 07:55:00 AM,2,DRIVER,,2017253,Y,FREIGHTLINER CORPORATION,FREIGHTLINER CORP.,IL,2019,UNKNOWN,TRACTOR W/ SEMI-TRAILER,COMMERCIAL - SINGLE UNIT,W,STRAIGHT AHEAD,Y,,1,,PRIVATE TOW,UNKNOWN,,,,,,,,,Y,Y,Y,,,,SIDE-LEFT,"21,902",562302,,,DRIVER,3,LINZ LEASING INC,IL,CHICAGO,,,8553,N,N,,N,,N,N,,,0-96,,,,,,"SINGLE UNIT TRUCK, 3 OR MORE AXLES",VAN/ENCLOSED BOX,OTHER,N,N,
2116042,05373f85134c3c1e5fc99a4dd309199ca625c1b4c4dfb977e5e50d5bba65de2de5db9dabb177934b0fa6c9618dcf31059c5e42d83b133c1afd234d8c6a2bee8f,07/28/2025 07:47:00 AM,1,DRIVER,,2017239,,CHEVROLET,MALIBU,IL,2018,UNKNOWN,PASSENGER,PERSONAL,W,SLOW/STOP IN TRAFFIC,,,1,,,,,,,,,,,,,,,Y,Y,,FRONT-LEFT-CORNER,,,,,,,,,,,,,,,,,,,,,,,,,,,,,,,,,
2116043,05373f85134c3c1e5fc99a4dd309199ca625c1b4c4dfb977e5e50d5bba65de2de5db9dabb177934b0fa6c9618dcf31059c5e42d83b133c1afd234d8c6a2bee8f,07/28/2025 07:47:00 AM,2,DRIVER,,2017242,,TOYOTA,CAMRY,IL,2023,NONE,PASSENGER,PERSONAL,W,SLOW/STOP IN TRAFFIC,,,1,,,,,,,,,Y,Y,Y,,,,,,,REAR,,,,,,,,,,,,,,,,,,,,,,,,,,,,,,,,,
2120902,40a6d46da7e470918a6ddd97dca818dc24026e6c9d18e3bb321ed88a63e6fde26923d61b4465459c64af12fcc07f32cdd9ba07f6a4c20e49d4a416c31b16fd76,07/28/2025 07:30:00 AM,1,DRIVER,,2021850,,UNKNOWN,OTHER (EXPLAIN IN NARRATIVE),IL,,UNKNOWN,UNKNOWN/NA,UNKNOWN/NA,UNKNOWN,UNKNOWN/NA,,,1,,,,,,,,,,,,,,,,,Y,UNKNOWN,,,,,,,,,,,,,,,,,,,,,,,,,,,,,,,,,
2120903,40a6d46da7e470918a6ddd97dca818dc24026e6c9d18e3bb321ed88a63e6fde26923d61b4465459c64af12fcc07f32cdd9ba07f6a4c20e49d4a416c31b16fd76,07/28/2025 07:30:00 AM,2,PARKED,,2021851,,JEEP,WRANGLER,IL,2024,UNKNOWN,PASSENGER,PERSONAL,N,PARKED,,,0,,,,,,,,Y,Y,,N,,,,,,,REAR-RIGHT-CORNER,,,,,,,,,,,,,,,,,,,,,,,,,,,,,,,,,
2116030,72faec7c2bae3c8c42ccbcafffeb21775ae8a18d9190f16bcbad7fd204b70f337e3856a06971376bb3a69d8d5c10f05fc5d219e19377bc977dca99ff6a121bb1,07/28/2025 07:20:00 AM,1,DRIVER,,2017224,,SUBARU,FORESTER,IL,2018,NONE,PASSENGER,PERSONAL,N,STRAIGHT AHEAD,,,1,,,,,,Y,Y,Y,,,,,,,,,,SIDE-RIGHT,,,,,,,,,,,,,,,,,,,,,,,,,,,,,,,,,
2116031,72faec7c2bae3c8c42ccbcafffeb21775ae8a18d9190f16bcbad7fd204b70f337e3856a06971376bb3a69d8d5c10f05fc5d219e19377bc977dca99ff6a121bb1,07/28/2025 07:20:00 AM,2,DRIVER,,2017227,,FORD,F350,IL,2010,NONE,PICKUP,PERSONAL,N,STRAIGHT AHEAD,,,1,,,,,,,,,,,Y,Y,,,,,,REAR-LEFT-CORNER,,,,,,,,,,,,,,,,,,,,,,,,,,,,,,,,,
2134906,f69d51412eaf1ec35c8ba36645e86b8c9d8c05e498f7b2420da8800258339cb28fbb2e6773496055c38851e0e748889d8a429b93b3f0ba586191154e2d484107,07/28/2025 07:20:00 AM,1,DRIVER,,2035132,,UNKNOWN,OTHER (EXPLAIN IN NARRATIVE),,,UNKNOWN,PASSENGER,PERSONAL,UNKNOWN,UNKNOWN/NA,,,1,,,,,,,,,,,,,,,,,Y,UNKNOWN,,,,,,,,,,,,,,,,,,,,,,,,,,,,,,,,,
2134907,f69d51412eaf1ec35c8ba36645e86b8c9d8c05e498f7b2420da8800258339cb28fbb2e6773496055c38851e0e748889d8a429b93b3f0ba586191154e2d484107,07/28/2025 07:20:00 AM,2,PARKED,,2035133,,TESLA,MODEL X,IL,2022,NONE,PASSENGER,PERSONAL,UNKNOWN,PARKED,,,0,,,,,,,,,,,Y,Y,,,,,,SIDE-LEFT,,,,,,,,,,,,,,,,,,,,,,,,,,,,,,,,,
2117108,e34935370a17e700509ea720df66ddf77da00f3e2ab92e2f7100322fc07323f819b366ba099b8ecf84cbfe37a428e098b19cb2cc34091a7a26968fab9f4f2c4e,07/28/2025 07:15:00 AM,1,DRIVER,,2018245,,UNKNOWN,OTHER (EXPLAIN IN NARRATIVE),IL,,UNKNOWN,PASSENGER,UNKNOWN/NA,W,STRAIGHT AHEAD,,,1,,,,,,,,,,,,,,,,,,FRONT,,,,,,,,,,,,,,,,,,,,,,,,,,,,,,,,,
2117109,e34935370a17e700509ea720df66ddf77da00f3e2ab92e2f7100322fc07323f819b366ba099b8ecf84cbfe37a428e098b19cb2cc34091a7a26968fab9f4f2c4e,07/28/2025 07:15:00 AM,2,DRIVER,,2018249,,MAZDA,CX-7,IL,2010,NONE,PASSENGER,PERSONAL,N,TURNING LEFT,Y,,1,,rapid response towing inc,719 N Pulaski,,Y,Y,,,,,,,,,,,,SIDE-RIGHT,,,,,,,,,,,,,,,,,,,,,,,,,,,,,,,,,
2116038,c13ad13771931f07f5633864b06b3e88effdf0470d3856071fa8b8bdee31b869cb6db0e78d6591da810e7f01739adf3f42df058761b2d16ca3099c8b5b390771,07/28/2025 07:02:00 AM,1,DRIVER,1,2017230,,HONDA,PILOT,IL,2016,NONE,SPORT UTILITY VEHICLE (SUV),PERSONAL,S,DRIVING WRONG WAY,Y,,2,,PRIVATE TOWED,UNK,,Y,,,,,,,,,,Y,Y,,FRONT,,,,,,,,,,,,,,,,,,,,,,,,,,,,,,,,,
2116100,b73375a8527e7b9742cb908869c424193f8990db4d0d6064737cbb0108335edd417663a9b2380ba67414d58740069c01e232d9cff9287aef1f36f7debcb869a8,07/28/2025 06:58:00 AM,1,DRIVER,,2017290,,INFINITI,Q50,IL,2016,NONE,PASSENGER,PERSONAL,W,OTHER,Y,,1,,,,,Y,Y,Y,,,,Y,,,Y,Y,,,FRONT-RIGHT-CORNER,,,,,,,,,,,,,,,,,,,,,,,,,,,,,,,,,
2116101,b73375a8527e7b9742cb908869c424193f8990db4d0d6064737cbb0108335edd417663a9b2380ba67414d58740069c01e232d9cff9287aef1f36f7debcb869a8,07/28/2025 06:58:00 AM,2,PARKED,,2017294,,HONDA,ACCORD,IL,2003,NONE,PASSENGER,PERSONAL,UNKNOWN,PARKED,,,0,,,,,,,,,,,,Y,Y,Y,,,,SIDE-LEFT-REAR,,,,,,,,,,,,,,,,,,,,,,,,,,,,,,,,,
2116032,fbca91105c0b84531de2fd10c5a17a199857113bf77425eba857187f8df8438c97250b8ccc7ab09e19112ac5b1f97c24ce09512dbdf863afeb2e02b0c3c53aaa,07/28/2025 06:52:00 AM,1,DRIVER,,2017228,,FORD,OTHER (EXPLAIN IN NARRATIVE),IL,2020,UNKNOWN,BUS UP TO 15 PASS.,SCHOOL BUS,E,STRAIGHT AHEAD,,,1,,,,,Y,Y,Y,Y,,,,,,,,,,FRONT-RIGHT-CORNER,,,,,,,,,,,,,,,,,,,,,,,,,,,,,,,,,
2116033,fbca91105c0b84531de2fd10c5a17a199857113bf77425eba857187f8df8438c97250b8ccc7ab09e19112ac5b1f97c24ce09512dbdf863afeb2e02b0c3c53aaa,07/28/2025 06:52:00 AM,2,PARKED,,2017231,,BMW,X3,IL,2016,UNKNOWN,PASSENGER,PERSONAL,E,PARKED,,,0,,,,,,,,,,,Y,Y,Y,Y,Y,,,SIDE-LEFT-REAR,,,,,,,,,,,,,,,,,,,,,,,,,,,,,,,,,
2116034,fbca91105c0b84531de2fd10c5a17a199857113bf77425eba857187f8df8438c97250b8ccc7ab09e19112ac5b1f97c24ce09512dbdf863afeb2e02b0c3c53aaa,07/28/2025 06:52:00 AM,3,PARKED,,2017233,,SUBARU,OUTBACK,IL,2017,UNKNOWN,PASSENGER,PERSONAL,E,PARKED,,,0,,,,,,,,,,,Y,Y,Y,Y,Y,,,SIDE-LEFT-REAR,,,,,,,,,,,,,,,,,,,,,,,,,,,,,,,,,
2116026,26a3acc06850637b5a86e085ea4b0fae2a9baccb0c2a43514365f9c01fd867b1fc885cb4c71ff781801ffedfe041a57ea5dfe095ac117c3224909290d841cc2b,07/28/2025 06:34:00 AM,1,DRIVER,,2017220,,BMW,OTHER (EXPLAIN IN NARRATIVE),,,NONE,PASSENGER,PERSONAL,S,STRAIGHT AHEAD,,,1,,,,,,,,,,,,,,,,,Y,UNKNOWN,,,,,,,,,,,,,,,,,,,,,,,,,,,,,,,,,
2116027,26a3acc06850637b5a86e085ea4b0fae2a9baccb0c2a43514365f9c01fd867b1fc885cb4c71ff781801ffedfe041a57ea5dfe095ac117c3224909290d841cc2b,07/28/2025 06:34:00 AM,2,DRIVER,,2017222,,GENERAL MOTORS CORPORATION (GMC),TERRAIN,IL,2018,NONE,PASSENGER,PERSONAL,E,STRAIGHT AHEAD,,,1,,,,,Y,,,,,,,,,,Y,Y,,FRONT,,,,,,,,,,,,,,,,,,,,,,,,,,,,,,,,,
2116028,231e9b99a2815be67e78f6a0022831fc49a96692c8be7a3d5112862fac968f74fb8239e661a13fbd16b296cfb1465e405c559c3e6e1f9f0cd3952e280155ed7b,07/28/2025 06:30:00 AM,1,DRIVER,,2017223,,JEEP,GRAND CHEROKEE,IL,2015,NONE,SPORT UTILITY VEHICLE (SUV),PERSONAL,E,STRAIGHT AHEAD,,,1,,,,,Y,,,,,,,,,,,,,FRONT-RIGHT-CORNER,,,,,,,,,,,,,,,,,,,,,,,,,,,,,,,,,
2116029,231e9b99a2815be67e78f6a0022831fc49a96692c8be7a3d5112862fac968f74fb8239e661a13fbd16b296cfb1465e405c559c3e6e1f9f0cd3952e280155ed7b,07/28/2025 06:30:00 AM,2,DRIVER,,2017225,,LINCOLN,NAVIGATOR,IL,2022,NONE,SPORT UTILITY VEHICLE (SUV),OTHER,NW,TURNING LEFT,,,1,,,,,,,,,,,,,,,Y,,,FRONT-LEFT-CORNER,,,,,,,,,,,,,,,,,,,,,,,,,,,,,,,,,
2116041,9e234038c18c4a7ae8f5b35c6e31105cb20e6351359cd396f6f6b171f4773676cda812a35e5811f6a0e74ba5f7334f9f9b1310a87390772e8e7d18a591977df6,07/28/2025 06:26:00 AM,1,,,,,,,,,,,,,,,,,,,,,,,,,,,,,,,,,,,,,,,,,,,,,,,,,,,,,,,,,,,,,,,,,,,
2116044,9e234038c18c4a7ae8f5b35c6e31105cb20e6351359cd396f6f6b171f4773676cda812a35e5811f6a0e74ba5f7334f9f9b1310a87390772e8e7d18a591977df6,07/28/2025 06:26:00 AM,1,DRIVER,,2017301,,"PETERBILT MOTORS COMPANY (DIVISION OF PACCAR, INC.)","PETERBILT MOTORS CO., DIVISION PACCAR, INC.",AR,2021,NONE,TRACTOR W/ SEMI-TRAILER,COMMERCIAL - MULTI-UNIT,E,STRAIGHT AHEAD,,,1,,,,,,,,,,,,,,,,,,TOP,,,,,,,,,,,,,,,,,,,,,,,,,,,,,,,,,
2116369,2c0f042309f0fdfb40f23c2eaf771d263eff7f9342bbe3459a1478ca56f40d5b4f5fe575a755c8eba920aec5633285ed0c1bc3f3e42b3ff40015fbec527b792f,07/28/2025 06:20:00 AM,1,DRIVER,,2017538,,JEEP,COMPASS,IL,2016,NONE,SPORT UTILITY VEHICLE (SUV),UNKNOWN/NA,W,ENTER FROM DRIVE/ALLEY,,,1,,,,,,,,,,,,,,,,Y,,FRONT,,,,,,,,,,,,,,,,,,,,,,,,,,,,,,,,,
2116370,2c0f042309f0fdfb40f23c2eaf771d263eff7f9342bbe3459a1478ca56f40d5b4f5fe575a755c8eba920aec5633285ed0c1bc3f3e42b3ff40015fbec527b792f,07/28/2025 06:20:00 AM,2,DRIVER,,2017543,,HYUNDAI,SONATA,IL,2011,UNKNOWN,PASSENGER,UNKNOWN/NA,N,STRAIGHT AHEAD,,,1,,,,,,Y,Y,Y,,,,,,,,,,SIDE-RIGHT,,,,,,,,,,,,,,,,,,,,,,,,,,,,,,,,,
2116178,de286311806cfc212f1f5ab7238f116196571a51537bfd66771eb406da94f0afbad9cc330675e34019b2f0bd1d75481d7eeb1bcedded5f3e3be52eb48f8c2de1,07/28/2025 05:58:00 AM,1,DRIVER,,2017368,,HONDA,CIVIC,IL,2013,NONE,PASSENGER,PERSONAL,W,OTHER,Y,,1,,CITY OF CHICAGO,IMPOUNDED #7,,,,,,,,,,,,,Y,,FRONT-RIGHT-CORNER,,,,,,,,,,,,,,,,,,,,,,,,,,,,,,,,,
2116179,de286311806cfc212f1f5ab7238f116196571a51537bfd66771eb406da94f0afbad9cc330675e34019b2f0bd1d75481d7eeb1bcedded5f3e3be52eb48f8c2de1,07/28/2025 05:58:00 AM,2,PARKED,,2017378,,GENERAL MOTORS CORPORATION (GMC),TERRAIN,IL,2013,NONE,PASSENGER,PERSONAL,W,PARKED,,,0,,,,,,,,,,,Y,Y,,Y,Y,,,SIDE-LEFT-REAR,,,,,,,,,,,,,,,,,,,,,,,,,,,,,,,,,
2116180,de286311806cfc212f1f5ab7238f116196571a51537bfd66771eb406da94f0afbad9cc330675e34019b2f0bd1d75481d7eeb1bcedded5f3e3be52eb48f8c2de1,07/28/2025 05:58:00 AM,3,PARKED,,2017383,,TOYOTA,COROLLA,IL,2009,NONE,PASSENGER,PERSONAL,W,PARKED,,,0,,,,,,,,,,,Y,Y,Y,Y,,,,REAR-LEFT-CORNER,,,,,,,,,,,,,,,,,,,,,,,,,,,,,,,,,
2116025,df6cf88f4e40b9102b0f02e40bc804ed73333fdf47ca826c7c4d35902e003b187a3f33c50f04e9e5429774dd51e40c2753dcff32b6e6ff8277d6523ac3132029,07/28/2025 05:45:00 AM,1,DRIVER,,2017226,,FORD,F150,IL,2014,UNKNOWN,PICKUP,OTHER,E,OTHER,Y,,1,,PRIVATE TOW,,,,,,,,,,,,Y,Y,Y,,FRONT-LEFT-CORNER,,,,,,,,,,,,,,,,,,,,,,,,,,,,,,,,,
2116011,2530c6790f37e0a06147021f9c6d214b250544c001698fee7fd19c34f2215262dca10ed22263c0505ab55c39731079ccd24c4218db04d805a1a23510d12d79bb,07/28/2025 05:08:00 AM,1,DRIVER,,2017209,,HONDA,ACCORD,IL,2010,UNKNOWN,PASSENGER,UNKNOWN/NA,S,BACKING,,,1,,,,,,,,,Y,Y,Y,,,,,,,REAR,,,,,,,,,,,,,,,,,,,,,,,,,,,,,,,,,
2116012,2530c6790f37e0a06147021f9c6d214b250544c001698fee7fd19c34f2215262dca10ed22263c0505ab55c39731079ccd24c4218db04d805a1a23510d12d79bb,07/28/2025 05:08:00 AM,2,DRIVER,1,2017208,,FORD,ECONOLINE E450,IL,2023,UNKNOWN,OTHER,AMBULANCE,N,STRAIGHT AHEAD,,,2,,,,,Y,,,,,,,,,,Y,Y,,FRONT,,,,,,,,,,,,,,,,,,,,,,,,,,,,,,,,,
2116056,475b5374b312fe3769efdc81804d8b94bd65a2e05fb77f4fa4a9428e61a409d2c17cf2f4bd0cf9c8135391e615ea00a083f8ac71f6bb3e3db637c720aa99a2fa,07/28/2025 05:00:00 AM,1,DRIVER,,2017246,,UNKNOWN,MOTORIZED,XX,,NONE,UNKNOWN/NA,UNKNOWN/NA,E,STRAIGHT AHEAD,Y,,1,,UNK,UNK,,Y,Y,Y,Y,,,,,,,,Y,Y,FRONT-RIGHT-CORNER,,,,,,,,,,,,,,,,,,,,,,,,,,,,,,,,,
2116057,475b5374b312fe3769efdc81804d8b94bd65a2e05fb77f4fa4a9428e61a409d2c17cf2f4bd0cf9c8135391e615ea00a083f8ac71f6bb3e3db637c720aa99a2fa,07/28/2025 05:00:00 AM,2,PARKED,,2017248,,MAZDA,MAZDA3,IL,2016,NONE,PASSENGER,PERSONAL,E,PARKED,,,0,,,,,,,,,N,Y,Y,Y,Y,Y,,,,REAR-LEFT-CORNER,,,,,,,,,,,,,,,,,,,,,,,,,,,,,,,,,
2116058,475b5374b312fe3769efdc81804d8b94bd65a2e05fb77f4fa4a9428e61a409d2c17cf2f4bd0cf9c8135391e615ea00a083f8ac71f6bb3e3db637c720aa99a2fa,07/28/2025 05:00:00 AM,3,PARKED,,2017252,,CHEVROLET,IMPALA,IL,2008,NONE,PASSENGER,PERSONAL,E,PARKED,,,0,,,,,,,,,Y,Y,Y,,,,,,,REAR,,,,,,,,,,,,,,,,,,,,,,,,,,,,,,,,,
2116059,475b5374b312fe3769efdc81804d8b94bd65a2e05fb77f4fa4a9428e61a409d2c17cf2f4bd0cf9c8135391e615ea00a083f8ac71f6bb3e3db637c720aa99a2fa,07/28/2025 05:00:00 AM,4,PARKED,,2017256,,TOYOTA,COROLLA,IL,2021,NONE,PASSENGER,PERSONAL,E,PARKED,,,0,,,,,,,,,,Y,,,,,,,,REAR,,,,,,,,,,,,,,,,,,,,,,,,,,,,,,,,,