CRASH_UNIT_ID,CRASH_RECORD_ID,CRASH_DATE,UNIT_NO,UNIT_TYPE,NUM_PASSENGERS,VEHICLE_ID,CMRC_VEH_I,MAKE,MODEL,LIC_PLATE_STATE,VEHICLE_YEAR,VEHICLE_DEFECT,VEHICLE_TYPE,VEHICLE_USE,TRAVEL_DIRECTION,MANEUVER,TOWED_I,FIRE_I,OCCUPANT_CNT,EXCEED_SPEED_LIMIT_I,TOWED_BY,TOWED_TO,AREA_00_I,AREA_01_I,AREA_02_I,AREA_03_I,AREA_04_I,AREA_05_I,AREA_06_I,AREA_07_I,AREA_08_I,AREA_09_I,AREA_10_I,AREA_11_I,AREA_12_I,AREA_99_I,FIRST_CONTACT_POINT,CMV_ID,USDOT_NO,CCMC_NO,ILCC_NO,COMMERCIAL_SRC,GVWR,CARRIER_NAME,CARRIER_STATE,CARRIER_CITY,HAZMAT_PLACARDS_I,HAZMAT_NAME,UN_NO,HAZMAT_PRESENT_I,HAZMAT_REPORT_I,HAZMAT_REPORT_NO,MCS_REPORT_I,MCS_REPORT_NO,HAZMAT_VIO_CAUSE_CRASH_I,MCS_VIO_CAUSE_CRASH_I,IDOT_PERMIT_NO,WIDE_LOAD_I,TRAILER1_WIDTH,TRAILER2_WIDTH,TRAILER1_LENGTH,TRAILER2_LENGTH,TOTAL_VEHICLE_LENGTH,AXLE_CNT,VEHICLE_CONFIG,CARGO_BODY_TYPE,LOAD_TYPE,HAZMAT_OUT_OF_SERVICE_I,MCS_OUT_OF_SERVICE_I,HAZMAT_CLASS
2116009,5196e5737901287ed6f91c475431ab5861876530b73e6cff643aee9d5afb33f23526d085c2455dfa3149aa6679a07932f1f5dd4d86554d113fab2a6e0a141473,07/28/2025 04:57:00 AM,1,DRIVER,1,2017204,,CHEVROLET,EQUINOX,IL,2015,UNKNOWN,PASSENGER,PERSONAL,E,TURNING RIGHT,,,2,,,,,,,,,,,,,,,,,Y,UNKNOWN,,,,,,,,,,,,,,,,,,,,,,,,,,,,,,,,,
2116010,5196e5737901287ed6f91c475431ab5861876530b73e6cff643aee9d5afb33f23526d085c2455dfa3149aa6679a07932f1f5dd4d86554d113fab2a6e0a141473,07/28/2025 04:57:00 AM,2,DRIVER,1,2017207,,HONDA,CR-V,IL,2010,UNKNOWN,PASSENGER,PERSONAL,E,STARTING IN TRAFFIC,,,2,,,,,Y,,,,,,,,,,Y,Y,,FRONT,,,,,,,,,,,,,,,,,,,,,,,,,,,,,,,,,
2116013,3377ae8fc52f128ed6c71e20928f356530f4fd7c6f78111c750bb0097ffcab6c09fe5e6500c04492ac9fa660e4ec96913d6053400d0c2379c9a76fc25f6a34f3,07/28/2025 04:37:00 AM,1,DRIVER,,2017205,,JEEP,LIBERTY,IL,2012,UNKNOWN,PASSENGER,PERSONAL,S,STRAIGHT AHEAD,Y,,1,,CITY OF CHICAGO,POUND6,,Y,,,,,,,,,,Y,Y,,FRONT,,,,,,,,,,,,,,,,,,,,,,,,,,,,,,,,,
2116007,032c923d5f919c5b57ed38da79afa0898de01b30c4947d3c03ade5cab796f028159341114a4364e106b15d27e60bb2265852c83aa591b93056c93ff642440c85,07/28/2025 04:24:00 AM,1,DRIVER,,2017202,,UNKNOWN,OTHER (EXPLAIN IN NARRATIVE),IL,,UNKNOWN,UNKNOWN/NA,UNKNOWN/NA,W,TURNING RIGHT,,,1,,,,,,,,,,,,,,,,,Y,FRONT-LEFT-CORNER,,,,,,,,,,,,,,,,,,,,,,,,,,,,,,,,,
2116008,032c923d5f919c5b57ed38da79afa0898de01b30c4947d3c03ade5cab796f028159341114a4364e106b15d27e60bb2265852c83aa591b93056c93ff642440c85,07/28/2025 04:24:00 AM,2,DRIVER,,2017200,N,NOVA BUS,OTHER (EXPLAIN IN NARRATIVE),IL,2023,UNKNOWN,UNKNOWN/NA,CTA,N,STRAIGHT AHEAD,,,1,,,,,,,,Y,Y,,,,,,,,,REAR-RIGHT-CORNER,,,,,,,,,,,,,,,,,,,,,,,,,,,,,,,,,
2116002,17c9a06e7e5cc6896e380ae6ecf24f895dbb5f0a14066cb149854ccb422cd1c72558ef4cb236749f7489822b91e839e5034b045c91750fc7eca8771c9f7e9d2e,07/28/2025 04:22:00 AM,1,DRIVER,,2017206,,JEEP,GRAND CHEROKEE,IL,2016,UNKNOWN,PASSENGER,UNKNOWN/NA,N,STRAIGHT AHEAD,Y,,1,,CITY OF CHICAGO,103/DOTY,,Y,,,,,,,,,,Y,Y,,FRONT,,,,,,,,,,,,,,,,,,,,,,,,,,,,,,,,,
2120289,6b4eff9b4163b4b93c4cea5bed2d1c4fc4350580c8fb94dd6793d6e98d42a4fdee4bcb5a1ff37f505977d656d02366f5a4af3d7aa7fdd7e2027d4fee4e50a099,07/28/2025 03:58:00 AM,1,DRIVER,,2021264,,FORD,F150,,,NONE,PICKUP,PERSONAL,W,STRAIGHT AHEAD,,,1,,,,,,,,,,,,,,,Y,,,FRONT-LEFT-CORNER,,,,,,,,,,,,,,,,,,,,,,,,,,,,,,,,,
2120290,6b4eff9b4163b4b93c4cea5bed2d1c4fc4350580c8fb94dd6793d6e98d42a4fdee4bcb5a1ff37f505977d656d02366f5a4af3d7aa7fdd7e2027d4fee4e50a099,07/28/2025 03:58:00 AM,2,PARKED,,2021266,,VOLKSWAGEN,GOLF,,2015,NONE,PASSENGER,PERSONAL,W,PARKED,,,0,,,,,,,,,Y,,,,,,,,,REAR-RIGHT-CORNER,,,,,,,,,,,,,,,,,,,,,,,,,,,,,,,,,
2116345,1b8a0f0cbeb937c35dea02565cb2d755caf90bd3e3ac691b473d292d3936b5a58ca68c01e857fe172a08b084f9eed65861e6c2f71cb05130fce5454b8431fb0f,07/28/2025 03:00:00 AM,1,DRIVER,,2017522,,UNKNOWN,OTHER (EXPLAIN IN NARRATIVE),,,UNKNOWN,UNKNOWN/NA,UNKNOWN/NA,UNKNOWN,UNKNOWN/NA,,,1,,,,,,,,,,,,,,,,,Y,UNKNOWN,,,,,,,,,,,,,,,,,,,,,,,,,,,,,,,,,
2116346,1b8a0f0cbeb937c35dea02565cb2d755caf90bd3e3ac691b473d292d3936b5a58ca68c01e857fe172a08b084f9eed65861e6c2f71cb05130fce5454b8431fb0f,07/28/2025 03:00:00 AM,2,PARKED,,2017524,,DODGE,JOURNEY,IL,2018,NONE,PASSENGER,PERSONAL,UNKNOWN,PARKED,Y,,0,,,,,,,,,,,,,,Y,Y,Y,,SIDE-LEFT-FRONT,,,,,,,,,,,,,,,,,,,,,,,,,,,,,,,,,
2116347,1b8a0f0cbeb937c35dea02565cb2d755caf90bd3e3ac691b473d292d3936b5a58ca68c01e857fe172a08b084f9eed65861e6c2f71cb05130fce5454b8431fb0f,07/28/2025 03:00:00 AM,3,PARKED,,2017526,,NISSAN,SENTRA,IL,2019,NONE,PASSENGER,PERSONAL,UNKNOWN,PARKED,,,0,,,,,,,,,,Y,Y,Y,Y,Y,Y,,,SIDE-LEFT-REAR,,,,,,,,,,,,,,,,,,,,,,,,,,,,,,,,,
2116003,aecdf8780c3d68f46487c46c01934ed12046296375e3a010019fccb0418c37d6f8e87be96389b19e44716fd1466c81141e24286ef09f97b5d512a3dc484f489a,07/28/2025 03:00:00 AM,1,DRIVER,,2017197,,NISSAN,ALTIMA,IL,2021,NONE,PASSENGER,PERSONAL,N,STRAIGHT AHEAD,Y,,1,,state farm,,,,,,,,,,,Y,Y,Y,,,FRONT-LEFT-CORNER,,,,,,,,,,,,,,,,,,,,,,,,,,,,,,,,,
2116004,aecdf8780c3d68f46487c46c01934ed12046296375e3a010019fccb0418c37d6f8e87be96389b19e44716fd1466c81141e24286ef09f97b5d512a3dc484f489a,07/28/2025 03:00:00 AM,2,PARKED,,2017198,,NISSAN,ROGUE,IL,2021,NONE,PASSENGER,PERSONAL,N,PARKED,,,0,,,,,,,Y,Y,Y,Y,,,,,,,,REAR-RIGHT-CORNER,,,,,,,,,,,,,,,,,,,,,,,,,,,,,,,,,
2115993,3df4ec31facc32021e874e49d241d92c2fba24980f5ac86fe58415442e94fc1b231f6fe45a7b0555cd957775ebfd713d4cf4641951d9f8357c1bbcfbfad52a10,07/28/2025 02:50:00 AM,1,DRIVER,,2017184,,UNKNOWN,OTHER (EXPLAIN IN NARRATIVE),IL,,UNKNOWN,UNKNOWN/NA,UNKNOWN/NA,S,UNKNOWN/NA,,,1,,,,,,,,,,,,,,,,,Y,UNKNOWN,,,,,,,,,,,,,,,,,,,,,,,,,,,,,,,,,
2115994,3df4ec31facc32021e874e49d241d92c2fba24980f5ac86fe58415442e94fc1b231f6fe45a7b0555cd957775ebfd713d4cf4641951d9f8357c1bbcfbfad52a10,07/28/2025 02:50:00 AM,2,DRIVER,,2017190,,HYUNDAI,ELANTRA,IL,2020,NONE,PASSENGER,PERSONAL,W,STRAIGHT AHEAD,Y,,1,,UNITED SECURITY INSURANCE,UNKNOWN,,Y,Y,Y,,,,,,,,,,,SIDE-RIGHT,,,,,,,,,,,,,,,,,,,,,,,,,,,,,,,,,
2115991,3305b0497761c4b5f251d524d4c08f08a168e396455c0c571f4da569d00f824e064530b2fabfe05b103ed004944abe5b23bdc9585a996928b97d4ec7a8d0f98b,07/28/2025 02:30:00 AM,1,DRIVER,,2017179,,UNKNOWN,OTHER (EXPLAIN IN NARRATIVE),,,UNKNOWN,VAN/MINI-VAN,PERSONAL,W,STRAIGHT AHEAD,,,1,,,,,Y,,,,,,,,,,Y,Y,,FRONT,,,,,,,,,,,,,,,,,,,,,,,,,,,,,,,,,
2115992,3305b0497761c4b5f251d524d4c08f08a168e396455c0c571f4da569d00f824e064530b2fabfe05b103ed004944abe5b23bdc9585a996928b97d4ec7a8d0f98b,07/28/2025 02:30:00 AM,2,DRIVER,,2017181,,CHEVROLET,CAMARO,IL,2023,NONE,PASSENGER,PERSONAL,N,TURNING LEFT,,,1,,,,,Y,,,,Y,Y,Y,Y,Y,Y,Y,Y,,REAR,,,,,,,,,,,,,,,,,,,,,,,,,,,,,,,,,
2115999,c8173f30fb0a9601d3b5aafc14c1f4f332b11ba64a6e62406b80b16c3dc8feb6d11fdbd7b32b324db71ae780d0a0847a7c0d14da18e3744d1c6be3695fe86e08,07/28/2025 02:30:00 AM,1,DRIVER,,2017193,,UNKNOWN,OTHER (EXPLAIN IN NARRATIVE),IL,,OTHER,OTHER,CTA,E,STRAIGHT AHEAD,Y,,1,,STREETS AND SANITATION,,Y,Y,,,,Y,Y,Y,,,,Y,Y,,REAR,,,,,,,,,,,,,,,,,,,,,,,,,,,,,,,,,
2115982,eb1ca1093d2bf178552421cea2265500b1390d6d03c32df80dc976dbae57cfc80166d3bcf44fe324530fdc764a95249467deeb3bbbf8717ca1386dfdec0ed9b3,07/28/2025 02:20:00 AM,1,DRIVER,,2017180,,BUICK,ENCORE,IL,2014,NONE,PASSENGER,PERSONAL,S,STRAIGHT AHEAD,N,,1,,,,,,,,,,,,,Y,Y,Y,Y,,FRONT-LEFT-CORNER,,,,,,,,,,,,,,,,,,,,,,,,,,,,,,,,,
2115983,eb1ca1093d2bf178552421cea2265500b1390d6d03c32df80dc976dbae57cfc80166d3bcf44fe324530fdc764a95249467deeb3bbbf8717ca1386dfdec0ed9b3,07/28/2025 02:20:00 AM,2,PARKED,,2017185,,FORD,EXPLORER,IL,2017,NONE,PASSENGER,PERSONAL,UNKNOWN,PARKED,,,0,,,,,,Y,Y,Y,Y,,,,,,,,,REAR-RIGHT-CORNER,,,,,,,,,,,,,,,,,,,,,,,,,,,,,,,,,
2115984,eb1ca1093d2bf178552421cea2265500b1390d6d03c32df80dc976dbae57cfc80166d3bcf44fe324530fdc764a95249467deeb3bbbf8717ca1386dfdec0ed9b3,07/28/2025 02:20:00 AM,3,PARKED,,2017186,,ACURA,ADX,IL,2023,UNKNOWN,PASSENGER,PERSONAL,UNKNOWN,PARKED,,,0,,,,,,Y,Y,Y,Y,Y,,,,,,,,REAR-RIGHT-CORNER,,,,,,,,,,,,,,,,,,,,,,,,,,,,,,,,,
2115997,134d87ccea2d87ecaeb69a85e771c75d975fced9d78ed3bb5cd5585658d4e1cbe7868b59205b364b97be66d6482f016fc3c40ddf287b89d4aa9e57396e4053f8,07/28/2025 02:13:00 AM,1,DRIVER,1,2017191,,CHEVROLET,TAHOE,IL,2004,UNKNOWN,SPORT UTILITY VEHICLE (SUV),PERSONAL,S,STRAIGHT AHEAD,Y,,2,,STREETS AND SANITATION,,,Y,,,,,,,,,,Y,Y,,FRONT,,,,,,,,,,,,,,,,,,,,,,,,,,,,,,,,,
2115998,134d87ccea2d87ecaeb69a85e771c75d975fced9d78ed3bb5cd5585658d4e1cbe7868b59205b364b97be66d6482f016fc3c40ddf287b89d4aa9e57396e4053f8,07/28/2025 02:13:00 AM,2,DRIVER,1,2017192,,HONDA,ACCORD,IL,2017,UNKNOWN,PASSENGER,PERSONAL,S,SLOW/STOP IN TRAFFIC,,,2,,,,,,,,,Y,Y,Y,,,,,,,REAR,,,,,,,,,,,,,,,,,,,,,,,,,,,,,,,,,
2116307,2f9fc87e17b828032be197186f3af44e45c2def87efa54f6ade408eef0523b61fd24e0fa0633d0e42eaa9715d219867477d8996a585db8e8586b60c20969cf96,07/28/2025 02:07:00 AM,1,DRIVER,,2017483,,UNKNOWN,OTHER (EXPLAIN IN NARRATIVE),IL,,UNKNOWN,UNKNOWN/NA,UNKNOWN/NA,W,UNKNOWN/NA,Y,,1,,,,,,,,,,,,,,,,,Y,UNKNOWN,,,,,,,,,,,,,,,,,,,,,,,,,,,,,,,,,
2116308,2f9fc87e17b828032be197186f3af44e45c2def87efa54f6ade408eef0523b61fd24e0fa0633d0e42eaa9715d219867477d8996a585db8e8586b60c20969cf96,07/28/2025 02:07:00 AM,2,PARKED,,2017500,,SUBARU,OUTBACK,IL,2016,UNKNOWN,PASSENGER,PERSONAL,W,PARKED,,,0,,,,,,,,,,,Y,Y,Y,Y,,,,UNKNOWN,,,,,,,,,,,,,,,,,,,,,,,,,,,,,,,,,
2115985,76a6f56178ce8d4626c499c0a0a623adb56e0320c3910921bd7d376973146d24d00dd1f96f060296db19cbd0744277d739381385b2a776531eb7091e70e71baf,07/28/2025 02:00:00 AM,1,DRIVER,,2017177,N,CHEVROLET,EXPRESS,IL,2008,NONE,VAN/MINI-VAN,COMMERCIAL - SINGLE UNIT,N,STRAIGHT AHEAD,Y,,1,,CITY OF CHICAGO,CITY OF CHICAGO,,Y,,,,,,,,,,Y,Y,,FRONT,,,,,,,,,,,,,,,,,,,,,,,,,,,,,,,,,
2115986,76a6f56178ce8d4626c499c0a0a623adb56e0320c3910921bd7d376973146d24d00dd1f96f060296db19cbd0744277d739381385b2a776531eb7091e70e71baf,07/28/2025 02:00:00 AM,2,DRIVER,,2017187,,MAZDA,CX-5,IL,2023,UNKNOWN,PASSENGER,PERSONAL,N,SLOW/STOP IN TRAFFIC,,,1,,,,,,,,,Y,Y,Y,,,,,,,REAR,,,,,,,,,,,,,,,,,,,,,,,,,,,,,,,,,
2116935,359f0114c517113a841b14adeb277e5498445a57ad850b045a217af9a904039a4322b0580fa9597cbc3692ac0de73d575931f49fafae04509f5c075bbb65d0c0,07/28/2025 01:45:00 AM,1,DRIVER,,2018081,,UNKNOWN,OTHER (EXPLAIN IN NARRATIVE),IL,,NONE,PICKUP,UNKNOWN/NA,S,STRAIGHT AHEAD,,,1,,,,,,,,,,,,,,,Y,,,FRONT,,,,,,,,,,,,,,,,,,,,,,,,,,,,,,,,,
2116936,359f0114c517113a841b14adeb277e5498445a57ad850b045a217af9a904039a4322b0580fa9597cbc3692ac0de73d575931f49fafae04509f5c075bbb65d0c0,07/28/2025 01:45:00 AM,2,PARKED,,2018099,,TRIUMPH,OTHER (EXPLAIN IN NARRATIVE),IL,2025,NONE,MOTORCYCLE (OVER 150CC),PERSONAL,S,PARKED,,,0,,,,,Y,Y,Y,Y,Y,Y,Y,Y,Y,Y,Y,Y,,REAR,,,,,,,,,,,,,,,,,,,,,,,,,,,,,,,,,
2115977,7711ca614c822fad7d319866b1b1b664a4ae382aca4c35554248003d84ba6ce68b4d255f3daa8ca1608ad4ab0d7160c0b1dc47dad6f3766158289842dc364adf,07/28/2025 01:40:00 AM,1,DRIVER,,2017168,,FORD,TRANSIT CONNECT,IL,2013,NONE,VAN/MINI-VAN,PERSONAL,S,BACKING,N,,1,,,,,,,,,,Y,,,,,,,,REAR,,,,,,,,,,,,,,,,,,,,,,,,,,,,,,,,,
2115989,14c57ae61c7249028de66c8078f842010889f2a2536920b71d7956f2a554bddc4ce6ef598984f425afde77e1dca7d2eec704ee93052d76c5679f67cd03fce5c1,07/28/2025 01:20:00 AM,1,DRIVER,,2017176,,DODGE,CARAVAN,IL,2010,NONE,VAN/MINI-VAN,PERSONAL,W,UNKNOWN/NA,Y,,1,,PRIVATE TOW,,,Y,,,,,,,,,,Y,Y,,FRONT,,,,,,,,,,,,,,,,,,,,,,,,,,,,,,,,,
2115990,14c57ae61c7249028de66c8078f842010889f2a2536920b71d7956f2a554bddc4ce6ef598984f425afde77e1dca7d2eec704ee93052d76c5679f67cd03fce5c1,07/28/2025 01:20:00 AM,2,DRIVER,,2017182,,TOYOTA,RAV4,IL,2025,NONE,SPORT UTILITY VEHICLE (SUV),PERSONAL,W,STRAIGHT AHEAD,Y,,1,,CITY TOW SSN # 25049165,,,,,,,Y,Y,Y,,,,,,,REAR-LEFT-CORNER,,,,,,,,,,,,,,,,,,,,,,,,,,,,,,,,,
2115972,df97dac87d84ad519fceed013c7d92e08d256c387e2ac49d0c6702d8e9388c5323e723d6b7c763c881f12956ccbf928bc7cd12c1217f49e4496fe2af93886b74,07/28/2025 01:16:00 AM,1,DRIVER,,2017166,,JEEP,CHEROKEE,IL,2019,UNKNOWN,PASSENGER,PERSONAL,W,STRAIGHT AHEAD,Y,,1,,PERSONAL,,,Y,Y,Y,Y,Y,,,,,,Y,Y,,SIDE-RIGHT,,,,,,,,,,,,,,,,,,,,,,,,,,,,,,,,,
2115973,df97dac87d84ad519fceed013c7d92e08d256c387e2ac49d0c6702d8e9388c5323e723d6b7c763c881f12956ccbf928bc7cd12c1217f49e4496fe2af93886b74,07/28/2025 01:16:00 AM,2,DRIVER,1,2017167,,KIA,OPTIMA / K5,IL,2022,UNKNOWN,PASSENGER,PERSONAL,S,STRAIGHT AHEAD,Y,,2,,PERSONAL,,,Y,Y,,,,,,,,Y,Y,Y,,FRONT,,,,,,,,,,,,,,,,,,,,,,,,,,,,,,,,,
2116343,59ea636bc2a0092733b6ae53d919f4b9fa508a55a3523f4c2f837a16d943b8825ff07c80a03a9eed4e32b180c71944bcd347a9f5324ce5ee408d67be91a269b0,07/28/2025 01:05:00 AM,1,DRIVER,1,2017523,,UNKNOWN,MOTORIZED,,,UNKNOWN,SPORT UTILITY VEHICLE (SUV),UNKNOWN/NA,E,STRAIGHT AHEAD,,,2,,,,,Y,,,,,,,,,,Y,Y,,FRONT,,,,,,,,,,,,,,,,,,,,,,,,,,,,,,,,,
2116344,59ea636bc2a0092733b6ae53d919f4b9fa508a55a3523f4c2f837a16d943b8825ff07c80a03a9eed4e32b180c71944bcd347a9f5324ce5ee408d67be91a269b0,07/28/2025 01:05:00 AM,2,DRIVER,,2017535,,BUICK,LACROSSE,FL,2020,NONE,PASSENGER,PERSONAL,E,SLOW/STOP IN TRAFFIC,,,1,,,,,,,,,Y,Y,Y,,,,,,,REAR,,,,,,,,,,,,,,,,,,,,,,,,,,,,,,,,,
2115974,0c89bea84e6cfee500e414bedffac7cb56f7e41d22317d2629790d0935b6d832b990217889009bc327a0f63df31ed44a85ed44229d1ab91e1e25ea0947a5d89b,07/28/2025 12:56:00 AM,1,DRIVER,,2017169,,UNKNOWN,OTHER (EXPLAIN IN NARRATIVE),IL,,NONE,TRUCK - SINGLE UNIT,FIRE,E,BACKING,,,1,,,,,Y,Y,Y,Y,Y,,,,,,,,,FRONT-RIGHT-CORNER,,,,,,,,,,,,,,,,,,,,,,,,,,,,,,,,,
2115963,72aa20aa6c90992065350ec71c01f2e89084ad4089f10e9896a21bedfa25c46ab828b4a170b30b0439641065e70257725068d866ea147f34f9f83f0de67162db,07/28/2025 12:44:00 AM,1,DRIVER,1,2017154,,CHEVROLET,CAPRICE,IL,1988,NONE,PASSENGER,PERSONAL,UNKNOWN,BACKING,,,2,,,,Y,,,,,,,,,,,,,,REAR-LEFT-CORNER,,,,,,,,,,,,,,,,,,,,,,,,,,,,,,,,,
2115964,72aa20aa6c90992065350ec71c01f2e89084ad4089f10e9896a21bedfa25c46ab828b4a170b30b0439641065e70257725068d866ea147f34f9f83f0de67162db,07/28/2025 12:44:00 AM,2,DRIVER,,2017160,,FORD,EXPLORER,IL,,NONE,PASSENGER,POLICE,UNKNOWN,STRAIGHT AHEAD,,,1,,,,,,Y,Y,,,,,,,,,,,SIDE-RIGHT,,,,,,,,,,,,,,,,,,,,,,,,,,,,,,,,,
2115965,8763831de697b2a7fe9ea0760f982207d946a9505cf751404f79d8f95348ccac6df90d07621499eafff3a7d80522ebf8af0866539efb298ea0967eba5d677840,07/28/2025 12:30:00 AM,1,DRIVER,,2017156,,INFINITI,EX37,IL,2013,UNKNOWN,SPORT UTILITY VEHICLE (SUV),UNKNOWN/NA,S,STRAIGHT AHEAD,,,1,,,,,,,,,,,,,,,,,Y,FRONT,,,,,,,,,,,,,,,,,,,,,,,,,,,,,,,,,
2115966,8763831de697b2a7fe9ea0760f982207d946a9505cf751404f79d8f95348ccac6df90d07621499eafff3a7d80522ebf8af0866539efb298ea0967eba5d677840,07/28/2025 12:30:00 AM,2,PARKED,1,2017158,,TOYOTA,COROLLA,WI,2020,NONE,PASSENGER,NOT IN USE,S,PARKED,,,1,,,,,,,,,Y,Y,Y,,,,,,,REAR,,,,,,,,,,,,,,,,,,,,,,,,,,,,,,,,,
2115987,090524b7dfd5dfd35fa4df686ebaedffefc53542c58b8463c7932c25a13839700c550074e25533ddd8c3cd6b6dd3a8ff8cc5cc827c8069b5be26fda0b01ab018,07/28/2025 12:14:00 AM,1,DRIVER,,2017174,,HONDA,RIDGELINE,IL,2008,UNKNOWN,PASSENGER,PERSONAL,N,STRAIGHT AHEAD,Y,,1,,PRIVATE TOW,,,Y,Y,,,,,,,,,Y,Y,,FRONT-RIGHT-CORNER,,,,,,,,,,,,,,,,,,,,,,,,,,,,,,,,,
2115988,090524b7dfd5dfd35fa4df686ebaedffefc53542c58b8463c7932c25a13839700c550074e25533ddd8c3cd6b6dd3a8ff8cc5cc827c8069b5be26fda0b01ab018,07/28/2025 12:14:00 AM,2,PARKED,,2017178,,CADILLAC,ESCALADE,IL,2004,UNKNOWN,PASSENGER,PERSONAL,N,PARKED,,,0,,,,,,,,,,,Y,Y,,,,,,REAR-LEFT-CORNER,,,,,,,,,,,,,,,,,,,,,,,,,,,,,,,,,
2116195,48b8f9172f0dce14809c0378cf3e81e0102cc7c831f4b87a284756f809d8653775f75ecff7e0c1fea8d41b0a99f50f1916c228c58d6b442f0689e295ae37ae0f,07/28/2025 12:10:00 AM,1,DRIVER,,2017379,,GENERAL MOTORS CORPORATION (GMC),RALLY,IL,1995,UNKNOWN,VAN/MINI-VAN,PERSONAL,W,BACKING,,,1,,,,,,,,,,,,,,,,,Y,UNKNOWN,,,,,,,,,,,,,,,,,,,,,,,,,,,,,,,,,
2116196,48b8f9172f0dce14809c0378cf3e81e0102cc7c831f4b87a284756f809d8653775f75ecff7e0c1fea8d41b0a99f50f1916c228c58d6b442f0689e295ae37ae0f,07/28/2025 12:10:00 AM,2,PARKED,,2017384,,JEEP,WRANGLER,IL,2009,UNKNOWN,SPORT UTILITY VEHICLE (SUV),PERSONAL,E,PARKED,,,0,,,,,,,,,,,,,,Y,Y,,,FRONT-LEFT-CORNER,,,,,,,,,,,,,,,,,,,,,,,,,,,,,,,,,
2116804,0280737ade4fb75bb66ccd7b67f2d0400796565d4cab4aa4d209e0f5fb7b110d3b406c5be060faf5b77cd226e0386628540bbb738ae56465f838a43b1305c9a5,07/28/2025 12:01:00 AM,1,DRIVER,,2017964,,UNKNOWN,OTHER (EXPLAIN IN NARRATIVE),,,UNKNOWN,UNKNOWN/NA,UNKNOWN/NA,UNKNOWN,UNKNOWN/NA,,,1,,,,,,,,,,,,,,,,,Y,UNKNOWN,,,,,,,,,,,,,,,,,,,,,,,,,,,,,,,,,
2116805,0280737ade4fb75bb66ccd7b67f2d0400796565d4cab4aa4d209e0f5fb7b110d3b406c5be060faf5b77cd226e0386628540bbb738ae56465f838a43b1305c9a5,07/28/2025 12:01:00 AM,2,PARKED,,2017961,,LEXUS,GS300,IL,,UNKNOWN,PASSENGER,NOT IN USE,N,PARKED,,,0,,,,,,,,,,,,,,,,Y,,FRONT,,,,,,,,,,,,,,,,,,,,,,,,,,,,,,,,,
2116562,aac25c30aeea72dbdd734b0aef4cbc4b2f42b2baddbc0b95638df3bd240f2274d67511450d0e10b840b0a49cc6cda0e527cdd4d6bb645086cfb5e2b051979358,07/28/2025 12:01:00 AM,1,DRIVER,,2017733,,CHEVROLET,OTHER (EXPLAIN IN NARRATIVE),IN,,UNKNOWN,PASSENGER,UNKNOWN/NA,N,STRAIGHT AHEAD,,,1,,,,,,,,,,,,,,,Y,,,FRONT-LEFT-CORNER,,,,,,,,,,,,,,,,,,,,,,,,,,,,,,,,,
2116563,aac25c30aeea72dbdd734b0aef4cbc4b2f42b2baddbc0b95638df3bd240f2274d67511450d0e10b840b0a49cc6cda0e527cdd4d6bb645086cfb5e2b051979358,07/28/2025 12:01:00 AM,2,PARKED,1,2017735,,BUICK,ENCLAVE,IL,2024,NONE,PASSENGER,PERSONAL,N,PARKED,,,1,,,,,,,,,Y,,,,,,,,,REAR-RIGHT-CORNER,,,,,,,,,,,,,,,,,,,,,,,,,,,,,,,,,
2116884,de09fe7b30e0908449d26bf2479bcfd505317109484a919e6dc36042d28f8c6773fb67ec543a41938456896c87dbf34da6d686a58814db895c7e79221229218e,07/28/2025 12:01:00 AM,1,DRIVER,,2018043,,UNKNOWN,MOTORIZED,,,UNKNOWN,PICKUP,PERSONAL,W,STRAIGHT AHEAD,,,1,,,,,Y,,,,,,,,,,,,N,FRONT-LEFT-CORNER,,,,,,,,,,,,,,,,,,,,,,,,,,,,,,,,,
2116885,de09fe7b30e0908449d26bf2479bcfd505317109484a919e6dc36042d28f8c6773fb67ec543a41938456896c87dbf34da6d686a58814db895c7e79221229218e,07/28/2025 12:01:00 AM,2,DRIVER,,2018060,,NISSAN,SENTRA,IL,2024,NONE,PASSENGER,PERSONAL,W,STRAIGHT AHEAD,,,1,,,,,,,,,,,,,,,Y,,,FRONT-LEFT-CORNER,,,,,,,,,,,,,,,,,,,,,,,,,,,,,,,,,
2116014,7fef9ce83245fcc49dd73990b951821ac0e6d0adadcc07df2d5db0eb9a5260d56beac42075eea7975714681e498fe462936ce3228ef50a7598e78240b6a80485,07/28/2025 12:00:00 AM,1,DRIVER,,2017210,,UNKNOWN,OTHER (EXPLAIN IN NARRATIVE),,,UNKNOWN,UNKNOWN/NA,UNKNOWN/NA,E,UNKNOWN/NA,,,1,,,,,,,,,,,,,,,,,Y,FRONT,,,,,,,,,,,,,,,,,,,,,,,,,,,,,,,,,
2116015,7fef9ce83245fcc49dd73990b951821ac0e6d0adadcc07df2d5db0eb9a5260d56beac42075eea7975714681e498fe462936ce3228ef50a7598e78240b6a80485,07/28/2025 12:00:00 AM,2,PARKED,,2017211,,HONDA,CIVIC,IL,2006,UNKNOWN,PASSENGER,UNKNOWN/NA,UNKNOWN,PARKED,,,0,,,,,Y,Y,,Y,Y,Y,Y,Y,,Y,Y,Y,,REAR,,,,,,,,,,,,,,,,,,,,,,,,,,,,,,,,,