CRASH_UNIT_ID,CRASH_RECORD_ID,CRASH_DATE,UNIT_NO,UNIT_TYPE,NUM_PASSENGERS,VEHICLE_ID,CMRC_VEH_I,MAKE,MODEL,LIC_PLATE_STATE,VEHICLE_YEAR,VEHICLE_DEFECT,VEHICLE_TYPE,VEHICLE_USE,TRAVEL_DIRECTION,MANEUVER,TOWED_I,FIRE_I,OCCUPANT_CNT,EXCEED_SPEED_LIMIT_I,TOWED_BY,TOWED_TO,AREA_00_I,AREA_01_I,AREA_02_I,AREA_03_I,AREA_04_I,AREA_05_I,AREA_06_I,AREA_07_I,AREA_08_I,AREA_09_I,AREA_10_I,AREA_11_I,AREA_12_I,AREA_99_I,FIRST_CONTACT_POINT,CMV_ID,USDOT_NO,CCMC_NO,ILCC_NO,COMMERCIAL_SRC,GVWR,CARRIER_NAME,CARRIER_STATE,CARRIER_CITY,HAZMAT_PLACARDS_I,HAZMAT_NAME,UN_NO,HAZMAT_PRESENT_I,HAZMAT_REPORT_I,HAZMAT_REPORT_NO,MCS_REPORT_I,MCS_REPORT_NO,HAZMAT_VIO_CAUSE_CRASH_I,MCS_VIO_CAUSE_CRASH_I,IDOT_PERMIT_NO,WIDE_LOAD_I,TRAILER1_WIDTH,TRAILER2_WIDTH,TRAILER1_LENGTH,TRAILER2_LENGTH,TOTAL_VEHICLE_LENGTH,AXLE_CNT,VEHICLE_CONFIG,CARGO_BODY_TYPE,LOAD_TYPE,HAZMAT_OUT_OF_SERVICE_I,MCS_OUT_OF_SERVICE_I,HAZMAT_CLASS
2116016,7fef9ce83245fcc49dd73990b951821ac0e6d0adadcc07df2d5db0eb9a5260d56beac42075eea7975714681e498fe462936ce3228ef50a7598e78240b6a80485,07/28/2025 12:00:00 AM,3,PARKED,,2017212,,HONDA,ODYSSEY,IL,2024,UNKNOWN,VAN/MINI-VAN,UNKNOWN/NA,UNKNOWN,PARKED,,,0,,,,,,,,,Y,Y,Y,,,,,,,REAR,,,,,,,,,,,,,,,,,,,,,,,,,,,,,,,,,
2117136,ec074fce22709d96a0c9f285b50c48f1de5bc9170b1360691c597094f88c4061e5e750e44cd183442bb0252d61a45a901db6fc7fb7c7734f2398945b11cd065f,07/28/2025 12:00:00 AM,1,DRIVER,,2018263,,UNKNOWN,OTHER (EXPLAIN IN NARRATIVE),IL,,UNKNOWN,UNKNOWN/NA,UNKNOWN/NA,UNKNOWN,UNKNOWN/NA,,,1,,,,,,,,,,,,,,,,,Y,UNKNOWN,,,,,,,,,,,,,,,,,,,,,,,,,,,,,,,,,
2117137,ec074fce22709d96a0c9f285b50c48f1de5bc9170b1360691c597094f88c4061e5e750e44cd183442bb0252d61a45a901db6fc7fb7c7734f2398945b11cd065f,07/28/2025 12:00:00 AM,2,PARKED,,2018271,,CHEVROLET,TRAX,IL,2024,NONE,PASSENGER,NOT IN USE,UNKNOWN,PARKED,,,0,,,,,,,,,,,,Y,Y,Y,,,Y,SIDE-LEFT,,,,,,,,,,,,,,,,,,,,,,,,,,,,,,,,,
2115949,9a4cae9d213e4f2f76c944a28bfcd13a5a92c69f595d494c3e7789293f6b723acfbe1ed5a1e5817f14706aa9d1fc4eb844e3b902295527c6bd045ad1361c764b,07/27/2025 11:52:00 PM,1,DRIVER,,2017141,,UNKNOWN,OTHER (EXPLAIN IN NARRATIVE),,,UNKNOWN,UNKNOWN/NA,UNKNOWN/NA,N,STRAIGHT AHEAD,,,1,,,,,,,,,,,,,,,,,Y,FRONT,,,,,,,,,,,,,,,,,,,,,,,,,,,,,,,,,
2115950,9a4cae9d213e4f2f76c944a28bfcd13a5a92c69f595d494c3e7789293f6b723acfbe1ed5a1e5817f14706aa9d1fc4eb844e3b902295527c6bd045ad1361c764b,07/27/2025 11:52:00 PM,2,DRIVER,,2017142,,HONDA,ACCORD,IL,1999,NONE,PASSENGER,PERSONAL,N,STRAIGHT AHEAD,,,1,,,,,,,,,,Y,Y,,,,,,,REAR,,,,,,,,,,,,,,,,,,,,,,,,,,,,,,,,,
2116022,cc6350f8bf9ee0b5dde0b2bc9a19df4ec754d81c362d8f677b8574c360ddcbafcb66f2ff3b5cd3068d87e3de7a959578f6fc3be315b60880741d3feda5b4abca,07/27/2025 11:42:00 PM,1,DRIVER,,2017221,,TOYOTA,HIGHLANDER,IN,2013,UNKNOWN,PASSENGER,UNKNOWN/NA,E,UNKNOWN/NA,Y,,1,,CITY OF CHICAGO,DOTY,,Y,Y,Y,Y,Y,,Y,Y,Y,Y,Y,,Y,UNKNOWN,,,,,,,,,,,,,,,,,,,,,,,,,,,,,,,,,
2116081,26a3710fc8441d2087ac77241c55c8587b812f90d8a1fea421efa935f277e7e08bc8bfc74ff3e4ea1f4210d8c3e99c5af51128d7c80be4f22d4cdd18cb2090b7,07/27/2025 11:36:00 PM,1,DRIVER,,2017269,,FORD,EDGE,IL,2011,NONE,PASSENGER,PERSONAL,E,STRAIGHT AHEAD,,,1,,,,,Y,,,,,,,,,,Y,Y,,FRONT,,,,,,,,,,,,,,,,,,,,,,,,,,,,,,,,,
2116082,26a3710fc8441d2087ac77241c55c8587b812f90d8a1fea421efa935f277e7e08bc8bfc74ff3e4ea1f4210d8c3e99c5af51128d7c80be4f22d4cdd18cb2090b7,07/27/2025 11:36:00 PM,2,DRIVER,,2017273,,JEEP,WRANGLER,IL,2016,NONE,PASSENGER,PERSONAL,E,STRAIGHT AHEAD,,,1,,,,,,,,,Y,Y,Y,,,,,,,REAR,,,,,,,,,,,,,,,,,,,,,,,,,,,,,,,,,
2115945,cfe5785ca31c3861b6b4a228093c6b14be02c4db56153759882ace7df7bae8c94c2a6d981934e259b7ecaef9d6e01f7dc093850938eb4c76b4bc10002bb23f72,07/27/2025 11:29:00 PM,1,DRIVER,,2017136,,KIA,OPTIMA / K5,IL,2024,NONE,PASSENGER,PERSONAL,S,STRAIGHT AHEAD,,,1,,,,,Y,,,,,,,,,,Y,Y,,FRONT,,,,,,,,,,,,,,,,,,,,,,,,,,,,,,,,,
2115946,cfe5785ca31c3861b6b4a228093c6b14be02c4db56153759882ace7df7bae8c94c2a6d981934e259b7ecaef9d6e01f7dc093850938eb4c76b4bc10002bb23f72,07/27/2025 11:29:00 PM,2,DRIVER,1,2017139,,JEEP,CHEROKEE,,2017,NONE,PASSENGER,PERSONAL,S,STRAIGHT AHEAD,,,2,,,,,,,,,Y,Y,Y,,,,,,,REAR,,,,,,,,,,,,,,,,,,,,,,,,,,,,,,,,,
2115959,85cd44cd75891e9fad8b851441c19dca56d597e531829b2367b0dee5e4ec6c2347d1fb6293328609414f1dae971c2481751facd87793cb9cacfed63df7fee62e,07/27/2025 11:25:00 PM,1,DRIVER,,2017153,,LEXUS,ES350,IL,2012,UNKNOWN,PASSENGER,PERSONAL,SE,TURNING LEFT,Y,,1,,CITY OF CHICAGO,701 N SACREMENTO,,,,,,,,,,Y,Y,Y,Y,,FRONT-LEFT-CORNER,,,,,,,,,,,,,,,,,,,,,,,,,,,,,,,,,
2115960,85cd44cd75891e9fad8b851441c19dca56d597e531829b2367b0dee5e4ec6c2347d1fb6293328609414f1dae971c2481751facd87793cb9cacfed63df7fee62e,07/27/2025 11:25:00 PM,2,DRIVER,,2017155,,FORD,FUSION,WI,2013,UNKNOWN,PASSENGER,PERSONAL,W,STRAIGHT AHEAD,,,1,,,,,Y,Y,,,,,,,,Y,Y,Y,,FRONT,,,,,,,,,,,,,,,,,,,,,,,,,,,,,,,,,
2116257,15595f9fa44e5f7a85afd5580041df909931db97d0ba9257031f857714ecc31b6102cad01914fe67a54acc9d7ec2fd91934965f3a60da5f9e17a6eb9e9414587,07/27/2025 11:20:00 PM,1,DRIVER,,2017443,,UNKNOWN,OTHER (EXPLAIN IN NARRATIVE),,,UNKNOWN,UNKNOWN/NA,UNKNOWN/NA,UNKNOWN,UNKNOWN/NA,,,1,,,,,,,,,,,,,,,,,Y,UNKNOWN,,,,,,,,,,,,,,,,,,,,,,,,,,,,,,,,,
2116258,15595f9fa44e5f7a85afd5580041df909931db97d0ba9257031f857714ecc31b6102cad01914fe67a54acc9d7ec2fd91934965f3a60da5f9e17a6eb9e9414587,07/27/2025 11:20:00 PM,2,PARKED,,2017439,,LAND ROVER,OTHER (EXPLAIN IN NARRATIVE),IL,2022,NONE,SPORT UTILITY VEHICLE (SUV),PERSONAL,N,PARKED,,,0,,,,,,,,,,,,,,,,Y,,FRONT,,,,,,,,,,,,,,,,,,,,,,,,,,,,,,,,,
2115947,705d820de6117c4b0141c4fe2b32e4d4831e53c206531c17b12ef23e01db0a9f17f1c0aea063faf93197bb74005f536e9b0a587b2153eec75265b35ce70e507a,07/27/2025 11:19:00 PM,1,DRIVER,,2017137,,HONDA,RIDGELINE,IL,2008,UNKNOWN,PICKUP,UNKNOWN/NA,E,STRAIGHT AHEAD,,,1,,,,,,,,,,,,,,,,Y,,FRONT,,,,,,,,,,,,,,,,,,,,,,,,,,,,,,,,,
2115948,705d820de6117c4b0141c4fe2b32e4d4831e53c206531c17b12ef23e01db0a9f17f1c0aea063faf93197bb74005f536e9b0a587b2153eec75265b35ce70e507a,07/27/2025 11:19:00 PM,2,DRIVER,2,2017140,,CHEVROLET,SILVERADO,IL,2016,UNKNOWN,PICKUP,UNKNOWN/NA,E,STRAIGHT AHEAD,,,3,,,,,,,,,,Y,,,,,,,,REAR,,,,,,,,,,,,,,,,,,,,,,,,,,,,,,,,,
2115975,34a093f764bc36e69a4d0487f1b82451caa25c0ae2e633e8f723573600b207ef0a1bdc37fe245c2e2c2933df3160f8f849daf8a11ffaa6f601b4e8954ed94e06,07/27/2025 11:18:00 PM,1,DRIVER,,2017170,,NISSAN,ALTIMA,MN,2013,NONE,PASSENGER,UNKNOWN/NA,N,STRAIGHT AHEAD,Y,,1,,CITY OF CHICAGO,CITY POUND #2,,Y,Y,Y,Y,,,,Y,Y,Y,Y,Y,,FRONT,,,,,,,,,,,,,,,,,,,,,,,,,,,,,,,,,
2115976,34a093f764bc36e69a4d0487f1b82451caa25c0ae2e633e8f723573600b207ef0a1bdc37fe245c2e2c2933df3160f8f849daf8a11ffaa6f601b4e8954ed94e06,07/27/2025 11:18:00 PM,2,DRIVER,1,2017173,,HYUNDAI,SANTA FE,IL,2025,NONE,PASSENGER,PERSONAL,N,STRAIGHT AHEAD,Y,,2,,PERSONAL,PERSONAL LOCATION,,,Y,Y,Y,Y,Y,Y,Y,Y,Y,,,,REAR,,,,,,,,,,,,,,,,,,,,,,,,,,,,,,,,,
2116327,6930764c2c7eb31754ea211edd1b2c8729207ab1beb93b5158898027a9c196fe0d9ccf62876cf8fd56a726083a4459b5d15ee163dd3ed681e2b10e82c3c53c24,07/27/2025 11:15:00 PM,1,DRIVER,,2017501,,UNKNOWN,OTHER (EXPLAIN IN NARRATIVE),,,UNKNOWN,UNKNOWN/NA,UNKNOWN/NA,UNKNOWN,UNKNOWN/NA,,,1,,,,,,,,,,,,,,,,,Y,UNKNOWN,,,,,,,,,,,,,,,,,,,,,,,,,,,,,,,,,
2116328,6930764c2c7eb31754ea211edd1b2c8729207ab1beb93b5158898027a9c196fe0d9ccf62876cf8fd56a726083a4459b5d15ee163dd3ed681e2b10e82c3c53c24,07/27/2025 11:15:00 PM,2,PARKED,,2017505,,JEEP,COMPASS,IL,2018,NONE,PASSENGER,PERSONAL,S,PARKED,Y,,0,,self tow,self tow,,,,,,Y,Y,,,,,,,,REAR,,,,,,,,,,,,,,,,,,,,,,,,,,,,,,,,,
2115967,2e8436ecfb722f8a659713b78b9c0204e6dfb62729c92fb6783d8d07ac8c991a004ead34b0bbdc44fbd84db54ef97e95813baa457551c7ea6d6528d51787daee,07/27/2025 11:10:00 PM,1,DRIVER,,2017162,,NISSAN,MURANO,IL,2011,NONE,PASSENGER,PERSONAL,SE,STRAIGHT AHEAD,Y,,1,,AAA,,,Y,Y,Y,Y,,,,,,,,,,SIDE-RIGHT-FRONT,,,,,,,,,,,,,,,,,,,,,,,,,,,,,,,,,
2115968,2e8436ecfb722f8a659713b78b9c0204e6dfb62729c92fb6783d8d07ac8c991a004ead34b0bbdc44fbd84db54ef97e95813baa457551c7ea6d6528d51787daee,07/27/2025 11:10:00 PM,2,DRIVER,1,2017163,,NISSAN,SENTRA,IL,2017,NONE,PASSENGER,PERSONAL,W,STRAIGHT AHEAD,Y,,2,,,,,Y,,,,,,,,,,Y,Y,,FRONT,,,,,,,,,,,,,,,,,,,,,,,,,,,,,,,,,
2115951,abd4e696997bf244ef4164325e1352e4d42f108e0ae55e65c485a25cb8acf5abc1a633360f58fffd6a8e6bdec6bd037943537eea8638b4d99adc30e2fac69b4c,07/27/2025 11:10:00 PM,1,DRIVER,,2017146,,UNKNOWN,OTHER (EXPLAIN IN NARRATIVE),XX,,UNKNOWN,PASSENGER,UNKNOWN/NA,N,TURNING RIGHT,,,1,,,,Y,,,,,,,,,,,,,,FRONT,,,,,,,,,,,,,,,,,,,,,,,,,,,,,,,,,
2115952,abd4e696997bf244ef4164325e1352e4d42f108e0ae55e65c485a25cb8acf5abc1a633360f58fffd6a8e6bdec6bd037943537eea8638b4d99adc30e2fac69b4c,07/27/2025 11:10:00 PM,2,DRIVER,,2017147,,TOYOTA,CAMRY,IL,2022,UNKNOWN,PASSENGER,PERSONAL,N,CHANGING LANES,,,1,,,,,,,,,Y,Y,Y,,,,,,,REAR,,,,,,,,,,,,,,,,,,,,,,,,,,,,,,,,,
2116136,0ec1927c1908f3355dd233aa19990e68bc827a098221afb5862e0168839dfe90966a752714c85313169213c629058acfe3085ed31efd46807bf6634b5b17ec1f,07/27/2025 11:08:00 PM,1,DRIVER,2,2017325,,TOYOTA,CAMRY,IL,2021,OTHER,PASSENGER,OTHER,SW,TURNING LEFT,,,3,,,,,N,,,,,,,,,,,,Y,FRONT-RIGHT-CORNER,,,,,,,,,,,,,,,,,,,,,,,,,,,,,,,,,
2116137,0ec1927c1908f3355dd233aa19990e68bc827a098221afb5862e0168839dfe90966a752714c85313169213c629058acfe3085ed31efd46807bf6634b5b17ec1f,07/27/2025 11:08:00 PM,2,DRIVER,1,2017328,,FORD,EDGE,IL,2007,NONE,SPORT UTILITY VEHICLE (SUV),UNKNOWN/NA,SW,TURNING LEFT,,,2,,,,,,,,,,,Y,Y,Y,Y,,,,SIDE-LEFT,,,,,,,,,,,,,,,,,,,,,,,,,,,,,,,,,
2115969,1279e9a5073c397b291df7fe57f8960d77f7e49694937fbb2a7003392c17564cf0ccfeeb1717d34e500e4dda042fe07f7c674dead54f199954ed37d9c7d722ed,07/27/2025 11:05:00 PM,1,DRIVER,,2017161,,FORD,EDGE,IL,2007,UNKNOWN,SPORT UTILITY VEHICLE (SUV),UNKNOWN/NA,N,TURNING LEFT,,,1,,,,,,,,,,,,,,N,N,,Y,SIDE-LEFT-FRONT,,,,,,,,,,,,,,,,,,,,,,,,,,,,,,,,,
2115970,1279e9a5073c397b291df7fe57f8960d77f7e49694937fbb2a7003392c17564cf0ccfeeb1717d34e500e4dda042fe07f7c674dead54f199954ed37d9c7d722ed,07/27/2025 11:05:00 PM,2,DRIVER,,2017157,,TOYOTA,CAMRY,IL,2021,UNKNOWN,UNKNOWN/NA,RIDESHARE SERVICE,N,TURNING LEFT,,,1,,,,,Y,Y,,,,,,,,,,Y,,FRONT-RIGHT-CORNER,,,,,,,,,,,,,,,,,,,,,,,,,,,,,,,,,
2115995,a976febdf74cd8d3a2e1a32a2558d09892f8670b04b4e6834466f811798eb0a33735b2d48205e66fb5eb83e937fbba200fbe18582c5855f4596c2d41ef786136,07/27/2025 11:00:00 PM,1,DRIVER,,2017188,,UNKNOWN,OTHER (EXPLAIN IN NARRATIVE),,,UNKNOWN,UNKNOWN/NA,UNKNOWN/NA,UNKNOWN,UNKNOWN/NA,,,1,,,,,,,,,,,,,,,,,Y,UNKNOWN,,,,,,,,,,,,,,,,,,,,,,,,,,,,,,,,,
2115996,a976febdf74cd8d3a2e1a32a2558d09892f8670b04b4e6834466f811798eb0a33735b2d48205e66fb5eb83e937fbba200fbe18582c5855f4596c2d41ef786136,07/27/2025 11:00:00 PM,2,PARKED,,2017189,,JEEP,GRAND CHEROKEE,IL,2020,NONE,SPORT UTILITY VEHICLE (SUV),PERSONAL,N,PARKED,,,0,,,,,Y,Y,Y,,,,,,,,,,,SIDE-RIGHT-FRONT,,,,,,,,,,,,,,,,,,,,,,,,,,,,,,,,,
2115937,6ce70ea3bdd222cc8e50050cc0f35c5216d9e9993a19d14e26fb150fbbc64ba68ce5739f6a0d0c872f245be5bd4253c7d6c6829fd96da10fad926d5d8f460520,07/27/2025 10:49:00 PM,1,NON-MOTOR VEHICLE,,,,,,,,,,,,,,,,,,,,,,,,,,,,,,,,,,,,,,,,,,,,,,,,,,,,,,,,,,,,,,,,,,
2115938,6ce70ea3bdd222cc8e50050cc0f35c5216d9e9993a19d14e26fb150fbbc64ba68ce5739f6a0d0c872f245be5bd4253c7d6c6829fd96da10fad926d5d8f460520,07/27/2025 10:49:00 PM,2,DRIVER,,2017131,,TOYOTA,PRIUS,IL,2008,UNKNOWN,PASSENGER,PERSONAL,S,STRAIGHT AHEAD,,,1,,,,,Y,Y,Y,,,,,,,,,,,SIDE-RIGHT,,,,,,,,,,,,,,,,,,,,,,,,,,,,,,,,,
2115940,96a790812ad95a1ccd2e1a8cd1b6e087fca56b3207b6c8ba44e064643d1c2dd1455769333b670d5f9c3858bc89ef323e2ad2a8dd32a788d9473e6c354ddf0a67,07/27/2025 10:45:00 PM,1,DRIVER,,2017134,,UNKNOWN,OTHER (EXPLAIN IN NARRATIVE),,,UNKNOWN,PASSENGER,PERSONAL,W,STRAIGHT AHEAD,,,1,,,,,,,,,,,,,,Y,Y,Y,,UNKNOWN,,,,,,,,,,,,,,,,,,,,,,,,,,,,,,,,,
2115941,96a790812ad95a1ccd2e1a8cd1b6e087fca56b3207b6c8ba44e064643d1c2dd1455769333b670d5f9c3858bc89ef323e2ad2a8dd32a788d9473e6c354ddf0a67,07/27/2025 10:45:00 PM,2,PARKED,,2017135,,VOLKSWAGEN,OTHER (EXPLAIN IN NARRATIVE),IL,2008,UNKNOWN,PASSENGER,PERSONAL,W,PARKED,,,0,,,,,,,,,,,Y,Y,Y,Y,Y,,,FRONT-LEFT-CORNER,,,,,,,,,,,,,,,,,,,,,,,,,,,,,,,,,
2118338,6f913102b101e1f41d39ae9d485d0eb4429de93e02b26e4bdd63c2dd6694d71acd4b5fa884e1dd3506fd7e1b9ad478420aa447682d16e1a17502ab8c0c9a2721,07/27/2025 10:40:00 PM,1,DRIVER,,2019384,,TOYOTA,PRIUS,IL,2013,OTHER,PASSENGER,UNKNOWN/NA,E,LEAVING TRAFFIC LANE TO PARK,,,1,,,,,Y,Y,,,,,,,,N,N,,,FRONT-RIGHT-CORNER,,,,,,,,,,,,,,,,,,,,,,,,,,,,,,,,,
2118339,6f913102b101e1f41d39ae9d485d0eb4429de93e02b26e4bdd63c2dd6694d71acd4b5fa884e1dd3506fd7e1b9ad478420aa447682d16e1a17502ab8c0c9a2721,07/27/2025 10:40:00 PM,2,PARKED,1,2019387,,TOYOTA,PRIUS,IL,2013,UNKNOWN,PASSENGER,NOT IN USE,E,PARKED,,,1,,,,,,,,,,,,,,Y,Y,,,FRONT-LEFT-CORNER,,,,,,,,,,,,,,,,,,,,,,,,,,,,,,,,,
2117230,ccd6c28fca52f02ceb7dc6c0c91c267fc68fd5f907091fb9220bef76439627e1731114fc8f04d45baa09e78c4ee344dd17919f6b3b84d5a64417264592ad44fc,07/27/2025 10:39:00 PM,1,DRIVER,,2018363,,UNKNOWN,OTHER (EXPLAIN IN NARRATIVE),IL,,NONE,SPORT UTILITY VEHICLE (SUV),UNKNOWN/NA,S,PASSING/OVERTAKING,,,1,,,,,,,,,,,,,,,,,Y,FRONT-LEFT-CORNER,,,,,,,,,,,,,,,,,,,,,,,,,,,,,,,,,
2117231,ccd6c28fca52f02ceb7dc6c0c91c267fc68fd5f907091fb9220bef76439627e1731114fc8f04d45baa09e78c4ee344dd17919f6b3b84d5a64417264592ad44fc,07/27/2025 10:39:00 PM,2,DRIVER,,2018369,,GENERAL MOTORS CORPORATION (GMC),ACADIA,IL,2017,NONE,SPORT UTILITY VEHICLE (SUV),PERSONAL,S,STRAIGHT AHEAD,Y,,1,,private,5400 s kedzie,,Y,Y,,,,,,,,,,,,FRONT-RIGHT-CORNER,,,,,,,,,,,,,,,,,,,,,,,,,,,,,,,,,
2117985,594f719be2569912ac3a0991c2dd25475488c3ac880a26516a9741bb05b534f3c0e5aa5dafb9ea37e5d86bdcfd48d07ce992ca15d20ff7714564659154e842be,07/27/2025 10:30:00 PM,1,DRIVER,1,2019048,,TESLA,MODEL Y,IL,2026,NONE,PASSENGER,PERSONAL,S,AVOIDING VEHICLES/OBJECTS,,,2,,,,,,,,,,,,,,Y,Y,,,OTHER,,,,,,,,,,,,,,,,,,,,,,,,,,,,,,,,,
2115961,5ea1849406551dac8532b287db33ea5fe21c1faae43f5860470bf30120a46f2d44c95aa1e7db70f67c0de5c9d20629f827d703646dec70d7bb43e078fb4b655b,07/27/2025 10:30:00 PM,1,BICYCLE,,,,,,,,,,,,,,,,,,,,,,,,,,,,,,,,,,,,,,,,,,,,,,,,,,,,,,,,,,,,,,,,,,
2115962,5ea1849406551dac8532b287db33ea5fe21c1faae43f5860470bf30120a46f2d44c95aa1e7db70f67c0de5c9d20629f827d703646dec70d7bb43e078fb4b655b,07/27/2025 10:30:00 PM,2,DRIVER,,2017164,,JEEP,WRANGLER,IL,2011,NONE,PASSENGER,PERSONAL,W,TURNING RIGHT,,,1,,,,Y,,,,,,,,,,,,,,FRONT-RIGHT-CORNER,,,,,,,,,,,,,,,,,,,,,,,,,,,,,,,,,
2116681,651ed6e5685985dffc74e30803682aac4efb2f6c344d9407342235b053e149a835264954256e53052ace9c94f66df5c99a76c5fb2a2b0b400273aa005c55884c,07/27/2025 10:30:00 PM,1,DRIVER,,2017849,,UNKNOWN,OTHER (EXPLAIN IN NARRATIVE),XX,,UNKNOWN,UNKNOWN/NA,UNKNOWN/NA,UNKNOWN,UNKNOWN/NA,,,1,,,,,,,,,,,,,,,,,Y,UNKNOWN,,,,,,,,,,,,,,,,,,,,,,,,,,,,,,,,,
2116682,651ed6e5685985dffc74e30803682aac4efb2f6c344d9407342235b053e149a835264954256e53052ace9c94f66df5c99a76c5fb2a2b0b400273aa005c55884c,07/27/2025 10:30:00 PM,2,PARKED,,2017851,,LINCOLN,MKX,IL,2008,UNKNOWN,PASSENGER,PERSONAL,UNKNOWN,PARKED,,,0,,,,,Y,Y,Y,Y,Y,,,,,,,,,SIDE-RIGHT,,,,,,,,,,,,,,,,,,,,,,,,,,,,,,,,,
2115939,a0cbdc0a38a28d7599f5b0bd104efb92551b3db749d45222bff6386479ff936003d71b9a46631200b7588b2b0252b135ad4f1147b390949aaf2df3a7d486e11f,07/27/2025 10:30:00 PM,1,DRIVERLESS,,2017133,,CHEVROLET,EQUINOX,IL,2011,UNKNOWN,PASSENGER,UNKNOWN/NA,S,UNKNOWN/NA,Y,,0,,private,,,Y,,,,,,,,,,Y,Y,,FRONT,,,,,,,,,,,,,,,,,,,,,,,,,,,,,,,,,
2115953,a657f2965acadfb1d78ce7b3dbfcd353a0fa142e8f7036c7e4dc18f4e6091e2afa410375a2a753acdc2c1dd5b9593574eb6a86ff557b5209395c8cfd80f47cee,07/27/2025 10:28:00 PM,1,DRIVER,,2017143,,HONDA,ACCORD,IL,2004,UNKNOWN,PASSENGER,UNKNOWN/NA,S,STRAIGHT AHEAD,Y,,1,,E&R TOWING,POUND #2,,Y,Y,Y,Y,Y,Y,N,Y,Y,Y,Y,Y,,FRONT-RIGHT-CORNER,,,,,,,,,,,,,,,,,,,,,,,,,,,,,,,,,
2115954,a657f2965acadfb1d78ce7b3dbfcd353a0fa142e8f7036c7e4dc18f4e6091e2afa410375a2a753acdc2c1dd5b9593574eb6a86ff557b5209395c8cfd80f47cee,07/27/2025 10:28:00 PM,2,DRIVER,,2017148,,MAZDA,CX-5,IL,2024,UNKNOWN,PASSENGER,PERSONAL,E,STRAIGHT AHEAD,Y,,1,,REDLINE TOWING,,,Y,Y,Y,,,,,,Y,Y,Y,Y,,FRONT,,,,,,,,,,,,,,,,,,,,,,,,,,,,,,,,,
2115930,6a10088d325edf4851b925105d6eb43da4d5fa682a9195f86eeeb2fc08236b34054ab233da184dc2e95a0d09f252ae654092dec40ee4194e225f487280310246,07/27/2025 10:15:00 PM,1,DRIVER,,2017127,,VOLKSWAGEN,TIGUAN,IL,2020,NONE,PASSENGER,PERSONAL,E,SLOW/STOP IN TRAFFIC,,,1,,,,,Y,,,,,,,,,Y,Y,Y,,FRONT-LEFT-CORNER,,,,,,,,,,,,,,,,,,,,,,,,,,,,,,,,,
2115931,6a10088d325edf4851b925105d6eb43da4d5fa682a9195f86eeeb2fc08236b34054ab233da184dc2e95a0d09f252ae654092dec40ee4194e225f487280310246,07/27/2025 10:15:00 PM,2,DRIVER,,2017129,,CHEVROLET,EQUINOX,IL,2016,NONE,PASSENGER,PERSONAL,E,SLOW/STOP IN TRAFFIC,,,1,,,,,Y,,,Y,Y,Y,Y,,,,Y,Y,,REAR-RIGHT-CORNER,,,,,,,,,,,,,,,,,,,,,,,,,,,,,,,,,
2115932,6a10088d325edf4851b925105d6eb43da4d5fa682a9195f86eeeb2fc08236b34054ab233da184dc2e95a0d09f252ae654092dec40ee4194e225f487280310246,07/27/2025 10:15:00 PM,3,DRIVER,2,2017130,,TOYOTA,4RUNNER,IL,2019,NONE,PASSENGER,PERSONAL,E,SLOW/STOP IN TRAFFIC,,,3,,,,,,,,,Y,Y,Y,,,,,,,REAR,,,,,,,,,,,,,,,,,,,,,,,,,,,,,,,,,
2115927,ab25738b5987dccdf74da0ccad49da3156d646cfbada06299c060ee56705aa2a7a6b2ca22dab88bd1ec57226ba1a23ac4996c341374af63413b877897cda6c5c,07/27/2025 10:15:00 PM,1,DRIVER,,2017123,,UNKNOWN,OTHER (EXPLAIN IN NARRATIVE),IL,,UNKNOWN,PASSENGER,PERSONAL,W,STRAIGHT AHEAD,,,1,,,,,,,,,,,,,,,,,,FRONT,,,,,,,,,,,,,,,,,,,,,,,,,,,,,,,,,
2115928,ab25738b5987dccdf74da0ccad49da3156d646cfbada06299c060ee56705aa2a7a6b2ca22dab88bd1ec57226ba1a23ac4996c341374af63413b877897cda6c5c,07/27/2025 10:15:00 PM,2,DRIVER,1,2017124,,HYUNDAI,SONATA,IL,2011,NONE,PASSENGER,PERSONAL,W,STRAIGHT AHEAD,,,2,,,,,,,,,Y,Y,Y,,,,,,,REAR,,,,,,,,,,,,,,,,,,,,,,,,,,,,,,,,,
2116084,fd95e8e04b424308aed122d18b0575c7b6f87048706331f91806160a0ff6dc7dab443bd77a51cb42cb4a70049c97132f6296649d8f0ca35d5e50fc6913983696,07/27/2025 10:14:00 PM,1,DRIVER,1,2017275,,BMW,3 SERIES,IL,2007,UNKNOWN,PASSENGER,PERSONAL,E,ENTER FROM DRIVE/ALLEY,,,2,,,,,,,,,Y,,,,,,,,,REAR-RIGHT-CORNER,,,,,,,,,,,,,,,,,,,,,,,,,,,,,,,,,
2116085,fd95e8e04b424308aed122d18b0575c7b6f87048706331f91806160a0ff6dc7dab443bd77a51cb42cb4a70049c97132f6296649d8f0ca35d5e50fc6913983696,07/27/2025 10:14:00 PM,2,DRIVER,,2017286,,CHEVROLET,SILVERADO,IL,2022,UNKNOWN,PICKUP,PERSONAL,W,TURNING RIGHT,,,1,,,,,Y,,,,,,,,,,,,,FRONT-RIGHT-CORNER,,,,,,,,,,,,,,,,,,,,,,,,,,,,,,,,,