CRASH_UNIT_ID,CRASH_RECORD_ID,CRASH_DATE,UNIT_NO,UNIT_TYPE,NUM_PASSENGERS,VEHICLE_ID,CMRC_VEH_I,MAKE,MODEL,LIC_PLATE_STATE,VEHICLE_YEAR,VEHICLE_DEFECT,VEHICLE_TYPE,VEHICLE_USE,TRAVEL_DIRECTION,MANEUVER,TOWED_I,FIRE_I,OCCUPANT_CNT,EXCEED_SPEED_LIMIT_I,TOWED_BY,TOWED_TO,AREA_00_I,AREA_01_I,AREA_02_I,AREA_03_I,AREA_04_I,AREA_05_I,AREA_06_I,AREA_07_I,AREA_08_I,AREA_09_I,AREA_10_I,AREA_11_I,AREA_12_I,AREA_99_I,FIRST_CONTACT_POINT,CMV_ID,USDOT_NO,CCMC_NO,ILCC_NO,COMMERCIAL_SRC,GVWR,CARRIER_NAME,CARRIER_STATE,CARRIER_CITY,HAZMAT_PLACARDS_I,HAZMAT_NAME,UN_NO,HAZMAT_PRESENT_I,HAZMAT_REPORT_I,HAZMAT_REPORT_NO,MCS_REPORT_I,MCS_REPORT_NO,HAZMAT_VIO_CAUSE_CRASH_I,MCS_VIO_CAUSE_CRASH_I,IDOT_PERMIT_NO,WIDE_LOAD_I,TRAILER1_WIDTH,TRAILER2_WIDTH,TRAILER1_LENGTH,TRAILER2_LENGTH,TOTAL_VEHICLE_LENGTH,AXLE_CNT,VEHICLE_CONFIG,CARGO_BODY_TYPE,LOAD_TYPE,HAZMAT_OUT_OF_SERVICE_I,MCS_OUT_OF_SERVICE_I,HAZMAT_CLASS
2115922,a8a420c0374156f86f6631f5fb79fe167ba056e60b00bd7048d8e853b30c794935958bb3615ab8f429e7e45134e5388516c189d515ba84d76fe4628bd8244ed7,07/27/2025 10:05:00 PM,1,DRIVER,,2017111,,JEEP,GRAND CHEROKEE,IL,,UNKNOWN,SPORT UTILITY VEHICLE (SUV),PERSONAL,N,STRAIGHT AHEAD,,,1,,,,,,,,,,,,,,,,,Y,UNKNOWN,,,,,,,,,,,,,,,,,,,,,,,,,,,,,,,,,
2115923,a8a420c0374156f86f6631f5fb79fe167ba056e60b00bd7048d8e853b30c794935958bb3615ab8f429e7e45134e5388516c189d515ba84d76fe4628bd8244ed7,07/27/2025 10:05:00 PM,2,DRIVER,,2017115,,BMW,X3,IL,2023,NONE,SPORT UTILITY VEHICLE (SUV),PERSONAL,W,UNKNOWN/NA,Y,,1,,PERSONAL TOW,,,Y,Y,,,,,,,,Y,Y,Y,,FRONT,,,,,,,,,,,,,,,,,,,,,,,,,,,,,,,,,
2116921,58338002a24ca8d50388178ee1e8b175b793976fdd354f2cd1495fdc1fb877757daca14b0028b54865bbedc7f578000f55180fcbf28fc13880273466eb007bbc,07/27/2025 10:00:00 PM,1,DRIVER,,2018073,,HONDA,FIT,IL,2007,NONE,PASSENGER,PERSONAL,W,BACKING,,,1,,,,,,,,Y,Y,,,,,,,,,SIDE-RIGHT-REAR,,,,,,,,,,,,,,,,,,,,,,,,,,,,,,,,,
2116922,58338002a24ca8d50388178ee1e8b175b793976fdd354f2cd1495fdc1fb877757daca14b0028b54865bbedc7f578000f55180fcbf28fc13880273466eb007bbc,07/27/2025 10:00:00 PM,2,PARKED,,2018079,,HONDA,CIVIC,IL,2008,NONE,PASSENGER,NOT IN USE,E,PARKED,,,0,,,,,,,,,,,,,,Y,Y,N,,FRONT-LEFT-CORNER,,,,,,,,,,,,,,,,,,,,,,,,,,,,,,,,,
2115942,e3d3ebb9000e6f4a922b141fcca928b1e7587184cb2ab6d77762181d1b7852c1afb4cb7404307d20e61bbb30dd0ca02eabae37896f28bdaecd95b258940f326b,07/27/2025 09:43:00 PM,1,DRIVER,2,2017138,,HONDA,CIVIC,IL,2006,UNKNOWN,PASSENGER,PERSONAL,S,STRAIGHT AHEAD,Y,,3,,CITY OF CHICAGO SS #: 049138,CITY LOT,,Y,,,,,,,,,,Y,Y,,FRONT,,,,,,,,,,,,,,,,,,,,,,,,,,,,,,,,,
2115943,e3d3ebb9000e6f4a922b141fcca928b1e7587184cb2ab6d77762181d1b7852c1afb4cb7404307d20e61bbb30dd0ca02eabae37896f28bdaecd95b258940f326b,07/27/2025 09:43:00 PM,2,DRIVER,3,2017144,,NISSAN,SENTRA,IL,2024,NONE,PASSENGER,PERSONAL,N,TURNING LEFT,Y,,4,,PRIVATE TOW,,,Y,Y,Y,,,,,,,,,,,SIDE-RIGHT,,,,,,,,,,,,,,,,,,,,,,,,,,,,,,,,,
2115944,e3d3ebb9000e6f4a922b141fcca928b1e7587184cb2ab6d77762181d1b7852c1afb4cb7404307d20e61bbb30dd0ca02eabae37896f28bdaecd95b258940f326b,07/27/2025 09:43:00 PM,3,DRIVER,,2017152,,CHEVROLET,MALIBU,IL,2022,NONE,PASSENGER,PERSONAL,E,SLOW/STOP IN TRAFFIC,,,1,,,,,Y,,,,,,,,,,,,,FRONT-RIGHT-CORNER,,,,,,,,,,,,,,,,,,,,,,,,,,,,,,,,,
2115916,5f97e47ad34b03ca28ca2a2a070e72bac1eb84470715795840b10955bd5d6c5cc29cc8d8f7a08a33e11fe987c0c20fca8606ff72a747fe9349a3e16149a4e7db,07/27/2025 09:35:00 PM,1,DRIVER,,2017113,,TOYOTA,PRIUS,IL,2007,NONE,PASSENGER,PERSONAL,SE,BACKING,,,1,,,,,,,,,,,,,Y,,,,,SIDE-LEFT-FRONT,,,,,,,,,,,,,,,,,,,,,,,,,,,,,,,,,
2115917,5f97e47ad34b03ca28ca2a2a070e72bac1eb84470715795840b10955bd5d6c5cc29cc8d8f7a08a33e11fe987c0c20fca8606ff72a747fe9349a3e16149a4e7db,07/27/2025 09:35:00 PM,2,DRIVER,,2017118,,TOYOTA,PRIUS,IL,2015,NONE,PASSENGER,PERSONAL,S,STRAIGHT AHEAD,,,1,,,,,,,,,,,,Y,,,,,,SIDE-LEFT-REAR,,,,,,,,,,,,,,,,,,,,,,,,,,,,,,,,,
2116269,74466b63d06d435ca299a030ded30ef729dc4300b85a2b30c524c957e0d14e006f491d388cb7d9ec700d0618f7d19a165edab00374631fca355a528e54356c97,07/27/2025 09:30:00 PM,1,DRIVER,,2017453,,FORD,FUSION,IL,2014,UNKNOWN,PASSENGER,PERSONAL,SE,STRAIGHT AHEAD,,,1,,,,,Y,,,,,,,,,,Y,Y,,FRONT,,,,,,,,,,,,,,,,,,,,,,,,,,,,,,,,,
2116270,74466b63d06d435ca299a030ded30ef729dc4300b85a2b30c524c957e0d14e006f491d388cb7d9ec700d0618f7d19a165edab00374631fca355a528e54356c97,07/27/2025 09:30:00 PM,2,DRIVER,,2017463,,TOYOTA,COROLLA,IL,2010,UNKNOWN,PASSENGER,PERSONAL,SE,SLOW/STOP IN TRAFFIC,,,1,,,,,,,,,Y,Y,Y,,,,,,,REAR,,,,,,,,,,,,,,,,,,,,,,,,,,,,,,,,,
2116651,2955284265b53cc55379774d85f0eb6abb7f222e4ed5a3b47452ff6c9809af78cabf64bb110751323268715fde8acc8b0e7aa13019db09bba857ca262ede8a6b,07/27/2025 09:20:00 PM,1,DRIVER,,2017822,,CHEVROLET,IMPALA,,,UNKNOWN,UNKNOWN/NA,UNKNOWN/NA,UNKNOWN,UNKNOWN/NA,Y,,1,,,,,Y,,,,,,,,,,Y,Y,,FRONT,,,,,,,,,,,,,,,,,,,,,,,,,,,,,,,,,
2116652,2955284265b53cc55379774d85f0eb6abb7f222e4ed5a3b47452ff6c9809af78cabf64bb110751323268715fde8acc8b0e7aa13019db09bba857ca262ede8a6b,07/27/2025 09:20:00 PM,2,DRIVER,,2017825,,BUICK,INVICTA,AZ,2008,UNKNOWN,UNKNOWN/NA,UNKNOWN/NA,UNKNOWN,UNKNOWN/NA,,,1,,,,,,,,,Y,Y,Y,,,,,,,REAR,,,,,,,,,,,,,,,,,,,,,,,,,,,,,,,,,
2115912,57b2dd4e9065ab170622e605fccd24ec69b06bb5d065fe161b14ccab78d829c20797ab5178d5c5247c269d832d009b36fbb1bf1cce6e3c132ea651fcad0d49b5,07/27/2025 09:17:00 PM,1,DRIVER,,2017107,,CHEVROLET,TRAX,IL,2024,NONE,PASSENGER,PERSONAL,N,STRAIGHT AHEAD,,,1,,,,,,,,,,,,,,,,Y,Y,FRONT,,,,,,,,,,,,,,,,,,,,,,,,,,,,,,,,,
2115913,57b2dd4e9065ab170622e605fccd24ec69b06bb5d065fe161b14ccab78d829c20797ab5178d5c5247c269d832d009b36fbb1bf1cce6e3c132ea651fcad0d49b5,07/27/2025 09:17:00 PM,2,DRIVER,,2017108,,TOYOTA,COROLLA,IL,2004,UNKNOWN,PASSENGER,PERSONAL,N,SLOW/STOP IN TRAFFIC,,,1,,,,,,,,Y,Y,Y,Y,,,,,,Y,REAR,,,,,,,,,,,,,,,,,,,,,,,,,,,,,,,,,
2115918,d1652b8394bc0f1cc3581b23ec62b47f405ee0025ab37f15ce26918e79d1f219294ae191ce2bd193e4c7fdaad3b402d692a06b0daf54e260201fe5faf84fbb9b,07/27/2025 09:15:00 PM,1,DRIVER,,2017110,Y,BLUEBIRD INTERNATIONAL,BLUEBIRD INTERNATIONAL,IN,2019,BRAKES,TRACTOR W/ SEMI-TRAILER,COMMERCIAL - MULTI-UNIT,E,BACKING,,,1,,,,,,,,,Y,Y,Y,,,,,,Y,REAR,"21,901",179097,,,PAPERS,3,UNITED NATURAL FOODS INC,IN,GREENWOOD,,,,,,,,,,,,,>102,,48,,,,TRACTOR/SEMI-TRAILER,VAN/ENCLOSED BOX,UNKNOWN,,,
2115919,d1652b8394bc0f1cc3581b23ec62b47f405ee0025ab37f15ce26918e79d1f219294ae191ce2bd193e4c7fdaad3b402d692a06b0daf54e260201fe5faf84fbb9b,07/27/2025 09:15:00 PM,2,DRIVER,,2017121,,JAGUAR,XF,IL,2016,NONE,PASSENGER,PERSONAL,W,STRAIGHT AHEAD,Y,,1,,PRIVATE,PRIVATE,,Y,,,,,,,,,,Y,Y,Y,FRONT,,,,,,,,,,,,,,,,,,,,,,,,,,,,,,,,,
2115907,e1c1ad0c61164588446345f1c45c65cd90d0c170431f1b27b9c9451c89a18c8a5ad81c771af21144f86b4315c4d7080fa44a2f76a62a0a3fe4af672a253f82fc,07/27/2025 09:10:00 PM,1,DRIVER,,2017096,,HONDA,ODYSSEY,IL,2008,NONE,VAN/MINI-VAN,PERSONAL,S,STRAIGHT AHEAD,Y,,1,,PRIVATE TOW,UNK,,Y,Y,,,,,,,,,Y,Y,,FRONT-RIGHT-CORNER,,,,,,,,,,,,,,,,,,,,,,,,,,,,,,,,,
2115908,e1c1ad0c61164588446345f1c45c65cd90d0c170431f1b27b9c9451c89a18c8a5ad81c771af21144f86b4315c4d7080fa44a2f76a62a0a3fe4af672a253f82fc,07/27/2025 09:10:00 PM,2,PARKED,,2017097,,JEEP,WRANGLER,IL,2024,NONE,PASSENGER,NOT IN USE,S,PARKED,N,,0,,,,,,,,,,Y,Y,Y,,,,,,REAR-LEFT-CORNER,,,,,,,,,,,,,,,,,,,,,,,,,,,,,,,,,
2115900,7704e734885c3f106bee7a4a81330eaf35c2dbd51804c85b87c104b4c96196b45fb74cbc57ee6f17f5d7d3e22b3ed3ae0ec435ad1689c6f4cad4c123b525122a,07/27/2025 09:05:00 PM,2,PEDESTRIAN,,,,,,,,,,,,,,,,,,,,,,,,,,,,,,,,,,,,,,,,,,,,,,,,,,,,,,,,,,,,,,,,,,
2115901,7704e734885c3f106bee7a4a81330eaf35c2dbd51804c85b87c104b4c96196b45fb74cbc57ee6f17f5d7d3e22b3ed3ae0ec435ad1689c6f4cad4c123b525122a,07/27/2025 09:05:00 PM,1,DRIVER,,2017099,,SUBARU,OTHER (EXPLAIN IN NARRATIVE),IL,2014,UNKNOWN,PASSENGER,PERSONAL,N,STRAIGHT AHEAD,,,1,,,,,,,,,Y,Y,Y,,,,,,Y,REAR,,,,,,,,,,,,,,,,,,,,,,,,,,,,,,,,,
2118650,c912a4fe9a4257fd1f48c8bf2961e18a6da790b34379eccaf215f1f59e389ab98db3e86c124901fd927df94d4dad11f0a9d66b245c1c422dc6202e56b5a28333,07/27/2025 09:05:00 PM,1,DRIVER,,2019680,,CHRYSLER,SEBRING,IL,2010,UNKNOWN,PASSENGER,PERSONAL,W,TURNING LEFT,,,1,,,,,Y,Y,,,,,,,,Y,Y,Y,,FRONT,,,,,,,,,,,,,,,,,,,,,,,,,,,,,,,,,
2118651,c912a4fe9a4257fd1f48c8bf2961e18a6da790b34379eccaf215f1f59e389ab98db3e86c124901fd927df94d4dad11f0a9d66b245c1c422dc6202e56b5a28333,07/27/2025 09:05:00 PM,2,DRIVER,3,2019681,,NISSAN,ALTIMA,TX,2020,UNKNOWN,PASSENGER,PERSONAL,E,STRAIGHT AHEAD,,,4,,,,,Y,,,,,,,,,Y,Y,Y,,FRONT,,,,,,,,,,,,,,,,,,,,,,,,,,,,,,,,,
2118880,71dda2f387cbd505911670929b9a0fca4377dc4bcf7752593556201b1a708334f5cae45bfc13394559e3fd80d92be3004e25018971c81adb77ea3d791e788d37,07/27/2025 09:00:00 PM,1,DRIVER,,2019912,,NISSAN,ALTIMA,IL,2024,UNKNOWN,UNKNOWN/NA,PERSONAL,W,STRAIGHT AHEAD,,,1,,,,,Y,Y,,,,,,,,,,Y,,FRONT-RIGHT-CORNER,,,,,,,,,,,,,,,,,,,,,,,,,,,,,,,,,
2115891,fa4920e8dd6f40dfa69e2c503a69c09e6244268da68cb4c1797c1f02e95fda4e8665ef519b51dba950857f0aa0b27f759e31231a868e9962ad1ab516c7d408f7,07/27/2025 09:00:00 PM,1,DRIVER,,2017084,,TOYOTA,COROLLA,IL,2025,UNKNOWN,PASSENGER,PERSONAL,S,TURNING LEFT,,,1,,,,,Y,Y,Y,Y,Y,,,,,,,,,SIDE-RIGHT,,,,,,,,,,,,,,,,,,,,,,,,,,,,,,,,,
2115892,fa4920e8dd6f40dfa69e2c503a69c09e6244268da68cb4c1797c1f02e95fda4e8665ef519b51dba950857f0aa0b27f759e31231a868e9962ad1ab516c7d408f7,07/27/2025 09:00:00 PM,2,DRIVER,,2017086,,CHRYSLER,300,IN,2010,UNKNOWN,PASSENGER,PERSONAL,E,STRAIGHT AHEAD,,,1,,,,,Y,,,,,,,,,,Y,Y,,FRONT,,,,,,,,,,,,,,,,,,,,,,,,,,,,,,,,,
2115914,8212cc3acde37bb503a962b45245d982faaffb7fe3a121949d3527dbefec69b646dacf2c2dc8ff228cb2c816365e3fe196646cad62efc2ecde7e409aba2cd1f3,07/27/2025 08:55:00 PM,1,DRIVER,,2017114,,FORD,FOCUS,IL,2016,NONE,PASSENGER,PERSONAL,N,STRAIGHT AHEAD,Y,,1,,PRIVATE TOW,UNKNOWN,,Y,,,,,,,,,,Y,Y,,FRONT,,,,,,,,,,,,,,,,,,,,,,,,,,,,,,,,,
2115915,8212cc3acde37bb503a962b45245d982faaffb7fe3a121949d3527dbefec69b646dacf2c2dc8ff228cb2c816365e3fe196646cad62efc2ecde7e409aba2cd1f3,07/27/2025 08:55:00 PM,2,DRIVER,1,2017126,,CHEVROLET,TAHOE,IL,2016,NONE,SPORT UTILITY VEHICLE (SUV),PERSONAL,N,STRAIGHT AHEAD,,,2,,,,,,,,,Y,Y,Y,,,,,,,REAR,,,,,,,,,,,,,,,,,,,,,,,,,,,,,,,,,
2116023,175886f25719714dc9fe156a9706cccf02b312fe1059c685f7c593c0f196e7fcc5c0af3ad405066818bc96433e7c38a51320be67867d5a4a2e953f7d9d6a77fe,07/27/2025 08:48:00 PM,1,DRIVER,,2017218,,NISSAN,SENTRA,IL,2023,UNKNOWN,PASSENGER,UNKNOWN/NA,S,CHANGING LANES,,,1,,,,,,,,,,,,,,,,,Y,UNKNOWN,,,,,,,,,,,,,,,,,,,,,,,,,,,,,,,,,
2116024,175886f25719714dc9fe156a9706cccf02b312fe1059c685f7c593c0f196e7fcc5c0af3ad405066818bc96433e7c38a51320be67867d5a4a2e953f7d9d6a77fe,07/27/2025 08:48:00 PM,2,DRIVER,,2017219,,TOYOTA,RAV4,IL,2023,UNKNOWN,PASSENGER,UNKNOWN/NA,S,STRAIGHT AHEAD,,,1,,,,,,,,,,,,Y,Y,,,,,SIDE-LEFT-REAR,,,,,,,,,,,,,,,,,,,,,,,,,,,,,,,,,
2115889,0b8341ef2ad4251e66b7215d8d2cc510233a1e979ac54999e695cdd9dc0d2db620263b1fc3c9c1a0e83b6a0978123484b08179e81e2d11a86f246f91b6c404fe,07/27/2025 08:37:00 PM,1,DRIVER,,2017085,,FORD,OTHER (EXPLAIN IN NARRATIVE),IL,2018,NONE,PASSENGER,PERSONAL,N,STRAIGHT AHEAD,Y,,1,,PRIVATE,PRIVATE,,Y,,,,,,,,,,Y,Y,,FRONT,,,,,,,,,,,,,,,,,,,,,,,,,,,,,,,,,
2115890,0b8341ef2ad4251e66b7215d8d2cc510233a1e979ac54999e695cdd9dc0d2db620263b1fc3c9c1a0e83b6a0978123484b08179e81e2d11a86f246f91b6c404fe,07/27/2025 08:37:00 PM,2,DRIVER,1,2017089,,TOYOTA,CAMRY,FL,2017,NONE,PASSENGER,PERSONAL,E,STRAIGHT AHEAD,Y,,2,,PRIVATE,PRIVATE,,Y,Y,,,,,,,,,,Y,,FRONT-RIGHT-CORNER,,,,,,,,,,,,,,,,,,,,,,,,,,,,,,,,,
2115920,f13da17b3c227b4e34b59d0a0dd8825e671331025ad06a4e8b3013c1f67ea3572401135ab2116a0e41d4f54cc87c1780304779dc44abd518327e67840fbdab68,07/27/2025 08:35:00 PM,1,DRIVER,,2017112,,CHEVROLET,MALIBU,WI,2020,UNKNOWN,PASSENGER,PERSONAL,NW,STRAIGHT AHEAD,,,1,,,,,,,,,Y,Y,Y,,,,,,,REAR,,,,,,,,,,,,,,,,,,,,,,,,,,,,,,,,,
2115921,f13da17b3c227b4e34b59d0a0dd8825e671331025ad06a4e8b3013c1f67ea3572401135ab2116a0e41d4f54cc87c1780304779dc44abd518327e67840fbdab68,07/27/2025 08:35:00 PM,2,DRIVER,,2017117,,SUBARU,CROSSTREK,,2015,UNKNOWN,PASSENGER,PERSONAL,NW,STRAIGHT AHEAD,,,1,,,,,Y,,,,,,,,,,Y,Y,,FRONT,,,,,,,,,,,,,,,,,,,,,,,,,,,,,,,,,
2115935,eb36f1af5c60d04b1f763266d1cf84b26580ff3aabb76fc5f2beddae12d650f3273a9fa125c4cc4c64cdd9c16011c02081ba961ceb9e6003c1af0040a541933a,07/27/2025 08:25:00 PM,1,DRIVER,,2017125,,MERCURY,GRAND MARQUIS,IL,2007,UNKNOWN,PASSENGER,UNKNOWN/NA,W,U-TURN,,,1,,,,,,,,,,,,,,,,,Y,UNKNOWN,,,,,,,,,,,,,,,,,,,,,,,,,,,,,,,,,
2115936,eb36f1af5c60d04b1f763266d1cf84b26580ff3aabb76fc5f2beddae12d650f3273a9fa125c4cc4c64cdd9c16011c02081ba961ceb9e6003c1af0040a541933a,07/27/2025 08:25:00 PM,2,DRIVER,1,2017128,,BMW,OTHER (EXPLAIN IN NARRATIVE),IL,2016,UNKNOWN,PASSENGER,PERSONAL,N,TURNING LEFT,,,2,,,,,N,,,,,,,,,,Y,Y,,FRONT,,,,,,,,,,,,,,,,,,,,,,,,,,,,,,,,,
2115902,66cfb76240e8326c6f0117cc8c76488d35b16011557b04f7f43b1d9f491fedc4e97c61bcec9dc4787716317253350f87bb6ea75f3174ddbe2e7020080f5b98ba,07/27/2025 08:23:00 PM,1,DRIVER,1,2017100,,FORD,EXPLORER,IL,2017,NONE,PASSENGER,POLICE,E,TURNING LEFT,Y,,2,,CITY TOW,CITY TOW,,,,,Y,Y,,,,,,,,,SIDE-RIGHT-REAR,,,,,,,,,,,,,,,,,,,,,,,,,,,,,,,,,
2115903,66cfb76240e8326c6f0117cc8c76488d35b16011557b04f7f43b1d9f491fedc4e97c61bcec9dc4787716317253350f87bb6ea75f3174ddbe2e7020080f5b98ba,07/27/2025 08:23:00 PM,2,DRIVER,4,2017109,,ACURA,ADX,IL,2019,NONE,PASSENGER,PERSONAL,W,STRAIGHT AHEAD,Y,,5,,PERSONAL TOW,PERSONAL TOW,,Y,,,,,,,,,,Y,Y,,FRONT,,,,,,,,,,,,,,,,,,,,,,,,,,,,,,,,,
2115880,65cbc376b560a88e5f8e21a9d60453a465e0a4612e4bdcd80367fd6f8d6b3532905f5d8236cb23b4771379ba03aba1baf8d693fdf2835b1a8c2807c940776e4b,07/27/2025 08:22:00 PM,1,DRIVER,1,2017079,,FORD,EXPLORER,IL,2018,NONE,SPORT UTILITY VEHICLE (SUV),POLICE,N,OTHER,,,2,,,,,,,,,,,,,,Y,N,,,FRONT-LEFT-CORNER,,,,,,,,,,,,,,,,,,,,,,,,,,,,,,,,,
2115894,59be1e6d785d917d3875ca61f3c8443ea2e6160838b35eb1bb4231e91840e94682e56f2e3fc782b80bfdcbfb27cc8d66716a3dee82180f076575f52753eb7d74,07/27/2025 08:17:00 PM,1,DRIVER,,2017091,,CHEVROLET,MALIBU,IL,2018,NONE,PASSENGER,PERSONAL,N,STRAIGHT AHEAD,,,1,,,,,Y,Y,Y,,,,,,,,,Y,,FRONT-RIGHT-CORNER,,,,,,,,,,,,,,,,,,,,,,,,,,,,,,,,,
2115895,59be1e6d785d917d3875ca61f3c8443ea2e6160838b35eb1bb4231e91840e94682e56f2e3fc782b80bfdcbfb27cc8d66716a3dee82180f076575f52753eb7d74,07/27/2025 08:17:00 PM,2,PARKED,,2017103,,FORD,F450,IL,2024,NONE,PASSENGER,COMMERCIAL - SINGLE UNIT,N,PARKED IN TRAFFIC LANE,,,0,,,,,,,,,,,,Y,Y,Y,Y,,,SIDE-LEFT-FRONT,,,,,,,,,,,,,,,,,,,,,,,,,,,,,,,,,
2115870,bc46acfb43ad5ac250b73dd287e0384d13c7842154f44392d65af678bc0d07168af9aaef1ca0c358a4a68971bd6c865ca1a188019fde44b053e23333401d3b71,07/27/2025 08:04:00 PM,1,DRIVER,,2017065,,UNKNOWN,OTHER (EXPLAIN IN NARRATIVE),,,UNKNOWN,UNKNOWN/NA,UNKNOWN/NA,UNKNOWN,UNKNOWN/NA,,,1,,,,,N,,,,,,,,,,N,N,Y,UNKNOWN,,,,,,,,,,,,,,,,,,,,,,,,,,,,,,,,,
2115871,bc46acfb43ad5ac250b73dd287e0384d13c7842154f44392d65af678bc0d07168af9aaef1ca0c358a4a68971bd6c865ca1a188019fde44b053e23333401d3b71,07/27/2025 08:04:00 PM,2,PARKED,,2017078,,FORD,OTHER (EXPLAIN IN NARRATIVE),IL,2015,UNKNOWN,OTHER,POLICE,NW,PARKED,,,0,,,,,,,,,,,,,Y,Y,N,,N,SIDE-LEFT,,,,,,,,,,,,,,,,,,,,,,,,,,,,,,,,,
2115879,cd68c1aed6f1f1d3423151dd543bd32c52aaf089e53a148e850bb7756c40187bd9272cd2f70e2429793d7b44b253044909c8a8cd31ce66911354b33dc1df3c9d,07/27/2025 07:59:00 PM,1,DRIVER,,2017071,,INFINITI,Q60,IL,2014,UNKNOWN,PASSENGER,PERSONAL,E,STRAIGHT AHEAD,Y,,1,,PRIVATE TOW,9914 S THROOP,,Y,Y,,,Y,Y,Y,,,Y,Y,Y,,UNKNOWN,,,,,,,,,,,,,,,,,,,,,,,,,,,,,,,,,
2116450,0af5463420672cfbeaa63655bb23885f9b53154cff9af3cf6eecf7c865632a881f8eb08105859bb2dc2b0113fcf97070fa952c454e3ad3308552e32c9d165d68,07/27/2025 07:30:00 PM,1,DRIVER,,2017624,,FORD,EXPLORER,IL,2014,UNKNOWN,SPORT UTILITY VEHICLE (SUV),UNKNOWN/NA,W,PASSING/OVERTAKING,,,1,,,,,,,,,,,,,,,,,Y,FRONT-RIGHT-CORNER,,,,,,,,,,,,,,,,,,,,,,,,,,,,,,,,,
2116451,0af5463420672cfbeaa63655bb23885f9b53154cff9af3cf6eecf7c865632a881f8eb08105859bb2dc2b0113fcf97070fa952c454e3ad3308552e32c9d165d68,07/27/2025 07:30:00 PM,2,DRIVER,,2017633,,CHEVROLET,OTHER (EXPLAIN IN NARRATIVE),IL,2021,UNKNOWN,PASSENGER,PERSONAL,W,SLOW/STOP IN TRAFFIC,,,1,,,,,,,,,,Y,Y,Y,,,,,,REAR-LEFT-CORNER,,,,,,,,,,,,,,,,,,,,,,,,,,,,,,,,,
2115856,3e38c249f8a06f9f9c45fb2354c823961d7ebc92c04c7c1315fa851656c9e7e0d18fe400f51a8a2d2c5f80c2a55dab61ed36f4476781d482caf5faa9ea582ab5,07/27/2025 07:30:00 PM,1,DRIVER,,2017050,,BUICK,CENTURY,IL,2002,UNKNOWN,PASSENGER,PERSONAL,UNKNOWN,BACKING,,,1,,,,,,,,,,Y,Y,Y,,,,,,REAR-LEFT-CORNER,,,,,,,,,,,,,,,,,,,,,,,,,,,,,,,,,
2115857,3e38c249f8a06f9f9c45fb2354c823961d7ebc92c04c7c1315fa851656c9e7e0d18fe400f51a8a2d2c5f80c2a55dab61ed36f4476781d482caf5faa9ea582ab5,07/27/2025 07:30:00 PM,2,DRIVER,,2017055,,MAZDA,MAZDA6,IL,2016,UNKNOWN,PASSENGER,PERSONAL,UNKNOWN,UNKNOWN/NA,,,1,,,,,Y,Y,,,,,,,,,,,,FRONT-RIGHT-CORNER,,,,,,,,,,,,,,,,,,,,,,,,,,,,,,,,,
2115872,a0782d9d8f4043de13ffe7aa71cd456fab9809091b12e6c0148fea0c60f6a2e603d1c53a4a5b8014939b4390f11170e5fa8ead26c4f6e0bf7062279b861f0ce5,07/27/2025 07:30:00 PM,1,DRIVER,3,2017069,,CHEVROLET,BLAZER,IL,2021,UNKNOWN,SPORT UTILITY VEHICLE (SUV),PERSONAL,E,STRAIGHT AHEAD,Y,,4,,private,unk,,,,,,,,,,N,,,Y,,FRONT,,,,,,,,,,,,,,,,,,,,,,,,,,,,,,,,,
2115873,a0782d9d8f4043de13ffe7aa71cd456fab9809091b12e6c0148fea0c60f6a2e603d1c53a4a5b8014939b4390f11170e5fa8ead26c4f6e0bf7062279b861f0ce5,07/27/2025 07:30:00 PM,2,DRIVER,1,2017083,,TOYOTA,SIENNA,IL,2017,UNKNOWN,VAN/MINI-VAN,PERSONAL,S,STRAIGHT AHEAD,Y,,2,,private,unk,,,,Y,,,,,,,,,,,SIDE-RIGHT,,,,,,,,,,,,,,,,,,,,,,,,,,,,,,,,,
2116209,5f6bb66081d4ce2a2bfb5bfee2c7469fbb95797f4568c5d0aad10cab159579761109650b0a63fbdcc367a9edf7e6eab4ab0d371e8d796b2b2103afdfb95fe34b,07/27/2025 07:20:00 PM,1,DRIVER,,2017399,,NISSAN,QUEST,IN,2004,UNKNOWN,SPORT UTILITY VEHICLE (SUV),PERSONAL,S,STRAIGHT AHEAD,,,1,,,,,,Y,,,,,,,,N,,,,SIDE-RIGHT,,,,,,,,,,,,,,,,,,,,,,,,,,,,,,,,,
2116210,5f6bb66081d4ce2a2bfb5bfee2c7469fbb95797f4568c5d0aad10cab159579761109650b0a63fbdcc367a9edf7e6eab4ab0d371e8d796b2b2103afdfb95fe34b,07/27/2025 07:20:00 PM,2,BICYCLE,,,,,,,,,,,,,,,,,,,,,,,,,,,,,,,,,,,,,,,,,,,,,,,,,,,,,,,,,,,,,,,,,,
2115864,8a73c8beb148630eff1d98dee6e3ab84099cef06c59d5dd9803d29c6aa9dbded84bbe423340e681ce002bd3177b47804cd336bb0ca9abb2e6728f9b42fcf2199,07/27/2025 07:20:00 PM,1,DRIVER,,2017064,,NISSAN,ALTIMA,IL,2015,UNKNOWN,PASSENGER,PERSONAL,E,STRAIGHT AHEAD,Y,,1,,PRIVATE,,,,,Y,Y,,,,,,,,,,REAR-RIGHT-CORNER,,,,,,,,,,,,,,,,,,,,,,,,,,,,,,,,,