CRASH_UNIT_ID,CRASH_RECORD_ID,CRASH_DATE,UNIT_NO,UNIT_TYPE,NUM_PASSENGERS,VEHICLE_ID,CMRC_VEH_I,MAKE,MODEL,LIC_PLATE_STATE,VEHICLE_YEAR,VEHICLE_DEFECT,VEHICLE_TYPE,VEHICLE_USE,TRAVEL_DIRECTION,MANEUVER,TOWED_I,FIRE_I,OCCUPANT_CNT,EXCEED_SPEED_LIMIT_I,TOWED_BY,TOWED_TO,AREA_00_I,AREA_01_I,AREA_02_I,AREA_03_I,AREA_04_I,AREA_05_I,AREA_06_I,AREA_07_I,AREA_08_I,AREA_09_I,AREA_10_I,AREA_11_I,AREA_12_I,AREA_99_I,FIRST_CONTACT_POINT,CMV_ID,USDOT_NO,CCMC_NO,ILCC_NO,COMMERCIAL_SRC,GVWR,CARRIER_NAME,CARRIER_STATE,CARRIER_CITY,HAZMAT_PLACARDS_I,HAZMAT_NAME,UN_NO,HAZMAT_PRESENT_I,HAZMAT_REPORT_I,HAZMAT_REPORT_NO,MCS_REPORT_I,MCS_REPORT_NO,HAZMAT_VIO_CAUSE_CRASH_I,MCS_VIO_CAUSE_CRASH_I,IDOT_PERMIT_NO,WIDE_LOAD_I,TRAILER1_WIDTH,TRAILER2_WIDTH,TRAILER1_LENGTH,TRAILER2_LENGTH,TOTAL_VEHICLE_LENGTH,AXLE_CNT,VEHICLE_CONFIG,CARGO_BODY_TYPE,LOAD_TYPE,HAZMAT_OUT_OF_SERVICE_I,MCS_OUT_OF_SERVICE_I,HAZMAT_CLASS
2115865,8a73c8beb148630eff1d98dee6e3ab84099cef06c59d5dd9803d29c6aa9dbded84bbe423340e681ce002bd3177b47804cd336bb0ca9abb2e6728f9b42fcf2199,07/27/2025 07:20:00 PM,2,DRIVER,,2017070,,ACURA,TLX,IL,2003,UNKNOWN,PASSENGER,PERSONAL,E,OTHER,,,1,,,,,Y,,,,,,,,,,Y,Y,,FRONT-LEFT-CORNER,,,,,,,,,,,,,,,,,,,,,,,,,,,,,,,,,
2115858,12ab857e559ee861cbe1169b56dbc2bb31b30383a8b39ac6211361ab45d4a342a34c292fbd701a2111074a10693851dff882029a56aa064aaa2af41ee69f9f47,07/27/2025 07:12:00 PM,1,DRIVER,,2017056,,HONDA,CIVIC,IL,2012,UNKNOWN,PASSENGER,UNKNOWN/NA,S,BACKING,,,1,,,,,,,,,,Y,,,,,,N,,REAR,,,,,,,,,,,,,,,,,,,,,,,,,,,,,,,,,
2115859,12ab857e559ee861cbe1169b56dbc2bb31b30383a8b39ac6211361ab45d4a342a34c292fbd701a2111074a10693851dff882029a56aa064aaa2af41ee69f9f47,07/27/2025 07:12:00 PM,2,DRIVER,,2017059,,TOYOTA,CAMRY,IL,2022,NONE,PASSENGER,PERSONAL,N,STRAIGHT AHEAD,,,1,,,,,,,,,,,,,,,,Y,,FRONT,,,,,,,,,,,,,,,,,,,,,,,,,,,,,,,,,
2115898,61ff20283553e7ac43d011ffe368f2750c01ebf9528713471557afa4dc10c73dcab1c01c6ffd605ae0e490ae54dde76b65d5b205cdcdcaba464cc543983bfda3,07/27/2025 07:11:00 PM,1,DRIVER,,2017093,,YAMAHA,YAMAHA,IL,2013,UNKNOWN,MOTORCYCLE (OVER 150CC),PERSONAL,N,STRAIGHT AHEAD,Y,,1,,private tow,,,Y,Y,Y,,,,,,,Y,Y,Y,,FRONT,,,,,,,,,,,,,,,,,,,,,,,,,,,,,,,,,
2115899,61ff20283553e7ac43d011ffe368f2750c01ebf9528713471557afa4dc10c73dcab1c01c6ffd605ae0e490ae54dde76b65d5b205cdcdcaba464cc543983bfda3,07/27/2025 07:11:00 PM,2,DRIVER,2,2017101,,MERCEDES-BENZ,E-CLASS,IL,2010,UNKNOWN,PASSENGER,PERSONAL,S,TURNING LEFT,Y,,3,,private tow,,,Y,Y,,,,,,,,Y,Y,Y,,FRONT,,,,,,,,,,,,,,,,,,,,,,,,,,,,,,,,,
2115862,f4c9db989a8d3f46281b6ae4ea3cd7424acdfade7f5d9c672227b7fe89d30fe66394af33522ac76abc3e815cd9c0a30a69d2504650827d465bdff78e60a67772,07/27/2025 07:05:00 PM,1,DRIVER,,2017061,,CHEVROLET,TRAIL BLAZER,IL,2002,UNKNOWN,PASSENGER,PERSONAL,N,STRAIGHT AHEAD,Y,,1,,OWNER / PERSONAL TOW,,,Y,,,,,,,,,Y,Y,Y,,FRONT,,,,,,,,,,,,,,,,,,,,,,,,,,,,,,,,,
2122030,40ea198fbb13d1f091434dc2eb5249e4e21b5516b319f80bcde5d8dfe0108f81661e9a952c8c67fd0888d26e1a855b324ed7a2d645e62c21cc9a5d0a55b5d686,07/27/2025 07:02:00 PM,1,DRIVER,,2022960,,UNKNOWN,OTHER (EXPLAIN IN NARRATIVE),IL,,UNKNOWN,UNKNOWN/NA,UNKNOWN/NA,UNKNOWN,BACKING,,,1,,,,,,,,,,,,,,,,,Y,UNKNOWN,,,,,,,,,,,,,,,,,,,,,,,,,,,,,,,,,
2122031,40ea198fbb13d1f091434dc2eb5249e4e21b5516b319f80bcde5d8dfe0108f81661e9a952c8c67fd0888d26e1a855b324ed7a2d645e62c21cc9a5d0a55b5d686,07/27/2025 07:02:00 PM,2,PARKED,,2022967,,JEEP,COMPASS,IL,2025,UNKNOWN,PASSENGER,PERSONAL,W,PARKED,,,0,,,,,Y,,,,,,,,,,Y,Y,,FRONT,,,,,,,,,,,,,,,,,,,,,,,,,,,,,,,,,
2116471,51a52fa94f6a51762e26b56527a6b49ae997377bdf00b84152d3670168084ba017e82ed03b26e84e5e2bab1c0854c1e2c6066624ed3f02df668691200de47664,07/27/2025 07:00:00 PM,1,DRIVER,,2017639,,GO KART,GO KART,IL,,UNKNOWN,OTHER,PERSONAL,W,TURNING LEFT,,,1,,,,,,,,,,,,,,,,,Y,UNKNOWN,,,,,,,,,,,,,,,,,,,,,,,,,,,,,,,,,
2115852,d8a710d78deff41b6c9f4731723ec57bb601662e3413cc346c7b6347efa6102d3161c739e21e6ea918d0a3eac3970dfddb4690e272e87d08517cabcccc40d1b4,07/27/2025 06:55:00 PM,1,DRIVER,,2017051,,FORD,ESCAPE,IL,2015,UNKNOWN,SPORT UTILITY VEHICLE (SUV),PERSONAL,N,CHANGING LANES,,,1,,,,,Y,Y,,,,,,,,,,,,FRONT-RIGHT-CORNER,,,,,,,,,,,,,,,,,,,,,,,,,,,,,,,,,
2115853,d8a710d78deff41b6c9f4731723ec57bb601662e3413cc346c7b6347efa6102d3161c739e21e6ea918d0a3eac3970dfddb4690e272e87d08517cabcccc40d1b4,07/27/2025 06:55:00 PM,2,DRIVER,1,2017057,,FORD,ESCAPE,IL,2011,UNKNOWN,SPORT UTILITY VEHICLE (SUV),PERSONAL,N,STRAIGHT AHEAD,,,2,,,,,,,,,,,,,,Y,Y,,,FRONT-LEFT-CORNER,,,,,,,,,,,,,,,,,,,,,,,,,,,,,,,,,
2115823,bcd08c196f9524d322ba577b849f493a4b07e00497b027baf4aa0ac2ab2f3a0ff13adf3fbbced2f790c7f09f0536100c03dacc0253e42416998827899e134a45,07/27/2025 06:48:00 PM,1,DRIVER,,2017032,,HONDA,CR-V,IL,2020,NONE,SPORT UTILITY VEHICLE (SUV),PERSONAL,S,PASSING/OVERTAKING,,,1,,,,,Y,Y,,,,,,,,N,N,,,FRONT-RIGHT-CORNER,,,,,,,,,,,,,,,,,,,,,,,,,,,,,,,,,
2115824,bcd08c196f9524d322ba577b849f493a4b07e00497b027baf4aa0ac2ab2f3a0ff13adf3fbbced2f790c7f09f0536100c03dacc0253e42416998827899e134a45,07/27/2025 06:48:00 PM,2,PARKED,,2017038,,HONDA,CIVIC,IL,2022,NONE,PASSENGER,NOT IN USE,S,PARKED,,,0,,,,,,,,,,,Y,,,,,,,REAR-LEFT-CORNER,,,,,,,,,,,,,,,,,,,,,,,,,,,,,,,,,
2115819,d0dde5ed42649dbe32db3d08668903362cf1d42424a166b145f93fa8cfd89a789cce7b52ea248304b5cf5f30954d17ac915b524f47a1c4aea43aef74d8c473e8,07/27/2025 06:47:00 PM,1,DRIVER,,2017033,,HYUNDAI,SONATA,IL,2013,UNKNOWN,PASSENGER,PERSONAL,W,STRAIGHT AHEAD,,,1,,,,,,,,,,,,,,,N,Y,,FRONT,,,,,,,,,,,,,,,,,,,,,,,,,,,,,,,,,
2115820,d0dde5ed42649dbe32db3d08668903362cf1d42424a166b145f93fa8cfd89a789cce7b52ea248304b5cf5f30954d17ac915b524f47a1c4aea43aef74d8c473e8,07/27/2025 06:47:00 PM,2,DRIVER,,2017039,,TOYOTA,CAMRY,IL,2013,UNKNOWN,PASSENGER,PERSONAL,W,STRAIGHT AHEAD,,,1,,,,,,,,,Y,Y,Y,,,,,,,REAR,,,,,,,,,,,,,,,,,,,,,,,,,,,,,,,,,
2117753,c8f12819db9f8962b96b32b2ac56ca710252bab771a35f2bc3d1161ed4365ac6086ebeee680b9ab1d36c67c5c1746b47c6f403df52b29ec999e54df93290866f,07/27/2025 06:45:00 PM,1,DRIVER,1,2018862,,UNKNOWN,OTHER (EXPLAIN IN NARRATIVE),IL,,OTHER,TRUCK - SINGLE UNIT,COMMERCIAL - SINGLE UNIT,S,STRAIGHT AHEAD,,,2,,,,Y,,,,,,,,,,,,,,SIDE-LEFT,,,,,,,,,,,,,,,,,,,,,,,,,,,,,,,,,
2117754,c8f12819db9f8962b96b32b2ac56ca710252bab771a35f2bc3d1161ed4365ac6086ebeee680b9ab1d36c67c5c1746b47c6f403df52b29ec999e54df93290866f,07/27/2025 06:45:00 PM,2,DRIVER,1,2018871,,FORD,EXPLORER,IL,2012,UNKNOWN,PASSENGER,PERSONAL,S,STRAIGHT AHEAD,,,2,,,,,,Y,Y,,,,,,,,,,,SIDE-RIGHT,,,,,,,,,,,,,,,,,,,,,,,,,,,,,,,,,
2115829,c33a1b50372bdd9d5214fc0a86db4816ca8e2f0c1542098943d765e5f48b0c7d0034a4bd9c0e751dbaf51e3629e94e24276856daeaad10c20882a7c551ef6cec,07/27/2025 06:42:00 PM,1,DRIVER,,2017042,,HYUNDAI,ELANTRA,IL,2016,UNKNOWN,PASSENGER,UNKNOWN/NA,S,STRAIGHT AHEAD,,,1,,,,,,,,,,,,,,,,Y,,FRONT,,,,,,,,,,,,,,,,,,,,,,,,,,,,,,,,,
2115830,c33a1b50372bdd9d5214fc0a86db4816ca8e2f0c1542098943d765e5f48b0c7d0034a4bd9c0e751dbaf51e3629e94e24276856daeaad10c20882a7c551ef6cec,07/27/2025 06:42:00 PM,2,DRIVER,,2017054,,CHRYSLER,300,IL,2012,UNKNOWN,PASSENGER,UNKNOWN/NA,S,STRAIGHT AHEAD,,,1,,,,,,,,,,Y,N,,,,,,,REAR,,,,,,,,,,,,,,,,,,,,,,,,,,,,,,,,,
2115803,5c8c9bdb0d59f0c37add24fa5cffd0cc7a5e9bff94982a5ff6de918a6831c8afaeb518f5510eb6f87b7c4a01db39a4ff1b521629621797d691c7b193c539051c,07/27/2025 06:40:00 PM,1,DRIVER,,2017021,,HYUNDAI,SANTA FE,IL,2008,NONE,SPORT UTILITY VEHICLE (SUV),PERSONAL,W,STRAIGHT AHEAD,,,1,,,,,Y,,,,,,,,,,Y,Y,,FRONT,,,,,,,,,,,,,,,,,,,,,,,,,,,,,,,,,
2115804,5c8c9bdb0d59f0c37add24fa5cffd0cc7a5e9bff94982a5ff6de918a6831c8afaeb518f5510eb6f87b7c4a01db39a4ff1b521629621797d691c7b193c539051c,07/27/2025 06:40:00 PM,2,DRIVER,,2017013,,CHEVROLET,TRAX,IL,2021,NONE,SPORT UTILITY VEHICLE (SUV),PERSONAL,W,STRAIGHT AHEAD,,,1,,,,,,,,,Y,Y,Y,,,,,,,REAR,,,,,,,,,,,,,,,,,,,,,,,,,,,,,,,,,
2115874,799a4572535da157327c508fb5a831eb89b46bb303c6e9aa2aef353fd09b8b48e4dee1bb614eb4632654ea944f8bca1d8a113c0e83b7600d22e640971043f0ac,07/27/2025 06:35:00 PM,1,DRIVER,,2017072,,TOYOTA,SIENNA,IL,2006,UNKNOWN,VAN/MINI-VAN,PERSONAL,S,STRAIGHT AHEAD,,,1,,,,,Y,,,,,,,,,,Y,Y,,FRONT,,,,,,,,,,,,,,,,,,,,,,,,,,,,,,,,,
2115875,799a4572535da157327c508fb5a831eb89b46bb303c6e9aa2aef353fd09b8b48e4dee1bb614eb4632654ea944f8bca1d8a113c0e83b7600d22e640971043f0ac,07/27/2025 06:35:00 PM,2,PARKED,,2017068,,TOYOTA,HIGHLANDER,IL,2007,UNKNOWN,SPORT UTILITY VEHICLE (SUV),NOT IN USE,S,PARKED,,,0,,,,,,,,,,,Y,Y,Y,,,,,SIDE-LEFT-REAR,,,,,,,,,,,,,,,,,,,,,,,,,,,,,,,,,
2115815,2dbac8c0789e82026295a8c7d5763ea2d63e23b929dfb9d97061ba453d1d92a0671faade84105f1812265d26862193093ff4e2dfdc641d533447063be90b21b4,07/27/2025 06:30:00 PM,1,DRIVER,,2017026,,CHEVROLET,MALIBU,,,NONE,PASSENGER,PERSONAL,E,STRAIGHT AHEAD,,,1,,,,,,,,,,,,,,Y,,,,FRONT-LEFT-CORNER,,,,,,,,,,,,,,,,,,,,,,,,,,,,,,,,,
2115816,2dbac8c0789e82026295a8c7d5763ea2d63e23b929dfb9d97061ba453d1d92a0671faade84105f1812265d26862193093ff4e2dfdc641d533447063be90b21b4,07/27/2025 06:30:00 PM,2,DRIVER,,2017031,,MERCEDES-BENZ,GLS,,,NONE,PASSENGER,PERSONAL,E,STRAIGHT AHEAD,,,1,,,,,Y,,,,,,,,,,,,,FRONT-RIGHT-CORNER,,,,,,,,,,,,,,,,,,,,,,,,,,,,,,,,,
2115799,ab511ff14b994d4e7625f48e56bfd55d607e7daaf2f3dd00e0d901cd3f607217404e2c87a7bee6e7d65f7684aabb6f3a59d91ba5ff250da3531251d0e144be67,07/27/2025 06:30:00 PM,1,DRIVER,,2017008,,HONDA,PILOT,IL,2004,NONE,VAN/MINI-VAN,PERSONAL,W,TURNING RIGHT,,,1,,,,,,,,,,,,,,,Y,,,FRONT-LEFT-CORNER,,,,,,,,,,,,,,,,,,,,,,,,,,,,,,,,,
2115800,ab511ff14b994d4e7625f48e56bfd55d607e7daaf2f3dd00e0d901cd3f607217404e2c87a7bee6e7d65f7684aabb6f3a59d91ba5ff250da3531251d0e144be67,07/27/2025 06:30:00 PM,2,DRIVER,,2017009,,SUBARU,OUTBACK,IN,2016,NONE,PASSENGER,PERSONAL,N,STRAIGHT AHEAD,,,1,,,,,,,,,Y,,,,,,,,,REAR-LEFT-CORNER,,,,,,,,,,,,,,,,,,,,,,,,,,,,,,,,,
2115821,ed21a738539d71d3225a279a9e23e804643d33cd6f3122ba163c4ed3709c1341c6d990ce35be1e5173e72634ea98e0cbe2d4464989506408c924c8edeb125a66,07/27/2025 06:30:00 PM,1,DRIVER,,2017035,,CHEVROLET,MALIBU,IL,2025,UNKNOWN,PASSENGER,PERSONAL,N,STRAIGHT AHEAD,,,1,,,,,,,,,,,,,,Y,Y,,,FRONT-LEFT-CORNER,,,,,,,,,,,,,,,,,,,,,,,,,,,,,,,,,
2115822,ed21a738539d71d3225a279a9e23e804643d33cd6f3122ba163c4ed3709c1341c6d990ce35be1e5173e72634ea98e0cbe2d4464989506408c924c8edeb125a66,07/27/2025 06:30:00 PM,2,DRIVER,,2017040,,DODGE,RAM 1500 PU,IL,2019,NONE,PICKUP,PERSONAL,N,STRAIGHT AHEAD,,,1,,,,,Y,Y,Y,,,,,,,,,,,SIDE-RIGHT,,,,,,,,,,,,,,,,,,,,,,,,,,,,,,,,,
2115833,14bec6713472adcb4b16e9313eb761d15416ac1d9a5d18d48c8d4300e5464ad41a65ae7658dd3415abc239ffbbceb3bfd041ae62ae93504b8db09b116651d5c9,07/27/2025 06:08:00 PM,1,DRIVER,,2017063,,VOLKSWAGEN,JETTA,IL,2013,UNKNOWN,PASSENGER,PERSONAL,W,STRAIGHT AHEAD,,,1,,,,,,,Y,Y,Y,Y,,,,,,,,REAR-RIGHT-CORNER,,,,,,,,,,,,,,,,,,,,,,,,,,,,,,,,,
2115834,14bec6713472adcb4b16e9313eb761d15416ac1d9a5d18d48c8d4300e5464ad41a65ae7658dd3415abc239ffbbceb3bfd041ae62ae93504b8db09b116651d5c9,07/27/2025 06:08:00 PM,2,DRIVER,,2017067,,TOYOTA,CAMRY,IL,2024,UNKNOWN,PASSENGER,PERSONAL,SE,STRAIGHT AHEAD,,,1,,,,,Y,,,,,,,,,,Y,Y,,FRONT,,,,,,,,,,,,,,,,,,,,,,,,,,,,,,,,,
2115801,8c8edc986904db3a3ddfa6d0de100c1afbed96d153cc59ee71866fd17a1d20db93933a2f4988599ec3e3dc8196f8dd84f947fbd2ba12434a0f916f87c47eb397,07/27/2025 06:08:00 PM,1,DRIVER,,2017011,,DODGE,RAM 1500 PU,IN,2014,NONE,PICKUP,PERSONAL,N,MERGING,,,1,,,,,,,,,,,,,,,Y,,,FRONT-LEFT-CORNER,,,,,,,,,,,,,,,,,,,,,,,,,,,,,,,,,
2115802,8c8edc986904db3a3ddfa6d0de100c1afbed96d153cc59ee71866fd17a1d20db93933a2f4988599ec3e3dc8196f8dd84f947fbd2ba12434a0f916f87c47eb397,07/27/2025 06:08:00 PM,2,DRIVER,1,2017018,,TOYOTA,CAMRY,IL,2025,NONE,PASSENGER,PERSONAL,N,STRAIGHT AHEAD,,,2,,,,,,Y,Y,Y,Y,,,,,,,,,SIDE-RIGHT,,,,,,,,,,,,,,,,,,,,,,,,,,,,,,,,,
2115924,64f416135d556ec268f94fd8de9eb35f35e6ad2d79df28ac76ab5c7817fffbcb31c0546c356e81a8d5854662d3dba993f80cc14b01de2901828ce2ed96ee2b49,07/27/2025 06:03:00 PM,1,DRIVER,,2017116,,INFINITI,OTHER (EXPLAIN IN NARRATIVE),IL,,UNKNOWN,PASSENGER,UNKNOWN/NA,UNKNOWN,UNKNOWN/NA,,,1,,,,,,,,,,,,,,,,,Y,UNKNOWN,,,,,,,,,,,,,,,,,,,,,,,,,,,,,,,,,
2115925,64f416135d556ec268f94fd8de9eb35f35e6ad2d79df28ac76ab5c7817fffbcb31c0546c356e81a8d5854662d3dba993f80cc14b01de2901828ce2ed96ee2b49,07/27/2025 06:03:00 PM,2,PARKED,,2017120,,LEXUS,LS430,IL,2006,NONE,PASSENGER,PERSONAL,W,PARKED,,,0,,,,,Y,,,,,,,,,,Y,Y,,FRONT,,,,,,,,,,,,,,,,,,,,,,,,,,,,,,,,,
2115787,41576893b7e03c28b7aa28f29316283e6d5b27eb4948e19987a75fbd721cec84b3ac46a67dc0a32b18c1a686493cb0211a79c4592e8b8a71a1db7ee98c307831,07/27/2025 06:00:00 PM,1,DRIVER,,2017005,,UNKNOWN,OTHER (EXPLAIN IN NARRATIVE),IL,,UNKNOWN,PASSENGER,UNKNOWN/NA,S,UNKNOWN/NA,,,1,,,,,Y,Y,,,,,,,,,,,,FRONT-RIGHT-CORNER,,,,,,,,,,,,,,,,,,,,,,,,,,,,,,,,,
2115788,41576893b7e03c28b7aa28f29316283e6d5b27eb4948e19987a75fbd721cec84b3ac46a67dc0a32b18c1a686493cb0211a79c4592e8b8a71a1db7ee98c307831,07/27/2025 06:00:00 PM,2,DRIVER,,2016999,,JEEP,CHEROKEE,IN,,UNKNOWN,PASSENGER,PERSONAL,S,TURNING LEFT,,,1,,,,,,,,,,,,,,,Y,,,FRONT-LEFT-CORNER,,,,,,,,,,,,,,,,,,,,,,,,,,,,,,,,,
2115831,5e2809c14b3ff3641fc48db33e920f89c6d5633b3387e4bfdf9219004c0d47226171de4ce755603d4aaea1cc88ebdab2ebd34e70b6a1b101678eabb892456a05,07/27/2025 05:50:00 PM,1,DRIVER,,2017045,,FORD,ESCAPE,IL,2014,UNKNOWN,PASSENGER,PERSONAL,E,STRAIGHT AHEAD,,,1,,,,,,,,,Y,Y,,,,,,,,REAR-RIGHT-CORNER,,,,,,,,,,,,,,,,,,,,,,,,,,,,,,,,,
2115832,5e2809c14b3ff3641fc48db33e920f89c6d5633b3387e4bfdf9219004c0d47226171de4ce755603d4aaea1cc88ebdab2ebd34e70b6a1b101678eabb892456a05,07/27/2025 05:50:00 PM,2,DRIVER,,2017047,,FORD,FUSION,IL,2015,UNKNOWN,PASSENGER,PERSONAL,E,STRAIGHT AHEAD,,,1,,,,,Y,Y,,,,,,,,,,Y,,FRONT,,,,,,,,,,,,,,,,,,,,,,,,,,,,,,,,,
2115887,e4aef4eea974cfbd27d51348e9bb5042a512c400e7fa3db2e7e7c8bb5679651b416ca0c223e9d619b79a0c8fe8c3ad8cef72e646362a4e3b23fe1f9a5ca07d4c,07/27/2025 05:50:00 PM,1,BICYCLE,,,,,,,,,,,,,,,,,,,,,,,,,,,,,,,,,,,,,,,,,,,,,,,,,,,,,,,,,,,,,,,,,,
2115888,e4aef4eea974cfbd27d51348e9bb5042a512c400e7fa3db2e7e7c8bb5679651b416ca0c223e9d619b79a0c8fe8c3ad8cef72e646362a4e3b23fe1f9a5ca07d4c,07/27/2025 05:50:00 PM,2,DRIVER,,2017080,,HONDA,ACCORD,,2018,NONE,PASSENGER,PERSONAL,UNKNOWN,STRAIGHT AHEAD,,,1,,,,,,,,,,,,,Y,Y,Y,,,SIDE-LEFT,,,,,,,,,,,,,,,,,,,,,,,,,,,,,,,,,
2115827,11bd8218747f3d2be3908d661e7ba89ae41038e1a4536e35fa914483d48c2054291a51d3d7cd859be562c26afe148c8f37fb4a72111861cc544a02412ec59fea,07/27/2025 05:46:00 PM,1,DRIVER,,2017058,,CHEVROLET,SILVERADO,IL,2014,UNKNOWN,PICKUP,PERSONAL,S,TURNING RIGHT,,,1,,,,,,,,Y,,,,,,,,,,REAR-RIGHT-CORNER,,,,,,,,,,,,,,,,,,,,,,,,,,,,,,,,,
2115828,11bd8218747f3d2be3908d661e7ba89ae41038e1a4536e35fa914483d48c2054291a51d3d7cd859be562c26afe148c8f37fb4a72111861cc544a02412ec59fea,07/27/2025 05:46:00 PM,2,DRIVER,1,2017052,,NISSAN,ALTIMA,IL,2017,NONE,PASSENGER,PERSONAL,S,SLOW/STOP IN TRAFFIC,Y,,2,,UNK,UNK,,Y,,,,,,,,,,Y,Y,,FRONT-LEFT-CORNER,,,,,,,,,,,,,,,,,,,,,,,,,,,,,,,,,
2115813,17c6f93dbfa7bb238e81e2d2a7009cb850f917e8a56965596074077deffdb77dd340508f703a9ddb7e7609ac88650584d066beb7bb059dce32a163ddcd5c1913,07/27/2025 05:43:00 PM,1,DRIVER,1,2017029,,TOYOTA,HIGHLANDER,IL,2015,UNKNOWN,PASSENGER,PERSONAL,S,STRAIGHT AHEAD,,,2,,,,Y,,,,,,,,,,Y,Y,,,FRONT-LEFT-CORNER,,,,,,,,,,,,,,,,,,,,,,,,,,,,,,,,,
2115814,17c6f93dbfa7bb238e81e2d2a7009cb850f917e8a56965596074077deffdb77dd340508f703a9ddb7e7609ac88650584d066beb7bb059dce32a163ddcd5c1913,07/27/2025 05:43:00 PM,2,DRIVER,,2017034,,CHEVROLET,SILVERADO,IL,2011,OTHER,PICKUP,UNKNOWN/NA,S,STRAIGHT AHEAD,,,1,,,,Y,N,N,Y,,,,,,,,,,,SIDE-RIGHT,,,,,,,,,,,,,,,,,,,,,,,,,,,,,,,,,
2115791,c4d3e3f3833c5db639733ec7b21518c08053185eab815c1748c419563d2ca0d7bfd6e6f024344aaac1a9acc0ac79e16850b87c1bd857253c7a41f974a34b2229,07/27/2025 05:42:00 PM,1,DRIVER,,2017003,,FORD,EXPLORER,IL,2012,UNKNOWN,PASSENGER,PERSONAL,S,STRAIGHT AHEAD,,,1,,,,,,,Y,,,,,,,,,,,SIDE-RIGHT-FRONT,,,,,,,,,,,,,,,,,,,,,,,,,,,,,,,,,
2115792,c4d3e3f3833c5db639733ec7b21518c08053185eab815c1748c419563d2ca0d7bfd6e6f024344aaac1a9acc0ac79e16850b87c1bd857253c7a41f974a34b2229,07/27/2025 05:42:00 PM,2,DRIVER,,2017010,,GENERAL MOTORS CORPORATION (GMC),SAVANNAH,AZ,2025,UNKNOWN,TRUCK - SINGLE UNIT,PERSONAL,S,STRAIGHT AHEAD,,,1,,,,,,,,,,,,,,Y,,,,SIDE-RIGHT-FRONT,,,,,,,,,,,,,,,,,,,,,,,,,,,,,,,,,
2116076,1cccc62b0333abdc1f436a93b7b12caec1521fbb869fadbd000735d0c574e1e4c2d79e35b46acb35f1a2242a85fbf0d054dd8ecef7bf74e218412c0f9fe00083,07/27/2025 05:30:00 PM,1,DRIVER,,2017267,,TOYOTA,PRIUS,IL,2005,NONE,PASSENGER,PERSONAL,N,STARTING IN TRAFFIC,,,1,,,,,Y,,,,,,,,,,,,,FRONT-RIGHT-CORNER,,,,,,,,,,,,,,,,,,,,,,,,,,,,,,,,,
2116077,1cccc62b0333abdc1f436a93b7b12caec1521fbb869fadbd000735d0c574e1e4c2d79e35b46acb35f1a2242a85fbf0d054dd8ecef7bf74e218412c0f9fe00083,07/27/2025 05:30:00 PM,2,DRIVER,,2017271,,HONDA,ACCORD,IL,2019,NONE,PASSENGER,PERSONAL,N,SLOW/STOP IN TRAFFIC,,,1,,,,,,,,,,Y,Y,,,,,,,REAR-LEFT-CORNER,,,,,,,,,,,,,,,,,,,,,,,,,,,,,,,,,
2115769,7ec52e59baec0d56d24ea504affbbad024c96c9d726ecefe64f024253face212a7d42db726d511b6040f72d32d8f9ca380ecd9694bbdbc6ad0bb67699c9755d2,07/27/2025 05:30:00 PM,1,DRIVER,,2016977,,UNKNOWN,OTHER (EXPLAIN IN NARRATIVE),,,UNKNOWN,PICKUP,UNKNOWN/NA,E,PASSING/OVERTAKING,,,1,,,,,,,,,,,Y,Y,Y,Y,Y,,,SIDE-LEFT,,,,,,,,,,,,,,,,,,,,,,,,,,,,,,,,,
2115770,7ec52e59baec0d56d24ea504affbbad024c96c9d726ecefe64f024253face212a7d42db726d511b6040f72d32d8f9ca380ecd9694bbdbc6ad0bb67699c9755d2,07/27/2025 05:30:00 PM,2,DRIVER,,2016980,,NISSAN,ALTIMA,IL,2014,NONE,PASSENGER,PERSONAL,E,STRAIGHT AHEAD,,,1,,,,,Y,Y,Y,Y,,,,,,,,Y,,SIDE-RIGHT,,,,,,,,,,,,,,,,,,,,,,,,,,,,,,,,,
2115825,b59507d13cc9cff7e4f7d3d9a63f6255583f1fd51e820d4f0f5e2c42864205fbe6945bc2eff3325997816c19fe086ab44f4f9aacac50fd7b06eb8f080099b2fd,07/27/2025 05:30:00 PM,1,DRIVER,1,2017041,,SUBARU,FORESTER,IL,2024,NONE,SPORT UTILITY VEHICLE (SUV),PERSONAL,W,STRAIGHT AHEAD,Y,,2,,private tow,,,Y,,,,,,,,,,Y,Y,Y,FRONT,,,,,,,,,,,,,,,,,,,,,,,,,,,,,,,,,
2115826,b59507d13cc9cff7e4f7d3d9a63f6255583f1fd51e820d4f0f5e2c42864205fbe6945bc2eff3325997816c19fe086ab44f4f9aacac50fd7b06eb8f080099b2fd,07/27/2025 05:30:00 PM,2,DRIVER,2,2017043,,HONDA,CR-V,IL,2024,NONE,SPORT UTILITY VEHICLE (SUV),PERSONAL,N,STRAIGHT AHEAD,Y,,3,,private tow,,,Y,Y,Y,Y,Y,Y,Y,Y,Y,Y,Y,Y,,SIDE-RIGHT-REAR,,,,,,,,,,,,,,,,,,,,,,,,,,,,,,,,,
2115957,cbc8bedc307a25e61006ee794d0c2aea63f316fdf9a9507dfa1a98d410659d6ccbce920ed62681c98760b60450285e228699239d823db23fe1a0d3b10781a342,07/27/2025 05:28:00 PM,1,DRIVER,1,2017150,,MERCEDES-BENZ,CLA,IL,2019,UNKNOWN,PASSENGER,PERSONAL,W,BACKING,,,2,,,,,,,,,Y,,,,,,,,,REAR,,,,,,,,,,,,,,,,,,,,,,,,,,,,,,,,,