CRASH_UNIT_ID,CRASH_RECORD_ID,CRASH_DATE,UNIT_NO,UNIT_TYPE,NUM_PASSENGERS,VEHICLE_ID,CMRC_VEH_I,MAKE,MODEL,LIC_PLATE_STATE,VEHICLE_YEAR,VEHICLE_DEFECT,VEHICLE_TYPE,VEHICLE_USE,TRAVEL_DIRECTION,MANEUVER,TOWED_I,FIRE_I,OCCUPANT_CNT,EXCEED_SPEED_LIMIT_I,TOWED_BY,TOWED_TO,AREA_00_I,AREA_01_I,AREA_02_I,AREA_03_I,AREA_04_I,AREA_05_I,AREA_06_I,AREA_07_I,AREA_08_I,AREA_09_I,AREA_10_I,AREA_11_I,AREA_12_I,AREA_99_I,FIRST_CONTACT_POINT,CMV_ID,USDOT_NO,CCMC_NO,ILCC_NO,COMMERCIAL_SRC,GVWR,CARRIER_NAME,CARRIER_STATE,CARRIER_CITY,HAZMAT_PLACARDS_I,HAZMAT_NAME,UN_NO,HAZMAT_PRESENT_I,HAZMAT_REPORT_I,HAZMAT_REPORT_NO,MCS_REPORT_I,MCS_REPORT_NO,HAZMAT_VIO_CAUSE_CRASH_I,MCS_VIO_CAUSE_CRASH_I,IDOT_PERMIT_NO,WIDE_LOAD_I,TRAILER1_WIDTH,TRAILER2_WIDTH,TRAILER1_LENGTH,TRAILER2_LENGTH,TOTAL_VEHICLE_LENGTH,AXLE_CNT,VEHICLE_CONFIG,CARGO_BODY_TYPE,LOAD_TYPE,HAZMAT_OUT_OF_SERVICE_I,MCS_OUT_OF_SERVICE_I,HAZMAT_CLASS
2115958,cbc8bedc307a25e61006ee794d0c2aea63f316fdf9a9507dfa1a98d410659d6ccbce920ed62681c98760b60450285e228699239d823db23fe1a0d3b10781a342,07/27/2025 05:28:00 PM,2,DRIVER,,2017165,,NISSAN,ALTIMA,IL,2014,UNKNOWN,PASSENGER,PERSONAL,E,STRAIGHT AHEAD,,,1,,,,,,,,,,,,,,,Y,,,FRONT,,,,,,,,,,,,,,,,,,,,,,,,,,,,,,,,,
2115748,b3bdb1a03094f1eaac7667ee3e6ea04bbfcf1801c2977ee0393ec18a60c2a34fb5abd1aeb659509876a3733fa0c7938c5b9629468a9eb960a0391de992a0d45c,07/27/2025 05:20:00 PM,1,DRIVER,,2016968,,HONDA,CR-V,IL,,UNKNOWN,PASSENGER,UNKNOWN/NA,UNKNOWN,STRAIGHT AHEAD,,,1,,,,,Y,,,,,,,,,,Y,Y,,FRONT,,,,,,,,,,,,,,,,,,,,,,,,,,,,,,,,,
2115749,b3bdb1a03094f1eaac7667ee3e6ea04bbfcf1801c2977ee0393ec18a60c2a34fb5abd1aeb659509876a3733fa0c7938c5b9629468a9eb960a0391de992a0d45c,07/27/2025 05:20:00 PM,2,DRIVER,,2016965,,TOYOTA,CAMRY,IL,,UNKNOWN,PASSENGER,PERSONAL,W,STRAIGHT AHEAD,,,1,,,,,N,Y,Y,Y,,,,,,,N,N,,SIDE-RIGHT,,,,,,,,,,,,,,,,,,,,,,,,,,,,,,,,,
2115789,3520237832c1da4357695a064bc29d8d93e02e936883c27c762dc93204076198d4a33a5c355edfc7854d66bd7edc23a0441ad3f05ea1c964dbddec0b2effc9ad,07/27/2025 05:19:00 PM,1,DRIVER,1,2017002,,LINCOLN,MKS,IL,2010,UNKNOWN,PASSENGER,PERSONAL,W,STRAIGHT AHEAD,,,2,,,,,,,,Y,,,,,,,,,,SIDE-RIGHT,,,,,,,,,,,,,,,,,,,,,,,,,,,,,,,,,
2115790,3520237832c1da4357695a064bc29d8d93e02e936883c27c762dc93204076198d4a33a5c355edfc7854d66bd7edc23a0441ad3f05ea1c964dbddec0b2effc9ad,07/27/2025 05:19:00 PM,2,PARKED,,2017006,,LEXUS,LS430,IL,,UNKNOWN,PASSENGER,PERSONAL,W,PARKED,,,0,,,,,,,,,,,,,,Y,,,,SIDE-LEFT,,,,,,,,,,,,,,,,,,,,,,,,,,,,,,,,,
2115763,adec0a75667a98d1070755f778b3ad15efff0b4e68ede457294f2ff354ae84807518e0339862780d7668ed0eb233f6b86c215301d7ecaf09285967b6a4807b1c,07/27/2025 05:17:00 PM,1,DRIVER,1,2016973,,ACURA,TLX,IL,2014,UNKNOWN,PASSENGER,PERSONAL,N,PASSING/OVERTAKING,Y,,2,,PRIVATE,,,Y,Y,,,,,,,,Y,Y,Y,,REAR-LEFT-CORNER,,,,,,,,,,,,,,,,,,,,,,,,,,,,,,,,,
2115764,adec0a75667a98d1070755f778b3ad15efff0b4e68ede457294f2ff354ae84807518e0339862780d7668ed0eb233f6b86c215301d7ecaf09285967b6a4807b1c,07/27/2025 05:17:00 PM,2,DRIVER,,2016987,,TOYOTA,SIENNA,IL,2004,UNKNOWN,VAN/MINI-VAN,UNKNOWN/NA,S,TURNING LEFT,Y,,1,,PRIVATE,,,Y,Y,,,,,,,,Y,Y,Y,,FRONT,,,,,,,,,,,,,,,,,,,,,,,,,,,,,,,,,
2115765,9eb17717b2aeaedcccf1430388979e1cdd2f4a53faea7520a8649d6ed8add12dfc06ff7800613322d120c912841b5bf183fb746063092f9b7db7ff641a283912,07/27/2025 05:13:00 PM,1,DRIVER,1,2016976,,TOYOTA,CAMRY,IL,2005,UNKNOWN,PASSENGER,PERSONAL,SE,STRAIGHT AHEAD,Y,,2,,PRIVATE TOW,UNKNOWN,,Y,,,,,,,,,,Y,Y,,FRONT,,,,,,,,,,,,,,,,,,,,,,,,,,,,,,,,,
2115766,9eb17717b2aeaedcccf1430388979e1cdd2f4a53faea7520a8649d6ed8add12dfc06ff7800613322d120c912841b5bf183fb746063092f9b7db7ff641a283912,07/27/2025 05:13:00 PM,2,DRIVER,2,2016981,,NISSAN,MAXIMA,IL,2015,UNKNOWN,PASSENGER,PERSONAL,NW,TURNING LEFT,Y,,3,,PRIVATE TOW,UNKNOWN,,,Y,Y,Y,,,,,,,,,,SIDE-RIGHT,,,,,,,,,,,,,,,,,,,,,,,,,,,,,,,,,
2115933,d79c51bcedd6017e024762d14a5f29da10ef84342f5f1d5d774747df396ba93daddb39086d2dc7d28fba41c63bd381eb68d23dbe1d0111fdae943ceacec17736,07/27/2025 05:12:00 PM,1,DRIVER,,2017132,,JEEP,GRAND CHEROKEE,IL,2018,UNKNOWN,PASSENGER,UNKNOWN/NA,S,TURNING RIGHT,,,1,,,,,Y,,,,,,,,,,,Y,,FRONT-RIGHT-CORNER,,,,,,,,,,,,,,,,,,,,,,,,,,,,,,,,,
2115934,d79c51bcedd6017e024762d14a5f29da10ef84342f5f1d5d774747df396ba93daddb39086d2dc7d28fba41c63bd381eb68d23dbe1d0111fdae943ceacec17736,07/27/2025 05:12:00 PM,2,DRIVER,,2017145,,SUBARU,OTHER (EXPLAIN IN NARRATIVE),IL,2025,UNKNOWN,PASSENGER,UNKNOWN/NA,W,SLOW/STOP IN TRAFFIC,,,1,,,,,,,,,,Y,Y,,,,,,,REAR-LEFT-CORNER,,,,,,,,,,,,,,,,,,,,,,,,,,,,,,,,,
2115755,78df13519ee5d03f9196f6679b21bb6fe568be08ac9190663ea7cd3a7efe2047df15cdfc16c562a63ce70929a5aa2930392151c894d2161a9991cbe5f3092e3b,07/27/2025 05:09:00 PM,1,DRIVER,,2016964,,UNKNOWN,OTHER (EXPLAIN IN NARRATIVE),,,UNKNOWN,PICKUP,UNKNOWN/NA,E,MERGING,,,1,,,,,,,,,,,,,,,,,Y,UNKNOWN,,,,,,,,,,,,,,,,,,,,,,,,,,,,,,,,,
2115756,78df13519ee5d03f9196f6679b21bb6fe568be08ac9190663ea7cd3a7efe2047df15cdfc16c562a63ce70929a5aa2930392151c894d2161a9991cbe5f3092e3b,07/27/2025 05:09:00 PM,2,DRIVER,,2016967,,MERCEDES-BENZ,GLA,IL,2018,UNKNOWN,PASSENGER,PERSONAL,E,STRAIGHT AHEAD,,,1,,,,,,,,,,,Y,Y,Y,Y,N,,,SIDE-LEFT,,,,,,,,,,,,,,,,,,,,,,,,,,,,,,,,,
2115793,b86990926e35e3ff5edf2ca5bad6a2868a51f92b03d4d721db701ef489a07d6f0ea1aba6d43815286c14e1c8af15a9b0b099b911a4d40e43847f0980649ce3b9,07/27/2025 05:03:00 PM,1,DRIVER,,2017001,,UNKNOWN,OTHER (EXPLAIN IN NARRATIVE),,,UNKNOWN,UNKNOWN/NA,UNKNOWN/NA,S,STRAIGHT AHEAD,,,1,,,,,Y,Y,,,,,,,,,,,,FRONT-RIGHT-CORNER,,,,,,,,,,,,,,,,,,,,,,,,,,,,,,,,,
2115794,b86990926e35e3ff5edf2ca5bad6a2868a51f92b03d4d721db701ef489a07d6f0ea1aba6d43815286c14e1c8af15a9b0b099b911a4d40e43847f0980649ce3b9,07/27/2025 05:03:00 PM,2,DRIVER,,2017004,,NOVA BUS,OTHER (EXPLAIN IN NARRATIVE),IL,,NONE,BUS OVER 15 PASS.,CTA,S,TURNING RIGHT,,,1,,,,,,,,,,,,,,Y,Y,,,FRONT-LEFT-CORNER,,,,,,,,,,,,,,,,,,,,,,,,,,,,,,,,,
2115838,0d93d9243b52ac7feaa9461e08b0c12181141c73346b9d75a807c128d62728fa779f92d812ab63979dc34958b29aeec863cc1238071facacdb1118ef9c55bb99,07/27/2025 05:00:00 PM,1,DRIVER,,2017053,,FORD,ESCAPE,IL,3013,NONE,PASSENGER,PERSONAL,S,U-TURN,Y,,1,,PRIVATE,,,Y,Y,,,,,,,,,,Y,,FRONT-RIGHT-CORNER,,,,,,,,,,,,,,,,,,,,,,,,,,,,,,,,,
2115839,0d93d9243b52ac7feaa9461e08b0c12181141c73346b9d75a807c128d62728fa779f92d812ab63979dc34958b29aeec863cc1238071facacdb1118ef9c55bb99,07/27/2025 05:00:00 PM,2,DRIVER,,2017049,,JEEP,PATRIOT,IL,2013,NONE,PASSENGER,PERSONAL,S,STRAIGHT AHEAD,,,1,,,,,Y,,,,,,,,,,Y,Y,,FRONT,,,,,,,,,,,,,,,,,,,,,,,,,,,,,,,,,
2115809,4f3da6d609f598a372fc7b5153ab92f9fd17a83b1802c4760d9dbdeca2b45a250474ea8ea42db6ba040460d93085f33997424d7b6d00699089dc730f77ad9698,07/27/2025 05:00:00 PM,1,DRIVER,1,2017027,,TOYOTA,HIGHLANDER,IL,2023,UNKNOWN,SPORT UTILITY VEHICLE (SUV),PERSONAL,SE,LEAVING TRAFFIC LANE TO PARK,,,2,,,,,,Y,Y,,,,,,,,,,Y,SIDE-RIGHT,,,,,,,,,,,,,,,,,,,,,,,,,,,,,,,,,
2115810,4f3da6d609f598a372fc7b5153ab92f9fd17a83b1802c4760d9dbdeca2b45a250474ea8ea42db6ba040460d93085f33997424d7b6d00699089dc730f77ad9698,07/27/2025 05:00:00 PM,2,DRIVER,1,2017036,,FORD,ESCAPE,FL,2022,UNKNOWN,SPORT UTILITY VEHICLE (SUV),PERSONAL,SE,UNKNOWN/NA,,,2,,,,,,,,,,,,,N,Y,Y,,Y,FRONT-LEFT-CORNER,,,,,,,,,,,,,,,,,,,,,,,,,,,,,,,,,
2118865,ef0d83d707089e3e45760153debd106c20b86bc101ae8e52101bf2d7cd577886e94a45179408d0574c55cd4c048d80145c46960a63a6dd1a232f62572b27aabe,07/27/2025 05:00:00 PM,1,DRIVER,,2019891,,FORD,EXPLORER,IL,2015,UNKNOWN,SPORT UTILITY VEHICLE (SUV),PERSONAL,UNKNOWN,CHANGING LANES,,,1,,,,,Y,Y,,,,,,,,,,,,FRONT-RIGHT-CORNER,,,,,,,,,,,,,,,,,,,,,,,,,,,,,,,,,
2118866,ef0d83d707089e3e45760153debd106c20b86bc101ae8e52101bf2d7cd577886e94a45179408d0574c55cd4c048d80145c46960a63a6dd1a232f62572b27aabe,07/27/2025 05:00:00 PM,2,DRIVER,,2019892,,LINCOLN,NAVIGATOR,IL,2024,UNKNOWN,SPORT UTILITY VEHICLE (SUV),TAXI/FOR HIRE,UNKNOWN,STRAIGHT AHEAD,,,1,,,,,,,,,,,Y,Y,Y,,,,,SIDE-LEFT-REAR,,,,,,,,,,,,,,,,,,,,,,,,,,,,,,,,,
2115881,2f2e760468b161a739d95cbe35c5d03dd66fad2e4c55e0de6033ee5f974908feacd72003e1ee97efe35cb87e76a4a7943c68958a21554a2bcfd10745b2461821,07/27/2025 04:59:00 PM,1,DRIVER,,2017082,,SUBARU,OUTBACK,IL,2010,UNKNOWN,PASSENGER,PERSONAL,UNKNOWN,STRAIGHT AHEAD,,,1,,,,,Y,,,,,,,,,,Y,Y,,FRONT,,,,,,,,,,,,,,,,,,,,,,,,,,,,,,,,,
2115882,2f2e760468b161a739d95cbe35c5d03dd66fad2e4c55e0de6033ee5f974908feacd72003e1ee97efe35cb87e76a4a7943c68958a21554a2bcfd10745b2461821,07/27/2025 04:59:00 PM,2,DRIVER,,2017087,,NISSAN,SENTRA,IL,2013,NONE,PASSENGER,PERSONAL,W,STRAIGHT AHEAD,,,1,,,,,,,,,Y,Y,Y,,,,,Y,,REAR,,,,,,,,,,,,,,,,,,,,,,,,,,,,,,,,,
2115883,2f2e760468b161a739d95cbe35c5d03dd66fad2e4c55e0de6033ee5f974908feacd72003e1ee97efe35cb87e76a4a7943c68958a21554a2bcfd10745b2461821,07/27/2025 04:59:00 PM,3,DRIVER,,2017090,,TOYOTA,AVALON,,2014,NONE,PASSENGER,PERSONAL,W,STRAIGHT AHEAD,,,1,,,,,,,,,Y,Y,Y,,,,,,,TOTAL (ALL AREAS),,,,,,,,,,,,,,,,,,,,,,,,,,,,,,,,,
2115906,2f2e760468b161a739d95cbe35c5d03dd66fad2e4c55e0de6033ee5f974908feacd72003e1ee97efe35cb87e76a4a7943c68958a21554a2bcfd10745b2461821,07/27/2025 04:59:00 PM,4,DRIVER,,2017098,,KIA,OTHER (EXPLAIN IN NARRATIVE),IL,,NONE,PASSENGER,PERSONAL,W,STRAIGHT AHEAD,,,1,,,,,,,,,,Y,,,,,,,,REAR,,,,,,,,,,,,,,,,,,,,,,,,,,,,,,,,,
2115797,e14176cdade30da2c4f9b1f37d88d6f197497185f41a36e2298150f6f9836a23131103b28cc6a5d2465878309fe4a88e3cc65775b2cfc76278f4b295e2dd77f6,07/27/2025 04:55:00 PM,1,DRIVER,,2017012,,FORD,F150,,,UNKNOWN,PICKUP,UNKNOWN/NA,S,BACKING,,,1,,,,,,,Y,Y,Y,Y,,,,,,,,REAR-RIGHT-CORNER,,,,,,,,,,,,,,,,,,,,,,,,,,,,,,,,,
2115798,e14176cdade30da2c4f9b1f37d88d6f197497185f41a36e2298150f6f9836a23131103b28cc6a5d2465878309fe4a88e3cc65775b2cfc76278f4b295e2dd77f6,07/27/2025 04:55:00 PM,2,PARKED,,2017015,,CHEVROLET,TRAIL BLAZER,IL,2021,NONE,SPORT UTILITY VEHICLE (SUV),NOT IN USE,N,PARKED,,,0,,,,,Y,,,,,,,,,,Y,Y,,FRONT,,,,,,,,,,,,,,,,,,,,,,,,,,,,,,,,,
2115757,eb0f9b62826d003cf1b551e12e8cb357920127c6678366e75c9c9be94a08f033d5bd2372135664eff61029a900efdb1a787d573bbc16d2701002c6f6d9f2f293,07/27/2025 04:55:00 PM,1,DRIVER,,2016966,,HONDA,CR-V,,2024,UNKNOWN,SPORT UTILITY VEHICLE (SUV),UNKNOWN/NA,N,TURNING LEFT,,,1,,,,,Y,Y,,,,,,,,,,Y,,FRONT-RIGHT-CORNER,,,,,,,,,,,,,,,,,,,,,,,,,,,,,,,,,
2115758,eb0f9b62826d003cf1b551e12e8cb357920127c6678366e75c9c9be94a08f033d5bd2372135664eff61029a900efdb1a787d573bbc16d2701002c6f6d9f2f293,07/27/2025 04:55:00 PM,2,DRIVER,1,2016970,,TOYOTA,CAMRY,,,UNKNOWN,PASSENGER,UNKNOWN/NA,E,STRAIGHT AHEAD,,,2,,,,,,,,Y,Y,,,,,,,,,SIDE-RIGHT-REAR,,,,,,,,,,,,,,,,,,,,,,,,,,,,,,,,,
2115743,3b2ca78bd6097142b02cf4329b5871d70a6e96206b7b341d3ec14e0b6cab7fb08b952505eb1e6e040d02b3509003e9e334d6a86dcab58e5c38494357ecd7aeb4,07/27/2025 04:52:00 PM,1,DRIVER,2,2016957,,TOYOTA,HIGHLANDER,IL,2015,UNKNOWN,SPORT UTILITY VEHICLE (SUV),PERSONAL,N,STRAIGHT AHEAD,,,3,,,,,,,,,,,,,,,,Y,,SIDE-LEFT,,,,,,,,,,,,,,,,,,,,,,,,,,,,,,,,,
2115744,3b2ca78bd6097142b02cf4329b5871d70a6e96206b7b341d3ec14e0b6cab7fb08b952505eb1e6e040d02b3509003e9e334d6a86dcab58e5c38494357ecd7aeb4,07/27/2025 04:52:00 PM,2,DRIVER,1,2016972,,HONDA,ACCORD,IL,2015,UNKNOWN,PASSENGER,PERSONAL,W,STRAIGHT AHEAD,Y,,2,,OWNER REQUEST,OWNER REQUEST,,,,,,,,,Y,Y,Y,,,,SIDE-LEFT,,,,,,,,,,,,,,,,,,,,,,,,,,,,,,,,,
2121060,ac41623fd816eefd0692acb289bb3edb5f473e8bd84d7a4d62f494dcd4c4f58f6a3431eec3e603d3b18aaddb5271437f851924fcbde1b5056d663f3532e66158,07/27/2025 04:38:00 PM,1,DRIVER,,2022010,,DODGE,JOURNEY,IL,2015,UNKNOWN,SPORT UTILITY VEHICLE (SUV),PERSONAL,NW,TURNING LEFT,,,1,,,,,Y,,,,,,,,,,,,,FRONT-RIGHT-CORNER,,,,,,,,,,,,,,,,,,,,,,,,,,,,,,,,,
2121061,ac41623fd816eefd0692acb289bb3edb5f473e8bd84d7a4d62f494dcd4c4f58f6a3431eec3e603d3b18aaddb5271437f851924fcbde1b5056d663f3532e66158,07/27/2025 04:38:00 PM,2,DRIVER,1,2022013,,TOYOTA,COROLLA,IL,2022,NONE,PASSENGER,PERSONAL,NW,STRAIGHT AHEAD,,,2,,,,,,,,,,,Y,,,,,,,REAR-LEFT-CORNER,,,,,,,,,,,,,,,,,,,,,,,,,,,,,,,,,
2115805,8f56bf3539d8256017c8bf38dab9e8731bfc5521f85083cad733ecd591f62fc051e399912985bd9665f86a0f472baae8548d74a03fa6021c3c77ff8c8d6da018,07/27/2025 04:35:00 PM,1,DRIVER,,2017016,,CHEVROLET,MALIBU,IL,2011,NONE,PASSENGER,PERSONAL,N,STRAIGHT AHEAD,,,1,,,,,,,,,,,,,,N,Y,Y,,FRONT-LEFT-CORNER,,,,,,,,,,,,,,,,,,,,,,,,,,,,,,,,,
2115806,8f56bf3539d8256017c8bf38dab9e8731bfc5521f85083cad733ecd591f62fc051e399912985bd9665f86a0f472baae8548d74a03fa6021c3c77ff8c8d6da018,07/27/2025 04:35:00 PM,2,DRIVER,,2017024,,ACURA,ADX,IN,2020,NONE,PASSENGER,PERSONAL,W,STRAIGHT AHEAD,,,1,,,,,,,,,,,Y,Y,,,,,,SIDE-LEFT-REAR,,,,,,,,,,,,,,,,,,,,,,,,,,,,,,,,,
2115759,2dfed1209adeaf2451c55f7cd935df0ed11e2dca7719ca1cc8fa527e1b6cceaf0723b0d764b673e0dd8d782beb35e8133a8dea424eaa82baace5005997b9a49c,07/27/2025 04:32:00 PM,1,DRIVER,,2017014,,HONDA,MOTORCYCLE,IL,2022,UNKNOWN,MOTORCYCLE (OVER 150CC),PERSONAL,S,STRAIGHT AHEAD,,,1,,,,,Y,Y,Y,Y,,,Y,Y,Y,Y,Y,Y,,SIDE-RIGHT,,,,,,,,,,,,,,,,,,,,,,,,,,,,,,,,,
2115760,2dfed1209adeaf2451c55f7cd935df0ed11e2dca7719ca1cc8fa527e1b6cceaf0723b0d764b673e0dd8d782beb35e8133a8dea424eaa82baace5005997b9a49c,07/27/2025 04:32:00 PM,2,DRIVER,,2017017,,NEW FLYER,D40LF,IL,2000,UNKNOWN,BUS OVER 15 PASS.,CTA,S,STRAIGHT AHEAD,,,1,,,,,,,,,,,,Y,Y,Y,Y,,,SIDE-LEFT,,,,,,,,,,,,,,,,,,,,,,,,,,,,,,,,,
2115761,2dfed1209adeaf2451c55f7cd935df0ed11e2dca7719ca1cc8fa527e1b6cceaf0723b0d764b673e0dd8d782beb35e8133a8dea424eaa82baace5005997b9a49c,07/27/2025 04:32:00 PM,3,DRIVER,,2017022,,BMW,X5,IL,2024,UNKNOWN,PASSENGER,PERSONAL,S,STRAIGHT AHEAD,,,1,,,,,,,,,,,Y,Y,,,,,,SIDE-LEFT-REAR,,,,,,,,,,,,,,,,,,,,,,,,,,,,,,,,,
2115762,2dfed1209adeaf2451c55f7cd935df0ed11e2dca7719ca1cc8fa527e1b6cceaf0723b0d764b673e0dd8d782beb35e8133a8dea424eaa82baace5005997b9a49c,07/27/2025 04:32:00 PM,4,DRIVER,,2017037,,UNKNOWN,OTHER (EXPLAIN IN NARRATIVE),IL,,UNKNOWN,UNKNOWN/NA,UNKNOWN/NA,S,STRAIGHT AHEAD,,,1,,,,,,,,,Y,Y,Y,,,,,,,REAR,,,,,,,,,,,,,,,,,,,,,,,,,,,,,,,,,
2115893,1be854ba9ef572f6f28afa825672b6d93f56d00faf8ae82899fe9346c75cf465fabf53b58bcb3611b5b95158cd01f455a683261ba03218a819fcce70cd16aa5f,07/27/2025 04:30:00 PM,1,DRIVER,,2017088,,TOYOTA,4RUNNER,IL,2025,NONE,PASSENGER,PERSONAL,N,TURNING RIGHT,,,1,,,,,,,,,,,,,,,Y,,,FRONT-LEFT-CORNER,,,,,,,,,,,,,,,,,,,,,,,,,,,,,,,,,
2115807,34bc54f7f16cf06758e4ca065be28d3a9835b989ef550fe3794d0d80e5deae6ba54db6d6e690d25ae04c68cff2e6547921a5c6d2666faee8da2dc55146f1a408,07/27/2025 04:30:00 PM,1,DRIVER,,2017019,,JEEP,LIBERTY,IL,2016,UNKNOWN,PASSENGER,PERSONAL,W,STRAIGHT AHEAD,,,1,,,,,Y,,,,,,,,,,Y,Y,,FRONT,,,,,,,,,,,,,,,,,,,,,,,,,,,,,,,,,
2115808,34bc54f7f16cf06758e4ca065be28d3a9835b989ef550fe3794d0d80e5deae6ba54db6d6e690d25ae04c68cff2e6547921a5c6d2666faee8da2dc55146f1a408,07/27/2025 04:30:00 PM,2,DRIVER,,2017028,,TOYOTA,SIENNA,IL,2022,UNKNOWN,VAN/MINI-VAN,PERSONAL,E,TURNING LEFT,,,1,,,,,,Y,Y,Y,,,,,,,,,,SIDE-RIGHT,,,,,,,,,,,,,,,,,,,,,,,,,,,,,,,,,
2115708,c8287b5ea29f6311d38207565b962d9eb0e3144744ee27fa0937c9e6a4dd065e56fce5b8779b0108401f8ff2302a4a6354f9f0745d1829aba9cdc082aa9c5594,07/27/2025 04:30:00 PM,1,DRIVER,,2016919,,TOYOTA,CAMRY,IL,2010,NONE,PASSENGER,PERSONAL,W,STRAIGHT AHEAD,,,1,,,,,,,,,,,,,,,Y,Y,,FRONT-LEFT-CORNER,,,,,,,,,,,,,,,,,,,,,,,,,,,,,,,,,
2115709,c8287b5ea29f6311d38207565b962d9eb0e3144744ee27fa0937c9e6a4dd065e56fce5b8779b0108401f8ff2302a4a6354f9f0745d1829aba9cdc082aa9c5594,07/27/2025 04:30:00 PM,2,DRIVER,1,2016924,,NISSAN,JUKE,IL,2017,NONE,PASSENGER,PERSONAL,W,STRAIGHT AHEAD,,,2,,,,,,,,,Y,Y,Y,,,,,,,REAR-RIGHT-CORNER,,,,,,,,,,,,,,,,,,,,,,,,,,,,,,,,,
2116299,d1581d2fa89a497757b0c2eeaa07a6e144e094a88a2c297045130cfe5ee2a72c95dcc83de5bf74b3816422ed76a97961e1c69dfa1a36e394bbd17f263dd46402,07/27/2025 04:30:00 PM,1,DRIVER,,2017480,,LEXUS,ES300,IN,2002,UNKNOWN,PASSENGER,PERSONAL,W,STRAIGHT AHEAD,,,1,,,,,Y,,,,,,,,,,Y,Y,,FRONT,,,,,,,,,,,,,,,,,,,,,,,,,,,,,,,,,
2116300,d1581d2fa89a497757b0c2eeaa07a6e144e094a88a2c297045130cfe5ee2a72c95dcc83de5bf74b3816422ed76a97961e1c69dfa1a36e394bbd17f263dd46402,07/27/2025 04:30:00 PM,2,DRIVER,,2017485,,HONDA,HR-V,IL,2025,NONE,PASSENGER,PERSONAL,W,STRAIGHT AHEAD,,,1,,,,,,,,,Y,Y,Y,,,,,,,REAR,,,,,,,,,,,,,,,,,,,,,,,,,,,,,,,,,
2115750,63416bc3d4373f2631bf95777e7a403b5dcb07ee16bb5cd6f838014c82b01bad9d2db3f919662b2b5d6fcab40fb53dc2e43843347ca0b0b5a2e8555c3e10b1e4,07/27/2025 04:29:00 PM,1,DRIVER,1,2016989,,CHEVROLET,EQUINOX,IL,2013,NONE,PASSENGER,PERSONAL,W,STRAIGHT AHEAD,Y,,2,,CHICAGO TOW,702 N SACRAMENTO,,Y,Y,,,,,,,,Y,Y,Y,,FRONT,,,,,,,,,,,,,,,,,,,,,,,,,,,,,,,,,
2115751,63416bc3d4373f2631bf95777e7a403b5dcb07ee16bb5cd6f838014c82b01bad9d2db3f919662b2b5d6fcab40fb53dc2e43843347ca0b0b5a2e8555c3e10b1e4,07/27/2025 04:29:00 PM,2,DRIVER,2,2016994,,HONDA,ELEMENT,IL,2005,NONE,PASSENGER,PERSONAL,W,STRAIGHT AHEAD,,,3,,,,,Y,,,,,,,,,Y,Y,Y,,FRONT,,,,,,,,,,,,,,,,,,,,,,,,,,,,,,,,,
2115752,63416bc3d4373f2631bf95777e7a403b5dcb07ee16bb5cd6f838014c82b01bad9d2db3f919662b2b5d6fcab40fb53dc2e43843347ca0b0b5a2e8555c3e10b1e4,07/27/2025 04:29:00 PM,3,PARKED,,2016995,,JEEP,LIBERTY,IL,2004,NONE,PASSENGER,PERSONAL,W,PARKED,,,0,,,,,,,,,,Y,Y,,,,,,,REAR-LEFT-CORNER,,,,,,,,,,,,,,,,,,,,,,,,,,,,,,,,,
2115779,f4feb5640946268653ed527add23b3b325645b435ddc9c8516beae44a92dd3576825a0d243a24d95bf74e387d48fa78b3b1bc77d29102d45d7c28a22bed48a26,07/27/2025 04:29:00 PM,1,DRIVER,,2016991,,FORD,FIESTA,IL,2014,UNKNOWN,PASSENGER,PERSONAL,E,UNKNOWN/NA,Y,,1,,cpd,10301 s doty ave chicago il,,Y,Y,,,,,,,,,,,,FRONT-RIGHT-CORNER,,,,,,,,,,,,,,,,,,,,,,,,,,,,,,,,,
2115780,f4feb5640946268653ed527add23b3b325645b435ddc9c8516beae44a92dd3576825a0d243a24d95bf74e387d48fa78b3b1bc77d29102d45d7c28a22bed48a26,07/27/2025 04:29:00 PM,2,PARKED,,2016996,,ACURA,RLX,IL,2021,UNKNOWN,SPORT UTILITY VEHICLE (SUV),PERSONAL,E,PARKED,,,0,,,,,,,,,,Y,Y,Y,,,,,,REAR-LEFT-CORNER,,,,,,,,,,,,,,,,,,,,,,,,,,,,,,,,,
2115714,6516eca709988e450653e3b14a8c180e61ecc20f43f26234d9507ae6e04c092771f6748ee2e4e63c6565b31ef89e04ddf915e68a96ce4f9a84053c5fd4306a92,07/27/2025 04:26:00 PM,2,DRIVER,,2016929,,FORD,EXPLORER,IL,2006,UNKNOWN,PASSENGER,PERSONAL,S,PASSING/OVERTAKING,,,1,,,,,Y,Y,,,,,,,,,,Y,Y,FRONT-RIGHT-CORNER,,,,,,,,,,,,,,,,,,,,,,,,,,,,,,,,,
2115715,6516eca709988e450653e3b14a8c180e61ecc20f43f26234d9507ae6e04c092771f6748ee2e4e63c6565b31ef89e04ddf915e68a96ce4f9a84053c5fd4306a92,07/27/2025 04:26:00 PM,1,PARKED,,2016934,,JEEP,PATRIOT,IL,2017,UNKNOWN,PASSENGER,PERSONAL,S,PARKED,,,0,,,,,,,,,,,Y,Y,Y,,,,Y,SIDE-LEFT,,,,,,,,,,,,,,,,,,,,,,,,,,,,,,,,,