CRASH_UNIT_ID,CRASH_RECORD_ID,CRASH_DATE,UNIT_NO,UNIT_TYPE,NUM_PASSENGERS,VEHICLE_ID,CMRC_VEH_I,MAKE,MODEL,LIC_PLATE_STATE,VEHICLE_YEAR,VEHICLE_DEFECT,VEHICLE_TYPE,VEHICLE_USE,TRAVEL_DIRECTION,MANEUVER,TOWED_I,FIRE_I,OCCUPANT_CNT,EXCEED_SPEED_LIMIT_I,TOWED_BY,TOWED_TO,AREA_00_I,AREA_01_I,AREA_02_I,AREA_03_I,AREA_04_I,AREA_05_I,AREA_06_I,AREA_07_I,AREA_08_I,AREA_09_I,AREA_10_I,AREA_11_I,AREA_12_I,AREA_99_I,FIRST_CONTACT_POINT,CMV_ID,USDOT_NO,CCMC_NO,ILCC_NO,COMMERCIAL_SRC,GVWR,CARRIER_NAME,CARRIER_STATE,CARRIER_CITY,HAZMAT_PLACARDS_I,HAZMAT_NAME,UN_NO,HAZMAT_PRESENT_I,HAZMAT_REPORT_I,HAZMAT_REPORT_NO,MCS_REPORT_I,MCS_REPORT_NO,HAZMAT_VIO_CAUSE_CRASH_I,MCS_VIO_CAUSE_CRASH_I,IDOT_PERMIT_NO,WIDE_LOAD_I,TRAILER1_WIDTH,TRAILER2_WIDTH,TRAILER1_LENGTH,TRAILER2_LENGTH,TOTAL_VEHICLE_LENGTH,AXLE_CNT,VEHICLE_CONFIG,CARGO_BODY_TYPE,LOAD_TYPE,HAZMAT_OUT_OF_SERVICE_I,MCS_OUT_OF_SERVICE_I,HAZMAT_CLASS
2115726,9d9516c46455653d220b2e43b60569413d6aa418a251d066ba29764388f6e39d9d7ef674d262fa6899700d56745eb5480d4abc5fbbe9edeac556035df8e178c0,07/27/2025 04:21:00 PM,1,DRIVER,3,2016935,,NISSAN,MURANO,IL,2009,NONE,SPORT UTILITY VEHICLE (SUV),PERSONAL,N,STRAIGHT AHEAD,,,4,,,,,Y,,,,,,,,,,Y,Y,,FRONT,,,,,,,,,,,,,,,,,,,,,,,,,,,,,,,,,
2115727,9d9516c46455653d220b2e43b60569413d6aa418a251d066ba29764388f6e39d9d7ef674d262fa6899700d56745eb5480d4abc5fbbe9edeac556035df8e178c0,07/27/2025 04:21:00 PM,2,DRIVER,,2016942,,BMW,530I,IL,2018,NONE,PASSENGER,PERSONAL,W,STRAIGHT AHEAD,,,1,,,,,,,,,,,,,Y,Y,Y,Y,,SIDE-LEFT-FRONT,,,,,,,,,,,,,,,,,,,,,,,,,,,,,,,,,
2115732,eb9a0ec354f348543aedca89c825ebe8df2f5ba37ebcc17abd58066952a5b7cf6f876cc0301accaa9585301a969e22776e58bd54722b2864c384fa1a974039de,07/27/2025 04:10:00 PM,1,DRIVER,,2016955,,DODGE,OTHER (EXPLAIN IN NARRATIVE),IL,2003,UNKNOWN,PICKUP,PERSONAL,N,STARTING IN TRAFFIC,,,1,,,,,,,,,,,,,,,,,,NONE,,,,,,,,,,,,,,,,,,,,,,,,,,,,,,,,,
2115733,eb9a0ec354f348543aedca89c825ebe8df2f5ba37ebcc17abd58066952a5b7cf6f876cc0301accaa9585301a969e22776e58bd54722b2864c384fa1a974039de,07/27/2025 04:10:00 PM,2,DRIVER,1,2016960,,NISSAN,SENTRA,IL,2021,UNKNOWN,PASSENGER,PERSONAL,N,STRAIGHT AHEAD,,,2,,,,,,,,,,,,Y,Y,Y,Y,,,SIDE-LEFT-FRONT,,,,,,,,,,,,,,,,,,,,,,,,,,,,,,,,,
2115739,0f03ff5b043099eae0462bcf01ea1366586b812f47beb513df20ff1f942ccb5795a814307b136e49c95ccc440c94c0f6cffa596f45aecef24f4659a9c67b1669,07/27/2025 04:09:00 PM,1,DRIVER,,2016948,,UNKNOWN,OTHER (EXPLAIN IN NARRATIVE),IL,,UNKNOWN,PICKUP,UNKNOWN/NA,UNKNOWN,BACKING,,,1,,,,,,,,,,,,,,,,,,UNKNOWN,,,,,,,,,,,,,,,,,,,,,,,,,,,,,,,,,
2115745,0f03ff5b043099eae0462bcf01ea1366586b812f47beb513df20ff1f942ccb5795a814307b136e49c95ccc440c94c0f6cffa596f45aecef24f4659a9c67b1669,07/27/2025 04:09:00 PM,2,DRIVER,,2016952,,TOYOTA,CAMRY,IL,2012,NONE,PASSENGER,PERSONAL,S,STRAIGHT AHEAD,,,1,,,,,Y,,,,,,,,,,,,,SIDE-RIGHT-FRONT,,,,,,,,,,,,,,,,,,,,,,,,,,,,,,,,,
2117010,c91501f0beb25e8ba5a85f8b5884994f51bc9758f18b66c175e524cc105b4b87118bd9b2f455b3d1747356a39cc99e00e671791920de05b89eeb50b9e4eb66cc,07/27/2025 04:09:00 PM,1,DRIVER,,2018166,,UNKNOWN,OTHER (EXPLAIN IN NARRATIVE),,,UNKNOWN,UNKNOWN/NA,UNKNOWN/NA,E,UNKNOWN/NA,,,1,,,,,,,,,,,,,,,,,Y,UNKNOWN,,,,,,,,,,,,,,,,,,,,,,,,,,,,,,,,,
2117011,c91501f0beb25e8ba5a85f8b5884994f51bc9758f18b66c175e524cc105b4b87118bd9b2f455b3d1747356a39cc99e00e671791920de05b89eeb50b9e4eb66cc,07/27/2025 04:09:00 PM,2,PARKED,,2018179,,KIA,SOUL,IL,2015,NONE,PASSENGER,PERSONAL,UNKNOWN,PARKED,,,0,,,,,,,,,N,Y,Y,,,,,,,REAR-LEFT-CORNER,,,,,,,,,,,,,,,,,,,,,,,,,,,,,,,,,
2115712,61ba13545f28cf48ba251049f921c95544720fd2cea83e3329ab08e35ab9583695861d7ffdf0dd3f455d3a74056531bafffe5087cbec64ae4fc4a0585514045f,07/27/2025 04:07:00 PM,1,DRIVER,,2016922,,NISSAN,KICKS,IL,2020,UNKNOWN,PASSENGER,PERSONAL,N,STRAIGHT AHEAD,Y,,1,,PROGRESVE INSURANCE TOW,unknown,,,,,,,,,,Y,Y,Y,,,FRONT-LEFT-CORNER,,,,,,,,,,,,,,,,,,,,,,,,,,,,,,,,,
2115713,61ba13545f28cf48ba251049f921c95544720fd2cea83e3329ab08e35ab9583695861d7ffdf0dd3f455d3a74056531bafffe5087cbec64ae4fc4a0585514045f,07/27/2025 04:07:00 PM,2,DRIVER,,2016930,,NISSAN,SENTRA,IL,2013,UNKNOWN,PASSENGER,PERSONAL,E,STRAIGHT AHEAD,,,1,,,,,Y,,,,,,,,,,Y,Y,,FRONT,,,,,,,,,,,,,,,,,,,,,,,,,,,,,,,,,
2115734,6f1471453d723d36a0d3939e93d1a4f8fbccd8717e7a3ddfbdc03c5d7766ba8f73a6ab73b4de1b252dfb788ee43ea9ebb934024cd44746ef7be1b06f8ef3c8c4,07/27/2025 04:03:00 PM,1,DRIVER,1,2016944,,TOYOTA,AVALON,IL,2009,UNKNOWN,PASSENGER,PERSONAL,S,TURNING RIGHT,,,2,,,,,Y,,,,,,,,,,Y,Y,,FRONT,,,,,,,,,,,,,,,,,,,,,,,,,,,,,,,,,
2115735,6f1471453d723d36a0d3939e93d1a4f8fbccd8717e7a3ddfbdc03c5d7766ba8f73a6ab73b4de1b252dfb788ee43ea9ebb934024cd44746ef7be1b06f8ef3c8c4,07/27/2025 04:03:00 PM,2,DRIVER,1,2016947,,TESLA,MODEL Y,IL,2023,UNKNOWN,PASSENGER,PERSONAL,SE,TURNING LEFT,,,2,,,,,,,,,Y,Y,,,,,,,,REAR,,,,,,,,,,,,,,,,,,,,,,,,,,,,,,,,,
2115753,864bfb350a46cb29866d8db604a11f5f95c2bbbe6ff50841e587896b21aaa57af90d4ca713593a56dc538877e358a9d98f2b0699af01120a617b17e4b573bf96,07/27/2025 03:50:00 PM,1,DRIVER,,2016971,,HONDA,ACCORD,IL,2018,UNKNOWN,PASSENGER,PERSONAL,E,TURNING LEFT,,,1,,,,,Y,,,,,,,,,,Y,Y,,FRONT,,,,,,,,,,,,,,,,,,,,,,,,,,,,,,,,,
2115754,864bfb350a46cb29866d8db604a11f5f95c2bbbe6ff50841e587896b21aaa57af90d4ca713593a56dc538877e358a9d98f2b0699af01120a617b17e4b573bf96,07/27/2025 03:50:00 PM,2,DRIVER,,2016975,,CHEVROLET,BLAZER,IL,2023,NONE,PASSENGER,PERSONAL,W,STRAIGHT AHEAD,,,1,,,,,,,,,,,,Y,Y,Y,,,,SIDE-LEFT,,,,,,,,,,,,,,,,,,,,,,,,,,,,,,,,,
2116452,df5f5d8070e491c77d0ecb4ad37ada978f1855dea32c8539e2568e16f08942e52f54b88bd51d7413e45b4b9146b00bfccd51f746f729164bf203eeb979668d42,07/27/2025 03:50:00 PM,1,DRIVER,1,2017619,,CADILLAC,ATS,IL,2013,UNKNOWN,UNKNOWN/NA,UNKNOWN/NA,UNKNOWN,UNKNOWN/NA,,,2,,,,,Y,,,,,,,,,,,,,FRONT,,,,,,,,,,,,,,,,,,,,,,,,,,,,,,,,,
2116453,df5f5d8070e491c77d0ecb4ad37ada978f1855dea32c8539e2568e16f08942e52f54b88bd51d7413e45b4b9146b00bfccd51f746f729164bf203eeb979668d42,07/27/2025 03:50:00 PM,2,DRIVER,2,2017620,,GENERAL MOTORS CORPORATION (GMC),OTHER (EXPLAIN IN NARRATIVE),IL,2017,UNKNOWN,UNKNOWN/NA,UNKNOWN/NA,UNKNOWN,UNKNOWN/NA,,,3,,,,,,,,,,,Y,Y,Y,Y,Y,,,SIDE-LEFT,,,,,,,,,,,,,,,,,,,,,,,,,,,,,,,,,
2116068,981597e0ca94dfd018e9e2c5ac29ca9b85ed1bf3f38833a05eecb2edf407b6086dd9210e36b0d690d3e2f44489cf1569a1a985dab137efde24788a8a3f4e44cc,07/27/2025 03:47:00 PM,1,DRIVER,,2017262,,UNKNOWN,OTHER (EXPLAIN IN NARRATIVE),,,UNKNOWN,PASSENGER,UNKNOWN/NA,E,STRAIGHT AHEAD,,,1,,,,,,,,,,,,N,N,N,N,,Y,SIDE-LEFT,,,,,,,,,,,,,,,,,,,,,,,,,,,,,,,,,
2116069,981597e0ca94dfd018e9e2c5ac29ca9b85ed1bf3f38833a05eecb2edf407b6086dd9210e36b0d690d3e2f44489cf1569a1a985dab137efde24788a8a3f4e44cc,07/27/2025 03:47:00 PM,2,DRIVER,,2017270,,HONDA,CIVIC,IL,2018,NONE,PASSENGER,PERSONAL,E,STRAIGHT AHEAD,,,1,,,,,Y,Y,,,,,,,,,,,,FRONT-RIGHT-CORNER,,,,,,,,,,,,,,,,,,,,,,,,,,,,,,,,,
2115728,38c1f37d47f3ff10c2bcd212060a1ca8ff57a84b35fda67edb52cc51219f2bda831b87283f9aebe9c8d86e8a76b0f5a8ad32e303960e866d060fe2c327753063,07/27/2025 03:45:00 PM,1,DRIVER,,2016956,,CHRYSLER,TOWN & COUNTRY,IL,2015,NONE,VAN/MINI-VAN,PERSONAL,E,BACKING,,,1,,,,,,,,,,,,,,,,,,REAR,,,,,,,,,,,,,,,,,,,,,,,,,,,,,,,,,
2115729,38c1f37d47f3ff10c2bcd212060a1ca8ff57a84b35fda67edb52cc51219f2bda831b87283f9aebe9c8d86e8a76b0f5a8ad32e303960e866d060fe2c327753063,07/27/2025 03:45:00 PM,2,DRIVER,1,2016962,,MAZDA,CX-30,IL,2011,NONE,SPORT UTILITY VEHICLE (SUV),PERSONAL,W,STRAIGHT AHEAD,,,2,,,,,,,,,,,,,,,,,,FRONT,,,,,,,,,,,,,,,,,,,,,,,,,,,,,,,,,
2115718,a19ba1c86bb080480ca7b9cb5991a1d4ed35097311d0c8dade858443b34593b74de2ff1c57f90b987396190fa1366943f944e76ea76ef0289f0a9eef21683708,07/27/2025 03:45:00 PM,1,DRIVER,,2016931,,UNKNOWN,OTHER (EXPLAIN IN NARRATIVE),,,UNKNOWN,UNKNOWN/NA,UNKNOWN/NA,S,UNKNOWN/NA,,,1,,,,,,,,,,,,,,,,,Y,UNKNOWN,,,,,,,,,,,,,,,,,,,,,,,,,,,,,,,,,
2115719,a19ba1c86bb080480ca7b9cb5991a1d4ed35097311d0c8dade858443b34593b74de2ff1c57f90b987396190fa1366943f944e76ea76ef0289f0a9eef21683708,07/27/2025 03:45:00 PM,2,DRIVER,,2016936,,JEEP,COMMANDER,IN,2006,UNKNOWN,PASSENGER,PERSONAL,S,STRAIGHT AHEAD,,,1,,,,,Y,,,,,,,,,,Y,Y,,FRONT,,,,,,,,,,,,,,,,,,,,,,,,,,,,,,,,,
2115720,a19ba1c86bb080480ca7b9cb5991a1d4ed35097311d0c8dade858443b34593b74de2ff1c57f90b987396190fa1366943f944e76ea76ef0289f0a9eef21683708,07/27/2025 03:45:00 PM,3,DRIVER,2,2016943,,CHEVROLET,SILVERADO,OH,,UNKNOWN,PICKUP,OTHER,S,SLOW/STOP IN TRAFFIC,,,3,,,,,,,,,Y,Y,Y,,,,,,,REAR,,,,,,,,,,,,,,,,,,,,,,,,,,,,,,,,,
2115721,a19ba1c86bb080480ca7b9cb5991a1d4ed35097311d0c8dade858443b34593b74de2ff1c57f90b987396190fa1366943f944e76ea76ef0289f0a9eef21683708,07/27/2025 03:45:00 PM,4,DRIVER,,2016953,,TOYOTA,COROLLA,VA,,UNKNOWN,PASSENGER,PERSONAL,N,SLOW/STOP IN TRAFFIC,,,1,,,,,,,,,Y,Y,Y,,,,,,,REAR,,,,,,,,,,,,,,,,,,,,,,,,,,,,,,,,,
2115688,b7235f731f6fbd164661cc3417356c7d594e1d2c44b219dec4777b942cdda9be5402689ca9248e8430fa64b732084d083d4ddb96cf37aa950afed71f66b33583,07/27/2025 03:45:00 PM,1,DRIVER,1,2016900,,NISSAN,SENTRA,IL,2023,NONE,PASSENGER,PERSONAL,W,STRAIGHT AHEAD,,,2,,,,,,,,,,,,,Y,Y,,,,SIDE-LEFT,,,,,,,,,,,,,,,,,,,,,,,,,,,,,,,,,
2115689,b7235f731f6fbd164661cc3417356c7d594e1d2c44b219dec4777b942cdda9be5402689ca9248e8430fa64b732084d083d4ddb96cf37aa950afed71f66b33583,07/27/2025 03:45:00 PM,2,DRIVER,,2016915,,CHEVROLET,SILVERADO,IL,2004,NONE,PICKUP,PERSONAL,W,STRAIGHT AHEAD,,,1,,,,,,Y,Y,,,,,,,,,,,SIDE-RIGHT,,,,,,,,,,,,,,,,,,,,,,,,,,,,,,,,,
2115694,d2b9b317309e40299a6c9729b9c717559b442a5e7125d4e48d7d42fd5fa3c49868ef8aced3b4539981b06026943bdd77d39cef3fdb24d32149aa543925d98047,07/27/2025 03:45:00 PM,1,DRIVER,,2016903,,JEEP,GRAND CHEROKEE,IL,2017,UNKNOWN,PASSENGER,PERSONAL,E,STRAIGHT AHEAD,,,1,,,,,,,,,,,,,,,,,,FRONT,,,,,,,,,,,,,,,,,,,,,,,,,,,,,,,,,
2115695,d2b9b317309e40299a6c9729b9c717559b442a5e7125d4e48d7d42fd5fa3c49868ef8aced3b4539981b06026943bdd77d39cef3fdb24d32149aa543925d98047,07/27/2025 03:45:00 PM,2,DRIVER,,2016916,,HONDA,ACCORD,IL,2012,UNKNOWN,PASSENGER,PERSONAL,E,STRAIGHT AHEAD,,,1,,,,,,,,,,,,,,,,,,REAR,,,,,,,,,,,,,,,,,,,,,,,,,,,,,,,,,
2115696,5b956ac0d7281aad4150d8275fa4719a10ecbe778fb283708c473216ea1a21476865cbb1297b15508dbfb1d079035ae009050388ae8a5f88d49172c9a5c2f886,07/27/2025 03:40:00 PM,1,DRIVER,,2016904,,NISSAN,PATHFINDER,IL,2020,UNKNOWN,SPORT UTILITY VEHICLE (SUV),PERSONAL,SW,OTHER,,,1,,,,,,Y,Y,,,,,,,,,,,SIDE-RIGHT,,,,,,,,,,,,,,,,,,,,,,,,,,,,,,,,,
2115697,5b956ac0d7281aad4150d8275fa4719a10ecbe778fb283708c473216ea1a21476865cbb1297b15508dbfb1d079035ae009050388ae8a5f88d49172c9a5c2f886,07/27/2025 03:40:00 PM,2,PARKED,,2016910,,HONDA,CIVIC,IL,2017,NONE,PASSENGER,PERSONAL,S,PARKED,,,0,,,,,,,,,,,,,,,Y,,,FRONT-LEFT-CORNER,,,,,,,,,,,,,,,,,,,,,,,,,,,,,,,,,
2115706,e0cab93907a3ee90a01167619d77a2755504db19431ba37423d6f909bfc3df863e883849f237327252e6dcfb237474dba6002421d18e48bd76ba4c6a021fce4c,07/27/2025 03:39:00 PM,1,DRIVER,,2016932,,MINI,COOPER,MA,2011,NONE,PASSENGER,PERSONAL,N,STRAIGHT AHEAD,Y,,1,,PRIVATE TOW,UNKNOQN,,,,,,,,,,,,,Y,,FRONT,,,,,,,,,,,,,,,,,,,,,,,,,,,,,,,,,
2115707,e0cab93907a3ee90a01167619d77a2755504db19431ba37423d6f909bfc3df863e883849f237327252e6dcfb237474dba6002421d18e48bd76ba4c6a021fce4c,07/27/2025 03:39:00 PM,2,DRIVER,,2016939,,TOYOTA,CAMRY,IL,2019,NONE,PASSENGER,PERSONAL,N,STRAIGHT AHEAD,,,1,,,,,,,,,,Y,,,,,,,,REAR,,,,,,,,,,,,,,,,,,,,,,,,,,,,,,,,,
2115681,7da7e0ba39e28963779c4108b26d43ccb31a4deb182aaa9bea9308777612b0deb547a8b75d9b4a6be9a044d9e6012beec89b66602a5693e1e609af173fbfe884,07/27/2025 03:33:00 PM,1,DRIVER,1,2016902,,SUBARU,OTHER (EXPLAIN IN NARRATIVE),IL,2025,NONE,PASSENGER,PERSONAL,S,TURNING RIGHT,,,2,,,,,Y,Y,Y,,,,,,,,,,,SIDE-RIGHT-FRONT,,,,,,,,,,,,,,,,,,,,,,,,,,,,,,,,,
2115682,7da7e0ba39e28963779c4108b26d43ccb31a4deb182aaa9bea9308777612b0deb547a8b75d9b4a6be9a044d9e6012beec89b66602a5693e1e609af173fbfe884,07/27/2025 03:33:00 PM,2,DRIVER,,2016912,,INFINITI,Q50,IL,2020,NONE,PASSENGER,PERSONAL,S,TURNING RIGHT,,,1,,,,,,,,,,,,,,Y,Y,,,FRONT-LEFT-CORNER,,,,,,,,,,,,,,,,,,,,,,,,,,,,,,,,,
2116793,24633b4d8b9f31e4f5a22d4fc2e0216b76ae0236ce6b346b934421c2b9675463ce99684b38c22a3b5d9f394364b7cfcc8a06b8a4d5bae0c52ab4aad15bd447ee,07/27/2025 03:30:00 PM,1,DRIVER,,2017970,,FORD,EXPLORER,IL,2025,NONE,PASSENGER,PERSONAL,E,STRAIGHT AHEAD,,,1,,,,,,,Y,,,,,,,,,,,SIDE-RIGHT,,,,,,,,,,,,,,,,,,,,,,,,,,,,,,,,,
2115738,4ab9d67023719e132f7ef4a24272876094635c07426fa24d219e42ee363d49a301ab4605ced5bfe266787dc4cccbf5442e073d5e8927799223050bd2c0e3bb51,07/27/2025 03:30:00 PM,1,DRIVER,,2016963,,UNKNOWN,OTHER (EXPLAIN IN NARRATIVE),,,UNKNOWN,UNKNOWN/NA,UNKNOWN/NA,E,STRAIGHT AHEAD,,,1,,,,,Y,,,,,,,,,,Y,Y,,FRONT,,,,,,,,,,,,,,,,,,,,,,,,,,,,,,,,,
2115771,4ab9d67023719e132f7ef4a24272876094635c07426fa24d219e42ee363d49a301ab4605ced5bfe266787dc4cccbf5442e073d5e8927799223050bd2c0e3bb51,07/27/2025 03:30:00 PM,2,NON-MOTOR VEHICLE,,,,,,,,,,,,,,,,,,,,,,,,,,,,,,,,,,,,,,,,,,,,,,,,,,,,,,,,,,,,,,,,,,
2115781,4ab9d67023719e132f7ef4a24272876094635c07426fa24d219e42ee363d49a301ab4605ced5bfe266787dc4cccbf5442e073d5e8927799223050bd2c0e3bb51,07/27/2025 03:30:00 PM,3,NON-MOTOR VEHICLE,,,,,,,,,,,,,,,,,,,,,,,,,,,,,,,,,,,,,,,,,,,,,,,,,,,,,,,,,,,,,,,,,,
2116146,abf5d59a0dcbbce485650967789ddd4071bccbadcfc476020e62e8a91663ac910ef06678f51881eef49f78b138b4a61756f643ce736fd730972a994cd7166b88,07/27/2025 03:30:00 PM,1,DRIVER,,2017335,,FORD,FUSION,IL,2017,UNKNOWN,PASSENGER,UNKNOWN/NA,W,STRAIGHT AHEAD,,,1,,,,,,,,,,,,,,,Y,Y,,FRONT,,,,,,,,,,,,,,,,,,,,,,,,,,,,,,,,,
2116147,abf5d59a0dcbbce485650967789ddd4071bccbadcfc476020e62e8a91663ac910ef06678f51881eef49f78b138b4a61756f643ce736fd730972a994cd7166b88,07/27/2025 03:30:00 PM,2,DRIVER,,2017338,,VOLKSWAGEN,JETTA,IL,2012,NONE,PASSENGER,PERSONAL,W,STRAIGHT AHEAD,,,1,,,,,,,,,,Y,,,,,,,,REAR,,,,,,,,,,,,,,,,,,,,,,,,,,,,,,,,,
2115740,adf84e59e27e8ac00af465906ede08f0478130eae2111fe1fe146e5324a9bbc12761aedc31fed0a1bcd00fe7d5b39cd06ef0043894e37afd788c8c0cbd8003bc,07/27/2025 03:30:00 PM,1,DRIVER,,2016958,,FORD,FUSION,IL,2012,UNKNOWN,PASSENGER,PERSONAL,NW,OTHER,,,1,,,,,Y,Y,Y,Y,Y,,,,,,Y,Y,,FRONT,,,,,,,,,,,,,,,,,,,,,,,,,,,,,,,,,
2133401,b27481dc06b7598942fa8b93ce85ef8864edac30313d6e87fd8705d12b46f6d711a46546a9dceb3ea71912786cc4597ec41f13ce64b13b263410eb11a5b173ff,07/27/2025 03:30:00 PM,1,DRIVER,,2033722,,NISSAN,FRONTIER,,2002,NONE,PICKUP,PERSONAL,S,STRAIGHT AHEAD,,,1,,,,,,,,,,,,,,,,Y,,FRONT,,,,,,,,,,,,,,,,,,,,,,,,,,,,,,,,,
2133402,b27481dc06b7598942fa8b93ce85ef8864edac30313d6e87fd8705d12b46f6d711a46546a9dceb3ea71912786cc4597ec41f13ce64b13b263410eb11a5b173ff,07/27/2025 03:30:00 PM,2,DRIVER,,2033730,,NISSAN,PATHFINDER,IL,2020,NONE,SPORT UTILITY VEHICLE (SUV),PERSONAL,S,SLOW/STOP IN TRAFFIC,,,1,,,,,,,,,,Y,,,,,,,,REAR,,,,,,,,,,,,,,,,,,,,,,,,,,,,,,,,,
2115795,cdbcb17d4f56f76d414d3b8751ff446961990ddb4278dc2bb4f82ad3a956af9cc90755c941c376fe578f1fd9f6e65656802a5115a7da7df196151e3c2f0a43e3,07/27/2025 03:30:00 PM,1,DRIVER,,2016997,,HONDA,ODYSSEY,IL,2011,NONE,VAN/MINI-VAN,PERSONAL,E,STRAIGHT AHEAD,,,1,,,,,Y,,,,,,,,,,Y,Y,,FRONT,,,,,,,,,,,,,,,,,,,,,,,,,,,,,,,,,
2115796,cdbcb17d4f56f76d414d3b8751ff446961990ddb4278dc2bb4f82ad3a956af9cc90755c941c376fe578f1fd9f6e65656802a5115a7da7df196151e3c2f0a43e3,07/27/2025 03:30:00 PM,2,DRIVER,,2016998,,KIA,SPORTAGE,IL,2017,NONE,SPORT UTILITY VEHICLE (SUV),PERSONAL,N,STRAIGHT AHEAD,,,1,,,,,,,,,,,Y,Y,Y,Y,Y,,,SIDE-LEFT,,,,,,,,,,,,,,,,,,,,,,,,,,,,,,,,,
2115716,ce56af8a3a65c87c4ff564528ec3636fe624437cfcb269087689e4d8efd0d95ee016ec5ee26e3e3bf0dfc1bd95ce7e278e8b7c241fdf3b58ff202a92a9d8eb1d,07/27/2025 03:30:00 PM,1,DRIVER,,2016926,,TESLA,MODEL X,IL,2019,UNKNOWN,PASSENGER,UNKNOWN/NA,E,STRAIGHT AHEAD,,,1,,,,,Y,Y,,,,,,,,,,Y,,FRONT-RIGHT-CORNER,,,,,,,,,,,,,,,,,,,,,,,,,,,,,,,,,
2115717,ce56af8a3a65c87c4ff564528ec3636fe624437cfcb269087689e4d8efd0d95ee016ec5ee26e3e3bf0dfc1bd95ce7e278e8b7c241fdf3b58ff202a92a9d8eb1d,07/27/2025 03:30:00 PM,2,PARKED,,2016927,,MAZDA,CX-5,IL,2025,NONE,PASSENGER,NOT IN USE,E,PARKED,Y,,0,,PRIVATE TOW,UNK,,Y,Y,Y,Y,,,Y,Y,Y,Y,Y,,,SIDE-LEFT,,,,,,,,,,,,,,,,,,,,,,,,,,,,,,,,,
2115868,dedc837d84cbdb2158eb6fa532481d3aa47ed81f216f93fa73996d7ed9e779da15b04627e4d9ad6a396513f8f0a8e25c9ad501c5de5551dac13cc0840b45db40,07/27/2025 03:30:00 PM,1,DRIVER,,2017074,,ACURA,ADX,IL,2024,UNKNOWN,SPORT UTILITY VEHICLE (SUV),PERSONAL,N,PASSING/OVERTAKING,,,1,,,,,,,,,,,Y,Y,,,,,,SIDE-LEFT-REAR,,,,,,,,,,,,,,,,,,,,,,,,,,,,,,,,,
2115869,dedc837d84cbdb2158eb6fa532481d3aa47ed81f216f93fa73996d7ed9e779da15b04627e4d9ad6a396513f8f0a8e25c9ad501c5de5551dac13cc0840b45db40,07/27/2025 03:30:00 PM,2,DRIVER,,2017081,,TOYOTA,CAMRY,IL,2002,UNKNOWN,PASSENGER,PERSONAL,N,STRAIGHT AHEAD,,,1,,,,,Y,Y,Y,,,,,,,,,,,FRONT-RIGHT-CORNER,,,,,,,,,,,,,,,,,,,,,,,,,,,,,,,,,
2115811,0bff73f2cf71da2347a72b005c84259cbb16e94eba2c7ec61d2f47d37660cab720e785900c8c424d45e8373eacf1e1933e903424e6b04efc0216428f6d54f953,07/27/2025 03:25:00 PM,1,DRIVER,,2017020,,UNKNOWN,OTHER (EXPLAIN IN NARRATIVE),,,NONE,OTHER,PERSONAL,S,TURNING RIGHT,,,1,,,,,,,,,,,,,,Y,Y,,,SIDE-LEFT-FRONT,,,,,,,,,,,,,,,,,,,,,,,,,,,,,,,,,
2115812,0bff73f2cf71da2347a72b005c84259cbb16e94eba2c7ec61d2f47d37660cab720e785900c8c424d45e8373eacf1e1933e903424e6b04efc0216428f6d54f953,07/27/2025 03:25:00 PM,2,DRIVER,1,2017023,,TOYOTA,RAV4,IL,,NONE,SPORT UTILITY VEHICLE (SUV),PERSONAL,W,STRAIGHT AHEAD,,,2,,,,,Y,Y,,,,,,,,,,,,SIDE-RIGHT-FRONT,,,,,,,,,,,,,,,,,,,,,,,,,,,,,,,,,
2117338,6a16e8d9a8900bcdd13c471edb3a7ac835d6caf287d6c91ef78cd07a1567504bc20d04e1bc1d30d88e1fad110b27112c61258c229740d16c59731098021bde8f,07/27/2025 03:20:00 PM,2,DRIVER,,2018429,,UNKNOWN,OTHER (EXPLAIN IN NARRATIVE),IL,,NONE,PASSENGER,PERSONAL,N,STRAIGHT AHEAD,,,1,,,,,,,,,,,,,,,,Y,,FRONT,,,,,,,,,,,,,,,,,,,,,,,,,,,,,,,,,
2117339,6a16e8d9a8900bcdd13c471edb3a7ac835d6caf287d6c91ef78cd07a1567504bc20d04e1bc1d30d88e1fad110b27112c61258c229740d16c59731098021bde8f,07/27/2025 03:20:00 PM,1,DRIVER,,2018427,,CHEVROLET,IMPALA,,2016,NONE,PASSENGER,PERSONAL,S,TURNING LEFT,,,1,,,,,,,,,,,,,,,,Y,,FRONT,,,,,,,,,,,,,,,,,,,,,,,,,,,,,,,,,
2115702,90ce04ee544a8fe68382ba11b398741b67ab6827ff04933517ec055fb13d138b3f15e57ffc7aa171335ff3a7b4388d93ac30e6f4b80da8ce3e0da990f3231d83,07/27/2025 03:17:00 PM,1,DRIVER,,2016909,,MERCEDES-BENZ,G-CLASS,IL,2016,UNKNOWN,SPORT UTILITY VEHICLE (SUV),PERSONAL,S,STRAIGHT AHEAD,,,1,,,,,Y,,,,,,,,,,,,,FRONT-RIGHT-CORNER,,,,,,,,,,,,,,,,,,,,,,,,,,,,,,,,,