CRASH_UNIT_ID,CRASH_RECORD_ID,CRASH_DATE,UNIT_NO,UNIT_TYPE,NUM_PASSENGERS,VEHICLE_ID,CMRC_VEH_I,MAKE,MODEL,LIC_PLATE_STATE,VEHICLE_YEAR,VEHICLE_DEFECT,VEHICLE_TYPE,VEHICLE_USE,TRAVEL_DIRECTION,MANEUVER,TOWED_I,FIRE_I,OCCUPANT_CNT,EXCEED_SPEED_LIMIT_I,TOWED_BY,TOWED_TO,AREA_00_I,AREA_01_I,AREA_02_I,AREA_03_I,AREA_04_I,AREA_05_I,AREA_06_I,AREA_07_I,AREA_08_I,AREA_09_I,AREA_10_I,AREA_11_I,AREA_12_I,AREA_99_I,FIRST_CONTACT_POINT,CMV_ID,USDOT_NO,CCMC_NO,ILCC_NO,COMMERCIAL_SRC,GVWR,CARRIER_NAME,CARRIER_STATE,CARRIER_CITY,HAZMAT_PLACARDS_I,HAZMAT_NAME,UN_NO,HAZMAT_PRESENT_I,HAZMAT_REPORT_I,HAZMAT_REPORT_NO,MCS_REPORT_I,MCS_REPORT_NO,HAZMAT_VIO_CAUSE_CRASH_I,MCS_VIO_CAUSE_CRASH_I,IDOT_PERMIT_NO,WIDE_LOAD_I,TRAILER1_WIDTH,TRAILER2_WIDTH,TRAILER1_LENGTH,TRAILER2_LENGTH,TOTAL_VEHICLE_LENGTH,AXLE_CNT,VEHICLE_CONFIG,CARGO_BODY_TYPE,LOAD_TYPE,HAZMAT_OUT_OF_SERVICE_I,MCS_OUT_OF_SERVICE_I,HAZMAT_CLASS
2115703,90ce04ee544a8fe68382ba11b398741b67ab6827ff04933517ec055fb13d138b3f15e57ffc7aa171335ff3a7b4388d93ac30e6f4b80da8ce3e0da990f3231d83,07/27/2025 03:17:00 PM,2,DRIVER,,2016920,,HONDA,ACCORD,IL,2018,NONE,PASSENGER,PERSONAL,S,STRAIGHT AHEAD,Y,,1,,insurance,insurance mechanic,,,,,,,Y,Y,Y,Y,Y,,,,REAR-LEFT-CORNER,,,,,,,,,,,,,,,,,,,,,,,,,,,,,,,,,
2115654,000ec35d6a9c776b0f596ffa4f20e5a58935d5c8c3ceba484dcf30664136c7a9d102c57c2bdef405fa42f6e859b173396bec1fd3cf4f322633bbafd66ef769b2,07/27/2025 03:15:00 PM,1,DRIVER,,2016884,,MAZDA,CX-9,IL,2018,NONE,SPORT UTILITY VEHICLE (SUV),PERSONAL,N,CHANGING LANES,,,1,,,,,,,,,,,,,,Y,Y,,,FRONT-LEFT-CORNER,,,,,,,,,,,,,,,,,,,,,,,,,,,,,,,,,
2115655,000ec35d6a9c776b0f596ffa4f20e5a58935d5c8c3ceba484dcf30664136c7a9d102c57c2bdef405fa42f6e859b173396bec1fd3cf4f322633bbafd66ef769b2,07/27/2025 03:15:00 PM,2,DRIVER,,2016889,,TOYOTA,SIENNA,IA,2020,NONE,VAN/MINI-VAN,PERSONAL,N,STRAIGHT AHEAD,,,1,,,,,Y,Y,Y,,,,,,,,,,,SIDE-RIGHT,,,,,,,,,,,,,,,,,,,,,,,,,,,,,,,,,
2115650,3d57597a9c69535d19523c4d20957bb3a0cb2a6755a06333c20f778ac82757a73b57ae58beab5356288b9772629a200c269cc215e986c5f011bf8a6688be4654,07/27/2025 03:15:00 PM,1,DRIVER,1,2016869,,UNKNOWN,MOTORIZED,IL,,UNKNOWN,UNKNOWN/NA,UNKNOWN/NA,E,STRAIGHT AHEAD,,,2,,,,,,,,,,,,,,,,Y,,FRONT,,,,,,,,,,,,,,,,,,,,,,,,,,,,,,,,,
2115651,3d57597a9c69535d19523c4d20957bb3a0cb2a6755a06333c20f778ac82757a73b57ae58beab5356288b9772629a200c269cc215e986c5f011bf8a6688be4654,07/27/2025 03:15:00 PM,2,DRIVER,,2016875,,JEEP,LIBERTY,IL,2012,UNKNOWN,PASSENGER,PERSONAL,N,STRAIGHT AHEAD,,,1,,,,,,,,,,,Y,Y,Y,Y,,,,TOTAL (ALL AREAS),,,,,,,,,,,,,,,,,,,,,,,,,,,,,,,,,
2115674,af3f76e397f8195aecb9d73606d0cd24497bd07de03fd29bcbd42f81b37a6c682e4412dc54dc9611a88a2bb667412e93a22b4dbcd4710e7032531a69cd3f6a6a,07/27/2025 03:15:00 PM,1,DRIVER,,2016891,,TOYOTA,HIGHLANDER,IN,2024,NONE,SPORT UTILITY VEHICLE (SUV),PERSONAL,N,CHANGING LANES,,,1,,,,,Y,,,,,,,,,,,,,FRONT-RIGHT-CORNER,,,,,,,,,,,,,,,,,,,,,,,,,,,,,,,,,
2115675,af3f76e397f8195aecb9d73606d0cd24497bd07de03fd29bcbd42f81b37a6c682e4412dc54dc9611a88a2bb667412e93a22b4dbcd4710e7032531a69cd3f6a6a,07/27/2025 03:15:00 PM,2,DRIVER,,2016895,,HYUNDAI,ELANTRA,IL,2018,NONE,PASSENGER,PERSONAL,N,STRAIGHT AHEAD,,,1,,,,,,,,,,,,,Y,,,,,SIDE-LEFT,,,,,,,,,,,,,,,,,,,,,,,,,,,,,,,,,
2116482,77667a3d73c47aaa3e859286815979b2267ffbc2acab1deb7adf1b1a0f36695632053d8a3d3edb8025b9fc4248232a3df2b0ab4baa0c4100b0beec6637063391,07/27/2025 03:13:00 PM,1,DRIVER,,2017665,,ACURA,ADX,IL,2010,UNKNOWN,PASSENGER,UNKNOWN/NA,N,STRAIGHT AHEAD,,,1,,,,,,,,,,,,,,,,,Y,FRONT,,,,,,,,,,,,,,,,,,,,,,,,,,,,,,,,,
2116483,77667a3d73c47aaa3e859286815979b2267ffbc2acab1deb7adf1b1a0f36695632053d8a3d3edb8025b9fc4248232a3df2b0ab4baa0c4100b0beec6637063391,07/27/2025 03:13:00 PM,2,DRIVER,,2017674,,HYUNDAI,ELANTRA,IL,2019,NONE,PASSENGER,PERSONAL,N,STRAIGHT AHEAD,,,1,,,,,,,,,,Y,,,,,,,,REAR,,,,,,,,,,,,,,,,,,,,,,,,,,,,,,,,,
2115685,cd01f8138393e90274b9e7e01908ea8792f5dd3c805065d4aa3b0f7b61796e868179205dc01cbe57ef12c812d10e85407bfe0878fc6284625e7bfb65e09f2519,07/27/2025 03:11:00 PM,1,DRIVER,,2016897,,BUICK,LESABRE,IL,2003,NONE,PASSENGER,PERSONAL,N,STRAIGHT AHEAD,N,,1,,,,,Y,Y,Y,Y,,,,Y,Y,Y,Y,,,FRONT,,,,,,,,,,,,,,,,,,,,,,,,,,,,,,,,,
2115676,3afcf662a265a30e39c91ad86f4ead30b3a72b05820854cbe254f3ea553c5d29a5d1e76b078d7b7ebff86e8a98a6dd02d8dd489e12b70f6f8c668a980a677dd2,07/27/2025 03:02:00 PM,1,BICYCLE,,,,,,,,,,,,,,,,,,,,,,,,,,,,,,,,,,,,,,,,,,,,,,,,,,,,,,,,,,,,,,,,,,
2115677,3afcf662a265a30e39c91ad86f4ead30b3a72b05820854cbe254f3ea553c5d29a5d1e76b078d7b7ebff86e8a98a6dd02d8dd489e12b70f6f8c668a980a677dd2,07/27/2025 03:02:00 PM,2,DRIVER,,2016896,,HONDA,ACCORD,IL,2000,NONE,PASSENGER,PERSONAL,N,STRAIGHT AHEAD,,,1,,,,,Y,,,,,,,,,,Y,Y,,FRONT,,,,,,,,,,,,,,,,,,,,,,,,,,,,,,,,,
2122387,909ae25e54db36ee1124ae5c068f5f0c57e141e8493391cbd38a806fbac876b08203c65143638139bc0679ca0b42121a033c060bba32da4b59be6a66c717b651,07/27/2025 03:00:00 PM,2,DRIVER,,2023297,,TOYOTA,CAMRY,IL,2002,UNKNOWN,PASSENGER,UNKNOWN/NA,N,STRAIGHT AHEAD,,,1,,,,,,,,,,,,,,,,,Y,UNKNOWN,,,,,,,,,,,,,,,,,,,,,,,,,,,,,,,,,
2122388,909ae25e54db36ee1124ae5c068f5f0c57e141e8493391cbd38a806fbac876b08203c65143638139bc0679ca0b42121a033c060bba32da4b59be6a66c717b651,07/27/2025 03:00:00 PM,1,DRIVER,,2023299,,ACURA,ADX,IL,2024,NONE,PASSENGER,PERSONAL,N,CHANGING LANES,,,1,,,,,,,,,,,Y,Y,Y,,,,,SIDE-LEFT-REAR,,,,,,,,,,,,,,,,,,,,,,,,,,,,,,,,,
2124287,d8afda47d79a6cbd8ad1a9f2191f47e5ca8824521e64966372abfcae36c071fa080969adeb4fb361e2faa206908fbd800aa5f4856c02f304b1c1f4e3a04bf5f0,07/27/2025 03:00:00 PM,1,DRIVER,,2025079,,FORD,F150,IL,2017,UNKNOWN,PICKUP,UNKNOWN/NA,E,BACKING,,,1,,,,,,,,,,Y,,,,,,,,REAR-LEFT-CORNER,,,,,,,,,,,,,,,,,,,,,,,,,,,,,,,,,
2124288,d8afda47d79a6cbd8ad1a9f2191f47e5ca8824521e64966372abfcae36c071fa080969adeb4fb361e2faa206908fbd800aa5f4856c02f304b1c1f4e3a04bf5f0,07/27/2025 03:00:00 PM,2,PARKED,,2025083,,HYUNDAI,ELANTRA,IL,2013,UNKNOWN,PASSENGER,NOT IN USE,N,PARKED,,,0,,,,,,,,,,,Y,Y,,,,,,SIDE-RIGHT-REAR,,,,,,,,,,,,,,,,,,,,,,,,,,,,,,,,,
2115658,de6bbb099a2fb8bd960e9d3ccad7f81609442ecce31f3c675ea11c1dbaab6e4ec7f3fbc7c7b633c1c18def62838d581a4ec14e5785920a686262b9e012f12b7b,07/27/2025 03:00:00 PM,1,DRIVER,,2016874,,TOYOTA,HIGHLANDER,IL,2007,UNKNOWN,UNKNOWN/NA,UNKNOWN/NA,S,STRAIGHT AHEAD,,,1,,,,,,,,,,,,,,,,,Y,UNKNOWN,,,,,,,,,,,,,,,,,,,,,,,,,,,,,,,,,
2115659,de6bbb099a2fb8bd960e9d3ccad7f81609442ecce31f3c675ea11c1dbaab6e4ec7f3fbc7c7b633c1c18def62838d581a4ec14e5785920a686262b9e012f12b7b,07/27/2025 03:00:00 PM,2,DRIVER,,2016878,,HONDA,CIVIC,IL,2014,UNKNOWN,PASSENGER,PERSONAL,S,STRAIGHT AHEAD,,,1,,,,,,,,,,Y,,,,,,,,REAR,,,,,,,,,,,,,,,,,,,,,,,,,,,,,,,,,
2115686,3d86ea7b91d572e126fb8a80ee189297ec80017ff02abcf4711a40acb0d46bdc97415f110089d6eb8db40d65e7a1971acc300d871d85e06574b6790b8343e136,07/27/2025 02:50:00 PM,1,DRIVER,,2016899,,HYUNDAI,ELANTRA,IL,2017,NONE,PASSENGER,PERSONAL,N,STRAIGHT AHEAD,Y,,1,,PRIVATE TOW,N/A,,Y,Y,Y,,,,,,,,,,,FRONT-RIGHT-CORNER,,,,,,,,,,,,,,,,,,,,,,,,,,,,,,,,,
2115687,3d86ea7b91d572e126fb8a80ee189297ec80017ff02abcf4711a40acb0d46bdc97415f110089d6eb8db40d65e7a1971acc300d871d85e06574b6790b8343e136,07/27/2025 02:50:00 PM,2,DRIVER,,2016911,,VOLKSWAGEN,GTI,IL,2007,NONE,PASSENGER,PERSONAL,NW,TURNING RIGHT,,,1,,,,,Y,Y,,,,,,,,Y,Y,Y,,FRONT-LEFT-CORNER,,,,,,,,,,,,,,,,,,,,,,,,,,,,,,,,,
2116546,9357190e64a54b4917fd83f6b21ffd11f808e218b5ed00dc194ef3fba2fc2034ad49330b33543bd31d68e6d3da2bd90d24b62126c51467aa406144b1b0e9965a,07/27/2025 02:50:00 PM,1,DRIVER,1,2017714,,KIA,FORTE,IL,2016,UNKNOWN,PASSENGER,PERSONAL,N,UNKNOWN/NA,,,2,,,,,,,,,,,,Y,Y,Y,,,,SIDE-LEFT-FRONT,,,,,,,,,,,,,,,,,,,,,,,,,,,,,,,,,
2116547,9357190e64a54b4917fd83f6b21ffd11f808e218b5ed00dc194ef3fba2fc2034ad49330b33543bd31d68e6d3da2bd90d24b62126c51467aa406144b1b0e9965a,07/27/2025 02:50:00 PM,2,DRIVER,,2017715,,MAZDA,CX-5,IL,2020,UNKNOWN,PASSENGER,PERSONAL,N,UNKNOWN/NA,,,1,,,,,Y,,,,,,,,,,,,,FRONT-RIGHT-CORNER,,,,,,,,,,,,,,,,,,,,,,,,,,,,,,,,,
2116078,0eae0ec74b34de7567052b131d56df3b7b9ab6b900dc48521168f20eb2f347d736271adac41194cc98f5d8ffb718c23f351129fe44a167a23c29c8bed8cc6203,07/27/2025 02:40:00 PM,1,DRIVER,,2017265,,LEXUS,RX300,IL,2002,UNKNOWN,PASSENGER,UNKNOWN/NA,N,BACKING,,,1,,,,,,,,,,,,,,,,,Y,UNKNOWN,,,,,,,,,,,,,,,,,,,,,,,,,,,,,,,,,
2116079,0eae0ec74b34de7567052b131d56df3b7b9ab6b900dc48521168f20eb2f347d736271adac41194cc98f5d8ffb718c23f351129fe44a167a23c29c8bed8cc6203,07/27/2025 02:40:00 PM,2,PARKED,,2017257,,HONDA,ACCORD,IL,2005,NONE,PASSENGER,PERSONAL,S,PARKED,,,0,,,,,,,,,,,,,Y,Y,,,,OTHER,,,,,,,,,,,,,,,,,,,,,,,,,,,,,,,,,
2115700,2ba908eaabdd94941fd28c97be077862de45f237b95e1d290505affa408b5967596be8e6b533245878beb3ef29ec9bfaf37aaae8841b172fc6de98e9ce6f9607,07/27/2025 02:40:00 PM,1,DRIVER,,2016907,,UNKNOWN,OTHER (EXPLAIN IN NARRATIVE),XX,,UNKNOWN,MOPED OR MOTORIZED BICYCLE,PERSONAL,N,UNKNOWN/NA,,,1,,,,,Y,Y,Y,,,,,,Y,Y,Y,Y,,FRONT,,,,,,,,,,,,,,,,,,,,,,,,,,,,,,,,,
2115701,2ba908eaabdd94941fd28c97be077862de45f237b95e1d290505affa408b5967596be8e6b533245878beb3ef29ec9bfaf37aaae8841b172fc6de98e9ce6f9607,07/27/2025 02:40:00 PM,2,DRIVER,1,2016918,,TOYOTA,COROLLA,IL,2010,NONE,PASSENGER,PERSONAL,S,TURNING LEFT,,,2,,,,,Y,Y,Y,,,,,,,,,,,SIDE-RIGHT,,,,,,,,,,,,,,,,,,,,,,,,,,,,,,,,,
2115741,5b70d14f811f3ded6d2af418a47edd51e0ed255f65a4e30dc7ad0fbc2c4340e974c1f433c252a966b439e321e28b258f20ee46b5632ce19d06e1f19b21a9b3d4,07/27/2025 02:40:00 PM,1,DRIVER,,2016949,,UNKNOWN,MOTORIZED,IL,,UNKNOWN,OTHER,FIRE,S,TURNING LEFT,,,1,,,,,,,,,,,,,,,,,Y,UNKNOWN,,,,,,,,,,,,,,,,,,,,,,,,,,,,,,,,,
2115742,5b70d14f811f3ded6d2af418a47edd51e0ed255f65a4e30dc7ad0fbc2c4340e974c1f433c252a966b439e321e28b258f20ee46b5632ce19d06e1f19b21a9b3d4,07/27/2025 02:40:00 PM,2,DRIVER,,2016969,,BUICK,ENCORE,IL,2016,NONE,PASSENGER,PERSONAL,N,STRAIGHT AHEAD,,,1,,,,,,,,,,,Y,Y,N,,,,,REAR-LEFT-CORNER,,,,,,,,,,,,,,,,,,,,,,,,,,,,,,,,,
2115652,7df051f800930a941c3ed4607e3f7507faad26b14aaf08c11693d92ba1c389a679ceac97ee1df6be59a75225b747538b8d1da2d54af2fc294ac93d1f1c5648ed,07/27/2025 02:36:00 PM,1,DRIVER,,2016867,,HONDA,HR-V,IL,,NONE,PASSENGER,PERSONAL,N,STRAIGHT AHEAD,Y,,1,,ORD TOW,AVIATION EMPLOYEE LOT,,Y,,,,,,,,,,Y,Y,,FRONT,,,,,,,,,,,,,,,,,,,,,,,,,,,,,,,,,
2115653,7df051f800930a941c3ed4607e3f7507faad26b14aaf08c11693d92ba1c389a679ceac97ee1df6be59a75225b747538b8d1da2d54af2fc294ac93d1f1c5648ed,07/27/2025 02:36:00 PM,2,DRIVER,,2016872,,FORD,EXPLORER,LA,,NONE,PASSENGER,PERSONAL,SW,TURNING LEFT,,,1,,,,,,,,,,,Y,Y,,,,,,SIDE-LEFT-REAR,,,,,,,,,,,,,,,,,,,,,,,,,,,,,,,,,
2117809,f88258635b7cb02c29c2e6e0ca39186fe1b9e874f4f72e779bb0df1da5360067272d380ab36d5f623567435d5933c0646796567bd3867ba7d3bc75d414a71c91,07/27/2025 02:35:00 PM,1,DRIVER,,2018870,,DODGE,DART,MI,2015,UNKNOWN,PASSENGER,UNKNOWN/NA,S,STRAIGHT AHEAD,,,1,,,,,,,,,,,,,,,,Y,,FRONT,,,,,,,,,,,,,,,,,,,,,,,,,,,,,,,,,
2117810,f88258635b7cb02c29c2e6e0ca39186fe1b9e874f4f72e779bb0df1da5360067272d380ab36d5f623567435d5933c0646796567bd3867ba7d3bc75d414a71c91,07/27/2025 02:35:00 PM,2,PARKED,,2018877,,TOYOTA,PRIUS,IL,2015,NONE,PASSENGER,NOT IN USE,S,PARKED,,,0,,,,,,,,,,Y,Y,,,,,,,REAR,,,,,,,,,,,,,,,,,,,,,,,,,,,,,,,,,
2117687,076e69e43cf2bf0a1649c88b0fb55ca86c662af8f20fd5834694bfbafa384dd019e6fe8042dd82d033f037de380da0c3f213a902fd009df9829d30465bc8874c,07/27/2025 02:30:00 PM,1,DRIVER,,2018764,,UNKNOWN,OTHER (EXPLAIN IN NARRATIVE),,,UNKNOWN,UNKNOWN/NA,UNKNOWN/NA,UNKNOWN,BACKING,,,1,,,,,,,,,,,,,,,,,Y,UNKNOWN,,,,,,,,,,,,,,,,,,,,,,,,,,,,,,,,,
2117688,076e69e43cf2bf0a1649c88b0fb55ca86c662af8f20fd5834694bfbafa384dd019e6fe8042dd82d033f037de380da0c3f213a902fd009df9829d30465bc8874c,07/27/2025 02:30:00 PM,2,PARKED,,2018774,,MERCEDES-BENZ,GLC,IN,2020,UNKNOWN,SPORT UTILITY VEHICLE (SUV),NOT IN USE,UNKNOWN,PARKED,,,0,,,,,,,,,,Y,Y,Y,Y,,,,,SIDE-LEFT-REAR,,,,,,,,,,,,,,,,,,,,,,,,,,,,,,,,,
2115656,34f092c525177303884db5d136cf0e92e7594a2cbbb969d223016df396666880d50e1510b95074a69734d167a16d7e04919e851cb3597407e187b4932db6d4c1,07/27/2025 02:30:00 PM,1,DRIVER,,2016870,,UNKNOWN,OTHER (EXPLAIN IN NARRATIVE),,,UNKNOWN,UNKNOWN/NA,UNKNOWN/NA,E,UNKNOWN/NA,,,1,,,,,Y,Y,Y,Y,Y,,,,,,,,,UNKNOWN,,,,,,,,,,,,,,,,,,,,,,,,,,,,,,,,,
2115657,34f092c525177303884db5d136cf0e92e7594a2cbbb969d223016df396666880d50e1510b95074a69734d167a16d7e04919e851cb3597407e187b4932db6d4c1,07/27/2025 02:30:00 PM,2,PARKED,,2016873,,AUDI,Q8,IL,2019,UNKNOWN,UNKNOWN/NA,UNKNOWN/NA,E,PARKED,Y,,0,,Private,UNK,,,,,,,,Y,Y,Y,Y,Y,,Y,UNKNOWN,,,,,,,,,,,,,,,,,,,,,,,,,,,,,,,,,
2115646,39a7b3e0709b944e72b427e8c068dc216093ab91d7d482521b4888a9e81faf9986bb01bceef6d1d21bc92877ee11b40bfd42a820376a70693cfbd504699e9d1b,07/27/2025 02:30:00 PM,1,DRIVER,,2016871,,HONDA,CIVIC,IL,2008,NONE,PASSENGER,PERSONAL,S,STRAIGHT AHEAD,,,1,,,,,Y,,,,,,,,,,Y,Y,,FRONT,,,,,,,,,,,,,,,,,,,,,,,,,,,,,,,,,
2115647,39a7b3e0709b944e72b427e8c068dc216093ab91d7d482521b4888a9e81faf9986bb01bceef6d1d21bc92877ee11b40bfd42a820376a70693cfbd504699e9d1b,07/27/2025 02:30:00 PM,2,DRIVER,,2016876,,KIA,SOUL,IL,2012,NONE,PASSENGER,PERSONAL,S,SLOW/STOP IN TRAFFIC,,,1,,,,,Y,,,,Y,Y,Y,,,,Y,Y,,REAR,,,,,,,,,,,,,,,,,,,,,,,,,,,,,,,,,
2115648,39a7b3e0709b944e72b427e8c068dc216093ab91d7d482521b4888a9e81faf9986bb01bceef6d1d21bc92877ee11b40bfd42a820376a70693cfbd504699e9d1b,07/27/2025 02:30:00 PM,3,DRIVER,3,2016882,,HYUNDAI,KONA,IL,2021,NONE,PASSENGER,PERSONAL,S,SLOW/STOP IN TRAFFIC,,,4,,,,,,,,,Y,Y,Y,,,,,,,REAR,,,,,,,,,,,,,,,,,,,,,,,,,,,,,,,,,
2118666,4237643497fa2bb79e7438b7a5d9b36ac9346b7112f45db854f44db2b8b764ab021ef08b75b30205a85649171e89e6d7be6c25e548aaba83b47192f1d3d8deba,07/27/2025 02:30:00 PM,1,DRIVER,,2019699,,UNKNOWN,OTHER (EXPLAIN IN NARRATIVE),,,UNKNOWN,UNKNOWN/NA,UNKNOWN/NA,UNKNOWN,UNKNOWN/NA,,,1,,,,,,,,,,,,,,,,,,UNKNOWN,,,,,,,,,,,,,,,,,,,,,,,,,,,,,,,,,
2118667,4237643497fa2bb79e7438b7a5d9b36ac9346b7112f45db854f44db2b8b764ab021ef08b75b30205a85649171e89e6d7be6c25e548aaba83b47192f1d3d8deba,07/27/2025 02:30:00 PM,2,PARKED,,2019708,,BMW,X3,IN,2020,UNKNOWN,PASSENGER,NOT IN USE,UNKNOWN,PARKED,,,0,,,,,Y,Y,Y,Y,Y,,,,,,,,,SIDE-RIGHT,,,,,,,,,,,,,,,,,,,,,,,,,,,,,,,,,
2115772,7e95332f8579b32bdfa3e9edd8bcf13de0cbd41d4745dce2f0c9ae4d8e3c0c4ca445a20c811753c29c794f9d6baa6428dedf307b02aff18d92ab8feab84a60b6,07/27/2025 02:30:00 PM,1,DRIVER,,2016979,,UNKNOWN,OTHER (EXPLAIN IN NARRATIVE),,,UNKNOWN,PASSENGER,UNKNOWN/NA,N,CHANGING LANES,,,1,,,,,,,,,,,,,,,,,Y,UNKNOWN,,,,,,,,,,,,,,,,,,,,,,,,,,,,,,,,,
2115773,7e95332f8579b32bdfa3e9edd8bcf13de0cbd41d4745dce2f0c9ae4d8e3c0c4ca445a20c811753c29c794f9d6baa6428dedf307b02aff18d92ab8feab84a60b6,07/27/2025 02:30:00 PM,2,DRIVER,1,2016982,,HYUNDAI,ELANTRA,IL,,UNKNOWN,PASSENGER,OTHER,N,STRAIGHT AHEAD,N,,2,,,,,,,,,,,Y,Y,Y,,,,,SIDE-LEFT-REAR,,,,,,,,,,,,,,,,,,,,,,,,,,,,,,,,,
2115662,d59afea26380762d5d6d21262ca1a02235f55d1839f2a20e7fbba4f159f9dbafd8b4c03c83717342a09fe8dc50f80c75a89d4f59875e096b0bbc42e2a6940e94,07/27/2025 02:30:00 PM,1,DRIVER,,2016879,,HONDA,CIVIC,IL,2022,UNKNOWN,PASSENGER,PERSONAL,W,STRAIGHT AHEAD,,,1,,,,,Y,,,,,,,,,,,,,FRONT-RIGHT-CORNER,,,,,,,,,,,,,,,,,,,,,,,,,,,,,,,,,
2115663,d59afea26380762d5d6d21262ca1a02235f55d1839f2a20e7fbba4f159f9dbafd8b4c03c83717342a09fe8dc50f80c75a89d4f59875e096b0bbc42e2a6940e94,07/27/2025 02:30:00 PM,2,BICYCLE,,,,,,,,,,,,,,,,,,,,,,,,,,,,,,,,,,,,,,,,,,,,,,,,,,,,,,,,,,,,,,,,,,
2115672,f29a019bed68d6c22c3b731e4c4a0d3529d3cc78bdee74afe328486e653014a6ce410ebe889b7d09aef04e7fe107c032c8231d0b21f9249ab1c20e61266eac45,07/27/2025 02:30:00 PM,1,DRIVER,,2016885,,SUBARU,FORESTER,IL,2021,UNKNOWN,PASSENGER,UNKNOWN/NA,UNKNOWN,BACKING,,,1,,,,,,,,,,,,,,,,,Y,REAR,,,,,,,,,,,,,,,,,,,,,,,,,,,,,,,,,
2115673,f29a019bed68d6c22c3b731e4c4a0d3529d3cc78bdee74afe328486e653014a6ce410ebe889b7d09aef04e7fe107c032c8231d0b21f9249ab1c20e61266eac45,07/27/2025 02:30:00 PM,2,DRIVER,1,2016888,,KIA,SELTOS,IL,2023,NONE,PASSENGER,PERSONAL,UNKNOWN,STRAIGHT AHEAD,,,2,,,,,,Y,Y,Y,,,,,,,,,,SIDE-RIGHT,,,,,,,,,,,,,,,,,,,,,,,,,,,,,,,,,
2115638,2724be39f02f904abe6bd664134d9bb3bb9e4dea710a66677131406103ac856de3402f30ca499c30e5647b40f047418208d4d89cc63b788585e863caff66e4b2,07/27/2025 02:28:00 PM,1,DRIVER,,2016853,,UNKNOWN,OTHER (EXPLAIN IN NARRATIVE),,,UNKNOWN,UNKNOWN/NA,UNKNOWN/NA,UNKNOWN,UNKNOWN/NA,,,1,,,,,,,,,,,,,,,,,Y,UNKNOWN,,,,,,,,,,,,,,,,,,,,,,,,,,,,,,,,,
2115639,2724be39f02f904abe6bd664134d9bb3bb9e4dea710a66677131406103ac856de3402f30ca499c30e5647b40f047418208d4d89cc63b788585e863caff66e4b2,07/27/2025 02:28:00 PM,2,PARKED,,2016854,,DODGE,DURANGO,IL,2021,NONE,SPORT UTILITY VEHICLE (SUV),PERSONAL,W,PARKED,,,0,,,,,Y,,,,,,,,,,Y,Y,,FRONT,,,,,,,,,,,,,,,,,,,,,,,,,,,,,,,,,
2119266,620572a43634de2f6532d254027fbc4b3e66a36c4a535fd15a485e3aed01522e5729e4bd42f57e29ae51215108be84fad5af271171a4fbb4e33c5d23df71d3c4,07/27/2025 02:20:00 PM,1,DRIVER,,2020282,,UNKNOWN,OTHER (EXPLAIN IN NARRATIVE),IL,,UNKNOWN,UNKNOWN/NA,UNKNOWN/NA,UNKNOWN,UNKNOWN/NA,,,1,,,,,,,,,,,,,,,N,,Y,UNKNOWN,,,,,,,,,,,,,,,,,,,,,,,,,,,,,,,,,
2119267,620572a43634de2f6532d254027fbc4b3e66a36c4a535fd15a485e3aed01522e5729e4bd42f57e29ae51215108be84fad5af271171a4fbb4e33c5d23df71d3c4,07/27/2025 02:20:00 PM,2,PARKED,,2020293,,CHEVROLET,TRAX,IL,2025,UNKNOWN,SPORT UTILITY VEHICLE (SUV),NOT IN USE,W,PARKED,,,0,,,,,,,,,,,,,,,Y,,,FRONT-LEFT-CORNER,,,,,,,,,,,,,,,,,,,,,,,,,,,,,,,,,
2124956,ffd6ac306254c363c1270f3f4e19407ece9d597c1ac8565cd356182012c179f821c043c51f55d19ff7f56acbf07b92ab36714d224882eab06717c5e959d08e0d,07/27/2025 02:18:00 PM,1,DRIVER,,2025751,,DODGE,CARAVAN,IL,2012,UNKNOWN,PASSENGER,PERSONAL,UNKNOWN,BACKING,,,1,,,,,,,,,Y,Y,Y,,,,,,,REAR,,,,,,,,,,,,,,,,,,,,,,,,,,,,,,,,,
2124957,ffd6ac306254c363c1270f3f4e19407ece9d597c1ac8565cd356182012c179f821c043c51f55d19ff7f56acbf07b92ab36714d224882eab06717c5e959d08e0d,07/27/2025 02:18:00 PM,2,DRIVER,,2025768,,TOYOTA,COROLLA,IL,2025,NONE,PASSENGER,PERSONAL,N,STRAIGHT AHEAD,,,1,,,,,,,,,,,,,,Y,,,,SIDE-LEFT,,,,,,,,,,,,,,,,,,,,,,,,,,,,,,,,,
2115621,6bcaac1dc70b26968899d61230df74305eea30c86d5b75fb34a977354ce3d8fcb67ff0e661fc80e7f4a78feca78a9f6a13584e17c14919729f9eb431749aff18,07/27/2025 02:16:00 PM,1,DRIVER,,2016841,,TOYOTA,OTHER (EXPLAIN IN NARRATIVE),IL,2010,NONE,PASSENGER,PERSONAL,N,STRAIGHT AHEAD,,,1,,,,,,,,,,,,,,,,Y,,FRONT,,,,,,,,,,,,,,,,,,,,,,,,,,,,,,,,,