CRASH_UNIT_ID,CRASH_RECORD_ID,CRASH_DATE,UNIT_NO,UNIT_TYPE,NUM_PASSENGERS,VEHICLE_ID,CMRC_VEH_I,MAKE,MODEL,LIC_PLATE_STATE,VEHICLE_YEAR,VEHICLE_DEFECT,VEHICLE_TYPE,VEHICLE_USE,TRAVEL_DIRECTION,MANEUVER,TOWED_I,FIRE_I,OCCUPANT_CNT,EXCEED_SPEED_LIMIT_I,TOWED_BY,TOWED_TO,AREA_00_I,AREA_01_I,AREA_02_I,AREA_03_I,AREA_04_I,AREA_05_I,AREA_06_I,AREA_07_I,AREA_08_I,AREA_09_I,AREA_10_I,AREA_11_I,AREA_12_I,AREA_99_I,FIRST_CONTACT_POINT,CMV_ID,USDOT_NO,CCMC_NO,ILCC_NO,COMMERCIAL_SRC,GVWR,CARRIER_NAME,CARRIER_STATE,CARRIER_CITY,HAZMAT_PLACARDS_I,HAZMAT_NAME,UN_NO,HAZMAT_PRESENT_I,HAZMAT_REPORT_I,HAZMAT_REPORT_NO,MCS_REPORT_I,MCS_REPORT_NO,HAZMAT_VIO_CAUSE_CRASH_I,MCS_VIO_CAUSE_CRASH_I,IDOT_PERMIT_NO,WIDE_LOAD_I,TRAILER1_WIDTH,TRAILER2_WIDTH,TRAILER1_LENGTH,TRAILER2_LENGTH,TOTAL_VEHICLE_LENGTH,AXLE_CNT,VEHICLE_CONFIG,CARGO_BODY_TYPE,LOAD_TYPE,HAZMAT_OUT_OF_SERVICE_I,MCS_OUT_OF_SERVICE_I,HAZMAT_CLASS
2115622,6bcaac1dc70b26968899d61230df74305eea30c86d5b75fb34a977354ce3d8fcb67ff0e661fc80e7f4a78feca78a9f6a13584e17c14919729f9eb431749aff18,07/27/2025 02:16:00 PM,2,DRIVER,,2016848,,TOYOTA,OTHER (EXPLAIN IN NARRATIVE),IL,2007,NONE,PASSENGER,PERSONAL,N,SLOW/STOP IN TRAFFIC,,,1,,,,,,,,,,Y,,,,,,,,REAR,,,,,,,,,,,,,,,,,,,,,,,,,,,,,,,,,
2115627,89d0a1b9507a70415cadcf154ad5458ba3a398630ed536c9459fd3de6b67ee2a847b00c259066396d47faa55e81017cf39e16710503fd5cfd8d34daee3717552,07/27/2025 02:11:00 PM,1,DRIVER,,2016850,,HONDA,FIT,IL,2011,NONE,PASSENGER,PERSONAL,W,TURNING LEFT,,,1,,,,,Y,Y,,,,,,,,,Y,Y,Y,SIDE-RIGHT-FRONT,,,,,,,,,,,,,,,,,,,,,,,,,,,,,,,,,
2115710,aa7299d6bbb3ab0a9cd93ea449035c27826bc71cd377215201af6077b8df17cb8b3af85732309d8fc41da42aad10a468addff24c0a591968d5990bf61935c8da,07/27/2025 02:10:00 PM,1,DRIVER,,2016923,,SUBARU,CROSSTREK,IL,2025,NONE,PASSENGER,PERSONAL,W,ENTERING TRAFFIC LANE FROM PARKING,,,1,,,,,,,,,,,,,,Y,Y,,,FRONT-LEFT-CORNER,,,,,,,,,,,,,,,,,,,,,,,,,,,,,,,,,
2115711,aa7299d6bbb3ab0a9cd93ea449035c27826bc71cd377215201af6077b8df17cb8b3af85732309d8fc41da42aad10a468addff24c0a591968d5990bf61935c8da,07/27/2025 02:10:00 PM,2,DRIVER,,2016928,,UNKNOWN,OTHER (EXPLAIN IN NARRATIVE),,2024,UNKNOWN,PASSENGER,UNKNOWN/NA,W,STRAIGHT AHEAD,,,1,,,,,,,,Y,Y,,,,,,,,,REAR-RIGHT-CORNER,,,,,,,,,,,,,,,,,,,,,,,,,,,,,,,,,
2115644,65e2d6fccbdd293f348243c30ddc309858151e5b5ce5df526b41660218abf30f25beff8da6214128780c4a5685173f6240ea7f73fafe45cd7721830c364bbb8d,07/27/2025 02:00:00 PM,1,DRIVER,,2016865,,JEEP,WRANGLER,IL,2017,NONE,SPORT UTILITY VEHICLE (SUV),PERSONAL,S,STRAIGHT AHEAD,,,1,,,,,,,,,,,,,,,,Y,,FRONT,,,,,,,,,,,,,,,,,,,,,,,,,,,,,,,,,
2115645,65e2d6fccbdd293f348243c30ddc309858151e5b5ce5df526b41660218abf30f25beff8da6214128780c4a5685173f6240ea7f73fafe45cd7721830c364bbb8d,07/27/2025 02:00:00 PM,2,DRIVER,4,2016868,,NISSAN,PATHFINDER,IL,2025,NONE,SPORT UTILITY VEHICLE (SUV),PERSONAL,S,SLOW/STOP IN TRAFFIC,,,5,,,,,,,,,,Y,,,,,,,,REAR,,,,,,,,,,,,,,,,,,,,,,,,,,,,,,,,,
2117892,c65b262cf49242acf8f680caa7f31b6674cfe7d769595e0b6948bd4db4c490e0d709df3ec0d66adfc8f902517bfef82e7e7c9842c303e37ace1284eb7b0faa00,07/27/2025 02:00:00 PM,1,DRIVER,,2018948,,FORD,EXPEDITION,CA,2024,UNKNOWN,SPORT UTILITY VEHICLE (SUV),UNKNOWN/NA,N,MERGING,,,1,,,,,,,,,,,,,,Y,Y,,,FRONT-LEFT-CORNER,,,,,,,,,,,,,,,,,,,,,,,,,,,,,,,,,
2117893,c65b262cf49242acf8f680caa7f31b6674cfe7d769595e0b6948bd4db4c490e0d709df3ec0d66adfc8f902517bfef82e7e7c9842c303e37ace1284eb7b0faa00,07/27/2025 02:00:00 PM,2,DRIVER,,2018956,,TOYOTA,CAMRY,IL,2012,UNKNOWN,PASSENGER,PERSONAL,N,STRAIGHT AHEAD,,,1,,,,,,Y,Y,Y,Y,,,,,,,,,SIDE-RIGHT-FRONT,,,,,,,,,,,,,,,,,,,,,,,,,,,,,,,,,
2119246,e4a214ed729fc40ae3b7aabcf321ce4de6d9a033a205d941501c991ac2326aa7bfe2b0a11f7e2be46bdab1de3e189e7433e27445e26f8fd839ee3bcf5e862dc2,07/27/2025 02:00:00 PM,1,DRIVER,,2020263,,HYUNDAI,OTHER (EXPLAIN IN NARRATIVE),IL,2024,UNKNOWN,PICKUP,PERSONAL,S,STRAIGHT AHEAD,,,1,,,,,,,,,,,,,,,Y,,,FRONT-LEFT-CORNER,,,,,,,,,,,,,,,,,,,,,,,,,,,,,,,,,
2119247,e4a214ed729fc40ae3b7aabcf321ce4de6d9a033a205d941501c991ac2326aa7bfe2b0a11f7e2be46bdab1de3e189e7433e27445e26f8fd839ee3bcf5e862dc2,07/27/2025 02:00:00 PM,2,DRIVER,,2020273,,LAND ROVER,RANGE ROVER (EVOQUE / SPORT / VELAR),IL,2020,NONE,PASSENGER,PERSONAL,S,STRAIGHT AHEAD,,,1,,,,,,,Y,,,,,,,,,,,SIDE-RIGHT-REAR,,,,,,,,,,,,,,,,,,,,,,,,,,,,,,,,,
2115649,176820eef032837405712dc8c861dd3aa40aca950ef4ea66a7e0f04ac6c7697c10fd17ff1ef4df1242a04970af7cb7afef32e54278414aebc903dbc918015d56,07/27/2025 01:56:00 PM,1,DRIVER,1,2016866,,CHEVROLET,EQUINOX,IL,2006,UNKNOWN,PASSENGER,PERSONAL,E,STRAIGHT AHEAD,Y,,2,,CITY,,,Y,Y,,,,,,,,,,,,FRONT-RIGHT-CORNER,,,,,,,,,,,,,,,,,,,,,,,,,,,,,,,,,
2122644,c88d4d43ebb541fda281888f345d605168520d39542d68957c3c012234834acfbc2c749479812689daffa059ba2bf39542027e45ee49c075f7c5f055f6927dc1,07/27/2025 01:51:00 PM,1,DRIVER,,2023539,,AUDI,A3,WI,2015,NONE,PASSENGER,PERSONAL,W,STRAIGHT AHEAD,,,1,,,,,Y,,,,,,,,,,Y,Y,,TOTAL (ALL AREAS),,,,,,,,,,,,,,,,,,,,,,,,,,,,,,,,,
2122645,c88d4d43ebb541fda281888f345d605168520d39542d68957c3c012234834acfbc2c749479812689daffa059ba2bf39542027e45ee49c075f7c5f055f6927dc1,07/27/2025 01:51:00 PM,2,DRIVER,,2023545,,MAZDA,CX-5,IL,2021,NONE,PASSENGER,PERSONAL,W,STRAIGHT AHEAD,,,1,,,,,,,,,Y,Y,Y,,,,,,,REAR,,,,,,,,,,,,,,,,,,,,,,,,,,,,,,,,,
2115636,c9eb99d7b59a71e37d35a27b215a857625523bc525499c379e886f6965c028ec86368a18f6578bd0d1185e1c50484846fa4bc99f198786c83db8d5d19e3a2df0,07/27/2025 01:50:00 PM,1,DRIVER,,2016856,,KIA,OPTIMA / K5,IL,2011,NONE,PASSENGER,PERSONAL,UNKNOWN,STRAIGHT AHEAD,,,1,,,,,Y,,,,,,,,,,,,,FRONT-RIGHT-CORNER,,,,,,,,,,,,,,,,,,,,,,,,,,,,,,,,,
2115637,c9eb99d7b59a71e37d35a27b215a857625523bc525499c379e886f6965c028ec86368a18f6578bd0d1185e1c50484846fa4bc99f198786c83db8d5d19e3a2df0,07/27/2025 01:50:00 PM,2,DRIVER,,2016861,,UNKNOWN,OTHER (EXPLAIN IN NARRATIVE),,,UNKNOWN,UNKNOWN/NA,PERSONAL,UNKNOWN,OTHER,,,1,,,,,,,,,,,,,Y,,,,,SIDE-LEFT,,,,,,,,,,,,,,,,,,,,,,,,,,,,,,,,,
2115623,1c2c37d45730d921ac897456669e09dae967fe08c48c37ce5913a02e64b9e12b72f54ba8e236a426920d29d66cddb4b00218e11551568acd200311e057a8c9b8,07/27/2025 01:45:00 PM,1,DRIVER,,2016847,,TOYOTA,4RUNNER,IL,2023,NONE,SPORT UTILITY VEHICLE (SUV),PERSONAL,W,STRAIGHT AHEAD,,,1,,,,,Y,,,,,,,,,,Y,Y,,FRONT,,,,,,,,,,,,,,,,,,,,,,,,,,,,,,,,,
2115624,1c2c37d45730d921ac897456669e09dae967fe08c48c37ce5913a02e64b9e12b72f54ba8e236a426920d29d66cddb4b00218e11551568acd200311e057a8c9b8,07/27/2025 01:45:00 PM,2,DRIVER,,2016843,,SUBARU,IMPREZA,IL,2024,NONE,PASSENGER,PERSONAL,W,STRAIGHT AHEAD,,,1,,,,,,,,,Y,Y,Y,,,,,,,REAR,,,,,,,,,,,,,,,,,,,,,,,,,,,,,,,,,
2115660,06b059f03f509139a58b74fee84ce3b01526d369f1a94758ccf8bc16e743b2fb44c226c8edb6b26e334c9208b216363043223a71ad9be15b55a916c530fd2e2a,07/27/2025 01:40:00 PM,1,DRIVER,,2016881,,CHEVROLET,EQUINOX,IL,2021,NONE,SPORT UTILITY VEHICLE (SUV),PERSONAL,W,OTHER,Y,,1,,UNK,UNK,,Y,,,,,,,,,,Y,Y,,FRONT,,,,,,,,,,,,,,,,,,,,,,,,,,,,,,,,,
2115593,44cbaf48e543e99ffd299a0276f4e50a78e67a717866dada19dc26470e003c9f3fa5fb94230e0a2fc0a6bad5a720af242c4255a9c114272668b507773c28a87b,07/27/2025 01:40:00 PM,1,DRIVER,1,2016831,,KIA,OPTIMA / K5,IL,2021,NONE,PASSENGER,PERSONAL,E,STRAIGHT AHEAD,,,2,,,,,,,,,,,,Y,Y,,,,,SIDE-LEFT,,,,,,,,,,,,,,,,,,,,,,,,,,,,,,,,,
2115594,44cbaf48e543e99ffd299a0276f4e50a78e67a717866dada19dc26470e003c9f3fa5fb94230e0a2fc0a6bad5a720af242c4255a9c114272668b507773c28a87b,07/27/2025 01:40:00 PM,2,DRIVER,,2016824,,TOYOTA,CROWN,IL,2025,NONE,SPORT UTILITY VEHICLE (SUV),PERSONAL,E,STRAIGHT AHEAD,,,1,,,,,Y,,,,,,,,,,,,,FRONT-RIGHT-CORNER,,,,,,,,,,,,,,,,,,,,,,,,,,,,,,,,,
2115722,4ef68cc713cc395eb46c6a7aa322cafe4b9a48e455fa41321888949ddc83f243ba9543dcbfa82920d76d5afb8dc5bc2bb70e926715aef2e7f926f4c1f601f783,07/27/2025 01:30:00 PM,1,DRIVER,,2016933,,TOYOTA,OTHER (EXPLAIN IN NARRATIVE),IL,2010,UNKNOWN,PASSENGER,UNKNOWN/NA,S,STRAIGHT AHEAD,,,1,,,,,,,,,,,,,,,,Y,,FRONT,,,,,,,,,,,,,,,,,,,,,,,,,,,,,,,,,
2115723,4ef68cc713cc395eb46c6a7aa322cafe4b9a48e455fa41321888949ddc83f243ba9543dcbfa82920d76d5afb8dc5bc2bb70e926715aef2e7f926f4c1f601f783,07/27/2025 01:30:00 PM,2,DRIVER,,2016937,,TOYOTA,RAV4,IL,2007,UNKNOWN,SPORT UTILITY VEHICLE (SUV),PERSONAL,S,STRAIGHT AHEAD,,,1,,,,,,,,,,Y,,,,,,,,REAR,,,,,,,,,,,,,,,,,,,,,,,,,,,,,,,,,
2115668,637160799cc998e7dbc73c5e6fffb037051fb6048a51532db7320da46871219d232ef921f13b89739a6fa74ef560810122f604d5accc4c8a6ef2bebbc2a84f17,07/27/2025 01:30:00 PM,1,DRIVER,,2016950,,TOYOTA,RAV4,IL,2015,UNKNOWN,SPORT UTILITY VEHICLE (SUV),PERSONAL,UNKNOWN,BACKING,,,1,,,,,,,,,,Y,Y,Y,,,,,,REAR-LEFT-CORNER,,,,,,,,,,,,,,,,,,,,,,,,,,,,,,,,,
2115669,637160799cc998e7dbc73c5e6fffb037051fb6048a51532db7320da46871219d232ef921f13b89739a6fa74ef560810122f604d5accc4c8a6ef2bebbc2a84f17,07/27/2025 01:30:00 PM,2,DRIVER,,2016954,,RIVIAN,R1S,IL,2025,UNKNOWN,SPORT UTILITY VEHICLE (SUV),PERSONAL,UNKNOWN,BACKING,,,1,,,,,,,,Y,Y,Y,,,,,,,,SIDE-RIGHT-REAR,,,,,,,,,,,,,,,,,,,,,,,,,,,,,,,,,
2115640,6d9e1f6aba570c2dc76ac7dbb85edcc92922ad214b01e88bfe57b2aead1d7afe397849a2063d2fb30f91c3661b402ab589cee2164e541705678729a340a9d9a9,07/27/2025 01:30:00 PM,1,DRIVER,,2016858,,RIVIAN,R1S,IL,2025,UNKNOWN,SPORT UTILITY VEHICLE (SUV),UNKNOWN/NA,UNKNOWN,BACKING,,,1,,,,,,,,,,,,,,,,,Y,REAR-LEFT-CORNER,,,,,,,,,,,,,,,,,,,,,,,,,,,,,,,,,
2115641,6d9e1f6aba570c2dc76ac7dbb85edcc92922ad214b01e88bfe57b2aead1d7afe397849a2063d2fb30f91c3661b402ab589cee2164e541705678729a340a9d9a9,07/27/2025 01:30:00 PM,2,DRIVER,,2016864,,TOYOTA,RAV4,IL,2015,UNKNOWN,SPORT UTILITY VEHICLE (SUV),UNKNOWN/NA,UNKNOWN,BACKING,,,1,,,,,,,,,,,Y,,,,,,,REAR-LEFT-CORNER,,,,,,,,,,,,,,,,,,,,,,,,,,,,,,,,,
2119226,e38205256aa279b96527f9b852e7514a6e007dc466dd34225355c97ee7f76da81472690dd387f047cc6d42328ad14bc0289ad693a76b23880e661b35e0ff9a4d,07/27/2025 01:27:00 PM,1,DRIVER,,2020249,,GENERAL MOTORS CORPORATION (GMC),ENVOY,IL,2007,NONE,SPORT UTILITY VEHICLE (SUV),PERSONAL,N,STRAIGHT AHEAD,,,1,,,,,,,,,,,Y,Y,,,,,,SIDE-LEFT-REAR,,,,,,,,,,,,,,,,,,,,,,,,,,,,,,,,,
2119227,e38205256aa279b96527f9b852e7514a6e007dc466dd34225355c97ee7f76da81472690dd387f047cc6d42328ad14bc0289ad693a76b23880e661b35e0ff9a4d,07/27/2025 01:27:00 PM,2,PARKED,,2020265,,MAZDA,RX-7,IL,1985,NONE,PASSENGER,PERSONAL,N,PARKED,,,0,,,,,Y,Y,Y,Y,Y,,,,,,,,,SIDE-RIGHT,,,,,,,,,,,,,,,,,,,,,,,,,,,,,,,,,
2115605,e430ab85db3e76d353f746291ec00c2e8dd28c0f61b1a98fcb2d11b909128dea2a18c2c69f625c0a0b9b6d09412fee0e578a8c12dd2bc02f8a0726fcda880796,07/27/2025 01:11:00 PM,1,DRIVER,,2016837,,TOYOTA,PRIUS,IL,2012,UNKNOWN,PASSENGER,PERSONAL,W,STRAIGHT AHEAD,,,1,,,,,,,,,,,,,,,,N,Y,FRONT,,,,,,,,,,,,,,,,,,,,,,,,,,,,,,,,,
2115606,e430ab85db3e76d353f746291ec00c2e8dd28c0f61b1a98fcb2d11b909128dea2a18c2c69f625c0a0b9b6d09412fee0e578a8c12dd2bc02f8a0726fcda880796,07/27/2025 01:11:00 PM,2,BICYCLE,,,,,,,,,,,,,,,,,,,,,,,,,,,,,,,,,,,,,,,,,,,,,,,,,,,,,,,,,,,,,,,,,,
2115632,66bebe584cdbb36366ce0664c0d16b7f5efaa3159b0eaa5c6811ed90ae7c65ae7b247b269f5417672364e56ff12fbd1baf01c28f09769ab1f319e248786c0f01,07/27/2025 01:10:00 PM,1,DRIVER,,2016852,,TOYOTA,COROLLA,IL,2026,NONE,PASSENGER,PERSONAL,SE,TURNING LEFT,N,,1,,,,,,,,,,,,,,,Y,Y,,FRONT-RIGHT-CORNER,,,,,,,,,,,,,,,,,,,,,,,,,,,,,,,,,
2115633,66bebe584cdbb36366ce0664c0d16b7f5efaa3159b0eaa5c6811ed90ae7c65ae7b247b269f5417672364e56ff12fbd1baf01c28f09769ab1f319e248786c0f01,07/27/2025 01:10:00 PM,2,BICYCLE,,,,,,,,,,,,,,,,,,,,,,,,,,,,,,,,,,,,,,,,,,,,,,,,,,,,,,,,,,,,,,,,,,
2115601,30ca36586ce4474abd2700fa890cec6f79d11a9513f56afe2ad4acc1534deabd33ef5bf0c0504c3711d2c6c1deada22dd44a89d8012a1aa66edcc05082c8f020,07/27/2025 01:07:00 PM,1,DRIVER,1,2016825,,FORD,FOCUS,IL,2012,UNKNOWN,PASSENGER,PERSONAL,S,STRAIGHT AHEAD,,,2,,,,,,,,,,,,,,,,,Y,UNKNOWN,,,,,,,,,,,,,,,,,,,,,,,,,,,,,,,,,
2115602,30ca36586ce4474abd2700fa890cec6f79d11a9513f56afe2ad4acc1534deabd33ef5bf0c0504c3711d2c6c1deada22dd44a89d8012a1aa66edcc05082c8f020,07/27/2025 01:07:00 PM,2,DRIVER,,2016834,,SUBARU,FORESTER,IL,2024,NONE,PASSENGER,PERSONAL,S,STRAIGHT AHEAD,,,1,,,,,,,,,,,Y,,,,,,,SIDE-LEFT-REAR,,,,,,,,,,,,,,,,,,,,,,,,,,,,,,,,,
2115625,22a81e8f600c51016bd6621fedabcfb8753e888ddc81b1291f63820bd4acdec5c53a62b90dbf3da4b451ec6c496d44a18b29436ed66b9bc9d32acc47d09860b0,07/27/2025 01:06:00 PM,1,DRIVER,,2016849,,NISSAN,SENTRA,WI,2021,UNKNOWN,PASSENGER,PERSONAL,N,TURNING LEFT,Y,,1,,,,,,,,,,,,,,Y,Y,,,SIDE-LEFT-FRONT,,,,,,,,,,,,,,,,,,,,,,,,,,,,,,,,,
2115626,22a81e8f600c51016bd6621fedabcfb8753e888ddc81b1291f63820bd4acdec5c53a62b90dbf3da4b451ec6c496d44a18b29436ed66b9bc9d32acc47d09860b0,07/27/2025 01:06:00 PM,2,DRIVER,,2016863,,JEEP,COMMANDER,IL,2006,UNKNOWN,SPORT UTILITY VEHICLE (SUV),PERSONAL,N,STRAIGHT AHEAD,Y,,1,,,,,Y,Y,,,,,,,,,,,,SIDE-RIGHT-FRONT,,,,,,,,,,,,,,,,,,,,,,,,,,,,,,,,,
2115634,e3abdda7596e5bf1fd7cd76af487b601ea19ae35c446cdf95ede4b0dce7453e93e4ef7cfc7253ad6ceef3ec120fa87358e8f13e87c98d9984f371d0703b1610b,07/27/2025 01:03:00 PM,1,DRIVER,,2016851,,TOYOTA,COROLLA,IL,2020,UNKNOWN,PASSENGER,UNKNOWN/NA,W,TURNING RIGHT,,,1,,,,,,,,,,,,,,,,,Y,UNKNOWN,,,,,,,,,,,,,,,,,,,,,,,,,,,,,,,,,
2115635,e3abdda7596e5bf1fd7cd76af487b601ea19ae35c446cdf95ede4b0dce7453e93e4ef7cfc7253ad6ceef3ec120fa87358e8f13e87c98d9984f371d0703b1610b,07/27/2025 01:03:00 PM,2,PARKED,,2016859,,MAZDA,CX-9,IL,2019,NONE,PASSENGER,COMMERCIAL - SINGLE UNIT,W,PARKED,,,0,,,,,,,,,,,Y,,,,,,,SIDE-LEFT-REAR,,,,,,,,,,,,,,,,,,,,,,,,,,,,,,,,,
2117516,0a6218b35c6177c4a45b09793fa1532178630974086e6481a55590e9831d61d28d3048828a43eb45cc2e573de84d918b5fcba79fab710c5d68155165e421dfa2,07/27/2025 01:00:00 PM,1,DRIVER,,2018597,,UNKNOWN,OTHER (EXPLAIN IN NARRATIVE),,,UNKNOWN,UNKNOWN/NA,UNKNOWN/NA,E,UNKNOWN/NA,,,1,,,,,,,,,,,Y,Y,Y,Y,Y,,,SIDE-LEFT,,,,,,,,,,,,,,,,,,,,,,,,,,,,,,,,,
2117517,0a6218b35c6177c4a45b09793fa1532178630974086e6481a55590e9831d61d28d3048828a43eb45cc2e573de84d918b5fcba79fab710c5d68155165e421dfa2,07/27/2025 01:00:00 PM,2,PARKED,,2018603,,NISSAN,KICKS,IL,2019,UNKNOWN,PASSENGER,NOT IN USE,E,PARKED,,,0,,,,,Y,Y,Y,Y,Y,,,,,,,,,SIDE-RIGHT,,,,,,,,,,,,,,,,,,,,,,,,,,,,,,,,,
2115592,da8fee607a73fe42c721e3bc929570f28dba895a8bcdbef671cb914a610c760db25dd809a56010d92dbc50465999322d285237e48096476dd77aab50bc50ca6e,07/27/2025 01:00:00 PM,1,DRIVER,,2016815,,NISSAN,ALTIMA,,,UNKNOWN,PASSENGER,PERSONAL,S,LEAVING TRAFFIC LANE TO PARK,,,1,,,,,,,,,,,,,,,,N,Y,FRONT,,,,,,,,,,,,,,,,,,,,,,,,,,,,,,,,,
2115724,dd5a1647382f665752814a1d1a4d3140b20b0fb96b3e3e823922fddfcda5230d9d6dbbb48b783365b1ae9dd1f3ef5020312525457350805a4ef0713ae7564eeb,07/27/2025 01:00:00 PM,1,DRIVER,,2016938,,GENERAL MOTORS CORPORATION (GMC),SIERRA,FL,2025,UNKNOWN,PICKUP,UNKNOWN/NA,S,CHANGING LANES,,,1,,,,,,,,,,,,,,,,Y,,FRONT-LEFT-CORNER,,,,,,,,,,,,,,,,,,,,,,,,,,,,,,,,,
2115725,dd5a1647382f665752814a1d1a4d3140b20b0fb96b3e3e823922fddfcda5230d9d6dbbb48b783365b1ae9dd1f3ef5020312525457350805a4ef0713ae7564eeb,07/27/2025 01:00:00 PM,2,DRIVER,,2016941,,TOYOTA,CAMRY,IL,2005,UNKNOWN,PASSENGER,UNKNOWN/NA,S,STRAIGHT AHEAD,,,1,,,,,,,,Y,Y,,,,,,,,,SIDE-RIGHT,,,,,,,,,,,,,,,,,,,,,,,,,,,,,,,,,
2115582,e70cbdb5b15260a2dcb311014a9a340d23bb6fc50e28e183ed820eef5abf1724be086bdca0e5be18e410e839bafc0d6d256a70a690aa99d56164a0fe15ba4866,07/27/2025 12:58:00 PM,1,BICYCLE,,,,,,,,,,,,,,,,,,,,,,,,,,,,,,,,,,,,,,,,,,,,,,,,,,,,,,,,,,,,,,,,,,
2115583,e70cbdb5b15260a2dcb311014a9a340d23bb6fc50e28e183ed820eef5abf1724be086bdca0e5be18e410e839bafc0d6d256a70a690aa99d56164a0fe15ba4866,07/27/2025 12:58:00 PM,2,DRIVER,1,2016809,,INFINITI,QX60,IL,2018,NONE,PASSENGER,PERSONAL,N,STRAIGHT AHEAD,,,2,,,,Y,,,,,,,,,,,,Y,,FRONT,,,,,,,,,,,,,,,,,,,,,,,,,,,,,,,,,
2118254,37f063ca998b3c386f132a5f7071cc9138c730fb26913c36ba2482c79ef62f105d25baddf90f3c142e048a4b8689625e7f8c2d51d95d54f0865d720f512662f9,07/27/2025 12:55:00 PM,1,DRIVER,,2019303,,HONDA,ODYSSEY,,2019,UNKNOWN,VAN/MINI-VAN,UNKNOWN/NA,E,LEAVING TRAFFIC LANE TO PARK,,,1,,,,,,,,,Y,,,,,,,,,REAR-RIGHT-CORNER,,,,,,,,,,,,,,,,,,,,,,,,,,,,,,,,,
2118255,37f063ca998b3c386f132a5f7071cc9138c730fb26913c36ba2482c79ef62f105d25baddf90f3c142e048a4b8689625e7f8c2d51d95d54f0865d720f512662f9,07/27/2025 12:55:00 PM,2,PARKED,,2019304,,TOYOTA,RAV4,IL,2023,NONE,SPORT UTILITY VEHICLE (SUV),NOT IN USE,W,PARKED,,,0,,,,,,,,,,,Y,Y,,,,,,REAR-LEFT-CORNER,,,,,,,,,,,,,,,,,,,,,,,,,,,,,,,,,
2115774,30f7f807918a8960e368417d2318d8aef560518863390c5c098566f4d4f79ed57ccbf838f5cf93f5dc370466ef8bc3a61cdbda2952993dcad7f17dbb1e198d57,07/27/2025 12:50:00 PM,1,DRIVER,,2016983,,UNKNOWN,MOTORIZED,IL,,UNKNOWN,UNKNOWN/NA,UNKNOWN/NA,N,STRAIGHT AHEAD,,,1,,,,,,,,,,,,,,,,,Y,SIDE-RIGHT,,,,,,,,,,,,,,,,,,,,,,,,,,,,,,,,,
2115775,30f7f807918a8960e368417d2318d8aef560518863390c5c098566f4d4f79ed57ccbf838f5cf93f5dc370466ef8bc3a61cdbda2952993dcad7f17dbb1e198d57,07/27/2025 12:50:00 PM,2,DRIVER,1,2016993,,TOYOTA,RAV4,IL,2006,NONE,PASSENGER,PERSONAL,N,STRAIGHT AHEAD,,,2,,,,,,,,,,,,,Y,,,,,SIDE-LEFT,,,,,,,,,,,,,,,,,,,,,,,,,,,,,,,,,
2115607,4d58ad5f15580504e83997357cbaf1f96f5986df043426ea9678bfe3bcab3331c681269d9800b5f9e4532bac64e945d6d50ee489634c2dcdeb36e25e13671d98,07/27/2025 12:40:00 PM,1,DRIVER,,2016823,,KIA,OPTIMA / K5,IL,2019,UNKNOWN,PASSENGER,UNKNOWN/NA,E,TURNING RIGHT,,,1,,,,,Y,Y,,,,,,,,Y,Y,Y,,FRONT,,,,,,,,,,,,,,,,,,,,,,,,,,,,,,,,,
2115608,4d58ad5f15580504e83997357cbaf1f96f5986df043426ea9678bfe3bcab3331c681269d9800b5f9e4532bac64e945d6d50ee489634c2dcdeb36e25e13671d98,07/27/2025 12:40:00 PM,2,DRIVER,2,2016829,,FORD,ESCAPE,IL,2025,NONE,PASSENGER,PERSONAL,S,STRAIGHT AHEAD,,,3,,,,,Y,Y,Y,,,,,,,Y,Y,Y,,FRONT,,,,,,,,,,,,,,,,,,,,,,,,,,,,,,,,,
2118488,5eb28223cb09c1057212b75709cf3ea328f8a6e7c5439e40c917a967ca81f0e1101c57e161083378406d0f5fa3e67b29cbc4b9999feb748b4f42447c8029231a,07/27/2025 12:40:00 PM,1,DRIVER,,2019532,,CHEVROLET,TRAX,IL,2024,NONE,SPORT UTILITY VEHICLE (SUV),PERSONAL,W,STRAIGHT AHEAD,,,1,,,,,,,,,,,,,,,,Y,Y,FRONT,,,,,,,,,,,,,,,,,,,,,,,,,,,,,,,,,
2118489,5eb28223cb09c1057212b75709cf3ea328f8a6e7c5439e40c917a967ca81f0e1101c57e161083378406d0f5fa3e67b29cbc4b9999feb748b4f42447c8029231a,07/27/2025 12:40:00 PM,2,DRIVER,,2019539,,JEEP,GRAND CHEROKEE,IL,2017,NONE,SPORT UTILITY VEHICLE (SUV),PERSONAL,W,SLOW/STOP IN TRAFFIC,,,1,,,,,,,,,,Y,,,,,,,,REAR,,,,,,,,,,,,,,,,,,,,,,,,,,,,,,,,,
2115617,3939c916737f305dffeea5583b4df834b0f20f4f05138a3b4c510a40d84f10cc68e7d7565eb5447fd33cf4f5527306e5575f2c52cedc5e7be249ec00c53e8bd7,07/27/2025 12:30:00 PM,1,DRIVER,,2016836,,UNKNOWN,OTHER (EXPLAIN IN NARRATIVE),,,UNKNOWN,UNKNOWN/NA,UNKNOWN/NA,UNKNOWN,UNKNOWN/NA,,,1,,,,,,,,,,,,,,,,,Y,UNKNOWN,,,,,,,,,,,,,,,,,,,,,,,,,,,,,,,,,