CRASH_UNIT_ID,CRASH_RECORD_ID,CRASH_DATE,UNIT_NO,UNIT_TYPE,NUM_PASSENGERS,VEHICLE_ID,CMRC_VEH_I,MAKE,MODEL,LIC_PLATE_STATE,VEHICLE_YEAR,VEHICLE_DEFECT,VEHICLE_TYPE,VEHICLE_USE,TRAVEL_DIRECTION,MANEUVER,TOWED_I,FIRE_I,OCCUPANT_CNT,EXCEED_SPEED_LIMIT_I,TOWED_BY,TOWED_TO,AREA_00_I,AREA_01_I,AREA_02_I,AREA_03_I,AREA_04_I,AREA_05_I,AREA_06_I,AREA_07_I,AREA_08_I,AREA_09_I,AREA_10_I,AREA_11_I,AREA_12_I,AREA_99_I,FIRST_CONTACT_POINT,CMV_ID,USDOT_NO,CCMC_NO,ILCC_NO,COMMERCIAL_SRC,GVWR,CARRIER_NAME,CARRIER_STATE,CARRIER_CITY,HAZMAT_PLACARDS_I,HAZMAT_NAME,UN_NO,HAZMAT_PRESENT_I,HAZMAT_REPORT_I,HAZMAT_REPORT_NO,MCS_REPORT_I,MCS_REPORT_NO,HAZMAT_VIO_CAUSE_CRASH_I,MCS_VIO_CAUSE_CRASH_I,IDOT_PERMIT_NO,WIDE_LOAD_I,TRAILER1_WIDTH,TRAILER2_WIDTH,TRAILER1_LENGTH,TRAILER2_LENGTH,TOTAL_VEHICLE_LENGTH,AXLE_CNT,VEHICLE_CONFIG,CARGO_BODY_TYPE,LOAD_TYPE,HAZMAT_OUT_OF_SERVICE_I,MCS_OUT_OF_SERVICE_I,HAZMAT_CLASS
2115618,3939c916737f305dffeea5583b4df834b0f20f4f05138a3b4c510a40d84f10cc68e7d7565eb5447fd33cf4f5527306e5575f2c52cedc5e7be249ec00c53e8bd7,07/27/2025 12:30:00 PM,2,PARKED,,2016839,,MERCEDES-BENZ,SMART CITY VEHICLE,IL,2014,UNKNOWN,OTHER,COMMERCIAL - SINGLE UNIT,W,PARKED,,,0,,,,,Y,Y,,,,Y,Y,,,,N,,,REAR-LEFT-CORNER,,,,,,,,,,,,,,,,,,,,,,,,,,,,,,,,,
2115785,6c7a196dc5a9802c3a8010639d8a9c06472ed53df26310aeba3f297b7bb30820a592926552c0a39208521c6606cac11082e3705d6ae39f0f09a2ac6a88af85c6,07/27/2025 12:30:00 PM,1,DRIVER,,2017000,,CHEVROLET,COBALT,IL,2006,UNKNOWN,PASSENGER,PERSONAL,S,BACKING,,,1,,,,,,,,Y,Y,Y,,,,,,,,REAR-RIGHT-CORNER,,,,,,,,,,,,,,,,,,,,,,,,,,,,,,,,,
2115786,6c7a196dc5a9802c3a8010639d8a9c06472ed53df26310aeba3f297b7bb30820a592926552c0a39208521c6606cac11082e3705d6ae39f0f09a2ac6a88af85c6,07/27/2025 12:30:00 PM,2,DRIVER,2,2017007,,CHEVROLET,TRAVERSE,IL,2025,NONE,PASSENGER,PERSONAL,N,STRAIGHT AHEAD,,,3,,,,,,,,,,,,,,,Y,,,FRONT-LEFT-CORNER,,,,,,,,,,,,,,,,,,,,,,,,,,,,,,,,,
2115619,736593ea08b206a9b2a827660555c5324b530e955f9c6441db04c2b2d618a7a887cac08c53a66962c9dbdeaa2a8c9e2b54046a4743950d92568be721b5d59317,07/27/2025 12:30:00 PM,1,DRIVER,,2016842,,TOYOTA,SIENNA,IL,2015,UNKNOWN,PASSENGER,PERSONAL,N,STRAIGHT AHEAD,,,1,,,,,Y,Y,Y,Y,,,,,,,,,,SIDE-RIGHT,,,,,,,,,,,,,,,,,,,,,,,,,,,,,,,,,
2115620,736593ea08b206a9b2a827660555c5324b530e955f9c6441db04c2b2d618a7a887cac08c53a66962c9dbdeaa2a8c9e2b54046a4743950d92568be721b5d59317,07/27/2025 12:30:00 PM,2,DRIVER,,2016844,,HONDA,CR-V,IL,2006,UNKNOWN,PASSENGER,PERSONAL,E,STRAIGHT AHEAD,,,1,,,,,Y,,,,,,,,,,Y,Y,,FRONT,,,,,,,,,,,,,,,,,,,,,,,,,,,,,,,,,
2116425,b2e7597e0a7e9abcbf002aec65793d34d4c283d046b420e00a1a0033071bcccc2bf6376c0916845f435e60d2c5e06c245fc3b67ce3cc0769dddd631b07bd4f68,07/27/2025 12:30:00 PM,1,DRIVER,,2017599,,LEXUS,RX350,IL,2012,NONE,PASSENGER,PERSONAL,W,BACKING,,,1,,,,,,,,,,Y,,,,,,,,REAR,,,,,,,,,,,,,,,,,,,,,,,,,,,,,,,,,
2116426,b2e7597e0a7e9abcbf002aec65793d34d4c283d046b420e00a1a0033071bcccc2bf6376c0916845f435e60d2c5e06c245fc3b67ce3cc0769dddd631b07bd4f68,07/27/2025 12:30:00 PM,2,PARKED,,2017589,,CHEVROLET,IMPALA,IL,,UNKNOWN,PASSENGER,NOT IN USE,W,PARKED,,,0,,,,,,,,,,Y,,,,,,,,REAR,,,,,,,,,,,,,,,,,,,,,,,,,,,,,,,,,
2115570,d1f6c555d2231c73cf8dafa8c694d57743866ab226e32b738bb76ce8cd9c19621ebad8b5d94edd05866958ac48352b1e7fd294e4da6d13d8d074a3c3322397de,07/27/2025 12:30:00 PM,1,DRIVER,,2016795,,CHRYSLER,200,IL,2012,UNKNOWN,PASSENGER,PERSONAL,S,STRAIGHT AHEAD,,,1,,,,,,,,,,,,,,,Y,,,FRONT-LEFT-CORNER,,,,,,,,,,,,,,,,,,,,,,,,,,,,,,,,,
2115571,d1f6c555d2231c73cf8dafa8c694d57743866ab226e32b738bb76ce8cd9c19621ebad8b5d94edd05866958ac48352b1e7fd294e4da6d13d8d074a3c3322397de,07/27/2025 12:30:00 PM,2,DRIVER,2,2016801,,MAZDA,CX-9,IN,,UNKNOWN,PASSENGER,PERSONAL,E,STRAIGHT AHEAD,,,3,,,,,,,,,,,Y,,,,,,,REAR-LEFT-CORNER,,,,,,,,,,,,,,,,,,,,,,,,,,,,,,,,,
2115613,f581904273070791dddf85fa93e2fe389afc60c46ba2397e3703488e6e3310b3fad55a530678a4dae56e27114e0dcbf738aa94de12e5c83c9f677026a3a2dff5,07/27/2025 12:30:00 PM,1,DRIVER,,2016830,,NISSAN,ALTIMA,IL,2005,UNKNOWN,PASSENGER,UNKNOWN/NA,N,STRAIGHT AHEAD,Y,,1,,city,city pound,,Y,,,,,,,,,,Y,Y,,FRONT,,,,,,,,,,,,,,,,,,,,,,,,,,,,,,,,,
2115614,f581904273070791dddf85fa93e2fe389afc60c46ba2397e3703488e6e3310b3fad55a530678a4dae56e27114e0dcbf738aa94de12e5c83c9f677026a3a2dff5,07/27/2025 12:30:00 PM,2,DRIVER,,2016838,,HONDA,FIT,IL,2008,NONE,PASSENGER,PERSONAL,W,STRAIGHT AHEAD,Y,,1,,self,self,,,,,,,,,,,Y,Y,,,SIDE-LEFT-FRONT,,,,,,,,,,,,,,,,,,,,,,,,,,,,,,,,,
2115603,35612e66e07d2102f22f405510fced096ff27062653ce402e28ce6abe8d9374656ce45d509e569a273afef590050241960a29156fa7ebca56d41e81488590cc0,07/27/2025 12:25:00 PM,1,BICYCLE,,,,,,,,,,,,,,,,,,,,,,,,,,,,,,,,,,,,,,,,,,,,,,,,,,,,,,,,,,,,,,,,,,
2115604,35612e66e07d2102f22f405510fced096ff27062653ce402e28ce6abe8d9374656ce45d509e569a273afef590050241960a29156fa7ebca56d41e81488590cc0,07/27/2025 12:25:00 PM,2,DRIVER,1,2016832,,HONDA,CIVIC,IL,2019,UNKNOWN,PASSENGER,PERSONAL,N,TURNING LEFT,,,2,,,,,,,,,,,,,,,Y,,,FRONT-LEFT-CORNER,,,,,,,,,,,,,,,,,,,,,,,,,,,,,,,,,
2115588,886716071c5f41a8d9145838e671944f6a7fda78508f39283eb1549e768263aaeeaeb22ced571461d7779bf3ba79da8ac1beea2bab72628ac7d752211bd36842,07/27/2025 12:24:00 PM,1,DRIVER,,2016810,,JEEP,GRAND CHEROKEE,IL,2017,NONE,PASSENGER,PERSONAL,NW,TURNING RIGHT,,,1,,,,,Y,,,,,,,,,,,,,FRONT-RIGHT-CORNER,,,,,,,,,,,,,,,,,,,,,,,,,,,,,,,,,
2115589,886716071c5f41a8d9145838e671944f6a7fda78508f39283eb1549e768263aaeeaeb22ced571461d7779bf3ba79da8ac1beea2bab72628ac7d752211bd36842,07/27/2025 12:24:00 PM,2,PARKED,,2016812,,TOYOTA,RAV4,WI,2021,NONE,PASSENGER,PERSONAL,UNKNOWN,PARKED,,,0,,,,,,,,,,,,Y,,,,,,SIDE-LEFT,,,,,,,,,,,,,,,,,,,,,,,,,,,,,,,,,
2115566,e549807cb22a9d04041a9da5b11dab45c011ad7a528efb16e6f75963e53be30542b1d5d8e900d6f80636a847422ade696084744a51b083cf0ced2ccdc29506e1,07/27/2025 12:18:00 PM,1,DRIVER,,2016787,,FORD,TRANSIT,,,UNKNOWN,VAN/MINI-VAN,STATE OWNED,N,STRAIGHT AHEAD,,,1,,,,,,,,,,,,,,,,,Y,FRONT-RIGHT-CORNER,,,,,,,,,,,,,,,,,,,,,,,,,,,,,,,,,
2115567,e549807cb22a9d04041a9da5b11dab45c011ad7a528efb16e6f75963e53be30542b1d5d8e900d6f80636a847422ade696084744a51b083cf0ced2ccdc29506e1,07/27/2025 12:18:00 PM,2,DRIVERLESS,1,2016792,,HYUNDAI,OTHER (EXPLAIN IN NARRATIVE),IL,2013,UNKNOWN,PASSENGER,PERSONAL,N,PARKED,,,1,,,,,,,,,,,,Y,Y,Y,Y,,,SIDE-LEFT,,,,,,,,,,,,,,,,,,,,,,,,,,,,,,,,,
2115580,5763a1db9c7795ae9eec8f33b4ccdfc9f203b34e0506818d641b3614adda56cb821838e4fa4830723883435ccb7179b07d67317418f383100a435d21be9c4a5b,07/27/2025 12:15:00 PM,1,DRIVER,,2016802,,UNKNOWN,OTHER (EXPLAIN IN NARRATIVE),IL,,UNKNOWN,UNKNOWN/NA,UNKNOWN/NA,UNKNOWN,UNKNOWN/NA,,,1,,,,,,,,,,,,,,,,,Y,UNKNOWN,,,,,,,,,,,,,,,,,,,,,,,,,,,,,,,,,
2115581,5763a1db9c7795ae9eec8f33b4ccdfc9f203b34e0506818d641b3614adda56cb821838e4fa4830723883435ccb7179b07d67317418f383100a435d21be9c4a5b,07/27/2025 12:15:00 PM,2,PARKED,,2016806,,HONDA,ACCORD,IL,2017,UNKNOWN,PASSENGER,NOT IN USE,E,PARKED,,,0,,,,,,,,,Y,Y,Y,,,,,,,REAR,,,,,,,,,,,,,,,,,,,,,,,,,,,,,,,,,
2115586,8501da6bdb2fafe1b734389e3ee85c6b9a612867477e957e54ca6689aa7a69cc9ed945e1e3e2ab71a1a0870769df605d4b0eaf4d644ec6ab1f342e5373bfe29d,07/27/2025 12:06:00 PM,1,DRIVER,,2016814,,JEEP,WRANGLER,TX,2012,UNKNOWN,PASSENGER,PERSONAL,S,BACKING,,,1,,,,,,,,,,Y,,,,,,,,UNKNOWN,,,,,,,,,,,,,,,,,,,,,,,,,,,,,,,,,
2115587,8501da6bdb2fafe1b734389e3ee85c6b9a612867477e957e54ca6689aa7a69cc9ed945e1e3e2ab71a1a0870769df605d4b0eaf4d644ec6ab1f342e5373bfe29d,07/27/2025 12:06:00 PM,2,DRIVER,,2016821,,MERCEDES-BENZ,C300,IL,2018,UNKNOWN,PASSENGER,PERSONAL,S,SLOW/STOP IN TRAFFIC,,,1,,,,,,,,,,,,,,,,Y,,FRONT,,,,,,,,,,,,,,,,,,,,,,,,,,,,,,,,,
2115584,5443c7b73baaeb15228043cb0a7dba78c9cb00423c1a875ffd537e5f288a2eb5d899f763d7f71eb6eb6c15ae911020ddd8757d1fcfd8ebf1e40cca4e1720bee9,07/27/2025 12:05:00 PM,1,DRIVER,,2016805,,UNKNOWN,MOTORIZED,IL,,UNKNOWN,UNKNOWN/NA,UNKNOWN/NA,UNKNOWN,UNKNOWN/NA,,,1,,,,,,,,,,,,,,,,,,UNKNOWN,,,,,,,,,,,,,,,,,,,,,,,,,,,,,,,,,
2115585,5443c7b73baaeb15228043cb0a7dba78c9cb00423c1a875ffd537e5f288a2eb5d899f763d7f71eb6eb6c15ae911020ddd8757d1fcfd8ebf1e40cca4e1720bee9,07/27/2025 12:05:00 PM,2,PARKED,,2016808,,TESLA,MODEL 3,IL,2023,NONE,PASSENGER,NOT IN USE,SE,PARKED,,,0,,,,,,,Y,Y,Y,,,,,,,,,SIDE-RIGHT-REAR,,,,,,,,,,,,,,,,,,,,,,,,,,,,,,,,,
2118675,582d2d41571c0a853e4627f64f407d994278f1fcb03d527431b87cade253e7fda963a287812d9947b813694a628bb8fd5880ee9b454576ccec0aa1d3ecb22188,07/27/2025 12:00:00 PM,1,DRIVER,,2019713,,UNKNOWN,OTHER (EXPLAIN IN NARRATIVE),,,UNKNOWN,UNKNOWN/NA,UNKNOWN/NA,UNKNOWN,UNKNOWN/NA,,,1,,,,,,,,,,,,,,,,,Y,UNKNOWN,,,,,,,,,,,,,,,,,,,,,,,,,,,,,,,,,
2118676,582d2d41571c0a853e4627f64f407d994278f1fcb03d527431b87cade253e7fda963a287812d9947b813694a628bb8fd5880ee9b454576ccec0aa1d3ecb22188,07/27/2025 12:00:00 PM,2,PARKED,,2019709,,MAZDA,MAZDA3,IL,2024,NONE,PASSENGER,NOT IN USE,N,PARKED,,,0,,,,,,,,,,,,,,,Y,,,FRONT-RIGHT-CORNER,,,,,,,,,,,,,,,,,,,,,,,,,,,,,,,,,
2115572,bf63b4d1efe8eb196a643777e3602b829eccb7ee74dd5a82c357f8e3cf35ef262a693ec4f0c2b6a877215e1acc293b1165363f762e88970bed7b7a44035f8d6d,07/27/2025 12:00:00 PM,1,DRIVER,,2016796,,UNKNOWN,OTHER (EXPLAIN IN NARRATIVE),,,UNKNOWN,UNKNOWN/NA,UNKNOWN/NA,UNKNOWN,UNKNOWN/NA,,,1,,,,,,,,,,,,,,,,,Y,UNKNOWN,,,,,,,,,,,,,,,,,,,,,,,,,,,,,,,,,
2115573,bf63b4d1efe8eb196a643777e3602b829eccb7ee74dd5a82c357f8e3cf35ef262a693ec4f0c2b6a877215e1acc293b1165363f762e88970bed7b7a44035f8d6d,07/27/2025 12:00:00 PM,2,PARKED,,2016799,,SUBARU,CROSSTREK,IL,2017,UNKNOWN,PASSENGER,PERSONAL,E,PARKED,,,0,,,,,,,,,,,,,,,Y,,,SIDE-LEFT-FRONT,,,,,,,,,,,,,,,,,,,,,,,,,,,,,,,,,
2115568,7b61a0e0a5fff8e325e07d1a26c6e54ce512702ab1f1aeddae5d50c9977b0889742001556ee9e36a839feb886e7fe43127a147f9155a4c0f655593b34f304fef,07/27/2025 11:55:00 AM,1,BICYCLE,,,,,,,,,,,,,,,,,,,,,,,,,,,,,,,,,,,,,,,,,,,,,,,,,,,,,,,,,,,,,,,,,,
2115569,7b61a0e0a5fff8e325e07d1a26c6e54ce512702ab1f1aeddae5d50c9977b0889742001556ee9e36a839feb886e7fe43127a147f9155a4c0f655593b34f304fef,07/27/2025 11:55:00 AM,2,DRIVER,4,2016789,,JEEP,GRAND CHEROKEE,IL,2016,UNKNOWN,SPORT UTILITY VEHICLE (SUV),PERSONAL,W,STRAIGHT AHEAD,,,5,,,,Y,,Y,,,,,,,,,,,,SIDE-RIGHT,,,,,,,,,,,,,,,,,,,,,,,,,,,,,,,,,
2115611,ceda8dd28435d90c5f4991fbbc4476f1eeb2d48c24616c92405118b0146a8b0588ef123c6a18d3490958a37f2d423164340ce1489928e17e2ccd36b731b2b097,07/27/2025 11:55:00 AM,1,DRIVER,1,2016827,,FORD,ECONOLINE E450,IL,2018,NONE,TRUCK - SINGLE UNIT,AMBULANCE,N,STRAIGHT AHEAD,,,2,,,,,,Y,,,,,,,,,,,,FRONT-RIGHT-CORNER,,,,,,,,,,,,,,,,,,,,,,,,,,,,,,,,,
2115612,ceda8dd28435d90c5f4991fbbc4476f1eeb2d48c24616c92405118b0146a8b0588ef123c6a18d3490958a37f2d423164340ce1489928e17e2ccd36b731b2b097,07/27/2025 11:55:00 AM,2,DRIVER,,2016835,,UNKNOWN,ENCLOSED BODY,IL,,NONE,VAN/MINI-VAN,UNKNOWN/NA,N,STRAIGHT AHEAD,,,1,,,,,,,,,,,,Y,,,,,,REAR-LEFT-CORNER,,,,,,,,,,,,,,,,,,,,,,,,,,,,,,,,,
2115542,14507aad0c8dc73caa5464d56b310d337da3187f6b13b33d4dd7c80ecc85ec08f6dc72569ce00b04eab3e7ae276bad5829f7b45011dbb6fffdc349929ab0fe04,07/27/2025 11:50:00 AM,1,DRIVER,,2016776,,BUICK,REGAL,MN,2015,NONE,PASSENGER,PERSONAL,NE,ENTERING TRAFFIC LANE FROM PARKING,,,1,,,,,,N,N,,,,,,,,Y,,,FRONT-LEFT-CORNER,,,,,,,,,,,,,,,,,,,,,,,,,,,,,,,,,
2115543,14507aad0c8dc73caa5464d56b310d337da3187f6b13b33d4dd7c80ecc85ec08f6dc72569ce00b04eab3e7ae276bad5829f7b45011dbb6fffdc349929ab0fe04,07/27/2025 11:50:00 AM,2,DRIVER,,2016772,,TOYOTA,RAV4,IL,2019,NONE,PASSENGER,TAXI/FOR HIRE,E,STRAIGHT AHEAD,,,1,,,,,,,Y,,,,,,,,,,,SIDE-RIGHT,,,,,,,,,,,,,,,,,,,,,,,,,,,,,,,,,
2115955,6effde9701d30f2e68306a065dd98064f7e03619d0cd7ea425d7723cacbaacf4feae68a3eb9f690d5293f43c229c024d5ac907c195c4c969fc17de325b6e87e0,07/27/2025 11:49:00 AM,2,DRIVER,1,2017151,,HONDA,CIVIC,,,UNKNOWN,UNKNOWN/NA,UNKNOWN/NA,W,STRAIGHT AHEAD,,,2,,,,,,,,,,,,,,,,,Y,FRONT,,,,,,,,,,,,,,,,,,,,,,,,,,,,,,,,,
2115956,6effde9701d30f2e68306a065dd98064f7e03619d0cd7ea425d7723cacbaacf4feae68a3eb9f690d5293f43c229c024d5ac907c195c4c969fc17de325b6e87e0,07/27/2025 11:49:00 AM,3,DRIVER,1,2017149,,DODGE,JOURNEY,IL,2017,UNKNOWN,PASSENGER,PERSONAL,S,SLOW/STOP IN TRAFFIC,,,2,,,,,,,,,,,,,,Y,Y,Y,,FRONT-LEFT-CORNER,,,,,,,,,,,,,,,,,,,,,,,,,,,,,,,,,
2115971,6effde9701d30f2e68306a065dd98064f7e03619d0cd7ea425d7723cacbaacf4feae68a3eb9f690d5293f43c229c024d5ac907c195c4c969fc17de325b6e87e0,07/27/2025 11:49:00 AM,1,DRIVER,,2017159,N,U-HAUL COMPANY (DIVISION PARKHURST MANUFACTURING COMPANY),"U-HAUL CO, DIVISION PARKHURST MANUFACTURING CO.",,,UNKNOWN,OTHER,UNKNOWN/NA,W,STRAIGHT AHEAD,,,1,,,,,,,,,,,,,,,,,Y,UNKNOWN,,,,,,,,,,,,,,,,,,,,,,,,,,,,,,,,,
2115555,395af5a90a0cf8e5e3107be6509dd0947a44613a66b5d9c733ee499e7df8b5b7ede75a8ab9f6cdeca21c6c07c2ac875b0bc6688563f494f25b799cbf01226488,07/27/2025 11:30:00 AM,1,DRIVER,,2017199,,CHEVROLET,MALIBU,IL,2017,UNKNOWN,PASSENGER,UNKNOWN/NA,E,STRAIGHT AHEAD,,,1,,,,,,,,,,,,,,,,,Y,SIDE-LEFT,,,,,,,,,,,,,,,,,,,,,,,,,,,,,,,,,
2115556,395af5a90a0cf8e5e3107be6509dd0947a44613a66b5d9c733ee499e7df8b5b7ede75a8ab9f6cdeca21c6c07c2ac875b0bc6688563f494f25b799cbf01226488,07/27/2025 11:30:00 AM,2,DRIVER,4,2017203,,CHEVROLET,EQUINOX,IL,2023,NONE,SPORT UTILITY VEHICLE (SUV),PERSONAL,W,SLOW/STOP IN TRAFFIC,,,5,,,,,,,,,,,,Y,Y,,,,,SIDE-LEFT,,,,,,,,,,,,,,,,,,,,,,,,,,,,,,,,,
2115664,b1e1c9e3e0f5798cf0c79da190c87daeea97b4003526d14411d0d12a40597e4f31117b46c6f76c2cebb80ed0f8c822ca800755815932dac92ff8dce26d255c2b,07/27/2025 11:30:00 AM,1,DRIVER,,2016880,,CHEVROLET,TRAVERSE,IL,2012,NONE,PASSENGER,UNKNOWN/NA,S,UNKNOWN/NA,,,1,,,,,Y,,,,,,,,,,,,,FRONT-RIGHT-CORNER,,,,,,,,,,,,,,,,,,,,,,,,,,,,,,,,,
2115665,b1e1c9e3e0f5798cf0c79da190c87daeea97b4003526d14411d0d12a40597e4f31117b46c6f76c2cebb80ed0f8c822ca800755815932dac92ff8dce26d255c2b,07/27/2025 11:30:00 AM,2,DRIVER,,2016886,,TOYOTA,CAMRY,IL,2018,NONE,PASSENGER,RIDESHARE SERVICE,S,STRAIGHT AHEAD,,,1,,,,,,,,,,,N,Y,Y,,,,,SIDE-LEFT-REAR,,,,,,,,,,,,,,,,,,,,,,,,,,,,,,,,,
2115561,bfd2b3843570e8883ceada2413f083f6821b17e0da64acdaceb31707e787d31b3ba2cfd26ba959c460079a9dadf18b992981b1d58de84f44b6440331644ac56d,07/27/2025 11:30:00 AM,1,DRIVER,,2016785,,JEEP,CHEROKEE,IL,2019,UNKNOWN,SPORT UTILITY VEHICLE (SUV),UNKNOWN/NA,W,STRAIGHT AHEAD,,,1,,,,,,,,,,,,,,,,,Y,UNKNOWN,,,,,,,,,,,,,,,,,,,,,,,,,,,,,,,,,
2115562,bfd2b3843570e8883ceada2413f083f6821b17e0da64acdaceb31707e787d31b3ba2cfd26ba959c460079a9dadf18b992981b1d58de84f44b6440331644ac56d,07/27/2025 11:30:00 AM,2,DRIVER,,2016788,,SUBARU,CROSSTREK,IL,2014,UNKNOWN,SPORT UTILITY VEHICLE (SUV),PERSONAL,W,SLOW/STOP IN TRAFFIC,,,1,,,,,,,,,,Y,,,,,,Y,,REAR,,,,,,,,,,,,,,,,,,,,,,,,,,,,,,,,,
2115563,bfd2b3843570e8883ceada2413f083f6821b17e0da64acdaceb31707e787d31b3ba2cfd26ba959c460079a9dadf18b992981b1d58de84f44b6440331644ac56d,07/27/2025 11:30:00 AM,3,DRIVER,,2016793,,FORD,FOCUS,TX,2016,UNKNOWN,PASSENGER,OTHER,W,SLOW/STOP IN TRAFFIC,,,1,,,,,,,,,,Y,,,,,,,,REAR,,,,,,,,,,,,,,,,,,,,,,,,,,,,,,,,,
2115564,c1b367277a8508e0e50534c9337e85e11a95b97554027a07b06996bae99bf89e376b6c3082eca5d283e6a3ae944cc4f89ff0d46fe067eff7052354aabc68abd3,07/27/2025 11:25:00 AM,1,DRIVER,,2016791,,TOYOTA,HIGHLANDER,IL,2008,UNKNOWN,SPORT UTILITY VEHICLE (SUV),PERSONAL,N,CHANGING LANES,,,1,,,,,,,,,,,,,,Y,Y,,,SIDE-RIGHT-FRONT,,,,,,,,,,,,,,,,,,,,,,,,,,,,,,,,,
2115565,c1b367277a8508e0e50534c9337e85e11a95b97554027a07b06996bae99bf89e376b6c3082eca5d283e6a3ae944cc4f89ff0d46fe067eff7052354aabc68abd3,07/27/2025 11:25:00 AM,2,DRIVER,,2016794,,FORD,EDGE,IL,2024,UNKNOWN,SPORT UTILITY VEHICLE (SUV),PERSONAL,N,STRAIGHT AHEAD,Y,,1,,PRIVATE TOW,,,Y,Y,Y,Y,N,,,,,,,,,SIDE-RIGHT-FRONT,,,,,,,,,,,,,,,,,,,,,,,,,,,,,,,,,
2115551,8c6630a5085d2665d58b48e1f65becd60828867847516d70f535648e1d1aa16c0a47cb0fc41b3d3d7d1104500b4927e5ddb24ad28ebce7c66192c9a23698c6be,07/27/2025 11:22:00 AM,1,DRIVER,,2016784,,HYUNDAI,SONATA,IL,2011,UNKNOWN,PASSENGER,UNKNOWN/NA,W,STRAIGHT AHEAD,Y,,1,,OWNER,UNK,,Y,Y,Y,,,,,,,,N,N,,FRONT-RIGHT-CORNER,,,,,,,,,,,,,,,,,,,,,,,,,,,,,,,,,
2115552,8c6630a5085d2665d58b48e1f65becd60828867847516d70f535648e1d1aa16c0a47cb0fc41b3d3d7d1104500b4927e5ddb24ad28ebce7c66192c9a23698c6be,07/27/2025 11:22:00 AM,2,DRIVER,1,2016786,,TESLA,MODEL 3,IL,2023,UNKNOWN,PASSENGER,UNKNOWN/NA,W,STRAIGHT AHEAD,,,2,,,,,Y,,,,,,,,,,Y,Y,,FRONT,,,,,,,,,,,,,,,,,,,,,,,,,,,,,,,,,
2115553,34db853bcd0d725e0aa2596e429594ba98f6479006b8eca9fc18db14a975ee3262b98e55798e5cdf75db2c31058397e99cff860ddedd36defa44c8449fffd788,07/27/2025 11:20:00 AM,1,DRIVER,1,2016779,,NISSAN,PATHFINDER,,2017,UNKNOWN,SPORT UTILITY VEHICLE (SUV),PERSONAL,S,TURNING RIGHT,,,2,,,,,,,,,,,,,,,Y,,,FRONT-LEFT-CORNER,,,,,,,,,,,,,,,,,,,,,,,,,,,,,,,,,
2115554,34db853bcd0d725e0aa2596e429594ba98f6479006b8eca9fc18db14a975ee3262b98e55798e5cdf75db2c31058397e99cff860ddedd36defa44c8449fffd788,07/27/2025 11:20:00 AM,2,DRIVER,,2016782,,KIA,OPTIMA / K5,IL,2014,UNKNOWN,PASSENGER,PERSONAL,N,TURNING LEFT,,,1,,,,,,,Y,,,,,,,,,,,SIDE-RIGHT,,,,,,,,,,,,,,,,,,,,,,,,,,,,,,,,,
2116005,9f0117d3523168809f8b62f2d5ee9cc152aea7f6ceef18836cad584d529df25f5f60a5abcd2b662bfed9898685f1f9b7022d56f1b87242abac12047b5d80f478,07/27/2025 11:10:00 AM,1,DRIVER,,2017196,,BUICK,LESABRE,IL,2005,UNKNOWN,PASSENGER,UNKNOWN/NA,N,TURNING LEFT,,,1,,,,,Y,Y,,,,,,,,,,,,FRONT-RIGHT-CORNER,,,,,,,,,,,,,,,,,,,,,,,,,,,,,,,,,
2116006,9f0117d3523168809f8b62f2d5ee9cc152aea7f6ceef18836cad584d529df25f5f60a5abcd2b662bfed9898685f1f9b7022d56f1b87242abac12047b5d80f478,07/27/2025 11:10:00 AM,2,DRIVER,1,2017201,,NISSAN,VERSA,IL,2016,NONE,PASSENGER,PERSONAL,N,TURNING RIGHT,,,2,,,,,,,,,,,Y,,,,,,,SIDE-LEFT-REAR,,,,,,,,,,,,,,,,,,,,,,,,,,,,,,,,,
2115534,1afd645e93ecdc893d79d486f57d213bc15b081e822d423dec17ebc05b1899cf29b5e3e6f6c621ebeea1b991ab1b74b2af02ff1e4b71044bc8e805cb30d15975,07/27/2025 11:05:00 AM,1,DRIVER,,2016761,,FORD,OTHER (EXPLAIN IN NARRATIVE),IL,2012,UNKNOWN,VAN/MINI-VAN,UNKNOWN/NA,W,STRAIGHT AHEAD,,,1,,,,,,,,,,,,,,,,Y,,FRONT,,,,,,,,,,,,,,,,,,,,,,,,,,,,,,,,,
2115535,1afd645e93ecdc893d79d486f57d213bc15b081e822d423dec17ebc05b1899cf29b5e3e6f6c621ebeea1b991ab1b74b2af02ff1e4b71044bc8e805cb30d15975,07/27/2025 11:05:00 AM,2,DRIVER,,2016766,,HONDA,CR-V,IL,2025,NONE,SPORT UTILITY VEHICLE (SUV),PERSONAL,W,SLOW/STOP IN TRAFFIC,,,1,,,,,,,,,,Y,,,,,,,,REAR,,,,,,,,,,,,,,,,,,,,,,,,,,,,,,,,,
2115522,931c5a74734722deeed6eb6208e428171df9933ab9f94b995c29617a5657ec89ed6aab211ac2a75964bf0259a05a816366821ed446ba7398b6dc6512acd29511,07/27/2025 11:05:00 AM,1,DRIVER,,2016754,,HONDA,CIVIC,IL,2018,NONE,PASSENGER,PERSONAL,E,STRAIGHT AHEAD,,,1,,,,,Y,Y,,,,,,,,,,,,SIDE-RIGHT,,,,,,,,,,,,,,,,,,,,,,,,,,,,,,,,,