CRASH_UNIT_ID,CRASH_RECORD_ID,CRASH_DATE,UNIT_NO,UNIT_TYPE,NUM_PASSENGERS,VEHICLE_ID,CMRC_VEH_I,MAKE,MODEL,LIC_PLATE_STATE,VEHICLE_YEAR,VEHICLE_DEFECT,VEHICLE_TYPE,VEHICLE_USE,TRAVEL_DIRECTION,MANEUVER,TOWED_I,FIRE_I,OCCUPANT_CNT,EXCEED_SPEED_LIMIT_I,TOWED_BY,TOWED_TO,AREA_00_I,AREA_01_I,AREA_02_I,AREA_03_I,AREA_04_I,AREA_05_I,AREA_06_I,AREA_07_I,AREA_08_I,AREA_09_I,AREA_10_I,AREA_11_I,AREA_12_I,AREA_99_I,FIRST_CONTACT_POINT,CMV_ID,USDOT_NO,CCMC_NO,ILCC_NO,COMMERCIAL_SRC,GVWR,CARRIER_NAME,CARRIER_STATE,CARRIER_CITY,HAZMAT_PLACARDS_I,HAZMAT_NAME,UN_NO,HAZMAT_PRESENT_I,HAZMAT_REPORT_I,HAZMAT_REPORT_NO,MCS_REPORT_I,MCS_REPORT_NO,HAZMAT_VIO_CAUSE_CRASH_I,MCS_VIO_CAUSE_CRASH_I,IDOT_PERMIT_NO,WIDE_LOAD_I,TRAILER1_WIDTH,TRAILER2_WIDTH,TRAILER1_LENGTH,TRAILER2_LENGTH,TOTAL_VEHICLE_LENGTH,AXLE_CNT,VEHICLE_CONFIG,CARGO_BODY_TYPE,LOAD_TYPE,HAZMAT_OUT_OF_SERVICE_I,MCS_OUT_OF_SERVICE_I,HAZMAT_CLASS
2115523,931c5a74734722deeed6eb6208e428171df9933ab9f94b995c29617a5657ec89ed6aab211ac2a75964bf0259a05a816366821ed446ba7398b6dc6512acd29511,07/27/2025 11:05:00 AM,2,DRIVER,1,2016755,,VOLKSWAGEN,JETTA,IL,2019,NONE,PASSENGER,RIDESHARE SERVICE,E,STRAIGHT AHEAD,,,2,,,,,,,,,,,,Y,Y,Y,,,,SIDE-LEFT,,,,,,,,,,,,,,,,,,,,,,,,,,,,,,,,,
2116623,12f9e0b3cad607679508595687b165bbe1ed9893fa94b979fe03f7bdad7954fdc823ce087e9dd67a1609facb77a1d49350c9eba01f128cf48e713476bc6ab487,07/27/2025 11:00:00 AM,1,DRIVER,,2017791,,UNKNOWN,MOTORIZED,,,UNKNOWN,UNKNOWN/NA,UNKNOWN/NA,W,STRAIGHT AHEAD,,,1,,,,,,,,,,,,,,,,,Y,UNKNOWN,,,,,,,,,,,,,,,,,,,,,,,,,,,,,,,,,
2116624,12f9e0b3cad607679508595687b165bbe1ed9893fa94b979fe03f7bdad7954fdc823ce087e9dd67a1609facb77a1d49350c9eba01f128cf48e713476bc6ab487,07/27/2025 11:00:00 AM,2,PARKED,,2017792,,TESLA,MODEL Y,IL,2021,UNKNOWN,UNKNOWN/NA,UNKNOWN/NA,W,PARKED,N,,0,,,,,Y,,,,,,Y,Y,,,Y,Y,,REAR-LEFT-CORNER,,,,,,,,,,,,,,,,,,,,,,,,,,,,,,,,,
2116625,12f9e0b3cad607679508595687b165bbe1ed9893fa94b979fe03f7bdad7954fdc823ce087e9dd67a1609facb77a1d49350c9eba01f128cf48e713476bc6ab487,07/27/2025 11:00:00 AM,3,PARKED,,2017794,,DODGE,CHARGER,IL,2013,UNKNOWN,PASSENGER,PERSONAL,W,STRAIGHT AHEAD,,,0,,,,,,,,,Y,Y,Y,,,,,,,REAR,,,,,,,,,,,,,,,,,,,,,,,,,,,,,,,,,
2115557,0836f0ebd747caace23fcce60af777f45aa87960b89a8f75db8c48a9b067f6c3e0e3d33156f8d8ee00b8eab703b760491a75f25b2cd33818aed821cb3e30bef3,07/27/2025 10:40:00 AM,1,DRIVER,,2016780,,TOYOTA,OTHER (EXPLAIN IN NARRATIVE),IL,2008,UNKNOWN,PICKUP,PERSONAL,UNKNOWN,UNKNOWN/NA,,,1,,,,,,,,,,,,,,,,,Y,UNKNOWN,,,,,,,,,,,,,,,,,,,,,,,,,,,,,,,,,
2115558,0836f0ebd747caace23fcce60af777f45aa87960b89a8f75db8c48a9b067f6c3e0e3d33156f8d8ee00b8eab703b760491a75f25b2cd33818aed821cb3e30bef3,07/27/2025 10:40:00 AM,2,PARKED,,2016783,,HONDA,OTHER (EXPLAIN IN NARRATIVE),IL,2010,NONE,PASSENGER,PERSONAL,UNKNOWN,PARKED,,,0,,,,,,,,,,,,,,,Y,,,SIDE-LEFT-FRONT,,,,,,,,,,,,,,,,,,,,,,,,,,,,,,,,,
2116017,68b0a7cf68c88855d3ffbf7a74f9a869e590e10b74c0670e67129f8a599c0d4db60532ed5179cabde29e6a9b945e426eec26b5d52de39de0991fa19f50079a57,07/27/2025 10:30:00 AM,1,DRIVER,,2017213,,CHRYSLER,CARAVAN,IL,2008,NONE,VAN/MINI-VAN,PERSONAL,W,U-TURN,,,1,,,,,Y,,,,,,,,,,Y,Y,,FRONT,,,,,,,,,,,,,,,,,,,,,,,,,,,,,,,,,
2116018,68b0a7cf68c88855d3ffbf7a74f9a869e590e10b74c0670e67129f8a599c0d4db60532ed5179cabde29e6a9b945e426eec26b5d52de39de0991fa19f50079a57,07/27/2025 10:30:00 AM,2,DRIVER,1,2017214,,CHEVROLET,OTHER (EXPLAIN IN NARRATIVE),IL,2012,NONE,PASSENGER,PERSONAL,W,STRAIGHT AHEAD,Y,,2,,Private Company,,,,Y,Y,Y,,,,,,,,,,SIDE-RIGHT,,,,,,,,,,,,,,,,,,,,,,,,,,,,,,,,,
2115528,90cc89f23759b6d3da604ccf8d476a900abed92854760045c6a3457b8e66e497eec1d9a937d9091bcd903f423fabc30252133cf7281912cea1b28a1667d05317,07/27/2025 10:24:00 AM,1,BICYCLE,,,,,,,,,,,,,,,,,,,,,,,,,,,,,,,,,,,,,,,,,,,,,,,,,,,,,,,,,,,,,,,,,,
2115529,90cc89f23759b6d3da604ccf8d476a900abed92854760045c6a3457b8e66e497eec1d9a937d9091bcd903f423fabc30252133cf7281912cea1b28a1667d05317,07/27/2025 10:24:00 AM,2,DRIVER,3,2016760,,TOYOTA,OTHER (EXPLAIN IN NARRATIVE),IL,2008,WINDOWS,PASSENGER,PERSONAL,S,STRAIGHT AHEAD,,,4,,,,,,,,,,,,,Y,Y,Y,Y,,FRONT-LEFT-CORNER,,,,,,,,,,,,,,,,,,,,,,,,,,,,,,,,,
2115609,781bbb558d039c09a5c380585653ff6750c5604feadb660142cd158e0b3bcf577518dc3750954fede8baccb0c5ec177976b86209fd51641b9f119d2592017715,07/27/2025 10:18:00 AM,1,DRIVER,,2016826,,CHEVROLET,OTHER (EXPLAIN IN NARRATIVE),IL,,UNKNOWN,UNKNOWN/NA,UNKNOWN/NA,UNKNOWN,UNKNOWN/NA,,,1,,,,,,,,,,,,,,,,,Y,UNKNOWN,,,,,,,,,,,,,,,,,,,,,,,,,,,,,,,,,
2115610,781bbb558d039c09a5c380585653ff6750c5604feadb660142cd158e0b3bcf577518dc3750954fede8baccb0c5ec177976b86209fd51641b9f119d2592017715,07/27/2025 10:18:00 AM,2,PARKED,,2016833,,ACURA,RLX,IL,2016,UNKNOWN,PASSENGER,PERSONAL,UNKNOWN,PARKED,,,0,,,,,,,,,,,,,,,,Y,,FRONT,,,,,,,,,,,,,,,,,,,,,,,,,,,,,,,,,
2115509,c02efa335b370be278f9a3adea3dddebcc971ec111d51f906d727088ff1a2256b22495a38644533112a9a39f9963e7ec45f001e7328d856617016a66046dbdb1,07/27/2025 10:12:00 AM,1,BICYCLE,,,,,,,,,,,,,,,,,,,,,,,,,,,,,,,,,,,,,,,,,,,,,,,,,,,,,,,,,,,,,,,,,,
2115510,c02efa335b370be278f9a3adea3dddebcc971ec111d51f906d727088ff1a2256b22495a38644533112a9a39f9963e7ec45f001e7328d856617016a66046dbdb1,07/27/2025 10:12:00 AM,2,PARKED,,2016741,,TOYOTA,CAMRY,FL,2024,NONE,PASSENGER,PERSONAL,N,PARKED,,,0,,,,,,,,,,,,Y,Y,Y,Y,,,SIDE-LEFT,,,,,,,,,,,,,,,,,,,,,,,,,,,,,,,,,
2115503,d28c92d6362a2a74299b4afd58a6b65ccbc4ac4bd7eef0884cc6d14d7b190d2279d9791685c448db4b597c52c7aa0ba6f819d8d23bbd042028061ef7e282e4ce,07/27/2025 09:32:00 AM,1,DRIVER,,2016736,,DODGE,CHARGER,IL,2019,UNKNOWN,PASSENGER,PERSONAL,N,STRAIGHT AHEAD,Y,,1,,PRIVATE TOW,RESIDENCE,,Y,,,,,,,,,,Y,Y,,FRONT,,,,,,,,,,,,,,,,,,,,,,,,,,,,,,,,,
2115506,9fcaa3ba0e3e38cea419c7555866eb3a6117efce6321ad6e0e79498d9b661867b6c5bd246ba83a887dacd16b045568d542581ca2c8adfad797942a7d3c3b8fc3,07/27/2025 09:30:00 AM,1,DRIVER,,2016735,,TOYOTA,AVALON,IL,2000,UNKNOWN,PASSENGER,UNKNOWN/NA,S,STRAIGHT AHEAD,,,1,,,,,,,,,,,,,,,,Y,,FRONT,,,,,,,,,,,,,,,,,,,,,,,,,,,,,,,,,
2115507,9fcaa3ba0e3e38cea419c7555866eb3a6117efce6321ad6e0e79498d9b661867b6c5bd246ba83a887dacd16b045568d542581ca2c8adfad797942a7d3c3b8fc3,07/27/2025 09:30:00 AM,2,DRIVER,,2016739,,CHEVROLET,EQUINOX,IL,2012,UNKNOWN,SPORT UTILITY VEHICLE (SUV),UNKNOWN/NA,S,SLOW/STOP IN TRAFFIC,,,1,,,,,,,,,,Y,,,,,,Y,,REAR,,,,,,,,,,,,,,,,,,,,,,,,,,,,,,,,,
2115508,9fcaa3ba0e3e38cea419c7555866eb3a6117efce6321ad6e0e79498d9b661867b6c5bd246ba83a887dacd16b045568d542581ca2c8adfad797942a7d3c3b8fc3,07/27/2025 09:30:00 AM,3,DRIVER,,2016743,,HONDA,ACCORD,IL,2013,UNKNOWN,PASSENGER,UNKNOWN/NA,S,SLOW/STOP IN TRAFFIC,,,1,,,,,,,,,,Y,,,,,,,,REAR,,,,,,,,,,,,,,,,,,,,,,,,,,,,,,,,,
2115520,264318859d5526c12421b444513440be48ecb3c7457cf1f79d1a93216f90302ab8ca743b745dac156eed966ba0998aa0e0e1b2b7e2730f4ec74d801878cab80e,07/27/2025 09:00:00 AM,1,DRIVER,,2016748,,UNKNOWN,OTHER (EXPLAIN IN NARRATIVE),,,UNKNOWN,UNKNOWN/NA,UNKNOWN/NA,UNKNOWN,UNKNOWN/NA,,,1,,,,,,,,,,,,,,,,,Y,UNKNOWN,,,,,,,,,,,,,,,,,,,,,,,,,,,,,,,,,
2115521,264318859d5526c12421b444513440be48ecb3c7457cf1f79d1a93216f90302ab8ca743b745dac156eed966ba0998aa0e0e1b2b7e2730f4ec74d801878cab80e,07/27/2025 09:00:00 AM,2,PARKED,,2016753,,JEEP,GRAND CHEROKEE,IL,2024,UNKNOWN,SPORT UTILITY VEHICLE (SUV),NOT IN USE,N,PARKED,Y,,0,,UNIVERSAL TOWING,7700 S. SOUTH CHICAGO AVE,,,,,,,,Y,Y,N,,,,,SIDE-LEFT-REAR,,,,,,,,,,,,,,,,,,,,,,,,,,,,,,,,,
2115670,91d111356f3fd8dd4b43fcf6c302443d59a4cd9c96b58e3846b1ba006981f1d0ae7d3a15ceed72b2fc6655b8f1f5f41489f5bcd7644a86e819c12d7f26b46af9,07/27/2025 09:00:00 AM,1,DRIVER,,2016887,,UNKNOWN,OTHER (EXPLAIN IN NARRATIVE),,,UNKNOWN,UNKNOWN/NA,UNKNOWN/NA,UNKNOWN,UNKNOWN/NA,,,1,,,,,,,,,,,,,,,,,Y,UNKNOWN,,,,,,,,,,,,,,,,,,,,,,,,,,,,,,,,,
2115671,91d111356f3fd8dd4b43fcf6c302443d59a4cd9c96b58e3846b1ba006981f1d0ae7d3a15ceed72b2fc6655b8f1f5f41489f5bcd7644a86e819c12d7f26b46af9,07/27/2025 09:00:00 AM,2,PARKED,,2016894,,CHEVROLET,TRAX,IL,2021,UNKNOWN,SPORT UTILITY VEHICLE (SUV),PERSONAL,N,PARKED,,,0,,,,,,,,,,,,,,,Y,,,FRONT-LEFT-CORNER,,,,,,,,,,,,,,,,,,,,,,,,,,,,,,,,,
2115494,cf8ff4cd20182a24b68b972d4882cd27a7a50fca8e1e9065554922baabb2c230e7b2f35c2e76071bccde8d715341dae0cc76dce4e4d30697ad65dd95a7ce4112,07/27/2025 09:00:00 AM,1,DRIVER,,2016720,,HYUNDAI,TUCSON,IL,2016,UNKNOWN,SPORT UTILITY VEHICLE (SUV),UNKNOWN/NA,E,STRAIGHT AHEAD,Y,,1,,city of chicago,city pound,,Y,,,,,,,,,,Y,Y,,FRONT,,,,,,,,,,,,,,,,,,,,,,,,,,,,,,,,,
2115495,cf8ff4cd20182a24b68b972d4882cd27a7a50fca8e1e9065554922baabb2c230e7b2f35c2e76071bccde8d715341dae0cc76dce4e4d30697ad65dd95a7ce4112,07/27/2025 09:00:00 AM,2,DRIVER,,2016722,,FORD,ESCAPE,IL,2011,UNKNOWN,SPORT UTILITY VEHICLE (SUV),UNKNOWN/NA,E,STRAIGHT AHEAD,,,1,,,,,,,,,,Y,,,,,,,,REAR,,,,,,,,,,,,,,,,,,,,,,,,,,,,,,,,,
2115909,7c5e624108f424918e305c0dd800d237f30f0196b9b82f3f601ed55b6d792351530e8ff32b6ee7204e9f004c8fb24e6e6bb0ab7d36549008572d372c68d343eb,07/27/2025 08:45:00 AM,1,DRIVER,,2017095,,JEEP,WRANGLER,IL,,UNKNOWN,SPORT UTILITY VEHICLE (SUV),UNKNOWN/NA,E,MERGING,,,1,,,,,Y,Y,,,,,,,,Y,Y,,,FRONT-LEFT-CORNER,,,,,,,,,,,,,,,,,,,,,,,,,,,,,,,,,
2115910,7c5e624108f424918e305c0dd800d237f30f0196b9b82f3f601ed55b6d792351530e8ff32b6ee7204e9f004c8fb24e6e6bb0ab7d36549008572d372c68d343eb,07/27/2025 08:45:00 AM,2,DRIVER,,2017104,,CHEVROLET,TAHOE,IL,,UNKNOWN,SPORT UTILITY VEHICLE (SUV),UNKNOWN/NA,E,STRAIGHT AHEAD,,,1,,,,,Y,Y,,,,,,,,,,,,FRONT-RIGHT-CORNER,,,,,,,,,,,,,,,,,,,,,,,,,,,,,,,,,
2115911,7c5e624108f424918e305c0dd800d237f30f0196b9b82f3f601ed55b6d792351530e8ff32b6ee7204e9f004c8fb24e6e6bb0ab7d36549008572d372c68d343eb,07/27/2025 08:45:00 AM,3,DRIVER,1,2017106,,HONDA,CIVIC,IL,2021,NONE,PASSENGER,PERSONAL,E,SLOW/STOP IN TRAFFIC,,,2,,,,,,,,,,,Y,,,,,,,REAR-LEFT-CORNER,,,,,,,,,,,,,,,,,,,,,,,,,,,,,,,,,
2115489,6c2eb8bc27054ada9f5a83e667adcd4ae04024bd1b7bafdc4b812543df86cbf86e241877ca4ac7c2f03f1189bd30d1afe4feae47f75230a110a923241aeddfad,07/27/2025 08:30:00 AM,1,DRIVER,,2016713,,UNKNOWN,MOTORIZED,,,UNKNOWN,UNKNOWN/NA,UNKNOWN/NA,UNKNOWN,UNKNOWN/NA,,,1,,,,,,,,,,,,,,,,,Y,UNKNOWN,,,,,,,,,,,,,,,,,,,,,,,,,,,,,,,,,
2115490,6c2eb8bc27054ada9f5a83e667adcd4ae04024bd1b7bafdc4b812543df86cbf86e241877ca4ac7c2f03f1189bd30d1afe4feae47f75230a110a923241aeddfad,07/27/2025 08:30:00 AM,2,PARKED,,2016716,,TOYOTA,CAMRY,IL,2021,UNKNOWN,PASSENGER,PERSONAL,W,PARKED,,,0,,,,,,,,,Y,Y,,,,,,,,REAR-RIGHT-CORNER,,,,,,,,,,,,,,,,,,,,,,,,,,,,,,,,,
2115485,e840e959f299ace25f47a9fd614ea4bbec70e237c8df29a4d88d8c1935137583ff20d6d44b4d29b16783a576f0ccca55184c2d4ff5f4491cf5f7c87853fac6d8,07/27/2025 08:20:00 AM,1,DRIVER,1,2016715,,TOYOTA,HIGHLANDER,IL,2005,NONE,PASSENGER,PERSONAL,N,MERGING,,,2,,,,,Y,Y,Y,,,,,,,,,,,SIDE-RIGHT,,,,,,,,,,,,,,,,,,,,,,,,,,,,,,,,,
2115486,e840e959f299ace25f47a9fd614ea4bbec70e237c8df29a4d88d8c1935137583ff20d6d44b4d29b16783a576f0ccca55184c2d4ff5f4491cf5f7c87853fac6d8,07/27/2025 08:20:00 AM,2,DRIVER,,2016711,,PONTIAC,G8,IL,2009,NONE,PASSENGER,PERSONAL,N,STRAIGHT AHEAD,,,1,,,,,,,,,,,,Y,Y,Y,Y,,,SIDE-LEFT,,,,,,,,,,,,,,,,,,,,,,,,,,,,,,,,,
2115481,a0c6c509009e1f5b6e7e0c117441bfc1c27cb61fed2d61c2613a95e3a0274e63fb7953906dea5e2538513fe0b85dae8cb9a0ce12bc93f454171accb5ce6dcc0b,07/27/2025 08:14:00 AM,1,DRIVER,,2016710,,UNKNOWN,MOTORIZED,,,UNKNOWN,PASSENGER,UNKNOWN/NA,NW,PASSING/OVERTAKING,,,1,,,,,,,,,,,,,,,,,Y,UNKNOWN,,,,,,,,,,,,,,,,,,,,,,,,,,,,,,,,,
2115482,a0c6c509009e1f5b6e7e0c117441bfc1c27cb61fed2d61c2613a95e3a0274e63fb7953906dea5e2538513fe0b85dae8cb9a0ce12bc93f454171accb5ce6dcc0b,07/27/2025 08:14:00 AM,2,DRIVER,,2016717,Y,"MACK TRUCKS, INC.","MACK TRUCKS, INC.",ND,2023,NONE,TRACTOR W/ SEMI-TRAILER,COMMERCIAL - SINGLE UNIT,NW,OTHER,,,1,,,,,,,,,,,,,,,Y,,,FRONT-LEFT-CORNER,"21,900",189247,,,PAPERS,3,VALLEY EXPRESS,ND,MAPLETON,,,,N,N,,N,,U,U,,,0-96,,45,,53,5,TRACTOR/SEMI-TRAILER,VAN/ENCLOSED BOX,UNKNOWN,N,N,
2115492,45d31e77a08669964244ae318cd28ee08d853a27257feb746485f3254a34613f9ac211b7957dc404bd510350aac1b1f2f6c8a208f3b8e4006a8097ea43b019ad,07/27/2025 08:13:00 AM,1,DRIVER,2,2016721,,HONDA,ACCORD,IL,2004,UNKNOWN,PASSENGER,PERSONAL,W,STRAIGHT AHEAD,,,3,,,,,,,,,,,,,,,,,,FRONT,,,,,,,,,,,,,,,,,,,,,,,,,,,,,,,,,
2115493,45d31e77a08669964244ae318cd28ee08d853a27257feb746485f3254a34613f9ac211b7957dc404bd510350aac1b1f2f6c8a208f3b8e4006a8097ea43b019ad,07/27/2025 08:13:00 AM,2,DRIVER,,2016723,,TESLA,MODEL Y,IL,2023,UNKNOWN,PASSENGER,PERSONAL,W,STRAIGHT AHEAD,,,1,,,,,,,,,,,,,,,,,,REAR,,,,,,,,,,,,,,,,,,,,,,,,,,,,,,,,,
2115904,82a3736e1c2a8b23f244c80b58d22cffa36dad8329df7fdcad6c58d4264766654bb0e60e655d8b38b614e8c70df8bb430290c846cd7d901a6fd66a06fbaba4f6,07/27/2025 08:00:00 AM,1,DRIVER,,2017092,,UNKNOWN,OTHER (EXPLAIN IN NARRATIVE),,,UNKNOWN,UNKNOWN/NA,UNKNOWN/NA,UNKNOWN,UNKNOWN/NA,,,1,,,,,,,,,,,,,,,,,Y,UNKNOWN,,,,,,,,,,,,,,,,,,,,,,,,,,,,,,,,,
2115905,82a3736e1c2a8b23f244c80b58d22cffa36dad8329df7fdcad6c58d4264766654bb0e60e655d8b38b614e8c70df8bb430290c846cd7d901a6fd66a06fbaba4f6,07/27/2025 08:00:00 AM,2,PARKED,,2017094,,HYUNDAI,ELANTRA,IL,2014,UNKNOWN,PASSENGER,NOT IN USE,N,PARKED,,,0,,,,,,,,,,,N,N,N,Y,Y,Y,,SIDE-LEFT,,,,,,,,,,,,,,,,,,,,,,,,,,,,,,,,,
2115498,0225be7df16d8c4b2c04c493ccf1bc0170cf83f7dd98a4af1d06185358a2f4f6201e888903d230126685c84eb4874fb1957e9eb8e9370429556133c3c58f6479,07/27/2025 07:56:00 AM,1,DRIVER,,2016732,,CHEVROLET,EXPRESS,IL,2013,NONE,VAN/MINI-VAN,PERSONAL,S,STRAIGHT AHEAD,,,1,,,,,,,,,,,,,,,,,,UNKNOWN,,,,,,,,,,,,,,,,,,,,,,,,,,,,,,,,,
2115499,0225be7df16d8c4b2c04c493ccf1bc0170cf83f7dd98a4af1d06185358a2f4f6201e888903d230126685c84eb4874fb1957e9eb8e9370429556133c3c58f6479,07/27/2025 07:56:00 AM,2,PARKED,,2016738,,DODGE,CHARGER,IL,2012,NONE,PASSENGER,NOT IN USE,S,PARKED,,,0,,,,,,,,,,,,,Y,Y,Y,,,UNKNOWN,,,,,,,,,,,,,,,,,,,,,,,,,,,,,,,,,
2118762,7eea8f072e7cf5983706a3877a68e88bbf20258c35772d8fbe75ec3c779427416cf3989ded52d867ecc4b2db5816c77e59bdbee88ea90d5a3c31097feba03067,07/27/2025 07:30:00 AM,2,DRIVER,,2019795,,JEEP,GRAND CHEROKEE,IL,2009,UNKNOWN,SPORT UTILITY VEHICLE (SUV),PERSONAL,W,STRAIGHT AHEAD,,,1,,,,,,,,,,,,,,,Y,,,FRONT-LEFT-CORNER,,,,,,,,,,,,,,,,,,,,,,,,,,,,,,,,,
2118763,7eea8f072e7cf5983706a3877a68e88bbf20258c35772d8fbe75ec3c779427416cf3989ded52d867ecc4b2db5816c77e59bdbee88ea90d5a3c31097feba03067,07/27/2025 07:30:00 AM,1,DRIVER,,2019804,,HONDA,ACCORD,IL,1999,UNKNOWN,PASSENGER,PERSONAL,S,STRAIGHT AHEAD,,,1,,,,,Y,,,,,,,,,,,,,FRONT-RIGHT-CORNER,,,,,,,,,,,,,,,,,,,,,,,,,,,,,,,,,
2115642,a605ef77f37f8094702d3a7149e6441fef682489fb2ab89f8fc3102777848947d45edc42c60ed8502f13252b4805eaa2aac2eaafee1a592c72576147d6ed34f7,07/27/2025 07:30:00 AM,1,DRIVER,,2016855,,FORD,OTHER (EXPLAIN IN NARRATIVE),,,UNKNOWN,PASSENGER,PERSONAL,UNKNOWN,UNKNOWN/NA,,,1,,,,,Y,Y,Y,Y,Y,,,,,,,,,SIDE-RIGHT,,,,,,,,,,,,,,,,,,,,,,,,,,,,,,,,,
2115643,a605ef77f37f8094702d3a7149e6441fef682489fb2ab89f8fc3102777848947d45edc42c60ed8502f13252b4805eaa2aac2eaafee1a592c72576147d6ed34f7,07/27/2025 07:30:00 AM,2,DRIVER,,2016862,,VOLKSWAGEN,JETTA,IL,2008,UNKNOWN,PASSENGER,PERSONAL,UNKNOWN,UNKNOWN/NA,,,1,,,,,,,,,,,Y,Y,Y,Y,Y,Y,,SIDE-LEFT,,,,,,,,,,,,,,,,,,,,,,,,,,,,,,,,,
2115473,984075a76ea415dbf815b83c1fa7c66544d92cd2ab94fde706f49a1d42c07dfc3613c334fc0093938a207f6f05d6586b0745857246e7b19de566dcae1267ecef,07/27/2025 07:09:00 AM,2,DRIVER,,2016726,,TOYOTA,CAMRY,IL,2004,UNKNOWN,PASSENGER,PERSONAL,W,STRAIGHT AHEAD,Y,,1,,E&R TOWING,POUND 2,,Y,,,,Y,,,,,,Y,Y,,REAR-LEFT-CORNER,,,,,,,,,,,,,,,,,,,,,,,,,,,,,,,,,
2115474,984075a76ea415dbf815b83c1fa7c66544d92cd2ab94fde706f49a1d42c07dfc3613c334fc0093938a207f6f05d6586b0745857246e7b19de566dcae1267ecef,07/27/2025 07:09:00 AM,1,DRIVER,,2016706,,UNKNOWN,MOTORIZED,IL,,UNKNOWN,PICKUP,PERSONAL,W,STRAIGHT AHEAD,,,1,,,,,,,,,,,,,,,,,Y,FRONT,,,,,,,,,,,,,,,,,,,,,,,,,,,,,,,,,
2115464,09210fc63dc8562552f08a1f2703676ad9f35be984ac434ace91d11bdee2a0d3733df05cc1c9fa12738423af2138f6bb355fd199b7bae17d4f5dbea514050692,07/27/2025 06:50:00 AM,1,DRIVER,,2016693,,SUBARU,LEGACY,IL,2015,NONE,PASSENGER,PERSONAL,S,BACKING,,,1,,,,,,,,,,,,,,,,,Y,REAR,,,,,,,,,,,,,,,,,,,,,,,,,,,,,,,,,
2115465,09210fc63dc8562552f08a1f2703676ad9f35be984ac434ace91d11bdee2a0d3733df05cc1c9fa12738423af2138f6bb355fd199b7bae17d4f5dbea514050692,07/27/2025 06:50:00 AM,2,PARKED,,2016694,,SUBARU,OUTBACK,IL,2016,NONE,PASSENGER,PERSONAL,W,PARKED,,,0,,,,,,,,,Y,,,,,,,,,REAR-RIGHT-CORNER,,,,,,,,,,,,,,,,,,,,,,,,,,,,,,,,,
2116035,24d4ffa579ef2d510d0be69ca331010e606f91adac01028591e95aa8c98b465c12ba011d1c14729d3cb0e3a936c116577383e003108d905f8b3728e8870e312e,07/27/2025 06:42:00 AM,1,DRIVER,,2017229,,UNKNOWN,OTHER (EXPLAIN IN NARRATIVE),IN,,UNKNOWN,UNKNOWN/NA,UNKNOWN/NA,N,LEAVING TRAFFIC LANE TO PARK,,,1,,,,,,,,,,,,,,,,,Y,UNKNOWN,,,,,,,,,,,,,,,,,,,,,,,,,,,,,,,,,
2116036,24d4ffa579ef2d510d0be69ca331010e606f91adac01028591e95aa8c98b465c12ba011d1c14729d3cb0e3a936c116577383e003108d905f8b3728e8870e312e,07/27/2025 06:42:00 AM,2,PARKED,,2017232,,TOYOTA,RAV4,IL,2022,NONE,SPORT UTILITY VEHICLE (SUV),PERSONAL,N,PARKED,,,0,,,,,Y,Y,,,,,,,,N,N,,,FRONT-RIGHT-CORNER,,,,,,,,,,,,,,,,,,,,,,,,,,,,,,,,,
2115487,bc5c85d4d43b93eb0a1bb5709e25bdc4865e2f183eca112081475a76008dacd4e7efe7ae49b19d26a68fda024bf20a86423b8c43caa22ad6c22de376405dc682,07/27/2025 06:20:00 AM,1,DRIVER,,2016718,,BUICK,ENVISION,IN,2024,OTHER,PASSENGER,PERSONAL,W,STRAIGHT AHEAD,Y,,1,,city of chicago,lower wacker,,Y,,,,,,,,,,Y,Y,,FRONT,,,,,,,,,,,,,,,,,,,,,,,,,,,,,,,,,
2115488,bc5c85d4d43b93eb0a1bb5709e25bdc4865e2f183eca112081475a76008dacd4e7efe7ae49b19d26a68fda024bf20a86423b8c43caa22ad6c22de376405dc682,07/27/2025 06:20:00 AM,2,DRIVER,,2016729,,JEEP,WRANGLER,IL,2021,UNKNOWN,PASSENGER,PERSONAL,S,STRAIGHT AHEAD,,,1,,,,,,,,,,,,,Y,Y,Y,,,SIDE-LEFT,,,,,,,,,,,,,,,,,,,,,,,,,,,,,,,,,
2115458,a15a383c8dead4cafabf8917c2d503f760e2a043db6d7e41012ce9c69d6763a3c0ccc8c44b900d71596a5fb0a46d1c3d9fc70d5190de2a29ec62beca6e546a07,07/27/2025 06:02:00 AM,1,DRIVER,,2016682,,JEEP,COMPASS,IL,2018,UNKNOWN,PASSENGER,PERSONAL,SW,STARTING IN TRAFFIC,Y,,1,,,,,,,,,,,,,Y,Y,Y,Y,,FRONT-LEFT-CORNER,,,,,,,,,,,,,,,,,,,,,,,,,,,,,,,,,
2115459,a15a383c8dead4cafabf8917c2d503f760e2a043db6d7e41012ce9c69d6763a3c0ccc8c44b900d71596a5fb0a46d1c3d9fc70d5190de2a29ec62beca6e546a07,07/27/2025 06:02:00 AM,2,DRIVER,,2016685,N,TOYOTA,PRIUS,IL,2013,NONE,PASSENGER,TAXI/FOR HIRE,W,STRAIGHT AHEAD,Y,,1,,PERSONAL TOW,,,Y,Y,,,,,,,,Y,Y,Y,,FRONT,,,,,,,,,,,,,,,,,,,,,,,,,,,,,,,,,