CRASH_UNIT_ID,CRASH_RECORD_ID,CRASH_DATE,UNIT_NO,UNIT_TYPE,NUM_PASSENGERS,VEHICLE_ID,CMRC_VEH_I,MAKE,MODEL,LIC_PLATE_STATE,VEHICLE_YEAR,VEHICLE_DEFECT,VEHICLE_TYPE,VEHICLE_USE,TRAVEL_DIRECTION,MANEUVER,TOWED_I,FIRE_I,OCCUPANT_CNT,EXCEED_SPEED_LIMIT_I,TOWED_BY,TOWED_TO,AREA_00_I,AREA_01_I,AREA_02_I,AREA_03_I,AREA_04_I,AREA_05_I,AREA_06_I,AREA_07_I,AREA_08_I,AREA_09_I,AREA_10_I,AREA_11_I,AREA_12_I,AREA_99_I,FIRST_CONTACT_POINT,CMV_ID,USDOT_NO,CCMC_NO,ILCC_NO,COMMERCIAL_SRC,GVWR,CARRIER_NAME,CARRIER_STATE,CARRIER_CITY,HAZMAT_PLACARDS_I,HAZMAT_NAME,UN_NO,HAZMAT_PRESENT_I,HAZMAT_REPORT_I,HAZMAT_REPORT_NO,MCS_REPORT_I,MCS_REPORT_NO,HAZMAT_VIO_CAUSE_CRASH_I,MCS_VIO_CAUSE_CRASH_I,IDOT_PERMIT_NO,WIDE_LOAD_I,TRAILER1_WIDTH,TRAILER2_WIDTH,TRAILER1_LENGTH,TRAILER2_LENGTH,TOTAL_VEHICLE_LENGTH,AXLE_CNT,VEHICLE_CONFIG,CARGO_BODY_TYPE,LOAD_TYPE,HAZMAT_OUT_OF_SERVICE_I,MCS_OUT_OF_SERVICE_I,HAZMAT_CLASS
2115479,88336f5a609395b1bc349c0ee0911d31fa0c8aa3ce050b0f359e9ba38f06783e6826c18fcc622cd3c63ead9e91d7a187704f9ee97d528430a0660a69c68bb7bb,07/27/2025 06:00:00 AM,1,DRIVER,,2016728,,UNKNOWN,OTHER (EXPLAIN IN NARRATIVE),IL,,UNKNOWN,UNKNOWN/NA,UNKNOWN/NA,UNKNOWN,UNKNOWN/NA,,,1,,,,,Y,,,,,,,,,,,,,FRONT-RIGHT-CORNER,,,,,,,,,,,,,,,,,,,,,,,,,,,,,,,,,
2115480,88336f5a609395b1bc349c0ee0911d31fa0c8aa3ce050b0f359e9ba38f06783e6826c18fcc622cd3c63ead9e91d7a187704f9ee97d528430a0660a69c68bb7bb,07/27/2025 06:00:00 AM,2,DRIVERLESS,,2016712,,CHEVROLET,CAMARO,IL,2018,UNKNOWN,UNKNOWN/NA,UNKNOWN/NA,UNKNOWN,UNKNOWN/NA,,,0,,,,,Y,,,,,,,,,,Y,,,FRONT-LEFT-CORNER,,,,,,,,,,,,,,,,,,,,,,,,,,,,,,,,,
2120775,fd303edaeeecb3c4bf8147853cbba2fadb76b10b44b6d6056e8fa81c5947840d024245028d3056e81d7601c0b1ccff783ff21ebe04486fb7b6234e9b6cd535d9,07/27/2025 06:00:00 AM,1,DRIVER,,2021747,,HONDA,PILOT,IL,2010,NONE,SPORT UTILITY VEHICLE (SUV),PERSONAL,UNKNOWN,UNKNOWN/NA,,,1,,,,,,Y,Y,Y,,,,,,,,,,SIDE-RIGHT,,,,,,,,,,,,,,,,,,,,,,,,,,,,,,,,,
2120776,fd303edaeeecb3c4bf8147853cbba2fadb76b10b44b6d6056e8fa81c5947840d024245028d3056e81d7601c0b1ccff783ff21ebe04486fb7b6234e9b6cd535d9,07/27/2025 06:00:00 AM,2,PARKED,,2021755,,CHEVROLET,MALIBU,IL,2014,NONE,PASSENGER,PERSONAL,UNKNOWN,PARKED,,,0,,,,,,,,,,,Y,Y,,,,,,REAR-LEFT-CORNER,,,,,,,,,,,,,,,,,,,,,,,,,,,,,,,,,
2115456,7441f041bf7b02880152b8f01cf9167c963e84a03c421078f6a9683233ff229e9bdf909f293cc6ef7ff89d0b4267b2f644ea3f0109dcccbaaad19dc37a29e92d,07/27/2025 05:32:00 AM,1,DRIVER,,2016683,,HONDA,ACCORD,IL,2010,UNKNOWN,PASSENGER,UNKNOWN/NA,E,TURNING LEFT,Y,,1,,PRIVATE TOW,3522 N LAVERGNE,,,Y,,,,,,,,Y,Y,Y,,FRONT,,,,,,,,,,,,,,,,,,,,,,,,,,,,,,,,,
2115457,7441f041bf7b02880152b8f01cf9167c963e84a03c421078f6a9683233ff229e9bdf909f293cc6ef7ff89d0b4267b2f644ea3f0109dcccbaaad19dc37a29e92d,07/27/2025 05:32:00 AM,2,DRIVER,,2016686,,TOYOTA,CAMRY,IL,2017,UNKNOWN,PASSENGER,UNKNOWN/NA,W,STRAIGHT AHEAD,Y,,1,,E&R,SACREMENTO,,Y,Y,,,,,,,,Y,Y,Y,,FRONT-LEFT-CORNER,,,,,,,,,,,,,,,,,,,,,,,,,,,,,,,,,
2117426,3fc4c33ad8ee0a6fc4b91da5d2432d57e8f2ca58501bf0d055918676a24daabda2d7e818532ac49a88017f1ffeb263358631ed4095cc55bba6a9145784507161,07/27/2025 05:15:00 AM,1,DRIVER,1,2018514,,HONDA,ACCORD,IL,2017,UNKNOWN,UNKNOWN/NA,PERSONAL,S,STRAIGHT AHEAD,Y,,2,,city of chicago,500 e lower wacker,,Y,,,,,,,,,,Y,Y,,FRONT,,,,,,,,,,,,,,,,,,,,,,,,,,,,,,,,,
2117427,3fc4c33ad8ee0a6fc4b91da5d2432d57e8f2ca58501bf0d055918676a24daabda2d7e818532ac49a88017f1ffeb263358631ed4095cc55bba6a9145784507161,07/27/2025 05:15:00 AM,2,DRIVER,,2018515,,KIA,OPTIMA / K5,IL,2023,UNKNOWN,PASSENGER,PERSONAL,S,STRAIGHT AHEAD,Y,,1,,city of chicago,,,,,,,Y,Y,Y,,,,,,,REAR,,,,,,,,,,,,,,,,,,,,,,,,,,,,,,,,,
2115776,203c8794c74cc2ea6ca64406303d120e6bad543b9ed704acc8dbeb1edda0f3684c1fd96d1fc32547dfad6f8f27b1bd7e0795da5d9b84e7b280909befcc44ae00,07/27/2025 05:00:00 AM,1,DRIVER,,2016988,,UNKNOWN,OTHER (EXPLAIN IN NARRATIVE),IL,,UNKNOWN,UNKNOWN/NA,UNKNOWN/NA,UNKNOWN,UNKNOWN/NA,,,1,,,,,,,,,,,,,,,,,,UNKNOWN,,,,,,,,,,,,,,,,,,,,,,,,,,,,,,,,,
2115777,203c8794c74cc2ea6ca64406303d120e6bad543b9ed704acc8dbeb1edda0f3684c1fd96d1fc32547dfad6f8f27b1bd7e0795da5d9b84e7b280909befcc44ae00,07/27/2025 05:00:00 AM,2,PARKED,,2016990,,NISSAN,TITAN,IL,2018,NONE,TRUCK - SINGLE UNIT,NOT IN USE,S,PARKED,,,0,,,,,Y,,,,Y,Y,Y,,,,Y,Y,,UNKNOWN,,,,,,,,,,,,,,,,,,,,,,,,,,,,,,,,,
2115778,203c8794c74cc2ea6ca64406303d120e6bad543b9ed704acc8dbeb1edda0f3684c1fd96d1fc32547dfad6f8f27b1bd7e0795da5d9b84e7b280909befcc44ae00,07/27/2025 05:00:00 AM,3,PARKED,,2016992,,MITSUBISHI,ECLIPSE,IL,2020,NONE,PASSENGER,PERSONAL,S,PARKED,,,0,,,,,,,,,Y,Y,Y,,,,,,,UNKNOWN,,,,,,,,,,,,,,,,,,,,,,,,,,,,,,,,,
2115460,8e94321280dbafdedb4fe1f96fea72bd68afa954483fdc976bd6faee663d6ae56884564768b31965919ecf355d72ceb3b8ae36cd54a80e9646cbbcb32c5b3aaf,07/27/2025 05:00:00 AM,1,DRIVER,,2016688,,CHEVROLET,IMPALA,IL,2008,UNKNOWN,PASSENGER,PERSONAL,E,PASSING/OVERTAKING,Y,,1,,CITY OF CHICAGO,DOTY,,Y,,,,,,,,,Y,Y,,,FRONT,,,,,,,,,,,,,,,,,,,,,,,,,,,,,,,,,
2115461,8e94321280dbafdedb4fe1f96fea72bd68afa954483fdc976bd6faee663d6ae56884564768b31965919ecf355d72ceb3b8ae36cd54a80e9646cbbcb32c5b3aaf,07/27/2025 05:00:00 AM,2,DRIVER,1,2016687,,CHEVROLET,TRAIL BLAZER,IN,2004,UNKNOWN,PASSENGER,PERSONAL,W,STRAIGHT AHEAD,Y,,2,,PRIVATE TOW,UNKNOWN,,Y,,,,,,,,,Y,Y,Y,,FRONT,,,,,,,,,,,,,,,,,,,,,,,,,,,,,,,,,
2115446,e0ab5d3aa8db92b9c84ca1f21bb39edb8cd120f36e34ed44fe77daa48961c8d52427bf4bbd8442622fc46eb5b854c91f0625eb8257fa5cc49b8ae83a819ba611,07/27/2025 05:00:00 AM,1,DRIVER,,2016678,,UNKNOWN,ULTRALIGHT,XX,,UNKNOWN,UNKNOWN/NA,UNKNOWN/NA,UNKNOWN,UNKNOWN/NA,,,1,,,,,,,,,,,,,,,,,,UNKNOWN,,,,,,,,,,,,,,,,,,,,,,,,,,,,,,,,,
2115447,e0ab5d3aa8db92b9c84ca1f21bb39edb8cd120f36e34ed44fe77daa48961c8d52427bf4bbd8442622fc46eb5b854c91f0625eb8257fa5cc49b8ae83a819ba611,07/27/2025 05:00:00 AM,2,PEDESTRIAN,,,,,,,,,,,,,,,,,,,,,,,,,,,,,,,,,,,,,,,,,,,,,,,,,,,,,,,,,,,,,,,,,,
2115590,45be11d74bde090f8cf9e1ba9f9ceef4597c98304706e64bca4faa4f52b37a50a9e006d42eb7f45bacc51b1969d0617a5b5a2f2ec53dcb92f7d7541d2803bfae,07/27/2025 04:53:00 AM,1,DRIVER,,2016818,,UNKNOWN,OTHER (EXPLAIN IN NARRATIVE),,,UNKNOWN,UNKNOWN/NA,UNKNOWN/NA,UNKNOWN,UNKNOWN/NA,,,1,,,,,,,,,,,,,,,,,Y,UNKNOWN,,,,,,,,,,,,,,,,,,,,,,,,,,,,,,,,,
2115591,45be11d74bde090f8cf9e1ba9f9ceef4597c98304706e64bca4faa4f52b37a50a9e006d42eb7f45bacc51b1969d0617a5b5a2f2ec53dcb92f7d7541d2803bfae,07/27/2025 04:53:00 AM,2,PARKED,,2016813,,MITSUBISHI,OUTLANDER,IL,2017,NONE,PASSENGER,PERSONAL,UNKNOWN,PARKED,,,0,,,,,,,Y,Y,Y,,,,,,,,,SIDE-RIGHT,,,,,,,,,,,,,,,,,,,,,,,,,,,,,,,,,
2115462,e5df32b2bee2f2ee7487c2f4f1c3179f87b22532bcd79b0a31978fb6b516910b71d93996a6e1629890cf4e48cb386cad6375cb94e592b32e709fc856c5a0d30d,07/27/2025 04:45:00 AM,1,DRIVER,,2016689,,NISSAN,OTHER (EXPLAIN IN NARRATIVE),IL,2021,UNKNOWN,PASSENGER,UNKNOWN/NA,S,U-TURN,,,1,,,,,Y,Y,Y,,,,,,,,,,,SIDE-RIGHT,,,,,,,,,,,,,,,,,,,,,,,,,,,,,,,,,
2115463,e5df32b2bee2f2ee7487c2f4f1c3179f87b22532bcd79b0a31978fb6b516910b71d93996a6e1629890cf4e48cb386cad6375cb94e592b32e709fc856c5a0d30d,07/27/2025 04:45:00 AM,2,DRIVER,1,2016692,,CHEVROLET,COBALT,IL,2009,NONE,PASSENGER,PERSONAL,S,STRAIGHT AHEAD,Y,,2,,PRIVATE,HOME,,,,,,,,Y,Y,Y,Y,Y,,,SIDE-LEFT,,,,,,,,,,,,,,,,,,,,,,,,,,,,,,,,,
2115431,84ab8ff3c1777449caee5d8c8c2a277ef01c92c5ebd50a2041a7658d6c774a3e23444ff720401ce8224d3f5db3473977dc15f8344727f091180524e075ba214b,07/27/2025 04:30:00 AM,1,DRIVER,,2016665,,MITSUBISHI,MIRAGE,IL,2020,UNKNOWN,PASSENGER,UNKNOWN/NA,W,CHANGING LANES,,,1,,,,,,,,,,,,,,,,,Y,UNKNOWN,,,,,,,,,,,,,,,,,,,,,,,,,,,,,,,,,
2115432,84ab8ff3c1777449caee5d8c8c2a277ef01c92c5ebd50a2041a7658d6c774a3e23444ff720401ce8224d3f5db3473977dc15f8344727f091180524e075ba214b,07/27/2025 04:30:00 AM,2,DRIVER,,2016664,,DODGE,RAM PROMASTER,IL,2023,UNKNOWN,PICKUP,UNKNOWN/NA,W,SLOW/STOP IN TRAFFIC,,,1,,,,,,,,,,Y,,,,,,,,UNKNOWN,,,,,,,,,,,,,,,,,,,,,,,,,,,,,,,,,
2115444,9e8f4bb66f33f4f29f88ec944b0a68ee5a280def5079c14c76ed83d816c9f2a6b45da27d25b69283c210da1ef2f7e4ce2bbca31b9e389d6528ff7651fbbeb673,07/27/2025 04:13:00 AM,1,DRIVER,,2016673,,CHRYSLER,300,WI,2018,UNKNOWN,PASSENGER,PERSONAL,S,STRAIGHT AHEAD,,,1,,,,,Y,,,,,,,,,,Y,Y,,FRONT,,,,,,,,,,,,,,,,,,,,,,,,,,,,,,,,,
2115445,9e8f4bb66f33f4f29f88ec944b0a68ee5a280def5079c14c76ed83d816c9f2a6b45da27d25b69283c210da1ef2f7e4ce2bbca31b9e389d6528ff7651fbbeb673,07/27/2025 04:13:00 AM,2,DRIVER,,2016677,Y,NOVA BUS,LFS,IL,2014,UNKNOWN,BUS OVER 15 PASS.,CTA,S,SLOW/STOP IN TRAFFIC,,,1,,,,,,,,,Y,Y,Y,,,,,,,REAR,"21,899",,,,,,,,,,,,,,,,,,,,,,,,,,,BUS,BUS,,,,
2115468,d385a7358f2af19241771339ca11c045e77f597accb981a669a88ff9c5b32c8d4203d9d9f5e014c74b7dc79d2a3f7add3a0c0f735a54b3bb664d245bd5fa5765,07/27/2025 04:06:00 AM,1,DRIVER,,2016698,,TOYOTA,PRIUS,IL,2017,UNKNOWN,PASSENGER,PERSONAL,E,STRAIGHT AHEAD,Y,,1,,IMPOUNDED BY CPD,,,Y,Y,Y,Y,,,,,,,,Y,,FRONT-RIGHT-CORNER,,,,,,,,,,,,,,,,,,,,,,,,,,,,,,,,,
2115469,d385a7358f2af19241771339ca11c045e77f597accb981a669a88ff9c5b32c8d4203d9d9f5e014c74b7dc79d2a3f7add3a0c0f735a54b3bb664d245bd5fa5765,07/27/2025 04:06:00 AM,2,PARKED,,2016699,,FORD,ESCAPE,IL,2010,UNKNOWN,SPORT UTILITY VEHICLE (SUV),PERSONAL,E,PARKED,,,0,,,,,,,,,,,Y,Y,,,,,,SIDE-LEFT-REAR,,,,,,,,,,,,,,,,,,,,,,,,,,,,,,,,,
2115470,d385a7358f2af19241771339ca11c045e77f597accb981a669a88ff9c5b32c8d4203d9d9f5e014c74b7dc79d2a3f7add3a0c0f735a54b3bb664d245bd5fa5765,07/27/2025 04:06:00 AM,3,PARKED,,2016700,,LEXUS,RX,IL,2012,UNKNOWN,SPORT UTILITY VEHICLE (SUV),PERSONAL,E,PARKED,,,0,,,,,,,,,,,,Y,Y,Y,,,,SIDE-LEFT,,,,,,,,,,,,,,,,,,,,,,,,,,,,,,,,,
2115471,d385a7358f2af19241771339ca11c045e77f597accb981a669a88ff9c5b32c8d4203d9d9f5e014c74b7dc79d2a3f7add3a0c0f735a54b3bb664d245bd5fa5765,07/27/2025 04:06:00 AM,4,PARKED,,2016705,,NISSAN,ALTIMA,IL,2016,UNKNOWN,PASSENGER,PERSONAL,E,PARKED,,,0,,,,,,,,,,,Y,Y,Y,Y,Y,,,SIDE-LEFT,,,,,,,,,,,,,,,,,,,,,,,,,,,,,,,,,
2115472,d385a7358f2af19241771339ca11c045e77f597accb981a669a88ff9c5b32c8d4203d9d9f5e014c74b7dc79d2a3f7add3a0c0f735a54b3bb664d245bd5fa5765,07/27/2025 04:06:00 AM,5,PARKED,,2016707,,HONDA,ACCORD,IL,2008,UNKNOWN,PASSENGER,PERSONAL,E,STRAIGHT AHEAD,,,0,,,,,,,,,,,,Y,Y,Y,,,,SIDE-LEFT,,,,,,,,,,,,,,,,,,,,,,,,,,,,,,,,,
2115491,d385a7358f2af19241771339ca11c045e77f597accb981a669a88ff9c5b32c8d4203d9d9f5e014c74b7dc79d2a3f7add3a0c0f735a54b3bb664d245bd5fa5765,07/27/2025 04:06:00 AM,6,PARKED,,2016714,,TOYOTA,RAV4,IL,2021,UNKNOWN,SPORT UTILITY VEHICLE (SUV),PERSONAL,E,PARKED,,,0,,,,,,,,,,,,Y,Y,Y,,,,SIDE-LEFT,,,,,,,,,,,,,,,,,,,,,,,,,,,,,,,,,
2116174,a8e0a932249b38ce750e7bc1aa2e535f0a4d2cce5c63ba96cf2f9d5944620576e4452ec9f8f8ed5226c59c1803ec411bc277177541a19e27bf5457bd9490e22d,07/27/2025 04:00:00 AM,1,DRIVER,3,2017355,,CHEVROLET,CAMARO,IL,2010,NONE,PASSENGER,PERSONAL,W,TURNING LEFT,,,4,,,,,Y,,,,,,,,,,,,,FRONT-RIGHT-CORNER,,,,,,,,,,,,,,,,,,,,,,,,,,,,,,,,,
2116175,a8e0a932249b38ce750e7bc1aa2e535f0a4d2cce5c63ba96cf2f9d5944620576e4452ec9f8f8ed5226c59c1803ec411bc277177541a19e27bf5457bd9490e22d,07/27/2025 04:00:00 AM,2,DRIVER,2,2017356,,NISSAN,ALTIMA,IL,2013,NONE,PASSENGER,PERSONAL,W,STRAIGHT AHEAD,,,3,,,,,,,,,,,,Y,Y,Y,,,,SIDE-LEFT,,,,,,,,,,,,,,,,,,,,,,,,,,,,,,,,,
2115500,29238f9447d97940020336efda1c45e466421beaba3672b49821f7f8355274231e037ae87ab8c8ee1369a3c667978f44f8229c8844fa9e006b6ec518194c2144,07/27/2025 03:50:00 AM,1,DRIVER,3,2016730,,FORD,OTHER (EXPLAIN IN NARRATIVE),IL,2013,UNKNOWN,PASSENGER,PERSONAL,E,STRAIGHT AHEAD,,,4,,,,,Y,Y,Y,Y,Y,Y,Y,Y,,,,,,FRONT,,,,,,,,,,,,,,,,,,,,,,,,,,,,,,,,,
2115501,29238f9447d97940020336efda1c45e466421beaba3672b49821f7f8355274231e037ae87ab8c8ee1369a3c667978f44f8229c8844fa9e006b6ec518194c2144,07/27/2025 03:50:00 AM,2,DRIVER,1,2016731,,CHEVROLET,OTHER (EXPLAIN IN NARRATIVE),IL,2014,UNKNOWN,PASSENGER,PERSONAL,S,STRAIGHT AHEAD,,,2,,,,,Y,,,,,,,,,,Y,Y,,FRONT,,,,,,,,,,,,,,,,,,,,,,,,,,,,,,,,,
2115452,1eb532bc9cfa2ea3ffd7fb9e0388058687cd56266a54c26d6fd16fd8638cd48bc75ba96114a6ac34b7aab270b740191d9bb05fbf75cd8ca5f8ca307463d749e8,07/27/2025 03:43:00 AM,1,DRIVER,,2016671,,ACURA,SLX,IL,2006,NONE,PASSENGER,PERSONAL,N,STRAIGHT AHEAD,Y,,1,,city,doty,,,,,,,,,,Y,Y,Y,Y,,FRONT-LEFT-CORNER,,,,,,,,,,,,,,,,,,,,,,,,,,,,,,,,,
2115453,1eb532bc9cfa2ea3ffd7fb9e0388058687cd56266a54c26d6fd16fd8638cd48bc75ba96114a6ac34b7aab270b740191d9bb05fbf75cd8ca5f8ca307463d749e8,07/27/2025 03:43:00 AM,2,DRIVER,2,2016675,,HONDA,CIVIC,IL,2025,NONE,PASSENGER,PERSONAL,N,STRAIGHT AHEAD,Y,,3,,private,,,,,,,,,Y,Y,,,,,,SIDE-LEFT-REAR,,,,,,,,,,,,,,,,,,,,,,,,,,,,,,,,,
2115546,f2cd7dadbeefd347b54db63e592ea7e25027adada4f616f570d9e00b1fbab1bd463664d9fb0e3538741208c405b42c0f5ec80bd49e42c4d7c0e8027390ab1906,07/27/2025 03:42:00 AM,1,DRIVER,1,2016767,,UNKNOWN,OTHER (EXPLAIN IN NARRATIVE),IL,,UNKNOWN,SPORT UTILITY VEHICLE (SUV),UNKNOWN/NA,N,STRAIGHT AHEAD,,,2,,,,,Y,,,,,,,,,,,Y,,FRONT,,,,,,,,,,,,,,,,,,,,,,,,,,,,,,,,,
2115547,f2cd7dadbeefd347b54db63e592ea7e25027adada4f616f570d9e00b1fbab1bd463664d9fb0e3538741208c405b42c0f5ec80bd49e42c4d7c0e8027390ab1906,07/27/2025 03:42:00 AM,2,PARKED,,2016768,,LAND ROVER,LR3,IL,2013,NONE,SPORT UTILITY VEHICLE (SUV),NOT IN USE,N,PARKED,,,0,,,,,Y,,,,Y,Y,Y,,,,Y,Y,,REAR-LEFT-CORNER,,,,,,,,,,,,,,,,,,,,,,,,,,,,,,,,,
2115548,f2cd7dadbeefd347b54db63e592ea7e25027adada4f616f570d9e00b1fbab1bd463664d9fb0e3538741208c405b42c0f5ec80bd49e42c4d7c0e8027390ab1906,07/27/2025 03:42:00 AM,3,PARKED,,2016769,,CHEVROLET,MALIBU,IL,2004,UNKNOWN,PASSENGER,NOT IN USE,N,PARKED,,,0,,,,,,,,,Y,Y,Y,,,,,,,REAR,,,,,,,,,,,,,,,,,,,,,,,,,,,,,,,,,
2115448,7adda526ad6125328b22450edcb4564f774b5d783973395ac7a60bf612a35316853516c70331c5cd49e3431c6558b4450b76561d7c15db29ebe5edcc74cd8a7e,07/27/2025 03:32:00 AM,1,DRIVER,,2016669,,UNKNOWN,OTHER (EXPLAIN IN NARRATIVE),IL,,UNKNOWN,UNKNOWN/NA,UNKNOWN/NA,UNKNOWN,UNKNOWN/NA,,,1,,,,,,,,,,,,,,,,,Y,UNKNOWN,,,,,,,,,,,,,,,,,,,,,,,,,,,,,,,,,
2115449,7adda526ad6125328b22450edcb4564f774b5d783973395ac7a60bf612a35316853516c70331c5cd49e3431c6558b4450b76561d7c15db29ebe5edcc74cd8a7e,07/27/2025 03:32:00 AM,2,PARKED,,2016674,,JEEP,PATRIOT,IL,,UNKNOWN,PASSENGER,UNKNOWN/NA,UNKNOWN,PARKED,,,0,,,,,,,,,,Y,Y,Y,Y,,,,,REAR-LEFT-CORNER,,,,,,,,,,,,,,,,,,,,,,,,,,,,,,,,,
2115450,7adda526ad6125328b22450edcb4564f774b5d783973395ac7a60bf612a35316853516c70331c5cd49e3431c6558b4450b76561d7c15db29ebe5edcc74cd8a7e,07/27/2025 03:32:00 AM,3,PARKED,,2016679,,DODGE,RAM 2500 VAN,IL,,UNKNOWN,VAN/MINI-VAN,UNKNOWN/NA,UNKNOWN,PARKED,,,0,,,,,,,,,Y,Y,Y,,,,,,,REAR,,,,,,,,,,,,,,,,,,,,,,,,,,,,,,,,,
2115451,7adda526ad6125328b22450edcb4564f774b5d783973395ac7a60bf612a35316853516c70331c5cd49e3431c6558b4450b76561d7c15db29ebe5edcc74cd8a7e,07/27/2025 03:32:00 AM,4,PARKED,,2016680,,JEEP,PATRIOT,IL,,UNKNOWN,UNKNOWN/NA,UNKNOWN/NA,UNKNOWN,PARKED,,,0,,,,,,Y,Y,Y,Y,,,,,,,,,SIDE-RIGHT-REAR,,,,,,,,,,,,,,,,,,,,,,,,,,,,,,,,,
2115433,09c88bd10ef6294a34399c70545c8e27ae7265828e07676b4c79705e0cbcdf99f3667aaf26bfbd82c083f57c74c48f01c9aafd0e68f006045c7e0ade4443f04d,07/27/2025 03:30:00 AM,1,DRIVER,1,2016660,,NISSAN,ROGUE,IL,2014,NONE,PASSENGER,PERSONAL,N,U-TURN,Y,,2,,PRIVATE TOW,PRIVATE LOT,,,,,,Y,Y,Y,Y,Y,Y,Y,,,SIDE-LEFT-FRONT,,,,,,,,,,,,,,,,,,,,,,,,,,,,,,,,,
2115434,09c88bd10ef6294a34399c70545c8e27ae7265828e07676b4c79705e0cbcdf99f3667aaf26bfbd82c083f57c74c48f01c9aafd0e68f006045c7e0ade4443f04d,07/27/2025 03:30:00 AM,2,DRIVER,,2016662,,KIA,FORTE,IL,2013,NONE,PASSENGER,PERSONAL,W,STRAIGHT AHEAD,Y,,1,,PRIVATE TOW,PRIVATE LOT,,Y,,,,,,,,,,Y,Y,,FRONT,,,,,,,,,,,,,,,,,,,,,,,,,,,,,,,,,
2115926,3e5b8cd840568f59984ef84641e4977c7daf5f5ccf1b9c93551acd6cac67e3c2becf60df95e61b92f97b9b595ee876b757edf479138e1201506e921bf7e153a4,07/27/2025 03:30:00 AM,1,DRIVER,,2017119,,UNKNOWN,OTHER (EXPLAIN IN NARRATIVE),,,UNKNOWN,UNKNOWN/NA,UNKNOWN/NA,UNKNOWN,TURNING LEFT,,,1,,,,,,,,,,,,,Y,Y,,N,,SIDE-LEFT,,,,,,,,,,,,,,,,,,,,,,,,,,,,,,,,,
2115929,3e5b8cd840568f59984ef84641e4977c7daf5f5ccf1b9c93551acd6cac67e3c2becf60df95e61b92f97b9b595ee876b757edf479138e1201506e921bf7e153a4,07/27/2025 03:30:00 AM,2,DRIVER,,2017122,,DODGE,RAM 3500 PU,IL,2022,NONE,PICKUP,PERSONAL,UNKNOWN,STRAIGHT AHEAD,,,1,,,,,,,,,,,,,,,,Y,,FRONT,,,,,,,,,,,,,,,,,,,,,,,,,,,,,,,,,
2116000,69978069b115a66fe2bba8cdebb5e830a11983cf05516f5497adf9bca8990d0adad754fb5fb5ea6c9f2a2de23ce7f73b2b8d7cbb16ef1815e44a48cd1fd96d4a,07/27/2025 03:20:00 AM,1,DRIVER,,2017194,,INFINITI,FX35,IL,2005,NONE,PASSENGER,PERSONAL,N,PASSING/OVERTAKING,,,1,,,,,Y,Y,Y,Y,Y,,,,,,,,,FRONT-RIGHT-CORNER,,,,,,,,,,,,,,,,,,,,,,,,,,,,,,,,,
2116001,69978069b115a66fe2bba8cdebb5e830a11983cf05516f5497adf9bca8990d0adad754fb5fb5ea6c9f2a2de23ce7f73b2b8d7cbb16ef1815e44a48cd1fd96d4a,07/27/2025 03:20:00 AM,2,DRIVER,,2017195,,TOYOTA,COROLLA,IL,2017,NONE,OTHER,TAXI/FOR HIRE,N,STRAIGHT AHEAD,,,1,,,,,,,,,,,Y,Y,Y,Y,Y,,,FRONT-LEFT-CORNER,,,,,,,,,,,,,,,,,,,,,,,,,,,,,,,,,
2115426,fdfa49276db6620526ab09d98498c9a95457275a4944c6e8175416a597c853a8400f6f4b0d1ec16b9d4658876b8a80f1e27e2da9f84dea4aea163667c1628330,07/27/2025 03:20:00 AM,1,DRIVER,,2016652,,GENERAL MOTORS CORPORATION (GMC),TERRAIN,IL,2016,NONE,SPORT UTILITY VEHICLE (SUV),UNKNOWN/NA,N,STRAIGHT AHEAD,Y,,1,,PERSONAL TOW,,,Y,,,,,,,,Y,Y,Y,Y,,FRONT-LEFT-CORNER,,,,,,,,,,,,,,,,,,,,,,,,,,,,,,,,,
2116580,0491e06e30e2cde122cfbab9355a3ad18687e967d5c8b653cd314db464fa110bc7d642dc405ff084107d8f01919e5df943c2d313ecba1b67ff8a67174d9e4afe,07/27/2025 03:00:00 AM,1,DRIVER,,2017749,,UNKNOWN,MOTORIZED,,,UNKNOWN,UNKNOWN/NA,UNKNOWN/NA,UNKNOWN,UNKNOWN/NA,,,1,,,,,,,,,,,,,,,,,,UNKNOWN,,,,,,,,,,,,,,,,,,,,,,,,,,,,,,,,,
2116581,0491e06e30e2cde122cfbab9355a3ad18687e967d5c8b653cd314db464fa110bc7d642dc405ff084107d8f01919e5df943c2d313ecba1b67ff8a67174d9e4afe,07/27/2025 03:00:00 AM,2,PARKED,,2017753,,CHEVROLET,MALIBU,IL,2002,UNKNOWN,PASSENGER,PERSONAL,UNKNOWN,PARKED,,,0,,,,,,,,,,,Y,,,,,,,REAR-LEFT-CORNER,,,,,,,,,,,,,,,,,,,,,,,,,,,,,,,,,
2115435,aa06229330cd3a672328796f9edfd3dbc3016fcc5482e8a9916d0ba6ebf4108ed0696d5f20270fe2fba2aaf6cf7fc8938928954f1c8692f08cb4de3a8a604c60,07/27/2025 03:00:00 AM,1,DRIVER,,2016661,,JEEP,COMPASS,IL,2015,NONE,PASSENGER,UNKNOWN/NA,E,BACKING,,,1,,,,,,,,,,,,,,,,,Y,REAR,,,,,,,,,,,,,,,,,,,,,,,,,,,,,,,,,
2115436,aa06229330cd3a672328796f9edfd3dbc3016fcc5482e8a9916d0ba6ebf4108ed0696d5f20270fe2fba2aaf6cf7fc8938928954f1c8692f08cb4de3a8a604c60,07/27/2025 03:00:00 AM,2,PARKED,,2016663,,UNKNOWN,MOTORIZED,IL,,NONE,PASSENGER,NOT IN USE,W,PARKED,,,0,,,,,,,,,,,,,,,,Y,,FRONT,,,,,,,,,,,,,,,,,,,,,,,,,,,,,,,,,