CRASH_UNIT_ID,CRASH_RECORD_ID,CRASH_DATE,UNIT_NO,UNIT_TYPE,NUM_PASSENGERS,VEHICLE_ID,CMRC_VEH_I,MAKE,MODEL,LIC_PLATE_STATE,VEHICLE_YEAR,VEHICLE_DEFECT,VEHICLE_TYPE,VEHICLE_USE,TRAVEL_DIRECTION,MANEUVER,TOWED_I,FIRE_I,OCCUPANT_CNT,EXCEED_SPEED_LIMIT_I,TOWED_BY,TOWED_TO,AREA_00_I,AREA_01_I,AREA_02_I,AREA_03_I,AREA_04_I,AREA_05_I,AREA_06_I,AREA_07_I,AREA_08_I,AREA_09_I,AREA_10_I,AREA_11_I,AREA_12_I,AREA_99_I,FIRST_CONTACT_POINT,CMV_ID,USDOT_NO,CCMC_NO,ILCC_NO,COMMERCIAL_SRC,GVWR,CARRIER_NAME,CARRIER_STATE,CARRIER_CITY,HAZMAT_PLACARDS_I,HAZMAT_NAME,UN_NO,HAZMAT_PRESENT_I,HAZMAT_REPORT_I,HAZMAT_REPORT_NO,MCS_REPORT_I,MCS_REPORT_NO,HAZMAT_VIO_CAUSE_CRASH_I,MCS_VIO_CAUSE_CRASH_I,IDOT_PERMIT_NO,WIDE_LOAD_I,TRAILER1_WIDTH,TRAILER2_WIDTH,TRAILER1_LENGTH,TRAILER2_LENGTH,TOTAL_VEHICLE_LENGTH,AXLE_CNT,VEHICLE_CONFIG,CARGO_BODY_TYPE,LOAD_TYPE,HAZMAT_OUT_OF_SERVICE_I,MCS_OUT_OF_SERVICE_I,HAZMAT_CLASS
2116325,d338de3bc3d12dba33409a1dcdfb70456389c6326a6c6761207d3d0ddb65affb0a6f3d49044259ba40fdbc1fed56233902d3555f0af04c6bc471c68626392b31,07/27/2025 03:00:00 AM,1,DRIVER,1,2017503,,CADILLAC,ATS,IL,2013,NONE,PASSENGER,PERSONAL,N,STRAIGHT AHEAD,,,2,,,,,,,,,,,,,,,,Y,,FRONT,,,,,,,,,,,,,,,,,,,,,,,,,,,,,,,,,
2116326,d338de3bc3d12dba33409a1dcdfb70456389c6326a6c6761207d3d0ddb65affb0a6f3d49044259ba40fdbc1fed56233902d3555f0af04c6bc471c68626392b31,07/27/2025 03:00:00 AM,2,DRIVER,,2017507,,UNKNOWN,OTHER (EXPLAIN IN NARRATIVE),,,UNKNOWN,UNKNOWN/NA,UNKNOWN/NA,N,SLOW/STOP IN TRAFFIC,,,1,,,,,,,,,,Y,,,,,,,,REAR,,,,,,,,,,,,,,,,,,,,,,,,,,,,,,,,,
2115427,0a02091e55d0686b23a085b3f8eaedba7e1a5cbb9d735f579a339edde2ca1e9ce8e198845c30097080680cd50401fd3254ec06ee49d60a87c925c056d7652de0,07/27/2025 02:46:00 AM,1,DRIVER,,2016654,,GENERAL MOTORS CORPORATION (GMC),ACADIA,IL,2019,UNKNOWN,PASSENGER,UNKNOWN/NA,SE,TURNING LEFT,,,1,,,,,,,,,,,,,,,,,Y,UNKNOWN,,,,,,,,,,,,,,,,,,,,,,,,,,,,,,,,,
2115428,0a02091e55d0686b23a085b3f8eaedba7e1a5cbb9d735f579a339edde2ca1e9ce8e198845c30097080680cd50401fd3254ec06ee49d60a87c925c056d7652de0,07/27/2025 02:46:00 AM,2,DRIVER,1,2016656,,TOYOTA,CAMRY,IL,2015,NONE,PASSENGER,RIDESHARE SERVICE,N,STRAIGHT AHEAD,,,2,,,,,,,,,,,Y,Y,Y,Y,Y,,,SIDE-LEFT,,,,,,,,,,,,,,,,,,,,,,,,,,,,,,,,,
2117323,1ff482843fac8d8133e996bfc6efe875f31fe48c36d920760c6c11ef1c6651f5c9f0a3523c2880ea449b5b4151415d50c74fb2af05a6910c4c35764ff4dfef0b,07/27/2025 02:30:00 AM,1,BICYCLE,,,,,,,,,,,,,,,,,,,,,,,,,,,,,,,,,,,,,,,,,,,,,,,,,,,,,,,,,,,,,,,,,,
2117324,1ff482843fac8d8133e996bfc6efe875f31fe48c36d920760c6c11ef1c6651f5c9f0a3523c2880ea449b5b4151415d50c74fb2af05a6910c4c35764ff4dfef0b,07/27/2025 02:30:00 AM,2,DRIVER,,2018424,,LEXUS,RX350,IL,2025,UNKNOWN,SPORT UTILITY VEHICLE (SUV),PERSONAL,N,TURNING RIGHT,,,1,,,,,,,,,,,,,,,,,,FRONT,,,,,,,,,,,,,,,,,,,,,,,,,,,,,,,,,
2115412,60e0e841d15a064c5c0633009a943b52b0a61ce122c6f5eca82f165163fa46be35d7a2a3ce848c534b97a1bc570794206b51c91100fe4b93e30972b3c3b12cc2,07/27/2025 02:30:00 AM,1,DRIVER,,2016636,,HONDA,OTHER (EXPLAIN IN NARRATIVE),,,UNKNOWN,PASSENGER,UNKNOWN/NA,N,STRAIGHT AHEAD,,,1,,,,,,,,,,,,,,,,,Y,FRONT-LEFT-CORNER,,,,,,,,,,,,,,,,,,,,,,,,,,,,,,,,,
2115413,60e0e841d15a064c5c0633009a943b52b0a61ce122c6f5eca82f165163fa46be35d7a2a3ce848c534b97a1bc570794206b51c91100fe4b93e30972b3c3b12cc2,07/27/2025 02:30:00 AM,2,DRIVER,,2016640,,KIA,TELLURIDE,IL,2021,UNKNOWN,SPORT UTILITY VEHICLE (SUV),PERSONAL,N,STRAIGHT AHEAD,,,1,,,,,Y,Y,Y,,,,,,,,,,Y,SIDE-LEFT-FRONT,,,,,,,,,,,,,,,,,,,,,,,,,,,,,,,,,
2115422,9777962372a795b09eaf2af75c287cb7d4c91636e19233acdf5c3da937a3cf722e4cf5a39dec561276daaef95abc3f41e182f6d21a978900e017b38737d1261e,07/27/2025 02:30:00 AM,1,DRIVER,,2016650,,ACURA,ADX,IL,2011,UNKNOWN,PASSENGER,PERSONAL,E,STRAIGHT AHEAD,,,1,,,,,Y,,,,,,,,Y,Y,Y,Y,,FRONT,,,,,,,,,,,,,,,,,,,,,,,,,,,,,,,,,
2115423,99848b4ab65325535db513469a2730f095efb2bc5963c2b26d90da8b6bcb02b3a83662c42cfa44959831395f15233b9a6b8f1bf1f6b89b8bd19c47c4b9b57d19,07/27/2025 02:30:00 AM,1,DRIVER,,2016651,,DODGE,CHARGER,IL,2022,UNKNOWN,PASSENGER,PERSONAL,E,TURNING RIGHT,,,1,,,,,,,Y,Y,,,,,,,,,Y,REAR-RIGHT-CORNER,,,,,,,,,,,,,,,,,,,,,,,,,,,,,,,,,
2115424,99848b4ab65325535db513469a2730f095efb2bc5963c2b26d90da8b6bcb02b3a83662c42cfa44959831395f15233b9a6b8f1bf1f6b89b8bd19c47c4b9b57d19,07/27/2025 02:30:00 AM,2,DRIVER,,2016653,,NOVA BUS,OTHER (EXPLAIN IN NARRATIVE),IL,2023,UNKNOWN,BUS OVER 15 PASS.,CTA,E,STRAIGHT AHEAD,,,1,,,,,N,,,,,,,,,,Y,,Y,FRONT-LEFT-CORNER,,,,,,,,,,,,,,,,,,,,,,,,,,,,,,,,,
2115411,b990d7ac196ba32a729c6c976a969ee20beb10971ab74a1d931aa6e247bc73622b832402bffed34dc7574a07d765a7120b62425c9eb263bf7fc967c409c680d8,07/27/2025 02:21:00 AM,1,DRIVER,,2016634,,JEEP,GRAND CHEROKEE,IL,2006,UNKNOWN,SPORT UTILITY VEHICLE (SUV),UNKNOWN/NA,E,UNKNOWN/NA,,,1,,,,,Y,,,,,,,,,,Y,Y,,FRONT,,,,,,,,,,,,,,,,,,,,,,,,,,,,,,,,,
2115429,04a0f15131239999722a96d2523bb6eee361d0ab5917a6038803132d37abe937a89b367a0d821e2a4af6da862eafae3a20890b0c9a271c22bc6e941cb57600bd,07/27/2025 02:20:00 AM,1,DRIVER,,2016657,,TOYOTA,CAMRY,IL,2018,NONE,PASSENGER,PERSONAL,S,PASSING/OVERTAKING,,,1,,,,,,,,,,,,,,Y,Y,Y,,FRONT-LEFT-CORNER,,,,,,,,,,,,,,,,,,,,,,,,,,,,,,,,,
2115430,04a0f15131239999722a96d2523bb6eee361d0ab5917a6038803132d37abe937a89b367a0d821e2a4af6da862eafae3a20890b0c9a271c22bc6e941cb57600bd,07/27/2025 02:20:00 AM,2,DRIVER,1,2016659,,CHEVROLET,SILVERADO,IL,2019,NONE,PICKUP,PERSONAL,N,STRAIGHT AHEAD,,,2,,,,,,,,,,,,,,Y,Y,Y,,FRONT-LEFT-CORNER,,,,,,,,,,,,,,,,,,,,,,,,,,,,,,,,,
2115418,41dcd70f5c1a9aede7dd205389f08fe8c4d78cd252116be3d497ef0fe13a979890f4167ffdc6bc4844440f1167fce387cd7b0b84d8e831aa96b453a9e3b2f9d6,07/27/2025 02:16:00 AM,1,DRIVER,,2016646,,NISSAN,SENTRA,IL,2016,NONE,PASSENGER,PERSONAL,S,STRAIGHT AHEAD,,,1,,,,,Y,,,,,,,,,,Y,Y,,FRONT,,,,,,,,,,,,,,,,,,,,,,,,,,,,,,,,,
2115419,41dcd70f5c1a9aede7dd205389f08fe8c4d78cd252116be3d497ef0fe13a979890f4167ffdc6bc4844440f1167fce387cd7b0b84d8e831aa96b453a9e3b2f9d6,07/27/2025 02:16:00 AM,2,DRIVER,1,2016647,,FORD,F450,IL,2017,NONE,OTHER,TOW TRUCK,S,STRAIGHT AHEAD,,,2,,,,,,,,,Y,Y,Y,,,,,,,REAR,,,,,,,,,,,,,,,,,,,,,,,,,,,,,,,,,
2115409,d03a683b4991c349da83eb3ea21abeb195355b07aecc9b127a1dd783e34972c4045cb910b8eb9d096d903b30766369fcae8a873c54f07bd98c9916091536e785,07/27/2025 02:08:00 AM,1,DRIVER,,2016635,,NISSAN,MAXIMA,IL,2009,UNKNOWN,PASSENGER,PERSONAL,NW,STRAIGHT AHEAD,,,1,,,,,,,,,,,,,,,,Y,,FRONT,,,,,,,,,,,,,,,,,,,,,,,,,,,,,,,,,
2115410,d03a683b4991c349da83eb3ea21abeb195355b07aecc9b127a1dd783e34972c4045cb910b8eb9d096d903b30766369fcae8a873c54f07bd98c9916091536e785,07/27/2025 02:08:00 AM,2,DRIVER,,2016638,,TOYOTA,AVALON,IL,2013,UNKNOWN,PASSENGER,PERSONAL,NW,STRAIGHT AHEAD,,,1,,,,,,,,,,Y,,,,,,,,REAR,,,,,,,,,,,,,,,,,,,,,,,,,,,,,,,,,
2115477,142bbb8e9c9e10e8d2a146f2722c70d8f98063bce15c2e2cf1c10b80d54498b1b0cc8b4f65393b9810157164992753c026bc9eecedaa2a73b4e20bf0737ed767,07/27/2025 02:00:00 AM,1,DRIVER,,2016708,,UNKNOWN,OTHER (EXPLAIN IN NARRATIVE),,,UNKNOWN,PASSENGER,PERSONAL,W,STRAIGHT AHEAD,,,1,,,,,Y,,,,,,,,,,Y,Y,,FRONT,,,,,,,,,,,,,,,,,,,,,,,,,,,,,,,,,
2115478,142bbb8e9c9e10e8d2a146f2722c70d8f98063bce15c2e2cf1c10b80d54498b1b0cc8b4f65393b9810157164992753c026bc9eecedaa2a73b4e20bf0737ed767,07/27/2025 02:00:00 AM,2,DRIVER,,2016709,,TOYOTA,COROLLA,IL,2009,NONE,PASSENGER,PERSONAL,N,STRAIGHT AHEAD,,,1,,,,,,,Y,Y,Y,,,,,,,,,SIDE-RIGHT-REAR,,,,,,,,,,,,,,,,,,,,,,,,,,,,,,,,,
2115835,859db1aa32f83579cb095b0cba4df6551927133f4a572cea8305a8bde027d525f5807d8f3e23738e0456c5fae16f4985783f7da8bc8460bf6b7b96890e8b08e9,07/27/2025 02:00:00 AM,1,DRIVER,,2017044,,UNKNOWN,MOTORIZED,IL,,UNKNOWN,UNKNOWN/NA,UNKNOWN/NA,UNKNOWN,UNKNOWN/NA,,,1,,,,,,,,,,,,,,,,,Y,UNKNOWN,,,,,,,,,,,,,,,,,,,,,,,,,,,,,,,,,
2115836,859db1aa32f83579cb095b0cba4df6551927133f4a572cea8305a8bde027d525f5807d8f3e23738e0456c5fae16f4985783f7da8bc8460bf6b7b96890e8b08e9,07/27/2025 02:00:00 AM,2,PARKED,,2017046,,MERCEDES-BENZ,C300,IN,2017,UNKNOWN,PASSENGER,PERSONAL,N,PARKED,,,0,,,,,,,,,,,,,,Y,Y,,,FRONT-LEFT-CORNER,,,,,,,,,,,,,,,,,,,,,,,,,,,,,,,,,
2115837,859db1aa32f83579cb095b0cba4df6551927133f4a572cea8305a8bde027d525f5807d8f3e23738e0456c5fae16f4985783f7da8bc8460bf6b7b96890e8b08e9,07/27/2025 02:00:00 AM,3,PARKED,,2017048,,INFINITI,G35,IL,2004,UNKNOWN,PASSENGER,PERSONAL,N,PARKED,,,0,,,,,,,,,,,Y,,,,,,,REAR-LEFT-CORNER,,,,,,,,,,,,,,,,,,,,,,,,,,,,,,,,,
2116521,b90d601fb4ead79bf7bb59212f1d3830da5c4a8f1aede0b2dd12007f2afd0a6d3bd8f191d36e24dddd06c3c69fd3b22adb1ebf598622db8fd5077baaf318fff9,07/27/2025 02:00:00 AM,1,DRIVER,,2017686,,UNKNOWN,MOTORIZED,,,UNKNOWN,UNKNOWN/NA,UNKNOWN/NA,S,STRAIGHT AHEAD,,,1,,,,,,,,,,,,,,,,,Y,UNKNOWN,,,,,,,,,,,,,,,,,,,,,,,,,,,,,,,,,
2116522,b90d601fb4ead79bf7bb59212f1d3830da5c4a8f1aede0b2dd12007f2afd0a6d3bd8f191d36e24dddd06c3c69fd3b22adb1ebf598622db8fd5077baaf318fff9,07/27/2025 02:00:00 AM,2,DRIVER,1,2017690,,INFINITI,QX60,IL,2016,UNKNOWN,SPORT UTILITY VEHICLE (SUV),PERSONAL,E,STRAIGHT AHEAD,,,2,,,,,Y,,,,,,,,,,Y,Y,,FRONT,,,,,,,,,,,,,,,,,,,,,,,,,,,,,,,,,
2115407,2a217b3c5d24f67d3b845134b4a0e69a139960200eb0428bc3d44e23a0abc21bdfb3a3a99c9a647c094cd3197a57f288e973cdfbec6e33f1bd9bd2ede6bd0859,07/27/2025 01:50:00 AM,1,DRIVER,,2016630,,HONDA,CIVIC,IL,2006,UNKNOWN,PASSENGER,UNKNOWN/NA,E,TURNING LEFT,Y,,1,,,,,Y,,,,,,,,,,Y,Y,,FRONT,,,,,,,,,,,,,,,,,,,,,,,,,,,,,,,,,
2115408,2a217b3c5d24f67d3b845134b4a0e69a139960200eb0428bc3d44e23a0abc21bdfb3a3a99c9a647c094cd3197a57f288e973cdfbec6e33f1bd9bd2ede6bd0859,07/27/2025 01:50:00 AM,2,DRIVER,,2016641,,YARBROUGH MANUFACTURING COMPANY - COMET MOTORCYCLE TRAILER,COMET MOTORCYCLE TRAILER (MKD. BY YARBROUGH MFG. CO),FL,,UNKNOWN,MOTORCYCLE (OVER 150CC),UNKNOWN/NA,W,STRAIGHT AHEAD,,,1,,,,,,,,,,,,,,,,,,UNKNOWN,,,,,,,,,,,,,,,,,,,,,,,,,,,,,,,,,
2115630,b43fe01ce10135a2dfc2b23ac1f396f5db880f027a9b749cfe8abffb65284b12da84898702dff486fa8a73c89db49e0aa299fe5885c1ec2c7780147a110616ca,07/27/2025 01:40:00 AM,1,DRIVER,,2016857,,FORD,FUSION,IL,2017,UNKNOWN,PASSENGER,PERSONAL,S,STRAIGHT AHEAD,,,1,,,,,,,,,,,,,,,,,Y,UNKNOWN,,,,,,,,,,,,,,,,,,,,,,,,,,,,,,,,,
2115631,b43fe01ce10135a2dfc2b23ac1f396f5db880f027a9b749cfe8abffb65284b12da84898702dff486fa8a73c89db49e0aa299fe5885c1ec2c7780147a110616ca,07/27/2025 01:40:00 AM,2,DRIVER,,2016860,,NISSAN,KICKS,IL,2024,OTHER,PASSENGER,PERSONAL,E,STRAIGHT AHEAD,,,1,,,,,,,,,,,,,,,,Y,,FRONT,,,,,,,,,,,,,,,,,,,,,,,,,,,,,,,,,
2115405,b7006aed291f4c51d5a857891891cf1d8ae1210131c4a8b03a3d5fa806498ea49101b4173c0b9a94301ba3c8c3c1763bf8cae6955f33ca69dda9a05860514796,07/27/2025 01:40:00 AM,1,DRIVER,,2016628,,JEEP,CHEROKEE,IL,2016,UNKNOWN,PASSENGER,UNKNOWN/NA,N,STRAIGHT AHEAD,,,1,,,,,Y,,,,,,,,,,,Y,,FRONT-RIGHT-CORNER,,,,,,,,,,,,,,,,,,,,,,,,,,,,,,,,,
2115406,b7006aed291f4c51d5a857891891cf1d8ae1210131c4a8b03a3d5fa806498ea49101b4173c0b9a94301ba3c8c3c1763bf8cae6955f33ca69dda9a05860514796,07/27/2025 01:40:00 AM,2,DRIVER,,2016639,,TOYOTA,CAMRY,IL,2013,UNKNOWN,PASSENGER,PERSONAL,W,STRAIGHT AHEAD,,,1,,,,,,,,,,,,,,,Y,Y,,FRONT-LEFT-CORNER,,,,,,,,,,,,,,,,,,,,,,,,,,,,,,,,,
2115980,a22ae58af296d290d3b396eacb2f8cd87e1d1dfe1315f1a2080c52090194510ba10c89c9a29c141b74ee52e0fd96d01a24d8f8209f09d52012836a25563c0299,07/27/2025 01:30:00 AM,1,DRIVER,,2017175,,HYUNDAI,GENESIS,IL,2015,NONE,PASSENGER,PERSONAL,S,STRAIGHT AHEAD,Y,,1,,PRIVATE TOW,UKN,,Y,Y,,,,,,,,,,Y,,FRONT-RIGHT-CORNER,,,,,,,,,,,,,,,,,,,,,,,,,,,,,,,,,
2115981,a22ae58af296d290d3b396eacb2f8cd87e1d1dfe1315f1a2080c52090194510ba10c89c9a29c141b74ee52e0fd96d01a24d8f8209f09d52012836a25563c0299,07/27/2025 01:30:00 AM,2,PARKED,,2017183,,KIA,SELTOS,IL,2021,NONE,SPORT UTILITY VEHICLE (SUV),PERSONAL,SW,PARKED IN TRAFFIC LANE,Y,,0,,PRIVATE TOW,UKN,,N,,,,Y,Y,Y,,,,N,N,,REAR,,,,,,,,,,,,,,,,,,,,,,,,,,,,,,,,,
2115397,0b43c7917eeaf7eb9edf2d21293c2e591d1e00db27f66cf6d0093b659ad2531662b238a1119bdbb8fa8e53d0830ba9a42d0552250d7407d1caed01ad4099769a,07/27/2025 01:27:00 AM,1,DRIVER,,2016633,,HYUNDAI,VENUE,IL,2024,UNKNOWN,SPORT UTILITY VEHICLE (SUV),PERSONAL,S,STRAIGHT AHEAD,Y,,1,,PRIVATE TOW,UNK,,,,,,,,Y,Y,,Y,Y,Y,,FRONT-LEFT-CORNER,,,,,,,,,,,,,,,,,,,,,,,,,,,,,,,,,
2115414,1228fe4ca4314a5057697461c42f47de704b185ae6d0b0541cd020a4f2e57fbf5c5a64cc02cf40b1ca8f88574620e560c5e82d2561c8d7c9f8e361be223d2858,07/27/2025 01:23:00 AM,1,DRIVER,,2016643,,TOYOTA,CAMRY,IL,2016,NONE,PASSENGER,PERSONAL,N,STRAIGHT AHEAD,,,1,,,,,,,,,,,,,,,N,Y,,FRONT,,,,,,,,,,,,,,,,,,,,,,,,,,,,,,,,,
2115415,1228fe4ca4314a5057697461c42f47de704b185ae6d0b0541cd020a4f2e57fbf5c5a64cc02cf40b1ca8f88574620e560c5e82d2561c8d7c9f8e361be223d2858,07/27/2025 01:23:00 AM,2,DRIVER,,2016644,,JEEP,PATRIOT,IL,2015,NONE,PASSENGER,PERSONAL,N,SLOW/STOP IN TRAFFIC,,,1,,,,,,,,,,Y,,,,,,,,REAR,,,,,,,,,,,,,,,,,,,,,,,,,,,,,,,,,
2115391,3d0f1230369ea73c56bc486ad1d4a078591466f38217ef4e6e12b8e2547a991959747a72bbffd39513b02caddf0e9870705ec792f78f259fb37afab0b13adb80,07/27/2025 01:23:00 AM,1,DRIVER,,2016612,,UNKNOWN,MOTORIZED,,,UNKNOWN,UNKNOWN/NA,UNKNOWN/NA,N,PASSING/OVERTAKING,,,1,,,,,,,,,,,,,,,Y,,,FRONT-LEFT-CORNER,,,,,,,,,,,,,,,,,,,,,,,,,,,,,,,,,
2115392,3d0f1230369ea73c56bc486ad1d4a078591466f38217ef4e6e12b8e2547a991959747a72bbffd39513b02caddf0e9870705ec792f78f259fb37afab0b13adb80,07/27/2025 01:23:00 AM,2,DRIVER,,2016613,,LEXUS,ES300,IL,2013,UNKNOWN,PASSENGER,PERSONAL,N,STRAIGHT AHEAD,,,1,,,,,,,,Y,,,,,,,,,,SIDE-RIGHT,,,,,,,,,,,,,,,,,,,,,,,,,,,,,,,,,
2116590,74e883204ddd822ff387dd90504ebceea4d38c398f607d69e45c3e599ede67bf900b2fa7b2e1530790c2e730800c4aa66264f85f2728738930e9183d827a47c4,07/27/2025 01:00:00 AM,1,DRIVER,3,2017762,,CHEVROLET,OTHER (EXPLAIN IN NARRATIVE),IL,2023,UNKNOWN,UNKNOWN/NA,UNKNOWN/NA,UNKNOWN,UNKNOWN/NA,Y,,4,,UNKNOWN,UNKNOWN,,Y,,,,,,,,,,Y,Y,N,FRONT,,,,,,,,,,,,,,,,,,,,,,,,,,,,,,,,,
2116591,74e883204ddd822ff387dd90504ebceea4d38c398f607d69e45c3e599ede67bf900b2fa7b2e1530790c2e730800c4aa66264f85f2728738930e9183d827a47c4,07/27/2025 01:00:00 AM,2,PARKED,,2017766,,MITSUBISHI,GALANT,IL,2009,UNKNOWN,UNKNOWN/NA,UNKNOWN/NA,UNKNOWN,PARKED,Y,,0,,POWERS,BELLWOOD ILLINOIS,,,,,,,,Y,Y,Y,Y,Y,,,SIDE-LEFT,,,,,,,,,,,,,,,,,,,,,,,,,,,,,,,,,
2116045,98f0ff1450dbe0677bf1cdbe0cd82b8dc48cfcdee209f923c4caed3ff440b7790799eaf73ef8704810f59a63930ec1b61dd5f8c95df70ef2a1f0ece934b69f39,07/27/2025 01:00:00 AM,1,DRIVER,,2017235,,UNKNOWN,MOTORIZED,,,UNKNOWN,UNKNOWN/NA,UNKNOWN/NA,UNKNOWN,UNKNOWN/NA,,,1,,,,,,,,,,,,,,,,,Y,UNKNOWN,,,,,,,,,,,,,,,,,,,,,,,,,,,,,,,,,
2116046,98f0ff1450dbe0677bf1cdbe0cd82b8dc48cfcdee209f923c4caed3ff440b7790799eaf73ef8704810f59a63930ec1b61dd5f8c95df70ef2a1f0ece934b69f39,07/27/2025 01:00:00 AM,2,PARKED,,2017236,,FORD,ESCAPE,IL,2013,NONE,PASSENGER,PERSONAL,W,PARKED,,,0,,,,,,,,,,,Y,Y,Y,Y,Y,,,SIDE-LEFT,,,,,,,,,,,,,,,,,,,,,,,,,,,,,,,,,
2115536,bb42e0efb6fe6a97726d101c7afba4b193ed267ee2ba3702a7dc29719e5e2a75cbcfa3475c2a753a56932f5d96aa56613079ca804eb042ba1cc2cbf092050797,07/27/2025 01:00:00 AM,1,DRIVER,,2016763,,UNKNOWN,MOTORIZED,,,NONE,UNKNOWN/NA,UNKNOWN/NA,UNKNOWN,UNKNOWN/NA,,,1,,,,,,,,,,,,,,,,,Y,UNKNOWN,,,,,,,,,,,,,,,,,,,,,,,,,,,,,,,,,
2115537,bb42e0efb6fe6a97726d101c7afba4b193ed267ee2ba3702a7dc29719e5e2a75cbcfa3475c2a753a56932f5d96aa56613079ca804eb042ba1cc2cbf092050797,07/27/2025 01:00:00 AM,2,PARKED,,2016765,,LEXUS,ES350,IL,2014,NONE,PASSENGER,PERSONAL,S,PARKED,,,0,,,,,,,,,,,Y,Y,Y,Y,Y,,,SIDE-LEFT,,,,,,,,,,,,,,,,,,,,,,,,,,,,,,,,,
2115380,309fe65dd56018f868e198f6663f40f43e6aca5db684cbaa199f97de9376606c66c047c06a806fe95e2fce324a5016325204c068c229c4cf4d84927b47bdf1f3,07/27/2025 12:43:00 AM,1,DRIVER,,2016600,,UNKNOWN,MOTORIZED,,,UNKNOWN,PASSENGER,UNKNOWN/NA,N,UNKNOWN/NA,,,1,,,,,,,,,,,,,,,,,Y,UNKNOWN,,,,,,,,,,,,,,,,,,,,,,,,,,,,,,,,,
2115381,309fe65dd56018f868e198f6663f40f43e6aca5db684cbaa199f97de9376606c66c047c06a806fe95e2fce324a5016325204c068c229c4cf4d84927b47bdf1f3,07/27/2025 12:43:00 AM,2,DRIVER,,2016605,,TOYOTA,COROLLA,IL,2026,UNKNOWN,PASSENGER,PERSONAL,S,PASSING/OVERTAKING,,,1,,,,,,,,,,,Y,Y,,,,,,REAR-LEFT-CORNER,,,,,,,,,,,,,,,,,,,,,,,,,,,,,,,,,
2115374,586702e36bec683fd7a172140d96fd1518126e7a1a545a65fa8ddef385755931664a4642cb961ac178e6c80723ba9f53c0a1c7b99f52069ceb6836c3182f8870,07/27/2025 12:27:00 AM,1,DRIVER,,2016592,,TOYOTA,YARIS,IL,2008,UNKNOWN,PASSENGER,PERSONAL,S,SLOW/STOP IN TRAFFIC,,,1,,,,,,,,,,,,,,,,,Y,FRONT,,,,,,,,,,,,,,,,,,,,,,,,,,,,,,,,,
2115375,586702e36bec683fd7a172140d96fd1518126e7a1a545a65fa8ddef385755931664a4642cb961ac178e6c80723ba9f53c0a1c7b99f52069ceb6836c3182f8870,07/27/2025 12:27:00 AM,2,DRIVER,,2016599,,MERCEDES-BENZ,C300,IL,2016,UNKNOWN,PASSENGER,PERSONAL,S,SLOW/STOP IN TRAFFIC,,,1,,,,,,,,,,,,,,,,,,REAR,,,,,,,,,,,,,,,,,,,,,,,,,,,,,,,,,
2115387,dc04134790c682e6e0d321bc4972c1557d9ed50e71c5edb51f81efe49db1ac8e76a6a4e7611c9eb5458a7d9134a5abe638f21a3184273bdf9cff24484ba41685,07/27/2025 12:22:00 AM,1,DRIVER,,2016610,,FORD,ESCAPE,IL,2009,NONE,SPORT UTILITY VEHICLE (SUV),PERSONAL,S,STRAIGHT AHEAD,Y,,1,,CITY OF CHICAGO,701 N. SACRAMENTO,,Y,,,,,,,,,,,Y,,FRONT-RIGHT-CORNER,,,,,,,,,,,,,,,,,,,,,,,,,,,,,,,,,
2115388,dc04134790c682e6e0d321bc4972c1557d9ed50e71c5edb51f81efe49db1ac8e76a6a4e7611c9eb5458a7d9134a5abe638f21a3184273bdf9cff24484ba41685,07/27/2025 12:22:00 AM,2,PARKED,,2016615,,FORD,EXPLORER,IL,2018,NONE,SPORT UTILITY VEHICLE (SUV),POLICE,W,PARKED IN TRAFFIC LANE,,,0,,,,,,,,,Y,,,,,,,,,REAR-RIGHT-CORNER,,,,,,,,,,,,,,,,,,,,,,,,,,,,,,,,,
2115398,76b4f5c0da98652c96591b0c30acf601df364148b7c3beae5cf9eccb12221c0657da20d60775c0b97b6e2c2f19cdab185e94d79c8df6cbb89cbaa8fc9c827010,07/27/2025 12:16:00 AM,1,DRIVER,,2016625,,CHEVROLET,IMPALA,IL,2006,NONE,PASSENGER,PERSONAL,N,CHANGING LANES,Y,,1,,PRIVATE,RESIDENCE,,,,,,,,,,Y,Y,Y,Y,,FRONT-LEFT-CORNER,,,,,,,,,,,,,,,,,,,,,,,,,,,,,,,,,
2115399,76b4f5c0da98652c96591b0c30acf601df364148b7c3beae5cf9eccb12221c0657da20d60775c0b97b6e2c2f19cdab185e94d79c8df6cbb89cbaa8fc9c827010,07/27/2025 12:16:00 AM,2,DRIVER,,2016629,,FORD,MUSTANG,IL,2008,NONE,PASSENGER,PERSONAL,S,AVOIDING VEHICLES/OBJECTS,Y,,1,,PRIVATE,RESIDENCE,,,,,Y,Y,,Y,Y,Y,Y,Y,,,SIDE-LEFT-FRONT,,,,,,,,,,,,,,,,,,,,,,,,,,,,,,,,,
2115400,76b4f5c0da98652c96591b0c30acf601df364148b7c3beae5cf9eccb12221c0657da20d60775c0b97b6e2c2f19cdab185e94d79c8df6cbb89cbaa8fc9c827010,07/27/2025 12:16:00 AM,3,PARKED,,2016631,,NISSAN,ROGUE,IL,2019,NONE,SPORT UTILITY VEHICLE (SUV),PERSONAL,S,PARKED,,,0,,,,,,,,,,,,,,Y,Y,,,FRONT-LEFT-CORNER,,,,,,,,,,,,,,,,,,,,,,,,,,,,,,,,,