CRASH_UNIT_ID,CRASH_RECORD_ID,CRASH_DATE,UNIT_NO,UNIT_TYPE,NUM_PASSENGERS,VEHICLE_ID,CMRC_VEH_I,MAKE,MODEL,LIC_PLATE_STATE,VEHICLE_YEAR,VEHICLE_DEFECT,VEHICLE_TYPE,VEHICLE_USE,TRAVEL_DIRECTION,MANEUVER,TOWED_I,FIRE_I,OCCUPANT_CNT,EXCEED_SPEED_LIMIT_I,TOWED_BY,TOWED_TO,AREA_00_I,AREA_01_I,AREA_02_I,AREA_03_I,AREA_04_I,AREA_05_I,AREA_06_I,AREA_07_I,AREA_08_I,AREA_09_I,AREA_10_I,AREA_11_I,AREA_12_I,AREA_99_I,FIRST_CONTACT_POINT,CMV_ID,USDOT_NO,CCMC_NO,ILCC_NO,COMMERCIAL_SRC,GVWR,CARRIER_NAME,CARRIER_STATE,CARRIER_CITY,HAZMAT_PLACARDS_I,HAZMAT_NAME,UN_NO,HAZMAT_PRESENT_I,HAZMAT_REPORT_I,HAZMAT_REPORT_NO,MCS_REPORT_I,MCS_REPORT_NO,HAZMAT_VIO_CAUSE_CRASH_I,MCS_VIO_CAUSE_CRASH_I,IDOT_PERMIT_NO,WIDE_LOAD_I,TRAILER1_WIDTH,TRAILER2_WIDTH,TRAILER1_LENGTH,TRAILER2_LENGTH,TOTAL_VEHICLE_LENGTH,AXLE_CNT,VEHICLE_CONFIG,CARGO_BODY_TYPE,LOAD_TYPE,HAZMAT_OUT_OF_SERVICE_I,MCS_OUT_OF_SERVICE_I,HAZMAT_CLASS
2115376,d64efa78ae2d082b1fc5a73e8d9a835597b61b4df0fa220437cf25dd0889a3a26a0b4db50fecb84dd092eecb81482696913fd93f54a94909815d2272f5d28005,07/27/2025 12:10:00 AM,1,DRIVER,,2016596,,TOYOTA,C-HR,IL,2019,NONE,PASSENGER,PERSONAL,W,TURNING LEFT,Y,,1,,private,,,,,,,,,,,,Y,Y,,,FRONT-LEFT-CORNER,,,,,,,,,,,,,,,,,,,,,,,,,,,,,,,,,
2115377,d64efa78ae2d082b1fc5a73e8d9a835597b61b4df0fa220437cf25dd0889a3a26a0b4db50fecb84dd092eecb81482696913fd93f54a94909815d2272f5d28005,07/27/2025 12:10:00 AM,2,DRIVER,1,2016601,,TOYOTA,HIGHLANDER,IL,2023,NONE,PASSENGER,PERSONAL,E,STRAIGHT AHEAD,Y,,2,,private,,,,,,,,,Y,Y,Y,,,,,REAR-LEFT-CORNER,,,,,,,,,,,,,,,,,,,,,,,,,,,,,,,,,
2115403,7237fd00329be45dba0f559d856b755774daf65ff00f9ba3dd5dc01dc5b96b7715a0dff4d5e0731c65f37876a6fc350edcce7bd5980dab6bdf7342648a52929f,07/27/2025 12:03:00 AM,1,DRIVER,,2016627,,NISSAN,FRONTIER,IL,2020,NONE,PICKUP,PERSONAL,W,STRAIGHT AHEAD,Y,,1,,city of chicago,,,,,,,,,,,,,Y,Y,,FRONT,,,,,,,,,,,,,,,,,,,,,,,,,,,,,,,,,
2115404,7237fd00329be45dba0f559d856b755774daf65ff00f9ba3dd5dc01dc5b96b7715a0dff4d5e0731c65f37876a6fc350edcce7bd5980dab6bdf7342648a52929f,07/27/2025 12:03:00 AM,2,DRIVER,,2016632,,TOYOTA,HIGHLANDER,IL,2014,NONE,PASSENGER,PERSONAL,S,STRAIGHT AHEAD,Y,,1,,private,,,,,,,,,Y,Y,Y,Y,Y,,,SIDE-LEFT,,,,,,,,,,,,,,,,,,,,,,,,,,,,,,,,,
2115530,242552f91628710f4deef5646402f9378bef35a5ed41ef081d7c412d742be00e5e0a0091b4cac0e0873c8729298dfe4f5e6b0d200d93ec4b3c6f08fccb19b73d,07/27/2025 12:00:00 AM,1,DRIVER,,2016757,,UNKNOWN,OTHER (EXPLAIN IN NARRATIVE),,,UNKNOWN,UNKNOWN/NA,UNKNOWN/NA,UNKNOWN,UNKNOWN/NA,,,1,,,,,,,,,,,,,,,,,Y,UNKNOWN,,,,,,,,,,,,,,,,,,,,,,,,,,,,,,,,,
2115531,242552f91628710f4deef5646402f9378bef35a5ed41ef081d7c412d742be00e5e0a0091b4cac0e0873c8729298dfe4f5e6b0d200d93ec4b3c6f08fccb19b73d,07/27/2025 12:00:00 AM,2,PARKED,,2016758,,HONDA,CIVIC,IL,2025,NONE,PASSENGER,NOT IN USE,N,PARKED,,,0,,,,,,,,,,,,,Y,Y,Y,Y,,FRONT-LEFT-CORNER,,,,,,,,,,,,,,,,,,,,,,,,,,,,,,,,,
2115416,e7556a369c82d7a86634226b3ab2a92167ef90ce8fa9ba6d29bed0537f183859c19435af5d4776e1d98046dd61f5ab4ef00797356110370fb01f549665d0dc05,07/27/2025 12:00:00 AM,1,DRIVER,,2016642,,CHRYSLER,300,,,UNKNOWN,PASSENGER,PERSONAL,S,STRAIGHT AHEAD,,,1,,,,,,,,,,,,,,,,,Y,UNKNOWN,,,,,,,,,,,,,,,,,,,,,,,,,,,,,,,,,
2115417,e7556a369c82d7a86634226b3ab2a92167ef90ce8fa9ba6d29bed0537f183859c19435af5d4776e1d98046dd61f5ab4ef00797356110370fb01f549665d0dc05,07/27/2025 12:00:00 AM,2,DRIVER,,2016645,,ACURA,TLX,IL,2003,NONE,PASSENGER,PERSONAL,N,TURNING LEFT,,,1,,,,,,,,,,,,,,Y,Y,,,SIDE-LEFT-FRONT,,,,,,,,,,,,,,,,,,,,,,,,,,,,,,,,,
2116168,c22864b709831709f53403ce6a43d1c89f4d1d092491f6a3d41743c3933346735bae0c928954dc948b21b17d3b1c5e506761596d88287972fb10afb64862415b,07/26/2025 11:55:00 PM,1,DRIVER,,2017352,,UNKNOWN,OTHER (EXPLAIN IN NARRATIVE),,,UNKNOWN,UNKNOWN/NA,UNKNOWN/NA,UNKNOWN,UNKNOWN/NA,,,1,,,,,,,,,,,,,,,,,Y,UNKNOWN,,,,,,,,,,,,,,,,,,,,,,,,,,,,,,,,,
2116169,c22864b709831709f53403ce6a43d1c89f4d1d092491f6a3d41743c3933346735bae0c928954dc948b21b17d3b1c5e506761596d88287972fb10afb64862415b,07/26/2025 11:55:00 PM,2,PARKED,,2017359,,HONDA,CIVIC,IL,2025,NONE,PASSENGER,NOT IN USE,W,PARKED,,,0,,,,,,,,,,,Y,,,,,,,SIDE-LEFT-REAR,,,,,,,,,,,,,,,,,,,,,,,,,,,,,,,,,
2115393,666dd4ffb5cb358ebecd3f889305e0e76987e9668c2d71d066ff1b8f9b7e5510ee10fc4358352f9ce15eafb476a4d6257c2450e697b3c4f0b3ee4204c7958861,07/26/2025 11:50:00 PM,1,DRIVER,,2016618,,HONDA,CIVIC,IL,2009,UNKNOWN,PASSENGER,PERSONAL,S,UNKNOWN/NA,N,,1,,,,,Y,Y,,,Y,Y,Y,,,,Y,Y,,FRONT,,,,,,,,,,,,,,,,,,,,,,,,,,,,,,,,,
2115394,666dd4ffb5cb358ebecd3f889305e0e76987e9668c2d71d066ff1b8f9b7e5510ee10fc4358352f9ce15eafb476a4d6257c2450e697b3c4f0b3ee4204c7958861,07/26/2025 11:50:00 PM,2,DRIVER,,2016623,,UNKNOWN,OTHER (EXPLAIN IN NARRATIVE),,,UNKNOWN,MOTORCYCLE (OVER 150CC),PERSONAL,UNKNOWN,UNKNOWN/NA,,,1,,,,,,,,,,,,,,,,,Y,UNKNOWN,,,,,,,,,,,,,,,,,,,,,,,,,,,,,,,,,
2115343,672851a7fd33cdfe510080dcc2f695197060805016fb2a2879bac63d6c669d16946f35de7e88c86eb0893ed5285019900d2d5d780357018327dce46140d409fb,07/26/2025 11:40:00 PM,1,DRIVER,,2016562,,INFINITI,G37,,2011,UNKNOWN,UNKNOWN/NA,UNKNOWN/NA,N,AVOIDING VEHICLES/OBJECTS,,,1,,,,,,,,Y,Y,Y,,,,,,,,SIDE-RIGHT,,,,,,,,,,,,,,,,,,,,,,,,,,,,,,,,,
2115344,672851a7fd33cdfe510080dcc2f695197060805016fb2a2879bac63d6c669d16946f35de7e88c86eb0893ed5285019900d2d5d780357018327dce46140d409fb,07/26/2025 11:40:00 PM,2,DRIVER,,2016568,,INFINITI,G37,IL,2010,UNKNOWN,UNKNOWN/NA,UNKNOWN/NA,N,OTHER,,,1,,,,,,,,,,,,,,N,N,,,SIDE-LEFT-REAR,,,,,,,,,,,,,,,,,,,,,,,,,,,,,,,,,
2115369,b425c16552b92577dab63273398dd59fc2c23d9110514fa7f5529f1eeb833db698b196501c6aa86b21f9c6219331ed0705aab1d7db795cf0c258569eac07bf73,07/26/2025 11:36:00 PM,1,DRIVER,,2016591,,NISSAN,SENTRA,IL,2013,UNKNOWN,PASSENGER,UNKNOWN/NA,W,STRAIGHT AHEAD,,,1,,,,,Y,,,,,,,,,,Y,N,,FRONT,,,,,,,,,,,,,,,,,,,,,,,,,,,,,,,,,
2115370,b425c16552b92577dab63273398dd59fc2c23d9110514fa7f5529f1eeb833db698b196501c6aa86b21f9c6219331ed0705aab1d7db795cf0c258569eac07bf73,07/26/2025 11:36:00 PM,2,DRIVER,1,2016594,,FORD,EXPLORER,IL,,UNKNOWN,OTHER,POLICE,E,OTHER,,,2,,,,,N,N,,,,,,,,,,,Y,SIDE-RIGHT,,,,,,,,,,,,,,,,,,,,,,,,,,,,,,,,,
2115371,b425c16552b92577dab63273398dd59fc2c23d9110514fa7f5529f1eeb833db698b196501c6aa86b21f9c6219331ed0705aab1d7db795cf0c258569eac07bf73,07/26/2025 11:36:00 PM,3,DRIVER,2,2016602,,FORD,EXPLORER,,,UNKNOWN,OTHER,POLICE,W,STRAIGHT AHEAD,,,3,,,,Y,,,,,,,,,,,,,,FRONT,,,,,,,,,,,,,,,,,,,,,,,,,,,,,,,,,
2115378,025f08383cc05e1a3ccd6dace327bb3ba5e9440dcc884a6c79ada8445cbe545f4d67c787f4e6dde9e02b1bf898b9df2bdaac730f76a85218f3b93ddb199055e9,07/26/2025 11:30:00 PM,1,DRIVER,3,2016598,,MAZDA,RX-3,,2024,UNKNOWN,PASSENGER,PERSONAL,W,STRAIGHT AHEAD,Y,,4,,PRIVATE TOW,MECHANIC LOT,,Y,,,,,,,,,,,,,FRONT-RIGHT-CORNER,,,,,,,,,,,,,,,,,,,,,,,,,,,,,,,,,
2115379,025f08383cc05e1a3ccd6dace327bb3ba5e9440dcc884a6c79ada8445cbe545f4d67c787f4e6dde9e02b1bf898b9df2bdaac730f76a85218f3b93ddb199055e9,07/26/2025 11:30:00 PM,2,DRIVER,1,2016606,,MERCEDES-BENZ,350 SERIES,IL,2013,UNKNOWN,PASSENGER,PERSONAL,NE,TURNING LEFT,Y,,2,,,,,,,Y,Y,,,,,,,,,,REAR-RIGHT-CORNER,,,,,,,,,,,,,,,,,,,,,,,,,,,,,,,,,
2115359,8b9093d3868e03d8d1df36550c8c54193413079db1b82135c19760e4025071f3802e1d8bc39aba503c5f80f84ec09f7fc23f96eabcfc2cc7c18217834d34a99d,07/26/2025 11:30:00 PM,1,DRIVER,1,2016582,,HYUNDAI,TUCSON,IL,2025,NONE,PASSENGER,PERSONAL,W,CHANGING LANES,,,2,,,,,,,,,,,,,Y,Y,Y,Y,,FRONT-LEFT-CORNER,,,,,,,,,,,,,,,,,,,,,,,,,,,,,,,,,
2115360,8b9093d3868e03d8d1df36550c8c54193413079db1b82135c19760e4025071f3802e1d8bc39aba503c5f80f84ec09f7fc23f96eabcfc2cc7c18217834d34a99d,07/26/2025 11:30:00 PM,2,DRIVER,,2016586,,CHEVROLET,CRUZE,IL,2001,UNKNOWN,PASSENGER,UNKNOWN/NA,W,STRAIGHT AHEAD,,,1,,,,,,,,,,,,,,,,,Y,UNKNOWN,,,,,,,,,,,,,,,,,,,,,,,,,,,,,,,,,
2117236,40d462bf057b9725f6e6e363b392f1a6a88226631c270b529740ba96e0301d55295348a2feafd0f660606cb37851027a47c02699e572b3deb88aab81d74d70f5,07/26/2025 11:25:00 PM,1,DRIVER,,2018371,,UNKNOWN,OTHER (EXPLAIN IN NARRATIVE),IL,,NONE,PASSENGER,PERSONAL,E,STRAIGHT AHEAD,,,1,,,,Y,,,,,,,,,,,,,Y,UNKNOWN,,,,,,,,,,,,,,,,,,,,,,,,,,,,,,,,,
2117237,40d462bf057b9725f6e6e363b392f1a6a88226631c270b529740ba96e0301d55295348a2feafd0f660606cb37851027a47c02699e572b3deb88aab81d74d70f5,07/26/2025 11:25:00 PM,2,PARKED,,2018374,,LINCOLN,NAVIGATOR,IL,2003,NONE,PASSENGER,PERSONAL,E,PARKED,,,0,,,,,,,,,Y,Y,,,,,,,,REAR-RIGHT-CORNER,,,,,,,,,,,,,,,,,,,,,,,,,,,,,,,,,
2115401,5cedcc29eae75b129be2b58e9a0e4777a01d39ff2a8db693ed78cf2d5e05cef064091570b9721cc0fcf319c307d97767a9f41358fa9b21a99e374520aa799d48,07/26/2025 11:25:00 PM,1,DRIVER,1,2016637,,VOLKSWAGEN,JETTA,IL,2007,UNKNOWN,PASSENGER,PERSONAL,NW,TURNING LEFT,,,2,,,,,Y,,,,,,,,,,Y,Y,,FRONT,,,,,,,,,,,,,,,,,,,,,,,,,,,,,,,,,
2115402,5cedcc29eae75b129be2b58e9a0e4777a01d39ff2a8db693ed78cf2d5e05cef064091570b9721cc0fcf319c307d97767a9f41358fa9b21a99e374520aa799d48,07/26/2025 11:25:00 PM,2,PEDESTRIAN,,,,,,,,,,,,,,,,,,,,,,,,,,,,,,,,,,,,,,,,,,,,,,,,,,,,,,,,,,,,,,,,,,
2115347,2b5205930430bad52cb08b1fd733a7baa0fa6e2f6b6313175767fb88fb5bd88479dc7b4b79c04f14efa86009d9ccaece8ca8085074fdbf2825875bd783642999,07/26/2025 11:20:00 PM,1,DRIVER,,2016566,,SUBARU,IMPREZA,IL,2012,UNKNOWN,PASSENGER,PERSONAL,S,STRAIGHT AHEAD,,,1,,,,Y,,,,,,,,,,,,,,FRONT,,,,,,,,,,,,,,,,,,,,,,,,,,,,,,,,,
2115348,2b5205930430bad52cb08b1fd733a7baa0fa6e2f6b6313175767fb88fb5bd88479dc7b4b79c04f14efa86009d9ccaece8ca8085074fdbf2825875bd783642999,07/26/2025 11:20:00 PM,2,DRIVER,,2016574,,NISSAN,KICKS,IL,2018,UNKNOWN,PASSENGER,PERSONAL,S,STRAIGHT AHEAD,,,1,,,,,,,,,Y,Y,Y,,,,,,,REAR,,,,,,,,,,,,,,,,,,,,,,,,,,,,,,,,,
2115544,333ea72c8dbeaf50455d5e8d59c3712d6fdc10149e153008b73b829f59ef76c20d717d5921ea59d16f0e8a6ffd94eafad9517fba6daa74d55e1c486d02f0d6be,07/26/2025 11:20:00 PM,1,DRIVER,1,2016771,,DODGE,CARAVAN,IL,2005,UNKNOWN,VAN/MINI-VAN,UNKNOWN/NA,N,UNKNOWN/NA,,,2,,,,,,,,,,,,,,,,,Y,SIDE-RIGHT,,,,,,,,,,,,,,,,,,,,,,,,,,,,,,,,,
2115545,333ea72c8dbeaf50455d5e8d59c3712d6fdc10149e153008b73b829f59ef76c20d717d5921ea59d16f0e8a6ffd94eafad9517fba6daa74d55e1c486d02f0d6be,07/26/2025 11:20:00 PM,2,DRIVER,1,2016775,,NISSAN,VERSA,IL,2015,NONE,PASSENGER,UNKNOWN/NA,W,SLOW/STOP IN TRAFFIC,,,2,,,,,,,,,,,,,,,,Y,,FRONT,,,,,,,,,,,,,,,,,,,,,,,,,,,,,,,,,
2115339,b5a14194e6b703d93e79627664887bc0d340a18e4cd7e0fbc5a1b3839cb9486eaaa35f36674daca2834da7e11c4633dfa6ee96a3b6a2a012ca5093fd0e9999fd,07/26/2025 11:16:00 PM,1,DRIVER,,2016559,,CHRYSLER,300,WI,2005,UNKNOWN,PASSENGER,PERSONAL,N,STRAIGHT AHEAD,,,1,,,,,,,,,,,,,,,,,Y,UNKNOWN,,,,,,,,,,,,,,,,,,,,,,,,,,,,,,,,,
2115340,b5a14194e6b703d93e79627664887bc0d340a18e4cd7e0fbc5a1b3839cb9486eaaa35f36674daca2834da7e11c4633dfa6ee96a3b6a2a012ca5093fd0e9999fd,07/26/2025 11:16:00 PM,2,BICYCLE,,,,,,,,,,,,,,,,,,,,,,,,,,,,,,,,,,,,,,,,,,,,,,,,,,,,,,,,,,,,,,,,,,
2115331,428ea62fecc63652ec356f57dfd351129f6b5fec41fc4e4736f16ea0729490f802f71ae08236572c00168ca3640022c10564c1ce117294af5be9277114d992b1,07/26/2025 11:15:00 PM,1,DRIVER,,2016564,,CHEVROLET,EQUINOX,MI,2017,UNKNOWN,UNKNOWN/NA,UNKNOWN/NA,S,TURNING LEFT,Y,,1,,,,,Y,Y,Y,Y,Y,,,,,,,,,SIDE-RIGHT,,,,,,,,,,,,,,,,,,,,,,,,,,,,,,,,,
2115332,428ea62fecc63652ec356f57dfd351129f6b5fec41fc4e4736f16ea0729490f802f71ae08236572c00168ca3640022c10564c1ce117294af5be9277114d992b1,07/26/2025 11:15:00 PM,2,DRIVER,,2016570,,DODGE,CHARGER,IL,2019,UNKNOWN,UNKNOWN/NA,PERSONAL,N,STRAIGHT AHEAD,,,1,,,,,Y,,,,,,,,,,Y,Y,,FRONT,,,,,,,,,,,,,,,,,,,,,,,,,,,,,,,,,
2115333,2748266fcf64de6382d8588d9c0a1c66f9f78bb9d3c5df30263da138500a990225230ee8e3081b8a932f419ebceeedaad6290298f660be131bd1c793bd5c2219,07/26/2025 11:06:00 PM,1,DRIVER,,2016573,,TOYOTA,PRIUS,IL,2013,UNKNOWN,PASSENGER,PERSONAL,E,BACKING,,,1,,,,,,,,,,,,,,,,,,REAR,,,,,,,,,,,,,,,,,,,,,,,,,,,,,,,,,
2115334,2748266fcf64de6382d8588d9c0a1c66f9f78bb9d3c5df30263da138500a990225230ee8e3081b8a932f419ebceeedaad6290298f660be131bd1c793bd5c2219,07/26/2025 11:06:00 PM,2,PARKED,,2016577,,CHEVROLET,MALIBU,IL,2017,UNKNOWN,PASSENGER,PERSONAL,E,PARKED,,,0,,,,,,,,,,,,,,,,,,FRONT,,,,,,,,,,,,,,,,,,,,,,,,,,,,,,,,,
2115345,bf796686f4c83712891bfdc64bec0e7ec75fcb9a5305b8738bd3991887d377a412419b3ba099927cfa4d4ad940fe84a5858147c222268d24cb7ef08a7f5b1e62,07/26/2025 11:04:00 PM,1,DRIVER,,2016565,,KIA,OTHER (EXPLAIN IN NARRATIVE),IL,2025,UNKNOWN,PASSENGER,PERSONAL,W,TURNING LEFT,Y,,1,,S&H RECOVERY,36/IRON,,Y,,,,,,,,,,Y,Y,,FRONT,,,,,,,,,,,,,,,,,,,,,,,,,,,,,,,,,
2115346,bf796686f4c83712891bfdc64bec0e7ec75fcb9a5305b8738bd3991887d377a412419b3ba099927cfa4d4ad940fe84a5858147c222268d24cb7ef08a7f5b1e62,07/26/2025 11:04:00 PM,2,PARKED,,2016569,,CADILLAC,ESCALADE,IL,2015,NONE,PASSENGER,UNKNOWN/NA,W,PARKED,,,0,,,,,,,,,,Y,Y,,,,,,,REAR-LEFT-CORNER,,,,,,,,,,,,,,,,,,,,,,,,,,,,,,,,,
2115599,3a4295ce13f1e8e6e7d7de64a5f8d676e85278cd2d2195e0a4be92918516ed8bccbc735e1e68032bffcab05aa087f65ca37f115c5b551627d58cc1e3d3c32bc5,07/26/2025 11:00:00 PM,1,DRIVER,,2016816,,UNKNOWN,OTHER (EXPLAIN IN NARRATIVE),,,UNKNOWN,UNKNOWN/NA,UNKNOWN/NA,UNKNOWN,UNKNOWN/NA,,,1,,,,,,,,,,,,,,,,,Y,UNKNOWN,,,,,,,,,,,,,,,,,,,,,,,,,,,,,,,,,
2115600,3a4295ce13f1e8e6e7d7de64a5f8d676e85278cd2d2195e0a4be92918516ed8bccbc735e1e68032bffcab05aa087f65ca37f115c5b551627d58cc1e3d3c32bc5,07/26/2025 11:00:00 PM,2,PARKED,,2016817,,GENERAL MOTORS CORPORATION (GMC),YUKON,IL,2019,UNKNOWN,SPORT UTILITY VEHICLE (SUV),NOT IN USE,S,PARKED,,,0,,,,,,,,,,Y,,,,,,,,REAR-LEFT-CORNER,,,,,,,,,,,,,,,,,,,,,,,,,,,,,,,,,
2115576,e1e7b89472a7a3dc31cd97a0d179e63142a4159ca2ed29b809117df4f3e4b687ed618da6e5c2cd8e46337fbd84c15a198157dfaf28f930e1fcfd08a277c4f798,07/26/2025 11:00:00 PM,1,DRIVER,,2016798,,TOYOTA,COROLLA,IL,,UNKNOWN,PASSENGER,UNKNOWN/NA,W,CHANGING LANES,,,1,,,,,,,,,,,,,,,,,Y,SIDE-RIGHT,,,,,,,,,,,,,,,,,,,,,,,,,,,,,,,,,
2115577,e1e7b89472a7a3dc31cd97a0d179e63142a4159ca2ed29b809117df4f3e4b687ed618da6e5c2cd8e46337fbd84c15a198157dfaf28f930e1fcfd08a277c4f798,07/26/2025 11:00:00 PM,2,DRIVER,1,2016804,,TOYOTA,PRIUS,IL,2011,UNKNOWN,PASSENGER,UNKNOWN/NA,W,UNKNOWN/NA,,,2,,,,,,,,,,,,,Y,Y,Y,,,SIDE-RIGHT,,,,,,,,,,,,,,,,,,,,,,,,,,,,,,,,,
2115351,bcb03e502396c88c4c74862691e4417df7552ec9146ad559369b3cf997a18ca0192163765e285e682ffbd409e9a5daa21fbbd52b4a1dec6b5b7ced1e6f368033,07/26/2025 10:59:00 PM,1,DRIVER,,2016576,,HONDA,FIT,IL,2010,UNKNOWN,PASSENGER,PERSONAL,W,SLOW/STOP IN TRAFFIC,,,1,,,,,Y,,,,,,,,,,Y,Y,,FRONT,,,,,,,,,,,,,,,,,,,,,,,,,,,,,,,,,
2115352,bcb03e502396c88c4c74862691e4417df7552ec9146ad559369b3cf997a18ca0192163765e285e682ffbd409e9a5daa21fbbd52b4a1dec6b5b7ced1e6f368033,07/26/2025 10:59:00 PM,2,DRIVER,,2016580,,CADILLAC,ESCALADE,IL,2025,NONE,PASSENGER,PERSONAL,W,SLOW/STOP IN TRAFFIC,,,1,,,,,,,,,Y,Y,Y,,,,,,,REAR,,,,,,,,,,,,,,,,,,,,,,,,,,,,,,,,,
2115337,265978e8b30f0371a8e3e0b691e30af35eda8ad79cc339e1d13620ecf7c264e265a27b03b7ffabe6ba732971a8bd96684bfb563790f3c325dabc8aeb9c2b71d8,07/26/2025 10:55:00 PM,1,DRIVER,,2016561,,HONDA,ODYSSEY,OH,2014,NONE,VAN/MINI-VAN,PERSONAL,E,STRAIGHT AHEAD,,,1,,,,,Y,,,,,,,,,,,,,FRONT-RIGHT-CORNER,,,,,,,,,,,,,,,,,,,,,,,,,,,,,,,,,
2115338,265978e8b30f0371a8e3e0b691e30af35eda8ad79cc339e1d13620ecf7c264e265a27b03b7ffabe6ba732971a8bd96684bfb563790f3c325dabc8aeb9c2b71d8,07/26/2025 10:55:00 PM,2,DRIVER,1,2016571,,NISSAN,KICKS,IL,2024,NONE,SPORT UTILITY VEHICLE (SUV),PERSONAL,E,STRAIGHT AHEAD,,,2,,,,,,,,,,,,,,,Y,,,FRONT-LEFT-CORNER,,,,,,,,,,,,,,,,,,,,,,,,,,,,,,,,,
2115615,afd9c5f4f623c304f4eef52401e5d2ec241e7762176794107a928d3b4c40de392116d124d52e04d8bd2cac581ec1551ef3a63d0e91c58399c4aeceb4279c03a6,07/26/2025 10:51:00 PM,1,DRIVER,,2016840,,KIA,OTHER (EXPLAIN IN NARRATIVE),IL,2021,NONE,SPORT UTILITY VEHICLE (SUV),UNKNOWN/NA,W,PASSING/OVERTAKING,,,1,,,,,,,,Y,,,,,,,,,,SIDE-RIGHT,,,,,,,,,,,,,,,,,,,,,,,,,,,,,,,,,
2115616,afd9c5f4f623c304f4eef52401e5d2ec241e7762176794107a928d3b4c40de392116d124d52e04d8bd2cac581ec1551ef3a63d0e91c58399c4aeceb4279c03a6,07/26/2025 10:51:00 PM,2,DRIVER,,2016845,,TOYOTA,OTHER (EXPLAIN IN NARRATIVE),IL,2024,NONE,PASSENGER,PERSONAL,W,OTHER,,,1,,,,,,,,,,,,,,,Y,,,FRONT-LEFT-CORNER,,,,,,,,,,,,,,,,,,,,,,,,,,,,,,,,,
2117216,7f1fa1db517b0999d7c260a58addffa20d4ec49eed21a80c57fdb536a06be65e2c2887ab349bcc5965bf66c099afea93d7e98594ebedd32f7f8a44f26cc33518,07/26/2025 10:50:00 PM,1,DRIVER,,2018350,,NISSAN,VERSA,IL,2015,UNKNOWN,PASSENGER,PERSONAL,UNKNOWN,STRAIGHT AHEAD,,,1,,,,,Y,,,,,,,,,,Y,Y,,FRONT,,,,,,,,,,,,,,,,,,,,,,,,,,,,,,,,,
2117217,7f1fa1db517b0999d7c260a58addffa20d4ec49eed21a80c57fdb536a06be65e2c2887ab349bcc5965bf66c099afea93d7e98594ebedd32f7f8a44f26cc33518,07/26/2025 10:50:00 PM,2,DRIVER,,2018356,,DODGE,CARAVAN,IL,2005,UNKNOWN,VAN/MINI-VAN,PERSONAL,UNKNOWN,STRAIGHT AHEAD,,,1,,,,,Y,Y,Y,,,,,,,,,,,FRONT-RIGHT-CORNER,,,,,,,,,,,,,,,,,,,,,,,,,,,,,,,,,
2115885,bca744979a7c6b7cec9c697f00e5fea898ee7f83e34fd9a75d2852069ca0631cbf5b2d344ae9abd463c7b07fdbf681ec113b1b334e2da5e12b1886f47440bac5,07/26/2025 10:47:00 PM,1,DRIVER,,2017076,,KIA,SORENTO,IL,2019,UNKNOWN,PASSENGER,PERSONAL,E,STRAIGHT AHEAD,Y,,1,,PRIVATED TOWED,,,Y,Y,,,,,,Y,Y,Y,Y,,,SIDE-RIGHT-FRONT,,,,,,,,,,,,,,,,,,,,,,,,,,,,,,,,,
2115886,bca744979a7c6b7cec9c697f00e5fea898ee7f83e34fd9a75d2852069ca0631cbf5b2d344ae9abd463c7b07fdbf681ec113b1b334e2da5e12b1886f47440bac5,07/26/2025 10:47:00 PM,2,DRIVER,3,2017077,,HYUNDAI,ELANTRA,IL,2020,NONE,PASSENGER,PERSONAL,N,STRAIGHT AHEAD,Y,,4,,PRIVATED TOWED,,,Y,Y,,,,,,Y,Y,Y,Y,Y,,FRONT,,,,,,,,,,,,,,,,,,,,,,,,,,,,,,,,,
2115389,5a3b561eca16c89b9984c6fef93efd856b9163342fc6cd553c70e0093195ce7ddad63e84806473186bcd450090c0e3298cc6342e664c9cd025580f136d3ce5ed,07/26/2025 10:45:00 PM,1,DRIVER,,2016611,,FORD,FUSION,IL,2019,NONE,PASSENGER,PERSONAL,N,STRAIGHT AHEAD,,,1,,,,Y,,,,,,,,,,,,,,FRONT,,,,,,,,,,,,,,,,,,,,,,,,,,,,,,,,,
2115390,5a3b561eca16c89b9984c6fef93efd856b9163342fc6cd553c70e0093195ce7ddad63e84806473186bcd450090c0e3298cc6342e664c9cd025580f136d3ce5ed,07/26/2025 10:45:00 PM,2,DRIVER,1,2016617,,KIA,FORTE,IL,2017,NONE,PASSENGER,PERSONAL,N,STARTING IN TRAFFIC,,,2,,,,Y,,,,,,,,,,,,,,REAR,,,,,,,,,,,,,,,,,,,,,,,,,,,,,,,,,
2115395,d411656dd719fe199d6f04ec4a5bd1045b6e2f826235b5d5ff94db9f1290b56e4cd19e5310e9a0ecaf9678c41f55b59bd9cc352c776ee5836364ebc9fc84d604,07/26/2025 10:45:00 PM,1,DRIVER,,2016620,,TOYOTA,HIGHLANDER,IL,2019,UNKNOWN,SPORT UTILITY VEHICLE (SUV),PERSONAL,S,STRAIGHT AHEAD,,,1,,,,,N,,,,,,,,,,,,Y,FRONT-RIGHT-CORNER,,,,,,,,,,,,,,,,,,,,,,,,,,,,,,,,,