CRASH_UNIT_ID,CRASH_RECORD_ID,CRASH_DATE,UNIT_NO,UNIT_TYPE,NUM_PASSENGERS,VEHICLE_ID,CMRC_VEH_I,MAKE,MODEL,LIC_PLATE_STATE,VEHICLE_YEAR,VEHICLE_DEFECT,VEHICLE_TYPE,VEHICLE_USE,TRAVEL_DIRECTION,MANEUVER,TOWED_I,FIRE_I,OCCUPANT_CNT,EXCEED_SPEED_LIMIT_I,TOWED_BY,TOWED_TO,AREA_00_I,AREA_01_I,AREA_02_I,AREA_03_I,AREA_04_I,AREA_05_I,AREA_06_I,AREA_07_I,AREA_08_I,AREA_09_I,AREA_10_I,AREA_11_I,AREA_12_I,AREA_99_I,FIRST_CONTACT_POINT,CMV_ID,USDOT_NO,CCMC_NO,ILCC_NO,COMMERCIAL_SRC,GVWR,CARRIER_NAME,CARRIER_STATE,CARRIER_CITY,HAZMAT_PLACARDS_I,HAZMAT_NAME,UN_NO,HAZMAT_PRESENT_I,HAZMAT_REPORT_I,HAZMAT_REPORT_NO,MCS_REPORT_I,MCS_REPORT_NO,HAZMAT_VIO_CAUSE_CRASH_I,MCS_VIO_CAUSE_CRASH_I,IDOT_PERMIT_NO,WIDE_LOAD_I,TRAILER1_WIDTH,TRAILER2_WIDTH,TRAILER1_LENGTH,TRAILER2_LENGTH,TOTAL_VEHICLE_LENGTH,AXLE_CNT,VEHICLE_CONFIG,CARGO_BODY_TYPE,LOAD_TYPE,HAZMAT_OUT_OF_SERVICE_I,MCS_OUT_OF_SERVICE_I,HAZMAT_CLASS
2115396,d411656dd719fe199d6f04ec4a5bd1045b6e2f826235b5d5ff94db9f1290b56e4cd19e5310e9a0ecaf9678c41f55b59bd9cc352c776ee5836364ebc9fc84d604,07/26/2025 10:45:00 PM,2,DRIVER,1,2016622,,HONDA,ACCORD,IL,2008,NONE,PASSENGER,PERSONAL,S,ENTERING TRAFFIC LANE FROM PARKING,,,2,,,,,,,,,,,,,,Y,Y,,,FRONT-LEFT-CORNER,,,,,,,,,,,,,,,,,,,,,,,,,,,,,,,,,
2115335,048906009d6ebbc87d10ed0f74ec1f5af3111c09276ded2bdc06b6bd90bdaa97d6dc36064da26734497764d7702b1c28975fbc567776b4e1e547e8d118246c01,07/26/2025 10:30:00 PM,1,DRIVER,,2016560,,HYUNDAI,OTHER (EXPLAIN IN NARRATIVE),,,UNKNOWN,VAN/MINI-VAN,PERSONAL,W,PASSING/OVERTAKING,,,1,,,,,,Y,Y,Y,Y,,,,,,,,,SIDE-RIGHT-REAR,,,,,,,,,,,,,,,,,,,,,,,,,,,,,,,,,
2115336,048906009d6ebbc87d10ed0f74ec1f5af3111c09276ded2bdc06b6bd90bdaa97d6dc36064da26734497764d7702b1c28975fbc567776b4e1e547e8d118246c01,07/26/2025 10:30:00 PM,2,DRIVER,,2016567,,MITSUBISHI,OTHER (EXPLAIN IN NARRATIVE),IL,2025,OTHER,PASSENGER,PERSONAL,W,TURNING RIGHT,,,1,,,,,,,,,,,,,,Y,Y,,,FRONT-LEFT-CORNER,,,,,,,,,,,,,,,,,,,,,,,,,,,,,,,,,
2115704,37db7e53cc3edde6431c7b88171d8a62674062f38c2d26f00d44f5d6f97150620ab8432a9d6d2d3ca0e2942e9c20e4e7f4116ef58bcc1ea08bceccbcd2c46b4c,07/26/2025 10:30:00 PM,1,DRIVER,,2016906,,UNKNOWN,OTHER (EXPLAIN IN NARRATIVE),,,UNKNOWN,SPORT UTILITY VEHICLE (SUV),PERSONAL,UNKNOWN,UNKNOWN/NA,,,1,,,,,,,,,,,,,,,,,Y,UNKNOWN,,,,,,,,,,,,,,,,,,,,,,,,,,,,,,,,,
2115705,37db7e53cc3edde6431c7b88171d8a62674062f38c2d26f00d44f5d6f97150620ab8432a9d6d2d3ca0e2942e9c20e4e7f4116ef58bcc1ea08bceccbcd2c46b4c,07/26/2025 10:30:00 PM,2,PARKED,,2016914,,NISSAN,ROGUE,IL,2023,UNKNOWN,SPORT UTILITY VEHICLE (SUV),PERSONAL,W,PARKED,Y,,0,,Private,PRIVATE,,Y,,,,,,,,,,,Y,N,FRONT-RIGHT-CORNER,,,,,,,,,,,,,,,,,,,,,,,,,,,,,,,,,
2116162,5342e39f0f881d8b36644f03bb8c110e819403451d716f87766993d411f6a4015ab2b0adb9ee7e57a8a160a0752a0e262fa6edc4328606eff76256efb53a7dd8,07/26/2025 10:30:00 PM,1,DRIVER,,2017347,,UNKNOWN,OTHER (EXPLAIN IN NARRATIVE),,,UNKNOWN,UNKNOWN/NA,UNKNOWN/NA,S,UNKNOWN/NA,,,1,,,,,,,,,,,,,,,,,Y,SIDE-RIGHT,,,,,,,,,,,,,,,,,,,,,,,,,,,,,,,,,
2116163,5342e39f0f881d8b36644f03bb8c110e819403451d716f87766993d411f6a4015ab2b0adb9ee7e57a8a160a0752a0e262fa6edc4328606eff76256efb53a7dd8,07/26/2025 10:30:00 PM,2,DRIVER,1,2017349,,TOYOTA,COROLLA,IL,2020,NONE,PASSENGER,PERSONAL,S,STRAIGHT AHEAD,,,2,,,,,,,Y,Y,,,,,,,,,,SIDE-RIGHT,,,,,,,,,,,,,,,,,,,,,,,,,,,,,,,,,
2115325,fdbeb29b8f633408cb2e857ee67c7d8075bf1737d7c501bed71139b479730c5c3d7d69c909e1399b705836068e34f1f7ebe6f36ebcd9548faf0e5d3ec7a36e48,07/26/2025 10:20:00 PM,1,DRIVER,,2016554,,UNKNOWN,OTHER (EXPLAIN IN NARRATIVE),IL,,UNKNOWN,SPORT UTILITY VEHICLE (SUV),UNKNOWN/NA,N,STRAIGHT AHEAD,,,1,,,,,,,,,,,,,Y,Y,Y,,,SIDE-LEFT,,,,,,,,,,,,,,,,,,,,,,,,,,,,,,,,,
2115326,fdbeb29b8f633408cb2e857ee67c7d8075bf1737d7c501bed71139b479730c5c3d7d69c909e1399b705836068e34f1f7ebe6f36ebcd9548faf0e5d3ec7a36e48,07/26/2025 10:20:00 PM,2,DRIVER,,2016555,,NISSAN,ROGUE,,2018,NONE,SPORT UTILITY VEHICLE (SUV),PERSONAL,N,STRAIGHT AHEAD,,,1,,,,,Y,Y,N,,,,,,,,,,,SIDE-RIGHT,,,,,,,,,,,,,,,,,,,,,,,,,,,,,,,,,
2115383,13b969d4834f36957a05682c3da5f4bd6e7c1055430e929c5e510aa5dd809d495334b30b4d4b00e0351abf26268476c415611ad8e3db2994579bf36f542134b8,07/26/2025 10:08:00 PM,1,DRIVER,,2016619,,CHEVROLET,MALIBU,IL,2004,UNKNOWN,PASSENGER,PERSONAL,S,STRAIGHT AHEAD,Y,,1,,PRIVATE,PRIVATE,,Y,Y,,,,,Y,,,Y,Y,Y,,FRONT-RIGHT-CORNER,,,,,,,,,,,,,,,,,,,,,,,,,,,,,,,,,
2115384,13b969d4834f36957a05682c3da5f4bd6e7c1055430e929c5e510aa5dd809d495334b30b4d4b00e0351abf26268476c415611ad8e3db2994579bf36f542134b8,07/26/2025 10:08:00 PM,2,DRIVER,5,2016621,,HYUNDAI,SANTA FE,WI,2017,NONE,SPORT UTILITY VEHICLE (SUV),PERSONAL,W,STRAIGHT AHEAD,Y,,6,,PRIVATE,PRIVATE,,Y,Y,,Y,Y,,,,,,Y,Y,,FRONT-RIGHT-CORNER,,,,,,,,,,,,,,,,,,,,,,,,,,,,,,,,,
2115385,13b969d4834f36957a05682c3da5f4bd6e7c1055430e929c5e510aa5dd809d495334b30b4d4b00e0351abf26268476c415611ad8e3db2994579bf36f542134b8,07/26/2025 10:08:00 PM,3,DRIVER,,2016624,,GENERAL MOTORS CORPORATION (GMC),TERRAIN,IL,2015,NONE,SPORT UTILITY VEHICLE (SUV),PERSONAL,E,SLOW/STOP IN TRAFFIC,,,1,,,,,,,,,,,,,,,,,,FRONT,,,,,,,,,,,,,,,,,,,,,,,,,,,,,,,,,
2115386,13b969d4834f36957a05682c3da5f4bd6e7c1055430e929c5e510aa5dd809d495334b30b4d4b00e0351abf26268476c415611ad8e3db2994579bf36f542134b8,07/26/2025 10:08:00 PM,4,DRIVER,,2016626,,TOYOTA,COROLLA,IL,2023,NONE,PASSENGER,PERSONAL,E,SLOW/STOP IN TRAFFIC,,,1,,,,,Y,,,,,,,,,,Y,N,,FRONT,,,,,,,,,,,,,,,,,,,,,,,,,,,,,,,,,
2115311,0b3ba512c0badab97ea325844c1646bf0ab279ea34f8c73f199f173b376e7c46cf709ee3759fa8105598b281b03c594efc208d2c27224ddbb75ea0cb469c0623,07/26/2025 10:00:00 PM,1,DRIVER,,2016531,,FORD,EXPLORER,IL,2018,UNKNOWN,SPORT UTILITY VEHICLE (SUV),POLICE,E,OTHER,,,1,,,,,,,Y,Y,,,,,,,,,,SIDE-RIGHT,,,,,,,,,,,,,,,,,,,,,,,,,,,,,,,,,
2116596,ea80dc31c14607b6a07e966608125dcdb5f0625d2762c04396fc4e6dc5f39b1438fa45af9efff32ddc3b59b8915ec67c8530324fa39c870b6750fbfc510f7fcf,07/26/2025 10:00:00 PM,1,DRIVER,,2017777,,TOYOTA,RAV4,IL,2024,UNKNOWN,SPORT UTILITY VEHICLE (SUV),PERSONAL,W,STRAIGHT AHEAD,,,1,,,,,,,,,,,,,,,,,Y,UNKNOWN,,,,,,,,,,,,,,,,,,,,,,,,,,,,,,,,,
2116597,ea80dc31c14607b6a07e966608125dcdb5f0625d2762c04396fc4e6dc5f39b1438fa45af9efff32ddc3b59b8915ec67c8530324fa39c870b6750fbfc510f7fcf,07/26/2025 10:00:00 PM,2,PARKED,,2017778,,MAZDA,MAZDA6,IL,2021,UNKNOWN,PASSENGER,PERSONAL,W,PARKED,,,0,,,,,,,,,,,Y,Y,Y,,,,,SIDE-LEFT-REAR,,,,,,,,,,,,,,,,,,,,,,,,,,,,,,,,,
2115317,eb1293c15352702211a3d072e5ce3e162bc77a8efc51aaa836495f7cbf8a0105b0bf625dbbdf60f92bd1a196148e967d670213dcf2989d021bb6ef456e251016,07/26/2025 10:00:00 PM,1,DRIVER,,2016541,,UNKNOWN,OTHER (EXPLAIN IN NARRATIVE),IL,,NONE,PASSENGER,UNKNOWN/NA,E,STRAIGHT AHEAD,,,1,,,,,,,,,,,,,,,,,Y,UNKNOWN,,,,,,,,,,,,,,,,,,,,,,,,,,,,,,,,,
2115318,eb1293c15352702211a3d072e5ce3e162bc77a8efc51aaa836495f7cbf8a0105b0bf625dbbdf60f92bd1a196148e967d670213dcf2989d021bb6ef456e251016,07/26/2025 10:00:00 PM,2,DRIVER,,2016543,,FORD,ESCAPE,IL,2023,NONE,PASSENGER,OTHER,W,STRAIGHT AHEAD,,,1,,,,,,,,,,,,Y,Y,Y,,,,SIDE-LEFT,,,,,,,,,,,,,,,,,,,,,,,,,,,,,,,,,
2115353,42dc0c7c4ca6d7f7ed864b1ae5f3f8d8d415d55121b55108ab7d1128fc3779fe9f6b9de67ba54372a900fcdcd16d2522115fbf1c5019e9a5c99b7c24a064f562,07/26/2025 09:55:00 PM,1,DRIVER,,2016578,,HONDA,CR-V,IL,2022,NONE,PASSENGER,PERSONAL,W,STRAIGHT AHEAD,Y,,1,,unknown,unknown,,,,,,,,,Y,Y,Y,,,,SIDE-LEFT-FRONT,,,,,,,,,,,,,,,,,,,,,,,,,,,,,,,,,
2115354,42dc0c7c4ca6d7f7ed864b1ae5f3f8d8d415d55121b55108ab7d1128fc3779fe9f6b9de67ba54372a900fcdcd16d2522115fbf1c5019e9a5c99b7c24a064f562,07/26/2025 09:55:00 PM,2,DRIVER,,2016588,,CHEVROLET,SILVERADO,IL,,NONE,TRUCK - SINGLE UNIT,PERSONAL,N,STRAIGHT AHEAD,,,1,,,,,Y,,,,,,,,,,Y,,,FRONT,,,,,,,,,,,,,,,,,,,,,,,,,,,,,,,,,
2115363,a87a48e7386693f3ab86b81f59dc7b3c05e4299076563a56d9e2bb8588e7d064f2bd813958b88f80a828e0c7e2cf639df375dbd9844ce66007b705a9b25788b2,07/26/2025 09:55:00 PM,1,DRIVER,,2016587,,LAND ROVER,OTHER (EXPLAIN IN NARRATIVE),IL,2025,UNKNOWN,SPORT UTILITY VEHICLE (SUV),PERSONAL,N,BACKING,,,1,,,,,,,,,Y,,,,,,,,,REAR-RIGHT-CORNER,,,,,,,,,,,,,,,,,,,,,,,,,,,,,,,,,
2115364,a87a48e7386693f3ab86b81f59dc7b3c05e4299076563a56d9e2bb8588e7d064f2bd813958b88f80a828e0c7e2cf639df375dbd9844ce66007b705a9b25788b2,07/26/2025 09:55:00 PM,2,DRIVER,,2016593,,TOYOTA,CAMRY,WI,2007,UNKNOWN,PASSENGER,PERSONAL,W,STRAIGHT AHEAD,,,1,,,,,,,,,,,,,,Y,,,,SIDE-LEFT-FRONT,,,,,,,,,,,,,,,,,,,,,,,,,,,,,,,,,
2115327,5f0ec7dcc0743c19505355702b4ba79fbdc5411b1c240093e5b0a271a7d575f39b5f53080cbf22dfbdb8833b9f53d43260b01a49707f6c2457564b4e51f38cac,07/26/2025 09:50:00 PM,1,DRIVER,1,2016549,,CHEVROLET,SILVERADO,IL,,UNKNOWN,TRUCK - SINGLE UNIT,UNKNOWN/NA,E,PASSING/OVERTAKING,,,2,,,,,,,,,,,,,,,,,Y,SIDE-RIGHT,,,,,,,,,,,,,,,,,,,,,,,,,,,,,,,,,
2115328,5f0ec7dcc0743c19505355702b4ba79fbdc5411b1c240093e5b0a271a7d575f39b5f53080cbf22dfbdb8833b9f53d43260b01a49707f6c2457564b4e51f38cac,07/26/2025 09:50:00 PM,2,DRIVER,,2016550,,HONDA,ACCORD,IL,2025,NONE,PASSENGER,PERSONAL,E,STRAIGHT AHEAD,,,1,,,,,,,,,,,,,,N,Y,,,FRONT-LEFT-CORNER,,,,,,,,,,,,,,,,,,,,,,,,,,,,,,,,,
2115313,80f45e85b6c6aa4ec3ee64e91be5e8ab7a1944ba505cf8ef71d8d4b77bd9d9f3c3aabfd86f76dd25f770cb0dd777d2506cc4b999ee3935acf26ac552bedff0e1,07/26/2025 09:45:00 PM,1,DRIVER,,2016539,,DODGE,RAM 1500 PU,IL,2025,NONE,PICKUP,PERSONAL,N,STRAIGHT AHEAD,,,1,,,,,,,,,,,,,,,,Y,,FRONT,,,,,,,,,,,,,,,,,,,,,,,,,,,,,,,,,
2115314,80f45e85b6c6aa4ec3ee64e91be5e8ab7a1944ba505cf8ef71d8d4b77bd9d9f3c3aabfd86f76dd25f770cb0dd777d2506cc4b999ee3935acf26ac552bedff0e1,07/26/2025 09:45:00 PM,2,DRIVER,3,2016542,,JEEP,GRAND CHEROKEE,IL,2021,NONE,SPORT UTILITY VEHICLE (SUV),PERSONAL,N,STRAIGHT AHEAD,,,4,,,,,,,,,,Y,,,,,,,,REAR,,,,,,,,,,,,,,,,,,,,,,,,,,,,,,,,,
2122974,b871851e62124b6083ee955dbaf6b0acb22042594d372dd7bbd547f38b43621783d61c81ab29b2f26b3b65f89037d475c08511b856c3cf7a66e3f088c7b086bc,07/26/2025 09:43:00 PM,1,DRIVER,,2023840,,MERCEDES-BENZ,C250,IL,2012,UNKNOWN,PASSENGER,PERSONAL,N,STRAIGHT AHEAD,,,1,,,,,Y,,,,,,,,,,Y,Y,,FRONT,,,,,,,,,,,,,,,,,,,,,,,,,,,,,,,,,
2122975,b871851e62124b6083ee955dbaf6b0acb22042594d372dd7bbd547f38b43621783d61c81ab29b2f26b3b65f89037d475c08511b856c3cf7a66e3f088c7b086bc,07/26/2025 09:43:00 PM,2,DRIVER,1,2023841,,TOYOTA,COROLLA,IL,2016,UNKNOWN,PASSENGER,PERSONAL,N,STRAIGHT AHEAD,,,2,,,,,,,,,Y,Y,Y,,,,,,,REAR,,,,,,,,,,,,,,,,,,,,,,,,,,,,,,,,,
2115323,4c3fe33946aad43e3658f0f9d71f9337a1f2aa59f6eae4be468c923dd9c3e4268e591c89e6269b23b6f5b766fc145ef62690e111c482ef473e3ad8314a5b22fc,07/26/2025 09:40:00 PM,1,DRIVER,,2016553,,ACURA,ILX,IL,2023,UNKNOWN,PASSENGER,PERSONAL,W,OTHER,,,1,,,,,Y,,,,,,,,,,,,,SIDE-RIGHT-FRONT,,,,,,,,,,,,,,,,,,,,,,,,,,,,,,,,,
2115324,4c3fe33946aad43e3658f0f9d71f9337a1f2aa59f6eae4be468c923dd9c3e4268e591c89e6269b23b6f5b766fc145ef62690e111c482ef473e3ad8314a5b22fc,07/26/2025 09:40:00 PM,2,DRIVER,,2016556,,FORD,ESCAPE,IL,2021,UNKNOWN,PASSENGER,PERSONAL,W,OTHER,,,1,,,,,,,,,,,,,Y,,,,,SIDE-LEFT,,,,,,,,,,,,,,,,,,,,,,,,,,,,,,,,,
2115349,795d5e21d5b87a3a0c07d661a35194613051ab2e26f7b89e78daa274ce1ad2dd5feafeb6ea03de6149b23e284cdc15930b60c5d162fe30ee14e1b45d439dae1a,07/26/2025 09:35:00 PM,1,DRIVER,,2016575,,HONDA,OTHER (EXPLAIN IN NARRATIVE),IL,2023,UNKNOWN,PASSENGER,PERSONAL,S,STRAIGHT AHEAD,,,1,,,,,,,,,,,,,,Y,Y,,,UNKNOWN,,,,,,,,,,,,,,,,,,,,,,,,,,,,,,,,,
2115350,795d5e21d5b87a3a0c07d661a35194613051ab2e26f7b89e78daa274ce1ad2dd5feafeb6ea03de6149b23e284cdc15930b60c5d162fe30ee14e1b45d439dae1a,07/26/2025 09:35:00 PM,2,DRIVER,,2016608,,NISSAN,OTHER (EXPLAIN IN NARRATIVE),IL,2013,UNKNOWN,PASSENGER,PERSONAL,N,STRAIGHT AHEAD,,,1,,,,,,,,,,,,,,Y,Y,,,UNKNOWN,,,,,,,,,,,,,,,,,,,,,,,,,,,,,,,,,
2115496,e80717280a0f2828aab93eb4d288579133f5603a4bc4eeadfb7644d22514c5ed6786369402805828e2b33eb5d0f6f81b5b617bbd27bc8ce6cdef5825879a5ee0,07/26/2025 09:30:00 PM,1,DRIVER,,2016724,,UNKNOWN,OTHER (EXPLAIN IN NARRATIVE),IL,,UNKNOWN,UNKNOWN/NA,PERSONAL,S,BACKING,,,1,,,,,,,,,,,,,,,,,Y,REAR,,,,,,,,,,,,,,,,,,,,,,,,,,,,,,,,,
2115497,e80717280a0f2828aab93eb4d288579133f5603a4bc4eeadfb7644d22514c5ed6786369402805828e2b33eb5d0f6f81b5b617bbd27bc8ce6cdef5825879a5ee0,07/26/2025 09:30:00 PM,2,PARKED,,2016727,,CHEVROLET,EQUINOX,IL,2024,UNKNOWN,PASSENGER,PERSONAL,W,PARKED,,,0,,,,Y,,,,,,,,Y,Y,Y,,,,SIDE-LEFT,,,,,,,,,,,,,,,,,,,,,,,,,,,,,,,,,
2115309,4266028165dc8929fc31b8d764af3eeb6711a3de3671bff138e3e9015aa63d702ccecc5c79f188c767aeaa3545892fb1d9068452d571349016b9e8aec7be1804,07/26/2025 09:20:00 PM,1,DRIVER,,2016537,,CHEVROLET,MALIBU,IL,2011,NONE,PASSENGER,PERSONAL,E,STRAIGHT AHEAD,,,1,,,,,,,,,,,,,,,,Y,,FRONT,,,,,,,,,,,,,,,,,,,,,,,,,,,,,,,,,
2115310,4266028165dc8929fc31b8d764af3eeb6711a3de3671bff138e3e9015aa63d702ccecc5c79f188c767aeaa3545892fb1d9068452d571349016b9e8aec7be1804,07/26/2025 09:20:00 PM,2,DRIVER,2,2016532,,ACURA,TLX,IL,2011,NONE,PASSENGER,PERSONAL,N,STRAIGHT AHEAD,,,3,,,,,,Y,Y,Y,,,,,,,,N,,SIDE-RIGHT,,,,,,,,,,,,,,,,,,,,,,,,,,,,,,,,,
2115292,3edb68f7e8d95b9ff2fe4126f8930fbb34d7016231f2bb278259f6c958eb602ef54e9a7e08bec8ac1d0f0b0dc5a8abc8206f76edb02dfd63d4bd68b953f5f607,07/26/2025 09:00:00 PM,1,DRIVER,,2016528,,JEEP,LIBERTY,IL,2002,NONE,SPORT UTILITY VEHICLE (SUV),PERSONAL,E,PASSING/OVERTAKING,,,1,,,,,,,,,,,Y,,,,,,,SIDE-LEFT-REAR,,,,,,,,,,,,,,,,,,,,,,,,,,,,,,,,,
2115293,3edb68f7e8d95b9ff2fe4126f8930fbb34d7016231f2bb278259f6c958eb602ef54e9a7e08bec8ac1d0f0b0dc5a8abc8206f76edb02dfd63d4bd68b953f5f607,07/26/2025 09:00:00 PM,2,DRIVER,,2016538,,JEEP,CHEROKEE,IL,2021,NONE,SPORT UTILITY VEHICLE (SUV),PERSONAL,S,SLOW/STOP IN TRAFFIC,,,1,,,,,,,,,,,,,,,,,,FRONT,,,,,,,,,,,,,,,,,,,,,,,,,,,,,,,,,
2115692,d7baf80819f9dfc111d85ce57c2c1f442214e6c23eff5a9f7193dc9951624df118839ff68a2f3573c94550a28b65cb47c5ed4938a9d4d208099455c4ef85e4f3,07/26/2025 08:59:00 PM,1,DRIVER,,2016898,,HONDA,ACCORD,IN,,UNKNOWN,PASSENGER,PERSONAL,S,BACKING,,,1,,,,,,,,,Y,,N,,,,,,,REAR,,,,,,,,,,,,,,,,,,,,,,,,,,,,,,,,,
2115693,d7baf80819f9dfc111d85ce57c2c1f442214e6c23eff5a9f7193dc9951624df118839ff68a2f3573c94550a28b65cb47c5ed4938a9d4d208099455c4ef85e4f3,07/26/2025 08:59:00 PM,2,PARKED,,2016908,,TESLA,MODEL Y,MI,2023,NONE,PASSENGER,PERSONAL,S,PARKED,,,0,,,,,Y,,,,,,,,,,,,,FRONT-RIGHT-CORNER,,,,,,,,,,,,,,,,,,,,,,,,,,,,,,,,,
2115302,4ba93f2c7682e4cc362bb9f8fcaee990b44cdcb13e1d935cda0bb818833d507b1b9cc42d90bc01dfdc1d3376d411019e53fbd943fcc598dce058377ce0faf218,07/26/2025 08:55:00 PM,1,DRIVER,1,2016607,,BUICK,ENCORE,IL,2020,NONE,PASSENGER,PERSONAL,N,STRAIGHT AHEAD,,,2,,,,,,,,,,,,,,N,,,,OTHER,,,,,,,,,,,,,,,,,,,,,,,,,,,,,,,,,
2115303,4ba93f2c7682e4cc362bb9f8fcaee990b44cdcb13e1d935cda0bb818833d507b1b9cc42d90bc01dfdc1d3376d411019e53fbd943fcc598dce058377ce0faf218,07/26/2025 08:55:00 PM,2,DRIVER,2,2016614,,FORD,EDGE,IL,2022,NONE,PASSENGER,PERSONAL,S,SLOW/STOP IN TRAFFIC,,,3,,,,,,,,,,,,,,,,,,OTHER,,,,,,,,,,,,,,,,,,,,,,,,,,,,,,,,,
2115286,848d61a48cdf9427a09127b2f7398fc3437f2b52c3226178f71d3015192032caa53114c25aca391a4bb0dd97f672810bf619c897cfeed0a054debd679f150b3c,07/26/2025 08:55:00 PM,1,DRIVER,1,2016548,,NEW FLYER,OTHER (EXPLAIN IN NARRATIVE),IL,2007,NONE,BUS OVER 15 PASS.,CTA,W,STRAIGHT AHEAD,,,2,,,,,Y,,,,,,,,,,,Y,,FRONT,,,,,,,,,,,,,,,,,,,,,,,,,,,,,,,,,
2115287,848d61a48cdf9427a09127b2f7398fc3437f2b52c3226178f71d3015192032caa53114c25aca391a4bb0dd97f672810bf619c897cfeed0a054debd679f150b3c,07/26/2025 08:55:00 PM,2,DRIVER,,2016551,,TOYOTA,PRIUS,IL,2006,NONE,PASSENGER,PERSONAL,W,STRAIGHT AHEAD,Y,,1,,police department,701 n. sacramento,,,,,,Y,Y,Y,,,,,,,REAR,,,,,,,,,,,,,,,,,,,,,,,,,,,,,,,,,
2115294,357ff11a66e4c744d8f71c4f7c397781818f3339fd1844799665c83e9a114aef1a683c856a6f953c270bdd9f7598470e4c9cd224d975a9e2775d788354bdc665,07/26/2025 08:54:00 PM,1,DRIVER,1,2016513,,HONDA,ACCORD,IL,2011,NONE,PASSENGER,RIDESHARE SERVICE,E,STRAIGHT AHEAD,,,2,,,,Y,,,,,,,,,,,,,,NONE,,,,,,,,,,,,,,,,,,,,,,,,,,,,,,,,,
2115295,357ff11a66e4c744d8f71c4f7c397781818f3339fd1844799665c83e9a114aef1a683c856a6f953c270bdd9f7598470e4c9cd224d975a9e2775d788354bdc665,07/26/2025 08:54:00 PM,2,DRIVER,,2016517,,NISSAN,ALTIMA,IL,2022,NONE,PASSENGER,RIDESHARE SERVICE,E,STRAIGHT AHEAD,,,1,,,,,,,,,,,Y,Y,,,,,,SIDE-LEFT-REAR,,,,,,,,,,,,,,,,,,,,,,,,,,,,,,,,,
2115466,79137c844c62d300a3522abe7c359ab78af4852ebdddccf44d3c7b349a7eabbdefca81598209bb7c11dbdf3de505bc9c311129d8ac4cb37d38ab3f62094fa234,07/26/2025 08:45:00 PM,1,DRIVER,,2016695,,JEEP,CHEROKEE,IL,2015,NONE,PASSENGER,PERSONAL,E,CHANGING LANES,,,1,,,,,,,,,,,,,,,,,Y,FRONT,,,,,,,,,,,,,,,,,,,,,,,,,,,,,,,,,
2115467,79137c844c62d300a3522abe7c359ab78af4852ebdddccf44d3c7b349a7eabbdefca81598209bb7c11dbdf3de505bc9c311129d8ac4cb37d38ab3f62094fa234,07/26/2025 08:45:00 PM,2,DRIVER,,2016696,,HYUNDAI,PALISADE,IL,2022,NONE,PASSENGER,PERSONAL,N,STRAIGHT AHEAD,,,1,,,,,,,,,,,,Y,Y,,,,,SIDE-LEFT,,,,,,,,,,,,,,,,,,,,,,,,,,,,,,,,,
2115361,f2cc5d088822e613c047f8621818ffc7252b841fd38321bb2fb249d0e2cc5b59e329aa8f4326fb213b1d135c60a9d014dfd83671fa098512f3211ffe51b3a929,07/26/2025 08:45:00 PM,1,DRIVER,1,2016590,,CHEVROLET,MALIBU,IL,2017,UNKNOWN,PASSENGER,PERSONAL,NW,U-TURN,,,2,,,,,,,,,,,,,,,,,Y,UNKNOWN,,,,,,,,,,,,,,,,,,,,,,,,,,,,,,,,,
2115362,f2cc5d088822e613c047f8621818ffc7252b841fd38321bb2fb249d0e2cc5b59e329aa8f4326fb213b1d135c60a9d014dfd83671fa098512f3211ffe51b3a929,07/26/2025 08:45:00 PM,2,DRIVER,,2016579,,JEEP,WRANGLER,IL,2014,NONE,PASSENGER,PERSONAL,N,STRAIGHT AHEAD,,,1,,,,,Y,Y,Y,N,,,,,,,N,Y,,SIDE-RIGHT-FRONT,,,,,,,,,,,,,,,,,,,,,,,,,,,,,,,,,
2115298,fa5fdd18206439755f81aca03f08d76b4cab360bce8a59b30e01c68580f4f9150f9697b28c215a9b019d5d574ec21973df45e9123be25eecb03fd0ee2dbc11e5,07/26/2025 08:45:00 PM,1,DRIVER,,2016518,,UNKNOWN,MOTORIZED,IL,,UNKNOWN,UNKNOWN/NA,UNKNOWN/NA,S,PASSING/OVERTAKING,,,1,,,,,,,,,,,,,,,N,,Y,UNKNOWN,,,,,,,,,,,,,,,,,,,,,,,,,,,,,,,,,
2115299,fa5fdd18206439755f81aca03f08d76b4cab360bce8a59b30e01c68580f4f9150f9697b28c215a9b019d5d574ec21973df45e9123be25eecb03fd0ee2dbc11e5,07/26/2025 08:45:00 PM,2,DRIVER,,2016522,,SUBARU,CROSSTREK,IL,2017,UNKNOWN,PASSENGER,PERSONAL,S,TURNING LEFT,,,1,,,,,Y,,,,,,,,,,,,,FRONT-RIGHT-CORNER,,,,,,,,,,,,,,,,,,,,,,,,,,,,,,,,,
2115305,806a6c597d1f6f71db69f28e4b7edcc46b2f95d45614c3dd6213964c651e125740526c94afde079097e154667cfd2ee40a15a4a4de98536027695a20f3f3a74f,07/26/2025 08:44:00 PM,1,DRIVER,,2016530,,CHEVROLET,EQUINOX,IL,2016,UNKNOWN,PASSENGER,PERSONAL,N,TURNING RIGHT,,,1,,,,,Y,Y,,,,,,,,,,,,FRONT-RIGHT-CORNER,,,,,,,,,,,,,,,,,,,,,,,,,,,,,,,,,