CRASH_UNIT_ID,CRASH_RECORD_ID,CRASH_DATE,UNIT_NO,UNIT_TYPE,NUM_PASSENGERS,VEHICLE_ID,CMRC_VEH_I,MAKE,MODEL,LIC_PLATE_STATE,VEHICLE_YEAR,VEHICLE_DEFECT,VEHICLE_TYPE,VEHICLE_USE,TRAVEL_DIRECTION,MANEUVER,TOWED_I,FIRE_I,OCCUPANT_CNT,EXCEED_SPEED_LIMIT_I,TOWED_BY,TOWED_TO,AREA_00_I,AREA_01_I,AREA_02_I,AREA_03_I,AREA_04_I,AREA_05_I,AREA_06_I,AREA_07_I,AREA_08_I,AREA_09_I,AREA_10_I,AREA_11_I,AREA_12_I,AREA_99_I,FIRST_CONTACT_POINT,CMV_ID,USDOT_NO,CCMC_NO,ILCC_NO,COMMERCIAL_SRC,GVWR,CARRIER_NAME,CARRIER_STATE,CARRIER_CITY,HAZMAT_PLACARDS_I,HAZMAT_NAME,UN_NO,HAZMAT_PRESENT_I,HAZMAT_REPORT_I,HAZMAT_REPORT_NO,MCS_REPORT_I,MCS_REPORT_NO,HAZMAT_VIO_CAUSE_CRASH_I,MCS_VIO_CAUSE_CRASH_I,IDOT_PERMIT_NO,WIDE_LOAD_I,TRAILER1_WIDTH,TRAILER2_WIDTH,TRAILER1_LENGTH,TRAILER2_LENGTH,TOTAL_VEHICLE_LENGTH,AXLE_CNT,VEHICLE_CONFIG,CARGO_BODY_TYPE,LOAD_TYPE,HAZMAT_OUT_OF_SERVICE_I,MCS_OUT_OF_SERVICE_I,HAZMAT_CLASS
2115306,806a6c597d1f6f71db69f28e4b7edcc46b2f95d45614c3dd6213964c651e125740526c94afde079097e154667cfd2ee40a15a4a4de98536027695a20f3f3a74f,07/26/2025 08:44:00 PM,2,PARKED,2,2016534,,HONDA,PILOT,IL,2005,UNKNOWN,PASSENGER,PERSONAL,N,PARKED,,,2,,,,,,,,,,,Y,Y,Y,,,,,REAR-LEFT-CORNER,,,,,,,,,,,,,,,,,,,,,,,,,,,,,,,,,
2115288,8c9721f704d75d489714224ace8889d128e8f6710f53a88f60d46267bcb305c0238af7c8bbda3117d4cf8f603ed4ef63fd6ddc624b4ff7c2411da36c5fc793c5,07/26/2025 08:42:00 PM,1,DRIVER,,2016519,,GENERAL MOTORS CORPORATION (GMC),ACADIA,IN,2018,NONE,SPORT UTILITY VEHICLE (SUV),PERSONAL,W,AVOIDING VEHICLES/OBJECTS,,,1,,,,,Y,,,,,,,,,,,,,FRONT-RIGHT-CORNER,,,,,,,,,,,,,,,,,,,,,,,,,,,,,,,,,
2115289,8c9721f704d75d489714224ace8889d128e8f6710f53a88f60d46267bcb305c0238af7c8bbda3117d4cf8f603ed4ef63fd6ddc624b4ff7c2411da36c5fc793c5,07/26/2025 08:42:00 PM,2,DRIVER,2,2016525,,NISSAN,ALTIMA,IL,2020,NONE,PASSENGER,PERSONAL,W,AVOIDING VEHICLES/OBJECTS,,,3,,,,,,,,,,,,,,Y,,,,SIDE-LEFT-FRONT,,,,,,,,,,,,,,,,,,,,,,,,,,,,,,,,,
2115282,0c0bb5a9b959cee72a6120db4f0f3e5cf7bf82303311b5d92404d7ec8a7dd54d0f778dba173efbedfcb9fad956ec55148e93a201e35f879c22e3efdce9f2707d,07/26/2025 08:40:00 PM,1,DRIVER,,2016505,,UNKNOWN,OTHER (EXPLAIN IN NARRATIVE),,,NONE,UNKNOWN/NA,UNKNOWN/NA,W,STRAIGHT AHEAD,,,1,,,,,,,,,,,,,,,,,Y,UNKNOWN,,,,,,,,,,,,,,,,,,,,,,,,,,,,,,,,,
2115283,0c0bb5a9b959cee72a6120db4f0f3e5cf7bf82303311b5d92404d7ec8a7dd54d0f778dba173efbedfcb9fad956ec55148e93a201e35f879c22e3efdce9f2707d,07/26/2025 08:40:00 PM,2,DRIVER,,2016510,,CHEVROLET,IMPALA,IL,2019,NONE,PASSENGER,PERSONAL,N,STRAIGHT AHEAD,,,1,,,,,,,,,Y,Y,,,,,,,,REAR,,,,,,,,,,,,,,,,,,,,,,,,,,,,,,,,,
2116172,262d04c7d3e632c2710f9611a507215b5287f9aa74b8e03a34698fec56bbe23acdd74a4b1a86b560323de576876c2ad4644903d5ea174cee3d109a61bf2cd3a5,07/26/2025 08:32:00 PM,1,DRIVER,,2017363,,UNKNOWN,ENGINE,IL,,UNKNOWN,TRUCK - SINGLE UNIT,UNKNOWN/NA,S,STRAIGHT AHEAD,,,1,,,,,,,,,,,,,,,,Y,,FRONT,,,,,,,,,,,,,,,,,,,,,,,,,,,,,,,,,
2116173,262d04c7d3e632c2710f9611a507215b5287f9aa74b8e03a34698fec56bbe23acdd74a4b1a86b560323de576876c2ad4644903d5ea174cee3d109a61bf2cd3a5,07/26/2025 08:32:00 PM,2,DRIVER,,2017375,,CHEVROLET,CAMARO,IL,2015,UNKNOWN,PASSENGER,PERSONAL,W,STRAIGHT AHEAD,,,1,,,,,Y,Y,Y,,,,,,,,,,,FRONT-RIGHT-CORNER,,,,,,,,,,,,,,,,,,,,,,,,,,,,,,,,,
2115300,8cc988cc0654ef83cdc04fddb38dc67f75fd049278779b71be51a812bc3a5bbf1f9242bc7847e6a857b2a60173452c4899587f72aebcb354fd1f44056a5691d2,07/26/2025 08:32:00 PM,1,DRIVER,,2016515,,UNKNOWN,OTHER (EXPLAIN IN NARRATIVE),,,UNKNOWN,OTHER,UNKNOWN/NA,N,STRAIGHT AHEAD,,,1,,,,,,,,,,,,,,,,,Y,UNKNOWN,,,,,,,,,,,,,,,,,,,,,,,,,,,,,,,,,
2115301,8cc988cc0654ef83cdc04fddb38dc67f75fd049278779b71be51a812bc3a5bbf1f9242bc7847e6a857b2a60173452c4899587f72aebcb354fd1f44056a5691d2,07/26/2025 08:32:00 PM,2,DRIVER,,2016520,,TOYOTA,SIENNA,IL,2025,UNKNOWN,PASSENGER,PERSONAL,N,STRAIGHT AHEAD,,,1,,,,,,,,,,Y,,,,,,,,SIDE-RIGHT-REAR,,,,,,,,,,,,,,,,,,,,,,,,,,,,,,,,,
2115274,0ee97c246566546adc5b23de2d19ff0101ed1497a7c506dc05133b8659af072819dbc64e673d93668967d10a3bbdd2e3ed82ad6cb7f91a5fed89628d01d51de9,07/26/2025 08:30:00 PM,1,DRIVER,,2016500,,UNKNOWN,OTHER (EXPLAIN IN NARRATIVE),IL,,UNKNOWN,MOTORCYCLE (OVER 150CC),PERSONAL,N,PASSING/OVERTAKING,,,1,,,,Y,,,,,,,,,,,,,,FRONT,,,,,,,,,,,,,,,,,,,,,,,,,,,,,,,,,
2115275,0ee97c246566546adc5b23de2d19ff0101ed1497a7c506dc05133b8659af072819dbc64e673d93668967d10a3bbdd2e3ed82ad6cb7f91a5fed89628d01d51de9,07/26/2025 08:30:00 PM,2,DRIVER,1,2016509,,JEEP,WRANGLER,IL,2010,NONE,PASSENGER,PERSONAL,UNKNOWN,TURNING LEFT,,,2,,,,Y,,,,,,,,,,,,,,SIDE-LEFT-FRONT,,,,,,,,,,,,,,,,,,,,,,,,,,,,,,,,,
2115312,1c9b039d9748f3ff1dedaee42587bf7117ea2b427f313d850c8dabd4322d72d55d7a0fff025843159c7f18206e962e332c168d87cb56f1884d770390ffe95e1e,07/26/2025 08:30:00 PM,1,DRIVER,,2016535,,HONDA,CR-V,IL,1999,NONE,PASSENGER,PERSONAL,E,STRAIGHT AHEAD,Y,,1,,R/O'S,DOTY,,Y,Y,,,,,,,,Y,Y,Y,,OTHER,,,,,,,,,,,,,,,,,,,,,,,,,,,,,,,,,
2115475,56215d2cd3bde3820b5524ad24190d1ca69bc72382a7798d63476348b2e077b7c0b7ca9f08a71ceb616bd72b2df6b887e12e498745a4533e8557b7542951b404,07/26/2025 08:30:00 PM,1,DRIVER,,2016702,,UNKNOWN,OTHER (EXPLAIN IN NARRATIVE),,,UNKNOWN,UNKNOWN/NA,UNKNOWN/NA,UNKNOWN,UNKNOWN/NA,,,1,,,,,,,,,,,,,,,,,Y,UNKNOWN,,,,,,,,,,,,,,,,,,,,,,,,,,,,,,,,,
2115476,56215d2cd3bde3820b5524ad24190d1ca69bc72382a7798d63476348b2e077b7c0b7ca9f08a71ceb616bd72b2df6b887e12e498745a4533e8557b7542951b404,07/26/2025 08:30:00 PM,2,DRIVERLESS,,2016704,,TOYOTA,RAV4,IL,,NONE,PASSENGER,NOT IN USE,NW,PARKED,,,0,,,,,Y,,,,,,,,,,,,,FRONT-RIGHT-CORNER,,,,,,,,,,,,,,,,,,,,,,,,,,,,,,,,,
2115736,a6b3e493ecb10f2ba154e0b271a7d94f471a5885613f0466a8b97ff5fd489dcd962f483962b811f8d488bac6b934827261c2f3788ac6039a668bf2b98475565d,07/26/2025 08:30:00 PM,1,DRIVER,,2016951,,UNKNOWN,MOTORIZED,,,UNKNOWN,UNKNOWN/NA,UNKNOWN/NA,UNKNOWN,UNKNOWN/NA,,,1,,,,,Y,,,,,,,,,,Y,Y,,FRONT,,,,,,,,,,,,,,,,,,,,,,,,,,,,,,,,,
2115737,a6b3e493ecb10f2ba154e0b271a7d94f471a5885613f0466a8b97ff5fd489dcd962f483962b811f8d488bac6b934827261c2f3788ac6039a668bf2b98475565d,07/26/2025 08:30:00 PM,2,DRIVER,,2016946,,MITSUBISHI,OUTLANDER,IL,,UNKNOWN,PASSENGER,PERSONAL,W,STRAIGHT AHEAD,,,1,,,,,,,,,Y,Y,Y,,,,,,,REAR,,,,,,,,,,,,,,,,,,,,,,,,,,,,,,,,,
2115276,abf19f7ad563df55d8b6c946a0e8ca5f3dcf20a4a907e42a9c3d3782386b193f44e63e8f858ec10d9a54ff9c9cc8ee114d4e9298d2147434a8bc23c84aecf8cf,07/26/2025 08:30:00 PM,1,DRIVER,,2016504,,BUICK,ENCLAVE,IL,2010,UNKNOWN,SPORT UTILITY VEHICLE (SUV),PERSONAL,S,BACKING,,,1,,,,,,,,,,,,,,,,,Y,UNKNOWN,,,,,,,,,,,,,,,,,,,,,,,,,,,,,,,,,
2115277,abf19f7ad563df55d8b6c946a0e8ca5f3dcf20a4a907e42a9c3d3782386b193f44e63e8f858ec10d9a54ff9c9cc8ee114d4e9298d2147434a8bc23c84aecf8cf,07/26/2025 08:30:00 PM,2,PARKED,,2016511,,VOLKSWAGEN,TIGUAN,IL,2021,UNKNOWN,SPORT UTILITY VEHICLE (SUV),PERSONAL,S,PARKED,,,0,,,,,,,,,,,Y,,,,,,,REAR-LEFT-CORNER,,,,,,,,,,,,,,,,,,,,,,,,,,,,,,,,,
2115373,5b34b1a9eb9522bbc35f557669b1e57302c82670dd89d66b2ba69aef560c915b75c268ff0c0e5efe84c580171db22a7a5749240ea0a89c3147ef777ba667cf4f,07/26/2025 08:28:00 PM,2,DRIVER,,2016616,,MERCEDES-BENZ,OTHER (EXPLAIN IN NARRATIVE),IL,2015,UNKNOWN,PASSENGER,PERSONAL,S,OTHER,,,1,,,,,,,,,,,Y,Y,,,,,,SIDE-LEFT-REAR,,,,,,,,,,,,,,,,,,,,,,,,,,,,,,,,,
2115382,5b34b1a9eb9522bbc35f557669b1e57302c82670dd89d66b2ba69aef560c915b75c268ff0c0e5efe84c580171db22a7a5749240ea0a89c3147ef777ba667cf4f,07/26/2025 08:28:00 PM,1,DRIVER,,2016604,,RIVIAN,R1S,IL,2023,UNKNOWN,OTHER,OTHER,S,OTHER,,,1,,,,,,,,Y,Y,,,,,,,,,SIDE-RIGHT-REAR,,,,,,,,,,,,,,,,,,,,,,,,,,,,,,,,,
2115678,ebcf795bb981a492c20274da7221e0e5bc9d8165a3c7fb2c2ae39b5ff5ee3cb69519739b26fdc39502794455167b8a8112acfd210d07d3243300857efa74d707,07/26/2025 08:11:00 PM,1,DRIVER,,2016890,,NOVA BUS,OTHER (EXPLAIN IN NARRATIVE),IL,2024,UNKNOWN,BUS OVER 15 PASS.,CTA,N,TURNING LEFT,,,1,,,,,,,,,,,,N,Y,,,,,SIDE-LEFT,,,,,,,,,,,,,,,,,,,,,,,,,,,,,,,,,
2115269,24d6bc1bf6734769389db66915f8890e917bc909f3c42c00cda3aa27c1554acfde165390fb1b8ff4f54af60c59fca92d42d395b25b9ac2d75dd97552bb043eaf,07/26/2025 08:08:00 PM,1,DRIVER,2,2016507,,HYUNDAI,ELANTRA,IL,2005,UNKNOWN,PASSENGER,PERSONAL,E,STRAIGHT AHEAD,Y,,3,,CITY OF CHICAGO,POUND #2,,Y,Y,,,,,,,,Y,Y,Y,,FRONT,,,,,,,,,,,,,,,,,,,,,,,,,,,,,,,,,
2115256,2936cffd451a4d40079ce07b7cba28448b7dc64408ab27e924106e8af470bd14e8a7cad58e868447ffec7c25889868c59dd8f4c8d583d37d8ff1a2dcc1e5e5cf,07/26/2025 08:05:00 PM,1,DRIVER,,2016489,,LEXUS,RX350,IA,2022,UNKNOWN,SPORT UTILITY VEHICLE (SUV),PERSONAL,S,STRAIGHT AHEAD,Y,,1,,CITY OF CHICAGO,POUND 6,,Y,Y,Y,,,,,,,,,,,SIDE-RIGHT-FRONT,,,,,,,,,,,,,,,,,,,,,,,,,,,,,,,,,
2115257,2936cffd451a4d40079ce07b7cba28448b7dc64408ab27e924106e8af470bd14e8a7cad58e868447ffec7c25889868c59dd8f4c8d583d37d8ff1a2dcc1e5e5cf,07/26/2025 08:05:00 PM,2,DRIVER,,2016499,,KIA,FORTE,IL,2016,UNKNOWN,PASSENGER,RIDESHARE SERVICE,E,STRAIGHT AHEAD,Y,,1,,LIMITLESS TOW,,,,,,,,,,,Y,Y,Y,,,SIDE-LEFT-FRONT,,,,,,,,,,,,,,,,,,,,,,,,,,,,,,,,,
2115249,4da3e51423c9e5b7bb322259aa3df87f8d0ff04aced9ef5ed5435d287429edbf86ad1b71e95d1dca5d536502e5eb2d696755c57c71d93e9855022efc54296d7b,07/26/2025 08:05:00 PM,1,DRIVER,1,2016483,,HYUNDAI,SANTA FE,IL,2012,NONE,PASSENGER,PERSONAL,S,BACKING,,,2,,,,,,,,,,,,,,,,,,REAR,,,,,,,,,,,,,,,,,,,,,,,,,,,,,,,,,
2115250,4da3e51423c9e5b7bb322259aa3df87f8d0ff04aced9ef5ed5435d287429edbf86ad1b71e95d1dca5d536502e5eb2d696755c57c71d93e9855022efc54296d7b,07/26/2025 08:05:00 PM,2,PARKED,2,2016487,,HONDA,ACCORD,IL,2015,NONE,PASSENGER,PERSONAL,S,PARKED,,,2,,,,,,,,,,,,,,Y,Y,,,FRONT,,,,,,,,,,,,,,,,,,,,,,,,,,,,,,,,,
2115284,c3392af5c01f9b8c98af23abedd2652227abc2a977af936055dbe1f169d49df2a8dfc781a5b373dc31338b4e30628d9480b1eb9989afa6de57dcef1d131e0a42,07/26/2025 08:03:00 PM,1,DRIVER,,2016521,,AUDI,Q7,IL,2024,OTHER,PASSENGER,PERSONAL,N,STRAIGHT AHEAD,,,1,,,,,,Y,,,,,,,,,,,,SIDE-RIGHT,,,,,,,,,,,,,,,,,,,,,,,,,,,,,,,,,
2115285,c3392af5c01f9b8c98af23abedd2652227abc2a977af936055dbe1f169d49df2a8dfc781a5b373dc31338b4e30628d9480b1eb9989afa6de57dcef1d131e0a42,07/26/2025 08:03:00 PM,2,DRIVER,,2016523,Y,NEW FLYER,D40LF,IL,,UNKNOWN,BUS OVER 15 PASS.,CTA,N,SLOW/STOP IN TRAFFIC,,,1,,,,,,,,,,,,,,Y,,,,SIDE-LEFT,"21,898",,,,,3,CHICAGO TRANSIT AUTHORITY,IL,CHICAGO,,,,,,,,,,,,,,,,,45,,BUS,BUS,OTHER,,,
2115267,1e4f57d6e53ec53897b7fd7777b40202678e9d10ef4d411171f21134d9d51a71bb64b057510cd54d70007d67e774df3a7176bf3c81e8ef94630d431e47050720,07/26/2025 08:00:00 PM,1,DRIVER,1,2016493,,FORD,OTHER (EXPLAIN IN NARRATIVE),IL,2014,UNKNOWN,PASSENGER,UNKNOWN/NA,W,STRAIGHT AHEAD,,,2,,,,,Y,,,,,,,,,,Y,Y,,FRONT,,,,,,,,,,,,,,,,,,,,,,,,,,,,,,,,,
2115268,1e4f57d6e53ec53897b7fd7777b40202678e9d10ef4d411171f21134d9d51a71bb64b057510cd54d70007d67e774df3a7176bf3c81e8ef94630d431e47050720,07/26/2025 08:00:00 PM,2,DRIVER,3,2016498,,LEXUS,300,IL,2024,UNKNOWN,PASSENGER,PERSONAL,W,STRAIGHT AHEAD,,,4,,,,,,,,,Y,Y,Y,,,,,,,REAR,,,,,,,,,,,,,,,,,,,,,,,,,,,,,,,,,
2116130,42a4aa153840985778b32ede53fa6be5ecd5814fc21ef50fef6928d596f8086f5406fad5b521ab77aa2dba9a58887848fb580b100dc041f98cc01f2226a09d9b,07/26/2025 08:00:00 PM,1,DRIVER,,2017332,,UNKNOWN,OTHER (EXPLAIN IN NARRATIVE),XX,,UNKNOWN,SPORT UTILITY VEHICLE (SUV),UNKNOWN/NA,W,STRAIGHT AHEAD,,,1,,,,,,,,,,,,,,,,,Y,UNKNOWN,,,,,,,,,,,,,,,,,,,,,,,,,,,,,,,,,
2116131,42a4aa153840985778b32ede53fa6be5ecd5814fc21ef50fef6928d596f8086f5406fad5b521ab77aa2dba9a58887848fb580b100dc041f98cc01f2226a09d9b,07/26/2025 08:00:00 PM,2,DRIVER,,2017314,,CHEVROLET,CAPRICE,IL,1991,NONE,PASSENGER,PERSONAL,E,STRAIGHT AHEAD,,,1,,,,,,,,,,,Y,Y,,Y,Y,,,SIDE-LEFT,,,,,,,,,,,,,,,,,,,,,,,,,,,,,,,,,
2115540,82d1d50c393c912fa3affa41c6cc3bbe30f5baa84d9c51666db783195c05ba3a453ffa802dddce63bd9409b14272bac8c09df4afdadeafffef192867ed6807fd,07/26/2025 07:46:00 PM,1,DRIVER,,2016777,,JEEP,WRANGLER,PA,2015,NONE,PASSENGER,PERSONAL,E,BACKING,,,1,,,,,Y,,,N,N,,,,,,,Y,,FRONT-RIGHT-CORNER,,,,,,,,,,,,,,,,,,,,,,,,,,,,,,,,,
2115541,82d1d50c393c912fa3affa41c6cc3bbe30f5baa84d9c51666db783195c05ba3a453ffa802dddce63bd9409b14272bac8c09df4afdadeafffef192867ed6807fd,07/26/2025 07:46:00 PM,2,PARKED,,2016781,,CHEVROLET,TRAX,IL,2019,NONE,PASSENGER,PERSONAL,E,PARKED,,,0,,,,,,,,,,,Y,,,,,,,SIDE-LEFT-REAR,,,,,,,,,,,,,,,,,,,,,,,,,,,,,,,,,
2115260,a631f1f6630217299baa7ef9aa0a76fcb30d089062e6fa2864ed6ef2218ecb50982fc46489fb96a2ac32fced2eb6644b07381b134325212c77a378caa960b97a,07/26/2025 07:45:00 PM,1,DRIVER,,2016490,,NEW FLYER,OTHER (EXPLAIN IN NARRATIVE),IL,2012,UNKNOWN,BUS OVER 15 PASS.,CTA,N,STRAIGHT AHEAD,,,1,,,,,Y,Y,Y,,,,,,,,,,,SIDE-RIGHT,,,,,,,,,,,,,,,,,,,,,,,,,,,,,,,,,
2115261,a631f1f6630217299baa7ef9aa0a76fcb30d089062e6fa2864ed6ef2218ecb50982fc46489fb96a2ac32fced2eb6644b07381b134325212c77a378caa960b97a,07/26/2025 07:45:00 PM,2,DRIVER,,2016497,,FORD,OTHER (EXPLAIN IN NARRATIVE),IL,2016,NONE,BUS UP TO 15 PASS.,OTHER,N,STRAIGHT AHEAD,,,1,,,,,,,,,,,Y,Y,Y,Y,Y,,,SIDE-LEFT,,,,,,,,,,,,,,,,,,,,,,,,,,,,,,,,,
2131600,5b5bb226575bcdb1290d8bdc50bac38f6e2d2dc89c382a314ad3dc2987b0da41a54e1023172fd36ee4d4135aac7f83dddd0edfe237880f655ca8caf96396adfe,07/26/2025 07:41:00 PM,1,DRIVER,,2032002,,JEEP,CHEROKEE,IL,2005,UNKNOWN,PASSENGER,PERSONAL,E,BACKING,Y,,1,,E AND R,E AND R,,,,,,,Y,,,,,,,,REAR,,,,,,,,,,,,,,,,,,,,,,,,,,,,,,,,,
2131601,5b5bb226575bcdb1290d8bdc50bac38f6e2d2dc89c382a314ad3dc2987b0da41a54e1023172fd36ee4d4135aac7f83dddd0edfe237880f655ca8caf96396adfe,07/26/2025 07:41:00 PM,2,DRIVER,1,2032003,,FORD,EXPLORER,IL,2017,NONE,PASSENGER,POLICE,W,SLOW/STOP IN TRAFFIC,,,2,,,,,,,,,,,,,,,,Y,,FRONT,,,,,,,,,,,,,,,,,,,,,,,,,,,,,,,,,
2115307,5363d838fde476e3cdec54dd703af2dbec2972021f3e0197f96ea8aafd7dfea648ba8123e7152cce1f5b253936aa4fc17c0df7c70fa24f26300ee5cf37f6550d,07/26/2025 07:38:00 PM,1,DRIVER,,2016529,,TESLA,MODEL 3,IL,2023,UNKNOWN,PASSENGER,UNKNOWN/NA,S,ENTERING TRAFFIC LANE FROM PARKING,,,1,,,,,,,,,,,,,,,,,Y,UNKNOWN,,,,,,,,,,,,,,,,,,,,,,,,,,,,,,,,,
2115308,5363d838fde476e3cdec54dd703af2dbec2972021f3e0197f96ea8aafd7dfea648ba8123e7152cce1f5b253936aa4fc17c0df7c70fa24f26300ee5cf37f6550d,07/26/2025 07:38:00 PM,2,BICYCLE,,,,,,,,,,,,,,,,,,,,,,,,,,,,,,,,,,,,,,,,,,,,,,,,,,,,,,,,,,,,,,,,,,
2115258,5eb592d06b9918bb18bb60af6a09a55308e336685ce2750b7c7a865d38f054c7a110cdd7d55430dbb8dbe038686c9b262577456c62ddbd8b641612d7a314686e,07/26/2025 07:34:00 PM,1,DRIVER,,2016494,,KIA,OPTIMA / K5,GA,2025,UNKNOWN,PASSENGER,PERSONAL,W,STRAIGHT AHEAD,,,1,,,,,Y,,,,,,,,,,Y,Y,,FRONT,,,,,,,,,,,,,,,,,,,,,,,,,,,,,,,,,
2115259,5eb592d06b9918bb18bb60af6a09a55308e336685ce2750b7c7a865d38f054c7a110cdd7d55430dbb8dbe038686c9b262577456c62ddbd8b641612d7a314686e,07/26/2025 07:34:00 PM,2,DRIVER,1,2016503,,MAZDA,MAZDA3,IL,2010,UNKNOWN,PASSENGER,PERSONAL,S,STRAIGHT AHEAD,,,2,,,,,,,,,,,,Y,Y,Y,,,,SIDE-LEFT,,,,,,,,,,,,,,,,,,,,,,,,,,,,,,,,,
2115559,f230f837d76d8355e29a8377e87dc4545bb0a7a815ee2b80bd8ff6bb3e55208d2afba8bdb4cce965f7fb6147f9eebed71c2cecc0a0f26be99c38c476da77fde2,07/26/2025 07:30:00 PM,1,DRIVER,,2016790,,FORD,EXPLORER,IL,2018,UNKNOWN,SPORT UTILITY VEHICLE (SUV),UNKNOWN/NA,E,STRAIGHT AHEAD,,,1,,,,,,,,,,,,,,,,Y,,FRONT,,,,,,,,,,,,,,,,,,,,,,,,,,,,,,,,,
2115560,f230f837d76d8355e29a8377e87dc4545bb0a7a815ee2b80bd8ff6bb3e55208d2afba8bdb4cce965f7fb6147f9eebed71c2cecc0a0f26be99c38c476da77fde2,07/26/2025 07:30:00 PM,2,DRIVER,,2016797,,JEEP,CHEROKEE,IL,2014,UNKNOWN,SPORT UTILITY VEHICLE (SUV),PERSONAL,E,STRAIGHT AHEAD,,,1,,,,,,,,,,Y,,,,,,,,REAR,,,,,,,,,,,,,,,,,,,,,,,,,,,,,,,,,
2115290,4b45186bf2e3be89967d11cfe081314e6014e6938eab5d5d68bf6709d82f30dc6f4fc51464bbbc03183dfb31bdfcef19a9a630c3ac612567274025eb5b4de948,07/26/2025 07:20:00 PM,1,DRIVER,,2016524,,UNKNOWN,OTHER (EXPLAIN IN NARRATIVE),XX,,UNKNOWN,UNKNOWN/NA,UNKNOWN/NA,UNKNOWN,UNKNOWN/NA,,,1,,,,,,,N,N,,,,,,,,,Y,UNKNOWN,,,,,,,,,,,,,,,,,,,,,,,,,,,,,,,,,
2115291,4b45186bf2e3be89967d11cfe081314e6014e6938eab5d5d68bf6709d82f30dc6f4fc51464bbbc03183dfb31bdfcef19a9a630c3ac612567274025eb5b4de948,07/26/2025 07:20:00 PM,2,PARKED,,2016526,,BMW,330I,IL,2020,UNKNOWN,UNKNOWN/NA,UNKNOWN/NA,S,PARKED,,,0,,,,,,,Y,Y,,,,,,,,,,SIDE-RIGHT,,,,,,,,,,,,,,,,,,,,,,,,,,,,,,,,,
2115211,e7c16203574516cdf5205f8fa8455fd403f764ed3e071bccc7edf83d46cb75dd425c4c2ad0a927145dbbb28e8e22e3eb318749cbd3f4d9d0f0cd95548e7e52e1,07/26/2025 07:15:00 PM,1,DRIVER,,2016441,,FORD,EDGE,IL,2013,NONE,SPORT UTILITY VEHICLE (SUV),PERSONAL,S,STRAIGHT AHEAD,,,1,,,,Y,,,,,,,,,,,,,,FRONT,,,,,,,,,,,,,,,,,,,,,,,,,,,,,,,,,
2115212,e7c16203574516cdf5205f8fa8455fd403f764ed3e071bccc7edf83d46cb75dd425c4c2ad0a927145dbbb28e8e22e3eb318749cbd3f4d9d0f0cd95548e7e52e1,07/26/2025 07:15:00 PM,2,DRIVER,1,2016445,,HYUNDAI,TUCSON,AR,2019,NONE,SPORT UTILITY VEHICLE (SUV),PERSONAL,S,SLOW/STOP IN TRAFFIC,,,2,,,,,,,,,,Y,,,,,,,,REAR,,,,,,,,,,,,,,,,,,,,,,,,,,,,,,,,,
2115206,cec0835df96150e9e2a03347631ada628c5cf3f0dea1d409c8738bc6a73790a24a845d0d619d2e3826d8168866ee0e3019de5af75eca1d01806c462be4bd46c2,07/26/2025 07:01:00 PM,1,DRIVER,,2016433,,FORD,ESCAPE,IL,2011,NONE,SPORT UTILITY VEHICLE (SUV),PERSONAL,S,BACKING,,,1,,,,,,,,,Y,Y,Y,,,,,,,REAR,,,,,,,,,,,,,,,,,,,,,,,,,,,,,,,,,
2115207,cec0835df96150e9e2a03347631ada628c5cf3f0dea1d409c8738bc6a73790a24a845d0d619d2e3826d8168866ee0e3019de5af75eca1d01806c462be4bd46c2,07/26/2025 07:01:00 PM,2,DRIVER,2,2016437,,SUBARU,IMPREZA,IL,2022,NONE,PASSENGER,PERSONAL,E,STRAIGHT AHEAD,,,3,,,,,Y,Y,Y,,,,,,,,,,,SIDE-RIGHT,,,,,,,,,,,,,,,,,,,,,,,,,,,,,,,,,
2115251,27b932d3f0dfe7981b868538ff0e8a463cf61e0880dd2e41d7f2bfef28b7cc59f31b330b360a6b31f3698c5f1575c59e3fc85cc89a722a60d0298ea24c014847,07/26/2025 07:00:00 PM,1,DRIVER,,2016482,,INFINITI,FX35,IL,2005,NONE,PASSENGER,PERSONAL,E,STRAIGHT AHEAD,,,1,,,,,,,,,,,,,,,,,Y,FRONT,,,,,,,,,,,,,,,,,,,,,,,,,,,,,,,,,
2115252,27b932d3f0dfe7981b868538ff0e8a463cf61e0880dd2e41d7f2bfef28b7cc59f31b330b360a6b31f3698c5f1575c59e3fc85cc89a722a60d0298ea24c014847,07/26/2025 07:00:00 PM,2,DRIVER,,2016485,,CHRYSLER,TOWN & COUNTRY,IL,2013,NONE,VAN/MINI-VAN,PERSONAL,E,STRAIGHT AHEAD,,,1,,,,,,,,,,Y,,,,,,,,REAR,,,,,,,,,,,,,,,,,,,,,,,,,,,,,,,,,
2115253,27b932d3f0dfe7981b868538ff0e8a463cf61e0880dd2e41d7f2bfef28b7cc59f31b330b360a6b31f3698c5f1575c59e3fc85cc89a722a60d0298ea24c014847,07/26/2025 07:00:00 PM,3,DRIVER,,2016486,,FORD,F150,IL,2005,NONE,PICKUP,PERSONAL,E,STRAIGHT AHEAD,,,1,,,,,,,,,,Y,,,,,,,,REAR,,,,,,,,,,,,,,,,,,,,,,,,,,,,,,,,,