CRASH_UNIT_ID,CRASH_RECORD_ID,CRASH_DATE,UNIT_NO,UNIT_TYPE,NUM_PASSENGERS,VEHICLE_ID,CMRC_VEH_I,MAKE,MODEL,LIC_PLATE_STATE,VEHICLE_YEAR,VEHICLE_DEFECT,VEHICLE_TYPE,VEHICLE_USE,TRAVEL_DIRECTION,MANEUVER,TOWED_I,FIRE_I,OCCUPANT_CNT,EXCEED_SPEED_LIMIT_I,TOWED_BY,TOWED_TO,AREA_00_I,AREA_01_I,AREA_02_I,AREA_03_I,AREA_04_I,AREA_05_I,AREA_06_I,AREA_07_I,AREA_08_I,AREA_09_I,AREA_10_I,AREA_11_I,AREA_12_I,AREA_99_I,FIRST_CONTACT_POINT,CMV_ID,USDOT_NO,CCMC_NO,ILCC_NO,COMMERCIAL_SRC,GVWR,CARRIER_NAME,CARRIER_STATE,CARRIER_CITY,HAZMAT_PLACARDS_I,HAZMAT_NAME,UN_NO,HAZMAT_PRESENT_I,HAZMAT_REPORT_I,HAZMAT_REPORT_NO,MCS_REPORT_I,MCS_REPORT_NO,HAZMAT_VIO_CAUSE_CRASH_I,MCS_VIO_CAUSE_CRASH_I,IDOT_PERMIT_NO,WIDE_LOAD_I,TRAILER1_WIDTH,TRAILER2_WIDTH,TRAILER1_LENGTH,TRAILER2_LENGTH,TOTAL_VEHICLE_LENGTH,AXLE_CNT,VEHICLE_CONFIG,CARGO_BODY_TYPE,LOAD_TYPE,HAZMAT_OUT_OF_SERVICE_I,MCS_OUT_OF_SERVICE_I,HAZMAT_CLASS
2115254,27b932d3f0dfe7981b868538ff0e8a463cf61e0880dd2e41d7f2bfef28b7cc59f31b330b360a6b31f3698c5f1575c59e3fc85cc89a722a60d0298ea24c014847,07/26/2025 07:00:00 PM,4,DRIVER,,2016536,,AUDI,OTHER (EXPLAIN IN NARRATIVE),IL,2011,NONE,SPORT UTILITY VEHICLE (SUV),PERSONAL,E,STRAIGHT AHEAD,,,1,,,,,,,,,,Y,,,,,,,,REAR,,,,,,,,,,,,,,,,,,,,,,,,,,,,,,,,,
2115234,27ce9646260143ad5d00d7e14355de7b292ec86d15f6fdf0587ab3f4889e73505276a8a2a905c05c39a44009c45761611bf8f94c9c69323dc80b3c75818b01b3,07/26/2025 07:00:00 PM,1,DRIVER,,2016462,,CHRYSLER,300,IL,2018,NONE,PASSENGER,PERSONAL,W,BACKING,,,1,,,,,,,,,,Y,,,,,,,,REAR,,,,,,,,,,,,,,,,,,,,,,,,,,,,,,,,,
2115280,6059b6dd630df186646230fc4ca14f20197ff78c15d225eb2f6073c5a3a2f4a5825f64bae8d06c13c33f40fe71ee368d752f9096b2f9bf166b74e41a5658bd2f,07/26/2025 07:00:00 PM,1,DRIVER,1,2016508,,NISSAN,ALTIMA,IL,2006,UNKNOWN,PASSENGER,PERSONAL,W,STRAIGHT AHEAD,,,2,,,,,Y,,,,,,,,,,,,,FRONT-RIGHT-CORNER,,,,,,,,,,,,,,,,,,,,,,,,,,,,,,,,,
2115281,6059b6dd630df186646230fc4ca14f20197ff78c15d225eb2f6073c5a3a2f4a5825f64bae8d06c13c33f40fe71ee368d752f9096b2f9bf166b74e41a5658bd2f,07/26/2025 07:00:00 PM,2,BICYCLE,,,,,,,,,,,,,,,,,,,,,,,,,,,,,,,,,,,,,,,,,,,,,,,,,,,,,,,,,,,,,,,,,,
2115278,b36f99b62618cafacccdc41f56501ec2c98d8e696bf7ac9ee3f2783b818c521097d80657772582bd511c3566ccfcb1507c2f026d4f88cf640b4a9d2dac5eaa31,07/26/2025 07:00:00 PM,1,DRIVER,,2016506,,FORD,ESCAPE,IL,2011,NONE,SPORT UTILITY VEHICLE (SUV),PERSONAL,SW,TURNING LEFT,,,1,,,,,,,,,,,,,,Y,Y,,,FRONT-LEFT-CORNER,,,,,,,,,,,,,,,,,,,,,,,,,,,,,,,,,
2115279,b36f99b62618cafacccdc41f56501ec2c98d8e696bf7ac9ee3f2783b818c521097d80657772582bd511c3566ccfcb1507c2f026d4f88cf640b4a9d2dac5eaa31,07/26/2025 07:00:00 PM,2,DRIVER,,2016514,,HONDA,CR-V,IL,2025,NONE,SPORT UTILITY VEHICLE (SUV),PERSONAL,W,STRAIGHT AHEAD,,,1,,,,,Y,,,,,,,,,,,,,FRONT-RIGHT-CORNER,,,,,,,,,,,,,,,,,,,,,,,,,,,,,,,,,
2115321,46f333f68d801eb33173ea5991643daae06641d85f0a4e21b16d4097f0e9b05a917d219f3e1bfa56882581ab7a488526c1c0df14adc96f0120da1072c6517ee4,07/26/2025 06:55:00 PM,1,DRIVER,,2016545,,FORD,FUSION,,,OTHER,PASSENGER,PERSONAL,N,MERGING,,,1,,,,,,,,,,,,,,,,,,FRONT-RIGHT-CORNER,,,,,,,,,,,,,,,,,,,,,,,,,,,,,,,,,
2115322,46f333f68d801eb33173ea5991643daae06641d85f0a4e21b16d4097f0e9b05a917d219f3e1bfa56882581ab7a488526c1c0df14adc96f0120da1072c6517ee4,07/26/2025 06:55:00 PM,2,DRIVER,,2016547,,TOYOTA,RAV4,IL,2021,UNKNOWN,PASSENGER,PERSONAL,N,STRAIGHT AHEAD,,,1,,,,,,,,,,,,,,Y,,,,FRONT-LEFT-CORNER,,,,,,,,,,,,,,,,,,,,,,,,,,,,,,,,,
2115355,a3d371146d43675f064af948149812287ee1e79737978e8a5ac4ca7b9c8254ebbc6c006ae9b8d670e4314486abe70d62c159cd754da4a1e5e52627118ff1819c,07/26/2025 06:55:00 PM,1,DRIVER,2,2016581,,SATURN,VUE,IL,2007,UNKNOWN,PASSENGER,PERSONAL,N,DRIVING WRONG WAY,Y,,3,,city of chicago,,,Y,Y,Y,Y,Y,Y,Y,Y,Y,Y,Y,Y,,FRONT-LEFT-CORNER,,,,,,,,,,,,,,,,,,,,,,,,,,,,,,,,,
2115356,a3d371146d43675f064af948149812287ee1e79737978e8a5ac4ca7b9c8254ebbc6c006ae9b8d670e4314486abe70d62c159cd754da4a1e5e52627118ff1819c,07/26/2025 06:55:00 PM,2,DRIVER,1,2016595,,TOYOTA,PRIUS,IL,2014,NONE,PASSENGER,RIDESHARE SERVICE,S,STRAIGHT AHEAD,Y,,2,,private,,,Y,Y,Y,,,,,,Y,Y,Y,Y,,FRONT,,,,,,,,,,,,,,,,,,,,,,,,,,,,,,,,,
2115357,a3d371146d43675f064af948149812287ee1e79737978e8a5ac4ca7b9c8254ebbc6c006ae9b8d670e4314486abe70d62c159cd754da4a1e5e52627118ff1819c,07/26/2025 06:55:00 PM,3,DRIVER,1,2016603,,CHEVROLET,EQUINOX,IL,2013,NONE,PASSENGER,PERSONAL,S,STRAIGHT AHEAD,Y,,2,,private,,,Y,,,,,,,,,,Y,Y,,FRONT,,,,,,,,,,,,,,,,,,,,,,,,,,,,,,,,,
2115358,a3d371146d43675f064af948149812287ee1e79737978e8a5ac4ca7b9c8254ebbc6c006ae9b8d670e4314486abe70d62c159cd754da4a1e5e52627118ff1819c,07/26/2025 06:55:00 PM,4,DRIVER,,2016609,,TOYOTA,PRIUS,IL,2006,NONE,PASSENGER,PERSONAL,S,STRAIGHT AHEAD,,,1,,,,,Y,,,,,,,,,,Y,Y,,FRONT,,,,,,,,,,,,,,,,,,,,,,,,,,,,,,,,,
2115242,9a9e8f97498cea8f0b73d66c067eab3122177e743dd45750007b377d17c61d2ede2fe8d736cfd223e2eab27cc603dd9c4ad0ba8bb00fbd5ac8bfd903c7414cdc,07/26/2025 06:54:00 PM,1,DRIVER,,2016477,,NOVA BUS,OTHER (EXPLAIN IN NARRATIVE),IL,2022,NONE,BUS OVER 15 PASS.,CTA,UNKNOWN,TURNING LEFT,,,1,,,,,,,,,,,,,,,,,,UNKNOWN,,,,,,,,,,,,,,,,,,,,,,,,,,,,,,,,,
2115243,9a9e8f97498cea8f0b73d66c067eab3122177e743dd45750007b377d17c61d2ede2fe8d736cfd223e2eab27cc603dd9c4ad0ba8bb00fbd5ac8bfd903c7414cdc,07/26/2025 06:54:00 PM,2,BICYCLE,,,,,,,,,,,,,,,,,,,,,,,,,,,,,,,,,,,,,,,,,,,,,,,,,,,,,,,,,,,,,,,,,,
2115197,4cdb37ef3fa95af1648ae84564ce5c30d2a1aee12676bc14ebb4a02686afe6c3a5057446010e0a283222696ee4743df6866291a399ff1b104d3ab37309f8d9c7,07/26/2025 06:50:00 PM,1,DRIVER,,2016422,,JEEP,COMPASS,IL,2022,NONE,SPORT UTILITY VEHICLE (SUV),PERSONAL,S,STRAIGHT AHEAD,,,1,,,,,,,,,,,,,,,,Y,,FRONT,,,,,,,,,,,,,,,,,,,,,,,,,,,,,,,,,
2115198,4cdb37ef3fa95af1648ae84564ce5c30d2a1aee12676bc14ebb4a02686afe6c3a5057446010e0a283222696ee4743df6866291a399ff1b104d3ab37309f8d9c7,07/26/2025 06:50:00 PM,2,DRIVER,,2016425,,GENERAL MOTORS CORPORATION (GMC),YUKON,IL,2015,NONE,SPORT UTILITY VEHICLE (SUV),PERSONAL,S,STRAIGHT AHEAD,,,1,,,,,,,,,,Y,,,,,,,,REAR,,,,,,,,,,,,,,,,,,,,,,,,,,,,,,,,,
2116265,097a76351ba3fb72e9c02b4b673a465e78e68d20879abe167eb0f59580016ffc46ac06bc280e760e879d4c8f42f8157243aebc00428e18ea7f80a7641d1a2bc4,07/26/2025 06:48:00 PM,1,DRIVER,,2017446,,FORD,EDGE,IL,2007,NONE,PASSENGER,PERSONAL,S,ENTERING TRAFFIC LANE FROM PARKING,,,1,,,,,,,,,,,,,Y,Y,Y,,,FRONT-LEFT-CORNER,,,,,,,,,,,,,,,,,,,,,,,,,,,,,,,,,
2116266,097a76351ba3fb72e9c02b4b673a465e78e68d20879abe167eb0f59580016ffc46ac06bc280e760e879d4c8f42f8157243aebc00428e18ea7f80a7641d1a2bc4,07/26/2025 06:48:00 PM,2,DRIVER,,2017447,,HONDA,CR-V,IL,2024,NONE,PASSENGER,PERSONAL,S,STRAIGHT AHEAD,,,1,,,,,Y,Y,Y,,,,,,,,,,,FRONT-RIGHT-CORNER,,,,,,,,,,,,,,,,,,,,,,,,,,,,,,,,,
2123641,0da0c375bdfda91dda83cfa0500329239fc9bcfc095e5cd89ad9c61f1f66cfa1ff8e11ac69ac586579e2b00cd425a577d45905801a8eba7d1d6ab61e33984cc6,07/26/2025 06:46:00 PM,1,DRIVER,1,2024467,,JEEP,GRAND CHEROKEE,IL,2007,UNKNOWN,SPORT UTILITY VEHICLE (SUV),OTHER,W,STRAIGHT AHEAD,,,2,,,,,,,,,,,,,Y,Y,Y,,,FRONT-LEFT-CORNER,,,,,,,,,,,,,,,,,,,,,,,,,,,,,,,,,
2123642,0da0c375bdfda91dda83cfa0500329239fc9bcfc095e5cd89ad9c61f1f66cfa1ff8e11ac69ac586579e2b00cd425a577d45905801a8eba7d1d6ab61e33984cc6,07/26/2025 06:46:00 PM,2,DRIVER,,2024468,,AUDI,Q4,IL,2023,NONE,SPORT UTILITY VEHICLE (SUV),PERSONAL,W,ENTERING TRAFFIC LANE FROM PARKING,Y,,1,,PRIVATE,UNK,,Y,Y,Y,,,,,,,,,,,FRONT-RIGHT-CORNER,,,,,,,,,,,,,,,,,,,,,,,,,,,,,,,,,
2115244,63ac4522ac4b45b34420a559415bd816854b1ce71b378949cf5e8c4cf9eb73806beb8b11ab8aa9833f2b34e45e84e9221d580bd3dc6e486b8642138ebaaedb86,07/26/2025 06:42:00 PM,1,DRIVER,,2016479,,CHEVROLET,MALIBU,IL,2012,UNKNOWN,PASSENGER,PERSONAL,E,STRAIGHT AHEAD,,,1,,,,,,,,,,,,,,,,Y,,FRONT,,,,,,,,,,,,,,,,,,,,,,,,,,,,,,,,,
2115245,63ac4522ac4b45b34420a559415bd816854b1ce71b378949cf5e8c4cf9eb73806beb8b11ab8aa9833f2b34e45e84e9221d580bd3dc6e486b8642138ebaaedb86,07/26/2025 06:42:00 PM,2,DRIVER,,2016484,,JEEP,COMPASS,IL,2019,UNKNOWN,SPORT UTILITY VEHICLE (SUV),PERSONAL,E,STRAIGHT AHEAD,,,1,,,,,,,,,,Y,,,,,,,,REAR,,,,,,,,,,,,,,,,,,,,,,,,,,,,,,,,,
2115246,63ac4522ac4b45b34420a559415bd816854b1ce71b378949cf5e8c4cf9eb73806beb8b11ab8aa9833f2b34e45e84e9221d580bd3dc6e486b8642138ebaaedb86,07/26/2025 06:42:00 PM,3,DRIVER,,2016488,,LAND ROVER,RANGE ROVER (EVOQUE / SPORT / VELAR),IL,2020,NONE,SPORT UTILITY VEHICLE (SUV),PERSONAL,E,STRAIGHT AHEAD,,,1,,,,,,,,,,Y,,,,,,,,REAR,,,,,,,,,,,,,,,,,,,,,,,,,,,,,,,,,
2115224,ec076858049af796e32aed419804610b17a5e388b38443a63089f3f26ff800488749f2bdf29c9969863476246fb39891850f33139c55f7a34b23440e7920dfb4,07/26/2025 06:37:00 PM,1,DRIVER,1,2016459,,TOYOTA,AVALON,IN,2018,NONE,PASSENGER,PERSONAL,N,PASSING/OVERTAKING,,,2,,,,,Y,Y,,,,,,,,,,,,FRONT-RIGHT-CORNER,,,,,,,,,,,,,,,,,,,,,,,,,,,,,,,,,
2115225,ec076858049af796e32aed419804610b17a5e388b38443a63089f3f26ff800488749f2bdf29c9969863476246fb39891850f33139c55f7a34b23440e7920dfb4,07/26/2025 06:37:00 PM,2,DRIVER,1,2016468,,NISSAN,ALTIMA,,2014,NONE,PASSENGER,PERSONAL,N,PASSING/OVERTAKING,,,2,,,,,,,,,,,Y,Y,Y,Y,Y,,,REAR-LEFT-CORNER,,,,,,,,,,,,,,,,,,,,,,,,,,,,,,,,,
2115195,a2403c9adde30080dadb6071cf672ed99bf370c26afa0806fbb434132bcde21d3508553654d70270d3e9d58b05d416b2a6dc093151210c60f93627a652e44042,07/26/2025 06:33:00 PM,1,DRIVER,,2016449,,ACURA,TLX,IL,2016,UNKNOWN,PASSENGER,PERSONAL,UNKNOWN,CHANGING LANES,,,1,,,,,Y,Y,Y,Y,Y,,,,,,,,,SIDE-RIGHT,,,,,,,,,,,,,,,,,,,,,,,,,,,,,,,,,
2115196,a2403c9adde30080dadb6071cf672ed99bf370c26afa0806fbb434132bcde21d3508553654d70270d3e9d58b05d416b2a6dc093151210c60f93627a652e44042,07/26/2025 06:33:00 PM,2,DRIVER,,2016453,,HONDA,ACCORD,IL,2018,UNKNOWN,PASSENGER,PERSONAL,UNKNOWN,STRAIGHT AHEAD,,,1,,,,,,,,,,,,,Y,Y,Y,,,SIDE-LEFT,,,,,,,,,,,,,,,,,,,,,,,,,,,,,,,,,
2115191,ca82023f9c3d75c176399f3ac82d2fc4dcd7c15a0e824654bdd79509728694feff65fe0c4ae501d024003121c5cc3eb031c7b9f6ffb5a695c56271c463a3eb85,07/26/2025 06:30:00 PM,1,DRIVER,,2016420,,UNKNOWN,MOTORIZED,IL,,NONE,OTHER,RIDESHARE SERVICE,N,STRAIGHT AHEAD,,,1,,,,,,,,,,,,,,,,Y,,FRONT,,,,,,,,,,,,,,,,,,,,,,,,,,,,,,,,,
2115192,ca82023f9c3d75c176399f3ac82d2fc4dcd7c15a0e824654bdd79509728694feff65fe0c4ae501d024003121c5cc3eb031c7b9f6ffb5a695c56271c463a3eb85,07/26/2025 06:30:00 PM,2,PARKED,,2016428,,KIA,CARNIVAL,OH,2025,NONE,PASSENGER,NOT IN USE,N,PARKED,,,0,,,,,,,,,Y,Y,,,,,,,,REAR,,,,,,,,,,,,,,,,,,,,,,,,,,,,,,,,,
2115272,d7e39b8139733fe9f11c5fc4518c20189b92f2e5501e3de37b9374130849ec14132c6a6bcaf4cfa0bf2b380f806081f421077012018f858e19574cff42594505,07/26/2025 06:30:00 PM,1,DRIVER,,2016533,,TOYOTA,OTHER (EXPLAIN IN NARRATIVE),IL,1998,UNKNOWN,VAN/MINI-VAN,UNKNOWN/NA,N,ENTERING TRAFFIC LANE FROM PARKING,,,1,,,,Y,,,,,,,,,,,,,,NONE,,,,,,,,,,,,,,,,,,,,,,,,,,,,,,,,,
2115273,d7e39b8139733fe9f11c5fc4518c20189b92f2e5501e3de37b9374130849ec14132c6a6bcaf4cfa0bf2b380f806081f421077012018f858e19574cff42594505,07/26/2025 06:30:00 PM,2,DRIVER,,2016516,,CHEVROLET,MALIBU,IL,2017,UNKNOWN,PASSENGER,PERSONAL,N,STRAIGHT AHEAD,,,1,,,,,,Y,Y,Y,,,,,,,,,,SIDE-RIGHT,,,,,,,,,,,,,,,,,,,,,,,,,,,,,,,,,
2115203,ec67fafedafe61a43c961a816504b483d3c2c825f89e5ae7db6b73e9c23352ac5756a198a5d93ba755d45c9fab96365d12e01374463d8191eec583ca163b3fef,07/26/2025 06:22:00 PM,1,DRIVER,,2016436,Y,NEW FLYER,OTHER (EXPLAIN IN NARRATIVE),IL,2007,UNKNOWN,BUS OVER 15 PASS.,CTA,NE,TURNING RIGHT,,,1,,,,,,,,,,,,Y,Y,Y,,,,SIDE-RIGHT,"21,897",,,,DRIVER,,CHICAGO TRANSIT AUTHORITY,IL,CHICAGO,,,,N,N,,N,,N,N,,,,,,,,2,BUS,BUS,OTHER,N,N,
2115204,ec67fafedafe61a43c961a816504b483d3c2c825f89e5ae7db6b73e9c23352ac5756a198a5d93ba755d45c9fab96365d12e01374463d8191eec583ca163b3fef,07/26/2025 06:22:00 PM,2,PARKED,8,2016442,,FORD,TRANSIT,IL,2023,UNKNOWN,BUS UP TO 15 PASS.,PERSONAL,E,PARKED,,,8,,,,,,,,,,,Y,Y,Y,,,Y,,REAR-LEFT-CORNER,,,,,,,,,,,,,,,,,,,,,,,,,,,,,,,,,
2115205,ec67fafedafe61a43c961a816504b483d3c2c825f89e5ae7db6b73e9c23352ac5756a198a5d93ba755d45c9fab96365d12e01374463d8191eec583ca163b3fef,07/26/2025 06:22:00 PM,3,PARKED,2,2016446,,LINCOLN,MKZ,IL,2014,UNKNOWN,PASSENGER,PERSONAL,E,PARKED,,,2,,,,,,,,,,Y,,,,,,,,REAR,,,,,,,,,,,,,,,,,,,,,,,,,,,,,,,,,
2115164,a1686ca3f1d485e50e76b5d233c1f5932d6170830ca77d4cb512a2417f58b0bfbf080f8ea9b9bedfb255bbb0ffed37332bec1793e2686c448a52dec0903d9f0e,07/26/2025 06:21:00 PM,1,DRIVER,,2016411,,JEEP,PATRIOT,,2012,NONE,PASSENGER,PERSONAL,W,STARTING IN TRAFFIC,,,1,,,,,Y,,,,,,,,,,,,,FRONT-RIGHT-CORNER,,,,,,,,,,,,,,,,,,,,,,,,,,,,,,,,,
2115165,a1686ca3f1d485e50e76b5d233c1f5932d6170830ca77d4cb512a2417f58b0bfbf080f8ea9b9bedfb255bbb0ffed37332bec1793e2686c448a52dec0903d9f0e,07/26/2025 06:21:00 PM,2,DRIVER,,2016406,,KIA,SPORTAGE,IL,2015,NONE,PASSENGER,PERSONAL,S,STRAIGHT AHEAD,,,1,,,,,,,,,,,,,,,Y,Y,,FRONT-LEFT-CORNER,,,,,,,,,,,,,,,,,,,,,,,,,,,,,,,,,
2116134,6842b7925d480d4570de127d20609d6d0e3099e8d831aa89b50b5bc9ef1f011e95e6cecd4f5c8f9c2ff67e52c728339399a195212d79643a98a8c136d1982320,07/26/2025 06:20:00 PM,1,DRIVER,,2017318,,UNKNOWN,OTHER (EXPLAIN IN NARRATIVE),IL,,NONE,SPORT UTILITY VEHICLE (SUV),PERSONAL,SE,TURNING LEFT,,,1,,,,,,,,,,,,,,,,,,UNKNOWN,,,,,,,,,,,,,,,,,,,,,,,,,,,,,,,,,
2116135,6842b7925d480d4570de127d20609d6d0e3099e8d831aa89b50b5bc9ef1f011e95e6cecd4f5c8f9c2ff67e52c728339399a195212d79643a98a8c136d1982320,07/26/2025 06:20:00 PM,2,DRIVER,,2017324,,FORD,F350,IL,2016,NONE,PICKUP,PERSONAL,SE,TURNING LEFT,,,1,,,,,,,,,,,,,,,,,,NONE,,,,,,,,,,,,,,,,,,,,,,,,,,,,,,,,,
2119571,0574cdbf1dc40f4d89c1e1aafd553ca0e91d99a3b566af7e5463e95435802d9216323c0ad16b5b76207edd91c04f076efb94ad38ed10b292af27ab24ecd80f2a,07/26/2025 06:17:00 PM,1,DRIVER,,2020576,,JEEP,CHEROKEE,IL,2004,UNKNOWN,SPORT UTILITY VEHICLE (SUV),UNKNOWN/NA,S,STRAIGHT AHEAD,,,1,,,,,Y,,,,,,,,,,Y,Y,,FRONT,,,,,,,,,,,,,,,,,,,,,,,,,,,,,,,,,
2119572,0574cdbf1dc40f4d89c1e1aafd553ca0e91d99a3b566af7e5463e95435802d9216323c0ad16b5b76207edd91c04f076efb94ad38ed10b292af27ab24ecd80f2a,07/26/2025 06:17:00 PM,2,PARKED,,2020577,,CHEVROLET,SILVERADO,IL,2022,UNKNOWN,PICKUP,UNKNOWN/NA,N,PARKED,,,0,,,,,Y,,,,,,,,,,Y,Y,,FRONT,,,,,,,,,,,,,,,,,,,,,,,,,,,,,,,,,
2115178,77c9a5fcdbe15187f24cefdfa02caa8054bca351bab9bd1e4baf412329add9585c32bcb468ae64afabd44812a6c52d54afcf5759c7d4ad2f6ce1be899c538e2d,07/26/2025 06:17:00 PM,1,DRIVER,,2016410,,VOLVO,V70,IL,2006,NONE,PASSENGER,PERSONAL,E,STRAIGHT AHEAD,,,1,,,,,Y,Y,Y,,,,,,,,,,,FRONT-RIGHT-CORNER,,,,,,,,,,,,,,,,,,,,,,,,,,,,,,,,,
2115179,77c9a5fcdbe15187f24cefdfa02caa8054bca351bab9bd1e4baf412329add9585c32bcb468ae64afabd44812a6c52d54afcf5759c7d4ad2f6ce1be899c538e2d,07/26/2025 06:17:00 PM,2,DRIVER,1,2016417,,CHEVROLET,EQUINOX,IL,2017,NONE,PASSENGER,NOT IN USE,E,STRAIGHT AHEAD,,,2,,,,,,,,,,,Y,Y,Y,,,,,SIDE-LEFT-REAR,,,,,,,,,,,,,,,,,,,,,,,,,,,,,,,,,
2115222,0becc392815331740533329a0b84149eb27732adde2b7877b85a8ebdf6207a71f47bfbfeb7475a792d253c9c949101e78dfbd17bcd3c5ecab8a82c415c4a67f9,07/26/2025 06:00:00 PM,1,DRIVER,,2016451,,INTERNATIONAL HARVESTER,INTERNATIONAL HARVESTER,OH,2024,UNKNOWN,UNKNOWN/NA,UNKNOWN/NA,UNKNOWN,UNKNOWN/NA,,,1,,,,,,,,,,,,,,,,,Y,UNKNOWN,,,,,,,,,,,,,,,,,,,,,,,,,,,,,,,,,
2115223,0becc392815331740533329a0b84149eb27732adde2b7877b85a8ebdf6207a71f47bfbfeb7475a792d253c9c949101e78dfbd17bcd3c5ecab8a82c415c4a67f9,07/26/2025 06:00:00 PM,2,PARKED,,2016454,,DODGE,OTHER (EXPLAIN IN NARRATIVE),IL,2021,NONE,SPORT UTILITY VEHICLE (SUV),PERSONAL,UNKNOWN,PARKED,,,0,,,,,,,,,Y,,,,,,,,,SIDE-RIGHT-REAR,,,,,,,,,,,,,,,,,,,,,,,,,,,,,,,,,
2115265,7ada4bd6ce49d6509b0536a327b4dfac18a65781397a305ea9fee8604261203df6e77e329f8ad70791c1279c5fc11444322668246a7be8b345585b2ea488104f,07/26/2025 06:00:00 PM,1,DRIVER,,2016492,,UNKNOWN,OTHER (EXPLAIN IN NARRATIVE),,,UNKNOWN,SPORT UTILITY VEHICLE (SUV),UNKNOWN/NA,S,STRAIGHT AHEAD,,,1,,,,,,,,,,,,,,,,Y,,FRONT,,,,,,,,,,,,,,,,,,,,,,,,,,,,,,,,,
2115266,7ada4bd6ce49d6509b0536a327b4dfac18a65781397a305ea9fee8604261203df6e77e329f8ad70791c1279c5fc11444322668246a7be8b345585b2ea488104f,07/26/2025 06:00:00 PM,2,DRIVER,1,2016496,,FORD,ESCAPE,IL,2010,NONE,SPORT UTILITY VEHICLE (SUV),PERSONAL,S,STRAIGHT AHEAD,,,2,,,,,,,,,,Y,,,,,,,,REAR,,,,,,,,,,,,,,,,,,,,,,,,,,,,,,,,,
2115526,91a5173ae5b1d0214c70a7d9c2851e3fa1136eb4fea7012cb46be1203e2d3d18a7972a693c88a8805016a640c12f7cfe2b3bf0ed777717bc9eb0fa14bb785a68,07/26/2025 06:00:00 PM,1,DRIVER,,2016764,,FORD,ECONOLINE 100,AZ,2014,UNKNOWN,TRUCK - SINGLE UNIT,PERSONAL,UNKNOWN,TURNING LEFT,,,1,,,,,,,,,,,,,,,,,Y,UNKNOWN,,,,,,,,,,,,,,,,,,,,,,,,,,,,,,,,,
2115527,91a5173ae5b1d0214c70a7d9c2851e3fa1136eb4fea7012cb46be1203e2d3d18a7972a693c88a8805016a640c12f7cfe2b3bf0ed777717bc9eb0fa14bb785a68,07/26/2025 06:00:00 PM,2,PARKED,,2016752,,CHEVROLET,EQUINOX,IL,2024,UNKNOWN,SPORT UTILITY VEHICLE (SUV),NOT IN USE,S,PARKED,,,0,,,,,,,,,,,Y,,,,,,,REAR-LEFT-CORNER,,,,,,,,,,,,,,,,,,,,,,,,,,,,,,,,,
2115168,22c550c3242d965ef1e99a72774a424aa9ce98470b79f1ed5346a23a4669b91495ad6edbc26d144b4f766540efb929aed0426f9ee477d6eec227aef422b2e0f4,07/26/2025 05:50:00 PM,1,DRIVER,,2016403,,UNKNOWN,OTHER (EXPLAIN IN NARRATIVE),,,NONE,UNKNOWN/NA,UNKNOWN/NA,UNKNOWN,UNKNOWN/NA,,,1,,,,,,,,,,,,,,,,,Y,UNKNOWN,,,,,,,,,,,,,,,,,,,,,,,,,,,,,,,,,
2115169,22c550c3242d965ef1e99a72774a424aa9ce98470b79f1ed5346a23a4669b91495ad6edbc26d144b4f766540efb929aed0426f9ee477d6eec227aef422b2e0f4,07/26/2025 05:50:00 PM,2,PARKED,,2016399,,CHEVROLET,SUBURBAN,,2016,NONE,PASSENGER,OTHER,E,PARKED,,,0,,,,,,,,,,,,,,,Y,,,FRONT-LEFT-CORNER,,,,,,,,,,,,,,,,,,,,,,,,,,,,,,,,,
2115209,78bd5752a12525ce96f36e3f4c7f5aca3b8b00156d54bfda94aaae9ff22ddf05eeae893d1a510e8b964fa205627a7a85ad20ccbb9b7150601ab9785ed3fff530,07/26/2025 05:49:00 PM,1,DRIVER,,2016440,,VOLKSWAGEN,TIGUAN,IL,,NONE,VAN/MINI-VAN,PERSONAL,UNKNOWN,ENTER FROM DRIVE/ALLEY,,,1,,,,,,,,,,,,,,,,Y,,FRONT,,,,,,,,,,,,,,,,,,,,,,,,,,,,,,,,,
2115210,78bd5752a12525ce96f36e3f4c7f5aca3b8b00156d54bfda94aaae9ff22ddf05eeae893d1a510e8b964fa205627a7a85ad20ccbb9b7150601ab9785ed3fff530,07/26/2025 05:49:00 PM,2,DRIVER,,2016439,,TOYOTA,YARIS,IL,2007,NONE,PASSENGER,PERSONAL,UNKNOWN,STRAIGHT AHEAD,,,1,,,,,Y,Y,,,,,,,,,,,,FRONT-RIGHT-CORNER,,,,,,,,,,,,,,,,,,,,,,,,,,,,,,,,,
2115150,ddf5c9e67239e7bff5e66331bb8be636d55f2db3c259a81a83d336091858ecb277cd7f95d11af958416df951a5fa8e0ae70f56aafa29b4eb38ac363dc5664b98,07/26/2025 05:49:00 PM,1,BICYCLE,,,,,,,,,,,,,,,,,,,,,,,,,,,,,,,,,,,,,,,,,,,,,,,,,,,,,,,,,,,,,,,,,,