CRASH_UNIT_ID,CRASH_RECORD_ID,CRASH_DATE,UNIT_NO,UNIT_TYPE,NUM_PASSENGERS,VEHICLE_ID,CMRC_VEH_I,MAKE,MODEL,LIC_PLATE_STATE,VEHICLE_YEAR,VEHICLE_DEFECT,VEHICLE_TYPE,VEHICLE_USE,TRAVEL_DIRECTION,MANEUVER,TOWED_I,FIRE_I,OCCUPANT_CNT,EXCEED_SPEED_LIMIT_I,TOWED_BY,TOWED_TO,AREA_00_I,AREA_01_I,AREA_02_I,AREA_03_I,AREA_04_I,AREA_05_I,AREA_06_I,AREA_07_I,AREA_08_I,AREA_09_I,AREA_10_I,AREA_11_I,AREA_12_I,AREA_99_I,FIRST_CONTACT_POINT,CMV_ID,USDOT_NO,CCMC_NO,ILCC_NO,COMMERCIAL_SRC,GVWR,CARRIER_NAME,CARRIER_STATE,CARRIER_CITY,HAZMAT_PLACARDS_I,HAZMAT_NAME,UN_NO,HAZMAT_PRESENT_I,HAZMAT_REPORT_I,HAZMAT_REPORT_NO,MCS_REPORT_I,MCS_REPORT_NO,HAZMAT_VIO_CAUSE_CRASH_I,MCS_VIO_CAUSE_CRASH_I,IDOT_PERMIT_NO,WIDE_LOAD_I,TRAILER1_WIDTH,TRAILER2_WIDTH,TRAILER1_LENGTH,TRAILER2_LENGTH,TOTAL_VEHICLE_LENGTH,AXLE_CNT,VEHICLE_CONFIG,CARGO_BODY_TYPE,LOAD_TYPE,HAZMAT_OUT_OF_SERVICE_I,MCS_OUT_OF_SERVICE_I,HAZMAT_CLASS
2115151,ddf5c9e67239e7bff5e66331bb8be636d55f2db3c259a81a83d336091858ecb277cd7f95d11af958416df951a5fa8e0ae70f56aafa29b4eb38ac363dc5664b98,07/26/2025 05:49:00 PM,2,DRIVER,,2016395,,INFINITI,G37,IL,2011,NONE,PASSENGER,PERSONAL,N,STRAIGHT AHEAD,,,1,,,,,,,,,,,,,,,,Y,,FRONT-RIGHT-CORNER,,,,,,,,,,,,,,,,,,,,,,,,,,,,,,,,,
2118695,6909f9de67e8191132d5fbfc1078637c8a7b30490c0fc2b568d66091aab55a409976dcd4ac0bdfa169a8c63f82cbf6a3d7acdad045c2bf2b4ed771722d8c2d65,07/26/2025 05:39:00 PM,1,DRIVER,,2019754,,BMW,5 SERIES,IL,2018,NONE,PASSENGER,PERSONAL,UNKNOWN,BACKING,,,1,,,,,,,,,,Y,,,,,,,,REAR,,,,,,,,,,,,,,,,,,,,,,,,,,,,,,,,,
2115174,ba76dbc632f7c76cb2ae26b93f9221a286952158a6da8e2f5f770f65707f1b0d2117cfe48f2d0549cb768ef9bdb036031af5038c08c373e1707af3020fcc90ba,07/26/2025 05:38:00 PM,1,DRIVER,,2016414,,NISSAN,ROGUE,IL,2014,NONE,PASSENGER,PERSONAL,UNKNOWN,AVOIDING VEHICLES/OBJECTS,,,1,,,,,,,,,,,,,,,,,,REAR,,,,,,,,,,,,,,,,,,,,,,,,,,,,,,,,,
2115175,ba76dbc632f7c76cb2ae26b93f9221a286952158a6da8e2f5f770f65707f1b0d2117cfe48f2d0549cb768ef9bdb036031af5038c08c373e1707af3020fcc90ba,07/26/2025 05:38:00 PM,2,DRIVER,,2016429,,KIA,NIRO,IN,2023,NONE,PASSENGER,PERSONAL,UNKNOWN,STRAIGHT AHEAD,,,1,,,,,,,,,,,,,,,,,,FRONT,,,,,,,,,,,,,,,,,,,,,,,,,,,,,,,,,
2115172,e231aeeb79644f8f1369fe40d26425f8177ba5f19f2a2ca7c684e9ac7c2202a6cedf6f163a872ce89404abdae420af0e208c8efeccd8ca240f22b157f46007df,07/26/2025 05:35:00 PM,1,DRIVER,,2016408,,AUDI,Q5,IL,2015,UNKNOWN,PASSENGER,PERSONAL,S,OTHER,Y,,1,,,,,Y,,,,,,,,,,Y,Y,,FRONT,,,,,,,,,,,,,,,,,,,,,,,,,,,,,,,,,
2115173,e231aeeb79644f8f1369fe40d26425f8177ba5f19f2a2ca7c684e9ac7c2202a6cedf6f163a872ce89404abdae420af0e208c8efeccd8ca240f22b157f46007df,07/26/2025 05:35:00 PM,2,DRIVER,,2016418,,HONDA,ACCORD,IL,2019,UNKNOWN,PASSENGER,PERSONAL,E,UNKNOWN/NA,,,1,,,,,,,,,,,Y,Y,Y,Y,Y,,,SIDE-LEFT,,,,,,,,,,,,,,,,,,,,,,,,,,,,,,,,,
2115127,3b70fb6855fd582ccdffdb15571cfb349a78b49e0aba80a1c6a72d3202251c5bd872e5f396b7dd85f57daaee630083dff05eb3990d4dc172aa8a12da28b7e427,07/26/2025 05:34:00 PM,1,DRIVER,,2016358,,VOLKSWAGEN,JETTA,IL,2014,UNKNOWN,PASSENGER,PERSONAL,N,TURNING LEFT,,,1,,,,,,,,,,,,,,,,,,FRONT,,,,,,,,,,,,,,,,,,,,,,,,,,,,,,,,,
2115128,3b70fb6855fd582ccdffdb15571cfb349a78b49e0aba80a1c6a72d3202251c5bd872e5f396b7dd85f57daaee630083dff05eb3990d4dc172aa8a12da28b7e427,07/26/2025 05:34:00 PM,2,DRIVER,1,2016363,,FORD,EDGE,,,NONE,PASSENGER,PERSONAL,N,TURNING LEFT,,,2,,,,,,,,,,Y,,,,,,,,REAR,,,,,,,,,,,,,,,,,,,,,,,,,,,,,,,,,
2115232,75b014875707cab1583b0bebaa826f13444d825f96a00ac66df67627a1989b609d7b4db79f1d919bd5bbb6107e4e3ef1c4ddd17f5ab07407955d315a9240f6e9,07/26/2025 05:30:00 PM,1,DRIVER,,2016465,,UNKNOWN,OTHER (EXPLAIN IN NARRATIVE),,,NONE,TRUCK - SINGLE UNIT,OTHER,S,ENTERING TRAFFIC LANE FROM PARKING,,,1,,,,,,,,,Y,,,,,,,,,REAR-RIGHT-CORNER,,,,,,,,,,,,,,,,,,,,,,,,,,,,,,,,,
2115233,75b014875707cab1583b0bebaa826f13444d825f96a00ac66df67627a1989b609d7b4db79f1d919bd5bbb6107e4e3ef1c4ddd17f5ab07407955d315a9240f6e9,07/26/2025 05:30:00 PM,2,PARKED,,2016460,,AUDI,Q5,IL,2011,NONE,PASSENGER,PERSONAL,S,PARKED,,,0,,,,,,,,,,,,,,,Y,,,FRONT-LEFT-CORNER,,,,,,,,,,,,,,,,,,,,,,,,,,,,,,,,,
2115524,771538d1696dd4f0fa64322bf55dee2be609a1818ee7d0fd872c978dc585cf149ce59e071abf82d218b3466efa8523075de2743bfe0ad0d92f34d30ac7d4d6cd,07/26/2025 05:30:00 PM,1,DRIVER,,2016751,,BUICK,ENCLAVE,IL,2016,UNKNOWN,SPORT UTILITY VEHICLE (SUV),PERSONAL,E,PASSING/OVERTAKING,,,1,,,,,Y,Y,Y,Y,Y,,,,,,,,,TOTAL (ALL AREAS),,,,,,,,,,,,,,,,,,,,,,,,,,,,,,,,,
2115525,771538d1696dd4f0fa64322bf55dee2be609a1818ee7d0fd872c978dc585cf149ce59e071abf82d218b3466efa8523075de2743bfe0ad0d92f34d30ac7d4d6cd,07/26/2025 05:30:00 PM,2,DRIVER,,2016756,,HONDA,PILOT,IL,2014,UNKNOWN,SPORT UTILITY VEHICLE (SUV),PERSONAL,E,SLOW/STOP IN TRAFFIC,,,1,,,,,,,,,,,Y,Y,,,,,,REAR-LEFT-CORNER,,,,,,,,,,,,,,,,,,,,,,,,,,,,,,,,,
2115152,4fbf03055bc8ac9a296b0865d24e40a8b3f027d1745112553fa8c9b3023d304ceea50cc1eba8199735ae61933fa845f8cbc164cb89a0bbec656cba9cfae71bf9,07/26/2025 05:27:00 PM,1,DRIVER,1,2016394,,ACURA,ADX,IL,2010,UNKNOWN,SPORT UTILITY VEHICLE (SUV),PERSONAL,N,PASSING/OVERTAKING,,,2,,,,,,,,,,,,,,,,,,SIDE-RIGHT,,,,,,,,,,,,,,,,,,,,,,,,,,,,,,,,,
2115153,4fbf03055bc8ac9a296b0865d24e40a8b3f027d1745112553fa8c9b3023d304ceea50cc1eba8199735ae61933fa845f8cbc164cb89a0bbec656cba9cfae71bf9,07/26/2025 05:27:00 PM,2,DRIVER,,2016398,,UNKNOWN,MOTORIZED,IL,2006,NONE,OTHER,OTHER,N,STARTING IN TRAFFIC,,,1,,,,,,,,,,,,,,,,,,NONE,,,,,,,,,,,,,,,,,,,,,,,,,,,,,,,,,
2116743,53625d5bc0f7390750b6c08b3168e7429e97f7435655ed71d6fc1ca82f0bce0852abf920c83aca6f92585bdc907fa568cbe98753ab1bd057e4ef348ca2d682ef,07/26/2025 05:14:00 PM,1,DRIVER,,2017907,,BUICK,LACROSSE,IL,2008,UNKNOWN,PASSENGER,PERSONAL,NE,ENTERING TRAFFIC LANE FROM PARKING,,,1,,,,,Y,N,,,,,,,,,,,,FRONT-RIGHT-CORNER,,,,,,,,,,,,,,,,,,,,,,,,,,,,,,,,,
2116744,53625d5bc0f7390750b6c08b3168e7429e97f7435655ed71d6fc1ca82f0bce0852abf920c83aca6f92585bdc907fa568cbe98753ab1bd057e4ef348ca2d682ef,07/26/2025 05:14:00 PM,2,PARKED,,2017912,,HYUNDAI,ELANTRA,IL,2024,NONE,PASSENGER,PERSONAL,NE,PARKED,,,0,,,,,,,,,,,Y,,,,,,,REAR-LEFT-CORNER,,,,,,,,,,,,,,,,,,,,,,,,,,,,,,,,,
2115114,c7df5977601d6a3110489c9b227456f42d913855a21c144ba73cb9bcb262fedb4ee4321e49c00fea856c7fa9e87f615932bf3c49711540b64b89f4276bf09ffe,07/26/2025 05:10:00 PM,1,DRIVER,,2016346,,FORD,VAN,IL,2014,UNKNOWN,UNKNOWN/NA,UNKNOWN/NA,W,UNKNOWN/NA,,,1,,,,,,,,,,,,,,,,,,UNKNOWN,,,,,,,,,,,,,,,,,,,,,,,,,,,,,,,,,
2115115,c7df5977601d6a3110489c9b227456f42d913855a21c144ba73cb9bcb262fedb4ee4321e49c00fea856c7fa9e87f615932bf3c49711540b64b89f4276bf09ffe,07/26/2025 05:10:00 PM,2,DRIVER,1,2016350,,ACURA,TLX,IL,2022,NONE,PASSENGER,PERSONAL,W,STRAIGHT AHEAD,,,2,,,,,,,,,,Y,,,,,,,,REAR,,,,,,,,,,,,,,,,,,,,,,,,,,,,,,,,,
2116824,d6e2a5d950b9c68a727772a02de6769cb6c59a2f1d63657303be0c56a550264d3b1b91ca59a8e5fd0e735a1e3f72a422c3aa7fdb9efaba6eeb0025caaf97f7a9,07/26/2025 05:10:00 PM,1,DRIVER,,2017971,,HONDA,ODYSSEY,IL,2005,NONE,VAN/MINI-VAN,PERSONAL,S,PASSING/OVERTAKING,,,1,,,,,Y,,,,,,,,,,,,,FRONT-RIGHT-CORNER,,,,,,,,,,,,,,,,,,,,,,,,,,,,,,,,,
2116825,d6e2a5d950b9c68a727772a02de6769cb6c59a2f1d63657303be0c56a550264d3b1b91ca59a8e5fd0e735a1e3f72a422c3aa7fdb9efaba6eeb0025caaf97f7a9,07/26/2025 05:10:00 PM,2,DRIVER,,2017976,,VOLKSWAGEN,JETTA,IL,2020,NONE,PASSENGER,PERSONAL,S,STRAIGHT AHEAD,,,1,,,,,,,,,,,Y,,,,,,,FRONT-LEFT-CORNER,,,,,,,,,,,,,,,,,,,,,,,,,,,,,,,,,
2116235,fe726ade521dbc2a405a4414a9a3520d0b90bcce333ae4a45bb0143dea63901fc0cd76717c51489ab65d4d17abc310fda12e8660939dcdd2182011bd1563d9d8,07/26/2025 05:10:00 PM,1,DRIVER,,2017428,,DODGE,CHARGER,NV,2022,UNKNOWN,PASSENGER,UNKNOWN/NA,E,STRAIGHT AHEAD,,,1,,,,,,,,,,,,,,,,,Y,FRONT,,,,,,,,,,,,,,,,,,,,,,,,,,,,,,,,,
2116236,fe726ade521dbc2a405a4414a9a3520d0b90bcce333ae4a45bb0143dea63901fc0cd76717c51489ab65d4d17abc310fda12e8660939dcdd2182011bd1563d9d8,07/26/2025 05:10:00 PM,2,DRIVER,,2017420,,TOYOTA,SIENNA,IL,2011,NONE,PASSENGER,PERSONAL,S,STRAIGHT AHEAD,,,1,,,,,Y,Y,Y,,,,,,,,,,,SIDE-RIGHT-FRONT,,,,,,,,,,,,,,,,,,,,,,,,,,,,,,,,,
2115187,89e0e41a586dfc6e28b5cf3ae7eb6acf1110ebae4b8ec661c70aec84dd107a1db8ac5307f80c425747b4bd202a1d7e21e385354c8c0f16bd3a46104651dbdd7a,07/26/2025 05:06:00 PM,1,DRIVER,,2016409,,TOYOTA,CAMRY,,,UNKNOWN,PASSENGER,UNKNOWN/NA,E,STRAIGHT AHEAD,,,1,,,,,,,,,,,,,,,,,Y,FRONT,,,,,,,,,,,,,,,,,,,,,,,,,,,,,,,,,
2115188,89e0e41a586dfc6e28b5cf3ae7eb6acf1110ebae4b8ec661c70aec84dd107a1db8ac5307f80c425747b4bd202a1d7e21e385354c8c0f16bd3a46104651dbdd7a,07/26/2025 05:06:00 PM,2,BICYCLE,,,,,,,,,,,,,,,,,,,,,,,,,,,,,,,,,,,,,,,,,,,,,,,,,,,,,,,,,,,,,,,,,,
2115166,e1f45946a5162697ebaf925f1dfce21d625a07b96abca9f4f63cf440cc18ce66594dbadae2fa92a425a05a5e4a2dbe4e6babe57008f34dee1d347b49e81ade33,07/26/2025 05:05:00 PM,1,DRIVER,,2016397,,FORD,OTHER (EXPLAIN IN NARRATIVE),,,UNKNOWN,PASSENGER,PERSONAL,UNKNOWN,UNKNOWN/NA,,,1,,,,,,,,,,,Y,Y,,,,,,REAR-LEFT-CORNER,,,,,,,,,,,,,,,,,,,,,,,,,,,,,,,,,
2115167,e1f45946a5162697ebaf925f1dfce21d625a07b96abca9f4f63cf440cc18ce66594dbadae2fa92a425a05a5e4a2dbe4e6babe57008f34dee1d347b49e81ade33,07/26/2025 05:05:00 PM,2,DRIVER,,2016404,,LEXUS,RX,IL,2025,UNKNOWN,PASSENGER,PERSONAL,UNKNOWN,UNKNOWN/NA,,,1,,,,,Y,Y,Y,Y,Y,,,,,,Y,Y,,FRONT-RIGHT-CORNER,,,,,,,,,,,,,,,,,,,,,,,,,,,,,,,,,
2115142,2dfd5fec595e5cd9869b3241aede762930f5508e2b440171178405785767d27390177e8b775d5f397f4e8bd577b41a35e4e16534770e19945d82ac06eb595297,07/26/2025 05:00:00 PM,1,DRIVER,,2016382,,UNKNOWN,MOTORIZED,,,NONE,PASSENGER,PERSONAL,W,DRIVING WRONG WAY,,,1,,,,,,,,,,,,,,,Y,,,FRONT-LEFT-CORNER,,,,,,,,,,,,,,,,,,,,,,,,,,,,,,,,,
2115143,2dfd5fec595e5cd9869b3241aede762930f5508e2b440171178405785767d27390177e8b775d5f397f4e8bd577b41a35e4e16534770e19945d82ac06eb595297,07/26/2025 05:00:00 PM,2,DRIVER,,2016402,,HYUNDAI,TUCSON,IL,,NONE,PASSENGER,PERSONAL,E,STRAIGHT AHEAD,,,1,,,,,,,,,,,,,,,Y,,,FRONT-LEFT-CORNER,,,,,,,,,,,,,,,,,,,,,,,,,,,,,,,,,
2116322,870fbc950323768898b9777c09c69b55dae91048fe89a73062e0739e1f2108c41653630dda63dc43381eca73fb4e23dd39afc4942e8ee8685813ddb66e10b7e4,07/26/2025 05:00:00 PM,1,DRIVER,,2017494,,CADILLAC,ESCALADE,IL,2005,UNKNOWN,SPORT UTILITY VEHICLE (SUV),UNKNOWN/NA,E,STRAIGHT AHEAD,,,1,,,,,N,,,,,,,,,,N,N,Y,FRONT,,,,,,,,,,,,,,,,,,,,,,,,,,,,,,,,,
2116323,870fbc950323768898b9777c09c69b55dae91048fe89a73062e0739e1f2108c41653630dda63dc43381eca73fb4e23dd39afc4942e8ee8685813ddb66e10b7e4,07/26/2025 05:00:00 PM,2,DRIVER,,2017495,,NISSAN,ROGUE,IL,2019,UNKNOWN,SPORT UTILITY VEHICLE (SUV),UNKNOWN/NA,E,UNKNOWN/NA,,,1,,,,,,,,,,,,,,,,,Y,REAR,,,,,,,,,,,,,,,,,,,,,,,,,,,,,,,,,
2116324,870fbc950323768898b9777c09c69b55dae91048fe89a73062e0739e1f2108c41653630dda63dc43381eca73fb4e23dd39afc4942e8ee8685813ddb66e10b7e4,07/26/2025 05:00:00 PM,3,DRIVER,,2017496,,TOYOTA,HIGHLANDER,IL,2021,NONE,SPORT UTILITY VEHICLE (SUV),PERSONAL,E,SLOW/STOP IN TRAFFIC,,,1,,,,,,,,,Y,Y,Y,,,,,,Y,REAR,,,,,,,,,,,,,,,,,,,,,,,,,,,,,,,,,
2115123,f439af013d51023d0c98571d34b547fe8d791455495f467997b8133df1eb85ae986e110c4038ea6c42815106d04966714326f1debb3840e98bf5508e48ed556f,07/26/2025 05:00:00 PM,1,DRIVER,3,2016360,,NISSAN,SENTRA,IL,2019,UNKNOWN,PASSENGER,PERSONAL,S,STRAIGHT AHEAD,,,4,,,,,,,,,,,,Y,N,,,,,UNKNOWN,,,,,,,,,,,,,,,,,,,,,,,,,,,,,,,,,
2115124,f439af013d51023d0c98571d34b547fe8d791455495f467997b8133df1eb85ae986e110c4038ea6c42815106d04966714326f1debb3840e98bf5508e48ed556f,07/26/2025 05:00:00 PM,2,DRIVER,,2016367,,CHEVROLET,OTHER (EXPLAIN IN NARRATIVE),IL,2019,UNKNOWN,PASSENGER,PERSONAL,S,STRAIGHT AHEAD,,,1,,,,,,Y,,,,,,,,,,,,UNKNOWN,,,,,,,,,,,,,,,,,,,,,,,,,,,,,,,,,
2121534,d230e8f8420ef873d9001cae1f5d225902d05c160fbfdb2d2cf52b702fc5d6c8fd11869a220fd639e6ffa0bc2782895225fec885b22839ab4f08482bee70f64a,07/26/2025 04:55:00 PM,2,DRIVER,,2022472,,CADILLAC,XT4,IL,2024,NONE,PASSENGER,PERSONAL,W,TURNING RIGHT,Y,,1,,PRIVATE TOW,UNKNOWN,,Y,Y,Y,,,,,,,,,Y,,FRONT-RIGHT-CORNER,,,,,,,,,,,,,,,,,,,,,,,,,,,,,,,,,
2121535,d230e8f8420ef873d9001cae1f5d225902d05c160fbfdb2d2cf52b702fc5d6c8fd11869a220fd639e6ffa0bc2782895225fec885b22839ab4f08482bee70f64a,07/26/2025 04:55:00 PM,1,DRIVER,,2022473,,NEW FLYER,OTHER (EXPLAIN IN NARRATIVE),IL,2008,NONE,BUS OVER 15 PASS.,CTA,S,TURNING RIGHT,,,1,,,,,,,,,,Y,Y,Y,,,,,,REAR-LEFT-CORNER,,,,,,,,,,,,,,,,,,,,,,,,,,,,,,,,,
2115228,4c69c760c3a25b0b9bebcf9ece4f6353a7aa0f1841a68cd27d8adbfae488474aab3bd74b5f6c73092e7b045c5321e0f84aafe074fe60beda90fb2e90328f6b09,07/26/2025 04:51:00 PM,1,DRIVER,,2016457,,CHEVROLET,BLAZER,IL,1999,NONE,PASSENGER,PERSONAL,N,STRAIGHT AHEAD,Y,,1,,tt19,relo lot,,,,,,,,,,,,,Y,,FRONT,,,,,,,,,,,,,,,,,,,,,,,,,,,,,,,,,
2115229,4c69c760c3a25b0b9bebcf9ece4f6353a7aa0f1841a68cd27d8adbfae488474aab3bd74b5f6c73092e7b045c5321e0f84aafe074fe60beda90fb2e90328f6b09,07/26/2025 04:51:00 PM,2,DRIVER,,2016464,,NISSAN,ROGUE,WI,2020,NONE,PASSENGER,PERSONAL,N,STRAIGHT AHEAD,,,1,,,,,,,,,,Y,,,,,,,,REAR,,,,,,,,,,,,,,,,,,,,,,,,,,,,,,,,,
2115176,4f7c2696a1d02b561d37b84be6eebca593deca4d2aa81cbb1f1cc5860848d2fe427c7002e9b4571b94f0b82e088fe4f77fed866cccdbca3da4fe61d09b40da19,07/26/2025 04:50:00 PM,1,DRIVER,,2016423,,HONDA,ODYSSEY,IL,2002,NONE,PASSENGER,PERSONAL,N,STRAIGHT AHEAD,,,1,,,,,,,,,,,,,,,,Y,,FRONT,,,,,,,,,,,,,,,,,,,,,,,,,,,,,,,,,
2115177,4f7c2696a1d02b561d37b84be6eebca593deca4d2aa81cbb1f1cc5860848d2fe427c7002e9b4571b94f0b82e088fe4f77fed866cccdbca3da4fe61d09b40da19,07/26/2025 04:50:00 PM,2,DRIVER,,2016432,,FREIGHTLINER CORPORATION,FREIGHTLINER CORP.,IL,2014,NONE,TRUCK - SINGLE UNIT,OTHER,N,SLOW/STOP IN TRAFFIC,,,1,,,,,,,,,,Y,,,,,,,,REAR,,,,,,,,,,,,,,,,,,,,,,,,,,,,,,,,,
2115129,6351c3a40cbfa918ec9c4cfce487bda2398ad6d6239eb35584b1d64ea5f3d97ae055fd2e8492957787aa83ab6a4467f087ef7e4af88d9b6ce839322cb15609ed,07/26/2025 04:46:00 PM,1,DRIVER,,2016379,,FORD,FOCUS,,2016,UNKNOWN,PASSENGER,PERSONAL,W,STRAIGHT AHEAD,,,1,,,,,Y,,,,,N,N,,,,Y,Y,,FRONT,,,,,,,,,,,,,,,,,,,,,,,,,,,,,,,,,
2115130,6351c3a40cbfa918ec9c4cfce487bda2398ad6d6239eb35584b1d64ea5f3d97ae055fd2e8492957787aa83ab6a4467f087ef7e4af88d9b6ce839322cb15609ed,07/26/2025 04:46:00 PM,2,DRIVER,,2016388,,CHEVROLET,BOLT,IL,2021,UNKNOWN,PASSENGER,PERSONAL,W,SLOW/STOP IN TRAFFIC,,,1,,,,,,,,,Y,Y,Y,,,,,,,REAR,,,,,,,,,,,,,,,,,,,,,,,,,,,,,,,,,
2115156,2f52da20a756a275ea539281c16f451d981642996f28ae86b300d3b873ce2914cf780d2fe0dcc7915e2ed299e189c4159844752aefa55c3c883780306e9649fa,07/26/2025 04:45:00 PM,2,DRIVER,,2016393,,LEXUS,ES350,IL,2008,UNKNOWN,PASSENGER,PERSONAL,S,STRAIGHT AHEAD,,,1,,,,,,,,,,,,,,,Y,,,FRONT-LEFT-CORNER,,,,,,,,,,,,,,,,,,,,,,,,,,,,,,,,,
2115157,2f52da20a756a275ea539281c16f451d981642996f28ae86b300d3b873ce2914cf780d2fe0dcc7915e2ed299e189c4159844752aefa55c3c883780306e9649fa,07/26/2025 04:45:00 PM,1,DRIVER,,2016396,,TOYOTA,CAMRY,IL,2020,UNKNOWN,PASSENGER,PERSONAL,N,U-TURN,,,1,,,,,Y,,,,,,,,,,,,,FRONT-RIGHT-CORNER,,,,,,,,,,,,,,,,,,,,,,,,,,,,,,,,,
2115135,b4a7fb46f3855180c2599258f8baa735173e81e827f57050e49561a59d9662b8b63cdb53095bf92e2aeff5b649e387b76b3fd51f610d4fd55dcb82ee1f998205,07/26/2025 04:40:00 PM,1,DRIVER,,2016373,,TOYOTA,CAMRY,IL,2023,UNKNOWN,PASSENGER,PERSONAL,N,CHANGING LANES,,,1,,,,,Y,Y,,,,,,,,,,,,FRONT-RIGHT-CORNER,,,,,,,,,,,,,,,,,,,,,,,,,,,,,,,,,
2115136,b4a7fb46f3855180c2599258f8baa735173e81e827f57050e49561a59d9662b8b63cdb53095bf92e2aeff5b649e387b76b3fd51f610d4fd55dcb82ee1f998205,07/26/2025 04:40:00 PM,2,DRIVER,,2016376,,CHEVROLET,IMPALA,IL,2019,UNKNOWN,PASSENGER,PERSONAL,N,STRAIGHT AHEAD,,,1,,,,,,,,,,,,,,Y,Y,,,FRONT-LEFT-CORNER,,,,,,,,,,,,,,,,,,,,,,,,,,,,,,,,,
2115087,c9488ca4eced36f336048a8eb5fabca64a06f338f93e6f04a009e8fb4f72ebcaa2c96004d5f5d2b77bc65f354d70c02ffafc15119d173fc3d40a33f33c186df0,07/26/2025 04:40:00 PM,1,DRIVER,,2016322,,TESLA,OTHER (EXPLAIN IN NARRATIVE),IL,,UNKNOWN,PASSENGER,UNKNOWN/NA,N,STRAIGHT AHEAD,,,1,,,,,,,,,,,,,,,,,,FRONT,,,,,,,,,,,,,,,,,,,,,,,,,,,,,,,,,
2115088,c9488ca4eced36f336048a8eb5fabca64a06f338f93e6f04a009e8fb4f72ebcaa2c96004d5f5d2b77bc65f354d70c02ffafc15119d173fc3d40a33f33c186df0,07/26/2025 04:40:00 PM,2,DRIVER,1,2016328,,NISSAN,ALTIMA,IL,2013,NONE,PASSENGER,PERSONAL,N,SLOW/STOP IN TRAFFIC,,,2,,,,,,,,,,Y,,,,,,,,REAR,,,,,,,,,,,,,,,,,,,,,,,,,,,,,,,,,
2115137,7cc0d221c6f7d64f123a492ffa4e9bfef118a3265dd05f844ed0445880e9e6d449044858a1006c0f96e3f50c4dc4c924b7bccf759669db26d6cc2b7f4983ec5c,07/26/2025 04:37:00 PM,1,DRIVER,,2016371,,MERCEDES-BENZ,OTHER (EXPLAIN IN NARRATIVE),IL,2010,NONE,PASSENGER,PERSONAL,N,STRAIGHT AHEAD,Y,,1,,CMG TOWING AND TRANSPORT,OWNERS HOUSE,,Y,Y,,,,,,,,Y,Y,Y,,FRONT,,,,,,,,,,,,,,,,,,,,,,,,,,,,,,,,,
2115138,7cc0d221c6f7d64f123a492ffa4e9bfef118a3265dd05f844ed0445880e9e6d449044858a1006c0f96e3f50c4dc4c924b7bccf759669db26d6cc2b7f4983ec5c,07/26/2025 04:37:00 PM,2,DRIVER,,2016377,,FORD,EXPLORER,IL,2021,NONE,SPORT UTILITY VEHICLE (SUV),PERSONAL,W,STRAIGHT AHEAD,,,1,,,,,Y,Y,,,,,,,,Y,Y,,,FRONT-LEFT-CORNER,,,,,,,,,,,,,,,,,,,,,,,,,,,,,,,,,
2115139,7cc0d221c6f7d64f123a492ffa4e9bfef118a3265dd05f844ed0445880e9e6d449044858a1006c0f96e3f50c4dc4c924b7bccf759669db26d6cc2b7f4983ec5c,07/26/2025 04:37:00 PM,3,DRIVER,,2016383,,TOYOTA,VENZA,IL,2014,NONE,SPORT UTILITY VEHICLE (SUV),PERSONAL,W,STRAIGHT AHEAD,,,1,,,,,,,,,,,,,,Y,Y,,,FRONT-LEFT-CORNER,,,,,,,,,,,,,,,,,,,,,,,,,,,,,,,,,
2115133,0821377e829a9f98e97c17dd6fbbeae28f82fcded3407b675966b0e35160d493781dddd85e1947f375cf837e4a8aa73efd888c2bd72fbaa3c01c8892849f2c77,07/26/2025 04:36:00 PM,2,DRIVER,,2016368,,FORD,OTHER (EXPLAIN IN NARRATIVE),IL,2013,UNKNOWN,UNKNOWN/NA,UNKNOWN/NA,UNKNOWN,UNKNOWN/NA,,,1,,,,,,,,,,,,,,,,,Y,FRONT,,,,,,,,,,,,,,,,,,,,,,,,,,,,,,,,,
2115134,0821377e829a9f98e97c17dd6fbbeae28f82fcded3407b675966b0e35160d493781dddd85e1947f375cf837e4a8aa73efd888c2bd72fbaa3c01c8892849f2c77,07/26/2025 04:36:00 PM,1,BICYCLE,,,,,,,,,,,,,,,,,,,,,,,,,,,,,,,,,,,,,,,,,,,,,,,,,,,,,,,,,,,,,,,,,,
2115255,3602d9ece0f5d0105d150bb639f55ad5b4181ed3624521c0001d48da6a2b2d2bcc14bdb86ec4fea2c01d7bec836cd8aba913332ecfaf4efe8cf503172191036b,07/26/2025 04:30:00 PM,1,DRIVER,,2016491,,UNKNOWN,OTHER (EXPLAIN IN NARRATIVE),,,UNKNOWN,SPORT UTILITY VEHICLE (SUV),UNKNOWN/NA,E,NEGOTIATING A CURVE,,,1,,,,,,,,,,,,,,,,,Y,FRONT,,,,,,,,,,,,,,,,,,,,,,,,,,,,,,,,,
2115264,3602d9ece0f5d0105d150bb639f55ad5b4181ed3624521c0001d48da6a2b2d2bcc14bdb86ec4fea2c01d7bec836cd8aba913332ecfaf4efe8cf503172191036b,07/26/2025 04:30:00 PM,2,BICYCLE,,,,,,,,,,,,,,,,,,,,,,,,,,,,,,,,,,,,,,,,,,,,,,,,,,,,,,,,,,,,,,,,,,
2115110,8ef2c2bbeaf381548de262b85610e493acc00824d1611e1de7258ea36857285ece0978a6ad59316845aa6d8e56d10858f8afacddbcdac29c72cb2f20901488c8,07/26/2025 04:30:00 PM,1,DRIVER,,2016337,,UNKNOWN,OTHER (EXPLAIN IN NARRATIVE),IL,,UNKNOWN,UNKNOWN/NA,UNKNOWN/NA,E,STRAIGHT AHEAD,,,1,,,,,N,,,,,,,,,,N,N,Y,FRONT,,,,,,,,,,,,,,,,,,,,,,,,,,,,,,,,,