CRASH_UNIT_ID,CRASH_RECORD_ID,CRASH_DATE,UNIT_NO,UNIT_TYPE,NUM_PASSENGERS,VEHICLE_ID,CMRC_VEH_I,MAKE,MODEL,LIC_PLATE_STATE,VEHICLE_YEAR,VEHICLE_DEFECT,VEHICLE_TYPE,VEHICLE_USE,TRAVEL_DIRECTION,MANEUVER,TOWED_I,FIRE_I,OCCUPANT_CNT,EXCEED_SPEED_LIMIT_I,TOWED_BY,TOWED_TO,AREA_00_I,AREA_01_I,AREA_02_I,AREA_03_I,AREA_04_I,AREA_05_I,AREA_06_I,AREA_07_I,AREA_08_I,AREA_09_I,AREA_10_I,AREA_11_I,AREA_12_I,AREA_99_I,FIRST_CONTACT_POINT,CMV_ID,USDOT_NO,CCMC_NO,ILCC_NO,COMMERCIAL_SRC,GVWR,CARRIER_NAME,CARRIER_STATE,CARRIER_CITY,HAZMAT_PLACARDS_I,HAZMAT_NAME,UN_NO,HAZMAT_PRESENT_I,HAZMAT_REPORT_I,HAZMAT_REPORT_NO,MCS_REPORT_I,MCS_REPORT_NO,HAZMAT_VIO_CAUSE_CRASH_I,MCS_VIO_CAUSE_CRASH_I,IDOT_PERMIT_NO,WIDE_LOAD_I,TRAILER1_WIDTH,TRAILER2_WIDTH,TRAILER1_LENGTH,TRAILER2_LENGTH,TOTAL_VEHICLE_LENGTH,AXLE_CNT,VEHICLE_CONFIG,CARGO_BODY_TYPE,LOAD_TYPE,HAZMAT_OUT_OF_SERVICE_I,MCS_OUT_OF_SERVICE_I,HAZMAT_CLASS
2115111,8ef2c2bbeaf381548de262b85610e493acc00824d1611e1de7258ea36857285ece0978a6ad59316845aa6d8e56d10858f8afacddbcdac29c72cb2f20901488c8,07/26/2025 04:30:00 PM,2,DRIVER,,2016342,,SUBARU,OUTBACK,IL,2017,NONE,PASSENGER,PERSONAL,S,STRAIGHT AHEAD,,,1,,,,,,,Y,Y,Y,,,,,,,,,SIDE-RIGHT-REAR,,,,,,,,,,,,,,,,,,,,,,,,,,,,,,,,,
2115118,b4909964568176a22e0f9e430e39a447531044399e4edfb6c878af7c29fb02d61eb95f841ad1b901c39adb3725f68586addd07f683ff38b3429567b62e29c080,07/26/2025 04:30:00 PM,1,DRIVER,,2016354,,HONDA,ODYSSEY,IL,2002,UNKNOWN,PASSENGER,PERSONAL,N,STRAIGHT AHEAD,,,1,,,,,,,,,,,,,,,N,N,,UNKNOWN,,,,,,,,,,,,,,,,,,,,,,,,,,,,,,,,,
2115119,b4909964568176a22e0f9e430e39a447531044399e4edfb6c878af7c29fb02d61eb95f841ad1b901c39adb3725f68586addd07f683ff38b3429567b62e29c080,07/26/2025 04:30:00 PM,2,DRIVER,,2016357,,AUDI,Q8,IL,2021,NONE,PASSENGER,PERSONAL,N,SLOW/STOP IN TRAFFIC,,,1,,,,,,,,,,,Y,Y,Y,Y,Y,,,SIDE-LEFT-REAR,,,,,,,,,,,,,,,,,,,,,,,,,,,,,,,,,
2115120,b4909964568176a22e0f9e430e39a447531044399e4edfb6c878af7c29fb02d61eb95f841ad1b901c39adb3725f68586addd07f683ff38b3429567b62e29c080,07/26/2025 04:30:00 PM,3,DRIVER,,2016365,,SUBARU,CROSSTREK,IL,2024,NONE,PASSENGER,PERSONAL,N,TURNING LEFT,,,1,,,,,,,,,N,Y,Y,Y,,,,,,SIDE-LEFT-REAR,,,,,,,,,,,,,,,,,,,,,,,,,,,,,,,,,
2115108,d080b1e947a124f1cb00b764ebfe418d1c9ea3fafd84e427f89ad7b2b232d5c16f7505a19883b53302bd1af14a6f9f59c3a598ee5734435df273daffb6e6137b,07/26/2025 04:30:00 PM,1,DRIVER,1,2016355,,CHEVROLET,EQUINOX,IL,2011,UNKNOWN,UNKNOWN/NA,UNKNOWN/NA,UNKNOWN,UNKNOWN/NA,,,2,,,,,,,,,,,,,,,,,Y,FRONT,,,,,,,,,,,,,,,,,,,,,,,,,,,,,,,,,
2115109,d080b1e947a124f1cb00b764ebfe418d1c9ea3fafd84e427f89ad7b2b232d5c16f7505a19883b53302bd1af14a6f9f59c3a598ee5734435df273daffb6e6137b,07/26/2025 04:30:00 PM,2,DRIVER,1,2016356,,BMW,X3,IN,2022,UNKNOWN,UNKNOWN/NA,UNKNOWN/NA,UNKNOWN,UNKNOWN/NA,,,2,,,,,,,,,Y,Y,Y,,,,,,,REAR,,,,,,,,,,,,,,,,,,,,,,,,,,,,,,,,,
2115146,61443dbc8aa0da20091f080a79c40ecc07d09346505c16c63f1dd1a6f4a5a4a4bcb1f5dea261de3053d562109ebf367c85e6c423d026a737fada5e9d497efbb1,07/26/2025 04:28:00 PM,1,DRIVER,,2016378,,UNKNOWN,OTHER (EXPLAIN IN NARRATIVE),,,UNKNOWN,PASSENGER,UNKNOWN/NA,E,PASSING/OVERTAKING,,,1,,,,,Y,Y,,,,,,,,,,Y,,FRONT-RIGHT-CORNER,,,,,,,,,,,,,,,,,,,,,,,,,,,,,,,,,
2115147,61443dbc8aa0da20091f080a79c40ecc07d09346505c16c63f1dd1a6f4a5a4a4bcb1f5dea261de3053d562109ebf367c85e6c423d026a737fada5e9d497efbb1,07/26/2025 04:28:00 PM,2,DRIVER,,2016390,,TOYOTA,COROLLA,LA,2025,NONE,PASSENGER,PERSONAL,E,STRAIGHT AHEAD,,,1,,,,,,,,,,,,,,Y,Y,Y,,FRONT-LEFT-CORNER,,,,,,,,,,,,,,,,,,,,,,,,,,,,,,,,,
2115538,5fc9d77418fefabcd1d9439ccf5285c4f0c8f731198c4c5145a5bed728b9846a6c956dc23d5d7545c8fd6672415263ffc40ba6355fbbcfeeab541cf08b5aaba6,07/26/2025 04:20:00 PM,1,DRIVER,2,2016770,,HYUNDAI,ELANTRA,IN,2019,NONE,PASSENGER,PERSONAL,W,TURNING LEFT,,,3,,,,,,,,,,,,,,,Y,,,FRONT-LEFT-CORNER,,,,,,,,,,,,,,,,,,,,,,,,,,,,,,,,,
2115539,5fc9d77418fefabcd1d9439ccf5285c4f0c8f731198c4c5145a5bed728b9846a6c956dc23d5d7545c8fd6672415263ffc40ba6355fbbcfeeab541cf08b5aaba6,07/26/2025 04:20:00 PM,2,DRIVER,,2016774,,JEEP,COMPASS,IL,2016,NONE,SPORT UTILITY VEHICLE (SUV),PERSONAL,W,STRAIGHT AHEAD,,,1,,,,,,,Y,Y,Y,,,,,,,,,SIDE-RIGHT,,,,,,,,,,,,,,,,,,,,,,,,,,,,,,,,,
2115112,621171bcb47ccc84f087658da2c778c8fe86e9b33fbeb072957999511526ca8807ca24ee1099f5e9400714bf0fd12ef29791117f1279f35d62de72b70273ef42,07/26/2025 04:20:00 PM,1,DRIVER,,2016347,,TOYOTA,RAV4,IL,2020,UNKNOWN,PASSENGER,UNKNOWN/NA,N,CHANGING LANES,,,1,,,,,,,,,,,,,,,,,Y,SIDE-RIGHT,,,,,,,,,,,,,,,,,,,,,,,,,,,,,,,,,
2115113,621171bcb47ccc84f087658da2c778c8fe86e9b33fbeb072957999511526ca8807ca24ee1099f5e9400714bf0fd12ef29791117f1279f35d62de72b70273ef42,07/26/2025 04:20:00 PM,2,DRIVER,,2016353,,SUBARU,WRX,IL,2017,NONE,PASSENGER,PERSONAL,N,STRAIGHT AHEAD,,,1,,,,,,,,,,,,,Y,Y,Y,,,SIDE-LEFT-FRONT,,,,,,,,,,,,,,,,,,,,,,,,,,,,,,,,,
2115578,b3870b63d2d5ba850fa6a509693624718784a275f312dccf1d89ecefd60306e3524adbf6614ad33969ad56dce06dea77d986bb344735b90bb9f5823271ce40db,07/26/2025 04:15:00 PM,1,DRIVER,,2016803,,JEEP,CHEROKEE,IL,2016,UNKNOWN,SPORT UTILITY VEHICLE (SUV),UNKNOWN/NA,W,STRAIGHT AHEAD,,,1,,,,,,,Y,Y,Y,,,,,,,,,REAR-RIGHT-CORNER,,,,,,,,,,,,,,,,,,,,,,,,,,,,,,,,,
2115579,b3870b63d2d5ba850fa6a509693624718784a275f312dccf1d89ecefd60306e3524adbf6614ad33969ad56dce06dea77d986bb344735b90bb9f5823271ce40db,07/26/2025 04:15:00 PM,2,DRIVER,,2016811,,HYUNDAI,ELANTRA,,2019,UNKNOWN,UNKNOWN/NA,UNKNOWN/NA,W,STRAIGHT AHEAD,,,1,,,,,,,,,,,,,,Y,Y,Y,,FRONT-LEFT-CORNER,,,,,,,,,,,,,,,,,,,,,,,,,,,,,,,,,
2116072,d5b74aedd4eb0256e1244ae4a18f9276b83f7f8e8fc55ae2c71a06ace17cd9beae8c45170ff0d5147e398cfc97d4cd58ec5d71bcaefababf853c19ea446fd127,07/26/2025 04:15:00 PM,1,DRIVER,,2017255,,UNKNOWN,OTHER (EXPLAIN IN NARRATIVE),IL,,UNKNOWN,PASSENGER,UNKNOWN/NA,S,STRAIGHT AHEAD,,,1,,,,,N,,,,,,,,,Y,Y,N,,FRONT-LEFT-CORNER,,,,,,,,,,,,,,,,,,,,,,,,,,,,,,,,,
2116073,d5b74aedd4eb0256e1244ae4a18f9276b83f7f8e8fc55ae2c71a06ace17cd9beae8c45170ff0d5147e398cfc97d4cd58ec5d71bcaefababf853c19ea446fd127,07/26/2025 04:15:00 PM,2,DRIVER,,2017260,,TOYOTA,PRIUS,WI,2020,UNKNOWN,PASSENGER,PERSONAL,S,STRAIGHT AHEAD,,,1,,,,,Y,Y,,,N,N,N,,,,,,,FRONT-RIGHT-CORNER,,,,,,,,,,,,,,,,,,,,,,,,,,,,,,,,,
2115069,bfd7e04e490f97be063688eabb38fc2b7f62456ee53e80f0952ae6eecedd84106d7040b5e550579f4e03d9d37a95b13da7873ad2473c6eecf610513b99d57630,07/26/2025 04:12:00 PM,1,DRIVER,,2016306,,VOLKSWAGEN,JETTA,IL,2013,UNKNOWN,PASSENGER,UNKNOWN/NA,E,STRAIGHT AHEAD,,,1,,,,,Y,Y,,,,,,,,,,,Y,FRONT-RIGHT-CORNER,,,,,,,,,,,,,,,,,,,,,,,,,,,,,,,,,
2115070,bfd7e04e490f97be063688eabb38fc2b7f62456ee53e80f0952ae6eecedd84106d7040b5e550579f4e03d9d37a95b13da7873ad2473c6eecf610513b99d57630,07/26/2025 04:12:00 PM,2,DRIVER,,2016313,,KIA,TELLURIDE,IL,2023,NONE,SPORT UTILITY VEHICLE (SUV),PERSONAL,E,STRAIGHT AHEAD,,,1,,,,Y,Y,Y,,,,,,,,Y,,,,FRONT-LEFT-CORNER,,,,,,,,,,,,,,,,,,,,,,,,,,,,,,,,,
2115193,56999ff7c86bc05db1cdcc7b92fb4400ce96f71ba7b7e834e10724e764b555bf71e36cc4243bf04d3ecf67944bbbb23e34ee45c700b33c7d59077ccc53f96569,07/26/2025 04:10:00 PM,2,DRIVER,,2016430,,GENERAL MOTORS CORPORATION (GMC),YUKON,WI,2023,UNKNOWN,SPORT UTILITY VEHICLE (SUV),RIDESHARE SERVICE,S,CHANGING LANES,,,1,,,,,Y,Y,Y,Y,Y,,,,,,,,,SIDE-RIGHT,,,,,,,,,,,,,,,,,,,,,,,,,,,,,,,,,
2115208,56999ff7c86bc05db1cdcc7b92fb4400ce96f71ba7b7e834e10724e764b555bf71e36cc4243bf04d3ecf67944bbbb23e34ee45c700b33c7d59077ccc53f96569,07/26/2025 04:10:00 PM,1,DRIVER,,2016434,,TOYOTA,CAMRY,IL,2025,UNKNOWN,PASSENGER,RIDESHARE SERVICE,S,STRAIGHT AHEAD,,,1,,,,,,,,,,,,,Y,Y,Y,,,SIDE-LEFT-FRONT,,,,,,,,,,,,,,,,,,,,,,,,,,,,,,,,,
2115073,6d7bc86b2761ab3f3aa5998985a48f484ea69fad0cb9b8ff9969d6db0d73d595ace266f8f07a5f16961b6eed8b7b2bc9c13b10fecb56930d68b7b930049186fe,07/26/2025 04:04:00 PM,1,DRIVER,,2016324,,TOYOTA,CAMRY,IL,2007,NONE,PASSENGER,PERSONAL,E,OTHER,,,1,,,,,,N,Y,Y,Y,,,,,,,,,SIDE-RIGHT-REAR,,,,,,,,,,,,,,,,,,,,,,,,,,,,,,,,,
2115074,6d7bc86b2761ab3f3aa5998985a48f484ea69fad0cb9b8ff9969d6db0d73d595ace266f8f07a5f16961b6eed8b7b2bc9c13b10fecb56930d68b7b930049186fe,07/26/2025 04:04:00 PM,2,PARKED,,2016318,,GENERAL MOTORS CORPORATION (GMC),SUBURBAN,IL,1997,UNKNOWN,PASSENGER,PERSONAL,UNKNOWN,PARKED,,,0,,,,,,,,,Y,,,,,,,,,REAR-RIGHT-CORNER,,,,,,,,,,,,,,,,,,,,,,,,,,,,,,,,,
2115199,1a09039f95b0ef9c2dce712fe97ba9dda1be2a1dc588fd4d9be7adce186a9cc7ea7c4c0cfb98d657ebcdc75e37edd3660377d411773339756998c85f3d629b46,07/26/2025 04:02:00 PM,1,DRIVER,3,2016431,,PONTIAC,TORRENT,IL,2006,NONE,SPORT UTILITY VEHICLE (SUV),PERSONAL,S,PASSING/OVERTAKING,Y,,4,,CITY IMPOUND 048935,POUND 1- 10301 S DOTY,,Y,Y,,,,,,,,,,,,FRONT-RIGHT-CORNER,,,,,,,,,,,,,,,,,,,,,,,,,,,,,,,,,
2115200,1a09039f95b0ef9c2dce712fe97ba9dda1be2a1dc588fd4d9be7adce186a9cc7ea7c4c0cfb98d657ebcdc75e37edd3660377d411773339756998c85f3d629b46,07/26/2025 04:02:00 PM,2,DRIVER,,2016444,,CHEVROLET,EQUINOX,IL,2019,NONE,SPORT UTILITY VEHICLE (SUV),PERSONAL,S,MERGING,Y,,1,,CITY CRASH TOW 048932,POUND 1- 10301 S DOTY,,Y,,,,,,Y,Y,Y,Y,Y,Y,,REAR-LEFT-CORNER,,,,,,,,,,,,,,,,,,,,,,,,,,,,,,,,,
2115056,8b10bf8c341e12213148156105bfe740a083101512af57632a996bf482491e066f7a04cdd6a1d5d9266df5eb086b669fece31a45b3fb80edd413452e73fdaf16,07/26/2025 04:00:00 PM,1,DRIVER,1,2016295,,TOYOTA,CAMRY,IL,1988,NONE,PASSENGER,PERSONAL,S,STRAIGHT AHEAD,,,2,,,,,,,,,,,,,,,,Y,,FRONT,,,,,,,,,,,,,,,,,,,,,,,,,,,,,,,,,
2115057,8b10bf8c341e12213148156105bfe740a083101512af57632a996bf482491e066f7a04cdd6a1d5d9266df5eb086b669fece31a45b3fb80edd413452e73fdaf16,07/26/2025 04:00:00 PM,2,DRIVER,,2016298,,FORD,FUSION,IL,2017,NONE,PASSENGER,PERSONAL,S,SLOW/STOP IN TRAFFIC,,,1,,,,,,,,,,Y,,,,,,,,REAR,,,,,,,,,,,,,,,,,,,,,,,,,,,,,,,,,
2120204,8bd91a1d7f88513b7ccfe37bff5760cd93605f348cead829ef97c062c6dfe4d41e04cd2e796550754a4ba588b40a78457607746d3a38a81c19fd83bb2fd763d3,07/26/2025 04:00:00 PM,1,DRIVER,,2021187,,TOYOTA,COROLLA,IL,2017,UNKNOWN,PASSENGER,PERSONAL,E,LEAVING TRAFFIC LANE TO PARK,,,1,,,,Y,,,,,,,,,,,,,,REAR,,,,,,,,,,,,,,,,,,,,,,,,,,,,,,,,,
2120205,8bd91a1d7f88513b7ccfe37bff5760cd93605f348cead829ef97c062c6dfe4d41e04cd2e796550754a4ba588b40a78457607746d3a38a81c19fd83bb2fd763d3,07/26/2025 04:00:00 PM,2,PARKED,,2021190,,TESLA,OTHER (EXPLAIN IN NARRATIVE),,,UNKNOWN,PASSENGER,NOT IN USE,E,PARKED,,,0,,,,Y,,,,,,,,,,,,,,FRONT,,,,,,,,,,,,,,,,,,,,,,,,,,,,,,,,,
2115532,a1c714a924a5ed83dfab59838511ebbc764053ee2dbba295790d233da47b99c29c0befa1a0bee9cb61db4990a1cb5482246d922c0c2c49a18fb7c88abcba8207,07/26/2025 04:00:00 PM,1,DRIVER,,2016759,,TOYOTA,YARIS,IL,2007,UNKNOWN,UNKNOWN/NA,UNKNOWN/NA,E,UNKNOWN/NA,,,1,,,,,Y,,,,,,,,,,Y,Y,,FRONT,,,,,,,,,,,,,,,,,,,,,,,,,,,,,,,,,
2115533,a1c714a924a5ed83dfab59838511ebbc764053ee2dbba295790d233da47b99c29c0befa1a0bee9cb61db4990a1cb5482246d922c0c2c49a18fb7c88abcba8207,07/26/2025 04:00:00 PM,2,DRIVER,,2016762,,VOLKSWAGEN,TIGUAN,IL,2019,UNKNOWN,UNKNOWN/NA,UNKNOWN/NA,N,UNKNOWN/NA,,,1,,,,,,,,,,,Y,Y,Y,Y,Y,,,SIDE-LEFT,,,,,,,,,,,,,,,,,,,,,,,,,,,,,,,,,
2115058,b2b4b48542a6b475788fbdded63b111d3ec1a1ab17206fc33eef7fb8abe4e177c81c68ea85d8b22d786417676a3af15401a9475f0386ecaac76d399efe6b2f54,07/26/2025 04:00:00 PM,1,DRIVER,,2016296,,TOYOTA,CAMRY,IL,,UNKNOWN,UNKNOWN/NA,UNKNOWN/NA,E,STRAIGHT AHEAD,,,1,,,,,,,,,,,,,,,,,Y,UNKNOWN,,,,,,,,,,,,,,,,,,,,,,,,,,,,,,,,,
2115059,b2b4b48542a6b475788fbdded63b111d3ec1a1ab17206fc33eef7fb8abe4e177c81c68ea85d8b22d786417676a3af15401a9475f0386ecaac76d399efe6b2f54,07/26/2025 04:00:00 PM,2,DRIVER,,2016302,,BMW,750,IL,2018,UNKNOWN,PASSENGER,PERSONAL,E,STRAIGHT AHEAD,,,1,,,,,,Y,Y,Y,Y,,,,,,,,,SIDE-RIGHT,,,,,,,,,,,,,,,,,,,,,,,,,,,,,,,,,
2115083,bf4cf611b5cd2a72b24ef4e5013bb05902485b371bfb886943ef7981e7d4b14418e7f3d8449c6216e9c534495e40115a0a0287147e2bb8b31e7b0d3928ecd13f,07/26/2025 04:00:00 PM,1,DRIVER,,2016316,,MITSUBISHI,LANCER,IL,2012,NONE,PASSENGER,PERSONAL,UNKNOWN,STRAIGHT AHEAD,,,1,,,,,Y,,,,N,N,N,,,,Y,Y,,FRONT,,,,,,,,,,,,,,,,,,,,,,,,,,,,,,,,,
2115084,bf4cf611b5cd2a72b24ef4e5013bb05902485b371bfb886943ef7981e7d4b14418e7f3d8449c6216e9c534495e40115a0a0287147e2bb8b31e7b0d3928ecd13f,07/26/2025 04:00:00 PM,2,DRIVER,,2016320,,HONDA,CR-V,IL,2025,NONE,PASSENGER,PERSONAL,UNKNOWN,STRAIGHT AHEAD,,,1,,,,,,,,,Y,Y,Y,,,,,,,REAR,,,,,,,,,,,,,,,,,,,,,,,,,,,,,,,,,
2115075,d17876a0a48ff9d1644df51e1c2b2921a4391a164f0a00accb1091d924d4921c5511599956870e94101ed288414702dc5eb171e3a39d83563c1b75b51a3d61b3,07/26/2025 04:00:00 PM,1,DRIVER,,2016319,,CHEVROLET,EQUINOX,IL,2018,UNKNOWN,PASSENGER,PERSONAL,E,ENTERING TRAFFIC LANE FROM PARKING,,,1,,,,,,,,,,,,,,Y,Y,,Y,FRONT-LEFT-CORNER,,,,,,,,,,,,,,,,,,,,,,,,,,,,,,,,,
2115076,d17876a0a48ff9d1644df51e1c2b2921a4391a164f0a00accb1091d924d4921c5511599956870e94101ed288414702dc5eb171e3a39d83563c1b75b51a3d61b3,07/26/2025 04:00:00 PM,2,DRIVER,,2016334,,UNKNOWN,MOTORIZED,,,UNKNOWN,PASSENGER,PERSONAL,E,STRAIGHT AHEAD,,,1,,,,,Y,Y,,,,,,,,,,,,FRONT-RIGHT-CORNER,,,,,,,,,,,,,,,,,,,,,,,,,,,,,,,,,
2115213,e9e3acf682ab72df5e0cbe80296a9ff963fb73b07d02562445f1422b29b5b8de9308e7379237b2bc548711b21a71d9dd18bf1e2ce5715257e0a7d882ff02bac0,07/26/2025 04:00:00 PM,1,DRIVER,,2016450,,HONDA,CR-V,IL,2014,NONE,PASSENGER,PERSONAL,E,STRAIGHT AHEAD,,,1,,,,,,,,,,,,,,,,Y,,FRONT,,,,,,,,,,,,,,,,,,,,,,,,,,,,,,,,,
2115214,e9e3acf682ab72df5e0cbe80296a9ff963fb73b07d02562445f1422b29b5b8de9308e7379237b2bc548711b21a71d9dd18bf1e2ce5715257e0a7d882ff02bac0,07/26/2025 04:00:00 PM,2,DRIVER,,2016455,,TOYOTA,PRIUS,IL,2018,NONE,PASSENGER,PERSONAL,E,STRAIGHT AHEAD,,,1,,,,,,,,,,Y,,,,,,,,REAR,,,,,,,,,,,,,,,,,,,,,,,,,,,,,,,,,
2115050,5caf6f913eba93c13320088440db9e79e73dc7731d0a01ce1342203fbf5f6c1473ca0b9ce1f1a7d1fb94d18ed99119718eb18145ef39724b538d8326705db2ec,07/26/2025 03:40:00 PM,1,DRIVER,,2016293,,DODGE,OTHER (EXPLAIN IN NARRATIVE),IL,,UNKNOWN,PASSENGER,PERSONAL,UNKNOWN,UNKNOWN/NA,,,1,,,,,,,,,,,Y,Y,Y,Y,,,,SIDE-LEFT,,,,,,,,,,,,,,,,,,,,,,,,,,,,,,,,,
2115051,5caf6f913eba93c13320088440db9e79e73dc7731d0a01ce1342203fbf5f6c1473ca0b9ce1f1a7d1fb94d18ed99119718eb18145ef39724b538d8326705db2ec,07/26/2025 03:40:00 PM,2,DRIVER,,2016300,,HYUNDAI,TUCSON,IL,2023,UNKNOWN,PASSENGER,PERSONAL,UNKNOWN,UNKNOWN/NA,,,1,,,,,,,,,,,Y,Y,Y,Y,Y,,,SIDE-LEFT,,,,,,,,,,,,,,,,,,,,,,,,,,,,,,,,,
2118221,b58d94238682de9f9dcb740f31f1f1f97e123cc467af6fcb833e5917761eee6597ad7b736978e9490457bc0048d3868be661996749dd50a44d84efa5eb651353,07/26/2025 03:40:00 PM,1,DRIVER,1,2019269,,CHEVROLET,EQUINOX,IL,2014,NONE,PASSENGER,PERSONAL,N,STRAIGHT AHEAD,,,2,,,,,,,,Y,Y,,,,,,,,,SIDE-RIGHT-REAR,,,,,,,,,,,,,,,,,,,,,,,,,,,,,,,,,
2118222,b58d94238682de9f9dcb740f31f1f1f97e123cc467af6fcb833e5917761eee6597ad7b736978e9490457bc0048d3868be661996749dd50a44d84efa5eb651353,07/26/2025 03:40:00 PM,2,DRIVER,1,2019270,,CHEVROLET,TRAVERSE,IL,2019,NONE,PASSENGER,PERSONAL,N,STRAIGHT AHEAD,,,2,,,,,,,,,,,,,,,Y,,,FRONT-LEFT-CORNER,,,,,,,,,,,,,,,,,,,,,,,,,,,,,,,,,
2115085,5183c18bcfaa86f6cbd3b43672c1cb6d12c8fe4184c03de42459fec1e2d54b1fb74bd6030ba7ecfdd140a048acad5ae64e1a238ed3c4f880661c0a17208c9f53,07/26/2025 03:30:00 PM,1,DRIVER,,2016325,,TOYOTA,COROLLA,IL,2025,UNKNOWN,PASSENGER,TAXI/FOR HIRE,S,CHANGING LANES,,,1,,,,,,,,,,,,,,Y,Y,,,FRONT-LEFT-CORNER,,,,,,,,,,,,,,,,,,,,,,,,,,,,,,,,,
2115086,5183c18bcfaa86f6cbd3b43672c1cb6d12c8fe4184c03de42459fec1e2d54b1fb74bd6030ba7ecfdd140a048acad5ae64e1a238ed3c4f880661c0a17208c9f53,07/26/2025 03:30:00 PM,2,DRIVER,,2016341,,MAZDA,MAZDA3,WI,2017,UNKNOWN,PASSENGER,PERSONAL,S,STRAIGHT AHEAD,,,1,,,,,,Y,Y,Y,,,,,,,,,,SIDE-RIGHT,,,,,,,,,,,,,,,,,,,,,,,,,,,,,,,,,
2115065,8ee33da86800fa6ae41bc65fbbacde40771c4983655b27d524c5d1c1d6f2bee7b787db9650356a17dbc665af72d00cccf7d0aecf4e1dc5bab9c0b627ea7cb5bb,07/26/2025 03:30:00 PM,1,DRIVER,,2016308,,HONDA,CIVIC,IL,2011,NONE,PASSENGER,PERSONAL,E,STRAIGHT AHEAD,,,1,,,,Y,,,,,,,,,,,,,,SIDE-RIGHT,,,,,,,,,,,,,,,,,,,,,,,,,,,,,,,,,
2115066,8ee33da86800fa6ae41bc65fbbacde40771c4983655b27d524c5d1c1d6f2bee7b787db9650356a17dbc665af72d00cccf7d0aecf4e1dc5bab9c0b627ea7cb5bb,07/26/2025 03:30:00 PM,2,PARKED,,2016309,,CADILLAC,ESCALADE,IL,2005,NONE,PASSENGER,PERSONAL,W,PARKED,,,0,,,,,,,Y,,,,,,,,,,,SIDE-RIGHT,,,,,,,,,,,,,,,,,,,,,,,,,,,,,,,,,
2117982,ac70eab9c2f9c4c1d0320ecc882a7bdce1e2f34f1cab8a409106de1c5a8f59e6be4ee462ad451aaf6196f4783e7797cf014c550b1585e879f5dbe6325f887baf,07/26/2025 03:30:00 PM,1,DRIVER,,2019038,,HYUNDAI,OTHER (EXPLAIN IN NARRATIVE),IL,2022,UNKNOWN,SPORT UTILITY VEHICLE (SUV),PERSONAL,W,STRAIGHT AHEAD,,,1,,,,,,,,,,,,,,,,,Y,SIDE-RIGHT,,,,,,,,,,,,,,,,,,,,,,,,,,,,,,,,,
2117983,ac70eab9c2f9c4c1d0320ecc882a7bdce1e2f34f1cab8a409106de1c5a8f59e6be4ee462ad451aaf6196f4783e7797cf014c550b1585e879f5dbe6325f887baf,07/26/2025 03:30:00 PM,2,PARKED,,2019043,,TOYOTA,4RUNNER,IL,2024,NONE,SPORT UTILITY VEHICLE (SUV),PERSONAL,W,PARKED,,,0,,,,,,,,,,,,,,Y,Y,,,SIDE-LEFT-FRONT,,,,,,,,,,,,,,,,,,,,,,,,,,,,,,,,,
2115104,af40369ff94c7b2ea081bbf7c15063099fb4e9d5ca6f8c6a2a989033c2cfa12d402c53c9294cf64fc4f9277da9b13e96f8e55b05e3e7b9be418f6c43c0a366ca,07/26/2025 03:30:00 PM,1,DRIVER,,2016336,,DODGE,CARAVAN,IL,2004,UNKNOWN,VAN/MINI-VAN,UNKNOWN/NA,NE,OTHER,,,1,,,,,Y,Y,Y,Y,N,,,,,,,,,SIDE-RIGHT,,,,,,,,,,,,,,,,,,,,,,,,,,,,,,,,,
2115105,af40369ff94c7b2ea081bbf7c15063099fb4e9d5ca6f8c6a2a989033c2cfa12d402c53c9294cf64fc4f9277da9b13e96f8e55b05e3e7b9be418f6c43c0a366ca,07/26/2025 03:30:00 PM,2,DRIVER,,2016343,,CHEVROLET,SILVERADO,IL,2002,NONE,TRUCK - SINGLE UNIT,PERSONAL,NE,OTHER,,,1,,,,,,,,,,,,Y,Y,Y,Y,,,SIDE-LEFT,,,,,,,,,,,,,,,,,,,,,,,,,,,,,,,,,
2115148,ba97f12c034b0644c8c5d186cef83a32b15693180ad1b5f82d0b2a6c19907ea445212df06b62feea7ba6c67e965597f24f2ae5b92f8d2a9b4ed46fa35757f35c,07/26/2025 03:30:00 PM,1,DRIVER,,2016380,,GENERAL MOTORS CORPORATION (GMC),TERRAIN,IL,2012,UNKNOWN,SPORT UTILITY VEHICLE (SUV),UNKNOWN/NA,S,UNKNOWN/NA,,,1,,,,,,,,,,,,,,Y,Y,Y,Y,FRONT-LEFT-CORNER,,,,,,,,,,,,,,,,,,,,,,,,,,,,,,,,,
2115149,ba97f12c034b0644c8c5d186cef83a32b15693180ad1b5f82d0b2a6c19907ea445212df06b62feea7ba6c67e965597f24f2ae5b92f8d2a9b4ed46fa35757f35c,07/26/2025 03:30:00 PM,2,DRIVER,,2016385,,CHEVROLET,S10,IL,2001,NONE,PICKUP,PERSONAL,S,STRAIGHT AHEAD,,,1,,,,,,,,,Y,Y,Y,,,,,,Y,REAR,,,,,,,,,,,,,,,,,,,,,,,,,,,,,,,,,