CRASH_UNIT_ID,CRASH_RECORD_ID,CRASH_DATE,UNIT_NO,UNIT_TYPE,NUM_PASSENGERS,VEHICLE_ID,CMRC_VEH_I,MAKE,MODEL,LIC_PLATE_STATE,VEHICLE_YEAR,VEHICLE_DEFECT,VEHICLE_TYPE,VEHICLE_USE,TRAVEL_DIRECTION,MANEUVER,TOWED_I,FIRE_I,OCCUPANT_CNT,EXCEED_SPEED_LIMIT_I,TOWED_BY,TOWED_TO,AREA_00_I,AREA_01_I,AREA_02_I,AREA_03_I,AREA_04_I,AREA_05_I,AREA_06_I,AREA_07_I,AREA_08_I,AREA_09_I,AREA_10_I,AREA_11_I,AREA_12_I,AREA_99_I,FIRST_CONTACT_POINT,CMV_ID,USDOT_NO,CCMC_NO,ILCC_NO,COMMERCIAL_SRC,GVWR,CARRIER_NAME,CARRIER_STATE,CARRIER_CITY,HAZMAT_PLACARDS_I,HAZMAT_NAME,UN_NO,HAZMAT_PRESENT_I,HAZMAT_REPORT_I,HAZMAT_REPORT_NO,MCS_REPORT_I,MCS_REPORT_NO,HAZMAT_VIO_CAUSE_CRASH_I,MCS_VIO_CAUSE_CRASH_I,IDOT_PERMIT_NO,WIDE_LOAD_I,TRAILER1_WIDTH,TRAILER2_WIDTH,TRAILER1_LENGTH,TRAILER2_LENGTH,TOTAL_VEHICLE_LENGTH,AXLE_CNT,VEHICLE_CONFIG,CARGO_BODY_TYPE,LOAD_TYPE,HAZMAT_OUT_OF_SERVICE_I,MCS_OUT_OF_SERVICE_I,HAZMAT_CLASS
2115154,ea7ecb68faf78e3f2f16c8963d6b1234bf8162d9ba28632bcb61aba774d0606c6c4c3f588e32062e2f0c9eaf5594898a0533ab6e333ba0774c301183ac6c89d1,07/26/2025 03:30:00 PM,1,DRIVER,,2016384,,UNKNOWN,OTHER (EXPLAIN IN NARRATIVE),,,UNKNOWN,UNKNOWN/NA,UNKNOWN/NA,UNKNOWN,UNKNOWN/NA,,,1,,,,,,,,,,,,,,,,,Y,UNKNOWN,,,,,,,,,,,,,,,,,,,,,,,,,,,,,,,,,
2115155,ea7ecb68faf78e3f2f16c8963d6b1234bf8162d9ba28632bcb61aba774d0606c6c4c3f588e32062e2f0c9eaf5594898a0533ab6e333ba0774c301183ac6c89d1,07/26/2025 03:30:00 PM,2,PARKED,,2016389,,CHEVROLET,EQUINOX,IL,2024,NONE,SPORT UTILITY VEHICLE (SUV),PERSONAL,N,PARKED,,,0,,,,,Y,Y,Y,Y,Y,Y,,,,,,,,SIDE-RIGHT,,,,,,,,,,,,,,,,,,,,,,,,,,,,,,,,,
2115182,f80de1c293bb1ffc90e28aab32d8584f337a105b70a7f68f28d04f4dd9f053dd24d9af9a285c1d08bbbfe9dfc866851463ab2d03bc12cdce8de85b7102166242,07/26/2025 03:30:00 PM,1,DRIVER,,2016415,,NISSAN,ALTIMA,IL,2010,UNKNOWN,PASSENGER,PERSONAL,NE,TURNING LEFT,Y,,1,,PRIVATE,,,Y,,,,,,,,,,,,,FRONT-RIGHT-CORNER,,,,,,,,,,,,,,,,,,,,,,,,,,,,,,,,,
2115183,f80de1c293bb1ffc90e28aab32d8584f337a105b70a7f68f28d04f4dd9f053dd24d9af9a285c1d08bbbfe9dfc866851463ab2d03bc12cdce8de85b7102166242,07/26/2025 03:30:00 PM,2,DRIVER,,2016424,,HYUNDAI,SANTA FE,IL,2014,UNKNOWN,PASSENGER,PERSONAL,S,STRAIGHT AHEAD,,,1,,,,,Y,,,,,,,,,,Y,Y,,FRONT-RIGHT-CORNER,,,,,,,,,,,,,,,,,,,,,,,,,,,,,,,,,
2115030,b803ee93f315a02808f719ed7890053fd6b46406388f2c7a16cf27250b28be3ed274c9e451453686f2c6bd7d994abc1ace5b9c47bcccb2297abb45ac98c3f786,07/26/2025 03:28:00 PM,1,DRIVER,,2016283,,INFINITI,OTHER (EXPLAIN IN NARRATIVE),IL,2014,UNKNOWN,OTHER,UNKNOWN/NA,S,STRAIGHT AHEAD,,,1,,,,,,Y,,,,,,,,,,,,FRONT-RIGHT-CORNER,,,,,,,,,,,,,,,,,,,,,,,,,,,,,,,,,
2115031,b803ee93f315a02808f719ed7890053fd6b46406388f2c7a16cf27250b28be3ed274c9e451453686f2c6bd7d994abc1ace5b9c47bcccb2297abb45ac98c3f786,07/26/2025 03:28:00 PM,2,PARKED,1,2016286,,TOYOTA,CAMRY,IL,2018,UNKNOWN,PASSENGER,NOT IN USE,S,PARKED,,,1,,,,,,,,,,,,,,Y,,,,FRONT-LEFT-CORNER,,,,,,,,,,,,,,,,,,,,,,,,,,,,,,,,,
2115081,bd5c047c3b662c87e780a84e266c6f61abce37106f65eb973e0919c3a964a5d53aa469aec84361acfaa4b3b1e63887fdf11529a73f7a29dfbabca237b2688ed6,07/26/2025 03:27:00 PM,1,DRIVER,,2016321,,KIA,SEDONA,IL,2005,NONE,PASSENGER,PERSONAL,S,STRAIGHT AHEAD,Y,,1,,cpd,6,,,,,,,,,,,,Y,Y,,FRONT,,,,,,,,,,,,,,,,,,,,,,,,,,,,,,,,,
2115082,bd5c047c3b662c87e780a84e266c6f61abce37106f65eb973e0919c3a964a5d53aa469aec84361acfaa4b3b1e63887fdf11529a73f7a29dfbabca237b2688ed6,07/26/2025 03:27:00 PM,2,PARKED,,2016323,,CHEVROLET,MALIBU,IL,2017,NONE,PASSENGER,PERSONAL,N,PARKED,,,0,,,,,Y,,,,,,,,,,Y,Y,,FRONT,,,,,,,,,,,,,,,,,,,,,,,,,,,,,,,,,
2115046,a330995f92b80cc3fc53b41676b6bc648aaf10518cb3101061d6dfc42a8523611fb22352980884f8373680f23261bff627c02df524b54f6693dc23c127adbe1e,07/26/2025 03:25:00 PM,1,DRIVER,,2016288,,CHEVROLET,SILVERADO,,2005,NONE,PICKUP,UNKNOWN/NA,W,STRAIGHT AHEAD,,,1,,,,,,,,,,,,,,,,,Y,UNKNOWN,,,,,,,,,,,,,,,,,,,,,,,,,,,,,,,,,
2115047,a330995f92b80cc3fc53b41676b6bc648aaf10518cb3101061d6dfc42a8523611fb22352980884f8373680f23261bff627c02df524b54f6693dc23c127adbe1e,07/26/2025 03:25:00 PM,2,PARKED,,2016294,,TOYOTA,COROLLA,IL,2024,NONE,PASSENGER,PERSONAL,W,PARKED,,,0,,,,,,,,,,,Y,Y,,,,,,SIDE-LEFT-REAR,,,,,,,,,,,,,,,,,,,,,,,,,,,,,,,,,
2116039,f744e9d67a0d844d18ecf459b3fc3dc2e4671a2cf76b58b0869229cd59c375bf7c475fe21fbdff28e9d120fd76fe8feeac7db0f17764b91cee9d481367882819,07/26/2025 03:25:00 PM,1,DRIVER,,2017238,,FORD,TRANSIT CONNECT,IL,2015,UNKNOWN,VAN/MINI-VAN,PERSONAL,S,STRAIGHT AHEAD,,,1,,,,,,,,,,,,,,,,,Y,FRONT,,,,,,,,,,,,,,,,,,,,,,,,,,,,,,,,,
2116040,f744e9d67a0d844d18ecf459b3fc3dc2e4671a2cf76b58b0869229cd59c375bf7c475fe21fbdff28e9d120fd76fe8feeac7db0f17764b91cee9d481367882819,07/26/2025 03:25:00 PM,2,DRIVER,,2017234,,HONDA,ODYSSEY,IL,2005,NONE,PASSENGER,PERSONAL,S,SLOW/STOP IN TRAFFIC,Y,,1,,,5745 West Grand Ave,,,,,,Y,Y,Y,,,,,,,REAR,,,,,,,,,,,,,,,,,,,,,,,,,,,,,,,,,
2115060,68ddddc6692fe09584bc1bc16332f87a2ece08122df7f79efbe4fd5479055bf9d5e4e4ef770aaf1789ab67adb88e6cc7ed2d903e794328bc08c1f9f8e7180622,07/26/2025 03:15:00 PM,1,DRIVER,,2016299,,NISSAN,ALTIMA,IL,2015,UNKNOWN,PASSENGER,PERSONAL,E,TURNING LEFT,,,1,,,,,Y,,,,,,,,,,,,,FRONT-RIGHT-CORNER,,,,,,,,,,,,,,,,,,,,,,,,,,,,,,,,,
2115061,68ddddc6692fe09584bc1bc16332f87a2ece08122df7f79efbe4fd5479055bf9d5e4e4ef770aaf1789ab67adb88e6cc7ed2d903e794328bc08c1f9f8e7180622,07/26/2025 03:15:00 PM,2,DRIVER,,2016303,,HONDA,CIVIC,IL,2019,UNKNOWN,PASSENGER,PERSONAL,W,BACKING,,,1,,,,,,,,,,,,,,,Y,,,FRONT-LEFT-CORNER,,,,,,,,,,,,,,,,,,,,,,,,,,,,,,,,,
2115062,cf0e585d9729378ea96986b87256565604d2f13ef2f110d0919757f2017ee9cebb60f2bc156cf24bf6dbe40ff4bfe4f0c3af335319a68406626d5d7d39f93a19,07/26/2025 03:13:00 PM,1,DRIVER,4,2016310,,NISSAN,X-TERRA,IL,2005,NONE,PASSENGER,PERSONAL,N,SLOW/STOP IN TRAFFIC,,,5,,,,,,,,,,,,,Y,Y,Y,,Y,UNKNOWN,,,,,,,,,,,,,,,,,,,,,,,,,,,,,,,,,
2115063,cf0e585d9729378ea96986b87256565604d2f13ef2f110d0919757f2017ee9cebb60f2bc156cf24bf6dbe40ff4bfe4f0c3af335319a68406626d5d7d39f93a19,07/26/2025 03:13:00 PM,2,DRIVER,3,2016330,,NISSAN,SENTRA,IL,2013,NONE,PASSENGER,TAXI/FOR HIRE,N,SLOW/STOP IN TRAFFIC,,,4,,,,,Y,Y,Y,Y,Y,,,,,,,Y,Y,UNKNOWN,,,,,,,,,,,,,,,,,,,,,,,,,,,,,,,,,
2115064,cf0e585d9729378ea96986b87256565604d2f13ef2f110d0919757f2017ee9cebb60f2bc156cf24bf6dbe40ff4bfe4f0c3af335319a68406626d5d7d39f93a19,07/26/2025 03:13:00 PM,3,DRIVER,2,2016349,,FORD,MUSTANG,IN,2021,NONE,PASSENGER,PERSONAL,N,SLOW/STOP IN TRAFFIC,,,3,,,,,,,,,,Y,Y,Y,,,,,Y,UNKNOWN,,,,,,,,,,,,,,,,,,,,,,,,,,,,,,,,,
2115091,b0269268c88fd839be1234bf6073973c88957ac8f3375829898d332ced23f237ee26a423b7deb5cbf2995ff8e261fb79f3f9c2a7941c24069c4e8441456870d1,07/26/2025 03:05:00 PM,1,DRIVER,2,2016332,,JEEP,WRANGLER,,2021,NONE,PASSENGER,PERSONAL,N,TURNING LEFT,,,3,,,,,,,,,,,,,,Y,Y,N,,FRONT-LEFT-CORNER,,,,,,,,,,,,,,,,,,,,,,,,,,,,,,,,,
2115092,b0269268c88fd839be1234bf6073973c88957ac8f3375829898d332ced23f237ee26a423b7deb5cbf2995ff8e261fb79f3f9c2a7941c24069c4e8441456870d1,07/26/2025 03:05:00 PM,2,DRIVER,,2016345,,TOYOTA,PRIUS,IL,2012,NONE,PASSENGER,PERSONAL,N,OTHER,,,1,,,,,,,,,,,,,,,,Y,,FRONT,,,,,,,,,,,,,,,,,,,,,,,,,,,,,,,,,
2115054,f5f0cce456263fdf773834a25e0b939a71caa8a6db2cf3490efe8bba68e371e72603a65cb97d35f7757b2ac8f1446da2d5589f39ffeeb79079ad8af1dd79786c,07/26/2025 03:04:00 PM,1,DRIVER,,2016291,,NISSAN,SENTRA,IL,2015,UNKNOWN,PASSENGER,PERSONAL,UNKNOWN,CHANGING LANES,,,1,,,,,,,,,,,,,,Y,Y,,,FRONT-LEFT-CORNER,,,,,,,,,,,,,,,,,,,,,,,,,,,,,,,,,
2115055,f5f0cce456263fdf773834a25e0b939a71caa8a6db2cf3490efe8bba68e371e72603a65cb97d35f7757b2ac8f1446da2d5589f39ffeeb79079ad8af1dd79786c,07/26/2025 03:04:00 PM,2,DRIVER,,2016297,,TOYOTA,PRIUS,IL,2012,UNKNOWN,PASSENGER,PERSONAL,UNKNOWN,STRAIGHT AHEAD,,,1,,,,,Y,Y,,,,,,,,,,,,FRONT-RIGHT-CORNER,,,,,,,,,,,,,,,,,,,,,,,,,,,,,,,,,
2115020,1be6884e27e011760c80c3b75b05d0665d58b69182f4230bb79a3803cf82532226ac73eb2e0605fae2ed144d929f50da3be7a062755d7fe404d5ca5602df4700,07/26/2025 03:00:00 PM,1,DRIVER,,2016266,,BMW,750IL,IL,2022,UNKNOWN,PASSENGER,PERSONAL,S,STRAIGHT AHEAD,,,1,,,,,,,,,,,,Y,Y,Y,,,,SIDE-LEFT,,,,,,,,,,,,,,,,,,,,,,,,,,,,,,,,,
2115021,1be6884e27e011760c80c3b75b05d0665d58b69182f4230bb79a3803cf82532226ac73eb2e0605fae2ed144d929f50da3be7a062755d7fe404d5ca5602df4700,07/26/2025 03:00:00 PM,2,PARKED,,2016278,,NISSAN,ALTIMA,IL,2015,UNKNOWN,PASSENGER,PERSONAL,S,PARKED,,,0,,,,,,,,,,,,,,Y,Y,,,SIDE-LEFT,,,,,,,,,,,,,,,,,,,,,,,,,,,,,,,,,
2115502,9e71e92ef535bb2e854e874d32a90a401e836fd99837a0edc1e00bb326a833b1cf9d149613bfb78d3c14b51cd4a3ba51bd6531ee121fd79a96ef30326f79f54f,07/26/2025 03:00:00 PM,1,DRIVER,,2016733,,CHRYSLER,300,IL,2022,NONE,PASSENGER,NOT IN USE,E,STRAIGHT AHEAD,Y,,1,,PRIVATE TOW,,,Y,,,,,,,,,,Y,Y,,FRONT,,,,,,,,,,,,,,,,,,,,,,,,,,,,,,,,,
2115048,87fdcbd855f828f22735e6009eb778705eaa469465cf7acd47e9cc3570b1aab7d0b109738caa0e00b3042cee1e1602030810f9ac4bdd30414931d2cf9dbfdd42,07/26/2025 02:56:00 PM,1,DRIVER,,2016284,,TOYOTA,PRIUS,IL,2010,NONE,PASSENGER,PERSONAL,SE,TURNING RIGHT,,,1,,,,,,,,,,,,,,,Y,,,FRONT-LEFT-CORNER,,,,,,,,,,,,,,,,,,,,,,,,,,,,,,,,,
2115049,87fdcbd855f828f22735e6009eb778705eaa469465cf7acd47e9cc3570b1aab7d0b109738caa0e00b3042cee1e1602030810f9ac4bdd30414931d2cf9dbfdd42,07/26/2025 02:56:00 PM,2,PARKED,,2016289,,TOYOTA,COROLLA,IL,2010,UNKNOWN,PASSENGER,PERSONAL,S,PARKED,,,0,,,,,,,,Y,Y,,,,,,,,,REAR-RIGHT-CORNER,,,,,,,,,,,,,,,,,,,,,,,,,,,,,,,,,
2115016,1d91bb66ace60feca7876980b0ea7808a81b9f6a4ffe528d084ebf48ef6b2fe741de97b8215bbb8766b1b1e70d1606af85c3d1b98ac44fed3f1af1d32f8f5f8f,07/26/2025 02:53:00 PM,1,DRIVER,,2016259,,UNKNOWN,OTHER (EXPLAIN IN NARRATIVE),IL,,UNKNOWN,UNKNOWN/NA,UNKNOWN/NA,E,UNKNOWN/NA,,,1,,,,,,,,,,,,N,N,N,,,Y,FRONT-LEFT-CORNER,,,,,,,,,,,,,,,,,,,,,,,,,,,,,,,,,
2115017,1d91bb66ace60feca7876980b0ea7808a81b9f6a4ffe528d084ebf48ef6b2fe741de97b8215bbb8766b1b1e70d1606af85c3d1b98ac44fed3f1af1d32f8f5f8f,07/26/2025 02:53:00 PM,2,PARKED,,2016261,,SCION,FR-S,IL,2015,UNKNOWN,PASSENGER,NOT IN USE,E,PARKED,,,0,,,,,Y,Y,Y,,,,,,,,,,,FRONT-RIGHT-CORNER,,,,,,,,,,,,,,,,,,,,,,,,,,,,,,,,,
2115121,5e2d5830f70ca1c80f5fa27444f34ad50d904b9d5616699f2897e3f1116dcc7bbbd22e0998a2301385b2f53e9c459aaed1b5910db4f1f7d130a53b0befd5bdf9,07/26/2025 02:52:00 PM,1,DRIVER,,2016370,,TOYOTA,CAMRY,IL,2012,UNKNOWN,PASSENGER,PERSONAL,W,STRAIGHT AHEAD,,,1,,,,,,,Y,Y,Y,,,,,,,,,UNKNOWN,,,,,,,,,,,,,,,,,,,,,,,,,,,,,,,,,
2115122,5e2d5830f70ca1c80f5fa27444f34ad50d904b9d5616699f2897e3f1116dcc7bbbd22e0998a2301385b2f53e9c459aaed1b5910db4f1f7d130a53b0befd5bdf9,07/26/2025 02:52:00 PM,2,DRIVER,,2016374,,HONDA,CIVIC,IL,2011,UNKNOWN,PASSENGER,PERSONAL,N,STRAIGHT AHEAD,,,1,,,,,Y,,,,,,,,,,Y,Y,,FRONT,,,,,,,,,,,,,,,,,,,,,,,,,,,,,,,,,
2115098,98f61365e34621c6871e1edbf3ac76bdc9a04347323d09b1e1438b83eb6739f0d5d88dc9632e6b89bec95acd929ca4b4d67244251245a24ef6588f77659c2707,07/26/2025 02:43:00 PM,1,DRIVER,1,2016331,,FORD,EXPLORER,IL,2024,NONE,PASSENGER,POLICE,S,STRAIGHT AHEAD,,,2,,,,,,,Y,Y,Y,,,,,,,,,SIDE-RIGHT,,,,,,,,,,,,,,,,,,,,,,,,,,,,,,,,,
2115099,98f61365e34621c6871e1edbf3ac76bdc9a04347323d09b1e1438b83eb6739f0d5d88dc9632e6b89bec95acd929ca4b4d67244251245a24ef6588f77659c2707,07/26/2025 02:43:00 PM,2,DRIVER,,2016340,,CHRYSLER,TOWN & COUNTRY,IL,2014,NONE,VAN/MINI-VAN,PERSONAL,E,STRAIGHT AHEAD,,,1,,,,,Y,,,,,,,,,,Y,Y,,FRONT,,,,,,,,,,,,,,,,,,,,,,,,,,,,,,,,,
2115144,6ddf21ce6b01b1feb4daa0482e2cd1a799d312644b4a2551375c1c82e9eb7892d3df27d9ffb8838c71833347908aa0b67cb4cf8ac2c17eca4e5f3719b33a10a0,07/26/2025 02:40:00 PM,1,DRIVER,,2016381,,HONDA,CIVIC,IL,2012,NONE,PASSENGER,PERSONAL,N,STRAIGHT AHEAD,,,1,,,,Y,,,,,,,,,,,,,,NONE,,,,,,,,,,,,,,,,,,,,,,,,,,,,,,,,,
2115145,6ddf21ce6b01b1feb4daa0482e2cd1a799d312644b4a2551375c1c82e9eb7892d3df27d9ffb8838c71833347908aa0b67cb4cf8ac2c17eca4e5f3719b33a10a0,07/26/2025 02:40:00 PM,2,BICYCLE,,,,,,,,,,,,,,,,,,,,,,,,,,,,,,,,,,,,,,,,,,,,,,,,,,,,,,,,,,,,,,,,,,
2115012,ba7e3dfbf53289b2c41ff106cee439429cf083f3e77a23af7090ce9bc63cd743d816c5fc378368c821471395d83a92a9ba5438f2f565c6d11d4a19068aca9171,07/26/2025 02:40:00 PM,1,DRIVER,,2016253,,MERCEDES-BENZ,C300,IL,2019,NONE,PASSENGER,PERSONAL,N,STRAIGHT AHEAD,,,1,,,,,Y,Y,,,,,,,,,,Y,,FRONT-RIGHT-CORNER,,,,,,,,,,,,,,,,,,,,,,,,,,,,,,,,,
2115013,ba7e3dfbf53289b2c41ff106cee439429cf083f3e77a23af7090ce9bc63cd743d816c5fc378368c821471395d83a92a9ba5438f2f565c6d11d4a19068aca9171,07/26/2025 02:40:00 PM,2,DRIVER,,2016255,,BMW,325,IL,2004,NONE,PASSENGER,PERSONAL,W,STRAIGHT AHEAD,,,1,,,,,,,,,,,,,,Y,Y,Y,,FRONT-LEFT-CORNER,,,,,,,,,,,,,,,,,,,,,,,,,,,,,,,,,
2115067,b3288a1d1d83029a16b5ef4700d08d826ecaa92e7a631f4581652e501753b93d7c7977dd47b12eba285dd984dc68acc5cc29a5f93a9e45e9236c8aff9e419687,07/26/2025 02:37:00 PM,1,DRIVER,,2016307,,TESLA,MODEL Y,IL,2023,UNKNOWN,PASSENGER,PERSONAL,W,CHANGING LANES,,,1,,,,,,,,,,,Y,Y,,,,,,REAR-LEFT-CORNER,,,,,,,,,,,,,,,,,,,,,,,,,,,,,,,,,
2115068,b3288a1d1d83029a16b5ef4700d08d826ecaa92e7a631f4581652e501753b93d7c7977dd47b12eba285dd984dc68acc5cc29a5f93a9e45e9236c8aff9e419687,07/26/2025 02:37:00 PM,2,DRIVER,,2016312,,CHEVROLET,TAHOE,IL,2014,UNKNOWN,PASSENGER,PERSONAL,W,STRAIGHT AHEAD,,,1,,,,,Y,,,,,,,,,,,,,FRONT-RIGHT-CORNER,,,,,,,,,,,,,,,,,,,,,,,,,,,,,,,,,
2115089,14026dc72f8ba513b62d28eaf883abe131905253bf10d072b5ad05bae7f4801acf6efe6934fc877a897269358f8b5ca7c18e39c7b43fd3055288f1fefa9e08a1,07/26/2025 02:29:00 PM,1,DRIVER,1,2016326,,JEEP,GRAND CHEROKEE,IL,2021,NONE,SPORT UTILITY VEHICLE (SUV),PERSONAL,N,STRAIGHT AHEAD,,,2,,,,,,,,,,,,,,,Y,,,FRONT-LEFT-CORNER,,,,,,,,,,,,,,,,,,,,,,,,,,,,,,,,,
2115090,14026dc72f8ba513b62d28eaf883abe131905253bf10d072b5ad05bae7f4801acf6efe6934fc877a897269358f8b5ca7c18e39c7b43fd3055288f1fefa9e08a1,07/26/2025 02:29:00 PM,2,DRIVER,,2016333,,TOYOTA,PRIUS,IL,2021,NONE,PASSENGER,PERSONAL,S,SLOW/STOP IN TRAFFIC,Y,,1,,private tow,,,,,,,,,,,,Y,Y,,,FRONT-LEFT-CORNER,,,,,,,,,,,,,,,,,,,,,,,,,,,,,,,,,
2115093,77ef9a3082e8e3b961428d084636d8ef4d7b0a6b61fb6afe807680d9c06d523df55362463ac342760a5fbffed26eac958fe74c6b0b61e794312a0f731d250636,07/26/2025 02:28:00 PM,1,DRIVER,,2016359,,DODGE,CHALLENGER,IL,2010,UNKNOWN,PASSENGER,PERSONAL,S,STRAIGHT AHEAD,,,1,,,,,,,,,,,,,,,N,Y,,FRONT,,,,,,,,,,,,,,,,,,,,,,,,,,,,,,,,,
2115094,77ef9a3082e8e3b961428d084636d8ef4d7b0a6b61fb6afe807680d9c06d523df55362463ac342760a5fbffed26eac958fe74c6b0b61e794312a0f731d250636,07/26/2025 02:28:00 PM,2,DRIVER,,2016352,,AUDI,Q4,IL,2024,UNKNOWN,PASSENGER,PERSONAL,E,STRAIGHT AHEAD,Y,,1,,PERSONAL,PERSONAL,,,,,Y,Y,,Y,Y,Y,,,,,REAR-LEFT-CORNER,,,,,,,,,,,,,,,,,,,,,,,,,,,,,,,,,
2115077,cd272b36b3568d6474475eca77e70fdef0caf9d6f243b5324bb617a688dfe1e150b83e02822397827d8403fc989681f75130a300172c94ac8de1614802753fef,07/26/2025 02:21:00 PM,1,DRIVER,,2016311,,NISSAN,VERSA,IL,2016,UNKNOWN,PASSENGER,UNKNOWN/NA,UNKNOWN,BACKING,,,1,,,,,,,,,,,,,,,,Y,,FRONT-LEFT-CORNER,,,,,,,,,,,,,,,,,,,,,,,,,,,,,,,,,
2115078,cd272b36b3568d6474475eca77e70fdef0caf9d6f243b5324bb617a688dfe1e150b83e02822397827d8403fc989681f75130a300172c94ac8de1614802753fef,07/26/2025 02:21:00 PM,2,PARKED,1,2016315,,VOLKSWAGEN,GOLF,IL,2018,UNKNOWN,PASSENGER,UNKNOWN/NA,UNKNOWN,PARKED,,,1,,,,,,,,,,Y,,,,,,,,REAR-LEFT-CORNER,,,,,,,,,,,,,,,,,,,,,,,,,,,,,,,,,
2115679,52a524fc5572f10a2681205c5b2c230ea2a45975278a07389982a79dfe6c456573e59771a856feea01c544f9e0737d5e20783a47c2804cd8e8378f9eb88a3169,07/26/2025 02:10:00 PM,1,DRIVER,,2016892,,CHEVROLET,OTHER (EXPLAIN IN NARRATIVE),IL,2016,UNKNOWN,UNKNOWN/NA,UNKNOWN/NA,E,STRAIGHT AHEAD,,,1,,,,,,,,,,,,,,,,,Y,UNKNOWN,,,,,,,,,,,,,,,,,,,,,,,,,,,,,,,,,
2115680,52a524fc5572f10a2681205c5b2c230ea2a45975278a07389982a79dfe6c456573e59771a856feea01c544f9e0737d5e20783a47c2804cd8e8378f9eb88a3169,07/26/2025 02:10:00 PM,2,DRIVER,,2016893,,TOYOTA,RAV4,IL,2010,UNKNOWN,PASSENGER,PERSONAL,E,SLOW/STOP IN TRAFFIC,,,1,,,,,,,,,,Y,Y,,,,,,,SIDE-LEFT-REAR,,,,,,,,,,,,,,,,,,,,,,,,,,,,,,,,,
2115002,106dfdc5c447ce36e20428dcb579bf7f68ab07e318d3686fede1539f8b9cfc3ecd34079d271b9f59d3eb247d58ab0095b92d620ed907b7049ea5fff5cf18422e,07/26/2025 02:00:00 PM,1,DRIVER,1,2016248,,MITSUBISHI,GALANT,IL,2012,NONE,PASSENGER,PERSONAL,E,STRAIGHT AHEAD,,,2,,,,,Y,,,,,,,,,,Y,Y,,FRONT,,,,,,,,,,,,,,,,,,,,,,,,,,,,,,,,,
2115003,106dfdc5c447ce36e20428dcb579bf7f68ab07e318d3686fede1539f8b9cfc3ecd34079d271b9f59d3eb247d58ab0095b92d620ed907b7049ea5fff5cf18422e,07/26/2025 02:00:00 PM,2,DRIVER,,2016251,,SUBARU,CROSSTREK,IL,2021,NONE,PASSENGER,PERSONAL,E,STRAIGHT AHEAD,,,1,,,,,,,,,Y,Y,Y,,,,,,,REAR,,,,,,,,,,,,,,,,,,,,,,,,,,,,,,,,,
2115010,2021605217ac3dc03264a14396c3e30e15b084e8e609441ebf27d7069ed068ed1988303fb1c6349f66cb9b3530e62f3030d18f202ba0ca9f68f2da3cf7439631,07/26/2025 02:00:00 PM,1,DRIVER,,2016691,,MERCEDES-BENZ,GLC,IL,2017,UNKNOWN,PASSENGER,PERSONAL,N,STRAIGHT AHEAD,,,1,,,,,,,,,,,,,,,Y,,,FRONT-LEFT-CORNER,,,,,,,,,,,,,,,,,,,,,,,,,,,,,,,,,
2115011,2021605217ac3dc03264a14396c3e30e15b084e8e609441ebf27d7069ed068ed1988303fb1c6349f66cb9b3530e62f3030d18f202ba0ca9f68f2da3cf7439631,07/26/2025 02:00:00 PM,2,BICYCLE,,,,,,,,,,,,,,,,,,,,,,,,,,,,,,,,,,,,,,,,,,,,,,,,,,,,,,,,,,,,,,,,,,
2116413,22240ce6e8b432959d6f4f344cd0ec524895a3ca6c78c3357f5aa92b4af9c345d25ec2fbaaff3c9398961459e86d2be0e36e85aa595009f5a0bf9545bc7af563,07/26/2025 02:00:00 PM,1,DRIVER,,2017578,,UNKNOWN,OTHER (EXPLAIN IN NARRATIVE),,,UNKNOWN,UNKNOWN/NA,UNKNOWN/NA,UNKNOWN,UNKNOWN/NA,,,1,,,,,,,,,,,,,,,,,Y,UNKNOWN,,,,,,,,,,,,,,,,,,,,,,,,,,,,,,,,,
2116414,22240ce6e8b432959d6f4f344cd0ec524895a3ca6c78c3357f5aa92b4af9c345d25ec2fbaaff3c9398961459e86d2be0e36e85aa595009f5a0bf9545bc7af563,07/26/2025 02:00:00 PM,2,PARKED,,2017581,,HYUNDAI,ELANTRA,IL,2016,UNKNOWN,PASSENGER,PERSONAL,UNKNOWN,PARKED,,,0,,,,,,,,,N,,Y,,,,,,,SIDE-LEFT-REAR,,,,,,,,,,,,,,,,,,,,,,,,,,,,,,,,,
2115131,2a5a0ee2c08965564f33a9df73449ff831b786dacdfd67d83858bdb2776e1d8c4b3f3a7acb1b4d28a994605365ea309aae9596e4f9a20d0889e6e0d934d96c8a,07/26/2025 02:00:00 PM,1,DRIVER,,2016364,,UNKNOWN,OTHER (EXPLAIN IN NARRATIVE),,,UNKNOWN,PASSENGER,UNKNOWN/NA,E,TURNING LEFT,,,1,,,,,,,,,,,,,,,,,Y,UNKNOWN,,,,,,,,,,,,,,,,,,,,,,,,,,,,,,,,,
2115132,2a5a0ee2c08965564f33a9df73449ff831b786dacdfd67d83858bdb2776e1d8c4b3f3a7acb1b4d28a994605365ea309aae9596e4f9a20d0889e6e0d934d96c8a,07/26/2025 02:00:00 PM,2,DRIVER,,2016366,,MAZDA,OTHER (EXPLAIN IN NARRATIVE),IL,2012,NONE,PASSENGER,PERSONAL,W,STRAIGHT AHEAD,,,1,,,,,Y,Y,N,,,,,,,,,,,SIDE-RIGHT,,,,,,,,,,,,,,,,,,,,,,,,,,,,,,,,,
2115004,6bbbe39f0aeb96e7e312cf0a2ba58b4ab9278cd085005e887ba8beb06ed4f0c84f83aea3ff3539d80f5883fbd75f81691a3d007b90a9f5945863f6d708a76266,07/26/2025 02:00:00 PM,1,DRIVER,,2016241,,TOYOTA,COROLLA,IL,2008,UNKNOWN,PASSENGER,UNKNOWN/NA,E,TURNING LEFT,,,1,,,,,Y,Y,,,,,,,,,,Y,,FRONT-RIGHT-CORNER,,,,,,,,,,,,,,,,,,,,,,,,,,,,,,,,,