CRASH_UNIT_ID,CRASH_RECORD_ID,CRASH_DATE,UNIT_NO,UNIT_TYPE,NUM_PASSENGERS,VEHICLE_ID,CMRC_VEH_I,MAKE,MODEL,LIC_PLATE_STATE,VEHICLE_YEAR,VEHICLE_DEFECT,VEHICLE_TYPE,VEHICLE_USE,TRAVEL_DIRECTION,MANEUVER,TOWED_I,FIRE_I,OCCUPANT_CNT,EXCEED_SPEED_LIMIT_I,TOWED_BY,TOWED_TO,AREA_00_I,AREA_01_I,AREA_02_I,AREA_03_I,AREA_04_I,AREA_05_I,AREA_06_I,AREA_07_I,AREA_08_I,AREA_09_I,AREA_10_I,AREA_11_I,AREA_12_I,AREA_99_I,FIRST_CONTACT_POINT,CMV_ID,USDOT_NO,CCMC_NO,ILCC_NO,COMMERCIAL_SRC,GVWR,CARRIER_NAME,CARRIER_STATE,CARRIER_CITY,HAZMAT_PLACARDS_I,HAZMAT_NAME,UN_NO,HAZMAT_PRESENT_I,HAZMAT_REPORT_I,HAZMAT_REPORT_NO,MCS_REPORT_I,MCS_REPORT_NO,HAZMAT_VIO_CAUSE_CRASH_I,MCS_VIO_CAUSE_CRASH_I,IDOT_PERMIT_NO,WIDE_LOAD_I,TRAILER1_WIDTH,TRAILER2_WIDTH,TRAILER1_LENGTH,TRAILER2_LENGTH,TOTAL_VEHICLE_LENGTH,AXLE_CNT,VEHICLE_CONFIG,CARGO_BODY_TYPE,LOAD_TYPE,HAZMAT_OUT_OF_SERVICE_I,MCS_OUT_OF_SERVICE_I,HAZMAT_CLASS
2115005,6bbbe39f0aeb96e7e312cf0a2ba58b4ab9278cd085005e887ba8beb06ed4f0c84f83aea3ff3539d80f5883fbd75f81691a3d007b90a9f5945863f6d708a76266,07/26/2025 02:00:00 PM,2,DRIVER,,2016247,,HONDA,PILOT,IL,2022,UNKNOWN,SPORT UTILITY VEHICLE (SUV),UNKNOWN/NA,W,TURNING RIGHT,,,1,,,,,,,,,,,,,,Y,Y,Y,,FRONT-LEFT-CORNER,,,,,,,,,,,,,,,,,,,,,,,,,,,,,,,,,
2115095,cc846be682c01652c0e1daa0c356eef1907defcf6de0ed39004b180f304902f652ec0f63363c919415605dd42cc7a74543aa747d0d478f797a17ea0c582aee7f,07/26/2025 02:00:00 PM,1,DRIVER,,2016329,,UNKNOWN,OTHER (EXPLAIN IN NARRATIVE),IL,,UNKNOWN,UNKNOWN/NA,UNKNOWN/NA,UNKNOWN,UNKNOWN/NA,,,1,,,,,,,,,,,,,,,,,,UNKNOWN,,,,,,,,,,,,,,,,,,,,,,,,,,,,,,,,,
2115096,cc846be682c01652c0e1daa0c356eef1907defcf6de0ed39004b180f304902f652ec0f63363c919415605dd42cc7a74543aa747d0d478f797a17ea0c582aee7f,07/26/2025 02:00:00 PM,2,PEDESTRIAN,,,,,,,,,,,,,,,,,,,,,,,,,,,,,,,,,,,,,,,,,,,,,,,,,,,,,,,,,,,,,,,,,,
2115022,35e9d679fbf95b5a442bb023a2b16b0c94fc4311a8402b4c8acca1b2d2e719d7d2e8244b756b9572a6b9bcf75b3a7cb9d24a41b05c7c5284d82bfe79d2c18a5c,07/26/2025 01:56:00 PM,1,DRIVER,,2016262,,VOLKSWAGEN,OTHER (EXPLAIN IN NARRATIVE),IL,2023,NONE,PASSENGER,PERSONAL,E,PASSING/OVERTAKING,Y,,1,,PERSONAL TOW,,,,,,,,,,Y,Y,Y,Y,,,SIDE-LEFT,,,,,,,,,,,,,,,,,,,,,,,,,,,,,,,,,
2115023,35e9d679fbf95b5a442bb023a2b16b0c94fc4311a8402b4c8acca1b2d2e719d7d2e8244b756b9572a6b9bcf75b3a7cb9d24a41b05c7c5284d82bfe79d2c18a5c,07/26/2025 01:56:00 PM,2,DRIVER,,2016270,,MERCEDES-BENZ,OTHER (EXPLAIN IN NARRATIVE),IL,2018,NONE,PASSENGER,PERSONAL,S,STRAIGHT AHEAD,,,1,,,,,Y,,,,,,,,,,Y,Y,,FRONT,,,,,,,,,,,,,,,,,,,,,,,,,,,,,,,,,
2114978,20af1f72c26891825e2facbd0d612112e42ee0b27bca51549f2ab9acc8faf7f6d839ab0ec656e7c4a02156de14c55504dc64e17f614469211cf2a1def86ffc77,07/26/2025 01:50:00 PM,1,DRIVER,,2016221,,NISSAN,ROGUE,IL,2022,NONE,PASSENGER,PERSONAL,E,TURNING LEFT,,,1,,,,,,,,,,,,,,,Y,Y,,FRONT-LEFT-CORNER,,,,,,,,,,,,,,,,,,,,,,,,,,,,,,,,,
2114979,20af1f72c26891825e2facbd0d612112e42ee0b27bca51549f2ab9acc8faf7f6d839ab0ec656e7c4a02156de14c55504dc64e17f614469211cf2a1def86ffc77,07/26/2025 01:50:00 PM,2,DRIVER,,2016230,,CHEVROLET,COLORADO,IL,2016,NONE,PICKUP,PERSONAL,W,STRAIGHT AHEAD,,,1,,,,,,,,,,,,,,,,Y,,FRONT,,,,,,,,,,,,,,,,,,,,,,,,,,,,,,,,,
2115160,5249955de6ba68409247342b7649883771b58e4d78e64c765166299937b83d0aa7e54996fd14cdb366b9c1afe33aa523fe1381d44b793500e35c78a4c49006f1,07/26/2025 01:50:00 PM,1,DRIVER,,2016391,,CHRYSLER,TOWN & COUNTRY,IL,2015,UNKNOWN,VAN/MINI-VAN,PERSONAL,E,STRAIGHT AHEAD,,,1,,,,,,,,,,,,,,Y,Y,Y,,FRONT-LEFT-CORNER,,,,,,,,,,,,,,,,,,,,,,,,,,,,,,,,,
2115161,5249955de6ba68409247342b7649883771b58e4d78e64c765166299937b83d0aa7e54996fd14cdb366b9c1afe33aa523fe1381d44b793500e35c78a4c49006f1,07/26/2025 01:50:00 PM,2,DRIVER,,2016392,,VOLKSWAGEN,TIGUAN,IL,2024,NONE,SPORT UTILITY VEHICLE (SUV),PERSONAL,N,STRAIGHT AHEAD,,,1,,,,,,,,,,,Y,Y,,,,,,REAR-LEFT-CORNER,,,,,,,,,,,,,,,,,,,,,,,,,,,,,,,,,
2115028,f13ac1f736b6621277d4e49126df6f00143ad6a1fd182ff0d6591f1956b07deea27d542bb8db7171394677f4fcbab421a55bc8569705aab5b8fc12c42865393b,07/26/2025 01:50:00 PM,1,DRIVER,,2016264,,HONDA,PILOT,,,UNKNOWN,SPORT UTILITY VEHICLE (SUV),UNKNOWN/NA,W,STRAIGHT AHEAD,,,1,,,,,N,,,,,,,,,,,,Y,UNKNOWN,,,,,,,,,,,,,,,,,,,,,,,,,,,,,,,,,
2115029,f13ac1f736b6621277d4e49126df6f00143ad6a1fd182ff0d6591f1956b07deea27d542bb8db7171394677f4fcbab421a55bc8569705aab5b8fc12c42865393b,07/26/2025 01:50:00 PM,2,PARKED,,2016267,,VOLKSWAGEN,TIGUAN,IL,2015,UNKNOWN,SPORT UTILITY VEHICLE (SUV),PERSONAL,W,PARKED,,,0,,,,,,,,,,,,Y,Y,Y,,,,SIDE-LEFT,,,,,,,,,,,,,,,,,,,,,,,,,,,,,,,,,
2115504,5d41d727de75cfc3ed5b039f34cf67bc2f38dac47f2c194987c67d5b41a79bbb89cc9b89350599b9e8d4ad2bb3a714fb8da345af69b3f01a970941acb771d9d2,07/26/2025 01:30:00 PM,1,DRIVER,,2016734,,UNKNOWN,OTHER (EXPLAIN IN NARRATIVE),,,UNKNOWN,UNKNOWN/NA,UNKNOWN/NA,UNKNOWN,UNKNOWN/NA,,,1,,,,,,,,,,,,,,,,,Y,UNKNOWN,,,,,,,,,,,,,,,,,,,,,,,,,,,,,,,,,
2115505,5d41d727de75cfc3ed5b039f34cf67bc2f38dac47f2c194987c67d5b41a79bbb89cc9b89350599b9e8d4ad2bb3a714fb8da345af69b3f01a970941acb771d9d2,07/26/2025 01:30:00 PM,2,PARKED,,2016737,,HONDA,HR-V,IL,2022,UNKNOWN,SPORT UTILITY VEHICLE (SUV),PERSONAL,UNKNOWN,PARKED,,,0,,,,,,,,,,,Y,Y,,,,,,SIDE-LEFT-REAR,,,,,,,,,,,,,,,,,,,,,,,,,,,,,,,,,
2115514,6a472f291421d52ea883981e2f7614dd77af20a150c284f80c1052edbcf10060cdd6d754be19a139b9c7b3f1fb33dfd766ff306dcb3133ab83101117143f8d7d,07/26/2025 01:30:00 PM,1,DRIVER,,2016740,,GENERAL MOTORS CORPORATION (GMC),SIERRA,IL,2021,UNKNOWN,PICKUP,UNKNOWN/NA,E,TURNING LEFT,,,1,,,,,,,,,,,,,,,,,Y,FRONT,,,,,,,,,,,,,,,,,,,,,,,,,,,,,,,,,
2115515,6a472f291421d52ea883981e2f7614dd77af20a150c284f80c1052edbcf10060cdd6d754be19a139b9c7b3f1fb33dfd766ff306dcb3133ab83101117143f8d7d,07/26/2025 01:30:00 PM,2,PEDESTRIAN,,,,,,,,,,,,,,,,,,,,,,,,,,,,,,,,,,,,,,,,,,,,,,,,,,,,,,,,,,,,,,,,,,
2114993,00e680ea2e2f54fc537c39c1a9f0bbec2beb3428252d58190ff2993543d44b3ec58867892c4d2a190e5c68d5fc446f2c21dfeae6584a2075c41a6c453e04f7aa,07/26/2025 01:24:00 PM,1,DRIVER,,2016236,,JEEP,GRAND CHEROKEE,IL,2022,UNKNOWN,SPORT UTILITY VEHICLE (SUV),PERSONAL,W,STRAIGHT AHEAD,,,1,,,,,,,,,,,,,,,,Y,,FRONT,,,,,,,,,,,,,,,,,,,,,,,,,,,,,,,,,
2114994,00e680ea2e2f54fc537c39c1a9f0bbec2beb3428252d58190ff2993543d44b3ec58867892c4d2a190e5c68d5fc446f2c21dfeae6584a2075c41a6c453e04f7aa,07/26/2025 01:24:00 PM,2,DRIVER,1,2016257,,TOYOTA,COROLLA,NJ,2022,NONE,PASSENGER,OTHER,W,SLOW/STOP IN TRAFFIC,,,2,,,,,,,,,,Y,,,,,,,,REAR,,,,,,,,,,,,,,,,,,,,,,,,,,,,,,,,,
2120100,c02d8c3ee5db9ff07f23809c84dfcfd4b9dbbfa3024c73e0c3109c5857503ec94b737a3f1bbf72a71356bff636fc92bd5a6eec15a46847529fa63f1e8d31ab04,07/26/2025 01:20:00 PM,1,DRIVER,,2021091,,NISSAN,ALTIMA,IL,2019,NONE,PASSENGER,UNKNOWN/NA,E,MERGING,,,1,,,,,,,,,,,,,Y,Y,Y,,,SIDE-LEFT,,,,,,,,,,,,,,,,,,,,,,,,,,,,,,,,,
2120101,c02d8c3ee5db9ff07f23809c84dfcfd4b9dbbfa3024c73e0c3109c5857503ec94b737a3f1bbf72a71356bff636fc92bd5a6eec15a46847529fa63f1e8d31ab04,07/26/2025 01:20:00 PM,2,DRIVER,,2021094,,HONDA,ACCORD,IL,2025,NONE,PASSENGER,PERSONAL,E,STRAIGHT AHEAD,,,1,,,,,Y,Y,Y,Y,Y,,,,,,,,,SIDE-RIGHT,,,,,,,,,,,,,,,,,,,,,,,,,,,,,,,,,
2118483,c6e9fdcd3b7ef26e11b1c48f2ba129141ad42c839ea4a8eb09ca4b44ec07bb8d75a48fe31473d98ccdc7ff2f931d6bd0eb800e61291f267671f174abca147d0f,07/26/2025 01:20:00 PM,1,DRIVER,,2019540,,MERCEDES-BENZ,CLA,OR,2018,NONE,PASSENGER,PERSONAL,W,STRAIGHT AHEAD,,,1,,,,,,,,,,,,,,,,,,UNDER CARRIAGE,,,,,,,,,,,,,,,,,,,,,,,,,,,,,,,,,
2114939,8f83181b5d0967543800708a0195a9939e3dbf10917197d4912adba7e870a8fadf42ad7601904ab4c8c0ef8ad43240603ef5daaff44ec494927c3c0e72a1e058,07/26/2025 01:15:00 PM,1,DRIVER,,2016183,,CHEVROLET,IMPALA,IL,,UNKNOWN,UNKNOWN/NA,UNKNOWN/NA,E,UNKNOWN/NA,,,1,,,,,Y,Y,Y,,,,,,,,,,,FRONT-RIGHT-CORNER,,,,,,,,,,,,,,,,,,,,,,,,,,,,,,,,,
2114940,8f83181b5d0967543800708a0195a9939e3dbf10917197d4912adba7e870a8fadf42ad7601904ab4c8c0ef8ad43240603ef5daaff44ec494927c3c0e72a1e058,07/26/2025 01:15:00 PM,2,DRIVER,,2016191,,TOYOTA,RAV4,IL,2025,NONE,PASSENGER,PERSONAL,E,MERGING,,,1,,,,,,,,,,,Y,Y,Y,Y,Y,,,SIDE-LEFT,,,,,,,,,,,,,,,,,,,,,,,,,,,,,,,,,
2114968,9d0fd20d339bb5ee06c97a2bfb3eb417c7e16c0af260a749ef8d97754f3ee2fc6c658391351abb2422f9410bfba0452cd4514bc521978574e77c26e54714e22e,07/26/2025 01:15:00 PM,1,DRIVER,,2016211,,LEXUS,ES,IL,2023,UNKNOWN,PICKUP,PERSONAL,N,STRAIGHT AHEAD,,,1,,,,,,,,,,,,,,,,,,SIDE-RIGHT,,,,,,,,,,,,,,,,,,,,,,,,,,,,,,,,,
2114969,9d0fd20d339bb5ee06c97a2bfb3eb417c7e16c0af260a749ef8d97754f3ee2fc6c658391351abb2422f9410bfba0452cd4514bc521978574e77c26e54714e22e,07/26/2025 01:15:00 PM,2,PARKED,,2016212,,NISSAN,SENTRA,,2015,UNKNOWN,PASSENGER,NOT IN USE,N,PARKED,,,0,,,,,,,,,,Y,Y,,,,,,,SIDE-RIGHT,,,,,,,,,,,,,,,,,,,,,,,,,,,,,,,,,
2115032,853fdce5843835794cca428eecbdea26dca9d4554263a595755c173a5e7348c80ff18be8dd7f91a4895e0615a0cfae2ad5c5340914ba6fb72e3940634cf73d58,07/26/2025 01:09:00 PM,1,DRIVER,1,2016275,,BUICK,ENCORE,IL,2015,NONE,PASSENGER,PERSONAL,W,TURNING RIGHT,Y,,2,,CPD,103/DOTY RD,,Y,Y,,,,,,,,Y,Y,Y,,FRONT-LEFT-CORNER,,,,,,,,,,,,,,,,,,,,,,,,,,,,,,,,,
2115033,853fdce5843835794cca428eecbdea26dca9d4554263a595755c173a5e7348c80ff18be8dd7f91a4895e0615a0cfae2ad5c5340914ba6fb72e3940634cf73d58,07/26/2025 01:09:00 PM,2,DRIVER,,2016281,,VOLKSWAGEN,TIGUAN,IL,2019,NONE,PASSENGER,PERSONAL,N,STRAIGHT AHEAD,,,1,,,,,Y,Y,,,,,,,,Y,Y,Y,,FRONT-RIGHT-CORNER,,,,,,,,,,,,,,,,,,,,,,,,,,,,,,,,,
2115052,82f39bd14af2f55885c372e9ebf08e406522bd0bbd3ce1aef1baabb487766d2d7dff81ece112e7b43c0a73e0db034849323f14fb43bca07c7b299d69b2cad0d6,07/26/2025 01:05:00 PM,1,DRIVER,,2016290,,TOYOTA,PRIUS,IL,2008,UNKNOWN,PASSENGER,PERSONAL,E,STRAIGHT AHEAD,Y,,1,,PRIVATE TOW,,,Y,Y,,,,,,,,,Y,Y,,FRONT,,,,,,,,,,,,,,,,,,,,,,,,,,,,,,,,,
2115053,82f39bd14af2f55885c372e9ebf08e406522bd0bbd3ce1aef1baabb487766d2d7dff81ece112e7b43c0a73e0db034849323f14fb43bca07c7b299d69b2cad0d6,07/26/2025 01:05:00 PM,2,DRIVER,,2016301,,HONDA,CIVIC,IL,2018,UNKNOWN,PASSENGER,PERSONAL,S,STRAIGHT AHEAD,Y,,1,,PRIVATE TOW,,,,,Y,Y,Y,Y,,,,,,,,REAR-RIGHT-CORNER,,,,,,,,,,,,,,,,,,,,,,,,,,,,,,,,,
2115170,fdb09ffe085e02e25e5b80e2134c0d453a9dbc8443d55803dfa68b7d7d57f90b15631813f89dee0ef7ec775ffd19d66e36eeb96b11f3168eaef95680ab77ec18,07/26/2025 01:05:00 PM,1,DRIVER,,2016400,,UNKNOWN,OTHER (EXPLAIN IN NARRATIVE),,,UNKNOWN,UNKNOWN/NA,UNKNOWN/NA,UNKNOWN,UNKNOWN/NA,,,1,,,,,,,,,,,,,,,,,Y,UNKNOWN,,,,,,,,,,,,,,,,,,,,,,,,,,,,,,,,,
2115171,fdb09ffe085e02e25e5b80e2134c0d453a9dbc8443d55803dfa68b7d7d57f90b15631813f89dee0ef7ec775ffd19d66e36eeb96b11f3168eaef95680ab77ec18,07/26/2025 01:05:00 PM,2,PARKED,,2016407,,HYUNDAI,PALISADE,ND,2025,UNKNOWN,SPORT UTILITY VEHICLE (SUV),PERSONAL,N,PARKED,,,0,,,,,,,,,,,Y,,,,,,,REAR-LEFT-CORNER,,,,,,,,,,,,,,,,,,,,,,,,,,,,,,,,,
2116393,270d6b1e7eb28b6977f3609ce714b0a4367d21a6e0afde6df998915a8ebdc2dc05c3a697b9560c533160e79211b35d9bed29e2d3008718797ac2135f8bf4d3f5,07/26/2025 01:00:00 PM,1,DRIVER,,2017563,,FORD,F150,IL,2013,UNKNOWN,PICKUP,UNKNOWN/NA,S,UNKNOWN/NA,,,1,,,,,,,,,,,Y,Y,Y,,,,,SIDE-LEFT,,,,,,,,,,,,,,,,,,,,,,,,,,,,,,,,,
2116394,270d6b1e7eb28b6977f3609ce714b0a4367d21a6e0afde6df998915a8ebdc2dc05c3a697b9560c533160e79211b35d9bed29e2d3008718797ac2135f8bf4d3f5,07/26/2025 01:00:00 PM,2,DRIVER,1,2017571,,CHEVROLET,EQUINOX,IL,2010,NONE,PASSENGER,PERSONAL,W,STRAIGHT AHEAD,,,2,,,,,Y,,,,,,,,,,Y,Y,,FRONT,,,,,,,,,,,,,,,,,,,,,,,,,,,,,,,,,
2118458,5645d26703e80306a59e2dc78fc291fecc5975cfcd9958c890f029ece1839201961261fa7e429295bff51146790ff2adbea8f14e06f25884be9383402f11ce0b,07/26/2025 01:00:00 PM,1,DRIVER,,2019501,,HONDA,CIVIC,IL,2012,NONE,PASSENGER,PERSONAL,W,STRAIGHT AHEAD,,,1,,,,,,,,,,,,,,,,,,FRONT-RIGHT-CORNER,,,,,,,,,,,,,,,,,,,,,,,,,,,,,,,,,
2115079,6ea0f8c5c0d6e6c16f72f17e22c26fe9cac088293770d477981447daaf54fdbd9c676480c66bbc1c0fd691d7b98d7cc17e021977b034ed4c56c3590f59c554eb,07/26/2025 01:00:00 PM,1,DRIVER,,2016314,,HONDA,ODYSSEY,IL,2010,UNKNOWN,OTHER,UNKNOWN/NA,E,TURNING RIGHT,,,1,,,,,,,,Y,Y,,,,,,,,,REAR-RIGHT-CORNER,,,,,,,,,,,,,,,,,,,,,,,,,,,,,,,,,
2115080,6ea0f8c5c0d6e6c16f72f17e22c26fe9cac088293770d477981447daaf54fdbd9c676480c66bbc1c0fd691d7b98d7cc17e021977b034ed4c56c3590f59c554eb,07/26/2025 01:00:00 PM,2,DRIVER,,2016317,,LEXUS,RX350,IL,2022,UNKNOWN,SPORT UTILITY VEHICLE (SUV),UNKNOWN/NA,E,TURNING RIGHT,,,1,,,,,,,,,,,,,,Y,Y,Y,,FRONT-LEFT-CORNER,,,,,,,,,,,,,,,,,,,,,,,,,,,,,,,,,
2115042,8e3c00086d6376d846fb269caa4a372f55718ee6ce10e78fe6af5535e04dd5a777da3f99a1a11940bac633a6d0919ff64c754503448484ccd791acbcf0a3b050,07/26/2025 01:00:00 PM,1,DRIVER,,2016277,,UNKNOWN,OTHER (EXPLAIN IN NARRATIVE),,,UNKNOWN,PASSENGER,UNKNOWN/NA,N,STRAIGHT AHEAD,,,1,,,,,,,,,,Y,,,,,,N,,REAR,,,,,,,,,,,,,,,,,,,,,,,,,,,,,,,,,
2115043,8e3c00086d6376d846fb269caa4a372f55718ee6ce10e78fe6af5535e04dd5a777da3f99a1a11940bac633a6d0919ff64c754503448484ccd791acbcf0a3b050,07/26/2025 01:00:00 PM,2,DRIVER,,2016279,,CHEVROLET,IMPALA,IL,2017,NONE,PASSENGER,PERSONAL,N,STRAIGHT AHEAD,,,1,,,,,,,,,,,,,,,,Y,,FRONT,,,,,,,,,,,,,,,,,,,,,,,,,,,,,,,,,
2114953,5396a44dd14a3f29c131279a3201d2f7d621d36ee9e11ff2a873971eb3c324d9c0673eccdb6e6e8aeb91e18d425dcd4512f1c360062f3b892d1d1fcb041fb74d,07/26/2025 12:55:00 PM,1,DRIVER,,2016202,,TOYOTA,CAMRY,IL,2016,NONE,PASSENGER,PERSONAL,N,STRAIGHT AHEAD,Y,,1,,,,,Y,,,,,,,,,,Y,Y,,FRONT,,,,,,,,,,,,,,,,,,,,,,,,,,,,,,,,,
2114954,5396a44dd14a3f29c131279a3201d2f7d621d36ee9e11ff2a873971eb3c324d9c0673eccdb6e6e8aeb91e18d425dcd4512f1c360062f3b892d1d1fcb041fb74d,07/26/2025 12:55:00 PM,2,DRIVER,,2016210,,DODGE,CARAVAN,IL,2010,NONE,VAN/MINI-VAN,PERSONAL,N,SLOW/STOP IN TRAFFIC,N,,1,,,,,Y,,,,Y,Y,Y,,,,Y,Y,N,REAR,,,,,,,,,,,,,,,,,,,,,,,,,,,,,,,,,
2114955,5396a44dd14a3f29c131279a3201d2f7d621d36ee9e11ff2a873971eb3c324d9c0673eccdb6e6e8aeb91e18d425dcd4512f1c360062f3b892d1d1fcb041fb74d,07/26/2025 12:55:00 PM,3,DRIVER,1,2016218,,HYUNDAI,SANTA FE,IL,2021,NONE,PASSENGER,PERSONAL,N,SLOW/STOP IN TRAFFIC,,,2,,,,,,,,,Y,Y,Y,,,,,,,REAR,,,,,,,,,,,,,,,,,,,,,,,,,,,,,,,,,
2114973,612353e893220c07c0462985e12c8c95f216e54d56d4063d8e6df20f3de8b3412a76b0f7abe1b2fb27dc52278775af98d0338d00be2f7eb73dc06d2d48eef5a9,07/26/2025 12:55:00 PM,1,DRIVER,,2016216,Y,FORD,OTHER (EXPLAIN IN NARRATIVE),IL,2021,UNKNOWN,VAN/MINI-VAN,COMMERCIAL - SINGLE UNIT,N,TURNING RIGHT,,,1,,,,,,,,,Y,Y,Y,,,,,,,SIDE-RIGHT-REAR,"21,895",,,,,2,LOGIKSTER LLC,IL,CHICAGO,,,,N,N,,N,,N,N,,,,,,,,,"SINGLE UNIT TRUCK, 2 AXLES, 6 TIRES",VAN/ENCLOSED BOX,OTHER,N,N,
2114974,612353e893220c07c0462985e12c8c95f216e54d56d4063d8e6df20f3de8b3412a76b0f7abe1b2fb27dc52278775af98d0338d00be2f7eb73dc06d2d48eef5a9,07/26/2025 12:55:00 PM,2,PARKED,,2016220,,HONDA,CR-V,IL,2008,UNKNOWN,PASSENGER,NOT IN USE,N,PARKED,Y,,0,,,,,Y,Y,,,,,,,,Y,Y,Y,,FRONT,,,,,,,,,,,,,,,,,,,,,,,,,,,,,,,,,
2114951,88d2e5c745162da9f72afb880d7a6b4fbfed8513392860707f9ff37f7282deea78b6c26772a02dc8fb6406de3d89da6fa4acd5ec62844f24c05aa7cbd7b8a73b,07/26/2025 12:42:00 PM,1,DRIVER,,2016197,,FORD,F150,IL,2010,UNKNOWN,PICKUP,UNKNOWN/NA,E,OTHER,,,1,,,,,,,,,,,,,,,,,Y,UNKNOWN,,,,,,,,,,,,,,,,,,,,,,,,,,,,,,,,,
2114952,88d2e5c745162da9f72afb880d7a6b4fbfed8513392860707f9ff37f7282deea78b6c26772a02dc8fb6406de3d89da6fa4acd5ec62844f24c05aa7cbd7b8a73b,07/26/2025 12:42:00 PM,2,DRIVER,,2016205,,LINCOLN,CORSAIR,IL,2024,UNKNOWN,PASSENGER,PERSONAL,E,OTHER,,,1,,,,,,,,,,,,,Y,Y,Y,,,UNKNOWN,,,,,,,,,,,,,,,,,,,,,,,,,,,,,,,,,
2114982,544462eb0c7640ca9dc2815268e711f57452b1a17802a811591fe4c0b3a0ad1ca42454ce7a777911d38742ebeb4961cbd2e59f78ddd05d78dd099ffe22474539,07/26/2025 12:41:00 PM,1,DRIVER,,2016229,,MERCURY,GRAND MARQUIS,GA,2005,UNKNOWN,PASSENGER,UNKNOWN/NA,W,STRAIGHT AHEAD,,,1,,,,,,,,,,,,,,,Y,,,FRONT-LEFT-CORNER,,,,,,,,,,,,,,,,,,,,,,,,,,,,,,,,,
2114995,544462eb0c7640ca9dc2815268e711f57452b1a17802a811591fe4c0b3a0ad1ca42454ce7a777911d38742ebeb4961cbd2e59f78ddd05d78dd099ffe22474539,07/26/2025 12:41:00 PM,2,DRIVER,,2016234,,CHEVROLET,CRUZE,IL,2013,UNKNOWN,PASSENGER,UNKNOWN/NA,NW,TURNING LEFT,,,1,,,,,,,Y,Y,Y,,,,,,,,,SIDE-RIGHT-REAR,,,,,,,,,,,,,,,,,,,,,,,,,,,,,,,,,
2117533,bd504a9dadb5f3ed158021b815703119042389f4334bf94ad6d8f97994c4cd514b196981e5774461a9242d1aca3f2c94b49fc97bd5f9ca0b2e4eb54e18f13504,07/26/2025 12:40:00 PM,1,DRIVER,,2018616,,GENERAL MOTORS CORPORATION (GMC),TERRAIN,WI,2019,UNKNOWN,SPORT UTILITY VEHICLE (SUV),PERSONAL,N,OTHER,,,1,,,,,,,,,,,,,Y,,,,,SIDE-LEFT,,,,,,,,,,,,,,,,,,,,,,,,,,,,,,,,,
2117534,bd504a9dadb5f3ed158021b815703119042389f4334bf94ad6d8f97994c4cd514b196981e5774461a9242d1aca3f2c94b49fc97bd5f9ca0b2e4eb54e18f13504,07/26/2025 12:40:00 PM,2,BICYCLE,,,,,,,,,,,,,,,,,,,,,,,,,,,,,,,,,,,,,,,,,,,,,,,,,,,,,,,,,,,,,,,,,,
2117550,bd504a9dadb5f3ed158021b815703119042389f4334bf94ad6d8f97994c4cd514b196981e5774461a9242d1aca3f2c94b49fc97bd5f9ca0b2e4eb54e18f13504,07/26/2025 12:40:00 PM,3,DRIVER,,2018623,,UNKNOWN,OTHER (EXPLAIN IN NARRATIVE),,,UNKNOWN,UNKNOWN/NA,UNKNOWN/NA,N,SLOW/STOP IN TRAFFIC,,,1,,,,,,,,,Y,,,,,,,,,REAR-RIGHT-CORNER,,,,,,,,,,,,,,,,,,,,,,,,,,,,,,,,,
2115125,b303c273223fc029a45e6921e31ca37211f5fac4fdc7fcbac24f40962863fd7f1481eaacb0c0f460624a8ded603d0fe3704f7bd0b8bd005127a13a3f4f80656a,07/26/2025 12:30:00 PM,1,DRIVER,,2016361,,MITSUBISHI,MIRAGE,IN,,UNKNOWN,UNKNOWN/NA,UNKNOWN/NA,W,UNKNOWN/NA,,,1,,,,,,,,,,,,,,,,,Y,UNKNOWN,,,,,,,,,,,,,,,,,,,,,,,,,,,,,,,,,
2115126,b303c273223fc029a45e6921e31ca37211f5fac4fdc7fcbac24f40962863fd7f1481eaacb0c0f460624a8ded603d0fe3704f7bd0b8bd005127a13a3f4f80656a,07/26/2025 12:30:00 PM,2,PARKED,,2016369,,NISSAN,SENTRA,IL,2017,UNKNOWN,PASSENGER,PERSONAL,S,PARKED,,,0,,,,,Y,,,,,,,,,,Y,Y,,FRONT,,,,,,,,,,,,,,,,,,,,,,,,,,,,,,,,,
2115014,ceb7c36b7ad8083bc0d116e2d3b65a6d8b72b496a675f74d2f4c377bd516f59d46c7e4f1458a9e1fd8f0ffec1017ccd4fc5a0d4bc0bfacfea8e1f25c7214a63c,07/26/2025 12:30:00 PM,1,DRIVER,,2016254,,UNKNOWN,OTHER (EXPLAIN IN NARRATIVE),,,UNKNOWN,UNKNOWN/NA,UNKNOWN/NA,UNKNOWN,UNKNOWN/NA,,,1,,,,N,,,,,,,,,,,,,Y,UNKNOWN,,,,,,,,,,,,,,,,,,,,,,,,,,,,,,,,,
2115015,ceb7c36b7ad8083bc0d116e2d3b65a6d8b72b496a675f74d2f4c377bd516f59d46c7e4f1458a9e1fd8f0ffec1017ccd4fc5a0d4bc0bfacfea8e1f25c7214a63c,07/26/2025 12:30:00 PM,2,PARKED,,2016256,,FORD,ESCAPE,IL,2018,UNKNOWN,PASSENGER,PERSONAL,S,PARKED,Y,,0,,,Auto pound #2,,,,,,,,,,,Y,Y,,,FRONT-LEFT-CORNER,,,,,,,,,,,,,,,,,,,,,,,,,,,,,,,,,