CRASH_UNIT_ID,CRASH_RECORD_ID,CRASH_DATE,UNIT_NO,UNIT_TYPE,NUM_PASSENGERS,VEHICLE_ID,CMRC_VEH_I,MAKE,MODEL,LIC_PLATE_STATE,VEHICLE_YEAR,VEHICLE_DEFECT,VEHICLE_TYPE,VEHICLE_USE,TRAVEL_DIRECTION,MANEUVER,TOWED_I,FIRE_I,OCCUPANT_CNT,EXCEED_SPEED_LIMIT_I,TOWED_BY,TOWED_TO,AREA_00_I,AREA_01_I,AREA_02_I,AREA_03_I,AREA_04_I,AREA_05_I,AREA_06_I,AREA_07_I,AREA_08_I,AREA_09_I,AREA_10_I,AREA_11_I,AREA_12_I,AREA_99_I,FIRST_CONTACT_POINT,CMV_ID,USDOT_NO,CCMC_NO,ILCC_NO,COMMERCIAL_SRC,GVWR,CARRIER_NAME,CARRIER_STATE,CARRIER_CITY,HAZMAT_PLACARDS_I,HAZMAT_NAME,UN_NO,HAZMAT_PRESENT_I,HAZMAT_REPORT_I,HAZMAT_REPORT_NO,MCS_REPORT_I,MCS_REPORT_NO,HAZMAT_VIO_CAUSE_CRASH_I,MCS_VIO_CAUSE_CRASH_I,IDOT_PERMIT_NO,WIDE_LOAD_I,TRAILER1_WIDTH,TRAILER2_WIDTH,TRAILER1_LENGTH,TRAILER2_LENGTH,TOTAL_VEHICLE_LENGTH,AXLE_CNT,VEHICLE_CONFIG,CARGO_BODY_TYPE,LOAD_TYPE,HAZMAT_OUT_OF_SERVICE_I,MCS_OUT_OF_SERVICE_I,HAZMAT_CLASS
2115483,e5936c83ff3c81b6e01a68bc0f5149b0af8bb25e924758775d4b903348189768cfb8ef6de38b048446ee958e925dcec22c18f433f424c8c34b55f5604e1194b5,07/26/2025 12:30:00 PM,1,DRIVER,,2016719,,TOYOTA,HIGHLANDER,IL,2016,UNKNOWN,SPORT UTILITY VEHICLE (SUV),PERSONAL,W,STRAIGHT AHEAD,,,1,,,,,Y,Y,Y,Y,Y,,,,,,,,,TOTAL (ALL AREAS),,,,,,,,,,,,,,,,,,,,,,,,,,,,,,,,,
2115484,e5936c83ff3c81b6e01a68bc0f5149b0af8bb25e924758775d4b903348189768cfb8ef6de38b048446ee958e925dcec22c18f433f424c8c34b55f5604e1194b5,07/26/2025 12:30:00 PM,2,DRIVER,,2016725,,TESLA,OTHER (EXPLAIN IN NARRATIVE),IL,2023,UNKNOWN,PASSENGER,UNKNOWN/NA,W,STRAIGHT AHEAD,,,1,,,,,,,,,,,Y,Y,,,,,,TOTAL (ALL AREAS),,,,,,,,,,,,,,,,,,,,,,,,,,,,,,,,,
2114983,b464d1132f79d491ba91cdf1b08a5f6638d1ed8f26edc3e30ed77323adba07f3be31ec46206d62be94a164b019545e2cb9d3daccd35fb3a214d3bbd41c1a8193,07/26/2025 12:27:00 PM,1,DRIVER,,2016226,,JEEP,WRANGLER,IL,2022,UNKNOWN,SPORT UTILITY VEHICLE (SUV),PERSONAL,N,STRAIGHT AHEAD,,,1,,,,,,,,,,,,,,,,,Y,UNKNOWN,,,,,,,,,,,,,,,,,,,,,,,,,,,,,,,,,
2114984,b464d1132f79d491ba91cdf1b08a5f6638d1ed8f26edc3e30ed77323adba07f3be31ec46206d62be94a164b019545e2cb9d3daccd35fb3a214d3bbd41c1a8193,07/26/2025 12:27:00 PM,2,DRIVER,5,2016237,,KIA,SORENTO,WI,2021,UNKNOWN,SPORT UTILITY VEHICLE (SUV),PERSONAL,N,STRAIGHT AHEAD,,,6,,,,,,,,,Y,Y,Y,,,,,,,REAR,,,,,,,,,,,,,,,,,,,,,,,,,,,,,,,,,
2114929,77aad512a183e21a569dd68b1bdd2eaa11412a6817271d640f306b66e78fb3ec6ce947b1194d1bd5dc883c637fdddf556ca137e963450b117efa7546857b1497,07/26/2025 12:25:00 PM,1,DRIVER,,2016182,,ACURA,RLX,IL,2011,NONE,PASSENGER,PERSONAL,W,MERGING,,,1,,,,,,,,,,,,,,,Y,,,FRONT-LEFT-CORNER,,,,,,,,,,,,,,,,,,,,,,,,,,,,,,,,,
2114930,77aad512a183e21a569dd68b1bdd2eaa11412a6817271d640f306b66e78fb3ec6ce947b1194d1bd5dc883c637fdddf556ca137e963450b117efa7546857b1497,07/26/2025 12:25:00 PM,2,PARKED,,2016186,,CHRYSLER,200,IL,2016,NONE,PASSENGER,PERSONAL,W,PARKED,,,0,,,,,,,,,,,,,,Y,,,,SIDE-RIGHT-FRONT,,,,,,,,,,,,,,,,,,,,,,,,,,,,,,,,,
2114945,ed769fb2109b9d185413cf81dc65aa1c53ae2f4e246348bd6ae635944363762b3a3993ade040bb22aacc9ca3549048ffad12f260683f27c2cf46700c3f284d22,07/26/2025 12:24:00 PM,1,DRIVER,,2016187,,LEXUS,NX,IL,2017,NONE,SPORT UTILITY VEHICLE (SUV),PERSONAL,NE,ENTER FROM DRIVE/ALLEY,Y,,1,,PRIVATE,,,,,,,,,,Y,,,,,,SIDE-LEFT-REAR,,,,,,,,,,,,,,,,,,,,,,,,,,,,,,,,,
2114946,ed769fb2109b9d185413cf81dc65aa1c53ae2f4e246348bd6ae635944363762b3a3993ade040bb22aacc9ca3549048ffad12f260683f27c2cf46700c3f284d22,07/26/2025 12:24:00 PM,2,DRIVER,,2016194,,SUBARU,IMPREZA,IL,2008,NONE,PASSENGER,PERSONAL,S,STRAIGHT AHEAD,,,1,,,,,,,,,,,,,,,Y,Y,,FRONT,,,,,,,,,,,,,,,,,,,,,,,,,,,,,,,,,
2120729,f29ea5bf3909ed142deae90983d48d3fc36c97f3c386ec308ea5b1b1572b394f36c0a4fb9cb0beb9edc25a11a61bb80e1731b8ef6a814ce309b431e9defb5ec3,07/26/2025 12:22:00 PM,1,DRIVER,,2021692,,NISSAN,ROGUE,IL,2011,NONE,PASSENGER,PERSONAL,E,STRAIGHT AHEAD,,,1,,,,,,,,,,,,,,,Y,,,FRONT-LEFT-CORNER,,,,,,,,,,,,,,,,,,,,,,,,,,,,,,,,,
2120730,f29ea5bf3909ed142deae90983d48d3fc36c97f3c386ec308ea5b1b1572b394f36c0a4fb9cb0beb9edc25a11a61bb80e1731b8ef6a814ce309b431e9defb5ec3,07/26/2025 12:22:00 PM,2,DRIVER,,2021697,,NISSAN,SENTRA,IL,2019,NONE,PASSENGER,PERSONAL,S,STRAIGHT AHEAD,,,1,,,,,Y,,,,,,,,,,Y,Y,,FRONT,,,,,,,,,,,,,,,,,,,,,,,,,,,,,,,,,
2114976,b7d3e61bfcb8092d9319ffe0e872b0f632fce21e38302521f8421b0727e5a95dba1fe2eee10dc917db408eaf5ea654ffc0aa29548a309e87474fed37f03dff95,07/26/2025 12:02:00 PM,1,DRIVER,,2016228,,TOYOTA,CAMRY,IL,2013,UNKNOWN,PASSENGER,PERSONAL,N,STRAIGHT AHEAD,,,1,,,,,Y,Y,,,,,,,,Y,Y,Y,,FRONT-RIGHT-CORNER,,,,,,,,,,,,,,,,,,,,,,,,,,,,,,,,,
2114977,b7d3e61bfcb8092d9319ffe0e872b0f632fce21e38302521f8421b0727e5a95dba1fe2eee10dc917db408eaf5ea654ffc0aa29548a309e87474fed37f03dff95,07/26/2025 12:02:00 PM,2,PARKED,,2016232,,HONDA,PILOT,IL,2013,UNKNOWN,PASSENGER,PERSONAL,N,PARKED,,,0,,,,,,,,,,,Y,Y,,,,,,REAR-LEFT-CORNER,,,,,,,,,,,,,,,,,,,,,,,,,,,,,,,,,
2114931,c779b83b1b96b717d61708d64c8c4028e750170eedf664fb273cc9d4d13d19a31859201d3b9975374bb846a2813ef0bc74f222a68284225f64ab35f2dc4dca9c,07/26/2025 12:01:00 PM,1,DRIVER,,2016175,,NISSAN,ALTIMA,IL,2015,UNKNOWN,UNKNOWN/NA,UNKNOWN/NA,UNKNOWN,BACKING,,,1,,,,,,,,,,,,,,,,,Y,REAR-LEFT-CORNER,,,,,,,,,,,,,,,,,,,,,,,,,,,,,,,,,
2114932,c779b83b1b96b717d61708d64c8c4028e750170eedf664fb273cc9d4d13d19a31859201d3b9975374bb846a2813ef0bc74f222a68284225f64ab35f2dc4dca9c,07/26/2025 12:01:00 PM,2,PARKED,1,2016181,,SUBARU,OUTBACK,CA,2015,UNKNOWN,SPORT UTILITY VEHICLE (SUV),UNKNOWN/NA,UNKNOWN,PARKED,,,1,,,,,Y,,,,,,,,,,,,,FRONT-RIGHT-CORNER,,,,,,,,,,,,,,,,,,,,,,,,,,,,,,,,,
2115218,363447480c468890b686e5568f9ade4d8fe697577fbbe1146fceb97a33618ef993c675d807df8941bd8b9aaa9fbe9e973cf5df8231616ba83da86170841d5e3a,07/26/2025 12:00:00 PM,1,DRIVER,,2016456,,UNKNOWN,OTHER (EXPLAIN IN NARRATIVE),,,UNKNOWN,UNKNOWN/NA,UNKNOWN/NA,S,UNKNOWN/NA,,,1,,,,,,,,,,,,,,,Y,Y,,UNKNOWN,,,,,,,,,,,,,,,,,,,,,,,,,,,,,,,,,
2115219,363447480c468890b686e5568f9ade4d8fe697577fbbe1146fceb97a33618ef993c675d807df8941bd8b9aaa9fbe9e973cf5df8231616ba83da86170841d5e3a,07/26/2025 12:00:00 PM,2,PARKED,,2016447,,TOYOTA,RAV4,IL,2019,NONE,SPORT UTILITY VEHICLE (SUV),PERSONAL,S,PARKED,,,0,,,,,,,,Y,Y,Y,,,,,,,,REAR-RIGHT-CORNER,,,,,,,,,,,,,,,,,,,,,,,,,,,,,,,,,
2116774,47d17ba1b78ed4496f9f8c5445ebc153bc51e6fb96cb1d937cea908c2c9b049416e8e7c984ea824ae69ee0a05bddcfed1a6ed7c0301bf3f0ef1f80018df39869,07/26/2025 12:00:00 PM,1,DRIVER,,2017933,,UNKNOWN,OTHER (EXPLAIN IN NARRATIVE),IL,,UNKNOWN,UNKNOWN/NA,UNKNOWN/NA,UNKNOWN,UNKNOWN/NA,,,1,,,,,,,,,,,,,,,,,Y,UNKNOWN,,,,,,,,,,,,,,,,,,,,,,,,,,,,,,,,,
2116775,47d17ba1b78ed4496f9f8c5445ebc153bc51e6fb96cb1d937cea908c2c9b049416e8e7c984ea824ae69ee0a05bddcfed1a6ed7c0301bf3f0ef1f80018df39869,07/26/2025 12:00:00 PM,2,PARKED,,2017943,,FORD,CLUB WAGON,IL,2015,UNKNOWN,UNKNOWN/NA,UNKNOWN/NA,W,PARKED,,,0,,,,,,,,,,,,,,,,Y,,FRONT,,,,,,,,,,,,,,,,,,,,,,,,,,,,,,,,,
2114958,5fd674b806eace5a02c2192ecea8e60107b0fbe36ff4ab40b5e452d3669c866cd9fd7e301de42cd3ce84de142554dee06afd880aede358eab2fa5f3829e14cd0,07/26/2025 12:00:00 PM,1,DRIVER,,2016203,,HONDA,CR-V,IL,2019,UNKNOWN,SPORT UTILITY VEHICLE (SUV),UNKNOWN/NA,S,TURNING LEFT,,,1,,,,,,,,,,,,,,Y,Y,,,UNKNOWN,,,,,,,,,,,,,,,,,,,,,,,,,,,,,,,,,
2114959,5fd674b806eace5a02c2192ecea8e60107b0fbe36ff4ab40b5e452d3669c866cd9fd7e301de42cd3ce84de142554dee06afd880aede358eab2fa5f3829e14cd0,07/26/2025 12:00:00 PM,2,DRIVER,,2016208,,FORD,EXPLORER,IL,2007,NONE,SPORT UTILITY VEHICLE (SUV),PERSONAL,W,TURNING LEFT,,,1,,,,,Y,,,,,,,,,,,Y,,FRONT-RIGHT-CORNER,,,,,,,,,,,,,,,,,,,,,,,,,,,,,,,,,
2114935,685b2cafd4f7fa453b552dca82c27a4b392719ad0ed8e3ca0ef6f8a6226c8c6357fb46ee2fc255f7a3b4379773797e6315c6f5320c30ea796e5d48367142d8e5,07/26/2025 12:00:00 PM,1,DRIVER,,2016178,,SUBARU,OTHER (EXPLAIN IN NARRATIVE),,,UNKNOWN,PASSENGER,UNKNOWN/NA,N,LEAVING TRAFFIC LANE TO PARK,,,1,,,,,,,,,,,,,,,,Y,,FRONT,,,,,,,,,,,,,,,,,,,,,,,,,,,,,,,,,
2114936,685b2cafd4f7fa453b552dca82c27a4b392719ad0ed8e3ca0ef6f8a6226c8c6357fb46ee2fc255f7a3b4379773797e6315c6f5320c30ea796e5d48367142d8e5,07/26/2025 12:00:00 PM,2,PARKED,,2016176,,KIA,SORENTO,IL,2025,NONE,PASSENGER,PERSONAL,N,PARKED,,,0,,,,,,,,,,Y,,,,,,,,REAR,,,,,,,,,,,,,,,,,,,,,,,,,,,,,,,,,
2114923,77bc505fdeebc132ea6cd4285f0c228069958c77f840fcacae3c0aa90706cc6a035be4d44d6b9eafc7b49a9513f2a0566481703404ad440f54870a35f79cbc77,07/26/2025 12:00:00 PM,1,DRIVER,,2016173,,FORD,ESCAPE,IL,2007,NONE,PASSENGER,PERSONAL,SW,TURNING LEFT,,,1,,,,,,,,,,,,,,,Y,,,FRONT-LEFT-CORNER,,,,,,,,,,,,,,,,,,,,,,,,,,,,,,,,,
2114924,77bc505fdeebc132ea6cd4285f0c228069958c77f840fcacae3c0aa90706cc6a035be4d44d6b9eafc7b49a9513f2a0566481703404ad440f54870a35f79cbc77,07/26/2025 12:00:00 PM,2,DRIVER,2,2016172,,HONDA,PASSPORT,IL,2019,NONE,PASSENGER,PERSONAL,SE,TURNING LEFT,,,3,,,,,,,,,,,,Y,Y,,,,,SIDE-LEFT-REAR,,,,,,,,,,,,,,,,,,,,,,,,,,,,,,,,,
2114933,8356003944eed6ef757d38ed639d560f691ac0e12e5daa97a56aa292b900d8e92db7adf836a854cf32a90c3ec0b05144872e70df74efb09f3a52f2d2e575b66f,07/26/2025 12:00:00 PM,1,DRIVER,,2016174,,PORSCHE,OTHER (EXPLAIN IN NARRATIVE),,,UNKNOWN,SPORT UTILITY VEHICLE (SUV),UNKNOWN/NA,UNKNOWN,UNKNOWN/NA,,,1,,,,,,,,,,,,,,,,,Y,UNKNOWN,,,,,,,,,,,,,,,,,,,,,,,,,,,,,,,,,
2114934,8356003944eed6ef757d38ed639d560f691ac0e12e5daa97a56aa292b900d8e92db7adf836a854cf32a90c3ec0b05144872e70df74efb09f3a52f2d2e575b66f,07/26/2025 12:00:00 PM,2,DRIVER,,2016177,,VOLKSWAGEN,JETTA,IL,2020,NONE,PASSENGER,PERSONAL,E,OTHER,,,1,,,,,,,,,,Y,Y,,,,,,Y,REAR-LEFT-CORNER,,,,,,,,,,,,,,,,,,,,,,,,,,,,,,,,,
2114909,b56c13137b3e8438cc683fa1fa4701c74515c298e4fc1518b801c27aaaeb0b2e0e7e2e4a327cb0358ad1f57dd901f8809c125ac82ca23fdd9b166d11f842880f,07/26/2025 11:45:00 AM,1,DRIVER,,2016154,,TOYOTA,CAMRY,IL,2005,UNKNOWN,PASSENGER,PERSONAL,W,MERGING,,,1,,,,Y,N,,,,,,,,,,,,,NONE,,,,,,,,,,,,,,,,,,,,,,,,,,,,,,,,,
2114910,b56c13137b3e8438cc683fa1fa4701c74515c298e4fc1518b801c27aaaeb0b2e0e7e2e4a327cb0358ad1f57dd901f8809c125ac82ca23fdd9b166d11f842880f,07/26/2025 11:45:00 AM,2,DRIVER,,2016160,,NOVA BUS,OTHER (EXPLAIN IN NARRATIVE),IL,2023,NONE,BUS OVER 15 PASS.,CTA,W,STRAIGHT AHEAD,,,1,,,,Y,,,,,,,,,,,,,,NONE,,,,,,,,,,,,,,,,,,,,,,,,,,,,,,,,,
2114947,15b04a0431d5b59364a87f9a68e2af4412abc98f25a52ee50f00f0a9e4525bbe8736a67aaad77e805ad0d6c797a94f0588761ddabfb6e64c89e5cce856a1a509,07/26/2025 11:40:00 AM,1,DRIVER,,2016189,,CHEVROLET,EQUINOX,IL,2019,UNKNOWN,PASSENGER,PERSONAL,W,STRAIGHT AHEAD,,,1,,,,,,,,,,Y,Y,,,,,,,SIDE-LEFT-REAR,,,,,,,,,,,,,,,,,,,,,,,,,,,,,,,,,
2114948,15b04a0431d5b59364a87f9a68e2af4412abc98f25a52ee50f00f0a9e4525bbe8736a67aaad77e805ad0d6c797a94f0588761ddabfb6e64c89e5cce856a1a509,07/26/2025 11:40:00 AM,2,DRIVER,,2016204,,HYUNDAI,TUCSON,IL,2025,NONE,PASSENGER,PERSONAL,W,STRAIGHT AHEAD,,,1,,,,,Y,,,,,,,,,,,,,SIDE-RIGHT,,,,,,,,,,,,,,,,,,,,,,,,,,,,,,,,,
2114917,73e2c40f5913120a4136e9fea08953e96aa223c8c71ae01525c4e7749a9530a679497def87e911b22b6a83c79d9d397e06cfb6c562546d7a8d5b1bf66b323dc5,07/26/2025 11:40:00 AM,1,DRIVER,,2016164,,NISSAN,ALTIMA,IL,2017,UNKNOWN,PASSENGER,PERSONAL,W,TURNING LEFT,,,1,,,,,,,,,,,,,,Y,Y,Y,,FRONT-LEFT-CORNER,,,,,,,,,,,,,,,,,,,,,,,,,,,,,,,,,
2114918,73e2c40f5913120a4136e9fea08953e96aa223c8c71ae01525c4e7749a9530a679497def87e911b22b6a83c79d9d397e06cfb6c562546d7a8d5b1bf66b323dc5,07/26/2025 11:40:00 AM,2,DRIVER,,2017847,,HONDA,ACCORD,IL,2007,UNKNOWN,PASSENGER,PERSONAL,E,STRAIGHT AHEAD,,,1,,,,,,,,Y,Y,,,,,,,,,REAR-RIGHT-CORNER,,,,,,,,,,,,,,,,,,,,,,,,,,,,,,,,,
2114921,526888e716d25bb5eeed23f66b5b393baada1198942744ae6957e55c335a3d35ae661e5f9e8e34f8ca18c8544e0ebe745629d70e8de9f3fe0451b1b71663e3eb,07/26/2025 11:35:00 AM,1,DRIVER,,2016165,,UNKNOWN,MOTORIZED,IN,,UNKNOWN,PASSENGER,UNKNOWN/NA,N,STRAIGHT AHEAD,,,1,,,,,,,,,,,,Y,Y,Y,,,,SIDE-LEFT,,,,,,,,,,,,,,,,,,,,,,,,,,,,,,,,,
2114922,526888e716d25bb5eeed23f66b5b393baada1198942744ae6957e55c335a3d35ae661e5f9e8e34f8ca18c8544e0ebe745629d70e8de9f3fe0451b1b71663e3eb,07/26/2025 11:35:00 AM,2,DRIVER,3,2016171,,JEEP,GRAND CHEROKEE,IL,2014,NONE,SPORT UTILITY VEHICLE (SUV),PERSONAL,S,TURNING LEFT,,,4,,,,,,,,,,,,,,,Y,Y,,FRONT,,,,,,,,,,,,,,,,,,,,,,,,,,,,,,,,,
2114913,47f68200fa7b727d7db5d2e4a2eb18f84d431b849601dff72c7d9a611a0c9e1c3ea7a26991f2fcc4557d59152a85bbf17dea3d494f1abef45aa242c86bf1bd61,07/26/2025 11:31:00 AM,1,DRIVER,1,2016156,,HYUNDAI,TUCSON,IL,2019,UNKNOWN,SPORT UTILITY VEHICLE (SUV),UNKNOWN/NA,NE,UNKNOWN/NA,,,2,,,,,,,,,,,,,,,,,Y,SIDE-LEFT,,,,,,,,,,,,,,,,,,,,,,,,,,,,,,,,,
2114914,47f68200fa7b727d7db5d2e4a2eb18f84d431b849601dff72c7d9a611a0c9e1c3ea7a26991f2fcc4557d59152a85bbf17dea3d494f1abef45aa242c86bf1bd61,07/26/2025 11:31:00 AM,2,DRIVER,,2016163,,FORD,RANGER,IL,2019,NONE,PICKUP,UNKNOWN/NA,NE,TURNING LEFT,,,1,,,,,Y,Y,Y,Y,Y,,,,,,,,,SIDE-RIGHT,,,,,,,,,,,,,,,,,,,,,,,,,,,,,,,,,
2116566,0893d013eb620b8087005569eaf027a5ad0137c8222ca63b7aface50a203923547289584098fd00111a80578f2dd81e5ab7e4e696bbbd3ea47d2695893d9c4b3,07/26/2025 11:30:00 AM,1,BICYCLE,,,,,,,,,,,,,,,,,,,,,,,,,,,,,,,,,,,,,,,,,,,,,,,,,,,,,,,,,,,,,,,,,,
2116567,0893d013eb620b8087005569eaf027a5ad0137c8222ca63b7aface50a203923547289584098fd00111a80578f2dd81e5ab7e4e696bbbd3ea47d2695893d9c4b3,07/26/2025 11:30:00 AM,2,DRIVER,,2017748,,UNKNOWN,OTHER (EXPLAIN IN NARRATIVE),,,UNKNOWN,UNKNOWN/NA,UNKNOWN/NA,S,TURNING LEFT,,,1,,,,,,,,,,,,,,,,,Y,SIDE-LEFT,,,,,,,,,,,,,,,,,,,,,,,,,,,,,,,,,
2114956,8c80d1346199e0270467f394e69308e4ba26616dea6b246dec2d04a5f24158e80677736459d684c6a67150388068cc2332841f24e75d233ed85b8fe69605e375,07/26/2025 11:30:00 AM,1,DRIVER,,2016201,,FORD,RANGER,IL,2019,UNKNOWN,PICKUP,UNKNOWN/NA,E,TURNING RIGHT,,,1,,,,,,,,,,,,,,,,,Y,UNKNOWN,,,,,,,,,,,,,,,,,,,,,,,,,,,,,,,,,
2114957,8c80d1346199e0270467f394e69308e4ba26616dea6b246dec2d04a5f24158e80677736459d684c6a67150388068cc2332841f24e75d233ed85b8fe69605e375,07/26/2025 11:30:00 AM,2,DRIVER,,2016192,,HYUNDAI,TUCSON,IL,2019,UNKNOWN,PASSENGER,PERSONAL,E,TURNING RIGHT,,,1,,,,,,,,,,,,Y,Y,Y,Y,,,FRONT-LEFT-CORNER,,,,,,,,,,,,,,,,,,,,,,,,,,,,,,,,,
2114880,b03b854a98be42eed5de9cd38c65fc54127d5b5b92862c5502f760b86163b04a7fdf1d48e3d2e428782f6e8f17ef887a90beb274ef4e8a2d664811b8ab337824,07/26/2025 11:30:00 AM,1,DRIVER,,2016124,,LEXUS,LS,IL,,UNKNOWN,UNKNOWN/NA,UNKNOWN/NA,E,BACKING,,,1,,,,,,,,,,,Y,,,,,,,REAR,,,,,,,,,,,,,,,,,,,,,,,,,,,,,,,,,
2114881,b03b854a98be42eed5de9cd38c65fc54127d5b5b92862c5502f760b86163b04a7fdf1d48e3d2e428782f6e8f17ef887a90beb274ef4e8a2d664811b8ab337824,07/26/2025 11:30:00 AM,2,PARKED,,2016125,,LEXUS,RX350,IL,2017,NONE,PASSENGER,NOT IN USE,N,PARKED,,,0,,,,,,,,Y,,,,,,,,,,SIDE-RIGHT,,,,,,,,,,,,,,,,,,,,,,,,,,,,,,,,,
2114915,0cbfa58aa388cef2b66e30aa8a7f831e4ea8a30d3c788a29bcc59591dc44b2d67d9b5c79be1a5eabc6eeabc560922c7e6459ac031e8d64b21eca3558670fe096,07/26/2025 11:27:00 AM,1,DRIVER,,2016158,,FORD,EXPLORER,IL,,UNKNOWN,PASSENGER,UNKNOWN/NA,W,PASSING/OVERTAKING,,,1,,,,,Y,,,,,,,,,,,,,FRONT-RIGHT-CORNER,,,,,,,,,,,,,,,,,,,,,,,,,,,,,,,,,
2114916,0cbfa58aa388cef2b66e30aa8a7f831e4ea8a30d3c788a29bcc59591dc44b2d67d9b5c79be1a5eabc6eeabc560922c7e6459ac031e8d64b21eca3558670fe096,07/26/2025 11:27:00 AM,2,DRIVER,,2016166,,MITSUBISHI,OUTLANDER,IL,2009,UNKNOWN,PASSENGER,PERSONAL,W,STRAIGHT AHEAD,Y,,1,,,,,,,,,,,,,,Y,Y,,,FRONT-LEFT-CORNER,,,,,,,,,,,,,,,,,,,,,,,,,,,,,,,,,
2114887,a45683b667d06eb21ce1aca72ca73267b835a342bf1104e668be1fb7df1de23cf5858e7020e11af0e189e182418ef02d5ff53404965194175778d7cb831013c9,07/26/2025 11:13:00 AM,1,DRIVER,,2016131,,FORD,EDGE,IL,2014,UNKNOWN,SPORT UTILITY VEHICLE (SUV),UNKNOWN/NA,N,STRAIGHT AHEAD,,,1,,,,,,,,,,,Y,Y,Y,,,,,SIDE-LEFT,,,,,,,,,,,,,,,,,,,,,,,,,,,,,,,,,
2114888,a45683b667d06eb21ce1aca72ca73267b835a342bf1104e668be1fb7df1de23cf5858e7020e11af0e189e182418ef02d5ff53404965194175778d7cb831013c9,07/26/2025 11:13:00 AM,2,DRIVER,,2016141,,GENERAL MOTORS CORPORATION (GMC),OTHER (EXPLAIN IN NARRATIVE),IN,2002,UNKNOWN,SPORT UTILITY VEHICLE (SUV),UNKNOWN/NA,E,STRAIGHT AHEAD,,,1,,,,,Y,,,,,,,,,,Y,Y,,FRONT,,,,,,,,,,,,,,,,,,,,,,,,,,,,,,,,,
2114927,0efd21afc596659203a19997dd49dd5b89323b003f3988e6c5b65eb596d498dcba0cfbb9a90d2248697a083649fe70c866fca8298b255123e3014fbfd9b699d6,07/26/2025 11:00:00 AM,1,DRIVER,1,2016697,,FORD,EDGE,IL,2011,NONE,SPORT UTILITY VEHICLE (SUV),PERSONAL,SE,TURNING LEFT,,,2,,,,,Y,Y,,,,,,,,,,Y,,FRONT-RIGHT-CORNER,,,,,,,,,,,,,,,,,,,,,,,,,,,,,,,,,
2114928,0efd21afc596659203a19997dd49dd5b89323b003f3988e6c5b65eb596d498dcba0cfbb9a90d2248697a083649fe70c866fca8298b255123e3014fbfd9b699d6,07/26/2025 11:00:00 AM,2,DRIVER,3,2016701,,NISSAN,SENTRA,IL,2013,NONE,PASSENGER,PERSONAL,S,STRAIGHT AHEAD,,,4,,,,,,,,,,,Y,Y,Y,,,,,SIDE-LEFT-REAR,,,,,,,,,,,,,,,,,,,,,,,,,,,,,,,,,
2114949,4be3ea69df9273326c907c65e2f3da05e665f499d71218a35163016bf4daf2fc58d515c1610c0e73c17188211c3581aa6e65841019d319282d05be7f15809303,07/26/2025 11:00:00 AM,1,DRIVER,,2016193,,DODGE,RAM PROMASTER,IL,2018,UNKNOWN,VAN/MINI-VAN,OTHER,E,STRAIGHT AHEAD,,,1,,,,,Y,Y,,,,,,,,,,,,SIDE-RIGHT-FRONT,,,,,,,,,,,,,,,,,,,,,,,,,,,,,,,,,
2114950,4be3ea69df9273326c907c65e2f3da05e665f499d71218a35163016bf4daf2fc58d515c1610c0e73c17188211c3581aa6e65841019d319282d05be7f15809303,07/26/2025 11:00:00 AM,2,PARKED,,2016198,,CHEVROLET,TAHOE,IL,2007,UNKNOWN,OTHER,PERSONAL,E,PARKED,,,0,,,,,,,,,,,,,,,Y,,,FRONT-LEFT-CORNER,,,,,,,,,,,,,,,,,,,,,,,,,,,,,,,,,
2114989,bacf17b17b4f6f5398a6a59f2c065e29f272c88166664e93cda45274539251c0ce0a3b2f0e638592185700d0d8ea3bf62c20d86d47cd2baee85b659441c51a41,07/26/2025 11:00:00 AM,1,DRIVER,,2016233,,HYUNDAI,TUCSON,IL,2023,UNKNOWN,PASSENGER,PERSONAL,N,PASSING/OVERTAKING,,,1,,,,,Y,Y,,,,,,,,,,,,FRONT-RIGHT-CORNER,,,,,,,,,,,,,,,,,,,,,,,,,,,,,,,,,
2114990,bacf17b17b4f6f5398a6a59f2c065e29f272c88166664e93cda45274539251c0ce0a3b2f0e638592185700d0d8ea3bf62c20d86d47cd2baee85b659441c51a41,07/26/2025 11:00:00 AM,2,DRIVER,,2016240,,CHEVROLET,EQUINOX,IL,2019,UNKNOWN,PASSENGER,PERSONAL,N,STRAIGHT AHEAD,,,1,,,,,,,,,,,Y,Y,,,,,,REAR-RIGHT-CORNER,,,,,,,,,,,,,,,,,,,,,,,,,,,,,,,,,
2115296,c259193ce8e16d613c35f0f2bed1bf4732d226050f22972eff2211f8c173c40ee14062d3ce1241b237738f12310a42a2e568e41da7c33eb9ca6748d60d5e6672,07/26/2025 11:00:00 AM,1,DRIVER,,2016527,,UNKNOWN,MOTORIZED,IL,,UNKNOWN,OTHER,PERSONAL,N,STRAIGHT AHEAD,,,1,,,,,,,,,,,,,,,,,Y,FRONT,,,,,,,,,,,,,,,,,,,,,,,,,,,,,,,,,
2115297,c259193ce8e16d613c35f0f2bed1bf4732d226050f22972eff2211f8c173c40ee14062d3ce1241b237738f12310a42a2e568e41da7c33eb9ca6748d60d5e6672,07/26/2025 11:00:00 AM,2,PEDESTRIAN,,,,,,,,,,,,,,,,,,,,,,,,,,,,,,,,,,,,,,,,,,,,,,,,,,,,,,,,,,,,,,,,,,