CRASH_UNIT_ID,CRASH_RECORD_ID,CRASH_DATE,UNIT_NO,UNIT_TYPE,NUM_PASSENGERS,VEHICLE_ID,CMRC_VEH_I,MAKE,MODEL,LIC_PLATE_STATE,VEHICLE_YEAR,VEHICLE_DEFECT,VEHICLE_TYPE,VEHICLE_USE,TRAVEL_DIRECTION,MANEUVER,TOWED_I,FIRE_I,OCCUPANT_CNT,EXCEED_SPEED_LIMIT_I,TOWED_BY,TOWED_TO,AREA_00_I,AREA_01_I,AREA_02_I,AREA_03_I,AREA_04_I,AREA_05_I,AREA_06_I,AREA_07_I,AREA_08_I,AREA_09_I,AREA_10_I,AREA_11_I,AREA_12_I,AREA_99_I,FIRST_CONTACT_POINT,CMV_ID,USDOT_NO,CCMC_NO,ILCC_NO,COMMERCIAL_SRC,GVWR,CARRIER_NAME,CARRIER_STATE,CARRIER_CITY,HAZMAT_PLACARDS_I,HAZMAT_NAME,UN_NO,HAZMAT_PRESENT_I,HAZMAT_REPORT_I,HAZMAT_REPORT_NO,MCS_REPORT_I,MCS_REPORT_NO,HAZMAT_VIO_CAUSE_CRASH_I,MCS_VIO_CAUSE_CRASH_I,IDOT_PERMIT_NO,WIDE_LOAD_I,TRAILER1_WIDTH,TRAILER2_WIDTH,TRAILER1_LENGTH,TRAILER2_LENGTH,TOTAL_VEHICLE_LENGTH,AXLE_CNT,VEHICLE_CONFIG,CARGO_BODY_TYPE,LOAD_TYPE,HAZMAT_OUT_OF_SERVICE_I,MCS_OUT_OF_SERVICE_I,HAZMAT_CLASS
2114873,ca31ba7dfa37c0df339e7db8a28dfc53b66dbb696ad14f3d3b1076fd18dddb8e70c3ebaf54f24f0f5e111ba68873cf3e6f4871d59e7ef7ab289348188af75ff4,07/26/2025 11:00:00 AM,1,DRIVER,,2016118,,FORD,EXPLORER,IL,2021,UNKNOWN,PASSENGER,POLICE,S,STRAIGHT AHEAD,,,1,,,,Y,,,,,,,,,,,,,,FRONT,,,,,,,,,,,,,,,,,,,,,,,,,,,,,,,,,
2114886,ca31ba7dfa37c0df339e7db8a28dfc53b66dbb696ad14f3d3b1076fd18dddb8e70c3ebaf54f24f0f5e111ba68873cf3e6f4871d59e7ef7ab289348188af75ff4,07/26/2025 11:00:00 AM,2,PEDESTRIAN,,,,,,,,,,,,,,,,,,,,,,,,,,,,,,,,,,,,,,,,,,,,,,,,,,,,,,,,,,,,,,,,,,
2114874,ec9fc7ce51d9a380cb748478fbaef92ab4bc6ea148008c031a959051863be0b419f60bebd18472410a791659f0a3908ef0d0ab2d52751c5c018d3a821baf746d,07/26/2025 11:00:00 AM,1,DRIVER,,2016119,,JEEP,COMPASS,IL,2018,UNKNOWN,PASSENGER,PERSONAL,W,STRAIGHT AHEAD,,,1,,,,Y,,,,,,,,,,,,,,NONE,,,,,,,,,,,,,,,,,,,,,,,,,,,,,,,,,
2114875,ec9fc7ce51d9a380cb748478fbaef92ab4bc6ea148008c031a959051863be0b419f60bebd18472410a791659f0a3908ef0d0ab2d52751c5c018d3a821baf746d,07/26/2025 11:00:00 AM,2,PEDESTRIAN,,,,,,,,,,,,,,,,,,,,,,,,,,,,,,,,,,,,,,,,,,,,,,,,,,,,,,,,,,,,,,,,,,
2114851,aea136c41567041feb4c0091374b273c6d27b40aa75ecdd657c927f00b1478556f60e0bcd1b5a86876a3d6e9a4b91307599b928942e8a95a511d1e466bc43ac5,07/26/2025 10:55:00 AM,1,DRIVER,1,2016099,,HYUNDAI,TUCSON,IL,,UNKNOWN,PASSENGER,UNKNOWN/NA,S,STRAIGHT AHEAD,,,2,,,,,Y,,,,,,,,,,,,,FRONT-RIGHT-CORNER,,,,,,,,,,,,,,,,,,,,,,,,,,,,,,,,,
2114852,aea136c41567041feb4c0091374b273c6d27b40aa75ecdd657c927f00b1478556f60e0bcd1b5a86876a3d6e9a4b91307599b928942e8a95a511d1e466bc43ac5,07/26/2025 10:55:00 AM,2,DRIVER,,2016132,,TOYOTA,RAV4,IL,2021,NONE,PASSENGER,PERSONAL,S,STRAIGHT AHEAD,,,1,,,,,,,,,,Y,Y,,,,,,,REAR-LEFT-CORNER,,,,,,,,,,,,,,,,,,,,,,,,,,,,,,,,,
2114846,5706896fd7fac29eb5a1da2d28dbd532888926422fe7b20710996caf3cdad928b6a10cb6e9d30e7cc1a5589d1a174e12a34d52811b58850d4a21f42726165409,07/26/2025 10:45:00 AM,1,DRIVER,,2016133,,ACURA,ILX,IL,2016,UNKNOWN,PASSENGER,UNKNOWN/NA,N,TURNING LEFT,,,1,,,,,,,,,,,,,,,,,Y,FRONT,,,,,,,,,,,,,,,,,,,,,,,,,,,,,,,,,
2114847,5706896fd7fac29eb5a1da2d28dbd532888926422fe7b20710996caf3cdad928b6a10cb6e9d30e7cc1a5589d1a174e12a34d52811b58850d4a21f42726165409,07/26/2025 10:45:00 AM,2,DRIVER,,2016139,,CHEVROLET,CRUZE,IL,2017,NONE,PASSENGER,PERSONAL,UNKNOWN,SLOW/STOP IN TRAFFIC,,,1,,,,,,,,,,,,,,,,Y,,FRONT,,,,,,,,,,,,,,,,,,,,,,,,,,,,,,,,,
2114893,9433e7a966de4725729d52078a132b41e3bb7df6c49917e6e5874a896aa2e6b633c65dd24eb5db74dddc5f95ae2d12b60d18deedc517a5092f7ad9ce109f930a,07/26/2025 10:40:00 AM,1,DRIVER,,2016143,,LEXUS,RX300,IL,2008,NONE,SPORT UTILITY VEHICLE (SUV),PERSONAL,W,ENTERING TRAFFIC LANE FROM PARKING,Y,,1,,Private Company,,,Y,,,,,,,,,,Y,Y,,FRONT-LEFT-CORNER,,,,,,,,,,,,,,,,,,,,,,,,,,,,,,,,,
2114894,9433e7a966de4725729d52078a132b41e3bb7df6c49917e6e5874a896aa2e6b633c65dd24eb5db74dddc5f95ae2d12b60d18deedc517a5092f7ad9ce109f930a,07/26/2025 10:40:00 AM,2,DRIVER,1,2016145,,CHEVROLET,SILVERADO,IL,2018,NONE,PICKUP,PERSONAL,W,STRAIGHT AHEAD,,,2,,,,,,,,Y,Y,,,,,,,,,SIDE-RIGHT,,,,,,,,,,,,,,,,,,,,,,,,,,,,,,,,,
2115040,cdfba9a042368857a8c73ed52584e810c285b4d8737d7d53f9a2f9564f9cbf15e7a48dc0acfeb3f8769afb9421bab4859fb04161ae1f5ca3411ec14b732f41ee,07/26/2025 10:40:00 AM,1,DRIVER,,2016282,,LEXUS,ES330,IL,2004,NONE,PASSENGER,PERSONAL,SW,TURNING LEFT,,,1,,,,,,,,,,,,,,Y,Y,Y,,FRONT-LEFT-CORNER,,,,,,,,,,,,,,,,,,,,,,,,,,,,,,,,,
2115041,cdfba9a042368857a8c73ed52584e810c285b4d8737d7d53f9a2f9564f9cbf15e7a48dc0acfeb3f8769afb9421bab4859fb04161ae1f5ca3411ec14b732f41ee,07/26/2025 10:40:00 AM,2,DRIVER,,2016287,,CHEVROLET,CRUZE,IL,2016,NONE,PASSENGER,PERSONAL,S,STRAIGHT AHEAD,,,1,,,,,Y,Y,,,,,,,,,,Y,,FRONT-RIGHT-CORNER,,,,,,,,,,,,,,,,,,,,,,,,,,,,,,,,,
2132537,2a40c40ea8b61e0e777906507a807cf90011410dcb7b36a0532e529f24511e326a943cd393a05bd78a63aeb587bdcef878a1fc3b78ef1c9a8743fdb203767291,07/26/2025 10:39:00 AM,1,DRIVER,,2032878,,UNKNOWN,OTHER (EXPLAIN IN NARRATIVE),,,UNKNOWN,TRUCK - SINGLE UNIT,UNKNOWN/NA,E,ENTER FROM DRIVE/ALLEY,,,1,,,,,,,,Y,Y,,,,,,,,,SIDE-RIGHT-REAR,,,,,,,,,,,,,,,,,,,,,,,,,,,,,,,,,
2132538,2a40c40ea8b61e0e777906507a807cf90011410dcb7b36a0532e529f24511e326a943cd393a05bd78a63aeb587bdcef878a1fc3b78ef1c9a8743fdb203767291,07/26/2025 10:39:00 AM,2,PARKED,,2032888,,MERCURY,MOUNTAINEER,IL,2007,NONE,SPORT UTILITY VEHICLE (SUV),NOT IN USE,W,PARKED,,,0,,,,,,,,Y,Y,Y,,,,,,,,REAR-RIGHT-CORNER,,,,,,,,,,,,,,,,,,,,,,,,,,,,,,,,,
2114838,117c7d3c093fcbbd0c5626998ab24b31b4a91be759521221aa7b9c787351a274944b9c8b0b2b329dc8b7d39fac924d9ca4f8d1d356de34a1650f175f09f9adb2,07/26/2025 10:30:00 AM,1,DRIVER,,2016088,,HONDA,CR-V,IL,2016,UNKNOWN,SPORT UTILITY VEHICLE (SUV),PERSONAL,N,STRAIGHT AHEAD,,,1,,,,,Y,,,,,,,,,,Y,Y,,FRONT,,,,,,,,,,,,,,,,,,,,,,,,,,,,,,,,,
2114839,117c7d3c093fcbbd0c5626998ab24b31b4a91be759521221aa7b9c787351a274944b9c8b0b2b329dc8b7d39fac924d9ca4f8d1d356de34a1650f175f09f9adb2,07/26/2025 10:30:00 AM,2,DRIVER,1,2016092,,NISSAN,MAXIMA,IL,2010,UNKNOWN,PASSENGER,PERSONAL,N,STRAIGHT AHEAD,,,2,,,,,,,,,Y,Y,Y,,,,,,,REAR,,,,,,,,,,,,,,,,,,,,,,,,,,,,,,,,,
2114891,2a2133ff1616eb89d2115753f467c7fa4bab0f0de0f96e9527b8d3a7ffdff275cc28659318f9fcaf2ceb96f8c4748ff5949195043e62cf26cab43811b8699e77,07/26/2025 10:30:00 AM,1,DRIVER,,2016161,,KIA,OTHER (EXPLAIN IN NARRATIVE),IL,2012,UNKNOWN,UNKNOWN/NA,UNKNOWN/NA,N,STRAIGHT AHEAD,,,1,,,,,,,,,,,,,,,,,Y,UNKNOWN,,,,,,,,,,,,,,,,,,,,,,,,,,,,,,,,,
2114892,2a2133ff1616eb89d2115753f467c7fa4bab0f0de0f96e9527b8d3a7ffdff275cc28659318f9fcaf2ceb96f8c4748ff5949195043e62cf26cab43811b8699e77,07/26/2025 10:30:00 AM,2,DRIVER,1,2016151,,HYUNDAI,TUCSON,IL,2022,UNKNOWN,SPORT UTILITY VEHICLE (SUV),PERSONAL,N,STRAIGHT AHEAD,,,2,,,,,,,,,Y,Y,Y,,,,,,,REAR,,,,,,,,,,,,,,,,,,,,,,,,,,,,,,,,,
2114903,5ee58f713f221894dd515006624d046dd26e8a8bc2ba0f18526901c4e2005362e96365c2785323cd6c8b715b41600e9f45ececf42e6479e2b98dec9bc329d99c,07/26/2025 10:30:00 AM,1,DRIVER,,2016147,,UNKNOWN,OTHER (EXPLAIN IN NARRATIVE),,,UNKNOWN,UNKNOWN/NA,UNKNOWN/NA,UNKNOWN,UNKNOWN/NA,,,1,,,,,,,,,,,,,,,,,Y,UNKNOWN,,,,,,,,,,,,,,,,,,,,,,,,,,,,,,,,,
2114904,5ee58f713f221894dd515006624d046dd26e8a8bc2ba0f18526901c4e2005362e96365c2785323cd6c8b715b41600e9f45ececf42e6479e2b98dec9bc329d99c,07/26/2025 10:30:00 AM,2,PARKED,,2016149,,KIA,CARNIVAL,MA,2024,NONE,PASSENGER,NOT IN USE,UNKNOWN,PARKED,,,0,,,,,,,Y,Y,Y,,,,,,,,,SIDE-RIGHT-REAR,,,,,,,,,,,,,,,,,,,,,,,,,,,,,,,,,
2115442,dc5726800e2e3c68405cd93e19d2c971cfa605b84925adbdb1ac3ec06b19f42e104b1ea817cfabfb3671f781dd6abdca40636f3a2e4af7a6b241c1adc971be6a,07/26/2025 10:30:00 AM,1,DRIVER,,2016668,,TOYOTA,PRIUS,IL,2007,NONE,PASSENGER,PERSONAL,E,STRAIGHT AHEAD,,,1,,,,,,,,,,,,,,,,Y,,FRONT,,,,,,,,,,,,,,,,,,,,,,,,,,,,,,,,,
2115443,dc5726800e2e3c68405cd93e19d2c971cfa605b84925adbdb1ac3ec06b19f42e104b1ea817cfabfb3671f781dd6abdca40636f3a2e4af7a6b241c1adc971be6a,07/26/2025 10:30:00 AM,2,DRIVER,,2016672,,FORD,MAVERICK TRUCK,IL,2024,NONE,PASSENGER,PERSONAL,E,STRAIGHT AHEAD,,,1,,,,,,,,,,Y,,,,,,,,REAR,,,,,,,,,,,,,,,,,,,,,,,,,,,,,,,,,
2114882,e3bc30620f3f677e1f3c79f50f3d1ad7c245943a628d8ed9d437e100dab05a528f1abcacb633bcdcc61459e406417ced3989a6c97043fe2cc8b5b225ca830c47,07/26/2025 10:30:00 AM,1,DRIVER,,2016134,,FORD,EDGE,IL,2011,NONE,PASSENGER,UNKNOWN/NA,S,TURNING LEFT,,,1,,,,,Y,Y,,,,,,,,,,,,SIDE-RIGHT-FRONT,,,,,,,,,,,,,,,,,,,,,,,,,,,,,,,,,
2114883,e3bc30620f3f677e1f3c79f50f3d1ad7c245943a628d8ed9d437e100dab05a528f1abcacb633bcdcc61459e406417ced3989a6c97043fe2cc8b5b225ca830c47,07/26/2025 10:30:00 AM,2,DRIVER,,2016142,,NISSAN,SENTRA,IL,2013,UNKNOWN,UNKNOWN/NA,UNKNOWN/NA,S,UNKNOWN/NA,,,1,,,,,,,,,,,,,,Y,Y,,,SIDE-LEFT-FRONT,,,,,,,,,,,,,,,,,,,,,,,,,,,,,,,,,
2114878,4e05d26d46d0ad979ee7973aa410dcc02c0d688a4c5c793361c8a73728aaa03b06b7da64c4f884499ff0a71bb0a54d4df221d871a633a206594c43cf56f1e5f7,07/26/2025 10:28:00 AM,1,BICYCLE,,,,,,,,,,,,,,,,,,,,,,,,,,,,,,,,,,,,,,,,,,,,,,,,,,,,,,,,,,,,,,,,,,
2114879,4e05d26d46d0ad979ee7973aa410dcc02c0d688a4c5c793361c8a73728aaa03b06b7da64c4f884499ff0a71bb0a54d4df221d871a633a206594c43cf56f1e5f7,07/26/2025 10:28:00 AM,2,DRIVER,,2016137,,MINI,COOPER,IL,2015,NONE,PASSENGER,PERSONAL,S,STRAIGHT AHEAD,,,1,,,,,,,,,,,,,,,Y,Y,,FRONT,,,,,,,,,,,,,,,,,,,,,,,,,,,,,,,,,
2114865,3005dddec43436eb63d9d1d2fab9c65772b0f23a71047f4391a6665b092e001644d6d3dc36a2656a5ae9e02c9e0671971dc895a90643780cf65365dc9824b989,07/26/2025 10:25:00 AM,1,DRIVER,,2016113,,CADILLAC,ATS,IL,2016,UNKNOWN,PASSENGER,PERSONAL,E,AVOIDING VEHICLES/OBJECTS,,,1,,,,,,,,,,,,,,,Y,Y,,SIDE-LEFT-FRONT,,,,,,,,,,,,,,,,,,,,,,,,,,,,,,,,,
2114866,3005dddec43436eb63d9d1d2fab9c65772b0f23a71047f4391a6665b092e001644d6d3dc36a2656a5ae9e02c9e0671971dc895a90643780cf65365dc9824b989,07/26/2025 10:25:00 AM,2,DRIVER,,2016117,,HONDA,HR-V,IL,2025,UNKNOWN,PASSENGER,PERSONAL,E,TURNING RIGHT,,,1,,,,,,,,,Y,Y,,,,,,,,REAR,,,,,,,,,,,,,,,,,,,,,,,,,,,,,,,,,
2114842,d80d5adedb0657d854125ae163e64d294855eccebcc91a5e78f9991efda98797c1455021ccd96c935fee2dc24547b2a0f8d65b692ac0195e12537d70cf5c9f05,07/26/2025 10:25:00 AM,1,DRIVER,,2016089,,TOYOTA,RAV4,IL,2013,NONE,PASSENGER,PERSONAL,S,STRAIGHT AHEAD,,,1,,,,,Y,,,,,,,,,,Y,Y,,FRONT,,,,,,,,,,,,,,,,,,,,,,,,,,,,,,,,,
2114843,d80d5adedb0657d854125ae163e64d294855eccebcc91a5e78f9991efda98797c1455021ccd96c935fee2dc24547b2a0f8d65b692ac0195e12537d70cf5c9f05,07/26/2025 10:25:00 AM,2,DRIVER,,2016094,,TOYOTA,RAV4,IL,2012,NONE,PASSENGER,PERSONAL,E,STRAIGHT AHEAD,,,1,,,,,,,,,,,,Y,Y,Y,Y,,,SIDE-RIGHT,,,,,,,,,,,,,,,,,,,,,,,,,,,,,,,,,
2114836,5f9fa630be0d7bfdb632e2198d9e2de3dd5c8d295c5fe9c860d943a376f640aadf3879eddf644c0b8706fd978d4274e37d3728590b9c2abe774b64ed95cc7ebb,07/26/2025 10:23:00 AM,1,DRIVER,,2016087,,CHEVROLET,IMPALA,IN,2013,NONE,PASSENGER,PERSONAL,N,STARTING IN TRAFFIC,,,1,,,,,,,,,,,,,,,Y,,,FRONT-LEFT-CORNER,,,,,,,,,,,,,,,,,,,,,,,,,,,,,,,,,
2114837,5f9fa630be0d7bfdb632e2198d9e2de3dd5c8d295c5fe9c860d943a376f640aadf3879eddf644c0b8706fd978d4274e37d3728590b9c2abe774b64ed95cc7ebb,07/26/2025 10:23:00 AM,2,DRIVER,,2016093,,FORD,ESCAPE,IL,2013,NONE,PASSENGER,PERSONAL,N,STRAIGHT AHEAD,,,1,,,,,,,,,Y,,,,,,,,,REAR-RIGHT-CORNER,,,,,,,,,,,,,,,,,,,,,,,,,,,,,,,,,
2114855,13faa6c91cdeefb062d63d1b073f883f0c97b0285584b8ef9ea249425120ca1b23286e3e5713d211b80de96d7855a8d83d97a14af69eabd6ce274856ebb1cbe5,07/26/2025 10:20:00 AM,1,DRIVER,,2016108,,FORD,ECONOLINE E550,TN,2024,NONE,TRUCK - SINGLE UNIT,COMMERCIAL - SINGLE UNIT,W,STRAIGHT AHEAD,,,1,,,,,Y,Y,Y,Y,Y,,,,,,,,,SIDE-RIGHT,,,,,,,,,,,,,,,,,,,,,,,,,,,,,,,,,
2114856,13faa6c91cdeefb062d63d1b073f883f0c97b0285584b8ef9ea249425120ca1b23286e3e5713d211b80de96d7855a8d83d97a14af69eabd6ce274856ebb1cbe5,07/26/2025 10:20:00 AM,2,PARKED,,2016111,,CHEVROLET,OTHER (EXPLAIN IN NARRATIVE),IL,2013,NONE,PASSENGER,PERSONAL,W,PARKED IN TRAFFIC LANE,,,0,,,,,,,,,,,Y,Y,Y,Y,,,,SIDE-RIGHT,,,,,,,,,,,,,,,,,,,,,,,,,,,,,,,,,
2114825,9b609132ba1e6c6253c6a4601023645119188fe87122509ab694f7565db78454826b731d77945ce33ede6231178eac8eef85b958257969bf77ee7824c35906bd,07/26/2025 10:20:00 AM,1,DRIVER,,2016085,Y,FORD,F550,IL,2020,NONE,OTHER VEHICLE WITH TRAILER,TOW TRUCK,E,CHANGING LANES,,,1,,,,Y,,,,,,,,,,,,,,SIDE-RIGHT,"21,893",,,,DRIVER,,SOUTH CHICAGO IRON + METAL,IL,CHICAGO,,,,N,N,,N,,N,N,,,,,,,,,TRUCK/TRACTOR,FLATBED,OTHER,N,N,
2114826,9b609132ba1e6c6253c6a4601023645119188fe87122509ab694f7565db78454826b731d77945ce33ede6231178eac8eef85b958257969bf77ee7824c35906bd,07/26/2025 10:20:00 AM,2,DRIVER,2,2016098,,KIA,SELTOS,IL,2025,NONE,SPORT UTILITY VEHICLE (SUV),PERSONAL,E,SLOW/STOP IN TRAFFIC,,,3,,,,,,,,,,,Y,,,,Y,,,REAR-LEFT-CORNER,,,,,,,,,,,,,,,,,,,,,,,,,,,,,,,,,
2114860,fde836217eb41e02548e63bca41214421e32e607d99c6dcfa648b8441446debcf2642e1805b76ac9242fed23f3a45b20be3ec120881b98f83546d31c245b38e4,07/26/2025 10:05:00 AM,1,DRIVER,,2016112,,UNKNOWN,OTHER (EXPLAIN IN NARRATIVE),,,UNKNOWN,SPORT UTILITY VEHICLE (SUV),UNKNOWN/NA,E,PASSING/OVERTAKING,,,1,,,,,,,,,,,,,,,,,Y,UNKNOWN,,,,,,,,,,,,,,,,,,,,,,,,,,,,,,,,,
2114861,fde836217eb41e02548e63bca41214421e32e607d99c6dcfa648b8441446debcf2642e1805b76ac9242fed23f3a45b20be3ec120881b98f83546d31c245b38e4,07/26/2025 10:05:00 AM,2,DRIVER,,2016114,,HONDA,CIVIC,IL,2014,UNKNOWN,PASSENGER,PERSONAL,E,STRAIGHT AHEAD,,,1,,,,,Y,,,,,,,,,,Y,Y,,SIDE-LEFT-FRONT,,,,,,,,,,,,,,,,,,,,,,,,,,,,,,,,,
2114862,fde836217eb41e02548e63bca41214421e32e607d99c6dcfa648b8441446debcf2642e1805b76ac9242fed23f3a45b20be3ec120881b98f83546d31c245b38e4,07/26/2025 10:05:00 AM,3,DRIVER,,2016128,,GENERAL MOTORS CORPORATION (GMC),SIERRA,IL,2012,UNKNOWN,PICKUP,PERSONAL,E,SLOW/STOP IN TRAFFIC,,,1,,,,,,,,,,,Y,,,,,,,SIDE-LEFT-REAR,,,,,,,,,,,,,,,,,,,,,,,,,,,,,,,,,
2114876,04c11737d1984998acd3fcb2c7b5669c6a964ebfa6a477896770c2a10ec734c2db60554364dbafaadf26842e4e4a7524bf73059f56345f4e755510b46d2a3834,07/26/2025 10:00:00 AM,1,DRIVER,,2016136,,UNKNOWN,OTHER (EXPLAIN IN NARRATIVE),IL,,UNKNOWN,UNKNOWN/NA,UNKNOWN/NA,N,UNKNOWN/NA,,,1,,,,,,,,,,,,,,,,,Y,UNKNOWN,,,,,,,,,,,,,,,,,,,,,,,,,,,,,,,,,
2114877,04c11737d1984998acd3fcb2c7b5669c6a964ebfa6a477896770c2a10ec734c2db60554364dbafaadf26842e4e4a7524bf73059f56345f4e755510b46d2a3834,07/26/2025 10:00:00 AM,2,PARKED,,2016120,,HYUNDAI,SANTA FE,IL,2015,NONE,PASSENGER,NOT IN USE,N,PARKED,,,0,,,,,Y,Y,,,,,,,,,,,,FRONT-RIGHT-CORNER,,,,,,,,,,,,,,,,,,,,,,,,,,,,,,,,,
2114829,f9c8ec2ab2405f04945adb24c00c3996b07a2e3c62152d8d38feab1b0f1ddd53b57fa4497983385ccfffa4d5f3fbcc6935a63f885bc7c9623dff974b8c188367,07/26/2025 10:00:00 AM,1,DRIVER,,2016081,,UNKNOWN,OTHER (EXPLAIN IN NARRATIVE),,,UNKNOWN,UNKNOWN/NA,UNKNOWN/NA,UNKNOWN,UNKNOWN/NA,,,1,,,,,,,,,,,,,,,,,Y,UNKNOWN,,,,,,,,,,,,,,,,,,,,,,,,,,,,,,,,,
2114830,f9c8ec2ab2405f04945adb24c00c3996b07a2e3c62152d8d38feab1b0f1ddd53b57fa4497983385ccfffa4d5f3fbcc6935a63f885bc7c9623dff974b8c188367,07/26/2025 10:00:00 AM,2,PARKED,,2016082,,AUDI,Q3,IL,2018,UNKNOWN,SPORT UTILITY VEHICLE (SUV),UNKNOWN/NA,N,PARKED,Y,,0,,OWNER,,,,,,,,,Y,Y,,,,,,REAR-LEFT-CORNER,,,,,,,,,,,,,,,,,,,,,,,,,,,,,,,,,
2114857,fc97ad89b1f839bc9a09a2a00de896dffd67533b9b88ffe8d1333eb0156c70d4948a23d8eb3972ecd542efad6a067c609632079c091434df9a243b2db4c5a2d4,07/26/2025 09:56:00 AM,1,DRIVER,,2016135,,TOYOTA,CAMRY,IL,2013,NONE,PASSENGER,PERSONAL,W,STRAIGHT AHEAD,,,1,,,,,Y,,,,,,,,,,,Y,,FRONT,,,,,,,,,,,,,,,,,,,,,,,,,,,,,,,,,
2114858,fc97ad89b1f839bc9a09a2a00de896dffd67533b9b88ffe8d1333eb0156c70d4948a23d8eb3972ecd542efad6a067c609632079c091434df9a243b2db4c5a2d4,07/26/2025 09:56:00 AM,2,DRIVER,,2016144,,FORD,FUSION,IL,2010,NONE,PASSENGER,PERSONAL,W,STRAIGHT AHEAD,,,1,,,,,,,,,,Y,Y,,,,,,,REAR,,,,,,,,,,,,,,,,,,,,,,,,,,,,,,,,,
2114822,5c809520850ec02e72ad7338035511e36c25aa59db1caa8c0000ad6319823153ec07a405430431b6d19505fc5a6fb631d19253c6617720a42f2b009dc81725aa,07/26/2025 09:51:00 AM,1,DRIVER,,2016076,,HONDA,CIVIC,IL,2017,UNKNOWN,PASSENGER,PERSONAL,S,STRAIGHT AHEAD,,,1,,,,,Y,,,,,,,,,,Y,Y,,FRONT,,,,,,,,,,,,,,,,,,,,,,,,,,,,,,,,,
2114823,5c809520850ec02e72ad7338035511e36c25aa59db1caa8c0000ad6319823153ec07a405430431b6d19505fc5a6fb631d19253c6617720a42f2b009dc81725aa,07/26/2025 09:51:00 AM,2,DRIVER,,2016078,,HONDA,PILOT,IL,2019,NONE,PASSENGER,PERSONAL,S,STRAIGHT AHEAD,,,1,,,,,,,,,Y,Y,Y,,,,,,,REAR,,,,,,,,,,,,,,,,,,,,,,,,,,,,,,,,,
2114844,8bdb837575c3f0ad9dc82e85080d6268e568c1cf16df0b794f5f239c5e2ac75fad687aeadaef5657a659f85ae19f8607f1b10280b66b3428002f28cf605c938c,07/26/2025 09:49:00 AM,1,DRIVER,,2016100,,JEEP,GRAND CHEROKEE,IL,2019,NONE,SPORT UTILITY VEHICLE (SUV),PERSONAL,E,STRAIGHT AHEAD,,,1,,,,Y,,,,,,,,,,,,,,FRONT,,,,,,,,,,,,,,,,,,,,,,,,,,,,,,,,,
2114845,8bdb837575c3f0ad9dc82e85080d6268e568c1cf16df0b794f5f239c5e2ac75fad687aeadaef5657a659f85ae19f8607f1b10280b66b3428002f28cf605c938c,07/26/2025 09:49:00 AM,2,BICYCLE,,,,,,,,,,,,,,,,,,,,,,,,,,,,,,,,,,,,,,,,,,,,,,,,,,,,,,,,,,,,,,,,,,
2114848,46243e521a9da3262a9f6b940216912d4b5f84f0d7bca004c562a573bd5ad20c471ea350027beef269f0d4ed431c320b894801f7f1afeee39a36102d40f89aea,07/26/2025 09:45:00 AM,1,DRIVER,,2016102,,CHEVROLET,EQUINOX,IL,2020,UNKNOWN,PASSENGER,PERSONAL,W,TURNING LEFT,,,1,,,,,,,,,,,N,Y,Y,Y,Y,,,FRONT-LEFT-CORNER,,,,,,,,,,,,,,,,,,,,,,,,,,,,,,,,,
2114849,46243e521a9da3262a9f6b940216912d4b5f84f0d7bca004c562a573bd5ad20c471ea350027beef269f0d4ed431c320b894801f7f1afeee39a36102d40f89aea,07/26/2025 09:45:00 AM,2,DRIVER,,2016106,,TOYOTA,RAV4,IL,2024,UNKNOWN,PASSENGER,PERSONAL,W,STRAIGHT AHEAD,,,1,,,,,,Y,Y,Y,,,,,,,,,,SIDE-RIGHT,,,,,,,,,,,,,,,,,,,,,,,,,,,,,,,,,
2114804,1b565e12ba8814d6356fe5c1dc9ff60fa08a6bf7388ad5eca5be84749c78e2db6802cd4d205b551f8bbb7017b995fc076148bd003f0a48cd6c02a9f7c9241235,07/26/2025 09:30:00 AM,1,DRIVER,,2016059,,FORD,MUSTANG,IL,2019,NONE,PASSENGER,PERSONAL,N,STRAIGHT AHEAD,Y,,1,,,,,Y,,,,,,,,,,Y,Y,,FRONT,,,,,,,,,,,,,,,,,,,,,,,,,,,,,,,,,
2114805,1b565e12ba8814d6356fe5c1dc9ff60fa08a6bf7388ad5eca5be84749c78e2db6802cd4d205b551f8bbb7017b995fc076148bd003f0a48cd6c02a9f7c9241235,07/26/2025 09:30:00 AM,2,DRIVER,,2016066,,JEEP,CHEROKEE,IL,2018,NONE,PASSENGER,PERSONAL,N,SLOW/STOP IN TRAFFIC,,,1,,,,,,,,,Y,Y,Y,,,,,,,REAR,,,,,,,,,,,,,,,,,,,,,,,,,,,,,,,,,
2117499,414c2c8cf1c373ed6dc6aa57357776e4b52917475c8fc2f1fdb932c6a368789f4ee780153da01636647d8bc924fd6a7716a6b0a0cb2ddc4bce9581f8ae56c7da,07/26/2025 09:30:00 AM,1,DRIVER,,2018578,,MERCEDES-BENZ,E-CLASS,IL,2023,NONE,PASSENGER,PERSONAL,SW,STRAIGHT AHEAD,,,1,,,,,,,,,,,,,,,N,,,OTHER,,,,,,,,,,,,,,,,,,,,,,,,,,,,,,,,,