CRASH_UNIT_ID,CRASH_RECORD_ID,CRASH_DATE,UNIT_NO,UNIT_TYPE,NUM_PASSENGERS,VEHICLE_ID,CMRC_VEH_I,MAKE,MODEL,LIC_PLATE_STATE,VEHICLE_YEAR,VEHICLE_DEFECT,VEHICLE_TYPE,VEHICLE_USE,TRAVEL_DIRECTION,MANEUVER,TOWED_I,FIRE_I,OCCUPANT_CNT,EXCEED_SPEED_LIMIT_I,TOWED_BY,TOWED_TO,AREA_00_I,AREA_01_I,AREA_02_I,AREA_03_I,AREA_04_I,AREA_05_I,AREA_06_I,AREA_07_I,AREA_08_I,AREA_09_I,AREA_10_I,AREA_11_I,AREA_12_I,AREA_99_I,FIRST_CONTACT_POINT,CMV_ID,USDOT_NO,CCMC_NO,ILCC_NO,COMMERCIAL_SRC,GVWR,CARRIER_NAME,CARRIER_STATE,CARRIER_CITY,HAZMAT_PLACARDS_I,HAZMAT_NAME,UN_NO,HAZMAT_PRESENT_I,HAZMAT_REPORT_I,HAZMAT_REPORT_NO,MCS_REPORT_I,MCS_REPORT_NO,HAZMAT_VIO_CAUSE_CRASH_I,MCS_VIO_CAUSE_CRASH_I,IDOT_PERMIT_NO,WIDE_LOAD_I,TRAILER1_WIDTH,TRAILER2_WIDTH,TRAILER1_LENGTH,TRAILER2_LENGTH,TOTAL_VEHICLE_LENGTH,AXLE_CNT,VEHICLE_CONFIG,CARGO_BODY_TYPE,LOAD_TYPE,HAZMAT_OUT_OF_SERVICE_I,MCS_OUT_OF_SERVICE_I,HAZMAT_CLASS
2114867,0f96521c19857e8ce0ee2241cd7972815876759d7eecd49001fc0b72d86cda846575807a640e1d41f5686f220191a8566c4685e296964d6efcd51b2d5996808e,07/26/2025 09:28:00 AM,1,DRIVER,1,2016116,,JEEP,CHEROKEE,IL,2017,UNKNOWN,PASSENGER,PERSONAL,S,TURNING LEFT,Y,,2,,,,,Y,Y,,,,,,,,,,Y,,FRONT-RIGHT-CORNER,,,,,,,,,,,,,,,,,,,,,,,,,,,,,,,,,
2114868,0f96521c19857e8ce0ee2241cd7972815876759d7eecd49001fc0b72d86cda846575807a640e1d41f5686f220191a8566c4685e296964d6efcd51b2d5996808e,07/26/2025 09:28:00 AM,2,PARKED,,2016127,,VOLKSWAGEN,ROUTAN,IL,2011,NONE,PASSENGER,NOT IN USE,S,PARKED,Y,,0,,,,,,,Y,Y,Y,,Y,Y,Y,Y,Y,,,SIDE-RIGHT-REAR,,,,,,,,,,,,,,,,,,,,,,,,,,,,,,,,,
2114895,0e528ea431f77ff4b337d6e780324f7f9dee50fbc8b9e565e6bda18ad67a1db19101b60cf308add8fdc5bb00af42dfd789b1584234ea40e758936934c2c36175,07/26/2025 09:24:00 AM,1,DRIVER,,2016146,,JEEP,CHEROKEE,IL,2012,UNKNOWN,PASSENGER,UNKNOWN/NA,N,UNKNOWN/NA,Y,,1,,CITY OF CHICAGO,AUTO POUND #2,,,,,,,,,,,,,,Y,UNKNOWN,,,,,,,,,,,,,,,,,,,,,,,,,,,,,,,,,
2114896,0e528ea431f77ff4b337d6e780324f7f9dee50fbc8b9e565e6bda18ad67a1db19101b60cf308add8fdc5bb00af42dfd789b1584234ea40e758936934c2c36175,07/26/2025 09:24:00 AM,2,PARKED,,2016148,,BUICK,LACROSSE,IL,2006,UNKNOWN,PASSENGER,UNKNOWN/NA,N,PARKED,Y,,0,,CITY OF CHICAGO,AUTO POUND #2,,Y,,,Y,Y,Y,Y,Y,,,Y,Y,,UNKNOWN,,,,,,,,,,,,,,,,,,,,,,,,,,,,,,,,,
2114897,0e528ea431f77ff4b337d6e780324f7f9dee50fbc8b9e565e6bda18ad67a1db19101b60cf308add8fdc5bb00af42dfd789b1584234ea40e758936934c2c36175,07/26/2025 09:24:00 AM,3,PARKED,,2016150,,HONDA,PILOT,IL,2003,UNKNOWN,PASSENGER,UNKNOWN/NA,N,PARKED,,,0,,,,,,,,,Y,Y,Y,,,,,,,UNKNOWN,,,,,,,,,,,,,,,,,,,,,,,,,,,,,,,,,
2114818,eb457e4780f27b8fc5d0b7f84d947f1d040609c5dac5d4e5f50c55628f746787d014df64df192551c23410213fac444e15ec18fd3a3d816f35406c042d2c5b3c,07/26/2025 09:20:00 AM,1,DRIVER,,2016073,,TOYOTA,CAMRY,IL,2013,UNKNOWN,PASSENGER,PERSONAL,S,STRAIGHT AHEAD,,,1,,,,,,,,,,,,,,,,Y,,FRONT,,,,,,,,,,,,,,,,,,,,,,,,,,,,,,,,,
2114819,eb457e4780f27b8fc5d0b7f84d947f1d040609c5dac5d4e5f50c55628f746787d014df64df192551c23410213fac444e15ec18fd3a3d816f35406c042d2c5b3c,07/26/2025 09:20:00 AM,2,DRIVER,1,2016077,,TOYOTA,CAMRY,IL,2015,NONE,PASSENGER,PERSONAL,S,STRAIGHT AHEAD,,,2,,,,,,,,,,Y,,,,,,,,REAR,,,,,,,,,,,,,,,,,,,,,,,,,,,,,,,,,
2114827,d662d3ab603f917a33b142eb1692442389e1448b332970fba1394a737887931e19debcbb985f41101a98566adcae96f27c7c0799fada6649007535db3f9c5584,07/26/2025 09:15:00 AM,1,DRIVER,,2016080,,SUBARU,FORESTER,IL,2020,NONE,PASSENGER,PERSONAL,N,TURNING LEFT,,,1,,,,Y,,,,,,,,,,,,,,FRONT-LEFT-CORNER,,,,,,,,,,,,,,,,,,,,,,,,,,,,,,,,,
2114828,d662d3ab603f917a33b142eb1692442389e1448b332970fba1394a737887931e19debcbb985f41101a98566adcae96f27c7c0799fada6649007535db3f9c5584,07/26/2025 09:15:00 AM,2,BICYCLE,,,,,,,,,,,,,,,,,,,,,,,,,,,,,,,,,,,,,,,,,,,,,,,,,,,,,,,,,,,,,,,,,,
2114900,6238f67a57fddd76b73a650ed896ec020b527985a3895809c0155786029527b7ac8cb562bcc5e0576feea23204c93a97760d65f29fedcdb88c20ca4d2f274b2a,07/26/2025 09:10:00 AM,1,DRIVER,1,2016152,,BUICK,ENCORE,IL,2020,UNKNOWN,PASSENGER,PERSONAL,W,OTHER,Y,,2,,CITY OF CHICAGO,POUND #2,,,,,,,,,,,,N,,,UNKNOWN,,,,,,,,,,,,,,,,,,,,,,,,,,,,,,,,,
2114806,1367bace2cee48c01f9cd81882a2afcd24cb4ea0b3435168caae5df6b2bf3d31a40f1528e72a3326363b248291b9e2f1472c10b90a090c31491a8d8a430330cc,07/26/2025 09:06:00 AM,1,DRIVER,,2016067,,INFINITI,FX35,IA,2006,TIRES,SPORT UTILITY VEHICLE (SUV),PERSONAL,N,STRAIGHT AHEAD,Y,,1,,private,private,,Y,Y,,,,,,,,,,Y,,FRONT-RIGHT-CORNER,,,,,,,,,,,,,,,,,,,,,,,,,,,,,,,,,
2114807,1367bace2cee48c01f9cd81882a2afcd24cb4ea0b3435168caae5df6b2bf3d31a40f1528e72a3326363b248291b9e2f1472c10b90a090c31491a8d8a430330cc,07/26/2025 09:06:00 AM,2,PARKED,,2016070,,CHEVROLET,SUBURBAN,IL,2010,NONE,SPORT UTILITY VEHICLE (SUV),NOT IN USE,N,PARKED,Y,,0,,private,private,,,,,,,Y,Y,Y,,,,,,REAR-LEFT-CORNER,,,,,,,,,,,,,,,,,,,,,,,,,,,,,,,,,
2115044,ff66278539d3646fb114ef72acf910e90fd26f4b7b66368ff79f78bf88d9e1a958e2286394a31bcd5f43ec9e9b9ddf17138e7f86894340abaee541450e6a3ce7,07/26/2025 09:01:00 AM,1,DRIVER,,2016285,,GENERAL MOTORS CORPORATION (GMC),TERRAIN,IL,2025,UNKNOWN,SPORT UTILITY VEHICLE (SUV),UNKNOWN/NA,E,STRAIGHT AHEAD,,,1,,,,,Y,,,,,,,,,,Y,Y,,FRONT,,,,,,,,,,,,,,,,,,,,,,,,,,,,,,,,,
2115045,ff66278539d3646fb114ef72acf910e90fd26f4b7b66368ff79f78bf88d9e1a958e2286394a31bcd5f43ec9e9b9ddf17138e7f86894340abaee541450e6a3ce7,07/26/2025 09:01:00 AM,2,DRIVER,,2016292,,TOYOTA,COROLLA,IL,2015,UNKNOWN,PASSENGER,PERSONAL,E,SLOW/STOP IN TRAFFIC,,,1,,,,,,,,,Y,Y,Y,,,,,,,REAR,,,,,,,,,,,,,,,,,,,,,,,,,,,,,,,,,
2114941,5fa226b24d5c8cf14b92f5617ded6c8a5f84ee0cd3f064618a62bd99a91513a3f44598293b3eef02956afc3f3ca586c42581dd0b5df6dee27a537d41260fa255,07/26/2025 08:56:00 AM,1,DRIVER,,2016185,,HONDA,ACCORD,IL,2024,UNKNOWN,PASSENGER,PERSONAL,NE,TURNING LEFT,Y,,1,,UNKNOWN,UNKNOWN,,,,,,,,,,Y,Y,Y,,,SIDE-LEFT,,,,,,,,,,,,,,,,,,,,,,,,,,,,,,,,,
2114942,5fa226b24d5c8cf14b92f5617ded6c8a5f84ee0cd3f064618a62bd99a91513a3f44598293b3eef02956afc3f3ca586c42581dd0b5df6dee27a537d41260fa255,07/26/2025 08:56:00 AM,2,DRIVER,,2016190,,CHEVROLET,TRAX,IL,2018,UNKNOWN,PASSENGER,PERSONAL,E,STRAIGHT AHEAD,Y,,1,,UNKNOWN,UNKNOWN,,Y,Y,,,,,,,,,,Y,,FRONT,,,,,,,,,,,,,,,,,,,,,,,,,,,,,,,,,
2114812,6b146f142e434ceceb77e6ef8c98e2ec28ddc95d746214ff436e8220094916a8b83131059b8aaa3e4249be89222bacc9d157a03d6ccb780f8a3c49d9bbec71ff,07/26/2025 08:56:00 AM,1,DRIVER,,2016064,,LEXUS,RX350,IL,2024,UNKNOWN,SPORT UTILITY VEHICLE (SUV),PERSONAL,S,STARTING IN TRAFFIC,Y,,1,,unknown,unknown,,,,,,,,,,,Y,Y,Y,,FRONT-LEFT-CORNER,,,,,,,,,,,,,,,,,,,,,,,,,,,,,,,,,
2114813,6b146f142e434ceceb77e6ef8c98e2ec28ddc95d746214ff436e8220094916a8b83131059b8aaa3e4249be89222bacc9d157a03d6ccb780f8a3c49d9bbec71ff,07/26/2025 08:56:00 AM,2,DRIVER,,2016068,,TOYOTA,COROLLA,IL,2016,UNKNOWN,PASSENGER,PERSONAL,NW,STRAIGHT AHEAD,Y,,1,,unknown,unknown,,Y,,,,,,,,,,Y,Y,,FRONT,,,,,,,,,,,,,,,,,,,,,,,,,,,,,,,,,
2114937,81b949b118f5c5cf4d30b776faf1b726460f16526a94a8bcfdbc73425a97b5de9e627f7eee24c44381e1ab177ac768cf58bb22679c7bfcdfa3346f905c203949,07/26/2025 08:30:00 AM,1,DRIVER,,2016179,,UNKNOWN,MOTORIZED,,1900,UNKNOWN,PASSENGER,PERSONAL,W,STRAIGHT AHEAD,,,1,,,,,,,,,,,,,,,,,Y,UNKNOWN,,,,,,,,,,,,,,,,,,,,,,,,,,,,,,,,,
2114938,81b949b118f5c5cf4d30b776faf1b726460f16526a94a8bcfdbc73425a97b5de9e627f7eee24c44381e1ab177ac768cf58bb22679c7bfcdfa3346f905c203949,07/26/2025 08:30:00 AM,2,DRIVER,,2016188,,FORD,FUSION,IL,2011,UNKNOWN,PASSENGER,PERSONAL,W,STRAIGHT AHEAD,,,1,,,,Y,,,,,,,,,,,,,,UNKNOWN,,,,,,,,,,,,,,,,,,,,,,,,,,,,,,,,,
2114786,77d65f51dd9590072801f01514174987dcb97bca86a8cfe480c4b0092f6e40242ddaeae5b013207a210511ffff0ea878547af01a0dce81cf91378e798b875e3c,07/26/2025 08:28:00 AM,1,DRIVER,,2016041,,FORD,F150 XLT,IL,2002,UNKNOWN,PICKUP,PERSONAL,S,STRAIGHT AHEAD,,,1,,,,,Y,,,,,,,,,,Y,Y,Y,FRONT,,,,,,,,,,,,,,,,,,,,,,,,,,,,,,,,,
2114787,77d65f51dd9590072801f01514174987dcb97bca86a8cfe480c4b0092f6e40242ddaeae5b013207a210511ffff0ea878547af01a0dce81cf91378e798b875e3c,07/26/2025 08:28:00 AM,2,DRIVER,,2016044,,NISSAN,KICKS,,2023,UNKNOWN,PASSENGER,PERSONAL,S,STRAIGHT AHEAD,,,1,,,,,,,,,Y,Y,Y,,,,,,Y,REAR,,,,,,,,,,,,,,,,,,,,,,,,,,,,,,,,,
2114760,a3dc420722545899e241397978698f155e0f1fddaf5b78cb4bbe7cd450bf6ff98d32aafcf33d0692c224fc87c6bfb33e59fb8b30d9fe72f89694530de9f2925a,07/26/2025 08:07:00 AM,1,DRIVER,2,2016019,,VOLKSWAGEN,JETTA,IL,2019,UNKNOWN,PASSENGER,PERSONAL,S,BACKING,,,3,,,,,,,,,Y,Y,Y,,,,,,,REAR,,,,,,,,,,,,,,,,,,,,,,,,,,,,,,,,,
2114761,a3dc420722545899e241397978698f155e0f1fddaf5b78cb4bbe7cd450bf6ff98d32aafcf33d0692c224fc87c6bfb33e59fb8b30d9fe72f89694530de9f2925a,07/26/2025 08:07:00 AM,2,PARKED,,2016018,,FORD,OTHER (EXPLAIN IN NARRATIVE),IL,2020,UNKNOWN,BUS UP TO 15 PASS.,COMMERCIAL - MULTI-UNIT,N,PARKED,,,0,,,,,Y,,,,,,,,,,,,,FRONT-RIGHT-CORNER,,,,,,,,,,,,,,,,,,,,,,,,,,,,,,,,,
2114962,7e670d419808b39f2534d361a0b3464aba127301a92e82707f6c9db899f2ec0f70fb2b6d26e9ab9cfb6ad4421d79704d46d175cf0697f79e1bae3ddff51f6c4c,07/26/2025 08:00:00 AM,1,DRIVER,,2016217,,UNKNOWN,OTHER (EXPLAIN IN NARRATIVE),IL,,UNKNOWN,UNKNOWN/NA,UNKNOWN/NA,UNKNOWN,STRAIGHT AHEAD,,,1,,,,,,,,,,,,,,,,,,UNKNOWN,,,,,,,,,,,,,,,,,,,,,,,,,,,,,,,,,
2114963,7e670d419808b39f2534d361a0b3464aba127301a92e82707f6c9db899f2ec0f70fb2b6d26e9ab9cfb6ad4421d79704d46d175cf0697f79e1bae3ddff51f6c4c,07/26/2025 08:00:00 AM,2,PARKED,,2016227,,NISSAN,ALTIMA,IL,2013,NONE,PASSENGER,PERSONAL,UNKNOWN,PARKED,,,0,,,,,,,,,,,Y,Y,,,,,,REAR,,,,,,,,,,,,,,,,,,,,,,,,,,,,,,,,,
2114790,84006e1d627d1c2f8567492f10ea3c68d916bab4b8a761a967ca007f5d488b9d08291a7400d511bf829f33a53ca7d3168257565ec73a55f0f02c4efb9d8e0fc1,07/26/2025 08:00:00 AM,1,DRIVER,,2016045,,UNKNOWN,MOTORIZED,,,UNKNOWN,UNKNOWN/NA,UNKNOWN/NA,S,STRAIGHT AHEAD,,,1,,,,,,,,,,,,,,,,,Y,UNKNOWN,,,,,,,,,,,,,,,,,,,,,,,,,,,,,,,,,
2114791,84006e1d627d1c2f8567492f10ea3c68d916bab4b8a761a967ca007f5d488b9d08291a7400d511bf829f33a53ca7d3168257565ec73a55f0f02c4efb9d8e0fc1,07/26/2025 08:00:00 AM,2,DRIVERLESS,,2016050,,CADILLAC,ATS,IL,2015,NONE,PASSENGER,PERSONAL,S,PARKED,,,0,,,,,,,,,,,,,Y,Y,Y,,,FRONT-LEFT-CORNER,,,,,,,,,,,,,,,,,,,,,,,,,,,,,,,,,
2114788,8fe8c8cc5ed408c11c4c37e44a6d475cbf01343e37b356ba81cb1c95be90f8a3f0bf7d80651097fcb14ebf2684f42583f6a20eaf276009597554740090b6fc79,07/26/2025 08:00:00 AM,1,DRIVER,,2016105,,CHRYSLER,200,IL,2011,UNKNOWN,PASSENGER,UNKNOWN/NA,E,BACKING,,,1,,,,,,,,,,,,,,,,,Y,UNKNOWN,,,,,,,,,,,,,,,,,,,,,,,,,,,,,,,,,
2114789,8fe8c8cc5ed408c11c4c37e44a6d475cbf01343e37b356ba81cb1c95be90f8a3f0bf7d80651097fcb14ebf2684f42583f6a20eaf276009597554740090b6fc79,07/26/2025 08:00:00 AM,2,DRIVER,1,2016043,,CHEVROLET,OTHER (EXPLAIN IN NARRATIVE),IL,2015,UNKNOWN,PASSENGER,PERSONAL,W,SLOW/STOP IN TRAFFIC,,,2,,,,,Y,,,,,,,,,,Y,Y,,FRONT,,,,,,,,,,,,,,,,,,,,,,,,,,,,,,,,,
2114771,11633b1ec4820372f27e55eb2827aa03d6f4676f7b5a4ca955355be0498e40ffa2f7420b8a984e15541df094d62aa568210d2e02b7a59e403944eca5a8745478,07/26/2025 07:50:00 AM,1,DRIVER,,2016024,,HONDA,ODYSSEY,IL,2010,NONE,VAN/MINI-VAN,DRIVER EDUCATION,S,CHANGING LANES,,,1,,,,,,,,,Y,,,,,,,,,SIDE-RIGHT-REAR,,,,,,,,,,,,,,,,,,,,,,,,,,,,,,,,,
2114772,11633b1ec4820372f27e55eb2827aa03d6f4676f7b5a4ca955355be0498e40ffa2f7420b8a984e15541df094d62aa568210d2e02b7a59e403944eca5a8745478,07/26/2025 07:50:00 AM,2,DRIVER,1,2016033,,ISUZU,OTHER (EXPLAIN IN NARRATIVE),IL,2024,NONE,TRUCK - SINGLE UNIT,PERSONAL,S,STRAIGHT AHEAD,,,2,,,,,,,,,,,,,,Y,Y,,,SIDE-LEFT-FRONT,,,,,,,,,,,,,,,,,,,,,,,,,,,,,,,,,
2114792,ebf08a1c38c8313f34435616bc89fde52c1a65bb41880835fdfe1bade44f1f352e66e355a93c857d2b8bffe842ae26e674e6130b90f8e27f9bd88a6e05167166,07/26/2025 06:30:00 AM,1,DRIVER,,2016049,,UNKNOWN,OTHER (EXPLAIN IN NARRATIVE),,,UNKNOWN,UNKNOWN/NA,UNKNOWN/NA,S,STRAIGHT AHEAD,,,1,,,,,,,,,,,,,,Y,Y,,,SIDE-LEFT-FRONT,,,,,,,,,,,,,,,,,,,,,,,,,,,,,,,,,
2114793,ebf08a1c38c8313f34435616bc89fde52c1a65bb41880835fdfe1bade44f1f352e66e355a93c857d2b8bffe842ae26e674e6130b90f8e27f9bd88a6e05167166,07/26/2025 06:30:00 AM,2,PARKED,,2016053,,TOYOTA,RAV4,IL,2023,NONE,SPORT UTILITY VEHICLE (SUV),NOT IN USE,S,PARKED,,,0,,,,,Y,Y,Y,,,,,,,,Y,Y,,FRONT-RIGHT-CORNER,,,,,,,,,,,,,,,,,,,,,,,,,,,,,,,,,
2114810,271303c425805147f02116e8a0118bfac588252c6600bd2e2d6f151c5fcfc9414837930cfc4228bda9f5fd0d99a22166cd42bfa9d4f8adbf8d8982dceec12c16,07/26/2025 06:12:00 AM,1,DRIVER,,2016061,,HYUNDAI,SONATA,IL,2013,UNKNOWN,PASSENGER,UNKNOWN/NA,S,UNKNOWN/NA,,,1,,,,,,,,,,,,,,,,,Y,FRONT,,,,,,,,,,,,,,,,,,,,,,,,,,,,,,,,,
2114811,271303c425805147f02116e8a0118bfac588252c6600bd2e2d6f151c5fcfc9414837930cfc4228bda9f5fd0d99a22166cd42bfa9d4f8adbf8d8982dceec12c16,07/26/2025 06:12:00 AM,2,DRIVER,,2016062,,HONDA,CIVIC,IL,2009,NONE,PASSENGER,UNKNOWN/NA,S,SLOW/STOP IN TRAFFIC,,,1,,,,,,,,,,Y,,,,,,,,REAR,,,,,,,,,,,,,,,,,,,,,,,,,,,,,,,,,
2114755,325c7aea03418bb7261a95a54757ebb0108ea8e20948be6aac7f5448af596f636c82ed42c539e14d571ff9b07da1260f7d05934929955f7256020dfbdffe0e56,07/26/2025 05:52:00 AM,1,DRIVER,1,2016012,,HYUNDAI,AZERA,IL,2007,NONE,PASSENGER,PERSONAL,E,STRAIGHT AHEAD,Y,,2,,cpd,pound #6,,Y,Y,,,,,,,,,Y,Y,,FRONT,,,,,,,,,,,,,,,,,,,,,,,,,,,,,,,,,
2114756,325c7aea03418bb7261a95a54757ebb0108ea8e20948be6aac7f5448af596f636c82ed42c539e14d571ff9b07da1260f7d05934929955f7256020dfbdffe0e56,07/26/2025 05:52:00 AM,2,DRIVER,,2016014,,CHEVROLET,TAHOE,IL,1997,NONE,SPORT UTILITY VEHICLE (SUV),PERSONAL,S,STRAIGHT AHEAD,,,1,,,,,Y,Y,Y,,,,,,,,,,,SIDE-RIGHT,,,,,,,,,,,,,,,,,,,,,,,,,,,,,,,,,
2114757,325c7aea03418bb7261a95a54757ebb0108ea8e20948be6aac7f5448af596f636c82ed42c539e14d571ff9b07da1260f7d05934929955f7256020dfbdffe0e56,07/26/2025 05:52:00 AM,3,DRIVER,,2016015,,HONDA,ACCORD,IL,2005,NONE,PASSENGER,PERSONAL,N,STRAIGHT AHEAD,,,1,,,,,,,,,,,,,,N,Y,,,FRONT-LEFT-CORNER,,,,,,,,,,,,,,,,,,,,,,,,,,,,,,,,,
2115189,41972d6ca5309c16ac777fc375dd38e661981d7a0badb3c19680c8bcde4e7d2baa870a8a8db493d237b82d82ad1c583ae0131a16c289435ae74466dddb354270,07/26/2025 05:20:00 AM,1,DRIVER,,2016421,,NISSAN,PATHFINDER,IL,2012,NONE,PASSENGER,PERSONAL,E,BACKING,,,1,,,,Y,,,,,,,,,,,,,,REAR,,,,,,,,,,,,,,,,,,,,,,,,,,,,,,,,,
2115190,41972d6ca5309c16ac777fc375dd38e661981d7a0badb3c19680c8bcde4e7d2baa870a8a8db493d237b82d82ad1c583ae0131a16c289435ae74466dddb354270,07/26/2025 05:20:00 AM,2,DRIVER,,2016426,,CHEVROLET,OTHER (EXPLAIN IN NARRATIVE),IL,2014,NONE,PASSENGER,PERSONAL,S,STRAIGHT AHEAD,,,1,,,,,,,,,Y,,,,,,,,,REAR-RIGHT-CORNER,,,,,,,,,,,,,,,,,,,,,,,,,,,,,,,,,
2114765,0d2ba30f5c9d43a4b5bd9c11b18782395dfbb65ddae9605115ee5e8f0744d9c3982bf0a70b643e35736f03f30e4ef4bee99f668399258e46fae8ba03d78521c7,07/26/2025 05:19:00 AM,1,DRIVER,,2016020,,CADILLAC,ESCALADE,IL,2007,UNKNOWN,PASSENGER,PERSONAL,E,STRAIGHT AHEAD,Y,,1,,CITY,POUND,,,,,,,,,,Y,Y,Y,,,FRONT-LEFT-CORNER,,,,,,,,,,,,,,,,,,,,,,,,,,,,,,,,,
2114766,0d2ba30f5c9d43a4b5bd9c11b18782395dfbb65ddae9605115ee5e8f0744d9c3982bf0a70b643e35736f03f30e4ef4bee99f668399258e46fae8ba03d78521c7,07/26/2025 05:19:00 AM,2,PARKED,,2016025,,TOYOTA,PRIUS,IL,2013,UNKNOWN,PASSENGER,NOT IN USE,UNKNOWN,PARKED,,,0,,,,,,,,,,,,,,,Y,,,FRONT-LEFT-CORNER,,,,,,,,,,,,,,,,,,,,,,,,,,,,,,,,,
2114767,0d2ba30f5c9d43a4b5bd9c11b18782395dfbb65ddae9605115ee5e8f0744d9c3982bf0a70b643e35736f03f30e4ef4bee99f668399258e46fae8ba03d78521c7,07/26/2025 05:19:00 AM,3,PARKED,,2016027,,DODGE,OTHER (EXPLAIN IN NARRATIVE),IL,2009,UNKNOWN,PICKUP,NOT IN USE,UNKNOWN,PARKED,,,0,,,,,,,,,,,,Y,Y,Y,,,,SIDE-LEFT,,,,,,,,,,,,,,,,,,,,,,,,,,,,,,,,,
2114768,0d2ba30f5c9d43a4b5bd9c11b18782395dfbb65ddae9605115ee5e8f0744d9c3982bf0a70b643e35736f03f30e4ef4bee99f668399258e46fae8ba03d78521c7,07/26/2025 05:19:00 AM,4,PARKED,,2016028,,BUICK,OTHER (EXPLAIN IN NARRATIVE),IL,2008,UNKNOWN,PASSENGER,NOT IN USE,UNKNOWN,PARKED,,,0,,,,,,,,,,,,,,Y,Y,,,FRONT-LEFT-CORNER,,,,,,,,,,,,,,,,,,,,,,,,,,,,,,,,,
2114769,0d2ba30f5c9d43a4b5bd9c11b18782395dfbb65ddae9605115ee5e8f0744d9c3982bf0a70b643e35736f03f30e4ef4bee99f668399258e46fae8ba03d78521c7,07/26/2025 05:19:00 AM,5,PARKED,,2016031,,TOYOTA,COROLLA,IL,2020,UNKNOWN,PASSENGER,NOT IN USE,UNKNOWN,PARKED,,,0,,,,,Y,,,,,,,,,,Y,Y,,FRONT,,,,,,,,,,,,,,,,,,,,,,,,,,,,,,,,,
2114749,a79acd8250e0b401946a1ea6c7b3c961db1f96e45f50f05923a3dfecf507fdc224b5a25ac6cdf8a8639efd311f0577c60f04cb6f54dae7f880e2d898a4bc9c2e,07/26/2025 05:10:00 AM,1,DRIVER,1,2016005,,FORD,F450,IL,2019,UNKNOWN,TRUCK - SINGLE UNIT,POLICE,S,TURNING RIGHT,,,2,,,,,N,N,Y,,Y,,,,,,,,,SIDE-RIGHT,,,,,,,,,,,,,,,,,,,,,,,,,,,,,,,,,
2114750,a79acd8250e0b401946a1ea6c7b3c961db1f96e45f50f05923a3dfecf507fdc224b5a25ac6cdf8a8639efd311f0577c60f04cb6f54dae7f880e2d898a4bc9c2e,07/26/2025 05:10:00 AM,2,PARKED,,2016007,,JEEP,CHEROKEE,IL,2017,UNKNOWN,PASSENGER,PERSONAL,UNKNOWN,PARKED,,,0,,,,,,,,,,,Y,Y,,,,,,SIDE-LEFT-REAR,,,,,,,,,,,,,,,,,,,,,,,,,,,,,,,,,
2115319,001699a0180fc8f2e71c083ce18c9e3108d136bbd242f97f76a9a3566bf74181c84eccf72cf8eebc1f95648445b3d0246f59535f027dbeeec2435e6adad83b07,07/26/2025 04:42:00 AM,1,DRIVER,,2016546,,BUICK,ENCLAVE,IN,2024,NONE,PASSENGER,PERSONAL,N,STRAIGHT AHEAD,,,1,,,,,,,,,,,,,,,,Y,,FRONT,,,,,,,,,,,,,,,,,,,,,,,,,,,,,,,,,
2115320,001699a0180fc8f2e71c083ce18c9e3108d136bbd242f97f76a9a3566bf74181c84eccf72cf8eebc1f95648445b3d0246f59535f027dbeeec2435e6adad83b07,07/26/2025 04:42:00 AM,2,DRIVER,,2016552,,HYUNDAI,SANTA FE,IL,2019,NONE,PASSENGER,PERSONAL,N,STRAIGHT AHEAD,,,1,,,,,,,,,,Y,,,,,,,,REAR,,,,,,,,,,,,,,,,,,,,,,,,,,,,,,,,,
2114747,dbb46f22399841ab223f5ce524caaea1683fd8764db22df31346c0196d404f24eaec4806fc186bbbc9d1f07b18f36fc1be4249ec6358fbd96a0f68fdd83c1168,07/26/2025 04:40:00 AM,1,DRIVER,,2016002,,CADILLAC,OTHER (EXPLAIN IN NARRATIVE),IL,,UNKNOWN,UNKNOWN/NA,UNKNOWN/NA,S,STRAIGHT AHEAD,,,1,,,,,,,,,,,,,,,,,Y,UNKNOWN,,,,,,,,,,,,,,,,,,,,,,,,,,,,,,,,,
2114748,dbb46f22399841ab223f5ce524caaea1683fd8764db22df31346c0196d404f24eaec4806fc186bbbc9d1f07b18f36fc1be4249ec6358fbd96a0f68fdd83c1168,07/26/2025 04:40:00 AM,2,DRIVER,,2016003,,NISSAN,ALTIMA,IL,2014,NONE,PASSENGER,PERSONAL,S,SLOW/STOP IN TRAFFIC,,,1,,,,,,Y,,,,,,,,,,,,SIDE-RIGHT,,,,,,,,,,,,,,,,,,,,,,,,,,,,,,,,,
2114733,4e0f8ff768640d443b8e4182ddbd1d3e13fc0b6fa0c1612e823903f4a4e50240b7fc4907fa30ff21c462d8874e1ebb5b6a92841f34389401fec54a4876545140,07/26/2025 04:30:00 AM,1,DRIVER,,2015986,,CADILLAC,CTS,IL,2012,NONE,PASSENGER,PERSONAL,W,STRAIGHT AHEAD,,,1,,,,,Y,Y,,,,,,,,,,,,FRONT-RIGHT-CORNER,,,,,,,,,,,,,,,,,,,,,,,,,,,,,,,,,