CRASH_UNIT_ID,CRASH_RECORD_ID,CRASH_DATE,UNIT_NO,UNIT_TYPE,NUM_PASSENGERS,VEHICLE_ID,CMRC_VEH_I,MAKE,MODEL,LIC_PLATE_STATE,VEHICLE_YEAR,VEHICLE_DEFECT,VEHICLE_TYPE,VEHICLE_USE,TRAVEL_DIRECTION,MANEUVER,TOWED_I,FIRE_I,OCCUPANT_CNT,EXCEED_SPEED_LIMIT_I,TOWED_BY,TOWED_TO,AREA_00_I,AREA_01_I,AREA_02_I,AREA_03_I,AREA_04_I,AREA_05_I,AREA_06_I,AREA_07_I,AREA_08_I,AREA_09_I,AREA_10_I,AREA_11_I,AREA_12_I,AREA_99_I,FIRST_CONTACT_POINT,CMV_ID,USDOT_NO,CCMC_NO,ILCC_NO,COMMERCIAL_SRC,GVWR,CARRIER_NAME,CARRIER_STATE,CARRIER_CITY,HAZMAT_PLACARDS_I,HAZMAT_NAME,UN_NO,HAZMAT_PRESENT_I,HAZMAT_REPORT_I,HAZMAT_REPORT_NO,MCS_REPORT_I,MCS_REPORT_NO,HAZMAT_VIO_CAUSE_CRASH_I,MCS_VIO_CAUSE_CRASH_I,IDOT_PERMIT_NO,WIDE_LOAD_I,TRAILER1_WIDTH,TRAILER2_WIDTH,TRAILER1_LENGTH,TRAILER2_LENGTH,TOTAL_VEHICLE_LENGTH,AXLE_CNT,VEHICLE_CONFIG,CARGO_BODY_TYPE,LOAD_TYPE,HAZMAT_OUT_OF_SERVICE_I,MCS_OUT_OF_SERVICE_I,HAZMAT_CLASS
2114736,7c6b7f9640358cf9da660f8315145bc73eb7c2578046d4379642a74a366b1b47e972bdab9cb8c6a4cea8fcc8a199f6f75e55f59d7281661939ad47b3fa78b27b,07/26/2025 04:20:00 AM,1,DRIVER,,2015988,,KIA,TELLURIDE,IL,2017,TIRES,PASSENGER,PERSONAL,E,STRAIGHT AHEAD,Y,,1,,CRASH CHAPIONS,CRASH CHAPIONS,Y,Y,,,,,,,,,,,Y,,FRONT-RIGHT-CORNER,,,,,,,,,,,,,,,,,,,,,,,,,,,,,,,,,
2114734,4f8f09d78a0f2e80fae8906e5187257ca5adab9f6bc447cbba0f659b6f47ea8b175a7fd677655bf438a99d80e3176a8ed37ef38db888c444b525f7020803cb40,07/26/2025 04:16:00 AM,1,DRIVER,,2015990,,TOYOTA,RAV4,IL,2025,UNKNOWN,VAN/MINI-VAN,UNKNOWN/NA,W,STRAIGHT AHEAD,Y,,1,,STATE FARM,,,Y,Y,Y,Y,Y,,Y,Y,Y,Y,Y,,,FRONT-RIGHT-CORNER,,,,,,,,,,,,,,,,,,,,,,,,,,,,,,,,,
2114735,4f8f09d78a0f2e80fae8906e5187257ca5adab9f6bc447cbba0f659b6f47ea8b175a7fd677655bf438a99d80e3176a8ed37ef38db888c444b525f7020803cb40,07/26/2025 04:16:00 AM,2,PARKED,,2015992,,KIA,FORTE,IL,2023,UNKNOWN,PASSENGER,UNKNOWN/NA,W,PARKED,,,0,,,,,,,,,,,Y,Y,,,,,,REAR-LEFT-CORNER,,,,,,,,,,,,,,,,,,,,,,,,,,,,,,,,,
2116317,821037db644510b7175625a34b29eca3731e29d23c9d9b4cbee004efd91f878fb68547c5f1563398e6962ec8f5940991005d26f06090724dbbbb7a69ff616661,07/26/2025 04:14:00 AM,1,DRIVER,,2017490,,HONDA,FIT,IL,2010,UNKNOWN,PASSENGER,UNKNOWN/NA,W,STRAIGHT AHEAD,Y,,1,,e & r towing,10301 s doty ave,,Y,Y,Y,,,,,,,,Y,Y,,FRONT-RIGHT-CORNER,,,,,,,,,,,,,,,,,,,,,,,,,,,,,,,,,
2116318,821037db644510b7175625a34b29eca3731e29d23c9d9b4cbee004efd91f878fb68547c5f1563398e6962ec8f5940991005d26f06090724dbbbb7a69ff616661,07/26/2025 04:14:00 AM,2,PARKED,,2017491,,HONDA,PILOT,IL,2004,UNKNOWN,PASSENGER,UNKNOWN/NA,W,PARKED,,,0,,,,,Y,N,N,N,Y,Y,Y,Y,Y,Y,Y,Y,,REAR-LEFT-CORNER,,,,,,,,,,,,,,,,,,,,,,,,,,,,,,,,,
2116319,821037db644510b7175625a34b29eca3731e29d23c9d9b4cbee004efd91f878fb68547c5f1563398e6962ec8f5940991005d26f06090724dbbbb7a69ff616661,07/26/2025 04:14:00 AM,3,PARKED,,2017492,,TOYOTA,RAV4,IL,2011,UNKNOWN,PASSENGER,UNKNOWN/NA,W,PARKED,,,0,,,,,,,,Y,Y,Y,Y,Y,,,,N,,REAR,,,,,,,,,,,,,,,,,,,,,,,,,,,,,,,,,
2114722,c29b7c012f001da6063c5ee0309f2be1313f90697971851da4f387495de9cb4490f2e21666f7957d8981ce2e54559778a026ba347ee86122898bf1ee8880c082,07/26/2025 04:11:00 AM,1,DRIVER,,2015978,,NISSAN,MURANO,,2003,UNKNOWN,PASSENGER,PERSONAL,S,STRAIGHT AHEAD,Y,,1,,private tow,,,Y,Y,Y,,,,,,,,,,,SIDE-RIGHT-FRONT,,,,,,,,,,,,,,,,,,,,,,,,,,,,,,,,,
2114723,c29b7c012f001da6063c5ee0309f2be1313f90697971851da4f387495de9cb4490f2e21666f7957d8981ce2e54559778a026ba347ee86122898bf1ee8880c082,07/26/2025 04:11:00 AM,2,PARKED,,2015987,,RAMLIN,RAMLIN,IL,2020,NONE,PICKUP,PERSONAL,S,PARKED,,,0,,,,,,,,,,,,,Y,Y,Y,,,SIDE-LEFT-FRONT,,,,,,,,,,,,,,,,,,,,,,,,,,,,,,,,,
2114710,20c60b115c9e2ad601b129be4e88fc5dca3e0f787c7d2faf2c67ab433b55f22b0d02c3ad44cab5dd95af37f76fd1c45d933222948508e37140d4f6c6637d7b61,07/26/2025 04:09:00 AM,1,DRIVER,,2015963,,CHEVROLET,EQUINOX,IL,2020,UNKNOWN,SPORT UTILITY VEHICLE (SUV),UNKNOWN/NA,SW,STRAIGHT AHEAD,Y,,1,,cpd,pound 2,,Y,,,,,,,,,,Y,Y,,FRONT,,,,,,,,,,,,,,,,,,,,,,,,,,,,,,,,,
2114711,20c60b115c9e2ad601b129be4e88fc5dca3e0f787c7d2faf2c67ab433b55f22b0d02c3ad44cab5dd95af37f76fd1c45d933222948508e37140d4f6c6637d7b61,07/26/2025 04:09:00 AM,2,DRIVER,1,2015966,,JEEP,CHEROKEE,IL,2016,UNKNOWN,SPORT UTILITY VEHICLE (SUV),PERSONAL,SW,STRAIGHT AHEAD,,,2,,,,,,,,,Y,Y,Y,,,,,,,REAR,,,,,,,,,,,,,,,,,,,,,,,,,,,,,,,,,
2114737,a802290ead90ec86eb32cfa8749f6e32c72ac1db4acde27d0c7f60d94d9d927cac9d831fa9746ade87e13c9469eaa620feaa3988da2b39500ecf899cc512ff99,07/26/2025 04:05:00 AM,1,DRIVER,,2015993,,UNKNOWN,OTHER (EXPLAIN IN NARRATIVE),,,UNKNOWN,SPORT UTILITY VEHICLE (SUV),UNKNOWN/NA,N,OTHER,,,1,,,,,Y,,,,,,,,,,,,,FRONT-RIGHT-CORNER,,,,,,,,,,,,,,,,,,,,,,,,,,,,,,,,,
2114738,a802290ead90ec86eb32cfa8749f6e32c72ac1db4acde27d0c7f60d94d9d927cac9d831fa9746ade87e13c9469eaa620feaa3988da2b39500ecf899cc512ff99,07/26/2025 04:05:00 AM,2,DRIVER,,2015994,,HONDA,CR-V,IL,2014,NONE,SPORT UTILITY VEHICLE (SUV),PERSONAL,SE,TURNING LEFT,,,1,,,,,Y,Y,,,,,,,,,,,,FRONT-RIGHT-CORNER,,,,,,,,,,,,,,,,,,,,,,,,,,,,,,,,,
2114741,6e35c7cf1467377a0ef27d1f10fa2f4ca2e00da90024d5b79880a64057f75eae4b445216da84d4337924b3dc1b6af9d609a3988d9bf04a0ad8ab6eb4b70e75a2,07/26/2025 04:00:00 AM,1,DRIVER,,2015995,,JEEP,GRAND CHEROKEE,IL,2019,UNKNOWN,PASSENGER,PERSONAL,W,STRAIGHT AHEAD,Y,,1,,PERSONAL TOW,,,Y,,,,,,Y,Y,Y,N,Y,Y,,FRONT,,,,,,,,,,,,,,,,,,,,,,,,,,,,,,,,,
2114742,6e35c7cf1467377a0ef27d1f10fa2f4ca2e00da90024d5b79880a64057f75eae4b445216da84d4337924b3dc1b6af9d609a3988d9bf04a0ad8ab6eb4b70e75a2,07/26/2025 04:00:00 AM,2,DRIVER,1,2015996,,DODGE,GRAND CARAVAN,IL,2014,UNKNOWN,VAN/MINI-VAN,PERSONAL,N,STRAIGHT AHEAD,Y,,2,,PERSONAL TOW,,,Y,Y,N,,,,,,,,Y,Y,,FRONT-RIGHT-CORNER,,,,,,,,,,,,,,,,,,,,,,,,,,,,,,,,,
2114724,e2627e9940ee2df2315eee987ef29e27a53ecd9ca32a8d839cfa433bc2c9cd8666dc3a6667681b5614c12f8f44f652ca8be858c73a1ff50793e8bf2166c98eaf,07/26/2025 03:59:00 AM,1,DRIVER,1,2015973,,JEEP,WRANGLER,IL,2021,NONE,PASSENGER,PERSONAL,E,TURNING LEFT,Y,,2,,private tow,,,Y,Y,,,,,,,,,,Y,,FRONT-RIGHT-CORNER,,,,,,,,,,,,,,,,,,,,,,,,,,,,,,,,,
2114725,e2627e9940ee2df2315eee987ef29e27a53ecd9ca32a8d839cfa433bc2c9cd8666dc3a6667681b5614c12f8f44f652ca8be858c73a1ff50793e8bf2166c98eaf,07/26/2025 03:59:00 AM,2,DRIVER,,2015980,,JEEP,LIBERTY,SC,2008,NONE,PASSENGER,PERSONAL,W,STRAIGHT AHEAD,Y,,1,,private tow,,,Y,Y,,,,,,,,Y,Y,Y,,FRONT,,,,,,,,,,,,,,,,,,,,,,,,,,,,,,,,,
2114714,07afaef640103d26ca167ac4c6f0dfdc1306cf0b3594fd1d9cadcb8f1c4486191423675c07409b5293a843bd5e3bef46239fbd0ea4ed37256241223770ffd662,07/26/2025 03:57:00 AM,1,DRIVER,,2015971,,DODGE,RAM 1500 PU,IL,2014,NONE,PICKUP,PERSONAL,W,STRAIGHT AHEAD,,,1,,,,Y,,,,,,,,,,,,,,FRONT,,,,,,,,,,,,,,,,,,,,,,,,,,,,,,,,,
2114715,07afaef640103d26ca167ac4c6f0dfdc1306cf0b3594fd1d9cadcb8f1c4486191423675c07409b5293a843bd5e3bef46239fbd0ea4ed37256241223770ffd662,07/26/2025 03:57:00 AM,2,DRIVER,,2015976,,TOYOTA,PRIUS,IL,2010,NONE,PASSENGER,PERSONAL,W,SLOW/STOP IN TRAFFIC,,,1,,,,,,,,,,Y,,,,,,,,REAR,,,,,,,,,,,,,,,,,,,,,,,,,,,,,,,,,
2114716,07afaef640103d26ca167ac4c6f0dfdc1306cf0b3594fd1d9cadcb8f1c4486191423675c07409b5293a843bd5e3bef46239fbd0ea4ed37256241223770ffd662,07/26/2025 03:57:00 AM,3,DRIVER,2,2015984,,CHEVROLET,EQUINOX,IL,2016,NONE,SPORT UTILITY VEHICLE (SUV),PERSONAL,W,SLOW/STOP IN TRAFFIC,,,3,,,,,,,,,,Y,,,,,,,,REAR,,,,,,,,,,,,,,,,,,,,,,,,,,,,,,,,,
2114728,11ca3699ffbba7d59420e7c0291dcfebd16489a5f74a49d0b08d79e3a0ca670370229e06aff2ba102ff8564bb8582fd8f5cb0d161583d6b381dac687dcc5c1be,07/26/2025 03:53:00 AM,1,DRIVER,,2015979,,GENERAL MOTORS CORPORATION (GMC),TERRAIN,IL,2021,UNKNOWN,PASSENGER,PERSONAL,W,UNKNOWN/NA,,,1,,,,,,,,,,,,,,,,Y,,FRONT,,,,,,,,,,,,,,,,,,,,,,,,,,,,,,,,,
2114729,11ca3699ffbba7d59420e7c0291dcfebd16489a5f74a49d0b08d79e3a0ca670370229e06aff2ba102ff8564bb8582fd8f5cb0d161583d6b381dac687dcc5c1be,07/26/2025 03:53:00 AM,2,PARKED,,2015982,N,FORD,EDGE,IL,2017,UNKNOWN,PASSENGER,PERSONAL,UNKNOWN,PARKED,N,,0,,,,,,,,,,Y,,,,,,,,REAR,,,,,,,,,,,,,,,,,,,,,,,,,,,,,,,,,
2114720,af6a67f2d097c7b7b473468229a7e85da4f6d3d22de4009a5a90c9f21449df0e3fa66bf1bb9fc766a3db895926de6929791fc78d864946d37568b6aa0a820224,07/26/2025 03:50:00 AM,1,DRIVER,1,2015974,,FORD,F150,IL,2017,UNKNOWN,TRUCK - SINGLE UNIT,PERSONAL,W,STRAIGHT AHEAD,,,2,,,,,,,,Y,Y,,,,,,,,,SIDE-RIGHT-REAR,,,,,,,,,,,,,,,,,,,,,,,,,,,,,,,,,
2114721,af6a67f2d097c7b7b473468229a7e85da4f6d3d22de4009a5a90c9f21449df0e3fa66bf1bb9fc766a3db895926de6929791fc78d864946d37568b6aa0a820224,07/26/2025 03:50:00 AM,2,DRIVER,4,2015981,,LINCOLN,AVIATOR,IL,2023,NONE,PASSENGER,RIDESHARE SERVICE,S,STRAIGHT AHEAD,Y,,5,,Private Town,,,Y,,,,,,,,,,Y,Y,,FRONT,,,,,,,,,,,,,,,,,,,,,,,,,,,,,,,,,
2114751,2129d3e1ced270dff73e429b351055aa37999a3834332e2f3ff98894c7d5a93b19a0e63d6b54666981e41024e09be65fd6371999db546299e21c5089fa2344c7,07/26/2025 03:40:00 AM,1,DRIVER,,2016006,,DODGE,DURANGO,IL,2012,UNKNOWN,PASSENGER,PERSONAL,S,STRAIGHT AHEAD,,,1,,,,,Y,,,,,,,,,,Y,Y,,FRONT,,,,,,,,,,,,,,,,,,,,,,,,,,,,,,,,,
2114752,2129d3e1ced270dff73e429b351055aa37999a3834332e2f3ff98894c7d5a93b19a0e63d6b54666981e41024e09be65fd6371999db546299e21c5089fa2344c7,07/26/2025 03:40:00 AM,2,DRIVER,,2016008,,JEEP,CHEROKEE,IL,2019,UNKNOWN,PASSENGER,PERSONAL,E,STRAIGHT AHEAD,,,1,,,,,,,,,,,,Y,Y,Y,Y,,,SIDE-LEFT,,,,,,,,,,,,,,,,,,,,,,,,,,,,,,,,,
2114743,c5c611ea5a6e4f5ef37f59ed78b0389e8248bff9b07df42e90e3fe866dc2b9b6a69d38ca756afc41109676f098455147c26428cf23a88e998976140b19c0dba7,07/26/2025 03:35:00 AM,1,DRIVER,,2015997,,TOYOTA,CAMRY,IL,2010,UNKNOWN,PASSENGER,PERSONAL,E,STRAIGHT AHEAD,Y,,1,,PRIVATE COMPANY,,,,,,,,,,,Y,Y,Y,,,UNKNOWN,,,,,,,,,,,,,,,,,,,,,,,,,,,,,,,,,
2114744,c5c611ea5a6e4f5ef37f59ed78b0389e8248bff9b07df42e90e3fe866dc2b9b6a69d38ca756afc41109676f098455147c26428cf23a88e998976140b19c0dba7,07/26/2025 03:35:00 AM,2,PARKED,,2015999,,NISSAN,KICKS,IL,2025,NONE,PASSENGER,NOT IN USE,UNKNOWN,PARKED,,,0,,,,,,Y,Y,Y,Y,,,,,,,,,UNKNOWN,,,,,,,,,,,,,,,,,,,,,,,,,,,,,,,,,
2114700,ca6f4dd8219c123fec4c079fdc5be5b9cbc77ebda88aa2322268e4c3d5a88f5edd997a4959c314be57fcb967628609e97e7b4b626ae6d19e778c559bd194c4b0,07/26/2025 03:27:00 AM,1,DRIVER,,2015959,,LEXUS,NX,IL,2015,UNKNOWN,PASSENGER,PERSONAL,S,STRAIGHT AHEAD,,,1,,,,,Y,,,,,,,,,,,N,,FRONT-RIGHT-CORNER,,,,,,,,,,,,,,,,,,,,,,,,,,,,,,,,,
2114701,ca6f4dd8219c123fec4c079fdc5be5b9cbc77ebda88aa2322268e4c3d5a88f5edd997a4959c314be57fcb967628609e97e7b4b626ae6d19e778c559bd194c4b0,07/26/2025 03:27:00 AM,2,DRIVER,1,2015965,,CHEVROLET,TRAIL BLAZER,IL,2021,UNKNOWN,PASSENGER,PERSONAL,S,STRAIGHT AHEAD,,,2,,,,,,,,,,Y,,,,,,,,REAR,,,,,,,,,,,,,,,,,,,,,,,,,,,,,,,,,
2114706,98bff72b49db6d26b2a6230c6c2ab9d206ba6b2fb87efb076c98f5ec22c9f7b8e8081b5bfa32dcd46354572dfa86687db7a8b52896746c9ef5f1e6a2de2f5e8b,07/26/2025 03:16:00 AM,1,DRIVER,1,2015958,,HONDA,CIVIC,IL,2003,UNKNOWN,PASSENGER,UNKNOWN/NA,N,STRAIGHT AHEAD,Y,,2,,CITY OF CHICAGO,103RD DOTY,,Y,Y,Y,,,,,,,,,Y,,FRONT-RIGHT-CORNER,,,,,,,,,,,,,,,,,,,,,,,,,,,,,,,,,
2114707,98bff72b49db6d26b2a6230c6c2ab9d206ba6b2fb87efb076c98f5ec22c9f7b8e8081b5bfa32dcd46354572dfa86687db7a8b52896746c9ef5f1e6a2de2f5e8b,07/26/2025 03:16:00 AM,2,PARKED,,2015962,,HONDA,CR-V,IL,2025,UNKNOWN,PASSENGER,NOT IN USE,N,PARKED,,,0,,,,,,,,,,Y,Y,Y,Y,Y,N,,,SIDE-LEFT,,,,,,,,,,,,,,,,,,,,,,,,,,,,,,,,,
2114708,98bff72b49db6d26b2a6230c6c2ab9d206ba6b2fb87efb076c98f5ec22c9f7b8e8081b5bfa32dcd46354572dfa86687db7a8b52896746c9ef5f1e6a2de2f5e8b,07/26/2025 03:16:00 AM,3,PARKED,,2015964,,TOYOTA,SIENNA,IL,2009,NONE,PASSENGER,NOT IN USE,N,PARKED,,,0,,,,,,,,,,Y,Y,Y,Y,Y,,,,SIDE-LEFT,,,,,,,,,,,,,,,,,,,,,,,,,,,,,,,,,
2114709,98bff72b49db6d26b2a6230c6c2ab9d206ba6b2fb87efb076c98f5ec22c9f7b8e8081b5bfa32dcd46354572dfa86687db7a8b52896746c9ef5f1e6a2de2f5e8b,07/26/2025 03:16:00 AM,4,PARKED,,2015967,,HONDA,PILOT,IL,2003,NONE,PASSENGER,NOT IN USE,N,PARKED,,,0,,,,,,,,,,,Y,Y,Y,Y,,,,SIDE-LEFT,,,,,,,,,,,,,,,,,,,,,,,,,,,,,,,,,
2114688,57aafed51e9a37317107467272e7c620008296887e3f42b91af4d85f962094d8bd61e88dcf8598e669a9676aaf4c7d42942f40a9942ee3735dd3b0cbe5d6f448,07/26/2025 03:10:00 AM,1,DRIVER,,2015943,,UNKNOWN,NONREMOVABLE ENCLOSURE,,,UNKNOWN,UNKNOWN/NA,UNKNOWN/NA,E,UNKNOWN/NA,,,1,,,,,,,,,,,,,Y,Y,Y,,,SIDE-LEFT-FRONT,,,,,,,,,,,,,,,,,,,,,,,,,,,,,,,,,
2114689,57aafed51e9a37317107467272e7c620008296887e3f42b91af4d85f962094d8bd61e88dcf8598e669a9676aaf4c7d42942f40a9942ee3735dd3b0cbe5d6f448,07/26/2025 03:10:00 AM,2,DRIVER,,2015936,,TOYOTA,VENZA,,,UNKNOWN,PASSENGER,PERSONAL,E,OTHER,,,1,,,,,,,Y,Y,Y,,,,,,,,,SIDE-RIGHT-REAR,,,,,,,,,,,,,,,,,,,,,,,,,,,,,,,,,
2114726,1c0648236e7952c48782cb5f741668b199a66a52927252b551e42419d58ba478b04a60465a455920ae9f3b8e1a5c84dd68961805b45795aa829725185a5a7142,07/26/2025 03:00:00 AM,1,DRIVER,,2015975,,UNKNOWN,OTHER (EXPLAIN IN NARRATIVE),IL,,UNKNOWN,UNKNOWN/NA,UNKNOWN/NA,UNKNOWN,UNKNOWN/NA,,,1,,,,,,,,,,,,,,,,,,UNKNOWN,,,,,,,,,,,,,,,,,,,,,,,,,,,,,,,,,
2114727,1c0648236e7952c48782cb5f741668b199a66a52927252b551e42419d58ba478b04a60465a455920ae9f3b8e1a5c84dd68961805b45795aa829725185a5a7142,07/26/2025 03:00:00 AM,2,PARKED,,2015969,,LEXUS,ES,IL,2017,UNKNOWN,PASSENGER,PERSONAL,UNKNOWN,PARKED,,,0,,,,,,,,,Y,Y,Y,,,,,,,REAR,,,,,,,,,,,,,,,,,,,,,,,,,,,,,,,,,
2114702,47b2f82d1c40e13e3b29b3c84ce49e88d8edb24151abd2d79d3f84359919b1687307a8ae6737ae2cf1aa3eef9dc403a8472cfff382647a5d821adf3acaff79ac,07/26/2025 02:55:00 AM,1,DRIVER,1,2015955,,FORD,EDGE,IL,2010,UNKNOWN,PASSENGER,PERSONAL,S,STRAIGHT AHEAD,Y,,2,,OWNER,UNK,,Y,Y,Y,,,,,,,,,Y,,FRONT-RIGHT-CORNER,,,,,,,,,,,,,,,,,,,,,,,,,,,,,,,,,
2114703,47b2f82d1c40e13e3b29b3c84ce49e88d8edb24151abd2d79d3f84359919b1687307a8ae6737ae2cf1aa3eef9dc403a8472cfff382647a5d821adf3acaff79ac,07/26/2025 02:55:00 AM,2,PARKED,,2015957,,JEEP,WRANGLER,IL,2022,NONE,PASSENGER,PERSONAL,S,PARKED,,,0,,,,,,,,,,,,,Y,,,Y,,SIDE-LEFT,,,,,,,,,,,,,,,,,,,,,,,,,,,,,,,,,
2114704,47b2f82d1c40e13e3b29b3c84ce49e88d8edb24151abd2d79d3f84359919b1687307a8ae6737ae2cf1aa3eef9dc403a8472cfff382647a5d821adf3acaff79ac,07/26/2025 02:55:00 AM,3,PARKED,,2015961,,HYUNDAI,TUCSON,IL,2010,NONE,PASSENGER,PERSONAL,S,PARKED,,,0,,,,,,,,,,Y,,,,,,,,REAR,,,,,,,,,,,,,,,,,,,,,,,,,,,,,,,,,
2114686,57e5734e82e75e451df7f483084ee7ad8cb1a9b8ccd69caa1d3e1b45e71a054f66e2cc572737642738e3815383090077302b5a4b62738dfc323bc863c83c86ac,07/26/2025 02:55:00 AM,1,DRIVER,,2015935,,TOYOTA,OTHER (EXPLAIN IN NARRATIVE),,,UNKNOWN,UNKNOWN/NA,UNKNOWN/NA,E,STRAIGHT AHEAD,,,1,,,,,,,,,,,,,,,,,,SIDE-RIGHT,,,,,,,,,,,,,,,,,,,,,,,,,,,,,,,,,
2114687,57e5734e82e75e451df7f483084ee7ad8cb1a9b8ccd69caa1d3e1b45e71a054f66e2cc572737642738e3815383090077302b5a4b62738dfc323bc863c83c86ac,07/26/2025 02:55:00 AM,2,DRIVER,,2015941,,TOYOTA,HIGHLANDER,IL,2006,NONE,PASSENGER,NOT IN USE,E,STRAIGHT AHEAD,,,1,,,,,,,,,,,,,Y,Y,,,,SIDE-LEFT,,,,,,,,,,,,,,,,,,,,,,,,,,,,,,,,,
2114694,d2eeffa77edf2f13f5e5bed600406e3813ffb5d8c557348dec31680acedf36ef5a6883f25ad9247e5cfd134bb67a1e20df20b18156b731b5ef75efa330efe494,07/26/2025 02:55:00 AM,1,DRIVER,,2015944,,LEXUS,IS,IL,2016,UNKNOWN,PASSENGER,UNKNOWN/NA,E,UNKNOWN/NA,Y,,1,,STREETS AND SANITATION,,,Y,Y,,,,,,,,Y,Y,Y,,UNKNOWN,,,,,,,,,,,,,,,,,,,,,,,,,,,,,,,,,
2114730,0742c24cc7dfaafa6ee90c1b1f9472527887ee5c4d483a38850839487b54db830f2523361ac7bd5be4a9eccae0e1628db39780b02e4e16f816c3cd0d77084c96,07/26/2025 02:50:00 AM,1,DRIVER,,2015989,,MITSUBISHI,ECLIPSE,IL,2004,UNKNOWN,PASSENGER,PERSONAL,N,STRAIGHT AHEAD,Y,,1,,E&R SERVICES,POUND 2,,Y,Y,Y,Y,Y,Y,Y,,Y,Y,Y,Y,,FRONT,,,,,,,,,,,,,,,,,,,,,,,,,,,,,,,,,
2114731,0742c24cc7dfaafa6ee90c1b1f9472527887ee5c4d483a38850839487b54db830f2523361ac7bd5be4a9eccae0e1628db39780b02e4e16f816c3cd0d77084c96,07/26/2025 02:50:00 AM,2,DRIVER,1,2015991,,HYUNDAI,SANTA FE,IL,2011,UNKNOWN,PASSENGER,PERSONAL,E,STRAIGHT AHEAD,Y,,2,,E&R SERVICES,POUND 2,,Y,Y,Y,Y,Y,,,,,,Y,Y,,SIDE-RIGHT,,,,,,,,,,,,,,,,,,,,,,,,,,,,,,,,,
2115215,b0781fb4476fc1e21728a3583589e8b04195bea6a180cd53586b4733cb99176da58a53b8ee87a939c0bc40d0556f2289468a8a5aeca82762877fe241e9483dbc,07/26/2025 02:50:00 AM,1,DRIVER,,2016452,,FORD,FUSION,IL,2014,UNKNOWN,PASSENGER,PERSONAL,S,PASSING/OVERTAKING,,,1,,,,,,,,,,,,,,,,,Y,UNKNOWN,,,,,,,,,,,,,,,,,,,,,,,,,,,,,,,,,
2115216,b0781fb4476fc1e21728a3583589e8b04195bea6a180cd53586b4733cb99176da58a53b8ee87a939c0bc40d0556f2289468a8a5aeca82762877fe241e9483dbc,07/26/2025 02:50:00 AM,2,DRIVER,,2016458,,CHEVROLET,SUBURBAN,IL,2004,UNKNOWN,PASSENGER,PERSONAL,S,STRAIGHT AHEAD,,,1,,,,,,,,Y,Y,,N,N,,,Y,,,FRONT-LEFT-CORNER,,,,,,,,,,,,,,,,,,,,,,,,,,,,,,,,,
2115217,b0781fb4476fc1e21728a3583589e8b04195bea6a180cd53586b4733cb99176da58a53b8ee87a939c0bc40d0556f2289468a8a5aeca82762877fe241e9483dbc,07/26/2025 02:50:00 AM,3,DRIVER,,2016463,,UNKNOWN,MOTORIZED,IL,,UNKNOWN,UNKNOWN/NA,UNKNOWN/NA,S,UNKNOWN/NA,,,1,,,,,,,,,,,,,,,,,Y,UNKNOWN,,,,,,,,,,,,,,,,,,,,,,,,,,,,,,,,,
2114692,fb7c2f7165653e76d93b2addd9e2a436621e3033bb1f34de090155c9e5517e7b2ddd86d81077077db69cb6eb701bf0d4eb55358a0d86379fbeb8f3d4e3f2b04d,07/26/2025 02:50:00 AM,1,DRIVER,,2015948,,TOYOTA,HIGHLANDER,IL,2008,UNKNOWN,PASSENGER,UNKNOWN/NA,W,DRIVING WRONG WAY,,,1,,,,,Y,Y,Y,Y,Y,,,,,,,,,FRONT-RIGHT-CORNER,,,,,,,,,,,,,,,,,,,,,,,,,,,,,,,,,
2114693,fb7c2f7165653e76d93b2addd9e2a436621e3033bb1f34de090155c9e5517e7b2ddd86d81077077db69cb6eb701bf0d4eb55358a0d86379fbeb8f3d4e3f2b04d,07/26/2025 02:50:00 AM,2,DRIVER,2,2015950,,BUICK,ENVISION,IL,2024,UNKNOWN,PASSENGER,UNKNOWN/NA,E,STRAIGHT AHEAD,Y,,3,,PRIVATE TOW,,,Y,Y,Y,Y,Y,,,,,,,,,FRONT-RIGHT-CORNER,,,,,,,,,,,,,,,,,,,,,,,,,,,,,,,,,
2117607,40146774c41f07ebad04d53a165de03c53a8a99478d0a24cd2a4c02b477a96569f66ada2947a43319b2da5a16271c19c5e2cf10cf5854d764a207e7731fdd559,07/26/2025 02:45:00 AM,1,DRIVER,,2018672,,NISSAN,OTHER (EXPLAIN IN NARRATIVE),IL,2012,UNKNOWN,SPORT UTILITY VEHICLE (SUV),UNKNOWN/NA,E,STRAIGHT AHEAD,,,1,,,,,,,,,,,,,,,Y,Y,,FRONT,,,,,,,,,,,,,,,,,,,,,,,,,,,,,,,,,
2117608,40146774c41f07ebad04d53a165de03c53a8a99478d0a24cd2a4c02b477a96569f66ada2947a43319b2da5a16271c19c5e2cf10cf5854d764a207e7731fdd559,07/26/2025 02:45:00 AM,2,DRIVER,,2018677,,HYUNDAI,AZERA,IL,2012,NONE,PASSENGER,PERSONAL,E,TURNING LEFT,,,1,,,,,,,Y,Y,Y,Y,Y,Y,,,,,,REAR-RIGHT-CORNER,,,,,,,,,,,,,,,,,,,,,,,,,,,,,,,,,
2127712,33fbde7fbc481c1d024f1cfe0dfe4de55c703caecaef0c4867e63662c230f85ec65fea29d180ecbd97dd0bddd7bc8f63cc7212362328d66619e445e0772ae5de,07/26/2025 02:30:00 AM,1,DRIVER,,2028330,,JEEP,CHEROKEE,IL,2011,UNKNOWN,PASSENGER,PERSONAL,E,STRAIGHT AHEAD,,,1,,,,,,,,,Y,Y,Y,,,,Y,,,REAR,,,,,,,,,,,,,,,,,,,,,,,,,,,,,,,,,