CRASH_UNIT_ID,CRASH_RECORD_ID,CRASH_DATE,UNIT_NO,UNIT_TYPE,NUM_PASSENGERS,VEHICLE_ID,CMRC_VEH_I,MAKE,MODEL,LIC_PLATE_STATE,VEHICLE_YEAR,VEHICLE_DEFECT,VEHICLE_TYPE,VEHICLE_USE,TRAVEL_DIRECTION,MANEUVER,TOWED_I,FIRE_I,OCCUPANT_CNT,EXCEED_SPEED_LIMIT_I,TOWED_BY,TOWED_TO,AREA_00_I,AREA_01_I,AREA_02_I,AREA_03_I,AREA_04_I,AREA_05_I,AREA_06_I,AREA_07_I,AREA_08_I,AREA_09_I,AREA_10_I,AREA_11_I,AREA_12_I,AREA_99_I,FIRST_CONTACT_POINT,CMV_ID,USDOT_NO,CCMC_NO,ILCC_NO,COMMERCIAL_SRC,GVWR,CARRIER_NAME,CARRIER_STATE,CARRIER_CITY,HAZMAT_PLACARDS_I,HAZMAT_NAME,UN_NO,HAZMAT_PRESENT_I,HAZMAT_REPORT_I,HAZMAT_REPORT_NO,MCS_REPORT_I,MCS_REPORT_NO,HAZMAT_VIO_CAUSE_CRASH_I,MCS_VIO_CAUSE_CRASH_I,IDOT_PERMIT_NO,WIDE_LOAD_I,TRAILER1_WIDTH,TRAILER2_WIDTH,TRAILER1_LENGTH,TRAILER2_LENGTH,TOTAL_VEHICLE_LENGTH,AXLE_CNT,VEHICLE_CONFIG,CARGO_BODY_TYPE,LOAD_TYPE,HAZMAT_OUT_OF_SERVICE_I,MCS_OUT_OF_SERVICE_I,HAZMAT_CLASS
2127713,33fbde7fbc481c1d024f1cfe0dfe4de55c703caecaef0c4867e63662c230f85ec65fea29d180ecbd97dd0bddd7bc8f63cc7212362328d66619e445e0772ae5de,07/26/2025 02:30:00 AM,2,DRIVER,,2028331,,JEEP,WAGONEER,IL,2022,UNKNOWN,PASSENGER,PERSONAL,E,STRAIGHT AHEAD,Y,,1,,Private tow,Unknown,,Y,,,,,,,,,,Y,Y,,FRONT,,,,,,,,,,,,,,,,,,,,,,,,,,,,,,,,,
2114699,6bcdf06a8d1edf860f01381821827f943afd8eaf7f55ca8af40f95f5d7a7830c3234ea99025d0fbef402fa6efdab1fa34bd658a83d72668617150dc2f994eb10,07/26/2025 02:30:00 AM,1,DRIVER,,2015956,,FORD,FUSION,IL,2011,NONE,PASSENGER,PERSONAL,E,STRAIGHT AHEAD,Y,,1,,CITY OF CHICAGO,10301 S DOTY AVE,,Y,,,,,,,,Y,Y,Y,Y,,FRONT-LEFT-CORNER,,,,,,,,,,,,,,,,,,,,,,,,,,,,,,,,,
2114684,6d00313b56d5a420ebecd2ddb6b1553186387a502f8f1fdf06b0a6efc899151d1b2e639e155fc02564e5beb0c3f559f3269032e819d98c8518326bdef3a9bb3a,07/26/2025 02:30:00 AM,1,DRIVER,,2015940,,JEEP,COMMANDER,MI,2007,UNKNOWN,SPORT UTILITY VEHICLE (SUV),UNKNOWN/NA,S,BACKING,,,1,,,,Y,,,,,,,,,,,,,,REAR,,,,,,,,,,,,,,,,,,,,,,,,,,,,,,,,,
2114685,6d00313b56d5a420ebecd2ddb6b1553186387a502f8f1fdf06b0a6efc899151d1b2e639e155fc02564e5beb0c3f559f3269032e819d98c8518326bdef3a9bb3a,07/26/2025 02:30:00 AM,2,DRIVER,1,2015947,,LEXUS,IS250,IL,2006,UNKNOWN,PASSENGER,UNKNOWN/NA,N,STRAIGHT AHEAD,,,2,,,,,,,,,,Y,,,,,,,,REAR,,,,,,,,,,,,,,,,,,,,,,,,,,,,,,,,,
2114960,951539184b3fce4aa6f22a67251799a4cc80db2fc3529e7a61df0e2191200bd401dc370b823d991412edf6cb52363cd82496b6f3d7a2fa773bda6b57bb475e0d,07/26/2025 02:30:00 AM,1,DRIVER,,2016196,Y,VOLVO,OTHER (EXPLAIN IN NARRATIVE),IL,2025,UNKNOWN,TRACTOR W/ SEMI-TRAILER,COMMERCIAL - MULTI-UNIT,S,STRAIGHT AHEAD,,,1,,,,,,,,,,,,,,,,Y,,UNKNOWN,"21,894",,,,,,ALPHA BAKING COMPANY,IL,CHICAGO,,,,U,U,,U,,U,U,,,,,,,,,TRACTOR/SEMI-TRAILER,VAN/ENCLOSED BOX,UNKNOWN,N,N,
2114961,951539184b3fce4aa6f22a67251799a4cc80db2fc3529e7a61df0e2191200bd401dc370b823d991412edf6cb52363cd82496b6f3d7a2fa773bda6b57bb475e0d,07/26/2025 02:30:00 AM,2,PEDESTRIAN,,,,,,,,,,,,,,,,,,,,,,,,,,,,,,,,,,,,,,,,,,,,,,,,,,,,,,,,,,,,,,,,,,
2114669,fcd4be309103ad9a630657541924d4bbecab4bcdc1bbc7ce72a453db291d7e8b787bbceb87bdf1364f8ca189f34d039508d847ecbdad7e1350df50243fcab035,07/26/2025 02:24:00 AM,1,DRIVER,,2015921,,UNKNOWN,OTHER (EXPLAIN IN NARRATIVE),,,UNKNOWN,PASSENGER,UNKNOWN/NA,S,STRAIGHT AHEAD,,,1,,,,,,,,,,,,,,,,,Y,FRONT-RIGHT-CORNER,,,,,,,,,,,,,,,,,,,,,,,,,,,,,,,,,
2114670,fcd4be309103ad9a630657541924d4bbecab4bcdc1bbc7ce72a453db291d7e8b787bbceb87bdf1364f8ca189f34d039508d847ecbdad7e1350df50243fcab035,07/26/2025 02:24:00 AM,2,PARKED,,2015923,,CADILLAC,SRX,IL,2012,NONE,PASSENGER,PERSONAL,S,PARKED,,,0,,,,,,,,,,,,,Y,Y,,,,FRONT-LEFT-CORNER,,,,,,,,,,,,,,,,,,,,,,,,,,,,,,,,,
2114667,442103571486ccea72a7b5211bb47c41313e3b7c3bb3cea20292aab2446e81fc1a20eee821e071bb5615baeb1395c882a24290b8b83af0f515c249816039ef05,07/26/2025 02:20:00 AM,1,DRIVER,1,2015915,,CHEVROLET,IMPALA,XX,,UNKNOWN,PASSENGER,PERSONAL,E,U-TURN,,,2,,,,,,,,,,,,,,,,,Y,UNKNOWN,,,,,,,,,,,,,,,,,,,,,,,,,,,,,,,,,
2114668,442103571486ccea72a7b5211bb47c41313e3b7c3bb3cea20292aab2446e81fc1a20eee821e071bb5615baeb1395c882a24290b8b83af0f515c249816039ef05,07/26/2025 02:20:00 AM,2,DRIVER,,2015925,,NISSAN,ALTIMA,IL,2016,UNKNOWN,PASSENGER,PERSONAL,E,STRAIGHT AHEAD,Y,,1,,OWNER,,,Y,Y,Y,Y,,,,,,,Y,Y,,FRONT-RIGHT-CORNER,,,,,,,,,,,,,,,,,,,,,,,,,,,,,,,,,
2114665,6cca592e4b3e882be92bdf7b93fe685fb783d6594fc9ef1c999f8bc0c116fe5084fe0afb6b2f495febb3acff51d164fac1874deb022ade4ca7955dfcd8f1d0c1,07/26/2025 02:15:00 AM,1,DRIVER,,2015914,,UNKNOWN,OTHER (EXPLAIN IN NARRATIVE),,,UNKNOWN,UNKNOWN/NA,UNKNOWN/NA,UNKNOWN,U-TURN,,,1,,,,,,,,,,,,,,,,Y,,FRONT,,,,,,,,,,,,,,,,,,,,,,,,,,,,,,,,,
2114666,6cca592e4b3e882be92bdf7b93fe685fb783d6594fc9ef1c999f8bc0c116fe5084fe0afb6b2f495febb3acff51d164fac1874deb022ade4ca7955dfcd8f1d0c1,07/26/2025 02:15:00 AM,2,DRIVER,1,2015917,,FORD,ESCORT,,2023,NONE,SPORT UTILITY VEHICLE (SUV),PERSONAL,UNKNOWN,STRAIGHT AHEAD,,,2,,,,,,,,,,,,,,,,Y,,FRONT,,,,,,,,,,,,,,,,,,,,,,,,,,,,,,,,,
2114655,608aed7e282bdab81ca9e3e9aa0590eced6093f63aa25aa61864e307f8d3d03dfef2682ef82543b0cf77cc359639d3247182043ff49744152d0a2e56293ce524,07/26/2025 02:14:00 AM,1,DRIVER,,2015904,,HONDA,ACCORD,IL,,UNKNOWN,PASSENGER,UNKNOWN/NA,W,UNKNOWN/NA,,,1,,,,,,,,,,Y,,,,,,Y,,FRONT,,,,,,,,,,,,,,,,,,,,,,,,,,,,,,,,,
2114656,608aed7e282bdab81ca9e3e9aa0590eced6093f63aa25aa61864e307f8d3d03dfef2682ef82543b0cf77cc359639d3247182043ff49744152d0a2e56293ce524,07/26/2025 02:14:00 AM,2,DRIVER,,2015906,,CADILLAC,XTS,,,UNKNOWN,PASSENGER,RIDESHARE SERVICE,W,SLOW/STOP IN TRAFFIC,,,1,,,,,,,,,,Y,,,,,,,,REAR,,,,,,,,,,,,,,,,,,,,,,,,,,,,,,,,,
2114657,608aed7e282bdab81ca9e3e9aa0590eced6093f63aa25aa61864e307f8d3d03dfef2682ef82543b0cf77cc359639d3247182043ff49744152d0a2e56293ce524,07/26/2025 02:14:00 AM,3,DRIVER,,2015908,,LEXUS,ES350,IL,,UNKNOWN,PASSENGER,PERSONAL,W,OTHER,,,1,,,,,,,,,,,,,,,,Y,,FRONT,,,,,,,,,,,,,,,,,,,,,,,,,,,,,,,,,
2114705,6437a75969b9bf026e0d633d4f6cb791a7b0b9f68babe7f41ae80b2ac411d3ba78ee6ac4ed8e108b0714619428076efe0a8777ede1b2d459ca6e9f1f7796dcf4,07/26/2025 02:13:00 AM,1,DRIVER,,2015968,,TOYOTA,FJ CRUISER,OH,2006,NONE,VAN/MINI-VAN,PERSONAL,E,STRAIGHT AHEAD,Y,,1,,private tow,,,Y,Y,Y,,,,Y,Y,Y,Y,Y,Y,,FRONT-LEFT-CORNER,,,,,,,,,,,,,,,,,,,,,,,,,,,,,,,,,
2114680,39787dc6a03e2077ebafbb3a6c1e856f09f177be96406559c531a47fb7cf2191f01f70e15917386d252e138c4f83d0aad9f4b7737a75bc6fdb244715cb3cabeb,07/26/2025 02:10:00 AM,1,DRIVER,,2015928,,VOLKSWAGEN,JETTA,IL,2011,NONE,PASSENGER,PERSONAL,S,SKIDDING/CONTROL LOSS,Y,,1,,by owner,by owner,,,,,,,,,,,,Y,,,FRONT-LEFT-CORNER,,,,,,,,,,,,,,,,,,,,,,,,,,,,,,,,,
2116102,dda20777f5a70d1e5523996cd3811f845b84c14d2dfd15283c4dc2c80b93ea439a5be974247c49503540f2cb7ea7e7a407ab7a87ba9ae5c7da2c424c8d497df9,07/26/2025 02:00:00 AM,1,DRIVER,,2017291,,GENERAL MOTORS CORPORATION (GMC),ACADIA,IL,2019,NONE,PASSENGER,PERSONAL,S,STRAIGHT AHEAD,,,1,,,,,,,Y,,,,,,Y,,,,,SIDE-RIGHT,,,,,,,,,,,,,,,,,,,,,,,,,,,,,,,,,
2114678,f490b8ca18829adec9d7b4df8e16e2555b31437a081c9ecbfa3d33b923f6cf2f68a59256fd4e1387b07c76474a351ffb7d995d983c68ae9b23d4e5d7ba30db70,07/26/2025 02:00:00 AM,1,DRIVER,,2015927,,UNKNOWN,OTHER (EXPLAIN IN NARRATIVE),,,UNKNOWN,PICKUP,UNKNOWN/NA,N,STRAIGHT AHEAD,,,1,,,,,Y,Y,,,,,,,,,,,,FRONT-RIGHT-CORNER,,,,,,,,,,,,,,,,,,,,,,,,,,,,,,,,,
2114679,f490b8ca18829adec9d7b4df8e16e2555b31437a081c9ecbfa3d33b923f6cf2f68a59256fd4e1387b07c76474a351ffb7d995d983c68ae9b23d4e5d7ba30db70,07/26/2025 02:00:00 AM,2,PARKED,4,2015929,,FORD,FUSION,IL,2020,UNKNOWN,PASSENGER,NOT IN USE,N,PARKED,Y,,4,,,,,,,,,,,,,,Y,Y,,,FRONT-LEFT-CORNER,,,,,,,,,,,,,,,,,,,,,,,,,,,,,,,,,
2114682,1834d53f01e1f705be32f493fe3c73782141f94de91eb6c145c55a7b581de4845c1a3103890bd5cd978432ac5f879f948b26ac12c6ac6e18bae53cfabdb1a078,07/26/2025 01:56:00 AM,1,DRIVER,,2015934,,DODGE,POWER RAM,IL,2013,UNKNOWN,PICKUP,PERSONAL,S,STRAIGHT AHEAD,Y,,1,,City Tow,City Pound,,Y,Y,Y,,,,,,,,,Y,,FRONT-RIGHT-CORNER,,,,,,,,,,,,,,,,,,,,,,,,,,,,,,,,,
2114683,1834d53f01e1f705be32f493fe3c73782141f94de91eb6c145c55a7b581de4845c1a3103890bd5cd978432ac5f879f948b26ac12c6ac6e18bae53cfabdb1a078,07/26/2025 01:56:00 AM,2,PARKED,,2015939,,KIA,SELTOS,IL,2025,UNKNOWN,PASSENGER,PERSONAL,S,PARKED,,,0,,,,,,,,,,Y,Y,Y,Y,,,,,REAR-LEFT-CORNER,,,,,,,,,,,,,,,,,,,,,,,,,,,,,,,,,
2114650,31ee84bfea3ecf74733afca9bc13330367ac598f8481d21af07e9cab3fbe64e77339785d341eff7cfc8f0a8c0a7ce1f427e084a255a3a2d33c69420be9e3c5be,07/26/2025 01:55:00 AM,1,DRIVER,,2015898,,PORSCHE,CAYENNE,IL,2017,NONE,PASSENGER,PERSONAL,E,BACKING,,,1,,,,,,,,,,,,,,,,,Y,REAR,,,,,,,,,,,,,,,,,,,,,,,,,,,,,,,,,
2114651,31ee84bfea3ecf74733afca9bc13330367ac598f8481d21af07e9cab3fbe64e77339785d341eff7cfc8f0a8c0a7ce1f427e084a255a3a2d33c69420be9e3c5be,07/26/2025 01:55:00 AM,2,PARKED,1,2015905,,MERCEDES-BENZ,GLA,IL,2016,NONE,PASSENGER,PERSONAL,W,PARKED IN TRAFFIC LANE,,,1,,,,,Y,,,,,,,,,,Y,Y,,FRONT,,,,,,,,,,,,,,,,,,,,,,,,,,,,,,,,,
2115100,c846ec472048f97758a7f20f91a0f430fc109974b300a066520af4440e73a2c666b06bb5f9712607d0c986d6e7b90327b012fa842f37a3f987747f703e0ed0ac,07/26/2025 01:55:00 AM,1,DRIVER,,2016335,,TOYOTA,CAMRY,IL,2020,UNKNOWN,PASSENGER,PERSONAL,E,STRAIGHT AHEAD,,,1,,,,,,,,,,,,,,,,,Y,UNKNOWN,,,,,,,,,,,,,,,,,,,,,,,,,,,,,,,,,
2115101,c846ec472048f97758a7f20f91a0f430fc109974b300a066520af4440e73a2c666b06bb5f9712607d0c986d6e7b90327b012fa842f37a3f987747f703e0ed0ac,07/26/2025 01:55:00 AM,2,DRIVER,3,2016338,,NISSAN,ROGUE,IL,2023,NONE,PASSENGER,PERSONAL,E,STRAIGHT AHEAD,,,4,,,,,,,,,Y,Y,Y,,,,,,,REAR,,,,,,,,,,,,,,,,,,,,,,,,,,,,,,,,,
2117228,0693c3f632723b5a077a742b6e1726eabbf89e719673b6a5dbd5f8651cc90115d964abd37ba75d95ddc6c2d02879f8994d48dfd6b73f55d55fbd401ae6338858,07/26/2025 01:43:00 AM,1,DRIVER,,2018368,,LINCOLN,AVIATOR,IL,2003,UNKNOWN,PASSENGER,PERSONAL,E,BACKING,,,1,,,,,,,,,,,,,,,,,Y,REAR,,,,,,,,,,,,,,,,,,,,,,,,,,,,,,,,,
2117229,0693c3f632723b5a077a742b6e1726eabbf89e719673b6a5dbd5f8651cc90115d964abd37ba75d95ddc6c2d02879f8994d48dfd6b73f55d55fbd401ae6338858,07/26/2025 01:43:00 AM,2,PARKED,,2018362,,JEEP,GRAND CHEROKEE,IL,2019,UNKNOWN,PASSENGER,PERSONAL,E,PARKED,,,0,,,,,,,,,Y,Y,,,,,,,,REAR,,,,,,,,,,,,,,,,,,,,,,,,,,,,,,,,,
2114676,b14c1cf762a5c6ed0886cae92d031dbe4ad98a047cd9a29f672606c636cadec4a8bf3f113f72add1886a1dc8b8caa17d7daa09cd3ce23e9c9b4f5f26a703e624,07/26/2025 01:35:00 AM,1,DRIVER,,2015933,,TOYOTA,PRIUS,IN,2015,UNKNOWN,PASSENGER,PERSONAL,S,STRAIGHT AHEAD,,,1,,,,,,,Y,,,,,,,,,,,SIDE-RIGHT,,,,,,,,,,,,,,,,,,,,,,,,,,,,,,,,,
2114677,b14c1cf762a5c6ed0886cae92d031dbe4ad98a047cd9a29f672606c636cadec4a8bf3f113f72add1886a1dc8b8caa17d7daa09cd3ce23e9c9b4f5f26a703e624,07/26/2025 01:35:00 AM,2,DRIVER,,2015945,,TOYOTA,CAMRY,IL,2010,NONE,PASSENGER,PERSONAL,SE,ENTER FROM DRIVE/ALLEY,,,1,,,,,,,,,,,,,,,Y,Y,,FRONT-LEFT-CORNER,,,,,,,,,,,,,,,,,,,,,,,,,,,,,,,,,
2114674,720405b44af1de2f052a3b8c66ea9ce65f8313224ed1cbea9888a68c326cbdc6efa14cd63985b87877f00c113b88b484a8f1e92229572629d2f284a1624827e9,07/26/2025 01:30:00 AM,1,DRIVER,,2015931,,TOYOTA,RAV4,IL,2019,NONE,PASSENGER,PERSONAL,N,TURNING LEFT,,,1,,,,,Y,,,,,,,,N,Y,Y,Y,,FRONT-LEFT-CORNER,,,,,,,,,,,,,,,,,,,,,,,,,,,,,,,,,
2114675,720405b44af1de2f052a3b8c66ea9ce65f8313224ed1cbea9888a68c326cbdc6efa14cd63985b87877f00c113b88b484a8f1e92229572629d2f284a1624827e9,07/26/2025 01:30:00 AM,2,DRIVER,,2015926,,TOYOTA,CAMRY,IL,2012,NONE,PASSENGER,PERSONAL,S,STRAIGHT AHEAD,Y,,1,,,,,,,,,,,Y,Y,Y,Y,Y,,,FRONT-LEFT-CORNER,,,,,,,,,,,,,,,,,,,,,,,,,,,,,,,,,
2114648,91faf8405e76d419558f4f24a52d5d7475c370dcefd3b5c0052f018950ad236dafa9e8e6e7de4296abf8417795aff80c2b5c7b346a5db8c31662385c1e7f7728,07/26/2025 01:30:00 AM,1,DRIVER,,2015897,,DODGE,RAM 1500 PU,,,NONE,PICKUP,NOT IN USE,E,UNKNOWN/NA,,,1,,,,,Y,,,,,,,,,,Y,Y,,FRONT,,,,,,,,,,,,,,,,,,,,,,,,,,,,,,,,,
2114649,91faf8405e76d419558f4f24a52d5d7475c370dcefd3b5c0052f018950ad236dafa9e8e6e7de4296abf8417795aff80c2b5c7b346a5db8c31662385c1e7f7728,07/26/2025 01:30:00 AM,2,DRIVER,,2015902,,INFINITI,QX30,IL,2017,NONE,PASSENGER,PERSONAL,E,SLOW/STOP IN TRAFFIC,,,1,,,,,,,,,Y,Y,Y,,,,,,,REAR,,,,,,,,,,,,,,,,,,,,,,,,,,,,,,,,,
2114889,9f99dacf0b5b896263c9a09dd8611d213938ca61dd84ac6d088addb5ca813575bbd13ea0c46c525b36db3235089a19d3a5f2412c408ca4bbca5f464dbc0251df,07/26/2025 01:30:00 AM,1,DRIVER,,2016130,,UNKNOWN,OTHER (EXPLAIN IN NARRATIVE),IL,,UNKNOWN,SPORT UTILITY VEHICLE (SUV),UNKNOWN/NA,S,STRAIGHT AHEAD,,,1,,,,,,,,,,,,,,,,Y,,FRONT,,,,,,,,,,,,,,,,,,,,,,,,,,,,,,,,,
2114890,9f99dacf0b5b896263c9a09dd8611d213938ca61dd84ac6d088addb5ca813575bbd13ea0c46c525b36db3235089a19d3a5f2412c408ca4bbca5f464dbc0251df,07/26/2025 01:30:00 AM,2,DRIVER,,2016140,,JEEP,GRAND CHEROKEE,IL,2014,BRAKES,SPORT UTILITY VEHICLE (SUV),PERSONAL,S,STRAIGHT AHEAD,,,1,,,,,,,,,,Y,,,,,,,,REAR,,,,,,,,,,,,,,,,,,,,,,,,,,,,,,,,,
2114697,3ddad34edadeac7ef31775ac31d889436930a367cc5583e534d2279434500639246752db3fab211db7f2a9e1a4f327cc98db54a9e901c31d05f2eef3c4796033,07/26/2025 01:25:00 AM,1,DRIVER,1,2015946,,NISSAN,SENTRA,IL,2013,TIRES,PASSENGER,PERSONAL,W,STRAIGHT AHEAD,Y,,2,,AAA,,,,,,,,,,Y,Y,N,Y,Y,,FRONT-LEFT-CORNER,,,,,,,,,,,,,,,,,,,,,,,,,,,,,,,,,
2114698,3ddad34edadeac7ef31775ac31d889436930a367cc5583e534d2279434500639246752db3fab211db7f2a9e1a4f327cc98db54a9e901c31d05f2eef3c4796033,07/26/2025 01:25:00 AM,2,PARKED,,2015951,,HONDA,ACCORD,IL,2009,NONE,PASSENGER,NOT IN USE,E,PARKED,,,0,,,,,,,,,,,,,,Y,Y,,,FRONT-LEFT-CORNER,,,,,,,,,,,,,,,,,,,,,,,,,,,,,,,,,
2114652,31a77286279580a025c8f31f590d9a82bc74a1506cdf2a69132f3fe7e481ca3a5baba41226c242e0d38f720b79d9478a6ad94114a324acafb709f9548c3240a1,07/26/2025 01:24:00 AM,1,DRIVER,,2015907,,FORD,OTHER (EXPLAIN IN NARRATIVE),IL,2020,UNKNOWN,PASSENGER,PERSONAL,S,STRAIGHT AHEAD,Y,,1,,AAA,UNKNOWN,,Y,,,,,,,,,,Y,Y,,FRONT,,,,,,,,,,,,,,,,,,,,,,,,,,,,,,,,,
2114653,31a77286279580a025c8f31f590d9a82bc74a1506cdf2a69132f3fe7e481ca3a5baba41226c242e0d38f720b79d9478a6ad94114a324acafb709f9548c3240a1,07/26/2025 01:24:00 AM,2,DRIVER,,2015909,,UNKNOWN,OTHER (EXPLAIN IN NARRATIVE),XX,,UNKNOWN,UNKNOWN/NA,UNKNOWN/NA,S,UNKNOWN/NA,,,1,,,,,,,,,,,,,,,,,Y,UNKNOWN,,,,,,,,,,,,,,,,,,,,,,,,,,,,,,,,,
2114654,31a77286279580a025c8f31f590d9a82bc74a1506cdf2a69132f3fe7e481ca3a5baba41226c242e0d38f720b79d9478a6ad94114a324acafb709f9548c3240a1,07/26/2025 01:24:00 AM,3,PARKED,,2015912,,FORD,EDGE,IL,2013,UNKNOWN,PASSENGER,PERSONAL,S,PARKED,,,0,,,,,,,,,,,,,,Y,Y,,,SIDE-LEFT-FRONT,,,,,,,,,,,,,,,,,,,,,,,,,,,,,,,,,
2114658,7e669f2fed5b964fddc943ec7af1b2897c2c20f6741faef93e92b4e5a4b6304bdfd65faa1f9937d19ccc791a05c917d327d51c5d9eb52dd97dee1120ab40ca63,07/26/2025 01:20:00 AM,1,DRIVER,,2015910,,NISSAN,ALTIMA,IL,2013,UNKNOWN,PASSENGER,UNKNOWN/NA,N,TURNING LEFT,,,1,,,,,Y,Y,Y,,,,,,,,Y,Y,,FRONT,,,,,,,,,,,,,,,,,,,,,,,,,,,,,,,,,
2114659,7e669f2fed5b964fddc943ec7af1b2897c2c20f6741faef93e92b4e5a4b6304bdfd65faa1f9937d19ccc791a05c917d327d51c5d9eb52dd97dee1120ab40ca63,07/26/2025 01:20:00 AM,2,DRIVER,,2015918,,TOYOTA,RAV4,IL,2010,UNKNOWN,PASSENGER,UNKNOWN/NA,N,STRAIGHT AHEAD,,,1,,,,,Y,Y,Y,,,,,,,,,Y,,FRONT-RIGHT-CORNER,,,,,,,,,,,,,,,,,,,,,,,,,,,,,,,,,
2114660,7e669f2fed5b964fddc943ec7af1b2897c2c20f6741faef93e92b4e5a4b6304bdfd65faa1f9937d19ccc791a05c917d327d51c5d9eb52dd97dee1120ab40ca63,07/26/2025 01:20:00 AM,3,DRIVER,,2015922,,TOYOTA,PRIUS,IL,2014,UNKNOWN,PASSENGER,UNKNOWN/NA,E,OTHER,,,1,,,,,Y,N,,,,,,,,,N,Y,,FRONT-RIGHT-CORNER,,,,,,,,,,,,,,,,,,,,,,,,,,,,,,,,,
2114663,01c7d8e2cb51b811bc110bf836f29c61c6dc4d7ce1cf16d52272bf9829c9d7ff68bf5dd4ff8b7cc5b1ec88a0513e2bf467331fdb795eaf8a32e01ba9e7bed9f6,07/26/2025 01:13:00 AM,1,DRIVER,,2015919,,ACURA,TLX,IL,2015,UNKNOWN,PASSENGER,PERSONAL,S,STRAIGHT AHEAD,Y,,1,,PRIVATE,UNK,,Y,,,,,,,,,,Y,,,FRONT-RIGHT-CORNER,,,,,,,,,,,,,,,,,,,,,,,,,,,,,,,,,
2114664,01c7d8e2cb51b811bc110bf836f29c61c6dc4d7ce1cf16d52272bf9829c9d7ff68bf5dd4ff8b7cc5b1ec88a0513e2bf467331fdb795eaf8a32e01ba9e7bed9f6,07/26/2025 01:13:00 AM,2,PARKED,,2015924,,TESLA,MODEL 3,IL,2019,NONE,PASSENGER,NOT IN USE,S,PARKED,Y,,0,,TESLA TOWING,UNK,,,,,,,N,Y,Y,,,N,,,REAR-LEFT-CORNER,,,,,,,,,,,,,,,,,,,,,,,,,,,,,,,,,
2114681,05669874ad9a1f49955ce7d25265df725468ce7ba521fd3bec41a73247df4b8222927600f303533a8ca540cb29a7d9d430e619c8426354e965b5d4f3cd6e369b,07/26/2025 01:12:00 AM,1,DRIVER,,2015930,,NISSAN,ROGUE,IL,2020,UNKNOWN,PASSENGER,PERSONAL,E,STRAIGHT AHEAD,Y,,1,,E&R TOWING,POUND #2,,Y,Y,Y,,,,,,,Y,Y,Y,,FRONT-RIGHT-CORNER,,,,,,,,,,,,,,,,,,,,,,,,,,,,,,,,,
2114739,49bedf30114bd2d9d9de2b5497dc2e4bbda085e45901d709eddcb6a3323aa94e1fc18883b5b15fada0c6fe7a34c4285d4ad480162495de98b98ec8a27de2003a,07/26/2025 01:10:00 AM,1,DRIVER,,2016001,,TESLA,MODEL S,TX,2015,NONE,PASSENGER,PERSONAL,N,STRAIGHT AHEAD,,,1,,,,,Y,,,,,,,,,,Y,Y,,FRONT,,,,,,,,,,,,,,,,,,,,,,,,,,,,,,,,,
2114740,49bedf30114bd2d9d9de2b5497dc2e4bbda085e45901d709eddcb6a3323aa94e1fc18883b5b15fada0c6fe7a34c4285d4ad480162495de98b98ec8a27de2003a,07/26/2025 01:10:00 AM,2,DRIVER,,2016004,,JEEP,RENEGADE,IL,2023,UNKNOWN,PASSENGER,PERSONAL,E,STRAIGHT AHEAD,,,1,,,,,Y,Y,,,,,,,,,,,,SIDE-RIGHT-FRONT,,,,,,,,,,,,,,,,,,,,,,,,,,,,,,,,,
2114919,a1ff35c472dd26d44704a7b1f07c05431c9038840be8a1a40c64151457f6d6c343c98c0b9f30062f0bece46dae313d2abf62d11197ac258b19801fc056c4a9aa,07/26/2025 01:00:00 AM,1,DRIVER,,2016180,,UNKNOWN,MOTORIZED,,,UNKNOWN,UNKNOWN/NA,UNKNOWN/NA,UNKNOWN,UNKNOWN/NA,,,1,,,,,N,,,,,,,,,,,N,,UNKNOWN,,,,,,,,,,,,,,,,,,,,,,,,,,,,,,,,,
2114920,a1ff35c472dd26d44704a7b1f07c05431c9038840be8a1a40c64151457f6d6c343c98c0b9f30062f0bece46dae313d2abf62d11197ac258b19801fc056c4a9aa,07/26/2025 01:00:00 AM,2,PARKED,,2016167,,SUBARU,FORESTER,IL,2015,NONE,PASSENGER,PERSONAL,UNKNOWN,PARKED,,,0,,,,,,,,,,,,Y,Y,,,,,SIDE-LEFT,,,,,,,,,,,,,,,,,,,,,,,,,,,,,,,,,
2114614,8b7814dd9d71b7750bd45168719b13dccea31ac8786d03bf14a5d0df4cde5f821b3537c40aad1a8a522aa36ffbf47f41ac4c7e3b9c21406ecb945117d935ea67,07/26/2025 12:57:00 AM,1,DRIVER,,2015861,,TESLA,MODEL Y,IL,2024,NONE,SPORT UTILITY VEHICLE (SUV),PERSONAL,W,BACKING,,,1,,,,,,,,,,Y,Y,Y,,,,,,REAR-LEFT-CORNER,,,,,,,,,,,,,,,,,,,,,,,,,,,,,,,,,
2114615,8b7814dd9d71b7750bd45168719b13dccea31ac8786d03bf14a5d0df4cde5f821b3537c40aad1a8a522aa36ffbf47f41ac4c7e3b9c21406ecb945117d935ea67,07/26/2025 12:57:00 AM,2,PARKED,,2015865,,MASERATI,GHIBLI,IL,2018,NONE,PASSENGER,PERSONAL,W,PARKED,,,0,,,,,Y,,,,,,,,,,Y,Y,,FRONT,,,,,,,,,,,,,,,,,,,,,,,,,,,,,,,,,
2114661,9fd0b587340a8241a8098dc58bb8cc8f4e15a1bfb11dfa2d48f56072780c616014567acff7cfcc0daadabbd8ecbd3e90c4d56119683bc7fe0cc5a871b7eec8a1,07/26/2025 12:56:00 AM,1,DRIVER,,2015913,,VOLKSWAGEN,TOUAREG,IL,2022,NONE,PASSENGER,PERSONAL,E,TURNING LEFT,,,1,,,,,,,,,,,,,,,,Y,,FRONT-LEFT-CORNER,,,,,,,,,,,,,,,,,,,,,,,,,,,,,,,,,