CRASH_UNIT_ID,CRASH_RECORD_ID,CRASH_DATE,UNIT_NO,UNIT_TYPE,NUM_PASSENGERS,VEHICLE_ID,CMRC_VEH_I,MAKE,MODEL,LIC_PLATE_STATE,VEHICLE_YEAR,VEHICLE_DEFECT,VEHICLE_TYPE,VEHICLE_USE,TRAVEL_DIRECTION,MANEUVER,TOWED_I,FIRE_I,OCCUPANT_CNT,EXCEED_SPEED_LIMIT_I,TOWED_BY,TOWED_TO,AREA_00_I,AREA_01_I,AREA_02_I,AREA_03_I,AREA_04_I,AREA_05_I,AREA_06_I,AREA_07_I,AREA_08_I,AREA_09_I,AREA_10_I,AREA_11_I,AREA_12_I,AREA_99_I,FIRST_CONTACT_POINT,CMV_ID,USDOT_NO,CCMC_NO,ILCC_NO,COMMERCIAL_SRC,GVWR,CARRIER_NAME,CARRIER_STATE,CARRIER_CITY,HAZMAT_PLACARDS_I,HAZMAT_NAME,UN_NO,HAZMAT_PRESENT_I,HAZMAT_REPORT_I,HAZMAT_REPORT_NO,MCS_REPORT_I,MCS_REPORT_NO,HAZMAT_VIO_CAUSE_CRASH_I,MCS_VIO_CAUSE_CRASH_I,IDOT_PERMIT_NO,WIDE_LOAD_I,TRAILER1_WIDTH,TRAILER2_WIDTH,TRAILER1_LENGTH,TRAILER2_LENGTH,TOTAL_VEHICLE_LENGTH,AXLE_CNT,VEHICLE_CONFIG,CARGO_BODY_TYPE,LOAD_TYPE,HAZMAT_OUT_OF_SERVICE_I,MCS_OUT_OF_SERVICE_I,HAZMAT_CLASS
2114662,9fd0b587340a8241a8098dc58bb8cc8f4e15a1bfb11dfa2d48f56072780c616014567acff7cfcc0daadabbd8ecbd3e90c4d56119683bc7fe0cc5a871b7eec8a1,07/26/2025 12:56:00 AM,2,DRIVER,,2015920,,HONDA,CIVIC,IL,2005,NONE,PASSENGER,PERSONAL,N,STRAIGHT AHEAD,,,1,,,,,,,,,,,,,,Y,Y,Y,,FRONT-LEFT-CORNER,,,,,,,,,,,,,,,,,,,,,,,,,,,,,,,,,
2114871,4a0715bcc637c5b6c3c93e28cd393de81722f4c2aa6a4eea922590da6719871d70f09554303fb53dbad2a30c9307f238208dbc2651e4e877130c90563878af52,07/26/2025 12:55:00 AM,1,DRIVER,,2016122,,UNKNOWN,OTHER (EXPLAIN IN NARRATIVE),,,UNKNOWN,PASSENGER,UNKNOWN/NA,E,STRAIGHT AHEAD,,,1,,,,,,,,,,,,,,,,,Y,FRONT,,,,,,,,,,,,,,,,,,,,,,,,,,,,,,,,,
2114872,4a0715bcc637c5b6c3c93e28cd393de81722f4c2aa6a4eea922590da6719871d70f09554303fb53dbad2a30c9307f238208dbc2651e4e877130c90563878af52,07/26/2025 12:55:00 AM,2,DRIVER,,2016126,,LINCOLN,NAUTILUS,IL,2022,NONE,SPORT UTILITY VEHICLE (SUV),OTHER,W,SLOW/STOP IN TRAFFIC,,,1,,,,,,,,,,,,,,Y,Y,Y,,FRONT-LEFT-CORNER,,,,,,,,,,,,,,,,,,,,,,,,,,,,,,,,,
2115420,38ed0b314871fb40d6c38b291c4694fe004d7143085cda86a31d8acb5811a8f54ff2a37228d56799a090c32a70c7a67c22f5d3ccc863b2bc1f5e16a351416928,07/26/2025 12:51:00 AM,1,DRIVER,,2016649,,NISSAN,ALTIMA,IL,2017,NONE,PASSENGER,PERSONAL,E,STRAIGHT AHEAD,Y,,1,,PRIVATE,,,Y,,,,,,,,,,,Y,,FRONT-RIGHT-CORNER,,,,,,,,,,,,,,,,,,,,,,,,,,,,,,,,,
2115421,38ed0b314871fb40d6c38b291c4694fe004d7143085cda86a31d8acb5811a8f54ff2a37228d56799a090c32a70c7a67c22f5d3ccc863b2bc1f5e16a351416928,07/26/2025 12:51:00 AM,2,PARKED,,2016648,,HYUNDAI,VERACRUZ,IL,2008,NONE,PASSENGER,PERSONAL,W,PARKED,,,0,,,,,,,,,,Y,Y,Y,,,,,,SIDE-LEFT-REAR,,,,,,,,,,,,,,,,,,,,,,,,,,,,,,,,,
2114622,c35f5f9e18a4cb730fe5435c340f59567bcc91a01a049dcd4c57f28bc24ca8d5f37b3de23278319ae80e2bd2cca0109758d5043a73af8c2361181489cbf5dcff,07/26/2025 12:49:00 AM,1,DRIVER,,2015879,,TESLA,OTHER (EXPLAIN IN NARRATIVE),,,UNKNOWN,SPORT UTILITY VEHICLE (SUV),UNKNOWN/NA,SE,STRAIGHT AHEAD,,,1,,,,,Y,Y,Y,Y,,,,,,,,,,FRONT-RIGHT-CORNER,,,,,,,,,,,,,,,,,,,,,,,,,,,,,,,,,
2114623,c35f5f9e18a4cb730fe5435c340f59567bcc91a01a049dcd4c57f28bc24ca8d5f37b3de23278319ae80e2bd2cca0109758d5043a73af8c2361181489cbf5dcff,07/26/2025 12:49:00 AM,2,PARKED,,2015877,,SUBARU,FORESTER,IL,2012,NONE,SPORT UTILITY VEHICLE (SUV),NOT IN USE,SE,PARKED,Y,,0,,private,,,,,,,,,,Y,Y,Y,Y,,,SIDE-LEFT-REAR,,,,,,,,,,,,,,,,,,,,,,,,,,,,,,,,,
2114626,4cf87119ee3ceec981365910fa4cf16e6c89f8b517b1b5b1c707848fb20c3a3e24537b01dbcdaf68d2c5c65f2d7699613452cbc01848fc2b5e1dd7c5c38f12e7,07/26/2025 12:40:00 AM,1,DRIVER,,2015882,,CHEVROLET,SILVERADO,IL,2005,UNKNOWN,PICKUP,PERSONAL,N,STRAIGHT AHEAD,Y,,1,,PRIVATE TOW,UNKNOWN,,Y,Y,,,,,,,,,,Y,,SIDE-RIGHT-FRONT,,,,,,,,,,,,,,,,,,,,,,,,,,,,,,,,,
2114627,4cf87119ee3ceec981365910fa4cf16e6c89f8b517b1b5b1c707848fb20c3a3e24537b01dbcdaf68d2c5c65f2d7699613452cbc01848fc2b5e1dd7c5c38f12e7,07/26/2025 12:40:00 AM,2,PARKED,,2015886,,DODGE,CARAVAN,IL,2010,UNKNOWN,UNKNOWN/NA,UNKNOWN/NA,N,PARKED,,,0,,,,,,,,,N,Y,Y,,,,,,,REAR-LEFT-CORNER,,,,,,,,,,,,,,,,,,,,,,,,,,,,,,,,,
2114628,4cf87119ee3ceec981365910fa4cf16e6c89f8b517b1b5b1c707848fb20c3a3e24537b01dbcdaf68d2c5c65f2d7699613452cbc01848fc2b5e1dd7c5c38f12e7,07/26/2025 12:40:00 AM,3,PARKED,,2015888,,TOYOTA,RAV4,IL,2017,UNKNOWN,SPORT UTILITY VEHICLE (SUV),UNKNOWN/NA,N,STRAIGHT AHEAD,,,0,,,,,,,,,Y,Y,Y,,,,,,,REAR,,,,,,,,,,,,,,,,,,,,,,,,,,,,,,,,,
2114629,4cf87119ee3ceec981365910fa4cf16e6c89f8b517b1b5b1c707848fb20c3a3e24537b01dbcdaf68d2c5c65f2d7699613452cbc01848fc2b5e1dd7c5c38f12e7,07/26/2025 12:40:00 AM,4,PARKED,,2015893,,HONDA,CIVIC,IL,2014,UNKNOWN,PASSENGER,UNKNOWN/NA,N,STRAIGHT AHEAD,,,0,,,,,,,,,Y,Y,,,,,,,,REAR-RIGHT-CORNER,,,,,,,,,,,,,,,,,,,,,,,,,,,,,,,,,
2114635,9c42e6118916e411a2c8816d4767e716929106fb6249831ba56300b157f2e137c6e33f7c887457fd25309c2c8ed4215299fdcfb27b26dfa2971d86e81293f361,07/26/2025 12:30:00 AM,1,DRIVER,,2015900,,UNKNOWN,OTHER (EXPLAIN IN NARRATIVE),,,UNKNOWN,UNKNOWN/NA,UNKNOWN/NA,W,UNKNOWN/NA,,,1,,,,,Y,,,,,,,,,,Y,Y,,FRONT,,,,,,,,,,,,,,,,,,,,,,,,,,,,,,,,,
2114636,9c42e6118916e411a2c8816d4767e716929106fb6249831ba56300b157f2e137c6e33f7c887457fd25309c2c8ed4215299fdcfb27b26dfa2971d86e81293f361,07/26/2025 12:30:00 AM,2,PARKED,,2015889,,NISSAN,ALTIMA,IL,2008,NONE,PASSENGER,NOT IN USE,W,PARKED,,,0,,,,,Y,,,Y,Y,Y,Y,Y,N,N,Y,Y,,REAR,,,,,,,,,,,,,,,,,,,,,,,,,,,,,,,,,
2114637,9c42e6118916e411a2c8816d4767e716929106fb6249831ba56300b157f2e137c6e33f7c887457fd25309c2c8ed4215299fdcfb27b26dfa2971d86e81293f361,07/26/2025 12:30:00 AM,3,PARKED,,2015892,,SUBARU,CROSSTREK,IL,2023,UNKNOWN,PASSENGER,NOT IN USE,W,PARKED,,,0,,,,,Y,,,,Y,Y,Y,,,,Y,Y,,REAR,,,,,,,,,,,,,,,,,,,,,,,,,,,,,,,,,
2114643,fd3e3e4aba7043bf7434f7e05b4dbe600eaafa44601639f7cc556b41eca4fb8416952feacaaa102f63ad9a1caae7d7565a072dd7c2b170b03a8d5cb7d60c49cb,07/26/2025 12:30:00 AM,1,DRIVER,,2015894,,ACURA,RLX,IL,2007,UNKNOWN,PASSENGER,PERSONAL,S,STRAIGHT AHEAD,Y,,1,,CITY OF CHICAGP,701 N SACRAMENTO BLVD,,Y,Y,N,,,,,,,,Y,Y,,FRONT-RIGHT-CORNER,,,,,,,,,,,,,,,,,,,,,,,,,,,,,,,,,
2114644,fd3e3e4aba7043bf7434f7e05b4dbe600eaafa44601639f7cc556b41eca4fb8416952feacaaa102f63ad9a1caae7d7565a072dd7c2b170b03a8d5cb7d60c49cb,07/26/2025 12:30:00 AM,2,PARKED,,2015899,,NISSAN,MURANO,IL,2006,NONE,PASSENGER,PERSONAL,S,PARKED,Y,,0,,PRIVATE TOW,,,,,,,,Y,Y,Y,Y,,,,,REAR-RIGHT-CORNER,,,,,,,,,,,,,,,,,,,,,,,,,,,,,,,,,
2114645,fd3e3e4aba7043bf7434f7e05b4dbe600eaafa44601639f7cc556b41eca4fb8416952feacaaa102f63ad9a1caae7d7565a072dd7c2b170b03a8d5cb7d60c49cb,07/26/2025 12:30:00 AM,3,PARKED,,2015903,,CHEVROLET,TAHOE,IL,1998,NONE,PASSENGER,PERSONAL,S,PARKED,,,0,,,,,,,,,,N,Y,Y,,,,,,REAR-RIGHT-CORNER,,,,,,,,,,,,,,,,,,,,,,,,,,,,,,,,,
2114624,3232170ede37e416b3d1cae5c7becbbac828fa5b466dd29eb179a711ad4b7ed32a1d0d8d22923fe4dd1e5f8c18ad6e3e073c51dc54455c9ab48909356e6974d3,07/26/2025 12:28:00 AM,1,DRIVER,,2015954,,MAZDA,CX-30,IL,2021,UNKNOWN,PASSENGER,PERSONAL,W,ENTERING TRAFFIC LANE FROM PARKING,,,1,,,,,,,,,,,,,,Y,Y,,,FRONT-LEFT-CORNER,,,,,,,,,,,,,,,,,,,,,,,,,,,,,,,,,
2114625,3232170ede37e416b3d1cae5c7becbbac828fa5b466dd29eb179a711ad4b7ed32a1d0d8d22923fe4dd1e5f8c18ad6e3e073c51dc54455c9ab48909356e6974d3,07/26/2025 12:28:00 AM,2,DRIVER,,2015960,,LINCOLN,AVIATOR,IL,2022,UNKNOWN,OTHER,PERSONAL,W,STRAIGHT AHEAD,,,1,,,,,,Y,Y,Y,,,,,,,,,,SIDE-RIGHT-FRONT,,,,,,,,,,,,,,,,,,,,,,,,,,,,,,,,,
2114646,0ad2ab57a26f9c1bbbfb1b5cdf7efb6b2f26c2be933ae09ab5bc150577f8726f31892b64a23b0fd1d855f3931467e93636fb0e6a8f21bba65c20a245faeaa1a7,07/26/2025 12:22:00 AM,1,DRIVER,,2015916,,MAZDA,PROTEGE,IL,2014,UNKNOWN,PASSENGER,PERSONAL,S,SLOW/STOP IN TRAFFIC,,,1,,,,N,Y,,,,,,,,,,Y,Y,,FRONT-RIGHT-CORNER,,,,,,,,,,,,,,,,,,,,,,,,,,,,,,,,,
2114647,0ad2ab57a26f9c1bbbfb1b5cdf7efb6b2f26c2be933ae09ab5bc150577f8726f31892b64a23b0fd1d855f3931467e93636fb0e6a8f21bba65c20a245faeaa1a7,07/26/2025 12:22:00 AM,2,DRIVER,,2015932,,TESLA,MODEL Y,IL,2023,NONE,PASSENGER,PERSONAL,S,SLOW/STOP IN TRAFFIC,,,1,,,,,,,,,Y,Y,,,,,,,,REAR-RIGHT-CORNER,,,,,,,,,,,,,,,,,,,,,,,,,,,,,,,,,
2114597,1b37d23af2dc05cab47422a505b3d2439bf724a69a6372ea61e84bbcc1673428b1f2921faca35dd14d3269fb51954c3565e3684a58ee9bdf61043c8efe1a821f,07/26/2025 12:22:00 AM,1,DRIVER,,2015852,,NISSAN,ALTIMA,,2015,UNKNOWN,PASSENGER,UNKNOWN/NA,N,OTHER,,,1,,,,,,,,,,,,,,,,Y,,FRONT,,,,,,,,,,,,,,,,,,,,,,,,,,,,,,,,,
2114598,1b37d23af2dc05cab47422a505b3d2439bf724a69a6372ea61e84bbcc1673428b1f2921faca35dd14d3269fb51954c3565e3684a58ee9bdf61043c8efe1a821f,07/26/2025 12:22:00 AM,2,DRIVER,,2015856,,FORD,EXPEDITION,IL,,UNKNOWN,SPORT UTILITY VEHICLE (SUV),RIDESHARE SERVICE,N,SLOW/STOP IN TRAFFIC,,,1,,,,,,,,,,Y,,,,,,,,REAR,,,,,,,,,,,,,,,,,,,,,,,,,,,,,,,,,
2114690,ef7c04669f6490ffa52ee39b7715758af1230dcdc0a7bf37cfcb506d4672d7b0f69320cfc27b2b7dbcc4f2fa27d2b128baff5ca3073be6fcda4629e9a50e07c9,07/26/2025 12:20:00 AM,1,DRIVER,,2015938,,UNKNOWN,OTHER (EXPLAIN IN NARRATIVE),IL,,UNKNOWN,SPORT UTILITY VEHICLE (SUV),PERSONAL,S,TURNING RIGHT,,,1,,,,,,,,,,,,,,,,,Y,UNKNOWN,,,,,,,,,,,,,,,,,,,,,,,,,,,,,,,,,
2114691,ef7c04669f6490ffa52ee39b7715758af1230dcdc0a7bf37cfcb506d4672d7b0f69320cfc27b2b7dbcc4f2fa27d2b128baff5ca3073be6fcda4629e9a50e07c9,07/26/2025 12:20:00 AM,2,DRIVER,,2015942,,TOYOTA,CAMRY,IL,2005,UNKNOWN,PICKUP,PERSONAL,S,STRAIGHT AHEAD,Y,,1,,UNKNOWN,,Y,,,,,,,,,,,,Y,,NONE,,,,,,,,,,,,,,,,,,,,,,,,,,,,,,,,,
2114616,3a3a1b2cf028319b305e43bd51b97edca7abdb41761d36d7ab9fbe5e467a2d1be8a3c06271d0a90f8043580147b18fe227980f2a6701ecb0e4be1540d638c774,07/26/2025 12:15:00 AM,1,DRIVER,,2015862,,BMW,528I,IL,2011,UNKNOWN,PASSENGER,PERSONAL,UNKNOWN,OTHER,,,1,,,,Y,,,,,Y,,,,,,,,,REAR-RIGHT-CORNER,,,,,,,,,,,,,,,,,,,,,,,,,,,,,,,,,
2114617,3a3a1b2cf028319b305e43bd51b97edca7abdb41761d36d7ab9fbe5e467a2d1be8a3c06271d0a90f8043580147b18fe227980f2a6701ecb0e4be1540d638c774,07/26/2025 12:15:00 AM,2,PARKED,,2015868,,MERCEDES-BENZ,E-CLASS,IN,2014,NONE,PASSENGER,PERSONAL,N,PARKED,,,0,,,,,,,,,,,,,Y,,,,,SIDE-LEFT-FRONT,,,,,,,,,,,,,,,,,,,,,,,,,,,,,,,,,
2114672,cd1cb5b20966ba96969c71e8f44b8e6d4e3982cf6d3d49890a86c9457e6153ee3831c1718d9649d6d1f906d4500709d70acf10f5ad1b7dc58959d66f84152c93,07/26/2025 12:05:00 AM,1,DRIVER,,2015937,,HYUNDAI,SANTA FE,IL,2017,NONE,PASSENGER,PERSONAL,E,DRIVING WRONG WAY,N,,1,,,,,,,,,,,,,,Y,Y,,,FRONT-LEFT-CORNER,,,,,,,,,,,,,,,,,,,,,,,,,,,,,,,,,
2114673,cd1cb5b20966ba96969c71e8f44b8e6d4e3982cf6d3d49890a86c9457e6153ee3831c1718d9649d6d1f906d4500709d70acf10f5ad1b7dc58959d66f84152c93,07/26/2025 12:05:00 AM,2,DRIVER,,2015952,,CHEVROLET,IMPALA,IL,2018,NONE,PASSENGER,PERSONAL,W,STRAIGHT AHEAD,Y,,1,,ALL STATE/ PRIVATE TOW,Owners Residence,,,,,,,,,Y,Y,Y,Y,,,SIDE-LEFT-FRONT,,,,,,,,,,,,,,,,,,,,,,,,,,,,,,,,,
2114779,2cb1f9e3fe6152ebe892c8c4334c178a3433559f39d63c820725877fc7e8f180e6264d5f80ca8f9a4352bbed53315ef5afbc8b37af5d66cf8ea8e3797041457c,07/26/2025 12:01:00 AM,1,DRIVER,,2016034,,UNKNOWN,OTHER (EXPLAIN IN NARRATIVE),,,UNKNOWN,UNKNOWN/NA,UNKNOWN/NA,E,STRAIGHT AHEAD,,,1,,,,,Y,,,,,,,,,,Y,Y,,FRONT,,,,,,,,,,,,,,,,,,,,,,,,,,,,,,,,,
2114780,2cb1f9e3fe6152ebe892c8c4334c178a3433559f39d63c820725877fc7e8f180e6264d5f80ca8f9a4352bbed53315ef5afbc8b37af5d66cf8ea8e3797041457c,07/26/2025 12:01:00 AM,2,DRIVERLESS,,2016036,,TOYOTA,CAMRY,GA,,UNKNOWN,PASSENGER,PERSONAL,E,PARKED,,,0,,,,,,,,,Y,Y,Y,,,,,,,REAR,,,,,,,,,,,,,,,,,,,,,,,,,,,,,,,,,
2115140,e15729deff21f50fd09ebd0b25e4d434a538b834d346ac343892b73d13ce88fd2169355dd716f7bf13a575bebd4d609cfd9497dc61e3cfb246b41cffb55fa022,07/26/2025 12:00:00 AM,1,DRIVER,,2016372,,UNKNOWN,OTHER (EXPLAIN IN NARRATIVE),IL,,UNKNOWN,UNKNOWN/NA,UNKNOWN/NA,UNKNOWN,UNKNOWN/NA,,,1,,,,,,,,,,,,,,,,,Y,UNKNOWN,,,,,,,,,,,,,,,,,,,,,,,,,,,,,,,,,
2115141,e15729deff21f50fd09ebd0b25e4d434a538b834d346ac343892b73d13ce88fd2169355dd716f7bf13a575bebd4d609cfd9497dc61e3cfb246b41cffb55fa022,07/26/2025 12:00:00 AM,2,PARKED,,2016375,,JEEP,GRAND CHEROKEE,IL,2006,UNKNOWN,PASSENGER,PERSONAL,N,PARKED,Y,,0,,Private tow,Private lot,,,,,,,Y,Y,Y,,,,,,REAR-LEFT-CORNER,,,,,,,,,,,,,,,,,,,,,,,,,,,,,,,,,
2114618,e4202270f251b6f5baf5d70776df1a7c38509f0291e141e28fc9def21af7562fe1cdc105959889287e18c570a5604b7cb716398d6aaea0cd1b65f2f7d4bfe1ca,07/25/2025 11:58:00 PM,1,DRIVER,,2015867,,JEEP,LIBERTY,IL,2002,UNKNOWN,SPORT UTILITY VEHICLE (SUV),UNKNOWN/NA,S,STRAIGHT AHEAD,,,1,,,,,Y,,,,,,,,,,Y,Y,,FRONT,,,,,,,,,,,,,,,,,,,,,,,,,,,,,,,,,
2114619,e4202270f251b6f5baf5d70776df1a7c38509f0291e141e28fc9def21af7562fe1cdc105959889287e18c570a5604b7cb716398d6aaea0cd1b65f2f7d4bfe1ca,07/25/2025 11:58:00 PM,2,DRIVER,,2015874,,CHEVROLET,SUBURBAN,IL,2022,NONE,SPORT UTILITY VEHICLE (SUV),PERSONAL,S,STRAIGHT AHEAD,,,1,,,,,,,,,Y,Y,Y,,,,,,,REAR,,,,,,,,,,,,,,,,,,,,,,,,,,,,,,,,,
2114640,e8fc2245670c6d39d24afa75a1a61f0e6e46d0dedff4868c7b05885cab17a83390ec53fb81acde128facc71e44adfbe49d8b992744a94976de5e55ed313c2ac0,07/25/2025 11:58:00 PM,1,DRIVER,,2015891,,UNKNOWN,OTHER (EXPLAIN IN NARRATIVE),,,NONE,PASSENGER,PERSONAL,N,TURNING RIGHT,,,1,,,,,,,,,,,,,,,,,,UNKNOWN,,,,,,,,,,,,,,,,,,,,,,,,,,,,,,,,,
2114641,e8fc2245670c6d39d24afa75a1a61f0e6e46d0dedff4868c7b05885cab17a83390ec53fb81acde128facc71e44adfbe49d8b992744a94976de5e55ed313c2ac0,07/25/2025 11:58:00 PM,2,DRIVER,,2015895,,HONDA,CR-V,IL,2017,NONE,PASSENGER,PERSONAL,E,STRAIGHT AHEAD,Y,,1,,private tow,unk,,Y,,,,,,,,,,Y,Y,,FRONT-RIGHT-CORNER,,,,,,,,,,,,,,,,,,,,,,,,,,,,,,,,,
2114642,e8fc2245670c6d39d24afa75a1a61f0e6e46d0dedff4868c7b05885cab17a83390ec53fb81acde128facc71e44adfbe49d8b992744a94976de5e55ed313c2ac0,07/25/2025 11:58:00 PM,3,PARKED,,2015901,,NISSAN,PATHFINDER,IL,2002,NONE,PASSENGER,NOT IN USE,E,PARKED,,,0,,,,,,,,,,,,Y,Y,Y,,,,SIDE-LEFT,,,,,,,,,,,,,,,,,,,,,,,,,,,,,,,,,
2114593,c54d6333f0e44af904c1fc9c0b12ba64a348686ba0278c74d1222ea73339da9e12ae31a55db326c5543b69f1014db8d78155b8dc96749800d56be7f7cd2aa579,07/25/2025 11:45:00 PM,1,DRIVER,,2015847,,HONDA,CR-V,IL,2015,UNKNOWN,PASSENGER,UNKNOWN/NA,W,PASSING/OVERTAKING,,,1,,,,,,Y,Y,,,,,,,,,,,SIDE-RIGHT,,,,,,,,,,,,,,,,,,,,,,,,,,,,,,,,,
2114594,c54d6333f0e44af904c1fc9c0b12ba64a348686ba0278c74d1222ea73339da9e12ae31a55db326c5543b69f1014db8d78155b8dc96749800d56be7f7cd2aa579,07/25/2025 11:45:00 PM,2,DRIVER,,2015851,,NISSAN,ALTIMA,TX,2022,NONE,PASSENGER,PERSONAL,W,TURNING RIGHT,,,1,,,,,,,,,,,,,Y,Y,Y,,,SIDE-LEFT-FRONT,,,,,,,,,,,,,,,,,,,,,,,,,,,,,,,,,
2114607,db41496e5b7edde10c9c2566209e79eedb6c92a5e676421f06c1ec793d86258688c3c08e36a45dbfc00952dbbd440c9e2daa8eba87cedac998653aa3f1a09c01,07/25/2025 11:45:00 PM,1,DRIVER,,2015859,,NISSAN,ROGUE,IL,,UNKNOWN,PASSENGER,UNKNOWN/NA,W,UNKNOWN/NA,,,1,,,,,,,,,,,,,,,,,,FRONT-LEFT-CORNER,,,,,,,,,,,,,,,,,,,,,,,,,,,,,,,,,
2114608,db41496e5b7edde10c9c2566209e79eedb6c92a5e676421f06c1ec793d86258688c3c08e36a45dbfc00952dbbd440c9e2daa8eba87cedac998653aa3f1a09c01,07/25/2025 11:45:00 PM,2,PARKED,2,2015866,,TOYOTA,4RUNNER,IL,1999,UNKNOWN,SPORT UTILITY VEHICLE (SUV),PERSONAL,W,PARKED,,,2,,,,,,,,,Y,Y,Y,,,,,,,REAR,,,,,,,,,,,,,,,,,,,,,,,,,,,,,,,,,
2114609,db41496e5b7edde10c9c2566209e79eedb6c92a5e676421f06c1ec793d86258688c3c08e36a45dbfc00952dbbd440c9e2daa8eba87cedac998653aa3f1a09c01,07/25/2025 11:45:00 PM,3,PARKED,,2015873,,CHEVROLET,EQUINOX,IL,2020,UNKNOWN,SPORT UTILITY VEHICLE (SUV),NOT IN USE,W,PARKED,,,0,,,,,Y,Y,,,,,,,,,,,,FRONT-RIGHT-CORNER,,,,,,,,,,,,,,,,,,,,,,,,,,,,,,,,,
2114612,dbeb1ca464560fae67b8042038c9cce9842a1ce9851759127d04eaaf6f2231533c11632d7cc75c8d3b9791b75c4e1dd98dfa6e96770ce0b9436e7fed7ebc6796,07/25/2025 11:40:00 PM,1,DRIVER,,2015860,,UNKNOWN,MOTORIZED,IL,,UNKNOWN,PASSENGER,UNKNOWN/NA,W,STRAIGHT AHEAD,,,1,,,,,Y,,,,,,,,,,Y,Y,,FRONT,,,,,,,,,,,,,,,,,,,,,,,,,,,,,,,,,
2114613,dbeb1ca464560fae67b8042038c9cce9842a1ce9851759127d04eaaf6f2231533c11632d7cc75c8d3b9791b75c4e1dd98dfa6e96770ce0b9436e7fed7ebc6796,07/25/2025 11:40:00 PM,2,DRIVER,,2015869,,AUDI,Q5,,2021,NONE,SPORT UTILITY VEHICLE (SUV),PERSONAL,W,STRAIGHT AHEAD,,,1,,,,,,,,,Y,Y,Y,,,,,,,REAR,,,,,,,,,,,,,,,,,,,,,,,,,,,,,,,,,
2114582,c1c9b176cf5273547400e85fb36771d757b1b6acea47681c03cdd063d22945f74f2ab3ceabb4eef6c4007a0ba7f1df53854e222b7393ae5c8d572735540d6d2c,07/25/2025 11:35:00 PM,1,DRIVER,,2015846,,VOLKSWAGEN,OTHER (EXPLAIN IN NARRATIVE),,,UNKNOWN,PASSENGER,PERSONAL,S,PASSING/OVERTAKING,,,1,,,,,Y,,,,,,,,,,,,,FRONT-RIGHT-CORNER,,,,,,,,,,,,,,,,,,,,,,,,,,,,,,,,,
2114583,c1c9b176cf5273547400e85fb36771d757b1b6acea47681c03cdd063d22945f74f2ab3ceabb4eef6c4007a0ba7f1df53854e222b7393ae5c8d572735540d6d2c,07/25/2025 11:35:00 PM,2,DRIVER,1,2015850,,CHEVROLET,IMPALA,IL,2000,UNKNOWN,PASSENGER,PERSONAL,S,STRAIGHT AHEAD,,,2,,,,,,,,,,,,,,Y,Y,,,SIDE-LEFT,,,,,,,,,,,,,,,,,,,,,,,,,,,,,,,,,
2116608,dc19f68a787001f7594d8a7e74bb790a6cfa91232c5a6bd0d03435570bd0f0277d4e65ff3df9d2702e48a332f8e4308dbfef0038e97c879f7f8a2c61c40dc8b6,07/25/2025 11:30:00 PM,1,DRIVER,,2017780,,FORD,EDGE,IL,2007,UNKNOWN,SPORT UTILITY VEHICLE (SUV),UNKNOWN/NA,N,OTHER,,,1,,,,,,,,,,,,,,Y,Y,,,FRONT-LEFT-CORNER,,,,,,,,,,,,,,,,,,,,,,,,,,,,,,,,,
2116609,dc19f68a787001f7594d8a7e74bb790a6cfa91232c5a6bd0d03435570bd0f0277d4e65ff3df9d2702e48a332f8e4308dbfef0038e97c879f7f8a2c61c40dc8b6,07/25/2025 11:30:00 PM,2,DRIVER,,2017784,,LINCOLN,CORSAIR,IL,2022,UNKNOWN,SPORT UTILITY VEHICLE (SUV),UNKNOWN/NA,N,STRAIGHT AHEAD,,,1,,,,,,,Y,Y,Y,,,,,,,,,SIDE-RIGHT-REAR,,,,,,,,,,,,,,,,,,,,,,,,,,,,,,,,,
2114591,2fa9fd68d0631638db6fab5b736ca6f46e0774e56b22d7d68171c59b42860a936b5629ff0be0d40a8aeca7e6dcdde61905e9c774b8842c6f5837a3f2d57bf349,07/25/2025 11:26:00 PM,1,DRIVER,,2015845,,SATURN,VUE,IL,2006,UNKNOWN,SPORT UTILITY VEHICLE (SUV),PERSONAL,S,BACKING,,,1,,,,,,,,,Y,Y,,,,,,,Y,REAR,,,,,,,,,,,,,,,,,,,,,,,,,,,,,,,,,
2114592,2fa9fd68d0631638db6fab5b736ca6f46e0774e56b22d7d68171c59b42860a936b5629ff0be0d40a8aeca7e6dcdde61905e9c774b8842c6f5837a3f2d57bf349,07/25/2025 11:26:00 PM,2,PARKED,,2015848,,KIA,SORENTO,IL,2025,UNKNOWN,SPORT UTILITY VEHICLE (SUV),PERSONAL,E,PARKED,,,0,,,,,,,,,,,Y,,,,,,,REAR-LEFT-CORNER,,,,,,,,,,,,,,,,,,,,,,,,,,,,,,,,,
2114853,2ec02999771cd3e03fa06a6aad6959d76158614c4c73152c6c5a6b8e25c0bd813d52a74dbc1edb6ab33593b6859c4bf81d35d107b5c1cc2173a53d3c449942dc,07/25/2025 11:20:00 PM,1,DRIVER,2,2016095,,LINCOLN,MKX,IL,2013,UNKNOWN,PASSENGER,PERSONAL,S,UNKNOWN/NA,Y,,3,,CITY OF CHICAGO,POUND 2,,Y,Y,Y,,,,,,,,,Y,,FRONT-RIGHT-CORNER,,,,,,,,,,,,,,,,,,,,,,,,,,,,,,,,,