CRASH_UNIT_ID,CRASH_RECORD_ID,CRASH_DATE,UNIT_NO,UNIT_TYPE,NUM_PASSENGERS,VEHICLE_ID,CMRC_VEH_I,MAKE,MODEL,LIC_PLATE_STATE,VEHICLE_YEAR,VEHICLE_DEFECT,VEHICLE_TYPE,VEHICLE_USE,TRAVEL_DIRECTION,MANEUVER,TOWED_I,FIRE_I,OCCUPANT_CNT,EXCEED_SPEED_LIMIT_I,TOWED_BY,TOWED_TO,AREA_00_I,AREA_01_I,AREA_02_I,AREA_03_I,AREA_04_I,AREA_05_I,AREA_06_I,AREA_07_I,AREA_08_I,AREA_09_I,AREA_10_I,AREA_11_I,AREA_12_I,AREA_99_I,FIRST_CONTACT_POINT,CMV_ID,USDOT_NO,CCMC_NO,ILCC_NO,COMMERCIAL_SRC,GVWR,CARRIER_NAME,CARRIER_STATE,CARRIER_CITY,HAZMAT_PLACARDS_I,HAZMAT_NAME,UN_NO,HAZMAT_PRESENT_I,HAZMAT_REPORT_I,HAZMAT_REPORT_NO,MCS_REPORT_I,MCS_REPORT_NO,HAZMAT_VIO_CAUSE_CRASH_I,MCS_VIO_CAUSE_CRASH_I,IDOT_PERMIT_NO,WIDE_LOAD_I,TRAILER1_WIDTH,TRAILER2_WIDTH,TRAILER1_LENGTH,TRAILER2_LENGTH,TOTAL_VEHICLE_LENGTH,AXLE_CNT,VEHICLE_CONFIG,CARGO_BODY_TYPE,LOAD_TYPE,HAZMAT_OUT_OF_SERVICE_I,MCS_OUT_OF_SERVICE_I,HAZMAT_CLASS
2114854,2ec02999771cd3e03fa06a6aad6959d76158614c4c73152c6c5a6b8e25c0bd813d52a74dbc1edb6ab33593b6859c4bf81d35d107b5c1cc2173a53d3c449942dc,07/25/2025 11:20:00 PM,2,PARKED,,2016096,,FORD,ECONOLINE 100,IL,2000,UNKNOWN,PASSENGER,PERSONAL,S,PARKED,,,0,,,,,,,,,,,Y,Y,,,,,,REAR-LEFT-CORNER,,,,,,,,,,,,,,,,,,,,,,,,,,,,,,,,,
2114601,d3c0162b2f6affeb06456fe94ee5ce3ae1e09506f4e2c95c421fa06dba45dfaf85a8c5310c8766a6d0ca061543f89dcaac05e3c0a18d1cfe12c6252bfc916c3c,07/25/2025 11:19:00 PM,1,DRIVER,,2015911,,TOYOTA,CAMRY,IL,2009,UNKNOWN,PASSENGER,PERSONAL,W,STRAIGHT AHEAD,Y,,1,,PRIVATE TOW,,,N,,,,,,,,,,,,,FRONT-RIGHT-CORNER,,,,,,,,,,,,,,,,,,,,,,,,,,,,,,,,,
2114632,d3c0162b2f6affeb06456fe94ee5ce3ae1e09506f4e2c95c421fa06dba45dfaf85a8c5310c8766a6d0ca061543f89dcaac05e3c0a18d1cfe12c6252bfc916c3c,07/25/2025 11:19:00 PM,2,PARKED,,2015883,,TOYOTA,COROLLA,IL,2008,UNKNOWN,PASSENGER,PERSONAL,N,PARKED,,,0,,,,,,,,,,N,Y,Y,Y,Y,,,,SIDE-LEFT,,,,,,,,,,,,,,,,,,,,,,,,,,,,,,,,,
2114633,d3c0162b2f6affeb06456fe94ee5ce3ae1e09506f4e2c95c421fa06dba45dfaf85a8c5310c8766a6d0ca061543f89dcaac05e3c0a18d1cfe12c6252bfc916c3c,07/25/2025 11:19:00 PM,3,PARKED,,2015885,,INFINITI,M35,IL,2008,UNKNOWN,PASSENGER,PERSONAL,N,PARKED,,,0,,,,,,,,,,Y,Y,Y,,,,,,REAR-LEFT-CORNER,,,,,,,,,,,,,,,,,,,,,,,,,,,,,,,,,
2114634,d3c0162b2f6affeb06456fe94ee5ce3ae1e09506f4e2c95c421fa06dba45dfaf85a8c5310c8766a6d0ca061543f89dcaac05e3c0a18d1cfe12c6252bfc916c3c,07/25/2025 11:19:00 PM,4,PARKED,,2015887,,JEEP,CHEROKEE,IL,2019,UNKNOWN,PASSENGER,PERSONAL,N,PARKED,,,0,,,,,,,,,,Y,Y,,,,,,,REAR-LEFT-CORNER,,,,,,,,,,,,,,,,,,,,,,,,,,,,,,,,,
2114576,45f4abe041aa857dc321f5ac61eedb2c750e2d49b7bb991c73c67d588b0138231f6b0f8eb7341c85d948123356e9d27a893e510a16aca18e760296c8833c001a,07/25/2025 11:15:00 PM,1,DRIVER,,2015831,,UNKNOWN,OTHER (EXPLAIN IN NARRATIVE),,,UNKNOWN,UNKNOWN/NA,UNKNOWN/NA,UNKNOWN,UNKNOWN/NA,,,1,,,,,,,,,,,,,,,,,Y,UNKNOWN,,,,,,,,,,,,,,,,,,,,,,,,,,,,,,,,,
2114577,45f4abe041aa857dc321f5ac61eedb2c750e2d49b7bb991c73c67d588b0138231f6b0f8eb7341c85d948123356e9d27a893e510a16aca18e760296c8833c001a,07/25/2025 11:15:00 PM,2,DRIVER,1,2015835,,JEEP,CHEROKEE,IL,2013,NONE,SPORT UTILITY VEHICLE (SUV),PERSONAL,W,STRAIGHT AHEAD,,,2,,,,,,,,,,Y,,,,,,,,REAR,,,,,,,,,,,,,,,,,,,,,,,,,,,,,,,,,
2114580,63b147b5df59f94420d20f7ed45159e8b218b55fe1f943c0b552d490e6671f281da3ddc300cb61c91efb4498565a11f6ac9842884d493ea664d4f1cffcfcc8ca,07/25/2025 11:15:00 PM,1,DRIVER,,2015838,,ACURA,TLX,IL,2012,NONE,PASSENGER,NOT IN USE,S,PASSING/OVERTAKING,Y,,1,,PRIVATE TOW,,,,,,,,,Y,Y,Y,Y,Y,Y,,FRONT,,,,,,,,,,,,,,,,,,,,,,,,,,,,,,,,,
2114581,63b147b5df59f94420d20f7ed45159e8b218b55fe1f943c0b552d490e6671f281da3ddc300cb61c91efb4498565a11f6ac9842884d493ea664d4f1cffcfcc8ca,07/25/2025 11:15:00 PM,2,DRIVER,,2015843,,HONDA,CIVIC,IL,2001,NONE,PASSENGER,NOT IN USE,E,STRAIGHT AHEAD,Y,,1,,PRIVATE TOW,,,Y,,,,,,,,,,Y,Y,,FRONT,,,,,,,,,,,,,,,,,,,,,,,,,,,,,,,,,
2114605,c80cdc539188bb90c5d047f8958e7af878116ca4ca6908c4ec524dd62c542c6a4b5f59469ae69199d3ea1a1c88d647032490b560b1c4d121e9d955f3f9bdd105,07/25/2025 11:15:00 PM,1,DRIVER,,2015863,,FORD,TAURUS,IL,2013,UNKNOWN,UNKNOWN/NA,UNKNOWN/NA,E,STRAIGHT AHEAD,,,1,,,,,Y,,,,,,,,,,Y,Y,,FRONT,,,,,,,,,,,,,,,,,,,,,,,,,,,,,,,,,
2114606,c80cdc539188bb90c5d047f8958e7af878116ca4ca6908c4ec524dd62c542c6a4b5f59469ae69199d3ea1a1c88d647032490b560b1c4d121e9d955f3f9bdd105,07/25/2025 11:15:00 PM,2,DRIVER,,2015870,,TOYOTA,PRIUS,IL,2007,NONE,PASSENGER,PERSONAL,E,SLOW/STOP IN TRAFFIC,,,1,,,,,,,,,Y,Y,Y,,,,,,,REAR,,,,,,,,,,,,,,,,,,,,,,,,,,,,,,,,,
2114775,91d33d23bfa24b566f678f40aad19eded65ef123044a416c792b4d8ef6a501a65e3c68b1878f0e725e08e58c843f47b98d107d5f01d6f1eb28b3b7dffd035f9e,07/25/2025 11:00:00 PM,1,DRIVER,,2016032,,UNKNOWN,OTHER (EXPLAIN IN NARRATIVE),IL,,UNKNOWN,UNKNOWN/NA,UNKNOWN/NA,UNKNOWN,UNKNOWN/NA,,,1,,,,,,,,,,,,,,,,,Y,UNKNOWN,,,,,,,,,,,,,,,,,,,,,,,,,,,,,,,,,
2114776,91d33d23bfa24b566f678f40aad19eded65ef123044a416c792b4d8ef6a501a65e3c68b1878f0e725e08e58c843f47b98d107d5f01d6f1eb28b3b7dffd035f9e,07/25/2025 11:00:00 PM,2,PARKED,,2016037,,JEEP,GRAND CHEROKEE,IL,2021,UNKNOWN,UNKNOWN/NA,UNKNOWN/NA,N,PARKED,,,0,,,,,,,,,,Y,Y,Y,,,,,,SIDE-LEFT-REAR,,,,,,,,,,,,,,,,,,,,,,,,,,,,,,,,,
2114566,84a116c5ad497b443ef7d3b2250df4b747534910b6c0daa31e95d39d219fa0cbd6c43ddf1c110f66f70485c455988910ebb6a7d936127f5b3a97a16523239acd,07/25/2025 10:40:00 PM,1,DRIVER,3,2015821,,CHEVROLET,MALIBU,IL,2025,NONE,PASSENGER,PERSONAL,UNKNOWN,STRAIGHT AHEAD,,,4,,,,,,,,,,,,,,,,Y,,FRONT,,,,,,,,,,,,,,,,,,,,,,,,,,,,,,,,,
2114567,84a116c5ad497b443ef7d3b2250df4b747534910b6c0daa31e95d39d219fa0cbd6c43ddf1c110f66f70485c455988910ebb6a7d936127f5b3a97a16523239acd,07/25/2025 10:40:00 PM,2,DRIVER,1,2015826,,INFINITI,G37,IL,2011,NONE,PASSENGER,PERSONAL,N,STRAIGHT AHEAD,,,2,,,,,Y,Y,,,,,,,,,,,,FRONT-RIGHT-CORNER,,,,,,,,,,,,,,,,,,,,,,,,,,,,,,,,,
2114985,19bfca7d7857a29cb829dd89d92d43f14ea8449aa396f0f10347d76c44fdb0876b6a9d80495d72ed77826af05d0a34ec34b4a8bc1f7058d71f0c72f82f5dd32c,07/25/2025 10:37:00 PM,1,DRIVER,4,2016223,,TOYOTA,CAMRY,IL,2014,UNKNOWN,PASSENGER,UNKNOWN/NA,N,STRAIGHT AHEAD,,,5,,,,,,,,,,,,,,,Y,N,N,FRONT-LEFT-CORNER,,,,,,,,,,,,,,,,,,,,,,,,,,,,,,,,,
2114986,19bfca7d7857a29cb829dd89d92d43f14ea8449aa396f0f10347d76c44fdb0876b6a9d80495d72ed77826af05d0a34ec34b4a8bc1f7058d71f0c72f82f5dd32c,07/25/2025 10:37:00 PM,2,DRIVER,,2016224,,NISSAN,ALTIMA,IL,2016,NONE,PASSENGER,UNKNOWN/NA,N,STRAIGHT AHEAD,,,1,,,,,,,,Y,Y,,,,,,,,,FRONT-RIGHT-CORNER,,,,,,,,,,,,,,,,,,,,,,,,,,,,,,,,,
2114556,035cc0889e6e4175c0e6cc38dbc1ee039b5b39e9b86229f7d9eeabceb89365ca76dcc405310ff55f82d952b0fdb1f5760fe225546699c6b0092b2921e4c22d49,07/25/2025 10:30:00 PM,1,DRIVER,,2015809,,TOYOTA,COROLLA,IL,2018,NONE,PASSENGER,PERSONAL,S,STRAIGHT AHEAD,,,1,,,,,Y,,,,,,,,,,,,,FRONT-RIGHT-CORNER,,,,,,,,,,,,,,,,,,,,,,,,,,,,,,,,,
2114557,035cc0889e6e4175c0e6cc38dbc1ee039b5b39e9b86229f7d9eeabceb89365ca76dcc405310ff55f82d952b0fdb1f5760fe225546699c6b0092b2921e4c22d49,07/25/2025 10:30:00 PM,2,DRIVER,,2015812,,TOYOTA,4RUNNER,,2001,NONE,SPORT UTILITY VEHICLE (SUV),PERSONAL,S,STRAIGHT AHEAD,,,1,,,,,,,,,,,Y,Y,,,,,,REAR-LEFT-CORNER,,,,,,,,,,,,,,,,,,,,,,,,,,,,,,,,,
2120324,0ff16372471ed56be369ae01e4e77aabaa2e00f49ab85b59c38e41e6993a17d01522ca84f293d1c559bb5598b505a3c1b675b0794375e5364c08141c785d9ffd,07/25/2025 10:30:00 PM,1,DRIVER,1,2021299,,HONDA,CIVIC,IL,2017,NONE,PASSENGER,PERSONAL,S,STRAIGHT AHEAD,,,2,,,,,,Y,Y,Y,,,,,,,,,,SIDE-RIGHT,,,,,,,,,,,,,,,,,,,,,,,,,,,,,,,,,
2120325,0ff16372471ed56be369ae01e4e77aabaa2e00f49ab85b59c38e41e6993a17d01522ca84f293d1c559bb5598b505a3c1b675b0794375e5364c08141c785d9ffd,07/25/2025 10:30:00 PM,2,PARKED,,2021304,,FORD,F150,IL,2014,NONE,PICKUP,NOT IN USE,S,PARKED,,,0,,,,,,,,,,,,Y,Y,Y,,,,SIDE-LEFT,,,,,,,,,,,,,,,,,,,,,,,,,,,,,,,,,
2114574,266a911e2e2868aaaab16cbd16349b9ca44a465f58fda3f0106b65bf30c89d877899dedc47ef6baceff59f577e031a09f8d9babc1aeb9147a1e2d0a1c54ce49e,07/25/2025 10:30:00 PM,1,DRIVER,,2015829,,KIA,FORTE,IL,,UNKNOWN,PASSENGER,UNKNOWN/NA,N,UNKNOWN/NA,,,1,,,,,,,,,,,,,,,,Y,,FRONT,,,,,,,,,,,,,,,,,,,,,,,,,,,,,,,,,
2114575,266a911e2e2868aaaab16cbd16349b9ca44a465f58fda3f0106b65bf30c89d877899dedc47ef6baceff59f577e031a09f8d9babc1aeb9147a1e2d0a1c54ce49e,07/25/2025 10:30:00 PM,2,DRIVER,,2015833,,TOYOTA,YARIS,,,UNKNOWN,PASSENGER,PERSONAL,N,SLOW/STOP IN TRAFFIC,,,1,,,,,,,,,,Y,,,,,,,,REAR,,,,,,,,,,,,,,,,,,,,,,,,,,,,,,,,,
2114563,af9310fc7860eca60a78566448c24d1e65e7808cd4005af5a02495f3e50672e16b9ca03f3d7598dd479c1f97b9435ef71900d9c3f8369723a118bfbfdbf9b9b5,07/25/2025 10:27:00 PM,1,DRIVER,3,2015824,,CHEVROLET,MALIBU,IL,2011,UNKNOWN,PASSENGER,PERSONAL,E,SKIDDING/CONTROL LOSS,N,,4,,,,,Y,Y,,,,,,,N,Y,Y,,,FRONT-RIGHT-CORNER,,,,,,,,,,,,,,,,,,,,,,,,,,,,,,,,,
2114570,77c3dcb1936bdc50d4e5ba080a8dfe63c481f2aaec8e6f7a004c15c4224a135f568f317c969a4af3a290b1f61b0a61dd750662a4a0ac79886e0d360a1f6e1466,07/25/2025 10:18:00 PM,1,DRIVER,,2015822,,UNKNOWN,OTHER (EXPLAIN IN NARRATIVE),,,UNKNOWN,UNKNOWN/NA,UNKNOWN/NA,W,STRAIGHT AHEAD,,,1,,,,,Y,,,,,,,,,,Y,Y,,FRONT,,,,,,,,,,,,,,,,,,,,,,,,,,,,,,,,,
2114571,77c3dcb1936bdc50d4e5ba080a8dfe63c481f2aaec8e6f7a004c15c4224a135f568f317c969a4af3a290b1f61b0a61dd750662a4a0ac79886e0d360a1f6e1466,07/25/2025 10:18:00 PM,2,DRIVER,,2015828,,TOYOTA,PRIUS,IL,2012,UNKNOWN,PASSENGER,UNKNOWN/NA,W,STRAIGHT AHEAD,,,1,,,,,,,,,Y,Y,Y,,,,,,,REAR,,,,,,,,,,,,,,,,,,,,,,,,,,,,,,,,,
2115097,7b83d79be840050c7a2123a0cd8aa0325797797b8cc0c74a88d22997a80378e5d2c8d76b0d9b7653d6f4f4bb0436cbc20281db2f4bbc6d670eb8ce610b34e073,07/25/2025 10:15:00 PM,1,DRIVER,,2016327,,MAZDA,MX-5,IL,2008,NONE,PASSENGER,PERSONAL,N,STRAIGHT AHEAD,Y,,1,,ALL CITY TOWING,3516 W 77TH ST,,,,,,,,Y,,,,Y,,,FRONT-LEFT-CORNER,,,,,,,,,,,,,,,,,,,,,,,,,,,,,,,,,
2114560,b67aecd89b04dc612cde07d5851ce510f656a28b8004069a141474798c2647f84dac4ffe88316867d1f86def9c3879a11ad7bafd89a34ab8d5cf469c63f35c3a,07/25/2025 10:15:00 PM,1,DRIVER,,2015817,,CHEVROLET,AVALANCHE,IL,2006,UNKNOWN,UNKNOWN/NA,UNKNOWN/NA,N,UNKNOWN/NA,,,1,,,,,,,,,,,,,,,,,,UNKNOWN,,,,,,,,,,,,,,,,,,,,,,,,,,,,,,,,,
2114610,b75b97f1d48d7ff4d67dba7503d661d763447614efe8d0bd7ae7c5c58ec1355942fdb214de1518f486a1404a3c010a7780e438e357c25a10982547d99b1c75a9,07/25/2025 10:15:00 PM,1,DRIVER,,2015864,,NISSAN,MURANO,IL,2006,UNKNOWN,SPORT UTILITY VEHICLE (SUV),UNKNOWN/NA,E,STRAIGHT AHEAD,,,1,,,,,N,N,,,,,,,,,,N,Y,FRONT-RIGHT-CORNER,,,,,,,,,,,,,,,,,,,,,,,,,,,,,,,,,
2114611,b75b97f1d48d7ff4d67dba7503d661d763447614efe8d0bd7ae7c5c58ec1355942fdb214de1518f486a1404a3c010a7780e438e357c25a10982547d99b1c75a9,07/25/2025 10:15:00 PM,2,PARKED,,2015871,,KENWORTH MOTOR TRUCK COMPANY,KENWORTH MOTOR TRUCK CO.,IN,2024,NONE,TRACTOR W/O SEMI-TRAILER,NOT IN USE,N,PARKED,,,0,,,,,,,,,,,,,,Y,Y,,,FRONT-LEFT-CORNER,,,,,,,,,,,,,,,,,,,,,,,,,,,,,,,,,
2114561,081431fc5e78921ba2e07feb58abc9e6befd528cbf2c8fb94e513cf37b62d749b8841ba121f102c49258d8e594cbc5761b008f2a43a59deb0fc2570a1916e564,07/25/2025 10:14:00 PM,1,DRIVER,,2015819,,UNKNOWN,OTHER (EXPLAIN IN NARRATIVE),IL,,UNKNOWN,PASSENGER,UNKNOWN/NA,UNKNOWN,UNKNOWN/NA,,,1,,,,,,,,,,Y,,,,,,,,REAR,,,,,,,,,,,,,,,,,,,,,,,,,,,,,,,,,
2114562,081431fc5e78921ba2e07feb58abc9e6befd528cbf2c8fb94e513cf37b62d749b8841ba121f102c49258d8e594cbc5761b008f2a43a59deb0fc2570a1916e564,07/25/2025 10:14:00 PM,2,PARKED,,2015820,,FORD,EDGE,IL,2022,NONE,PASSENGER,PERSONAL,E,PARKED,,,0,,,,,,,,,,,,,,,Y,Y,,FRONT-LEFT-CORNER,,,,,,,,,,,,,,,,,,,,,,,,,,,,,,,,,
2114584,8d6dfa5e7bb99c2db9a4f215192fa83e302c2222b7e9ff21beb291c4a73bac606cb6df95e68cd9469c24698e18150b96b46f5278f775e8174112d2d585b2e4b4,07/25/2025 10:08:00 PM,1,DRIVER,,2015839,,MITSUBISHI,OUTLANDER,IL,2016,NONE,SPORT UTILITY VEHICLE (SUV),PERSONAL,S,STRAIGHT AHEAD,Y,,1,,by owner,by owner,,Y,,,,,,,,,,Y,Y,,FRONT,,,,,,,,,,,,,,,,,,,,,,,,,,,,,,,,,
2114585,8d6dfa5e7bb99c2db9a4f215192fa83e302c2222b7e9ff21beb291c4a73bac606cb6df95e68cd9469c24698e18150b96b46f5278f775e8174112d2d585b2e4b4,07/25/2025 10:08:00 PM,2,DRIVER,,2015840,,CHEVROLET,CRUZE,IL,2014,NONE,PASSENGER,PERSONAL,S,STRAIGHT AHEAD,Y,,1,,by owner,by owner,,,,,,Y,Y,Y,,,,,,,REAR,,,,,,,,,,,,,,,,,,,,,,,,,,,,,,,,,
2114586,8d6dfa5e7bb99c2db9a4f215192fa83e302c2222b7e9ff21beb291c4a73bac606cb6df95e68cd9469c24698e18150b96b46f5278f775e8174112d2d585b2e4b4,07/25/2025 10:08:00 PM,3,DRIVER,,2015842,,UNKNOWN,OTHER (EXPLAIN IN NARRATIVE),,,UNKNOWN,UNKNOWN/NA,UNKNOWN/NA,S,STRAIGHT AHEAD,,,1,,,,,,,,,,,,,,,,,Y,UNKNOWN,,,,,,,,,,,,,,,,,,,,,,,,,,,,,,,,,
2114550,a029b046931febbf2b79a0123f77d0d0cdd5f7a5b280906f65b520b76e73b534ee6d662d5d1df841957055a930e81a60ddb28d5726d525c46accc6b0b2e6c5c6,07/25/2025 10:07:00 PM,1,DRIVER,,2015803,,BUICK,ENCORE,IL,2019,NONE,PASSENGER,PERSONAL,W,STRAIGHT AHEAD,,,1,,,,,,,,,,,,,,,,Y,,FRONT,,,,,,,,,,,,,,,,,,,,,,,,,,,,,,,,,
2114551,a029b046931febbf2b79a0123f77d0d0cdd5f7a5b280906f65b520b76e73b534ee6d662d5d1df841957055a930e81a60ddb28d5726d525c46accc6b0b2e6c5c6,07/25/2025 10:07:00 PM,2,DRIVER,,2015807,,KIA,OPTIMA / K5,IL,2019,NONE,PASSENGER,PERSONAL,W,STRAIGHT AHEAD,,,1,,,,,,,,,,Y,,,,,,,,REAR,,,,,,,,,,,,,,,,,,,,,,,,,,,,,,,,,
2114578,4a75f13bc2b708d38680001371f5472b83b991c1614378f92997b0697b5ad60abbeb52c2368cbf58a98f0e2ed125c91ffb28a8c6ac5206d4a2eece65592f74c1,07/25/2025 10:05:00 PM,1,DRIVER,,2015836,,CHEVROLET,MALIBU,IL,2014,UNKNOWN,PASSENGER,PERSONAL,SW,STRAIGHT AHEAD,Y,,1,,,,,Y,,,,,,,,,,Y,Y,,FRONT,,,,,,,,,,,,,,,,,,,,,,,,,,,,,,,,,
2114579,4a75f13bc2b708d38680001371f5472b83b991c1614378f92997b0697b5ad60abbeb52c2368cbf58a98f0e2ed125c91ffb28a8c6ac5206d4a2eece65592f74c1,07/25/2025 10:05:00 PM,2,DRIVER,1,2015837,,MAZDA,CX-5,IL,2020,UNKNOWN,PASSENGER,PERSONAL,SW,STRAIGHT AHEAD,,,2,,,,,,,,,Y,Y,Y,,,,,,,REAR,,,,,,,,,,,,,,,,,,,,,,,,,,,,,,,,,
2114599,55408d253c7a3a60c6b5c6fb9d00de3bdc0576db667e71b0cac840ce2c10315c78acd29b1f5356b7a36c8c32cc08db7bb00df05acad4268da241bfb61cb55011,07/25/2025 10:05:00 PM,1,DRIVER,,2015855,,UNKNOWN,MOTORIZED,,,UNKNOWN,PASSENGER,UNKNOWN/NA,E,STRAIGHT AHEAD,,,1,,,,,,,,Y,Y,,,,,,,,,REAR-RIGHT-CORNER,,,,,,,,,,,,,,,,,,,,,,,,,,,,,,,,,
2114600,55408d253c7a3a60c6b5c6fb9d00de3bdc0576db667e71b0cac840ce2c10315c78acd29b1f5356b7a36c8c32cc08db7bb00df05acad4268da241bfb61cb55011,07/25/2025 10:05:00 PM,2,DRIVER,,2015857,,CHEVROLET,TRAX,IL,2025,UNKNOWN,PASSENGER,PERSONAL,N,STRAIGHT AHEAD,,,1,,,,,,,,,,,,,,,Y,Y,,FRONT-LEFT-CORNER,,,,,,,,,,,,,,,,,,,,,,,,,,,,,,,,,
2116222,d4d7b0fae69c0e8f85dfc2a11c7b6e381d67d579d6f57d02327afe2f514d39c6b33a97d22d28d9ea670c93f1110c16130205b27d548e39bb9396a143d2ef2928,07/25/2025 10:00:00 PM,1,DRIVER,,2017403,,UNKNOWN,OTHER (EXPLAIN IN NARRATIVE),,,UNKNOWN,UNKNOWN/NA,UNKNOWN/NA,UNKNOWN,UNKNOWN/NA,,,1,,,,,,,,,,,,,,,,,Y,UNKNOWN,,,,,,,,,,,,,,,,,,,,,,,,,,,,,,,,,
2116223,d4d7b0fae69c0e8f85dfc2a11c7b6e381d67d579d6f57d02327afe2f514d39c6b33a97d22d28d9ea670c93f1110c16130205b27d548e39bb9396a143d2ef2928,07/25/2025 10:00:00 PM,2,PARKED,,2017407,,NISSAN,SENTRA,IL,,NONE,PASSENGER,PERSONAL,E,PARKED,Y,,0,,city of chicago,DOTY ROAD,,,,,,,,,,,,Y,,,FRONT,,,,,,,,,,,,,,,,,,,,,,,,,,,,,,,,,
2114816,06d54b6e549e95d0c085a4ab970509d9b303baca2ba6f363f9013e37dc7f91e7b4acd9bcd54b6520c71023a17449c48435b18bd3e2b771bf78ff8355ee94bb83,07/25/2025 09:50:00 PM,1,DRIVER,,2016071,,FORD,EXPLORER,IL,2013,UNKNOWN,PASSENGER,UNKNOWN/NA,W,STRAIGHT AHEAD,,,1,,,,,,,,,,,,,,,,,Y,SIDE-RIGHT,,,,,,,,,,,,,,,,,,,,,,,,,,,,,,,,,
2114817,06d54b6e549e95d0c085a4ab970509d9b303baca2ba6f363f9013e37dc7f91e7b4acd9bcd54b6520c71023a17449c48435b18bd3e2b771bf78ff8355ee94bb83,07/25/2025 09:50:00 PM,2,DRIVER,,2016086,,NISSAN,ROGUE,IL,2018,UNKNOWN,PASSENGER,PERSONAL,W,LEAVING TRAFFIC LANE TO PARK,,,1,,,,,,,,,,,,,Y,,,,,SIDE-LEFT,,,,,,,,,,,,,,,,,,,,,,,,,,,,,,,,,
2114572,531197058e328530338fa64adf415f2739d5f8a8449982e11bc063c12f38f92af57fb03cd338d5608adc82c22e7f45d7394c01a448e03c330358f6e5b581fb0c,07/25/2025 09:47:00 PM,1,DRIVER,,2015830,,GENERAL MOTORS CORPORATION (GMC),SIERRA,IL,2018,NONE,PASSENGER,PERSONAL,E,PASSING/OVERTAKING,,,1,,,,,,Y,Y,Y,,,,,,,,,,SIDE-RIGHT,,,,,,,,,,,,,,,,,,,,,,,,,,,,,,,,,
2114573,531197058e328530338fa64adf415f2739d5f8a8449982e11bc063c12f38f92af57fb03cd338d5608adc82c22e7f45d7394c01a448e03c330358f6e5b581fb0c,07/25/2025 09:47:00 PM,2,DRIVER,,2015834,,NOVA BUS,OTHER (EXPLAIN IN NARRATIVE),IL,2022,NONE,BUS OVER 15 PASS.,CTA,E,STRAIGHT AHEAD,,,1,,,,,,,,,,,,Y,,,,,,FRONT-RIGHT-CORNER,,,,,,,,,,,,,,,,,,,,,,,,,,,,,,,,,
2114530,9fa6cee5193ddf0654b8ecf29f65d2561195d1f71380d8fbd76a6c1525ed97c79b81d431421ae68e0012cf8558987070f31d7827937235170448659a77deef3a,07/25/2025 09:44:00 PM,1,DRIVER,,2015801,,UNKNOWN,OTHER (EXPLAIN IN NARRATIVE),,,NONE,PASSENGER,UNKNOWN/NA,W,STRAIGHT AHEAD,,,1,,,,,,,,,,,,,,,Y,,,FRONT-LEFT-CORNER,,,,,,,,,,,,,,,,,,,,,,,,,,,,,,,,,
2114531,9fa6cee5193ddf0654b8ecf29f65d2561195d1f71380d8fbd76a6c1525ed97c79b81d431421ae68e0012cf8558987070f31d7827937235170448659a77deef3a,07/25/2025 09:44:00 PM,2,DRIVER,,2015805,,VOLKSWAGEN,PASSAT,IL,2020,NONE,PASSENGER,PERSONAL,S,STRAIGHT AHEAD,,,1,,,,,Y,,,,,,Y,,,Y,Y,Y,,REAR-LEFT-CORNER,,,,,,,,,,,,,,,,,,,,,,,,,,,,,,,,,
2114800,0ac2f0b0fc6a994589700f3c5d2d7c83a90795257dc20df4454d9721436f114fc11bf2e31c270e0e155200d95d80099e5c1f3fa1731fb554016d9a305d712c00,07/25/2025 09:30:00 PM,1,DRIVER,,2016051,,UNKNOWN,ENCLOSED BODY,IL,,NONE,PASSENGER,PERSONAL,S,STRAIGHT AHEAD,,,1,,,,,,,,,,,,,,,,,Y,UNKNOWN,,,,,,,,,,,,,,,,,,,,,,,,,,,,,,,,,
2114801,0ac2f0b0fc6a994589700f3c5d2d7c83a90795257dc20df4454d9721436f114fc11bf2e31c270e0e155200d95d80099e5c1f3fa1731fb554016d9a305d712c00,07/25/2025 09:30:00 PM,2,DRIVER,,2016057,,BMW,750,IL,2013,NONE,PASSENGER,PERSONAL,E,STRAIGHT AHEAD,,,1,,,,,,,,,,,,N,N,Y,Y,Y,,SIDE-LEFT-FRONT,,,,,,,,,,,,,,,,,,,,,,,,,,,,,,,,,
2114824,26edc170decebfecd6c311a5ee1060adedb7435b05be980bfdc01f1b7d1357a1e1ca105aa43b1d229f89d9d7926c3e302a76d24148cfcf5cfe3abb452a65aeb5,07/25/2025 09:30:00 PM,1,DRIVER,,2016079,,NISSAN,ALTIMA,IL,2003,UNKNOWN,PASSENGER,PERSONAL,S,STRAIGHT AHEAD,,,1,,,,,Y,,,,,,,,,,,,,FRONT-RIGHT-CORNER,,,,,,,,,,,,,,,,,,,,,,,,,,,,,,,,,
2117571,825768f050d36d9ecfb08d011aabba2a80b4d88e83661668563c23845cd8e4cf9897b9295c581908180ff11228329efc0e43213533fe736bc1b0f41bcf5eef48,07/25/2025 09:30:00 PM,1,DRIVER,,2018644,,JEEP,CHEROKEE,IL,2016,NONE,SPORT UTILITY VEHICLE (SUV),PERSONAL,UNKNOWN,STRAIGHT AHEAD,,,1,,,,,,,,,,,,,,,,,Y,FRONT,,,,,,,,,,,,,,,,,,,,,,,,,,,,,,,,,
2117572,825768f050d36d9ecfb08d011aabba2a80b4d88e83661668563c23845cd8e4cf9897b9295c581908180ff11228329efc0e43213533fe736bc1b0f41bcf5eef48,07/25/2025 09:30:00 PM,2,PEDESTRIAN,,,,,,,,,,,,,,,,,,,,,,,,,,,,,,,,,,,,,,,,,,,,,,,,,,,,,,,,,,,,,,,,,,