CRASH_UNIT_ID,CRASH_RECORD_ID,CRASH_DATE,UNIT_NO,UNIT_TYPE,NUM_PASSENGERS,VEHICLE_ID,CMRC_VEH_I,MAKE,MODEL,LIC_PLATE_STATE,VEHICLE_YEAR,VEHICLE_DEFECT,VEHICLE_TYPE,VEHICLE_USE,TRAVEL_DIRECTION,MANEUVER,TOWED_I,FIRE_I,OCCUPANT_CNT,EXCEED_SPEED_LIMIT_I,TOWED_BY,TOWED_TO,AREA_00_I,AREA_01_I,AREA_02_I,AREA_03_I,AREA_04_I,AREA_05_I,AREA_06_I,AREA_07_I,AREA_08_I,AREA_09_I,AREA_10_I,AREA_11_I,AREA_12_I,AREA_99_I,FIRST_CONTACT_POINT,CMV_ID,USDOT_NO,CCMC_NO,ILCC_NO,COMMERCIAL_SRC,GVWR,CARRIER_NAME,CARRIER_STATE,CARRIER_CITY,HAZMAT_PLACARDS_I,HAZMAT_NAME,UN_NO,HAZMAT_PRESENT_I,HAZMAT_REPORT_I,HAZMAT_REPORT_NO,MCS_REPORT_I,MCS_REPORT_NO,HAZMAT_VIO_CAUSE_CRASH_I,MCS_VIO_CAUSE_CRASH_I,IDOT_PERMIT_NO,WIDE_LOAD_I,TRAILER1_WIDTH,TRAILER2_WIDTH,TRAILER1_LENGTH,TRAILER2_LENGTH,TOTAL_VEHICLE_LENGTH,AXLE_CNT,VEHICLE_CONFIG,CARGO_BODY_TYPE,LOAD_TYPE,HAZMAT_OUT_OF_SERVICE_I,MCS_OUT_OF_SERVICE_I,HAZMAT_CLASS
2118516,8290054c8a3d1ec72b4c2927cdc2f4ddf0702ee0284e1cd278541b35f5ad3dd4ceb19c7d1747088440c28e6f74829c114792767e19da2ed68d2372d17d2a8586,07/25/2025 09:30:00 PM,1,DRIVER,,2019560,,GENERAL MOTORS CORPORATION (GMC),SAVANNAH,IL,2005,NONE,PASSENGER,PERSONAL,UNKNOWN,STRAIGHT AHEAD,,,1,,,,,Y,,,,,,,,,,Y,Y,,FRONT,,,,,,,,,,,,,,,,,,,,,,,,,,,,,,,,,
2114802,e5ca0b476d1523939d6f3a611aa11e041af4a2659351e3c05213f8c2135796eb807920c776a304139fbd2a010075f8b5575b672ef63bc7570a8030dcb8dbb2df,07/25/2025 09:30:00 PM,1,DRIVER,,2016065,,DODGE,JOURNEY,IL,2013,UNKNOWN,SPORT UTILITY VEHICLE (SUV),UNKNOWN/NA,N,STRAIGHT AHEAD,,,1,,,,,N,,,,,,,,,,N,N,Y,UNKNOWN,,,,,,,,,,,,,,,,,,,,,,,,,,,,,,,,,
2114803,e5ca0b476d1523939d6f3a611aa11e041af4a2659351e3c05213f8c2135796eb807920c776a304139fbd2a010075f8b5575b672ef63bc7570a8030dcb8dbb2df,07/25/2025 09:30:00 PM,2,DRIVER,,2016058,,MITSUBISHI,ECLIPSE,IL,2025,UNKNOWN,SPORT UTILITY VEHICLE (SUV),OTHER,N,STRAIGHT AHEAD,,,1,,,,,,,,,,Y,Y,,,,,,,REAR,,,,,,,,,,,,,,,,,,,,,,,,,,,,,,,,,
2114564,4f00f87fa0859fb61402c863cd0e0fe425d15411629ef720260f1d0171be2aa0c234e5f021548568cf7f3d4618f9eced80805147d922714d70b42bed4b8587cf,07/25/2025 09:27:00 PM,1,DRIVER,,2015825,,FORD,ESCAPE,IL,2016,UNKNOWN,PASSENGER,PERSONAL,NE,STRAIGHT AHEAD,,,1,,,,,,,,,,,,,,,,,Y,FRONT,,,,,,,,,,,,,,,,,,,,,,,,,,,,,,,,,
2114565,4f00f87fa0859fb61402c863cd0e0fe425d15411629ef720260f1d0171be2aa0c234e5f021548568cf7f3d4618f9eced80805147d922714d70b42bed4b8587cf,07/25/2025 09:27:00 PM,2,DRIVER,,2015832,,TOYOTA,RAV4,IL,2017,UNKNOWN,SPORT UTILITY VEHICLE (SUV),PERSONAL,NE,STRAIGHT AHEAD,,,1,,,,,,,,,Y,Y,Y,,,,,,,REAR,,,,,,,,,,,,,,,,,,,,,,,,,,,,,,,,,
2115238,9ce03fb19a55b15b8a76436d77206dc4b7bafe09928154d2340998bcb291550949ce6acb4572bd069fb720f50fb7659ebe93b47d542f03f6c18a7d73e493cd7c,07/25/2025 09:15:00 PM,1,DRIVER,,2016469,,CHEVROLET,IMPALA,IL,2015,UNKNOWN,PASSENGER,UNKNOWN/NA,S,STRAIGHT AHEAD,,,1,,,,,Y,,,,,,,,,,Y,Y,,FRONT,,,,,,,,,,,,,,,,,,,,,,,,,,,,,,,,,
2115239,9ce03fb19a55b15b8a76436d77206dc4b7bafe09928154d2340998bcb291550949ce6acb4572bd069fb720f50fb7659ebe93b47d542f03f6c18a7d73e493cd7c,07/25/2025 09:15:00 PM,2,DRIVER,,2016472,,HONDA,CR-V,IL,2016,NONE,PASSENGER,PERSONAL,S,STRAIGHT AHEAD,,,1,,,,,,,,,Y,Y,Y,,,,,,,REAR,,,,,,,,,,,,,,,,,,,,,,,,,,,,,,,,,
2114526,0ab2cdf0227c1fee972f0342dc865c3c21ed2b8c9179bdbb810d2e3ebc3236a9ea0e9b79ebbc89ba8308b92da11958378838464602933a750227affcbc43bf70,07/25/2025 09:00:00 PM,1,DRIVER,2,2015798,,FORD,EXPLORER,IL,,UNKNOWN,PASSENGER,POLICE,S,STRAIGHT AHEAD,,,3,,,,,,,,,,,,Y,Y,,,,,SIDE-LEFT-REAR,,,,,,,,,,,,,,,,,,,,,,,,,,,,,,,,,
2114527,0ab2cdf0227c1fee972f0342dc865c3c21ed2b8c9179bdbb810d2e3ebc3236a9ea0e9b79ebbc89ba8308b92da11958378838464602933a750227affcbc43bf70,07/25/2025 09:00:00 PM,2,DRIVER,,2015804,,DODGE,RAM 3500 PU,IL,2025,UNKNOWN,BUS UP TO 15 PASS.,PERSONAL,S,STRAIGHT AHEAD,,,1,,,,,Y,Y,Y,Y,Y,,,,,,,,,FRONT-RIGHT-CORNER,,,,,,,,,,,,,,,,,,,,,,,,,,,,,,,,,
2114514,671e67cf05bc08ba7c8140b5117c886b52fb199ffac31afc113c2dc81e2e88b9c6c9cb2748f1cf7f7539b6f21a8739475c7e985f5c8827aadabc8ce7b6ef9ea4,07/25/2025 09:00:00 PM,1,DRIVER,,2015788,,AUDI,A5,IL,2020,UNKNOWN,PASSENGER,UNKNOWN/NA,N,STRAIGHT AHEAD,,,1,,,,,,,,,,,,,,,,,,UNKNOWN,,,,,,,,,,,,,,,,,,,,,,,,,,,,,,,,,
2114515,671e67cf05bc08ba7c8140b5117c886b52fb199ffac31afc113c2dc81e2e88b9c6c9cb2748f1cf7f7539b6f21a8739475c7e985f5c8827aadabc8ce7b6ef9ea4,07/25/2025 09:00:00 PM,2,DRIVER,,2015790,,TOYOTA,PRIUS,IL,2022,UNKNOWN,PASSENGER,UNKNOWN/NA,N,STRAIGHT AHEAD,,,1,,,,,,,,,,,,Y,Y,Y,,,,SIDE-LEFT,,,,,,,,,,,,,,,,,,,,,,,,,,,,,,,,,
2114595,67a28af71db0e7c55e36c5cb6ae035d7f413a333bbefedd64edbc9b838eedd60b8363974c44fd65e26c81175e3f4f770dd2f84fa7865b434e56bcf6d83d66787,07/25/2025 09:00:00 PM,1,DRIVER,,2015854,,TOYOTA,MATRIX,IL,2004,NONE,PASSENGER,PERSONAL,N,STRAIGHT AHEAD,,,1,,,,,,,,,,,,,,,Y,,,FRONT-LEFT-CORNER,,,,,,,,,,,,,,,,,,,,,,,,,,,,,,,,,
2114596,67a28af71db0e7c55e36c5cb6ae035d7f413a333bbefedd64edbc9b838eedd60b8363974c44fd65e26c81175e3f4f770dd2f84fa7865b434e56bcf6d83d66787,07/25/2025 09:00:00 PM,2,DRIVER,,2015858,,HYUNDAI,ELANTRA,IL,2011,NONE,PASSENGER,PERSONAL,N,CHANGING LANES,,,1,,,,,,,,,Y,,,,,,,,,SIDE-RIGHT-REAR,,,,,,,,,,,,,,,,,,,,,,,,,,,,,,,,,
2114516,267f53d32eba4f57ce3fedfa3345dbfb34077458c8a8dd69eff8dc8694efb73f6cdfb277aea3a7ed51777270cf36093c2e0cd2e4c17c2539894c5a55d961f1b6,07/25/2025 08:50:00 PM,1,DRIVER,,2015792,,CHEVROLET,EQUINOX,IL,2014,UNKNOWN,PASSENGER,UNKNOWN/NA,S,TURNING LEFT,,,1,,,,,Y,Y,,,,,,,,Y,Y,Y,,FRONT,,,,,,,,,,,,,,,,,,,,,,,,,,,,,,,,,
2114517,267f53d32eba4f57ce3fedfa3345dbfb34077458c8a8dd69eff8dc8694efb73f6cdfb277aea3a7ed51777270cf36093c2e0cd2e4c17c2539894c5a55d961f1b6,07/25/2025 08:50:00 PM,2,DRIVER,,2015793,,MAZDA,CX-7,TX,2025,UNKNOWN,PASSENGER,OTHER,S,TURNING LEFT,,,1,,,,,Y,Y,Y,,,,,,,,,,,FRONT-RIGHT-CORNER,,,,,,,,,,,,,,,,,,,,,,,,,,,,,,,,,
2114980,4afa03fa92687a0d05a9b0edb7973d011a728edfbf1f6627e6b8cab272b815deffc72aaf66da0f35da7f899f72fde579151205ae5c54e3fa380604dd6ae4e0bf,07/25/2025 08:50:00 PM,1,DRIVER,,2016219,,UNKNOWN,OTHER (EXPLAIN IN NARRATIVE),,,UNKNOWN,VAN/MINI-VAN,PERSONAL,E,TURNING LEFT,,,1,,,,,Y,,,,,,,,,,,Y,,FRONT-RIGHT-CORNER,,,,,,,,,,,,,,,,,,,,,,,,,,,,,,,,,
2114981,4afa03fa92687a0d05a9b0edb7973d011a728edfbf1f6627e6b8cab272b815deffc72aaf66da0f35da7f899f72fde579151205ae5c54e3fa380604dd6ae4e0bf,07/25/2025 08:50:00 PM,2,PARKED,,2016222,,MERCEDES-BENZ,S-CLASS,IL,2023,NONE,PASSENGER,PERSONAL,E,PARKED,,,0,,,,,,,,,,,,,Y,,,,,SIDE-LEFT,,,,,,,,,,,,,,,,,,,,,,,,,,,,,,,,,
2114512,cb03fa735bfd7a20c8e36796da70da2a4be180594c6e6a7220eefdca0f6ac310fbc9d92d0a14f0f95b8f721691fee9cbe5975756090fa5fd52df2260ac49b087,07/25/2025 08:41:00 PM,1,DRIVER,,2015783,,UNKNOWN,MOTORIZED,,,UNKNOWN,UNKNOWN/NA,UNKNOWN/NA,S,TURNING LEFT,,,1,,,,,,,,,,,,,,,,,,UNKNOWN,,,,,,,,,,,,,,,,,,,,,,,,,,,,,,,,,
2114513,cb03fa735bfd7a20c8e36796da70da2a4be180594c6e6a7220eefdca0f6ac310fbc9d92d0a14f0f95b8f721691fee9cbe5975756090fa5fd52df2260ac49b087,07/25/2025 08:41:00 PM,2,DRIVER,2,2015786,,TOYOTA,COROLLA,IL,2013,UNKNOWN,PASSENGER,PERSONAL,E,STRAIGHT AHEAD,,,3,,,,,,,,,,,,Y,Y,Y,Y,,,SIDE-LEFT,,,,,,,,,,,,,,,,,,,,,,,,,,,,,,,,,
2114558,cee602c2d5ce8d0ac214f48ccf0b36640bf05191294836dcf2618d9f65c29acef2609f96bebcbc19a704f796c550da42d070f3aab5a7fe10f68c278d4395200d,07/25/2025 08:40:00 PM,1,DRIVER,,2015811,,UNKNOWN,MOTORIZED,IL,,UNKNOWN,UNKNOWN/NA,UNKNOWN/NA,UNKNOWN,UNKNOWN/NA,,,1,,,,,,,,,,,,,,,,,Y,UNKNOWN,,,,,,,,,,,,,,,,,,,,,,,,,,,,,,,,,
2114559,cee602c2d5ce8d0ac214f48ccf0b36640bf05191294836dcf2618d9f65c29acef2609f96bebcbc19a704f796c550da42d070f3aab5a7fe10f68c278d4395200d,07/25/2025 08:40:00 PM,2,DRIVERLESS,,2015816,,TOYOTA,AVALON,IL,2008,UNKNOWN,PASSENGER,PERSONAL,UNKNOWN,PARKED,,,0,,,,,,,,,,,,Y,Y,Y,,,,SIDE-LEFT-FRONT,,,,,,,,,,,,,,,,,,,,,,,,,,,,,,,,,
2115180,a782eafcaca15e23779566a710432f9b361062c39a8d274c4996bf1474c0dbac08deba91e6a32fc43d663d6ef742cac2ce787da072c9fd8ad8a4a754f449fd91,07/25/2025 08:37:00 PM,1,DRIVER,,2016419,,UNKNOWN,OTHER (EXPLAIN IN NARRATIVE),,,UNKNOWN,UNKNOWN/NA,UNKNOWN/NA,W,STRAIGHT AHEAD,,,1,,,,,,,,,,,,,,,,Y,N,FRONT,,,,,,,,,,,,,,,,,,,,,,,,,,,,,,,,,
2115181,a782eafcaca15e23779566a710432f9b361062c39a8d274c4996bf1474c0dbac08deba91e6a32fc43d663d6ef742cac2ce787da072c9fd8ad8a4a754f449fd91,07/25/2025 08:37:00 PM,2,DRIVER,,2016427,,SCION,TC,IL,2006,NONE,PASSENGER,PERSONAL,NE,TURNING LEFT,,,1,,,,,,,,,,,,,,,Y,Y,,FRONT-LEFT-CORNER,,,,,,,,,,,,,,,,,,,,,,,,,,,,,,,,,
2114522,c61291bfec36792687f7604f1d88667d4f891a1b8db5c0fe15a2532bbbfb4040fb97ec09fa27312916bd5e00da158bee87c5cc37bdb241fd5a2c86665c6d9770,07/25/2025 08:33:00 PM,1,DRIVER,,2015800,,BMW,OTHER (EXPLAIN IN NARRATIVE),IL,2018,UNKNOWN,SPORT UTILITY VEHICLE (SUV),UNKNOWN/NA,E,STRAIGHT AHEAD,,,1,,,,,,,,,,,,,,,Y,Y,,FRONT,,,,,,,,,,,,,,,,,,,,,,,,,,,,,,,,,
2114523,c61291bfec36792687f7604f1d88667d4f891a1b8db5c0fe15a2532bbbfb4040fb97ec09fa27312916bd5e00da158bee87c5cc37bdb241fd5a2c86665c6d9770,07/25/2025 08:33:00 PM,2,DRIVER,3,2015815,,TOYOTA,RAV4,IL,2022,UNKNOWN,SPORT UTILITY VEHICLE (SUV),UNKNOWN/NA,E,TURNING RIGHT,,,4,,,,,,,,,Y,Y,Y,,,,,,,REAR,,,,,,,,,,,,,,,,,,,,,,,,,,,,,,,,,
2114975,6137b1e1746d4b5551e60d22412678b679306b5bef6abcb829dd30444f5cf1df744693ef2d577a950fa04110e38944c721a9c4766fa3ffd2a63017350922537d,07/25/2025 08:30:00 PM,1,DRIVER,,2016214,N,FORD,SUPER DUTY,IL,2024,NONE,SPORT UTILITY VEHICLE (SUV),COMMERCIAL - SINGLE UNIT,S,UNKNOWN/NA,,,1,,,,,,,,,Y,,,,,,,,,SIDE-RIGHT-REAR,,,,,,,,,,,,,,,,,,,,,,,,,,,,,,,,,
2114520,73fec5be8c9cca98c56594bd7fd57324d766d19588279f3e7fb819a4e1577d3d38168b85894ebf4e558001ddb0b37d1783b4901bb499621c388baa6709936f58,07/25/2025 08:30:00 PM,1,DRIVER,,2015794,,TOYOTA,YARIS,IL,2008,UNKNOWN,PASSENGER,PERSONAL,UNKNOWN,UNKNOWN/NA,,,1,,,,,,,,,,,,,,Y,Y,,,FRONT-LEFT-CORNER,,,,,,,,,,,,,,,,,,,,,,,,,,,,,,,,,
2114521,73fec5be8c9cca98c56594bd7fd57324d766d19588279f3e7fb819a4e1577d3d38168b85894ebf4e558001ddb0b37d1783b4901bb499621c388baa6709936f58,07/25/2025 08:30:00 PM,2,DRIVER,,2015796,,CHRYSLER,PACIFICA,IL,2021,UNKNOWN,VAN/MINI-VAN,PERSONAL,UNKNOWN,UNKNOWN/NA,,,1,,,,,,,Y,Y,,,,,,,,,,SIDE-RIGHT,,,,,,,,,,,,,,,,,,,,,,,,,,,,,,,,,
2117819,049bba2820e99aa372f0a54d19ce6a72648ba061ebd6a36ed612c25c8c588a83a1188a74d3b7e9a9550b546b29c9675792cd8cde2735a967bf0132f9906125be,07/25/2025 08:15:00 PM,1,DRIVER,,2018886,,CHEVROLET,TRAX,IL,2019,UNKNOWN,SPORT UTILITY VEHICLE (SUV),UNKNOWN/NA,E,LEAVING TRAFFIC LANE TO PARK,,,1,,,,,,,,,,,,,,,Y,,,FRONT-LEFT-CORNER,,,,,,,,,,,,,,,,,,,,,,,,,,,,,,,,,
2117820,049bba2820e99aa372f0a54d19ce6a72648ba061ebd6a36ed612c25c8c588a83a1188a74d3b7e9a9550b546b29c9675792cd8cde2735a967bf0132f9906125be,07/25/2025 08:15:00 PM,2,PARKED,,2018888,,HONDA,HR-V,IL,2022,NONE,SPORT UTILITY VEHICLE (SUV),UNKNOWN/NA,E,PARKED,,,0,,,,,Y,,,,,,,,,,,,,FRONT-RIGHT-CORNER,,,,,,,,,,,,,,,,,,,,,,,,,,,,,,,,,
2114850,d0e77647230d5685807ace0ee4d48628c08e3723cf5f540814650f8fb9aede481aefd607ed8f0c454c9ceaf694b31a03972b30e3e7f1c76e9fdf93a2c2911121,07/25/2025 08:15:00 PM,1,PARKED,,2016138,,BMW,528I,IL,2014,UNKNOWN,PASSENGER,NOT IN USE,W,PARKED,,,0,,,,,,,,,,,,,Y,N,,,,SIDE-LEFT-FRONT,,,,,,,,,,,,,,,,,,,,,,,,,,,,,,,,,
2114554,cbc62d53b534995eab787e49353acf98bd694148277d06c63fb4fa9d73df47ed5961038cbe84039fe5d46a444efcdefb452e581c1f94d5b57b9e2834ab91bce0,07/25/2025 08:10:00 PM,1,DRIVER,,2015810,,GENERAL MOTORS CORPORATION (GMC),SIERRA,IL,2006,UNKNOWN,TRUCK - SINGLE UNIT,UNKNOWN/NA,W,STRAIGHT AHEAD,Y,,1,,,,,Y,Y,,,,,,,,,,Y,,FRONT-RIGHT-CORNER,,,,,,,,,,,,,,,,,,,,,,,,,,,,,,,,,
2114555,cbc62d53b534995eab787e49353acf98bd694148277d06c63fb4fa9d73df47ed5961038cbe84039fe5d46a444efcdefb452e581c1f94d5b57b9e2834ab91bce0,07/25/2025 08:10:00 PM,2,DRIVER,,2015813,,CHEVROLET,EXPRESS,IL,2008,UNKNOWN,VAN/MINI-VAN,UNKNOWN/NA,W,SLOW/STOP IN TRAFFIC,,,1,,,,,,,,,,,,,,Y,Y,Y,,FRONT-LEFT-CORNER,,,,,,,,,,,,,,,,,,,,,,,,,,,,,,,,,
2114506,0d2ccd97d28dfe323dabeb849c76efc4e50af1c858ddfe35bca126e5259ff7634d8e99e13a0474e407359c18a87c65a4d4b15c426cb12957ab6e552ecf209de9,07/25/2025 08:09:00 PM,1,DRIVER,2,2015781,,FORD,F450,IL,2022,NONE,TRUCK - SINGLE UNIT,POLICE,E,BACKING,,,3,,,,,,,,,Y,,,,,,,,,REAR-RIGHT-CORNER,,,,,,,,,,,,,,,,,,,,,,,,,,,,,,,,,
2114568,9830c1382fbc82bf9a0109d96d9373eb833e4ee189a01dc693262ec854d4e51f0878c37648f5f40fb513b244c748f5354e29927e494c5f7c026805bcb727fd4f,07/25/2025 08:07:00 PM,1,DRIVER,,2015823,,TOYOTA,CAMRY,IL,2012,UNKNOWN,PASSENGER,PERSONAL,N,BACKING,,,1,,,,,,,,,,,Y,,,,,,N,SIDE-LEFT-REAR,,,,,,,,,,,,,,,,,,,,,,,,,,,,,,,,,
2114569,9830c1382fbc82bf9a0109d96d9373eb833e4ee189a01dc693262ec854d4e51f0878c37648f5f40fb513b244c748f5354e29927e494c5f7c026805bcb727fd4f,07/25/2025 08:07:00 PM,2,PARKED,,2015827,,TESLA,MODEL X,IL,2022,UNKNOWN,PASSENGER,PERSONAL,UNKNOWN,PARKED,,,0,,,,,,,,,,,Y,,,,,,,SIDE-LEFT-REAR,,,,,,,,,,,,,,,,,,,,,,,,,,,,,,,,,
2115595,e5701c487d5b52d6f9d1f4e6173ae030951bf45eed0e039fd649775372c3c044409802ab8f1e74026d1e163931b8e812bf20c2613e7c9a09e0297a7b740ed22d,07/25/2025 08:05:00 PM,1,DRIVER,,2016822,,HYUNDAI,OTHER (EXPLAIN IN NARRATIVE),IL,,UNKNOWN,PASSENGER,UNKNOWN/NA,S,TURNING LEFT,,,1,,,,,Y,,,,,,,,,,Y,Y,,FRONT,,,,,,,,,,,,,,,,,,,,,,,,,,,,,,,,,
2115596,e5701c487d5b52d6f9d1f4e6173ae030951bf45eed0e039fd649775372c3c044409802ab8f1e74026d1e163931b8e812bf20c2613e7c9a09e0297a7b740ed22d,07/25/2025 08:05:00 PM,2,DRIVER,,2016820,,HONDA,INSIGHT,CA,2019,UNKNOWN,PASSENGER,PERSONAL,N,STRAIGHT AHEAD,,,1,,,,,,,,,,,,Y,Y,Y,,,,SIDE-LEFT,,,,,,,,,,,,,,,,,,,,,,,,,,,,,,,,,
2114758,666b017a807c048017380f0fbfe2d56d8e5b186d35b3cd5491c4954cd9c367c2debd92978ef0135bd05a3f7fd14dbbfe63bd788e4988b6141f8d007ea843865f,07/25/2025 08:01:00 PM,1,DRIVER,,2016016,,UNKNOWN,OTHER (EXPLAIN IN NARRATIVE),IL,,UNKNOWN,UNKNOWN/NA,UNKNOWN/NA,UNKNOWN,UNKNOWN/NA,,,1,,,,,,,,,,,,,,,,,Y,UNKNOWN,,,,,,,,,,,,,,,,,,,,,,,,,,,,,,,,,
2114759,666b017a807c048017380f0fbfe2d56d8e5b186d35b3cd5491c4954cd9c367c2debd92978ef0135bd05a3f7fd14dbbfe63bd788e4988b6141f8d007ea843865f,07/25/2025 08:01:00 PM,2,PARKED,,2016017,,HONDA,ACCORD,IL,2016,UNKNOWN,PASSENGER,PERSONAL,E,PARKED,,,0,,,,,,,,,,Y,Y,Y,,,,,,REAR-LEFT-CORNER,,,,,,,,,,,,,,,,,,,,,,,,,,,,,,,,,
2114764,11fed70cb787506664c30ce3a23fbff33f1a328af7512a0b33d459938769ae25cde147fcc19a00a7cd311ba077571d5d600786d831a9901704fddfa674d716f5,07/25/2025 08:00:00 PM,1,DRIVER,,2016030,,UNKNOWN,OTHER (EXPLAIN IN NARRATIVE),,,UNKNOWN,UNKNOWN/NA,UNKNOWN/NA,W,UNKNOWN/NA,,,1,,,,,,,,,,,,,,,,,,UNKNOWN,,,,,,,,,,,,,,,,,,,,,,,,,,,,,,,,,
2114770,11fed70cb787506664c30ce3a23fbff33f1a328af7512a0b33d459938769ae25cde147fcc19a00a7cd311ba077571d5d600786d831a9901704fddfa674d716f5,07/25/2025 08:00:00 PM,2,PARKED,,2016023,,CHEVROLET,EQUINOX,IL,2020,NONE,PASSENGER,PERSONAL,W,PARKED,,,0,,,,,Y,Y,,,,,,,,,,,,FRONT-RIGHT-CORNER,,,,,,,,,,,,,,,,,,,,,,,,,,,,,,,,,
2114493,e30123a194922634e00270b569842256c199f2327403c801db90866c3b58ac292057793ab11094cb62e180aa7fa96a3198deb0c125a5fc7ad7256ecfb3f2708c,07/25/2025 07:52:00 PM,1,DRIVER,,2015776,,CHEVROLET,MALIBU,IL,2018,UNKNOWN,PASSENGER,PERSONAL,N,CHANGING LANES,Y,,1,,,,,,,,,,,,,Y,Y,Y,,,FRONT-RIGHT-CORNER,,,,,,,,,,,,,,,,,,,,,,,,,,,,,,,,,
2114494,e30123a194922634e00270b569842256c199f2327403c801db90866c3b58ac292057793ab11094cb62e180aa7fa96a3198deb0c125a5fc7ad7256ecfb3f2708c,07/25/2025 07:52:00 PM,2,DRIVER,,2015782,,HYUNDAI,ELANTRA,IL,2024,UNKNOWN,PASSENGER,PERSONAL,N,STRAIGHT AHEAD,,,1,,,,,,,,,,,,,,,Y,Y,,FRONT-LEFT-CORNER,,,,,,,,,,,,,,,,,,,,,,,,,,,,,,,,,
2114488,86ec85f7da452a27fc1e8d63da2e9e1ad19e8bcaa66647ecfc1203c66ad852a70598c493dcdf0cee7079ca1b0522f35fb3286671c9bd2ab6061e485ecd359afd,07/25/2025 07:50:00 PM,1,DRIVER,3,2015763,,CHEVROLET,TAHOE,IL,2004,UNKNOWN,PASSENGER,PERSONAL,E,STRAIGHT AHEAD,,,4,,,,,Y,Y,Y,Y,Y,,,,,,,,,REAR-RIGHT-CORNER,,,,,,,,,,,,,,,,,,,,,,,,,,,,,,,,,
2114489,86ec85f7da452a27fc1e8d63da2e9e1ad19e8bcaa66647ecfc1203c66ad852a70598c493dcdf0cee7079ca1b0522f35fb3286671c9bd2ab6061e485ecd359afd,07/25/2025 07:50:00 PM,2,DRIVER,,2015771,,NISSAN,ROGUE,IL,2021,UNKNOWN,PASSENGER,PERSONAL,N,TURNING LEFT,,,1,,,,,Y,Y,,,,,,,,Y,Y,Y,,FRONT,,,,,,,,,,,,,,,,,,,,,,,,,,,,,,,,,
2114499,3702b1fac2ffd1df9282635538aa4dcbf5b2b3454c3b62264ea105f5551c04a7c4ce783192206d461c1c8762aa7c04a4df2f74912f4f0dba765686fded699b23,07/25/2025 07:30:00 PM,1,DRIVER,,2015773,,TOYOTA,CAMRY,IL,2015,NONE,PASSENGER,TAXI/FOR HIRE,W,STRAIGHT AHEAD,Y,,1,,PRIVATE TOW,,,Y,,,,,,,,,,Y,Y,,FRONT,,,,,,,,,,,,,,,,,,,,,,,,,,,,,,,,,
2114500,3702b1fac2ffd1df9282635538aa4dcbf5b2b3454c3b62264ea105f5551c04a7c4ce783192206d461c1c8762aa7c04a4df2f74912f4f0dba765686fded699b23,07/25/2025 07:30:00 PM,2,DRIVER,,2015775,,TOYOTA,PRIUS,IL,2016,NONE,PASSENGER,PERSONAL,E,TURNING LEFT,Y,,1,,PERSONAL TOW,,,Y,Y,Y,Y,Y,,,,,,,,,SIDE-RIGHT,,,,,,,,,,,,,,,,,,,,,,,,,,,,,,,,,
2114483,8d7d58a0a404db1a46e1fdf917a37907847baded5863198b02adfc166a7eef1e7cea977aa709706e36457c2ed2f54384d96619f4ea3d1fd62f371e2cdc644c05,07/25/2025 07:30:00 PM,1,DRIVER,,2015757,,BMW,X3,IL,2014,NONE,PASSENGER,PERSONAL,UNKNOWN,STRAIGHT AHEAD,,,1,,,,,Y,,,,,,,,,,Y,Y,,FRONT,,,,,,,,,,,,,,,,,,,,,,,,,,,,,,,,,
2114484,8d7d58a0a404db1a46e1fdf917a37907847baded5863198b02adfc166a7eef1e7cea977aa709706e36457c2ed2f54384d96619f4ea3d1fd62f371e2cdc644c05,07/25/2025 07:30:00 PM,2,DRIVER,,2015761,,BMW,X5,IL,2019,NONE,PASSENGER,PERSONAL,UNKNOWN,STRAIGHT AHEAD,,,1,,,,,,,,,Y,Y,Y,,,,,,,REAR,,,,,,,,,,,,,,,,,,,,,,,,,,,,,,,,,
2114501,0793c5e1ce79d30fb4fce91f8e08d644e2b8e43ab47eef1405c3e984b1bcb7329c7fbac6a7f8ec50dd9297a6bf6d87a65f09880c1a425526436032cdab5dd462,07/25/2025 07:28:00 PM,1,DRIVER,,2015777,,TOYOTA,OTHER (EXPLAIN IN NARRATIVE),IL,2011,UNKNOWN,PASSENGER,UNKNOWN/NA,E,U-TURN,,,1,,,,,,,,,,,,,,Y,Y,,,FRONT-LEFT-CORNER,,,,,,,,,,,,,,,,,,,,,,,,,,,,,,,,,
2114502,0793c5e1ce79d30fb4fce91f8e08d644e2b8e43ab47eef1405c3e984b1bcb7329c7fbac6a7f8ec50dd9297a6bf6d87a65f09880c1a425526436032cdab5dd462,07/25/2025 07:28:00 PM,2,DRIVER,,2015779,,MERCEDES-BENZ,OTHER (EXPLAIN IN NARRATIVE),IL,2011,UNKNOWN,PASSENGER,PERSONAL,W,STRAIGHT AHEAD,,,1,,,,,,,,Y,Y,,,,,,,,,REAR-RIGHT-CORNER,,,,,,,,,,,,,,,,,,,,,,,,,,,,,,,,,
2114469,0e43dddc7141bbf591338570e1a757745f34357ec4389d25bc2ea9e5670ca7d9039b8179370db81254aeecda9b3afe67d6731e821ca5ac801103825be0d9a57e,07/25/2025 07:21:00 PM,1,DRIVER,2,2015740,,JEEP,CHEROKEE,IL,2020,NONE,PASSENGER,PERSONAL,N,STRAIGHT AHEAD,,,3,,,,,Y,Y,Y,Y,,,,,,,,,,SIDE-RIGHT,,,,,,,,,,,,,,,,,,,,,,,,,,,,,,,,,