CRASH_UNIT_ID,CRASH_RECORD_ID,CRASH_DATE,UNIT_NO,UNIT_TYPE,NUM_PASSENGERS,VEHICLE_ID,CMRC_VEH_I,MAKE,MODEL,LIC_PLATE_STATE,VEHICLE_YEAR,VEHICLE_DEFECT,VEHICLE_TYPE,VEHICLE_USE,TRAVEL_DIRECTION,MANEUVER,TOWED_I,FIRE_I,OCCUPANT_CNT,EXCEED_SPEED_LIMIT_I,TOWED_BY,TOWED_TO,AREA_00_I,AREA_01_I,AREA_02_I,AREA_03_I,AREA_04_I,AREA_05_I,AREA_06_I,AREA_07_I,AREA_08_I,AREA_09_I,AREA_10_I,AREA_11_I,AREA_12_I,AREA_99_I,FIRST_CONTACT_POINT,CMV_ID,USDOT_NO,CCMC_NO,ILCC_NO,COMMERCIAL_SRC,GVWR,CARRIER_NAME,CARRIER_STATE,CARRIER_CITY,HAZMAT_PLACARDS_I,HAZMAT_NAME,UN_NO,HAZMAT_PRESENT_I,HAZMAT_REPORT_I,HAZMAT_REPORT_NO,MCS_REPORT_I,MCS_REPORT_NO,HAZMAT_VIO_CAUSE_CRASH_I,MCS_VIO_CAUSE_CRASH_I,IDOT_PERMIT_NO,WIDE_LOAD_I,TRAILER1_WIDTH,TRAILER2_WIDTH,TRAILER1_LENGTH,TRAILER2_LENGTH,TOTAL_VEHICLE_LENGTH,AXLE_CNT,VEHICLE_CONFIG,CARGO_BODY_TYPE,LOAD_TYPE,HAZMAT_OUT_OF_SERVICE_I,MCS_OUT_OF_SERVICE_I,HAZMAT_CLASS
2114470,0e43dddc7141bbf591338570e1a757745f34357ec4389d25bc2ea9e5670ca7d9039b8179370db81254aeecda9b3afe67d6731e821ca5ac801103825be0d9a57e,07/25/2025 07:21:00 PM,2,DRIVER,,2015749,,HONDA,CIVIC,IL,2008,NONE,PASSENGER,PERSONAL,N,STRAIGHT AHEAD,,,1,,,,,,,,,,,,,N,Y,Y,,,FRONT-LEFT-CORNER,,,,,,,,,,,,,,,,,,,,,,,,,,,,,,,,,
2114461,b96179ea97ead364519d3cd46abcd89b56354a9caaa7ded1aa0d4179defee639428dff0af6895f44d2890d71a61e34a63aa2a6be5133bfda280929579d9c1b8f,07/25/2025 07:15:00 PM,1,DRIVER,,2015738,,TOYOTA,PRIUS,IL,2010,UNKNOWN,PASSENGER,PERSONAL,UNKNOWN,CHANGING LANES,,,1,,,,,,,,Y,Y,,,,,,,,,SIDE-RIGHT-REAR,,,,,,,,,,,,,,,,,,,,,,,,,,,,,,,,,
2114462,b96179ea97ead364519d3cd46abcd89b56354a9caaa7ded1aa0d4179defee639428dff0af6895f44d2890d71a61e34a63aa2a6be5133bfda280929579d9c1b8f,07/25/2025 07:15:00 PM,2,DRIVER,,2015755,,TOYOTA,YARIS,IL,2017,UNKNOWN,PASSENGER,PERSONAL,UNKNOWN,STRAIGHT AHEAD,,,1,,,,,,,,,,,,,,Y,Y,,,FRONT-LEFT-CORNER,,,,,,,,,,,,,,,,,,,,,,,,,,,,,,,,,
2114504,0646c2542e2a54942543e85dc474e99c1d8916701d37ac2ce2d69255afe58b6d2432ad06ccf4d063acfa76d8092ac1d17f91d852e024c0c5f1a3af8416c2d6e4,07/25/2025 07:00:00 PM,1,DRIVER,,2015778,,TOYOTA,COROLLA,,,UNKNOWN,PASSENGER,UNKNOWN/NA,N,UNKNOWN/NA,,,1,,,,,,,,,,,,,,,Y,,,FRONT-LEFT-CORNER,,,,,,,,,,,,,,,,,,,,,,,,,,,,,,,,,
2114505,0646c2542e2a54942543e85dc474e99c1d8916701d37ac2ce2d69255afe58b6d2432ad06ccf4d063acfa76d8092ac1d17f91d852e024c0c5f1a3af8416c2d6e4,07/25/2025 07:00:00 PM,2,DRIVER,,2015780,,TOYOTA,PRIUS,,,UNKNOWN,PASSENGER,PERSONAL,N,SLOW/STOP IN TRAFFIC,,,1,,,,,,,,Y,Y,,,,,,,,,REAR-RIGHT-CORNER,,,,,,,,,,,,,,,,,,,,,,,,,,,,,,,,,
2116879,10706c80dda15e4e843d246d7680bd3257dee02493e25e3b0862134b828fe716e346a3bf6c945415599b29f085b624c85d6862bf3e9486d17bbd07793cb54b30,07/25/2025 07:00:00 PM,1,DRIVER,,2018026,,CHEVROLET,EXPRESS,IL,2015,NONE,VAN/MINI-VAN,OTHER,S,STRAIGHT AHEAD,,,1,,,,,Y,,,,,,,,,,Y,Y,,FRONT,,,,,,,,,,,,,,,,,,,,,,,,,,,,,,,,,
2116880,10706c80dda15e4e843d246d7680bd3257dee02493e25e3b0862134b828fe716e346a3bf6c945415599b29f085b624c85d6862bf3e9486d17bbd07793cb54b30,07/25/2025 07:00:00 PM,2,DRIVER,2,2018027,,NISSAN,SENTRA,IL,2010,NONE,PASSENGER,PERSONAL,S,STRAIGHT AHEAD,,,3,,,,,,,,,Y,Y,Y,,,,,,,REAR,,,,,,,,,,,,,,,,,,,,,,,,,,,,,,,,,
2114495,36e98808035dc60458ea2d7466b0bede2eb478d76dfca782e3c378efb0fcfb77b1a93eee35e77057606f14dd9fa56b7f0ca8e87b45161d919fb2018cf79165ac,07/25/2025 07:00:00 PM,1,DRIVER,2,2015774,,HYUNDAI,SONATA,WI,2015,NONE,PASSENGER,PERSONAL,S,TURNING LEFT,,,3,,,,,,,Y,Y,,,,,,,,,,REAR-RIGHT-CORNER,,,,,,,,,,,,,,,,,,,,,,,,,,,,,,,,,
2114496,36e98808035dc60458ea2d7466b0bede2eb478d76dfca782e3c378efb0fcfb77b1a93eee35e77057606f14dd9fa56b7f0ca8e87b45161d919fb2018cf79165ac,07/25/2025 07:00:00 PM,2,BICYCLE,,,,,,,,,,,,,,,,,,,,,,,,,,,,,,,,,,,,,,,,,,,,,,,,,,,,,,,,,,,,,,,,,,
2114467,3cba68c9ad3b822626f9a55b17b1c14d7c07a2b025178b73759f4f5f8ca5f7ee6c0a7a865676988a5db41615497acd937a385963b5366c5c968ce702681a180a,07/25/2025 07:00:00 PM,1,DRIVER,,2015736,,UNKNOWN,OTHER (EXPLAIN IN NARRATIVE),,,UNKNOWN,PASSENGER,UNKNOWN/NA,S,PASSING/OVERTAKING,,,1,,,,,,,,,,,,,,,,,,UNKNOWN,,,,,,,,,,,,,,,,,,,,,,,,,,,,,,,,,
2114468,3cba68c9ad3b822626f9a55b17b1c14d7c07a2b025178b73759f4f5f8ca5f7ee6c0a7a865676988a5db41615497acd937a385963b5366c5c968ce702681a180a,07/25/2025 07:00:00 PM,2,DRIVER,3,2015743,,TESLA,MODEL X,IL,2018,NONE,SPORT UTILITY VEHICLE (SUV),RIDESHARE SERVICE,S,STRAIGHT AHEAD,,,4,,,,,,,,,,,,,,,,,,REAR-RIGHT-CORNER,,,,,,,,,,,,,,,,,,,,,,,,,,,,,,,,,
2116689,862e2f1011198f48cc18894f63fef921970c254864a5a0439e3a7e9d6ee74aa1b3a8b1632fa6dc05ed932d6faf8e9a0ff47144c0a286466acacbc38d009111d3,07/25/2025 07:00:00 PM,1,DRIVER,,2017857,,TOYOTA,COROLLA,IL,2014,UNKNOWN,PASSENGER,PERSONAL,W,STRAIGHT AHEAD,,,1,,,,,Y,,,,,,,,,,Y,Y,,FRONT,,,,,,,,,,,,,,,,,,,,,,,,,,,,,,,,,
2116690,862e2f1011198f48cc18894f63fef921970c254864a5a0439e3a7e9d6ee74aa1b3a8b1632fa6dc05ed932d6faf8e9a0ff47144c0a286466acacbc38d009111d3,07/25/2025 07:00:00 PM,2,DRIVER,,2017859,,NISSAN,MURANO,IL,2016,NONE,SPORT UTILITY VEHICLE (SUV),PERSONAL,W,SLOW/STOP IN TRAFFIC,,,1,,,,,,,,,Y,Y,Y,,,,,,,REAR,,,,,,,,,,,,,,,,,,,,,,,,,,,,,,,,,
2114485,dd09aaa5a05e367266928d806370d4ecba073693b6f513ee3cd82d53193c8f3bab9700e221b743fca6ecf36684b79b5ca9d83bc3f163cc6fcb3d177af704fcdb,07/25/2025 06:59:00 PM,1,DRIVER,,2015760,,HYUNDAI,SONATA,IL,2021,NONE,PASSENGER,PERSONAL,E,MERGING,,,1,,,,,,,,,,,,,Y,Y,Y,,,FRONT-LEFT-CORNER,,,,,,,,,,,,,,,,,,,,,,,,,,,,,,,,,
2114492,dd09aaa5a05e367266928d806370d4ecba073693b6f513ee3cd82d53193c8f3bab9700e221b743fca6ecf36684b79b5ca9d83bc3f163cc6fcb3d177af704fcdb,07/25/2025 06:59:00 PM,2,BICYCLE,,,,,,,,,,,,,,,,,,,,,,,,,,,,,,,,,,,,,,,,,,,,,,,,,,,,,,,,,,,,,,,,,,
2114970,3be1b0235507805634153b2b780832f00af5fadf61c0cb115c4e5327ccd473cab22e7d06fb7710efc2db22bb986c075998cacb275b5b82632a3e80f2196b4216,07/25/2025 06:50:00 PM,1,DRIVER,,2016215,,CHEVROLET,OTHER (EXPLAIN IN NARRATIVE),IL,2021,UNKNOWN,PASSENGER,PERSONAL,W,STRAIGHT AHEAD,,,1,,,,,Y,,,,N,N,N,,,,Y,Y,,FRONT,,,,,,,,,,,,,,,,,,,,,,,,,,,,,,,,,
2114971,3be1b0235507805634153b2b780832f00af5fadf61c0cb115c4e5327ccd473cab22e7d06fb7710efc2db22bb986c075998cacb275b5b82632a3e80f2196b4216,07/25/2025 06:50:00 PM,2,DRIVER,1,2016225,,LEXUS,RX350,IL,2015,NONE,PASSENGER,PERSONAL,W,OTHER,,,2,,,,,,,,,Y,Y,Y,,,,,,,REAR,,,,,,,,,,,,,,,,,,,,,,,,,,,,,,,,,
2114451,1076fe612756f2fc3cb65c0a6476e0d0fc662bfb931ddac94eff70775989f2332359c5c0375b3cccd403443a0f94c1b730201a1972abe423bbe5e9b9db92c9d9,07/25/2025 06:40:00 PM,1,DRIVER,,2015725,,HONDA,CR-V,IL,2019,NONE,PASSENGER,PERSONAL,UNKNOWN,STRAIGHT AHEAD,,,1,,,,,Y,Y,,N,N,,,,,,,,,FRONT-RIGHT-CORNER,,,,,,,,,,,,,,,,,,,,,,,,,,,,,,,,,
2114452,1076fe612756f2fc3cb65c0a6476e0d0fc662bfb931ddac94eff70775989f2332359c5c0375b3cccd403443a0f94c1b730201a1972abe423bbe5e9b9db92c9d9,07/25/2025 06:40:00 PM,2,DRIVER,1,2015735,,VOLKSWAGEN,JETTA,IL,2015,NONE,PASSENGER,PERSONAL,N,STRAIGHT AHEAD,,,2,,,,,Y,Y,Y,,,,,,,,,,,FRONT-RIGHT-CORNER,,,,,,,,,,,,,,,,,,,,,,,,,,,,,,,,,
2114460,f62f897ebf54771412d04a126a96085be562e1e9f8ddb08c940a8b1d87d70578c7196c8d4630150dd861459234d20d0a9324b5aeff1a4926d9c61e2c92db2d4e,07/25/2025 06:40:00 PM,1,DRIVER,2,2015772,,MERCEDES-BENZ,GLS,IL,2025,NONE,PASSENGER,PERSONAL,N,STRAIGHT AHEAD,,,3,,,,,Y,,,,,,,,,,Y,Y,,FRONT,,,,,,,,,,,,,,,,,,,,,,,,,,,,,,,,,
2121406,e339dc4064744bd6c6c373d4b905ff69dfd55e93657dcb141011d4335fcc84c9f59164b907abc0abf340e613973eb9c985d06bfab63fbe83ae6476eb5259abb3,07/25/2025 06:33:00 PM,1,DRIVER,,2022343,,JEEP,RENEGADE,IL,2018,NONE,PASSENGER,UNKNOWN/NA,S,STRAIGHT AHEAD,,,1,,,,,Y,,,,,,,,,,,Y,,FRONT-RIGHT-CORNER,,,,,,,,,,,,,,,,,,,,,,,,,,,,,,,,,
2121407,e339dc4064744bd6c6c373d4b905ff69dfd55e93657dcb141011d4335fcc84c9f59164b907abc0abf340e613973eb9c985d06bfab63fbe83ae6476eb5259abb3,07/25/2025 06:33:00 PM,2,DRIVER,,2022344,,MERCEDES-BENZ,220 SERIES,IL,2020,UNKNOWN,PASSENGER,PERSONAL,S,PASSING/OVERTAKING,,,1,,,,,,,,,,Y,Y,Y,,,,,,SIDE-LEFT-REAR,,,,,,,,,,,,,,,,,,,,,,,,,,,,,,,,,
2114814,01d373b134ae4d008cf89f7bceac8ad5b4ec6ffce56256a6b04e3a77534735a5de81da260e7ae6bc4b151352042b70f90e148648ba2021cb50c8d334f6c9b408,07/25/2025 06:30:00 PM,1,DRIVER,,2016069,,UNKNOWN,ENCLOSED BODY,,,NONE,PASSENGER,PERSONAL,N,STRAIGHT AHEAD,,,1,,,,,,,,,,,,,,,,,Y,UNKNOWN,,,,,,,,,,,,,,,,,,,,,,,,,,,,,,,,,
2114815,01d373b134ae4d008cf89f7bceac8ad5b4ec6ffce56256a6b04e3a77534735a5de81da260e7ae6bc4b151352042b70f90e148648ba2021cb50c8d334f6c9b408,07/25/2025 06:30:00 PM,2,DRIVER,1,2016074,,KIA,OTHER (EXPLAIN IN NARRATIVE),IL,2025,NONE,PASSENGER,NOT IN USE,N,STRAIGHT AHEAD,,,2,,,,,,,,,,Y,,,,,,,,REAR,,,,,,,,,,,,,,,,,,,,,,,,,,,,,,,,,
2114458,3099d614f8185b25992bfc4e1459769078f662b56f78b8260374de7cbc16e3eb2f877091b7d1bb9121ef7bb329b93e41717b0fe2d9a0f733bf5686855f228c71,07/25/2025 06:30:00 PM,1,DRIVER,,2015727,,VOLKSWAGEN,OTHER (EXPLAIN IN NARRATIVE),IL,2015,UNKNOWN,PASSENGER,UNKNOWN/NA,N,TURNING LEFT,,,1,,,,,Y,Y,,,,,,,,,,,,FRONT-RIGHT-CORNER,,,,,,,,,,,,,,,,,,,,,,,,,,,,,,,,,
2114459,3099d614f8185b25992bfc4e1459769078f662b56f78b8260374de7cbc16e3eb2f877091b7d1bb9121ef7bb329b93e41717b0fe2d9a0f733bf5686855f228c71,07/25/2025 06:30:00 PM,2,DRIVER,,2015733,,HONDA,CR-V,IL,2019,NONE,SPORT UTILITY VEHICLE (SUV),PERSONAL,W,STRAIGHT AHEAD,,,1,,,,,,,,,,,Y,Y,,,,,,REAR-LEFT-CORNER,,,,,,,,,,,,,,,,,,,,,,,,,,,,,,,,,
2114781,5b7970d54676c2a8f74ab9d4f65aadd68c0fb1736f5e863eaa24823e6ebadacec948e9d2ddaffd71e48a22142b84ff55ecd5331acd53653d96d636bf91e24758,07/25/2025 06:30:00 PM,1,DRIVER,2,2016038,,SUBARU,ASCENT,,2022,UNKNOWN,PASSENGER,UNKNOWN/NA,S,ENTERING TRAFFIC LANE FROM PARKING,,,3,,,,,,,,,,,,,,,,,Y,SIDE-LEFT,,,,,,,,,,,,,,,,,,,,,,,,,,,,,,,,,
2114782,5b7970d54676c2a8f74ab9d4f65aadd68c0fb1736f5e863eaa24823e6ebadacec948e9d2ddaffd71e48a22142b84ff55ecd5331acd53653d96d636bf91e24758,07/25/2025 06:30:00 PM,2,DRIVER,2,2016042,,TOYOTA,RAV4,IL,2022,NONE,SPORT UTILITY VEHICLE (SUV),OTHER,S,STRAIGHT AHEAD,,,3,,,,,,,Y,Y,,,,,,,,,,SIDE-RIGHT,,,,,,,,,,,,,,,,,,,,,,,,,,,,,,,,,
2114465,a383daccb44be99303f7b0a494988ea3166eff6a4c57fbcc8d653f24d5d57977a337e3a7131cb5f5cc87d3f2fd93ed024b3a2395fb42eb171a0bb348650e2f9b,07/25/2025 06:30:00 PM,1,DRIVER,,2015734,,LINCOLN,OTHER (EXPLAIN IN NARRATIVE),,,UNKNOWN,PASSENGER,UNKNOWN/NA,SW,STRAIGHT AHEAD,,,1,,,,,Y,,,,,,,,,,Y,Y,,FRONT,,,,,,,,,,,,,,,,,,,,,,,,,,,,,,,,,
2114466,a383daccb44be99303f7b0a494988ea3166eff6a4c57fbcc8d653f24d5d57977a337e3a7131cb5f5cc87d3f2fd93ed024b3a2395fb42eb171a0bb348650e2f9b,07/25/2025 06:30:00 PM,2,DRIVER,,2015744,,TOYOTA,RAV4,IL,2019,UNKNOWN,SPORT UTILITY VEHICLE (SUV),UNKNOWN/NA,N,TURNING LEFT,,,1,,,,,,,,,Y,,,,,,,,,REAR-RIGHT-CORNER,,,,,,,,,,,,,,,,,,,,,,,,,,,,,,,,,
2114479,d1c9e1ebb9c3560d1e9a92562bf685d4ef04323afd4d374ed823a3b575db74cf38c2a15c8b180924c954a7c7ddf5d684b6a396be6005b72eea09a5911d866f33,07/25/2025 06:28:00 PM,1,DRIVER,,2015753,,TOYOTA,PRIUS,IL,2012,UNKNOWN,PASSENGER,PERSONAL,UNKNOWN,UNKNOWN/NA,,,1,,,,,,,,,,,Y,Y,Y,,,,,SIDE-LEFT,,,,,,,,,,,,,,,,,,,,,,,,,,,,,,,,,
2114480,d1c9e1ebb9c3560d1e9a92562bf685d4ef04323afd4d374ed823a3b575db74cf38c2a15c8b180924c954a7c7ddf5d684b6a396be6005b72eea09a5911d866f33,07/25/2025 06:28:00 PM,2,DRIVER,,2015758,,KIA,FORTE,IL,2024,UNKNOWN,PASSENGER,PERSONAL,UNKNOWN,UNKNOWN/NA,,,1,,,,,Y,Y,Y,Y,Y,Y,Y,,,,,,,SIDE-RIGHT,,,,,,,,,,,,,,,,,,,,,,,,,,,,,,,,,
2114456,650a878321720437b4db5b9bd6b28a3f7c7d8a8da38842e65f3c25c26b211167d3a28219d8f80aa4c48fc69ddc69c29f3bae511edc40264c00c549c93408292a,07/25/2025 06:22:00 PM,1,DRIVER,,2015728,,HONDA,RIDGELINE,IL,2006,NONE,PASSENGER,PERSONAL,W,STRAIGHT AHEAD,,,1,,,,,Y,,,,,,,,,,Y,Y,,FRONT,,,,,,,,,,,,,,,,,,,,,,,,,,,,,,,,,
2114457,650a878321720437b4db5b9bd6b28a3f7c7d8a8da38842e65f3c25c26b211167d3a28219d8f80aa4c48fc69ddc69c29f3bae511edc40264c00c549c93408292a,07/25/2025 06:22:00 PM,2,DRIVER,,2015731,,JEEP,CHEROKEE,IL,,NONE,PASSENGER,PERSONAL,W,STRAIGHT AHEAD,,,1,,,,,,,,,,Y,,,,,,,,REAR,,,,,,,,,,,,,,,,,,,,,,,,,,,,,,,,,
2114552,3428b60f80d0a999b914cfead15f47276a5e31308fddbc3e952f0cbde4d50e013a40f16ce465504174ca81ef49399e34374dcd5241eeb501eedecf12d462a025,07/25/2025 06:20:00 PM,1,DRIVER,,2015802,,UNKNOWN,OTHER (EXPLAIN IN NARRATIVE),IL,,UNKNOWN,UNKNOWN/NA,UNKNOWN/NA,UNKNOWN,UNKNOWN/NA,,,1,,,,,,,,,,,,,,,,,,UNKNOWN,,,,,,,,,,,,,,,,,,,,,,,,,,,,,,,,,
2114553,3428b60f80d0a999b914cfead15f47276a5e31308fddbc3e952f0cbde4d50e013a40f16ce465504174ca81ef49399e34374dcd5241eeb501eedecf12d462a025,07/25/2025 06:20:00 PM,2,PARKED,,2015806,,HONDA,CIVIC,IL,2014,UNKNOWN,PASSENGER,PERSONAL,N,PARKED,,,0,,,,,,,,,,,,,,Y,Y,,,FRONT-LEFT-CORNER,,,,,,,,,,,,,,,,,,,,,,,,,,,,,,,,,
2114411,117176e146389ec643a48fef63fbd76cf0e299c3ab332985e54e8378c24026fe7d2577849d98e1aff257c8a96efa846e8dd264bc57bcba492c5a10e0a622c083,07/25/2025 06:15:00 PM,1,DRIVER,,2015684,,HYUNDAI,SANTA FE,IL,2007,UNKNOWN,PASSENGER,PERSONAL,N,STRAIGHT AHEAD,,,1,,,,,,Y,,,,,,,,,,,,FRONT-RIGHT-CORNER,,,,,,,,,,,,,,,,,,,,,,,,,,,,,,,,,
2114412,117176e146389ec643a48fef63fbd76cf0e299c3ab332985e54e8378c24026fe7d2577849d98e1aff257c8a96efa846e8dd264bc57bcba492c5a10e0a622c083,07/25/2025 06:15:00 PM,2,PARKED,1,2015686,,FORD,TRANSIT,IL,2020,UNKNOWN,VAN/MINI-VAN,OTHER,N,PARKED,,,1,,,,,,,,,,,,Y,,,,,,SIDE-LEFT-REAR,,,,,,,,,,,,,,,,,,,,,,,,,,,,,,,,,
2114477,47953378a0ccc5398a98b8cbe51f7ef9889638387ad4e986830a07435e00432d85aeeaa16391a1425305df8f1b397044365b7451b107a0e181fa72a53550479c,07/25/2025 06:15:00 PM,1,DRIVER,,2015748,,UNKNOWN,OTHER (EXPLAIN IN NARRATIVE),,,UNKNOWN,UNKNOWN/NA,UNKNOWN/NA,UNKNOWN,UNKNOWN/NA,,,1,,,,,,,,,,,,,,,,,Y,UNKNOWN,,,,,,,,,,,,,,,,,,,,,,,,,,,,,,,,,
2114478,47953378a0ccc5398a98b8cbe51f7ef9889638387ad4e986830a07435e00432d85aeeaa16391a1425305df8f1b397044365b7451b107a0e181fa72a53550479c,07/25/2025 06:15:00 PM,2,PARKED,,2015752,,HONDA,CIVIC,IL,2024,UNKNOWN,PASSENGER,NOT IN USE,W,PARKED,,,0,,,,,,,,,,,Y,,,,,,,REAR-LEFT-CORNER,,,,,,,,,,,,,,,,,,,,,,,,,,,,,,,,,
2114463,8599db7eeadee183e64d460f55213a1977ffd28eab4fa2311d97a4e6cf7ebb759c059b566c23e8c151626e982a1bb564c4a15047ced248f51d4e07088c7fa6d2,07/25/2025 06:15:00 PM,1,DRIVER,1,2015732,,FORD,EXPLORER,IL,2023,NONE,PASSENGER,POLICE,N,STRAIGHT AHEAD,,,2,,,,,,Y,,,,,,,,,,,,FRONT-RIGHT-CORNER,,,,,,,,,,,,,,,,,,,,,,,,,,,,,,,,,
2114464,8599db7eeadee183e64d460f55213a1977ffd28eab4fa2311d97a4e6cf7ebb759c059b566c23e8c151626e982a1bb564c4a15047ced248f51d4e07088c7fa6d2,07/25/2025 06:15:00 PM,2,DRIVER,,2015737,,UNKNOWN,OTHER (EXPLAIN IN NARRATIVE),,,UNKNOWN,UNKNOWN/NA,UNKNOWN/NA,N,STRAIGHT AHEAD,,,1,,,,,,,,,,,,,,,,,Y,UNKNOWN,,,,,,,,,,,,,,,,,,,,,,,,,,,,,,,,,
2114437,39e408f6da73afe9b984d14ddabc369cf03e972ec2a215c860064282bf50e42de7a58d6579be0d27b150635355e20c0e939a5145d6e6a72bcf16f46ff8b0efe7,07/25/2025 06:12:00 PM,1,DRIVER,1,2015718,,TOYOTA,COROLLA,IL,2010,UNKNOWN,PASSENGER,RIDESHARE SERVICE,S,STRAIGHT AHEAD,Y,,2,,PROVATE TOW,,,Y,,,,,,,,,,Y,Y,,FRONT,,,,,,,,,,,,,,,,,,,,,,,,,,,,,,,,,
2114438,39e408f6da73afe9b984d14ddabc369cf03e972ec2a215c860064282bf50e42de7a58d6579be0d27b150635355e20c0e939a5145d6e6a72bcf16f46ff8b0efe7,07/25/2025 06:12:00 PM,2,DRIVER,,2015722,,MAZDA,OTHER (EXPLAIN IN NARRATIVE),IL,2017,NONE,PASSENGER,PERSONAL,W,TURNING LEFT,Y,,1,,PROVATE TOW,,,Y,Y,Y,Y,Y,,,,,,,Y,,SIDE-RIGHT,,,,,,,,,,,,,,,,,,,,,,,,,,,,,,,,,
2118402,a46b53d59640694cd53a191371922310440849412837d9f82dd4929652b9d5b5ba8b819f15c7b2f91ef071928adb6ccdadd507928fbc74b3199aca3aaaea7098,07/25/2025 06:12:00 PM,1,DRIVER,,2019442,,SUBARU,CROSSTREK,IL,2024,NONE,PASSENGER,PERSONAL,N,STRAIGHT AHEAD,,,1,,,,,Y,Y,,,,,,,,,,,,FRONT-RIGHT-CORNER,,,,,,,,,,,,,,,,,,,,,,,,,,,,,,,,,
2118403,a46b53d59640694cd53a191371922310440849412837d9f82dd4929652b9d5b5ba8b819f15c7b2f91ef071928adb6ccdadd507928fbc74b3199aca3aaaea7098,07/25/2025 06:12:00 PM,2,PARKED,,2019443,,HONDA,CIVIC,IL,2017,NONE,PASSENGER,PERSONAL,N,PARKED,,,0,,,,,,,,,,,,,,Y,Y,,,FRONT-LEFT-CORNER,,,,,,,,,,,,,,,,,,,,,,,,,,,,,,,,,
2118404,a46b53d59640694cd53a191371922310440849412837d9f82dd4929652b9d5b5ba8b819f15c7b2f91ef071928adb6ccdadd507928fbc74b3199aca3aaaea7098,07/25/2025 06:12:00 PM,3,PARKED,,2019444,,HONDA,CR-V,IL,2019,NONE,PASSENGER,PERSONAL,N,PARKED,,,0,,,,,,,,,,,Y,N,,,,,,REAR-LEFT-CORNER,,,,,,,,,,,,,,,,,,,,,,,,,,,,,,,,,
2114840,4913fae0015a79505cb425ba1ce9f2cc2960dd5f39b941e8c8cfa3d876076e5286b8ffcb3f1ff7d664caa53c9efc8e64edb7e8ff540fd5f8801b00f024629722,07/25/2025 06:10:00 PM,1,DRIVER,,2016090,,FORD,ECONOLINE 100,IL,2007,UNKNOWN,VAN/MINI-VAN,UNKNOWN/NA,N,STRAIGHT AHEAD,,,1,,,,,Y,,,,,,,,,,Y,Y,,FRONT,,,,,,,,,,,,,,,,,,,,,,,,,,,,,,,,,
2114841,4913fae0015a79505cb425ba1ce9f2cc2960dd5f39b941e8c8cfa3d876076e5286b8ffcb3f1ff7d664caa53c9efc8e64edb7e8ff540fd5f8801b00f024629722,07/25/2025 06:10:00 PM,2,DRIVER,,2016101,,HONDA,ACCORD,IL,2001,NONE,PASSENGER,PERSONAL,N,SLOW/STOP IN TRAFFIC,,,1,,,,,,,,,Y,Y,Y,,,,,,,REAR,,,,,,,,,,,,,,,,,,,,,,,,,,,,,,,,,
2114420,d24409a37fe6f18871d336fa43941eae1f06f627402e248f7ce0c3feb7702efe3f543141e6cb3e5bdd346bae8f6c314ab2341399c2b771e67ecd7d824c204868,07/25/2025 06:09:00 PM,1,DRIVER,1,2015707,N,FORD,EXPLORER,IL,2024,NONE,SPORT UTILITY VEHICLE (SUV),POLICE,E,STRAIGHT AHEAD,Y,,2,,CITY OF CHICAGO,5100 s wentworth ave,N,Y,Y,,,,,,,,Y,Y,Y,Y,FRONT,,,,,,,,,,,,,,,,,,,,,,,,,,,,,,,,,
2114421,d24409a37fe6f18871d336fa43941eae1f06f627402e248f7ce0c3feb7702efe3f543141e6cb3e5bdd346bae8f6c314ab2341399c2b771e67ecd7d824c204868,07/25/2025 06:09:00 PM,2,DRIVER,,2015719,,CHEVROLET,SILVERADO,IL,2011,UNKNOWN,PICKUP,PERSONAL,N,TURNING LEFT,,,1,,,,,,,,,,,,Y,Y,Y,N,,,SIDE-LEFT,,,,,,,,,,,,,,,,,,,,,,,,,,,,,,,,,
2114426,efe46294ab4eefa1513129fd1f7ceeacd839dafb217fa725c2ed536aff2991c1708006ecd0d30f699d4c5499f46971b47326a4cf523dc3f3d299a6de12470afc,07/25/2025 06:09:00 PM,1,DRIVER,1,2015703,,CHEVROLET,SUBURBAN,MO,2002,NONE,SPORT UTILITY VEHICLE (SUV),PERSONAL,S,SLOW/STOP IN TRAFFIC,Y,,2,,PRIVATE TOW,,,Y,,,,,,,,,,Y,Y,,FRONT,,,,,,,,,,,,,,,,,,,,,,,,,,,,,,,,,
2114427,efe46294ab4eefa1513129fd1f7ceeacd839dafb217fa725c2ed536aff2991c1708006ecd0d30f699d4c5499f46971b47326a4cf523dc3f3d299a6de12470afc,07/25/2025 06:09:00 PM,2,DRIVER,,2015739,,SUBARU,FORESTER,IL,2023,NONE,SPORT UTILITY VEHICLE (SUV),PERSONAL,S,SLOW/STOP IN TRAFFIC,Y,,1,,PRIVATE TOW,,,Y,Y,,,Y,Y,Y,,Y,Y,Y,,,REAR,,,,,,,,,,,,,,,,,,,,,,,,,,,,,,,,,
2114428,efe46294ab4eefa1513129fd1f7ceeacd839dafb217fa725c2ed536aff2991c1708006ecd0d30f699d4c5499f46971b47326a4cf523dc3f3d299a6de12470afc,07/25/2025 06:09:00 PM,3,DRIVER,1,2015746,,LINCOLN,MKZ,IL,2019,NONE,PASSENGER,RIDESHARE SERVICE,S,STRAIGHT AHEAD,,,2,,,,,,,,Y,Y,Y,,,,,,,,REAR-RIGHT-CORNER,,,,,,,,,,,,,,,,,,,,,,,,,,,,,,,,,