CRASH_UNIT_ID,CRASH_RECORD_ID,CRASH_DATE,UNIT_NO,UNIT_TYPE,NUM_PASSENGERS,VEHICLE_ID,CMRC_VEH_I,MAKE,MODEL,LIC_PLATE_STATE,VEHICLE_YEAR,VEHICLE_DEFECT,VEHICLE_TYPE,VEHICLE_USE,TRAVEL_DIRECTION,MANEUVER,TOWED_I,FIRE_I,OCCUPANT_CNT,EXCEED_SPEED_LIMIT_I,TOWED_BY,TOWED_TO,AREA_00_I,AREA_01_I,AREA_02_I,AREA_03_I,AREA_04_I,AREA_05_I,AREA_06_I,AREA_07_I,AREA_08_I,AREA_09_I,AREA_10_I,AREA_11_I,AREA_12_I,AREA_99_I,FIRST_CONTACT_POINT,CMV_ID,USDOT_NO,CCMC_NO,ILCC_NO,COMMERCIAL_SRC,GVWR,CARRIER_NAME,CARRIER_STATE,CARRIER_CITY,HAZMAT_PLACARDS_I,HAZMAT_NAME,UN_NO,HAZMAT_PRESENT_I,HAZMAT_REPORT_I,HAZMAT_REPORT_NO,MCS_REPORT_I,MCS_REPORT_NO,HAZMAT_VIO_CAUSE_CRASH_I,MCS_VIO_CAUSE_CRASH_I,IDOT_PERMIT_NO,WIDE_LOAD_I,TRAILER1_WIDTH,TRAILER2_WIDTH,TRAILER1_LENGTH,TRAILER2_LENGTH,TOTAL_VEHICLE_LENGTH,AXLE_CNT,VEHICLE_CONFIG,CARGO_BODY_TYPE,LOAD_TYPE,HAZMAT_OUT_OF_SERVICE_I,MCS_OUT_OF_SERVICE_I,HAZMAT_CLASS
2114490,8a96783f82709413ba83f1136be59f47a2680504de4ae9ec6614f0495b42e12878ade66d448bf02adb1330eac871345120833ba22203d8a2b75d46042880721e,07/25/2025 06:07:00 PM,1,DRIVER,,2015764,,ACURA,RL,IL,2001,UNKNOWN,PASSENGER,UNKNOWN/NA,E,STRAIGHT AHEAD,,,1,,,,,,,,,,,,,,,,Y,,FRONT,,,,,,,,,,,,,,,,,,,,,,,,,,,,,,,,,
2114491,8a96783f82709413ba83f1136be59f47a2680504de4ae9ec6614f0495b42e12878ade66d448bf02adb1330eac871345120833ba22203d8a2b75d46042880721e,07/25/2025 06:07:00 PM,2,DRIVER,,2015768,,TOYOTA,PRIUS,IL,2016,NONE,PASSENGER,PERSONAL,E,STRAIGHT AHEAD,,,1,,,,,,,,,Y,Y,Y,,,,,,,REAR,,,,,,,,,,,,,,,,,,,,,,,,,,,,,,,,,
2114453,6798eeecbdf6554411934fa78d19e9ad5bddbad17d7645bc1ecc1427966f892f12beb55fef6884f9cb7e8782441bee608c9fdaa5159af346f4d6bc28e6514fd4,07/25/2025 06:05:00 PM,1,DRIVER,,2015723,,DODGE,CHARGER,IL,2006,NONE,PASSENGER,PERSONAL,S,TURNING RIGHT,,,1,,,,,,,,,,,,,,,,Y,,FRONT,,,,,,,,,,,,,,,,,,,,,,,,,,,,,,,,,
2114454,6798eeecbdf6554411934fa78d19e9ad5bddbad17d7645bc1ecc1427966f892f12beb55fef6884f9cb7e8782441bee608c9fdaa5159af346f4d6bc28e6514fd4,07/25/2025 06:05:00 PM,2,DRIVER,,2015730,,TOYOTA,COROLLA,IL,2007,UNKNOWN,PASSENGER,PERSONAL,S,STRAIGHT AHEAD,,,1,,,,,,Y,Y,Y,,,,,,,,,,SIDE-RIGHT,,,,,,,,,,,,,,,,,,,,,,,,,,,,,,,,,
2114424,7782acfa078a5f97767932d6d1c52bd7396238bb3f65a3450af7e4f78b3e6fda1a5d9fffb3d050fcf73b40b484904c1b4f911cb6df7c1a95a39fa24ad2280d19,07/25/2025 06:05:00 PM,1,DRIVER,,2015698,,NISSAN,ROGUE,IL,2011,NONE,SPORT UTILITY VEHICLE (SUV),PERSONAL,N,STRAIGHT AHEAD,,,1,,,,,Y,Y,,,,,,,,,,Y,,FRONT-RIGHT-CORNER,,,,,,,,,,,,,,,,,,,,,,,,,,,,,,,,,
2114425,7782acfa078a5f97767932d6d1c52bd7396238bb3f65a3450af7e4f78b3e6fda1a5d9fffb3d050fcf73b40b484904c1b4f911cb6df7c1a95a39fa24ad2280d19,07/25/2025 06:05:00 PM,2,DRIVER,,2015701,,TOYOTA,COROLLA,IL,2014,NONE,PASSENGER,PERSONAL,NW,ENTERING TRAFFIC LANE FROM PARKING,,,1,,,,,,,,,,,,,,Y,Y,,,FRONT-LEFT-CORNER,,,,,,,,,,,,,,,,,,,,,,,,,,,,,,,,,
2114528,eecec3946b4ee59ec939dc78fc0708383280a80d1f176ccf7885ba74a9042ed627849d22f40874bba8db0b9688ebc0fac6619cd5005546104658d420393e87c0,07/25/2025 06:05:00 PM,1,DRIVER,,2015814,,TOYOTA,PRIUS,IL,2006,UNKNOWN,PASSENGER,PERSONAL,E,STRAIGHT AHEAD,,,1,,,,,,,,,,,,,,,,,Y,UNKNOWN,,,,,,,,,,,,,,,,,,,,,,,,,,,,,,,,,
2114529,eecec3946b4ee59ec939dc78fc0708383280a80d1f176ccf7885ba74a9042ed627849d22f40874bba8db0b9688ebc0fac6619cd5005546104658d420393e87c0,07/25/2025 06:05:00 PM,2,DRIVER,1,2015818,,TOYOTA,PRIUS,IL,2014,UNKNOWN,PASSENGER,PERSONAL,E,STRAIGHT AHEAD,,,2,,,,,,,,,,,,,,,,,,REAR,,,,,,,,,,,,,,,,,,,,,,,,,,,,,,,,,
2114445,2e435176b1878260b2a4f28b892faab4bab4564648035ee652d98c2ded99f28855a8d7072511cd4b03e5beb3241ca7bf11ee8c34064896220a080470acbb3cc0,07/25/2025 06:03:00 PM,2,BICYCLE,,,,,,,,,,,,,,,,,,,,,,,,,,,,,,,,,,,,,,,,,,,,,,,,,,,,,,,,,,,,,,,,,,
2114446,2e435176b1878260b2a4f28b892faab4bab4564648035ee652d98c2ded99f28855a8d7072511cd4b03e5beb3241ca7bf11ee8c34064896220a080470acbb3cc0,07/25/2025 06:03:00 PM,1,DRIVER,,2015721,,JEEP,CHEROKEE,IL,2005,UNKNOWN,SPORT UTILITY VEHICLE (SUV),PERSONAL,NE,TURNING LEFT,,,1,,,,Y,,,,,,,,,,,,,,FRONT-RIGHT-CORNER,,,,,,,,,,,,,,,,,,,,,,,,,,,,,,,,,
2114998,02dbda922df143d65c04114dd5dbd651289a5d73472971f3a6c4bfd44c267d2b01577c953950ef1066044938c13a34c489d1749d6bf5698851f929bc3fc5fe89,07/25/2025 06:00:00 PM,1,DRIVER,,2016238,,UNKNOWN,OTHER (EXPLAIN IN NARRATIVE),,,UNKNOWN,UNKNOWN/NA,UNKNOWN/NA,N,TURNING RIGHT,,,1,,,,,,,,,,,,,,,,,Y,UNKNOWN,,,,,,,,,,,,,,,,,,,,,,,,,,,,,,,,,
2114999,02dbda922df143d65c04114dd5dbd651289a5d73472971f3a6c4bfd44c267d2b01577c953950ef1066044938c13a34c489d1749d6bf5698851f929bc3fc5fe89,07/25/2025 06:00:00 PM,2,DRIVER,,2016243,,INFINITI,QX60,IL,2017,UNKNOWN,PASSENGER,UNKNOWN/NA,N,STRAIGHT AHEAD,,,1,,,,,,,,,,,,,,Y,,,,SIDE-LEFT,,,,,,,,,,,,,,,,,,,,,,,,,,,,,,,,,
2114905,0855d97e32c7e390c902646dc819e5eb07f36cf96daff070b0fa71b17181bb250b7924f3c676344bad127ed8c58a4f05177c225e5024a0c15f496323ef6bea04,07/25/2025 06:00:00 PM,1,DRIVER,,2016153,,HONDA,CR-V,IL,,NONE,PASSENGER,UNKNOWN/NA,W,UNKNOWN/NA,,,1,,,,,,,,,,,,,,,,,Y,UNKNOWN,,,,,,,,,,,,,,,,,,,,,,,,,,,,,,,,,
2114906,0855d97e32c7e390c902646dc819e5eb07f36cf96daff070b0fa71b17181bb250b7924f3c676344bad127ed8c58a4f05177c225e5024a0c15f496323ef6bea04,07/25/2025 06:00:00 PM,2,PARKED,,2016159,,TOYOTA,PRIUS,IL,2022,NONE,PASSENGER,NOT IN USE,W,PARKED,,,0,,,,,,,,,,,Y,Y,Y,Y,,,,SIDE-LEFT,,,,,,,,,,,,,,,,,,,,,,,,,,,,,,,,,
2114589,5760540cdbf6b9032e671b4325519fc9a47be2a733ab13d9d8a14cdee230105bb20e2113efc45583928c741fe78e15a96961bea1c88a94950b40244ab89dbc93,07/25/2025 06:00:00 PM,1,DRIVER,,2015841,,MERCEDES-BENZ,C300,IL,2021,NONE,PASSENGER,PERSONAL,N,MERGING,,,1,,,,,Y,,,,,,,,,,,,,FRONT-RIGHT-CORNER,,,,,,,,,,,,,,,,,,,,,,,,,,,,,,,,,
2114590,5760540cdbf6b9032e671b4325519fc9a47be2a733ab13d9d8a14cdee230105bb20e2113efc45583928c741fe78e15a96961bea1c88a94950b40244ab89dbc93,07/25/2025 06:00:00 PM,2,DRIVER,,2015844,,UNKNOWN,OTHER (EXPLAIN IN NARRATIVE),IL,,NONE,PASSENGER,PERSONAL,N,STRAIGHT AHEAD,,,1,,,,,,,,,,,Y,,,,,,,REAR-LEFT-CORNER,,,,,,,,,,,,,,,,,,,,,,,,,,,,,,,,,
2115817,9f1bd35934e92e8a5be9d5fbf9ccb9a48bffbd75e54bf59f3c05ea804e2cf4bb03781f42a8d5134084fb504dc4b1441a26461139eb2927a88e5b688e4435b5ad,07/25/2025 06:00:00 PM,1,DRIVER,,2017025,,UNKNOWN,OTHER (EXPLAIN IN NARRATIVE),,,UNKNOWN,UNKNOWN/NA,UNKNOWN/NA,UNKNOWN,UNKNOWN/NA,,,1,,,,,,,,,,,,,,,,,Y,UNKNOWN,,,,,,,,,,,,,,,,,,,,,,,,,,,,,,,,,
2115818,9f1bd35934e92e8a5be9d5fbf9ccb9a48bffbd75e54bf59f3c05ea804e2cf4bb03781f42a8d5134084fb504dc4b1441a26461139eb2927a88e5b688e4435b5ad,07/25/2025 06:00:00 PM,2,PARKED,,2017030,,PORSCHE,MACAN,IL,2017,UNKNOWN,PASSENGER,PERSONAL,W,PARKED,,,0,,,,,,,Y,Y,Y,,,,,,,,,SIDE-RIGHT-REAR,,,,,,,,,,,,,,,,,,,,,,,,,,,,,,,,,
2114439,afb13d3cb874f28a315ef9f0f23cf2b1fbde51349c1865e10ebdb088ef3ea91cd2463f1e1412d9ad85ef55047e2a87d85749dc298abc33852c6122024093a116,07/25/2025 06:00:00 PM,1,DRIVER,,2015715,,HONDA,HR-V,IL,2020,NONE,PASSENGER,PERSONAL,S,STRAIGHT AHEAD,Y,,1,,unknown,unknown,,,,,,,,,,,,,Y,,FRONT,,,,,,,,,,,,,,,,,,,,,,,,,,,,,,,,,
2114440,afb13d3cb874f28a315ef9f0f23cf2b1fbde51349c1865e10ebdb088ef3ea91cd2463f1e1412d9ad85ef55047e2a87d85749dc298abc33852c6122024093a116,07/25/2025 06:00:00 PM,2,DRIVER,,2015711,,CHEVROLET,EQUINOX,IL,2017,NONE,SPORT UTILITY VEHICLE (SUV),PERSONAL,S,SLOW/STOP IN TRAFFIC,Y,,1,,unknown,unknown,,,,,,,Y,,,,,,,,REAR,,,,,,,,,,,,,,,,,,,,,,,,,,,,,,,,,
2114449,d11c9dbe76468750b6b7f5ba0ee27f6468f979f39ddfdef4f820bd9b268c1324179afd562dbd615622d2f4346cf65eed253073267605f84b16cdf4fc2060821c,07/25/2025 06:00:00 PM,1,DRIVER,,2015756,,TESLA,MODEL Y,IL,2026,NONE,PASSENGER,PERSONAL,NE,U-TURN,,,1,,,,,,,,,,,,,,,Y,Y,,FRONT-LEFT-CORNER,,,,,,,,,,,,,,,,,,,,,,,,,,,,,,,,,
2114450,d11c9dbe76468750b6b7f5ba0ee27f6468f979f39ddfdef4f820bd9b268c1324179afd562dbd615622d2f4346cf65eed253073267605f84b16cdf4fc2060821c,07/25/2025 06:00:00 PM,2,DRIVER,,2015767,,NISSAN,ROGUE,IL,2017,NONE,SPORT UTILITY VEHICLE (SUV),PERSONAL,S,STRAIGHT AHEAD,,,1,,,,,,Y,Y,,,,,,,,,,,SIDE-RIGHT,,,,,,,,,,,,,,,,,,,,,,,,,,,,,,,,,
2114473,ff33f582e51c6aab75f427ba9f6fe30686838c59f6136b674ac897c1f0d3ee73cf553946f02979518f17b1b8816a998428c77dc6cd7cb04c24bc93852c04a1e3,07/25/2025 06:00:00 PM,1,DRIVER,,2015741,,CHEVROLET,MALIBU,IL,2016,UNKNOWN,PASSENGER,PERSONAL,E,STRAIGHT AHEAD,,,1,,,,,Y,,,,,,,,,,Y,Y,,FRONT,,,,,,,,,,,,,,,,,,,,,,,,,,,,,,,,,
2114474,ff33f582e51c6aab75f427ba9f6fe30686838c59f6136b674ac897c1f0d3ee73cf553946f02979518f17b1b8816a998428c77dc6cd7cb04c24bc93852c04a1e3,07/25/2025 06:00:00 PM,2,DRIVER,1,2015745,,CHEVROLET,EQUINOX,IL,2023,NONE,PASSENGER,PERSONAL,E,STRAIGHT AHEAD,,,2,,,,,,,,,Y,Y,Y,,,,,,,REAR,,,,,,,,,,,,,,,,,,,,,,,,,,,,,,,,,
2114409,50390edd4e4b69c05591459bf5daa9dcda64b2062517a391fcac4dc2db7cfe911053e138489024162e84a03f3cb562f10148221f7ff974ff754d427bea88bada,07/25/2025 05:50:00 PM,1,DRIVER,,2015693,,HYUNDAI,TUCSON,IL,2013,UNKNOWN,PASSENGER,PERSONAL,S,STRAIGHT AHEAD,,,1,,,,,,,,,,,,,,,Y,Y,,FRONT,,,,,,,,,,,,,,,,,,,,,,,,,,,,,,,,,
2114410,50390edd4e4b69c05591459bf5daa9dcda64b2062517a391fcac4dc2db7cfe911053e138489024162e84a03f3cb562f10148221f7ff974ff754d427bea88bada,07/25/2025 05:50:00 PM,2,DRIVER,,2015704,,BUICK,ENCORE,IL,2016,NONE,PASSENGER,PERSONAL,S,STRAIGHT AHEAD,,,1,,,,,,,,,,Y,,,,,,,,SIDE-RIGHT,,,,,,,,,,,,,,,,,,,,,,,,,,,,,,,,,
2114443,a6dac9c242655b483351ad113f8bfd9ac262e7fd09316143d04f6ff790d5a979c99ad1800a50ee1cc290256511e7ecf1178da9d0e45689a9b11078aec8897fe7,07/25/2025 05:47:00 PM,1,DRIVER,,2015720,,DODGE,CARAVAN,IL,2014,UNKNOWN,VAN/MINI-VAN,PERSONAL,E,STRAIGHT AHEAD,,,1,,,,,Y,,,,,,,,,,,Y,,FRONT-RIGHT-CORNER,,,,,,,,,,,,,,,,,,,,,,,,,,,,,,,,,
2114444,a6dac9c242655b483351ad113f8bfd9ac262e7fd09316143d04f6ff790d5a979c99ad1800a50ee1cc290256511e7ecf1178da9d0e45689a9b11078aec8897fe7,07/25/2025 05:47:00 PM,2,DRIVER,,2015724,,NISSAN,VERSA,,2024,UNKNOWN,PASSENGER,PERSONAL,E,STRAIGHT AHEAD,,,1,,,,,,,,,,Y,Y,,,,,,,REAR-LEFT-CORNER,,,,,,,,,,,,,,,,,,,,,,,,,,,,,,,,,
2114389,6b9867757239808b6d86f0b7031bbedb55fdd6b32c13bdd45ea2e627749b9abe2b654128dac9afc4383dcb4cedd3af1c185ba54206fb9bdf3feca4dba9e31ad6,07/25/2025 05:45:00 PM,1,DRIVER,,2015661,,TOYOTA,CAMRY,IL,2009,NONE,PASSENGER,PERSONAL,E,STRAIGHT AHEAD,,,1,,,,,Y,,,,,,,,,,Y,Y,,FRONT,,,,,,,,,,,,,,,,,,,,,,,,,,,,,,,,,
2114390,6b9867757239808b6d86f0b7031bbedb55fdd6b32c13bdd45ea2e627749b9abe2b654128dac9afc4383dcb4cedd3af1c185ba54206fb9bdf3feca4dba9e31ad6,07/25/2025 05:45:00 PM,2,DRIVER,,2015667,,BMW,X3,IL,2005,NONE,SPORT UTILITY VEHICLE (SUV),PERSONAL,E,STRAIGHT AHEAD,,,1,,,,,,,,,Y,Y,Y,,,,,,,REAR,,,,,,,,,,,,,,,,,,,,,,,,,,,,,,,,,
2114387,00c2f75f437d0eb4687d900940297d063696b62058eb47f2d953d5918599d2fe345e0c615d9872336b6111b34e826a28f135ca79b42853070df9a39f96c5362e,07/25/2025 05:44:00 PM,1,DRIVER,,2015656,,HONDA,FIT,IL,2010,UNKNOWN,PASSENGER,UNKNOWN/NA,W,STRAIGHT AHEAD,,,1,,,,,,,,,,,,,,Y,Y,Y,,FRONT-LEFT-CORNER,,,,,,,,,,,,,,,,,,,,,,,,,,,,,,,,,
2114388,00c2f75f437d0eb4687d900940297d063696b62058eb47f2d953d5918599d2fe345e0c615d9872336b6111b34e826a28f135ca79b42853070df9a39f96c5362e,07/25/2025 05:44:00 PM,2,DRIVER,,2015662,,CHEVROLET,EQUINOX,IL,2020,UNKNOWN,SPORT UTILITY VEHICLE (SUV),UNKNOWN/NA,N,STRAIGHT AHEAD,,,1,,,,,Y,Y,,,,,,,,,,Y,,FRONT-RIGHT-CORNER,,,,,,,,,,,,,,,,,,,,,,,,,,,,,,,,,
2114417,0aa0601aa878a50dfd6b1c144955428af5028c4ca1b2b24e988439d5d913f15013268be5145996b216658765ec916feafdf9b5c776ca6068cea7ebdc581cde86,07/25/2025 05:40:00 PM,1,DRIVER,,2015685,,KIA,SOUL,IL,2015,UNKNOWN,SPORT UTILITY VEHICLE (SUV),PERSONAL,UNKNOWN,STRAIGHT AHEAD,,,1,,,,,Y,,,,,,,,,,Y,Y,,FRONT,,,,,,,,,,,,,,,,,,,,,,,,,,,,,,,,,
2114418,0aa0601aa878a50dfd6b1c144955428af5028c4ca1b2b24e988439d5d913f15013268be5145996b216658765ec916feafdf9b5c776ca6068cea7ebdc581cde86,07/25/2025 05:40:00 PM,2,DRIVER,,2015688,,BMW,OTHER (EXPLAIN IN NARRATIVE),IL,2016,UNKNOWN,SPORT UTILITY VEHICLE (SUV),PERSONAL,UNKNOWN,STRAIGHT AHEAD,,,1,,,,,Y,,,,Y,Y,Y,,,,Y,Y,,REAR,,,,,,,,,,,,,,,,,,,,,,,,,,,,,,,,,
2114419,0aa0601aa878a50dfd6b1c144955428af5028c4ca1b2b24e988439d5d913f15013268be5145996b216658765ec916feafdf9b5c776ca6068cea7ebdc581cde86,07/25/2025 05:40:00 PM,3,DRIVER,,2015695,,KIA,SPORTAGE,IL,2023,UNKNOWN,SPORT UTILITY VEHICLE (SUV),PERSONAL,UNKNOWN,STRAIGHT AHEAD,,,1,,,,,,,,,Y,Y,Y,,,,,,,REAR,,,,,,,,,,,,,,,,,,,,,,,,,,,,,,,,,
2114471,39bf31d1e133859958fa2f1e3c8d459d93fb43f8e4cbf824c65b944ad9db7e50562c1dec4421d52950f7a7813a7b3f32ec588a5ce29950518d76a02453fec8ed,07/25/2025 05:40:00 PM,1,DRIVER,1,2015742,,CHEVROLET,CRUZE,IL,2011,UNKNOWN,PASSENGER,PERSONAL,S,STRAIGHT AHEAD,Y,,2,,PRIVATE,PRIVATE,,Y,Y,,,,,,,,,,Y,,FRONT-RIGHT-CORNER,,,,,,,,,,,,,,,,,,,,,,,,,,,,,,,,,
2114472,39bf31d1e133859958fa2f1e3c8d459d93fb43f8e4cbf824c65b944ad9db7e50562c1dec4421d52950f7a7813a7b3f32ec588a5ce29950518d76a02453fec8ed,07/25/2025 05:40:00 PM,2,PARKED,4,2015747,,DODGE,JOURNEY,IL,2010,NONE,PASSENGER,PERSONAL,S,PARKED,Y,,4,,PRIVATE,PRIVATE,,,,,,,Y,Y,Y,,,,,,REAR-LEFT-CORNER,,,,,,,,,,,,,,,,,,,,,,,,,,,,,,,,,
2114401,3bdbe560641f6880d32dbd026950c49c05634b452b27f0c93ce4934b3ae7e8cfd8eae8748dd18d23745697da5bc4dc2a8253e584bf8b7395e7775dd7e031bc6f,07/25/2025 05:35:00 PM,1,DRIVER,,2015676,,NISSAN,ROGUE,IL,2021,UNKNOWN,SPORT UTILITY VEHICLE (SUV),UNKNOWN/NA,E,STRAIGHT AHEAD,,,1,,,,,,,,,,,,,,,,,Y,FRONT-RIGHT-CORNER,,,,,,,,,,,,,,,,,,,,,,,,,,,,,,,,,
2114402,3bdbe560641f6880d32dbd026950c49c05634b452b27f0c93ce4934b3ae7e8cfd8eae8748dd18d23745697da5bc4dc2a8253e584bf8b7395e7775dd7e031bc6f,07/25/2025 05:35:00 PM,2,DRIVER,,2015681,,HYUNDAI,SONATA,IL,2015,NONE,PASSENGER,PERSONAL,W,ENTER FROM DRIVE/ALLEY,,,1,,,,,Y,,,,,,,,,,,Y,,FRONT-RIGHT-CORNER,,,,,,,,,,,,,,,,,,,,,,,,,,,,,,,,,
2114925,69e12115cd74c85a4156342373738097bb5ca1bfca607f96361a4c27ed7111041ae5ca4ebb660e0145dfb4cdb7885f7d553ae343cc20b8c27a43afa7c9f877c8,07/25/2025 05:35:00 PM,1,DRIVER,,2016184,,HYUNDAI,SANTA FE,IL,2008,NONE,PASSENGER,PERSONAL,W,TURNING LEFT,,,1,,,,Y,Y,Y,,,,,,,,,,,,FRONT-RIGHT-CORNER,,,,,,,,,,,,,,,,,,,,,,,,,,,,,,,,,
2114926,69e12115cd74c85a4156342373738097bb5ca1bfca607f96361a4c27ed7111041ae5ca4ebb660e0145dfb4cdb7885f7d553ae343cc20b8c27a43afa7c9f877c8,07/25/2025 05:35:00 PM,2,DRIVER,,2016209,,HONDA,CIVIC,IL,2007,NONE,PASSENGER,PERSONAL,S,STRAIGHT AHEAD,,,1,,,,N,,,,,,Y,Y,Y,Y,,,,,REAR-LEFT-CORNER,,,,,,,,,,,,,,,,,,,,,,,,,,,,,,,,,
2114375,819759cc96e2d9aa9a0f460ff45f459b137d57d0e51ca47e9d6c76fbdbe68968a10d4a4580c4bee46a377469f1041b09a36f136016a2eb29c82b7f65add5d10c,07/25/2025 05:35:00 PM,1,DRIVER,,2015647,,HONDA,CIVIC,IL,2017,UNKNOWN,PASSENGER,PERSONAL,W,CHANGING LANES,,,1,,,,,,,,,,,Y,Y,,,,,,SIDE-LEFT-REAR,,,,,,,,,,,,,,,,,,,,,,,,,,,,,,,,,
2114376,819759cc96e2d9aa9a0f460ff45f459b137d57d0e51ca47e9d6c76fbdbe68968a10d4a4580c4bee46a377469f1041b09a36f136016a2eb29c82b7f65add5d10c,07/25/2025 05:35:00 PM,2,DRIVER,,2015653,,TOYOTA,SIENNA,IL,2025,NONE,SPORT UTILITY VEHICLE (SUV),PERSONAL,W,STRAIGHT AHEAD,,,1,,,,,Y,Y,,,,,,,,,,,,FRONT-RIGHT-CORNER,,,,,,,,,,,,,,,,,,,,,,,,,,,,,,,,,
2115666,3b8f7624ce50d26b005cb247317a819a7df66a3323093b5ac702a6e02deaecf9002d9046cf442336fe413ecfbfc3dfc673013f665a2e1b8a20e9e32660834fdd,07/25/2025 05:30:00 PM,1,DRIVER,,2016877,,CHEVROLET,UPLANDER,IL,2007,NONE,SPORT UTILITY VEHICLE (SUV),PERSONAL,SE,CHANGING LANES,,,1,,,,,,,,,,,N,N,Y,Y,Y,,,SIDE-LEFT,,,,,,,,,,,,,,,,,,,,,,,,,,,,,,,,,
2115667,3b8f7624ce50d26b005cb247317a819a7df66a3323093b5ac702a6e02deaecf9002d9046cf442336fe413ecfbfc3dfc673013f665a2e1b8a20e9e32660834fdd,07/25/2025 05:30:00 PM,2,DRIVER,,2016883,,HONDA,PILOT,IL,2007,NONE,SPORT UTILITY VEHICLE (SUV),PERSONAL,SE,STRAIGHT AHEAD,,,1,,,,,,Y,Y,Y,Y,Y,,,,,,,,REAR,,,,,,,,,,,,,,,,,,,,,,,,,,,,,,,,,
2114784,7bbe46aedcb7f59d8b355dd76d3402d29ad7e64b0c1f2286938cd9dfccd651e62b8afd513c78d4b7fc16110be1f90ae123de08329390a7dd4d5fb9cd5f730325,07/25/2025 05:30:00 PM,1,DRIVER,,2016039,,UNKNOWN,MOTORIZED,XX,,UNKNOWN,UNKNOWN/NA,UNKNOWN/NA,UNKNOWN,UNKNOWN/NA,,,1,,,,,,,,,,,,,,,,,Y,UNKNOWN,,,,,,,,,,,,,,,,,,,,,,,,,,,,,,,,,
2114785,7bbe46aedcb7f59d8b355dd76d3402d29ad7e64b0c1f2286938cd9dfccd651e62b8afd513c78d4b7fc16110be1f90ae123de08329390a7dd4d5fb9cd5f730325,07/25/2025 05:30:00 PM,2,PARKED,,2016048,,HONDA,CIVIC,IL,2018,UNKNOWN,PASSENGER,PERSONAL,E,PARKED,,,0,,,,,,,,,,Y,Y,Y,,,,,,REAR-LEFT-CORNER,,,,,,,,,,,,,,,,,,,,,,,,,,,,,,,,,
2116967,b228929f1c4a95a259533fa63033d062006fc8f82319f603ccccdd9402a7cd997518a5f799b8e5006eba20b73496bae9c94598d779c348b53ece64ffa45ac49e,07/25/2025 05:30:00 PM,1,DRIVER,,2018118,,HONDA,OTHER (EXPLAIN IN NARRATIVE),IL,2016,UNKNOWN,PASSENGER,PERSONAL,N,STRAIGHT AHEAD,,,1,,,,,,,,,,,,,,,Y,,,FRONT-RIGHT-CORNER,,,,,,,,,,,,,,,,,,,,,,,,,,,,,,,,,
2116968,b228929f1c4a95a259533fa63033d062006fc8f82319f603ccccdd9402a7cd997518a5f799b8e5006eba20b73496bae9c94598d779c348b53ece64ffa45ac49e,07/25/2025 05:30:00 PM,2,DRIVER,,2018119,,CHEVROLET,NOVA,IL,2012,NONE,PASSENGER,PERSONAL,W,STRAIGHT AHEAD,,,1,,,,,,,,,,,,Y,Y,Y,,,,SIDE-LEFT,,,,,,,,,,,,,,,,,,,,,,,,,,,,,,,,,
2115008,9b6d5b0bb58764cb343a79358872dc882d993ab021357a3d10df05453d3e97a12d020316aa9dbc152c9c778f18c0c56637bd013fbcfd911a5e50668b7c30d30e,07/25/2025 05:20:00 PM,1,DRIVER,,2016246,,FORD,ESCAPE,IL,2015,NONE,PASSENGER,PERSONAL,E,STRAIGHT AHEAD,,,1,,,,,,,,,,,,,,,,Y,,FRONT,,,,,,,,,,,,,,,,,,,,,,,,,,,,,,,,,
2115009,9b6d5b0bb58764cb343a79358872dc882d993ab021357a3d10df05453d3e97a12d020316aa9dbc152c9c778f18c0c56637bd013fbcfd911a5e50668b7c30d30e,07/25/2025 05:20:00 PM,2,DRIVER,,2016249,,VOLVO,XC90,IL,2016,NONE,PASSENGER,PERSONAL,E,OTHER,,,1,,,,,,,,,Y,Y,Y,,,,,,,REAR,,,,,,,,,,,,,,,,,,,,,,,,,,,,,,,,,
2114368,84e646dc5bd5fe0fd12bc689687ebe3ac5dcf1733350c952036fc53c52bc1e616a51728538f8338da0e146fad0892bfeaeecedf8481ec62264edc9a28865a05a,07/25/2025 05:19:00 PM,1,DRIVER,1,2015646,,HONDA,ACCORD,IL,2009,UNKNOWN,PASSENGER,PERSONAL,W,SLOW/STOP IN TRAFFIC,,,2,,,,,,,Y,Y,,,,N,N,,,,,SIDE-LEFT-REAR,,,,,,,,,,,,,,,,,,,,,,,,,,,,,,,,,
2114369,84e646dc5bd5fe0fd12bc689687ebe3ac5dcf1733350c952036fc53c52bc1e616a51728538f8338da0e146fad0892bfeaeecedf8481ec62264edc9a28865a05a,07/25/2025 05:19:00 PM,2,BICYCLE,,,,,,,,,,,,,,,,,,,,,,,,,,,,,,,,,,,,,,,,,,,,,,,,,,,,,,,,,,,,,,,,,,
2114342,e9e8afa2b129a4d48970225c66b19ff0d8c23648b401434ab4a20951516b2b82c17275af105583ec01c646c8a9019d3b05ae42ed88dd01f3de7849a323dd2097,07/25/2025 05:15:00 PM,1,DRIVER,,2015616,,TOYOTA,SOLARA,IL,2015,UNKNOWN,PASSENGER,PERSONAL,S,CHANGING LANES,,,1,,,,,,,,,,,,Y,Y,Y,N,,,FRONT,,,,,,,,,,,,,,,,,,,,,,,,,,,,,,,,,