CRASH_UNIT_ID,CRASH_RECORD_ID,CRASH_DATE,UNIT_NO,UNIT_TYPE,NUM_PASSENGERS,VEHICLE_ID,CMRC_VEH_I,MAKE,MODEL,LIC_PLATE_STATE,VEHICLE_YEAR,VEHICLE_DEFECT,VEHICLE_TYPE,VEHICLE_USE,TRAVEL_DIRECTION,MANEUVER,TOWED_I,FIRE_I,OCCUPANT_CNT,EXCEED_SPEED_LIMIT_I,TOWED_BY,TOWED_TO,AREA_00_I,AREA_01_I,AREA_02_I,AREA_03_I,AREA_04_I,AREA_05_I,AREA_06_I,AREA_07_I,AREA_08_I,AREA_09_I,AREA_10_I,AREA_11_I,AREA_12_I,AREA_99_I,FIRST_CONTACT_POINT,CMV_ID,USDOT_NO,CCMC_NO,ILCC_NO,COMMERCIAL_SRC,GVWR,CARRIER_NAME,CARRIER_STATE,CARRIER_CITY,HAZMAT_PLACARDS_I,HAZMAT_NAME,UN_NO,HAZMAT_PRESENT_I,HAZMAT_REPORT_I,HAZMAT_REPORT_NO,MCS_REPORT_I,MCS_REPORT_NO,HAZMAT_VIO_CAUSE_CRASH_I,MCS_VIO_CAUSE_CRASH_I,IDOT_PERMIT_NO,WIDE_LOAD_I,TRAILER1_WIDTH,TRAILER2_WIDTH,TRAILER1_LENGTH,TRAILER2_LENGTH,TOTAL_VEHICLE_LENGTH,AXLE_CNT,VEHICLE_CONFIG,CARGO_BODY_TYPE,LOAD_TYPE,HAZMAT_OUT_OF_SERVICE_I,MCS_OUT_OF_SERVICE_I,HAZMAT_CLASS
2114343,e9e8afa2b129a4d48970225c66b19ff0d8c23648b401434ab4a20951516b2b82c17275af105583ec01c646c8a9019d3b05ae42ed88dd01f3de7849a323dd2097,07/25/2025 05:15:00 PM,2,DRIVER,1,2015632,,TOYOTA,TACOMA,IL,2025,UNKNOWN,PICKUP,PERSONAL,S,CHANGING LANES,,,2,,,,,Y,,,,,,,,,,,,,FRONT-RIGHT-CORNER,,,,,,,,,,,,,,,,,,,,,,,,,,,,,,,,,
2114422,ea854f1a86094f40513e0779bde9a56e6eefc4ec78977f2517585fccd1a90d2e220bb603e01b90339bb10bba47d92a243b6801344db6ebb7780f988690cb5972,07/25/2025 05:09:00 PM,1,DRIVER,,2015692,,TOYOTA,CAMRY,IL,2005,UNKNOWN,PASSENGER,PERSONAL,SE,TURNING LEFT,,,1,,,,,,Y,Y,,,,,,,,,,,SIDE-RIGHT,,,,,,,,,,,,,,,,,,,,,,,,,,,,,,,,,
2114423,ea854f1a86094f40513e0779bde9a56e6eefc4ec78977f2517585fccd1a90d2e220bb603e01b90339bb10bba47d92a243b6801344db6ebb7780f988690cb5972,07/25/2025 05:09:00 PM,2,BICYCLE,,,,,,,,,,,,,,,,,,,,,,,,,,,,,,,,,,,,,,,,,,,,,,,,,,,,,,,,,,,,,,,,,,
2114407,33fd502f946bd96eb8943823b553dd8a05a566c35088db04847cd6caadc2e8dc508069c451c0d8a26c09064c3612a14fe41e957f9ca639e16dca72003018138d,07/25/2025 05:06:00 PM,1,DRIVER,,2015678,,BUICK,LACROSSE,IL,2010,UNKNOWN,PASSENGER,PERSONAL,E,STRAIGHT AHEAD,,,1,,,,,,,,,,,,,,,Y,Y,,FRONT,,,,,,,,,,,,,,,,,,,,,,,,,,,,,,,,,
2114408,33fd502f946bd96eb8943823b553dd8a05a566c35088db04847cd6caadc2e8dc508069c451c0d8a26c09064c3612a14fe41e957f9ca639e16dca72003018138d,07/25/2025 05:06:00 PM,2,DRIVER,,2015694,,TOYOTA,COROLLA,IL,2014,UNKNOWN,PASSENGER,PERSONAL,E,STRAIGHT AHEAD,,,1,,,,,Y,,,,,Y,,,,,,,,REAR,,,,,,,,,,,,,,,,,,,,,,,,,,,,,,,,,
2114395,3e8801f800c16b9488123b968b305a5c8fb90405e4ae49c569231e0ec0751351091c8a3b109e175c880f672b4f59d05f666604336a5a76cd75fc69af45ac95d4,07/25/2025 05:06:00 PM,1,DRIVER,,2015674,,CHEVROLET,TRAVERSE,FL,2019,NONE,SPORT UTILITY VEHICLE (SUV),PERSONAL,S,MERGING,,,1,,,,,,Y,Y,Y,Y,,,,,,,,,SIDE-RIGHT-REAR,,,,,,,,,,,,,,,,,,,,,,,,,,,,,,,,,
2114396,3e8801f800c16b9488123b968b305a5c8fb90405e4ae49c569231e0ec0751351091c8a3b109e175c880f672b4f59d05f666604336a5a76cd75fc69af45ac95d4,07/25/2025 05:06:00 PM,2,DRIVER,,2015679,,VOLKSWAGEN,JETTA,IL,2011,NONE,PASSENGER,PERSONAL,S,MERGING,,,1,,,,,,,,,,,,,Y,Y,N,,,SIDE-LEFT,,,,,,,,,,,,,,,,,,,,,,,,,,,,,,,,,
2114373,8b62a6c671614c09ffc4d8ca45975333d53d6054cda9c745a736124fbe15dd0e5f676a6ff76d2936693d7cef60d8ed9c684ee8b3dd9fed7229220b427a7a2d55,07/25/2025 05:05:00 PM,1,DRIVER,,2015648,,HONDA,CIVIC,IL,2017,NONE,PASSENGER,PERSONAL,E,ENTER FROM DRIVE/ALLEY,,,1,,,,,,,,,,,,,,,Y,,,SIDE-LEFT-FRONT,,,,,,,,,,,,,,,,,,,,,,,,,,,,,,,,,
2114374,8b62a6c671614c09ffc4d8ca45975333d53d6054cda9c745a736124fbe15dd0e5f676a6ff76d2936693d7cef60d8ed9c684ee8b3dd9fed7229220b427a7a2d55,07/25/2025 05:05:00 PM,2,DRIVER,2,2015655,,VOLKSWAGEN,TIGUAN,IL,2019,NONE,SPORT UTILITY VEHICLE (SUV),PERSONAL,SE,CHANGING LANES,,,3,,,,,Y,Y,,,,,,,,,,,,SIDE-RIGHT-FRONT,,,,,,,,,,,,,,,,,,,,,,,,,,,,,,,,,
2114798,80feeab079ff1c6aba85f37a85f62123e7a539c0dbe6a4bbb2593791304c3dac6a73c0dd6ed1f0936d9b315baf4435fcb20822ec27708dbde081fbe2d68eba57,07/25/2025 05:00:00 PM,1,DRIVER,,2016052,,UNKNOWN,OTHER (EXPLAIN IN NARRATIVE),,,UNKNOWN,UNKNOWN/NA,UNKNOWN/NA,UNKNOWN,UNKNOWN/NA,,,1,,,,,,,,,,,,,,,,,Y,UNKNOWN,,,,,,,,,,,,,,,,,,,,,,,,,,,,,,,,,
2114799,80feeab079ff1c6aba85f37a85f62123e7a539c0dbe6a4bbb2593791304c3dac6a73c0dd6ed1f0936d9b315baf4435fcb20822ec27708dbde081fbe2d68eba57,07/25/2025 05:00:00 PM,2,PARKED,,2016055,,KIA,STINGER,IL,2021,UNKNOWN,PASSENGER,PERSONAL,E,PARKED,Y,,0,,ALL TOWING RECOVERY,773-619-7519,,,,,,,,Y,Y,,,,,,REAR-LEFT-CORNER,,,,,,,,,,,,,,,,,,,,,,,,,,,,,,,,,
2125752,915546028e157e2c8a4e3bd15429800b8a3ccd58d88a479fab09db889af9d2094c958f071e6188fe8e52723d6506428385a2db1aeeb49e306f6e60cda5d6e8bb,07/25/2025 05:00:00 PM,1,DRIVER,,2026496,,FORD,FUSION,IL,2019,UNKNOWN,PASSENGER,PERSONAL,W,BACKING,,,1,,,,,,,,,,Y,Y,Y,,,,,,REAR-LEFT-CORNER,,,,,,,,,,,,,,,,,,,,,,,,,,,,,,,,,
2125753,915546028e157e2c8a4e3bd15429800b8a3ccd58d88a479fab09db889af9d2094c958f071e6188fe8e52723d6506428385a2db1aeeb49e306f6e60cda5d6e8bb,07/25/2025 05:00:00 PM,2,PARKED,,2026509,,TOYOTA,CAMRY,GA,2025,UNKNOWN,PASSENGER,NOT IN USE,E,PARKED,,,0,,,,,,,,,,,,,,Y,Y,Y,,FRONT-LEFT-CORNER,,,,,,,,,,,,,,,,,,,,,,,,,,,,,,,,,
2114385,d80ea5791dfca52793ebe34c18b9883fef74177ce9d0dad0851ea069e2ef6546158f5e4d9822305550aeb573d5dc523946165a232dd57953bb1a54bc12356a63,07/25/2025 05:00:00 PM,1,DRIVER,1,2015657,,GENERAL MOTORS CORPORATION (GMC),ACADIA,IL,2008,UNKNOWN,PASSENGER,PERSONAL,S,STRAIGHT AHEAD,,,2,,,,,Y,,,,,,,,,,Y,Y,,FRONT,,,,,,,,,,,,,,,,,,,,,,,,,,,,,,,,,
2114386,d80ea5791dfca52793ebe34c18b9883fef74177ce9d0dad0851ea069e2ef6546158f5e4d9822305550aeb573d5dc523946165a232dd57953bb1a54bc12356a63,07/25/2025 05:00:00 PM,2,DRIVER,1,2015669,,HYUNDAI,SANTA FE,IL,2019,NONE,PASSENGER,PERSONAL,S,SLOW/STOP IN TRAFFIC,,,2,,,,,,,,,Y,Y,Y,,,,,,,REAR,,,,,,,,,,,,,,,,,,,,,,,,,,,,,,,,,
2114340,152071b4f50b5e927df82014b785ed52669f60096316cd04c1037254fea159fd94b4e8c9928f640bc124be5a36b68b01e495d292f02c29db10526c72b82ae796,07/25/2025 04:48:00 PM,1,DRIVER,,2015613,,CHEVROLET,MALIBU,IL,2018,UNKNOWN,PASSENGER,PERSONAL,N,TURNING RIGHT,,,1,,,,,Y,,,,,,,,,,,,,FRONT-RIGHT-CORNER,,,,,,,,,,,,,,,,,,,,,,,,,,,,,,,,,
2114341,152071b4f50b5e927df82014b785ed52669f60096316cd04c1037254fea159fd94b4e8c9928f640bc124be5a36b68b01e495d292f02c29db10526c72b82ae796,07/25/2025 04:48:00 PM,2,DRIVER,,2015630,,HONDA,CR-V,IL,2020,UNKNOWN,SPORT UTILITY VEHICLE (SUV),PERSONAL,N,STRAIGHT AHEAD,,,1,,,,,,,,,,,,Y,Y,,,,,SIDE-LEFT,,,,,,,,,,,,,,,,,,,,,,,,,,,,,,,,,
2114366,c21ec04c5af7a7c37c68f67b25526dd0d98f3b0792b7ce6f717faa30633c1c75d944d2f9766bb5551fcf074bbd7e43c6606a327cd2517f47ebb27f57a478c9be,07/25/2025 04:45:00 PM,1,DRIVER,,2015652,,HONDA,CIVIC,IL,2017,NONE,PASSENGER,NOT IN USE,W,STRAIGHT AHEAD,,,1,,,,,,,,,,,,,,,,Y,,FRONT,,,,,,,,,,,,,,,,,,,,,,,,,,,,,,,,,
2114367,c21ec04c5af7a7c37c68f67b25526dd0d98f3b0792b7ce6f717faa30633c1c75d944d2f9766bb5551fcf074bbd7e43c6606a327cd2517f47ebb27f57a478c9be,07/25/2025 04:45:00 PM,2,DRIVER,,2015663,,TOYOTA,RAV4,,2002,NONE,SPORT UTILITY VEHICLE (SUV),PERSONAL,W,STRAIGHT AHEAD,,,1,,,,,,,,,,Y,Y,,,,,,,REAR,,,,,,,,,,,,,,,,,,,,,,,,,,,,,,,,,
2114364,d2b5ed5ad51cea8b85b9254821bf634dff15313a3a80a7354e6acd35c74a9bd41e79de0f360ed1830c0ccd7e566e2e9fe23297db1226df608d8e9a7a17dcb8a5,07/25/2025 04:45:00 PM,1,DRIVER,,2015645,,JEEP,GRAND CHEROKEE,IL,2017,NONE,PASSENGER,PERSONAL,E,TURNING RIGHT,,,1,,,,,Y,,,,,,,,,,Y,Y,,FRONT-RIGHT-CORNER,,,,,,,,,,,,,,,,,,,,,,,,,,,,,,,,,
2114365,d2b5ed5ad51cea8b85b9254821bf634dff15313a3a80a7354e6acd35c74a9bd41e79de0f360ed1830c0ccd7e566e2e9fe23297db1226df608d8e9a7a17dcb8a5,07/25/2025 04:45:00 PM,2,DRIVER,1,2015664,,JEEP,LAREDO,IL,2021,NONE,PASSENGER,PERSONAL,N,STRAIGHT AHEAD,,,2,,,,,,,,,N,Y,Y,,,,,,,REAR-LEFT-CORNER,,,,,,,,,,,,,,,,,,,,,,,,,,,,,,,,,
2114620,41f58fc5590c01cf6101782425d8955ade46fea35d55ebad545be789f0db4a46f5e05014eb35d6e68ce0dc6d6fbedc4047e675bfac8b6c92cc2c4b1f26f39a59,07/25/2025 04:38:00 PM,1,DRIVER,,2015875,,NISSAN,ALTIMA,IL,2021,UNKNOWN,PASSENGER,UNKNOWN/NA,N,CHANGING LANES,,,1,,,,,,,,,,,,,,Y,Y,,Y,FRONT-LEFT-CORNER,,,,,,,,,,,,,,,,,,,,,,,,,,,,,,,,,
2114621,41f58fc5590c01cf6101782425d8955ade46fea35d55ebad545be789f0db4a46f5e05014eb35d6e68ce0dc6d6fbedc4047e675bfac8b6c92cc2c4b1f26f39a59,07/25/2025 04:38:00 PM,2,DRIVER,,2015884,,TOYOTA,AVALON,IL,2015,NONE,PASSENGER,PERSONAL,N,CHANGING LANES,,,1,,,,,Y,Y,,,,,,,,,,,Y,UNKNOWN,,,,,,,,,,,,,,,,,,,,,,,,,,,,,,,,,
2114413,515124cc041dd4d5201e64991bb1f9376f7b0f5a056b400afc65cf8812ecb53ffea52a145ef7aac2a2e4580bd5169d08b9df6717bf935e768c8a6a026f7f6f88,07/25/2025 04:37:00 PM,1,DRIVER,,2015687,,FORD,OTHER (EXPLAIN IN NARRATIVE),IL,1993,UNKNOWN,UNKNOWN/NA,UNKNOWN/NA,N,PASSING/OVERTAKING,,,1,,,,,,,,,,,,,,,,,Y,SIDE-RIGHT,,,,,,,,,,,,,,,,,,,,,,,,,,,,,,,,,
2114414,515124cc041dd4d5201e64991bb1f9376f7b0f5a056b400afc65cf8812ecb53ffea52a145ef7aac2a2e4580bd5169d08b9df6717bf935e768c8a6a026f7f6f88,07/25/2025 04:37:00 PM,2,DRIVER,,2015699,,HYUNDAI,ACCENT,IL,2021,UNKNOWN,UNKNOWN/NA,UNKNOWN/NA,N,STRAIGHT AHEAD,,,1,,,,,,,,,,,,,,Y,Y,,,SIDE-LEFT-FRONT,,,,,,,,,,,,,,,,,,,,,,,,,,,,,,,,,
2114350,3b60471270f09fd0424d7d07b813ebb11920619e5421cd1702a6b80547e5f2dc7d6a5d9a716e3a52834f63b802a498331fffc33e1fb65818eee94b7e01c36a8b,07/25/2025 04:35:00 PM,1,DRIVER,,2015649,,TOYOTA,RAV4,IL,2023,NONE,PASSENGER,PERSONAL,E,U-TURN,,,1,,,,,,,,,,,,,Y,,,,,SIDE-LEFT,,,,,,,,,,,,,,,,,,,,,,,,,,,,,,,,,
2114351,3b60471270f09fd0424d7d07b813ebb11920619e5421cd1702a6b80547e5f2dc7d6a5d9a716e3a52834f63b802a498331fffc33e1fb65818eee94b7e01c36a8b,07/25/2025 04:35:00 PM,2,DRIVER,1,2015625,,LEXUS,RX,IL,2013,NONE,PASSENGER,PERSONAL,E,STRAIGHT AHEAD,,,2,,,,,Y,,,,,,,,,,,Y,,FRONT-RIGHT-CORNER,,,,,,,,,,,,,,,,,,,,,,,,,,,,,,,,,
2114348,3da32606943f4723671403dc6c52feb958ad03f913387beaa70b89f6638faf1497d22e383df5754aed12890fc9928660368b5f301f9481a580e821c321ddd435,07/25/2025 04:35:00 PM,1,DRIVER,,2015620,,FORD,EDGE,IL,2007,UNKNOWN,PASSENGER,UNKNOWN/NA,N,BACKING,,,1,,,,,,,,,,Y,,,,,,N,,REAR,,,,,,,,,,,,,,,,,,,,,,,,,,,,,,,,,
2114349,3da32606943f4723671403dc6c52feb958ad03f913387beaa70b89f6638faf1497d22e383df5754aed12890fc9928660368b5f301f9481a580e821c321ddd435,07/25/2025 04:35:00 PM,2,DRIVER,,2015628,,KIA,FORTE,IL,2023,UNKNOWN,PASSENGER,UNKNOWN/NA,S,SLOW/STOP IN TRAFFIC,,,1,,,,,,,,,,,,,,,,Y,,FRONT,,,,,,,,,,,,,,,,,,,,,,,,,,,,,,,,,
2114405,a359adb95c708c8f1732474e183b77f8716f11cc9ac31d9ed8faa28ae8ce69fd19e18a090aaa35efa01274250a87499d0bc445af5238ec2c8bb016407bc16cb7,07/25/2025 04:35:00 PM,1,DRIVER,,2015700,,KIA,OPTIMA / K5,IL,2014,UNKNOWN,UNKNOWN/NA,UNKNOWN/NA,N,UNKNOWN/NA,,,1,,,,,,,,,,,,,,Y,Y,Y,,FRONT-LEFT-CORNER,,,,,,,,,,,,,,,,,,,,,,,,,,,,,,,,,
2114406,a359adb95c708c8f1732474e183b77f8716f11cc9ac31d9ed8faa28ae8ce69fd19e18a090aaa35efa01274250a87499d0bc445af5238ec2c8bb016407bc16cb7,07/25/2025 04:35:00 PM,2,DRIVER,,2015682,,FORD,FLEX,IL,2009,NONE,PASSENGER,PERSONAL,S,STRAIGHT AHEAD,,,1,,,,,Y,Y,Y,,,,,,,,,Y,,FRONT-RIGHT-CORNER,,,,,,,,,,,,,,,,,,,,,,,,,,,,,,,,,
2114391,197af163db22ec1db0fb8e39c0dbac8affcebde2798a4d99bba5711205bf38ce08693f5e092b85d9a09aefa840b377fef33deca9a0abfa1a9d98f6263534a9a3,07/25/2025 04:30:00 PM,1,DRIVER,,2015666,,TOYOTA,RAV4,IL,2021,NONE,PASSENGER,PERSONAL,N,ENTERING TRAFFIC LANE FROM PARKING,,,1,,,,,,,,,,,,,Y,Y,Y,N,,FRONT-LEFT-CORNER,,,,,,,,,,,,,,,,,,,,,,,,,,,,,,,,,
2114392,197af163db22ec1db0fb8e39c0dbac8affcebde2798a4d99bba5711205bf38ce08693f5e092b85d9a09aefa840b377fef33deca9a0abfa1a9d98f6263534a9a3,07/25/2025 04:30:00 PM,2,DRIVER,1,2015677,,BMW,X5,IL,2015,NONE,PASSENGER,PERSONAL,N,STRAIGHT AHEAD,,,2,,,,,Y,Y,Y,,,,,,,,,,,FRONT-RIGHT-CORNER,,,,,,,,,,,,,,,,,,,,,,,,,,,,,,,,,
2115034,4b386869c522a31d04c672611235422089fe3529157530b21ef79dec83f3cfe60793e9a38e99b7ed275ab3db9b46784d0df8ca6d1e6b3af008b70197ee1f9e8d,07/25/2025 04:30:00 PM,1,DRIVER,,2016269,,UNKNOWN,MOTORIZED,,,UNKNOWN,UNKNOWN/NA,UNKNOWN/NA,UNKNOWN,UNKNOWN/NA,,,1,,,,,,,,,,,,,,,,,Y,UNKNOWN,,,,,,,,,,,,,,,,,,,,,,,,,,,,,,,,,
2115035,4b386869c522a31d04c672611235422089fe3529157530b21ef79dec83f3cfe60793e9a38e99b7ed275ab3db9b46784d0df8ca6d1e6b3af008b70197ee1f9e8d,07/25/2025 04:30:00 PM,2,PARKED,,2016276,,HYUNDAI,ACCENT,IL,2012,NONE,PASSENGER,PERSONAL,UNKNOWN,PARKED,Y,,0,,OWNER,UNKNOWN,,,Y,,,,,,,Y,Y,Y,,,SIDE-LEFT,,,,,,,,,,,,,,,,,,,,,,,,,,,,,,,,,
2121025,4d414df8bf66a71380c409ae569f6c802c423eaf9235244db0fbc8596d841c8b73ca074528ceac2de46d6ff462fc34ddb9e79e6f5ad4a534315d1602ead56685,07/25/2025 04:30:00 PM,1,DRIVER,,2021974,,FORD,FUSION,,,UNKNOWN,PASSENGER,UNKNOWN/NA,NW,STARTING IN TRAFFIC,,,1,,,,,,,,,,,,,,,Y,,,FRONT-LEFT-CORNER,,,,,,,,,,,,,,,,,,,,,,,,,,,,,,,,,
2121026,4d414df8bf66a71380c409ae569f6c802c423eaf9235244db0fbc8596d841c8b73ca074528ceac2de46d6ff462fc34ddb9e79e6f5ad4a534315d1602ead56685,07/25/2025 04:30:00 PM,2,DRIVER,,2021977,,VOLKSWAGEN,TIGUAN,,,UNKNOWN,PASSENGER,UNKNOWN/NA,NW,OTHER,,,1,,,,,,,,,Y,,,,,,,,,REAR-RIGHT-CORNER,,,,,,,,,,,,,,,,,,,,,,,,,,,,,,,,,
2114330,61a7f66bd7897f38896e330912f0ad5ad429875642aa39e1faf166cfaff8bec9bd30272a39969d0d4e4364fde0433f6bcfe30f82103fbb50be1d77fff208226d,07/25/2025 04:30:00 PM,1,DRIVER,,2015605,,HONDA,CIVIC,IL,2014,UNKNOWN,PASSENGER,PERSONAL,S,CHANGING LANES,,,1,,,,,,Y,Y,Y,,,,,,,,,,SIDE-RIGHT,,,,,,,,,,,,,,,,,,,,,,,,,,,,,,,,,
2114331,61a7f66bd7897f38896e330912f0ad5ad429875642aa39e1faf166cfaff8bec9bd30272a39969d0d4e4364fde0433f6bcfe30f82103fbb50be1d77fff208226d,07/25/2025 04:30:00 PM,2,DRIVER,,2015607,,HONDA,HR-V,IL,2020,NONE,SPORT UTILITY VEHICLE (SUV),PERSONAL,S,STRAIGHT AHEAD,,,1,,,,,,,,,,,,Y,Y,Y,,,,SIDE-LEFT,,,,,,,,,,,,,,,,,,,,,,,,,,,,,,,,,
2116436,edf1375b637484bc5b18f4f5036990e27180db86d7e24cd28ad1d331a35dfcce3437cc408534548306d705928d7c750c29771f84204accad88d457e1969e2900,07/25/2025 04:30:00 PM,1,DRIVER,,2017610,,UNKNOWN,OTHER (EXPLAIN IN NARRATIVE),,,UNKNOWN,UNKNOWN/NA,UNKNOWN/NA,UNKNOWN,UNKNOWN/NA,,,1,,,,,,,,,,,,,,,,,Y,UNKNOWN,,,,,,,,,,,,,,,,,,,,,,,,,,,,,,,,,
2116437,edf1375b637484bc5b18f4f5036990e27180db86d7e24cd28ad1d331a35dfcce3437cc408534548306d705928d7c750c29771f84204accad88d457e1969e2900,07/25/2025 04:30:00 PM,2,PARKED,,2017614,,PORSCHE,PANAMERA,IL,2018,NONE,PASSENGER,PERSONAL,UNKNOWN,PARKED,,,0,,,,,,,,,,Y,Y,Y,,,,,,SIDE-LEFT-REAR,,,,,,,,,,,,,,,,,,,,,,,,,,,,,,,,,
2114344,03351ca57ea3b788517979fd0bb4c1a8eee874f27c97d607ad1a6192be752605485611799c18d01d225d8346d90a65c6537592d8efab7a3e7f2deb516492a783,07/25/2025 04:25:00 PM,1,BICYCLE,,,,,,,,,,,,,,,,,,,,,,,,,,,,,,,,,,,,,,,,,,,,,,,,,,,,,,,,,,,,,,,,,,
2114345,03351ca57ea3b788517979fd0bb4c1a8eee874f27c97d607ad1a6192be752605485611799c18d01d225d8346d90a65c6537592d8efab7a3e7f2deb516492a783,07/25/2025 04:25:00 PM,2,DRIVER,2,2015637,,INFINITI,FX35,IL,2009,UNKNOWN,SPORT UTILITY VEHICLE (SUV),PERSONAL,E,STRAIGHT AHEAD,,,3,,,,,,,,,,,,,,,,Y,,FRONT,,,,,,,,,,,,,,,,,,,,,,,,,,,,,,,,,
2114370,b0399eac7402c5af0728a2f95c5938a837865c36e7cf4ecac1910c10f871bfb0613f02e3a426281018765208c17b592d2fa7bc129a721599ea767661a0ce5d15,07/25/2025 04:25:00 PM,1,DRIVER,,2015650,,FORD,EXPLORER,IL,2013,NONE,PASSENGER,PERSONAL,S,TURNING RIGHT,,,1,,,,,Y,Y,,,,,,,,,,,,FRONT-RIGHT-CORNER,,,,,,,,,,,,,,,,,,,,,,,,,,,,,,,,,
2114371,b0399eac7402c5af0728a2f95c5938a837865c36e7cf4ecac1910c10f871bfb0613f02e3a426281018765208c17b592d2fa7bc129a721599ea767661a0ce5d15,07/25/2025 04:25:00 PM,2,DRIVER,,2015665,,AUDI,90,IL,2016,NONE,PASSENGER,PERSONAL,S,STRAIGHT AHEAD,Y,,1,,,,,Y,Y,,,,,Y,Y,Y,,,,,REAR-LEFT-CORNER,,,,,,,,,,,,,,,,,,,,,,,,,,,,,,,,,
2114372,b0399eac7402c5af0728a2f95c5938a837865c36e7cf4ecac1910c10f871bfb0613f02e3a426281018765208c17b592d2fa7bc129a721599ea767661a0ce5d15,07/25/2025 04:25:00 PM,3,DRIVER,,2015675,,NISSAN,CUBE,IL,2009,NONE,PASSENGER,PERSONAL,S,STRAIGHT AHEAD,,,1,,,,,,,,,,Y,Y,Y,Y,,,,,REAR-LEFT-CORNER,,,,,,,,,,,,,,,,,,,,,,,,,,,,,,,,,
2114320,d6f8d1855d1566c8914603b7d8f55f7752900578d8294102587de9b458b43cd90269b788d9769922c678d61a4001fc1d99190fd19b5ba25b3d3e11c0c3b7c640,07/25/2025 04:25:00 PM,1,DRIVER,,2015598,,TOYOTA,PRIUS,IL,2005,UNKNOWN,PASSENGER,UNKNOWN/NA,S,UNKNOWN/NA,,,1,,,,,,,,,,,,,,,,,,UNKNOWN,,,,,,,,,,,,,,,,,,,,,,,,,,,,,,,,,
2114321,d6f8d1855d1566c8914603b7d8f55f7752900578d8294102587de9b458b43cd90269b788d9769922c678d61a4001fc1d99190fd19b5ba25b3d3e11c0c3b7c640,07/25/2025 04:25:00 PM,2,BICYCLE,,,,,,,,,,,,,,,,,,,,,,,,,,,,,,,,,,,,,,,,,,,,,,,,,,,,,,,,,,,,,,,,,,
2114831,f9810349a2d392090c108ba94f93d152bd092e317352f4ef0f7d8fad7f6d60c83d361c813288116dd9d7d8cf10cc04c2495d7d0f08826d6713ee89b7a912458e,07/25/2025 04:20:00 PM,1,DRIVER,,2016084,,JEEP,COMPASS,AL,,UNKNOWN,PASSENGER,UNKNOWN/NA,W,STRAIGHT AHEAD,,,1,,,,Y,,,,,,,,,,,,Y,,FRONT,,,,,,,,,,,,,,,,,,,,,,,,,,,,,,,,,
2114832,f9810349a2d392090c108ba94f93d152bd092e317352f4ef0f7d8fad7f6d60c83d361c813288116dd9d7d8cf10cc04c2495d7d0f08826d6713ee89b7a912458e,07/25/2025 04:20:00 PM,2,DRIVER,,2016091,,BMW,X3,IL,,NONE,PASSENGER,PERSONAL,W,SLOW/STOP IN TRAFFIC,,,1,,,,,,,,,,Y,,,,,,,,REAR,,,,,,,,,,,,,,,,,,,,,,,,,,,,,,,,,
2114403,4ef9347b54802fcb1d1210ef446091111ffa0b3cb1269aabf2309c7a90ef7ae7718af82043953e1784e344ce65ac1fa0372de194005a3fd65ec7b00784ba151a,07/25/2025 04:17:00 PM,1,DRIVER,1,2015680,,HYUNDAI,SANTA FE,IL,2005,UNKNOWN,PASSENGER,PERSONAL,N,TURNING RIGHT,,,2,,,,,,,,,,,,,,,Y,,,FRONT-LEFT-CORNER,,,,,,,,,,,,,,,,,,,,,,,,,,,,,,,,,
2114404,4ef9347b54802fcb1d1210ef446091111ffa0b3cb1269aabf2309c7a90ef7ae7718af82043953e1784e344ce65ac1fa0372de194005a3fd65ec7b00784ba151a,07/25/2025 04:17:00 PM,2,DRIVER,,2015697,,JEEP,WRANGLER,IL,2017,UNKNOWN,PASSENGER,PERSONAL,E,STRAIGHT AHEAD,,,1,,,,,,,,,Y,,,,,,,,,NONE,,,,,,,,,,,,,,,,,,,,,,,,,,,,,,,,,
2114338,3bf161808bb8ba65f7b9cb78ccb5b8d36f5e0227aeb2535d257af7f70abf781ad49afa97999c467f52c6e577381420d0e72a42f04a7f1e9873e8fe5b5416ad8e,07/25/2025 04:16:00 PM,1,DRIVER,3,2015611,,HONDA,HR-V,IL,2022,NONE,PASSENGER,PERSONAL,S,STRAIGHT AHEAD,,,4,,,,,,Y,Y,Y,,,,,,,,,,SIDE-RIGHT,,,,,,,,,,,,,,,,,,,,,,,,,,,,,,,,,
2114339,3bf161808bb8ba65f7b9cb78ccb5b8d36f5e0227aeb2535d257af7f70abf781ad49afa97999c467f52c6e577381420d0e72a42f04a7f1e9873e8fe5b5416ad8e,07/25/2025 04:16:00 PM,2,DRIVER,,2015629,,TOYOTA,COROLLA,IL,2005,NONE,PASSENGER,PERSONAL,E,STRAIGHT AHEAD,,,1,,,,,Y,,,,,,,,,,Y,Y,,FRONT,,,,,,,,,,,,,,,,,,,,,,,,,,,,,,,,,