CRASH_UNIT_ID,CRASH_RECORD_ID,CRASH_DATE,UNIT_NO,UNIT_TYPE,NUM_PASSENGERS,VEHICLE_ID,CMRC_VEH_I,MAKE,MODEL,LIC_PLATE_STATE,VEHICLE_YEAR,VEHICLE_DEFECT,VEHICLE_TYPE,VEHICLE_USE,TRAVEL_DIRECTION,MANEUVER,TOWED_I,FIRE_I,OCCUPANT_CNT,EXCEED_SPEED_LIMIT_I,TOWED_BY,TOWED_TO,AREA_00_I,AREA_01_I,AREA_02_I,AREA_03_I,AREA_04_I,AREA_05_I,AREA_06_I,AREA_07_I,AREA_08_I,AREA_09_I,AREA_10_I,AREA_11_I,AREA_12_I,AREA_99_I,FIRST_CONTACT_POINT,CMV_ID,USDOT_NO,CCMC_NO,ILCC_NO,COMMERCIAL_SRC,GVWR,CARRIER_NAME,CARRIER_STATE,CARRIER_CITY,HAZMAT_PLACARDS_I,HAZMAT_NAME,UN_NO,HAZMAT_PRESENT_I,HAZMAT_REPORT_I,HAZMAT_REPORT_NO,MCS_REPORT_I,MCS_REPORT_NO,HAZMAT_VIO_CAUSE_CRASH_I,MCS_VIO_CAUSE_CRASH_I,IDOT_PERMIT_NO,WIDE_LOAD_I,TRAILER1_WIDTH,TRAILER2_WIDTH,TRAILER1_LENGTH,TRAILER2_LENGTH,TOTAL_VEHICLE_LENGTH,AXLE_CNT,VEHICLE_CONFIG,CARGO_BODY_TYPE,LOAD_TYPE,HAZMAT_OUT_OF_SERVICE_I,MCS_OUT_OF_SERVICE_I,HAZMAT_CLASS
2114336,78a9b5a59c9094148e4bd7e163574d7a4e26981e92967a9277b3af0303541ec80c6f9764a83657165520dd02d5dca9ff08cabeecd8172c6688f0c0600b0943c6,07/25/2025 04:10:00 PM,1,DRIVER,,2015609,,AUDI,Q7,IL,2019,NONE,PASSENGER,PERSONAL,E,SKIDDING/CONTROL LOSS,,,1,,,,,Y,,,,,,,,,,,,,FRONT-RIGHT-CORNER,,,,,,,,,,,,,,,,,,,,,,,,,,,,,,,,,
2114337,78a9b5a59c9094148e4bd7e163574d7a4e26981e92967a9277b3af0303541ec80c6f9764a83657165520dd02d5dca9ff08cabeecd8172c6688f0c0600b0943c6,07/25/2025 04:10:00 PM,2,DRIVER,,2015615,,FORD,FOCUS,IL,2017,NONE,PASSENGER,PERSONAL,N,STRAIGHT AHEAD,,,1,,,,,,,,,,,,,,,Y,,,FRONT-LEFT-CORNER,,,,,,,,,,,,,,,,,,,,,,,,,,,,,,,,,
2114328,93aef0472e0a5af4c92aaee5ece282746ee63a043a2029b1d91abe04bc86a0e6ce3cf6177ad2a076c33e402917155b34a32209d4e23e782fa7e523a7c64d001a,07/25/2025 04:10:00 PM,1,DRIVER,1,2015606,,HONDA,CR-V,IL,2005,NONE,SPORT UTILITY VEHICLE (SUV),UNKNOWN/NA,S,TURNING LEFT,,,2,,,,,Y,Y,,,,,,,,,,,,SIDE-RIGHT-FRONT,,,,,,,,,,,,,,,,,,,,,,,,,,,,,,,,,
2114329,93aef0472e0a5af4c92aaee5ece282746ee63a043a2029b1d91abe04bc86a0e6ce3cf6177ad2a076c33e402917155b34a32209d4e23e782fa7e523a7c64d001a,07/25/2025 04:10:00 PM,2,DRIVER,,2015618,,BMW,328I,IL,2011,NONE,PASSENGER,UNKNOWN/NA,SE,STRAIGHT AHEAD,,,1,,,,,,,,,,,,,Y,Y,Y,,,SIDE-LEFT,,,,,,,,,,,,,,,,,,,,,,,,,,,,,,,,,
2114324,9cb3854b0abd3d746ff98aed4e0d2839997b190b3f6fb0e7bc3531aae5143086db94bef7df9592cba4d6417a551ba095749b6b7e529db341398530548bcc4309,07/25/2025 04:09:00 PM,1,PEDESTRIAN,,,,,,,,,,,,,,,,,,,,,,,,,,,,,,,,,,,,,,,,,,,,,,,,,,,,,,,,,,,,,,,,,,
2114325,9cb3854b0abd3d746ff98aed4e0d2839997b190b3f6fb0e7bc3531aae5143086db94bef7df9592cba4d6417a551ba095749b6b7e529db341398530548bcc4309,07/25/2025 04:09:00 PM,2,DRIVER,,2015621,,ACURA,ADX,IL,2024,NONE,PASSENGER,PERSONAL,E,STRAIGHT AHEAD,,,1,,,,Y,,,,,,,,,,,,,,FRONT,,,,,,,,,,,,,,,,,,,,,,,,,,,,,,,,,
2114310,c3ea6e067b921891dc12c31f02ea8ca906afe0aa9a1cec6e498d8dedc2ebb7e369cb01017b4f8f298069156699bae9341c53047b2a37959aed326337dd016e74,07/25/2025 04:06:00 PM,1,DRIVER,,2015583,,DODGE,JOURNEY,IL,2013,UNKNOWN,PASSENGER,PERSONAL,W,STRAIGHT AHEAD,Y,,1,,PRIVATE TOW,UNKNOWN,,Y,,,,,,,,,,Y,Y,,FRONT,,,,,,,,,,,,,,,,,,,,,,,,,,,,,,,,,
2114311,c3ea6e067b921891dc12c31f02ea8ca906afe0aa9a1cec6e498d8dedc2ebb7e369cb01017b4f8f298069156699bae9341c53047b2a37959aed326337dd016e74,07/25/2025 04:06:00 PM,2,DRIVER,,2015587,,TOYOTA,4RUNNER,IL,2023,UNKNOWN,PASSENGER,PERSONAL,W,STRAIGHT AHEAD,,,1,,,,,,,,,Y,Y,Y,,,,,,,REAR,,,,,,,,,,,,,,,,,,,,,,,,,,,,,,,,,
2114415,e83126ced6cae7ccd341d86dc852286a4f2050683e94b868642f2e64c86482a940ef650fbcbd5b3d0091f8132657a96bfb27dbd091bc6d643796a3992afc1340,07/25/2025 04:05:00 PM,1,DRIVER,,2015689,,HARLEY-DAVIDSON,HARLEY-DAVIDSON,IL,2003,UNKNOWN,MOTORCYCLE (OVER 150CC),PERSONAL,S,PASSING/OVERTAKING,,,1,,,,,,,,,,,,,,,,Y,,FRONT,,,,,,,,,,,,,,,,,,,,,,,,,,,,,,,,,
2114416,e83126ced6cae7ccd341d86dc852286a4f2050683e94b868642f2e64c86482a940ef650fbcbd5b3d0091f8132657a96bfb27dbd091bc6d643796a3992afc1340,07/25/2025 04:05:00 PM,2,DRIVER,,2015696,,DODGE,POWER RAM,IL,2022,UNKNOWN,OTHER,PERSONAL,N,TURNING LEFT,,,1,,,,,,,,,,,,,,,Y,,,FRONT-LEFT-CORNER,,,,,,,,,,,,,,,,,,,,,,,,,,,,,,,,,
2114318,2e78130d42b067475e95ad19943a4ccf4590b377f92e06e6f11c4afdbee44437363d730ae97b7d4f6262801e84d3d5d2765f59b13b0c02904985a65e6a30923a,07/25/2025 04:00:00 PM,1,DRIVER,1,2015617,,FREIGHTLINER CORPORATION,OTHER (EXPLAIN IN NARRATIVE),IL,2016,NONE,OTHER,FIRE,E,TURNING LEFT,,,2,,,,,Y,,,,,,,,,,,,,FRONT-RIGHT-CORNER,,,,,,,,,,,,,,,,,,,,,,,,,,,,,,,,,
2114319,2e78130d42b067475e95ad19943a4ccf4590b377f92e06e6f11c4afdbee44437363d730ae97b7d4f6262801e84d3d5d2765f59b13b0c02904985a65e6a30923a,07/25/2025 04:00:00 PM,2,PARKED,,2015642,,HYUNDAI,SANTA FE,IL,2009,UNKNOWN,SPORT UTILITY VEHICLE (SUV),PERSONAL,W,PARKED,,,0,,,,,Y,,,,,,,,,,,,,FRONT-RIGHT-CORNER,,,,,,,,,,,,,,,,,,,,,,,,,,,,,,,,,
2114362,8d3decdb94b75462564ad0a0c94e16e5924c136f50cdf366cd7e930e451bceb92fbd482943c8502ef81e957ef660f1f93586a843528b067f291295a37bff6be6,07/25/2025 04:00:00 PM,1,DRIVER,,2015639,,CADILLAC,ESCALADE,IL,,UNKNOWN,PASSENGER,PERSONAL,N,STRAIGHT AHEAD,,,1,,,,,Y,,,,,,,,,,Y,Y,,FRONT,,,,,,,,,,,,,,,,,,,,,,,,,,,,,,,,,
2114363,8d3decdb94b75462564ad0a0c94e16e5924c136f50cdf366cd7e930e451bceb92fbd482943c8502ef81e957ef660f1f93586a843528b067f291295a37bff6be6,07/25/2025 04:00:00 PM,2,DRIVER,,2015644,,TESLA,MODEL 3,IN,2022,NONE,PASSENGER,PERSONAL,N,SLOW/STOP IN TRAFFIC,,,1,,,,,,,,,Y,Y,Y,,,,,,,REAR,,,,,,,,,,,,,,,,,,,,,,,,,,,,,,,,,
2114360,ae74f8051bd1b111951d49326980c70846affed26c4f4e73aa3a40aeabccde8f027bc5460d7a1571b41bc7e4b38a094d8d9b68cfc016833995f7bb032111419a,07/25/2025 04:00:00 PM,1,DRIVER,,2015626,,HYUNDAI,SONATA,IL,2023,UNKNOWN,PASSENGER,PERSONAL,W,STRAIGHT AHEAD,,,1,,,,,Y,,,,,,,,,,Y,Y,,FRONT,,,,,,,,,,,,,,,,,,,,,,,,,,,,,,,,,
2114361,ae74f8051bd1b111951d49326980c70846affed26c4f4e73aa3a40aeabccde8f027bc5460d7a1571b41bc7e4b38a094d8d9b68cfc016833995f7bb032111419a,07/25/2025 04:00:00 PM,2,DRIVER,1,2015641,,VOLKSWAGEN,OTHER (EXPLAIN IN NARRATIVE),IL,2023,NONE,PASSENGER,PERSONAL,E,TURNING LEFT,,,2,,,,,Y,,,,,,,,,Y,Y,Y,,FRONT-LEFT-CORNER,,,,,,,,,,,,,,,,,,,,,,,,,,,,,,,,,
2114308,fecfffc1341924bee8cc9070138ffd9c4c1c74157a530ba364cdb09979e709fbafce4ca078cad459ac44c825c3f532e2c172f8d51acea724c35653a70145213b,07/25/2025 04:00:00 PM,1,DRIVER,,2015604,,NISSAN,VERSA,IL,2018,NONE,PASSENGER,PERSONAL,N,STRAIGHT AHEAD,,,1,,,,,N,N,Y,Y,Y,,,,,,,,,SIDE-RIGHT,,,,,,,,,,,,,,,,,,,,,,,,,,,,,,,,,
2114309,fecfffc1341924bee8cc9070138ffd9c4c1c74157a530ba364cdb09979e709fbafce4ca078cad459ac44c825c3f532e2c172f8d51acea724c35653a70145213b,07/25/2025 04:00:00 PM,2,DRIVER,,2015610,,TOYOTA,RAV4,IL,2024,NONE,SPORT UTILITY VEHICLE (SUV),PERSONAL,N,STRAIGHT AHEAD,,,1,,,,,,,,,,,,,,,Y,,,FRONT-LEFT-CORNER,,,,,,,,,,,,,,,,,,,,,,,,,,,,,,,,,
2114377,a4e25f4e753820e29b132a5369c2f02feba2ce81a85051c9b8e8feacb2d2e75b7b01f118ae6bd4715bbd4799e9aecffdca53fe07bd4d51fbc4b4bb2b2e564b84,07/25/2025 03:58:00 PM,1,DRIVER,,2015668,,MITSUBISHI,LANCER,IL,2006,UNKNOWN,PASSENGER,PERSONAL,N,TURNING LEFT,,,1,,,,,,,,,,,,,,,,,Y,UNKNOWN,,,,,,,,,,,,,,,,,,,,,,,,,,,,,,,,,
2114378,a4e25f4e753820e29b132a5369c2f02feba2ce81a85051c9b8e8feacb2d2e75b7b01f118ae6bd4715bbd4799e9aecffdca53fe07bd4d51fbc4b4bb2b2e564b84,07/25/2025 03:58:00 PM,2,BICYCLE,,,,,,,,,,,,,,,,,,,,,,,,,,,,,,,,,,,,,,,,,,,,,,,,,,,,,,,,,,,,,,,,,,
2114987,e7824fa0472f07cd1f9681521d6590eaaecf6a5826a44881a127a0ca53e8058f0daa67d87325c4c2ee8be68aa574072f4fbeac7de59e9f4110ba042e364dd1fa,07/25/2025 03:50:00 PM,1,DRIVER,,2016231,,HONDA,ODYSSEY,IL,2013,NONE,VAN/MINI-VAN,PERSONAL,N,TURNING RIGHT,,,1,,,,,Y,Y,Y,Y,,,,,,,,Y,,FRONT-RIGHT-CORNER,,,,,,,,,,,,,,,,,,,,,,,,,,,,,,,,,
2114988,e7824fa0472f07cd1f9681521d6590eaaecf6a5826a44881a127a0ca53e8058f0daa67d87325c4c2ee8be68aa574072f4fbeac7de59e9f4110ba042e364dd1fa,07/25/2025 03:50:00 PM,2,BICYCLE,,,,,,,,,,,,,,,,,,,,,,,,,,,,,,,,,,,,,,,,,,,,,,,,,,,,,,,,,,,,,,,,,,
2114266,001635e74d4fa64380bd55d107d3ce7d762ba1b722df469be05d8c3a89a85f51b7e347f22a0c221cc9f7aa81cf21604dab0ab04e82f7371a908c1d02ead49cf4,07/25/2025 03:45:00 PM,1,DRIVER,,2015562,,UNKNOWN,OTHER (EXPLAIN IN NARRATIVE),IL,,NONE,SPORT UTILITY VEHICLE (SUV),PERSONAL,UNKNOWN,STRAIGHT AHEAD,,,1,,,,Y,,,,,,,,,,,,,,FRONT-RIGHT-CORNER,,,,,,,,,,,,,,,,,,,,,,,,,,,,,,,,,
2114267,001635e74d4fa64380bd55d107d3ce7d762ba1b722df469be05d8c3a89a85f51b7e347f22a0c221cc9f7aa81cf21604dab0ab04e82f7371a908c1d02ead49cf4,07/25/2025 03:45:00 PM,2,DRIVER,1,2015552,,UNKNOWN,OTHER (EXPLAIN IN NARRATIVE),IL,2010,NONE,PASSENGER,PERSONAL,UNKNOWN,ENTERING TRAFFIC LANE FROM PARKING,,,2,,,,,Y,,,,,,,,,,Y,Y,,FRONT-LEFT-CORNER,,,,,,,,,,,,,,,,,,,,,,,,,,,,,,,,,
2114334,3300af1222200bc44baf93d05e1105ba03df22c80507ac08f6377ec16bb5cfb602344fae099b885ac92685e8746c702dd368faa22b94b092a646cc8ad0e6f438,07/25/2025 03:45:00 PM,1,DRIVER,,2015608,,DODGE,RAM 1500 VAN,IL,1997,UNKNOWN,VAN/MINI-VAN,PERSONAL,N,STRAIGHT AHEAD,,,1,,,,,Y,Y,,,,,,,,Y,Y,Y,,FRONT,,,,,,,,,,,,,,,,,,,,,,,,,,,,,,,,,
2114335,3300af1222200bc44baf93d05e1105ba03df22c80507ac08f6377ec16bb5cfb602344fae099b885ac92685e8746c702dd368faa22b94b092a646cc8ad0e6f438,07/25/2025 03:45:00 PM,2,DRIVER,,2015614,,UNKNOWN,MOTORIZED,IL,,UNKNOWN,UNKNOWN/NA,UNKNOWN/NA,N,UNKNOWN/NA,,,1,,,,,,,,,Y,Y,Y,,,,,,,REAR,,,,,,,,,,,,,,,,,,,,,,,,,,,,,,,,,
2115036,4b97ba4ab04c7e626a597c9cad5d368307fc95394495edac058ea20ba1c49b41b1283ea34f77122661eb32eb3a1a85631feced1640ac549d27c8553357ab1800,07/25/2025 03:45:00 PM,1,DRIVER,,2016268,,UNKNOWN,OTHER (EXPLAIN IN NARRATIVE),,,UNKNOWN,PASSENGER,PERSONAL,SE,STRAIGHT AHEAD,,,1,,,,,,,,,,,,,,,,,Y,UNKNOWN,,,,,,,,,,,,,,,,,,,,,,,,,,,,,,,,,
2115037,4b97ba4ab04c7e626a597c9cad5d368307fc95394495edac058ea20ba1c49b41b1283ea34f77122661eb32eb3a1a85631feced1640ac549d27c8553357ab1800,07/25/2025 03:45:00 PM,2,DRIVER,,2016273,,KIA,FORTE,IL,2024,UNKNOWN,PASSENGER,PERSONAL,SE,SLOW/STOP IN TRAFFIC,,,1,,,,,,,,,,Y,,,,,,,,REAR,,,,,,,,,,,,,,,,,,,,,,,,,,,,,,,,,
2114292,a916d57eca9f153134fb9b8d481e4f2617682e20ed191d5a337c126a9265ff74c670bfc5e27cf0b01f4a733068c705cf0246da5291d194282a57e3358cda830c,07/25/2025 03:42:00 PM,1,DRIVER,,2015592,,FORD,TRANSIT,IL,2023,NONE,VAN/MINI-VAN,OTHER,S,CHANGING LANES,,,1,,,,,,,Y,Y,,,,,,,,,,SIDE-RIGHT,,,,,,,,,,,,,,,,,,,,,,,,,,,,,,,,,
2114293,a916d57eca9f153134fb9b8d481e4f2617682e20ed191d5a337c126a9265ff74c670bfc5e27cf0b01f4a733068c705cf0246da5291d194282a57e3358cda830c,07/25/2025 03:42:00 PM,2,DRIVER,3,2015595,,KIA,OPTIMA / K5,IL,2020,NONE,PASSENGER,PERSONAL,S,STRAIGHT AHEAD,,,4,,,,,,,,,,,,,,Y,Y,,,FRONT-LEFT-CORNER,,,,,,,,,,,,,,,,,,,,,,,,,,,,,,,,,
2114282,2e53df13cadd9759d40333e6709dc6b841ca4a44b977dffb8c8a0456d22dc8a857737b3961df1b5d5ab7410fc6c5ce763bc8e5b4a4549d8b22658071726732ee,07/25/2025 03:36:00 PM,1,DRIVER,,2015578,,UNKNOWN,OTHER (EXPLAIN IN NARRATIVE),,,UNKNOWN,PASSENGER,UNKNOWN/NA,E,STRAIGHT AHEAD,,,1,,,,,,,,,,,,,,,,,Y,FRONT,,,,,,,,,,,,,,,,,,,,,,,,,,,,,,,,,
2114283,2e53df13cadd9759d40333e6709dc6b841ca4a44b977dffb8c8a0456d22dc8a857737b3961df1b5d5ab7410fc6c5ce763bc8e5b4a4549d8b22658071726732ee,07/25/2025 03:36:00 PM,2,DRIVER,,2015584,,TOYOTA,TACOMA,VA,2023,NONE,PASSENGER,PERSONAL,E,STRAIGHT AHEAD,,,1,,,,,,,,,Y,Y,Y,,,,,,,REAR,,,,,,,,,,,,,,,,,,,,,,,,,,,,,,,,,
2114285,066c513205014aef67b4a337b2500058fd8fd075e274d27cfced27d087f51d6a8c468f9ab07b69f89d27db0cb0a181b8d1b53de609c9c804ea5093717aaee468,07/25/2025 03:30:00 PM,1,DRIVER,1,2015563,,LEXUS,GS350,IL,2013,UNKNOWN,PASSENGER,UNKNOWN/NA,S,STRAIGHT AHEAD,,,2,,,,,,,,,,,,,,,,Y,,FRONT,,,,,,,,,,,,,,,,,,,,,,,,,,,,,,,,,
2114286,066c513205014aef67b4a337b2500058fd8fd075e274d27cfced27d087f51d6a8c468f9ab07b69f89d27db0cb0a181b8d1b53de609c9c804ea5093717aaee468,07/25/2025 03:30:00 PM,2,DRIVER,2,2015572,,TOYOTA,RAV4,IL,1997,NONE,PICKUP,UNKNOWN/NA,S,SLOW/STOP IN TRAFFIC,,,3,,,,,,,,,,Y,,,,,,,,REAR,,,,,,,,,,,,,,,,,,,,,,,,,,,,,,,,,
2116348,998409418b9894eee1cf11d902f07cd1e883cbda192a4d7726c8a5feddbaf9890795f8e67790e02783d4e78ed8ff1d4490e0302d2e23868362207b5d146dc1b7,07/25/2025 03:30:00 PM,1,DRIVER,,2017525,,HYUNDAI,OTHER (EXPLAIN IN NARRATIVE),IL,2020,UNKNOWN,PASSENGER,UNKNOWN/NA,W,STRAIGHT AHEAD,,,1,,,,,,,,,,,,,,,,,Y,FRONT,,,,,,,,,,,,,,,,,,,,,,,,,,,,,,,,,
2116349,998409418b9894eee1cf11d902f07cd1e883cbda192a4d7726c8a5feddbaf9890795f8e67790e02783d4e78ed8ff1d4490e0302d2e23868362207b5d146dc1b7,07/25/2025 03:30:00 PM,2,DRIVER,,2017527,,TOYOTA,CAMRY,IL,2007,NONE,PASSENGER,PERSONAL,N,STRAIGHT AHEAD,,,1,,,,,Y,Y,Y,,,,,,,,,,,SIDE-RIGHT-FRONT,,,,,,,,,,,,,,,,,,,,,,,,,,,,,,,,,
2114307,0bbcf29d5fbda2276827367b84b7f82839824b2ea5cb804dbe15be2a8cbbe28ba81d1c3a53e60f85876e57a94f591d1a75df9dfca87d1e1ae0cc6f7d92856939,07/25/2025 03:28:00 PM,1,DRIVER,,2015590,,HONDA,CR-V,IL,2016,UNKNOWN,PASSENGER,PERSONAL,N,BACKING,,,1,,,,,,,,,,Y,Y,Y,,,,,,REAR-LEFT-CORNER,,,,,,,,,,,,,,,,,,,,,,,,,,,,,,,,,
2114295,501f1f80e5815bc0523bc72864171274623230e14c4afa692eebc13a8ef28be51d7bc86cbc6123a9914d5a52a78dc35e9c6ff2ce888d017c96f29f9e78c34371,07/25/2025 03:25:00 PM,1,DRIVER,,2015580,,ACURA,ILX,KS,2021,UNKNOWN,PASSENGER,PERSONAL,W,STRAIGHT AHEAD,Y,,1,,city of chiocago,pound 1,,,,,,,Y,Y,Y,Y,,,,,REAR-LEFT-CORNER,,,,,,,,,,,,,,,,,,,,,,,,,,,,,,,,,
2114296,501f1f80e5815bc0523bc72864171274623230e14c4afa692eebc13a8ef28be51d7bc86cbc6123a9914d5a52a78dc35e9c6ff2ce888d017c96f29f9e78c34371,07/25/2025 03:25:00 PM,2,DRIVER,,2015589,,FREIGHTLINER CORPORATION,FREIGHTLINER CORP.,IL,2007,NONE,TRUCK - SINGLE UNIT,COMMERCIAL - SINGLE UNIT,N,STRAIGHT AHEAD,,,1,,,,,Y,,,,,,,,,,,Y,,FRONT-RIGHT-CORNER,,,,,,,,,,,,,,,,,,,,,,,,,,,,,,,,,
2114261,5023eff32d176f67094da3a079047a9ff1d2c95edf94dbcd69736eb76dc1eecf14a6104d0b1d0e2b381b5c21516d47d9f1b77fe48ad69ef85667649ca72ce72c,07/25/2025 03:25:00 PM,1,DRIVER,,2015567,,CHRYSLER,300,IL,2015,NONE,PASSENGER,PERSONAL,S,MERGING,,,1,,,,Y,,,,,,,,,,,,,,NONE,,,,,,,,,,,,,,,,,,,,,,,,,,,,,,,,,
2114262,5023eff32d176f67094da3a079047a9ff1d2c95edf94dbcd69736eb76dc1eecf14a6104d0b1d0e2b381b5c21516d47d9f1b77fe48ad69ef85667649ca72ce72c,07/25/2025 03:25:00 PM,2,DRIVER,,2015556,,NISSAN,SENTRA,IL,2011,UNKNOWN,UNKNOWN/NA,UNKNOWN/NA,S,STRAIGHT AHEAD,,,1,,,,,,,,,,,,,,Y,Y,,,FRONT-LEFT-CORNER,,,,,,,,,,,,,,,,,,,,,,,,,,,,,,,,,
2114316,e8a5ae72159187604f5b3821cf37ad0af6e097e15fa06fd8ed5221d53ebeef39917e1b95728edbc1abd0461f9ebf71a5ff45ecf6542b6ff61aa6fae049c71913,07/25/2025 03:25:00 PM,1,DRIVER,,2015751,,CHEVROLET,MALIBU,IL,2018,UNKNOWN,PASSENGER,PERSONAL,E,TURNING LEFT,,,1,,,,,Y,N,,,,,,,,,Y,Y,,FRONT-LEFT-CORNER,,,,,,,,,,,,,,,,,,,,,,,,,,,,,,,,,
2114317,e8a5ae72159187604f5b3821cf37ad0af6e097e15fa06fd8ed5221d53ebeef39917e1b95728edbc1abd0461f9ebf71a5ff45ecf6542b6ff61aa6fae049c71913,07/25/2025 03:25:00 PM,2,DRIVER,,2015765,,CADILLAC,DEVILLE,IL,2002,UNKNOWN,PASSENGER,PERSONAL,S,SLOW/STOP IN TRAFFIC,,,1,,,,,Y,Y,,,,,,,,,,Y,,FRONT-RIGHT-CORNER,,,,,,,,,,,,,,,,,,,,,,,,,,,,,,,,,
2114290,f86be6997ccf6ddfc305f5ac90c4018cd4f7d1e39f02d622080add7b81a8d8c2d23af57fc17d020283657b9388d6cdc0daef51518fcd726e02276acf6a1a792c,07/25/2025 03:25:00 PM,1,DRIVER,,2015574,,HYUNDAI,SANTA FE,IL,2009,UNKNOWN,SPORT UTILITY VEHICLE (SUV),PERSONAL,N,STRAIGHT AHEAD,,,1,,,,,,,,,,,,,,,,Y,,FRONT,,,,,,,,,,,,,,,,,,,,,,,,,,,,,,,,,
2114291,f86be6997ccf6ddfc305f5ac90c4018cd4f7d1e39f02d622080add7b81a8d8c2d23af57fc17d020283657b9388d6cdc0daef51518fcd726e02276acf6a1a792c,07/25/2025 03:25:00 PM,2,DRIVER,,2015569,,CHRYSLER,TOWN & COUNTRY,IL,2010,UNKNOWN,VAN/MINI-VAN,PERSONAL,N,STRAIGHT AHEAD,,,1,,,,,,,,,,Y,,,,,,,,REAR,,,,,,,,,,,,,,,,,,,,,,,,,,,,,,,,,
2114356,c44fdd8ea0e93a1f3ddb49545d4f16a766965e6a23704cde07b18a4f15a8a8f53e9987c785be44047c4e91be3d1e2b8fc14904c905dde56e27770d568cceabc6,07/25/2025 03:20:00 PM,1,DRIVER,,2015627,Y,UNKNOWN,OTHER (EXPLAIN IN NARRATIVE),IL,2022,NONE,TRUCK - SINGLE UNIT,OTHER,N,CHANGING LANES,,,1,,,,,,,,,,,Y,,,,,,,REAR-LEFT-CORNER,"21,892",,,,,,ENTERPRISE TRUCKS,IL,,,,,N,N,,N,,N,N,,,,,,,,,"SINGLE UNIT TRUCK, 2 AXLES, 6 TIRES",OTHER,OTHER,N,N,
2114357,c44fdd8ea0e93a1f3ddb49545d4f16a766965e6a23704cde07b18a4f15a8a8f53e9987c785be44047c4e91be3d1e2b8fc14904c905dde56e27770d568cceabc6,07/25/2025 03:20:00 PM,2,DRIVER,,2015640,,BMW,OTHER (EXPLAIN IN NARRATIVE),IL,2018,NONE,PASSENGER,PERSONAL,N,STRAIGHT AHEAD,,,1,,,,,Y,Y,Y,Y,Y,,,,,,,,,SIDE-LEFT,,,,,,,,,,,,,,,,,,,,,,,,,,,,,,,,,
2114305,f3d8d0cfb1fa1bdaad86c7c43169e41bde425d6843022ebd1bcadafc61fef2aca92959da68e24fb939a5645ef73ff9cdb52f4240504a54543fb98ea152752043,07/25/2025 03:20:00 PM,1,DRIVER,,2015579,,HONDA,CR-V,IL,2007,UNKNOWN,SPORT UTILITY VEHICLE (SUV),PERSONAL,W,STRAIGHT AHEAD,,,1,,,,,,Y,,,,,,,,,,,,SIDE-RIGHT-FRONT,,,,,,,,,,,,,,,,,,,,,,,,,,,,,,,,,
2114306,f3d8d0cfb1fa1bdaad86c7c43169e41bde425d6843022ebd1bcadafc61fef2aca92959da68e24fb939a5645ef73ff9cdb52f4240504a54543fb98ea152752043,07/25/2025 03:20:00 PM,2,DRIVER,,2015585,,FORD,TRANSIT,IL,2024,UNKNOWN,TRUCK - SINGLE UNIT,OTHER,W,STRAIGHT AHEAD,,,1,,,,,,,,,,,,Y,,,,,,SIDE-LEFT-REAR,,,,,,,,,,,,,,,,,,,,,,,,,,,,,,,,,
2114276,1f31298f3b9f97cc09c5c40b59f7a166b2697d389d5d7fd58b1439466cdb860b108ae884329dbe8b3226b2059d29c49f9648d68741ee9c14e0f4cb4a2309058a,07/25/2025 03:19:00 PM,2,DRIVER,,2015575,,JEEP,CHEROKEE,IL,2019,NONE,PASSENGER,PERSONAL,S,STRAIGHT AHEAD,,,1,,,,,Y,Y,,,,,,,,,,Y,,FRONT-RIGHT-CORNER,,,,,,,,,,,,,,,,,,,,,,,,,,,,,,,,,
2114284,1f31298f3b9f97cc09c5c40b59f7a166b2697d389d5d7fd58b1439466cdb860b108ae884329dbe8b3226b2059d29c49f9648d68741ee9c14e0f4cb4a2309058a,07/25/2025 03:19:00 PM,1,DRIVER,,2015560,,KIA,SORENTO,IL,2018,UNKNOWN,PASSENGER,PERSONAL,E,STRAIGHT AHEAD,Y,,1,,CITY OF CHICAGO,POUND 2,,,,,,,,Y,Y,,,,,,REAR-LEFT-CORNER,,,,,,,,,,,,,,,,,,,,,,,,,,,,,,,,,
2114326,415e1980b8e50152b3186400630f7039ac8d6cec749d662a0027292643ce5c7eeff6bcaf7451dd86fa1f9e3c4946c3715340ec18031f65d555ef2ba3939756df,07/25/2025 03:15:00 PM,1,DRIVER,,2015600,,UNKNOWN,OTHER (EXPLAIN IN NARRATIVE),,,UNKNOWN,UNKNOWN/NA,UNKNOWN/NA,UNKNOWN,UNKNOWN/NA,,,1,,,,,,,,,,,,,,,,,Y,UNKNOWN,,,,,,,,,,,,,,,,,,,,,,,,,,,,,,,,,
2114327,415e1980b8e50152b3186400630f7039ac8d6cec749d662a0027292643ce5c7eeff6bcaf7451dd86fa1f9e3c4946c3715340ec18031f65d555ef2ba3939756df,07/25/2025 03:15:00 PM,2,PARKED,,2015602,,BUICK,LUCERNE,IL,2006,NONE,PASSENGER,PERSONAL,S,PARKED,,,0,,,,,,,,,,,,,,Y,,,,SIDE-LEFT,,,,,,,,,,,,,,,,,,,,,,,,,,,,,,,,,
2114435,55876d86907e433793792c6cc0cf69d09430df1286ae82fdd55002d0024ff3e752d4a2456e3a36bf1ca5e9120a493131da2a88920acf367b2a656b40f8b4f691,07/25/2025 03:15:00 PM,1,DRIVER,,2015710,,SUBARU,OTHER (EXPLAIN IN NARRATIVE),IL,2009,UNKNOWN,PASSENGER,PERSONAL,NE,STRAIGHT AHEAD,,,1,,,,,,,,,,,,,,,,,Y,UNKNOWN,,,,,,,,,,,,,,,,,,,,,,,,,,,,,,,,,