CRASH_UNIT_ID,CRASH_RECORD_ID,CRASH_DATE,UNIT_NO,UNIT_TYPE,NUM_PASSENGERS,VEHICLE_ID,CMRC_VEH_I,MAKE,MODEL,LIC_PLATE_STATE,VEHICLE_YEAR,VEHICLE_DEFECT,VEHICLE_TYPE,VEHICLE_USE,TRAVEL_DIRECTION,MANEUVER,TOWED_I,FIRE_I,OCCUPANT_CNT,EXCEED_SPEED_LIMIT_I,TOWED_BY,TOWED_TO,AREA_00_I,AREA_01_I,AREA_02_I,AREA_03_I,AREA_04_I,AREA_05_I,AREA_06_I,AREA_07_I,AREA_08_I,AREA_09_I,AREA_10_I,AREA_11_I,AREA_12_I,AREA_99_I,FIRST_CONTACT_POINT,CMV_ID,USDOT_NO,CCMC_NO,ILCC_NO,COMMERCIAL_SRC,GVWR,CARRIER_NAME,CARRIER_STATE,CARRIER_CITY,HAZMAT_PLACARDS_I,HAZMAT_NAME,UN_NO,HAZMAT_PRESENT_I,HAZMAT_REPORT_I,HAZMAT_REPORT_NO,MCS_REPORT_I,MCS_REPORT_NO,HAZMAT_VIO_CAUSE_CRASH_I,MCS_VIO_CAUSE_CRASH_I,IDOT_PERMIT_NO,WIDE_LOAD_I,TRAILER1_WIDTH,TRAILER2_WIDTH,TRAILER1_LENGTH,TRAILER2_LENGTH,TOTAL_VEHICLE_LENGTH,AXLE_CNT,VEHICLE_CONFIG,CARGO_BODY_TYPE,LOAD_TYPE,HAZMAT_OUT_OF_SERVICE_I,MCS_OUT_OF_SERVICE_I,HAZMAT_CLASS
2114436,55876d86907e433793792c6cc0cf69d09430df1286ae82fdd55002d0024ff3e752d4a2456e3a36bf1ca5e9120a493131da2a88920acf367b2a656b40f8b4f691,07/25/2025 03:15:00 PM,2,DRIVER,4,2015712,,ACURA,RLX,IL,2017,UNKNOWN,PASSENGER,PERSONAL,N,STRAIGHT AHEAD,,,5,,,,,,,,,,Y,Y,Y,Y,N,N,,,SIDE-LEFT,,,,,,,,,,,,,,,,,,,,,,,,,,,,,,,,,
2114270,24582029bf076b038ebe14efc0eb6857827e955dbb9903641afe53e5c034fd91563bacb0c0d54deac3692bed4c624edfd16043d8f4e97e8399ede802bb01a50c,07/25/2025 03:14:00 PM,1,DRIVER,,2015561,,CHRYSLER,300,IL,2015,NONE,PASSENGER,PERSONAL,S,TURNING LEFT,,,1,,,,N,,,,,,,,,,,,,Y,SIDE-RIGHT,,,,,,,,,,,,,,,,,,,,,,,,,,,,,,,,,
2114271,24582029bf076b038ebe14efc0eb6857827e955dbb9903641afe53e5c034fd91563bacb0c0d54deac3692bed4c624edfd16043d8f4e97e8399ede802bb01a50c,07/25/2025 03:14:00 PM,2,DRIVER,1,2015570,,NISSAN,SENTRA,IL,2011,NONE,PASSENGER,PERSONAL,S,STRAIGHT AHEAD,,,2,,,,,,,,,,,,Y,Y,Y,N,,,SIDE-LEFT,,,,,,,,,,,,,,,,,,,,,,,,,,,,,,,,,
2115549,c7296fabc0afc94caa0c4e8f74e49cdfc677bd16c843cbb25722b776014401c2670380914ef37362cf6784b9568be0937e2bfc1bb8e24cc445e9484df8539a89,07/25/2025 03:10:00 PM,1,DRIVER,,2016773,,CHRYSLER,300,IL,2006,UNKNOWN,PASSENGER,PERSONAL,E,ENTERING TRAFFIC LANE FROM PARKING,,,1,,,,,N,,,,,,,,,,N,N,Y,FRONT,,,,,,,,,,,,,,,,,,,,,,,,,,,,,,,,,
2115550,c7296fabc0afc94caa0c4e8f74e49cdfc677bd16c843cbb25722b776014401c2670380914ef37362cf6784b9568be0937e2bfc1bb8e24cc445e9484df8539a89,07/25/2025 03:10:00 PM,2,DRIVER,2,2016778,,TOYOTA,PRIUS,IL,2015,NONE,PASSENGER,PERSONAL,E,STRAIGHT AHEAD,,,3,,,,,,Y,Y,Y,,,,,,,,,,SIDE-RIGHT,,,,,,,,,,,,,,,,,,,,,,,,,,,,,,,,,
2114263,2178c889210c3648b31058472d5abb29c2cd4f3ef465638cca03006a0bec92ba2bfbf8f95bf0b05bc06dfdbf264a4298c4387972129a31f0fa9ac7bd99520056,07/25/2025 03:01:00 PM,1,DRIVER,,2015549,,CHEVROLET,TRAIL BLAZER,IN,,UNKNOWN,SPORT UTILITY VEHICLE (SUV),UNKNOWN/NA,S,UNKNOWN/NA,,,1,,,,,Y,Y,,,,,,,,,,Y,,FRONT-RIGHT-CORNER,,,,,,,,,,,,,,,,,,,,,,,,,,,,,,,,,
2114294,2178c889210c3648b31058472d5abb29c2cd4f3ef465638cca03006a0bec92ba2bfbf8f95bf0b05bc06dfdbf264a4298c4387972129a31f0fa9ac7bd99520056,07/25/2025 03:01:00 PM,2,DRIVERLESS,1,2015568,,JEEP,COMPASS,IL,2015,NONE,SPORT UTILITY VEHICLE (SUV),PERSONAL,S,PARKED IN TRAFFIC LANE,Y,,1,,PRIVATE TOW,UNKNOWN,,Y,,,,,Y,Y,Y,Y,Y,Y,Y,,REAR,,,,,,,,,,,,,,,,,,,,,,,,,,,,,,,,,
2114302,2178c889210c3648b31058472d5abb29c2cd4f3ef465638cca03006a0bec92ba2bfbf8f95bf0b05bc06dfdbf264a4298c4387972129a31f0fa9ac7bd99520056,07/25/2025 03:01:00 PM,3,DRIVERLESS,,2015571,,JEEP,GRAND CHEROKEE,IL,2006,NONE,SPORT UTILITY VEHICLE (SUV),PERSONAL,S,PARKED,,,0,,,,,Y,,,,Y,Y,Y,,,,Y,Y,,REAR,,,,,,,,,,,,,,,,,,,,,,,,,,,,,,,,,
2114475,1209820eb286397f6c419548cc775b4d435a1eac4b41dba967e964d8b0f0576877305bef126032bf0558de656e63a2fe55e0d84d8142637e551c1b52cafbc69e,07/25/2025 03:00:00 PM,1,DRIVER,1,2015754,,CHEVROLET,OTHER (EXPLAIN IN NARRATIVE),IL,2006,UNKNOWN,PASSENGER,UNKNOWN/NA,E,STRAIGHT AHEAD,,,2,,,,,,,,,,,,,,,,Y,,FRONT,,,,,,,,,,,,,,,,,,,,,,,,,,,,,,,,,
2114476,1209820eb286397f6c419548cc775b4d435a1eac4b41dba967e964d8b0f0576877305bef126032bf0558de656e63a2fe55e0d84d8142637e551c1b52cafbc69e,07/25/2025 03:00:00 PM,2,DRIVER,,2015750,,TOYOTA,OTHER (EXPLAIN IN NARRATIVE),IL,2023,UNKNOWN,PASSENGER,OTHER,E,AVOIDING VEHICLES/OBJECTS,,,1,,,,,,,,,,Y,,,,,,,,REAR,,,,,,,,,,,,,,,,,,,,,,,,,,,,,,,,,
2124461,5c91520d8035b2bd2fafa651d9e4d30312254dd53649d91ce73ad1938314d4f033ff6f1c9f75db1fec36ee4afb4bb1821eb7098e3cf809e04cf2d2990c34e920,07/25/2025 03:00:00 PM,1,DRIVER,,2025249,,TESLA,OTHER (EXPLAIN IN NARRATIVE),IL,2020,UNKNOWN,PASSENGER,UNKNOWN/NA,S,TURNING RIGHT,,,1,,,,,,,,,,,,,,,,,Y,SIDE-RIGHT-FRONT,,,,,,,,,,,,,,,,,,,,,,,,,,,,,,,,,
2124462,5c91520d8035b2bd2fafa651d9e4d30312254dd53649d91ce73ad1938314d4f033ff6f1c9f75db1fec36ee4afb4bb1821eb7098e3cf809e04cf2d2990c34e920,07/25/2025 03:00:00 PM,2,BICYCLE,,,,,,,,,,,,,,,,,,,,,,,,,,,,,,,,,,,,,,,,,,,,,,,,,,,,,,,,,,,,,,,,,,
2116537,732583dcb7574a8c95c67a22f4d6f9767d7607a5f7435d9bf4c2115a910592ee960b9b3838cfd77340deed9e34ef913750bd330a362a00361d3977b4ee4735c5,07/25/2025 03:00:00 PM,1,DRIVER,,2017706,,CHEVROLET,CRUZE,IL,2012,NONE,PASSENGER,PERSONAL,S,STRAIGHT AHEAD,,,1,,,,,Y,,,,,,,,,,Y,Y,,FRONT,,,,,,,,,,,,,,,,,,,,,,,,,,,,,,,,,
2116538,732583dcb7574a8c95c67a22f4d6f9767d7607a5f7435d9bf4c2115a910592ee960b9b3838cfd77340deed9e34ef913750bd330a362a00361d3977b4ee4735c5,07/25/2025 03:00:00 PM,2,DRIVER,,2017710,,HONDA,CIVIC,IL,2006,NONE,PASSENGER,PERSONAL,S,STRAIGHT AHEAD,,,1,,,,,Y,,,,Y,Y,Y,,,,Y,Y,,TOTAL (ALL AREAS),,,,,,,,,,,,,,,,,,,,,,,,,,,,,,,,,
2116539,732583dcb7574a8c95c67a22f4d6f9767d7607a5f7435d9bf4c2115a910592ee960b9b3838cfd77340deed9e34ef913750bd330a362a00361d3977b4ee4735c5,07/25/2025 03:00:00 PM,3,DRIVER,,2017712,,UNKNOWN,MOTORIZED,,,UNKNOWN,PASSENGER,UNKNOWN/NA,S,UNKNOWN/NA,,,1,,,,,,,,,Y,Y,Y,,,,,,,REAR,,,,,,,,,,,,,,,,,,,,,,,,,,,,,,,,,
2114257,85ad2500f65a6a246ebdddd28b2bffcee9edfd906efa315e49b8d0733e67011ebab380005ec6e715d5f683eae950cbee74f184bfc89ac4fa0689437ad76c639b,07/25/2025 03:00:00 PM,1,DRIVER,,2015543,,PONTIAC,GRAND PRIX,IL,2005,UNKNOWN,PASSENGER,PERSONAL,S,STRAIGHT AHEAD,,,1,,,,,,,,,,,,,,,,Y,,FRONT,,,,,,,,,,,,,,,,,,,,,,,,,,,,,,,,,
2114258,85ad2500f65a6a246ebdddd28b2bffcee9edfd906efa315e49b8d0733e67011ebab380005ec6e715d5f683eae950cbee74f184bfc89ac4fa0689437ad76c639b,07/25/2025 03:00:00 PM,2,DRIVER,1,2015551,,NISSAN,MURANO,IL,2012,NONE,PASSENGER,PERSONAL,S,SLOW/STOP IN TRAFFIC,,,2,,,,,,,,,,Y,,,,,,,,REAR,,,,,,,,,,,,,,,,,,,,,,,,,,,,,,,,,
2114303,db08a204464c2ace1f17a3b28fa7f091e26c1d6af22e58d6fe966a9160a4074a4723e4c1b3c7752862cc6c32dbd612ff0de4fbfcce017303e4ebd4682a42410a,07/25/2025 03:00:00 PM,1,DRIVER,,2015586,,FORD,EXPLORER,,2013,NONE,PASSENGER,PERSONAL,W,CHANGING LANES,,,1,,,,,Y,,,,,,,,,,,,,FRONT-RIGHT-CORNER,,,,,,,,,,,,,,,,,,,,,,,,,,,,,,,,,
2114304,db08a204464c2ace1f17a3b28fa7f091e26c1d6af22e58d6fe966a9160a4074a4723e4c1b3c7752862cc6c32dbd612ff0de4fbfcce017303e4ebd4682a42410a,07/25/2025 03:00:00 PM,2,DRIVER,,2015597,,FORD,TAURUS,IL,,NONE,PASSENGER,NOT IN USE,W,STRAIGHT AHEAD,,,1,,,,,,,,,,,,Y,,,,,,SIDE-LEFT-REAR,,,,,,,,,,,,,,,,,,,,,,,,,,,,,,,,,
2114251,0765cc87ea29765333d11a07fc56d4569b2396c342abef320af52c59b0bf2c36cb6e8bc18ebad9c3689fddf19433b4097c7ae87847990f6f63c7ea91facc2dbf,07/25/2025 02:59:00 PM,1,DRIVER,,2015536,,CHEVROLET,MALIBU,IL,2018,UNKNOWN,PASSENGER,PERSONAL,N,STRAIGHT AHEAD,,,1,,,,,,,,,,,,,,,,,Y,UNKNOWN,,,,,,,,,,,,,,,,,,,,,,,,,,,,,,,,,
2114252,0765cc87ea29765333d11a07fc56d4569b2396c342abef320af52c59b0bf2c36cb6e8bc18ebad9c3689fddf19433b4097c7ae87847990f6f63c7ea91facc2dbf,07/25/2025 02:59:00 PM,2,DRIVER,,2015544,,NISSAN,ROGUE,IL,2016,NONE,PASSENGER,PERSONAL,N,STRAIGHT AHEAD,,,1,,,,,,,,,,Y,Y,,,,,,,REAR-LEFT-CORNER,,,,,,,,,,,,,,,,,,,,,,,,,,,,,,,,,
2114223,1b31db970dffa46038e7f14f247141fbdee956bee7c98ff567f948d6e598eeb4b0daaa2c1648160b64f386720c43704ef3672f0aa7047410ecd3760e2ab5cf2b,07/25/2025 02:52:00 PM,1,DRIVER,1,2015510,,GENERAL MOTORS CORPORATION (GMC),YUKON,IL,2004,UNKNOWN,TRUCK - SINGLE UNIT,PERSONAL,S,MERGING,,,2,,,,,,Y,Y,,,,,,,,,,,SIDE-RIGHT,,,,,,,,,,,,,,,,,,,,,,,,,,,,,,,,,
2114224,1b31db970dffa46038e7f14f247141fbdee956bee7c98ff567f948d6e598eeb4b0daaa2c1648160b64f386720c43704ef3672f0aa7047410ecd3760e2ab5cf2b,07/25/2025 02:52:00 PM,2,DRIVER,,2015518,,FORD,EXPEDITION,IL,2024,UNKNOWN,SPORT UTILITY VEHICLE (SUV),POLICE,S,STRAIGHT AHEAD,,,1,,,,,,,,,,,,,Y,Y,,,,SIDE-LEFT,,,,,,,,,,,,,,,,,,,,,,,,,,,,,,,,,
2114332,cc0ff0b6499cd7cfc6b373b29ed312e7cc254b7fa28bf71f87fa32d33eb3a4b1d71b7a8f822ff87ac80b44b52c21ad64d2add96d1dd17cd9420384097fc88f97,07/25/2025 02:52:00 PM,1,DRIVER,,2015623,,HONDA,CIVIC,,2009,NONE,PASSENGER,PERSONAL,SE,TURNING LEFT,,,1,,,,,,,,,,,,,,,Y,Y,,FRONT-LEFT-CORNER,,,,,,,,,,,,,,,,,,,,,,,,,,,,,,,,,
2114333,cc0ff0b6499cd7cfc6b373b29ed312e7cc254b7fa28bf71f87fa32d33eb3a4b1d71b7a8f822ff87ac80b44b52c21ad64d2add96d1dd17cd9420384097fc88f97,07/25/2025 02:52:00 PM,2,DRIVER,,2015619,,JEEP,COMPASS,IL,2020,NONE,PASSENGER,PERSONAL,W,STRAIGHT AHEAD,,,1,,,,,Y,,,,,,,,,,Y,Y,,FRONT,,,,,,,,,,,,,,,,,,,,,,,,,,,,,,,,,
2114255,75b561fae4259f7010235d610b0146b4b1bb2bae3b6c201b8138737e9d7206f895653e8e671f0854fc129496026707808b9e42f1c7fd93dfd58354dcff803e3f,07/25/2025 02:50:00 PM,1,DRIVER,,2015546,,CHEVROLET,MALIBU,IL,2014,NONE,PASSENGER,PERSONAL,S,DIVERGING,,,1,,,,,,,,,,,,,Y,Y,,,,SIDE-LEFT,,,,,,,,,,,,,,,,,,,,,,,,,,,,,,,,,
2114256,75b561fae4259f7010235d610b0146b4b1bb2bae3b6c201b8138737e9d7206f895653e8e671f0854fc129496026707808b9e42f1c7fd93dfd58354dcff803e3f,07/25/2025 02:50:00 PM,2,DRIVER,,2015564,,TOYOTA,CAMRY,IL,2026,NONE,PASSENGER,PERSONAL,S,STRAIGHT AHEAD,,,1,,,,,Y,Y,Y,,,,,,,,N,,,SIDE-RIGHT,,,,,,,,,,,,,,,,,,,,,,,,,,,,,,,,,
2114227,1dff523cf90aff75f51477dd8a171057988f0fd5ce6e50407c5ee2d7ea116edada6ef0378e56c00f4158c6f89da02b57e118f1c84a2e7529a13241472e52bd44,07/25/2025 02:47:00 PM,1,DRIVER,1,2015524,,UNKNOWN,OTHER (EXPLAIN IN NARRATIVE),IL,,NONE,SPORT UTILITY VEHICLE (SUV),PERSONAL,S,CHANGING LANES,,,2,,,,,,,,,,,,,,,,,Y,UNKNOWN,,,,,,,,,,,,,,,,,,,,,,,,,,,,,,,,,
2114228,1dff523cf90aff75f51477dd8a171057988f0fd5ce6e50407c5ee2d7ea116edada6ef0378e56c00f4158c6f89da02b57e118f1c84a2e7529a13241472e52bd44,07/25/2025 02:47:00 PM,2,DRIVER,2,2015512,,UNKNOWN,OTHER (EXPLAIN IN NARRATIVE),IL,2004,NONE,SPORT UTILITY VEHICLE (SUV),PERSONAL,S,STRAIGHT AHEAD,,,3,,,,,,,Y,Y,Y,,,,,,,,,SIDE-RIGHT,,,,,,,,,,,,,,,,,,,,,,,,,,,,,,,,,
2114249,8bb8b4e749d97a0767c2b6f66ab7a5d4a3fc65ba713470691df7aa1de4fc6d70d6743165e1218d74197e272d833cd347148fbcdcd6264fac27e04865e0345037,07/25/2025 02:45:00 PM,1,DRIVER,,2015535,,HONDA,ACCORD,IL,2015,NONE,PASSENGER,PERSONAL,E,MERGING,,,1,,,,,Y,,,,,,,,,,,,,FRONT-RIGHT-CORNER,,,,,,,,,,,,,,,,,,,,,,,,,,,,,,,,,
2114250,8bb8b4e749d97a0767c2b6f66ab7a5d4a3fc65ba713470691df7aa1de4fc6d70d6743165e1218d74197e272d833cd347148fbcdcd6264fac27e04865e0345037,07/25/2025 02:45:00 PM,2,DRIVER,,2015548,,TOYOTA,CAMRY,IL,2013,NONE,PASSENGER,PERSONAL,E,STRAIGHT AHEAD,,,1,,,,,,,,,,,,Y,,,,,,SIDE-LEFT-REAR,,,,,,,,,,,,,,,,,,,,,,,,,,,,,,,,,
2116226,f708fb76658aa0897f6bf3af76af23a3aac16cb1569447dcb0d92adb51ea1411ea8c03ea1230d6440a94c4fb9e88756733ddb3de59a208ddae3858e5dc018f29,07/25/2025 02:43:00 PM,1,PEDESTRIAN,,,,,,,,,,,,,,,,,,,,,,,,,,,,,,,,,,,,,,,,,,,,,,,,,,,,,,,,,,,,,,,,,,
2116227,f708fb76658aa0897f6bf3af76af23a3aac16cb1569447dcb0d92adb51ea1411ea8c03ea1230d6440a94c4fb9e88756733ddb3de59a208ddae3858e5dc018f29,07/25/2025 02:43:00 PM,2,DRIVER,,2017405,N,FORD,TRANSIT,IL,2017,UNKNOWN,VAN/MINI-VAN,OTHER,S,STRAIGHT AHEAD,,,1,,,,,,Y,Y,,,,,,,,,,Y,SIDE-RIGHT,,,,,,,,,,,,,,,,,,,,,,,,,,,,,,,,,
2115116,baf1c3e4a8c2e0cbe0fcd224d58ecd4dcc9df80c2a7f57b87115a75719241032660b5e6914a303660f02670b63eb61abcc5fa228badfac78f27814816b1f5da9,07/25/2025 02:41:00 PM,1,DRIVER,,2016351,,CHEVROLET,OTHER (EXPLAIN IN NARRATIVE),IL,2025,UNKNOWN,SPORT UTILITY VEHICLE (SUV),PERSONAL,N,MERGING,,,1,,,,,,,,,,,Y,Y,,,,,N,REAR-LEFT-CORNER,,,,,,,,,,,,,,,,,,,,,,,,,,,,,,,,,
2115117,baf1c3e4a8c2e0cbe0fcd224d58ecd4dcc9df80c2a7f57b87115a75719241032660b5e6914a303660f02670b63eb61abcc5fa228badfac78f27814816b1f5da9,07/25/2025 02:41:00 PM,2,DRIVER,,2016362,,TOYOTA,RAV4,IN,2023,UNKNOWN,UNKNOWN/NA,PERSONAL,N,STRAIGHT AHEAD,,,1,,,,,Y,Y,Y,,,,,,,,,,,FRONT-RIGHT-CORNER,,,,,,,,,,,,,,,,,,,,,,,,,,,,,,,,,
2114279,a86eef51cfb4acfae410faab4012130aaead877f03a745a45f91d4b6f483d6008c3a32fb3bdf3d4a011950bbebe4ef34a89b7974587e9739327635d225a32c5a,07/25/2025 02:40:00 PM,1,DRIVER,,2015573,,HYUNDAI,SANTA FE,IL,2007,UNKNOWN,SPORT UTILITY VEHICLE (SUV),PERSONAL,NW,TURNING LEFT,Y,,1,,PRIVATE TOW,PRIVATE LOT,,Y,Y,,,,,,,,Y,Y,Y,Y,FRONT-RIGHT-CORNER,,,,,,,,,,,,,,,,,,,,,,,,,,,,,,,,,
2114280,a86eef51cfb4acfae410faab4012130aaead877f03a745a45f91d4b6f483d6008c3a32fb3bdf3d4a011950bbebe4ef34a89b7974587e9739327635d225a32c5a,07/25/2025 02:40:00 PM,2,DRIVER,,2015593,,CHEVROLET,SILVERADO,IL,2019,UNKNOWN,TRUCK - SINGLE UNIT,PERSONAL,N,STRAIGHT AHEAD,Y,,1,,PRIVATE TOW,PRIVATE LOT,,,,,,,,,,,Y,Y,Y,Y,FRONT-LEFT-CORNER,,,,,,,,,,,,,,,,,,,,,,,,,,,,,,,,,
2114281,a86eef51cfb4acfae410faab4012130aaead877f03a745a45f91d4b6f483d6008c3a32fb3bdf3d4a011950bbebe4ef34a89b7974587e9739327635d225a32c5a,07/25/2025 02:40:00 PM,3,DRIVER,,2015633,,NISSAN,ROGUE,IL,2016,NONE,SPORT UTILITY VEHICLE (SUV),PERSONAL,S,SLOW/STOP IN TRAFFIC,Y,,1,,PRIVATE TOW,PRIVATE LOT,,,,,,,,,,,Y,Y,Y,Y,FRONT-LEFT-CORNER,,,,,,,,,,,,,,,,,,,,,,,,,,,,,,,,,
2114397,faf9b8422e7970bf5127d4fdac201404ef08b191fcb58d2629937779abeb16b669e058c8007606d043863de4920fd3a69a1b00f46656d74322003b0eedf7ebc1,07/25/2025 02:40:00 PM,1,DRIVER,1,2015671,,AUDI,Q8,IL,2021,UNKNOWN,SPORT UTILITY VEHICLE (SUV),UNKNOWN/NA,NW,PASSING/OVERTAKING,,,2,,,,,Y,,,,,,,,,,,Y,,FRONT-RIGHT-CORNER,,,,,,,,,,,,,,,,,,,,,,,,,,,,,,,,,
2114398,faf9b8422e7970bf5127d4fdac201404ef08b191fcb58d2629937779abeb16b669e058c8007606d043863de4920fd3a69a1b00f46656d74322003b0eedf7ebc1,07/25/2025 02:40:00 PM,2,DRIVER,1,2015683,,SUBARU,CROSSTREK,IL,2019,NONE,SPORT UTILITY VEHICLE (SUV),PERSONAL,NW,SLOW/STOP IN TRAFFIC,,,2,,,,,,,,,,Y,Y,,,,,,,REAR-LEFT-CORNER,,,,,,,,,,,,,,,,,,,,,,,,,,,,,,,,,
2114381,6909eeffc1e9cf3404dce659092734d5df27d3b51dad836fe92f48efb41de15b312b76bb44f3d8a19765d29ff9224d453f6bc7024a9ea468c395c3feb96b88c6,07/25/2025 02:30:00 PM,1,DRIVER,,2015651,,TOYOTA,CAMRY,IL,2021,UNKNOWN,PASSENGER,PERSONAL,S,STRAIGHT AHEAD,,,1,,,,,,,,,,,,,,,Y,,,FRONT-LEFT-CORNER,,,,,,,,,,,,,,,,,,,,,,,,,,,,,,,,,
2114382,6909eeffc1e9cf3404dce659092734d5df27d3b51dad836fe92f48efb41de15b312b76bb44f3d8a19765d29ff9224d453f6bc7024a9ea468c395c3feb96b88c6,07/25/2025 02:30:00 PM,2,DRIVER,,2015659,,TOYOTA,RAV4,IL,2024,NONE,PASSENGER,PERSONAL,W,STRAIGHT AHEAD,,,1,,,,,Y,Y,,,,,,,,,,,,FRONT-RIGHT-CORNER,,,,,,,,,,,,,,,,,,,,,,,,,,,,,,,,,
2114237,894cc3a28e1c14ba5dc2b04399ff024049844babab83a63ae440db0f992af700691d71c69e24783285bda84960ee38ad2393613e3ffddf44e55edc7c3344f8d3,07/25/2025 02:30:00 PM,1,DRIVER,,2015520,,UNKNOWN,OTHER (EXPLAIN IN NARRATIVE),IL,,NONE,PASSENGER,PERSONAL,UNKNOWN,STRAIGHT AHEAD,,,1,,,,,,,,,,,,,,,,,Y,UNKNOWN,,,,,,,,,,,,,,,,,,,,,,,,,,,,,,,,,
2114238,894cc3a28e1c14ba5dc2b04399ff024049844babab83a63ae440db0f992af700691d71c69e24783285bda84960ee38ad2393613e3ffddf44e55edc7c3344f8d3,07/25/2025 02:30:00 PM,2,DRIVER,,2015532,,CHEVROLET,MALIBU,IL,2018,NONE,PASSENGER,PERSONAL,E,STRAIGHT AHEAD,,,1,,,,,,,Y,Y,Y,,,,,,,,,SIDE-RIGHT,,,,,,,,,,,,,,,,,,,,,,,,,,,,,,,,,
2114322,eb5828eae9bc6a4f321d9bed24025453a60ede32cba921a5060036bb8566b4f199e0cfa7390fcba4d072e16b7a8ebd19bbc8bce306e01d5f4566587a82053d6f,07/25/2025 02:30:00 PM,1,PARKED,,2015603,,DODGE,JOURNEY,IL,2018,NONE,SPORT UTILITY VEHICLE (SUV),PERSONAL,S,PARKED,,,0,,,,,,,,,,,Y,Y,,,,,,REAR-LEFT-CORNER,,,,,,,,,,,,,,,,,,,,,,,,,,,,,,,,,
2114323,eb5828eae9bc6a4f321d9bed24025453a60ede32cba921a5060036bb8566b4f199e0cfa7390fcba4d072e16b7a8ebd19bbc8bce306e01d5f4566587a82053d6f,07/25/2025 02:30:00 PM,2,DRIVER,,2015599,,UNKNOWN,OTHER (EXPLAIN IN NARRATIVE),IL,,UNKNOWN,UNKNOWN/NA,UNKNOWN/NA,UNKNOWN,UNKNOWN/NA,Y,,1,,PRIVATE,PRIVATE,,,,,,,,,,,,,,Y,UNKNOWN,,,,,,,,,,,,,,,,,,,,,,,,,,,,,,,,,
2114287,8f8da417b1b606572fa1a2b202f30ef138929e022b2c9e5e963b7845b83f00fb68c30cc94d4fa174b880c3240db215412151757b5acc62c058476e1007561265,07/25/2025 02:28:00 PM,1,DRIVER,,2015576,,LINCOLN,MKX,IN,2010,NONE,SPORT UTILITY VEHICLE (SUV),PERSONAL,N,STRAIGHT AHEAD,Y,,1,,unknown,unknown,,,,,,,,,,,,,Y,,FRONT,,,,,,,,,,,,,,,,,,,,,,,,,,,,,,,,,
2114288,8f8da417b1b606572fa1a2b202f30ef138929e022b2c9e5e963b7845b83f00fb68c30cc94d4fa174b880c3240db215412151757b5acc62c058476e1007561265,07/25/2025 02:28:00 PM,2,DRIVER,,2015582,,JEEP,CHEROKEE,IL,2020,NONE,SPORT UTILITY VEHICLE (SUV),PERSONAL,N,STRAIGHT AHEAD,,,1,,,,,,,,,,Y,,,,,,Y,,REAR,,,,,,,,,,,,,,,,,,,,,,,,,,,,,,,,,
2114289,8f8da417b1b606572fa1a2b202f30ef138929e022b2c9e5e963b7845b83f00fb68c30cc94d4fa174b880c3240db215412151757b5acc62c058476e1007561265,07/25/2025 02:28:00 PM,3,DRIVER,,2015591,,PONTIAC,GRAND AM,IL,2005,NONE,PASSENGER,PERSONAL,N,STRAIGHT AHEAD,,,1,,,,,,,,,,Y,,,,,,,,REAR,,,,,,,,,,,,,,,,,,,,,,,,,,,,,,,,,
2114393,33d5999d661d9f3acb70d84783098de43dabcaec217ae63112c389f957486762d619a77ec2c1fe826db32d46d6c1032258f02ac75e69fd3d367741c45672a284,07/25/2025 02:23:00 PM,1,DRIVER,2,2015672,,TOYOTA,HIGHLANDER,IL,2015,UNKNOWN,PASSENGER,PERSONAL,N,TURNING LEFT,,,3,,,,,,,,,,,Y,Y,Y,,,,,SIDE-LEFT,,,,,,,,,,,,,,,,,,,,,,,,,,,,,,,,,
2114394,33d5999d661d9f3acb70d84783098de43dabcaec217ae63112c389f957486762d619a77ec2c1fe826db32d46d6c1032258f02ac75e69fd3d367741c45672a284,07/25/2025 02:23:00 PM,2,DRIVER,,2015690,,HYUNDAI,SONATA,IL,2010,UNKNOWN,PASSENGER,PERSONAL,N,UNKNOWN/NA,Y,,1,,OWNER,,,Y,,,,,,,,,,Y,Y,,FRONT,,,,,,,,,,,,,,,,,,,,,,,,,,,,,,,,,
2135875,d00e091ed427b740563c0f992b05922cc54786df1c252007d5b75ac05fe6c3cde4becddb9987b980b3a8962a5e8291cf7b849a7e74fad9bd2909d49aaf8f7e27,07/25/2025 02:20:00 PM,1,DRIVER,,2036070,,UNKNOWN,OTHER (EXPLAIN IN NARRATIVE),IL,,NONE,PASSENGER,PERSONAL,W,STRAIGHT AHEAD,,,1,,,,,,,,,,,,,,,,,Y,UNKNOWN,,,,,,,,,,,,,,,,,,,,,,,,,,,,,,,,,
2135876,d00e091ed427b740563c0f992b05922cc54786df1c252007d5b75ac05fe6c3cde4becddb9987b980b3a8962a5e8291cf7b849a7e74fad9bd2909d49aaf8f7e27,07/25/2025 02:20:00 PM,2,DRIVER,,2036071,,NISSAN,ALTIMA,IL,2017,NONE,PASSENGER,PERSONAL,W,STRAIGHT AHEAD,,,1,,,,,,,,,,Y,,,,,,,,REAR,,,,,,,,,,,,,,,,,,,,,,,,,,,,,,,,,