CRASH_UNIT_ID,CRASH_RECORD_ID,CRASH_DATE,UNIT_NO,UNIT_TYPE,NUM_PASSENGERS,VEHICLE_ID,CMRC_VEH_I,MAKE,MODEL,LIC_PLATE_STATE,VEHICLE_YEAR,VEHICLE_DEFECT,VEHICLE_TYPE,VEHICLE_USE,TRAVEL_DIRECTION,MANEUVER,TOWED_I,FIRE_I,OCCUPANT_CNT,EXCEED_SPEED_LIMIT_I,TOWED_BY,TOWED_TO,AREA_00_I,AREA_01_I,AREA_02_I,AREA_03_I,AREA_04_I,AREA_05_I,AREA_06_I,AREA_07_I,AREA_08_I,AREA_09_I,AREA_10_I,AREA_11_I,AREA_12_I,AREA_99_I,FIRST_CONTACT_POINT,CMV_ID,USDOT_NO,CCMC_NO,ILCC_NO,COMMERCIAL_SRC,GVWR,CARRIER_NAME,CARRIER_STATE,CARRIER_CITY,HAZMAT_PLACARDS_I,HAZMAT_NAME,UN_NO,HAZMAT_PRESENT_I,HAZMAT_REPORT_I,HAZMAT_REPORT_NO,MCS_REPORT_I,MCS_REPORT_NO,HAZMAT_VIO_CAUSE_CRASH_I,MCS_VIO_CAUSE_CRASH_I,IDOT_PERMIT_NO,WIDE_LOAD_I,TRAILER1_WIDTH,TRAILER2_WIDTH,TRAILER1_LENGTH,TRAILER2_LENGTH,TOTAL_VEHICLE_LENGTH,AXLE_CNT,VEHICLE_CONFIG,CARGO_BODY_TYPE,LOAD_TYPE,HAZMAT_OUT_OF_SERVICE_I,MCS_OUT_OF_SERVICE_I,HAZMAT_CLASS
2114218,b4e6c817fd381c659786164ef17ac0ec478cb06ac4f8630cb09131a5a913c89667c56d49c99316db29ff1df78805ef8b5b42b077c40dd4236762f613d99d2e81,07/25/2025 02:16:00 PM,1,DRIVER,,2015519,,JEEP,CHEROKEE,IL,,NONE,PASSENGER,PERSONAL,N,STRAIGHT AHEAD,,,1,,,,,Y,,,,,,,,,,Y,Y,,FRONT,,,,,,,,,,,,,,,,,,,,,,,,,,,,,,,,,
2114219,b4e6c817fd381c659786164ef17ac0ec478cb06ac4f8630cb09131a5a913c89667c56d49c99316db29ff1df78805ef8b5b42b077c40dd4236762f613d99d2e81,07/25/2025 02:16:00 PM,2,DRIVER,,2015534,,CHEVROLET,CRUZE,IL,2017,UNKNOWN,PASSENGER,PERSONAL,W,STRAIGHT AHEAD,,,1,,,,,,,,,,Y,Y,,,,,,,FRONT-LEFT-CORNER,,,,,,,,,,,,,,,,,,,,,,,,,,,,,,,,,
2114190,d8c5d334df274914e653a70117b0d071c5a6bc25fb9c4c068c45fad8e35c0c0b841eb9450643eb5210b9efcee2b071e7ae5cae76ed9fb9787686f24ae674f613,07/25/2025 02:10:00 PM,1,DRIVER,,2015482,,CHEVROLET,TAHOE,IL,2018,NONE,TRUCK - SINGLE UNIT,PERSONAL,S,TURNING LEFT,,,1,,,,,Y,,,,,,,,,,,,,FRONT-RIGHT-CORNER,,,,,,,,,,,,,,,,,,,,,,,,,,,,,,,,,
2114191,d8c5d334df274914e653a70117b0d071c5a6bc25fb9c4c068c45fad8e35c0c0b841eb9450643eb5210b9efcee2b071e7ae5cae76ed9fb9787686f24ae674f613,07/25/2025 02:10:00 PM,2,DRIVER,,2015484,,NISSAN,MAXIMA,IL,2016,NONE,PASSENGER,PERSONAL,E,STRAIGHT AHEAD,,,1,,,,,,,,,,,,Y,Y,,,,,SIDE-LEFT,,,,,,,,,,,,,,,,,,,,,,,,,,,,,,,,,
2114208,173324f4b02e078fb1a3772c37292799754d630c3545b3257fe7eefbe88cd9667218ad5ea4b1aba187e866969b9a91ccf939f815a7c7f534e7a21598b796633b,07/25/2025 02:09:00 PM,1,DRIVER,,2015500,,TOYOTA,PRIUS,IL,2009,UNKNOWN,PASSENGER,UNKNOWN/NA,S,STRAIGHT AHEAD,,,1,,,,,,,,,,,,,,,,,Y,UNKNOWN,,,,,,,,,,,,,,,,,,,,,,,,,,,,,,,,,
2114209,173324f4b02e078fb1a3772c37292799754d630c3545b3257fe7eefbe88cd9667218ad5ea4b1aba187e866969b9a91ccf939f815a7c7f534e7a21598b796633b,07/25/2025 02:09:00 PM,2,DRIVER,,2015509,,FORD,EXPLORER,IL,2019,UNKNOWN,PASSENGER,UNKNOWN/NA,S,SLOW/STOP IN TRAFFIC,,,1,,,,,,,,,Y,,,,,,,,,REAR,,,,,,,,,,,,,,,,,,,,,,,,,,,,,,,,,
2114277,bd12b9da1481b155c3391ffeb8a0a50809e8c9ee7289b47f2dd111076db62a9ad2145dd46b1523ac0f9b2b26b72eefb8a2912e2ab5bcbf6530c6304851146a98,07/25/2025 02:08:00 PM,1,DRIVER,,2015558,,DODGE,RAM 2500 VAN,IL,1997,NONE,VAN/MINI-VAN,PERSONAL,N,SKIDDING/CONTROL LOSS,,,1,,,,,,,,,,,,,,,,Y,,FRONT,,,,,,,,,,,,,,,,,,,,,,,,,,,,,,,,,
2114278,bd12b9da1481b155c3391ffeb8a0a50809e8c9ee7289b47f2dd111076db62a9ad2145dd46b1523ac0f9b2b26b72eefb8a2912e2ab5bcbf6530c6304851146a98,07/25/2025 02:08:00 PM,2,DRIVER,,2015566,,KIA,SORENTO,IL,2016,NONE,SPORT UTILITY VEHICLE (SUV),PERSONAL,N,SLOW/STOP IN TRAFFIC,,,1,,,,,,,,,,Y,,,,,,,,REAR,,,,,,,,,,,,,,,,,,,,,,,,,,,,,,,,,
2119262,2672ecf12a99ce602ec3df3ce3a3344e279676d683e4c83ef9771c552aac32d1e67835cf235c846b0dc02f9dca37ed53106e2ff2760dda62be758c6e0a986aeb,07/25/2025 02:05:00 PM,1,DRIVER,,2020280,,UNKNOWN,OTHER (EXPLAIN IN NARRATIVE),,,UNKNOWN,PASSENGER,PERSONAL,UNKNOWN,BACKING,,,1,,,,,,,,,Y,Y,Y,,,,,,,REAR,,,,,,,,,,,,,,,,,,,,,,,,,,,,,,,,,
2119263,2672ecf12a99ce602ec3df3ce3a3344e279676d683e4c83ef9771c552aac32d1e67835cf235c846b0dc02f9dca37ed53106e2ff2760dda62be758c6e0a986aeb,07/25/2025 02:05:00 PM,2,PARKED,,2020292,,PIAZIO,PIAZIO,IL,2023,UNKNOWN,MOPED OR MOTORIZED BICYCLE,PERSONAL,N,PARKED,,,0,,,,,,,,,,,,,,,,,,TOTAL (ALL AREAS),,,,,,,,,,,,,,,,,,,,,,,,,,,,,,,,,
2114231,9295d42702c068870110c9fcf43b0fd920b0ba5de7b8c23a886e79aa9e2450353ccb4db36fa326b665a0285d3ad08f77ae81e4f697424ba1e23712eab39558f3,07/25/2025 02:00:00 PM,1,DRIVER,1,2015522,,JEEP,GRAND CHEROKEE,IN,2018,UNKNOWN,SPORT UTILITY VEHICLE (SUV),PERSONAL,N,STRAIGHT AHEAD,Y,,2,,,,,Y,,,,,,,,,,,,,FRONT-RIGHT-CORNER,,,,,,,,,,,,,,,,,,,,,,,,,,,,,,,,,
2114232,9295d42702c068870110c9fcf43b0fd920b0ba5de7b8c23a886e79aa9e2450353ccb4db36fa326b665a0285d3ad08f77ae81e4f697424ba1e23712eab39558f3,07/25/2025 02:00:00 PM,2,DRIVER,1,2015542,,DODGE,GRAND CARAVAN,IL,2017,UNKNOWN,VAN/MINI-VAN,PERSONAL,N,TURNING LEFT,Y,,2,,,,,,,,,,,,,,Y,Y,,,FRONT-LEFT-CORNER,,,,,,,,,,,,,,,,,,,,,,,,,,,,,,,,,
2115006,95ec16aef7fe90a07dcb2401c2304591abcd2824c340b5bd5ddddd84395da3496034a6399a0fb6379fc89dc6331267f3e03d958c9670518117637a2f924df96c,07/25/2025 02:00:00 PM,1,DRIVER,,2016250,,UNKNOWN,OTHER (EXPLAIN IN NARRATIVE),,,UNKNOWN,UNKNOWN/NA,UNKNOWN/NA,UNKNOWN,UNKNOWN/NA,,,1,,,,,,,,,,,,,,,,,Y,UNKNOWN,,,,,,,,,,,,,,,,,,,,,,,,,,,,,,,,,
2115007,95ec16aef7fe90a07dcb2401c2304591abcd2824c340b5bd5ddddd84395da3496034a6399a0fb6379fc89dc6331267f3e03d958c9670518117637a2f924df96c,07/25/2025 02:00:00 PM,2,PARKED,,2016258,,TOYOTA,COROLLA,IL,2023,UNKNOWN,PASSENGER,NOT IN USE,W,PARKED,,,0,,,,,Y,,,,,,,,,,Y,Y,,FRONT,,,,,,,,,,,,,,,,,,,,,,,,,,,,,,,,,
2114235,2cbfe7e1876ada975543bf9b8a4de0348460d9c27acf0660c0fd3ef2b3d565a24c03f32631a50a27254f2536229634344accd617c39a62eb2138434f43a769c0,07/25/2025 01:55:00 PM,1,DRIVER,,2015521,,TOYOTA,4RUNNER,IL,2024,OTHER,PASSENGER,PERSONAL,E,STRAIGHT AHEAD,,,1,,,,,,,,,,,,,Y,Y,Y,,,SIDE-LEFT,,,,,,,,,,,,,,,,,,,,,,,,,,,,,,,,,
2114236,2cbfe7e1876ada975543bf9b8a4de0348460d9c27acf0660c0fd3ef2b3d565a24c03f32631a50a27254f2536229634344accd617c39a62eb2138434f43a769c0,07/25/2025 01:55:00 PM,2,DRIVER,,2015539,,FORD,ESCAPE,IL,2009,UNKNOWN,UNKNOWN/NA,PERSONAL,E,TURNING RIGHT,,,1,,,,,Y,Y,,,,,,,,,,,,FRONT-RIGHT-CORNER,,,,,,,,,,,,,,,,,,,,,,,,,,,,,,,,,
2114808,b4d67d02bfd6c55ba566580a97f0a7a0016d73da0ef8f86b8a80edc23a486c86687cd61ede7f2824d27c2a09efd89363c07b5e33682d1820c2208201aed583b1,07/25/2025 01:50:00 PM,1,DRIVER,,2016060,,FORD,F150,IL,2007,UNKNOWN,PICKUP,UNKNOWN/NA,S,STRAIGHT AHEAD,,,1,,,,,,,,,,,,,,,,,,FRONT,,,,,,,,,,,,,,,,,,,,,,,,,,,,,,,,,
2114809,b4d67d02bfd6c55ba566580a97f0a7a0016d73da0ef8f86b8a80edc23a486c86687cd61ede7f2824d27c2a09efd89363c07b5e33682d1820c2208201aed583b1,07/25/2025 01:50:00 PM,2,DRIVER,,2016063,,KIA,STINGER,IL,2021,NONE,PASSENGER,PERSONAL,S,SLOW/STOP IN TRAFFIC,,,1,,,,,,,,,,Y,,,,,,,,REAR,,,,,,,,,,,,,,,,,,,,,,,,,,,,,,,,,
2114243,520a0a949037f21259e0ba17d705a10ed331d5206ac022afa1274f2a58eab75975a05da1964f4f81b1f07fd6b3546fc5ec5b1eb9f3699f244f9af9415bfb6593,07/25/2025 01:45:00 PM,1,DRIVER,,2015529,,CHEVROLET,VOLT,IL,2017,NONE,PASSENGER,PERSONAL,E,PASSING/OVERTAKING,,,1,,,,,,,,,,,,,,Y,Y,,,FRONT-LEFT-CORNER,,,,,,,,,,,,,,,,,,,,,,,,,,,,,,,,,
2114244,520a0a949037f21259e0ba17d705a10ed331d5206ac022afa1274f2a58eab75975a05da1964f4f81b1f07fd6b3546fc5ec5b1eb9f3699f244f9af9415bfb6593,07/25/2025 01:45:00 PM,2,DRIVER,,2015541,,"DART, KW","DART, KW",IL,2020,NONE,TRACTOR W/ SEMI-TRAILER,OTHER,E,STRAIGHT AHEAD,,,1,,,,,Y,Y,,,,,,N,,,,,,SIDE-RIGHT-FRONT,,,,,,,,,,,,,,,,,,,,,,,,,,,,,,,,,
2114183,9d983b134bae9fcc876715286567bed95ab1f12e0ed73268aa76e1b35f2d31241b2a4897fb7d7a319d5a25b1be0df00923a42fca73b454a2ad9128a70b70ea1f,07/25/2025 01:45:00 PM,1,DRIVER,,2015473,,NISSAN,VERSA,IL,2014,UNKNOWN,PASSENGER,UNKNOWN/NA,NW,STRAIGHT AHEAD,,,1,,,,,,,,,,,,,,,,,Y,UNKNOWN,,,,,,,,,,,,,,,,,,,,,,,,,,,,,,,,,
2114184,9d983b134bae9fcc876715286567bed95ab1f12e0ed73268aa76e1b35f2d31241b2a4897fb7d7a319d5a25b1be0df00923a42fca73b454a2ad9128a70b70ea1f,07/25/2025 01:45:00 PM,2,DRIVER,,2015478,,BMW,OTHER (EXPLAIN IN NARRATIVE),IL,2023,UNKNOWN,MOTORCYCLE (OVER 150CC),UNKNOWN/NA,NW,SLOW/STOP IN TRAFFIC,,,1,,,,,,,,,,,Y,,,,,,,REAR-LEFT-CORNER,,,,,,,,,,,,,,,,,,,,,,,,,,,,,,,,,
2114202,25dd95d17a5334c5598daa6423141f98d79beecc07e7a4904599ce10d65d0693b9f0a630bd73871437b46e2eb97893bd6c072adfb706e31e385b2c123b89d241,07/25/2025 01:40:00 PM,1,DRIVER,,2015506,,UNKNOWN,OTHER (EXPLAIN IN NARRATIVE),IL,,NONE,PICKUP,PERSONAL,N,TURNING RIGHT,,,1,,,,Y,,,,,,,,,,,,,,NONE,,,,,,,,,,,,,,,,,,,,,,,,,,,,,,,,,
2114203,25dd95d17a5334c5598daa6423141f98d79beecc07e7a4904599ce10d65d0693b9f0a630bd73871437b46e2eb97893bd6c072adfb706e31e385b2c123b89d241,07/25/2025 01:40:00 PM,3,DRIVER,,2015493,,UNKNOWN,OTHER (EXPLAIN IN NARRATIVE),,,NONE,PASSENGER,PERSONAL,N,STRAIGHT AHEAD,,,1,,,,,,Y,Y,Y,Y,,,,,,,,,SIDE-LEFT,,,,,,,,,,,,,,,,,,,,,,,,,,,,,,,,,
2114220,25dd95d17a5334c5598daa6423141f98d79beecc07e7a4904599ce10d65d0693b9f0a630bd73871437b46e2eb97893bd6c072adfb706e31e385b2c123b89d241,07/25/2025 01:40:00 PM,2,DRIVER,,2015502,,HYUNDAI,SONATA,IL,2024,NONE,PASSENGER,PERSONAL,N,STRAIGHT AHEAD,,,1,,,,,,,,,,,,,,,,,Y,FRONT-LEFT-CORNER,,,,,,,,,,,,,,,,,,,,,,,,,,,,,,,,,
2114170,2c8c4bb46297ec9f12a7617f340ea05564ac832b7acabd38edbaa79b9af94c9a85d84bbdc1cbb3ef78c4034a795b24af6737a619e56cb3ec7ffb3820c380c56a,07/25/2025 01:36:00 PM,1,DRIVER,,2015460,,TOYOTA,PRIUS,,,UNKNOWN,PASSENGER,UNKNOWN/NA,N,STRAIGHT AHEAD,,,1,,,,Y,,,,,,,,,,,,,,FRONT,,,,,,,,,,,,,,,,,,,,,,,,,,,,,,,,,
2114171,2c8c4bb46297ec9f12a7617f340ea05564ac832b7acabd38edbaa79b9af94c9a85d84bbdc1cbb3ef78c4034a795b24af6737a619e56cb3ec7ffb3820c380c56a,07/25/2025 01:36:00 PM,2,BICYCLE,,,,,,,,,,,,,,,,,,,,,,,,,,,,,,,,,,,,,,,,,,,,,,,,,,,,,,,,,,,,,,,,,,
2114200,1668dd53c42d9909ba9e0dc495ca89fd0bef873ed73ea26e33301a956c63f82189b57f5d896fe5ac9bbb8d92ed88f88a275e2c94d98e192522d62e06efeb162f,07/25/2025 01:34:00 PM,1,DRIVER,,2015507,,TOYOTA,COROLLA,IL,2021,NONE,PASSENGER,PERSONAL,N,BACKING,,,1,,,,,,,,,,Y,,,,,,,,REAR,,,,,,,,,,,,,,,,,,,,,,,,,,,,,,,,,
2114201,1668dd53c42d9909ba9e0dc495ca89fd0bef873ed73ea26e33301a956c63f82189b57f5d896fe5ac9bbb8d92ed88f88a275e2c94d98e192522d62e06efeb162f,07/25/2025 01:34:00 PM,2,DRIVER,,2015514,,DODGE,RAM 2500 PU,IL,2005,NONE,PICKUP,PERSONAL,W,STRAIGHT AHEAD,,,1,,,,,,,,,,,,,,Y,Y,,,SIDE-LEFT,,,,,,,,,,,,,,,,,,,,,,,,,,,,,,,,,
2114181,81ec4ad378d9a7f4a9c970a1e34629516db3b1fac878edc31d7fc174f4f50f0a48dfcb574669b0caff0a63c60b4b91b6b3b520895b51f7e7e45ded6a97709403,07/25/2025 01:31:00 PM,1,DRIVER,,2015475,,KIA,OTHER (EXPLAIN IN NARRATIVE),IL,2019,UNKNOWN,PASSENGER,PERSONAL,N,STRAIGHT AHEAD,,,1,,,,,Y,,,,,,,,,,Y,Y,,FRONT,,,,,,,,,,,,,,,,,,,,,,,,,,,,,,,,,
2114182,81ec4ad378d9a7f4a9c970a1e34629516db3b1fac878edc31d7fc174f4f50f0a48dfcb574669b0caff0a63c60b4b91b6b3b520895b51f7e7e45ded6a97709403,07/25/2025 01:31:00 PM,2,DRIVER,,2015481,,HONDA,CR-V,IL,2018,UNKNOWN,PASSENGER,PERSONAL,N,STRAIGHT AHEAD,,,1,,,,,,,,,Y,Y,Y,,,,,,,REAR,,,,,,,,,,,,,,,,,,,,,,,,,,,,,,,,,
2114497,1fc37312ed3a73113d47e6144cfaf9ebf7132db4972555aa6136c8129bbf79c7aa99677141299a6a84eaa13b9dbc741b2be7dd58be0cbd3e2372ae919ebd66cc,07/25/2025 01:30:00 PM,1,BICYCLE,,,,,,,,,,,,,,,,,,,,,,,,,,,,,,,,,,,,,,,,,,,,,,,,,,,,,,,,,,,,,,,,,,
2114498,1fc37312ed3a73113d47e6144cfaf9ebf7132db4972555aa6136c8129bbf79c7aa99677141299a6a84eaa13b9dbc741b2be7dd58be0cbd3e2372ae919ebd66cc,07/25/2025 01:30:00 PM,2,DRIVER,2,2015770,,CHEVROLET,TRAX,IL,2025,NONE,SPORT UTILITY VEHICLE (SUV),PERSONAL,N,SLOW/STOP IN TRAFFIC,,,3,,,,,,,,,,Y,,,,,,,,REAR,,,,,,,,,,,,,,,,,,,,,,,,,,,,,,,,,
2114185,3dc5893bd6af94a0c0419a3203a4051cb2f76b4a27fbd46c89f747adfef623e80aefe694926d84737e333792d7b84fb5227d8d811f5f99dfcae0768b80b67845,07/25/2025 01:30:00 PM,1,DRIVER,,2015479,,BMW,X5,IL,2006,NONE,PASSENGER,PERSONAL,W,STRAIGHT AHEAD,,,1,,,,,,N,,,,,,,,Y,,,,FRONT-RIGHT-CORNER,,,,,,,,,,,,,,,,,,,,,,,,,,,,,,,,,
2114186,3dc5893bd6af94a0c0419a3203a4051cb2f76b4a27fbd46c89f747adfef623e80aefe694926d84737e333792d7b84fb5227d8d811f5f99dfcae0768b80b67845,07/25/2025 01:30:00 PM,2,DRIVER,,2015490,,JEEP,CHEROKEE,IL,2019,NONE,PASSENGER,PERSONAL,SW,STRAIGHT AHEAD,,,1,,,,,,Y,,,,,,,,,,,,FRONT-RIGHT-CORNER,,,,,,,,,,,,,,,,,,,,,,,,,,,,,,,,,
2114198,3f34b2b809843efa329b2d7ddbcebc47e858020af0bdff5801618238e5d710f0a91b3d117cb4b88443d76312becba0b60a3a9f2f0596c277b02318f5b91ae978,07/25/2025 01:30:00 PM,1,DRIVER,,2015491,,LEXUS,ES,IL,1997,UNKNOWN,PASSENGER,UNKNOWN/NA,S,MERGING,,,1,,,,,Y,Y,,,,,,,,,,Y,,FRONT-RIGHT-CORNER,,,,,,,,,,,,,,,,,,,,,,,,,,,,,,,,,
2114199,3f34b2b809843efa329b2d7ddbcebc47e858020af0bdff5801618238e5d710f0a91b3d117cb4b88443d76312becba0b60a3a9f2f0596c277b02318f5b91ae978,07/25/2025 01:30:00 PM,2,DRIVER,,2015492,,CHEVROLET,SILVERADO,IL,2023,UNKNOWN,OTHER,UNKNOWN/NA,S,SLOW/STOP IN TRAFFIC,,,1,,,,,,,,,,Y,Y,Y,,,,,,SIDE-LEFT-REAR,,,,,,,,,,,,,,,,,,,,,,,,,,,,,,,,,
2117539,51d66f0b4741cbf57008f9e410f3d92b015a1db5650a18273a2ba2324f8d10bc81441321cd21bf028a3a8a981a4e46b2664319d0b38dd1834f79845c25df6c6b,07/25/2025 01:30:00 PM,1,DRIVER,,2018622,,MERCEDES-BENZ,SL500,IL,2012,NONE,PASSENGER,PERSONAL,S,STRAIGHT AHEAD,,,1,,,,,Y,Y,,,,,,,,,,Y,,FRONT-RIGHT-CORNER,,,,,,,,,,,,,,,,,,,,,,,,,,,,,,,,,
2117540,51d66f0b4741cbf57008f9e410f3d92b015a1db5650a18273a2ba2324f8d10bc81441321cd21bf028a3a8a981a4e46b2664319d0b38dd1834f79845c25df6c6b,07/25/2025 01:30:00 PM,2,PARKED,,2018632,,FORD,FUSION,IL,2014,NONE,PASSENGER,PERSONAL,S,PARKED,,,0,,,,,,,,,,Y,Y,Y,Y,,,,,REAR-LEFT-CORNER,,,,,,,,,,,,,,,,,,,,,,,,,,,,,,,,,
2114180,bbe3788b475e4d0cbe8caa713c63445296ba85fd0d60c6dc16a6ed836680246f0c2b61497aca7f898882b1d21627d77e14ab8daa08fce00b8026c64d15a7cde0,07/25/2025 01:30:00 PM,1,DRIVER,,2015474,,FORD,FOCUS,IL,2012,UNKNOWN,PASSENGER,UNKNOWN/NA,W,STRAIGHT AHEAD,Y,,1,,City of Chicago,Doty Road,,Y,,,,,,,,,,Y,Y,,FRONT,,,,,,,,,,,,,,,,,,,,,,,,,,,,,,,,,
2114354,62ed99161942bd5237db1b8d919ec243148be9c4422b0e44c7fc7272be5e663821bd9549e106a5e614d536da35dac576f3c57062ab9950f2f47c333c3b9cea35,07/25/2025 01:27:00 PM,1,DRIVER,,2015622,,VOLKSWAGEN,JETTA,IL,2025,UNKNOWN,PASSENGER,UNKNOWN/NA,NE,TURNING LEFT,,,1,,,,,,,,,,,,Y,Y,,,,,SIDE-LEFT-REAR,,,,,,,,,,,,,,,,,,,,,,,,,,,,,,,,,
2114355,62ed99161942bd5237db1b8d919ec243148be9c4422b0e44c7fc7272be5e663821bd9549e106a5e614d536da35dac576f3c57062ab9950f2f47c333c3b9cea35,07/25/2025 01:27:00 PM,2,DRIVER,,2015634,,MITSUBISHI,OUTLANDER,IL,2018,UNKNOWN,SPORT UTILITY VEHICLE (SUV),PERSONAL,E,STRAIGHT AHEAD,,,1,,,,,Y,,,,,,,,,,,,,FRONT-RIGHT-CORNER,,,,,,,,,,,,,,,,,,,,,,,,,,,,,,,,,
2114346,4e4a064c127264a4cfa6990260c7974c47f0ed6f91422f9305b996ffbb8a163322d802d56f884b30f459c4e0220cffc63a1efa5e447871416f2016107ec1fe81,07/25/2025 01:22:00 PM,1,BICYCLE,,,,,,,,,,,,,,,,,,,,,,,,,,,,,,,,,,,,,,,,,,,,,,,,,,,,,,,,,,,,,,,,,,
2114347,4e4a064c127264a4cfa6990260c7974c47f0ed6f91422f9305b996ffbb8a163322d802d56f884b30f459c4e0220cffc63a1efa5e447871416f2016107ec1fe81,07/25/2025 01:22:00 PM,2,DRIVER,,2015636,,FORD,TRANSIT CONNECT,IL,2023,NONE,VAN/MINI-VAN,OTHER,S,TURNING RIGHT,,,1,,,,,,,,Y,,,,,,,,,,SIDE-RIGHT-REAR,,,,,,,,,,,,,,,,,,,,,,,,,,,,,,,,,
2114174,12f1ce5195dd85e74bdc222aca22867bc2d9c29bfe3bfcf2fbc0c51e9f89b6d255d9a688b808b16db8717f44b658f8db29dd46a46741b70818d7964bcb7f438f,07/25/2025 01:20:00 PM,1,DRIVER,,2015470,,UNKNOWN,OTHER (EXPLAIN IN NARRATIVE),IL,,UNKNOWN,SPORT UTILITY VEHICLE (SUV),UNKNOWN/NA,S,STRAIGHT AHEAD,,,1,,,,,,,,,,,,,,,,,Y,FRONT,,,,,,,,,,,,,,,,,,,,,,,,,,,,,,,,,
2114175,12f1ce5195dd85e74bdc222aca22867bc2d9c29bfe3bfcf2fbc0c51e9f89b6d255d9a688b808b16db8717f44b658f8db29dd46a46741b70818d7964bcb7f438f,07/25/2025 01:20:00 PM,2,DRIVER,,2015480,,BUICK,LESABRE,IL,2007,NONE,PASSENGER,PERSONAL,S,STRAIGHT AHEAD,,,1,,,,,,,,,Y,Y,,,,,,,,REAR,,,,,,,,,,,,,,,,,,,,,,,,,,,,,,,,,
2114214,7259ae1806ebd71b41614c60752aadb260404f74a2f438bf34210b7c9fa6571d0ec567b1d4adedf5a33095860f71cb004925963f0ca95e88fb2b5e5a7ec5b588,07/25/2025 01:20:00 PM,1,DRIVER,,2015528,,CHEVROLET,SILVERADO,IL,2000,UNKNOWN,PICKUP,UNKNOWN/NA,UNKNOWN,UNKNOWN/NA,,,1,,,,,,,,,,,,,,,,,Y,UNKNOWN,,,,,,,,,,,,,,,,,,,,,,,,,,,,,,,,,
2114215,7259ae1806ebd71b41614c60752aadb260404f74a2f438bf34210b7c9fa6571d0ec567b1d4adedf5a33095860f71cb004925963f0ca95e88fb2b5e5a7ec5b588,07/25/2025 01:20:00 PM,2,DRIVER,,2015538,,JEEP,COMPASS,IL,2017,UNKNOWN,UNKNOWN/NA,UNKNOWN/NA,E,STRAIGHT AHEAD,,,1,,,,,,,,,,,Y,,,,,,,REAR-LEFT-CORNER,,,,,,,,,,,,,,,,,,,,,,,,,,,,,,,,,
2114225,2e3d3c6572c57477f11ffd522a6e3d06beafd529bf3ff3e724c37cf68e352b3ae3995a97709bd5280dd3cb5d78a0dcc43059909facc5fbcbfb8d3b78a0f7f407,07/25/2025 01:15:00 PM,1,DRIVER,,2015511,,CHEVROLET,C3500 (TOW TRUCK),IL,2003,UNKNOWN,OTHER,TOW TRUCK,W,UNKNOWN/NA,,,1,,,,,,,,,,,,,,,,,,UNKNOWN,,,,,,,,,,,,,,,,,,,,,,,,,,,,,,,,,
2114226,2e3d3c6572c57477f11ffd522a6e3d06beafd529bf3ff3e724c37cf68e352b3ae3995a97709bd5280dd3cb5d78a0dcc43059909facc5fbcbfb8d3b78a0f7f407,07/25/2025 01:15:00 PM,2,DRIVER,,2015517,,BUICK,ENVISION,IL,2024,UNKNOWN,SPORT UTILITY VEHICLE (SUV),UNKNOWN/NA,W,STRAIGHT AHEAD,,,1,,,,,Y,Y,,,,,,,,,Y,,,SIDE-LEFT,,,,,,,,,,,,,,,,,,,,,,,,,,,,,,,,,
2114192,c1556694b8503d503c70a4e4d9dd49c60a3596b88d3357ad6352de3564f8ad9b17af3ecaeca54e701c25796724ba96b91b90dca2fa228649484b9afe428c2491,07/25/2025 01:15:00 PM,1,DRIVER,,2016011,,NISSAN,ALTIMA,IL,2006,UNKNOWN,PASSENGER,PERSONAL,S,STRAIGHT AHEAD,,,1,,,,,Y,,,,,,,,,,,Y,,FRONT,,,,,,,,,,,,,,,,,,,,,,,,,,,,,,,,,
2114193,c1556694b8503d503c70a4e4d9dd49c60a3596b88d3357ad6352de3564f8ad9b17af3ecaeca54e701c25796724ba96b91b90dca2fa228649484b9afe428c2491,07/25/2025 01:15:00 PM,2,DRIVER,1,2016013,,CHEVROLET,EQUINOX,IL,2018,NONE,PASSENGER,PERSONAL,S,STRAIGHT AHEAD,,,2,,,,,,,,,Y,Y,,,,,,,,REAR,,,,,,,,,,,,,,,,,,,,,,,,,,,,,,,,,
2114188,cc0978c887c5a3b282cbdddcb469392990d173ebce139e0d9eb6fa32ae4972306a88245f239ee7ba650ff6f45e34af313ab6ea1b1069e1db784845acb93b7759,07/25/2025 01:11:00 PM,1,DRIVER,,2015477,,TOYOTA,TACOMA,XX,,UNKNOWN,PICKUP,UNKNOWN/NA,S,NEGOTIATING A CURVE,,,1,,,,,N,N,N,,,,,,,,,,Y,SIDE-RIGHT,,,,,,,,,,,,,,,,,,,,,,,,,,,,,,,,,
2114189,cc0978c887c5a3b282cbdddcb469392990d173ebce139e0d9eb6fa32ae4972306a88245f239ee7ba650ff6f45e34af313ab6ea1b1069e1db784845acb93b7759,07/25/2025 01:11:00 PM,2,DRIVER,,2015483,,MERCEDES-BENZ,OTHER (EXPLAIN IN NARRATIVE),IL,2019,NONE,PASSENGER,PERSONAL,S,NEGOTIATING A CURVE,,,1,,,,,,,,,,,,,Y,Y,Y,,,SIDE-LEFT,,,,,,,,,,,,,,,,,,,,,,,,,,,,,,,,,