CRASH_UNIT_ID,CRASH_RECORD_ID,CRASH_DATE,UNIT_NO,UNIT_TYPE,NUM_PASSENGERS,VEHICLE_ID,CMRC_VEH_I,MAKE,MODEL,LIC_PLATE_STATE,VEHICLE_YEAR,VEHICLE_DEFECT,VEHICLE_TYPE,VEHICLE_USE,TRAVEL_DIRECTION,MANEUVER,TOWED_I,FIRE_I,OCCUPANT_CNT,EXCEED_SPEED_LIMIT_I,TOWED_BY,TOWED_TO,AREA_00_I,AREA_01_I,AREA_02_I,AREA_03_I,AREA_04_I,AREA_05_I,AREA_06_I,AREA_07_I,AREA_08_I,AREA_09_I,AREA_10_I,AREA_11_I,AREA_12_I,AREA_99_I,FIRST_CONTACT_POINT,CMV_ID,USDOT_NO,CCMC_NO,ILCC_NO,COMMERCIAL_SRC,GVWR,CARRIER_NAME,CARRIER_STATE,CARRIER_CITY,HAZMAT_PLACARDS_I,HAZMAT_NAME,UN_NO,HAZMAT_PRESENT_I,HAZMAT_REPORT_I,HAZMAT_REPORT_NO,MCS_REPORT_I,MCS_REPORT_NO,HAZMAT_VIO_CAUSE_CRASH_I,MCS_VIO_CAUSE_CRASH_I,IDOT_PERMIT_NO,WIDE_LOAD_I,TRAILER1_WIDTH,TRAILER2_WIDTH,TRAILER1_LENGTH,TRAILER2_LENGTH,TOTAL_VEHICLE_LENGTH,AXLE_CNT,VEHICLE_CONFIG,CARGO_BODY_TYPE,LOAD_TYPE,HAZMAT_OUT_OF_SERVICE_I,MCS_OUT_OF_SERVICE_I,HAZMAT_CLASS
2114241,48d3c99929469635fa30c17f9e6249e697c9f9de7054e8215b6413979c042ac151c945e9d6e8327c1a6614b5cb568c1ccf6a7228f1fe41866bfde53540e35252,07/25/2025 01:10:00 PM,1,DRIVER,,2015530,Y,CHEVROLET,OTHER (EXPLAIN IN NARRATIVE),IL,2023,UNKNOWN,TRUCK - SINGLE UNIT,COMMERCIAL - SINGLE UNIT,W,STRAIGHT AHEAD,,,1,,,,,,,,,,,,,,,Y,Y,,FRONT-LEFT-CORNER,"21,891",,,,,,SAUERWEIN TRANSPORTATION INC,IL,HOMETOWN,,,,N,N,,N,,N,N,,,,,,,,,"SINGLE UNIT TRUCK, 2 AXLES, 6 TIRES",VAN/ENCLOSED BOX,OTHER,N,N,
2114242,48d3c99929469635fa30c17f9e6249e697c9f9de7054e8215b6413979c042ac151c945e9d6e8327c1a6614b5cb568c1ccf6a7228f1fe41866bfde53540e35252,07/25/2025 01:10:00 PM,2,DRIVER,,2015545,,CHEVROLET,EQUINOX,IL,2017,UNKNOWN,PASSENGER,PERSONAL,SE,TURNING LEFT,Y,,1,,ALLSTATE,,,,,,,,,,,Y,Y,Y,Y,,SIDE-LEFT-FRONT,,,,,,,,,,,,,,,,,,,,,,,,,,,,,,,,,
2114300,d6ffd9b47726b83efade2384171d8c7e6928b10881d9c647c7d60bf0939e0e3158ae8dfa2fda78aa93e23f99bf3c57ac150f959bca8bad32e444a7ebd36a1fa5,07/25/2025 01:08:00 PM,1,DRIVER,1,2015601,,HONDA,CIVIC,IL,2020,UNKNOWN,PASSENGER,PERSONAL,W,STRAIGHT AHEAD,,,2,,,,,,,,,,,,,,,Y,Y,,FRONT-LEFT-CORNER,,,,,,,,,,,,,,,,,,,,,,,,,,,,,,,,,
2114301,d6ffd9b47726b83efade2384171d8c7e6928b10881d9c647c7d60bf0939e0e3158ae8dfa2fda78aa93e23f99bf3c57ac150f959bca8bad32e444a7ebd36a1fa5,07/25/2025 01:08:00 PM,2,DRIVER,1,2015588,,"MACK TRUCKS, INC.","MACK TRUCKS, INC.",IL,2022,NONE,TRUCK - SINGLE UNIT,COMMERCIAL - SINGLE UNIT,N,STRAIGHT AHEAD,,,2,,,,,,Y,Y,,,,,,,,,,,SIDE-RIGHT-FRONT,,,,,,,,,,,,,,,,,,,,,,,,,,,,,,,,,
2114245,b594280c0316e3581262baffc3a90eddd29c6d589b2955eb59968bb65a4533e74ffbf563121dae8bade54b0d815a649eaa3939e9f2696f6a40229411fd6908e1,07/25/2025 01:03:00 PM,1,DRIVER,,2015527,,HONDA,OTHER (EXPLAIN IN NARRATIVE),,,UNKNOWN,UNKNOWN/NA,UNKNOWN/NA,UNKNOWN,BACKING,,,1,,,,,,,,,,,,,,,,,Y,REAR,,,,,,,,,,,,,,,,,,,,,,,,,,,,,,,,,
2114246,b594280c0316e3581262baffc3a90eddd29c6d589b2955eb59968bb65a4533e74ffbf563121dae8bade54b0d815a649eaa3939e9f2696f6a40229411fd6908e1,07/25/2025 01:03:00 PM,2,DRIVER,,2015547,,NISSAN,ROGUE,IL,2019,UNKNOWN,PASSENGER,PERSONAL,UNKNOWN,UNKNOWN/NA,,,1,,,,,,,,,,,,Y,Y,Y,,,,SIDE-LEFT,,,,,,,,,,,,,,,,,,,,,,,,,,,,,,,,,
2114164,10a4bc488f5f6f2bc3fb6cfa0904297824f3c23574a902b3d35e8ea44eae10d112197d0db3b2ac4ba20dc334167ce24e6604b33a5ccc12490bfdf77aacd71ce3,07/25/2025 01:01:00 PM,1,PARKED,,2015453,,VOLKSWAGEN,TIGUAN,IL,2020,NONE,PASSENGER,PERSONAL,N,PARKED,,,0,,,,,,,,,,,,,Y,Y,,,,SIDE-LEFT-FRONT,,,,,,,,,,,,,,,,,,,,,,,,,,,,,,,,,
2114165,10a4bc488f5f6f2bc3fb6cfa0904297824f3c23574a902b3d35e8ea44eae10d112197d0db3b2ac4ba20dc334167ce24e6604b33a5ccc12490bfdf77aacd71ce3,07/25/2025 01:01:00 PM,2,BICYCLE,,,,,,,,,,,,,,,,,,,,,,,,,,,,,,,,,,,,,,,,,,,,,,,,,,,,,,,,,,,,,,,,,,
2114172,07adfcffc812eb117d6857cc8542031b13effcfaa9a4f2694d23a70339bd3759040a9de2b495997d5777ea44991189cd4d6cda586f56f0ba3cbf506f6d5347fe,07/25/2025 01:00:00 PM,1,DRIVER,,2015459,,DODGE,CARAVAN,,,UNKNOWN,UNKNOWN/NA,UNKNOWN/NA,E,STRAIGHT AHEAD,,,1,,,,,Y,,,,,,,,,,Y,Y,N,FRONT,,,,,,,,,,,,,,,,,,,,,,,,,,,,,,,,,
2114173,07adfcffc812eb117d6857cc8542031b13effcfaa9a4f2694d23a70339bd3759040a9de2b495997d5777ea44991189cd4d6cda586f56f0ba3cbf506f6d5347fe,07/25/2025 01:00:00 PM,2,DRIVER,,2015464,,GENERAL MOTORS CORPORATION (GMC),YUKON,IL,2003,UNKNOWN,SPORT UTILITY VEHICLE (SUV),UNKNOWN/NA,E,SLOW/STOP IN TRAFFIC,,,1,,,,,,,,,Y,Y,Y,,,,,,,REAR,,,,,,,,,,,,,,,,,,,,,,,,,,,,,,,,,
2118806,3bc8e4092ab90047b95652256d24c4480b445d2a552bfc1db7cc62a8d0764bdb866d8f23ba270fbc2b4823e540fb10b74081141458666b7a0bb2c694697c6fe2,07/25/2025 01:00:00 PM,1,DRIVER,,2019840,,UNKNOWN,ENCLOSED BODY,,,NONE,PASSENGER,PERSONAL,UNKNOWN,UNKNOWN/NA,,,1,,,,,,,,,,,,,,,,Y,,FRONT,,,,,,,,,,,,,,,,,,,,,,,,,,,,,,,,,
2118807,3bc8e4092ab90047b95652256d24c4480b445d2a552bfc1db7cc62a8d0764bdb866d8f23ba270fbc2b4823e540fb10b74081141458666b7a0bb2c694697c6fe2,07/25/2025 01:00:00 PM,2,PARKED,,2019841,,TESLA,MODEL S,IL,2020,NONE,PASSENGER,PERSONAL,UNKNOWN,PARKED,,,0,,,,,,,,,Y,Y,,,,,,,,REAR-RIGHT-CORNER,,,,,,,,,,,,,,,,,,,,,,,,,,,,,,,,,
2116592,52e79b229bd18c12c6c5741e82154a82aa145c0dd54ae6ca1f6ffd6e0409e484d4e2fb6235e34e6f873e8497f9095f817ee9126deae6aefb90ad9b9ce614a6b3,07/25/2025 01:00:00 PM,1,DRIVER,,2017759,,DODGE,RAM 1500 PU,IL,2007,UNKNOWN,PICKUP,UNKNOWN/NA,N,BACKING,,,1,,,,,,,,,Y,Y,Y,,,,,,,REAR,,,,,,,,,,,,,,,,,,,,,,,,,,,,,,,,,
2116593,52e79b229bd18c12c6c5741e82154a82aa145c0dd54ae6ca1f6ffd6e0409e484d4e2fb6235e34e6f873e8497f9095f817ee9126deae6aefb90ad9b9ce614a6b3,07/25/2025 01:00:00 PM,2,DRIVER,2,2017763,,INFINITI,Q50,WI,2014,UNKNOWN,PASSENGER,UNKNOWN/NA,S,SLOW/STOP IN TRAFFIC,,,3,,,,,Y,,,,,,,,,,Y,Y,,FRONT,,,,,,,,,,,,,,,,,,,,,,,,,,,,,,,,,
2116438,7bb6ed5f85362d5df9c53965b5cb842757ce9afef60173ff662ff5481a467a3e05ff41474d3893f0b0df0d6ab366d6c6a64187ee13744ed9aa3b4c708adb05bb,07/25/2025 01:00:00 PM,1,DRIVER,,2017627,,MERCEDES-BENZ,S500,IL,2012,NONE,PASSENGER,PERSONAL,S,SKIDDING/CONTROL LOSS,,,1,,,,,Y,Y,,,,,,,,,,,,FRONT-RIGHT-CORNER,,,,,,,,,,,,,,,,,,,,,,,,,,,,,,,,,
2116439,7bb6ed5f85362d5df9c53965b5cb842757ce9afef60173ff662ff5481a467a3e05ff41474d3893f0b0df0d6ab366d6c6a64187ee13744ed9aa3b4c708adb05bb,07/25/2025 01:00:00 PM,2,PARKED,,2017635,,FORD,FUSION,IL,2013,NONE,PASSENGER,PERSONAL,S,PARKED,,,0,,,,,,,,,,,Y,,,,,,,REAR-LEFT-CORNER,,,,,,,,,,,,,,,,,,,,,,,,,,,,,,,,,
2114124,99d2d1d814211a18c966ca2cca75261e4523568ec7e9be51605760c931ade6501b336a38ecf065fd7faa12cd37220b799275da284f168de746ecd3eb9702d4db,07/25/2025 01:00:00 PM,1,DRIVER,,2015415,,KIA,RIO / K2,IL,2025,NONE,PASSENGER,PERSONAL,N,STRAIGHT AHEAD,,,1,,,,,,,,,,,,Y,,,,,,SIDE-LEFT-REAR,,,,,,,,,,,,,,,,,,,,,,,,,,,,,,,,,
2114125,99d2d1d814211a18c966ca2cca75261e4523568ec7e9be51605760c931ade6501b336a38ecf065fd7faa12cd37220b799275da284f168de746ecd3eb9702d4db,07/25/2025 01:00:00 PM,2,DRIVER,,2015423,,CHEVROLET,TRAIL BLAZER,IL,2003,NONE,SPORT UTILITY VEHICLE (SUV),PERSONAL,N,STRAIGHT AHEAD,,,1,,,,,,Y,,,,,,,,,,,,SIDE-RIGHT-FRONT,,,,,,,,,,,,,,,,,,,,,,,,,,,,,,,,,
2116062,fc2c4f032ec8f8ad603124fda8a3dadaaeb648782c16fb0a9c0b74fbfc94c1c69a3f5fbcdd880f71efcf28f1b55d9cedd17edcd7f1a5780eeb1b126fc789ad44,07/25/2025 01:00:00 PM,1,DRIVER,,2017272,,UNKNOWN,OTHER (EXPLAIN IN NARRATIVE),IL,,UNKNOWN,UNKNOWN/NA,UNKNOWN/NA,W,STRAIGHT AHEAD,,,1,,,,,,,,,,,,,,,,,Y,FRONT,,,,,,,,,,,,,,,,,,,,,,,,,,,,,,,,,
2116063,fc2c4f032ec8f8ad603124fda8a3dadaaeb648782c16fb0a9c0b74fbfc94c1c69a3f5fbcdd880f71efcf28f1b55d9cedd17edcd7f1a5780eeb1b126fc789ad44,07/25/2025 01:00:00 PM,2,DRIVER,,2017259,,TOYOTA,CAMRY,IL,2010,NONE,PASSENGER,PERSONAL,W,TURNING RIGHT,,,1,,,,,,,,,,,Y,Y,,,,,,REAR-LEFT-CORNER,,,,,,,,,,,,,,,,,,,,,,,,,,,,,,,,,
2116064,fc2c4f032ec8f8ad603124fda8a3dadaaeb648782c16fb0a9c0b74fbfc94c1c69a3f5fbcdd880f71efcf28f1b55d9cedd17edcd7f1a5780eeb1b126fc789ad44,07/25/2025 01:00:00 PM,3,DRIVER,,2017263,,PORSCHE,MACAN,IL,2018,NONE,SPORT UTILITY VEHICLE (SUV),PERSONAL,W,STRAIGHT AHEAD,,,1,,,,,Y,,,,,,,,,,Y,N,,FRONT-RIGHT-CORNER,,,,,,,,,,,,,,,,,,,,,,,,,,,,,,,,,
2116065,fc2c4f032ec8f8ad603124fda8a3dadaaeb648782c16fb0a9c0b74fbfc94c1c69a3f5fbcdd880f71efcf28f1b55d9cedd17edcd7f1a5780eeb1b126fc789ad44,07/25/2025 01:00:00 PM,4,PARKED,,2017250,,SUBARU,CROSSTREK,IL,2024,NONE,SPORT UTILITY VEHICLE (SUV),NOT IN USE,E,PARKED,,,0,,,,,,,,,,,,,,Y,Y,,,FRONT-LEFT-CORNER,,,,,,,,,,,,,,,,,,,,,,,,,,,,,,,,,
2114187,fb31312cb11b05cc5c6e76cef69f4f41607fa6c68c6c58a59d67867cd5b658b18f4077cf345a273be3ea4ffde1a54851789bd9dce9a0b2dcb1a532e6c5aebd66,07/25/2025 12:59:00 PM,1,DRIVER,,2015476,,HYUNDAI,ELANTRA,IL,2015,UNKNOWN,PASSENGER,UNKNOWN/NA,UNKNOWN,UNKNOWN/NA,Y,,1,,CPD,,,Y,Y,,,,,,,,Y,Y,Y,,UNKNOWN,,,,,,,,,,,,,,,,,,,,,,,,,,,,,,,,,
2114150,ebb31dd404044258aa7a1cc1a97d8521a13322ea92358d77bc3efc7b27240a0ac26d8247cb57c78ccefc55ccc73f6d6f6f5b506d85ee362ebf47bc1ec511fb6c,07/25/2025 12:57:00 PM,1,DRIVER,,2015437,,AUDI,Q5,IL,2021,UNKNOWN,SPORT UTILITY VEHICLE (SUV),PERSONAL,S,STRAIGHT AHEAD,Y,,1,,Personal,,,Y,Y,,,,,,,,Y,Y,Y,,FRONT,,,,,,,,,,,,,,,,,,,,,,,,,,,,,,,,,
2114151,ebb31dd404044258aa7a1cc1a97d8521a13322ea92358d77bc3efc7b27240a0ac26d8247cb57c78ccefc55ccc73f6d6f6f5b506d85ee362ebf47bc1ec511fb6c,07/25/2025 12:57:00 PM,2,DRIVER,,2015449,,CHEVROLET,BLAZER,IL,2000,UNKNOWN,SPORT UTILITY VEHICLE (SUV),PERSONAL,S,STRAIGHT AHEAD,,,1,,,,,,,,,Y,Y,Y,,,,,,,REAR,,,,,,,,,,,,,,,,,,,,,,,,,,,,,,,,,
2114136,fe5ac8c1c7e744ecc701640878095639aea290c461d26024b6c2bae6b455e4ba3b9e06b76ea204b8c6b2a6789699be04653d3794869732de83a010b68028c152,07/25/2025 12:55:00 PM,1,DRIVER,,2015421,,NISSAN,ROGUE,IL,2016,UNKNOWN,SPORT UTILITY VEHICLE (SUV),PERSONAL,W,STRAIGHT AHEAD,,,1,,,,,N,,,,,,,,,,N,N,,FRONT,,,,,,,,,,,,,,,,,,,,,,,,,,,,,,,,,
2114137,fe5ac8c1c7e744ecc701640878095639aea290c461d26024b6c2bae6b455e4ba3b9e06b76ea204b8c6b2a6789699be04653d3794869732de83a010b68028c152,07/25/2025 12:55:00 PM,2,DRIVER,,2015433,,FORD,ESCAPE,IL,2017,UNKNOWN,SPORT UTILITY VEHICLE (SUV),PERSONAL,W,STRAIGHT AHEAD,,,1,,,,,Y,,,,,,,,,,Y,Y,,REAR,,,,,,,,,,,,,,,,,,,,,,,,,,,,,,,,,
2114144,899a98bb079ee09e7d1a41fbe19d8a302e7321052f9dd3fba7eef114e36d80cea3e5ac9a4f38409372230b36e251e85d8cfcb5d8535619190801681e3eb09f92,07/25/2025 12:50:00 PM,1,DRIVER,,2015434,,SUBARU,FORESTER,VA,2006,NONE,PASSENGER,PERSONAL,N,STRAIGHT AHEAD,,,1,,,,,Y,,,,,,,,,,Y,Y,,FRONT,,,,,,,,,,,,,,,,,,,,,,,,,,,,,,,,,
2114145,899a98bb079ee09e7d1a41fbe19d8a302e7321052f9dd3fba7eef114e36d80cea3e5ac9a4f38409372230b36e251e85d8cfcb5d8535619190801681e3eb09f92,07/25/2025 12:50:00 PM,2,DRIVER,,2015450,,DODGE,RAM 1500 PU,IL,2018,NONE,TRUCK - SINGLE UNIT,CONSTRUCTION/MAINTENANCE,N,STRAIGHT AHEAD,,,1,,,,,,,,,Y,Y,Y,,,,,,,REAR,,,,,,,,,,,,,,,,,,,,,,,,,,,,,,,,,
2114160,ce1fddae60862dc9c80a4e05c10f5b31ab4f8f330139a9bb336c53801c7846a9256051647bf5a687124ccd777b2fb2458eca378f2d6020559fc05cf4ccc76fb9,07/25/2025 12:48:00 PM,1,DRIVER,,2015456,,GENERAL MOTORS CORPORATION (GMC),ACADIA,IL,2019,UNKNOWN,SPORT UTILITY VEHICLE (SUV),PERSONAL,N,TURNING RIGHT,,,1,,,,,,,,,Y,Y,Y,,,,,,Y,REAR,,,,,,,,,,,,,,,,,,,,,,,,,,,,,,,,,
2114161,ce1fddae60862dc9c80a4e05c10f5b31ab4f8f330139a9bb336c53801c7846a9256051647bf5a687124ccd777b2fb2458eca378f2d6020559fc05cf4ccc76fb9,07/25/2025 12:48:00 PM,2,DRIVER,,2015463,,NOVA BUS,OTHER (EXPLAIN IN NARRATIVE),IL,2022,UNKNOWN,BUS OVER 15 PASS.,CTA,N,STRAIGHT AHEAD,,,1,,,,,,,,,,,,,,,,,Y,FRONT,,,,,,,,,,,,,,,,,,,,,,,,,,,,,,,,,
2114239,2fcf2417abc54ca0a166bcebf0d65a81fc1a4a8e4f744183906fb297c0d9b5e90bc4202ff56541ea2d18a2b876262a5cb13604d548e98446dee9b28b6dd24bcb,07/25/2025 12:45:00 PM,1,DRIVER,,2015526,,FORD,OTHER (EXPLAIN IN NARRATIVE),IN,,UNKNOWN,PICKUP,PERSONAL,E,STRAIGHT AHEAD,,,1,,,,,,Y,Y,,,,,,,,,,,FRONT-RIGHT-CORNER,,,,,,,,,,,,,,,,,,,,,,,,,,,,,,,,,
2114240,2fcf2417abc54ca0a166bcebf0d65a81fc1a4a8e4f744183906fb297c0d9b5e90bc4202ff56541ea2d18a2b876262a5cb13604d548e98446dee9b28b6dd24bcb,07/25/2025 12:45:00 PM,2,DRIVER,,2015533,,HYUNDAI,OTHER (EXPLAIN IN NARRATIVE),IL,2025,UNKNOWN,PASSENGER,PERSONAL,E,STRAIGHT AHEAD,,,1,,,,,,,,,,,,,Y,Y,,,,SIDE-LEFT,,,,,,,,,,,,,,,,,,,,,,,,,,,,,,,,,
2114166,4e2a6260006819fb2767a5bc1db0c76aa5d1f955582d1cafb55d5b2fc2d9eadc18ffed6afec2e6fbbacd3ee727de947ed0b5f77fe21e2ade85fb549d56e12d60,07/25/2025 12:40:00 PM,1,DRIVER,1,2015458,,CHEVROLET,EQUINOX,IL,2011,NONE,PASSENGER,PERSONAL,N,TURNING LEFT,,,2,,,,,Y,,,,,,,,,,Y,Y,,FRONT,,,,,,,,,,,,,,,,,,,,,,,,,,,,,,,,,
2114167,4e2a6260006819fb2767a5bc1db0c76aa5d1f955582d1cafb55d5b2fc2d9eadc18ffed6afec2e6fbbacd3ee727de947ed0b5f77fe21e2ade85fb549d56e12d60,07/25/2025 12:40:00 PM,2,DRIVER,,2015471,,VOLKSWAGEN,PASSAT,IL,2017,NONE,PASSENGER,PERSONAL,SE,STRAIGHT AHEAD,,,1,,,,,Y,Y,Y,Y,Y,,,,,,,,,SIDE-RIGHT,,,,,,,,,,,,,,,,,,,,,,,,,,,,,,,,,
2114114,7087e895d3b0551ac570f52ec1412cca07e8a61554b8a124c6506777d194c98a966dca500ba156f3ef2809dd142b5aadadae67754a6d701310eb05425bfc331f,07/25/2025 12:40:00 PM,1,DRIVER,,2015417,,CADILLAC,XT4,IL,2019,NONE,PASSENGER,PERSONAL,W,AVOIDING VEHICLES/OBJECTS,Y,,1,,,,,Y,,,,,,,,,Y,Y,Y,,FRONT-LEFT-CORNER,,,,,,,,,,,,,,,,,,,,,,,,,,,,,,,,,
2114115,7087e895d3b0551ac570f52ec1412cca07e8a61554b8a124c6506777d194c98a966dca500ba156f3ef2809dd142b5aadadae67754a6d701310eb05425bfc331f,07/25/2025 12:40:00 PM,2,PARKED,,2015432,,JEEP,GRAND CHEROKEE,IL,2018,NONE,PASSENGER,NOT IN USE,UNKNOWN,PARKED,,,0,,,,,,,,,,,,,,Y,Y,,,FRONT-LEFT-CORNER,,,,,,,,,,,,,,,,,,,,,,,,,,,,,,,,,
2114128,5da9f4808e7d805fb2c6abb5d4fbd0bccb388ec6f54b65eb4a72d409a4bfa0ec97f9ea78b99d62e10d98ae2b5786d81e182e2d6a3f7e923f467d1909144fda03,07/25/2025 12:35:00 PM,1,DRIVER,,2015425,,HINO,OTHER (EXPLAIN IN NARRATIVE),IL,2019,UNKNOWN,OTHER,OTHER,W,BACKING,,,1,,,,Y,,,,,,,,,,,,,,SIDE-RIGHT,,,,,,,,,,,,,,,,,,,,,,,,,,,,,,,,,
2114204,2629a4027a5dda826525c004050f8761c6b685036ce6169cdcf01d9a2312c6212e48c02e970eac06b81041bdd2655f3b026e5ae69755ac5dc7719c955dbd2bb9,07/25/2025 12:32:00 PM,1,DRIVER,,2015494,,KIA,RIO / K2,IL,2007,UNKNOWN,PASSENGER,PERSONAL,UNKNOWN,UNKNOWN/NA,,,1,,,,,Y,,,,,,,,,,,,,FRONT-RIGHT-CORNER,,,,,,,,,,,,,,,,,,,,,,,,,,,,,,,,,
2114205,2629a4027a5dda826525c004050f8761c6b685036ce6169cdcf01d9a2312c6212e48c02e970eac06b81041bdd2655f3b026e5ae69755ac5dc7719c955dbd2bb9,07/25/2025 12:32:00 PM,2,DRIVER,,2015498,,CADILLAC,ESCALADE,XX,,UNKNOWN,PASSENGER,PERSONAL,UNKNOWN,UNKNOWN/NA,,,1,,,,,,,,,,,Y,,,,,,,REAR-LEFT-CORNER,,,,,,,,,,,,,,,,,,,,,,,,,,,,,,,,,
2114433,18db35a9a069014e6a0a203a97ac371118651d0a5f4b97496981e47bb8884b788f15e87d3da479469bef4029ae0f84ff53e1634ab8082ba7c00d581df033454a,07/25/2025 12:30:00 PM,1,DRIVER,,2015708,,UNKNOWN,OTHER (EXPLAIN IN NARRATIVE),IL,,UNKNOWN,UNKNOWN/NA,UNKNOWN/NA,UNKNOWN,UNKNOWN/NA,,,1,,,,,,,,,,,,,,,,,Y,UNKNOWN,,,,,,,,,,,,,,,,,,,,,,,,,,,,,,,,,
2114434,18db35a9a069014e6a0a203a97ac371118651d0a5f4b97496981e47bb8884b788f15e87d3da479469bef4029ae0f84ff53e1634ab8082ba7c00d581df033454a,07/25/2025 12:30:00 PM,2,PARKED,,2015716,,JEEP,COMPASS,IL,2018,UNKNOWN,PASSENGER,NOT IN USE,UNKNOWN,PARKED,,,0,,,,,,,,,,,,,,Y,Y,,,FRONT-LEFT-CORNER,,,,,,,,,,,,,,,,,,,,,,,,,,,,,,,,,
2114194,1e8ec5d9f4c765d296249273823f5fb106183c1edbe53e09a641cd5b5187cdcbc2818bee353f46a5e4a08979e6804745c33179437936992cfce23cd2622fe2aa,07/25/2025 12:30:00 PM,1,DRIVER,,2015487,,TOYOTA,COROLLA,IL,2013,NONE,PASSENGER,PERSONAL,UNKNOWN,STRAIGHT AHEAD,,,1,,,,,Y,Y,Y,,,,,,,,,,,FRONT-RIGHT-CORNER,,,,,,,,,,,,,,,,,,,,,,,,,,,,,,,,,
2114195,1e8ec5d9f4c765d296249273823f5fb106183c1edbe53e09a641cd5b5187cdcbc2818bee353f46a5e4a08979e6804745c33179437936992cfce23cd2622fe2aa,07/25/2025 12:30:00 PM,2,DRIVER,,2015485,,HYUNDAI,KONA,,2023,NONE,PASSENGER,PERSONAL,UNKNOWN,STRAIGHT AHEAD,,,1,,,,,,,,,,,Y,Y,Y,,,,,SIDE-LEFT,,,,,,,,,,,,,,,,,,,,,,,,,,,,,,,,,
2114111,4d51167c86a15eaa62930450609dea803043919c7e69f4f550fbf6b2feffad323d61d257e7b85a73ee49fa10c88b18611e867818b1c3eb1efa1971557b82b9c8,07/25/2025 12:30:00 PM,1,DRIVER,,2015400,,UNKNOWN,OTHER (EXPLAIN IN NARRATIVE),,,UNKNOWN,TRACTOR W/ SEMI-TRAILER,UNKNOWN/NA,N,CHANGING LANES,,,1,,,,,,,,,,,,,,,,,Y,OTHER,,,,,,,,,,,,,,,,,,,,,,,,,,,,,,,,,
2114112,4d51167c86a15eaa62930450609dea803043919c7e69f4f550fbf6b2feffad323d61d257e7b85a73ee49fa10c88b18611e867818b1c3eb1efa1971557b82b9c8,07/25/2025 12:30:00 PM,2,DRIVER,,2015422,,NOVA BUS,OTHER (EXPLAIN IN NARRATIVE),IL,2014,NONE,BUS OVER 15 PASS.,CTA,N,STRAIGHT AHEAD,,,1,,,,,,,,,,,,,,,Y,,,FRONT-RIGHT-CORNER,,,,,,,,,,,,,,,,,,,,,,,,,,,,,,,,,
2114120,a1537b548ffc3926a825775c04cd3fb7298ed7eddeea46dc89b88c10caef12a782884fb096b8a6dfa0c54156a1de7af11e9f28e1a6e1559132f6c31ed206e1ff,07/25/2025 12:30:00 PM,1,DRIVER,,2015405,,UNKNOWN,MOTORIZED,IL,,UNKNOWN,UNKNOWN/NA,UNKNOWN/NA,UNKNOWN,STRAIGHT AHEAD,,,1,,,,,Y,,,,,,,,,,Y,Y,Y,UNKNOWN,,,,,,,,,,,,,,,,,,,,,,,,,,,,,,,,,
2114121,a1537b548ffc3926a825775c04cd3fb7298ed7eddeea46dc89b88c10caef12a782884fb096b8a6dfa0c54156a1de7af11e9f28e1a6e1559132f6c31ed206e1ff,07/25/2025 12:30:00 PM,2,DRIVER,,2015407,,CHEVROLET,EQUINOX,IL,2022,UNKNOWN,PASSENGER,PERSONAL,W,STRAIGHT AHEAD,,,1,,,,,,,,,Y,Y,Y,,,,,,Y,UNKNOWN,,,,,,,,,,,,,,,,,,,,,,,,,,,,,,,,,
2114162,dbf0bfc05c2dde02ac3ece601cdfcc97cfd0a71b8ac62fede6c2a93f4e6ad2aa8d99ec0cd433796c6f0605f690d5dcb616a5cddf5f4cd7e90473b2b17693b584,07/25/2025 12:30:00 PM,1,DRIVER,,2015452,,UNKNOWN,OTHER (EXPLAIN IN NARRATIVE),XX,,UNKNOWN,PASSENGER,UNKNOWN/NA,UNKNOWN,UNKNOWN/NA,,,1,,,,,Y,Y,Y,Y,Y,,,,,,,,,SIDE-RIGHT,,,,,,,,,,,,,,,,,,,,,,,,,,,,,,,,,
2114163,dbf0bfc05c2dde02ac3ece601cdfcc97cfd0a71b8ac62fede6c2a93f4e6ad2aa8d99ec0cd433796c6f0605f690d5dcb616a5cddf5f4cd7e90473b2b17693b584,07/25/2025 12:30:00 PM,2,DRIVER,,2015457,,TOYOTA,COROLLA,IL,2024,UNKNOWN,PASSENGER,PERSONAL,UNKNOWN,UNKNOWN/NA,,,1,,,,,,,,,,,Y,Y,Y,Y,Y,,,SIDE-LEFT,,,,,,,,,,,,,,,,,,,,,,,,,,,,,,,,,
2114087,5b238e6798e0af279c2edf289965c96a792d2e3bf27cf519295fcebe4f1c62f32f167181aab242098319c3c62a907db79ed17cb23bca5351462469aff605d623,07/25/2025 12:29:00 PM,1,DRIVER,1,2015390,,FORD,ESCAPE,IL,2023,UNKNOWN,SPORT UTILITY VEHICLE (SUV),PERSONAL,N,STRAIGHT AHEAD,,,2,,,,,,,,,,,,,,,,,Y,FRONT,,,,,,,,,,,,,,,,,,,,,,,,,,,,,,,,,
2114088,5b238e6798e0af279c2edf289965c96a792d2e3bf27cf519295fcebe4f1c62f32f167181aab242098319c3c62a907db79ed17cb23bca5351462469aff605d623,07/25/2025 12:29:00 PM,2,DRIVER,,2015386,,CHEVROLET,MALIBU,IL,2017,NONE,PASSENGER,PERSONAL,N,STRAIGHT AHEAD,,,1,,,,,,Y,Y,Y,,,,,,,,,,SIDE-RIGHT,,,,,,,,,,,,,,,,,,,,,,,,,,,,,,,,,
2114129,78fae3ee107b8d8d4e6e1a84784a92b8b55e378956cb84a4b063d9a5ee813f5f22edc499d0f7242a119123ff25c1c3bce2ebe241710322755be0dc59e2a3e5ce,07/25/2025 12:25:00 PM,1,DRIVER,3,2015419,,KIA,FORTE,IL,2017,UNKNOWN,PASSENGER,PERSONAL,W,STRAIGHT AHEAD,,,4,,,,,,,,,,,,,,,,Y,,FRONT,,,,,,,,,,,,,,,,,,,,,,,,,,,,,,,,,