CRASH_UNIT_ID,CRASH_RECORD_ID,CRASH_DATE,UNIT_NO,UNIT_TYPE,NUM_PASSENGERS,VEHICLE_ID,CMRC_VEH_I,MAKE,MODEL,LIC_PLATE_STATE,VEHICLE_YEAR,VEHICLE_DEFECT,VEHICLE_TYPE,VEHICLE_USE,TRAVEL_DIRECTION,MANEUVER,TOWED_I,FIRE_I,OCCUPANT_CNT,EXCEED_SPEED_LIMIT_I,TOWED_BY,TOWED_TO,AREA_00_I,AREA_01_I,AREA_02_I,AREA_03_I,AREA_04_I,AREA_05_I,AREA_06_I,AREA_07_I,AREA_08_I,AREA_09_I,AREA_10_I,AREA_11_I,AREA_12_I,AREA_99_I,FIRST_CONTACT_POINT,CMV_ID,USDOT_NO,CCMC_NO,ILCC_NO,COMMERCIAL_SRC,GVWR,CARRIER_NAME,CARRIER_STATE,CARRIER_CITY,HAZMAT_PLACARDS_I,HAZMAT_NAME,UN_NO,HAZMAT_PRESENT_I,HAZMAT_REPORT_I,HAZMAT_REPORT_NO,MCS_REPORT_I,MCS_REPORT_NO,HAZMAT_VIO_CAUSE_CRASH_I,MCS_VIO_CAUSE_CRASH_I,IDOT_PERMIT_NO,WIDE_LOAD_I,TRAILER1_WIDTH,TRAILER2_WIDTH,TRAILER1_LENGTH,TRAILER2_LENGTH,TOTAL_VEHICLE_LENGTH,AXLE_CNT,VEHICLE_CONFIG,CARGO_BODY_TYPE,LOAD_TYPE,HAZMAT_OUT_OF_SERVICE_I,MCS_OUT_OF_SERVICE_I,HAZMAT_CLASS
2114130,78fae3ee107b8d8d4e6e1a84784a92b8b55e378956cb84a4b063d9a5ee813f5f22edc499d0f7242a119123ff25c1c3bce2ebe241710322755be0dc59e2a3e5ce,07/25/2025 12:25:00 PM,2,DRIVER,1,2015435,,JEEP,RENEGADE,IL,2019,UNKNOWN,PASSENGER,PERSONAL,W,STRAIGHT AHEAD,,,2,,,,,,,,,,Y,,,,,,,,REAR,,,,,,,,,,,,,,,,,,,,,,,,,,,,,,,,,
2128843,f5e340f7c32ceba812c80b90c94ad21ea39f503ce51cff3b4431c3c60e31eb602ba5b046cdcbbe0aee226203153680a840ad6e14ee5a16ea95130a57594081a6,07/25/2025 12:19:00 PM,1,DRIVER,,2029416,,UNKNOWN,OTHER (EXPLAIN IN NARRATIVE),,,UNKNOWN,UNKNOWN/NA,UNKNOWN/NA,N,STRAIGHT AHEAD,,,1,,,,,,,,,,,,,,,,Y,,FRONT,,,,,,,,,,,,,,,,,,,,,,,,,,,,,,,,,
2128844,f5e340f7c32ceba812c80b90c94ad21ea39f503ce51cff3b4431c3c60e31eb602ba5b046cdcbbe0aee226203153680a840ad6e14ee5a16ea95130a57594081a6,07/25/2025 12:19:00 PM,2,DRIVER,,2029417,,FORD,CROWN VICTORIA,IL,1987,NONE,PASSENGER,PERSONAL,W,STRAIGHT AHEAD,,,1,,,,,,,,,,,,,,Y,Y,,,FRONT-LEFT-CORNER,,,,,,,,,,,,,,,,,,,,,,,,,,,,,,,,,
2114116,2c3b135d72a85888af1009126a38ff5488c52369f19e01eb627503d0585a30d6ac91837c9e32fdeb59a25677aee5c586a709637202070843e764f66c7d6aca2b,07/25/2025 12:16:00 PM,1,DRIVER,1,2015406,,KIA,SELTOS,IL,2023,NONE,PASSENGER,PERSONAL,E,BACKING,,,2,,,,,,,,,,,,,,,Y,,,FRONT-LEFT-CORNER,,,,,,,,,,,,,,,,,,,,,,,,,,,,,,,,,
2114117,2c3b135d72a85888af1009126a38ff5488c52369f19e01eb627503d0585a30d6ac91837c9e32fdeb59a25677aee5c586a709637202070843e764f66c7d6aca2b,07/25/2025 12:16:00 PM,2,PARKED,,2015428,,"ALLEN, R. L. COMPANY, INC., BATTLE CREEK","ALLEN, R. L. COMPANY, INC., BATTLE CREEK",IL,2025,NONE,TRUCK - SINGLE UNIT,OTHER,W,PARKED,,,0,,,,,,,,,,,Y,,,,,,,REAR-LEFT-CORNER,,,,,,,,,,,,,,,,,,,,,,,,,,,,,,,,,
2114099,f2fccaba9317793bd0825c88156c86ffb6becbab908932ed04e2ee8e7e8bddf2f90bb38b3de7ea29c193765ec5132c043423a38c633048ab89f9d8634f982ddf,07/25/2025 12:16:00 PM,1,DRIVER,,2015398,,CHEVROLET,CRUZE,IL,2014,NONE,PASSENGER,UNKNOWN/NA,N,CHANGING LANES,,,1,,,,,Y,Y,Y,,,,,,,,,,,SIDE-RIGHT,,,,,,,,,,,,,,,,,,,,,,,,,,,,,,,,,
2114100,f2fccaba9317793bd0825c88156c86ffb6becbab908932ed04e2ee8e7e8bddf2f90bb38b3de7ea29c193765ec5132c043423a38c633048ab89f9d8634f982ddf,07/25/2025 12:16:00 PM,2,DRIVER,,2015418,,CHRYSLER,TOWN & COUNTRY,IL,2010,NONE,VAN/MINI-VAN,UNKNOWN/NA,N,STRAIGHT AHEAD,,,1,,,,,,,,,,Y,Y,Y,,,,,,SIDE-LEFT,,,,,,,,,,,,,,,,,,,,,,,,,,,,,,,,,
2114134,ae4ebb5b6750d333c63984f368c12d41dd915aac7d454485b7d44fc1ae6c75b8986e903c573a9f395bbce2c12f911b269985e7c65b50b9e010cca48d389ae7be,07/25/2025 12:15:00 PM,2,DRIVER,1,2015447,,FORD,FUSION,IL,2014,UNKNOWN,PASSENGER,PERSONAL,N,TURNING RIGHT,Y,,2,,OWNER,UNKNOWN,,N,N,N,,,,,,Y,Y,Y,,,SIDE-LEFT-FRONT,,,,,,,,,,,,,,,,,,,,,,,,,,,,,,,,,
2114152,ae4ebb5b6750d333c63984f368c12d41dd915aac7d454485b7d44fc1ae6c75b8986e903c573a9f395bbce2c12f911b269985e7c65b50b9e010cca48d389ae7be,07/25/2025 12:15:00 PM,1,DRIVER,,2015461,,FORD,F150,IL,2018,UNKNOWN,PICKUP,OTHER,N,TURNING RIGHT,,,1,,,,,Y,Y,Y,,,,,,,,,,,SIDE-RIGHT-FRONT,,,,,,,,,,,,,,,,,,,,,,,,,,,,,,,,,
2114148,dea5d72ec629b3ace74fa539cb6f09e752d756ddc4489619144fce87b746f08da784cbeed7bea3f9acaefb0a238a4fcc18cd7133dd719d8cbfdaa7248a468ac7,07/25/2025 12:15:00 PM,1,DRIVER,,2015431,,LEXUS,ES,IL,1997,UNKNOWN,PASSENGER,PERSONAL,SE,UNKNOWN/NA,,,1,,,,,,,,,,,,,,,,,Y,UNKNOWN,,,,,,,,,,,,,,,,,,,,,,,,,,,,,,,,,
2114149,dea5d72ec629b3ace74fa539cb6f09e752d756ddc4489619144fce87b746f08da784cbeed7bea3f9acaefb0a238a4fcc18cd7133dd719d8cbfdaa7248a468ac7,07/25/2025 12:15:00 PM,2,DRIVER,,2015438,,NISSAN,ROGUE,IL,2015,UNKNOWN,SPORT UTILITY VEHICLE (SUV),PERSONAL,SE,STRAIGHT AHEAD,,,1,,,,,,,,,,Y,,,,,,,,REAR,,,,,,,,,,,,,,,,,,,,,,,,,,,,,,,,,
2114089,fdc431f870093b46a2aea48e4014d8a2b3e3e09534eb768778d980ab09b6b8964cdb312dfa2512bb58cff658338c032f6b69f0e68b52a1aea03dbdbf4cfa3f50,07/25/2025 12:15:00 PM,1,DRIVER,,2015385,,JEEP,LIBERTY,IL,2008,UNKNOWN,SPORT UTILITY VEHICLE (SUV),PERSONAL,W,ENTER FROM DRIVE/ALLEY,,,1,,,,,N,,,,,,,,,,,,,FRONT,,,,,,,,,,,,,,,,,,,,,,,,,,,,,,,,,
2114090,fdc431f870093b46a2aea48e4014d8a2b3e3e09534eb768778d980ab09b6b8964cdb312dfa2512bb58cff658338c032f6b69f0e68b52a1aea03dbdbf4cfa3f50,07/25/2025 12:15:00 PM,2,DRIVER,,2015392,,BMW,OTHER (EXPLAIN IN NARRATIVE),IL,2017,NONE,PASSENGER,PERSONAL,N,STRAIGHT AHEAD,,,1,,,,,,Y,Y,,,,,,,,,,,SIDE-RIGHT,,,,,,,,,,,,,,,,,,,,,,,,,,,,,,,,,
2114168,155a113bbb9835d85b9f4269b9112375911ecc0331a590a968c17832936957e50f0e10cbb909d98f03abc2f2cf91eca3157fe133a013a560e14b3b1da03a325e,07/25/2025 12:00:00 PM,1,DRIVER,,2015467,,HONDA,OTHER (EXPLAIN IN NARRATIVE),IL,2025,NONE,PASSENGER,PERSONAL,W,ENTERING TRAFFIC LANE FROM PARKING,,,1,,,,,,,,,,,,,Y,Y,,,,SIDE-LEFT-FRONT,,,,,,,,,,,,,,,,,,,,,,,,,,,,,,,,,
2114169,155a113bbb9835d85b9f4269b9112375911ecc0331a590a968c17832936957e50f0e10cbb909d98f03abc2f2cf91eca3157fe133a013a560e14b3b1da03a325e,07/25/2025 12:00:00 PM,2,DRIVER,,2015469,,BUICK,OTHER (EXPLAIN IN NARRATIVE),IL,2008,UNKNOWN,SPORT UTILITY VEHICLE (SUV),PERSONAL,W,STRAIGHT AHEAD,,,1,,,,,,,,,,,,,,,,Y,,FRONT,,,,,,,,,,,,,,,,,,,,,,,,,,,,,,,,,
2115698,8eed1e0bfbd196948b3ca3e0f9babd2b333297697df472796a484de04412ff8c8c38175df1c9838597db36f65487f1e2716d5b859eb5b278f2f1f607b5c95bab,07/25/2025 12:00:00 PM,1,DRIVER,,2016913,,LEXUS,RX350,IL,2008,UNKNOWN,SPORT UTILITY VEHICLE (SUV),PERSONAL,E,STRAIGHT AHEAD,,,1,,,,,,,,,,,,,,,,Y,,FRONT,,,,,,,,,,,,,,,,,,,,,,,,,,,,,,,,,
2115699,8eed1e0bfbd196948b3ca3e0f9babd2b333297697df472796a484de04412ff8c8c38175df1c9838597db36f65487f1e2716d5b859eb5b278f2f1f607b5c95bab,07/25/2025 12:00:00 PM,2,DRIVER,1,2016921,,CADILLAC,SRX,IL,2016,NONE,SPORT UTILITY VEHICLE (SUV),PERSONAL,E,SLOW/STOP IN TRAFFIC,,,2,,,,,,,,,,Y,,,,,,,,REAR,,,,,,,,,,,,,,,,,,,,,,,,,,,,,,,,,
2121633,d798315d2d98e51af820fdeb1842e61f43315b49521a0ce85bf73d511722edaee95bd058fe8b91c29e9b5d451d4d77c7c5798b5feb88730e0137bda1e85d449f,07/25/2025 12:00:00 PM,1,DRIVER,,2022566,,UNKNOWN,OTHER (EXPLAIN IN NARRATIVE),,,UNKNOWN,UNKNOWN/NA,UNKNOWN/NA,UNKNOWN,UNKNOWN/NA,,,1,,,,,,,,,,,,,,,,,Y,UNKNOWN,,,,,,,,,,,,,,,,,,,,,,,,,,,,,,,,,
2121634,d798315d2d98e51af820fdeb1842e61f43315b49521a0ce85bf73d511722edaee95bd058fe8b91c29e9b5d451d4d77c7c5798b5feb88730e0137bda1e85d449f,07/25/2025 12:00:00 PM,2,PARKED,,2022570,,HONDA,CIVIC,IL,2007,UNKNOWN,PASSENGER,PERSONAL,UNKNOWN,PARKED,,,0,,,,,,,,,,,Y,,,,,,,SIDE-LEFT-REAR,,,,,,,,,,,,,,,,,,,,,,,,,,,,,,,,,
2114943,f0923b3d84d738a994e53f388beb6e9b926e535ec772bea00ab981f530862b974785d046ddf8dbbbfc0920a6ed5d9ce8d484a30854ee500cce38137439abfd32,07/25/2025 12:00:00 PM,1,DRIVER,,2016195,,TOYOTA,CAMRY,IL,2007,UNKNOWN,PASSENGER,PERSONAL,N,STRAIGHT AHEAD,,,1,,,,,Y,Y,,,,,,,,,,,,FRONT-RIGHT-CORNER,,,,,,,,,,,,,,,,,,,,,,,,,,,,,,,,,
2114944,f0923b3d84d738a994e53f388beb6e9b926e535ec772bea00ab981f530862b974785d046ddf8dbbbfc0920a6ed5d9ce8d484a30854ee500cce38137439abfd32,07/25/2025 12:00:00 PM,2,DRIVER,2,2016207,,HYUNDAI,SANTA FE,IL,2020,NONE,SPORT UTILITY VEHICLE (SUV),PERSONAL,W,STRAIGHT AHEAD,,,3,,,,,,,,,,,,,Y,Y,Y,Y,,FRONT-LEFT-CORNER,,,,,,,,,,,,,,,,,,,,,,,,,,,,,,,,,
2114118,c2dc21cf8332aed31f5b27dc45e289cab992d9276a5f789ea8a31818ff16856e7abd5c9758326b1798651ffc6a4420a19770135e8881a224c6597c5d3916fc2c,07/25/2025 11:50:00 AM,1,DRIVER,,2015408,,LAND ROVER,LAND ROVER (SPORT),IL,2008,NONE,SPORT UTILITY VEHICLE (SUV),PERSONAL,S,STRAIGHT AHEAD,,,1,,,,,Y,,,,,,,,,,Y,Y,,FRONT,,,,,,,,,,,,,,,,,,,,,,,,,,,,,,,,,
2114119,c2dc21cf8332aed31f5b27dc45e289cab992d9276a5f789ea8a31818ff16856e7abd5c9758326b1798651ffc6a4420a19770135e8881a224c6597c5d3916fc2c,07/25/2025 11:50:00 AM,2,DRIVER,1,2015420,,HONDA,CR-V,IL,2004,NONE,PASSENGER,PERSONAL,S,STRAIGHT AHEAD,,,2,,,,,,,,,N,Y,N,,,,,,,REAR,,,,,,,,,,,,,,,,,,,,,,,,,,,,,,,,,
2114911,b8c527e076de2f1b912a1da58ef7ed45c127082fc6cc14fb1f798eddd34e8c4361c62e25b3280347af6dbdcde51f702838e8aba7ffe75e569511c92476a7159b,07/25/2025 11:45:00 AM,1,DRIVER,,2016155,,HONDA,CIVIC,IL,2002,UNKNOWN,PASSENGER,UNKNOWN/NA,E,CHANGING LANES,,,1,,,,,,,,,,,,,,,,,Y,UNKNOWN,,,,,,,,,,,,,,,,,,,,,,,,,,,,,,,,,
2114912,b8c527e076de2f1b912a1da58ef7ed45c127082fc6cc14fb1f798eddd34e8c4361c62e25b3280347af6dbdcde51f702838e8aba7ffe75e569511c92476a7159b,07/25/2025 11:45:00 AM,2,DRIVER,,2016162,,NISSAN,ROGUE,,2022,NONE,PASSENGER,OTHER,E,SLOW/STOP IN TRAFFIC,,,1,,,,,,,,,,,Y,,,,,,,REAR-LEFT-CORNER,,,,,,,,,,,,,,,,,,,,,,,,,,,,,,,,,
2114105,f13d4bfbef84557c3403c0325f22bc8a947e71cd0be7c7f50e46ae72f53c8826b575b3f7ee1ff9592017661e2b032c76936c91dd7f0e48e56ee841a5e97e1701,07/25/2025 11:45:00 AM,1,DRIVER,,2015401,,INFINITI,OTHER (EXPLAIN IN NARRATIVE),IL,,UNKNOWN,PASSENGER,UNKNOWN/NA,E,UNKNOWN/NA,,,1,,,,,,,,,,,,,,,,,Y,UNKNOWN,,,,,,,,,,,,,,,,,,,,,,,,,,,,,,,,,
2114106,f13d4bfbef84557c3403c0325f22bc8a947e71cd0be7c7f50e46ae72f53c8826b575b3f7ee1ff9592017661e2b032c76936c91dd7f0e48e56ee841a5e97e1701,07/25/2025 11:45:00 AM,2,PARKED,,2015404,,DODGE,RAM 1500 PU,IL,2012,NONE,PICKUP,PERSONAL,E,PARKED,,,0,,,,,,,,,,,,N,Y,Y,Y,,,SIDE-LEFT-FRONT,,,,,,,,,,,,,,,,,,,,,,,,,,,,,,,,,
2115235,3fb9945abafa6de6e5bf81893f08ea3a2ddf2cdf005b433e9fc713a5184fbec6296b826fad8b2788ff9b22172f8b0f2daef1821c69f442fd20af0a308374504e,07/25/2025 11:43:00 AM,1,DRIVER,,2016467,,CADILLAC,XT5,IL,2018,UNKNOWN,PASSENGER,PERSONAL,S,STRAIGHT AHEAD,,,1,,,,,Y,,,,Y,Y,Y,,,,Y,Y,,UNKNOWN,,,,,,,,,,,,,,,,,,,,,,,,,,,,,,,,,
2115236,3fb9945abafa6de6e5bf81893f08ea3a2ddf2cdf005b433e9fc713a5184fbec6296b826fad8b2788ff9b22172f8b0f2daef1821c69f442fd20af0a308374504e,07/25/2025 11:43:00 AM,2,DRIVER,,2016473,,VOLKSWAGEN,JETTA,IL,2012,OTHER,PASSENGER,PERSONAL,SW,STRAIGHT AHEAD,,,1,,,,,,,,,,,,,,,,,Y,UNKNOWN,,,,,,,,,,,,,,,,,,,,,,,,,,,,,,,,,
2115237,3fb9945abafa6de6e5bf81893f08ea3a2ddf2cdf005b433e9fc713a5184fbec6296b826fad8b2788ff9b22172f8b0f2daef1821c69f442fd20af0a308374504e,07/25/2025 11:43:00 AM,3,DRIVER,,2016475,,LEXUS,RX450H,IL,2010,UNKNOWN,PASSENGER,PERSONAL,SE,STRAIGHT AHEAD,,,1,,,,,,,,,,,,,,,Y,Y,,UNKNOWN,,,,,,,,,,,,,,,,,,,,,,,,,,,,,,,,,
2114122,8925bf7116e8d8d7a127f178cb9368eb1ab918a53149cb62e7e577087bceada682ad922a9817264948ecda333687215fe1ce3ca64ac0621f3db9a5c73ba597ba,07/25/2025 11:37:00 AM,1,DRIVER,,2015414,,CHRYSLER,200,IL,2017,NONE,PASSENGER,UNKNOWN/NA,UNKNOWN,OTHER,,,1,,,,,Y,,,,,,,,,,,,,FRONT-RIGHT-CORNER,,,,,,,,,,,,,,,,,,,,,,,,,,,,,,,,,
2114123,8925bf7116e8d8d7a127f178cb9368eb1ab918a53149cb62e7e577087bceada682ad922a9817264948ecda333687215fe1ce3ca64ac0621f3db9a5c73ba597ba,07/25/2025 11:37:00 AM,2,PARKED,1,2015416,,LINCOLN,MKZ,IL,2015,NONE,SPORT UTILITY VEHICLE (SUV),OTHER,UNKNOWN,PARKED,,,1,,,,,,,,,,,,,Y,Y,,,,SIDE-LEFT,,,,,,,,,,,,,,,,,,,,,,,,,,,,,,,,,
2114095,94e7d0147432882c287d68db6469499b24da14b536eee86b366827a4a0547c1222ee663cb24e19bf8efef377191c0189d2305689f0763d1a1f318d8628dd584d,07/25/2025 11:37:00 AM,1,DRIVER,,2015387,,UNKNOWN,OTHER (EXPLAIN IN NARRATIVE),XX,,UNKNOWN,PASSENGER,UNKNOWN/NA,W,TURNING RIGHT,,,1,,,,,,,,,,,,,,,,,Y,SIDE-RIGHT,,,,,,,,,,,,,,,,,,,,,,,,,,,,,,,,,
2114096,94e7d0147432882c287d68db6469499b24da14b536eee86b366827a4a0547c1222ee663cb24e19bf8efef377191c0189d2305689f0763d1a1f318d8628dd584d,07/25/2025 11:37:00 AM,2,PEDESTRIAN,,,,,,,,,,,,,,,,,,,,,,,,,,,,,,,,,,,,,,,,,,,,,,,,,,,,,,,,,,,,,,,,,,
2114155,53c0d81da2faca898f4f89aaf0f1bdaf91d4ee517e44228227bc69a9864b3b10a54bbf11ac6d51b853c68fbf4782b3928e308cae368c139e114a1eb823f05583,07/25/2025 11:35:00 AM,1,DRIVER,,2015441,,SUBARU,WRX,IL,2020,UNKNOWN,PASSENGER,PERSONAL,N,STRAIGHT AHEAD,,,1,,,,,,,,,,,,,,,,,,FRONT,,,,,,,,,,,,,,,,,,,,,,,,,,,,,,,,,
2114156,53c0d81da2faca898f4f89aaf0f1bdaf91d4ee517e44228227bc69a9864b3b10a54bbf11ac6d51b853c68fbf4782b3928e308cae368c139e114a1eb823f05583,07/25/2025 11:35:00 AM,2,DRIVER,,2015448,,HYUNDAI,SANTA FE,IL,2019,UNKNOWN,SPORT UTILITY VEHICLE (SUV),PERSONAL,N,STRAIGHT AHEAD,,,1,,,,,,,,,,,,,,,,,,REAR,,,,,,,,,,,,,,,,,,,,,,,,,,,,,,,,,
2114157,53c0d81da2faca898f4f89aaf0f1bdaf91d4ee517e44228227bc69a9864b3b10a54bbf11ac6d51b853c68fbf4782b3928e308cae368c139e114a1eb823f05583,07/25/2025 11:35:00 AM,3,DRIVER,1,2015455,,CHEVROLET,TRAVERSE,IL,2019,UNKNOWN,SPORT UTILITY VEHICLE (SUV),PERSONAL,N,STRAIGHT AHEAD,,,2,,,,,,,,,,,,,,,,,,REAR,,,,,,,,,,,,,,,,,,,,,,,,,,,,,,,,,
2114206,7ab025aa46bb56f1d3b9d77266b220c48e9a1ebd8e391c5bf7f0d96439078ed75be6480ba7c1bb9498a0bf2453639b043c13b152f8304c6c88d0f77ab0043bf3,07/25/2025 11:35:00 AM,1,DRIVER,,2015495,,TOYOTA,RAV4,IL,2007,UNKNOWN,SPORT UTILITY VEHICLE (SUV),PERSONAL,E,STRAIGHT AHEAD,,,1,,,,,,,,,,,,,,,,Y,,FRONT,,,,,,,,,,,,,,,,,,,,,,,,,,,,,,,,,
2114207,7ab025aa46bb56f1d3b9d77266b220c48e9a1ebd8e391c5bf7f0d96439078ed75be6480ba7c1bb9498a0bf2453639b043c13b152f8304c6c88d0f77ab0043bf3,07/25/2025 11:35:00 AM,2,DRIVER,1,2015499,,CHEVROLET,TRAX,IL,2017,UNKNOWN,SPORT UTILITY VEHICLE (SUV),RIDESHARE SERVICE,E,SLOW/STOP IN TRAFFIC,,,2,,,,,,,,,Y,,,,,,,,Y,REAR,,,,,,,,,,,,,,,,,,,,,,,,,,,,,,,,,
2114062,0c467ea457f80f871ea4dd28cc290ba20a5490c8dcb75c80468ac2ff6e5c0c3d877fe787b711e8f85a956aa0f7e24b5f1e96cdbbc57ec3ae8e2cbbb67fd8103f,07/25/2025 11:31:00 AM,1,DRIVER,,2015358,,LAND ROVER,RANGE ROVER (EVOQUE / SPORT / VELAR),IL,2011,UNKNOWN,SPORT UTILITY VEHICLE (SUV),PERSONAL,UNKNOWN,STRAIGHT AHEAD,,,1,,,,,,,,,,,,,,,,Y,,FRONT,,,,,,,,,,,,,,,,,,,,,,,,,,,,,,,,,
2114063,0c467ea457f80f871ea4dd28cc290ba20a5490c8dcb75c80468ac2ff6e5c0c3d877fe787b711e8f85a956aa0f7e24b5f1e96cdbbc57ec3ae8e2cbbb67fd8103f,07/25/2025 11:31:00 AM,2,DRIVER,,2015361,,DODGE,JOURNEY,IL,2014,UNKNOWN,SPORT UTILITY VEHICLE (SUV),PERSONAL,UNKNOWN,STRAIGHT AHEAD,,,1,,,,,,,,,,,,,Y,,,,,SIDE-LEFT-FRONT,,,,,,,,,,,,,,,,,,,,,,,,,,,,,,,,,
2114146,28ec2ea5c7e3e66b3435d9d6826611905dcf89a6d5827a5fa33e070f17c01fe9125152928bbcb0accf5091e324e8b0e9d33cdcd4ecb2a499cba32f0bb0053d0d,07/25/2025 11:30:00 AM,1,DRIVER,,2015443,,GENERAL MOTORS CORPORATION (GMC),OTHER (EXPLAIN IN NARRATIVE),IL,2018,UNKNOWN,PASSENGER,PERSONAL,W,STRAIGHT AHEAD,,,1,,,,,,,,,,,,,,,,,Y,FRONT-LEFT-CORNER,,,,,,,,,,,,,,,,,,,,,,,,,,,,,,,,,
2114147,28ec2ea5c7e3e66b3435d9d6826611905dcf89a6d5827a5fa33e070f17c01fe9125152928bbcb0accf5091e324e8b0e9d33cdcd4ecb2a499cba32f0bb0053d0d,07/25/2025 11:30:00 AM,2,DRIVER,,2015462,,LEXUS,ES300,IL,2013,UNKNOWN,PASSENGER,PERSONAL,W,TURNING RIGHT,,,1,,,,,Y,Y,,,,,,,,,,,,FRONT-RIGHT-CORNER,,,,,,,,,,,,,,,,,,,,,,,,,,,,,,,,,
2114312,54a7e60b7d05710ab1247456bbd6b872cccefbf40f5a8205944c5a310c0101160409c3d1fa35a849a9866fc272dffcb9eda34669fc1d0b2054b4003f93d20700,07/25/2025 11:25:00 AM,1,DRIVER,,2015612,,CHEVROLET,OTHER (EXPLAIN IN NARRATIVE),IL,2017,UNKNOWN,PASSENGER,UNKNOWN/NA,W,STRAIGHT AHEAD,,,1,,,,,,,,,,,,,,,,,Y,UNKNOWN,,,,,,,,,,,,,,,,,,,,,,,,,,,,,,,,,
2114313,54a7e60b7d05710ab1247456bbd6b872cccefbf40f5a8205944c5a310c0101160409c3d1fa35a849a9866fc272dffcb9eda34669fc1d0b2054b4003f93d20700,07/25/2025 11:25:00 AM,2,DRIVER,,2015631,,HYUNDAI,OTHER (EXPLAIN IN NARRATIVE),IL,2024,UNKNOWN,PASSENGER,PERSONAL,W,STRAIGHT AHEAD,,,1,,,,,,,,,Y,Y,,,,,,,,REAR,,,,,,,,,,,,,,,,,,,,,,,,,,,,,,,,,
2114097,77a176dea4aafddf6a462d0522dd41a8fb8b770259940dd97013d1a13c73a9adc69ae84b26b5351155d8a4cb20ae41e4462c4aa50aaaafb9cea3276fdda06504,07/25/2025 11:23:00 AM,1,DRIVER,1,2015391,,LEXUS,ES350,IL,,NONE,PASSENGER,NOT IN USE,E,TURNING RIGHT,,,2,,,,,Y,,,,,,,,,,,,,FRONT-RIGHT-CORNER,,,,,,,,,,,,,,,,,,,,,,,,,,,,,,,,,
2114098,77a176dea4aafddf6a462d0522dd41a8fb8b770259940dd97013d1a13c73a9adc69ae84b26b5351155d8a4cb20ae41e4462c4aa50aaaafb9cea3276fdda06504,07/25/2025 11:23:00 AM,2,DRIVER,5,2015397,,JEEP,WAGONEER,IL,,NONE,SPORT UTILITY VEHICLE (SUV),PERSONAL,SE,TURNING RIGHT,,,6,,,,,,,,,,,,,,,Y,,,FRONT-LEFT-CORNER,,,,,,,,,,,,,,,,,,,,,,,,,,,,,,,,,
2114076,7c080d5bc43e48b3d2c1831d0624878da85e3efa95fa93f23ce9e53feb1fba6d390ef86487c91cbf2faef69d2b701fb76b526187a5887964d77d6b60285e16ac,07/25/2025 11:23:00 AM,1,DRIVER,,2015373,,SUBARU,CROSSTREK,IL,2018,NONE,PASSENGER,PERSONAL,SE,TURNING LEFT,,,1,,,,,Y,,,,,,,,,,Y,Y,,FRONT,,,,,,,,,,,,,,,,,,,,,,,,,,,,,,,,,
2114077,7c080d5bc43e48b3d2c1831d0624878da85e3efa95fa93f23ce9e53feb1fba6d390ef86487c91cbf2faef69d2b701fb76b526187a5887964d77d6b60285e16ac,07/25/2025 11:23:00 AM,2,DRIVER,,2015379,,JEEP,CHEROKEE,IL,2014,NONE,SPORT UTILITY VEHICLE (SUV),PERSONAL,W,STRAIGHT AHEAD,,,1,,,,,,,Y,Y,Y,,,,,,,,,SIDE-RIGHT-REAR,,,,,,,,,,,,,,,,,,,,,,,,,,,,,,,,,
2114064,d86ec2aae03d535fdb7d5ce4e05962d7daf2a8c16707c2508d5776a6678163e191b5f66ec60c19df120011a1a951bb78b49c8e2ff3933520019ab3db0b136f85,07/25/2025 11:20:00 AM,1,DRIVER,,2015360,,NISSAN,OTHER (EXPLAIN IN NARRATIVE),IL,2015,UNKNOWN,PASSENGER,TAXI/FOR HIRE,E,STRAIGHT AHEAD,,,1,,,,,,,,,,,,,,,,,,UNKNOWN,,,,,,,,,,,,,,,,,,,,,,,,,,,,,,,,,
2114065,d86ec2aae03d535fdb7d5ce4e05962d7daf2a8c16707c2508d5776a6678163e191b5f66ec60c19df120011a1a951bb78b49c8e2ff3933520019ab3db0b136f85,07/25/2025 11:20:00 AM,2,DRIVER,,2015365,,TOYOTA,OTHER (EXPLAIN IN NARRATIVE),IL,2006,NONE,PASSENGER,PERSONAL,UNKNOWN,BACKING,,,1,,,,,,,,,,,,,,,Y,,,FRONT-LEFT-CORNER,,,,,,,,,,,,,,,,,,,,,,,,,,,,,,,,,
2114068,bb531385157c7035cae77b0d51e9c99d0929921394fbe4a0876300878a5a23194dc08fe7dc60cc7d980976276f05162b41390dae38866cb71463183fa9595331,07/25/2025 11:10:00 AM,1,DRIVER,,2015368,,ISUZU,TRUCK,TX,,UNKNOWN,TRUCK - SINGLE UNIT,CONSTRUCTION/MAINTENANCE,S,BACKING,,,1,,,,,,,,,,,Y,,,,,,,REAR-LEFT-CORNER,,,,,,,,,,,,,,,,,,,,,,,,,,,,,,,,,