CRASH_UNIT_ID,CRASH_RECORD_ID,CRASH_DATE,UNIT_NO,UNIT_TYPE,NUM_PASSENGERS,VEHICLE_ID,CMRC_VEH_I,MAKE,MODEL,LIC_PLATE_STATE,VEHICLE_YEAR,VEHICLE_DEFECT,VEHICLE_TYPE,VEHICLE_USE,TRAVEL_DIRECTION,MANEUVER,TOWED_I,FIRE_I,OCCUPANT_CNT,EXCEED_SPEED_LIMIT_I,TOWED_BY,TOWED_TO,AREA_00_I,AREA_01_I,AREA_02_I,AREA_03_I,AREA_04_I,AREA_05_I,AREA_06_I,AREA_07_I,AREA_08_I,AREA_09_I,AREA_10_I,AREA_11_I,AREA_12_I,AREA_99_I,FIRST_CONTACT_POINT,CMV_ID,USDOT_NO,CCMC_NO,ILCC_NO,COMMERCIAL_SRC,GVWR,CARRIER_NAME,CARRIER_STATE,CARRIER_CITY,HAZMAT_PLACARDS_I,HAZMAT_NAME,UN_NO,HAZMAT_PRESENT_I,HAZMAT_REPORT_I,HAZMAT_REPORT_NO,MCS_REPORT_I,MCS_REPORT_NO,HAZMAT_VIO_CAUSE_CRASH_I,MCS_VIO_CAUSE_CRASH_I,IDOT_PERMIT_NO,WIDE_LOAD_I,TRAILER1_WIDTH,TRAILER2_WIDTH,TRAILER1_LENGTH,TRAILER2_LENGTH,TOTAL_VEHICLE_LENGTH,AXLE_CNT,VEHICLE_CONFIG,CARGO_BODY_TYPE,LOAD_TYPE,HAZMAT_OUT_OF_SERVICE_I,MCS_OUT_OF_SERVICE_I,HAZMAT_CLASS
2114069,bb531385157c7035cae77b0d51e9c99d0929921394fbe4a0876300878a5a23194dc08fe7dc60cc7d980976276f05162b41390dae38866cb71463183fa9595331,07/25/2025 11:10:00 AM,2,PARKED,,2015446,,CHEVROLET,EQUINOX,IL,2018,UNKNOWN,SPORT UTILITY VEHICLE (SUV),PERSONAL,UNKNOWN,PARKED,,,0,,,,,,Y,Y,,,,,,,,,,,SIDE-RIGHT,,,,,,,,,,,,,,,,,,,,,,,,,,,,,,,,,
2114745,023d1671a5e4c08e04488cd7accfaef261de3da150732cf3fa1f16192ffca301a48582479c6c1a86f12ed06ef539b89e55b50bce1aeffaa9de5be844fa4779c9,07/25/2025 11:00:00 AM,2,PARKED,,2015998,,LEXUS,RX350,IL,2025,UNKNOWN,PASSENGER,NOT IN USE,UNKNOWN,PARKED,,,0,,,,,Y,Y,Y,,,,,,,,,,,FRONT-RIGHT-CORNER,,,,,,,,,,,,,,,,,,,,,,,,,,,,,,,,,
2114746,023d1671a5e4c08e04488cd7accfaef261de3da150732cf3fa1f16192ffca301a48582479c6c1a86f12ed06ef539b89e55b50bce1aeffaa9de5be844fa4779c9,07/25/2025 11:00:00 AM,1,DRIVER,,2016000,,UNKNOWN,OTHER (EXPLAIN IN NARRATIVE),IL,,UNKNOWN,UNKNOWN/NA,UNKNOWN/NA,UNKNOWN,UNKNOWN/NA,,,1,,,,,,,,,,,,,,,,,Y,UNKNOWN,,,,,,,,,,,,,,,,,,,,,,,,,,,,,,,,,
2114072,fc1df17de2bfdefec7ce0318dd44c8997cbe4130adcde269b2a3343582846a1c4fd487a8d9c5f34a58f4d971c8cc1aee47c2a6550cf057cd83bb954552628244,07/25/2025 11:00:00 AM,1,DRIVER,,2015367,,AUTOCAR,AUTOCAR,IL,2022,UNKNOWN,TRUCK - SINGLE UNIT,STATE OWNED,W,BACKING,,,1,,,,,,,,,Y,Y,Y,,,,,,,REAR,,,,,,,,,,,,,,,,,,,,,,,,,,,,,,,,,
2114080,fc1df17de2bfdefec7ce0318dd44c8997cbe4130adcde269b2a3343582846a1c4fd487a8d9c5f34a58f4d971c8cc1aee47c2a6550cf057cd83bb954552628244,07/25/2025 11:00:00 AM,2,DRIVER,,2015371,,TOYOTA,COROLLA,IL,2003,UNKNOWN,PASSENGER,PERSONAL,E,STRAIGHT AHEAD,,,1,,,,,Y,,,,,,,,,,Y,Y,,FRONT,,,,,,,,,,,,,,,,,,,,,,,,,,,,,,,,,
2114074,f9fd366071ecd956a615ab9f1ddd828c99f906c4086b3e745fcd34fa185000301be603d9b6efc41af307fcdeff189f58419820500ac3aa06322fe734179837db,07/25/2025 10:57:00 AM,1,DRIVER,,2015370,,NISSAN,SENTRA,AZ,2024,UNKNOWN,PASSENGER,TAXI/FOR HIRE,N,TURNING LEFT,,,1,,,,,Y,,,,,,,,,,Y,Y,,FRONT,,,,,,,,,,,,,,,,,,,,,,,,,,,,,,,,,
2114075,f9fd366071ecd956a615ab9f1ddd828c99f906c4086b3e745fcd34fa185000301be603d9b6efc41af307fcdeff189f58419820500ac3aa06322fe734179837db,07/25/2025 10:57:00 AM,2,DRIVER,1,2015377,,HONDA,PILOT,IL,2011,UNKNOWN,SPORT UTILITY VEHICLE (SUV),UNKNOWN/NA,E,STRAIGHT AHEAD,,,2,,,,,Y,,,,,,,,,,Y,Y,,FRONT,,,,,,,,,,,,,,,,,,,,,,,,,,,,,,,,,
2114048,3e3ecff7ea9eeda6ff68a4416844dde3c9bb972858de15d64879e749fd102bb97be5b09d2ef0c109501ae4233ee37a351da59a136de0e8965f6f55231752765e,07/25/2025 10:45:00 AM,1,DRIVER,1,2015344,,FORD,OTHER (EXPLAIN IN NARRATIVE),IL,2013,NONE,OTHER,AMBULANCE,N,STRAIGHT AHEAD,,,2,,,,,,,,Y,Y,,,,,,,,,REAR-RIGHT-CORNER,,,,,,,,,,,,,,,,,,,,,,,,,,,,,,,,,
2114049,3e3ecff7ea9eeda6ff68a4416844dde3c9bb972858de15d64879e749fd102bb97be5b09d2ef0c109501ae4233ee37a351da59a136de0e8965f6f55231752765e,07/25/2025 10:45:00 AM,2,PARKED,,2015345,,NISSAN,ALTIMA,IL,2015,UNKNOWN,PASSENGER,NOT IN USE,N,PARKED,,,0,,,,,,,,,,,,,,Y,,,,FRONT-LEFT-CORNER,,,,,,,,,,,,,,,,,,,,,,,,,,,,,,,,,
2114054,c5e8705cb65a8eff5e10a6734ccd8ee4a531438ddae41854bd3e0433cf70e9379a4351ac6aef2e3cca8af32324bdb78b50d9fe0ce4f9b7793c83dcf2e72e1d2a,07/25/2025 10:40:00 AM,1,DRIVER,,2015350,,CHEVROLET,MALIBU,IL,2013,NONE,PASSENGER,UNKNOWN/NA,N,STRAIGHT AHEAD,Y,,1,,,,,Y,,,,,,,,,,,Y,,FRONT,,,,,,,,,,,,,,,,,,,,,,,,,,,,,,,,,
2114056,d2cd466e4d172e00afbdb17b2d08a664665c52134113f71af5b5462ba3958daf7328f63d9918f547476b2d910c30837761bdc301807513aa89830a9604a32a50,07/25/2025 10:40:00 AM,1,DRIVER,,2015357,,TOYOTA,TACOMA,IL,2014,UNKNOWN,PICKUP,PERSONAL,N,STRAIGHT AHEAD,,,1,,,,,,,,,,,,,,,,,,FRONT,,,,,,,,,,,,,,,,,,,,,,,,,,,,,,,,,
2114057,d2cd466e4d172e00afbdb17b2d08a664665c52134113f71af5b5462ba3958daf7328f63d9918f547476b2d910c30837761bdc301807513aa89830a9604a32a50,07/25/2025 10:40:00 AM,2,DRIVER,,2015366,,BMW,OTHER (EXPLAIN IN NARRATIVE),IL,2018,NONE,PASSENGER,PERSONAL,N,STRAIGHT AHEAD,,,1,,,,,,,,,,,N,,,,,,,REAR,,,,,,,,,,,,,,,,,,,,,,,,,,,,,,,,,
2116070,fe2c96470253d05dc585ed4a6f6ac9d3afcecc28816302154355bcb0f8ebf8ffae82ecb53fbfe83ec539a6b32ee47017ec4caa4b69834a6ca055b9476e3a5b0c,07/25/2025 10:39:00 AM,1,DRIVER,1,2017254,,TOYOTA,CAMRY,,,UNKNOWN,PASSENGER,PERSONAL,N,STRAIGHT AHEAD,,,2,,,,,Y,,,,,,,,,,,,Y,FRONT-RIGHT-CORNER,,,,,,,,,,,,,,,,,,,,,,,,,,,,,,,,,
2116071,fe2c96470253d05dc585ed4a6f6ac9d3afcecc28816302154355bcb0f8ebf8ffae82ecb53fbfe83ec539a6b32ee47017ec4caa4b69834a6ca055b9476e3a5b0c,07/25/2025 10:39:00 AM,2,DRIVER,,2017261,,CHEVROLET,EQUINOX,IL,,NONE,PASSENGER,PERSONAL,S,STRAIGHT AHEAD,,,1,,,,,Y,,,,,,,,,,,,,FRONT-RIGHT-CORNER,,,,,,,,,,,,,,,,,,,,,,,,,,,,,,,,,
2114078,cb4017b1c4c74ce3e38bf14e856a279accb984d71cebdaedd1fc24d385bee2e821b90594c922de41a177ba42df74bd295be34bdf51347345e024be5fc0710dc6,07/25/2025 10:30:00 AM,1,DRIVER,,2015378,,HONDA,ACCORD,,2002,UNKNOWN,PASSENGER,PERSONAL,W,STRAIGHT AHEAD,,,1,,,,,Y,Y,,,,,,,,,,Y,,FRONT-RIGHT-CORNER,,,,,,,,,,,,,,,,,,,,,,,,,,,,,,,,,
2114079,cb4017b1c4c74ce3e38bf14e856a279accb984d71cebdaedd1fc24d385bee2e821b90594c922de41a177ba42df74bd295be34bdf51347345e024be5fc0710dc6,07/25/2025 10:30:00 AM,2,DRIVER,,2015383,,BUICK,REGAL,IL,2017,NONE,PASSENGER,PERSONAL,W,SLOW/STOP IN TRAFFIC,,,1,,,,,,,,,,Y,Y,Y,,,,,,REAR-LEFT-CORNER,,,,,,,,,,,,,,,,,,,,,,,,,,,,,,,,,
2114103,e9f81ad089767cfc726124da1eae8f7bfe3ede89d7e73bd154fca846cd891a7a9131befdc4859d690c9b5169071975f7060255599fd3615011c84339b7fe11fc,07/25/2025 10:30:00 AM,1,DRIVER,,2015424,,CHRYSLER,TOWN & COUNTRY,IL,2007,NONE,PASSENGER,UNKNOWN/NA,E,STRAIGHT AHEAD,,,1,,,,,Y,,,,N,N,N,,,,Y,Y,,FRONT,,,,,,,,,,,,,,,,,,,,,,,,,,,,,,,,,
2114104,e9f81ad089767cfc726124da1eae8f7bfe3ede89d7e73bd154fca846cd891a7a9131befdc4859d690c9b5169071975f7060255599fd3615011c84339b7fe11fc,07/25/2025 10:30:00 AM,2,DRIVER,,2015454,,FORD,OTHER (EXPLAIN IN NARRATIVE),IL,2016,NONE,PASSENGER,PERSONAL,E,SLOW/STOP IN TRAFFIC,,,1,,,,,,,,,Y,Y,Y,,,,,,,REAR,,,,,,,,,,,,,,,,,,,,,,,,,,,,,,,,,
2114046,2be60b3861534f4d6b82611a8874de5aacfc3035a231568e045016cb78728762287534cf7eafaa89287d7675c0fba4d55243498d4e24272f5677466556dc63b0,07/25/2025 10:25:00 AM,1,DRIVER,,2015342,,FREIGHTLINER CORPORATION,FREIGHTLINER CORP.,IL,2025,NONE,SINGLE UNIT TRUCK WITH TRAILER,COMMERCIAL - SINGLE UNIT,E,STRAIGHT AHEAD,,,1,,,,,,,,,,,,,,Y,,,,TOP,,,,,,,,,,,,,,,,,,,,,,,,,,,,,,,,,
2114055,66786bed2d685ff05eeca6020759cdf05b7bd78cfcb21d5329d4e99a220ed383b5353b83bd884dc8abef88067777ff77ee0bdf71804c0bacd2c043dc631d7ade,07/25/2025 10:25:00 AM,1,DRIVER,,2015362,,FREIGHTLINER CORPORATION,FREIGHTLINER CORP.,IN,2020,UNKNOWN,TRUCK - SINGLE UNIT,COMMERCIAL - SINGLE UNIT,E,STRAIGHT AHEAD,Y,,1,,ER TOWING,,,Y,Y,Y,Y,Y,Y,,Y,Y,Y,Y,Y,,FRONT,,,,,,,,,,,,,,,,,,,,,,,,,,,,,,,,,
2114113,7eabeffe91b8496841e74ee8ae61c4d65f7db5b158bbaa69d0627071862db7667014323a8b79d5936b5717392f8a088cb0e13268c5836a5bfb451dbbed774d12,07/25/2025 10:17:00 AM,1,DRIVER,,2015451,,GREAT DANE TRAILERS INC.,GREAT DANE TRAILERS INC.,ME,2021,UNKNOWN,SINGLE UNIT TRUCK WITH TRAILER,UNKNOWN/NA,N,STRAIGHT AHEAD,,,1,,,,,,,,,,,,,,,,,,TOP,,,,,,,,,,,,,,,,,,,,,,,,,,,,,,,,,
2114093,95711323281927e0a8f37f25f06068e895ab9a47ba36042f2e6b479416ef16c4c7b016bcecb4ec26ad205e113f2927196d57a9c12fb88182588e713e3007868a,07/25/2025 10:15:00 AM,1,DRIVER,,2015389,,NISSAN,SENTRA,IL,2012,UNKNOWN,PASSENGER,PERSONAL,N,STRAIGHT AHEAD,,,1,,,,,Y,,,,,,,,,,Y,Y,,UNKNOWN,,,,,,,,,,,,,,,,,,,,,,,,,,,,,,,,,
2114094,95711323281927e0a8f37f25f06068e895ab9a47ba36042f2e6b479416ef16c4c7b016bcecb4ec26ad205e113f2927196d57a9c12fb88182588e713e3007868a,07/25/2025 10:15:00 AM,2,DRIVER,2,2015395,,NISSAN,ARMADA,IL,2024,UNKNOWN,SPORT UTILITY VEHICLE (SUV),PERSONAL,E,STRAIGHT AHEAD,Y,,3,,PRIVATE TOW,,,Y,Y,,,,,,,,,,Y,,UNKNOWN,,,,,,,,,,,,,,,,,,,,,,,,,,,,,,,,,
2114043,d003bac6b1b21af941ffd898093b805398bece4e987531c6f536d2ead6789e6478d6f2bdf4af724faef4349a9fed73ec0854c451dc93339f5d3d967a4564382e,07/25/2025 10:15:00 AM,1,DRIVER,,2015346,,CHEVROLET,TRAVERSE,IL,2012,UNKNOWN,SPORT UTILITY VEHICLE (SUV),UNKNOWN/NA,N,STRAIGHT AHEAD,,,1,,,,,,,,,,,,,,,,,Y,UNKNOWN,,,,,,,,,,,,,,,,,,,,,,,,,,,,,,,,,
2114044,d003bac6b1b21af941ffd898093b805398bece4e987531c6f536d2ead6789e6478d6f2bdf4af724faef4349a9fed73ec0854c451dc93339f5d3d967a4564382e,07/25/2025 10:15:00 AM,2,DRIVER,,2015363,,HONDA,CIVIC,IL,2009,NONE,PASSENGER,PERSONAL,W,STRAIGHT AHEAD,,,1,,,,,Y,,,,,Y,Y,Y,Y,Y,Y,Y,,SIDE-LEFT,,,,,,,,,,,,,,,,,,,,,,,,,,,,,,,,,
2114050,f8c9c49250ca951f770577f640104ecf47922d430ecf2bb428b164e9ceec4e4d95c64b81aa8fd47c725cffcd794df6fec3ea533e990c662b5293f9df2b6678d4,07/25/2025 10:15:00 AM,1,DRIVER,,2015354,,FREIGHTLINER CORPORATION,FREIGHTLINER CORP.,IL,2025,NONE,TRUCK - SINGLE UNIT,OTHER,S,STRAIGHT AHEAD,,,1,,,,,,,,,Y,,,,,,,,,REAR,,,,,,,,,,,,,,,,,,,,,,,,,,,,,,,,,
2114051,f8c9c49250ca951f770577f640104ecf47922d430ecf2bb428b164e9ceec4e4d95c64b81aa8fd47c725cffcd794df6fec3ea533e990c662b5293f9df2b6678d4,07/25/2025 10:15:00 AM,2,PARKED,,2015355,,CHEVROLET,HHR,IL,2009,NONE,PASSENGER,NOT IN USE,S,PARKED,,,0,,,,,Y,,,,,,,,,,Y,Y,,FRONT-LEFT-CORNER,,,,,,,,,,,,,,,,,,,,,,,,,,,,,,,,,
2114091,a1ce9a11f578989c350c77eefe8bda8dfeb1b23cbbac25423399a9058843cbcdca8291dbbac19257f336decdf073294433c5af268fd4cb616c04093490ba8ea8,07/25/2025 10:10:00 AM,1,DRIVER,,2015388,,NISSAN,SENTRA,IL,2012,UNKNOWN,PASSENGER,PERSONAL,N,STRAIGHT AHEAD,Y,,1,,OWNER,,,N,,,,,,,,,,N,N,,FRONT-RIGHT-CORNER,,,,,,,,,,,,,,,,,,,,,,,,,,,,,,,,,
2114092,a1ce9a11f578989c350c77eefe8bda8dfeb1b23cbbac25423399a9058843cbcdca8291dbbac19257f336decdf073294433c5af268fd4cb616c04093490ba8ea8,07/25/2025 10:10:00 AM,2,DRIVER,1,2015393,,TOYOTA,CAMRY,IL,2025,UNKNOWN,PASSENGER,PERSONAL,N,STRAIGHT AHEAD,,,2,,,,,,,,,,,,,,Y,,,,SIDE-LEFT,,,,,,,,,,,,,,,,,,,,,,,,,,,,,,,,,
2114107,0180450547b01dfa0f8088ea021835f949200062a09c2c35466920e5b902d6ba605a15e305ff49fd6e5f9e8b97fca7c572354b4c77785f0bfee14552444fbd06,07/25/2025 10:02:00 AM,1,DRIVER,,2015394,,UNKNOWN,OTHER (EXPLAIN IN NARRATIVE),,,UNKNOWN,SPORT UTILITY VEHICLE (SUV),PERSONAL,E,STRAIGHT AHEAD,,,1,,,,,,,,,,,,,,,,,Y,UNKNOWN,,,,,,,,,,,,,,,,,,,,,,,,,,,,,,,,,
2114108,0180450547b01dfa0f8088ea021835f949200062a09c2c35466920e5b902d6ba605a15e305ff49fd6e5f9e8b97fca7c572354b4c77785f0bfee14552444fbd06,07/25/2025 10:02:00 AM,2,DRIVER,,2015396,,FORD,TRANSIT,IL,2020,UNKNOWN,BUS UP TO 15 PASS.,OTHER,E,SLOW/STOP IN TRAFFIC,,,1,,,,,,,,,,Y,,,,,,,,REAR,,,,,,,,,,,,,,,,,,,,,,,,,,,,,,,,,
2114066,32ee80a8039d0f8588aa9bdec2d8a86aab6829a7f739b75e1e983d38ff6629cab96546bdbd91a2e6dc3eea0c8944591a15db452a3d923c8b02aa6a6975546a61,07/25/2025 10:00:00 AM,1,DRIVER,,2015369,,CHRYSLER,TOWN & COUNTRY,IL,2005,UNKNOWN,VAN/MINI-VAN,PERSONAL,S,PASSING/OVERTAKING,,,1,,,,Y,,,,,,,,,,,,,,NONE,,,,,,,,,,,,,,,,,,,,,,,,,,,,,,,,,
2114067,32ee80a8039d0f8588aa9bdec2d8a86aab6829a7f739b75e1e983d38ff6629cab96546bdbd91a2e6dc3eea0c8944591a15db452a3d923c8b02aa6a6975546a61,07/25/2025 10:00:00 AM,2,PARKED,,2015374,,CHEVROLET,CAMARO,IL,2013,NONE,PASSENGER,PERSONAL,S,PARKED,,,0,,,,,Y,Y,Y,Y,,,,,,,,,,SIDE-RIGHT,,,,,,,,,,,,,,,,,,,,,,,,,,,,,,,,,
2114028,4535323b018f157bfeb59c0822f8cdb46943ca9a15dc33cf428f7b0d36a6570d3b6f8f8f80e6e84f7563adf4ad2005e71ee3a6609d2c438ebc6a16eeb23c3086,07/25/2025 10:00:00 AM,1,DRIVER,,2015325,,FORD,VAN,IL,2012,UNKNOWN,VAN/MINI-VAN,AMBULANCE,N,STRAIGHT AHEAD,,,1,,,,,Y,,,,,,,,,,,,,FRONT-RIGHT-CORNER,,,,,,,,,,,,,,,,,,,,,,,,,,,,,,,,,
2114029,4535323b018f157bfeb59c0822f8cdb46943ca9a15dc33cf428f7b0d36a6570d3b6f8f8f80e6e84f7563adf4ad2005e71ee3a6609d2c438ebc6a16eeb23c3086,07/25/2025 10:00:00 AM,2,PARKED,,2015343,,CHEVROLET,TAHOE,IL,2014,UNKNOWN,PASSENGER,PERSONAL,N,PARKED,,,0,,,,,,,,,,,,,,Y,,,,FRONT-LEFT-CORNER,,,,,,,,,,,,,,,,,,,,,,,,,,,,,,,,,
2114038,bee3648fad66f1bf339da5511be5d30fc6bfc54e1706bbda1100d9722d2c46e91b8f2806cec7a2f66e5eb949d9e1b3d476b230037bcf60085779434d5b6cbefd,07/25/2025 10:00:00 AM,1,DRIVER,,2015347,,CHEVROLET,OTHER (EXPLAIN IN NARRATIVE),IL,2005,UNKNOWN,UNKNOWN/NA,UNKNOWN/NA,E,STRAIGHT AHEAD,,,1,,,,,,,,,,,,,,,N,,Y,UNKNOWN,,,,,,,,,,,,,,,,,,,,,,,,,,,,,,,,,
2114039,bee3648fad66f1bf339da5511be5d30fc6bfc54e1706bbda1100d9722d2c46e91b8f2806cec7a2f66e5eb949d9e1b3d476b230037bcf60085779434d5b6cbefd,07/25/2025 10:00:00 AM,2,DRIVER,,2015352,,HONDA,CIVIC,IL,2012,NONE,PASSENGER,PERSONAL,E,STRAIGHT AHEAD,,,1,,,,,,,,,Y,Y,Y,,,,,,,REAR,,,,,,,,,,,,,,,,,,,,,,,,,,,,,,,,,
2114011,113c5fa917f3004aa66dcca95d15588a00f2b2664fd9b921a8eac48af9cc27855d5b271db9c8227c7096acf06480697fd34abb445ceb2a2b95c6d721445acc6e,07/25/2025 09:55:00 AM,1,DRIVER,,2015308,,NISSAN,ROGUE,IL,2009,UNKNOWN,SPORT UTILITY VEHICLE (SUV),PERSONAL,W,BACKING,,,1,,,,,,,,,,Y,Y,,,,,,,REAR-LEFT-CORNER,,,,,,,,,,,,,,,,,,,,,,,,,,,,,,,,,
2114012,113c5fa917f3004aa66dcca95d15588a00f2b2664fd9b921a8eac48af9cc27855d5b271db9c8227c7096acf06480697fd34abb445ceb2a2b95c6d721445acc6e,07/25/2025 09:55:00 AM,2,DRIVER,,2015317,,CHEVROLET,TAHOE,IL,2010,UNKNOWN,SPORT UTILITY VEHICLE (SUV),PERSONAL,SW,BACKING,,,1,,,,,,,Y,Y,Y,Y,,,,,,,,REAR-RIGHT-CORNER,,,,,,,,,,,,,,,,,,,,,,,,,,,,,,,,,
2114042,a306b88adabdd81cfd09f3f5329e1101e5292d1622efca4a9a762c73d612869a8592e795e36c6412c8dd7c2f9c8926dfcefc481fc55d406af33dce1bacb2a167,07/25/2025 09:45:00 AM,2,DRIVER,,2015336,,HONDA,CIVIC,IL,2011,NONE,PASSENGER,PERSONAL,N,STRAIGHT AHEAD,,,1,,,,,,Y,Y,,,,,,,,,,,SIDE-RIGHT,,,,,,,,,,,,,,,,,,,,,,,,,,,,,,,,,
2114053,a306b88adabdd81cfd09f3f5329e1101e5292d1622efca4a9a762c73d612869a8592e795e36c6412c8dd7c2f9c8926dfcefc481fc55d406af33dce1bacb2a167,07/25/2025 09:45:00 AM,1,NON-MOTOR VEHICLE,,,,,,,,,,,,,,,,,,,,,,,,,,,,,,,,,,,,,,,,,,,,,,,,,,,,,,,,,,,,,,,,,,
2114026,e254065887712a896c5ad95808a620371b0f8aaddd7db8f3efc45609120bb2e112b8b181d25ed9521475acfb9ec2ef8aedc0dfbf66372d52067e68ec98bd0e11,07/25/2025 09:31:00 AM,1,BICYCLE,,,,,,,,,,,,,,,,,,,,,,,,,,,,,,,,,,,,,,,,,,,,,,,,,,,,,,,,,,,,,,,,,,
2114027,e254065887712a896c5ad95808a620371b0f8aaddd7db8f3efc45609120bb2e112b8b181d25ed9521475acfb9ec2ef8aedc0dfbf66372d52067e68ec98bd0e11,07/25/2025 09:31:00 AM,2,DRIVER,,2015331,,JEEP,WAGONEER,IL,2023,NONE,SPORT UTILITY VEHICLE (SUV),PERSONAL,SE,TURNING RIGHT,,,1,,,,Y,,,,,,,,,,,,,,SIDE-RIGHT,,,,,,,,,,,,,,,,,,,,,,,,,,,,,,,,,
2114013,ff33f25ef9ca3ebe1ce756ea448b32c884da1a7584c6692d3b0a89119c55bd6158ab0fc2dd1a6912c8e301d6e339869f6ce0454760e4172a9ac9f0891d2046b1,07/25/2025 09:30:00 AM,1,PARKED,,2015310,,KENWORTH MOTOR TRUCK COMPANY,KENWORTH MOTOR TRUCK CO.,IL,2013,NONE,TRUCK - SINGLE UNIT,COMMERCIAL - SINGLE UNIT,N,PARKED,,,0,,,,,,,,,,,,,,Y,,,,SIDE-LEFT,,,,,,,,,,,,,,,,,,,,,,,,,,,,,,,,,
2114014,ff33f25ef9ca3ebe1ce756ea448b32c884da1a7584c6692d3b0a89119c55bd6158ab0fc2dd1a6912c8e301d6e339869f6ce0454760e4172a9ac9f0891d2046b1,07/25/2025 09:30:00 AM,2,DRIVER,,2015319,,GENERAL MOTORS CORPORATION (GMC),TRUCK,AZ,2017,NONE,TRUCK - SINGLE UNIT,COMMERCIAL - SINGLE UNIT,N,STRAIGHT AHEAD,,,1,,,,,,Y,,,,,,,,,,,,SIDE-RIGHT,,,,,,,,,,,,,,,,,,,,,,,,,,,,,,,,,
2114018,53b5ea076eedd84556517cfddb1a84d12d3e0ed3de1612911a9a9529b5484b9aa65b8d4e45c2ea809f9cac0e16b9abbb76b82ea581963ec3b834e9c2d9233af1,07/25/2025 09:20:00 AM,1,DRIVER,,2015318,,HONDA,CIVIC,IL,2021,UNKNOWN,PASSENGER,PERSONAL,W,STRAIGHT AHEAD,,,1,,,,,,,,,,,,,,,,,,FRONT-RIGHT-CORNER,,,,,,,,,,,,,,,,,,,,,,,,,,,,,,,,,
2114019,53b5ea076eedd84556517cfddb1a84d12d3e0ed3de1612911a9a9529b5484b9aa65b8d4e45c2ea809f9cac0e16b9abbb76b82ea581963ec3b834e9c2d9233af1,07/25/2025 09:20:00 AM,2,PARKED,,2015321,,CHEVROLET,TAHOE,IL,2002,UNKNOWN,SPORT UTILITY VEHICLE (SUV),NOT IN USE,W,PARKED,,,0,,,,,,,,,,,,,,,,,,SIDE-LEFT,,,,,,,,,,,,,,,,,,,,,,,,,,,,,,,,,
2114058,e176106cde0c62fd46a269e0638ea7f31f9ac5ce8d1718e2a6a33965939bb8d22d8071e2e740fa992774597f36c49f94e095e80047b8d1eb6f3f47d6e7b415ea,07/25/2025 09:20:00 AM,1,DRIVER,,2015351,,UNKNOWN,MOTORIZED,IL,,UNKNOWN,PASSENGER,UNKNOWN/NA,S,UNKNOWN/NA,,,1,,,,,Y,,,,,,,,,,,,,FRONT-RIGHT-CORNER,,,,,,,,,,,,,,,,,,,,,,,,,,,,,,,,,
2114059,e176106cde0c62fd46a269e0638ea7f31f9ac5ce8d1718e2a6a33965939bb8d22d8071e2e740fa992774597f36c49f94e095e80047b8d1eb6f3f47d6e7b415ea,07/25/2025 09:20:00 AM,2,PARKED,,2015356,,HONDA,HR-V,IL,2016,NONE,PASSENGER,PERSONAL,S,PARKED,,,0,,,,,,,,,,,,N,Y,N,,,,SIDE-LEFT,,,,,,,,,,,,,,,,,,,,,,,,,,,,,,,,,
2115158,e9714530438dc85e8ff1dfddfd829e639c1599b360b6c2a9e8ed4dd31fb51d45c7e65f6606406d74f40c100759faaa1477045680aa5bc9b62a0ac2ec18c0cf83,07/25/2025 09:20:00 AM,1,DRIVER,,2016386,,LEXUS,300,IL,2001,NONE,PASSENGER,PERSONAL,W,STRAIGHT AHEAD,,,1,,,,,Y,,,,,,,,,,,,,FRONT-RIGHT-CORNER,,,,,,,,,,,,,,,,,,,,,,,,,,,,,,,,,
2115159,e9714530438dc85e8ff1dfddfd829e639c1599b360b6c2a9e8ed4dd31fb51d45c7e65f6606406d74f40c100759faaa1477045680aa5bc9b62a0ac2ec18c0cf83,07/25/2025 09:20:00 AM,2,DRIVER,,2016387,,NISSAN,SENTRA,IL,2019,NONE,PASSENGER,PERSONAL,W,STRAIGHT AHEAD,,,1,,,,,,,,,,,Y,,,,,,,REAR-LEFT-CORNER,,,,,,,,,,,,,,,,,,,,,,,,,,,,,,,,,
2113981,5f211298f32ab0d4485b16302ce7162c1a2948f25aa01da4091cfdde228156ce8b1374c9c40c80b543805bfc566dcee7e92ec035bb01ecc90ddc462088eaca63,07/25/2025 09:11:00 AM,1,DRIVER,,2015281,,FREIGHTLINER CORPORATION,FREIGHTLINER CORP.,IL,2019,UNKNOWN,SINGLE UNIT TRUCK WITH TRAILER,COMMERCIAL - SINGLE UNIT,S,STRAIGHT AHEAD,,,1,,,,,,,,,,,,,,,,,,TOP,,,,,,,,,,,,,,,,,,,,,,,,,,,,,,,,,
2113982,5f211298f32ab0d4485b16302ce7162c1a2948f25aa01da4091cfdde228156ce8b1374c9c40c80b543805bfc566dcee7e92ec035bb01ecc90ddc462088eaca63,07/25/2025 09:11:00 AM,2,PARKED,,2015291,,FORD,F550,IL,2022,UNKNOWN,PICKUP,CONSTRUCTION/MAINTENANCE,S,PARKED,,,0,,,,,,,,,,,,,,,,,,OTHER,,,,,,,,,,,,,,,,,,,,,,,,,,,,,,,,,