CRASH_UNIT_ID,CRASH_RECORD_ID,CRASH_DATE,UNIT_NO,UNIT_TYPE,NUM_PASSENGERS,VEHICLE_ID,CMRC_VEH_I,MAKE,MODEL,LIC_PLATE_STATE,VEHICLE_YEAR,VEHICLE_DEFECT,VEHICLE_TYPE,VEHICLE_USE,TRAVEL_DIRECTION,MANEUVER,TOWED_I,FIRE_I,OCCUPANT_CNT,EXCEED_SPEED_LIMIT_I,TOWED_BY,TOWED_TO,AREA_00_I,AREA_01_I,AREA_02_I,AREA_03_I,AREA_04_I,AREA_05_I,AREA_06_I,AREA_07_I,AREA_08_I,AREA_09_I,AREA_10_I,AREA_11_I,AREA_12_I,AREA_99_I,FIRST_CONTACT_POINT,CMV_ID,USDOT_NO,CCMC_NO,ILCC_NO,COMMERCIAL_SRC,GVWR,CARRIER_NAME,CARRIER_STATE,CARRIER_CITY,HAZMAT_PLACARDS_I,HAZMAT_NAME,UN_NO,HAZMAT_PRESENT_I,HAZMAT_REPORT_I,HAZMAT_REPORT_NO,MCS_REPORT_I,MCS_REPORT_NO,HAZMAT_VIO_CAUSE_CRASH_I,MCS_VIO_CAUSE_CRASH_I,IDOT_PERMIT_NO,WIDE_LOAD_I,TRAILER1_WIDTH,TRAILER2_WIDTH,TRAILER1_LENGTH,TRAILER2_LENGTH,TOTAL_VEHICLE_LENGTH,AXLE_CNT,VEHICLE_CONFIG,CARGO_BODY_TYPE,LOAD_TYPE,HAZMAT_OUT_OF_SERVICE_I,MCS_OUT_OF_SERVICE_I,HAZMAT_CLASS
2113985,4acf36b3ef5dd0528e1dc69195d5d782ac87571f35522b6edd56c25c95a377644a26eb11832d95ac57e808e8be96ec6043071859c0718aacddbb2b004dabad41,07/25/2025 09:10:00 AM,1,DRIVER,,2015292,,TOYOTA,SIENNA,IL,2022,NONE,VAN/MINI-VAN,PERSONAL,N,OTHER,,,1,,,,,,,,,,,,,,,Y,Y,,FRONT-LEFT-CORNER,,,,,,,,,,,,,,,,,,,,,,,,,,,,,,,,,
2113986,4acf36b3ef5dd0528e1dc69195d5d782ac87571f35522b6edd56c25c95a377644a26eb11832d95ac57e808e8be96ec6043071859c0718aacddbb2b004dabad41,07/25/2025 09:10:00 AM,2,PARKED,,2015298,N,FORD,F150,IL,2017,NONE,PICKUP,NOT IN USE,N,PARKED,,,0,,,,,,,,,Y,Y,Y,,,,,,,REAR,,,,,,,,,,,,,,,,,,,,,,,,,,,,,,,,,
2113977,4b9aa25d015a32f48768f55b3a3218541fbc9ed682aa10999861e4054da2de600705fb50b8e89e1a75b6201e88cd37da915809a22421de9412bd1d3fea2f02cd,07/25/2025 09:01:00 AM,1,DRIVER,,2015280,,ACURA,ADX,IL,2003,UNKNOWN,PASSENGER,PERSONAL,N,STRAIGHT AHEAD,,,1,,,,,,,,,,,,,,Y,Y,Y,,FRONT-RIGHT-CORNER,,,,,,,,,,,,,,,,,,,,,,,,,,,,,,,,,
2113978,4b9aa25d015a32f48768f55b3a3218541fbc9ed682aa10999861e4054da2de600705fb50b8e89e1a75b6201e88cd37da915809a22421de9412bd1d3fea2f02cd,07/25/2025 09:01:00 AM,2,PARKED,,2015284,,HONDA,ACCORD,IL,,NONE,PASSENGER,PERSONAL,N,PARKED,,,0,,,,,,,Y,Y,Y,Y,,,,,,,,REAR-RIGHT-CORNER,,,,,,,,,,,,,,,,,,,,,,,,,,,,,,,,,
2113971,25323240973865ca478d4cbf2fd9a6dadd8d533a90ed1b0e098ad8211d5efc342f45c61674f0626669a3620944aaf403edff1da3278a4be705a878f571f9a8f2,07/25/2025 09:00:00 AM,1,DRIVER,,2015271,,JEEP,CHEROKEE,IL,2017,NONE,PASSENGER,PERSONAL,W,STRAIGHT AHEAD,Y,,1,,OWNER'S INSURANCE,,,Y,N,,,,,,,,Y,Y,Y,,FRONT-LEFT-CORNER,,,,,,,,,,,,,,,,,,,,,,,,,,,,,,,,,
2113972,25323240973865ca478d4cbf2fd9a6dadd8d533a90ed1b0e098ad8211d5efc342f45c61674f0626669a3620944aaf403edff1da3278a4be705a878f571f9a8f2,07/25/2025 09:00:00 AM,2,DRIVER,,2015275,,TOYOTA,PRIUS,IL,2010,NONE,PASSENGER,PERSONAL,NE,TURNING LEFT,Y,,1,,OWNER'S INSURANCE,,,Y,Y,,,,,,,,,Y,Y,,FRONT-RIGHT-CORNER,,,,,,,,,,,,,,,,,,,,,,,,,,,,,,,,,
2118520,624ecd5aa76c9efaba8aa7750fc634d8446e7f2cd286d53c821bb62f92de8b13321df8dcac01a075fccf590bcbae5e332a19165f32ef716483f9914287fdfdae,07/25/2025 09:00:00 AM,1,DRIVER,,2019562,,UNKNOWN,OTHER (EXPLAIN IN NARRATIVE),,,UNKNOWN,UNKNOWN/NA,UNKNOWN/NA,UNKNOWN,UNKNOWN/NA,,,1,,,,,,,,,,,,,,,,,Y,UNKNOWN,,,,,,,,,,,,,,,,,,,,,,,,,,,,,,,,,
2118521,624ecd5aa76c9efaba8aa7750fc634d8446e7f2cd286d53c821bb62f92de8b13321df8dcac01a075fccf590bcbae5e332a19165f32ef716483f9914287fdfdae,07/25/2025 09:00:00 AM,2,PARKED,,2019563,,MITSUBISHI,OUTLANDER,IL,2011,UNKNOWN,PASSENGER,UNKNOWN/NA,W,PARKED,,,0,,,,,,,,,,,Y,Y,Y,Y,Y,N,,SIDE-LEFT,,,,,,,,,,,,,,,,,,,,,,,,,,,,,,,,,
2114017,cf71f7b5c7cdbc4908f30d433806e6ef4023701b229653dc0f988ca92a53eb636c1f1d16ab5599c6f49b6a27f27c6cfdbc65d7185ae6cb214c1c080a61251d65,07/25/2025 09:00:00 AM,1,DRIVER,,2015315,,LEXUS,NX,IL,,UNKNOWN,PASSENGER,PERSONAL,N,BACKING,,,1,,,,,,,Y,Y,Y,,,,,,,,,SIDE-RIGHT-REAR,,,,,,,,,,,,,,,,,,,,,,,,,,,,,,,,,
2113969,b3f1faaa950d51eac4791328e4ad4ed26916c7789116b603f1be66fd86960d0a36e2becdac86fc49af9cf427fe161a5840c04ffdff44965fa4e4c9b0ba072dc4,07/25/2025 08:50:00 AM,1,DRIVER,3,2015277,,MINI,CLUBMAN,IL,2018,UNKNOWN,PASSENGER,UNKNOWN/NA,N,DRIVING WRONG WAY,,,4,,,,,,,,,,,,,,,,,Y,UNKNOWN,,,,,,,,,,,,,,,,,,,,,,,,,,,,,,,,,
2113970,b3f1faaa950d51eac4791328e4ad4ed26916c7789116b603f1be66fd86960d0a36e2becdac86fc49af9cf427fe161a5840c04ffdff44965fa4e4c9b0ba072dc4,07/25/2025 08:50:00 AM,2,DRIVER,2,2015282,,CHRYSLER,TOWN & COUNTRY,IL,2013,UNKNOWN,VAN/MINI-VAN,UNKNOWN/NA,S,STRAIGHT AHEAD,,,3,,,,,,,,,,,Y,Y,,,,,,SIDE-LEFT-REAR,,,,,,,,,,,,,,,,,,,,,,,,,,,,,,,,,
2116203,0817d158cc37c55936db6dc7a0704fbcc31d1cfe810d90eaab9f3f4690637b4f34c0cc67cd8b104aba616ab0a5d467ab083cc931cf5664ec57843aac5a855122,07/25/2025 08:40:00 AM,1,DRIVER,,2017397,,UNKNOWN,OTHER (EXPLAIN IN NARRATIVE),,,UNKNOWN,VAN/MINI-VAN,UNKNOWN/NA,E,TURNING LEFT,,,1,,,,,,,,,,,,,,,,,Y,UNKNOWN,,,,,,,,,,,,,,,,,,,,,,,,,,,,,,,,,
2116204,0817d158cc37c55936db6dc7a0704fbcc31d1cfe810d90eaab9f3f4690637b4f34c0cc67cd8b104aba616ab0a5d467ab083cc931cf5664ec57843aac5a855122,07/25/2025 08:40:00 AM,2,DRIVER,,2017421,,HYUNDAI,SANTA FE,IL,2025,NONE,PASSENGER,PERSONAL,W,STRAIGHT AHEAD,,,1,,,,,Y,Y,,,,,,,,,,Y,,FRONT-RIGHT-CORNER,,,,,,,,,,,,,,,,,,,,,,,,,,,,,,,,,
2116019,9c3c0c1be2fa96063ee5914eb77fb58307184dc117b9ae1bc22670250a3293b6229bd83bb75f49a79eb4c150adab9ee3dd3971ead8c4b92fc07ce56196fe8c48,07/25/2025 08:40:00 AM,1,DRIVER,,2017215,,HYUNDAI,GENESIS,IL,2009,UNKNOWN,PASSENGER,PERSONAL,N,STRAIGHT AHEAD,,,1,,,,,Y,,,,,,,,,,Y,Y,,FRONT,,,,,,,,,,,,,,,,,,,,,,,,,,,,,,,,,
2116020,9c3c0c1be2fa96063ee5914eb77fb58307184dc117b9ae1bc22670250a3293b6229bd83bb75f49a79eb4c150adab9ee3dd3971ead8c4b92fc07ce56196fe8c48,07/25/2025 08:40:00 AM,2,DRIVER,,2017216,,TOYOTA,COROLLA,IL,2010,UNKNOWN,PASSENGER,PERSONAL,N,SLOW/STOP IN TRAFFIC,,,1,,,,,Y,,,,Y,Y,Y,,,,Y,Y,,REAR,,,,,,,,,,,,,,,,,,,,,,,,,,,,,,,,,
2116021,9c3c0c1be2fa96063ee5914eb77fb58307184dc117b9ae1bc22670250a3293b6229bd83bb75f49a79eb4c150adab9ee3dd3971ead8c4b92fc07ce56196fe8c48,07/25/2025 08:40:00 AM,3,DRIVER,,2017217,,TOYOTA,RAV4,IL,2024,UNKNOWN,PASSENGER,PERSONAL,N,SLOW/STOP IN TRAFFIC,,,1,,,,,,,,,,Y,,,,,,,,REAR,,,,,,,,,,,,,,,,,,,,,,,,,,,,,,,,,
2114015,e85ee35d4007af8a33b3839d18f32e5bb756f0b69e6c110accf9e0462824259411e6cb8c36838d216041df3d4f888bd423c6f952e773996dc479cb4256c85e7d,07/25/2025 08:40:00 AM,1,DRIVER,,2015314,,FORD,RANGER,IL,2006,UNKNOWN,PICKUP,PERSONAL,W,STRAIGHT AHEAD,,,1,,,,,Y,,,,,,,,,,Y,Y,,FRONT,,,,,,,,,,,,,,,,,,,,,,,,,,,,,,,,,
2114016,e85ee35d4007af8a33b3839d18f32e5bb756f0b69e6c110accf9e0462824259411e6cb8c36838d216041df3d4f888bd423c6f952e773996dc479cb4256c85e7d,07/25/2025 08:40:00 AM,2,DRIVER,1,2015320,,FORD,FUSION,IL,2007,UNKNOWN,PASSENGER,PERSONAL,W,SLOW/STOP IN TRAFFIC,,,2,,,,,,,,,Y,Y,Y,,,,,,,REAR,,,,,,,,,,,,,,,,,,,,,,,,,,,,,,,,,
2114007,7b2309230916997b96298cdf6ba8a91842b896ed933c110db52b32d2fcc6badebd8e142818e422568f423a8cc051b920217d273a0f8c2501c9eb1d380ff402a6,07/25/2025 08:35:00 AM,1,DRIVER,,2015335,,KIA,SOUL,IL,2013,UNKNOWN,SPORT UTILITY VEHICLE (SUV),PERSONAL,S,U-TURN,Y,,1,,PRIVATE,,,,,,,,,,,Y,Y,Y,Y,,FRONT-LEFT-CORNER,,,,,,,,,,,,,,,,,,,,,,,,,,,,,,,,,
2114008,7b2309230916997b96298cdf6ba8a91842b896ed933c110db52b32d2fcc6badebd8e142818e422568f423a8cc051b920217d273a0f8c2501c9eb1d380ff402a6,07/25/2025 08:35:00 AM,2,DRIVER,,2015348,,NISSAN,VERSA,FL,2024,UNKNOWN,PASSENGER,PERSONAL,S,STRAIGHT AHEAD,Y,,1,,PRIVATE,,,Y,Y,,,,,,,,,,Y,,FRONT-RIGHT-CORNER,,,,,,,,,,,,,,,,,,,,,,,,,,,,,,,,,
2114216,ffcd996c86da432a8cf779dc4c0c1d0925363bb7052380920006569c9701fc0d1abe35e68832a7a830ae528f40ad159c36acb980920ed8dde522480ceaa52c20,07/25/2025 08:24:00 AM,1,DRIVER,,2015501,,NISSAN,ROGUE,IL,,NONE,SPORT UTILITY VEHICLE (SUV),PERSONAL,W,STRAIGHT AHEAD,,,1,,,,,,,,,,,,,,,,Y,,FRONT,,,,,,,,,,,,,,,,,,,,,,,,,,,,,,,,,
2114217,ffcd996c86da432a8cf779dc4c0c1d0925363bb7052380920006569c9701fc0d1abe35e68832a7a830ae528f40ad159c36acb980920ed8dde522480ceaa52c20,07/25/2025 08:24:00 AM,2,DRIVER,,2015505,,NISSAN,SENTRA,IL,2006,NONE,PASSENGER,PERSONAL,W,SLOW/STOP IN TRAFFIC,,,1,,,,,,,,,,Y,,,,,,,,REAR,,,,,,,,,,,,,,,,,,,,,,,,,,,,,,,,,
2114020,419adf1e751b6e8b9984eac9b4db926a731fc9a66f3e10164ae4f6f77eeafa604343bc5b87429da3bcad53b850621110b4f520e9d2e81d6def6a8620d43321e5,07/25/2025 08:15:00 AM,1,DRIVER,,2015324,,FORD,EXPLORER,IN,2014,UNKNOWN,PASSENGER,PERSONAL,S,STRAIGHT AHEAD,Y,,1,,personal tow,white castle parking lot,,Y,,,,,,,,,,Y,Y,N,FRONT,,,,,,,,,,,,,,,,,,,,,,,,,,,,,,,,,
2114021,419adf1e751b6e8b9984eac9b4db926a731fc9a66f3e10164ae4f6f77eeafa604343bc5b87429da3bcad53b850621110b4f520e9d2e81d6def6a8620d43321e5,07/25/2025 08:15:00 AM,2,DRIVER,1,2015334,,DODGE,CHARGER,IL,2018,UNKNOWN,PASSENGER,PERSONAL,W,STRAIGHT AHEAD,,,2,,,,,,,Y,Y,,,,,,,,,,SIDE-RIGHT,,,,,,,,,,,,,,,,,,,,,,,,,,,,,,,,,
2113949,f77a80c726a9bafcab4fd21b2e83df3536ca41358fa2f648bf978fa7786e26b5142b44b0a6749766df3c8df7429ad7559a21322d7f99084fcb5ccbcdae9d0f41,07/25/2025 08:15:00 AM,1,DRIVER,,2015251,,UNKNOWN,OTHER (EXPLAIN IN NARRATIVE),,,UNKNOWN,PASSENGER,UNKNOWN/NA,W,STRAIGHT AHEAD,,,1,,,,,,,,,,,,,Y,Y,Y,,,FRONT-LEFT-CORNER,,,,,,,,,,,,,,,,,,,,,,,,,,,,,,,,,
2113950,f77a80c726a9bafcab4fd21b2e83df3536ca41358fa2f648bf978fa7786e26b5142b44b0a6749766df3c8df7429ad7559a21322d7f99084fcb5ccbcdae9d0f41,07/25/2025 08:15:00 AM,2,DRIVER,,2015254,,FORD,OTHER (EXPLAIN IN NARRATIVE),IL,2019,UNKNOWN,BUS UP TO 15 PASS.,UNKNOWN/NA,W,STRAIGHT AHEAD,,,1,,,,,Y,Y,Y,,,,,,,,,,,FRONT-RIGHT-CORNER,,,,,,,,,,,,,,,,,,,,,,,,,,,,,,,,,
2122627,a7e166f9063fa4d62af009bb571f3ec124eae44a3b9d16e74c98e81c9acd1029a1d0a58fb2a388f567fd0902490ff0069ae3e3a5317d3f5311f9214e0a1d5ac7,07/25/2025 08:13:00 AM,1,DRIVER,,2023517,,JEEP,CHEROKEE,IL,2015,NONE,PASSENGER,PERSONAL,S,PASSING/OVERTAKING,,,1,,,,,,,Y,,,,,,,,,,,SIDE-RIGHT,,,,,,,,,,,,,,,,,,,,,,,,,,,,,,,,,
2122628,a7e166f9063fa4d62af009bb571f3ec124eae44a3b9d16e74c98e81c9acd1029a1d0a58fb2a388f567fd0902490ff0069ae3e3a5317d3f5311f9214e0a1d5ac7,07/25/2025 08:13:00 AM,2,DRIVER,,2023518,N,DODGE,RAM 2500 VAN,IL,2005,NONE,TRUCK - SINGLE UNIT,COMMERCIAL - SINGLE UNIT,S,STRAIGHT AHEAD,,,1,,,,Y,,,,,,,,,Y,,,,,SIDE-LEFT,,,,,,,,,,,,,,,,,,,,,,,,,,,,,,,,,
2113954,ced8a7747b5eca400ec37ca336444a7314e9fbdd331d6e53072dd035d5361ea040702bc48caac09b672b41cecab474c2e51a556d505ba046365f4f1e36e1e49a,07/25/2025 08:09:00 AM,1,PARKED,1,2015257,,FORD,OTHER (EXPLAIN IN NARRATIVE),IL,2013,UNKNOWN,PASSENGER,UNKNOWN/NA,E,PARKED,,,1,,,,,,,,,,,,,Y,Y,,,,SIDE-LEFT,,,,,,,,,,,,,,,,,,,,,,,,,,,,,,,,,
2113955,ced8a7747b5eca400ec37ca336444a7314e9fbdd331d6e53072dd035d5361ea040702bc48caac09b672b41cecab474c2e51a556d505ba046365f4f1e36e1e49a,07/25/2025 08:09:00 AM,2,BICYCLE,,,,,,,,,,,,,,,,,,,,,,,,,,,,,,,,,,,,,,,,,,,,,,,,,,,,,,,,,,,,,,,,,,
2114036,00f37fde1c9f703bf79e7ae35091b57cbfa669f4e8c89b3d034ad296e5a7f662baf0f7b23ff6d7986dd4bf6b6f1acc01a60239087cb73c52c0ef1633159aefc2,07/25/2025 08:06:00 AM,1,DRIVER,,2015337,Y,CCC (CRAIN CARRIER),CCC (CRAIN CARRIER),IL,2017,UNKNOWN,TRUCK - SINGLE UNIT,STATE OWNED,N,TURNING LEFT,,,1,,,,,,,,,,,,,Y,Y,,,,SIDE-LEFT,"21,890",,,,,,CITY OF CHICAGO,,,,,,U,U,,U,,U,U,,,,,,,,,"SINGLE UNIT TRUCK, 2 AXLES, 6 TIRES",GARBAGE/REFUSE,UNKNOWN,N,N,
2114037,00f37fde1c9f703bf79e7ae35091b57cbfa669f4e8c89b3d034ad296e5a7f662baf0f7b23ff6d7986dd4bf6b6f1acc01a60239087cb73c52c0ef1633159aefc2,07/25/2025 08:06:00 AM,2,PARKED,,2015338,,GENERAL MOTORS CORPORATION (GMC),TERRAIN,IL,2023,UNKNOWN,PASSENGER,PERSONAL,S,PARKED,,,0,,,,,,,,,,,,,,Y,Y,,,SIDE-LEFT-FRONT,,,,,,,,,,,,,,,,,,,,,,,,,,,,,,,,,
2113996,08895b2932bbd025e3ccfd0bce6d3b738ad588ea0534c875ddd33ee279ff664dd1b8b715c909cd772bececcf142186f78f47b7b66db85427e72c4b2316c73d50,07/25/2025 08:04:00 AM,1,DRIVER,,2015297,,NISSAN,350Z,FL,2004,UNKNOWN,PASSENGER,PERSONAL,S,STRAIGHT AHEAD,,,1,,,,,Y,,,,,,,,,,Y,Y,,FRONT,,,,,,,,,,,,,,,,,,,,,,,,,,,,,,,,,
2113997,08895b2932bbd025e3ccfd0bce6d3b738ad588ea0534c875ddd33ee279ff664dd1b8b715c909cd772bececcf142186f78f47b7b66db85427e72c4b2316c73d50,07/25/2025 08:04:00 AM,2,DRIVER,,2015306,,TOYOTA,RAV4,IL,2021,UNKNOWN,PASSENGER,PERSONAL,S,STRAIGHT AHEAD,,,1,,,,,Y,,,,,Y,,,,,Y,Y,,REAR,,,,,,,,,,,,,,,,,,,,,,,,,,,,,,,,,
2113998,08895b2932bbd025e3ccfd0bce6d3b738ad588ea0534c875ddd33ee279ff664dd1b8b715c909cd772bececcf142186f78f47b7b66db85427e72c4b2316c73d50,07/25/2025 08:04:00 AM,3,DRIVER,,2015316,,CHEVROLET,TRAVERSE,IL,2012,UNKNOWN,PASSENGER,PERSONAL,S,STRAIGHT AHEAD,,,1,,,,,,,,,,Y,,,,,,,,REAR,,,,,,,,,,,,,,,,,,,,,,,,,,,,,,,,,
2113991,2f687acc24ef95d1b4f334e3fc4bf3f220ef0fc90dde64be49d3f30f67eea3b6df95af2a85b49f778883112306f40c2e8f479962828206a611ec54d1e6d86047,07/25/2025 08:02:00 AM,1,DRIVER,,2015311,,"MACK TRUCKS, INC.",OTHER (EXPLAIN IN NARRATIVE),IL,2011,NONE,TRUCK - SINGLE UNIT,CONSTRUCTION/MAINTENANCE,E,STRAIGHT AHEAD,,,1,,,,,,,,,,,,,,,Y,,,FRONT-LEFT-CORNER,,,,,,,,,,,,,,,,,,,,,,,,,,,,,,,,,
2113992,2f687acc24ef95d1b4f334e3fc4bf3f220ef0fc90dde64be49d3f30f67eea3b6df95af2a85b49f778883112306f40c2e8f479962828206a611ec54d1e6d86047,07/25/2025 08:02:00 AM,2,DRIVER,,2015299,,TOYOTA,COROLLA,IL,2007,NONE,PASSENGER,PERSONAL,E,MERGING,,,1,,,,,Y,,,,,,,,,,,Y,,SIDE-RIGHT-FRONT,,,,,,,,,,,,,,,,,,,,,,,,,,,,,,,,,
2113959,ef0ab1c213e430b65748de340a75fe7aeabecdc528d3282d118f68b2e5e9fcc0a52c1403544c6a3b811244665edc2190325fbb990b127c9aa47fd67c867302f4,07/25/2025 08:00:00 AM,1,DRIVER,,2015259,,UNKNOWN,OTHER (EXPLAIN IN NARRATIVE),,,UNKNOWN,UNKNOWN/NA,UNKNOWN/NA,W,STRAIGHT AHEAD,,,1,,,,,,,,,,,,,,,,,Y,FRONT,,,,,,,,,,,,,,,,,,,,,,,,,,,,,,,,,
2113960,ef0ab1c213e430b65748de340a75fe7aeabecdc528d3282d118f68b2e5e9fcc0a52c1403544c6a3b811244665edc2190325fbb990b127c9aa47fd67c867302f4,07/25/2025 08:00:00 AM,2,PARKED,,2015260,,DODGE,CHARGER,IL,2016,NONE,PASSENGER,NOT IN USE,W,PARKED,Y,,0,,PRIVATE TOW COMPANY,PRIVATE TOW COMPANY,,,,,Y,Y,Y,Y,Y,,,,,,REAR,,,,,,,,,,,,,,,,,,,,,,,,,,,,,,,,,
2114034,bf78acd1a6ee8e0f6a20bf5f7ead0e5cc39b203279f237835cfab21d5955ec1d21dacb5eb3fd6f6b3226b421b971a34a2df80eb3ad21c264ec62e5772ef8c19b,07/25/2025 07:50:00 AM,1,DRIVER,,2015328,,UNKNOWN,OTHER (EXPLAIN IN NARRATIVE),,,UNKNOWN,UNKNOWN/NA,UNKNOWN/NA,N,STRAIGHT AHEAD,,,1,,,,,,,,,,,,,,,,,,UNKNOWN,,,,,,,,,,,,,,,,,,,,,,,,,,,,,,,,,
2114035,bf78acd1a6ee8e0f6a20bf5f7ead0e5cc39b203279f237835cfab21d5955ec1d21dacb5eb3fd6f6b3226b421b971a34a2df80eb3ad21c264ec62e5772ef8c19b,07/25/2025 07:50:00 AM,2,PEDESTRIAN,,,,,,,,,,,,,,,,,,,,,,,,,,,,,,,,,,,,,,,,,,,,,,,,,,,,,,,,,,,,,,,,,,
2116363,4c93aca16850981731310bd993be2341c9be10bb57afee874d377f1dcf0865b0e78d9e6210407173bf8fee49eeac31083db4d3ce9e138655533e674230d1dbe1,07/25/2025 07:45:00 AM,1,DRIVER,,2017550,,CADILLAC,OTHER (EXPLAIN IN NARRATIVE),IL,1994,UNKNOWN,PASSENGER,UNKNOWN/NA,N,STRAIGHT AHEAD,,,1,,,,,Y,Y,,,,,N,,,,,,,SIDE-RIGHT-FRONT,,,,,,,,,,,,,,,,,,,,,,,,,,,,,,,,,
2116364,4c93aca16850981731310bd993be2341c9be10bb57afee874d377f1dcf0865b0e78d9e6210407173bf8fee49eeac31083db4d3ce9e138655533e674230d1dbe1,07/25/2025 07:45:00 AM,2,DRIVER,,2017565,,MERCEDES-BENZ,GLE,IL,2019,NONE,PASSENGER,PERSONAL,N,STRAIGHT AHEAD,,,1,,,,,Y,Y,,,,,,,,,,,,SIDE-RIGHT,,,,,,,,,,,,,,,,,,,,,,,,,,,,,,,,,
2113965,938c298eb621e9d827063fb58ffdeedbf6972cd1274904d6dffcaaabb19d1e042a23386c811fa29e0e48585d21bc9dabbbbbf5af91cfe702627fb54f495c9242,07/25/2025 07:40:00 AM,1,PARKED,,2015269,,JEEP,GRAND CHEROKEE,IL,2017,NONE,PASSENGER,PERSONAL,S,PARKED,,,0,,,,,,,,,,,,Y,Y,,,,,SIDE-LEFT,,,,,,,,,,,,,,,,,,,,,,,,,,,,,,,,,
2113966,938c298eb621e9d827063fb58ffdeedbf6972cd1274904d6dffcaaabb19d1e042a23386c811fa29e0e48585d21bc9dabbbbbf5af91cfe702627fb54f495c9242,07/25/2025 07:40:00 AM,2,BICYCLE,,,,,,,,,,,,,,,,,,,,,,,,,,,,,,,,,,,,,,,,,,,,,,,,,,,,,,,,,,,,,,,,,,
2113936,e00d359e84cc951ef91477786d807c5db1434db191b78827d1dc0c06a604aaa89c0cca20c3cb450645544f2b28bc3bf9c651e18a0fe1aa83497a93160fb02d2b,07/25/2025 07:35:00 AM,1,DRIVER,,2015242,,UNKNOWN,OTHER (EXPLAIN IN NARRATIVE),IL,2017,UNKNOWN,TRUCK - SINGLE UNIT,OTHER,W,TURNING LEFT,,,1,,,,,,,,,Y,,,,,,,,,REAR-RIGHT-CORNER,,,,,,,,,,,,,,,,,,,,,,,,,,,,,,,,,
2120059,82f27f39c5a24f73b7b9691b5b8f9f84f2f4f4de25f90874f319f4a9b40d6ab906b94dc4a669a471d4388478eebd6a44e75a77ffe8d2065eb3d84b9de766b51d,07/25/2025 07:30:00 AM,1,DRIVER,,2021053,,CHEVROLET,EXPRESS,IL,,NONE,VAN/MINI-VAN,UNKNOWN/NA,N,MERGING,,,1,,,,,,,,Y,Y,,,,,,,,,REAR-RIGHT-CORNER,,,,,,,,,,,,,,,,,,,,,,,,,,,,,,,,,
2120060,82f27f39c5a24f73b7b9691b5b8f9f84f2f4f4de25f90874f319f4a9b40d6ab906b94dc4a669a471d4388478eebd6a44e75a77ffe8d2065eb3d84b9de766b51d,07/25/2025 07:30:00 AM,2,DRIVER,,2021050,,NISSAN,KICKS,IL,2020,NONE,PASSENGER,PERSONAL,N,STRAIGHT AHEAD,,,1,,,,,,,,,,,,,,,Y,,,FRONT-LEFT-CORNER,,,,,,,,,,,,,,,,,,,,,,,,,,,,,,,,,
2113924,73abfc93caabcd5ea6176a7dad67b2af9f1d2100a86c2a83c03ef0c9b83a95661e3a86194a88ff4d8c0c18077da313b17655b427a99fa534515714f5f180a3ef,07/25/2025 07:20:00 AM,1,DRIVER,,2015231,,CHEVROLET,IMPALA,,2009,UNKNOWN,PASSENGER,PERSONAL,UNKNOWN,BACKING,,,1,,,,,,,,,,Y,,,,,,,,REAR,,,,,,,,,,,,,,,,,,,,,,,,,,,,,,,,,
2113925,73abfc93caabcd5ea6176a7dad67b2af9f1d2100a86c2a83c03ef0c9b83a95661e3a86194a88ff4d8c0c18077da313b17655b427a99fa534515714f5f180a3ef,07/25/2025 07:20:00 AM,2,DRIVER,,2015235,,NISSAN,ALTIMA,IL,2021,UNKNOWN,PASSENGER,PERSONAL,UNKNOWN,STRAIGHT AHEAD,,,1,,,,,,,,,,,,,,,,Y,,FRONT,,,,,,,,,,,,,,,,,,,,,,,,,,,,,,,,,
2113939,4b1e597282000972aa9ad0ee856b41bef40d294e91d47067d75bed45f839b48fbffb0024206c834b56c686fa27828d02e1e066be848a09ef03c35b89a8afce59,07/25/2025 07:10:00 AM,1,DRIVER,,2015243,,CHEVROLET,MALIBU,,,UNKNOWN,PASSENGER,UNKNOWN/NA,S,TURNING LEFT,,,1,,,,,,,,,,,,,,,,,,SIDE-LEFT,,,,,,,,,,,,,,,,,,,,,,,,,,,,,,,,,
2113940,4b1e597282000972aa9ad0ee856b41bef40d294e91d47067d75bed45f839b48fbffb0024206c834b56c686fa27828d02e1e066be848a09ef03c35b89a8afce59,07/25/2025 07:10:00 AM,2,DRIVER,2,2015246,,CHEVROLET,MALIBU,IL,2024,NONE,PASSENGER,PERSONAL,S,STRAIGHT AHEAD,,,3,,,,,Y,Y,,,,,,,,,,,,SIDE-RIGHT,,,,,,,,,,,,,,,,,,,,,,,,,,,,,,,,,
2114030,02e0d0dfba92097e1cc9db76282f8ce9ab96d85aa1421c028cc5f8c6952746cace73b4f0ca9be59de73416bd40530648289a831c330a76f1360156204228e06e,07/25/2025 07:00:00 AM,1,DRIVER,,2015329,,INFINITI,G35,IL,2005,UNKNOWN,PASSENGER,PERSONAL,S,STRAIGHT AHEAD,,,1,,,,,Y,,,,,,,,,,Y,Y,,FRONT,,,,,,,,,,,,,,,,,,,,,,,,,,,,,,,,,
2114031,02e0d0dfba92097e1cc9db76282f8ce9ab96d85aa1421c028cc5f8c6952746cace73b4f0ca9be59de73416bd40530648289a831c330a76f1360156204228e06e,07/25/2025 07:00:00 AM,2,DRIVER,1,2015339,,MERCEDES-BENZ,OTHER (EXPLAIN IN NARRATIVE),IL,2018,UNKNOWN,VAN/MINI-VAN,OTHER,E,TURNING LEFT,Y,,2,,SELF,UNKNOWN,,,,,,,,Y,Y,Y,,,,,SIDE-LEFT-REAR,,,,,,,,,,,,,,,,,,,,,,,,,,,,,,,,,