CRASH_UNIT_ID,CRASH_RECORD_ID,CRASH_DATE,UNIT_NO,UNIT_TYPE,NUM_PASSENGERS,VEHICLE_ID,CMRC_VEH_I,MAKE,MODEL,LIC_PLATE_STATE,VEHICLE_YEAR,VEHICLE_DEFECT,VEHICLE_TYPE,VEHICLE_USE,TRAVEL_DIRECTION,MANEUVER,TOWED_I,FIRE_I,OCCUPANT_CNT,EXCEED_SPEED_LIMIT_I,TOWED_BY,TOWED_TO,AREA_00_I,AREA_01_I,AREA_02_I,AREA_03_I,AREA_04_I,AREA_05_I,AREA_06_I,AREA_07_I,AREA_08_I,AREA_09_I,AREA_10_I,AREA_11_I,AREA_12_I,AREA_99_I,FIRST_CONTACT_POINT,CMV_ID,USDOT_NO,CCMC_NO,ILCC_NO,COMMERCIAL_SRC,GVWR,CARRIER_NAME,CARRIER_STATE,CARRIER_CITY,HAZMAT_PLACARDS_I,HAZMAT_NAME,UN_NO,HAZMAT_PRESENT_I,HAZMAT_REPORT_I,HAZMAT_REPORT_NO,MCS_REPORT_I,MCS_REPORT_NO,HAZMAT_VIO_CAUSE_CRASH_I,MCS_VIO_CAUSE_CRASH_I,IDOT_PERMIT_NO,WIDE_LOAD_I,TRAILER1_WIDTH,TRAILER2_WIDTH,TRAILER1_LENGTH,TRAILER2_LENGTH,TOTAL_VEHICLE_LENGTH,AXLE_CNT,VEHICLE_CONFIG,CARGO_BODY_TYPE,LOAD_TYPE,HAZMAT_OUT_OF_SERVICE_I,MCS_OUT_OF_SERVICE_I,HAZMAT_CLASS
2113932,35f9be87f2fe05cc61068f67e03d8228520e9ba6b3c53ec56eb645e87198193244d6530b6e84284c958a0b32a5da888c1f51b5395918b1666c9e2a31b5ca63a6,07/25/2025 07:00:00 AM,1,DRIVER,1,2015237,,TOYOTA,AVENSIS,IL,2007,UNKNOWN,PASSENGER,PERSONAL,S,PASSING/OVERTAKING,,,2,,,,,,,,,,,,,,Y,Y,,Y,UNKNOWN,,,,,,,,,,,,,,,,,,,,,,,,,,,,,,,,,
2113933,35f9be87f2fe05cc61068f67e03d8228520e9ba6b3c53ec56eb645e87198193244d6530b6e84284c958a0b32a5da888c1f51b5395918b1666c9e2a31b5ca63a6,07/25/2025 07:00:00 AM,2,DRIVER,,2015241,Y,FLEET CAP'N TRAILERS,FLEET CAP'N TRAILERS,IN,2024,UNKNOWN,TRUCK - SINGLE UNIT,OTHER,S,STRAIGHT AHEAD,,,1,,,,,,,,,,,,,,,,,Y,UNKNOWN,"21,888",,,,DRIVER,2,FRITO LAY,TX,PLANO,,,,N,N,,N,,N,N,,,,,,,,,TRUCK/TRAILER,VAN/ENCLOSED BOX,UNKNOWN,N,N,
2113934,bbba1e4dc21bfa525ef88488a121d8869441594cc37769e497364f5a37ed5c34ce638af34f50c7872e472a769525c94872bda460819287bd92803fee4afa1f9a,07/25/2025 06:59:00 AM,1,DRIVER,1,2015256,,HONDA,ODYSSEY,IL,2008,UNKNOWN,PASSENGER,PERSONAL,N,STRAIGHT AHEAD,,,2,,,,,Y,,,,,,,,,,Y,Y,,FRONT,,,,,,,,,,,,,,,,,,,,,,,,,,,,,,,,,
2113935,bbba1e4dc21bfa525ef88488a121d8869441594cc37769e497364f5a37ed5c34ce638af34f50c7872e472a769525c94872bda460819287bd92803fee4afa1f9a,07/25/2025 06:59:00 AM,2,DRIVER,,2015265,,HYUNDAI,SANTA FE,IL,2020,NONE,PASSENGER,PERSONAL,W,STRAIGHT AHEAD,Y,,1,,PRIVATE TOW,UNK,,Y,,,,,,,,,Y,Y,Y,,FRONT,,,,,,,,,,,,,,,,,,,,,,,,,,,,,,,,,
2114140,8174cc21a4e2627400b179104daa20cd7ff1deae2b2a563eb313339ffc841cf521656e6b793b5d601363e3dbf47cd9b92743314c0bd237c6375427630a640373,07/25/2025 06:50:00 AM,1,DRIVER,,2015426,,AUTOCAR,AUTOCAR,IL,2013,NONE,TRUCK - SINGLE UNIT,CONSTRUCTION/MAINTENANCE,N,STRAIGHT AHEAD,,,1,,,,,,,,,,,,,,,,,Y,SIDE-RIGHT-REAR,,,,,,,,,,,,,,,,,,,,,,,,,,,,,,,,,
2114141,8174cc21a4e2627400b179104daa20cd7ff1deae2b2a563eb313339ffc841cf521656e6b793b5d601363e3dbf47cd9b92743314c0bd237c6375427630a640373,07/25/2025 06:50:00 AM,2,PARKED,,2015430,,BUICK,REGAL,IL,2012,NONE,PASSENGER,NOT IN USE,N,PARKED,,,0,,,,,,,,,,,,,,Y,,,,SIDE-LEFT,,,,,,,,,,,,,,,,,,,,,,,,,,,,,,,,,
2115262,1e23a73aea22e844e234b35b24515f001d4f25078353bca92cbf9dc379adadc49255398fc65c7da8ef1a099ccd44861a648b488d517ae0af88a8c2c8fdf356fb,07/25/2025 06:45:00 AM,1,DRIVER,,2016495,,HONDA,CR-V,IL,2007,UNKNOWN,SPORT UTILITY VEHICLE (SUV),PERSONAL,W,BACKING,,,1,,,,,,,,,,Y,,,,,,,,REAR,,,,,,,,,,,,,,,,,,,,,,,,,,,,,,,,,
2115263,1e23a73aea22e844e234b35b24515f001d4f25078353bca92cbf9dc379adadc49255398fc65c7da8ef1a099ccd44861a648b488d517ae0af88a8c2c8fdf356fb,07/25/2025 06:45:00 AM,2,DRIVERLESS,,2016501,,HYUNDAI,ELANTRA,IL,2016,UNKNOWN,PASSENGER,NOT IN USE,E,PARKED,,,0,,,,,,,,,,,,,,,N,Y,,FRONT,,,,,,,,,,,,,,,,,,,,,,,,,,,,,,,,,
2113926,c53dfe6ec189f6133dd188ff7af532671577ae3f4f96a5bfcb04f4da24eaa8667abc9c234b164b72b74c6f183cb051e427d4a9efc7b8fe76a306111f9f628e19,07/25/2025 06:35:00 AM,1,DRIVER,,2015236,,TOYOTA,C-HR,FL,2019,NONE,PASSENGER,PERSONAL,N,OTHER,,,1,,,,Y,,,,,,,,,,,,,,FRONT,,,,,,,,,,,,,,,,,,,,,,,,,,,,,,,,,
2114070,a6588b008f44294276f34dec6a72e88b821e3bc4d6961560351a5da04070b585900c602b9c9b36f44e3855374328b8954c4a1a35686c42766ad78381b4faca2d,07/25/2025 06:30:00 AM,1,DRIVER,,2015364,,CHEVROLET,EQUINOX,IL,2015,NONE,SPORT UTILITY VEHICLE (SUV),PERSONAL,N,STRAIGHT AHEAD,Y,,1,,,,,,,,,,,,Y,Y,Y,,,,SIDE-LEFT,,,,,,,,,,,,,,,,,,,,,,,,,,,,,,,,,
2114071,a6588b008f44294276f34dec6a72e88b821e3bc4d6961560351a5da04070b585900c602b9c9b36f44e3855374328b8954c4a1a35686c42766ad78381b4faca2d,07/25/2025 06:30:00 AM,2,DRIVER,,2015372,,BLUEBIRD INTERNATIONAL,OTHER (EXPLAIN IN NARRATIVE),OK,2022,NONE,TRACTOR W/ SEMI-TRAILER,CONSTRUCTION/MAINTENANCE,NE,TURNING RIGHT,,,1,,,,,Y,,,,,,,,,,,,,FRONT-RIGHT-CORNER,,,,,,,,,,,,,,,,,,,,,,,,,,,,,,,,,
2113930,153eef1a55ac2e37a4676720cd8f0260845de082bef460d07823475fa7e570ea0adbeca56c7d95866557914fa15090935916e63c5835679791578a686cb54825,07/25/2025 06:10:00 AM,1,DRIVER,,2015238,,FORD,OTHER (EXPLAIN IN NARRATIVE),IL,2017,UNKNOWN,PICKUP,STATE OWNED,N,STRAIGHT AHEAD,,,1,,,,,,,Y,Y,,,,,,,,,,SIDE-RIGHT,,,,,,,,,,,,,,,,,,,,,,,,,,,,,,,,,
2113931,153eef1a55ac2e37a4676720cd8f0260845de082bef460d07823475fa7e570ea0adbeca56c7d95866557914fa15090935916e63c5835679791578a686cb54825,07/25/2025 06:10:00 AM,2,DRIVERLESS,,2015239,,HYUNDAI,PALISADE,IL,2024,UNKNOWN,PASSENGER,PERSONAL,N,PARKED,,,0,,,,,,,,,,,Y,Y,,,,,,REAR-LEFT-CORNER,,,,,,,,,,,,,,,,,,,,,,,,,,,,,,,,,
2113922,88ee023a718097d1e04e1bc9e8fa0cbaf1935e3d392f9ec80b64e612089095755eda780825d08184aabb22b6a01f520f5278a684a486387d16bb9db889902886,07/25/2025 06:08:00 AM,1,DRIVER,1,2015230,,TOYOTA,CAMRY,IL,2017,NONE,PASSENGER,OTHER,N,OTHER,,,2,,,,,,,,,,,,Y,Y,,,,,SIDE-LEFT,,,,,,,,,,,,,,,,,,,,,,,,,,,,,,,,,
2113923,88ee023a718097d1e04e1bc9e8fa0cbaf1935e3d392f9ec80b64e612089095755eda780825d08184aabb22b6a01f520f5278a684a486387d16bb9db889902886,07/25/2025 06:08:00 AM,2,DRIVER,,2015234,,CHEVROLET,EQUINOX,IL,2026,NONE,SPORT UTILITY VEHICLE (SUV),PERSONAL,N,STRAIGHT AHEAD,,,1,,,,,Y,,,,,,,,,,,,,FRONT-RIGHT-CORNER,,,,,,,,,,,,,,,,,,,,,,,,,,,,,,,,,
2113914,613b4fb35e6bf9544e1f3889ac498b71b7fa22ea66e79a4e5f684d87ad0b857a13e0a518c666bcc8f7565c6c6235d517c55b0be9641db06d02b93b69b2b062b9,07/25/2025 05:55:00 AM,1,DRIVER,,2015223,,UNKNOWN,OTHER (EXPLAIN IN NARRATIVE),,,UNKNOWN,UNKNOWN/NA,UNKNOWN/NA,S,STRAIGHT AHEAD,,,1,,,,,Y,Y,,,,,,,,,,Y,,FRONT-RIGHT-CORNER,,,,,,,,,,,,,,,,,,,,,,,,,,,,,,,,,
2113915,613b4fb35e6bf9544e1f3889ac498b71b7fa22ea66e79a4e5f684d87ad0b857a13e0a518c666bcc8f7565c6c6235d517c55b0be9641db06d02b93b69b2b062b9,07/25/2025 05:55:00 AM,2,PEDESTRIAN,,,,,,,,,,,,,,,,,,,,,,,,,,,,,,,,,,,,,,,,,,,,,,,,,,,,,,,,,,,,,,,,,,
2117477,a979f4ebd10b9a08d99808ca76d31111983ea063bf5456de6a9e53988413b70db193c3ccadf29a71eff69b6415413ce5b8dcf0b1b8a6be908b09db18ca43caa4,07/25/2025 05:50:00 AM,1,DRIVER,,2018567,,CHEVROLET,OTHER (EXPLAIN IN NARRATIVE),IL,2005,UNKNOWN,TRUCK - SINGLE UNIT,COMMERCIAL - SINGLE UNIT,S,BACKING,,,1,,,,,Y,,,,,,,,,,,N,,FRONT,,,,,,,,,,,,,,,,,,,,,,,,,,,,,,,,,
2117478,a979f4ebd10b9a08d99808ca76d31111983ea063bf5456de6a9e53988413b70db193c3ccadf29a71eff69b6415413ce5b8dcf0b1b8a6be908b09db18ca43caa4,07/25/2025 05:50:00 AM,2,PARKED,,2018569,,VOLVO,XC90,IL,2018,NONE,SPORT UTILITY VEHICLE (SUV),PERSONAL,N,PARKED,,,0,,,,,,,,,,,Y,,,,,,,REAR-LEFT-CORNER,,,,,,,,,,,,,,,,,,,,,,,,,,,,,,,,,
2120722,a487af91b7fd7d3e37f6e4d9796101ebbd31b2197926a4b3000cc9a006671e77aef18fa44e1672856c8dad41db18be31ac0d16d7523f1340d34bccb3f470a26c,07/25/2025 05:45:00 AM,1,DRIVER,,2021683,,HONDA,CIVIC,,2013,UNKNOWN,PASSENGER,UNKNOWN/NA,W,CHANGING LANES,,,1,,,,,,Y,,,,,,,,,,,,FRONT-RIGHT-CORNER,,,,,,,,,,,,,,,,,,,,,,,,,,,,,,,,,
2120723,a487af91b7fd7d3e37f6e4d9796101ebbd31b2197926a4b3000cc9a006671e77aef18fa44e1672856c8dad41db18be31ac0d16d7523f1340d34bccb3f470a26c,07/25/2025 05:45:00 AM,2,DRIVER,,2021688,,CHEVROLET,SILVERADO,,2015,UNKNOWN,PICKUP,UNKNOWN/NA,W,STRAIGHT AHEAD,,,1,,,,,,,,,,,,,,Y,Y,,,FRONT-LEFT-CORNER,,,,,,,,,,,,,,,,,,,,,,,,,,,,,,,,,
2113916,b6f680f2bec9612ab96df58c813d68ab12972f806e0e6dd1d9d280e35bfcd61a363f328b7e8b54e903229c3b23168622003244bff63f44f61c8d10a6b14c3a53,07/25/2025 05:45:00 AM,1,DRIVER,,2015225,,CHEVROLET,C1500,IL,2013,UNKNOWN,PICKUP,PERSONAL,S,STRAIGHT AHEAD,,,1,,,,,Y,,,,,,,,,,,,N,FRONT-RIGHT-CORNER,,,,,,,,,,,,,,,,,,,,,,,,,,,,,,,,,
2113917,b6f680f2bec9612ab96df58c813d68ab12972f806e0e6dd1d9d280e35bfcd61a363f328b7e8b54e903229c3b23168622003244bff63f44f61c8d10a6b14c3a53,07/25/2025 05:45:00 AM,2,DRIVER,1,2015229,,JEEP,COMPASS,IL,2020,NONE,SPORT UTILITY VEHICLE (SUV),PERSONAL,S,CHANGING LANES,,,2,,,,,,,,,,,,,,Y,,,,SIDE-LEFT,,,,,,,,,,,,,,,,,,,,,,,,,,,,,,,,,
2113909,6d36d0bca3b32c11642ed0c94e76496bc37d32c9966e8552a29e56bc2a78eea9c0c42ec2b5774879e8f8145df4f922ea074a1d50cf010d6404788e4315595ebf,07/25/2025 05:36:00 AM,1,DRIVER,,2015216,,FORD,RANGER,IL,2021,NONE,PICKUP,PERSONAL,N,CHANGING LANES,,,1,,,,,,,,,,,Y,,,,,,,SIDE-LEFT-REAR,,,,,,,,,,,,,,,,,,,,,,,,,,,,,,,,,
2113910,6d36d0bca3b32c11642ed0c94e76496bc37d32c9966e8552a29e56bc2a78eea9c0c42ec2b5774879e8f8145df4f922ea074a1d50cf010d6404788e4315595ebf,07/25/2025 05:36:00 AM,2,DRIVER,,2015219,,JEEP,GRAND CHEROKEE,IL,2014,NONE,SPORT UTILITY VEHICLE (SUV),PERSONAL,N,STRAIGHT AHEAD,,,1,,,,,Y,Y,,,,,,,,,,,,FRONT-RIGHT-CORNER,,,,,,,,,,,,,,,,,,,,,,,,,,,,,,,,,
2113918,a0477d0ac1a0154f89b0fbb65a18db39d5c28aee71bc4495363f6d79666cee09e564bc78cdf6feb8a04343e524b8e4cb79737d8f0b829e7942b1d0938cad7ee1,07/25/2025 05:30:00 AM,1,DRIVER,1,2015224,,TOYOTA,RAV4,IL,2019,UNKNOWN,PASSENGER,PERSONAL,N,SLOW/STOP IN TRAFFIC,,,2,,,,,,,Y,,,,,,,,,,,SIDE-RIGHT,,,,,,,,,,,,,,,,,,,,,,,,,,,,,,,,,
2113919,a0477d0ac1a0154f89b0fbb65a18db39d5c28aee71bc4495363f6d79666cee09e564bc78cdf6feb8a04343e524b8e4cb79737d8f0b829e7942b1d0938cad7ee1,07/25/2025 05:30:00 AM,2,DRIVER,2,2015226,,JEEP,CHEROKEE,IL,2021,NONE,PASSENGER,PERSONAL,N,LEAVING TRAFFIC LANE TO PARK,,,3,,,,,,,,,,,Y,Y,Y,Y,Y,,,SIDE-LEFT,,,,,,,,,,,,,,,,,,,,,,,,,,,,,,,,,
2113907,40243fd51d85c4e8357a8088e054241d106c4c9ce0690124aee94e7ae1cb031611f481e4bc06b99fe72df82a5d3005bbe1dcc413efbbb94ae4c51abe912b698d,07/25/2025 05:14:00 AM,1,DRIVER,,2015214,,KENWORTH MOTOR TRUCK COMPANY,KENWORTH MOTOR TRUCK CO.,IL,2008,UNKNOWN,SINGLE UNIT TRUCK WITH TRAILER,COMMERCIAL - SINGLE UNIT,S,STRAIGHT AHEAD,Y,,1,,SELF TOWED,,,,,Y,Y,,,,,,,,,,OTHER,,,,,,,,,,,,,,,,,,,,,,,,,,,,,,,,,
2113908,40243fd51d85c4e8357a8088e054241d106c4c9ce0690124aee94e7ae1cb031611f481e4bc06b99fe72df82a5d3005bbe1dcc413efbbb94ae4c51abe912b698d,07/25/2025 05:14:00 AM,2,DRIVER,,2015217,,HONDA,CIVIC,TX,2019,UNKNOWN,PASSENGER,PERSONAL,S,STRAIGHT AHEAD,,,1,,,,,,,,,,,,,,Y,Y,,,FRONT-LEFT-CORNER,,,,,,,,,,,,,,,,,,,,,,,,,,,,,,,,,
2113904,00c40631f39f150d77cd0b7a1ad4bfc3d6616455977cc95e937713e6d3fdeb9e94b789f600550804bbcab6778b6a6f085979b6a9046e477d534a0da5205d10fc,07/25/2025 05:08:00 AM,1,DRIVER,,2015212,,HONDA,CIVIC,IL,2016,UNKNOWN,PASSENGER,UNKNOWN/NA,N,STRAIGHT AHEAD,Y,,1,,PRIVATE TOW,,,Y,,,,,,,,,,Y,Y,,FRONT,,,,,,,,,,,,,,,,,,,,,,,,,,,,,,,,,
2113905,00c40631f39f150d77cd0b7a1ad4bfc3d6616455977cc95e937713e6d3fdeb9e94b789f600550804bbcab6778b6a6f085979b6a9046e477d534a0da5205d10fc,07/25/2025 05:08:00 AM,2,DRIVER,1,2015215,,TOYOTA,SEQUOIA,IL,2008,UNKNOWN,PASSENGER,UNKNOWN/NA,N,SLOW/STOP IN TRAFFIC,,,2,,,,,Y,,,,Y,Y,Y,,,,Y,Y,,REAR,,,,,,,,,,,,,,,,,,,,,,,,,,,,,,,,,
2113906,00c40631f39f150d77cd0b7a1ad4bfc3d6616455977cc95e937713e6d3fdeb9e94b789f600550804bbcab6778b6a6f085979b6a9046e477d534a0da5205d10fc,07/25/2025 05:08:00 AM,3,DRIVER,,2015218,,TOYOTA,SIENNA,IL,2009,NONE,PASSENGER,UNKNOWN/NA,N,SLOW/STOP IN TRAFFIC,,,1,,,,,,,,,Y,Y,Y,,,,,,,REAR,,,,,,,,,,,,,,,,,,,,,,,,,,,,,,,,,
2113901,1af86680234eaa1a972c6f254fe67b8ab130d439e3b368caf663dc8a133605a47f4bd43a0c3f6db8755ad947134b169133f21250456529ec72cb131c63f4e671,07/25/2025 05:00:00 AM,1,DRIVER,,2015208,,UNKNOWN,OTHER (EXPLAIN IN NARRATIVE),,,UNKNOWN,UNKNOWN/NA,UNKNOWN/NA,UNKNOWN,UNKNOWN/NA,,,1,,,,,,,,,,,,,,,,,Y,UNKNOWN,,,,,,,,,,,,,,,,,,,,,,,,,,,,,,,,,
2113902,1af86680234eaa1a972c6f254fe67b8ab130d439e3b368caf663dc8a133605a47f4bd43a0c3f6db8755ad947134b169133f21250456529ec72cb131c63f4e671,07/25/2025 05:00:00 AM,2,PARKED,,2015209,,HYUNDAI,TUCSON,IL,2007,UNKNOWN,PASSENGER,PERSONAL,N,PARKED,,,0,,,,,,,,,,,Y,Y,Y,Y,,,,SIDE-LEFT,,,,,,,,,,,,,,,,,,,,,,,,,,,,,,,,,
2113903,aeebbc04705bc6de23da82cff0c556a3af5e215d18bf7c567c8c597b43451c3f573c4414cb3b61a1ce2443ada6db65c6bbf375c42a3a4a02a60ff012eb5623fe,07/25/2025 04:08:00 AM,1,DRIVER,,2015211,,UTILITY TRAILER,UTILITY TRAILER,FL,2020,UNKNOWN,SINGLE UNIT TRUCK WITH TRAILER,COMMERCIAL - SINGLE UNIT,E,STRAIGHT AHEAD,,,1,,,,,,,,,,,,,,,,,,TOP,,,,,,,,,,,,,,,,,,,,,,,,,,,,,,,,,
2113937,f41e8687819275ce64eca50f8a9ae6355af46b3ec63913c66284cdf2fa860a7d83c7405c56339c53c4a766fa8e43fa36772aa35dc5689febe6ea638126f76217,07/25/2025 03:54:00 AM,1,DRIVER,,2015240,,MAZDA,CX-5,NY,2025,NONE,PASSENGER,PERSONAL,S,TURNING RIGHT,Y,,1,,,,,Y,Y,Y,Y,Y,Y,Y,Y,Y,Y,Y,Y,,FRONT-RIGHT-CORNER,,,,,,,,,,,,,,,,,,,,,,,,,,,,,,,,,
2113938,f41e8687819275ce64eca50f8a9ae6355af46b3ec63913c66284cdf2fa860a7d83c7405c56339c53c4a766fa8e43fa36772aa35dc5689febe6ea638126f76217,07/25/2025 03:54:00 AM,2,DRIVER,,2015244,,CHEVROLET,TAHOE,IL,2009,NONE,PASSENGER,PERSONAL,N,SLOW/STOP IN TRAFFIC,,,1,,,,,Y,,,,,,,,,,,,,FRONT-RIGHT-CORNER,,,,,,,,,,,,,,,,,,,,,,,,,,,,,,,,,
2114884,d07bf6a32a1e2b6238b9c910da576fdcb1c882f3857a63831fc81de20a3b506211c6cd47ee06ce23d1c366718f6775cc99b3866b0a2de346cc8ae087d76ce526,07/25/2025 03:00:00 AM,1,DRIVER,,2016123,,UNKNOWN,OTHER (EXPLAIN IN NARRATIVE),IL,,UNKNOWN,UNKNOWN/NA,UNKNOWN/NA,N,STRAIGHT AHEAD,,,1,,,,,Y,Y,,,,,,,,,,,,SIDE-RIGHT-FRONT,,,,,,,,,,,,,,,,,,,,,,,,,,,,,,,,,
2114885,d07bf6a32a1e2b6238b9c910da576fdcb1c882f3857a63831fc81de20a3b506211c6cd47ee06ce23d1c366718f6775cc99b3866b0a2de346cc8ae087d76ce526,07/25/2025 03:00:00 AM,2,PARKED,,2016129,,TOYOTA,SIENNA,IL,2010,NONE,VAN/MINI-VAN,PERSONAL,N,PARKED,,,0,,,,,,,,,,,Y,,,,,,,SIDE-LEFT-REAR,,,,,,,,,,,,,,,,,,,,,,,,,,,,,,,,,
2113893,f8133dc2fc986fc0716d22ec8ef9481d857cf76b0730e681606f5b2b209c56e118296bc529fd51ac95a9e7097104690f35549f7852d467d18df592c257fc874d,07/25/2025 02:48:00 AM,1,DRIVER,,2015202,,UNKNOWN,OTHER (EXPLAIN IN NARRATIVE),,,NONE,SPORT UTILITY VEHICLE (SUV),UNKNOWN/NA,S,STRAIGHT AHEAD,,,1,,,,,N,,,,,,,,,,,,,FRONT-RIGHT-CORNER,,,,,,,,,,,,,,,,,,,,,,,,,,,,,,,,,
2113894,f8133dc2fc986fc0716d22ec8ef9481d857cf76b0730e681606f5b2b209c56e118296bc529fd51ac95a9e7097104690f35549f7852d467d18df592c257fc874d,07/25/2025 02:48:00 AM,2,PEDESTRIAN,,,,,,,,,,,,,,,,,,,,,,,,,,,,,,,,,,,,,,,,,,,,,,,,,,,,,,,,,,,,,,,,,,
2114695,92201716b96cb2f27deaf927440e6ceeee13fc5e517204be0ffc44189764adf809dee4a707f027a8b927ab7b1dd4c368df97dfa158f03cc31ba9fa489ef75537,07/25/2025 02:13:00 AM,1,DRIVER,,2015949,,HONDA,CIVIC,IL,2019,UNKNOWN,PASSENGER,PERSONAL,N,STRAIGHT AHEAD,Y,,1,,CHICAGO POLICE DEPT,103 AND DOTY RD,,Y,,,,,,,,,,Y,Y,,FRONT,,,,,,,,,,,,,,,,,,,,,,,,,,,,,,,,,
2114696,92201716b96cb2f27deaf927440e6ceeee13fc5e517204be0ffc44189764adf809dee4a707f027a8b927ab7b1dd4c368df97dfa158f03cc31ba9fa489ef75537,07/25/2025 02:13:00 AM,2,DRIVER,1,2015953,,TOYOTA,4RUNNER,IL,2010,UNKNOWN,SPORT UTILITY VEHICLE (SUV),PERSONAL,E,STRAIGHT AHEAD,,,2,,,,,Y,,,Y,Y,,,,,,,,,REAR-RIGHT-CORNER,,,,,,,,,,,,,,,,,,,,,,,,,,,,,,,,,
2113889,a192cf739663363f5ffaa5b462b0a4910c9c4ceee4d7a0006cdfef2450b39e18a5bc27cfa8e947efae28e1792d78440c4ef359a14afb31cc95df9f081e6811c6,07/25/2025 02:00:00 AM,1,DRIVER,,2015198,,MERCEDES-BENZ,E420,IL,1997,NONE,PASSENGER,PERSONAL,E,STRAIGHT AHEAD,,,1,,,,,Y,,,,,,,,,,Y,Y,,FRONT-LEFT-CORNER,,,,,,,,,,,,,,,,,,,,,,,,,,,,,,,,,
2113890,a192cf739663363f5ffaa5b462b0a4910c9c4ceee4d7a0006cdfef2450b39e18a5bc27cfa8e947efae28e1792d78440c4ef359a14afb31cc95df9f081e6811c6,07/25/2025 02:00:00 AM,2,DRIVER,,2015199,,UNKNOWN,MOTORIZED,,,UNKNOWN,UNKNOWN/NA,UNKNOWN/NA,E,STRAIGHT AHEAD,,,1,,,,,,,,,,,,,,,,,Y,REAR,,,,,,,,,,,,,,,,,,,,,,,,,,,,,,,,,
2114081,5a0b4bd5309f10f6cd68368920b7170acb6c6a7ed438ee35e574cae7db21618d5d0ede18e74dd45e17afa492bbb9f4af0fa45181ac73dd089ac24364c579c485,07/25/2025 01:30:00 AM,1,DRIVER,,2015380,,DODGE,DAKOTA,IA,2008,UNKNOWN,PICKUP,UNKNOWN/NA,S,MERGING,,,1,,,,,,,,,,,,,Y,Y,Y,,,SIDE-LEFT,,,,,,,,,,,,,,,,,,,,,,,,,,,,,,,,,
2114082,5a0b4bd5309f10f6cd68368920b7170acb6c6a7ed438ee35e574cae7db21618d5d0ede18e74dd45e17afa492bbb9f4af0fa45181ac73dd089ac24364c579c485,07/25/2025 01:30:00 AM,2,DRIVER,,2015384,,FORD,F150,IL,2020,NONE,PICKUP,COMMERCIAL - SINGLE UNIT,S,STRAIGHT AHEAD,,,1,,,,,Y,Y,Y,,,,,,,,,,,SIDE-RIGHT,,,,,,,,,,,,,,,,,,,,,,,,,,,,,,,,,
2113872,729db335953b11fd97fa1080a25457b3766a9a9c84ed0addfe936571819c2d7d8d4d27f913a2fe123dd94de7f2d80b18f3ecc873caf83c02d6b83cc5f6bd5113,07/25/2025 01:30:00 AM,1,DRIVER,,2015181,,MAZDA,MAZDA6,IL,2018,UNKNOWN,PASSENGER,PERSONAL,W,STRAIGHT AHEAD,,,1,,,,N,Y,,,,,,,,,,Y,Y,,FRONT,,,,,,,,,,,,,,,,,,,,,,,,,,,,,,,,,
2113873,729db335953b11fd97fa1080a25457b3766a9a9c84ed0addfe936571819c2d7d8d4d27f913a2fe123dd94de7f2d80b18f3ecc873caf83c02d6b83cc5f6bd5113,07/25/2025 01:30:00 AM,2,DRIVER,,2015186,,TOYOTA,CAMRY,,2019,UNKNOWN,PASSENGER,TAXI/FOR HIRE,W,STRAIGHT AHEAD,,,1,,,,N,,,,,Y,Y,Y,,,,,,,REAR,,,,,,,,,,,,,,,,,,,,,,,,,,,,,,,,,
2114399,aafe89937601aae9b99076406a51b97d55e96d806d63e962008737f8855574a72227636bfec71c061d0348e6a4e90a223221227759c9d2717b4e023ed45b70e5,07/25/2025 01:30:00 AM,1,DRIVER,1,2015673,,TOYOTA,RAV4,IL,2024,UNKNOWN,UNKNOWN/NA,RIDESHARE SERVICE,W,STRAIGHT AHEAD,,,2,,,,,,,,,,,,,,,N,Y,Y,FRONT,,,,,,,,,,,,,,,,,,,,,,,,,,,,,,,,,
2114400,aafe89937601aae9b99076406a51b97d55e96d806d63e962008737f8855574a72227636bfec71c061d0348e6a4e90a223221227759c9d2717b4e023ed45b70e5,07/25/2025 01:30:00 AM,2,DRIVER,,2015691,,TOYOTA,CAMRY,IL,2021,NONE,PASSENGER,PERSONAL,S,STRAIGHT AHEAD,,,1,,,,,,N,N,N,,,,Y,Y,Y,,,Y,SIDE-LEFT-FRONT,,,,,,,,,,,,,,,,,,,,,,,,,,,,,,,,,
2113874,6dcafb83248ae5fc1281573e51952ba249c7abdf28571c3a2b32386c3bacce61357ac7432ec6f705e6789af7b2f78ce4d4d1f36d0dbc5db1e91a00d19b900a14,07/25/2025 01:18:00 AM,1,DRIVER,,2015180,,DODGE,GRAND CARAVAN,IL,2006,UNKNOWN,PASSENGER,PERSONAL,E,STRAIGHT AHEAD,N,,1,,,,,,,,,,,,,,,,,Y,UNKNOWN,,,,,,,,,,,,,,,,,,,,,,,,,,,,,,,,,
2113875,6dcafb83248ae5fc1281573e51952ba249c7abdf28571c3a2b32386c3bacce61357ac7432ec6f705e6789af7b2f78ce4d4d1f36d0dbc5db1e91a00d19b900a14,07/25/2025 01:18:00 AM,2,DRIVER,1,2015182,,CHEVROLET,EQUINOX,IL,2014,NONE,PASSENGER,PERSONAL,N,STRAIGHT AHEAD,Y,,2,,city of chicago,103 and doty,,,,,,,,,,,,,Y,,FRONT,,,,,,,,,,,,,,,,,,,,,,,,,,,,,,,,,