CRASH_UNIT_ID,CRASH_RECORD_ID,CRASH_DATE,UNIT_NO,UNIT_TYPE,NUM_PASSENGERS,VEHICLE_ID,CMRC_VEH_I,MAKE,MODEL,LIC_PLATE_STATE,VEHICLE_YEAR,VEHICLE_DEFECT,VEHICLE_TYPE,VEHICLE_USE,TRAVEL_DIRECTION,MANEUVER,TOWED_I,FIRE_I,OCCUPANT_CNT,EXCEED_SPEED_LIMIT_I,TOWED_BY,TOWED_TO,AREA_00_I,AREA_01_I,AREA_02_I,AREA_03_I,AREA_04_I,AREA_05_I,AREA_06_I,AREA_07_I,AREA_08_I,AREA_09_I,AREA_10_I,AREA_11_I,AREA_12_I,AREA_99_I,FIRST_CONTACT_POINT,CMV_ID,USDOT_NO,CCMC_NO,ILCC_NO,COMMERCIAL_SRC,GVWR,CARRIER_NAME,CARRIER_STATE,CARRIER_CITY,HAZMAT_PLACARDS_I,HAZMAT_NAME,UN_NO,HAZMAT_PRESENT_I,HAZMAT_REPORT_I,HAZMAT_REPORT_NO,MCS_REPORT_I,MCS_REPORT_NO,HAZMAT_VIO_CAUSE_CRASH_I,MCS_VIO_CAUSE_CRASH_I,IDOT_PERMIT_NO,WIDE_LOAD_I,TRAILER1_WIDTH,TRAILER2_WIDTH,TRAILER1_LENGTH,TRAILER2_LENGTH,TOTAL_VEHICLE_LENGTH,AXLE_CNT,VEHICLE_CONFIG,CARGO_BODY_TYPE,LOAD_TYPE,HAZMAT_OUT_OF_SERVICE_I,MCS_OUT_OF_SERVICE_I,HAZMAT_CLASS
2113870,bebe26b8674097f4bcde7989da5a07a7b35e61f1d79eb81a1c7e2467436bbd28b1c423495f94a40acb56ba64dee2988839b22833edfe0ce1cf5911c5e65327c2,07/25/2025 01:14:00 AM,1,DRIVER,,2015179,,FORD,FUSION,IL,2017,UNKNOWN,UNKNOWN/NA,UNKNOWN/NA,E,UNKNOWN/NA,,,1,,,,,,,Y,,,,,,,,,,N,SIDE-RIGHT,,,,,,,,,,,,,,,,,,,,,,,,,,,,,,,,,
2113871,bebe26b8674097f4bcde7989da5a07a7b35e61f1d79eb81a1c7e2467436bbd28b1c423495f94a40acb56ba64dee2988839b22833edfe0ce1cf5911c5e65327c2,07/25/2025 01:14:00 AM,2,DRIVER,,2015185,,SAAB,9-3,IL,2007,UNKNOWN,PASSENGER,PERSONAL,E,STRAIGHT AHEAD,,,1,,,,,,,,,,,,,Y,,,,,SIDE-LEFT-FRONT,,,,,,,,,,,,,,,,,,,,,,,,,,,,,,,,,
2113885,c38def2f3f622efc79635ab3121a0e26b97460ba897b926aef474190523eb4d8f67438f9b8d794ec51dbed48a9d51b85d5a55d2d7d38aa4b237e145e1847f49b,07/25/2025 01:06:00 AM,1,DRIVER,,2015194,,HYUNDAI,ELANTRA,IL,2009,NONE,PASSENGER,PERSONAL,E,STRAIGHT AHEAD,N,,1,,,,,Y,,,,,,,,,,Y,Y,,FRONT,,,,,,,,,,,,,,,,,,,,,,,,,,,,,,,,,
2113886,c38def2f3f622efc79635ab3121a0e26b97460ba897b926aef474190523eb4d8f67438f9b8d794ec51dbed48a9d51b85d5a55d2d7d38aa4b237e145e1847f49b,07/25/2025 01:06:00 AM,2,DRIVER,1,2015195,,MERCURY,MILAN,IL,2008,NONE,PASSENGER,PERSONAL,E,STRAIGHT AHEAD,,,2,,,,,,,,,Y,Y,Y,,,,,,,REAR,,,,,,,,,,,,,,,,,,,,,,,,,,,,,,,,,
2113868,dd23cc33d92467155e5af9692196df7afcb7cc6672f13d5bf5a9626cfd876eca1668c2df3bd179120958189783fffe77ac96a62bd77f070b8511a6ee8e9bf0d2,07/25/2025 12:55:00 AM,1,DRIVER,,2015184,,HONDA,ACCORD,IL,2007,UNKNOWN,PASSENGER,UNKNOWN/NA,S,STRAIGHT AHEAD,,,1,,,,,,,,,,,,,,,,,,UNKNOWN,,,,,,,,,,,,,,,,,,,,,,,,,,,,,,,,,
2113869,dd23cc33d92467155e5af9692196df7afcb7cc6672f13d5bf5a9626cfd876eca1668c2df3bd179120958189783fffe77ac96a62bd77f070b8511a6ee8e9bf0d2,07/25/2025 12:55:00 AM,2,DRIVER,,2015188,,HONDA,CR-V,IL,2016,NONE,PASSENGER,PERSONAL,S,TURNING LEFT,,,1,,,,,,,,,Y,Y,,,,,,,,REAR,,,,,,,,,,,,,,,,,,,,,,,,,,,,,,,,,
2113863,804d12597b79103c3bc5f00b3cd37f586fc69575b98d58f27322ab9361d1aac69c87da369e5e71c15831a31f3b86708d9ab9893bbcfdbcb53b3c92f676ccc598,07/25/2025 12:53:00 AM,1,DRIVER,1,2015175,,FORD,VAN,IL,2022,NONE,VAN/MINI-VAN,POLICE,E,STRAIGHT AHEAD,,,2,,,,,,,,,,Y,,,,,,,,REAR,,,,,,,,,,,,,,,,,,,,,,,,,,,,,,,,,
2113879,b9e2664b2477ac5556c330fcfce27641e930f1c97c91b9688d72bad3f63a3989d3f4601180e90f786a4f315d7bc022e61fd854a3a6574b4d04f4189a04ad6934,07/25/2025 12:51:00 AM,2,DRIVER,,2015189,,CHEVROLET,MALIBU,IL,2010,UNKNOWN,PASSENGER,PERSONAL,S,STRAIGHT AHEAD,Y,,1,,PRIVATE TOW,,,Y,,,,,,,,,,Y,Y,,FRONT,,,,,,,,,,,,,,,,,,,,,,,,,,,,,,,,,
2113880,b9e2664b2477ac5556c330fcfce27641e930f1c97c91b9688d72bad3f63a3989d3f4601180e90f786a4f315d7bc022e61fd854a3a6574b4d04f4189a04ad6934,07/25/2025 12:51:00 AM,1,DRIVER,,2015192,,BUICK,OTHER (EXPLAIN IN NARRATIVE),IL,2006,UNKNOWN,PASSENGER,PERSONAL,W,STRAIGHT AHEAD,Y,,1,,STREETS/SANS,POUND #6,,N,Y,Y,Y,,,,,,,,,,SIDE-RIGHT,,,,,,,,,,,,,,,,,,,,,,,,,,,,,,,,,
2117025,91b49000e812b720b0c87b8216d874f10ca0aac2f1d6a2e331e513fb6439519fbc47097010dfab89f6f7ec648b5e3e235ff6395d14a73e3159622050d149f7df,07/25/2025 12:30:00 AM,1,DRIVER,,2018172,,LEXUS,RX300,IL,2000,NONE,PASSENGER,PERSONAL,UNKNOWN,BACKING,,,1,,,,,,,,Y,Y,,N,N,,,,,,REAR-RIGHT-CORNER,,,,,,,,,,,,,,,,,,,,,,,,,,,,,,,,,
2113864,d7fcc1ca9a6a30beef2297ab1856b6c4badee8d8997da491ea0a7deb7ca620706477794ee3c4ae0675af71f1dcd1a8ceda44057c787d1e120213c644a0a1a6dd,07/25/2025 12:30:00 AM,1,DRIVER,,2015174,,HYUNDAI,SONATA,IL,2013,UNKNOWN,PASSENGER,PERSONAL,W,PASSING/OVERTAKING,,,1,,,,,,,,,,,,,,Y,Y,,,FRONT-LEFT-CORNER,,,,,,,,,,,,,,,,,,,,,,,,,,,,,,,,,
2113865,d7fcc1ca9a6a30beef2297ab1856b6c4badee8d8997da491ea0a7deb7ca620706477794ee3c4ae0675af71f1dcd1a8ceda44057c787d1e120213c644a0a1a6dd,07/25/2025 12:30:00 AM,2,DRIVER,,2015176,,FORD,ECONOLINE 100,IL,2018,UNKNOWN,BUS OVER 15 PASS.,OTHER,W,STRAIGHT AHEAD,,,1,,,,,,,,Y,Y,,,,,,,,,SIDE-RIGHT-REAR,,,,,,,,,,,,,,,,,,,,,,,,,,,,,,,,,
2116990,d4037aa432ae0c2f19f39d234092dc1042376e52b608f66da19bf66ebc368a90ae602895ae071ab58d526fd0e057103788cc01b3a3afa5faa96abf2ba9c0e7ef,07/25/2025 12:00:00 AM,1,DRIVER,,2018135,,UNKNOWN,OTHER (EXPLAIN IN NARRATIVE),IL,,UNKNOWN,UNKNOWN/NA,UNKNOWN/NA,UNKNOWN,UNKNOWN/NA,,,1,,,,,,,,,,,,,,,,,Y,UNKNOWN,,,,,,,,,,,,,,,,,,,,,,,,,,,,,,,,,
2116991,d4037aa432ae0c2f19f39d234092dc1042376e52b608f66da19bf66ebc368a90ae602895ae071ab58d526fd0e057103788cc01b3a3afa5faa96abf2ba9c0e7ef,07/25/2025 12:00:00 AM,2,PARKED,,2018141,,KIA,OTHER (EXPLAIN IN NARRATIVE),IL,2024,UNKNOWN,PASSENGER,PERSONAL,UNKNOWN,PARKED,,,0,,,,,Y,Y,,,,,,,,Y,Y,Y,,UNKNOWN,,,,,,,,,,,,,,,,,,,,,,,,,,,,,,,,,
2114158,3441e9ce08943a313f7c63804c46906b413fe36c60cc77e816df4eccf1be49f93b9dcc0574c5ed8bbbc00c9dc5ebef3ab6047c8ba171f939bc295ef2b49b8bfa,07/24/2025 11:50:00 PM,1,DRIVER,,2015439,,UNKNOWN,MOTORIZED,IL,2000,UNKNOWN,UNKNOWN/NA,UNKNOWN/NA,UNKNOWN,UNKNOWN/NA,,,1,,,,Y,,,,,,,,,,,,,,UNKNOWN,,,,,,,,,,,,,,,,,,,,,,,,,,,,,,,,,
2114159,3441e9ce08943a313f7c63804c46906b413fe36c60cc77e816df4eccf1be49f93b9dcc0574c5ed8bbbc00c9dc5ebef3ab6047c8ba171f939bc295ef2b49b8bfa,07/24/2025 11:50:00 PM,2,PARKED,,2015444,,TOYOTA,PRIUS,IL,2012,UNKNOWN,PASSENGER,PERSONAL,N,PARKED,,,0,,,,,,,,,,,Y,,,,,,,REAR-LEFT-CORNER,,,,,,,,,,,,,,,,,,,,,,,,,,,,,,,,,
2113856,5159f3f095df7878913459a210c21ad870aad8f8d15c457e5a71fb72ebe4faaf9fc0ca5dd00ebb8f6a5236527d01a0da3718c1dfab32b95983ebd439676887f8,07/24/2025 11:50:00 PM,1,DRIVER,,2015168,,TOYOTA,COROLLA,IL,2001,UNKNOWN,PASSENGER,UNKNOWN/NA,W,UNKNOWN/NA,,,1,,,,,,,,,,,,,,,,Y,,FRONT,,,,,,,,,,,,,,,,,,,,,,,,,,,,,,,,,
2113857,5159f3f095df7878913459a210c21ad870aad8f8d15c457e5a71fb72ebe4faaf9fc0ca5dd00ebb8f6a5236527d01a0da3718c1dfab32b95983ebd439676887f8,07/24/2025 11:50:00 PM,2,DRIVER,,2015166,,FERRARI,ROMA,,,UNKNOWN,PASSENGER,PERSONAL,W,SLOW/STOP IN TRAFFIC,,,1,,,,,,,,,,Y,,,,,,Y,,REAR,,,,,,,,,,,,,,,,,,,,,,,,,,,,,,,,,
2113858,5159f3f095df7878913459a210c21ad870aad8f8d15c457e5a71fb72ebe4faaf9fc0ca5dd00ebb8f6a5236527d01a0da3718c1dfab32b95983ebd439676887f8,07/24/2025 11:50:00 PM,3,DRIVER,,2015169,,HONDA,OTHER (EXPLAIN IN NARRATIVE),,,UNKNOWN,PASSENGER,UNKNOWN/NA,W,SLOW/STOP IN TRAFFIC,,,1,,,,,,,,,,Y,,,,,,,,REAR,,,,,,,,,,,,,,,,,,,,,,,,,,,,,,,,,
2114429,64feb226f0939c58f756232e3f524f30650d73bbdf1c68445c5b8575d82e7b5db7dd4fe27c3f35adec5261e53880611cda17a9b1f84a5fec4b1bda66e5567974,07/24/2025 11:50:00 PM,1,DRIVER,1,2015702,,UNKNOWN,ENCLOSED BODY,IL,,UNKNOWN,PASSENGER,UNKNOWN/NA,S,PASSING/OVERTAKING,,,2,,,,,Y,Y,,,,,,,,,,,,FRONT-RIGHT-CORNER,,,,,,,,,,,,,,,,,,,,,,,,,,,,,,,,,
2114430,64feb226f0939c58f756232e3f524f30650d73bbdf1c68445c5b8575d82e7b5db7dd4fe27c3f35adec5261e53880611cda17a9b1f84a5fec4b1bda66e5567974,07/24/2025 11:50:00 PM,2,DRIVER,,2015706,,FORD,FUSION,IL,2015,NONE,PASSENGER,NOT IN USE,SE,TURNING LEFT,,,1,,,,,,,,,,,,,Y,Y,Y,,,SIDE-LEFT,,,,,,,,,,,,,,,,,,,,,,,,,,,,,,,,,
2113891,78bec3e5c0e5d7b23dfa899a83b08c1b1baa41177524415292c90776ea3b13650ac4d82c3d9bfbd402b356fc9c054dcd6da97e634ff3d4f1ef2c61c04794befb,07/24/2025 11:47:00 PM,1,DRIVER,2,2015201,,UNKNOWN,OTHER (EXPLAIN IN NARRATIVE),IL,,UNKNOWN,PASSENGER,UNKNOWN/NA,S,STRAIGHT AHEAD,,,3,,,,,,,,,,,,,,,,,Y,FRONT,,,,,,,,,,,,,,,,,,,,,,,,,,,,,,,,,
2113892,78bec3e5c0e5d7b23dfa899a83b08c1b1baa41177524415292c90776ea3b13650ac4d82c3d9bfbd402b356fc9c054dcd6da97e634ff3d4f1ef2c61c04794befb,07/24/2025 11:47:00 PM,2,DRIVER,,2015200,,BUICK,OTHER (EXPLAIN IN NARRATIVE),IL,2021,NONE,PASSENGER,PERSONAL,S,STRAIGHT AHEAD,,,1,,,,,,,,,Y,Y,N,,,,,,,REAR,,,,,,,,,,,,,,,,,,,,,,,,,,,,,,,,,
2114138,8072121467decc174f0258e6740eb7e4b7f27135e2333a6d890e1328ee03a059c87969f8cf026ce4f6f918e5601b5d6a456462bf1fccd492a48c59d7f95821b5,07/24/2025 11:32:00 PM,1,DRIVER,,2015429,,MITSUBISHI,ECLIPSE,IL,2018,UNKNOWN,PASSENGER,PERSONAL,N,STRAIGHT AHEAD,,,1,,,,,Y,,,,,,,,,,Y,Y,,FRONT,,,,,,,,,,,,,,,,,,,,,,,,,,,,,,,,,
2114139,8072121467decc174f0258e6740eb7e4b7f27135e2333a6d890e1328ee03a059c87969f8cf026ce4f6f918e5601b5d6a456462bf1fccd492a48c59d7f95821b5,07/24/2025 11:32:00 PM,2,DRIVER,,2015436,,TOYOTA,MATRIX,IL,2009,UNKNOWN,PASSENGER,UNKNOWN/NA,N,STRAIGHT AHEAD,,,1,,,,,,,,,Y,Y,Y,,,,,,,REAR,,,,,,,,,,,,,,,,,,,,,,,,,,,,,,,,,
2117176,256ecce9cc270e836081aefba2c4e25e391ad8bb0e4620dc97683ce1908eaff78989853657ba9368e8ea8df1257406b8e0039faf65d10565fc31872d66804aec,07/24/2025 11:30:00 PM,2,DRIVER,,2018311,,TOYOTA,COROLLA,IL,2020,NONE,PASSENGER,PERSONAL,UNKNOWN,STRAIGHT AHEAD,,,1,,,,,Y,,,,Y,Y,Y,,,,Y,Y,,FRONT,,,,,,,,,,,,,,,,,,,,,,,,,,,,,,,,,
2117177,256ecce9cc270e836081aefba2c4e25e391ad8bb0e4620dc97683ce1908eaff78989853657ba9368e8ea8df1257406b8e0039faf65d10565fc31872d66804aec,07/24/2025 11:30:00 PM,3,DRIVER,,2018313,,MERCEDES-BENZ,E300,IL,2007,NONE,PASSENGER,PERSONAL,UNKNOWN,STRAIGHT AHEAD,,,1,,,,,N,,,,Y,Y,Y,,,,N,N,,REAR,,,,,,,,,,,,,,,,,,,,,,,,,,,,,,,,,
2117184,256ecce9cc270e836081aefba2c4e25e391ad8bb0e4620dc97683ce1908eaff78989853657ba9368e8ea8df1257406b8e0039faf65d10565fc31872d66804aec,07/24/2025 11:30:00 PM,1,DRIVER,,2018318,,CHEVROLET,EXPRESS,IL,2005,NONE,PASSENGER,PERSONAL,UNKNOWN,STRAIGHT AHEAD,,,1,,,,,,,,,Y,Y,Y,,,,,,,REAR,,,,,,,,,,,,,,,,,,,,,,,,,,,,,,,,,
2113866,6c3de5657c0b38ce0001fdc942e587d12f43ebeada5662392b06d3f0bf956004434172f5d8d1dc3247697149ea7c5549e2d37dd71edfc6eb03e4c5b29db48e02,07/24/2025 11:25:00 PM,1,DRIVER,3,2015187,,CHRYSLER,200,IL,2015,UNKNOWN,PASSENGER,UNKNOWN/NA,N,PASSING/OVERTAKING,Y,,4,,,,,Y,,Y,,,,,,,,,Y,,FRONT-RIGHT-CORNER,,,,,,,,,,,,,,,,,,,,,,,,,,,,,,,,,
2113867,6c3de5657c0b38ce0001fdc942e587d12f43ebeada5662392b06d3f0bf956004434172f5d8d1dc3247697149ea7c5549e2d37dd71edfc6eb03e4c5b29db48e02,07/24/2025 11:25:00 PM,2,DRIVER,2,2015191,,FORD,ESCAPE,IL,2017,UNKNOWN,PASSENGER,UNKNOWN/NA,N,TURNING LEFT,Y,,3,,,,,,,,,,,,,Y,Y,Y,Y,,FRONT-LEFT-CORNER,,,,,,,,,,,,,,,,,,,,,,,,,,,,,,,,,
2121387,bf52c147eed6465c43541bc81de1af0808dc44f394b669654b8c1a7318ff8bbac91a122ec5b911b112146de47183461fb1cdcedfbbe2a614ceac186d4066a0cf,07/24/2025 11:25:00 PM,1,DRIVER,,2022335,,FORD,EXPLORER,IL,2025,UNKNOWN,PASSENGER,POLICE,S,STRAIGHT AHEAD,,,1,,,,,,Y,Y,,,,,,,,,,,SIDE-RIGHT,,,,,,,,,,,,,,,,,,,,,,,,,,,,,,,,,
2121388,bf52c147eed6465c43541bc81de1af0808dc44f394b669654b8c1a7318ff8bbac91a122ec5b911b112146de47183461fb1cdcedfbbe2a614ceac186d4066a0cf,07/24/2025 11:25:00 PM,2,PARKED,,2022338,,FORD,EXPLORER,IL,2021,UNKNOWN,PASSENGER,POLICE,SW,PARKED,,,0,,,,,,,,,,Y,Y,Y,,,,,,UNKNOWN,,,,,,,,,,,,,,,,,,,,,,,,,,,,,,,,,
2113881,2fe42335ee79421a794189c697c15028aafee0010c962d26ae9d25736c6be81f9ab27a9e85085197b3e6063a99f2aef8285f0c3eb83f5d5c490e654b33659a6a,07/24/2025 11:00:00 PM,1,DRIVER,,2015190,,UNKNOWN,OTHER (EXPLAIN IN NARRATIVE),XX,,UNKNOWN,UNKNOWN/NA,UNKNOWN/NA,E,STRAIGHT AHEAD,,,1,,,,,,,,,,,,,,,,,Y,FRONT,,,,,,,,,,,,,,,,,,,,,,,,,,,,,,,,,
2113882,2fe42335ee79421a794189c697c15028aafee0010c962d26ae9d25736c6be81f9ab27a9e85085197b3e6063a99f2aef8285f0c3eb83f5d5c490e654b33659a6a,07/24/2025 11:00:00 PM,2,DRIVER,,2015193,,MERCEDES-BENZ,OTHER (EXPLAIN IN NARRATIVE),IL,2022,NONE,VAN/MINI-VAN,TAXI/FOR HIRE,E,SLOW/STOP IN TRAFFIC,,,1,,,,,,,,,Y,Y,Y,,,,,,,REAR,,,,,,,,,,,,,,,,,,,,,,,,,,,,,,,,,
2114383,7c858ea6b9ce824fbaf6ad374c8d0ba5f31dd140a23e7fa0c3584293e06584357347e94b383aff1798c34f0674b4fbbd394f9ba40ff54e920d6d13eacbaea3c0,07/24/2025 11:00:00 PM,1,DRIVER,,2015654,,UNKNOWN,MOTORIZED,,,UNKNOWN,UNKNOWN/NA,UNKNOWN/NA,UNKNOWN,UNKNOWN/NA,,,1,,,,,,,,,,,,,,,,,Y,UNKNOWN,,,,,,,,,,,,,,,,,,,,,,,,,,,,,,,,,
2114384,7c858ea6b9ce824fbaf6ad374c8d0ba5f31dd140a23e7fa0c3584293e06584357347e94b383aff1798c34f0674b4fbbd394f9ba40ff54e920d6d13eacbaea3c0,07/24/2025 11:00:00 PM,2,PARKED,,2015660,,ALFA ROMEO,STELVIO,IL,2019,UNKNOWN,SPORT UTILITY VEHICLE (SUV),PERSONAL,E,PARKED,Y,,0,,,,,Y,Y,Y,Y,Y,,,,,,,,,SIDE-RIGHT,,,,,,,,,,,,,,,,,,,,,,,,,,,,,,,,,
2114524,d7f20cccd065d9e11886618b76613e7cf25c2aee6836342ffa5d86b812781cf17c914bafd764d609298ca0f2192517bf93556230bf23012b0f8ffe63ca79bee9,07/24/2025 11:00:00 PM,1,DRIVER,,2015799,,MITSUBISHI,ECLIPSE,IL,2018,NONE,PASSENGER,PERSONAL,N,STRAIGHT AHEAD,,,1,,,,,,,,,,,,,,,,,Y,FRONT,,,,,,,,,,,,,,,,,,,,,,,,,,,,,,,,,
2114525,d7f20cccd065d9e11886618b76613e7cf25c2aee6836342ffa5d86b812781cf17c914bafd764d609298ca0f2192517bf93556230bf23012b0f8ffe63ca79bee9,07/24/2025 11:00:00 PM,2,DRIVER,,2015797,,TOYOTA,MATRIX,IL,2009,NONE,PASSENGER,PERSONAL,N,SLOW/STOP IN TRAFFIC,,,1,,,,,N,,,,N,Y,N,,,,N,N,,REAR,,,,,,,,,,,,,,,,,,,,,,,,,,,,,,,,,
2113854,1e8a56f317c3ba73eb50b05aab0507f84e1290807b0df3469db45fd1538df595bde881861c676330e214f66e56e395f7bc4df6c6e2e8f4404c723af7767a827a,07/24/2025 10:40:00 PM,1,DRIVER,,2015165,,AUDI,A3,IL,2018,NONE,PASSENGER,PERSONAL,N,STRAIGHT AHEAD,Y,,1,,CITY OF CHICAGO,701 N SACRAMENTO,,Y,Y,,,,,,,,,,Y,,FRONT-RIGHT-CORNER,,,,,,,,,,,,,,,,,,,,,,,,,,,,,,,,,
2113855,1e8a56f317c3ba73eb50b05aab0507f84e1290807b0df3469db45fd1538df595bde881861c676330e214f66e56e395f7bc4df6c6e2e8f4404c723af7767a827a,07/24/2025 10:40:00 PM,2,PARKED,,2015167,,PORSCHE,MACAN,IL,2023,NONE,SPORT UTILITY VEHICLE (SUV),PERSONAL,N,PARKED,,,0,,,,,,,,,,Y,Y,Y,,,,,,SIDE-LEFT-REAR,,,,,,,,,,,,,,,,,,,,,,,,,,,,,,,,,
2113838,e9abb7edfaa62e5109006b3d5b759b21b02ff516acbb27b59fa9ae2da9173321a72a5d5ee31c7ee010f01384d950794f233def90f3b4315afabe3e3a91391b57,07/24/2025 10:00:00 PM,1,DRIVER,,2015150,,MITSUBISHI,OUTLANDER,,2017,UNKNOWN,SPORT UTILITY VEHICLE (SUV),PERSONAL,S,STRAIGHT AHEAD,Y,,1,,STREETS AND SAN,DOTY,,Y,Y,,,,,,,,,Y,Y,,FRONT-RIGHT-CORNER,,,,,,,,,,,,,,,,,,,,,,,,,,,,,,,,,
2113839,e9abb7edfaa62e5109006b3d5b759b21b02ff516acbb27b59fa9ae2da9173321a72a5d5ee31c7ee010f01384d950794f233def90f3b4315afabe3e3a91391b57,07/24/2025 10:00:00 PM,2,PARKED,,2015153,,FORD,EXPLORER,IL,2012,NONE,SPORT UTILITY VEHICLE (SUV),PERSONAL,S,PARKED,,,0,,,,,,,,,,,Y,Y,Y,Y,Y,,,REAR-LEFT-CORNER,,,,,,,,,,,,,,,,,,,,,,,,,,,,,,,,,
2113895,edcecd807313a083807fd8c5c3f884866c478fa3c1fa817c80c8476ca7e3a5fed9f0cb0fa43464102363ba359762de351513f2cbf489f0cfa110803c5c98bdf9,07/24/2025 10:00:00 PM,1,DRIVER,,2015203,,BUICK,LACROSSE,IL,2017,UNKNOWN,PASSENGER,PERSONAL,W,STRAIGHT AHEAD,,,1,,,,,Y,,,,,,,,,,,N,,FRONT-RIGHT-CORNER,,,,,,,,,,,,,,,,,,,,,,,,,,,,,,,,,
2113896,edcecd807313a083807fd8c5c3f884866c478fa3c1fa817c80c8476ca7e3a5fed9f0cb0fa43464102363ba359762de351513f2cbf489f0cfa110803c5c98bdf9,07/24/2025 10:00:00 PM,2,PEDESTRIAN,,,,,,,,,,,,,,,,,,,,,,,,,,,,,,,,,,,,,,,,,,,,,,,,,,,,,,,,,,,,,,,,,,
2115367,eca76a09c07290f425545dc6b6d381fb195ea8a709771c318f8de767cf72c70e63e88c29b69eedee41fbe370f5fcba944ee4fabb4e14a9b1128592ed3be9819c,07/24/2025 09:57:00 PM,1,DRIVER,,2016584,,UNKNOWN,OTHER (EXPLAIN IN NARRATIVE),,,UNKNOWN,UNKNOWN/NA,UNKNOWN/NA,UNKNOWN,UNKNOWN/NA,,,1,,,,,,,,,,,,,,,,,Y,UNKNOWN,,,,,,,,,,,,,,,,,,,,,,,,,,,,,,,,,
2115368,eca76a09c07290f425545dc6b6d381fb195ea8a709771c318f8de767cf72c70e63e88c29b69eedee41fbe370f5fcba944ee4fabb4e14a9b1128592ed3be9819c,07/24/2025 09:57:00 PM,2,PARKED,,2016585,,TOYOTA,PRIUS,,2014,NONE,PASSENGER,PERSONAL,UNKNOWN,PARKED,,,0,,,,,,,,,,,,,Y,Y,Y,,,SIDE-LEFT,,,,,,,,,,,,,,,,,,,,,,,,,,,,,,,,,
2113947,382b9c54bdb7889a173751d1f1769c1cfe6ec200e4c4b5f4d88971f7e972beaec2cec139ab4d5723a1bab6bada49e54b2387b16579e1c9a312b47fadde459a85,07/24/2025 09:52:00 PM,1,DRIVER,2,2015250,,JEEP,GRAND CHEROKEE,IL,2021,UNKNOWN,SPORT UTILITY VEHICLE (SUV),UNKNOWN/NA,S,CHANGING LANES,,,3,,,,,Y,Y,Y,Y,Y,,,,,,,,,SIDE-RIGHT,,,,,,,,,,,,,,,,,,,,,,,,,,,,,,,,,
2113948,382b9c54bdb7889a173751d1f1769c1cfe6ec200e4c4b5f4d88971f7e972beaec2cec139ab4d5723a1bab6bada49e54b2387b16579e1c9a312b47fadde459a85,07/24/2025 09:52:00 PM,2,DRIVER,,2015248,,AUDI,A6,IL,2012,UNKNOWN,PASSENGER,PERSONAL,S,STRAIGHT AHEAD,,,1,,,,,,,,,,,Y,Y,Y,Y,Y,,,SIDE-LEFT,,,,,,,,,,,,,,,,,,,,,,,,,,,,,,,,,
2114212,eb28ba427322a92d3756861cfb91c7991ab93ae80a5be18a24a0754dbde0d2b701681e683cd3f04c73643ab18003f72d2ae13006b6db0ccaeba223f81b2ad0d5,07/24/2025 09:52:00 PM,1,DRIVER,,2015508,,AUDI,A6,IL,2012,UNKNOWN,PASSENGER,UNKNOWN/NA,S,PASSING/OVERTAKING,,,1,,,,,,,,,,,,,Y,Y,Y,,,SIDE-LEFT-FRONT,,,,,,,,,,,,,,,,,,,,,,,,,,,,,,,,,
2114213,eb28ba427322a92d3756861cfb91c7991ab93ae80a5be18a24a0754dbde0d2b701681e683cd3f04c73643ab18003f72d2ae13006b6db0ccaeba223f81b2ad0d5,07/24/2025 09:52:00 PM,2,DRIVER,,2015537,,JEEP,GRAND CHEROKEE,IL,2021,NONE,PASSENGER,PERSONAL,S,SLOW/STOP IN TRAFFIC,,,1,,,,,Y,Y,,,,,,,,,,,,SIDE-RIGHT-FRONT,,,,,,,,,,,,,,,,,,,,,,,,,,,,,,,,,
2113844,ca931cdaf2f618d15b0d76fbb4eb51c33e41415b24a07408b40c76ec70087763701dfc2744c2fa139418fc524de23f0aa96a2b0d864fef8e5a320f5bdd421cc4,07/24/2025 09:45:00 PM,1,PEDESTRIAN,,,,,,,,,,,,,,,,,,,,,,,,,,,,,,,,,,,,,,,,,,,,,,,,,,,,,,,,,,,,,,,,,,
2113845,ca931cdaf2f618d15b0d76fbb4eb51c33e41415b24a07408b40c76ec70087763701dfc2744c2fa139418fc524de23f0aa96a2b0d864fef8e5a320f5bdd421cc4,07/24/2025 09:45:00 PM,2,PEDESTRIAN,,,,,,,,,,,,,,,,,,,,,,,,,,,,,,,,,,,,,,,,,,,,,,,,,,,,,,,,,,,,,,,,,,
2113846,ca931cdaf2f618d15b0d76fbb4eb51c33e41415b24a07408b40c76ec70087763701dfc2744c2fa139418fc524de23f0aa96a2b0d864fef8e5a320f5bdd421cc4,07/24/2025 09:45:00 PM,3,DRIVER,,2015152,,HONDA,CIVIC,IL,2024,UNKNOWN,PASSENGER,PERSONAL,S,STRAIGHT AHEAD,,,1,,,,Y,,,,,,,,,,,,,,FRONT,,,,,,,,,,,,,,,,,,,,,,,,,,,,,,,,,
2113836,bd01ffb430a1c11803eff78a4898dacefa21f3ceecdee29d96de756befa890cabfd658bd68da3f00cfd2730470fb2bc39a18a06c0705b34053bb55317bab289c,07/24/2025 09:31:00 PM,1,DRIVER,,2015141,,BMW,X3,,,NONE,SPORT UTILITY VEHICLE (SUV),PERSONAL,UNKNOWN,STRAIGHT AHEAD,,,1,,,,,Y,,,,,,,,,,,Y,,FRONT-RIGHT-CORNER,,,,,,,,,,,,,,,,,,,,,,,,,,,,,,,,,