CRASH_UNIT_ID,CRASH_RECORD_ID,CRASH_DATE,UNIT_NO,UNIT_TYPE,NUM_PASSENGERS,VEHICLE_ID,CMRC_VEH_I,MAKE,MODEL,LIC_PLATE_STATE,VEHICLE_YEAR,VEHICLE_DEFECT,VEHICLE_TYPE,VEHICLE_USE,TRAVEL_DIRECTION,MANEUVER,TOWED_I,FIRE_I,OCCUPANT_CNT,EXCEED_SPEED_LIMIT_I,TOWED_BY,TOWED_TO,AREA_00_I,AREA_01_I,AREA_02_I,AREA_03_I,AREA_04_I,AREA_05_I,AREA_06_I,AREA_07_I,AREA_08_I,AREA_09_I,AREA_10_I,AREA_11_I,AREA_12_I,AREA_99_I,FIRST_CONTACT_POINT,CMV_ID,USDOT_NO,CCMC_NO,ILCC_NO,COMMERCIAL_SRC,GVWR,CARRIER_NAME,CARRIER_STATE,CARRIER_CITY,HAZMAT_PLACARDS_I,HAZMAT_NAME,UN_NO,HAZMAT_PRESENT_I,HAZMAT_REPORT_I,HAZMAT_REPORT_NO,MCS_REPORT_I,MCS_REPORT_NO,HAZMAT_VIO_CAUSE_CRASH_I,MCS_VIO_CAUSE_CRASH_I,IDOT_PERMIT_NO,WIDE_LOAD_I,TRAILER1_WIDTH,TRAILER2_WIDTH,TRAILER1_LENGTH,TRAILER2_LENGTH,TOTAL_VEHICLE_LENGTH,AXLE_CNT,VEHICLE_CONFIG,CARGO_BODY_TYPE,LOAD_TYPE,HAZMAT_OUT_OF_SERVICE_I,MCS_OUT_OF_SERVICE_I,HAZMAT_CLASS
2113837,bd01ffb430a1c11803eff78a4898dacefa21f3ceecdee29d96de756befa890cabfd658bd68da3f00cfd2730470fb2bc39a18a06c0705b34053bb55317bab289c,07/24/2025 09:31:00 PM,2,PARKED,,2015143,,CHEVROLET,EXPRESS,,2021,NONE,PICKUP,PERSONAL,UNKNOWN,PARKED,,,0,,,,,,,,,,Y,,,,,,,,REAR,,,,,,,,,,,,,,,,,,,,,,,,,,,,,,,,,
2113941,397739046f18d05a8d9f23510b74fbe14b2d420944ab832ef1dc5ce7eacd1858ffa8acc0ea02d61fcb21df69ec1ed8ab0a62e021d534bc797da9d4c48bf53b95,07/24/2025 09:20:00 PM,1,DRIVER,,2015245,,FORD,OTHER (EXPLAIN IN NARRATIVE),IL,2011,UNKNOWN,PASSENGER,PERSONAL,W,STRAIGHT AHEAD,,,1,,,,,,,,,,,,,,,,Y,,FRONT,,,,,,,,,,,,,,,,,,,,,,,,,,,,,,,,,
2113942,397739046f18d05a8d9f23510b74fbe14b2d420944ab832ef1dc5ce7eacd1858ffa8acc0ea02d61fcb21df69ec1ed8ab0a62e021d534bc797da9d4c48bf53b95,07/24/2025 09:20:00 PM,2,DRIVER,,2015249,,HONDA,CR-V,IL,2011,NONE,PASSENGER,PERSONAL,W,SLOW/STOP IN TRAFFIC,,,1,,,,,,,,,Y,Y,Y,,,,,,,REAR,,,,,,,,,,,,,,,,,,,,,,,,,,,,,,,,,
2113834,3c350b300a8b72bc11c5262f03b093746ab4067e29f55c165f312aad17fe01d7c78a0bf25d6270ca1cc5aeff7c0f332e569d77ce427ca455a04f02e97b8b7dcc,07/24/2025 09:20:00 PM,1,DRIVER,,2015140,,FORD,MAVERICK TRUCK,IN,2024,NONE,OTHER,TOW TRUCK,S,BACKING,,,1,,,,,,,,,,,,,,,,,Y,REAR,,,,,,,,,,,,,,,,,,,,,,,,,,,,,,,,,
2113835,3c350b300a8b72bc11c5262f03b093746ab4067e29f55c165f312aad17fe01d7c78a0bf25d6270ca1cc5aeff7c0f332e569d77ce427ca455a04f02e97b8b7dcc,07/24/2025 09:20:00 PM,2,DRIVER,1,2015145,,NISSAN,FRONTIER,IL,2017,NONE,PICKUP,PERSONAL,N,SLOW/STOP IN TRAFFIC,,,2,,,,,Y,,,,,,,,,,Y,Y,,FRONT,,,,,,,,,,,,,,,,,,,,,,,,,,,,,,,,,
2113850,f8075fa9b3faba8302281ba26fd0978a7b751e6f0b6a8d09a29d87f5966c7f1b3730e35f41fc2a761497ba6c22426100f07215dbf73b440159789d46c3c942ea,07/24/2025 09:14:00 PM,1,DRIVER,1,2015157,,HYUNDAI,SONATA,IL,2015,UNKNOWN,PASSENGER,PERSONAL,W,STRAIGHT AHEAD,Y,,2,,PRIVATE,PRIVATE,,,,,,,,,,Y,Y,Y,,,FRONT-LEFT-CORNER,,,,,,,,,,,,,,,,,,,,,,,,,,,,,,,,,
2113851,f8075fa9b3faba8302281ba26fd0978a7b751e6f0b6a8d09a29d87f5966c7f1b3730e35f41fc2a761497ba6c22426100f07215dbf73b440159789d46c3c942ea,07/24/2025 09:14:00 PM,2,DRIVER,,2015164,,GENERAL MOTORS CORPORATION (GMC),ENVOY,IL,2005,UNKNOWN,PASSENGER,PERSONAL,N,STRAIGHT AHEAD,,,1,,,,,Y,,,,,,,,,,Y,Y,,FRONT,,,,,,,,,,,,,,,,,,,,,,,,,,,,,,,,,
2113828,6a01d74fbc6ede4a9019398424831edf656018c462d8cf3e4cc67d97e84890a4148f484a9b1fb18aacbf46fb8d1df7c91bed488a17680eaed32ecf424ef18e95,07/24/2025 09:10:00 PM,1,DRIVER,1,2015136,,HYUNDAI,ELANTRA,IL,2013,UNKNOWN,PASSENGER,PERSONAL,N,TURNING LEFT,,,2,,,,,,,Y,Y,Y,,,,,,,,,SIDE-RIGHT-REAR,,,,,,,,,,,,,,,,,,,,,,,,,,,,,,,,,
2113829,6a01d74fbc6ede4a9019398424831edf656018c462d8cf3e4cc67d97e84890a4148f484a9b1fb18aacbf46fb8d1df7c91bed488a17680eaed32ecf424ef18e95,07/24/2025 09:10:00 PM,2,DRIVER,,2015137,,HONDA,ACCORD,IL,2009,UNKNOWN,PASSENGER,PERSONAL,S,STRAIGHT AHEAD,,,1,,,,,Y,,,,,,,,,,Y,Y,,FRONT,,,,,,,,,,,,,,,,,,,,,,,,,,,,,,,,,
2113824,e1cc70219cf7241a90ab3c10f1a845e465be565e92c0ed06883ade609a7ff8657624e466409c8f87d34aeb8e961d887e20a06d0f979493efe94895885882f912,07/24/2025 09:04:00 PM,1,DRIVER,,2015133,,CHEVROLET,MALIBU,VA,2023,UNKNOWN,PASSENGER,OTHER,W,TURNING LEFT,,,1,,,,,Y,Y,Y,Y,,,,,,,,,,SIDE-RIGHT,,,,,,,,,,,,,,,,,,,,,,,,,,,,,,,,,
2113825,e1cc70219cf7241a90ab3c10f1a845e465be565e92c0ed06883ade609a7ff8657624e466409c8f87d34aeb8e961d887e20a06d0f979493efe94895885882f912,07/24/2025 09:04:00 PM,2,DRIVER,,2015135,,FORD,F150 XLT,IL,2019,NONE,PICKUP,TOW TRUCK,E,STRAIGHT AHEAD,,,1,,,,,Y,Y,,,,,,,,,,,,FRONT-RIGHT-CORNER,,,,,,,,,,,,,,,,,,,,,,,,,,,,,,,,,
2113806,220e415d25a11ffddf1b65ccd2dc774244aa7bf787738bd26bb95eeeb60189da31a033983f30818af14286fa4af22abd8b33e5b42028f9746856c456c0b08f4e,07/24/2025 08:45:00 PM,1,DRIVER,1,2015161,,HONDA,OTHER (EXPLAIN IN NARRATIVE),,,UNKNOWN,UNKNOWN/NA,UNKNOWN/NA,S,TURNING RIGHT,,,2,,,,,,,,,,,Y,Y,Y,Y,Y,,,SIDE-LEFT,,,,,,,,,,,,,,,,,,,,,,,,,,,,,,,,,
2113807,220e415d25a11ffddf1b65ccd2dc774244aa7bf787738bd26bb95eeeb60189da31a033983f30818af14286fa4af22abd8b33e5b42028f9746856c456c0b08f4e,07/24/2025 08:45:00 PM,2,DRIVER,,2015163,,TOYOTA,HIGHLANDER,IL,2020,NONE,SPORT UTILITY VEHICLE (SUV),PERSONAL,S,TURNING RIGHT,,,1,,,,Y,,,,,,,,,,,,,,NONE,,,,,,,,,,,,,,,,,,,,,,,,,,,,,,,,,
2113887,29d1b5e162c521cbcdc47623440b5bf54041a3cd0fdeb46240780492004a6accd472b03ca2b77224874101879263a0b4d1dc3d76defa019d811d8e6645262e93,07/24/2025 08:30:00 PM,1,DRIVER,,2015196,,TESLA,MODEL 3,IL,2022,NONE,PASSENGER,PERSONAL,E,STRAIGHT AHEAD,,,1,,,,,N,N,,,,,,,,,Y,Y,,FRONT-LEFT-CORNER,,,,,,,,,,,,,,,,,,,,,,,,,,,,,,,,,
2113888,29d1b5e162c521cbcdc47623440b5bf54041a3cd0fdeb46240780492004a6accd472b03ca2b77224874101879263a0b4d1dc3d76defa019d811d8e6645262e93,07/24/2025 08:30:00 PM,2,DRIVER,,2015197,,FORD,FUSION,FL,2020,NONE,OTHER,OTHER,E,OTHER,,,1,,,,,,Y,Y,,,,,,,,,,,SIDE-RIGHT,,,,,,,,,,,,,,,,,,,,,,,,,,,,,,,,,
2116692,4a3d396046c1eca4a28e7009d80c7b74ec2cad7dcce4e4676a807285add3923b7476101c6f9f0fcc64b62ded6fe068d9e6fc1f364e8bda226ce53150913f6fad,07/24/2025 08:30:00 PM,1,DRIVER,,2017860,,CHEVROLET,C/K 1500,IL,2015,OTHER,PICKUP,PERSONAL,NE,TURNING LEFT,,,1,,,,,,,,,,,,,,,Y,,,FRONT-LEFT-CORNER,,,,,,,,,,,,,,,,,,,,,,,,,,,,,,,,,
2116693,4a3d396046c1eca4a28e7009d80c7b74ec2cad7dcce4e4676a807285add3923b7476101c6f9f0fcc64b62ded6fe068d9e6fc1f364e8bda226ce53150913f6fad,07/24/2025 08:30:00 PM,2,PARKED,,2017861,,ACURA,RLX,IL,2022,NONE,PASSENGER,NOT IN USE,E,PARKED,,,0,,,,,Y,Y,Y,,,,,,,,,,,SIDE-RIGHT,,,,,,,,,,,,,,,,,,,,,,,,,,,,,,,,,
2119474,76b42ecf46811df800729106d9a988c293b04886ffef927a94fb2caf8c01f53908ba05338fdca2e4ea6986b45d27949a77296da87fec2fd5aab518c51cd59804,07/24/2025 08:27:00 PM,1,DRIVER,,2020488,,CHEVROLET,TRAIL BLAZER,IL,2004,UNKNOWN,PASSENGER,PERSONAL,N,STRAIGHT AHEAD,,,1,,,,,,,,,,,,,,,,,,UNKNOWN,,,,,,,,,,,,,,,,,,,,,,,,,,,,,,,,,
2119475,76b42ecf46811df800729106d9a988c293b04886ffef927a94fb2caf8c01f53908ba05338fdca2e4ea6986b45d27949a77296da87fec2fd5aab518c51cd59804,07/24/2025 08:27:00 PM,2,DRIVER,,2020496,,MAZDA,OTHER (EXPLAIN IN NARRATIVE),IL,2024,UNKNOWN,PASSENGER,PERSONAL,S,STRAIGHT AHEAD,,,1,,,,,,,,,,,,,,Y,N,,,SIDE-LEFT,,,,,,,,,,,,,,,,,,,,,,,,,,,,,,,,,
2113861,395a6d73050b4621c56802ca97c5670b03c559ea198b19e8eda8cc837d3f59d5955c45a97c8b4041f0c95531c51cea919ecbbc868ce16d4f16a672d7c8654ccb,07/24/2025 08:20:00 PM,1,DRIVER,,2015170,,HONDA,CR-V,IL,2013,UNKNOWN,PASSENGER,PERSONAL,N,BACKING,,,1,,,,,,,,Y,Y,Y,,,,,,,,SIDE-RIGHT-REAR,,,,,,,,,,,,,,,,,,,,,,,,,,,,,,,,,
2113862,395a6d73050b4621c56802ca97c5670b03c559ea198b19e8eda8cc837d3f59d5955c45a97c8b4041f0c95531c51cea919ecbbc868ce16d4f16a672d7c8654ccb,07/24/2025 08:20:00 PM,2,PARKED,,2015171,,HONDA,ACCORD,IL,2020,NONE,PASSENGER,NOT IN USE,W,PARKED,,,0,,,,,,,,,,Y,Y,Y,,,,,,SIDE-LEFT-REAR,,,,,,,,,,,,,,,,,,,,,,,,,,,,,,,,,
2113808,882613d6d2c9b75f653802288057cd77d26875214267bc52e9f84577b2f80bdd7c2a46dc35f44d838fc267d47b48e483cd9cc2acfe6058c30d3f9e5c003f3250,07/24/2025 08:15:00 PM,1,DRIVER,,2015121,,FORD,FIESTA,AZ,2013,UNKNOWN,PASSENGER,PERSONAL,E,TURNING RIGHT,,,1,,,,,,,,,,,,,,,N,,Y,UNKNOWN,,,,,,,,,,,,,,,,,,,,,,,,,,,,,,,,,
2113809,882613d6d2c9b75f653802288057cd77d26875214267bc52e9f84577b2f80bdd7c2a46dc35f44d838fc267d47b48e483cd9cc2acfe6058c30d3f9e5c003f3250,07/24/2025 08:15:00 PM,2,BICYCLE,,,,,,,,,,,,,,,,,,,,,,,,,,,,,,,,,,,,,,,,,,,,,,,,,,,,,,,,,,,,,,,,,,
2113812,b940823c7c329e953cb66a6f428e3c031572ebb071d6cf0a4e6a3fb1f40db3c5d9a3596d0246e815f97b8e842b911de1e4343efde163df70e8ad62cf6a774133,07/24/2025 08:15:00 PM,1,DRIVER,,2015123,,TOYOTA,CAMRY,IL,2018,NONE,PASSENGER,PERSONAL,E,TURNING RIGHT,,,1,,,,,Y,,,,,,,,,,Y,Y,,FRONT,,,,,,,,,,,,,,,,,,,,,,,,,,,,,,,,,
2113813,b940823c7c329e953cb66a6f428e3c031572ebb071d6cf0a4e6a3fb1f40db3c5d9a3596d0246e815f97b8e842b911de1e4343efde163df70e8ad62cf6a774133,07/24/2025 08:15:00 PM,2,DRIVER,,2015125,,HYUNDAI,TUCSON,IL,2013,NONE,SPORT UTILITY VEHICLE (SUV),PERSONAL,N,STRAIGHT AHEAD,,,1,,,,,,,Y,Y,,,,,,,,,,SIDE-RIGHT-REAR,,,,,,,,,,,,,,,,,,,,,,,,,,,,,,,,,
2113826,89cff8df0a81777c9e205cfd1592708fc814590b373f422ae4a916ea076403cf86b692dea19f363bfd2c60e62ac44501c5feb537cdc10ab95aab3f7bf39a1172,07/24/2025 08:02:00 PM,1,DRIVER,,2015159,,NISSAN,ROGUE,IL,,UNKNOWN,UNKNOWN/NA,UNKNOWN/NA,E,STRAIGHT AHEAD,,,1,,,,,N,,,,,,,,,,N,N,Y,FRONT,,,,,,,,,,,,,,,,,,,,,,,,,,,,,,,,,
2113827,89cff8df0a81777c9e205cfd1592708fc814590b373f422ae4a916ea076403cf86b692dea19f363bfd2c60e62ac44501c5feb537cdc10ab95aab3f7bf39a1172,07/24/2025 08:02:00 PM,2,DRIVER,,2015142,,CHEVROLET,BLAZER,IL,2023,UNKNOWN,PASSENGER,PERSONAL,N,TURNING LEFT,,,1,,,,,,,,,,,,,Y,Y,Y,,,FRONT-LEFT-CORNER,,,,,,,,,,,,,,,,,,,,,,,,,,,,,,,,,
2113803,4d1dabda16a17dc5cdf27cb08f5e04b0f28e67621655b562629edb7bef03eec235a1b19101950b3ac91b6670778ac8ac01c8ca135eca7c9192e8dd6cf6d59931,07/24/2025 07:45:00 PM,1,DRIVER,,2015120,,AUDI,Q7,IL,2017,UNKNOWN,SPORT UTILITY VEHICLE (SUV),UNKNOWN/NA,N,STRAIGHT AHEAD,,,1,,,,,Y,,,,,,,,,,Y,Y,,FRONT,,,,,,,,,,,,,,,,,,,,,,,,,,,,,,,,,
2113804,4d1dabda16a17dc5cdf27cb08f5e04b0f28e67621655b562629edb7bef03eec235a1b19101950b3ac91b6670778ac8ac01c8ca135eca7c9192e8dd6cf6d59931,07/24/2025 07:45:00 PM,2,DRIVER,,2015122,,TESLA,MODEL Y,IL,2024,UNKNOWN,PASSENGER,PERSONAL,N,STRAIGHT AHEAD,,,1,,,,,,,,,Y,Y,Y,,,,,,,REAR,,,,,,,,,,,,,,,,,,,,,,,,,,,,,,,,,
2113788,6dd808a38dd255af3786f1cb9d5a140a8b947a90f945103334c8acf1e25d23856b4ed96ecca850eef21f710074bf93ad8e207cb1359be6b8ac02783b04425ef6,07/24/2025 07:36:00 PM,1,DRIVER,,2015103,,UNKNOWN,OTHER (EXPLAIN IN NARRATIVE),,,UNKNOWN,BUS OVER 15 PASS.,CTA,S,TURNING LEFT,,,1,,,,,,,,,,,,,,,,,Y,SIDE-LEFT,,,,,,,,,,,,,,,,,,,,,,,,,,,,,,,,,
2113789,6dd808a38dd255af3786f1cb9d5a140a8b947a90f945103334c8acf1e25d23856b4ed96ecca850eef21f710074bf93ad8e207cb1359be6b8ac02783b04425ef6,07/24/2025 07:36:00 PM,2,PEDESTRIAN,,,,,,,,,,,,,,,,,,,,,,,,,,,,,,,,,,,,,,,,,,,,,,,,,,,,,,,,,,,,,,,,,,
2113800,801d8dc7d04ee24c61537fef63d614bae9e5b6fd35a7b239df0a892c8ce4b567160f8feff5f8a0a76adb48ba86e10e7ef3c496150430014199011b7fe94b8615,07/24/2025 07:30:00 PM,1,DRIVER,,2015117,,TOYOTA,RAV4,IL,2020,NONE,PASSENGER,PERSONAL,W,PASSING/OVERTAKING,,,1,,,,,,Y,Y,,,,,,,,,,,SIDE-RIGHT-FRONT,,,,,,,,,,,,,,,,,,,,,,,,,,,,,,,,,
2113801,801d8dc7d04ee24c61537fef63d614bae9e5b6fd35a7b239df0a892c8ce4b567160f8feff5f8a0a76adb48ba86e10e7ef3c496150430014199011b7fe94b8615,07/24/2025 07:30:00 PM,2,DRIVER,2,2015119,,FORD,ESCAPE,IL,2018,NONE,PASSENGER,PERSONAL,W,TURNING RIGHT,Y,,3,,PERSONAL/AAA,UNK,,,,,,,,,,Y,Y,Y,,,SIDE-LEFT-FRONT,,,,,,,,,,,,,,,,,,,,,,,,,,,,,,,,,
2113798,43dada82b99f7d682d90823d27d354dd07b4638ddf57270c59f7a2aa438be4caa13892f6e61d1b26be6b0d2d578b8cb989bc941095d4dfd5e5c2f7187312387f,07/24/2025 07:20:00 PM,1,DRIVER,,2015116,,CHEVROLET,CRUZE,,,UNKNOWN,PASSENGER,RIDESHARE SERVICE,S,U-TURN,,,1,,,,,,,,,,,,,,Y,Y,,,SIDE-LEFT-FRONT,,,,,,,,,,,,,,,,,,,,,,,,,,,,,,,,,
2113799,43dada82b99f7d682d90823d27d354dd07b4638ddf57270c59f7a2aa438be4caa13892f6e61d1b26be6b0d2d578b8cb989bc941095d4dfd5e5c2f7187312387f,07/24/2025 07:20:00 PM,2,DRIVER,,2015118,,TOYOTA,PRIUS,IL,,UNKNOWN,PASSENGER,TAXI/FOR HIRE,S,STRAIGHT AHEAD,,,1,,,,,Y,,,,,,,,,,,Y,,FRONT,,,,,,,,,,,,,,,,,,,,,,,,,,,,,,,,,
2113796,b4bdc7fcc08357dd73471f5778f5b12869754b4942ccf7f46a9606a8695a40999fb5449dc8aa1106d1048ce8d6ce2f4439e69fcae6ee52252f14faa2ec0375b5,07/24/2025 07:15:00 PM,1,DRIVER,,2015113,,NISSAN,ALTIMA,,,NONE,PASSENGER,UNKNOWN/NA,S,UNKNOWN/NA,,,1,,,,,,,,,,,,,,,,,Y,UNKNOWN,,,,,,,,,,,,,,,,,,,,,,,,,,,,,,,,,
2113797,b4bdc7fcc08357dd73471f5778f5b12869754b4942ccf7f46a9606a8695a40999fb5449dc8aa1106d1048ce8d6ce2f4439e69fcae6ee52252f14faa2ec0375b5,07/24/2025 07:15:00 PM,2,PARKED,,2015115,,TOYOTA,RAV4,IL,2018,NONE,PASSENGER,PERSONAL,UNKNOWN,PARKED,,,0,,,,,,,,,,,Y,Y,Y,Y,Y,,,SIDE-LEFT,,,,,,,,,,,,,,,,,,,,,,,,,,,,,,,,,
2113847,c0f80f48909ff50ab31854ee06321fe9a67f2e063579ba6c3241dcd7bd48e6489733f03188057dd9c939e52a8bc2da094ac049b2195b8422f3219b83e9ecc8a1,07/24/2025 07:15:00 PM,1,DRIVER,,2015155,,FORD,ESCAPE,IL,2009,UNKNOWN,SPORT UTILITY VEHICLE (SUV),PERSONAL,UNKNOWN,BACKING,,,1,,,,,,,,,,Y,,,,,,,,REAR,,,,,,,,,,,,,,,,,,,,,,,,,,,,,,,,,
2113848,c0f80f48909ff50ab31854ee06321fe9a67f2e063579ba6c3241dcd7bd48e6489733f03188057dd9c939e52a8bc2da094ac049b2195b8422f3219b83e9ecc8a1,07/24/2025 07:15:00 PM,2,PARKED,,2015158,,BMW,528I,IL,2016,UNKNOWN,PASSENGER,NOT IN USE,UNKNOWN,PARKED,,,0,,,,,,,,,,,,,,,Y,,,FRONT-LEFT-CORNER,,,,,,,,,,,,,,,,,,,,,,,,,,,,,,,,,
2113784,9092efbb241f000beed26978abb7a1e1230ce8ef0a2e25f887a6956d4237371c0ae326591efee38180a5a0dc931031d97ee16e555460264db131330d71cb41c6,07/24/2025 07:12:00 PM,1,DRIVER,,2015097,,TOYOTA,OTHER (EXPLAIN IN NARRATIVE),,2012,UNKNOWN,PASSENGER,UNKNOWN/NA,UNKNOWN,UNKNOWN/NA,,,1,,,,,,,,,,,,,,,,,Y,UNKNOWN,,,,,,,,,,,,,,,,,,,,,,,,,,,,,,,,,
2113785,9092efbb241f000beed26978abb7a1e1230ce8ef0a2e25f887a6956d4237371c0ae326591efee38180a5a0dc931031d97ee16e555460264db131330d71cb41c6,07/24/2025 07:12:00 PM,2,PARKED,,2015099,,VOLKSWAGEN,JETTA,IL,2019,UNKNOWN,PASSENGER,PERSONAL,UNKNOWN,PARKED,,,0,,,,,Y,Y,Y,Y,Y,,,,,,,,,SIDE-RIGHT,,,,,,,,,,,,,,,,,,,,,,,,,,,,,,,,,
2113794,8c9e4f8a931f2eef23c631b9f57d9c309ba5e83bd30c1437019a5d3adb5a961169c58f1e84e7f67bef3e6a34ab09d0b4f0a1663750409ff7c7291d85222729c1,07/24/2025 07:06:00 PM,1,DRIVER,,2015109,,UNKNOWN,OTHER (EXPLAIN IN NARRATIVE),IL,,UNKNOWN,UNKNOWN/NA,UNKNOWN/NA,W,PASSING/OVERTAKING,,,1,,,,,,,,,,,,,,,,,,UNKNOWN,,,,,,,,,,,,,,,,,,,,,,,,,,,,,,,,,
2113795,8c9e4f8a931f2eef23c631b9f57d9c309ba5e83bd30c1437019a5d3adb5a961169c58f1e84e7f67bef3e6a34ab09d0b4f0a1663750409ff7c7291d85222729c1,07/24/2025 07:06:00 PM,2,DRIVER,3,2015112,,TOYOTA,COROLLA,IL,2018,UNKNOWN,PASSENGER,OTHER,W,STRAIGHT AHEAD,Y,,4,,CHICAGO NORTHWEST TOWING INC,"2643 HAYMOND, RIVER GROVE IL.",,Y,,,,,,,,,,Y,Y,,FRONT,,,,,,,,,,,,,,,,,,,,,,,,,,,,,,,,,
2113780,71eeff69e7f36fb9c94d504728e38b15ccbf1c09099d42d635d0acded8d2619d3ecfeff298f915b6d874c506949651b00ad54b30c5ec7e478aa417e456a54f33,07/24/2025 07:05:00 PM,1,DRIVER,2,2015102,,TESLA,MODEL Y,,2024,UNKNOWN,PASSENGER,PERSONAL,S,SLOW/STOP IN TRAFFIC,,,3,,,,,,,,Y,,,,,,,,,,SIDE-RIGHT-REAR,,,,,,,,,,,,,,,,,,,,,,,,,,,,,,,,,
2113781,71eeff69e7f36fb9c94d504728e38b15ccbf1c09099d42d635d0acded8d2619d3ecfeff298f915b6d874c506949651b00ad54b30c5ec7e478aa417e456a54f33,07/24/2025 07:05:00 PM,2,BICYCLE,,,,,,,,,,,,,,,,,,,,,,,,,,,,,,,,,,,,,,,,,,,,,,,,,,,,,,,,,,,,,,,,,,
2113830,5f1ead1e8a91fe3aa0790d373543c3feb7a67c0ed5e1ceef2cb55809b9c83c70d85431bec2ea60cdba6f26901a4a259c4b87ed7e6503e73bff9350a0c6227762,07/24/2025 07:03:00 PM,1,DRIVER,,2015144,,UNKNOWN,MOTORIZED,IL,,UNKNOWN,MOPED OR MOTORIZED BICYCLE,PERSONAL,W,UNKNOWN/NA,,,1,,,,Y,,,,,,,,,,,,,,FRONT,,,,,,,,,,,,,,,,,,,,,,,,,,,,,,,,,
2113920,0391e25e183786d92823eade8c19c36b0188ed4f59b33c00cc42f2c9116f3dd202f9e0e253b7df081f50d60899cda594d3d3768fcd88ca3963369f4a7c35b56f,07/24/2025 07:00:00 PM,1,DRIVER,,2015227,,UNKNOWN,OTHER (EXPLAIN IN NARRATIVE),IL,,UNKNOWN,UNKNOWN/NA,UNKNOWN/NA,UNKNOWN,UNKNOWN/NA,,,1,,,,,,,,,,,,,,,,,,UNKNOWN,,,,,,,,,,,,,,,,,,,,,,,,,,,,,,,,,
2113921,0391e25e183786d92823eade8c19c36b0188ed4f59b33c00cc42f2c9116f3dd202f9e0e253b7df081f50d60899cda594d3d3768fcd88ca3963369f4a7c35b56f,07/24/2025 07:00:00 PM,2,PARKED,,2015228,,HYUNDAI,ELANTRA,IL,,UNKNOWN,UNKNOWN/NA,NOT IN USE,N,PARKED,,,0,,,,,Y,,,,,,,,,,,Y,,FRONT-RIGHT-CORNER,,,,,,,,,,,,,,,,,,,,,,,,,,,,,,,,,
2138465,4813957751b2f36ec2dfaa65a1d91c2a3d4874bdefa0a0cb4e8621a33bfe592407b79cfdaf1540157577ce2993594ddf70829d94e391e63a574f4494f3dfcb65,07/24/2025 07:00:00 PM,1,DRIVER,,2038536,,HYUNDAI,SANTA FE,IL,2014,UNKNOWN,SPORT UTILITY VEHICLE (SUV),UNKNOWN/NA,N,MERGING,,,1,,,,,,,,,,,,,,,,,Y,UNKNOWN,,,,,,,,,,,,,,,,,,,,,,,,,,,,,,,,,
2138466,4813957751b2f36ec2dfaa65a1d91c2a3d4874bdefa0a0cb4e8621a33bfe592407b79cfdaf1540157577ce2993594ddf70829d94e391e63a574f4494f3dfcb65,07/24/2025 07:00:00 PM,2,DRIVER,,2038537,,FORD,F150,IL,2017,UNKNOWN,PICKUP,PERSONAL,N,STRAIGHT AHEAD,,,1,,,,,,Y,,,,,,,,,,,,SIDE-RIGHT,,,,,,,,,,,,,,,,,,,,,,,,,,,,,,,,,
2114005,d4478e93d7382d686364404f1fd1d9e981764114e12fd69a097b4f0d4ae800ec45b794cbc72ceea5ba5045cf4ab2b9d193cce62eb925c4481aacccef0ad9caf5,07/24/2025 07:00:00 PM,1,DRIVER,,2015304,,SUBARU,FORESTER,IL,2014,UNKNOWN,PASSENGER,PERSONAL,E,BACKING,,,1,,,,,,,,,,,,,,,,,Y,REAR-LEFT-CORNER,,,,,,,,,,,,,,,,,,,,,,,,,,,,,,,,,
2114006,d4478e93d7382d686364404f1fd1d9e981764114e12fd69a097b4f0d4ae800ec45b794cbc72ceea5ba5045cf4ab2b9d193cce62eb925c4481aacccef0ad9caf5,07/24/2025 07:00:00 PM,2,DRIVER,,2015313,,LINCOLN,OTHER (EXPLAIN IN NARRATIVE),IL,2020,NONE,PASSENGER,PERSONAL,W,SLOW/STOP IN TRAFFIC,,,1,,,,,,,,,,,,,,,,Y,,FRONT,,,,,,,,,,,,,,,,,,,,,,,,,,,,,,,,,
2113822,e5fca610035fa1ae9818c3209fbc6c8bdb62a2583b7c10602e5e7e8109fd4712519e8234ab15a49e7ef6f77d68dee761ec0ee611819e107c74317666ed05a886,07/24/2025 07:00:00 PM,1,DRIVER,,2015128,,UNKNOWN,OTHER (EXPLAIN IN NARRATIVE),IL,,UNKNOWN,PASSENGER,UNKNOWN/NA,E,STRAIGHT AHEAD,,,1,,,,,,,,,,,,,,,,,Y,FRONT,,,,,,,,,,,,,,,,,,,,,,,,,,,,,,,,,
2113823,e5fca610035fa1ae9818c3209fbc6c8bdb62a2583b7c10602e5e7e8109fd4712519e8234ab15a49e7ef6f77d68dee761ec0ee611819e107c74317666ed05a886,07/24/2025 07:00:00 PM,2,DRIVER,1,2015130,,MERCEDES-BENZ,OTHER (EXPLAIN IN NARRATIVE),IL,2013,NONE,PASSENGER,PERSONAL,W,STRAIGHT AHEAD,Y,,2,,,,,Y,Y,Y,,,,,,,,,,,FRONT-RIGHT-CORNER,,,,,,,,,,,,,,,,,,,,,,,,,,,,,,,,,