CRASH_UNIT_ID,CRASH_RECORD_ID,CRASH_DATE,UNIT_NO,UNIT_TYPE,NUM_PASSENGERS,VEHICLE_ID,CMRC_VEH_I,MAKE,MODEL,LIC_PLATE_STATE,VEHICLE_YEAR,VEHICLE_DEFECT,VEHICLE_TYPE,VEHICLE_USE,TRAVEL_DIRECTION,MANEUVER,TOWED_I,FIRE_I,OCCUPANT_CNT,EXCEED_SPEED_LIMIT_I,TOWED_BY,TOWED_TO,AREA_00_I,AREA_01_I,AREA_02_I,AREA_03_I,AREA_04_I,AREA_05_I,AREA_06_I,AREA_07_I,AREA_08_I,AREA_09_I,AREA_10_I,AREA_11_I,AREA_12_I,AREA_99_I,FIRST_CONTACT_POINT,CMV_ID,USDOT_NO,CCMC_NO,ILCC_NO,COMMERCIAL_SRC,GVWR,CARRIER_NAME,CARRIER_STATE,CARRIER_CITY,HAZMAT_PLACARDS_I,HAZMAT_NAME,UN_NO,HAZMAT_PRESENT_I,HAZMAT_REPORT_I,HAZMAT_REPORT_NO,MCS_REPORT_I,MCS_REPORT_NO,HAZMAT_VIO_CAUSE_CRASH_I,MCS_VIO_CAUSE_CRASH_I,IDOT_PERMIT_NO,WIDE_LOAD_I,TRAILER1_WIDTH,TRAILER2_WIDTH,TRAILER1_LENGTH,TRAILER2_LENGTH,TOTAL_VEHICLE_LENGTH,AXLE_CNT,VEHICLE_CONFIG,CARGO_BODY_TYPE,LOAD_TYPE,HAZMAT_OUT_OF_SERVICE_I,MCS_OUT_OF_SERVICE_I,HAZMAT_CLASS
2113757,e984db3098c56a552d6cbbd8bf1e054cb572e0bb42904f558f4f619160679f1c75ff44d275ba2998bf107895ae357fb07bdbc65ff9e83dd9d72cb416f2329670,07/24/2025 07:00:00 PM,1,DRIVER,,2015076,,CHRYSLER,OTHER (EXPLAIN IN NARRATIVE),IL,2006,NONE,PASSENGER,PERSONAL,E,STRAIGHT AHEAD,,,1,,,,,,,,,,,,,,,,,,REAR-LEFT-CORNER,,,,,,,,,,,,,,,,,,,,,,,,,,,,,,,,,
2113758,e984db3098c56a552d6cbbd8bf1e054cb572e0bb42904f558f4f619160679f1c75ff44d275ba2998bf107895ae357fb07bdbc65ff9e83dd9d72cb416f2329670,07/24/2025 07:00:00 PM,2,DRIVER,,2015074,,TOYOTA,COROLLA,IL,2006,NONE,PASSENGER,PERSONAL,N,TURNING RIGHT,,,1,,,,,,,Y,Y,,,,,,,,,,SIDE-RIGHT,,,,,,,,,,,,,,,,,,,,,,,,,,,,,,,,,
2113775,9b327eed10d713e1ce88980041b9641ef439cd1aabcfb170adabd153c15644d3c959f0c4e8bdc26a7e7ecb819aea2f816bb742f0176383b732bdce1a097e7720,07/24/2025 06:59:00 PM,1,DRIVER,1,2015092,,MAZDA,MAZDA6,IL,2011,UNKNOWN,PASSENGER,PERSONAL,N,TURNING LEFT,Y,,2,,OWNER,UNK,,Y,,,,,,,,,,Y,Y,,FRONT,,,,,,,,,,,,,,,,,,,,,,,,,,,,,,,,,
2113776,9b327eed10d713e1ce88980041b9641ef439cd1aabcfb170adabd153c15644d3c959f0c4e8bdc26a7e7ecb819aea2f816bb742f0176383b732bdce1a097e7720,07/24/2025 06:59:00 PM,2,DRIVER,1,2015101,,JEEP,LIBERTY,IL,2011,UNKNOWN,SPORT UTILITY VEHICLE (SUV),PERSONAL,S,STRAIGHT AHEAD,Y,,2,,OWNER,UNK,,Y,,,,,,,,,,Y,Y,,FRONT,,,,,,,,,,,,,,,,,,,,,,,,,,,,,,,,,
2138151,21a1cf1c562fdeab814dd934c7757e0f9bf55a19e84562137b41ce40b48be11003a4a75712921c1d6c0e048cedc879e092e956596358c97ea362ff4ca9f5c198,07/24/2025 06:50:00 PM,1,DRIVER,,2038271,,CHEVROLET,IMPALA,IA,2012,NONE,PASSENGER,PERSONAL,W,STRAIGHT AHEAD,,,1,,,,,,,,,,,,,,,,Y,,FRONT,,,,,,,,,,,,,,,,,,,,,,,,,,,,,,,,,
2138152,21a1cf1c562fdeab814dd934c7757e0f9bf55a19e84562137b41ce40b48be11003a4a75712921c1d6c0e048cedc879e092e956596358c97ea362ff4ca9f5c198,07/24/2025 06:50:00 PM,2,DRIVER,3,2038303,,CHRYSLER,200,IL,2011,NONE,PASSENGER,PERSONAL,W,SLOW/STOP IN TRAFFIC,,,4,,,,,,,,,,Y,,,,,,,,REAR,,,,,,,,,,,,,,,,,,,,,,,,,,,,,,,,,
2113778,c384288fbcd937cb8470dfb3c09758141cbe6a56ee3a7359ba2c1c3f4dc03109e3eae8f72e0f5fe09cf417f4446272a7d6bd20d4783fcfbd4cf64256bc194603,07/24/2025 06:50:00 PM,1,DRIVER,,2015095,,FORD,F350,FL,2024,UNKNOWN,UNKNOWN/NA,UNKNOWN/NA,NW,SLOW/STOP IN TRAFFIC,,,1,,,,,Y,,,,,,,,,,Y,Y,,FRONT-LEFT-CORNER,,,,,,,,,,,,,,,,,,,,,,,,,,,,,,,,,
2113779,c384288fbcd937cb8470dfb3c09758141cbe6a56ee3a7359ba2c1c3f4dc03109e3eae8f72e0f5fe09cf417f4446272a7d6bd20d4783fcfbd4cf64256bc194603,07/24/2025 06:50:00 PM,2,DRIVER,2,2015104,,BMW,X5,IL,2018,NONE,SPORT UTILITY VEHICLE (SUV),PERSONAL,NW,SLOW/STOP IN TRAFFIC,,,3,,,,,,,,,Y,Y,,,,,,,,REAR,,,,,,,,,,,,,,,,,,,,,,,,,,,,,,,,,
2113790,5df4a3e51e7ed7f348c198cd86a9381be83af05a90f51043614162fbd1d68c6ec81f373643d00e0e656d9f5bd46fe4ab39ba2c2179cee59d5ec82b10106437d8,07/24/2025 06:40:00 PM,1,DRIVER,,2015111,,JEEP,CHEROKEE,IL,2020,NONE,PASSENGER,PERSONAL,W,STRAIGHT AHEAD,,,1,,,,,,,,,,,Y,Y,,,,,,REAR-LEFT-CORNER,,,,,,,,,,,,,,,,,,,,,,,,,,,,,,,,,
2113791,5df4a3e51e7ed7f348c198cd86a9381be83af05a90f51043614162fbd1d68c6ec81f373643d00e0e656d9f5bd46fe4ab39ba2c2179cee59d5ec82b10106437d8,07/24/2025 06:40:00 PM,2,DRIVER,1,2015107,,CHRYSLER,CROSSFIRE,IL,2006,NONE,PASSENGER,PERSONAL,N,STRAIGHT AHEAD,,,2,,,,,Y,,,,,,,,,,,,,FRONT-RIGHT-CORNER,,,,,,,,,,,,,,,,,,,,,,,,,,,,,,,,,
2113782,21dc6611dbf17b00893b53d95ee3d2b12b3d8f8ee52e003ac0b981228e79c151327ed207dd3048c8f3d01f9c960655d25a334fb175300134a81127be40ac118f,07/24/2025 06:39:00 PM,1,DRIVER,,2015096,,DODGE,OTHER (EXPLAIN IN NARRATIVE),IL,2011,UNKNOWN,PICKUP,UNKNOWN/NA,N,STRAIGHT AHEAD,,,1,,,,,,,,,,,Y,Y,Y,Y,,,Y,SIDE-LEFT,,,,,,,,,,,,,,,,,,,,,,,,,,,,,,,,,
2113783,21dc6611dbf17b00893b53d95ee3d2b12b3d8f8ee52e003ac0b981228e79c151327ed207dd3048c8f3d01f9c960655d25a334fb175300134a81127be40ac118f,07/24/2025 06:39:00 PM,2,DRIVER,,2015100,,TOYOTA,SIENNA,IL,2011,NONE,VAN/MINI-VAN,PERSONAL,E,STRAIGHT AHEAD,Y,,1,,owner,unk,,Y,,,,,,,,,,Y,Y,Y,FRONT,,,,,,,,,,,,,,,,,,,,,,,,,,,,,,,,,
2114176,019bc1402b609f06aedbdeba0290de1a2d549c23a79e8f2978f633f7e7206546a2dd1a2bb2f4df5156c3d2ec875e34e9b3186e08c6bf0c881a4ee9b51b5ec94f,07/24/2025 06:30:00 PM,1,DRIVER,,2015468,,HONDA,ACCORD,IL,2002,UNKNOWN,PASSENGER,PERSONAL,E,TURNING RIGHT,,,1,,,,,,,,,,,,,,,,,Y,UNKNOWN,,,,,,,,,,,,,,,,,,,,,,,,,,,,,,,,,
2114177,019bc1402b609f06aedbdeba0290de1a2d549c23a79e8f2978f633f7e7206546a2dd1a2bb2f4df5156c3d2ec875e34e9b3186e08c6bf0c881a4ee9b51b5ec94f,07/24/2025 06:30:00 PM,2,PARKED,1,2015472,,NISSAN,ALTIMA,IL,2020,UNKNOWN,PASSENGER,NOT IN USE,E,PARKED,,,1,,,,,,,,,,,Y,Y,,,,,,SIDE-LEFT-REAR,,,,,,,,,,,,,,,,,,,,,,,,,,,,,,,,,
2113731,8c55bc03122f95628eeaad7b4d6a044adfd0d9d9e5e692ca47c0082c1b5951ac05f6118cd236862587f0defcb7e28c49124035c05124e67531fdc8c63d3b253e,07/24/2025 06:30:00 PM,1,DRIVER,,2015036,,KIA,FORTE,IL,2016,NONE,PASSENGER,PERSONAL,W,CHANGING LANES,,,1,,,,,,,,,,,,,,,Y,,,FRONT-LEFT-CORNER,,,,,,,,,,,,,,,,,,,,,,,,,,,,,,,,,
2113732,8c55bc03122f95628eeaad7b4d6a044adfd0d9d9e5e692ca47c0082c1b5951ac05f6118cd236862587f0defcb7e28c49124035c05124e67531fdc8c63d3b253e,07/24/2025 06:30:00 PM,2,DRIVER,2,2015041,,HONDA,ACCORD,IL,2024,NONE,PASSENGER,PERSONAL,W,TURNING LEFT,,,3,,,,,,,,,Y,,,,,,,,,REAR-RIGHT-CORNER,,,,,,,,,,,,,,,,,,,,,,,,,,,,,,,,,
2113792,db1615e06a5e46dd3a1fc6a939eecabacfe52fa10149cd6ef94e996622873ce3e2840efe137fbe3071986fe2ef8ca6825a497bf37f674cf4fc0247b0c27cdb13,07/24/2025 06:30:00 PM,1,DRIVER,,2015108,,KIA,FORTE,IL,2016,UNKNOWN,PASSENGER,UNKNOWN/NA,E,TURNING LEFT,,,1,,,,,,,,,,,,,,,Y,Y,,TOTAL (ALL AREAS),,,,,,,,,,,,,,,,,,,,,,,,,,,,,,,,,
2113793,db1615e06a5e46dd3a1fc6a939eecabacfe52fa10149cd6ef94e996622873ce3e2840efe137fbe3071986fe2ef8ca6825a497bf37f674cf4fc0247b0c27cdb13,07/24/2025 06:30:00 PM,2,DRIVER,,2015114,,HONDA,ACCORD,IL,2004,NONE,PASSENGER,UNKNOWN/NA,E,TURNING LEFT,,,1,,,,,,,Y,Y,Y,,,,,,,,,TOTAL (ALL AREAS),,,,,,,,,,,,,,,,,,,,,,,,,,,,,,,,,
2113818,de717e33654efcef894b812c67a303e50a66fe3593f3454a5d2c615cf3d6d597c4a828e45c8448c54fec78bcb8b743d51bc5cae5b9c0705b63bf8ea250b90147,07/24/2025 06:30:00 PM,1,DRIVER,,2015131,,UNKNOWN,OTHER (EXPLAIN IN NARRATIVE),,,UNKNOWN,UNKNOWN/NA,UNKNOWN/NA,UNKNOWN,UNKNOWN/NA,,,1,,,,,,,,,,,,,,,,,,UNKNOWN,,,,,,,,,,,,,,,,,,,,,,,,,,,,,,,,,
2113821,de717e33654efcef894b812c67a303e50a66fe3593f3454a5d2c615cf3d6d597c4a828e45c8448c54fec78bcb8b743d51bc5cae5b9c0705b63bf8ea250b90147,07/24/2025 06:30:00 PM,2,PARKED,,2015127,,FORD,EXPLORER,IL,2024,NONE,SPORT UTILITY VEHICLE (SUV),POLICE,W,PARKED,,,0,,,,,,Y,Y,Y,Y,,,,,,,,,SIDE-RIGHT,,,,,,,,,,,,,,,,,,,,,,,,,,,,,,,,,
2113717,d606eaec1f0715fa50d445b8a4a92c9abe0de94ba2056dae289c490a1891fe6cd7076e2bfeeab4d5efe6be94e3738934883209378a61d45100c20c1fb3417582,07/24/2025 06:20:00 PM,1,DRIVER,,2015028,,TOYOTA,SEQUOIA,,,UNKNOWN,PASSENGER,PERSONAL,N,STRAIGHT AHEAD,,,1,,,,,,,,,,,,,,,,,,REAR-LEFT-CORNER,,,,,,,,,,,,,,,,,,,,,,,,,,,,,,,,,
2113718,d606eaec1f0715fa50d445b8a4a92c9abe0de94ba2056dae289c490a1891fe6cd7076e2bfeeab4d5efe6be94e3738934883209378a61d45100c20c1fb3417582,07/24/2025 06:20:00 PM,2,DRIVER,3,2015029,,KIA,SPORTAGE,,,NONE,PASSENGER,PERSONAL,N,STRAIGHT AHEAD,,,4,,,,,,,,,,,,,,,,,,SIDE-RIGHT,,,,,,,,,,,,,,,,,,,,,,,,,,,,,,,,,
2113747,116dc110f2ef262d369fe9e4521ebea50a133f4baedb0d3b246a135372415441b6f6bb708a4a5227d3c1f8dc745e54834388304b2b9553fde1f886b7ae90efd9,07/24/2025 06:10:00 PM,1,DRIVER,,2015062,,TOYOTA,MATRIX,IL,2009,UNKNOWN,PASSENGER,PERSONAL,W,STRAIGHT AHEAD,,,1,,,,,,,,,,,,,,,,,,UNKNOWN,,,,,,,,,,,,,,,,,,,,,,,,,,,,,,,,,
2113748,116dc110f2ef262d369fe9e4521ebea50a133f4baedb0d3b246a135372415441b6f6bb708a4a5227d3c1f8dc745e54834388304b2b9553fde1f886b7ae90efd9,07/24/2025 06:10:00 PM,2,DRIVER,,2015065,,FORD,MUSTANG,IL,2022,NONE,PASSENGER,PERSONAL,W,STRAIGHT AHEAD,,,1,,,,,,,,,,Y,Y,,,,,,,SIDE-LEFT-REAR,,,,,,,,,,,,,,,,,,,,,,,,,,,,,,,,,
2113810,cde6709c640954277ab58b02e4318809c6661ca658919829e18c0d5a05292ba2c85e95247b7f7586759109c04ff06f782106831407c7ed8245f28e978f610c6b,07/24/2025 06:05:00 PM,1,DRIVER,,2015151,,JEEP,CHEROKEE,IL,2016,UNKNOWN,SPORT UTILITY VEHICLE (SUV),PERSONAL,N,PASSING/OVERTAKING,,,1,,,,,,,Y,,,,,,,,,,,SIDE-RIGHT-FRONT,,,,,,,,,,,,,,,,,,,,,,,,,,,,,,,,,
2113811,cde6709c640954277ab58b02e4318809c6661ca658919829e18c0d5a05292ba2c85e95247b7f7586759109c04ff06f782106831407c7ed8245f28e978f610c6b,07/24/2025 06:05:00 PM,2,PARKED,1,2015154,,TOYOTA,VENZA,IL,2011,UNKNOWN,PASSENGER,PERSONAL,N,PARKED,,,1,,,,,,,,,,,,,,Y,,,,SIDE-LEFT-FRONT,,,,,,,,,,,,,,,,,,,,,,,,,,,,,,,,,
2117562,53ca34f9cd1db6bb5a19674df84114de86952d23ec7d9cbfd54912c2296acaa78cafc795cb67ccd9cb851b3f46300c381d1301aea6248fca833905a514b931f5,07/24/2025 06:00:00 PM,1,DRIVER,,2018635,,VOLVO,XC60,IL,,UNKNOWN,PASSENGER,UNKNOWN/NA,S,TURNING RIGHT,,,1,,,,,,,,,,,,,,,,Y,,FRONT,,,,,,,,,,,,,,,,,,,,,,,,,,,,,,,,,
2117563,53ca34f9cd1db6bb5a19674df84114de86952d23ec7d9cbfd54912c2296acaa78cafc795cb67ccd9cb851b3f46300c381d1301aea6248fca833905a514b931f5,07/24/2025 06:00:00 PM,2,DRIVER,,2018636,,AUDI,Q5,IN,,UNKNOWN,PASSENGER,PERSONAL,W,STRAIGHT AHEAD,,,1,,,,,,,,,,Y,Y,,,,,,,REAR,,,,,,,,,,,,,,,,,,,,,,,,,,,,,,,,,
2113692,c71fda1554d1b51008f514a3cf7b1505b454449415cb92f34031ec2406c496839f250cd9e33fa1793af6685c7ebf350a6d47da42d3b17d1f28e4abca3dc132f7,07/24/2025 05:55:00 PM,1,DRIVER,1,2015005,,AUDI,OTHER (EXPLAIN IN NARRATIVE),IL,2025,NONE,PASSENGER,PERSONAL,S,STRAIGHT AHEAD,,,2,,,,,Y,,,,Y,,,,,,,,,OTHER,,,,,,,,,,,,,,,,,,,,,,,,,,,,,,,,,
2113727,17e1c333112079102ad982476432370187cd51a48f9f6ad0637181c717e4b0ad4caf0ba2857667138279b6b7e5acaeb545f067b938fa780c853e1751c7d5cf2c,07/24/2025 05:50:00 PM,1,DRIVER,,2015039,,NISSAN,ROGUE,IL,2013,NONE,PASSENGER,PERSONAL,N,STRAIGHT AHEAD,,,1,,,,,Y,,,,,,,,,,Y,Y,,FRONT,,,,,,,,,,,,,,,,,,,,,,,,,,,,,,,,,
2113728,17e1c333112079102ad982476432370187cd51a48f9f6ad0637181c717e4b0ad4caf0ba2857667138279b6b7e5acaeb545f067b938fa780c853e1751c7d5cf2c,07/24/2025 05:50:00 PM,2,DRIVER,2,2015049,,CHEVROLET,MALIBU,MO,2020,NONE,PASSENGER,PERSONAL,N,STRAIGHT AHEAD,,,3,,,,,,,,,Y,Y,Y,,,,,,,REAR,,,,,,,,,,,,,,,,,,,,,,,,,,,,,,,,,
2113761,1876759ab3853c3e8b303f3bb9b0d61fe78368b899542a953f3ce99ed63b827434e6de933eb01a547ef8dc5ed05d897d937fd7a8dd2e076ef7a851a3ec97eaf3,07/24/2025 05:50:00 PM,1,DRIVER,1,2015089,,FORD,F150,IL,2020,UNKNOWN,PASSENGER,PERSONAL,W,PASSING/OVERTAKING,,,2,,,,,,,,,,,,,,,Y,Y,,FRONT-LEFT-CORNER,,,,,,,,,,,,,,,,,,,,,,,,,,,,,,,,,
2113762,1876759ab3853c3e8b303f3bb9b0d61fe78368b899542a953f3ce99ed63b827434e6de933eb01a547ef8dc5ed05d897d937fd7a8dd2e076ef7a851a3ec97eaf3,07/24/2025 05:50:00 PM,2,DRIVER,1,2015098,,AUDI,A5,IL,2014,NONE,PASSENGER,PERSONAL,W,STRAIGHT AHEAD,Y,,2,,JAY'S TOWING,,,Y,Y,,,,,,,,,,Y,,FRONT-RIGHT-CORNER,,,,,,,,,,,,,,,,,,,,,,,,,,,,,,,,,
2114298,748bbadd4faf44176d7cf9546419c225a980e2ce94b08e8227f296b73fe2c4aa1ad8449b07a7db55203d0ff617859aefcebf34a12d44ff9ab795f4298103c99a,07/24/2025 05:50:00 PM,1,DRIVER,,2015577,,TOYOTA,SIENNA,IL,2017,UNKNOWN,VAN/MINI-VAN,PERSONAL,UNKNOWN,CHANGING LANES,,,1,,,,,,,,,,,,,,Y,Y,,,FRONT-LEFT-CORNER,,,,,,,,,,,,,,,,,,,,,,,,,,,,,,,,,
2114299,748bbadd4faf44176d7cf9546419c225a980e2ce94b08e8227f296b73fe2c4aa1ad8449b07a7db55203d0ff617859aefcebf34a12d44ff9ab795f4298103c99a,07/24/2025 05:50:00 PM,2,DRIVER,,2015581,,AUDI,Q5,IL,2020,UNKNOWN,SPORT UTILITY VEHICLE (SUV),PERSONAL,UNKNOWN,STRAIGHT AHEAD,,,1,,,,,,,,Y,Y,,,,,,,,,SIDE-RIGHT-REAR,,,,,,,,,,,,,,,,,,,,,,,,,,,,,,,,,
2113733,9480b377da4fc8a806b540b8431b15826c1d0311f4a1f0dc320a441f63694a372354e5d4d4fb11acba7632c9c5e15e7a9b7c70a0d39297686661c47d0986a602,07/24/2025 05:50:00 PM,1,DRIVER,2,2015045,,NISSAN,ALTIMA,IL,2019,UNKNOWN,PASSENGER,PERSONAL,N,CHANGING LANES,,,3,,,,,,,,,,,,,Y,Y,Y,,,SIDE-LEFT,,,,,,,,,,,,,,,,,,,,,,,,,,,,,,,,,
2113734,9480b377da4fc8a806b540b8431b15826c1d0311f4a1f0dc320a441f63694a372354e5d4d4fb11acba7632c9c5e15e7a9b7c70a0d39297686661c47d0986a602,07/24/2025 05:50:00 PM,2,DRIVER,2,2015054,,TOYOTA,SIENNA,IL,2006,UNKNOWN,VAN/MINI-VAN,PERSONAL,N,STRAIGHT AHEAD,,,3,,,,,Y,Y,Y,Y,,,,,,,,,,SIDE-RIGHT,,,,,,,,,,,,,,,,,,,,,,,,,,,,,,,,,
2113765,5357a0410042cfb48a010825dfe81f97e79f97a39405e98e24c308cebde4e50452cd2d037f7e79e48ad957b233b7142d53feaabc5b3671b64c8bfedd3e1ddcf5,07/24/2025 05:45:00 PM,1,DRIVER,,2015080,,UNKNOWN,OTHER (EXPLAIN IN NARRATIVE),,,UNKNOWN,UNKNOWN/NA,UNKNOWN/NA,UNKNOWN,UNKNOWN/NA,,,1,,,,,,,,,,,,,,,,,Y,UNKNOWN,,,,,,,,,,,,,,,,,,,,,,,,,,,,,,,,,
2113766,5357a0410042cfb48a010825dfe81f97e79f97a39405e98e24c308cebde4e50452cd2d037f7e79e48ad957b233b7142d53feaabc5b3671b64c8bfedd3e1ddcf5,07/24/2025 05:45:00 PM,2,PARKED,,2015082,,HONDA,PILOT,IL,2012,NONE,SPORT UTILITY VEHICLE (SUV),NOT IN USE,UNKNOWN,PARKED,,,0,,,,,,,,,Y,,,,,,,,,REAR-RIGHT-CORNER,,,,,,,,,,,,,,,,,,,,,,,,,,,,,,,,,
2113704,5d4633ec9bbe0f8d9364a63f7d22b5fe2a02a8ea7c7c99ff3067409048aca9a5d352a91657f674f83e1d6a376d312c020982ac10985ceee00438a5d3b062ee15,07/24/2025 05:45:00 PM,1,DRIVER,,2015007,,UNKNOWN,OTHER (EXPLAIN IN NARRATIVE),IL,,UNKNOWN,UNKNOWN/NA,UNKNOWN/NA,W,UNKNOWN/NA,,,1,,,,,,,,,,,,,,,,,Y,UNKNOWN,,,,,,,,,,,,,,,,,,,,,,,,,,,,,,,,,
2113705,5d4633ec9bbe0f8d9364a63f7d22b5fe2a02a8ea7c7c99ff3067409048aca9a5d352a91657f674f83e1d6a376d312c020982ac10985ceee00438a5d3b062ee15,07/24/2025 05:45:00 PM,2,PARKED,,2015014,,CADILLAC,CTS,IL,2018,NONE,PASSENGER,PERSONAL,UNKNOWN,PARKED,Y,,0,,SELF TOW,,,,,,Y,Y,Y,Y,,,,,,,REAR-RIGHT-CORNER,,,,,,,,,,,,,,,,,,,,,,,,,,,,,,,,,
2115315,691a4017acb4cfd933c4f6da657a31eee06e155f44c114d454e3aed9f268ae2818d6c2f4851845cca9c44219cef89764822db682ff74be8a0ca631f0c0d7c6c1,07/24/2025 05:40:00 PM,1,DRIVER,,2016540,,UNKNOWN,OTHER (EXPLAIN IN NARRATIVE),IL,,UNKNOWN,SPORT UTILITY VEHICLE (SUV),UNKNOWN/NA,S,UNKNOWN/NA,,,1,,,,,,,,,,,,,,,,,Y,FRONT,,,,,,,,,,,,,,,,,,,,,,,,,,,,,,,,,
2115316,691a4017acb4cfd933c4f6da657a31eee06e155f44c114d454e3aed9f268ae2818d6c2f4851845cca9c44219cef89764822db682ff74be8a0ca631f0c0d7c6c1,07/24/2025 05:40:00 PM,2,DRIVER,3,2016544,,CHRYSLER,300,IL,2013,UNKNOWN,PASSENGER,RIDESHARE SERVICE,S,STRAIGHT AHEAD,,,4,,,,,,,,,Y,Y,Y,Y,,,,,,REAR,,,,,,,,,,,,,,,,,,,,,,,,,,,,,,,,,
2113753,de6dc2920228f6e526492b998d697a8de2a8936b0396983092fe800ab343d19eaa0e1708799cbbaeb94e48d917df444b54c3f21bc91c466aefd5a35eda374ccb,07/24/2025 05:40:00 PM,1,DRIVER,3,2015072,,JEEP,GRAND CHEROKEE,IL,2023,UNKNOWN,PASSENGER,PERSONAL,S,TURNING LEFT,,,4,,,,,Y,Y,,,,,,,,,,,,FRONT-RIGHT-CORNER,,,,,,,,,,,,,,,,,,,,,,,,,,,,,,,,,
2113754,de6dc2920228f6e526492b998d697a8de2a8936b0396983092fe800ab343d19eaa0e1708799cbbaeb94e48d917df444b54c3f21bc91c466aefd5a35eda374ccb,07/24/2025 05:40:00 PM,2,DRIVER,1,2015079,,CHEVROLET,MALIBU,IL,2013,UNKNOWN,PASSENGER,PERSONAL,W,STRAIGHT AHEAD,Y,,2,,PRIVATE TOWED,,,,,Y,Y,Y,,,,,,,,,REAR-RIGHT-CORNER,,,,,,,,,,,,,,,,,,,,,,,,,,,,,,,,,
2113672,0c2fcc809408726e1b6af2d4bfa6dc30b07e6524867b6af5bf7db8330cb30cc7391e53acc4e49dc50aaeaeac87d34a577b7c2065224c8772220266935d9cad13,07/24/2025 05:34:00 PM,1,DRIVER,,2014995,,HYUNDAI,SONATA,IL,2006,NONE,PASSENGER,PERSONAL,S,STRAIGHT AHEAD,Y,,1,,private,,,Y,,,,,,,,,,Y,Y,,FRONT,,,,,,,,,,,,,,,,,,,,,,,,,,,,,,,,,
2113673,0c2fcc809408726e1b6af2d4bfa6dc30b07e6524867b6af5bf7db8330cb30cc7391e53acc4e49dc50aaeaeac87d34a577b7c2065224c8772220266935d9cad13,07/24/2025 05:34:00 PM,2,DRIVER,,2015002,,CHEVROLET,IMPALA,IL,2008,NONE,PASSENGER,PERSONAL,E,STRAIGHT AHEAD,Y,,1,,private,,,N,,,,,,,,,Y,Y,Y,,FRONT-LEFT-CORNER,,,,,,,,,,,,,,,,,,,,,,,,,,,,,,,,,
2113693,0be5bff1d71194b595a67594cbc9e8ff7615a079f710dea5af83e802c85929d19c73404f3cfe553b1410963038bab9ff00e0d6b2f9698c7e9f9342f8894f85b2,07/24/2025 05:30:00 PM,1,DRIVER,,2015004,,UNKNOWN,OTHER (EXPLAIN IN NARRATIVE),,,UNKNOWN,UNKNOWN/NA,UNKNOWN/NA,E,STRAIGHT AHEAD,,,1,,,,,,,,,,,,,,,,,Y,UNKNOWN,,,,,,,,,,,,,,,,,,,,,,,,,,,,,,,,,
2113694,0be5bff1d71194b595a67594cbc9e8ff7615a079f710dea5af83e802c85929d19c73404f3cfe553b1410963038bab9ff00e0d6b2f9698c7e9f9342f8894f85b2,07/24/2025 05:30:00 PM,2,DRIVER,,2015020,,MAZDA,CX-30,IL,2024,UNKNOWN,PASSENGER,PERSONAL,N,STRAIGHT AHEAD,,,1,,,,,,,,,,,,,,,Y,,,FRONT-LEFT-CORNER,,,,,,,,,,,,,,,,,,,,,,,,,,,,,,,,,
2113759,6f10c54303eea3c6c6c438cc05e9016f6823072215dfc0785ef4bfeb16a98e57a163e92814c050308c98fcf75bd8f81ae243999577258ea2f5fea09a9eb57d57,07/24/2025 05:30:00 PM,2,PARKED,2,2015084,,INTERNATIONAL TRAILER CORPORATION,INTERNATIONAL TRAILER CORP.,IL,1993,UNKNOWN,TRUCK - SINGLE UNIT,CONSTRUCTION/MAINTENANCE,UNKNOWN,PARKED,,,2,,,,,,,,,,,,,,Y,,,,SIDE-LEFT,,,,,,,,,,,,,,,,,,,,,,,,,,,,,,,,,
2113760,6f10c54303eea3c6c6c438cc05e9016f6823072215dfc0785ef4bfeb16a98e57a163e92814c050308c98fcf75bd8f81ae243999577258ea2f5fea09a9eb57d57,07/24/2025 05:30:00 PM,1,DRIVER,1,2015094,,FORD,TRANSIT,IL,2023,UNKNOWN,TRUCK - SINGLE UNIT,CONSTRUCTION/MAINTENANCE,UNKNOWN,STRAIGHT AHEAD,,,2,,,,Y,,,,,,,,,,,,,,NONE,,,,,,,,,,,,,,,,,,,,,,,,,,,,,,,,,
2122123,edaaaf106073c3af52c69591234c67fe467f5e710b93913d2737cc24d11cb5116e8b8cb9a8d35e0d4145f60a9920b2a7a9ffc697fedd645ac1bebf33a487dd8e,07/24/2025 05:30:00 PM,1,DRIVER,,2023077,,UNKNOWN,OTHER (EXPLAIN IN NARRATIVE),IL,,UNKNOWN,TRACTOR W/ SEMI-TRAILER,CONSTRUCTION/MAINTENANCE,W,UNKNOWN/NA,,,1,,,,,,,,,,,,,,,,,Y,REAR-LEFT-CORNER,,,,,,,,,,,,,,,,,,,,,,,,,,,,,,,,,
2122124,edaaaf106073c3af52c69591234c67fe467f5e710b93913d2737cc24d11cb5116e8b8cb9a8d35e0d4145f60a9920b2a7a9ffc697fedd645ac1bebf33a487dd8e,07/24/2025 05:30:00 PM,2,PARKED,,2023043,,KIA,SORENTO,IL,2022,UNKNOWN,PASSENGER,PERSONAL,N,PARKED,,,0,,,,,Y,Y,,,,,,,,,,,Y,FRONT-RIGHT-CORNER,,,,,,,,,,,,,,,,,,,,,,,,,,,,,,,,,