CRASH_UNIT_ID,CRASH_RECORD_ID,CRASH_DATE,UNIT_NO,UNIT_TYPE,NUM_PASSENGERS,VEHICLE_ID,CMRC_VEH_I,MAKE,MODEL,LIC_PLATE_STATE,VEHICLE_YEAR,VEHICLE_DEFECT,VEHICLE_TYPE,VEHICLE_USE,TRAVEL_DIRECTION,MANEUVER,TOWED_I,FIRE_I,OCCUPANT_CNT,EXCEED_SPEED_LIMIT_I,TOWED_BY,TOWED_TO,AREA_00_I,AREA_01_I,AREA_02_I,AREA_03_I,AREA_04_I,AREA_05_I,AREA_06_I,AREA_07_I,AREA_08_I,AREA_09_I,AREA_10_I,AREA_11_I,AREA_12_I,AREA_99_I,FIRST_CONTACT_POINT,CMV_ID,USDOT_NO,CCMC_NO,ILCC_NO,COMMERCIAL_SRC,GVWR,CARRIER_NAME,CARRIER_STATE,CARRIER_CITY,HAZMAT_PLACARDS_I,HAZMAT_NAME,UN_NO,HAZMAT_PRESENT_I,HAZMAT_REPORT_I,HAZMAT_REPORT_NO,MCS_REPORT_I,MCS_REPORT_NO,HAZMAT_VIO_CAUSE_CRASH_I,MCS_VIO_CAUSE_CRASH_I,IDOT_PERMIT_NO,WIDE_LOAD_I,TRAILER1_WIDTH,TRAILER2_WIDTH,TRAILER1_LENGTH,TRAILER2_LENGTH,TOTAL_VEHICLE_LENGTH,AXLE_CNT,VEHICLE_CONFIG,CARGO_BODY_TYPE,LOAD_TYPE,HAZMAT_OUT_OF_SERVICE_I,MCS_OUT_OF_SERVICE_I,HAZMAT_CLASS
2113635,adb53a4a8ecd7973f7ffc43ec5a26f634ef74ecc2e6ce1c5ac331043543eeb4aedea2a8979e86aa2c1f259046ead3a7c68a107bf7fb215ac36313ceedf69f2df,07/24/2025 05:21:00 PM,1,DRIVER,,2014955,,HONDA,OTHER (EXPLAIN IN NARRATIVE),IL,,UNKNOWN,UNKNOWN/NA,PERSONAL,N,STRAIGHT AHEAD,,,1,,,,,,,,,,,,,,,N,,,FRONT,,,,,,,,,,,,,,,,,,,,,,,,,,,,,,,,,
2113636,adb53a4a8ecd7973f7ffc43ec5a26f634ef74ecc2e6ce1c5ac331043543eeb4aedea2a8979e86aa2c1f259046ead3a7c68a107bf7fb215ac36313ceedf69f2df,07/24/2025 05:21:00 PM,2,DRIVER,,2014962,,BUICK,VERANO,,,UNKNOWN,PASSENGER,PERSONAL,N,STRAIGHT AHEAD,,,1,,,,,,,,,Y,Y,Y,,,,,,,REAR,,,,,,,,,,,,,,,,,,,,,,,,,,,,,,,,,
2113723,71392b34fe2c2ff46b00db0bf8b86579287ea632ffb760e9911ef36e20d24a862adbb78fc9d448cd8be5fe16db75f0ff04c26a7c498cd1bfea2da8f4afa764fc,07/24/2025 05:20:00 PM,1,DRIVER,,2015042,,MITSUBISHI,TRUCK,IL,2022,UNKNOWN,PASSENGER,PERSONAL,NW,TURNING LEFT,,,1,,,,,,,,,,,Y,,Y,Y,Y,Y,,FRONT-LEFT-CORNER,,,,,,,,,,,,,,,,,,,,,,,,,,,,,,,,,
2113724,71392b34fe2c2ff46b00db0bf8b86579287ea632ffb760e9911ef36e20d24a862adbb78fc9d448cd8be5fe16db75f0ff04c26a7c498cd1bfea2da8f4afa764fc,07/24/2025 05:20:00 PM,2,DRIVER,2,2015056,,JEEP,WRANGLER,IL,2020,UNKNOWN,PASSENGER,PERSONAL,NE,STRAIGHT AHEAD,,,3,,,,,Y,Y,Y,Y,Y,,,,,,,,,SIDE-RIGHT,,,,,,,,,,,,,,,,,,,,,,,,,,,,,,,,,
2113662,7145efe8dcf7368295b8f0e9bf231db8c4f9b724e4c49f95b0e41873c196ed110949d4ca475cc89a810b0559aaf7401f79e8290dd43487260aa748ad18a704e5,07/24/2025 05:20:00 PM,1,DRIVER,,2014983,,TOYOTA,RAV4,IL,2018,UNKNOWN,PASSENGER,PERSONAL,W,ENTERING TRAFFIC LANE FROM PARKING,,,1,,,,,,,,,,,,,,,Y,,,FRONT-LEFT-CORNER,,,,,,,,,,,,,,,,,,,,,,,,,,,,,,,,,
2113663,7145efe8dcf7368295b8f0e9bf231db8c4f9b724e4c49f95b0e41873c196ed110949d4ca475cc89a810b0559aaf7401f79e8290dd43487260aa748ad18a704e5,07/24/2025 05:20:00 PM,2,DRIVER,,2014993,,JEEP,GRAND CHEROKEE,IL,2023,NONE,PASSENGER,PERSONAL,W,STRAIGHT AHEAD,,,1,,,,,,,Y,Y,,,,,,,,,,SIDE-RIGHT,,,,,,,,,,,,,,,,,,,,,,,,,,,,,,,,,
2113755,9e6b157ef83d4a6f07f6061865844fa7fd3210ad5e8ba24356399b6275881fd0a82835825aa53f73d398f5a2aeffdcdeba2cc43c02df45c3c82ccc34b9856887,07/24/2025 05:17:00 PM,1,DRIVER,,2015068,,CHEVROLET,TRAIL BLAZER,IL,2019,NONE,PASSENGER,PERSONAL,N,STRAIGHT AHEAD,,,1,,,,,,,,,,,,,,,,,Y,FRONT,,,,,,,,,,,,,,,,,,,,,,,,,,,,,,,,,
2113756,9e6b157ef83d4a6f07f6061865844fa7fd3210ad5e8ba24356399b6275881fd0a82835825aa53f73d398f5a2aeffdcdeba2cc43c02df45c3c82ccc34b9856887,07/24/2025 05:17:00 PM,2,DRIVER,,2015073,,CHEVROLET,TRAVERSE,IL,2015,NONE,PASSENGER,PERSONAL,E,TURNING RIGHT,Y,,1,,personal tow,personal tow,,Y,Y,,,,,,,,Y,Y,Y,,FRONT,,,,,,,,,,,,,,,,,,,,,,,,,,,,,,,,,
2113649,4363fc3b1d23814917de27eca6060ff35f285ce5a0b5e0e1abc7989e1729197ada4374a75161b74e47daf8541d39da3e73fcb6621cc24bd7829650ec7e7ba34c,07/24/2025 05:15:00 PM,1,DRIVER,,2014971,,NISSAN,ALTIMA,IL,,UNKNOWN,PASSENGER,PERSONAL,S,CHANGING LANES,,,1,,,,,,,,,,,,,,,,,,FRONT-RIGHT-CORNER,,,,,,,,,,,,,,,,,,,,,,,,,,,,,,,,,
2113650,4363fc3b1d23814917de27eca6060ff35f285ce5a0b5e0e1abc7989e1729197ada4374a75161b74e47daf8541d39da3e73fcb6621cc24bd7829650ec7e7ba34c,07/24/2025 05:15:00 PM,2,DRIVER,,2014974,,JEEP,COMPASS,IL,2024,NONE,SPORT UTILITY VEHICLE (SUV),PERSONAL,S,STRAIGHT AHEAD,,,1,,,,,,,,,,,Y,Y,Y,,,,,SIDE-LEFT,,,,,,,,,,,,,,,,,,,,,,,,,,,,,,,,,
2113682,5a44e185ed05c69271296a207026deefbaa82a928e56cace05c8436020cfa58f18bce9c0d62451927e2a40ab31d803735b919cd29cfabc6f8143731a457d7d82,07/24/2025 05:10:00 PM,1,DRIVER,,2015000,,NOVA BUS,OTHER (EXPLAIN IN NARRATIVE),IL,2024,UNKNOWN,BUS OVER 15 PASS.,CTA,N,MERGING,,,1,,,,Y,,,,,,,,,,,,,,REAR-RIGHT-CORNER,,,,,,,,,,,,,,,,,,,,,,,,,,,,,,,,,
2113683,5a44e185ed05c69271296a207026deefbaa82a928e56cace05c8436020cfa58f18bce9c0d62451927e2a40ab31d803735b919cd29cfabc6f8143731a457d7d82,07/24/2025 05:10:00 PM,2,DRIVER,2,2015009,,TOYOTA,HIGHLANDER,IL,2006,UNKNOWN,PASSENGER,PERSONAL,N,TURNING RIGHT,,,3,,,,,Y,,,,,,,,,,Y,Y,,TOTAL (ALL AREAS),,,,,,,,,,,,,,,,,,,,,,,,,,,,,,,,,
2113729,acae8cbe2d1e6dae27752879d5ebabe4eaaca31207fe7592436c1d1027adf341b37f2f9b0f6e262ecd3f3dd60f85c2aa5a94c97700063dbcebac2e3bea13f5d6,07/24/2025 05:10:00 PM,1,DRIVER,,2015035,,SUBARU,FORESTER,IL,2021,UNKNOWN,PASSENGER,UNKNOWN/NA,UNKNOWN,STRAIGHT AHEAD,,,1,,,,,,,,,,,,,,,,,,FRONT,,,,,,,,,,,,,,,,,,,,,,,,,,,,,,,,,
2113730,acae8cbe2d1e6dae27752879d5ebabe4eaaca31207fe7592436c1d1027adf341b37f2f9b0f6e262ecd3f3dd60f85c2aa5a94c97700063dbcebac2e3bea13f5d6,07/24/2025 05:10:00 PM,2,DRIVER,2,2015046,,CHEVROLET,TRAVERSE,IL,2011,NONE,PASSENGER,PERSONAL,N,STRAIGHT AHEAD,,,3,,,,,,,,,,,,,Y,Y,Y,,,TOTAL (ALL AREAS),,,,,,,,,,,,,,,,,,,,,,,,,,,,,,,,,
2113701,2de67574ef86d732e7e1c82ebcfc37a1d377e0e09c922851a4e211e50d01f8529ffc06b4ded23155377374df77b696b70553997dad015bc0b0215443f5b54d32,07/24/2025 05:00:00 PM,1,DRIVER,,2015006,,UNKNOWN,OTHER (EXPLAIN IN NARRATIVE),,,UNKNOWN,PASSENGER,PERSONAL,W,STRAIGHT AHEAD,,,1,,,,,,,,,,,,,,,,,,FRONT,,,,,,,,,,,,,,,,,,,,,,,,,,,,,,,,,
2113702,2de67574ef86d732e7e1c82ebcfc37a1d377e0e09c922851a4e211e50d01f8529ffc06b4ded23155377374df77b696b70553997dad015bc0b0215443f5b54d32,07/24/2025 05:00:00 PM,2,DRIVER,,2015010,,HONDA,CIVIC,IN,,UNKNOWN,PASSENGER,PERSONAL,W,STRAIGHT AHEAD,,,1,,,,,,,,,,,,,,,,,,REAR-RIGHT-CORNER,,,,,,,,,,,,,,,,,,,,,,,,,,,,,,,,,
2113658,cccd5ce53eaae9f2831f92f9e6122c3b02f5dd940b9cf6c72cedd536f3bce03f3335317d92017b3dc036081220e52c6e37bb84e5f83f4ff21b2ce8ba99aa0e68,07/24/2025 05:00:00 PM,1,DRIVER,,2014988,,NISSAN,PATHFINDER,IL,2013,NONE,PASSENGER,PERSONAL,S,STRAIGHT AHEAD,,,1,,,,,,,,,,,,,,,,Y,,FRONT,,,,,,,,,,,,,,,,,,,,,,,,,,,,,,,,,
2113659,cccd5ce53eaae9f2831f92f9e6122c3b02f5dd940b9cf6c72cedd536f3bce03f3335317d92017b3dc036081220e52c6e37bb84e5f83f4ff21b2ce8ba99aa0e68,07/24/2025 05:00:00 PM,2,DRIVER,,2015016,,SUBARU,FORESTER,IL,2014,NONE,PASSENGER,PERSONAL,S,STRAIGHT AHEAD,,,1,,,,,,,,,,Y,,,,,,Y,,REAR,,,,,,,,,,,,,,,,,,,,,,,,,,,,,,,,,
2113660,cccd5ce53eaae9f2831f92f9e6122c3b02f5dd940b9cf6c72cedd536f3bce03f3335317d92017b3dc036081220e52c6e37bb84e5f83f4ff21b2ce8ba99aa0e68,07/24/2025 05:00:00 PM,3,DRIVER,,2015033,,FORD,ESCAPE,IL,2013,NONE,PASSENGER,PERSONAL,S,STRAIGHT AHEAD,,,1,,,,,,,,,,Y,,,,,,,,REAR,,,,,,,,,,,,,,,,,,,,,,,,,,,,,,,,,
2113725,de3506c1ce1d20a15c71a04c4452b3348cd541383e5f7d41a93c7fab692cbc3178d5a65f1132fc679cbbebba2789cf3b0912ca0886f0e611e1d4078c9200637c,07/24/2025 05:00:00 PM,2,DRIVER,2,2015038,,JEEP,WRANGLER,IL,2020,UNKNOWN,PASSENGER,RIDESHARE SERVICE,S,STRAIGHT AHEAD,,,3,,,,,,Y,Y,,,,,,,,,,,SIDE-RIGHT,,,,,,,,,,,,,,,,,,,,,,,,,,,,,,,,,
2113726,de3506c1ce1d20a15c71a04c4452b3348cd541383e5f7d41a93c7fab692cbc3178d5a65f1132fc679cbbebba2789cf3b0912ca0886f0e611e1d4078c9200637c,07/24/2025 05:00:00 PM,1,DRIVER,1,2015053,,MITSUBISHI,OUTLANDER,IL,2022,NONE,PASSENGER,PERSONAL,S,ENTERING TRAFFIC LANE FROM PARKING,,,2,,,,,,,,,,,,,,,Y,,,FRONT-LEFT-CORNER,,,,,,,,,,,,,,,,,,,,,,,,,,,,,,,,,
2113697,e6b36e85cbcbce8d1cf84eaa3d5f831472e96db25bd9ad4c210996e1630a24f12c46799b55be4794b38e87a1208f852be82564a432ae1e793c158057af947118,07/24/2025 05:00:00 PM,1,DRIVER,,2015008,,BMW,OTHER (EXPLAIN IN NARRATIVE),IL,2024,UNKNOWN,SPORT UTILITY VEHICLE (SUV),UNKNOWN/NA,N,UNKNOWN/NA,,,1,,,,,,,,,,,,,,,,,Y,UNKNOWN,,,,,,,,,,,,,,,,,,,,,,,,,,,,,,,,,
2113698,e6b36e85cbcbce8d1cf84eaa3d5f831472e96db25bd9ad4c210996e1630a24f12c46799b55be4794b38e87a1208f852be82564a432ae1e793c158057af947118,07/24/2025 05:00:00 PM,2,DRIVER,,2015037,,TOYOTA,4RUNNER,IL,2024,NONE,SPORT UTILITY VEHICLE (SUV),PERSONAL,N,STRAIGHT AHEAD,,,1,,,,,,,,,,,,,,,Y,,,FRONT-LEFT-CORNER,,,,,,,,,,,,,,,,,,,,,,,,,,,,,,,,,
2113669,56bddc10b255d2ab2586653e0a46eb63028c7dc784e90627417cf83d74a608753a8b01e6a6ba1343b27f58933392d1fcb9d73cd517ed819248d3a3d999024660,07/24/2025 04:55:00 PM,1,DRIVER,,2015013,,MINI,COOPER,IL,2018,NONE,PASSENGER,PERSONAL,N,CHANGING LANES,,,1,,,,,Y,Y,,,,,,,,,Y,,,FRONT-LEFT-CORNER,,,,,,,,,,,,,,,,,,,,,,,,,,,,,,,,,
2113670,56bddc10b255d2ab2586653e0a46eb63028c7dc784e90627417cf83d74a608753a8b01e6a6ba1343b27f58933392d1fcb9d73cd517ed819248d3a3d999024660,07/24/2025 04:55:00 PM,2,PARKED,,2015032,,FORD,TRANSIT,IL,2022,NONE,VAN/MINI-VAN,NOT IN USE,N,PARKED IN TRAFFIC LANE,,,0,,,,,,,,,,,,,,,,,,REAR-LEFT-CORNER,,,,,,,,,,,,,,,,,,,,,,,,,,,,,,,,,
2113671,56bddc10b255d2ab2586653e0a46eb63028c7dc784e90627417cf83d74a608753a8b01e6a6ba1343b27f58933392d1fcb9d73cd517ed819248d3a3d999024660,07/24/2025 04:55:00 PM,3,DRIVER,,2015043,,HYUNDAI,SANTA FE,IL,2022,NONE,PASSENGER,PERSONAL,N,STRAIGHT AHEAD,,,1,,,,,,,Y,Y,,,,,,,,,,SIDE-RIGHT,,,,,,,,,,,,,,,,,,,,,,,,,,,,,,,,,
2113706,be93ee736d7188c6d347928abe0cc9dff547192af910ef96528045a414b1682a23373db062bd0ac45d2901b6d757ac4933622b295c183da3fb6cfae140b0b79e,07/24/2025 04:55:00 PM,1,DRIVER,,2015017,,CHEVROLET,MALIBU,IL,2011,UNKNOWN,PASSENGER,PERSONAL,W,STRAIGHT AHEAD,,,1,,,,,,,,,,,,,,,,,Y,FRONT,,,,,,,,,,,,,,,,,,,,,,,,,,,,,,,,,
2113707,be93ee736d7188c6d347928abe0cc9dff547192af910ef96528045a414b1682a23373db062bd0ac45d2901b6d757ac4933622b295c183da3fb6cfae140b0b79e,07/24/2025 04:55:00 PM,2,DRIVER,,2015027,,FORD,FOCUS,IL,2018,NONE,PASSENGER,PERSONAL,W,SLOW/STOP IN TRAFFIC,,,1,,,,,,,,,,Y,,,,,,,,REAR,,,,,,,,,,,,,,,,,,,,,,,,,,,,,,,,,
2115038,0935dc5a3e13ff8e818a8ed4f51d847806c8a5c7fb87b77139bb9f5e3dd87a126cec3735cd205b9daf7033d9c8bc207dc08e599eab8c0b07a0e84c3b1e0c9a6a,07/24/2025 04:52:00 PM,1,DRIVER,3,2016271,,VOLKSWAGEN,PASSAT,IL,2009,UNKNOWN,PASSENGER,PERSONAL,SE,TURNING LEFT,Y,,4,,,,,Y,,Y,,Y,Y,Y,,,,Y,Y,,FRONT,,,,,,,,,,,,,,,,,,,,,,,,,,,,,,,,,
2115039,0935dc5a3e13ff8e818a8ed4f51d847806c8a5c7fb87b77139bb9f5e3dd87a126cec3735cd205b9daf7033d9c8bc207dc08e599eab8c0b07a0e84c3b1e0c9a6a,07/24/2025 04:52:00 PM,2,DRIVER,1,2016272,,KIA,SORENTO,IL,2022,UNKNOWN,UNKNOWN/NA,PERSONAL,N,STRAIGHT AHEAD,,,2,,,,,Y,,,,,,,,,,,Y,,FRONT-RIGHT-CORNER,,,,,,,,,,,,,,,,,,,,,,,,,,,,,,,,,
2114510,163bd56b48f88e354b301eb21c47e8bd208c3a67bbf1e9edd440bd27fb4a62f79ab62c433fb78be42c2503ce8bd433cb66752e30aa29656d91253454930d79a8,07/24/2025 04:50:00 PM,1,DRIVER,,2015785,,TOYOTA,CAMRY,IL,2008,NONE,PASSENGER,PERSONAL,NE,CHANGING LANES,,,1,,,,,,,,,,,,,,Y,Y,,,FRONT-LEFT-CORNER,,,,,,,,,,,,,,,,,,,,,,,,,,,,,,,,,
2114511,163bd56b48f88e354b301eb21c47e8bd208c3a67bbf1e9edd440bd27fb4a62f79ab62c433fb78be42c2503ce8bd433cb66752e30aa29656d91253454930d79a8,07/24/2025 04:50:00 PM,2,DRIVER,,2015787,,NISSAN,ROGUE,IL,2018,NONE,SPORT UTILITY VEHICLE (SUV),PERSONAL,NE,STRAIGHT AHEAD,,,1,,,,,,Y,Y,Y,,,,,,,,,,SIDE-RIGHT,,,,,,,,,,,,,,,,,,,,,,,,,,,,,,,,,
2113645,0b3f2acf9ec389e174449fba3d73b3528812c15e96f0d5b5341cb036e2fd14df1f6ab18f607c2137186c3d5c025d34a2ca183e8512a65ad70f57905b26474b92,07/24/2025 04:46:00 PM,1,DRIVER,,2014967,,KIA,SORENTO,PA,2021,NONE,PASSENGER,PERSONAL,N,CHANGING LANES,Y,,1,,PERSONAL TOWING,,,Y,Y,Y,,,,,,,,,Y,,OTHER,,,,,,,,,,,,,,,,,,,,,,,,,,,,,,,,,
2113646,0b3f2acf9ec389e174449fba3d73b3528812c15e96f0d5b5341cb036e2fd14df1f6ab18f607c2137186c3d5c025d34a2ca183e8512a65ad70f57905b26474b92,07/24/2025 04:46:00 PM,2,DRIVER,,2014975,Y,NOVA BUS,OTHER (EXPLAIN IN NARRATIVE),IL,2014,NONE,BUS OVER 15 PASS.,CTA,N,STRAIGHT AHEAD,,,1,,,,,,,,,,Y,Y,Y,,,,,,OTHER,"21,886",,,,DRIVER,,CTA BUS,IL,CHICAGO,,,,N,N,,N,,N,N,,,97-102,,,,,,BUS,BUS,OTHER,N,N,
2113689,e5dd356f98858bd5252473d66f24b906c35b44b00278d48f3e4e06195cfc95a8c97c826918124d14fd7fd88185bff2e92f8e41f8e673f41f68688d92d4ac8973,07/24/2025 04:41:00 PM,1,DRIVER,,2015011,,DODGE,DURANGO,IL,2013,NONE,PASSENGER,UNKNOWN/NA,W,STRAIGHT AHEAD,Y,,1,,PRIVATE TOW,,,Y,,,,,,,,,,Y,Y,,FRONT,,,,,,,,,,,,,,,,,,,,,,,,,,,,,,,,,
2113690,e5dd356f98858bd5252473d66f24b906c35b44b00278d48f3e4e06195cfc95a8c97c826918124d14fd7fd88185bff2e92f8e41f8e673f41f68688d92d4ac8973,07/24/2025 04:41:00 PM,2,DRIVER,,2015019,,HONDA,CR-V,IL,2005,UNKNOWN,PASSENGER,UNKNOWN/NA,W,UNKNOWN/NA,,,1,,,,,,,,,,,,,,,,,Y,UNKNOWN,,,,,,,,,,,,,,,,,,,,,,,,,,,,,,,,,
2113708,9804c7676003b961b262cc4b76790ed1c5255c0015ed5ed8d509d554a7fa6e4215ee3b56a8a623f46d754710b958b48194877522f72bf35842a01c572a051462,07/24/2025 04:40:00 PM,1,DRIVER,,2015023,,DODGE,DURANGO,IL,2013,NONE,PASSENGER,PERSONAL,W,STRAIGHT AHEAD,Y,,1,,PRIVATE TOW,UNK,,Y,Y,,,,,,,,Y,Y,Y,,FRONT,,,,,,,,,,,,,,,,,,,,,,,,,,,,,,,,,
2113709,9804c7676003b961b262cc4b76790ed1c5255c0015ed5ed8d509d554a7fa6e4215ee3b56a8a623f46d754710b958b48194877522f72bf35842a01c572a051462,07/24/2025 04:40:00 PM,2,DRIVER,,2015031,,HONDA,CR-V,IL,2005,NONE,PASSENGER,PERSONAL,W,STRAIGHT AHEAD,,,1,,,,,,,,,Y,Y,Y,,,,,,,REAR,,,,,,,,,,,,,,,,,,,,,,,,,,,,,,,,,
2113681,d67803e944fe317745e3b6ecbbd282369e23b7cefa37f2f8e60cde7f7fb788c2da18232ea2ddb2130cfad92c4ba562cdbaa27a00ac6aa105c8272c816a2b6309,07/24/2025 04:40:00 PM,1,DRIVER,,2014998,,FORD,ESCAPE,IL,2016,UNKNOWN,SPORT UTILITY VEHICLE (SUV),PERSONAL,SE,TURNING LEFT,Y,,1,,UNKNOWN TOW,UNKNOWN,,Y,Y,Y,Y,,,,Y,Y,Y,Y,Y,,FRONT,,,,,,,,,,,,,,,,,,,,,,,,,,,,,,,,,
2113637,3c59439520e600d125c03e92f16b3edfa4007135e6c9a77c17e52820e3e472522c82b3924c886a387cc5002786b90c61d38d9dd073b1b2b271b2de37afcb113c,07/24/2025 04:35:00 PM,1,DRIVER,,2014963,,UNKNOWN,OTHER (EXPLAIN IN NARRATIVE),,,UNKNOWN,PASSENGER,UNKNOWN/NA,N,STRAIGHT AHEAD,,,1,,,,,,,,,,,,,,,,,Y,SIDE-LEFT,,,,,,,,,,,,,,,,,,,,,,,,,,,,,,,,,
2113638,3c59439520e600d125c03e92f16b3edfa4007135e6c9a77c17e52820e3e472522c82b3924c886a387cc5002786b90c61d38d9dd073b1b2b271b2de37afcb113c,07/24/2025 04:35:00 PM,2,DRIVER,,2014987,,NISSAN,MURANO,IL,2014,NONE,PASSENGER,PERSONAL,N,TURNING LEFT,,,1,,,,,Y,Y,Y,Y,Y,,,,,,,,,SIDE-RIGHT,,,,,,,,,,,,,,,,,,,,,,,,,,,,,,,,,
2113656,769c84c03099ba21795cc31f1d6d213d8ba41af664ccebe8732aa18d07305121e565a98376c244146c42de790690fb0e59c89a561290b147a40f6a1b402dbb14,07/24/2025 04:32:00 PM,1,DRIVER,,2014977,,HYUNDAI,SONATA,IL,,UNKNOWN,UNKNOWN/NA,UNKNOWN/NA,UNKNOWN,UNKNOWN/NA,,,1,,,,,,N,,,,,,,,,,,Y,UNKNOWN,,,,,,,,,,,,,,,,,,,,,,,,,,,,,,,,,
2113657,769c84c03099ba21795cc31f1d6d213d8ba41af664ccebe8732aa18d07305121e565a98376c244146c42de790690fb0e59c89a561290b147a40f6a1b402dbb14,07/24/2025 04:32:00 PM,2,DRIVER,,2014992,Y,NOVA BUS,OTHER (EXPLAIN IN NARRATIVE),IL,2014,UNKNOWN,BUS OVER 15 PASS.,CTA,N,ENTERING TRAFFIC LANE FROM PARKING,,,1,,,,,,,,,,,,,,Y,,,Y,SIDE-LEFT-FRONT,"21,887",,,,DRIVER,1,CHICAGO TRANSIT AUTHORITY,IL,CHICAGO,,,,U,U,,U,,U,U,,,,,,,,,BUS,BUS,OTHER,N,N,MISCELLANEOUS
2113653,9a1fbd186c5c5884540f8625d83173cef4914598c63aed58835934e2a8cbad3b042c90c64f749fe0fd7fc163b8312718569378160212e09935f42e827f216b37,07/24/2025 04:32:00 PM,1,DRIVER,1,2014984,,CHEVROLET,OTHER (EXPLAIN IN NARRATIVE),IL,2014,NONE,PASSENGER,PERSONAL,W,MERGING,,,2,,,,,,Y,Y,Y,,,,,,,,,,SIDE-RIGHT,,,,,,,,,,,,,,,,,,,,,,,,,,,,,,,,,
2113654,9a1fbd186c5c5884540f8625d83173cef4914598c63aed58835934e2a8cbad3b042c90c64f749fe0fd7fc163b8312718569378160212e09935f42e827f216b37,07/24/2025 04:32:00 PM,2,DRIVER,,2014989,,NISSAN,PATHFINDER,IL,2022,NONE,SPORT UTILITY VEHICLE (SUV),PERSONAL,W,STRAIGHT AHEAD,,,1,,,,,,,,,,,,Y,Y,Y,,,,SIDE-LEFT,,,,,,,,,,,,,,,,,,,,,,,,,,,,,,,,,
2113745,18e2fea1648f69c604f4f4c7ae3088cacbf4ec98dbc6a7513d19827f4e11d5eca195a4fde00de8846162c7f3d00aa5397aa238776cc20273153e1959c8103a76,07/24/2025 04:30:00 PM,1,DRIVER,,2015059,,TOYOTA,CAMRY,IL,2018,UNKNOWN,PASSENGER,PERSONAL,W,STRAIGHT AHEAD,,,1,,,,,Y,,,,,,,,,,,,,FRONT-RIGHT-CORNER,,,,,,,,,,,,,,,,,,,,,,,,,,,,,,,,,
2113746,18e2fea1648f69c604f4f4c7ae3088cacbf4ec98dbc6a7513d19827f4e11d5eca195a4fde00de8846162c7f3d00aa5397aa238776cc20273153e1959c8103a76,07/24/2025 04:30:00 PM,2,DRIVER,,2015064,,CHEVROLET,CRUZE,IL,2016,UNKNOWN,PASSENGER,PERSONAL,S,STRAIGHT AHEAD,Y,,1,,,,,Y,,,,,,,,,,Y,Y,,FRONT,,,,,,,,,,,,,,,,,,,,,,,,,,,,,,,,,
2113676,26440bf9d267200865699b1c415fe575b6380668751b98cc189b4f110a1b861b834d82cc02fdc93018d544424da6d6d4ebbb73d3086807a077519fd388750615,07/24/2025 04:30:00 PM,1,DRIVER,,2014991,,CHEVROLET,MALIBU,IL,2003,NONE,PASSENGER,PERSONAL,S,PASSING/OVERTAKING,,,1,,,,,,,,,,,,,,,,,Y,FRONT,,,,,,,,,,,,,,,,,,,,,,,,,,,,,,,,,
2113677,26440bf9d267200865699b1c415fe575b6380668751b98cc189b4f110a1b861b834d82cc02fdc93018d544424da6d6d4ebbb73d3086807a077519fd388750615,07/24/2025 04:30:00 PM,2,DRIVER,1,2014996,,TOYOTA,COROLLA,IL,2025,NONE,PASSENGER,PERSONAL,S,SLOW/STOP IN TRAFFIC,,,2,,,,,,,,,,,Y,,,,,,,REAR-LEFT-CORNER,,,,,,,,,,,,,,,,,,,,,,,,,,,,,,,,,
2113607,4e99682a2dcd736ac894b98d5f70247d55f95c03013276e203eccc4b735f232dc11b6c0ed31090dcd15ea03466391b1ae18416383e2951fe25ac21bc27690a11,07/24/2025 04:30:00 PM,1,DRIVER,,2014935,,CHEVROLET,TRAVERSE,IL,,UNKNOWN,PASSENGER,PERSONAL,W,UNKNOWN/NA,,,1,,,,,,,,,,,,Y,Y,Y,Y,,,SIDE-LEFT,,,,,,,,,,,,,,,,,,,,,,,,,,,,,,,,,
2113608,4e99682a2dcd736ac894b98d5f70247d55f95c03013276e203eccc4b735f232dc11b6c0ed31090dcd15ea03466391b1ae18416383e2951fe25ac21bc27690a11,07/24/2025 04:30:00 PM,2,DRIVER,,2014941,,CHEVROLET,CRUZE,IL,,NONE,PASSENGER,PERSONAL,W,STRAIGHT AHEAD,,,1,,,,,Y,Y,,,,,,,,,,,,FRONT-RIGHT-CORNER,,,,,,,,,,,,,,,,,,,,,,,,,,,,,,,,,
2114196,70d3acc5628406abe3fdfbb5b725f44460af4825fad44f370184d882317324a4becc595055793d2bdb3d36ac7ad457d53898d09482ae47a885b03ee45d8c1c66,07/24/2025 04:30:00 PM,1,DRIVER,,2015486,,NISSAN,SENTRA,IL,,UNKNOWN,PASSENGER,UNKNOWN/NA,UNKNOWN,UNKNOWN/NA,,,1,,,,,Y,,,,,,,,,,,,,FRONT-RIGHT-CORNER,,,,,,,,,,,,,,,,,,,,,,,,,,,,,,,,,
2114197,70d3acc5628406abe3fdfbb5b725f44460af4825fad44f370184d882317324a4becc595055793d2bdb3d36ac7ad457d53898d09482ae47a885b03ee45d8c1c66,07/24/2025 04:30:00 PM,2,DRIVER,,2015489,,CHEVROLET,TRAX,IL,2020,UNKNOWN,SPORT UTILITY VEHICLE (SUV),PERSONAL,W,STRAIGHT AHEAD,,,1,,,,,,,,,,,Y,Y,Y,,,,,SIDE-LEFT-REAR,,,,,,,,,,,,,,,,,,,,,,,,,,,,,,,,,