CRASH_UNIT_ID,CRASH_RECORD_ID,CRASH_DATE,UNIT_NO,UNIT_TYPE,NUM_PASSENGERS,VEHICLE_ID,CMRC_VEH_I,MAKE,MODEL,LIC_PLATE_STATE,VEHICLE_YEAR,VEHICLE_DEFECT,VEHICLE_TYPE,VEHICLE_USE,TRAVEL_DIRECTION,MANEUVER,TOWED_I,FIRE_I,OCCUPANT_CNT,EXCEED_SPEED_LIMIT_I,TOWED_BY,TOWED_TO,AREA_00_I,AREA_01_I,AREA_02_I,AREA_03_I,AREA_04_I,AREA_05_I,AREA_06_I,AREA_07_I,AREA_08_I,AREA_09_I,AREA_10_I,AREA_11_I,AREA_12_I,AREA_99_I,FIRST_CONTACT_POINT,CMV_ID,USDOT_NO,CCMC_NO,ILCC_NO,COMMERCIAL_SRC,GVWR,CARRIER_NAME,CARRIER_STATE,CARRIER_CITY,HAZMAT_PLACARDS_I,HAZMAT_NAME,UN_NO,HAZMAT_PRESENT_I,HAZMAT_REPORT_I,HAZMAT_REPORT_NO,MCS_REPORT_I,MCS_REPORT_NO,HAZMAT_VIO_CAUSE_CRASH_I,MCS_VIO_CAUSE_CRASH_I,IDOT_PERMIT_NO,WIDE_LOAD_I,TRAILER1_WIDTH,TRAILER2_WIDTH,TRAILER1_LENGTH,TRAILER2_LENGTH,TOTAL_VEHICLE_LENGTH,AXLE_CNT,VEHICLE_CONFIG,CARGO_BODY_TYPE,LOAD_TYPE,HAZMAT_OUT_OF_SERVICE_I,MCS_OUT_OF_SERVICE_I,HAZMAT_CLASS
2114431,9be7cf8c5e0d7e00ecacff32e2a5ddaf5e9724246eca3263bde5cf711e960d5297057ad569581d652f4fd0dd89aec01a431cbd4f690de30c3107a7629939b8d0,07/24/2025 04:30:00 PM,1,DRIVER,,2015705,,ACURA,ADX,IL,2020,UNKNOWN,PASSENGER,PERSONAL,W,STRAIGHT AHEAD,,,1,,,,,,,,,,,,,,Y,Y,,,SIDE-LEFT,,,,,,,,,,,,,,,,,,,,,,,,,,,,,,,,,
2114432,9be7cf8c5e0d7e00ecacff32e2a5ddaf5e9724246eca3263bde5cf711e960d5297057ad569581d652f4fd0dd89aec01a431cbd4f690de30c3107a7629939b8d0,07/24/2025 04:30:00 PM,2,DRIVER,,2015709,,CHEVROLET,OTHER (EXPLAIN IN NARRATIVE),IL,2005,UNKNOWN,VAN/MINI-VAN,UNKNOWN/NA,W,STRAIGHT AHEAD,,,1,,,,,,,,,,,,,,,,,Y,UNKNOWN,,,,,,,,,,,,,,,,,,,,,,,,,,,,,,,,,
2113609,b7464b2b87a8e88d8894555142db86dd837cd0771e59782b2f3a668daf5073b3ee6ac48525ed264d4b8bcd10fc7b4f5e41770a7179fc5ae18c7319df3375e3b7,07/24/2025 04:30:00 PM,1,DRIVER,,2014923,,LEXUS,RX,IL,2010,NONE,PASSENGER,PERSONAL,E,BACKING,,,1,,,,,,,,,,Y,Y,,,,,,,REAR-LEFT-CORNER,,,,,,,,,,,,,,,,,,,,,,,,,,,,,,,,,
2113610,b7464b2b87a8e88d8894555142db86dd837cd0771e59782b2f3a668daf5073b3ee6ac48525ed264d4b8bcd10fc7b4f5e41770a7179fc5ae18c7319df3375e3b7,07/24/2025 04:30:00 PM,2,DRIVER,,2014943,,NISSAN,SENTRA,IL,2005,NONE,PASSENGER,PERSONAL,W,SLOW/STOP IN TRAFFIC,,,1,,,,,Y,,,,,,,,,,,,,FRONT-RIGHT-CORNER,,,,,,,,,,,,,,,,,,,,,,,,,,,,,,,,,
2113712,fd1627458dff50e930f1a89b6c9197170d17349c31d6ec0e1901f3e644f2a1f092b8b2c9fd288a134995e28de7792b13bd4cfeca4108222c113106e8433d04d1,07/24/2025 04:30:00 PM,1,DRIVER,,2015030,,NISSAN,ROGUE,TN,2025,UNKNOWN,SPORT UTILITY VEHICLE (SUV),UNKNOWN/NA,NW,MERGING,,,1,,,,,,,,,,,Y,,,,,,,REAR-LEFT-CORNER,,,,,,,,,,,,,,,,,,,,,,,,,,,,,,,,,
2113713,fd1627458dff50e930f1a89b6c9197170d17349c31d6ec0e1901f3e644f2a1f092b8b2c9fd288a134995e28de7792b13bd4cfeca4108222c113106e8433d04d1,07/24/2025 04:30:00 PM,2,DRIVER,1,2015061,,NISSAN,ALTIMA,AR,2023,UNKNOWN,SPORT UTILITY VEHICLE (SUV),PERSONAL,W,STRAIGHT AHEAD,,,2,,,,,Y,Y,,,,,,,,,,,,FRONT-RIGHT-CORNER,,,,,,,,,,,,,,,,,,,,,,,,,,,,,,,,,
2113627,9f0de4d47add2d2a35217a8002bdc6f7653d44ecd51203d1d80f6f7e2d9314b916b3a4ad87256454bc58cac656a5bb9c81d9c012b2077900eb067531ddd465d8,07/24/2025 04:27:00 PM,1,DRIVER,,2014948,,NISSAN,ALTIMA,AZ,2015,UNKNOWN,PASSENGER,PERSONAL,W,STRAIGHT AHEAD,,,1,,,,,,,,,,,,,,Y,Y,,,FRONT-LEFT-CORNER,,,,,,,,,,,,,,,,,,,,,,,,,,,,,,,,,
2113628,9f0de4d47add2d2a35217a8002bdc6f7653d44ecd51203d1d80f6f7e2d9314b916b3a4ad87256454bc58cac656a5bb9c81d9c012b2077900eb067531ddd465d8,07/24/2025 04:27:00 PM,2,DRIVER,,2014956,,LINCOLN,OTHER (EXPLAIN IN NARRATIVE),IL,2013,NONE,PASSENGER,PERSONAL,W,OTHER,,,1,,,,,Y,Y,,,,,,,,,Y,,,FRONT-RIGHT-CORNER,,,,,,,,,,,,,,,,,,,,,,,,,,,,,,,,,
2113737,e62cdf535ae8bd62308bee5a4c4746786c83fb8f5089dc0c5c816aaa8a84bea6217fe7a3ffc41b0fab9ab7a921b4cce196f918fbf1e0685532a99ad5975ea521,07/24/2025 04:22:00 PM,1,DRIVER,,2015052,,CHRYSLER,TOWN & COUNTRY,IL,2005,UNKNOWN,VAN/MINI-VAN,PERSONAL,W,TURNING LEFT,Y,,1,,SS # 25048256,,,Y,Y,,,,,,,,Y,Y,Y,,FRONT,,,,,,,,,,,,,,,,,,,,,,,,,,,,,,,,,
2113738,e62cdf535ae8bd62308bee5a4c4746786c83fb8f5089dc0c5c816aaa8a84bea6217fe7a3ffc41b0fab9ab7a921b4cce196f918fbf1e0685532a99ad5975ea521,07/24/2025 04:22:00 PM,2,DRIVER,,2015063,,MITSUBISHI,OUTLANDER,IL,2014,UNKNOWN,SPORT UTILITY VEHICLE (SUV),PERSONAL,S,TURNING RIGHT,,,1,,,,,Y,Y,,,,,,,,Y,Y,Y,,FRONT,,,,,,,,,,,,,,,,,,,,,,,,,,,,,,,,,
2113582,e7b0bb6b0ff7186e4e7aefe58c7b29c9e149672b4934f6ae8e8200184da11c3e1e833689a6cf39af5417be36c7929a4f999e0ff946a1a7b8e7d518c4abed5a02,07/24/2025 04:21:00 PM,1,DRIVER,,2014904,,UNKNOWN,OTHER (EXPLAIN IN NARRATIVE),,,UNKNOWN,UNKNOWN/NA,UNKNOWN/NA,N,STRAIGHT AHEAD,,,1,,,,,,,,,,,,,,,,,Y,UNKNOWN,,,,,,,,,,,,,,,,,,,,,,,,,,,,,,,,,
2113583,e7b0bb6b0ff7186e4e7aefe58c7b29c9e149672b4934f6ae8e8200184da11c3e1e833689a6cf39af5417be36c7929a4f999e0ff946a1a7b8e7d518c4abed5a02,07/24/2025 04:21:00 PM,2,DRIVER,,2014914,,VOLKSWAGEN,TIGUAN,IL,2024,UNKNOWN,PASSENGER,PERSONAL,N,STRAIGHT AHEAD,,,1,,,,,,,,Y,Y,Y,,,,,,,,REAR-RIGHT-CORNER,,,,,,,,,,,,,,,,,,,,,,,,,,,,,,,,,
2113613,f275df35b0463d2a6d5459e3ea06145e8453311bce0bfed05960642e76d6e9c3654ffa67e8287bd6e3387349ee51aeab1e1e1c4cf67964f9fc6b028e644ec836,07/24/2025 04:21:00 PM,1,DRIVER,,2014936,,TOYOTA,CAMRY,IL,2023,NONE,PASSENGER,PERSONAL,S,STRAIGHT AHEAD,,,1,,,,,,,,,,,,,,Y,Y,Y,,FRONT-LEFT-CORNER,,,,,,,,,,,,,,,,,,,,,,,,,,,,,,,,,
2113614,f275df35b0463d2a6d5459e3ea06145e8453311bce0bfed05960642e76d6e9c3654ffa67e8287bd6e3387349ee51aeab1e1e1c4cf67964f9fc6b028e644ec836,07/24/2025 04:21:00 PM,2,DRIVER,,2014951,,HONDA,CR-V,IL,2021,NONE,PASSENGER,PERSONAL,SW,TURNING RIGHT,,,1,,,,,Y,Y,Y,Y,Y,,,,,,,,,SIDE-RIGHT,,,,,,,,,,,,,,,,,,,,,,,,,,,,,,,,,
2113625,a7abd7b639555e055891aa4b68bee1ce19fb534457d78299c0289e6056a6d2d059bbf11029a8ef8e384c259823043f4e7eb55d9f9ffe1cde9eee739fd18229fb,07/24/2025 04:20:00 PM,1,DRIVER,,2014959,,KIA,SOUL,IL,2020,UNKNOWN,PASSENGER,PERSONAL,S,STRAIGHT AHEAD,,,1,,,,,Y,,,,,,,,,,Y,Y,,FRONT,,,,,,,,,,,,,,,,,,,,,,,,,,,,,,,,,
2113626,a7abd7b639555e055891aa4b68bee1ce19fb534457d78299c0289e6056a6d2d059bbf11029a8ef8e384c259823043f4e7eb55d9f9ffe1cde9eee739fd18229fb,07/24/2025 04:20:00 PM,2,DRIVER,1,2014972,,BMW,OTHER (EXPLAIN IN NARRATIVE),IL,2020,NONE,PASSENGER,PERSONAL,W,STRAIGHT AHEAD,,,2,,,,,,Y,Y,Y,,,,,,,,,,SIDE-RIGHT,,,,,,,,,,,,,,,,,,,,,,,,,,,,,,,,,
2113695,22faf9a083b9783b025d0149d1f6dffb690f60083197248692253d8a1a2e49872c49a63049c9a9d73750f40b4429d41464bd5a4da8cb75ad01583a26e431b902,07/24/2025 04:17:00 PM,1,DRIVER,,2015012,,CHEVROLET,COLORADO,,2016,NONE,PICKUP,PERSONAL,N,TURNING RIGHT,,,1,,,,,,,Y,Y,,,,,,,,,,SIDE-RIGHT,,,,,,,,,,,,,,,,,,,,,,,,,,,,,,,,,
2113696,22faf9a083b9783b025d0149d1f6dffb690f60083197248692253d8a1a2e49872c49a63049c9a9d73750f40b4429d41464bd5a4da8cb75ad01583a26e431b902,07/24/2025 04:17:00 PM,2,PARKED,,2015024,,NISSAN,SENTRA,IL,2015,NONE,PASSENGER,NOT IN USE,E,PARKED,,,0,,,,,,,,,,,Y,,,,,,,REAR-LEFT-CORNER,,,,,,,,,,,,,,,,,,,,,,,,,,,,,,,,,
2113598,e206534cd2f428eb99edeec1df90daca4355fe4148361a59ca946157b242d0be759817b08fe25d7b11a6eeab7cd50b6131b1f826477232d5f180604f8554a240,07/24/2025 04:12:00 PM,1,DRIVER,,2014942,,CHEVROLET,MALIBU,IL,2021,NONE,PASSENGER,PERSONAL,N,OTHER,,,1,,,,,,,,,,,,,,,,Y,,FRONT,,,,,,,,,,,,,,,,,,,,,,,,,,,,,,,,,
2113632,e206534cd2f428eb99edeec1df90daca4355fe4148361a59ca946157b242d0be759817b08fe25d7b11a6eeab7cd50b6131b1f826477232d5f180604f8554a240,07/24/2025 04:12:00 PM,2,DRIVER,,2014946,,NISSAN,ALTIMA,IL,2005,NONE,PASSENGER,PERSONAL,N,SLOW/STOP IN TRAFFIC,,,1,,,,,,,,,,Y,,,,,,,,REAR,,,,,,,,,,,,,,,,,,,,,,,,,,,,,,,,,
2113629,4a8208b6fd4339b6a9c3244fa561b3eb72f43aca906fe3d17cdce802dd7369c86971d52b8de41ddc7e920e4e26e2c13b1e939c253ea0a53d47e0e7afb7bedff4,07/24/2025 04:00:00 PM,1,DRIVER,,2014945,,UNKNOWN,OTHER (EXPLAIN IN NARRATIVE),IL,2000,UNKNOWN,PASSENGER,UNKNOWN/NA,UNKNOWN,UNKNOWN/NA,,,1,,,,,,,,,,,,,,,,,,UNKNOWN,,,,,,,,,,,,,,,,,,,,,,,,,,,,,,,,,
2113630,4a8208b6fd4339b6a9c3244fa561b3eb72f43aca906fe3d17cdce802dd7369c86971d52b8de41ddc7e920e4e26e2c13b1e939c253ea0a53d47e0e7afb7bedff4,07/24/2025 04:00:00 PM,2,PARKED,,2014950,,JEEP,GRAND CHEROKEE,IL,2015,NONE,PASSENGER,PERSONAL,UNKNOWN,PARKED,,,0,,,,,,,,,,,,,,,,,,REAR,,,,,,,,,,,,,,,,,,,,,,,,,,,,,,,,,
2114003,7a3847d59105ee880d8b51d0b6f17a16627b32a2906109b904182b01ccb73063aa26d449def21b82dedc2b9b80bfca26efd31adaffe419180d4608b3e526624f,07/24/2025 04:00:00 PM,1,DRIVER,,2015302,,JEEP,GRAND CHEROKEE,IL,2018,UNKNOWN,UNKNOWN/NA,PERSONAL,UNKNOWN,STRAIGHT AHEAD,,,1,,,,,,,,,,,,,,,,,N,FRONT-RIGHT-CORNER,,,,,,,,,,,,,,,,,,,,,,,,,,,,,,,,,
2114004,7a3847d59105ee880d8b51d0b6f17a16627b32a2906109b904182b01ccb73063aa26d449def21b82dedc2b9b80bfca26efd31adaffe419180d4608b3e526624f,07/24/2025 04:00:00 PM,2,PARKED,,2015305,,TOYOTA,SIENNA,IL,2020,UNKNOWN,UNKNOWN/NA,PERSONAL,UNKNOWN,PARKED,,,0,,,,,,,,,,,Y,,,,,,,REAR-LEFT-CORNER,,,,,,,,,,,,,,,,,,,,,,,,,,,,,,,,,
2114352,b3e4aa0d388741611f055b58c9c318fcc61e33e21e96fbeb259821d79490925ef05d946ef97d5193c06141c712ac2737a2598a6581c247cb021a05c8e9dc6d7a,07/24/2025 04:00:00 PM,1,DRIVER,,2018010,,UNKNOWN,OTHER (EXPLAIN IN NARRATIVE),IL,,UNKNOWN,UNKNOWN/NA,UNKNOWN/NA,UNKNOWN,TURNING LEFT,,,1,,,,N,,,,,,,,,,,,,Y,UNKNOWN,,,,,,,,,,,,,,,,,,,,,,,,,,,,,,,,,
2114353,b3e4aa0d388741611f055b58c9c318fcc61e33e21e96fbeb259821d79490925ef05d946ef97d5193c06141c712ac2737a2598a6581c247cb021a05c8e9dc6d7a,07/24/2025 04:00:00 PM,2,DRIVER,1,2015624,,NISSAN,350Z,IL,2003,NONE,OTHER,PERSONAL,N,STRAIGHT AHEAD,,,2,,,,,,,,,,,Y,Y,Y,,,,,SIDE-LEFT,,,,,,,,,,,,,,,,,,,,,,,,,,,,,,,,,
2113602,e12b2069320f1757e7312aac755fdd975c18c669114e827c7779e4c4345b138166263aa14e2022ff6b35ba223bef097f27c71fe398cef9d8cc3faf9df560c02f,07/24/2025 03:58:00 PM,1,DRIVER,,2014920,,BMW,OTHER (EXPLAIN IN NARRATIVE),XX,,UNKNOWN,PASSENGER,UNKNOWN/NA,E,TURNING LEFT,,,1,,,,,Y,,,,,,,,,,Y,Y,,FRONT-RIGHT-CORNER,,,,,,,,,,,,,,,,,,,,,,,,,,,,,,,,,
2113603,e12b2069320f1757e7312aac755fdd975c18c669114e827c7779e4c4345b138166263aa14e2022ff6b35ba223bef097f27c71fe398cef9d8cc3faf9df560c02f,07/24/2025 03:58:00 PM,2,DRIVER,,2014938,,TOYOTA,COROLLA,IL,2018,UNKNOWN,PASSENGER,PERSONAL,W,STRAIGHT AHEAD,,,1,,,,,Y,,,,,,,,,,,Y,,FRONT-RIGHT-CORNER,,,,,,,,,,,,,,,,,,,,,,,,,,,,,,,,,
2113584,9b0efb16ec8e2552eff2bd27088bde18fe468e5b83b3d356cb0d19166c6f137bf39eeb98439144ac7605fc843d0173c984b84ed3bffd3c1ca8e19fd13c0642b0,07/24/2025 03:57:00 PM,1,DRIVER,,2014905,,UNKNOWN,OTHER (EXPLAIN IN NARRATIVE),,,UNKNOWN,UNKNOWN/NA,UNKNOWN/NA,S,STRAIGHT AHEAD,,,1,,,,,,,,,,,,,,,,,Y,UNKNOWN,,,,,,,,,,,,,,,,,,,,,,,,,,,,,,,,,
2113585,9b0efb16ec8e2552eff2bd27088bde18fe468e5b83b3d356cb0d19166c6f137bf39eeb98439144ac7605fc843d0173c984b84ed3bffd3c1ca8e19fd13c0642b0,07/24/2025 03:57:00 PM,2,PARKED,1,2014910,,STARCRAFT CORPORATION,STARCRAFT CORP.,IL,2020,UNKNOWN,BUS UP TO 15 PASS.,OTHER,S,PARKED,,,1,,,,,,,,,,,,,,,,,Y,UNKNOWN,,,,,,,,,,,,,,,,,,,,,,,,,,,,,,,,,
2113560,4299b6ba0a99e8c5931c7b87c84e9235443d44359cbf083e2ca90d9c57bb6702cb363f1b279fd76d9c0f325af593d5f759d774785c346e80910990aa6361965c,07/24/2025 03:55:00 PM,1,DRIVER,,2014886,,CHEVROLET,EQUINOX,IL,2014,NONE,PASSENGER,PERSONAL,NW,TURNING RIGHT,,,1,,,,,,,,,,,,,,,Y,Y,,FRONT,,,,,,,,,,,,,,,,,,,,,,,,,,,,,,,,,
2113561,4299b6ba0a99e8c5931c7b87c84e9235443d44359cbf083e2ca90d9c57bb6702cb363f1b279fd76d9c0f325af593d5f759d774785c346e80910990aa6361965c,07/24/2025 03:55:00 PM,2,PARKED,,2014892,,HONDA,ACCORD,IL,2022,NONE,PASSENGER,PERSONAL,S,PARKED,,,0,,,,,Y,,,,,,,,,,N,Y,,FRONT,,,,,,,,,,,,,,,,,,,,,,,,,,,,,,,,,
2113684,43fb8840c86de9312e9f209d369bd416962ea8fe2b623930bd90e5737768494805a60729118d048dc4d5c0d108ce859be68d978753b1486ff3d8bf45c821e9d5,07/24/2025 03:50:00 PM,1,DRIVER,1,2014997,,DODGE,CARAVAN,IL,2016,UNKNOWN,VAN/MINI-VAN,PERSONAL,W,LEAVING TRAFFIC LANE TO PARK,Y,,2,,OWNER,,,Y,Y,,,,,,,,,Y,Y,,FRONT-RIGHT-CORNER,,,,,,,,,,,,,,,,,,,,,,,,,,,,,,,,,
2113575,4b87ac93a37fd15e69a8dbbb99bdc8686c07f6450bc5318f8379ac5a51d2a30e6469b0db3b4d098c4c24c5378d49674f25b02a8e0b8faa3625f72d029ba29431,07/24/2025 03:50:00 PM,1,DRIVER,,2014902,,UNKNOWN,OTHER (EXPLAIN IN NARRATIVE),,,UNKNOWN,VAN/MINI-VAN,UNKNOWN/NA,N,STRAIGHT AHEAD,,,1,,,,,,,,,,,,,,,,,Y,UNKNOWN,,,,,,,,,,,,,,,,,,,,,,,,,,,,,,,,,
2113576,4b87ac93a37fd15e69a8dbbb99bdc8686c07f6450bc5318f8379ac5a51d2a30e6469b0db3b4d098c4c24c5378d49674f25b02a8e0b8faa3625f72d029ba29431,07/24/2025 03:50:00 PM,2,DRIVER,1,2014909,,FORD,EDGE,IL,2017,NONE,SPORT UTILITY VEHICLE (SUV),PERSONAL,N,STRAIGHT AHEAD,,,2,,,,,,,,,Y,Y,Y,,,,,,,REAR,,,,,,,,,,,,,,,,,,,,,,,,,,,,,,,,,
2113619,d66d4b6d3daf813dac6026e02f3ddecf7ead2bc6ae3b53cf18101e83395088cc7d72dad259f0bef8944b19f5c9e195fd634233db2b6ea34c31725c5d075c9c5a,07/24/2025 03:50:00 PM,1,DRIVER,,2014940,,HONDA,ELEMENT,IL,2008,UNKNOWN,PASSENGER,UNKNOWN/NA,S,STRAIGHT AHEAD,,,1,,,,,,,,,,,,,,,,Y,,FRONT,,,,,,,,,,,,,,,,,,,,,,,,,,,,,,,,,
2113620,d66d4b6d3daf813dac6026e02f3ddecf7ead2bc6ae3b53cf18101e83395088cc7d72dad259f0bef8944b19f5c9e195fd634233db2b6ea34c31725c5d075c9c5a,07/24/2025 03:50:00 PM,2,DRIVER,,2014949,,TOYOTA,CAMRY,IL,2015,UNKNOWN,PASSENGER,UNKNOWN/NA,S,STRAIGHT AHEAD,,,1,,,,,,,,,,Y,,,,,,,,REAR,,,,,,,,,,,,,,,,,,,,,,,,,,,,,,,,,
2113604,4f9e56e1fce14d32a52791b9e346208550782dbbdda0531422949aef37873d10c7c4a2bc489aaa0252eea4565c208adcbbd84987706368887505c110acc86dc2,07/24/2025 03:45:00 PM,1,DRIVER,,2014926,,GENERAL MOTORS CORPORATION (GMC),YUKON,IL,2013,UNKNOWN,SPORT UTILITY VEHICLE (SUV),PERSONAL,S,AVOIDING VEHICLES/OBJECTS,,,1,,,,,Y,,,,,,,,,,,Y,,FRONT-RIGHT-CORNER,,,,,,,,,,,,,,,,,,,,,,,,,,,,,,,,,
2113605,4f9e56e1fce14d32a52791b9e346208550782dbbdda0531422949aef37873d10c7c4a2bc489aaa0252eea4565c208adcbbd84987706368887505c110acc86dc2,07/24/2025 03:45:00 PM,2,DRIVER,1,2014954,,TOYOTA,TUNDRA,IL,2018,UNKNOWN,PICKUP,PERSONAL,S,SLOW/STOP IN TRAFFIC,,,2,,,,,,,,,,,Y,,,,Y,,,FRONT-LEFT-CORNER,,,,,,,,,,,,,,,,,,,,,,,,,,,,,,,,,
2113606,4f9e56e1fce14d32a52791b9e346208550782dbbdda0531422949aef37873d10c7c4a2bc489aaa0252eea4565c208adcbbd84987706368887505c110acc86dc2,07/24/2025 03:45:00 PM,3,DRIVER,,2014966,,JEEP,PATRIOT,IL,2016,UNKNOWN,SPORT UTILITY VEHICLE (SUV),PERSONAL,S,SLOW/STOP IN TRAFFIC,,,1,,,,,,,,,,Y,,,,,,,,REAR,,,,,,,,,,,,,,,,,,,,,,,,,,,,,,,,,
2113597,9fb59bd5f104e27a77ed65c39f79a0ab4b2a614f62db539f0fe8efd6debe06009de437c587afb44940d15f1a6d08d9e76395f3102df85b482b9de606f30ef713,07/24/2025 03:45:00 PM,1,DRIVER,,2014932,Y,UNKNOWN,OTHER (EXPLAIN IN NARRATIVE),,,UNKNOWN,OTHER,COMMERCIAL - SINGLE UNIT,N,UNKNOWN/NA,,,1,,,,,,,,,,,,,,,,,,UNKNOWN,,,,,,,,,,,,,,,,,,,,,,,,,,,,,,,,,
2113547,bb35a1292c9dd35618dde573a906707e5af621dc4a79c56be637b92b1f7d81f58ea9ef1faf00ac338471c398973983a320a42f3b48954173e586d0813c320b36,07/24/2025 03:45:00 PM,1,DRIVER,,2014869,,FORD,TRANSIT,IL,2019,UNKNOWN,UNKNOWN/NA,UNKNOWN/NA,NW,SLOW/STOP IN TRAFFIC,,,1,,,,Y,,,,,,,,,,,,,,FRONT,,,,,,,,,,,,,,,,,,,,,,,,,,,,,,,,,
2113548,bb35a1292c9dd35618dde573a906707e5af621dc4a79c56be637b92b1f7d81f58ea9ef1faf00ac338471c398973983a320a42f3b48954173e586d0813c320b36,07/24/2025 03:45:00 PM,2,DRIVER,,2014896,,FORD,EDGE,IL,2015,UNKNOWN,UNKNOWN/NA,UNKNOWN/NA,NW,SLOW/STOP IN TRAFFIC,,,1,,,,,,,,,,Y,,,,,,,,REAR,,,,,,,,,,,,,,,,,,,,,,,,,,,,,,,,,
2113580,49d0f907f01ac750d334cace616088333d7d5814f44f9bc21a8cdbd94e779132625a0f4a13e7ac7aa64436d801974710503ed536e32c5d66db70b13f41075cb1,07/24/2025 03:43:00 PM,1,DRIVER,1,2014917,,HONDA,ACCORD,IL,2014,NONE,PASSENGER,PERSONAL,NW,TURNING LEFT,,,2,,,,,,,,,,,,,,,,Y,,FRONT,,,,,,,,,,,,,,,,,,,,,,,,,,,,,,,,,
2113581,49d0f907f01ac750d334cace616088333d7d5814f44f9bc21a8cdbd94e779132625a0f4a13e7ac7aa64436d801974710503ed536e32c5d66db70b13f41075cb1,07/24/2025 03:43:00 PM,2,DRIVER,,2014922,,HYUNDAI,TUCSON,PA,2023,NONE,PASSENGER,PERSONAL,S,STRAIGHT AHEAD,,,1,,,,,,,,,,,,,,,Y,,,FRONT-LEFT-CORNER,,,,,,,,,,,,,,,,,,,,,,,,,,,,,,,,,
2113615,2b9bf86517b5a4b12abd43607378981f731b5f4b52525bb1c82051c052952d9c9f108143d6ec461d8d341aee66c5a88b4f435d2dfa16516f1a5a5e2fcb544799,07/24/2025 03:42:00 PM,1,DRIVER,1,2014934,,HONDA,CR-V,IL,2012,UNKNOWN,SPORT UTILITY VEHICLE (SUV),PERSONAL,E,STRAIGHT AHEAD,Y,,2,,PRIVATE TOW,,,Y,Y,Y,,,,,,Y,Y,Y,Y,,FRONT,,,,,,,,,,,,,,,,,,,,,,,,,,,,,,,,,
2113616,2b9bf86517b5a4b12abd43607378981f731b5f4b52525bb1c82051c052952d9c9f108143d6ec461d8d341aee66c5a88b4f435d2dfa16516f1a5a5e2fcb544799,07/24/2025 03:42:00 PM,2,DRIVER,1,2014957,N,NAVISTAR,NAVISTAR,IL,2013,UNKNOWN,BUS OVER 15 PASS.,SCHOOL BUS,S,STRAIGHT AHEAD,,,2,,,,,,Y,Y,Y,,,,,,,,,,SIDE-RIGHT,,,,,,,,,,,,,,,,,,,,,,,,,,,,,,,,,
2113571,5e00e4657cb254cc35104bb933d324dc5d5ede0764157e70ab4697f28fef052c9397c16c24ce8b870322ec61fee6762dc5d94a25038b716eec6174d6fa6f5314,07/24/2025 03:40:00 PM,1,DRIVER,,2014894,,TOYOTA,PRIUS,IL,2024,NONE,PASSENGER,PERSONAL,W,ENTERING TRAFFIC LANE FROM PARKING,,,1,,,,,N,N,,,,,,,,Y,Y,Y,,FRONT-LEFT-CORNER,,,,,,,,,,,,,,,,,,,,,,,,,,,,,,,,,
2113572,5e00e4657cb254cc35104bb933d324dc5d5ede0764157e70ab4697f28fef052c9397c16c24ce8b870322ec61fee6762dc5d94a25038b716eec6174d6fa6f5314,07/24/2025 03:40:00 PM,2,DRIVER,,2014906,,NISSAN,ALTIMA,IL,2015,NONE,PASSENGER,PERSONAL,W,STRAIGHT AHEAD,,,1,,,,,Y,Y,Y,Y,Y,Y,,,,,,Y,,FRONT-RIGHT-CORNER,,,,,,,,,,,,,,,,,,,,,,,,,,,,,,,,,
2113555,e79d28fb23ed6c40e9d6f00d5d90acffb2c7aeb358b9ecb0ff8d4d3efaec9a8580f0b87a8a7e3ca209ade99e0b81ff43299e7280cdc55bce2b1080692a739a20,07/24/2025 03:40:00 PM,1,DRIVER,,2014876,,HONDA,CIVIC,IL,2011,NONE,PASSENGER,PERSONAL,N,STRAIGHT AHEAD,,,1,,,,,Y,,,,,,,,,,Y,Y,,FRONT,,,,,,,,,,,,,,,,,,,,,,,,,,,,,,,,,
2113556,e79d28fb23ed6c40e9d6f00d5d90acffb2c7aeb358b9ecb0ff8d4d3efaec9a8580f0b87a8a7e3ca209ade99e0b81ff43299e7280cdc55bce2b1080692a739a20,07/24/2025 03:40:00 PM,2,DRIVER,1,2014881,,TOYOTA,COROLLA,IL,2009,NONE,PASSENGER,PERSONAL,N,SLOW/STOP IN TRAFFIC,,,2,,,,,,,,,Y,Y,Y,,,,,,,REAR,,,,,,,,,,,,,,,,,,,,,,,,,,,,,,,,,
2113532,0f2250b039b9d65cfbe5dd23e7203fd353c098fae7a5664d89bf31f98252050f27b4ecf987e5a08925883bbf1799ac8f452fcd951638c9b1e120e69b3dc77759,07/24/2025 03:35:00 PM,2,PARKED,,2014861,N,FORD,OTHER (EXPLAIN IN NARRATIVE),IL,2022,OTHER,TRUCK - SINGLE UNIT,COMMERCIAL - SINGLE UNIT,S,PARKED,,,0,,,,,,,,,,,,,,Y,N,,,SIDE-LEFT-FRONT,,,,,,,,,,,,,,,,,,,,,,,,,,,,,,,,,
2113533,0f2250b039b9d65cfbe5dd23e7203fd353c098fae7a5664d89bf31f98252050f27b4ecf987e5a08925883bbf1799ac8f452fcd951638c9b1e120e69b3dc77759,07/24/2025 03:35:00 PM,1,DRIVER,,2014877,,UNKNOWN,MOTORIZED,,,UNKNOWN,UNKNOWN/NA,UNKNOWN/NA,S,UNKNOWN/NA,,,1,,,,,,,,,,,,,,,,,Y,UNKNOWN,,,,,,,,,,,,,,,,,,,,,,,,,,,,,,,,,