CRASH_UNIT_ID,CRASH_RECORD_ID,CRASH_DATE,UNIT_NO,UNIT_TYPE,NUM_PASSENGERS,VEHICLE_ID,CMRC_VEH_I,MAKE,MODEL,LIC_PLATE_STATE,VEHICLE_YEAR,VEHICLE_DEFECT,VEHICLE_TYPE,VEHICLE_USE,TRAVEL_DIRECTION,MANEUVER,TOWED_I,FIRE_I,OCCUPANT_CNT,EXCEED_SPEED_LIMIT_I,TOWED_BY,TOWED_TO,AREA_00_I,AREA_01_I,AREA_02_I,AREA_03_I,AREA_04_I,AREA_05_I,AREA_06_I,AREA_07_I,AREA_08_I,AREA_09_I,AREA_10_I,AREA_11_I,AREA_12_I,AREA_99_I,FIRST_CONTACT_POINT,CMV_ID,USDOT_NO,CCMC_NO,ILCC_NO,COMMERCIAL_SRC,GVWR,CARRIER_NAME,CARRIER_STATE,CARRIER_CITY,HAZMAT_PLACARDS_I,HAZMAT_NAME,UN_NO,HAZMAT_PRESENT_I,HAZMAT_REPORT_I,HAZMAT_REPORT_NO,MCS_REPORT_I,MCS_REPORT_NO,HAZMAT_VIO_CAUSE_CRASH_I,MCS_VIO_CAUSE_CRASH_I,IDOT_PERMIT_NO,WIDE_LOAD_I,TRAILER1_WIDTH,TRAILER2_WIDTH,TRAILER1_LENGTH,TRAILER2_LENGTH,TOTAL_VEHICLE_LENGTH,AXLE_CNT,VEHICLE_CONFIG,CARGO_BODY_TYPE,LOAD_TYPE,HAZMAT_OUT_OF_SERVICE_I,MCS_OUT_OF_SERVICE_I,HAZMAT_CLASS
2113769,3426a093f0761d5bcde07a5f19d1b4cef87325a11b60d53b64a685b13f6bc1b5e31a140feb7d016f16294ad63c9901e97f97db80b481800ad6f63ceefe5fd675,07/24/2025 03:34:00 PM,1,DRIVER,,2015090,,FORD,ESCAPE,IL,2019,UNKNOWN,PASSENGER,UNKNOWN/NA,N,SLOW/STOP IN TRAFFIC,,,1,,,,,Y,,,,,,,,,,,Y,Y,FRONT-RIGHT-CORNER,,,,,,,,,,,,,,,,,,,,,,,,,,,,,,,,,
2113770,3426a093f0761d5bcde07a5f19d1b4cef87325a11b60d53b64a685b13f6bc1b5e31a140feb7d016f16294ad63c9901e97f97db80b481800ad6f63ceefe5fd675,07/24/2025 03:34:00 PM,2,DRIVER,4,2015093,N,TESLA,MODEL 3,IL,2022,NONE,PASSENGER,RIDESHARE SERVICE,N,SLOW/STOP IN TRAFFIC,,,5,,,,,,,,,,,,,,Y,,,,SIDE-LEFT-FRONT,,,,,,,,,,,,,,,,,,,,,,,,,,,,,,,,,
2113569,986b64bbb09995c9e08e430e2ac024f25027ca2aeb9dee5ae6c621182167ba9954b11927e0cdd9435ebb9eeffeb092f8f8a63a2bf5d2585bddf7bea808a388c1,07/24/2025 03:30:00 PM,1,DRIVER,,2014895,,TOYOTA,CAMRY,IL,2014,NONE,PASSENGER,DRIVER EDUCATION,S,STRAIGHT AHEAD,,,1,,,,,Y,,,,,,,,,,Y,Y,,FRONT,,,,,,,,,,,,,,,,,,,,,,,,,,,,,,,,,
2113570,986b64bbb09995c9e08e430e2ac024f25027ca2aeb9dee5ae6c621182167ba9954b11927e0cdd9435ebb9eeffeb092f8f8a63a2bf5d2585bddf7bea808a388c1,07/24/2025 03:30:00 PM,2,DRIVER,,2014890,,JEEP,LIBERTY,IL,2011,NONE,SPORT UTILITY VEHICLE (SUV),PERSONAL,S,SLOW/STOP IN TRAFFIC,,,1,,,,,,,,,,Y,,,,,,,,REAR,,,,,,,,,,,,,,,,,,,,,,,,,,,,,,,,,
2113719,c013c10062a3519d925be4a772472584bc78e727d9c987f597d83714364a93afb0613503a7e3c872b4d8a6c81c304acf6f1e245331cf4def6abefbfbfa13fd71,07/24/2025 03:25:00 PM,1,DRIVER,,2015034,,FORD,RANGER,IL,2001,UNKNOWN,PICKUP,PERSONAL,W,STRAIGHT AHEAD,,,1,,,,,,,,,,,Y,Y,Y,Y,Y,Y,,FRONT-LEFT-CORNER,,,,,,,,,,,,,,,,,,,,,,,,,,,,,,,,,
2113720,c013c10062a3519d925be4a772472584bc78e727d9c987f597d83714364a93afb0613503a7e3c872b4d8a6c81c304acf6f1e245331cf4def6abefbfbfa13fd71,07/24/2025 03:25:00 PM,2,PARKED,,2015044,,CHEVROLET,MALIBU,IL,2018,NONE,PASSENGER,PERSONAL,UNKNOWN,PARKED,,,0,,,,,Y,Y,Y,Y,Y,,,,,,,,,REAR-RIGHT-CORNER,,,,,,,,,,,,,,,,,,,,,,,,,,,,,,,,,
2113721,c013c10062a3519d925be4a772472584bc78e727d9c987f597d83714364a93afb0613503a7e3c872b4d8a6c81c304acf6f1e245331cf4def6abefbfbfa13fd71,07/24/2025 03:25:00 PM,3,PARKED,,2015055,,MAZDA,CX-5,IL,2025,NONE,PASSENGER,PERSONAL,UNKNOWN,PARKED,,,0,,,,,Y,Y,Y,Y,Y,Y,Y,,,,,,,REAR-RIGHT-CORNER,,,,,,,,,,,,,,,,,,,,,,,,,,,,,,,,,
2113722,c013c10062a3519d925be4a772472584bc78e727d9c987f597d83714364a93afb0613503a7e3c872b4d8a6c81c304acf6f1e245331cf4def6abefbfbfa13fd71,07/24/2025 03:25:00 PM,4,PARKED,,2015060,,FORD,TRANSIT,IL,2023,NONE,VAN/MINI-VAN,PERSONAL,UNKNOWN,PARKED,,,0,,,,,Y,Y,Y,Y,Y,Y,Y,,,,,,,REAR,,,,,,,,,,,,,,,,,,,,,,,,,,,,,,,,,
2113562,ec557708515ddd5839cae6914675d0f421248ae22432952e1775c895319771df1517bb6fc0ca010d64142f09a5d6d6e291434f4a8f40e0cc60da9b539e9e1dae,07/24/2025 03:23:00 PM,1,DRIVER,,2014887,,TOYOTA,PRIUS,IL,2012,UNKNOWN,PASSENGER,PERSONAL,E,STRAIGHT AHEAD,Y,,1,,PRIVATE TOW,UNKNOWN,,Y,,,,,,,,,,Y,Y,,FRONT,,,,,,,,,,,,,,,,,,,,,,,,,,,,,,,,,
2113563,ec557708515ddd5839cae6914675d0f421248ae22432952e1775c895319771df1517bb6fc0ca010d64142f09a5d6d6e291434f4a8f40e0cc60da9b539e9e1dae,07/24/2025 03:23:00 PM,2,DRIVER,1,2014897,,LEXUS,NX,IL,2016,UNKNOWN,PASSENGER,PERSONAL,E,STRAIGHT AHEAD,,,2,,,,,,,,,Y,Y,Y,,,,,,,REAR,,,,,,,,,,,,,,,,,,,,,,,,,,,,,,,,,
2113553,f26a489023111694a7a4a8cd41148623ca6d87d9db48b9aabf3935089c0eea6730b951ea9fc547bb9826e8d8f38e507ec208a8ab3a7bdb42111ffb52dfb4d8ed,07/24/2025 03:22:00 PM,1,DRIVER,,2014872,,FORD,F150,IL,2021,UNKNOWN,PICKUP,UNKNOWN/NA,W,MERGING,,,1,,,,,,,,,,,,,,,,,Y,FRONT-LEFT-CORNER,,,,,,,,,,,,,,,,,,,,,,,,,,,,,,,,,
2113554,f26a489023111694a7a4a8cd41148623ca6d87d9db48b9aabf3935089c0eea6730b951ea9fc547bb9826e8d8f38e507ec208a8ab3a7bdb42111ffb52dfb4d8ed,07/24/2025 03:22:00 PM,2,DRIVER,,2014879,,FORD,ESCAPE,IL,2006,UNKNOWN,PASSENGER,UNKNOWN/NA,W,SLOW/STOP IN TRAFFIC,,,1,,,,,Y,,,,,,,,,,,Y,,FRONT,,,,,,,,,,,,,,,,,,,,,,,,,,,,,,,,,
2128273,b482e871861f30f31e545f44f8c0ff0a53a6398044af4184401f6d71d7b077e972672abea795f73938adc636273dfc8d90f9c3f9e0e254a153303b95d4394bda,07/24/2025 03:19:00 PM,1,DRIVER,,2028872,,UNKNOWN,OTHER (EXPLAIN IN NARRATIVE),,,UNKNOWN,UNKNOWN/NA,UNKNOWN/NA,S,TURNING LEFT,,,1,,,,,,,,,,,,,,,,,Y,UNKNOWN,,,,,,,,,,,,,,,,,,,,,,,,,,,,,,,,,
2128278,b482e871861f30f31e545f44f8c0ff0a53a6398044af4184401f6d71d7b077e972672abea795f73938adc636273dfc8d90f9c3f9e0e254a153303b95d4394bda,07/24/2025 03:19:00 PM,2,PEDESTRIAN,,,,,,,,,,,,,,,,,,,,,,,,,,,,,,,,,,,,,,,,,,,,,,,,,,,,,,,,,,,,,,,,,,
2113739,033f4c2c629444580f7a40ab2768aaaa94e2c0b8627dd848e5bc374ffb692e41d75532b3826a26896739f055debdbf33d7eff4c80bd33e6f6443e1a004834a0b,07/24/2025 03:15:00 PM,1,DRIVER,,2015048,,JEEP,COMPASS,IL,2023,NONE,PASSENGER,PERSONAL,S,STRAIGHT AHEAD,,,1,,,,,Y,,,,,,,,,,Y,Y,,FRONT,,,,,,,,,,,,,,,,,,,,,,,,,,,,,,,,,
2113740,033f4c2c629444580f7a40ab2768aaaa94e2c0b8627dd848e5bc374ffb692e41d75532b3826a26896739f055debdbf33d7eff4c80bd33e6f6443e1a004834a0b,07/24/2025 03:15:00 PM,2,DRIVER,,2015058,,TOYOTA,PRIUS,FL,2010,NONE,PASSENGER,PERSONAL,S,SLOW/STOP IN TRAFFIC,,,1,,,,,,,,,Y,Y,Y,,,,,,,REAR,,,,,,,,,,,,,,,,,,,,,,,,,,,,,,,,,
2114441,309ee76f0e96026ee352b3bc030926b49cbc11fa79c44fe40fecbb2745f840254ae5b63ed547ec5e5d7af462451370a483b08115753839a68c28040b21aaf59f,07/24/2025 03:15:00 PM,1,DRIVER,,2015717,,DODGE,RAM 1500 PU,IL,2015,UNKNOWN,PICKUP,UNKNOWN/NA,N,STRAIGHT AHEAD,,,1,,,,,,,,,,,,,,,N,,,FRONT,,,,,,,,,,,,,,,,,,,,,,,,,,,,,,,,,
2114442,309ee76f0e96026ee352b3bc030926b49cbc11fa79c44fe40fecbb2745f840254ae5b63ed547ec5e5d7af462451370a483b08115753839a68c28040b21aaf59f,07/24/2025 03:15:00 PM,2,DRIVER,,2015726,,MERCEDES-BENZ,350 SERIES,IL,2013,UNKNOWN,SPORT UTILITY VEHICLE (SUV),UNKNOWN/NA,N,SLOW/STOP IN TRAFFIC,,,1,,,,,,,,,Y,Y,Y,,,,,,,REAR,,,,,,,,,,,,,,,,,,,,,,,,,,,,,,,,,
2113594,e912b55acf21df53a4383adab9eb249c13d8b6735ad26db42200467e88e26111773dc7887a215fbbfe94a53c4e925e21ece3560c7a9ed76d70d7669b82519d62,07/24/2025 03:14:00 PM,1,DRIVER,,2014915,,HYUNDAI,ELANTRA,IL,2019,UNKNOWN,PASSENGER,PERSONAL,W,STRAIGHT AHEAD,,,1,,,,,Y,,,,,,,,,,Y,Y,,FRONT,,,,,,,,,,,,,,,,,,,,,,,,,,,,,,,,,
2113595,e912b55acf21df53a4383adab9eb249c13d8b6735ad26db42200467e88e26111773dc7887a215fbbfe94a53c4e925e21ece3560c7a9ed76d70d7669b82519d62,07/24/2025 03:14:00 PM,2,DRIVER,3,2014924,,HONDA,CR-V,IL,2011,UNKNOWN,PASSENGER,PERSONAL,E,TURNING LEFT,Y,,4,,unkown,unknown,,Y,Y,,,,,,,,,Y,Y,,FRONT,,,,,,,,,,,,,,,,,,,,,,,,,,,,,,,,,
2117849,67af4e5bcd3582f20f5c4b8bbc0944727e9d79f5161b5bb47aa3a559b05a07b369d4d7e21b49ea24fa36b847019d3bec4c2542f59b368fa604d262e3bf4ec627,07/24/2025 03:12:00 PM,1,DRIVER,,2018905,,FORD,RANGER,IL,2021,NONE,PICKUP,CONSTRUCTION/MAINTENANCE,S,BACKING,,,1,,,,Y,,,,,,,,,,,,,,REAR-RIGHT-CORNER,,,,,,,,,,,,,,,,,,,,,,,,,,,,,,,,,
2117850,67af4e5bcd3582f20f5c4b8bbc0944727e9d79f5161b5bb47aa3a559b05a07b369d4d7e21b49ea24fa36b847019d3bec4c2542f59b368fa604d262e3bf4ec627,07/24/2025 03:12:00 PM,2,PARKED,,2018927,,SUZUKI,KIZASHI,IL,2011,NONE,PASSENGER,PERSONAL,N,PARKED,,,0,,,,,,,,,,,Y,,,,,,Y,REAR-LEFT-CORNER,,,,,,,,,,,,,,,,,,,,,,,,,,,,,,,,,
2113559,2190af2e4c5210f038ac43360a19b6b635faf848e047e53b0c1ef262fe4a1cbead625c2d6b964a3f8670ddc3076a42f69ca6badec9118329692b292936defcd5,07/24/2025 03:10:00 PM,1,DRIVER,,2014893,,JEEP,GRAND CHEROKEE,IL,2011,UNKNOWN,PASSENGER,PERSONAL,N,STRAIGHT AHEAD,,,1,,,,,Y,Y,,,,,,,,,,Y,,FRONT,,,,,,,,,,,,,,,,,,,,,,,,,,,,,,,,,
2113566,2190af2e4c5210f038ac43360a19b6b635faf848e047e53b0c1ef262fe4a1cbead625c2d6b964a3f8670ddc3076a42f69ca6badec9118329692b292936defcd5,07/24/2025 03:10:00 PM,2,DRIVER,,2014882,,NISSAN,SENTRA,IL,2014,NONE,PASSENGER,PERSONAL,W,STRAIGHT AHEAD,Y,,1,,UNKNOWN PRIVATE TOW,UNKNOWN,,Y,Y,,,,,Y,Y,,Y,Y,Y,,FRONT-LEFT-CORNER,,,,,,,,,,,,,,,,,,,,,,,,,,,,,,,,,
2113577,76a1cbb737929f314d20213d556d784c654ca07c4334a634030d86982148f2742596ab6ba3b30720845341e741373d5eb23fc66a0dbf4bfc75e2cf9e0c5a2cef,07/24/2025 03:10:00 PM,1,DRIVER,,2014901,,UNKNOWN,MOTORIZED,,,UNKNOWN,UNKNOWN/NA,UNKNOWN/NA,W,STRAIGHT AHEAD,,,1,,,,,,,,,,,,,,,,,,FRONT,,,,,,,,,,,,,,,,,,,,,,,,,,,,,,,,,
2113578,76a1cbb737929f314d20213d556d784c654ca07c4334a634030d86982148f2742596ab6ba3b30720845341e741373d5eb23fc66a0dbf4bfc75e2cf9e0c5a2cef,07/24/2025 03:10:00 PM,2,DRIVER,,2014908,,HONDA,CIVIC,IL,2013,UNKNOWN,PASSENGER,PERSONAL,N,STRAIGHT AHEAD,,,1,,,,,Y,Y,Y,,,,,,,,,,,SIDE-RIGHT,,,,,,,,,,,,,,,,,,,,,,,,,,,,,,,,,
2113579,76a1cbb737929f314d20213d556d784c654ca07c4334a634030d86982148f2742596ab6ba3b30720845341e741373d5eb23fc66a0dbf4bfc75e2cf9e0c5a2cef,07/24/2025 03:10:00 PM,3,DRIVER,,2014916,,LAND ROVER,RANGE ROVER (EVOQUE / SPORT / VELAR),IL,2021,NONE,SPORT UTILITY VEHICLE (SUV),PERSONAL,S,SLOW/STOP IN TRAFFIC,,,1,,,,,,,,,,,,,,Y,Y,,,FRONT-LEFT-CORNER,,,,,,,,,,,,,,,,,,,,,,,,,,,,,,,,,
2113592,240f8976c7c01a28a6d43c8470a7ca5c8b107082c1dbc87fb0fedc265cdbaefaa2f31b417e1922183209d6fa00f56b4eff66e3536467bdae87d7c335f5b6450d,07/24/2025 03:05:00 PM,1,DRIVER,,2014918,,NOVA BUS,OTHER (EXPLAIN IN NARRATIVE),IL,2015,NONE,BUS OVER 15 PASS.,CTA,N,UNKNOWN/NA,,,1,,,,Y,,,,,,,,,,,,,,UNKNOWN,,,,,,,,,,,,,,,,,,,,,,,,,,,,,,,,,
2113593,240f8976c7c01a28a6d43c8470a7ca5c8b107082c1dbc87fb0fedc265cdbaefaa2f31b417e1922183209d6fa00f56b4eff66e3536467bdae87d7c335f5b6450d,07/24/2025 03:05:00 PM,2,DRIVER,,2014930,,NISSAN,MAXIMA,IL,2016,OTHER,PASSENGER,PERSONAL,N,STRAIGHT AHEAD,,,1,,,,,Y,,,,,,,,,,,,,OTHER,,,,,,,,,,,,,,,,,,,,,,,,,,,,,,,,,
2113599,585a7e316f18e1c84d8a6433be60cb394bd498de05c6b3687cef2d4924b64f180279185590f7ff4e241f774ae3dc59b937c2471bf77f23d7d01c60a481a46917,07/24/2025 03:05:00 PM,1,BICYCLE,,,,,,,,,,,,,,,,,,,,,,,,,,,,,,,,,,,,,,,,,,,,,,,,,,,,,,,,,,,,,,,,,,
2113600,585a7e316f18e1c84d8a6433be60cb394bd498de05c6b3687cef2d4924b64f180279185590f7ff4e241f774ae3dc59b937c2471bf77f23d7d01c60a481a46917,07/24/2025 03:05:00 PM,2,DRIVER,,2014921,,HONDA,HR-V,IL,2022,NONE,SPORT UTILITY VEHICLE (SUV),PERSONAL,N,STRAIGHT AHEAD,,,1,,,,,,,,,,,Y,,,,,,,SIDE-LEFT-REAR,,,,,,,,,,,,,,,,,,,,,,,,,,,,,,,,,
2117199,0b3c4ec309e19448b480b0a2c0fc6be9afbc22377fbf8c2008415b8d7dd3c746b693c5a000e2b50453442b94a69a411195d3c4fbe4b20eabb4c3e6ecc1155f15,07/24/2025 03:00:00 PM,1,DRIVER,,2018344,,GENERAL MOTORS CORPORATION (GMC),YUKON,MS,2008,UNKNOWN,TRUCK - SINGLE UNIT,UNKNOWN/NA,E,STRAIGHT AHEAD,,,1,,,,,,,,,,,,,,,,,Y,UNKNOWN,,,,,,,,,,,,,,,,,,,,,,,,,,,,,,,,,
2117200,0b3c4ec309e19448b480b0a2c0fc6be9afbc22377fbf8c2008415b8d7dd3c746b693c5a000e2b50453442b94a69a411195d3c4fbe4b20eabb4c3e6ecc1155f15,07/24/2025 03:00:00 PM,2,DRIVER,,2018354,,CHEVROLET,MALIBU,IL,2016,UNKNOWN,PASSENGER,UNKNOWN/NA,E,STRAIGHT AHEAD,,,1,,,,,,,,,,Y,,,,,,,,REAR,,,,,,,,,,,,,,,,,,,,,,,,,,,,,,,,,
2113617,18edf445716ca040dbf7bd2734e3d2b3b8820f41aac0397a59f187359939935d7f1d605cab4faeb4170e015415a5af5fab942c94161f7ceb8cf8a156f8e57189,07/24/2025 03:00:00 PM,1,DRIVER,,2014933,,NISSAN,ROGUE,IL,2009,NONE,PASSENGER,PERSONAL,S,STRAIGHT AHEAD,,,1,,,,,,,,,,,,,,,,,,FRONT,,,,,,,,,,,,,,,,,,,,,,,,,,,,,,,,,
2113618,18edf445716ca040dbf7bd2734e3d2b3b8820f41aac0397a59f187359939935d7f1d605cab4faeb4170e015415a5af5fab942c94161f7ceb8cf8a156f8e57189,07/24/2025 03:00:00 PM,2,DRIVER,1,2014939,,BUICK,ENVISION,IL,2023,NONE,PASSENGER,PERSONAL,S,STRAIGHT AHEAD,,,2,,,,,,,,,,,,,,,,,,REAR,,,,,,,,,,,,,,,,,,,,,,,,,,,,,,,,,
2113749,320032ed78e16cbd4590d5721d87d115487aef969a54311f32e4fd2411c66c0d0232265100eadcb3a800883b169e1d7290973d6f440b6e71aef94824f652bc35,07/24/2025 03:00:00 PM,1,DRIVER,,2015067,,AUDI,Q3,IL,,NONE,UNKNOWN/NA,PERSONAL,W,CHANGING LANES,,,1,,,,Y,,,,,,,,,,,,,,UNKNOWN,,,,,,,,,,,,,,,,,,,,,,,,,,,,,,,,,
2113750,320032ed78e16cbd4590d5721d87d115487aef969a54311f32e4fd2411c66c0d0232265100eadcb3a800883b169e1d7290973d6f440b6e71aef94824f652bc35,07/24/2025 03:00:00 PM,2,DRIVER,,2015069,,LAND ROVER,FREELANDER,IL,2024,NONE,PASSENGER,PERSONAL,W,STRAIGHT AHEAD,,,1,,,,,,,,,,,,,,Y,Y,Y,,FRONT-LEFT-CORNER,,,,,,,,,,,,,,,,,,,,,,,,,,,,,,,,,
2140354,3b05502c581c17e1edbff827714efd6f5c0ee5ff5435f313e5c6b299c2c5b4fb76b0cfd94dc233b5e00b0d96a75aade549b0b27889c0ec788fbadc540b6ea83a,07/24/2025 03:00:00 PM,1,DRIVER,,2040332,,UNKNOWN,OTHER (EXPLAIN IN NARRATIVE),,,UNKNOWN,UNKNOWN/NA,UNKNOWN/NA,UNKNOWN,UNKNOWN/NA,,,1,,,,,,,,,,,,,,,,,,UNKNOWN,,,,,,,,,,,,,,,,,,,,,,,,,,,,,,,,,
2140355,3b05502c581c17e1edbff827714efd6f5c0ee5ff5435f313e5c6b299c2c5b4fb76b0cfd94dc233b5e00b0d96a75aade549b0b27889c0ec788fbadc540b6ea83a,07/24/2025 03:00:00 PM,2,PARKED,,2040335,,FORD,EXPLORER,IL,2021,UNKNOWN,SPORT UTILITY VEHICLE (SUV),PERSONAL,W,PARKED,,,0,,,,,,,Y,Y,Y,,,,,,,,,REAR-RIGHT-CORNER,,,,,,,,,,,,,,,,,,,,,,,,,,,,,,,,,
2113819,4e149a157c5a98655f202fe15c8d8877ab7f74c36b083d088d2af92fcfc6d220697bc9b0c8600830d92992df3b1cfb3a62745a7928e58a1429810976f2855bee,07/24/2025 03:00:00 PM,1,DRIVER,,2015132,,HYUNDAI,TUCSON,IL,2020,UNKNOWN,SPORT UTILITY VEHICLE (SUV),UNKNOWN/NA,NW,TURNING RIGHT,,,1,,,,,,,,,,,,,,,Y,,,FRONT-LEFT-CORNER,,,,,,,,,,,,,,,,,,,,,,,,,,,,,,,,,
2113820,4e149a157c5a98655f202fe15c8d8877ab7f74c36b083d088d2af92fcfc6d220697bc9b0c8600830d92992df3b1cfb3a62745a7928e58a1429810976f2855bee,07/24/2025 03:00:00 PM,2,DRIVER,,2015134,,HONDA,CR-V,IL,2016,UNKNOWN,SPORT UTILITY VEHICLE (SUV),PERSONAL,NW,TURNING RIGHT,,,1,,,,,,Y,Y,Y,,,,,,,,,,SIDE-RIGHT,,,,,,,,,,,,,,,,,,,,,,,,,,,,,,,,,
2113601,a3a6f53bf480c88e1eba861bb24841e1b8d79b3d5c12fb0b35d86d104ba4a8959745f39a09b86bde17aff7455eb3b2594fbf1c2c40f3809e81eb0f222f2ad6f3,07/24/2025 03:00:00 PM,1,DRIVER,,2014929,,JEEP,COMPASS,IL,2018,UNKNOWN,SPORT UTILITY VEHICLE (SUV),UNKNOWN/NA,UNKNOWN,UNKNOWN/NA,,,1,,,,,,,,,,,,,,,,,Y,UNKNOWN,,,,,,,,,,,,,,,,,,,,,,,,,,,,,,,,,
2113641,a3a6f53bf480c88e1eba861bb24841e1b8d79b3d5c12fb0b35d86d104ba4a8959745f39a09b86bde17aff7455eb3b2594fbf1c2c40f3809e81eb0f222f2ad6f3,07/24/2025 03:00:00 PM,2,BICYCLE,,,,,,,,,,,,,,,,,,,,,,,,,,,,,,,,,,,,,,,,,,,,,,,,,,,,,,,,,,,,,,,,,,
2113777,b8b0d2a836c6ace16b2d90ab705632065bdc7670c0ca2ad66bfc7b5832e0b5a4281d6c28917061442e41a36d6e147f3fb421e66512aaf6b6783c751378c78673,07/24/2025 03:00:00 PM,1,PARKED,,2015091,,TOYOTA,RAV4,IL,2021,NONE,PASSENGER,NOT IN USE,UNKNOWN,PARKED,Y,,0,,SELF TOW,,,,,,,,,,,,,,,,TOTAL (ALL AREAS),,,,,,,,,,,,,,,,,,,,,,,,,,,,,,,,,
2116395,b8d810983dcdc2970e9af5bb984e473d9a91571e2ad5cdb8fca92bfc1fdca3e4416b83b5eebe743422cfe4f7d08b71eeb87933e95952af814ca842c3146e048b,07/24/2025 03:00:00 PM,1,DRIVER,,2017566,,UNKNOWN,OTHER (EXPLAIN IN NARRATIVE),XX,,UNKNOWN,UNKNOWN/NA,UNKNOWN/NA,UNKNOWN,UNKNOWN/NA,,,1,,,,,,,,,,,,,,,,,Y,UNKNOWN,,,,,,,,,,,,,,,,,,,,,,,,,,,,,,,,,
2116396,b8d810983dcdc2970e9af5bb984e473d9a91571e2ad5cdb8fca92bfc1fdca3e4416b83b5eebe743422cfe4f7d08b71eeb87933e95952af814ca842c3146e048b,07/24/2025 03:00:00 PM,2,PARKED,,2017570,,CHEVROLET,MALIBU,IL,2007,UNKNOWN,UNKNOWN/NA,UNKNOWN/NA,UNKNOWN,PARKED,,,0,,,,,,,,,,,,,,Y,Y,Y,,FRONT-LEFT-CORNER,,,,,,,,,,,,,,,,,,,,,,,,,,,,,,,,,
2113983,c8edcead94e3e710c51d3aed8638ee713923c1ef4466b6e3bd24ef10095e12dca7ca0e01188882c0e56c0b29b2b0eb070ee2fad553f72f926225d42f93f15f55,07/24/2025 03:00:00 PM,1,DRIVER,,2015283,,TOYOTA,PRIUS,IL,2014,UNKNOWN,PASSENGER,UNKNOWN/NA,W,TURNING LEFT,,,1,,,,,,,,,,,,,,,,,Y,UNKNOWN,,,,,,,,,,,,,,,,,,,,,,,,,,,,,,,,,
2113984,c8edcead94e3e710c51d3aed8638ee713923c1ef4466b6e3bd24ef10095e12dca7ca0e01188882c0e56c0b29b2b0eb070ee2fad553f72f926225d42f93f15f55,07/24/2025 03:00:00 PM,2,DRIVER,,2015288,,HYUNDAI,TUCSON,IL,2012,UNKNOWN,PASSENGER,PERSONAL,S,STRAIGHT AHEAD,,,1,,,,,Y,,,,,,,,,,Y,Y,,FRONT,,,,,,,,,,,,,,,,,,,,,,,,,,,,,,,,,
2113526,d4a36f17743aa6c58ba2cc06f211cbdc0fc6b6ab1609965fc9b6560603cf42bb3007541109d106fdd13ffc3fd8b2d6d3b784340e65c3ee26f089b0615b80c828,07/24/2025 03:00:00 PM,1,DRIVER,,2014852,,CHEVROLET,TRAVERSE,IL,2017,UNKNOWN,SPORT UTILITY VEHICLE (SUV),UNKNOWN/NA,S,UNKNOWN/NA,,,1,,,,,,,,,,,,,,,,Y,,FRONT,,,,,,,,,,,,,,,,,,,,,,,,,,,,,,,,,
2113527,d4a36f17743aa6c58ba2cc06f211cbdc0fc6b6ab1609965fc9b6560603cf42bb3007541109d106fdd13ffc3fd8b2d6d3b784340e65c3ee26f089b0615b80c828,07/24/2025 03:00:00 PM,2,PARKED,5,2014854,,CHEVROLET,TAHOE,IL,2024,UNKNOWN,SPORT UTILITY VEHICLE (SUV),PERSONAL,S,PARKED,,,5,,,,,,,,,,Y,,,,,,,,REAR,,,,,,,,,,,,,,,,,,,,,,,,,,,,,,,,,
2113551,9a8930d69f883b3960735f8d8006474fa3a5a7f54ac32697ee21f57c370884bfad3512f8dd1e7573c07ffd3f5a023aac6cf17099bc3f26d8a5a2b686468067da,07/24/2025 02:58:00 PM,1,DRIVER,,2014883,,HONDA,ACCORD,IL,2025,NONE,PASSENGER,PERSONAL,S,PASSING/OVERTAKING,,,1,,,,,,,,Y,,,,,,,,,,SIDE-RIGHT-REAR,,,,,,,,,,,,,,,,,,,,,,,,,,,,,,,,,
2113552,9a8930d69f883b3960735f8d8006474fa3a5a7f54ac32697ee21f57c370884bfad3512f8dd1e7573c07ffd3f5a023aac6cf17099bc3f26d8a5a2b686468067da,07/24/2025 02:58:00 PM,2,DRIVER,,2014871,,BUICK,INVICTA,IL,2025,NONE,PASSENGER,PERSONAL,E,ENTER FROM DRIVE/ALLEY,,,1,,,,,,,,,,,,,,,,Y,,FRONT,,,,,,,,,,,,,,,,,,,,,,,,,,,,,,,,,
2113522,ecb68b3c65cb46839f2e8bb501172ce2708de60f785c1d50c63bcae2740bc954466d1a01536dca3e5b5aa518efa0b4f6cf9f4718756a6ea518a7ab13cf6ad545,07/24/2025 02:55:00 PM,1,DRIVER,,2014851,,CHEVROLET,TRAVERSE,IL,2016,UNKNOWN,PASSENGER,PERSONAL,SE,TURNING LEFT,,,1,,,,,Y,Y,,,,,,,,,,Y,,FRONT-RIGHT-CORNER,,,,,,,,,,,,,,,,,,,,,,,,,,,,,,,,,
2113523,ecb68b3c65cb46839f2e8bb501172ce2708de60f785c1d50c63bcae2740bc954466d1a01536dca3e5b5aa518efa0b4f6cf9f4718756a6ea518a7ab13cf6ad545,07/24/2025 02:55:00 PM,2,DRIVER,,2014860,,FORD,TRANSIT,IL,2016,UNKNOWN,VAN/MINI-VAN,OTHER,E,STRAIGHT AHEAD,,,1,,,,,,,,,,,,,,Y,Y,,,SIDE-LEFT-FRONT,,,,,,,,,,,,,,,,,,,,,,,,,,,,,,,,,