CRASH_UNIT_ID,CRASH_RECORD_ID,CRASH_DATE,UNIT_NO,UNIT_TYPE,NUM_PASSENGERS,VEHICLE_ID,CMRC_VEH_I,MAKE,MODEL,LIC_PLATE_STATE,VEHICLE_YEAR,VEHICLE_DEFECT,VEHICLE_TYPE,VEHICLE_USE,TRAVEL_DIRECTION,MANEUVER,TOWED_I,FIRE_I,OCCUPANT_CNT,EXCEED_SPEED_LIMIT_I,TOWED_BY,TOWED_TO,AREA_00_I,AREA_01_I,AREA_02_I,AREA_03_I,AREA_04_I,AREA_05_I,AREA_06_I,AREA_07_I,AREA_08_I,AREA_09_I,AREA_10_I,AREA_11_I,AREA_12_I,AREA_99_I,FIRST_CONTACT_POINT,CMV_ID,USDOT_NO,CCMC_NO,ILCC_NO,COMMERCIAL_SRC,GVWR,CARRIER_NAME,CARRIER_STATE,CARRIER_CITY,HAZMAT_PLACARDS_I,HAZMAT_NAME,UN_NO,HAZMAT_PRESENT_I,HAZMAT_REPORT_I,HAZMAT_REPORT_NO,MCS_REPORT_I,MCS_REPORT_NO,HAZMAT_VIO_CAUSE_CRASH_I,MCS_VIO_CAUSE_CRASH_I,IDOT_PERMIT_NO,WIDE_LOAD_I,TRAILER1_WIDTH,TRAILER2_WIDTH,TRAILER1_LENGTH,TRAILER2_LENGTH,TOTAL_VEHICLE_LENGTH,AXLE_CNT,VEHICLE_CONFIG,CARGO_BODY_TYPE,LOAD_TYPE,HAZMAT_OUT_OF_SERVICE_I,MCS_OUT_OF_SERVICE_I,HAZMAT_CLASS
2113573,f4e1f209d745e1481b06c47f247eeed57d889971013d6e7a7debf1e23976b1a294f4b470f1076d396e6dc87781d3eea60192cc8cf01419da1aefc6c2c874b409,07/24/2025 02:45:00 PM,1,DRIVER,,2014900,,SUBARU,ASCENT,IL,2023,UNKNOWN,PASSENGER,OTHER,E,BACKING,,,1,,,,,,,,,Y,Y,Y,,,,,,,REAR,,,,,,,,,,,,,,,,,,,,,,,,,,,,,,,,,
2113574,f4e1f209d745e1481b06c47f247eeed57d889971013d6e7a7debf1e23976b1a294f4b470f1076d396e6dc87781d3eea60192cc8cf01419da1aefc6c2c874b409,07/24/2025 02:45:00 PM,2,PARKED,,2014903,,CHEVROLET,OTHER (EXPLAIN IN NARRATIVE),IL,2019,UNKNOWN,PASSENGER,PERSONAL,W,PARKED,,,0,,,,,Y,,,,,,,,,,Y,Y,,FRONT,,,,,,,,,,,,,,,,,,,,,,,,,,,,,,,,,
2113699,33bdc18c61cbd5106201dc1b12a950d9f541111a31a1c9d5a0ac0d9062e35c377f6e00320b0b6ab5eee1b3d3037060ef0721cfd760518950940abfcdf686bf5a,07/24/2025 02:30:00 PM,2,DRIVER,,2015018,,CHEVROLET,EQUINOX,IL,2019,NONE,PASSENGER,PERSONAL,N,STRAIGHT AHEAD,,,1,,,,,Y,,,,,,,,,,,,,FRONT-RIGHT-CORNER,,,,,,,,,,,,,,,,,,,,,,,,,,,,,,,,,
2113700,33bdc18c61cbd5106201dc1b12a950d9f541111a31a1c9d5a0ac0d9062e35c377f6e00320b0b6ab5eee1b3d3037060ef0721cfd760518950940abfcdf686bf5a,07/24/2025 02:30:00 PM,1,BICYCLE,,,,,,,,,,,,,,,,,,,,,,,,,,,,,,,,,,,,,,,,,,,,,,,,,,,,,,,,,,,,,,,,,,
2113538,63e3a9e139a42bfa4a369948e60e0d63feeddf9e102937a9e5873a974be5943c32939473a405d909325a42091a1ed27f0354c173a9688d948cf609e3c6f37742,07/24/2025 02:30:00 PM,1,DRIVER,1,2014863,,HONDA,CR-V,IL,2009,UNKNOWN,SPORT UTILITY VEHICLE (SUV),PERSONAL,W,TURNING LEFT,Y,,2,,frausto towing,,,Y,Y,Y,,,,,,,,Y,Y,,FRONT-RIGHT-CORNER,,,,,,,,,,,,,,,,,,,,,,,,,,,,,,,,,
2113539,63e3a9e139a42bfa4a369948e60e0d63feeddf9e102937a9e5873a974be5943c32939473a405d909325a42091a1ed27f0354c173a9688d948cf609e3c6f37742,07/24/2025 02:30:00 PM,2,DRIVER,,2014878,,CHEVROLET,SILVERADO,IL,2012,NONE,PICKUP,PERSONAL,E,STRAIGHT AHEAD,,,1,,,,,Y,,,,,,,,,,Y,Y,,FRONT-RIGHT-CORNER,,,,,,,,,,,,,,,,,,,,,,,,,,,,,,,,,
2113540,63e3a9e139a42bfa4a369948e60e0d63feeddf9e102937a9e5873a974be5943c32939473a405d909325a42091a1ed27f0354c173a9688d948cf609e3c6f37742,07/24/2025 02:30:00 PM,3,DRIVER,,2014888,,TOYOTA,TACOMA,IL,2022,NONE,PICKUP,PERSONAL,N,SLOW/STOP IN TRAFFIC,,,1,,,,,Y,,,,,,,,,,Y,Y,,FRONT,,,,,,,,,,,,,,,,,,,,,,,,,,,,,,,,,
2113710,a9a5b5d4afa9e2cada097006232cb0c4e6eca314fdf5498ddc61e9399a7c78803fd16d397e66c326ed216fbde9296ed3fc7be72633c6f1f39c74f3887b3c425e,07/24/2025 02:30:00 PM,1,DRIVER,1,2015021,,CHRYSLER,200,IL,2015,NONE,PASSENGER,PERSONAL,E,STRAIGHT AHEAD,,,2,,,,,,,,,,,,,,,Y,Y,,FRONT,,,,,,,,,,,,,,,,,,,,,,,,,,,,,,,,,
2113711,a9a5b5d4afa9e2cada097006232cb0c4e6eca314fdf5498ddc61e9399a7c78803fd16d397e66c326ed216fbde9296ed3fc7be72633c6f1f39c74f3887b3c425e,07/24/2025 02:30:00 PM,2,DRIVER,1,2015022,,JEEP,GRAND CHEROKEE,IL,2011,NONE,PASSENGER,PERSONAL,E,PASSING/OVERTAKING,,,2,,,,,,,,,,Y,,,,,,,,REAR,,,,,,,,,,,,,,,,,,,,,,,,,,,,,,,,,
2113508,ce3ea49b476f8947996bb4091d6c1a7099a7e7772e316c2186bf1c384a812d7cf38458c8873dc1537ad562faca7c1185a97fc3954e27fa663a1579f268569827,07/24/2025 02:30:00 PM,1,DRIVER,,2014833,,JAGUAR,OTHER (EXPLAIN IN NARRATIVE),IL,2020,UNKNOWN,SPORT UTILITY VEHICLE (SUV),UNKNOWN/NA,S,PASSING/OVERTAKING,,,1,,,,,,,,,,,,,,,,,,UNKNOWN,,,,,,,,,,,,,,,,,,,,,,,,,,,,,,,,,
2113509,ce3ea49b476f8947996bb4091d6c1a7099a7e7772e316c2186bf1c384a812d7cf38458c8873dc1537ad562faca7c1185a97fc3954e27fa663a1579f268569827,07/24/2025 02:30:00 PM,2,DRIVER,,2014859,,HONDA,ACCORD,IL,2005,UNKNOWN,PASSENGER,PERSONAL,S,STRAIGHT AHEAD,,,1,,,,,,,,,,,,,,,Y,,,SIDE-LEFT,,,,,,,,,,,,,,,,,,,,,,,,,,,,,,,,,
2113557,bb67e0d9f39de562b5a6882321c108f97e3cb8ea4be8eb4d3c453a56b9db3ae280c7dcbaf5f5f4deba979a2117a3bd6bb2ed30c78b3b27075bf26cbfd2488260,07/24/2025 02:25:00 PM,1,DRIVER,,2014880,,TOYOTA,CAMRY,IL,2009,NONE,PASSENGER,PERSONAL,W,STRAIGHT AHEAD,Y,,1,,OWNER,UNKNOWN,,Y,,,,,,,,,,Y,Y,,FRONT,,,,,,,,,,,,,,,,,,,,,,,,,,,,,,,,,
2113558,bb67e0d9f39de562b5a6882321c108f97e3cb8ea4be8eb4d3c453a56b9db3ae280c7dcbaf5f5f4deba979a2117a3bd6bb2ed30c78b3b27075bf26cbfd2488260,07/24/2025 02:25:00 PM,2,DRIVER,,2014891,,TOYOTA,CAMRY,IL,2019,NONE,PASSENGER,PERSONAL,S,STRAIGHT AHEAD,,,1,,,,,,,,,,,,,Y,Y,,,,SIDE-LEFT,,,,,,,,,,,,,,,,,,,,,,,,,,,,,,,,,
2113536,d6d4113d56ab53801e25c67ab9548a0979589079fff4269e624d38d9ddf8247a8d0ba2a2d60f582f62bc2f450a4a387c99f4fd25ee6116925ff6c74d7e7d0e2a,07/24/2025 02:24:00 PM,1,DRIVER,,2014866,,TOYOTA,COROLLA,IL,2011,UNKNOWN,PASSENGER,PERSONAL,SW,TURNING LEFT,,,1,,,,,Y,,,,,,,,,,,Y,,FRONT-RIGHT-CORNER,,,,,,,,,,,,,,,,,,,,,,,,,,,,,,,,,
2113537,d6d4113d56ab53801e25c67ab9548a0979589079fff4269e624d38d9ddf8247a8d0ba2a2d60f582f62bc2f450a4a387c99f4fd25ee6116925ff6c74d7e7d0e2a,07/24/2025 02:24:00 PM,2,DRIVER,,2014875,,CHEVROLET,CORVETTE,IL,1987,UNKNOWN,PASSENGER,PERSONAL,E,STRAIGHT AHEAD,Y,,1,,UNK,UNK,,,,,,,,,,,,Y,Y,,FRONT-LEFT-CORNER,,,,,,,,,,,,,,,,,,,,,,,,,,,,,,,,,
2113498,6df2b7687dfe74b1be09bd343937626d18f550c9405a55f51ea725b8b0c5a11057ce4f2c456fa23210dbd4f942363288035bf003c1e0eab8fa7ca4bee9f49c57,07/24/2025 02:19:00 PM,1,DRIVER,,2014815,,CHEVROLET,TAHOE,IL,2002,BRAKES,PICKUP,PERSONAL,SW,STRAIGHT AHEAD,Y,,1,,INSURANCE,,,,,,,,,,,,,Y,Y,,FRONT,,,,,,,,,,,,,,,,,,,,,,,,,,,,,,,,,
2113499,6df2b7687dfe74b1be09bd343937626d18f550c9405a55f51ea725b8b0c5a11057ce4f2c456fa23210dbd4f942363288035bf003c1e0eab8fa7ca4bee9f49c57,07/24/2025 02:19:00 PM,2,DRIVER,,2014819,,MAZDA,CX-5,IL,2016,NONE,PASSENGER,PERSONAL,SW,STRAIGHT AHEAD,,,1,,,,,,,,,Y,Y,Y,,,,,,,REAR,,,,,,,,,,,,,,,,,,,,,,,,,,,,,,,,,
2114777,5011f15728fd26ea14b0ff57c9bd772bd67d93cba9582fc4b7a6aa001ff121332af465f72f897ad5afd3622a9aeca1eec024ea99fcf0e8bd60d3b65e306fa64a,07/24/2025 02:15:00 PM,1,DRIVER,,2016035,,KIA,SELTOS,IL,2026,NONE,PASSENGER,PERSONAL,E,STRAIGHT AHEAD,,,1,,,,,,,,,,,,,,,,Y,,FRONT,,,,,,,,,,,,,,,,,,,,,,,,,,,,,,,,,
2114778,5011f15728fd26ea14b0ff57c9bd772bd67d93cba9582fc4b7a6aa001ff121332af465f72f897ad5afd3622a9aeca1eec024ea99fcf0e8bd60d3b65e306fa64a,07/24/2025 02:15:00 PM,2,DRIVER,1,2016083,,TOYOTA,RAV4,IL,2018,NONE,PASSENGER,NOT IN USE,E,STRAIGHT AHEAD,,,2,,,,,,,,,Y,Y,,,,,,,,REAR-RIGHT-CORNER,,,,,,,,,,,,,,,,,,,,,,,,,,,,,,,,,
2114783,5011f15728fd26ea14b0ff57c9bd772bd67d93cba9582fc4b7a6aa001ff121332af465f72f897ad5afd3622a9aeca1eec024ea99fcf0e8bd60d3b65e306fa64a,07/24/2025 02:15:00 PM,3,DRIVER,,2016040,,TOYOTA,RAV4,IL,2018,NONE,PASSENGER,NOT IN USE,E,STRAIGHT AHEAD,,,1,,,,Y,,,,,,,,,,,,,,REAR,,,,,,,,,,,,,,,,,,,,,,,,,,,,,,,,,
2115690,dad4b3f3b7e634cd71e9caf1a929e29299f321df1062b6d7c14be940c1b4dbd16e9bccc76416dac14b5c634039ae3c5e4c608be7fd14c254bcbb95d6a65c7b88,07/24/2025 02:15:00 PM,1,DRIVER,,2016901,,HYUNDAI,OTHER (EXPLAIN IN NARRATIVE),IL,2015,UNKNOWN,UNKNOWN/NA,UNKNOWN/NA,UNKNOWN,UNKNOWN/NA,,,1,,,,,Y,Y,Y,Y,Y,N,N,,,,N,N,,SIDE-RIGHT,,,,,,,,,,,,,,,,,,,,,,,,,,,,,,,,,
2115691,dad4b3f3b7e634cd71e9caf1a929e29299f321df1062b6d7c14be940c1b4dbd16e9bccc76416dac14b5c634039ae3c5e4c608be7fd14c254bcbb95d6a65c7b88,07/24/2025 02:15:00 PM,2,PARKED,,2016905,,TESLA,MODEL 3,IL,2023,NONE,PASSENGER,NOT IN USE,UNKNOWN,PARKED,,,0,,,,,,,,,N,N,Y,Y,Y,Y,Y,,,SIDE-LEFT,,,,,,,,,,,,,,,,,,,,,,,,,,,,,,,,,
2114133,dc506c7d2713c8e9937a4d3519fa3e967ecc9001623028b105b8b9989562add08d717ee97e4f15801d3e201a5aafc3915f358836c87c2b4add6a076b36186fe2,07/24/2025 02:09:00 PM,1,DRIVER,,2015427,,NISSAN,LEAF,IL,2022,NONE,PASSENGER,PERSONAL,W,STRAIGHT AHEAD,,,1,,,,,,,,,,,Y,Y,Y,Y,Y,,,SIDE-LEFT,,,,,,,,,,,,,,,,,,,,,,,,,,,,,,,,,
2113488,b70df15ec2ac528636230edb76dcd65b5098a345cdc31e4fc6d57c9823ae81fbd99249270b2fc193ceb996f71dadebfc2651c646209128714b4a6ba12e896115,07/24/2025 02:02:00 PM,1,DRIVER,,2014812,,MAZDA,CX-30,MO,2021,NONE,PASSENGER,PERSONAL,N,CHANGING LANES,,,1,,,,,,,,,,,Y,Y,Y,Y,,,,SIDE-LEFT-FRONT,,,,,,,,,,,,,,,,,,,,,,,,,,,,,,,,,
2113489,b70df15ec2ac528636230edb76dcd65b5098a345cdc31e4fc6d57c9823ae81fbd99249270b2fc193ceb996f71dadebfc2651c646209128714b4a6ba12e896115,07/24/2025 02:02:00 PM,2,DRIVER,,2014822,,KIA,OPTIMA / K5,IL,2025,NONE,PASSENGER,PERSONAL,N,STRAIGHT AHEAD,,,1,,,,,,,Y,Y,Y,,,,,,,,,FRONT-RIGHT-CORNER,,,,,,,,,,,,,,,,,,,,,,,,,,,,,,,,,
2113741,1bde1c22a7c2e2e6d4a37bdbf5449b91c340cb709193bcbac74afe382a9a34b50e9733e94bf33c1f0695522cc6d0dab9cf37338c27510de244c1d396348d29a5,07/24/2025 02:00:00 PM,1,DRIVER,,2015050,,UNKNOWN,OTHER (EXPLAIN IN NARRATIVE),IL,,UNKNOWN,UNKNOWN/NA,UNKNOWN/NA,UNKNOWN,UNKNOWN/NA,,,1,,,,,,,,,,,,,,,,,Y,UNKNOWN,,,,,,,,,,,,,,,,,,,,,,,,,,,,,,,,,
2113742,1bde1c22a7c2e2e6d4a37bdbf5449b91c340cb709193bcbac74afe382a9a34b50e9733e94bf33c1f0695522cc6d0dab9cf37338c27510de244c1d396348d29a5,07/24/2025 02:00:00 PM,2,PARKED,,2015057,,GENERAL MOTORS CORPORATION (GMC),YUKON,IL,2015,UNKNOWN,PASSENGER,PERSONAL,S,PARKED,,,0,,,,,,,,,,,,,,Y,Y,Y,,UNKNOWN,,,,,,,,,,,,,,,,,,,,,,,,,,,,,,,,,
2113502,4d68ff74e3739caffc32cea8eb98db6f47d62590c374352f19c3dd230e151a3781c9bcd2ad1d0f4a52779be0a6613d996918d890192af4ff052304c64fd0e6c6,07/24/2025 02:00:00 PM,1,DRIVER,,2014817,,TOYOTA,OTHER (EXPLAIN IN NARRATIVE),IL,,UNKNOWN,PASSENGER,PERSONAL,N,BACKING,,,1,,,,,,,,,,,,,,,,,,REAR,,,,,,,,,,,,,,,,,,,,,,,,,,,,,,,,,
2113503,4d68ff74e3739caffc32cea8eb98db6f47d62590c374352f19c3dd230e151a3781c9bcd2ad1d0f4a52779be0a6613d996918d890192af4ff052304c64fd0e6c6,07/24/2025 02:00:00 PM,2,DRIVER,,2014828,,CHEVROLET,MALIBU,,,UNKNOWN,PASSENGER,PERSONAL,W,STRAIGHT AHEAD,,,1,,,,,,,,,,,,,,,,,,SIDE-RIGHT,,,,,,,,,,,,,,,,,,,,,,,,,,,,,,,,,
2116371,8736806b6ffb1b5f9651d86079026f2fe44dc22c18d586d60bb3da113494fcdb8528d56775aa1ab2105321d2d11f291605b9854d83696d164d3276e051e8857b,07/24/2025 02:00:00 PM,1,DRIVER,,2017541,,UNKNOWN,OTHER (EXPLAIN IN NARRATIVE),IL,,UNKNOWN,UNKNOWN/NA,UNKNOWN/NA,S,UNKNOWN/NA,,,1,,,,,,,,,,,,,,,,,Y,FRONT-LEFT-CORNER,,,,,,,,,,,,,,,,,,,,,,,,,,,,,,,,,
2116372,8736806b6ffb1b5f9651d86079026f2fe44dc22c18d586d60bb3da113494fcdb8528d56775aa1ab2105321d2d11f291605b9854d83696d164d3276e051e8857b,07/24/2025 02:00:00 PM,2,PARKED,,2017548,,CHEVROLET,COLORADO,IL,2024,UNKNOWN,PICKUP,PERSONAL,S,PARKED,,,0,,,,,,,Y,Y,,,,,,,,,,SIDE-RIGHT-REAR,,,,,,,,,,,,,,,,,,,,,,,,,,,,,,,,,
2113897,9648a77158b4d82d9551f0eab214a4ace3bef03614c0556ba7bfa80f3b9d3b3dddd167eaedcc9d6c96b7d79f87cd8fbcbd1ce24362891014e29f873c84d64f9b,07/24/2025 02:00:00 PM,1,DRIVER,,2015206,,INTERNATIONAL TRAILER CORPORATION,INTERNATIONAL TRAILER CORP.,IL,2000,NONE,TRACTOR W/ SEMI-TRAILER,PERSONAL,W,STRAIGHT AHEAD,,,1,,,,,,,,,,,N,,,,,,,UNKNOWN,,,,,,,,,,,,,,,,,,,,,,,,,,,,,,,,,
2113898,9648a77158b4d82d9551f0eab214a4ace3bef03614c0556ba7bfa80f3b9d3b3dddd167eaedcc9d6c96b7d79f87cd8fbcbd1ce24362891014e29f873c84d64f9b,07/24/2025 02:00:00 PM,2,PARKED,,2015204,,INTERNATIONAL TRAILER CORPORATION,INTERNATIONAL TRAILER CORP.,IL,2024,NONE,TRACTOR W/ SEMI-TRAILER,PERSONAL,W,PARKED,,,0,,,,,Y,Y,,,,,,,,,,,,SIDE-RIGHT,,,,,,,,,,,,,,,,,,,,,,,,,,,,,,,,,
2113470,ae1b4dee4a55ed16c02cca46418402fbe89a5a5565901ad7f49545fce0037c9a1006c4687e7df42b0cec7555dc52169d101c7e0ef10f229eec12251220b4e796,07/24/2025 02:00:00 PM,1,DRIVER,,2014799,,HONDA,ACCORD,IL,2008,UNKNOWN,PASSENGER,UNKNOWN/NA,N,STRAIGHT AHEAD,,,1,,,,,,,,,,,,,,,,,,UNKNOWN,,,,,,,,,,,,,,,,,,,,,,,,,,,,,,,,,
2113471,ae1b4dee4a55ed16c02cca46418402fbe89a5a5565901ad7f49545fce0037c9a1006c4687e7df42b0cec7555dc52169d101c7e0ef10f229eec12251220b4e796,07/24/2025 02:00:00 PM,2,DRIVER,,2014791,,VOLKSWAGEN,TIGUAN,IL,2024,NONE,SPORT UTILITY VEHICLE (SUV),PERSONAL,N,STRAIGHT AHEAD,,,1,,,,,,,,,,Y,Y,,,,,,,REAR-LEFT-CORNER,,,,,,,,,,,,,,,,,,,,,,,,,,,,,,,,,
2113633,faf2f6d243d4d7b1345a3eb17716e7661598bda163d15e076a126bce07f1b548302dd760e76e04dc77704f7b0f6640ad474fc6200adf29b411a6d5edf6312cf8,07/24/2025 01:52:00 PM,1,DRIVER,,2014961,,VOLKSWAGEN,OTHER (EXPLAIN IN NARRATIVE),IL,2022,UNKNOWN,SPORT UTILITY VEHICLE (SUV),PERSONAL,E,STRAIGHT AHEAD,Y,,1,,PRIVATE TOW,,,Y,,,,,,,,,,Y,Y,,FRONT-LEFT-CORNER,,,,,,,,,,,,,,,,,,,,,,,,,,,,,,,,,
2113634,faf2f6d243d4d7b1345a3eb17716e7661598bda163d15e076a126bce07f1b548302dd760e76e04dc77704f7b0f6640ad474fc6200adf29b411a6d5edf6312cf8,07/24/2025 01:52:00 PM,2,DRIVER,,2014976,,HONDA,CR-V,IL,2024,UNKNOWN,SPORT UTILITY VEHICLE (SUV),PERSONAL,SW,STRAIGHT AHEAD,Y,,1,,PRIVATE TOW,,,Y,,,,,,,,,,Y,Y,,FRONT,,,,,,,,,,,,,,,,,,,,,,,,,,,,,,,,,
2113668,faf2f6d243d4d7b1345a3eb17716e7661598bda163d15e076a126bce07f1b548302dd760e76e04dc77704f7b0f6640ad474fc6200adf29b411a6d5edf6312cf8,07/24/2025 01:52:00 PM,3,PARKED,,2014982,,JEEP,RENEGADE,IL,2018,UNKNOWN,SPORT UTILITY VEHICLE (SUV),PERSONAL,NE,PARKED,Y,,0,,PRIVATE TOW,,,,,,,,,,,Y,Y,Y,,,SIDE-LEFT-FRONT,,,,,,,,,,,,,,,,,,,,,,,,,,,,,,,,,
2113751,1364f242af6423a7974a76640a4af6ff3a31a5b328071c5a6371f30074c314ca2099a39ecdbb9b96e4539056144be095b6437a241e802d8639f2d09e1e12d277,07/24/2025 01:50:00 PM,1,DRIVER,,2015066,,MERCEDES-BENZ,OTHER (EXPLAIN IN NARRATIVE),IL,,UNKNOWN,PASSENGER,PERSONAL,W,PASSING/OVERTAKING,,,1,,,,,,N,,,,,,,,Y,,,,SIDE-LEFT,,,,,,,,,,,,,,,,,,,,,,,,,,,,,,,,,
2113752,1364f242af6423a7974a76640a4af6ff3a31a5b328071c5a6371f30074c314ca2099a39ecdbb9b96e4539056144be095b6437a241e802d8639f2d09e1e12d277,07/24/2025 01:50:00 PM,2,DRIVER,,2015071,,FORD,TRANSIT,IL,2020,NONE,PASSENGER,OTHER,W,STRAIGHT AHEAD,,,1,,,,,,Y,,,,,,,,,,,,SIDE-RIGHT,,,,,,,,,,,,,,,,,,,,,,,,,,,,,,,,,
2113549,259cde20e9c4e76d1ed82e93b91610da3d391a7ed1946b5adc9e46574df49880c7d6546030bdb1eb4001ae93fbd1e653597db554947db0c3c0b0f8c7881efb89,07/24/2025 01:50:00 PM,1,DRIVER,,2014874,,GENERAL MOTORS CORPORATION (GMC),SIERRA,IL,2010,UNKNOWN,PICKUP,PERSONAL,SW,TURNING RIGHT,,,1,,,,,N,N,N,,,,,,Y,Y,Y,,,SIDE-LEFT-FRONT,,,,,,,,,,,,,,,,,,,,,,,,,,,,,,,,,
2113550,259cde20e9c4e76d1ed82e93b91610da3d391a7ed1946b5adc9e46574df49880c7d6546030bdb1eb4001ae93fbd1e653597db554947db0c3c0b0f8c7881efb89,07/24/2025 01:50:00 PM,2,DRIVER,,2014885,,KIA,OPTIMA / K5,IL,2018,NONE,PASSENGER,PERSONAL,NW,TURNING LEFT,,,1,,,,,,Y,,,,,,,,,,,,SIDE-RIGHT-FRONT,,,,,,,,,,,,,,,,,,,,,,,,,,,,,,,,,
2113564,b7550f08ccad1efaef2396128a7f7ef5edace59a6bc4701b9553298bd567ec69ce23d10731f66a782695bddfb80cd0a48f9e12da64bbbe9d6e4b6b3c0a877c9a,07/24/2025 01:50:00 PM,1,DRIVER,,2014889,Y,"PETERBILT MOTORS COMPANY (DIVISION OF PACCAR, INC.)",OTHER (EXPLAIN IN NARRATIVE),IA,2018,UNKNOWN,SINGLE UNIT TRUCK WITH TRAILER,COMMERCIAL - MULTI-UNIT,NE,TURNING RIGHT,,,1,,,,,,,,,,,Y,Y,,,,,,REAR-LEFT-CORNER,"21,885",920076,,,PAPERS,,ANTHONY P&L INC.,IA,LE MARS,,,,N,N,,N,,N,N,,,,,,,,,TRACTOR/SEMI-TRAILER,OTHER,UNKNOWN,N,N,
2113565,b7550f08ccad1efaef2396128a7f7ef5edace59a6bc4701b9553298bd567ec69ce23d10731f66a782695bddfb80cd0a48f9e12da64bbbe9d6e4b6b3c0a877c9a,07/24/2025 01:50:00 PM,2,DRIVER,,2014898,,DODGE,DURANGO,IL,2017,UNKNOWN,PASSENGER,PERSONAL,S,STRAIGHT AHEAD,Y,,1,,PRIVATE TOW,,,,,,,,,,,,Y,Y,,,FRONT-RIGHT-CORNER,,,,,,,,,,,,,,,,,,,,,,,,,,,,,,,,,
2113510,2049ed25a7b4cb48faf7cdb0fbca8257acd5d0d89ff0129618385f173ea4f2fd0827e9ffa26df25e5e0b06220bff9c541a3c2a92e5452786def7ece9b1498b41,07/24/2025 01:48:00 PM,1,DRIVER,,2014827,,FORD,FLEX,IL,2009,NONE,PASSENGER,PERSONAL,N,STRAIGHT AHEAD,,,1,,,,,Y,,,,,,,,,,Y,Y,,FRONT,,,,,,,,,,,,,,,,,,,,,,,,,,,,,,,,,
2113511,2049ed25a7b4cb48faf7cdb0fbca8257acd5d0d89ff0129618385f173ea4f2fd0827e9ffa26df25e5e0b06220bff9c541a3c2a92e5452786def7ece9b1498b41,07/24/2025 01:48:00 PM,2,DRIVER,,2014835,,GENESIS,G90,IL,2017,NONE,PASSENGER,PERSONAL,N,STRAIGHT AHEAD,,,1,,,,,,,,,Y,Y,Y,,,,,,,REAR,,,,,,,,,,,,,,,,,,,,,,,,,,,,,,,,,
2113500,81886265d55b45884997a01bbe30da30b8a98e5dcf0d748f5a3d667cc9fd6fd51cf8daf9b0dcaa67d1611cb6ce7fcfa688e6275ad9e5353ee88a76b007d8b07c,07/24/2025 01:48:00 PM,1,DRIVER,,2014829,,CHEVROLET,TAHOE,IL,2012,NONE,PASSENGER,PERSONAL,S,PASSING/OVERTAKING,,,1,,,,,,,,,,,,Y,Y,Y,,,,SIDE-LEFT,,,,,,,,,,,,,,,,,,,,,,,,,,,,,,,,,
2113501,81886265d55b45884997a01bbe30da30b8a98e5dcf0d748f5a3d667cc9fd6fd51cf8daf9b0dcaa67d1611cb6ce7fcfa688e6275ad9e5353ee88a76b007d8b07c,07/24/2025 01:48:00 PM,2,DRIVER,2,2014834,,JEEP,CHEROKEE,IL,2021,NONE,PASSENGER,PERSONAL,S,STRAIGHT AHEAD,,,3,,,,,Y,Y,,,,,,,,,,,,FRONT-LEFT-CORNER,,,,,,,,,,,,,,,,,,,,,,,,,,,,,,,,,
2113464,2941547459ef96db59aaefed656b33cd1f874357f541d178824985188a2c7806e754259150e40a0234f1705945c681b9a44386a59f9adc43b0e5a9984d9b0baf,07/24/2025 01:47:00 PM,1,DRIVER,,2014787,,UNKNOWN,OTHER (EXPLAIN IN NARRATIVE),IL,,UNKNOWN,UNKNOWN/NA,UNKNOWN/NA,UNKNOWN,STRAIGHT AHEAD,,,1,,,,,,,,,,,,,,,,,Y,UNKNOWN,,,,,,,,,,,,,,,,,,,,,,,,,,,,,,,,,
2113465,2941547459ef96db59aaefed656b33cd1f874357f541d178824985188a2c7806e754259150e40a0234f1705945c681b9a44386a59f9adc43b0e5a9984d9b0baf,07/24/2025 01:47:00 PM,2,PARKED,,2014794,,FORD,EXPLORER,IL,2017,UNKNOWN,SPORT UTILITY VEHICLE (SUV),POLICE,S,PARKED,,,0,,,,,,,,,,,N,Y,Y,Y,N,,,SIDE-LEFT-FRONT,,,,,,,,,,,,,,,,,,,,,,,,,,,,,,,,,
2113528,77c629ebb0e93958d452a6dfeaefffb5704064496286ef52398b7643c5f0383f4da435af43e04818b0a265216cd992dacc36669d8f88a522bd70a80b9f204f75,07/24/2025 01:40:00 PM,1,DRIVER,1,2014899,,JEEP,COMPASS,IL,2018,UNKNOWN,SPORT UTILITY VEHICLE (SUV),PERSONAL,UNKNOWN,STRAIGHT AHEAD,,,2,,,,,,Y,Y,,,,,,,,,,,SIDE-RIGHT,,,,,,,,,,,,,,,,,,,,,,,,,,,,,,,,,
2113529,77c629ebb0e93958d452a6dfeaefffb5704064496286ef52398b7643c5f0383f4da435af43e04818b0a265216cd992dacc36669d8f88a522bd70a80b9f204f75,07/24/2025 01:40:00 PM,2,DRIVER,,2014958,,CHEVROLET,TRAX,IL,2025,UNKNOWN,SPORT UTILITY VEHICLE (SUV),PERSONAL,UNKNOWN,STRAIGHT AHEAD,,,1,,,,,,,,,,,,,Y,Y,Y,,,SIDE-LEFT,,,,,,,,,,,,,,,,,,,,,,,,,,,,,,,,,
2113436,25d53612a2b0de7b490236930be918ea1123ebfdeb784b0d12113d6fd8d9059d34cfe78956b77f475d305f2ab9e791d347e88570da6610957bedd3cbdda3d87a,07/24/2025 01:33:00 PM,1,DRIVER,,2014765,,KIA,SOUL,IL,,UNKNOWN,PASSENGER,PERSONAL,N,BACKING,,,1,,,,,,,Y,Y,,,,,,,,,,REAR-RIGHT-CORNER,,,,,,,,,,,,,,,,,,,,,,,,,,,,,,,,,