CRASH_UNIT_ID,CRASH_RECORD_ID,CRASH_DATE,UNIT_NO,UNIT_TYPE,NUM_PASSENGERS,VEHICLE_ID,CMRC_VEH_I,MAKE,MODEL,LIC_PLATE_STATE,VEHICLE_YEAR,VEHICLE_DEFECT,VEHICLE_TYPE,VEHICLE_USE,TRAVEL_DIRECTION,MANEUVER,TOWED_I,FIRE_I,OCCUPANT_CNT,EXCEED_SPEED_LIMIT_I,TOWED_BY,TOWED_TO,AREA_00_I,AREA_01_I,AREA_02_I,AREA_03_I,AREA_04_I,AREA_05_I,AREA_06_I,AREA_07_I,AREA_08_I,AREA_09_I,AREA_10_I,AREA_11_I,AREA_12_I,AREA_99_I,FIRST_CONTACT_POINT,CMV_ID,USDOT_NO,CCMC_NO,ILCC_NO,COMMERCIAL_SRC,GVWR,CARRIER_NAME,CARRIER_STATE,CARRIER_CITY,HAZMAT_PLACARDS_I,HAZMAT_NAME,UN_NO,HAZMAT_PRESENT_I,HAZMAT_REPORT_I,HAZMAT_REPORT_NO,MCS_REPORT_I,MCS_REPORT_NO,HAZMAT_VIO_CAUSE_CRASH_I,MCS_VIO_CAUSE_CRASH_I,IDOT_PERMIT_NO,WIDE_LOAD_I,TRAILER1_WIDTH,TRAILER2_WIDTH,TRAILER1_LENGTH,TRAILER2_LENGTH,TOTAL_VEHICLE_LENGTH,AXLE_CNT,VEHICLE_CONFIG,CARGO_BODY_TYPE,LOAD_TYPE,HAZMAT_OUT_OF_SERVICE_I,MCS_OUT_OF_SERVICE_I,HAZMAT_CLASS
2113437,25d53612a2b0de7b490236930be918ea1123ebfdeb784b0d12113d6fd8d9059d34cfe78956b77f475d305f2ab9e791d347e88570da6610957bedd3cbdda3d87a,07/24/2025 01:33:00 PM,2,PARKED,3,2014766,,HONDA,ACCORD,,,UNKNOWN,PASSENGER,PERSONAL,S,PARKED,,,3,,,,,,,,,,,,Y,Y,,,,,SIDE-LEFT-REAR,,,,,,,,,,,,,,,,,,,,,,,,,,,,,,,,,
2113460,3199b09b0fca8ac47d1c26e2733cfd06a8c03d5c439cc06cd08305ab0d96bae5b475505d116dcb6c474dc4e998c34e3c2652aac94d042beddf2a4c4ded7d5cca,07/24/2025 01:30:00 PM,1,DRIVER,,2014784,,SUBARU,CROSSTREK,IL,2016,NONE,PASSENGER,PERSONAL,S,TURNING LEFT,,,1,,,,Y,,,,,,,,,,,,,,SIDE-RIGHT,,,,,,,,,,,,,,,,,,,,,,,,,,,,,,,,,
2113461,3199b09b0fca8ac47d1c26e2733cfd06a8c03d5c439cc06cd08305ab0d96bae5b475505d116dcb6c474dc4e998c34e3c2652aac94d042beddf2a4c4ded7d5cca,07/24/2025 01:30:00 PM,2,DRIVER,,2014788,,HONDA,ACCORD,IL,2019,NONE,PASSENGER,PERSONAL,W,STRAIGHT AHEAD,,,1,,,,,,,,,,,,,,Y,,,,SIDE-LEFT-FRONT,,,,,,,,,,,,,,,,,,,,,,,,,,,,,,,,,
2114085,353af5873d7fd402bb458c88dbe38b3ab10db6d42deb4b70a45a301000738d766968a20b25a0efa89d9a9a72199c8e981360f78ab2b0b2a81ba8dfa5ae1476a8,07/24/2025 01:30:00 PM,1,DRIVER,,2015382,,UNKNOWN,OTHER (EXPLAIN IN NARRATIVE),,,UNKNOWN,UNKNOWN/NA,UNKNOWN/NA,UNKNOWN,UNKNOWN/NA,,,1,,,,,,,,,,,,,,,,,Y,UNKNOWN,,,,,,,,,,,,,,,,,,,,,,,,,,,,,,,,,
2114086,353af5873d7fd402bb458c88dbe38b3ab10db6d42deb4b70a45a301000738d766968a20b25a0efa89d9a9a72199c8e981360f78ab2b0b2a81ba8dfa5ae1476a8,07/24/2025 01:30:00 PM,2,PARKED,,2015381,,FORD,WINDSTAR,IL,2003,NONE,VAN/MINI-VAN,PERSONAL,E,PARKED,,,0,,,,,,,,,,,Y,,Y,Y,Y,,,SIDE-LEFT,,,,,,,,,,,,,,,,,,,,,,,,,,,,,,,,,
2113545,9636b094287566a17231427f09e775a3a2987dc8fdddddef2c13f582981c0e568f1b844bdc67c61fe9d2081d04973f618cac9f1cdc6764f2bd167094f1136218,07/24/2025 01:30:00 PM,1,DRIVER,,2014867,,NISSAN,ALTIMA,IL,2015,UNKNOWN,PASSENGER,PERSONAL,W,STRAIGHT AHEAD,,,1,,,,,,,,,,,,,,,,Y,,FRONT,,,,,,,,,,,,,,,,,,,,,,,,,,,,,,,,,
2113546,9636b094287566a17231427f09e775a3a2987dc8fdddddef2c13f582981c0e568f1b844bdc67c61fe9d2081d04973f618cac9f1cdc6764f2bd167094f1136218,07/24/2025 01:30:00 PM,2,DRIVER,,2014873,,MERCEDES-BENZ,S-CLASS,IL,2011,UNKNOWN,PASSENGER,PERSONAL,W,STRAIGHT AHEAD,,,1,,,,,,,,,,Y,,,,,,,,REAR,,,,,,,,,,,,,,,,,,,,,,,,,,,,,,,,,
2134238,d2d34cbe4c9c31998728d786222260541a2d2d0871a8ea6f7232b43614dc0a06d358a4a95d2ebe4d5411e0fcf5f278ebeccc43cb9cb3e34c94c1c43586b92104,07/24/2025 01:30:00 PM,1,DRIVER,,2034504,,BMW,OTHER (EXPLAIN IN NARRATIVE),IL,2019,UNKNOWN,SPORT UTILITY VEHICLE (SUV),PERSONAL,UNKNOWN,BACKING,,,1,,,,,,,,,,Y,Y,Y,,,,,,REAR-LEFT-CORNER,,,,,,,,,,,,,,,,,,,,,,,,,,,,,,,,,
2134239,d2d34cbe4c9c31998728d786222260541a2d2d0871a8ea6f7232b43614dc0a06d358a4a95d2ebe4d5411e0fcf5f278ebeccc43cb9cb3e34c94c1c43586b92104,07/24/2025 01:30:00 PM,2,DRIVER,,2034505,,CHEVROLET,MALIBU,KY,2023,UNKNOWN,PASSENGER,PERSONAL,UNKNOWN,STRAIGHT AHEAD,,,1,,,,,Y,Y,,,,,,,,,,,,FRONT-RIGHT-CORNER,,,,,,,,,,,,,,,,,,,,,,,,,,,,,,,,,
2113963,b4fe26f120e6b3f5d227a36711da6e333fc36e23cd71370afa77dbe14fbd8e28f9505aedefe0fdf3a0886db7947120b9ead2461b089ce7e921dbcc10fb073328,07/24/2025 01:25:00 PM,1,DRIVER,,2015270,,JEEP,GRAND CHEROKEE,IL,2016,NONE,PASSENGER,PERSONAL,NW,PASSING/OVERTAKING,,,1,,,,,,,,Y,Y,,,,,,,,,SIDE-RIGHT-REAR,,,,,,,,,,,,,,,,,,,,,,,,,,,,,,,,,
2113964,b4fe26f120e6b3f5d227a36711da6e333fc36e23cd71370afa77dbe14fbd8e28f9505aedefe0fdf3a0886db7947120b9ead2461b089ce7e921dbcc10fb073328,07/24/2025 01:25:00 PM,2,DRIVER,,2015272,,TOYOTA,CAMRY,IL,2021,NONE,PASSENGER,PERSONAL,W,TURNING RIGHT,,,1,,,,,,,,,,,,,,Y,Y,,,FRONT-LEFT-CORNER,,,,,,,,,,,,,,,,,,,,,,,,,,,,,,,,,
2113447,26d72c2c57fe03df72c4a5bcb6733bcf186dd8864c1d7c83cccf0eff6490e72e9eeaef7faf01946f57f45584288814dbc67f34c2127c0d704b8e517fcd7d83bf,07/24/2025 01:24:00 PM,1,DRIVER,,2014780,,NISSAN,ROGUE,IN,2010,UNKNOWN,SPORT UTILITY VEHICLE (SUV),PERSONAL,NE,TURNING LEFT,,,1,,,,,Y,Y,Y,Y,,,,,,,,,,SIDE-RIGHT,,,,,,,,,,,,,,,,,,,,,,,,,,,,,,,,,
2113448,26d72c2c57fe03df72c4a5bcb6733bcf186dd8864c1d7c83cccf0eff6490e72e9eeaef7faf01946f57f45584288814dbc67f34c2127c0d704b8e517fcd7d83bf,07/24/2025 01:24:00 PM,2,DRIVER,2,2014793,,KIA,OTHER (EXPLAIN IN NARRATIVE),IL,2025,UNKNOWN,PASSENGER,PERSONAL,W,STRAIGHT AHEAD,,,3,,,,,Y,,,,,,,,,,Y,Y,,FRONT,,,,,,,,,,,,,,,,,,,,,,,,,,,,,,,,,
2113440,1f8e0152b02edddd9f4d8a9415e1ab9d996fee3fa4a888cb24b8e17ae627a67166580e79932521ff681247e615688ecfa31ace8f77799075edda8530e867a31f,07/24/2025 01:20:00 PM,1,DRIVER,,2014772,,FORD,ESCAPE,IL,2020,UNKNOWN,SPORT UTILITY VEHICLE (SUV),PERSONAL,N,TURNING RIGHT,,,1,,,,,,,,,,,,,,,,,Y,UNKNOWN,,,,,,,,,,,,,,,,,,,,,,,,,,,,,,,,,
2113441,1f8e0152b02edddd9f4d8a9415e1ab9d996fee3fa4a888cb24b8e17ae627a67166580e79932521ff681247e615688ecfa31ace8f77799075edda8530e867a31f,07/24/2025 01:20:00 PM,2,PEDESTRIAN,,,,,,,,,,,,,,,,,,,,,,,,,,,,,,,,,,,,,,,,,,,,,,,,,,,,,,,,,,,,,,,,,,
2113480,c860c80019d0033baec6f7b09597519b20b5747ae6aa609ac8f89ba8148babd3070389181bbffd2ec8c40ebb25ff9cf7afbb156b03bdeb20cf79cea5e4a403d6,07/24/2025 01:20:00 PM,1,DRIVER,,2014809,,BMW,325I,IL,2003,UNKNOWN,PASSENGER,PERSONAL,W,STRAIGHT AHEAD,,,1,,,,,,,,,,,,,,,Y,Y,,FRONT-LEFT-CORNER,,,,,,,,,,,,,,,,,,,,,,,,,,,,,,,,,
2113481,c860c80019d0033baec6f7b09597519b20b5747ae6aa609ac8f89ba8148babd3070389181bbffd2ec8c40ebb25ff9cf7afbb156b03bdeb20cf79cea5e4a403d6,07/24/2025 01:20:00 PM,2,DRIVER,,2014820,,TOYOTA,HIGHLANDER,IL,2016,NONE,PASSENGER,PERSONAL,W,STRAIGHT AHEAD,,,1,,,,,,,,,Y,Y,,,,,,,,FRONT-RIGHT-CORNER,,,,,,,,,,,,,,,,,,,,,,,,,,,,,,,,,
2113492,30880cd9d038741dbd22e7916a410a48b308da7993f2bb2ff9d321240b26a7c144c76ea675f3a59dbf621ec2394112aad572c766acb852155937e05b07399525,07/24/2025 01:19:00 PM,1,DRIVER,,2014842,,HYUNDAI,SANTA FE,IL,2004,UNKNOWN,PASSENGER,PERSONAL,N,STRAIGHT AHEAD,,,1,,,,,,,,,,Y,Y,Y,,,,,,REAR-LEFT-CORNER,,,,,,,,,,,,,,,,,,,,,,,,,,,,,,,,,
2113493,30880cd9d038741dbd22e7916a410a48b308da7993f2bb2ff9d321240b26a7c144c76ea675f3a59dbf621ec2394112aad572c766acb852155937e05b07399525,07/24/2025 01:19:00 PM,2,DRIVER,1,2014849,,"(HOMEMADE MOTORCYCLE, MOPED.ETC.)","(HOMEMADE MOTORCYCLE, MOPED.ETC.)",IL,2020,UNKNOWN,MOPED OR MOTORIZED BICYCLE,PERSONAL,N,STRAIGHT AHEAD,,,2,,,,,Y,Y,Y,Y,N,,,,,,,Y,,SIDE-RIGHT,,,,,,,,,,,,,,,,,,,,,,,,,,,,,,,,,
2116115,60fbe385888e5df5fbfb9a8da055ea3ceb948aad6c4d12994df2336ee6c50f8d77922467b3531c9d06781915605fe92ed054dfa4b582b14f120028a2868c1114,07/24/2025 01:15:00 PM,2,PARKED,,2017312,,TOYOTA,RAV4,IL,2020,UNKNOWN,PASSENGER,PERSONAL,S,PARKED,,,0,,,,,,,,,,,,,,,,,Y,UNKNOWN,,,,,,,,,,,,,,,,,,,,,,,,,,,,,,,,,
2116116,60fbe385888e5df5fbfb9a8da055ea3ceb948aad6c4d12994df2336ee6c50f8d77922467b3531c9d06781915605fe92ed054dfa4b582b14f120028a2868c1114,07/24/2025 01:15:00 PM,1,DRIVER,,2017305,,UNKNOWN,OTHER (EXPLAIN IN NARRATIVE),IL,2018,NONE,OTHER,COMMERCIAL - SINGLE UNIT,S,TURNING LEFT,,,1,,,,,,,,,,,,,,,,,Y,NONE,,,,,,,,,,,,,,,,,,,,,,,,,,,,,,,,,
2113474,1511b5340621b82113a4cc37757d1b8fee89ebd95c51b553b516c800e740b067f689be907b0062e149afba93074b022fcd74d67d257719062140455872d3fae6,07/24/2025 01:10:00 PM,1,DRIVER,,2014807,,FORD,TRANSIT CONNECT,IL,2022,UNKNOWN,VAN/MINI-VAN,PERSONAL,S,STRAIGHT AHEAD,,,1,,,,,Y,,,,,,,,,,Y,Y,,FRONT,,,,,,,,,,,,,,,,,,,,,,,,,,,,,,,,,
2113475,1511b5340621b82113a4cc37757d1b8fee89ebd95c51b553b516c800e740b067f689be907b0062e149afba93074b022fcd74d67d257719062140455872d3fae6,07/24/2025 01:10:00 PM,2,DRIVER,,2014818,,TOYOTA,CAMRY,IL,2014,UNKNOWN,PASSENGER,PERSONAL,S,STRAIGHT AHEAD,,,1,,,,,,,,,Y,Y,Y,,,,,,,REAR,,,,,,,,,,,,,,,,,,,,,,,,,,,,,,,,,
2113466,939b1eda738b4357460a80f0558f40d0bec28dd3aba893223f5559f24af7d84dae460ae5f32416d8c9889c6987454c7630528f6dcc2721c48e257db6e9260c2b,07/24/2025 01:01:00 PM,1,DRIVER,,2014795,,BUICK,ENCLAVE,IL,2011,NONE,PASSENGER,PERSONAL,N,U-TURN,Y,,1,,PERSONAL TOW,,,,,,N,N,N,,,,Y,Y,Y,,FRONT-LEFT-CORNER,,,,,,,,,,,,,,,,,,,,,,,,,,,,,,,,,
2113467,939b1eda738b4357460a80f0558f40d0bec28dd3aba893223f5559f24af7d84dae460ae5f32416d8c9889c6987454c7630528f6dcc2721c48e257db6e9260c2b,07/24/2025 01:01:00 PM,2,DRIVER,1,2014808,,FORD,EXPLORER,IL,2011,NONE,PASSENGER,PERSONAL,N,STRAIGHT AHEAD,Y,,2,,PERSONAL TOW,,,Y,Y,,,,,,,,,,Y,,FRONT-RIGHT-CORNER,,,,,,,,,,,,,,,,,,,,,,,,,,,,,,,,,
2113687,659552c975064c5916ef2dededf340cd11a5f2aca7c6e07e9ae02b6cf567119a716a48532ee38e5fbd4d90b384b51512e65936e58a8c633b5ed90f995c8d9721,07/24/2025 01:00:00 PM,1,DRIVER,,2015003,,BMW,325I,IL,2003,NONE,PASSENGER,PERSONAL,W,STRAIGHT AHEAD,,,1,,,,,,,,,,,,,,,,,,FRONT,,,,,,,,,,,,,,,,,,,,,,,,,,,,,,,,,
2113688,659552c975064c5916ef2dededf340cd11a5f2aca7c6e07e9ae02b6cf567119a716a48532ee38e5fbd4d90b384b51512e65936e58a8c633b5ed90f995c8d9721,07/24/2025 01:00:00 PM,2,DRIVER,,2015015,,TOYOTA,HIGHLANDER,IL,2016,NONE,PASSENGER,PERSONAL,W,STRAIGHT AHEAD,,,1,,,,,,,,,,,,,,,,,,UNKNOWN,,,,,,,,,,,,,,,,,,,,,,,,,,,,,,,,,
2113520,70d5c965a2f57143a094eb1b07d03e2370df9d6e99022034d1106299a40db2558264e2154bbc3da8bc0dce0455dae61d6d6a02cf1e456e135d568e909871b8a3,07/24/2025 01:00:00 PM,1,DRIVER,,2014848,,JEEP,JEEP,IL,2015,UNKNOWN,UNKNOWN/NA,UNKNOWN/NA,E,UNKNOWN/NA,,,1,,,,,,,,,,,,,,,,,Y,UNKNOWN,,,,,,,,,,,,,,,,,,,,,,,,,,,,,,,,,
2113521,70d5c965a2f57143a094eb1b07d03e2370df9d6e99022034d1106299a40db2558264e2154bbc3da8bc0dce0455dae61d6d6a02cf1e456e135d568e909871b8a3,07/24/2025 01:00:00 PM,2,DRIVER,,2014864,,TOYOTA,CAMRY,IL,2024,UNKNOWN,UNKNOWN/NA,UNKNOWN/NA,N,STRAIGHT AHEAD,,,1,,,,,,,,,,,Y,Y,,,,,,REAR-LEFT-CORNER,,,,,,,,,,,,,,,,,,,,,,,,,,,,,,,,,
2118450,85d06700aa8a1dcc76d46e01aeaf6a3b356ba2b79eced4d9b4279edc7c87a431d3a1f4c15da4a5896017bf511abca4abcce73953ea06110f654bc91c6326d4f2,07/24/2025 12:58:00 PM,1,DRIVER,,2019499,,CHEVROLET,MALIBU,IL,2015,UNKNOWN,PASSENGER,RIDESHARE SERVICE,W,TURNING LEFT,,,1,,,,,,,,,,,,,,Y,Y,,,FRONT-LEFT-CORNER,,,,,,,,,,,,,,,,,,,,,,,,,,,,,,,,,
2118451,85d06700aa8a1dcc76d46e01aeaf6a3b356ba2b79eced4d9b4279edc7c87a431d3a1f4c15da4a5896017bf511abca4abcce73953ea06110f654bc91c6326d4f2,07/24/2025 12:58:00 PM,2,DRIVER,,2019502,,BUICK,ENCORE,IL,2018,UNKNOWN,SPORT UTILITY VEHICLE (SUV),PERSONAL,N,SLOW/STOP IN TRAFFIC,,,1,,,,,,,,,,,,,,Y,Y,,,FRONT-LEFT-CORNER,,,,,,,,,,,,,,,,,,,,,,,,,,,,,,,,,
2113422,7c412941aab0f94436373ca598c71f235abd447364617cc6851e3c05848e2aa6755733594259ad56b72049fba2f486c9eeb76015b62581117c094059d7df331b,07/24/2025 12:56:00 PM,1,DRIVER,,2014744,,CHEVROLET,CRUZE,IL,2014,UNKNOWN,PASSENGER,PERSONAL,UNKNOWN,CHANGING LANES,,,1,,,,,N,,,,,,,,,Y,Y,,,FRONT-LEFT-CORNER,,,,,,,,,,,,,,,,,,,,,,,,,,,,,,,,,
2113423,7c412941aab0f94436373ca598c71f235abd447364617cc6851e3c05848e2aa6755733594259ad56b72049fba2f486c9eeb76015b62581117c094059d7df331b,07/24/2025 12:56:00 PM,2,DRIVER,,2014751,,SUBARU,FORESTER,MI,2019,UNKNOWN,SPORT UTILITY VEHICLE (SUV),PERSONAL,UNKNOWN,STRAIGHT AHEAD,,,1,,,,,,Y,Y,Y,,,,,,,,,,SIDE-RIGHT,,,,,,,,,,,,,,,,,,,,,,,,,,,,,,,,,
2113506,c47a0fcff195e8da2287698773806805d0b01a6717e4ab6d3d70cc83be31842cc1664e7f894f84a3ced817f80014e6f4ddf6ce3aaedad0b557165c65204c09ba,07/24/2025 12:55:00 PM,1,DRIVER,1,2014823,,CHEVROLET,UPLANDER,IL,2006,UNKNOWN,PASSENGER,PERSONAL,S,STRAIGHT AHEAD,,,2,,,,,,,,,,,,,,,,Y,,FRONT,,,,,,,,,,,,,,,,,,,,,,,,,,,,,,,,,
2113507,c47a0fcff195e8da2287698773806805d0b01a6717e4ab6d3d70cc83be31842cc1664e7f894f84a3ced817f80014e6f4ddf6ce3aaedad0b557165c65204c09ba,07/24/2025 12:55:00 PM,2,DRIVER,1,2014826,,TOYOTA,PRIUS,IL,2024,NONE,PASSENGER,RIDESHARE SERVICE,S,STRAIGHT AHEAD,,,2,,,,,,,,,,Y,,,,,,,,REAR,,,,,,,,,,,,,,,,,,,,,,,,,,,,,,,,,
2113408,4a2e9b6741877e95522f2c05dac37aaea7dcac46a5fd5286d1f036b5ae79f20ccc5f259a1292316ea701519373c0bcc5e74e6d5f6d3de46c34497a6fd13e47d3,07/24/2025 12:47:00 PM,1,DRIVER,,2014749,,LEXUS,OTHER (EXPLAIN IN NARRATIVE),IL,,UNKNOWN,UNKNOWN/NA,UNKNOWN/NA,S,STARTING IN TRAFFIC,,,1,,,,,,,,,,,,,,,,,,UNKNOWN,,,,,,,,,,,,,,,,,,,,,,,,,,,,,,,,,
2113409,4a2e9b6741877e95522f2c05dac37aaea7dcac46a5fd5286d1f036b5ae79f20ccc5f259a1292316ea701519373c0bcc5e74e6d5f6d3de46c34497a6fd13e47d3,07/24/2025 12:47:00 PM,2,PEDESTRIAN,,,,,,,,,,,,,,,,,,,,,,,,,,,,,,,,,,,,,,,,,,,,,,,,,,,,,,,,,,,,,,,,,,
2113456,6250ad176fed5d8cd9289ea93e20b1dbf422480857498b3fc6eb90eb28884083a1d2952b80ae45712b402cd130f3623b1eaefa76a183097c0071cf194f151a03,07/24/2025 12:45:00 PM,1,DRIVER,,2014777,,UNKNOWN,MOTORIZED,,,UNKNOWN,PASSENGER,PERSONAL,UNKNOWN,UNKNOWN/NA,,,1,,,,,,,,,,,,,,,,,Y,UNKNOWN,,,,,,,,,,,,,,,,,,,,,,,,,,,,,,,,,
2113457,6250ad176fed5d8cd9289ea93e20b1dbf422480857498b3fc6eb90eb28884083a1d2952b80ae45712b402cd130f3623b1eaefa76a183097c0071cf194f151a03,07/24/2025 12:45:00 PM,2,PARKED,,2014781,,MITSUBISHI,OUTLANDER,IL,2021,UNKNOWN,SPORT UTILITY VEHICLE (SUV),PERSONAL,UNKNOWN,PARKED,,,0,,,,,,Y,Y,Y,,,,,,,,,,UNKNOWN,,,,,,,,,,,,,,,,,,,,,,,,,,,,,,,,,
2113400,b4e7aa9c6965653af383ddb56be1e571c256095f3084ea692ccc4e7d7556246d2234fc7fdf7dcb82472dc0a71e0b752ff0cabf24473ee40d5c2ed268fac44380,07/24/2025 12:45:00 PM,1,DRIVER,,2014729,,CHEVROLET,TRAX,IL,2019,NONE,PASSENGER,PERSONAL,E,STRAIGHT AHEAD,,,1,,,,,,,,,,,,,,,Y,Y,,FRONT-LEFT-CORNER,,,,,,,,,,,,,,,,,,,,,,,,,,,,,,,,,
2113401,b4e7aa9c6965653af383ddb56be1e571c256095f3084ea692ccc4e7d7556246d2234fc7fdf7dcb82472dc0a71e0b752ff0cabf24473ee40d5c2ed268fac44380,07/24/2025 12:45:00 PM,2,DRIVER,,2014740,,TOYOTA,CAMRY,IL,2009,NONE,PASSENGER,PERSONAL,W,STRAIGHT AHEAD,,,1,,,,,,,,,,,,Y,Y,Y,,,,SIDE-LEFT,,,,,,,,,,,,,,,,,,,,,,,,,,,,,,,,,
2113462,bc3d74b6c0cd6efa46fa1a3f136b683060b31d322ea21522d170f1504935a81b63a8f244e22c90602266b1154b76ec7113ab102a3ffcbaf62301339b46ea3366,07/24/2025 12:45:00 PM,1,DRIVER,,2014785,,CHEVROLET,C/K 1500,IL,2017,UNKNOWN,PICKUP,OTHER,E,STRAIGHT AHEAD,,,1,,,,,Y,,,,,,,,,,Y,Y,Y,UNKNOWN,,,,,,,,,,,,,,,,,,,,,,,,,,,,,,,,,
2113463,bc3d74b6c0cd6efa46fa1a3f136b683060b31d322ea21522d170f1504935a81b63a8f244e22c90602266b1154b76ec7113ab102a3ffcbaf62301339b46ea3366,07/24/2025 12:45:00 PM,2,DRIVER,,2014792,,LAND ROVER,DISCOVERY,IN,2020,UNKNOWN,SPORT UTILITY VEHICLE (SUV),OTHER,E,STRAIGHT AHEAD,,,1,,,,,,,,,Y,Y,Y,,,,,,Y,UNKNOWN,,,,,,,,,,,,,,,,,,,,,,,,,,,,,,,,,
2113504,6279c94299ae84231d06b6bce43efb4fcc3f5b72ae934b8b757c52720898bb2db5c2ec3f3c56bc4693daedb98c9946dacbb86559cc0b406a65bbe1c8cc613caa,07/24/2025 12:40:00 PM,1,DRIVER,,2014824,,HONDA,ACCORD,IL,2015,UNKNOWN,PASSENGER,PERSONAL,W,STRAIGHT AHEAD,,,1,,,,,,,,,,,,,,,,Y,,FRONT,,,,,,,,,,,,,,,,,,,,,,,,,,,,,,,,,
2113505,6279c94299ae84231d06b6bce43efb4fcc3f5b72ae934b8b757c52720898bb2db5c2ec3f3c56bc4693daedb98c9946dacbb86559cc0b406a65bbe1c8cc613caa,07/24/2025 12:40:00 PM,2,DRIVER,,2014830,,LAND ROVER,RANGE ROVER (EVOQUE / SPORT / VELAR),IL,2020,UNKNOWN,SPORT UTILITY VEHICLE (SUV),PERSONAL,W,SLOW/STOP IN TRAFFIC,,,1,,,,,,,,,,Y,,,,,,,,REAR,,,,,,,,,,,,,,,,,,,,,,,,,,,,,,,,,
2113664,6dbba6a769aa10f45719f70c0c07d39fb380bfeaca5af2a9b9a621031d0a24b41ac0e6441397d0f1c395ada4ff52550cc32e0a99f8733b7737d43aec85fe9d10,07/24/2025 12:40:00 PM,1,DRIVER,,2014979,,INTERNATIONAL HARVESTER,INTERNATIONAL HARVESTER,IL,2023,UNKNOWN,TRUCK - SINGLE UNIT,UNKNOWN/NA,N,STRAIGHT AHEAD,,,1,,,,,,,,,,,Y,Y,Y,Y,Y,,,FRONT-LEFT-CORNER,,,,,,,,,,,,,,,,,,,,,,,,,,,,,,,,,
2113665,6dbba6a769aa10f45719f70c0c07d39fb380bfeaca5af2a9b9a621031d0a24b41ac0e6441397d0f1c395ada4ff52550cc32e0a99f8733b7737d43aec85fe9d10,07/24/2025 12:40:00 PM,2,PARKED,,2014981,,FREIGHTLINER CORPORATION,FREIGHTLINER CORP.,IL,2018,NONE,TRUCK - SINGLE UNIT,OTHER,N,PARKED,,,0,,,,,,Y,Y,Y,,,,,,,,,,SIDE-RIGHT,,,,,,,,,,,,,,,,,,,,,,,,,,,,,,,,,
2113999,12237bd3ccfb01b346ddcc74da71098b55e2c245557e6e414c9269573fde18f77a974d34daaef2c3d5bbd80300160d1ad201d605e37b012f2b0fb157371a812c,07/24/2025 12:30:00 PM,1,DRIVER,,2015296,,RIVIAN,R1S,IL,2023,NONE,PASSENGER,PERSONAL,E,BACKING,,,1,,,,,,,,,,,,,,,Y,,,FRONT-LEFT-CORNER,,,,,,,,,,,,,,,,,,,,,,,,,,,,,,,,,
2114000,12237bd3ccfb01b346ddcc74da71098b55e2c245557e6e414c9269573fde18f77a974d34daaef2c3d5bbd80300160d1ad201d605e37b012f2b0fb157371a812c,07/24/2025 12:30:00 PM,2,PARKED,,2015301,,HYUNDAI,SONATA,IL,2022,NONE,PASSENGER,NOT IN USE,E,PARKED,,,0,,,,,,,,,Y,,,,,,,,,SIDE-RIGHT-REAR,,,,,,,,,,,,,,,,,,,,,,,,,,,,,,,,,
2113428,a6ed7ff0cb5f92f2230546ea67b7467d9aca9fdfe0a969ef7087c9441afff15f0d304c43160553671b587f749dc56872fd081c6ae13daf04db9f50e4e3ef485d,07/24/2025 12:30:00 PM,1,DRIVER,,2014757,,UNKNOWN,MOTORIZED,,,UNKNOWN,UNKNOWN/NA,UNKNOWN/NA,UNKNOWN,UNKNOWN/NA,,,1,,,,,,,,,,,,,,,,,Y,UNKNOWN,,,,,,,,,,,,,,,,,,,,,,,,,,,,,,,,,
2113429,a6ed7ff0cb5f92f2230546ea67b7467d9aca9fdfe0a969ef7087c9441afff15f0d304c43160553671b587f749dc56872fd081c6ae13daf04db9f50e4e3ef485d,07/24/2025 12:30:00 PM,2,PARKED,,2014759,,GENERAL MOTORS CORPORATION (GMC),YUKON,IL,2012,UNKNOWN,SPORT UTILITY VEHICLE (SUV),PERSONAL,E,PARKED,,,0,,,,,,,,,,Y,,,,,,,,REAR,,,,,,,,,,,,,,,,,,,,,,,,,,,,,,,,,
2113404,e5492d8dfbe4189d56657fdd93feac1117fd73ad4fe7c4bc25962b9fea04ae12f3335b3e3353f873cadba925c854cdaa333c4936e2de4046ed7efc137f989b88,07/24/2025 12:30:00 PM,1,DRIVER,1,2014748,,HUMMER,H3,IL,2006,UNKNOWN,PASSENGER,PERSONAL,UNKNOWN,BACKING,,,2,,,,,,,,,Y,,,,,,,,,REAR-RIGHT-CORNER,,,,,,,,,,,,,,,,,,,,,,,,,,,,,,,,,
2113405,e5492d8dfbe4189d56657fdd93feac1117fd73ad4fe7c4bc25962b9fea04ae12f3335b3e3353f873cadba925c854cdaa333c4936e2de4046ed7efc137f989b88,07/24/2025 12:30:00 PM,2,DRIVER,,2014754,,HYUNDAI,KONA,IL,2020,UNKNOWN,PASSENGER,PERSONAL,UNKNOWN,STRAIGHT AHEAD,,,1,,,,,Y,,,,,,,,,,,,,FRONT-RIGHT-CORNER,,,,,,,,,,,,,,,,,,,,,,,,,,,,,,,,,