CRASH_UNIT_ID,CRASH_RECORD_ID,CRASH_DATE,UNIT_NO,UNIT_TYPE,NUM_PASSENGERS,VEHICLE_ID,CMRC_VEH_I,MAKE,MODEL,LIC_PLATE_STATE,VEHICLE_YEAR,VEHICLE_DEFECT,VEHICLE_TYPE,VEHICLE_USE,TRAVEL_DIRECTION,MANEUVER,TOWED_I,FIRE_I,OCCUPANT_CNT,EXCEED_SPEED_LIMIT_I,TOWED_BY,TOWED_TO,AREA_00_I,AREA_01_I,AREA_02_I,AREA_03_I,AREA_04_I,AREA_05_I,AREA_06_I,AREA_07_I,AREA_08_I,AREA_09_I,AREA_10_I,AREA_11_I,AREA_12_I,AREA_99_I,FIRST_CONTACT_POINT,CMV_ID,USDOT_NO,CCMC_NO,ILCC_NO,COMMERCIAL_SRC,GVWR,CARRIER_NAME,CARRIER_STATE,CARRIER_CITY,HAZMAT_PLACARDS_I,HAZMAT_NAME,UN_NO,HAZMAT_PRESENT_I,HAZMAT_REPORT_I,HAZMAT_REPORT_NO,MCS_REPORT_I,MCS_REPORT_NO,HAZMAT_VIO_CAUSE_CRASH_I,MCS_VIO_CAUSE_CRASH_I,IDOT_PERMIT_NO,WIDE_LOAD_I,TRAILER1_WIDTH,TRAILER2_WIDTH,TRAILER1_LENGTH,TRAILER2_LENGTH,TOTAL_VEHICLE_LENGTH,AXLE_CNT,VEHICLE_CONFIG,CARGO_BODY_TYPE,LOAD_TYPE,HAZMAT_OUT_OF_SERVICE_I,MCS_OUT_OF_SERVICE_I,HAZMAT_CLASS
2113406,bdc0331fd9467c35fff979f679cf056d56e7f2df811bf0194bff724fbfea48e16d67fee8f4a71dd00d5b74013b8e654a79ccc2cc62f32859eabd8ed143ffc876,07/24/2025 12:23:00 PM,1,DRIVER,,2014733,,UNKNOWN,OTHER (EXPLAIN IN NARRATIVE),,,UNKNOWN,UNKNOWN/NA,UNKNOWN/NA,UNKNOWN,UNKNOWN/NA,,,1,,,,,,,,,,,,,,,,,Y,UNKNOWN,,,,,,,,,,,,,,,,,,,,,,,,,,,,,,,,,
2113407,bdc0331fd9467c35fff979f679cf056d56e7f2df811bf0194bff724fbfea48e16d67fee8f4a71dd00d5b74013b8e654a79ccc2cc62f32859eabd8ed143ffc876,07/24/2025 12:23:00 PM,2,BICYCLE,,,,,,,,,,,,,,,,,,,,,,,,,,,,,,,,,,,,,,,,,,,,,,,,,,,,,,,,,,,,,,,,,,
2116124,8579a99e3b453fab27e34353f88a5773ef4e798a169d3faeaba7f96159cfaba4c3e3d1ca45c41cd0b09c6dfd7288407f10cb36d38b87d6021bf55538a80ad9d9,07/24/2025 12:20:00 PM,1,DRIVER,,2017310,,FORD,OTHER (EXPLAIN IN NARRATIVE),IL,2011,UNKNOWN,PICKUP,OTHER,W,STRAIGHT AHEAD,,,1,,,,,,,,,,,,,,,,,Y,UNKNOWN,,,,,,,,,,,,,,,,,,,,,,,,,,,,,,,,,
2116125,8579a99e3b453fab27e34353f88a5773ef4e798a169d3faeaba7f96159cfaba4c3e3d1ca45c41cd0b09c6dfd7288407f10cb36d38b87d6021bf55538a80ad9d9,07/24/2025 12:20:00 PM,2,DRIVER,,2017311,,CHEVROLET,BOLT,IL,2023,UNKNOWN,PASSENGER,OTHER,S,STRAIGHT AHEAD,,,1,,,,,Y,Y,,,,,,,,,,,Y,UNKNOWN,,,,,,,,,,,,,,,,,,,,,,,,,,,,,,,,,
2113586,407bab159d3e1256ddcfe45ebe0732679f802d5356d90610f6e81a66e4ce88ad4d084bf8df5db90e0ec7fb860d43e7a04692dc1b86b1911f5f6817f1aa1283e3,07/24/2025 12:10:00 PM,1,DRIVER,,2014907,,UNKNOWN,OTHER (EXPLAIN IN NARRATIVE),,,UNKNOWN,TRUCK - SINGLE UNIT,COMMERCIAL - SINGLE UNIT,UNKNOWN,STRAIGHT AHEAD,,,1,,,,,,,,,,,,,,,,Y,,FRONT,,,,,,,,,,,,,,,,,,,,,,,,,,,,,,,,,
2113587,407bab159d3e1256ddcfe45ebe0732679f802d5356d90610f6e81a66e4ce88ad4d084bf8df5db90e0ec7fb860d43e7a04692dc1b86b1911f5f6817f1aa1283e3,07/24/2025 12:10:00 PM,2,DRIVER,,2014911,,NISSAN,SENTRA,IL,2019,UNKNOWN,PASSENGER,PERSONAL,UNKNOWN,STRAIGHT AHEAD,,,1,,,,,,,,,Y,Y,,,,,,,,REAR,,,,,,,,,,,,,,,,,,,,,,,,,,,,,,,,,
2113446,ec46d21e6a1ae6088c75746dff11e4276d2a349c8aef0d8b8dd8d5310feff4c665aa3aac7bc69e046105b19de4fe883b5263ee30e4e7bcc6c2c54a8a4e8592c1,07/24/2025 12:10:00 PM,1,DRIVER,,2014801,,BUICK,ENCLAVE,IL,2019,NONE,PASSENGER,PERSONAL,S,STRAIGHT AHEAD,,,1,,,,,,Y,Y,Y,,,,,,,,,,SIDE-RIGHT,,,,,,,,,,,,,,,,,,,,,,,,,,,,,,,,,
2113453,ec46d21e6a1ae6088c75746dff11e4276d2a349c8aef0d8b8dd8d5310feff4c665aa3aac7bc69e046105b19de4fe883b5263ee30e4e7bcc6c2c54a8a4e8592c1,07/24/2025 12:10:00 PM,2,DRIVER,,2014778,,TOYOTA,C-HR,IL,2019,NONE,PASSENGER,PERSONAL,E,STRAIGHT AHEAD,,,1,,,,,,,,,,,,Y,Y,Y,,N,,SIDE-LEFT,,,,,,,,,,,,,,,,,,,,,,,,,,,,,,,,,
2113416,643aacd1a2d6c7ff6b894aee5758b9095f91865b7516ad03e9f6388dc2eb676446d45fc4f57b96d330dde419609acc07556940c1a73d47faea63c2726e057f65,07/24/2025 12:05:00 PM,1,DRIVER,,2014738,,MAZDA,CX-3,IL,2010,NONE,SPORT UTILITY VEHICLE (SUV),OTHER,N,BACKING,,,1,,,,,,,,,,Y,,,,,,,,REAR,,,,,,,,,,,,,,,,,,,,,,,,,,,,,,,,,
2113417,643aacd1a2d6c7ff6b894aee5758b9095f91865b7516ad03e9f6388dc2eb676446d45fc4f57b96d330dde419609acc07556940c1a73d47faea63c2726e057f65,07/24/2025 12:05:00 PM,2,PARKED,2,2014741,,HONDA,HR-V,IL,2026,NONE,SPORT UTILITY VEHICLE (SUV),NOT IN USE,N,PARKED,,,2,,,,,,,,,,,,,,,,Y,,FRONT,,,,,,,,,,,,,,,,,,,,,,,,,,,,,,,,,
2113368,1e4da5b93cbec56bd872111a0a6466be6b4113f7fb4d6d1dbfa7ad6be37bec785f16d371645f248d268c8935dcd7b12a1a6df90c2c3bb39cd0847af51205aebb,07/24/2025 12:00:00 PM,1,DRIVER,,2014701,,UNKNOWN,OTHER (EXPLAIN IN NARRATIVE),IL,,UNKNOWN,PICKUP,UNKNOWN/NA,N,STRAIGHT AHEAD,,,1,,,,,,Y,,,,,,,,N,,,,SIDE-RIGHT-FRONT,,,,,,,,,,,,,,,,,,,,,,,,,,,,,,,,,
2113369,1e4da5b93cbec56bd872111a0a6466be6b4113f7fb4d6d1dbfa7ad6be37bec785f16d371645f248d268c8935dcd7b12a1a6df90c2c3bb39cd0847af51205aebb,07/24/2025 12:00:00 PM,2,PARKED,,2014704,,FREIGHTLINER CORPORATION,FREIGHTLINER CORP.,IL,,NONE,OTHER VEHICLE WITH TRAILER,OTHER,N,PARKED IN TRAFFIC LANE,,,0,,,,,,,,,,,,,,Y,,,,SIDE-LEFT-FRONT,,,,,,,,,,,,,,,,,,,,,,,,,,,,,,,,,
2113398,4038f442713660db72ddbbca0f18bc816259606fc8359a11cfa2a2dd0eba7ee5d41b10db85ec2647423c86bb4ec6706c49af530514431e3efbcd72e2068a6a7a,07/24/2025 12:00:00 PM,1,DRIVER,,2014728,,TOYOTA,PRIUS,IL,,UNKNOWN,UNKNOWN/NA,UNKNOWN/NA,UNKNOWN,BACKING,,,1,,,,,,,,,Y,Y,,,,,,,N,REAR,,,,,,,,,,,,,,,,,,,,,,,,,,,,,,,,,
2113399,4038f442713660db72ddbbca0f18bc816259606fc8359a11cfa2a2dd0eba7ee5d41b10db85ec2647423c86bb4ec6706c49af530514431e3efbcd72e2068a6a7a,07/24/2025 12:00:00 PM,2,DRIVER,,2014732,,CHEVROLET,TAHOE,IL,2008,UNKNOWN,PASSENGER,PERSONAL,E,BACKING,,,1,,,,Y,,,,,,,,,,,,,,REAR,,,,,,,,,,,,,,,,,,,,,,,,,,,,,,,,,
2113432,55e98fe04e1b4a35a89411ec3f6a47a60026b246db34a2617d0d7e045d6509432cb252825794e80afb3661a2f59e55e7cceb0500c3975d31dc3177b894fe0c10,07/24/2025 12:00:00 PM,1,DRIVER,,2014762,,KIA,OPTIMA / K5,IL,2018,NONE,PASSENGER,PERSONAL,S,STRAIGHT AHEAD,,,1,,,,,Y,N,,,,,,,,,Y,Y,,FRONT,,,,,,,,,,,,,,,,,,,,,,,,,,,,,,,,,
2113433,55e98fe04e1b4a35a89411ec3f6a47a60026b246db34a2617d0d7e045d6509432cb252825794e80afb3661a2f59e55e7cceb0500c3975d31dc3177b894fe0c10,07/24/2025 12:00:00 PM,2,DRIVER,,2014768,,KIA,FORTE,IL,2019,NONE,PASSENGER,PERSONAL,W,STRAIGHT AHEAD,,,1,,,,,Y,Y,,,,,,,,,,Y,,FRONT-RIGHT-CORNER,,,,,,,,,,,,,,,,,,,,,,,,,,,,,,,,,
2122057,580dc99943915fccc605eda3b679554831802bb3888122c1f828c18873c77ca3077294104f119e5260e8be1a00495a6db674b313d6a07ecd8806bd90d25dd120,07/24/2025 12:00:00 PM,1,DRIVER,,2022981,,CHEVROLET,MALIBU,IL,2011,UNKNOWN,PASSENGER,PERSONAL,S,BACKING,,,1,,,,,,,,,,,Y,,,,,,,SIDE-LEFT,,,,,,,,,,,,,,,,,,,,,,,,,,,,,,,,,
2122058,580dc99943915fccc605eda3b679554831802bb3888122c1f828c18873c77ca3077294104f119e5260e8be1a00495a6db674b313d6a07ecd8806bd90d25dd120,07/24/2025 12:00:00 PM,2,PARKED,,2022989,,NISSAN,ROGUE,IL,2015,NONE,PASSENGER,NOT IN USE,N,PARKED,,,0,,,,,,,,,Y,,,,,,,,,SIDE-RIGHT,,,,,,,,,,,,,,,,,,,,,,,,,,,,,,,,,
2113478,619f6c8fd14b0558329b527070306a358439cd27494c64766128adc993cfeb9a160ee6f4b638138cf9a07adef173c797fc586804c23320729330ee1b8787fa4e,07/24/2025 12:00:00 PM,1,DRIVER,,2014800,,UNKNOWN,MOTORIZED,,,UNKNOWN,UNKNOWN/NA,UNKNOWN/NA,UNKNOWN,UNKNOWN/NA,,,1,,,,,,,,,,,,,,,,,Y,UNKNOWN,,,,,,,,,,,,,,,,,,,,,,,,,,,,,,,,,
2113479,619f6c8fd14b0558329b527070306a358439cd27494c64766128adc993cfeb9a160ee6f4b638138cf9a07adef173c797fc586804c23320729330ee1b8787fa4e,07/24/2025 12:00:00 PM,2,PARKED,,2014804,,CHEVROLET,MALIBU,MA,2023,NONE,PASSENGER,PERSONAL,N,PARKED,,,0,,,,,,,,,Y,,,,,,,,,REAR-RIGHT-CORNER,,,,,,,,,,,,,,,,,,,,,,,,,,,,,,,,,
2113379,9c4c114fc2a3df2479f3dd75250e0b30630e8de4fc76da903a705c70f50f40576e2eaa7c0d9e1859d592c0dcbb251fa2b081fe467c62e19347f1582dc194253d,07/24/2025 12:00:00 PM,1,DRIVER,,2014707,,NISSAN,VERSA,IL,2024,UNKNOWN,PASSENGER,UNKNOWN/NA,E,STRAIGHT AHEAD,,,1,,,,,,,,,,,,,,,Y,Y,,FRONT-LEFT-CORNER,,,,,,,,,,,,,,,,,,,,,,,,,,,,,,,,,
2113380,9c4c114fc2a3df2479f3dd75250e0b30630e8de4fc76da903a705c70f50f40576e2eaa7c0d9e1859d592c0dcbb251fa2b081fe467c62e19347f1582dc194253d,07/24/2025 12:00:00 PM,2,DRIVER,,2014714,,TOYOTA,CAMRY,IL,2011,NONE,PASSENGER,PERSONAL,N,SLOW/STOP IN TRAFFIC,,,1,,,,,,,,,,,,,,,Y,,,FRONT-LEFT-CORNER,,,,,,,,,,,,,,,,,,,,,,,,,,,,,,,,,
2113410,b51fe879afcb93b1b210291e25f53515af6145a51c3bc0ba724fd280e4da8d1985300ec742eb30b2844b6390b7b0e7ce47d2a73e3d95027a777be21ca4ec8b81,07/24/2025 12:00:00 PM,1,DRIVER,,2014735,,FORD,OTHER (EXPLAIN IN NARRATIVE),IL,2017,NONE,VAN/MINI-VAN,OTHER,E,STRAIGHT AHEAD,Y,,1,,WAR TOWING,,,Y,,,,,,,,,,Y,Y,,FRONT,,,,,,,,,,,,,,,,,,,,,,,,,,,,,,,,,
2113411,b51fe879afcb93b1b210291e25f53515af6145a51c3bc0ba724fd280e4da8d1985300ec742eb30b2844b6390b7b0e7ce47d2a73e3d95027a777be21ca4ec8b81,07/24/2025 12:00:00 PM,2,DRIVER,1,2014745,,HYUNDAI,SANTA FE,IL,2019,NONE,PASSENGER,PERSONAL,E,STRAIGHT AHEAD,,,2,,,,,,,,,Y,Y,Y,,,,,,,REAR,,,,,,,,,,,,,,,,,,,,,,,,,,,,,,,,,
2113366,c455d8a592c20dc793ce3b99bb210112bfd36dee3d67c8a624d8d6fd6c264a4bcb41ffb0dd7147d9c10af51238c7aba82054759e662673a03ccdd319e876aeb4,07/24/2025 12:00:00 PM,1,DRIVER,,2014706,,TOYOTA,SIENNA,IL,2013,NONE,VAN/MINI-VAN,TAXI/FOR HIRE,W,STRAIGHT AHEAD,Y,,1,,,,,Y,,,,,,,,,,Y,Y,,FRONT,,,,,,,,,,,,,,,,,,,,,,,,,,,,,,,,,
2113367,c455d8a592c20dc793ce3b99bb210112bfd36dee3d67c8a624d8d6fd6c264a4bcb41ffb0dd7147d9c10af51238c7aba82054759e662673a03ccdd319e876aeb4,07/24/2025 12:00:00 PM,2,DRIVER,,2014717,,FORD,EXPEDITION,IL,2017,NONE,SPORT UTILITY VEHICLE (SUV),PERSONAL,W,STRAIGHT AHEAD,,,1,,,,,,,,,Y,Y,Y,,,,,,,REAR,,,,,,,,,,,,,,,,,,,,,,,,,,,,,,,,,
2113979,5c63a0a66e43f4b292c395ba85fb5c2e806284fae40fd920d84ed356f96ae6b38a0db14b97638ff879469643c604ccb276510797e83c3af9b631f83172d2fa2f,07/24/2025 11:50:00 AM,1,DRIVER,,2015279,,INTERNATIONAL HARVESTER COMPANY,OTHER (EXPLAIN IN NARRATIVE),IL,,NONE,PASSENGER,PERSONAL,N,STRAIGHT AHEAD,,,1,,,,,,,,,,,,,,,,Y,,FRONT,,,,,,,,,,,,,,,,,,,,,,,,,,,,,,,,,
2113980,5c63a0a66e43f4b292c395ba85fb5c2e806284fae40fd920d84ed356f96ae6b38a0db14b97638ff879469643c604ccb276510797e83c3af9b631f83172d2fa2f,07/24/2025 11:50:00 AM,2,DRIVER,,2015293,,GENESIS,G70,IL,2023,NONE,PASSENGER,PERSONAL,N,STRAIGHT AHEAD,,,1,,,,,,,,,,Y,,,,,,,,REAR,,,,,,,,,,,,,,,,,,,,,,,,,,,,,,,,,
2113388,bf4c32b313660b41b2117398e07ebbce5a2ecde4ee0d944a31b4fcf166a5278fd7319cd3b8bac788f89f1ae2510887f3cd67be8d570e52f0304f7b337b054d68,07/24/2025 11:50:00 AM,1,DRIVER,,2014711,Y,"MACK TRUCKS, INC.","MACK TRUCKS, INC.",IN,2016,NONE,TRACTOR W/ SEMI-TRAILER,OTHER,N,OTHER,,,1,,,,Y,,,,,,,,,,,,,,REAR,,,,,,,,,,,,,,,,,,,,,,,,,,,,,,,,,
2113418,06c4643ca1d52fecd2d38e13aff8408ece54ceba58826ec9c02dc6aade69eee833f7f160e1da5225e4a485415d23c501663a86093a6f5f801ed67e571c6cf38a,07/24/2025 11:40:00 AM,1,DRIVER,,2014736,,UNKNOWN,OTHER (EXPLAIN IN NARRATIVE),IL,,UNKNOWN,PASSENGER,UNKNOWN/NA,S,TURNING RIGHT,,,1,,,,,,,,,,,,,,Y,Y,Y,,FRONT-LEFT-CORNER,,,,,,,,,,,,,,,,,,,,,,,,,,,,,,,,,
2113419,06c4643ca1d52fecd2d38e13aff8408ece54ceba58826ec9c02dc6aade69eee833f7f160e1da5225e4a485415d23c501663a86093a6f5f801ed67e571c6cf38a,07/24/2025 11:40:00 AM,2,DRIVER,1,2014746,,CHEVROLET,AVEO,IL,2006,NONE,PASSENGER,PERSONAL,N,TURNING LEFT,,,2,,,,,Y,Y,,,,,,,,N,N,Y,,FRONT-RIGHT-CORNER,,,,,,,,,,,,,,,,,,,,,,,,,,,,,,,,,
2113420,06c4643ca1d52fecd2d38e13aff8408ece54ceba58826ec9c02dc6aade69eee833f7f160e1da5225e4a485415d23c501663a86093a6f5f801ed67e571c6cf38a,07/24/2025 11:40:00 AM,3,DRIVER,,2014756,,NISSAN,ROGUE,KS,2018,NONE,PASSENGER,PERSONAL,E,STRAIGHT AHEAD,Y,,1,,,,,Y,,,,,,,,,,Y,Y,,FRONT,,,,,,,,,,,,,,,,,,,,,,,,,,,,,,,,,
2113421,06c4643ca1d52fecd2d38e13aff8408ece54ceba58826ec9c02dc6aade69eee833f7f160e1da5225e4a485415d23c501663a86093a6f5f801ed67e571c6cf38a,07/24/2025 11:40:00 AM,4,DRIVER,3,2014760,,HYUNDAI,ELANTRA,IL,2013,NONE,PASSENGER,PERSONAL,E,STRAIGHT AHEAD,,,4,,,,,Y,,,,,,,,,,Y,Y,,FRONT,,,,,,,,,,,,,,,,,,,,,,,,,,,,,,,,,
2113859,d46bbeeaa64cd9d463171e72dfb382285015d3754896e9efba36c1127e6e60188dacd5c09dc502143625a2a22cebc115b55b1afd9995bc566ef2f84106c1711f,07/24/2025 11:35:00 AM,1,DRIVER,,2015172,,UNKNOWN,OTHER (EXPLAIN IN NARRATIVE),,,UNKNOWN,UNKNOWN/NA,UNKNOWN/NA,NW,TURNING LEFT,,,1,,,,,,,,,,,,,,,,,Y,FRONT,,,,,,,,,,,,,,,,,,,,,,,,,,,,,,,,,
2113860,d46bbeeaa64cd9d463171e72dfb382285015d3754896e9efba36c1127e6e60188dacd5c09dc502143625a2a22cebc115b55b1afd9995bc566ef2f84106c1711f,07/24/2025 11:35:00 AM,2,DRIVER,,2015173,,PONTIAC,OTHER (EXPLAIN IN NARRATIVE),IL,2008,UNKNOWN,PASSENGER,PERSONAL,SW,OTHER,,,1,,,,,Y,,,,,,,,,Y,Y,Y,,FRONT,,,,,,,,,,,,,,,,,,,,,,,,,,,,,,,,,
2113347,199ff82e9312c3a88927d864be3e4ef3e7ed8f7a45ccfe8610a6aed3c2543bcf327b07ce3d729a70b06bb82601991b2fa34c9a48d315ee2e0680c1159d130f09,07/24/2025 11:30:00 AM,1,DRIVER,,2014683,,UNKNOWN,OTHER (EXPLAIN IN NARRATIVE),,,UNKNOWN,UNKNOWN/NA,UNKNOWN/NA,UNKNOWN,UNKNOWN/NA,,,1,,,,,,,,,,,,,,,,,Y,UNKNOWN,,,,,,,,,,,,,,,,,,,,,,,,,,,,,,,,,
2113348,199ff82e9312c3a88927d864be3e4ef3e7ed8f7a45ccfe8610a6aed3c2543bcf327b07ce3d729a70b06bb82601991b2fa34c9a48d315ee2e0680c1159d130f09,07/24/2025 11:30:00 AM,2,PARKED,,2014694,,HONDA,ACCORD,IL,,UNKNOWN,PASSENGER,NOT IN USE,N,PARKED,,,0,,,,,Y,Y,Y,Y,Y,,,,,,,,,SIDE-RIGHT-REAR,,,,,,,,,,,,,,,,,,,,,,,,,,,,,,,,,
2113496,8b0b738df0ff77f4dc87cb86585391cab33cc11cdd80d137ef8d4ddd18e0806580c0ca85e6202549cce9ed894f13f9b92481853bf2f619e76d07f144881a00e7,07/24/2025 11:30:00 AM,1,DRIVER,,2014831,,DODGE,RAM 2500 PU,IL,2022,UNKNOWN,PICKUP,UNKNOWN/NA,S,BACKING,,,1,,,,,,,,,,,,,,,,,Y,REAR,,,,,,,,,,,,,,,,,,,,,,,,,,,,,,,,,
2113497,8b0b738df0ff77f4dc87cb86585391cab33cc11cdd80d137ef8d4ddd18e0806580c0ca85e6202549cce9ed894f13f9b92481853bf2f619e76d07f144881a00e7,07/24/2025 11:30:00 AM,2,PARKED,,2014843,,TOYOTA,YARIS,IL,2007,UNKNOWN,PASSENGER,PERSONAL,E,PARKED,,,0,,,,,,,,,,,,,,Y,Y,,,SIDE-LEFT-FRONT,,,,,,,,,,,,,,,,,,,,,,,,,,,,,,,,,
2113442,c4a45f03ce95c7490d2b800d908ed612d9a64b491a87b20c343bd49370b5d967245e61017b1a5569302dc5c7b3c02fec26f67998bb07498420f8f3352e50aff9,07/24/2025 11:30:00 AM,1,DRIVER,,2014771,,NISSAN,SENTRA,IL,2024,NONE,SPORT UTILITY VEHICLE (SUV),PERSONAL,N,PASSING/OVERTAKING,,,1,,,,,Y,,,,,,,,,,,,,FRONT-RIGHT-CORNER,,,,,,,,,,,,,,,,,,,,,,,,,,,,,,,,,
2113443,c4a45f03ce95c7490d2b800d908ed612d9a64b491a87b20c343bd49370b5d967245e61017b1a5569302dc5c7b3c02fec26f67998bb07498420f8f3352e50aff9,07/24/2025 11:30:00 AM,2,DRIVER,,2014776,,DODGE,NITRO,IL,2007,NONE,SPORT UTILITY VEHICLE (SUV),PERSONAL,N,LEAVING TRAFFIC LANE TO PARK,,,1,,,,,,,,,,,Y,,,,,,,REAR-LEFT-CORNER,,,,,,,,,,,,,,,,,,,,,,,,,,,,,,,,,
2113353,9720992619c92c9341bc3e181ff6979e7cbbb146c661ea71bb6abe883010f925a3fa74945630b1ca54f749f13c0a79eb59473b6677889793a2f5d836e25bbb90,07/24/2025 11:26:00 AM,1,DRIVER,,2014692,,DODGE,NITRO,IL,2007,NONE,SPORT UTILITY VEHICLE (SUV),PERSONAL,S,BACKING,,,1,,,,,,,,,,Y,,,,,,,,REAR,,,,,,,,,,,,,,,,,,,,,,,,,,,,,,,,,
2113354,9720992619c92c9341bc3e181ff6979e7cbbb146c661ea71bb6abe883010f925a3fa74945630b1ca54f749f13c0a79eb59473b6677889793a2f5d836e25bbb90,07/24/2025 11:26:00 AM,2,DRIVER,,2014698,,NISSAN,SENTRA,IL,2024,NONE,PASSENGER,PERSONAL,N,STRAIGHT AHEAD,,,1,,,,,,,,,,,,,,,,Y,,FRONT,,,,,,,,,,,,,,,,,,,,,,,,,,,,,,,,,
2113370,84b329bc01d8dfa1d38976bbf3d3cd4e1892161cd2f95a4021829431375fffb5775d03e38a8c8c653de8d38374ebfbfa18f23d3fbd313ee88646bf684a2286ed,07/24/2025 11:25:00 AM,2,PEDESTRIAN,,,,,,,,,,,,,,,,,,,,,,,,,,,,,,,,,,,,,,,,,,,,,,,,,,,,,,,,,,,,,,,,,,
2113371,84b329bc01d8dfa1d38976bbf3d3cd4e1892161cd2f95a4021829431375fffb5775d03e38a8c8c653de8d38374ebfbfa18f23d3fbd313ee88646bf684a2286ed,07/24/2025 11:25:00 AM,1,DRIVER,,2015213,,NISSAN,SENTRA,IL,2015,NONE,PASSENGER,PERSONAL,NE,TURNING LEFT,,,1,,,,,Y,,,,,,,,,,,Y,,FRONT-RIGHT-CORNER,,,,,,,,,,,,,,,,,,,,,,,,,,,,,,,,,
2113339,0897db5fcf0dae68deeaca0385308557c69b2094f75daabdf6b70013025506ac975b243e6cd5a2838d477b78bae65e68fef6beb931d715f192ad7dd451c7bd74,07/24/2025 11:20:00 AM,1,DRIVER,,2014677,,TOYOTA,CAMRY,IL,2007,NONE,PASSENGER,PERSONAL,W,STRAIGHT AHEAD,,,1,,,,,,,,,,,,,,,,Y,,FRONT,,,,,,,,,,,,,,,,,,,,,,,,,,,,,,,,,
2113340,0897db5fcf0dae68deeaca0385308557c69b2094f75daabdf6b70013025506ac975b243e6cd5a2838d477b78bae65e68fef6beb931d715f192ad7dd451c7bd74,07/24/2025 11:20:00 AM,2,DRIVER,,2014696,N,NOVA BUS,OTHER (EXPLAIN IN NARRATIVE),IL,2022,NONE,BUS OVER 15 PASS.,CTA,W,SLOW/STOP IN TRAFFIC,,,1,,,,Y,,,,,,,,,,,,,,REAR,,,,,,,,,,,,,,,,,,,,,,,,,,,,,,,,,
2113363,277420968d565d635cb54a6797eba42263ee711f18dc812f38b244609ba92f20eb92399782610475afc655d697714c41c756b57c0550856a6e5b6f7dc62f07a8,07/24/2025 11:20:00 AM,1,DRIVER,,2014699,Y,FREIGHTLINER CORPORATION,FREIGHTLINER CORP.,IL,2026,NONE,TRACTOR W/ SEMI-TRAILER,COMMERCIAL - SINGLE UNIT,W,SLOW/STOP IN TRAFFIC,Y,,1,,MAXIM TOWING,UNK,,,,,,,,,,,,,,,TOP,"21,883",3850655,403457,,PAPERS,3,FUTURE FREIGHT,IL,CLAREDON HILLS,,,,,,,,,,,,,97-102,,53,,65,5,TRACTOR/SEMI-TRAILER,VAN/ENCLOSED BOX,OTHER,,,
2113361,5d2e1b6b676273d748060073e3941f33b85f2019008506ab38c932db25269fd88304075f3d4e5985be283e1e26f6181e6bf64b7697a8c764a14c13994e2a2697,07/24/2025 11:18:00 AM,1,DRIVER,,2014721,,CHEVROLET,TRAIL BLAZER,NY,2025,NONE,PASSENGER,PERSONAL,W,TURNING LEFT,,,1,,,,,Y,,,,,,,,,N,N,,,FRONT-RIGHT-CORNER,,,,,,,,,,,,,,,,,,,,,,,,,,,,,,,,,
2113362,5d2e1b6b676273d748060073e3941f33b85f2019008506ab38c932db25269fd88304075f3d4e5985be283e1e26f6181e6bf64b7697a8c764a14c13994e2a2697,07/24/2025 11:18:00 AM,2,DRIVER,,2015309,,VOLVO,XC4,NY,2025,NONE,PASSENGER,PERSONAL,W,STRAIGHT AHEAD,,,1,,,,,,,,,,,,,,Y,Y,,,FRONT-LEFT-CORNER,,,,,,,,,,,,,,,,,,,,,,,,,,,,,,,,,
2113374,0b8706ff56f31dbaee0685de58733dd2260d1cc8ecf388e1660af6965a06a2b035a1df99d619aef5c222004f65823e715c299eb749d2491e3cc53bb5868da2cb,07/24/2025 11:17:00 AM,1,DRIVER,,2014710,,TOYOTA,CAMRY,IL,2022,UNKNOWN,PASSENGER,TAXI/FOR HIRE,E,MERGING,,,1,,,,,,,,,,,,,Y,,Y,,,SIDE-LEFT,,,,,,,,,,,,,,,,,,,,,,,,,,,,,,,,,
2113375,0b8706ff56f31dbaee0685de58733dd2260d1cc8ecf388e1660af6965a06a2b035a1df99d619aef5c222004f65823e715c299eb749d2491e3cc53bb5868da2cb,07/24/2025 11:17:00 AM,2,DRIVER,,2014720,,NOVA BUS,OTHER (EXPLAIN IN NARRATIVE),IL,2000,UNKNOWN,BUS OVER 15 PASS.,CTA,E,SLOW/STOP IN TRAFFIC,,,1,,,,,,,Y,,,,,,,,,,,OTHER,,,,,,,,,,,,,,,,,,,,,,,,,,,,,,,,,
2113951,22b7907ad4818407fe334b0a594a18dd86617adcd3f04149d8a71709d147e01ae9f130e118cebdbdedd50dde9bd32f10b27771525b9da3956e56680b14874650,07/24/2025 11:15:00 AM,1,DRIVER,,2015255,,UNKNOWN,OTHER (EXPLAIN IN NARRATIVE),IL,,UNKNOWN,PASSENGER,UNKNOWN/NA,E,PASSING/OVERTAKING,,,1,,,,,Y,,,,,,,,,,,,N,FRONT-RIGHT-CORNER,,,,,,,,,,,,,,,,,,,,,,,,,,,,,,,,,