CRASH_UNIT_ID,CRASH_RECORD_ID,CRASH_DATE,UNIT_NO,UNIT_TYPE,NUM_PASSENGERS,VEHICLE_ID,CMRC_VEH_I,MAKE,MODEL,LIC_PLATE_STATE,VEHICLE_YEAR,VEHICLE_DEFECT,VEHICLE_TYPE,VEHICLE_USE,TRAVEL_DIRECTION,MANEUVER,TOWED_I,FIRE_I,OCCUPANT_CNT,EXCEED_SPEED_LIMIT_I,TOWED_BY,TOWED_TO,AREA_00_I,AREA_01_I,AREA_02_I,AREA_03_I,AREA_04_I,AREA_05_I,AREA_06_I,AREA_07_I,AREA_08_I,AREA_09_I,AREA_10_I,AREA_11_I,AREA_12_I,AREA_99_I,FIRST_CONTACT_POINT,CMV_ID,USDOT_NO,CCMC_NO,ILCC_NO,COMMERCIAL_SRC,GVWR,CARRIER_NAME,CARRIER_STATE,CARRIER_CITY,HAZMAT_PLACARDS_I,HAZMAT_NAME,UN_NO,HAZMAT_PRESENT_I,HAZMAT_REPORT_I,HAZMAT_REPORT_NO,MCS_REPORT_I,MCS_REPORT_NO,HAZMAT_VIO_CAUSE_CRASH_I,MCS_VIO_CAUSE_CRASH_I,IDOT_PERMIT_NO,WIDE_LOAD_I,TRAILER1_WIDTH,TRAILER2_WIDTH,TRAILER1_LENGTH,TRAILER2_LENGTH,TOTAL_VEHICLE_LENGTH,AXLE_CNT,VEHICLE_CONFIG,CARGO_BODY_TYPE,LOAD_TYPE,HAZMAT_OUT_OF_SERVICE_I,MCS_OUT_OF_SERVICE_I,HAZMAT_CLASS
2113952,22b7907ad4818407fe334b0a594a18dd86617adcd3f04149d8a71709d147e01ae9f130e118cebdbdedd50dde9bd32f10b27771525b9da3956e56680b14874650,07/24/2025 11:15:00 AM,2,DRIVER,,2015264,,UNKNOWN,OTHER (EXPLAIN IN NARRATIVE),IL,,UNKNOWN,PASSENGER,UNKNOWN/NA,E,STRAIGHT AHEAD,,,1,,,,,,,,,,,,,,,,Y,,FRONT,,,,,,,,,,,,,,,,,,,,,,,,,,,,,,,,,
2113953,22b7907ad4818407fe334b0a594a18dd86617adcd3f04149d8a71709d147e01ae9f130e118cebdbdedd50dde9bd32f10b27771525b9da3956e56680b14874650,07/24/2025 11:15:00 AM,3,DRIVER,,2015276,,HYUNDAI,SONATA,IN,2020,NONE,PASSENGER,PERSONAL,E,STRAIGHT AHEAD,,,1,,,,,Y,Y,,Y,N,Y,,,Y,,,Y,,SIDE-LEFT,,,,,,,,,,,,,,,,,,,,,,,,,,,,,,,,,
2113394,d9f3a42c86b9a4fa4fceebae86e4c024b1f04aeb2de07b1b538c54bc681670f4e0cc353ab729c528f93256a125e66eae4dc64eeb9724685ad20836e69c620948,07/24/2025 11:13:00 AM,1,DRIVER,,2014725,,VOLKSWAGEN,JETTA,IL,2020,UNKNOWN,PASSENGER,PERSONAL,S,STRAIGHT AHEAD,,,1,,,,,,,,,,,,,,Y,Y,,,FRONT-LEFT-CORNER,,,,,,,,,,,,,,,,,,,,,,,,,,,,,,,,,
2113395,d9f3a42c86b9a4fa4fceebae86e4c024b1f04aeb2de07b1b538c54bc681670f4e0cc353ab729c528f93256a125e66eae4dc64eeb9724685ad20836e69c620948,07/24/2025 11:13:00 AM,2,DRIVER,,2014730,,NOVA BUS,RTS,,,UNKNOWN,BUS OVER 15 PASS.,CTA,S,STRAIGHT AHEAD,,,1,,,,,,,,Y,Y,,,,,,,,,REAR-RIGHT-CORNER,,,,,,,,,,,,,,,,,,,,,,,,,,,,,,,,,
2113337,550c2bf69c2ce6f66aa4b88d07e1cb17fb95533628e7cfc47c50def5549b8091c82f8ebd19c2f060f6d88ba29e369e4c9fab2d6b0af938f199073132d424f8b0,07/24/2025 11:12:00 AM,1,DRIVER,,2014673,,TOYOTA,COROLLA,IL,2023,UNKNOWN,PASSENGER,PERSONAL,E,CHANGING LANES,,,1,,,,,,,Y,Y,Y,,,,,,,,,FRONT-LEFT-CORNER,,,,,,,,,,,,,,,,,,,,,,,,,,,,,,,,,
2113338,550c2bf69c2ce6f66aa4b88d07e1cb17fb95533628e7cfc47c50def5549b8091c82f8ebd19c2f060f6d88ba29e369e4c9fab2d6b0af938f199073132d424f8b0,07/24/2025 11:12:00 AM,2,DRIVER,,2014688,,KIA,SEDONA,IL,,UNKNOWN,PASSENGER,PERSONAL,E,STRAIGHT AHEAD,,,1,,,,,,,Y,Y,Y,,,,,,,,,SIDE-LEFT,,,,,,,,,,,,,,,,,,,,,,,,,,,,,,,,,
2113376,bbd3911484bf935e9fef1987c2071197b79dd5e9307f96b3a773599995334e0d94651d2ad9e7df6556b97c0636d7e93d888978d013ffa99a3593fb29e06c5323,07/24/2025 11:12:00 AM,1,DRIVER,,2014708,,CADILLAC,SRX,IL,2013,NONE,SPORT UTILITY VEHICLE (SUV),PERSONAL,E,STRAIGHT AHEAD,Y,,1,,City of Chicago,103rd and Doty,,Y,Y,Y,,,,Y,Y,Y,Y,Y,Y,,FRONT-RIGHT-CORNER,,,,,,,,,,,,,,,,,,,,,,,,,,,,,,,,,
2113377,bbd3911484bf935e9fef1987c2071197b79dd5e9307f96b3a773599995334e0d94651d2ad9e7df6556b97c0636d7e93d888978d013ffa99a3593fb29e06c5323,07/24/2025 11:12:00 AM,2,PARKED,,2014716,,HONDA,ACCORD,IL,2008,NONE,PASSENGER,PERSONAL,E,PARKED,Y,,0,,Private tow,MECHANIC,,,,,,,Y,Y,Y,,,Y,Y,,REAR-LEFT-CORNER,,,,,,,,,,,,,,,,,,,,,,,,,,,,,,,,,
2113378,bbd3911484bf935e9fef1987c2071197b79dd5e9307f96b3a773599995334e0d94651d2ad9e7df6556b97c0636d7e93d888978d013ffa99a3593fb29e06c5323,07/24/2025 11:12:00 AM,3,PARKED,,2014726,,FORD,F150,IL,2008,NONE,PICKUP,PERSONAL,E,PARKED,,,0,,,,,,,,,,Y,Y,,,,,,,REAR-LEFT-CORNER,,,,,,,,,,,,,,,,,,,,,,,,,,,,,,,,,
2113333,07f3c61e8602dac238e1ed891494d3c1e2f816e3e6be91965c18b1a5b0414acc878ea817a4c4bbba4ff276a2ad230e2ac498d19cd65075d03cc77bb2f936dfd9,07/24/2025 11:11:00 AM,2,DRIVER,3,2014679,,MAZDA,MAZDA6,IL,2018,NONE,PASSENGER,PERSONAL,S,STRAIGHT AHEAD,,,4,,,,,Y,,,,,,,,,,Y,Y,,FRONT-LEFT-CORNER,,,,,,,,,,,,,,,,,,,,,,,,,,,,,,,,,
2113336,07f3c61e8602dac238e1ed891494d3c1e2f816e3e6be91965c18b1a5b0414acc878ea817a4c4bbba4ff276a2ad230e2ac498d19cd65075d03cc77bb2f936dfd9,07/24/2025 11:11:00 AM,1,DRIVER,1,2014671,,NISSAN,ALTIMA,IL,2019,NONE,PASSENGER,PERSONAL,W,STRAIGHT AHEAD,,,2,,,,,Y,,,,,,,,,,Y,Y,,FRONT-RIGHT-CORNER,,,,,,,,,,,,,,,,,,,,,,,,,,,,,,,,,
2115574,4ed42be03a4cbe683d7caf5e4550abfc54e1f467b5c79aaed4a7133122f276313937f8f8d70574d75ab812a0bc3bce00d049573fa7b1c6ddf73059135d983972,07/24/2025 11:11:00 AM,1,DRIVER,,2016807,,MAZDA,CX-30,IL,2023,UNKNOWN,SPORT UTILITY VEHICLE (SUV),PERSONAL,E,STRAIGHT AHEAD,,,1,,,,,,,,,,,,,,,,,Y,FRONT-LEFT-CORNER,,,,,,,,,,,,,,,,,,,,,,,,,,,,,,,,,
2115575,4ed42be03a4cbe683d7caf5e4550abfc54e1f467b5c79aaed4a7133122f276313937f8f8d70574d75ab812a0bc3bce00d049573fa7b1c6ddf73059135d983972,07/24/2025 11:11:00 AM,2,DRIVER,1,2016800,,MAZDA,CX-5,IL,2020,NONE,SPORT UTILITY VEHICLE (SUV),PERSONAL,E,STRAIGHT AHEAD,,,2,,,,,,Y,Y,,,,,,,,,,,SIDE-RIGHT,,,,,,,,,,,,,,,,,,,,,,,,,,,,,,,,,
2113372,1ee3ed0717ce827716e3729a30f8b83b116a8cf888169fcf470f8b7a1943990bbd58c3e0be234c8f052b2ae04c18c8ffbff78c4641bcbc2cdd4304acd0f4eab5,07/24/2025 11:10:00 AM,1,DRIVER,,2014709,,TOYOTA,CAMRY,IL,2016,NONE,PASSENGER,PERSONAL,NE,TURNING LEFT,,,1,,,,,,,,,,,,,,,Y,,,FRONT-LEFT-CORNER,,,,,,,,,,,,,,,,,,,,,,,,,,,,,,,,,
2113373,1ee3ed0717ce827716e3729a30f8b83b116a8cf888169fcf470f8b7a1943990bbd58c3e0be234c8f052b2ae04c18c8ffbff78c4641bcbc2cdd4304acd0f4eab5,07/24/2025 11:10:00 AM,2,DRIVER,,2014723,,NEW FLYER,DE60LFR,IL,2009,NONE,BUS OVER 15 PASS.,CTA,NW,SLOW/STOP IN TRAFFIC,,,1,,,,,,,,,,,,,,Y,,,,SIDE-LEFT-FRONT,,,,,,,,,,,,,,,,,,,,,,,,,,,,,,,,,
2113426,b58388eb2a33671e83ce49e3a8190c74030fad7ad6b57a986a8151de09b88002fb811d4057f8a63adf83796fd5c163bb16d785f066c6d69eed0289de7eda31c4,07/24/2025 11:00:00 AM,1,DRIVER,,2014743,,HYUNDAI,SANTA FE,IL,2019,NONE,PASSENGER,PERSONAL,S,PASSING/OVERTAKING,,,1,,,,,,,Y,Y,Y,,,,,,,,,REAR-RIGHT-CORNER,,,,,,,,,,,,,,,,,,,,,,,,,,,,,,,,,
2113427,b58388eb2a33671e83ce49e3a8190c74030fad7ad6b57a986a8151de09b88002fb811d4057f8a63adf83796fd5c163bb16d785f066c6d69eed0289de7eda31c4,07/24/2025 11:00:00 AM,2,DRIVER,,2014752,,CHEVROLET,CRUZE,IL,2015,NONE,PASSENGER,PERSONAL,SW,TURNING RIGHT,,,1,,,,,,,,,,,,,,,,Y,,FRONT,,,,,,,,,,,,,,,,,,,,,,,,,,,,,,,,,
2113381,bf5ad63d20e31097b3fdec741519ec49f21a7203fc4d52fa7234b48c5121fc7ed7eaccfa05b01e62aab1c601baf240461e3dc36e93373a7adc2bec88f980dcf2,07/24/2025 11:00:00 AM,1,DRIVER,2,2014713,,LUCID,AIR,IL,2025,NONE,PASSENGER,NOT IN USE,N,SLOW/STOP IN TRAFFIC,,,3,,,,,,,,,,,,Y,Y,,,,,SIDE-LEFT,,,,,,,,,,,,,,,,,,,,,,,,,,,,,,,,,
2113382,bf5ad63d20e31097b3fdec741519ec49f21a7203fc4d52fa7234b48c5121fc7ed7eaccfa05b01e62aab1c601baf240461e3dc36e93373a7adc2bec88f980dcf2,07/24/2025 11:00:00 AM,2,DRIVER,,2014719,,CHEVROLET,OTHER (EXPLAIN IN NARRATIVE),IL,2025,UNKNOWN,PASSENGER,PERSONAL,N,STRAIGHT AHEAD,,,1,,,,,,,,,,,,,,,,,Y,SIDE-RIGHT,,,,,,,,,,,,,,,,,,,,,,,,,,,,,,,,,
2119109,467a8bce113dfbcdcf8ab3bfcded25af2367b04945ebbabb4df0d12b4ba65d51a9dc76a8cf95936467c73fb13facf97854829862c55ee1e2ac9e9e7ec4e83661,07/24/2025 10:51:00 AM,1,DRIVER,,2020144,,FORD,F150,IL,2015,UNKNOWN,PICKUP,UNKNOWN/NA,N,STRAIGHT AHEAD,,,1,,,,,,,,,,,,,,,,Y,,FRONT,,,,,,,,,,,,,,,,,,,,,,,,,,,,,,,,,
2119110,467a8bce113dfbcdcf8ab3bfcded25af2367b04945ebbabb4df0d12b4ba65d51a9dc76a8cf95936467c73fb13facf97854829862c55ee1e2ac9e9e7ec4e83661,07/24/2025 10:51:00 AM,2,DRIVER,,2020137,,TOYOTA,SIENNA,IL,2006,NONE,VAN/MINI-VAN,PERSONAL,W,STRAIGHT AHEAD,,,1,,,,,,,,,,,Y,Y,,,Y,,,REAR-LEFT-CORNER,,,,,,,,,,,,,,,,,,,,,,,,,,,,,,,,,
2113326,979f43f80031eecc582a0ba60b8b6f1a3e2c72ef9ad5f2744990546f2fe424ba1252cf6ac7870902e98a3bcc174bf1c346082083d62dd9a64e7555fb9632e2b9,07/24/2025 10:51:00 AM,1,DRIVER,,2014661,,MAZDA,MIATA,IL,2013,STEERING,PASSENGER,PERSONAL,W,STRAIGHT AHEAD,Y,,1,,PRIVATE,,,Y,,,,,,,,,,Y,Y,,FRONT-RIGHT-CORNER,,,,,,,,,,,,,,,,,,,,,,,,,,,,,,,,,
2113327,979f43f80031eecc582a0ba60b8b6f1a3e2c72ef9ad5f2744990546f2fe424ba1252cf6ac7870902e98a3bcc174bf1c346082083d62dd9a64e7555fb9632e2b9,07/24/2025 10:51:00 AM,2,PARKED,,2014674,,JEEP,WRANGLER,IL,2017,NONE,PASSENGER,NOT IN USE,W,PARKED,,,0,,,,,,,,,Y,Y,Y,,,,,,,REAR-RIGHT-CORNER,,,,,,,,,,,,,,,,,,,,,,,,,,,,,,,,,
2113312,9a7cf1c026742472371c5cb4984bea84aa6eac1a11699c8e80ccfe550e311966fbc7c7ebade3f76b59372c3eddeacbf2559d287b37dd496ec476f168e6374312,07/24/2025 10:45:00 AM,1,DRIVER,,2014648,,TOYOTA,SIENNA,IL,2014,UNKNOWN,VAN/MINI-VAN,PERSONAL,SE,PASSING/OVERTAKING,,,1,,,,,Y,,,,,,,,,,,,,FRONT-RIGHT-CORNER,,,,,,,,,,,,,,,,,,,,,,,,,,,,,,,,,
2113313,9a7cf1c026742472371c5cb4984bea84aa6eac1a11699c8e80ccfe550e311966fbc7c7ebade3f76b59372c3eddeacbf2559d287b37dd496ec476f168e6374312,07/24/2025 10:45:00 AM,2,DRIVER,,2014650,,CHEVROLET,MALIBU,IL,1978,UNKNOWN,PASSENGER,PERSONAL,SE,STRAIGHT AHEAD,,,1,,,,,,,,,,,,,,,Y,,,FRONT-LEFT-CORNER,,,,,,,,,,,,,,,,,,,,,,,,,,,,,,,,,
2113355,9c7adc218d5e2076bdd61169bddaba7da00a2fa8be04d8a11ec01ca2d336b50266d86a1a2a8ccfec0892477f67213e6b5ee0b0957f5736ef6a9e1d81ac4a5d87,07/24/2025 10:45:00 AM,1,DRIVER,,2014689,,JEEP,WRANGLER,IL,2015,UNKNOWN,SPORT UTILITY VEHICLE (SUV),UNKNOWN/NA,E,TURNING RIGHT,,,1,,,,Y,,,,,,,,,,,,,,NONE,,,,,,,,,,,,,,,,,,,,,,,,,,,,,,,,,
2113356,9c7adc218d5e2076bdd61169bddaba7da00a2fa8be04d8a11ec01ca2d336b50266d86a1a2a8ccfec0892477f67213e6b5ee0b0957f5736ef6a9e1d81ac4a5d87,07/24/2025 10:45:00 AM,2,BICYCLE,,,,,,,,,,,,,,,,,,,,,,,,,,,,,,,,,,,,,,,,,,,,,,,,,,,,,,,,,,,,,,,,,,
2113321,bc59d64f3b41bd264cc1ea4e03b7f93a76601006f34878d81d208673169f2382b9eae5493be669482d7f1c41566c30311a405293ddbf246f7b8613b31b5b522a,07/24/2025 10:44:00 AM,1,DRIVER,,2014659,,TOYOTA,SIENNA,IL,2015,NONE,VAN/MINI-VAN,PERSONAL,E,PASSING/OVERTAKING,,,1,,,,,,,,,,,,,,,Y,,,FRONT-LEFT-CORNER,,,,,,,,,,,,,,,,,,,,,,,,,,,,,,,,,
2113322,bc59d64f3b41bd264cc1ea4e03b7f93a76601006f34878d81d208673169f2382b9eae5493be669482d7f1c41566c30311a405293ddbf246f7b8613b31b5b522a,07/24/2025 10:44:00 AM,2,DRIVER,1,2014667,,TOYOTA,PRIUS,IL,2016,NONE,PASSENGER,RIDESHARE SERVICE,E,OTHER,,,2,,,,,,,,,Y,,,,,,,,,REAR-RIGHT-CORNER,,,,,,,,,,,,,,,,,,,,,,,,,,,,,,,,,
2113330,abe40c440df5f1f031304a1a642ec46b429a84b2a48fd60e3ca20620b82ca303e4924c9a2f4186cc351b886601afbd4d8bc7e7bf8c64908fef0ec89f3e9b0bad,07/24/2025 10:41:00 AM,1,DRIVER,,2014664,,UNKNOWN,OTHER (EXPLAIN IN NARRATIVE),,1900,UNKNOWN,UNKNOWN/NA,UNKNOWN/NA,NW,UNKNOWN/NA,,,1,,,,,,,,,,,,,,,,,Y,UNKNOWN,,,,,,,,,,,,,,,,,,,,,,,,,,,,,,,,,
2113331,abe40c440df5f1f031304a1a642ec46b429a84b2a48fd60e3ca20620b82ca303e4924c9a2f4186cc351b886601afbd4d8bc7e7bf8c64908fef0ec89f3e9b0bad,07/24/2025 10:41:00 AM,2,PARKED,,2014670,,TOYOTA,VENZA,IL,2024,NONE,PASSENGER,NOT IN USE,S,PARKED,,,0,,,,,Y,,,,,,,,,,,Y,,FRONT-RIGHT-CORNER,,,,,,,,,,,,,,,,,,,,,,,,,,,,,,,,,
2113389,b601c8930ec5195a69c7b096b9ef0a4750e891a8f12a1682e4a91b7a20ef15b27fa05c7c0d27bf0c0e50b0268d35a5579a9b374e8c87b889414b2c3e9acf1724,07/24/2025 10:39:00 AM,1,DRIVER,1,2014724,,CHEVROLET,SILVERADO,IL,2000,UNKNOWN,PICKUP,PERSONAL,N,STRAIGHT AHEAD,Y,,2,,STREETS AND SANITATION #04233,103RD DOTY,,Y,,,,,,,,,,Y,Y,,FRONT,,,,,,,,,,,,,,,,,,,,,,,,,,,,,,,,,
2113390,b601c8930ec5195a69c7b096b9ef0a4750e891a8f12a1682e4a91b7a20ef15b27fa05c7c0d27bf0c0e50b0268d35a5579a9b374e8c87b889414b2c3e9acf1724,07/24/2025 10:39:00 AM,2,DRIVER,,2014747,,CHEVROLET,CRUZE,IL,2013,UNKNOWN,PASSENGER,PERSONAL,E,STRAIGHT AHEAD,Y,,1,,PRIVATE TOW,,,Y,Y,,,,,,,,,Y,Y,,FRONT-RIGHT-CORNER,,,,,,,,,,,,,,,,,,,,,,,,,,,,,,,,,
2113391,b601c8930ec5195a69c7b096b9ef0a4750e891a8f12a1682e4a91b7a20ef15b27fa05c7c0d27bf0c0e50b0268d35a5579a9b374e8c87b889414b2c3e9acf1724,07/24/2025 10:39:00 AM,3,DRIVER,,2014755,,HYUNDAI,OTHER (EXPLAIN IN NARRATIVE),IL,2024,NONE,PASSENGER,PERSONAL,W,SLOW/STOP IN TRAFFIC,,,1,,,,,Y,,,,,,,,,,Y,Y,,FRONT,,,,,,,,,,,,,,,,,,,,,,,,,,,,,,,,,
2113351,932c5c6d99e7811f12bb75c6042a1f3c6b092ecfce304c6c81bd5b5a15e9d13510d696d6495796ac0fc21ca99f92e3c8525907688ff7ea3528392a22524db02b,07/24/2025 10:37:00 AM,1,DRIVER,,2014687,,TOYOTA,HIGHLANDER,IL,2017,UNKNOWN,SPORT UTILITY VEHICLE (SUV),PERSONAL,W,STRAIGHT AHEAD,Y,,1,,SELF,UNK,,Y,,,,,,,,,Y,Y,Y,,FRONT-LEFT-CORNER,,,,,,,,,,,,,,,,,,,,,,,,,,,,,,,,,
2113352,932c5c6d99e7811f12bb75c6042a1f3c6b092ecfce304c6c81bd5b5a15e9d13510d696d6495796ac0fc21ca99f92e3c8525907688ff7ea3528392a22524db02b,07/24/2025 10:37:00 AM,2,DRIVER,1,2014695,,TOYOTA,CAMRY,IL,2015,UNKNOWN,PASSENGER,PERSONAL,N,STRAIGHT AHEAD,Y,,2,,SELF,UNK,,Y,Y,Y,,,,,,,,,Y,,SIDE-RIGHT,,,,,,,,,,,,,,,,,,,,,,,,,,,,,,,,,
2113315,4d3d249e330e6e7acead7505cb446c066a301447dc3d4efb1263fa485aa3e29593b9b559017c39e50660e655041139775c3bc73624ff435a46facc0aa9496f90,07/24/2025 10:35:00 AM,1,DRIVER,,2014651,Y,INTERNATIONAL TRAILER CORPORATION,INTERNATIONAL TRAILER CORP.,IL,2016,NONE,TRUCK - SINGLE UNIT,COMMERCIAL - SINGLE UNIT,SW,BACKING,,,1,,,,,,,,,Y,,,,,,,,,TOP,,,,,,,,,,,,,,,,,,,,,,,,,,,,,,,,,
2113899,b20103f577d3bb3075c96348b396a842a42a0ec6a4726aa6df42509df9471ea454a7c70c48ab5452b26464505471ec5c017bb1d6e29f983d520b8e5ec69f89b0,07/24/2025 10:33:00 AM,1,DRIVER,,2015205,,"MACK TRUCKS, INC.","MACK TRUCKS, INC.",IL,2016,NONE,TRUCK - SINGLE UNIT,CONSTRUCTION/MAINTENANCE,N,STRAIGHT AHEAD,,,1,,,,,Y,,,,,,,,,,Y,Y,,FRONT,,,,,,,,,,,,,,,,,,,,,,,,,,,,,,,,,
2113900,b20103f577d3bb3075c96348b396a842a42a0ec6a4726aa6df42509df9471ea454a7c70c48ab5452b26464505471ec5c017bb1d6e29f983d520b8e5ec69f89b0,07/24/2025 10:33:00 AM,2,DRIVER,,2015207,,FORD,F150,IL,2024,NONE,PICKUP,PERSONAL,N,STRAIGHT AHEAD,,,1,,,,,,,,,Y,Y,Y,,,,,,,REAR,,,,,,,,,,,,,,,,,,,,,,,,,,,,,,,,,
2113396,10a21b0e4a8efa15162f61c80729d1e6c301cd1829f35a6cb24081be1e9178ab1c41c5f80e7e2491150a1d920472cf6895eddc89c518e9413228245f112dcda4,07/24/2025 10:30:00 AM,1,DRIVER,,2014731,,CHEVROLET,MALIBU,,1978,NONE,PASSENGER,PERSONAL,UNKNOWN,STRAIGHT AHEAD,,,1,,,,,,,,,,,,,,Y,Y,,,FRONT-LEFT-CORNER,,,,,,,,,,,,,,,,,,,,,,,,,,,,,,,,,
2113397,10a21b0e4a8efa15162f61c80729d1e6c301cd1829f35a6cb24081be1e9178ab1c41c5f80e7e2491150a1d920472cf6895eddc89c518e9413228245f112dcda4,07/24/2025 10:30:00 AM,2,DRIVER,,2014727,,TOYOTA,SIENNA,IL,2015,NONE,PASSENGER,PERSONAL,UNKNOWN,STRAIGHT AHEAD,,,1,,,,,Y,Y,,,,,,,,,,Y,,FRONT-RIGHT-CORNER,,,,,,,,,,,,,,,,,,,,,,,,,,,,,,,,,
2113341,ca31992bf5245f339930a076edaa9957a2a572a8fdb79186c7d7b8a4b60c5152ed548d75e30dbfb58fb04a7378ad9f4434086306c5ab22b653dba558d22f73fd,07/24/2025 10:30:00 AM,1,DRIVER,,2014678,,CHEVROLET,C/K 1500,IL,2005,UNKNOWN,TRUCK - SINGLE UNIT,OTHER,N,SLOW/STOP IN TRAFFIC,,,1,,,,,,,,,Y,,,,,,,,,SIDE-RIGHT-REAR,,,,,,,,,,,,,,,,,,,,,,,,,,,,,,,,,
2113342,ca31992bf5245f339930a076edaa9957a2a572a8fdb79186c7d7b8a4b60c5152ed548d75e30dbfb58fb04a7378ad9f4434086306c5ab22b653dba558d22f73fd,07/24/2025 10:30:00 AM,2,PARKED,,2014690,,FORD,SUPER DUTY,IL,2017,UNKNOWN,PICKUP,OTHER,N,PARKED,,,0,,,,,,,,,,,,,,,Y,,,FRONT-LEFT-CORNER,,,,,,,,,,,,,,,,,,,,,,,,,,,,,,,,,
2116142,d45a7aec4c81d590bd08cf8b375120b3ec8c99bb44482838091e14c702ec91b59ab6085ab8c104cf5947590c5d8bd67456538f3d9e11df48b9be8accb4fad111,07/24/2025 10:30:00 AM,1,DRIVER,,2017336,,FIAT,128 SERIES,IL,2020,NONE,PASSENGER,UNKNOWN/NA,W,UNKNOWN/NA,,,1,,,,,Y,Y,,,,,,,,,,,,FRONT-RIGHT-CORNER,,,,,,,,,,,,,,,,,,,,,,,,,,,,,,,,,
2116143,d45a7aec4c81d590bd08cf8b375120b3ec8c99bb44482838091e14c702ec91b59ab6085ab8c104cf5947590c5d8bd67456538f3d9e11df48b9be8accb4fad111,07/24/2025 10:30:00 AM,2,DRIVER,,2017344,,NORTH AMERICAN BUS INDUSTRIES,OTHER (EXPLAIN IN NARRATIVE),IL,2016,NONE,BUS UP TO 15 PASS.,CTA,W,STRAIGHT AHEAD,,,1,,,,,,,,,,,Y,Y,,,,,,REAR-LEFT-CORNER,,,,,,,,,,,,,,,,,,,,,,,,,,,,,,,,,
2113328,72049eb4c4667b4bdafd9d556bd3799ff8e145a1a31a9750f05afe5bb4785be7ecda3c2f6760b9feac8001a13124413629fb9d60694a3b9f8a9b09ab012fd732,07/24/2025 10:24:00 AM,1,DRIVER,,2014663,,CHRYSLER,300,IL,2006,NONE,PASSENGER,PERSONAL,E,STRAIGHT AHEAD,,,1,,,,,,,,,,,,,,,,Y,,FRONT,,,,,,,,,,,,,,,,,,,,,,,,,,,,,,,,,
2113329,72049eb4c4667b4bdafd9d556bd3799ff8e145a1a31a9750f05afe5bb4785be7ecda3c2f6760b9feac8001a13124413629fb9d60694a3b9f8a9b09ab012fd732,07/24/2025 10:24:00 AM,2,DRIVER,,2015210,,AUDI,E-TRON,IL,2021,NONE,PASSENGER,PERSONAL,E,STRAIGHT AHEAD,,,1,,,,,,,,,,Y,,,,,,N,,REAR,,,,,,,,,,,,,,,,,,,,,,,,,,,,,,,,,
2113359,d1a4157352872d94eda600ff03c6fe2988be16422aa82a1425d4281c4c928d43742334259e045ec4576bb905e6cc4f7f0efef165ea4742e446245115b80bc4a6,07/24/2025 10:20:00 AM,1,DRIVER,1,2014693,,VOLKSWAGEN,OTHER (EXPLAIN IN NARRATIVE),,2025,UNKNOWN,SPORT UTILITY VEHICLE (SUV),PERSONAL,N,STRAIGHT AHEAD,,,2,,,,,,,,,,,,,,,,Y,,FRONT,,,,,,,,,,,,,,,,,,,,,,,,,,,,,,,,,
2113360,d1a4157352872d94eda600ff03c6fe2988be16422aa82a1425d4281c4c928d43742334259e045ec4576bb905e6cc4f7f0efef165ea4742e446245115b80bc4a6,07/24/2025 10:20:00 AM,2,DRIVER,,2014697,,KIA,SPORTAGE,IL,2025,NONE,SPORT UTILITY VEHICLE (SUV),PERSONAL,N,STRAIGHT AHEAD,,,1,,,,,,,,,,Y,,,,,,,,REAR,,,,,,,,,,,,,,,,,,,,,,,,,,,,,,,,,
2113319,bcc01af5b46fc20d67078e58a9b218f956e815f28e40b3685d9d74fb1e7291f2bf9e1785f97f65365db8fa79b65ff2cc525582006e1126b3f4c909ff1046e53b,07/24/2025 10:16:00 AM,1,DRIVER,,2014656,,FORD,TRANSIT CONNECT,IL,2021,UNKNOWN,VAN/MINI-VAN,COMMERCIAL - SINGLE UNIT,E,STARTING IN TRAFFIC,,,1,,,,,,,,,,,,,,Y,Y,,,FRONT-LEFT-CORNER,,,,,,,,,,,,,,,,,,,,,,,,,,,,,,,,,
2113320,bcc01af5b46fc20d67078e58a9b218f956e815f28e40b3685d9d74fb1e7291f2bf9e1785f97f65365db8fa79b65ff2cc525582006e1126b3f4c909ff1046e53b,07/24/2025 10:16:00 AM,2,DRIVER,,2014660,,FORD,VAN,IL,2004,UNKNOWN,VAN/MINI-VAN,PERSONAL,E,STRAIGHT AHEAD,,,1,,,,,,,,Y,Y,Y,,,,,,,,REAR-RIGHT-CORNER,,,,,,,,,,,,,,,,,,,,,,,,,,,,,,,,,
2114024,58b39d4043a7e137dbf83aaf4a79523bebc4564ecb4c2deada0f9949222ed91c48b43de9e9f670753c80ed02586c57261c2284533992bc25eb7dd6ccee2a5c57,07/24/2025 10:09:00 AM,1,DRIVER,,2015330,,HONDA,PILOT,IL,2015,UNKNOWN,SPORT UTILITY VEHICLE (SUV),PERSONAL,S,PASSING/OVERTAKING,,,1,,,,,,,,,,,,,,,,,,SIDE-RIGHT,,,,,,,,,,,,,,,,,,,,,,,,,,,,,,,,,
2114025,58b39d4043a7e137dbf83aaf4a79523bebc4564ecb4c2deada0f9949222ed91c48b43de9e9f670753c80ed02586c57261c2284533992bc25eb7dd6ccee2a5c57,07/24/2025 10:09:00 AM,2,DRIVER,2,2015323,,TOYOTA,CAMRY,IL,2025,NONE,PASSENGER,PERSONAL,S,STRAIGHT AHEAD,,,3,,,,,,,,,,,,,,,,,,SIDE-LEFT,,,,,,,,,,,,,,,,,,,,,,,,,,,,,,,,,