CRASH_UNIT_ID,CRASH_RECORD_ID,CRASH_DATE,UNIT_NO,UNIT_TYPE,NUM_PASSENGERS,VEHICLE_ID,CMRC_VEH_I,MAKE,MODEL,LIC_PLATE_STATE,VEHICLE_YEAR,VEHICLE_DEFECT,VEHICLE_TYPE,VEHICLE_USE,TRAVEL_DIRECTION,MANEUVER,TOWED_I,FIRE_I,OCCUPANT_CNT,EXCEED_SPEED_LIMIT_I,TOWED_BY,TOWED_TO,AREA_00_I,AREA_01_I,AREA_02_I,AREA_03_I,AREA_04_I,AREA_05_I,AREA_06_I,AREA_07_I,AREA_08_I,AREA_09_I,AREA_10_I,AREA_11_I,AREA_12_I,AREA_99_I,FIRST_CONTACT_POINT,CMV_ID,USDOT_NO,CCMC_NO,ILCC_NO,COMMERCIAL_SRC,GVWR,CARRIER_NAME,CARRIER_STATE,CARRIER_CITY,HAZMAT_PLACARDS_I,HAZMAT_NAME,UN_NO,HAZMAT_PRESENT_I,HAZMAT_REPORT_I,HAZMAT_REPORT_NO,MCS_REPORT_I,MCS_REPORT_NO,HAZMAT_VIO_CAUSE_CRASH_I,MCS_VIO_CAUSE_CRASH_I,IDOT_PERMIT_NO,WIDE_LOAD_I,TRAILER1_WIDTH,TRAILER2_WIDTH,TRAILER1_LENGTH,TRAILER2_LENGTH,TOTAL_VEHICLE_LENGTH,AXLE_CNT,VEHICLE_CONFIG,CARGO_BODY_TYPE,LOAD_TYPE,HAZMAT_OUT_OF_SERVICE_I,MCS_OUT_OF_SERVICE_I,HAZMAT_CLASS
2113414,3a556165ebdda785ff4b9cd3db08057fd921849988f6f800febbc4e5dc58ac5722d22d76f361ff7dd91354e194bc6cfa732e15a9a58c9ef7394e2a2ad405fb6d,07/24/2025 10:00:00 AM,1,DRIVER,,2014739,,CHEVROLET,EQUINOX,,2016,NONE,PASSENGER,PERSONAL,UNKNOWN,STRAIGHT AHEAD,,,1,,,,,Y,,,,,,,,,,Y,Y,,FRONT,,,,,,,,,,,,,,,,,,,,,,,,,,,,,,,,,
2113415,3a556165ebdda785ff4b9cd3db08057fd921849988f6f800febbc4e5dc58ac5722d22d76f361ff7dd91354e194bc6cfa732e15a9a58c9ef7394e2a2ad405fb6d,07/24/2025 10:00:00 AM,2,DRIVER,,2014750,,CHEVROLET,EQUINOX,IL,2025,NONE,PASSENGER,PERSONAL,UNKNOWN,STRAIGHT AHEAD,,,1,,,,,,,,,Y,Y,Y,,,,,,,REAR,,,,,,,,,,,,,,,,,,,,,,,,,,,,,,,,,
2113334,79db61f5346dfea8428d3163e92c113e7224e18255e824354326816f4b153dc8ec75294353eb5577332cc4e1409eaa1adcf384196816863d9793f64dd3d4cd28,07/24/2025 10:00:00 AM,1,DRIVER,,2014672,,GENERAL MOTORS CORPORATION (GMC),TERRAIN,IL,2012,NONE,PASSENGER,PERSONAL,N,TURNING RIGHT,,,1,,,,,,Y,Y,,,,,,,,,,,SIDE-LEFT,,,,,,,,,,,,,,,,,,,,,,,,,,,,,,,,,
2113335,79db61f5346dfea8428d3163e92c113e7224e18255e824354326816f4b153dc8ec75294353eb5577332cc4e1409eaa1adcf384196816863d9793f64dd3d4cd28,07/24/2025 10:00:00 AM,2,DRIVER,,2014675,,JEEP,WRANGLER,IL,2104,NONE,PASSENGER,PERSONAL,N,TURNING RIGHT,,,1,,,,,,,,,,,,,,Y,Y,,,FRONT-LEFT-CORNER,,,,,,,,,,,,,,,,,,,,,,,,,,,,,,,,,
2113300,8df4e740bfb78ba721ae69840fe87fe845b66a0bc43b6ffbacb1e23915abea24cb7f958681d8e92a451d841103281b730a4faa2731190303d05945b5c735ef59,07/24/2025 10:00:00 AM,1,DRIVER,,2014637,,UNKNOWN,MOTORIZED,,,UNKNOWN,VAN/MINI-VAN,UNKNOWN/NA,E,TURNING LEFT,,,1,,,,,Y,,,,,,,,,,,,N,FRONT-RIGHT-CORNER,,,,,,,,,,,,,,,,,,,,,,,,,,,,,,,,,
2113301,8df4e740bfb78ba721ae69840fe87fe845b66a0bc43b6ffbacb1e23915abea24cb7f958681d8e92a451d841103281b730a4faa2731190303d05945b5c735ef59,07/24/2025 10:00:00 AM,2,DRIVER,,2014639,,HONDA,CIVIC,IL,2019,UNKNOWN,PASSENGER,PERSONAL,E,TURNING LEFT,,,1,,,,,,,,,,,Y,Y,,,,,,SIDE-LEFT-REAR,,,,,,,,,,,,,,,,,,,,,,,,,,,,,,,,,
2113392,b5599c64ece1a2e599e726c5f5fa786e5ae8fee021f485df7218759ddff9df16363e049e12de5467713e00c540b0c15b88cc1f6f61c3a9a48666f4150fdfdc6f,07/24/2025 10:00:00 AM,1,DRIVER,,2014722,,UNKNOWN,MOTORIZED,IL,,UNKNOWN,UNKNOWN/NA,UNKNOWN/NA,W,UNKNOWN/NA,,,1,,,,,,,,,,,,,,,,,Y,UNKNOWN,,,,,,,,,,,,,,,,,,,,,,,,,,,,,,,,,
2113393,b5599c64ece1a2e599e726c5f5fa786e5ae8fee021f485df7218759ddff9df16363e049e12de5467713e00c540b0c15b88cc1f6f61c3a9a48666f4150fdfdc6f,07/24/2025 10:00:00 AM,2,DRIVER,,2014718,,KIA,FORTE,IL,2022,UNKNOWN,PASSENGER,PERSONAL,S,STRAIGHT AHEAD,,,1,,,,,,,,,,,,,Y,Y,Y,,,SIDE-LEFT-FRONT,,,,,,,,,,,,,,,,,,,,,,,,,,,,,,,,,
2113277,a5d1250ab19628ce83e4000f737bba5782f5b19dd37934087ea527405920653fa18410bd23853b5cf163ed44332a9c33f047ace6f1be2729b911393119b5a1bf,07/24/2025 09:50:00 AM,1,DRIVER,,2014613,,FORD,ECOSPORT,IL,2018,NONE,SPORT UTILITY VEHICLE (SUV),PERSONAL,W,STRAIGHT AHEAD,,,1,,,,,,,,,,,,,,,,,,FRONT,,,,,,,,,,,,,,,,,,,,,,,,,,,,,,,,,
2113278,a5d1250ab19628ce83e4000f737bba5782f5b19dd37934087ea527405920653fa18410bd23853b5cf163ed44332a9c33f047ace6f1be2729b911393119b5a1bf,07/24/2025 09:50:00 AM,2,DRIVER,1,2014625,,CHEVROLET,COLORADO,IL,2018,NONE,PICKUP,PERSONAL,W,STRAIGHT AHEAD,,,2,,,,,,,,,,,,,,,,,,REAR,,,,,,,,,,,,,,,,,,,,,,,,,,,,,,,,,
2113285,70ccbad91dbf54b0de09b23e868ce3b72a2f9fe600733bfef95ef66c8e498d896acca38fd18ebe735e38b1ddad40cfc6fe18a7c0eee16b49330ad5ea82bab35c,07/24/2025 09:46:00 AM,1,DRIVER,,2014617,,JEEP,COMPASS,IL,2018,UNKNOWN,SPORT UTILITY VEHICLE (SUV),PERSONAL,E,PASSING/OVERTAKING,,,1,,,,,Y,Y,,,,,,,,,N,,,FRONT-RIGHT-CORNER,,,,,,,,,,,,,,,,,,,,,,,,,,,,,,,,,
2113286,70ccbad91dbf54b0de09b23e868ce3b72a2f9fe600733bfef95ef66c8e498d896acca38fd18ebe735e38b1ddad40cfc6fe18a7c0eee16b49330ad5ea82bab35c,07/24/2025 09:46:00 AM,2,DRIVER,,2014621,,HONDA,CR-V,IL,2011,UNKNOWN,PASSENGER,PERSONAL,E,STRAIGHT AHEAD,,,1,,,,,,,,,,,,,,Y,Y,,,FRONT-LEFT-CORNER,,,,,,,,,,,,,,,,,,,,,,,,,,,,,,,,,
2113294,3c664247de5f47e19d7ef14d307a35d4c89a655017cc2de856914789e1b888a616cfd171f9b41acb60472447f5ed92ecce81663083ef1fee1f57e873b98fc65b,07/24/2025 09:45:00 AM,1,DRIVER,,2014658,,FORD,OTHER (EXPLAIN IN NARRATIVE),IL,1998,UNKNOWN,UNKNOWN/NA,UNKNOWN/NA,W,STRAIGHT AHEAD,,,1,,,,Y,,,,,,,,,,,,,,FRONT-RIGHT-CORNER,,,,,,,,,,,,,,,,,,,,,,,,,,,,,,,,,
2113295,3c664247de5f47e19d7ef14d307a35d4c89a655017cc2de856914789e1b888a616cfd171f9b41acb60472447f5ed92ecce81663083ef1fee1f57e873b98fc65b,07/24/2025 09:45:00 AM,2,PARKED,,2014665,,CADILLAC,XT6,IL,2021,UNKNOWN,SPORT UTILITY VEHICLE (SUV),UNKNOWN/NA,W,PARKED,Y,,0,,,,,,,,,,,,,,Y,Y,,,FRONT-LEFT-CORNER,,,,,,,,,,,,,,,,,,,,,,,,,,,,,,,,,
2114022,6e5ac80ee3abd996b62174c50872f1bd1d9ed85701a7fec90ec6968a5f188c29039de2c9976ad219ec7d4e3c5358ec9c47db5ea35475037b118ce3067ae03229,07/24/2025 09:40:00 AM,1,DRIVER,,2015322,,DODGE,GRAND CARAVAN,IL,2000,UNKNOWN,PASSENGER,PERSONAL,E,SLOW/STOP IN TRAFFIC,,,1,,,,,,,,,,,,,,,,Y,,FRONT,,,,,,,,,,,,,,,,,,,,,,,,,,,,,,,,,
2114023,6e5ac80ee3abd996b62174c50872f1bd1d9ed85701a7fec90ec6968a5f188c29039de2c9976ad219ec7d4e3c5358ec9c47db5ea35475037b118ce3067ae03229,07/24/2025 09:40:00 AM,2,DRIVER,,2015340,,NISSAN,OTHER (EXPLAIN IN NARRATIVE),,2019,NONE,PASSENGER,PERSONAL,E,SLOW/STOP IN TRAFFIC,,,1,,,,,,,,,,Y,,,,,,,,REAR,,,,,,,,,,,,,,,,,,,,,,,,,,,,,,,,,
2113786,ba8e6f21f19bb18ba95d2af44f3ef7b3dcb07abda9d5bd7bde723d98309eb9fdba6cfbcc59cbc951dc304d6f67d8587d49f57b37aa8e23d1f3657578df4d34fd,07/24/2025 09:36:00 AM,1,DRIVER,,2015105,,UNKNOWN,OTHER (EXPLAIN IN NARRATIVE),,,UNKNOWN,UNKNOWN/NA,UNKNOWN/NA,E,UNKNOWN/NA,,,1,,,,,,,,,,,,,,,,,Y,UNKNOWN,,,,,,,,,,,,,,,,,,,,,,,,,,,,,,,,,
2113787,ba8e6f21f19bb18ba95d2af44f3ef7b3dcb07abda9d5bd7bde723d98309eb9fdba6cfbcc59cbc951dc304d6f67d8587d49f57b37aa8e23d1f3657578df4d34fd,07/24/2025 09:36:00 AM,2,PARKED,,2015110,,HONDA,CR-V,IL,2019,UNKNOWN,PASSENGER,NOT IN USE,E,PARKED,Y,,0,,,,,Y,,,,,,,,,Y,Y,Y,,SIDE-LEFT-FRONT,,,,,,,,,,,,,,,,,,,,,,,,,,,,,,,,,
2113287,02d0150195f328974cb7d96aa0a3203d32328c7725f73f7e3aca000cb5bfeed42a356c2a845a87339973d1459b7358a8bcda429fef452d3b8a91b2d56a2faadc,07/24/2025 09:30:00 AM,1,DRIVER,,2014619,,UNKNOWN,OTHER (EXPLAIN IN NARRATIVE),,,UNKNOWN,UNKNOWN/NA,UNKNOWN/NA,UNKNOWN,UNKNOWN/NA,,,1,,,,,,,,,,,,,,,,,Y,UNKNOWN,,,,,,,,,,,,,,,,,,,,,,,,,,,,,,,,,
2113288,02d0150195f328974cb7d96aa0a3203d32328c7725f73f7e3aca000cb5bfeed42a356c2a845a87339973d1459b7358a8bcda429fef452d3b8a91b2d56a2faadc,07/24/2025 09:30:00 AM,2,PARKED,,2014627,,TOYOTA,COROLLA,IL,2013,NONE,PASSENGER,PERSONAL,E,PARKED,,,0,,,,,Y,Y,Y,,,,,,,,,Y,,SIDE-RIGHT-FRONT,,,,,,,,,,,,,,,,,,,,,,,,,,,,,,,,,
2113310,47c144b3048fcbdaab1b08d1a40ba8cd9f590a4f9cc93adb6385d38a58cad100abdf954ff780b522e8bf35d4f43171434d72124105c895aa73caec573fc9ae03,07/24/2025 09:30:00 AM,1,DRIVER,,2014647,,UNKNOWN,OTHER (EXPLAIN IN NARRATIVE),,,UNKNOWN,UNKNOWN/NA,UNKNOWN/NA,UNKNOWN,UNKNOWN/NA,,,1,,,,,,,,,,,,,,,,,Y,UNKNOWN,,,,,,,,,,,,,,,,,,,,,,,,,,,,,,,,,
2113311,47c144b3048fcbdaab1b08d1a40ba8cd9f590a4f9cc93adb6385d38a58cad100abdf954ff780b522e8bf35d4f43171434d72124105c895aa73caec573fc9ae03,07/24/2025 09:30:00 AM,2,PARKED,,2014652,,HYUNDAI,ACCENT,IL,2021,UNKNOWN,PASSENGER,PERSONAL,UNKNOWN,PARKED,,,0,,,,,,,,,,Y,,,,,,,,REAR,,,,,,,,,,,,,,,,,,,,,,,,,,,,,,,,,
2113308,5fbf0007571f9e2f2133d9a844ae47da0f6163e8d21c81536fe33560d6c1b94bc774b930671532541eaa0655f90eececdef811226b980fcc1f8ba137f5942531,07/24/2025 09:30:00 AM,1,DRIVER,,2014653,,NEW FLYER,OTHER (EXPLAIN IN NARRATIVE),IL,2007,UNKNOWN,BUS OVER 15 PASS.,CTA,E,STRAIGHT AHEAD,,,1,,,,Y,,,,,,,,,,,,,,UNKNOWN,,,,,,,,,,,,,,,,,,,,,,,,,,,,,,,,,
2113309,5fbf0007571f9e2f2133d9a844ae47da0f6163e8d21c81536fe33560d6c1b94bc774b930671532541eaa0655f90eececdef811226b980fcc1f8ba137f5942531,07/24/2025 09:30:00 AM,2,DRIVER,,2014657,N,FORD,VAN,IL,2018,UNKNOWN,VAN/MINI-VAN,COMMERCIAL - SINGLE UNIT,E,SLOW/STOP IN TRAFFIC,,,1,,,,,,,,,,Y,,,,,,,,UNKNOWN,,,,,,,,,,,,,,,,,,,,,,,,,,,,,,,,,
2113304,64f188dee50dcf2701f4e038a6db4f8590fefcb60b19f7034412b43edffb51930fe10ffde50b29cb191a4059f0f48b160034cdb3c1c153d31389eff4aff9ef14,07/24/2025 09:30:00 AM,1,DRIVER,,2014641,,VOLVO,TRUCK,IL,2018,NONE,TRACTOR W/ SEMI-TRAILER,COMMERCIAL - SINGLE UNIT,S,TURNING RIGHT,,,1,,,,,,,,Y,,,,,,,,,,SIDE-RIGHT,,,,,,,,,,,,,,,,,,,,,,,,,,,,,,,,,
2113305,64f188dee50dcf2701f4e038a6db4f8590fefcb60b19f7034412b43edffb51930fe10ffde50b29cb191a4059f0f48b160034cdb3c1c153d31389eff4aff9ef14,07/24/2025 09:30:00 AM,2,PARKED,,2014645,,FORD,TRANSIT,MO,2025,NONE,VAN/MINI-VAN,OTHER,S,PARKED,,,0,,,,,,,,,,,Y,,,,,,,SIDE-LEFT-REAR,,,,,,,,,,,,,,,,,,,,,,,,,,,,,,,,,
2113967,994aca63e6674f3eb2dd513c698298bb34f9700a398b77c67855015741e84c73b64ea0260562c992720e0d6fe75cbed0f29c0117dbd54e3a95dcf0da2be3987c,07/24/2025 09:28:00 AM,1,DRIVER,,2015267,,LEXUS,ES350,IL,2018,UNKNOWN,PASSENGER,PERSONAL,W,ENTERING TRAFFIC LANE FROM PARKING,N,,1,,,,,,,,,,,,,Y,Y,Y,,,SIDE-LEFT-FRONT,,,,,,,,,,,,,,,,,,,,,,,,,,,,,,,,,
2113968,994aca63e6674f3eb2dd513c698298bb34f9700a398b77c67855015741e84c73b64ea0260562c992720e0d6fe75cbed0f29c0117dbd54e3a95dcf0da2be3987c,07/24/2025 09:28:00 AM,2,DRIVER,,2015268,,FREIGHTLINER CORPORATION,FREIGHTLINER CORP.,IL,2009,UNKNOWN,TRACTOR W/ SEMI-TRAILER,CONSTRUCTION/MAINTENANCE,W,STRAIGHT AHEAD,N,,1,,,,,Y,,,,,,,,,,,,,FRONT-RIGHT-CORNER,,,,,,,,,,,,,,,,,,,,,,,,,,,,,,,,,
2113281,63cd7341be8152018c803e8783a42cf2855d20ac1b14e96a13e5f1a1579d0f7fee706a2fe1622a270510bd8c5a87ca569ec3024a018093819f96e63ed0ad4380,07/24/2025 09:24:00 AM,2,DRIVER,1,2014630,,MERCEDES-BENZ,EQE,IL,2023,NONE,PASSENGER,PERSONAL,N,STRAIGHT AHEAD,,,2,,,,,,,,,,,,,,,Y,,,FRONT-LEFT-CORNER,,,,,,,,,,,,,,,,,,,,,,,,,,,,,,,,,
2113282,63cd7341be8152018c803e8783a42cf2855d20ac1b14e96a13e5f1a1579d0f7fee706a2fe1622a270510bd8c5a87ca569ec3024a018093819f96e63ed0ad4380,07/24/2025 09:24:00 AM,1,DRIVER,,2014654,,MAZDA,MAZDA3,IL,2018,NONE,PASSENGER,PERSONAL,N,STRAIGHT AHEAD,,,1,,,,,,,,,Y,,,,,,,,,REAR-RIGHT-CORNER,,,,,,,,,,,,,,,,,,,,,,,,,,,,,,,,,
2113298,82295babd5a24460e5a52fcb11c6bd303efec38869f52ec99bf503e2972c71cbd36497419ebe19bd5bd07f7a14787618ba3727155fd439f25b2b8005aed26698,07/24/2025 09:20:00 AM,1,PEDESTRIAN,,,,,,,,,,,,,,,,,,,,,,,,,,,,,,,,,,,,,,,,,,,,,,,,,,,,,,,,,,,,,,,,,,
2113299,82295babd5a24460e5a52fcb11c6bd303efec38869f52ec99bf503e2972c71cbd36497419ebe19bd5bd07f7a14787618ba3727155fd439f25b2b8005aed26698,07/24/2025 09:20:00 AM,2,DRIVER,1,2014640,,FORD,ESCAPE,IL,2020,NONE,PASSENGER,RIDESHARE SERVICE,E,STRAIGHT AHEAD,,,2,,,,,Y,Y,,,,,,,,,,,,FRONT-RIGHT-CORNER,,,,,,,,,,,,,,,,,,,,,,,,,,,,,,,,,
2113273,80af64d6c9a95cbaaa0ff198202073970d48dcad798fd024902e16bedcf30187dd6244f3e59049eb2d5b4f1e0e996629c3debc1177bec5c0059f7ba3cc09b6db,07/24/2025 09:15:00 AM,1,DRIVER,,2014611,,JEEP,GRAND CHEROKEE,IL,2011,NONE,PASSENGER,PERSONAL,E,STRAIGHT AHEAD,,,1,,,,,,,,,,,,,,Y,Y,,,SIDE-LEFT-FRONT,,,,,,,,,,,,,,,,,,,,,,,,,,,,,,,,,
2113274,80af64d6c9a95cbaaa0ff198202073970d48dcad798fd024902e16bedcf30187dd6244f3e59049eb2d5b4f1e0e996629c3debc1177bec5c0059f7ba3cc09b6db,07/24/2025 09:15:00 AM,2,DRIVER,,2014614,,FORD,EDGE,IL,2018,NONE,PASSENGER,PERSONAL,E,STRAIGHT AHEAD,,,1,,,,,,,,Y,Y,,,,,,,,,SIDE-RIGHT-REAR,,,,,,,,,,,,,,,,,,,,,,,,,,,,,,,,,
2113248,99a64d98fdc75a571ef0703963a96f7150fb8d6368bd1fb86cd0ea89ef0fb3d9e5ad0ecb3e9b86256a99e75f7434f6246748a4222979e2878608878560630148,07/24/2025 09:15:00 AM,1,DRIVER,,2014588,,TOYOTA,PRIUS,IL,2012,UNKNOWN,PASSENGER,PERSONAL,N,PASSING/OVERTAKING,,,1,,,,,,,,Y,Y,,,,,,,,,REAR-RIGHT-CORNER,,,,,,,,,,,,,,,,,,,,,,,,,,,,,,,,,
2113249,99a64d98fdc75a571ef0703963a96f7150fb8d6368bd1fb86cd0ea89ef0fb3d9e5ad0ecb3e9b86256a99e75f7434f6246748a4222979e2878608878560630148,07/24/2025 09:15:00 AM,2,DRIVER,,2014593,,ACURA,RLX,IL,2017,UNKNOWN,PASSENGER,PERSONAL,N,STRAIGHT AHEAD,,,1,,,,,,,,,,,,Y,,,,,,SIDE-LEFT-REAR,,,,,,,,,,,,,,,,,,,,,,,,,,,,,,,,,
2113306,c7d45c66d9e20a56e3e03a5ff78f9a4552f4c53d20f5f751c695629d4293ad3269384606614ca0f8e94f3c33c4875242a4a7be5f1c22e296ca9b2ec5a50056dd,07/24/2025 09:15:00 AM,1,DRIVER,,2014649,,HYUNDAI,SANTA FE,IL,2025,UNKNOWN,SPORT UTILITY VEHICLE (SUV),PERSONAL,N,STRAIGHT AHEAD,,,1,,,,,,Y,Y,Y,Y,,,,,,,,,SIDE-RIGHT,,,,,,,,,,,,,,,,,,,,,,,,,,,,,,,,,
2113307,c7d45c66d9e20a56e3e03a5ff78f9a4552f4c53d20f5f751c695629d4293ad3269384606614ca0f8e94f3c33c4875242a4a7be5f1c22e296ca9b2ec5a50056dd,07/24/2025 09:15:00 AM,2,DRIVER,,2014646,,CHEVROLET,SILVERADO,IL,2020,NONE,PICKUP,CONSTRUCTION/MAINTENANCE,N,CHANGING LANES,,,1,,,,,,,,,,,Y,,,,,,,REAR-LEFT-CORNER,,,,,,,,,,,,,,,,,,,,,,,,,,,,,,,,,
2113279,fbfbb93dd51066e03b3bd2fbe6fda2596651bf97e6f7d2ef0dc1dd75a58701ec13c8315900687c87b9a91df34554d00c401efec8ec79b67aa2280e14bee67709,07/24/2025 09:15:00 AM,1,DRIVER,,2014610,,NISSAN,ROGUE,IL,2012,NONE,SPORT UTILITY VEHICLE (SUV),PERSONAL,N,STRAIGHT AHEAD,,,1,,,,,,,,,,,,,,Y,Y,Y,,FRONT-LEFT-CORNER,,,,,,,,,,,,,,,,,,,,,,,,,,,,,,,,,
2113280,fbfbb93dd51066e03b3bd2fbe6fda2596651bf97e6f7d2ef0dc1dd75a58701ec13c8315900687c87b9a91df34554d00c401efec8ec79b67aa2280e14bee67709,07/24/2025 09:15:00 AM,2,DRIVER,,2014616,,FORD,TRANSIT,IL,2013,NONE,VAN/MINI-VAN,PERSONAL,N,STRAIGHT AHEAD,,,1,,,,,,,,Y,Y,Y,,,,,,,,REAR-RIGHT-CORNER,,,,,,,,,,,,,,,,,,,,,,,,,,,,,,,,,
2113316,98244acfa36f5576df4cb5913df0639d3ed41bd26380a8b0878a5309847b4dd6bfd2b6d2fcaf3628dfdfbca13a1a9fd21cfe45b23f270a0be329146efa513955,07/24/2025 09:11:00 AM,1,DRIVER,,2014668,N,FREIGHTLINER CORPORATION,FREIGHTLINER CORP.,IL,2024,UNKNOWN,OTHER VEHICLE WITH TRAILER,COMMERCIAL - MULTI-UNIT,N,STRAIGHT AHEAD,,,1,,,,,,,,,,,Y,Y,,N,,,,TOTAL (ALL AREAS),,,,,,,,,,,,,,,,,,,,,,,,,,,,,,,,,
2113317,98244acfa36f5576df4cb5913df0639d3ed41bd26380a8b0878a5309847b4dd6bfd2b6d2fcaf3628dfdfbca13a1a9fd21cfe45b23f270a0be329146efa513955,07/24/2025 09:11:00 AM,2,DRIVER,,2014684,,GENERAL MOTORS CORPORATION (GMC),YUKON,OH,2022,UNKNOWN,PASSENGER,PERSONAL,N,TURNING LEFT,,,1,,,,,,,,,,,,,,Y,Y,,,SIDE-RIGHT-FRONT,,,,,,,,,,,,,,,,,,,,,,,,,,,,,,,,,
2113412,c83926784c7332653ee079fff638934067d8e16c730ba8ad3b19fb6f00594afaee7df70df7d1f50296621f0c9f72d0b14d752e6c13a1b75df459f6d01c3eff2e,07/24/2025 09:10:00 AM,1,DRIVER,,2014737,Y,CHEVROLET,SILVERADO,IL,2020,NONE,TRUCK - SINGLE UNIT,COMMERCIAL - SINGLE UNIT,N,CHANGING LANES,,,1,,,,,,,,,,,,Y,Y,Y,,,,SIDE-LEFT,"21,884",,,,,,CC WAGNER & CO,IL,SUMMIT,,,,U,U,,U,,U,U,,,,,,,,,UNKNOWN HEAVY TRUCK,OTHER,UNKNOWN,N,N,
2113413,c83926784c7332653ee079fff638934067d8e16c730ba8ad3b19fb6f00594afaee7df70df7d1f50296621f0c9f72d0b14d752e6c13a1b75df459f6d01c3eff2e,07/24/2025 09:10:00 AM,2,DRIVER,,2014753,,HYUNDAI,SANTA FE,IL,2025,NONE,PASSENGER,PERSONAL,N,STRAIGHT AHEAD,,,1,,,,,,Y,Y,Y,,,,,,,,,,SIDE-RIGHT,,,,,,,,,,,,,,,,,,,,,,,,,,,,,,,,,
2113402,d66fbdfde1fe5d787338ef4de2178864b095a61fca45c051a192916882d3c80489570019f3cf7a2e797f58aaf00ae5546fab5ca52c535e1ddc1b3d3b872a53e1,07/24/2025 09:08:00 AM,1,DRIVER,1,2014734,,CHEVROLET,TRAX,IL,2015,UNKNOWN,PASSENGER,PERSONAL,N,STRAIGHT AHEAD,,,2,,,,,Y,,,,,,,,,,Y,Y,,FRONT,,,,,,,,,,,,,,,,,,,,,,,,,,,,,,,,,
2113403,d66fbdfde1fe5d787338ef4de2178864b095a61fca45c051a192916882d3c80489570019f3cf7a2e797f58aaf00ae5546fab5ca52c535e1ddc1b3d3b872a53e1,07/24/2025 09:08:00 AM,2,PARKED,1,2014758,,ACURA,ILX,IL,2025,UNKNOWN,PASSENGER,PERSONAL,N,PARKED,,,1,,,,,,,,,Y,Y,Y,,,,,,,REAR,,,,,,,,,,,,,,,,,,,,,,,,,,,,,,,,,
2113623,6b3de405cc369525e712e4b54c41304ad6fd797974778944a8e6bbd57daf6d2000648554147ac6bb0e9c9792ae04ac384125598a3aba609db484255e4ebd819f,07/24/2025 09:07:00 AM,1,DRIVER,,2014944,,CADILLAC,XT5,IL,2017,UNKNOWN,PASSENGER,UNKNOWN/NA,UNKNOWN,UNKNOWN/NA,,,1,,,,,,,,,,,,,,,,,Y,UNKNOWN,,,,,,,,,,,,,,,,,,,,,,,,,,,,,,,,,
2113624,6b3de405cc369525e712e4b54c41304ad6fd797974778944a8e6bbd57daf6d2000648554147ac6bb0e9c9792ae04ac384125598a3aba609db484255e4ebd819f,07/24/2025 09:07:00 AM,2,PEDESTRIAN,,,,,,,,,,,,,,,,,,,,,,,,,,,,,,,,,,,,,,,,,,,,,,,,,,,,,,,,,,,,,,,,,,
2113265,c9b1142e18c2c649e6f8944365d123c1aa7d93f0b4ee77ea5f2903b952a21b7beb611c996206087b9e6636fe2961adb70faf388ba05d419e70e09e8fc8022133,07/24/2025 09:07:00 AM,1,DRIVER,,2014606,,MITSUBISHI,OTHER (EXPLAIN IN NARRATIVE),IL,2022,UNKNOWN,PASSENGER,PERSONAL,N,STRAIGHT AHEAD,,,1,,,,,Y,,,,,,,,,Y,Y,Y,,FRONT,,,,,,,,,,,,,,,,,,,,,,,,,,,,,,,,,
2113266,c9b1142e18c2c649e6f8944365d123c1aa7d93f0b4ee77ea5f2903b952a21b7beb611c996206087b9e6636fe2961adb70faf388ba05d419e70e09e8fc8022133,07/24/2025 09:07:00 AM,2,DRIVER,,2014609,,HONDA,ACCORD,IL,2003,UNKNOWN,PASSENGER,PERSONAL,S,STRAIGHT AHEAD,,,1,,,,,Y,,,,,,,,,,Y,Y,,FRONT,,,,,,,,,,,,,,,,,,,,,,,,,,,,,,,,,
2113292,3181e257a04937d36906764a568ca001b2655f55ffa60f18d339d8ce22e768a48913482ad8a425bcfe68418ce2e8cc4dd20d7dda464777d78d43e49382e5c2d0,07/24/2025 09:05:00 AM,1,DRIVER,,2014636,,VOLKSWAGEN,OTHER (EXPLAIN IN NARRATIVE),IL,2015,NONE,SPORT UTILITY VEHICLE (SUV),PERSONAL,S,STRAIGHT AHEAD,,,1,,,,,,,,,,,,,Y,,,,,SIDE-LEFT,,,,,,,,,,,,,,,,,,,,,,,,,,,,,,,,,
2113293,3181e257a04937d36906764a568ca001b2655f55ffa60f18d339d8ce22e768a48913482ad8a425bcfe68418ce2e8cc4dd20d7dda464777d78d43e49382e5c2d0,07/24/2025 09:05:00 AM,2,DRIVER,1,2014642,,HONDA,CIVIC,IL,2012,UNKNOWN,PASSENGER,PERSONAL,N,STRAIGHT AHEAD,,,2,,,,,,,,,,,,,,,,Y,,FRONT,,,,,,,,,,,,,,,,,,,,,,,,,,,,,,,,,
2113275,0bdfdd4e2add76c0dad4589c5800ba57d456d8c1f260e7d911a44b42e6c1573f6645e59f96341bafa17d887c4cf5dd8a535f57bedb2add900532b0b5e6801d09,07/24/2025 09:00:00 AM,1,DRIVER,,2014623,,TOYOTA,HIGHLANDER,IL,2016,OTHER,PASSENGER,PERSONAL,N,STRAIGHT AHEAD,,,1,,,,,Y,,,,,,,,,,,,,FRONT-RIGHT-CORNER,,,,,,,,,,,,,,,,,,,,,,,,,,,,,,,,,