CRASH_UNIT_ID,CRASH_RECORD_ID,CRASH_DATE,UNIT_NO,UNIT_TYPE,NUM_PASSENGERS,VEHICLE_ID,CMRC_VEH_I,MAKE,MODEL,LIC_PLATE_STATE,VEHICLE_YEAR,VEHICLE_DEFECT,VEHICLE_TYPE,VEHICLE_USE,TRAVEL_DIRECTION,MANEUVER,TOWED_I,FIRE_I,OCCUPANT_CNT,EXCEED_SPEED_LIMIT_I,TOWED_BY,TOWED_TO,AREA_00_I,AREA_01_I,AREA_02_I,AREA_03_I,AREA_04_I,AREA_05_I,AREA_06_I,AREA_07_I,AREA_08_I,AREA_09_I,AREA_10_I,AREA_11_I,AREA_12_I,AREA_99_I,FIRST_CONTACT_POINT,CMV_ID,USDOT_NO,CCMC_NO,ILCC_NO,COMMERCIAL_SRC,GVWR,CARRIER_NAME,CARRIER_STATE,CARRIER_CITY,HAZMAT_PLACARDS_I,HAZMAT_NAME,UN_NO,HAZMAT_PRESENT_I,HAZMAT_REPORT_I,HAZMAT_REPORT_NO,MCS_REPORT_I,MCS_REPORT_NO,HAZMAT_VIO_CAUSE_CRASH_I,MCS_VIO_CAUSE_CRASH_I,IDOT_PERMIT_NO,WIDE_LOAD_I,TRAILER1_WIDTH,TRAILER2_WIDTH,TRAILER1_LENGTH,TRAILER2_LENGTH,TOTAL_VEHICLE_LENGTH,AXLE_CNT,VEHICLE_CONFIG,CARGO_BODY_TYPE,LOAD_TYPE,HAZMAT_OUT_OF_SERVICE_I,MCS_OUT_OF_SERVICE_I,HAZMAT_CLASS
2113276,0bdfdd4e2add76c0dad4589c5800ba57d456d8c1f260e7d911a44b42e6c1573f6645e59f96341bafa17d887c4cf5dd8a535f57bedb2add900532b0b5e6801d09,07/24/2025 09:00:00 AM,2,PARKED,,2014644,,DODGE,JOURNEY,IL,2018,NONE,PASSENGER,PERSONAL,N,PARKED,,,0,,,,,,,,,Y,Y,,,,,,,,REAR-RIGHT-CORNER,,,,,,,,,,,,,,,,,,,,,,,,,,,,,,,,,
2113831,388b22527f9b04c498f77adfcf44c11db43a5b98148acd9872ac34eb0e788103f6d3a211e1a3bb6a3688e2d40f4bf7de1b1f93fe96e7a78ae7962b7d63a2a134,07/24/2025 09:00:00 AM,1,DRIVER,,2015138,,UNKNOWN,OTHER (EXPLAIN IN NARRATIVE),IL,,UNKNOWN,UNKNOWN/NA,UNKNOWN/NA,N,UNKNOWN/NA,,,1,,,,,,,,,,,,,,,,,Y,UNKNOWN,,,,,,,,,,,,,,,,,,,,,,,,,,,,,,,,,
2113833,388b22527f9b04c498f77adfcf44c11db43a5b98148acd9872ac34eb0e788103f6d3a211e1a3bb6a3688e2d40f4bf7de1b1f93fe96e7a78ae7962b7d63a2a134,07/24/2025 09:00:00 AM,2,PARKED,,2015139,,HONDA,ODYSSEY,MO,2012,NONE,VAN/MINI-VAN,PERSONAL,N,PARKED,,,0,,,,,,,,,,,,Y,Y,Y,,,,SIDE-RIGHT,,,,,,,,,,,,,,,,,,,,,,,,,,,,,,,,,
2113260,824e2f3be35c8398f9b1bc36990d4ce5c58f19cbd1f034a47eb158c437d3bbd0e45182bafe0236c494d85e34cb4d6dd284ef932ec5c32a068b13ad655a04141e,07/24/2025 08:54:00 AM,1,DRIVER,,2014601,,GENERAL MOTORS CORPORATION (GMC),SIERRA,IL,2022,UNKNOWN,PICKUP,PERSONAL,N,OTHER,Y,,1,,private tow,,,,,,,,,,,Y,Y,Y,,,SIDE-LEFT,,,,,,,,,,,,,,,,,,,,,,,,,,,,,,,,,
2113261,824e2f3be35c8398f9b1bc36990d4ce5c58f19cbd1f034a47eb158c437d3bbd0e45182bafe0236c494d85e34cb4d6dd284ef932ec5c32a068b13ad655a04141e,07/24/2025 08:54:00 AM,2,DRIVER,,2014605,,SUBARU,OUTBACK,IL,2016,NONE,PASSENGER,PERSONAL,N,STRAIGHT AHEAD,,,1,,,,,Y,Y,Y,Y,Y,,,,,,,,,SIDE-RIGHT,,,,,,,,,,,,,,,,,,,,,,,,,,,,,,,,,
2113254,332d4f075e9a2499ea09350ed0eeffcbe027cd857ed375dda94fed7a512b0abef3ab20032dd58e73511f802debf435ac5720c957a0798f3eff037f8fa94c2b99,07/24/2025 08:47:00 AM,1,DRIVER,,2014598,,FORD,F550,IL,2024,UNKNOWN,PICKUP,CONSTRUCTION/MAINTENANCE,N,BACKING,,,1,,,,,,,,,N,Y,,,,,,,,REAR,,,,,,,,,,,,,,,,,,,,,,,,,,,,,,,,,
2113255,332d4f075e9a2499ea09350ed0eeffcbe027cd857ed375dda94fed7a512b0abef3ab20032dd58e73511f802debf435ac5720c957a0798f3eff037f8fa94c2b99,07/24/2025 08:47:00 AM,2,PARKED,,2014603,,HONDA,CIVIC,IL,2022,UNKNOWN,PASSENGER,UNKNOWN/NA,S,PARKED,,,0,,,,,,,,,,Y,Y,,,,,,,REAR,,,,,,,,,,,,,,,,,,,,,,,,,,,,,,,,,
2113227,52624211aefe5e01c8e901946c6484cb1e2bdf8fc223d922c2692ec27ca61380680d43566b41d570521e1d9b580302999ee1a2b87b0d6e550fc7c8e68988e601,07/24/2025 08:45:00 AM,1,DRIVER,,2014569,,UNKNOWN,OTHER (EXPLAIN IN NARRATIVE),,,UNKNOWN,UNKNOWN/NA,UNKNOWN/NA,UNKNOWN,UNKNOWN/NA,,,1,,,,,,,,,,,,,,,,,Y,TOP,,,,,,,,,,,,,,,,,,,,,,,,,,,,,,,,,
2113228,52624211aefe5e01c8e901946c6484cb1e2bdf8fc223d922c2692ec27ca61380680d43566b41d570521e1d9b580302999ee1a2b87b0d6e550fc7c8e68988e601,07/24/2025 08:45:00 AM,2,PARKED,1,2014565,,FREIGHTLINER CORPORATION,FREIGHTLINER CORP.,IL,2015,UNKNOWN,TRACTOR W/ SEMI-TRAILER,UNKNOWN/NA,UNKNOWN,PARKED,,,1,,,,Y,,,,,,,,,,,,,,REAR,,,,,,,,,,,,,,,,,,,,,,,,,,,,,,,,,
2113269,af6de07477fc1aa33e38b7c8b7766783fa59c4492bb63ad811f9fcc17c3cf5771f381c3ff4d9d3846ef7c473a42cbe95d5048cbd756b82cdf0270386a8537be9,07/24/2025 08:45:00 AM,1,DRIVER,,2014612,,TOYOTA,RAV4,,2019,NONE,PASSENGER,PERSONAL,E,STRAIGHT AHEAD,,,1,,,,,Y,N,,,,,,,,,,,,FRONT-RIGHT-CORNER,,,,,,,,,,,,,,,,,,,,,,,,,,,,,,,,,
2113270,af6de07477fc1aa33e38b7c8b7766783fa59c4492bb63ad811f9fcc17c3cf5771f381c3ff4d9d3846ef7c473a42cbe95d5048cbd756b82cdf0270386a8537be9,07/24/2025 08:45:00 AM,2,DRIVER,,2014631,,VOLKSWAGEN,ATLAS,NC,2018,NONE,PASSENGER,PERSONAL,N,TURNING LEFT,,,1,,,,,,,,,,,,,,,Y,,,SIDE-LEFT,,,,,,,,,,,,,,,,,,,,,,,,,,,,,,,,,
2113476,41a018d1814906cb67029e8c16eb08ca96298d0cf1b4f1d82458456be6dd69d7a66a7028d731c9a24963a42fe67daf972b430fc3402dd4fc16b4521c22b882e5,07/24/2025 08:40:00 AM,1,DRIVER,,2014811,,LEXUS,RX,IL,2006,NONE,SPORT UTILITY VEHICLE (SUV),PERSONAL,NE,STRAIGHT AHEAD,,,1,,,,,,,,,,,,,,,,Y,,FRONT,,,,,,,,,,,,,,,,,,,,,,,,,,,,,,,,,
2113477,41a018d1814906cb67029e8c16eb08ca96298d0cf1b4f1d82458456be6dd69d7a66a7028d731c9a24963a42fe67daf972b430fc3402dd4fc16b4521c22b882e5,07/24/2025 08:40:00 AM,2,DRIVER,,2014814,,ISUZU,TRUCK,IL,2016,NONE,TRUCK - SINGLE UNIT,OTHER,NE,SLOW/STOP IN TRAFFIC,,,1,,,,,,,,,,Y,,,,,,,,REAR,,,,,,,,,,,,,,,,,,,,,,,,,,,,,,,,,
2113242,e2ebaa2d1ec8a80f1e9cbe019ef368087bdd164b9d6d3eb5e7a789d789b1e190f0206d6bf5ab7d1dfc29249d861f17e4269708827d8ee7abf1b3300133fa83ea,07/24/2025 08:40:00 AM,1,DRIVER,,2014582,,TOYOTA,RAV4,IL,2018,UNKNOWN,SPORT UTILITY VEHICLE (SUV),PERSONAL,S,TURNING LEFT,,,1,,,,,Y,,,,,,,,,,,,,FRONT-RIGHT-CORNER,,,,,,,,,,,,,,,,,,,,,,,,,,,,,,,,,
2113243,e2ebaa2d1ec8a80f1e9cbe019ef368087bdd164b9d6d3eb5e7a789d789b1e190f0206d6bf5ab7d1dfc29249d861f17e4269708827d8ee7abf1b3300133fa83ea,07/24/2025 08:40:00 AM,2,DRIVER,,2014596,,TOYOTA,RAV4,IL,2025,UNKNOWN,SPORT UTILITY VEHICLE (SUV),PERSONAL,S,TURNING LEFT,,,1,,,,,,,,,,,Y,,,,,,,REAR-LEFT-CORNER,,,,,,,,,,,,,,,,,,,,,,,,,,,,,,,,,
2113240,a3bf09042535775c563a83a9121921b6f0df1fd7a80c379da80de095c7d9955e523e4fca0dcc463fcc764dbedd80508486c851f389dd847c5e6245947aa7837c,07/24/2025 08:33:00 AM,1,DRIVER,,2014581,,"PETERBILT MOTORS COMPANY (DIVISION OF PACCAR, INC.)",OTHER (EXPLAIN IN NARRATIVE),IL,2019,NONE,TRUCK - SINGLE UNIT,OTHER,S,STRAIGHT AHEAD,,,1,,,,,Y,,,,,,,,,,,,,FRONT-RIGHT-CORNER,,,,,,,,,,,,,,,,,,,,,,,,,,,,,,,,,
2113241,a3bf09042535775c563a83a9121921b6f0df1fd7a80c379da80de095c7d9955e523e4fca0dcc463fcc764dbedd80508486c851f389dd847c5e6245947aa7837c,07/24/2025 08:33:00 AM,2,PARKED,,2014591,,CADILLAC,ESCALADE,IL,2002,NONE,PASSENGER,PERSONAL,S,PARKED,,,0,,,,,,,,,,,,,,,Y,,,FRONT-LEFT-CORNER,,,,,,,,,,,,,,,,,,,,,,,,,,,,,,,,,
2122767,6b20b320b47d5217e12d22c5487cc3f462c082e5ed8351d3925741272117fe4fab860132628f24a072171459fce06a575a06e21ceb376751e85cd5e71fd3c68a,07/24/2025 08:30:00 AM,1,DRIVER,,2023651,,MERCEDES-BENZ,C-CLASS,IL,2017,NONE,PASSENGER,PERSONAL,N,TURNING RIGHT,,,1,,,,,N,,,,,,,,,,,Y,,FRONT,,,,,,,,,,,,,,,,,,,,,,,,,,,,,,,,,
2122768,6b20b320b47d5217e12d22c5487cc3f462c082e5ed8351d3925741272117fe4fab860132628f24a072171459fce06a575a06e21ceb376751e85cd5e71fd3c68a,07/24/2025 08:30:00 AM,2,DRIVER,,2023652,,JEEP,COMPASS,IL,2014,NONE,SPORT UTILITY VEHICLE (SUV),PERSONAL,W,STRAIGHT AHEAD,,,1,,,,,,,,,,,,Y,Y,,,,,SIDE-LEFT,,,,,,,,,,,,,,,,,,,,,,,,,,,,,,,,,
2113238,07682b2bc49b33520b5ec43c6e9a5556f8bdd22267c79a791ee9e8b45297539a7b60398ddf35fa09f0a7842b6be978798b64b5f625ba87838997e30fc5357595,07/24/2025 08:15:00 AM,1,DRIVER,,2014580,,MITSUBISHI,ECLIPSE,IL,2022,UNKNOWN,PASSENGER,UNKNOWN/NA,N,STRAIGHT AHEAD,,,1,,,,,N,,,,,,,,,,,,Y,UNKNOWN,,,,,,,,,,,,,,,,,,,,,,,,,,,,,,,,,
2113239,07682b2bc49b33520b5ec43c6e9a5556f8bdd22267c79a791ee9e8b45297539a7b60398ddf35fa09f0a7842b6be978798b64b5f625ba87838997e30fc5357595,07/24/2025 08:15:00 AM,2,DRIVER,,2014574,,CHEVROLET,IMPALA,IL,2015,UNKNOWN,PASSENGER,PERSONAL,N,STRAIGHT AHEAD,,,1,,,,,,,,,,Y,Y,,,,,,,REAR-LEFT-CORNER,,,,,,,,,,,,,,,,,,,,,,,,,,,,,,,,,
2113213,d35136459276a4350f8f2ec37f71a85ac8de95e3b1cf704af72e6aab95eed8cd2b8a76ed55f0185d14954337185f70b2d39c4b3531e953f46dad2e9f7c047542,07/24/2025 08:15:00 AM,1,DRIVER,,2014553,,LINCOLN,MKS,IL,2015,NONE,PASSENGER,PERSONAL,S,STRAIGHT AHEAD,,,1,,,,,,,,,,N,,,,,,Y,,FRONT,,,,,,,,,,,,,,,,,,,,,,,,,,,,,,,,,
2113214,d35136459276a4350f8f2ec37f71a85ac8de95e3b1cf704af72e6aab95eed8cd2b8a76ed55f0185d14954337185f70b2d39c4b3531e953f46dad2e9f7c047542,07/24/2025 08:15:00 AM,2,DRIVER,,2014556,,HONDA,RIDGELINE,IL,2013,NONE,PASSENGER,PERSONAL,S,STRAIGHT AHEAD,,,1,,,,,,,,,,Y,,,,,,N,,REAR,,,,,,,,,,,,,,,,,,,,,,,,,,,,,,,,,
2117601,e4a350d34e66e1e817fd345619d748aed29fdc6eb2111e7e7a810d68dc3e579503d3015b3ce6c9684c4ad471dbe5167a6c0ccc9b985de4991d7c9d58591d26c8,07/24/2025 08:15:00 AM,1,DRIVER,,2018663,,TOYOTA,PRIUS,IL,2021,NONE,PASSENGER,PERSONAL,E,CHANGING LANES,,,1,,,,,,,,,Y,,,,,,,,,SIDE-RIGHT-REAR,,,,,,,,,,,,,,,,,,,,,,,,,,,,,,,,,
2117602,e4a350d34e66e1e817fd345619d748aed29fdc6eb2111e7e7a810d68dc3e579503d3015b3ce6c9684c4ad471dbe5167a6c0ccc9b985de4991d7c9d58591d26c8,07/24/2025 08:15:00 AM,2,DRIVER,,2018664,,DODGE,RAM PROMASTER,IL,2023,NONE,VAN/MINI-VAN,PERSONAL,E,STRAIGHT AHEAD,,,1,,,,Y,,,,,,,,,,,,,,NONE,,,,,,,,,,,,,,,,,,,,,,,,,,,,,,,,,
2113219,7e5c78c237c9cf7b2464387eb90bd9a2081593439cad518a85f260cd13ed2b3c3e72e968e3b9afe458691432847f1a098fcaca9a1d3294dc06df8d31c4bf5fb3,07/24/2025 08:10:00 AM,1,DRIVER,,2014589,,TOYOTA,PRIUS,OR,2009,UNKNOWN,PASSENGER,PERSONAL,W,STRAIGHT AHEAD,,,1,,,,,,,,,,,,,,,,Y,,FRONT,,,,,,,,,,,,,,,,,,,,,,,,,,,,,,,,,
2113220,7e5c78c237c9cf7b2464387eb90bd9a2081593439cad518a85f260cd13ed2b3c3e72e968e3b9afe458691432847f1a098fcaca9a1d3294dc06df8d31c4bf5fb3,07/24/2025 08:10:00 AM,2,DRIVER,1,2014561,,SUBARU,FORESTER,IL,2024,NONE,SPORT UTILITY VEHICLE (SUV),PERSONAL,W,OTHER,,,2,,,,,,,,,,Y,,,,,,,,REAR,,,,,,,,,,,,,,,,,,,,,,,,,,,,,,,,,
2113209,2b2895d3ead8047ac2b21f3917eb3203ab0c2bf2a29a482e920d527679b21db21ce6ce1df9d79e46a49dd8a0ddf9cb52e578fa4fa08c02a69936b6e6ac236778,07/24/2025 08:00:00 AM,2,BICYCLE,,,,,,,,,,,,,,,,,,,,,,,,,,,,,,,,,,,,,,,,,,,,,,,,,,,,,,,,,,,,,,,,,,
2113210,2b2895d3ead8047ac2b21f3917eb3203ab0c2bf2a29a482e920d527679b21db21ce6ce1df9d79e46a49dd8a0ddf9cb52e578fa4fa08c02a69936b6e6ac236778,07/24/2025 08:00:00 AM,1,DRIVER,,2014562,N,FORD,TRANSIT,IL,2021,NONE,VAN/MINI-VAN,COMMERCIAL - MULTI-UNIT,S,TURNING LEFT,,,1,,,,,,,,,,,,,Y,Y,,,,SIDE-LEFT,,,,,,,,,,,,,,,,,,,,,,,,,,,,,,,,,
2113647,c6acef36aba9a89932a1c68f5201e8af6eee5c26dfd215bcc213058f4efbd16a5a162af8e760a394270e8adbe6cef8c028d1a24cc83cf9648ebf0394e3fd21d4,07/24/2025 08:00:00 AM,1,DRIVER,,2014965,,UNKNOWN,OTHER (EXPLAIN IN NARRATIVE),,,UNKNOWN,UNKNOWN/NA,UNKNOWN/NA,UNKNOWN,UNKNOWN/NA,,,1,,,,,,,,,,,,,,,,,Y,UNKNOWN,,,,,,,,,,,,,,,,,,,,,,,,,,,,,,,,,
2113648,c6acef36aba9a89932a1c68f5201e8af6eee5c26dfd215bcc213058f4efbd16a5a162af8e760a394270e8adbe6cef8c028d1a24cc83cf9648ebf0394e3fd21d4,07/24/2025 08:00:00 AM,2,PARKED,,2014970,,JEEP,WRANGLER,IL,2011,NONE,PASSENGER,PERSONAL,N,PARKED,,,0,,,,,Y,Y,,,,,,,,,,Y,,FRONT-RIGHT-CORNER,,,,,,,,,,,,,,,,,,,,,,,,,,,,,,,,,
2113250,9af235b19593927b3e74291a4fc173c8807846a6a1e84d29add3c4c62cc1b0d874a19bb5e38b9b70f95deadc34f6a5373b0f55c050ef6de3ff7856f10024a6bc,07/24/2025 07:55:00 AM,1,DRIVER,,2014590,,JEEP,WRANGLER,IL,2013,NONE,PASSENGER,PERSONAL,E,STRAIGHT AHEAD,Y,,1,,OHARE TOW,11 W BESSIE COLEMAN DR,,Y,Y,Y,,,,,,Y,Y,Y,Y,,FRONT-RIGHT-CORNER,,,,,,,,,,,,,,,,,,,,,,,,,,,,,,,,,
2113251,9af235b19593927b3e74291a4fc173c8807846a6a1e84d29add3c4c62cc1b0d874a19bb5e38b9b70f95deadc34f6a5373b0f55c050ef6de3ff7856f10024a6bc,07/24/2025 07:55:00 AM,2,DRIVER,,2014595,Y,FREIGHTLINER CORPORATION,FREIGHTLINER CORP.,IL,2021,NONE,TRACTOR W/ SEMI-TRAILER,COMMERCIAL - SINGLE UNIT,E,STRAIGHT AHEAD,,,1,,,,,,,,,,Y,Y,Y,Y,Y,,,,REAR-LEFT-CORNER,"21,882",3117083,85866,,SIDE OF TRUCK,3,CARPATHIAN WAY INC,IL,SKOKIE,,,,N,N,,N,,N,N,,,0-96,,53,,53,5,TRACTOR/SEMI-TRAILER,OTHER,UNKNOWN,N,N,
2116355,addd68210788af9986f8c2d289ac90c804468e7c656f494a978420e77416036617134ba83d5f52599c910348154ec9a1d52896969f05f3e525cf706c860537a1,07/24/2025 07:55:00 AM,1,DRIVER,1,2017536,,TOYOTA,RAV4,IL,2023,NONE,SPORT UTILITY VEHICLE (SUV),PERSONAL,E,STRAIGHT AHEAD,,,2,,,,,Y,,,,,,,,,,Y,Y,,FRONT,,,,,,,,,,,,,,,,,,,,,,,,,,,,,,,,,
2116356,addd68210788af9986f8c2d289ac90c804468e7c656f494a978420e77416036617134ba83d5f52599c910348154ec9a1d52896969f05f3e525cf706c860537a1,07/24/2025 07:55:00 AM,2,DRIVER,,2017549,,CHEVROLET,OTHER (EXPLAIN IN NARRATIVE),IL,2023,NONE,SPORT UTILITY VEHICLE (SUV),PERSONAL,N,STRAIGHT AHEAD,,,1,,,,,,,,,,,Y,Y,Y,,,,,REAR-LEFT-CORNER,,,,,,,,,,,,,,,,,,,,,,,,,,,,,,,,,
2113225,d6f639dcc6e532b7a390b32f2be0086950589674e5cf9aefa38f894fdcdad80fe4226589228e8aa47005079e7fd30a6e17443b0c1828565943ba79a97b7312c8,07/24/2025 07:55:00 AM,1,DRIVER,,2014578,,FORD,VAN,IL,2021,UNKNOWN,PASSENGER,PERSONAL,S,TURNING LEFT,,,1,,,,,,,,,,,,,,,N,,Y,FRONT-LEFT-CORNER,,,,,,,,,,,,,,,,,,,,,,,,,,,,,,,,,
2113226,d6f639dcc6e532b7a390b32f2be0086950589674e5cf9aefa38f894fdcdad80fe4226589228e8aa47005079e7fd30a6e17443b0c1828565943ba79a97b7312c8,07/24/2025 07:55:00 AM,2,PEDESTRIAN,,,,,,,,,,,,,,,,,,,,,,,,,,,,,,,,,,,,,,,,,,,,,,,,,,,,,,,,,,,,,,,,,,
2113229,2f74be04e981e33af769db48e3d7810fee1434728ce739689d2b082f004651c9b8657c9831ec8b9fcc3a8a3cb32e7ef98dfb26ca66d54afaceced315608d9869,07/24/2025 07:52:00 AM,1,DRIVER,1,2014570,,BMW,OTHER (EXPLAIN IN NARRATIVE),IL,,UNKNOWN,PASSENGER,UNKNOWN/NA,W,TURNING RIGHT,,,2,,,,,,,,,,,,,,,Y,,,FRONT-LEFT-CORNER,,,,,,,,,,,,,,,,,,,,,,,,,,,,,,,,,
2113230,2f74be04e981e33af769db48e3d7810fee1434728ce739689d2b082f004651c9b8657c9831ec8b9fcc3a8a3cb32e7ef98dfb26ca66d54afaceced315608d9869,07/24/2025 07:52:00 AM,2,DRIVER,,2014585,,SUBARU,WRX,IL,,OTHER,PASSENGER,PERSONAL,N,STRAIGHT AHEAD,,,1,,,,,,,Y,Y,,,,,,,,,,SIDE-LEFT-REAR,,,,,,,,,,,,,,,,,,,,,,,,,,,,,,,,,
2115516,e7337f2bf66788954a45771adeb0f86f3ca51bed42e6d017aced5aeb3ec8fe399dc2ee9f9fc0fc604f6bdcff4cf809e05f0ba23a7d5cdae44d24a582a5845d3e,07/24/2025 07:50:00 AM,1,DRIVER,,2016746,,CHEVROLET,OTHER (EXPLAIN IN NARRATIVE),IL,2012,NONE,PASSENGER,PERSONAL,UNKNOWN,STRAIGHT AHEAD,,,1,,,,,,,,,,,,,,Y,Y,,,FRONT-LEFT-CORNER,,,,,,,,,,,,,,,,,,,,,,,,,,,,,,,,,
2115517,e7337f2bf66788954a45771adeb0f86f3ca51bed42e6d017aced5aeb3ec8fe399dc2ee9f9fc0fc604f6bdcff4cf809e05f0ba23a7d5cdae44d24a582a5845d3e,07/24/2025 07:50:00 AM,2,DRIVER,,2016749,,TOYOTA,RAV4,IL,2013,NONE,SPORT UTILITY VEHICLE (SUV),PERSONAL,UNKNOWN,STRAIGHT AHEAD,,,1,,,,,,,Y,Y,Y,,,,,,,,,SIDE-LEFT,,,,,,,,,,,,,,,,,,,,,,,,,,,,,,,,,
2113233,a679f5a141cfe5aaf1b8d90c024eabcad28f5c3ff8ee016eac2bce6a49ed3b960ed47922cf729c34789f3fabc27029976aae2294b2bd166c9d875f026db3c553,07/24/2025 07:45:00 AM,1,DRIVER,,2014566,,UNKNOWN,OTHER (EXPLAIN IN NARRATIVE),,,UNKNOWN,PICKUP,UNKNOWN/NA,W,UNKNOWN/NA,,,1,,,,,Y,Y,,,,,,,,,,Y,,FRONT-RIGHT-CORNER,,,,,,,,,,,,,,,,,,,,,,,,,,,,,,,,,
2113234,a679f5a141cfe5aaf1b8d90c024eabcad28f5c3ff8ee016eac2bce6a49ed3b960ed47922cf729c34789f3fabc27029976aae2294b2bd166c9d875f026db3c553,07/24/2025 07:45:00 AM,2,PARKED,,2014572,,HONDA,CIVIC,IL,2009,UNKNOWN,PASSENGER,NOT IN USE,W,PARKED,Y,,0,,,,,,,,,,Y,Y,Y,Y,,,,,REAR-LEFT-CORNER,,,,,,,,,,,,,,,,,,,,,,,,,,,,,,,,,
2113207,6fc8b21b9fec9872c600350b7ccd9487a42dd6c6b90f82382090aa0ae7a237903551d6d92be525e5ada0c8f275c9cfd83d316d590b9ef98b396bd3630b663257,07/24/2025 07:39:00 AM,1,DRIVER,,2014547,Y,"MACK TRUCKS, INC.","MACK TRUCKS, INC.",IL,2017,UNKNOWN,TRUCK - SINGLE UNIT,COMMERCIAL - SINGLE UNIT,E,STRAIGHT AHEAD,,,1,,,,Y,,,,,,,,,,,,,,REAR-RIGHT-CORNER,"21,881",289606,,,SIDE OF TRUCK,,WASTE MANAGEMENT,IL,CHICAGO,,,,N,N,,U,,U,Y,,,,,,,,,UNKNOWN HEAVY TRUCK,GARBAGE/REFUSE,OTHER,N,N,
2113208,6fc8b21b9fec9872c600350b7ccd9487a42dd6c6b90f82382090aa0ae7a237903551d6d92be525e5ada0c8f275c9cfd83d316d590b9ef98b396bd3630b663257,07/24/2025 07:39:00 AM,2,DRIVER,1,2014552,,ACURA,RLX,IL,2024,UNKNOWN,PASSENGER,PERSONAL,E,TURNING RIGHT,,,2,,,,,,,,,,,,,,Y,Y,Y,,FRONT-LEFT-CORNER,,,,,,,,,,,,,,,,,,,,,,,,,,,,,,,,,
2113289,1e9757657288485a8559fae01174f338132dde1f5bca3f9b66af559b8506f85f7e2476f71efec1a0b141875b1ddf5d5f246f91484ae904e5fce5aacd19828ab8,07/24/2025 07:30:00 AM,1,DRIVER,,2014629,,UNKNOWN,OTHER (EXPLAIN IN NARRATIVE),IL,,UNKNOWN,UNKNOWN/NA,UNKNOWN/NA,UNKNOWN,UNKNOWN/NA,,,1,,,,,,,,,,,,,,,,,Y,UNKNOWN,,,,,,,,,,,,,,,,,,,,,,,,,,,,,,,,,
2113290,1e9757657288485a8559fae01174f338132dde1f5bca3f9b66af559b8506f85f7e2476f71efec1a0b141875b1ddf5d5f246f91484ae904e5fce5aacd19828ab8,07/24/2025 07:30:00 AM,2,PARKED,,2014633,,HYUNDAI,ENTOURAGE,IL,2008,NONE,VAN/MINI-VAN,PERSONAL,N,PARKED,,,0,,,,,,,,,,,,Y,Y,Y,Y,,,UNKNOWN,,,,,,,,,,,,,,,,,,,,,,,,,,,,,,,,,
2113231,98e2126678412d886cd54cb731a5771e4dc319a26ec18a3a3426dc649914475f3371393e940d641aebe44d6c3cde3c9c2d3b3db5138f0829b7bcbf262ecec919,07/24/2025 07:30:00 AM,1,DRIVER,1,2014571,,TOYOTA,HIGHLANDER,IL,2022,OTHER,PASSENGER,PERSONAL,N,STRAIGHT AHEAD,,,2,,,,,,,,,,,,,,,Y,,,FRONT-LEFT-CORNER,,,,,,,,,,,,,,,,,,,,,,,,,,,,,,,,,
2113232,98e2126678412d886cd54cb731a5771e4dc319a26ec18a3a3426dc649914475f3371393e940d641aebe44d6c3cde3c9c2d3b3db5138f0829b7bcbf262ecec919,07/24/2025 07:30:00 AM,2,DRIVER,,2014579,,TOYOTA,SIENNA,IL,2016,NONE,PASSENGER,PERSONAL,W,STRAIGHT AHEAD,,,1,,,,,,,,,,,Y,,,,,,,SIDE-LEFT-REAR,,,,,,,,,,,,,,,,,,,,,,,,,,,,,,,,,
2113203,dea8cdbea6fe0d0000d12e94e39822c8a4f3188d10da0de3565c46356bfa4886303592d710d3223bd62205a4500d7749c733d0be3aa87a98c6ad280f16c04a55,07/24/2025 07:20:00 AM,1,DRIVER,,2014568,,FORD,ESCAPE,IL,2014,UNKNOWN,SPORT UTILITY VEHICLE (SUV),PERSONAL,N,STRAIGHT AHEAD,,,1,,,,,,,,,,,,,,,,Y,,FRONT,,,,,,,,,,,,,,,,,,,,,,,,,,,,,,,,,
2113204,dea8cdbea6fe0d0000d12e94e39822c8a4f3188d10da0de3565c46356bfa4886303592d710d3223bd62205a4500d7749c733d0be3aa87a98c6ad280f16c04a55,07/24/2025 07:20:00 AM,2,DRIVER,1,2014583,,BUICK,ENVISION,IL,2024,NONE,SPORT UTILITY VEHICLE (SUV),PERSONAL,N,STRAIGHT AHEAD,,,2,,,,,,,,,,Y,,,,,,,,REAR,,,,,,,,,,,,,,,,,,,,,,,,,,,,,,,,,
2113235,e85681ca9bb9169ced9ca18e8049095f53a55ecaf51808cccdfec57b04f32408dd4634298ad212218096ba509079092ac70fc4c8572a5927b34510fb160775e8,07/24/2025 07:16:00 AM,1,DRIVER,,2014567,,KIA,OTHER (EXPLAIN IN NARRATIVE),IL,2025,NONE,SPORT UTILITY VEHICLE (SUV),UNKNOWN/NA,N,STRAIGHT AHEAD,,,1,,,,,,,,,,,,,,,Y,Y,,FRONT,,,,,,,,,,,,,,,,,,,,,,,,,,,,,,,,,
2113530,3fd6d7b2220ce98c268815133ddaf9e6d669b26683bb445ac0200183145ac59c95dbda69bd975f90d3dc9d73c5e3e2e074de3b5abfb5a76933e58358b0fbe120,07/24/2025 07:00:00 AM,1,DRIVER,,2014865,,JEEP,COMPASS,IL,2020,UNKNOWN,PASSENGER,UNKNOWN/NA,UNKNOWN,STRAIGHT AHEAD,,,1,,,,,,,,,,,,,,,,,Y,UNKNOWN,,,,,,,,,,,,,,,,,,,,,,,,,,,,,,,,,