CRASH_UNIT_ID,CRASH_RECORD_ID,CRASH_DATE,UNIT_NO,UNIT_TYPE,NUM_PASSENGERS,VEHICLE_ID,CMRC_VEH_I,MAKE,MODEL,LIC_PLATE_STATE,VEHICLE_YEAR,VEHICLE_DEFECT,VEHICLE_TYPE,VEHICLE_USE,TRAVEL_DIRECTION,MANEUVER,TOWED_I,FIRE_I,OCCUPANT_CNT,EXCEED_SPEED_LIMIT_I,TOWED_BY,TOWED_TO,AREA_00_I,AREA_01_I,AREA_02_I,AREA_03_I,AREA_04_I,AREA_05_I,AREA_06_I,AREA_07_I,AREA_08_I,AREA_09_I,AREA_10_I,AREA_11_I,AREA_12_I,AREA_99_I,FIRST_CONTACT_POINT,CMV_ID,USDOT_NO,CCMC_NO,ILCC_NO,COMMERCIAL_SRC,GVWR,CARRIER_NAME,CARRIER_STATE,CARRIER_CITY,HAZMAT_PLACARDS_I,HAZMAT_NAME,UN_NO,HAZMAT_PRESENT_I,HAZMAT_REPORT_I,HAZMAT_REPORT_NO,MCS_REPORT_I,MCS_REPORT_NO,HAZMAT_VIO_CAUSE_CRASH_I,MCS_VIO_CAUSE_CRASH_I,IDOT_PERMIT_NO,WIDE_LOAD_I,TRAILER1_WIDTH,TRAILER2_WIDTH,TRAILER1_LENGTH,TRAILER2_LENGTH,TOTAL_VEHICLE_LENGTH,AXLE_CNT,VEHICLE_CONFIG,CARGO_BODY_TYPE,LOAD_TYPE,HAZMAT_OUT_OF_SERVICE_I,MCS_OUT_OF_SERVICE_I,HAZMAT_CLASS
2113531,3fd6d7b2220ce98c268815133ddaf9e6d669b26683bb445ac0200183145ac59c95dbda69bd975f90d3dc9d73c5e3e2e074de3b5abfb5a76933e58358b0fbe120,07/24/2025 07:00:00 AM,2,DRIVER,,2014870,,MERCEDES-BENZ,OTHER (EXPLAIN IN NARRATIVE),IL,2018,UNKNOWN,PASSENGER,PERSONAL,N,STRAIGHT AHEAD,,,1,,,,,,,,,Y,Y,,,,,,,,REAR-RIGHT-CORNER,,,,,,,,,,,,,,,,,,,,,,,,,,,,,,,,,
2113215,eb8ec4f8870f307367323d25c6427ed96dfbb7eb0295f09e090f32cf5d2376956b5c269da73945254acb9453364baceaace46ea2860e6893471707f8995af49c,07/24/2025 07:00:00 AM,1,DRIVER,,2014558,,UNKNOWN,OTHER (EXPLAIN IN NARRATIVE),XX,,UNKNOWN,UNKNOWN/NA,UNKNOWN/NA,UNKNOWN,UNKNOWN/NA,,,1,,,,,,,,,,,,,,,,,Y,UNKNOWN,,,,,,,,,,,,,,,,,,,,,,,,,,,,,,,,,
2113216,eb8ec4f8870f307367323d25c6427ed96dfbb7eb0295f09e090f32cf5d2376956b5c269da73945254acb9453364baceaace46ea2860e6893471707f8995af49c,07/24/2025 07:00:00 AM,2,PARKED,,2014560,,KIA,SOUL,IL,2016,NONE,PASSENGER,PERSONAL,W,PARKED,,,0,,,,,,,,,N,Y,Y,Y,,,,,,REAR-LEFT-CORNER,,,,,,,,,,,,,,,,,,,,,,,,,,,,,,,,,
2113197,17e67f70bda2fb37aa62f758fad6e44f4037c4a80a8b0c228e10809e0fde753ca23b2041531559e857aab54d0004d989b2078ee9fd114b3b4bbd8837135e361a,07/24/2025 06:50:00 AM,1,DRIVER,,2014543,,HONDA,ACCORD,IL,2014,NONE,PASSENGER,PERSONAL,E,CHANGING LANES,,,1,,,,,,,,,,,,,,,Y,,,FRONT-LEFT-CORNER,,,,,,,,,,,,,,,,,,,,,,,,,,,,,,,,,
2113198,17e67f70bda2fb37aa62f758fad6e44f4037c4a80a8b0c228e10809e0fde753ca23b2041531559e857aab54d0004d989b2078ee9fd114b3b4bbd8837135e361a,07/24/2025 06:50:00 AM,2,DRIVER,,2014545,,MAZDA,CX-30,IL,2023,UNKNOWN,SPORT UTILITY VEHICLE (SUV),PERSONAL,E,STRAIGHT AHEAD,,,1,,,,,Y,,,,,,,,,,,,,FRONT-RIGHT-CORNER,,,,,,,,,,,,,,,,,,,,,,,,,,,,,,,,,
2113187,3fe2978621e29daebbb27d8106e4b384060adfd22e5249835a67d1c09b1a91390c43fd8f6b864dd72a6d926b9ac26a9a1f67e0a13573e783ab7001f404c81539,07/24/2025 06:45:00 AM,1,DRIVER,1,2014533,,HONDA,CR-V,IL,,UNKNOWN,PASSENGER,PERSONAL,UNKNOWN,STRAIGHT AHEAD,,,2,,,,,,,,,,,,,,Y,Y,,Y,UNKNOWN,,,,,,,,,,,,,,,,,,,,,,,,,,,,,,,,,
2113188,3fe2978621e29daebbb27d8106e4b384060adfd22e5249835a67d1c09b1a91390c43fd8f6b864dd72a6d926b9ac26a9a1f67e0a13573e783ab7001f404c81539,07/24/2025 06:45:00 AM,2,DRIVER,,2014534,,HONDA,CIVIC,IL,,UNKNOWN,UNKNOWN/NA,UNKNOWN/NA,UNKNOWN,UNKNOWN/NA,,,1,,,,,,,,,Y,Y,Y,,,,,,Y,REAR,,,,,,,,,,,,,,,,,,,,,,,,,,,,,,,,,
2113199,9675b5868c404d1c793f4073de87dfa2e5cdfdc99e14e0dade1351c8bb82204cf81cf809c8b3a9bed472dbc481b73ce20d132b7706ad34ab5c145d9574bdd43e,07/24/2025 06:32:00 AM,1,DRIVER,,2014544,,CHEVROLET,EQUINOX,IL,2015,UNKNOWN,PASSENGER,UNKNOWN/NA,E,STRAIGHT AHEAD,,,1,,,,,,,,,,,,,,Y,Y,Y,,FRONT-LEFT-CORNER,,,,,,,,,,,,,,,,,,,,,,,,,,,,,,,,,
2113200,9675b5868c404d1c793f4073de87dfa2e5cdfdc99e14e0dade1351c8bb82204cf81cf809c8b3a9bed472dbc481b73ce20d132b7706ad34ab5c145d9574bdd43e,07/24/2025 06:32:00 AM,2,DRIVER,,2014546,,ACURA,RLX,IL,2021,NONE,PASSENGER,PERSONAL,E,STRAIGHT AHEAD,,,1,,,,,,,,Y,Y,Y,,,,,,,,REAR-RIGHT-CORNER,,,,,,,,,,,,,,,,,,,,,,,,,,,,,,,,,
2113205,a368c842355a3707095690516b6a7e7c2febcd763775feb4231651079cff7d1f3153b79a1835f63d10fd694e330baf9eab2584a7d5234828e53aa8e6bf6f99d7,07/24/2025 06:30:00 AM,1,DRIVER,,2014548,,CHEVROLET,EQUINOX,IL,2018,NONE,PASSENGER,PERSONAL,N,STARTING IN TRAFFIC,Y,,1,,FAMILY FRIEND,2649 N MCVICKER AVE,,,,,,,,Y,Y,Y,,,,,SIDE-LEFT-REAR,,,,,,,,,,,,,,,,,,,,,,,,,,,,,,,,,
2113206,a368c842355a3707095690516b6a7e7c2febcd763775feb4231651079cff7d1f3153b79a1835f63d10fd694e330baf9eab2584a7d5234828e53aa8e6bf6f99d7,07/24/2025 06:30:00 AM,2,DRIVER,,2014550,,INFINITI,Q50,IL,2021,NONE,PASSENGER,PERSONAL,N,STRAIGHT AHEAD,Y,,1,,ISMAEL A&I,5929 W WEST END AVE,,Y,,,,,,,,,Y,Y,Y,,FRONT-LEFT-CORNER,,,,,,,,,,,,,,,,,,,,,,,,,,,,,,,,,
2113189,c46c5ab378c166caa30727fe33e3c74cbde0cb5ce1a89b139f06dfba8763a1a1d27aac0e609a572196980805b8304ebb9ddb99aa592edebe5e03934c9c72ade8,07/24/2025 06:26:00 AM,1,DRIVER,,2014535,,HONDA,HR-V,FL,2021,NONE,PASSENGER,RIDESHARE SERVICE,N,STRAIGHT AHEAD,Y,,1,,PRIVATE TOW,,,,,,,,,,,,Y,Y,,,FRONT-LEFT-CORNER,,,,,,,,,,,,,,,,,,,,,,,,,,,,,,,,,
2113190,c46c5ab378c166caa30727fe33e3c74cbde0cb5ce1a89b139f06dfba8763a1a1d27aac0e609a572196980805b8304ebb9ddb99aa592edebe5e03934c9c72ade8,07/24/2025 06:26:00 AM,2,DRIVER,1,2014537,,TOYOTA,COROLLA,IL,2016,NONE,PASSENGER,PERSONAL,E,STRAIGHT AHEAD,,,2,,,,,Y,,,,,,,,,,,,,FRONT-RIGHT-CORNER,,,,,,,,,,,,,,,,,,,,,,,,,,,,,,,,,
2113193,f2bd4f8fbea24e224fef4da680cd2ce52aec28ca13b39f311ab10d57fffe7ba148c4ace3dfd9036bd2c53a91f23ff91703a1591addfba0f2695c3b2338a3a73a,07/24/2025 05:34:00 AM,1,DRIVER,,2014539,,TOYOTA,OTHER (EXPLAIN IN NARRATIVE),IL,2021,UNKNOWN,PASSENGER,UNKNOWN/NA,S,STRAIGHT AHEAD,,,1,,,,,Y,,,,,,,,,,Y,Y,,FRONT,,,,,,,,,,,,,,,,,,,,,,,,,,,,,,,,,
2113194,f2bd4f8fbea24e224fef4da680cd2ce52aec28ca13b39f311ab10d57fffe7ba148c4ace3dfd9036bd2c53a91f23ff91703a1591addfba0f2695c3b2338a3a73a,07/24/2025 05:34:00 AM,2,DRIVER,,2014542,,HONDA,ACCORD,IL,2006,NONE,PASSENGER,PERSONAL,SW,TURNING LEFT,Y,,1,,PRIVATE,UNKNOWN,,Y,Y,Y,,,,,,,,,Y,,SIDE-RIGHT,,,,,,,,,,,,,,,,,,,,,,,,,,,,,,,,,
2113201,18489ba1e73ec7a16ac9baf7d1fdbea1e8f998f29d2b744ca8baed9879a411bd6f8fb39ea9059d3f2d3a54e1d4a806a20a5ea468796803e8e3fd08b3d5b797ec,07/24/2025 05:15:00 AM,1,DRIVER,1,2014549,,LINCOLN,MKS,IL,2011,NONE,PASSENGER,PERSONAL,S,STRAIGHT AHEAD,Y,,2,,PRIVATE TOW,,,Y,Y,,,,,,,,,Y,Y,,FRONT,,,,,,,,,,,,,,,,,,,,,,,,,,,,,,,,,
2113202,18489ba1e73ec7a16ac9baf7d1fdbea1e8f998f29d2b744ca8baed9879a411bd6f8fb39ea9059d3f2d3a54e1d4a806a20a5ea468796803e8e3fd08b3d5b797ec,07/24/2025 05:15:00 AM,2,DRIVER,,2014551,,NISSAN,ALTIMA,,2018,NONE,PASSENGER,PERSONAL,W,STRAIGHT AHEAD,Y,,1,,PRIVATE TOW,,,Y,Y,Y,Y,,,,,,,,,,SIDE-RIGHT,,,,,,,,,,,,,,,,,,,,,,,,,,,,,,,,,
2113181,df1daf6f282987f276e5b31c3e16595b98a889048b52788df20179a82fe10b5a07b37ed56e759e6b71ba37c54d1945ce9caae741c5dceb1e85a5c2823b392c82,07/24/2025 05:10:00 AM,1,DRIVER,,2014527,,INTERNATIONAL TRAILER CORPORATION,INTERNATIONAL TRAILER CORP.,IL,2013,UNKNOWN,TRACTOR W/O SEMI-TRAILER,COMMERCIAL - SINGLE UNIT,N,BACKING,,,1,,,,Y,,,,,,,,,,,,,,REAR,,,,,,,,,,,,,,,,,,,,,,,,,,,,,,,,,
2113182,df1daf6f282987f276e5b31c3e16595b98a889048b52788df20179a82fe10b5a07b37ed56e759e6b71ba37c54d1945ce9caae741c5dceb1e85a5c2823b392c82,07/24/2025 05:10:00 AM,2,DRIVER,,2014526,,CHEVROLET,CAVALIER,IN,2004,NONE,PASSENGER,UNKNOWN/NA,N,STRAIGHT AHEAD,,,1,,,,,Y,,,,,,,,,,Y,Y,,FRONT,,,,,,,,,,,,,,,,,,,,,,,,,,,,,,,,,
2114966,4d30bfca2f0cf8a6265495fb92920e7ee69d6ca2cd51c702af86668ca08d6ee057a3fc37f29b3f16483de1145119479d734b6bca9fc2487ec226194680560292,07/24/2025 04:52:00 AM,1,DRIVER,,2016199,,FORD,F150,IN,2015,UNKNOWN,PICKUP,UNKNOWN/NA,NE,TURNING LEFT,,,1,,,,Y,,,,,,,,,,,,,N,NONE,,,,,,,,,,,,,,,,,,,,,,,,,,,,,,,,,
2114967,4d30bfca2f0cf8a6265495fb92920e7ee69d6ca2cd51c702af86668ca08d6ee057a3fc37f29b3f16483de1145119479d734b6bca9fc2487ec226194680560292,07/24/2025 04:52:00 AM,2,DRIVER,,2016200,,GENERAL MOTORS CORPORATION (GMC),TERRAIN,IL,2015,NONE,SPORT UTILITY VEHICLE (SUV),PERSONAL,NE,TURNING LEFT,,,1,,,,,,,,,,,Y,Y,Y,Y,Y,,,FRONT-RIGHT-CORNER,,,,,,,,,,,,,,,,,,,,,,,,,,,,,,,,,
2113176,8359cb01b88c264a20e68d769433b44b6e416ac691c6e476a0eb6f4734bf1b068d5a15843204bd59f6e283c809ad2b6064c9cc181e0a73b2ca8b56423a23155c,07/24/2025 03:29:00 AM,1,DRIVER,,2014519,,JEEP,PATRIOT,IL,2016,UNKNOWN,SPORT UTILITY VEHICLE (SUV),PERSONAL,N,UNKNOWN/NA,Y,,1,,PRIVATE TOW,,,Y,Y,Y,,,,,,,,Y,Y,,FRONT-RIGHT-CORNER,,,,,,,,,,,,,,,,,,,,,,,,,,,,,,,,,
2113177,8359cb01b88c264a20e68d769433b44b6e416ac691c6e476a0eb6f4734bf1b068d5a15843204bd59f6e283c809ad2b6064c9cc181e0a73b2ca8b56423a23155c,07/24/2025 03:29:00 AM,2,PARKED,,2014520,,VOLKSWAGEN,PASSAT,IL,2014,UNKNOWN,PASSENGER,NOT IN USE,UNKNOWN,PARKED,,,0,,,,,Y,Y,,,Y,Y,Y,Y,,Y,Y,Y,,REAR-LEFT-CORNER,,,,,,,,,,,,,,,,,,,,,,,,,,,,,,,,,
2113178,8359cb01b88c264a20e68d769433b44b6e416ac691c6e476a0eb6f4734bf1b068d5a15843204bd59f6e283c809ad2b6064c9cc181e0a73b2ca8b56423a23155c,07/24/2025 03:29:00 AM,3,PARKED,,2014521,,FORD,FUSION,IL,2017,UNKNOWN,PASSENGER,NOT IN USE,UNKNOWN,PARKED,,,0,,,,,,,,,Y,Y,Y,,,,,,,REAR,,,,,,,,,,,,,,,,,,,,,,,,,,,,,,,,,
2113258,79da2af87122f89bac709405f2ee8dacb7d025e157d77c374d5155c2a8ad481dc255246db2aefee0d0aa59ddab92e44e4375721230e6070d0cea4c462f46384c,07/24/2025 03:00:00 AM,1,DRIVER,1,2014602,,FORD,FLEX,IL,2015,UNKNOWN,PASSENGER,UNKNOWN/NA,S,STRAIGHT AHEAD,Y,,2,,STREETS AND SANITATION,102/DOTY,,Y,Y,,,,,,,,,,Y,,FRONT-RIGHT-CORNER,,,,,,,,,,,,,,,,,,,,,,,,,,,,,,,,,
2113259,79da2af87122f89bac709405f2ee8dacb7d025e157d77c374d5155c2a8ad481dc255246db2aefee0d0aa59ddab92e44e4375721230e6070d0cea4c462f46384c,07/24/2025 03:00:00 AM,2,PARKED,,2014622,,TOYOTA,HIGHLANDER,IL,2018,UNKNOWN,PASSENGER,NOT IN USE,S,PARKED,,,0,,,,,,,,,,,Y,Y,Y,,,,,SIDE-LEFT-REAR,,,,,,,,,,,,,,,,,,,,,,,,,,,,,,,,,
2113179,27ceec4c7e09b7c582b1be0826aca88aa86a7def11cf26f43a0745b572e773e870a1925665d3974e242c537c9ba7519e6579f93b357616221abfefa6b281a276,07/24/2025 02:51:00 AM,1,DRIVER,,2014528,,UNKNOWN,ENGINE,IL,,UNKNOWN,PASSENGER,PERSONAL,N,BACKING,,,1,,,,,,,,,Y,Y,Y,,,,,,,REAR,,,,,,,,,,,,,,,,,,,,,,,,,,,,,,,,,
2113180,27ceec4c7e09b7c582b1be0826aca88aa86a7def11cf26f43a0745b572e773e870a1925665d3974e242c537c9ba7519e6579f93b357616221abfefa6b281a276,07/24/2025 02:51:00 AM,2,PARKED,,2014525,,BUICK,LACROSSE,IL,2017,NONE,PASSENGER,NOT IN USE,S,PARKED,,,0,,,,,Y,,,,,,,,,N,Y,Y,,FRONT,,,,,,,,,,,,,,,,,,,,,,,,,,,,,,,,,
2113175,66e954f78d9a1849ddd8b076a3c8f6b0276f1ba96e052a14844c156ba0292f0f27e515a748dd199999fa9bc22ef91cd0990c8a73b043bde712f9abfb86695943,07/24/2025 02:44:00 AM,1,DRIVER,1,2014517,,FORD,EXPLORER,IL,2017,NONE,SPORT UTILITY VEHICLE (SUV),POLICE,W,BACKING,,,2,,,,,,,,,,Y,,,,,,,,REAR-RIGHT-CORNER,,,,,,,,,,,,,,,,,,,,,,,,,,,,,,,,,
2113173,fc8dfb4b3dccf45de4449830fed6ec9dafce6b3d8c0c125561d78bb1f9a7450e16b58178d4779df80145ac1b775fc44ddd1e5ffd75f8a12a74cb792322675418,07/24/2025 01:46:00 AM,1,DRIVER,,2014516,,PONTIAC,OTHER (EXPLAIN IN NARRATIVE),IL,,UNKNOWN,PASSENGER,UNKNOWN/NA,N,TURNING LEFT,,,1,,,,,,,,,,,,,,,,,Y,UNKNOWN,,,,,,,,,,,,,,,,,,,,,,,,,,,,,,,,,
2113174,fc8dfb4b3dccf45de4449830fed6ec9dafce6b3d8c0c125561d78bb1f9a7450e16b58178d4779df80145ac1b775fc44ddd1e5ffd75f8a12a74cb792322675418,07/24/2025 01:46:00 AM,2,DRIVER,,2014518,,VESPA,SPRINT,IL,2023,UNKNOWN,MOPED OR MOTORIZED BICYCLE,UNKNOWN/NA,N,TURNING RIGHT,,,1,,,,,,,,,,,,Y,Y,,,Y,,FRONT,,,,,,,,,,,,,,,,,,,,,,,,,,,,,,,,,
2113162,5a3f1fd404fe6f4f2b480a41a5f61bd567789da3df91ae3a64a0adf8d8f03d89efc787e826c49b9bfe6f930283684420bb2cb838372435f7bc846a022482befd,07/24/2025 01:30:00 AM,1,DRIVER,,2014499,,FORD,OTHER (EXPLAIN IN NARRATIVE),IN,2015,NONE,PASSENGER,UNKNOWN/NA,N,STRAIGHT AHEAD,Y,,1,,,,,Y,,,,,,,,,,Y,Y,,FRONT,,,,,,,,,,,,,,,,,,,,,,,,,,,,,,,,,
2113163,5a3f1fd404fe6f4f2b480a41a5f61bd567789da3df91ae3a64a0adf8d8f03d89efc787e826c49b9bfe6f930283684420bb2cb838372435f7bc846a022482befd,07/24/2025 01:30:00 AM,2,DRIVER,,2014501,,HONDA,CIVIC,IL,2014,NONE,PASSENGER,UNKNOWN/NA,N,STRAIGHT AHEAD,,,1,,,,,,,,,Y,Y,Y,,,,,,,REAR,,,,,,,,,,,,,,,,,,,,,,,,,,,,,,,,,
2113164,6989a792f2690f4466ed1e98a2d3c32adffbab6ecc1f586ffbe1c87dd21d3b4b43588434f006b5b18e346f3a8de23851473e7407eb01c43ed886b85f6ce06a34,07/24/2025 01:15:00 AM,1,DRIVER,,2014522,,CHEVROLET,CRUZE,IL,2014,NONE,PASSENGER,PERSONAL,S,STRAIGHT AHEAD,Y,,1,,ER,POUND,,Y,,,,,,,,,,Y,Y,,FRONT,,,,,,,,,,,,,,,,,,,,,,,,,,,,,,,,,
2113165,6989a792f2690f4466ed1e98a2d3c32adffbab6ecc1f586ffbe1c87dd21d3b4b43588434f006b5b18e346f3a8de23851473e7407eb01c43ed886b85f6ce06a34,07/24/2025 01:15:00 AM,2,DRIVER,,2014524,,HONDA,CIVIC,IL,2007,NONE,PASSENGER,PERSONAL,E,STRAIGHT AHEAD,Y,,1,,CITY OF CHICAGO,doty rd,,Y,,,,,,,,,,Y,Y,,FRONT,,,,,,,,,,,,,,,,,,,,,,,,,,,,,,,,,
2113221,0dac0fad815f30d28870561ee9ad519f964c397a0a129a4e629ca5ddaebab3be31242b86b20bd4e160385f96b90a102dec384b1c14aec8eae3d7c5de5b64d1aa,07/24/2025 01:00:00 AM,1,DRIVER,,2014559,,UNKNOWN,OTHER (EXPLAIN IN NARRATIVE),,,UNKNOWN,UNKNOWN/NA,UNKNOWN/NA,UNKNOWN,UNKNOWN/NA,,,1,,,,,,,,,,,,,,,,,Y,UNKNOWN,,,,,,,,,,,,,,,,,,,,,,,,,,,,,,,,,
2113222,0dac0fad815f30d28870561ee9ad519f964c397a0a129a4e629ca5ddaebab3be31242b86b20bd4e160385f96b90a102dec384b1c14aec8eae3d7c5de5b64d1aa,07/24/2025 01:00:00 AM,2,PARKED,,2014564,,BUICK,ENCLAVE,IL,2012,UNKNOWN,PASSENGER,PERSONAL,E,PARKED,,,0,,,,,,,,,,,,,Y,Y,,,,SIDE-LEFT-FRONT,,,,,,,,,,,,,,,,,,,,,,,,,,,,,,,,,
2113223,0dac0fad815f30d28870561ee9ad519f964c397a0a129a4e629ca5ddaebab3be31242b86b20bd4e160385f96b90a102dec384b1c14aec8eae3d7c5de5b64d1aa,07/24/2025 01:00:00 AM,3,PARKED,,2014573,,HYUNDAI,KONA,IL,2020,UNKNOWN,PASSENGER,PERSONAL,E,DRIVERLESS,,,0,,,,,,,,,,,,Y,Y,,,,,SIDE-LEFT-REAR,,,,,,,,,,,,,,,,,,,,,,,,,,,,,,,,,
2113224,0dac0fad815f30d28870561ee9ad519f964c397a0a129a4e629ca5ddaebab3be31242b86b20bd4e160385f96b90a102dec384b1c14aec8eae3d7c5de5b64d1aa,07/24/2025 01:00:00 AM,4,PARKED,,2014586,,CHEVROLET,EQUINOX,IL,2024,UNKNOWN,PASSENGER,PERSONAL,E,DRIVERLESS,,,0,,,,,,,,,,,Y,Y,,,,,,SIDE-LEFT-REAR,,,,,,,,,,,,,,,,,,,,,,,,,,,,,,,,,
2115877,a896ada720728954c92b5a4fdba184491056a0a5a024bd3423a2df99ee1d15beb0b5dc3b8cbbc0b814e0175cf598dff9cb7acb3e82790e69759b19b4e348d7f5,07/24/2025 01:00:00 AM,1,DRIVER,,2017073,,KIA,SELTOS,IL,2023,NONE,PASSENGER,PERSONAL,E,STRAIGHT AHEAD,,,1,,,,,Y,,,,,,,,,,Y,Y,,FRONT-LEFT-CORNER,,,,,,,,,,,,,,,,,,,,,,,,,,,,,,,,,
2115878,a896ada720728954c92b5a4fdba184491056a0a5a024bd3423a2df99ee1d15beb0b5dc3b8cbbc0b814e0175cf598dff9cb7acb3e82790e69759b19b4e348d7f5,07/24/2025 01:00:00 AM,2,PARKED,,2017574,,AUDI,A5,WI,2014,UNKNOWN,PASSENGER,PERSONAL,W,PARKED,,,0,,,,,,,,,,,,,,,Y,Y,,FRONT-LEFT-CORNER,,,,,,,,,,,,,,,,,,,,,,,,,,,,,,,,,
2113159,6f247cd868e337f1a477e57342ce9006203d38640f7996d494bf371d7934b937660c23734182b947bdbbadf7d4299dfc7c24bc2f10492f042ed9303d54a975e6,07/24/2025 12:50:00 AM,1,DRIVER,,2014498,,HONDA,ODYSSEY,IL,2011,UNKNOWN,PASSENGER,PERSONAL,W,STRAIGHT AHEAD,Y,,1,,PRIVATE TOW,PRIVATE TOW,,Y,Y,Y,,,,,,,,,Y,,FRONT-RIGHT-CORNER,,,,,,,,,,,,,,,,,,,,,,,,,,,,,,,,,
2113160,6f247cd868e337f1a477e57342ce9006203d38640f7996d494bf371d7934b937660c23734182b947bdbbadf7d4299dfc7c24bc2f10492f042ed9303d54a975e6,07/24/2025 12:50:00 AM,2,PARKED,,2014500,,TOYOTA,PRIUS,IL,2010,UNKNOWN,PASSENGER,PERSONAL,W,PARKED,,,0,,,,,,,,,,,Y,Y,Y,Y,Y,,,SIDE-LEFT,,,,,,,,,,,,,,,,,,,,,,,,,,,,,,,,,
2113161,6f247cd868e337f1a477e57342ce9006203d38640f7996d494bf371d7934b937660c23734182b947bdbbadf7d4299dfc7c24bc2f10492f042ed9303d54a975e6,07/24/2025 12:50:00 AM,3,PARKED,,2014506,,TOYOTA,SEQUOIA,MD,2024,UNKNOWN,PASSENGER,PERSONAL,W,PARKED,,,0,,,,,,,,,,Y,Y,N,,,,,,SIDE-LEFT-REAR,,,,,,,,,,,,,,,,,,,,,,,,,,,,,,,,,
2113154,27f889b1e1cf3d5bcba3a90ad2da0bade1091cb7a80d14c58fff8b2ff901bdd5dbef8de14d216ddcbc0a210751b1130c457b832e0fbdbc4f37fcdd1305641322,07/24/2025 12:41:00 AM,1,DRIVER,,2014496,Y,UNKNOWN,OTHER (EXPLAIN IN NARRATIVE),,,UNKNOWN,TRUCK - SINGLE UNIT,UNKNOWN/NA,N,STRAIGHT AHEAD,,,1,,,,,,,,,,,,,,,,,Y,FRONT,"21,880",,,,,,U-HAUL,AZ,PHOENIX,,,,,,,,,,,,,,,,,,,"SINGLE UNIT TRUCK, 2 AXLES, 6 TIRES",VAN/ENCLOSED BOX,UNKNOWN,,,
2113155,27f889b1e1cf3d5bcba3a90ad2da0bade1091cb7a80d14c58fff8b2ff901bdd5dbef8de14d216ddcbc0a210751b1130c457b832e0fbdbc4f37fcdd1305641322,07/24/2025 12:41:00 AM,2,DRIVER,1,2014502,,FORD,ESCAPE,TN,2021,NONE,PASSENGER,RIDESHARE SERVICE,N,SLOW/STOP IN TRAFFIC,,,2,,,,,Y,,,,,Y,,,,,Y,Y,,REAR,,,,,,,,,,,,,,,,,,,,,,,,,,,,,,,,,
2113156,27f889b1e1cf3d5bcba3a90ad2da0bade1091cb7a80d14c58fff8b2ff901bdd5dbef8de14d216ddcbc0a210751b1130c457b832e0fbdbc4f37fcdd1305641322,07/24/2025 12:41:00 AM,3,DRIVER,,2014509,,TOYOTA,RAV4,IL,2008,NONE,PASSENGER,PERSONAL,N,SLOW/STOP IN TRAFFIC,,,1,,,,,,,,,Y,Y,,,,,,,,REAR,,,,,,,,,,,,,,,,,,,,,,,,,,,,,,,,,
2113152,0cc589dc28ea12b9d66e2ba495245bee5a83faf55f028bf9cac4fdf10d088085739f50236f1f2410bdf42e87543d3642705dd2a4042c97cf96b1f17c4b859be4,07/24/2025 12:10:00 AM,1,NON-MOTOR VEHICLE,,,,,,,,,,,,,,,,,,,,,,,,,,,,,,,,,,,,,,,,,,,,,,,,,,,,,,,,,,,,,,,,,,
2113153,0cc589dc28ea12b9d66e2ba495245bee5a83faf55f028bf9cac4fdf10d088085739f50236f1f2410bdf42e87543d3642705dd2a4042c97cf96b1f17c4b859be4,07/24/2025 12:10:00 AM,2,DRIVER,1,2014495,,VOLKSWAGEN,ATLAS,IL,2022,NONE,PASSENGER,PERSONAL,N,STRAIGHT AHEAD,,,2,,,,,Y,Y,,,,,,,,,,Y,,FRONT-RIGHT-CORNER,,,,,,,,,,,,,,,,,,,,,,,,,,,,,,,,,
2113150,2f2816c3c1eb6ea12e82559f39e5cd1bc87c0fb9df8c6b9fdc68e0ed8a545dcdd713cf3557025a27f887715eb07a82e4e5424d1d0c2d1c10bc1a99d1d9858680,07/24/2025 12:10:00 AM,1,DRIVER,1,2014491,,TOYOTA,TUNDRA,IL,2012,NONE,PICKUP,UNKNOWN/NA,N,STRAIGHT AHEAD,Y,,2,,cpd,,,Y,Y,Y,,,,,,,,Y,Y,,FRONT-RIGHT-CORNER,,,,,,,,,,,,,,,,,,,,,,,,,,,,,,,,,
2113151,2f2816c3c1eb6ea12e82559f39e5cd1bc87c0fb9df8c6b9fdc68e0ed8a545dcdd713cf3557025a27f887715eb07a82e4e5424d1d0c2d1c10bc1a99d1d9858680,07/24/2025 12:10:00 AM,2,PARKED,,2014492,,DODGE,RAM 3500 PU,XX,2018,UNKNOWN,PICKUP,UNKNOWN/NA,N,PARKED,,,0,,,,,,,,,,Y,Y,Y,,,,,,REAR-LEFT-CORNER,,,,,,,,,,,,,,,,,,,,,,,,,,,,,,,,,
2113168,18782b22a93b818deccdf4fcc24fc162c46e8a63769e02b2fba717fc2c4454ba2ee0ec20e5ba9656a0b5293abf72363f45551dd65d3e19a0153b7786fb4a5c6b,07/24/2025 12:07:00 AM,1,DRIVER,2,2014510,,JEEP,COMPASS,IL,2018,NONE,PASSENGER,PERSONAL,N,STRAIGHT AHEAD,Y,,3,,CITY OF CHICAGO,103RD AND DOTY POUND 2,,Y,Y,Y,Y,Y,Y,,Y,Y,Y,Y,Y,,FRONT,,,,,,,,,,,,,,,,,,,,,,,,,,,,,,,,,