CRASH_UNIT_ID,CRASH_RECORD_ID,CRASH_DATE,UNIT_NO,UNIT_TYPE,NUM_PASSENGERS,VEHICLE_ID,CMRC_VEH_I,MAKE,MODEL,LIC_PLATE_STATE,VEHICLE_YEAR,VEHICLE_DEFECT,VEHICLE_TYPE,VEHICLE_USE,TRAVEL_DIRECTION,MANEUVER,TOWED_I,FIRE_I,OCCUPANT_CNT,EXCEED_SPEED_LIMIT_I,TOWED_BY,TOWED_TO,AREA_00_I,AREA_01_I,AREA_02_I,AREA_03_I,AREA_04_I,AREA_05_I,AREA_06_I,AREA_07_I,AREA_08_I,AREA_09_I,AREA_10_I,AREA_11_I,AREA_12_I,AREA_99_I,FIRST_CONTACT_POINT,CMV_ID,USDOT_NO,CCMC_NO,ILCC_NO,COMMERCIAL_SRC,GVWR,CARRIER_NAME,CARRIER_STATE,CARRIER_CITY,HAZMAT_PLACARDS_I,HAZMAT_NAME,UN_NO,HAZMAT_PRESENT_I,HAZMAT_REPORT_I,HAZMAT_REPORT_NO,MCS_REPORT_I,MCS_REPORT_NO,HAZMAT_VIO_CAUSE_CRASH_I,MCS_VIO_CAUSE_CRASH_I,IDOT_PERMIT_NO,WIDE_LOAD_I,TRAILER1_WIDTH,TRAILER2_WIDTH,TRAILER1_LENGTH,TRAILER2_LENGTH,TOTAL_VEHICLE_LENGTH,AXLE_CNT,VEHICLE_CONFIG,CARGO_BODY_TYPE,LOAD_TYPE,HAZMAT_OUT_OF_SERVICE_I,MCS_OUT_OF_SERVICE_I,HAZMAT_CLASS
2113169,54554a7e03bf6f545fbe037ae4f089ce32185c4e034e6e8c50fad184ac89354db568d925cfb1d9e90419202da7d4ee512cf7ddc5795f51ff2727da46959c6bdb,07/23/2025 11:50:00 PM,1,DRIVER,,2014512,,FORD,FUSION,IL,2015,UNKNOWN,PASSENGER,PERSONAL,S,STRAIGHT AHEAD,Y,,1,,STREETS AND SANITATION,10301 S Doty Ave,,Y,Y,,,,,,,,Y,Y,Y,,FRONT,,,,,,,,,,,,,,,,,,,,,,,,,,,,,,,,,
2113170,54554a7e03bf6f545fbe037ae4f089ce32185c4e034e6e8c50fad184ac89354db568d925cfb1d9e90419202da7d4ee512cf7ddc5795f51ff2727da46959c6bdb,07/23/2025 11:50:00 PM,2,DRIVER,,2014515,,CHEVROLET,TAHOE,WI,2016,UNKNOWN,PASSENGER,PERSONAL,S,STRAIGHT AHEAD,,,1,,,,,,,,,Y,Y,Y,,,,,,,REAR,,,,,,,,,,,,,,,,,,,,,,,,,,,,,,,,,
2113157,c1c88741e57d26f033329e54972e94a7123cb674592aa81b9707be943faa60f76ad5888ac92658fddf75d6a971fe59bba91e28c4fd354e866b7018b89d80976e,07/23/2025 11:13:00 PM,1,DRIVER,,2014497,,HONDA,CIVIC,IL,2021,NONE,PASSENGER,PERSONAL,E,BACKING,,,1,,,,,,,,,,,,Y,Y,,,,,SIDE-LEFT,,,,,,,,,,,,,,,,,,,,,,,,,,,,,,,,,
2113158,c1c88741e57d26f033329e54972e94a7123cb674592aa81b9707be943faa60f76ad5888ac92658fddf75d6a971fe59bba91e28c4fd354e866b7018b89d80976e,07/23/2025 11:13:00 PM,2,DRIVER,,2014503,,SUBARU,OUTBACK,IL,2019,NONE,SPORT UTILITY VEHICLE (SUV),PERSONAL,E,BACKING,,,1,,,,,,,Y,Y,,,,,,,,,,SIDE-RIGHT,,,,,,,,,,,,,,,,,,,,,,,,,,,,,,,,,
2113119,cd9a665a6b4e06e9d9a82dce3b25d210146baf2f57cc8a2f466f218bc89f3348f00d710e1752f491c96798095f48b5d704ab27e5c1eda311c8679c7d8a25ec16,07/23/2025 10:35:00 PM,1,DRIVER,,2014461,,NISSAN,350Z,IL,2008,NONE,PASSENGER,PERSONAL,W,STRAIGHT AHEAD,,,1,,,,,,,,,,,,,,,,Y,,FRONT,,,,,,,,,,,,,,,,,,,,,,,,,,,,,,,,,
2113120,cd9a665a6b4e06e9d9a82dce3b25d210146baf2f57cc8a2f466f218bc89f3348f00d710e1752f491c96798095f48b5d704ab27e5c1eda311c8679c7d8a25ec16,07/23/2025 10:35:00 PM,2,DRIVER,,2014464,,HYUNDAI,TUCSON,IL,2023,NONE,PASSENGER,PERSONAL,W,STRAIGHT AHEAD,,,1,,,,,,,,Y,Y,Y,Y,,,,,,,REAR-RIGHT-CORNER,,,,,,,,,,,,,,,,,,,,,,,,,,,,,,,,,
2113136,545436a86b3b6c6b87b2d27858e69ca80539d93928557e12928f6207941f011385e99c62f9f04169116fb1269814bebc4ff402aec9e4072fca90c691fe48a9e7,07/23/2025 10:31:00 PM,1,DRIVER,1,2014485,,JEEP,JEEP,IL,2017,UNKNOWN,PASSENGER,PERSONAL,W,STRAIGHT AHEAD,,,2,,,,,,,,,,,,,,,,Y,,FRONT,,,,,,,,,,,,,,,,,,,,,,,,,,,,,,,,,
2113137,545436a86b3b6c6b87b2d27858e69ca80539d93928557e12928f6207941f011385e99c62f9f04169116fb1269814bebc4ff402aec9e4072fca90c691fe48a9e7,07/23/2025 10:31:00 PM,2,DRIVER,1,2014481,Y,FORD,TRANSIT,IL,2020,NONE,BUS UP TO 15 PASS.,OTHER,W,STRAIGHT AHEAD,,,2,,,,,,,,,Y,Y,Y,,,,,,,REAR,"21,879",,,,DRIVER,,WE DRIVE YOU,IL,LISLE,,,,U,U,,U,,U,U,,,,,,,,,,,,N,N,
2113132,97970eddb46b012e87c69ca3430b478b536bd65a1c52c9c4564226351ae4abc7cd7109a08870cffecf68ac802585593cd3519c9ef496bfc57bb80ef2ca8dbd3c,07/23/2025 10:28:00 PM,1,DRIVER,,2014476,,FORD,ESCAPE,,,UNKNOWN,PASSENGER,RIDESHARE SERVICE,N,STARTING IN TRAFFIC,,,1,,,,,,,,,,,,,,Y,Y,Y,,FRONT-LEFT-CORNER,,,,,,,,,,,,,,,,,,,,,,,,,,,,,,,,,
2113133,97970eddb46b012e87c69ca3430b478b536bd65a1c52c9c4564226351ae4abc7cd7109a08870cffecf68ac802585593cd3519c9ef496bfc57bb80ef2ca8dbd3c,07/23/2025 10:28:00 PM,2,DRIVER,,2014479,,CHEVROLET,SILVERADO,,,UNKNOWN,PICKUP,PERSONAL,N,STRAIGHT AHEAD,,,1,,,,,,,Y,Y,,Y,,,,,,,,SIDE-RIGHT,,,,,,,,,,,,,,,,,,,,,,,,,,,,,,,,,
2113345,f35092da73e26b23882757f54da31d5f1c0fd4d46395c59b18039c411a121227ebbd6f91e80ac4adea5cedf8c6ba8a87476099147a645561986bfac32cbb8fb1,07/23/2025 10:25:00 PM,1,DRIVER,,2014680,,FORD,ESCAPE,,,UNKNOWN,SPORT UTILITY VEHICLE (SUV),UNKNOWN/NA,UNKNOWN,STRAIGHT AHEAD,,,1,,,,,,,,,,,,,,,,,,SIDE-RIGHT,,,,,,,,,,,,,,,,,,,,,,,,,,,,,,,,,
2113346,f35092da73e26b23882757f54da31d5f1c0fd4d46395c59b18039c411a121227ebbd6f91e80ac4adea5cedf8c6ba8a87476099147a645561986bfac32cbb8fb1,07/23/2025 10:25:00 PM,2,BICYCLE,,,,,,,,,,,,,,,,,,,,,,,,,,,,,,,,,,,,,,,,,,,,,,,,,,,,,,,,,,,,,,,,,,
2113146,0282c05b637c7a8a12d1d6daebbe011b9df543af33fde2bb04a961973bbc019be8065dd0584486f0a27a91be2cd2238bc8fe0842aaee58151e0a9f82b517588f,07/23/2025 10:15:00 PM,1,DRIVER,,2014487,,TOYOTA,COROLLA,IL,2003,NONE,PASSENGER,PERSONAL,S,PASSING/OVERTAKING,,,1,,,,Y,,,,,,,,,,,,,,NONE,,,,,,,,,,,,,,,,,,,,,,,,,,,,,,,,,
2113147,0282c05b637c7a8a12d1d6daebbe011b9df543af33fde2bb04a961973bbc019be8065dd0584486f0a27a91be2cd2238bc8fe0842aaee58151e0a9f82b517588f,07/23/2025 10:15:00 PM,2,BICYCLE,,,,,,,,,,,,,,,,,,,,,,,,,,,,,,,,,,,,,,,,,,,,,,,,,,,,,,,,,,,,,,,,,,
2116586,1c299bf3da6dd4161cb6a563c3d05a3dc0ed4a798c9ace80e02aeee6222340bde379148c4b846f2a11cfe5099ee9028a42fd14b53dd7bc15e96c58d0656ff108,07/23/2025 10:13:00 PM,1,DRIVER,,2017760,,SUBARU,FORESTER,IL,2017,UNKNOWN,SPORT UTILITY VEHICLE (SUV),PERSONAL,SW,U-TURN,,,1,,,,,,,,,,,,,Y,Y,Y,,,SIDE-LEFT,,,,,,,,,,,,,,,,,,,,,,,,,,,,,,,,,
2116587,1c299bf3da6dd4161cb6a563c3d05a3dc0ed4a798c9ace80e02aeee6222340bde379148c4b846f2a11cfe5099ee9028a42fd14b53dd7bc15e96c58d0656ff108,07/23/2025 10:13:00 PM,2,DRIVER,,2017765,,LEXUS,RX300,IL,2002,UNKNOWN,SPORT UTILITY VEHICLE (SUV),PERSONAL,SE,STRAIGHT AHEAD,,,1,,,,,Y,,,,,,,,,,,,,FRONT-RIGHT-CORNER,,,,,,,,,,,,,,,,,,,,,,,,,,,,,,,,,
2113128,3ad99b106a35ba957c451f6a466943724ddf3b26394f5d91845b88b3b0433032856cae250388605a8670357b05bbb676ffb685c46c75371bc3a97a6d2231633f,07/23/2025 10:10:00 PM,1,DRIVER,,2014475,,GENERAL MOTORS CORPORATION (GMC),YUKON,IL,2022,UNKNOWN,SPORT UTILITY VEHICLE (SUV),RIDESHARE SERVICE,N,STRAIGHT AHEAD,,,1,,,,,,,,,,,,,,,,Y,,FRONT,,,,,,,,,,,,,,,,,,,,,,,,,,,,,,,,,
2113129,3ad99b106a35ba957c451f6a466943724ddf3b26394f5d91845b88b3b0433032856cae250388605a8670357b05bbb676ffb685c46c75371bc3a97a6d2231633f,07/23/2025 10:10:00 PM,2,DRIVER,,2014482,,FORD,TAURUS,IL,2012,UNKNOWN,PASSENGER,UNKNOWN/NA,N,OTHER,,,1,,,,,,,,,,Y,,,,,,,,REAR,,,,,,,,,,,,,,,,,,,,,,,,,,,,,,,,,
2113343,f15490bdaaae8363c52d1b37d25b36e2208daaa6ac9d5f160ca4bc513208e3f7f06df43a29114f7ac75e5641e2edcbfddbb5e207d3ca7f9bf4f911855503c0fe,07/23/2025 10:09:00 PM,1,DRIVER,,2014676,,AUDI,S6,IL,2020,NONE,PASSENGER,PERSONAL,W,TURNING LEFT,Y,,1,,new wave auto,865 fairwady dr bensenville,,Y,,,,,,,,,,,Y,,FRONT-RIGHT-CORNER,,,,,,,,,,,,,,,,,,,,,,,,,,,,,,,,,
2113344,f15490bdaaae8363c52d1b37d25b36e2208daaa6ac9d5f160ca4bc513208e3f7f06df43a29114f7ac75e5641e2edcbfddbb5e207d3ca7f9bf4f911855503c0fe,07/23/2025 10:09:00 PM,2,DRIVER,,2014686,,AUDI,A7,IL,2013,NONE,PASSENGER,PERSONAL,E,STRAIGHT AHEAD,Y,,1,,baciar auto inc,1629 n 31st ave melrose park,,,,,,,,,,,,,Y,,FRONT,,,,,,,,,,,,,,,,,,,,,,,,,,,,,,,,,
2113121,1a9491bdef32c94c702c3479ea60d38bd5e0349f1977cfe1795b5c6ed78393afc89a7df84b00142b06dad57d96de089b0745c6a9c0d3cd63890e7b7780b91802,07/23/2025 10:06:00 PM,1,DRIVER,,2014466,,GENERAL MOTORS CORPORATION (GMC),YUKON,,,UNKNOWN,SPORT UTILITY VEHICLE (SUV),OTHER,N,UNKNOWN/NA,,,1,,,,,,,,,,,,,,,,Y,,FRONT,,,,,,,,,,,,,,,,,,,,,,,,,,,,,,,,,
2113122,1a9491bdef32c94c702c3479ea60d38bd5e0349f1977cfe1795b5c6ed78393afc89a7df84b00142b06dad57d96de089b0745c6a9c0d3cd63890e7b7780b91802,07/23/2025 10:06:00 PM,2,DRIVER,,2014468,,FORD,TAURUS,IL,,UNKNOWN,PASSENGER,PERSONAL,N,CHANGING LANES,,,1,,,,,,,,,,Y,,,,,,,,REAR,,,,,,,,,,,,,,,,,,,,,,,,,,,,,,,,,
2113113,11fc9b298249cc291e8d1a22aff3f522bd344191d441276d9d43d4990bdab39156c53136115af211d8becf92327b4f67879981e4bba73ddd4e6e94bf6f582926,07/23/2025 10:04:00 PM,1,DRIVER,,2014457,,UNKNOWN,OTHER (EXPLAIN IN NARRATIVE),,,UNKNOWN,UNKNOWN/NA,UNKNOWN/NA,UNKNOWN,BACKING,,,1,,,,,,,,,,,,,,,,,,UNKNOWN,,,,,,,,,,,,,,,,,,,,,,,,,,,,,,,,,
2113114,11fc9b298249cc291e8d1a22aff3f522bd344191d441276d9d43d4990bdab39156c53136115af211d8becf92327b4f67879981e4bba73ddd4e6e94bf6f582926,07/23/2025 10:04:00 PM,2,PEDESTRIAN,,,,,,,,,,,,,,,,,,,,,,,,,,,,,,,,,,,,,,,,,,,,,,,,,,,,,,,,,,,,,,,,,,
2113244,d7753b266124f4128889d2014aaed882d0cc988cc554e8b4842bac69c9f34c8c336047a14b61369964057f417759118a358fe9251c04eb13df8e6112eaf1bec9,07/23/2025 10:00:00 PM,1,DRIVER,,2014577,,UNKNOWN,OTHER (EXPLAIN IN NARRATIVE),,,UNKNOWN,UNKNOWN/NA,UNKNOWN/NA,UNKNOWN,UNKNOWN/NA,,,1,,,,,,,,,,,,,,,,,Y,UNKNOWN,,,,,,,,,,,,,,,,,,,,,,,,,,,,,,,,,
2113245,d7753b266124f4128889d2014aaed882d0cc988cc554e8b4842bac69c9f34c8c336047a14b61369964057f417759118a358fe9251c04eb13df8e6112eaf1bec9,07/23/2025 10:00:00 PM,2,PARKED,,2014584,N,TOYOTA,RAV4,IL,2018,NONE,PASSENGER,OTHER,W,PARKED,Y,,0,,city of chicago,,,,,,,,Y,Y,Y,Y,Y,,,,REAR-LEFT-CORNER,,,,,,,,,,,,,,,,,,,,,,,,,,,,,,,,,
2113115,5bce930f642b4fa9374f0a18f58faecd68b59dfdd48d6045867d70b18c2a29142bc84ff738819149928718ec68db3221f43b20aec5a60df5611ca751c6292ae9,07/23/2025 09:53:00 PM,1,DRIVER,,2014460,,TOYOTA,COROLLA,IL,2017,UNKNOWN,PASSENGER,PERSONAL,N,TURNING LEFT,Y,,1,,PRIVATE TOW,,,,,,,,,Y,Y,Y,Y,Y,N,,SIDE-LEFT,,,,,,,,,,,,,,,,,,,,,,,,,,,,,,,,,
2113116,5bce930f642b4fa9374f0a18f58faecd68b59dfdd48d6045867d70b18c2a29142bc84ff738819149928718ec68db3221f43b20aec5a60df5611ca751c6292ae9,07/23/2025 09:53:00 PM,2,DRIVER,,2014471,,LINCOLN,CONTINENTAL,FL,,UNKNOWN,PASSENGER,PERSONAL,E,STRAIGHT AHEAD,Y,,1,,PRIVATE TOW,,,Y,,,,,,,,,,Y,Y,,FRONT,,,,,,,,,,,,,,,,,,,,,,,,,,,,,,,,,
2113138,ec0c496efe9c5529aceb76cb13ce7d6ea648030a92c95b0367599280f809c38affe6c1fb94ff6085d3dc28c739b80753be40ab3d790a30829a0233f3ad17e1bd,07/23/2025 09:52:00 PM,1,DRIVER,,2014483,,DODGE,RAM 3500 PU,PA,2020,UNKNOWN,TRUCK - SINGLE UNIT,UNKNOWN/NA,S,BACKING,,,1,,,,Y,,,,,,,,,,,,,,REAR,,,,,,,,,,,,,,,,,,,,,,,,,,,,,,,,,
2113139,ec0c496efe9c5529aceb76cb13ce7d6ea648030a92c95b0367599280f809c38affe6c1fb94ff6085d3dc28c739b80753be40ab3d790a30829a0233f3ad17e1bd,07/23/2025 09:52:00 PM,2,PARKED,,2014488,,NISSAN,ROGUE,IL,2019,UNKNOWN,PASSENGER,PERSONAL,UNKNOWN,PARKED,,,0,,,,,,,,,,,,,,,,Y,,FRONT,,,,,,,,,,,,,,,,,,,,,,,,,,,,,,,,,
2113109,7cf379ed4b90d0ced0b95630d41d7f9881249f6a83cabf2a87f0eafead621420df1ed5a98a7af285b6c51524931623234e83b4f57d69eef1823faf079dad6bdb,07/23/2025 09:50:00 PM,1,DRIVER,,2014451,N,UNKNOWN,OTHER (EXPLAIN IN NARRATIVE),XX,,UNKNOWN,TRUCK - SINGLE UNIT,UNKNOWN/NA,S,STRAIGHT AHEAD,,,1,,,,,N,N,,,,,,,,,,,Y,UNKNOWN,,,,,,,,,,,,,,,,,,,,,,,,,,,,,,,,,
2113110,7cf379ed4b90d0ced0b95630d41d7f9881249f6a83cabf2a87f0eafead621420df1ed5a98a7af285b6c51524931623234e83b4f57d69eef1823faf079dad6bdb,07/23/2025 09:50:00 PM,2,PARKED,,2014458,,NEW FLYER,D40LF,IL,2007,NONE,BUS UP TO 15 PASS.,CTA,S,PARKED,,,0,,,,,,,,,,,,,,Y,Y,,,FRONT-LEFT-CORNER,,,,,,,,,,,,,,,,,,,,,,,,,,,,,,,,,
2113102,2da265488933af0630b4649a955a8b3b2fc4d258b157f56a3caa8be426496b6f501441178852066cd3deb31992f5d687dba78b843f8e299dc180e39598dedb00,07/23/2025 09:39:00 PM,1,DRIVER,,2014445,,LINCOLN,MKZ,IL,2008,UNKNOWN,PASSENGER,PERSONAL,E,AVOIDING VEHICLES/OBJECTS,Y,,1,,PRIVATE TOW,,,Y,Y,,,,,,,,,,Y,,FRONT-RIGHT-CORNER,,,,,,,,,,,,,,,,,,,,,,,,,,,,,,,,,
2113134,bdf97fe1dd9968a7ef56ae9d0feaa2c2749118d104a38763df383db2d294c9319ed1e011dacccc212adfd69190f0130640f136d9c30b300fb5b2f9d5e24a15f8,07/23/2025 09:30:00 PM,1,DRIVER,,2014477,,UNKNOWN,MOTORIZED,IL,,UNKNOWN,UNKNOWN/NA,UNKNOWN/NA,W,STRAIGHT AHEAD,,,1,,,,,,,,,,,,,,,,Y,,FRONT,,,,,,,,,,,,,,,,,,,,,,,,,,,,,,,,,
2113135,bdf97fe1dd9968a7ef56ae9d0feaa2c2749118d104a38763df383db2d294c9319ed1e011dacccc212adfd69190f0130640f136d9c30b300fb5b2f9d5e24a15f8,07/23/2025 09:30:00 PM,2,DRIVER,,2014480,,NISSAN,ROGUE,IL,2016,UNKNOWN,SPORT UTILITY VEHICLE (SUV),PERSONAL,W,STRAIGHT AHEAD,,,1,,,,,,,,,,Y,,,,,,,,REAR,,,,,,,,,,,,,,,,,,,,,,,,,,,,,,,,,
2113111,c16de923362baacbb7bea0b547eeb0a6937694e20c63537640d734d7ca28173bfc7da9e32fc275e22b3331c5ea95ec2573d07efca91e88e1438afabc57e417d8,07/23/2025 09:30:00 PM,1,DRIVER,,2014452,,UNKNOWN,OTHER (EXPLAIN IN NARRATIVE),IL,,NONE,UNKNOWN/NA,UNKNOWN/NA,UNKNOWN,UNKNOWN/NA,,,1,,,,,,,,,,,,,,,,,Y,UNKNOWN,,,,,,,,,,,,,,,,,,,,,,,,,,,,,,,,,
2113112,c16de923362baacbb7bea0b547eeb0a6937694e20c63537640d734d7ca28173bfc7da9e32fc275e22b3331c5ea95ec2573d07efca91e88e1438afabc57e417d8,07/23/2025 09:30:00 PM,2,PARKED,,2014453,,JEEP,GRAND CHEROKEE,IL,2015,NONE,SPORT UTILITY VEHICLE (SUV),PERSONAL,N,PARKED,,,0,,,,,,,,,,,Y,Y,Y,Y,Y,,,SIDE-LEFT,,,,,,,,,,,,,,,,,,,,,,,,,,,,,,,,,
2113123,bea312474ef1ed3b0b077430d51dee5971e4206c0f47698e6bf822dbbecec49db1149081b399611d6ee7e35df55fc6c506613c99d9003d895743c983252dcca0,07/23/2025 09:20:00 PM,1,DRIVER,,2014467,,HARLEY-DAVIDSON,HARLEY-DAVIDSON,VA,,UNKNOWN,MOTORCYCLE (OVER 150CC),UNKNOWN/NA,N,STRAIGHT AHEAD,,,1,,,,,,,,,,Y,Y,,,,,,,OTHER,,,,,,,,,,,,,,,,,,,,,,,,,,,,,,,,,
2113094,e4c0ae80f98950303d4d4f77f98e7fb97f11e32a01d3ce35e73bba83eb48ff3c73e693295580175720b8761de6f4f42cab014cce0ac92ecad76c6fd130c8cf47,07/23/2025 09:20:00 PM,1,DRIVER,,2014440,,FORD,EXPLORER,IL,2021,NONE,OTHER,POLICE,S,BACKING,,,1,,,,,,,,Y,Y,Y,,,,,,,Y,REAR-RIGHT-CORNER,,,,,,,,,,,,,,,,,,,,,,,,,,,,,,,,,
2113095,e4c0ae80f98950303d4d4f77f98e7fb97f11e32a01d3ce35e73bba83eb48ff3c73e693295580175720b8761de6f4f42cab014cce0ac92ecad76c6fd130c8cf47,07/23/2025 09:20:00 PM,2,PARKED,,2014442,,CHEVROLET,MALIBU,IL,2008,UNKNOWN,PASSENGER,NOT IN USE,N,PARKED,,,0,,,,,Y,Y,,,,,,,,,,,Y,FRONT-RIGHT-CORNER,,,,,,,,,,,,,,,,,,,,,,,,,,,,,,,,,
2113086,d09c75402d980ff8ab5f940c836fab54debb608143c8f1d9e6c87b86a3178171b0fbb07a4a30da1c3eb87e84286fb22ff47b9535d002be7657dd636ecb94c5f1,07/23/2025 09:10:00 PM,1,DRIVER,,2014437,,JAGUAR,XK SERIES,IL,2007,UNKNOWN,PASSENGER,PERSONAL,N,BACKING,,,1,,,,,,,,,N,Y,Y,,,,,,,REAR,,,,,,,,,,,,,,,,,,,,,,,,,,,,,,,,,
2113087,d09c75402d980ff8ab5f940c836fab54debb608143c8f1d9e6c87b86a3178171b0fbb07a4a30da1c3eb87e84286fb22ff47b9535d002be7657dd636ecb94c5f1,07/23/2025 09:10:00 PM,2,DRIVER,,2014444,,HONDA,ACCORD,IL,2011,UNKNOWN,PASSENGER,PERSONAL,S,STRAIGHT AHEAD,,,1,,,,,Y,,,,,,,,,,Y,Y,,FRONT-LEFT-CORNER,,,,,,,,,,,,,,,,,,,,,,,,,,,,,,,,,
2113144,62ef69480b245b4da9f16720af7ddf93c8a3a3454b5959ecf9cc631d1c60a26a68dcea3c12d3d30adf880ab67e498fe4bc267637ada39e7c639b0d34e4a81b7b,07/23/2025 09:05:00 PM,1,DRIVER,,2014486,,HONDA,PILOT,IL,2022,UNKNOWN,PASSENGER,PERSONAL,S,AVOIDING VEHICLES/OBJECTS,,,1,,,,,,Y,Y,Y,Y,,,,,,,,,SIDE-RIGHT,,,,,,,,,,,,,,,,,,,,,,,,,,,,,,,,,
2113145,62ef69480b245b4da9f16720af7ddf93c8a3a3454b5959ecf9cc631d1c60a26a68dcea3c12d3d30adf880ab67e498fe4bc267637ada39e7c639b0d34e4a81b7b,07/23/2025 09:05:00 PM,2,PARKED,,2014490,N,FREIGHTLINER CORPORATION,FREIGHTLINER CORP.,IL,2020,NONE,BUS OVER 15 PASS.,NOT IN USE,S,PARKED,,,0,,,,Y,,,,,,,,,,,,,,UNKNOWN,,,,,,,,,,,,,,,,,,,,,,,,,,,,,,,,,
2113100,2604539c25969c33be3754c0a48eb9bde70fd80d45b02d3ce2b8dd7884959afa09f5c9365f6a63ff7bfeb019ef9d863075fb41b5d67b73b16d4071978921265c,07/23/2025 09:00:00 PM,1,DRIVER,,2014455,,UNKNOWN,MOTORIZED,IL,,UNKNOWN,UNKNOWN/NA,UNKNOWN/NA,E,STRAIGHT AHEAD,,,1,,,,,,,,,,,,,,,,Y,,FRONT,,,,,,,,,,,,,,,,,,,,,,,,,,,,,,,,,
2113101,2604539c25969c33be3754c0a48eb9bde70fd80d45b02d3ce2b8dd7884959afa09f5c9365f6a63ff7bfeb019ef9d863075fb41b5d67b73b16d4071978921265c,07/23/2025 09:00:00 PM,2,DRIVER,3,2014443,,TOYOTA,PRIUS,IL,2012,UNKNOWN,PASSENGER,PERSONAL,E,STARTING IN TRAFFIC,,,4,,,,,,,,,,Y,,,,,,,,REAR,,,,,,,,,,,,,,,,,,,,,,,,,,,,,,,,,
2113126,406733633fdde9fcbe51e066c4f6005b227f1b6551d4093376a77c78f580dd6ca13596214c9494c76920bc06471dea6e95694171c89728f3eb0b7cb95474e9cb,07/23/2025 09:00:00 PM,1,DRIVER,,2014473,,HONDA,INSIGHT,IL,2011,UNKNOWN,PASSENGER,PERSONAL,S,UNKNOWN/NA,,,1,,,,,Y,,,,,,,,,,Y,Y,,FRONT,,,,,,,,,,,,,,,,,,,,,,,,,,,,,,,,,
2113127,406733633fdde9fcbe51e066c4f6005b227f1b6551d4093376a77c78f580dd6ca13596214c9494c76920bc06471dea6e95694171c89728f3eb0b7cb95474e9cb,07/23/2025 09:00:00 PM,2,PARKED,,2014478,,TOYOTA,C-HR,IL,2019,NONE,FARM EQUIPMENT,PERSONAL,S,PARKED,,,0,,,,,,,,,Y,Y,Y,,,,,,,REAR,,,,,,,,,,,,,,,,,,,,,,,,,,,,,,,,,
2113096,874b869b59b2a195acb5bd11ddf8fb0b87757ae46362fcd79d4994bb1bba564c04d5f507adf946e6c997ec356027531a9caf55153202b50609de0e3d35ff24cd,07/23/2025 09:00:00 PM,1,DRIVER,,2014441,,VOLVO,XC60,IL,2025,UNKNOWN,UNKNOWN/NA,UNKNOWN/NA,UNKNOWN,TURNING LEFT,,,1,,,,,Y,Y,Y,,,,,,,N,N,,,SIDE-RIGHT,,,,,,,,,,,,,,,,,,,,,,,,,,,,,,,,,
2113097,874b869b59b2a195acb5bd11ddf8fb0b87757ae46362fcd79d4994bb1bba564c04d5f507adf946e6c997ec356027531a9caf55153202b50609de0e3d35ff24cd,07/23/2025 09:00:00 PM,2,DRIVER,,2014446,,HONDA,RIDGELINE,IL,2020,UNKNOWN,UNKNOWN/NA,UNKNOWN/NA,UNKNOWN,TURNING LEFT,,,1,,,,,,,,,,,,Y,Y,Y,Y,,,SIDE-LEFT,,,,,,,,,,,,,,,,,,,,,,,,,,,,,,,,,
2117906,d8652559d10db44df47e859cceeab4299a878626c9ec25932ace7e11c219d136122ed3661d08feccf333687780e288c8c17ca686713dd81ea080d8da66a97a17,07/23/2025 09:00:00 PM,1,DRIVER,,2018962,,TOYOTA,OTHER (EXPLAIN IN NARRATIVE),IL,2016,UNKNOWN,PASSENGER,UNKNOWN/NA,E,PASSING/OVERTAKING,,,1,,,,,N,,,,,,,,,,,,Y,UNKNOWN,,,,,,,,,,,,,,,,,,,,,,,,,,,,,,,,,
2117907,d8652559d10db44df47e859cceeab4299a878626c9ec25932ace7e11c219d136122ed3661d08feccf333687780e288c8c17ca686713dd81ea080d8da66a97a17,07/23/2025 09:00:00 PM,2,DRIVER,,2018996,,INFINITI,QX60,IL,2020,NONE,PASSENGER,PERSONAL,E,SLOW/STOP IN TRAFFIC,,,1,,,,,,N,,,,Y,Y,,,,,,,REAR,,,,,,,,,,,,,,,,,,,,,,,,,,,,,,,,,
2113098,e9ebb1df9b210b667db763a63b709b739eba54cea613270a745cbe2cbd0c6649790fb90dd2a9df900f9929bf5d74c6461cdd846cc28c3d13f8eed5398fc59eb6,07/23/2025 09:00:00 PM,1,DRIVER,,2014465,,NISSAN,SENTRA,IL,2005,UNKNOWN,PASSENGER,UNKNOWN/NA,E,BACKING,,,1,,,,,,,,,,Y,,,,,,,,REAR,,,,,,,,,,,,,,,,,,,,,,,,,,,,,,,,,
2113099,e9ebb1df9b210b667db763a63b709b739eba54cea613270a745cbe2cbd0c6649790fb90dd2a9df900f9929bf5d74c6461cdd846cc28c3d13f8eed5398fc59eb6,07/23/2025 09:00:00 PM,2,PARKED,,2014470,,ACURA,ADX,IL,2025,UNKNOWN,PASSENGER,UNKNOWN/NA,UNKNOWN,PARKED,,,0,,,,,,,,,,,,Y,Y,Y,,,,SIDE-RIGHT,,,,,,,,,,,,,,,,,,,,,,,,,,,,,,,,,
2113052,5fcce43107a0cc784113d190f4c31707e1531833cc6a3517ba434e594346e229e0939b6b5fb6078669d26057f50f901a41b78bfc294a0e77f99a54ea377621db,07/23/2025 08:45:00 PM,1,DRIVER,1,2014400,,BUICK,REGAL,IL,,UNKNOWN,PASSENGER,PERSONAL,S,OTHER,,,2,,,,,,,,,,,,,Y,,,,,SIDE-LEFT,,,,,,,,,,,,,,,,,,,,,,,,,,,,,,,,,