CRASH_UNIT_ID,CRASH_RECORD_ID,CRASH_DATE,UNIT_NO,UNIT_TYPE,NUM_PASSENGERS,VEHICLE_ID,CMRC_VEH_I,MAKE,MODEL,LIC_PLATE_STATE,VEHICLE_YEAR,VEHICLE_DEFECT,VEHICLE_TYPE,VEHICLE_USE,TRAVEL_DIRECTION,MANEUVER,TOWED_I,FIRE_I,OCCUPANT_CNT,EXCEED_SPEED_LIMIT_I,TOWED_BY,TOWED_TO,AREA_00_I,AREA_01_I,AREA_02_I,AREA_03_I,AREA_04_I,AREA_05_I,AREA_06_I,AREA_07_I,AREA_08_I,AREA_09_I,AREA_10_I,AREA_11_I,AREA_12_I,AREA_99_I,FIRST_CONTACT_POINT,CMV_ID,USDOT_NO,CCMC_NO,ILCC_NO,COMMERCIAL_SRC,GVWR,CARRIER_NAME,CARRIER_STATE,CARRIER_CITY,HAZMAT_PLACARDS_I,HAZMAT_NAME,UN_NO,HAZMAT_PRESENT_I,HAZMAT_REPORT_I,HAZMAT_REPORT_NO,MCS_REPORT_I,MCS_REPORT_NO,HAZMAT_VIO_CAUSE_CRASH_I,MCS_VIO_CAUSE_CRASH_I,IDOT_PERMIT_NO,WIDE_LOAD_I,TRAILER1_WIDTH,TRAILER2_WIDTH,TRAILER1_LENGTH,TRAILER2_LENGTH,TOTAL_VEHICLE_LENGTH,AXLE_CNT,VEHICLE_CONFIG,CARGO_BODY_TYPE,LOAD_TYPE,HAZMAT_OUT_OF_SERVICE_I,MCS_OUT_OF_SERVICE_I,HAZMAT_CLASS
2113053,5fcce43107a0cc784113d190f4c31707e1531833cc6a3517ba434e594346e229e0939b6b5fb6078669d26057f50f901a41b78bfc294a0e77f99a54ea377621db,07/23/2025 08:45:00 PM,2,DRIVER,,2014402,,FORD,FUSION,,,UNKNOWN,PASSENGER,PERSONAL,S,STRAIGHT AHEAD,,,1,,,,,,,Y,,,,,,,,,,,SIDE-RIGHT,,,,,,,,,,,,,,,,,,,,,,,,,,,,,,,,,
2113062,01e97498d3190e8cf54eb1fe083e080ee10e1feeb4618130f69f8f20b953ad7c3103d3e2bf95695ec4e47bede489039df3f9db5885b1402b440c33333c5db0fc,07/23/2025 08:36:00 PM,1,DRIVER,,2014418,,NISSAN,SENTRA,IL,2003,UNKNOWN,PASSENGER,PERSONAL,S,TURNING LEFT,,,1,,,,,Y,Y,Y,,,,,,,,Y,Y,,FRONT-RIGHT-CORNER,,,,,,,,,,,,,,,,,,,,,,,,,,,,,,,,,
2113063,01e97498d3190e8cf54eb1fe083e080ee10e1feeb4618130f69f8f20b953ad7c3103d3e2bf95695ec4e47bede489039df3f9db5885b1402b440c33333c5db0fc,07/23/2025 08:36:00 PM,2,DRIVER,1,2014409,,TOYOTA,CAMRY,IL,2000,UNKNOWN,PASSENGER,PERSONAL,S,STRAIGHT AHEAD,,,2,,,,,Y,Y,Y,,,,,,,,Y,Y,,FRONT-RIGHT-CORNER,,,,,,,,,,,,,,,,,,,,,,,,,,,,,,,,,
2113357,95bfa05bffb193e9617a6458392242f7de8274122b6b884b712b3363f73a7b20848351dece9280772d8562291bed0f01b7b81d28140dec9ddfc98aecfb2fb5b8,07/23/2025 08:32:00 PM,1,DRIVER,1,2014681,,INFINITI,G37,IL,2010,NONE,PASSENGER,PERSONAL,S,TURNING LEFT,Y,,2,,OWNER,,,Y,,,,,,,,,,Y,Y,,FRONT-LEFT-CORNER,,,,,,,,,,,,,,,,,,,,,,,,,,,,,,,,,
2113358,95bfa05bffb193e9617a6458392242f7de8274122b6b884b712b3363f73a7b20848351dece9280772d8562291bed0f01b7b81d28140dec9ddfc98aecfb2fb5b8,07/23/2025 08:32:00 PM,2,DRIVER,1,2014682,,HONDA,CIVIC,IL,2019,NONE,PASSENGER,PERSONAL,N,STRAIGHT AHEAD,Y,,2,,OWNER,,,Y,,,,,,,,,,Y,Y,,FRONT-LEFT-CORNER,,,,,,,,,,,,,,,,,,,,,,,,,,,,,,,,,
2113090,b0c930157582d9fc8b0c1295a0a417e0feca1e98f41b6259ccdbfdd045fb73479ba9af8c9ea66aa0d2add7423f6aefea65844b92fef1c3fc0b2efba8679c1fcd,07/23/2025 08:30:00 PM,1,DRIVER,,2014434,,FORD,FUSION,,,UNKNOWN,PASSENGER,UNKNOWN/NA,S,STRAIGHT AHEAD,,,1,,,,,,,,,,,,,,,,Y,,FRONT,,,,,,,,,,,,,,,,,,,,,,,,,,,,,,,,,
2113091,b0c930157582d9fc8b0c1295a0a417e0feca1e98f41b6259ccdbfdd045fb73479ba9af8c9ea66aa0d2add7423f6aefea65844b92fef1c3fc0b2efba8679c1fcd,07/23/2025 08:30:00 PM,2,DRIVER,1,2014436,,HONDA,CR-V,IL,2021,UNKNOWN,PASSENGER,PERSONAL,E,STRAIGHT AHEAD,Y,,2,,insurance,,,,,,,,,,,,Y,,,,SIDE-LEFT,,,,,,,,,,,,,,,,,,,,,,,,,,,,,,,,,
2113068,cf29b51291816a5e9cf7a3c9065c5fac4855eb8e3f2d798a7a080a1657f2023423c0e94a4e0361116a76aa09382cec4a954320946b499b7bc21576a499c96808,07/23/2025 08:19:00 PM,1,BICYCLE,,,,,,,,,,,,,,,,,,,,,,,,,,,,,,,,,,,,,,,,,,,,,,,,,,,,,,,,,,,,,,,,,,
2113069,cf29b51291816a5e9cf7a3c9065c5fac4855eb8e3f2d798a7a080a1657f2023423c0e94a4e0361116a76aa09382cec4a954320946b499b7bc21576a499c96808,07/23/2025 08:19:00 PM,2,DRIVER,3,2014422,,FORD,RANGER,IL,2000,UNKNOWN,UNKNOWN/NA,PERSONAL,W,STRAIGHT AHEAD,,,4,,,,Y,,,,,,,,,,,,,,FRONT,,,,,,,,,,,,,,,,,,,,,,,,,,,,,,,,,
2113148,94e444c3894f3530757d09e046384f7723f01998ccabe79912c11f78a7f5b7633f13431fb6548c3acf23086135e86dcfd909171ab588d7393f0c9c9605f56278,07/23/2025 08:15:00 PM,1,DRIVER,,2014493,,KIA,SOUL,FL,2023,UNKNOWN,PASSENGER,PERSONAL,E,TURNING RIGHT,,,1,,,,,Y,,,,,,,,,,Y,Y,Y,FRONT,,,,,,,,,,,,,,,,,,,,,,,,,,,,,,,,,
2113149,94e444c3894f3530757d09e046384f7723f01998ccabe79912c11f78a7f5b7633f13431fb6548c3acf23086135e86dcfd909171ab588d7393f0c9c9605f56278,07/23/2025 08:15:00 PM,2,DRIVER,,2014494,,CHEVROLET,SILVERADO,IL,2009,UNKNOWN,TRUCK - SINGLE UNIT,PERSONAL,E,TURNING RIGHT,,,1,,,,,,,,,,,Y,Y,Y,Y,Y,,,SIDE-LEFT,,,,,,,,,,,,,,,,,,,,,,,,,,,,,,,,,
2113092,3d8296b0e8b2f3925762f24a2df70fcff953a5eafabc51a473644bbbd8a900dca457b8ea31eb91cd2252acb560f21daba56b12be557cbb4e138d4036c402cbd7,07/23/2025 08:10:00 PM,1,DRIVER,,2014435,,BMW,328I,IL,2011,UNKNOWN,PASSENGER,PERSONAL,E,STRAIGHT AHEAD,,,1,,,,,Y,,,,,,,,,,Y,Y,,FRONT,,,,,,,,,,,,,,,,,,,,,,,,,,,,,,,,,
2113093,3d8296b0e8b2f3925762f24a2df70fcff953a5eafabc51a473644bbbd8a900dca457b8ea31eb91cd2252acb560f21daba56b12be557cbb4e138d4036c402cbd7,07/23/2025 08:10:00 PM,2,DRIVER,,2014439,,TOYOTA,COROLLA,IL,2003,NONE,PASSENGER,PERSONAL,E,STRAIGHT AHEAD,,,1,,,,,Y,,,,Y,Y,Y,,,,Y,Y,,REAR,,,,,,,,,,,,,,,,,,,,,,,,,,,,,,,,,
2113088,bc53c578522f6a3565404c79adbda4f59d7642ce8638aeef717d96dc24f3ef427fe95698e20490305d0121e4c5a769ed60dbd73fb8f85b467a6ecb3f8df5509a,07/23/2025 08:10:00 PM,1,DRIVER,,2014433,,CHEVROLET,SILVERADO,IL,2009,UNKNOWN,PICKUP,UNKNOWN/NA,S,STRAIGHT AHEAD,,,1,,,,,,,,,,,Y,Y,Y,Y,Y,,,UNKNOWN,,,,,,,,,,,,,,,,,,,,,,,,,,,,,,,,,
2113089,bc53c578522f6a3565404c79adbda4f59d7642ce8638aeef717d96dc24f3ef427fe95698e20490305d0121e4c5a769ed60dbd73fb8f85b467a6ecb3f8df5509a,07/23/2025 08:10:00 PM,2,DRIVER,,2014438,,KIA,SOUL,FL,2023,UNKNOWN,PASSENGER,UNKNOWN/NA,S,STRAIGHT AHEAD,,,1,,,,,,,,,,,,,,Y,Y,,,SIDE-RIGHT-FRONT,,,,,,,,,,,,,,,,,,,,,,,,,,,,,,,,,
2113084,bd9d82d6a96de4118455c29cf9f30277fda7ef184a58155a9bf0e67018ae534f87e83d50d40416be5f1f5be92411a7b8ee0d137ab10e020eb6e7b21a648747b9,07/23/2025 08:06:00 PM,1,DRIVER,,2014428,,NISSAN,ROGUE,IL,2016,UNKNOWN,SPORT UTILITY VEHICLE (SUV),UNKNOWN/NA,S,STRAIGHT AHEAD,,,1,,,,,,,,,,,,,,,,,Y,FRONT-RIGHT-CORNER,,,,,,,,,,,,,,,,,,,,,,,,,,,,,,,,,
2113085,bd9d82d6a96de4118455c29cf9f30277fda7ef184a58155a9bf0e67018ae534f87e83d50d40416be5f1f5be92411a7b8ee0d137ab10e020eb6e7b21a648747b9,07/23/2025 08:06:00 PM,2,BICYCLE,,,,,,,,,,,,,,,,,,,,,,,,,,,,,,,,,,,,,,,,,,,,,,,,,,,,,,,,,,,,,,,,,,
2113054,05179bc1abc1a9605ae0ad69ffd461cfedab13f53ceba06ed920885ddc648508e745cd5f185b5695bc0b095e2fcc87074928b97979e69533e162d469497d7481,07/23/2025 08:05:00 PM,1,DRIVER,,2014404,,KIA,OTHER (EXPLAIN IN NARRATIVE),IL,2017,UNKNOWN,PASSENGER,UNKNOWN/NA,S,STRAIGHT AHEAD,,,1,,,,,,,,,,N,,,,,,Y,,FRONT,,,,,,,,,,,,,,,,,,,,,,,,,,,,,,,,,
2113055,05179bc1abc1a9605ae0ad69ffd461cfedab13f53ceba06ed920885ddc648508e745cd5f185b5695bc0b095e2fcc87074928b97979e69533e162d469497d7481,07/23/2025 08:05:00 PM,2,DRIVER,1,2014410,,SUBARU,OTHER (EXPLAIN IN NARRATIVE),IL,2025,UNKNOWN,SPORT UTILITY VEHICLE (SUV),PERSONAL,S,STRAIGHT AHEAD,,,2,,,,,,,,,,Y,,,,,,,,REAR-LEFT-CORNER,,,,,,,,,,,,,,,,,,,,,,,,,,,,,,,,,
2113060,21c42e2da3c595876bf05f014ce04ac95e644bfa9eba0cdd8e16bc089ff86127c07d80978c2e444894f8edb33cb7c20e7d16b65881cd3a6760db49c2d694259f,07/23/2025 08:03:00 PM,1,DRIVER,1,2014406,,CHEVROLET,SUBURBAN,IL,2009,UNKNOWN,PASSENGER,UNKNOWN/NA,W,STRAIGHT AHEAD,N,,2,,,,,Y,,,,,,,,,,Y,Y,,FRONT,,,,,,,,,,,,,,,,,,,,,,,,,,,,,,,,,
2113061,21c42e2da3c595876bf05f014ce04ac95e644bfa9eba0cdd8e16bc089ff86127c07d80978c2e444894f8edb33cb7c20e7d16b65881cd3a6760db49c2d694259f,07/23/2025 08:03:00 PM,2,PARKED,2,2014407,,HONDA,ODYSSEY,IL,2008,NONE,PASSENGER,PERSONAL,W,PARKED,Y,,2,,private insurance,,,,,,,Y,Y,Y,,,,,,,REAR,,,,,,,,,,,,,,,,,,,,,,,,,,,,,,,,,
2113048,1bec692d305cc7923df55e824ddaedda214bd15d778c3e7b3b6493732e26833fa2301022ca285115dfe4f11473586b8cfd0c7f64562847455003e134c38c484c,07/23/2025 07:55:00 PM,1,DRIVER,1,2014398,,FORD,OTHER (EXPLAIN IN NARRATIVE),IL,2015,UNKNOWN,UNKNOWN/NA,AMBULANCE,UNKNOWN,BACKING,,,2,,,,,,,,,,,,,,,,,Y,REAR-RIGHT-CORNER,,,,,,,,,,,,,,,,,,,,,,,,,,,,,,,,,
2113049,1bec692d305cc7923df55e824ddaedda214bd15d778c3e7b3b6493732e26833fa2301022ca285115dfe4f11473586b8cfd0c7f64562847455003e134c38c484c,07/23/2025 07:55:00 PM,2,PARKED,,2014399,,FORD,OTHER (EXPLAIN IN NARRATIVE),IL,2023,UNKNOWN,UNKNOWN/NA,AMBULANCE,UNKNOWN,PARKED,,,0,,,,,,,,,Y,,,,,,,,,REAR-RIGHT-CORNER,,,,,,,,,,,,,,,,,,,,,,,,,,,,,,,,,
2114153,b4474d16f992e78f98a2504ca55145953858021d07765a73388530ceec89a7eb6f3e49e295f5191009b0950085ba06b88b78836db93ad947bc21d6b17c15b78a,07/23/2025 07:30:00 PM,1,DRIVER,,2015440,,VOLKSWAGEN,CC,IL,2013,NONE,PASSENGER,PERSONAL,E,TURNING LEFT,,,1,,,,,,,,,,,,,Y,,,,,SIDE-LEFT,,,,,,,,,,,,,,,,,,,,,,,,,,,,,,,,,
2114154,b4474d16f992e78f98a2504ca55145953858021d07765a73388530ceec89a7eb6f3e49e295f5191009b0950085ba06b88b78836db93ad947bc21d6b17c15b78a,07/23/2025 07:30:00 PM,2,DRIVER,,2015445,,UNKNOWN,OTHER (EXPLAIN IN NARRATIVE),,,UNKNOWN,TRUCK - SINGLE UNIT,UNKNOWN/NA,E,TURNING LEFT,,,1,,,,,,,,,,,,,,,,,Y,UNKNOWN,,,,,,,,,,,,,,,,,,,,,,,,,,,,,,,,,
2113056,dcfe30854132adccb272b6cddac1e09dfc252a445e00499ce0b51f237f69cd9a0f4d3df478739252572a42d1e9c12df5063ba48f6b72facc008de0eb1da675fa,07/23/2025 07:28:00 PM,1,DRIVER,,2014405,,KIA,K9 / K900 / QUORIS,IL,2024,NONE,SPORT UTILITY VEHICLE (SUV),OTHER,N,DRIVING WRONG WAY,Y,,1,,unknown,unknown,,,,,,,,,,,Y,Y,Y,,FRONT-LEFT-CORNER,,,,,,,,,,,,,,,,,,,,,,,,,,,,,,,,,
2113057,dcfe30854132adccb272b6cddac1e09dfc252a445e00499ce0b51f237f69cd9a0f4d3df478739252572a42d1e9c12df5063ba48f6b72facc008de0eb1da675fa,07/23/2025 07:28:00 PM,2,DRIVER,,2014411,,CHEVROLET,EQUINOX,IL,2021,NONE,SPORT UTILITY VEHICLE (SUV),PERSONAL,S,STRAIGHT AHEAD,Y,,1,,Chicago TOW,unknown,,,,,,,,Y,Y,Y,,,,,SIDE-LEFT,,,,,,,,,,,,,,,,,,,,,,,,,,,,,,,,,
2113058,dcfe30854132adccb272b6cddac1e09dfc252a445e00499ce0b51f237f69cd9a0f4d3df478739252572a42d1e9c12df5063ba48f6b72facc008de0eb1da675fa,07/23/2025 07:28:00 PM,3,PARKED,,2014417,,HYUNDAI,SANTA FE,IL,2009,NONE,SPORT UTILITY VEHICLE (SUV),PERSONAL,S,PARKED,,,0,,,,,,,,,,,,,,Y,Y,Y,,FRONT-LEFT-CORNER,,,,,,,,,,,,,,,,,,,,,,,,,,,,,,,,,
2114762,41fb21e217eafe448a11e03249a02b7bd6b8e1003193676711e23c6dcd81ee020f3c95b9670c90f6f967faa6d8eeddbd0c61850724ebb8e5ceec74ee1c830c74,07/23/2025 07:19:00 PM,1,DRIVER,,2016022,,TOYOTA,HIGHLANDER,IL,2016,UNKNOWN,SPORT UTILITY VEHICLE (SUV),PERSONAL,N,CHANGING LANES,,,1,,,,,,,,,,,,,,,Y,,,FRONT-LEFT-CORNER,,,,,,,,,,,,,,,,,,,,,,,,,,,,,,,,,
2114763,41fb21e217eafe448a11e03249a02b7bd6b8e1003193676711e23c6dcd81ee020f3c95b9670c90f6f967faa6d8eeddbd0c61850724ebb8e5ceec74ee1c830c74,07/23/2025 07:19:00 PM,2,DRIVER,,2016029,,KIA,FORTE,IL,2024,UNKNOWN,PASSENGER,PERSONAL,N,STRAIGHT AHEAD,,,1,,,,,,,Y,,,,,,,,,,,SIDE-RIGHT-REAR,,,,,,,,,,,,,,,,,,,,,,,,,,,,,,,,,
2113142,d049d943fabcc9cbdd072c6d58c311cd2deb416a5dc8a1be0600ebafa20489c940a9a95624e4f46553e342cab6b38f350d4ed6109845b2d943f0c4efe114b03d,07/23/2025 07:15:00 PM,1,DRIVER,,2014508,,CHEVROLET,COLORADO,IL,2021,UNKNOWN,UNKNOWN/NA,UNKNOWN/NA,W,BACKING,,,1,,,,,,,,,,Y,,,,,,,,REAR,,,,,,,,,,,,,,,,,,,,,,,,,,,,,,,,,
2113143,d049d943fabcc9cbdd072c6d58c311cd2deb416a5dc8a1be0600ebafa20489c940a9a95624e4f46553e342cab6b38f350d4ed6109845b2d943f0c4efe114b03d,07/23/2025 07:15:00 PM,2,DRIVER,,2014511,,INFINITI,OTHER (EXPLAIN IN NARRATIVE),IL,2013,UNKNOWN,PASSENGER,UNKNOWN/NA,N,STRAIGHT AHEAD,,,1,,,,,,,Y,Y,,,,,,,,,,SIDE-LEFT,,,,,,,,,,,,,,,,,,,,,,,,,,,,,,,,,
2113066,54c89750e9e584f4b27c46b3be71433c6122ca0907b8989f7bf2156b54c3e258f1d32c3a1a61d894f4feb2eaf44be9f01d880c2572228243012b42d3765ab1bd,07/23/2025 07:11:00 PM,2,DRIVER,1,2014412,,JEEP,CHEROKEE,IL,2012,NONE,PASSENGER,PERSONAL,S,STRAIGHT AHEAD,,,2,,,,,,N,Y,Y,,,,,,,,,,SIDE-LEFT,,,,,,,,,,,,,,,,,,,,,,,,,,,,,,,,,
2113067,54c89750e9e584f4b27c46b3be71433c6122ca0907b8989f7bf2156b54c3e258f1d32c3a1a61d894f4feb2eaf44be9f01d880c2572228243012b42d3765ab1bd,07/23/2025 07:11:00 PM,1,DRIVER,1,2014421,,AUDI,Q7,IL,2014,NONE,SPORT UTILITY VEHICLE (SUV),PERSONAL,E,STRAIGHT AHEAD,Y,,2,,unknown,,,Y,,,,,,,,,,,Y,,FRONT,,,,,,,,,,,,,,,,,,,,,,,,,,,,,,,,,
2113002,6007fb18ec76f686b81b9901b3c8c8f136fbbb6b262ce7f52babb3b3f4c656cd5235f9193f5187612bd16a79ced66913304f33ae7e7f5269c2ccdd7cc133c68a,07/23/2025 07:00:00 PM,1,DRIVER,3,2014356,,CHEVROLET,HHR,IL,2009,NONE,PASSENGER,PERSONAL,NW,PASSING/OVERTAKING,N,,4,,,,,Y,,,,,,,,Y,Y,Y,Y,Y,FRONT-RIGHT-CORNER,,,,,,,,,,,,,,,,,,,,,,,,,,,,,,,,,
2113003,6007fb18ec76f686b81b9901b3c8c8f136fbbb6b262ce7f52babb3b3f4c656cd5235f9193f5187612bd16a79ced66913304f33ae7e7f5269c2ccdd7cc133c68a,07/23/2025 07:00:00 PM,2,DRIVER,,2014393,,CHEVROLET,TAHOE,IL,2019,NONE,PASSENGER,PERSONAL,N,STRAIGHT AHEAD,,,1,,,,,,,,,,Y,Y,N,,,,,Y,REAR-LEFT-CORNER,,,,,,,,,,,,,,,,,,,,,,,,,,,,,,,,,
2113004,6007fb18ec76f686b81b9901b3c8c8f136fbbb6b262ce7f52babb3b3f4c656cd5235f9193f5187612bd16a79ced66913304f33ae7e7f5269c2ccdd7cc133c68a,07/23/2025 07:00:00 PM,3,DRIVER,1,2014396,N,FORD,VAN,IL,2016,NONE,VAN/MINI-VAN,CONSTRUCTION/MAINTENANCE,N,STRAIGHT AHEAD,,,2,,,,,,,,,,,Y,Y,Y,,,,Y,REAR-LEFT-CORNER,,,,,,,,,,,,,,,,,,,,,,,,,,,,,,,,,
2113444,f38c799f2e0661b62dab3d4f068cb736c2c8d3d278b2a30bd095febca05a7f75ca485582dd70f2e60b213b9365972a6bd7157e53937d95d4fb4bc09f07b73991,07/23/2025 07:00:00 PM,1,DRIVER,,2014770,,UNKNOWN,MOTORIZED,IL,,UNKNOWN,UNKNOWN/NA,UNKNOWN/NA,UNKNOWN,UNKNOWN/NA,,,1,,,,,,,,,,,,,,,,,,UNKNOWN,,,,,,,,,,,,,,,,,,,,,,,,,,,,,,,,,
2113445,f38c799f2e0661b62dab3d4f068cb736c2c8d3d278b2a30bd095febca05a7f75ca485582dd70f2e60b213b9365972a6bd7157e53937d95d4fb4bc09f07b73991,07/23/2025 07:00:00 PM,2,PARKED,,2014775,,FORD,FUSION,IL,2016,UNKNOWN,PASSENGER,PERSONAL,S,PARKED,,,0,,,,,,,,,,,,,Y,Y,Y,,,SIDE-LEFT-FRONT,,,,,,,,,,,,,,,,,,,,,,,,,,,,,,,,,
2112984,16a5d897c6c1911c13ea023446b51d67f14c056ba1343b9b8113738bec780b7845a37f64439f5eb2ed9deb0d2602b5512e840c856aeefbdba6136dbd07d66a97,07/23/2025 06:50:00 PM,1,DRIVER,,2014326,,TOYOTA,OTHER (EXPLAIN IN NARRATIVE),IL,2010,UNKNOWN,SPORT UTILITY VEHICLE (SUV),PERSONAL,S,TURNING LEFT,,,1,,,,,,,,,,,,,,,,Y,,FRONT,,,,,,,,,,,,,,,,,,,,,,,,,,,,,,,,,
2112985,16a5d897c6c1911c13ea023446b51d67f14c056ba1343b9b8113738bec780b7845a37f64439f5eb2ed9deb0d2602b5512e840c856aeefbdba6136dbd07d66a97,07/23/2025 06:50:00 PM,2,DRIVER,2,2014338,,LEXUS,RX330,MN,2004,NONE,SPORT UTILITY VEHICLE (SUV),PERSONAL,E,TURNING LEFT,,,3,,,,,,,,,,,Y,Y,,,,,,SIDE-LEFT-REAR,,,,,,,,,,,,,,,,,,,,,,,,,,,,,,,,,
2118596,37b068192b7c8371b04588eaeca1272b90119f1fd21faa2e1df2a42caf60ff9a090b9e22dfd4d30ed16f57b2207eb025180b3e0200c43b53c4e8858f60390801,07/23/2025 06:45:00 PM,1,DRIVER,,2019632,,TOYOTA,TERCEL,IL,2025,UNKNOWN,PASSENGER,PERSONAL,UNKNOWN,UNKNOWN/NA,,,1,,,,,,,,,,,,,,,,,,UNKNOWN,,,,,,,,,,,,,,,,,,,,,,,,,,,,,,,,,
2118597,37b068192b7c8371b04588eaeca1272b90119f1fd21faa2e1df2a42caf60ff9a090b9e22dfd4d30ed16f57b2207eb025180b3e0200c43b53c4e8858f60390801,07/23/2025 06:45:00 PM,2,DRIVER,,2019648,,VOLVO,OTHER (EXPLAIN IN NARRATIVE),IL,2015,UNKNOWN,PASSENGER,PERSONAL,UNKNOWN,UNKNOWN/NA,,,1,,,,,,,,,,,Y,Y,Y,Y,Y,,,SIDE-LEFT,,,,,,,,,,,,,,,,,,,,,,,,,,,,,,,,,
2113022,b5cbea863f696106e0f63292b2bc12fd513a3f7b43337e00c595b0eaa4340bcfcfddb4a903a3889d14914626564b3633d916e23f2e99cd77a6e4b8b330051ae0,07/23/2025 06:42:00 PM,1,DRIVER,,2014359,,KTM,KTM,IL,2020,UNKNOWN,MOTORCYCLE (OVER 150CC),UNKNOWN/NA,N,STRAIGHT AHEAD,Y,,1,,chicago,pound,,Y,,,,,,,,,,Y,Y,,FRONT,,,,,,,,,,,,,,,,,,,,,,,,,,,,,,,,,
2113023,b5cbea863f696106e0f63292b2bc12fd513a3f7b43337e00c595b0eaa4340bcfcfddb4a903a3889d14914626564b3633d916e23f2e99cd77a6e4b8b330051ae0,07/23/2025 06:42:00 PM,2,DRIVER,1,2014371,,CHEVROLET,EQUINOX,IL,2017,UNKNOWN,PASSENGER,PERSONAL,N,U-TURN,,,2,,,,,,,,,Y,Y,,,,,,,,REAR-RIGHT-CORNER,,,,,,,,,,,,,,,,,,,,,,,,,,,,,,,,,
2113030,2d5fbb30dd070d8543347260dbe0fd7195d329aeeea186c9d626b0a917ada872dfad4f9711b821ceeda8de555b339fa553d995f8f1fd3f7abdfac44b9619b9de,07/23/2025 06:40:00 PM,1,DRIVER,,2014370,,DODGE,GRAND CARAVAN,KY,2013,UNKNOWN,VAN/MINI-VAN,UNKNOWN/NA,S,BACKING,,,1,,,,,,,,,,,,,,,,,Y,REAR,,,,,,,,,,,,,,,,,,,,,,,,,,,,,,,,,
2113031,2d5fbb30dd070d8543347260dbe0fd7195d329aeeea186c9d626b0a917ada872dfad4f9711b821ceeda8de555b339fa553d995f8f1fd3f7abdfac44b9619b9de,07/23/2025 06:40:00 PM,2,PARKED,,2014379,,DODGE,RAM 1500 PU,IN,2015,UNKNOWN,PICKUP,PERSONAL,S,PARKED,,,0,,,,,,,,,,,,,,,,Y,,FRONT,,,,,,,,,,,,,,,,,,,,,,,,,,,,,,,,,
2113038,18c97b5d38209795b2ae7565ad84356047fac04781ffcf9c7d5d9e04fc9e3fa38fab086b16bc39d885457b4db39bf1b3f4e069e0f706b746589a36c5074d47fc,07/23/2025 06:38:00 PM,1,DRIVER,,2014378,,CHRYSLER,GRAND VOYAGER,IN,2000,UNKNOWN,PASSENGER,PERSONAL,W,STRAIGHT AHEAD,,,1,,,,,N,,,,,N,,,,,N,Y,,FRONT,,,,,,,,,,,,,,,,,,,,,,,,,,,,,,,,,
2113039,18c97b5d38209795b2ae7565ad84356047fac04781ffcf9c7d5d9e04fc9e3fa38fab086b16bc39d885457b4db39bf1b3f4e069e0f706b746589a36c5074d47fc,07/23/2025 06:38:00 PM,2,DRIVER,,2014385,,TOYOTA,PRIUS,,2006,UNKNOWN,PASSENGER,PERSONAL,W,STRAIGHT AHEAD,,,1,,,,,,,,,,Y,,,,,,,,REAR,,,,,,,,,,,,,,,,,,,,,,,,,,,,,,,,,
2113034,81ddc84777abeb7c2133abe505f2de4b3146dd518209cb73a6a3cb62c2275a90a04a431d8bebc11dd79390cf68354cec814d834ff95a979f193d719878684702,07/23/2025 06:36:00 PM,1,DRIVER,,2014381,,FORD,EDGE,IL,2012,UNKNOWN,PASSENGER,PERSONAL,E,TURNING LEFT,,,1,,,,,Y,,,,,,,,,,Y,Y,,FRONT,,,,,,,,,,,,,,,,,,,,,,,,,,,,,,,,,
2113035,81ddc84777abeb7c2133abe505f2de4b3146dd518209cb73a6a3cb62c2275a90a04a431d8bebc11dd79390cf68354cec814d834ff95a979f193d719878684702,07/23/2025 06:36:00 PM,2,DRIVER,1,2014389,,JEEP,RENEGADE,IL,2016,NONE,PASSENGER,PERSONAL,W,STRAIGHT AHEAD,Y,,2,,,,,Y,,,,,,Y,Y,Y,Y,Y,Y,,SIDE-LEFT,,,,,,,,,,,,,,,,,,,,,,,,,,,,,,,,,
2113107,f045a7eb686ed4dc449bdb14e89d3829d49e3b78aed594c7ea94797eba930aeaf608986f48f801c19ae95f96927399963dd72f5fed2a1c192382efef5a9793f8,07/23/2025 06:31:00 PM,1,DRIVER,,2014450,,NISSAN,OTHER (EXPLAIN IN NARRATIVE),IL,2005,UNKNOWN,VAN/MINI-VAN,PERSONAL,W,STRAIGHT AHEAD,,,1,,,,,,,,,,,,,,,,,,FRONT-RIGHT-CORNER,,,,,,,,,,,,,,,,,,,,,,,,,,,,,,,,,
2113108,f045a7eb686ed4dc449bdb14e89d3829d49e3b78aed594c7ea94797eba930aeaf608986f48f801c19ae95f96927399963dd72f5fed2a1c192382efef5a9793f8,07/23/2025 06:31:00 PM,2,DRIVER,,2014456,,ACURA,ADX,IL,2019,NONE,PASSENGER,PERSONAL,W,STRAIGHT AHEAD,N,,1,,,,,Y,,,,,,,,,Y,Y,Y,,FRONT-LEFT-CORNER,,,,,,,,,,,,,,,,,,,,,,,,,,,,,,,,,