CRASH_UNIT_ID,CRASH_RECORD_ID,CRASH_DATE,UNIT_NO,UNIT_TYPE,NUM_PASSENGERS,VEHICLE_ID,CMRC_VEH_I,MAKE,MODEL,LIC_PLATE_STATE,VEHICLE_YEAR,VEHICLE_DEFECT,VEHICLE_TYPE,VEHICLE_USE,TRAVEL_DIRECTION,MANEUVER,TOWED_I,FIRE_I,OCCUPANT_CNT,EXCEED_SPEED_LIMIT_I,TOWED_BY,TOWED_TO,AREA_00_I,AREA_01_I,AREA_02_I,AREA_03_I,AREA_04_I,AREA_05_I,AREA_06_I,AREA_07_I,AREA_08_I,AREA_09_I,AREA_10_I,AREA_11_I,AREA_12_I,AREA_99_I,FIRST_CONTACT_POINT,CMV_ID,USDOT_NO,CCMC_NO,ILCC_NO,COMMERCIAL_SRC,GVWR,CARRIER_NAME,CARRIER_STATE,CARRIER_CITY,HAZMAT_PLACARDS_I,HAZMAT_NAME,UN_NO,HAZMAT_PRESENT_I,HAZMAT_REPORT_I,HAZMAT_REPORT_NO,MCS_REPORT_I,MCS_REPORT_NO,HAZMAT_VIO_CAUSE_CRASH_I,MCS_VIO_CAUSE_CRASH_I,IDOT_PERMIT_NO,WIDE_LOAD_I,TRAILER1_WIDTH,TRAILER2_WIDTH,TRAILER1_LENGTH,TRAILER2_LENGTH,TOTAL_VEHICLE_LENGTH,AXLE_CNT,VEHICLE_CONFIG,CARGO_BODY_TYPE,LOAD_TYPE,HAZMAT_OUT_OF_SERVICE_I,MCS_OUT_OF_SERVICE_I,HAZMAT_CLASS
2113012,3805cee597493d7f9856d848bf9df501e23a91a53ae345b320cb31506ad9af0da583aa141baa793173e7a05ff99bca579a372e2de3bbe5609f029ce26a7f91f1,07/23/2025 06:30:00 PM,1,DRIVER,,2014351,,GENERAL MOTORS CORPORATION (GMC),JIMMY,IL,2001,NONE,SPORT UTILITY VEHICLE (SUV),PERSONAL,W,STARTING IN TRAFFIC,,,1,,,,,,,,,,,,,,,,Y,,FRONT,,,,,,,,,,,,,,,,,,,,,,,,,,,,,,,,,
2113013,3805cee597493d7f9856d848bf9df501e23a91a53ae345b320cb31506ad9af0da583aa141baa793173e7a05ff99bca579a372e2de3bbe5609f029ce26a7f91f1,07/23/2025 06:30:00 PM,2,DRIVER,2,2014358,,TOYOTA,CAMRY,IL,2020,NONE,PASSENGER,PERSONAL,W,SLOW/STOP IN TRAFFIC,,,3,,,,,,,,,,Y,,,,,,,,REAR,,,,,,,,,,,,,,,,,,,,,,,,,,,,,,,,,
2112958,a3c20f322a4ae2a81c3b2ffbee37e6045e94b1d0e0ceb1f72da569a92cc2f7107269b1898506c1b18123ef4e9a700e24f71a196385237086fc1c22d73a216803,07/23/2025 06:30:00 PM,1,DRIVER,,2014298,,NISSAN,ROGUE,IL,2014,NONE,PASSENGER,PERSONAL,UNKNOWN,STRAIGHT AHEAD,,,1,,,,,Y,Y,,,,,,,,,,Y,,FRONT-RIGHT-CORNER,,,,,,,,,,,,,,,,,,,,,,,,,,,,,,,,,
2112959,a3c20f322a4ae2a81c3b2ffbee37e6045e94b1d0e0ceb1f72da569a92cc2f7107269b1898506c1b18123ef4e9a700e24f71a196385237086fc1c22d73a216803,07/23/2025 06:30:00 PM,2,DRIVER,,2014303,,TOYOTA,RAV4,IL,2021,NONE,PASSENGER,PERSONAL,UNKNOWN,PASSING/OVERTAKING,,,1,,,,,,,,,,,Y,Y,Y,,,,,SIDE-LEFT,,,,,,,,,,,,,,,,,,,,,,,,,,,,,,,,,
2112992,da267738b8ac51b5030c355cb1f152bf1f65e97ea7b45f00294494e4247a6ff748dd45f49bc41a7e5cbe6a00bd27f88a271259c40fdcd94dd10449fde36bb25a,07/23/2025 06:30:00 PM,1,DRIVER,,2014343,,KIA,OPTIMA / K5,IL,2013,UNKNOWN,PASSENGER,PERSONAL,E,STRAIGHT AHEAD,,,1,,,,,Y,,,,,,,,,,Y,Y,,FRONT,,,,,,,,,,,,,,,,,,,,,,,,,,,,,,,,,
2112993,da267738b8ac51b5030c355cb1f152bf1f65e97ea7b45f00294494e4247a6ff748dd45f49bc41a7e5cbe6a00bd27f88a271259c40fdcd94dd10449fde36bb25a,07/23/2025 06:30:00 PM,2,DRIVER,2,2014347,,CHEVROLET,CAVALIER,IL,2001,UNKNOWN,PASSENGER,PERSONAL,N,STRAIGHT AHEAD,,,3,,,,,,,,,,,Y,Y,Y,Y,Y,,,SIDE-LEFT,,,,,,,,,,,,,,,,,,,,,,,,,,,,,,,,,
2112962,de6650e1f685c8a95c4b8cb8de57511eb26ad033b4ec21d098485018df0e0a325179fbfc6a04ce30b1532228942ab5449081907ebb39b83b2648f2029290e6cd,07/23/2025 06:28:00 PM,1,DRIVER,1,2014301,,CHEVROLET,MALIBU,IL,2019,UNKNOWN,PASSENGER,PERSONAL,UNKNOWN,TURNING LEFT,Y,,2,,CITY OF CHICAGO,103/DOTY,,Y,,,,,,,,,,Y,Y,,FRONT,,,,,,,,,,,,,,,,,,,,,,,,,,,,,,,,,
2112963,de6650e1f685c8a95c4b8cb8de57511eb26ad033b4ec21d098485018df0e0a325179fbfc6a04ce30b1532228942ab5449081907ebb39b83b2648f2029290e6cd,07/23/2025 06:28:00 PM,2,DRIVER,,2014330,,FORD,F350,IL,1999,UNKNOWN,PICKUP,LAWN CARE/LANDSCAPING,UNKNOWN,STRAIGHT AHEAD,,,1,,,,,Y,Y,Y,Y,,,,,,,,,,SIDE-RIGHT,,,,,,,,,,,,,,,,,,,,,,,,,,,,,,,,,
2112978,7c1065d7b377ce85937f6dacf35617e1b3894fbfca3bd87b92900c283ab48e7b8edeaf26587cfdb32d99ef2531d224cf09b2300f5f0262a5d318661075d8b415,07/23/2025 06:21:00 PM,1,DRIVER,,2014322,,JEEP,GRAND CHEROKEE,IL,2015,UNKNOWN,PASSENGER,PERSONAL,W,STRAIGHT AHEAD,Y,,1,,PERSONAL,PERSONAL,,Y,,,,,,,,,,Y,Y,,FRONT,,,,,,,,,,,,,,,,,,,,,,,,,,,,,,,,,
2112979,7c1065d7b377ce85937f6dacf35617e1b3894fbfca3bd87b92900c283ab48e7b8edeaf26587cfdb32d99ef2531d224cf09b2300f5f0262a5d318661075d8b415,07/23/2025 06:21:00 PM,2,DRIVER,,2014331,,CHRYSLER,200,IL,2016,UNKNOWN,PASSENGER,PERSONAL,N,TURNING LEFT,Y,,1,,PERSONAL,PERSONAL,,Y,Y,Y,,,,,,,,,Y,,OTHER,,,,,,,,,,,,,,,,,,,,,,,,,,,,,,,,,
2113064,2059579946e21e06bec9ddcad63bada8f35dac96d3e000a735552aa75ce1cb13f2751d253a2788b658478af3d8317d0fd85680c6d891b7c672d4080958f4a0d2,07/23/2025 06:20:00 PM,1,BICYCLE,,,,,,,,,,,,,,,,,,,,,,,,,,,,,,,,,,,,,,,,,,,,,,,,,,,,,,,,,,,,,,,,,,
2113065,2059579946e21e06bec9ddcad63bada8f35dac96d3e000a735552aa75ce1cb13f2751d253a2788b658478af3d8317d0fd85680c6d891b7c672d4080958f4a0d2,07/23/2025 06:20:00 PM,2,DRIVER,1,2014415,,LEXUS,RX,IL,2024,UNKNOWN,SPORT UTILITY VEHICLE (SUV),PERSONAL,E,TURNING RIGHT,,,2,,,,,,,,,,Y,,,,,,,,REAR,,,,,,,,,,,,,,,,,,,,,,,,,,,,,,,,,
2112994,7191b131af2f018bbaa950cfe37e442738ff4256dae05131e8f93c8f31c13ceb60335fa4d13d7ea77a87942ed451f3f81609ab8137bc2442dac84df48e76e46f,07/23/2025 06:20:00 PM,1,DRIVER,,2014349,,DODGE,DURANGO,IL,2020,NONE,PASSENGER,PERSONAL,N,STRAIGHT AHEAD,,,1,,,,,Y,,,,,,,,,,Y,Y,,FRONT,,,,,,,,,,,,,,,,,,,,,,,,,,,,,,,,,
2112995,7191b131af2f018bbaa950cfe37e442738ff4256dae05131e8f93c8f31c13ceb60335fa4d13d7ea77a87942ed451f3f81609ab8137bc2442dac84df48e76e46f,07/23/2025 06:20:00 PM,2,DRIVER,,2014353,,NISSAN,SENTRA,IL,2021,NONE,PASSENGER,PERSONAL,N,STRAIGHT AHEAD,,,1,,,,,,,,,Y,Y,Y,,,,,,,REAR,,,,,,,,,,,,,,,,,,,,,,,,,,,,,,,,,
2112988,2cf9e1d4bfceff46f12ce7604883cb228aaeac7ef067814ec8cd2c2616d51a6544436faf04546187c93ab41de90fcaad7be0d2ec8a8b233fbeacb491ecebf3e7,07/23/2025 06:18:00 PM,1,DRIVER,,2014328,,NISSAN,ROGUE,IL,2014,UNKNOWN,PASSENGER,UNKNOWN/NA,W,STRAIGHT AHEAD,,,1,,,,,,,,,,,,,,,Y,,,FRONT-LEFT-CORNER,,,,,,,,,,,,,,,,,,,,,,,,,,,,,,,,,
2112989,2cf9e1d4bfceff46f12ce7604883cb228aaeac7ef067814ec8cd2c2616d51a6544436faf04546187c93ab41de90fcaad7be0d2ec8a8b233fbeacb491ecebf3e7,07/23/2025 06:18:00 PM,2,DRIVER,,2014337,,TOYOTA,RAV4,IL,2021,UNKNOWN,PASSENGER,UNKNOWN/NA,W,SLOW/STOP IN TRAFFIC,,,1,,,,,,,,,Y,,,,,,,,,REAR-RIGHT-CORNER,,,,,,,,,,,,,,,,,,,,,,,,,,,,,,,,,
2113171,79ffd5207f4dc9b43c19fc359ba70edeb00e487d52a70aac814ccdbb4f96e3d4e01b0b3b62809855b0b83e91ee45e59b9ac184189d5739a8af4759ddcd4a45d0,07/23/2025 06:18:00 PM,1,DRIVER,,2014513,,GENESIS,G70,IL,2024,NONE,SPORT UTILITY VEHICLE (SUV),UNKNOWN/NA,E,TURNING RIGHT,,,1,,,,,,,,,,,,,,,Y,,,FRONT-RIGHT-CORNER,,,,,,,,,,,,,,,,,,,,,,,,,,,,,,,,,
2113172,79ffd5207f4dc9b43c19fc359ba70edeb00e487d52a70aac814ccdbb4f96e3d4e01b0b3b62809855b0b83e91ee45e59b9ac184189d5739a8af4759ddcd4a45d0,07/23/2025 06:18:00 PM,2,DRIVER,,2014514,,TOYOTA,HIGHLANDER,IL,2003,NONE,SPORT UTILITY VEHICLE (SUV),PERSONAL,E,TURNING RIGHT,,,1,,,,,,,,,Y,,,,,,,,,REAR-LEFT-CORNER,,,,,,,,,,,,,,,,,,,,,,,,,,,,,,,,,
2113050,b1f40152ee0357d56cc9e6328702ce30261ef719e46ea3c04ec2ebddd0f253eb121e0b7c83ffda3716b18a6ab20850f0fa2d984950833f790d8ed4c5d2b726e1,07/23/2025 06:17:00 PM,1,DRIVER,1,2014403,,HYUNDAI,GENESIS,IL,2009,UNKNOWN,PASSENGER,PERSONAL,N,STRAIGHT AHEAD,Y,,2,,city of chicago,701 n Sacramento ave,,Y,Y,Y,,,,,,,,Y,Y,,FRONT-RIGHT-CORNER,,,,,,,,,,,,,,,,,,,,,,,,,,,,,,,,,
2113051,b1f40152ee0357d56cc9e6328702ce30261ef719e46ea3c04ec2ebddd0f253eb121e0b7c83ffda3716b18a6ab20850f0fa2d984950833f790d8ed4c5d2b726e1,07/23/2025 06:17:00 PM,2,PARKED,,2014416,,KIA,OTHER (EXPLAIN IN NARRATIVE),IL,2025,NONE,PASSENGER,PERSONAL,UNKNOWN,PARKED,,,0,,,,,,,,,,,,,Y,Y,Y,,,SIDE-LEFT,,,,,,,,,,,,,,,,,,,,,,,,,,,,,,,,,
2113046,1d26bb77cc5198129b1a79744dd0d1f78ae3d976cde3e93bc1511e64d74e345f6c96a2972a4e3e5acae8eadec7eae56b914621ecbc38ed07af650dc9d5694e76,07/23/2025 06:15:00 PM,1,DRIVER,,2014392,,NISSAN,ALTIMA,IL,2018,UNKNOWN,PASSENGER,TAXI/FOR HIRE,NW,CHANGING LANES,,,1,,,,,Y,,,,,,,,,,,,,FRONT-RIGHT-CORNER,,,,,,,,,,,,,,,,,,,,,,,,,,,,,,,,,
2113047,1d26bb77cc5198129b1a79744dd0d1f78ae3d976cde3e93bc1511e64d74e345f6c96a2972a4e3e5acae8eadec7eae56b914621ecbc38ed07af650dc9d5694e76,07/23/2025 06:15:00 PM,2,DRIVER,,2014395,,VOLKSWAGEN,GOLF,IL,2024,NONE,PASSENGER,PERSONAL,NW,STRAIGHT AHEAD,,,1,,,,,,,,,,,,Y,Y,,,,,SIDE-LEFT-REAR,,,,,,,,,,,,,,,,,,,,,,,,,,,,,,,,,
2113074,b904313cd5d3c5146d2d6678d3c341676d0a334b63f8a84f6372124f83329d8d4aae0359d55a572e9fb15523f31fa98500a09f5f0bd5045277f0bc072e0ce128,07/23/2025 06:15:00 PM,1,DRIVER,,2014419,,UNKNOWN,MOTORIZED,,,NONE,SPORT UTILITY VEHICLE (SUV),PERSONAL,S,BACKING,,,1,,,,,,,,,Y,Y,N,,,,,,,REAR-RIGHT-CORNER,,,,,,,,,,,,,,,,,,,,,,,,,,,,,,,,,
2113075,b904313cd5d3c5146d2d6678d3c341676d0a334b63f8a84f6372124f83329d8d4aae0359d55a572e9fb15523f31fa98500a09f5f0bd5045277f0bc072e0ce128,07/23/2025 06:15:00 PM,2,PARKED,,2014463,,TOYOTA,HIGHLANDER,IL,2021,NONE,SPORT UTILITY VEHICLE (SUV),PERSONAL,E,PARKED,,,0,,,,,,,,,,,Y,,,,,,,REAR-LEFT-CORNER,,,,,,,,,,,,,,,,,,,,,,,,,,,,,,,,,
2112953,37047ace6e39c4a09f12bd778c4ef3ce6da23cbb59fb7c66e9ca3ad0f71f8c9e2f54440879894ae65e34f9df32ab49433bfb9d554af9c9e12eb1e9ea9f4aca56,07/23/2025 06:12:00 PM,1,DRIVER,,2014291,,SUBARU,FORESTER,IL,2002,NONE,SPORT UTILITY VEHICLE (SUV),PERSONAL,N,BACKING,,,1,,,,,,,,,Y,Y,Y,,,,,,,REAR,,,,,,,,,,,,,,,,,,,,,,,,,,,,,,,,,
2112954,37047ace6e39c4a09f12bd778c4ef3ce6da23cbb59fb7c66e9ca3ad0f71f8c9e2f54440879894ae65e34f9df32ab49433bfb9d554af9c9e12eb1e9ea9f4aca56,07/23/2025 06:12:00 PM,2,DRIVER,,2014309,,HYUNDAI,SONATA,IL,2017,NONE,PASSENGER,PERSONAL,S,STRAIGHT AHEAD,,,1,,,,,Y,,,,,,,,,,Y,Y,,FRONT,,,,,,,,,,,,,,,,,,,,,,,,,,,,,,,,,
2112935,7fe9f4e0c53ed4ddcdfd8d79b262b2b9fbaf3ecdaaab03961c67314ddbdba5d9d0df028ea1212722e07fe356efecc1b8bb833b7f06de8ea88814fb7074f1a191,07/23/2025 06:10:00 PM,1,DRIVER,,2014276,,HONDA,PILOT,IL,2005,OTHER,PASSENGER,UNKNOWN/NA,UNKNOWN,STRAIGHT AHEAD,,,1,,,,,,,,,,,,,,,,,Y,UNKNOWN,,,,,,,,,,,,,,,,,,,,,,,,,,,,,,,,,
2112936,7fe9f4e0c53ed4ddcdfd8d79b262b2b9fbaf3ecdaaab03961c67314ddbdba5d9d0df028ea1212722e07fe356efecc1b8bb833b7f06de8ea88814fb7074f1a191,07/23/2025 06:10:00 PM,2,PARKED,1,2014282,,KIA,OPTIMA / K5,IL,2012,UNKNOWN,PASSENGER,UNKNOWN/NA,N,PARKED,,,1,,,,,,,,,Y,,,,,,,,,REAR-RIGHT-CORNER,,,,,,,,,,,,,,,,,,,,,,,,,,,,,,,,,
2113451,fe884f94380a50f07d817c65ee4c87bf10274a0090f7d9969482ce67e73dcb7a03a46d2c82d4f7504d8535ef73c50aa59c29ad42ad60b61ba7c5965fd8fd01cb,07/23/2025 06:02:00 PM,1,DRIVER,,2014783,,LINCOLN,OTHER (EXPLAIN IN NARRATIVE),IL,2025,UNKNOWN,OTHER,OTHER,N,STRAIGHT AHEAD,,,1,,,,,Y,,,,,,,,,,Y,Y,,FRONT,,,,,,,,,,,,,,,,,,,,,,,,,,,,,,,,,
2113452,fe884f94380a50f07d817c65ee4c87bf10274a0090f7d9969482ce67e73dcb7a03a46d2c82d4f7504d8535ef73c50aa59c29ad42ad60b61ba7c5965fd8fd01cb,07/23/2025 06:02:00 PM,2,PEDESTRIAN,,,,,,,,,,,,,,,,,,,,,,,,,,,,,,,,,,,,,,,,,,,,,,,,,,,,,,,,,,,,,,,,,,
2113027,2fe0220001bcc0380d957a199059a3c792e37909ec305352d3abe3bf3e8cb0c82e1671e7582f8121d44787ace6645f7e38b8f482f7516d0db5ef7118c87e262b,07/23/2025 06:01:00 PM,1,DRIVER,4,2014364,,HYUNDAI,ELANTRA,IL,2020,NONE,PASSENGER,PERSONAL,N,TURNING RIGHT,Y,,5,,CITY OF CHICAGO,POUND 2,,,,,,,,,,Y,Y,Y,Y,,FRONT-LEFT-CORNER,,,,,,,,,,,,,,,,,,,,,,,,,,,,,,,,,
2112947,d7ed55a9623e8cade492c66d783666d397026b72a6e4566d2baf154f1ada859f2044e7d404df7339bb3b2c9f994f68b1455ebf858351aa23a308e547816b790f,07/23/2025 06:01:00 PM,1,DRIVER,,2014325,,CHEVROLET,EQUINOX,IL,2020,NONE,SPORT UTILITY VEHICLE (SUV),PERSONAL,W,STRAIGHT AHEAD,,,1,,,,Y,,,,,,,,,,,,,,NONE,,,,,,,,,,,,,,,,,,,,,,,,,,,,,,,,,
2112948,d7ed55a9623e8cade492c66d783666d397026b72a6e4566d2baf154f1ada859f2044e7d404df7339bb3b2c9f994f68b1455ebf858351aa23a308e547816b790f,07/23/2025 06:01:00 PM,2,DRIVER,,2014334,,NOVA BUS,OTHER (EXPLAIN IN NARRATIVE),IL,2016,NONE,BUS OVER 15 PASS.,CTA,W,STRAIGHT AHEAD,,,1,,,,,,,,,,,Y,,,,,,,REAR-LEFT-CORNER,,,,,,,,,,,,,,,,,,,,,,,,,,,,,,,,,
2113743,1591eb2b7dec6e4cc804e093ae2fa68fcfd74551e9bd32df7ac954fd23210ef8e03480bc5fb29b1365af747a88ece540444acc0114d669ae91c82dac60e3b9b2,07/23/2025 06:00:00 PM,1,DRIVER,,2015070,,VOLVO,V60,IL,2015,NONE,PASSENGER,PERSONAL,S,CHANGING LANES,,,1,,,,,,,,,,,Y,Y,Y,,,,,SIDE-LEFT,,,,,,,,,,,,,,,,,,,,,,,,,,,,,,,,,
2113744,1591eb2b7dec6e4cc804e093ae2fa68fcfd74551e9bd32df7ac954fd23210ef8e03480bc5fb29b1365af747a88ece540444acc0114d669ae91c82dac60e3b9b2,07/23/2025 06:00:00 PM,2,DRIVER,,2015075,,TOYOTA,RAV4,IL,2025,NONE,SPORT UTILITY VEHICLE (SUV),NOT IN USE,S,STRAIGHT AHEAD,,,1,,,,,Y,Y,Y,,,,,,,,,,,SIDE-RIGHT,,,,,,,,,,,,,,,,,,,,,,,,,,,,,,,,,
2112956,2c2aab495c1d5efac27f0e76dc23b47142b5b9dbec8dbaff3104d75b74e44c671a957c682127c7453eabf0d76fea38f1844085017522a8ae40cec57a832d27a0,07/23/2025 06:00:00 PM,1,DRIVER,,2014297,,CHRYSLER,300,IL,2016,UNKNOWN,PASSENGER,UNKNOWN/NA,UNKNOWN,UNKNOWN/NA,,,1,,,,,Y,,,,,,,,,,Y,Y,Y,UNKNOWN,,,,,,,,,,,,,,,,,,,,,,,,,,,,,,,,,
2112957,2c2aab495c1d5efac27f0e76dc23b47142b5b9dbec8dbaff3104d75b74e44c671a957c682127c7453eabf0d76fea38f1844085017522a8ae40cec57a832d27a0,07/23/2025 06:00:00 PM,2,DRIVER,,2014307,,JEEP,GRAND CHEROKEE,IL,2018,NONE,SPORT UTILITY VEHICLE (SUV),PERSONAL,W,STRAIGHT AHEAD,,,1,,,,,,,Y,Y,Y,Y,Y,,,,,,Y,REAR,,,,,,,,,,,,,,,,,,,,,,,,,,,,,,,,,
2113639,3c825847862a7bdd813aec210b6f65a4598811591262ce94b998cccced7be4d223c73b4f7f69dfc762d7ba6eb94826d5c6ad9e3d8a631652a5af99d45b9f22e8,07/23/2025 06:00:00 PM,1,DRIVER,1,2014952,,DODGE,DURANGO,IL,2017,NONE,PASSENGER,PERSONAL,S,CHANGING LANES,,,2,,,,,,,,,,,,,,,Y,Y,N,FRONT-LEFT-CORNER,,,,,,,,,,,,,,,,,,,,,,,,,,,,,,,,,
2113640,3c825847862a7bdd813aec210b6f65a4598811591262ce94b998cccced7be4d223c73b4f7f69dfc762d7ba6eb94826d5c6ad9e3d8a631652a5af99d45b9f22e8,07/23/2025 06:00:00 PM,2,DRIVER,,2014953,,FORD,FUSION,IL,2006,NONE,PASSENGER,PERSONAL,S,STRAIGHT AHEAD,,,1,,,,,Y,Y,Y,Y,,,,,,,,,,SIDE-RIGHT,,,,,,,,,,,,,,,,,,,,,,,,,,,,,,,,,
2113386,5f64dc11ef9b711fa683308340901d9728753dc56bed24d53cadaac12cf76c24595b111587e8006e7e9a1d06e4449598e47a18fc6345b9a6dc07d4b12a9b41de,07/23/2025 06:00:00 PM,1,DRIVER,,2014712,,FORD,F150,IL,2011,UNKNOWN,PASSENGER,UNKNOWN/NA,W,STRAIGHT AHEAD,,,1,,,,,Y,,,,,,,,,,,,,FRONT-RIGHT-CORNER,,,,,,,,,,,,,,,,,,,,,,,,,,,,,,,,,
2113387,5f64dc11ef9b711fa683308340901d9728753dc56bed24d53cadaac12cf76c24595b111587e8006e7e9a1d06e4449598e47a18fc6345b9a6dc07d4b12a9b41de,07/23/2025 06:00:00 PM,2,DRIVER,,2014715,,NISSAN,CUBE,IL,2009,UNKNOWN,PASSENGER,PERSONAL,W,STRAIGHT AHEAD,,,1,,,,,,,,,,,,,,Y,Y,,,FRONT-LEFT-CORNER,,,,,,,,,,,,,,,,,,,,,,,,,,,,,,,,,
2112955,af0759bb93241cd55940e10684acbb5788dc217f080963041c64ff7986ac7d8acb03502b319f0886d4a02bb209859e54e757789ee6c04163adea7712bd69faec,07/23/2025 06:00:00 PM,1,DRIVER,,2014295,,TOYOTA,CAMRY,IL,2008,NONE,PASSENGER,PERSONAL,N,STRAIGHT AHEAD,,,1,,,,,N,,,,,,,,,,Y,Y,,FRONT,,,,,,,,,,,,,,,,,,,,,,,,,,,,,,,,,
2112968,af0759bb93241cd55940e10684acbb5788dc217f080963041c64ff7986ac7d8acb03502b319f0886d4a02bb209859e54e757789ee6c04163adea7712bd69faec,07/23/2025 06:00:00 PM,2,BICYCLE,,,,,,,,,,,,,,,,,,,,,,,,,,,,,,,,,,,,,,,,,,,,,,,,,,,,,,,,,,,,,,,,,,
2112903,fe988cba198618d88a37290025fcd4025722cd11a1061b8d9bf367828e0fd0a4e6de53726db4b6f616cd8594cf353f9dea2876d6eaf7c7c11daf2a1a1b1d2a56,07/23/2025 05:56:00 PM,1,DRIVER,,2014254,,GENERAL MOTORS CORPORATION (GMC),SAVANNAH,IL,2014,NONE,VAN/MINI-VAN,PERSONAL,E,STRAIGHT AHEAD,,,1,,,,,,,,,,,,,,,,Y,,FRONT,,,,,,,,,,,,,,,,,,,,,,,,,,,,,,,,,
2112904,fe988cba198618d88a37290025fcd4025722cd11a1061b8d9bf367828e0fd0a4e6de53726db4b6f616cd8594cf353f9dea2876d6eaf7c7c11daf2a1a1b1d2a56,07/23/2025 05:56:00 PM,2,DRIVER,,2014248,,HYUNDAI,KONA,IL,2021,NONE,SPORT UTILITY VEHICLE (SUV),PERSONAL,E,SLOW/STOP IN TRAFFIC,,,1,,,,,,,,,Y,Y,Y,,,,,,,REAR,,,,,,,,,,,,,,,,,,,,,,,,,,,,,,,,,
2113105,d0c0342ba356eb9a193a0bae92d2ecfe08d135679b4de99ec97f6ec5505fce8ae37a248787cc90bc8b81557aa586707cd80f5c6dde3fa163a014f8727b663f10,07/23/2025 05:53:00 PM,1,PARKED,1,2014449,,TOYOTA,SIENNA,IL,2006,NONE,VAN/MINI-VAN,PERSONAL,E,PARKED,,,1,,,,,,,,,,,,,,,,,,NONE,,,,,,,,,,,,,,,,,,,,,,,,,,,,,,,,,
2113106,d0c0342ba356eb9a193a0bae92d2ecfe08d135679b4de99ec97f6ec5505fce8ae37a248787cc90bc8b81557aa586707cd80f5c6dde3fa163a014f8727b663f10,07/23/2025 05:53:00 PM,2,DRIVER,,2014454,,HONDA,CR-V,IL,2010,NONE,SPORT UTILITY VEHICLE (SUV),PERSONAL,E,PASSING/OVERTAKING,,,1,,,,,,Y,,Y,,,,,,,,,,SIDE-RIGHT,,,,,,,,,,,,,,,,,,,,,,,,,,,,,,,,,
2112960,f508cf6ab1f31ecb4311a18545b76f97835f7077c889ec768f23c46ad8c23d9e919079e5df1e6814b2303a272240363c54f6e8a8e6fee3366b540028161c51b3,07/23/2025 05:50:00 PM,1,DRIVER,3,2014312,,DODGE,RAM 1500 VAN,MN,2023,NONE,PASSENGER,PERSONAL,S,TURNING LEFT,,,4,,,,,Y,Y,,,,,,,,,,,,FRONT-RIGHT-CORNER,,,,,,,,,,,,,,,,,,,,,,,,,,,,,,,,,
2112961,f508cf6ab1f31ecb4311a18545b76f97835f7077c889ec768f23c46ad8c23d9e919079e5df1e6814b2303a272240363c54f6e8a8e6fee3366b540028161c51b3,07/23/2025 05:50:00 PM,2,DRIVER,,2014341,,LINCOLN,OTHER (EXPLAIN IN NARRATIVE),IL,2024,NONE,PASSENGER,PERSONAL,N,STRAIGHT AHEAD,,,1,,,,,,,,,,,,,,N,Y,,,FRONT-LEFT-CORNER,,,,,,,,,,,,,,,,,,,,,,,,,,,,,,,,,
2113454,c0b7828dc2539eca26a9e0a0d93a0415ecfbdbb81ae1adf66fcffc1ce2ee484bd91d422e23ce288bb68442b289b0392538e15c6f588ec2286d91c37ea1be324c,07/23/2025 05:47:00 PM,1,DRIVER,,2014779,,VOLKSWAGEN,ATLAS,IL,2018,UNKNOWN,SPORT UTILITY VEHICLE (SUV),UNKNOWN/NA,UNKNOWN,STRAIGHT AHEAD,,,1,,,,,Y,,,,,,,,,,,,,FRONT-RIGHT-CORNER,,,,,,,,,,,,,,,,,,,,,,,,,,,,,,,,,
2113455,c0b7828dc2539eca26a9e0a0d93a0415ecfbdbb81ae1adf66fcffc1ce2ee484bd91d422e23ce288bb68442b289b0392538e15c6f588ec2286d91c37ea1be324c,07/23/2025 05:47:00 PM,2,DRIVER,1,2014786,,GENERAL MOTORS CORPORATION (GMC),YUKON,IL,2017,NONE,SPORT UTILITY VEHICLE (SUV),PERSONAL,UNKNOWN,STRAIGHT AHEAD,,,2,,,,,,,,,,,,N,Y,Y,,,,SIDE-LEFT,,,,,,,,,,,,,,,,,,,,,,,,,,,,,,,,,
2112931,13e9f9e8c9073c1e4b02e3856a6d747c941bb68fe0a96558ce38e89dfd17a9d7deece0866f1d5fcbdad30b373561d43d063c0cbc0c4757a8a3e598fec652eaff,07/23/2025 05:46:00 PM,1,DRIVER,1,2014279,,MERCURY,GRAND MARQUIS,IL,2004,UNKNOWN,PASSENGER,PERSONAL,N,TURNING LEFT,,,2,,,,,,,,,Y,,,,,,,,,REAR-RIGHT-CORNER,,,,,,,,,,,,,,,,,,,,,,,,,,,,,,,,,
2112932,13e9f9e8c9073c1e4b02e3856a6d747c941bb68fe0a96558ce38e89dfd17a9d7deece0866f1d5fcbdad30b373561d43d063c0cbc0c4757a8a3e598fec652eaff,07/23/2025 05:46:00 PM,2,BICYCLE,,,,,,,,,,,,,,,,,,,,,,,,,,,,,,,,,,,,,,,,,,,,,,,,,,,,,,,,,,,,,,,,,,
2113005,1be74ca7955959ae506ca5f3e328feee41478a7370044d88eddc1933819a680722dc214c367226f6ffdaec3423f1fcc0a83a499eb24aac8fe8981975f866f3b9,07/23/2025 05:45:00 PM,1,DRIVER,,2014357,,AUDI,A4,IL,2014,NONE,PASSENGER,PERSONAL,W,STRAIGHT AHEAD,,,1,,,,,Y,Y,Y,,,,,,,,N,Y,,FRONT-RIGHT-CORNER,,,,,,,,,,,,,,,,,,,,,,,,,,,,,,,,,