CRASH_UNIT_ID,CRASH_RECORD_ID,CRASH_DATE,UNIT_NO,UNIT_TYPE,NUM_PASSENGERS,VEHICLE_ID,CMRC_VEH_I,MAKE,MODEL,LIC_PLATE_STATE,VEHICLE_YEAR,VEHICLE_DEFECT,VEHICLE_TYPE,VEHICLE_USE,TRAVEL_DIRECTION,MANEUVER,TOWED_I,FIRE_I,OCCUPANT_CNT,EXCEED_SPEED_LIMIT_I,TOWED_BY,TOWED_TO,AREA_00_I,AREA_01_I,AREA_02_I,AREA_03_I,AREA_04_I,AREA_05_I,AREA_06_I,AREA_07_I,AREA_08_I,AREA_09_I,AREA_10_I,AREA_11_I,AREA_12_I,AREA_99_I,FIRST_CONTACT_POINT,CMV_ID,USDOT_NO,CCMC_NO,ILCC_NO,COMMERCIAL_SRC,GVWR,CARRIER_NAME,CARRIER_STATE,CARRIER_CITY,HAZMAT_PLACARDS_I,HAZMAT_NAME,UN_NO,HAZMAT_PRESENT_I,HAZMAT_REPORT_I,HAZMAT_REPORT_NO,MCS_REPORT_I,MCS_REPORT_NO,HAZMAT_VIO_CAUSE_CRASH_I,MCS_VIO_CAUSE_CRASH_I,IDOT_PERMIT_NO,WIDE_LOAD_I,TRAILER1_WIDTH,TRAILER2_WIDTH,TRAILER1_LENGTH,TRAILER2_LENGTH,TOTAL_VEHICLE_LENGTH,AXLE_CNT,VEHICLE_CONFIG,CARGO_BODY_TYPE,LOAD_TYPE,HAZMAT_OUT_OF_SERVICE_I,MCS_OUT_OF_SERVICE_I,HAZMAT_CLASS
2113006,1be74ca7955959ae506ca5f3e328feee41478a7370044d88eddc1933819a680722dc214c367226f6ffdaec3423f1fcc0a83a499eb24aac8fe8981975f866f3b9,07/23/2025 05:45:00 PM,2,DRIVER,,2014380,,TOYOTA,RAV4,IL,2024,NONE,PASSENGER,PERSONAL,E,STRAIGHT AHEAD,,,1,,,,,,,,,,,,,,,Y,,,FRONT-LEFT-CORNER,,,,,,,,,,,,,,,,,,,,,,,,,,,,,,,,,
2113007,1be74ca7955959ae506ca5f3e328feee41478a7370044d88eddc1933819a680722dc214c367226f6ffdaec3423f1fcc0a83a499eb24aac8fe8981975f866f3b9,07/23/2025 05:45:00 PM,3,DRIVER,,2014394,,KIA,SPORTAGE,IL,2017,NONE,PASSENGER,PERSONAL,E,STRAIGHT AHEAD,,,1,,,,,,,,,,,,,,,Y,,,FRONT-LEFT-CORNER,,,,,,,,,,,,,,,,,,,,,,,,,,,,,,,,,
2113008,1be74ca7955959ae506ca5f3e328feee41478a7370044d88eddc1933819a680722dc214c367226f6ffdaec3423f1fcc0a83a499eb24aac8fe8981975f866f3b9,07/23/2025 05:45:00 PM,4,PARKED,,2014397,,SUBARU,FORESTER,FL,2020,NONE,PASSENGER,PERSONAL,E,PARKED,,,0,,,,,,,,,Y,,,,,,,,,REAR-RIGHT-CORNER,,,,,,,,,,,,,,,,,,,,,,,,,,,,,,,,,
2113009,1be74ca7955959ae506ca5f3e328feee41478a7370044d88eddc1933819a680722dc214c367226f6ffdaec3423f1fcc0a83a499eb24aac8fe8981975f866f3b9,07/23/2025 05:45:00 PM,5,PARKED,,2014401,,VOLKSWAGEN,JETTA,IN,2015,NONE,PASSENGER,PERSONAL,E,PARKED,,,0,,,,,Y,,,,,,,,,,,,,FRONT-RIGHT-CORNER,,,,,,,,,,,,,,,,,,,,,,,,,,,,,,,,,
2113059,1be74ca7955959ae506ca5f3e328feee41478a7370044d88eddc1933819a680722dc214c367226f6ffdaec3423f1fcc0a83a499eb24aac8fe8981975f866f3b9,07/23/2025 05:45:00 PM,6,PARKED,,2014408,,MERCEDES-BENZ,G-CLASS,IL,,NONE,PASSENGER,PERSONAL,E,PARKED,,,0,,,,,Y,,,,,,,,,,,,,FRONT-RIGHT-CORNER,,,,,,,,,,,,,,,,,,,,,,,,,,,,,,,,,
2113015,a065269da0895332050a274cf0a7615e7051ada1396c91a0d4340fc36e92c60bc74ea77825464990359bf8d6efd88d4fa7a11e027ba4d40094ec297b8cc2927e,07/23/2025 05:45:00 PM,1,DRIVER,,2014352,,LEXUS,GS,IL,2006,UNKNOWN,PASSENGER,PERSONAL,UNKNOWN,STRAIGHT AHEAD,,,1,,,,,Y,,,,,,,,,,Y,Y,,FRONT,,,,,,,,,,,,,,,,,,,,,,,,,,,,,,,,,
2113016,a065269da0895332050a274cf0a7615e7051ada1396c91a0d4340fc36e92c60bc74ea77825464990359bf8d6efd88d4fa7a11e027ba4d40094ec297b8cc2927e,07/23/2025 05:45:00 PM,2,DRIVER,,2014367,,JEEP,RENEGADE,IL,2018,UNKNOWN,SPORT UTILITY VEHICLE (SUV),PERSONAL,UNKNOWN,STRAIGHT AHEAD,,,1,,,,,,Y,Y,Y,,,,,,,,,,SIDE-RIGHT,,,,,,,,,,,,,,,,,,,,,,,,,,,,,,,,,
2112990,aad8a281e2aa49af0e09b2dfc0ed44cc56fdd2fbd79c551f41035d84cd60ba013fcb6932a74d1158beb079cf1ec4beaec1846ca56fb67d82c22189de375d8656,07/23/2025 05:45:00 PM,1,DRIVER,,2014340,,CHEVROLET,TRAIL BLAZER,IL,,UNKNOWN,PASSENGER,UNKNOWN/NA,N,STRAIGHT AHEAD,,,1,,,,,,Y,Y,Y,,,,,,,,,,SIDE-RIGHT,,,,,,,,,,,,,,,,,,,,,,,,,,,,,,,,,
2112991,aad8a281e2aa49af0e09b2dfc0ed44cc56fdd2fbd79c551f41035d84cd60ba013fcb6932a74d1158beb079cf1ec4beaec1846ca56fb67d82c22189de375d8656,07/23/2025 05:45:00 PM,2,BICYCLE,,,,,,,,,,,,,,,,,,,,,,,,,,,,,,,,,,,,,,,,,,,,,,,,,,,,,,,,,,,,,,,,,,
2113026,824ed7324e8660e84dce10df86365b66fc319a26c4fb4b9adfa99adcab703dd25cab607e56cb0fd1650b313b1107b635da2e6f11b2e3b771db926884810cbab1,07/23/2025 05:44:00 PM,1,DRIVER,,2014362,,DODGE,CARAVAN,IL,2016,UNKNOWN,VAN/MINI-VAN,PERSONAL,N,STRAIGHT AHEAD,,,1,,,,,Y,,,,,,,,,Y,Y,Y,,FRONT,,,,,,,,,,,,,,,,,,,,,,,,,,,,,,,,,
2112876,e21b1ca5ec95b722dc86af93b14079a70cc25560642f50bcd8e2bf9e6192a6ab04fbff00457146b691bc6f3e6e29aef4cb8d9197151dfa0b611f4500c2975ba9,07/23/2025 05:41:00 PM,1,DRIVER,,2014228,,BUICK,ENCLAVE,IL,2008,NONE,SPORT UTILITY VEHICLE (SUV),PERSONAL,S,STRAIGHT AHEAD,,,1,,,,Y,,,,,,,,,,,,,,FRONT,,,,,,,,,,,,,,,,,,,,,,,,,,,,,,,,,
2112877,e21b1ca5ec95b722dc86af93b14079a70cc25560642f50bcd8e2bf9e6192a6ab04fbff00457146b691bc6f3e6e29aef4cb8d9197151dfa0b611f4500c2975ba9,07/23/2025 05:41:00 PM,2,DRIVER,,2014237,,NISSAN,ALTIMA,IL,2008,NONE,PASSENGER,PERSONAL,S,STRAIGHT AHEAD,,,1,,,,,,,,,,Y,,,,,,,,REAR,,,,,,,,,,,,,,,,,,,,,,,,,,,,,,,,,
2112941,8e9aaf6b23dac171fe7512b498e85aa969fd866e3cd690bdfc95da4a85142907755e2a88170f84dd438bcf11022d17b7056b02061963568a713bccac79ddec4e,07/23/2025 05:37:00 PM,2,DRIVER,,2014289,,CHEVROLET,TRAVERSE,IL,2011,UNKNOWN,PASSENGER,PERSONAL,S,STRAIGHT AHEAD,Y,,1,,UNKNOWN,,,Y,Y,Y,,,,,,,,,,,SIDE-RIGHT,,,,,,,,,,,,,,,,,,,,,,,,,,,,,,,,,
2112942,8e9aaf6b23dac171fe7512b498e85aa969fd866e3cd690bdfc95da4a85142907755e2a88170f84dd438bcf11022d17b7056b02061963568a713bccac79ddec4e,07/23/2025 05:37:00 PM,1,DRIVER,1,2014296,,JEEP,PATRIOT,IL,2014,UNKNOWN,PASSENGER,UNKNOWN/NA,W,TURNING RIGHT,,,2,,,,,Y,,,,,,,,,,Y,Y,,FRONT,,,,,,,,,,,,,,,,,,,,,,,,,,,,,,,,,
2113140,443249cafd667aeab249a2e6aba84ffce514485f8a03ff120d49e7f449fc8614d029a4fdea7b689ec9b1a4de1eeacaa38a6c0cdffacd1ea9b8ecda0e077b7d38,07/23/2025 05:30:00 PM,1,DRIVER,,2014484,,UNKNOWN,MOTORIZED,,,UNKNOWN,UNKNOWN/NA,PERSONAL,SE,TURNING RIGHT,,,1,,,,,Y,Y,Y,Y,,,,,,,,,,FRONT-RIGHT-CORNER,,,,,,,,,,,,,,,,,,,,,,,,,,,,,,,,,
2113141,443249cafd667aeab249a2e6aba84ffce514485f8a03ff120d49e7f449fc8614d029a4fdea7b689ec9b1a4de1eeacaa38a6c0cdffacd1ea9b8ecda0e077b7d38,07/23/2025 05:30:00 PM,2,PARKED,,2014489,,HONDA,ACCORD,IL,2018,NONE,PASSENGER,PERSONAL,E,PARKED,,,0,,,,,,,,,,,,,,Y,Y,Y,,FRONT-LEFT-CORNER,,,,,,,,,,,,,,,,,,,,,,,,,,,,,,,,,
2112865,4ddb282f75e7106c999c673b61bf624664c16971646d39ae9f3c484c40762fe8589bb97b1ce54d8393e73d6b3d6e0e296f378aeaa15fa8462a851f8ce8093d55,07/23/2025 05:30:00 PM,1,DRIVER,,2014210,,HONDA,ODYSSEY,IL,2013,NONE,VAN/MINI-VAN,PERSONAL,UNKNOWN,BACKING,,,1,,,,,,,,,,,,,,,,,Y,UNKNOWN,,,,,,,,,,,,,,,,,,,,,,,,,,,,,,,,,
2112866,4ddb282f75e7106c999c673b61bf624664c16971646d39ae9f3c484c40762fe8589bb97b1ce54d8393e73d6b3d6e0e296f378aeaa15fa8462a851f8ce8093d55,07/23/2025 05:30:00 PM,2,DRIVER,,2014215,,TOYOTA,CAMRY,IL,2016,NONE,PASSENGER,PERSONAL,UNKNOWN,STRAIGHT AHEAD,,,1,,,,,Y,,,,,,,,,,N,,,FRONT-RIGHT-CORNER,,,,,,,,,,,,,,,,,,,,,,,,,,,,,,,,,
2113036,9e75cbd1369d6fda2621bee067ca5337fed4fd361277e2ef55c88af1c4e1b78bd72198e0661d292081fcf604a3d6002e0872a97ef31618f101360c9ae07e6f97,07/23/2025 05:30:00 PM,1,DRIVER,,2014383,,TOYOTA,PRIUS,IL,2010,NONE,PASSENGER,PERSONAL,W,BACKING,,,1,,,,,,,,,,,,,Y,Y,,,,SIDE-LEFT,,,,,,,,,,,,,,,,,,,,,,,,,,,,,,,,,
2113037,9e75cbd1369d6fda2621bee067ca5337fed4fd361277e2ef55c88af1c4e1b78bd72198e0661d292081fcf604a3d6002e0872a97ef31618f101360c9ae07e6f97,07/23/2025 05:30:00 PM,2,DRIVER,,2014391,,TESLA,MODEL 3,IL,2022,NONE,PASSENGER,PERSONAL,S,STRAIGHT AHEAD,,,1,,,,,,,,,,,,,,,,Y,,FRONT,,,,,,,,,,,,,,,,,,,,,,,,,,,,,,,,,
2114964,a5901f8803af96ca854cb926009f5ec229badf4ac50fb0e3a6a40f71d81c466512000d5a0a80c4e1c619cf057bb523ecc1ff8135d7f5790257865f7168ee26ed,07/23/2025 05:30:00 PM,1,DRIVER,,2016206,,FORD,FOCUS,IN,2012,NONE,PASSENGER,PERSONAL,E,STRAIGHT AHEAD,,,1,,,,,,,,,,,,,,,,,Y,UNKNOWN,,,,,,,,,,,,,,,,,,,,,,,,,,,,,,,,,
2114965,a5901f8803af96ca854cb926009f5ec229badf4ac50fb0e3a6a40f71d81c466512000d5a0a80c4e1c619cf057bb523ecc1ff8135d7f5790257865f7168ee26ed,07/23/2025 05:30:00 PM,2,DRIVER,,2016213,,NISSAN,ROGUE,IL,2018,NONE,PASSENGER,PERSONAL,E,STRAIGHT AHEAD,,,1,,,,,,,,,Y,Y,Y,,,,,,,REAR,,,,,,,,,,,,,,,,,,,,,,,,,,,,,,,,,
2112888,b11a4f8f864277e3ef1156319c18e2e71ff386959c71d0a0d0f455727dd3cecb974dadb46e4ea981306258665f868d365d17cbe5aa8f7f55f4ab9765a07d9b97,07/23/2025 05:30:00 PM,1,DRIVER,,2014243,,MINI,COOPER,IL,2017,NONE,PASSENGER,PERSONAL,W,CHANGING LANES,,,1,,,,,Y,Y,,,,,,,,Y,Y,,,FRONT-RIGHT-CORNER,,,,,,,,,,,,,,,,,,,,,,,,,,,,,,,,,
2112889,b11a4f8f864277e3ef1156319c18e2e71ff386959c71d0a0d0f455727dd3cecb974dadb46e4ea981306258665f868d365d17cbe5aa8f7f55f4ab9765a07d9b97,07/23/2025 05:30:00 PM,2,DRIVER,,2014251,,HONDA,HR-V,IL,2017,NONE,PASSENGER,PERSONAL,W,STRAIGHT AHEAD,,,1,,,,,,,,,,,,,Y,Y,Y,,,SIDE-LEFT-FRONT,,,,,,,,,,,,,,,,,,,,,,,,,,,,,,,,,
2112890,b11a4f8f864277e3ef1156319c18e2e71ff386959c71d0a0d0f455727dd3cecb974dadb46e4ea981306258665f868d365d17cbe5aa8f7f55f4ab9765a07d9b97,07/23/2025 05:30:00 PM,3,DRIVER,,2014261,,TOYOTA,CAMRY,IL,2024,NONE,PASSENGER,PERSONAL,W,SLOW/STOP IN TRAFFIC,,,1,,,,,,,,,Y,,,,,,,,,REAR-RIGHT-CORNER,,,,,,,,,,,,,,,,,,,,,,,,,,,,,,,,,
2114358,bac060745198ab0f4c1c3ca32258757ac6148b2c0758a9028d640d45741519b3eac5048f3e6363d10e8faf77c39fffef8badb8bb2b96253e49a6bb537e110739,07/23/2025 05:30:00 PM,1,DRIVER,,2015638,,HONDA,OTHER (EXPLAIN IN NARRATIVE),IL,,UNKNOWN,UNKNOWN/NA,UNKNOWN/NA,UNKNOWN,UNKNOWN/NA,,,1,,,,,,,,Y,Y,Y,,,,,,,,REAR-RIGHT-CORNER,,,,,,,,,,,,,,,,,,,,,,,,,,,,,,,,,
2114359,bac060745198ab0f4c1c3ca32258757ac6148b2c0758a9028d640d45741519b3eac5048f3e6363d10e8faf77c39fffef8badb8bb2b96253e49a6bb537e110739,07/23/2025 05:30:00 PM,2,DRIVER,,2015643,,TOYOTA,COROLLA,IL,2016,UNKNOWN,PASSENGER,PERSONAL,UNKNOWN,UNKNOWN/NA,,,1,,,,,,,,,,,Y,Y,Y,Y,Y,,,SIDE-LEFT,,,,,,,,,,,,,,,,,,,,,,,,,,,,,,,,,
2114009,eecbd861bc9a8cc08c1183d7356eade23b8c0ddbac451f2df59ccd46fdcc980a2ead5ba9c49ef752ea45096172274585f8a74c324249b08201161cb6e484f6fe,07/23/2025 05:30:00 PM,1,DRIVER,,2015307,,UNKNOWN,OTHER (EXPLAIN IN NARRATIVE),,,UNKNOWN,UNKNOWN/NA,PERSONAL,UNKNOWN,UNKNOWN/NA,,,1,,,,,,,,,,,,,,,,,,UNKNOWN,,,,,,,,,,,,,,,,,,,,,,,,,,,,,,,,,
2114010,eecbd861bc9a8cc08c1183d7356eade23b8c0ddbac451f2df59ccd46fdcc980a2ead5ba9c49ef752ea45096172274585f8a74c324249b08201161cb6e484f6fe,07/23/2025 05:30:00 PM,2,PARKED,,2015312,,JEEP,CHEROKEE,,,NONE,SPORT UTILITY VEHICLE (SUV),NOT IN USE,N,PARKED,,,0,,,,,,,,,,,,,,,,,,SIDE-LEFT,,,,,,,,,,,,,,,,,,,,,,,,,,,,,,,,,
2112966,8de71d93edb5c4589c4ac2a5c2f4f2a36e4b06f0770e4362d5bdeb672b468f45bc1526a490802ba953d6281fa760bf2a8fb68289b2290d6f63c6f8da57e92469,07/23/2025 05:28:00 PM,1,DRIVER,1,2014308,,TOYOTA,RAV4,IL,2018,NONE,SPORT UTILITY VEHICLE (SUV),PERSONAL,E,BACKING,,,2,,,,,,,Y,Y,Y,Y,,,,,,,,REAR-RIGHT-CORNER,,,,,,,,,,,,,,,,,,,,,,,,,,,,,,,,,
2112967,8de71d93edb5c4589c4ac2a5c2f4f2a36e4b06f0770e4362d5bdeb672b468f45bc1526a490802ba953d6281fa760bf2a8fb68289b2290d6f63c6f8da57e92469,07/23/2025 05:28:00 PM,2,DRIVER,,2014316,,FORD,MAVERICK SEDAN,IL,2013,NONE,PICKUP,PERSONAL,N,STRAIGHT AHEAD,,,1,,,,,,,,,,,,,Y,Y,Y,Y,,FRONT,,,,,,,,,,,,,,,,,,,,,,,,,,,,,,,,,
2117766,1d281b7e52e1ae755b83b6b7632275f1087315743982db58929c05f301d939759e415fc2d3ecfbf32a294db7060a3a663da47b64ef5ce45f8b54f8e17cddf4b7,07/23/2025 05:25:00 PM,1,BICYCLE,,,,,,,,,,,,,,,,,,,,,,,,,,,,,,,,,,,,,,,,,,,,,,,,,,,,,,,,,,,,,,,,,,
2117767,1d281b7e52e1ae755b83b6b7632275f1087315743982db58929c05f301d939759e415fc2d3ecfbf32a294db7060a3a663da47b64ef5ce45f8b54f8e17cddf4b7,07/23/2025 05:25:00 PM,2,DRIVER,,2018843,,KIA,SOUL,IL,2015,UNKNOWN,PASSENGER,UNKNOWN/NA,N,TURNING RIGHT,,,1,,,,,,,,,Y,,,,,,,,,SIDE-RIGHT-REAR,,,,,,,,,,,,,,,,,,,,,,,,,,,,,,,,,
2112971,c3f11c204406b42b3fd40b4e6ac05a91215d846f853ed97c09fe4943a801136610a0aba726bf93f8de124c87327807d471cdbac7819874481ff10b857d6f46fe,07/23/2025 05:25:00 PM,1,DRIVER,,2014318,,HONDA,CR-V,IL,2016,UNKNOWN,SPORT UTILITY VEHICLE (SUV),PERSONAL,S,STRAIGHT AHEAD,Y,,1,,PRIVATE TOW,1837 N. MANHEIM/TECH UNIVERSAL,,N,,,,,,,,,,N,Y,,FRONT,,,,,,,,,,,,,,,,,,,,,,,,,,,,,,,,,
2112972,c3f11c204406b42b3fd40b4e6ac05a91215d846f853ed97c09fe4943a801136610a0aba726bf93f8de124c87327807d471cdbac7819874481ff10b857d6f46fe,07/23/2025 05:25:00 PM,2,DRIVER,,2014360,,JEEP,LIBERTY,,2002,UNKNOWN,SPORT UTILITY VEHICLE (SUV),PERSONAL,S,SLOW/STOP IN TRAFFIC,,,1,,,,,,,,,,Y,,,,,,Y,,REAR,,,,,,,,,,,,,,,,,,,,,,,,,,,,,,,,,
2112973,c3f11c204406b42b3fd40b4e6ac05a91215d846f853ed97c09fe4943a801136610a0aba726bf93f8de124c87327807d471cdbac7819874481ff10b857d6f46fe,07/23/2025 05:25:00 PM,3,DRIVER,,2014369,,MERCEDES-BENZ,OTHER (EXPLAIN IN NARRATIVE),IL,2011,UNKNOWN,SPORT UTILITY VEHICLE (SUV),PERSONAL,S,SLOW/STOP IN TRAFFIC,,,1,,,,,,,,,,Y,,,,,,,,REAR,,,,,,,,,,,,,,,,,,,,,,,,,,,,,,,,,
2113032,df161ae70a4df1d415162edd3ff10b035fdc8f0fa0d40e51ccef4441d677f491f7ca7c8d5ce3fa779ef98c3fcc1dc49d5736f7950d4239934a78b71e7eba2451,07/23/2025 05:25:00 PM,1,DRIVER,,2014368,,CHEVROLET,SILVERADO,IL,2014,UNKNOWN,PASSENGER,UNKNOWN/NA,N,STRAIGHT AHEAD,,,1,,,,,,,,,,,Y,Y,Y,Y,Y,,,SIDE-LEFT,,,,,,,,,,,,,,,,,,,,,,,,,,,,,,,,,
2113033,df161ae70a4df1d415162edd3ff10b035fdc8f0fa0d40e51ccef4441d677f491f7ca7c8d5ce3fa779ef98c3fcc1dc49d5736f7950d4239934a78b71e7eba2451,07/23/2025 05:25:00 PM,2,DRIVER,,2014377,,FORD,EDGE,IL,2015,UNKNOWN,PASSENGER,PERSONAL,S,STRAIGHT AHEAD,,,1,,,,,,,,,,,Y,Y,Y,Y,Y,,,SIDE-LEFT,,,,,,,,,,,,,,,,,,,,,,,,,,,,,,,,,
2112899,55ee68d40b63647af514a1afaa5229af4acee90afc7aaa504a2a7163f4c98afcc6e3201a6ce0754bb331e7bea31ead9695021129661b43b9c23a55f09c2b712b,07/23/2025 05:15:00 PM,1,DRIVER,,2014238,,HONDA,CIVIC,IL,2019,NONE,PASSENGER,PERSONAL,W,ENTERING TRAFFIC LANE FROM PARKING,,,1,,,,Y,,,,,,,,,,,N,,,FRONT-LEFT-CORNER,,,,,,,,,,,,,,,,,,,,,,,,,,,,,,,,,
2112900,55ee68d40b63647af514a1afaa5229af4acee90afc7aaa504a2a7163f4c98afcc6e3201a6ce0754bb331e7bea31ead9695021129661b43b9c23a55f09c2b712b,07/23/2025 05:15:00 PM,2,BICYCLE,,,,,,,,,,,,,,,,,,,,,,,,,,,,,,,,,,,,,,,,,,,,,,,,,,,,,,,,,,,,,,,,,,
2112882,5bd5965b7baa9f795edb99d349dd672738a7b24f8ae8947fc86577e9c73bdbe0f4ee9f0f070fb9626dd6440e49cd4cd147e415a805a3fa099cd21accb295b60c,07/23/2025 05:15:00 PM,1,DRIVER,,2014232,,VOLKSWAGEN,ROUTAN,IL,2011,UNKNOWN,VAN/MINI-VAN,PERSONAL,S,STRAIGHT AHEAD,,,1,,,,,Y,,,,,,,,,,Y,Y,,FRONT,,,,,,,,,,,,,,,,,,,,,,,,,,,,,,,,,
2112883,5bd5965b7baa9f795edb99d349dd672738a7b24f8ae8947fc86577e9c73bdbe0f4ee9f0f070fb9626dd6440e49cd4cd147e415a805a3fa099cd21accb295b60c,07/23/2025 05:15:00 PM,2,DRIVER,1,2014242,,MAZDA,CX-5,MT,2024,UNKNOWN,PASSENGER,PERSONAL,S,STRAIGHT AHEAD,,,2,,,,,,,,,Y,Y,Y,,,,,,,REAR,,,,,,,,,,,,,,,,,,,,,,,,,,,,,,,,,
2116060,613b568a0e1a8c022df68c2ea24fc25b8c3c8cc3da4d0866039d6f2daf3d1f3855555095497a8ec49ed7f00b5698260db78f17e360badb5eb6ca51eb97db1725,07/23/2025 05:15:00 PM,1,DRIVER,,2017243,,PORSCHE,MACAN,IL,,UNKNOWN,PASSENGER,OTHER,N,STRAIGHT AHEAD,Y,,1,,PRIVATE TOW,UNK,,,,N,Y,Y,,,,,,,,,SIDE-RIGHT-REAR,,,,,,,,,,,,,,,,,,,,,,,,,,,,,,,,,
2116061,613b568a0e1a8c022df68c2ea24fc25b8c3c8cc3da4d0866039d6f2daf3d1f3855555095497a8ec49ed7f00b5698260db78f17e360badb5eb6ca51eb97db1725,07/23/2025 05:15:00 PM,2,DRIVER,1,2017244,,GENERAL MOTORS CORPORATION (GMC),YUKON,IL,2008,UNKNOWN,SPORT UTILITY VEHICLE (SUV),PERSONAL,W,STRAIGHT AHEAD,,,2,,,,,Y,Y,,,,,,,,,,Y,,FRONT-RIGHT-CORNER,,,,,,,,,,,,,,,,,,,,,,,,,,,,,,,,,
2112901,d226a1115aca4c9a156f9f41f8c4c95e19375f071f9e9afa4988677b59a8553d3b92a5454442b136266d5b36631b5b83a1e2454370d8cdf4d3f15f118c8d0cf5,07/23/2025 05:15:00 PM,1,DRIVER,,2014260,,CHEVROLET,OTHER (EXPLAIN IN NARRATIVE),IN,2023,NONE,PASSENGER,PERSONAL,S,PASSING/OVERTAKING,,,1,,,,,,,,,,,Y,,,,,,,REAR-LEFT-CORNER,,,,,,,,,,,,,,,,,,,,,,,,,,,,,,,,,
2112902,d226a1115aca4c9a156f9f41f8c4c95e19375f071f9e9afa4988677b59a8553d3b92a5454442b136266d5b36631b5b83a1e2454370d8cdf4d3f15f118c8d0cf5,07/23/2025 05:15:00 PM,2,DRIVER,,2014274,,NOVA BUS,OTHER (EXPLAIN IN NARRATIVE),IL,2014,NONE,BUS OVER 15 PASS.,CTA,S,STRAIGHT AHEAD,,,1,,,,,,,,,,,,,,,,,Y,FRONT,,,,,,,,,,,,,,,,,,,,,,,,,,,,,,,,,
2112923,aedd24d2a0fe9221a470a563adf58229d144c4e64bdd877d32cfc2bb9de7f1f172df4b66f1aeab98f62f4c312576984212feae3835cd46ac0e3aa462aa0f02fe,07/23/2025 05:14:00 PM,1,DRIVER,,2014273,,GENERAL MOTORS CORPORATION (GMC),ACADIA,IL,2007,NONE,PASSENGER,PERSONAL,S,STRAIGHT AHEAD,,,1,,,,,Y,,,,,,,,,,,Y,,FRONT,,,,,,,,,,,,,,,,,,,,,,,,,,,,,,,,,
2112924,aedd24d2a0fe9221a470a563adf58229d144c4e64bdd877d32cfc2bb9de7f1f172df4b66f1aeab98f62f4c312576984212feae3835cd46ac0e3aa462aa0f02fe,07/23/2025 05:14:00 PM,2,DRIVER,1,2014323,,NISSAN,ROGUE,IL,2011,NONE,PICKUP,PERSONAL,E,STRAIGHT AHEAD,,,2,,,,,,,,,,,,,,,Y,,,FRONT-LEFT-CORNER,,,,,,,,,,,,,,,,,,,,,,,,,,,,,,,,,
2112913,a292e6933398bdf84bff440611e973607135d0769e9032409ba9f3f78dddad0283d50f24af176d6373f844927e14f0b3699bfdb3b6a77e856c5082678ecd5103,07/23/2025 05:10:00 PM,1,DRIVER,,2014257,,CHEVROLET,EQUINOX,IL,2013,UNKNOWN,PASSENGER,UNKNOWN/NA,W,STRAIGHT AHEAD,Y,,1,,PRIVATE,,,Y,,,,,,,,,,,Y,,FRONT,,,,,,,,,,,,,,,,,,,,,,,,,,,,,,,,,
2112914,a292e6933398bdf84bff440611e973607135d0769e9032409ba9f3f78dddad0283d50f24af176d6373f844927e14f0b3699bfdb3b6a77e856c5082678ecd5103,07/23/2025 05:10:00 PM,2,DRIVER,,2014268,,HYUNDAI,PALISADE,IL,2020,UNKNOWN,PASSENGER,UNKNOWN/NA,W,STRAIGHT AHEAD,,,1,,,,,,,,,,Y,,,,,,,,REAR,,,,,,,,,,,,,,,,,,,,,,,,,,,,,,,,,
2112921,13876d83a9f2fddd10430a7e8448cd4f9bac75068d443aa296d1d44b165e55ed60a98318edfa01abcfe48b8ec474a8b4e1eb5b2d5354cfb0c8b88929d6adf2b4,07/23/2025 05:09:00 PM,1,DRIVER,,2014263,,CHEVROLET,MALIBU,IL,2015,NONE,PASSENGER,UNKNOWN/NA,W,MERGING,,,1,,,,,Y,,,,,,,,,,,,,FRONT-RIGHT-CORNER,,,,,,,,,,,,,,,,,,,,,,,,,,,,,,,,,
2112922,13876d83a9f2fddd10430a7e8448cd4f9bac75068d443aa296d1d44b165e55ed60a98318edfa01abcfe48b8ec474a8b4e1eb5b2d5354cfb0c8b88929d6adf2b4,07/23/2025 05:09:00 PM,2,DRIVER,,2014277,,TOYOTA,PRIUS,IL,2016,TIRES,PASSENGER,UNKNOWN/NA,S,STRAIGHT AHEAD,Y,,1,,,,,,,,,,,Y,Y,Y,,,,,REAR-LEFT-CORNER,,,,,,,,,,,,,,,,,,,,,,,,,,,,,,,,,
2112884,4018cb18d861b710f46d52ec5c5321f8b0c1fd07ae20ef24e638f8e9fbab1d69bc882538788634e6565b8725a217c183329c390ad6be11d7819e5a8a71362200,07/23/2025 05:09:00 PM,1,DRIVER,,2014233,,LINCOLN,MKZ,IL,2016,UNKNOWN,PASSENGER,UNKNOWN/NA,S,STRAIGHT AHEAD,,,1,,,,,,,,,,,,,,,,,Y,FRONT,,,,,,,,,,,,,,,,,,,,,,,,,,,,,,,,,
2112885,4018cb18d861b710f46d52ec5c5321f8b0c1fd07ae20ef24e638f8e9fbab1d69bc882538788634e6565b8725a217c183329c390ad6be11d7819e5a8a71362200,07/23/2025 05:09:00 PM,2,DRIVER,1,2014246,,NISSAN,MURANO,IL,2017,NONE,PASSENGER,PERSONAL,S,STRAIGHT AHEAD,,,2,,,,,,,,,,Y,,,,,,,,REAR,,,,,,,,,,,,,,,,,,,,,,,,,,,,,,,,,