CRASH_UNIT_ID,CRASH_RECORD_ID,CRASH_DATE,UNIT_NO,UNIT_TYPE,NUM_PASSENGERS,VEHICLE_ID,CMRC_VEH_I,MAKE,MODEL,LIC_PLATE_STATE,VEHICLE_YEAR,VEHICLE_DEFECT,VEHICLE_TYPE,VEHICLE_USE,TRAVEL_DIRECTION,MANEUVER,TOWED_I,FIRE_I,OCCUPANT_CNT,EXCEED_SPEED_LIMIT_I,TOWED_BY,TOWED_TO,AREA_00_I,AREA_01_I,AREA_02_I,AREA_03_I,AREA_04_I,AREA_05_I,AREA_06_I,AREA_07_I,AREA_08_I,AREA_09_I,AREA_10_I,AREA_11_I,AREA_12_I,AREA_99_I,FIRST_CONTACT_POINT,CMV_ID,USDOT_NO,CCMC_NO,ILCC_NO,COMMERCIAL_SRC,GVWR,CARRIER_NAME,CARRIER_STATE,CARRIER_CITY,HAZMAT_PLACARDS_I,HAZMAT_NAME,UN_NO,HAZMAT_PRESENT_I,HAZMAT_REPORT_I,HAZMAT_REPORT_NO,MCS_REPORT_I,MCS_REPORT_NO,HAZMAT_VIO_CAUSE_CRASH_I,MCS_VIO_CAUSE_CRASH_I,IDOT_PERMIT_NO,WIDE_LOAD_I,TRAILER1_WIDTH,TRAILER2_WIDTH,TRAILER1_LENGTH,TRAILER2_LENGTH,TOTAL_VEHICLE_LENGTH,AXLE_CNT,VEHICLE_CONFIG,CARGO_BODY_TYPE,LOAD_TYPE,HAZMAT_OUT_OF_SERVICE_I,MCS_OUT_OF_SERVICE_I,HAZMAT_CLASS
2112886,78ed4cec53e75dc8159bdec83160f3472c496d49120f9680147e1a2e5e2e25a739f84c6be60728f28275a242ff5e93dfbb000c5db6f315b66251a89d7943f307,07/23/2025 05:08:00 PM,1,PARKED,1,2014253,,CHRYSLER,PACIFICA,IL,2024,UNKNOWN,VAN/MINI-VAN,UNKNOWN/NA,N,PARKED,,,1,,,,,,,,,,,,,,,,,,NONE,,,,,,,,,,,,,,,,,,,,,,,,,,,,,,,,,
2112887,78ed4cec53e75dc8159bdec83160f3472c496d49120f9680147e1a2e5e2e25a739f84c6be60728f28275a242ff5e93dfbb000c5db6f315b66251a89d7943f307,07/23/2025 05:08:00 PM,2,DRIVER,,2014265,,LINCOLN,MKZ,IL,2012,UNKNOWN,PASSENGER,PERSONAL,N,STRAIGHT AHEAD,,,1,,,,,,,,,,,,,,Y,,,,FRONT-LEFT-CORNER,,,,,,,,,,,,,,,,,,,,,,,,,,,,,,,,,
2114210,33e32f3e65cc5c2171bf8c1fdd039d86efd4f7492d428b52fdc8579bbc8e644d79182bf0f060c763e9cea7725541c695e3d71368f082d0af253f45983676e6af,07/23/2025 05:06:00 PM,1,DRIVER,,2015496,,MAZDA,OTHER (EXPLAIN IN NARRATIVE),MO,2019,UNKNOWN,PASSENGER,UNKNOWN/NA,N,STRAIGHT AHEAD,,,1,,,,,,,,,,,,,,,,,,FRONT,,,,,,,,,,,,,,,,,,,,,,,,,,,,,,,,,
2114211,33e32f3e65cc5c2171bf8c1fdd039d86efd4f7492d428b52fdc8579bbc8e644d79182bf0f060c763e9cea7725541c695e3d71368f082d0af253f45983676e6af,07/23/2025 05:06:00 PM,2,DRIVER,,2015497,,TOYOTA,CAMRY,IL,2014,NONE,PASSENGER,PERSONAL,N,STRAIGHT AHEAD,,,1,,,,,,,,,,Y,Y,,,,,,,REAR,,,,,,,,,,,,,,,,,,,,,,,,,,,,,,,,,
2113130,018b72dd7c6cadfe6849551e672ba06fbb1aa25dc5733e0dc4779dd887114fa14bde8bde1a63b0bb8bba32a37d14173aaf2eb912724a659928e4aae68e117edc,07/23/2025 05:00:00 PM,1,DRIVER,,2014472,,KIA,OTHER (EXPLAIN IN NARRATIVE),IL,2024,UNKNOWN,PASSENGER,NOT IN USE,E,OTHER,,,1,,,,,,,,,,,,,,,,,Y,SIDE-LEFT,,,,,,,,,,,,,,,,,,,,,,,,,,,,,,,,,
2113131,018b72dd7c6cadfe6849551e672ba06fbb1aa25dc5733e0dc4779dd887114fa14bde8bde1a63b0bb8bba32a37d14173aaf2eb912724a659928e4aae68e117edc,07/23/2025 05:00:00 PM,2,PEDESTRIAN,,,,,,,,,,,,,,,,,,,,,,,,,,,,,,,,,,,,,,,,,,,,,,,,,,,,,,,,,,,,,,,,,,
2112905,0c840d90d151ea2ec3f11325558d048c0e1f843792acb8cdd48b9b368d6b4001f022d7e29607da5b92cc849bc6e616fe8d5fb00854c6dab4024780a17841499e,07/23/2025 05:00:00 PM,1,DRIVER,,2014256,,CHEVROLET,SILVERADO,IL,2021,UNKNOWN,PICKUP,UNKNOWN/NA,W,PASSING/OVERTAKING,,,1,,,,,,,,,,,,,,,,,Y,UNKNOWN,,,,,,,,,,,,,,,,,,,,,,,,,,,,,,,,,
2112906,0c840d90d151ea2ec3f11325558d048c0e1f843792acb8cdd48b9b368d6b4001f022d7e29607da5b92cc849bc6e616fe8d5fb00854c6dab4024780a17841499e,07/23/2025 05:00:00 PM,2,PARKED,2,2014270,,NEW FLYER,D40LF,IL,2006,UNKNOWN,BUS OVER 15 PASS.,CTA,W,PARKED IN TRAFFIC LANE,,,2,,,,,,,,,,,,,,,Y,,,FRONT-LEFT-CORNER,,,,,,,,,,,,,,,,,,,,,,,,,,,,,,,,,
2112855,254ab3128bed0c64dfc1e6cf752a624b98d355763409bacbf9d1852d04f9d0c3ba66087b9075d44ce2d2615d75c45b54c1d0112f72bd9982cb51a59a818a40ca,07/23/2025 05:00:00 PM,1,DRIVER,,2014203,,MERCEDES-BENZ,S-CLASS,IL,2015,UNKNOWN,PASSENGER,PERSONAL,E,TURNING LEFT,,,1,,,,Y,,,,,,,,,,,,,,FRONT,,,,,,,,,,,,,,,,,,,,,,,,,,,,,,,,,
2112856,254ab3128bed0c64dfc1e6cf752a624b98d355763409bacbf9d1852d04f9d0c3ba66087b9075d44ce2d2615d75c45b54c1d0112f72bd9982cb51a59a818a40ca,07/23/2025 05:00:00 PM,2,PEDESTRIAN,,,,,,,,,,,,,,,,,,,,,,,,,,,,,,,,,,,,,,,,,,,,,,,,,,,,,,,,,,,,,,,,,,
2113185,2cf6caac9725ddab773a3aa14bb8cc4f212a56089ed80a25de311e9b4c2e1be302f0a90289842a2d52362a11c9ff19bdc6943996359bc40be42ad70d428278b1,07/23/2025 05:00:00 PM,1,DRIVER,,2014529,,UNKNOWN,OTHER (EXPLAIN IN NARRATIVE),IL,,UNKNOWN,UNKNOWN/NA,UNKNOWN/NA,W,UNKNOWN/NA,,,1,,,,,,,,,,,,,,Y,Y,,Y,UNKNOWN,,,,,,,,,,,,,,,,,,,,,,,,,,,,,,,,,
2113186,2cf6caac9725ddab773a3aa14bb8cc4f212a56089ed80a25de311e9b4c2e1be302f0a90289842a2d52362a11c9ff19bdc6943996359bc40be42ad70d428278b1,07/23/2025 05:00:00 PM,2,DRIVER,,2014531,,HONDA,CR-V,IL,,UNKNOWN,PASSENGER,PERSONAL,UNKNOWN,STRAIGHT AHEAD,,,1,,,,,Y,Y,,,,,,,,,,Y,Y,UNKNOWN,,,,,,,,,,,,,,,,,,,,,,,,,,,,,,,,,
2112836,311dca42c0fc01c6e41cafd7841477075513a302023508c458fcf038db1ef77b5be5cc07e51e7013aad1de861405fb6fb60dec0a92aa1f77395f16b6d8579047,07/23/2025 05:00:00 PM,1,DRIVER,,2014181,,FREIGHTLINER CORPORATION,FREIGHTLINER CORP.,IL,2010,NONE,PASSENGER,PERSONAL,UNKNOWN,STRAIGHT AHEAD,,,1,,,,,Y,,,,,,,,,,Y,Y,,FRONT,,,,,,,,,,,,,,,,,,,,,,,,,,,,,,,,,
2112837,311dca42c0fc01c6e41cafd7841477075513a302023508c458fcf038db1ef77b5be5cc07e51e7013aad1de861405fb6fb60dec0a92aa1f77395f16b6d8579047,07/23/2025 05:00:00 PM,2,DRIVER,,2014188,,TOYOTA,BZ4X,,2021,NONE,PASSENGER,PERSONAL,UNKNOWN,STRAIGHT AHEAD,,,1,,,,,,,,,Y,Y,Y,,,,,,,REAR,,,,,,,,,,,,,,,,,,,,,,,,,,,,,,,,,
2113000,34e35f446f05024f10a821d18368e60fe5ce5b22b6802324610cb548a20165edb49876c0fff0e3dff511e8515fdd79a61f3816866a9c64559f1959e1758fab99,07/23/2025 05:00:00 PM,1,DRIVER,,2014345,,UNKNOWN,MOTORIZED,,,UNKNOWN,UNKNOWN/NA,UNKNOWN/NA,UNKNOWN,UNKNOWN/NA,,,1,,,,,,,,,,,,,,,,,Y,UNKNOWN,,,,,,,,,,,,,,,,,,,,,,,,,,,,,,,,,
2113001,34e35f446f05024f10a821d18368e60fe5ce5b22b6802324610cb548a20165edb49876c0fff0e3dff511e8515fdd79a61f3816866a9c64559f1959e1758fab99,07/23/2025 05:00:00 PM,2,PARKED,,2014348,,BMW,X3,IL,2020,NONE,PASSENGER,PERSONAL,SW,PARKED,,,0,,,,,,,,,,,,Y,,,,,,SIDE-RIGHT,,,,,,,,,,,,,,,,,,,,,,,,,,,,,,,,,
2117248,3a99d3c64d278df5d30092ece5a72ea97b77c471b222a4adbbfeb0b78a4bd6ec16054b619e53a2d4c307087cc80c841cf78846e1cc2ce34fd766174e29178458,07/23/2025 05:00:00 PM,1,DRIVER,,2018381,,UNKNOWN,OTHER (EXPLAIN IN NARRATIVE),IL,,UNKNOWN,PASSENGER,UNKNOWN/NA,UNKNOWN,STRAIGHT AHEAD,,,1,,,,,,,,,,,,,,,,,,UNKNOWN,,,,,,,,,,,,,,,,,,,,,,,,,,,,,,,,,
2117249,3a99d3c64d278df5d30092ece5a72ea97b77c471b222a4adbbfeb0b78a4bd6ec16054b619e53a2d4c307087cc80c841cf78846e1cc2ce34fd766174e29178458,07/23/2025 05:00:00 PM,2,PARKED,,2018382,,MAZDA,MAZDA3,NJ,2021,NONE,PASSENGER,NOT IN USE,UNKNOWN,PARKED,,,0,,,,,,,,,,,,,,Y,Y,,,TOTAL (ALL AREAS),,,,,,,,,,,,,,,,,,,,,,,,,,,,,,,,,
2112861,a62bd42561a334cf05728f9d3b3a2ed6fb90241c399783a9795bd2df6136f224212586ea5b3a36eca77596e30598965178777a901e45f2b9a083f669fb8e25c7,07/23/2025 05:00:00 PM,1,DRIVER,,2014206,,CHEVROLET,OTHER (EXPLAIN IN NARRATIVE),IL,2009,NONE,PASSENGER,UNKNOWN/NA,N,STRAIGHT AHEAD,,,1,,,,,,,,,,,,,,,,Y,,FRONT,,,,,,,,,,,,,,,,,,,,,,,,,,,,,,,,,
2112862,a62bd42561a334cf05728f9d3b3a2ed6fb90241c399783a9795bd2df6136f224212586ea5b3a36eca77596e30598965178777a901e45f2b9a083f669fb8e25c7,07/23/2025 05:00:00 PM,2,DRIVER,,2014211,,HONDA,ACCORD,IL,2014,NONE,PASSENGER,PERSONAL,N,SLOW/STOP IN TRAFFIC,,,1,,,,,,,,,,Y,,,,,,,,REAR,,,,,,,,,,,,,,,,,,,,,,,,,,,,,,,,,
2112976,de914f5eea198e8b0e245eb8a6d590a28986ed58cc9866bc3abb8b9339b829c11dbb695147b856f1dccd22e228b2d646f0c659b3cc6ac120f0f84d4b9d5f2962,07/23/2025 05:00:00 PM,1,DRIVER,,2014332,,AUDI,A4,IN,,UNKNOWN,PASSENGER,PERSONAL,S,PASSING/OVERTAKING,,,1,,,,,,,,,,,,,,,,,,UNKNOWN,,,,,,,,,,,,,,,,,,,,,,,,,,,,,,,,,
2112977,de914f5eea198e8b0e245eb8a6d590a28986ed58cc9866bc3abb8b9339b829c11dbb695147b856f1dccd22e228b2d646f0c659b3cc6ac120f0f84d4b9d5f2962,07/23/2025 05:00:00 PM,2,DRIVER,,2014320,,TOYOTA,SIENNA,IL,2006,NONE,PASSENGER,PERSONAL,S,STRAIGHT AHEAD,,,1,,,,,Y,Y,Y,Y,,,,,,,,,,SIDE-RIGHT,,,,,,,,,,,,,,,,,,,,,,,,,,,,,,,,,
2112878,f45bd1d1bb2557c4bc96ca22a515a7d1c162511409cbb9e0be3090de93b5970747686666def7bc5bad3052940cfb2a7a7a0b06aa09c22ac3d607947613835693,07/23/2025 05:00:00 PM,1,DRIVER,1,2014225,,CHRYSLER,SEBRING,IL,2008,UNKNOWN,PASSENGER,PERSONAL,N,STRAIGHT AHEAD,,,2,,,,Y,,,,,,,,,,,,,Y,FRONT,,,,,,,,,,,,,,,,,,,,,,,,,,,,,,,,,
2112879,f45bd1d1bb2557c4bc96ca22a515a7d1c162511409cbb9e0be3090de93b5970747686666def7bc5bad3052940cfb2a7a7a0b06aa09c22ac3d607947613835693,07/23/2025 05:00:00 PM,2,DRIVER,1,2014234,,NISSAN,ALTIMA,IL,2015,UNKNOWN,PASSENGER,PERSONAL,N,STRAIGHT AHEAD,,,2,,,,N,,,,,,Y,,,,,,,Y,REAR,,,,,,,,,,,,,,,,,,,,,,,,,,,,,,,,,
2112871,fed227a6f96ad134a066f21a471aae8813d2c5eeae531f27cb07f5337c05b5321145a089ed357b4564615ac8844769bb29a36c4e5af8f85e4a878c8a82b22179,07/23/2025 05:00:00 PM,1,DRIVER,,2014212,,UNKNOWN,OTHER (EXPLAIN IN NARRATIVE),,,UNKNOWN,UNKNOWN/NA,UNKNOWN/NA,N,STRAIGHT AHEAD,,,1,,,,,,,,,,,,,,,,,Y,UNKNOWN,,,,,,,,,,,,,,,,,,,,,,,,,,,,,,,,,
2112872,fed227a6f96ad134a066f21a471aae8813d2c5eeae531f27cb07f5337c05b5321145a089ed357b4564615ac8844769bb29a36c4e5af8f85e4a878c8a82b22179,07/23/2025 05:00:00 PM,2,DRIVER,,2014221,,JEEP,GRAND CHEROKEE,IL,2024,UNKNOWN,PASSENGER,PERSONAL,N,STRAIGHT AHEAD,,,1,,,,,,,,,,,Y,Y,,,,,,REAR-LEFT-CORNER,,,,,,,,,,,,,,,,,,,,,,,,,,,,,,,,,
2112867,c8bc1fd593f4da22aca73a608bea0c58fbcf4159833ee23699f8eea0825aa81f3390de5c047e179d5dc3df16b78ec081da38ae4f8890ba991c2df81d080b8ac1,07/23/2025 04:52:00 PM,1,DRIVER,1,2014218,,TOYOTA,COROLLA,NC,2014,NONE,PASSENGER,PERSONAL,E,TURNING RIGHT,,,2,,,,,,,,,,,,,,,Y,,,FRONT-LEFT-CORNER,,,,,,,,,,,,,,,,,,,,,,,,,,,,,,,,,
2112868,c8bc1fd593f4da22aca73a608bea0c58fbcf4159833ee23699f8eea0825aa81f3390de5c047e179d5dc3df16b78ec081da38ae4f8890ba991c2df81d080b8ac1,07/23/2025 04:52:00 PM,2,DRIVER,1,2014229,,FORD,RANGER,IL,2004,NONE,PICKUP,PERSONAL,E,TURNING LEFT,,,2,,,,,Y,Y,,,,,,,,,,,,SIDE-RIGHT-FRONT,,,,,,,,,,,,,,,,,,,,,,,,,,,,,,,,,
2114101,6796916b6399a660196abaed69a1d2c0d5f0f986e55ef301888cece2582bd44f2c6df403d25382ef057b5670c3ff7e4c658d72bd0f39f7923cffc5964648f7e2,07/23/2025 04:50:00 PM,1,DRIVER,,2015402,,CHEVROLET,CRUZE,IL,2016,UNKNOWN,PASSENGER,PERSONAL,W,STRAIGHT AHEAD,,,1,,,,,,,,,,,,,,,,,Y,FRONT,,,,,,,,,,,,,,,,,,,,,,,,,,,,,,,,,
2114102,6796916b6399a660196abaed69a1d2c0d5f0f986e55ef301888cece2582bd44f2c6df403d25382ef057b5670c3ff7e4c658d72bd0f39f7923cffc5964648f7e2,07/23/2025 04:50:00 PM,2,DRIVER,,2015413,,KIA,TELLURIDE,IL,2023,NONE,PASSENGER,PERSONAL,W,SLOW/STOP IN TRAFFIC,,,1,,,,,,,,,Y,Y,Y,,,,,,,REAR,,,,,,,,,,,,,,,,,,,,,,,,,,,,,,,,,
2112849,21c1a62b10c9f4dd767e86f5727eed3a1e8adf886deb453d5e8090b6fb0c435f51b313f3553e782b39748e3f87442758344f86dfca5b26b1e117f7fe50a8252a,07/23/2025 04:45:00 PM,1,DRIVER,1,2014195,,HYUNDAI,SANTA FE,IL,2017,NONE,SPORT UTILITY VEHICLE (SUV),PERSONAL,SE,TURNING LEFT,Y,,2,,OWNER,UNKNOWN,,Y,,,,,,,,,,Y,Y,,FRONT-RIGHT-CORNER,,,,,,,,,,,,,,,,,,,,,,,,,,,,,,,,,
2112850,21c1a62b10c9f4dd767e86f5727eed3a1e8adf886deb453d5e8090b6fb0c435f51b313f3553e782b39748e3f87442758344f86dfca5b26b1e117f7fe50a8252a,07/23/2025 04:45:00 PM,2,DRIVER,,2014201,,INFINITI,Q50,IL,2015,NONE,PASSENGER,PERSONAL,N,STRAIGHT AHEAD,Y,,1,,OWNER,UNKNOWN,,Y,Y,,,,,,,Y,Y,Y,Y,,SIDE-LEFT-FRONT,,,,,,,,,,,,,,,,,,,,,,,,,,,,,,,,,
2112851,21c1a62b10c9f4dd767e86f5727eed3a1e8adf886deb453d5e8090b6fb0c435f51b313f3553e782b39748e3f87442758344f86dfca5b26b1e117f7fe50a8252a,07/23/2025 04:45:00 PM,3,DRIVER,,2014209,,CHEVROLET,IMPALA,IL,2011,NONE,PASSENGER,PERSONAL,W,TURNING RIGHT,,,1,,,,,,,,,,,,Y,Y,Y,Y,,,SIDE-LEFT-FRONT,,,,,,,,,,,,,,,,,,,,,,,,,,,,,,,,,
2114996,d92a3787ab92f34c1af46cae2c91e2b3e32c56482e2efb383e13f90ad9f3f8a571e01dc0b2769d334cfc0c0285deb8b884c212a2fbee87b2428e45f935253686,07/23/2025 04:43:00 PM,1,DRIVER,,2016244,,JEEP,CHEROKEE,IL,1900,OTHER,PASSENGER,PERSONAL,S,STRAIGHT AHEAD,,,1,,,,,Y,,,,,,,,,,Y,Y,,FRONT,,,,,,,,,,,,,,,,,,,,,,,,,,,,,,,,,
2114997,d92a3787ab92f34c1af46cae2c91e2b3e32c56482e2efb383e13f90ad9f3f8a571e01dc0b2769d334cfc0c0285deb8b884c212a2fbee87b2428e45f935253686,07/23/2025 04:43:00 PM,2,DRIVER,,2016252,,TOYOTA,YARIS,IL,2008,UNKNOWN,PASSENGER,PERSONAL,S,STRAIGHT AHEAD,,,1,,,,,,,,,Y,Y,Y,,,,,,,UNKNOWN,,,,,,,,,,,,,,,,,,,,,,,,,,,,,,,,,
2112822,847849ffb6988a3dac071c1df5400d06fd9fac49e1c8f0b89ed17dab858fcd510b082e530bb3ef4b9281d6827d400118c822759069a654f72f224aa79df52143,07/23/2025 04:35:00 PM,1,DRIVER,,2014168,,PORSCHE,PANAMERA,IL,2018,NONE,PASSENGER,PERSONAL,N,CHANGING LANES,,,1,,,,N,,N,Y,Y,Y,,,,,,,,,SIDE-RIGHT-REAR,,,,,,,,,,,,,,,,,,,,,,,,,,,,,,,,,
2112823,847849ffb6988a3dac071c1df5400d06fd9fac49e1c8f0b89ed17dab858fcd510b082e530bb3ef4b9281d6827d400118c822759069a654f72f224aa79df52143,07/23/2025 04:35:00 PM,2,DRIVERLESS,,2014173,,CHEVROLET,SILVERADO,XX,2016,NONE,PICKUP,NOT IN USE,W,PARKED,,,0,,,,,,,,,,,,,,,Y,,,FRONT-LEFT-CORNER,,,,,,,,,,,,,,,,,,,,,,,,,,,,,,,,,
2112817,5077cbc62b4c3460d67f9fcae7cdd29a069fe4ed446b9165152d5c364f6821d5c122353193000b6fc31560b8ae05cb001f5dce392af2fa7e1827d25acd83b753,07/23/2025 04:30:00 PM,1,DRIVER,,2014153,,ACURA,ADX,,,UNKNOWN,PASSENGER,PERSONAL,S,STRAIGHT AHEAD,,,1,,,,,Y,Y,,,,,,,,,,,,FRONT-RIGHT-CORNER,,,,,,,,,,,,,,,,,,,,,,,,,,,,,,,,,
2112818,5077cbc62b4c3460d67f9fcae7cdd29a069fe4ed446b9165152d5c364f6821d5c122353193000b6fc31560b8ae05cb001f5dce392af2fa7e1827d25acd83b753,07/23/2025 04:30:00 PM,2,DRIVER,,2014158,,HONDA,OTHER (EXPLAIN IN NARRATIVE),,,NONE,PASSENGER,PERSONAL,S,STRAIGHT AHEAD,,,1,,,,,,,,,,Y,,,,,,,,REAR,,,,,,,,,,,,,,,,,,,,,,,,,,,,,,,,,
2112949,9b6f052846d0a54bf2f662f9bff6401882f963129d3aa7d4ff9fa362d7980458696f01b0c662c7a6bb0981d670d04ac44ddb359799276d4bc8312818aa34feb7,07/23/2025 04:30:00 PM,1,DRIVER,,2014314,,CHRYSLER,PACIFICA,IN,2025,UNKNOWN,PASSENGER,PERSONAL,N,SLOW/STOP IN TRAFFIC,,,1,,,,,Y,Y,,,,,,N,N,,,,,SIDE-RIGHT-FRONT,,,,,,,,,,,,,,,,,,,,,,,,,,,,,,,,,
2112950,9b6f052846d0a54bf2f662f9bff6401882f963129d3aa7d4ff9fa362d7980458696f01b0c662c7a6bb0981d670d04ac44ddb359799276d4bc8312818aa34feb7,07/23/2025 04:30:00 PM,2,DRIVER,,2014373,,AUDI,A6,IL,2025,UNKNOWN,PASSENGER,PERSONAL,N,MERGING,,,1,,,,,,,,,,,,Y,Y,,,,,SIDE-LEFT,,,,,,,,,,,,,,,,,,,,,,,,,,,,,,,,,
2113020,ecf2f91d317dd72286609fab5648b43d8513d291ae6095d53b707c5316e3bc19fd74a0dfaff201f5e22824df728d651d6006d93a1c59293b16266ce4e42dc1cf,07/23/2025 04:30:00 PM,1,DRIVER,,2014374,,TOYOTA,RAV4,IL,2016,NONE,PASSENGER,PERSONAL,E,STRAIGHT AHEAD,,,1,,,,,Y,,,,,,,,,,Y,Y,,FRONT,,,,,,,,,,,,,,,,,,,,,,,,,,,,,,,,,
2113021,ecf2f91d317dd72286609fab5648b43d8513d291ae6095d53b707c5316e3bc19fd74a0dfaff201f5e22824df728d651d6006d93a1c59293b16266ce4e42dc1cf,07/23/2025 04:30:00 PM,2,DRIVER,,2014390,,MAZDA,MAZDA3,IL,2005,NONE,PASSENGER,PERSONAL,E,STRAIGHT AHEAD,,,1,,,,,,,,,Y,Y,Y,,,,,,,REAR,,,,,,,,,,,,,,,,,,,,,,,,,,,,,,,,,
2112814,817a5db1140aa840a2a5cea786c6c8bcb14850369a7614b255207cd5c0261c3b51497f35432b297ad2dcbf031e1e19071928f3dcdbb29bdd5be4f06e78c7af70,07/23/2025 04:24:00 PM,1,DRIVER,,2014160,,AUDI,Q5,IL,2022,UNKNOWN,PASSENGER,PERSONAL,N,STRAIGHT AHEAD,,,1,,,,,Y,,,,,,,,,,Y,Y,,FRONT,,,,,,,,,,,,,,,,,,,,,,,,,,,,,,,,,
2112815,817a5db1140aa840a2a5cea786c6c8bcb14850369a7614b255207cd5c0261c3b51497f35432b297ad2dcbf031e1e19071928f3dcdbb29bdd5be4f06e78c7af70,07/23/2025 04:24:00 PM,2,DRIVER,,2014175,,HONDA,FIT,IL,2016,UNKNOWN,PASSENGER,PERSONAL,E,STRAIGHT AHEAD,,,1,,,,,Y,Y,Y,Y,,,,,,,,,,SIDE-RIGHT,,,,,,,,,,,,,,,,,,,,,,,,,,,,,,,,,
2112826,25a96b517256d373a72e6d4a3159f9e546af1d751d0f8255e84b935f324a36e66ae55c763f9ca4e38c38973fe660bacb7a287a1702384701dec8d565bf823cb1,07/23/2025 04:21:00 PM,1,DRIVER,1,2014180,N,FORD,EXPLORER,IL,2021,UNKNOWN,SPORT UTILITY VEHICLE (SUV),POLICE,S,U-TURN,,,2,,,,,,,,,,,,,,Y,Y,Y,,FRONT-LEFT-CORNER,,,,,,,,,,,,,,,,,,,,,,,,,,,,,,,,,
2112827,25a96b517256d373a72e6d4a3159f9e546af1d751d0f8255e84b935f324a36e66ae55c763f9ca4e38c38973fe660bacb7a287a1702384701dec8d565bf823cb1,07/23/2025 04:21:00 PM,2,DRIVER,,2014202,,TOYOTA,HIGHLANDER,IL,2015,UNKNOWN,UNKNOWN/NA,UNKNOWN/NA,S,STRAIGHT AHEAD,Y,,1,,PERSONAL TOW,,,,,,,,Y,Y,Y,,,,,,REAR-LEFT-CORNER,,,,,,,,,,,,,,,,,,,,,,,,,,,,,,,,,
2113010,3c32ac67347bc7d77a8edf9b17dd1fd5ea975e604b3f07b7889442862c53b63f96afe1541d85e97c1ac29220cbb70a54083497e89bbe57b25b3cd2242fa98155,07/23/2025 04:20:00 PM,1,DRIVER,,2014355,,CHEVROLET,EQUINOX,IL,2010,NONE,PASSENGER,PERSONAL,E,TURNING LEFT,Y,,1,,E AND R TOWING,103 DOTY,,,Y,Y,Y,Y,,,,,,,,,SIDE-RIGHT,,,,,,,,,,,,,,,,,,,,,,,,,,,,,,,,,
2113011,3c32ac67347bc7d77a8edf9b17dd1fd5ea975e604b3f07b7889442862c53b63f96afe1541d85e97c1ac29220cbb70a54083497e89bbe57b25b3cd2242fa98155,07/23/2025 04:20:00 PM,2,DRIVER,1,2014363,,NISSAN,ROGUE,UT,2024,NONE,PASSENGER,PERSONAL,W,STRAIGHT AHEAD,Y,,2,,E AND R TOWING,103 DOTY,,Y,Y,,,,,,,,Y,Y,Y,,FRONT,,,,,,,,,,,,,,,,,,,,,,,,,,,,,,,,,
2113014,3c32ac67347bc7d77a8edf9b17dd1fd5ea975e604b3f07b7889442862c53b63f96afe1541d85e97c1ac29220cbb70a54083497e89bbe57b25b3cd2242fa98155,07/23/2025 04:20:00 PM,3,DRIVER,,2014350,,UNKNOWN,OTHER (EXPLAIN IN NARRATIVE),IL,2006,NONE,OTHER,TOW TRUCK,S,STRAIGHT AHEAD,,,1,,,,,Y,,,,,,,,,,Y,Y,,FRONT,,,,,,,,,,,,,,,,,,,,,,,,,,,,,,,,,
2112943,4b50ac294f37c7a681d9f1fd493189e9b9385330aa4afd4a02d78509acf7992184e80cc88be2f39e4886d581eef9d79250e77a4ce0a6a74e0ff156964ff4b93c,07/23/2025 04:20:00 PM,1,DRIVER,,2014294,,FORD,F250,IL,2009,UNKNOWN,PICKUP,UNKNOWN/NA,E,STRAIGHT AHEAD,,,1,,,,,,,,,,,,,,,,,Y,UNKNOWN,,,,,,,,,,,,,,,,,,,,,,,,,,,,,,,,,
2112944,4b50ac294f37c7a681d9f1fd493189e9b9385330aa4afd4a02d78509acf7992184e80cc88be2f39e4886d581eef9d79250e77a4ce0a6a74e0ff156964ff4b93c,07/23/2025 04:20:00 PM,2,DRIVER,,2014315,,TOYOTA,COROLLA,IL,2019,UNKNOWN,PASSENGER,PERSONAL,E,ENTERING TRAFFIC LANE FROM PARKING,,,1,,,,,,Y,Y,Y,,,,,,,,,,SIDE-RIGHT,,,,,,,,,,,,,,,,,,,,,,,,,,,,,,,,,
2117104,13bd99707bc88897c1e94fb39b907a8ac8118daa94be32555918c2cdebf47f7f9678dd17eebd597628cbb477f1fb55f40e011426e5835418ad3074eee91c69f6,07/23/2025 04:15:00 PM,1,DRIVER,,2018476,,HYUNDAI,SONATA,,2010,UNKNOWN,UNKNOWN/NA,UNKNOWN/NA,W,TURNING LEFT,,,1,,,,,,,,,,,,,,,,,,FRONT,,,,,,,,,,,,,,,,,,,,,,,,,,,,,,,,,
2117105,13bd99707bc88897c1e94fb39b907a8ac8118daa94be32555918c2cdebf47f7f9678dd17eebd597628cbb477f1fb55f40e011426e5835418ad3074eee91c69f6,07/23/2025 04:15:00 PM,2,DRIVER,,2018480,,LEXUS,RX,,2011,UNKNOWN,PASSENGER,UNKNOWN/NA,E,STRAIGHT AHEAD,,,1,,,,,Y,,,,,,,,,,Y,Y,,FRONT,,,,,,,,,,,,,,,,,,,,,,,,,,,,,,,,,
2112798,23facd4b265a045f8405684839e34f58ac3e8a36548d261e2e1187b291993aeef1d6d62514742b44a66226a31575dafd23fe30898a265d2a22d4d0b4e2e75458,07/23/2025 04:15:00 PM,1,PARKED,,2014144,,PONTIAC,G5,IL,2009,NONE,PASSENGER,PERSONAL,UNKNOWN,PARKED,,,0,,,,,,,,,,,,,Y,Y,,,,SIDE-LEFT,,,,,,,,,,,,,,,,,,,,,,,,,,,,,,,,,