CRASH_UNIT_ID,CRASH_RECORD_ID,CRASH_DATE,UNIT_NO,UNIT_TYPE,NUM_PASSENGERS,VEHICLE_ID,CMRC_VEH_I,MAKE,MODEL,LIC_PLATE_STATE,VEHICLE_YEAR,VEHICLE_DEFECT,VEHICLE_TYPE,VEHICLE_USE,TRAVEL_DIRECTION,MANEUVER,TOWED_I,FIRE_I,OCCUPANT_CNT,EXCEED_SPEED_LIMIT_I,TOWED_BY,TOWED_TO,AREA_00_I,AREA_01_I,AREA_02_I,AREA_03_I,AREA_04_I,AREA_05_I,AREA_06_I,AREA_07_I,AREA_08_I,AREA_09_I,AREA_10_I,AREA_11_I,AREA_12_I,AREA_99_I,FIRST_CONTACT_POINT,CMV_ID,USDOT_NO,CCMC_NO,ILCC_NO,COMMERCIAL_SRC,GVWR,CARRIER_NAME,CARRIER_STATE,CARRIER_CITY,HAZMAT_PLACARDS_I,HAZMAT_NAME,UN_NO,HAZMAT_PRESENT_I,HAZMAT_REPORT_I,HAZMAT_REPORT_NO,MCS_REPORT_I,MCS_REPORT_NO,HAZMAT_VIO_CAUSE_CRASH_I,MCS_VIO_CAUSE_CRASH_I,IDOT_PERMIT_NO,WIDE_LOAD_I,TRAILER1_WIDTH,TRAILER2_WIDTH,TRAILER1_LENGTH,TRAILER2_LENGTH,TOTAL_VEHICLE_LENGTH,AXLE_CNT,VEHICLE_CONFIG,CARGO_BODY_TYPE,LOAD_TYPE,HAZMAT_OUT_OF_SERVICE_I,MCS_OUT_OF_SERVICE_I,HAZMAT_CLASS
2112799,23facd4b265a045f8405684839e34f58ac3e8a36548d261e2e1187b291993aeef1d6d62514742b44a66226a31575dafd23fe30898a265d2a22d4d0b4e2e75458,07/23/2025 04:15:00 PM,2,DRIVER,,2014155,,LEXUS,RX,IL,2011,NONE,PASSENGER,PERSONAL,E,STRAIGHT AHEAD,,,1,,,,,Y,Y,,,,,,,,,,,,FRONT-RIGHT-CORNER,,,,,,,,,,,,,,,,,,,,,,,,,,,,,,,,,
2112939,6455ac4cdaedf29b6b35756d781a63da62bd15919a701d74f66d5fb25af88f63227bacb97b6b2b2a32f575ad0ef4b69d8260c7ca560b6b5d54bf256674e615c3,07/23/2025 04:15:00 PM,1,DRIVER,1,2014280,,KIA,SPORTAGE,IL,2014,UNKNOWN,SPORT UTILITY VEHICLE (SUV),PERSONAL,E,CHANGING LANES,,,2,,,,,,,,,,,,,,,,,Y,UNKNOWN,,,,,,,,,,,,,,,,,,,,,,,,,,,,,,,,,
2112940,6455ac4cdaedf29b6b35756d781a63da62bd15919a701d74f66d5fb25af88f63227bacb97b6b2b2a32f575ad0ef4b69d8260c7ca560b6b5d54bf256674e615c3,07/23/2025 04:15:00 PM,2,DRIVER,,2014288,,TOYOTA,VENZA,IL,2015,UNKNOWN,SPORT UTILITY VEHICLE (SUV),PERSONAL,E,STRAIGHT AHEAD,,,1,,,,,,,,Y,Y,,,,,,,,,SIDE-RIGHT-REAR,,,,,,,,,,,,,,,,,,,,,,,,,,,,,,,,,
2112927,df594effbc54ff5b59510959a7024ba3d0a66f6ef8e122df8222ec53f2d907243af86e072ba1ab2f3c901fb2b6dc299e5b26699fe656d716a918900398748f80,07/23/2025 04:10:00 PM,1,DRIVER,,2014266,,UNKNOWN,OTHER (EXPLAIN IN NARRATIVE),,,UNKNOWN,SINGLE UNIT TRUCK WITH TRAILER,UNKNOWN/NA,W,BACKING,,,1,,,,,N,,,,,,,,,,N,N,Y,REAR,,,,,,,,,,,,,,,,,,,,,,,,,,,,,,,,,
2112928,df594effbc54ff5b59510959a7024ba3d0a66f6ef8e122df8222ec53f2d907243af86e072ba1ab2f3c901fb2b6dc299e5b26699fe656d716a918900398748f80,07/23/2025 04:10:00 PM,2,PARKED,,2014290,,NISSAN,SENTRA,IL,2014,UNKNOWN,PASSENGER,NOT IN USE,E,PARKED,Y,,0,,,,,Y,,,,,,,,,Y,Y,Y,,FRONT,,,,,,,,,,,,,,,,,,,,,,,,,,,,,,,,,
2112788,6c758a9409e1377a81c7417209dea84d5208d73106d67589f9b0c921fc9ea7ae389603d9d0c4780113ee57e4f0e5e6e41a786825810709f99d04c9894c7e2427,07/23/2025 04:06:00 PM,1,DRIVER,,2014130,,LEXUS,RX350,IL,2004,UNKNOWN,UNKNOWN/NA,UNKNOWN/NA,W,STRAIGHT AHEAD,,,1,,,,,N,,,,,,,,,,N,Y,,FRONT,,,,,,,,,,,,,,,,,,,,,,,,,,,,,,,,,
2112789,6c758a9409e1377a81c7417209dea84d5208d73106d67589f9b0c921fc9ea7ae389603d9d0c4780113ee57e4f0e5e6e41a786825810709f99d04c9894c7e2427,07/23/2025 04:06:00 PM,2,DRIVER,1,2014136,,AUDI,A3,NY,2025,NONE,PASSENGER,PERSONAL,W,STRAIGHT AHEAD,,,2,,,,,,,,,Y,Y,Y,,,,,,,REAR,,,,,,,,,,,,,,,,,,,,,,,,,,,,,,,,,
2112838,8b3b8f4998ca7e71efcf3f7428b3fb74a6e8cba75b53951f3dc260b98135b91bac4ab8a3832bb4e3dd09b709480faf2a96fa36a85351c2f766458ca94079dea1,07/23/2025 04:06:00 PM,1,DRIVER,,2014186,,CHEVROLET,IMPALA,IL,2014,UNKNOWN,PASSENGER,PERSONAL,W,STRAIGHT AHEAD,,,1,,,,,Y,,,,,,,,,,Y,Y,,FRONT,,,,,,,,,,,,,,,,,,,,,,,,,,,,,,,,,
2112839,8b3b8f4998ca7e71efcf3f7428b3fb74a6e8cba75b53951f3dc260b98135b91bac4ab8a3832bb4e3dd09b709480faf2a96fa36a85351c2f766458ca94079dea1,07/23/2025 04:06:00 PM,2,DRIVER,,2014197,,NISSAN,VERSA,IL,2024,UNKNOWN,PASSENGER,OTHER,S,STRAIGHT AHEAD,Y,,1,,PRIVATE TOW,UNK,,,,,,,,Y,Y,Y,,,,,SIDE-LEFT-REAR,,,,,,,,,,,,,,,,,,,,,,,,,,,,,,,,,
2113082,2de8d1e9dc96663c0b662d9cde8c97bb0e797c49c8ca1d814e914fae2f4b492c51618c69ed966e0466d68219a56e11b80fa4b2803553da8daee8b8c2d6058f8a,07/23/2025 04:00:00 PM,1,DRIVER,,2014426,,CHEVROLET,EQUINOX,,2019,NONE,SPORT UTILITY VEHICLE (SUV),PERSONAL,S,STRAIGHT AHEAD,,,1,,,,,,,,,,,,,,,,Y,,FRONT,,,,,,,,,,,,,,,,,,,,,,,,,,,,,,,,,
2113083,2de8d1e9dc96663c0b662d9cde8c97bb0e797c49c8ca1d814e914fae2f4b492c51618c69ed966e0466d68219a56e11b80fa4b2803553da8daee8b8c2d6058f8a,07/23/2025 04:00:00 PM,2,DRIVER,,2014430,,CHEVROLET,TRAVERSE,,2013,NONE,SPORT UTILITY VEHICLE (SUV),PERSONAL,S,STRAIGHT AHEAD,,,1,,,,,,,,,,Y,,,,,,,,REAR,,,,,,,,,,,,,,,,,,,,,,,,,,,,,,,,,
2113472,3157f6de1e0494a3d81671f8ab732ca2d2e328a00a594c401e35011006bd37cbda0e1e3f20173d65892439d07c1043bc50600d9eb86d14c5511061a4843184f1,07/23/2025 04:00:00 PM,1,DRIVER,,2014850,,UNKNOWN,OTHER (EXPLAIN IN NARRATIVE),IL,,UNKNOWN,BUS OVER 15 PASS.,CTA,W,STRAIGHT AHEAD,,,1,,,,,,,,,,,,,,,,,Y,UNKNOWN,,,,,,,,,,,,,,,,,,,,,,,,,,,,,,,,,
2113473,3157f6de1e0494a3d81671f8ab732ca2d2e328a00a594c401e35011006bd37cbda0e1e3f20173d65892439d07c1043bc50600d9eb86d14c5511061a4843184f1,07/23/2025 04:00:00 PM,2,PARKED,,2014853,,NISSAN,ALTIMA,IL,2013,UNKNOWN,PASSENGER,PERSONAL,W,PARKED,,,0,,,,,,Y,Y,,,,,,,,,,,SIDE-RIGHT-FRONT,,,,,,,,,,,,,,,,,,,,,,,,,,,,,,,,,
2112777,b2a103ab5b789be9207d6d6a049826144c0b30f283bd0488e8bf74f4cae6b09530402e761c7d675bdeddd41990667c1d12c387a224efc59d23955183055635ab,07/23/2025 04:00:00 PM,1,DRIVER,,2014120,,TOYOTA,COROLLA,IL,2013,NONE,PASSENGER,NOT IN USE,N,STRAIGHT AHEAD,,,1,,,,,,,,,,,,,,,,,,UNKNOWN,,,,,,,,,,,,,,,,,,,,,,,,,,,,,,,,,
2112778,b2a103ab5b789be9207d6d6a049826144c0b30f283bd0488e8bf74f4cae6b09530402e761c7d675bdeddd41990667c1d12c387a224efc59d23955183055635ab,07/23/2025 04:00:00 PM,2,DRIVER,,2014127,,VOLVO,S40,IL,2006,NONE,PASSENGER,NOT IN USE,N,STRAIGHT AHEAD,,,1,,,,,,,,,,,,,,,,,,NONE,,,,,,,,,,,,,,,,,,,,,,,,,,,,,,,,,
2113117,bf7fcea963ef0ad6476cd47263a4e5713bd223eda42b6144e450ed1bb3b578d748b67bcb82124a7c415fbe0b08891f57c3db878329d83bc12877f67863f33934,07/23/2025 04:00:00 PM,1,DRIVER,,2014459,,FORD,FLEX,,,UNKNOWN,SPORT UTILITY VEHICLE (SUV),UNKNOWN/NA,UNKNOWN,BACKING,,,1,,,,,,,,,,Y,,,,,,,,REAR,,,,,,,,,,,,,,,,,,,,,,,,,,,,,,,,,
2113118,bf7fcea963ef0ad6476cd47263a4e5713bd223eda42b6144e450ed1bb3b578d748b67bcb82124a7c415fbe0b08891f57c3db878329d83bc12877f67863f33934,07/23/2025 04:00:00 PM,2,DRIVER,,2014462,,ACURA,ILX,,,UNKNOWN,PASSENGER,PERSONAL,UNKNOWN,STRAIGHT AHEAD,,,1,,,,,,,N,N,Y,,,,,,,,,REAR-RIGHT-CORNER,,,,,,,,,,,,,,,,,,,,,,,,,,,,,,,,,
2112810,51cb4c98c517b0aaba0b8c11357bb54b2cc2132d9b8400d8f793b9811b62c658929f7103ee3897c497edaf17cf131bab5ef6fafd324ac14b1010e9ef70877d9e,07/23/2025 03:52:00 PM,1,DRIVER,,2014166,,HONDA,CR-V,IL,2020,UNKNOWN,SPORT UTILITY VEHICLE (SUV),PERSONAL,N,MERGING,,,1,,,,Y,,,,,,,,,,,,,,NONE,,,,,,,,,,,,,,,,,,,,,,,,,,,,,,,,,
2112840,51cb4c98c517b0aaba0b8c11357bb54b2cc2132d9b8400d8f793b9811b62c658929f7103ee3897c497edaf17cf131bab5ef6fafd324ac14b1010e9ef70877d9e,07/23/2025 03:52:00 PM,2,PEDESTRIAN,,,,,,,,,,,,,,,,,,,,,,,,,,,,,,,,,,,,,,,,,,,,,,,,,,,,,,,,,,,,,,,,,,
2113103,9bd3ca6582ad374ffe32fca0c044d41e6e28dc0086ef7a60160033832bf0a600e445afddd0cd04e235e65c09bf64575a4f55bb01cf5db6e678d36a852be4f197,07/23/2025 03:50:00 PM,1,DRIVER,,2014447,,HYUNDAI,TUCSON,IL,2021,NONE,SPORT UTILITY VEHICLE (SUV),PERSONAL,W,PASSING/OVERTAKING,,,1,,,,,Y,,,,,,,,,,Y,Y,,FRONT,,,,,,,,,,,,,,,,,,,,,,,,,,,,,,,,,
2113104,9bd3ca6582ad374ffe32fca0c044d41e6e28dc0086ef7a60160033832bf0a600e445afddd0cd04e235e65c09bf64575a4f55bb01cf5db6e678d36a852be4f197,07/23/2025 03:50:00 PM,2,DRIVER,,2014448,,HONDA,INSIGHT,IL,2020,NONE,PASSENGER,PERSONAL,W,STRAIGHT AHEAD,,,1,,,,,,,,,Y,Y,Y,,,,,,,REAR,,,,,,,,,,,,,,,,,,,,,,,,,,,,,,,,,
2112832,66c5c76340b00b6fbcaf8c686fd31e97e7f8a6fd8aeef2ebe056fa21f9278ff3627c06d8c519620109127ffe6dd0ddc26280d23a0dcee447c6c6db5953c0b347,07/23/2025 03:48:00 PM,1,DRIVER,1,2014178,,CHRYSLER,TOWN & COUNTRY,IL,2005,UNKNOWN,VAN/MINI-VAN,PERSONAL,W,STRAIGHT AHEAD,Y,,2,,,,,Y,,,,,,,,,,Y,Y,,FRONT,,,,,,,,,,,,,,,,,,,,,,,,,,,,,,,,,
2112833,66c5c76340b00b6fbcaf8c686fd31e97e7f8a6fd8aeef2ebe056fa21f9278ff3627c06d8c519620109127ffe6dd0ddc26280d23a0dcee447c6c6db5953c0b347,07/23/2025 03:48:00 PM,2,DRIVER,,2014191,,FORD,ESCAPE,IL,2021,UNKNOWN,SPORT UTILITY VEHICLE (SUV),OTHER,W,SLOW/STOP IN TRAFFIC,,,1,,,,,,,,,Y,Y,Y,,,,,,,REAR,,,,,,,,,,,,,,,,,,,,,,,,,,,,,,,,,
2112759,2ff1b73c44da4d40d21292c19bcb34fd8f8634f124051842dabb3883f518c2c7fac7ab9ad4c4931857b1d7a8f2b814cc9f456a8f9abfa20db25c2e96785ea44d,07/23/2025 03:45:00 PM,1,DRIVER,,2014110,,INFINITI,QX60,WI,2019,NONE,SPORT UTILITY VEHICLE (SUV),PERSONAL,E,CHANGING LANES,,,1,,,,,,,,,,,,,Y,Y,Y,,,SIDE-LEFT,,,,,,,,,,,,,,,,,,,,,,,,,,,,,,,,,
2112760,2ff1b73c44da4d40d21292c19bcb34fd8f8634f124051842dabb3883f518c2c7fac7ab9ad4c4931857b1d7a8f2b814cc9f456a8f9abfa20db25c2e96785ea44d,07/23/2025 03:45:00 PM,2,DRIVER,2,2014114,,CADILLAC,ESCALADE,IL,2024,NONE,SPORT UTILITY VEHICLE (SUV),OTHER,E,STRAIGHT AHEAD,,,3,,,,,Y,,,,,,,,,,,,,FRONT-RIGHT-CORNER,,,,,,,,,,,,,,,,,,,,,,,,,,,,,,,,,
2112804,c2858258ec275aa9f04a91eb8e6e86f9715f3a1b2da89974072f806ec112823349179a4d845d65b5b9e5a0e87d7184c183520a6c46b214a6dcf2b7d8d10827a7,07/23/2025 03:45:00 PM,1,DRIVER,,2014165,,FORD,F550,IL,2023,UNKNOWN,BUS OVER 15 PASS.,OTHER,E,CHANGING LANES,,,1,,,,,,,,,,,Y,Y,Y,,,,,SIDE-LEFT-REAR,,,,,,,,,,,,,,,,,,,,,,,,,,,,,,,,,
2112805,c2858258ec275aa9f04a91eb8e6e86f9715f3a1b2da89974072f806ec112823349179a4d845d65b5b9e5a0e87d7184c183520a6c46b214a6dcf2b7d8d10827a7,07/23/2025 03:45:00 PM,2,DRIVER,,2014174,,CHEVROLET,SILVERADO,IL,2019,UNKNOWN,PICKUP,PERSONAL,E,STRAIGHT AHEAD,,,1,,,,,Y,Y,Y,,,,,,,,,,,SIDE-RIGHT,,,,,,,,,,,,,,,,,,,,,,,,,,,,,,,,,
2113516,e8cb0698532c73331c68998ad122f04199cbbc07f1b9aa0ff2d6e220594cf3dbe110c4ce412aa1cfb2606f00d9eafaafadc7196664dee48b4dc65d8d81fc6ee9,07/23/2025 03:45:00 PM,1,DRIVER,,2014839,,UNKNOWN,MOTORIZED,,,UNKNOWN,UNKNOWN/NA,UNKNOWN/NA,UNKNOWN,UNKNOWN/NA,,,1,,,,,,,,,,,,,,,,,Y,UNKNOWN,,,,,,,,,,,,,,,,,,,,,,,,,,,,,,,,,
2113517,e8cb0698532c73331c68998ad122f04199cbbc07f1b9aa0ff2d6e220594cf3dbe110c4ce412aa1cfb2606f00d9eafaafadc7196664dee48b4dc65d8d81fc6ee9,07/23/2025 03:45:00 PM,2,DRIVER,,2014845,,MAZDA,CX-7,IL,2010,NONE,PASSENGER,PERSONAL,W,STRAIGHT AHEAD,,,1,,,,,Y,,,,,,,,,,,,,FRONT-RIGHT-CORNER,,,,,,,,,,,,,,,,,,,,,,,,,,,,,,,,,
2113438,fbcb85d8b67508a556a69495283556cbdeec514ca4059870f8859bb0e60e0b52cbcbc5dbc9681296ee1f64aca19a5248d6cca4868f7f93a3b34550041e8f89da,07/23/2025 03:45:00 PM,1,DRIVER,,2014764,,KIA,SOUL,IL,2016,UNKNOWN,SPORT UTILITY VEHICLE (SUV),PERSONAL,UNKNOWN,STRAIGHT AHEAD,,,1,,,,,Y,,,,,,,,,,,Y,,FRONT-RIGHT-CORNER,,,,,,,,,,,,,,,,,,,,,,,,,,,,,,,,,
2113439,fbcb85d8b67508a556a69495283556cbdeec514ca4059870f8859bb0e60e0b52cbcbc5dbc9681296ee1f64aca19a5248d6cca4868f7f93a3b34550041e8f89da,07/23/2025 03:45:00 PM,2,DRIVER,,2014769,,BMW,OTHER (EXPLAIN IN NARRATIVE),IL,2016,UNKNOWN,MOTORCYCLE (OVER 150CC),PERSONAL,UNKNOWN,STRAIGHT AHEAD,,,1,,,,,,,,,,Y,,,,,,,,REAR,,,,,,,,,,,,,,,,,,,,,,,,,,,,,,,,,
2112830,a8ec4fa4b09dc6f8ede6d93bfcbde15c37d6176dffdffd6274a9db647d7b705ca649420641dea545ced7549c85be81d36d9b9b7346e2910d57ceebebee31220d,07/23/2025 03:43:00 PM,1,DRIVER,,2014179,,MAZDA,OTHER (EXPLAIN IN NARRATIVE),,,UNKNOWN,VAN/MINI-VAN,UNKNOWN/NA,N,STRAIGHT AHEAD,,,1,,,,,Y,,,,,,,,,,Y,Y,,FRONT,,,,,,,,,,,,,,,,,,,,,,,,,,,,,,,,,
2112831,a8ec4fa4b09dc6f8ede6d93bfcbde15c37d6176dffdffd6274a9db647d7b705ca649420641dea545ced7549c85be81d36d9b9b7346e2910d57ceebebee31220d,07/23/2025 03:43:00 PM,2,DRIVER,1,2014196,,JEEP,GRAND CHEROKEE,IL,2020,NONE,SPORT UTILITY VEHICLE (SUV),PERSONAL,N,STRAIGHT AHEAD,,,2,,,,,,,,,Y,Y,,,,,,,,REAR-RIGHT-CORNER,,,,,,,,,,,,,,,,,,,,,,,,,,,,,,,,,
2112834,e5ba24cd6480ef473c5df62d3e8c5542476148bde377e382a747af94f244b5e4b83034244d299814c4917d6ba196e1b78df536b1bd55fc1cfe39e8f3e2f075f9,07/23/2025 03:40:00 PM,1,DRIVER,,2014190,,LEXUS,GX,IL,2019,NONE,PASSENGER,PERSONAL,W,STRAIGHT AHEAD,,,1,,,,,,,,,,,,,,,,,,REAR-LEFT-CORNER,,,,,,,,,,,,,,,,,,,,,,,,,,,,,,,,,
2112835,e5ba24cd6480ef473c5df62d3e8c5542476148bde377e382a747af94f244b5e4b83034244d299814c4917d6ba196e1b78df536b1bd55fc1cfe39e8f3e2f075f9,07/23/2025 03:40:00 PM,2,DRIVER,1,2014199,,ACURA,TLX,IL,2021,NONE,PASSENGER,PERSONAL,N,STARTING IN TRAFFIC,,,2,,,,,,,,,,,,,,,,,,FRONT,,,,,,,,,,,,,,,,,,,,,,,,,,,,,,,,,
2112857,62b51d1da65669de91849b06355722a4a2fd6d010bed0aeeaa7b5f0e8f8406e3d3d64d3675ebfef8f8e073fca01e48069c291385280e5ce3d69208e7e29095d2,07/23/2025 03:39:00 PM,1,DRIVER,,2014217,,MITSUBISHI,OTHER (EXPLAIN IN NARRATIVE),IL,2006,UNKNOWN,PASSENGER,PERSONAL,N,STRAIGHT AHEAD,,,1,,,,,,,Y,Y,Y,,,,,,,,,SIDE-RIGHT-REAR,,,,,,,,,,,,,,,,,,,,,,,,,,,,,,,,,
2112858,62b51d1da65669de91849b06355722a4a2fd6d010bed0aeeaa7b5f0e8f8406e3d3d64d3675ebfef8f8e073fca01e48069c291385280e5ce3d69208e7e29095d2,07/23/2025 03:39:00 PM,2,DRIVER,,2014227,,JEEP,WRANGLER,IL,2019,NONE,PASSENGER,PERSONAL,W,STRAIGHT AHEAD,,,1,,,,,,,,,,,,,,,Y,Y,,FRONT-LEFT-CORNER,,,,,,,,,,,,,,,,,,,,,,,,,,,,,,,,,
2113913,bbd8b734ea2078773a00dc259f0ad7b275f8ca5d98293ecdc84cc5108625739974075dee6e15ef8c1b676c88240ff511e18e7ac6c45587bb69a2c4b70033045b,07/23/2025 03:39:00 PM,1,DRIVER,,2015221,,MERCURY,GRAND MARQUIS,IL,2004,UNKNOWN,PASSENGER,PERSONAL,N,DRIVING WRONG WAY,Y,,1,,SS,DOTY,,Y,,,,,,,,,,Y,Y,,FRONT-RIGHT-CORNER,,,,,,,,,,,,,,,,,,,,,,,,,,,,,,,,,
2112907,3726cb3b1bf0b79911cbd6264565d0355f682dfa9992ae421c3c4fcd81a7f979134e34c5d1f7a03d1cad425318ac8efbc0f62e715efc710d5d4a4d8d3151e210,07/23/2025 03:38:00 PM,1,DRIVER,,2014258,,"(HOMEMADE MOTORCYCLE, MOPED.ETC.)","(HOMEMADE MOTORCYCLE, MOPED.ETC.)",IL,2021,UNKNOWN,MOTORCYCLE (OVER 150CC),PERSONAL,N,PASSING/OVERTAKING,,,1,,,,,Y,,,,,,,,,N,Y,Y,,FRONT,,,,,,,,,,,,,,,,,,,,,,,,,,,,,,,,,
2112908,3726cb3b1bf0b79911cbd6264565d0355f682dfa9992ae421c3c4fcd81a7f979134e34c5d1f7a03d1cad425318ac8efbc0f62e715efc710d5d4a4d8d3151e210,07/23/2025 03:38:00 PM,2,DRIVER,,2014275,,HONDA,CIVIC,IL,2008,UNKNOWN,PASSENGER,PERSONAL,SE,TURNING LEFT,,,1,,,,,,Y,Y,Y,,,,,,,,,,SIDE-RIGHT-FRONT,,,,,,,,,,,,,,,,,,,,,,,,,,,,,,,,,
2112765,2611448598842573120b117dd0523cdd5e3d4b28cb11d12b1e717ce7a93fe242f5c648fc043018f43b7857397f9e04509be75b4f8143be1567909c6ecf3ec01a,07/23/2025 03:30:00 PM,1,DRIVER,,2014133,,DODGE,CHARGER,,2013,UNKNOWN,PASSENGER,PERSONAL,S,ENTERING TRAFFIC LANE FROM PARKING,,,1,,,,,,,,,,,,,,,,,Y,FRONT-LEFT-CORNER,,,,,,,,,,,,,,,,,,,,,,,,,,,,,,,,,
2112766,2611448598842573120b117dd0523cdd5e3d4b28cb11d12b1e717ce7a93fe242f5c648fc043018f43b7857397f9e04509be75b4f8143be1567909c6ecf3ec01a,07/23/2025 03:30:00 PM,2,DRIVER,,2014139,,HONDA,ACCORD,IL,2011,NONE,PASSENGER,PERSONAL,W,STRAIGHT AHEAD,,,1,,,,,Y,,,,,,,,,,,Y,,FRONT-RIGHT-CORNER,,,,,,,,,,,,,,,,,,,,,,,,,,,,,,,,,
2112771,40eaf51cd26119f4c95b38be0799310043b97b729985d9e6414f694fe118a9bbf4ab5cd139411aa7e72044419abc4d18ee612436b04b1ad30fc3d0f8eb7b5d77,07/23/2025 03:30:00 PM,1,DRIVER,1,2014118,,SUBARU,CROSSTREK,IL,2019,NONE,SPORT UTILITY VEHICLE (SUV),PERSONAL,W,STRAIGHT AHEAD,,,2,,,,,Y,,,,,,,,,,,Y,,FRONT,,,,,,,,,,,,,,,,,,,,,,,,,,,,,,,,,
2112772,40eaf51cd26119f4c95b38be0799310043b97b729985d9e6414f694fe118a9bbf4ab5cd139411aa7e72044419abc4d18ee612436b04b1ad30fc3d0f8eb7b5d77,07/23/2025 03:30:00 PM,2,DRIVER,,2014123,,TOYOTA,RAV4,IL,2022,NONE,SPORT UTILITY VEHICLE (SUV),PERSONAL,W,STRAIGHT AHEAD,,,1,,,,,,,,,N,Y,,,,,,,,REAR,,,,,,,,,,,,,,,,,,,,,,,,,,,,,,,,,
2112773,40eaf51cd26119f4c95b38be0799310043b97b729985d9e6414f694fe118a9bbf4ab5cd139411aa7e72044419abc4d18ee612436b04b1ad30fc3d0f8eb7b5d77,07/23/2025 03:30:00 PM,3,DRIVER,,2014129,,TOYOTA,CAMRY,IL,2012,NONE,PASSENGER,TAXI/FOR HIRE,W,STRAIGHT AHEAD,,,1,,,,,,,,,Y,Y,,,,,,,,REAR,,,,,,,,,,,,,,,,,,,,,,,,,,,,,,,,,
2112784,a5288e19ea2ef92f150a51ac8894372c2ac883fa75ecad5c28cb6beb37e38efd1e53ba1fc018c71261c02420328ca82c950ca0eacab79052528c511a38c0b192,07/23/2025 03:30:00 PM,1,DRIVER,,2014134,,HONDA,CR-V,IL,2018,UNKNOWN,PASSENGER,UNKNOWN/NA,S,STRAIGHT AHEAD,,,1,,,,,Y,,,,,,,,,,Y,Y,,FRONT,,,,,,,,,,,,,,,,,,,,,,,,,,,,,,,,,
2112785,a5288e19ea2ef92f150a51ac8894372c2ac883fa75ecad5c28cb6beb37e38efd1e53ba1fc018c71261c02420328ca82c950ca0eacab79052528c511a38c0b192,07/23/2025 03:30:00 PM,2,DRIVER,1,2014143,,HYUNDAI,TUCSON,IL,2012,UNKNOWN,PASSENGER,PERSONAL,S,STRAIGHT AHEAD,,,2,,,,,,,,,Y,Y,Y,,,,,,,REAR,,,,,,,,,,,,,,,,,,,,,,,,,,,,,,,,,
2114447,f40808461732eb2d8d29cacc671e0e017c7ea2dc509b0654e93be634aa1e294e2a8be12dcda2f01ebde3bafb369c61bcbd446db846659d8922cef5d1ba51f921,07/23/2025 03:30:00 PM,1,DRIVER,,2015713,,UNKNOWN,OTHER (EXPLAIN IN NARRATIVE),IL,2009,UNKNOWN,BUS OVER 15 PASS.,UNKNOWN/NA,E,TURNING RIGHT,,,1,,,,,,,Y,Y,Y,,,,,,,,,REAR-RIGHT-CORNER,,,,,,,,,,,,,,,,,,,,,,,,,,,,,,,,,
2114448,f40808461732eb2d8d29cacc671e0e017c7ea2dc509b0654e93be634aa1e294e2a8be12dcda2f01ebde3bafb369c61bcbd446db846659d8922cef5d1ba51f921,07/23/2025 03:30:00 PM,2,PARKED,,2015714,,TOYOTA,RAV4,IL,2022,NONE,PASSENGER,PERSONAL,UNKNOWN,PARKED,,,0,,,,,,,,,,,Y,Y,Y,,,,,REAR-LEFT-CORNER,,,,,,,,,,,,,,,,,,,,,,,,,,,,,,,,,
2112845,327d177665bbf7e258e6fe50fd8a81446b55de76c645fee5aba1b530699b657121e7aebad0c6156869d0e27873e87e622a5abd7fbeae3d1d95baf76cf896c742,07/23/2025 03:24:00 PM,1,DRIVER,1,2014192,,TESLA,MODEL X,IL,2022,NONE,PASSENGER,PERSONAL,S,STRAIGHT AHEAD,,,2,,,,,Y,Y,,,,,,,,,,,,FRONT-RIGHT-CORNER,,,,,,,,,,,,,,,,,,,,,,,,,,,,,,,,,
2112846,327d177665bbf7e258e6fe50fd8a81446b55de76c645fee5aba1b530699b657121e7aebad0c6156869d0e27873e87e622a5abd7fbeae3d1d95baf76cf896c742,07/23/2025 03:24:00 PM,2,DRIVER,,2014200,,VOLKSWAGEN,JETTA,IN,2016,NONE,PASSENGER,PERSONAL,S,STRAIGHT AHEAD,,,1,,,,,,,,,,,,Y,Y,Y,,,,SIDE-LEFT,,,,,,,,,,,,,,,,,,,,,,,,,,,,,,,,,
2113364,4e21248090fa226c931e8d862afdb0f9f474f8162c0ef539c3a3a8895e3399c3c4edb14459491ae6ccb5ad2431fdce03ea11e4163617ef29da74c277a4c82df9,07/23/2025 03:24:00 PM,1,DRIVER,,2014700,,TOYOTA,CAMRY,IL,2013,NONE,PASSENGER,UNKNOWN/NA,W,CHANGING LANES,,,1,,,,,,,,,Y,,,,,,,,,REAR-RIGHT-CORNER,,,,,,,,,,,,,,,,,,,,,,,,,,,,,,,,,
2113365,4e21248090fa226c931e8d862afdb0f9f474f8162c0ef539c3a3a8895e3399c3c4edb14459491ae6ccb5ad2431fdce03ea11e4163617ef29da74c277a4c82df9,07/23/2025 03:24:00 PM,2,DRIVER,,2014705,,FORD,TRANSIT,IL,2020,NONE,VAN/MINI-VAN,OTHER,W,STRAIGHT AHEAD,,,1,,,,,,,,,,,,,,,Y,,,FRONT-LEFT-CORNER,,,,,,,,,,,,,,,,,,,,,,,,,,,,,,,,,