CRASH_UNIT_ID,CRASH_RECORD_ID,CRASH_DATE,UNIT_NO,UNIT_TYPE,NUM_PASSENGERS,VEHICLE_ID,CMRC_VEH_I,MAKE,MODEL,LIC_PLATE_STATE,VEHICLE_YEAR,VEHICLE_DEFECT,VEHICLE_TYPE,VEHICLE_USE,TRAVEL_DIRECTION,MANEUVER,TOWED_I,FIRE_I,OCCUPANT_CNT,EXCEED_SPEED_LIMIT_I,TOWED_BY,TOWED_TO,AREA_00_I,AREA_01_I,AREA_02_I,AREA_03_I,AREA_04_I,AREA_05_I,AREA_06_I,AREA_07_I,AREA_08_I,AREA_09_I,AREA_10_I,AREA_11_I,AREA_12_I,AREA_99_I,FIRST_CONTACT_POINT,CMV_ID,USDOT_NO,CCMC_NO,ILCC_NO,COMMERCIAL_SRC,GVWR,CARRIER_NAME,CARRIER_STATE,CARRIER_CITY,HAZMAT_PLACARDS_I,HAZMAT_NAME,UN_NO,HAZMAT_PRESENT_I,HAZMAT_REPORT_I,HAZMAT_REPORT_NO,MCS_REPORT_I,MCS_REPORT_NO,HAZMAT_VIO_CAUSE_CRASH_I,MCS_VIO_CAUSE_CRASH_I,IDOT_PERMIT_NO,WIDE_LOAD_I,TRAILER1_WIDTH,TRAILER2_WIDTH,TRAILER1_LENGTH,TRAILER2_LENGTH,TOTAL_VEHICLE_LENGTH,AXLE_CNT,VEHICLE_CONFIG,CARGO_BODY_TYPE,LOAD_TYPE,HAZMAT_OUT_OF_SERVICE_I,MCS_OUT_OF_SERVICE_I,HAZMAT_CLASS
2112812,f398622d71ec6fe6e8dad3897634b67689f1cb4422a110a25f257c893e0dd148c640bd063b69d725164444a5b92099d4a9e90b276caff4ec4c6f53471915b207,07/23/2025 03:24:00 PM,1,DRIVER,,2014151,,TOYOTA,RAV4,MA,2025,UNKNOWN,UNKNOWN/NA,UNKNOWN/NA,UNKNOWN,BACKING,,,1,,,,,,,,,,,,,,,,,Y,REAR,,,,,,,,,,,,,,,,,,,,,,,,,,,,,,,,,
2112813,f398622d71ec6fe6e8dad3897634b67689f1cb4422a110a25f257c893e0dd148c640bd063b69d725164444a5b92099d4a9e90b276caff4ec4c6f53471915b207,07/23/2025 03:24:00 PM,2,PARKED,,2014156,,VOLKSWAGEN,TIGUAN,IL,2012,NONE,PASSENGER,PERSONAL,UNKNOWN,PARKED,,,0,,,,,,,,,,,,,,,,Y,,FRONT,,,,,,,,,,,,,,,,,,,,,,,,,,,,,,,,,
2112828,7d5b3af1aab9a1daa9bfffb70a1fe4ccfc889e569e1248ba2d6aec3e8dd59c22ce481b9d3fa39dc929756d12581a1ce966d12d52fbbc886d2ec03e4b954c8bd6,07/23/2025 03:22:00 PM,1,DRIVER,,2014213,,KIA,OTHER (EXPLAIN IN NARRATIVE),IL,2016,UNKNOWN,UNKNOWN/NA,UNKNOWN/NA,UNKNOWN,UNKNOWN/NA,,,1,,,,,,,,,,,,,,,,Y,Y,FRONT,,,,,,,,,,,,,,,,,,,,,,,,,,,,,,,,,
2112829,7d5b3af1aab9a1daa9bfffb70a1fe4ccfc889e569e1248ba2d6aec3e8dd59c22ce481b9d3fa39dc929756d12581a1ce966d12d52fbbc886d2ec03e4b954c8bd6,07/23/2025 03:22:00 PM,2,DRIVER,1,2014222,,TOYOTA,CAMRY,IL,2016,UNKNOWN,PASSENGER,UNKNOWN/NA,UNKNOWN,UNKNOWN/NA,,,2,,,,,,,,,,Y,Y,,,,,Y,,REAR,,,,,,,,,,,,,,,,,,,,,,,,,,,,,,,,,
2112869,a57bd4f58d74d9d47a226d7f5b8048338ed28af5b95dd1be145767702cded52eb0665371f80b171615aa2b0101458c9f8733f153a27760ee7f97659bbfcf4861,07/23/2025 03:22:00 PM,1,DRIVER,,2014216,,FORD,ESCAPE,IL,2022,UNKNOWN,SPORT UTILITY VEHICLE (SUV),PERSONAL,W,STRAIGHT AHEAD,Y,,1,,PERSONAL TOW,PERSONAL TOW,,Y,,,,,,,,,,,,,SIDE-RIGHT-FRONT,,,,,,,,,,,,,,,,,,,,,,,,,,,,,,,,,
2112870,a57bd4f58d74d9d47a226d7f5b8048338ed28af5b95dd1be145767702cded52eb0665371f80b171615aa2b0101458c9f8733f153a27760ee7f97659bbfcf4861,07/23/2025 03:22:00 PM,2,PARKED,,2014226,,TESLA,MODEL 3,CA,2021,UNKNOWN,PASSENGER,PERSONAL,W,PARKED,,,0,,,,,,,,,,,Y,,,,,,,SIDE-LEFT-REAR,,,,,,,,,,,,,,,,,,,,,,,,,,,,,,,,,
2112769,3d57f8393fd5097390df0c045cd7c252d5e2d975172a016cfb0c18193685ad3ac696d1cb0cc00371f6bed9589b85b66b3d53b3ddc4f52754cab7e346424bc094,07/23/2025 03:20:00 PM,1,DRIVER,,2014116,,KIA,SPORTAGE,IL,2019,UNKNOWN,SPORT UTILITY VEHICLE (SUV),PERSONAL,S,TURNING LEFT,,,1,,,,,,,,,,,,,,,,Y,,FRONT,,,,,,,,,,,,,,,,,,,,,,,,,,,,,,,,,
2112770,3d57f8393fd5097390df0c045cd7c252d5e2d975172a016cfb0c18193685ad3ac696d1cb0cc00371f6bed9589b85b66b3d53b3ddc4f52754cab7e346424bc094,07/23/2025 03:20:00 PM,2,DRIVER,,2014128,,FORD,ESCAPE,IL,2011,NONE,SPORT UTILITY VEHICLE (SUV),PERSONAL,N,STRAIGHT AHEAD,,,1,,,,,,,,,,,,Y,Y,Y,,,,SIDE-LEFT,,,,,,,,,,,,,,,,,,,,,,,,,,,,,,,,,
2113482,af9d06a547e084db22e26fcc47fcdd8126fdc0fe3ed0ffa3d83a0593d10d48cd3d855b86ad0831e89ab6e46b00ee2873e33415f7d5b714b072dbfe67930635a9,07/23/2025 03:20:00 PM,1,DRIVER,,2014802,,HONDA,ELEMENT,IL,2003,UNKNOWN,SPORT UTILITY VEHICLE (SUV),PERSONAL,S,BACKING,,,1,,,,Y,,,,,,,,,,,,,,REAR,,,,,,,,,,,,,,,,,,,,,,,,,,,,,,,,,
2113483,af9d06a547e084db22e26fcc47fcdd8126fdc0fe3ed0ffa3d83a0593d10d48cd3d855b86ad0831e89ab6e46b00ee2873e33415f7d5b714b072dbfe67930635a9,07/23/2025 03:20:00 PM,2,PARKED,,2014803,,HYUNDAI,VENUE,IL,2025,UNKNOWN,SPORT UTILITY VEHICLE (SUV),PERSONAL,UNKNOWN,PARKED,,,0,,,,,,,,,,,,,N,Y,Y,,,SIDE-LEFT-FRONT,,,,,,,,,,,,,,,,,,,,,,,,,,,,,,,,,
2112811,4269d10a551b0feae69be89ea65a42d2a88fd4ba7689196873b7b9ff29fad08bfd581fd1090298c5e79e74a6a24ccd5e0a34aad5a1f7b8f211233d5a9c4052e3,07/23/2025 03:19:00 PM,1,DRIVER,,2014163,,HONDA,CIVIC,IL,2021,UNKNOWN,PASSENGER,PERSONAL,S,OTHER,,,1,,,,,Y,,,,,,,,,,Y,Y,,FRONT,,,,,,,,,,,,,,,,,,,,,,,,,,,,,,,,,
2112852,4269d10a551b0feae69be89ea65a42d2a88fd4ba7689196873b7b9ff29fad08bfd581fd1090298c5e79e74a6a24ccd5e0a34aad5a1f7b8f211233d5a9c4052e3,07/23/2025 03:19:00 PM,2,DRIVER,,2014193,,LAND ROVER,RANGE ROVER (EVOQUE / SPORT / VELAR),IL,2017,NONE,PASSENGER,PERSONAL,S,STRAIGHT AHEAD,,,1,,,,,,,,,Y,Y,Y,,,,,,,REAR,,,,,,,,,,,,,,,,,,,,,,,,,,,,,,,,,
2112761,ed6923d22c526fc880b9bb40383ffa571b930ab2890bdbc7eb10e7faf9dd24e35e3a3bbe2d57b904eae65dcdf450c5be7250e5e26b102288994d5169738003d4,07/23/2025 03:15:00 PM,1,DRIVER,,2014122,,DODGE,JOURNEY,IL,2018,NONE,PASSENGER,PERSONAL,E,STRAIGHT AHEAD,,,1,,,,,,,,,,,,,,,,,,UNKNOWN,,,,,,,,,,,,,,,,,,,,,,,,,,,,,,,,,
2112762,ed6923d22c526fc880b9bb40383ffa571b930ab2890bdbc7eb10e7faf9dd24e35e3a3bbe2d57b904eae65dcdf450c5be7250e5e26b102288994d5169738003d4,07/23/2025 03:15:00 PM,2,DRIVER,,2014132,,NISSAN,ROGUE,IL,2025,NONE,PASSENGER,PERSONAL,E,STRAIGHT AHEAD,,,1,,,,,,,,,Y,Y,Y,,,,,,,REAR,,,,,,,,,,,,,,,,,,,,,,,,,,,,,,,,,
2112794,7831468263957ddd902c8cc1bfd4588cb8ecf75aa51c68c2d08dd6da518bb9802c5dc6b19868662e1afe94a4e505648dea51f8ceaaad8815df91c4500c1f48e1,07/23/2025 03:10:00 PM,1,DRIVER,,2014138,,UNKNOWN,OTHER (EXPLAIN IN NARRATIVE),IL,,UNKNOWN,UNKNOWN/NA,UNKNOWN/NA,S,STRAIGHT AHEAD,,,1,,,,,Y,N,,,,,,,,,,Y,,FRONT-RIGHT-CORNER,,,,,,,,,,,,,,,,,,,,,,,,,,,,,,,,,
2112795,7831468263957ddd902c8cc1bfd4588cb8ecf75aa51c68c2d08dd6da518bb9802c5dc6b19868662e1afe94a4e505648dea51f8ceaaad8815df91c4500c1f48e1,07/23/2025 03:10:00 PM,2,DRIVER,,2014150,,JEEP,PATRIOT,IL,2016,NONE,PASSENGER,PERSONAL,S,STARTING IN TRAFFIC,,,1,,,,,,,,,,,Y,Y,,,,,,REAR-LEFT-CORNER,,,,,,,,,,,,,,,,,,,,,,,,,,,,,,,,,
2113078,d623053fd509008856a2eb82ae46bca257bc96f6b83a45bfd492625da0fafa88433461e6e206ba59df125cbd686ea0c7b671c56c13a4c4637890f685df9299fa,07/23/2025 03:10:00 PM,1,DRIVER,,2014424,,MERCEDES-BENZ,S500,IL,,UNKNOWN,PASSENGER,UNKNOWN/NA,E,TURNING LEFT,,,1,,,,,,,,,,,,,Y,Y,,,,SIDE-LEFT,,,,,,,,,,,,,,,,,,,,,,,,,,,,,,,,,
2113079,d623053fd509008856a2eb82ae46bca257bc96f6b83a45bfd492625da0fafa88433461e6e206ba59df125cbd686ea0c7b671c56c13a4c4637890f685df9299fa,07/23/2025 03:10:00 PM,2,DRIVER,,2014431,,MERCEDES-BENZ,OTHER (EXPLAIN IN NARRATIVE),,,OTHER,VAN/MINI-VAN,COMMERCIAL - SINGLE UNIT,E,STRAIGHT AHEAD,,,1,,,,,Y,,,,,,,,,,,,,FRONT-RIGHT-CORNER,,,,,,,,,,,,,,,,,,,,,,,,,,,,,,,,,
2112824,da96dd0e1916eba7b8856b4d33dd8bf1bbb4eebba3c732df6989e8fcd6a900239b16c39c0e7e07420eede7de416b1d30903bfb8a08bebc456356a3394f5c77cf,07/23/2025 03:10:00 PM,1,DRIVER,1,2014182,,TOYOTA,COROLLA,IL,2010,NONE,PASSENGER,UNKNOWN/NA,UNKNOWN,OTHER,,,2,,,,,,,,,,,,,,,,,,UNKNOWN,,,,,,,,,,,,,,,,,,,,,,,,,,,,,,,,,
2112825,da96dd0e1916eba7b8856b4d33dd8bf1bbb4eebba3c732df6989e8fcd6a900239b16c39c0e7e07420eede7de416b1d30903bfb8a08bebc456356a3394f5c77cf,07/23/2025 03:10:00 PM,2,DRIVER,,2014194,,NISSAN,MAXIMA,IL,2014,NONE,PASSENGER,UNKNOWN/NA,UNKNOWN,STRAIGHT AHEAD,,,1,,,,,,,,,,,,,Y,Y,,,,TOTAL (ALL AREAS),,,,,,,,,,,,,,,,,,,,,,,,,,,,,,,,,
2112796,bae8b44f6a8f1915fbe79e0ef06139eb4c5f2051d6c9ffe6032bec5e18d505edd44bf399da0b3d660782d779a05bda09549a018edc090fea52e95bb6a2767262,07/23/2025 03:05:00 PM,1,DRIVER,,2014247,N,BUICK,ENCORE,IL,2021,UNKNOWN,SPORT UTILITY VEHICLE (SUV),PERSONAL,N,STRAIGHT AHEAD,Y,,1,,PRIVATE TOWING COMPANY,9501 S COLFAX,,Y,Y,Y,Y,Y,Y,Y,Y,Y,Y,Y,Y,,REAR-RIGHT-CORNER,,,,,,,,,,,,,,,,,,,,,,,,,,,,,,,,,
2112797,bae8b44f6a8f1915fbe79e0ef06139eb4c5f2051d6c9ffe6032bec5e18d505edd44bf399da0b3d660782d779a05bda09549a018edc090fea52e95bb6a2767262,07/23/2025 03:05:00 PM,2,PARKED,,2014255,,FORD,FUSION,IL,2013,UNKNOWN,PASSENGER,PERSONAL,UNKNOWN,PARKED,,,0,,,,,Y,,,,Y,,Y,Y,Y,,Y,,,SIDE-LEFT-REAR,,,,,,,,,,,,,,,,,,,,,,,,,,,,,,,,,
2113076,4808803390a23ee36b37c6e5ee2163cae21a8328a04490d4cbf43a15fdbcac75e6b0409c4dada2dc29e9630bced5d340e4b6892b05326e692616d1fe07da2b96,07/23/2025 03:00:00 PM,1,DRIVER,,2014420,,NISSAN,ALTIMA,IL,2016,NONE,PASSENGER,UNKNOWN/NA,W,PASSING/OVERTAKING,,,1,,,,,,,,,,,,,,,,,Y,FRONT-RIGHT-CORNER,,,,,,,,,,,,,,,,,,,,,,,,,,,,,,,,,
2113077,4808803390a23ee36b37c6e5ee2163cae21a8328a04490d4cbf43a15fdbcac75e6b0409c4dada2dc29e9630bced5d340e4b6892b05326e692616d1fe07da2b96,07/23/2025 03:00:00 PM,2,DRIVER,4,2014423,,FORD,ESCAPE,IL,2019,NONE,PASSENGER,PERSONAL,W,STRAIGHT AHEAD,,,5,,,,,,,,,,,Y,Y,Y,Y,,,,SIDE-LEFT,,,,,,,,,,,,,,,,,,,,,,,,,,,,,,,,,
2113324,5c84080dc9fab42fcc6a4d398905119896c8ba89d810d304ed17189d80543157da618f019c5a140c0155c7b22c0b820326e9b32e2a73742e37874ea5241ee5a1,07/23/2025 03:00:00 PM,1,DRIVER,,2014666,,LEXUS,GX460,IL,2015,NONE,PASSENGER,UNKNOWN/NA,SE,OTHER,,,1,,,,,,,,,,Y,,,,,,,,REAR,,,,,,,,,,,,,,,,,,,,,,,,,,,,,,,,,
2113325,5c84080dc9fab42fcc6a4d398905119896c8ba89d810d304ed17189d80543157da618f019c5a140c0155c7b22c0b820326e9b32e2a73742e37874ea5241ee5a1,07/23/2025 03:00:00 PM,2,DRIVER,,2014669,,TOYOTA,HIGHLANDER,IL,2022,NONE,PASSENGER,PERSONAL,SE,STRAIGHT AHEAD,,,1,,,,,,,,,,,,,,,,Y,,FRONT,,,,,,,,,,,,,,,,,,,,,,,,,,,,,,,,,
2112986,72f7dcc3d9aa39ae80ecea162002662240795d847f81480fe177d287071b88bd3d759bf310a9d7130f835250bb23fb6d41e518df99616fcfce7e7a899eb99879,07/23/2025 03:00:00 PM,1,DRIVER,,2014333,,TOYOTA,VENZA,IL,2014,NONE,PASSENGER,PERSONAL,UNKNOWN,LEAVING TRAFFIC LANE TO PARK,,,1,,,,,Y,,,,,,,,,,,,,FRONT-RIGHT-CORNER,,,,,,,,,,,,,,,,,,,,,,,,,,,,,,,,,
2112987,72f7dcc3d9aa39ae80ecea162002662240795d847f81480fe177d287071b88bd3d759bf310a9d7130f835250bb23fb6d41e518df99616fcfce7e7a899eb99879,07/23/2025 03:00:00 PM,2,PARKED,,2014339,,CADILLAC,XT4,IL,2024,NONE,PASSENGER,PERSONAL,UNKNOWN,PARKED,,,0,,,,,,Y,Y,Y,,,,,,,,,,SIDE-RIGHT,,,,,,,,,,,,,,,,,,,,,,,,,,,,,,,,,
2112739,83a8adc4f7b782dcb8e86a569715bff791e7c1b4c468d411ffbc51a8c5eaa1bee4a3a55513a86ef94f9eb7041721d7c9c90f81882edb8eee7873fb5f6ef009da,07/23/2025 03:00:00 PM,1,DRIVER,,2014101,,CHEVROLET,MALIBU,IL,2017,UNKNOWN,PASSENGER,PERSONAL,S,PASSING/OVERTAKING,,,1,,,,,,,,,Y,,,,,,,,,REAR-RIGHT-CORNER,,,,,,,,,,,,,,,,,,,,,,,,,,,,,,,,,
2112740,83a8adc4f7b782dcb8e86a569715bff791e7c1b4c468d411ffbc51a8c5eaa1bee4a3a55513a86ef94f9eb7041721d7c9c90f81882edb8eee7873fb5f6ef009da,07/23/2025 03:00:00 PM,2,DRIVER,,2014095,,VOLKSWAGEN,PASSAT,IL,2017,NONE,PASSENGER,PERSONAL,S,STRAIGHT AHEAD,,,1,,,,,,,,,,,,,,,Y,,,FRONT-LEFT-CORNER,,,,,,,,,,,,,,,,,,,,,,,,,,,,,,,,,
2112982,a2d44fe622956ace56c99f1aba0fa7684ac4ed2b73bc286298ae0dd002959bfe5003e32b58280a01ad8ecc1346e0125b16cb63086748fabd93c0728ff34f7e68,07/23/2025 03:00:00 PM,1,DRIVER,,2014324,,MAZDA,MAZDA3,IL,2008,UNKNOWN,PASSENGER,UNKNOWN/NA,S,STRAIGHT AHEAD,,,1,,,,,,,,,,,,,,,,,Y,FRONT,,,,,,,,,,,,,,,,,,,,,,,,,,,,,,,,,
2112983,a2d44fe622956ace56c99f1aba0fa7684ac4ed2b73bc286298ae0dd002959bfe5003e32b58280a01ad8ecc1346e0125b16cb63086748fabd93c0728ff34f7e68,07/23/2025 03:00:00 PM,2,DRIVER,,2014321,,FORD,TRANSIT,IL,2024,UNKNOWN,VAN/MINI-VAN,PERSONAL,S,STRAIGHT AHEAD,,,1,,,,,,,,,Y,Y,,,,,,,,REAR,,,,,,,,,,,,,,,,,,,,,,,,,,,,,,,,,
2113661,c14f0b90e07ad579d6c6af15159436ccc31d2d35967a82f6df7f696fc9133dfca2ef49c418cc6929859b50157b19c48711d179e65b52737997e3e6bc4e80dda7,07/23/2025 03:00:00 PM,1,DRIVER,,2014978,,INTERNATIONAL COACH MANUFACTURING,INTERNATIONAL COACH MFG.,,,UNKNOWN,OTHER,OTHER,W,STRAIGHT AHEAD,,,1,,,,,,,,,,,,,,,,,,TOP,,,,,,,,,,,,,,,,,,,,,,,,,,,,,,,,,
2112722,c67f31c0613febdd7bd4f5a02a1535c07aa253ed37d0051bed2b30d9a58eda45a0c1839ea426bafb8fe36196791d45be154be5ee5563af7f55a02c1b87b83925,07/23/2025 03:00:00 PM,1,DRIVER,1,2014087,,NISSAN,ROGUE,IL,2012,NONE,SPORT UTILITY VEHICLE (SUV),PERSONAL,N,CHANGING LANES,,,2,,,,,,,,,,,,,,,Y,,,FRONT-LEFT-CORNER,,,,,,,,,,,,,,,,,,,,,,,,,,,,,,,,,
2112723,c67f31c0613febdd7bd4f5a02a1535c07aa253ed37d0051bed2b30d9a58eda45a0c1839ea426bafb8fe36196791d45be154be5ee5563af7f55a02c1b87b83925,07/23/2025 03:00:00 PM,2,DRIVER,2,2014077,,TOYOTA,COROLLA,IL,2015,NONE,PASSENGER,PERSONAL,N,STRAIGHT AHEAD,,,3,,,,,,,Y,Y,Y,,,,,,,,,REAR-RIGHT-CORNER,,,,,,,,,,,,,,,,,,,,,,,,,,,,,,,,,
2112915,95eb5af60ae84431927601b541d449dbd251dd0ad2ed55970a52ac5f0e30a916c14c12b621f1aa7e9ec660a0515d1dcd5533c6cda31160fa5b0da4b22a6bffc5,07/23/2025 02:53:00 PM,1,DRIVER,5,2014269,,CHEVROLET,MALIBU,IL,2016,NONE,PASSENGER,PERSONAL,E,STRAIGHT AHEAD,Y,,6,,PRIVATE TOW,,,Y,,,,,,,,,,Y,Y,,FRONT,,,,,,,,,,,,,,,,,,,,,,,,,,,,,,,,,
2112916,95eb5af60ae84431927601b541d449dbd251dd0ad2ed55970a52ac5f0e30a916c14c12b621f1aa7e9ec660a0515d1dcd5533c6cda31160fa5b0da4b22a6bffc5,07/23/2025 02:53:00 PM,2,DRIVER,1,2014299,,FORD,OTHER (EXPLAIN IN NARRATIVE),IL,2017,NONE,PASSENGER,POLICE,S,TURNING LEFT,,,2,,,,,Y,Y,,,,,,,,,,Y,,FRONT-RIGHT-CORNER,,,,,,,,,,,,,,,,,,,,,,,,,,,,,,,,,
2112748,7af80cfc63087d9eafdc5221e806793a38bcb08fbd54d883771258157c51a3fdb08b81710eace6bc5ed7f9c2f9169f6c6fd7c357a44e6d7c12781f12f7bffb3d,07/23/2025 02:50:00 PM,1,DRIVER,,2014098,,TOYOTA,HIGHLANDER,IL,2004,NONE,PASSENGER,UNKNOWN/NA,N,STRAIGHT AHEAD,,,1,,,,,,,,,,,,Y,Y,Y,Y,,N,SIDE-LEFT,,,,,,,,,,,,,,,,,,,,,,,,,,,,,,,,,
2112749,7af80cfc63087d9eafdc5221e806793a38bcb08fbd54d883771258157c51a3fdb08b81710eace6bc5ed7f9c2f9169f6c6fd7c357a44e6d7c12781f12f7bffb3d,07/23/2025 02:50:00 PM,2,DRIVER,,2014108,,HONDA,CR-V,IL,2001,NONE,PASSENGER,PERSONAL,N,PASSING/OVERTAKING,,,1,,,,,,Y,Y,,Y,,,,,,Y,,,SIDE-RIGHT-REAR,,,,,,,,,,,,,,,,,,,,,,,,,,,,,,,,,
2112776,7af80cfc63087d9eafdc5221e806793a38bcb08fbd54d883771258157c51a3fdb08b81710eace6bc5ed7f9c2f9169f6c6fd7c357a44e6d7c12781f12f7bffb3d,07/23/2025 02:50:00 PM,3,DRIVER,1,2014115,,NISSAN,ALTIMA,IL,2020,NONE,PASSENGER,PERSONAL,N,SLOW/STOP IN TRAFFIC,,,2,,,,,,,,,Y,,,,,,,,,REAR-RIGHT-CORNER,,,,,,,,,,,,,,,,,,,,,,,,,,,,,,,,,
2112780,a8c26d3fb280b0f1bfbdd38532a13f8301623c4d9e069c3411c92dd5977a438798df6517fbf95b432ffd74a50175a8de53906d74908849f5fd205bb16f2240d2,07/23/2025 02:50:00 PM,1,DRIVER,,2014140,,JEEP,COMPASS,NC,2025,UNKNOWN,SPORT UTILITY VEHICLE (SUV),PERSONAL,UNKNOWN,CHANGING LANES,,,1,,,,,,Y,Y,Y,,,,,,,,,,SIDE-RIGHT,,,,,,,,,,,,,,,,,,,,,,,,,,,,,,,,,
2112781,a8c26d3fb280b0f1bfbdd38532a13f8301623c4d9e069c3411c92dd5977a438798df6517fbf95b432ffd74a50175a8de53906d74908849f5fd205bb16f2240d2,07/23/2025 02:50:00 PM,2,DRIVER,,2014147,,BMW,OTHER (EXPLAIN IN NARRATIVE),IL,2018,UNKNOWN,SPORT UTILITY VEHICLE (SUV),PERSONAL,UNKNOWN,STRAIGHT AHEAD,,,1,,,,,,,,,,,,,Y,Y,Y,,,FRONT-LEFT-CORNER,,,,,,,,,,,,,,,,,,,,,,,,,,,,,,,,,
2112929,0aab42ed57ffa6f7a26cc34bd3e796e60909000ae58693be1adb33e6395be5172ee5b91c266113607efc5a4447c001fcdf6abec82b089148bb541fa029d225e5,07/23/2025 02:46:00 PM,1,DRIVER,,2014267,,FORD,FUSION,IL,2010,NONE,PASSENGER,PERSONAL,W,STRAIGHT AHEAD,,,1,,,,,Y,,,,,,,,,,Y,Y,,FRONT,,,,,,,,,,,,,,,,,,,,,,,,,,,,,,,,,
2112930,0aab42ed57ffa6f7a26cc34bd3e796e60909000ae58693be1adb33e6395be5172ee5b91c266113607efc5a4447c001fcdf6abec82b089148bb541fa029d225e5,07/23/2025 02:46:00 PM,2,DRIVER,,2014281,,HONDA,CIVIC,IL,2017,NONE,PASSENGER,PERSONAL,W,STRAIGHT AHEAD,,,1,,,,,,,,,Y,Y,Y,,,,,,,REAR,,,,,,,,,,,,,,,,,,,,,,,,,,,,,,,,,
2112917,e59d47406265535d5a221558a56960343d7981776cc4095b67ff6fc80765cceace083c029e7681e822db9e08df0419ccd4d1ea2e50adf87d0284f4763bc63f47,07/23/2025 02:45:00 PM,2,DRIVER,,2014259,,HYUNDAI,ACCENT,IL,2009,NONE,PASSENGER,PERSONAL,W,TURNING RIGHT,,,1,,,,,,,,,,,,Y,Y,Y,Y,,,SIDE-RIGHT,,,,,,,,,,,,,,,,,,,,,,,,,,,,,,,,,
2112918,e59d47406265535d5a221558a56960343d7981776cc4095b67ff6fc80765cceace083c029e7681e822db9e08df0419ccd4d1ea2e50adf87d0284f4763bc63f47,07/23/2025 02:45:00 PM,1,DRIVER,,2014271,,DODGE,CARAVAN,IL,2009,NONE,PASSENGER,NOT IN USE,N,SLOW/STOP IN TRAFFIC,,,1,,,,,,,,,,,,,,,,Y,,FRONT,,,,,,,,,,,,,,,,,,,,,,,,,,,,,,,,,
2112730,9fe39c3a761eab3c7abc584b6919808dc11de2074570531e6d1490eb7e783014dfbb500eef637089af01527993a545499729ff5acd4c490aa2972f92832d837f,07/23/2025 02:40:00 PM,1,DRIVER,,2014093,,NEW FLYER,OTHER (EXPLAIN IN NARRATIVE),IL,2008,OTHER,BUS OVER 15 PASS.,CTA,E,STRAIGHT AHEAD,,,1,,,,,,,Y,Y,,,,,,,,,,REAR-RIGHT-CORNER,,,,,,,,,,,,,,,,,,,,,,,,,,,,,,,,,
2112731,9fe39c3a761eab3c7abc584b6919808dc11de2074570531e6d1490eb7e783014dfbb500eef637089af01527993a545499729ff5acd4c490aa2972f92832d837f,07/23/2025 02:40:00 PM,2,DRIVER,,2014100,,HONDA,CR-V,IL,2008,NONE,SPORT UTILITY VEHICLE (SUV),PERSONAL,W,STRAIGHT AHEAD,,,1,,,,,,,,,,,,,,Y,Y,,,FRONT-LEFT-CORNER,,,,,,,,,,,,,,,,,,,,,,,,,,,,,,,,,
2112745,b47bc86690a798693dcdadb916fd6da1afdb2ba27219ea9df211378ce1891c29aa8cfd166f5a4bddc869db27c3d93548efb105c3a69baa0ffa09dfe1c7a4dfe6,07/23/2025 02:34:00 PM,1,DRIVER,,2014097,,HONDA,ACCORD,IL,2012,UNKNOWN,PASSENGER,PERSONAL,N,STRAIGHT AHEAD,Y,,1,,PRIVATE TOW,UNK,,Y,Y,Y,,,,,,Y,Y,Y,Y,,FRONT-RIGHT-CORNER,,,,,,,,,,,,,,,,,,,,,,,,,,,,,,,,,
2112746,b47bc86690a798693dcdadb916fd6da1afdb2ba27219ea9df211378ce1891c29aa8cfd166f5a4bddc869db27c3d93548efb105c3a69baa0ffa09dfe1c7a4dfe6,07/23/2025 02:34:00 PM,2,PARKED,,2014104,,CHEVROLET,EQUINOX,IL,2011,UNKNOWN,PASSENGER,PERSONAL,N,PARKED,,,0,,,,,Y,Y,,Y,Y,Y,Y,Y,Y,Y,Y,Y,,REAR-LEFT-CORNER,,,,,,,,,,,,,,,,,,,,,,,,,,,,,,,,,
2112747,b47bc86690a798693dcdadb916fd6da1afdb2ba27219ea9df211378ce1891c29aa8cfd166f5a4bddc869db27c3d93548efb105c3a69baa0ffa09dfe1c7a4dfe6,07/23/2025 02:34:00 PM,3,PARKED,,2014111,,JEEP,GRAND CHEROKEE,IL,2008,UNKNOWN,PASSENGER,PERSONAL,N,PARKED,,,0,,,,,,,,,,Y,N,,,,,,,REAR,,,,,,,,,,,,,,,,,,,,,,,,,,,,,,,,,
2112706,61a2897a5dfd8d93558fd5d44461ced431e4d502e839f2f89866ff221a26067d7f189e75a209b72cd5a4226da03c1f03c7e7807936e5a4b97013dea56778a715,07/23/2025 02:30:00 PM,1,DRIVER,,2014071,,NISSAN,MAXIMA,IL,2016,NONE,PASSENGER,PERSONAL,S,TURNING LEFT,,,1,,,,,,,,,,,,,,,,,Y,SIDE-LEFT,,,,,,,,,,,,,,,,,,,,,,,,,,,,,,,,,
2112707,61a2897a5dfd8d93558fd5d44461ced431e4d502e839f2f89866ff221a26067d7f189e75a209b72cd5a4226da03c1f03c7e7807936e5a4b97013dea56778a715,07/23/2025 02:30:00 PM,2,DRIVER,,2014074,,LEXUS,OTHER (EXPLAIN IN NARRATIVE),IL,2014,NONE,OTHER,PERSONAL,N,STRAIGHT AHEAD,,,1,,,,,Y,,,,,,,,,,,,,FRONT-RIGHT-CORNER,,,,,,,,,,,,,,,,,,,,,,,,,,,,,,,,,