CRASH_UNIT_ID,CRASH_RECORD_ID,CRASH_DATE,UNIT_NO,UNIT_TYPE,NUM_PASSENGERS,VEHICLE_ID,CMRC_VEH_I,MAKE,MODEL,LIC_PLATE_STATE,VEHICLE_YEAR,VEHICLE_DEFECT,VEHICLE_TYPE,VEHICLE_USE,TRAVEL_DIRECTION,MANEUVER,TOWED_I,FIRE_I,OCCUPANT_CNT,EXCEED_SPEED_LIMIT_I,TOWED_BY,TOWED_TO,AREA_00_I,AREA_01_I,AREA_02_I,AREA_03_I,AREA_04_I,AREA_05_I,AREA_06_I,AREA_07_I,AREA_08_I,AREA_09_I,AREA_10_I,AREA_11_I,AREA_12_I,AREA_99_I,FIRST_CONTACT_POINT,CMV_ID,USDOT_NO,CCMC_NO,ILCC_NO,COMMERCIAL_SRC,GVWR,CARRIER_NAME,CARRIER_STATE,CARRIER_CITY,HAZMAT_PLACARDS_I,HAZMAT_NAME,UN_NO,HAZMAT_PRESENT_I,HAZMAT_REPORT_I,HAZMAT_REPORT_NO,MCS_REPORT_I,MCS_REPORT_NO,HAZMAT_VIO_CAUSE_CRASH_I,MCS_VIO_CAUSE_CRASH_I,IDOT_PERMIT_NO,WIDE_LOAD_I,TRAILER1_WIDTH,TRAILER2_WIDTH,TRAILER1_LENGTH,TRAILER2_LENGTH,TOTAL_VEHICLE_LENGTH,AXLE_CNT,VEHICLE_CONFIG,CARGO_BODY_TYPE,LOAD_TYPE,HAZMAT_OUT_OF_SERVICE_I,MCS_OUT_OF_SERVICE_I,HAZMAT_CLASS
2112755,6e436f47c7fb4ad68eb9e1287d7c60d4496187fd6e27bc572d1fc740478162eedf515b93c69a917d534ac4550bbd32f1301a9f31bd1b1305d8b6bc776b830d9d,07/23/2025 02:30:00 PM,1,DRIVER,,2014152,,DODGE,RAM 2500 PU,IL,1997,NONE,PICKUP,UNKNOWN/NA,W,SLOW/STOP IN TRAFFIC,,,1,,,,Y,,,,,,N,,,,,,,,REAR,,,,,,,,,,,,,,,,,,,,,,,,,,,,,,,,,
2112756,6e436f47c7fb4ad68eb9e1287d7c60d4496187fd6e27bc572d1fc740478162eedf515b93c69a917d534ac4550bbd32f1301a9f31bd1b1305d8b6bc776b830d9d,07/23/2025 02:30:00 PM,2,DRIVER,2,2014239,,VOLKSWAGEN,PASSAT,IL,2017,NONE,PASSENGER,UNKNOWN/NA,W,OTHER,,,3,,,,,,,,,,Y,Y,Y,,,,,,REAR-LEFT-CORNER,,,,,,,,,,,,,,,,,,,,,,,,,,,,,,,,,
2112726,9bb2e5eadd9c4fc0022925f10d934455104ab9f2daf65f6e1d34ec684b2bcc2de971441c99fc0d8909b76ef90b4f451b8ae68f53d6dfd74424700b68ba6cec93,07/23/2025 02:30:00 PM,1,DRIVER,,2014121,,LEXUS,OTHER (EXPLAIN IN NARRATIVE),IL,,UNKNOWN,UNKNOWN/NA,UNKNOWN/NA,S,PASSING/OVERTAKING,,,1,,,,,,,,,,,,,,,,,Y,UNKNOWN,,,,,,,,,,,,,,,,,,,,,,,,,,,,,,,,,
2112727,9bb2e5eadd9c4fc0022925f10d934455104ab9f2daf65f6e1d34ec684b2bcc2de971441c99fc0d8909b76ef90b4f451b8ae68f53d6dfd74424700b68ba6cec93,07/23/2025 02:30:00 PM,2,DRIVER,,2014252,,NISSAN,MAXIMA,IL,2016,UNKNOWN,PASSENGER,UNKNOWN/NA,S,TURNING LEFT,,,1,,,,,,,N,,,,Y,Y,Y,,,,,SIDE-LEFT,,,,,,,,,,,,,,,,,,,,,,,,,,,,,,,,,
2113655,e41838c0085d4027f7e88e335a8ea50cf129e1ce60f10b0606caee20e3e1cf831b580b77233e4e70a6a773247f151eea818cf7b680163f203cf420b78bd227ac,07/23/2025 02:30:00 PM,1,PARKED,,2014980,,FORD,EXPLORER,IL,2014,UNKNOWN,PASSENGER,PERSONAL,S,PARKED,,,0,,,,,,,,,,,,,,Y,,,,SIDE-LEFT,,,,,,,,,,,,,,,,,,,,,,,,,,,,,,,,,
2113691,e41838c0085d4027f7e88e335a8ea50cf129e1ce60f10b0606caee20e3e1cf831b580b77233e4e70a6a773247f151eea818cf7b680163f203cf420b78bd227ac,07/23/2025 02:30:00 PM,2,BICYCLE,,,,,,,,,,,,,,,,,,,,,,,,,,,,,,,,,,,,,,,,,,,,,,,,,,,,,,,,,,,,,,,,,,
2112790,ca571b578d9183e574f163eeecfe6601a2208e959102875838d11e1767a86f037b1059c0be398a4baac1588fed5a344b69d8bf565d8ceaed369ee18b65722c35,07/23/2025 02:27:00 PM,1,DRIVER,,2014135,,HYUNDAI,ACCENT,,2009,UNKNOWN,PASSENGER,UNKNOWN/NA,NW,TURNING RIGHT,,,1,,,,,,,,,,,,,,,,,Y,FRONT-LEFT-CORNER,,,,,,,,,,,,,,,,,,,,,,,,,,,,,,,,,
2112791,ca571b578d9183e574f163eeecfe6601a2208e959102875838d11e1767a86f037b1059c0be398a4baac1588fed5a344b69d8bf565d8ceaed369ee18b65722c35,07/23/2025 02:27:00 PM,2,DRIVER,,2014145,,DODGE,CARAVAN,IL,2009,NONE,VAN/MINI-VAN,PERSONAL,N,STRAIGHT AHEAD,,,1,,,,,Y,Y,,,,,,,,,,,,FRONT-RIGHT-CORNER,,,,,,,,,,,,,,,,,,,,,,,,,,,,,,,,,
2112733,3219ad9c2ae45720aadb98df5067c4183d7377813bc892e8ed2ff300c01105342fd9aa65e456a6c8a8978b6b61fc6f8bb7bb5d298ef2ca7b89236a5445390cd0,07/23/2025 02:20:00 PM,2,DRIVER,,2014086,,AUDI,A4,IL,2017,NONE,PASSENGER,PERSONAL,UNKNOWN,STRAIGHT AHEAD,,,1,,,,,,,,,,Y,Y,Y,Y,,,,,SIDE-LEFT,,,,,,,,,,,,,,,,,,,,,,,,,,,,,,,,,
2112734,3219ad9c2ae45720aadb98df5067c4183d7377813bc892e8ed2ff300c01105342fd9aa65e456a6c8a8978b6b61fc6f8bb7bb5d298ef2ca7b89236a5445390cd0,07/23/2025 02:20:00 PM,1,DRIVER,,2014091,,HONDA,INSIGHT,IL,2010,NONE,PASSENGER,PERSONAL,N,STRAIGHT AHEAD,,,1,,,,,Y,,,,,,,,,,Y,Y,,FRONT,,,,,,,,,,,,,,,,,,,,,,,,,,,,,,,,,
2112717,5579ac962a164053ae3edcaec496b3adb30dc767cecd6660623bc4e931034532427607be044bfc37d0eaf104bde8b01a89c10a0cc975a3e6e2b5f1cae51f11ee,07/23/2025 02:15:00 PM,1,DRIVER,,2014078,,JEEP,COMPASS,IL,2018,NONE,PASSENGER,PERSONAL,N,OTHER,,,1,,,,,,,,,,,Y,,,,,,,REAR-LEFT-CORNER,,,,,,,,,,,,,,,,,,,,,,,,,,,,,,,,,
2112718,5579ac962a164053ae3edcaec496b3adb30dc767cecd6660623bc4e931034532427607be044bfc37d0eaf104bde8b01a89c10a0cc975a3e6e2b5f1cae51f11ee,07/23/2025 02:15:00 PM,2,DRIVER,,2014081,,DODGE,RAM PROMASTER,,,NONE,OTHER,OTHER,S,STRAIGHT AHEAD,,,1,,,,,,,,,,,,,,,Y,,,FRONT-LEFT-CORNER,,,,,,,,,,,,,,,,,,,,,,,,,,,,,,,,,
2112704,98a7d40b4074f2e45fb40407f039e0791f5cdbb82dc583e1fcf19ec830125c58fae24320ea9db2ffda23e63982fcc470ab66fbc781ee413af538228ffb316f21,07/23/2025 02:15:00 PM,1,DRIVER,,2014060,,TOYOTA,CAMRY,IL,2009,UNKNOWN,PASSENGER,PERSONAL,UNKNOWN,CHANGING LANES,,,1,,,,,,,,,,Y,Y,Y,,,,,,REAR-LEFT-CORNER,,,,,,,,,,,,,,,,,,,,,,,,,,,,,,,,,
2112705,98a7d40b4074f2e45fb40407f039e0791f5cdbb82dc583e1fcf19ec830125c58fae24320ea9db2ffda23e63982fcc470ab66fbc781ee413af538228ffb316f21,07/23/2025 02:15:00 PM,2,DRIVER,,2014068,,CHEVROLET,MALIBU,IL,2024,UNKNOWN,PASSENGER,PERSONAL,UNKNOWN,STRAIGHT AHEAD,,,1,,,,,Y,Y,,,,,,,,,,,,FRONT-RIGHT-CORNER,,,,,,,,,,,,,,,,,,,,,,,,,,,,,,,,,
2112743,e262bd67d48e8e794ccf1d2923cf3cd29e569785ea398f6dda55180e986de5ff56bb68a67e11c1880f25ab9bf5d6af9b8a8030657b19229fde0a2340e0994117,07/23/2025 02:15:00 PM,1,DRIVER,1,2014096,,CHRYSLER,300,IL,2019,UNKNOWN,PASSENGER,PERSONAL,S,OTHER,,,2,,,,,Y,,,,,,,,,,Y,Y,,FRONT,,,,,,,,,,,,,,,,,,,,,,,,,,,,,,,,,
2112744,e262bd67d48e8e794ccf1d2923cf3cd29e569785ea398f6dda55180e986de5ff56bb68a67e11c1880f25ab9bf5d6af9b8a8030657b19229fde0a2340e0994117,07/23/2025 02:15:00 PM,2,DRIVER,1,2014105,,CADILLAC,ATS,IL,2013,UNKNOWN,PASSENGER,PERSONAL,W,OTHER,,,2,,,,,Y,Y,Y,Y,Y,,,,,,,,,SIDE-RIGHT,,,,,,,,,,,,,,,,,,,,,,,,,,,,,,,,,
2112737,f7f9f053bce94b7e7d9570976b0eedc5e765498672ada86c7ec1673f15a3a13b17846cfd41758327af457c84bd650d5d22a5e1bc73751e6fc39af86f3ce3ad5a,07/23/2025 02:15:00 PM,1,DRIVER,,2014094,,NISSAN,MURANO,IL,2019,NONE,SPORT UTILITY VEHICLE (SUV),PERSONAL,N,MERGING,,,1,,,,,Y,Y,Y,Y,,,,,,,,,,FRONT-RIGHT-CORNER,,,,,,,,,,,,,,,,,,,,,,,,,,,,,,,,,
2112738,f7f9f053bce94b7e7d9570976b0eedc5e765498672ada86c7ec1673f15a3a13b17846cfd41758327af457c84bd650d5d22a5e1bc73751e6fc39af86f3ce3ad5a,07/23/2025 02:15:00 PM,2,DRIVER,,2014103,,TOYOTA,RAV4,IL,2013,NONE,SPORT UTILITY VEHICLE (SUV),PERSONAL,N,STRAIGHT AHEAD,,,1,,,,,,,,,,,,,,,Y,,,FRONT-LEFT-CORNER,,,,,,,,,,,,,,,,,,,,,,,,,,,,,,,,,
2112792,c07986cc47658d173febeb92d129efa9ca154b0de803ca5f8f062a94dd5a31ca7659b1e77a62afb6943ccf8c90877f5947b38ef3ea8c0b0f5a2b237d7399e4b9,07/23/2025 02:12:00 PM,1,DRIVER,1,2014141,,CHEVROLET,OTHER (EXPLAIN IN NARRATIVE),IL,2016,UNKNOWN,BUS OVER 15 PASS.,SCHOOL BUS,S,STRAIGHT AHEAD,,,2,,,,,,,,N,Y,,,,,,,,,REAR-RIGHT-CORNER,,,,,,,,,,,,,,,,,,,,,,,,,,,,,,,,,
2112793,c07986cc47658d173febeb92d129efa9ca154b0de803ca5f8f062a94dd5a31ca7659b1e77a62afb6943ccf8c90877f5947b38ef3ea8c0b0f5a2b237d7399e4b9,07/23/2025 02:12:00 PM,2,PARKED,,2014164,,FORD,TAURUS,IL,2012,UNKNOWN,PASSENGER,NOT IN USE,S,PARKED,,,0,,,,,Y,Y,,,,,,,,Y,Y,Y,,FRONT-LEFT-CORNER,,,,,,,,,,,,,,,,,,,,,,,,,,,,,,,,,
2112735,ad06a4314791822d57f5dc9c1bd357b1ae2a9df5ba2026213cb6842286fab98640273de6465c62f50b75bcf4b523dffcfc10e22a7fc4445709a0693d56229dc1,07/23/2025 02:11:00 PM,1,DRIVER,,2014085,,TOYOTA,SIENNA,IL,2014,UNKNOWN,SPORT UTILITY VEHICLE (SUV),UNKNOWN/NA,S,BACKING,,,1,,,,,,,,,,,,,,,,,Y,REAR,,,,,,,,,,,,,,,,,,,,,,,,,,,,,,,,,
2112736,ad06a4314791822d57f5dc9c1bd357b1ae2a9df5ba2026213cb6842286fab98640273de6465c62f50b75bcf4b523dffcfc10e22a7fc4445709a0693d56229dc1,07/23/2025 02:11:00 PM,2,PARKED,,2014089,,HONDA,HR-V,IL,2022,UNKNOWN,SPORT UTILITY VEHICLE (SUV),PERSONAL,S,PARKED,,,0,,,,,,,,,Y,,,,,,,,,REAR,,,,,,,,,,,,,,,,,,,,,,,,,,,,,,,,,
2113236,6ca8d002d5ca359b9ff97c9adf3984c9de90716600835c37ca14141a4971faf925bc454925b35af8c8d5bc2122a77761849f3c51ffdc3a7998e58eaad0d88c9b,07/23/2025 02:10:00 PM,1,DRIVER,1,2014587,,CHEVROLET,EQUINOX,IL,2017,UNKNOWN,VAN/MINI-VAN,UNKNOWN/NA,UNKNOWN,CHANGING LANES,,,2,,,,,,,,,,,,,,,,,Y,SIDE-LEFT,,,,,,,,,,,,,,,,,,,,,,,,,,,,,,,,,
2113237,6ca8d002d5ca359b9ff97c9adf3984c9de90716600835c37ca14141a4971faf925bc454925b35af8c8d5bc2122a77761849f3c51ffdc3a7998e58eaad0d88c9b,07/23/2025 02:10:00 PM,2,DRIVER,,2014592,,MAZDA,CX-5,IL,2016,NONE,SPORT UTILITY VEHICLE (SUV),PERSONAL,N,CHANGING LANES,,,1,,,,,Y,,,,,,,,,,,,,SIDE-RIGHT-FRONT,,,,,,,,,,,,,,,,,,,,,,,,,,,,,,,,,
2112782,bcb8d2cea6233006441bf78f7d0580f882419bf52538dd78051724920adebc7573bdaf92b09d60016d6c9f50a2056169053020fd9f548f9d58d554c115b1e284,07/23/2025 02:06:00 PM,1,DRIVER,1,2014142,,DODGE,RAM 1500 VAN,IL,2017,UNKNOWN,PASSENGER,UNKNOWN/NA,N,STRAIGHT AHEAD,Y,,2,,PRIVATE,PRIVATE,,Y,Y,,,,,,,,,,,,FRONT-RIGHT-CORNER,,,,,,,,,,,,,,,,,,,,,,,,,,,,,,,,,
2112783,bcb8d2cea6233006441bf78f7d0580f882419bf52538dd78051724920adebc7573bdaf92b09d60016d6c9f50a2056169053020fd9f548f9d58d554c115b1e284,07/23/2025 02:06:00 PM,2,PARKED,,2014159,,MITSUBISHI,OUTLANDER,IL,2020,UNKNOWN,PASSENGER,UNKNOWN/NA,N,PARKED,Y,,0,,PRIVATE,PRIVATE,,,,,,,,Y,Y,,,,,,REAR-LEFT-CORNER,,,,,,,,,,,,,,,,,,,,,,,,,,,,,,,,,
2112708,9d0d70880f13031af6dc9199717af0de81e9bb129e4072704db7d9a3662755cb2304e22a69b483d88c27668da2e67f25d91b5b075416b4575557d7278c1aeb00,07/23/2025 02:05:00 PM,1,DRIVER,,2014061,,TOYOTA,CAMRY,IL,2010,NONE,PASSENGER,PERSONAL,N,TURNING RIGHT,,,1,,,,,Y,,,,,,,,,,Y,Y,,FRONT,,,,,,,,,,,,,,,,,,,,,,,,,,,,,,,,,
2112719,9d0d70880f13031af6dc9199717af0de81e9bb129e4072704db7d9a3662755cb2304e22a69b483d88c27668da2e67f25d91b5b075416b4575557d7278c1aeb00,07/23/2025 02:05:00 PM,2,PEDESTRIAN,,,,,,,,,,,,,,,,,,,,,,,,,,,,,,,,,,,,,,,,,,,,,,,,,,,,,,,,,,,,,,,,,,
2114901,012bbc9f7013cdebb5f78a1070b60a7d26c257b21034d4a9f541217fb56446887ab4557b93feda0c5e30efd3021410f0562a591f253e1e9d135621da8ed0aa53,07/23/2025 02:00:00 PM,1,DRIVER,,2016169,,TOYOTA,PRIUS,IL,2016,NONE,PASSENGER,PERSONAL,E,CHANGING LANES,,,1,,,,,,N,N,N,N,,N,N,N,Y,Y,,,SIDE-LEFT,,,,,,,,,,,,,,,,,,,,,,,,,,,,,,,,,
2114902,012bbc9f7013cdebb5f78a1070b60a7d26c257b21034d4a9f541217fb56446887ab4557b93feda0c5e30efd3021410f0562a591f253e1e9d135621da8ed0aa53,07/23/2025 02:00:00 PM,2,DRIVER,,2016170,,KIA,SORENTO,IL,2019,NONE,PASSENGER,PERSONAL,E,STRAIGHT AHEAD,,,1,,,,,,,Y,Y,Y,,,,,,,,,SIDE-RIGHT,,,,,,,,,,,,,,,,,,,,,,,,,,,,,,,,,
2112684,0208b79acb98242ee842faa0af075061f1a9b8735282186ab675c1b21b855b9272de655ed0bc18b605bc55a35598fe420a075cf1e3006ffef015cc4db3e3ee50,07/23/2025 02:00:00 PM,1,DRIVER,,2014042,,FORD,EXPLORER,IL,2020,NONE,SPORT UTILITY VEHICLE (SUV),OTHER,E,TURNING LEFT,,,1,,,,,Y,,,,,,,,,,,,,SIDE-RIGHT-FRONT,,,,,,,,,,,,,,,,,,,,,,,,,,,,,,,,,
2112685,0208b79acb98242ee842faa0af075061f1a9b8735282186ab675c1b21b855b9272de655ed0bc18b605bc55a35598fe420a075cf1e3006ffef015cc4db3e3ee50,07/23/2025 02:00:00 PM,2,DRIVER,,2014052,,TOYOTA,TACOMA,IL,2020,NONE,PICKUP,OTHER,N,STRAIGHT AHEAD,,,1,,,,,,,,,,,Y,,,,,,,REAR-LEFT-CORNER,,,,,,,,,,,,,,,,,,,,,,,,,,,,,,,,,
2121942,085db2c3ca1cfbbe67656aedf6a0923f7709d190a7ee6b0f4b760c0290f03cd79600b49599ebd2e53986bb6da0e9d3f9d4c464540d4ad95eb8e3a0c064fb5525,07/23/2025 02:00:00 PM,1,DRIVER,,2022867,,BUSHOG DIVISION (SUBSIDIARY OF ALLIED PRODUCTS CORPORATION),"BUSHOG DIV., SUBSIDIARY OF ALLIED PRODUCTS CORP.",IL,2018,NONE,BUS UP TO 15 PASS.,UNKNOWN/NA,S,STRAIGHT AHEAD,,,1,,,,,Y,Y,,,,,,,,,,,,FRONT-RIGHT-CORNER,,,,,,,,,,,,,,,,,,,,,,,,,,,,,,,,,
2121943,085db2c3ca1cfbbe67656aedf6a0923f7709d190a7ee6b0f4b760c0290f03cd79600b49599ebd2e53986bb6da0e9d3f9d4c464540d4ad95eb8e3a0c064fb5525,07/23/2025 02:00:00 PM,2,PARKED,,2022870,,FORD,EXCURSION,IL,2013,NONE,SPORT UTILITY VEHICLE (SUV),NOT IN USE,S,PARKED,,,0,,,,,,,,,,,,,,Y,Y,,,FRONT-LEFT-CORNER,,,,,,,,,,,,,,,,,,,,,,,,,,,,,,,,,
2112757,53e8e98727657007efc2e283b24e34ca797087d6e6ca2850f759cca9c9f1e1493c6f276428439136818cee20a27348d02c0baffd02e1f7e741da483b982e9a85,07/23/2025 02:00:00 PM,1,DRIVER,,2014102,,HONDA,CR-V,IL,2022,NONE,PASSENGER,PERSONAL,N,CHANGING LANES,,,1,,,,,Y,Y,Y,Y,,,,,,,,,,SIDE-RIGHT,,,,,,,,,,,,,,,,,,,,,,,,,,,,,,,,,
2112758,53e8e98727657007efc2e283b24e34ca797087d6e6ca2850f759cca9c9f1e1493c6f276428439136818cee20a27348d02c0baffd02e1f7e741da483b982e9a85,07/23/2025 02:00:00 PM,2,PARKED,,2014107,,DODGE,OTHER (EXPLAIN IN NARRATIVE),IL,2017,NONE,TRACTOR W/ SEMI-TRAILER,PERSONAL,N,PARKED,,,0,,,,,,,,,,,Y,Y,,,,,,SIDE-LEFT-REAR,,,,,,,,,,,,,,,,,,,,,,,,,,,,,,,,,
2112969,bb9dd7f3928b3dda5c0231fee3d88cdb1f974bf34dbcc6b221b037def4f60d45c2d284e5a37c90aa9161b5a4ae015fd7b643a85ee406edee4bdf182224526980,07/23/2025 02:00:00 PM,1,DRIVER,,2014313,,TOYOTA,CAMRY,IL,2008,UNKNOWN,PASSENGER,PERSONAL,W,OTHER,,,1,,,,,N,N,,N,N,,,,,,Y,,Y,FRONT-LEFT-CORNER,,,,,,,,,,,,,,,,,,,,,,,,,,,,,,,,,
2112970,bb9dd7f3928b3dda5c0231fee3d88cdb1f974bf34dbcc6b221b037def4f60d45c2d284e5a37c90aa9161b5a4ae015fd7b643a85ee406edee4bdf182224526980,07/23/2025 02:00:00 PM,2,PARKED,,2014319,,NISSAN,VERSA,IL,2012,UNKNOWN,PASSENGER,PERSONAL,W,PARKED,,,0,,,,,N,N,,Y,Y,,,,,,,,,REAR-RIGHT-CORNER,,,,,,,,,,,,,,,,,,,,,,,,,,,,,,,,,
2113590,cf7ecd975ca7471f5d0c225cf7cefa4e2214b450c64f8d110347e943c13f980a5c90aeedaa7edb3fe053df0dfc555880f70dc8f73cb372fe8349b17e1dad9adf,07/23/2025 02:00:00 PM,1,DRIVER,,2014912,,TOYOTA,CAMRY,IL,2012,NONE,PASSENGER,PERSONAL,W,STRAIGHT AHEAD,,,1,,,,,,,,,,,,,,,,,,UNDER CARRIAGE,,,,,,,,,,,,,,,,,,,,,,,,,,,,,,,,,
2113591,cf7ecd975ca7471f5d0c225cf7cefa4e2214b450c64f8d110347e943c13f980a5c90aeedaa7edb3fe053df0dfc555880f70dc8f73cb372fe8349b17e1dad9adf,07/23/2025 02:00:00 PM,2,DRIVER,,2014919,,LAND ROVER,RANGE ROVER (EVOQUE / SPORT / VELAR),IL,2024,NONE,PASSENGER,PERSONAL,W,STRAIGHT AHEAD,,,1,,,,,,,,,,,,,,,,,,REAR,,,,,,,,,,,,,,,,,,,,,,,,,,,,,,,,,
2112800,1cb0cdb604be8d0111550509168ff3ae5a29e5c4c94f07567b536b7b79e0a14d99d220bb1d2795e969265a4992049b6c6ac0d4ae4461a4ee66aab77dbc78aaf4,07/23/2025 01:55:00 PM,1,DRIVER,,2014146,,UNKNOWN,OTHER (EXPLAIN IN NARRATIVE),,,UNKNOWN,UNKNOWN/NA,UNKNOWN/NA,W,UNKNOWN/NA,,,1,,,,,,,,,,,,,,,,,Y,UNKNOWN,,,,,,,,,,,,,,,,,,,,,,,,,,,,,,,,,
2112801,1cb0cdb604be8d0111550509168ff3ae5a29e5c4c94f07567b536b7b79e0a14d99d220bb1d2795e969265a4992049b6c6ac0d4ae4461a4ee66aab77dbc78aaf4,07/23/2025 01:55:00 PM,2,DRIVER,,2014170,,BUICK,ENVISION,IL,2023,UNKNOWN,SPORT UTILITY VEHICLE (SUV),PERSONAL,W,STRAIGHT AHEAD,Y,,1,,PERSONAL TOW,UNK,,Y,Y,Y,,,,,,,,Y,Y,,SIDE-RIGHT,,,,,,,,,,,,,,,,,,,,,,,,,,,,,,,,,
2112732,132fef4f45eafb3c05188f821782e530b70468461bd870172813a78a3d4bd552772187a73058aef92e26dab78c0431ce82b5e0310f30066943fc47cf8ba2a452,07/23/2025 01:50:00 PM,1,DRIVER,,2014082,,HYUNDAI,TUCSON,IL,2012,UNKNOWN,PASSENGER,PERSONAL,E,TURNING LEFT,,,1,,,,,,,,,,,,,,,,,,NONE,,,,,,,,,,,,,,,,,,,,,,,,,,,,,,,,,
2112750,132fef4f45eafb3c05188f821782e530b70468461bd870172813a78a3d4bd552772187a73058aef92e26dab78c0431ce82b5e0310f30066943fc47cf8ba2a452,07/23/2025 01:50:00 PM,2,PEDESTRIAN,,,,,,,,,,,,,,,,,,,,,,,,,,,,,,,,,,,,,,,,,,,,,,,,,,,,,,,,,,,,,,,,,,
2112728,aa8ad9f90ecc0c2481d57b7d908bb09aeef044a3457995d46e7c8f4190a479b932cf1b4aec1c48e8c3b9cdce4abafde408a08aa172e052f6b5e1923f8c7fabf6,07/23/2025 01:48:00 PM,1,DRIVER,,2014088,,FORD,TRANSIT,,2017,NONE,PASSENGER,PERSONAL,N,STRAIGHT AHEAD,Y,,1,,PERSONAL TOW,,,Y,,,,,,,,,,Y,Y,,FRONT,,,,,,,,,,,,,,,,,,,,,,,,,,,,,,,,,
2112729,aa8ad9f90ecc0c2481d57b7d908bb09aeef044a3457995d46e7c8f4190a479b932cf1b4aec1c48e8c3b9cdce4abafde408a08aa172e052f6b5e1923f8c7fabf6,07/23/2025 01:48:00 PM,2,DRIVER,2,2014099,,DODGE,RAM 1500 PU,IL,2017,NONE,PICKUP,PERSONAL,N,OTHER,,,3,,,,,,,,,Y,Y,Y,,,,,,,REAR,,,,,,,,,,,,,,,,,,,,,,,,,,,,,,,,,
2112711,3c38cabbf947717c13ef3f5f3ecb7b422fccbe6339281e14d3466767bac9c0d3527ee86905a8fa6ce378e30982cbef87412327512cb067c443385c95330950df,07/23/2025 01:40:00 PM,1,DRIVER,,2014067,,TOYOTA,HIGHLANDER,IL,2022,NONE,PASSENGER,UNKNOWN/NA,UNKNOWN,STRAIGHT AHEAD,,,1,,,,,Y,,,,,,,,,,,Y,,FRONT,,,,,,,,,,,,,,,,,,,,,,,,,,,,,,,,,
2112712,3c38cabbf947717c13ef3f5f3ecb7b422fccbe6339281e14d3466767bac9c0d3527ee86905a8fa6ce378e30982cbef87412327512cb067c443385c95330950df,07/23/2025 01:40:00 PM,2,DRIVER,,2014084,,LEXUS,GX,IL,2015,NONE,PASSENGER,PERSONAL,UNKNOWN,STRAIGHT AHEAD,,,1,,,,,,,,,,,,,,,,,,NONE,,,,,,,,,,,,,,,,,,,,,,,,,,,,,,,,,
2112668,777f5439c14e0110f46af0e6fd1cb2a9fd64283c9b6bab9379b1cd30386c83f74e00cf339f2479040d78051908d5a84ff1ac236acb463630f1a26f5c030f2b1c,07/23/2025 01:40:00 PM,1,DRIVER,,2014023,,TOYOTA,CAMRY,IL,2012,UNKNOWN,PASSENGER,PERSONAL,S,BACKING,,,1,,,,,,,,,,N,N,,,,,,Y,REAR,,,,,,,,,,,,,,,,,,,,,,,,,,,,,,,,,
2112669,777f5439c14e0110f46af0e6fd1cb2a9fd64283c9b6bab9379b1cd30386c83f74e00cf339f2479040d78051908d5a84ff1ac236acb463630f1a26f5c030f2b1c,07/23/2025 01:40:00 PM,2,PARKED,,2014031,,JEEP,GRAND CHEROKEE,IL,2021,NONE,SPORT UTILITY VEHICLE (SUV),PERSONAL,E,PARKED,,,0,,,,,,,,,Y,Y,Y,,,,,,,REAR,,,,,,,,,,,,,,,,,,,,,,,,,,,,,,,,,
2112715,f3bd2fbcd53509fbeb11d6abfcf44ff40dabe76306e1e061fe096b571c7e53b9787797b36f580c8266ecd9c57ce287a8f30b092b397260db6136a800860b900b,07/23/2025 01:40:00 PM,1,DRIVER,,2014070,,UNKNOWN,OTHER (EXPLAIN IN NARRATIVE),,,UNKNOWN,UNKNOWN/NA,UNKNOWN/NA,UNKNOWN,UNKNOWN/NA,,,1,,,,,,,,,,,,,,,,,Y,UNKNOWN,,,,,,,,,,,,,,,,,,,,,,,,,,,,,,,,,
2112716,f3bd2fbcd53509fbeb11d6abfcf44ff40dabe76306e1e061fe096b571c7e53b9787797b36f580c8266ecd9c57ce287a8f30b092b397260db6136a800860b900b,07/23/2025 01:40:00 PM,2,PARKED,,2014073,,CHEVROLET,OTHER (EXPLAIN IN NARRATIVE),IL,2018,UNKNOWN,UNKNOWN/NA,UNKNOWN/NA,UNKNOWN,PARKED,,,0,,,,,,,,,,,,,,Y,,,,SIDE-LEFT-FRONT,,,,,,,,,,,,,,,,,,,,,,,,,,,,,,,,,
2112996,fbd320105370f25683055333defe713a6cdcc9ca9c5754b50973c380385865b3a5e475ca5ecb0a4086ecdf26ebcbe719e22ce3863e83f68457facef18dd3243c,07/23/2025 01:34:00 PM,1,DRIVER,,2014335,,TOYOTA,RAV4,IL,2008,NONE,SPORT UTILITY VEHICLE (SUV),PERSONAL,N,STRAIGHT AHEAD,,,1,,,,,,,,,,,,,,,,Y,,FRONT,,,,,,,,,,,,,,,,,,,,,,,,,,,,,,,,,
2112997,fbd320105370f25683055333defe713a6cdcc9ca9c5754b50973c380385865b3a5e475ca5ecb0a4086ecdf26ebcbe719e22ce3863e83f68457facef18dd3243c,07/23/2025 01:34:00 PM,2,DRIVER,1,2014336,,HONDA,ACCORD,IL,2018,NONE,PASSENGER,RIDESHARE SERVICE,N,SLOW/STOP IN TRAFFIC,,,2,,,,,,,,,,Y,,,,,,,,REAR,,,,,,,,,,,,,,,,,,,,,,,,,,,,,,,,,