CRASH_UNIT_ID,CRASH_RECORD_ID,CRASH_DATE,UNIT_NO,UNIT_TYPE,NUM_PASSENGERS,VEHICLE_ID,CMRC_VEH_I,MAKE,MODEL,LIC_PLATE_STATE,VEHICLE_YEAR,VEHICLE_DEFECT,VEHICLE_TYPE,VEHICLE_USE,TRAVEL_DIRECTION,MANEUVER,TOWED_I,FIRE_I,OCCUPANT_CNT,EXCEED_SPEED_LIMIT_I,TOWED_BY,TOWED_TO,AREA_00_I,AREA_01_I,AREA_02_I,AREA_03_I,AREA_04_I,AREA_05_I,AREA_06_I,AREA_07_I,AREA_08_I,AREA_09_I,AREA_10_I,AREA_11_I,AREA_12_I,AREA_99_I,FIRST_CONTACT_POINT,CMV_ID,USDOT_NO,CCMC_NO,ILCC_NO,COMMERCIAL_SRC,GVWR,CARRIER_NAME,CARRIER_STATE,CARRIER_CITY,HAZMAT_PLACARDS_I,HAZMAT_NAME,UN_NO,HAZMAT_PRESENT_I,HAZMAT_REPORT_I,HAZMAT_REPORT_NO,MCS_REPORT_I,MCS_REPORT_NO,HAZMAT_VIO_CAUSE_CRASH_I,MCS_VIO_CAUSE_CRASH_I,IDOT_PERMIT_NO,WIDE_LOAD_I,TRAILER1_WIDTH,TRAILER2_WIDTH,TRAILER1_LENGTH,TRAILER2_LENGTH,TOTAL_VEHICLE_LENGTH,AXLE_CNT,VEHICLE_CONFIG,CARGO_BODY_TYPE,LOAD_TYPE,HAZMAT_OUT_OF_SERVICE_I,MCS_OUT_OF_SERVICE_I,HAZMAT_CLASS
2112658,fe02132f5d7124fe22a3f23039c716a8d5c78db1f810019b000763322649a3fbfbbccabfa9816083e76c8ef0b7c03af978f71b33ce92b8bc82ee1b9bda1198b4,07/23/2025 01:33:00 PM,1,DRIVER,,2014018,,FORD,ESCAPE,IL,2017,UNKNOWN,SPORT UTILITY VEHICLE (SUV),UNKNOWN/NA,N,STRAIGHT AHEAD,,,1,,,,,,,,,,,,,,,,Y,,FRONT,,,,,,,,,,,,,,,,,,,,,,,,,,,,,,,,,
2112659,fe02132f5d7124fe22a3f23039c716a8d5c78db1f810019b000763322649a3fbfbbccabfa9816083e76c8ef0b7c03af978f71b33ce92b8bc82ee1b9bda1198b4,07/23/2025 01:33:00 PM,2,DRIVER,1,2014024,,LEXUS,ES,IL,2007,NONE,PASSENGER,PERSONAL,N,STRAIGHT AHEAD,,,2,,,,,,,,,,Y,,,,,,,,REAR,,,,,,,,,,,,,,,,,,,,,,,,,,,,,,,,,
2116199,04cac1a7c3f16b7f1f60bc344769c8a7e3eea88465311e8e87ec748a787d86f7ece06c689e912f5b99a06b488e82aa898e331a7c3349f0ccc8e22a4398e2c7a0,07/23/2025 01:30:00 PM,1,DRIVER,,2017388,,UNKNOWN,OTHER (EXPLAIN IN NARRATIVE),,,NONE,UNKNOWN/NA,UNKNOWN/NA,UNKNOWN,UNKNOWN/NA,,,1,,,,,,,,,,,,,,,,,Y,UNKNOWN,,,,,,,,,,,,,,,,,,,,,,,,,,,,,,,,,
2116200,04cac1a7c3f16b7f1f60bc344769c8a7e3eea88465311e8e87ec748a787d86f7ece06c689e912f5b99a06b488e82aa898e331a7c3349f0ccc8e22a4398e2c7a0,07/23/2025 01:30:00 PM,2,PARKED,,2017391,,CHEVROLET,SILVERADO,IL,2024,NONE,PICKUP,NOT IN USE,N,PARKED,,,0,,,,,,,Y,,,,,,,,,,,SIDE-RIGHT,,,,,,,,,,,,,,,,,,,,,,,,,,,,,,,,,
2112645,0d22ff1f8a9e43f4f6b727e6efa92ae2415af94f71348222acaa5c5eaff0d6aa5437ae6752552ad9b9b4e473cad7aee4521dd7ef07bd29e838505fe92dfe2682,07/23/2025 01:30:00 PM,1,DRIVER,,2014001,,CHEVROLET,IMPALA,,,UNKNOWN,PASSENGER,PERSONAL,N,STRAIGHT AHEAD,,,1,,,,,,,,,,,,Y,Y,Y,,,,SIDE-LEFT,,,,,,,,,,,,,,,,,,,,,,,,,,,,,,,,,
2112646,0d22ff1f8a9e43f4f6b727e6efa92ae2415af94f71348222acaa5c5eaff0d6aa5437ae6752552ad9b9b4e473cad7aee4521dd7ef07bd29e838505fe92dfe2682,07/23/2025 01:30:00 PM,2,DRIVER,,2014008,,FORD,F750,IN,,UNKNOWN,OTHER,OTHER,N,STRAIGHT AHEAD,,,1,,,,,,Y,,,,,,,,,,,,SIDE-RIGHT-FRONT,,,,,,,,,,,,,,,,,,,,,,,,,,,,,,,,,
2112678,7bad75904ab8ecd086629ba3d83a913f6820403e672da3b5ab58ae9dac5e0e2daa123686493c375290c715ad491b179c8ba82e0f408ac6d24133f42952a7282c,07/23/2025 01:20:00 PM,1,DRIVER,,2014036,,GENERAL MOTORS CORPORATION (GMC),ENVOY,IN,2003,UNKNOWN,SPORT UTILITY VEHICLE (SUV),PERSONAL,W,STRAIGHT AHEAD,Y,,1,,,,,,,,,,,,,,Y,Y,Y,,FRONT-LEFT-CORNER,,,,,,,,,,,,,,,,,,,,,,,,,,,,,,,,,
2112679,7bad75904ab8ecd086629ba3d83a913f6820403e672da3b5ab58ae9dac5e0e2daa123686493c375290c715ad491b179c8ba82e0f408ac6d24133f42952a7282c,07/23/2025 01:20:00 PM,2,DRIVER,,2014046,,MAZDA,CX-5,IL,2016,NONE,SPORT UTILITY VEHICLE (SUV),PERSONAL,W,STRAIGHT AHEAD,Y,,1,,,,,Y,Y,,,,,,,,,,Y,,FRONT-RIGHT-CORNER,,,,,,,,,,,,,,,,,,,,,,,,,,,,,,,,,
2112666,f4353c395b6610e70f742da36a0ce978f6c269f056b84fea6fc8398dfbd11e6bb5298207ceddbb2f6c7f98997abb288f337d9dd4706ff8622377920aa01c6379,07/23/2025 01:20:00 PM,1,DRIVER,1,2014020,,KIA,NIRO,IL,2023,UNKNOWN,PASSENGER,RIDESHARE SERVICE,S,UNKNOWN/NA,,,2,,,,,,,,,,,Y,Y,Y,Y,Y,,,SIDE-LEFT,,,,,,,,,,,,,,,,,,,,,,,,,,,,,,,,,
2112667,f4353c395b6610e70f742da36a0ce978f6c269f056b84fea6fc8398dfbd11e6bb5298207ceddbb2f6c7f98997abb288f337d9dd4706ff8622377920aa01c6379,07/23/2025 01:20:00 PM,2,DRIVER,,2014030,,FREIGHTLINER CORPORATION,FREIGHTLINER CORP.,IN,2020,UNKNOWN,TRACTOR W/ SEMI-TRAILER,OTHER,S,UNKNOWN/NA,,,1,,,,,Y,Y,Y,Y,Y,,,,,,,,,SIDE-RIGHT,,,,,,,,,,,,,,,,,,,,,,,,,,,,,,,,,
2112656,891da87e737c141b7a49b41bf1823af2bfb6f8b4cfc7f072b4a12636e4f3f241f52b4288781433462cf63979b2aa83bf167efe44d8773eea8b155a12a4760b11,07/23/2025 01:18:00 PM,1,NON-MOTOR VEHICLE,,,,,,,,,,,,,,,,,,,,,,,,,,,,,,,,,,,,,,,,,,,,,,,,,,,,,,,,,,,,,,,,,,
2112657,891da87e737c141b7a49b41bf1823af2bfb6f8b4cfc7f072b4a12636e4f3f241f52b4288781433462cf63979b2aa83bf167efe44d8773eea8b155a12a4760b11,07/23/2025 01:18:00 PM,2,DRIVER,,2014025,,LINCOLN,NAVIGATOR,IL,2023,NONE,PASSENGER,PERSONAL,S,TURNING RIGHT,,,1,,,,,,,Y,Y,,,,,,,,,,SIDE-RIGHT,,,,,,,,,,,,,,,,,,,,,,,,,,,,,,,,,
2112690,25f169a90cf6b90d418ec5915e633e7f4991277a7651bdbbb0684af2f380758d7e684a9cf0e9a66aa7f2b5ad39b8d12f7293d5dd60a587f15f47dd994f511875,07/23/2025 01:10:00 PM,1,DRIVER,,2014053,,FREIGHTLINER CORPORATION,FREIGHTLINER CORP.,IL,2013,NONE,OTHER,OTHER,SE,TURNING RIGHT,,,1,,,,,,,Y,Y,Y,,,,,,,,,SIDE-RIGHT,,,,,,,,,,,,,,,,,,,,,,,,,,,,,,,,,
2112691,25f169a90cf6b90d418ec5915e633e7f4991277a7651bdbbb0684af2f380758d7e684a9cf0e9a66aa7f2b5ad39b8d12f7293d5dd60a587f15f47dd994f511875,07/23/2025 01:10:00 PM,2,PARKED,1,2014062,,TOYOTA,PRIUS,IL,2024,NONE,PASSENGER,PERSONAL,S,PARKED,,,1,,,,,,,,,,,Y,Y,,,,,,SIDE-LEFT-REAR,,,,,,,,,,,,,,,,,,,,,,,,,,,,,,,,,
2113252,2eebfad6eabeeeb65510219ff7c436ebfcd5e69c432a60768803bdd709fd93ae130b732b91b9745fa15cfa2eacc7671b8e12e5d067f2e9cf66489258f0e4193d,07/23/2025 01:05:00 PM,1,DRIVER,,2014597,,FORD,BRONCO / BRONCO II,IL,2021,NONE,PASSENGER,PERSONAL,W,STRAIGHT AHEAD,,,1,,,,,,,,,,,,,,,,Y,,FRONT,,,,,,,,,,,,,,,,,,,,,,,,,,,,,,,,,
2113253,2eebfad6eabeeeb65510219ff7c436ebfcd5e69c432a60768803bdd709fd93ae130b732b91b9745fa15cfa2eacc7671b8e12e5d067f2e9cf66489258f0e4193d,07/23/2025 01:05:00 PM,2,DRIVER,,2014594,,BMW,535 SERIES,IL,2014,NONE,PASSENGER,PERSONAL,W,SLOW/STOP IN TRAFFIC,,,1,,,,,,,,,,Y,,,,,,,,REAR,,,,,,,,,,,,,,,,,,,,,,,,,,,,,,,,,
2112672,9b750350095c3494b9c50e68add01299c82b980296c640b9d2c17fbd66f9b9256bddcadb82daedbd4d977a5ad84c29059ab41f4592c279d0d801e061f2c980eb,07/23/2025 01:05:00 PM,1,DRIVER,,2014034,,HYUNDAI,TUCSON,IL,2024,UNKNOWN,PASSENGER,PERSONAL,W,UNKNOWN/NA,,,1,,,,,Y,Y,Y,Y,,,,,,,,,,SIDE-RIGHT,,,,,,,,,,,,,,,,,,,,,,,,,,,,,,,,,
2112673,9b750350095c3494b9c50e68add01299c82b980296c640b9d2c17fbd66f9b9256bddcadb82daedbd4d977a5ad84c29059ab41f4592c279d0d801e061f2c980eb,07/23/2025 01:05:00 PM,2,DRIVER,,2014044,,TOYOTA,SIENNA,IL,2023,NONE,VAN/MINI-VAN,PERSONAL,W,PASSING/OVERTAKING,,,1,,,,,,,,,,,Y,Y,Y,Y,,,,SIDE-LEFT,,,,,,,,,,,,,,,,,,,,,,,,,,,,,,,,,
2112654,01635666f0e34b86fce2d83310141c995a0f8e19c91be77bbf89b42497e402294c72e08a0569af9bcdc94088a56e09efd8fb85a2c229b14dd0d8aec8392e7995,07/23/2025 01:00:00 PM,1,DRIVER,,2014029,,TOYOTA,PRIUS,IL,2016,NONE,PASSENGER,PERSONAL,W,STRAIGHT AHEAD,,,1,,,,,,,,,,,,,,,,,Y,UNKNOWN,,,,,,,,,,,,,,,,,,,,,,,,,,,,,,,,,
2112655,01635666f0e34b86fce2d83310141c995a0f8e19c91be77bbf89b42497e402294c72e08a0569af9bcdc94088a56e09efd8fb85a2c229b14dd0d8aec8392e7995,07/23/2025 01:00:00 PM,2,DRIVER,,2014050,,MERCEDES-BENZ,E320,IL,2012,UNKNOWN,PASSENGER,PERSONAL,W,STRAIGHT AHEAD,,,1,,,,,,,,,,,,,,,,Y,,FRONT,,,,,,,,,,,,,,,,,,,,,,,,,,,,,,,,,
2112670,5f5c48f4c789704a1ddd46f8e842d905e3b5be0e463994adbe0c07628348a04a24a0b6b9cfefcf4ca5e95629cda124a1d03a2b34f035a98b4c38b9d0a2d8d2de,07/23/2025 01:00:00 PM,1,DRIVER,,2014037,,(UNLISTED CONSTRUCTION EQUIPMENT MAKE),(UNLISTED CONSTRUCTION EQUIPMENT MAKE),IL,,NONE,OTHER,CONSTRUCTION/MAINTENANCE,W,STRAIGHT AHEAD,,,1,,,,Y,,,,,,,,,,,,,,NONE,,,,,,,,,,,,,,,,,,,,,,,,,,,,,,,,,
2112671,5f5c48f4c789704a1ddd46f8e842d905e3b5be0e463994adbe0c07628348a04a24a0b6b9cfefcf4ca5e95629cda124a1d03a2b34f035a98b4c38b9d0a2d8d2de,07/23/2025 01:00:00 PM,2,PARKED,1,2014038,,GENERAL MOTORS CORPORATION (GMC),TERRAIN,IL,2021,NONE,PASSENGER,PERSONAL,W,PARKED,,,1,,,,,,,,,,,,,,Y,,,,SIDE-LEFT,,,,,,,,,,,,,,,,,,,,,,,,,,,,,,,,,
2112652,79a8ae9309dbb96415828db7f58e17fc5aaa2445c5cd18ff58b4165bc094570a888658c8ab988a1fc6b1f8aa95afebd6c9e99700eb3f07e20b7d07b20193def7,07/23/2025 01:00:00 PM,1,DRIVER,,2014028,,TOYOTA,OTHER (EXPLAIN IN NARRATIVE),IL,2003,UNKNOWN,PASSENGER,PERSONAL,UNKNOWN,BACKING,,,1,,,,,,,,,,Y,,,,,,,N,REAR,,,,,,,,,,,,,,,,,,,,,,,,,,,,,,,,,
2112653,79a8ae9309dbb96415828db7f58e17fc5aaa2445c5cd18ff58b4165bc094570a888658c8ab988a1fc6b1f8aa95afebd6c9e99700eb3f07e20b7d07b20193def7,07/23/2025 01:00:00 PM,2,DRIVER,,2014014,,TOYOTA,ECHO,IL,2003,UNKNOWN,PASSENGER,PERSONAL,UNKNOWN,STRAIGHT AHEAD,,,1,,,,,Y,,,,,,,,,,,,,FRONT-RIGHT-CORNER,,,,,,,,,,,,,,,,,,,,,,,,,,,,,,,,,
2113028,f77fd174806a1f0e7c1d2ad9afcf0e31605ac3dd6ddb63e745986a4be986c420b02a01f1244ea7c77bc0abea385cfefcc31b9d775cc50307cf2d1913bde6f2fd,07/23/2025 01:00:00 PM,1,DRIVER,,2014372,,UNKNOWN,OTHER (EXPLAIN IN NARRATIVE),,,UNKNOWN,UNKNOWN/NA,UNKNOWN/NA,UNKNOWN,UNKNOWN/NA,,,1,,,,,,,,,,,,,,,,,Y,UNKNOWN,,,,,,,,,,,,,,,,,,,,,,,,,,,,,,,,,
2113029,f77fd174806a1f0e7c1d2ad9afcf0e31605ac3dd6ddb63e745986a4be986c420b02a01f1244ea7c77bc0abea385cfefcc31b9d775cc50307cf2d1913bde6f2fd,07/23/2025 01:00:00 PM,2,PARKED,,2014376,,HYUNDAI,TUCSON,IL,2012,NONE,PASSENGER,PERSONAL,N,PARKED,,,0,,,,,,,,,,,,,,Y,Y,,,SIDE-LEFT,,,,,,,,,,,,,,,,,,,,,,,,,,,,,,,,,
2112662,cb4bb5b373ed3582d8bab839ca445885a676702102a3c92c84da1373471f744fad5008a2407ef2d45170a072003a5e1700a53ea9b71f0d5a5fa691818e6bf1d1,07/23/2025 12:55:00 PM,1,DRIVER,,2014021,,SUBARU,CROSSTREK,IL,2015,NONE,PASSENGER,PERSONAL,E,TURNING RIGHT,,,1,,,,,Y,,,,,,,,,,,,,FRONT-RIGHT-CORNER,,,,,,,,,,,,,,,,,,,,,,,,,,,,,,,,,
2112663,cb4bb5b373ed3582d8bab839ca445885a676702102a3c92c84da1373471f744fad5008a2407ef2d45170a072003a5e1700a53ea9b71f0d5a5fa691818e6bf1d1,07/23/2025 12:55:00 PM,2,DRIVER,,2014039,N,OSHKOSH MOTOR TRUCK COMPANY,OSHKOSH MOTOR TRUCK CO.,IL,2023,NONE,OTHER,OTHER,E,LEAVING TRAFFIC LANE TO PARK,,,1,,,,,,,,,,Y,,,,,,,,REAR,,,,,,,,,,,,,,,,,,,,,,,,,,,,,,,,,
2112720,ee2eb7430a05c3d6eb3b919d40ea11435ee77bcd1cd43b77be4505597b64a9b3b29a99c3bf6d261df57046d034989de71159b0848b8119a8ce6fe1deb7feb9a3,07/23/2025 12:55:00 PM,1,DRIVER,,2014075,,MERCEDES-BENZ,C300,IL,2018,UNKNOWN,PASSENGER,PERSONAL,NE,TURNING LEFT,Y,,1,,PRIVATE,PRIVATE,,Y,,,,,,,,,,Y,Y,,FRONT,,,,,,,,,,,,,,,,,,,,,,,,,,,,,,,,,
2112721,ee2eb7430a05c3d6eb3b919d40ea11435ee77bcd1cd43b77be4505597b64a9b3b29a99c3bf6d261df57046d034989de71159b0848b8119a8ce6fe1deb7feb9a3,07/23/2025 12:55:00 PM,2,DRIVER,,2014083,,LAND ROVER,DISCOVERY,IL,2018,UNKNOWN,SPORT UTILITY VEHICLE (SUV),PERSONAL,W,STRAIGHT AHEAD,Y,,1,,PRIVATE,PRIVATE,,,,,,,,,,,Y,Y,,,FRONT-LEFT-CORNER,,,,,,,,,,,,,,,,,,,,,,,,,,,,,,,,,
2112647,657cfdff9c2fbd8b9ebb0f7d4675c08a4826391b8d57926027a8758a94869b3adebecb7e70ae619b72b2a8fe663798ac1ec66e01d0cd1f8cc530c8479bcdd444,07/23/2025 12:50:00 PM,1,DRIVER,,2014006,Y,FREIGHTLINER CORPORATION,FREIGHTLINER CORP.,IN,2022,NONE,TRACTOR W/ SEMI-TRAILER,COMMERCIAL - SINGLE UNIT,N,UNKNOWN/NA,,,1,,,,,,,,,,,,,,,,Y,,TOP,"21,878",0080806,,,,,JB HUNT,IN,NOBLESVILLE,,,,U,U,,U,,U,U,,,97-102,>102,,,,,TRACTOR/SEMI-TRAILER,VAN/ENCLOSED BOX,UNKNOWN,,N,
2112641,a129ab3cf4ed247e31da869d34029e592ce2e656164239a5b9979f9301bd3977722866fbd9b61073971a9818a305d60bd5bc27587927398bedb4e1961ed83d9c,07/23/2025 12:45:00 PM,1,DRIVER,,2014009,,FORD,ESCAPE,IL,2009,UNKNOWN,SPORT UTILITY VEHICLE (SUV),PERSONAL,UNKNOWN,BACKING,,,1,,,,,,,,,,Y,,,,,,,,REAR,,,,,,,,,,,,,,,,,,,,,,,,,,,,,,,,,
2112642,a129ab3cf4ed247e31da869d34029e592ce2e656164239a5b9979f9301bd3977722866fbd9b61073971a9818a305d60bd5bc27587927398bedb4e1961ed83d9c,07/23/2025 12:45:00 PM,2,DRIVER,,2014013,,TOYOTA,COROLLA,IL,2023,UNKNOWN,PASSENGER,PERSONAL,UNKNOWN,STRAIGHT AHEAD,,,1,,,,,,,,,,,,,,,,Y,,FRONT,,,,,,,,,,,,,,,,,,,,,,,,,,,,,,,,,
2113430,2ae7bb3443ccd2408129434d9134ba0ef8f4b4fc94f89530797934f63abf060c500dac825ffbd428b5f77de51d26abc519881d0add5d829d77252bfd16a6dea6,07/23/2025 12:31:00 PM,1,DRIVER,,2014789,,HONDA,CIVIC,IL,2016,NONE,PASSENGER,PERSONAL,W,BACKING,,,1,,,,,,,,,Y,Y,,,,,,,,REAR-RIGHT-CORNER,,,,,,,,,,,,,,,,,,,,,,,,,,,,,,,,,
2113431,2ae7bb3443ccd2408129434d9134ba0ef8f4b4fc94f89530797934f63abf060c500dac825ffbd428b5f77de51d26abc519881d0add5d829d77252bfd16a6dea6,07/23/2025 12:31:00 PM,2,DRIVER,,2014796,,FORD,FUSION,IL,2014,UNKNOWN,PASSENGER,PERSONAL,N,STRAIGHT AHEAD,,,1,,,,,Y,,,,,,,,,,,,,FRONT-RIGHT-CORNER,,,,,,,,,,,,,,,,,,,,,,,,,,,,,,,,,
2112628,c0fc2bb9df2ac12c49d0ec6611509c8b70cdb64fd6014140b3b4ce2f1dfc47f4f6f1f98545db9c92ae3929886c64dd9ebb8d4c8fde9a8a1108977d5c2c3d08b4,07/23/2025 12:30:00 PM,1,DRIVER,,2013995,,CHEVROLET,TRAX,IL,2020,NONE,PASSENGER,PERSONAL,E,STRAIGHT AHEAD,,,1,,,,,Y,,,,,,,,,,Y,Y,,FRONT,,,,,,,,,,,,,,,,,,,,,,,,,,,,,,,,,
2112629,c0fc2bb9df2ac12c49d0ec6611509c8b70cdb64fd6014140b3b4ce2f1dfc47f4f6f1f98545db9c92ae3929886c64dd9ebb8d4c8fde9a8a1108977d5c2c3d08b4,07/23/2025 12:30:00 PM,2,DRIVER,,2013999,,HONDA,PILOT,IL,2013,NONE,PASSENGER,PERSONAL,E,SLOW/STOP IN TRAFFIC,,,1,,,,,,,,,Y,Y,Y,,,,,,,REAR,,,,,,,,,,,,,,,,,,,,,,,,,,,,,,,,,
2112630,caeb3f7ef7e6c44fb3a66738ae69deb47f1941309e7e4940bd2cfbfbef10247b4fa5bcec1d2d00a8962f5780b205326b376cec882c16fa990cd33d8a572d6c13,07/23/2025 12:20:00 PM,1,DRIVER,,2013992,,LEXUS,ES350,IL,2012,UNKNOWN,PASSENGER,PERSONAL,S,STRAIGHT AHEAD,,,1,,,,,Y,,,,,,,,,,Y,Y,,FRONT,,,,,,,,,,,,,,,,,,,,,,,,,,,,,,,,,
2112631,caeb3f7ef7e6c44fb3a66738ae69deb47f1941309e7e4940bd2cfbfbef10247b4fa5bcec1d2d00a8962f5780b205326b376cec882c16fa990cd33d8a572d6c13,07/23/2025 12:20:00 PM,2,DRIVER,,2013997,,DODGE,GRAND CARAVAN,IL,1999,UNKNOWN,VAN/MINI-VAN,PERSONAL,N,TURNING LEFT,,,1,,,,,Y,,,,,,,,,,,Y,,FRONT-RIGHT-CORNER,,,,,,,,,,,,,,,,,,,,,,,,,,,,,,,,,
2112808,8e42dc29233604b5dd42481af22cbf110929762866277e5589e28a084a0713c6545be164011807e122d7154b35e81ff46f3db645e6343003ac5bd1461728858f,07/23/2025 12:15:00 PM,1,DRIVER,,2014167,,NISSAN,OTHER (EXPLAIN IN NARRATIVE),IL,2018,NONE,PASSENGER,PERSONAL,N,STRAIGHT AHEAD,,,1,,,,,,,,,Y,Y,Y,,,,,,,REAR,,,,,,,,,,,,,,,,,,,,,,,,,,,,,,,,,
2112809,8e42dc29233604b5dd42481af22cbf110929762866277e5589e28a084a0713c6545be164011807e122d7154b35e81ff46f3db645e6343003ac5bd1461728858f,07/23/2025 12:15:00 PM,2,DRIVER,,2014177,,HONDA,OTHER (EXPLAIN IN NARRATIVE),IL,2021,NONE,PASSENGER,PERSONAL,N,STRAIGHT AHEAD,,,1,,,,,Y,,,,,,,,,,Y,Y,,FRONT,,,,,,,,,,,,,,,,,,,,,,,,,,,,,,,,,
2112680,dc4158bae97a88e3cc16f11e5b8db520391e2dc06ee0e37acc57130b948d7cc68af15d97fa37f4474c814a245f6ef027c21370bde42d9dcd8829c2b216adbb69,07/23/2025 12:11:00 PM,1,DRIVER,,2014035,,PONTIAC,GRAND PRIX,IL,2006,NONE,PASSENGER,PERSONAL,N,TURNING LEFT,Y,,1,,CITY OF CHICAGO,POUND 2,,,,,,,,,Y,Y,Y,Y,,,SIDE-LEFT-FRONT,,,,,,,,,,,,,,,,,,,,,,,,,,,,,,,,,
2112681,dc4158bae97a88e3cc16f11e5b8db520391e2dc06ee0e37acc57130b948d7cc68af15d97fa37f4474c814a245f6ef027c21370bde42d9dcd8829c2b216adbb69,07/23/2025 12:11:00 PM,2,DRIVER,2,2014040,,HONDA,ODYSSEY,IL,2007,NONE,PASSENGER,PERSONAL,E,STRAIGHT AHEAD,,,3,,,,,Y,,,,,,,,,,Y,Y,,FRONT,,,,,,,,,,,,,,,,,,,,,,,,,,,,,,,,,
2112634,a053be5571b3b7c024ae168c230a30896a517cbe9be823f61e6af22d79f753c972dcb6ede7bfbe61352d152c8d5511bd3e36850ef98ab1da88d7a416bd9b2c43,07/23/2025 12:10:00 PM,1,DRIVER,,2013994,,UNKNOWN,OTHER (EXPLAIN IN NARRATIVE),,,UNKNOWN,UNKNOWN/NA,UNKNOWN/NA,N,STRAIGHT AHEAD,,,1,,,,,Y,,,,,,,,,,Y,Y,,FRONT,,,,,,,,,,,,,,,,,,,,,,,,,,,,,,,,,
2112635,a053be5571b3b7c024ae168c230a30896a517cbe9be823f61e6af22d79f753c972dcb6ede7bfbe61352d152c8d5511bd3e36850ef98ab1da88d7a416bd9b2c43,07/23/2025 12:10:00 PM,2,DRIVER,,2014002,,NISSAN,SENTRA,IL,2023,NONE,PASSENGER,PERSONAL,N,STRAIGHT AHEAD,,,1,,,,,Y,,,,Y,Y,Y,,,,Y,Y,,REAR,,,,,,,,,,,,,,,,,,,,,,,,,,,,,,,,,
2112636,a053be5571b3b7c024ae168c230a30896a517cbe9be823f61e6af22d79f753c972dcb6ede7bfbe61352d152c8d5511bd3e36850ef98ab1da88d7a416bd9b2c43,07/23/2025 12:10:00 PM,3,DRIVER,,2014007,,UNKNOWN,OTHER (EXPLAIN IN NARRATIVE),,,NONE,PASSENGER,PERSONAL,N,STRAIGHT AHEAD,,,1,,,,,,,,,Y,Y,Y,,,,,,,REAR,,,,,,,,,,,,,,,,,,,,,,,,,,,,,,,,,
2112686,8fbb679dd11e7d4a5983cb976705cd0603ed42ade6326c24f40e85d99e4226f91cc5695b034d7771a5d9e23ea7765010e9ce96c047a76157fa8b713e7fcaef11,07/23/2025 12:00:00 PM,1,DRIVER,2,2014043,,HYUNDAI,OTHER (EXPLAIN IN NARRATIVE),IL,2009,NONE,PASSENGER,PERSONAL,W,TURNING LEFT,,,3,,,,,,,,,,,,,,Y,Y,,,FRONT-LEFT-CORNER,,,,,,,,,,,,,,,,,,,,,,,,,,,,,,,,,
2112687,8fbb679dd11e7d4a5983cb976705cd0603ed42ade6326c24f40e85d99e4226f91cc5695b034d7771a5d9e23ea7765010e9ce96c047a76157fa8b713e7fcaef11,07/23/2025 12:00:00 PM,2,DRIVER,3,2014065,,"PROGRESS INDUSTRIES, INC. (SUBSIDIARY FLEETWOOD)","PROGRESS INDUSTRIES, INC. (SUBSIDIARY FLEETWOOD)",IL,2025,UNKNOWN,OTHER,DRIVER EDUCATION,W,TURNING LEFT,,,4,,,,,,,Y,Y,,,,,,,,,,SIDE-RIGHT-REAR,,,,,,,,,,,,,,,,,,,,,,,,,,,,,,,,,
2112608,a41fb5cca4bf03cd5938a3fedb00f372893fb528389516eaf71b835718ddf3305758b5dca195e2052505122c39a620fd00acf09237f173e70a2f9b89b0d4bae5,07/23/2025 12:00:00 PM,1,DRIVER,,2013975,,FREIGHTLINER CORPORATION,FREIGHTLINER CORP.,IL,2013,NONE,TRUCK - SINGLE UNIT,STATE OWNED,N,BACKING,,,1,,,,Y,,,,,,,,,,,,,,REAR,,,,,,,,,,,,,,,,,,,,,,,,,,,,,,,,,
2112609,a41fb5cca4bf03cd5938a3fedb00f372893fb528389516eaf71b835718ddf3305758b5dca195e2052505122c39a620fd00acf09237f173e70a2f9b89b0d4bae5,07/23/2025 12:00:00 PM,2,PARKED,,2013984,,FORD,VAN,IL,2016,NONE,VAN/MINI-VAN,STATE OWNED,S,PARKED IN TRAFFIC LANE,,,0,,,,,,,,,,,,,,,,,,FRONT,,,,,,,,,,,,,,,,,,,,,,,,,,,,,,,,,
2112612,e69fc4f83cbd44d5d799c6f44e40c3f86c84ed714b03f79715f4a7ac6165d7ba3ec6b529349b81445691d499cd452525a0d99297d2654d12abd6900dc94f3022,07/23/2025 12:00:00 PM,1,DRIVER,,2013976,,UNKNOWN,MOTORIZED,,,UNKNOWN,PASSENGER,UNKNOWN/NA,N,STRAIGHT AHEAD,,,1,,,,,Y,,,,,,,,,,Y,Y,,FRONT,,,,,,,,,,,,,,,,,,,,,,,,,,,,,,,,,
2112613,e69fc4f83cbd44d5d799c6f44e40c3f86c84ed714b03f79715f4a7ac6165d7ba3ec6b529349b81445691d499cd452525a0d99297d2654d12abd6900dc94f3022,07/23/2025 12:00:00 PM,2,DRIVER,,2013970,,BMW,3 SERIES,IL,,UNKNOWN,PASSENGER,PERSONAL,N,STRAIGHT AHEAD,,,1,,,,,,,,,Y,Y,Y,,,,,,,REAR,,,,,,,,,,,,,,,,,,,,,,,,,,,,,,,,,
2112614,359828807659c86c9a7cc019fb91370110623cbd54bb92ca5b9ea0118f5b272ea86c0dfe30bceed16f992222a13c9d9716d1c4d7fe37b15b012e0adabb353fe6,07/23/2025 11:51:00 AM,1,DRIVER,,2013971,,CHEVROLET,COLORADO,IL,2025,UNKNOWN,PICKUP,OTHER,W,TURNING RIGHT,,,1,,,,,,,,,,,,,,,,,Y,UNKNOWN,,,,,,,,,,,,,,,,,,,,,,,,,,,,,,,,,