CRASH_UNIT_ID,CRASH_RECORD_ID,CRASH_DATE,UNIT_NO,UNIT_TYPE,NUM_PASSENGERS,VEHICLE_ID,CMRC_VEH_I,MAKE,MODEL,LIC_PLATE_STATE,VEHICLE_YEAR,VEHICLE_DEFECT,VEHICLE_TYPE,VEHICLE_USE,TRAVEL_DIRECTION,MANEUVER,TOWED_I,FIRE_I,OCCUPANT_CNT,EXCEED_SPEED_LIMIT_I,TOWED_BY,TOWED_TO,AREA_00_I,AREA_01_I,AREA_02_I,AREA_03_I,AREA_04_I,AREA_05_I,AREA_06_I,AREA_07_I,AREA_08_I,AREA_09_I,AREA_10_I,AREA_11_I,AREA_12_I,AREA_99_I,FIRST_CONTACT_POINT,CMV_ID,USDOT_NO,CCMC_NO,ILCC_NO,COMMERCIAL_SRC,GVWR,CARRIER_NAME,CARRIER_STATE,CARRIER_CITY,HAZMAT_PLACARDS_I,HAZMAT_NAME,UN_NO,HAZMAT_PRESENT_I,HAZMAT_REPORT_I,HAZMAT_REPORT_NO,MCS_REPORT_I,MCS_REPORT_NO,HAZMAT_VIO_CAUSE_CRASH_I,MCS_VIO_CAUSE_CRASH_I,IDOT_PERMIT_NO,WIDE_LOAD_I,TRAILER1_WIDTH,TRAILER2_WIDTH,TRAILER1_LENGTH,TRAILER2_LENGTH,TOTAL_VEHICLE_LENGTH,AXLE_CNT,VEHICLE_CONFIG,CARGO_BODY_TYPE,LOAD_TYPE,HAZMAT_OUT_OF_SERVICE_I,MCS_OUT_OF_SERVICE_I,HAZMAT_CLASS
2112615,359828807659c86c9a7cc019fb91370110623cbd54bb92ca5b9ea0118f5b272ea86c0dfe30bceed16f992222a13c9d9716d1c4d7fe37b15b012e0adabb353fe6,07/23/2025 11:51:00 AM,2,BICYCLE,,,,,,,,,,,,,,,,,,,,,,,,,,,,,,,,,,,,,,,,,,,,,,,,,,,,,,,,,,,,,,,,,,
2112688,a57d7eedbcda3b0a19282f25f9616468ce0bc7422241b20b76ae334da9fdcada3f3c7d495eaed67bf66706856056f0b56a26562998442135fbee0acdcb6d6af8,07/23/2025 11:51:00 AM,1,BICYCLE,,,,,,,,,,,,,,,,,,,,,,,,,,,,,,,,,,,,,,,,,,,,,,,,,,,,,,,,,,,,,,,,,,
2112689,a57d7eedbcda3b0a19282f25f9616468ce0bc7422241b20b76ae334da9fdcada3f3c7d495eaed67bf66706856056f0b56a26562998442135fbee0acdcb6d6af8,07/23/2025 11:51:00 AM,2,DRIVER,,2014045,,DODGE,RAM 1500 PU,IL,2004,UNKNOWN,PICKUP,PERSONAL,E,STRAIGHT AHEAD,,,1,,,,N,,,,,,,,,,,,,Y,SIDE-LEFT-REAR,,,,,,,,,,,,,,,,,,,,,,,,,,,,,,,,,
2113434,9238cf5d15d5e82923ae873648c2b10644005ed5c0a35b391ecd9eb81221a2fac6341f94bd4b8775eac9f93d2e6857669de52f6a0edb7c813620e8537408bb89,07/23/2025 11:50:00 AM,1,DRIVER,,2014763,,MAZDA,CX-5,IL,2013,NONE,PASSENGER,PERSONAL,E,STRAIGHT AHEAD,,,1,,,,,Y,,,,,,,,,,Y,Y,,FRONT,,,,,,,,,,,,,,,,,,,,,,,,,,,,,,,,,
2113435,9238cf5d15d5e82923ae873648c2b10644005ed5c0a35b391ecd9eb81221a2fac6341f94bd4b8775eac9f93d2e6857669de52f6a0edb7c813620e8537408bb89,07/23/2025 11:50:00 AM,2,DRIVER,,2014767,,MERCEDES-BENZ,C300,,2023,NONE,PASSENGER,PERSONAL,E,SLOW/STOP IN TRAFFIC,,,1,,,,,,,,Y,Y,Y,Y,Y,,,,,,REAR,,,,,,,,,,,,,,,,,,,,,,,,,,,,,,,,,
2112622,71a5d69b32cfe4880f9dc3fbe6295a9757c829a8d7156685aeb493dacce3c68a263d921c90b19f06d7ca93b5060a95058063a457c631af7b551f97506fcd566f,07/23/2025 11:48:00 AM,1,DRIVER,,2013989,,TOYOTA,PRIUS,IL,2015,UNKNOWN,PASSENGER,PERSONAL,S,STRAIGHT AHEAD,,,1,,,,,,,,,,,,,,N,Y,,,FRONT-LEFT-CORNER,,,,,,,,,,,,,,,,,,,,,,,,,,,,,,,,,
2112623,71a5d69b32cfe4880f9dc3fbe6295a9757c829a8d7156685aeb493dacce3c68a263d921c90b19f06d7ca93b5060a95058063a457c631af7b551f97506fcd566f,07/23/2025 11:48:00 AM,2,DRIVER,,2013993,,FORD,ESCAPE,IL,2013,UNKNOWN,PASSENGER,PERSONAL,S,STRAIGHT AHEAD,,,1,,,,,,,,,Y,,,,,,,,,REAR-RIGHT-CORNER,,,,,,,,,,,,,,,,,,,,,,,,,,,,,,,,,
2113989,cd16728b982bc10f68f0e24fb99e87f132526d3d5559a990c337e923573c7afdc3b6b2fc4d7c9145a89eb12226a2288bba61d12b36c76d71478992108fda7793,07/23/2025 11:45:00 AM,1,,,,,,,,,,,,,,,,,,,,,,,,,,,,,,,,,,,,,,,,,,,,,,,,,,,,,,,,,,,,,,,,,,,
2113990,cd16728b982bc10f68f0e24fb99e87f132526d3d5559a990c337e923573c7afdc3b6b2fc4d7c9145a89eb12226a2288bba61d12b36c76d71478992108fda7793,07/23/2025 11:45:00 AM,2,DRIVER,,2015333,,CADILLAC,DEVILLE,,2010,NONE,PASSENGER,PERSONAL,E,STRAIGHT AHEAD,,,1,,,,,Y,Y,,,,,,,,,,,,FRONT-RIGHT-CORNER,,,,,,,,,,,,,,,,,,,,,,,,,,,,,,,,,
2113993,cd16728b982bc10f68f0e24fb99e87f132526d3d5559a990c337e923573c7afdc3b6b2fc4d7c9145a89eb12226a2288bba61d12b36c76d71478992108fda7793,07/23/2025 11:45:00 AM,1,DRIVER,,2015290,,CHEVROLET,TAHOE,IL,,UNKNOWN,SPORT UTILITY VEHICLE (SUV),UNKNOWN/NA,S,TURNING RIGHT,,,1,,,,,Y,,,,,,,,,,,,,FRONT-RIGHT-CORNER,,,,,,,,,,,,,,,,,,,,,,,,,,,,,,,,,
2112587,8d9b0e0b0972568b7b992518a1fd2e05d7807e4a313dd6ba3bfb9a9460e0f522ce2c1ad01e0cd55ded4d20d6a8a54f829a5521852b4c501c613b2592a7e5e6ce,07/23/2025 11:40:00 AM,1,DRIVER,,2013946,,FORD,ESCAPE,IL,2018,UNKNOWN,SPORT UTILITY VEHICLE (SUV),PERSONAL,E,STRAIGHT AHEAD,,,1,,,,,Y,,,,,,,,,,N,,,FRONT-RIGHT-CORNER,,,,,,,,,,,,,,,,,,,,,,,,,,,,,,,,,
2112588,8d9b0e0b0972568b7b992518a1fd2e05d7807e4a313dd6ba3bfb9a9460e0f522ce2c1ad01e0cd55ded4d20d6a8a54f829a5521852b4c501c613b2592a7e5e6ce,07/23/2025 11:40:00 AM,2,DRIVER,,2013950,,CHEVROLET,MALIBU,IL,2023,UNKNOWN,PASSENGER,OTHER,UNKNOWN,BACKING,,,1,,,,,,,,,,,Y,,,,,,,SIDE-LEFT-REAR,,,,,,,,,,,,,,,,,,,,,,,,,,,,,,,,,
2112606,c51e4519e08276993de903d873be1a1219d8e79679ccdd1453e308ef46d1771dda85135c8d834b589fea0dc27d4c4b6843c00cda58c6e205091781c812b5a577,07/23/2025 11:40:00 AM,1,DRIVER,1,2013972,,FORD,ESCAPE,IL,2006,UNKNOWN,PASSENGER,UNKNOWN/NA,N,CHANGING LANES,,,2,,,,,Y,,,,,,,,,Y,Y,Y,,FRONT-LEFT-CORNER,,,,,,,,,,,,,,,,,,,,,,,,,,,,,,,,,
2112607,c51e4519e08276993de903d873be1a1219d8e79679ccdd1453e308ef46d1771dda85135c8d834b589fea0dc27d4c4b6843c00cda58c6e205091781c812b5a577,07/23/2025 11:40:00 AM,2,DRIVER,,2013980,,LEXUS,RX350,IL,2012,UNKNOWN,PASSENGER,UNKNOWN/NA,N,STRAIGHT AHEAD,,,1,,,,,,Y,Y,Y,,,,,,,,,,SIDE-RIGHT,,,,,,,,,,,,,,,,,,,,,,,,,,,,,,,,,
2112620,e3f93a9324000342f5f4febe75a1b200b5e2e78cd4d37412657fbc42670acff953100ab08ae1a02215df62c64b14c304d31cfa52355669994685335955c0c08b,07/23/2025 11:40:00 AM,1,DRIVER,,2013979,,JEEP,GRAND CHEROKEE,IL,2014,UNKNOWN,UNKNOWN/NA,UNKNOWN/NA,E,UNKNOWN/NA,,,1,,,,,,,,,,,Y,Y,,,,,,SIDE-LEFT-REAR,,,,,,,,,,,,,,,,,,,,,,,,,,,,,,,,,
2112621,e3f93a9324000342f5f4febe75a1b200b5e2e78cd4d37412657fbc42670acff953100ab08ae1a02215df62c64b14c304d31cfa52355669994685335955c0c08b,07/23/2025 11:40:00 AM,2,DRIVER,,2013983,,GENERAL MOTORS CORPORATION (GMC),OTHER (EXPLAIN IN NARRATIVE),IL,2021,UNKNOWN,UNKNOWN/NA,UNKNOWN/NA,E,STRAIGHT AHEAD,,,1,,,,,Y,,,,,,,,,,,,,FRONT-RIGHT-CORNER,,,,,,,,,,,,,,,,,,,,,,,,,,,,,,,,,
2112639,e5b00ae5ec39f3b59e24097f1344d787e82f990b163b5dab96d7e208fa033044ff31764153ad8e5e2bf7bf4a20cea8f90de4c3e718019da6a49ab94cdb5af72b,07/23/2025 11:40:00 AM,1,DRIVER,,2014012,,PONTIAC,GRAND PRIX,IL,1998,BRAKES,PASSENGER,PERSONAL,S,BACKING,,,1,,,,,,,,,,Y,,,,,,,,REAR,,,,,,,,,,,,,,,,,,,,,,,,,,,,,,,,,
2112640,e5b00ae5ec39f3b59e24097f1344d787e82f990b163b5dab96d7e208fa033044ff31764153ad8e5e2bf7bf4a20cea8f90de4c3e718019da6a49ab94cdb5af72b,07/23/2025 11:40:00 AM,2,PARKED,,2014015,,MAZDA,CX-9,IL,2008,NONE,PASSENGER,PERSONAL,N,PARKED,,,0,,,,,,,,,,,,,,,,Y,,FRONT,,,,,,,,,,,,,,,,,,,,,,,,,,,,,,,,,
2116899,480b95184d082a9842ee4a497e5d455de307c2bbd7b6520eadbd225a19b51e9ca3edbb86a216fcccef9a992033dfc796b9771fa078789e565e36dcbfcf3e9c41,07/23/2025 11:35:00 AM,1,DRIVER,,2018045,,HONDA,CR-V,IL,2015,UNKNOWN,SPORT UTILITY VEHICLE (SUV),PERSONAL,UNKNOWN,BACKING,,,1,,,,,,,,,,Y,Y,Y,,,,,,SIDE-LEFT-REAR,,,,,,,,,,,,,,,,,,,,,,,,,,,,,,,,,
2116900,480b95184d082a9842ee4a497e5d455de307c2bbd7b6520eadbd225a19b51e9ca3edbb86a216fcccef9a992033dfc796b9771fa078789e565e36dcbfcf3e9c41,07/23/2025 11:35:00 AM,2,DRIVER,,2018048,,AUDI,OTHER (EXPLAIN IN NARRATIVE),IL,2025,UNKNOWN,SPORT UTILITY VEHICLE (SUV),PERSONAL,UNKNOWN,STRAIGHT AHEAD,,,1,,,,,,,,,,,,,,,Y,Y,,FRONT-LEFT-CORNER,,,,,,,,,,,,,,,,,,,,,,,,,,,,,,,,,
2112583,79dd36834cfe6a93cf5aa6d50213def9b3362988d20c9830ca05b709d5487092a968e4093798dd2e2cea5a3178d2164d96b682e607bddb1774d682455a7b1371,07/23/2025 11:30:00 AM,1,DRIVER,,2013937,,UNKNOWN,MOTORIZED,IL,,UNKNOWN,VAN/MINI-VAN,UNKNOWN/NA,S,TURNING RIGHT,,,1,,,,,Y,Y,Y,,,,,,,,,,,FRONT-RIGHT-CORNER,,,,,,,,,,,,,,,,,,,,,,,,,,,,,,,,,
2112584,79dd36834cfe6a93cf5aa6d50213def9b3362988d20c9830ca05b709d5487092a968e4093798dd2e2cea5a3178d2164d96b682e607bddb1774d682455a7b1371,07/23/2025 11:30:00 AM,2,DRIVER,,2013944,,CHEVROLET,MALIBU,VA,2024,UNKNOWN,PASSENGER,PERSONAL,S,TURNING RIGHT,,,1,,,,,Y,Y,Y,,,,,Y,Y,Y,Y,,,FRONT-LEFT-CORNER,,,,,,,,,,,,,,,,,,,,,,,,,,,,,,,,,
2112592,e9b6d18d9e7bbbe3ff90ca0313e9f4d830275a7df6bf62a0179a4fc0d3b8bcd6022e6bba8c07123921e1c00e77852cd79c944a761f178e299952bc111e50b5c3,07/23/2025 11:30:00 AM,1,DRIVER,,2013962,,UNKNOWN,OTHER (EXPLAIN IN NARRATIVE),TN,2005,UNKNOWN,TRUCK - SINGLE UNIT,UNKNOWN/NA,E,STRAIGHT AHEAD,,,1,,,,,,,,Y,Y,,,,,,,,,SIDE-RIGHT-REAR,,,,,,,,,,,,,,,,,,,,,,,,,,,,,,,,,
2112593,e9b6d18d9e7bbbe3ff90ca0313e9f4d830275a7df6bf62a0179a4fc0d3b8bcd6022e6bba8c07123921e1c00e77852cd79c944a761f178e299952bc111e50b5c3,07/23/2025 11:30:00 AM,2,DRIVER,,2013974,,NISSAN,SENTRA,IL,2021,NONE,PASSENGER,PERSONAL,E,STRAIGHT AHEAD,,,1,,,,,,,,,,,,,,Y,,,,SIDE-LEFT,,,,,,,,,,,,,,,,,,,,,,,,,,,,,,,,,
2112618,15a69a1c03f700f175ae53e0a7809a33d17cce8c423693e7d17536a7f909603ad15c39bd31104b95ac998b287462a35f96d5ca0316a4e3703795c9096aeb5a41,07/23/2025 11:21:00 AM,1,DRIVER,,2013978,N,VOLVO,TRUCK,IL,2019,NONE,TRACTOR W/O SEMI-TRAILER,OTHER,N,STRAIGHT AHEAD,,,1,,,,,,,,Y,Y,,,,,,,,,FRONT-RIGHT-CORNER,,,,,,,,,,,,,,,,,,,,,,,,,,,,,,,,,
2112619,15a69a1c03f700f175ae53e0a7809a33d17cce8c423693e7d17536a7f909603ad15c39bd31104b95ac998b287462a35f96d5ca0316a4e3703795c9096aeb5a41,07/23/2025 11:21:00 AM,2,DRIVER,,2013982,,NOVA BUS,LFS,IL,2016,NONE,BUS OVER 15 PASS.,CTA,N,STRAIGHT AHEAD,,,1,,,,,,,,,,,Y,,,,,,,REAR-LEFT-CORNER,,,,,,,,,,,,,,,,,,,,,,,,,,,,,,,,,
2112893,d1d6e76f5f5e0def9bf451c239195fec1682752e3358115296f0e36d5ea2361876d09fbd6318d206d6ea52c9929f9f837e40d9b84574dc6a35be60196d833bf1,07/23/2025 11:20:00 AM,1,DRIVER,,2014240,,HONDA,PILOT,IL,2025,NONE,SPORT UTILITY VEHICLE (SUV),PERSONAL,W,PASSING/OVERTAKING,,,1,,,,,,Y,Y,Y,,,,,,,,,,SIDE-RIGHT,,,,,,,,,,,,,,,,,,,,,,,,,,,,,,,,,
2112894,d1d6e76f5f5e0def9bf451c239195fec1682752e3358115296f0e36d5ea2361876d09fbd6318d206d6ea52c9929f9f837e40d9b84574dc6a35be60196d833bf1,07/23/2025 11:20:00 AM,2,DRIVER,,2014245,,MAZDA,CX-30,IL,2023,NONE,SPORT UTILITY VEHICLE (SUV),PERSONAL,W,LEAVING TRAFFIC LANE TO PARK,,,1,,,,,,,,,,,,,,Y,Y,,,SIDE-LEFT-FRONT,,,,,,,,,,,,,,,,,,,,,,,,,,,,,,,,,
2112585,b19609fd37a3de08cfcd5134ff9c1840c493271d5b88a4eb48eea55f85cc3209d4cbf802f0cdad13ae2bb50575ac94b74f7c6246c966fa3863821b1c730ccc56,07/23/2025 11:19:00 AM,1,DRIVER,,2013948,N,INTERNATIONAL TRAILER CORPORATION,OTHER (EXPLAIN IN NARRATIVE),IL,2024,NONE,OTHER,UNKNOWN/NA,N,SLOW/STOP IN TRAFFIC,,,1,,,,,,,,,Y,Y,Y,,,,,,,REAR,,,,,,,,,,,,,,,,,,,,,,,,,,,,,,,,,
2112586,b19609fd37a3de08cfcd5134ff9c1840c493271d5b88a4eb48eea55f85cc3209d4cbf802f0cdad13ae2bb50575ac94b74f7c6246c966fa3863821b1c730ccc56,07/23/2025 11:19:00 AM,2,DRIVER,,2013963,,VOLKSWAGEN,TIGUAN,IL,2023,NONE,PASSENGER,PERSONAL,S,SLOW/STOP IN TRAFFIC,,,1,,,,,Y,,,,,,,,,,Y,Y,,FRONT,,,,,,,,,,,,,,,,,,,,,,,,,,,,,,,,,
2112643,e049e8a059571e04a56a0e95f13535d2894c5e7c643bd1497482bec66ea7cfb02a9483d9885b1d9031cdffeaf19036a88c2fd0cd4ac32b8602043a9349c6ef0a,07/23/2025 11:15:00 AM,1,DRIVER,,2014000,,MAZDA,CX-30,IL,2023,NONE,PASSENGER,PERSONAL,W,BACKING,,,1,,,,,,,,,,,,,,Y,Y,,,FRONT-LEFT-CORNER,,,,,,,,,,,,,,,,,,,,,,,,,,,,,,,,,
2112644,e049e8a059571e04a56a0e95f13535d2894c5e7c643bd1497482bec66ea7cfb02a9483d9885b1d9031cdffeaf19036a88c2fd0cd4ac32b8602043a9349c6ef0a,07/23/2025 11:15:00 AM,2,DRIVER,,2014005,,HONDA,PILOT,IL,2025,UNKNOWN,PASSENGER,PERSONAL,W,STRAIGHT AHEAD,,,1,,,,,N,Y,Y,Y,Y,,,,,,,,,FRONT,,,,,,,,,,,,,,,,,,,,,,,,,,,,,,,,,
2114233,fb5b94534bfa02d1f498b35d92c9c5339fd933a1a62df011c49b5c9184051ef29cdf99e8ddb47a8a17e707842939bfa2130ccad1921bf6d1d3ad5da52e3bab0d,07/23/2025 11:15:00 AM,1,DRIVER,,2015515,,DODGE,RAM 1500 PU,,,BRAKES,PICKUP,PERSONAL,W,STRAIGHT AHEAD,,,1,,,,,,,,,,,,,,,,,,FRONT,,,,,,,,,,,,,,,,,,,,,,,,,,,,,,,,,
2114234,fb5b94534bfa02d1f498b35d92c9c5339fd933a1a62df011c49b5c9184051ef29cdf99e8ddb47a8a17e707842939bfa2130ccad1921bf6d1d3ad5da52e3bab0d,07/23/2025 11:15:00 AM,2,DRIVER,,2015516,,LEXUS,RX350,IL,2016,UNKNOWN,PASSENGER,PERSONAL,W,STRAIGHT AHEAD,,,1,,,,,,,,,,,,,,,,,,REAR-RIGHT-CORNER,,,,,,,,,,,,,,,,,,,,,,,,,,,,,,,,,
2112580,68a39a470195296a317b109edfddcc2337e795d47f9db51f64269f01f7b1c2d912e362050f2034d627b21816f9e2916b2146dafea9f59e084e20b9d9817009c5,07/23/2025 11:00:00 AM,1,DRIVER,1,2013935,,CHEVROLET,SILVERADO,IL,2021,NONE,PICKUP,OTHER,W,LEAVING TRAFFIC LANE TO PARK,,,2,,,,Y,,,,,,,,,,,,,,NONE,,,,,,,,,,,,,,,,,,,,,,,,,,,,,,,,,
2112602,68a39a470195296a317b109edfddcc2337e795d47f9db51f64269f01f7b1c2d912e362050f2034d627b21816f9e2916b2146dafea9f59e084e20b9d9817009c5,07/23/2025 11:00:00 AM,2,PARKED,,2013951,,JEEP,LIBERTY,IL,2007,NONE,SPORT UTILITY VEHICLE (SUV),NOT IN USE,W,PARKED,,,0,,,,,,,,,,,,,,,Y,,,FRONT-LEFT-CORNER,,,,,,,,,,,,,,,,,,,,,,,,,,,,,,,,,
2112605,68a39a470195296a317b109edfddcc2337e795d47f9db51f64269f01f7b1c2d912e362050f2034d627b21816f9e2916b2146dafea9f59e084e20b9d9817009c5,07/23/2025 11:00:00 AM,3,DRIVERLESS,,2013961,,TEXAS BRAGG,TEXAS BRAGG,IL,2005,NONE,OTHER,LAWN CARE/LANDSCAPING,W,LEAVING TRAFFIC LANE TO PARK,,,0,,,,Y,,,Y,,,,,,,,,,,SIDE-RIGHT,,,,,,,,,,,,,,,,,,,,,,,,,,,,,,,,,
2119136,6ae453d4fff4fb9ad83df5662205ac77ee14a6cac3e204a96ba0edcdc050a7169f415e5256b33cf421d396a33c9244d7bf8419a4335ea533683a12abbbabee8b,07/23/2025 11:00:00 AM,1,DRIVER,,2020160,,UNKNOWN,OTHER (EXPLAIN IN NARRATIVE),,,UNKNOWN,UNKNOWN/NA,UNKNOWN/NA,UNKNOWN,UNKNOWN/NA,,,1,,,,,,,,,,,,,,,,,Y,UNKNOWN,,,,,,,,,,,,,,,,,,,,,,,,,,,,,,,,,
2112569,9b405a31dcc5ca830755bc3892e2d0cb8d51b576d20a9f39ad1922bcb523c2f55b40d18810e48f8995b75fbd91a9ed581fa860b1ebca766fdec3ee2283957869,07/23/2025 10:50:00 AM,1,DRIVER,,2013928,,LINCOLN,MKZ,,2015,UNKNOWN,PASSENGER,UNKNOWN/NA,S,TURNING RIGHT,,,1,,,,Y,,,,,,,,,,,,,,NONE,,,,,,,,,,,,,,,,,,,,,,,,,,,,,,,,,
2112582,9b405a31dcc5ca830755bc3892e2d0cb8d51b576d20a9f39ad1922bcb523c2f55b40d18810e48f8995b75fbd91a9ed581fa860b1ebca766fdec3ee2283957869,07/23/2025 10:50:00 AM,2,PEDESTRIAN,,,,,,,,,,,,,,,,,,,,,,,,,,,,,,,,,,,,,,,,,,,,,,,,,,,,,,,,,,,,,,,,,,
2112853,a4803e608246fccd67ca4ee6a9c1809b2e4632d9ced1d7a6cd3e009196403cab8849e620c1457212e515128e6c720c1eece9cfb984ddc8c5a85e3316cf13c96b,07/23/2025 10:50:00 AM,1,DRIVER,,2014204,,TOYOTA,CAMRY,IL,2008,NONE,PASSENGER,PERSONAL,NW,TURNING RIGHT,,,1,,,,,,,,,,,,,,,Y,,,FRONT-LEFT-CORNER,,,,,,,,,,,,,,,,,,,,,,,,,,,,,,,,,
2112854,a4803e608246fccd67ca4ee6a9c1809b2e4632d9ced1d7a6cd3e009196403cab8849e620c1457212e515128e6c720c1eece9cfb984ddc8c5a85e3316cf13c96b,07/23/2025 10:50:00 AM,2,PARKED,,2014214,,NISSAN,VERSA,IL,2012,NONE,PASSENGER,NOT IN USE,N,PARKED,,,0,,,,,,,,,Y,,,,,,,,,REAR-RIGHT-CORNER,,,,,,,,,,,,,,,,,,,,,,,,,,,,,,,,,
2112564,ddb793d7ae10e611c40be042a9dc6f39bd1a67b62306e21f1f3ce5a63b2a4b88ab28fa464373b5f745b266170b3c67f2669db59d94543716c05ee5610aaaf7c4,07/23/2025 10:40:00 AM,1,DRIVER,1,2013927,,HONDA,CIVIC,IL,2023,NONE,PASSENGER,OTHER,N,MERGING,,,2,,,,,,,,,,,,,,,Y,,,FRONT-LEFT-CORNER,,,,,,,,,,,,,,,,,,,,,,,,,,,,,,,,,
2112565,ddb793d7ae10e611c40be042a9dc6f39bd1a67b62306e21f1f3ce5a63b2a4b88ab28fa464373b5f745b266170b3c67f2669db59d94543716c05ee5610aaaf7c4,07/23/2025 10:40:00 AM,2,DRIVER,,2013930,Y,FORD,OTHER (EXPLAIN IN NARRATIVE),IL,2012,NONE,VAN/MINI-VAN,COMMERCIAL - SINGLE UNIT,W,TURNING LEFT,,,1,,,,,Y,,,,,,,,,,,Y,,FRONT-RIGHT-CORNER,"21,877",,,,,,AABAL HEATING SERVICE AND SUPPLY INC,IL,CHICAGO,,,,,,,,,,,,,,,,,,,,,,,,
2112555,fb88126011f42b541289a269258579b68f49f3a341740100f0b88d8e914d688b35857d3fd37e4366a74ba7725aa1c3a55a5684dfdc8c6ac89eb296bd46ffd359,07/23/2025 10:35:00 AM,1,DRIVER,,2013920,,HYUNDAI,SONATA,IL,2007,UNKNOWN,PASSENGER,UNKNOWN/NA,N,STRAIGHT AHEAD,,,1,,,,,,,,,,,,,,,,,Y,UNKNOWN,,,,,,,,,,,,,,,,,,,,,,,,,,,,,,,,,
2112556,fb88126011f42b541289a269258579b68f49f3a341740100f0b88d8e914d688b35857d3fd37e4366a74ba7725aa1c3a55a5684dfdc8c6ac89eb296bd46ffd359,07/23/2025 10:35:00 AM,2,BICYCLE,,,,,,,,,,,,,,,,,,,,,,,,,,,,,,,,,,,,,,,,,,,,,,,,,,,,,,,,,,,,,,,,,,
2112574,4a1b0dccf8f9e94e9827fa8f0f16e0b763de21628cb22abd266e7045908cdb09537cc298a2acc1d58e754d253ab55167dc0ba103f96286ae8a8c8a3a4dcead1a,07/23/2025 10:20:00 AM,1,DRIVER,,2013931,,TOYOTA,COROLLA,IL,2006,NONE,PASSENGER,PERSONAL,E,STRAIGHT AHEAD,,,1,,,,,,,,,,,,,,,,Y,,FRONT,,,,,,,,,,,,,,,,,,,,,,,,,,,,,,,,,
2112575,4a1b0dccf8f9e94e9827fa8f0f16e0b763de21628cb22abd266e7045908cdb09537cc298a2acc1d58e754d253ab55167dc0ba103f96286ae8a8c8a3a4dcead1a,07/23/2025 10:20:00 AM,2,DRIVER,,2013939,,JEEP,WRANGLER,IL,,NONE,PASSENGER,PERSONAL,E,SLOW/STOP IN TRAFFIC,,,1,,,,,,,,,,Y,,,,,,,,REAR,,,,,,,,,,,,,,,,,,,,,,,,,,,,,,,,,
2112553,72db0e34dfcfac90874280238f55cdd813d6540a2c6befd70cfb444e2290835be482b7f01ae7c265bb0aa9351f627c96917031f12c101d6cf90f0286c1dfba8b,07/23/2025 10:20:00 AM,1,DRIVER,,2013922,N,UNKNOWN,OTHER (EXPLAIN IN NARRATIVE),XX,,UNKNOWN,BUS OVER 15 PASS.,UNKNOWN/NA,E,STRAIGHT AHEAD,,,1,,,,,,,,,,,,,,,,,Y,FRONT-LEFT-CORNER,,,,,,,,,,,,,,,,,,,,,,,,,,,,,,,,,
2112554,72db0e34dfcfac90874280238f55cdd813d6540a2c6befd70cfb444e2290835be482b7f01ae7c265bb0aa9351f627c96917031f12c101d6cf90f0286c1dfba8b,07/23/2025 10:20:00 AM,2,DRIVER,,2013923,,HONDA,ACCORD,IL,2021,NONE,PASSENGER,PERSONAL,E,STRAIGHT AHEAD,,,1,,,,,,,Y,Y,Y,,,,,,,,,SIDE-RIGHT-REAR,,,,,,,,,,,,,,,,,,,,,,,,,,,,,,,,,
2112594,e1434f47f24ac6c87c91135f4ee708e17a04bf5da094e938fdc4eaed2f13704f4ec5a7f7483996b677846b0297b493d76541d4963e4da0879d57c4b320d925d8,07/23/2025 10:20:00 AM,1,DRIVER,,2013958,,FORD,TRANSIT,IL,2016,UNKNOWN,OTHER,OTHER,W,STRAIGHT AHEAD,,,1,,,,,,,,,,,,,,,,Y,,FRONT,,,,,,,,,,,,,,,,,,,,,,,,,,,,,,,,,
2112595,e1434f47f24ac6c87c91135f4ee708e17a04bf5da094e938fdc4eaed2f13704f4ec5a7f7483996b677846b0297b493d76541d4963e4da0879d57c4b320d925d8,07/23/2025 10:20:00 AM,2,DRIVER,1,2013965,,HONDA,OTHER (EXPLAIN IN NARRATIVE),IL,2024,NONE,PASSENGER,PERSONAL,W,SLOW/STOP IN TRAFFIC,,,2,,,,,,,,,,Y,,,,,,,,REAR,,,,,,,,,,,,,,,,,,,,,,,,,,,,,,,,,
2112819,90edcae6a3f4646f4c6c57d93aa50ef01838948a0c7be4e11467929c2695c63dc63480d127d387288f207c6fcd38c9f5d5267425df6387e6048b170246dd09c4,07/23/2025 10:15:00 AM,1,DRIVER,,2014171,,FORD,EXPLORER,IL,2023,NONE,SPORT UTILITY VEHICLE (SUV),FIRE,W,U-TURN,,,1,,,,,,,,,,,,,,,Y,Y,,FRONT-LEFT-CORNER,,,,,,,,,,,,,,,,,,,,,,,,,,,,,,,,,
2112541,7221274b69d6263df4c1028c0eee7907ebfafa8f7808a0df041e27c206035e03b35a7f70e939b2164260c55da96deac87ebc72bdd3b68d6c4659a4763ecd727a,07/23/2025 10:10:00 AM,1,DRIVER,,2013898,,MAZDA,CX-30,IL,2021,UNKNOWN,SPORT UTILITY VEHICLE (SUV),PERSONAL,E,U-TURN,,,1,,,,,Y,,,,,,,,,,,,,SIDE-RIGHT-FRONT,,,,,,,,,,,,,,,,,,,,,,,,,,,,,,,,,