CRASH_UNIT_ID,CRASH_RECORD_ID,CRASH_DATE,UNIT_NO,UNIT_TYPE,NUM_PASSENGERS,VEHICLE_ID,CMRC_VEH_I,MAKE,MODEL,LIC_PLATE_STATE,VEHICLE_YEAR,VEHICLE_DEFECT,VEHICLE_TYPE,VEHICLE_USE,TRAVEL_DIRECTION,MANEUVER,TOWED_I,FIRE_I,OCCUPANT_CNT,EXCEED_SPEED_LIMIT_I,TOWED_BY,TOWED_TO,AREA_00_I,AREA_01_I,AREA_02_I,AREA_03_I,AREA_04_I,AREA_05_I,AREA_06_I,AREA_07_I,AREA_08_I,AREA_09_I,AREA_10_I,AREA_11_I,AREA_12_I,AREA_99_I,FIRST_CONTACT_POINT,CMV_ID,USDOT_NO,CCMC_NO,ILCC_NO,COMMERCIAL_SRC,GVWR,CARRIER_NAME,CARRIER_STATE,CARRIER_CITY,HAZMAT_PLACARDS_I,HAZMAT_NAME,UN_NO,HAZMAT_PRESENT_I,HAZMAT_REPORT_I,HAZMAT_REPORT_NO,MCS_REPORT_I,MCS_REPORT_NO,HAZMAT_VIO_CAUSE_CRASH_I,MCS_VIO_CAUSE_CRASH_I,IDOT_PERMIT_NO,WIDE_LOAD_I,TRAILER1_WIDTH,TRAILER2_WIDTH,TRAILER1_LENGTH,TRAILER2_LENGTH,TOTAL_VEHICLE_LENGTH,AXLE_CNT,VEHICLE_CONFIG,CARGO_BODY_TYPE,LOAD_TYPE,HAZMAT_OUT_OF_SERVICE_I,MCS_OUT_OF_SERVICE_I,HAZMAT_CLASS
2112542,7221274b69d6263df4c1028c0eee7907ebfafa8f7808a0df041e27c206035e03b35a7f70e939b2164260c55da96deac87ebc72bdd3b68d6c4659a4763ecd727a,07/23/2025 10:10:00 AM,2,PARKED,,2013905,,NISSAN,FRONTIER,IL,2003,UNKNOWN,PICKUP,PERSONAL,W,PARKED,,,0,,,,,,,,,,,,,,,Y,,,FRONT-LEFT-CORNER,,,,,,,,,,,,,,,,,,,,,,,,,,,,,,,,,
2112596,0e401737f094c056ad49fc439940828da6eb084c06039de872806c5f6fdb8622d954142eed2f3a83872596084d678c3e7c46af4b06f628d37afed2f2e7f550b0,07/23/2025 10:00:00 AM,1,DRIVER,,2013952,,HYUNDAI,SONATA,IL,2016,NONE,PASSENGER,PERSONAL,NW,TURNING LEFT,,,1,,,,,,,,,,,,,,,Y,,,FRONT-LEFT-CORNER,,,,,,,,,,,,,,,,,,,,,,,,,,,,,,,,,
2112597,0e401737f094c056ad49fc439940828da6eb084c06039de872806c5f6fdb8622d954142eed2f3a83872596084d678c3e7c46af4b06f628d37afed2f2e7f550b0,07/23/2025 10:00:00 AM,2,DRIVER,,2013967,,NISSAN,ROGUE,IN,2021,NONE,PASSENGER,PERSONAL,NW,TURNING LEFT,,,1,,,,,Y,Y,,,,,,,,,,,,SIDE-RIGHT,,,,,,,,,,,,,,,,,,,,,,,,,,,,,,,,,
2113044,6265795705d3b6cb5d76d80a4e869b06af42d18487ac93d4283a9322e00a7a3a6acc3f6d197b340f39d30739ada16a1acbbf8d8fd0643d158e1a597a13e28648,07/23/2025 10:00:00 AM,1,DRIVER,,2014387,,UNKNOWN,OTHER (EXPLAIN IN NARRATIVE),,,UNKNOWN,UNKNOWN/NA,UNKNOWN/NA,UNKNOWN,UNKNOWN/NA,,,1,,,,,,,,,,,,,,,,,Y,UNKNOWN,,,,,,,,,,,,,,,,,,,,,,,,,,,,,,,,,
2113045,6265795705d3b6cb5d76d80a4e869b06af42d18487ac93d4283a9322e00a7a3a6acc3f6d197b340f39d30739ada16a1acbbf8d8fd0643d158e1a597a13e28648,07/23/2025 10:00:00 AM,2,PARKED,,2014388,,TOYOTA,SIENNA,IL,2011,UNKNOWN,VAN/MINI-VAN,PERSONAL,N,PARKED,,,0,,,,,,,,,,,,Y,Y,Y,Y,,,SIDE-LEFT,,,,,,,,,,,,,,,,,,,,,,,,,,,,,,,,,
2112560,6995bed5ad2b2ebb7ceb2c7429c33687669a0e520d4393ca919889752eaa4e4a3eb74b67e07fa7c13c261da30e23445186c7faa3f422a74175ecf46e552c4b48,07/23/2025 10:00:00 AM,1,DRIVER,,2013916,,UNKNOWN,OTHER (EXPLAIN IN NARRATIVE),,,UNKNOWN,UNKNOWN/NA,UNKNOWN/NA,UNKNOWN,UNKNOWN/NA,,,1,,,,,,,,,,,,,,,,,Y,UNKNOWN,,,,,,,,,,,,,,,,,,,,,,,,,,,,,,,,,
2112561,6995bed5ad2b2ebb7ceb2c7429c33687669a0e520d4393ca919889752eaa4e4a3eb74b67e07fa7c13c261da30e23445186c7faa3f422a74175ecf46e552c4b48,07/23/2025 10:00:00 AM,2,PARKED,,2013919,,HYUNDAI,ELANTRA,IL,2023,NONE,PASSENGER,PERSONAL,S,PARKED,,,0,,,,,,,,,,,,,,,Y,Y,,FRONT-LEFT-CORNER,,,,,,,,,,,,,,,,,,,,,,,,,,,,,,,,,
2112533,2ce47edbdbd128c02b5c2bbe25a421d7bf38919b8e0ab525b3aefc046e848707ce34ef0c03f9c322ea65a8cef0165383816bba7abce98116e1023f607d7a39fc,07/23/2025 09:58:00 AM,1,DRIVER,,2013902,,JEEP,WRANGLER,IL,,UNKNOWN,PASSENGER,UNKNOWN/NA,N,STRAIGHT AHEAD,,,1,,,,,,,,,,,,,,Y,Y,Y,,UNKNOWN,,,,,,,,,,,,,,,,,,,,,,,,,,,,,,,,,
2112534,2ce47edbdbd128c02b5c2bbe25a421d7bf38919b8e0ab525b3aefc046e848707ce34ef0c03f9c322ea65a8cef0165383816bba7abce98116e1023f607d7a39fc,07/23/2025 09:58:00 AM,2,DRIVER,,2013912,,GENERAL MOTORS CORPORATION (GMC),TERRAIN,IL,2012,UNKNOWN,SPORT UTILITY VEHICLE (SUV),PERSONAL,N,TURNING RIGHT,,,1,,,,,,,Y,Y,Y,,,,,,,,,UNKNOWN,,,,,,,,,,,,,,,,,,,,,,,,,,,,,,,,,
2116835,77f051608489f193f23b433c051c5600e56097d205f1fe08f982e8cd56abd873d6b40528d26ece0b73fe0056ff685655c9aa8b8f1cf7054084400ad349fceccf,07/23/2025 09:57:00 AM,1,DRIVER,,2017978,,HONDA,ACCORD,IL,2014,NONE,PASSENGER,PERSONAL,N,BACKING,,,1,,,,,,,,,Y,Y,Y,,,,,,,REAR,,,,,,,,,,,,,,,,,,,,,,,,,,,,,,,,,
2116836,77f051608489f193f23b433c051c5600e56097d205f1fe08f982e8cd56abd873d6b40528d26ece0b73fe0056ff685655c9aa8b8f1cf7054084400ad349fceccf,07/23/2025 09:57:00 AM,2,DRIVER,3,2017979,,JEEP,COMPASS,IN,2018,NONE,PASSENGER,PERSONAL,S,LEAVING TRAFFIC LANE TO PARK,,,4,,,,,Y,,,,,,,,,,Y,Y,,FRONT,,,,,,,,,,,,,,,,,,,,,,,,,,,,,,,,,
2112543,760dabcd3c3ba3fd978f976863f9c0f78abeb415386dc09987389d50f067d7a65189ca1cadf39309e27ecb4806d04c234d607dab53e6048bc5140b39e06911ce,07/23/2025 09:56:00 AM,1,DRIVER,,2013904,Y,FREIGHTLINER CORPORATION,OTHER (EXPLAIN IN NARRATIVE),IL,2020,UNKNOWN,TRACTOR W/ SEMI-TRAILER,UNKNOWN/NA,E,STRAIGHT AHEAD,,,1,,,,,,,,,,,,,,,,,,TOP,"21,875",1704352,,,LOG BOOK,1,EAGLE 1 TRANSPORTATION INC,IL,HICKORY,,,,N,N,,U,,N,U,,,,,,,,,TRACTOR/SEMI-TRAILER,,,N,N,
2112547,bf797568bee6bb8056587cba0728e61e5b2d921210e2f13deb4d588a7d855777b3b252aeeb2910d5b4c4ef4ef10dfc50c7c3c329b71d176972e5fc60fc2fc54d,07/23/2025 09:53:00 AM,1,DRIVER,,2013909,,TOYOTA,CAMRY,IL,2017,NONE,PASSENGER,PERSONAL,E,TURNING LEFT,N,,1,,,,,,,,,,,,Y,Y,Y,Y,,,FRONT-LEFT-CORNER,,,,,,,,,,,,,,,,,,,,,,,,,,,,,,,,,
2112548,bf797568bee6bb8056587cba0728e61e5b2d921210e2f13deb4d588a7d855777b3b252aeeb2910d5b4c4ef4ef10dfc50c7c3c329b71d176972e5fc60fc2fc54d,07/23/2025 09:53:00 AM,2,DRIVER,,2013913,,JEEP,GRAND CHEROKEE,IL,2017,NONE,PICKUP,PERSONAL,E,STRAIGHT AHEAD,,,1,,,,,Y,,,,,,,,,,,,,FRONT-RIGHT-CORNER,,,,,,,,,,,,,,,,,,,,,,,,,,,,,,,,,
2112572,ff30c2e717470348602db358bbad3f7e9624ae2d74625f277e60fd72af4d35a6190f7343cc50582a63db25cc478c797f771b890eae5847c048e5f48b7e039e5c,07/23/2025 09:49:00 AM,1,DRIVER,,2013934,,AUDI,Q3,IL,2020,NONE,SPORT UTILITY VEHICLE (SUV),PERSONAL,E,TURNING LEFT,Y,,1,,owner,AUDI DEALER,,,,,,,,,,,Y,Y,,,FRONT-LEFT-CORNER,,,,,,,,,,,,,,,,,,,,,,,,,,,,,,,,,
2112573,ff30c2e717470348602db358bbad3f7e9624ae2d74625f277e60fd72af4d35a6190f7343cc50582a63db25cc478c797f771b890eae5847c048e5f48b7e039e5c,07/23/2025 09:49:00 AM,2,DRIVER,,2013941,,DODGE,RAM 1500 PU,IL,2019,NONE,PICKUP,PERSONAL,E,STRAIGHT AHEAD,Y,,1,,owner,unkown,,Y,,,,,,,,,,,,,FRONT-RIGHT-CORNER,,,,,,,,,,,,,,,,,,,,,,,,,,,,,,,,,
2112516,20079331782d05cb86f0cb1d72da2659179e5d79ae8f24d8c02a46116b6f036903530cabda852b5d9bfc211a99439105376e7f643070b855fb1522066cc74207,07/23/2025 09:46:00 AM,1,DRIVER,,2013882,,HONDA,CIVIC,IL,2025,UNKNOWN,PASSENGER,RIDESHARE SERVICE,E,PASSING/OVERTAKING,,,1,,,,,Y,Y,,,,,,,,,,Y,,SIDE-RIGHT-FRONT,,,,,,,,,,,,,,,,,,,,,,,,,,,,,,,,,
2112517,20079331782d05cb86f0cb1d72da2659179e5d79ae8f24d8c02a46116b6f036903530cabda852b5d9bfc211a99439105376e7f643070b855fb1522066cc74207,07/23/2025 09:46:00 AM,2,DRIVER,,2013887,,TOYOTA,RAV4,IL,2025,UNKNOWN,PASSENGER,PERSONAL,E,STRAIGHT AHEAD,,,1,,,,,,,,,,Y,Y,Y,,,,,,SIDE-LEFT-REAR,,,,,,,,,,,,,,,,,,,,,,,,,,,,,,,,,
2112549,591e245199ac5ff1ed5152839ee52faff4aecef5fbf7da3228e7d4610e6cc232bfc9c728f8a5502de3c38308b2d351968bfbc4e64fdb51dcc37ffcaacbf6be6a,07/23/2025 09:45:00 AM,1,DRIVER,,2013908,,VOLKSWAGEN,PASSAT,IL,2014,NONE,PASSENGER,PERSONAL,S,OTHER,Y,,1,,CITY OF CHICAGO,CITY POUND,,Y,,,,,,,,,,Y,Y,,FRONT,,,,,,,,,,,,,,,,,,,,,,,,,,,,,,,,,
2112570,c89e65158474e2431bc7d716f7fa1094e12f16ba1d472956fb3fb8ed9088877645ff2188b6fd5449bd7ef63bc137305ea3eeee592da5bd0e6eb9def80ec09720,07/23/2025 09:45:00 AM,1,DRIVER,,2013932,,WANAMAKER TRAILER,WANAMAKER TRAILER,IL,2004,NONE,TRACTOR W/ SEMI-TRAILER,OTHER,NW,TURNING RIGHT,,,1,,,,,,,,,Y,,,,,,,,,REAR-RIGHT-CORNER,,,,,,,,,,,,,,,,,,,,,,,,,,,,,,,,,
2112571,c89e65158474e2431bc7d716f7fa1094e12f16ba1d472956fb3fb8ed9088877645ff2188b6fd5449bd7ef63bc137305ea3eeee592da5bd0e6eb9def80ec09720,07/23/2025 09:45:00 AM,2,DRIVER,,2013947,,TOYOTA,HIGHLANDER,IL,2017,NONE,SPORT UTILITY VEHICLE (SUV),PERSONAL,W,STRAIGHT AHEAD,,,1,,,,,,,,,,,,,,Y,Y,,,FRONT-LEFT-CORNER,,,,,,,,,,,,,,,,,,,,,,,,,,,,,,,,,
2112637,e2791673442064cfbf13da68755a23d4f89bb35050835b1ea6c1759e458f289125d2960443bc2531e9361742e99dded697e45dca47711a86be8db4c72c70d32e,07/23/2025 09:40:00 AM,1,DRIVER,2,2013998,,MAZDA,MAZDA3,IL,2008,NONE,PASSENGER,PERSONAL,N,STRAIGHT AHEAD,Y,,3,,CPD,103/DOTY,,Y,Y,,,,,,,,Y,Y,Y,,FRONT,,,,,,,,,,,,,,,,,,,,,,,,,,,,,,,,,
2112638,e2791673442064cfbf13da68755a23d4f89bb35050835b1ea6c1759e458f289125d2960443bc2531e9361742e99dded697e45dca47711a86be8db4c72c70d32e,07/23/2025 09:40:00 AM,2,DRIVER,,2014004,,FORD,FUSION,IL,2020,NONE,PASSENGER,PERSONAL,E,STRAIGHT AHEAD,Y,,1,,PERSONAL TOW,,,Y,Y,Y,,,,,,,,Y,Y,,FRONT-RIGHT-CORNER,,,,,,,,,,,,,,,,,,,,,,,,,,,,,,,,,
2112535,0cea485804e8d12e3dbb69ba92512a73ecb0cf862664f7f0804bb3bb1a054d822f5f3604875bc71ee49d5a4c711c1d7537de810475a708908be7407f511c248a,07/23/2025 09:35:00 AM,1,DRIVER,,2013896,,SATURN,VUE,IL,2009,BRAKES,PASSENGER,PERSONAL,N,STRAIGHT AHEAD,Y,,1,,rescue towing & recovery,,,Y,Y,,,,,,,,,,Y,,FRONT-RIGHT-CORNER,,,,,,,,,,,,,,,,,,,,,,,,,,,,,,,,,
2112536,0cea485804e8d12e3dbb69ba92512a73ecb0cf862664f7f0804bb3bb1a054d822f5f3604875bc71ee49d5a4c711c1d7537de810475a708908be7407f511c248a,07/23/2025 09:35:00 AM,2,DRIVER,,2013911,,HONDA,PILOT,IL,2014,UNKNOWN,PASSENGER,PERSONAL,N,STRAIGHT AHEAD,,,1,,,,,,,,,Y,Y,Y,,,,,,,REAR,,,,,,,,,,,,,,,,,,,,,,,,,,,,,,,,,
2112550,73eff3b33ecb28525dc65c6718502d7780fc1a6d21121b929e361152fa36e3c2d23276fad413ae3f57ae2e4ad448fab8fea97550506631529130f65071ce165f,07/23/2025 09:35:00 AM,1,DRIVER,1,2013960,,FORD,ESCAPE,PA,2014,UNKNOWN,PASSENGER,UNKNOWN/NA,N,STRAIGHT AHEAD,,,2,,,,,,,,,,,,,,,Y,,,FRONT-LEFT-CORNER,,,,,,,,,,,,,,,,,,,,,,,,,,,,,,,,,
2112551,73eff3b33ecb28525dc65c6718502d7780fc1a6d21121b929e361152fa36e3c2d23276fad413ae3f57ae2e4ad448fab8fea97550506631529130f65071ce165f,07/23/2025 09:35:00 AM,2,DRIVER,,2013973,,LAND ROVER,LAND ROVER (SPORT),IL,2025,UNKNOWN,SPORT UTILITY VEHICLE (SUV),UNKNOWN/NA,N,STRAIGHT AHEAD,,,1,,,,,,,Y,Y,,,,,,,,,,SIDE-RIGHT,,,,,,,,,,,,,,,,,,,,,,,,,,,,,,,,,
2112545,27d0450b801c9a69351d417fe9eefdf49f562b3d188a53c1b91304c1694124924d938a21c485f14ff2e78937c08c50555f8fcec0ca031625aa9e8383bd92184a,07/23/2025 09:30:00 AM,1,DRIVER,,2013903,,CHEVROLET,MONTE CARLO,IL,2004,UNKNOWN,PASSENGER,PERSONAL,S,STRAIGHT AHEAD,,,1,,,,,Y,,,,,,,,,,,,,FRONT-RIGHT-CORNER,,,,,,,,,,,,,,,,,,,,,,,,,,,,,,,,,
2112546,27d0450b801c9a69351d417fe9eefdf49f562b3d188a53c1b91304c1694124924d938a21c485f14ff2e78937c08c50555f8fcec0ca031625aa9e8383bd92184a,07/23/2025 09:30:00 AM,2,DRIVER,,2013910,,FORD,EDGE,IL,2024,UNKNOWN,SPORT UTILITY VEHICLE (SUV),PERSONAL,S,STRAIGHT AHEAD,,,1,,,,,,,,,,,,Y,Y,Y,,,,SIDE-LEFT,,,,,,,,,,,,,,,,,,,,,,,,,,,,,,,,,
2112874,4b1db682eaddcb812e9e59925e66b6f76a588922b5905aa5814ffab7745325b7aa49799e098d993ddb63e0faabce37adb9bf54dcbe1605a1bd20e924878ffc34,07/23/2025 09:30:00 AM,1,DRIVER,,2014220,,UNKNOWN,OTHER (EXPLAIN IN NARRATIVE),,,UNKNOWN,UNKNOWN/NA,UNKNOWN/NA,UNKNOWN,UNKNOWN/NA,,,1,,,,,,,,,,,,,,,,,Y,UNKNOWN,,,,,,,,,,,,,,,,,,,,,,,,,,,,,,,,,
2112875,4b1db682eaddcb812e9e59925e66b6f76a588922b5905aa5814ffab7745325b7aa49799e098d993ddb63e0faabce37adb9bf54dcbe1605a1bd20e924878ffc34,07/23/2025 09:30:00 AM,2,PARKED,,2014219,,DODGE,DURANGO,IL,2015,UNKNOWN,SPORT UTILITY VEHICLE (SUV),PERSONAL,N,PARKED,,,0,,,,,Y,Y,,,,,,,,,,,,FRONT-RIGHT-CORNER,,,,,,,,,,,,,,,,,,,,,,,,,,,,,,,,,
2112520,8cd7802a17adaf449c811b297d0b63369f9ae0e7582e13905bd31c4ff2f0405ac8d7cb9d7314a33b82bc573d5ff88f34003b11b9f3253fb6b8924e952d24f8ff,07/23/2025 09:30:00 AM,1,DRIVER,,2013880,,HONDA,CR-V,IL,,UNKNOWN,PASSENGER,PERSONAL,N,CHANGING LANES,,,1,,,,,,,,,,,,,,,,,Y,FRONT-LEFT-CORNER,,,,,,,,,,,,,,,,,,,,,,,,,,,,,,,,,
2112521,8cd7802a17adaf449c811b297d0b63369f9ae0e7582e13905bd31c4ff2f0405ac8d7cb9d7314a33b82bc573d5ff88f34003b11b9f3253fb6b8924e952d24f8ff,07/23/2025 09:30:00 AM,2,DRIVER,,2013889,,HONDA,ACCORD,IL,2021,UNKNOWN,PASSENGER,PERSONAL,N,STRAIGHT AHEAD,,,1,,,,,,,,,,,,,,Y,Y,,,FRONT-LEFT-CORNER,,,,,,,,,,,,,,,,,,,,,,,,,,,,,,,,,
2112559,6d34cbe315a7ead6bfc59fa7fc22435caa23172056a6af9a1532a0a4fba5ce6a99e265ab8e2a63d36dcea3b2b80e597fc07b7d65ff0eba686878b315100c3f41,07/23/2025 09:21:00 AM,1,DRIVER,,2013921,,BUICK,OTHER (EXPLAIN IN NARRATIVE),IL,2025,UNKNOWN,SPORT UTILITY VEHICLE (SUV),PERSONAL,W,TURNING RIGHT,,,1,,,,,,,,,,,,,,,,,Y,UNKNOWN,,,,,,,,,,,,,,,,,,,,,,,,,,,,,,,,,
2112568,6d34cbe315a7ead6bfc59fa7fc22435caa23172056a6af9a1532a0a4fba5ce6a99e265ab8e2a63d36dcea3b2b80e597fc07b7d65ff0eba686878b315100c3f41,07/23/2025 09:21:00 AM,2,PEDESTRIAN,,,,,,,,,,,,,,,,,,,,,,,,,,,,,,,,,,,,,,,,,,,,,,,,,,,,,,,,,,,,,,,,,,
2112488,4f7c46c7b9552d2e3de3d5267ebbc1e68aa8cb73aefc0f97c0b95586e7aeb642a4b01cffafa824fa504ab2b8cbdbc9c39928656585abdd9adaad3acd7699723f,07/23/2025 09:20:00 AM,1,DRIVER,,2013850,,UNKNOWN,OTHER (EXPLAIN IN NARRATIVE),,,UNKNOWN,SPORT UTILITY VEHICLE (SUV),PERSONAL,W,UNKNOWN/NA,,,1,,,,,,,,,,,,,,,,,,SIDE-LEFT,,,,,,,,,,,,,,,,,,,,,,,,,,,,,,,,,
2112489,4f7c46c7b9552d2e3de3d5267ebbc1e68aa8cb73aefc0f97c0b95586e7aeb642a4b01cffafa824fa504ab2b8cbdbc9c39928656585abdd9adaad3acd7699723f,07/23/2025 09:20:00 AM,2,DRIVER,,2013865,,CHRYSLER,PACIFICA,CA,,NONE,VAN/MINI-VAN,PERSONAL,W,STRAIGHT AHEAD,,,1,,,,,,,,,,,,,,,,,,SIDE-RIGHT-FRONT,,,,,,,,,,,,,,,,,,,,,,,,,,,,,,,,,
2112544,7f8899b6e14b17194599acff90a2051a673883d96e78e076052f81d05f6a1538ddd38b125a1eb468cef9f3e70795824eacd53d1b97ea1b36a8ca372ef41607a5,07/23/2025 09:04:00 AM,1,DRIVER,,2013899,,LEXUS,GS,IL,2019,UNKNOWN,PASSENGER,PERSONAL,S,STRAIGHT AHEAD,Y,,1,,Silva 24hr,,,Y,,,,,,,,,Y,Y,Y,,FRONT,,,,,,,,,,,,,,,,,,,,,,,,,,,,,,,,,
2112552,7f8899b6e14b17194599acff90a2051a673883d96e78e076052f81d05f6a1538ddd38b125a1eb468cef9f3e70795824eacd53d1b97ea1b36a8ca372ef41607a5,07/23/2025 09:04:00 AM,2,PARKED,,2013906,,FORD,RANGER,,2002,UNKNOWN,PASSENGER,NOT IN USE,W,PARKED,,,0,,,,,Y,,,,,,,,,Y,Y,Y,,FRONT,,,,,,,,,,,,,,,,,,,,,,,,,,,,,,,,,
2112933,468b7262d840aa37b4c673677c9348103a09dbda142afce7842fc3dc273906093fb4d25e43164dff94c02f74ddad1852a41f971d5e40e2b3503c7263bcd0157c,07/23/2025 09:00:00 AM,1,DRIVER,,2014284,,INFINITI,G25,IL,2011,UNKNOWN,PASSENGER,PERSONAL,UNKNOWN,CHANGING LANES,,,1,,,,,Y,Y,Y,Y,Y,,,,,,,,,SIDE-RIGHT,,,,,,,,,,,,,,,,,,,,,,,,,,,,,,,,,
2112934,468b7262d840aa37b4c673677c9348103a09dbda142afce7842fc3dc273906093fb4d25e43164dff94c02f74ddad1852a41f971d5e40e2b3503c7263bcd0157c,07/23/2025 09:00:00 AM,2,DRIVER,,2014292,,FORD,FOCUS,TX,2016,UNKNOWN,PASSENGER,PERSONAL,UNKNOWN,STRAIGHT AHEAD,,,1,,,,,,,,,,,,,,Y,Y,,,FRONT-LEFT-CORNER,,,,,,,,,,,,,,,,,,,,,,,,,,,,,,,,,
2112753,b98ec79be656a3427c544f972ea34f00aff6350ef099084322d10846a3c887174095e5f8f7292a02c82c375a68aaf82ff2a2248fb0b4ccafa11db31ccfb8a00e,07/23/2025 09:00:00 AM,1,DRIVER,,2014106,,HONDA,ACCORD,,2013,NONE,PASSENGER,PERSONAL,UNKNOWN,STRAIGHT AHEAD,,,1,,,,,Y,,,,,,,,,,Y,Y,,FRONT,,,,,,,,,,,,,,,,,,,,,,,,,,,,,,,,,
2112754,b98ec79be656a3427c544f972ea34f00aff6350ef099084322d10846a3c887174095e5f8f7292a02c82c375a68aaf82ff2a2248fb0b4ccafa11db31ccfb8a00e,07/23/2025 09:00:00 AM,2,DRIVER,,2014109,,LEXUS,IS350,IL,2016,NONE,PASSENGER,PERSONAL,UNKNOWN,STRAIGHT AHEAD,,,1,,,,,,,,,Y,Y,Y,,,,,,,FRONT,,,,,,,,,,,,,,,,,,,,,,,,,,,,,,,,,
2112490,74ef73137b42abb64c9fa6270d8a23af8fed7d21e054cf64ed65415f92a582f86ff0283bc0f21fb0e503b28beec7053e4cd3caecf3218717bf00dc79b50788bd,07/23/2025 08:57:00 AM,1,DRIVER,,2013857,,LINCOLN,MKZ,IL,2017,UNKNOWN,SPORT UTILITY VEHICLE (SUV),PERSONAL,N,STRAIGHT AHEAD,,,1,,,,,Y,Y,,,,,,,,,,,,FRONT-RIGHT-CORNER,,,,,,,,,,,,,,,,,,,,,,,,,,,,,,,,,
2112491,74ef73137b42abb64c9fa6270d8a23af8fed7d21e054cf64ed65415f92a582f86ff0283bc0f21fb0e503b28beec7053e4cd3caecf3218717bf00dc79b50788bd,07/23/2025 08:57:00 AM,2,DRIVER,,2013853,,HYUNDAI,SANTA FE,IL,2022,UNKNOWN,SPORT UTILITY VEHICLE (SUV),PERSONAL,N,STRAIGHT AHEAD,,,1,,,,,,,,,,,Y,Y,Y,Y,,,,SIDE-LEFT,,,,,,,,,,,,,,,,,,,,,,,,,,,,,,,,,
2112509,70fad1cd0a18ed18a02e1cfdb0631c5b1c55ebb593f7ca7a4b7af455792b4955ccfe0a10ad47e8c3ba7373ba903014d35b1cfb7b572da7f71ecbcbbf567b5f99,07/23/2025 08:55:00 AM,1,DRIVER,1,2013877,,FORD,MAVERICK TRUCK,IL,2024,UNKNOWN,PICKUP,PERSONAL,SW,TURNING LEFT,N,,2,,,,,Y,Y,,,,,,,,,,,,FRONT-RIGHT-CORNER,,,,,,,,,,,,,,,,,,,,,,,,,,,,,,,,,
2112510,70fad1cd0a18ed18a02e1cfdb0631c5b1c55ebb593f7ca7a4b7af455792b4955ccfe0a10ad47e8c3ba7373ba903014d35b1cfb7b572da7f71ecbcbbf567b5f99,07/23/2025 08:55:00 AM,2,DRIVER,,2013888,,NOVA BUS,OTHER (EXPLAIN IN NARRATIVE),IL,2024,UNKNOWN,BUS OVER 15 PASS.,CTA,S,STRAIGHT AHEAD,,,1,,,,,,,,,,,,Y,Y,,,,,SIDE-LEFT,,,,,,,,,,,,,,,,,,,,,,,,,,,,,,,,,
2112499,af3a076d5251dca3af88c009964b953e60439b55edb7ef5d515451904fead347c3a7488760374f2aad04469600c21f529784654c2695e30db4025eb4e71387d1,07/23/2025 08:55:00 AM,1,DRIVER,,2013856,,CHEVROLET,EQUINOX,IL,2010,UNKNOWN,PASSENGER,PERSONAL,E,STRAIGHT AHEAD,,,1,,,,,N,,,,,,,,,Y,Y,N,,FRONT-LEFT-CORNER,,,,,,,,,,,,,,,,,,,,,,,,,,,,,,,,,
2112500,af3a076d5251dca3af88c009964b953e60439b55edb7ef5d515451904fead347c3a7488760374f2aad04469600c21f529784654c2695e30db4025eb4e71387d1,07/23/2025 08:55:00 AM,2,DRIVER,,2013861,,JEEP,PATRIOT,IL,2015,NONE,PASSENGER,PERSONAL,W,TURNING LEFT,,,1,,,,,,,,Y,Y,,,,,,,,,SIDE-RIGHT-REAR,,,,,,,,,,,,,,,,,,,,,,,,,,,,,,,,,
2112523,ba0ea6e8c38685e3702219c2b7776f258472b9e3ad01ce9b998971a06985e34dc4f797e37b47dbb08c78e3b8421be14236466a73adf90c3c68506723bbd5e088,07/23/2025 08:52:00 AM,1,DRIVER,,2013881,,PORSCHE,TARGA,IL,,UNKNOWN,PASSENGER,PERSONAL,W,TURNING LEFT,,,1,,,,,Y,,,,,,,,,,,Y,,FRONT-RIGHT-CORNER,,,,,,,,,,,,,,,,,,,,,,,,,,,,,,,,,
2112524,ba0ea6e8c38685e3702219c2b7776f258472b9e3ad01ce9b998971a06985e34dc4f797e37b47dbb08c78e3b8421be14236466a73adf90c3c68506723bbd5e088,07/23/2025 08:52:00 AM,2,DRIVER,,2013890,,FORD,ESCAPE,IL,,UNKNOWN,PASSENGER,TAXI/FOR HIRE,S,STRAIGHT AHEAD,,,1,,,,,,,,,,,,,Y,,,,,SIDE-LEFT,,,,,,,,,,,,,,,,,,,,,,,,,,,,,,,,,
2116700,bb910a42f2ff38730cc0165659a260e4b913e6b33e21ac1e6010a522a9e94436940a91194cc697e8fff55e7dc16b46652085a292bcacd55e9b21ce3efcfd0410,07/23/2025 08:51:00 AM,1,DRIVER,,2017864,,FREIGHTLINER CORPORATION,FREIGHTLINER CORP.,IL,2020,NONE,BUS OVER 15 PASS.,SCHOOL BUS,E,STRAIGHT AHEAD,,,1,,,,Y,,,,,,,,,,,,,N,OTHER,,,,,,,,,,,,,,,,,,,,,,,,,,,,,,,,,