CRASH_UNIT_ID,CRASH_RECORD_ID,CRASH_DATE,UNIT_NO,UNIT_TYPE,NUM_PASSENGERS,VEHICLE_ID,CMRC_VEH_I,MAKE,MODEL,LIC_PLATE_STATE,VEHICLE_YEAR,VEHICLE_DEFECT,VEHICLE_TYPE,VEHICLE_USE,TRAVEL_DIRECTION,MANEUVER,TOWED_I,FIRE_I,OCCUPANT_CNT,EXCEED_SPEED_LIMIT_I,TOWED_BY,TOWED_TO,AREA_00_I,AREA_01_I,AREA_02_I,AREA_03_I,AREA_04_I,AREA_05_I,AREA_06_I,AREA_07_I,AREA_08_I,AREA_09_I,AREA_10_I,AREA_11_I,AREA_12_I,AREA_99_I,FIRST_CONTACT_POINT,CMV_ID,USDOT_NO,CCMC_NO,ILCC_NO,COMMERCIAL_SRC,GVWR,CARRIER_NAME,CARRIER_STATE,CARRIER_CITY,HAZMAT_PLACARDS_I,HAZMAT_NAME,UN_NO,HAZMAT_PRESENT_I,HAZMAT_REPORT_I,HAZMAT_REPORT_NO,MCS_REPORT_I,MCS_REPORT_NO,HAZMAT_VIO_CAUSE_CRASH_I,MCS_VIO_CAUSE_CRASH_I,IDOT_PERMIT_NO,WIDE_LOAD_I,TRAILER1_WIDTH,TRAILER2_WIDTH,TRAILER1_LENGTH,TRAILER2_LENGTH,TOTAL_VEHICLE_LENGTH,AXLE_CNT,VEHICLE_CONFIG,CARGO_BODY_TYPE,LOAD_TYPE,HAZMAT_OUT_OF_SERVICE_I,MCS_OUT_OF_SERVICE_I,HAZMAT_CLASS
2116701,bb910a42f2ff38730cc0165659a260e4b913e6b33e21ac1e6010a522a9e94436940a91194cc697e8fff55e7dc16b46652085a292bcacd55e9b21ce3efcfd0410,07/23/2025 08:51:00 AM,2,PARKED,,2017865,,VOLKSWAGEN,JETTA,,2021,UNKNOWN,UNKNOWN/NA,UNKNOWN/NA,UNKNOWN,PARKED,,,0,,,,,,,,,,Y,,,,,,,,REAR,,,,,,,,,,,,,,,,,,,,,,,,,,,,,,,,,
2115226,3609ee764c65f10590d1e3bcec11ebb7d7a42f6deede2e6e0482b8a15aaf1f585569538f801e19b4852c840961f0bc151611a0c0ec79c4198453902e107be661,07/23/2025 08:50:00 AM,1,DRIVER,,2016466,,HONDA,RIDGELINE,IL,2021,UNKNOWN,PASSENGER,UNKNOWN/NA,W,STRAIGHT AHEAD,,,1,,,,,Y,,,,,,,,,,Y,Y,,FRONT,,,,,,,,,,,,,,,,,,,,,,,,,,,,,,,,,
2115227,3609ee764c65f10590d1e3bcec11ebb7d7a42f6deede2e6e0482b8a15aaf1f585569538f801e19b4852c840961f0bc151611a0c0ec79c4198453902e107be661,07/23/2025 08:50:00 AM,2,DRIVER,,2016470,,HYUNDAI,ELANTRA,IL,2017,UNKNOWN,PASSENGER,PERSONAL,W,STRAIGHT AHEAD,,,1,,,,,,,,,Y,Y,Y,,,,,,,REAR,,,,,,,,,,,,,,,,,,,,,,,,,,,,,,,,,
2112531,608788dbaf28d214472264ecaf36d84e429c3074421098c7de175c1d38bc0262a92a16139bb0d60d6b48736301394eef51652224567b13a0eb6dc5d8d28f0f71,07/23/2025 08:50:00 AM,1,DRIVER,2,2013901,,HONDA,CR-V,IL,2004,BRAKES,SPORT UTILITY VEHICLE (SUV),PERSONAL,N,STRAIGHT AHEAD,Y,,3,,PRIVATE TOW,,,Y,,,,,,,,,,Y,Y,,FRONT,,,,,,,,,,,,,,,,,,,,,,,,,,,,,,,,,
2112532,608788dbaf28d214472264ecaf36d84e429c3074421098c7de175c1d38bc0262a92a16139bb0d60d6b48736301394eef51652224567b13a0eb6dc5d8d28f0f71,07/23/2025 08:50:00 AM,2,DRIVER,,2013915,,CHEVROLET,TRUCK,IL,2023,UNKNOWN,OTHER,OTHER,N,STRAIGHT AHEAD,,,1,,,,,,,,,,Y,,,,,,,,REAR,,,,,,,,,,,,,,,,,,,,,,,,,,,,,,,,,
2112492,6b980e3c41d5230233dc66d60fe5967674536b1825b19ab6456a2c5086fcc99116f7c779046b17e519c03a64d923d57a5fbe1d521199514f07df6e31b9a52554,07/23/2025 08:50:00 AM,1,DRIVER,1,2013854,,HONDA,ODYSSEY,IL,2005,NONE,VAN/MINI-VAN,UNKNOWN/NA,E,STRAIGHT AHEAD,,,2,,,,,Y,,,,,,,,,,,,,FRONT-RIGHT-CORNER,,,,,,,,,,,,,,,,,,,,,,,,,,,,,,,,,
2112493,6b980e3c41d5230233dc66d60fe5967674536b1825b19ab6456a2c5086fcc99116f7c779046b17e519c03a64d923d57a5fbe1d521199514f07df6e31b9a52554,07/23/2025 08:50:00 AM,2,DRIVER,,2013860,,INFINITI,QX50,IL,2025,NONE,SPORT UTILITY VEHICLE (SUV),UNKNOWN/NA,W,BACKING,,,1,,,,,,,,,,Y,Y,Y,,,,,,REAR-LEFT-CORNER,,,,,,,,,,,,,,,,,,,,,,,,,,,,,,,,,
2112494,9eb92e84d134bc1a1b24b1e98a60461424a176507106b2966b1e8155e95fb3353e341afaea6f965f59f056b42f8afd12b8fe964f86e2646e8e309c387eaf765c,07/23/2025 08:50:00 AM,1,DRIVER,,2013855,,CHEVROLET,VAN,IL,1990,UNKNOWN,PASSENGER,PERSONAL,W,TURNING LEFT,,,1,,,,,Y,,,,,,,,,,N,,,FRONT-RIGHT-CORNER,,,,,,,,,,,,,,,,,,,,,,,,,,,,,,,,,
2112495,9eb92e84d134bc1a1b24b1e98a60461424a176507106b2966b1e8155e95fb3353e341afaea6f965f59f056b42f8afd12b8fe964f86e2646e8e309c387eaf765c,07/23/2025 08:50:00 AM,2,DRIVER,,2013864,,NISSAN,ROGUE,IL,2011,UNKNOWN,PASSENGER,PERSONAL,W,STRAIGHT AHEAD,Y,,1,,PRIVATE,,,Y,,,,,,,,,,Y,Y,,FRONT-RIGHT-CORNER,,,,,,,,,,,,,,,,,,,,,,,,,,,,,,,,,
2112525,4ae88c1ed2ed981fc322efce165ff7421ad4bd7ed38451e858c643e1ac64fae2ffe0f2900d0f9174d28a198c5714ed5c185688c64c5ecc4a7c14097164d62ad6,07/23/2025 08:45:00 AM,1,DRIVER,,2013883,,FORD,F150,IL,2008,NONE,PICKUP,PERSONAL,SW,PASSING/OVERTAKING,,,1,,,,,,Y,,,,,,,,,,,,SIDE-RIGHT,,,,,,,,,,,,,,,,,,,,,,,,,,,,,,,,,
2112526,4ae88c1ed2ed981fc322efce165ff7421ad4bd7ed38451e858c643e1ac64fae2ffe0f2900d0f9174d28a198c5714ed5c185688c64c5ecc4a7c14097164d62ad6,07/23/2025 08:45:00 AM,2,PARKED,,2013886,,FORD,ECONOLINE E350,WA,2013,NONE,VAN/MINI-VAN,STATE OWNED,SW,PARKED,,,0,,,,,,,,,,,,,,Y,,,,SIDE-LEFT,,,,,,,,,,,,,,,,,,,,,,,,,,,,,,,,,
2113611,340f9a031a4e77ce2fb5a38d41943a0d761995fff051fbb5a3a00083323948b7831058716060c5aab43f264ecdf06d9af689245be6a33336223b8bf4f878f4ca,07/23/2025 08:40:00 AM,1,DRIVER,,2014925,,UNKNOWN,OTHER (EXPLAIN IN NARRATIVE),,,UNKNOWN,UNKNOWN/NA,UNKNOWN/NA,UNKNOWN,UNKNOWN/NA,,,1,,,,,,,,,,,,,,,,,Y,UNKNOWN,,,,,,,,,,,,,,,,,,,,,,,,,,,,,,,,,
2113612,340f9a031a4e77ce2fb5a38d41943a0d761995fff051fbb5a3a00083323948b7831058716060c5aab43f264ecdf06d9af689245be6a33336223b8bf4f878f4ca,07/23/2025 08:40:00 AM,2,DRIVER,,2014937,,FORD,ESCAPE,IL,2020,NONE,PASSENGER,PERSONAL,E,STRAIGHT AHEAD,,,1,,,,,,,,,,,Y,Y,Y,Y,,,Y,SIDE-LEFT,,,,,,,,,,,,,,,,,,,,,,,,,,,,,,,,,
2112507,66aef8a3beb466266cc31eb09e00eb3a8f1376be124bf14c60f2388a9df9e417bd7f2fd7b23aa229c847a90d7d34247db495b43e08b069d27d29816e0842fa51,07/23/2025 08:40:00 AM,1,DRIVER,1,2013869,,TOYOTA,COROLLA,IL,2014,NONE,PASSENGER,OTHER,S,MERGING,,,2,,,,,,,,,,,,Y,Y,Y,Y,,,SIDE-LEFT,,,,,,,,,,,,,,,,,,,,,,,,,,,,,,,,,
2112508,66aef8a3beb466266cc31eb09e00eb3a8f1376be124bf14c60f2388a9df9e417bd7f2fd7b23aa229c847a90d7d34247db495b43e08b069d27d29816e0842fa51,07/23/2025 08:40:00 AM,2,DRIVER,2,2013873,,CHEVROLET,TAHOE,IL,2021,NONE,PASSENGER,PERSONAL,S,STRAIGHT AHEAD,,,3,,,,,Y,Y,Y,,,,,,,,,,,SIDE-RIGHT,,,,,,,,,,,,,,,,,,,,,,,,,,,,,,,,,
2112562,b85e485fcd7cf891eace7cb65de9055295ff4373760d5e75cb9739456071fdf5c290a1f4030ac96572e4dc5685a5c3dafacdc2d25fac81319b3995c551c2e156,07/23/2025 08:40:00 AM,1,DRIVER,,2013918,,FORD,OTHER (EXPLAIN IN NARRATIVE),IL,2020,UNKNOWN,OTHER,UNKNOWN/NA,W,STRAIGHT AHEAD,,,1,,,,,Y,Y,,,,,,,,,,,,FRONT-RIGHT-CORNER,,,,,,,,,,,,,,,,,,,,,,,,,,,,,,,,,
2112563,b85e485fcd7cf891eace7cb65de9055295ff4373760d5e75cb9739456071fdf5c290a1f4030ac96572e4dc5685a5c3dafacdc2d25fac81319b3995c551c2e156,07/23/2025 08:40:00 AM,2,PARKED,,2013924,,SUBARU,OTHER (EXPLAIN IN NARRATIVE),IL,2018,UNKNOWN,SPORT UTILITY VEHICLE (SUV),UNKNOWN/NA,W,PARKED,,,0,,,,,,,,,,,Y,Y,,,,,,REAR-LEFT-CORNER,,,,,,,,,,,,,,,,,,,,,,,,,,,,,,,,,
2112897,01d848bae2de94070f88b38b8ed272beef8c809ad0ff6e5f09a448d913317f464592fd597d6a122217f03b94c9901c0dfc87222417ba2a8d5d5b42a33c80db85,07/23/2025 08:30:00 AM,1,DRIVER,,2014236,,UNKNOWN,OTHER (EXPLAIN IN NARRATIVE),XX,,UNKNOWN,UNKNOWN/NA,UNKNOWN/NA,UNKNOWN,UNKNOWN/NA,,,1,,,,,,,,,,,,,,,,,,UNKNOWN,,,,,,,,,,,,,,,,,,,,,,,,,,,,,,,,,
2112898,01d848bae2de94070f88b38b8ed272beef8c809ad0ff6e5f09a448d913317f464592fd597d6a122217f03b94c9901c0dfc87222417ba2a8d5d5b42a33c80db85,07/23/2025 08:30:00 AM,2,PARKED,,2014241,,VOLKSWAGEN,JETTA,IL,2005,UNKNOWN,PASSENGER,PERSONAL,S,PARKED,Y,,0,,,,,Y,,,,,,,,,,Y,Y,,FRONT-LEFT-CORNER,,,,,,,,,,,,,,,,,,,,,,,,,,,,,,,,,
2112471,5741592b0587b17a6338ea84afdd290b65cce2b517e39f98b28c8c6cb3516ac97f54084ce56f44521ac567408073abafb73cb2082241a1ea2ab29baf7283de7c,07/23/2025 08:30:00 AM,1,DRIVER,,2013835,,CHEVROLET,EXPRESS,IL,2023,NONE,VAN/MINI-VAN,OTHER,W,STRAIGHT AHEAD,,,1,,,,,,,,,Y,,,,,,,,,REAR-RIGHT-CORNER,,,,,,,,,,,,,,,,,,,,,,,,,,,,,,,,,
2112472,5741592b0587b17a6338ea84afdd290b65cce2b517e39f98b28c8c6cb3516ac97f54084ce56f44521ac567408073abafb73cb2082241a1ea2ab29baf7283de7c,07/23/2025 08:30:00 AM,2,PARKED,,2013837,,CHEVROLET,IMPALA,IL,2016,NONE,PASSENGER,PERSONAL,W,PARKED,,,0,,,,,,,,,,,,,,,Y,,,FRONT-LEFT-CORNER,,,,,,,,,,,,,,,,,,,,,,,,,,,,,,,,,
2112473,54fdaa5ecc4b45d96ffb8bade3126b4ee99488e3f06cf36d01407b1e3c00dfddb248d77ed4d4e5908b7e0cd6f45dbfd60bcd35470f23adeccc00034710d6a409,07/23/2025 08:29:00 AM,1,DRIVER,1,2013840,,CHEVROLET,BLAZER,IL,,UNKNOWN,PASSENGER,PERSONAL,S,STRAIGHT AHEAD,,,2,,,,,,,,,,,,,,,Y,Y,,FRONT-LEFT-CORNER,,,,,,,,,,,,,,,,,,,,,,,,,,,,,,,,,
2112474,54fdaa5ecc4b45d96ffb8bade3126b4ee99488e3f06cf36d01407b1e3c00dfddb248d77ed4d4e5908b7e0cd6f45dbfd60bcd35470f23adeccc00034710d6a409,07/23/2025 08:29:00 AM,2,DRIVER,,2013842,,KIA,OPTIMA / K5,IL,,UNKNOWN,PASSENGER,PERSONAL,E,STRAIGHT AHEAD,,,1,,,,,Y,,,,,,,,,,,Y,,FRONT-RIGHT-CORNER,,,,,,,,,,,,,,,,,,,,,,,,,,,,,,,,,
2112496,843e5a65f69223fb5d4fe0aaf3e575a1ff6ae0c8c3b49d582909900adbd4660bf7d61353f3526fcdc35b19f4eac7f2ebe140ffe3078fd4fdead6ff3e2922c58f,07/23/2025 08:24:00 AM,1,DRIVER,,2013867,,JEEP,WRANGLER,VA,2016,NONE,PASSENGER,PERSONAL,S,CHANGING LANES,,,1,,,,,Y,,,,,,,,,,Y,Y,,FRONT,,,,,,,,,,,,,,,,,,,,,,,,,,,,,,,,,
2112497,843e5a65f69223fb5d4fe0aaf3e575a1ff6ae0c8c3b49d582909900adbd4660bf7d61353f3526fcdc35b19f4eac7f2ebe140ffe3078fd4fdead6ff3e2922c58f,07/23/2025 08:24:00 AM,2,DRIVER,,2013879,,CHEVROLET,MALIBU,IL,2015,NONE,PASSENGER,PERSONAL,S,STRAIGHT AHEAD,Y,,1,,S&S,LSD & DELAWARE,,Y,,,,Y,Y,Y,,,,Y,Y,,REAR,,,,,,,,,,,,,,,,,,,,,,,,,,,,,,,,,
2112498,843e5a65f69223fb5d4fe0aaf3e575a1ff6ae0c8c3b49d582909900adbd4660bf7d61353f3526fcdc35b19f4eac7f2ebe140ffe3078fd4fdead6ff3e2922c58f,07/23/2025 08:24:00 AM,3,DRIVER,,2013900,,TOYOTA,COROLLA,IL,2008,NONE,PASSENGER,PERSONAL,S,STRAIGHT AHEAD,,,1,,,,,,,,,Y,Y,Y,,,,,,,REAR,,,,,,,,,,,,,,,,,,,,,,,,,,,,,,,,,
2112469,693c8d64577abc9883bd6efa490fdca58da7e6fe14d6d2f6bdc087fb004039c46eade315451c5a99ec2ad01543a025ffe98272fecb061a01b6b12b3d0a5b5652,07/23/2025 08:15:00 AM,1,DRIVER,,2013831,,CHEVROLET,TRAIL BLAZER,IL,2003,NONE,SPORT UTILITY VEHICLE (SUV),PERSONAL,S,STRAIGHT AHEAD,,,1,,,,,,,,,,,,,,,,Y,,FRONT,,,,,,,,,,,,,,,,,,,,,,,,,,,,,,,,,
2112470,693c8d64577abc9883bd6efa490fdca58da7e6fe14d6d2f6bdc087fb004039c46eade315451c5a99ec2ad01543a025ffe98272fecb061a01b6b12b3d0a5b5652,07/23/2025 08:15:00 AM,2,BICYCLE,,,,,,,,,,,,,,,,,,,,,,,,,,,,,,,,,,,,,,,,,,,,,,,,,,,,,,,,,,,,,,,,,,
2112477,693c8d64577abc9883bd6efa490fdca58da7e6fe14d6d2f6bdc087fb004039c46eade315451c5a99ec2ad01543a025ffe98272fecb061a01b6b12b3d0a5b5652,07/23/2025 08:15:00 AM,3,NON-MOTOR VEHICLE,,,,,,,,,,,,,,,,,,,,,,,,,,,,,,,,,,,,,,,,,,,,,,,,,,,,,,,,,,,,,,,,,,
2113318,8bcb29b2fdf021cf4afb421e2c07d2efd9a0d7d98f1c890980e4a703a16c9692f4ca7935359dfae32a411b7e9a232d62d32f84b05e03b199ea7a9606dfafa6df,07/23/2025 08:15:00 AM,2,DRIVERLESS,,2014662,,UNKNOWN,OTHER (EXPLAIN IN NARRATIVE),,,NONE,OTHER,NOT IN USE,UNKNOWN,UNKNOWN/NA,,,0,,,,Y,,,,,,,,,,,,,,FRONT,,,,,,,,,,,,,,,,,,,,,,,,,,,,,,,,,
2113323,8bcb29b2fdf021cf4afb421e2c07d2efd9a0d7d98f1c890980e4a703a16c9692f4ca7935359dfae32a411b7e9a232d62d32f84b05e03b199ea7a9606dfafa6df,07/23/2025 08:15:00 AM,1,DRIVER,,2014655,,MERCEDES-BENZ,ML450,IL,2020,NONE,SPORT UTILITY VEHICLE (SUV),PERSONAL,S,STRAIGHT AHEAD,Y,,1,,,,,Y,,,,Y,,,,,,Y,Y,,FRONT,,,,,,,,,,,,,,,,,,,,,,,,,,,,,,,,,
2112482,c8712a9edcc4de972d8f33f483878b64a8acbd165320fb3ac8d946196a4063d5a79cdc9ed75338435ef838804f8cf6e6b88357e7d2a103e7efa2bb107641734b,07/23/2025 08:00:00 AM,1,DRIVER,,2013846,,CHEVROLET,MALIBU,IL,2018,NONE,PASSENGER,PERSONAL,SW,CHANGING LANES,,,1,,,,,Y,Y,,,,,,,,,,,,FRONT-RIGHT-CORNER,,,,,,,,,,,,,,,,,,,,,,,,,,,,,,,,,
2112483,c8712a9edcc4de972d8f33f483878b64a8acbd165320fb3ac8d946196a4063d5a79cdc9ed75338435ef838804f8cf6e6b88357e7d2a103e7efa2bb107641734b,07/23/2025 08:00:00 AM,2,DRIVER,,2013852,,TOYOTA,CAMRY,IL,2012,NONE,PASSENGER,PERSONAL,S,STRAIGHT AHEAD,Y,,1,,aaa,garage,,Y,,,,,,,,,,Y,Y,,SIDE-LEFT-FRONT,,,,,,,,,,,,,,,,,,,,,,,,,,,,,,,,,
2112925,6efbbf1b99cccbf818e4f1d695336ee3a99bad6af842cf84dea5fcc55ae328205e28e5f77e0fd1960872367ab0cb3200dbc3b718cefb82e31f912fad38055ed5,07/23/2025 07:50:00 AM,1,DRIVER,,2014262,,HONDA,CR-V,IL,2005,UNKNOWN,PASSENGER,PERSONAL,SE,OTHER,,,1,,,,,N,,,,,N,N,,,,N,N,Y,FRONT,,,,,,,,,,,,,,,,,,,,,,,,,,,,,,,,,
2112926,6efbbf1b99cccbf818e4f1d695336ee3a99bad6af842cf84dea5fcc55ae328205e28e5f77e0fd1960872367ab0cb3200dbc3b718cefb82e31f912fad38055ed5,07/23/2025 07:50:00 AM,2,DRIVER,,2014264,,HONDA,ACCORD,IL,2017,UNKNOWN,PASSENGER,PERSONAL,SE,OTHER,,,1,,,,,Y,,,,,Y,Y,,,,Y,Y,,REAR,,,,,,,,,,,,,,,,,,,,,,,,,,,,,,,,,
2112486,0c51f2e17458b46de0f1d2564f74bd20379297aa1fdb1d9fc4a28b5e3802c2798de8a7cdff3540f499ef08843b4c519a46ff63bf50deee16c75019590e8620d4,07/23/2025 07:35:00 AM,1,DRIVER,,2013851,Y,AUTOCAR,AUTOCAR,IL,2010,UNKNOWN,OTHER,STATE OWNED,N,BACKING,,,1,,,,Y,,,,,,,,,,,,,,NONE,"21,874",,,,DRIVER,3,CITY OF CHICAGO GARBAGE TRUCK,IL,CHICAGO,,,,N,N,,N,,,N,,,,,,,,,,GARBAGE/REFUSE,OTHER,N,N,
2112487,0c51f2e17458b46de0f1d2564f74bd20379297aa1fdb1d9fc4a28b5e3802c2798de8a7cdff3540f499ef08843b4c519a46ff63bf50deee16c75019590e8620d4,07/23/2025 07:35:00 AM,2,NON-MOTOR VEHICLE,,,,,,,,,,,,,,,,,,,,,,,,,,,,,,,,,,,,,,,,,,,,,,,,,,,,,,,,,,,,,,,,,,
2112449,6f25b92112b2eae88f413e67afd1e68ba57c78e20c02a35bd23a9093790182f8e96150b350ab0105b35bb143ccae3cc961cbf97e7a362cc91e1e421de75bfbcb,07/23/2025 07:30:00 AM,1,DRIVER,,2013815,,FORD,OTHER (EXPLAIN IN NARRATIVE),IL,2016,NONE,OTHER,PERSONAL,W,TURNING LEFT,,,1,,,,,,,,,,,,Y,Y,Y,,,,SIDE-LEFT,,,,,,,,,,,,,,,,,,,,,,,,,,,,,,,,,
2112450,6f25b92112b2eae88f413e67afd1e68ba57c78e20c02a35bd23a9093790182f8e96150b350ab0105b35bb143ccae3cc961cbf97e7a362cc91e1e421de75bfbcb,07/23/2025 07:30:00 AM,2,DRIVER,,2013818,,FORD,OTHER (EXPLAIN IN NARRATIVE),IL,2025,UNKNOWN,OTHER,UNKNOWN/NA,W,STRAIGHT AHEAD,,,1,,,,,Y,,,,,,,,,,Y,Y,,FRONT,,,,,,,,,,,,,,,,,,,,,,,,,,,,,,,,,
2112820,855dc211024dc4ddbfb796fdda5142b47adc92ce950dfbcd10a23dc94cfab167ed8f60f5ea3e4e03ec5730cc3deefb48124b6484a8f132750343c689d32c2c29,07/23/2025 07:26:00 AM,1,DRIVER,,2014162,,JEEP,COMPASS,IL,2018,NONE,SPORT UTILITY VEHICLE (SUV),UNKNOWN/NA,S,STRAIGHT AHEAD,,,1,,,,,,,,,,,,,,,,Y,,FRONT,,,,,,,,,,,,,,,,,,,,,,,,,,,,,,,,,
2112821,855dc211024dc4ddbfb796fdda5142b47adc92ce950dfbcd10a23dc94cfab167ed8f60f5ea3e4e03ec5730cc3deefb48124b6484a8f132750343c689d32c2c29,07/23/2025 07:26:00 AM,2,DRIVER,1,2014172,,FORD,FUSION,IL,2009,UNKNOWN,PASSENGER,UNKNOWN/NA,S,OTHER,,,2,,,,,,,,,,Y,,,,,,,,REAR,,,,,,,,,,,,,,,,,,,,,,,,,,,,,,,,,
2112447,0bc2a4c1ae39d2784f19763be4fd05dc4c8f525ee69c02bb8c0bc488678e8e3db907eac192b44b38d22e0a075b4174de166b0115a9b0b7a60fdc3583a4a30402,07/23/2025 07:10:00 AM,1,DRIVER,,2013811,,HONDA,ODYSSEY,IL,2008,UNKNOWN,VAN/MINI-VAN,PERSONAL,W,ENTERING TRAFFIC LANE FROM PARKING,,,1,,,,,,,,,,,,,,Y,Y,Y,,FRONT-LEFT-CORNER,,,,,,,,,,,,,,,,,,,,,,,,,,,,,,,,,
2112448,0bc2a4c1ae39d2784f19763be4fd05dc4c8f525ee69c02bb8c0bc488678e8e3db907eac192b44b38d22e0a075b4174de166b0115a9b0b7a60fdc3583a4a30402,07/23/2025 07:10:00 AM,2,DRIVER,,2013810,,CHEVROLET,TAHOE,IL,2015,UNKNOWN,SPORT UTILITY VEHICLE (SUV),PERSONAL,W,STRAIGHT AHEAD,,,1,,,,,Y,,,,,,,,,,Y,Y,,FRONT,,,,,,,,,,,,,,,,,,,,,,,,,,,,,,,,,
2112467,41af813b23bf0e126f5d021435b04f85fc5486bbd1c5630097cf4a33773f47f44ff22bc1152977a7fce650e28eff6e093fa73b1ed678f85662724df4e0d0a09f,07/23/2025 07:10:00 AM,1,DRIVER,,2013843,,UNKNOWN,MOTORIZED,,,UNKNOWN,SINGLE UNIT TRUCK WITH TRAILER,UNKNOWN/NA,N,UNKNOWN/NA,,,1,,,,,,,,,,,,,,,,,Y,UNKNOWN,,,,,,,,,,,,,,,,,,,,,,,,,,,,,,,,,
2112468,41af813b23bf0e126f5d021435b04f85fc5486bbd1c5630097cf4a33773f47f44ff22bc1152977a7fce650e28eff6e093fa73b1ed678f85662724df4e0d0a09f,07/23/2025 07:10:00 AM,2,DRIVER,,2013833,,FORD,F750,IL,2022,UNKNOWN,TRUCK - SINGLE UNIT,CONSTRUCTION/MAINTENANCE,N,OTHER,,,1,,,,,,,,,,,,Y,N,Y,,,,SIDE-LEFT,,,,,,,,,,,,,,,,,,,,,,,,,,,,,,,,,
2112478,8b4c85461c547ec4c5da88596af4bda9161387cc35c0816a05184107e32e3ad508d0d9106f4b16672f72ecd322ff675afe9d33375ed5c6dcdc5016be867552ae,07/23/2025 07:04:00 AM,1,DRIVER,,2013875,,LEXUS,RX350,IL,2019,UNKNOWN,SPORT UTILITY VEHICLE (SUV),PERSONAL,N,LEAVING TRAFFIC LANE TO PARK,,,1,,,,,,Y,Y,Y,,,,,,,,,,SIDE-RIGHT,,,,,,,,,,,,,,,,,,,,,,,,,,,,,,,,,
2112479,8b4c85461c547ec4c5da88596af4bda9161387cc35c0816a05184107e32e3ad508d0d9106f4b16672f72ecd322ff675afe9d33375ed5c6dcdc5016be867552ae,07/23/2025 07:04:00 AM,2,PARKED,1,2013894,,HYUNDAI,TUCSON,IL,2022,UNKNOWN,SPORT UTILITY VEHICLE (SUV),NOT IN USE,N,PARKED,,,1,,,,,,,,,,,,,Y,Y,Y,,,SIDE-LEFT,,,,,,,,,,,,,,,,,,,,,,,,,,,,,,,,,
2115106,0db642497de9bcf97992c6ce6278bf43c704f639eccec4bfef82e09fa8f9682aad7a1563873652d619aa646beba3d0aedb8ef310a98c1c6414e3e376104c3e56,07/23/2025 07:00:00 AM,1,DRIVER,,2016339,,NISSAN,ALTIMA,TX,2019,UNKNOWN,PASSENGER,PERSONAL,UNKNOWN,STRAIGHT AHEAD,,,1,,,,,,,,,,,,,,Y,Y,Y,,FRONT-LEFT-CORNER,,,,,,,,,,,,,,,,,,,,,,,,,,,,,,,,,
2115107,0db642497de9bcf97992c6ce6278bf43c704f639eccec4bfef82e09fa8f9682aad7a1563873652d619aa646beba3d0aedb8ef310a98c1c6414e3e376104c3e56,07/23/2025 07:00:00 AM,2,DRIVER,,2016344,,HYUNDAI,TUCSON,IL,2016,UNKNOWN,PASSENGER,PERSONAL,UNKNOWN,UNKNOWN/NA,,,1,,,,,,Y,Y,Y,Y,Y,,,,,,,,SIDE-RIGHT,,,,,,,,,,,,,,,,,,,,,,,,,,,,,,,,,
2113042,aacd4730dd0bd4307501efccb6625c23c63d6838b21197e568b61b378f7974be88410d0d23ae79ba9c1dd8fefeb7573c700b1217486a064f552e0b2cf17758d5,07/23/2025 07:00:00 AM,1,DRIVER,,2014382,,HYUNDAI,SANTA FE,IL,2017,UNKNOWN,SPORT UTILITY VEHICLE (SUV),PERSONAL,UNKNOWN,CHANGING LANES,,,1,,,,,Y,Y,Y,Y,,,,,,,,,,SIDE-RIGHT,,,,,,,,,,,,,,,,,,,,,,,,,,,,,,,,,
2113043,aacd4730dd0bd4307501efccb6625c23c63d6838b21197e568b61b378f7974be88410d0d23ae79ba9c1dd8fefeb7573c700b1217486a064f552e0b2cf17758d5,07/23/2025 07:00:00 AM,2,DRIVER,,2014386,,NISSAN,ALTIMA,TX,2019,UNKNOWN,PASSENGER,PERSONAL,UNKNOWN,STRAIGHT AHEAD,,,1,,,,,,,,,,,,,Y,Y,Y,,,FRONT-LEFT-CORNER,,,,,,,,,,,,,,,,,,,,,,,,,,,,,,,,,
2112453,d79967ceec658dc1d7b1858e7b78a93312f7fdfe5c1aeedc8700648e915e5a7a7cfb1a857b2a97b80c18f544e1a2ed4b6677196b125c690bb4e5084397e7e7fa,07/23/2025 06:50:00 AM,1,DRIVER,,2013829,,DODGE,RAM 1500 PU,IL,2020,NONE,SPORT UTILITY VEHICLE (SUV),PERSONAL,S,STRAIGHT AHEAD,N,,1,,,,,Y,Y,,,,,,,,,N,N,,FRONT-RIGHT-CORNER,,,,,,,,,,,,,,,,,,,,,,,,,,,,,,,,,
2112454,d79967ceec658dc1d7b1858e7b78a93312f7fdfe5c1aeedc8700648e915e5a7a7cfb1a857b2a97b80c18f544e1a2ed4b6677196b125c690bb4e5084397e7e7fa,07/23/2025 06:50:00 AM,2,DRIVERLESS,,2013839,,FORD,FIVE HUNDRED,IL,2007,NONE,PASSENGER,NOT IN USE,W,PARKED,,,0,,,,,,,,,,,Y,Y,,,,,,SIDE-LEFT-REAR,,,,,,,,,,,,,,,,,,,,,,,,,,,,,,,,,
2112578,fb34f27c117aef3035f7a0703a521f31e825772ec526546f4873e833b9bc18a8c233aad039a3543f40b6c43585c01771a7cfbe413ece23012be9470d8171e082,07/23/2025 06:50:00 AM,1,PARKED,,2013929,,ACURA,ADX,IL,,NONE,PASSENGER,NOT IN USE,N,PARKED,,,0,,,,,,,,,,,,,,,,Y,,FRONT,,,,,,,,,,,,,,,,,,,,,,,,,,,,,,,,,