CRASH_UNIT_ID,CRASH_RECORD_ID,CRASH_DATE,UNIT_NO,UNIT_TYPE,NUM_PASSENGERS,VEHICLE_ID,CMRC_VEH_I,MAKE,MODEL,LIC_PLATE_STATE,VEHICLE_YEAR,VEHICLE_DEFECT,VEHICLE_TYPE,VEHICLE_USE,TRAVEL_DIRECTION,MANEUVER,TOWED_I,FIRE_I,OCCUPANT_CNT,EXCEED_SPEED_LIMIT_I,TOWED_BY,TOWED_TO,AREA_00_I,AREA_01_I,AREA_02_I,AREA_03_I,AREA_04_I,AREA_05_I,AREA_06_I,AREA_07_I,AREA_08_I,AREA_09_I,AREA_10_I,AREA_11_I,AREA_12_I,AREA_99_I,FIRST_CONTACT_POINT,CMV_ID,USDOT_NO,CCMC_NO,ILCC_NO,COMMERCIAL_SRC,GVWR,CARRIER_NAME,CARRIER_STATE,CARRIER_CITY,HAZMAT_PLACARDS_I,HAZMAT_NAME,UN_NO,HAZMAT_PRESENT_I,HAZMAT_REPORT_I,HAZMAT_REPORT_NO,MCS_REPORT_I,MCS_REPORT_NO,HAZMAT_VIO_CAUSE_CRASH_I,MCS_VIO_CAUSE_CRASH_I,IDOT_PERMIT_NO,WIDE_LOAD_I,TRAILER1_WIDTH,TRAILER2_WIDTH,TRAILER1_LENGTH,TRAILER2_LENGTH,TOTAL_VEHICLE_LENGTH,AXLE_CNT,VEHICLE_CONFIG,CARGO_BODY_TYPE,LOAD_TYPE,HAZMAT_OUT_OF_SERVICE_I,MCS_OUT_OF_SERVICE_I,HAZMAT_CLASS
2112579,fb34f27c117aef3035f7a0703a521f31e825772ec526546f4873e833b9bc18a8c233aad039a3543f40b6c43585c01771a7cfbe413ece23012be9470d8171e082,07/23/2025 06:50:00 AM,2,DRIVER,,2013942,,ISUZU,OTHER (EXPLAIN IN NARRATIVE),IL,,NONE,TRUCK - SINGLE UNIT,COMMERCIAL - SINGLE UNIT,S,BACKING,,,1,,,,Y,,,,,Y,,,,,,,,,NONE,,,,,,,,,,,,,,,,,,,,,,,,,,,,,,,,,
2112455,596e79d7f6d2635e6a851f4a4194f532642a9237827286a9eaa34b2e7a4c5e2e20edc8742c17533340810e7d7654d63a5a433fe530b71b1d8a2d794a83cf23e4,07/23/2025 06:43:00 AM,1,DRIVER,,2013822,,HONDA,PILOT,IL,2006,UNKNOWN,SPORT UTILITY VEHICLE (SUV),PERSONAL,N,STRAIGHT AHEAD,Y,,1,,,,,,,,,,,,,,,Y,Y,,FRONT,,,,,,,,,,,,,,,,,,,,,,,,,,,,,,,,,
2112456,596e79d7f6d2635e6a851f4a4194f532642a9237827286a9eaa34b2e7a4c5e2e20edc8742c17533340810e7d7654d63a5a433fe530b71b1d8a2d794a83cf23e4,07/23/2025 06:43:00 AM,2,DRIVER,1,2013827,,DODGE,CHARGER,IL,2018,UNKNOWN,PASSENGER,PERSONAL,N,STRAIGHT AHEAD,,,2,,,,,,,,,,Y,,,,,,,,REAR,,,,,,,,,,,,,,,,,,,,,,,,,,,,,,,,,
2112464,de3010958ab90bdd9db3bf25f8a2f78c272335650ca9c98817fd1fc249877ab6408c439184803b66c99b08f3d649070d04b6aa4471840d503fb9443f9b5c93c4,07/23/2025 06:40:00 AM,1,DRIVER,3,2013823,,FORD,TRANSIT,IL,2017,NONE,VAN/MINI-VAN,PERSONAL,S,OTHER,Y,,4,,,,,Y,,,,,,Y,Y,Y,Y,Y,Y,,FRONT,,,,,,,,,,,,,,,,,,,,,,,,,,,,,,,,,
2112439,4077ed57dd4b89fa3f9e319115a73bb78baca8300ac513dd8017e8e5c145bd433d9e925645020ae8b833e8a50cba7b5ac2e8bc41cfd7ec56851abb922b1758e6,07/23/2025 06:35:00 AM,1,DRIVER,,2013804,,CHEVROLET,TRAIL BLAZER,IL,2007,UNKNOWN,SPORT UTILITY VEHICLE (SUV),PERSONAL,NW,TURNING LEFT,,,1,,,,,,,,,,,,,,Y,Y,,,FRONT-LEFT-CORNER,,,,,,,,,,,,,,,,,,,,,,,,,,,,,,,,,
2112440,4077ed57dd4b89fa3f9e319115a73bb78baca8300ac513dd8017e8e5c145bd433d9e925645020ae8b833e8a50cba7b5ac2e8bc41cfd7ec56851abb922b1758e6,07/23/2025 06:35:00 AM,2,DRIVER,,2013805,,JEEP,GRAND CHEROKEE,IL,2011,UNKNOWN,SPORT UTILITY VEHICLE (SUV),PERSONAL,NW,TURNING LEFT,,,1,,,,,,Y,Y,,,,,,,,,,,SIDE-RIGHT,,,,,,,,,,,,,,,,,,,,,,,,,,,,,,,,,
2112461,d3186b6370c5bb4497307311ef643c23bfa3a0581fb3595c4c53914f338587ecaeb0a9acff2dc17f4cc28844513fa2fc057b706bba9ee0b04b3aef42c7f73a0e,07/23/2025 06:32:00 AM,1,DRIVER,,2013820,,UNKNOWN,OTHER (EXPLAIN IN NARRATIVE),,,UNKNOWN,PICKUP,UNKNOWN/NA,E,STRAIGHT AHEAD,,,1,,,,,,,,,,,,,,,,,Y,UNKNOWN,,,,,,,,,,,,,,,,,,,,,,,,,,,,,,,,,
2112462,d3186b6370c5bb4497307311ef643c23bfa3a0581fb3595c4c53914f338587ecaeb0a9acff2dc17f4cc28844513fa2fc057b706bba9ee0b04b3aef42c7f73a0e,07/23/2025 06:32:00 AM,2,PARKED,,2013825,,JEEP,RENEGADE,IL,2018,UNKNOWN,SPORT UTILITY VEHICLE (SUV),PERSONAL,E,PARKED,,,0,,,,,Y,,,,Y,Y,Y,,,,Y,Y,,REAR,,,,,,,,,,,,,,,,,,,,,,,,,,,,,,,,,
2112463,d3186b6370c5bb4497307311ef643c23bfa3a0581fb3595c4c53914f338587ecaeb0a9acff2dc17f4cc28844513fa2fc057b706bba9ee0b04b3aef42c7f73a0e,07/23/2025 06:32:00 AM,3,PARKED,,2013828,,HONDA,CR-V,IL,2019,UNKNOWN,SPORT UTILITY VEHICLE (SUV),PERSONAL,E,PARKED,,,0,,,,,,,,,,Y,,,,,,,,REAR,,,,,,,,,,,,,,,,,,,,,,,,,,,,,,,,,
2112457,14ac1dbd3059b191cbb4291b38b1475ce215abe74e60851ecdf213eb59bea4c384534512ffcd9f9c5c8e80438f7352822128a6e1eea851787167255d1de35e12,07/23/2025 06:30:00 AM,1,DRIVER,,2013819,,TOYOTA,SIENNA,IL,2015,NONE,VAN/MINI-VAN,PERSONAL,N,STRAIGHT AHEAD,,,1,,,,,,,,,,,,,,,Y,,,FRONT,,,,,,,,,,,,,,,,,,,,,,,,,,,,,,,,,
2112458,14ac1dbd3059b191cbb4291b38b1475ce215abe74e60851ecdf213eb59bea4c384534512ffcd9f9c5c8e80438f7352822128a6e1eea851787167255d1de35e12,07/23/2025 06:30:00 AM,2,PARKED,,2013821,,TOYOTA,CAMRY,IL,2019,NONE,PASSENGER,PERSONAL,N,PARKED,,,0,,,,,Y,Y,,,,,,,,,,Y,,FRONT-RIGHT-CORNER,,,,,,,,,,,,,,,,,,,,,,,,,,,,,,,,,
2112465,1c2c36adbdc561614f031b8d087e85c2f8754efdcf4ca68ff89814f29a7304de542a2dd48bb738faea98ce555836890b2e9133443c4dbaa69b9187e01e6965fd,07/23/2025 06:15:00 AM,1,DRIVER,,2013826,,BUICK,OTHER (EXPLAIN IN NARRATIVE),XX,,UNKNOWN,PASSENGER,PERSONAL,W,TURNING LEFT,,,1,,,,,,,,,,,,,,,,,,UNKNOWN,,,,,,,,,,,,,,,,,,,,,,,,,,,,,,,,,
2112466,1c2c36adbdc561614f031b8d087e85c2f8754efdcf4ca68ff89814f29a7304de542a2dd48bb738faea98ce555836890b2e9133443c4dbaa69b9187e01e6965fd,07/23/2025 06:15:00 AM,2,DRIVER,,2013832,,NISSAN,MAXIMA,IL,2013,NONE,PASSENGER,PERSONAL,N,STRAIGHT AHEAD,,,1,,,,,Y,Y,Y,Y,,,,,,,,,,UNKNOWN,,,,,,,,,,,,,,,,,,,,,,,,,,,,,,,,,
2113943,73d74ee1a6940f1f89f5cad6392653e0681083266802b040fea7075b63a53cb4d71925e7d7da035620b0911acecaaa6306e2d325d463cc87d3ca9f6dfb0853f4,07/23/2025 06:00:00 AM,1,DRIVER,,2015289,,FREIGHTLINER CORPORATION,FREIGHTLINER CORP.,IL,2024,UNKNOWN,TRUCK - SINGLE UNIT,UNKNOWN/NA,N,UNKNOWN/NA,,,1,,,,,,,,,,Y,,,,,,,,REAR,,,,,,,,,,,,,,,,,,,,,,,,,,,,,,,,,
2113944,73d74ee1a6940f1f89f5cad6392653e0681083266802b040fea7075b63a53cb4d71925e7d7da035620b0911acecaaa6306e2d325d463cc87d3ca9f6dfb0853f4,07/23/2025 06:00:00 AM,2,PARKED,1,2015253,,MERCEDES-BENZ,C300,IL,2011,UNKNOWN,PASSENGER,PERSONAL,S,PARKED,,,1,,,,,,,,,,,,,,,N,Y,,FRONT,,,,,,,,,,,,,,,,,,,,,,,,,,,,,,,,,
2112441,bcb46b556b651cfaefbed60ffad9d650c7d4828236130fdf7a991ce92b2259d3a0a3986cc38f9595ab832c17887a346b3ac1068675b1f60dd17ee3ec098cdcf4,07/23/2025 06:00:00 AM,1,DRIVER,,2013814,,CHEVROLET,EQUINOX,IL,2007,UNKNOWN,SPORT UTILITY VEHICLE (SUV),PERSONAL,W,TURNING LEFT,,,1,,,,,Y,Y,,,,,,,,,,Y,,FRONT-RIGHT-CORNER,,,,,,,,,,,,,,,,,,,,,,,,,,,,,,,,,
2112442,bcb46b556b651cfaefbed60ffad9d650c7d4828236130fdf7a991ce92b2259d3a0a3986cc38f9595ab832c17887a346b3ac1068675b1f60dd17ee3ec098cdcf4,07/23/2025 06:00:00 AM,2,DRIVER,,2013816,,CHEVROLET,TAHOE,IN,2004,UNKNOWN,SPORT UTILITY VEHICLE (SUV),PERSONAL,N,STRAIGHT AHEAD,,,1,,,,,,,Y,Y,Y,,,,,,,,,SIDE-RIGHT-REAR,,,,,,,,,,,,,,,,,,,,,,,,,,,,,,,,,
2112433,2ae198334da8a9bdea2a238438ac9803da1a6bd731c20d5807165cee013093ec51745e6e325f32bb3f5b6a0211faa996580f6085f8ea09bca774301fddec5082,07/23/2025 05:45:00 AM,1,DRIVER,,2013795,,CHEVROLET,SILVERADO,IL,2016,UNKNOWN,TRUCK - SINGLE UNIT,PERSONAL,W,STRAIGHT AHEAD,,,1,,,,,,,Y,,,,,,,,,,,SIDE-RIGHT,,,,,,,,,,,,,,,,,,,,,,,,,,,,,,,,,
2112434,2ae198334da8a9bdea2a238438ac9803da1a6bd731c20d5807165cee013093ec51745e6e325f32bb3f5b6a0211faa996580f6085f8ea09bca774301fddec5082,07/23/2025 05:45:00 AM,2,DRIVER,,2013800,,LEXUS,NX,IL,2024,UNKNOWN,PASSENGER,PERSONAL,SW,TURNING RIGHT,Y,,1,,PRIVATE TOW,PRIVATE,,Y,Y,,,,,,,,,Y,Y,,FRONT-RIGHT-CORNER,,,,,,,,,,,,,,,,,,,,,,,,,,,,,,,,,
2112437,51f3cd9fdd104d11bef810ca7841912f8cdc7715d2b3a8c3dd55112ae878265acf240c0eec746c2883f2a091d28c11d8cb1639ac7030b555a78078e53d18f6da,07/23/2025 05:35:00 AM,1,DRIVER,,2013801,,HONDA,HR-V,IL,2022,UNKNOWN,SPORT UTILITY VEHICLE (SUV),PERSONAL,N,TURNING LEFT,Y,,1,,PRIVATE TOW,,,,,,,,,Y,Y,Y,,,,,SIDE-LEFT-REAR,,,,,,,,,,,,,,,,,,,,,,,,,,,,,,,,,
2112438,51f3cd9fdd104d11bef810ca7841912f8cdc7715d2b3a8c3dd55112ae878265acf240c0eec746c2883f2a091d28c11d8cb1639ac7030b555a78078e53d18f6da,07/23/2025 05:35:00 AM,2,DRIVER,,2013802,,LEXUS,NX,IL,2015,UNKNOWN,SPORT UTILITY VEHICLE (SUV),PERSONAL,E,STRAIGHT AHEAD,Y,,1,,PRIVATE TOW,,,Y,Y,,,,,,,,Y,Y,Y,,FRONT-RIGHT-CORNER,,,,,,,,,,,,,,,,,,,,,,,,,,,,,,,,,
2112445,c2cb7461c8876138469af721eb7d0b0a9a1ceefd9791164f8f34c5af13df56449d664c26d104b66e59511f3b0fc012267699418933fd7168898f66edc305abc1,07/23/2025 05:14:00 AM,1,DRIVER,1,2013808,,CHEVROLET,OTHER (EXPLAIN IN NARRATIVE),IL,2007,NONE,PASSENGER,PERSONAL,W,STRAIGHT AHEAD,Y,,2,,city of chicago,doty rd,,Y,,,,,,,,,Y,Y,Y,,FRONT,,,,,,,,,,,,,,,,,,,,,,,,,,,,,,,,,
2112446,c2cb7461c8876138469af721eb7d0b0a9a1ceefd9791164f8f34c5af13df56449d664c26d104b66e59511f3b0fc012267699418933fd7168898f66edc305abc1,07/23/2025 05:14:00 AM,2,PARKED,,2013809,,ACURA,ADX,IL,2007,NONE,PASSENGER,PERSONAL,E,PARKED,,,0,,,,,,,Y,Y,Y,Y,Y,,,,,,,FRONT,,,,,,,,,,,,,,,,,,,,,,,,,,,,,,,,,
2112443,f4566443a16651c5a4276f24f8ea46c4a796b1dc5ce4ccdce2d654d5556f1e6526259d10b9d8b951c110c517ed7eaf6b6c421473b74d32c789c3186149190815,07/23/2025 05:14:00 AM,1,DRIVER,,2013806,,DODGE,DURANGO,IL,2017,UNKNOWN,PASSENGER,PERSONAL,N,TURNING LEFT,Y,,1,,S&S047982,POUND 6,,Y,Y,,,,,,,,Y,Y,Y,,FRONT-LEFT-CORNER,,,,,,,,,,,,,,,,,,,,,,,,,,,,,,,,,
2112444,f4566443a16651c5a4276f24f8ea46c4a796b1dc5ce4ccdce2d654d5556f1e6526259d10b9d8b951c110c517ed7eaf6b6c421473b74d32c789c3186149190815,07/23/2025 05:14:00 AM,2,DRIVER,,2013807,,DODGE,CHALLENGER,IL,2017,UNKNOWN,PASSENGER,PERSONAL,S,STRAIGHT AHEAD,Y,,1,,S&S047981,POUND 6,,Y,Y,N,,,,,,N,Y,Y,Y,,FRONT-LEFT-CORNER,,,,,,,,,,,,,,,,,,,,,,,,,,,,,,,,,
2112427,62be2e0c5e0892e94a288ed3ad8777b8ef8e2b41b0f25e3e08ae42cd03dade91264fff30e5cb53e7c535367d056da3e710f204297b83079b08457b0e30172cd3,07/23/2025 05:10:00 AM,1,DRIVER,2,2013787,,CHEVROLET,EQUINOX,IL,2019,UNKNOWN,SPORT UTILITY VEHICLE (SUV),UNKNOWN/NA,E,STRAIGHT AHEAD,,,3,,,,,Y,,,,,,,,,,Y,Y,,FRONT,,,,,,,,,,,,,,,,,,,,,,,,,,,,,,,,,
2112428,62be2e0c5e0892e94a288ed3ad8777b8ef8e2b41b0f25e3e08ae42cd03dade91264fff30e5cb53e7c535367d056da3e710f204297b83079b08457b0e30172cd3,07/23/2025 05:10:00 AM,2,DRIVER,,2013786,,TOYOTA,COROLLA,IL,2018,UNKNOWN,PASSENGER,PERSONAL,W,TURNING LEFT,,,1,,,,,,,,,,,Y,Y,Y,,,,,SIDE-LEFT,,,,,,,,,,,,,,,,,,,,,,,,,,,,,,,,,
2113987,6d356450153d6eb3b69bb46fa4d0949b3b2290b3204f31966aadb31e672c5c1a40ac0a971d6e9adcc98df469ebe0e900d26715d722789c55d74338958da194e1,07/23/2025 04:42:00 AM,1,DRIVER,,2015286,,CHEVROLET,IMPALA,IL,2006,NONE,PASSENGER,PERSONAL,N,STRAIGHT AHEAD,Y,,1,,streets/sanitation,Pound 2,,Y,,,Y,Y,N,,,,,N,Y,,FRONT-RIGHT-CORNER,,,,,,,,,,,,,,,,,,,,,,,,,,,,,,,,,
2113988,6d356450153d6eb3b69bb46fa4d0949b3b2290b3204f31966aadb31e672c5c1a40ac0a971d6e9adcc98df469ebe0e900d26715d722789c55d74338958da194e1,07/23/2025 04:42:00 AM,2,DRIVER,1,2015287,,FORD,EXPLORER,IL,2024,NONE,SPORT UTILITY VEHICLE (SUV),POLICE,W,STRAIGHT AHEAD,Y,,2,,streets/sanitation,,,Y,,,,,,Y,Y,Y,,Y,Y,,FRONT-RIGHT-CORNER,,,,,,,,,,,,,,,,,,,,,,,,,,,,,,,,,
2112429,c7296fc3224f2b2fbf0016839cea0a9adfd456329699207371b7d100dfb253ef4023043a452ea8f576d318325702e688461f94de48e6a07b0a24752077110d51,07/23/2025 04:21:00 AM,1,DRIVER,,2013790,,HONDA,CIVIC,IL,2012,LIGHTS,PASSENGER,PERSONAL,S,STRAIGHT AHEAD,Y,,1,,CITY OF CHICAGO,Auto Pound #2,,Y,Y,Y,,,,,,,,Y,Y,,FRONT-RIGHT-CORNER,,,,,,,,,,,,,,,,,,,,,,,,,,,,,,,,,
2112430,c7296fc3224f2b2fbf0016839cea0a9adfd456329699207371b7d100dfb253ef4023043a452ea8f576d318325702e688461f94de48e6a07b0a24752077110d51,07/23/2025 04:21:00 AM,2,PARKED,,2013792,,TOYOTA,RAV4,IL,2022,TIRES,PASSENGER,PERSONAL,S,PARKED,,,0,,,,,,,,,,Y,Y,Y,,,,,,REAR-LEFT-CORNER,,,,,,,,,,,,,,,,,,,,,,,,,,,,,,,,,
2112425,bd67bec82603c6da818fb7f3c2e35f8e526469adc9451afda2ea2987e0fa9c316d2b0b32ada2fc9e0c2960da6bd8ecd088599411d6da06fe04459a22f039c773,07/23/2025 03:06:00 AM,1,DRIVER,,2013793,,HONDA,HR-V,IL,2018,NONE,SPORT UTILITY VEHICLE (SUV),PERSONAL,E,UNKNOWN/NA,Y,,1,,,,,,,,,,,,,,,Y,Y,,FRONT,,,,,,,,,,,,,,,,,,,,,,,,,,,,,,,,,
2112426,bd67bec82603c6da818fb7f3c2e35f8e526469adc9451afda2ea2987e0fa9c316d2b0b32ada2fc9e0c2960da6bd8ecd088599411d6da06fe04459a22f039c773,07/23/2025 03:06:00 AM,2,PARKED,,2013789,,FORD,EDGE,IL,2022,NONE,SPORT UTILITY VEHICLE (SUV),UNKNOWN/NA,E,PARKED,,,0,,,,,,,,,,Y,Y,,,,,,,REAR-LEFT-CORNER,,,,,,,,,,,,,,,,,,,,,,,,,,,,,,,,,
2112511,950168ad1c55bb5f28530037f4e54b280001b6529ffc45f76584f4c224006e8ad019eda34cfd56bc40c53f7ee2547bc1a53ca66037148a67ce35a93bfbaac89f,07/23/2025 02:31:00 AM,1,DRIVER,,2013870,,FORD,TAURUS,IL,2015,UNKNOWN,UNKNOWN/NA,UNKNOWN/NA,N,STRAIGHT AHEAD,Y,,1,,E&R,POUND #2,,Y,,,,,,,,,,Y,Y,,FRONT,,,,,,,,,,,,,,,,,,,,,,,,,,,,,,,,,
2112512,950168ad1c55bb5f28530037f4e54b280001b6529ffc45f76584f4c224006e8ad019eda34cfd56bc40c53f7ee2547bc1a53ca66037148a67ce35a93bfbaac89f,07/23/2025 02:31:00 AM,2,PARKED,,2013871,,DODGE,RAM 1500 PU,IL,2019,UNKNOWN,PICKUP,PERSONAL,N,PARKED,,,0,,,,,,,,,,,Y,Y,,,,,,SIDE-LEFT-REAR,,,,,,,,,,,,,,,,,,,,,,,,,,,,,,,,,
2112513,950168ad1c55bb5f28530037f4e54b280001b6529ffc45f76584f4c224006e8ad019eda34cfd56bc40c53f7ee2547bc1a53ca66037148a67ce35a93bfbaac89f,07/23/2025 02:31:00 AM,3,PARKED,,2013872,,NISSAN,SENTRA,IL,2023,UNKNOWN,PASSENGER,PERSONAL,N,STRAIGHT AHEAD,,,0,,,,,,,,,Y,Y,Y,,,,,,,REAR,,,,,,,,,,,,,,,,,,,,,,,,,,,,,,,,,
2112419,264dccae3a229bcff41b94aa605592d9a4c248773032cc0770bfc6b738219a16253c415dcafe057f39910a34a652202c82535c969706f7335ae79e2b8019629f,07/23/2025 01:56:00 AM,1,DRIVER,,2013773,,VOLKSWAGEN,ATLAS,OH,2025,NONE,SPORT UTILITY VEHICLE (SUV),PERSONAL,E,DRIVING WRONG WAY,,,1,,,,,Y,Y,Y,,,,,,,,,,,FRONT-RIGHT-CORNER,,,,,,,,,,,,,,,,,,,,,,,,,,,,,,,,,
2112420,264dccae3a229bcff41b94aa605592d9a4c248773032cc0770bfc6b738219a16253c415dcafe057f39910a34a652202c82535c969706f7335ae79e2b8019629f,07/23/2025 01:56:00 AM,2,DRIVER,,2013778,,MERCEDES-BENZ,S-CLASS,IL,2017,NONE,PASSENGER,PERSONAL,E,STRAIGHT AHEAD,Y,,1,,AAA,9619 S GREENWOOD AVE,,Y,Y,,,,,,,,Y,Y,,,FRONT-LEFT-CORNER,,,,,,,,,,,,,,,,,,,,,,,,,,,,,,,,,
2112421,46ee7ba5036502fdabd8d71076d7549c9dd4ca3f2ca09eacb305b444d6ed39a5b09f96fc3c334c086db3e7d04e6f4bfee458f2092cece3dfd0cb235b2d3557fa,07/23/2025 01:45:00 AM,1,DRIVER,4,2013776,,CHEVROLET,BLAZER,IL,2022,NONE,PASSENGER,PERSONAL,S,STRAIGHT AHEAD,N,,5,,,,,Y,,,,,,,,,,Y,Y,,FRONT,,,,,,,,,,,,,,,,,,,,,,,,,,,,,,,,,
2112422,46ee7ba5036502fdabd8d71076d7549c9dd4ca3f2ca09eacb305b444d6ed39a5b09f96fc3c334c086db3e7d04e6f4bfee458f2092cece3dfd0cb235b2d3557fa,07/23/2025 01:45:00 AM,2,DRIVER,1,2013780,,FORD,F150,IL,2012,NONE,PICKUP,PERSONAL,N,STRAIGHT AHEAD,,,2,,,,,Y,,,,,,,,,,Y,Y,,FRONT,,,,,,,,,,,,,,,,,,,,,,,,,,,,,,,,,
2112475,603d6a74c64526b298b937a44db50067c6ef306e0c31d8faf55545978a3285239d51b28b81a208c5c08296594832ce3eff2c1c458fb26e36d2b7a74d0a58499c,07/23/2025 01:28:00 AM,1,DRIVER,,2013836,,DODGE,DART,IL,2014,UNKNOWN,PASSENGER,UNKNOWN/NA,W,BACKING,,,1,,,,,,,,,,,,,,,,,Y,REAR,,,,,,,,,,,,,,,,,,,,,,,,,,,,,,,,,
2112476,603d6a74c64526b298b937a44db50067c6ef306e0c31d8faf55545978a3285239d51b28b81a208c5c08296594832ce3eff2c1c458fb26e36d2b7a74d0a58499c,07/23/2025 01:28:00 AM,2,PARKED,,2013838,,FORD,ESCAPE,IA,2022,NONE,PASSENGER,NOT IN USE,E,PARKED,Y,,0,,,,,,,,,,,,,Y,Y,Y,Y,,FRONT-LEFT-CORNER,,,,,,,,,,,,,,,,,,,,,,,,,,,,,,,,,
2113852,788f733c584c5322970e90eda5d6c139d0779ae58bc8e1d681ba15d5e71acaa9f5755eac2df19e726e6c3c13cef48cc3d06a454c87ba39f55fd3cf7128dc6b86,07/23/2025 01:00:00 AM,1,DRIVER,,2015160,,AUDI,A4,,,UNKNOWN,UNKNOWN/NA,UNKNOWN/NA,E,STRAIGHT AHEAD,,,1,,,,,,,,,,,,,,,,,Y,UNKNOWN,,,,,,,,,,,,,,,,,,,,,,,,,,,,,,,,,
2113853,788f733c584c5322970e90eda5d6c139d0779ae58bc8e1d681ba15d5e71acaa9f5755eac2df19e726e6c3c13cef48cc3d06a454c87ba39f55fd3cf7128dc6b86,07/23/2025 01:00:00 AM,2,DRIVER,,2015162,,CHRYSLER,PACIFICA,IL,2017,UNKNOWN,VAN/MINI-VAN,PERSONAL,S,STRAIGHT AHEAD,,,1,,,,,Y,Y,,,,,,,,,,,,SIDE-RIGHT,,,,,,,,,,,,,,,,,,,,,,,,,,,,,,,,,
2112392,30b0ad537848c0cc0dfef3293e1e2f89b65225dd043d6c578293d73910be7e9f87348355d06fcd9cc1e7c7903ebfe904ceb29830e513b3c2a48efd01f2a5e59d,07/23/2025 12:13:00 AM,1,DRIVER,,2013749,,CHEVROLET,TRAVERSE,IL,2012,UNKNOWN,PASSENGER,PERSONAL,N,STRAIGHT AHEAD,,,1,,,,,Y,,,,,,,,,,Y,Y,,FRONT,,,,,,,,,,,,,,,,,,,,,,,,,,,,,,,,,
2112393,30b0ad537848c0cc0dfef3293e1e2f89b65225dd043d6c578293d73910be7e9f87348355d06fcd9cc1e7c7903ebfe904ceb29830e513b3c2a48efd01f2a5e59d,07/23/2025 12:13:00 AM,2,DRIVER,,2013753,,SUBARU,CROSSTREK,IL,2024,UNKNOWN,PASSENGER,PERSONAL,N,SLOW/STOP IN TRAFFIC,,,1,,,,,,,,,,Y,Y,,,,,,,REAR-LEFT-CORNER,,,,,,,,,,,,,,,,,,,,,,,,,,,,,,,,,
2112396,e2ebec358dab3fd0a519e230cf601756b1115bee648f3065eaae8adb5fc02138ee344ec583c12856b600b18c447838d8b47f599db88eb8527f2a481937e4d0c0,07/23/2025 12:05:00 AM,1,DRIVER,,2013751,,HYUNDAI,ELANTRA,IL,2025,NONE,PASSENGER,PERSONAL,E,CHANGING LANES,,,1,,,,,Y,Y,,,,,,,,,,Y,,FRONT-RIGHT-CORNER,,,,,,,,,,,,,,,,,,,,,,,,,,,,,,,,,
2112397,e2ebec358dab3fd0a519e230cf601756b1115bee648f3065eaae8adb5fc02138ee344ec583c12856b600b18c447838d8b47f599db88eb8527f2a481937e4d0c0,07/23/2025 12:05:00 AM,2,DRIVER,,2013756,,HYUNDAI,ELANTRA,IL,2023,NONE,PASSENGER,PERSONAL,E,STRAIGHT AHEAD,,,1,,,,,,,,,,,,Y,Y,Y,,,,SIDE-LEFT,,,,,,,,,,,,,,,,,,,,,,,,,,,,,,,,,
2112980,71faa702b601f63847713f39640861f050d673dba27974079efd776bd4affff72806df9a0ac89abfdbfe67293a569fadbdfaf51aa0436a62545e4429cf801165,07/23/2025 12:01:00 AM,1,DRIVER,,2014329,,NISSAN,SENTRA,IL,2025,UNKNOWN,PASSENGER,UNKNOWN/NA,W,TURNING RIGHT,,,1,,,,,,,,,Y,,,,,,,,,REAR-RIGHT-CORNER,,,,,,,,,,,,,,,,,,,,,,,,,,,,,,,,,
2112981,71faa702b601f63847713f39640861f050d673dba27974079efd776bd4affff72806df9a0ac89abfdbfe67293a569fadbdfaf51aa0436a62545e4429cf801165,07/23/2025 12:01:00 AM,2,DRIVER,,2014342,,TOYOTA,SIENNA,IL,2016,UNKNOWN,VAN/MINI-VAN,PERSONAL,W,STRAIGHT AHEAD,,,1,,,,,,,,,,,,,,,Y,,,FRONT-LEFT-CORNER,,,,,,,,,,,,,,,,,,,,,,,,,,,,,,,,,
2112402,18850c879e3bda9ac120e2d4d9bcdd362eaf2118571f0f1d0995eb82d9e417cfbb0c8a730ad483c9ac6a4eea181b38d6e8cbb838a7beb47efba64c4d1648ce14,07/22/2025 11:56:00 PM,1,DRIVER,,2013758,,NISSAN,ROGUE,IL,2011,NONE,PASSENGER,PERSONAL,N,STRAIGHT AHEAD,Y,,1,,private tow,unknown,,,,,,,,,,,,,Y,,FRONT,,,,,,,,,,,,,,,,,,,,,,,,,,,,,,,,,
2112403,18850c879e3bda9ac120e2d4d9bcdd362eaf2118571f0f1d0995eb82d9e417cfbb0c8a730ad483c9ac6a4eea181b38d6e8cbb838a7beb47efba64c4d1648ce14,07/22/2025 11:56:00 PM,2,DRIVER,,2013761,,HYUNDAI,SONATA,IL,2024,NONE,PASSENGER,PERSONAL,N,SLOW/STOP IN TRAFFIC,,,1,,,,,,,,,,Y,,,,,,,,REAR,,,,,,,,,,,,,,,,,,,,,,,,,,,,,,,,,
2112390,743ac779d9d0939d308825c41c42b513a73dc34c1d8ed6c7df242754c4e6916574827b5ea8fddfd71897961d2b0d30e94d20eb41e5ab2f01d4578a79739f54c1,07/22/2025 11:54:00 PM,1,DRIVER,,2013742,,TOYOTA,4RUNNER,IL,2019,NONE,SPORT UTILITY VEHICLE (SUV),PERSONAL,E,TURNING LEFT,,,1,,,,,,,Y,Y,,,,,,,,,,SIDE-RIGHT,,,,,,,,,,,,,,,,,,,,,,,,,,,,,,,,,