CRASH_UNIT_ID,CRASH_RECORD_ID,CRASH_DATE,UNIT_NO,UNIT_TYPE,NUM_PASSENGERS,VEHICLE_ID,CMRC_VEH_I,MAKE,MODEL,LIC_PLATE_STATE,VEHICLE_YEAR,VEHICLE_DEFECT,VEHICLE_TYPE,VEHICLE_USE,TRAVEL_DIRECTION,MANEUVER,TOWED_I,FIRE_I,OCCUPANT_CNT,EXCEED_SPEED_LIMIT_I,TOWED_BY,TOWED_TO,AREA_00_I,AREA_01_I,AREA_02_I,AREA_03_I,AREA_04_I,AREA_05_I,AREA_06_I,AREA_07_I,AREA_08_I,AREA_09_I,AREA_10_I,AREA_11_I,AREA_12_I,AREA_99_I,FIRST_CONTACT_POINT,CMV_ID,USDOT_NO,CCMC_NO,ILCC_NO,COMMERCIAL_SRC,GVWR,CARRIER_NAME,CARRIER_STATE,CARRIER_CITY,HAZMAT_PLACARDS_I,HAZMAT_NAME,UN_NO,HAZMAT_PRESENT_I,HAZMAT_REPORT_I,HAZMAT_REPORT_NO,MCS_REPORT_I,MCS_REPORT_NO,HAZMAT_VIO_CAUSE_CRASH_I,MCS_VIO_CAUSE_CRASH_I,IDOT_PERMIT_NO,WIDE_LOAD_I,TRAILER1_WIDTH,TRAILER2_WIDTH,TRAILER1_LENGTH,TRAILER2_LENGTH,TOTAL_VEHICLE_LENGTH,AXLE_CNT,VEHICLE_CONFIG,CARGO_BODY_TYPE,LOAD_TYPE,HAZMAT_OUT_OF_SERVICE_I,MCS_OUT_OF_SERVICE_I,HAZMAT_CLASS
2112391,743ac779d9d0939d308825c41c42b513a73dc34c1d8ed6c7df242754c4e6916574827b5ea8fddfd71897961d2b0d30e94d20eb41e5ab2f01d4578a79739f54c1,07/22/2025 11:54:00 PM,2,DRIVER,,2013750,,AUDI,A4,IL,2017,NONE,PASSENGER,PERSONAL,W,STRAIGHT AHEAD,Y,,1,,PRIVATE TOW,,,Y,Y,,,,,,,,,Y,Y,,FRONT-RIGHT-CORNER,,,,,,,,,,,,,,,,,,,,,,,,,,,,,,,,,
2112400,2fe0cd77b200a591378c755044f43a6a2f07ac6b00dd9a6a17fae223572414c164890c9d96975e8574576e5fb364568a4783dfa51c51abb63fd4be98e7321078,07/22/2025 11:44:00 PM,1,DRIVER,,2013757,,NISSAN,ROGUE,IL,2019,NONE,SPORT UTILITY VEHICLE (SUV),PERSONAL,W,MERGING,Y,,1,,streets and sanitation,impound,,Y,Y,Y,,,,,,,Y,Y,Y,,FRONT-RIGHT-CORNER,,,,,,,,,,,,,,,,,,,,,,,,,,,,,,,,,
2112388,afa64c70a8785a5002171c6385be3dedf503584b830fc11694b6768bc90f7016cfc674e959c988997c13a62c274da0711b942e53a12f54b2d8913767d143740b,07/22/2025 11:30:00 PM,1,DRIVER,,2013740,,CHEVROLET,COLORADO,IN,,UNKNOWN,PICKUP,UNKNOWN/NA,W,OTHER,,,1,,,,,,,,,,,,,Y,,,,,OTHER,,,,,,,,,,,,,,,,,,,,,,,,,,,,,,,,,
2112389,afa64c70a8785a5002171c6385be3dedf503584b830fc11694b6768bc90f7016cfc674e959c988997c13a62c274da0711b942e53a12f54b2d8913767d143740b,07/22/2025 11:30:00 PM,2,DRIVER,,2013744,,TOYOTA,CAMRY,,,UNKNOWN,PASSENGER,PERSONAL,W,STRAIGHT AHEAD,,,1,,,,,,,Y,Y,,,,,,,,,,SIDE-RIGHT,,,,,,,,,,,,,,,,,,,,,,,,,,,,,,,,,
2112379,3c4326de7aaa7e2a8cfe6f1cbc4b01de1a75d0f60038fe637e91dc60e7ee7664586665a688994798bdf3da64a133e03676dda3f0ad0bdaabb06411a0240a3090,07/22/2025 11:26:00 PM,1,DRIVER,,2013747,N,NOVA BUS,LFX,IL,2014,NONE,BUS OVER 15 PASS.,CTA,S,AVOIDING VEHICLES/OBJECTS,,,1,,,,,,,,,,,,,Y,,,,,SIDE-LEFT,,,,,,,,,,,,,,,,,,,,,,,,,,,,,,,,,
2112380,3c4326de7aaa7e2a8cfe6f1cbc4b01de1a75d0f60038fe637e91dc60e7ee7664586665a688994798bdf3da64a133e03676dda3f0ad0bdaabb06411a0240a3090,07/22/2025 11:26:00 PM,2,DRIVER,1,2013754,,CHEVROLET,IMPALA,IL,2014,NONE,PASSENGER,PERSONAL,S,SLOW/STOP IN TRAFFIC,,,2,,,,,Y,Y,,,,,,,,,,,,FRONT-RIGHT-CORNER,,,,,,,,,,,,,,,,,,,,,,,,,,,,,,,,,
2113767,8fb43db999f24eafe7646ca684cff5ae86c9af9092e8496a32d8dc7fb0b0c45b911874a62df22be959bf120669efc6b9b150d6be01009c0d106e8b62a8160b06,07/22/2025 11:18:00 PM,1,DRIVER,,2015081,,UNKNOWN,OTHER (EXPLAIN IN NARRATIVE),IL,,NONE,PASSENGER,PERSONAL,UNKNOWN,STRAIGHT AHEAD,,,1,,,,,Y,Y,,,,,,,,,,,,FRONT-RIGHT-CORNER,,,,,,,,,,,,,,,,,,,,,,,,,,,,,,,,,
2113768,8fb43db999f24eafe7646ca684cff5ae86c9af9092e8496a32d8dc7fb0b0c45b911874a62df22be959bf120669efc6b9b150d6be01009c0d106e8b62a8160b06,07/22/2025 11:18:00 PM,2,DRIVER,,2015083,,LINCOLN,MKZ,IL,2015,UNKNOWN,PASSENGER,PERSONAL,NW,STRAIGHT AHEAD,,,1,,,,,,,,,,,,,Y,Y,Y,,,FRONT-LEFT-CORNER,,,,,,,,,,,,,,,,,,,,,,,,,,,,,,,,,
2116840,5e209d4ef2448c7a06cd3461d29145db08be7bbab7adfe4a38fbc27df9fe15aaeb2cc15de1986a323bb5e845e7cee9c7512c5eecbaf409829345f1ab1085212f,07/22/2025 11:00:00 PM,1,DRIVER,,2017992,,UNKNOWN,OTHER (EXPLAIN IN NARRATIVE),IL,,NONE,PASSENGER,PERSONAL,UNKNOWN,UNKNOWN/NA,,,1,,,,,,,,,,,,,,,,,,UNKNOWN,,,,,,,,,,,,,,,,,,,,,,,,,,,,,,,,,
2116841,5e209d4ef2448c7a06cd3461d29145db08be7bbab7adfe4a38fbc27df9fe15aaeb2cc15de1986a323bb5e845e7cee9c7512c5eecbaf409829345f1ab1085212f,07/22/2025 11:00:00 PM,2,PARKED,,2017988,,KIA,SOUL,IL,2012,NONE,PASSENGER,PERSONAL,N,PARKED,,,0,,,,,,,,,,,,,,Y,Y,,,SIDE-RIGHT-FRONT,,,,,,,,,,,,,,,,,,,,,,,,,,,,,,,,,
2112385,95f8f633de3f502d18b2661648e26b978659b534a0e307c2216c064c1fae89ead7f808691e8945ace06edd13809a9afd85b7db836ebda5c89be0fdbb0d637757,07/22/2025 11:00:00 PM,1,DRIVER,,2013741,,HYUNDAI,SANTA FE,IL,2007,UNKNOWN,SPORT UTILITY VEHICLE (SUV),PERSONAL,W,STRAIGHT AHEAD,,,1,,,,,Y,,,,,,,,,,Y,Y,,FRONT,,,,,,,,,,,,,,,,,,,,,,,,,,,,,,,,,
2112386,95f8f633de3f502d18b2661648e26b978659b534a0e307c2216c064c1fae89ead7f808691e8945ace06edd13809a9afd85b7db836ebda5c89be0fdbb0d637757,07/22/2025 11:00:00 PM,2,PARKED,1,2013745,,CHEVROLET,IMPALA,IL,2005,UNKNOWN,PASSENGER,PERSONAL,W,PARKED,Y,,1,,PRIVATE COMPANY,,,,,,,Y,Y,Y,,,,,,,REAR,,,,,,,,,,,,,,,,,,,,,,,,,,,,,,,,,
2112387,95f8f633de3f502d18b2661648e26b978659b534a0e307c2216c064c1fae89ead7f808691e8945ace06edd13809a9afd85b7db836ebda5c89be0fdbb0d637757,07/22/2025 11:00:00 PM,3,PARKED,,2013748,,HONDA,CIVIC,IL,2005,UNKNOWN,PASSENGER,PERSONAL,W,PARKED,,,0,,,,,,,,,Y,Y,Y,,,,N,N,,REAR,,,,,,,,,,,,,,,,,,,,,,,,,,,,,,,,,
2112412,f61a7f453e78bb03c753c15b72652c3c12d8178c8eeac507d052e5a6f2d4aa36183349fd2b43a7f500f59afa3581a8a08792fe0d9decb5a40df3158454645a4b,07/22/2025 11:00:00 PM,1,DRIVER,,2013770,,KIA,OPTIMA / K5,,2023,NONE,PASSENGER,UNKNOWN/NA,N,STRAIGHT AHEAD,Y,,1,,STREETS AND SANITATION,CENTRAL POUND,,Y,Y,,,,,,Y,Y,Y,Y,,,FRONT-RIGHT-CORNER,,,,,,,,,,,,,,,,,,,,,,,,,,,,,,,,,
2112413,f61a7f453e78bb03c753c15b72652c3c12d8178c8eeac507d052e5a6f2d4aa36183349fd2b43a7f500f59afa3581a8a08792fe0d9decb5a40df3158454645a4b,07/22/2025 11:00:00 PM,2,DRIVER,7,2013771,,NISSAN,PATHFINDER,IL,2013,NONE,SPORT UTILITY VEHICLE (SUV),PERSONAL,N,STRAIGHT AHEAD,,,8,,,,,,,,,,,Y,Y,,,,,,REAR-LEFT-CORNER,,,,,,,,,,,,,,,,,,,,,,,,,,,,,,,,,
2112414,f61a7f453e78bb03c753c15b72652c3c12d8178c8eeac507d052e5a6f2d4aa36183349fd2b43a7f500f59afa3581a8a08792fe0d9decb5a40df3158454645a4b,07/22/2025 11:00:00 PM,3,DRIVER,1,2013774,,MINI,COUNTRYMAN,IL,2022,NONE,PASSENGER,PERSONAL,N,STRAIGHT AHEAD,Y,,2,,PRIVATE TOW,UNKNOWN,,Y,Y,Y,,,,Y,Y,Y,Y,Y,Y,,SIDE-RIGHT,,,,,,,,,,,,,,,,,,,,,,,,,,,,,,,,,
2112415,f61a7f453e78bb03c753c15b72652c3c12d8178c8eeac507d052e5a6f2d4aa36183349fd2b43a7f500f59afa3581a8a08792fe0d9decb5a40df3158454645a4b,07/22/2025 11:00:00 PM,4,DRIVER,,2013777,,BUICK,ENCLAVE,IL,2020,NONE,SPORT UTILITY VEHICLE (SUV),UNKNOWN/NA,N,STRAIGHT AHEAD,Y,,1,,STREETS AND SANITATION,CENTRAL POUND,,Y,Y,,,,,Y,Y,Y,Y,Y,Y,,FRONT,,,,,,,,,,,,,,,,,,,,,,,,,,,,,,,,,
2112522,7e962d249d3f51b01a5a70181ef63442494680d68fb2bcc7a90e5ede1ea023c183840b61a5a628a74dcd7a09896f067fed16a7a4f8bba68036f563afa012a9db,07/22/2025 10:55:00 PM,1,DRIVER,,2013987,,FORD,MAVERICK TRUCK,IL,2023,UNKNOWN,OTHER,PERSONAL,N,BACKING,,,1,,,,,,,,,,Y,Y,,,,,,,REAR-LEFT-CORNER,,,,,,,,,,,,,,,,,,,,,,,,,,,,,,,,,
2112399,31516895ad2c412876a606eba090577e68b038e566260377121ab898641c97501a8c02dbbe6b379ba78264052a37d964c5c2ef2867f418a07d4c9b59d9e56bf6,07/22/2025 10:40:00 PM,1,DRIVER,,2013752,,CHEVROLET,MALIBU,IL,2013,NONE,PASSENGER,PERSONAL,W,STRAIGHT AHEAD,Y,,1,,STREETS AND SANITATION,10300 S DOTY,,,,,,,,,,,Y,Y,Y,,FRONT-LEFT-CORNER,,,,,,,,,,,,,,,,,,,,,,,,,,,,,,,,,
2112394,992cdfecacacb31aa600aacb3e6acbf48dd3e2590275c433172624f52e2e78bfa045629a14c61ff4535ace8b77f455d550f4c8b1d0e52e79b40128f85cd577d9,07/22/2025 10:40:00 PM,1,DRIVER,,2013755,,JEEP,PATRIOT,IL,2014,NONE,PASSENGER,PERSONAL,N,TURNING RIGHT,,,1,,,,,Y,Y,,,,,,,,,,,,FRONT-RIGHT-CORNER,,,,,,,,,,,,,,,,,,,,,,,,,,,,,,,,,
2112395,992cdfecacacb31aa600aacb3e6acbf48dd3e2590275c433172624f52e2e78bfa045629a14c61ff4535ace8b77f455d550f4c8b1d0e52e79b40128f85cd577d9,07/22/2025 10:40:00 PM,2,DRIVER,2,2013746,,HONDA,CIVIC,IL,2017,NONE,PASSENGER,PERSONAL,N,TURNING RIGHT,,,3,,,,,,,,,,,Y,Y,,,,,,REAR-LEFT-CORNER,,,,,,,,,,,,,,,,,,,,,,,,,,,,,,,,,
2112369,20fe64f4ab5da52ed74bab2dab0c31ce9f752ba041eb353e7d2fafc20736b09f71d13d751a365bdc58c803ff7fc7954eeaf03834c3883ba89d15533a1b9db517,07/22/2025 10:33:00 PM,1,DRIVER,,2013732,,FORD,BRONCO / BRONCO II,MO,2023,UNKNOWN,SPORT UTILITY VEHICLE (SUV),PERSONAL,W,TURNING LEFT,,,1,,,,,Y,,,,,,,,,,,,,FRONT-RIGHT-CORNER,,,,,,,,,,,,,,,,,,,,,,,,,,,,,,,,,
2112370,20fe64f4ab5da52ed74bab2dab0c31ce9f752ba041eb353e7d2fafc20736b09f71d13d751a365bdc58c803ff7fc7954eeaf03834c3883ba89d15533a1b9db517,07/22/2025 10:33:00 PM,2,DRIVER,,2013733,,KAWASAKI,MOTORCYCLE,IL,,UNKNOWN,MOTORCYCLE (OVER 150CC),PERSONAL,E,STRAIGHT AHEAD,,,1,,,,,Y,,Y,,,,,,,,,,,FRONT,,,,,,,,,,,,,,,,,,,,,,,,,,,,,,,,,
2112372,e82d26d8a3a48cc057454753051337b6278f8b6935781756b7a1e2c1fcbd6f939dd36792b29c46ffbede81aef40b54a64fa7b584836e53f623a7dce62119addd,07/22/2025 10:33:00 PM,1,DRIVERLESS,,2013734,,VOLKSWAGEN,JETTA,IL,2025,NONE,PASSENGER,PERSONAL,S,DRIVERLESS,,,0,,,,,,,,,,,,,,Y,,,,SIDE-LEFT,,,,,,,,,,,,,,,,,,,,,,,,,,,,,,,,,
2112373,e82d26d8a3a48cc057454753051337b6278f8b6935781756b7a1e2c1fcbd6f939dd36792b29c46ffbede81aef40b54a64fa7b584836e53f623a7dce62119addd,07/22/2025 10:33:00 PM,2,BICYCLE,,,,,,,,,,,,,,,,,,,,,,,,,,,,,,,,,,,,,,,,,,,,,,,,,,,,,,,,,,,,,,,,,,
2112374,e82d26d8a3a48cc057454753051337b6278f8b6935781756b7a1e2c1fcbd6f939dd36792b29c46ffbede81aef40b54a64fa7b584836e53f623a7dce62119addd,07/22/2025 10:33:00 PM,3,DRIVER,,2013736,,LINCOLN,NAUTILUS,IL,2022,NONE,PASSENGER,PERSONAL,S,SLOW/STOP IN TRAFFIC,,,1,,,,,N,Y,,,,,,,,,,,,SIDE-RIGHT,,,,,,,,,,,,,,,,,,,,,,,,,,,,,,,,,
2112514,5d89d1aba30a26d4c2b887f248e388c3933954bd95486cbcf1dd6f1a4320f2140537eaac9f30614680906d7f95c2c6f5d0614cb16db68b836a19c9c5c27d1fcf,07/22/2025 10:30:00 PM,1,DRIVER,,2013878,,FORD,EXPLORER,IL,2012,UNKNOWN,SPORT UTILITY VEHICLE (SUV),PERSONAL,E,STRAIGHT AHEAD,,,1,,,,,Y,,,,,,,,,,Y,Y,,FRONT,,,,,,,,,,,,,,,,,,,,,,,,,,,,,,,,,
2112515,5d89d1aba30a26d4c2b887f248e388c3933954bd95486cbcf1dd6f1a4320f2140537eaac9f30614680906d7f95c2c6f5d0614cb16db68b836a19c9c5c27d1fcf,07/22/2025 10:30:00 PM,2,DRIVER,,2013874,,MERCEDES-BENZ,GLB,IL,2020,UNKNOWN,SPORT UTILITY VEHICLE (SUV),PERSONAL,N,STRAIGHT AHEAD,,,1,,,,,,,,,,,,Y,Y,Y,,,,SIDE-LEFT,,,,,,,,,,,,,,,,,,,,,,,,,,,,,,,,,
2112371,7fa1938314bd20e725331b2eb887eccc3fb6f5f5282cde66e7236af6ed224dee90d12931c5f50194fccb0cb70684128a00e81fdbd5fdb81e635ae927fb28f26f,07/22/2025 10:30:00 PM,1,DRIVER,1,2013735,,FORD,VAN,IL,2019,UNKNOWN,VAN/MINI-VAN,POLICE,N,STRAIGHT AHEAD,,,2,,,,,,,,,,Y,,,,,,,,TOP,,,,,,,,,,,,,,,,,,,,,,,,,,,,,,,,,
2112408,9308e3b026ecdb5ba35efb0304da9b8fa766afc4b8101d392b95e3762c0476bb2e38c7519c4aa7da6d46e8a6365f844dcae7879803eca6e416d071249faf34ff,07/22/2025 10:28:00 PM,1,DRIVER,,2013766,,TOYOTA,RAV4,IL,2024,UNKNOWN,PASSENGER,PERSONAL,W,UNKNOWN/NA,Y,,1,,city of chicago,701 n sacramento ave,,,Y,Y,,,,,,,Y,Y,,,UNKNOWN,,,,,,,,,,,,,,,,,,,,,,,,,,,,,,,,,
2112409,9308e3b026ecdb5ba35efb0304da9b8fa766afc4b8101d392b95e3762c0476bb2e38c7519c4aa7da6d46e8a6365f844dcae7879803eca6e416d071249faf34ff,07/22/2025 10:28:00 PM,2,PARKED,,2013767,,BMW,X5,IL,2023,NONE,PASSENGER,PERSONAL,W,PARKED,,,0,,,,,,,,,,,,,,,Y,,,SIDE-LEFT-FRONT,,,,,,,,,,,,,,,,,,,,,,,,,,,,,,,,,
2112377,739bea364dbc8fd13431fbb89fcbbe10ffea112b6d7b00f08422d536313905acf81ff12ddff77a720dc861384f40aeffdb96e9002186e8dce2947e9a51257f9a,07/22/2025 10:25:00 PM,1,DRIVER,,2013764,,ROYAL ENFIELD,ROYAL ENFIELD,IL,2023,UNKNOWN,MOTORCYCLE (OVER 150CC),PERSONAL,W,PASSING/OVERTAKING,,,1,,,,,,,,,,,,,,,,,Y,FRONT,,,,,,,,,,,,,,,,,,,,,,,,,,,,,,,,,
2112378,739bea364dbc8fd13431fbb89fcbbe10ffea112b6d7b00f08422d536313905acf81ff12ddff77a720dc861384f40aeffdb96e9002186e8dce2947e9a51257f9a,07/22/2025 10:25:00 PM,2,DRIVER,,2013765,,HONDA,ACCORD,IL,2016,UNKNOWN,PASSENGER,PERSONAL,W,SLOW/STOP IN TRAFFIC,,,1,,,,,,,,,,,,,Y,Y,Y,,,FRONT-LEFT-CORNER,,,,,,,,,,,,,,,,,,,,,,,,,,,,,,,,,
2112410,eadb020209e206140890ba1a779e03f4ac7ab7427bfe58cbffa53a384f966b76af6ab91b9ec7ebddfc2c770f3c1c5217ded59bc2f33991db45a000f80fc565d5,07/22/2025 10:20:00 PM,1,DRIVER,,2013768,,UNKNOWN,ENGINE,,,UNKNOWN,UNKNOWN/NA,UNKNOWN/NA,N,STRAIGHT AHEAD,,,1,,,,,,,,,,,,,,,,,Y,UNKNOWN,,,,,,,,,,,,,,,,,,,,,,,,,,,,,,,,,
2112411,eadb020209e206140890ba1a779e03f4ac7ab7427bfe58cbffa53a384f966b76af6ab91b9ec7ebddfc2c770f3c1c5217ded59bc2f33991db45a000f80fc565d5,07/22/2025 10:20:00 PM,2,PARKED,,2013769,,LINCOLN,CORSAIR,IL,2022,NONE,SPORT UTILITY VEHICLE (SUV),NOT IN USE,N,PARKED,,,0,,,,,,,,,,,,,Y,Y,,,,SIDE-LEFT,,,,,,,,,,,,,,,,,,,,,,,,,,,,,,,,,
2112375,23ec960029bb7ed0b9f99e0f5996a8324ca3f4da19923f73051348590b02fa396a11f5426fe47e80d2f948dbc2b830e0e6d1682f3c1a54484958adef59e79731,07/22/2025 10:17:00 PM,1,PEDESTRIAN,,,,,,,,,,,,,,,,,,,,,,,,,,,,,,,,,,,,,,,,,,,,,,,,,,,,,,,,,,,,,,,,,,
2112376,23ec960029bb7ed0b9f99e0f5996a8324ca3f4da19923f73051348590b02fa396a11f5426fe47e80d2f948dbc2b830e0e6d1682f3c1a54484958adef59e79731,07/22/2025 10:17:00 PM,2,DRIVER,,2013737,Y,NOVA BUS,OTHER (EXPLAIN IN NARRATIVE),IL,2015,NONE,BUS OVER 15 PASS.,CTA,W,STRAIGHT AHEAD,Y,,1,,CTA,CTA,,Y,,,,,,,,,,,,,FRONT-RIGHT-CORNER,"21,872",,,,,,CTA,IL,CHICAGO,,,,N,N,,N,,N,N,,,,,,,,,BUS,BUS,OTHER,N,N,
2112353,1f526632b8c2dfec1252c66e9cb3225b4487f8a70634b91d8cc828abb2cbb1f90bedb5db3d14c33b98ed79feff672a6ee64d9d9b09ca62a0950511e2091be33b,07/22/2025 09:50:00 PM,1,DRIVER,,2013719,,UNKNOWN,OTHER (EXPLAIN IN NARRATIVE),,,UNKNOWN,UNKNOWN/NA,UNKNOWN/NA,N,PASSING/OVERTAKING,,,1,,,,,,,,,,,,,,,,,Y,UNKNOWN,,,,,,,,,,,,,,,,,,,,,,,,,,,,,,,,,
2112354,1f526632b8c2dfec1252c66e9cb3225b4487f8a70634b91d8cc828abb2cbb1f90bedb5db3d14c33b98ed79feff672a6ee64d9d9b09ca62a0950511e2091be33b,07/22/2025 09:50:00 PM,2,BICYCLE,,,,,,,,,,,,,,,,,,,,,,,,,,,,,,,,,,,,,,,,,,,,,,,,,,,,,,,,,,,,,,,,,,
2112355,50148bace6ed3c5f8023af8154e8b1dc7157f57ae311a8d9a28fff12bf407453bd63b6852373d66ccfcfb9bb4f6d8c0ca37a64d3fa23beb5f17a99f870cfd352,07/22/2025 09:40:00 PM,2,DRIVER,,2013726,,HYUNDAI,ACCENT,IL,2009,NONE,PASSENGER,PERSONAL,W,STRAIGHT AHEAD,,,1,,,,,N,N,N,Y,Y,,,,,,,,N,SIDE-RIGHT-REAR,,,,,,,,,,,,,,,,,,,,,,,,,,,,,,,,,
2112356,50148bace6ed3c5f8023af8154e8b1dc7157f57ae311a8d9a28fff12bf407453bd63b6852373d66ccfcfb9bb4f6d8c0ca37a64d3fa23beb5f17a99f870cfd352,07/22/2025 09:40:00 PM,1,DRIVER,,2013722,,JEEP,GRAND CHEROKEE,IL,2014,NONE,PASSENGER,PERSONAL,S,STRAIGHT AHEAD,,,1,,,,,,,,,,,,,,,,Y,,FRONT,,,,,,,,,,,,,,,,,,,,,,,,,,,,,,,,,
2112359,9ef1e2981d65390f38596b5c4e9cb8cc33540dcc3a07ec4693dc25b68133eda2caaaef8913afe0607720ccb149d54ebcbe0b4b38560362adef882354384eb790,07/22/2025 09:40:00 PM,1,,,,,,,,,,,,,,,,,,,,,,,,,,,,,,,,,,,,,,,,,,,,,,,,,,,,,,,,,,,,,,,,,,,
2112360,9ef1e2981d65390f38596b5c4e9cb8cc33540dcc3a07ec4693dc25b68133eda2caaaef8913afe0607720ccb149d54ebcbe0b4b38560362adef882354384eb790,07/22/2025 09:40:00 PM,1,DRIVER,,2014507,,UNKNOWN,OTHER (EXPLAIN IN NARRATIVE),,,UNKNOWN,PASSENGER,UNKNOWN/NA,S,STRAIGHT AHEAD,,,1,,,,,Y,Y,,,,,,,,,,,,FRONT-RIGHT-CORNER,,,,,,,,,,,,,,,,,,,,,,,,,,,,,,,,,
2112363,9ef1e2981d65390f38596b5c4e9cb8cc33540dcc3a07ec4693dc25b68133eda2caaaef8913afe0607720ccb149d54ebcbe0b4b38560362adef882354384eb790,07/22/2025 09:40:00 PM,2,DRIVER,,2013728,,HONDA,ODYSSEY,IL,2012,UNKNOWN,VAN/MINI-VAN,PERSONAL,S,STRAIGHT AHEAD,,,1,,,,,,,,,,,,Y,,,,,,SIDE-LEFT-REAR,,,,,,,,,,,,,,,,,,,,,,,,,,,,,,,,,
2113468,a954996fff3a712c7d22308981230dc454457789326f3862dd4080d49b9f976eed2e6f2cf994ca52efbde30db7b77aad97405a1cb4e73a278a56a9973690a6c5,07/22/2025 09:35:00 PM,1,DRIVER,,2014797,,HONDA,ACCORD,IL,2019,UNKNOWN,PASSENGER,UNKNOWN/NA,N,STRAIGHT AHEAD,,,1,,,,,,,,,,,,,,,,,Y,FRONT-LEFT-CORNER,,,,,,,,,,,,,,,,,,,,,,,,,,,,,,,,,
2113469,a954996fff3a712c7d22308981230dc454457789326f3862dd4080d49b9f976eed2e6f2cf994ca52efbde30db7b77aad97405a1cb4e73a278a56a9973690a6c5,07/22/2025 09:35:00 PM,2,DRIVER,,2014790,,FORD,EXPLORER,IL,2016,UNKNOWN,SPORT UTILITY VEHICLE (SUV),PERSONAL,N,STRAIGHT AHEAD,,,1,,,,,Y,Y,,,,,,,,,,Y,,SIDE-RIGHT-FRONT,,,,,,,,,,,,,,,,,,,,,,,,,,,,,,,,,
2113814,2462f5ddb5dfe814b0caee9db0b7c090d4d386952d67fc62a3c9c3407e1bc1df93540a6c742d79813489ad5fcf3de0092abbcc4384ef80ee7003af69987d6285,07/22/2025 09:30:00 PM,1,DRIVER,,2015129,,JEEP,COMPASS,IL,2023,UNKNOWN,SPORT UTILITY VEHICLE (SUV),UNKNOWN/NA,W,TURNING RIGHT,,,1,,,,,,,,,,,,,,,Y,Y,,FRONT-LEFT-CORNER,,,,,,,,,,,,,,,,,,,,,,,,,,,,,,,,,
2113815,2462f5ddb5dfe814b0caee9db0b7c090d4d386952d67fc62a3c9c3407e1bc1df93540a6c742d79813489ad5fcf3de0092abbcc4384ef80ee7003af69987d6285,07/22/2025 09:30:00 PM,2,DRIVER,,2015126,,BMW,328I,IL,2013,NONE,PASSENGER,PERSONAL,W,TURNING RIGHT,,,1,,,,,Y,Y,Y,Y,Y,,,,,,N,,,FRONT-RIGHT-CORNER,,,,,,,,,,,,,,,,,,,,,,,,,,,,,,,,,
2112361,818d281badf9947118a5256e3736f25cfee7c8a0fecdcecc6c5588cbc9dc1ffa2d95475ab7137477a0d819655f70f7eb9cd6d2f55255847c0c3f046bbc31603a,07/22/2025 09:30:00 PM,1,DRIVER,,2013727,,TOYOTA,COROLLA,IL,2006,NONE,PASSENGER,PERSONAL,W,STRAIGHT AHEAD,,,1,,,,,Y,Y,,,,,,,,,,Y,,SIDE-RIGHT,,,,,,,,,,,,,,,,,,,,,,,,,,,,,,,,,
2112362,818d281badf9947118a5256e3736f25cfee7c8a0fecdcecc6c5588cbc9dc1ffa2d95475ab7137477a0d819655f70f7eb9cd6d2f55255847c0c3f046bbc31603a,07/22/2025 09:30:00 PM,2,PEDESTRIAN,,,,,,,,,,,,,,,,,,,,,,,,,,,,,,,,,,,,,,,,,,,,,,,,,,,,,,,,,,,,,,,,,,
2112364,4fae3f8a6bd1cbd5fb359d71b30632380fb8602d5cf4e0269f655452b812791545108fe0adb55736af57202f9dade10dffa0cffdcec70f5f8d6ac3a4fc26c704,07/22/2025 09:25:00 PM,1,BICYCLE,,,,,,,,,,,,,,,,,,,,,,,,,,,,,,,,,,,,,,,,,,,,,,,,,,,,,,,,,,,,,,,,,,
2112365,4fae3f8a6bd1cbd5fb359d71b30632380fb8602d5cf4e0269f655452b812791545108fe0adb55736af57202f9dade10dffa0cffdcec70f5f8d6ac3a4fc26c704,07/22/2025 09:25:00 PM,2,DRIVER,4,2013730,,BMW,X3,IL,2017,NONE,SPORT UTILITY VEHICLE (SUV),PERSONAL,E,STRAIGHT AHEAD,,,5,,,,,,,,,,,,,,,,Y,,FRONT,,,,,,,,,,,,,,,,,,,,,,,,,,,,,,,,,
2112345,533c391c9897279399ed8e55cc8a357d98a2ed39843753fcd312ad402356df7b328c3c28a42bb0c1074b8000fe829328a2914ab82ac14f8323ec521f9ba62d16,07/22/2025 09:22:00 PM,1,DRIVER,,2013715,,NISSAN,ROGUE,IL,2023,UNKNOWN,PASSENGER,PERSONAL,E,STRAIGHT AHEAD,,,1,,,,,,Y,Y,,,,,,,,,,,SIDE-RIGHT,,,,,,,,,,,,,,,,,,,,,,,,,,,,,,,,,
2112346,533c391c9897279399ed8e55cc8a357d98a2ed39843753fcd312ad402356df7b328c3c28a42bb0c1074b8000fe829328a2914ab82ac14f8323ec521f9ba62d16,07/22/2025 09:22:00 PM,2,DRIVER,1,2013718,,CHEVROLET,TRAVERSE,IL,2017,UNKNOWN,PASSENGER,PERSONAL,N,STRAIGHT AHEAD,,,2,,,,,,,,,,,,,,,,Y,,FRONT,,,,,,,,,,,,,,,,,,,,,,,,,,,,,,,,,