CRASH_UNIT_ID,CRASH_RECORD_ID,CRASH_DATE,UNIT_NO,UNIT_TYPE,NUM_PASSENGERS,VEHICLE_ID,CMRC_VEH_I,MAKE,MODEL,LIC_PLATE_STATE,VEHICLE_YEAR,VEHICLE_DEFECT,VEHICLE_TYPE,VEHICLE_USE,TRAVEL_DIRECTION,MANEUVER,TOWED_I,FIRE_I,OCCUPANT_CNT,EXCEED_SPEED_LIMIT_I,TOWED_BY,TOWED_TO,AREA_00_I,AREA_01_I,AREA_02_I,AREA_03_I,AREA_04_I,AREA_05_I,AREA_06_I,AREA_07_I,AREA_08_I,AREA_09_I,AREA_10_I,AREA_11_I,AREA_12_I,AREA_99_I,FIRST_CONTACT_POINT,CMV_ID,USDOT_NO,CCMC_NO,ILCC_NO,COMMERCIAL_SRC,GVWR,CARRIER_NAME,CARRIER_STATE,CARRIER_CITY,HAZMAT_PLACARDS_I,HAZMAT_NAME,UN_NO,HAZMAT_PRESENT_I,HAZMAT_REPORT_I,HAZMAT_REPORT_NO,MCS_REPORT_I,MCS_REPORT_NO,HAZMAT_VIO_CAUSE_CRASH_I,MCS_VIO_CAUSE_CRASH_I,IDOT_PERMIT_NO,WIDE_LOAD_I,TRAILER1_WIDTH,TRAILER2_WIDTH,TRAILER1_LENGTH,TRAILER2_LENGTH,TOTAL_VEHICLE_LENGTH,AXLE_CNT,VEHICLE_CONFIG,CARGO_BODY_TYPE,LOAD_TYPE,HAZMAT_OUT_OF_SERVICE_I,MCS_OUT_OF_SERVICE_I,HAZMAT_CLASS
2112339,e5cb8ce0de85ef422a7f048737a80eebc2170588dac376f224f6695740ff5487d67e4691da47ed29ec3e872475a7484e715172fb465dc461a7b4fc7deb0804a1,07/22/2025 09:07:00 PM,1,DRIVER,1,2013706,,FORD,F150,IL,2017,UNKNOWN,PICKUP,PERSONAL,W,BACKING,,,2,,,,,,,,,Y,Y,Y,,,,,,,REAR,,,,,,,,,,,,,,,,,,,,,,,,,,,,,,,,,
2112340,e5cb8ce0de85ef422a7f048737a80eebc2170588dac376f224f6695740ff5487d67e4691da47ed29ec3e872475a7484e715172fb465dc461a7b4fc7deb0804a1,07/22/2025 09:07:00 PM,2,PARKED,,2013711,,VOLKSWAGEN,PASSAT,IL,2021,UNKNOWN,PASSENGER,PERSONAL,E,PARKED,,,0,,,,,Y,,,,,,,,,,Y,Y,,FRONT,,,,,,,,,,,,,,,,,,,,,,,,,,,,,,,,,
2112349,4267fb870ffcf6938be60f218e0bd0929dc58bf0ca6d6eb223cbcb532af9f04a2328b289e9d61b14edd1bc22bdb4ba9a99b473d633e1a5d81e7c5934888d55b8,07/22/2025 09:02:00 PM,1,DRIVER,,2013720,,NISSAN,OTHER (EXPLAIN IN NARRATIVE),IL,2017,UNKNOWN,PASSENGER,UNKNOWN/NA,N,TURNING LEFT,,,1,,,,,,,,,,,,,,,,,Y,FRONT,,,,,,,,,,,,,,,,,,,,,,,,,,,,,,,,,
2112350,4267fb870ffcf6938be60f218e0bd0929dc58bf0ca6d6eb223cbcb532af9f04a2328b289e9d61b14edd1bc22bdb4ba9a99b473d633e1a5d81e7c5934888d55b8,07/22/2025 09:02:00 PM,2,DRIVER,,2013721,,CHEVROLET,OTHER (EXPLAIN IN NARRATIVE),IL,2003,UNKNOWN,PASSENGER,PERSONAL,W,STRAIGHT AHEAD,,,1,,,,,Y,,,,,,,,,,Y,,,FRONT,,,,,,,,,,,,,,,,,,,,,,,,,,,,,,,,,
2112459,8f76432f4bba0a990739f254e94ea697002eb92f2110768e3abe582fec559a636a610c58c8e056f1b13bfe72798c857a71c0d20f1de94105258b2ae7596224b5,07/22/2025 09:00:00 PM,1,DRIVER,,2013834,,TOYOTA,CAMRY,IL,2016,NONE,PASSENGER,PERSONAL,S,STRAIGHT AHEAD,,,1,,,,,,,,,,,,,,,Y,Y,,FRONT,,,,,,,,,,,,,,,,,,,,,,,,,,,,,,,,,
2112460,8f76432f4bba0a990739f254e94ea697002eb92f2110768e3abe582fec559a636a610c58c8e056f1b13bfe72798c857a71c0d20f1de94105258b2ae7596224b5,07/22/2025 09:00:00 PM,2,DRIVER,,2013858,,NISSAN,ALTIMA,IL,2021,NONE,PASSENGER,PERSONAL,S,STRAIGHT AHEAD,,,1,,,,,,,,,Y,Y,Y,,,,,,,REAR,,,,,,,,,,,,,,,,,,,,,,,,,,,,,,,,,
2112406,e4e5e8b64b204c80ef7b4700754f30b7ed9c153b8786e1c9e5d2f525685f157419f5772cb38455ca117aa3b7ad81d5206558de763e14fd8a0d270dca99ee4b16,07/22/2025 09:00:00 PM,1,DRIVER,,2013763,,NISSAN,OTHER (EXPLAIN IN NARRATIVE),IL,,NONE,PASSENGER,PERSONAL,E,STRAIGHT AHEAD,,,1,,,,,,,,Y,Y,,,,,,,,,SIDE-RIGHT-REAR,,,,,,,,,,,,,,,,,,,,,,,,,,,,,,,,,
2112407,e4e5e8b64b204c80ef7b4700754f30b7ed9c153b8786e1c9e5d2f525685f157419f5772cb38455ca117aa3b7ad81d5206558de763e14fd8a0d270dca99ee4b16,07/22/2025 09:00:00 PM,2,DRIVER,,2013762,,TOYOTA,CAMRY,IL,2016,NONE,PASSENGER,PERSONAL,E,STRAIGHT AHEAD,,,1,,,,,,,,,,,,,,Y,Y,,,FRONT,,,,,,,,,,,,,,,,,,,,,,,,,,,,,,,,,
2112332,49438d4b0f35cb649b758ff8ddd5bbd8c74116fa7d4cb69e1edbc0b6cb3bca90da1a5c730435951e2773480acdbc26a448db62d09df10add63bddcc64c0873d4,07/22/2025 08:56:00 PM,1,DRIVER,,2013703,,GENERAL MOTORS CORPORATION (GMC),TERRAIN,IL,2021,UNKNOWN,PASSENGER,PERSONAL,N,TURNING RIGHT,,,1,,,,,,,,,,,,,,,Y,,,FRONT-LEFT-CORNER,,,,,,,,,,,,,,,,,,,,,,,,,,,,,,,,,
2112333,49438d4b0f35cb649b758ff8ddd5bbd8c74116fa7d4cb69e1edbc0b6cb3bca90da1a5c730435951e2773480acdbc26a448db62d09df10add63bddcc64c0873d4,07/22/2025 08:56:00 PM,2,DRIVER,,2013708,,CHEVROLET,OTHER (EXPLAIN IN NARRATIVE),IL,2016,UNKNOWN,VAN/MINI-VAN,OTHER,N,STRAIGHT AHEAD,,,1,,,,,Y,,N,,,,,,,,,,,FRONT-RIGHT-CORNER,,,,,,,,,,,,,,,,,,,,,,,,,,,,,,,,,
2112334,c1acb1b4d1a82c03b36e3d714017265b33b9b709dd356191c834d462d0d4a77bd733e82eab747831aed6d77f639fde7974216325d2699028d20939b7f6f7ca60,07/22/2025 08:56:00 PM,1,DRIVER,1,2013705,,FORD,EXPLORER,IL,2024,UNKNOWN,SPORT UTILITY VEHICLE (SUV),POLICE,N,BACKING,,,2,,,,,,,,Y,Y,,,,,,,,,REAR-RIGHT-CORNER,,,,,,,,,,,,,,,,,,,,,,,,,,,,,,,,,
2113217,be5f7244489727025e987d1ef2e2f565572a8e314329cb4fce9c16eeac0e7bf042d20a50a5e4db9b87b6501242f04c35135039950443fd52e383dfd09250f5ed,07/22/2025 08:41:00 PM,1,DRIVER,,2014555,,UNKNOWN,OTHER (EXPLAIN IN NARRATIVE),,,UNKNOWN,UNKNOWN/NA,UNKNOWN/NA,UNKNOWN,UNKNOWN/NA,,,1,,,,,,,,,,,,,,,,,Y,UNKNOWN,,,,,,,,,,,,,,,,,,,,,,,,,,,,,,,,,
2113218,be5f7244489727025e987d1ef2e2f565572a8e314329cb4fce9c16eeac0e7bf042d20a50a5e4db9b87b6501242f04c35135039950443fd52e383dfd09250f5ed,07/22/2025 08:41:00 PM,2,PARKED,,2014563,,TOYOTA,CAMRY,IL,1999,UNKNOWN,PASSENGER,PERSONAL,UNKNOWN,PARKED,,,0,,,,,Y,,,,,,,,,,Y,Y,,FRONT,,,,,,,,,,,,,,,,,,,,,,,,,,,,,,,,,
2112351,c7cbd6f58a6a4c69f4cddf5b5c116c692cc7525cc517965f35213bd88eb7937cead43c6dee5d141f46981a4d23dd8113462ed9ff881c44a123547cec3f860b09,07/22/2025 08:40:00 PM,1,DRIVER,,2013724,,BMW,330I,IL,2019,NONE,PASSENGER,PERSONAL,E,STRAIGHT AHEAD,Y,,1,,private tow,private lot,,Y,Y,,,,,,,,Y,Y,Y,,FRONT,,,,,,,,,,,,,,,,,,,,,,,,,,,,,,,,,
2112352,c7cbd6f58a6a4c69f4cddf5b5c116c692cc7525cc517965f35213bd88eb7937cead43c6dee5d141f46981a4d23dd8113462ed9ff881c44a123547cec3f860b09,07/22/2025 08:40:00 PM,2,DRIVER,,2013729,,MERCEDES-BENZ,E-CLASS,IL,2013,NONE,PASSENGER,PERSONAL,E,TURNING LEFT,,,1,,,,,Y,Y,Y,Y,Y,,,,,,,,,SIDE-RIGHT,,,,,,,,,,,,,,,,,,,,,,,,,,,,,,,,,
2112335,430a6e9bd358d91fc7ec631d131520150111c8e18da125cb3be9b586e7252e2d8f4c3f5b7393b6c1bc97ca1c3c22f33f58d54a918103e95c3118c232052ce009,07/22/2025 08:32:00 PM,1,DRIVER,,2013702,,DODGE,AVENGER,IL,2012,UNKNOWN,PASSENGER,UNKNOWN/NA,N,STRAIGHT AHEAD,,,1,,,,,Y,,,,,,,,,,Y,Y,,FRONT,,,,,,,,,,,,,,,,,,,,,,,,,,,,,,,,,
2112336,430a6e9bd358d91fc7ec631d131520150111c8e18da125cb3be9b586e7252e2d8f4c3f5b7393b6c1bc97ca1c3c22f33f58d54a918103e95c3118c232052ce009,07/22/2025 08:32:00 PM,2,PARKED,,2013707,,MERCEDES-BENZ,SPRINTER,IL,2019,UNKNOWN,VAN/MINI-VAN,UNKNOWN/NA,N,PARKED,,,0,,,,,,,,,Y,Y,Y,,,,,,,REAR,,,,,,,,,,,,,,,,,,,,,,,,,,,,,,,,,
2112328,83926c6412ac027d7fb1cb4a8e0d1f923ea4f17ffd0e56d43840abeaf04d73a999c9aebf2ceb5a90a8f38a9bcd7392849f81c4857598514a282068cb64805f15,07/22/2025 08:15:00 PM,1,PEDESTRIAN,,,,,,,,,,,,,,,,,,,,,,,,,,,,,,,,,,,,,,,,,,,,,,,,,,,,,,,,,,,,,,,,,,
2112329,83926c6412ac027d7fb1cb4a8e0d1f923ea4f17ffd0e56d43840abeaf04d73a999c9aebf2ceb5a90a8f38a9bcd7392849f81c4857598514a282068cb64805f15,07/22/2025 08:15:00 PM,2,DRIVER,,2013700,,TOYOTA,RAV4,IL,2010,NONE,SPORT UTILITY VEHICLE (SUV),PERSONAL,N,STRAIGHT AHEAD,,,1,,,,,N,,,,,,,,,,,Y,,FRONT-RIGHT-CORNER,,,,,,,,,,,,,,,,,,,,,,,,,,,,,,,,,
2112330,42343d7a978dd338c89c59b57131cc7765e65b911136fcd49dd16808c81370a505b2f4aa2df0ec97c35d6afc3b8d1acaaf57eb6600677ca67ff2f8ff79973184,07/22/2025 08:05:00 PM,1,DRIVER,,2013699,,HONDA,CIVIC,IL,2007,UNKNOWN,PASSENGER,UNKNOWN/NA,S,STRAIGHT AHEAD,,,1,,,,,,,,,,,,,,,,Y,,FRONT,,,,,,,,,,,,,,,,,,,,,,,,,,,,,,,,,
2112331,42343d7a978dd338c89c59b57131cc7765e65b911136fcd49dd16808c81370a505b2f4aa2df0ec97c35d6afc3b8d1acaaf57eb6600677ca67ff2f8ff79973184,07/22/2025 08:05:00 PM,2,DRIVER,1,2013701,,LEXUS,RX350,,,UNKNOWN,PASSENGER,PERSONAL,S,STRAIGHT AHEAD,,,2,,,,,,,,,,Y,,,,,,,,REAR,,,,,,,,,,,,,,,,,,,,,,,,,,,,,,,,,
2112321,71dfef1b2c028a56e13c28c94e428c7663d226040832b3077944ad26226faa8cc0c92e1bc0000c0b4adc4bae0cb61e8e67721003999a838f0e9109e0c18a8682,07/22/2025 08:00:00 PM,1,DRIVER,,2013687,,SUBARU,LEGACY,IN,2017,UNKNOWN,PASSENGER,PERSONAL,E,STRAIGHT AHEAD,Y,,1,,unk,unk,,,,,,,,,,,,,Y,,FRONT,,,,,,,,,,,,,,,,,,,,,,,,,,,,,,,,,
2112327,71dfef1b2c028a56e13c28c94e428c7663d226040832b3077944ad26226faa8cc0c92e1bc0000c0b4adc4bae0cb61e8e67721003999a838f0e9109e0c18a8682,07/22/2025 08:00:00 PM,2,DRIVER,,2013695,,SATURN,ION,IL,2007,UNKNOWN,UNKNOWN/NA,PERSONAL,S,STRAIGHT AHEAD,,,1,,,,,,,Y,,,,,,,,,,,SIDE-RIGHT,,,,,,,,,,,,,,,,,,,,,,,,,,,,,,,,,
2114314,801ed4653b3aa0d0db1864dee33d6dfeed469893dbac9573f5f90a9b0a2ea5a7734843683f860a1a7eb6707ab7356ef408c86d911b8ad10321c96439305e5bdd,07/22/2025 08:00:00 PM,1,DRIVER,,2015594,,UNKNOWN,OTHER (EXPLAIN IN NARRATIVE),,,UNKNOWN,PICKUP,UNKNOWN/NA,S,BACKING,,,1,,,,,,,,,,,,,,,,,Y,REAR,,,,,,,,,,,,,,,,,,,,,,,,,,,,,,,,,
2114315,801ed4653b3aa0d0db1864dee33d6dfeed469893dbac9573f5f90a9b0a2ea5a7734843683f860a1a7eb6707ab7356ef408c86d911b8ad10321c96439305e5bdd,07/22/2025 08:00:00 PM,2,PARKED,,2015596,,CHEVROLET,TRAX,IL,2025,NONE,PASSENGER,PERSONAL,N,PARKED,,,0,,,,,Y,Y,Y,Y,Y,,,,,,,,,SIDE-RIGHT,,,,,,,,,,,,,,,,,,,,,,,,,,,,,,,,,
2112295,20a81953757e97344aab1cbc80f933f1107349d1d0d8e1b0c6eb4c1904bb055528cbb3384fd45db27470c62db820c31514a68e73173e2f5e8c77e597866e6b49,07/22/2025 07:51:00 PM,1,DRIVER,,2013665,,TOYOTA,SIENNA,IL,,NONE,PASSENGER,PERSONAL,E,STRAIGHT AHEAD,,,1,,,,,,,,,N,N,N,,,,Y,Y,,SIDE-LEFT-FRONT,,,,,,,,,,,,,,,,,,,,,,,,,,,,,,,,,
2112296,20a81953757e97344aab1cbc80f933f1107349d1d0d8e1b0c6eb4c1904bb055528cbb3384fd45db27470c62db820c31514a68e73173e2f5e8c77e597866e6b49,07/22/2025 07:51:00 PM,2,DRIVER,,2013670,,TOYOTA,RAV4,IL,,NONE,PASSENGER,PERSONAL,E,STRAIGHT AHEAD,,,1,,,,,,,,,Y,Y,,,,,,,,SIDE-LEFT-REAR,,,,,,,,,,,,,,,,,,,,,,,,,,,,,,,,,
2112324,2667f19b7fc0bed435544dec701d02a840089ef6da260b52594ec64c1972b84ad7a1cc1f35da8ec20d35d097ea81b1f54a38286cf3ac3676bfca2d44f94e49b5,07/22/2025 07:50:00 PM,1,DRIVER,,2013690,,TOYOTA,OTHER (EXPLAIN IN NARRATIVE),IL,2008,OTHER,PASSENGER,PERSONAL,S,STRAIGHT AHEAD,Y,,1,,n/a- airbag deployed,n/a,,Y,,,,,,,,,,Y,Y,,FRONT,,,,,,,,,,,,,,,,,,,,,,,,,,,,,,,,,
2112366,f8ad53d4b81d0f29b2c383f7fa85096b7cbff478d6abfa8de68736151a21be9285c46595bf069386c6bee0a3342e8c9fce52d40b760595236eb6be47ab339a18,07/22/2025 07:45:00 PM,1,DRIVER,,2013731,,FORD,EXPLORER,IL,2011,UNKNOWN,SPORT UTILITY VEHICLE (SUV),UNKNOWN/NA,S,STRAIGHT AHEAD,,,1,,,,Y,,,,,,,,,,,,,,UNKNOWN,,,,,,,,,,,,,,,,,,,,,,,,,,,,,,,,,
2112367,f8ad53d4b81d0f29b2c383f7fa85096b7cbff478d6abfa8de68736151a21be9285c46595bf069386c6bee0a3342e8c9fce52d40b760595236eb6be47ab339a18,07/22/2025 07:45:00 PM,2,BICYCLE,,,,,,,,,,,,,,,,,,,,,,,,,,,,,,,,,,,,,,,,,,,,,,,,,,,,,,,,,,,,,,,,,,
2112303,cdc97970551f73b98f379ce560b9fc8b162391a7dd65e87622c7d88f9323206b27ccc70523d240dcf3cbf29cf699e3c138afce8e53e5dea32f7c9cde4a9e4850,07/22/2025 07:32:00 PM,1,DRIVER,,2013668,,JEEP,RENEGADE,IL,2019,UNKNOWN,PASSENGER,PERSONAL,N,ENTERING TRAFFIC LANE FROM PARKING,,,1,,,,,,,,,,,,,,Y,Y,,,SIDE-LEFT,,,,,,,,,,,,,,,,,,,,,,,,,,,,,,,,,
2112304,cdc97970551f73b98f379ce560b9fc8b162391a7dd65e87622c7d88f9323206b27ccc70523d240dcf3cbf29cf699e3c138afce8e53e5dea32f7c9cde4a9e4850,07/22/2025 07:32:00 PM,2,DRIVER,,2013672,,JEEP,COMPASS,IL,2024,UNKNOWN,PASSENGER,PERSONAL,N,STRAIGHT AHEAD,Y,,1,,PRIVATE TOW,UNKNOWN,,,Y,Y,N,,,,,,,,,,SIDE-RIGHT,,,,,,,,,,,,,,,,,,,,,,,,,,,,,,,,,
2112284,12b9371e85d6ff0445b5b2b9aa74b66eee3100752db1d47e6f9cc34830803009859fdfe9a0fa7a8a48ad3e34fda5549d143f513060eb0ac842bc7375668bb118,07/22/2025 07:20:00 PM,1,DRIVER,,2013653,,LEXUS,IS250,IL,2011,NONE,PASSENGER,PERSONAL,UNKNOWN,TURNING RIGHT,,,1,,,,,,,,,,,,,,,Y,,,FRONT-LEFT-CORNER,,,,,,,,,,,,,,,,,,,,,,,,,,,,,,,,,
2112285,12b9371e85d6ff0445b5b2b9aa74b66eee3100752db1d47e6f9cc34830803009859fdfe9a0fa7a8a48ad3e34fda5549d143f513060eb0ac842bc7375668bb118,07/22/2025 07:20:00 PM,2,DRIVER,,2013661,,HYUNDAI,OTHER (EXPLAIN IN NARRATIVE),IL,2017,NONE,PASSENGER,PERSONAL,W,STRAIGHT AHEAD,,,1,,,,,Y,Y,,,,,,,,,,,,FRONT-RIGHT-CORNER,,,,,,,,,,,,,,,,,,,,,,,,,,,,,,,,,
2112313,06c7c9d6d6ec3687471508e6c2aa1a2badda54e9ae6389c2c96a31d8bcbb596dfb146909784cbf0e0965c2c1f2b6e6b3a2ec482b0a8a2d7167de52c87a660b41,07/22/2025 07:13:00 PM,1,DRIVER,,2013684,,JEEP,CHEROKEE,IL,2020,UNKNOWN,PASSENGER,UNKNOWN/NA,N,TURNING LEFT,,,1,,,,,Y,Y,,,,,,,,,,Y,,FRONT-RIGHT-CORNER,,,,,,,,,,,,,,,,,,,,,,,,,,,,,,,,,
2112314,06c7c9d6d6ec3687471508e6c2aa1a2badda54e9ae6389c2c96a31d8bcbb596dfb146909784cbf0e0965c2c1f2b6e6b3a2ec482b0a8a2d7167de52c87a660b41,07/22/2025 07:13:00 PM,2,DRIVER,,2013694,,NEW FLYER,OTHER (EXPLAIN IN NARRATIVE),IL,2006,UNKNOWN,BUS OVER 15 PASS.,CTA,N,TURNING LEFT,,,1,,,,N,,,,,,,,,,,,,Y,REAR-LEFT-CORNER,,,,,,,,,,,,,,,,,,,,,,,,,,,,,,,,,
2112282,e30bf41523bae94db93e506e07f315d283629ccc02afe6b45021a0208dcde3dd61a561e479ff35c79eccda8d1a879e0bff0b2296296a4c9550149ae2de646564,07/22/2025 07:13:00 PM,1,DRIVER,,2013660,N,FORD,OTHER (EXPLAIN IN NARRATIVE),IL,2016,UNKNOWN,PICKUP,TOW TRUCK,S,STRAIGHT AHEAD,,,1,,,,Y,,,,,,,,,,,,,,FRONT-RIGHT-CORNER,,,,,,,,,,,,,,,,,,,,,,,,,,,,,,,,,
2112283,e30bf41523bae94db93e506e07f315d283629ccc02afe6b45021a0208dcde3dd61a561e479ff35c79eccda8d1a879e0bff0b2296296a4c9550149ae2de646564,07/22/2025 07:13:00 PM,2,DRIVER,1,2013673,,HONDA,ACCORD,IL,2008,UNKNOWN,PASSENGER,PERSONAL,S,STRAIGHT AHEAD,,,2,,,,,,,,,,Y,Y,,,,,,,REAR-LEFT-CORNER,,,,,,,,,,,,,,,,,,,,,,,,,,,,,,,,,
2112257,dd2e38818b88cd8a725df5be120c8bcc9f76e5d0734ca8245eef506275ac2a41cc8c7f795481f2f539c1cf8cb762a52d74831df995432d0b53af6d4cdf876297,07/22/2025 07:11:00 PM,1,DRIVER,,2013629,,NISSAN,MAXIMA,IL,,UNKNOWN,PASSENGER,PERSONAL,S,STRAIGHT AHEAD,,,1,,,,,Y,,,,,,,,,,N,Y,,FRONT,,,,,,,,,,,,,,,,,,,,,,,,,,,,,,,,,
2112258,dd2e38818b88cd8a725df5be120c8bcc9f76e5d0734ca8245eef506275ac2a41cc8c7f795481f2f539c1cf8cb762a52d74831df995432d0b53af6d4cdf876297,07/22/2025 07:11:00 PM,2,DRIVER,,2013626,,NISSAN,VERSA,IL,,UNKNOWN,PASSENGER,PERSONAL,S,STRAIGHT AHEAD,,,1,,,,,,,,,Y,Y,Y,,,,,,,REAR,,,,,,,,,,,,,,,,,,,,,,,,,,,,,,,,,
2112278,0d40d787a2fd27021bd4c221b3127f4cd6921dfc5b2fb0425c7804c2dcdbb3a937d9b0d93237cba12e52de3a2108fe66cde81ab46a34cae38e6e6af509e61b93,07/22/2025 07:00:00 PM,1,DRIVER,,2013637,,NEW FLYER,OTHER (EXPLAIN IN NARRATIVE),IL,2007,NONE,BUS OVER 15 PASS.,CTA,W,STRAIGHT AHEAD,,,1,,,,,Y,,,,,,,,,,Y,Y,,FRONT,,,,,,,,,,,,,,,,,,,,,,,,,,,,,,,,,
2112279,0d40d787a2fd27021bd4c221b3127f4cd6921dfc5b2fb0425c7804c2dcdbb3a937d9b0d93237cba12e52de3a2108fe66cde81ab46a34cae38e6e6af509e61b93,07/22/2025 07:00:00 PM,2,DRIVER,,2013642,,DODGE,DURANGO,IL,2019,NONE,PASSENGER,PERSONAL,W,STRAIGHT AHEAD,,,1,,,,,,,,,Y,Y,Y,,,,,,,REAR,,,,,,,,,,,,,,,,,,,,,,,,,,,,,,,,,
2112311,1d0585388e2b26bf168ef3217fbb3231f6ffb60b9bb15d10ad3d4e1325192f108d48fb81caa403ae4f570c269538a7198d306031fe141f723f1318a97fdcb5e7,07/22/2025 07:00:00 PM,1,DRIVER,,2013681,,HONDA,RIDGELINE,IL,2023,NONE,PICKUP,PERSONAL,E,BACKING,,,1,,,,Y,,,,,,,,,,,,,,REAR,,,,,,,,,,,,,,,,,,,,,,,,,,,,,,,,,
2112312,1d0585388e2b26bf168ef3217fbb3231f6ffb60b9bb15d10ad3d4e1325192f108d48fb81caa403ae4f570c269538a7198d306031fe141f723f1318a97fdcb5e7,07/22/2025 07:00:00 PM,2,DRIVER,,2013683,,BUICK,ENCORE,IL,2019,NONE,SPORT UTILITY VEHICLE (SUV),PERSONAL,S,SLOW/STOP IN TRAFFIC,,,1,,,,,,,Y,,,,,,,,,,,SIDE-RIGHT,,,,,,,,,,,,,,,,,,,,,,,,,,,,,,,,,
2112859,c9d2841f9db25f74846015168ec94d3b110e734f0a5804a3633ca072a0f174474e5301e4616e98b5c1204a22a64e6a94095a22b08e99818f95e928843f8cedb3,07/22/2025 07:00:00 PM,1,DRIVER,,2014207,,JEEP,WRANGLER,IL,2015,NONE,PASSENGER,PERSONAL,W,DRIVING WRONG WAY,,,1,,,,,Y,,,,,,,,,,,Y,,FRONT-RIGHT-CORNER,,,,,,,,,,,,,,,,,,,,,,,,,,,,,,,,,
2112860,c9d2841f9db25f74846015168ec94d3b110e734f0a5804a3633ca072a0f174474e5301e4616e98b5c1204a22a64e6a94095a22b08e99818f95e928843f8cedb3,07/22/2025 07:00:00 PM,2,DRIVER,,2014224,,ACURA,ADX,IL,2017,NONE,SPORT UTILITY VEHICLE (SUV),PERSONAL,W,STRAIGHT AHEAD,,,1,,,,,,,,,,Y,Y,Y,,,,,,REAR-LEFT-CORNER,,,,,,,,,,,,,,,,,,,,,,,,,,,,,,,,,
2112322,0b6cc98927773b08a84b04ea107077976210b65255883ff0bdbbdb6ce9f074497a204929a477ec9d71f9ee73038c06d2b8267e37161f891ba72730811662e5f3,07/22/2025 06:57:00 PM,1,DRIVER,,2013691,,TOYOTA,CAMRY,IL,2000,UNKNOWN,PASSENGER,PERSONAL,W,STRAIGHT AHEAD,,,1,,,,,Y,,,,,,,,,,Y,Y,,FRONT,,,,,,,,,,,,,,,,,,,,,,,,,,,,,,,,,
2112323,0b6cc98927773b08a84b04ea107077976210b65255883ff0bdbbdb6ce9f074497a204929a477ec9d71f9ee73038c06d2b8267e37161f891ba72730811662e5f3,07/22/2025 06:57:00 PM,2,DRIVER,1,2013697,,NOVA BUS,OTHER (EXPLAIN IN NARRATIVE),IL,2023,NONE,BUS OVER 15 PASS.,CTA,N,STRAIGHT AHEAD,,,2,,,,,,,,Y,,,,,,,,,,REAR-RIGHT-CORNER,,,,,,,,,,,,,,,,,,,,,,,,,,,,,,,,,
2112255,5ff2d189b591c24f65f8f2d770eba2b24042d16c1b4e4eebae3c9e466b5fa9d624f44952bde5cfb384f95445135ad1c478995a000b42bcdc64c06ff0040c576c,07/22/2025 06:55:00 PM,1,DRIVER,,2013619,,JEEP,COMPASS,IL,2016,UNKNOWN,SPORT UTILITY VEHICLE (SUV),PERSONAL,NW,U-TURN,,,1,,,,,Y,,,,,,,,,,,,,FRONT-RIGHT-CORNER,,,,,,,,,,,,,,,,,,,,,,,,,,,,,,,,,
2112256,5ff2d189b591c24f65f8f2d770eba2b24042d16c1b4e4eebae3c9e466b5fa9d624f44952bde5cfb384f95445135ad1c478995a000b42bcdc64c06ff0040c576c,07/22/2025 06:55:00 PM,2,DRIVER,,2013623,,HONDA,ACCORD,IL,2009,UNKNOWN,PASSENGER,PERSONAL,W,STRAIGHT AHEAD,,,1,,,,,,,,,,,Y,Y,,,,,,SIDE-LEFT-REAR,,,,,,,,,,,,,,,,,,,,,,,,,,,,,,,,,
2112301,a2d453c64611bacb6e6f175f94153118bbfa884088a75f9ec1be4fdba97042a487142637ae42b0895b023828a4606b0768212869e1641ca09a5ad1c208f05cb6,07/22/2025 06:52:00 PM,1,DRIVER,,2013671,,LINCOLN,OTHER (EXPLAIN IN NARRATIVE),IL,2024,NONE,PASSENGER,OTHER,UNKNOWN,STRAIGHT AHEAD,,,1,,,,Y,,,,,,,,,,,,,,NONE,,,,,,,,,,,,,,,,,,,,,,,,,,,,,,,,,
2112302,a2d453c64611bacb6e6f175f94153118bbfa884088a75f9ec1be4fdba97042a487142637ae42b0895b023828a4606b0768212869e1641ca09a5ad1c208f05cb6,07/22/2025 06:52:00 PM,2,DRIVER,,2013674,,MERCEDES-BENZ,OTHER (EXPLAIN IN NARRATIVE),IN,2025,NONE,PASSENGER,OTHER,UNKNOWN,STRAIGHT AHEAD,,,1,,,,,,,,Y,Y,,,,,,,,,SIDE-RIGHT-REAR,,,,,,,,,,,,,,,,,,,,,,,,,,,,,,,,,
2112265,5f407d8e2550c8fcc33d329bbe23c61b314957c4d84547390ae2e0d509b43a82ddac0ebb24212523a5d9531e1af94891bfbc556df0b470e7dce33d382d61be6a,07/22/2025 06:45:00 PM,1,DRIVER,,2013634,,VOLVO,XC60,IL,2019,NONE,BUS UP TO 15 PASS.,PERSONAL,E,LEAVING TRAFFIC LANE TO PARK,,,1,,,,,,,Y,,,,,,,,,,,SIDE-RIGHT,,,,,,,,,,,,,,,,,,,,,,,,,,,,,,,,,
2112266,5f407d8e2550c8fcc33d329bbe23c61b314957c4d84547390ae2e0d509b43a82ddac0ebb24212523a5d9531e1af94891bfbc556df0b470e7dce33d382d61be6a,07/22/2025 06:45:00 PM,2,PARKED,,2013640,,CHEVROLET,SUBURBAN,MN,2024,NONE,BUS UP TO 15 PASS.,PERSONAL,SE,PARKED,,,0,,,,,,,,,,,,,,Y,,,,SIDE-LEFT,,,,,,,,,,,,,,,,,,,,,,,,,,,,,,,,,