CRASH_UNIT_ID,CRASH_RECORD_ID,CRASH_DATE,UNIT_NO,UNIT_TYPE,NUM_PASSENGERS,VEHICLE_ID,CMRC_VEH_I,MAKE,MODEL,LIC_PLATE_STATE,VEHICLE_YEAR,VEHICLE_DEFECT,VEHICLE_TYPE,VEHICLE_USE,TRAVEL_DIRECTION,MANEUVER,TOWED_I,FIRE_I,OCCUPANT_CNT,EXCEED_SPEED_LIMIT_I,TOWED_BY,TOWED_TO,AREA_00_I,AREA_01_I,AREA_02_I,AREA_03_I,AREA_04_I,AREA_05_I,AREA_06_I,AREA_07_I,AREA_08_I,AREA_09_I,AREA_10_I,AREA_11_I,AREA_12_I,AREA_99_I,FIRST_CONTACT_POINT,CMV_ID,USDOT_NO,CCMC_NO,ILCC_NO,COMMERCIAL_SRC,GVWR,CARRIER_NAME,CARRIER_STATE,CARRIER_CITY,HAZMAT_PLACARDS_I,HAZMAT_NAME,UN_NO,HAZMAT_PRESENT_I,HAZMAT_REPORT_I,HAZMAT_REPORT_NO,MCS_REPORT_I,MCS_REPORT_NO,HAZMAT_VIO_CAUSE_CRASH_I,MCS_VIO_CAUSE_CRASH_I,IDOT_PERMIT_NO,WIDE_LOAD_I,TRAILER1_WIDTH,TRAILER2_WIDTH,TRAILER1_LENGTH,TRAILER2_LENGTH,TOTAL_VEHICLE_LENGTH,AXLE_CNT,VEHICLE_CONFIG,CARGO_BODY_TYPE,LOAD_TYPE,HAZMAT_OUT_OF_SERVICE_I,MCS_OUT_OF_SERVICE_I,HAZMAT_CLASS
2112253,e873cb5327eb001eeafe978dffd1f441e0637d94cf56092a361aaa4335d6115a04071502b5637684ef60c464fc00fadf624f72c235d99167a6c31d7bae1277ef,07/22/2025 06:43:00 PM,1,DRIVER,1,2013616,,FORD,EXPLORER,IL,2006,UNKNOWN,PASSENGER,OTHER,S,STRAIGHT AHEAD,,,2,,,,,,,,,,,,,,,,,Y,UNKNOWN,,,,,,,,,,,,,,,,,,,,,,,,,,,,,,,,,
2112254,e873cb5327eb001eeafe978dffd1f441e0637d94cf56092a361aaa4335d6115a04071502b5637684ef60c464fc00fadf624f72c235d99167a6c31d7bae1277ef,07/22/2025 06:43:00 PM,2,PARKED,1,2013621,,FORD,ESCAPE,IL,2015,UNKNOWN,SPORT UTILITY VEHICLE (SUV),NOT IN USE,E,PARKED,,,1,,,,,,,,,,,Y,Y,Y,Y,N,,Y,UNKNOWN,,,,,,,,,,,,,,,,,,,,,,,,,,,,,,,,,
2113271,ccd74e8212552b99206fa38e4be7a893d6800e982e750f255604014d89d98b5df5f78461782260e7b6b468bcb68cee459f4aa1bafb08d4f5aa36ccb4ef6b51b4,07/22/2025 06:40:00 PM,1,DRIVER,,2014618,,LEXUS,ES350,,2016,NONE,SPORT UTILITY VEHICLE (SUV),PERSONAL,W,CHANGING LANES,,,1,,,,,,,,,,,,,,,,,,SIDE-LEFT,,,,,,,,,,,,,,,,,,,,,,,,,,,,,,,,,
2113272,ccd74e8212552b99206fa38e4be7a893d6800e982e750f255604014d89d98b5df5f78461782260e7b6b468bcb68cee459f4aa1bafb08d4f5aa36ccb4ef6b51b4,07/22/2025 06:40:00 PM,2,DRIVER,,2014626,,CADILLAC,OTHER (EXPLAIN IN NARRATIVE),,,UNKNOWN,SPORT UTILITY VEHICLE (SUV),UNKNOWN/NA,W,STRAIGHT AHEAD,,,1,,,,,,,,,,,,,,,,,,SIDE-LEFT,,,,,,,,,,,,,,,,,,,,,,,,,,,,,,,,,
2112383,1408db236ca8731cfb0ff46574cf21faa64780536545b0f82bafabc1bb1a9149e0a645bc5b71422f07339dec6787c38f9553442f4e31a3e42685a9a41795de2b,07/22/2025 06:34:00 PM,1,DRIVER,,2013739,,UNKNOWN,OTHER (EXPLAIN IN NARRATIVE),XX,,UNKNOWN,UNKNOWN/NA,UNKNOWN/NA,UNKNOWN,UNKNOWN/NA,,,1,,,,,,,,,,,,,,,,,Y,UNKNOWN,,,,,,,,,,,,,,,,,,,,,,,,,,,,,,,,,
2112384,1408db236ca8731cfb0ff46574cf21faa64780536545b0f82bafabc1bb1a9149e0a645bc5b71422f07339dec6787c38f9553442f4e31a3e42685a9a41795de2b,07/22/2025 06:34:00 PM,2,PARKED,,2013743,,ACURA,ADX,IL,2020,UNKNOWN,SPORT UTILITY VEHICLE (SUV),PERSONAL,S,PARKED,,,0,,,,,Y,Y,Y,N,,,,,,,,,,SIDE-RIGHT,,,,,,,,,,,,,,,,,,,,,,,,,,,,,,,,,
2112841,031244370c71859edb3d9f574befe474c7bcd095dec3dce255421948bc2929d45e19834215b2fb11fa22c12fb3cff18969ce449e8303b29143f6450f0a1169d4,07/22/2025 06:30:00 PM,1,DRIVER,,2014185,,KIA,OTHER (EXPLAIN IN NARRATIVE),IL,,UNKNOWN,UNKNOWN/NA,UNKNOWN/NA,UNKNOWN,UNKNOWN/NA,,,1,,,,,,,,,,,,,,,,,Y,UNKNOWN,,,,,,,,,,,,,,,,,,,,,,,,,,,,,,,,,
2112842,031244370c71859edb3d9f574befe474c7bcd095dec3dce255421948bc2929d45e19834215b2fb11fa22c12fb3cff18969ce449e8303b29143f6450f0a1169d4,07/22/2025 06:30:00 PM,2,PARKED,,2014189,,FORD,ESCAPE,IL,2019,UNKNOWN,UNKNOWN/NA,UNKNOWN/NA,UNKNOWN,PARKED,,,0,,,,,,,,,,,Y,Y,,,,,,SIDE-LEFT-REAR,,,,,,,,,,,,,,,,,,,,,,,,,,,,,,,,,
2112945,52371358d7a8f024a1115b768d1548a23697827be079fdbcd244f611af951b46450877b0320c92c71a93d3c354797743b175a036b928a94fcbaa8425b1acd22d,07/22/2025 06:30:00 PM,1,DRIVER,,2014300,,UNKNOWN,OTHER (EXPLAIN IN NARRATIVE),,,UNKNOWN,UNKNOWN/NA,UNKNOWN/NA,UNKNOWN,UNKNOWN/NA,,,1,,,,,,,,,,,,,,,,,Y,UNKNOWN,,,,,,,,,,,,,,,,,,,,,,,,,,,,,,,,,
2112946,52371358d7a8f024a1115b768d1548a23697827be079fdbcd244f611af951b46450877b0320c92c71a93d3c354797743b175a036b928a94fcbaa8425b1acd22d,07/22/2025 06:30:00 PM,2,PARKED,,2014310,,SUBARU,FORESTER,IL,2023,NONE,PASSENGER,NOT IN USE,S,PARKED,,,0,,,,,,,Y,Y,Y,Y,,,,,,,,REAR-RIGHT-CORNER,,,,,,,,,,,,,,,,,,,,,,,,,,,,,,,,,
2112337,57e7d998abef377eac7b56874ffa680831ef14b46f4bc329cccd244a0980fda5b3296ff0d11013d731b23814b3846c85cbce6edcbc2cf211b5ed5843331b1159,07/22/2025 06:30:00 PM,1,DRIVER,,2013704,,TOYOTA,RAV4,IL,2001,UNKNOWN,SPORT UTILITY VEHICLE (SUV),PERSONAL,S,STRAIGHT AHEAD,,,1,,,,,,,,,,,,,,,,Y,,FRONT,,,,,,,,,,,,,,,,,,,,,,,,,,,,,,,,,
2112338,57e7d998abef377eac7b56874ffa680831ef14b46f4bc329cccd244a0980fda5b3296ff0d11013d731b23814b3846c85cbce6edcbc2cf211b5ed5843331b1159,07/22/2025 06:30:00 PM,2,DRIVER,,2013712,,BMW,BMW,IL,2021,UNKNOWN,SPORT UTILITY VEHICLE (SUV),PERSONAL,S,SLOW/STOP IN TRAFFIC,,,1,,,,,,,,,,Y,,,,,,,,REAR,,,,,,,,,,,,,,,,,,,,,,,,,,,,,,,,,
2112236,9ef77b0b8aef500a239d3fe048393aaafbed41199b8d236ae3d7bf4b3b55b082729030b1bce7be21ff51abb84cef0d020ffeec056b34ba5a7b1db4750b5f2afc,07/22/2025 06:30:00 PM,1,DRIVER,,2013647,,UNKNOWN,OTHER (EXPLAIN IN NARRATIVE),IL,,UNKNOWN,UNKNOWN/NA,UNKNOWN/NA,E,STRAIGHT AHEAD,,,1,,,,,,,,,,,,,,,,,Y,UNKNOWN,,,,,,,,,,,,,,,,,,,,,,,,,,,,,,,,,
2112237,9ef77b0b8aef500a239d3fe048393aaafbed41199b8d236ae3d7bf4b3b55b082729030b1bce7be21ff51abb84cef0d020ffeec056b34ba5a7b1db4750b5f2afc,07/22/2025 06:30:00 PM,2,DRIVER,2,2013608,,TOYOTA,PRIUS,IL,2025,NONE,PASSENGER,RIDESHARE SERVICE,E,STRAIGHT AHEAD,,,3,,,,,,,,,,,Y,Y,,,,,,SIDE-LEFT-REAR,,,,,,,,,,,,,,,,,,,,,,,,,,,,,,,,,
2112319,b16176d26c55f71941e699ca85f214638ec3a350d27f2f3dbca227af48843285aa62b4d85105d56a53d063c062a0cfb7ccbbbf7b99db2f2f12587338dfc7b4c0,07/22/2025 06:30:00 PM,1,DRIVER,,2013686,,FORD,EXPLORER,,,UNKNOWN,SPORT UTILITY VEHICLE (SUV),UNKNOWN/NA,S,TURNING RIGHT,,,1,,,,,,Y,Y,,,,,,,,,,,SIDE-LEFT,,,,,,,,,,,,,,,,,,,,,,,,,,,,,,,,,
2112320,b16176d26c55f71941e699ca85f214638ec3a350d27f2f3dbca227af48843285aa62b4d85105d56a53d063c062a0cfb7ccbbbf7b99db2f2f12587338dfc7b4c0,07/22/2025 06:30:00 PM,2,DRIVER,,2013688,,TOYOTA,CAMRY,,,UNKNOWN,PASSENGER,RIDESHARE SERVICE,S,TURNING RIGHT,,,1,,,,,,,,,,,,,,,Y,,,FRONT-LEFT-CORNER,,,,,,,,,,,,,,,,,,,,,,,,,,,,,,,,,
2116277,07eab31113a9c2ada4604f9e2a6ac78d4e20ab36237473c53ca40c46c2963c7cdbff37132c8e89947388a22c4f5fdff886682e77a43e84d37f403cfe74f8f183,07/22/2025 06:26:00 PM,1,DRIVER,,2017456,,UNKNOWN,OTHER (EXPLAIN IN NARRATIVE),,,UNKNOWN,OTHER,UNKNOWN/NA,SE,TURNING LEFT,,,1,,,,,,,,,,,,,,,,,,UNKNOWN,,,,,,,,,,,,,,,,,,,,,,,,,,,,,,,,,
2116278,07eab31113a9c2ada4604f9e2a6ac78d4e20ab36237473c53ca40c46c2963c7cdbff37132c8e89947388a22c4f5fdff886682e77a43e84d37f403cfe74f8f183,07/22/2025 06:26:00 PM,2,DRIVER,,2017457,,UNKNOWN,OTHER (EXPLAIN IN NARRATIVE),IL,2020,NONE,MOTORCYCLE (OVER 150CC),NOT IN USE,S,STRAIGHT AHEAD,,,1,,,,,,,,,,,,Y,Y,Y,,,,SIDE-LEFT,,,,,,,,,,,,,,,,,,,,,,,,,,,,,,,,,
2116150,b1ba3176d1a621b9130a98c831087785e92fd1dd42b359bd314351a945ee0afba2c81b2fe31ebbc8031fda3607b445a71fd0a1d19396d62cfd10b175ea6fbba3,07/22/2025 06:25:00 PM,1,DRIVER,,2017341,,MERCEDES-BENZ,S-CLASS,,2016,UNKNOWN,SPORT UTILITY VEHICLE (SUV),UNKNOWN/NA,W,UNKNOWN/NA,,,1,,,,,,,,,,,,,,,,,Y,FRONT,,,,,,,,,,,,,,,,,,,,,,,,,,,,,,,,,
2116151,b1ba3176d1a621b9130a98c831087785e92fd1dd42b359bd314351a945ee0afba2c81b2fe31ebbc8031fda3607b445a71fd0a1d19396d62cfd10b175ea6fbba3,07/22/2025 06:25:00 PM,2,DRIVER,,2017361,,BMW,OTHER (EXPLAIN IN NARRATIVE),IL,2005,UNKNOWN,SPORT UTILITY VEHICLE (SUV),UNKNOWN/NA,W,UNKNOWN/NA,,,1,,,,,,,,,,,,,,,N,,Y,REAR,,,,,,,,,,,,,,,,,,,,,,,,,,,,,,,,,
2116152,b1ba3176d1a621b9130a98c831087785e92fd1dd42b359bd314351a945ee0afba2c81b2fe31ebbc8031fda3607b445a71fd0a1d19396d62cfd10b175ea6fbba3,07/22/2025 06:25:00 PM,3,DRIVER,,2017364,,CHEVROLET,IMPALA,IL,2019,NONE,PASSENGER,PERSONAL,W,SLOW/STOP IN TRAFFIC,,,1,,,,,,,,,Y,Y,Y,,,,,,,REAR,,,,,,,,,,,,,,,,,,,,,,,,,,,,,,,,,
2112271,6d903ba5b43c215f704a678f714aa2caacdc27bec97af9b12b9a7d57668ba341e4edef504c94866e384f09c0a2c45d8dab31706c7e30b0c4419f0b9878ec7c3b,07/22/2025 06:24:00 PM,1,DRIVER,,2013632,,UNKNOWN,OTHER (EXPLAIN IN NARRATIVE),IL,,UNKNOWN,PICKUP,UNKNOWN/NA,N,STRAIGHT AHEAD,,,1,,,,,,,,,,,,,,,,,,SIDE-RIGHT,,,,,,,,,,,,,,,,,,,,,,,,,,,,,,,,,
2112272,6d903ba5b43c215f704a678f714aa2caacdc27bec97af9b12b9a7d57668ba341e4edef504c94866e384f09c0a2c45d8dab31706c7e30b0c4419f0b9878ec7c3b,07/22/2025 06:24:00 PM,2,PARKED,,2013644,,CHEVROLET,OTHER (EXPLAIN IN NARRATIVE),IL,2014,NONE,TRUCK - SINGLE UNIT,COMMERCIAL - SINGLE UNIT,N,PARKED,,,0,,,,,,,,,,,,,,Y,,,,SIDE-LEFT,,,,,,,,,,,,,,,,,,,,,,,,,,,,,,,,,
2112325,859e0e77770e472a92a7c6cc82481e6629f31e81cc917a64d15a76656f53fc239c60e5cbf4737814e0c7ae15f4603ea8e14d3fd1eb3001b43548ef074dfb0edd,07/22/2025 06:12:00 PM,1,DRIVER,,2013693,,BMW,X5,IL,2013,UNKNOWN,PASSENGER,UNKNOWN/NA,S,STRAIGHT AHEAD,Y,,1,,unknown,unknown,,,,,,,,,,,,,,Y,FRONT,,,,,,,,,,,,,,,,,,,,,,,,,,,,,,,,,
2112326,859e0e77770e472a92a7c6cc82481e6629f31e81cc917a64d15a76656f53fc239c60e5cbf4737814e0c7ae15f4603ea8e14d3fd1eb3001b43548ef074dfb0edd,07/22/2025 06:12:00 PM,2,DRIVER,,2013696,,NISSAN,ROGUE,IL,2023,UNKNOWN,PASSENGER,PERSONAL,W,STRAIGHT AHEAD,Y,,1,,UNKNOWN,UNKNOWN,,Y,Y,,,,,,,,,,,,FRONT-RIGHT-CORNER,,,,,,,,,,,,,,,,,,,,,,,,,,,,,,,,,
2112273,40074b43ac207eaec0d6e3b88587a43ff7bb97c682ee335e34d88987406344717f6d42a274640a526da163c5c1d4b05aad73d07b2dac677af783a8fac267cc7e,07/22/2025 06:06:00 PM,1,DRIVER,1,2013645,,FORD,EXPLORER,IL,2024,UNKNOWN,PASSENGER,POLICE,E,PASSING/OVERTAKING,Y,,2,,city of chicago,,,Y,Y,Y,,,,,,,,,,,SIDE-RIGHT,,,,,,,,,,,,,,,,,,,,,,,,,,,,,,,,,
2112274,40074b43ac207eaec0d6e3b88587a43ff7bb97c682ee335e34d88987406344717f6d42a274640a526da163c5c1d4b05aad73d07b2dac677af783a8fac267cc7e,07/22/2025 06:06:00 PM,2,DRIVER,1,2013656,,NISSAN,SENTRA,IL,2024,UNKNOWN,PASSENGER,PERSONAL,E,STRAIGHT AHEAD,,,2,,,,,,,,,,,Y,Y,,,,,,REAR-LEFT-CORNER,,,,,,,,,,,,,,,,,,,,,,,,,,,,,,,,,
2112275,40074b43ac207eaec0d6e3b88587a43ff7bb97c682ee335e34d88987406344717f6d42a274640a526da163c5c1d4b05aad73d07b2dac677af783a8fac267cc7e,07/22/2025 06:06:00 PM,3,DRIVER,,2013667,,HYUNDAI,ELANTRA,IL,2022,UNKNOWN,PASSENGER,PERSONAL,E,STRAIGHT AHEAD,,,1,,,,Y,,,,,,N,,,,,,,,REAR,,,,,,,,,,,,,,,,,,,,,,,,,,,,,,,,,
2112216,3937d81387b1f591545eb86996dc2bf6e63963ff5cf44e0abdd3fe5827f1ef241d7bb5a925a99964f2cf816abcd483ea9bc98c5f39b3eef7b8ef00c345c84845,07/22/2025 06:03:00 PM,1,DRIVER,,2013585,,CHRYSLER,300,IL,2005,UNKNOWN,PASSENGER,PERSONAL,W,STRAIGHT AHEAD,N,,1,,,,,Y,,,,,,,,,,Y,Y,,FRONT,,,,,,,,,,,,,,,,,,,,,,,,,,,,,,,,,
2112217,3937d81387b1f591545eb86996dc2bf6e63963ff5cf44e0abdd3fe5827f1ef241d7bb5a925a99964f2cf816abcd483ea9bc98c5f39b3eef7b8ef00c345c84845,07/22/2025 06:03:00 PM,2,DRIVER,,2013590,,VOLKSWAGEN,GTI,IL,2011,UNKNOWN,PASSENGER,PERSONAL,N,TURNING LEFT,Y,,1,,SELF TOW,,,Y,Y,,,,,,,,,,Y,,FRONT-RIGHT-CORNER,,,,,,,,,,,,,,,,,,,,,,,,,,,,,,,,,
2112259,3abb73f01f4b4c7220feac630d579e80eb2a424b501c9557bd873d48f8e5e463124e8b456ba1cd8f8bf35480ae8d1aa8015f01c729c93d2efdf55025c69f2102,07/22/2025 06:00:00 PM,1,DRIVER,2,2013635,,GENERAL MOTORS CORPORATION (GMC),TERRAIN,IL,2020,UNKNOWN,SPORT UTILITY VEHICLE (SUV),PERSONAL,N,STRAIGHT AHEAD,,,3,,,,,,,,,,,,,,,,,,FRONT-LEFT-CORNER,,,,,,,,,,,,,,,,,,,,,,,,,,,,,,,,,
2112260,3abb73f01f4b4c7220feac630d579e80eb2a424b501c9557bd873d48f8e5e463124e8b456ba1cd8f8bf35480ae8d1aa8015f01c729c93d2efdf55025c69f2102,07/22/2025 06:00:00 PM,2,DRIVER,1,2013662,,TOYOTA,CAMRY,IL,2022,NONE,PASSENGER,RIDESHARE SERVICE,NE,STRAIGHT AHEAD,,,2,,,,,,,,,,,,,,,,,,FRONT-RIGHT-CORNER,,,,,,,,,,,,,,,,,,,,,,,,,,,,,,,,,
2112309,418c324d131c43a84915253b55459d2decb5a6795505f14041e51debca8f955bdaf82e3f8297e2586026d0d8f4d8425cc3a0f1713e50dd45e7994bf0c62e4982,07/22/2025 06:00:00 PM,1,DRIVER,,2013676,,TOYOTA,COROLLA,IL,2005,UNKNOWN,PASSENGER,PERSONAL,W,STRAIGHT AHEAD,,,1,,,,,,Y,,,,,,,,,,,,SIDE-RIGHT,,,,,,,,,,,,,,,,,,,,,,,,,,,,,,,,,
2112310,418c324d131c43a84915253b55459d2decb5a6795505f14041e51debca8f955bdaf82e3f8297e2586026d0d8f4d8425cc3a0f1713e50dd45e7994bf0c62e4982,07/22/2025 06:00:00 PM,2,PARKED,,2013679,,NISSAN,SENTRA,IL,2024,UNKNOWN,PASSENGER,UNKNOWN/NA,W,PARKED,,,0,,,,,,,,,,,,,,Y,,,,SIDE-LEFT,,,,,,,,,,,,,,,,,,,,,,,,,,,,,,,,,
2112276,50b1a34fd7b615cb523ff37e3a696c150cec6c5775d230d4791e8d8fe4e249b85542a88007cc99c58a44d89f32a6aec0a4bc360c746f78b9fc7054c000e996e0,07/22/2025 05:58:00 PM,1,DRIVER,,2013643,,CHEVROLET,COBALT,IL,2005,UNKNOWN,PASSENGER,UNKNOWN/NA,E,TURNING LEFT,Y,,1,,DRIVER REQUESTED PERSONAL TOW,,,Y,Y,,,,,,,,,,,,FRONT-RIGHT-CORNER,,,,,,,,,,,,,,,,,,,,,,,,,,,,,,,,,
2112277,50b1a34fd7b615cb523ff37e3a696c150cec6c5775d230d4791e8d8fe4e249b85542a88007cc99c58a44d89f32a6aec0a4bc360c746f78b9fc7054c000e996e0,07/22/2025 05:58:00 PM,2,DRIVER,,2013657,,JEEP,COMPASS,IL,2025,UNKNOWN,PASSENGER,UNKNOWN/NA,E,TURNING LEFT,,,1,,,,,,,,,,,,,,Y,Y,,,FRONT-LEFT-CORNER,,,,,,,,,,,,,,,,,,,,,,,,,,,,,,,,,
2112212,001ae7471360ec7b5ba258e2a8d6a41e8637c6967c85c82cf84c04811f23e7132589bac82218d5e55e6c6a6210ff0301285130488f30b7a3a10338e03e6f30a4,07/22/2025 05:50:00 PM,1,DRIVER,,2013586,,HONDA,CIVIC,IL,2006,NONE,PASSENGER,PERSONAL,W,STRAIGHT AHEAD,Y,,1,,AAA,,,Y,,,,,,,,,,Y,Y,,FRONT,,,,,,,,,,,,,,,,,,,,,,,,,,,,,,,,,
2112213,001ae7471360ec7b5ba258e2a8d6a41e8637c6967c85c82cf84c04811f23e7132589bac82218d5e55e6c6a6210ff0301285130488f30b7a3a10338e03e6f30a4,07/22/2025 05:50:00 PM,2,DRIVER,3,2013594,,CHEVROLET,SILVERADO,IL,2016,NONE,TRUCK - SINGLE UNIT,PERSONAL,W,STRAIGHT AHEAD,,,4,,,,,,,,,Y,Y,Y,,,,,,,REAR,,,,,,,,,,,,,,,,,,,,,,,,,,,,,,,,,
2112251,b6516518ee69f8ce0e54360a7e56e2f49f5da2efc396f826d414cf8440cf415d60b9f3cce98adac9ff789d4e2a89671e98d4bd1e958a1b146549fd006b3cf726,07/22/2025 05:50:00 PM,1,DRIVER,,2013628,,CHEVROLET,SUBURBAN,IL,2022,UNKNOWN,PASSENGER,UNKNOWN/NA,N,TURNING RIGHT,,,1,,,,,,,,,,,,,,,,Y,,FRONT,,,,,,,,,,,,,,,,,,,,,,,,,,,,,,,,,
2112252,b6516518ee69f8ce0e54360a7e56e2f49f5da2efc396f826d414cf8440cf415d60b9f3cce98adac9ff789d4e2a89671e98d4bd1e958a1b146549fd006b3cf726,07/22/2025 05:50:00 PM,2,BICYCLE,,,,,,,,,,,,,,,,,,,,,,,,,,,,,,,,,,,,,,,,,,,,,,,,,,,,,,,,,,,,,,,,,,
2112247,df79a48fb7e49eaba50dc436477a075baea6e259fac77c81433cf6be768dcad7993d5fab923ba84810b60b13231c5c345266366962e524f8788120ac59034e9b,07/22/2025 05:50:00 PM,1,DRIVER,,2013614,,CHEVROLET,EQUINOX,IL,2023,UNKNOWN,PASSENGER,UNKNOWN/NA,W,U-TURN,,,1,,,,,,,,,,,,,,,,,Y,SIDE-LEFT-REAR,,,,,,,,,,,,,,,,,,,,,,,,,,,,,,,,,
2112248,df79a48fb7e49eaba50dc436477a075baea6e259fac77c81433cf6be768dcad7993d5fab923ba84810b60b13231c5c345266366962e524f8788120ac59034e9b,07/22/2025 05:50:00 PM,2,BICYCLE,,,,,,,,,,,,,,,,,,,,,,,,,,,,,,,,,,,,,,,,,,,,,,,,,,,,,,,,,,,,,,,,,,
2112218,e88ed03dc62a79057772dcfea36d7d3846a60d8b4179f57c7e7b4735509110f95255a946b1bc1435500ac7cd25f20240405255797f28b69f4e431217524925ea,07/22/2025 05:50:00 PM,1,DRIVER,,2013610,,FORD,MAVERICK TRUCK,IL,2025,NONE,PICKUP,PERSONAL,N,BACKING,,,1,,,,,,,,,,,Y,,,,,,,REAR-LEFT-CORNER,,,,,,,,,,,,,,,,,,,,,,,,,,,,,,,,,
2112219,e88ed03dc62a79057772dcfea36d7d3846a60d8b4179f57c7e7b4735509110f95255a946b1bc1435500ac7cd25f20240405255797f28b69f4e431217524925ea,07/22/2025 05:50:00 PM,2,DRIVER,1,2013620,,HYUNDAI,IONIC,IL,2024,NONE,PASSENGER,PERSONAL,W,STRAIGHT AHEAD,,,2,,,,,,,,,Y,Y,,,,,,,,REAR,,,,,,,,,,,,,,,,,,,,,,,,,,,,,,,,,
2112204,00046b6b6e226f09967d15fb27db877616d1c7c8745a23927f359521c223a4d7b34ca2c5deb27e0195381cb64062fa9a73486b4f6052553a1c7baf90df4ff25a,07/22/2025 05:47:00 PM,1,DRIVER,,2013568,,JEEP,JEEP,,,UNKNOWN,PASSENGER,UNKNOWN/NA,S,STRAIGHT AHEAD,,,1,,,,,Y,,,,,,,,,,Y,Y,,FRONT,,,,,,,,,,,,,,,,,,,,,,,,,,,,,,,,,
2112205,00046b6b6e226f09967d15fb27db877616d1c7c8745a23927f359521c223a4d7b34ca2c5deb27e0195381cb64062fa9a73486b4f6052553a1c7baf90df4ff25a,07/22/2025 05:47:00 PM,2,DRIVER,3,2013575,,TOYOTA,SIENNA,IL,2025,UNKNOWN,VAN/MINI-VAN,PERSONAL,S,STRAIGHT AHEAD,,,4,,,,,,,,,Y,Y,Y,,,,,,,REAR,,,,,,,,,,,,,,,,,,,,,,,,,,,,,,,,,
2112230,54056e0b456196ab177be8a48e27be3e9b8733d1d56e6cfb71e0b564ccd48cfcf6fa71dcd140bb6c0f601d17dbe2394f73d24b9d30d04d76582a60cf1b290e9d,07/22/2025 05:45:00 PM,1,DRIVER,,2013596,,FORD,ESCAPE,IL,2019,UNKNOWN,SPORT UTILITY VEHICLE (SUV),UNKNOWN/NA,N,MERGING,,,1,,,,,,,,,,,,,,Y,Y,,,FRONT-LEFT-CORNER,,,,,,,,,,,,,,,,,,,,,,,,,,,,,,,,,
2112231,54056e0b456196ab177be8a48e27be3e9b8733d1d56e6cfb71e0b564ccd48cfcf6fa71dcd140bb6c0f601d17dbe2394f73d24b9d30d04d76582a60cf1b290e9d,07/22/2025 05:45:00 PM,2,DRIVER,1,2013606,,KIA,SOUL,IL,2022,UNKNOWN,SPORT UTILITY VEHICLE (SUV),UNKNOWN/NA,N,STRAIGHT AHEAD,,,2,,,,,N,Y,Y,Y,Y,,,,,,,,,SIDE-RIGHT,,,,,,,,,,,,,,,,,,,,,,,,,,,,,,,,,
2112242,b8c12a1d620f2e3d730f1e0974b9d35674636402e28cc825e247c0c94ad36ee75789b648fe409db1d654907e6ee0dd8cca3a12023cdca93db916fdfc7e635427,07/22/2025 05:45:00 PM,1,DRIVER,,2013611,,JEEP,WRANGLER,IL,2011,UNKNOWN,PASSENGER,UNKNOWN/NA,W,STRAIGHT AHEAD,,,1,,,,,,,,,,,,,,,,Y,,FRONT,,,,,,,,,,,,,,,,,,,,,,,,,,,,,,,,,
2112243,b8c12a1d620f2e3d730f1e0974b9d35674636402e28cc825e247c0c94ad36ee75789b648fe409db1d654907e6ee0dd8cca3a12023cdca93db916fdfc7e635427,07/22/2025 05:45:00 PM,2,DRIVER,,2013625,N,NISSAN,ROGUE,IL,2017,UNKNOWN,SPORT UTILITY VEHICLE (SUV),PERSONAL,W,STRAIGHT AHEAD,,,1,,,,,,,,,N,Y,N,,,,,Y,,REAR,,,,,,,,,,,,,,,,,,,,,,,,,,,,,,,,,
2112244,b8c12a1d620f2e3d730f1e0974b9d35674636402e28cc825e247c0c94ad36ee75789b648fe409db1d654907e6ee0dd8cca3a12023cdca93db916fdfc7e635427,07/22/2025 05:45:00 PM,3,DRIVER,,2013639,,BMW,X3,IL,2025,UNKNOWN,SPORT UTILITY VEHICLE (SUV),UNKNOWN/NA,W,STRAIGHT AHEAD,,,1,,,,,,,,,,Y,,,,,,,,REAR,,,,,,,,,,,,,,,,,,,,,,,,,,,,,,,,,
2112317,7f7211e88586b3fa1bd420afad2ecadf1bc12395c42224e1cd5a4e588ce99e3b53ee953051b814958d3ad21c868a1c621f8b6d291fa6bbf332555134f1f8a565,07/22/2025 05:44:00 PM,1,DRIVER,,2013692,,NISSAN,OTHER (EXPLAIN IN NARRATIVE),IL,2005,NONE,PASSENGER,PERSONAL,W,STRAIGHT AHEAD,,,1,,,,,,,,,,,,,,,,Y,,FRONT,,,,,,,,,,,,,,,,,,,,,,,,,,,,,,,,,
2112318,7f7211e88586b3fa1bd420afad2ecadf1bc12395c42224e1cd5a4e588ce99e3b53ee953051b814958d3ad21c868a1c621f8b6d291fa6bbf332555134f1f8a565,07/22/2025 05:44:00 PM,2,DRIVER,,2013698,,HYUNDAI,OTHER (EXPLAIN IN NARRATIVE),IL,2007,NONE,PASSENGER,PERSONAL,W,STRAIGHT AHEAD,Y,,1,,PRIVATE TOW,UNKNOWN,,,,,,,Y,,,,,,,,REAR,,,,,,,,,,,,,,,,,,,,,,,,,,,,,,,,,