CRASH_UNIT_ID,CRASH_RECORD_ID,CRASH_DATE,UNIT_NO,UNIT_TYPE,NUM_PASSENGERS,VEHICLE_ID,CMRC_VEH_I,MAKE,MODEL,LIC_PLATE_STATE,VEHICLE_YEAR,VEHICLE_DEFECT,VEHICLE_TYPE,VEHICLE_USE,TRAVEL_DIRECTION,MANEUVER,TOWED_I,FIRE_I,OCCUPANT_CNT,EXCEED_SPEED_LIMIT_I,TOWED_BY,TOWED_TO,AREA_00_I,AREA_01_I,AREA_02_I,AREA_03_I,AREA_04_I,AREA_05_I,AREA_06_I,AREA_07_I,AREA_08_I,AREA_09_I,AREA_10_I,AREA_11_I,AREA_12_I,AREA_99_I,FIRST_CONTACT_POINT,CMV_ID,USDOT_NO,CCMC_NO,ILCC_NO,COMMERCIAL_SRC,GVWR,CARRIER_NAME,CARRIER_STATE,CARRIER_CITY,HAZMAT_PLACARDS_I,HAZMAT_NAME,UN_NO,HAZMAT_PRESENT_I,HAZMAT_REPORT_I,HAZMAT_REPORT_NO,MCS_REPORT_I,MCS_REPORT_NO,HAZMAT_VIO_CAUSE_CRASH_I,MCS_VIO_CAUSE_CRASH_I,IDOT_PERMIT_NO,WIDE_LOAD_I,TRAILER1_WIDTH,TRAILER2_WIDTH,TRAILER1_LENGTH,TRAILER2_LENGTH,TOTAL_VEHICLE_LENGTH,AXLE_CNT,VEHICLE_CONFIG,CARGO_BODY_TYPE,LOAD_TYPE,HAZMAT_OUT_OF_SERVICE_I,MCS_OUT_OF_SERVICE_I,HAZMAT_CLASS
2112208,4f3599c7e7feb803afe2317c2210f7444dd7d5d26efff72578d66e80a413a0a15917ff3260adce7419362a0d554e7590504d997cb00144d0dc6ece0946809b8a,07/22/2025 05:41:00 PM,1,DRIVER,,2013579,,FORD,MUSTANG,IL,2005,UNKNOWN,PASSENGER,PERSONAL,N,ENTERING TRAFFIC LANE FROM PARKING,,,1,,,,,,,,,,,Y,,,,,,,SIDE-LEFT-REAR,,,,,,,,,,,,,,,,,,,,,,,,,,,,,,,,,
2112209,4f3599c7e7feb803afe2317c2210f7444dd7d5d26efff72578d66e80a413a0a15917ff3260adce7419362a0d554e7590504d997cb00144d0dc6ece0946809b8a,07/22/2025 05:41:00 PM,2,DRIVER,,2013583,,BMW,3 SERIES,IL,2016,UNKNOWN,PASSENGER,PERSONAL,N,STRAIGHT AHEAD,,,1,,,,,Y,,,,,,,,,,,,,FRONT-RIGHT-CORNER,,,,,,,,,,,,,,,,,,,,,,,,,,,,,,,,,
2112184,fee741108bce6f1810cae58ee17ce408ba958b19222af451a23bcb9b1fa14d6281158c1507a622ec95961206476a585c43364a2c43827af08f61c7ade9e155f8,07/22/2025 05:40:00 PM,1,DRIVER,,2013577,,CADILLAC,ESCALADE,IL,2023,UNKNOWN,SPORT UTILITY VEHICLE (SUV),PERSONAL,N,STRAIGHT AHEAD,,,1,,,,,,,,,,,,,,,,Y,,FRONT,,,,,,,,,,,,,,,,,,,,,,,,,,,,,,,,,
2112185,fee741108bce6f1810cae58ee17ce408ba958b19222af451a23bcb9b1fa14d6281158c1507a622ec95961206476a585c43364a2c43827af08f61c7ade9e155f8,07/22/2025 05:40:00 PM,2,DRIVER,,2013581,,CHEVROLET,EQUINOX,IL,2020,UNKNOWN,SPORT UTILITY VEHICLE (SUV),PERSONAL,E,STRAIGHT AHEAD,,,1,,,,,,Y,Y,Y,,,,,,,,,,SIDE-RIGHT,,,,,,,,,,,,,,,,,,,,,,,,,,,,,,,,,
2112194,af21a68e305f9acc2a8cf7a817728f0c0fe3b06ceaba56cb62bfa779895219d115813b92151248fa8976cbd879bd641efb47e7bfeb246f05fbc1b1c3173b6fb7,07/22/2025 05:34:00 PM,1,DRIVER,,2013565,,DODGE,CHALLENGER,IL,2011,UNKNOWN,PASSENGER,PERSONAL,N,STRAIGHT AHEAD,Y,,1,,PRIVATE TOW,,,Y,,,,,,,,,,Y,Y,,FRONT,,,,,,,,,,,,,,,,,,,,,,,,,,,,,,,,,
2112195,af21a68e305f9acc2a8cf7a817728f0c0fe3b06ceaba56cb62bfa779895219d115813b92151248fa8976cbd879bd641efb47e7bfeb246f05fbc1b1c3173b6fb7,07/22/2025 05:34:00 PM,2,DRIVER,,2013572,,JEEP,CHEROKEE,IL,2015,UNKNOWN,PASSENGER,PERSONAL,S,SLOW/STOP IN TRAFFIC,Y,,1,,PRIVATE TOW,,,,,,,Y,Y,Y,,,,,,Y,REAR-RIGHT-CORNER,,,,,,,,,,,,,,,,,,,,,,,,,,,,,,,,,
2112226,b1ebff1041d85806fe3dbe33a6c530fee51dd5b72b188bfa9d62bc8fc28e7a8c40e712d7ec4bce85cca962ebc0ecd0b9513ad882584363d8e171354fdd5e1b74,07/22/2025 05:32:00 PM,1,DRIVER,,2013595,,NISSAN,SENTRA,IL,2008,NONE,PASSENGER,PERSONAL,W,STRAIGHT AHEAD,Y,,1,,,,,Y,,,,,,,,,,Y,Y,,FRONT,,,,,,,,,,,,,,,,,,,,,,,,,,,,,,,,,
2112227,b1ebff1041d85806fe3dbe33a6c530fee51dd5b72b188bfa9d62bc8fc28e7a8c40e712d7ec4bce85cca962ebc0ecd0b9513ad882584363d8e171354fdd5e1b74,07/22/2025 05:32:00 PM,2,DRIVER,1,2013604,,HONDA,CR-V,IL,2015,NONE,SPORT UTILITY VEHICLE (SUV),PERSONAL,N,STRAIGHT AHEAD,Y,,2,,NATIONAL RECOVERY,4601 W ARMITAGE AVE,,,Y,Y,Y,,,,,,,,,,SIDE-RIGHT-REAR,,,,,,,,,,,,,,,,,,,,,,,,,,,,,,,,,
2112228,19004fc56a3f5c27fbe5db0e407147da5a4714c385d474d0ebc0b1c384df1ac13209bbd6145464656d3bafcf032b57450cf349b4a8ac15de1753aa11fdc03c12,07/22/2025 05:30:00 PM,1,DRIVER,,2013591,,UNKNOWN,OTHER (EXPLAIN IN NARRATIVE),,,UNKNOWN,PICKUP,UNKNOWN/NA,S,PASSING/OVERTAKING,,,1,,,,,,,,,,,,,,,,,Y,UNKNOWN,,,,,,,,,,,,,,,,,,,,,,,,,,,,,,,,,
2112229,19004fc56a3f5c27fbe5db0e407147da5a4714c385d474d0ebc0b1c384df1ac13209bbd6145464656d3bafcf032b57450cf349b4a8ac15de1753aa11fdc03c12,07/22/2025 05:30:00 PM,2,DRIVER,,2013599,,LINCOLN,MKZ,IL,2011,UNKNOWN,SPORT UTILITY VEHICLE (SUV),PERSONAL,S,STRAIGHT AHEAD,,,1,,,,,,Y,,,,,,,,,,,,SIDE-RIGHT-FRONT,,,,,,,,,,,,,,,,,,,,,,,,,,,,,,,,,
2112238,2e553c053848bd5f6d07b9ef65b481a8b1b8323d5b291ac4e4fe3f001bcfe48720a8d4d27adbde1f10dfa64f4b3fc9237eea246ce09f6defd3171a2b94738fe8,07/22/2025 05:30:00 PM,1,DRIVER,,2013613,,NISSAN,VERSA,MS,2016,UNKNOWN,PASSENGER,UNKNOWN/NA,W,U-TURN,,,1,,,,,,,,,,,,,,,N,,Y,SIDE-LEFT,,,,,,,,,,,,,,,,,,,,,,,,,,,,,,,,,
2112239,2e553c053848bd5f6d07b9ef65b481a8b1b8323d5b291ac4e4fe3f001bcfe48720a8d4d27adbde1f10dfa64f4b3fc9237eea246ce09f6defd3171a2b94738fe8,07/22/2025 05:30:00 PM,2,DRIVER,,2013602,,TOYOTA,CAMRY,IL,2017,UNKNOWN,PASSENGER,OTHER,E,STRAIGHT AHEAD,,,1,,,,,Y,Y,,,,,,,,,,,,SIDE-RIGHT-FRONT,,,,,,,,,,,,,,,,,,,,,,,,,,,,,,,,,
2112182,c56e73bdb2b759e0fc1e54d45f206bd21542bd9ac76cc634d65f03a4f89f2dad594d186ddef841f5a4056d4200472b6aa8b7f203d246f95867afc760b32d5c50,07/22/2025 05:30:00 PM,1,DRIVER,,2013552,,FORD,ESCAPE,IL,2013,UNKNOWN,PASSENGER,PERSONAL,S,STRAIGHT AHEAD,,,1,,,,,,,,,,,,,,N,Y,Y,,FRONT-LEFT-CORNER,,,,,,,,,,,,,,,,,,,,,,,,,,,,,,,,,
2112183,c56e73bdb2b759e0fc1e54d45f206bd21542bd9ac76cc634d65f03a4f89f2dad594d186ddef841f5a4056d4200472b6aa8b7f203d246f95867afc760b32d5c50,07/22/2025 05:30:00 PM,2,DRIVER,,2013558,,TOYOTA,HIGHLANDER,,2001,NONE,PASSENGER,PERSONAL,S,STRAIGHT AHEAD,,,1,,,,,,,,,,,,,,Y,Y,Y,,FRONT-LEFT-CORNER,,,,,,,,,,,,,,,,,,,,,,,,,,,,,,,,,
2112381,c66b05c9f52c74e730a43c6ed8e588f6d7a4e0da89fbf837e432da1840b613b849e7bf98b4aa347ccb8d585cf56974838d537bbb44c536b1d786a71662aa2bea,07/22/2025 05:30:00 PM,1,DRIVER,,2013738,,HONDA,CIVIC,,,UNKNOWN,PASSENGER,UNKNOWN/NA,N,STRAIGHT AHEAD,,,1,,,,,,,,,,,,,,,,,Y,FRONT,,,,,,,,,,,,,,,,,,,,,,,,,,,,,,,,,
2112382,c66b05c9f52c74e730a43c6ed8e588f6d7a4e0da89fbf837e432da1840b613b849e7bf98b4aa347ccb8d585cf56974838d537bbb44c536b1d786a71662aa2bea,07/22/2025 05:30:00 PM,2,BICYCLE,,,,,,,,,,,,,,,,,,,,,,,,,,,,,,,,,,,,,,,,,,,,,,,,,,,,,,,,,,,,,,,,,,
2112198,d3ef671658fed9303de661323a381499393e5cc39a27f20acb6cc9cd7073de7c7641d98170f4d5fab0cdb16d8510ba6e39b03e08f1e14dfd7e2c94d4110b4250,07/22/2025 05:30:00 PM,1,DRIVER,,2013576,,JEEP,PATRIOT,IL,2016,UNKNOWN,PASSENGER,PERSONAL,SW,TURNING LEFT,,,1,,,,,,,,,,,,,,Y,Y,Y,,FRONT-LEFT-CORNER,,,,,,,,,,,,,,,,,,,,,,,,,,,,,,,,,
2112199,d3ef671658fed9303de661323a381499393e5cc39a27f20acb6cc9cd7073de7c7641d98170f4d5fab0cdb16d8510ba6e39b03e08f1e14dfd7e2c94d4110b4250,07/22/2025 05:30:00 PM,2,DRIVER,,2013578,,HONDA,CR-V,IL,2018,UNKNOWN,PASSENGER,PERSONAL,E,STRAIGHT AHEAD,,,1,,,,,,,,,,,Y,Y,Y,,N,,,SIDE-LEFT,,,,,,,,,,,,,,,,,,,,,,,,,,,,,,,,,
2112206,f9e5835cec7ab30699d12d0fdbd6aad34a892120d13bdcbd19da3eae83d5658ad2180cdeace75c247732457bb80e6a3f8c874386c5db9c762326cc1d4f05b8b9,07/22/2025 05:30:00 PM,1,DRIVER,,2013574,,HONDA,CIVIC,AR,2019,FUEL SYSTEM,PASSENGER,PERSONAL,W,SLOW/STOP IN TRAFFIC,,,1,,,,,,,,,,,,,,,,,Y,FRONT,,,,,,,,,,,,,,,,,,,,,,,,,,,,,,,,,
2112207,f9e5835cec7ab30699d12d0fdbd6aad34a892120d13bdcbd19da3eae83d5658ad2180cdeace75c247732457bb80e6a3f8c874386c5db9c762326cc1d4f05b8b9,07/22/2025 05:30:00 PM,2,BICYCLE,,,,,,,,,,,,,,,,,,,,,,,,,,,,,,,,,,,,,,,,,,,,,,,,,,,,,,,,,,,,,,,,,,
2112162,15973a009284e69bab2fd24273d20e1300cc3bcc42960f45d3f86f7541b6a4da24600182b7e5b2937756e5168cafb43c85d8d273acb6e00bd1a8178f21ee1bcb,07/22/2025 05:23:00 PM,1,DRIVER,1,2013530,,LINCOLN,MKX,IL,2008,UNKNOWN,PASSENGER,PERSONAL,W,TURNING LEFT,,,2,,,,,Y,,,,,,,,,,,,,FRONT-RIGHT-CORNER,,,,,,,,,,,,,,,,,,,,,,,,,,,,,,,,,
2112163,15973a009284e69bab2fd24273d20e1300cc3bcc42960f45d3f86f7541b6a4da24600182b7e5b2937756e5168cafb43c85d8d273acb6e00bd1a8178f21ee1bcb,07/22/2025 05:23:00 PM,2,DRIVER,1,2013538,,FORD,ECOSPORT,IL,2020,UNKNOWN,PASSENGER,PERSONAL,N,STRAIGHT AHEAD,,,2,,,,,,,,,Y,,,,,,,,,REAR-RIGHT-CORNER,,,,,,,,,,,,,,,,,,,,,,,,,,,,,,,,,
2112249,9fbc1a0f8423bf5fa922b9bcfff5279dfa215ca4b2e360ff8879465420279cd2f3b3c270e1738901acbdd04c0bf4629ba82815378997bf32444b080cf89bd8cc,07/22/2025 05:21:00 PM,1,DRIVER,,2013615,,TOYOTA,PRIUS,IL,2013,UNKNOWN,PASSENGER,UNKNOWN/NA,W,PASSING/OVERTAKING,,,1,,,,,,,,,,,,,,,,,Y,UNKNOWN,,,,,,,,,,,,,,,,,,,,,,,,,,,,,,,,,
2112250,9fbc1a0f8423bf5fa922b9bcfff5279dfa215ca4b2e360ff8879465420279cd2f3b3c270e1738901acbdd04c0bf4629ba82815378997bf32444b080cf89bd8cc,07/22/2025 05:21:00 PM,2,DRIVER,,2013624,,HONDA,HR-V,IL,2025,UNKNOWN,SPORT UTILITY VEHICLE (SUV),UNKNOWN/NA,W,STRAIGHT AHEAD,,,1,,,,,,,,,Y,,,,,,,,,REAR-RIGHT-CORNER,,,,,,,,,,,,,,,,,,,,,,,,,,,,,,,,,
2112164,6c11db66c616b20841eae5cf0d63b1fe09918fb41a9f325605475d671266ec3615c7bbc58aab89de7830da39eae9996a0524923c6423787a5b0bfce62d5bb920,07/22/2025 05:18:00 PM,1,DRIVER,,2013534,,ACURA,RLX,IL,2005,NONE,SPORT UTILITY VEHICLE (SUV),PERSONAL,SE,LEAVING TRAFFIC LANE TO PARK,,,1,,,,N,Y,Y,,,,,,,,,,,,SIDE-RIGHT,,,,,,,,,,,,,,,,,,,,,,,,,,,,,,,,,
2112165,6c11db66c616b20841eae5cf0d63b1fe09918fb41a9f325605475d671266ec3615c7bbc58aab89de7830da39eae9996a0524923c6423787a5b0bfce62d5bb920,07/22/2025 05:18:00 PM,2,PARKED,,2013539,,TOYOTA,CAMRY,IL,2021,NONE,PASSENGER,PERSONAL,SE,PARKED,,,0,,,,,,,,,,,,,,Y,Y,,,FRONT-LEFT-CORNER,,,,,,,,,,,,,,,,,,,,,,,,,,,,,,,,,
2112210,c7db57010512f23d9f01565cee62a4c0b0887a106edb9cd39fcf678998350be95f15fab1007cfea4339fc1d5d42ef16250dafcd8fd8b71f040c7cf1a051a1675,07/22/2025 05:16:00 PM,1,DRIVER,,2013589,,HONDA,OTHER (EXPLAIN IN NARRATIVE),IN,2012,UNKNOWN,PASSENGER,PERSONAL,E,MERGING,,,1,,,,,,,,,,,,,,Y,Y,,,FRONT-LEFT-CORNER,,,,,,,,,,,,,,,,,,,,,,,,,,,,,,,,,
2112211,c7db57010512f23d9f01565cee62a4c0b0887a106edb9cd39fcf678998350be95f15fab1007cfea4339fc1d5d42ef16250dafcd8fd8b71f040c7cf1a051a1675,07/22/2025 05:16:00 PM,2,DRIVER,1,2013600,,MERCEDES-BENZ,OTHER (EXPLAIN IN NARRATIVE),IL,2024,NONE,PASSENGER,PERSONAL,E,STRAIGHT AHEAD,,,2,,,,,Y,Y,Y,Y,Y,,,,,,,,,SIDE-RIGHT,,,,,,,,,,,,,,,,,,,,,,,,,,,,,,,,,
2112527,c9c0d61fcf9465ead052acaeb5912851d1bec45db092a22e65c92d75d5f5fb1117a455f5a3f71bf083f39d1d0e80536dd386a008e75109682f023b227b753ae1,07/22/2025 05:15:00 PM,1,DRIVER,,2013885,,UNKNOWN,MOTORIZED,,,UNKNOWN,UNKNOWN/NA,UNKNOWN/NA,E,STRAIGHT AHEAD,,,1,,,,,,,,,,,,,,,,Y,,FRONT,,,,,,,,,,,,,,,,,,,,,,,,,,,,,,,,,
2112528,c9c0d61fcf9465ead052acaeb5912851d1bec45db092a22e65c92d75d5f5fb1117a455f5a3f71bf083f39d1d0e80536dd386a008e75109682f023b227b753ae1,07/22/2025 05:15:00 PM,2,DRIVER,,2013891,,LINCOLN,MKZ,IL,2017,NONE,PASSENGER,PERSONAL,E,STRAIGHT AHEAD,,,1,,,,,,,,,,Y,,,,,,,,REAR,,,,,,,,,,,,,,,,,,,,,,,,,,,,,,,,,
2112186,5b1ff2849f621c31533c0ce7a3122ee01bcc3efa6fed4011c5247a3722f718fc3d49e909843399da531e34c99ba5f82ba118e8e6021ebdc9a734cce90781fb01,07/22/2025 05:10:00 PM,1,DRIVER,,2013559,,TOYOTA,PRIUS,IL,2012,UNKNOWN,UNKNOWN/NA,UNKNOWN/NA,UNKNOWN,UNKNOWN/NA,,,1,,,,,,,,,Y,Y,Y,,,,,,,REAR,,,,,,,,,,,,,,,,,,,,,,,,,,,,,,,,,
2112187,5b1ff2849f621c31533c0ce7a3122ee01bcc3efa6fed4011c5247a3722f718fc3d49e909843399da531e34c99ba5f82ba118e8e6021ebdc9a734cce90781fb01,07/22/2025 05:10:00 PM,2,DRIVER,,2013570,,FORD,LASER,IL,,UNKNOWN,PASSENGER,PERSONAL,UNKNOWN,UNKNOWN/NA,,,1,,,,,Y,,,,,,,,,,Y,Y,,FRONT,,,,,,,,,,,,,,,,,,,,,,,,,,,,,,,,,
2112423,008277efb46cbfc723eab8ef729ede988cbc255e5302cb2dc331c50d2525b6f1de8368004108e159fccd8144b226d059837d6fb488ab3f15dc37d94d19d5e53b,07/22/2025 05:07:00 PM,1,DRIVER,,2013781,,TOYOTA,OTHER (EXPLAIN IN NARRATIVE),IL,,UNKNOWN,SPORT UTILITY VEHICLE (SUV),UNKNOWN/NA,E,TURNING RIGHT,,,1,,,,,,,,,,,,,,,,,,UNKNOWN,,,,,,,,,,,,,,,,,,,,,,,,,,,,,,,,,
2112424,008277efb46cbfc723eab8ef729ede988cbc255e5302cb2dc331c50d2525b6f1de8368004108e159fccd8144b226d059837d6fb488ab3f15dc37d94d19d5e53b,07/22/2025 05:07:00 PM,2,BICYCLE,,,,,,,,,,,,,,,,,,,,,,,,,,,,,,,,,,,,,,,,,,,,,,,,,,,,,,,,,,,,,,,,,,
2112155,09838fd29a28e0350ed0970c791bca32fbadf3568c12e0dab9f235264ce5a64ef3e3af57fc793520f9ea7b89e119e7a494a067fc8b897f2f3b699f4d6275e155,07/22/2025 05:00:00 PM,1,DRIVER,,2013545,,UTILITY TRAILER MANUFACTURING COMPANY,"\"UTILITY TRAILER MFG. CO.(\"\"UTILITY\"\" TRAILERS)\"",IL,2010,NONE,TRACTOR W/ SEMI-TRAILER,COMMERCIAL - SINGLE UNIT,S,STRAIGHT AHEAD,,,1,,,,,,,,Y,,,Y,,Y,Y,,,,FRONT-RIGHT-CORNER,,,,,,,,,,,,,,,,,,,,,,,,,,,,,,,,,
2112240,569f03efc001df8f0dc228f47bf41919b675b7704af3128b441bcb742885e7faa154a7957686806865d4d17a26782b727a6a505685ac47252ace8ab696a1bbb4,07/22/2025 05:00:00 PM,1,DRIVER,,2013605,,UNKNOWN,OTHER (EXPLAIN IN NARRATIVE),,,UNKNOWN,UNKNOWN/NA,UNKNOWN/NA,N,UNKNOWN/NA,,,1,,,,,,,,,,,,,,,,,Y,UNKNOWN,,,,,,,,,,,,,,,,,,,,,,,,,,,,,,,,,
2112241,569f03efc001df8f0dc228f47bf41919b675b7704af3128b441bcb742885e7faa154a7957686806865d4d17a26782b727a6a505685ac47252ace8ab696a1bbb4,07/22/2025 05:00:00 PM,2,DRIVER,,2013617,,TOYOTA,PRIUS,IL,2014,UNKNOWN,PASSENGER,TAXI/FOR HIRE,N,STRAIGHT AHEAD,,,1,,,,,,,,,,,Y,,,,,,,REAR-LEFT-CORNER,,,,,,,,,,,,,,,,,,,,,,,,,,,,,,,,,
2112702,5e40656a076f9d49a1c5e586915b0f380e166dbbc11bfa3f5dc0b641c79ab86f4de1e591f384676df5cc2377f8c4f5d262ca3adc56107563651bf4f37098ca83,07/22/2025 05:00:00 PM,1,DRIVER,,2014072,,NISSAN,OTHER (EXPLAIN IN NARRATIVE),IL,,UNKNOWN,PASSENGER,UNKNOWN/NA,S,TURNING LEFT,,,1,,,,,,,,,,,,Y,Y,,,,,SIDE-LEFT,,,,,,,,,,,,,,,,,,,,,,,,,,,,,,,,,
2112703,5e40656a076f9d49a1c5e586915b0f380e166dbbc11bfa3f5dc0b641c79ab86f4de1e591f384676df5cc2377f8c4f5d262ca3adc56107563651bf4f37098ca83,07/22/2025 05:00:00 PM,2,DRIVER,,2014063,,HONDA,ACCORD,IL,,UNKNOWN,PASSENGER,PERSONAL,S,TURNING LEFT,,,1,,,,,Y,Y,,,,,,,,,,,,FRONT-RIGHT-CORNER,,,,,,,,,,,,,,,,,,,,,,,,,,,,,,,,,
2112232,848bc95abb7124090bcdcaeef9b03d6178628bb94813aa035b839d4f59519256accead347a63bdc20215a9a4107293b29f67d8f650316bfeb6b5492015d07cbe,07/22/2025 05:00:00 PM,1,DRIVER,,2013593,,UNKNOWN,MOTORIZED,,,UNKNOWN,PICKUP,UNKNOWN/NA,W,STRAIGHT AHEAD,,,1,,,,,,,,,,,,,,,,,Y,UNKNOWN,,,,,,,,,,,,,,,,,,,,,,,,,,,,,,,,,
2112233,848bc95abb7124090bcdcaeef9b03d6178628bb94813aa035b839d4f59519256accead347a63bdc20215a9a4107293b29f67d8f650316bfeb6b5492015d07cbe,07/22/2025 05:00:00 PM,2,PARKED,,2013603,,FORD,OTHER (EXPLAIN IN NARRATIVE),IL,2020,NONE,BUS UP TO 15 PASS.,OTHER,W,PARKED,,,0,,,,,,,,,,,,,,Y,,,,SIDE-LEFT-FRONT,,,,,,,,,,,,,,,,,,,,,,,,,,,,,,,,,
2112537,ca32ba6f8bed5c737e5408ecccffaf5acf48c765c4e12088cff2ebed514a8285e832d5fbd2099f62636f49ee06793ccc4465bfc6d001fdeaf7860d787db6e27d,07/22/2025 05:00:00 PM,1,DRIVER,,2013897,,TOYOTA,RAV4,IL,2007,UNKNOWN,SPORT UTILITY VEHICLE (SUV),PERSONAL,N,BACKING,,,1,,,,,,,,,,,Y,,,,,,,REAR-LEFT-CORNER,,,,,,,,,,,,,,,,,,,,,,,,,,,,,,,,,
2112538,ca32ba6f8bed5c737e5408ecccffaf5acf48c765c4e12088cff2ebed514a8285e832d5fbd2099f62636f49ee06793ccc4465bfc6d001fdeaf7860d787db6e27d,07/22/2025 05:00:00 PM,2,DRIVER,1,2013907,,TOYOTA,CAMRY,IL,2014,UNKNOWN,PASSENGER,PERSONAL,E,SLOW/STOP IN TRAFFIC,,,2,,,,,,,,,Y,Y,,,,,,,,REAR,,,,,,,,,,,,,,,,,,,,,,,,,,,,,,,,,
2112151,d7638139180197435b641d885297de26cbb33322d56580bddaf84f6bccaf600fdfe52c5549e66f4197af60ae6cf29c5d4f1d8236dc288e8fee17049de1195202,07/22/2025 05:00:00 PM,1,DRIVER,,2013529,,VOLKSWAGEN,OTHER (EXPLAIN IN NARRATIVE),IL,,UNKNOWN,PASSENGER,PERSONAL,W,STRAIGHT AHEAD,,,1,,,,,Y,Y,,,,,,,,,,Y,,FRONT-RIGHT-CORNER,,,,,,,,,,,,,,,,,,,,,,,,,,,,,,,,,
2112152,d7638139180197435b641d885297de26cbb33322d56580bddaf84f6bccaf600fdfe52c5549e66f4197af60ae6cf29c5d4f1d8236dc288e8fee17049de1195202,07/22/2025 05:00:00 PM,2,DRIVER,,2013523,,LEXUS,OTHER (EXPLAIN IN NARRATIVE),IL,,UNKNOWN,PASSENGER,PERSONAL,S,STRAIGHT AHEAD,,,1,,,,,,,,,,,,,,Y,Y,Y,,FRONT-LEFT-CORNER,,,,,,,,,,,,,,,,,,,,,,,,,,,,,,,,,
2112147,9665765dd06de6474c70a0fdbebd01dbfecc869e221b79522503f7729a31cc2f4ad66b3c0806c2620dad30474db4a677ed0a9e2ad436022370fa46ea80e3c07a,07/22/2025 04:50:00 PM,1,DRIVER,3,2013519,,JEEP,GRAND CHEROKEE,IL,2015,NONE,PASSENGER,UNKNOWN/NA,N,STRAIGHT AHEAD,,,4,,,,,,,,,,,,Y,Y,Y,,,,SIDE-LEFT,,,,,,,,,,,,,,,,,,,,,,,,,,,,,,,,,
2112148,9665765dd06de6474c70a0fdbebd01dbfecc869e221b79522503f7729a31cc2f4ad66b3c0806c2620dad30474db4a677ed0a9e2ad436022370fa46ea80e3c07a,07/22/2025 04:50:00 PM,2,DRIVER,,2013525,,NISSAN,ROGUE,IL,2022,NONE,PASSENGER,UNKNOWN/NA,E,STRAIGHT AHEAD,,,1,,,,,Y,Y,,,,,,,,,,,,FRONT-RIGHT-CORNER,,,,,,,,,,,,,,,,,,,,,,,,,,,,,,,,,
2112156,70ecefa358476e071cd6238b22944270cea83910b10c3106ecbbd9b2a1c7341848d5c6b807ed0dc5bb20a313718fa296214d3b355f4d6458272477577755c2a7,07/22/2025 04:47:00 PM,1,DRIVER,,2013524,,CHEVROLET,MALIBU,MI,2014,UNKNOWN,PASSENGER,UNKNOWN/NA,W,STRAIGHT AHEAD,,,1,,,,,,,,,,,,,,,,Y,,FRONT,,,,,,,,,,,,,,,,,,,,,,,,,,,,,,,,,
2112157,70ecefa358476e071cd6238b22944270cea83910b10c3106ecbbd9b2a1c7341848d5c6b807ed0dc5bb20a313718fa296214d3b355f4d6458272477577755c2a7,07/22/2025 04:47:00 PM,2,DRIVER,3,2013528,,CHEVROLET,TAHOE,IL,2015,NONE,SPORT UTILITY VEHICLE (SUV),PERSONAL,W,SLOW/STOP IN TRAFFIC,,,4,,,,,,,,,,Y,,,,,,,,REAR,,,,,,,,,,,,,,,,,,,,,,,,,,,,,,,,,
2112129,22d6d153d19a82f06f898fb3a714c4c1731937b1e425acb70fc55c007e8bb02b20af2d80e739f99f9e436db8d6e5952b7c28446261f413b3209b606e577acf67,07/22/2025 04:45:00 PM,1,DRIVER,,2013497,,CHRYSLER,200,IL,2015,UNKNOWN,PASSENGER,UNKNOWN/NA,E,STRAIGHT AHEAD,,,1,,,,,,,,,,,,,,,,,Y,FRONT-LEFT-CORNER,,,,,,,,,,,,,,,,,,,,,,,,,,,,,,,,,
2112130,22d6d153d19a82f06f898fb3a714c4c1731937b1e425acb70fc55c007e8bb02b20af2d80e739f99f9e436db8d6e5952b7c28446261f413b3209b606e577acf67,07/22/2025 04:45:00 PM,2,DRIVER,,2013503,,HONDA,FIT,IL,2009,UNKNOWN,PASSENGER,UNKNOWN/NA,E,SLOW/STOP IN TRAFFIC,,,1,,,,,,,,,Y,,,,,,,,,SIDE-RIGHT-REAR,,,,,,,,,,,,,,,,,,,,,,,,,,,,,,,,,
2112234,be1f5bbf3dd3576f0da9b1394d27a13ba3fc35950c7ba36799ce707a36ffdcef1f76372def22f041ab7f58250694cfd9750465ac4fcdfe083315463de9b68654,07/22/2025 04:45:00 PM,1,DRIVER,,2013598,,FORD,OTHER (EXPLAIN IN NARRATIVE),IL,,UNKNOWN,PASSENGER,PERSONAL,E,STRAIGHT AHEAD,,,1,,,,,,,,,,,Y,Y,Y,Y,Y,,,SIDE-LEFT,,,,,,,,,,,,,,,,,,,,,,,,,,,,,,,,,
2112235,be1f5bbf3dd3576f0da9b1394d27a13ba3fc35950c7ba36799ce707a36ffdcef1f76372def22f041ab7f58250694cfd9750465ac4fcdfe083315463de9b68654,07/22/2025 04:45:00 PM,2,DRIVER,,2013612,,HONDA,CR-V,IL,2020,NONE,PASSENGER,PERSONAL,E,STRAIGHT AHEAD,,,1,,,,,Y,Y,Y,Y,Y,,,,,,,,,SIDE-RIGHT,,,,,,,,,,,,,,,,,,,,,,,,,,,,,,,,,
2112158,50f427c7364b1483b3b1eb5fd74bcf6754b2df0459dd4c97bf34d0b99f39da1d1a304ca9f542c3f0c1a15edb77adbca0c9e7fcd8af59efb825656c9e66a4b7a8,07/22/2025 04:44:00 PM,1,DRIVER,,2013526,,TOYOTA,AVALON,IL,2008,NONE,PASSENGER,PERSONAL,W,TURNING RIGHT,,,1,,,,Y,,,,,,,,,,,,,,FRONT-LEFT-CORNER,,,,,,,,,,,,,,,,,,,,,,,,,,,,,,,,,