CRASH_UNIT_ID,CRASH_RECORD_ID,CRASH_DATE,UNIT_NO,UNIT_TYPE,NUM_PASSENGERS,VEHICLE_ID,CMRC_VEH_I,MAKE,MODEL,LIC_PLATE_STATE,VEHICLE_YEAR,VEHICLE_DEFECT,VEHICLE_TYPE,VEHICLE_USE,TRAVEL_DIRECTION,MANEUVER,TOWED_I,FIRE_I,OCCUPANT_CNT,EXCEED_SPEED_LIMIT_I,TOWED_BY,TOWED_TO,AREA_00_I,AREA_01_I,AREA_02_I,AREA_03_I,AREA_04_I,AREA_05_I,AREA_06_I,AREA_07_I,AREA_08_I,AREA_09_I,AREA_10_I,AREA_11_I,AREA_12_I,AREA_99_I,FIRST_CONTACT_POINT,CMV_ID,USDOT_NO,CCMC_NO,ILCC_NO,COMMERCIAL_SRC,GVWR,CARRIER_NAME,CARRIER_STATE,CARRIER_CITY,HAZMAT_PLACARDS_I,HAZMAT_NAME,UN_NO,HAZMAT_PRESENT_I,HAZMAT_REPORT_I,HAZMAT_REPORT_NO,MCS_REPORT_I,MCS_REPORT_NO,HAZMAT_VIO_CAUSE_CRASH_I,MCS_VIO_CAUSE_CRASH_I,IDOT_PERMIT_NO,WIDE_LOAD_I,TRAILER1_WIDTH,TRAILER2_WIDTH,TRAILER1_LENGTH,TRAILER2_LENGTH,TOTAL_VEHICLE_LENGTH,AXLE_CNT,VEHICLE_CONFIG,CARGO_BODY_TYPE,LOAD_TYPE,HAZMAT_OUT_OF_SERVICE_I,MCS_OUT_OF_SERVICE_I,HAZMAT_CLASS
2112159,50f427c7364b1483b3b1eb5fd74bcf6754b2df0459dd4c97bf34d0b99f39da1d1a304ca9f542c3f0c1a15edb77adbca0c9e7fcd8af59efb825656c9e66a4b7a8,07/22/2025 04:44:00 PM,2,BICYCLE,,,,,,,,,,,,,,,,,,,,,,,,,,,,,,,,,,,,,,,,,,,,,,,,,,,,,,,,,,,,,,,,,,
2112125,3b67f3a63c0b562f8eda249bc1035b5081ef203bfd7dcf4b5b9f88a981d6beb5bc397d25fe938ccf6103d6546e4113e33b3d24dfccfdbaf1a3e326ec1e42972a,07/22/2025 04:43:00 PM,1,DRIVER,,2013506,Y,"MACK TRAILER MANUFACTURING COMPANY, INC. (DETRIOT, MI)","MACK TRAILER MFG. CO., INC., DETRIOT, MI",IL,2019,NONE,OTHER,OTHER,E,OTHER,,,1,,,,,,,,,,,,,,,,,,NONE,"21,871",,,,DRIVER,2,MCMAHON  TRANSPORT GROUP LLC,IL,LOCKPORT,,,02,N,,,U,,Y,U,,,>102,>102,,,,,TRUCK/TRAILER,TANK,UNKNOWN,N,N,MISCELLANEOUS
2112126,3b67f3a63c0b562f8eda249bc1035b5081ef203bfd7dcf4b5b9f88a981d6beb5bc397d25fe938ccf6103d6546e4113e33b3d24dfccfdbaf1a3e326ec1e42972a,07/22/2025 04:43:00 PM,2,PARKED,,2013513,,TOYOTA,PRIUS,IL,2026,NONE,PASSENGER,NOT IN USE,E,PARKED,,,0,,,,,,,,,Y,,,,,,,,,SIDE-RIGHT,,,,,,,,,,,,,,,,,,,,,,,,,,,,,,,,,
2112529,8018608304c30270997faed67947fedd77e08031a68fffa04b93670762675d52c2b40636cbd78397990a4af86550f09770c59fbbcd564672f78fe701835f8f4e,07/22/2025 04:40:00 PM,1,DRIVER,,2013892,,HYUNDAI,TUCSON,IL,2022,NONE,SPORT UTILITY VEHICLE (SUV),PERSONAL,N,BACKING,,,1,,,,,Y,,,,,,,,,,,,,FRONT-RIGHT-CORNER,,,,,,,,,,,,,,,,,,,,,,,,,,,,,,,,,
2112530,8018608304c30270997faed67947fedd77e08031a68fffa04b93670762675d52c2b40636cbd78397990a4af86550f09770c59fbbcd564672f78fe701835f8f4e,07/22/2025 04:40:00 PM,2,PARKED,,2013895,,TESLA,MODEL S,,,UNKNOWN,PASSENGER,UNKNOWN/NA,N,PARKED,,,0,,,,,,,,,,,Y,,,,,,,REAR-LEFT-CORNER,,,,,,,,,,,,,,,,,,,,,,,,,,,,,,,,,
2112127,e8ccf51e03d3473440d85776c2e8e8602c32bf75dcd500638374558c36962eb2a82ffc767f0aa7f51c219abfa5da42706ef202c034e2c33fed45ab65869e428d,07/22/2025 04:40:00 PM,1,DRIVER,,2013496,,NISSAN,ROGUE,IN,2015,UNKNOWN,SPORT UTILITY VEHICLE (SUV),UNKNOWN/NA,UNKNOWN,BACKING,,,1,,,,,,,,,,,,,,,,,Y,REAR,,,,,,,,,,,,,,,,,,,,,,,,,,,,,,,,,
2112128,e8ccf51e03d3473440d85776c2e8e8602c32bf75dcd500638374558c36962eb2a82ffc767f0aa7f51c219abfa5da42706ef202c034e2c33fed45ab65869e428d,07/22/2025 04:40:00 PM,2,PARKED,,2013500,,CADILLAC,CT5,IL,2020,UNKNOWN,PASSENGER,PERSONAL,W,PARKED,,,0,,,,,,,,Y,Y,Y,,,,,,,,REAR-RIGHT-CORNER,,,,,,,,,,,,,,,,,,,,,,,,,,,,,,,,,
2112142,e142766a6826e6ba3e617747aa2a38f63bc0189aba5bdb6894e503cd065d84093fb0a19eeb94670df2f8f02ddad5dd4716c9069104806c7437afac2f547c27b6,07/22/2025 04:32:00 PM,1,DRIVER,2,2013516,,FORD,F450,IL,2015,UNKNOWN,TRUCK - SINGLE UNIT,PERSONAL,N,TURNING LEFT,,,3,,,,,,,,,,,,,,,,,,OTHER,,,,,,,,,,,,,,,,,,,,,,,,,,,,,,,,,
2112143,e142766a6826e6ba3e617747aa2a38f63bc0189aba5bdb6894e503cd065d84093fb0a19eeb94670df2f8f02ddad5dd4716c9069104806c7437afac2f547c27b6,07/22/2025 04:32:00 PM,2,DRIVER,,2013533,,DODGE,GRAND CARAVAN,IL,2020,UNKNOWN,PASSENGER,PERSONAL,N,STRAIGHT AHEAD,,,1,,,,,Y,,,,,,,,,,Y,Y,,FRONT-LEFT-CORNER,,,,,,,,,,,,,,,,,,,,,,,,,,,,,,,,,
2112307,7e4731bdd08db1d25b4c0bc311e1e63bc49ba75aad4d179ff6b07909ef671d7c65247bc14f334c3acd77c447b33a114cc52339602595679091fb81d545e5a401,07/22/2025 04:30:00 PM,1,BICYCLE,,,,,,,,,,,,,,,,,,,,,,,,,,,,,,,,,,,,,,,,,,,,,,,,,,,,,,,,,,,,,,,,,,
2112308,7e4731bdd08db1d25b4c0bc311e1e63bc49ba75aad4d179ff6b07909ef671d7c65247bc14f334c3acd77c447b33a114cc52339602595679091fb81d545e5a401,07/22/2025 04:30:00 PM,2,DRIVER,,2013677,,CHEVROLET,TRAVERSE,IL,2017,NONE,SPORT UTILITY VEHICLE (SUV),PERSONAL,E,ENTERING TRAFFIC LANE FROM PARKING,,,1,,,,,,,,,,,,,,,Y,Y,,FRONT,,,,,,,,,,,,,,,,,,,,,,,,,,,,,,,,,
2112149,b8a6855723a11d4a6d2d46291b10f34a42d5fba6ffb39d2a1c1851e68aedc8fdea0223fdf631af7058de182ff46ef157ed165ab192cc83be389a75a01582b7f0,07/22/2025 04:29:00 PM,1,DRIVER,,2013551,,CHEVROLET,SILVERADO,IL,2001,UNKNOWN,PICKUP,UNKNOWN/NA,N,TURNING LEFT,,,1,,,,,Y,,,,,,,,,,Y,Y,,FRONT,,,,,,,,,,,,,,,,,,,,,,,,,,,,,,,,,
2112150,b8a6855723a11d4a6d2d46291b10f34a42d5fba6ffb39d2a1c1851e68aedc8fdea0223fdf631af7058de182ff46ef157ed165ab192cc83be389a75a01582b7f0,07/22/2025 04:29:00 PM,2,DRIVER,1,2013557,,HYUNDAI,ELANTRA,MO,2024,NONE,PASSENGER,PERSONAL,E,STARTING IN TRAFFIC,,,2,,,,,Y,N,,,,,,,,,,Y,,FRONT,,,,,,,,,,,,,,,,,,,,,,,,,,,,,,,,,
2112176,bc5bbcf0df4cd90cc3aa2f2f1c36adfd2c53645f1d97230a0aad82d68ca83551f96625049d44e095acdba6b63a0bd84165c31709fbfbff444a5e7e202bdb7bc0,07/22/2025 04:25:00 PM,1,DRIVER,,2013549,N,NEW FLYER,D40LF,IL,2006,UNKNOWN,BUS OVER 15 PASS.,CTA,W,TURNING RIGHT,Y,,1,,Private tow,unknown,,Y,,,,,,,,,,Y,Y,,FRONT,,,,,,,,,,,,,,,,,,,,,,,,,,,,,,,,,
2112177,bc5bbcf0df4cd90cc3aa2f2f1c36adfd2c53645f1d97230a0aad82d68ca83551f96625049d44e095acdba6b63a0bd84165c31709fbfbff444a5e7e202bdb7bc0,07/22/2025 04:25:00 PM,2,PARKED,,2013555,,HONDA,CR-V,IL,2018,UNKNOWN,PASSENGER,PERSONAL,SW,PARKED,,,0,,,,,Y,,,,,,,,,,,Y,,FRONT-RIGHT-CORNER,,,,,,,,,,,,,,,,,,,,,,,,,,,,,,,,,
2112174,f21906d8c10fba954ec6eed559e93d58c2ece23812ecbaa3a4963ded801ddef8e2ff4ecf34f325022ada41d561566c04728422031c1d893598610c507ccb6762,07/22/2025 04:21:00 PM,1,DRIVER,1,2013544,,MAZDA,CX-5,IL,2020,UNKNOWN,PASSENGER,OTHER,S,STRAIGHT AHEAD,Y,,2,,CITY POUND 2,CITY POUND 2,,Y,Y,Y,Y,Y,Y,,,,,,,,SIDE-RIGHT-REAR,,,,,,,,,,,,,,,,,,,,,,,,,,,,,,,,,
2112175,f21906d8c10fba954ec6eed559e93d58c2ece23812ecbaa3a4963ded801ddef8e2ff4ecf34f325022ada41d561566c04728422031c1d893598610c507ccb6762,07/22/2025 04:21:00 PM,2,DRIVER,,2013553,,CHEVROLET,SUBURBAN,IL,2013,NONE,UNKNOWN/NA,PERSONAL,E,STRAIGHT AHEAD,Y,,1,,PRIVATE TOW,,,Y,,,,,,,,,,Y,Y,,FRONT,,,,,,,,,,,,,,,,,,,,,,,,,,,,,,,,,
2112137,d5f6d1b9f4467f19164c1a40924c002988b9a12e97dfce3badba9c7d1587eb2e2613b62610aebd06ab8ce7b35de388948d61c22a7fd3ea2a4c8a5d4400043857,07/22/2025 04:20:00 PM,1,DRIVER,,2013507,,HYUNDAI,ACCENT,IL,2008,NONE,PASSENGER,PERSONAL,N,STRAIGHT AHEAD,Y,,1,,private,unknown,,,,,,,,,,,,N,Y,,FRONT,,,,,,,,,,,,,,,,,,,,,,,,,,,,,,,,,
2112138,d5f6d1b9f4467f19164c1a40924c002988b9a12e97dfce3badba9c7d1587eb2e2613b62610aebd06ab8ce7b35de388948d61c22a7fd3ea2a4c8a5d4400043857,07/22/2025 04:20:00 PM,2,DRIVER,,2013509,,BMW,OTHER (EXPLAIN IN NARRATIVE),IL,2020,NONE,PASSENGER,PERSONAL,N,SLOW/STOP IN TRAFFIC,,,1,,,,,,,,,,Y,,,,,,,,REAR,,,,,,,,,,,,,,,,,,,,,,,,,,,,,,,,,
2112806,dad6e80bdf5be2883fae662a1abcaf33748347ccd45b90a6d63352ca7d81dc32a52e6b295c5c67977b0f20c6671f25a5a68e699a9732d40e8bea901bd8923f0d,07/22/2025 04:20:00 PM,1,DRIVER,,2014169,,FORD,F350,IL,2019,NONE,PICKUP,LAWN CARE/LANDSCAPING,N,STRAIGHT AHEAD,,,1,,,,Y,,,,,,,,,,,,N,,FRONT,,,,,,,,,,,,,,,,,,,,,,,,,,,,,,,,,
2112807,dad6e80bdf5be2883fae662a1abcaf33748347ccd45b90a6d63352ca7d81dc32a52e6b295c5c67977b0f20c6671f25a5a68e699a9732d40e8bea901bd8923f0d,07/22/2025 04:20:00 PM,2,DRIVER,,2014176,,FIAT,SPIDER SERIES,IL,1981,NONE,OTHER,PERSONAL,N,STRAIGHT AHEAD,,,1,,,,,,,,,Y,Y,,,,,,,,REAR,,,,,,,,,,,,,,,,,,,,,,,,,,,,,,,,,
2112188,b94a32f3f7266ea207a71d814fa1ef50c4ceb67005f0e32f9d936abff17fa04fbf979f4df6ef296931f8ca70a8d69c6e36f992aff95111404c5497f8a99cbee0,07/22/2025 04:16:00 PM,1,DRIVER,,2013556,,TOYOTA,COROLLA,IL,2009,UNKNOWN,PASSENGER,PERSONAL,E,STRAIGHT AHEAD,,,1,,,,,Y,,,,,,,,,,Y,Y,,FRONT,,,,,,,,,,,,,,,,,,,,,,,,,,,,,,,,,
2112189,b94a32f3f7266ea207a71d814fa1ef50c4ceb67005f0e32f9d936abff17fa04fbf979f4df6ef296931f8ca70a8d69c6e36f992aff95111404c5497f8a99cbee0,07/22/2025 04:16:00 PM,2,DRIVER,1,2013563,,TESLA,MODEL 3,IL,2023,NONE,PASSENGER,PERSONAL,E,SLOW/STOP IN TRAFFIC,,,2,,,,,,,,,Y,Y,Y,,,,,,,REAR,,,,,,,,,,,,,,,,,,,,,,,,,,,,,,,,,
2112145,f0197fbe10e8a15bc999f9408fe84db22c6b53e22b42e1f992f47d04b43d60d4931d7dc7a36346f21710350ad6cd7ee3f47c196ec72c2dc82a1a7abbebd0b93e,07/22/2025 04:15:00 PM,1,DRIVER,,2013514,,UNKNOWN,MOTORIZED,IL,,UNKNOWN,UNKNOWN/NA,UNKNOWN/NA,UNKNOWN,UNKNOWN/NA,,,1,,,,,,,,,,,,,,,,,Y,UNKNOWN,,,,,,,,,,,,,,,,,,,,,,,,,,,,,,,,,
2112146,f0197fbe10e8a15bc999f9408fe84db22c6b53e22b42e1f992f47d04b43d60d4931d7dc7a36346f21710350ad6cd7ee3f47c196ec72c2dc82a1a7abbebd0b93e,07/22/2025 04:15:00 PM,2,PARKED,,2013518,,MAZDA,CX-5,IL,2018,UNKNOWN,SPORT UTILITY VEHICLE (SUV),UNKNOWN/NA,UNKNOWN,PARKED,,,0,,,,,,,,,,Y,Y,,,,,,,UNKNOWN,,,,,,,,,,,,,,,,,,,,,,,,,,,,,,,,,
2112341,879ce4ad8f664c9c78f53f85b88e0eaf6f79b6684b79c5c7d6f72be856da9f0ca5c847cb3c8131323b8451eb961502eed7d9adb4760682dd6f6b76e7d28cc500,07/22/2025 04:05:00 PM,1,DRIVER,,2013714,,FORD,F150,IL,2023,NONE,PICKUP,PERSONAL,N,CHANGING LANES,,,1,,,,,Y,,,,,,,,,,,,,FRONT-RIGHT-CORNER,,,,,,,,,,,,,,,,,,,,,,,,,,,,,,,,,
2112342,879ce4ad8f664c9c78f53f85b88e0eaf6f79b6684b79c5c7d6f72be856da9f0ca5c847cb3c8131323b8451eb961502eed7d9adb4760682dd6f6b76e7d28cc500,07/22/2025 04:05:00 PM,2,DRIVER,,2013709,,NISSAN,VERSA,IL,2013,NONE,PASSENGER,PERSONAL,N,STRAIGHT AHEAD,,,1,,,,,,,,,,,,,Y,Y,Y,,,FRONT-RIGHT-CORNER,,,,,,,,,,,,,,,,,,,,,,,,,,,,,,,,,
2114753,44fab8f41b12655b284c60f7ae51b156d869b76c8f64686f9d5458035a106ac0dc1448cb57f3c3b102ab3dac0902bdcc57ebd824491bf0f76248d201d8560f57,07/22/2025 04:00:00 PM,1,DRIVER,,2016009,,UNKNOWN,OTHER (EXPLAIN IN NARRATIVE),,,UNKNOWN,UNKNOWN/NA,UNKNOWN/NA,UNKNOWN,UNKNOWN/NA,,,1,,,,,,,,,,,,,,,,,Y,UNKNOWN,,,,,,,,,,,,,,,,,,,,,,,,,,,,,,,,,
2114754,44fab8f41b12655b284c60f7ae51b156d869b76c8f64686f9d5458035a106ac0dc1448cb57f3c3b102ab3dac0902bdcc57ebd824491bf0f76248d201d8560f57,07/22/2025 04:00:00 PM,2,PARKED,,2016010,,BUICK,LACROSSE,IL,2011,NONE,PASSENGER,PERSONAL,S,PARKED,,,0,,,,,,,,,,,Y,,,,,,,REAR-LEFT-CORNER,,,,,,,,,,,,,,,,,,,,,,,,,,,,,,,,,
2112139,b67cad4947c50779cdb91df44c26baa4bf5810eb42812346915c248f64c6c8bea25237dbdaa2cacd1a7ecd9073c8983df7cd510319db383fd0bedb93e09dcf6d,07/22/2025 04:00:00 PM,1,DRIVER,,2013512,,CHEVROLET,OTHER (EXPLAIN IN NARRATIVE),IL,2014,UNKNOWN,PASSENGER,PERSONAL,S,STRAIGHT AHEAD,N,,1,,,,,Y,,,,,,,,,,Y,Y,,FRONT,,,,,,,,,,,,,,,,,,,,,,,,,,,,,,,,,
2112484,c4a737d1d69ebcda41ed49703734b9f21f9f0421775be748c8afb7bc94aaeb4a5448e514e0e4f565949e5ba3bebc247accb879d5ca8ecc2753b4df5f5dc3c880,07/22/2025 04:00:00 PM,1,DRIVER,,2013845,,UNKNOWN,OTHER (EXPLAIN IN NARRATIVE),,,UNKNOWN,UNKNOWN/NA,UNKNOWN/NA,UNKNOWN,UNKNOWN/NA,,,1,,,,,,,,,,,,,,,,,,UNKNOWN,,,,,,,,,,,,,,,,,,,,,,,,,,,,,,,,,
2112485,c4a737d1d69ebcda41ed49703734b9f21f9f0421775be748c8afb7bc94aaeb4a5448e514e0e4f565949e5ba3bebc247accb879d5ca8ecc2753b4df5f5dc3c880,07/22/2025 04:00:00 PM,2,PARKED,,2013847,,TOYOTA,SIENNA,IL,2024,NONE,VAN/MINI-VAN,OTHER,S,PARKED,,,0,,,,,Y,Y,,,,,,,,,,,,FRONT-RIGHT-CORNER,,,,,,,,,,,,,,,,,,,,,,,,,,,,,,,,,
2114247,cbdaa695c5413f94349bf2d62cecec5a3518501471662997bdee418ac17f996c5d80c3a2e8bebc8d585eb88fe73ee09db42d86e6c29d77d2b1eb9fa4a8c7cea2,07/22/2025 04:00:00 PM,1,DRIVER,,2015525,,UNKNOWN,OTHER (EXPLAIN IN NARRATIVE),XX,,UNKNOWN,UNKNOWN/NA,UNKNOWN/NA,UNKNOWN,UNKNOWN/NA,,,1,,,,,,,,,,,,,,Y,Y,,,FRONT-LEFT-CORNER,,,,,,,,,,,,,,,,,,,,,,,,,,,,,,,,,
2114248,cbdaa695c5413f94349bf2d62cecec5a3518501471662997bdee418ac17f996c5d80c3a2e8bebc8d585eb88fe73ee09db42d86e6c29d77d2b1eb9fa4a8c7cea2,07/22/2025 04:00:00 PM,2,DRIVER,,2015531,,JEEP,PATRIOT,MI,2016,UNKNOWN,PASSENGER,PERSONAL,UNKNOWN,UNKNOWN/NA,,,1,,,,,Y,Y,Y,Y,Y,,,,,,,,,SIDE-RIGHT,,,,,,,,,,,,,,,,,,,,,,,,,,,,,,,,,
2112153,e32491fe7fbdd1869421170a854b4d1e8ddded3b2b3b61b9d403837533128873c9d7340e6c95ea8c180f9ba2ecda3d903478ff5ba32efcac05cbc7d6cea7d760,07/22/2025 04:00:00 PM,1,DRIVER,,2013527,,HONDA,ODYSSEY,IL,2011,UNKNOWN,VAN/MINI-VAN,PERSONAL,W,STRAIGHT AHEAD,,,1,,,,,Y,,,,N,N,N,,,,N,Y,,FRONT-RIGHT-CORNER,,,,,,,,,,,,,,,,,,,,,,,,,,,,,,,,,
2112154,e32491fe7fbdd1869421170a854b4d1e8ddded3b2b3b61b9d403837533128873c9d7340e6c95ea8c180f9ba2ecda3d903478ff5ba32efcac05cbc7d6cea7d760,07/22/2025 04:00:00 PM,2,DRIVER,,2013531,,NISSAN,SENTRA,IL,2017,UNKNOWN,PASSENGER,PERSONAL,W,STRAIGHT AHEAD,,,1,,,,,,,,,,Y,Y,,,,,,,REAR-LEFT-CORNER,,,,,,,,,,,,,,,,,,,,,,,,,,,,,,,,,
2112133,027ff04cf73d494731d536f85dc18b4bd8842dfaec8c80a1a280860d14b02f0107e2a34954210075bafa129e66fcc07b1b67fcf531d7770ea2741e749a3b71c7,07/22/2025 03:57:00 PM,1,DRIVER,,2013501,,GENERAL MOTORS CORPORATION (GMC),SIERRA,IL,2017,UNKNOWN,UNKNOWN/NA,UNKNOWN/NA,N,STRAIGHT AHEAD,,,1,,,,,,,,,,,,,,,,,Y,UNKNOWN,,,,,,,,,,,,,,,,,,,,,,,,,,,,,,,,,
2112134,027ff04cf73d494731d536f85dc18b4bd8842dfaec8c80a1a280860d14b02f0107e2a34954210075bafa129e66fcc07b1b67fcf531d7770ea2741e749a3b71c7,07/22/2025 03:57:00 PM,2,DRIVER,,2013508,,LINCOLN,MARK VIII,IL,1998,UNKNOWN,PASSENGER,PERSONAL,S,STRAIGHT AHEAD,,,1,,,,,,,,,,,,Y,Y,Y,Y,,,SIDE-LEFT,,,,,,,,,,,,,,,,,,,,,,,,,,,,,,,,,
2112816,c74fcbbe1c992f74b81cf31391c05859bab4978396c3af4ebc70ded8f32b14b7b8a5c576109a3b13bd5df17ff529292769887b73a9bf1c75eba73cf1b0c5eae7,07/22/2025 03:54:00 PM,1,DRIVER,,2014157,,JEEP,CHEROKEE,IL,2024,UNKNOWN,SPORT UTILITY VEHICLE (SUV),UNKNOWN/NA,E,OTHER,,,1,,,,,,,,,,,,,,,,,Y,FRONT-RIGHT-CORNER,,,,,,,,,,,,,,,,,,,,,,,,,,,,,,,,,
2112121,2ebd248b8d9f585409261f6d774741b07684d0ebf7753ea169a1586d0e15a0dc8d28f145bdd9343a162f52c472daf529d15170bb4d3b47feae467666237e7049,07/22/2025 03:50:00 PM,1,DRIVER,,2013499,,GENERAL MOTORS CORPORATION (GMC),SIERRA,IL,2017,UNKNOWN,PICKUP,OTHER,N,BACKING,,,1,,,,,,,,,Y,,,,,,,,,REAR-RIGHT-CORNER,,,,,,,,,,,,,,,,,,,,,,,,,,,,,,,,,
2112122,2ebd248b8d9f585409261f6d774741b07684d0ebf7753ea169a1586d0e15a0dc8d28f145bdd9343a162f52c472daf529d15170bb4d3b47feae467666237e7049,07/22/2025 03:50:00 PM,2,DRIVER,,2013510,,LINCOLN,MARK VIII,IL,1998,UNKNOWN,PASSENGER,PERSONAL,E,STRAIGHT AHEAD,,,1,,,,,,,,,,,,Y,Y,Y,,,,SIDE-LEFT-FRONT,,,,,,,,,,,,,,,,,,,,,,,,,,,,,,,,,
2112172,f6d764c1d152a5895a1fb872bc1498b66186f0e1a04ab56d0767c27e2b2a9aeba9455d068e485164dc3613ca0ff24417cd132e464109e105a44f7b21286130f4,07/22/2025 03:50:00 PM,1,DRIVER,,2013548,,TOYOTA,CAMRY,IL,2004,UNKNOWN,PASSENGER,PERSONAL,S,STRAIGHT AHEAD,,,1,,,,,Y,,,,,,,,,,,,,FRONT-RIGHT-CORNER,,,,,,,,,,,,,,,,,,,,,,,,,,,,,,,,,
2112173,f6d764c1d152a5895a1fb872bc1498b66186f0e1a04ab56d0767c27e2b2a9aeba9455d068e485164dc3613ca0ff24417cd132e464109e105a44f7b21286130f4,07/22/2025 03:50:00 PM,2,DRIVER,,2013580,,NISSAN,OTHER (EXPLAIN IN NARRATIVE),IL,2014,UNKNOWN,PASSENGER,PERSONAL,S,STRAIGHT AHEAD,,,1,,,,,,,,,N,,Y,,,,,,,REAR-LEFT-CORNER,,,,,,,,,,,,,,,,,,,,,,,,,,,,,,,,,
2112160,92ecc8af20e3ba62f84ff4ff2831cf69ccd7a26ab61748f8921592e2689c450a62505c95fe78d67f73328b5a79bb11a186ee0d723bbea031884ae444f859b739,07/22/2025 03:35:00 PM,1,DRIVER,,2013536,,JEEP,COMPASS,IL,2020,UNKNOWN,SPORT UTILITY VEHICLE (SUV),PERSONAL,S,CHANGING LANES,,,1,,,,,,,,,,,,,,Y,Y,Y,,SIDE-LEFT-FRONT,,,,,,,,,,,,,,,,,,,,,,,,,,,,,,,,,
2112161,92ecc8af20e3ba62f84ff4ff2831cf69ccd7a26ab61748f8921592e2689c450a62505c95fe78d67f73328b5a79bb11a186ee0d723bbea031884ae444f859b739,07/22/2025 03:35:00 PM,2,DRIVER,,2013566,,CHEVROLET,TRAX,IL,2020,NONE,SPORT UTILITY VEHICLE (SUV),PERSONAL,S,SLOW/STOP IN TRAFFIC,,,1,,,,,,,Y,Y,Y,Y,,,,,,,,SIDE-RIGHT-REAR,,,,,,,,,,,,,,,,,,,,,,,,,,,,,,,,,
2112600,33c07f73d96eaa06a82d585ee05bc78ddc911e98f4068eb6de99cfa7f4039fba1450b83845b7bf9299dacae459057bad4990f1791b939b384d48d8f75de318be,07/22/2025 03:30:00 PM,1,DRIVER,,2013964,,NISSAN,SENTRA,IL,2010,UNKNOWN,PASSENGER,PERSONAL,E,STRAIGHT AHEAD,,,1,,,,,,,,,,,,,,,,Y,,FRONT,,,,,,,,,,,,,,,,,,,,,,,,,,,,,,,,,
2112601,33c07f73d96eaa06a82d585ee05bc78ddc911e98f4068eb6de99cfa7f4039fba1450b83845b7bf9299dacae459057bad4990f1791b939b384d48d8f75de318be,07/22/2025 03:30:00 PM,2,DRIVER,1,2013957,,NISSAN,ROGUE,IL,2013,NONE,SPORT UTILITY VEHICLE (SUV),PERSONAL,E,STRAIGHT AHEAD,,,2,,,,,,,,,,Y,,,,,,,,REAR,,,,,,,,,,,,,,,,,,,,,,,,,,,,,,,,,
2112119,eda2b29e893146b80db4c322cf3c22648c4edf8c58b59ef19f6cf168b8ce4b9882d07471ef525fa59946c580df28008e295a69139df458658dd002e7a0082077,07/22/2025 03:30:00 PM,1,DRIVER,,2013491,,NISSAN,JUKE,IL,2014,UNKNOWN,SPORT UTILITY VEHICLE (SUV),PERSONAL,N,STRAIGHT AHEAD,,,1,,,,,Y,,,,,,,,,,Y,Y,,FRONT,,,,,,,,,,,,,,,,,,,,,,,,,,,,,,,,,
2112120,eda2b29e893146b80db4c322cf3c22648c4edf8c58b59ef19f6cf168b8ce4b9882d07471ef525fa59946c580df28008e295a69139df458658dd002e7a0082077,07/22/2025 03:30:00 PM,2,DRIVER,,2013495,,HONDA,CIVIC,IL,2016,UNKNOWN,PASSENGER,PERSONAL,N,STRAIGHT AHEAD,,,1,,,,,,,,,Y,Y,Y,,,,,,,REAR,,,,,,,,,,,,,,,,,,,,,,,,,,,,,,,,,
2112087,f9a59757ed5343c863b26fe56a91ee0d5111312b869972c58ae4c8241151532fef8adaa7ff7a5a36bf0ec4113cbf76caaaa4a24ef1a254f5b692d95546ecb45c,07/22/2025 03:30:00 PM,1,DRIVER,,2013457,,NISSAN,ALTIMA,IL,2023,NONE,PASSENGER,PERSONAL,E,CHANGING LANES,,,1,,,,,,Y,Y,Y,,,,,,,,,,SIDE-RIGHT,,,,,,,,,,,,,,,,,,,,,,,,,,,,,,,,,
2112088,f9a59757ed5343c863b26fe56a91ee0d5111312b869972c58ae4c8241151532fef8adaa7ff7a5a36bf0ec4113cbf76caaaa4a24ef1a254f5b692d95546ecb45c,07/22/2025 03:30:00 PM,2,DRIVER,,2013465,,CHRYSLER,OTHER (EXPLAIN IN NARRATIVE),IL,2015,NONE,PASSENGER,PERSONAL,E,STRAIGHT AHEAD,,,1,,,,,,,,,,,,Y,Y,Y,,,,SIDE-LEFT,,,,,,,,,,,,,,,,,,,,,,,,,,,,,,,,,
2112214,30aa592c51594c527524c02bebd9942d600164491ff150b009db179363263043aa1918d01869873b4f68ebfe8358a8c5cc73a26e0d1bd3478c2bc501ebb021a1,07/22/2025 03:22:00 PM,1,DRIVER,,2013592,,HONDA,CIVIC,IL,2009,UNKNOWN,PASSENGER,PERSONAL,E,STRAIGHT AHEAD,,,1,,,,,Y,Y,,,,,,,,,,,,FRONT-RIGHT-CORNER,,,,,,,,,,,,,,,,,,,,,,,,,,,,,,,,,
2112215,30aa592c51594c527524c02bebd9942d600164491ff150b009db179363263043aa1918d01869873b4f68ebfe8358a8c5cc73a26e0d1bd3478c2bc501ebb021a1,07/22/2025 03:22:00 PM,2,DRIVER,,2013607,,HONDA,CIVIC,IL,2023,UNKNOWN,PASSENGER,PERSONAL,E,MERGING,,,1,,,,,,,,,,,,Y,Y,Y,,,,SIDE-LEFT,,,,,,,,,,,,,,,,,,,,,,,,,,,,,,,,,