CRASH_UNIT_ID,CRASH_RECORD_ID,CRASH_DATE,UNIT_NO,UNIT_TYPE,NUM_PASSENGERS,VEHICLE_ID,CMRC_VEH_I,MAKE,MODEL,LIC_PLATE_STATE,VEHICLE_YEAR,VEHICLE_DEFECT,VEHICLE_TYPE,VEHICLE_USE,TRAVEL_DIRECTION,MANEUVER,TOWED_I,FIRE_I,OCCUPANT_CNT,EXCEED_SPEED_LIMIT_I,TOWED_BY,TOWED_TO,AREA_00_I,AREA_01_I,AREA_02_I,AREA_03_I,AREA_04_I,AREA_05_I,AREA_06_I,AREA_07_I,AREA_08_I,AREA_09_I,AREA_10_I,AREA_11_I,AREA_12_I,AREA_99_I,FIRST_CONTACT_POINT,CMV_ID,USDOT_NO,CCMC_NO,ILCC_NO,COMMERCIAL_SRC,GVWR,CARRIER_NAME,CARRIER_STATE,CARRIER_CITY,HAZMAT_PLACARDS_I,HAZMAT_NAME,UN_NO,HAZMAT_PRESENT_I,HAZMAT_REPORT_I,HAZMAT_REPORT_NO,MCS_REPORT_I,MCS_REPORT_NO,HAZMAT_VIO_CAUSE_CRASH_I,MCS_VIO_CAUSE_CRASH_I,IDOT_PERMIT_NO,WIDE_LOAD_I,TRAILER1_WIDTH,TRAILER2_WIDTH,TRAILER1_LENGTH,TRAILER2_LENGTH,TOTAL_VEHICLE_LENGTH,AXLE_CNT,VEHICLE_CONFIG,CARGO_BODY_TYPE,LOAD_TYPE,HAZMAT_OUT_OF_SERVICE_I,MCS_OUT_OF_SERVICE_I,HAZMAT_CLASS
2112115,fcdd848238b94dc9f9362b9dfdc0776842d5cac0193cf7501553168fa1333ce379a4d3c67c3da3a5c13d4626f7aae2dad16c1f2656040f1d4a704f235acd3f9d,07/22/2025 03:20:00 PM,1,DRIVER,,2013488,,NISSAN,OTHER (EXPLAIN IN NARRATIVE),,,UNKNOWN,PASSENGER,UNKNOWN/NA,W,DRIVING WRONG WAY,,,1,,,,,,,,,,,,,,,,,Y,FRONT-LEFT-CORNER,,,,,,,,,,,,,,,,,,,,,,,,,,,,,,,,,
2112116,fcdd848238b94dc9f9362b9dfdc0776842d5cac0193cf7501553168fa1333ce379a4d3c67c3da3a5c13d4626f7aae2dad16c1f2656040f1d4a704f235acd3f9d,07/22/2025 03:20:00 PM,2,DRIVER,,2013494,,TOYOTA,COROLLA,IL,2005,UNKNOWN,PASSENGER,PERSONAL,E,STRAIGHT AHEAD,,,1,,,,,,,,,,,,,,,Y,,,FRONT-LEFT-CORNER,,,,,,,,,,,,,,,,,,,,,,,,,,,,,,,,,
2112104,042e8fd25f518ca69d90c1a55867c985eb3bb0b047449059bb1fae3a0f4c0a310800b1d8269ed191cbe66873f5d22038be0bdb16b544bfb750d4e93a3ce2d7e3,07/22/2025 03:15:00 PM,1,DRIVER,1,2013487,,MAZDA,OTHER (EXPLAIN IN NARRATIVE),MI,,UNKNOWN,PASSENGER,UNKNOWN/NA,N,OTHER,,,2,,,,,,,,,,,,Y,Y,,,,,SIDE-LEFT,,,,,,,,,,,,,,,,,,,,,,,,,,,,,,,,,
2112105,042e8fd25f518ca69d90c1a55867c985eb3bb0b047449059bb1fae3a0f4c0a310800b1d8269ed191cbe66873f5d22038be0bdb16b544bfb750d4e93a3ce2d7e3,07/22/2025 03:15:00 PM,2,BICYCLE,,,,,,,,,,,,,,,,,,,,,,,,,,,,,,,,,,,,,,,,,,,,,,,,,,,,,,,,,,,,,,,,,,
2112084,2f5c74b4db60dbd9c3afe9261e56531aae6ca324919054c9fa1808f5d546009e6813761ceb70c662933d4d93359a614624af6e779756111ad75e3e5c602c6249,07/22/2025 03:15:00 PM,1,DRIVER,,2013466,,FORD,EXPEDITION,IL,2017,NONE,PASSENGER,PERSONAL,S,STRAIGHT AHEAD,,,1,,,,,Y,,,,,,,,,,Y,Y,,FRONT,,,,,,,,,,,,,,,,,,,,,,,,,,,,,,,,,
2112085,2f5c74b4db60dbd9c3afe9261e56531aae6ca324919054c9fa1808f5d546009e6813761ceb70c662933d4d93359a614624af6e779756111ad75e3e5c602c6249,07/22/2025 03:15:00 PM,2,DRIVER,,2013474,,NISSAN,X-TERRA,IL,2008,NONE,PASSENGER,PERSONAL,S,STRAIGHT AHEAD,,,1,,,,Y,,,,,,Y,,,,,,Y,,REAR,,,,,,,,,,,,,,,,,,,,,,,,,,,,,,,,,
2112086,2f5c74b4db60dbd9c3afe9261e56531aae6ca324919054c9fa1808f5d546009e6813761ceb70c662933d4d93359a614624af6e779756111ad75e3e5c602c6249,07/22/2025 03:15:00 PM,3,DRIVER,,2013481,,FORD,OTHER (EXPLAIN IN NARRATIVE),IL,2023,NONE,VAN/MINI-VAN,PERSONAL,S,STRAIGHT AHEAD,,,1,,,,,,,,,,Y,,,,,,,,REAR,,,,,,,,,,,,,,,,,,,,,,,,,,,,,,,,,
2112117,0898552333afd538df811e0851788f52b0cf5920b66a46502e76c64729fe55d46913f3c545931dd4ab75856fd9e8b60f1c3034e1db5068b43087fa6243aee406,07/22/2025 03:06:00 PM,1,DRIVER,1,2013489,,MAZDA,CX-5,WI,2025,NONE,PASSENGER,UNKNOWN/NA,E,STRAIGHT AHEAD,,,2,,,,,,,,,,,,,,,,,,UNKNOWN,,,,,,,,,,,,,,,,,,,,,,,,,,,,,,,,,
2112118,0898552333afd538df811e0851788f52b0cf5920b66a46502e76c64729fe55d46913f3c545931dd4ab75856fd9e8b60f1c3034e1db5068b43087fa6243aee406,07/22/2025 03:06:00 PM,2,PEDESTRIAN,,,,,,,,,,,,,,,,,,,,,,,,,,,,,,,,,,,,,,,,,,,,,,,,,,,,,,,,,,,,,,,,,,
2112123,2b8b1d6f3f74ab88443904350b02d3a3edaa924a6465cccdbe8fd24896bac7aa74e690a565c49916b6bfe6dc56090107a912b1029c8d5d75b7a1f47140e0e658,07/22/2025 03:06:00 PM,1,NON-MOTOR VEHICLE,,,,,,,,,,,,,,,,,,,,,,,,,,,,,,,,,,,,,,,,,,,,,,,,,,,,,,,,,,,,,,,,,,
2112124,2b8b1d6f3f74ab88443904350b02d3a3edaa924a6465cccdbe8fd24896bac7aa74e690a565c49916b6bfe6dc56090107a912b1029c8d5d75b7a1f47140e0e658,07/22/2025 03:06:00 PM,2,DRIVER,1,2013502,,KIA,CARNIVAL,IA,2024,NONE,VAN/MINI-VAN,PERSONAL,S,STRAIGHT AHEAD,,,2,,,,,,,,,,,,,,,,,,FRONT,,,,,,,,,,,,,,,,,,,,,,,,,,,,,,,,,
2112297,2c4045d68396fb604546d0b855eadc5775754e271a1abf96c51b433e13465b43bc2fd9b48cee11c7576750e4bd68a5938f4925d00e8711da6651caebd7b081c8,07/22/2025 03:00:00 PM,1,DRIVER,4,2013663,,FORD,EXPLORER,IL,2003,NONE,SPORT UTILITY VEHICLE (SUV),PERSONAL,W,PASSING/OVERTAKING,,,5,,,,,,,,,,,,,,,Y,Y,,FRONT-LEFT-CORNER,,,,,,,,,,,,,,,,,,,,,,,,,,,,,,,,,
2112298,2c4045d68396fb604546d0b855eadc5775754e271a1abf96c51b433e13465b43bc2fd9b48cee11c7576750e4bd68a5938f4925d00e8711da6651caebd7b081c8,07/22/2025 03:00:00 PM,2,PEDESTRIAN,,,,,,,,,,,,,,,,,,,,,,,,,,,,,,,,,,,,,,,,,,,,,,,,,,,,,,,,,,,,,,,,,,
2112074,840560df90c23b47d1d56246934dc7335b1f84e730bfb34f56493f3345d39acef4d0f72f1011a87418d385f077bdd82f9fda943ca30c70dfe9ba6067aca14d48,07/22/2025 03:00:00 PM,1,DRIVER,,2013452,,FORD,OTHER (EXPLAIN IN NARRATIVE),OK,,NONE,UNKNOWN/NA,UNKNOWN/NA,N,STRAIGHT AHEAD,,,1,,,,,Y,,,,,,,,,,Y,Y,,FRONT,,,,,,,,,,,,,,,,,,,,,,,,,,,,,,,,,
2112075,840560df90c23b47d1d56246934dc7335b1f84e730bfb34f56493f3345d39acef4d0f72f1011a87418d385f077bdd82f9fda943ca30c70dfe9ba6067aca14d48,07/22/2025 03:00:00 PM,2,DRIVER,,2013464,,HONDA,ACCORD,IL,2022,NONE,PASSENGER,PERSONAL,N,STRAIGHT AHEAD,Y,,1,,CRASH CHAMPIONS,1816 N KOSTNER AVE,,,,,,Y,Y,Y,,,,,,,REAR,,,,,,,,,,,,,,,,,,,,,,,,,,,,,,,,,
2113685,f349eb60a2b06a9a24f6488b7c91ce369748eb6dde55defdda35ccd0965d07c20535f3b12f092786874a7ce38c4a9d1ad4ceef8262a39ab0174149383f122f98,07/22/2025 03:00:00 PM,1,DRIVER,,2015001,,UNKNOWN,OTHER (EXPLAIN IN NARRATIVE),IL,,UNKNOWN,UNKNOWN/NA,UNKNOWN/NA,N,UNKNOWN/NA,,,1,,,,,,,,,,,,,,,,,Y,FRONT-LEFT-CORNER,,,,,,,,,,,,,,,,,,,,,,,,,,,,,,,,,
2113686,f349eb60a2b06a9a24f6488b7c91ce369748eb6dde55defdda35ccd0965d07c20535f3b12f092786874a7ce38c4a9d1ad4ceef8262a39ab0174149383f122f98,07/22/2025 03:00:00 PM,2,PARKED,,2015025,,TOYOTA,COROLLA,IL,2024,NONE,PASSENGER,PERSONAL,N,PARKED,,,0,,,,,,,,Y,Y,,,,,,,,,SIDE-RIGHT,,,,,,,,,,,,,,,,,,,,,,,,,,,,,,,,,
2112713,fa44e153f124aecd103fd4882a80cd582b6d3454b74612a102dfe1035b96c9ee3d860168c122f6e19c0fae72588a9354195f4b054b415bf8c8abebdbb6d247fb,07/22/2025 03:00:00 PM,1,DRIVER,,2014076,,HONDA,ACCORD,IL,2013,NONE,PASSENGER,PERSONAL,UNKNOWN,STRAIGHT AHEAD,,,1,,,,,Y,Y,,,,,,,,,,,,FRONT-RIGHT-CORNER,,,,,,,,,,,,,,,,,,,,,,,,,,,,,,,,,
2112714,fa44e153f124aecd103fd4882a80cd582b6d3454b74612a102dfe1035b96c9ee3d860168c122f6e19c0fae72588a9354195f4b054b415bf8c8abebdbb6d247fb,07/22/2025 03:00:00 PM,2,DRIVER,,2014069,,TOYOTA,COROLLA,,2017,NONE,PASSENGER,PERSONAL,N,STRAIGHT AHEAD,,,1,,,,,,,,,,,Y,Y,Y,Y,Y,,,SIDE-LEFT,,,,,,,,,,,,,,,,,,,,,,,,,,,,,,,,,
2112082,eaf7b88c5c0c0b6ae4968648a76289efc03c6eddac7fb10f381b238911b7019be62e89dde3746dda8343f70960f91b7f729c4653032200a3b2f3aca8a4687126,07/22/2025 02:55:00 PM,1,DRIVER,,2013456,,CADILLAC,SRX,IL,2012,UNKNOWN,PASSENGER,PERSONAL,S,STRAIGHT AHEAD,,,1,,,,,Y,Y,Y,,,,,,,,,,,FRONT-RIGHT-CORNER,,,,,,,,,,,,,,,,,,,,,,,,,,,,,,,,,
2112083,eaf7b88c5c0c0b6ae4968648a76289efc03c6eddac7fb10f381b238911b7019be62e89dde3746dda8343f70960f91b7f729c4653032200a3b2f3aca8a4687126,07/22/2025 02:55:00 PM,2,DRIVER,,2013461,,VOLVO,XC60,IL,2022,NONE,PASSENGER,PERSONAL,S,STRAIGHT AHEAD,,,1,,,,,,,,,,,,Y,Y,,,,,SIDE-LEFT-REAR,,,,,,,,,,,,,,,,,,,,,,,,,,,,,,,,,
2112196,ee0916a734dc4b43868c935e890ecf1d8a16bafcf8c78f1a0cde5edd0c7b1b105ce8da93c6a166bf1862b59963af9bef6344dfc8adbf027f69e9e85be6d2b4e6,07/22/2025 02:55:00 PM,1,DRIVER,,2013561,,NISSAN,SENTRA,IL,2013,UNKNOWN,PASSENGER,UNKNOWN/NA,N,STRAIGHT AHEAD,,,1,,,,,N,,,,,,,,,,,Y,,FRONT,,,,,,,,,,,,,,,,,,,,,,,,,,,,,,,,,
2112197,ee0916a734dc4b43868c935e890ecf1d8a16bafcf8c78f1a0cde5edd0c7b1b105ce8da93c6a166bf1862b59963af9bef6344dfc8adbf027f69e9e85be6d2b4e6,07/22/2025 02:55:00 PM,2,DRIVER,,2013573,,HONDA,CIVIC,IL,2024,UNKNOWN,PASSENGER,UNKNOWN/NA,SW,TURNING LEFT,,,1,,,,,,,,,,,,,,,Y,,,FRONT-LEFT-CORNER,,,,,,,,,,,,,,,,,,,,,,,,,,,,,,,,,
2113490,42814e01240cbc71a267fb8308039dc796a238428392525ea6eba12f362aa47c82940cebcfe718a86de2a1cd587eedb8dfd2c3c2ec7f144934841f7527aeb3ed,07/22/2025 02:50:00 PM,1,DRIVER,,2014813,,UNKNOWN,OTHER (EXPLAIN IN NARRATIVE),IL,,UNKNOWN,UNKNOWN/NA,UNKNOWN/NA,UNKNOWN,LEAVING TRAFFIC LANE TO PARK,,,1,,,,,,,,,,,,,,,,,Y,UNKNOWN,,,,,,,,,,,,,,,,,,,,,,,,,,,,,,,,,
2113491,42814e01240cbc71a267fb8308039dc796a238428392525ea6eba12f362aa47c82940cebcfe718a86de2a1cd587eedb8dfd2c3c2ec7f144934841f7527aeb3ed,07/22/2025 02:50:00 PM,2,PARKED,,2014821,,LEXUS,NX,IL,2022,UNKNOWN,PASSENGER,PERSONAL,W,PARKED,,,0,,,,,Y,,,,,,,,,Y,Y,,,FRONT,,,,,,,,,,,,,,,,,,,,,,,,,,,,,,,,,
2112101,445ff3bf856c0ce76a088c1a32d8d80341ddca4e47ca57e824a16531928f982de2867050a62e2ba133a1f8919e492480a527cb5e6a1066f6c3955c935232ee60,07/22/2025 02:50:00 PM,1,DRIVER,,2013480,,CHEVROLET,EQUINOX,IL,2020,UNKNOWN,PASSENGER,PERSONAL,W,STRAIGHT AHEAD,,,1,,,,Y,,,,,,,,,,,,,,SIDE-LEFT,,,,,,,,,,,,,,,,,,,,,,,,,,,,,,,,,
2112102,445ff3bf856c0ce76a088c1a32d8d80341ddca4e47ca57e824a16531928f982de2867050a62e2ba133a1f8919e492480a527cb5e6a1066f6c3955c935232ee60,07/22/2025 02:50:00 PM,2,DRIVER,,2013484,,FORD,F150,IL,2020,UNKNOWN,PICKUP,PERSONAL,W,STRAIGHT AHEAD,,,1,,,,,,,,,,,Y,Y,Y,,,,,SIDE-LEFT,,,,,,,,,,,,,,,,,,,,,,,,,,,,,,,,,
2112557,6a5898ff868bed674c7da56d4403c105fb73e567cfd2af53c9ba6471fc20feaad7ea71866672eab1e3b919f3b5840ce202a548822c538278b95598f563ec5da2,07/22/2025 02:50:00 PM,1,DRIVER,,2013917,,HONDA,OTHER (EXPLAIN IN NARRATIVE),IL,,UNKNOWN,PASSENGER,UNKNOWN/NA,E,STRAIGHT AHEAD,,,1,,,,,,,,,,,,,,,Y,,,FRONT-LEFT-CORNER,,,,,,,,,,,,,,,,,,,,,,,,,,,,,,,,,
2112558,6a5898ff868bed674c7da56d4403c105fb73e567cfd2af53c9ba6471fc20feaad7ea71866672eab1e3b919f3b5840ce202a548822c538278b95598f563ec5da2,07/22/2025 02:50:00 PM,2,DRIVER,,2013914,,NISSAN,SENTRA,IL,2013,UNKNOWN,PASSENGER,UNKNOWN/NA,N,STRAIGHT AHEAD,,,1,,,,,Y,,,,,,,,,,,,,FRONT-RIGHT-CORNER,,,,,,,,,,,,,,,,,,,,,,,,,,,,,,,,,
2112064,a2af652ccf6a3face0e489aba99ed57ed9b43f02dbb530db62e5e6f89a042ba17680a2a240986f732805c60f16c97849638c58d7119d8b85b820a92ee2fddc44,07/22/2025 02:31:00 PM,1,DRIVER,1,2013443,,VOLKSWAGEN,OTHER (EXPLAIN IN NARRATIVE),IL,2022,NONE,SPORT UTILITY VEHICLE (SUV),PERSONAL,SW,ENTERING TRAFFIC LANE FROM PARKING,Y,,2,,CPD,POUND 2,,,,,,,,,,,Y,Y,Y,,FRONT-LEFT-CORNER,,,,,,,,,,,,,,,,,,,,,,,,,,,,,,,,,
2112065,a2af652ccf6a3face0e489aba99ed57ed9b43f02dbb530db62e5e6f89a042ba17680a2a240986f732805c60f16c97849638c58d7119d8b85b820a92ee2fddc44,07/22/2025 02:31:00 PM,2,DRIVER,1,2013447,,SUBARU,LEGACY,IL,2022,NONE,PASSENGER,PERSONAL,S,STRAIGHT AHEAD,Y,,2,,,,,Y,,,,,,,,,Y,Y,Y,,FRONT,,,,,,,,,,,,,,,,,,,,,,,,,,,,,,,,,
2112066,a2af652ccf6a3face0e489aba99ed57ed9b43f02dbb530db62e5e6f89a042ba17680a2a240986f732805c60f16c97849638c58d7119d8b85b820a92ee2fddc44,07/22/2025 02:31:00 PM,3,PARKED,,2013451,,FORD,TRANSIT,MI,2021,NONE,VAN/MINI-VAN,NOT IN USE,S,PARKED,,,0,,,,,,,,,,Y,Y,,,,,,,REAR-LEFT-CORNER,,,,,,,,,,,,,,,,,,,,,,,,,,,,,,,,,
2112106,8138bc8736abe3cf05e284dc43618c51efcd04650dc96c6a751b6ab347173a4c51797e5fa63a2f2c93d9a5dc0abdc113405cd60aa35ccd8c20376d29cd8b89c8,07/22/2025 02:27:00 PM,1,DRIVER,4,2013482,,NISSAN,ALTIMA,IL,2017,UNKNOWN,PASSENGER,UNKNOWN/NA,E,CHANGING LANES,,,5,,,,,Y,,,,,,,,,,Y,Y,,FRONT,,,,,,,,,,,,,,,,,,,,,,,,,,,,,,,,,
2112107,8138bc8736abe3cf05e284dc43618c51efcd04650dc96c6a751b6ab347173a4c51797e5fa63a2f2c93d9a5dc0abdc113405cd60aa35ccd8c20376d29cd8b89c8,07/22/2025 02:27:00 PM,2,DRIVER,,2013520,,HONDA,ACCORD,IL,2017,OTHER,PASSENGER,UNKNOWN/NA,E,STRAIGHT AHEAD,,,1,,,,,,,,,Y,Y,Y,,,,,,,REAR,,,,,,,,,,,,,,,,,,,,,,,,,,,,,,,,,
2112073,a339949bad4641e9a29dc477f6e088ec7ab4fcb26c747ad601775a46f1d68fa77bbc5005872c87f928ef5524ceb86e8e244e6350c6ca065f5ce855ebed840664,07/22/2025 02:25:00 PM,1,DRIVER,,2013460,,FORD,EDGE,IL,2025,UNKNOWN,PASSENGER,PERSONAL,E,TURNING LEFT,,,1,,,,Y,,,,,,,,,,,N,,,FRONT-LEFT-CORNER,,,,,,,,,,,,,,,,,,,,,,,,,,,,,,,,,
2112103,a339949bad4641e9a29dc477f6e088ec7ab4fcb26c747ad601775a46f1d68fa77bbc5005872c87f928ef5524ceb86e8e244e6350c6ca065f5ce855ebed840664,07/22/2025 02:25:00 PM,2,PEDESTRIAN,,,,,,,,,,,,,,,,,,,,,,,,,,,,,,,,,,,,,,,,,,,,,,,,,,,,,,,,,,,,,,,,,,
2112047,2a028dccbed79bf03f0e2ed4c059330380798ce207c9b479e035838f5841269f690d4057fbbb0dac8556a6a7c69890b1fd01b6dd9e055eb64de16825729ae72b,07/22/2025 02:20:00 PM,1,DRIVER,,2013423,,FORD,OTHER (EXPLAIN IN NARRATIVE),IL,2020,NONE,BUS UP TO 15 PASS.,OTHER,N,CHANGING LANES,,,1,,,,,,,,,,,Y,,,,,,,SIDE-LEFT-REAR,,,,,,,,,,,,,,,,,,,,,,,,,,,,,,,,,
2112048,2a028dccbed79bf03f0e2ed4c059330380798ce207c9b479e035838f5841269f690d4057fbbb0dac8556a6a7c69890b1fd01b6dd9e055eb64de16825729ae72b,07/22/2025 02:20:00 PM,2,DRIVER,,2013429,,MERCEDES-BENZ,GLA,IL,2021,NONE,PASSENGER,PERSONAL,N,SLOW/STOP IN TRAFFIC,,,1,,,,,,Y,,,,,,,,,,,,SIDE-RIGHT-FRONT,,,,,,,,,,,,,,,,,,,,,,,,,,,,,,,,,
2112051,effbf1afdddec78621637b0dd09168dab924b6895e8f499e92504a3bd68a259ea26d3351c75a991abda109cdd0c997e9a862cf6c5020c89bfc30f4f432f685c3,07/22/2025 02:20:00 PM,1,DRIVER,,2013425,,UNKNOWN,OTHER (EXPLAIN IN NARRATIVE),IL,,UNKNOWN,UNKNOWN/NA,UNKNOWN/NA,UNKNOWN,UNKNOWN/NA,,,1,,,,,,,,,,,,,,,,,Y,UNKNOWN,,,,,,,,,,,,,,,,,,,,,,,,,,,,,,,,,
2112052,effbf1afdddec78621637b0dd09168dab924b6895e8f499e92504a3bd68a259ea26d3351c75a991abda109cdd0c997e9a862cf6c5020c89bfc30f4f432f685c3,07/22/2025 02:20:00 PM,2,PARKED,,2013436,,JEEP,GRAND CHEROKEE,IL,2020,UNKNOWN,SPORT UTILITY VEHICLE (SUV),NOT IN USE,UNKNOWN,PARKED,,,0,,,,,,,,,,,,,,,,Y,,FRONT,,,,,,,,,,,,,,,,,,,,,,,,,,,,,,,,,
2113524,b61f4fa3624be26b154ebe6ee67c3f6a7ba02afecc7a85a98e3d7240b9159e2e90cd086dde18f07a9cede360758ff7fe81ade317b9604b6e9977974966f04039,07/22/2025 02:15:00 PM,1,DRIVER,,2014846,,TOYOTA,HIGHLANDER,IL,2025,UNKNOWN,PASSENGER,PERSONAL,UNKNOWN,UNKNOWN/NA,,,1,,,,,,,,,Y,Y,Y,,,,,,,REAR,,,,,,,,,,,,,,,,,,,,,,,,,,,,,,,,,
2113525,b61f4fa3624be26b154ebe6ee67c3f6a7ba02afecc7a85a98e3d7240b9159e2e90cd086dde18f07a9cede360758ff7fe81ade317b9604b6e9977974966f04039,07/22/2025 02:15:00 PM,2,PARKED,,2014847,,ACURA,RL,IL,2009,UNKNOWN,PASSENGER,NOT IN USE,UNKNOWN,PARKED,,,0,,,,,Y,,,,,,,,,,Y,Y,,FRONT,,,,,,,,,,,,,,,,,,,,,,,,,,,,,,,,,
2112053,538698168a46b6fe3c09cc3cc083bb99cde71d982aea3f706a193fc593e8df6f5bff4b93e72b2c46418bb9a5563a8534ba6d3b3c982a0d0ea2b526ee57f53980,07/22/2025 02:13:00 PM,1,DRIVER,,2013427,,DODGE,JOURNEY,IN,2018,UNKNOWN,SPORT UTILITY VEHICLE (SUV),UNKNOWN/NA,S,STRAIGHT AHEAD,,,1,,,,,,,,,,,,,,,,,Y,FRONT,,,,,,,,,,,,,,,,,,,,,,,,,,,,,,,,,
2112054,538698168a46b6fe3c09cc3cc083bb99cde71d982aea3f706a193fc593e8df6f5bff4b93e72b2c46418bb9a5563a8534ba6d3b3c982a0d0ea2b526ee57f53980,07/22/2025 02:13:00 PM,2,DRIVER,,2013433,,CADILLAC,XTS,IL,2015,UNKNOWN,PASSENGER,PERSONAL,N,STRAIGHT AHEAD,,,1,,,,,Y,,,,,,,,,,,Y,,FRONT,,,,,,,,,,,,,,,,,,,,,,,,,,,,,,,,,
2112343,735b80ee96a5daf37a55eeb468a9e3c2d14f0a70194410cfcd4909be591f7f3b02b3b0dc9712ef25beb97f70722e29c0b72388be6c0c79e7886018da1f310eef,07/22/2025 02:10:00 PM,1,DRIVER,,2013713,,JEEP,GRAND CHEROKEE,IL,2020,UNKNOWN,SPORT UTILITY VEHICLE (SUV),UNKNOWN/NA,W,STRAIGHT AHEAD,,,1,,,,,,,,,,,,,,,,,Y,FRONT,,,,,,,,,,,,,,,,,,,,,,,,,,,,,,,,,
2112344,735b80ee96a5daf37a55eeb468a9e3c2d14f0a70194410cfcd4909be591f7f3b02b3b0dc9712ef25beb97f70722e29c0b72388be6c0c79e7886018da1f310eef,07/22/2025 02:10:00 PM,2,DRIVER,,2013710,,LEXUS,ES330,IL,2007,NONE,PASSENGER,PERSONAL,W,SLOW/STOP IN TRAFFIC,,,1,,,,,,,,,,Y,,,,,,,,REAR,,,,,,,,,,,,,,,,,,,,,,,,,,,,,,,,,
2112097,97b929f454a10f1b42cc9db26f2d2a3181bdb1b6a2c6d80a5a647a555dd900f661242248d3139e9ca2a027baa9fef064f40dbff747d5b216c7b53625bf537c71,07/22/2025 02:03:00 PM,1,DRIVER,,2013472,,DODGE,OTHER (EXPLAIN IN NARRATIVE),IL,,NONE,SPORT UTILITY VEHICLE (SUV),UNKNOWN/NA,S,STRAIGHT AHEAD,,,1,,,,,,,,,,,,,,,,,Y,FRONT,,,,,,,,,,,,,,,,,,,,,,,,,,,,,,,,,
2112098,97b929f454a10f1b42cc9db26f2d2a3181bdb1b6a2c6d80a5a647a555dd900f661242248d3139e9ca2a027baa9fef064f40dbff747d5b216c7b53625bf537c71,07/22/2025 02:03:00 PM,2,DRIVER,,2013475,,CHEVROLET,MALIBU,IL,2023,NONE,PASSENGER,OTHER,W,STRAIGHT AHEAD,,,1,,,,,,,Y,Y,Y,Y,,,,,,,,REAR-RIGHT-CORNER,,,,,,,,,,,,,,,,,,,,,,,,,,,,,,,,,
2112070,0aa3f2eb5e8fe5ef757665c6e522dccb84feea588e88299cdb0b2a0df6c7f270323e9d9181fe1d1138951dd409543b8921e188aea84cde83ea5e2c776bf6de89,07/22/2025 02:00:00 PM,1,DRIVER,,2013449,,TOYOTA,PRIUS,IL,2013,NONE,PASSENGER,PERSONAL,S,ENTERING TRAFFIC LANE FROM PARKING,,,1,,,,,,,,,,,,Y,Y,Y,Y,N,,SIDE-LEFT,,,,,,,,,,,,,,,,,,,,,,,,,,,,,,,,,
2112071,0aa3f2eb5e8fe5ef757665c6e522dccb84feea588e88299cdb0b2a0df6c7f270323e9d9181fe1d1138951dd409543b8921e188aea84cde83ea5e2c776bf6de89,07/22/2025 02:00:00 PM,2,DRIVER,,2013680,,UNKNOWN,MOTORIZED,IL,,UNKNOWN,VAN/MINI-VAN,OTHER,S,STRAIGHT AHEAD,Y,,1,,,,,Y,Y,,,,,,,,,,,,FRONT-RIGHT-CORNER,,,,,,,,,,,,,,,,,,,,,,,,,,,,,,,,,
2112072,0aa3f2eb5e8fe5ef757665c6e522dccb84feea588e88299cdb0b2a0df6c7f270323e9d9181fe1d1138951dd409543b8921e188aea84cde83ea5e2c776bf6de89,07/22/2025 02:00:00 PM,3,PARKED,1,2013682,,TOYOTA,CAMRY,IN,2020,NONE,PASSENGER,PERSONAL,S,PARKED,,,1,,,,,,,,,Y,Y,Y,Y,Y,,,N,,REAR,,,,,,,,,,,,,,,,,,,,,,,,,,,,,,,,,
2112774,1a8d9df6872b76f2083c7be93275c6ec4ced73625886faf0eece1b5346148233474781d4c364ad6eb8690d36fcf655c3e597080003915653e9315527980a2337,07/22/2025 02:00:00 PM,1,DRIVER,,2014117,,MINI,COOPER,IL,2006,NONE,PASSENGER,PERSONAL,W,STARTING IN TRAFFIC,,,1,,,,,,,,,,,,,,,,Y,,FRONT,,,,,,,,,,,,,,,,,,,,,,,,,,,,,,,,,
2112775,1a8d9df6872b76f2083c7be93275c6ec4ced73625886faf0eece1b5346148233474781d4c364ad6eb8690d36fcf655c3e597080003915653e9315527980a2337,07/22/2025 02:00:00 PM,2,DRIVER,4,2014126,,TOYOTA,COROLLA,IL,2022,NONE,PASSENGER,PERSONAL,W,STARTING IN TRAFFIC,,,5,,,,,,,,,Y,Y,Y,,,,N,N,,REAR,,,,,,,,,,,,,,,,,,,,,,,,,,,,,,,,,
2112140,ef57a4da4eae326e05ae419d1c2f7e62f805e7e89e17ff19cfd542a74a3d2e67b5f9fe0b805bd651690ecf9773eb9a3693349cbaf6de0f455f82a4352bb6a051,07/22/2025 02:00:00 PM,1,DRIVER,3,2013515,,NISSAN,ALTIMA,IL,2009,UNKNOWN,PASSENGER,UNKNOWN/NA,NW,U-TURN,,,4,,,,,N,,,,,,,,,Y,Y,,,FRONT-LEFT-CORNER,,,,,,,,,,,,,,,,,,,,,,,,,,,,,,,,,