CRASH_UNIT_ID,CRASH_RECORD_ID,CRASH_DATE,UNIT_NO,UNIT_TYPE,NUM_PASSENGERS,VEHICLE_ID,CMRC_VEH_I,MAKE,MODEL,LIC_PLATE_STATE,VEHICLE_YEAR,VEHICLE_DEFECT,VEHICLE_TYPE,VEHICLE_USE,TRAVEL_DIRECTION,MANEUVER,TOWED_I,FIRE_I,OCCUPANT_CNT,EXCEED_SPEED_LIMIT_I,TOWED_BY,TOWED_TO,AREA_00_I,AREA_01_I,AREA_02_I,AREA_03_I,AREA_04_I,AREA_05_I,AREA_06_I,AREA_07_I,AREA_08_I,AREA_09_I,AREA_10_I,AREA_11_I,AREA_12_I,AREA_99_I,FIRST_CONTACT_POINT,CMV_ID,USDOT_NO,CCMC_NO,ILCC_NO,COMMERCIAL_SRC,GVWR,CARRIER_NAME,CARRIER_STATE,CARRIER_CITY,HAZMAT_PLACARDS_I,HAZMAT_NAME,UN_NO,HAZMAT_PRESENT_I,HAZMAT_REPORT_I,HAZMAT_REPORT_NO,MCS_REPORT_I,MCS_REPORT_NO,HAZMAT_VIO_CAUSE_CRASH_I,MCS_VIO_CAUSE_CRASH_I,IDOT_PERMIT_NO,WIDE_LOAD_I,TRAILER1_WIDTH,TRAILER2_WIDTH,TRAILER1_LENGTH,TRAILER2_LENGTH,TOTAL_VEHICLE_LENGTH,AXLE_CNT,VEHICLE_CONFIG,CARGO_BODY_TYPE,LOAD_TYPE,HAZMAT_OUT_OF_SERVICE_I,MCS_OUT_OF_SERVICE_I,HAZMAT_CLASS
2112141,ef57a4da4eae326e05ae419d1c2f7e62f805e7e89e17ff19cfd542a74a3d2e67b5f9fe0b805bd651690ecf9773eb9a3693349cbaf6de0f455f82a4352bb6a051,07/22/2025 02:00:00 PM,2,DRIVER,,2013532,,FORD,THUNDERBIRD,IL,2002,UNKNOWN,PASSENGER,UNKNOWN/NA,N,STRAIGHT AHEAD,,,1,,,,,Y,,,,,,,,,,,,,FRONT-RIGHT-CORNER,,,,,,,,,,,,,,,,,,,,,,,,,,,,,,,,,
2112080,ee6dad5a6c79b1cd98a6b207c30fd8ccf348ade288fdb60d3ae18d9f898b038cf78948041a208ae57ae6703455df0359c28cecdbc7be8741c64a4919de3b6335,07/22/2025 01:57:00 PM,1,DRIVER,,2013454,,NISSAN,ALTIMA,IL,2014,UNKNOWN,PASSENGER,UNKNOWN/NA,N,STRAIGHT AHEAD,,,1,,,,,,,,,,,,,,,,,Y,SIDE-LEFT,,,,,,,,,,,,,,,,,,,,,,,,,,,,,,,,,
2112081,ee6dad5a6c79b1cd98a6b207c30fd8ccf348ade288fdb60d3ae18d9f898b038cf78948041a208ae57ae6703455df0359c28cecdbc7be8741c64a4919de3b6335,07/22/2025 01:57:00 PM,2,DRIVER,,2013462,,VOLVO,XC90,IL,2008,UNKNOWN,SPORT UTILITY VEHICLE (SUV),PERSONAL,E,STRAIGHT AHEAD,,,1,,,,,Y,,,,,,,,,,Y,Y,,FRONT,,,,,,,,,,,,,,,,,,,,,,,,,,,,,,,,,
2112113,75f3b58db392898ac6a147c2b300595f70e431cf1627c0084439db3e92f8fd20b4c5864b888fa24bb5ed15a3710e7c457b0847edb77b063bad1f703dd0263f42,07/22/2025 01:55:00 PM,1,DRIVER,,2013486,,BMW,BMW,IL,2013,UNKNOWN,PASSENGER,PERSONAL,UNKNOWN,UNKNOWN/NA,,,1,,,,,Y,,,,,,,,,,Y,Y,,FRONT,,,,,,,,,,,,,,,,,,,,,,,,,,,,,,,,,
2112114,75f3b58db392898ac6a147c2b300595f70e431cf1627c0084439db3e92f8fd20b4c5864b888fa24bb5ed15a3710e7c457b0847edb77b063bad1f703dd0263f42,07/22/2025 01:55:00 PM,2,DRIVER,,2013490,,HONDA,CIVIC,IL,2024,UNKNOWN,PASSENGER,PERSONAL,UNKNOWN,UNKNOWN/NA,,,1,,,,,,,,,Y,Y,Y,,,,,,,REAR,,,,,,,,,,,,,,,,,,,,,,,,,,,,,,,,,
2112031,c7b1b4eb729b2342dd3a5e3998a44338773dfbbadc37e5b490a687801fe357f9838747da6c5c0236fa7e30be979f681ba6944adfab97b15b6c4198cf758dcadd,07/22/2025 01:45:00 PM,1,DRIVER,,2013419,,HONDA,CIVIC,IL,2012,UNKNOWN,PASSENGER,PERSONAL,N,TURNING RIGHT,,,1,,,,,Y,Y,,,,,,,,,,Y,,FRONT-RIGHT-CORNER,,,,,,,,,,,,,,,,,,,,,,,,,,,,,,,,,
2112032,c7b1b4eb729b2342dd3a5e3998a44338773dfbbadc37e5b490a687801fe357f9838747da6c5c0236fa7e30be979f681ba6944adfab97b15b6c4198cf758dcadd,07/22/2025 01:45:00 PM,2,DRIVER,1,2013413,,NISSAN,KICKS,IL,2022,UNKNOWN,PASSENGER,PERSONAL,N,TURNING RIGHT,,,2,,,,,,,,,,,,,Y,Y,Y,,,FRONT-LEFT-CORNER,,,,,,,,,,,,,,,,,,,,,,,,,,,,,,,,,
2112676,0e3960f85b8ff8149e2c2b8a37e632f3fcdb895aa3fd45cafb59979095fad30f18b9b5bbab5a116ecaa84122764be54e8848c38e3498c30b61df49a6aa7be861,07/22/2025 01:40:00 PM,1,DRIVER,,2014032,,UNKNOWN,OTHER (EXPLAIN IN NARRATIVE),IL,,UNKNOWN,UNKNOWN/NA,UNKNOWN/NA,UNKNOWN,UNKNOWN/NA,,,1,,,,,,,,,,,,,,,,,Y,UNKNOWN,,,,,,,,,,,,,,,,,,,,,,,,,,,,,,,,,
2112677,0e3960f85b8ff8149e2c2b8a37e632f3fcdb895aa3fd45cafb59979095fad30f18b9b5bbab5a116ecaa84122764be54e8848c38e3498c30b61df49a6aa7be861,07/22/2025 01:40:00 PM,2,PARKED,,2014027,,GENESIS,GV80,IL,2021,NONE,SPORT UTILITY VEHICLE (SUV),PERSONAL,UNKNOWN,PARKED,,,0,,,,,,,,,,,Y,Y,,,,,,REAR-LEFT-CORNER,,,,,,,,,,,,,,,,,,,,,,,,,,,,,,,,,
2112222,bd613b38806f5d61285994cf5364000f5633f35b778095197eafad698816dc91f9a5f0547b4da13baa77378a6b225528940651e34f0f5fd48dfe27536073b2fd,07/22/2025 01:40:00 PM,1,DRIVER,,2013601,,NOVA BUS,OTHER (EXPLAIN IN NARRATIVE),IL,2023,UNKNOWN,BUS OVER 15 PASS.,CTA,N,STRAIGHT AHEAD,,,1,,,,,,,,,,,,,,,,,Y,UNKNOWN,,,,,,,,,,,,,,,,,,,,,,,,,,,,,,,,,
2112223,bd613b38806f5d61285994cf5364000f5633f35b778095197eafad698816dc91f9a5f0547b4da13baa77378a6b225528940651e34f0f5fd48dfe27536073b2fd,07/22/2025 01:40:00 PM,2,DRIVER,1,2013622,,HYUNDAI,ELANTRA,IL,2024,UNKNOWN,PASSENGER,PERSONAL,N,STRAIGHT AHEAD,,,2,,,,,Y,,,,,,,,,,Y,,,SIDE-RIGHT-FRONT,,,,,,,,,,,,,,,,,,,,,,,,,,,,,,,,,
2112023,109b78af59db8312825004bbba94c6b610c6e8a0b50b8aac2f4f63abe917055739c3ea56dd41a99d11e222f5d15272f45e4cf8fc79da55ed48ad4654ce2f5b7b,07/22/2025 01:30:00 PM,1,PARKED,1,2013405,,TOYOTA,CAMRY,IL,2009,UNKNOWN,PASSENGER,NOT IN USE,N,PARKED,,,1,,,,,,,,,,,,,Y,Y,,,,SIDE-LEFT,,,,,,,,,,,,,,,,,,,,,,,,,,,,,,,,,
2112024,109b78af59db8312825004bbba94c6b610c6e8a0b50b8aac2f4f63abe917055739c3ea56dd41a99d11e222f5d15272f45e4cf8fc79da55ed48ad4654ce2f5b7b,07/22/2025 01:30:00 PM,2,DRIVER,,2013412,,TOYOTA,SIENNA,IL,2018,UNKNOWN,VAN/MINI-VAN,TAXI/FOR HIRE,N,STRAIGHT AHEAD,,,1,,,,,,Y,Y,,,,,,,,,,,SIDE-RIGHT,,,,,,,,,,,,,,,,,,,,,,,,,,,,,,,,,
2112843,f705f14335ed6c6e284bae8991b7d4c65205d2d965a6446d51ba3b5861e2b7dbce9de42976dea24bc6e1916d6ff91bcb3fcc914e3507a00d2349cd764deb12ae,07/22/2025 01:30:00 PM,1,DRIVER,,2014187,,UNKNOWN,OTHER (EXPLAIN IN NARRATIVE),,,UNKNOWN,UNKNOWN/NA,UNKNOWN/NA,UNKNOWN,UNKNOWN/NA,,,1,,,,,,,,,,,,,,,,,Y,UNKNOWN,,,,,,,,,,,,,,,,,,,,,,,,,,,,,,,,,
2112844,f705f14335ed6c6e284bae8991b7d4c65205d2d965a6446d51ba3b5861e2b7dbce9de42976dea24bc6e1916d6ff91bcb3fcc914e3507a00d2349cd764deb12ae,07/22/2025 01:30:00 PM,2,PARKED,,2014198,,TOYOTA,RAV4,IL,2017,UNKNOWN,SPORT UTILITY VEHICLE (SUV),PERSONAL,S,PARKED,,,0,,,,,,,,,,,Y,,,,,,,REAR-LEFT-CORNER,,,,,,,,,,,,,,,,,,,,,,,,,,,,,,,,,
2112019,02962746c35a019afa2f274e225f1c2f23e1270cfa13830b95cdb2912bef4ccdac8cbaa3224b8fdcfb8a6ed5f1d2157bbff368b322e1b11648cbf32dd1cb4f8c,07/22/2025 01:22:00 PM,1,DRIVER,,2013399,,HONDA,CR-V,IL,2004,UNKNOWN,PASSENGER,PERSONAL,E,TURNING LEFT,,,1,,,,,,,,,,,,,,,Y,Y,,FRONT-LEFT-CORNER,,,,,,,,,,,,,,,,,,,,,,,,,,,,,,,,,
2112020,02962746c35a019afa2f274e225f1c2f23e1270cfa13830b95cdb2912bef4ccdac8cbaa3224b8fdcfb8a6ed5f1d2157bbff368b322e1b11648cbf32dd1cb4f8c,07/22/2025 01:22:00 PM,2,DRIVER,,2013402,,FORD,ESCAPE,IL,2014,UNKNOWN,PASSENGER,PERSONAL,S,STRAIGHT AHEAD,,,1,,,,,Y,,,,,,,,,,,Y,,FRONT-RIGHT-CORNER,,,,,,,,,,,,,,,,,,,,,,,,,,,,,,,,,
2112025,201001e8ac2b7a80ab28fbb5e4afebe067753c3c7ca9f2ed02f9ba37834d9ee6f0f893a59f693792af159afdee5bd3307faee5cad0228f96849b81f8de6084d9,07/22/2025 01:20:00 PM,1,DRIVER,,2013403,,DODGE,CHARGER,IL,2021,NONE,PASSENGER,PERSONAL,S,PASSING/OVERTAKING,,,1,,,,,Y,,,,,,,,,,,,,FRONT-RIGHT-CORNER,,,,,,,,,,,,,,,,,,,,,,,,,,,,,,,,,
2112026,201001e8ac2b7a80ab28fbb5e4afebe067753c3c7ca9f2ed02f9ba37834d9ee6f0f893a59f693792af159afdee5bd3307faee5cad0228f96849b81f8de6084d9,07/22/2025 01:20:00 PM,2,DRIVER,1,2013408,,PORSCHE,CAYENNE,IL,2020,NONE,SPORT UTILITY VEHICLE (SUV),PERSONAL,S,STRAIGHT AHEAD,Y,,2,,PRIVATE,,,,,,,,,Y,Y,,,,,,REAR-LEFT-CORNER,,,,,,,,,,,,,,,,,,,,,,,,,,,,,,,,,
2112043,3b686deef8f07529839486f180af54a570d0e70a52e3ba065035ef8141bb38e41f925d7e49b086937b3ea3992a4a867d3c6d21ddaa59b473f37277e81a62afd7,07/22/2025 01:15:00 PM,1,DRIVER,,2013421,,UNKNOWN,OTHER (EXPLAIN IN NARRATIVE),IL,,UNKNOWN,PICKUP,UNKNOWN/NA,S,STRAIGHT AHEAD,,,1,,,,,,,,,,,,,,,,,Y,UNKNOWN,,,,,,,,,,,,,,,,,,,,,,,,,,,,,,,,,
2112044,3b686deef8f07529839486f180af54a570d0e70a52e3ba065035ef8141bb38e41f925d7e49b086937b3ea3992a4a867d3c6d21ddaa59b473f37277e81a62afd7,07/22/2025 01:15:00 PM,2,DRIVER,,2013432,,TOYOTA,HIGHLANDER,IL,2014,NONE,PASSENGER,PERSONAL,S,SLOW/STOP IN TRAFFIC,,,1,,,,,,,,,,,Y,Y,,,,,,SIDE-LEFT-REAR,,,,,,,,,,,,,,,,,,,,,,,,,,,,,,,,,
2112135,70afd25fc1b18ceb41dcf4b61cebac555eaf9dea6f4fa31233f23498bd2f26550b865478557114059ca9361b8534c1fb14917bc81cdb03a0dba1d653aac6993c,07/22/2025 01:15:00 PM,1,DRIVER,,2013504,,GENERAL MOTORS CORPORATION (GMC),SIERRA,IL,2018,UNKNOWN,PASSENGER,UNKNOWN/NA,S,STRAIGHT AHEAD,Y,,1,,CITY OF CHICAGO,701 N SACREMENTO,,Y,,,,,,,,,,,Y,,FRONT-RIGHT-CORNER,,,,,,,,,,,,,,,,,,,,,,,,,,,,,,,,,
2112136,70afd25fc1b18ceb41dcf4b61cebac555eaf9dea6f4fa31233f23498bd2f26550b865478557114059ca9361b8534c1fb14917bc81cdb03a0dba1d653aac6993c,07/22/2025 01:15:00 PM,2,DRIVER,,2013521,,HYUNDAI,KONA,IL,2023,UNKNOWN,PASSENGER,PERSONAL,SW,TURNING LEFT,,,1,,,,,,,Y,Y,,,,,,,,,,SIDE-RIGHT-REAR,,,,,,,,,,,,,,,,,,,,,,,,,,,,,,,,,
2112004,9c3d1835ab9187b22553a7f98b006c651089573a99d06741a4273f3d219cbe65d5eae78273ce278f9d8c081c05da0d4c9778315dcab3181cfb286a1a0006d911,07/22/2025 01:00:00 PM,1,DRIVER,,2013394,,CHEVROLET,TRAIL BLAZER,IL,2024,NONE,PASSENGER,PERSONAL,E,TURNING LEFT,,,1,,,,,Y,,,,,,,,N,N,,,,FRONT-RIGHT-CORNER,,,,,,,,,,,,,,,,,,,,,,,,,,,,,,,,,
2112005,9c3d1835ab9187b22553a7f98b006c651089573a99d06741a4273f3d219cbe65d5eae78273ce278f9d8c081c05da0d4c9778315dcab3181cfb286a1a0006d911,07/22/2025 01:00:00 PM,2,DRIVER,,2013391,,VOLKSWAGEN,JETTA,IL,2015,NONE,PASSENGER,PERSONAL,N,STRAIGHT AHEAD,,,1,,,,,,,,,,,,,Y,Y,,,,SIDE-LEFT,,,,,,,,,,,,,,,,,,,,,,,,,,,,,,,,,
2112767,c03392a61c3d2f803c6f0175a7b04d8dbdb226f8d3a1c56dead3b6e3280ff4b7a7c6216fa46b403d4ddfe0d15d0bfb6583d4645c1721440e5245c4c1d1b0c9aa,07/22/2025 01:00:00 PM,1,DRIVER,,2014113,,FREIGHTLINER CORPORATION,FREIGHTLINER CORP.,IN,2025,UNKNOWN,TRACTOR W/ SEMI-TRAILER,COMMERCIAL - MULTI-UNIT,UNKNOWN,UNKNOWN/NA,,,1,,,,,,,,,,,,,,,,,Y,UNKNOWN,,,,,,,,,,,,,,,,,,,,,,,,,,,,,,,,,
2112768,c03392a61c3d2f803c6f0175a7b04d8dbdb226f8d3a1c56dead3b6e3280ff4b7a7c6216fa46b403d4ddfe0d15d0bfb6583d4645c1721440e5245c4c1d1b0c9aa,07/22/2025 01:00:00 PM,2,PARKED,,2014124,,BMW,328I,IL,2009,NONE,PASSENGER,NOT IN USE,N,PARKED,,,0,,,,,,,,,Y,,,,,,,,,REAR-RIGHT-CORNER,,,,,,,,,,,,,,,,,,,,,,,,,,,,,,,,,
2112008,8411a11d1f98514ae99dbcba59ce6b081ca4d3c67d96098e824108ce242a5d97a8439946bfe9f173790daacc12dc695babd7157e54424b6c789ce17d261715ad,07/22/2025 12:50:00 PM,1,DRIVER,1,2013393,,HONDA,ACCORD,IL,2017,UNKNOWN,PASSENGER,PERSONAL,W,TURNING LEFT,,,2,,,,,,Y,Y,Y,,,,,,,,,,SIDE-RIGHT,,,,,,,,,,,,,,,,,,,,,,,,,,,,,,,,,
2112009,8411a11d1f98514ae99dbcba59ce6b081ca4d3c67d96098e824108ce242a5d97a8439946bfe9f173790daacc12dc695babd7157e54424b6c789ce17d261715ad,07/22/2025 12:50:00 PM,2,DRIVER,3,2013401,,NISSAN,VERSA,IL,2021,UNKNOWN,PASSENGER,PERSONAL,E,STRAIGHT AHEAD,,,4,,,,,Y,Y,,,,,,,,,Y,Y,,FRONT,,,,,,,,,,,,,,,,,,,,,,,,,,,,,,,,,
2111995,f5cc5104857e58f0c0117edc88384f0f061186bd70aa0bcccda57c47a30f9c087b40b4e2c682bfae3fc7faa5d15c0de0d2128107cc086751bfbc6ac1fdc2dba5,07/22/2025 12:50:00 PM,1,DRIVER,,2013377,,TOYOTA,OTHER (EXPLAIN IN NARRATIVE),IL,2019,UNKNOWN,PASSENGER,PERSONAL,S,BACKING,,,1,,,,,,,,,,,,,,,,,Y,REAR,,,,,,,,,,,,,,,,,,,,,,,,,,,,,,,,,
2111996,f5cc5104857e58f0c0117edc88384f0f061186bd70aa0bcccda57c47a30f9c087b40b4e2c682bfae3fc7faa5d15c0de0d2128107cc086751bfbc6ac1fdc2dba5,07/22/2025 12:50:00 PM,2,PARKED,,2013381,,HYUNDAI,OTHER (EXPLAIN IN NARRATIVE),IL,2022,NONE,PASSENGER,PERSONAL,N,PARKED,,,0,,,,,,,,,,,,,,,,Y,,FRONT,,,,,,,,,,,,,,,,,,,,,,,,,,,,,,,,,
2112002,fffac69fe2a540c98ec05e41b66cd5a339457e07f5e3a6d140e4cc4123834716f4acf3385de289aaee5049974e351b06f9873f3effde4d034d690b617c9632f6,07/22/2025 12:45:00 PM,1,DRIVER,,2013387,,VOLVO,OTHER (EXPLAIN IN NARRATIVE),IN,2025,NONE,TRACTOR W/ SEMI-TRAILER,OTHER,SW,SLOW/STOP IN TRAFFIC,,,1,,,,,,,,,,,,,Y,,,,,SIDE-LEFT,,,,,,,,,,,,,,,,,,,,,,,,,,,,,,,,,
2112003,fffac69fe2a540c98ec05e41b66cd5a339457e07f5e3a6d140e4cc4123834716f4acf3385de289aaee5049974e351b06f9873f3effde4d034d690b617c9632f6,07/22/2025 12:45:00 PM,2,PARKED,,2013390,,"PETERBILT MOTORS COMPANY (DIVISION OF PACCAR, INC.)","PETERBILT MOTORS CO., DIVISION PACCAR, INC.",OK,2020,NONE,TRUCK - SINGLE UNIT,NOT IN USE,S,PARKED,,,0,,,,,Y,Y,Y,,,,,,,,,,,SIDE-RIGHT,,,,,,,,,,,,,,,,,,,,,,,,,,,,,,,,,
2112435,b6792d0dc7375b2e180a94594291f5f0980dd9264f41332cccd0b957ff0ea8578989a406321558eeca5bf8dbae569ca583bde61790df55915762da792e53dfcf,07/22/2025 12:41:00 PM,1,DRIVER,,2013796,,TOYOTA,COROLLA,IL,2006,NONE,PASSENGER,PERSONAL,N,BACKING,,,1,,,,,,,,,,,Y,,,,,,,REAR-LEFT-CORNER,,,,,,,,,,,,,,,,,,,,,,,,,,,,,,,,,
2112436,b6792d0dc7375b2e180a94594291f5f0980dd9264f41332cccd0b957ff0ea8578989a406321558eeca5bf8dbae569ca583bde61790df55915762da792e53dfcf,07/22/2025 12:41:00 PM,2,PARKED,,2013798,,TOYOTA,HIGHLANDER,IL,2023,NONE,SPORT UTILITY VEHICLE (SUV),PERSONAL,S,PARKED,,,0,,,,,,,,,,,Y,,,,,,,REAR-LEFT-CORNER,,,,,,,,,,,,,,,,,,,,,,,,,,,,,,,,,
2112674,075bfbf495e9ec88c425314cf598cb9215c0a122fe27cee1ec11c760da7270f6c506b864a864357f29698439e809ffa35c80e797da7f0183897c86267324cf5b,07/22/2025 12:40:00 PM,1,DRIVER,,2014033,,FORD,OTHER (EXPLAIN IN NARRATIVE),IN,,UNKNOWN,PASSENGER,PERSONAL,N,STRAIGHT AHEAD,,,1,,,,,,,,,,,,,,,Y,,,UNKNOWN,,,,,,,,,,,,,,,,,,,,,,,,,,,,,,,,,
2112675,075bfbf495e9ec88c425314cf598cb9215c0a122fe27cee1ec11c760da7270f6c506b864a864357f29698439e809ffa35c80e797da7f0183897c86267324cf5b,07/22/2025 12:40:00 PM,2,DRIVER,1,2014026,,NISSAN,ROGUE,IL,2016,NONE,SPORT UTILITY VEHICLE (SUV),PERSONAL,N,STRAIGHT AHEAD,,,2,,,,,,,,,Y,,,,,,,,,SIDE-RIGHT-REAR,,,,,,,,,,,,,,,,,,,,,,,,,,,,,,,,,
2111980,e7ebc9b8326fc1ef5923f3ff94db890d37b8cc98de7a9f9323b33f935050a41ccbb218e2cfbcc6c067a30597d173c504aa8b6a7e80ca38235878c3fd2c8e4565,07/22/2025 12:36:00 PM,1,DRIVER,,2013370,,HONDA,ACCORD,IL,2005,UNKNOWN,PASSENGER,PERSONAL,NW,TURNING RIGHT,,,1,,,,Y,N,,,,,,,,,,,,,FRONT-RIGHT-CORNER,,,,,,,,,,,,,,,,,,,,,,,,,,,,,,,,,
2111981,e7ebc9b8326fc1ef5923f3ff94db890d37b8cc98de7a9f9323b33f935050a41ccbb218e2cfbcc6c067a30597d173c504aa8b6a7e80ca38235878c3fd2c8e4565,07/22/2025 12:36:00 PM,2,BICYCLE,,,,,,,,,,,,,,,,,,,,,,,,,,,,,,,,,,,,,,,,,,,,,,,,,,,,,,,,,,,,,,,,,,
2112041,1ecd71e2106fd93befca72679696cd45d32c443f65bf1e4a765cb3e71c5d41793f25da521b10ddf844b352a59b107478525a58a78b629e37ba61b212e87cdd5b,07/22/2025 12:30:00 PM,1,DRIVER,,2013424,,BUICK,ENCORE,IL,2020,NONE,SPORT UTILITY VEHICLE (SUV),PERSONAL,W,STRAIGHT AHEAD,,,1,,,,,Y,,,,,,,,,,Y,Y,,FRONT,,,,,,,,,,,,,,,,,,,,,,,,,,,,,,,,,
2112042,1ecd71e2106fd93befca72679696cd45d32c443f65bf1e4a765cb3e71c5d41793f25da521b10ddf844b352a59b107478525a58a78b629e37ba61b212e87cdd5b,07/22/2025 12:30:00 PM,2,DRIVER,,2013428,,UNKNOWN,MOTORIZED,,1900,NONE,SPORT UTILITY VEHICLE (SUV),PERSONAL,W,STRAIGHT AHEAD,,,1,,,,,,,,,Y,Y,Y,,,,,,,REAR,,,,,,,,,,,,,,,,,,,,,,,,,,,,,,,,,
2112014,57f3d86522dd03f00b4e2e099114cba5d8ad239ffae4e44ee1a3d0f0a607dcda3dd60deaa6eab75b0b794029498bb2a9f4fb69557dfc8d6e01ccb2680f86730b,07/22/2025 12:30:00 PM,1,DRIVER,,2013398,,HONDA,HR-V,IL,2018,UNKNOWN,PASSENGER,UNKNOWN/NA,E,PASSING/OVERTAKING,,,1,,,,,N,,,,,,,,,,,,Y,UNKNOWN,,,,,,,,,,,,,,,,,,,,,,,,,,,,,,,,,
2112015,57f3d86522dd03f00b4e2e099114cba5d8ad239ffae4e44ee1a3d0f0a607dcda3dd60deaa6eab75b0b794029498bb2a9f4fb69557dfc8d6e01ccb2680f86730b,07/22/2025 12:30:00 PM,2,DRIVER,1,2013400,,MERCEDES-BENZ,C300,IL,2020,UNKNOWN,PASSENGER,UNKNOWN/NA,E,STRAIGHT AHEAD,,,2,,,,,,,,,,,,,,Y,Y,,,FRONT-LEFT-CORNER,,,,,,,,,,,,,,,,,,,,,,,,,,,,,,,,,
2112291,68b871f657c7c483184be8859adb606d4ce33fa79357fa65fdb96216ae6509e17500b5e6e1c891ad5dd67d77fb8531bfe41b308b1d28a57e9534ad1788963c80,07/22/2025 12:30:00 PM,1,DRIVER,,2013658,,UNKNOWN,OTHER (EXPLAIN IN NARRATIVE),,,UNKNOWN,UNKNOWN/NA,UNKNOWN/NA,S,PASSING/OVERTAKING,,,1,,,,,,,,,,,,,,,,,Y,UNKNOWN,,,,,,,,,,,,,,,,,,,,,,,,,,,,,,,,,
2112292,68b871f657c7c483184be8859adb606d4ce33fa79357fa65fdb96216ae6509e17500b5e6e1c891ad5dd67d77fb8531bfe41b308b1d28a57e9534ad1788963c80,07/22/2025 12:30:00 PM,2,PARKED,,2013664,,FORD,FUSION,IL,2019,UNKNOWN,PASSENGER,NOT IN USE,S,PARKED,,,0,,,,,Y,Y,Y,Y,Y,,,,,,,,,SIDE-RIGHT,,,,,,,,,,,,,,,,,,,,,,,,,,,,,,,,,
2112012,e52c0a74bdd67bd5e2b3a888a45d10bb088e3e65fa1a971969234fce53de4c0f4d29632ec4901d201d550110d2fee85d4d630f904c28ef3b5bf6e93538111063,07/22/2025 12:30:00 PM,1,DRIVER,,2013404,Y,VOLVO,OTHER (EXPLAIN IN NARRATIVE),IL,2015,UNKNOWN,SINGLE UNIT TRUCK WITH TRAILER,COMMERCIAL - MULTI-UNIT,N,STRAIGHT AHEAD,,,1,,,,,,Y,,,,,,,,Y,Y,,N,UNKNOWN,"21,869",1197429,,,DRIVER,,CELTIC CARTAGE INC.,IL,PALOS HILLS,,,,N,N,,U,,N,N,,,,,,,,,TRUCK/TRAILER,VAN/ENCLOSED BOX,UNKNOWN,N,N,
2112013,e52c0a74bdd67bd5e2b3a888a45d10bb088e3e65fa1a971969234fce53de4c0f4d29632ec4901d201d550110d2fee85d4d630f904c28ef3b5bf6e93538111063,07/22/2025 12:30:00 PM,2,DRIVER,1,2013410,,CHEVROLET,SILVERADO,GA,2024,UNKNOWN,PICKUP,CONSTRUCTION/MAINTENANCE,N,STRAIGHT AHEAD,,,2,,,,,,,,,,,,,,,,,Y,UNKNOWN,,,,,,,,,,,,,,,,,,,,,,,,,,,,,,,,,
2112010,43b291b1d0db2e59c149784cf03f35d624faa760c0002b1f8763676fa7b3e5ea4078526e9ba3273f51cd71823fd1d11da75c185bb016b0138be4e5373b63da94,07/22/2025 12:25:00 PM,1,DRIVER,,2013409,,UNKNOWN,OTHER (EXPLAIN IN NARRATIVE),IL,,UNKNOWN,UNKNOWN/NA,UNKNOWN/NA,UNKNOWN,UNKNOWN/NA,,,1,,,,,,,,,,,,,,,,,Y,UNKNOWN,,,,,,,,,,,,,,,,,,,,,,,,,,,,,,,,,
2112011,43b291b1d0db2e59c149784cf03f35d624faa760c0002b1f8763676fa7b3e5ea4078526e9ba3273f51cd71823fd1d11da75c185bb016b0138be4e5373b63da94,07/22/2025 12:25:00 PM,2,PARKED,,2013392,,CHEVROLET,MALIBU,IN,2020,NONE,PASSENGER,PERSONAL,S,PARKED,,,0,,,,,,,,,,,,Y,Y,Y,Y,,,SIDE-LEFT,,,,,,,,,,,,,,,,,,,,,,,,,,,,,,,,,
2111978,84c96d543ecace4db0333048f7c50f9ff54f71b5e585daf4b6f7f71af335192d2ce4529109a4c1e31565e308e5c6f06d0d14e836a9a5089a5f696e6d0193ae1b,07/22/2025 12:20:00 PM,1,DRIVER,,2013364,,DODGE,GRAND CARAVAN,IL,2014,UNKNOWN,VAN/MINI-VAN,PERSONAL,W,MERGING,,,1,,,,,Y,Y,,,,,,,,,,,,FRONT-RIGHT-CORNER,,,,,,,,,,,,,,,,,,,,,,,,,,,,,,,,,
2111979,84c96d543ecace4db0333048f7c50f9ff54f71b5e585daf4b6f7f71af335192d2ce4529109a4c1e31565e308e5c6f06d0d14e836a9a5089a5f696e6d0193ae1b,07/22/2025 12:20:00 PM,2,DRIVER,1,2013373,,VOLKSWAGEN,ATLAS,IL,2021,NONE,SPORT UTILITY VEHICLE (SUV),PERSONAL,W,STRAIGHT AHEAD,,,2,,,,,,,,,,,Y,Y,Y,,,,,SIDE-LEFT,,,,,,,,,,,,,,,,,,,,,,,,,,,,,,,,,
2111984,e6dd0f3b24575369b0326d340a23a42c5a3e23c5472c095794bb2b72a118e7a1a1b590636d98ec0a6e875b60ef4476ecd90c27643c37154f66b381dbb3b53e8e,07/22/2025 12:19:00 PM,1,DRIVER,,2013366,,JEEP,GRAND CHEROKEE,IL,2007,UNKNOWN,PASSENGER,PERSONAL,S,STRAIGHT AHEAD,,,1,,,,,Y,,,,,,,,,,Y,Y,,FRONT,,,,,,,,,,,,,,,,,,,,,,,,,,,,,,,,,
2111985,e6dd0f3b24575369b0326d340a23a42c5a3e23c5472c095794bb2b72a118e7a1a1b590636d98ec0a6e875b60ef4476ecd90c27643c37154f66b381dbb3b53e8e,07/22/2025 12:19:00 PM,2,DRIVER,2,2013376,,HYUNDAI,SONATA,IL,2017,UNKNOWN,PASSENGER,RIDESHARE SERVICE,S,SLOW/STOP IN TRAFFIC,,,3,,,,,,,,,Y,Y,Y,,,,,,,REAR,,,,,,,,,,,,,,,,,,,,,,,,,,,,,,,,,