CRASH_UNIT_ID,CRASH_RECORD_ID,CRASH_DATE,UNIT_NO,UNIT_TYPE,NUM_PASSENGERS,VEHICLE_ID,CMRC_VEH_I,MAKE,MODEL,LIC_PLATE_STATE,VEHICLE_YEAR,VEHICLE_DEFECT,VEHICLE_TYPE,VEHICLE_USE,TRAVEL_DIRECTION,MANEUVER,TOWED_I,FIRE_I,OCCUPANT_CNT,EXCEED_SPEED_LIMIT_I,TOWED_BY,TOWED_TO,AREA_00_I,AREA_01_I,AREA_02_I,AREA_03_I,AREA_04_I,AREA_05_I,AREA_06_I,AREA_07_I,AREA_08_I,AREA_09_I,AREA_10_I,AREA_11_I,AREA_12_I,AREA_99_I,FIRST_CONTACT_POINT,CMV_ID,USDOT_NO,CCMC_NO,ILCC_NO,COMMERCIAL_SRC,GVWR,CARRIER_NAME,CARRIER_STATE,CARRIER_CITY,HAZMAT_PLACARDS_I,HAZMAT_NAME,UN_NO,HAZMAT_PRESENT_I,HAZMAT_REPORT_I,HAZMAT_REPORT_NO,MCS_REPORT_I,MCS_REPORT_NO,HAZMAT_VIO_CAUSE_CRASH_I,MCS_VIO_CAUSE_CRASH_I,IDOT_PERMIT_NO,WIDE_LOAD_I,TRAILER1_WIDTH,TRAILER2_WIDTH,TRAILER1_LENGTH,TRAILER2_LENGTH,TOTAL_VEHICLE_LENGTH,AXLE_CNT,VEHICLE_CONFIG,CARGO_BODY_TYPE,LOAD_TYPE,HAZMAT_OUT_OF_SERVICE_I,MCS_OUT_OF_SERVICE_I,HAZMAT_CLASS
2112021,f4dc9a9d8a97cd88d332ca412af2c16ac156f78076927ecce7eee2ea738e2a109d8e615bc29688ba669423ca6c134905bff04440c8831b0feb37bca22985f9b4,07/22/2025 12:15:00 PM,1,DRIVER,2,2013799,,CADILLAC,SRX,IL,2010,UNKNOWN,SPORT UTILITY VEHICLE (SUV),PERSONAL,NW,TURNING RIGHT,Y,,3,,CITY OF CHICAGO,CITY POUND,,Y,,,,,,,,,,Y,Y,,FRONT,,,,,,,,,,,,,,,,,,,,,,,,,,,,,,,,,
2112022,f4dc9a9d8a97cd88d332ca412af2c16ac156f78076927ecce7eee2ea738e2a109d8e615bc29688ba669423ca6c134905bff04440c8831b0feb37bca22985f9b4,07/22/2025 12:15:00 PM,2,DRIVER,,2013803,,DODGE,RAM 3500 PU,IN,2019,UNKNOWN,TRUCK - SINGLE UNIT,OTHER,S,SLOW/STOP IN TRAFFIC,,,1,,,,,,,,,,,,,,Y,Y,Y,,FRONT-LEFT-CORNER,,,,,,,,,,,,,,,,,,,,,,,,,,,,,,,,,
2112033,f6c4aa69de2237a2ebd70f5db33f81a3a6ce87471560706b03d789dee917b6934eb4c708ffb5fd11c26ab5231552f8c8705f1b471662928476399992707c0152,07/22/2025 12:15:00 PM,1,DRIVER,,2013511,,BUICK,ENCORE,IL,2015,NONE,SPORT UTILITY VEHICLE (SUV),PERSONAL,E,ENTER FROM DRIVE/ALLEY,Y,,1,,CITY OF CHICAGO,POUND 6,,Y,Y,,,,,Y,Y,Y,Y,Y,Y,,FRONT-RIGHT-CORNER,,,,,,,,,,,,,,,,,,,,,,,,,,,,,,,,,
2112034,f6c4aa69de2237a2ebd70f5db33f81a3a6ce87471560706b03d789dee917b6934eb4c708ffb5fd11c26ab5231552f8c8705f1b471662928476399992707c0152,07/22/2025 12:15:00 PM,2,DRIVER,,2013522,,FORD,ESCAPE,IL,2015,NONE,SPORT UTILITY VEHICLE (SUV),PERSONAL,N,STRAIGHT AHEAD,Y,,1,,PRIVATE,,,Y,,,,,,,,,Y,Y,Y,,FRONT-LEFT-CORNER,,,,,,,,,,,,,,,,,,,,,,,,,,,,,,,,,
2111976,8db59358b3c5ff63f141150d2f5c8a23655e2c58ce152870674c7ebba8257f113e059c1b5d35a86cad71622450e7cf2f9961a4a1a239781feef9616b88d6e056,07/22/2025 12:00:00 PM,1,DRIVER,,2013371,,HONDA,CIVIC,IL,2016,NONE,PASSENGER,PERSONAL,E,LEAVING TRAFFIC LANE TO PARK,,,1,,,,,,,,,,,,,,Y,Y,,,FRONT-LEFT-CORNER,,,,,,,,,,,,,,,,,,,,,,,,,,,,,,,,,
2111977,8db59358b3c5ff63f141150d2f5c8a23655e2c58ce152870674c7ebba8257f113e059c1b5d35a86cad71622450e7cf2f9961a4a1a239781feef9616b88d6e056,07/22/2025 12:00:00 PM,2,DRIVER,,2013383,,KIA,OTHER (EXPLAIN IN NARRATIVE),IL,2011,NONE,PASSENGER,PERSONAL,E,STRAIGHT AHEAD,,,1,,,,Y,,,,,,,,,,,,,,FRONT-RIGHT-CORNER,,,,,,,,,,,,,,,,,,,,,,,,,,,,,,,,,
2111970,b9cf15d669a62cf7085ebb1bf336ed48231e14e8ed352700fde9d0486dcafa718ee791f7a802b5b0bcf77263d41c2b0862155b1a012da0cd36ce858ec177e365,07/22/2025 12:00:00 PM,1,DRIVER,,2013363,,"CIMARRON MANUFACTURING COMPANY (OKLAHOMA CITY, OK)","CIMARRON MFG. CO., OKLAHOMA CITY, OK",OK,2011,NONE,TRUCK - SINGLE UNIT,OTHER,W,STRAIGHT AHEAD,,,1,,,,,,,,,,,,,,N,N,,Y,SIDE-RIGHT,,,,,,,,,,,,,,,,,,,,,,,,,,,,,,,,,
2111971,b9cf15d669a62cf7085ebb1bf336ed48231e14e8ed352700fde9d0486dcafa718ee791f7a802b5b0bcf77263d41c2b0862155b1a012da0cd36ce858ec177e365,07/22/2025 12:00:00 PM,2,PARKED,1,2013375,,FREIGHTLINER CORPORATION,OTHER (EXPLAIN IN NARRATIVE),MO,2021,NONE,TRACTOR W/O SEMI-TRAILER,OTHER,W,PARKED,,,1,,,,,,,,,,,,,,Y,Y,,,FRONT-LEFT-CORNER,,,,,,,,,,,,,,,,,,,,,,,,,,,,,,,,,
2111945,e208c828666081d3abdcb8fe2c7a81282cf39d954803d11421c58e74cffde997e8531111b2e51b12d94b79e9397306ac6f66e0100a6d6c2a21bf9a61d7b9b2c6,07/22/2025 11:59:00 AM,1,DRIVER,,2013338,,UNKNOWN,OTHER (EXPLAIN IN NARRATIVE),,,UNKNOWN,PASSENGER,UNKNOWN/NA,S,STRAIGHT AHEAD,,,1,,,,,,,,,,,,,,,,,Y,UNKNOWN,,,,,,,,,,,,,,,,,,,,,,,,,,,,,,,,,
2111946,e208c828666081d3abdcb8fe2c7a81282cf39d954803d11421c58e74cffde997e8531111b2e51b12d94b79e9397306ac6f66e0100a6d6c2a21bf9a61d7b9b2c6,07/22/2025 11:59:00 AM,2,DRIVER,,2013341,,JEEP,GRAND CHEROKEE,IL,2022,NONE,PASSENGER,PERSONAL,S,SLOW/STOP IN TRAFFIC,,,1,,,,,,,,,Y,,,,,,,,,SIDE-RIGHT-REAR,,,,,,,,,,,,,,,,,,,,,,,,,,,,,,,,,
2111986,451aac1b9a91b8791058fc04f73f284f4307ad42cc762e3064daf7e727883d6d9dcec5c82d8add83feb5a38a3a2d9bbabceba1a31e857e5b640b01c3428f3636,07/22/2025 11:55:00 AM,1,DRIVER,1,2013844,,FORD,EDGE,IL,2017,NONE,PASSENGER,PERSONAL,E,BACKING,,,2,,,,,,,,,Y,Y,Y,,,,,,,REAR,,,,,,,,,,,,,,,,,,,,,,,,,,,,,,,,,
2111987,451aac1b9a91b8791058fc04f73f284f4307ad42cc762e3064daf7e727883d6d9dcec5c82d8add83feb5a38a3a2d9bbabceba1a31e857e5b640b01c3428f3636,07/22/2025 11:55:00 AM,2,DRIVER,,2013849,,ACURA,RLX,IL,2021,NONE,PASSENGER,PERSONAL,S,STRAIGHT AHEAD,,,1,,,,,Y,,,,,,,,,,,,,FRONT-RIGHT-CORNER,,,,,,,,,,,,,,,,,,,,,,,,,,,,,,,,,
2111933,155a21d216528f8f38ea6e9603452efdc9814baa9dcf917bb68b9b9b8392c0b859fc97d36bf7ac1c56ba63f6823f003b3f89fd6fd43cf510a06aff45a7935973,07/22/2025 11:50:00 AM,1,DRIVER,,2013326,,SUBARU,FORESTER,IL,,UNKNOWN,PASSENGER,PERSONAL,E,ENTERING TRAFFIC LANE FROM PARKING,,,1,,,,,,,,,,,,,,,Y,,,FRONT-RIGHT-CORNER,,,,,,,,,,,,,,,,,,,,,,,,,,,,,,,,,
2111934,155a21d216528f8f38ea6e9603452efdc9814baa9dcf917bb68b9b9b8392c0b859fc97d36bf7ac1c56ba63f6823f003b3f89fd6fd43cf510a06aff45a7935973,07/22/2025 11:50:00 AM,2,DRIVER,,2013332,,DODGE,JOURNEY,IL,,NONE,PASSENGER,PERSONAL,E,STRAIGHT AHEAD,,,1,,,,,,Y,Y,Y,,,,,,,,,,SIDE-RIGHT,,,,,,,,,,,,,,,,,,,,,,,,,,,,,,,,,
2111982,6cb7b148b212ca6f43d9c7f25c956e5ebc06a9902f8fdfd963b318b871ad8eecb0dbed80aca517f3d22f3471fc35dba531b01a0f9b4b59a7d1ee1b3e8a0ccdc2,07/22/2025 11:45:00 AM,1,DRIVER,,2013369,,JEEP,WAGONEER,IL,2022,UNKNOWN,SPORT UTILITY VEHICLE (SUV),UNKNOWN/NA,S,STRAIGHT AHEAD,,,1,,,,,,,,,,,,,,Y,Y,,,FRONT-LEFT-CORNER,,,,,,,,,,,,,,,,,,,,,,,,,,,,,,,,,
2111983,6cb7b148b212ca6f43d9c7f25c956e5ebc06a9902f8fdfd963b318b871ad8eecb0dbed80aca517f3d22f3471fc35dba531b01a0f9b4b59a7d1ee1b3e8a0ccdc2,07/22/2025 11:45:00 AM,2,DRIVER,,2013382,,CHEVROLET,TRAX,FL,2020,UNKNOWN,PASSENGER,PERSONAL,S,TURNING LEFT,Y,,1,,HERTZ,,,Y,Y,N,,,,,,,,,,,SIDE-RIGHT-FRONT,,,,,,,,,,,,,,,,,,,,,,,,,,,,,,,,,
2112000,47895e9a6338fead63a177e0ef758bb29424c29ebb9d60ede664bb09030f16c2b06c1c14f7310854c80103e9b10d24f15baf03cbc9de1696414b8b7b21af80b1,07/22/2025 11:29:00 AM,1,DRIVER,,2024777,,TOYOTA,PRIUS,IL,2016,NONE,PASSENGER,PERSONAL,E,STRAIGHT AHEAD,,,1,,,,,,Y,Y,,,,,,,,,,,SIDE-LEFT-FRONT,,,,,,,,,,,,,,,,,,,,,,,,,,,,,,,,,
2112016,47895e9a6338fead63a177e0ef758bb29424c29ebb9d60ede664bb09030f16c2b06c1c14f7310854c80103e9b10d24f15baf03cbc9de1696414b8b7b21af80b1,07/22/2025 11:29:00 AM,2,DRIVER,,2013397,,JEEP,LIBERTY,IL,2010,NONE,PASSENGER,PERSONAL,E,STRAIGHT AHEAD,,,1,,,,,,,,,,,Y,Y,Y,Y,Y,,,SIDE-LEFT,,,,,,,,,,,,,,,,,,,,,,,,,,,,,,,,,
2112029,0b2bb5dea44831bd27cd67fdd293580428ba986a3c6922f6444c99a81fa1f31d5d5bee545eec71c0483dbce1fdff54769c8a535f2e69cb171a56701c754275f5,07/22/2025 11:21:00 AM,1,DRIVER,,2013411,,BUICK,LACROSSE,IL,2011,UNKNOWN,PASSENGER,UNKNOWN/NA,S,STRAIGHT AHEAD,,,1,,,,,Y,,,,,,,,,,,,,UNKNOWN,,,,,,,,,,,,,,,,,,,,,,,,,,,,,,,,,
2112030,0b2bb5dea44831bd27cd67fdd293580428ba986a3c6922f6444c99a81fa1f31d5d5bee545eec71c0483dbce1fdff54769c8a535f2e69cb171a56701c754275f5,07/22/2025 11:21:00 AM,2,PARKED,,2013414,,VOLKSWAGEN,ATLAS,IL,2022,UNKNOWN,PASSENGER,NOT IN USE,S,PARKED,,,0,,,,,,,,,,,,,,,Y,,,SIDE-LEFT-FRONT,,,,,,,,,,,,,,,,,,,,,,,,,,,,,,,,,
2112220,abb9ffeb240613f7be5f446bf1702aadf5fd4ee7310cb37398c3ec1603b2619026b0325f0bfbb330580f6a547e004da2d50bf9a3dc258488bd89346e20da109e,07/22/2025 11:20:00 AM,1,DRIVER,,2013597,,FORD,F150,IL,2018,NONE,PASSENGER,PERSONAL,W,TURNING RIGHT,,,1,,,,,N,N,,Y,Y,,,,,,,,,SIDE-RIGHT-REAR,,,,,,,,,,,,,,,,,,,,,,,,,,,,,,,,,
2112221,abb9ffeb240613f7be5f446bf1702aadf5fd4ee7310cb37398c3ec1603b2619026b0325f0bfbb330580f6a547e004da2d50bf9a3dc258488bd89346e20da109e,07/22/2025 11:20:00 AM,2,PARKED,,2013936,,MERCEDES-BENZ,C-CLASS,OR,2015,NONE,UNKNOWN/NA,UNKNOWN/NA,UNKNOWN,PARKED,,,0,,,,,,,,,,,,,,Y,Y,,,FRONT-LEFT-CORNER,,,,,,,,,,,,,,,,,,,,,,,,,,,,,,,,,
2111939,e7983e2925cac1a18d8bd6c85a3443d938bfd7483bc6b27849ef23efb2f208983edf506352aa9b1e52ebcc3298d7cf346a2b8895fd687644be6a842ca112756f,07/22/2025 11:17:00 AM,1,DRIVER,,2013343,,YAMAHA,YAMAHA,IL,2014,NONE,MOTORCYCLE (OVER 150CC),PERSONAL,S,STRAIGHT AHEAD,Y,,1,,PRIVATE,,,,,,,,,,,,,,Y,,FRONT,,,,,,,,,,,,,,,,,,,,,,,,,,,,,,,,,
2111940,e7983e2925cac1a18d8bd6c85a3443d938bfd7483bc6b27849ef23efb2f208983edf506352aa9b1e52ebcc3298d7cf346a2b8895fd687644be6a842ca112756f,07/22/2025 11:17:00 AM,2,DRIVER,1,2013348,,KIA,SPORTAGE,IL,2018,NONE,PASSENGER,PERSONAL,NW,TURNING LEFT,Y,,2,,PRIVATE,,,,,,,,,,,,,N,Y,,FRONT,,,,,,,,,,,,,,,,,,,,,,,,,,,,,,,,,
2111920,85781f0c69533334f70983dd02de764f59393c1bd8f2cdd892383da2318c6659248989a2fc26f94a0b79f5938943f4263e646df274ec5b66ded7bd57d0f916e6,07/22/2025 11:10:00 AM,1,DRIVER,,2013318,,CHEVROLET,TRUCK,IL,2024,NONE,TRUCK - SINGLE UNIT,UNKNOWN/NA,S,STRAIGHT AHEAD,,,1,,,,,Y,Y,Y,Y,,,,,,,,,,SIDE-RIGHT,,,,,,,,,,,,,,,,,,,,,,,,,,,,,,,,,
2111921,85781f0c69533334f70983dd02de764f59393c1bd8f2cdd892383da2318c6659248989a2fc26f94a0b79f5938943f4263e646df274ec5b66ded7bd57d0f916e6,07/22/2025 11:10:00 AM,2,PARKED,,2013323,,INTERNATIONAL HARVESTER COMPANY,OTHER (EXPLAIN IN NARRATIVE),IL,2018,NONE,BUS UP TO 15 PASS.,OTHER,S,PARKED,,,0,,,,,,,,,,,Y,Y,Y,Y,Y,,,SIDE-LEFT,,,,,,,,,,,,,,,,,,,,,,,,,,,,,,,,,
2111916,3e81f49665e3792b7b7bea2f8059565ad9435b73d9d27c24205c50cafce66c4d2f1cb06130ee94391511632891747360a964085aaa01aaf16e56db082a3ea76b,07/22/2025 11:05:00 AM,1,DRIVER,,2013319,,CHEVROLET,TRACKER,IL,2002,UNKNOWN,SPORT UTILITY VEHICLE (SUV),PERSONAL,E,SLOW/STOP IN TRAFFIC,,,1,,,,,,,,,,,,,,,,Y,,FRONT,,,,,,,,,,,,,,,,,,,,,,,,,,,,,,,,,
2111917,3e81f49665e3792b7b7bea2f8059565ad9435b73d9d27c24205c50cafce66c4d2f1cb06130ee94391511632891747360a964085aaa01aaf16e56db082a3ea76b,07/22/2025 11:05:00 AM,2,DRIVER,,2013327,,CHEVROLET,ESTATE WAGON,IL,2009,NONE,VAN/MINI-VAN,PERSONAL,E,SLOW/STOP IN TRAFFIC,,,1,,,,,,,,,,Y,,,,,,,,REAR,,,,,,,,,,,,,,,,,,,,,,,,,,,,,,,,,
2111958,3ea492235b1d47f9aa2dce7b9f4836caa23ca1084eca44cf13e4968098e486042beebb83883b27d49e6eb0a7ce5f51eb1a3ec25580d99402fb6bc77bc74c8683,07/22/2025 11:00:00 AM,1,BICYCLE,,,,,,,,,,,,,,,,,,,,,,,,,,,,,,,,,,,,,,,,,,,,,,,,,,,,,,,,,,,,,,,,,,
2111959,3ea492235b1d47f9aa2dce7b9f4836caa23ca1084eca44cf13e4968098e486042beebb83883b27d49e6eb0a7ce5f51eb1a3ec25580d99402fb6bc77bc74c8683,07/22/2025 11:00:00 AM,2,DRIVER,,2013365,,FORD,EXPLORER,IL,2023,NONE,PASSENGER,POLICE,S,STRAIGHT AHEAD,,,1,,,,,Y,Y,,,,,,,,,,,,SIDE-RIGHT,,,,,,,,,,,,,,,,,,,,,,,,,,,,,,,,,
2111931,91fb7884f5186d38e69150e30e0dd8456d98fb2b40e4e7305302d766b0de7c61ee75a6261d7e7a6ba3742578e1e765921fdf69077f3bc0c10c9ce2ce377d97f9,07/22/2025 11:00:00 AM,1,DRIVER,,2013336,,FORD,ESCAPE,IL,2012,NONE,PASSENGER,PERSONAL,S,STRAIGHT AHEAD,,,1,,,,,,,,,,Y,,,,,,,,REAR,,,,,,,,,,,,,,,,,,,,,,,,,,,,,,,,,
2111932,91fb7884f5186d38e69150e30e0dd8456d98fb2b40e4e7305302d766b0de7c61ee75a6261d7e7a6ba3742578e1e765921fdf69077f3bc0c10c9ce2ce377d97f9,07/22/2025 11:00:00 AM,2,DRIVER,,2013342,,OLDSMOBILE,CUTLASS CIERA,,1996,NONE,PASSENGER,PERSONAL,S,STRAIGHT AHEAD,,,1,,,,,,,,,,,,,,,,Y,,FRONT,,,,,,,,,,,,,,,,,,,,,,,,,,,,,,,,,
2111964,3d10213d17ff41974ddd7b334e74b872f387b36091cb19d577a805df55345295ee375afca8126c88ae65d5426324265c1d52a2596ff336343d05b7f388ce50a8,07/22/2025 10:58:00 AM,1,DRIVER,,2013357,,CHEVROLET,BLAZER,IL,2000,NONE,PASSENGER,PERSONAL,W,TURNING LEFT,,,1,,,,,,,,,,,,,,,Y,Y,,FRONT,,,,,,,,,,,,,,,,,,,,,,,,,,,,,,,,,
2111965,3d10213d17ff41974ddd7b334e74b872f387b36091cb19d577a805df55345295ee375afca8126c88ae65d5426324265c1d52a2596ff336343d05b7f388ce50a8,07/22/2025 10:58:00 AM,2,DRIVER,3,2013360,,TOYOTA,HIGHLANDER,IA,2019,NONE,PASSENGER,PERSONAL,E,STRAIGHT AHEAD,Y,,4,,INSUARANCE,,,,,,,,,,,,Y,Y,,,FRONT-LEFT-CORNER,,,,,,,,,,,,,,,,,,,,,,,,,,,,,,,,,
2112501,52a1364206c74d8007ed5245583220de41d15b69b03e0d72246295c3f0ad6b0fd72008d2c962d470b5be6e66e7783f7c59927222b23b3e1b1130225ce6c23b35,07/22/2025 10:52:00 AM,1,DRIVER,,2013859,,TOYOTA,COROLLA,,2006,UNKNOWN,PASSENGER,UNKNOWN/NA,W,BACKING,,,1,,,,,,,,,,,,,,,,,Y,UNKNOWN,,,,,,,,,,,,,,,,,,,,,,,,,,,,,,,,,
2112502,52a1364206c74d8007ed5245583220de41d15b69b03e0d72246295c3f0ad6b0fd72008d2c962d470b5be6e66e7783f7c59927222b23b3e1b1130225ce6c23b35,07/22/2025 10:52:00 AM,2,PARKED,2,2013863,,FORD,ESCAPE,IL,2024,UNKNOWN,PASSENGER,OTHER,W,PARKED,,,2,,,,,,,,,,,,,,,,,,FRONT,,,,,,,,,,,,,,,,,,,,,,,,,,,,,,,,,
2111943,83ef3a86a11878516fe307acce8b88783b8ea87ffde365c3784e0241a9c8eca1add6892d7f0be05531656fd867b8ea44e1b303b46abfe06973c3270b4e6cac6b,07/22/2025 10:52:00 AM,1,DRIVER,,2013337,,DODGE,JOURNEY,IL,2012,NONE,VAN/MINI-VAN,PERSONAL,S,BACKING,,,1,,,,Y,,,,,,,,,,,,,,REAR,,,,,,,,,,,,,,,,,,,,,,,,,,,,,,,,,
2111944,83ef3a86a11878516fe307acce8b88783b8ea87ffde365c3784e0241a9c8eca1add6892d7f0be05531656fd867b8ea44e1b303b46abfe06973c3270b4e6cac6b,07/22/2025 10:52:00 AM,2,PARKED,,2013344,,CHEVROLET,EQUINOX,IL,2020,NONE,PASSENGER,PERSONAL,N,PARKED,,,0,,,,Y,,,,,,,,,,,,,,FRONT,,,,,,,,,,,,,,,,,,,,,,,,,,,,,,,,,
2111998,5c37d653f74256cc26f9872681a1891a63c95b1923f6b8cf3311a30f2bf5be1fc55403df2a2613c3c1be3d57aa13828737051f03dd6bf54370821f5307babc4d,07/22/2025 10:50:00 AM,1,DRIVER,,2013384,,UNKNOWN,OTHER (EXPLAIN IN NARRATIVE),IL,,UNKNOWN,UNKNOWN/NA,UNKNOWN/NA,UNKNOWN,UNKNOWN/NA,,,1,,,,,,,,,,,,,,,,,,UNKNOWN,,,,,,,,,,,,,,,,,,,,,,,,,,,,,,,,,
2111999,5c37d653f74256cc26f9872681a1891a63c95b1923f6b8cf3311a30f2bf5be1fc55403df2a2613c3c1be3d57aa13828737051f03dd6bf54370821f5307babc4d,07/22/2025 10:50:00 AM,2,PARKED,,2013386,,FORD,ECOSPORT,IL,2020,UNKNOWN,PASSENGER,NOT IN USE,W,PARKED,,,0,,,,,,,,,,,,Y,Y,,,,,SIDE-LEFT-REAR,,,,,,,,,,,,,,,,,,,,,,,,,,,,,,,,,
2111937,14a23ca24e416bd80dc9272d604d8093209b702daa798dd3fc6fd7dd20ad4c3eb57a11b4b0fcf72fbbe36e615c4c255452a423fca199315f6197525c1b92e318,07/22/2025 10:46:00 AM,1,DRIVER,,2013330,,UNKNOWN,ENGINE,IL,,UNKNOWN,UNKNOWN/NA,UNKNOWN/NA,S,TURNING RIGHT,,,1,,,,,,,,,,,,,,,,Y,,FRONT,,,,,,,,,,,,,,,,,,,,,,,,,,,,,,,,,
2111938,14a23ca24e416bd80dc9272d604d8093209b702daa798dd3fc6fd7dd20ad4c3eb57a11b4b0fcf72fbbe36e615c4c255452a423fca199315f6197525c1b92e318,07/22/2025 10:46:00 AM,2,DRIVER,,2013339,,CHEVROLET,TRAIL BLAZER,IL,2023,NONE,PASSENGER,PERSONAL,S,TURNING RIGHT,,,1,,,,,,,,,,Y,,,,,,,,REAR,,,,,,,,,,,,,,,,,,,,,,,,,,,,,,,,,
2111988,8d8e05b974e931521f0099e3ad62000c7cad79a112c60dd82be072dd04b6ce7d1cfecf2e817c2a5a957560a0853567996d1b56d841471cab2a00cb1b96799d12,07/22/2025 10:45:00 AM,1,DRIVER,,2013372,,FORD,ESCAPE,IL,2017,UNKNOWN,SPORT UTILITY VEHICLE (SUV),PERSONAL,N,BACKING,,,1,,,,,,,,,Y,,,,,,,,,SIDE-RIGHT-REAR,,,,,,,,,,,,,,,,,,,,,,,,,,,,,,,,,
2111989,8d8e05b974e931521f0099e3ad62000c7cad79a112c60dd82be072dd04b6ce7d1cfecf2e817c2a5a957560a0853567996d1b56d841471cab2a00cb1b96799d12,07/22/2025 10:45:00 AM,2,DRIVER,,2013379,,HONDA,CIVIC,IL,2025,NONE,PASSENGER,PERSONAL,W,OTHER,,,1,,,,,Y,,,,,,,,,,,,,FRONT-RIGHT-CORNER,,,,,,,,,,,,,,,,,,,,,,,,,,,,,,,,,
2111914,a56c9a7e5c01bab379abd5b2725f9dae39f80fa8190884636ed49b5f80a2a5f827e5a5c2cc6954d9511cb7cb3dfebb2b97c6d7d04a6f220bea17a2e66a41cc3e,07/22/2025 10:43:00 AM,1,DRIVER,,2013309,,CHEVROLET,SUBURBAN,IL,2003,NONE,PASSENGER,UNKNOWN/NA,E,STRAIGHT AHEAD,Y,,1,,STREETS AND SANITATION,,,Y,,,,,,,,,,Y,Y,,FRONT,,,,,,,,,,,,,,,,,,,,,,,,,,,,,,,,,
2111915,a56c9a7e5c01bab379abd5b2725f9dae39f80fa8190884636ed49b5f80a2a5f827e5a5c2cc6954d9511cb7cb3dfebb2b97c6d7d04a6f220bea17a2e66a41cc3e,07/22/2025 10:43:00 AM,2,DRIVER,4,2013321,,UNKNOWN,OTHER (EXPLAIN IN NARRATIVE),IL,2016,NONE,BUS OVER 15 PASS.,OTHER,E,OTHER,,,5,,,,,,,,,,Y,Y,,,,,,,REAR-LEFT-CORNER,,,,,,,,,,,,,,,,,,,,,,,,,,,,,,,,,
2111954,71a8216e5bd8fc2c54d1f1892a76e6aa8f5d43b2711f6c5cafe93d807c78e8f2ec7cdcbcfa475bd2a35fa5e55bfd4ed2ccf711af5725da7864fa8e09a2001fe7,07/22/2025 10:35:00 AM,1,DRIVER,2,2013347,,TOYOTA,SIENNA,IL,2008,BRAKES,PASSENGER,PERSONAL,E,STRAIGHT AHEAD,,,3,,,,,Y,Y,,,Y,Y,Y,,,Y,Y,Y,,FRONT,,,,,,,,,,,,,,,,,,,,,,,,,,,,,,,,,
2111955,71a8216e5bd8fc2c54d1f1892a76e6aa8f5d43b2711f6c5cafe93d807c78e8f2ec7cdcbcfa475bd2a35fa5e55bfd4ed2ccf711af5725da7864fa8e09a2001fe7,07/22/2025 10:35:00 AM,2,DRIVER,3,2013358,,JEEP,COMPASS,IL,2024,UNKNOWN,PASSENGER,PERSONAL,E,STRAIGHT AHEAD,,,4,,,,,,,,,Y,Y,Y,,,,,,,REAR,,,,,,,,,,,,,,,,,,,,,,,,,,,,,,,,,
2111956,71a8216e5bd8fc2c54d1f1892a76e6aa8f5d43b2711f6c5cafe93d807c78e8f2ec7cdcbcfa475bd2a35fa5e55bfd4ed2ccf711af5725da7864fa8e09a2001fe7,07/22/2025 10:35:00 AM,3,DRIVER,,2013361,,KIA,FORTE,IL,2011,UNKNOWN,PASSENGER,PERSONAL,E,STRAIGHT AHEAD,,,1,,,,,Y,,,,,,,,,,Y,Y,,FRONT,,,,,,,,,,,,,,,,,,,,,,,,,,,,,,,,,
2111929,6f20b4b593c2a78811d1039f26d895e8914a80215981a6b6024d2f2a6fa125f9d9ffb5ed8abba784a893089a9ee773e0ba2756c1b73f4fa39a9d833be7df3263,07/22/2025 10:32:00 AM,1,DRIVER,,2013324,,UNKNOWN,OTHER (EXPLAIN IN NARRATIVE),,,UNKNOWN,TRUCK - SINGLE UNIT,UNKNOWN/NA,UNKNOWN,UNKNOWN/NA,,,1,,,,,Y,Y,Y,Y,Y,,,,,,,,,FRONT-RIGHT-CORNER,,,,,,,,,,,,,,,,,,,,,,,,,,,,,,,,,
2111930,6f20b4b593c2a78811d1039f26d895e8914a80215981a6b6024d2f2a6fa125f9d9ffb5ed8abba784a893089a9ee773e0ba2756c1b73f4fa39a9d833be7df3263,07/22/2025 10:32:00 AM,2,PARKED,,2013329,N,ISUZU,OTHER (EXPLAIN IN NARRATIVE),IL,,UNKNOWN,TRUCK - SINGLE UNIT,UNKNOWN/NA,UNKNOWN,PARKED,,,0,,,,,N,Y,Y,Y,Y,,,,,,,,,SIDE-RIGHT-FRONT,,,,,,,,,,,,,,,,,,,,,,,,,,,,,,,,,
2121872,186329b6aea20033f6a22ad02c6dfff3eb1d514e40e7a295cf6047bfb2f6b872d70db87f15fefa669059b21c6a72facb8671f9b5d7cac411097a0acbc02f6dae,07/22/2025 10:30:00 AM,1,DRIVER,,2022800,,UNKNOWN,MOTORIZED,,,UNKNOWN,UNKNOWN/NA,UNKNOWN/NA,UNKNOWN,UNKNOWN/NA,,,1,,,,,,,,,,,,,,,,,Y,UNKNOWN,,,,,,,,,,,,,,,,,,,,,,,,,,,,,,,,,
2121873,186329b6aea20033f6a22ad02c6dfff3eb1d514e40e7a295cf6047bfb2f6b872d70db87f15fefa669059b21c6a72facb8671f9b5d7cac411097a0acbc02f6dae,07/22/2025 10:30:00 AM,2,PARKED,,2022807,,AUDI,A4,IL,2018,NONE,PASSENGER,NOT IN USE,W,PARKED,,,0,,,,,,,,,,,,,,,Y,,,FRONT,,,,,,,,,,,,,,,,,,,,,,,,,,,,,,,,,