CRASH_UNIT_ID,CRASH_RECORD_ID,CRASH_DATE,UNIT_NO,UNIT_TYPE,NUM_PASSENGERS,VEHICLE_ID,CMRC_VEH_I,MAKE,MODEL,LIC_PLATE_STATE,VEHICLE_YEAR,VEHICLE_DEFECT,VEHICLE_TYPE,VEHICLE_USE,TRAVEL_DIRECTION,MANEUVER,TOWED_I,FIRE_I,OCCUPANT_CNT,EXCEED_SPEED_LIMIT_I,TOWED_BY,TOWED_TO,AREA_00_I,AREA_01_I,AREA_02_I,AREA_03_I,AREA_04_I,AREA_05_I,AREA_06_I,AREA_07_I,AREA_08_I,AREA_09_I,AREA_10_I,AREA_11_I,AREA_12_I,AREA_99_I,FIRST_CONTACT_POINT,CMV_ID,USDOT_NO,CCMC_NO,ILCC_NO,COMMERCIAL_SRC,GVWR,CARRIER_NAME,CARRIER_STATE,CARRIER_CITY,HAZMAT_PLACARDS_I,HAZMAT_NAME,UN_NO,HAZMAT_PRESENT_I,HAZMAT_REPORT_I,HAZMAT_REPORT_NO,MCS_REPORT_I,MCS_REPORT_NO,HAZMAT_VIO_CAUSE_CRASH_I,MCS_VIO_CAUSE_CRASH_I,IDOT_PERMIT_NO,WIDE_LOAD_I,TRAILER1_WIDTH,TRAILER2_WIDTH,TRAILER1_LENGTH,TRAILER2_LENGTH,TOTAL_VEHICLE_LENGTH,AXLE_CNT,VEHICLE_CONFIG,CARGO_BODY_TYPE,LOAD_TYPE,HAZMAT_OUT_OF_SERVICE_I,MCS_OUT_OF_SERVICE_I,HAZMAT_CLASS
2112267,57f63d0645c392ac233309efd9d746c890a5a4e2dc309f7e286cb0620dbe7a84946ab42d1847979ea4ff70837c8aef357aa81d2071e064742c09143fba2ea4b7,07/22/2025 10:30:00 AM,1,DRIVER,,2013648,,GENERAL MOTORS CORPORATION (GMC),OTHER (EXPLAIN IN NARRATIVE),IL,2011,UNKNOWN,PICKUP,UNKNOWN/NA,S,BACKING,,,1,,,,,,,,,,,,,,,,,Y,UNKNOWN,,,,,,,,,,,,,,,,,,,,,,,,,,,,,,,,,
2112268,57f63d0645c392ac233309efd9d746c890a5a4e2dc309f7e286cb0620dbe7a84946ab42d1847979ea4ff70837c8aef357aa81d2071e064742c09143fba2ea4b7,07/22/2025 10:30:00 AM,2,PARKED,1,2013655,,MAZDA,MAZDA3,IL,2015,UNKNOWN,PICKUP,UNKNOWN/NA,N,PARKED,,,1,,,,,,,,,,,,,,,,Y,,FRONT,,,,,,,,,,,,,,,,,,,,,,,,,,,,,,,,,
2111912,b41f011f6205168c01e6aefdc9caa5be10a5ff9167450a8c672375c74d2dbbd954a4ae3cf33225244deb99f4573414462599e4f4de04be3a4b579e324b7e0f5a,07/22/2025 10:27:00 AM,1,DRIVER,,2013308,,MERCEDES-BENZ,E300,IL,2018,NONE,PASSENGER,PERSONAL,E,PASSING/OVERTAKING,Y,,1,,PRIVATE TOW,,,Y,Y,,,,,,,,N,N,,,FRONT-RIGHT-CORNER,,,,,,,,,,,,,,,,,,,,,,,,,,,,,,,,,
2111913,b41f011f6205168c01e6aefdc9caa5be10a5ff9167450a8c672375c74d2dbbd954a4ae3cf33225244deb99f4573414462599e4f4de04be3a4b579e324b7e0f5a,07/22/2025 10:27:00 AM,2,DRIVER,,2013310,,HONDA,CIVIC,IL,2020,NONE,PASSENGER,PERSONAL,E,SLOW/STOP IN TRAFFIC,,,1,,,,,,,,,,,,,,Y,Y,,,FRONT-LEFT-CORNER,,,,,,,,,,,,,,,,,,,,,,,,,,,,,,,,,
2111952,e2c28228b55c769ed8c8102a2c763c01cecd82ce3aeed0ea207b2f7654ad9afd0eb725f32814a37ccfff98092598dae481fbee1bd620a3b1cbb6a3d210bdbfb5,07/22/2025 10:06:00 AM,1,DRIVER,,2013346,,JEEP,LAREDO,IL,2019,UNKNOWN,PASSENGER,PERSONAL,N,STRAIGHT AHEAD,,,1,,,,,,,,,,,,,,,,Y,,FRONT,,,,,,,,,,,,,,,,,,,,,,,,,,,,,,,,,
2111953,e2c28228b55c769ed8c8102a2c763c01cecd82ce3aeed0ea207b2f7654ad9afd0eb725f32814a37ccfff98092598dae481fbee1bd620a3b1cbb6a3d210bdbfb5,07/22/2025 10:06:00 AM,2,DRIVER,,2013351,,JEEP,COMPASS,IL,2024,UNKNOWN,PASSENGER,PERSONAL,E,STRAIGHT AHEAD,,,1,,,,,,,,,Y,,,,,,,,,SIDE-RIGHT-REAR,,,,,,,,,,,,,,,,,,,,,,,,,,,,,,,,,
2111949,086ccf0e9dba4f20e0bdae43f0af7641302c8d069e5bbff784d42b66f344215169fa67a5610cf2bddd7acd9f8e2b540010c0007e37975b555bf412548955ba0e,07/22/2025 10:04:00 AM,1,DRIVER,,2013345,,MERCEDES-BENZ,300 SERIES,IL,2014,NONE,PASSENGER,PERSONAL,E,PASSING/OVERTAKING,,,1,,,,,N,N,,,,,,,,,,,,UNKNOWN,,,,,,,,,,,,,,,,,,,,,,,,,,,,,,,,,
2111950,086ccf0e9dba4f20e0bdae43f0af7641302c8d069e5bbff784d42b66f344215169fa67a5610cf2bddd7acd9f8e2b540010c0007e37975b555bf412548955ba0e,07/22/2025 10:04:00 AM,2,DRIVER,,2013353,,SUBARU,OUTBACK,IL,2012,NONE,PASSENGER,PERSONAL,S,TURNING LEFT,Y,,1,,OWNER,HOME,,Y,Y,,,,,,,,,N,Y,,SIDE-RIGHT-FRONT,,,,,,,,,,,,,,,,,,,,,,,,,,,,,,,,,
2111951,086ccf0e9dba4f20e0bdae43f0af7641302c8d069e5bbff784d42b66f344215169fa67a5610cf2bddd7acd9f8e2b540010c0007e37975b555bf412548955ba0e,07/22/2025 10:04:00 AM,3,DRIVER,,2013362,,FORD,F450,IL,2020,NONE,PICKUP,PERSONAL,N,STRAIGHT AHEAD,,,1,,,,,,,,,,,,,,,,Y,,FRONT,,,,,,,,,,,,,,,,,,,,,,,,,,,,,,,,,
2111897,14b32d4b7c7d504cd414a7c4709e5729ad6381cd4a258c4a39176406e1ccbf62e313a33a3ed26bd3ff76207e9c3caccc3e806507acfbf20366a0378eb6c0766a,07/22/2025 10:04:00 AM,1,DRIVER,,2013304,Y,UNKNOWN,OTHER (EXPLAIN IN NARRATIVE),IL,2018,UNKNOWN,OTHER,UNKNOWN/NA,S,CHANGING LANES,,,1,,,,,,,,,,,,,,,,,Y,UNKNOWN,"21,865",782649,,,SIDE OF TRUCK,,,,,,,,U,U,,U,,U,U,,,,,,,,,UNKNOWN HEAVY TRUCK,OTHER,UNKNOWN,N,N,
2111898,14b32d4b7c7d504cd414a7c4709e5729ad6381cd4a258c4a39176406e1ccbf62e313a33a3ed26bd3ff76207e9c3caccc3e806507acfbf20366a0378eb6c0766a,07/22/2025 10:04:00 AM,2,DRIVER,1,2013295,,TOYOTA,YARIS,IL,2008,UNKNOWN,PASSENGER,UNKNOWN/NA,S,STRAIGHT AHEAD,,,2,,,,,,,,,,,,Y,Y,Y,Y,,,SIDE-LEFT,,,,,,,,,,,,,,,,,,,,,,,,,,,,,,,,,
2112305,d65c49e4f78528afb74f0a2fa9f84f94ba923997ed4e8d754403cf2ae2e09ed094b44684340d2a73d35d8916ff1ffcca6823ac5914c574c608070093f4bb1630,07/22/2025 09:50:00 AM,1,DRIVER,,2013675,,TOYOTA,SIENNA,IL,2008,UNKNOWN,VAN/MINI-VAN,UNKNOWN/NA,S,ENTERING TRAFFIC LANE FROM PARKING,,,1,,,,,,,,,,,,,,,Y,Y,,UNKNOWN,,,,,,,,,,,,,,,,,,,,,,,,,,,,,,,,,
2112306,d65c49e4f78528afb74f0a2fa9f84f94ba923997ed4e8d754403cf2ae2e09ed094b44684340d2a73d35d8916ff1ffcca6823ac5914c574c608070093f4bb1630,07/22/2025 09:50:00 AM,2,DRIVER,,2013678,,MAZDA,MAZDA3,IL,2019,UNKNOWN,PASSENGER,UNKNOWN/NA,S,STRAIGHT AHEAD,,,1,,,,,Y,Y,Y,Y,Y,,,,,,,,,SIDE-RIGHT,,,,,,,,,,,,,,,,,,,,,,,,,,,,,,,,,
2111941,d01a6316af4ce86a34eb2a790d526044d019a63aa3e3b6738ae055cf1da5004b11cd91bd1f25a427708197f754b90294ef7b5dda901b0dc8ddab4dbf89de1cfc,07/22/2025 09:40:00 AM,1,DRIVER,1,2013333,,NISSAN,KICKS,IL,2022,NONE,PASSENGER,PERSONAL,E,STRAIGHT AHEAD,,,2,,,,,,,,,,,,,,,,Y,,FRONT,,,,,,,,,,,,,,,,,,,,,,,,,,,,,,,,,
2111942,d01a6316af4ce86a34eb2a790d526044d019a63aa3e3b6738ae055cf1da5004b11cd91bd1f25a427708197f754b90294ef7b5dda901b0dc8ddab4dbf89de1cfc,07/22/2025 09:40:00 AM,2,DRIVER,1,2013335,,CHRYSLER,OTHER (EXPLAIN IN NARRATIVE),IN,2010,UNKNOWN,PASSENGER,PERSONAL,E,STRAIGHT AHEAD,,,2,,,,,,,,,,Y,,,,,,,,REAR,,,,,,,,,,,,,,,,,,,,,,,,,,,,,,,,,
2111892,847c58346f31f7879bcbe708907398c540e41f4131afaeedd777e5437d31c03f929deb40a010567217e92dc210125bf8782bbe47a69bce6da7f7083b51f88b5b,07/22/2025 09:38:00 AM,1,DRIVER,,2013286,,CHEVROLET,MALIBU,IN,2016,UNKNOWN,PASSENGER,PERSONAL,E,BACKING,,,1,,,,,,,,,Y,Y,Y,,,,,,,REAR,,,,,,,,,,,,,,,,,,,,,,,,,,,,,,,,,
2111905,ca34c6ccc56836fad3e06669d39256a5fddf1b9e0c2a6b2bab9a28c070850e2be384864a16715f1f09695387163899443710d687ba97706bf8cbc6c6867b8dd0,07/22/2025 09:35:00 AM,1,DRIVER,,2013300,,TOYOTA,COROLLA,IL,2025,NONE,PASSENGER,PERSONAL,S,STRAIGHT AHEAD,,,1,,,,,Y,,,,,,,,,,,N,,FRONT-RIGHT-CORNER,,,,,,,,,,,,,,,,,,,,,,,,,,,,,,,,,
2111906,ca34c6ccc56836fad3e06669d39256a5fddf1b9e0c2a6b2bab9a28c070850e2be384864a16715f1f09695387163899443710d687ba97706bf8cbc6c6867b8dd0,07/22/2025 09:35:00 AM,2,DRIVER,2,2013303,,CHEVROLET,IMPALA,IL,2010,NONE,PASSENGER,PERSONAL,S,STRAIGHT AHEAD,,,3,,,,,,,,,,Y,Y,,,,,,,REAR,,,,,,,,,,,,,,,,,,,,,,,,,,,,,,,,,
2111885,fc784f8a6ffd896ac6516ee3acea8fa6ab63d74c29b3a178dc98aaedb6346b09a589e1e6783139cf7818081928504d9149c1d754dddae91ef4841f59dd43768a,07/22/2025 09:33:00 AM,1,DRIVER,,2013278,Y,KENWORTH MOTOR TRUCK COMPANY,KENWORTH MOTOR TRUCK CO.,NC,2018,UNKNOWN,TRACTOR W/ SEMI-TRAILER,COMMERCIAL - MULTI-UNIT,SW,TURNING RIGHT,,,1,,,,Y,,,,,,,,,,,,,,SIDE-RIGHT-REAR,"21,864",3260074,,,DRIVER,3,GRAND SLAM TRUCKING LLC,NC,EDEN,,,,U,U,,U,,U,U,,,,,,,,5,TRACTOR/SEMI-TRAILER,VAN/ENCLOSED BOX,UNKNOWN,N,N,
2111886,fc784f8a6ffd896ac6516ee3acea8fa6ab63d74c29b3a178dc98aaedb6346b09a589e1e6783139cf7818081928504d9149c1d754dddae91ef4841f59dd43768a,07/22/2025 09:33:00 AM,2,DRIVER,,2013283,,NISSAN,SENTRA,IL,2014,UNKNOWN,PASSENGER,PERSONAL,W,PASSING/OVERTAKING,,,1,,,,,,,,,,,,,,,Y,,,FRONT-LEFT-CORNER,,,,,,,,,,,,,,,,,,,,,,,,,,,,,,,,,
2111881,a0febdaa3566162eab901370e4fb578d7146a8fc6ab5cd3e32c37316584502361f4c4dfea2332a504e7942ca2675dac88c5927469d1195f820b31e6c7d5805eb,07/22/2025 09:30:00 AM,1,DRIVER,,2013281,,FORD,F150,IL,,NONE,PICKUP,PERSONAL,W,TURNING LEFT,,,1,,,,,,,,,,,Y,,,,,,,FRONT-LEFT-CORNER,,,,,,,,,,,,,,,,,,,,,,,,,,,,,,,,,
2111882,a0febdaa3566162eab901370e4fb578d7146a8fc6ab5cd3e32c37316584502361f4c4dfea2332a504e7942ca2675dac88c5927469d1195f820b31e6c7d5805eb,07/22/2025 09:30:00 AM,2,DRIVER,,2013275,,MAZDA,CX-5,IL,2015,NONE,SPORT UTILITY VEHICLE (SUV),PERSONAL,W,STRAIGHT AHEAD,,,1,,,,,Y,,,,,,,,,,,,,FRONT-RIGHT-CORNER,,,,,,,,,,,,,,,,,,,,,,,,,,,,,,,,,
2111869,c10aa97a1ed2e09020528bebdd1009edebbfaa46220cbd83e61efbcb79eadac63c5418b9faec6ff0ab89b9e6ab48b1fd055b40fcbc4925c9588301b12f16e89b,07/22/2025 09:30:00 AM,1,DRIVER,,2013282,,AUDI,E-TRON,IL,2023,UNKNOWN,PASSENGER,PERSONAL,N,STRAIGHT AHEAD,,,1,,,,,,,,,Y,Y,Y,,,,,,,REAR,,,,,,,,,,,,,,,,,,,,,,,,,,,,,,,,,
2111870,c10aa97a1ed2e09020528bebdd1009edebbfaa46220cbd83e61efbcb79eadac63c5418b9faec6ff0ab89b9e6ab48b1fd055b40fcbc4925c9588301b12f16e89b,07/22/2025 09:30:00 AM,2,PARKED,,2013285,,HONDA,ACCORD,IL,2024,UNKNOWN,PASSENGER,PERSONAL,N,PARKED,,,0,,,,,,Y,Y,Y,,,,,,,,,,SIDE-RIGHT,,,,,,,,,,,,,,,,,,,,,,,,,,,,,,,,,
2113191,8ae15418e57fc516aee02f2f44f153acb5fb4db06680187c97a8b6647b3a8acaaa1177d8fa8381daf2f8926fe4658ff0f5b05d90acd9aaf620d576b1290e4d8e,07/22/2025 09:23:00 AM,1,DRIVER,,2014536,,KIA,SPORTAGE,IL,2025,NONE,SPORT UTILITY VEHICLE (SUV),PERSONAL,NW,STRAIGHT AHEAD,,,1,,,,,,,,,,,,,,,,Y,,FRONT,,,,,,,,,,,,,,,,,,,,,,,,,,,,,,,,,
2113192,8ae15418e57fc516aee02f2f44f153acb5fb4db06680187c97a8b6647b3a8acaaa1177d8fa8381daf2f8926fe4658ff0f5b05d90acd9aaf620d576b1290e4d8e,07/22/2025 09:23:00 AM,2,DRIVER,,2014538,,TOYOTA,CAMRY,IL,2023,NONE,PASSENGER,PERSONAL,NW,STRAIGHT AHEAD,,,1,,,,,,,,,,Y,,,,,,,,REAR,,,,,,,,,,,,,,,,,,,,,,,,,,,,,,,,,
2111875,05d2a59a18636e7620cd4b6b4b500af9b7df397ed5be70cdceec48a3c2af6ebb6efb999492c6bacc95544cc5f35485613a163cfd47214d5173c4d64c3a050fe3,07/22/2025 09:16:00 AM,1,DRIVER,,2013271,,UNKNOWN,OTHER (EXPLAIN IN NARRATIVE),IL,,UNKNOWN,OTHER,UNKNOWN/NA,S,STRAIGHT AHEAD,,,1,,,,,Y,Y,,,,,,,,N,N,,,FRONT-RIGHT-CORNER,,,,,,,,,,,,,,,,,,,,,,,,,,,,,,,,,
2111876,05d2a59a18636e7620cd4b6b4b500af9b7df397ed5be70cdceec48a3c2af6ebb6efb999492c6bacc95544cc5f35485613a163cfd47214d5173c4d64c3a050fe3,07/22/2025 09:16:00 AM,2,DRIVER,1,2013280,,NEW FLYER,OTHER (EXPLAIN IN NARRATIVE),IL,2007,NONE,BUS OVER 15 PASS.,CTA,S,STRAIGHT AHEAD,,,2,,,,,,,,,,,,,,Y,Y,,,FRONT-LEFT-CORNER,,,,,,,,,,,,,,,,,,,,,,,,,,,,,,,,,
2111910,2501059103f942e544a0fcb9b3ca4c5a1e55f1d1fd8d8c298a2868500ddaba52097f197a14007e982a53a781b69a00ad1fd1e75a20709e8ba5138f98dff204e4,07/22/2025 09:15:00 AM,1,DRIVER,,2013307,,HONDA,PILOT,IL,,NONE,PASSENGER,PERSONAL,E,TURNING LEFT,,,1,,,,,Y,,,,,,,,,,,,,FRONT-RIGHT-CORNER,,,,,,,,,,,,,,,,,,,,,,,,,,,,,,,,,
2111911,2501059103f942e544a0fcb9b3ca4c5a1e55f1d1fd8d8c298a2868500ddaba52097f197a14007e982a53a781b69a00ad1fd1e75a20709e8ba5138f98dff204e4,07/22/2025 09:15:00 AM,2,DRIVER,,2013311,,TESLA,OTHER (EXPLAIN IN NARRATIVE),IL,,NONE,PASSENGER,PERSONAL,E,STRAIGHT AHEAD,,,1,,,,,,,,,,,,,,,Y,,,FRONT-LEFT-CORNER,,,,,,,,,,,,,,,,,,,,,,,,,,,,,,,,,
2111883,d02642119bc26ed07b2e2c263c113539823b4b3a79c7fa311e1bb2cd535cb184f98687276ba073df0667ceeb73af60fde5732ac9206324300297462eec7d6155,07/22/2025 09:10:00 AM,1,DRIVER,,2013273,,TOYOTA,HIGHLANDER,IL,2003,UNKNOWN,PASSENGER,PERSONAL,E,STRAIGHT AHEAD,,,1,,,,,Y,,,,,,,,,,,,,FRONT-RIGHT-CORNER,,,,,,,,,,,,,,,,,,,,,,,,,,,,,,,,,
2111884,d02642119bc26ed07b2e2c263c113539823b4b3a79c7fa311e1bb2cd535cb184f98687276ba073df0667ceeb73af60fde5732ac9206324300297462eec7d6155,07/22/2025 09:10:00 AM,2,DRIVER,,2013276,,NEW FLYER,OTHER (EXPLAIN IN NARRATIVE),IL,2006,UNKNOWN,BUS OVER 15 PASS.,CTA,E,STRAIGHT AHEAD,,,1,,,,,,,,,,,Y,,,,,,,REAR-LEFT-CORNER,,,,,,,,,,,,,,,,,,,,,,,,,,,,,,,,,
2112038,0f4f0f1556570e3c440f0df869ff0351ee5c341a10a9559383d2c533a63a62cea86a824348ccb0365d4d2c46759dec948259454e41f8978209429400939a3551,07/22/2025 09:00:00 AM,1,DRIVER,,2013416,Y,FREIGHTLINER CORPORATION,FREIGHTLINER CORP.,KY,2017,UNKNOWN,TRUCK - SINGLE UNIT,COMMERCIAL - SINGLE UNIT,N,STRAIGHT AHEAD,,,1,,,,,,,,,,,,,,,,,,TOP,"21,870",,,,,,MIDWEST COURIERS EXPRESS,IN,GARY,,,,N,N,,N,,N,N,,,>102,,,,,,TRUCK/TRAILER,OTHER,OTHER,N,N,MISCELLANEOUS
2111879,22b4a887bf2c3f1490b3d1c8ca7f501a67b477f0090549716cfda9f9f614b26e10da19d9346cbd991a508f1b6c9e14ac312b02759efa4bdc775ee825772fab3d,07/22/2025 09:00:00 AM,1,DRIVER,,2013284,,GENERAL MOTORS CORPORATION (GMC),ACADIA,IL,2014,UNKNOWN,SPORT UTILITY VEHICLE (SUV),PERSONAL,W,MERGING,,,1,,,,,,,,,,,,Y,Y,Y,Y,,,TOTAL (ALL AREAS),,,,,,,,,,,,,,,,,,,,,,,,,,,,,,,,,
2111880,22b4a887bf2c3f1490b3d1c8ca7f501a67b477f0090549716cfda9f9f614b26e10da19d9346cbd991a508f1b6c9e14ac312b02759efa4bdc775ee825772fab3d,07/22/2025 09:00:00 AM,2,DRIVER,,2013296,,NISSAN,ROGUE,IL,2011,UNKNOWN,SPORT UTILITY VEHICLE (SUV),PERSONAL,W,STRAIGHT AHEAD,,,1,,,,,Y,Y,Y,Y,Y,,,,,,,,,TOTAL (ALL AREAS),,,,,,,,,,,,,,,,,,,,,,,,,,,,,,,,,
2111851,370d1da9842d3d7e4e33f3939dd7da557b94b8ff53e356bd89006362c7b284b5a1193a9470933b7bf9ba238c01a905a3aae6fc835c2d68291fb8ecccb5360c35,07/22/2025 09:00:00 AM,1,DRIVER,1,2013245,,NISSAN,OTHER (EXPLAIN IN NARRATIVE),IL,,UNKNOWN,UNKNOWN/NA,RIDESHARE SERVICE,W,STRAIGHT AHEAD,,,2,,,,,Y,,,,,,,,,,Y,Y,,FRONT,,,,,,,,,,,,,,,,,,,,,,,,,,,,,,,,,
2111852,370d1da9842d3d7e4e33f3939dd7da557b94b8ff53e356bd89006362c7b284b5a1193a9470933b7bf9ba238c01a905a3aae6fc835c2d68291fb8ecccb5360c35,07/22/2025 09:00:00 AM,2,DRIVER,3,2013254,,CHRYSLER,VOYAGER,IN,2023,NONE,PASSENGER,PERSONAL,W,STRAIGHT AHEAD,,,4,,,,,,,,,Y,Y,Y,,,,,,,REAR,,,,,,,,,,,,,,,,,,,,,,,,,,,,,,,,,
2112035,a2ccfe0cbcaf5ae6e199292bdcae962616d941b183be088af171f4191af3506bc0ec26a22eac0ef2d1cfb9ce8025b8f8798babee955d8aa8263a5ddab8587cd6,07/22/2025 09:00:00 AM,1,DRIVER,,2013415,,UNKNOWN,OTHER (EXPLAIN IN NARRATIVE),IL,,UNKNOWN,UNKNOWN/NA,UNKNOWN/NA,UNKNOWN,UNKNOWN/NA,,,1,,,,,,,,,,,,,,,,,Y,UNKNOWN,,,,,,,,,,,,,,,,,,,,,,,,,,,,,,,,,
2112036,a2ccfe0cbcaf5ae6e199292bdcae962616d941b183be088af171f4191af3506bc0ec26a22eac0ef2d1cfb9ce8025b8f8798babee955d8aa8263a5ddab8587cd6,07/22/2025 09:00:00 AM,2,PARKED,,2013420,,CHEVROLET,MALIBU,IL,2017,NONE,PASSENGER,NOT IN USE,S,PARKED,,,0,,,,,Y,,,,,,,,,Y,Y,Y,,FRONT,,,,,,,,,,,,,,,,,,,,,,,,,,,,,,,,,
2115000,a8f9c45496a2f45370946c7fdae61f022865ffbb85afe57467a5ad7d45ed4ce7aa1b70329a089370e7ec20cfdd8e281fb2f9df065fb3c8886df3bc618d813b22,07/22/2025 09:00:00 AM,1,DRIVER,,2016245,,TOYOTA,AVALON,IL,2011,NONE,PASSENGER,DRIVER EDUCATION,N,STRAIGHT AHEAD,,,1,,,,,Y,,,,,,,,,,Y,Y,,FRONT,,,,,,,,,,,,,,,,,,,,,,,,,,,,,,,,,
2115001,a8f9c45496a2f45370946c7fdae61f022865ffbb85afe57467a5ad7d45ed4ce7aa1b70329a089370e7ec20cfdd8e281fb2f9df065fb3c8886df3bc618d813b22,07/22/2025 09:00:00 AM,2,DRIVER,,2016242,,TOYOTA,AVALON,IL,2019,UNKNOWN,PASSENGER,PERSONAL,UNKNOWN,STRAIGHT AHEAD,,,1,,,,,,,,,Y,Y,Y,,,,,,,REAR,,,,,,,,,,,,,,,,,,,,,,,,,,,,,,,,,
2112664,c8e8edb51cad766f0ae407664952a3da6c28c896b6abd53a089ea6ae9813c91c4690cb6656d96e1ef6ea561ab05f157993c4897645335fe9d7237f22ccef4445,07/22/2025 09:00:00 AM,1,DRIVER,,2014022,,UNKNOWN,OTHER (EXPLAIN IN NARRATIVE),,,NONE,PASSENGER,PERSONAL,UNKNOWN,UNKNOWN/NA,,,1,,,,,,,,,,,,,,,,,Y,UNKNOWN,,,,,,,,,,,,,,,,,,,,,,,,,,,,,,,,,
2112665,c8e8edb51cad766f0ae407664952a3da6c28c896b6abd53a089ea6ae9813c91c4690cb6656d96e1ef6ea561ab05f157993c4897645335fe9d7237f22ccef4445,07/22/2025 09:00:00 AM,2,PARKED,,2014019,,LEXUS,RX350,IL,2011,NONE,PASSENGER,PERSONAL,UNKNOWN,PARKED,,,0,,,,,,,,,,,Y,Y,Y,Y,Y,,,SIDE-LEFT,,,,,,,,,,,,,,,,,,,,,,,,,,,,,,,,,
2112315,0f135e25dbbaeacfd2f0f90443c2e68365bfebdf21104c22a16e4cbc9428a31b5d736adde91ba2b1a95a4c5a99e75cfdf1513d1250f1ce6519809eddfb1b1b3b,07/22/2025 08:56:00 AM,1,DRIVER,,2013685,,NOVA BUS,OTHER (EXPLAIN IN NARRATIVE),IL,2014,UNKNOWN,BUS OVER 15 PASS.,CTA,N,PASSING/OVERTAKING,,,1,,,,,,,,,,,,,,,,,Y,UNKNOWN,,,,,,,,,,,,,,,,,,,,,,,,,,,,,,,,,
2112316,0f135e25dbbaeacfd2f0f90443c2e68365bfebdf21104c22a16e4cbc9428a31b5d736adde91ba2b1a95a4c5a99e75cfdf1513d1250f1ce6519809eddfb1b1b3b,07/22/2025 08:56:00 AM,2,DRIVER,,2013689,,FORD,ESCORT,IL,2018,UNKNOWN,PASSENGER,UNKNOWN/NA,N,STRAIGHT AHEAD,,,1,,,,,,Y,Y,Y,,,,,,,,,,SIDE-RIGHT,,,,,,,,,,,,,,,,,,,,,,,,,,,,,,,,,
2111962,5c3ab3acbff39ae870c8521a9ba02b3c52486184832f05a9d2db794bdee14114606b14119391bee7aca47ffb6960ee75ecd44afacfa5bf66cdb32b8fd5aef42d,07/22/2025 08:50:00 AM,1,DRIVER,,2013926,,FORD,EXPLORER,IL,2002,UNKNOWN,SPORT UTILITY VEHICLE (SUV),PERSONAL,E,STRAIGHT AHEAD,,,1,,,,,Y,,,,,,,,,,,,,FRONT-RIGHT-CORNER,,,,,,,,,,,,,,,,,,,,,,,,,,,,,,,,,
2111963,5c3ab3acbff39ae870c8521a9ba02b3c52486184832f05a9d2db794bdee14114606b14119391bee7aca47ffb6960ee75ecd44afacfa5bf66cdb32b8fd5aef42d,07/22/2025 08:50:00 AM,2,DRIVER,,2013940,,HYUNDAI,SANTA FE,IL,2007,NONE,SPORT UTILITY VEHICLE (SUV),PERSONAL,E,STRAIGHT AHEAD,,,1,,,,,,,,,,Y,Y,,,,,,,REAR-LEFT-CORNER,,,,,,,,,,,,,,,,,,,,,,,,,,,,,,,,,
2111853,ef5728d05da0affeb346fd0c8baf9b7b0797d3183064c6a94981e6b3dc3c1fa619408588322287c19332512e8f25175ea23bebfae90394dd27e99b35e7d237f6,07/22/2025 08:50:00 AM,1,DRIVER,,2013251,Y,UNKNOWN,OTHER (EXPLAIN IN NARRATIVE),MN,2015,UNKNOWN,TRACTOR W/ SEMI-TRAILER,COMMERCIAL - SINGLE UNIT,E,ENTERING TRAFFIC LANE FROM PARKING,,,1,,,,,,,,,,,,,,,,,Y,UNKNOWN,,,,,,,,,,,,,,,,,,,,,,,,,,,,,,,,,
2111854,ef5728d05da0affeb346fd0c8baf9b7b0797d3183064c6a94981e6b3dc3c1fa619408588322287c19332512e8f25175ea23bebfae90394dd27e99b35e7d237f6,07/22/2025 08:50:00 AM,2,DRIVER,,2013258,,JEEP,COMPASS,IL,2018,UNKNOWN,PASSENGER,PERSONAL,E,STRAIGHT AHEAD,,,1,,,,,Y,Y,Y,Y,Y,,,,,,,,,TOTAL (ALL AREAS),,,,,,,,,,,,,,,,,,,,,,,,,,,,,,,,,
2111841,f12d8968efbdf9f181534e8ff73a567bc1653acd44adb7d605bb876fb5d43371b75a597b16014383552991f657aad68eba552ce59e2386c331cdb179b6ec7ac6,07/22/2025 08:50:00 AM,1,DRIVER,,2013243,,LEXUS,CT200H,IL,2012,NONE,PASSENGER,PERSONAL,W,STRAIGHT AHEAD,,,1,,,,,,,,,,,,,,,Y,,,FRONT-LEFT-CORNER,,,,,,,,,,,,,,,,,,,,,,,,,,,,,,,,,
2111842,f12d8968efbdf9f181534e8ff73a567bc1653acd44adb7d605bb876fb5d43371b75a597b16014383552991f657aad68eba552ce59e2386c331cdb179b6ec7ac6,07/22/2025 08:50:00 AM,2,DRIVER,,2013252,,TOYOTA,OTHER (EXPLAIN IN NARRATIVE),IL,2007,NONE,PASSENGER,PERSONAL,W,STRAIGHT AHEAD,,,1,,,,,,,,,,,,,,,Y,,,FRONT-LEFT-CORNER,,,,,,,,,,,,,,,,,,,,,,,,,,,,,,,,,
2111899,6fb0f6dae2ded4d80e940e39758377b3dac065706ce9d7b4f1d68186ab92402d5ec217b5c6d344b98fffda9bf26177840ef6c8749e638a39eef85f1ab233a027,07/22/2025 08:48:00 AM,1,DRIVER,,2013299,Y,FREIGHTLINER CORPORATION,FREIGHTLINER CORP.,IL,2022,NONE,TRACTOR W/ SEMI-TRAILER,COMMERCIAL - MULTI-UNIT,W,TURNING RIGHT,,,1,,,,,,,,,,,,,,,,,,FRONT-RIGHT-CORNER,"21,867",3082879,,,SIDE OF TRUCK,3,US TEAM CORP,KS,KANSAS CITY,,,,N,N,,N,,N,N,,,,,,,,,TRACTOR/SEMI-TRAILER,VAN/ENCLOSED BOX,UNKNOWN,N,N,