CRASH_UNIT_ID,CRASH_RECORD_ID,CRASH_DATE,UNIT_NO,UNIT_TYPE,NUM_PASSENGERS,VEHICLE_ID,CMRC_VEH_I,MAKE,MODEL,LIC_PLATE_STATE,VEHICLE_YEAR,VEHICLE_DEFECT,VEHICLE_TYPE,VEHICLE_USE,TRAVEL_DIRECTION,MANEUVER,TOWED_I,FIRE_I,OCCUPANT_CNT,EXCEED_SPEED_LIMIT_I,TOWED_BY,TOWED_TO,AREA_00_I,AREA_01_I,AREA_02_I,AREA_03_I,AREA_04_I,AREA_05_I,AREA_06_I,AREA_07_I,AREA_08_I,AREA_09_I,AREA_10_I,AREA_11_I,AREA_12_I,AREA_99_I,FIRST_CONTACT_POINT,CMV_ID,USDOT_NO,CCMC_NO,ILCC_NO,COMMERCIAL_SRC,GVWR,CARRIER_NAME,CARRIER_STATE,CARRIER_CITY,HAZMAT_PLACARDS_I,HAZMAT_NAME,UN_NO,HAZMAT_PRESENT_I,HAZMAT_REPORT_I,HAZMAT_REPORT_NO,MCS_REPORT_I,MCS_REPORT_NO,HAZMAT_VIO_CAUSE_CRASH_I,MCS_VIO_CAUSE_CRASH_I,IDOT_PERMIT_NO,WIDE_LOAD_I,TRAILER1_WIDTH,TRAILER2_WIDTH,TRAILER1_LENGTH,TRAILER2_LENGTH,TOTAL_VEHICLE_LENGTH,AXLE_CNT,VEHICLE_CONFIG,CARGO_BODY_TYPE,LOAD_TYPE,HAZMAT_OUT_OF_SERVICE_I,MCS_OUT_OF_SERVICE_I,HAZMAT_CLASS
2111900,6fb0f6dae2ded4d80e940e39758377b3dac065706ce9d7b4f1d68186ab92402d5ec217b5c6d344b98fffda9bf26177840ef6c8749e638a39eef85f1ab233a027,07/22/2025 08:48:00 AM,2,BICYCLE,,,,,,,,,,,,,,,,,,,,,,,,,,,,,,,,,,,,,,,,,,,,,,,,,,,,,,,,,,,,,,,,,,
2112480,7d6ff2f340e6c61e3b572050a64ab0330648901d4a9eebed72b22050b9e52af00872532bf20bab1a44ec8ed25526996ab9935a5812698810df3d192496c75ace,07/22/2025 08:45:00 AM,1,DRIVER,,2013841,,CHEVROLET,OTHER (EXPLAIN IN NARRATIVE),,2020,UNKNOWN,PASSENGER,PERSONAL,N,STRAIGHT AHEAD,,,1,,,,,,,,,,,,,,,Y,,,FRONT-LEFT-CORNER,,,,,,,,,,,,,,,,,,,,,,,,,,,,,,,,,
2112481,7d6ff2f340e6c61e3b572050a64ab0330648901d4a9eebed72b22050b9e52af00872532bf20bab1a44ec8ed25526996ab9935a5812698810df3d192496c75ace,07/22/2025 08:45:00 AM,2,DRIVER,,2013848,,HYUNDAI,SANTA FE,IL,2022,UNKNOWN,PASSENGER,PERSONAL,N,STRAIGHT AHEAD,,,1,,,,,,,,,Y,,,,,,,,,REAR-RIGHT-CORNER,,,,,,,,,,,,,,,,,,,,,,,,,,,,,,,,,
2111848,c71a7120cb045cc12c494953cd4aec5bfaa9675584214bfb191f518dd14509e156a020cd3346dfaf1e4849fa91c316cab8cfd80f90e5883db1778d50b5da0f60,07/22/2025 08:45:00 AM,1,DRIVER,5,2013259,,FORD,FIESTA,IL,2015,NONE,PASSENGER,PERSONAL,W,STRAIGHT AHEAD,,,6,,,,,N,,,,,,,,,,Y,Y,,FRONT-LEFT-CORNER,,,,,,,,,,,,,,,,,,,,,,,,,,,,,,,,,
2111849,c71a7120cb045cc12c494953cd4aec5bfaa9675584214bfb191f518dd14509e156a020cd3346dfaf1e4849fa91c316cab8cfd80f90e5883db1778d50b5da0f60,07/22/2025 08:45:00 AM,2,DRIVER,,2013269,,FORD,FUSION,IL,2021,NONE,PASSENGER,PERSONAL,W,STRAIGHT AHEAD,,,1,,,,,Y,,,,,,,,,,,Y,,REAR,,,,,,,,,,,,,,,,,,,,,,,,,,,,,,,,,
2111887,7dc8b6a4c69509a78506d2d90e840f70123a591d72645d4611f4f7915935e12ff923dfc8971c724270d8404895a7f3a93029fe026fc47f860f1b2e317b91ae9a,07/22/2025 08:41:00 AM,1,DRIVER,,2013279,,HYUNDAI,ELANTRA,IL,2013,UNKNOWN,PASSENGER,PERSONAL,S,STRAIGHT AHEAD,Y,,1,,city of chiago,pound 6,,Y,Y,Y,Y,,,,,Y,Y,Y,,,TOTAL (ALL AREAS),,,,,,,,,,,,,,,,,,,,,,,,,,,,,,,,,
2111888,7dc8b6a4c69509a78506d2d90e840f70123a591d72645d4611f4f7915935e12ff923dfc8971c724270d8404895a7f3a93029fe026fc47f860f1b2e317b91ae9a,07/22/2025 08:41:00 AM,2,DRIVER,1,2013288,,HONDA,ACCORD,IL,2022,UNKNOWN,PASSENGER,PERSONAL,S,STRAIGHT AHEAD,,,2,,,,,Y,Y,Y,Y,,,,,,,,,,SIDE-RIGHT,,,,,,,,,,,,,,,,,,,,,,,,,,,,,,,,,
2111889,7dc8b6a4c69509a78506d2d90e840f70123a591d72645d4611f4f7915935e12ff923dfc8971c724270d8404895a7f3a93029fe026fc47f860f1b2e317b91ae9a,07/22/2025 08:41:00 AM,3,PARKED,,2013291,,GENERAL MOTORS CORPORATION (GMC),ENVOY,IN,2003,UNKNOWN,PASSENGER,PERSONAL,S,PARKED,,,0,,,,,,,,,,,,,Y,Y,Y,,,FRONT-LEFT-CORNER,,,,,,,,,,,,,,,,,,,,,,,,,,,,,,,,,
2112245,38bd8f69daab770f9456790805ae4074e0c27e207f49539b05fd6dcf9c53a142806621a3024ade3041056f4ce8c4f41e554db80514de8adc23d49747d2556dd3,07/22/2025 08:40:00 AM,1,DRIVER,,2013609,,ALFA ROMEO,STELVIO,,,NONE,PASSENGER,PERSONAL,N,STRAIGHT AHEAD,,,1,,,,,,,,,,,,,,,,Y,,FRONT,,,,,,,,,,,,,,,,,,,,,,,,,,,,,,,,,
2112246,38bd8f69daab770f9456790805ae4074e0c27e207f49539b05fd6dcf9c53a142806621a3024ade3041056f4ce8c4f41e554db80514de8adc23d49747d2556dd3,07/22/2025 08:40:00 AM,2,DRIVER,,2013618,,TOYOTA,COROLLA,,,NONE,PASSENGER,PERSONAL,N,STRAIGHT AHEAD,,,1,,,,,,,,,,Y,,,,,,,,REAR,,,,,,,,,,,,,,,,,,,,,,,,,,,,,,,,,
2112505,234cae83e33b104261462888b55592f00340f8bccf80a0d3db4bfdfe307d0a6be765af2c06f4ebc602a0ec8d49dfb22f5e0adbeb9d614cef5cb6b27c42fb2299,07/22/2025 08:38:00 AM,1,DRIVER,,2013868,,MAZDA,CX-7,KY,2011,NONE,SPORT UTILITY VEHICLE (SUV),PERSONAL,E,PASSING/OVERTAKING,,,1,,,,,Y,,,,,,,,,,,Y,,SIDE-RIGHT-FRONT,,,,,,,,,,,,,,,,,,,,,,,,,,,,,,,,,
2112506,234cae83e33b104261462888b55592f00340f8bccf80a0d3db4bfdfe307d0a6be765af2c06f4ebc602a0ec8d49dfb22f5e0adbeb9d614cef5cb6b27c42fb2299,07/22/2025 08:38:00 AM,2,DRIVER,1,2013876,,FORD,ECONOLINE E350,IL,2010,NONE,VAN/MINI-VAN,CONSTRUCTION/MAINTENANCE,E,TURNING LEFT,Y,,2,,PRIVATE TOW REQUESTED,,,,,,,,,,,,Y,Y,,,SIDE-LEFT,,,,,,,,,,,,,,,,,,,,,,,,,,,,,,,,,
2111855,de42694c2fe47a470f8a07724f6c8e4261f6e8cc78251ba4377266c2d225d2e629483b42d68e31aacb24bdda31e85dc05ac8b8edc2b34a05ca83f1771c960edd,07/22/2025 08:35:00 AM,1,DRIVER,,2013253,,MERCEDES-BENZ,OTHER (EXPLAIN IN NARRATIVE),IL,,UNKNOWN,PASSENGER,PERSONAL,N,MERGING,,,1,,,,,,,,,,,,,,,Y,,,FRONT-LEFT-CORNER,,,,,,,,,,,,,,,,,,,,,,,,,,,,,,,,,
2111856,de42694c2fe47a470f8a07724f6c8e4261f6e8cc78251ba4377266c2d225d2e629483b42d68e31aacb24bdda31e85dc05ac8b8edc2b34a05ca83f1771c960edd,07/22/2025 08:35:00 AM,2,DRIVER,1,2013263,,FORD,EDGE,IL,,NONE,SPORT UTILITY VEHICLE (SUV),PERSONAL,N,STRAIGHT AHEAD,,,2,,,,,,,Y,Y,Y,,,,,,,,,SIDE-RIGHT,,,,,,,,,,,,,,,,,,,,,,,,,,,,,,,,,
2111863,ece46f9c42b5bca5d77fafba9b38cb71d14f17cff82afd62ea5a0d6a190e2780e4ff2ee0c214c503fcba4d926dd6bab7ad651d057c46ee51a6b68cdebdaac4e7,07/22/2025 08:35:00 AM,1,DRIVER,,2013260,,DODGE,RAM 3500 PU,IL,2023,NONE,PICKUP,OTHER,N,STRAIGHT AHEAD,,,1,,,,,,,,,,,,,,,Y,,,FRONT-LEFT-CORNER,,,,,,,,,,,,,,,,,,,,,,,,,,,,,,,,,
2111864,ece46f9c42b5bca5d77fafba9b38cb71d14f17cff82afd62ea5a0d6a190e2780e4ff2ee0c214c503fcba4d926dd6bab7ad651d057c46ee51a6b68cdebdaac4e7,07/22/2025 08:35:00 AM,2,DRIVER,,2013264,,FORD,FUSION,IL,2012,NONE,PASSENGER,PERSONAL,E,STRAIGHT AHEAD,,,1,,,,,Y,,,,,,,,,,,Y,,FRONT-RIGHT-CORNER,,,,,,,,,,,,,,,,,,,,,,,,,,,,,,,,,
2111877,f9a35cfddf80dbabea26e6ee7e5fee841fc254b8cbfbb0c7759b57c81f6699c4a37bcdf095120df695ad57a780a372b5d20125098d67b5ecc14eb8fbf4eca9ef,07/22/2025 08:35:00 AM,1,DRIVER,,2013270,,MAZDA,OTHER (EXPLAIN IN NARRATIVE),IL,2015,UNKNOWN,PASSENGER,PERSONAL,SW,STRAIGHT AHEAD,,,1,,,,,,,,,,,,,,,,,,FRONT,,,,,,,,,,,,,,,,,,,,,,,,,,,,,,,,,
2111878,f9a35cfddf80dbabea26e6ee7e5fee841fc254b8cbfbb0c7759b57c81f6699c4a37bcdf095120df695ad57a780a372b5d20125098d67b5ecc14eb8fbf4eca9ef,07/22/2025 08:35:00 AM,2,DRIVER,,2013274,,HONDA,CR-V,NV,2024,NONE,SPORT UTILITY VEHICLE (SUV),PERSONAL,S,SLOW/STOP IN TRAFFIC,,,1,,,,,,,,,,,,,,,,,,REAR,,,,,,,,,,,,,,,,,,,,,,,,,,,,,,,,,
2111829,0baef0a465bddfbf6ffa9dbe7d720d883feb13bef60c213ba5d559e979cbf108a9e49ffac210669b7c87a977d94cdf48512238f11bfcee9cccf7910bb3091412,07/22/2025 08:26:00 AM,1,DRIVER,,2013226,,FORD,EXPLORER,IL,,NONE,PASSENGER,POLICE,E,BACKING,,,1,,,,,,,,,Y,,,,,,,,,REAR-RIGHT-CORNER,,,,,,,,,,,,,,,,,,,,,,,,,,,,,,,,,
2111830,0baef0a465bddfbf6ffa9dbe7d720d883feb13bef60c213ba5d559e979cbf108a9e49ffac210669b7c87a977d94cdf48512238f11bfcee9cccf7910bb3091412,07/22/2025 08:26:00 AM,2,PARKED,,2013228,,NISSAN,ROGUE,IL,,NONE,PASSENGER,NOT IN USE,E,PARKED,,,0,,,,,,,,,,,,,,,Y,,,FRONT-LEFT-CORNER,,,,,,,,,,,,,,,,,,,,,,,,,,,,,,,,,
2111867,4422907d2c514cf91c0981484e33414c59b42e4197e6b6b083ef6c4d86ecf527362b7e1da74483330f8154bf5e5d36af59d550f68cfd00ce30b7067893d4ccaa,07/22/2025 08:25:00 AM,1,DRIVER,,2013272,,CHEVROLET,CAMARO,IL,2013,UNKNOWN,PASSENGER,PERSONAL,N,MERGING,,,1,,,,,Y,Y,,,,,,,,,,,,FRONT-RIGHT-CORNER,,,,,,,,,,,,,,,,,,,,,,,,,,,,,,,,,
2111868,4422907d2c514cf91c0981484e33414c59b42e4197e6b6b083ef6c4d86ecf527362b7e1da74483330f8154bf5e5d36af59d550f68cfd00ce30b7067893d4ccaa,07/22/2025 08:25:00 AM,2,DRIVER,,2013277,,DODGE,JOURNEY,IL,2020,UNKNOWN,SPORT UTILITY VEHICLE (SUV),PERSONAL,N,STRAIGHT AHEAD,,,1,,,,,,,,,,,Y,Y,Y,Y,Y,,,SIDE-LEFT,,,,,,,,,,,,,,,,,,,,,,,,,,,,,,,,,
2111890,392c97407713572e046196e40f7f6cc8379ae0697b6c8fdf87f015b37de164c30c538cd5f4fa9cbb30131b029c4f77c9f50de2d2ffbb6d210a0c5672c952bb11,07/22/2025 08:24:00 AM,1,DRIVER,,2013287,,TOYOTA,PRIUS,IL,2013,UNKNOWN,PASSENGER,PERSONAL,N,TURNING RIGHT,,,1,,,,,,,,,,,,,,,,Y,,FRONT,,,,,,,,,,,,,,,,,,,,,,,,,,,,,,,,,
2111891,392c97407713572e046196e40f7f6cc8379ae0697b6c8fdf87f015b37de164c30c538cd5f4fa9cbb30131b029c4f77c9f50de2d2ffbb6d210a0c5672c952bb11,07/22/2025 08:24:00 AM,2,DRIVER,,2013289,,MERCEDES-BENZ,SPRINTER,,2025,OTHER,UNKNOWN/NA,UNKNOWN/NA,UNKNOWN,UNKNOWN/NA,,,1,,,,,,,,,,,,,,,Y,Y,,FRONT-LEFT-CORNER,,,,,,,,,,,,,,,,,,,,,,,,,,,,,,,,,
2111895,eaf1472beaf65af9cddd6f18315861dc57019d6db4153ea33fd3bd756bde6aa77c6a9df1423df2debb6f37732d703c33a1ad1a02c0afc1eb595f19c69f62a98b,07/22/2025 08:17:00 AM,1,DRIVER,,2013294,N,FORD,F250,IN,2018,UNKNOWN,PICKUP,UNKNOWN/NA,N,STRAIGHT AHEAD,,,1,,,,,N,Y,,,,,,,,,,,,FRONT-RIGHT-CORNER,,,,,,,,,,,,,,,,,,,,,,,,,,,,,,,,,
2111896,eaf1472beaf65af9cddd6f18315861dc57019d6db4153ea33fd3bd756bde6aa77c6a9df1423df2debb6f37732d703c33a1ad1a02c0afc1eb595f19c69f62a98b,07/22/2025 08:17:00 AM,2,DRIVER,,2013297,,NOVA BUS,LFS,IL,2016,UNKNOWN,BUS OVER 15 PASS.,CTA,N,OTHER,,,1,,,,,,,,,,,,,,Y,,,,FRONT-LEFT-CORNER,,,,,,,,,,,,,,,,,,,,,,,,,,,,,,,,,
2111909,083ca8de89671069914c4194880678e9b4825929c1a7b24c22f21ecace11a337d1aa58df49cc2c2da345c16fcb8058c3cf068d1766a3413386032546156c8246,07/22/2025 08:15:00 AM,1,DRIVER,,2013302,Y,FREIGHTLINER CORPORATION,FREIGHTLINER CORP.,IL,2006,UNKNOWN,TRACTOR W/ SEMI-TRAILER,COMMERCIAL - MULTI-UNIT,S,STRAIGHT AHEAD,,,1,,,,,Y,,,,,,,,,,Y,Y,,FRONT,"21,866",3021255,34483,219608,SIDE OF TRUCK,3,NEW BEGINNINGS TRANSPORTATION,IL,OLYMPIA FIELDS,,,4444,N,N,,N,,N,U,,,0-96,,,,,,TRACTOR/SEMI-TRAILER,VAN/ENCLOSED BOX,UNKNOWN,N,N,
2111821,8c027a8afe2adda43076238a5170ed387ee9a41b62eb70c5df62cc3e50c9a5a538067f6177f12f04090c19cc6674f2c915a057143e81ca68087c1995b1d6606a,07/22/2025 08:15:00 AM,1,DRIVER,,2013216,,UNKNOWN,OTHER (EXPLAIN IN NARRATIVE),IL,,UNKNOWN,UNKNOWN/NA,UNKNOWN/NA,N,ENTERING TRAFFIC LANE FROM PARKING,,,1,,,,,,,,,,,,,,,,,Y,FRONT,,,,,,,,,,,,,,,,,,,,,,,,,,,,,,,,,
2111822,8c027a8afe2adda43076238a5170ed387ee9a41b62eb70c5df62cc3e50c9a5a538067f6177f12f04090c19cc6674f2c915a057143e81ca68087c1995b1d6606a,07/22/2025 08:15:00 AM,2,PARKED,,2013218,,TOYOTA,CAMRY,IL,2024,NONE,PASSENGER,PERSONAL,N,PARKED,,,0,,,,,,,,,Y,Y,Y,,,,,,,REAR,,,,,,,,,,,,,,,,,,,,,,,,,,,,,,,,,
2111813,8cf63114e82c3ed3abaabd740329db591e9fb21d1dc627472496605d22660f3205eab6caf09258d837d93e5263d6f7a9286d389f14b0c0e49ea504fe8407c5f7,07/22/2025 08:15:00 AM,1,DRIVER,,2013210,,CHEVROLET,EQUINOX,IL,2023,NONE,PASSENGER,POLICE,E,STRAIGHT AHEAD,,,1,,,,,,,,,,,,,,,,Y,,FRONT,,,,,,,,,,,,,,,,,,,,,,,,,,,,,,,,,
2111814,8cf63114e82c3ed3abaabd740329db591e9fb21d1dc627472496605d22660f3205eab6caf09258d837d93e5263d6f7a9286d389f14b0c0e49ea504fe8407c5f7,07/22/2025 08:15:00 AM,2,DRIVER,,2013215,,SUBARU,CROSSTREK,PA,2020,NONE,PASSENGER,PERSONAL,E,STRAIGHT AHEAD,,,1,,,,,,,,,,Y,,,,,,,,REAR,,,,,,,,,,,,,,,,,,,,,,,,,,,,,,,,,
2111810,66e7ca77f2c467800bf061dca7646bf14a3f29ff8e743ea33123b7db99420d9533ceb784d3cd342eff366f2beb14304c557f01d19b1ecf62657733d6d90d31af,07/22/2025 08:00:00 AM,1,DRIVER,,2013221,,HONDA,OTHER (EXPLAIN IN NARRATIVE),IL,2023,UNKNOWN,PICKUP,PERSONAL,E,TURNING RIGHT,,,1,,,,,,,,,,,,,,,,,,SIDE-RIGHT,,,,,,,,,,,,,,,,,,,,,,,,,,,,,,,,,
2111811,66e7ca77f2c467800bf061dca7646bf14a3f29ff8e743ea33123b7db99420d9533ceb784d3cd342eff366f2beb14304c557f01d19b1ecf62657733d6d90d31af,07/22/2025 08:00:00 AM,2,DRIVER,,2013236,,CHEVROLET,TRACKER,IL,2019,UNKNOWN,PASSENGER,PERSONAL,E,STRAIGHT AHEAD,,,1,,,,,,,,,,,,,,,Y,,,FRONT-LEFT-CORNER,,,,,,,,,,,,,,,,,,,,,,,,,,,,,,,,,
2111831,256ebc7f3b205a022fa96f1843e118ca3781530ad4723281869929c7aa3b6a7f3008ce0f6745f2ce70c8e03c0f494fe78101e4ca847e2e16ce6d309053c1b1d1,07/22/2025 07:50:00 AM,1,DRIVER,,2013227,,VOLKSWAGEN,TIGUAN,IL,2022,NONE,SPORT UTILITY VEHICLE (SUV),PERSONAL,N,STRAIGHT AHEAD,,,1,,,,,Y,,,,,,,,,,,Y,,FRONT,,,,,,,,,,,,,,,,,,,,,,,,,,,,,,,,,
2111832,256ebc7f3b205a022fa96f1843e118ca3781530ad4723281869929c7aa3b6a7f3008ce0f6745f2ce70c8e03c0f494fe78101e4ca847e2e16ce6d309053c1b1d1,07/22/2025 07:50:00 AM,2,DRIVER,,2013233,,CHEVROLET,SILVERADO,IL,2022,NONE,PICKUP,CONSTRUCTION/MAINTENANCE,N,STRAIGHT AHEAD,,,1,,,,,,,,,,Y,,,,,,,,REAR,,,,,,,,,,,,,,,,,,,,,,,,,,,,,,,,,
2111812,7a099c7a5b0a9b7a222ff61401b577dc83a06e7004291601174c9c9c53971d36b8d3e0f303752c08c1268f5747c1ad4e25de76cc0aa6d691dd3da427d720cc44,07/22/2025 07:50:00 AM,1,DRIVER,1,2013211,,CHEVROLET,IMPALA,IL,2017,UNKNOWN,PASSENGER,PERSONAL,E,STRAIGHT AHEAD,Y,,2,,private tow,,,Y,,,,,,,,,,Y,Y,,FRONT-LEFT-CORNER,,,,,,,,,,,,,,,,,,,,,,,,,,,,,,,,,
2111803,ff52fb7d091045942c185c7e23f662fe98fe90f3d12acadf38c47e574cabf3a011a89e388db6863c2edf69c7573c41fb259ce7beb202d3a6f1138a3f73bbd750,07/22/2025 07:50:00 AM,1,DRIVER,,2013206,,BUICK,ENCLAVE,IL,2012,UNKNOWN,SPORT UTILITY VEHICLE (SUV),PERSONAL,S,STRAIGHT AHEAD,Y,,1,,INSURANCE,,,Y,,,,,,,,,,Y,Y,,FRONT,,,,,,,,,,,,,,,,,,,,,,,,,,,,,,,,,
2111817,1400acaedc6198e6bd7ef2f894387b309923cdc3d5798a203300151316818b5cfdd8aecec70ed2f88e39d482072fea700acd0f3c510b8407af5ab13c430b5da7,07/22/2025 07:49:00 AM,1,DRIVER,,2013217,,VOLVO,XC70,IL,2004,UNKNOWN,PASSENGER,PERSONAL,W,CHANGING LANES,Y,,1,,,,,,,,,,,,,N,Y,Y,,,SIDE-LEFT-FRONT,,,,,,,,,,,,,,,,,,,,,,,,,,,,,,,,,
2111818,1400acaedc6198e6bd7ef2f894387b309923cdc3d5798a203300151316818b5cfdd8aecec70ed2f88e39d482072fea700acd0f3c510b8407af5ab13c430b5da7,07/22/2025 07:49:00 AM,2,DRIVER,,2013222,,FORD,F150,IL,2011,UNKNOWN,PICKUP,PERSONAL,E,STRAIGHT AHEAD,Y,,1,,,,,,,N,N,N,,Y,Y,Y,,,,,SIDE-LEFT,,,,,,,,,,,,,,,,,,,,,,,,,,,,,,,,,
2111835,30df0f8099ab3d414976f3bf34d43efc3a8b28af12c6bf38534c4b9309c95d55ace87b841fcff4e55f0acb893a6a6352efc687dbc69a96f2f8bc7308fcfed7f9,07/22/2025 07:49:00 AM,1,DRIVER,,2013235,,HYUNDAI,SONATA,IL,2018,NONE,PASSENGER,PERSONAL,E,CHANGING LANES,,,1,,,,,Y,,,,,,,,,,Y,Y,,FRONT,,,,,,,,,,,,,,,,,,,,,,,,,,,,,,,,,
2111836,30df0f8099ab3d414976f3bf34d43efc3a8b28af12c6bf38534c4b9309c95d55ace87b841fcff4e55f0acb893a6a6352efc687dbc69a96f2f8bc7308fcfed7f9,07/22/2025 07:49:00 AM,2,DRIVER,,2013241,,LINCOLN,NAVIGATOR,IL,2024,NONE,OTHER,OTHER,E,STRAIGHT AHEAD,,,1,,,,,,,,,Y,Y,Y,,,,,,,REAR,,,,,,,,,,,,,,,,,,,,,,,,,,,,,,,,,
2111825,9e7cad021e9710428e2462a41b7e18c7ccbe6f4be6b7f949e1049c293d0686bb61d95eba89e2afc1d3d5d80d88a14a3398c1b402a2eccdb548ebbbd9ac611443,07/22/2025 07:37:00 AM,1,DRIVER,,2013224,,CHRYSLER,CARAVAN,IL,2005,UNKNOWN,VAN/MINI-VAN,UNKNOWN/NA,W,STRAIGHT AHEAD,,,1,,,,,,,,,,,,,,,,,Y,SIDE-RIGHT,,,,,,,,,,,,,,,,,,,,,,,,,,,,,,,,,
2111826,9e7cad021e9710428e2462a41b7e18c7ccbe6f4be6b7f949e1049c293d0686bb61d95eba89e2afc1d3d5d80d88a14a3398c1b402a2eccdb548ebbbd9ac611443,07/22/2025 07:37:00 AM,2,DRIVER,,2013232,,NOVA BUS,OTHER (EXPLAIN IN NARRATIVE),IL,2015,OTHER,BUS OVER 15 PASS.,CTA,W,STRAIGHT AHEAD,,,1,,,,,,,,,,,,,,Y,Y,,,SIDE-LEFT-FRONT,,,,,,,,,,,,,,,,,,,,,,,,,,,,,,,,,
2111843,eea378a4c6d933ac42c3240d5cdeafb790556e49ca87f959ad6844c3f5718fa0f0ca32361e5b7007bb89396d4f0e128483077434ca472df78e975c7150e1bbff,07/22/2025 07:30:00 AM,1,DRIVER,,2013239,,FORD,EXPLORER,IL,2014,UNKNOWN,SPORT UTILITY VEHICLE (SUV),UNKNOWN/NA,N,UNKNOWN/NA,,,1,,,,,,,,,,,,,,,,,Y,UNKNOWN,,,,,,,,,,,,,,,,,,,,,,,,,,,,,,,,,
2111844,eea378a4c6d933ac42c3240d5cdeafb790556e49ca87f959ad6844c3f5718fa0f0ca32361e5b7007bb89396d4f0e128483077434ca472df78e975c7150e1bbff,07/22/2025 07:30:00 AM,2,DRIVER,1,2013247,,KIA,CARNIVAL,IL,2024,NONE,SPORT UTILITY VEHICLE (SUV),PERSONAL,N,STRAIGHT AHEAD,,,2,,,,,Y,Y,Y,,,,,,,,,,,SIDE-RIGHT,,,,,,,,,,,,,,,,,,,,,,,,,,,,,,,,,
2111827,1670b8c29e817508bf97489cf7677f4e33e0386456b8354d0f62b24eda5b8a3846ed699dc86cf35c2be574addd7c0b1a71df81d384aaf0a4d0bd1db3918b496c,07/22/2025 07:28:00 AM,1,DRIVER,,2013225,,VOLKSWAGEN,OTHER (EXPLAIN IN NARRATIVE),IL,,NONE,PASSENGER,UNKNOWN/NA,E,STRAIGHT AHEAD,,,1,,,,,,,,,,,,,,,,,,UNKNOWN,,,,,,,,,,,,,,,,,,,,,,,,,,,,,,,,,
2111828,1670b8c29e817508bf97489cf7677f4e33e0386456b8354d0f62b24eda5b8a3846ed699dc86cf35c2be574addd7c0b1a71df81d384aaf0a4d0bd1db3918b496c,07/22/2025 07:28:00 AM,2,DRIVER,,2013229,,VOLVO,XC60,IL,2017,NONE,PASSENGER,PERSONAL,E,STRAIGHT AHEAD,,,1,,,,,,,,,,,,Y,Y,,,,,SIDE-LEFT-REAR,,,,,,,,,,,,,,,,,,,,,,,,,,,,,,,,,
2111833,42fba47766611a9ba0b9bb8e27ca089de3e43d0bb37a992a59ba4cb4403dac654aa67e2f4bcdb3334315ff04d477a33acaae0a064a49d3745a3dc391bcd22dfa,07/22/2025 07:25:00 AM,1,DRIVER,,2013231,,NISSAN,SENTRA,IL,2016,NONE,PASSENGER,PERSONAL,W,TURNING RIGHT,Y,,1,,,9501 S Colfax,,Y,,,,,,,,,,Y,Y,,FRONT,,,,,,,,,,,,,,,,,,,,,,,,,,,,,,,,,
2111834,42fba47766611a9ba0b9bb8e27ca089de3e43d0bb37a992a59ba4cb4403dac654aa67e2f4bcdb3334315ff04d477a33acaae0a064a49d3745a3dc391bcd22dfa,07/22/2025 07:25:00 AM,2,DRIVER,,2013238,,HYUNDAI,TUCSON,IA,2016,NONE,PASSENGER,PERSONAL,N,STRAIGHT AHEAD,,,1,,,,,Y,Y,Y,,,,,,,,,,,SIDE-RIGHT,,,,,,,,,,,,,,,,,,,,,,,,,,,,,,,,,
2111800,5bb98c35b372eb50a629f2aac1e8c0241f908819d2868faecc597ef0257b807cf0e897f63c1333e88872db0900ecb4c1d5693174a2a3ad848b6449a5534f4a55,07/22/2025 07:25:00 AM,1,DRIVER,,2013203,,CADILLAC,ESCALADE,IL,2015,UNKNOWN,PASSENGER,UNKNOWN/NA,W,UNKNOWN/NA,,,1,,,,,,,,,,,,,,,,,Y,UNKNOWN,,,,,,,,,,,,,,,,,,,,,,,,,,,,,,,,,
2111801,5bb98c35b372eb50a629f2aac1e8c0241f908819d2868faecc597ef0257b807cf0e897f63c1333e88872db0900ecb4c1d5693174a2a3ad848b6449a5534f4a55,07/22/2025 07:25:00 AM,2,BICYCLE,,,,,,,,,,,,,,,,,,,,,,,,,,,,,,,,,,,,,,,,,,,,,,,,,,,,,,,,,,,,,,,,,,
2111823,31b1f486f0584fabd46b66532cfb571d48c4d4f5b98be8acb92b08c5aa0839be05cad126c99e82415016b9f3454e2269ff32fc02055267a7b2a3f51702f23538,07/22/2025 07:08:00 AM,1,DRIVER,,2013223,,KIA,FORTE,IL,2024,NONE,PASSENGER,PERSONAL,W,STRAIGHT AHEAD,Y,,1,,city of chicago,,,Y,Y,,,N,N,N,,,Y,Y,Y,N,FRONT,,,,,,,,,,,,,,,,,,,,,,,,,,,,,,,,,
2111824,31b1f486f0584fabd46b66532cfb571d48c4d4f5b98be8acb92b08c5aa0839be05cad126c99e82415016b9f3454e2269ff32fc02055267a7b2a3f51702f23538,07/22/2025 07:08:00 AM,2,DRIVER,,2013230,,JEEP,COMPASS,IL,2021,NONE,PASSENGER,PERSONAL,W,SLOW/STOP IN TRAFFIC,,,1,,,,,N,,,,Y,Y,Y,,,,N,N,Y,REAR,,,,,,,,,,,,,,,,,,,,,,,,,,,,,,,,,