CRASH_UNIT_ID,CRASH_RECORD_ID,CRASH_DATE,UNIT_NO,UNIT_TYPE,NUM_PASSENGERS,VEHICLE_ID,CMRC_VEH_I,MAKE,MODEL,LIC_PLATE_STATE,VEHICLE_YEAR,VEHICLE_DEFECT,VEHICLE_TYPE,VEHICLE_USE,TRAVEL_DIRECTION,MANEUVER,TOWED_I,FIRE_I,OCCUPANT_CNT,EXCEED_SPEED_LIMIT_I,TOWED_BY,TOWED_TO,AREA_00_I,AREA_01_I,AREA_02_I,AREA_03_I,AREA_04_I,AREA_05_I,AREA_06_I,AREA_07_I,AREA_08_I,AREA_09_I,AREA_10_I,AREA_11_I,AREA_12_I,AREA_99_I,FIRST_CONTACT_POINT,CMV_ID,USDOT_NO,CCMC_NO,ILCC_NO,COMMERCIAL_SRC,GVWR,CARRIER_NAME,CARRIER_STATE,CARRIER_CITY,HAZMAT_PLACARDS_I,HAZMAT_NAME,UN_NO,HAZMAT_PRESENT_I,HAZMAT_REPORT_I,HAZMAT_REPORT_NO,MCS_REPORT_I,MCS_REPORT_NO,HAZMAT_VIO_CAUSE_CRASH_I,MCS_VIO_CAUSE_CRASH_I,IDOT_PERMIT_NO,WIDE_LOAD_I,TRAILER1_WIDTH,TRAILER2_WIDTH,TRAILER1_LENGTH,TRAILER2_LENGTH,TOTAL_VEHICLE_LENGTH,AXLE_CNT,VEHICLE_CONFIG,CARGO_BODY_TYPE,LOAD_TYPE,HAZMAT_OUT_OF_SERVICE_I,MCS_OUT_OF_SERVICE_I,HAZMAT_CLASS
2111808,4ef3caacec6b3ca4ae72891865f09149af849ada9588f15bae494b3bbed6d18c77196d2fefe723a56df2020ffeab0fb0823c9c45c8415639955c89db7bdfa54f,07/22/2025 07:05:00 AM,1,DRIVER,,2013209,,CHEVROLET,EQUINOX,IL,2015,NONE,PASSENGER,PERSONAL,E,STRAIGHT AHEAD,,,1,,,,,Y,Y,,,,,,,,,,Y,,FRONT-RIGHT-CORNER,,,,,,,,,,,,,,,,,,,,,,,,,,,,,,,,,
2111809,4ef3caacec6b3ca4ae72891865f09149af849ada9588f15bae494b3bbed6d18c77196d2fefe723a56df2020ffeab0fb0823c9c45c8415639955c89db7bdfa54f,07/22/2025 07:05:00 AM,2,PARKED,,2013213,,HONDA,ODYSSEY,IL,2000,NONE,PASSENGER,NOT IN USE,E,PARKED,,,0,,,,,,,,,,,,Y,Y,Y,Y,,,SIDE-LEFT,,,,,,,,,,,,,,,,,,,,,,,,,,,,,,,,,
2111837,b1f95e7480ca765a6dbc7d6e008ee96c26d6840fd660a2609b2656ce9d0369f65d909590778dd5ef63bc8e6c3a8e72182c3af752ae5682cb0635dfb559ee7824,07/22/2025 07:05:00 AM,1,DRIVER,,2013234,,FORD,OTHER (EXPLAIN IN NARRATIVE),IL,,NONE,SPORT UTILITY VEHICLE (SUV),PERSONAL,S,ENTERING TRAFFIC LANE FROM PARKING,,,1,,,,,,,,,,,,,,,Y,,,FRONT-LEFT-CORNER,,,,,,,,,,,,,,,,,,,,,,,,,,,,,,,,,
2111838,b1f95e7480ca765a6dbc7d6e008ee96c26d6840fd660a2609b2656ce9d0369f65d909590778dd5ef63bc8e6c3a8e72182c3af752ae5682cb0635dfb559ee7824,07/22/2025 07:05:00 AM,2,DRIVER,1,2013237,,TESLA,MODEL Y,IL,,NONE,PASSENGER,RIDESHARE SERVICE,S,LEAVING TRAFFIC LANE TO PARK,,,2,,,,,,,Y,Y,Y,,,,,,,,,SIDE-RIGHT-REAR,,,,,,,,,,,,,,,,,,,,,,,,,,,,,,,,,
2111799,d7104621054d645858860256a20fa4c2f4e4b38913291c6c3a4cf453ac8c886a57095b013f9fb2ea9a0996713577b09d4fb40b0d0e6084bb91aaf2968077004a,07/22/2025 07:02:00 AM,1,DRIVER,,2013201,,HONDA,PILOT,IL,2019,NONE,PASSENGER,PERSONAL,N,STRAIGHT AHEAD,,,1,,,,,Y,,,,,,,,,,,Y,,FRONT,,,,,,,,,,,,,,,,,,,,,,,,,,,,,,,,,
2111802,d7104621054d645858860256a20fa4c2f4e4b38913291c6c3a4cf453ac8c886a57095b013f9fb2ea9a0996713577b09d4fb40b0d0e6084bb91aaf2968077004a,07/22/2025 07:02:00 AM,2,PEDESTRIAN,,,,,,,,,,,,,,,,,,,,,,,,,,,,,,,,,,,,,,,,,,,,,,,,,,,,,,,,,,,,,,,,,,
2112590,fe0988c26341434799be94c52fb2a0409d5269cc521c8d26796657694ce30ea2037ee0351a34eaa21902416ced9938e912a901cb7304a393564401f8d34c3e18,07/22/2025 07:00:00 AM,1,DRIVER,,2013949,,MITSUBISHI,OUTLANDER,IN,2007,NONE,SPORT UTILITY VEHICLE (SUV),UNKNOWN/NA,UNKNOWN,UNKNOWN/NA,,,1,,,,,,,,,,,,,,,Y,,,FRONT-LEFT-CORNER,,,,,,,,,,,,,,,,,,,,,,,,,,,,,,,,,
2112591,fe0988c26341434799be94c52fb2a0409d5269cc521c8d26796657694ce30ea2037ee0351a34eaa21902416ced9938e912a901cb7304a393564401f8d34c3e18,07/22/2025 07:00:00 AM,2,PARKED,,2013956,,DODGE,DURANGO,IN,2014,NONE,PASSENGER,PERSONAL,W,PARKED,,,0,,,,,,,,,Y,,,,,,,,,REAR-RIGHT-CORNER,,,,,,,,,,,,,,,,,,,,,,,,,,,,,,,,,
2111850,7cedc580eec2b9bf74f470d48ef7571210e8e429f768a78ba9fba3ce70726470c2aa995b2d3df90c90f776b18ce91f568db6e50018cb38298edfcf8e0f231e70,07/22/2025 06:55:00 AM,1,DRIVER,,2013244,,CHEVROLET,SILVERADO,IL,2007,UNKNOWN,PICKUP,PERSONAL,E,TURNING LEFT,,,1,,,,Y,,,,,,,,,,,Y,,,FRONT-LEFT-CORNER,,,,,,,,,,,,,,,,,,,,,,,,,,,,,,,,,
2111862,7cedc580eec2b9bf74f470d48ef7571210e8e429f768a78ba9fba3ce70726470c2aa995b2d3df90c90f776b18ce91f568db6e50018cb38298edfcf8e0f231e70,07/22/2025 06:55:00 AM,2,PEDESTRIAN,,,,,,,,,,,,,,,,,,,,,,,,,,,,,,,,,,,,,,,,,,,,,,,,,,,,,,,,,,,,,,,,,,
2112069,bbfd9dcf2137db82b7c6401384839b7dd2edaa26cbb233342f54974391ef7480bfe08d6d92ee5c67aca6958e7e3b61401a8b579f801d7731205b2dcd13b7f39e,07/22/2025 06:50:00 AM,1,DRIVER,,2013448,,TOYOTA,RAV4,IL,1997,UNKNOWN,SPORT UTILITY VEHICLE (SUV),PERSONAL,W,STRAIGHT AHEAD,Y,,1,,CITY OF CHICAGO,701 N. SACRAMENTO BLVD,,Y,Y,,,,,,,,Y,Y,Y,,TOTAL (ALL AREAS),,,,,,,,,,,,,,,,,,,,,,,,,,,,,,,,,
2111789,777385abf4edec20933693cbcb141a073d15f6a33bc9e4292bc6ddb183afd2291e64b5f5cd75dab9ce6807086a8ad12d8422250563fa36c4a048d7e3aa8f5d80,07/22/2025 06:30:00 AM,1,DRIVER,,2013198,,BMW,BMW,IL,2019,UNKNOWN,PASSENGER,UNKNOWN/NA,E,TURNING RIGHT,,,1,,,,,,,,,Y,,,,,,,,,REAR-RIGHT-CORNER,,,,,,,,,,,,,,,,,,,,,,,,,,,,,,,,,
2111790,777385abf4edec20933693cbcb141a073d15f6a33bc9e4292bc6ddb183afd2291e64b5f5cd75dab9ce6807086a8ad12d8422250563fa36c4a048d7e3aa8f5d80,07/22/2025 06:30:00 AM,2,DRIVER,,2013202,,TOYOTA,CAMRY,IL,2011,UNKNOWN,PASSENGER,UNKNOWN/NA,E,TURNING RIGHT,,,1,,,,,,,,,,,,,,,Y,,,FRONT-LEFT-CORNER,,,,,,,,,,,,,,,,,,,,,,,,,,,,,,,,,
2111781,cf02ed6c2557c0c1a6185847da003faf3d8215cce0cdd952fbb62c39c9ba7858dc930f0c06e6e50bdf16019203b767e410d4176944007150bcb59643411d78d4,07/22/2025 06:30:00 AM,1,DRIVER,,2013183,,JEEP,PATRIOT,IL,2015,UNKNOWN,SPORT UTILITY VEHICLE (SUV),UNKNOWN/NA,E,STRAIGHT AHEAD,,,1,,,,,,,,,,,,,,,Y,,,FRONT-LEFT-CORNER,,,,,,,,,,,,,,,,,,,,,,,,,,,,,,,,,
2111782,cf02ed6c2557c0c1a6185847da003faf3d8215cce0cdd952fbb62c39c9ba7858dc930f0c06e6e50bdf16019203b767e410d4176944007150bcb59643411d78d4,07/22/2025 06:30:00 AM,2,DRIVER,,2013186,,FORD,FUSION,IL,2020,UNKNOWN,PASSENGER,PERSONAL,E,STRAIGHT AHEAD,,,1,,,,,,,Y,Y,,,,,,,,,,SIDE-RIGHT,,,,,,,,,,,,,,,,,,,,,,,,,,,,,,,,,
2111791,efc965b4cf937eb6f09b80be1247f4639b5ca2d67f77a8c6d269a00ebbb04189e70fbbda0ecbac395325606b085bcc5958e677d2fc7d3e44153270cf89fb068e,07/22/2025 06:28:00 AM,1,DRIVER,,2013192,,FORD,FUSION,IL,2020,NONE,PASSENGER,PERSONAL,E,PASSING/OVERTAKING,,,1,,,,,,,,Y,,,,,,,,,,SIDE-RIGHT-REAR,,,,,,,,,,,,,,,,,,,,,,,,,,,,,,,,,
2111792,efc965b4cf937eb6f09b80be1247f4639b5ca2d67f77a8c6d269a00ebbb04189e70fbbda0ecbac395325606b085bcc5958e677d2fc7d3e44153270cf89fb068e,07/22/2025 06:28:00 AM,2,DRIVER,,2013194,,JEEP,PATRIOT,IL,2015,NONE,PASSENGER,PERSONAL,E,STRAIGHT AHEAD,,,1,,,,,,,,,,,,,,,Y,,,FRONT-LEFT-CORNER,,,,,,,,,,,,,,,,,,,,,,,,,,,,,,,,,
2112131,e98f84074cd55769b31ad7189e99b0bb8eb76aa9bbea5e532fab8e15dbb530b9aaee0e467f5ed7dc908075fc92621bb1a487c630bbd8e9fe901c5666e1b5529e,07/22/2025 06:21:00 AM,1,DRIVER,,2013498,,TOYOTA,CAMRY,IL,2021,UNKNOWN,PASSENGER,UNKNOWN/NA,W,STRAIGHT AHEAD,,,1,,,,,,,,,,,,,,,,,,UNKNOWN,,,,,,,,,,,,,,,,,,,,,,,,,,,,,,,,,
2112132,e98f84074cd55769b31ad7189e99b0bb8eb76aa9bbea5e532fab8e15dbb530b9aaee0e467f5ed7dc908075fc92621bb1a487c630bbd8e9fe901c5666e1b5529e,07/22/2025 06:21:00 AM,2,DRIVER,,2013505,,ACURA,TLX,NY,2004,UNKNOWN,PASSENGER,PERSONAL,W,PASSING/OVERTAKING,,,1,,,,,,,,,,Y,,,,,,,,REAR,,,,,,,,,,,,,,,,,,,,,,,,,,,,,,,,,
2111785,a93392cfd85e9dcefb77acdc5ba7ee5190eed75d2b3519942581b12e4ad0d32002aeb1e1ac65adf7f35b20109ba1658f7aa696de29469ee260ca34328392b785,07/22/2025 06:20:00 AM,1,DRIVER,,2013184,,CHEVROLET,TAHOE,,2002,UNKNOWN,SPORT UTILITY VEHICLE (SUV),UNKNOWN/NA,N,PASSING/OVERTAKING,,,1,,,,,,,,,,,,,,,,,Y,SIDE-LEFT-FRONT,,,,,,,,,,,,,,,,,,,,,,,,,,,,,,,,,
2111786,a93392cfd85e9dcefb77acdc5ba7ee5190eed75d2b3519942581b12e4ad0d32002aeb1e1ac65adf7f35b20109ba1658f7aa696de29469ee260ca34328392b785,07/22/2025 06:20:00 AM,2,DRIVER,,2013188,,FORD,TRANSIT,IL,2024,NONE,VAN/MINI-VAN,OTHER,N,STRAIGHT AHEAD,,,1,,,,,,,,,,,,,,,,,N,SIDE-RIGHT-FRONT,,,,,,,,,,,,,,,,,,,,,,,,,,,,,,,,,
2112576,cc1da8ae53cad443509d2ac7611163a14041047e4ce6802943886c831c026e597f13f488a77feffc6fd198f42a1e725c76337b2ca4f776cfe22ac538738afed8,07/22/2025 06:10:00 AM,1,DRIVER,,2013938,,FREIGHTLINER CORPORATION,FREIGHTLINER CORP.,IL,2018,UNKNOWN,UNKNOWN/NA,OTHER,E,STRAIGHT AHEAD,,,1,,,,Y,,,,,,,,,,,,,,UNKNOWN,,,,,,,,,,,,,,,,,,,,,,,,,,,,,,,,,
2112577,cc1da8ae53cad443509d2ac7611163a14041047e4ce6802943886c831c026e597f13f488a77feffc6fd198f42a1e725c76337b2ca4f776cfe22ac538738afed8,07/22/2025 06:10:00 AM,2,DRIVER,,2013933,,MERCEDES-BENZ,280 SERIES,IL,2006,NONE,PASSENGER,PERSONAL,E,CHANGING LANES,,,1,,,,,,,,,,,Y,,,,,,,SIDE-LEFT-REAR,,,,,,,,,,,,,,,,,,,,,,,,,,,,,,,,,
2111797,6bf363da5f8a23083c68746f0c9f2d6110dde4025d3b29721e34650116b2759c7f0b865ee4900af846b54ab4d41285e50dd158c37fb24a9b031d1397d5bed2cf,07/22/2025 06:00:00 AM,1,DRIVER,1,2013197,,TOYOTA,SIENNA,,,UNKNOWN,VAN/MINI-VAN,UNKNOWN/NA,S,STRAIGHT AHEAD,,,2,,,,,,,,Y,Y,,,,,,,,,REAR-RIGHT-CORNER,,,,,,,,,,,,,,,,,,,,,,,,,,,,,,,,,
2111798,6bf363da5f8a23083c68746f0c9f2d6110dde4025d3b29721e34650116b2759c7f0b865ee4900af846b54ab4d41285e50dd158c37fb24a9b031d1397d5bed2cf,07/22/2025 06:00:00 AM,2,DRIVER,,2013200,,TOYOTA,CAMRY,IL,2007,NONE,PASSENGER,PERSONAL,E,STRAIGHT AHEAD,,,1,,,,,,,,,,,,,,,,Y,,FRONT,,,,,,,,,,,,,,,,,,,,,,,,,,,,,,,,,
2111774,b49e81452f054085c63bf56f5bf3ba5515640c2d46e73751d9c2673b960b7d44e1480555f8a73e63582db760ea915ca3b58e6b0f4b959a94b988db1d45fa9217,07/22/2025 06:00:00 AM,1,DRIVER,,2013173,,JEEP,GRAND CHEROKEE,IL,2011,UNKNOWN,PASSENGER,PERSONAL,E,STRAIGHT AHEAD,Y,,1,,,,,,,,,,,,,,,,,,FRONT-LEFT-CORNER,,,,,,,,,,,,,,,,,,,,,,,,,,,,,,,,,
2111775,b49e81452f054085c63bf56f5bf3ba5515640c2d46e73751d9c2673b960b7d44e1480555f8a73e63582db760ea915ca3b58e6b0f4b959a94b988db1d45fa9217,07/22/2025 06:00:00 AM,2,PARKED,,2013174,,FORD,FUSION,IL,2014,UNKNOWN,PASSENGER,UNKNOWN/NA,E,PARKED,,,0,,,,,,,,,,,Y,Y,,,Y,,,REAR-LEFT-CORNER,,,,,,,,,,,,,,,,,,,,,,,,,,,,,,,,,
2111776,b49e81452f054085c63bf56f5bf3ba5515640c2d46e73751d9c2673b960b7d44e1480555f8a73e63582db760ea915ca3b58e6b0f4b959a94b988db1d45fa9217,07/22/2025 06:00:00 AM,3,PARKED,,2013176,,VOLKSWAGEN,JETTA,IL,2009,UNKNOWN,PASSENGER,PERSONAL,E,PARKED,,,0,,,,,,,,,,Y,,,,,,,,REAR,,,,,,,,,,,,,,,,,,,,,,,,,,,,,,,,,
2111769,04d5b3eae46687da7a888238b05b211e25908928f876e70eaa0e4c82e9570755aad5a376903078993c337e3d6c873337260aecc488acdf03c0b7666f4a5554ef,07/22/2025 05:55:00 AM,1,DRIVER,,2013160,,UNKNOWN,OTHER (EXPLAIN IN NARRATIVE),,,UNKNOWN,UNKNOWN/NA,UNKNOWN/NA,NW,UNKNOWN/NA,,,1,,,,,,,,,,,,,,,,,Y,UNKNOWN,,,,,,,,,,,,,,,,,,,,,,,,,,,,,,,,,
2111770,04d5b3eae46687da7a888238b05b211e25908928f876e70eaa0e4c82e9570755aad5a376903078993c337e3d6c873337260aecc488acdf03c0b7666f4a5554ef,07/22/2025 05:55:00 AM,2,PARKED,,2013162,,DODGE,OTHER (EXPLAIN IN NARRATIVE),IL,2017,NONE,VAN/MINI-VAN,COMMERCIAL - SINGLE UNIT,E,PARKED,,,0,,,,,,,,,,,Y,,,,,,,REAR-LEFT-CORNER,,,,,,,,,,,,,,,,,,,,,,,,,,,,,,,,,
2112202,954326e15ece69ce63388fbc714cd96b2b34c8e72bc983f7220f2c28d13aa2b6e067e81650388b482ecb6613dbf9b0409ba36698aaa1185aaadcb4fff6d0693d,07/22/2025 05:45:00 AM,1,DRIVER,,2013562,,UNKNOWN,OTHER (EXPLAIN IN NARRATIVE),,,UNKNOWN,UNKNOWN/NA,UNKNOWN/NA,N,UNKNOWN/NA,,,1,,,,,,,,,,,,,,,,,Y,UNKNOWN,,,,,,,,,,,,,,,,,,,,,,,,,,,,,,,,,
2112203,954326e15ece69ce63388fbc714cd96b2b34c8e72bc983f7220f2c28d13aa2b6e067e81650388b482ecb6613dbf9b0409ba36698aaa1185aaadcb4fff6d0693d,07/22/2025 05:45:00 AM,2,PARKED,,2013567,,NISSAN,ROGUE,IL,2018,NONE,SPORT UTILITY VEHICLE (SUV),NOT IN USE,N,PARKED,,,0,,,,,,,,,,,N,N,N,Y,Y,Y,,UNKNOWN,,,,,,,,,,,,,,,,,,,,,,,,,,,,,,,,,
2111858,51e4f1cb16fd24317fb4a38cfc6912023306ddbe29609e6bf3eac919ecc79d32f72cd6977ade1cce7480909b0a9a137b87946304b50575ad5a3a0c9cace004b5,07/22/2025 05:40:00 AM,1,DRIVER,,2013257,,VANGUARD (CANADA),DELUXE,IL,2021,NONE,TRACTOR W/ SEMI-TRAILER,OTHER,N,ENTERING TRAFFIC LANE FROM PARKING,,,1,,,,,,,,,,,,,,,,,,SIDE-RIGHT-REAR,,,,,,,,,,,,,,,,,,,,,,,,,,,,,,,,,
2111859,51e4f1cb16fd24317fb4a38cfc6912023306ddbe29609e6bf3eac919ecc79d32f72cd6977ade1cce7480909b0a9a137b87946304b50575ad5a3a0c9cace004b5,07/22/2025 05:40:00 AM,2,PARKED,1,2013262,,FREIGHTLINER CORPORATION,FREIGHTLINER CORP.,IN,2022,NONE,TRACTOR W/ SEMI-TRAILER,NOT IN USE,N,PARKED,,,1,,,,,,,,,,,,,,,Y,,,FRONT-LEFT-CORNER,,,,,,,,,,,,,,,,,,,,,,,,,,,,,,,,,
2111762,b82f8ea666af9c8fbc565f95ce8f8cfe2ee96a26daa875751b319271666b7053762a5cca60530787fabe9244f338451ae54b77acca9c7bc7fc7e9212b60a39da,07/22/2025 05:28:00 AM,1,DRIVER,,2013165,,TOYOTA,PRIUS,IL,2013,NONE,PASSENGER,PERSONAL,N,STRAIGHT AHEAD,Y,,1,,PRIVATE TOW,HOME ADDRESS,,Y,Y,Y,,,,,,,,,,,FRONT-LEFT-CORNER,,,,,,,,,,,,,,,,,,,,,,,,,,,,,,,,,
2111763,b82f8ea666af9c8fbc565f95ce8f8cfe2ee96a26daa875751b319271666b7053762a5cca60530787fabe9244f338451ae54b77acca9c7bc7fc7e9212b60a39da,07/22/2025 05:28:00 AM,2,PARKED,,2013168,,CHEVROLET,GMT400,WI,2005,NONE,VAN/MINI-VAN,NOT IN USE,N,PARKED,,,0,,,,,,,,,,,Y,Y,Y,Y,Y,,,SIDE-LEFT,,,,,,,,,,,,,,,,,,,,,,,,,,,,,,,,,
2112078,767d562b1e38d722abcbd2b14dce0f48a13cf2359134ed38bf7be436f23abb151b4c91d4840a65295f4159a1b407ce1eb811648e6a2d2631bb97b8ce2e1d3544,07/22/2025 05:00:00 AM,1,DRIVER,,2013450,,UNKNOWN,OTHER (EXPLAIN IN NARRATIVE),,,UNKNOWN,UNKNOWN/NA,UNKNOWN/NA,N,UNKNOWN/NA,,,1,,,,,,,,,,,,,,,,,Y,UNKNOWN,,,,,,,,,,,,,,,,,,,,,,,,,,,,,,,,,
2112079,767d562b1e38d722abcbd2b14dce0f48a13cf2359134ed38bf7be436f23abb151b4c91d4840a65295f4159a1b407ce1eb811648e6a2d2631bb97b8ce2e1d3544,07/22/2025 05:00:00 AM,2,PARKED,,2013470,,MITSUBISHI,OTHER (EXPLAIN IN NARRATIVE),IL,2015,UNKNOWN,PASSENGER,PERSONAL,N,PARKED,,,0,,,,,Y,,,,Y,N,,,,,,N,,REAR-RIGHT-CORNER,,,,,,,,,,,,,,,,,,,,,,,,,,,,,,,,,
2111845,669006391f7b93e499c56057368a7f25fdd6ab2a79d6502e96022e60621f298b303ac40737fb20a51c3fabc87ce10a4c45fe15468288c2e3e20e6886dffc2680,07/22/2025 04:43:00 AM,1,DRIVER,,2013240,,UNKNOWN,OTHER (EXPLAIN IN NARRATIVE),IL,,UNKNOWN,UNKNOWN/NA,UNKNOWN/NA,N,TURNING LEFT,,,1,,,,,,,,,,,,,,,,,Y,UNKNOWN,,,,,,,,,,,,,,,,,,,,,,,,,,,,,,,,,
2111846,669006391f7b93e499c56057368a7f25fdd6ab2a79d6502e96022e60621f298b303ac40737fb20a51c3fabc87ce10a4c45fe15468288c2e3e20e6886dffc2680,07/22/2025 04:43:00 AM,2,DRIVER,,2013246,,CHEVROLET,EQUINOX,MI,2020,NONE,PASSENGER,OTHER,E,TURNING RIGHT,,,1,,,,N,Y,,,,,,,,,,Y,Y,,FRONT-RIGHT-CORNER,,,,,,,,,,,,,,,,,,,,,,,,,,,,,,,,,
2111764,b8c241ec0f226ffb8e782b9def8e9bedc5e46686a4caf4b055ad99f54b0db275797e01ca7684105be6468a937ede9d5ad377f3768a3ab93e20d8b60acaa929ca,07/22/2025 04:40:00 AM,1,DRIVER,,2013163,,HYUNDAI,TUCSON,MD,2024,UNKNOWN,PASSENGER,PERSONAL,E,STRAIGHT AHEAD,Y,,1,,CPD,POUND 2,,Y,,,,,,,,,,,Y,,FRONT-RIGHT-CORNER,,,,,,,,,,,,,,,,,,,,,,,,,,,,,,,,,
2111765,b8c241ec0f226ffb8e782b9def8e9bedc5e46686a4caf4b055ad99f54b0db275797e01ca7684105be6468a937ede9d5ad377f3768a3ab93e20d8b60acaa929ca,07/22/2025 04:40:00 AM,2,PARKED,,2013167,,DODGE,OTHER (EXPLAIN IN NARRATIVE),IL,2024,UNKNOWN,PASSENGER,TOW TRUCK,E,PARKED,,,0,,,,,,,,,,,Y,Y,Y,Y,Y,,,REAR-LEFT-CORNER,,,,,,,,,,,,,,,,,,,,,,,,,,,,,,,,,
2111766,b8c241ec0f226ffb8e782b9def8e9bedc5e46686a4caf4b055ad99f54b0db275797e01ca7684105be6468a937ede9d5ad377f3768a3ab93e20d8b60acaa929ca,07/22/2025 04:40:00 AM,3,PARKED,,2013170,,MERCEDES-BENZ,OTHER (EXPLAIN IN NARRATIVE),IL,2015,UNKNOWN,PASSENGER,PERSONAL,E,PARKED,,,0,,,,,,,,,,,,,Y,Y,Y,Y,,REAR-LEFT-CORNER,,,,,,,,,,,,,,,,,,,,,,,,,,,,,,,,,
2111767,b8c241ec0f226ffb8e782b9def8e9bedc5e46686a4caf4b055ad99f54b0db275797e01ca7684105be6468a937ede9d5ad377f3768a3ab93e20d8b60acaa929ca,07/22/2025 04:40:00 AM,4,PARKED,,2013175,,DODGE,OTHER (EXPLAIN IN NARRATIVE),IL,2008,UNKNOWN,PASSENGER,PERSONAL,E,PARKED,,,0,,,,,,,,,,Y,,,Y,Y,Y,Y,,SIDE-LEFT-REAR,,,,,,,,,,,,,,,,,,,,,,,,,,,,,,,,,
2111768,b8c241ec0f226ffb8e782b9def8e9bedc5e46686a4caf4b055ad99f54b0db275797e01ca7684105be6468a937ede9d5ad377f3768a3ab93e20d8b60acaa929ca,07/22/2025 04:40:00 AM,5,PARKED,,2013187,,CADILLAC,ESCALADE,IL,2017,UNKNOWN,PASSENGER,PERSONAL,E,PARKED,,,0,,,,,,,,,,Y,Y,,,,,,,SIDE-LEFT-REAR,,,,,,,,,,,,,,,,,,,,,,,,,,,,,,,,,
2111865,36120b0ca60557cfa027bceadd262ca8dee4abb311d22d567b72dcec2370cb55c727cf4daf7bb8ea94a3b6a7c2a18129b10e81d67b420076e64024197eacb7c2,07/22/2025 04:30:00 AM,1,DRIVER,,2013256,,UNKNOWN,OTHER (EXPLAIN IN NARRATIVE),,,UNKNOWN,UNKNOWN/NA,UNKNOWN/NA,UNKNOWN,UNKNOWN/NA,,,1,,,,,Y,Y,,,,,,,,,,,Y,FRONT-RIGHT-CORNER,,,,,,,,,,,,,,,,,,,,,,,,,,,,,,,,,
2111866,36120b0ca60557cfa027bceadd262ca8dee4abb311d22d567b72dcec2370cb55c727cf4daf7bb8ea94a3b6a7c2a18129b10e81d67b420076e64024197eacb7c2,07/22/2025 04:30:00 AM,2,PARKED,,2013261,,CHEVROLET,IMPALA,IL,2015,NONE,PASSENGER,PERSONAL,S,PARKED,,,0,,,,,,,,,,,Y,Y,,,,,,SIDE-LEFT-REAR,,,,,,,,,,,,,,,,,,,,,,,,,,,,,,,,,
2111756,f532832d14e06b8fdf4bf921748213e4c0581822fa53e4e88739c3368d46881032f053379a0f963fe15104b2fcfdfbcf661fd855abfa1d0c4d22f639793394a2,07/22/2025 03:50:00 AM,1,DRIVER,,2013156,,CHEVROLET,OTHER (EXPLAIN IN NARRATIVE),XX,,UNKNOWN,UNKNOWN/NA,UNKNOWN/NA,W,STRAIGHT AHEAD,,,1,,,,,,,,,,,,,,,,Y,,FRONT,,,,,,,,,,,,,,,,,,,,,,,,,,,,,,,,,
2111757,f532832d14e06b8fdf4bf921748213e4c0581822fa53e4e88739c3368d46881032f053379a0f963fe15104b2fcfdfbcf661fd855abfa1d0c4d22f639793394a2,07/22/2025 03:50:00 AM,2,PEDESTRIAN,,,,,,,,,,,,,,,,,,,,,,,,,,,,,,,,,,,,,,,,,,,,,,,,,,,,,,,,,,,,,,,,,,
2113666,9090621a4a483a721a344c85ae7c64db5e2109b18a1b10c52b8135735bb6277801c097b89624c03eee83a92068a34d0e253438580be7233bcdb5205dff3e641b,07/22/2025 03:10:00 AM,1,DRIVER,,2014990,,UNKNOWN,OTHER (EXPLAIN IN NARRATIVE),,,NONE,UNKNOWN/NA,UNKNOWN/NA,UNKNOWN,STRAIGHT AHEAD,,,1,,,,,,,,,,,,,,,,,Y,UNKNOWN,,,,,,,,,,,,,,,,,,,,,,,,,,,,,,,,,
2113667,9090621a4a483a721a344c85ae7c64db5e2109b18a1b10c52b8135735bb6277801c097b89624c03eee83a92068a34d0e253438580be7233bcdb5205dff3e641b,07/22/2025 03:10:00 AM,2,PARKED,,2014999,,JEEP,RENEGADE,IL,2018,NONE,PASSENGER,PERSONAL,E,PARKED,,,0,,,,,,,,,,,,,,,Y,Y,,SIDE-LEFT,,,,,,,,,,,,,,,,,,,,,,,,,,,,,,,,,
2111806,a27ae147a6c662e5a849e40c4394d3b6839eb098c38c316b9ad0763ef54772525085c4aff122f961f957297418f01f2777cf1db049d9fad5dd2fddef463d7f47,07/22/2025 02:28:00 AM,1,DRIVER,,2013207,,HONDA,FIT,IL,,UNKNOWN,PASSENGER,UNKNOWN/NA,N,STRAIGHT AHEAD,,,1,,,,,,,,,,,,,,,,,Y,UNKNOWN,,,,,,,,,,,,,,,,,,,,,,,,,,,,,,,,,
2111807,a27ae147a6c662e5a849e40c4394d3b6839eb098c38c316b9ad0763ef54772525085c4aff122f961f957297418f01f2777cf1db049d9fad5dd2fddef463d7f47,07/22/2025 02:28:00 AM,2,PARKED,,2013208,,DODGE,RAM 1500 PU,IL,2001,NONE,PICKUP,NOT IN USE,N,PARKED,,,0,,,,,,,,,,,,Y,Y,Y,,,,SIDE-LEFT,,,,,,,,,,,,,,,,,,,,,,,,,,,,,,,,,