CRASH_UNIT_ID,CRASH_RECORD_ID,CRASH_DATE,UNIT_NO,UNIT_TYPE,NUM_PASSENGERS,VEHICLE_ID,CMRC_VEH_I,MAKE,MODEL,LIC_PLATE_STATE,VEHICLE_YEAR,VEHICLE_DEFECT,VEHICLE_TYPE,VEHICLE_USE,TRAVEL_DIRECTION,MANEUVER,TOWED_I,FIRE_I,OCCUPANT_CNT,EXCEED_SPEED_LIMIT_I,TOWED_BY,TOWED_TO,AREA_00_I,AREA_01_I,AREA_02_I,AREA_03_I,AREA_04_I,AREA_05_I,AREA_06_I,AREA_07_I,AREA_08_I,AREA_09_I,AREA_10_I,AREA_11_I,AREA_12_I,AREA_99_I,FIRST_CONTACT_POINT,CMV_ID,USDOT_NO,CCMC_NO,ILCC_NO,COMMERCIAL_SRC,GVWR,CARRIER_NAME,CARRIER_STATE,CARRIER_CITY,HAZMAT_PLACARDS_I,HAZMAT_NAME,UN_NO,HAZMAT_PRESENT_I,HAZMAT_REPORT_I,HAZMAT_REPORT_NO,MCS_REPORT_I,MCS_REPORT_NO,HAZMAT_VIO_CAUSE_CRASH_I,MCS_VIO_CAUSE_CRASH_I,IDOT_PERMIT_NO,WIDE_LOAD_I,TRAILER1_WIDTH,TRAILER2_WIDTH,TRAILER1_LENGTH,TRAILER2_LENGTH,TOTAL_VEHICLE_LENGTH,AXLE_CNT,VEHICLE_CONFIG,CARGO_BODY_TYPE,LOAD_TYPE,HAZMAT_OUT_OF_SERVICE_I,MCS_OUT_OF_SERVICE_I,HAZMAT_CLASS
2111750,aaa8047f8d46de36c6aa6772eb23fd4fbba485ea7fe8b10fd3f1efe01829f860ce6efcb4b5ea550a21ec4a393671721ffeb1cc28b187f6a322c498f4681435c6,07/22/2025 02:10:00 AM,1,DRIVER,,2013152,,JEEP,CHEROKEE,IL,2018,UNKNOWN,PASSENGER,UNKNOWN/NA,N,DRIVING WRONG WAY,Y,,1,,private tow,unknown,,N,,,,,,,,,,N,N,,FRONT-LEFT-CORNER,,,,,,,,,,,,,,,,,,,,,,,,,,,,,,,,,
2112286,b641335c4ac4c11d8213ef9ac8d3e2bb589cf42b05de834259d69ee570d251e4b697bca19233fd8d8c686b7c9220e729dd89fa437bb1206cff1f08ff0b53ef4c,07/22/2025 02:00:00 AM,1,DRIVER,,2013652,,UNKNOWN,MOTORIZED,,,UNKNOWN,UNKNOWN/NA,UNKNOWN/NA,E,UNKNOWN/NA,,,1,,,,,,,,,,,,,,,,Y,,FRONT,,,,,,,,,,,,,,,,,,,,,,,,,,,,,,,,,
2112287,b641335c4ac4c11d8213ef9ac8d3e2bb589cf42b05de834259d69ee570d251e4b697bca19233fd8d8c686b7c9220e729dd89fa437bb1206cff1f08ff0b53ef4c,07/22/2025 02:00:00 AM,2,PARKED,,2013654,,FORD,ESCAPE,IL,2018,NONE,PASSENGER,PERSONAL,E,PARKED,Y,,0,,private,,,,,,,,Y,Y,Y,Y,,,,,REAR-LEFT-CORNER,,,,,,,,,,,,,,,,,,,,,,,,,,,,,,,,,
2111752,b8636a3a47f0a4ed870156a2326354f269514fb2a2add0774cace5466c31e35610582da5d92fa0a13d748c4596001d3409daf6a54e3e33cf9a66b820bb403085,07/22/2025 01:57:00 AM,2,PARKED,,2013161,,INFINITI,QX80,IL,2016,NONE,SPORT UTILITY VEHICLE (SUV),PERSONAL,N,PARKED,,,0,,,,,,,,Y,Y,Y,,,,,,,,REAR-RIGHT-CORNER,,,,,,,,,,,,,,,,,,,,,,,,,,,,,,,,,
2111753,b8636a3a47f0a4ed870156a2326354f269514fb2a2add0774cace5466c31e35610582da5d92fa0a13d748c4596001d3409daf6a54e3e33cf9a66b820bb403085,07/22/2025 01:57:00 AM,3,PARKED,,2013164,,NISSAN,ALTIMA,IL,2013,NONE,PASSENGER,PERSONAL,N,PARKED,,,0,,,,,,,,,Y,Y,Y,,,,,,,REAR,,,,,,,,,,,,,,,,,,,,,,,,,,,,,,,,,
2111754,b8636a3a47f0a4ed870156a2326354f269514fb2a2add0774cace5466c31e35610582da5d92fa0a13d748c4596001d3409daf6a54e3e33cf9a66b820bb403085,07/22/2025 01:57:00 AM,1,DRIVER,,2013155,,HONDA,PILOT,IL,2003,NONE,PASSENGER,PERSONAL,N,TURNING RIGHT,Y,,1,,SELF,,,,,,,,,,,Y,Y,Y,Y,,FRONT-LEFT-CORNER,,,,,,,,,,,,,,,,,,,,,,,,,,,,,,,,,
2112347,da6ced74c4ce34e80e67e87dfaf95336a0ef96faf30887038a4e835ec33c1f2a1d3a7a8e586ada70362144c8afbe44ebdcbb8f2c9fe29bd7d9f609b60fa27bd3,07/22/2025 01:30:00 AM,1,DRIVER,,2013716,,UNKNOWN,OTHER (EXPLAIN IN NARRATIVE),,,UNKNOWN,PASSENGER,UNKNOWN/NA,UNKNOWN,UNKNOWN/NA,,,1,,,,,,,,,,,,,,,,,Y,UNKNOWN,,,,,,,,,,,,,,,,,,,,,,,,,,,,,,,,,
2112348,da6ced74c4ce34e80e67e87dfaf95336a0ef96faf30887038a4e835ec33c1f2a1d3a7a8e586ada70362144c8afbe44ebdcbb8f2c9fe29bd7d9f609b60fa27bd3,07/22/2025 01:30:00 AM,2,PARKED,,2013717,,GENESIS,G80,IN,2022,NONE,PASSENGER,PERSONAL,S,PARKED,,,0,,,,,Y,Y,,,,,,,,,,,,FRONT-RIGHT-CORNER,,,,,,,,,,,,,,,,,,,,,,,,,,,,,,,,,
2112566,f1e3f2ed2a0dc94bede34bac3cd4225feea28dd98b292c47bafae796346e639e1ca155359f93349ec9a00b7725e52be1bd3798c9a0f35138053da9fee832f627,07/22/2025 01:00:00 AM,1,DRIVER,,2013925,,UNKNOWN,ENCLOSED BODY,,,UNKNOWN,UNKNOWN/NA,UNKNOWN/NA,UNKNOWN,UNKNOWN/NA,,,1,,,,,,,,,,,,,,,,,Y,UNKNOWN,,,,,,,,,,,,,,,,,,,,,,,,,,,,,,,,,
2112567,f1e3f2ed2a0dc94bede34bac3cd4225feea28dd98b292c47bafae796346e639e1ca155359f93349ec9a00b7725e52be1bd3798c9a0f35138053da9fee832f627,07/22/2025 01:00:00 AM,2,DRIVERLESS,,2013996,,TOYOTA,CAMRY,IL,2010,NONE,PASSENGER,PERSONAL,W,PARKED,,,0,,,,,,,,,,,Y,Y,,,,,,REAR-LEFT-CORNER,,,,,,,,,,,,,,,,,,,,,,,,,,,,,,,,,
2111737,28d52d5c5f1353f3976e706cd34ff1c94cd797c2628633576952cfcabf370dc0bfd903faa82392ce8ba0940723f9e2c921d8d4cb9dfe11ce1c7edf67e9c779ee,07/22/2025 12:40:00 AM,1,DRIVER,,2013135,,KIA,OTHER (EXPLAIN IN NARRATIVE),,,UNKNOWN,PASSENGER,UNKNOWN/NA,S,PASSING/OVERTAKING,,,1,,,,,,,,,,,,,Y,Y,,,,SIDE-LEFT,,,,,,,,,,,,,,,,,,,,,,,,,,,,,,,,,
2111738,28d52d5c5f1353f3976e706cd34ff1c94cd797c2628633576952cfcabf370dc0bfd903faa82392ce8ba0940723f9e2c921d8d4cb9dfe11ce1c7edf67e9c779ee,07/22/2025 12:40:00 AM,2,DRIVER,,2013141,,CHEVROLET,MALIBU,VA,2023,UNKNOWN,PASSENGER,RIDESHARE SERVICE,S,STRAIGHT AHEAD,,,1,,,,,,Y,,,,,,,,,,,,SIDE-RIGHT-FRONT,,,,,,,,,,,,,,,,,,,,,,,,,,,,,,,,,
2112224,77ca21cb86d2fbf162776658fa7aa550a5bb9af0095f00497b3b6c04ba5dfd50cb6f1f81537ea7c66b59097d0df1adead1d522373d3c30873f21602469216095,07/22/2025 12:39:00 AM,1,DRIVER,,2013587,,HONDA,OTHER (EXPLAIN IN NARRATIVE),IL,2017,UNKNOWN,PASSENGER,PERSONAL,W,BACKING,,,1,,,,,,,,,,,,,,,,,Y,UNKNOWN,,,,,,,,,,,,,,,,,,,,,,,,,,,,,,,,,
2112225,77ca21cb86d2fbf162776658fa7aa550a5bb9af0095f00497b3b6c04ba5dfd50cb6f1f81537ea7c66b59097d0df1adead1d522373d3c30873f21602469216095,07/22/2025 12:39:00 AM,2,PARKED,,2013588,,JEEP,WRANGLER,IL,2007,NONE,PASSENGER,PERSONAL,W,PARKED,,,0,,,,,Y,,,,,,,,,,Y,Y,,FRONT,,,,,,,,,,,,,,,,,,,,,,,,,,,,,,,,,
2111743,ba8684f5c0bd27d5f579a0aef43ab2c42726e3ca5bd618ba22aeef9becdb4d9e5bf3f91a5048db6e7f124d2ae255fcf3ad702c67a11a23e11c367f29e3ad832f,07/22/2025 12:35:00 AM,1,DRIVER,,2013145,,BUICK,OTHER (EXPLAIN IN NARRATIVE),IL,,NONE,PASSENGER,PERSONAL,N,OTHER,,,1,,,,,,,,,,,,,,,,,Y,UNKNOWN,,,,,,,,,,,,,,,,,,,,,,,,,,,,,,,,,
2111744,ba8684f5c0bd27d5f579a0aef43ab2c42726e3ca5bd618ba22aeef9becdb4d9e5bf3f91a5048db6e7f124d2ae255fcf3ad702c67a11a23e11c367f29e3ad832f,07/22/2025 12:35:00 AM,2,DRIVER,,2013146,,NISSAN,ROGUE,IL,2011,NONE,PASSENGER,PERSONAL,N,TURNING LEFT,,,1,,,,,Y,Y,,,,,,,,,,,,FRONT-RIGHT-CORNER,,,,,,,,,,,,,,,,,,,,,,,,,,,,,,,,,
2115441,91088a6f60ff5e28ee80dbc4581660849d3fe9bbe77d157f1b1b2b5c37f0a6f4898c2fe1eb7b51e4eb48b554705fd718146a3973b2fb26baab597d69c2eab978,07/22/2025 12:24:00 AM,1,DRIVER,,2016666,,DODGE,CHARGER,IL,2023,NONE,PASSENGER,PERSONAL,S,STRAIGHT AHEAD,Y,,1,,city of chicago,10301 s doty ave,,Y,Y,Y,,,,,,Y,Y,Y,Y,,FRONT,,,,,,,,,,,,,,,,,,,,,,,,,,,,,,,,,
2111741,e1184747ca6578dbbf83bf8d1fea671faa391743221ff0b81afb15ca6f92acff374b194a301e6bdb52716f26539662161a680184884a0d4c8d68955cd8bd4cbb,07/22/2025 12:22:00 AM,1,DRIVER,,2013147,,SATURN,ION,IL,2006,UNKNOWN,PASSENGER,PERSONAL,S,STRAIGHT AHEAD,Y,,1,,CITY OF CHICAGO,DOTY RHODE,,Y,Y,Y,Y,Y,,N,N,N,N,N,,,FRONT-RIGHT-CORNER,,,,,,,,,,,,,,,,,,,,,,,,,,,,,,,,,
2111742,e1184747ca6578dbbf83bf8d1fea671faa391743221ff0b81afb15ca6f92acff374b194a301e6bdb52716f26539662161a680184884a0d4c8d68955cd8bd4cbb,07/22/2025 12:22:00 AM,2,PARKED,,2013148,,TOYOTA,CAMRY,IL,2012,UNKNOWN,PASSENGER,PERSONAL,S,PARKED,,,0,,,,,,,,,,Y,Y,Y,,,,,,REAR,,,,,,,,,,,,,,,,,,,,,,,,,,,,,,,,,
2112598,fc69b2b437f9dc5425fae7497040731f1f30603ecbbc0427b99da5bdb5d70889a28e2a6855c3241691d926677b971257c5f06a5e09f41567ccf73960c879bc69,07/22/2025 12:01:00 AM,1,DRIVER,,2013959,,UNKNOWN,OTHER (EXPLAIN IN NARRATIVE),,,UNKNOWN,UNKNOWN/NA,UNKNOWN/NA,UNKNOWN,UNKNOWN/NA,,,1,,,,,,,,,,,,,,,,,Y,UNKNOWN,,,,,,,,,,,,,,,,,,,,,,,,,,,,,,,,,
2112599,fc69b2b437f9dc5425fae7497040731f1f30603ecbbc0427b99da5bdb5d70889a28e2a6855c3241691d926677b971257c5f06a5e09f41567ccf73960c879bc69,07/22/2025 12:01:00 AM,2,PARKED,,2013955,,NISSAN,SENTRA,IL,2024,NONE,PASSENGER,PERSONAL,W,PARKED,,,0,,,,,,,,,,,,,,,,,,SIDE-LEFT,,,,,,,,,,,,,,,,,,,,,,,,,,,,,,,,,
2111729,35604cdd6221806bb869433e6c3698ed5326d35d5a53ccdd7424973d565dab42bfb86c8714cf8da8b8344045d25c1db89b69ad3870d918675ace597b92c23c19,07/22/2025 12:00:00 AM,1,DRIVER,,2013132,,TOYOTA,COROLLA,IL,2022,NONE,PASSENGER,PERSONAL,S,STRAIGHT AHEAD,Y,,1,,self tow,unk,,Y,Y,,,,,,,,,,,,FRONT-LEFT-CORNER,,,,,,,,,,,,,,,,,,,,,,,,,,,,,,,,,
2111730,35604cdd6221806bb869433e6c3698ed5326d35d5a53ccdd7424973d565dab42bfb86c8714cf8da8b8344045d25c1db89b69ad3870d918675ace597b92c23c19,07/22/2025 12:00:00 AM,2,PARKED,,2013136,,CHEVROLET,TRAVERSE,IL,2012,NONE,PASSENGER,NOT IN USE,S,PARKED IN TRAFFIC LANE,,,0,,,,,,,,,,,Y,Y,N,,,,,REAR-RIGHT-CORNER,,,,,,,,,,,,,,,,,,,,,,,,,,,,,,,,,
2111747,e0fca7c36a94d05c1a8a340cb59cbec4ef6e98eca5a4f8e2775e865fee81df8a7c499f388046d7714c253df0d67a06d57eeefe30eca2396c7318599d88087378,07/21/2025 11:38:00 PM,1,DRIVER,,2013150,,MAZDA,MAZDA3,IL,2012,UNKNOWN,PASSENGER,UNKNOWN/NA,E,BACKING,,,1,,,,,,,,,,Y,,,,,,,,REAR,,,,,,,,,,,,,,,,,,,,,,,,,,,,,,,,,
2111748,e0fca7c36a94d05c1a8a340cb59cbec4ef6e98eca5a4f8e2775e865fee81df8a7c499f388046d7714c253df0d67a06d57eeefe30eca2396c7318599d88087378,07/21/2025 11:38:00 PM,2,PARKED,,2013151,,NISSAN,NV200 COMPACT CARGO,IL,2014,NONE,VAN/MINI-VAN,PERSONAL,E,PARKED,,,0,,,,,,,,,,,,,,,,Y,,FRONT,,,,,,,,,,,,,,,,,,,,,,,,,,,,,,,,,
2111727,7d326d59cc8cad79a9bb72032f4bca96c7924389c363b0ba755397b841239a051e7c3c5aace1ad22ad321c6319107d7aa6278638552acb2816b020ce9159b4b5,07/21/2025 11:25:00 PM,1,DRIVER,,2013137,,CHEVROLET,BLAZER,IL,2019,UNKNOWN,SPORT UTILITY VEHICLE (SUV),PERSONAL,S,STRAIGHT AHEAD,Y,,1,,PRIVATE TOW,UNKNOWN,,Y,Y,Y,,,,,,,,,,,FRONT-RIGHT-CORNER,,,,,,,,,,,,,,,,,,,,,,,,,,,,,,,,,
2111728,7d326d59cc8cad79a9bb72032f4bca96c7924389c363b0ba755397b841239a051e7c3c5aace1ad22ad321c6319107d7aa6278638552acb2816b020ce9159b4b5,07/21/2025 11:25:00 PM,2,PARKED,,2013142,,DODGE,JOURNEY,IL,2012,UNKNOWN,SPORT UTILITY VEHICLE (SUV),PERSONAL,UNKNOWN,PARKED,,,0,,,,,,,,,,,Y,Y,,,,,,SIDE-LEFT-REAR,,,,,,,,,,,,,,,,,,,,,,,,,,,,,,,,,
2112909,6fe66eca284a2d42c0428c3abb9f01da2e5d0cadd4fbad96a2217bc596670d2d5df2351347a485fb060516b142fd1687983609bf4b0de41b590bcd9644ece647,07/21/2025 11:20:00 PM,1,DRIVER,,2014249,,DODGE,DURANGO,,,UNKNOWN,SPORT UTILITY VEHICLE (SUV),PERSONAL,W,STRAIGHT AHEAD,,,1,,,,,,,,,,,,,,,,Y,,FRONT,,,,,,,,,,,,,,,,,,,,,,,,,,,,,,,,,
2112910,6fe66eca284a2d42c0428c3abb9f01da2e5d0cadd4fbad96a2217bc596670d2d5df2351347a485fb060516b142fd1687983609bf4b0de41b590bcd9644ece647,07/21/2025 11:20:00 PM,2,DRIVER,,2014283,,DODGE,RAM 1500 PU,IL,2021,NONE,PICKUP,PERSONAL,W,SLOW/STOP IN TRAFFIC,,,1,,,,,,,,,,Y,,,,,,,,REAR,,,,,,,,,,,,,,,,,,,,,,,,,,,,,,,,,
2111735,10b3da62a3740a188d7a25c15b0068356db969034ef1e2aae9da145e17a074766c97ac3447dec6f7838d6e4949fef90f282da01bf30dff5acef47208822c2e59,07/21/2025 11:15:00 PM,1,DRIVER,,2013133,,NISSAN,MURANO,IL,2009,UNKNOWN,SPORT UTILITY VEHICLE (SUV),PERSONAL,S,STRAIGHT AHEAD,,,1,,,,,Y,,,,,,,,,,,,,FRONT-RIGHT-CORNER,,,,,,,,,,,,,,,,,,,,,,,,,,,,,,,,,
2111736,10b3da62a3740a188d7a25c15b0068356db969034ef1e2aae9da145e17a074766c97ac3447dec6f7838d6e4949fef90f282da01bf30dff5acef47208822c2e59,07/21/2025 11:15:00 PM,2,DRIVER,,2013139,,HYUNDAI,ELANTRA,IL,2025,NONE,PASSENGER,PERSONAL,W,STRAIGHT AHEAD,,,1,,,,,,,Y,,,,,,,,,,,SIDE-RIGHT,,,,,,,,,,,,,,,,,,,,,,,,,,,,,,,,,
2111719,571b1934537f1b7e6741e9c468544d8ae7e7fd2520bf6cd4f6e4e282955f30e216af36edaa9622a3cf90e7b34ee99226aa1f4c93d24fc5eb85f53e549b7be060,07/21/2025 11:10:00 PM,1,DRIVER,,2013122,,HYUNDAI,SANTA FE,IL,2022,UNKNOWN,SPORT UTILITY VEHICLE (SUV),PERSONAL,W,BACKING,,,1,,,,,,,,,,,,,,,,,Y,REAR,,,,,,,,,,,,,,,,,,,,,,,,,,,,,,,,,
2111720,571b1934537f1b7e6741e9c468544d8ae7e7fd2520bf6cd4f6e4e282955f30e216af36edaa9622a3cf90e7b34ee99226aa1f4c93d24fc5eb85f53e549b7be060,07/21/2025 11:10:00 PM,2,PARKED,2,2013126,,TOYOTA,PRIUS,IL,2013,UNKNOWN,PASSENGER,PERSONAL,S,PARKED,,,2,,,,,,,,,,,Y,,,,,,,REAR-LEFT-CORNER,,,,,,,,,,,,,,,,,,,,,,,,,,,,,,,,,
2112802,d9c18e3ef7258ad6474c3cdf0ccae33c280f8e1e1a006389e89205da294c42a243ffd676311478204aa0188047c902033089cecec4ebde27a197b55a115dfac0,07/21/2025 11:00:00 PM,1,DRIVER,,2014154,,UNKNOWN,OTHER (EXPLAIN IN NARRATIVE),,,UNKNOWN,UNKNOWN/NA,UNKNOWN/NA,E,UNKNOWN/NA,,,1,,,,,,,,,,,,,,,,,Y,UNKNOWN,,,,,,,,,,,,,,,,,,,,,,,,,,,,,,,,,
2112803,d9c18e3ef7258ad6474c3cdf0ccae33c280f8e1e1a006389e89205da294c42a243ffd676311478204aa0188047c902033089cecec4ebde27a197b55a115dfac0,07/21/2025 11:00:00 PM,2,DRIVER,,2014148,,CHEVROLET,EQUINOX,IL,2016,NONE,SPORT UTILITY VEHICLE (SUV),PERSONAL,N,STRAIGHT AHEAD,Y,,1,,unknown,,,,,,,,Y,Y,,,,,,,SIDE-LEFT-REAR,,,,,,,,,,,,,,,,,,,,,,,,,,,,,,,,,
2111745,cbdd989185d4a2b110d7f506244a7aeedc8be080f24551860ec2ed08e3ea0280a3b97d30c9634b7cef3a55dcab712677d33620b762bd606af52fb137d4d42dae,07/21/2025 10:50:00 PM,1,DRIVER,,2013149,,GENERAL MOTORS CORPORATION (GMC),YUKON,IL,2002,UNKNOWN,SPORT UTILITY VEHICLE (SUV),UNKNOWN/NA,S,CHANGING LANES,,,1,,,,,N,,,,,,,,,,,,Y,FRONT-RIGHT-CORNER,,,,,,,,,,,,,,,,,,,,,,,,,,,,,,,,,
2111746,cbdd989185d4a2b110d7f506244a7aeedc8be080f24551860ec2ed08e3ea0280a3b97d30c9634b7cef3a55dcab712677d33620b762bd606af52fb137d4d42dae,07/21/2025 10:50:00 PM,2,PEDESTRIAN,,,,,,,,,,,,,,,,,,,,,,,,,,,,,,,,,,,,,,,,,,,,,,,,,,,,,,,,,,,,,,,,,,
2111721,bbf53b58cbfea124d8e4bba643b9ebcbaa52bf878d259a3d66bf2fa208a7055b86d0ab713bb3781fdc6f5b1c2fef7b19f2b1ac20ef83cfd1aaca03bdf7c06787,07/21/2025 10:34:00 PM,1,NON-MOTOR VEHICLE,,,,,,,,,,,,,,,,,,,,,,,,,,,,,,,,,,,,,,,,,,,,,,,,,,,,,,,,,,,,,,,,,,
2111722,bbf53b58cbfea124d8e4bba643b9ebcbaa52bf878d259a3d66bf2fa208a7055b86d0ab713bb3781fdc6f5b1c2fef7b19f2b1ac20ef83cfd1aaca03bdf7c06787,07/21/2025 10:34:00 PM,2,DRIVER,,2013130,,HONDA,CR-V,IL,2022,UNKNOWN,SPORT UTILITY VEHICLE (SUV),PERSONAL,N,STRAIGHT AHEAD,,,1,,,,,,,,,,,,,,,Y,,,FRONT-LEFT-CORNER,,,,,,,,,,,,,,,,,,,,,,,,,,,,,,,,,
2111703,d977ae63ec13b2b3cdcee1df8d83e1ec7ce86dc7c4e2c2d4b471e76c381e98c6217c1b5c81ed6e723cabaf4f32c2d74ec65f096381eb1578dbc0b5ac9d0009cd,07/21/2025 10:25:00 PM,1,DRIVER,,2013107,,HONDA,HR-V,IL,2025,UNKNOWN,PASSENGER,UNKNOWN/NA,E,STRAIGHT AHEAD,Y,,1,,CHICAGO STREETS AND SANITATION,POUND 6,,Y,,,Y,Y,,,,,,,,,FRONT-RIGHT-CORNER,,,,,,,,,,,,,,,,,,,,,,,,,,,,,,,,,
2111704,d977ae63ec13b2b3cdcee1df8d83e1ec7ce86dc7c4e2c2d4b471e76c381e98c6217c1b5c81ed6e723cabaf4f32c2d74ec65f096381eb1578dbc0b5ac9d0009cd,07/21/2025 10:25:00 PM,2,PARKED,,2013111,,CHEVROLET,EQUINOX,,2013,UNKNOWN,PASSENGER,PERSONAL,E,PARKED,,,0,,,,,Y,,,,Y,,Y,,,,Y,,,REAR-LEFT-CORNER,,,,,,,,,,,,,,,,,,,,,,,,,,,,,,,,,
2111705,d977ae63ec13b2b3cdcee1df8d83e1ec7ce86dc7c4e2c2d4b471e76c381e98c6217c1b5c81ed6e723cabaf4f32c2d74ec65f096381eb1578dbc0b5ac9d0009cd,07/21/2025 10:25:00 PM,3,PARKED,,2013116,,NISSAN,VERSA,IL,2007,UNKNOWN,UNKNOWN/NA,PERSONAL,E,PARKED,,,0,,,,,Y,,,Y,Y,Y,Y,,,,Y,,,REAR-LEFT-CORNER,,,,,,,,,,,,,,,,,,,,,,,,,,,,,,,,,
2111714,8c77ad98f9e6fe2b4246d6108dcfc10967bf9919a546b25d734e528e4abda8d66c0d72b7581129bc77a8ce3f7b5f32c404857a0d3632928464f434aae75c28ae,07/21/2025 10:12:00 PM,1,DRIVER,,2013113,,CHEVROLET,EQUINOX,IL,2010,NONE,PASSENGER,PERSONAL,S,STRAIGHT AHEAD,N,,1,,,,,Y,Y,,,,Y,Y,Y,Y,Y,N,,,SIDE-LEFT,,,,,,,,,,,,,,,,,,,,,,,,,,,,,,,,,
2111715,8c77ad98f9e6fe2b4246d6108dcfc10967bf9919a546b25d734e528e4abda8d66c0d72b7581129bc77a8ce3f7b5f32c404857a0d3632928464f434aae75c28ae,07/21/2025 10:12:00 PM,2,DRIVER,,2013119,,BUICK,REGAL,IL,2015,NONE,PASSENGER,PERSONAL,S,STRAIGHT AHEAD,,,1,,,,,,,Y,Y,Y,,,,,,,,,SIDE-RIGHT-REAR,,,,,,,,,,,,,,,,,,,,,,,,,,,,,,,,,
2111716,8c77ad98f9e6fe2b4246d6108dcfc10967bf9919a546b25d734e528e4abda8d66c0d72b7581129bc77a8ce3f7b5f32c404857a0d3632928464f434aae75c28ae,07/21/2025 10:12:00 PM,3,PARKED,,2013120,,HYUNDAI,TUCSON,IL,2014,NONE,PASSENGER,NOT IN USE,W,PARKED,,,0,,,,,,,,,,,Y,Y,,,,,,SIDE-LEFT,,,,,,,,,,,,,,,,,,,,,,,,,,,,,,,,,
2111733,9ce688bbd286f12eac54406e5add9520351b00fa698f4409f200c430f20bd956df1b784d12887df9819392ef19d2469efd7cf1a3f2b139eaabfa95e241d08808,07/21/2025 10:12:00 PM,1,DRIVER,1,2013131,,FORD,EXPLORER,IL,2016,UNKNOWN,PASSENGER,PERSONAL,E,STRAIGHT AHEAD,Y,,2,,city of chicago,doty rd.,,Y,,,,,,,,,,Y,Y,,FRONT,,,,,,,,,,,,,,,,,,,,,,,,,,,,,,,,,
2111734,9ce688bbd286f12eac54406e5add9520351b00fa698f4409f200c430f20bd956df1b784d12887df9819392ef19d2469efd7cf1a3f2b139eaabfa95e241d08808,07/21/2025 10:12:00 PM,2,DRIVER,,2013140,,CHEVROLET,MALIBU,IL,2018,UNKNOWN,PASSENGER,PERSONAL,N,STRAIGHT AHEAD,Y,,1,,,,,,,,,,,,Y,Y,Y,N,,,SIDE-LEFT,,,,,,,,,,,,,,,,,,,,,,,,,,,,,,,,,
2111699,d69fccd7a5359fc4839774bc03d68608c4b347c0d63af9603ab1e344abea6a899f5bb3477e20c56ac5f71721d5dede4d3942ff46f4e4a2b3359791a5eb03ec9c,07/21/2025 10:00:00 PM,1,DRIVER,,2013100,,UNKNOWN,OTHER (EXPLAIN IN NARRATIVE),IL,,UNKNOWN,UNKNOWN/NA,UNKNOWN/NA,UNKNOWN,UNKNOWN/NA,,,1,,,,,,,,,,,,,,,,,,UNKNOWN,,,,,,,,,,,,,,,,,,,,,,,,,,,,,,,,,
2111700,d69fccd7a5359fc4839774bc03d68608c4b347c0d63af9603ab1e344abea6a899f5bb3477e20c56ac5f71721d5dede4d3942ff46f4e4a2b3359791a5eb03ec9c,07/21/2025 10:00:00 PM,2,PARKED,,2013102,,INFINITI,QX80,IL,2019,UNKNOWN,PASSENGER,PERSONAL,UNKNOWN,PARKED,,,0,,,,,,,,,,,,Y,Y,Y,,,,SIDE-LEFT,,,,,,,,,,,,,,,,,,,,,,,,,,,,,,,,,
2111708,37111aa7f1526f242bccb3a644b9c156298a1bf736fb77b6262b030a6ac852549ea3c7ab9f19c22dce73ab97971c21dede4e7154c9a1f5b79ba678ee1e2bea7f,07/21/2025 09:56:00 PM,1,DRIVER,3,2013109,,KIA,SELTOS,IL,2025,NONE,PASSENGER,PERSONAL,N,STRAIGHT AHEAD,Y,,4,,PRIVATE TOW,,,Y,Y,,,,,,,,,,,,FRONT-RIGHT-CORNER,,,,,,,,,,,,,,,,,,,,,,,,,,,,,,,,,
2111709,37111aa7f1526f242bccb3a644b9c156298a1bf736fb77b6262b030a6ac852549ea3c7ab9f19c22dce73ab97971c21dede4e7154c9a1f5b79ba678ee1e2bea7f,07/21/2025 09:56:00 PM,2,DRIVER,,2013117,,NISSAN,ROGUE,IL,2015,NONE,PASSENGER,PERSONAL,E,STRAIGHT AHEAD,,,1,,,,,,,,,,,,,,,,Y,,FRONT,,,,,,,,,,,,,,,,,,,,,,,,,,,,,,,,,
2111688,9f9b8a2bdfa1c7502e21ecc13e88943c5a90fa5f07211d6e521d2c146780ac637b64b892d5c9cff6f4824ee683eb51725157cc550d2353211a7c294f5ebbdfa9,07/21/2025 09:45:00 PM,1,DRIVER,1,2013094,,FORD,EXPLORER,MI,2025,NONE,PASSENGER,PERSONAL,E,MERGING,,,2,,,,,,,,,,,,,,Y,Y,,,FRONT-LEFT-CORNER,,,,,,,,,,,,,,,,,,,,,,,,,,,,,,,,,
2111689,9f9b8a2bdfa1c7502e21ecc13e88943c5a90fa5f07211d6e521d2c146780ac637b64b892d5c9cff6f4824ee683eb51725157cc550d2353211a7c294f5ebbdfa9,07/21/2025 09:45:00 PM,2,DRIVER,,2013097,,LEXUS,NX,IL,2019,NONE,PASSENGER,PERSONAL,E,STRAIGHT AHEAD,,,1,,,,,Y,Y,Y,,,,,,,,,,,SIDE-RIGHT,,,,,,,,,,,,,,,,,,,,,,,,,,,,,,,,,
2111696,00be8004c4feda7729dd2de7ba19f28243728488f5f19876bf27291acd2f040d13e9fe762603779b1deac1e754856cc2ad4f97e45edc8164f9b92f21c5addb1d,07/21/2025 09:30:00 PM,1,DRIVER,,2013104,,KIA,OPTIMA / K5,IL,2025,NONE,PASSENGER,PERSONAL,UNKNOWN,TURNING RIGHT,,,1,,,,,Y,,,,,,,,,,,,,FRONT-RIGHT-CORNER,,,,,,,,,,,,,,,,,,,,,,,,,,,,,,,,,