CRASH_UNIT_ID,CRASH_RECORD_ID,CRASH_DATE,UNIT_NO,UNIT_TYPE,NUM_PASSENGERS,VEHICLE_ID,CMRC_VEH_I,MAKE,MODEL,LIC_PLATE_STATE,VEHICLE_YEAR,VEHICLE_DEFECT,VEHICLE_TYPE,VEHICLE_USE,TRAVEL_DIRECTION,MANEUVER,TOWED_I,FIRE_I,OCCUPANT_CNT,EXCEED_SPEED_LIMIT_I,TOWED_BY,TOWED_TO,AREA_00_I,AREA_01_I,AREA_02_I,AREA_03_I,AREA_04_I,AREA_05_I,AREA_06_I,AREA_07_I,AREA_08_I,AREA_09_I,AREA_10_I,AREA_11_I,AREA_12_I,AREA_99_I,FIRST_CONTACT_POINT,CMV_ID,USDOT_NO,CCMC_NO,ILCC_NO,COMMERCIAL_SRC,GVWR,CARRIER_NAME,CARRIER_STATE,CARRIER_CITY,HAZMAT_PLACARDS_I,HAZMAT_NAME,UN_NO,HAZMAT_PRESENT_I,HAZMAT_REPORT_I,HAZMAT_REPORT_NO,MCS_REPORT_I,MCS_REPORT_NO,HAZMAT_VIO_CAUSE_CRASH_I,MCS_VIO_CAUSE_CRASH_I,IDOT_PERMIT_NO,WIDE_LOAD_I,TRAILER1_WIDTH,TRAILER2_WIDTH,TRAILER1_LENGTH,TRAILER2_LENGTH,TOTAL_VEHICLE_LENGTH,AXLE_CNT,VEHICLE_CONFIG,CARGO_BODY_TYPE,LOAD_TYPE,HAZMAT_OUT_OF_SERVICE_I,MCS_OUT_OF_SERVICE_I,HAZMAT_CLASS
2111697,00be8004c4feda7729dd2de7ba19f28243728488f5f19876bf27291acd2f040d13e9fe762603779b1deac1e754856cc2ad4f97e45edc8164f9b92f21c5addb1d,07/21/2025 09:30:00 PM,2,DRIVER,,2013106,,UNKNOWN,OTHER (EXPLAIN IN NARRATIVE),IL,,NONE,PASSENGER,UNKNOWN/NA,UNKNOWN,TURNING RIGHT,,,1,,,,,,,N,N,N,,,Y,Y,,,,,SIDE-LEFT,,,,,,,,,,,,,,,,,,,,,,,,,,,,,,,,,
2111701,8d336b3bb2c5d5302b68569c79c9ade30d5d239bb19cb06f9d1d42e608015401fb998f1cedf6879eaee04d3ad8cf9d732b4b873c99f10099357d741fae03b070,07/21/2025 09:30:00 PM,1,DRIVER,,2013103,,UNKNOWN,MOTORIZED,IL,,UNKNOWN,PASSENGER,UNKNOWN/NA,S,TURNING LEFT,,,1,,,,,,,,,,,,,,,,,Y,UNKNOWN,,,,,,,,,,,,,,,,,,,,,,,,,,,,,,,,,
2111702,8d336b3bb2c5d5302b68569c79c9ade30d5d239bb19cb06f9d1d42e608015401fb998f1cedf6879eaee04d3ad8cf9d732b4b873c99f10099357d741fae03b070,07/21/2025 09:30:00 PM,2,DRIVER,,2013105,,MAZDA,MAZDA3,IL,2018,UNKNOWN,PASSENGER,PERSONAL,S,TURNING LEFT,,,1,,,,,,,,,,,,Y,Y,Y,,,,SIDE-LEFT,,,,,,,,,,,,,,,,,,,,,,,,,,,,,,,,,
2111690,1fdd019da608d0461505f2e80d564e019e39f14040e235ced43c89c931702cdd2414d33936ed330fffa418d024d58aadb1cd0e5826ab1eea463eeaac6a736423,07/21/2025 09:27:00 PM,1,DRIVER,,2013093,,UNKNOWN,OTHER (EXPLAIN IN NARRATIVE),,,UNKNOWN,UNKNOWN/NA,UNKNOWN/NA,N,TURNING RIGHT,,,1,,,,,Y,,,,,,,,,,Y,Y,,FRONT,,,,,,,,,,,,,,,,,,,,,,,,,,,,,,,,,
2111691,1fdd019da608d0461505f2e80d564e019e39f14040e235ced43c89c931702cdd2414d33936ed330fffa418d024d58aadb1cd0e5826ab1eea463eeaac6a736423,07/21/2025 09:27:00 PM,2,DRIVER,1,2013096,,DODGE,GRAND CARAVAN,IL,2011,NONE,VAN/MINI-VAN,PERSONAL,N,TURNING RIGHT,Y,,2,,CITY OF CHICAGO,,,Y,,,,Y,Y,Y,Y,Y,Y,Y,Y,,OTHER,,,,,,,,,,,,,,,,,,,,,,,,,,,,,,,,,
2111698,042509444c641c509f67b65d351e59c2823c28c2db2ed247f94ca72d456717f9b9c0d74da468aeac64f14b16ebc0012f12910218b4fa9b1dadb707a7df6e90af,07/21/2025 09:24:00 PM,1,DRIVER,,2013101,,HYUNDAI,SONATA,IL,2014,UNKNOWN,PASSENGER,UNKNOWN/NA,S,OTHER,,,1,,,,,,,,,,,,,,,,Y,,FRONT-RIGHT-CORNER,,,,,,,,,,,,,,,,,,,,,,,,,,,,,,,,,
2111686,c5faed8e4053fd6d2d3fa8a46597e2a045ccf10c173f5523007e7d8b3d1b22d1db8f4ea45b960d331bdb303ebdac39e8cb89b49c6f0cbe3ba21310b36c1463de,07/21/2025 09:20:00 PM,1,DRIVER,,2013090,,KIA,OTHER (EXPLAIN IN NARRATIVE),,,UNKNOWN,PASSENGER,UNKNOWN/NA,N,STRAIGHT AHEAD,,,1,,,,,,,,,,,,,,Y,Y,Y,,FRONT-LEFT-CORNER,,,,,,,,,,,,,,,,,,,,,,,,,,,,,,,,,
2111687,c5faed8e4053fd6d2d3fa8a46597e2a045ccf10c173f5523007e7d8b3d1b22d1db8f4ea45b960d331bdb303ebdac39e8cb89b49c6f0cbe3ba21310b36c1463de,07/21/2025 09:20:00 PM,2,DRIVER,2,2013092,,FORD,EDGE,IL,2017,NONE,SPORT UTILITY VEHICLE (SUV),PERSONAL,W,STRAIGHT AHEAD,,,3,,,,,Y,Y,N,,,,,,N,Y,Y,Y,,FRONT-RIGHT-CORNER,,,,,,,,,,,,,,,,,,,,,,,,,,,,,,,,,
2111671,2cf3caada1221328f9b3a85c3e58b4b7b1fea7b19a07e9eef9d4c994b9a8052b5cffef1049515349703b21d5758cdb55c04ddd4a1cfbbec75484e4a8d669ea94,07/21/2025 09:15:00 PM,1,DRIVER,1,2013077,,NISSAN,SENTRA,WI,2025,SUSPENSION,PASSENGER,PERSONAL,S,STRAIGHT AHEAD,Y,,2,,private tow,unknown,,Y,Y,Y,,,,,,,,,,,FRONT-RIGHT-CORNER,,,,,,,,,,,,,,,,,,,,,,,,,,,,,,,,,
2111672,2cf3caada1221328f9b3a85c3e58b4b7b1fea7b19a07e9eef9d4c994b9a8052b5cffef1049515349703b21d5758cdb55c04ddd4a1cfbbec75484e4a8d669ea94,07/21/2025 09:15:00 PM,2,PARKED,,2013082,,MERCEDES-BENZ,S500,IL,2007,NONE,PASSENGER,NOT IN USE,S,PARKED,,,0,,,,,,,,,,,,Y,Y,Y,,,,REAR-LEFT-CORNER,,,,,,,,,,,,,,,,,,,,,,,,,,,,,,,,,
2112263,7d345c76ee0b9b1e792abe0e3e5b343d2e01bdf0cce439422f431d9cdc4bc46cbc669206d01989a1ef599e2c4d23708a47254a43751ed96f0501209e3f14f07f,07/21/2025 09:00:00 PM,1,DRIVER,,2013627,,UNKNOWN,ENCLOSED BODY,,,UNKNOWN,UNKNOWN/NA,UNKNOWN/NA,W,UNKNOWN/NA,,,1,,,,,,,,,,,,,,,,,Y,UNKNOWN,,,,,,,,,,,,,,,,,,,,,,,,,,,,,,,,,
2112264,7d345c76ee0b9b1e792abe0e3e5b343d2e01bdf0cce439422f431d9cdc4bc46cbc669206d01989a1ef599e2c4d23708a47254a43751ed96f0501209e3f14f07f,07/21/2025 09:00:00 PM,2,PARKED,,2013630,,TOYOTA,CAMRY,IL,2007,UNKNOWN,PASSENGER,UNKNOWN/NA,W,PARKED,,,0,,,,,,,,Y,Y,N,N,,,,,,,REAR-RIGHT-CORNER,,,,,,,,,,,,,,,,,,,,,,,,,,,,,,,,,
2111674,b65ff19b94198cab3a2f1bac10f259c03b6af06415ad31e20969221ee61ab9c69754a1d21f3002ad5aded8f236d5776204e3fe3ac154319177b8ef8f28ef3222,07/21/2025 08:30:00 PM,1,DRIVER,,2013079,,UNKNOWN,OTHER (EXPLAIN IN NARRATIVE),,,UNKNOWN,UNKNOWN/NA,UNKNOWN/NA,S,UNKNOWN/NA,,,1,,,,,,,,,,,,,,,,,Y,UNKNOWN,,,,,,,,,,,,,,,,,,,,,,,,,,,,,,,,,
2111675,b65ff19b94198cab3a2f1bac10f259c03b6af06415ad31e20969221ee61ab9c69754a1d21f3002ad5aded8f236d5776204e3fe3ac154319177b8ef8f28ef3222,07/21/2025 08:30:00 PM,2,PARKED,,2013081,,TOYOTA,OTHER (EXPLAIN IN NARRATIVE),IL,2024,NONE,SPORT UTILITY VEHICLE (SUV),PERSONAL,S,PARKED,,,0,,,,,Y,Y,Y,Y,,,,,,,,,,SIDE-RIGHT,,,,,,,,,,,,,,,,,,,,,,,,,,,,,,,,,
2111726,b3c574aa0268c877179a7b896d3eebb613eaee78f40319a807e624a522f057a87f7008877c4b0381db2066add80794364bae4b18f693c8061b1759b752349ebf,07/21/2025 08:23:00 PM,1,DRIVER,,2013134,,UNKNOWN,OTHER (EXPLAIN IN NARRATIVE),,,UNKNOWN,UNKNOWN/NA,UNKNOWN/NA,N,UNKNOWN/NA,,,1,,,,,,,,,,,,,,,,,,UNKNOWN,,,,,,,,,,,,,,,,,,,,,,,,,,,,,,,,,
2111739,b3c574aa0268c877179a7b896d3eebb613eaee78f40319a807e624a522f057a87f7008877c4b0381db2066add80794364bae4b18f693c8061b1759b752349ebf,07/21/2025 08:23:00 PM,2,PEDESTRIAN,,,,,,,,,,,,,,,,,,,,,,,,,,,,,,,,,,,,,,,,,,,,,,,,,,,,,,,,,,,,,,,,,,
2111667,a7b9a8cd995544278b37dde1b9ff1638feb70b5620b6ceac0131fe1bf9170c6ca79b80fcaeca49873e56b1cc0ecf8e9962b8a790b51bbced40b2555210dc64c2,07/21/2025 08:15:00 PM,1,DRIVER,,2013072,,NISSAN,JUKE,IL,2013,UNKNOWN,PASSENGER,PERSONAL,N,STRAIGHT AHEAD,,,1,,,,,Y,,,,,,,,,,Y,Y,,FRONT,,,,,,,,,,,,,,,,,,,,,,,,,,,,,,,,,
2111668,a7b9a8cd995544278b37dde1b9ff1638feb70b5620b6ceac0131fe1bf9170c6ca79b80fcaeca49873e56b1cc0ecf8e9962b8a790b51bbced40b2555210dc64c2,07/21/2025 08:15:00 PM,2,DRIVER,2,2013076,,KIA,FORTE,IL,2024,UNKNOWN,PASSENGER,PERSONAL,N,STRAIGHT AHEAD,,,3,,,,,,,,,Y,Y,Y,,,,,,N,REAR,,,,,,,,,,,,,,,,,,,,,,,,,,,,,,,,,
2111783,ba3cd3cd95d5d1c03b16cbeb8ca0d229265db3fc10870d9e260b604081fbc4e2f566a6052c56249e53106cb42a34233d7f805307d42dc73011fc1b3e8c0cbcaa,07/21/2025 08:15:00 PM,1,DRIVER,,2013181,,HYUNDAI,ELANTRA,IL,,NONE,PASSENGER,PERSONAL,S,STRAIGHT AHEAD,,,1,,,,,,,,,,,,,,,,Y,,FRONT,,,,,,,,,,,,,,,,,,,,,,,,,,,,,,,,,
2111784,ba3cd3cd95d5d1c03b16cbeb8ca0d229265db3fc10870d9e260b604081fbc4e2f566a6052c56249e53106cb42a34233d7f805307d42dc73011fc1b3e8c0cbcaa,07/21/2025 08:15:00 PM,2,DRIVER,,2013185,,TOYOTA,RAV4,IL,,NONE,PASSENGER,PERSONAL,S,STRAIGHT AHEAD,,,1,,,,,,,,,,Y,,,,,,,,REAR,,,,,,,,,,,,,,,,,,,,,,,,,,,,,,,,,
2111682,8c2aab95cceb364cf3c00cff6f552d90492be1d01fc9473e1a1f52ec37b5620bd88dc66978d8926b1fc0bdf8e8de829e87cd48ad0646da7a2e6a4136a77e2d19,07/21/2025 07:45:00 PM,1,DRIVER,,2013086,,NOVA BUS,LFS,IL,,UNKNOWN,BUS OVER 15 PASS.,CTA,W,ENTERING TRAFFIC LANE FROM PARKING,,,1,,,,,,,,,,,,,,,,,Y,UNKNOWN,,,,,,,,,,,,,,,,,,,,,,,,,,,,,,,,,
2111683,8c2aab95cceb364cf3c00cff6f552d90492be1d01fc9473e1a1f52ec37b5620bd88dc66978d8926b1fc0bdf8e8de829e87cd48ad0646da7a2e6a4136a77e2d19,07/21/2025 07:45:00 PM,2,PARKED,,2013084,,HYUNDAI,SANTA FE,IL,2014,UNKNOWN,SPORT UTILITY VEHICLE (SUV),PERSONAL,E,PARKED,Y,,0,,TRIPLE A,,,,,,,,,,,,Y,Y,,,FRONT-LEFT-CORNER,,,,,,,,,,,,,,,,,,,,,,,,,,,,,,,,,
2111673,32ca1702ddf2e09a23cf03c4eccf5620bfd295d233ecea6d3bc59d62e6659b0f4e9649f3932de0c1692dbaacca097f3c6e2766817d67f583abaf957aafee52d4,07/21/2025 07:40:00 PM,1,DRIVER,4,2013080,,"PIERCE MANUFACTURING, INC.(APPLETON, WI)","PIERCE MFG.,INC.(MFR.OF PIERCE DUPLEX,APPLETON,WI)",IL,,UNKNOWN,OTHER,FIRE,W,STRAIGHT AHEAD,,,5,,,,Y,,,,,,,,,,,,,,FRONT,,,,,,,,,,,,,,,,,,,,,,,,,,,,,,,,,
2111652,c38b82624d56404efc9498495bf1eef4a8e865c819485da2ec88a5a0c454ad855ddb693d0fd891f2084cc91109983f2530adc2244f459d397b5ce5a31245b7aa,07/21/2025 07:40:00 PM,1,DRIVER,,2013055,,UNKNOWN,MOTORIZED,IL,,UNKNOWN,PICKUP,UNKNOWN/NA,E,PASSING/OVERTAKING,,,1,,,,,Y,,,,,,,,,,Y,Y,,FRONT,,,,,,,,,,,,,,,,,,,,,,,,,,,,,,,,,
2111653,c38b82624d56404efc9498495bf1eef4a8e865c819485da2ec88a5a0c454ad855ddb693d0fd891f2084cc91109983f2530adc2244f459d397b5ce5a31245b7aa,07/21/2025 07:40:00 PM,2,DRIVER,,2013060,,TOYOTA,COROLLA,IL,2022,NONE,PICKUP,PERSONAL,E,SLOW/STOP IN TRAFFIC,,,1,,,,,,,,,Y,Y,Y,,,,,,,REAR,,,,,,,,,,,,,,,,,,,,,,,,,,,,,,,,,
2112190,ed46e781370e0b03eb49580a8461ccafb3b48a967b90c9df9155788f7dfd0b5ea59208f272916e4e59c8d169b636b00be388730fa0ada4d67a3f62f7c675da27,07/21/2025 07:30:00 PM,1,DRIVER,,2013560,,LINCOLN,MKX,IL,2019,NONE,SPORT UTILITY VEHICLE (SUV),PERSONAL,E,SLOW/STOP IN TRAFFIC,,,1,,,,Y,,,,,,,,,,,,,,FRONT,,,,,,,,,,,,,,,,,,,,,,,,,,,,,,,,,
2112191,ed46e781370e0b03eb49580a8461ccafb3b48a967b90c9df9155788f7dfd0b5ea59208f272916e4e59c8d169b636b00be388730fa0ada4d67a3f62f7c675da27,07/21/2025 07:30:00 PM,2,DRIVER,,2013569,,TOYOTA,4RUNNER,AZ,2023,NONE,PASSENGER,PERSONAL,E,SLOW/STOP IN TRAFFIC,,,1,,,,Y,,,,,,,,,,,,,,REAR,,,,,,,,,,,,,,,,,,,,,,,,,,,,,,,,,
2111647,bad00838aeb42d1f62c63ede7cfd308badfc0bf11f8d6f28ba6e4752c7736f85db9c236cc96f05edc96f4950d7f2a04a682f244c8f5839bea487b36057474a18,07/21/2025 07:20:00 PM,1,DRIVER,,2013059,,HONDA,ACCORD,IL,2015,UNKNOWN,PASSENGER,PERSONAL,W,STRAIGHT AHEAD,Y,,1,,PRIVATE,,,,,,,,,,,,,,Y,,FRONT,,,,,,,,,,,,,,,,,,,,,,,,,,,,,,,,,
2111648,bad00838aeb42d1f62c63ede7cfd308badfc0bf11f8d6f28ba6e4752c7736f85db9c236cc96f05edc96f4950d7f2a04a682f244c8f5839bea487b36057474a18,07/21/2025 07:20:00 PM,2,DRIVER,,2013064,,NISSAN,ROGUE,IL,2019,NONE,PASSENGER,PERSONAL,W,STRAIGHT AHEAD,,,1,,,,,,,,,,Y,,,,,,,,REAR,,,,,,,,,,,,,,,,,,,,,,,,,,,,,,,,,
2111649,bad00838aeb42d1f62c63ede7cfd308badfc0bf11f8d6f28ba6e4752c7736f85db9c236cc96f05edc96f4950d7f2a04a682f244c8f5839bea487b36057474a18,07/21/2025 07:20:00 PM,3,DRIVER,,2013067,,NISSAN,ROGUE,IL,2008,UNKNOWN,PASSENGER,PERSONAL,W,STRAIGHT AHEAD,,,1,,,,,,,,,,Y,,,,,,,,REAR,,,,,,,,,,,,,,,,,,,,,,,,,,,,,,,,,
2111658,e0819576edfeb0ffc2a493e74511f669ba99502ba5179751408d4ee0181588a99450a1c8d8103ccc490e74dffc6d79125a96bea87321a24fcfa8fc611b5aa7d1,07/21/2025 07:15:00 PM,1,DRIVER,,2013062,,TOYOTA,OTHER (EXPLAIN IN NARRATIVE),IL,2023,UNKNOWN,PASSENGER,PERSONAL,E,CHANGING LANES,,,1,,,,,,Y,Y,,,,,,,,,,,SIDE-RIGHT,,,,,,,,,,,,,,,,,,,,,,,,,,,,,,,,,
2111659,e0819576edfeb0ffc2a493e74511f669ba99502ba5179751408d4ee0181588a99450a1c8d8103ccc490e74dffc6d79125a96bea87321a24fcfa8fc611b5aa7d1,07/21/2025 07:15:00 PM,2,DRIVER,,2013065,,FORD,OTHER (EXPLAIN IN NARRATIVE),IL,2019,UNKNOWN,VAN/MINI-VAN,PERSONAL,E,STRAIGHT AHEAD,,,1,,,,,,,,,,,,Y,,N,N,,,SIDE-LEFT-REAR,,,,,,,,,,,,,,,,,,,,,,,,,,,,,,,,,
2111922,49a8abff4981811940f44f892326ab2dc32eb616492e82a2eeb3ad3d09c635b7d53d810a6cf9d9adf5ac590af39441290133cbd8684a2d638f2ea2860d72f92d,07/21/2025 07:10:00 PM,1,DRIVER,,2013320,,JEEP,GRAND CHEROKEE,IL,2018,UNKNOWN,SPORT UTILITY VEHICLE (SUV),UNKNOWN/NA,UNKNOWN,UNKNOWN/NA,,,1,,,,,,,,,,,,,,,,,Y,UNKNOWN,,,,,,,,,,,,,,,,,,,,,,,,,,,,,,,,,
2111923,49a8abff4981811940f44f892326ab2dc32eb616492e82a2eeb3ad3d09c635b7d53d810a6cf9d9adf5ac590af39441290133cbd8684a2d638f2ea2860d72f92d,07/21/2025 07:10:00 PM,2,PARKED,,2013322,,HONDA,CR-V,IL,2018,UNKNOWN,SPORT UTILITY VEHICLE (SUV),NOT IN USE,UNKNOWN,PARKED,,,0,,,,,,,Y,,,,,,,,,,,SIDE-RIGHT,,,,,,,,,,,,,,,,,,,,,,,,,,,,,,,,,
2111665,16c7e1cabb1d760697a0cbd450021e22a451860229aae18b074c21bf0c190150aaefbae665c6652833f499428c11d7cdccdf6d2ec6ce95bc42e7a99793ebc689,07/21/2025 07:00:00 PM,1,DRIVER,,2013075,,CHEVROLET,IMPALA,IL,2009,UNKNOWN,PASSENGER,PERSONAL,SW,CHANGING LANES,,,1,,,,,Y,Y,,,,,,,,,,,,FRONT-RIGHT-CORNER,,,,,,,,,,,,,,,,,,,,,,,,,,,,,,,,,
2111666,16c7e1cabb1d760697a0cbd450021e22a451860229aae18b074c21bf0c190150aaefbae665c6652833f499428c11d7cdccdf6d2ec6ce95bc42e7a99793ebc689,07/21/2025 07:00:00 PM,2,DRIVER,,2013078,,TOYOTA,COROLLA,IL,2019,UNKNOWN,PASSENGER,PERSONAL,SW,STRAIGHT AHEAD,,,1,,,,,,,,,,,Y,Y,Y,Y,N,,,SIDE-LEFT,,,,,,,,,,,,,,,,,,,,,,,,,,,,,,,,,
2112060,642eba8a58b59841affc41bb3c3137cb0e462a7bd789b6d8652fd90427410d4e0414199b0ff13632d67ac7c9b10aeb7d398cb4a2aac274b43477cda86ee652ff,07/21/2025 07:00:00 PM,1,DRIVER,,2013435,,UNKNOWN,OTHER (EXPLAIN IN NARRATIVE),IL,,UNKNOWN,UNKNOWN/NA,UNKNOWN/NA,UNKNOWN,UNKNOWN/NA,,,1,,,,,,,,,,,,,,,,,,UNKNOWN,,,,,,,,,,,,,,,,,,,,,,,,,,,,,,,,,
2112061,642eba8a58b59841affc41bb3c3137cb0e462a7bd789b6d8652fd90427410d4e0414199b0ff13632d67ac7c9b10aeb7d398cb4a2aac274b43477cda86ee652ff,07/21/2025 07:00:00 PM,2,PARKED,,2013437,,MERCEDES-BENZ,C-CLASS,IL,,UNKNOWN,PASSENGER,NOT IN USE,N,PARKED,,,0,,,,,,,,,,Y,,,,,,,,REAR,,,,,,,,,,,,,,,,,,,,,,,,,,,,,,,,,
2111641,e15f5dcb9721f5acb8f3718e45b533a9f216ce547f1400c1e2aa75a4b5a0ac955ab772a1387ffd932e9a04227f377d3724a8ade677a692b3895a80631115121a,07/21/2025 07:00:00 PM,1,DRIVER,,2013052,,UNKNOWN,OTHER (EXPLAIN IN NARRATIVE),IL,,UNKNOWN,UNKNOWN/NA,UNKNOWN/NA,N,CHANGING LANES,,,1,,,,,Y,Y,,,,,,,,,,,,FRONT-RIGHT-CORNER,,,,,,,,,,,,,,,,,,,,,,,,,,,,,,,,,
2111642,e15f5dcb9721f5acb8f3718e45b533a9f216ce547f1400c1e2aa75a4b5a0ac955ab772a1387ffd932e9a04227f377d3724a8ade677a692b3895a80631115121a,07/21/2025 07:00:00 PM,2,DRIVER,,2013043,,FORD,ESCAPE,MI,2020,UNKNOWN,PASSENGER,PERSONAL,N,STRAIGHT AHEAD,,,1,,,,,,,Y,Y,Y,,,,,,,,,SIDE-RIGHT-REAR,,,,,,,,,,,,,,,,,,,,,,,,,,,,,,,,,
2111662,cacd0722c246c272d72294e4d8b39974fb991407cecde320ab8cb94ed96521619dc2f51e07baddd8c138b827d192f8c253e3043066ea0725f2d4550cb84a43d3,07/21/2025 06:55:00 PM,1,DRIVER,,2013068,,UNKNOWN,MOTORIZED,,,UNKNOWN,PASSENGER,UNKNOWN/NA,S,STRAIGHT AHEAD,,,1,,,,,,,,,,,,,,,Y,Y,,FRONT-LEFT-CORNER,,,,,,,,,,,,,,,,,,,,,,,,,,,,,,,,,
2111663,cacd0722c246c272d72294e4d8b39974fb991407cecde320ab8cb94ed96521619dc2f51e07baddd8c138b827d192f8c253e3043066ea0725f2d4550cb84a43d3,07/21/2025 06:55:00 PM,2,DRIVER,2,2013071,,KIA,FORTE,FL,,NONE,PASSENGER,PERSONAL,E,STRAIGHT AHEAD,,,3,,,,,,,,,,Y,Y,,,,,,,REAR-LEFT-CORNER,,,,,,,,,,,,,,,,,,,,,,,,,,,,,,,,,
2111893,31140f37d0fb1b0e4049ab5ae05e5bfc7079051e71e80b227d85895b8c9c5973b43dd5682d5ccb8c683ab786b79ba00dc8da6643f02b30a6c17dd7cc42b7b366,07/21/2025 06:50:00 PM,1,DRIVER,,2013290,,UNKNOWN,OTHER (EXPLAIN IN NARRATIVE),,,UNKNOWN,PASSENGER,UNKNOWN/NA,N,PASSING/OVERTAKING,,,1,,,,,Y,Y,Y,Y,Y,,,,,,,,,SIDE-RIGHT,,,,,,,,,,,,,,,,,,,,,,,,,,,,,,,,,
2111894,31140f37d0fb1b0e4049ab5ae05e5bfc7079051e71e80b227d85895b8c9c5973b43dd5682d5ccb8c683ab786b79ba00dc8da6643f02b30a6c17dd7cc42b7b366,07/21/2025 06:50:00 PM,2,DRIVER,,2013298,,FORD,BRONCO / BRONCO II,IL,2025,NONE,SPORT UTILITY VEHICLE (SUV),PERSONAL,N,STRAIGHT AHEAD,,,1,,,,,,,,,,,,Y,Y,Y,Y,,,SIDE-LEFT,,,,,,,,,,,,,,,,,,,,,,,,,,,,,,,,,
2111676,c57a97f8be0c7afc9911f7a8231d3b7dfede7ed869269af37262921a055dc6ef2c638f4c066a5b75596a02610f5ea3c32404ece1a6dc335b2b755ab0618a1385,07/21/2025 06:49:00 PM,1,DRIVER,,2013083,,CHEVROLET,SILVERADO,IL,2014,UNKNOWN,TRUCK - SINGLE UNIT,PERSONAL,N,STRAIGHT AHEAD,Y,,1,,,,,Y,,,,,,,,,,Y,Y,,FRONT,,,,,,,,,,,,,,,,,,,,,,,,,,,,,,,,,
2111677,c57a97f8be0c7afc9911f7a8231d3b7dfede7ed869269af37262921a055dc6ef2c638f4c066a5b75596a02610f5ea3c32404ece1a6dc335b2b755ab0618a1385,07/21/2025 06:49:00 PM,2,DRIVER,,2013087,,KIA,SELTOS,IL,2024,UNKNOWN,UNKNOWN/NA,UNKNOWN/NA,W,STRAIGHT AHEAD,Y,,1,,,,,,,,,,,,Y,Y,Y,Y,,,SIDE-LEFT,,,,,,,,,,,,,,,,,,,,,,,,,,,,,,,,,
2111645,7a922d59fea4926b3c0fbccac7a7483df5950bb8575de98b36eeb5bde47994a735d3e85301531fca791f031eca799c1ca5bf08e4b8bef44bbe998737a898398b,07/21/2025 06:48:00 PM,1,DRIVER,,2013045,,NEW FLYER,OTHER (EXPLAIN IN NARRATIVE),IL,2006,NONE,BUS OVER 15 PASS.,CTA,W,STRAIGHT AHEAD,,,1,,,,,,,,,,,Y,Y,,,,,,REAR-LEFT-CORNER,,,,,,,,,,,,,,,,,,,,,,,,,,,,,,,,,
2111646,7a922d59fea4926b3c0fbccac7a7483df5950bb8575de98b36eeb5bde47994a735d3e85301531fca791f031eca799c1ca5bf08e4b8bef44bbe998737a898398b,07/21/2025 06:48:00 PM,2,DRIVER,,2013049,,NISSAN,ROGUE,IL,2019,NONE,PASSENGER,PERSONAL,W,STRAIGHT AHEAD,,,1,,,,,Y,Y,,,,,,,,,,,,FRONT-RIGHT-CORNER,,,,,,,,,,,,,,,,,,,,,,,,,,,,,,,,,
2111611,5ef958ed4d851d98d8d3fe9f00a243db0cfe7f8a5ba70ce82fab80c6677bfde9f22243e3f5f9ce7845d955cf5bf86440b8a066f3d0d376258f4e2afa258a0dbb,07/21/2025 06:45:00 PM,1,DRIVER,,2013014,,FORD,EXPEDITION,IL,2003,UNKNOWN,SPORT UTILITY VEHICLE (SUV),UNKNOWN/NA,N,MERGING,,,1,,,,,,,,,Y,,,,,,,,,SIDE-RIGHT-REAR,,,,,,,,,,,,,,,,,,,,,,,,,,,,,,,,,
2111612,5ef958ed4d851d98d8d3fe9f00a243db0cfe7f8a5ba70ce82fab80c6677bfde9f22243e3f5f9ce7845d955cf5bf86440b8a066f3d0d376258f4e2afa258a0dbb,07/21/2025 06:45:00 PM,2,DRIVER,,2013016,,HYUNDAI,TUCSON,IL,2016,UNKNOWN,SPORT UTILITY VEHICLE (SUV),UNKNOWN/NA,N,STRAIGHT AHEAD,,,1,,,,,,,,,,,,,,Y,Y,Y,,FRONT-LEFT-CORNER,,,,,,,,,,,,,,,,,,,,,,,,,,,,,,,,,
2111615,2bc73aa9801f800cf04834a5faff303a0c2ea45631e4d40e4b4e89a954bd7b77e9384259171917419baf94a1ed6c04937cb570d274b964f6edfdffabce5e09cd,07/21/2025 06:42:00 PM,1,DRIVER,,2013019,,GENERAL MOTORS CORPORATION (GMC),SAVANNAH,IL,2012,UNKNOWN,SPORT UTILITY VEHICLE (SUV),PERSONAL,E,STRAIGHT AHEAD,,,1,,,,,Y,,,,,,,,,,Y,Y,,FRONT,,,,,,,,,,,,,,,,,,,,,,,,,,,,,,,,,
2111616,2bc73aa9801f800cf04834a5faff303a0c2ea45631e4d40e4b4e89a954bd7b77e9384259171917419baf94a1ed6c04937cb570d274b964f6edfdffabce5e09cd,07/21/2025 06:42:00 PM,2,DRIVER,,2013025,,HONDA,HR-V,IL,2024,UNKNOWN,SPORT UTILITY VEHICLE (SUV),PERSONAL,E,SLOW/STOP IN TRAFFIC,,,1,,,,,,,,,Y,Y,Y,,,,,,,REAR,,,,,,,,,,,,,,,,,,,,,,,,,,,,,,,,,