CRASH_UNIT_ID,CRASH_RECORD_ID,CRASH_DATE,UNIT_NO,UNIT_TYPE,NUM_PASSENGERS,VEHICLE_ID,CMRC_VEH_I,MAKE,MODEL,LIC_PLATE_STATE,VEHICLE_YEAR,VEHICLE_DEFECT,VEHICLE_TYPE,VEHICLE_USE,TRAVEL_DIRECTION,MANEUVER,TOWED_I,FIRE_I,OCCUPANT_CNT,EXCEED_SPEED_LIMIT_I,TOWED_BY,TOWED_TO,AREA_00_I,AREA_01_I,AREA_02_I,AREA_03_I,AREA_04_I,AREA_05_I,AREA_06_I,AREA_07_I,AREA_08_I,AREA_09_I,AREA_10_I,AREA_11_I,AREA_12_I,AREA_99_I,FIRST_CONTACT_POINT,CMV_ID,USDOT_NO,CCMC_NO,ILCC_NO,COMMERCIAL_SRC,GVWR,CARRIER_NAME,CARRIER_STATE,CARRIER_CITY,HAZMAT_PLACARDS_I,HAZMAT_NAME,UN_NO,HAZMAT_PRESENT_I,HAZMAT_REPORT_I,HAZMAT_REPORT_NO,MCS_REPORT_I,MCS_REPORT_NO,HAZMAT_VIO_CAUSE_CRASH_I,MCS_VIO_CAUSE_CRASH_I,IDOT_PERMIT_NO,WIDE_LOAD_I,TRAILER1_WIDTH,TRAILER2_WIDTH,TRAILER1_LENGTH,TRAILER2_LENGTH,TOTAL_VEHICLE_LENGTH,AXLE_CNT,VEHICLE_CONFIG,CARGO_BODY_TYPE,LOAD_TYPE,HAZMAT_OUT_OF_SERVICE_I,MCS_OUT_OF_SERVICE_I,HAZMAT_CLASS
2111654,e5639612227b81226db9400e50bd793d5e5b2c344cde14b13e2da2c8cd366bd97247744df8963974f32a3b176f8f9c992859f4201f026dea83a508be705e4ccf,07/21/2025 06:35:00 PM,1,DRIVER,,2013063,Y,FREIGHTLINER CORPORATION,OTHER (EXPLAIN IN NARRATIVE),TN,2025,NONE,TRACTOR W/ SEMI-TRAILER,COMMERCIAL - MULTI-UNIT,N,BACKING,,,1,,,,,,,,,Y,,,,,,,,,REAR-RIGHT-CORNER,"21,862",2532266,,,SIDE OF TRUCK,3,LAUT TRANSPORTATION INC,CA,BAKERSFILD,,,,N,N,,N,,N,N,,,0-96,0-96,,,53,,TRACTOR/SEMI-TRAILER,OTHER,OTHER,N,N,
2111655,e5639612227b81226db9400e50bd793d5e5b2c344cde14b13e2da2c8cd366bd97247744df8963974f32a3b176f8f9c992859f4201f026dea83a508be705e4ccf,07/21/2025 06:35:00 PM,2,PARKED,,2013070,Y,FREIGHTLINER CORPORATION,FREIGHTLINER CORP.,CA,2021,NONE,TRACTOR W/ SEMI-TRAILER,COMMERCIAL - MULTI-UNIT,S,PARKED,,,0,,,,,,,,,,,,,Y,,,,,SIDE-LEFT,"21,863",4237141,640237,,SIDE OF TRUCK,3,NAK TRANSPORT INC,CA,WATSONVILLE,,,,N,N,,N,,N,N,,,0-96,0-96,,,53,,TRACTOR/SEMI-TRAILER,OTHER,OTHER,N,N,
2111637,4d48f06f96e9508eb374fa91e2f1d8dcb153b89bac876862e33d8391c4e984de62d786fd10d8b93ea5266a0ef2aefd2d1ec0e94c1777d24a2a105b7d610613d4,07/21/2025 06:30:00 PM,1,DRIVER,,2013033,,UNKNOWN,OTHER (EXPLAIN IN NARRATIVE),,,UNKNOWN,PASSENGER,UNKNOWN/NA,N,STRAIGHT AHEAD,,,1,,,,,,,,,,,,,,,Y,Y,,FRONT-LEFT-CORNER,,,,,,,,,,,,,,,,,,,,,,,,,,,,,,,,,
2111638,4d48f06f96e9508eb374fa91e2f1d8dcb153b89bac876862e33d8391c4e984de62d786fd10d8b93ea5266a0ef2aefd2d1ec0e94c1777d24a2a105b7d610613d4,07/21/2025 06:30:00 PM,2,PARKED,2,2013036,,KIA,FORTE,FL,2022,NONE,PASSENGER,RIDESHARE SERVICE,S,PARKED,,,2,,,,,,,,,,,Y,Y,Y,,,,,SIDE-LEFT,,,,,,,,,,,,,,,,,,,,,,,,,,,,,,,,,
2111635,ad0e3d1a29f1633a5f04d7f74eebd31ef718ad8322dc990c68ed7f79acea54de140e5f451da6d9739e6f2c72c57a63eef8c450c9c57db10de6cbd13abee9462e,07/21/2025 06:30:00 PM,1,DRIVER,,2013035,,CHEVROLET,CAMARO,IL,,UNKNOWN,UNKNOWN/NA,UNKNOWN/NA,W,STRAIGHT AHEAD,Y,,1,,personal,personL,,,,,,,N,,,,,,Y,,FRONT,,,,,,,,,,,,,,,,,,,,,,,,,,,,,,,,,
2111636,ad0e3d1a29f1633a5f04d7f74eebd31ef718ad8322dc990c68ed7f79acea54de140e5f451da6d9739e6f2c72c57a63eef8c450c9c57db10de6cbd13abee9462e,07/21/2025 06:30:00 PM,2,DRIVER,,2013040,,GENERAL MOTORS CORPORATION (GMC),SIERRA,IL,,UNKNOWN,UNKNOWN/NA,UNKNOWN/NA,W,STRAIGHT AHEAD,,,1,,,,,,,,,,Y,,,,,,,,REAR,,,,,,,,,,,,,,,,,,,,,,,,,,,,,,,,,
2111596,bd2fb51bcfb34bcadb29aaed02b8e701778d3ddb8a88b1dab69f778fc91a18559d49b4bbf26c2275a6e91c1c690e0b3a1c1d75c55d89596ce0a26f21bc7d5dfb,07/21/2025 06:20:00 PM,1,DRIVER,,2012998,,CHRYSLER,200,IL,2027,UNKNOWN,PASSENGER,PERSONAL,W,STRAIGHT AHEAD,,,1,,,,,Y,,,,,,,,,,Y,Y,,FRONT,,,,,,,,,,,,,,,,,,,,,,,,,,,,,,,,,
2111597,bd2fb51bcfb34bcadb29aaed02b8e701778d3ddb8a88b1dab69f778fc91a18559d49b4bbf26c2275a6e91c1c690e0b3a1c1d75c55d89596ce0a26f21bc7d5dfb,07/21/2025 06:20:00 PM,2,DRIVER,3,2013009,,MITSUBISHI,OUTLANDER,IL,2024,UNKNOWN,PASSENGER,PERSONAL,W,STRAIGHT AHEAD,,,4,,,,,,,,,Y,Y,Y,,,,,,,REAR,,,,,,,,,,,,,,,,,,,,,,,,,,,,,,,,,
2112696,cbe09c5b863fb92670991e8fb1fd68bcb8be0699172be6e0e9919819e7059ca015e70e99ff9bcfeccce33987e6d35d41ca9ce41f6a78be5352619e533faeafe8,07/21/2025 06:18:00 PM,1,DRIVER,,2014049,,JEEP,GRAND CHEROKEE,IL,2014,NONE,PASSENGER,PERSONAL,S,STRAIGHT AHEAD,,,1,,,,Y,,,,,,,,,,,,,N,NONE,,,,,,,,,,,,,,,,,,,,,,,,,,,,,,,,,
2112697,cbe09c5b863fb92670991e8fb1fd68bcb8be0699172be6e0e9919819e7059ca015e70e99ff9bcfeccce33987e6d35d41ca9ce41f6a78be5352619e533faeafe8,07/21/2025 06:18:00 PM,2,DRIVER,,2014056,,TOYOTA,RAV4,IL,2014,UNKNOWN,PASSENGER,PERSONAL,S,STRAIGHT AHEAD,,,1,,,,,,,,,,Y,,,,,N,,,REAR,,,,,,,,,,,,,,,,,,,,,,,,,,,,,,,,,
2111643,e2d7107db9a3a9f5abaac493b3dc2aca5793510de28b926b3f5f3701eef5140177c07975d9a41b4b7b379deaa5a786b59378bcf308230b8c92bc285cdd768c2f,07/21/2025 06:16:00 PM,1,DRIVER,,2013047,,OLDSMOBILE,AURORA,IL,1999,UNKNOWN,PASSENGER,PERSONAL,W,STRAIGHT AHEAD,Y,,1,,PERSONAL,PERSONAL,,N,,,,,,,,,,N,N,Y,FRONT,,,,,,,,,,,,,,,,,,,,,,,,,,,,,,,,,
2111644,e2d7107db9a3a9f5abaac493b3dc2aca5793510de28b926b3f5f3701eef5140177c07975d9a41b4b7b379deaa5a786b59378bcf308230b8c92bc285cdd768c2f,07/21/2025 06:16:00 PM,2,DRIVER,,2013050,,FORD,TAURUS,IL,2013,NONE,PASSENGER,PERSONAL,W,STRAIGHT AHEAD,,,1,,,,,,,,,Y,Y,Y,,,,,,,REAR,,,,,,,,,,,,,,,,,,,,,,,,,,,,,,,,,
2111633,a2491928534bf7987bd346ea7f0eba146a4def63192ac5f78526d11cd0cc202eec8ccd3249c58d944c0a25b0f2b3c7e103cd3fd87d0b4a236b4e8e9784bb99a4,07/21/2025 06:15:00 PM,1,DRIVER,,2013029,,UNKNOWN,MOTORIZED,,,UNKNOWN,UNKNOWN/NA,UNKNOWN/NA,E,ENTERING TRAFFIC LANE FROM PARKING,,,1,,,,,,,,,,,,,,,Y,,,FRONT-LEFT-CORNER,,,,,,,,,,,,,,,,,,,,,,,,,,,,,,,,,
2111634,a2491928534bf7987bd346ea7f0eba146a4def63192ac5f78526d11cd0cc202eec8ccd3249c58d944c0a25b0f2b3c7e103cd3fd87d0b4a236b4e8e9784bb99a4,07/21/2025 06:15:00 PM,2,DRIVER,1,2013041,,MAZDA,CX-5,IL,2018,NONE,SPORT UTILITY VEHICLE (SUV),PERSONAL,E,LEAVING TRAFFIC LANE TO PARK,,,2,,,,,,,Y,Y,Y,,,,,,,,,SIDE-RIGHT,,,,,,,,,,,,,,,,,,,,,,,,,,,,,,,,,
2113267,f0aebb266d33b60757dc7db5d9c6be49ae740acf0164e1b4748a1bc6cefd60b1fee5575f61627129a8d85e377adfe87d7bae14bb167546a7559eda0236289514,07/21/2025 06:10:00 PM,1,DRIVER,,2014608,,BMW,X3,IL,2025,NONE,SPORT UTILITY VEHICLE (SUV),PERSONAL,W,STRAIGHT AHEAD,,,1,,,,,,,,,,,,,,,,Y,,FRONT,,,,,,,,,,,,,,,,,,,,,,,,,,,,,,,,,
2113268,f0aebb266d33b60757dc7db5d9c6be49ae740acf0164e1b4748a1bc6cefd60b1fee5575f61627129a8d85e377adfe87d7bae14bb167546a7559eda0236289514,07/21/2025 06:10:00 PM,2,DRIVER,,2014624,,ACURA,RLX,,,UNKNOWN,PASSENGER,PERSONAL,W,SLOW/STOP IN TRAFFIC,,,1,,,,,,,,,,Y,,,,,,,,REAR,,,,,,,,,,,,,,,,,,,,,,,,,,,,,,,,,
2111606,d3da0271519eb466a5910f0d6fd6062cae6c42ea007cbb139a82eb5547f597e3fe594c93fd1c8d3de960b60706dd29e3b0a3c584646d5e7dc864c032b5d260e4,07/21/2025 06:06:00 PM,1,DRIVER,,2013008,,HYUNDAI,IONIC,IL,2024,NONE,PASSENGER,PERSONAL,SE,TURNING RIGHT,,,1,,,,,,,,,,,,,,,N,Y,,FRONT,,,,,,,,,,,,,,,,,,,,,,,,,,,,,,,,,
2111607,d3da0271519eb466a5910f0d6fd6062cae6c42ea007cbb139a82eb5547f597e3fe594c93fd1c8d3de960b60706dd29e3b0a3c584646d5e7dc864c032b5d260e4,07/21/2025 06:06:00 PM,2,BICYCLE,,,,,,,,,,,,,,,,,,,,,,,,,,,,,,,,,,,,,,,,,,,,,,,,,,,,,,,,,,,,,,,,,,
2111639,e93c6e9be2c4dc6cde51e8691f965398ba836c3534883414891687c99b34f178c545085f3c0b431debd67ba3a678c7d3840b8be413d9e5f2431c0455cae1121a,07/21/2025 06:02:00 PM,1,DRIVER,,2013044,,HONDA,CIVIC,IL,,UNKNOWN,PASSENGER,UNKNOWN/NA,E,STRAIGHT AHEAD,Y,,1,,PERSONAL,,,Y,,,,,,,,,,Y,Y,,FRONT,,,,,,,,,,,,,,,,,,,,,,,,,,,,,,,,,
2111640,e93c6e9be2c4dc6cde51e8691f965398ba836c3534883414891687c99b34f178c545085f3c0b431debd67ba3a678c7d3840b8be413d9e5f2431c0455cae1121a,07/21/2025 06:02:00 PM,2,DRIVER,,2013051,,TOYOTA,RAV4,IL,,UNKNOWN,SPORT UTILITY VEHICLE (SUV),UNKNOWN/NA,E,STRAIGHT AHEAD,,,1,,,,,,,,,Y,Y,,,,,,,,REAR,,,,,,,,,,,,,,,,,,,,,,,,,,,,,,,,,
2111692,a312b1be190448f3d31928395eeeb6117c954fd6cb0ae6c19f39a65e35482ef6971011218a590176b0126e826c99a7e5d98fed3797797c415ad4036ac44ac01c,07/21/2025 06:00:00 PM,1,DRIVER,,2013095,,FORD,MUSTANG,WI,2023,UNKNOWN,PASSENGER,UNKNOWN/NA,E,STRAIGHT AHEAD,,,1,,,,,,,,,,,,,,,,,,FRONT,,,,,,,,,,,,,,,,,,,,,,,,,,,,,,,,,
2111693,a312b1be190448f3d31928395eeeb6117c954fd6cb0ae6c19f39a65e35482ef6971011218a590176b0126e826c99a7e5d98fed3797797c415ad4036ac44ac01c,07/21/2025 06:00:00 PM,2,DRIVER,,2013098,,TESLA,MODEL Y,IL,2021,UNKNOWN,PASSENGER,PERSONAL,E,STRAIGHT AHEAD,,,1,,,,,,,,,,,,,,,,,,REAR,,,,,,,,,,,,,,,,,,,,,,,,,,,,,,,,,
2111602,d48c032e94dde60c100fcb3c9a743a9c2e0b46a615bcae8ff833bd3d2600c136ad440b79c7532fc818197f30b712fc92d0db5264eb6798ab2bb38e86ba18ff5a,07/21/2025 06:00:00 PM,1,DRIVER,,2013000,,BUICK,ENCLAVE,IL,2013,UNKNOWN,SPORT UTILITY VEHICLE (SUV),PERSONAL,E,STRAIGHT AHEAD,,,1,,,,,,,,Y,Y,,,,,,,,,SIDE-RIGHT-REAR,,,,,,,,,,,,,,,,,,,,,,,,,,,,,,,,,
2111603,d48c032e94dde60c100fcb3c9a743a9c2e0b46a615bcae8ff833bd3d2600c136ad440b79c7532fc818197f30b712fc92d0db5264eb6798ab2bb38e86ba18ff5a,07/21/2025 06:00:00 PM,2,PARKED,,2013006,,GENESIS,G80,IN,2025,UNKNOWN,SPORT UTILITY VEHICLE (SUV),PERSONAL,E,PARKED,,,0,,,,,,,,,,,,,,,Y,,,FRONT-LEFT-CORNER,,,,,,,,,,,,,,,,,,,,,,,,,,,,,,,,,
2111566,25a9ca255780b2bd6e9091a6c4e16d6b7f19525b57c4cf89b76671a41133ab511d1d784bf6f1b6b050d80f51a90286e7604c39860d150fe6d121e02c1a2b50a9,07/21/2025 05:40:00 PM,1,DRIVER,,2012972,,FORD,EXPLORER,IL,2015,NONE,SPORT UTILITY VEHICLE (SUV),PERSONAL,W,STRAIGHT AHEAD,,,1,,,,,,,,,,,,,,,Y,,,FRONT-LEFT-CORNER,,,,,,,,,,,,,,,,,,,,,,,,,,,,,,,,,
2111567,25a9ca255780b2bd6e9091a6c4e16d6b7f19525b57c4cf89b76671a41133ab511d1d784bf6f1b6b050d80f51a90286e7604c39860d150fe6d121e02c1a2b50a9,07/21/2025 05:40:00 PM,2,DRIVER,1,2012990,,FORD,EXPLORER,IL,2023,NONE,SPORT UTILITY VEHICLE (SUV),POLICE,W,TURNING RIGHT,,,2,,,,,,,,,Y,,,,,,,,,REAR-RIGHT-CORNER,,,,,,,,,,,,,,,,,,,,,,,,,,,,,,,,,
2111630,e520b6b054656d9971749507bd1c4efd5aefa0d4f45d2a6f18af5922d2bb5801fbed514a96e4625ff098d7949e57e22c2db2721bca4c4647841d5a0f2a65e624,07/21/2025 05:40:00 PM,1,DRIVER,,2013032,,SUBARU,OUTBACK,IL,2019,NONE,PASSENGER,PERSONAL,N,AVOIDING VEHICLES/OBJECTS,Y,,1,,,,,Y,Y,,Y,,,,,,,,,,FRONT-RIGHT-CORNER,,,,,,,,,,,,,,,,,,,,,,,,,,,,,,,,,
2111631,e520b6b054656d9971749507bd1c4efd5aefa0d4f45d2a6f18af5922d2bb5801fbed514a96e4625ff098d7949e57e22c2db2721bca4c4647841d5a0f2a65e624,07/21/2025 05:40:00 PM,2,DRIVER,,2013038,,JEEP,WRANGLER,IL,2013,NONE,PASSENGER,PERSONAL,N,STRAIGHT AHEAD,,,1,,,,,,,,,,,,Y,,,,,,REAR-LEFT-CORNER,,,,,,,,,,,,,,,,,,,,,,,,,,,,,,,,,
2111632,e520b6b054656d9971749507bd1c4efd5aefa0d4f45d2a6f18af5922d2bb5801fbed514a96e4625ff098d7949e57e22c2db2721bca4c4647841d5a0f2a65e624,07/21/2025 05:40:00 PM,3,DRIVER,1,2013046,,BMW,635,IL,2025,NONE,PASSENGER,PERSONAL,N,STRAIGHT AHEAD,,,2,,,,,,,,,,,Y,,,Y,N,,,REAR-LEFT-CORNER,,,,,,,,,,,,,,,,,,,,,,,,,,,,,,,,,
2111575,6841cc6e000699f73271a31890552b7ea6d0604f12e3310911f59a3bfb5321fa9a409ad73a23f41420d336b756dd86f31ef0556aba34b17883048b958d56e4ab,07/21/2025 05:39:00 PM,1,DRIVER,1,2012973,,MAZDA,MAZDA3,IL,2015,UNKNOWN,PASSENGER,PERSONAL,E,STRAIGHT AHEAD,,,2,,,,,Y,,,,,,,,,,Y,Y,Y,FRONT,,,,,,,,,,,,,,,,,,,,,,,,,,,,,,,,,
2111576,6841cc6e000699f73271a31890552b7ea6d0604f12e3310911f59a3bfb5321fa9a409ad73a23f41420d336b756dd86f31ef0556aba34b17883048b958d56e4ab,07/21/2025 05:39:00 PM,2,DRIVER,,2012984,,MAZDA,CX-5,IL,2021,UNKNOWN,PASSENGER,PERSONAL,E,STRAIGHT AHEAD,,,1,,,,,Y,,,,Y,Y,Y,,,,Y,Y,Y,REAR,,,,,,,,,,,,,,,,,,,,,,,,,,,,,,,,,
2111577,6841cc6e000699f73271a31890552b7ea6d0604f12e3310911f59a3bfb5321fa9a409ad73a23f41420d336b756dd86f31ef0556aba34b17883048b958d56e4ab,07/21/2025 05:39:00 PM,3,DRIVER,,2012995,,BUICK,ENCORE,IN,2015,UNKNOWN,PASSENGER,PERSONAL,E,STRAIGHT AHEAD,,,1,,,,,,,,,Y,Y,Y,,,,,,Y,REAR,,,,,,,,,,,,,,,,,,,,,,,,,,,,,,,,,
2111594,8b58863dc0569ca990bac8f8d5985a9697dd2f6d4df7094b45f78838636a73fd9276ed2681eaf3cb0c23c9608bc8dcdd32028639c27b7556c66c90f9c3ba28b5,07/21/2025 05:36:00 PM,1,PARKED,,2012983,,FORD,FUSION,IL,2013,NONE,PASSENGER,PERSONAL,E,PARKED,,,0,,,,,,,Y,Y,,,,,,,,,,SIDE-RIGHT,,,,,,,,,,,,,,,,,,,,,,,,,,,,,,,,,
2111595,8b58863dc0569ca990bac8f8d5985a9697dd2f6d4df7094b45f78838636a73fd9276ed2681eaf3cb0c23c9608bc8dcdd32028639c27b7556c66c90f9c3ba28b5,07/21/2025 05:36:00 PM,2,DRIVER,,2012989,,TOYOTA,COROLLA,IL,2020,NONE,PASSENGER,PERSONAL,E,STRAIGHT AHEAD,,,1,,,,,,,,,,,,Y,Y,Y,Y,,,FRONT-LEFT-CORNER,,,,,,,,,,,,,,,,,,,,,,,,,,,,,,,,,
2111580,a8f2f48eaf3278c4280058a51551ee97a2cb4063b67877c5dd3043cb27fbd4438422004104cd47b22802a766abbc4b06a1429f137d51a98ee9818f2e9206019f,07/21/2025 05:35:00 PM,1,DRIVER,,2012976,,TOYOTA,SIENNA,IL,2022,NONE,VAN/MINI-VAN,PERSONAL,N,CHANGING LANES,,,1,,,,,,,,,,,,,,,Y,,,FRONT-LEFT-CORNER,,,,,,,,,,,,,,,,,,,,,,,,,,,,,,,,,
2111581,a8f2f48eaf3278c4280058a51551ee97a2cb4063b67877c5dd3043cb27fbd4438422004104cd47b22802a766abbc4b06a1429f137d51a98ee9818f2e9206019f,07/21/2025 05:35:00 PM,2,DRIVER,1,2012985,,CHEVROLET,COLORADO,IL,2011,NONE,PICKUP,PERSONAL,N,STRAIGHT AHEAD,,,2,,,,,,,,,Y,,,,,,,,,REAR-RIGHT-CORNER,,,,,,,,,,,,,,,,,,,,,,,,,,,,,,,,,
2111556,5f918fdd892e5675334547e5a662caa812ff80262a226156169c621a39a2b3bbea9502548326184a5d565b0073dc8352c6be23da9c29857537bfc8a5160f1b52,07/21/2025 05:30:00 PM,1,DRIVER,,2012961,,FORD,EXPLORER,IL,2008,NONE,PASSENGER,PERSONAL,S,STRAIGHT AHEAD,,,1,,,,,,,,,,,,,,,,Y,,FRONT,,,,,,,,,,,,,,,,,,,,,,,,,,,,,,,,,
2111557,5f918fdd892e5675334547e5a662caa812ff80262a226156169c621a39a2b3bbea9502548326184a5d565b0073dc8352c6be23da9c29857537bfc8a5160f1b52,07/21/2025 05:30:00 PM,2,DRIVER,,2012964,,CHEVROLET,TRAVERSE,IL,2014,NONE,PASSENGER,PERSONAL,S,STRAIGHT AHEAD,,,1,,,,,,,,,,Y,,,,,,,,REAR,,,,,,,,,,,,,,,,,,,,,,,,,,,,,,,,,
2111587,bdd0118362a19c2f987fd651d2d9a878b0dde6197a9de709eadc6111be3f2e6f6c3e2052630cc77988a836121b7cd686bf0e18420ba4d4c17fec554fcd6b86d2,07/21/2025 05:22:00 PM,1,DRIVER,,2013021,Y,FREIGHTLINER CORPORATION,FREIGHTLINER CORP.,IL,2022,NONE,TRACTOR W/ SEMI-TRAILER,COMMERCIAL - SINGLE UNIT,E,STRAIGHT AHEAD,,,1,,,,,,,,,,Y,,,,,,,,REAR,"21,859",,,,,,TEMPO FRIGHT,IL,SCHAUMBURG,,,,N,N,,N,,N,N,,,,,,,,,TRACTOR/SEMI-TRAILER,,UNKNOWN,N,N,
2111588,bdd0118362a19c2f987fd651d2d9a878b0dde6197a9de709eadc6111be3f2e6f6c3e2052630cc77988a836121b7cd686bf0e18420ba4d4c17fec554fcd6b86d2,07/21/2025 05:22:00 PM,2,DRIVER,1,2012999,,MAZDA,CX-3,IL,2012,NONE,PASSENGER,PERSONAL,E,STRAIGHT AHEAD,,,2,,,,,,,,,,,,,,,,Y,,FRONT,,,,,,,,,,,,,,,,,,,,,,,,,,,,,,,,,
2112648,8572ee5cedfd93e1d6d2fb28eb4cfbba0960bcb8d1eda337cdfb19555ae5f292c352c68f6ffa09a28995a390bc422f8bdf4e5e5af275499b6d6390e00d3d155c,07/21/2025 05:20:00 PM,1,DRIVER,,2014003,,NISSAN,JUKE,IL,2012,NONE,PASSENGER,UNKNOWN/NA,E,ENTERING TRAFFIC LANE FROM PARKING,,,1,,,,,,,,,,,,,Y,Y,,,,SIDE-LEFT,,,,,,,,,,,,,,,,,,,,,,,,,,,,,,,,,
2112649,8572ee5cedfd93e1d6d2fb28eb4cfbba0960bcb8d1eda337cdfb19555ae5f292c352c68f6ffa09a28995a390bc422f8bdf4e5e5af275499b6d6390e00d3d155c,07/21/2025 05:20:00 PM,2,BICYCLE,,,,,,,,,,,,,,,,,,,,,,,,,,,,,,,,,,,,,,,,,,,,,,,,,,,,,,,,,,,,,,,,,,
2111547,eb6736104d6ac5c92565a89adf7eb0acdf637ba93da34e2c20cb8db1d616f47977169bde4ef46491906c4895cf68935b74f8c427a16767c46054f375a300c8f2,07/21/2025 05:20:00 PM,1,DRIVER,,2012946,,FORD,ESCAPE,IL,2013,NONE,SPORT UTILITY VEHICLE (SUV),PERSONAL,E,TURNING RIGHT,,,1,,,,,,,,,,,,,,,,Y,,FRONT,,,,,,,,,,,,,,,,,,,,,,,,,,,,,,,,,
2111548,eb6736104d6ac5c92565a89adf7eb0acdf637ba93da34e2c20cb8db1d616f47977169bde4ef46491906c4895cf68935b74f8c427a16767c46054f375a300c8f2,07/21/2025 05:20:00 PM,2,DRIVER,,2012953,,KIA,SOUL,IL,2016,NONE,PASSENGER,PERSONAL,S,STRAIGHT AHEAD,,,1,,,,,Y,Y,,,,,,,,,,,,FRONT-RIGHT-CORNER,,,,,,,,,,,,,,,,,,,,,,,,,,,,,,,,,
2115071,f299cc8fdda0ce9b49282c3a6c6fab7b82a1b4dd2c0c3f533dabf2f71f04c744bca0cad05718e39c8e3904b7f3d9464908df57b67fa716deab84d999c47625df,07/21/2025 05:20:00 PM,1,DRIVER,,2016304,,VOLKSWAGEN,EOS,IL,2012,UNKNOWN,PASSENGER,UNKNOWN/NA,N,STRAIGHT AHEAD,,,1,,,,,Y,Y,,,,,,,,,N,,,FRONT-RIGHT-CORNER,,,,,,,,,,,,,,,,,,,,,,,,,,,,,,,,,
2115072,f299cc8fdda0ce9b49282c3a6c6fab7b82a1b4dd2c0c3f533dabf2f71f04c744bca0cad05718e39c8e3904b7f3d9464908df57b67fa716deab84d999c47625df,07/21/2025 05:20:00 PM,2,DRIVER,,2016305,Y,"PETERBILT MOTORS COMPANY (DIVISION OF PACCAR, INC.)","PETERBILT MOTORS CO., DIVISION PACCAR, INC.",IN,2024,NONE,TRACTOR W/ SEMI-TRAILER,COMMERCIAL - MULTI-UNIT,N,STRAIGHT AHEAD,Y,,1,,owner,unknown,,,,,,,,,,,,Y,,,FRONT-LEFT-CORNER,"21,896",076065,,,PAPERS,3,BULKMATIC TRANSPORT COMPANY INC,IN,GRIFFITH,,,,N,N,,N,,N,N,076065,,97-102,,13,,13,5,TRACTOR/SEMI-TRAILER,OTHER,OTHER,N,N,
2111585,b3543ab31b6017337fdf633752b10a0aa2e03434310b2f0cca95a231fcfcd632bf44a123a3f60043ff46cfd7f42424ed846964ca8a9ed9b2c5344c0868d6271e,07/21/2025 05:19:00 PM,1,DRIVER,,2012980,,CHEVROLET,C/K 1500,IL,2017,UNKNOWN,PICKUP,PERSONAL,E,TURNING RIGHT,,,1,,,,,Y,,,,,,,,,,,Y,,FRONT-RIGHT-CORNER,,,,,,,,,,,,,,,,,,,,,,,,,,,,,,,,,
2111586,b3543ab31b6017337fdf633752b10a0aa2e03434310b2f0cca95a231fcfcd632bf44a123a3f60043ff46cfd7f42424ed846964ca8a9ed9b2c5344c0868d6271e,07/21/2025 05:19:00 PM,2,DRIVER,,2012986,,TOYOTA,SUPRA,IL,2020,NONE,PASSENGER,PERSONAL,E,STRAIGHT AHEAD,,,1,,,,,,,,,,,,,,Y,Y,,,FRONT-LEFT-CORNER,,,,,,,,,,,,,,,,,,,,,,,,,,,,,,,,,
2111543,8cb7e05902f9dae41f455cbd4ea3ba6b60a4dca8fe9f3d07aad5d49243f94ef1a6613074309b840fd78bddb71459aa34e44683dcd9c81520cea499e7fdf4ee85,07/21/2025 05:06:00 PM,1,DRIVER,,2012947,,FORD,FUSION,IL,2019,UNKNOWN,PASSENGER,PERSONAL,N,STRAIGHT AHEAD,,,1,,,,,Y,,,,,,,,,,,Y,,FRONT,,,,,,,,,,,,,,,,,,,,,,,,,,,,,,,,,
2111544,8cb7e05902f9dae41f455cbd4ea3ba6b60a4dca8fe9f3d07aad5d49243f94ef1a6613074309b840fd78bddb71459aa34e44683dcd9c81520cea499e7fdf4ee85,07/21/2025 05:06:00 PM,2,DRIVER,1,2012956,,CHEVROLET,EXPRESS,IL,2010,UNKNOWN,VAN/MINI-VAN,PERSONAL,N,SLOW/STOP IN TRAFFIC,,,2,,,,,,,,,,Y,Y,,,,,,,REAR,,,,,,,,,,,,,,,,,,,,,,,,,,,,,,,,,
2111562,0456de334992a220fb5cea1937f803bbaa8a332965e8ebf5d12b1a1f14b5431f8664b62a5ab8b97c7ac634cbb1fcc634508d3e6e0ff7b02f2c53415de25b8115,07/21/2025 05:00:00 PM,1,DRIVER,,2012963,,MINI,CLUBMAN,IL,2017,NONE,PASSENGER,PERSONAL,S,STRAIGHT AHEAD,,,1,,,,Y,,,,,,,,,,,,,,SIDE-LEFT,,,,,,,,,,,,,,,,,,,,,,,,,,,,,,,,,
2111563,0456de334992a220fb5cea1937f803bbaa8a332965e8ebf5d12b1a1f14b5431f8664b62a5ab8b97c7ac634cbb1fcc634508d3e6e0ff7b02f2c53415de25b8115,07/21/2025 05:00:00 PM,2,PARKED,,2012967,,DODGE,CHARGER,IL,2020,NONE,PASSENGER,NOT IN USE,S,PARKED,,,0,,,,,,,,,,,Y,Y,Y,Y,,,,SIDE-LEFT,,,,,,,,,,,,,,,,,,,,,,,,,,,,,,,,,
2112698,90c105a18a48e38beaea5c36d6d167805e62d433bc44b65cf2ce3f39b4312c347d01c9bc6b6e5fc30ed4e74aacce94ef74e5a07f973b05d318ca28a8ff22183b,07/21/2025 05:00:00 PM,1,DRIVER,,2014058,,UNKNOWN,OTHER (EXPLAIN IN NARRATIVE),XX,,UNKNOWN,UNKNOWN/NA,UNKNOWN/NA,W,STRAIGHT AHEAD,,,1,,,,,,,,,,,,,,,,,,UNKNOWN,,,,,,,,,,,,,,,,,,,,,,,,,,,,,,,,,