CRASH_UNIT_ID,CRASH_RECORD_ID,CRASH_DATE,UNIT_NO,UNIT_TYPE,NUM_PASSENGERS,VEHICLE_ID,CMRC_VEH_I,MAKE,MODEL,LIC_PLATE_STATE,VEHICLE_YEAR,VEHICLE_DEFECT,VEHICLE_TYPE,VEHICLE_USE,TRAVEL_DIRECTION,MANEUVER,TOWED_I,FIRE_I,OCCUPANT_CNT,EXCEED_SPEED_LIMIT_I,TOWED_BY,TOWED_TO,AREA_00_I,AREA_01_I,AREA_02_I,AREA_03_I,AREA_04_I,AREA_05_I,AREA_06_I,AREA_07_I,AREA_08_I,AREA_09_I,AREA_10_I,AREA_11_I,AREA_12_I,AREA_99_I,FIRST_CONTACT_POINT,CMV_ID,USDOT_NO,CCMC_NO,ILCC_NO,COMMERCIAL_SRC,GVWR,CARRIER_NAME,CARRIER_STATE,CARRIER_CITY,HAZMAT_PLACARDS_I,HAZMAT_NAME,UN_NO,HAZMAT_PRESENT_I,HAZMAT_REPORT_I,HAZMAT_REPORT_NO,MCS_REPORT_I,MCS_REPORT_NO,HAZMAT_VIO_CAUSE_CRASH_I,MCS_VIO_CAUSE_CRASH_I,IDOT_PERMIT_NO,WIDE_LOAD_I,TRAILER1_WIDTH,TRAILER2_WIDTH,TRAILER1_LENGTH,TRAILER2_LENGTH,TOTAL_VEHICLE_LENGTH,AXLE_CNT,VEHICLE_CONFIG,CARGO_BODY_TYPE,LOAD_TYPE,HAZMAT_OUT_OF_SERVICE_I,MCS_OUT_OF_SERVICE_I,HAZMAT_CLASS
2112699,90c105a18a48e38beaea5c36d6d167805e62d433bc44b65cf2ce3f39b4312c347d01c9bc6b6e5fc30ed4e74aacce94ef74e5a07f973b05d318ca28a8ff22183b,07/21/2025 05:00:00 PM,2,PARKED,,2014066,,KIA,NIRO,,2024,UNKNOWN,UNKNOWN/NA,PERSONAL,W,PARKED,,,0,,,,,,,Y,Y,Y,,,,,,,,,SIDE-RIGHT-REAR,,,,,,,,,,,,,,,,,,,,,,,,,,,,,,,,,
2111535,9432f35abf3dfea2fe5a498d4cbf3c00cce51978d9e9868e40e0dadaa859143de6e09ec8b98c7de6f2bbeb2ae26b77b8c26b776bc91e741c9e8d2555db9dec34,07/21/2025 05:00:00 PM,1,DRIVER,,2012945,,KIA,SORENTO,IL,2008,UNKNOWN,PASSENGER,PERSONAL,S,BACKING,,,1,,,,,,,,,,Y,,,,,,,,REAR,,,,,,,,,,,,,,,,,,,,,,,,,,,,,,,,,
2111536,9432f35abf3dfea2fe5a498d4cbf3c00cce51978d9e9868e40e0dadaa859143de6e09ec8b98c7de6f2bbeb2ae26b77b8c26b776bc91e741c9e8d2555db9dec34,07/21/2025 05:00:00 PM,2,DRIVER,,2012959,,HOLIDAY ROYAL TRAVEL TRAILER,HOLIDAY ROYAL TRAVEL TRAILER,IL,2011,NONE,OTHER VEHICLE WITH TRAILER,CONSTRUCTION/MAINTENANCE,W,STRAIGHT AHEAD,,,1,,,,,,,,,,,Y,Y,,,,,,SIDE-LEFT-REAR,,,,,,,,,,,,,,,,,,,,,,,,,,,,,,,,,
2111560,f2714cd361c8720b3fcabc057890ac740828fe683b68de35c8c4bd5cc3e96e016be2f7ffbcbddb8fda5e2fe1e00cfbbcd550a3df75db5b0e37a261178b4e1c8c,07/21/2025 05:00:00 PM,1,DRIVER,,2012958,,HONDA,CR-V,IL,2011,UNKNOWN,SPORT UTILITY VEHICLE (SUV),UNKNOWN/NA,UNKNOWN,UNKNOWN/NA,,,1,,,,,,,,,,,,,,Y,,,,SIDE-LEFT,,,,,,,,,,,,,,,,,,,,,,,,,,,,,,,,,
2111561,f2714cd361c8720b3fcabc057890ac740828fe683b68de35c8c4bd5cc3e96e016be2f7ffbcbddb8fda5e2fe1e00cfbbcd550a3df75db5b0e37a261178b4e1c8c,07/21/2025 05:00:00 PM,2,DRIVER,,2012962,,TOYOTA,PRIUS,IL,2012,UNKNOWN,PASSENGER,PERSONAL,UNKNOWN,BACKING,,,1,,,,,,,,,,,Y,,,,,,,SIDE-LEFT-REAR,,,,,,,,,,,,,,,,,,,,,,,,,,,,,,,,,
2111513,7becac9630f9c27a0fb2a52841ba2dd4920cd19d952130ccd37c3abaadd117869f5fbc4cd5bdbbb5a17dd40ff97e2315f7e9cb953a554969e00687ece91bb3d5,07/21/2025 04:46:00 PM,1,DRIVER,1,2012917,,KIA,SORENTO,IL,2019,NONE,SPORT UTILITY VEHICLE (SUV),PERSONAL,UNKNOWN,BACKING,,,2,,,,,Y,Y,,,,,,,,,,,,FRONT-RIGHT-CORNER,,,,,,,,,,,,,,,,,,,,,,,,,,,,,,,,,
2111514,7becac9630f9c27a0fb2a52841ba2dd4920cd19d952130ccd37c3abaadd117869f5fbc4cd5bdbbb5a17dd40ff97e2315f7e9cb953a554969e00687ece91bb3d5,07/21/2025 04:46:00 PM,2,PARKED,2,2012923,,DODGE,COLT,IL,2013,NONE,PASSENGER,NOT IN USE,UNKNOWN,PARKED,,,2,,,,,,,,,,,,,,,Y,,,FRONT-LEFT-CORNER,,,,,,,,,,,,,,,,,,,,,,,,,,,,,,,,,
2111573,5791e7c82da4075babd6900e27dd8bb1bd54bf4818f06371ddddb7e5c667d220bae5932145c46c252db5f1d6c6feaa517c834472fcc54d65f74056d649aeec22,07/21/2025 04:45:00 PM,1,DRIVER,,2013007,,FORD,TRANSIT,IN,2024,NONE,VAN/MINI-VAN,PERSONAL,N,STRAIGHT AHEAD,,,1,,,,,,,,,Y,,,,,,,,,SIDE-RIGHT-REAR,,,,,,,,,,,,,,,,,,,,,,,,,,,,,,,,,
2111574,5791e7c82da4075babd6900e27dd8bb1bd54bf4818f06371ddddb7e5c667d220bae5932145c46c252db5f1d6c6feaa517c834472fcc54d65f74056d649aeec22,07/21/2025 04:45:00 PM,2,PARKED,,2013039,,FORD,FUSION,IL,2018,NONE,PASSENGER,PERSONAL,N,PARKED,,,0,,,,,,,,,,,,,,Y,Y,,,SIDE-LEFT,,,,,,,,,,,,,,,,,,,,,,,,,,,,,,,,,
2111608,02df9662060427082dc3e54b630608547c4725306d9d4193ce8179c228af34644164856d5d52b7b7672bc94ffc375aa8b56e2288f6c90e09cbe77ad27b424e31,07/21/2025 04:43:00 PM,1,DRIVER,,2013018,,DODGE,CHARGER,IL,2018,UNKNOWN,PASSENGER,PERSONAL,S,STRAIGHT AHEAD,Y,,1,,CPD,701 SACRAMENTO,,Y,,,,,,,,,,Y,Y,,FRONT,,,,,,,,,,,,,,,,,,,,,,,,,,,,,,,,,
2111609,02df9662060427082dc3e54b630608547c4725306d9d4193ce8179c228af34644164856d5d52b7b7672bc94ffc375aa8b56e2288f6c90e09cbe77ad27b424e31,07/21/2025 04:43:00 PM,2,PARKED,,2013023,,TOYOTA,OTHER (EXPLAIN IN NARRATIVE),IL,2005,UNKNOWN,TRUCK - SINGLE UNIT,NOT IN USE,S,PARKED,,,0,,,,,,,,,,Y,Y,,,,,,,REAR-LEFT-CORNER,,,,,,,,,,,,,,,,,,,,,,,,,,,,,,,,,
2111610,02df9662060427082dc3e54b630608547c4725306d9d4193ce8179c228af34644164856d5d52b7b7672bc94ffc375aa8b56e2288f6c90e09cbe77ad27b424e31,07/21/2025 04:43:00 PM,3,PARKED,,2013028,,HONDA,ODYSSEY,IL,2006,UNKNOWN,VAN/MINI-VAN,NOT IN USE,S,PARKED,,,0,,,,,,,,,,,Y,,,,,,,SIDE-LEFT-REAR,,,,,,,,,,,,,,,,,,,,,,,,,,,,,,,,,
2111509,644196298215b3a83960f37cbcf4e1bc1fc82c352e72e8d1ec692739851835df5568c928ee7ef0b30985e413a12dbbd880b0c9b41912f1d28b05028142439b51,07/21/2025 04:38:00 PM,1,DRIVER,,2012913,,UNKNOWN,OTHER (EXPLAIN IN NARRATIVE),,,UNKNOWN,PASSENGER,UNKNOWN/NA,W,TURNING RIGHT,,,1,,,,,Y,,,,,,,,,,Y,Y,,FRONT,,,,,,,,,,,,,,,,,,,,,,,,,,,,,,,,,
2111510,644196298215b3a83960f37cbcf4e1bc1fc82c352e72e8d1ec692739851835df5568c928ee7ef0b30985e413a12dbbd880b0c9b41912f1d28b05028142439b51,07/21/2025 04:38:00 PM,2,PEDESTRIAN,,,,,,,,,,,,,,,,,,,,,,,,,,,,,,,,,,,,,,,,,,,,,,,,,,,,,,,,,,,,,,,,,,
2111583,138a0b55a4ccf8ad72d8aabd3b7f78f7be557646e445118076617218d3358047b7a37f496f241466c710d3ba05e6c6b1dba0dabae114746a22ef6585ace9ec86,07/21/2025 04:30:00 PM,1,DRIVER,,2012992,,TOYOTA,4RUNNER,IL,2008,UNKNOWN,SPORT UTILITY VEHICLE (SUV),PERSONAL,E,LEAVING TRAFFIC LANE TO PARK,,,1,,,,,,,Y,Y,Y,Y,,,,,,,,REAR-RIGHT-CORNER,,,,,,,,,,,,,,,,,,,,,,,,,,,,,,,,,
2111584,138a0b55a4ccf8ad72d8aabd3b7f78f7be557646e445118076617218d3358047b7a37f496f241466c710d3ba05e6c6b1dba0dabae114746a22ef6585ace9ec86,07/21/2025 04:30:00 PM,2,PARKED,,2013002,,HONDA,ACCORD,IL,2017,UNKNOWN,PASSENGER,NOT IN USE,E,PARKED,,,0,,,,,Y,,,,,,,,,Y,Y,Y,,FRONT-LEFT-CORNER,,,,,,,,,,,,,,,,,,,,,,,,,,,,,,,,,
2111449,d5156e52dceefb3c02c56793644b46843e9a14d145331bd17cb0e34b7430eeb5bbb1321040671b4a6be7bb358183b874c893cba6ece75e7c02791097c461c8a1,07/21/2025 04:20:00 PM,1,DRIVER,,2012881,,LEXUS,NX,WI,2015,NONE,SPORT UTILITY VEHICLE (SUV),PERSONAL,W,STRAIGHT AHEAD,,,1,,,,,,,,,,,,,,,Y,Y,,FRONT,,,,,,,,,,,,,,,,,,,,,,,,,,,,,,,,,
2111450,d5156e52dceefb3c02c56793644b46843e9a14d145331bd17cb0e34b7430eeb5bbb1321040671b4a6be7bb358183b874c893cba6ece75e7c02791097c461c8a1,07/21/2025 04:20:00 PM,2,DRIVER,,2012870,,HONDA,ACCORD,IL,2023,NONE,PASSENGER,PERSONAL,W,SLOW/STOP IN TRAFFIC,,,1,,,,,,,,,Y,Y,Y,,,,,,,REAR,,,,,,,,,,,,,,,,,,,,,,,,,,,,,,,,,
2111815,3bd477e2801e6b00b22a54ce546ba7a5e9e43be7692255bd8e822add4a308288ae21db3345e78c7abd1f9c977063dc3912644cebce14f92c113a0935ef654450,07/21/2025 04:16:00 PM,1,DRIVER,,2013212,,TOYOTA,PRIUS,IL,2024,UNKNOWN,PASSENGER,PERSONAL,N,CHANGING LANES,,,1,,,,,,,,,,,,,,,,,Y,UNKNOWN,,,,,,,,,,,,,,,,,,,,,,,,,,,,,,,,,
2111816,3bd477e2801e6b00b22a54ce546ba7a5e9e43be7692255bd8e822add4a308288ae21db3345e78c7abd1f9c977063dc3912644cebce14f92c113a0935ef654450,07/21/2025 04:16:00 PM,2,DRIVER,,2013219,,NISSAN,SENTRA,IL,2017,UNKNOWN,PASSENGER,PERSONAL,N,STRAIGHT AHEAD,,,1,,,,,,,Y,,,,,,,,,,,SIDE-RIGHT,,,,,,,,,,,,,,,,,,,,,,,,,,,,,,,,,
2111491,217064a5a690fc1a99f997bd69ca157f99904f37d6c33dcdd69520efdb665b36c499b33a4832ab616b7e1cbbc416c1917dc347682d31cc08a22e304d4b131bc3,07/21/2025 04:15:00 PM,1,DRIVER,,2012950,,CHEVROLET,SILVERADO,,2015,UNKNOWN,PICKUP,OTHER,S,STRAIGHT AHEAD,,,1,,,,,,,Y,Y,Y,,,,,,,,,SIDE-RIGHT,,,,,,,,,,,,,,,,,,,,,,,,,,,,,,,,,
2111492,217064a5a690fc1a99f997bd69ca157f99904f37d6c33dcdd69520efdb665b36c499b33a4832ab616b7e1cbbc416c1917dc347682d31cc08a22e304d4b131bc3,07/21/2025 04:15:00 PM,2,DRIVER,2,2012966,,BMW,530I,IL,2022,NONE,PASSENGER,PERSONAL,S,STRAIGHT AHEAD,,,3,,,,,,,,,,,Y,Y,Y,Y,,,,SIDE-LEFT-REAR,,,,,,,,,,,,,,,,,,,,,,,,,,,,,,,,,
2111500,c8b4c74d8eaa83a21a2cb89d8cd28a8f2ff01948d1c18c61e642164e1953cff1bf59a1219395cbce7b85754e1bf78ea95f55f0bf5ee6fff172779334e231f599,07/21/2025 04:15:00 PM,1,DRIVER,,2012919,,HONDA,OTHER (EXPLAIN IN NARRATIVE),IL,2025,NONE,SPORT UTILITY VEHICLE (SUV),PERSONAL,S,BACKING,,,1,,,,,,,,,,Y,,,,,,,,REAR,,,,,,,,,,,,,,,,,,,,,,,,,,,,,,,,,
2111501,c8b4c74d8eaa83a21a2cb89d8cd28a8f2ff01948d1c18c61e642164e1953cff1bf59a1219395cbce7b85754e1bf78ea95f55f0bf5ee6fff172779334e231f599,07/21/2025 04:15:00 PM,2,DRIVER,,2012912,,BUICK,ENCORE,IL,2015,NONE,SPORT UTILITY VEHICLE (SUV),PERSONAL,N,SLOW/STOP IN TRAFFIC,,,1,,,,,,,,,,,Y,Y,,,,,,REAR-LEFT-CORNER,,,,,,,,,,,,,,,,,,,,,,,,,,,,,,,,,
2111558,c89cc16409e276e3098d99bebc3aebb621b29f271f7ae23a75c53ed7f08becb5dedb174dbea1ed5e3896457cfb24a8fded9f62e7e7dea6b057651dec4276e15d,07/21/2025 04:14:00 PM,1,DRIVER,,2012969,,HYUNDAI,ELANTRA,IL,2013,UNKNOWN,PASSENGER,PERSONAL,E,TURNING RIGHT,,,1,,,,,,,,,,,,,,Y,Y,,,FRONT-LEFT-CORNER,,,,,,,,,,,,,,,,,,,,,,,,,,,,,,,,,
2111559,c89cc16409e276e3098d99bebc3aebb621b29f271f7ae23a75c53ed7f08becb5dedb174dbea1ed5e3896457cfb24a8fded9f62e7e7dea6b057651dec4276e15d,07/21/2025 04:14:00 PM,2,DRIVER,,2013004,Y,UNKNOWN,OTHER (EXPLAIN IN NARRATIVE),,2000,UNKNOWN,SINGLE UNIT TRUCK WITH TRAILER,COMMERCIAL - SINGLE UNIT,E,TURNING RIGHT,,,1,,,,,,,,Y,,,,,,,,,,SIDE-RIGHT-REAR,"21,858",1053379,,,DRIVER,3,INTERNATIONAL CARRIERS(TILBURY) INC,,ONTARIO,,,,N,N,,N,,N,N,,,,,,,,,TRACTOR/SEMI-TRAILER,OTHER,OTHER,N,N,
2111529,add19083a563e1a1c8690d4087fe8ea52189e7047115e63919ace7c8c12aa506271d4d1f4185d11ba41d8b33514dae94d6034a7143ddec7e1842cc0b613d8fa8,07/21/2025 04:12:00 PM,1,DRIVER,,2012932,,FORD,F150,IL,2004,UNKNOWN,PICKUP,UNKNOWN/NA,N,PASSING/OVERTAKING,,,1,,,,,,,Y,,,,,,,,,,,SIDE-RIGHT-FRONT,,,,,,,,,,,,,,,,,,,,,,,,,,,,,,,,,
2111530,add19083a563e1a1c8690d4087fe8ea52189e7047115e63919ace7c8c12aa506271d4d1f4185d11ba41d8b33514dae94d6034a7143ddec7e1842cc0b613d8fa8,07/21/2025 04:12:00 PM,2,DRIVER,1,2012940,,HONDA,CR-V,IL,2025,NONE,SPORT UTILITY VEHICLE (SUV),PERSONAL,N,STRAIGHT AHEAD,,,2,,,,,,,,,,,,,Y,,,,,SIDE-LEFT,,,,,,,,,,,,,,,,,,,,,,,,,,,,,,,,,
2112974,ece8fbddabfb41b4735a490c76cdece89ca2210e94f1d97d4e0c91a803daae19aa0ef7214aaff8b9154db812c062b6158baf494ca733ff92d9be3e59788f202e,07/21/2025 04:12:00 PM,1,DRIVER,,2014304,,HYUNDAI,ELANTRA,IL,2017,UNKNOWN,PASSENGER,PERSONAL,UNKNOWN,UNKNOWN/NA,,,1,,,,,,,,,,,,,Y,Y,Y,,,FRONT-LEFT-CORNER,,,,,,,,,,,,,,,,,,,,,,,,,,,,,,,,,
2112975,ece8fbddabfb41b4735a490c76cdece89ca2210e94f1d97d4e0c91a803daae19aa0ef7214aaff8b9154db812c062b6158baf494ca733ff92d9be3e59788f202e,07/21/2025 04:12:00 PM,2,DRIVER,,2014305,,LEXUS,ES350,IL,2017,UNKNOWN,PASSENGER,PERSONAL,UNKNOWN,UNKNOWN/NA,,,1,,,,,Y,Y,Y,Y,Y,,,,,,,,,SIDE-RIGHT,,,,,,,,,,,,,,,,,,,,,,,,,,,,,,,,,
2111489,0d0a576dc54219cede455fff024b3a0969d0ce028a5a524b2cfdac4e6b2d29c2d413f1663c2c5d2b440de2a0340513d50a00e48507f93de5fa803b52cab62670,07/21/2025 04:03:00 PM,1,DRIVER,,2012897,,JEEP,COMPASS,IL,2019,NONE,PASSENGER,PERSONAL,W,CHANGING LANES,,,1,,,,,,,Y,Y,Y,,,,,,,,,SIDE-RIGHT,,,,,,,,,,,,,,,,,,,,,,,,,,,,,,,,,
2111490,0d0a576dc54219cede455fff024b3a0969d0ce028a5a524b2cfdac4e6b2d29c2d413f1663c2c5d2b440de2a0340513d50a00e48507f93de5fa803b52cab62670,07/21/2025 04:03:00 PM,2,DRIVER,,2012911,,CHEVROLET,OTHER (EXPLAIN IN NARRATIVE),IL,2012,NONE,PASSENGER,PERSONAL,W,STRAIGHT AHEAD,,,1,,,,,,,,,,,,,,,,,Y,UNKNOWN,,,,,,,,,,,,,,,,,,,,,,,,,,,,,,,,,
2112786,2614bb26a72c5851583c4cb0d7b874bbb7b4e7bfbefc7df72d0aacbf08a3305ce05e3be1a981ec5f34fce3b19bd3c46c07824b705c206b0f70d6dc4cc9213525,07/21/2025 04:00:00 PM,1,DRIVER,,2014149,,BUICK,ENCORE,CA,2018,NONE,PASSENGER,PERSONAL,NE,TURNING LEFT,,,1,,,,,Y,,,,,,,,,,,Y,,FRONT-RIGHT-CORNER,,,,,,,,,,,,,,,,,,,,,,,,,,,,,,,,,
2112787,2614bb26a72c5851583c4cb0d7b874bbb7b4e7bfbefc7df72d0aacbf08a3305ce05e3be1a981ec5f34fce3b19bd3c46c07824b705c206b0f70d6dc4cc9213525,07/21/2025 04:00:00 PM,2,DRIVER,,2014161,,HONDA,CIVIC,IL,2020,NONE,PASSENGER,PERSONAL,NW,TURNING RIGHT,,,1,,,,,,,,,,,,,Y,Y,,,,SIDE-LEFT,,,,,,,,,,,,,,,,,,,,,,,,,,,,,,,,,
2111418,2b93f830fb284aa258ac1ab928922fba72a367270ab9992c1fff965228109caad132ad9b097d0ddf1e06f50727d750eb0b0ba476e27545b4538d2677496b6726,07/21/2025 04:00:00 PM,1,DRIVER,,2012832,,TOYOTA,COROLLA,IL,2022,NONE,PASSENGER,PERSONAL,E,STRAIGHT AHEAD,,,1,,,,,Y,N,,,,,,,,,,,,FRONT-RIGHT-CORNER,,,,,,,,,,,,,,,,,,,,,,,,,,,,,,,,,
2111419,2b93f830fb284aa258ac1ab928922fba72a367270ab9992c1fff965228109caad132ad9b097d0ddf1e06f50727d750eb0b0ba476e27545b4538d2677496b6726,07/21/2025 04:00:00 PM,2,DRIVER,,2012838,,SUZUKI,MOTORCYCLE,IL,2006,UNKNOWN,MOTORCYCLE (OVER 150CC),PERSONAL,S,TURNING LEFT,,,1,,,,,,,,,,,,,,,,Y,,FRONT,,,,,,,,,,,,,,,,,,,,,,,,,,,,,,,,,
2111522,5e141a6c1262053c593d6acb5d72bc3e2714867da2e557f6846e31964d182c81b54aa8ecf4af6057f7a568fba1b9d6d0e65c356550c144c2efb6c9c030eb0eb2,07/21/2025 04:00:00 PM,1,DRIVER,,2012929,,CHEVROLET,C/K 1500,IL,2005,NONE,TRUCK - SINGLE UNIT,COMMERCIAL - SINGLE UNIT,N,STRAIGHT AHEAD,,,1,,,,,,,,,,,Y,Y,Y,,,,,SIDE-LEFT,,,,,,,,,,,,,,,,,,,,,,,,,,,,,,,,,
2111523,5e141a6c1262053c593d6acb5d72bc3e2714867da2e557f6846e31964d182c81b54aa8ecf4af6057f7a568fba1b9d6d0e65c356550c144c2efb6c9c030eb0eb2,07/21/2025 04:00:00 PM,2,DRIVER,,2012934,,TOYOTA,COROLLA,IL,2016,NONE,PASSENGER,PERSONAL,S,STRAIGHT AHEAD,,,1,,,,,,,,,,,Y,Y,Y,,,,,SIDE-LEFT,,,,,,,,,,,,,,,,,,,,,,,,,,,,,,,,,
2111479,632a6e79973edf8abe1a65e3ab5d61bb3ce4aabf54287947a954141cc3e27af0341100ec932f2d0addb6852463a336c5bcecc4aac204b99d295dd63d74a40318,07/21/2025 04:00:00 PM,1,DRIVER,,2012888,,HONDA,MOTORCYCLE,IN,2025,UNKNOWN,MOTORCYCLE (OVER 150CC),PERSONAL,E,STRAIGHT AHEAD,,,1,,,,N,,,,,,,,,,,,,,FRONT,,,,,,,,,,,,,,,,,,,,,,,,,,,,,,,,,
2111480,632a6e79973edf8abe1a65e3ab5d61bb3ce4aabf54287947a954141cc3e27af0341100ec932f2d0addb6852463a336c5bcecc4aac204b99d295dd63d74a40318,07/21/2025 04:00:00 PM,2,DRIVER,,2012901,,TOYOTA,4RUNNER,IL,2004,UNKNOWN,PASSENGER,PERSONAL,S,STRAIGHT AHEAD,,,1,,,,,Y,Y,Y,Y,,,,,,,,,,SIDE-RIGHT,,,,,,,,,,,,,,,,,,,,,,,,,,,,,,,,,
2111433,3cd63beeeef3a61d0a9c102f6917653a1591d2bc1816eccdb0aefa76aefb06a8f0334794f679304662fe3867231fcc56fb7def0a54f090626582f2c2db464b9a,07/21/2025 03:55:00 PM,1,DRIVER,,2012852,,TOYOTA,SIENNA,IL,2004,UNKNOWN,PASSENGER,PERSONAL,W,STRAIGHT AHEAD,,,1,,,,,Y,,,,,,,,,,,Y,,FRONT-RIGHT-CORNER,,,,,,,,,,,,,,,,,,,,,,,,,,,,,,,,,
2111434,3cd63beeeef3a61d0a9c102f6917653a1591d2bc1816eccdb0aefa76aefb06a8f0334794f679304662fe3867231fcc56fb7def0a54f090626582f2c2db464b9a,07/21/2025 03:55:00 PM,2,DRIVER,,2012855,,TESLA,MODEL 3,IL,2020,UNKNOWN,PASSENGER,PERSONAL,W,OTHER,,,1,,,,,,,,,,Y,Y,,,,,,,REAR-LEFT-CORNER,,,,,,,,,,,,,,,,,,,,,,,,,,,,,,,,,
2111435,88fd4abb805b5048ace530bc71509b541be6bd958934f564dfb1ff5b2a680a0ff21a0a2b2127c5cbe3c4ecc26076b72baf69742aaf5e3016932dc4df4d729d73,07/21/2025 03:52:00 PM,1,DRIVER,,2012856,,FORD,FOCUS,IL,2007,UNKNOWN,PASSENGER,PERSONAL,S,SKIDDING/CONTROL LOSS,Y,,1,,S&S #047651,103/doty,,Y,Y,Y,,,,,,,,,Y,,FRONT-RIGHT-CORNER,,,,,,,,,,,,,,,,,,,,,,,,,,,,,,,,,
2111436,88fd4abb805b5048ace530bc71509b541be6bd958934f564dfb1ff5b2a680a0ff21a0a2b2127c5cbe3c4ecc26076b72baf69742aaf5e3016932dc4df4d729d73,07/21/2025 03:52:00 PM,2,PARKED,,2012863,,CHEVROLET,IMPALA,IL,2017,NONE,PASSENGER,NOT IN USE,S,PARKED,,,0,,,,,,,,,,,Y,Y,,,,,,SIDE-LEFT-REAR,,,,,,,,,,,,,,,,,,,,,,,,,,,,,,,,,
2111439,cc16e7df811f4b2f3614fac7bcac72e59ed516257ab33a2c35005202394c047478fe32453e9affd740e8d1e9c1f9c818e91064e46cacfe60a087f8b679987d11,07/21/2025 03:52:00 PM,1,DRIVER,,2012858,,HONDA,OTHER (EXPLAIN IN NARRATIVE),IL,2011,UNKNOWN,UNKNOWN/NA,UNKNOWN/NA,N,STRAIGHT AHEAD,,,1,,,,,Y,,,,,,,,,,Y,Y,,FRONT,,,,,,,,,,,,,,,,,,,,,,,,,,,,,,,,,
2111440,cc16e7df811f4b2f3614fac7bcac72e59ed516257ab33a2c35005202394c047478fe32453e9affd740e8d1e9c1f9c818e91064e46cacfe60a087f8b679987d11,07/21/2025 03:52:00 PM,2,DRIVER,,2012864,,LAND ROVER,RANGE ROVER (EVOQUE / SPORT / VELAR),IL,2021,UNKNOWN,SPORT UTILITY VEHICLE (SUV),UNKNOWN/NA,N,STRAIGHT AHEAD,,,1,,,,,,,,,Y,Y,Y,,,,,,,REAR,,,,,,,,,,,,,,,,,,,,,,,,,,,,,,,,,
2111475,fc4850fd49fa5df8995295d08c7fdb4cea657cd5c2b56cd0a515e80df4ef36db73a851c8056684610a0e199d35abc57fcc951c316b69c93c5942fa9d377e6151,07/21/2025 03:50:00 PM,1,DRIVER,,2012873,,INFINITI,Q50,IL,2017,UNKNOWN,UNKNOWN/NA,UNKNOWN/NA,W,STRAIGHT AHEAD,,,1,,,,,,,,,,,,,,,,Y,,FRONT,,,,,,,,,,,,,,,,,,,,,,,,,,,,,,,,,
2111476,fc4850fd49fa5df8995295d08c7fdb4cea657cd5c2b56cd0a515e80df4ef36db73a851c8056684610a0e199d35abc57fcc951c316b69c93c5942fa9d377e6151,07/21/2025 03:50:00 PM,2,DRIVER,,2012882,,LEXUS,OTHER (EXPLAIN IN NARRATIVE),IL,2025,UNKNOWN,PASSENGER,PERSONAL,S,STRAIGHT AHEAD,,,1,,,,,,,,,,,,Y,Y,Y,,,,SIDE-LEFT,,,,,,,,,,,,,,,,,,,,,,,,,,,,,,,,,
2111427,fda9abff35f7fb241044d0accd83ba50236e1ce6a2087a2e7759fab97c53b739aa0ac207ead88c20c1af44d41cc15ad5601a2782e8ad8965a84b56f488a30efc,07/21/2025 03:45:00 PM,1,DRIVER,,2012848,,TOYOTA,PRIUS,IL,2012,NONE,PASSENGER,PERSONAL,N,ENTERING TRAFFIC LANE FROM PARKING,,,1,,,,,,,,,,,Y,Y,Y,Y,Y,,,SIDE-LEFT,,,,,,,,,,,,,,,,,,,,,,,,,,,,,,,,,
2111428,fda9abff35f7fb241044d0accd83ba50236e1ce6a2087a2e7759fab97c53b739aa0ac207ead88c20c1af44d41cc15ad5601a2782e8ad8965a84b56f488a30efc,07/21/2025 03:45:00 PM,2,DRIVER,,2012859,,NISSAN,ALTIMA,,2015,NONE,PASSENGER,PERSONAL,N,STRAIGHT AHEAD,,,1,,,,,Y,Y,Y,Y,Y,,,,,,,,,SIDE-RIGHT,,,,,,,,,,,,,,,,,,,,,,,,,,,,,,,,,
2111533,1604b8f20ca3690e02719777792a379667f97911eefbf5b66d45ec2d9f6b794bbabd3e06fe9a7d20d3aff610071b966b401828086ffb906c18a3747de5075d7d,07/21/2025 03:30:00 PM,1,DRIVER,,2012943,,FORD,OTHER (EXPLAIN IN NARRATIVE),IL,2016,NONE,PASSENGER,PERSONAL,W,OTHER,,,1,,,,,,,,,,,,,,Y,N,,,SIDE-LEFT-FRONT,,,,,,,,,,,,,,,,,,,,,,,,,,,,,,,,,
2111534,1604b8f20ca3690e02719777792a379667f97911eefbf5b66d45ec2d9f6b794bbabd3e06fe9a7d20d3aff610071b966b401828086ffb906c18a3747de5075d7d,07/21/2025 03:30:00 PM,2,PARKED,,2012948,,FORD,EXPLORER,IL,2015,NONE,PASSENGER,PERSONAL,W,PARKED,,,0,,,,,,,,,Y,,,,,,,,,SIDE-RIGHT-REAR,,,,,,,,,,,,,,,,,,,,,,,,,,,,,,,,,
2111553,470fb98d6bffd4b29527ff735dbf785c299f327f0597089630f11551e5b050b0dd0fde228160dacbb65231213a9038cbc2ab835c9bc6a7d2b3179ca06d34f7ad,07/21/2025 03:30:00 PM,1,DRIVER,,2012971,,TOYOTA,COROLLA,IL,2013,UNKNOWN,PASSENGER,PERSONAL,E,STRAIGHT AHEAD,Y,N,1,,UNKNOWN,UNKNOWN,,,,,,,,,,,,,,,TOTAL (ALL AREAS),,,,,,,,,,,,,,,,,,,,,,,,,,,,,,,,,