CRASH_UNIT_ID,CRASH_RECORD_ID,CRASH_DATE,UNIT_NO,UNIT_TYPE,NUM_PASSENGERS,VEHICLE_ID,CMRC_VEH_I,MAKE,MODEL,LIC_PLATE_STATE,VEHICLE_YEAR,VEHICLE_DEFECT,VEHICLE_TYPE,VEHICLE_USE,TRAVEL_DIRECTION,MANEUVER,TOWED_I,FIRE_I,OCCUPANT_CNT,EXCEED_SPEED_LIMIT_I,TOWED_BY,TOWED_TO,AREA_00_I,AREA_01_I,AREA_02_I,AREA_03_I,AREA_04_I,AREA_05_I,AREA_06_I,AREA_07_I,AREA_08_I,AREA_09_I,AREA_10_I,AREA_11_I,AREA_12_I,AREA_99_I,FIRST_CONTACT_POINT,CMV_ID,USDOT_NO,CCMC_NO,ILCC_NO,COMMERCIAL_SRC,GVWR,CARRIER_NAME,CARRIER_STATE,CARRIER_CITY,HAZMAT_PLACARDS_I,HAZMAT_NAME,UN_NO,HAZMAT_PRESENT_I,HAZMAT_REPORT_I,HAZMAT_REPORT_NO,MCS_REPORT_I,MCS_REPORT_NO,HAZMAT_VIO_CAUSE_CRASH_I,MCS_VIO_CAUSE_CRASH_I,IDOT_PERMIT_NO,WIDE_LOAD_I,TRAILER1_WIDTH,TRAILER2_WIDTH,TRAILER1_LENGTH,TRAILER2_LENGTH,TOTAL_VEHICLE_LENGTH,AXLE_CNT,VEHICLE_CONFIG,CARGO_BODY_TYPE,LOAD_TYPE,HAZMAT_OUT_OF_SERVICE_I,MCS_OUT_OF_SERVICE_I,HAZMAT_CLASS
2111554,470fb98d6bffd4b29527ff735dbf785c299f327f0597089630f11551e5b050b0dd0fde228160dacbb65231213a9038cbc2ab835c9bc6a7d2b3179ca06d34f7ad,07/21/2025 03:30:00 PM,2,DRIVER,,2012982,,TOYOTA,OTHER (EXPLAIN IN NARRATIVE),IL,2009,UNKNOWN,PASSENGER,PERSONAL,E,STRAIGHT AHEAD,,,1,,,,,,,,,,,Y,Y,,,,,,REAR-LEFT-CORNER,,,,,,,,,,,,,,,,,,,,,,,,,,,,,,,,,
2111555,470fb98d6bffd4b29527ff735dbf785c299f327f0597089630f11551e5b050b0dd0fde228160dacbb65231213a9038cbc2ab835c9bc6a7d2b3179ca06d34f7ad,07/21/2025 03:30:00 PM,3,DRIVER,,2012996,,DODGE,RAM 3500 PU,IL,2011,UNKNOWN,PASSENGER,PERSONAL,W,STRAIGHT AHEAD,,,1,,,,,Y,,,,,,,,,,Y,Y,,FRONT,,,,,,,,,,,,,,,,,,,,,,,,,,,,,,,,,
2111903,9eee95337cb33c665081d7f7b090e51bce753cc623e29a89d943fd971b18676dceb3fb32a77bc570907715c6eeca3d9f5e9eaddbde7fb5b23b05507bb1fcc31e,07/21/2025 03:30:00 PM,1,DRIVER,,2013301,,UNKNOWN,OTHER (EXPLAIN IN NARRATIVE),,,UNKNOWN,UNKNOWN/NA,UNKNOWN/NA,UNKNOWN,BACKING,,,1,,,,,,,,,Y,Y,Y,,,,,,,REAR,,,,,,,,,,,,,,,,,,,,,,,,,,,,,,,,,
2111904,9eee95337cb33c665081d7f7b090e51bce753cc623e29a89d943fd971b18676dceb3fb32a77bc570907715c6eeca3d9f5e9eaddbde7fb5b23b05507bb1fcc31e,07/21/2025 03:30:00 PM,2,PARKED,1,2013305,,CHEVROLET,EQUINOX,IL,2019,NONE,SPORT UTILITY VEHICLE (SUV),PERSONAL,UNKNOWN,PARKED,,,1,,,,,,,,,Y,Y,Y,,,,,,,REAR,,,,,,,,,,,,,,,,,,,,,,,,,,,,,,,,,
2111787,ae0aedf591a86798152c6f9f5d5359c89f913c92bef70eeb6eef6343fdde3424b045757c16a373bd9f59c74ced038e00482fcd030489215cf7ca949f08206d8b,07/21/2025 03:30:00 PM,1,DRIVER,2,2013189,,UNKNOWN,OTHER (EXPLAIN IN NARRATIVE),IL,,UNKNOWN,TRUCK - SINGLE UNIT,UNKNOWN/NA,S,SLOW/STOP IN TRAFFIC,,,3,,,,,,,,,,,Y,Y,,,,,,REAR-LEFT-CORNER,,,,,,,,,,,,,,,,,,,,,,,,,,,,,,,,,
2111788,ae0aedf591a86798152c6f9f5d5359c89f913c92bef70eeb6eef6343fdde3424b045757c16a373bd9f59c74ced038e00482fcd030489215cf7ca949f08206d8b,07/21/2025 03:30:00 PM,2,DRIVER,,2013196,,HYUNDAI,SONATA,IL,2017,NONE,PASSENGER,OTHER,S,SLOW/STOP IN TRAFFIC,,,1,,,,,Y,Y,Y,,,,,,,,,,,FRONT-RIGHT-CORNER,,,,,,,,,,,,,,,,,,,,,,,,,,,,,,,,,
2111591,f5480b3a99912a9a6a0061182cd864a939a3ffed475a53b5357520f929bc64fe8713f97d17f8a1293f134f3b07433d106d5214087298e70e54271652308d5800,07/21/2025 03:30:00 PM,1,DRIVER,,2012988,,BUICK,LACROSSE,IL,2012,UNKNOWN,UNKNOWN/NA,UNKNOWN/NA,S,STRAIGHT AHEAD,Y,,1,,PRIVATE,PRIVATE,,Y,Y,,,,,,,,Y,Y,Y,,FRONT,,,,,,,,,,,,,,,,,,,,,,,,,,,,,,,,,
2111592,f5480b3a99912a9a6a0061182cd864a939a3ffed475a53b5357520f929bc64fe8713f97d17f8a1293f134f3b07433d106d5214087298e70e54271652308d5800,07/21/2025 03:30:00 PM,2,DRIVER,1,2013003,,KIA,FORTE,IL,2022,UNKNOWN,UNKNOWN/NA,UNKNOWN/NA,N,TURNING LEFT,,,2,,,,,Y,Y,Y,Y,,,Y,Y,Y,Y,Y,Y,,SIDE-RIGHT,,,,,,,,,,,,,,,,,,,,,,,,,,,,,,,,,
2111593,f5480b3a99912a9a6a0061182cd864a939a3ffed475a53b5357520f929bc64fe8713f97d17f8a1293f134f3b07433d106d5214087298e70e54271652308d5800,07/21/2025 03:30:00 PM,3,DRIVER,,2013015,,CHEVROLET,MALIBU,IL,2019,UNKNOWN,UNKNOWN/NA,UNKNOWN/NA,E,STRAIGHT AHEAD,,,1,,,,,Y,Y,,,,,,,,Y,Y,Y,,FRONT,,,,,,,,,,,,,,,,,,,,,,,,,,,,,,,,,
2111487,ffdb9776a16e1ff735dddf9d9f05f63d305111abdeb15501e5593ff5756c10fdf2ae408710bcd944653b343a420b3a7985b31773406f89c8f2f2f0d38150c888,07/21/2025 03:28:00 PM,1,DRIVER,,2012889,,GENERAL MOTORS CORPORATION (GMC),ENVOY,IL,2002,UNKNOWN,UNKNOWN/NA,OTHER,E,STRAIGHT AHEAD,,,1,,,,,,,,,,,,,,,,,Y,UNKNOWN,,,,,,,,,,,,,,,,,,,,,,,,,,,,,,,,,
2111488,ffdb9776a16e1ff735dddf9d9f05f63d305111abdeb15501e5593ff5756c10fdf2ae408710bcd944653b343a420b3a7985b31773406f89c8f2f2f0d38150c888,07/21/2025 03:28:00 PM,2,DRIVER,3,2012900,,FORD,OTHER (EXPLAIN IN NARRATIVE),IL,2020,UNKNOWN,BUS UP TO 15 PASS.,OTHER,E,STRAIGHT AHEAD,,,4,,,,,,,,,,,,,,,,,Y,UNKNOWN,,,,,,,,,,,,,,,,,,,,,,,,,,,,,,,,,
2111564,d5f0648250ed8f1138a04fa213be7f0899e448a830b214b967a07b954c88014216dfe99995f3b845179c5aa126e8ddb631f689491dd4c17caed4d46c576c2d3b,07/21/2025 03:25:00 PM,1,DRIVER,,2012965,,LEXUS,RX,IL,2017,UNKNOWN,SPORT UTILITY VEHICLE (SUV),PERSONAL,UNKNOWN,CHANGING LANES,,,1,,,,,,,,,,,,,,Y,Y,,,FRONT-LEFT-CORNER,,,,,,,,,,,,,,,,,,,,,,,,,,,,,,,,,
2111565,d5f0648250ed8f1138a04fa213be7f0899e448a830b214b967a07b954c88014216dfe99995f3b845179c5aa126e8ddb631f689491dd4c17caed4d46c576c2d3b,07/21/2025 03:25:00 PM,2,DRIVER,,2012968,,TOYOTA,COROLLA,MN,2016,UNKNOWN,PASSENGER,PERSONAL,UNKNOWN,STRAIGHT AHEAD,,,1,,,,,Y,Y,,,,,,,,,,,,FRONT-RIGHT-CORNER,,,,,,,,,,,,,,,,,,,,,,,,,,,,,,,,,
2111451,1e7a3e31fbf0d09c4360c88b645391f8954ea9ab7d5abce7103c01e0db029e3302c6f5b05065c2fc4cbb36e2e730a388065208075366518008df92152639ca80,07/21/2025 03:24:00 PM,1,DRIVER,,2012872,,HONDA,CIVIC,IL,2004,UNKNOWN,PASSENGER,PERSONAL,E,STRAIGHT AHEAD,,,1,,,,,,,,,,,,,,,,Y,,FRONT,,,,,,,,,,,,,,,,,,,,,,,,,,,,,,,,,
2111452,1e7a3e31fbf0d09c4360c88b645391f8954ea9ab7d5abce7103c01e0db029e3302c6f5b05065c2fc4cbb36e2e730a388065208075366518008df92152639ca80,07/21/2025 03:24:00 PM,2,DRIVER,,2012891,,NISSAN,ALTIMA,TX,2025,UNKNOWN,PASSENGER,PERSONAL,E,STRAIGHT AHEAD,,,1,,,,,,,,,,Y,,,,,,,,REAR,,,,,,,,,,,,,,,,,,,,,,,,,,,,,,,,,
2111397,bbfb0283c991d714a377cf6e4fe26d21844d3bad0b666fe1acf47dd9c6140888dd09511000d5226b8eb52e2d8df5b8e3954d3107dfc2d61785304045244fee27,07/21/2025 03:19:00 PM,1,DRIVER,,2012809,,UNKNOWN,MOTORIZED,IL,,UNKNOWN,UNKNOWN/NA,UNKNOWN/NA,N,UNKNOWN/NA,,,1,,,,,Y,,,,,,,,,,,,,UNKNOWN,,,,,,,,,,,,,,,,,,,,,,,,,,,,,,,,,
2111398,bbfb0283c991d714a377cf6e4fe26d21844d3bad0b666fe1acf47dd9c6140888dd09511000d5226b8eb52e2d8df5b8e3954d3107dfc2d61785304045244fee27,07/21/2025 03:19:00 PM,2,DRIVER,,2012820,N,UNKNOWN,MOTORIZED,IL,,NONE,BUS OVER 15 PASS.,CTA,N,STRAIGHT AHEAD,,,1,,,,,,,,,,,,,,,Y,,,FRONT-LEFT-CORNER,,,,,,,,,,,,,,,,,,,,,,,,,,,,,,,,,
2111441,33f66af31a17833dd6bf7c1ba090781dc8547faa479711a927eccf1d7365f12e67e3968d7754789b67ff6e3240de813ac2d0041cf71a4362706b84e6029d8db7,07/21/2025 03:15:00 PM,1,DRIVER,,2012876,,VOLKSWAGEN,ATLAS,IL,2022,NONE,VAN/MINI-VAN,PERSONAL,N,STRAIGHT AHEAD,,,1,,,,,Y,,,,,,,,,,,,,FRONT-RIGHT-CORNER,,,,,,,,,,,,,,,,,,,,,,,,,,,,,,,,,
2111442,33f66af31a17833dd6bf7c1ba090781dc8547faa479711a927eccf1d7365f12e67e3968d7754789b67ff6e3240de813ac2d0041cf71a4362706b84e6029d8db7,07/21/2025 03:15:00 PM,2,DRIVER,1,2012885,,VOLKSWAGEN,PASSAT,IL,2016,BRAKES,PASSENGER,PERSONAL,N,UNKNOWN/NA,,,2,,,,,,,,,,,,,,,,,,REAR-LEFT-CORNER,,,,,,,,,,,,,,,,,,,,,,,,,,,,,,,,,
2111437,ef86866cd67ea0b0ffa2066021e95686e24ad7f2b10df5d377229c78bb6d3fa42cf6ea9bfc55b5fc989b0748722dd52ccae141b04a83d26de308fbe8d16f3584,07/21/2025 03:14:00 PM,1,DRIVER,,2012860,,HYUNDAI,ELANTRA,IL,2020,BRAKES,PASSENGER,PERSONAL,N,STRAIGHT AHEAD,Y,,1,,private tow,,,Y,,,,,,,,,,Y,Y,,FRONT,,,,,,,,,,,,,,,,,,,,,,,,,,,,,,,,,
2111438,ef86866cd67ea0b0ffa2066021e95686e24ad7f2b10df5d377229c78bb6d3fa42cf6ea9bfc55b5fc989b0748722dd52ccae141b04a83d26de308fbe8d16f3584,07/21/2025 03:14:00 PM,2,DRIVER,1,2012865,,CHEVROLET,TRAX,IL,2025,NONE,PASSENGER,PERSONAL,W,TURNING LEFT,Y,,2,,private tow,insurance,,,,,,,,Y,Y,Y,,,,,SIDE-LEFT-REAR,,,,,,,,,,,,,,,,,,,,,,,,,,,,,,,,,
2111473,a7ff162dd38839c8febb8419bcd6da91e63bb2fb3671dbc67fb0281c6c2889293d5afd5bead069f5320c391e5199c8507b2ffad23eb64bcdb1a7f97ff057d79a,07/21/2025 03:12:00 PM,1,DRIVER,,2012867,,HONDA,CR-V,IL,2008,UNKNOWN,PASSENGER,PERSONAL,W,STRAIGHT AHEAD,,,1,,,,,,,,,,,,,,,Y,Y,,FRONT-LEFT-CORNER,,,,,,,,,,,,,,,,,,,,,,,,,,,,,,,,,
2111474,a7ff162dd38839c8febb8419bcd6da91e63bb2fb3671dbc67fb0281c6c2889293d5afd5bead069f5320c391e5199c8507b2ffad23eb64bcdb1a7f97ff057d79a,07/21/2025 03:12:00 PM,2,DRIVER,,2012877,Y,"MACK TRAILER MANUFACTURING COMPANY, INC. (DETRIOT, MI)","MACK TRAILER MFG. CO., INC., DETRIOT, MI",IL,2014,UNKNOWN,TRUCK - SINGLE UNIT,COMMERCIAL - SINGLE UNIT,E,TURNING LEFT,,,1,,,,,Y,,,,,,,,,,,,,FRONT-RIGHT-CORNER,"21,857",,,232212,DRIVER,3,WESTLAWN TRUCKING INC,,,,,,U,U,,U,,U,U,,,0-96,,,,,,TRUCK/TRAILER,DUMP,OTHER,N,N,
2111410,37e9af3e7c6ca672dfbc26f3dd7ee31ce63e300225a7e2706b55f4a10e09f13e5af5e22931dfe08d8f7bc7b3c9e58f6e6aaa7196723fea0e001abfb8c993e22a,07/21/2025 03:10:00 PM,1,DRIVER,,2012834,,JEEP,JEEP,IL,2017,UNKNOWN,SPORT UTILITY VEHICLE (SUV),PERSONAL,W,STRAIGHT AHEAD,Y,,1,,CITY OF CHICAGO,AUTO PUND #2,,Y,,,,,,,,,,Y,Y,,FRONT,,,,,,,,,,,,,,,,,,,,,,,,,,,,,,,,,
2111411,37e9af3e7c6ca672dfbc26f3dd7ee31ce63e300225a7e2706b55f4a10e09f13e5af5e22931dfe08d8f7bc7b3c9e58f6e6aaa7196723fea0e001abfb8c993e22a,07/21/2025 03:10:00 PM,2,DRIVER,,2012842,,TOYOTA,CAMRY,IL,2009,NONE,PASSENGER,PERSONAL,S,TURNING LEFT,,,1,,,,,Y,,,,,,,,Y,Y,Y,Y,,SIDE-LEFT-FRONT,,,,,,,,,,,,,,,,,,,,,,,,,,,,,,,,,
2111382,2fb16407cff9cf9fc2b92efb61efca28ae1ff52dbb712d999c1d88b5349371bce28b2493af60f21e8311b0f3019fc604b5016de08a2eb782f1845885912e696f,07/21/2025 03:00:00 PM,1,DRIVER,,2012824,,UNKNOWN,MOTORIZED,,,UNKNOWN,UNKNOWN/NA,UNKNOWN/NA,E,STRAIGHT AHEAD,,,1,,,,,Y,,,,,,,,,,,Y,,FRONT-RIGHT-CORNER,,,,,,,,,,,,,,,,,,,,,,,,,,,,,,,,,
2111383,2fb16407cff9cf9fc2b92efb61efca28ae1ff52dbb712d999c1d88b5349371bce28b2493af60f21e8311b0f3019fc604b5016de08a2eb782f1845885912e696f,07/21/2025 03:00:00 PM,2,DRIVER,1,2012816,,HONDA,ACCORD,IL,2013,NONE,PASSENGER,PERSONAL,N,STRAIGHT AHEAD,,,2,,,,,,,,,,,,,,,Y,,,FRONT-LEFT-CORNER,,,,,,,,,,,,,,,,,,,,,,,,,,,,,,,,,
2111624,a96ccdff203b29c2782f060bbeb63e6e8c5f809f7ef4f4e052780a26191a29067770434d2a694c83cb9b0854640a1123a812c99432dba8cd65f592a3c4ab6d58,07/21/2025 03:00:00 PM,1,DRIVER,,2013017,,UNKNOWN,MOTORIZED,,,UNKNOWN,UNKNOWN/NA,UNKNOWN/NA,N,STRAIGHT AHEAD,,,1,,,,,,,,,,,,,,,,,Y,UNKNOWN,,,,,,,,,,,,,,,,,,,,,,,,,,,,,,,,,
2111625,a96ccdff203b29c2782f060bbeb63e6e8c5f809f7ef4f4e052780a26191a29067770434d2a694c83cb9b0854640a1123a812c99432dba8cd65f592a3c4ab6d58,07/21/2025 03:00:00 PM,2,PARKED,,2013020,,FORD,F550,IL,2011,NONE,PICKUP,NOT IN USE,N,PARKED,,,0,,,,,,,,,,,Y,Y,Y,Y,Y,,,SIDE-LEFT,,,,,,,,,,,,,,,,,,,,,,,,,,,,,,,,,
2111526,b5f149adbd7b2ac209b8f0e57d00a643387acbe42b3ff7657c72b30ce29c96302976f3f30688c587370d5125bb2afb00477a4e7788a5e79ea07e9f0e56ea6b06,07/21/2025 03:00:00 PM,1,DRIVER,,2012952,,ISUZU,OTHER (EXPLAIN IN NARRATIVE),IL,,UNKNOWN,TRUCK - SINGLE UNIT,OTHER,N,STRAIGHT AHEAD,,,1,,,,,,,Y,,,,,,,,,,,SIDE-RIGHT-REAR,,,,,,,,,,,,,,,,,,,,,,,,,,,,,,,,,
2112055,eb976bcb413d2ccefd0519feb92adab201f02840ed018396f0d26398b572ec8f08f2467f4551c9610b513103a8acb7b6a0160fb341ca5bc6a6f991f401e3f062,07/21/2025 03:00:00 PM,1,DRIVER,,2013430,,CHEVROLET,MALIBU,IL,2015,NONE,PASSENGER,PERSONAL,S,AVOIDING VEHICLES/OBJECTS,,,1,,,,,,,,,,,,,,,Y,,,FRONT-LEFT-CORNER,,,,,,,,,,,,,,,,,,,,,,,,,,,,,,,,,
2112056,eb976bcb413d2ccefd0519feb92adab201f02840ed018396f0d26398b572ec8f08f2467f4551c9610b513103a8acb7b6a0160fb341ca5bc6a6f991f401e3f062,07/21/2025 03:00:00 PM,2,DRIVER,,2013431,,MERCEDES-BENZ,GLC,IL,2025,NONE,SPORT UTILITY VEHICLE (SUV),PERSONAL,N,STRAIGHT AHEAD,,,1,,,,,,,,,,,,Y,Y,Y,,,,SIDE-LEFT,,,,,,,,,,,,,,,,,,,,,,,,,,,,,,,,,
2117082,0a91085ef9c945144db44685ef5063d36cea4bdfb573ce093dd8401af8d35d58dadeccca6fa2e69c2e9c3795f4ccb1155ce191df1ba5cefecb9ff64634c99016,07/21/2025 02:57:00 PM,1,DRIVER,,2018266,,TOYOTA,SIENNA,IL,2025,NONE,VAN/MINI-VAN,TAXI/FOR HIRE,E,STRAIGHT AHEAD,,,1,,,,,,,,,,,,,,,,Y,,FRONT,,,,,,,,,,,,,,,,,,,,,,,,,,,,,,,,,
2117083,0a91085ef9c945144db44685ef5063d36cea4bdfb573ce093dd8401af8d35d58dadeccca6fa2e69c2e9c3795f4ccb1155ce191df1ba5cefecb9ff64634c99016,07/21/2025 02:57:00 PM,2,DRIVER,,2018273,,TOYOTA,RAV4,IL,2021,NONE,SPORT UTILITY VEHICLE (SUV),TAXI/FOR HIRE,E,SLOW/STOP IN TRAFFIC,,,1,,,,,,,,,,Y,,,,,,,,REAR,,,,,,,,,,,,,,,,,,,,,,,,,,,,,,,,,
2111425,49972406e0058f140048343c51e8fc3b50e9a88d277f975d37a43d8171dccea9edd91512906346b51714e806e49f7c081e36867bd7b51a6e6a75ad1ea494da31,07/21/2025 02:48:00 PM,1,DRIVER,,2012844,,DODGE,GRAND CARAVAN,IL,2003,UNKNOWN,PASSENGER,PERSONAL,S,STRAIGHT AHEAD,Y,,1,,CITY OF CHICAGO,AUTO POUND,,Y,,,,,,,,,,Y,Y,,FRONT,,,,,,,,,,,,,,,,,,,,,,,,,,,,,,,,,
2111426,49972406e0058f140048343c51e8fc3b50e9a88d277f975d37a43d8171dccea9edd91512906346b51714e806e49f7c081e36867bd7b51a6e6a75ad1ea494da31,07/21/2025 02:48:00 PM,2,DRIVER,,2012854,,MERCEDES-BENZ,GLE,IL,2024,NONE,PASSENGER,PERSONAL,S,STRAIGHT AHEAD,,,1,,,,,,,,,Y,Y,Y,,,,,,,REAR,,,,,,,,,,,,,,,,,,,,,,,,,,,,,,,,,
2111447,5f15a19edffe562bc3c34c3396f7c283c53efe22143fc2ce7bd64b3e6c03955fda87918741eeb8a1ee71394cb4725265d4e109a5dcafd1de3194107f59d0949d,07/21/2025 02:47:00 PM,1,DRIVER,,2012869,,TOYOTA,CAMRY,IL,2013,NONE,PASSENGER,PERSONAL,S,OTHER,,,1,,,,,,,,,,,,,,Y,Y,Y,,FRONT-LEFT-CORNER,,,,,,,,,,,,,,,,,,,,,,,,,,,,,,,,,
2111448,5f15a19edffe562bc3c34c3396f7c283c53efe22143fc2ce7bd64b3e6c03955fda87918741eeb8a1ee71394cb4725265d4e109a5dcafd1de3194107f59d0949d,07/21/2025 02:47:00 PM,2,DRIVER,,2012879,,FORD,ECONOLINE E350,IL,2004,UNKNOWN,VAN/MINI-VAN,UNKNOWN/NA,W,STRAIGHT AHEAD,Y,,1,,private tow,,,Y,Y,Y,Y,,,,,,,,,,FRONT-RIGHT-CORNER,,,,,,,,,,,,,,,,,,,,,,,,,,,,,,,,,
2111550,aeccb3f471015de20adb0f223d8ed6343590b54e67c86ecb5b86d3ff7fb9c42f0fec788c4b16e9f83a885725919e52ccabca10beee017307b73e24ae2758952c,07/21/2025 02:44:00 PM,2,DRIVER,,2013048,Y,"MACK TRAILER MANUFACTURING COMPANY, INC. (DETRIOT, MI)","MACK TRAILER MFG. CO., INC., DETRIOT, MI",IN,2016,UNKNOWN,TRUCK - SINGLE UNIT,COMMERCIAL - SINGLE UNIT,W,SLOW/STOP IN TRAFFIC,,,1,,,,,Y,Y,,,,,,,,,,,,FRONT-RIGHT-CORNER,"21,861",,,,DRIVER,,STANDARD FORWARDING FREIGHT LLC,IN,SOUTH BEND,,,,N,N,,N,,N,U,,,,,,,,,,,,N,N,
2111552,aeccb3f471015de20adb0f223d8ed6343590b54e67c86ecb5b86d3ff7fb9c42f0fec788c4b16e9f83a885725919e52ccabca10beee017307b73e24ae2758952c,07/21/2025 02:44:00 PM,1,DRIVER,1,2012957,,INFINITI,G35,IL,2008,OTHER,PASSENGER,PERSONAL,W,PASSING/OVERTAKING,,,2,,,,,,,,,,,Y,Y,,,,,,SIDE-LEFT-REAR,,,,,,,,,,,,,,,,,,,,,,,,,,,,,,,,,
2115270,25d3aa75289478e1b05edb0370ed5e8148f32c64b8e2578d0cdc81e73e3f1465c46ed47a59fa5d256c9f1d3cf427ae3aee28d00677c1c3c81793114f02bccbca,07/21/2025 02:42:00 PM,1,DRIVER,,2016502,,HONDA,FIT,IL,2017,UNKNOWN,PASSENGER,PERSONAL,E,STRAIGHT AHEAD,,,1,,,,,Y,,,,,Y,,,,,Y,Y,,FRONT,,,,,,,,,,,,,,,,,,,,,,,,,,,,,,,,,
2115271,25d3aa75289478e1b05edb0370ed5e8148f32c64b8e2578d0cdc81e73e3f1465c46ed47a59fa5d256c9f1d3cf427ae3aee28d00677c1c3c81793114f02bccbca,07/21/2025 02:42:00 PM,2,DRIVER,1,2016512,,HYUNDAI,ELANTRA,IL,2018,UNKNOWN,PASSENGER,PERSONAL,E,STRAIGHT AHEAD,,,2,,,,,,,,,N,Y,N,,,,,,,REAR,,,,,,,,,,,,,,,,,,,,,,,,,,,,,,,,,
2111664,3cb8339073c95a8302b39cdd2e0f1832ed83595fc84fe23821c60ea218450ab34ab7ac9a4ff92e241e665c17bf674e88aafd32b4b3b0fdc68cc1b0f074e04447,07/21/2025 02:40:00 PM,1,DRIVER,,2013069,,NISSAN,ALTIMA,IL,2020,UNKNOWN,PASSENGER,PERSONAL,E,STRAIGHT AHEAD,,,1,,,,,,,,,,,,,,Y,Y,Y,,FRONT-LEFT-CORNER,,,,,,,,,,,,,,,,,,,,,,,,,,,,,,,,,
2112076,abefa2a0093054e8f93f3f83d2b4f89813fdbbb2a189177d12be692051545ce0d8d3c21c41e8d3c41a304c8ae60cf13f4183915c03bc843680038b14b7e7e318,07/21/2025 02:40:00 PM,1,DRIVER,,2013453,,UNKNOWN,MOTORIZED,IL,,UNKNOWN,UNKNOWN/NA,UNKNOWN/NA,UNKNOWN,UNKNOWN/NA,,,1,,,,,,,,,,,,,,,,,Y,UNKNOWN,,,,,,,,,,,,,,,,,,,,,,,,,,,,,,,,,
2112077,abefa2a0093054e8f93f3f83d2b4f89813fdbbb2a189177d12be692051545ce0d8d3c21c41e8d3c41a304c8ae60cf13f4183915c03bc843680038b14b7e7e318,07/21/2025 02:40:00 PM,2,DRIVER,,2013455,,TESLA,MODEL Y,IL,2023,UNKNOWN,PASSENGER,PERSONAL,UNKNOWN,UNKNOWN/NA,,,1,,,,,,,,,,Y,Y,Y,Y,Y,,,,SIDE-LEFT-REAR,,,,,,,,,,,,,,,,,,,,,,,,,,,,,,,,,
2111353,45c3c8c595f9d7e48a472cc24eacb6900b8c7f263adfa790fb64cdf4f2d81328e8d067c3fc1822d872e4e990803cea245dc19ad803599a26ebea51c44a7d4682,07/21/2025 02:31:00 PM,1,DRIVER,1,2012773,,TOYOTA,RAV4,IL,2024,NONE,PASSENGER,OTHER,W,CHANGING LANES,N,,2,,,,,,,Y,Y,Y,,,,,,,,,SIDE-RIGHT,,,,,,,,,,,,,,,,,,,,,,,,,,,,,,,,,
2111354,45c3c8c595f9d7e48a472cc24eacb6900b8c7f263adfa790fb64cdf4f2d81328e8d067c3fc1822d872e4e990803cea245dc19ad803599a26ebea51c44a7d4682,07/21/2025 02:31:00 PM,2,PARKED,2,2012776,,HONDA,PRELUDE,IL,2000,NONE,PASSENGER,NOT IN USE,W,PARKED,,,2,,,,,,,,,,,,,,Y,Y,,,FRONT-LEFT-CORNER,,,,,,,,,,,,,,,,,,,,,,,,,,,,,,,,,
2111421,46bb77d775dfe467ab130a38705a9a37c0ae85f64753ccc75505a605bc8467cb45e3da5f875c8e035e1bda4ce14f9e647aad5f49ab49ac2f070e6c8bb228d99e,07/21/2025 02:30:00 PM,1,DRIVER,,2012843,,UNKNOWN,MOTORIZED,XX,,UNKNOWN,UNKNOWN/NA,UNKNOWN/NA,N,STRAIGHT AHEAD,,,1,,,,,,,,,,,,,,,,,Y,UNKNOWN,,,,,,,,,,,,,,,,,,,,,,,,,,,,,,,,,
2111422,46bb77d775dfe467ab130a38705a9a37c0ae85f64753ccc75505a605bc8467cb45e3da5f875c8e035e1bda4ce14f9e647aad5f49ab49ac2f070e6c8bb228d99e,07/21/2025 02:30:00 PM,2,DRIVER,,2012849,,TOYOTA,HIGHLANDER,IL,2006,NONE,PASSENGER,PERSONAL,N,MERGING,,,1,,,,,Y,Y,,,,,,,,,,,,FRONT-RIGHT-CORNER,,,,,,,,,,,,,,,,,,,,,,,,,,,,,,,,,
2111712,583665a4a2493685cdfe476044193762986e5e3b2c3708f36e20061d4f89b5b09e3641adca5ecebeadb0bf9df55c6f13b7fa921b1e8cd61ff0450a65abc516cc,07/21/2025 02:30:00 PM,1,DRIVER,,2013112,,JEEP,PATRIOT,IL,2016,UNKNOWN,PASSENGER,UNKNOWN/NA,UNKNOWN,BACKING,,,1,,,,,,,,,,Y,,,,,,,,REAR,,,,,,,,,,,,,,,,,,,,,,,,,,,,,,,,,
2111713,583665a4a2493685cdfe476044193762986e5e3b2c3708f36e20061d4f89b5b09e3641adca5ecebeadb0bf9df55c6f13b7fa921b1e8cd61ff0450a65abc516cc,07/21/2025 02:30:00 PM,2,DRIVER,,2013118,,TOYOTA,PRIUS,IL,2009,UNKNOWN,PASSENGER,UNKNOWN/NA,E,STRAIGHT AHEAD,,,1,,,,,,,Y,Y,Y,,,,,,,,,SIDE-RIGHT-REAR,,,,,,,,,,,,,,,,,,,,,,,,,,,,,,,,,
2111463,6f803a8e992b9962830519fa86091a0a889bdfb40d54ebe3719762d08039beff1dd6e194e319ca997416028d1702955ecb32a1f2cb3dc90c045bda2fd22ec6e4,07/21/2025 02:30:00 PM,1,DRIVER,,2012874,,CHEVROLET,AVEO,IL,2009,UNKNOWN,PASSENGER,PERSONAL,UNKNOWN,STRAIGHT AHEAD,,,1,,,,,Y,Y,,,,,,,,,,Y,,FRONT-RIGHT-CORNER,,,,,,,,,,,,,,,,,,,,,,,,,,,,,,,,,