CRASH_UNIT_ID,CRASH_RECORD_ID,CRASH_DATE,UNIT_NO,UNIT_TYPE,NUM_PASSENGERS,VEHICLE_ID,CMRC_VEH_I,MAKE,MODEL,LIC_PLATE_STATE,VEHICLE_YEAR,VEHICLE_DEFECT,VEHICLE_TYPE,VEHICLE_USE,TRAVEL_DIRECTION,MANEUVER,TOWED_I,FIRE_I,OCCUPANT_CNT,EXCEED_SPEED_LIMIT_I,TOWED_BY,TOWED_TO,AREA_00_I,AREA_01_I,AREA_02_I,AREA_03_I,AREA_04_I,AREA_05_I,AREA_06_I,AREA_07_I,AREA_08_I,AREA_09_I,AREA_10_I,AREA_11_I,AREA_12_I,AREA_99_I,FIRST_CONTACT_POINT,CMV_ID,USDOT_NO,CCMC_NO,ILCC_NO,COMMERCIAL_SRC,GVWR,CARRIER_NAME,CARRIER_STATE,CARRIER_CITY,HAZMAT_PLACARDS_I,HAZMAT_NAME,UN_NO,HAZMAT_PRESENT_I,HAZMAT_REPORT_I,HAZMAT_REPORT_NO,MCS_REPORT_I,MCS_REPORT_NO,HAZMAT_VIO_CAUSE_CRASH_I,MCS_VIO_CAUSE_CRASH_I,IDOT_PERMIT_NO,WIDE_LOAD_I,TRAILER1_WIDTH,TRAILER2_WIDTH,TRAILER1_LENGTH,TRAILER2_LENGTH,TOTAL_VEHICLE_LENGTH,AXLE_CNT,VEHICLE_CONFIG,CARGO_BODY_TYPE,LOAD_TYPE,HAZMAT_OUT_OF_SERVICE_I,MCS_OUT_OF_SERVICE_I,HAZMAT_CLASS
2111464,6f803a8e992b9962830519fa86091a0a889bdfb40d54ebe3719762d08039beff1dd6e194e319ca997416028d1702955ecb32a1f2cb3dc90c045bda2fd22ec6e4,07/21/2025 02:30:00 PM,2,DRIVER,,2012883,,TOYOTA,COROLLA,IL,2015,UNKNOWN,PASSENGER,PERSONAL,UNKNOWN,STRAIGHT AHEAD,,,1,,,,,,,,,Y,Y,,,,,,,,REAR,,,,,,,,,,,,,,,,,,,,,,,,,,,,,,,,,
2111539,a3210402bf2270f639878f1388f7a1f05b21d5571aa516a43c12117ca1d8c9882bc2ab49e50020dff05e8d1341b99c5256908ec856a8c9f37c3662c9cd66dec6,07/21/2025 02:30:00 PM,1,DRIVER,,2012960,,HONDA,ACCORD,IL,2022,NONE,PASSENGER,PERSONAL,E,STRAIGHT AHEAD,,,1,,,,,,,,,,,,,,,,Y,,FRONT,,,,,,,,,,,,,,,,,,,,,,,,,,,,,,,,,
2111540,a3210402bf2270f639878f1388f7a1f05b21d5571aa516a43c12117ca1d8c9882bc2ab49e50020dff05e8d1341b99c5256908ec856a8c9f37c3662c9cd66dec6,07/21/2025 02:30:00 PM,2,DRIVER,,2012939,,CHEVROLET,EQUINOX,IL,2021,NONE,SPORT UTILITY VEHICLE (SUV),PERSONAL,E,SLOW/STOP IN TRAFFIC,,,1,,,,,,,,,,Y,,,,,,,,REAR,,,,,,,,,,,,,,,,,,,,,,,,,,,,,,,,,
2118064,d884d34922a18ec87e8ae985b4a71c850fa0feaa69a24c77676135d2966072c703797cb8735a1758a79700b30912724aebd2f42eb0e154dce2fd427791b7ace3,07/21/2025 02:30:00 PM,1,DRIVER,,2019122,,CHEVROLET,TRAIL BLAZER,WI,2004,NONE,PASSENGER,PERSONAL,E,STRAIGHT AHEAD,,,1,,,,,,,,,,,,,,,,Y,,FRONT,,,,,,,,,,,,,,,,,,,,,,,,,,,,,,,,,
2118065,d884d34922a18ec87e8ae985b4a71c850fa0feaa69a24c77676135d2966072c703797cb8735a1758a79700b30912724aebd2f42eb0e154dce2fd427791b7ace3,07/21/2025 02:30:00 PM,2,DRIVER,,2019129,,TOYOTA,TUNDRA,IL,2002,NONE,PICKUP,NOT IN USE,E,SLOW/STOP IN TRAFFIC,,,1,,,,,,,,,Y,Y,Y,,,,,,,REAR,,,,,,,,,,,,,,,,,,,,,,,,,,,,,,,,,
2111402,ff753150e3556c1d3d60e3ba461a353191502581f352f33ea898083050a0ec8f8e6db1f556e9ff38c4ee9e5c7956fffcfa11135431d06ac10bbee617e395e546,07/21/2025 02:25:00 PM,1,DRIVER,,2012839,,JEEP,RENEGADE,IL,2020,NONE,SPORT UTILITY VEHICLE (SUV),PERSONAL,E,STRAIGHT AHEAD,Y,,1,,UNK,UNK,,,Y,,,,,,,,Y,Y,Y,,FRONT,,,,,,,,,,,,,,,,,,,,,,,,,,,,,,,,,
2111403,ff753150e3556c1d3d60e3ba461a353191502581f352f33ea898083050a0ec8f8e6db1f556e9ff38c4ee9e5c7956fffcfa11135431d06ac10bbee617e395e546,07/21/2025 02:25:00 PM,2,PARKED,,2012866,Y,INTERNATIONAL TRAILER CORPORATION,INTERNATIONAL TRAILER CORP.,IL,2024,NONE,TRACTOR W/ SEMI-TRAILER,CONSTRUCTION/MAINTENANCE,N,PARKED,,,0,,,,,,,,,,Y,Y,,,,,,,REAR-LEFT-CORNER,,,,,,,,,,,,,,,,,,,,,,,,,,,,,,,,,
2111384,e55ff1d7270f53ae5a47be8fcf4b058646baa44fcac0ea00f09f23230de1c1b52dc311394d4fcd5ee18f8b5dfba00aff3c2b0e91b1483a185c0e7dd437f548d6,07/21/2025 02:24:00 PM,1,DRIVER,,2012802,,UNKNOWN,OTHER (EXPLAIN IN NARRATIVE),IL,2014,NONE,BUS OVER 15 PASS.,SCHOOL BUS,S,STRAIGHT AHEAD,,,1,,,,,,,,,,,,,,,,,,REAR-RIGHT-CORNER,,,,,,,,,,,,,,,,,,,,,,,,,,,,,,,,,
2111385,e55ff1d7270f53ae5a47be8fcf4b058646baa44fcac0ea00f09f23230de1c1b52dc311394d4fcd5ee18f8b5dfba00aff3c2b0e91b1483a185c0e7dd437f548d6,07/21/2025 02:24:00 PM,2,PARKED,,2012808,,ACURA,TLX,IL,2021,NONE,PASSENGER,PERSONAL,S,PARKED,,,0,,,,,,,,,,,,,Y,Y,Y,,,FRONT-LEFT-CORNER,,,,,,,,,,,,,,,,,,,,,,,,,,,,,,,,,
2113911,36856a5650dc66849c987a438f7058867cead106e28e676ec959bfeab36783dc600150b31055185baefa97d55136f6155d2d0017624d80e336c0e491abc12532,07/21/2025 02:15:00 PM,2,DRIVER,,2015222,,MERCURY,OTHER (EXPLAIN IN NARRATIVE),IL,2010,NONE,PASSENGER,PERSONAL,S,STRAIGHT AHEAD,,,1,,,,,,,,,,,,,,,,,,FRONT,,,,,,,,,,,,,,,,,,,,,,,,,,,,,,,,,
2113912,36856a5650dc66849c987a438f7058867cead106e28e676ec959bfeab36783dc600150b31055185baefa97d55136f6155d2d0017624d80e336c0e491abc12532,07/21/2025 02:15:00 PM,1,PARKED,1,2015220,,MERCEDES-BENZ,OTHER (EXPLAIN IN NARRATIVE),IL,2015,NONE,PASSENGER,PERSONAL,N,PARKED,,,1,,,,,,Y,Y,Y,,,,,,,,,,OTHER,,,,,,,,,,,,,,,,,,,,,,,,,,,,,,,,,
2111343,645c10ffceda31c9eb04e6ab2b5b85c69e6d4291d5b78e0f6278b4ad2605a18b13849d15fb1a6724b8040fe0906aa8f22e2015ee8108ffb5a424851c69cda762,07/21/2025 02:12:00 PM,2,DRIVER,1,2012762,,NISSAN,ROGUE,IL,2016,NONE,PASSENGER,PERSONAL,W,SLOW/STOP IN TRAFFIC,,,2,,,,,Y,,,,Y,Y,Y,,,,Y,Y,,REAR,,,,,,,,,,,,,,,,,,,,,,,,,,,,,,,,,
2111344,645c10ffceda31c9eb04e6ab2b5b85c69e6d4291d5b78e0f6278b4ad2605a18b13849d15fb1a6724b8040fe0906aa8f22e2015ee8108ffb5a424851c69cda762,07/21/2025 02:12:00 PM,1,DRIVER,,2012770,,LINCOLN,NAVIGATOR,IL,2019,UNKNOWN,PASSENGER,PERSONAL,W,STRAIGHT AHEAD,,,1,,,,,,,,,,,,,,,,Y,,FRONT,,,,,,,,,,,,,,,,,,,,,,,,,,,,,,,,,
2111365,645c10ffceda31c9eb04e6ab2b5b85c69e6d4291d5b78e0f6278b4ad2605a18b13849d15fb1a6724b8040fe0906aa8f22e2015ee8108ffb5a424851c69cda762,07/21/2025 02:12:00 PM,3,DRIVER,,2012779,,GENERAL MOTORS CORPORATION (GMC),TERRAIN,IL,2019,UNKNOWN,PASSENGER,PERSONAL,W,SLOW/STOP IN TRAFFIC,,,1,,,,N,,,,,Y,Y,Y,,,,,,,REAR,,,,,,,,,,,,,,,,,,,,,,,,,,,,,,,,,
2113296,c04489be1510cb7cedc2b284c5b0f2f3df549fd743f930a7d4e63581f2bea462a0eddc71ee5e39d8ca0752548c0987eeb2804a96a9f16514c732ae28ac54009d,07/21/2025 02:10:00 PM,1,DRIVER,,2014634,,JEEP,WRANGLER,IL,2009,UNKNOWN,PASSENGER,PERSONAL,E,STRAIGHT AHEAD,,,1,,,,,,,Y,Y,Y,,,,,,,,,SIDE-RIGHT,,,,,,,,,,,,,,,,,,,,,,,,,,,,,,,,,
2113297,c04489be1510cb7cedc2b284c5b0f2f3df549fd743f930a7d4e63581f2bea462a0eddc71ee5e39d8ca0752548c0987eeb2804a96a9f16514c732ae28ac54009d,07/21/2025 02:10:00 PM,2,DRIVER,,2014635,,CHEVROLET,TRUCK,IL,2021,NONE,TRUCK - SINGLE UNIT,COMMERCIAL - SINGLE UNIT,N,STRAIGHT AHEAD,,,1,,,,,,,,,,,,,,,,Y,,FRONT,,,,,,,,,,,,,,,,,,,,,,,,,,,,,,,,,
2111388,3024497d1874755192534f13da7aa78a15099fac936d86da5b235891d76a6f61dba7ba6960a1ed1424e72d7df3a11585144e121ab6a31cde007a48e164c75e69,07/21/2025 02:05:00 PM,1,DRIVER,,2012807,,CHEVROLET,MALIBU,IL,2015,UNKNOWN,PASSENGER,UNKNOWN/NA,S,STRAIGHT AHEAD,,,1,,,,,,,,,,,,,,,,,Y,UNKNOWN,,,,,,,,,,,,,,,,,,,,,,,,,,,,,,,,,
2111389,3024497d1874755192534f13da7aa78a15099fac936d86da5b235891d76a6f61dba7ba6960a1ed1424e72d7df3a11585144e121ab6a31cde007a48e164c75e69,07/21/2025 02:05:00 PM,2,DRIVER,,2012831,,MERCURY,MOUNTAINEER,IL,2006,UNKNOWN,SPORT UTILITY VEHICLE (SUV),PERSONAL,S,STRAIGHT AHEAD,,,1,,,,,,,,,,,,Y,Y,Y,,,,SIDE-LEFT,,,,,,,,,,,,,,,,,,,,,,,,,,,,,,,,,
2111311,054eb72d1588701490e8281fc040d5e2574f4da818a65df1eb574cdb5cb8cff64d047f7faa04fa3f4b6ebee571ead74d0e80b15dd45e73456cfdbf3c7abf1f9a,07/21/2025 02:04:00 PM,1,DRIVER,,2012739,,DODGE,OTHER (EXPLAIN IN NARRATIVE),IL,,UNKNOWN,TRUCK - SINGLE UNIT,UNKNOWN/NA,W,STRAIGHT AHEAD,,,1,,,,,Y,,,,,,,,,,Y,Y,,FRONT,,,,,,,,,,,,,,,,,,,,,,,,,,,,,,,,,
2111312,054eb72d1588701490e8281fc040d5e2574f4da818a65df1eb574cdb5cb8cff64d047f7faa04fa3f4b6ebee571ead74d0e80b15dd45e73456cfdbf3c7abf1f9a,07/21/2025 02:04:00 PM,2,DRIVER,,2012734,,GENERAL MOTORS CORPORATION (GMC),TERRAIN,IL,,UNKNOWN,PASSENGER,PERSONAL,W,STRAIGHT AHEAD,,,1,,,,,,,,,Y,Y,Y,,,,,,,REAR,,,,,,,,,,,,,,,,,,,,,,,,,,,,,,,,,
2111443,25f8412e49406a21e430d339b497509e82c7f872828891d8d2e748ddb48102e0920e99cd83a0c9ec873437dce20a775a10887b565d677149df82ca97242cc79a,07/21/2025 02:00:00 PM,1,DRIVER,,2012875,,TOYOTA,PRIUS,IL,2012,UNKNOWN,PASSENGER,PERSONAL,S,STRAIGHT AHEAD,,,1,,,,,Y,Y,,,,,,,,,,,Y,FRONT-RIGHT-CORNER,,,,,,,,,,,,,,,,,,,,,,,,,,,,,,,,,
2111444,25f8412e49406a21e430d339b497509e82c7f872828891d8d2e748ddb48102e0920e99cd83a0c9ec873437dce20a775a10887b565d677149df82ca97242cc79a,07/21/2025 02:00:00 PM,2,PARKED,,2012884,,SUBARU,CROSSTREK,IL,2023,UNKNOWN,PASSENGER,UNKNOWN/NA,S,PARKED,,,0,,,,,,,,,,,,Y,Y,Y,,,Y,SIDE-LEFT-REAR,,,,,,,,,,,,,,,,,,,,,,,,,,,,,,,,,
2111423,b2492230e497fb876ca450b157e38ecb2d072fb8e4905ae62392a22027010e77bd7d34ef78e3d22ed01b86e76a1d726e80137c86489562088f1073e9e267b949,07/21/2025 02:00:00 PM,1,DRIVER,,2012847,,SUBARU,OUTBACK,IL,2012,UNKNOWN,SPORT UTILITY VEHICLE (SUV),PERSONAL,E,STRAIGHT AHEAD,,,1,,,,,,,,,,,,,,,Y,Y,,FRONT-LEFT-CORNER,,,,,,,,,,,,,,,,,,,,,,,,,,,,,,,,,
2111424,b2492230e497fb876ca450b157e38ecb2d072fb8e4905ae62392a22027010e77bd7d34ef78e3d22ed01b86e76a1d726e80137c86489562088f1073e9e267b949,07/21/2025 02:00:00 PM,2,DRIVER,,2012955,,MERCEDES-BENZ,OTHER (EXPLAIN IN NARRATIVE),IL,2023,NONE,PASSENGER,PERSONAL,E,MERGING,,,1,,,,,,,,,,Y,,,,,,,,REAR,,,,,,,,,,,,,,,,,,,,,,,,,,,,,,,,,
2111524,e6b2f27e82d4de750827005d71abbee24afefcd4c2788ef342ba9f96954175b4e9cf28b81c61b8d3b16eeca338efd31311193c80ea98795387c9e7b932beb527,07/21/2025 02:00:00 PM,1,DRIVER,,2012927,,TOYOTA,AVALON,IL,2006,UNKNOWN,PASSENGER,PERSONAL,W,TURNING RIGHT,,,1,,,,,,,,Y,Y,,,,,,,,,SIDE-RIGHT-REAR,,,,,,,,,,,,,,,,,,,,,,,,,,,,,,,,,
2111525,e6b2f27e82d4de750827005d71abbee24afefcd4c2788ef342ba9f96954175b4e9cf28b81c61b8d3b16eeca338efd31311193c80ea98795387c9e7b932beb527,07/21/2025 02:00:00 PM,2,DRIVER,,2012937,,HONDA,ACCORD,IL,2014,UNKNOWN,PASSENGER,PERSONAL,W,TURNING RIGHT,,,1,,,,,,,,,,,,,,,Y,,,FRONT-LEFT-CORNER,,,,,,,,,,,,,,,,,,,,,,,,,,,,,,,,,
2111355,f4764904cb85eed6dd569ccba003fc2248a1318d56bf2d4144dc71a44404dfdf21769d2db51f811cf1edb210c1250c466c0eb948e638ebe37c63382e45c39347,07/21/2025 02:00:00 PM,1,DRIVER,,2012786,,SATURN,ION,IL,2005,UNKNOWN,UNKNOWN/NA,UNKNOWN/NA,UNKNOWN,UNKNOWN/NA,,,1,,,,,,,,Y,Y,,,,,,,,,SIDE-RIGHT-REAR,,,,,,,,,,,,,,,,,,,,,,,,,,,,,,,,,
2111356,f4764904cb85eed6dd569ccba003fc2248a1318d56bf2d4144dc71a44404dfdf21769d2db51f811cf1edb210c1250c466c0eb948e638ebe37c63382e45c39347,07/21/2025 02:00:00 PM,2,DRIVER,,2012801,,NISSAN,ROGUE,IL,2001,UNKNOWN,UNKNOWN/NA,UNKNOWN/NA,UNKNOWN,UNKNOWN/NA,,,1,,,,,Y,Y,,,,,,,,,,,,SIDE-RIGHT-FRONT,,,,,,,,,,,,,,,,,,,,,,,,,,,,,,,,,
2111420,f6ffb1780c4afd6282827becb0e585cc537413591c7926d453b6fa4a704c53bb8ebeadcc45a4161ce4b83e0afc1f7baa3cbc9d9b4c7e219339c9bdc93ce9bee5,07/21/2025 02:00:00 PM,1,DRIVER,,2012851,,CHEVROLET,EQUINOX,IL,2010,UNKNOWN,SPORT UTILITY VEHICLE (SUV),UNKNOWN/NA,N,UNKNOWN/NA,,,1,,,,,Y,,,,,,,,,,,,,FRONT-RIGHT-CORNER,,,,,,,,,,,,,,,,,,,,,,,,,,,,,,,,,
2112518,2f690b061ed9d176115dc35c1e8dc74f64a0bcc9ccd3425cb24de51c67cb24c605be1d36981f43a73f8260aa1e88eb82038592115d38b06bc531a3fbee40193d,07/21/2025 01:59:00 PM,1,DRIVER,2,2013884,,NOVA BUS,LFS,IL,2015,UNKNOWN,BUS OVER 15 PASS.,CTA,S,ENTERING TRAFFIC LANE FROM PARKING,,,3,,,,,,,,,,,Y,Y,,,,,,SIDE-LEFT-REAR,,,,,,,,,,,,,,,,,,,,,,,,,,,,,,,,,
2112519,2f690b061ed9d176115dc35c1e8dc74f64a0bcc9ccd3425cb24de51c67cb24c605be1d36981f43a73f8260aa1e88eb82038592115d38b06bc531a3fbee40193d,07/21/2025 01:59:00 PM,2,DRIVER,,2013893,,CHEVROLET,SILVERADO,IL,2004,UNKNOWN,TRUCK - SINGLE UNIT,PERSONAL,S,STRAIGHT AHEAD,,,1,,,,,,,,Y,,,,,,,,,,REAR-RIGHT-CORNER,,,,,,,,,,,,,,,,,,,,,,,,,,,,,,,,,
2111307,accc481c2251fdce36466c7f12f9201546d47cf060e8d903f26a0176f728c51ebe3854c8374a856c52ff2d592f69b7af966d1c7f4642daaf97c00803b4eb8bf5,07/21/2025 01:59:00 PM,1,DRIVER,,2012749,,HONDA,ACCORD,IL,2016,NONE,PASSENGER,PERSONAL,SE,STRAIGHT AHEAD,,,1,,,,,,,,,,,,,,,Y,Y,,FRONT,,,,,,,,,,,,,,,,,,,,,,,,,,,,,,,,,
2111308,accc481c2251fdce36466c7f12f9201546d47cf060e8d903f26a0176f728c51ebe3854c8374a856c52ff2d592f69b7af966d1c7f4642daaf97c00803b4eb8bf5,07/21/2025 01:59:00 PM,2,DRIVER,,2012763,,TOYOTA,CAMRY,IL,2025,NONE,PASSENGER,PERSONAL,SE,STRAIGHT AHEAD,,,1,,,,,,,,,,Y,,,,,,,,REAR,,,,,,,,,,,,,,,,,,,,,,,,,,,,,,,,,
2111366,15d0d576d8bf42abaddbd0f1e713967eefc04f970439903dfacce2cb351d43d0b7579da133441cbe668f112dea75ca689479204213e9d6f6e05e2b125dc5e572,07/21/2025 01:52:00 PM,1,DRIVER,,2012784,,TOYOTA,AVALON,IL,2006,UNKNOWN,PASSENGER,PERSONAL,W,TURNING RIGHT,,,1,,,,,,,,Y,Y,,,,,,,,,REAR-RIGHT-CORNER,,,,,,,,,,,,,,,,,,,,,,,,,,,,,,,,,
2111367,15d0d576d8bf42abaddbd0f1e713967eefc04f970439903dfacce2cb351d43d0b7579da133441cbe668f112dea75ca689479204213e9d6f6e05e2b125dc5e572,07/21/2025 01:52:00 PM,2,DRIVER,,2012790,,HONDA,ACCORD,IL,2014,UNKNOWN,PASSENGER,PERSONAL,W,TURNING RIGHT,,,1,,,,,,,,,,,,,,Y,Y,,,FRONT-LEFT-CORNER,,,,,,,,,,,,,,,,,,,,,,,,,,,,,,,,,
2111313,f0481ac5a0edc3da9512ee90ffed41e13ad2b7a2a9f6eba7fbcd6fda615e32b1b8b9756e93e7372ec428ac3d82726d07f5955b35a28f7256c44be83e04b94b57,07/21/2025 01:50:00 PM,1,DRIVER,,2012733,,NOVA BUS,OTHER (EXPLAIN IN NARRATIVE),IL,2015,NONE,BUS OVER 15 PASS.,CTA,W,TURNING RIGHT,,,1,,,,,,,Y,,,,,,,,,,,SIDE-RIGHT,,,,,,,,,,,,,,,,,,,,,,,,,,,,,,,,,
2111314,f0481ac5a0edc3da9512ee90ffed41e13ad2b7a2a9f6eba7fbcd6fda615e32b1b8b9756e93e7372ec428ac3d82726d07f5955b35a28f7256c44be83e04b94b57,07/21/2025 01:50:00 PM,2,PARKED,,2012737,,BMW,328I,IL,2012,NONE,PASSENGER,PERSONAL,W,PARKED,,,0,,,,,,,,,,,Y,Y,Y,,,,,REAR-LEFT-CORNER,,,,,,,,,,,,,,,,,,,,,,,,,,,,,,,,,
2111511,27e791e8d809e0e20d6a4f885d9343352097c6fbb5995c75e231d5d661931e192bd53c98efd97217847bc850f5c40b50050eefe6a9c926fcc43d8ded5600e144,07/21/2025 01:49:00 PM,1,DRIVER,,2012915,,NOVA BUS,OTHER (EXPLAIN IN NARRATIVE),IL,2014,NONE,BUS OVER 15 PASS.,CTA,W,STRAIGHT AHEAD,,,1,,,,,,,,,,,,,,,,,,NONE,,,,,,,,,,,,,,,,,,,,,,,,,,,,,,,,,
2111512,27e791e8d809e0e20d6a4f885d9343352097c6fbb5995c75e231d5d661931e192bd53c98efd97217847bc850f5c40b50050eefe6a9c926fcc43d8ded5600e144,07/21/2025 01:49:00 PM,2,DRIVER,,2012920,N,FORD,E-TRANSIT,IL,2024,NONE,VAN/MINI-VAN,COMMERCIAL - SINGLE UNIT,W,STRAIGHT AHEAD,,,1,,,,,,,,,,Y,,,,,,,,REAR,,,,,,,,,,,,,,,,,,,,,,,,,,,,,,,,,
2111363,2c927ba5c08e7740a43e576405cb354f870662515e191f33c0ad19e96ec8aa9c82af9d5e13e5bfbfe4c135a21291bf31648d1b562b2acd8a72894bc7215b486c,07/21/2025 01:45:00 PM,1,DRIVER,1,2012846,,HYUNDAI,ELANTRA,IL,2014,UNKNOWN,PASSENGER,PERSONAL,N,SLOW/STOP IN TRAFFIC,,,2,,,,,,,,,Y,Y,Y,,,,,,,REAR,,,,,,,,,,,,,,,,,,,,,,,,,,,,,,,,,
2111364,2c927ba5c08e7740a43e576405cb354f870662515e191f33c0ad19e96ec8aa9c82af9d5e13e5bfbfe4c135a21291bf31648d1b562b2acd8a72894bc7215b486c,07/21/2025 01:45:00 PM,2,DRIVER,,2012861,,CHRYSLER,300,IL,2012,UNKNOWN,PASSENGER,PERSONAL,N,SKIDDING/CONTROL LOSS,,,1,,,,,Y,,,,,,,,,,Y,Y,,FRONT,,,,,,,,,,,,,,,,,,,,,,,,,,,,,,,,,
2111429,efb11b807ae408e51c091ae6769460795b3b3b2ab29571d6f2a9fa71635c3ebb2eae62f142c8e7be96cab920df15c6c3309d8d303dfac5518bdafa1e4751a9ca,07/21/2025 01:45:00 PM,1,DRIVER,,2012845,,CHEVROLET,MALIBU,IL,2013,UNKNOWN,PASSENGER,UNKNOWN/NA,S,STRAIGHT AHEAD,,,1,,,,,,,,,,,,,Y,Y,Y,,,UNKNOWN,,,,,,,,,,,,,,,,,,,,,,,,,,,,,,,,,
2111430,efb11b807ae408e51c091ae6769460795b3b3b2ab29571d6f2a9fa71635c3ebb2eae62f142c8e7be96cab920df15c6c3309d8d303dfac5518bdafa1e4751a9ca,07/21/2025 01:45:00 PM,2,DRIVER,,2012853,,TOYOTA,CAMRY,IL,2002,UNKNOWN,PASSENGER,UNKNOWN/NA,S,OTHER,,,1,,,,,Y,Y,,,,,,,,,,,,UNKNOWN,,,,,,,,,,,,,,,,,,,,,,,,,,,,,,,,,
2111502,c8ca6337fe3cfe71fd0b1f294f7505159d3d6a223362f2a6e84f3502dd227149feebd33113367f64699321c3ba6160528ea2725495002c5430751cf2f8ed2053,07/21/2025 01:42:00 PM,1,DRIVER,,2012924,,CHRYSLER,PACIFICA,,2023,UNKNOWN,PASSENGER,OTHER,S,STRAIGHT AHEAD,,,1,,,,,Y,Y,Y,,,,,,,,,,,SIDE-RIGHT,,,,,,,,,,,,,,,,,,,,,,,,,,,,,,,,,
2111549,c8ca6337fe3cfe71fd0b1f294f7505159d3d6a223362f2a6e84f3502dd227149feebd33113367f64699321c3ba6160528ea2725495002c5430751cf2f8ed2053,07/21/2025 01:42:00 PM,2,PARKED,,2012949,,UNKNOWN,OTHER (EXPLAIN IN NARRATIVE),IL,,UNKNOWN,UNKNOWN/NA,UNKNOWN/NA,UNKNOWN,PARKED,,,0,,,,,,,,,,,,,,,,,Y,UNKNOWN,,,,,,,,,,,,,,,,,,,,,,,,,,,,,,,,,
2111357,0fb667256771b910bb4b877b9ee8d90ae7d2900e08ab8d4feb990fd3dc7ff6bc9083ffeec3a57d8bf2ca5abaafe882f16e7c6b6d0b934979afe02e48cdcc9515,07/21/2025 01:35:00 PM,1,DRIVER,,2012772,,UNKNOWN,OTHER (EXPLAIN IN NARRATIVE),,,UNKNOWN,SPORT UTILITY VEHICLE (SUV),UNKNOWN/NA,W,UNKNOWN/NA,,,1,,,,,,,,,,,,,,,,,Y,UNKNOWN,,,,,,,,,,,,,,,,,,,,,,,,,,,,,,,,,
2111358,0fb667256771b910bb4b877b9ee8d90ae7d2900e08ab8d4feb990fd3dc7ff6bc9083ffeec3a57d8bf2ca5abaafe882f16e7c6b6d0b934979afe02e48cdcc9515,07/21/2025 01:35:00 PM,2,PARKED,,2012778,,FORD,TRANSIT,IL,2023,UNKNOWN,VAN/MINI-VAN,NOT IN USE,W,PARKED,,,0,,,,,,,,,,,,,Y,Y,,,,SIDE-LEFT,,,,,,,,,,,,,,,,,,,,,,,,,,,,,,,,,
2111777,b23586f953b0c9de27087e4b6db47721204c76e16cc8e81bbc7be8d591452af64eed5d024f5642470cdcced1f7040f9039ccccee60bd7b1897876b919ada35f6,07/21/2025 01:35:00 PM,1,DRIVER,,2013178,,NISSAN,ROGUE,IL,2024,NONE,PASSENGER,PERSONAL,N,TURNING LEFT,,,1,,,,,N,Y,Y,Y,,,,,,,,N,,SIDE-RIGHT,,,,,,,,,,,,,,,,,,,,,,,,,,,,,,,,,
2111778,b23586f953b0c9de27087e4b6db47721204c76e16cc8e81bbc7be8d591452af64eed5d024f5642470cdcced1f7040f9039ccccee60bd7b1897876b919ada35f6,07/21/2025 01:35:00 PM,2,DRIVER,,2013182,,FORD,ESCAPE,IL,2008,NONE,PASSENGER,PERSONAL,S,TURNING LEFT,,,1,,,,,Y,N,N,N,,,,,,,Y,Y,,FRONT,,,,,,,,,,,,,,,,,,,,,,,,,,,,,,,,,
2111305,da74f4976e22890c84578893cb95062a367cce3aa74155de7ac6ecf2c76758ef2ab840af43aad8c63450680abf8fcdac5232ade9fbd66276b443b701195424db,07/21/2025 01:33:00 PM,1,DRIVER,1,2012730,,HONDA,CIVIC,IL,2008,UNKNOWN,PASSENGER,PERSONAL,N,STRAIGHT AHEAD,,,2,,,,,Y,,,,,,,,,,Y,Y,,FRONT-LEFT-CORNER,,,,,,,,,,,,,,,,,,,,,,,,,,,,,,,,,
2111306,da74f4976e22890c84578893cb95062a367cce3aa74155de7ac6ecf2c76758ef2ab840af43aad8c63450680abf8fcdac5232ade9fbd66276b443b701195424db,07/21/2025 01:33:00 PM,2,DRIVER,,2012742,,AUDI,A4,IL,2021,UNKNOWN,PASSENGER,PERSONAL,E,STRAIGHT AHEAD,Y,,1,,PRIVATE TOW,UNKNOWN,,Y,Y,Y,,,,,,,,,,,FRONT-RIGHT-CORNER,,,,,,,,,,,,,,,,,,,,,,,,,,,,,,,,,
2111568,1b23cf0b3bc22580d28e5ee4bdfc872165a297821dd4d598e3dd9f8b7bd6f9417d8639b332a556f551199f53dcab06a385118d88bd1833885f61d1837a683604,07/21/2025 01:30:00 PM,1,DRIVER,,2012987,,CHRYSLER,PACIFICA,IL,,UNKNOWN,PASSENGER,RIDESHARE SERVICE,S,STRAIGHT AHEAD,,,1,,,,,Y,Y,Y,,,,,,,,,N,,FRONT-RIGHT-CORNER,,,,,,,,,,,,,,,,,,,,,,,,,,,,,,,,,
2111569,1b23cf0b3bc22580d28e5ee4bdfc872165a297821dd4d598e3dd9f8b7bd6f9417d8639b332a556f551199f53dcab06a385118d88bd1833885f61d1837a683604,07/21/2025 01:30:00 PM,2,PARKED,,2012994,,TOYOTA,CORONA,IL,2019,UNKNOWN,PASSENGER,NOT IN USE,S,PARKED,,,0,,,,,,,,,,,Y,Y,Y,Y,Y,,,SIDE-LEFT,,,,,,,,,,,,,,,,,,,,,,,,,,,,,,,,,