CRASH_UNIT_ID,CRASH_RECORD_ID,CRASH_DATE,UNIT_NO,UNIT_TYPE,NUM_PASSENGERS,VEHICLE_ID,CMRC_VEH_I,MAKE,MODEL,LIC_PLATE_STATE,VEHICLE_YEAR,VEHICLE_DEFECT,VEHICLE_TYPE,VEHICLE_USE,TRAVEL_DIRECTION,MANEUVER,TOWED_I,FIRE_I,OCCUPANT_CNT,EXCEED_SPEED_LIMIT_I,TOWED_BY,TOWED_TO,AREA_00_I,AREA_01_I,AREA_02_I,AREA_03_I,AREA_04_I,AREA_05_I,AREA_06_I,AREA_07_I,AREA_08_I,AREA_09_I,AREA_10_I,AREA_11_I,AREA_12_I,AREA_99_I,FIRST_CONTACT_POINT,CMV_ID,USDOT_NO,CCMC_NO,ILCC_NO,COMMERCIAL_SRC,GVWR,CARRIER_NAME,CARRIER_STATE,CARRIER_CITY,HAZMAT_PLACARDS_I,HAZMAT_NAME,UN_NO,HAZMAT_PRESENT_I,HAZMAT_REPORT_I,HAZMAT_REPORT_NO,MCS_REPORT_I,MCS_REPORT_NO,HAZMAT_VIO_CAUSE_CRASH_I,MCS_VIO_CAUSE_CRASH_I,IDOT_PERMIT_NO,WIDE_LOAD_I,TRAILER1_WIDTH,TRAILER2_WIDTH,TRAILER1_LENGTH,TRAILER2_LENGTH,TOTAL_VEHICLE_LENGTH,AXLE_CNT,VEHICLE_CONFIG,CARGO_BODY_TYPE,LOAD_TYPE,HAZMAT_OUT_OF_SERVICE_I,MCS_OUT_OF_SERVICE_I,HAZMAT_CLASS
2111351,2bee525cb60d219cbcae10101f19db68ce457aded3b77b1cf594e7097bcfb5854f55311db3fd40cd2687db8d704307583dd38ddb2010b3c5c535090a37be47a8,07/21/2025 01:30:00 PM,1,DRIVER,,2012768,,HONDA,CR-V,IL,2016,UNKNOWN,SPORT UTILITY VEHICLE (SUV),PERSONAL,UNKNOWN,STRAIGHT AHEAD,,,1,,,,,Y,Y,,,,,,,,,Y,Y,,FRONT-RIGHT-CORNER,,,,,,,,,,,,,,,,,,,,,,,,,,,,,,,,,
2111352,2bee525cb60d219cbcae10101f19db68ce457aded3b77b1cf594e7097bcfb5854f55311db3fd40cd2687db8d704307583dd38ddb2010b3c5c535090a37be47a8,07/21/2025 01:30:00 PM,2,DRIVER,,2012771,,HONDA,CR-V,IL,2020,UNKNOWN,SPORT UTILITY VEHICLE (SUV),PERSONAL,UNKNOWN,STRAIGHT AHEAD,,,1,,,,,Y,Y,,,,,,,,,,Y,,FRONT-RIGHT-CORNER,,,,,,,,,,,,,,,,,,,,,,,,,,,,,,,,,
2111328,5982b08e8041f829f4022b333640b3e7e3e51dd341e25cbf3423eb112a94e22f111021f275800dd67bcdf8f14e6f7747ec0b428ccbce28f0bc61c56132671092,07/21/2025 01:30:00 PM,1,DRIVER,,2012753,,DODGE,CHARGER,IL,2019,NONE,PASSENGER,PERSONAL,W,STRAIGHT AHEAD,,,1,,,,,Y,,,,,,,,,,Y,Y,,FRONT,,,,,,,,,,,,,,,,,,,,,,,,,,,,,,,,,
2111329,5982b08e8041f829f4022b333640b3e7e3e51dd341e25cbf3423eb112a94e22f111021f275800dd67bcdf8f14e6f7747ec0b428ccbce28f0bc61c56132671092,07/21/2025 01:30:00 PM,2,DRIVER,,2012764,,TOYOTA,PRIUS,IL,2014,NONE,PASSENGER,TAXI/FOR HIRE,N,U-TURN,,,1,,,,,,,,,,,,Y,Y,Y,,,,SIDE-LEFT,,,,,,,,,,,,,,,,,,,,,,,,,,,,,,,,,
2111395,8c0a6a985b4a1bd33fbf0b9df986942e6a420f8a779bef7aa4acc1583b223e42efcde1e0aafb2f49b65887196dc48a9a5d1f0effa666b6671e2481416e8ed934,07/21/2025 01:30:00 PM,1,DRIVER,,2012810,,TOYOTA,HIGHLANDER,IL,2016,UNKNOWN,UNKNOWN/NA,UNKNOWN/NA,UNKNOWN,UNKNOWN/NA,,,1,,,,,Y,Y,Y,Y,Y,,,,,,,,,SIDE-RIGHT,,,,,,,,,,,,,,,,,,,,,,,,,,,,,,,,,
2111396,8c0a6a985b4a1bd33fbf0b9df986942e6a420f8a779bef7aa4acc1583b223e42efcde1e0aafb2f49b65887196dc48a9a5d1f0effa666b6671e2481416e8ed934,07/21/2025 01:30:00 PM,2,DRIVER,,2012815,,CHEVROLET,CAMARO,IL,2019,UNKNOWN,PASSENGER,PERSONAL,UNKNOWN,UNKNOWN/NA,,,1,,,,,,,,,,,Y,Y,Y,Y,Y,,,SIDE-LEFT,,,,,,,,,,,,,,,,,,,,,,,,,,,,,,,,,
2111289,e9e1e4fd1ccd2e63e1016dcf6fcf37e0bfb098ca14f2346248f7fc9421c77dedf6b38cb32169db52733131a5c0d3b2eb73555d85e326d5ba6daff38a22387675,07/21/2025 01:30:00 PM,1,DRIVER,,2012713,,NISSAN,SENTRA,IL,2018,NONE,PASSENGER,PERSONAL,E,MERGING,,,1,,,,,,Y,Y,Y,,,N,,,,,,,SIDE-RIGHT,,,,,,,,,,,,,,,,,,,,,,,,,,,,,,,,,
2111290,e9e1e4fd1ccd2e63e1016dcf6fcf37e0bfb098ca14f2346248f7fc9421c77dedf6b38cb32169db52733131a5c0d3b2eb73555d85e326d5ba6daff38a22387675,07/21/2025 01:30:00 PM,2,DRIVER,1,2012717,,JEEP,GRAND CHEROKEE,IL,2017,NONE,SPORT UTILITY VEHICLE (SUV),PERSONAL,E,STRAIGHT AHEAD,,,2,,,,,,,,,,,,,,,,,,NONE,,,,,,,,,,,,,,,,,,,,,,,,,,,,,,,,,
2111347,60219815f9e96baeb6b9fdc8d6916a4fe786f961eb0e44754857214ba6634e8d31fc110b735b94033409548e85da293526b7dd6d34b75e39a49c267d4367ac55,07/21/2025 01:26:00 PM,1,DRIVER,,2012766,,JEEP,CHEROKEE,IL,2014,UNKNOWN,SPORT UTILITY VEHICLE (SUV),PERSONAL,N,PASSING/OVERTAKING,,,1,,,,,,,,,,,,,,,,,,SIDE-LEFT,,,,,,,,,,,,,,,,,,,,,,,,,,,,,,,,,
2111348,60219815f9e96baeb6b9fdc8d6916a4fe786f961eb0e44754857214ba6634e8d31fc110b735b94033409548e85da293526b7dd6d34b75e39a49c267d4367ac55,07/21/2025 01:26:00 PM,2,DRIVER,1,2012781,,JEEP,GRAND CHEROKEE,IL,2021,UNKNOWN,PASSENGER,PERSONAL,N,STRAIGHT AHEAD,,,2,,,,,,,,,,,,,,,,,,SIDE-RIGHT,,,,,,,,,,,,,,,,,,,,,,,,,,,,,,,,,
2111793,918c5e50312ed72913d608d6d5c97a66e85fa15d27f4ce8d14b11f868e4d6306c8d8b70ff159896ad9d5c97273c5bb6f5f85a651f0010f7c864cd446fc564769,07/21/2025 01:23:00 PM,1,DRIVER,,2013193,,UNKNOWN,BLIMP,,,UNKNOWN,TRUCK - SINGLE UNIT,COMMERCIAL - SINGLE UNIT,E,STRAIGHT AHEAD,,,1,,,,,,,,,,,,,,,,,Y,FRONT-RIGHT-CORNER,,,,,,,,,,,,,,,,,,,,,,,,,,,,,,,,,
2111794,918c5e50312ed72913d608d6d5c97a66e85fa15d27f4ce8d14b11f868e4d6306c8d8b70ff159896ad9d5c97273c5bb6f5f85a651f0010f7c864cd446fc564769,07/21/2025 01:23:00 PM,2,DRIVER,,2013195,,NOVA BUS,LFS,IL,2022,NONE,BUS OVER 15 PASS.,CTA,E,STRAIGHT AHEAD,,,1,,,,,,,,,,,,,,,Y,,,FRONT-RIGHT-CORNER,,,,,,,,,,,,,,,,,,,,,,,,,,,,,,,,,
2111315,ab07d86cf17864d1ec95f55e9faabe64647017b1864cdd0e92c7baea21454c63696dfb1d706a149fb53a1c852eb5adc606274a2b9fa90506b3b14e75c5dc5b73,07/21/2025 01:22:00 PM,1,DRIVER,,2012732,,ACURA,ADX,IL,2005,UNKNOWN,PASSENGER,PERSONAL,W,STRAIGHT AHEAD,,,1,,,,,,,,,,,,,,Y,Y,,,FRONT-LEFT-CORNER,,,,,,,,,,,,,,,,,,,,,,,,,,,,,,,,,
2111316,ab07d86cf17864d1ec95f55e9faabe64647017b1864cdd0e92c7baea21454c63696dfb1d706a149fb53a1c852eb5adc606274a2b9fa90506b3b14e75c5dc5b73,07/21/2025 01:22:00 PM,2,PARKED,,2012740,,HONDA,PILOT,IL,2023,UNKNOWN,PASSENGER,PERSONAL,W,PARKED,,,0,,,,,,,,Y,Y,,,,,,,,,SIDE-RIGHT-REAR,,,,,,,,,,,,,,,,,,,,,,,,,,,,,,,,,
2111317,ab07d86cf17864d1ec95f55e9faabe64647017b1864cdd0e92c7baea21454c63696dfb1d706a149fb53a1c852eb5adc606274a2b9fa90506b3b14e75c5dc5b73,07/21/2025 01:22:00 PM,3,PARKED,,2012750,,TOYOTA,SIENNA,IL,2019,UNKNOWN,PASSENGER,PERSONAL,W,PARKED,,,0,,,,,Y,Y,Y,Y,Y,,,,,,,,,SIDE-RIGHT-REAR,,,,,,,,,,,,,,,,,,,,,,,,,,,,,,,,,
2111332,777980db87847176a75bee9408c78f40c437d187ec9d726eb26133627f012338d5905f658e12f55de1cecfc2afea85eaa177add8ef757d63b58ad9cd623cbac9,07/21/2025 01:20:00 PM,1,DRIVER,,2012748,,HONDA,CIVIC,,,UNKNOWN,PASSENGER,UNKNOWN/NA,NW,TURNING RIGHT,,,1,,,,,,,,Y,Y,,,,,,,,,SIDE-RIGHT-REAR,,,,,,,,,,,,,,,,,,,,,,,,,,,,,,,,,
2111333,777980db87847176a75bee9408c78f40c437d187ec9d726eb26133627f012338d5905f658e12f55de1cecfc2afea85eaa177add8ef757d63b58ad9cd623cbac9,07/21/2025 01:20:00 PM,2,DRIVER,1,2012758,,FORD,ESCAPE,IL,2016,UNKNOWN,PASSENGER,PERSONAL,NW,TURNING RIGHT,,,2,,,,,,,,,,,,,,Y,Y,,,FRONT-LEFT-CORNER,,,,,,,,,,,,,,,,,,,,,,,,,,,,,,,,,
2111304,eb641d95826e3d2bcc401fb7a09a33f67fba7ba460c50d160b0452729843d2832a5ef11188da5b634f78a28f2df73efcb2b5d53af487704b6ece5f0631307212,07/21/2025 01:20:00 PM,1,DRIVER,1,2012725,,KIA,SOUL,IL,2015,NONE,PASSENGER,PERSONAL,N,BACKING,,,2,,,,,,,,,,,,,,,,Y,,FRONT,,,,,,,,,,,,,,,,,,,,,,,,,,,,,,,,,
2111393,ddf2e91667b7f381602b63bbce05a6dc0c0b45b723b27054b27e240f662dbba46f73f737543783dba446dad29ed162d750d98c96d016b64a2c0d55a419352164,07/21/2025 01:15:00 PM,1,DRIVER,,2012806,,FORD,OTHER (EXPLAIN IN NARRATIVE),IN,,UNKNOWN,VAN/MINI-VAN,PERSONAL,N,STRAIGHT AHEAD,,,1,,,,,,,,,,,,,,,,,Y,UNKNOWN,,,,,,,,,,,,,,,,,,,,,,,,,,,,,,,,,
2111394,ddf2e91667b7f381602b63bbce05a6dc0c0b45b723b27054b27e240f662dbba46f73f737543783dba446dad29ed162d750d98c96d016b64a2c0d55a419352164,07/21/2025 01:15:00 PM,2,DRIVER,,2012813,,HONDA,CR-V,IL,2018,UNKNOWN,SPORT UTILITY VEHICLE (SUV),PERSONAL,N,SLOW/STOP IN TRAFFIC,,,1,,,,,,,,,,Y,,,,,,,,REAR,,,,,,,,,,,,,,,,,,,,,,,,,,,,,,,,,
2112178,7f0b77404e7940d5367430ba77d1aee4c1a3b19753b1f6ac63540837517e9711c2e66005b253f18392781d82d61db456ccd04a51a84840b5a88238a3f4adc78c,07/21/2025 01:02:00 PM,1,DRIVER,,2013543,,UNKNOWN,OTHER (EXPLAIN IN NARRATIVE),,,UNKNOWN,TRUCK - SINGLE UNIT,OTHER,N,STRAIGHT AHEAD,,,1,,,,,Y,Y,Y,Y,,,,,,,,,,FRONT-RIGHT-CORNER,,,,,,,,,,,,,,,,,,,,,,,,,,,,,,,,,
2112179,7f0b77404e7940d5367430ba77d1aee4c1a3b19753b1f6ac63540837517e9711c2e66005b253f18392781d82d61db456ccd04a51a84840b5a88238a3f4adc78c,07/21/2025 01:02:00 PM,2,PARKED,,2013546,,FORD,ESCAPE,IL,2014,NONE,SPORT UTILITY VEHICLE (SUV),PERSONAL,N,PARKED,,,0,,,,,,,,,,,,Y,Y,Y,Y,,,SIDE-LEFT,,,,,,,,,,,,,,,,,,,,,,,,,,,,,,,,,
2111276,5d527122ab0ed287046b4b1bc9611c6ea09da9a77f19c4e2aec15d0a3cee3430ac6cedc8f0a7c81fbccfacc58c0948d2e9c8a3b913a6b3279bad45437920edc2,07/21/2025 01:00:00 PM,1,DRIVER,,2012700,,FORD,F150,IL,2019,NONE,PICKUP,PERSONAL,N,ENTERING TRAFFIC LANE FROM PARKING,,,1,,,,,Y,Y,Y,,,,,,,,Y,Y,Y,FRONT-RIGHT-CORNER,,,,,,,,,,,,,,,,,,,,,,,,,,,,,,,,,
2111277,5d527122ab0ed287046b4b1bc9611c6ea09da9a77f19c4e2aec15d0a3cee3430ac6cedc8f0a7c81fbccfacc58c0948d2e9c8a3b913a6b3279bad45437920edc2,07/21/2025 01:00:00 PM,2,DRIVER,2,2012706,,ACURA,TLX,IL,2018,NONE,PASSENGER,PERSONAL,N,STRAIGHT AHEAD,,,3,,,,,,,,,,,Y,Y,Y,Y,Y,,Y,SIDE-LEFT,,,,,,,,,,,,,,,,,,,,,,,,,,,,,,,,,
2111278,5d527122ab0ed287046b4b1bc9611c6ea09da9a77f19c4e2aec15d0a3cee3430ac6cedc8f0a7c81fbccfacc58c0948d2e9c8a3b913a6b3279bad45437920edc2,07/21/2025 01:00:00 PM,3,PARKED,,2012711,,TOYOTA,COROLLA,IL,2007,NONE,PASSENGER,NOT IN USE,N,PARKED,,,0,,,,,,,Y,Y,Y,Y,Y,,,,,,Y,REAR,,,,,,,,,,,,,,,,,,,,,,,,,,,,,,,,,
2111378,6fadae5abeb1439405ce90d22e0630e13a65b1f4e2b521d15acd73ccf279fc92ffa548b845780ffd0b7263e44ad8490cfdc8d79cdfd5c03040c4897f8f355d4e,07/21/2025 01:00:00 PM,1,DRIVER,,2012798,,UNKNOWN,MOTORIZED,,,UNKNOWN,UNKNOWN/NA,UNKNOWN/NA,UNKNOWN,UNKNOWN/NA,,,1,,,,,,,,,,,,,,,,,Y,UNKNOWN,,,,,,,,,,,,,,,,,,,,,,,,,,,,,,,,,
2111379,6fadae5abeb1439405ce90d22e0630e13a65b1f4e2b521d15acd73ccf279fc92ffa548b845780ffd0b7263e44ad8490cfdc8d79cdfd5c03040c4897f8f355d4e,07/21/2025 01:00:00 PM,2,PARKED,,2012797,,CHEVROLET,CRUZE,IL,,UNKNOWN,PASSENGER,PERSONAL,E,PARKED IN TRAFFIC LANE,,,0,,,,,,,,,,,Y,,,,,,,REAR-LEFT-CORNER,,,,,,,,,,,,,,,,,,,,,,,,,,,,,,,,,
2111282,c56bae92024a162752d98ca33e894af7aa25d984ca6e4b0ded68ba2ee050789ef01b4115585b8f386726102e5778edbc6b948b051f8c078a6e7be0452383c85f,07/21/2025 01:00:00 PM,1,DRIVER,,2012707,,UNKNOWN,MOTORIZED,,,UNKNOWN,UNKNOWN/NA,UNKNOWN/NA,E,STRAIGHT AHEAD,,,1,,,,,,,,,,,,,,,,,Y,UNKNOWN,,,,,,,,,,,,,,,,,,,,,,,,,,,,,,,,,
2111255,3e54f7423b71df895f30dbee1cfeffdfa5bf97b44464d536b81ff254b39576cc22ddb6326d6ee8bad60de79b456d55484884f207f38f33d842e6df4f5b90f48d,07/21/2025 12:55:00 PM,1,DRIVER,,2012672,,CHEVROLET,PRIZM,IL,2001,UNKNOWN,PASSENGER,UNKNOWN/NA,S,STRAIGHT AHEAD,,,1,,,,,,,,,,,,,,,,,Y,UNKNOWN,,,,,,,,,,,,,,,,,,,,,,,,,,,,,,,,,
2111256,3e54f7423b71df895f30dbee1cfeffdfa5bf97b44464d536b81ff254b39576cc22ddb6326d6ee8bad60de79b456d55484884f207f38f33d842e6df4f5b90f48d,07/21/2025 12:55:00 PM,2,DRIVER,,2012680,,CHEVROLET,IMPALA,IL,2015,UNKNOWN,PASSENGER,PERSONAL,S,STRAIGHT AHEAD,,,1,,,,,,,,,,,Y,Y,Y,Y,Y,,,SIDE-LEFT,,,,,,,,,,,,,,,,,,,,,,,,,,,,,,,,,
2111477,71e725d038e2c7f5699b1e1541650afca673321b23379df19c548a4ecdb8414b7be6359b55ffbf07b5fd4134964b1a8896ad08077bce89725f1d0917077a83b3,07/21/2025 12:50:00 PM,1,DRIVER,,2012887,,HYUNDAI,ELANTRA,IL,2013,UNKNOWN,PASSENGER,PERSONAL,N,STRAIGHT AHEAD,,,1,,,,,,,,,,,,,,,,,Y,SIDE-RIGHT,,,,,,,,,,,,,,,,,,,,,,,,,,,,,,,,,
2111478,71e725d038e2c7f5699b1e1541650afca673321b23379df19c548a4ecdb8414b7be6359b55ffbf07b5fd4134964b1a8896ad08077bce89725f1d0917077a83b3,07/21/2025 12:50:00 PM,2,PARKED,1,2012902,,TOYOTA,OTHER (EXPLAIN IN NARRATIVE),IL,2023,UNKNOWN,PASSENGER,UNKNOWN/NA,N,PARKED IN TRAFFIC LANE,,,1,,,,,,,,,,,,,,,,,Y,SIDE-LEFT,,,,,,,,,,,,,,,,,,,,,,,,,,,,,,,,,
2111257,a2e1f25bba143e287e44539a51c4e353a3f56732703b0b51798b800b333350b661646a7b89c8c9333d1165aea97bb3c68c03bb4bbab862212e4e3d4386d17fee,07/21/2025 12:45:00 PM,1,DRIVER,,2012682,,BUICK,ENCORE,IL,2020,UNKNOWN,OTHER,COMMERCIAL - SINGLE UNIT,S,STRAIGHT AHEAD,,,1,,,,,Y,,,,,,,,,,Y,Y,,FRONT,,,,,,,,,,,,,,,,,,,,,,,,,,,,,,,,,
2111258,a2e1f25bba143e287e44539a51c4e353a3f56732703b0b51798b800b333350b661646a7b89c8c9333d1165aea97bb3c68c03bb4bbab862212e4e3d4386d17fee,07/21/2025 12:45:00 PM,2,DRIVER,,2012692,,HONDA,RIDGELINE,IN,2019,UNKNOWN,PASSENGER,PERSONAL,S,STRAIGHT AHEAD,,,1,,,,,,,,,Y,Y,Y,,,,,,,REAR,,,,,,,,,,,,,,,,,,,,,,,,,,,,,,,,,
2111731,d40170b93746f4733038654b4339c6cdce8d33ae907a4386f91bca2878d2e25a2e004c6170a7ad96820425da4ac1d3709825e4f08de65b5fd9d01406149e59e7,07/21/2025 12:45:00 PM,1,DRIVER,,2013144,,UNKNOWN,OTHER (EXPLAIN IN NARRATIVE),IL,,NONE,PASSENGER,PERSONAL,S,STRAIGHT AHEAD,,,1,,,,,,,,,,,,,,,,Y,,FRONT,,,,,,,,,,,,,,,,,,,,,,,,,,,,,,,,,
2111732,d40170b93746f4733038654b4339c6cdce8d33ae907a4386f91bca2878d2e25a2e004c6170a7ad96820425da4ac1d3709825e4f08de65b5fd9d01406149e59e7,07/21/2025 12:45:00 PM,2,DRIVER,,2013138,,GENERAL MOTORS CORPORATION (GMC),TERRAIN,IL,2019,NONE,PASSENGER,PERSONAL,S,STRAIGHT AHEAD,,,1,,,,,,,,,,Y,,,,,,,,REAR,,,,,,,,,,,,,,,,,,,,,,,,,,,,,,,,,
2111280,f28bb73c7e9d29c385f08e10ff5e7f7a60a55a9094b7d2908c01554c1c435316763a21921cd8fbf21819ac00a3dbed2b5e5192838fb6a73f83204770546fe1cd,07/21/2025 12:45:00 PM,1,DRIVER,,2012705,,TOYOTA,COROLLA,IL,2005,UNKNOWN,PASSENGER,PERSONAL,UNKNOWN,UNKNOWN/NA,,,1,,,,,,,,,,,,,,Y,Y,Y,,FRONT-LEFT-CORNER,,,,,,,,,,,,,,,,,,,,,,,,,,,,,,,,,
2111281,f28bb73c7e9d29c385f08e10ff5e7f7a60a55a9094b7d2908c01554c1c435316763a21921cd8fbf21819ac00a3dbed2b5e5192838fb6a73f83204770546fe1cd,07/21/2025 12:45:00 PM,2,DRIVER,,2012709,,AUDI,SQ5,IL,2024,UNKNOWN,PASSENGER,PERSONAL,UNKNOWN,UNKNOWN/NA,,,1,,,,,Y,Y,Y,,,,,,,,,Y,,FRONT-RIGHT-CORNER,,,,,,,,,,,,,,,,,,,,,,,,,,,,,,,,,
2111245,58f12485e0fa2b20eae5b3352f7ab71799e676fe054c8db7d2e9417baad591404115886362bd511ebbc99b3a004a3f95894eba9d74e592d3daac028367ec2e47,07/21/2025 12:40:00 PM,1,DRIVER,,2012670,,AUDI,Q7,IL,2013,NONE,PASSENGER,PERSONAL,E,BACKING,Y,,1,,PRIVATE,,,Y,Y,,,,,,,,,,Y,,FRONT-RIGHT-CORNER,,,,,,,,,,,,,,,,,,,,,,,,,,,,,,,,,
2111246,58f12485e0fa2b20eae5b3352f7ab71799e676fe054c8db7d2e9417baad591404115886362bd511ebbc99b3a004a3f95894eba9d74e592d3daac028367ec2e47,07/21/2025 12:40:00 PM,2,PARKED,,2012678,,INFINITI,QX80,IL,2017,NONE,PASSENGER,PERSONAL,W,PARKED,,,0,,,,,,,,,,,Y,Y,,,,,,REAR-LEFT-CORNER,,,,,,,,,,,,,,,,,,,,,,,,,,,,,,,,,
2111241,7cbacd0ccaa52afc1f898d63e6381439f5f1c0c41f1c87f1e18e9b1e1a502b121958b301368085e74ea050f0605d013c69b923dc6cb788b6dd80791a31ec0ca2,07/21/2025 12:40:00 PM,1,DRIVER,,2012661,,MERCEDES-BENZ,C-CLASS,IL,2023,UNKNOWN,PASSENGER,PERSONAL,S,BACKING,,,1,,,,,,,,,,Y,,,,,,,,REAR,,,,,,,,,,,,,,,,,,,,,,,,,,,,,,,,,
2111242,7cbacd0ccaa52afc1f898d63e6381439f5f1c0c41f1c87f1e18e9b1e1a502b121958b301368085e74ea050f0605d013c69b923dc6cb788b6dd80791a31ec0ca2,07/21/2025 12:40:00 PM,2,DRIVER,,2012663,,LEXUS,ES,IL,2017,UNKNOWN,PASSENGER,PERSONAL,N,STRAIGHT AHEAD,,,1,,,,,N,,,,,,,,,,Y,Y,,FRONT,,,,,,,,,,,,,,,,,,,,,,,,,,,,,,,,,
2112089,ef6b254961495e6d8fbc10dbbb61672ef945d4236e24ac8db017a566efa92673c95574bd24f6cfd2ff7b2386098a29965c1e008c0432ee0cafb2e7a67663d0ef,07/21/2025 12:39:00 PM,1,DRIVER,,2013458,,CHRYSLER,TOWN & COUNTRY,IL,2013,UNKNOWN,SPORT UTILITY VEHICLE (SUV),OTHER,E,STRAIGHT AHEAD,,,1,,,,,Y,,,,,,,,,,Y,Y,Y,UNKNOWN,,,,,,,,,,,,,,,,,,,,,,,,,,,,,,,,,
2112090,ef6b254961495e6d8fbc10dbbb61672ef945d4236e24ac8db017a566efa92673c95574bd24f6cfd2ff7b2386098a29965c1e008c0432ee0cafb2e7a67663d0ef,07/21/2025 12:39:00 PM,2,DRIVER,1,2013459,,HYUNDAI,ELANTRA,IL,2025,UNKNOWN,PASSENGER,OTHER,W,STRAIGHT AHEAD,,,2,,,,,,,,,,,Y,Y,Y,,,,Y,UNKNOWN,,,,,,,,,,,,,,,,,,,,,,,,,,,,,,,,,
2111322,76570407cbfdf41d9b54693fc808af2c708fc004aa3fe502b2f8289705911e56d061a7cbdaf1c6cde999f08e8df66b66b4b8a1204c3163dd8089fc25f102f388,07/21/2025 12:37:00 PM,1,DRIVER,,2012744,,PORSCHE,CAYENNE,IL,2014,NONE,SPORT UTILITY VEHICLE (SUV),PERSONAL,S,STRAIGHT AHEAD,,,1,,,,,Y,,,,,,,,,,,,,FRONT-RIGHT-CORNER,,,,,,,,,,,,,,,,,,,,,,,,,,,,,,,,,
2111323,76570407cbfdf41d9b54693fc808af2c708fc004aa3fe502b2f8289705911e56d061a7cbdaf1c6cde999f08e8df66b66b4b8a1204c3163dd8089fc25f102f388,07/21/2025 12:37:00 PM,2,DRIVER,,2012755,,AUDI,Q3,IL,2021,NONE,SPORT UTILITY VEHICLE (SUV),PERSONAL,S,BACKING,,,1,,,,,,,,,,,Y,,,,,,,REAR-LEFT-CORNER,,,,,,,,,,,,,,,,,,,,,,,,,,,,,,,,,
2111231,cecb8ff0fd5c0f271acd58f8bc480931318092a8f5665c10eb6e4f4405f31ed9ef1e97989fe766423e6ff43e401d3116446e15fd82e64814e428240300f14d3a,07/21/2025 12:35:00 PM,1,DRIVER,,2012666,,CHEVROLET,EQUINOX,IL,2017,NONE,SPORT UTILITY VEHICLE (SUV),PERSONAL,N,STRAIGHT AHEAD,,,1,,,,,,,,,,,,Y,Y,Y,,,,SIDE-LEFT,,,,,,,,,,,,,,,,,,,,,,,,,,,,,,,,,
2111232,cecb8ff0fd5c0f271acd58f8bc480931318092a8f5665c10eb6e4f4405f31ed9ef1e97989fe766423e6ff43e401d3116446e15fd82e64814e428240300f14d3a,07/21/2025 12:35:00 PM,2,DRIVER,,2012674,,CHEVROLET,EQUINOX,IL,2020,NONE,SPORT UTILITY VEHICLE (SUV),PERSONAL,W,STRAIGHT AHEAD,,,1,,,,,Y,,,,,,,,,,Y,Y,,FRONT,,,,,,,,,,,,,,,,,,,,,,,,,,,,,,,,,
2112099,145f705265f5933f11dd5526a03516569dcfa7ad25c6d33cb59e2f943ba83ddbe73315633727e21c4c5e067054d97bcd3894513d25f742f133e451230349811a,07/21/2025 12:30:00 PM,1,DRIVER,,2013476,,CHRYSLER,OTHER (EXPLAIN IN NARRATIVE),IL,2013,UNKNOWN,VAN/MINI-VAN,UNKNOWN/NA,S,STRAIGHT AHEAD,,,1,,,,,Y,,,,,,,,,,Y,Y,Y,UNKNOWN,,,,,,,,,,,,,,,,,,,,,,,,,,,,,,,,,
2112100,145f705265f5933f11dd5526a03516569dcfa7ad25c6d33cb59e2f943ba83ddbe73315633727e21c4c5e067054d97bcd3894513d25f742f133e451230349811a,07/21/2025 12:30:00 PM,2,DRIVER,,2013477,,JEEP,GRAND CHEROKEE,IL,2015,UNKNOWN,SPORT UTILITY VEHICLE (SUV),OTHER,E,STRAIGHT AHEAD,,,1,,,,,,,,,,,Y,Y,Y,Y,N,,,UNKNOWN,,,,,,,,,,,,,,,,,,,,,,,,,,,,,,,,,
2111406,4c675d98c98124f4b32db1d1a6ebcac647256857a23ca5e75f82616119bc2160fe8d0137a9d920a839794dcc2b9a9b40b5acfe369e8e6c6b6d49e5730b7a3c2f,07/21/2025 12:30:00 PM,1,DRIVER,,2012819,,UNKNOWN,OTHER (EXPLAIN IN NARRATIVE),,,UNKNOWN,UNKNOWN/NA,UNKNOWN/NA,UNKNOWN,UNKNOWN/NA,,,1,,,,,,,,,,,,,,,,,Y,UNKNOWN,,,,,,,,,,,,,,,,,,,,,,,,,,,,,,,,,
2111407,4c675d98c98124f4b32db1d1a6ebcac647256857a23ca5e75f82616119bc2160fe8d0137a9d920a839794dcc2b9a9b40b5acfe369e8e6c6b6d49e5730b7a3c2f,07/21/2025 12:30:00 PM,2,PARKED,,2012822,,HYUNDAI,SANTA FE,IL,2020,UNKNOWN,PASSENGER,PERSONAL,S,PARKED,,,0,,,,,,,,,,,,Y,N,,,,,SIDE-LEFT,,,,,,,,,,,,,,,,,,,,,,,,,,,,,,,,,
2111283,4fea81054d162ddbd0dd9170b33fe118f765ada7e36e0ab8b7fee7dd8507551277c1ee70c6591d0b52fc8b35b51c3bf7d759e9cc224de24e665d0d0b13e8c3f9,07/21/2025 12:30:00 PM,1,DRIVER,,2012747,,DODGE,CHALLENGER,IL,,UNKNOWN,UNKNOWN/NA,UNKNOWN/NA,S,LEAVING TRAFFIC LANE TO PARK,,,1,,,,,Y,,,,,,,,,,,Y,,FRONT-RIGHT-CORNER,,,,,,,,,,,,,,,,,,,,,,,,,,,,,,,,,