CRASH_UNIT_ID,CRASH_RECORD_ID,CRASH_DATE,UNIT_NO,UNIT_TYPE,NUM_PASSENGERS,VEHICLE_ID,CMRC_VEH_I,MAKE,MODEL,LIC_PLATE_STATE,VEHICLE_YEAR,VEHICLE_DEFECT,VEHICLE_TYPE,VEHICLE_USE,TRAVEL_DIRECTION,MANEUVER,TOWED_I,FIRE_I,OCCUPANT_CNT,EXCEED_SPEED_LIMIT_I,TOWED_BY,TOWED_TO,AREA_00_I,AREA_01_I,AREA_02_I,AREA_03_I,AREA_04_I,AREA_05_I,AREA_06_I,AREA_07_I,AREA_08_I,AREA_09_I,AREA_10_I,AREA_11_I,AREA_12_I,AREA_99_I,FIRST_CONTACT_POINT,CMV_ID,USDOT_NO,CCMC_NO,ILCC_NO,COMMERCIAL_SRC,GVWR,CARRIER_NAME,CARRIER_STATE,CARRIER_CITY,HAZMAT_PLACARDS_I,HAZMAT_NAME,UN_NO,HAZMAT_PRESENT_I,HAZMAT_REPORT_I,HAZMAT_REPORT_NO,MCS_REPORT_I,MCS_REPORT_NO,HAZMAT_VIO_CAUSE_CRASH_I,MCS_VIO_CAUSE_CRASH_I,IDOT_PERMIT_NO,WIDE_LOAD_I,TRAILER1_WIDTH,TRAILER2_WIDTH,TRAILER1_LENGTH,TRAILER2_LENGTH,TOTAL_VEHICLE_LENGTH,AXLE_CNT,VEHICLE_CONFIG,CARGO_BODY_TYPE,LOAD_TYPE,HAZMAT_OUT_OF_SERVICE_I,MCS_OUT_OF_SERVICE_I,HAZMAT_CLASS
2111284,4fea81054d162ddbd0dd9170b33fe118f765ada7e36e0ab8b7fee7dd8507551277c1ee70c6591d0b52fc8b35b51c3bf7d759e9cc224de24e665d0d0b13e8c3f9,07/21/2025 12:30:00 PM,2,PARKED,,2012760,,UNKNOWN,OTHER (EXPLAIN IN NARRATIVE),IL,,UNKNOWN,UNKNOWN/NA,UNKNOWN/NA,N,PARKED,,,0,,,,,,,,,,,Y,Y,,,,,,SIDE-LEFT-REAR,,,,,,,,,,,,,,,,,,,,,,,,,,,,,,,,,
2111309,77147a6f442ae8a384d72424810af9191aa069405fea55c435f9c9aa8ef28b21c5897bc98ecbf7108267d1e30aa438c8897f3c9f5b5e0af4f92d170464feca76,07/21/2025 12:30:00 PM,1,DRIVER,,2012785,,INTERNATIONAL TRAILER CORPORATION,OTHER (EXPLAIN IN NARRATIVE),OH,2025,UNKNOWN,UNKNOWN/NA,UNKNOWN/NA,S,TURNING RIGHT,,,1,,,,,,,,,,,,,,,,,,NONE,,,,,,,,,,,,,,,,,,,,,,,,,,,,,,,,,
2111310,77147a6f442ae8a384d72424810af9191aa069405fea55c435f9c9aa8ef28b21c5897bc98ecbf7108267d1e30aa438c8897f3c9f5b5e0af4f92d170464feca76,07/21/2025 12:30:00 PM,2,DRIVER,,2012741,,JEEP,CHEROKEE,IL,2018,UNKNOWN,UNKNOWN/NA,UNKNOWN/NA,S,UNKNOWN/NA,,,1,,,,,,,Y,Y,,,,,,,,,,SIDE-RIGHT,,,,,,,,,,,,,,,,,,,,,,,,,,,,,,,,,
2111374,92c9d27bdf141792084de2d1175a9074151ac2390093fe6e9b8314d5adcdf9b31bf9877df021af80319b962bec126636d21079091bdce33671eabb175640f511,07/21/2025 12:30:00 PM,1,DRIVER,,2012791,,UNKNOWN,MOTORIZED,IL,,UNKNOWN,VAN/MINI-VAN,UNKNOWN/NA,S,STRAIGHT AHEAD,,,1,,,,,N,,,,,,,,,,,,Y,UNKNOWN,,,,,,,,,,,,,,,,,,,,,,,,,,,,,,,,,
2111375,92c9d27bdf141792084de2d1175a9074151ac2390093fe6e9b8314d5adcdf9b31bf9877df021af80319b962bec126636d21079091bdce33671eabb175640f511,07/21/2025 12:30:00 PM,2,PARKED,,2012796,,NISSAN,KICKS,IL,2019,UNKNOWN,PASSENGER,NOT IN USE,S,PARKED,,,0,,,,,,,,,,,,,,Y,Y,,,TOTAL (ALL AREAS),,,,,,,,,,,,,,,,,,,,,,,,,,,,,,,,,
2111293,a83d16b16099fb4a0c2f45130b482320cbc98280991cb2a16f04b3f1fccef2d76dcd8d1044c18ce218964fdf29c1330a4e8b94443ae56104930ce5617d964454,07/21/2025 12:30:00 PM,1,DRIVER,,2012914,,LEXUS,RX,IL,2010,UNKNOWN,PASSENGER,PERSONAL,W,LEAVING TRAFFIC LANE TO PARK,,,1,,,,,Y,Y,Y,Y,Y,,Y,Y,Y,Y,Y,,,SIDE-LEFT,,,,,,,,,,,,,,,,,,,,,,,,,,,,,,,,,
2111294,a83d16b16099fb4a0c2f45130b482320cbc98280991cb2a16f04b3f1fccef2d76dcd8d1044c18ce218964fdf29c1330a4e8b94443ae56104930ce5617d964454,07/21/2025 12:30:00 PM,3,PARKED,,2012714,,CHEVROLET,EQUINOX,IL,2024,NONE,PASSENGER,PERSONAL,W,PARKED,,,0,,,,,,,,,,,Y,Y,Y,Y,Y,,,SIDE-LEFT,,,,,,,,,,,,,,,,,,,,,,,,,,,,,,,,,
2111295,a83d16b16099fb4a0c2f45130b482320cbc98280991cb2a16f04b3f1fccef2d76dcd8d1044c18ce218964fdf29c1330a4e8b94443ae56104930ce5617d964454,07/21/2025 12:30:00 PM,2,PARKED,5,2012731,,NISSAN,ALTIMA,FL,2023,UNKNOWN,PASSENGER,PERSONAL,W,PARKED,,,5,,,,,Y,Y,Y,Y,Y,,,,,,,,,SIDE-RIGHT,,,,,,,,,,,,,,,,,,,,,,,,,,,,,,,,,
2111336,8a15386b6ec2e7780e21d2d664492dc5824e60db6f104f9575c38dd0dd3773caaeab69550c18eb48b609b2974a1fddba74d368df028bb20a8d8401e9953ed908,07/21/2025 12:25:00 PM,1,DRIVER,,2012777,,CHEVROLET,OTHER (EXPLAIN IN NARRATIVE),IL,,UNKNOWN,PASSENGER,PERSONAL,E,PASSING/OVERTAKING,,,1,,,,,,,,,,,,,,,,,Y,SIDE-RIGHT,,,,,,,,,,,,,,,,,,,,,,,,,,,,,,,,,
2111337,8a15386b6ec2e7780e21d2d664492dc5824e60db6f104f9575c38dd0dd3773caaeab69550c18eb48b609b2974a1fddba74d368df028bb20a8d8401e9953ed908,07/21/2025 12:25:00 PM,2,DRIVER,1,2012783,,DODGE,OTHER (EXPLAIN IN NARRATIVE),IL,2017,UNKNOWN,VAN/MINI-VAN,COMMERCIAL - SINGLE UNIT,E,SLOW/STOP IN TRAFFIC,,,2,,,,Y,,,,,,,,,,,,,,SIDE-LEFT,,,,,,,,,,,,,,,,,,,,,,,,,,,,,,,,,
2111253,a27cbd5fe2f2619e6d166bf5fdbd3ba912a9e0f806ad261039b6a1e6487784b71ab35ecbf831af75188185237a5532e513e24cef334dfca8c358cd96c399753a,07/21/2025 12:25:00 PM,1,DRIVER,,2012679,,NISSAN,MURANO,IL,2017,UNKNOWN,PASSENGER,PERSONAL,W,STRAIGHT AHEAD,,,1,,,,,Y,,,,,,,,,,Y,Y,,FRONT-RIGHT-CORNER,,,,,,,,,,,,,,,,,,,,,,,,,,,,,,,,,
2111254,a27cbd5fe2f2619e6d166bf5fdbd3ba912a9e0f806ad261039b6a1e6487784b71ab35ecbf831af75188185237a5532e513e24cef334dfca8c358cd96c399753a,07/21/2025 12:25:00 PM,2,DRIVER,,2012689,,SUBARU,CROSSTREK,IL,2024,NONE,PASSENGER,PERSONAL,N,STRAIGHT AHEAD,,,1,,,,,,,,,Y,Y,Y,,,,,,,REAR,,,,,,,,,,,,,,,,,,,,,,,,,,,,,,,,,
2111220,f65ba1b219eb7ba135253d8b3ac4921f03dca1249943fa6b40820cfd0f372a8c0b639719e91779bc5eba2f06ea4920bd3d1bb0ca1f17cd0a2f0dcb95eec19c7e,07/21/2025 12:11:00 PM,1,DRIVER,1,2012654,,SUBARU,OUTBACK,CO,2012,NONE,PASSENGER,PERSONAL,N,STRAIGHT AHEAD,Y,,2,,private company,mechanic,,Y,,,,,,,,,,Y,Y,,FRONT,,,,,,,,,,,,,,,,,,,,,,,,,,,,,,,,,
2111221,f65ba1b219eb7ba135253d8b3ac4921f03dca1249943fa6b40820cfd0f372a8c0b639719e91779bc5eba2f06ea4920bd3d1bb0ca1f17cd0a2f0dcb95eec19c7e,07/21/2025 12:11:00 PM,2,DRIVER,,2012660,,CHEVROLET,COLORADO,IL,2020,NONE,PICKUP,CONSTRUCTION/MAINTENANCE,N,STRAIGHT AHEAD,,,1,,,,,,,,,Y,Y,Y,,,,,,,REAR,,,,,,,,,,,,,,,,,,,,,,,,,,,,,,,,,
2111235,da9216cfef365f7aec0cff4e83205635231b7d69557a4b3e639adbfeea867b9342e7c3edf1bee767a0443b53a4b01197f9492dba38564ded6cd6f85121febb4b,07/21/2025 12:06:00 PM,1,PARKED,1,2012736,,FORD,VAN,IL,2014,UNKNOWN,VAN/MINI-VAN,OTHER,S,PARKED,,,1,,,,,,,,,,,,,Y,,,,,OTHER,,,,,,,,,,,,,,,,,,,,,,,,,,,,,,,,,
2111236,da9216cfef365f7aec0cff4e83205635231b7d69557a4b3e639adbfeea867b9342e7c3edf1bee767a0443b53a4b01197f9492dba38564ded6cd6f85121febb4b,07/21/2025 12:06:00 PM,2,NON-MOTOR VEHICLE,,,,,,,,,,,,,,,,,,,,,,,,,,,,,,,,,,,,,,,,,,,,,,,,,,,,,,,,,,,,,,,,,,
2111622,0af38175a8ae5d0daeafb33dfa8e655e469202128416f61dc18be0ed1a89c287d61cbf5670b07b4330c082e222cfaa526cf93e657798098f4a2d3f3ffd734e63,07/21/2025 12:00:00 PM,1,DRIVER,,2013027,,SUBARU,OUTBACK,IL,2010,UNKNOWN,PASSENGER,PERSONAL,N,CHANGING LANES,,,1,,,,,,,,,,,,,,,,,Y,FRONT-RIGHT-CORNER,,,,,,,,,,,,,,,,,,,,,,,,,,,,,,,,,
2111623,0af38175a8ae5d0daeafb33dfa8e655e469202128416f61dc18be0ed1a89c287d61cbf5670b07b4330c082e222cfaa526cf93e657798098f4a2d3f3ffd734e63,07/21/2025 12:00:00 PM,2,DRIVER,,2013034,,CHEVROLET,CAMARO,IL,2018,UNKNOWN,UNKNOWN/NA,PERSONAL,N,STRAIGHT AHEAD,,,1,,,,,,,,,,,,Y,,,,,,REAR-LEFT-CORNER,,,,,,,,,,,,,,,,,,,,,,,,,,,,,,,,,
2111628,0d70f96af9955788e37537e297f6306875222abff520ffb840c3d3838ca9fe1e2ba0e3fdc269a0fac94745ca58f52d7034fd45b2f8c7ab35db64c963a062c1d7,07/21/2025 12:00:00 PM,1,DRIVER,,2013031,,ACURA,ADX,IL,2008,UNKNOWN,UNKNOWN/NA,UNKNOWN/NA,UNKNOWN,UNKNOWN/NA,,,1,,,,,,,,,,,,,,,,,Y,UNKNOWN,,,,,,,,,,,,,,,,,,,,,,,,,,,,,,,,,
2111629,0d70f96af9955788e37537e297f6306875222abff520ffb840c3d3838ca9fe1e2ba0e3fdc269a0fac94745ca58f52d7034fd45b2f8c7ab35db64c963a062c1d7,07/21/2025 12:00:00 PM,2,PARKED,,2013037,,FORD,ESCAPE,IL,2019,UNKNOWN,UNKNOWN/NA,UNKNOWN/NA,UNKNOWN,PARKED,,,0,,,,,N,N,,,,,,,,Y,Y,,,SIDE-LEFT-FRONT,,,,,,,,,,,,,,,,,,,,,,,,,,,,,,,,,
2111267,9ba7732d572f5d50bd91e15396bab4d9ecc4061577a5eec0ebd908c809685f7b1eefc2d6bb88e77c9cbd5db58f6cc90808d673748ac1bc41673ff9447cfbbf76,07/21/2025 12:00:00 PM,1,DRIVER,,2012698,,UNKNOWN,OTHER (EXPLAIN IN NARRATIVE),IL,,UNKNOWN,UNKNOWN/NA,UNKNOWN/NA,E,UNKNOWN/NA,,,1,,,,,,,,,,,,,,,,,Y,UNKNOWN,,,,,,,,,,,,,,,,,,,,,,,,,,,,,,,,,
2111268,9ba7732d572f5d50bd91e15396bab4d9ecc4061577a5eec0ebd908c809685f7b1eefc2d6bb88e77c9cbd5db58f6cc90808d673748ac1bc41673ff9447cfbbf76,07/21/2025 12:00:00 PM,2,PARKED,,2012704,,TOYOTA,RAV4,IL,2013,UNKNOWN,SPORT UTILITY VEHICLE (SUV),NOT IN USE,E,PARKED,,,0,,,,,,,,,,,,,Y,Y,Y,,,SIDE-LEFT,,,,,,,,,,,,,,,,,,,,,,,,,,,,,,,,,
2111414,ff1a620bc7b8d91c25ee9e43c0ea80c063e00822c9151ce04b1ebcb7fe03f2acc6bb3eac36de8a6436192532f89eb961d9feb797aed2ac7b89c85237bde28347,07/21/2025 12:00:00 PM,1,DRIVER,,2012825,,UNKNOWN,MOTORIZED,,,UNKNOWN,UNKNOWN/NA,UNKNOWN/NA,UNKNOWN,UNKNOWN/NA,,,1,,,,,,,,,,,,,,,,,Y,UNKNOWN,,,,,,,,,,,,,,,,,,,,,,,,,,,,,,,,,
2111415,ff1a620bc7b8d91c25ee9e43c0ea80c063e00822c9151ce04b1ebcb7fe03f2acc6bb3eac36de8a6436192532f89eb961d9feb797aed2ac7b89c85237bde28347,07/21/2025 12:00:00 PM,2,PARKED,,2012837,,CHEVROLET,EQUINOX,MI,2025,NONE,SPORT UTILITY VEHICLE (SUV),PERSONAL,N,PARKED,,,0,,,,,,,,,,,,Y,Y,Y,Y,,,SIDE-LEFT,,,,,,,,,,,,,,,,,,,,,,,,,,,,,,,,,
2111247,434297d449cf475decef19bc389670f701fb92751e5a1e8f2069ddac55b0c3f0872a06d599a0081263febf98f86f5c281ec8bb4004019af054d332acc90df5b0,07/21/2025 11:59:00 AM,1,DRIVER,,2012669,,VOLKSWAGEN,JETTA,IL,2021,NONE,PASSENGER,PERSONAL,S,BACKING,,,1,,,,,,,,,,Y,,,,,,,,REAR,,,,,,,,,,,,,,,,,,,,,,,,,,,,,,,,,
2111248,434297d449cf475decef19bc389670f701fb92751e5a1e8f2069ddac55b0c3f0872a06d599a0081263febf98f86f5c281ec8bb4004019af054d332acc90df5b0,07/21/2025 11:59:00 AM,2,DRIVER,,2012673,,JAGUAR,XK SERIES,IL,2007,NONE,PASSENGER,PERSONAL,N,SLOW/STOP IN TRAFFIC,,,1,,,,,Y,,,,,,,,,,Y,Y,,FRONT,,,,,,,,,,,,,,,,,,,,,,,,,,,,,,,,,
2111269,6c9b904d29947a9a74de406af784e628ce3cb7f67be2b52ff452eee98aac56e458d21f4d0d32259a5b2995ff095bca4e8511be0f4cefc949cc98efd3fbd2dbf4,07/21/2025 11:56:00 AM,1,DRIVER,,2012715,N,UNKNOWN,OTHER (EXPLAIN IN NARRATIVE),IL,,UNKNOWN,OTHER,FIRE,E,TURNING RIGHT,,,1,,,,,,,Y,,,,,,,,,,,SIDE-RIGHT,,,,,,,,,,,,,,,,,,,,,,,,,,,,,,,,,
2111270,6c9b904d29947a9a74de406af784e628ce3cb7f67be2b52ff452eee98aac56e458d21f4d0d32259a5b2995ff095bca4e8511be0f4cefc949cc98efd3fbd2dbf4,07/21/2025 11:56:00 AM,2,PARKED,,2012722,,JEEP,PATRIOT,IL,2011,UNKNOWN,SPORT UTILITY VEHICLE (SUV),PERSONAL,E,PARKED,,,0,,,,,,,,,,,Y,,,,N,,,SIDE-LEFT-REAR,,,,,,,,,,,,,,,,,,,,,,,,,,,,,,,,,
2111208,a635beec10ce1dea2012786585b1fbab8356bdf111fff59dba193bf06c6894a4aef2b3c25263082d3e72552321e33e53d881dcf907734beff003aaec72ba2404,07/21/2025 11:52:00 AM,1,DRIVER,,2012638,,HONDA,CIVIC,IL,1999,NONE,PASSENGER,PERSONAL,S,TURNING LEFT,Y,,1,,REQUESTED OWN PRIVATE TOW,,,,,,Y,Y,,,,,,,,,SIDE-RIGHT-REAR,,,,,,,,,,,,,,,,,,,,,,,,,,,,,,,,,
2111209,a635beec10ce1dea2012786585b1fbab8356bdf111fff59dba193bf06c6894a4aef2b3c25263082d3e72552321e33e53d881dcf907734beff003aaec72ba2404,07/21/2025 11:52:00 AM,2,DRIVER,1,2012644,,NISSAN,QUEST,IL,2004,NONE,VAN/MINI-VAN,PERSONAL,N,STRAIGHT AHEAD,,,2,,,,,Y,,,,,,,,,,Y,Y,,FRONT,,,,,,,,,,,,,,,,,,,,,,,,,,,,,,,,,
2111214,53fd94626a6bdb61ea04baf076753b587c2466c5c7b3cdeba513072d197d8d43b79319d0e9397f4755f2d3f4731b436cfe185eb7351949b02f890a5c05d81c1c,07/21/2025 11:50:00 AM,1,DRIVER,,2012649,,TOYOTA,PRIUS,IL,2010,NONE,PASSENGER,PERSONAL,S,STRAIGHT AHEAD,,,1,,,,,Y,,,,,,,,,,,,,FRONT-RIGHT-CORNER,,,,,,,,,,,,,,,,,,,,,,,,,,,,,,,,,
2111215,53fd94626a6bdb61ea04baf076753b587c2466c5c7b3cdeba513072d197d8d43b79319d0e9397f4755f2d3f4731b436cfe185eb7351949b02f890a5c05d81c1c,07/21/2025 11:50:00 AM,2,PARKED,,2012652,,JEEP,LAREDO,IL,2008,NONE,PASSENGER,NOT IN USE,S,PARKED,Y,,0,,private,unk,,,,,,,Y,Y,Y,,,,,,REAR-LEFT-CORNER,,,,,,,,,,,,,,,,,,,,,,,,,,,,,,,,,
2112603,5fbd2ab6da8ca120f7d61bc965c1f156b8f167fb99a196e28684a58d6f4b92e9fecadf7235dc4cffefe0a5b166f4721807f0d6097190591082251586535ba543,07/21/2025 11:50:00 AM,1,DRIVER,,2013953,,HONDA,CR-V,IL,2005,NONE,SPORT UTILITY VEHICLE (SUV),PERSONAL,N,STRAIGHT AHEAD,Y,,1,,private tow,,,,,,,,,,,Y,Y,Y,,,FRONT-LEFT-CORNER,,,,,,,,,,,,,,,,,,,,,,,,,,,,,,,,,
2112604,5fbd2ab6da8ca120f7d61bc965c1f156b8f167fb99a196e28684a58d6f4b92e9fecadf7235dc4cffefe0a5b166f4721807f0d6097190591082251586535ba543,07/21/2025 11:50:00 AM,2,DRIVER,,2013954,,CHEVROLET,MALIBU,IL,2019,NONE,PASSENGER,PERSONAL,E,STRAIGHT AHEAD,,,1,,,,,Y,Y,,,,,,,,,Y,Y,,FRONT-RIGHT-CORNER,,,,,,,,,,,,,,,,,,,,,,,,,,,,,,,,,
2111271,827a89a4962cc909110251183e38262083208db8a2955e4ca75f2800dbe10c78148d0a7b2f3787ff28c8c3766ff32eeac957ab29a7dd1aa3bcabcaf7d36fa03a,07/21/2025 11:50:00 AM,1,DRIVER,,2012695,,TOYOTA,PRIUS,IL,2006,NONE,PASSENGER,PERSONAL,N,STRAIGHT AHEAD,,,1,,,,,,,,,,,Y,Y,Y,,,,,SIDE-LEFT,,,,,,,,,,,,,,,,,,,,,,,,,,,,,,,,,
2111272,827a89a4962cc909110251183e38262083208db8a2955e4ca75f2800dbe10c78148d0a7b2f3787ff28c8c3766ff32eeac957ab29a7dd1aa3bcabcaf7d36fa03a,07/21/2025 11:50:00 AM,2,DRIVER,,2012701,Y,VOLVO,OTHER (EXPLAIN IN NARRATIVE),WI,2019,NONE,TRACTOR W/ SEMI-TRAILER,COMMERCIAL - MULTI-UNIT,N,TURNING RIGHT,,,1,,,,,Y,,,,,,,,,,,,,SIDE-RIGHT-FRONT,"21,855",3032894,,,SIDE OF TRUCK,3,FIVE STAR OIL TRANSPORTATION,IL,MOUNT PROSPECT,N,,,N,N,,N,,N,N,,,,,,,,,"SINGLE UNIT TRUCK, 3 OR MORE AXLES",TANK,OTHER,N,N,
2111186,d7f237572673dd49dd2acd89e4032e79ffce810b111fbd8bc953aacc80556f6f1291119bc044b8762a6fe90c79ed09b1c49a06135dc5743a4cf6e543e3a8335c,07/21/2025 11:45:00 AM,1,DRIVER,,2012622,,LEXUS,OTHER (EXPLAIN IN NARRATIVE),IL,,UNKNOWN,UNKNOWN/NA,UNKNOWN/NA,E,PASSING/OVERTAKING,,,1,,,,,,,,,,,,,,,,,Y,UNKNOWN,,,,,,,,,,,,,,,,,,,,,,,,,,,,,,,,,
2111187,d7f237572673dd49dd2acd89e4032e79ffce810b111fbd8bc953aacc80556f6f1291119bc044b8762a6fe90c79ed09b1c49a06135dc5743a4cf6e543e3a8335c,07/21/2025 11:45:00 AM,2,DRIVER,,2012630,,LEXUS,ES350,IL,2016,NONE,PASSENGER,PERSONAL,E,STRAIGHT AHEAD,,,1,,,,,Y,Y,Y,,,,,,,,,,,FRONT-RIGHT-CORNER,,,,,,,,,,,,,,,,,,,,,,,,,,,,,,,,,
2111195,8905762fd932de7f170a2c618290b9a96a4918275e6e97b9e74eb15f66cc4d32b7e884bd7e1797aa459c6c54f9a0c0a73bcbf1695c510e3bde448af23c17f5e3,07/21/2025 11:41:00 AM,1,DRIVER,,2012626,,HUMMER,H3,IL,2008,UNKNOWN,SPORT UTILITY VEHICLE (SUV),PERSONAL,W,TURNING RIGHT,,,1,,,,,,,Y,Y,N,,,,,,,,,SIDE-RIGHT,,,,,,,,,,,,,,,,,,,,,,,,,,,,,,,,,
2111196,8905762fd932de7f170a2c618290b9a96a4918275e6e97b9e74eb15f66cc4d32b7e884bd7e1797aa459c6c54f9a0c0a73bcbf1695c510e3bde448af23c17f5e3,07/21/2025 11:41:00 AM,2,DRIVER,,2012628,,"PETERBILT MOTORS COMPANY (DIVISION OF PACCAR, INC.)","PETERBILT MOTORS CO., DIVISION PACCAR, INC.",IL,2006,UNKNOWN,TRACTOR W/ SEMI-TRAILER,COMMERCIAL - SINGLE UNIT,W,TURNING RIGHT,,,1,,,,,,,,,,,,,,,Y,,,FRONT-LEFT-CORNER,,,,,,,,,,,,,,,,,,,,,,,,,,,,,,,,,
2111218,60dc626b4c39aa0d589e4aa569f5141a8c94b873218ce9eb2e614f0ab7a57184a9c96096c3f04c6f46f574799a8ff71c9b6011ff74095c169d63c34f7c4d24aa,07/21/2025 11:40:00 AM,1,DRIVER,,2012648,Y,FORD,OTHER (EXPLAIN IN NARRATIVE),IL,2012,UNKNOWN,TRUCK - SINGLE UNIT,COMMERCIAL - SINGLE UNIT,E,PASSING/OVERTAKING,,,1,,,,,,,,,,,,,,,,,Y,SIDE-LEFT,"21,852",,,,,,JR'S FURNITURE,,,,,,,,,,,,,,,,,,,,,,,,,,
2111219,60dc626b4c39aa0d589e4aa569f5141a8c94b873218ce9eb2e614f0ab7a57184a9c96096c3f04c6f46f574799a8ff71c9b6011ff74095c169d63c34f7c4d24aa,07/21/2025 11:40:00 AM,2,DRIVER,,2012653,,TOYOTA,CAMRY,IL,2016,NONE,PASSENGER,UNKNOWN/NA,E,STRAIGHT AHEAD,,,1,,,,,Y,Y,,,,,,,,,,,,FRONT-RIGHT-CORNER,,,,,,,,,,,,,,,,,,,,,,,,,,,,,,,,,
2111212,dc1a3664a72c7044cecb15e2d977ee7367c8c52b5e0c263e8a170e24160a50649e77f7e52dcbbb115affc4a445a83dcefa82a4ebd44281ba2969e815688771a7,07/21/2025 11:37:00 AM,1,DRIVER,,2013153,,TOYOTA,PRIUS,IL,2013,UNKNOWN,PASSENGER,PERSONAL,N,ENTERING TRAFFIC LANE FROM PARKING,,,1,,,,,Y,,,,,,,,,,Y,Y,,FRONT,,,,,,,,,,,,,,,,,,,,,,,,,,,,,,,,,
2111213,dc1a3664a72c7044cecb15e2d977ee7367c8c52b5e0c263e8a170e24160a50649e77f7e52dcbbb115affc4a445a83dcefa82a4ebd44281ba2969e815688771a7,07/21/2025 11:37:00 AM,2,DRIVER,,2013154,,FORD,TRANSIT,IL,2017,UNKNOWN,VAN/MINI-VAN,OTHER,N,STRAIGHT AHEAD,,,1,,,,,,Y,Y,,,,,,,,,,,SIDE-RIGHT,,,,,,,,,,,,,,,,,,,,,,,,,,,,,,,,,
2111202,36dc7da78fd2db351f99749215921c8fa8a9b51a36cae0adb5a4b44cb9208854b44281cc94129a4c379e3aefa403924af58e6c3af07f8484f9157f9074dc4a35,07/21/2025 11:30:00 AM,1,DRIVER,,2012641,,UNKNOWN,OTHER (EXPLAIN IN NARRATIVE),IL,,UNKNOWN,UNKNOWN/NA,UNKNOWN/NA,W,UNKNOWN/NA,,,1,,,,,Y,Y,,,,,,,,Y,Y,,,OTHER,,,,,,,,,,,,,,,,,,,,,,,,,,,,,,,,,
2111203,36dc7da78fd2db351f99749215921c8fa8a9b51a36cae0adb5a4b44cb9208854b44281cc94129a4c379e3aefa403924af58e6c3af07f8484f9157f9074dc4a35,07/21/2025 11:30:00 AM,2,DRIVER,,2013157,,CHEVROLET,BLAZER,IL,2004,UNKNOWN,PASSENGER,PERSONAL,W,STRAIGHT AHEAD,,,1,,,,,,,,Y,Y,N,,,,,,,,REAR-RIGHT-CORNER,,,,,,,,,,,,,,,,,,,,,,,,,,,,,,,,,
2111755,36dc7da78fd2db351f99749215921c8fa8a9b51a36cae0adb5a4b44cb9208854b44281cc94129a4c379e3aefa403924af58e6c3af07f8484f9157f9074dc4a35,07/21/2025 11:30:00 AM,3,PARKED,,2013199,,KIA,FORTE,IL,2022,UNKNOWN,PASSENGER,PERSONAL,W,PARKED,,,0,,,,,,,,N,N,,Y,Y,,,,,,FRONT-LEFT-CORNER,,,,,,,,,,,,,,,,,,,,,,,,,,,,,,,,,
2111265,52c39c82863e08155cfc3f6082ce8d5242101c80345b0c692b9ba87f3168e09e24ea2a73fd5931c66c765fd16eb15bc7a8ec44c846c4079ecab3138f79223db6,07/21/2025 11:30:00 AM,1,DRIVER,,2012690,,TOYOTA,CAMRY,IL,2011,UNKNOWN,PASSENGER,OTHER,N,STRAIGHT AHEAD,,,1,,,,,,,,,,,,,,,,Y,,FRONT,,,,,,,,,,,,,,,,,,,,,,,,,,,,,,,,,
2111266,52c39c82863e08155cfc3f6082ce8d5242101c80345b0c692b9ba87f3168e09e24ea2a73fd5931c66c765fd16eb15bc7a8ec44c846c4079ecab3138f79223db6,07/21/2025 11:30:00 AM,2,DRIVER,,2012702,,FORD,EDGE,IL,2020,UNKNOWN,SPORT UTILITY VEHICLE (SUV),PERSONAL,N,SLOW/STOP IN TRAFFIC,,,1,,,,,,,,,N,Y,,,,,,,,REAR,,,,,,,,,,,,,,,,,,,,,,,,,,,,,,,,,
2111300,7cf31e32b144d82920dca1fade373b403c7679b4eef5af52553cf4b9c3c14d8e4bd2268680344e7d7d8cd356834c27c446c290bb1aba9c26cc4a14720c1365ba,07/21/2025 11:30:00 AM,1,DRIVER,,2012720,,LINCOLN,MKZ,IL,2014,UNKNOWN,PASSENGER,PERSONAL,W,BACKING,,,1,,,,,,,,,Y,Y,Y,,,,,,,REAR,,,,,,,,,,,,,,,,,,,,,,,,,,,,,,,,,
2111301,7cf31e32b144d82920dca1fade373b403c7679b4eef5af52553cf4b9c3c14d8e4bd2268680344e7d7d8cd356834c27c446c290bb1aba9c26cc4a14720c1365ba,07/21/2025 11:30:00 AM,2,DRIVER,,2012726,,NISSAN,ALTIMA,IL,2010,NONE,PASSENGER,PERSONAL,N,STRAIGHT AHEAD,,,1,,,,,Y,Y,Y,Y,Y,,N,N,N,N,N,,,SIDE-RIGHT,,,,,,,,,,,,,,,,,,,,,,,,,,,,,,,,,
2111175,a11f578c02263eed620835ab01430ea7a4a8046475a041238610eed82fc5e89dfc39a2f9214e0cd3485e9add0c1987841635d96d143f280dc9826c4f48d87042,07/21/2025 11:30:00 AM,1,DRIVER,,2012615,,CHEVROLET,SILVERADO,IL,2002,UNKNOWN,TRUCK - SINGLE UNIT,PERSONAL,W,TURNING RIGHT,,,1,,,,,Y,,,,,,,,,,,,,FRONT-RIGHT-CORNER,,,,,,,,,,,,,,,,,,,,,,,,,,,,,,,,,