CRASH_UNIT_ID,CRASH_RECORD_ID,CRASH_DATE,UNIT_NO,UNIT_TYPE,NUM_PASSENGERS,VEHICLE_ID,CMRC_VEH_I,MAKE,MODEL,LIC_PLATE_STATE,VEHICLE_YEAR,VEHICLE_DEFECT,VEHICLE_TYPE,VEHICLE_USE,TRAVEL_DIRECTION,MANEUVER,TOWED_I,FIRE_I,OCCUPANT_CNT,EXCEED_SPEED_LIMIT_I,TOWED_BY,TOWED_TO,AREA_00_I,AREA_01_I,AREA_02_I,AREA_03_I,AREA_04_I,AREA_05_I,AREA_06_I,AREA_07_I,AREA_08_I,AREA_09_I,AREA_10_I,AREA_11_I,AREA_12_I,AREA_99_I,FIRST_CONTACT_POINT,CMV_ID,USDOT_NO,CCMC_NO,ILCC_NO,COMMERCIAL_SRC,GVWR,CARRIER_NAME,CARRIER_STATE,CARRIER_CITY,HAZMAT_PLACARDS_I,HAZMAT_NAME,UN_NO,HAZMAT_PRESENT_I,HAZMAT_REPORT_I,HAZMAT_REPORT_NO,MCS_REPORT_I,MCS_REPORT_NO,HAZMAT_VIO_CAUSE_CRASH_I,MCS_VIO_CAUSE_CRASH_I,IDOT_PERMIT_NO,WIDE_LOAD_I,TRAILER1_WIDTH,TRAILER2_WIDTH,TRAILER1_LENGTH,TRAILER2_LENGTH,TOTAL_VEHICLE_LENGTH,AXLE_CNT,VEHICLE_CONFIG,CARGO_BODY_TYPE,LOAD_TYPE,HAZMAT_OUT_OF_SERVICE_I,MCS_OUT_OF_SERVICE_I,HAZMAT_CLASS
2111176,a11f578c02263eed620835ab01430ea7a4a8046475a041238610eed82fc5e89dfc39a2f9214e0cd3485e9add0c1987841635d96d143f280dc9826c4f48d87042,07/21/2025 11:30:00 AM,2,DRIVER,,2012623,,NISSAN,TITAN,IL,2004,UNKNOWN,TRUCK - SINGLE UNIT,PERSONAL,W,STRAIGHT AHEAD,,,1,,,,,,,,,,,Y,Y,,,,,,SIDE-LEFT-REAR,,,,,,,,,,,,,,,,,,,,,,,,,,,,,,,,,
2111298,d1eb7077e09100108c6c648d600853953821fe2c7bf1760039b2dda3618517b6e5b4391f6c7ffd1b9b4dd0227278895925f65e07979a44cc16241be0181ce150,07/21/2025 11:30:00 AM,1,DRIVER,,2012721,,NISSAN,OTHER (EXPLAIN IN NARRATIVE),IL,2022,UNKNOWN,PASSENGER,UNKNOWN/NA,W,SLOW/STOP IN TRAFFIC,,,1,,,,,,,,,,,,,,,,Y,,FRONT,,,,,,,,,,,,,,,,,,,,,,,,,,,,,,,,,
2111299,d1eb7077e09100108c6c648d600853953821fe2c7bf1760039b2dda3618517b6e5b4391f6c7ffd1b9b4dd0227278895925f65e07979a44cc16241be0181ce150,07/21/2025 11:30:00 AM,2,DRIVER,,2012724,,MAZDA,CX-5,IL,2016,UNKNOWN,SPORT UTILITY VEHICLE (SUV),PERSONAL,W,SLOW/STOP IN TRAFFIC,,,1,,,,,,,,,,Y,,,,,,,,REAR,,,,,,,,,,,,,,,,,,,,,,,,,,,,,,,,,
2111198,7d862cf85734b42ff8effb7d3297dddcd39fbb1261b2a814f277112b48346860a7035550f46d42405c56117cd4de0ad3bbc8f2d64c9d1e7507e0feef751a0f5b,07/21/2025 11:29:00 AM,1,DRIVER,,2012640,,NEW FLYER,XCELSIOR XE40,IL,2006,NONE,BUS OVER 15 PASS.,CTA,E,STRAIGHT AHEAD,,,1,,,,,Y,,,,,,,,,,,,,FRONT-RIGHT-CORNER,,,,,,,,,,,,,,,,,,,,,,,,,,,,,,,,,
2111199,7d862cf85734b42ff8effb7d3297dddcd39fbb1261b2a814f277112b48346860a7035550f46d42405c56117cd4de0ad3bbc8f2d64c9d1e7507e0feef751a0f5b,07/21/2025 11:29:00 AM,2,PARKED,,2012647,,ICL CARGO TRAILER,ICL CARGO TRAILER,,2012,NONE,BUS OVER 15 PASS.,SCHOOL BUS,E,PARKED,,,0,,,,,,,,,,,,,,,Y,,,FRONT-LEFT-CORNER,,,,,,,,,,,,,,,,,,,,,,,,,,,,,,,,,
2111197,a2caf76222e93d7488304e0a8118cf99a17db4b33915042b3f96342fadeb00a9524751ee91af954ba27cbb2f03dfdf8956a1160a95f1076de8bdff7835d06ec3,07/21/2025 11:27:00 AM,1,DRIVER,,2012627,,FORD,EXPLORER,IL,2021,NONE,SPORT UTILITY VEHICLE (SUV),POLICE,S,BACKING,,,1,,,,,,,,,,,,,,N,,,,OTHER,,,,,,,,,,,,,,,,,,,,,,,,,,,,,,,,,
2111173,dccfd027fcc4f3cc40dbf7df67f6f08a73bdae2ae0df829aff70e5a08fe217845eb64de00eedc0df94a0455df15ce4e3ad2eef573474de47d9e34a6cbddba990,07/21/2025 11:25:00 AM,1,BICYCLE,,,,,,,,,,,,,,,,,,,,,,,,,,,,,,,,,,,,,,,,,,,,,,,,,,,,,,,,,,,,,,,,,,
2111174,dccfd027fcc4f3cc40dbf7df67f6f08a73bdae2ae0df829aff70e5a08fe217845eb64de00eedc0df94a0455df15ce4e3ad2eef573474de47d9e34a6cbddba990,07/21/2025 11:25:00 AM,2,DRIVER,,2012614,,FORD,EXPLORER,IL,2018,UNKNOWN,PASSENGER,POLICE,E,ENTER FROM DRIVE/ALLEY,,,1,,,,,,,,,,,,,,Y,Y,,,FRONT-LEFT-CORNER,,,,,,,,,,,,,,,,,,,,,,,,,,,,,,,,,
2111177,52a422b6023f7609f86d4bf0271a1eadaa40410698dca16abd241aab0a5415bd6c3c40a55b884bc8928c47515f5358620854a91ac21f0e949bfc61d5b4bceb74,07/21/2025 11:20:00 AM,1,DRIVER,,2012616,,FORD,EXPLORER,IL,,NONE,PASSENGER,PERSONAL,S,CHANGING LANES,,,1,,,,,,,,,,,,,,,Y,,,FRONT-LEFT-CORNER,,,,,,,,,,,,,,,,,,,,,,,,,,,,,,,,,
2111178,52a422b6023f7609f86d4bf0271a1eadaa40410698dca16abd241aab0a5415bd6c3c40a55b884bc8928c47515f5358620854a91ac21f0e949bfc61d5b4bceb74,07/21/2025 11:20:00 AM,2,DRIVER,,2012621,,HONDA,CR-V,IL,,NONE,PASSENGER,PERSONAL,S,STRAIGHT AHEAD,,,1,,,,,,,Y,Y,,,,,,,,,,SIDE-RIGHT,,,,,,,,,,,,,,,,,,,,,,,,,,,,,,,,,
2111758,96a8b0261b0b0ddf0508ea2d0c13ab482d16b34a7d80ad41739e8f6baf9de542bc09c24b6bdd80b3c54516fcd6d9df991373fd468e39b48b2d3127bc226e3e27,07/21/2025 11:20:00 AM,1,DRIVER,,2013166,,FORD,F550,IN,,NONE,PICKUP,PERSONAL,S,STRAIGHT AHEAD,,,1,,,,,,,,,,,,,,,,Y,,FRONT,,,,,,,,,,,,,,,,,,,,,,,,,,,,,,,,,
2111759,96a8b0261b0b0ddf0508ea2d0c13ab482d16b34a7d80ad41739e8f6baf9de542bc09c24b6bdd80b3c54516fcd6d9df991373fd468e39b48b2d3127bc226e3e27,07/21/2025 11:20:00 AM,2,DRIVER,6,2013169,,DODGE,JOURNEY,IL,,NONE,PASSENGER,PERSONAL,S,STRAIGHT AHEAD,,,7,,,,,Y,,,,Y,Y,Y,,,,Y,Y,,REAR,,,,,,,,,,,,,,,,,,,,,,,,,,,,,,,,,
2111760,96a8b0261b0b0ddf0508ea2d0c13ab482d16b34a7d80ad41739e8f6baf9de542bc09c24b6bdd80b3c54516fcd6d9df991373fd468e39b48b2d3127bc226e3e27,07/21/2025 11:20:00 AM,3,DRIVER,,2013172,,TOYOTA,CAMRY,IL,2012,NONE,PASSENGER,PERSONAL,S,STRAIGHT AHEAD,,,1,,,,,Y,,,,Y,Y,Y,,,,Y,Y,,REAR,,,,,,,,,,,,,,,,,,,,,,,,,,,,,,,,,
2111761,96a8b0261b0b0ddf0508ea2d0c13ab482d16b34a7d80ad41739e8f6baf9de542bc09c24b6bdd80b3c54516fcd6d9df991373fd468e39b48b2d3127bc226e3e27,07/21/2025 11:20:00 AM,4,DRIVER,6,2013177,,KIA,TELLURIDE,AZ,2025,NONE,PASSENGER,PERSONAL,S,STRAIGHT AHEAD,,,7,,,,,,,,,Y,Y,Y,,,,,,,REAR,,,,,,,,,,,,,,,,,,,,,,,,,,,,,,,,,
2111222,4d88c2ba781b378b6ca2ec272ef02386a1e7e475d2420554135980b6e109de7bd02208012ff9775adc915dfa7b182da3050d35a7b9ddadcca7ac0c4ba187c75f,07/21/2025 11:10:00 AM,1,DRIVER,3,2012655,,MAZDA,CX-5,IL,2023,NONE,SPORT UTILITY VEHICLE (SUV),PERSONAL,E,STRAIGHT AHEAD,Y,,4,,CITY OF CHICAGO,701 N. SACRAMENTO,,Y,Y,Y,,,Y,,,,,,,,FRONT-RIGHT-CORNER,,,,,,,,,,,,,,,,,,,,,,,,,,,,,,,,,
2111223,4d88c2ba781b378b6ca2ec272ef02386a1e7e475d2420554135980b6e109de7bd02208012ff9775adc915dfa7b182da3050d35a7b9ddadcca7ac0c4ba187c75f,07/21/2025 11:10:00 AM,2,PARKED,,2012712,,CHEVROLET,TRAX,IL,2018,NONE,PASSENGER,NOT IN USE,E,PARKED,,,0,,,,,,,,,,,,,,,,,,REAR-LEFT-CORNER,,,,,,,,,,,,,,,,,,,,,,,,,,,,,,,,,
2111361,eedf2c57aa2ecb1dd80e4aa023e42db98573ca17fd92f7598bbca04708104a5a7f5169bb1435168ec7e5522748d96c36dee1c0f54dec031e6de148462724c945,07/21/2025 11:07:00 AM,1,DRIVER,,2012775,,CADILLAC,OTHER (EXPLAIN IN NARRATIVE),IL,2007,UNKNOWN,SPORT UTILITY VEHICLE (SUV),UNKNOWN/NA,N,BACKING,,,1,,,,,,,,,Y,Y,Y,,,,,,,REAR,,,,,,,,,,,,,,,,,,,,,,,,,,,,,,,,,
2111362,eedf2c57aa2ecb1dd80e4aa023e42db98573ca17fd92f7598bbca04708104a5a7f5169bb1435168ec7e5522748d96c36dee1c0f54dec031e6de148462724c945,07/21/2025 11:07:00 AM,2,DRIVER,1,2012780,,CHEVROLET,TRAIL BLAZER,IL,2022,UNKNOWN,SPORT UTILITY VEHICLE (SUV),PERSONAL,S,SLOW/STOP IN TRAFFIC,,,2,,,,,,,,,,,,,,,,Y,,FRONT,,,,,,,,,,,,,,,,,,,,,,,,,,,,,,,,,
2111164,4c107674721f63a621f12e3533a392f8b638f7f3a3cec203963c511cac14ba929a6b9b7029075c14944efbc42836e398381032a35824b44623f7b9ff3e7bcc3e,07/21/2025 11:00:00 AM,1,DRIVER,,2012602,,BUICK,ENCLAVE,IL,2011,UNKNOWN,SPORT UTILITY VEHICLE (SUV),PERSONAL,SW,TURNING RIGHT,,,1,,,,,,,,,,,,,,Y,Y,Y,,FRONT-LEFT-CORNER,,,,,,,,,,,,,,,,,,,,,,,,,,,,,,,,,
2111165,4c107674721f63a621f12e3533a392f8b638f7f3a3cec203963c511cac14ba929a6b9b7029075c14944efbc42836e398381032a35824b44623f7b9ff3e7bcc3e,07/21/2025 11:00:00 AM,2,DRIVER,,2012608,,NOVA BUS,OTHER (EXPLAIN IN NARRATIVE),IL,,UNKNOWN,BUS OVER 15 PASS.,CTA,W,STRAIGHT AHEAD,,,1,,,,,Y,Y,,,,,,,,,,,,FRONT-RIGHT-CORNER,,,,,,,,,,,,,,,,,,,,,,,,,,,,,,,,,
2111600,8376059f4f91a52a9bd007d6dd7f1ac9fa13552dbe5943d08904c7529cf8b7e95dc5ae2327272c975687c530194dd5802eb259b32191e592c64ffd9077ba7bec,07/21/2025 11:00:00 AM,1,DRIVER,,2012991,,UNKNOWN,OTHER (EXPLAIN IN NARRATIVE),,,UNKNOWN,UNKNOWN/NA,UNKNOWN/NA,UNKNOWN,UNKNOWN/NA,,,1,,,,,,,,,,,,,,,,,Y,UNKNOWN,,,,,,,,,,,,,,,,,,,,,,,,,,,,,,,,,
2111601,8376059f4f91a52a9bd007d6dd7f1ac9fa13552dbe5943d08904c7529cf8b7e95dc5ae2327272c975687c530194dd5802eb259b32191e592c64ffd9077ba7bec,07/21/2025 11:00:00 AM,2,PARKED,,2013005,,GENERAL MOTORS CORPORATION (GMC),OTHER (EXPLAIN IN NARRATIVE),IL,2013,NONE,PASSENGER,PERSONAL,E,PARKED,,,0,,,,,,,,,,,,,,,,,Y,FRONT,,,,,,,,,,,,,,,,,,,,,,,,,,,,,,,,,
2111129,96742612623de72f430fa8087cad66da40b508c7b969e85042bb598a19c0223db8a44a2eff9a7fdd11c54ae35a7be626446882f577d0a4ce54b4e2ff73f0c7e1,07/21/2025 11:00:00 AM,1,DRIVER,,2012570,,HYUNDAI,OTHER (EXPLAIN IN NARRATIVE),IL,2021,NONE,PASSENGER,PERSONAL,S,TURNING LEFT,,,1,,,,Y,,,,,,,,,,,,,,FRONT-LEFT-CORNER,,,,,,,,,,,,,,,,,,,,,,,,,,,,,,,,,
2111130,96742612623de72f430fa8087cad66da40b508c7b969e85042bb598a19c0223db8a44a2eff9a7fdd11c54ae35a7be626446882f577d0a4ce54b4e2ff73f0c7e1,07/21/2025 11:00:00 AM,2,BICYCLE,,,,,,,,,,,,,,,,,,,,,,,,,,,,,,,,,,,,,,,,,,,,,,,,,,,,,,,,,,,,,,,,,,
2111251,b9204f16f0811bcb5f54a8c5787a9b92982f1aadb65acd16465eba0b8b051220bd0894d8948bb376ead14b662e9ba662b2a3093e8a465ed6c9371b3b0de96adf,07/21/2025 11:00:00 AM,1,DRIVER,,2012684,,TOYOTA,HIGHLANDER,IL,2007,UNKNOWN,SPORT UTILITY VEHICLE (SUV),UNKNOWN/NA,N,STRAIGHT AHEAD,,,1,,,,,,,,,,,,,Y,Y,Y,,,SIDE-LEFT,,,,,,,,,,,,,,,,,,,,,,,,,,,,,,,,,
2111252,b9204f16f0811bcb5f54a8c5787a9b92982f1aadb65acd16465eba0b8b051220bd0894d8948bb376ead14b662e9ba662b2a3093e8a465ed6c9371b3b0de96adf,07/21/2025 11:00:00 AM,2,PARKED,,2012691,,TOYOTA,4RUNNER,IL,2005,NONE,PASSENGER,NOT IN USE,N,PARKED,,,0,,,,,Y,Y,Y,Y,Y,,,,,,,,,SIDE-RIGHT,,,,,,,,,,,,,,,,,,,,,,,,,,,,,,,,,
2111234,f1abd2645bcf1b0614f2890602482809c5f5626bc40374d00377fca3122368087290e17bfa6a0b9ebe9afe5c67039e3994ef603b30c68c171aceffc595a1a587,07/21/2025 11:00:00 AM,1,DRIVER,,2012659,Y,FREIGHTLINER CORPORATION,FREIGHTLINER CORP.,IL,2016,NONE,TRACTOR W/ SEMI-TRAILER,COMMERCIAL - MULTI-UNIT,W,STRAIGHT AHEAD,,,1,,,,,,,,,,,,,,,,,,TOP,"21,853",3682775,,,,2,SWE TRUCKING LLC,IN,MERRILLVILLE,,,,N,N,,N,,N,N,,,97-102,,53,,65,5,TRACTOR/SEMI-TRAILER,VAN/ENCLOSED BOX,UNKNOWN,N,N,
2111275,f1abd2645bcf1b0614f2890602482809c5f5626bc40374d00377fca3122368087290e17bfa6a0b9ebe9afe5c67039e3994ef603b30c68c171aceffc595a1a587,07/21/2025 11:00:00 AM,2,DRIVERLESS,,2012694,Y,VANGUARD (CANADA),OTHER (EXPLAIN IN NARRATIVE),IN,,NONE,OTHER,COMMERCIAL - MULTI-UNIT,W,STRAIGHT AHEAD,,,0,,,,,,,,,,,,,,,,,,TOP,"21,854",,,,,,SWE TRUCKING LLC,IN,MERRILLVILLE,,,,N,N,,N,,N,N,,,,,,,,,,VAN/ENCLOSED BOX,UNKNOWN,N,N,
2111279,f1abd2645bcf1b0614f2890602482809c5f5626bc40374d00377fca3122368087290e17bfa6a0b9ebe9afe5c67039e3994ef603b30c68c171aceffc595a1a587,07/21/2025 11:00:00 AM,3,PARKED,,2012703,,CHEVROLET,TAHOE,IL,2002,NONE,PASSENGER,NOT IN USE,UNKNOWN,PARKED,,,0,,,,,,,,,,,,,,,Y,,,FRONT-LEFT-CORNER,,,,,,,,,,,,,,,,,,,,,,,,,,,,,,,,,
2111143,05baecc2438d8d2b0dc51ae5517aec33cf1d2e074d53562120816f94e38fb9d965469b839eef0a7ffad7d58462aa45d1d696925e118223729b4fbc2d94468067,07/21/2025 10:55:00 AM,1,DRIVER,,2012585,,FREIGHTLINER CORPORATION,FREIGHTLINER CORP.,NV,2026,UNKNOWN,TRACTOR W/ SEMI-TRAILER,UNKNOWN/NA,E,BACKING,,,1,,,,,,,,,,,,,,,,,Y,UNKNOWN,,,,,,,,,,,,,,,,,,,,,,,,,,,,,,,,,
2111144,05baecc2438d8d2b0dc51ae5517aec33cf1d2e074d53562120816f94e38fb9d965469b839eef0a7ffad7d58462aa45d1d696925e118223729b4fbc2d94468067,07/21/2025 10:55:00 AM,2,DRIVER,,2012595,,CHEVROLET,EQUINOX,IL,2019,UNKNOWN,SPORT UTILITY VEHICLE (SUV),PERSONAL,W,STRAIGHT AHEAD,,,1,,,,,,,,,,,,,,,,Y,,FRONT,,,,,,,,,,,,,,,,,,,,,,,,,,,,,,,,,
2127589,11dc943e55945ed00ce5e67afa7efb11f2ccbe55a4573b1f7f2ec41afd61fdc8253997ffd337a2c937ebe13a8721410f07f11d29ca15820b7dcef3916f261eb2,07/21/2025 10:50:00 AM,1,DRIVER,,2028216,,TOYOTA,CAMRY,IL,2025,UNKNOWN,PASSENGER,UNKNOWN/NA,N,STRAIGHT AHEAD,Y,,1,,PRIVATE,PRIVATE,,Y,Y,,,,,,,,Y,Y,Y,,FRONT,,,,,,,,,,,,,,,,,,,,,,,,,,,,,,,,,
2127590,11dc943e55945ed00ce5e67afa7efb11f2ccbe55a4573b1f7f2ec41afd61fdc8253997ffd337a2c937ebe13a8721410f07f11d29ca15820b7dcef3916f261eb2,07/21/2025 10:50:00 AM,2,DRIVER,3,2028217,,TOYOTA,SIENNA,IL,2014,UNKNOWN,VAN/MINI-VAN,UNKNOWN/NA,W,STRAIGHT AHEAD,Y,,4,,PRIVATE,PRIVATE,,Y,Y,,,,,,,Y,Y,Y,,,SIDE-LEFT,,,,,,,,,,,,,,,,,,,,,,,,,,,,,,,,,
2127591,11dc943e55945ed00ce5e67afa7efb11f2ccbe55a4573b1f7f2ec41afd61fdc8253997ffd337a2c937ebe13a8721410f07f11d29ca15820b7dcef3916f261eb2,07/21/2025 10:50:00 AM,3,DRIVER,,2028218,,HONDA,PILOT,WI,2018,UNKNOWN,PASSENGER,UNKNOWN/NA,W,STRAIGHT AHEAD,,,1,,,,,Y,Y,Y,,,,,,,,,,,SIDE-RIGHT-FRONT,,,,,,,,,,,,,,,,,,,,,,,,,,,,,,,,,
2127592,11dc943e55945ed00ce5e67afa7efb11f2ccbe55a4573b1f7f2ec41afd61fdc8253997ffd337a2c937ebe13a8721410f07f11d29ca15820b7dcef3916f261eb2,07/21/2025 10:50:00 AM,4,DRIVER,1,2028219,,CADILLAC,OTHER (EXPLAIN IN NARRATIVE),IL,2015,UNKNOWN,OTHER,OTHER,W,STRAIGHT AHEAD,,,2,,,,,,,,Y,Y,Y,,,,,,,,REAR-RIGHT-CORNER,,,,,,,,,,,,,,,,,,,,,,,,,,,,,,,,,
2111188,19f8ebafed841d1439b40e53f18b78c477cdc3e776ca3942d17f9d6d9f0374b4167888628ed63ac4cd70aa69a994d37ca1aa83b80fadf5d11e88c4eca9baa6b5,07/21/2025 10:45:00 AM,1,DRIVER,,2012624,,HONDA,ODYSSEY,IL,2015,NONE,VAN/MINI-VAN,PERSONAL,E,TURNING LEFT,,,1,,,,,Y,,,,,,,,,,,Y,,FRONT-RIGHT-CORNER,,,,,,,,,,,,,,,,,,,,,,,,,,,,,,,,,
2111189,19f8ebafed841d1439b40e53f18b78c477cdc3e776ca3942d17f9d6d9f0374b4167888628ed63ac4cd70aa69a994d37ca1aa83b80fadf5d11e88c4eca9baa6b5,07/21/2025 10:45:00 AM,2,DRIVER,,2012635,,UNKNOWN,OTHER (EXPLAIN IN NARRATIVE),IL,2022,NONE,MOPED OR MOTORIZED BICYCLE,PERSONAL,S,SLOW/STOP IN TRAFFIC,Y,,1,,owner,,,Y,Y,Y,Y,Y,,,Y,Y,Y,,,,SIDE-RIGHT,,,,,,,,,,,,,,,,,,,,,,,,,,,,,,,,,
2111326,d1afa55f9934d79d156cab86e3ce7ce5a0f96412f2276006f8036e7d3fc8c6c51375abab67a9331815bcacaef5de42bcb10fcb8c82dad5aff42afcc01813eadc,07/21/2025 10:45:00 AM,1,DRIVER,,2012745,,DODGE,JOURNEY,IL,2009,UNKNOWN,SPORT UTILITY VEHICLE (SUV),UNKNOWN/NA,N,STRAIGHT AHEAD,,,1,,,,,,,,,,,,,,,,,Y,FRONT,,,,,,,,,,,,,,,,,,,,,,,,,,,,,,,,,
2111327,d1afa55f9934d79d156cab86e3ce7ce5a0f96412f2276006f8036e7d3fc8c6c51375abab67a9331815bcacaef5de42bcb10fcb8c82dad5aff42afcc01813eadc,07/21/2025 10:45:00 AM,2,DRIVER,,2012761,,NISSAN,SENTRA,IL,2024,UNKNOWN,PASSENGER,PERSONAL,N,SLOW/STOP IN TRAFFIC,,,1,,,,Y,,,,,,,,,,,,,N,REAR,,,,,,,,,,,,,,,,,,,,,,,,,,,,,,,,,
2113642,19ae6e2e3b40ebc9fdec709a175f06059c89c2b2cb9b61a89239346903e7d611505b7c0e4b83bd7eb0aa0a65131952a0e706e78d03bcd6173e65ea76e7a2dcc4,07/21/2025 10:35:00 AM,1,DRIVER,,2014964,,TOYOTA,CAMRY,IL,2017,NONE,PASSENGER,TAXI/FOR HIRE,S,MERGING,,,1,,,,,,,,,,,,,,,Y,,,FRONT-LEFT-CORNER,,,,,,,,,,,,,,,,,,,,,,,,,,,,,,,,,
2113643,19ae6e2e3b40ebc9fdec709a175f06059c89c2b2cb9b61a89239346903e7d611505b7c0e4b83bd7eb0aa0a65131952a0e706e78d03bcd6173e65ea76e7a2dcc4,07/21/2025 10:35:00 AM,2,DRIVER,,2014973,,LEXUS,ES,IL,2014,NONE,PASSENGER,PERSONAL,S,STRAIGHT AHEAD,,,1,,,,,Y,,,,,,,,,,,,,FRONT-RIGHT-CORNER,,,,,,,,,,,,,,,,,,,,,,,,,,,,,,,,,
2111229,7a74864f43bd8112db99e0aa70fb8559953e7bb78206fa6c035e67ad9ef63245b8233d7d4813ccb6c10afb60490163ce47aac2594e25f1f4d8cd9ccb533ddc7f,07/21/2025 10:30:00 AM,1,DRIVER,,2012687,,UNKNOWN,OTHER (EXPLAIN IN NARRATIVE),,,UNKNOWN,UNKNOWN/NA,UNKNOWN/NA,UNKNOWN,UNKNOWN/NA,,,1,,,,,,,,,,,,,,,,,Y,UNKNOWN,,,,,,,,,,,,,,,,,,,,,,,,,,,,,,,,,
2111230,7a74864f43bd8112db99e0aa70fb8559953e7bb78206fa6c035e67ad9ef63245b8233d7d4813ccb6c10afb60490163ce47aac2594e25f1f4d8cd9ccb533ddc7f,07/21/2025 10:30:00 AM,2,PARKED,,2012656,,BMW,OTHER (EXPLAIN IN NARRATIVE),IL,2006,NONE,PASSENGER,UNKNOWN/NA,UNKNOWN,PARKED,,,0,,,,,,,,,,,,,,Y,Y,,,FRONT-LEFT-CORNER,,,,,,,,,,,,,,,,,,,,,,,,,,,,,,,,,
2111604,ac09b6166f8b8f538a906467248a134a3c29987e1c3cc62b0059d9a0bd42fef616311204c2efa0c22ede9fba9c98b76c47dff00c3f8148b3028d5d973a9f5111,07/21/2025 10:30:00 AM,1,DRIVER,,2012997,,UNKNOWN,OTHER (EXPLAIN IN NARRATIVE),,,UNKNOWN,UNKNOWN/NA,UNKNOWN/NA,UNKNOWN,UNKNOWN/NA,,,1,,,,,,,,,,,,,,,,,Y,UNKNOWN,,,,,,,,,,,,,,,,,,,,,,,,,,,,,,,,,
2111605,ac09b6166f8b8f538a906467248a134a3c29987e1c3cc62b0059d9a0bd42fef616311204c2efa0c22ede9fba9c98b76c47dff00c3f8148b3028d5d973a9f5111,07/21/2025 10:30:00 AM,2,PARKED,,2013001,,HARLEY-DAVIDSON,OTHER (EXPLAIN IN NARRATIVE),IL,2021,UNKNOWN,MOTORCYCLE (OVER 150CC),OTHER,W,PARKED,,,0,,,,,,,,,,,Y,Y,Y,Y,Y,,,SIDE-LEFT,,,,,,,,,,,,,,,,,,,,,,,,,,,,,,,,,
2111119,c30af4e6a65787ac15c3b0afa0b28d221090807eb9d25f777c35dbe23b68fcb8ed83e351ca365864c2e6a89a36db68610ffe6cd3353f81f789e76901d4a8fd67,07/21/2025 10:27:00 AM,1,DRIVER,,2012553,,NISSAN,ROGUE,IL,2017,NONE,PASSENGER,PERSONAL,E,MERGING,Y,,1,,PRIVATE TOW,,,Y,Y,,,,,,,,,,Y,,FRONT-RIGHT-CORNER,,,,,,,,,,,,,,,,,,,,,,,,,,,,,,,,,
2111120,c30af4e6a65787ac15c3b0afa0b28d221090807eb9d25f777c35dbe23b68fcb8ed83e351ca365864c2e6a89a36db68610ffe6cd3353f81f789e76901d4a8fd67,07/21/2025 10:27:00 AM,2,PARKED,,2012558,,BMW,X5,IL,2020,NONE,PASSENGER,NOT IN USE,E,PARKED,,,0,,,,,,,,,,Y,Y,Y,,,,,,REAR-LEFT-CORNER,,,,,,,,,,,,,,,,,,,,,,,,,,,,,,,,,
2111145,5b154206ceb4ef06b7a55dd928ff10be0e69f162d188693cf5130831b88851e727bbbe8cd2805d84aae4acf8ce7d35ffb6cfec9dfe44d4bc2f82efd3b8d22119,07/21/2025 10:25:00 AM,1,DRIVER,,2012584,,ACURA,TLX,NV,2006,NONE,PASSENGER,OTHER,W,STRAIGHT AHEAD,,,1,,,,,,,,,,,,,,Y,Y,,,FRONT-LEFT-CORNER,,,,,,,,,,,,,,,,,,,,,,,,,,,,,,,,,
2111146,5b154206ceb4ef06b7a55dd928ff10be0e69f162d188693cf5130831b88851e727bbbe8cd2805d84aae4acf8ce7d35ffb6cfec9dfe44d4bc2f82efd3b8d22119,07/21/2025 10:25:00 AM,2,DRIVER,1,2012590,,FORD,F150,IL,2010,NONE,PICKUP,PERSONAL,N,OTHER,Y,,2,,GARCIAS TOWING,,,,Y,Y,,,,,Y,Y,Y,Y,,,SIDE-RIGHT,,,,,,,,,,,,,,,,,,,,,,,,,,,,,,,,,
2111147,5b154206ceb4ef06b7a55dd928ff10be0e69f162d188693cf5130831b88851e727bbbe8cd2805d84aae4acf8ce7d35ffb6cfec9dfe44d4bc2f82efd3b8d22119,07/21/2025 10:25:00 AM,3,PARKED,,2012599,,ISUZU,OTHER (EXPLAIN IN NARRATIVE),IL,2001,NONE,PICKUP,OTHER,S,PARKED,,,0,,,,,,,,,,,N,Y,,,,,,SIDE-LEFT,,,,,,,,,,,,,,,,,,,,,,,,,,,,,,,,,
2111273,55786feb3774e47ed5103082e1dc6bb2833f06d3477d85e0f7869c8e563ec50640159c71fd06575b9586e658ce64878c67a2ae60f1e80e683a34ac1be98023c1,07/21/2025 10:20:00 AM,1,DRIVER,,2012693,,BUICK,OTHER (EXPLAIN IN NARRATIVE),IL,2024,UNKNOWN,PASSENGER,PERSONAL,E,TURNING RIGHT,,,1,,,,,Y,Y,Y,Y,Y,,,,,,,,,SIDE-RIGHT,,,,,,,,,,,,,,,,,,,,,,,,,,,,,,,,,
2111274,55786feb3774e47ed5103082e1dc6bb2833f06d3477d85e0f7869c8e563ec50640159c71fd06575b9586e658ce64878c67a2ae60f1e80e683a34ac1be98023c1,07/21/2025 10:20:00 AM,2,DRIVER,1,2012697,,CHEVROLET,TRAVERSE,IL,2012,UNKNOWN,PASSENGER,PERSONAL,N,STRAIGHT AHEAD,,,2,,,,,N,,,,,,,,,Y,Y,N,,FRONT,,,,,,,,,,,,,,,,,,,,,,,,,,,,,,,,,
2111158,6e6476b9313cd309432180c0c2194d6dd0bfa54c49436f30b75fbe6b932c8ca1da3898af8f50db84cd9bbf0a28100264f265e7ef986d671321e869d94a237587,07/21/2025 10:20:00 AM,1,DRIVER,,2012591,,FORD,ESCAPE,IL,2021,NONE,PASSENGER,PERSONAL,S,PASSING/OVERTAKING,,,1,,,,,Y,Y,,,,,,,,,,,,FRONT-RIGHT-CORNER,,,,,,,,,,,,,,,,,,,,,,,,,,,,,,,,,