CRASH_UNIT_ID,CRASH_RECORD_ID,CRASH_DATE,UNIT_NO,UNIT_TYPE,NUM_PASSENGERS,VEHICLE_ID,CMRC_VEH_I,MAKE,MODEL,LIC_PLATE_STATE,VEHICLE_YEAR,VEHICLE_DEFECT,VEHICLE_TYPE,VEHICLE_USE,TRAVEL_DIRECTION,MANEUVER,TOWED_I,FIRE_I,OCCUPANT_CNT,EXCEED_SPEED_LIMIT_I,TOWED_BY,TOWED_TO,AREA_00_I,AREA_01_I,AREA_02_I,AREA_03_I,AREA_04_I,AREA_05_I,AREA_06_I,AREA_07_I,AREA_08_I,AREA_09_I,AREA_10_I,AREA_11_I,AREA_12_I,AREA_99_I,FIRST_CONTACT_POINT,CMV_ID,USDOT_NO,CCMC_NO,ILCC_NO,COMMERCIAL_SRC,GVWR,CARRIER_NAME,CARRIER_STATE,CARRIER_CITY,HAZMAT_PLACARDS_I,HAZMAT_NAME,UN_NO,HAZMAT_PRESENT_I,HAZMAT_REPORT_I,HAZMAT_REPORT_NO,MCS_REPORT_I,MCS_REPORT_NO,HAZMAT_VIO_CAUSE_CRASH_I,MCS_VIO_CAUSE_CRASH_I,IDOT_PERMIT_NO,WIDE_LOAD_I,TRAILER1_WIDTH,TRAILER2_WIDTH,TRAILER1_LENGTH,TRAILER2_LENGTH,TOTAL_VEHICLE_LENGTH,AXLE_CNT,VEHICLE_CONFIG,CARGO_BODY_TYPE,LOAD_TYPE,HAZMAT_OUT_OF_SERVICE_I,MCS_OUT_OF_SERVICE_I,HAZMAT_CLASS
2111159,6e6476b9313cd309432180c0c2194d6dd0bfa54c49436f30b75fbe6b932c8ca1da3898af8f50db84cd9bbf0a28100264f265e7ef986d671321e869d94a237587,07/21/2025 10:20:00 AM,2,DRIVER,,2012609,,FREIGHTLINER CORPORATION,FREIGHTLINER CORP.,IL,,NONE,TRUCK - SINGLE UNIT,OTHER,N,SLOW/STOP IN TRAFFIC,,,1,,,,,Y,Y,,,,,,,,,,,,FRONT-RIGHT-CORNER,,,,,,,,,,,,,,,,,,,,,,,,,,,,,,,,,
2111166,7b968008b3bd894b0605452db235ac2710ced598e7817210c2e149152a9b12d0a626eaa903042c7d85f7a1d2855aaab6adb72a892727a3f4817b2f4e7e779fb8,07/21/2025 10:15:00 AM,1,DRIVER,,2012605,,DODGE,RAM 3500 PU,IL,2015,UNKNOWN,SINGLE UNIT TRUCK WITH TRAILER,COMMERCIAL - SINGLE UNIT,E,STRAIGHT AHEAD,,,1,,,,N,,,,,,,,,,,,,Y,SIDE-RIGHT,,,,,,,,,,,,,,,,,,,,,,,,,,,,,,,,,
2111167,7b968008b3bd894b0605452db235ac2710ced598e7817210c2e149152a9b12d0a626eaa903042c7d85f7a1d2855aaab6adb72a892727a3f4817b2f4e7e779fb8,07/21/2025 10:15:00 AM,2,PARKED,,2012610,,MERCEDES-BENZ,GLE,IL,2022,UNKNOWN,SPORT UTILITY VEHICLE (SUV),NOT IN USE,E,PARKED,,,0,,,,,,,,,,,,,Y,Y,Y,,,SIDE-LEFT,,,,,,,,,,,,,,,,,,,,,,,,,,,,,,,,,
2111180,bcd537fa61f6e38bc8b8a5713e69233b3b676dbe0f7676b4f6b8e7421f25c9238668fb1803a21121be5b0ef6dcecee78144e7a4e9d2ce256813942715804ee18,07/21/2025 10:10:00 AM,1,DRIVER,,2012617,,UNKNOWN,OTHER (EXPLAIN IN NARRATIVE),IL,,UNKNOWN,UNKNOWN/NA,OTHER,UNKNOWN,OTHER,,,1,,,,,,,,,,,,,,,,,Y,UNKNOWN,,,,,,,,,,,,,,,,,,,,,,,,,,,,,,,,,
2111181,bcd537fa61f6e38bc8b8a5713e69233b3b676dbe0f7676b4f6b8e7421f25c9238668fb1803a21121be5b0ef6dcecee78144e7a4e9d2ce256813942715804ee18,07/21/2025 10:10:00 AM,2,PARKED,,2012618,,LEXUS,IS,IL,2021,UNKNOWN,PASSENGER,PERSONAL,N,PARKED,,,0,,,,,,,,,,,Y,Y,Y,Y,Y,,Y,SIDE-LEFT,,,,,,,,,,,,,,,,,,,,,,,,,,,,,,,,,
2113621,30adf306a432b1403227ccee7d0db56a41152dda0f9adc691d3620d04f6d9ad395877f1fecb4f7e45aac1675b6b3b1209a927f69f7edafd8bbc8e1182e84429e,07/21/2025 10:04:00 AM,1,DRIVER,,2014927,,BMW,OTHER (EXPLAIN IN NARRATIVE),IL,2010,UNKNOWN,PASSENGER,PERSONAL,S,STRAIGHT AHEAD,Y,,1,,SS# 047621,SS# 047621,,,Y,Y,,,,,,,,,,,SIDE-RIGHT,,,,,,,,,,,,,,,,,,,,,,,,,,,,,,,,,
2113622,30adf306a432b1403227ccee7d0db56a41152dda0f9adc691d3620d04f6d9ad395877f1fecb4f7e45aac1675b6b3b1209a927f69f7edafd8bbc8e1182e84429e,07/21/2025 10:04:00 AM,2,DRIVER,,2014928,,NISSAN,MURANO,IL,2021,NONE,PASSENGER,PERSONAL,E,STRAIGHT AHEAD,,,1,,,,,Y,,,,,,,,,,Y,Y,,FRONT,,,,,,,,,,,,,,,,,,,,,,,,,,,,,,,,,
2111121,3815a2ca2a8b086b74ca4a5fee73d6f27cc44c5184c87eaf470dea541d8fafc7bc8edce2e0449e05b39fefd6d49d51cfe1a06abb2e7089e017db7d1b4a1e3c59,07/21/2025 10:04:00 AM,1,DRIVER,,2012559,,TOYOTA,COROLLA,IL,2022,UNKNOWN,PASSENGER,PERSONAL,W,ENTERING TRAFFIC LANE FROM PARKING,Y,,1,,PRIVATE,,,,,,,,,,,,Y,Y,,,FRONT-LEFT-CORNER,,,,,,,,,,,,,,,,,,,,,,,,,,,,,,,,,
2111122,3815a2ca2a8b086b74ca4a5fee73d6f27cc44c5184c87eaf470dea541d8fafc7bc8edce2e0449e05b39fefd6d49d51cfe1a06abb2e7089e017db7d1b4a1e3c59,07/21/2025 10:04:00 AM,2,DRIVER,,2012573,,FORD,EXPLORER,IL,2019,NONE,PASSENGER,POLICE,W,STRAIGHT AHEAD,,,1,,,,,Y,Y,,,,,,,,,,,,FRONT-RIGHT-CORNER,,,,,,,,,,,,,,,,,,,,,,,,,,,,,,,,,
2111123,3815a2ca2a8b086b74ca4a5fee73d6f27cc44c5184c87eaf470dea541d8fafc7bc8edce2e0449e05b39fefd6d49d51cfe1a06abb2e7089e017db7d1b4a1e3c59,07/21/2025 10:04:00 AM,3,PARKED,,2012564,,FORD,BRONCO / BRONCO II,IL,2023,UNKNOWN,SPORT UTILITY VEHICLE (SUV),PERSONAL,W,PARKED,,,0,,,,,,,,,,,Y,Y,,,,,,SIDE-LEFT-REAR,,,,,,,,,,,,,,,,,,,,,,,,,,,,,,,,,
2111226,2ba7fa1ee6d2f6434d95e6be69f4bd825d48695a4eea416cfbbb3a0b78a5dcc9fe2020db569ebdf232e30325f74f18bd76ade2bbb938e1b110c78d53951b1a06,07/21/2025 10:00:00 AM,1,DRIVER,,2012818,,UNKNOWN,OTHER (EXPLAIN IN NARRATIVE),,,NONE,UNKNOWN/NA,UNKNOWN/NA,E,UNKNOWN/NA,,,1,,,,,,,,,,,,,,,,,Y,UNKNOWN,,,,,,,,,,,,,,,,,,,,,,,,,,,,,,,,,
2111227,2ba7fa1ee6d2f6434d95e6be69f4bd825d48695a4eea416cfbbb3a0b78a5dcc9fe2020db569ebdf232e30325f74f18bd76ade2bbb938e1b110c78d53951b1a06,07/21/2025 10:00:00 AM,2,PARKED,,2012826,,MINI,COOPER,IL,2019,NONE,PASSENGER,PERSONAL,E,PARKED,,,0,,,,,,,,,,,,,Y,,,,,SIDE-LEFT,,,,,,,,,,,,,,,,,,,,,,,,,,,,,,,,,
2111228,2ba7fa1ee6d2f6434d95e6be69f4bd825d48695a4eea416cfbbb3a0b78a5dcc9fe2020db569ebdf232e30325f74f18bd76ade2bbb938e1b110c78d53951b1a06,07/21/2025 10:00:00 AM,3,PARKED,,2012835,,NISSAN,SENTRA,IL,2012,UNKNOWN,PASSENGER,PERSONAL,E,PARKED,,,0,,,,,,,,,,,,,Y,,,,,SIDE-LEFT,,,,,,,,,,,,,,,,,,,,,,,,,,,,,,,,,
2111141,42e3c6509f655cff7201732ab083dd70a9bd4b91b3ff58339643d60c8e174f453028286eb21f8573fae13da1b68a7585108132e095658e73c6bee8523d11a924,07/21/2025 10:00:00 AM,1,DRIVER,,2012578,,TOYOTA,RAV4,IL,2015,UNKNOWN,PASSENGER,RIDESHARE SERVICE,W,DIVERGING,,,1,,,,,,,,,,Y,,,,,,,,REAR,,,,,,,,,,,,,,,,,,,,,,,,,,,,,,,,,
2111142,42e3c6509f655cff7201732ab083dd70a9bd4b91b3ff58339643d60c8e174f453028286eb21f8573fae13da1b68a7585108132e095658e73c6bee8523d11a924,07/21/2025 10:00:00 AM,2,PARKED,,2012597,,DODGE,OTHER (EXPLAIN IN NARRATIVE),IL,2024,UNKNOWN,PASSENGER,PERSONAL,W,PARKED,,,0,,,,,,,,,,,,,,,,Y,,FRONT,,,,,,,,,,,,,,,,,,,,,,,,,,,,,,,,,
2111160,80c7bd79c9382ac584436df7252c74d1ff5f5424e4fc773a4da552637ef49f39f6d23439e1bcdeafab262a41e86de3799d85383b95c9787d969f72a485e3e284,07/21/2025 09:50:00 AM,1,DRIVER,,2012592,,DODGE,JOURNEY,IL,2017,NONE,SPORT UTILITY VEHICLE (SUV),PERSONAL,N,STRAIGHT AHEAD,,,1,,,,,,,,,,,,,,,,Y,,FRONT,,,,,,,,,,,,,,,,,,,,,,,,,,,,,,,,,
2111161,80c7bd79c9382ac584436df7252c74d1ff5f5424e4fc773a4da552637ef49f39f6d23439e1bcdeafab262a41e86de3799d85383b95c9787d969f72a485e3e284,07/21/2025 09:50:00 AM,2,DRIVER,,2012607,,HONDA,INSIGHT,IL,2020,NONE,PASSENGER,PERSONAL,N,STRAIGHT AHEAD,,,1,,,,,,,,,Y,Y,Y,,,,,,,REAR,,,,,,,,,,,,,,,,,,,,,,,,,,,,,,,,,
2111239,88e64db88ef571bbd044ff9749cd38180d1216727d3be99ca461504a40111b70f2a6f17fb1ff8ca5def4ba2253f2142d45775ea7b64f8d6194b8fe37753257a7,07/21/2025 09:50:00 AM,1,DRIVER,,2012665,,UNKNOWN,MOTORIZED,IL,,NONE,TRUCK - SINGLE UNIT,UNKNOWN/NA,N,STRAIGHT AHEAD,,,1,,,,,,,,,,,,,,,,,,FRONT-LEFT-CORNER,,,,,,,,,,,,,,,,,,,,,,,,,,,,,,,,,
2111240,88e64db88ef571bbd044ff9749cd38180d1216727d3be99ca461504a40111b70f2a6f17fb1ff8ca5def4ba2253f2142d45775ea7b64f8d6194b8fe37753257a7,07/21/2025 09:50:00 AM,2,PARKED,,2012676,,TESLA,MODEL Y,IL,2023,NONE,SPORT UTILITY VEHICLE (SUV),NOT IN USE,E,PARKED,,,0,,,,,,,,,,,,,,,,Y,,FRONT,,,,,,,,,,,,,,,,,,,,,,,,,,,,,,,,,
2111124,b5224f558986facbadf30cc8fa6283a55e105962a20ca57fd0f5940c5682db7769fa008b81fa5291d7e42fba8b29833734a0f643df97ffd62ac2a5356129f6b3,07/21/2025 09:50:00 AM,1,DRIVER,,2012557,,NISSAN,ALTIMA,IL,2019,UNKNOWN,PASSENGER,UNKNOWN/NA,S,STRAIGHT AHEAD,,,1,,,,,Y,,,,,,,,,,Y,Y,,TOTAL (ALL AREAS),,,,,,,,,,,,,,,,,,,,,,,,,,,,,,,,,
2111125,b5224f558986facbadf30cc8fa6283a55e105962a20ca57fd0f5940c5682db7769fa008b81fa5291d7e42fba8b29833734a0f643df97ffd62ac2a5356129f6b3,07/21/2025 09:50:00 AM,2,DRIVER,,2012563,,HONDA,CR-V,IL,2019,NONE,PASSENGER,PERSONAL,S,STRAIGHT AHEAD,,,1,,,,,,,,,Y,Y,Y,,,,,,,TOTAL (ALL AREAS),,,,,,,,,,,,,,,,,,,,,,,,,,,,,,,,,
2111097,5acca36357f86fd593ee098472e905bae6413c678b1037bb4a6ab4f74a0f0c9f64b9b11e9e3db5eadd3212d344d2d8898d7ef61051b5ffe3c0ab9bad037824c1,07/21/2025 09:45:00 AM,1,DRIVER,1,2012548,,AUDI,Q7,IL,2007,NONE,SPORT UTILITY VEHICLE (SUV),PERSONAL,E,PASSING/OVERTAKING,,,2,,,,,Y,,,,,,,Y,,,,Y,,FRONT-RIGHT-CORNER,,,,,,,,,,,,,,,,,,,,,,,,,,,,,,,,,
2111102,aa92b412a0e7a859b4d0d0cba57ced4835a1d730f01ac8fc0b98ca800889f47e58679da43f650170522e8b4675f4139eecebfd95a0e2dcb2dff15d14956f3bb4,07/21/2025 09:40:00 AM,1,DRIVER,1,2012536,,BMW,X3,IL,2024,NONE,PASSENGER,PERSONAL,NE,LEAVING TRAFFIC LANE TO PARK,,,2,,,,,Y,Y,Y,,,,,,,,,Y,,FRONT-RIGHT-CORNER,,,,,,,,,,,,,,,,,,,,,,,,,,,,,,,,,
2111103,aa92b412a0e7a859b4d0d0cba57ced4835a1d730f01ac8fc0b98ca800889f47e58679da43f650170522e8b4675f4139eecebfd95a0e2dcb2dff15d14956f3bb4,07/21/2025 09:40:00 AM,2,DRIVER,,2012544,,TOYOTA,VENZA,IL,2024,NONE,PASSENGER,PERSONAL,S,OTHER,Y,,1,,UNK,UNK,,Y,Y,,,,,,,,,,Y,,FRONT-RIGHT-CORNER,,,,,,,,,,,,,,,,,,,,,,,,,,,,,,,,,
2111104,aa92b412a0e7a859b4d0d0cba57ced4835a1d730f01ac8fc0b98ca800889f47e58679da43f650170522e8b4675f4139eecebfd95a0e2dcb2dff15d14956f3bb4,07/21/2025 09:40:00 AM,3,PARKED,,2012549,,MERCEDES-BENZ,GLE,IL,2025,NONE,PASSENGER,PERSONAL,S,PARKED,,,0,,,,,Y,Y,,,,,,,,,,Y,,FRONT-RIGHT-CORNER,,,,,,,,,,,,,,,,,,,,,,,,,,,,,,,,,
2111100,1f0237bf3531575044b66562693926a5a6ed091a8e08a4b1036bcabb47b7c8a687b43e4a29dd957e7cf6dde3c355a056968e53316f5251cdac33a8abb8ef29e7,07/21/2025 09:37:00 AM,1,DRIVER,,2012543,Y,KENWORTH MOTOR TRUCK COMPANY,KENWORTH MOTOR TRUCK CO.,IN,2024,NONE,TRACTOR W/ SEMI-TRAILER,COMMERCIAL - SINGLE UNIT,N,TURNING LEFT,,,1,,,,,,,,Y,Y,,,,,,,,,REAR-RIGHT-CORNER,"21,851",649444,,,,,BUCHANAN HAULING AND RIGGING INC,IN,FORT WAYNE,,,,N,N,,N,,N,N,,Y,,,,,,,TRUCK/TRACTOR,FLATBED,OTHER,N,N,
2111101,1f0237bf3531575044b66562693926a5a6ed091a8e08a4b1036bcabb47b7c8a687b43e4a29dd957e7cf6dde3c355a056968e53316f5251cdac33a8abb8ef29e7,07/21/2025 09:37:00 AM,2,PARKED,,2012555,,MERCEDES-BENZ,GLE,IL,2022,NONE,SPORT UTILITY VEHICLE (SUV),PERSONAL,N,PARKED IN TRAFFIC LANE,,,0,,,,,,,,,,,Y,Y,,,,,,REAR-LEFT-CORNER,,,,,,,,,,,,,,,,,,,,,,,,,,,,,,,,,
2111080,29c9547c89c8c51b3e82e32b5955fcc0972960754c4b59ba9d831621f39d2717ee18a2237db33503391a3d26ea6c7876df287ebd3ebe127275decf5f6654d7c0,07/21/2025 09:30:00 AM,1,DRIVER,1,2012519,,TOYOTA,CAMRY,IL,2007,BRAKES,PASSENGER,PERSONAL,N,STRAIGHT AHEAD,Y,,2,,PRIVASTE,UNK,,Y,,,,,,Y,,,Y,Y,Y,,FRONT,,,,,,,,,,,,,,,,,,,,,,,,,,,,,,,,,
2111081,29c9547c89c8c51b3e82e32b5955fcc0972960754c4b59ba9d831621f39d2717ee18a2237db33503391a3d26ea6c7876df287ebd3ebe127275decf5f6654d7c0,07/21/2025 09:30:00 AM,2,DRIVER,,2012524,,VOLKSWAGEN,ARTEON,IL,2021,NONE,PASSENGER,PERSONAL,E,STRAIGHT AHEAD,Y,,1,,PRIVATE,UNK,,Y,,,,,,,,,,Y,Y,,FRONT,,,,,,,,,,,,,,,,,,,,,,,,,,,,,,,,,
2111162,2d36ce8272d96752c941effb732a0ca1c79a69685ce9d63781d7ab18ce2ca3869290fba5d24d8dea7f0db20d70f0f7af74f5a6061dc4886b9742b867b5c93846,07/21/2025 09:30:00 AM,1,DRIVER,,2012600,,KIA,SOUL,IL,2010,NONE,PASSENGER,PERSONAL,W,STRAIGHT AHEAD,Y,,1,,PERSONAL TOW,PERSONAL TOW,,Y,Y,,,,,,,,Y,Y,Y,,FRONT,,,,,,,,,,,,,,,,,,,,,,,,,,,,,,,,,
2111163,2d36ce8272d96752c941effb732a0ca1c79a69685ce9d63781d7ab18ce2ca3869290fba5d24d8dea7f0db20d70f0f7af74f5a6061dc4886b9742b867b5c93846,07/21/2025 09:30:00 AM,2,DRIVER,,2012606,,FORD,F350,IL,2002,NONE,TRUCK - SINGLE UNIT,TOW TRUCK,E,STRAIGHT AHEAD,Y,,1,,PERSONAL TOW,PERSONAL TOW,,,,,,,,,N,Y,Y,Y,Y,,FRONT-LEFT-CORNER,,,,,,,,,,,,,,,,,,,,,,,,,,,,,,,,,
2116798,625864d0025f578e0e2ec4254d4c42ed88539ba1c63cbf7b948182916ffcb157494638dae724493364748e20f597809cc67fa728a50a568f4e4de74880464a52,07/21/2025 09:30:00 AM,1,DRIVER,,2017949,,CHEVROLET,VAN,,2006,NONE,VAN/MINI-VAN,CONSTRUCTION/MAINTENANCE,S,ENTERING TRAFFIC LANE FROM PARKING,,,1,,,,Y,,,,,,,,,,,,,,FRONT-LEFT-CORNER,,,,,,,,,,,,,,,,,,,,,,,,,,,,,,,,,
2116799,625864d0025f578e0e2ec4254d4c42ed88539ba1c63cbf7b948182916ffcb157494638dae724493364748e20f597809cc67fa728a50a568f4e4de74880464a52,07/21/2025 09:30:00 AM,2,PARKED,,2017950,,NISSAN,OTHER (EXPLAIN IN NARRATIVE),IL,2005,UNKNOWN,PASSENGER,PERSONAL,S,PARKED,,,0,,,,,,,,,,N,,,,,,,Y,UNKNOWN,,,,,,,,,,,,,,,,,,,,,,,,,,,,,,,,,
2111660,87830689a27bacb143fd5ff1c2ec73f1380cb97ea68ff9cf121ad96853061207ceb41bd6a47e50b0faa6b2d1e170eeda7aefe02501c90ec1538c3068421a6200,07/21/2025 09:25:00 AM,1,DRIVER,2,2013061,,NISSAN,MURANO,IL,,UNKNOWN,SPORT UTILITY VEHICLE (SUV),UNKNOWN/NA,E,BACKING,,,3,,,,,,,,,Y,Y,,,,,,,,REAR-RIGHT-CORNER,,,,,,,,,,,,,,,,,,,,,,,,,,,,,,,,,
2111661,87830689a27bacb143fd5ff1c2ec73f1380cb97ea68ff9cf121ad96853061207ceb41bd6a47e50b0faa6b2d1e170eeda7aefe02501c90ec1538c3068421a6200,07/21/2025 09:25:00 AM,2,DRIVER,,2013066,,HONDA,FIT,IL,2007,UNKNOWN,PASSENGER,PERSONAL,W,BACKING,,,1,,,,,,,,,,Y,,,,,,,,REAR,,,,,,,,,,,,,,,,,,,,,,,,,,,,,,,,,
2111126,2ecfd753f6e519903fe9dec309ce1c6571a4a93ca815683c58f3deff865bedba8725610ed8a08e684135aab59ba370b96678b07bbc76e978ac4d2028fca79ed9,07/21/2025 09:15:00 AM,1,DRIVER,,2012582,,FORD,EDGE,IL,2010,UNKNOWN,SPORT UTILITY VEHICLE (SUV),UNKNOWN/NA,N,BACKING,,,1,,,,,,,,,,,,Y,Y,,,,,SIDE-LEFT-REAR,,,,,,,,,,,,,,,,,,,,,,,,,,,,,,,,,
2111127,2ecfd753f6e519903fe9dec309ce1c6571a4a93ca815683c58f3deff865bedba8725610ed8a08e684135aab59ba370b96678b07bbc76e978ac4d2028fca79ed9,07/21/2025 09:15:00 AM,2,DRIVER,,2012593,,AUDI,A8,IL,2019,NONE,PASSENGER,PERSONAL,N,TURNING LEFT,,,1,,,,,,,,,,,,,,,,Y,,FRONT,,,,,,,,,,,,,,,,,,,,,,,,,,,,,,,,,
2111090,ad18665a22b3b774e27f1515d13f759b7cd1b4f784c18ad77c785a007c960989b99f8bb0fe8310fcc31a155082977acb767b7392437dacffd35b2c15f65d8a4c,07/21/2025 09:15:00 AM,1,DRIVER,,2012531,,NISSAN,ALTIMA,,,UNKNOWN,PASSENGER,UNKNOWN/NA,E,STRAIGHT AHEAD,,,1,,,,,,,,,,,,,,,,,Y,SIDE-RIGHT,,,,,,,,,,,,,,,,,,,,,,,,,,,,,,,,,
2111091,ad18665a22b3b774e27f1515d13f759b7cd1b4f784c18ad77c785a007c960989b99f8bb0fe8310fcc31a155082977acb767b7392437dacffd35b2c15f65d8a4c,07/21/2025 09:15:00 AM,2,PARKED,1,2012532,,AUDI,A8,IL,2014,UNKNOWN,PASSENGER,PERSONAL,E,PARKED IN TRAFFIC LANE,,,1,,,,,,,,,,,,,,Y,,,,SIDE-LEFT,,,,,,,,,,,,,,,,,,,,,,,,,,,,,,,,,
2111871,ffa2a24a4c7000cda914ad9504f93f60706d53de6b4a1c7fd72424d54b349d61d3428df3d916db7dae03314baf760c00ff43fc23454354d38dbcf21c7ab8e55b,07/21/2025 09:15:00 AM,1,DRIVER,,2013265,,NISSAN,MAXIMA,IL,2007,UNKNOWN,PASSENGER,PERSONAL,E,CHANGING LANES,,,1,,,,,Y,Y,,,,,,,,,,Y,,FRONT-RIGHT-CORNER,,,,,,,,,,,,,,,,,,,,,,,,,,,,,,,,,
2111872,ffa2a24a4c7000cda914ad9504f93f60706d53de6b4a1c7fd72424d54b349d61d3428df3d916db7dae03314baf760c00ff43fc23454354d38dbcf21c7ab8e55b,07/21/2025 09:15:00 AM,2,DRIVER,10,2013266,,UNKNOWN,OTHER (EXPLAIN IN NARRATIVE),IL,2026,UNKNOWN,BUS OVER 15 PASS.,SCHOOL BUS,E,STRAIGHT AHEAD,,,11,,,,,,,,,,Y,Y,,,,,,,REAR-LEFT-CORNER,,,,,,,,,,,,,,,,,,,,,,,,,,,,,,,,,
2114863,6fd68efdcf818edb382e0f5a2641a1e38f5937a3b1653f8332c61db76d287ff7956a1457cd3595e355c0ef5a2270c6599a13c9287853a42ee8444752184c027c,07/21/2025 09:10:00 AM,1,DRIVER,,2016109,,FORD,F650,OH,2026,UNKNOWN,TRUCK - SINGLE UNIT,OTHER,W,STRAIGHT AHEAD,,,1,,,,,Y,,,,,,,,,,,,,FRONT-RIGHT-CORNER,,,,,,,,,,,,,,,,,,,,,,,,,,,,,,,,,
2114864,6fd68efdcf818edb382e0f5a2641a1e38f5937a3b1653f8332c61db76d287ff7956a1457cd3595e355c0ef5a2270c6599a13c9287853a42ee8444752184c027c,07/21/2025 09:10:00 AM,2,DRIVER,1,2016110,,MAZDA,MAZDA6,IL,2010,UNKNOWN,PASSENGER,UNKNOWN/NA,W,STRAIGHT AHEAD,,,2,,,,,,,,,,,Y,,,,,,,REAR-LEFT-CORNER,,,,,,,,,,,,,,,,,,,,,,,,,,,,,,,,,
2111172,25cbc99a6acf0012cad461f496efeaaa87dd97a292e71ee86f943e5ae910435e98788859097f8723b51254f0d078e6b15dc11722f5bb3daed3da8d7be0a080d1,07/21/2025 09:06:00 AM,1,DRIVER,,2012611,,FORD,VAN,IL,2020,NONE,BUS UP TO 15 PASS.,OTHER,E,STRAIGHT AHEAD,,,1,,,,Y,,,,,,,,,,,,,,FRONT-LEFT-CORNER,,,,,,,,,,,,,,,,,,,,,,,,,,,,,,,,,
2111179,25cbc99a6acf0012cad461f496efeaaa87dd97a292e71ee86f943e5ae910435e98788859097f8723b51254f0d078e6b15dc11722f5bb3daed3da8d7be0a080d1,07/21/2025 09:06:00 AM,2,PEDESTRIAN,,,,,,,,,,,,,,,,,,,,,,,,,,,,,,,,,,,,,,,,,,,,,,,,,,,,,,,,,,,,,,,,,,
2111088,eaff435684b3351ad5746e88e1749d0c0267bf206c05ae323b28d11d3b1b50ad47128a1b12f55a1ff329f5b7ad8a4c89d2fda3e53791f954a828b0b29f37c7bd,07/21/2025 09:01:00 AM,1,DRIVER,,2012538,,CHEVROLET,EQUINOX,,,NONE,PASSENGER,PERSONAL,W,TURNING LEFT,,,1,,,,,,,,,,,,,,,,Y,,FRONT,,,,,,,,,,,,,,,,,,,,,,,,,,,,,,,,,
2111089,eaff435684b3351ad5746e88e1749d0c0267bf206c05ae323b28d11d3b1b50ad47128a1b12f55a1ff329f5b7ad8a4c89d2fda3e53791f954a828b0b29f37c7bd,07/21/2025 09:01:00 AM,2,DRIVER,,2012550,,JEEP,CHEROKEE,,,NONE,PASSENGER,PERSONAL,N,STRAIGHT AHEAD,Y,,1,,,,,,,,,Y,,,,,,,,,SIDE-RIGHT-REAR,,,,,,,,,,,,,,,,,,,,,,,,,,,,,,,,,
2111190,2da758a35db40881b531925e6f7ffb75b53dc0dae52ba68e1d51e7b405f9582ba34d4a5d8fe6bc47202c3e27c9e5fc09df1ee91d6abccdfa405179be039c279f,07/21/2025 09:00:00 AM,1,DRIVER,,2012620,,FORD,EXPEDITION,IL,2027,NONE,PASSENGER,PERSONAL,N,CHANGING LANES,,,1,,,,,Y,Y,,,,,,,,,,,,FRONT-RIGHT-CORNER,,,,,,,,,,,,,,,,,,,,,,,,,,,,,,,,,
2111191,2da758a35db40881b531925e6f7ffb75b53dc0dae52ba68e1d51e7b405f9582ba34d4a5d8fe6bc47202c3e27c9e5fc09df1ee91d6abccdfa405179be039c279f,07/21/2025 09:00:00 AM,2,DRIVER,,2012625,,LINCOLN,MKZ,IL,2016,NONE,PASSENGER,PERSONAL,N,STRAIGHT AHEAD,,,1,,,,,,,,,,Y,Y,,,,,,,SIDE-LEFT-REAR,,,,,,,,,,,,,,,,,,,,,,,,,,,,,,,,,
2111052,eea9b801614b970cdf94a6ca4bb4f890a0a64e7be25a8a8429a05170ccd961d4b6b523cc1c031ea88411d56552bbb6a53c598ac318d5565a3a21b24da62f53d1,07/21/2025 08:56:00 AM,1,DRIVER,,2012497,,HONDA,CR-V,IL,,UNKNOWN,PASSENGER,PERSONAL,S,STRAIGHT AHEAD,,,1,,,,,Y,,,,,,,,,,Y,Y,,FRONT,,,,,,,,,,,,,,,,,,,,,,,,,,,,,,,,,
2111053,eea9b801614b970cdf94a6ca4bb4f890a0a64e7be25a8a8429a05170ccd961d4b6b523cc1c031ea88411d56552bbb6a53c598ac318d5565a3a21b24da62f53d1,07/21/2025 08:56:00 AM,2,DRIVER,,2012501,,HONDA,ACCORD,IL,2014,UNKNOWN,PASSENGER,PERSONAL,S,STRAIGHT AHEAD,,,1,,,,,,,,,,Y,Y,,,,,,,REAR-LEFT-CORNER,,,,,,,,,,,,,,,,,,,,,,,,,,,,,,,,,
2111148,2a6b57171b7176fc30e117eb6698f0148dcaafe1a9d5dbab0088b64d8007d43ceb6e3f7712752b4e38f65f1cfa80acbca325ffaf6e6d916f1120cbf42409d19b,07/21/2025 08:50:00 AM,1,DRIVER,,2012580,,JEEP,CHEROKEE,,,UNKNOWN,UNKNOWN/NA,UNKNOWN/NA,S,STRAIGHT AHEAD,,,1,,,,,Y,,,,,,,,,,Y,Y,,FRONT,,,,,,,,,,,,,,,,,,,,,,,,,,,,,,,,,