CRASH_UNIT_ID,CRASH_RECORD_ID,CRASH_DATE,UNIT_NO,UNIT_TYPE,NUM_PASSENGERS,VEHICLE_ID,CMRC_VEH_I,MAKE,MODEL,LIC_PLATE_STATE,VEHICLE_YEAR,VEHICLE_DEFECT,VEHICLE_TYPE,VEHICLE_USE,TRAVEL_DIRECTION,MANEUVER,TOWED_I,FIRE_I,OCCUPANT_CNT,EXCEED_SPEED_LIMIT_I,TOWED_BY,TOWED_TO,AREA_00_I,AREA_01_I,AREA_02_I,AREA_03_I,AREA_04_I,AREA_05_I,AREA_06_I,AREA_07_I,AREA_08_I,AREA_09_I,AREA_10_I,AREA_11_I,AREA_12_I,AREA_99_I,FIRST_CONTACT_POINT,CMV_ID,USDOT_NO,CCMC_NO,ILCC_NO,COMMERCIAL_SRC,GVWR,CARRIER_NAME,CARRIER_STATE,CARRIER_CITY,HAZMAT_PLACARDS_I,HAZMAT_NAME,UN_NO,HAZMAT_PRESENT_I,HAZMAT_REPORT_I,HAZMAT_REPORT_NO,MCS_REPORT_I,MCS_REPORT_NO,HAZMAT_VIO_CAUSE_CRASH_I,MCS_VIO_CAUSE_CRASH_I,IDOT_PERMIT_NO,WIDE_LOAD_I,TRAILER1_WIDTH,TRAILER2_WIDTH,TRAILER1_LENGTH,TRAILER2_LENGTH,TOTAL_VEHICLE_LENGTH,AXLE_CNT,VEHICLE_CONFIG,CARGO_BODY_TYPE,LOAD_TYPE,HAZMAT_OUT_OF_SERVICE_I,MCS_OUT_OF_SERVICE_I,HAZMAT_CLASS
2111149,2a6b57171b7176fc30e117eb6698f0148dcaafe1a9d5dbab0088b64d8007d43ceb6e3f7712752b4e38f65f1cfa80acbca325ffaf6e6d916f1120cbf42409d19b,07/21/2025 08:50:00 AM,2,DRIVER,,2012598,,NORTH AMERICAN BUS INDUSTRIES,OTHER (EXPLAIN IN NARRATIVE),IL,2017,NONE,BUS UP TO 15 PASS.,SCHOOL BUS,S,STRAIGHT AHEAD,,,1,,,,,,,,,,,Y,Y,,,,,,REAR-LEFT-CORNER,,,,,,,,,,,,,,,,,,,,,,,,,,,,,,,,,
2111048,6573b70f93247d0ed963e667d80f4b32ca57148c2dd198ccbdf9318fd239b0a711c7ee8e64fafa3b311848bc667e38e6629569c73ac4c6b94db3582bfccf15d3,07/21/2025 08:30:00 AM,2,DRIVER,,2012487,,TOYOTA,CAMRY,IL,2020,NONE,PASSENGER,PERSONAL,N,TURNING LEFT,,,1,,,,,,,,,Y,,,,,,,,,OTHER,,,,,,,,,,,,,,,,,,,,,,,,,,,,,,,,,
2111049,6573b70f93247d0ed963e667d80f4b32ca57148c2dd198ccbdf9318fd239b0a711c7ee8e64fafa3b311848bc667e38e6629569c73ac4c6b94db3582bfccf15d3,07/21/2025 08:30:00 AM,1,DRIVER,,2012504,,VOLKSWAGEN,JETTA,IL,2009,NONE,PASSENGER,PERSONAL,S,STRAIGHT AHEAD,,,1,,,,,,,,,,,,,,,,Y,,FRONT,,,,,,,,,,,,,,,,,,,,,,,,,,,,,,,,,
2112269,96ebce0c2994f587984d534ab846c9dd6c803e5d4258681cd126401983d35478a3ebc2269ecb9c43a43d6e1cdb4ed9deb3d369fdcec295563017cfd6054ba8a9,07/21/2025 08:30:00 AM,1,DRIVER,,2013631,,TOYOTA,CAMRY,IL,2012,UNKNOWN,UNKNOWN/NA,UNKNOWN/NA,N,BACKING,,,1,,,,,,,,,,,,,,,,Y,,FRONT,,,,,,,,,,,,,,,,,,,,,,,,,,,,,,,,,
2112270,96ebce0c2994f587984d534ab846c9dd6c803e5d4258681cd126401983d35478a3ebc2269ecb9c43a43d6e1cdb4ed9deb3d369fdcec295563017cfd6054ba8a9,07/21/2025 08:30:00 AM,2,PARKED,,2013636,,BUICK,LUCERNE,IL,2006,UNKNOWN,PASSENGER,NOT IN USE,S,PARKED,,,0,,,,,,,,,Y,,,,,,,,,REAR,,,,,,,,,,,,,,,,,,,,,,,,,,,,,,,,,
2111044,b4fd4c6818a3c2f908c4254b4daccc07aa8df14b5c79985731dfc05ff8f2e137beba8c11d80031b87743e3e833a8eb56e529929830af94d3d02089ecb40a9db5,07/21/2025 08:28:00 AM,1,DRIVER,,2012525,,ISUZU,TRUCK,IL,2019,NONE,TRUCK - SINGLE UNIT,LAWN CARE/LANDSCAPING,S,STRAIGHT AHEAD,,,1,,,,,,,Y,N,,,,,,,,,Y,SIDE-RIGHT,,,,,,,,,,,,,,,,,,,,,,,,,,,,,,,,,
2111045,b4fd4c6818a3c2f908c4254b4daccc07aa8df14b5c79985731dfc05ff8f2e137beba8c11d80031b87743e3e833a8eb56e529929830af94d3d02089ecb40a9db5,07/21/2025 08:28:00 AM,2,DRIVER,,2012534,,NOVA BUS,OTHER (EXPLAIN IN NARRATIVE),IL,2024,NONE,BUS OVER 15 PASS.,CTA,S,STRAIGHT AHEAD,,,1,,,,,,,,,,,Y,,,,,,Y,REAR-LEFT-CORNER,,,,,,,,,,,,,,,,,,,,,,,,,,,,,,,,,
2111137,c26070135417c6d24ca71e1297649b6d9c230caa96cb147ac44cc0ccfc9cb8be14abc3243f75767774868bce9c982c33ccc983d95a75f25ec2966c8d828d8c2e,07/21/2025 08:25:00 AM,1,DRIVER,,2012569,,FORD,EXPLORER,IL,2022,UNKNOWN,SPORT UTILITY VEHICLE (SUV),UNKNOWN/NA,N,STRAIGHT AHEAD,,,1,,,,,,,N,,,,,,,,,,Y,SIDE-RIGHT-FRONT,,,,,,,,,,,,,,,,,,,,,,,,,,,,,,,,,
2111138,c26070135417c6d24ca71e1297649b6d9c230caa96cb147ac44cc0ccfc9cb8be14abc3243f75767774868bce9c982c33ccc983d95a75f25ec2966c8d828d8c2e,07/21/2025 08:25:00 AM,2,PARKED,,2012576,,FORD,ECONOLINE 100,IL,2019,NONE,VAN/MINI-VAN,OTHER,N,PARKED,,,0,,,,,,,,,,,,,,Y,,,,FRONT-LEFT-CORNER,,,,,,,,,,,,,,,,,,,,,,,,,,,,,,,,,
2111036,3f3bdc1a232177ec2a27d198932ce3647c8bcad71ce02c57cb69da7736b99817b3ceab89c676ff0ea8cd1f253b50419f7648674e51b48a432d8c443baf8a435f,07/21/2025 08:20:00 AM,1,DRIVER,,2012492,,LEXUS,RX330,IL,2005,NONE,SPORT UTILITY VEHICLE (SUV),PERSONAL,W,BACKING,,,1,,,,Y,,,,,,,,,,,,,,REAR,,,,,,,,,,,,,,,,,,,,,,,,,,,,,,,,,
2111037,3f3bdc1a232177ec2a27d198932ce3647c8bcad71ce02c57cb69da7736b99817b3ceab89c676ff0ea8cd1f253b50419f7648674e51b48a432d8c443baf8a435f,07/21/2025 08:20:00 AM,2,DRIVER,1,2012483,,TOYOTA,PRIUS,IL,2011,NONE,PASSENGER,PERSONAL,E,SLOW/STOP IN TRAFFIC,,,2,,,,,,,,,,,,,,,,Y,,FRONT,,,,,,,,,,,,,,,,,,,,,,,,,,,,,,,,,
2111054,5771d50bf48f4a2da80bcabb29dbfb313a16003ce22fa29939f9a70cdd66fcee333a8d88263dbe0aa3e9b1e8b598e9b87bde6026596d0b646b784ac1da3ecb0b,07/21/2025 08:20:00 AM,1,DRIVER,1,2012495,,TOYOTA,CAMRY,IL,2009,NONE,PASSENGER,TAXI/FOR HIRE,N,CHANGING LANES,,,2,,,,,,Y,Y,Y,,,,,,,,,,SIDE-RIGHT,,,,,,,,,,,,,,,,,,,,,,,,,,,,,,,,,
2111055,5771d50bf48f4a2da80bcabb29dbfb313a16003ce22fa29939f9a70cdd66fcee333a8d88263dbe0aa3e9b1e8b598e9b87bde6026596d0b646b784ac1da3ecb0b,07/21/2025 08:20:00 AM,2,DRIVER,,2012498,,ACURA,ADX,IL,2011,NONE,PASSENGER,PERSONAL,N,STRAIGHT AHEAD,,,1,,,,,,,,,,,,,,,Y,,,FRONT-LEFT-CORNER,,,,,,,,,,,,,,,,,,,,,,,,,,,,,,,,,
2111046,8fe473cc636d64aaaf5ed21c9584dc3ee73c625eebb81da43e6916bc2eca6b03766eff835247f0935a98b28bc224f93ef792417f0a8437699f2d30c4c6f5d015,07/21/2025 08:20:00 AM,1,DRIVER,,2012486,,UNKNOWN,OTHER (EXPLAIN IN NARRATIVE),,,UNKNOWN,SPORT UTILITY VEHICLE (SUV),UNKNOWN/NA,N,PASSING/OVERTAKING,,,1,,,,,,,,,,,,,,,,,Y,SIDE-LEFT,,,,,,,,,,,,,,,,,,,,,,,,,,,,,,,,,
2111047,8fe473cc636d64aaaf5ed21c9584dc3ee73c625eebb81da43e6916bc2eca6b03766eff835247f0935a98b28bc224f93ef792417f0a8437699f2d30c4c6f5d015,07/21/2025 08:20:00 AM,2,DRIVER,,2012491,,KIA,TELLURIDE,IL,2022,NONE,SPORT UTILITY VEHICLE (SUV),PERSONAL,N,STRAIGHT AHEAD,,,1,,,,,Y,,,,,,,,,,,,,SIDE-RIGHT-FRONT,,,,,,,,,,,,,,,,,,,,,,,,,,,,,,,,,
2111070,0b520abf26f0d08ffd002e8adbbecb9ff01d717103f6b38f34a5eb828e6792d15fdfbc0734738e59fdffc1f92300c749e8947fc9316ba47526d773a458d30122,07/21/2025 08:17:00 AM,1,DRIVER,,2012511,,BMW,BMW,IL,2021,NONE,PASSENGER,PERSONAL,N,STRAIGHT AHEAD,,,1,,,,Y,,,,,,,,,,,,,,FRONT-LEFT-CORNER,,,,,,,,,,,,,,,,,,,,,,,,,,,,,,,,,
2111071,0b520abf26f0d08ffd002e8adbbecb9ff01d717103f6b38f34a5eb828e6792d15fdfbc0734738e59fdffc1f92300c749e8947fc9316ba47526d773a458d30122,07/21/2025 08:17:00 AM,2,PEDESTRIAN,,,,,,,,,,,,,,,,,,,,,,,,,,,,,,,,,,,,,,,,,,,,,,,,,,,,,,,,,,,,,,,,,,
2111078,1c23d55960203906d9a40de3039b3b692213dce307879d0fae56b09ff3a6942b39b6aa900016b00d62735d5851cc88031fc4b5b2c1219f9905fbdb4e9bb133d4,07/21/2025 08:15:00 AM,1,BICYCLE,,,,,,,,,,,,,,,,,,,,,,,,,,,,,,,,,,,,,,,,,,,,,,,,,,,,,,,,,,,,,,,,,,
2111079,1c23d55960203906d9a40de3039b3b692213dce307879d0fae56b09ff3a6942b39b6aa900016b00d62735d5851cc88031fc4b5b2c1219f9905fbdb4e9bb133d4,07/21/2025 08:15:00 AM,2,DRIVER,,2012516,,TOYOTA,CAMRY,IL,2025,UNKNOWN,PASSENGER,UNKNOWN/NA,E,TURNING RIGHT,,,1,,,,,,Y,Y,,,,,,,,,,,SIDE-LEFT,,,,,,,,,,,,,,,,,,,,,,,,,,,,,,,,,
2111072,8feca73a43725575649b1572effa11abc8416b50edee9af2aa4d1a2949f2d726caa0fa775db4ff5cc99fc0d001a4ef91fbc49d7158b8351c4dee400981ed0cb4,07/21/2025 08:15:00 AM,1,DRIVER,2,2012517,,DODGE,JOURNEY,IL,2017,NONE,SPORT UTILITY VEHICLE (SUV),PERSONAL,UNKNOWN,STRAIGHT AHEAD,Y,,3,,PRIVATE TOW SERVICE,,,Y,,,,,,,,,,Y,Y,,FRONT,,,,,,,,,,,,,,,,,,,,,,,,,,,,,,,,,
2111073,8feca73a43725575649b1572effa11abc8416b50edee9af2aa4d1a2949f2d726caa0fa775db4ff5cc99fc0d001a4ef91fbc49d7158b8351c4dee400981ed0cb4,07/21/2025 08:15:00 AM,2,DRIVER,,2012514,,HONDA,ACCORD,IL,1977,NONE,PASSENGER,PERSONAL,UNKNOWN,STRAIGHT AHEAD,Y,,1,,PRIVATE TOW SERVICE,,,,,Y,Y,Y,,,,,,,,,SIDE-RIGHT,,,,,,,,,,,,,,,,,,,,,,,,,,,,,,,,,
2111074,8933ab3e07ad686577cd4a66d4c1f71f7e9c45fa8d210b880221847418c047360a49066ebd0e3fc65935cf4f493e59dd99a2fb64c44f68f67c8c40d559fba6ff,07/21/2025 08:00:00 AM,1,DRIVER,,2012515,N,FREIGHTLINER CORPORATION,FREIGHTLINER CORP.,IL,2016,UNKNOWN,TRUCK - SINGLE UNIT,COMMERCIAL - MULTI-UNIT,E,STRAIGHT AHEAD,,,1,,,,,,,,,,,,Y,Y,Y,,,,SIDE-LEFT,,,,,,,,,,,,,,,,,,,,,,,,,,,,,,,,,
2111075,8933ab3e07ad686577cd4a66d4c1f71f7e9c45fa8d210b880221847418c047360a49066ebd0e3fc65935cf4f493e59dd99a2fb64c44f68f67c8c40d559fba6ff,07/21/2025 08:00:00 AM,2,DRIVER,,2012518,,UNKNOWN,MOTORIZED,IL,,UNKNOWN,UNKNOWN/NA,UNKNOWN/NA,UNKNOWN,UNKNOWN/NA,,,1,,,,Y,,,,,,,,,,,,,,UNKNOWN,,,,,,,,,,,,,,,,,,,,,,,,,,,,,,,,,
2111063,b9868cfa023a10b2846396baaa0da724f19c211daa14ed96504c2f8134a0a602cd47aa75598694b8f6a906f9830ca3ff72e15ea13d5d1589398cbf8183778b4c,07/21/2025 08:00:00 AM,1,PEDESTRIAN,,,,,,,,,,,,,,,,,,,,,,,,,,,,,,,,,,,,,,,,,,,,,,,,,,,,,,,,,,,,,,,,,,
2111064,b9868cfa023a10b2846396baaa0da724f19c211daa14ed96504c2f8134a0a602cd47aa75598694b8f6a906f9830ca3ff72e15ea13d5d1589398cbf8183778b4c,07/21/2025 08:00:00 AM,2,DRIVER,,2012500,,SUBARU,IMPREZA,IL,,UNKNOWN,PASSENGER,PERSONAL,N,STRAIGHT AHEAD,,,1,,,,,Y,Y,,,,,,,,,,,,SIDE-RIGHT-FRONT,,,,,,,,,,,,,,,,,,,,,,,,,,,,,,,,,
2111086,eb48b0efeeac2ae220e43091ba7e4366957ca970e4feb67de256456a59aee16b188f907b4e918340fae5707cbc57996948f0f0c610731c90a85690e750613f5c,07/21/2025 08:00:00 AM,1,DRIVER,,2012523,,UNKNOWN,OTHER (EXPLAIN IN NARRATIVE),XX,,UNKNOWN,UNKNOWN/NA,UNKNOWN/NA,UNKNOWN,UNKNOWN/NA,,,1,,,,,,,,,,,,,,,,,,UNKNOWN,,,,,,,,,,,,,,,,,,,,,,,,,,,,,,,,,
2111087,eb48b0efeeac2ae220e43091ba7e4366957ca970e4feb67de256456a59aee16b188f907b4e918340fae5707cbc57996948f0f0c610731c90a85690e750613f5c,07/21/2025 08:00:00 AM,2,PARKED,,2012527,,NISSAN,VERSA,,2017,NONE,PASSENGER,NOT IN USE,UNKNOWN,PARKED,,,0,,,,,Y,,,,,,,,,,,,,FRONT-RIGHT-CORNER,,,,,,,,,,,,,,,,,,,,,,,,,,,,,,,,,
2111059,3868a32e7946f48c3fc276309367ff341e0024b2b62a781839bd900c59d295411838606573f9d338688597152aa19bce9f7eb32aa6be77c09be7a5ea23e065bb,07/21/2025 07:35:00 AM,1,DRIVER,,2012496,,TOYOTA,CAMRY,IL,2009,UNKNOWN,PASSENGER,PERSONAL,N,STRAIGHT AHEAD,Y,,1,,PRIVATE TOW,RESIDENCE,,Y,,,,,,,,,,Y,Y,,FRONT,,,,,,,,,,,,,,,,,,,,,,,,,,,,,,,,,
2111060,3868a32e7946f48c3fc276309367ff341e0024b2b62a781839bd900c59d295411838606573f9d338688597152aa19bce9f7eb32aa6be77c09be7a5ea23e065bb,07/21/2025 07:35:00 AM,2,DRIVER,1,2012507,,JEEP,GRAND CHEROKEE,IL,2017,UNKNOWN,PASSENGER,PERSONAL,N,OTHER,,,2,,,,,,,,,Y,Y,Y,,,,,,,REAR,,,,,,,,,,,,,,,,,,,,,,,,,,,,,,,,,
2111061,3868a32e7946f48c3fc276309367ff341e0024b2b62a781839bd900c59d295411838606573f9d338688597152aa19bce9f7eb32aa6be77c09be7a5ea23e065bb,07/21/2025 07:35:00 AM,3,DRIVER,,2012510,,HYUNDAI,OTHER (EXPLAIN IN NARRATIVE),IL,2023,UNKNOWN,PASSENGER,PERSONAL,N,STRAIGHT AHEAD,,,1,,,,,,,,,,,Y,,,,,,,REAR-LEFT-CORNER,,,,,,,,,,,,,,,,,,,,,,,,,,,,,,,,,
2111062,3868a32e7946f48c3fc276309367ff341e0024b2b62a781839bd900c59d295411838606573f9d338688597152aa19bce9f7eb32aa6be77c09be7a5ea23e065bb,07/21/2025 07:35:00 AM,4,DRIVER,1,2012513,,CHEVROLET,OTHER (EXPLAIN IN NARRATIVE),IL,2018,UNKNOWN,PASSENGER,PERSONAL,N,OTHER,,,2,,,,,,,,,,,,,,,Y,,,FRONT-LEFT-CORNER,,,,,,,,,,,,,,,,,,,,,,,,,,,,,,,,,
2111050,f252e598f5cca9a3b19b5239cea794d4dad9180a35752cb00f77074ff67e638e1b239f07bd02ac113e86e5a51406646feaa93f4ff7cfd8d1d25f2bed9c790064,07/21/2025 07:32:00 AM,1,DRIVER,,2012502,,FORD,FUSION,IL,2010,UNKNOWN,PASSENGER,PERSONAL,E,TURNING RIGHT,Y,,1,,OWNER,UNKNOWN,,Y,N,N,,,,,,,,,,,SIDE-RIGHT-FRONT,,,,,,,,,,,,,,,,,,,,,,,,,,,,,,,,,
2111051,f252e598f5cca9a3b19b5239cea794d4dad9180a35752cb00f77074ff67e638e1b239f07bd02ac113e86e5a51406646feaa93f4ff7cfd8d1d25f2bed9c790064,07/21/2025 07:32:00 AM,2,DRIVER,,2012509,,INFINITI,QX50,IL,2017,UNKNOWN,SPORT UTILITY VEHICLE (SUV),PERSONAL,E,TURNING RIGHT,,,1,,,,,,,,,,,,,,Y,Y,,,SIDE-LEFT,,,,,,,,,,,,,,,,,,,,,,,,,,,,,,,,,
2111105,801eb1daa8cdbd395dfdb6cdfcfc57e9d364826f3aa12e0984ccb12b770ad610487af1a942b409511565f3992f964e4845d9f5ebed1b88ba952238923f093745,07/21/2025 07:30:00 AM,1,DRIVER,,2012537,,UNKNOWN,OTHER (EXPLAIN IN NARRATIVE),,,UNKNOWN,UNKNOWN/NA,UNKNOWN/NA,UNKNOWN,UNKNOWN/NA,,,1,,,,,,,,,,,,,,,,,Y,UNKNOWN,,,,,,,,,,,,,,,,,,,,,,,,,,,,,,,,,
2111106,801eb1daa8cdbd395dfdb6cdfcfc57e9d364826f3aa12e0984ccb12b770ad610487af1a942b409511565f3992f964e4845d9f5ebed1b88ba952238923f093745,07/21/2025 07:30:00 AM,2,PARKED,,2012551,,JEEP,WRANGLER,IL,2012,NONE,PASSENGER,NOT IN USE,W,PARKED,,,0,,,,,Y,,,,Y,,,,,,Y,Y,,REAR-RIGHT-CORNER,,,,,,,,,,,,,,,,,,,,,,,,,,,,,,,,,
2111107,801eb1daa8cdbd395dfdb6cdfcfc57e9d364826f3aa12e0984ccb12b770ad610487af1a942b409511565f3992f964e4845d9f5ebed1b88ba952238923f093745,07/21/2025 07:30:00 AM,3,PARKED,,2012560,,TOYOTA,COROLLA,TX,2018,NONE,PASSENGER,NOT IN USE,W,PARKED,,,0,,,,,,,,,Y,Y,Y,,,,,,,REAR,,,,,,,,,,,,,,,,,,,,,,,,,,,,,,,,,
2111483,ce41a130383daf28800891acd38e32fb8dc5db8ac4105a3fe03ba8d6b5847510e90c99dfa36c848c97b70fa4f072683baf5cdfd1b49567884b430eb1f1d7e9f7,07/21/2025 07:30:00 AM,1,DRIVER,,2012890,,LINCOLN,NAUTILUS,IL,2025,UNKNOWN,PASSENGER,PERSONAL,UNKNOWN,UNKNOWN/NA,,,1,,,,,Y,Y,,,,,,,,,,,,FRONT-RIGHT-CORNER,,,,,,,,,,,,,,,,,,,,,,,,,,,,,,,,,
2111484,ce41a130383daf28800891acd38e32fb8dc5db8ac4105a3fe03ba8d6b5847510e90c99dfa36c848c97b70fa4f072683baf5cdfd1b49567884b430eb1f1d7e9f7,07/21/2025 07:30:00 AM,2,DRIVER,,2012905,,FORD,ESCAPE,IL,2014,UNKNOWN,PASSENGER,PERSONAL,UNKNOWN,UNKNOWN/NA,,,1,,,,,,,,,,Y,Y,Y,Y,,,,,SIDE-LEFT-REAR,,,,,,,,,,,,,,,,,,,,,,,,,,,,,,,,,
2111032,d883f87b8cbb40a8effa3e56ed9352498435645444183f79f47edf038cbb16476767eb936855798860b3361e32d8d32ec8175447a86420ca09946e0393cf0865,07/21/2025 07:30:00 AM,1,DRIVER,,2012479,,JEEP,JEEP,IL,2020,UNKNOWN,PASSENGER,PERSONAL,E,TURNING LEFT,,,1,,,,Y,,,,,,,,,,,,,,FRONT-LEFT-CORNER,,,,,,,,,,,,,,,,,,,,,,,,,,,,,,,,,
2111033,d883f87b8cbb40a8effa3e56ed9352498435645444183f79f47edf038cbb16476767eb936855798860b3361e32d8d32ec8175447a86420ca09946e0393cf0865,07/21/2025 07:30:00 AM,2,PEDESTRIAN,,,,,,,,,,,,,,,,,,,,,,,,,,,,,,,,,,,,,,,,,,,,,,,,,,,,,,,,,,,,,,,,,,
2111028,2a39723e257d7d5b7178ab6f163584749c0551e0579ca4a8865c4d76d156e363a459d7473a13ea52c473207a72770fa2b67ba7987ff7738d32a6d303bd005504,07/21/2025 07:25:00 AM,1,DRIVER,,2012477,,CHEVROLET,SILVERADO,IL,,UNKNOWN,PICKUP,PERSONAL,N,STRAIGHT AHEAD,,,1,,,,,,,,,Y,,,,,,,,,REAR-RIGHT-CORNER,,,,,,,,,,,,,,,,,,,,,,,,,,,,,,,,,
2111029,2a39723e257d7d5b7178ab6f163584749c0551e0579ca4a8865c4d76d156e363a459d7473a13ea52c473207a72770fa2b67ba7987ff7738d32a6d303bd005504,07/21/2025 07:25:00 AM,2,DRIVER,,2012480,,JEEP,COMPASS,,,NONE,SPORT UTILITY VEHICLE (SUV),PERSONAL,N,STRAIGHT AHEAD,,,1,,,,,,,,,,,,,,,,,,REAR,,,,,,,,,,,,,,,,,,,,,,,,,,,,,,,,,
2111040,ce41694e06c50ee1306552fdbbe886afd296c012a9c0891655738d6edcc2c66e7b2de83dcce15ad5a534c02b19d3f615bd8a748e10cedc261c538dd718f3d6b8,07/21/2025 07:25:00 AM,1,DRIVER,,2012485,,ACURA,TLX,IL,2020,NONE,PASSENGER,PERSONAL,S,TURNING LEFT,,,1,,,,,Y,,,,,,,,,,,,,FRONT-RIGHT-CORNER,,,,,,,,,,,,,,,,,,,,,,,,,,,,,,,,,
2111041,ce41694e06c50ee1306552fdbbe886afd296c012a9c0891655738d6edcc2c66e7b2de83dcce15ad5a534c02b19d3f615bd8a748e10cedc261c538dd718f3d6b8,07/21/2025 07:25:00 AM,2,DRIVER,,2012493,,JEEP,WAGONEER,IL,2022,NONE,PASSENGER,PERSONAL,N,STRAIGHT AHEAD,,,1,,,,,,,,,,,,,,,Y,,,FRONT-LEFT-CORNER,,,,,,,,,,,,,,,,,,,,,,,,,,,,,,,,,
2111243,202e28baf8026808e886ad059c2b982da11dd2ebcf6624c76cab945d95a669f9c0b5439bb8219d6c8f4ad1f6620445539e1a8867a6124644a08478da56cf28a6,07/21/2025 07:20:00 AM,1,DRIVER,,2012677,,"MACK TRUCKS, INC.",OTHER (EXPLAIN IN NARRATIVE),IL,1998,UNKNOWN,TRACTOR W/ SEMI-TRAILER,COMMERCIAL - SINGLE UNIT,N,STRAIGHT AHEAD,,,1,,,,,,,,,,,,,,,,,Y,FRONT-LEFT-CORNER,,,,,,,,,,,,,,,,,,,,,,,,,,,,,,,,,
2111244,202e28baf8026808e886ad059c2b982da11dd2ebcf6624c76cab945d95a669f9c0b5439bb8219d6c8f4ad1f6620445539e1a8867a6124644a08478da56cf28a6,07/21/2025 07:20:00 AM,2,DRIVER,1,2012685,,SATURN,VUE,IL,2006,NONE,SPORT UTILITY VEHICLE (SUV),PERSONAL,N,SLOW/STOP IN TRAFFIC,,,2,,,,,Y,Y,Y,,,,,,,,,,,FRONT-RIGHT-CORNER,,,,,,,,,,,,,,,,,,,,,,,,,,,,,,,,,
2111531,0858c36354a751ba25fe6e94dbc3222f6a6e3ab2d8540d388e82a047089d55967e0512d6e07da7b1b890f1ece2d834a6e30ccf670a193139e767974dcb3f20f9,07/21/2025 07:00:00 AM,1,DRIVER,,2012930,,MAZDA,CX-5,IL,2020,NONE,SPORT UTILITY VEHICLE (SUV),UNKNOWN/NA,N,STRAIGHT AHEAD,,,1,,,,,Y,Y,,,,,,,,,,,,FRONT-RIGHT-CORNER,,,,,,,,,,,,,,,,,,,,,,,,,,,,,,,,,
2111532,0858c36354a751ba25fe6e94dbc3222f6a6e3ab2d8540d388e82a047089d55967e0512d6e07da7b1b890f1ece2d834a6e30ccf670a193139e767974dcb3f20f9,07/21/2025 07:00:00 AM,2,PARKED,,2012933,,CHEVROLET,EXPRESS,IL,2006,NONE,VAN/MINI-VAN,PERSONAL,N,PARKED,,,0,,,,,,,,,,,,Y,Y,Y,Y,,,SIDE-LEFT,,,,,,,,,,,,,,,,,,,,,,,,,,,,,,,,,
2113945,bcf9f51e8789974acc6f18753bcf64ec4568710538a6ef680f8b7b4ed0a060e114a105acc11e311e2a5ca8cd808fdc491c1c3843e75fabea87d980baffdb946f,07/21/2025 07:00:00 AM,1,DRIVER,,2015252,,UNKNOWN,OTHER (EXPLAIN IN NARRATIVE),,,UNKNOWN,UNKNOWN/NA,UNKNOWN/NA,UNKNOWN,UNKNOWN/NA,,,1,,,,,,,,,,,,,,,,,Y,UNKNOWN,,,,,,,,,,,,,,,,,,,,,,,,,,,,,,,,,
2113946,bcf9f51e8789974acc6f18753bcf64ec4568710538a6ef680f8b7b4ed0a060e114a105acc11e311e2a5ca8cd808fdc491c1c3843e75fabea87d980baffdb946f,07/21/2025 07:00:00 AM,2,PARKED,,2015247,,TOYOTA,COROLLA,IL,2016,NONE,PASSENGER,PERSONAL,N,PARKED,,,0,,,,,,,,,,,,,,,Y,,,OTHER,,,,,,,,,,,,,,,,,,,,,,,,,,,,,,,,,
2111907,9cf8ba928f879f3ad7a0127f170a7bbee312097575b4417c6186fde5a32c054d8f58dd7f270a120c1f2ce3d995e6527e58ae7433cb79358d6d03f584b1507c18,07/21/2025 06:50:00 AM,1,DRIVER,,2013306,,TOYOTA,SOLARA,XX,,NONE,PASSENGER,UNKNOWN/NA,N,ENTERING TRAFFIC LANE FROM PARKING,,,1,,,,,N,,,,,,,,,Y,Y,,,FRONT-LEFT-CORNER,,,,,,,,,,,,,,,,,,,,,,,,,,,,,,,,,
2111908,9cf8ba928f879f3ad7a0127f170a7bbee312097575b4417c6186fde5a32c054d8f58dd7f270a120c1f2ce3d995e6527e58ae7433cb79358d6d03f584b1507c18,07/21/2025 06:50:00 AM,2,DRIVER,,2013314,,HYUNDAI,SANTA FE,IL,2017,NONE,SPORT UTILITY VEHICLE (SUV),PERSONAL,N,STRAIGHT AHEAD,,,1,,,,,Y,Y,,,,,,,,,N,,,FRONT-RIGHT-CORNER,,,,,,,,,,,,,,,,,,,,,,,,,,,,,,,,,
2111017,d139298d2d5682ec0296d97b3b64281f038523985d1c6121b8df15b4a159eaeb26314139914e3ad2e55949727f3eb657882dc9ea62ca9da9f74612c233ad6103,07/21/2025 06:35:00 AM,1,DRIVER,,2012463,,KIA,OPTIMA / K5,IL,2007,UNKNOWN,PASSENGER,PERSONAL,S,STRAIGHT AHEAD,Y,,1,,PRIVATE TOW,13643 S. BRAINARD AVE,,,,,,,,,,,,,Y,,FRONT,,,,,,,,,,,,,,,,,,,,,,,,,,,,,,,,,
2111022,f9eef12dadecb26ca3af47823b76544f9b642a38c397c6541ad65da01499e688b7de9f6c3b06b7bb85e0ea38aa22f5bc15f36db76f3e0e0fe10be81fc181fb45,07/21/2025 06:19:00 AM,1,DRIVER,,2012469,,FORD,ESCAPE,IL,2011,UNKNOWN,PASSENGER,PERSONAL,NE,TURNING LEFT,,,1,,,,,Y,,,,,,,,,,,Y,,FRONT-RIGHT-CORNER,,,,,,,,,,,,,,,,,,,,,,,,,,,,,,,,,