CRASH_UNIT_ID,CRASH_RECORD_ID,CRASH_DATE,UNIT_NO,UNIT_TYPE,NUM_PASSENGERS,VEHICLE_ID,CMRC_VEH_I,MAKE,MODEL,LIC_PLATE_STATE,VEHICLE_YEAR,VEHICLE_DEFECT,VEHICLE_TYPE,VEHICLE_USE,TRAVEL_DIRECTION,MANEUVER,TOWED_I,FIRE_I,OCCUPANT_CNT,EXCEED_SPEED_LIMIT_I,TOWED_BY,TOWED_TO,AREA_00_I,AREA_01_I,AREA_02_I,AREA_03_I,AREA_04_I,AREA_05_I,AREA_06_I,AREA_07_I,AREA_08_I,AREA_09_I,AREA_10_I,AREA_11_I,AREA_12_I,AREA_99_I,FIRST_CONTACT_POINT,CMV_ID,USDOT_NO,CCMC_NO,ILCC_NO,COMMERCIAL_SRC,GVWR,CARRIER_NAME,CARRIER_STATE,CARRIER_CITY,HAZMAT_PLACARDS_I,HAZMAT_NAME,UN_NO,HAZMAT_PRESENT_I,HAZMAT_REPORT_I,HAZMAT_REPORT_NO,MCS_REPORT_I,MCS_REPORT_NO,HAZMAT_VIO_CAUSE_CRASH_I,MCS_VIO_CAUSE_CRASH_I,IDOT_PERMIT_NO,WIDE_LOAD_I,TRAILER1_WIDTH,TRAILER2_WIDTH,TRAILER1_LENGTH,TRAILER2_LENGTH,TOTAL_VEHICLE_LENGTH,AXLE_CNT,VEHICLE_CONFIG,CARGO_BODY_TYPE,LOAD_TYPE,HAZMAT_OUT_OF_SERVICE_I,MCS_OUT_OF_SERVICE_I,HAZMAT_CLASS
2111023,f9eef12dadecb26ca3af47823b76544f9b642a38c397c6541ad65da01499e688b7de9f6c3b06b7bb85e0ea38aa22f5bc15f36db76f3e0e0fe10be81fc181fb45,07/21/2025 06:19:00 AM,2,DRIVER,,2012471,,DODGE,CARAVAN,IL,2018,NONE,PASSENGER,PERSONAL,NW,STRAIGHT AHEAD,,,1,,,,,,,,,,,,,,Y,Y,Y,,FRONT-LEFT-CORNER,,,,,,,,,,,,,,,,,,,,,,,,,,,,,,,,,
2111015,32a73b975dd4ab9222af170a0b50add9bd1f2ceedbd45a32986ba13f06b486361ea4cd556506ae1d03d9d0b0ceafe83c589f1391010cee6ae5145851f1e17ff7,07/21/2025 06:15:00 AM,1,DRIVER,,2012465,,FORD,ESCAPE,IL,2013,NONE,PASSENGER,PERSONAL,W,STRAIGHT AHEAD,,,1,,,,,Y,,,,,,,,,,Y,Y,,FRONT,,,,,,,,,,,,,,,,,,,,,,,,,,,,,,,,,
2111016,32a73b975dd4ab9222af170a0b50add9bd1f2ceedbd45a32986ba13f06b486361ea4cd556506ae1d03d9d0b0ceafe83c589f1391010cee6ae5145851f1e17ff7,07/21/2025 06:15:00 AM,2,DRIVER,,2012468,,FORD,FIVE HUNDRED,IL,2007,NONE,PASSENGER,PERSONAL,W,STRAIGHT AHEAD,,,1,,,,,,,,,Y,Y,Y,,,,,,,REAR,,,,,,,,,,,,,,,,,,,,,,,,,,,,,,,,,
2118790,3f74c6ca24beb8389e89a7a0b33064c5e8a87f31069f9ac92c63525ffe27140110764d733b440e10f38f012384b56fddd9f1a67ef50dfd083f74765d31d15973,07/21/2025 06:00:00 AM,2,NON-MOTOR VEHICLE,,,,,,,,,,,,,,,,,,,,,,,,,,,,,,,,,,,,,,,,,,,,,,,,,,,,,,,,,,,,,,,,,,
2118793,3f74c6ca24beb8389e89a7a0b33064c5e8a87f31069f9ac92c63525ffe27140110764d733b440e10f38f012384b56fddd9f1a67ef50dfd083f74765d31d15973,07/21/2025 06:00:00 AM,1,DRIVER,,2019824,,UNKNOWN,OTHER (EXPLAIN IN NARRATIVE),,,UNKNOWN,UNKNOWN/NA,UNKNOWN/NA,W,UNKNOWN/NA,,,1,,,,,,,,,,,,,,,,,Y,UNKNOWN,,,,,,,,,,,,,,,,,,,,,,,,,,,,,,,,,
2111009,4ccfc733e5690f7561860cd428e0fae09456610c28ba17c8bdf64f56e4b42c95e01de9787ca1bdaae21d46c224773ae7698048c159e74d8e9f9e9485c1879e4f,07/21/2025 05:46:00 AM,1,DRIVER,,2012457,,YAMAHA,YAMAHA,IL,2007,NONE,MOPED OR MOTORIZED BICYCLE,PERSONAL,E,STRAIGHT AHEAD,Y,,1,,city,doty,,Y,,,,,,,,,,Y,Y,,FRONT,,,,,,,,,,,,,,,,,,,,,,,,,,,,,,,,,
2111010,4ccfc733e5690f7561860cd428e0fae09456610c28ba17c8bdf64f56e4b42c95e01de9787ca1bdaae21d46c224773ae7698048c159e74d8e9f9e9485c1879e4f,07/21/2025 05:46:00 AM,2,DRIVER,,2012467,,TOYOTA,SIENNA,IL,2019,NONE,VAN/MINI-VAN,PERSONAL,S,STRAIGHT AHEAD,Y,,1,,private,,,Y,Y,Y,,,,,,,,,,,FRONT-RIGHT-CORNER,,,,,,,,,,,,,,,,,,,,,,,,,,,,,,,,,
2111003,ea9c2411a1fe592da24702de54e983c632e39e48ec76f721aeb4eb3293f829355a2948c5de2bcf0fef259ed5293e7116baf0919dd0f6c3d00d1eebcce6feab89,07/21/2025 05:45:00 AM,1,DRIVER,,2012452,,SUBARU,FORESTER,IL,2012,UNKNOWN,PASSENGER,PERSONAL,S,STRAIGHT AHEAD,,,1,,,,,Y,,,,,,,,,,Y,Y,,FRONT,,,,,,,,,,,,,,,,,,,,,,,,,,,,,,,,,
2111004,ea9c2411a1fe592da24702de54e983c632e39e48ec76f721aeb4eb3293f829355a2948c5de2bcf0fef259ed5293e7116baf0919dd0f6c3d00d1eebcce6feab89,07/21/2025 05:45:00 AM,2,DRIVER,,2012454,,INFINITI,FX35,IL,2009,UNKNOWN,PASSENGER,PERSONAL,S,STRAIGHT AHEAD,,,1,,,,,,,,,Y,Y,Y,,,,,,,REAR,,,,,,,,,,,,,,,,,,,,,,,,,,,,,,,,,
2111024,985d329ce07d39d2d0636850ced3318b367efa3aec1143317cfdd24cd467d32806e7c558f094ce205f2c92fe08a0f82533d4950e851c2a4c2fa4d8d3af5153ff,07/21/2025 05:40:00 AM,1,DRIVER,,2012470,,HONDA,CIVIC,XX,2008,UNKNOWN,PASSENGER,PERSONAL,E,STRAIGHT AHEAD,,,1,,,,,Y,,,,,,,,,,Y,Y,,FRONT,,,,,,,,,,,,,,,,,,,,,,,,,,,,,,,,,
2111025,985d329ce07d39d2d0636850ced3318b367efa3aec1143317cfdd24cd467d32806e7c558f094ce205f2c92fe08a0f82533d4950e851c2a4c2fa4d8d3af5153ff,07/21/2025 05:40:00 AM,2,DRIVER,1,2012473,,HYUNDAI,ELANTRA,IL,,UNKNOWN,PASSENGER,PERSONAL,E,SLOW/STOP IN TRAFFIC,,,2,,,,,,,,,Y,Y,Y,,,,,,,REAR,,,,,,,,,,,,,,,,,,,,,,,,,,,,,,,,,
2111541,153519bbbca558f73a95edfd222b3c6467672ceaace8aac1533152da15027b4d116c2e7d7dd23f68c0458cbbf64a79dee164c5bb42e01365eac46e56c96e23e9,07/21/2025 05:30:00 AM,1,DRIVER,,2012935,,UNKNOWN,OTHER (EXPLAIN IN NARRATIVE),,,UNKNOWN,UNKNOWN/NA,UNKNOWN/NA,N,UNKNOWN/NA,,,1,,,,,,,,,,,,,,,,,Y,UNKNOWN,,,,,,,,,,,,,,,,,,,,,,,,,,,,,,,,,
2111542,153519bbbca558f73a95edfd222b3c6467672ceaace8aac1533152da15027b4d116c2e7d7dd23f68c0458cbbf64a79dee164c5bb42e01365eac46e56c96e23e9,07/21/2025 05:30:00 AM,2,PARKED,,2012938,,LEXUS,GX460,IL,2020,NONE,SPORT UTILITY VEHICLE (SUV),PERSONAL,N,PARKED,,,0,,,,,,,,,,,,,,Y,,,,SIDE-RIGHT-FRONT,,,,,,,,,,,,,,,,,,,,,,,,,,,,,,,,,
2111005,e969cea9af17353140098948e9833786a35948d8e781a3a6a8de09d406c7ba4dbcb1768e2706175e8f1ec1472376de98e6ad72d8954389ba3346cf08844880c0,07/21/2025 05:14:00 AM,1,DRIVER,,2012451,,KIA,SELTOS,IL,2021,UNKNOWN,PASSENGER,PERSONAL,W,STRAIGHT AHEAD,Y,,1,,CITY OF CHICAGO,,,,,,,,,Y,Y,Y,Y,,Y,,SIDE-LEFT,,,,,,,,,,,,,,,,,,,,,,,,,,,,,,,,,
2111006,e969cea9af17353140098948e9833786a35948d8e781a3a6a8de09d406c7ba4dbcb1768e2706175e8f1ec1472376de98e6ad72d8954389ba3346cf08844880c0,07/21/2025 05:14:00 AM,2,DRIVER,,2012455,,FORD,TRANSIT,IL,2024,NONE,VAN/MINI-VAN,PERSONAL,N,STRAIGHT AHEAD,,,1,,,,,Y,,,,,,,,,,Y,Y,,FRONT,,,,,,,,,,,,,,,,,,,,,,,,,,,,,,,,,
2110995,ddda6a1ee7e85cbc679abab2bff3d86c2ad760120c97d0c1270a798dc69a55578aba6790382c8735d5b489b098814bad7da5683f737e3b4446d34bba88a3e1c4,07/21/2025 04:27:00 AM,1,DRIVER,,2012440,,HONDA,ACCORD,IL,2010,UNKNOWN,PASSENGER,UNKNOWN/NA,N,PASSING/OVERTAKING,,,1,,,,,,,,,,,,,,,,,Y,SIDE-RIGHT,,,,,,,,,,,,,,,,,,,,,,,,,,,,,,,,,
2110996,ddda6a1ee7e85cbc679abab2bff3d86c2ad760120c97d0c1270a798dc69a55578aba6790382c8735d5b489b098814bad7da5683f737e3b4446d34bba88a3e1c4,07/21/2025 04:27:00 AM,2,DRIVER,1,2012442,,JEEP,CHEROKEE,IL,2000,NONE,SPORT UTILITY VEHICLE (SUV),PERSONAL,N,STRAIGHT AHEAD,Y,,2,,PRIVATE,,,,,,,,Y,Y,Y,Y,Y,Y,Y,,SIDE-LEFT,,,,,,,,,,,,,,,,,,,,,,,,,,,,,,,,,
2111038,01ce099757dcb4902931bdabd0751160922f78f8f68cdafe077fe7c170423d66e29d17c95b522d404518d0f7e4589b56b4daba46b5ba284e30dc000bd232421c,07/21/2025 04:25:00 AM,1,DRIVER,,2012545,,FORD,OTHER (EXPLAIN IN NARRATIVE),IL,2020,UNKNOWN,BUS OVER 15 PASS.,COMMERCIAL - SINGLE UNIT,UNKNOWN,UNKNOWN/NA,,,1,,,,,,,,,,,,,,,,,Y,UNKNOWN,,,,,,,,,,,,,,,,,,,,,,,,,,,,,,,,,
2111039,01ce099757dcb4902931bdabd0751160922f78f8f68cdafe077fe7c170423d66e29d17c95b522d404518d0f7e4589b56b4daba46b5ba284e30dc000bd232421c,07/21/2025 04:25:00 AM,2,PARKED,,2012567,,HYUNDAI,SONATA,IL,2012,UNKNOWN,PASSENGER,PERSONAL,UNKNOWN,PARKED,,,0,,,,,Y,,,,,,,,,,,,N,FRONT-RIGHT-CORNER,,,,,,,,,,,,,,,,,,,,,,,,,,,,,,,,,
2110997,794fb36882a35edbaf0a517adc25c0fa87863f5f2fd1fe358e342c3e07d8bc65351fa1348f9d278dfb8667df6999d83669339ebd4aa6a5adbc559cf24fc5d559,07/21/2025 04:00:00 AM,1,DRIVER,,2012441,,FORD,EXPLORER,IL,2020,NONE,SPORT UTILITY VEHICLE (SUV),CONSTRUCTION/MAINTENANCE,W,STRAIGHT AHEAD,,,1,,,,Y,,,,,,,,,,,,,,FRONT-RIGHT-CORNER,,,,,,,,,,,,,,,,,,,,,,,,,,,,,,,,,
2110998,794fb36882a35edbaf0a517adc25c0fa87863f5f2fd1fe358e342c3e07d8bc65351fa1348f9d278dfb8667df6999d83669339ebd4aa6a5adbc559cf24fc5d559,07/21/2025 04:00:00 AM,2,DRIVER,,2012443,,FORD,RANGER,IL,2018,NONE,PICKUP,CONSTRUCTION/MAINTENANCE,N,STRAIGHT AHEAD,,,1,,,,,,,,,,,Y,,,,,,,SIDE-LEFT-REAR,,,,,,,,,,,,,,,,,,,,,,,,,,,,,,,,,
2111042,f12675cafe5652d551ebbfe2f255e33239d6e427a6be05883bb6c6e09a577849e74d4cfb960ca627a865ae09fd8bbd4ad1d9c18a3748f91e19a8382618f16331,07/21/2025 04:00:00 AM,1,DRIVER,,2012484,,UNKNOWN,OTHER (EXPLAIN IN NARRATIVE),,,UNKNOWN,UNKNOWN/NA,UNKNOWN/NA,UNKNOWN,STRAIGHT AHEAD,,,1,,,,,,,,,,,,,,,,,,UNKNOWN,,,,,,,,,,,,,,,,,,,,,,,,,,,,,,,,,
2111043,f12675cafe5652d551ebbfe2f255e33239d6e427a6be05883bb6c6e09a577849e74d4cfb960ca627a865ae09fd8bbd4ad1d9c18a3748f91e19a8382618f16331,07/21/2025 04:00:00 AM,2,PARKED,,2012494,,TOYOTA,COROLLA,IL,2014,NONE,PASSENGER,PERSONAL,N,PARKED,,,0,,,,,,,,,,,,,,,Y,,,FRONT-LEFT-CORNER,,,,,,,,,,,,,,,,,,,,,,,,,,,,,,,,,
2111261,f23c8d934508224e7a67f968d9c4188ccdbff115b352cf8472efa37d9337475dd9f53223b1360bb323f5494b1ed1d65c7232870806c89836c199bec7c9ce3bb7,07/21/2025 04:00:00 AM,1,DRIVER,,2012681,,UNKNOWN,MOTORIZED,IL,,UNKNOWN,PASSENGER,TAXI/FOR HIRE,W,STRAIGHT AHEAD,,,1,,,,,,,,,,,,,,,,,Y,UNKNOWN,,,,,,,,,,,,,,,,,,,,,,,,,,,,,,,,,
2111262,f23c8d934508224e7a67f968d9c4188ccdbff115b352cf8472efa37d9337475dd9f53223b1360bb323f5494b1ed1d65c7232870806c89836c199bec7c9ce3bb7,07/21/2025 04:00:00 AM,2,PARKED,,2012688,,CADILLAC,SRX,IL,2005,UNKNOWN,PASSENGER,NOT IN USE,W,PARKED,,,0,,,,,,,,,,,Y,Y,Y,Y,Y,,,TOTAL (ALL AREAS),,,,,,,,,,,,,,,,,,,,,,,,,,,,,,,,,
2111710,418122e485b4d3b7a0a174bb4b3d13574d3dbfc06be358425b402e0381d9118fe5e50e2fe6264be1737b39cf6e12794047189ad5218724e9b03f7d1bfd0f4e60,07/21/2025 03:53:00 AM,1,DRIVER,,2013121,,CADILLAC,DEVILLE,IL,2004,UNKNOWN,PASSENGER,PERSONAL,UNKNOWN,BACKING,,,1,,,,,,,,,,,,,,,,,Y,REAR,,,,,,,,,,,,,,,,,,,,,,,,,,,,,,,,,
2111725,418122e485b4d3b7a0a174bb4b3d13574d3dbfc06be358425b402e0381d9118fe5e50e2fe6264be1737b39cf6e12794047189ad5218724e9b03f7d1bfd0f4e60,07/21/2025 03:53:00 AM,2,PARKED,,2013128,,HONDA,CR-V,IL,2020,UNKNOWN,PASSENGER,PERSONAL,UNKNOWN,PARKED,,,0,,,,,Y,,,,,,,,,,Y,Y,,FRONT,,,,,,,,,,,,,,,,,,,,,,,,,,,,,,,,,
2110993,c70184e15b041cf4321665eb9cafedd03d77e01a72150a04b0521102743317a3643c6eb03b75bc8dd8a7d3fcedea0486cacd568fd7b713b5720afd094d6b3b71,07/21/2025 03:50:00 AM,1,DRIVER,,2012448,,JEEP,CHEROKEE,IL,2015,UNKNOWN,PASSENGER,PERSONAL,E,TURNING RIGHT,Y,,1,,UNKNOWN,RESIDENCE,,Y,,,,,,,,,,Y,Y,,FRONT,,,,,,,,,,,,,,,,,,,,,,,,,,,,,,,,,
2110994,c70184e15b041cf4321665eb9cafedd03d77e01a72150a04b0521102743317a3643c6eb03b75bc8dd8a7d3fcedea0486cacd568fd7b713b5720afd094d6b3b71,07/21/2025 03:50:00 AM,2,DRIVER,,2012445,,CHEVROLET,MALIBU,MN,2023,UNKNOWN,PASSENGER,PERSONAL,N,STRAIGHT AHEAD,Y,,1,,UNKNOWN,UNKNOWN,,,,,,,,Y,Y,Y,Y,Y,,,OTHER,,,,,,,,,,,,,,,,,,,,,,,,,,,,,,,,,
2110987,bf65aa03c8854e427117eb4d224eec2d73c40e22071d5567a5ffc17400ae51cef791eb206c6b4bd43eb2b1824ff0b6819fae1e76748ccabcc36337c6f1c2e887,07/21/2025 03:10:00 AM,1,DRIVERLESS,1,2012434,,ACURA,ILX,IL,2022,UNKNOWN,PASSENGER,UNKNOWN/NA,W,DRIVING WRONG WAY,Y,,1,,BENSENVILLE POLICE DEPT,UNKNOWN,,,,,,,,,,,,,Y,,FRONT,,,,,,,,,,,,,,,,,,,,,,,,,,,,,,,,,
2110988,bf65aa03c8854e427117eb4d224eec2d73c40e22071d5567a5ffc17400ae51cef791eb206c6b4bd43eb2b1824ff0b6819fae1e76748ccabcc36337c6f1c2e887,07/21/2025 03:10:00 AM,2,PARKED,,2012435,,CHEVROLET,PRIZM,IL,2001,NONE,PASSENGER,NOT IN USE,E,PARKED,,,0,,,,,,,,,,,,,,,,Y,,FRONT,,,,,,,,,,,,,,,,,,,,,,,,,,,,,,,,,
2110985,fe689c04820efbc4cebbd315969c119a347f476d7d149531f7eca29268639d8a586c640778b29cc384c2614f8e073c11dd1d314647fd2955c13597cc96c5a046,07/21/2025 02:15:00 AM,1,DRIVER,2,2012433,,MAZDA,CX-5,IL,2025,NONE,SPORT UTILITY VEHICLE (SUV),OTHER,N,CHANGING LANES,,,3,,,,,Y,,,,,,,,,,,,,FRONT-RIGHT-CORNER,,,,,,,,,,,,,,,,,,,,,,,,,,,,,,,,,
2110986,fe689c04820efbc4cebbd315969c119a347f476d7d149531f7eca29268639d8a586c640778b29cc384c2614f8e073c11dd1d314647fd2955c13597cc96c5a046,07/21/2025 02:15:00 AM,2,DRIVER,1,2012432,,DODGE,DURANGO,IL,2014,NONE,SPORT UTILITY VEHICLE (SUV),PERSONAL,N,STRAIGHT AHEAD,,,2,,,,,,,,,,,N,Y,Y,Y,Y,,,SIDE-LEFT,,,,,,,,,,,,,,,,,,,,,,,,,,,,,,,,,
2110980,2a9ea5163b83bed161e014bb665bb83de7bad2a20d8c8bc16b46d32bd63e55b2b0667274c3e15bb3b26a8662e56a2e5b827a1d3740459d811aba7ba5b0141f1b,07/21/2025 01:52:00 AM,1,DRIVER,,2012428,,CHEVROLET,MALIBU,IL,2016,UNKNOWN,PASSENGER,PERSONAL,E,AVOIDING VEHICLES/OBJECTS,Y,,1,,,,,,,,,,,,,,,,Y,,FRONT,,,,,,,,,,,,,,,,,,,,,,,,,,,,,,,,,
2110981,2a9ea5163b83bed161e014bb665bb83de7bad2a20d8c8bc16b46d32bd63e55b2b0667274c3e15bb3b26a8662e56a2e5b827a1d3740459d811aba7ba5b0141f1b,07/21/2025 01:52:00 AM,2,PARKED,,2012429,,JEEP,COMPASS,IL,2020,UNKNOWN,PASSENGER,PERSONAL,UNKNOWN,PARKED,,,0,,,,,,,,,,Y,,,,,,,,REAR,,,,,,,,,,,,,,,,,,,,,,,,,,,,,,,,,
2110991,cb9db37da863bd1b3da4b8fb1a73d81c12fe52a10bee629e9ff05e8f69b6f819c3a12b90403d38fbce6028d6b3ddbac7058ea543df99fae202d407c64030b4ab,07/21/2025 01:32:00 AM,1,DRIVER,,2012439,,TOYOTA,CAMRY,IL,2021,NONE,PASSENGER,PERSONAL,N,STRAIGHT AHEAD,Y,,1,,PRIVATE TOW,,,Y,,,,,,,Y,Y,Y,Y,Y,,FRONT,,,,,,,,,,,,,,,,,,,,,,,,,,,,,,,,,
2110992,cb9db37da863bd1b3da4b8fb1a73d81c12fe52a10bee629e9ff05e8f69b6f819c3a12b90403d38fbce6028d6b3ddbac7058ea543df99fae202d407c64030b4ab,07/21/2025 01:32:00 AM,2,DRIVER,,2012444,,LINCOLN,MKX,IL,2016,NONE,PASSENGER,PERSONAL,W,STRAIGHT AHEAD,Y,,1,,E AND R,,,Y,Y,Y,,,,Y,Y,Y,,,Y,,SIDE-LEFT,,,,,,,,,,,,,,,,,,,,,,,,,,,,,,,,,
2110975,32b03d46aa787dcbc56c40f057e3d77a1313e69d847885ab88845181bc9d1ec48d77091c76d454cc929f2e5b31be36629e25c4e1b8fbcea594b6bedc42f96936,07/21/2025 01:20:00 AM,1,DRIVER,,2012426,,UNKNOWN,OTHER (EXPLAIN IN NARRATIVE),IL,,UNKNOWN,PASSENGER,PERSONAL,S,STRAIGHT AHEAD,,,1,,,,,,,,,,,,,,,,Y,,FRONT,,,,,,,,,,,,,,,,,,,,,,,,,,,,,,,,,
2110976,32b03d46aa787dcbc56c40f057e3d77a1313e69d847885ab88845181bc9d1ec48d77091c76d454cc929f2e5b31be36629e25c4e1b8fbcea594b6bedc42f96936,07/21/2025 01:20:00 AM,2,DRIVER,,2012423,,CHEVROLET,IMPALA,IL,2013,NONE,PASSENGER,PERSONAL,N,STRAIGHT AHEAD,,,1,,,,,,,,,,Y,,,,,,,,REAR,,,,,,,,,,,,,,,,,,,,,,,,,,,,,,,,,
2111007,a3fabfebabe153f5228642896b33c6b598f182866724fc279c568222d44bd421d9d82bd9f759010692f509481031256ea0096237ca04642f3eb1f305557986ab,07/21/2025 01:17:00 AM,1,DRIVER,,2012453,,NISSAN,ALTIMA,IL,2016,UNKNOWN,PASSENGER,PERSONAL,S,STRAIGHT AHEAD,,,1,,,,,Y,,,,,,,,,,Y,Y,,FRONT,,,,,,,,,,,,,,,,,,,,,,,,,,,,,,,,,
2111008,a3fabfebabe153f5228642896b33c6b598f182866724fc279c568222d44bd421d9d82bd9f759010692f509481031256ea0096237ca04642f3eb1f305557986ab,07/21/2025 01:17:00 AM,2,DRIVER,,2012456,,FORD,F150,IL,2018,NONE,PICKUP,PERSONAL,S,STRAIGHT AHEAD,,,1,,,,,,,,,Y,Y,Y,,,,,,,REAR,,,,,,,,,,,,,,,,,,,,,,,,,,,,,,,,,
2110977,64771fc254fd84a3a6eb93c2bdf473a77661f4ef0ee84cbfb76ecd7e330f649498df841a63b780b8f7c5dbfe74b230a2991ca42ac08440f537c26074b3b6fd34,07/21/2025 01:10:00 AM,1,DRIVER,,2012424,,ISUZU,TRUCK,IL,2015,UNKNOWN,TRACTOR W/O SEMI-TRAILER,UNKNOWN/NA,UNKNOWN,BACKING,,,1,,,,,,,,,,Y,Y,Y,Y,Y,,,,SIDE-LEFT-REAR,,,,,,,,,,,,,,,,,,,,,,,,,,,,,,,,,
2110967,e901c6f4c0310fbc4aad1515a9f45fa5ad265179427a31c6eae523df66439c47aa3b099468cea701c546df6c8dd66f47c170d76c500f4ed544e9244f428a8df7,07/21/2025 12:55:00 AM,1,DRIVER,,2012412,,VOLKSWAGEN,ATLAS,IL,2019,NONE,SPORT UTILITY VEHICLE (SUV),PERSONAL,N,STRAIGHT AHEAD,,,1,,,,,,,,,,,,,,,Y,,,FRONT-LEFT-CORNER,,,,,,,,,,,,,,,,,,,,,,,,,,,,,,,,,
2110968,e901c6f4c0310fbc4aad1515a9f45fa5ad265179427a31c6eae523df66439c47aa3b099468cea701c546df6c8dd66f47c170d76c500f4ed544e9244f428a8df7,07/21/2025 12:55:00 AM,2,DRIVER,,2012414,,TOYOTA,PRIUS,IL,2011,NONE,PASSENGER,PERSONAL,N,STRAIGHT AHEAD,,,1,,,,,,,,,Y,,,,,,,,,REAR-RIGHT-CORNER,,,,,,,,,,,,,,,,,,,,,,,,,,,,,,,,,
2110982,74a292d3056e3749700ee6809d704f8ca23c63720b0ac8c7fceff941a3c8eb960ca1b761202d030892f6202c03439a0fd15fa5d17a86d9782c6e248f34386a59,07/21/2025 12:42:00 AM,1,DRIVER,,2012436,,DODGE,GRAND CARAVAN,IL,2010,NONE,PASSENGER,PERSONAL,W,STRAIGHT AHEAD,Y,,1,,city of chiicago,doty,,Y,Y,,,,,,,,Y,Y,Y,,FRONT,,,,,,,,,,,,,,,,,,,,,,,,,,,,,,,,,
2110965,006217a4c7a0c0f2e8c38d7d587353b9707f8bcaa9e2160504ae0f1eca0e96cbb316f08556e738f70e0aa2210f65ca09e5d9636a606d57b879c1f73fb1e6672d,07/21/2025 12:28:00 AM,1,DRIVER,,2012411,,FORD,F150 XLT,NY,2024,STEERING,PICKUP,PERSONAL,S,STRAIGHT AHEAD,Y,,1,,PERSONAL,PERSONAL,,,,,,,,Y,,Y,Y,Y,Y,,FRONT-LEFT-CORNER,,,,,,,,,,,,,,,,,,,,,,,,,,,,,,,,,
2110969,078afce0e4bc972a975a2ce5bad3aff3ba70e06e5edac3dfab999e79474b7c47aaac035cd5743e80ddb8742342e9265190a4065b229a0a35a0c479a07f623dd1,07/21/2025 12:25:00 AM,1,DRIVER,,2012416,,FORD,F150,IL,2010,NONE,PICKUP,PERSONAL,S,STRAIGHT AHEAD,,,1,,,,,Y,Y,Y,,,,,,,,,Y,,FRONT-RIGHT-CORNER,,,,,,,,,,,,,,,,,,,,,,,,,,,,,,,,,
2110970,078afce0e4bc972a975a2ce5bad3aff3ba70e06e5edac3dfab999e79474b7c47aaac035cd5743e80ddb8742342e9265190a4065b229a0a35a0c479a07f623dd1,07/21/2025 12:25:00 AM,2,PARKED,,2012419,,FORD,EDGE,IL,2012,NONE,PASSENGER,PERSONAL,S,PARKED,,,0,,,,,,,,,,,,Y,Y,Y,Y,,,SIDE-LEFT,,,,,,,,,,,,,,,,,,,,,,,,,,,,,,,,,
2111156,90d7559c3afdb7f87ac528761bc4e8994e6aca6c112e6af18c0cc89a166d19e45fc35faf34859c63aac963acc4179094ad9450d1608f9f3214ea6016eee1f823,07/21/2025 12:20:00 AM,1,DRIVER,3,2012587,,TOYOTA,COROLLA,IL,2022,NONE,PASSENGER,PERSONAL,S,MERGING,,,4,,,,,,,,,,,,,Y,,,,,SIDE-LEFT,,,,,,,,,,,,,,,,,,,,,,,,,,,,,,,,,
2111157,90d7559c3afdb7f87ac528761bc4e8994e6aca6c112e6af18c0cc89a166d19e45fc35faf34859c63aac963acc4179094ad9450d1608f9f3214ea6016eee1f823,07/21/2025 12:20:00 AM,2,DRIVER,,2012596,,BUICK,ENCLAVE,IL,2020,NONE,PASSENGER,PERSONAL,S,STRAIGHT AHEAD,,,1,,,,,,,,Y,,,,,,,,,,OTHER,,,,,,,,,,,,,,,,,,,,,,,,,,,,,,,,,
2110966,761f81376731b367bd1c269cc0a7ee1ce07a58f72bb123965374a6b6aba82f11255c0ac8bbc965d717b7f0b9ae419ee42d2d2c5959a63cd3d13b3e850f85386c,07/21/2025 12:10:00 AM,1,DRIVER,,2012420,,FORD,ESCAPE,IL,2019,BRAKES,PASSENGER,PERSONAL,S,STRAIGHT AHEAD,Y,,1,,AAA,HOME,,Y,Y,Y,,,,,,Y,Y,Y,Y,,FRONT-RIGHT-CORNER,,,,,,,,,,,,,,,,,,,,,,,,,,,,,,,,,
2111001,d148469a64e684f8a3cd7b4ca7d58933caffd5d4f48afe720b2d18e05e09a24a0b5aacb254c8171f13eaba6f27df4883b88ecf88fe0989e970b431d19371c535,07/21/2025 12:10:00 AM,1,DRIVER,,2012447,,UNKNOWN,MOTORIZED,,,UNKNOWN,UNKNOWN/NA,UNKNOWN/NA,E,STRAIGHT AHEAD,,,1,,,,,,,,,,,,,,,,,Y,UNKNOWN,,,,,,,,,,,,,,,,,,,,,,,,,,,,,,,,,
2111002,d148469a64e684f8a3cd7b4ca7d58933caffd5d4f48afe720b2d18e05e09a24a0b5aacb254c8171f13eaba6f27df4883b88ecf88fe0989e970b431d19371c535,07/21/2025 12:10:00 AM,2,DRIVER,,2012449,,JEEP,CHEROKEE,IL,2014,UNKNOWN,SPORT UTILITY VEHICLE (SUV),PERSONAL,E,TURNING RIGHT,Y,,1,,City of Chicago,400 E Lower Wacker,,Y,,,,,,,,,,Y,Y,,FRONT,,,,,,,,,,,,,,,,,,,,,,,,,,,,,,,,,
2119705,834641a7da09f4929dd25884acab07a08d165e5ca0c74d9ecb1146d3aed7d1fdb1f2af3b73bd600366147d391aa317242d475a0ed2795fc8c08e2745cba27256,07/21/2025 12:00:00 AM,1,DRIVER,,2020705,,FORD,EXPLORER,IL,2023,NONE,PASSENGER,POLICE,UNKNOWN,STRAIGHT AHEAD,,,1,,,,,Y,Y,,,,,,,,,N,,,FRONT-RIGHT-CORNER,,,,,,,,,,,,,,,,,,,,,,,,,,,,,,,,,