CRASH_UNIT_ID,CRASH_RECORD_ID,CRASH_DATE,UNIT_NO,UNIT_TYPE,NUM_PASSENGERS,VEHICLE_ID,CMRC_VEH_I,MAKE,MODEL,LIC_PLATE_STATE,VEHICLE_YEAR,VEHICLE_DEFECT,VEHICLE_TYPE,VEHICLE_USE,TRAVEL_DIRECTION,MANEUVER,TOWED_I,FIRE_I,OCCUPANT_CNT,EXCEED_SPEED_LIMIT_I,TOWED_BY,TOWED_TO,AREA_00_I,AREA_01_I,AREA_02_I,AREA_03_I,AREA_04_I,AREA_05_I,AREA_06_I,AREA_07_I,AREA_08_I,AREA_09_I,AREA_10_I,AREA_11_I,AREA_12_I,AREA_99_I,FIRST_CONTACT_POINT,CMV_ID,USDOT_NO,CCMC_NO,ILCC_NO,COMMERCIAL_SRC,GVWR,CARRIER_NAME,CARRIER_STATE,CARRIER_CITY,HAZMAT_PLACARDS_I,HAZMAT_NAME,UN_NO,HAZMAT_PRESENT_I,HAZMAT_REPORT_I,HAZMAT_REPORT_NO,MCS_REPORT_I,MCS_REPORT_NO,HAZMAT_VIO_CAUSE_CRASH_I,MCS_VIO_CAUSE_CRASH_I,IDOT_PERMIT_NO,WIDE_LOAD_I,TRAILER1_WIDTH,TRAILER2_WIDTH,TRAILER1_LENGTH,TRAILER2_LENGTH,TOTAL_VEHICLE_LENGTH,AXLE_CNT,VEHICLE_CONFIG,CARGO_BODY_TYPE,LOAD_TYPE,HAZMAT_OUT_OF_SERVICE_I,MCS_OUT_OF_SERVICE_I,HAZMAT_CLASS
2111249,8f96df80ab875746aaf13b0771d0521618b17a3e340ec76becbab449966a7cf19d484a060d05f50e49a3b53e266bc7d847e1563ef3a28e32f8f6f31ec7757054,07/21/2025 12:00:00 AM,1,DRIVER,,2012668,,UNKNOWN,OTHER (EXPLAIN IN NARRATIVE),,,UNKNOWN,UNKNOWN/NA,UNKNOWN/NA,UNKNOWN,UNKNOWN/NA,,,1,,,,,,,,,,,,,,,,,Y,UNKNOWN,,,,,,,,,,,,,,,,,,,,,,,,,,,,,,,,,
2111250,8f96df80ab875746aaf13b0771d0521618b17a3e340ec76becbab449966a7cf19d484a060d05f50e49a3b53e266bc7d847e1563ef3a28e32f8f6f31ec7757054,07/21/2025 12:00:00 AM,2,PARKED,,2012675,,TOYOTA,CAMRY,IL,2023,UNKNOWN,PASSENGER,PERSONAL,S,PARKED,,,0,,,,,Y,Y,Y,,,,,,,,,,,SIDE-RIGHT,,,,,,,,,,,,,,,,,,,,,,,,,,,,,,,,,
2110953,63692f4b787d2b164f19e46ed22679d69b7ccb832ae2f81285ce112fa5827c795d3ba14c088dbb3f6ece46df74ed1be104ae88eb2e2efae79118943acb484efd,07/20/2025 11:29:00 PM,1,DRIVER,,2012403,,JEEP,WRANGLER,IL,2023,NONE,PASSENGER,PERSONAL,W,STRAIGHT AHEAD,,,1,,,,,Y,,,,,,,,,,Y,Y,,FRONT,,,,,,,,,,,,,,,,,,,,,,,,,,,,,,,,,
2110954,63692f4b787d2b164f19e46ed22679d69b7ccb832ae2f81285ce112fa5827c795d3ba14c088dbb3f6ece46df74ed1be104ae88eb2e2efae79118943acb484efd,07/20/2025 11:29:00 PM,2,DRIVER,1,2012405,,VOLKSWAGEN,ATLAS,IL,2021,NONE,PASSENGER,PERSONAL,W,STRAIGHT AHEAD,,,2,,,,,,,,,Y,Y,Y,,,,,,,REAR,,,,,,,,,,,,,,,,,,,,,,,,,,,,,,,,,
2110983,5c5339f5d2061b89cf50172a25ac5aed3b10aa4cf168a60d9284bb2586c1ea8e254114a8fd57560b0ca50c1d92e2cc6bd6e6ee0754a96b1a5a3a9bab84a5e142,07/20/2025 11:25:00 PM,1,DRIVER,,2012430,,UNKNOWN,OTHER (EXPLAIN IN NARRATIVE),IL,,TIRES,PASSENGER,UNKNOWN/NA,N,STRAIGHT AHEAD,,,1,,,,,Y,Y,Y,Y,Y,,,,,,,Y,,FRONT-RIGHT-CORNER,,,,,,,,,,,,,,,,,,,,,,,,,,,,,,,,,
2110984,5c5339f5d2061b89cf50172a25ac5aed3b10aa4cf168a60d9284bb2586c1ea8e254114a8fd57560b0ca50c1d92e2cc6bd6e6ee0754a96b1a5a3a9bab84a5e142,07/20/2025 11:25:00 PM,2,DRIVER,,2012431,,NOVA BUS,LFS,IL,,UNKNOWN,BUS OVER 15 PASS.,CTA,N,STRAIGHT AHEAD,,,1,,,,,,,,,,,,,,,,,,SIDE-LEFT,,,,,,,,,,,,,,,,,,,,,,,,,,,,,,,,,
2110951,ae1e16755291623e3df01e36a0ad5cb99fdc35eaba41a2b8b3975d816e8a23bfb96d889c3f3fff2d81cc6fed7805ab343ddc0bcce1f4af74abc3153f30830729,07/20/2025 11:10:00 PM,1,DRIVER,,2012400,,BUICK,LACROSSE,IL,2014,UNKNOWN,PASSENGER,PERSONAL,E,TURNING LEFT,,,1,,,,,,,,,,,Y,Y,Y,Y,,,,SIDE-LEFT-REAR,,,,,,,,,,,,,,,,,,,,,,,,,,,,,,,,,
2110952,ae1e16755291623e3df01e36a0ad5cb99fdc35eaba41a2b8b3975d816e8a23bfb96d889c3f3fff2d81cc6fed7805ab343ddc0bcce1f4af74abc3153f30830729,07/20/2025 11:10:00 PM,2,DRIVER,1,2012402,,NISSAN,VERSA,IL,2020,UNKNOWN,PASSENGER,PERSONAL,S,STRAIGHT AHEAD,Y,,2,,INSURANCE,,,Y,,,,,,,,,,Y,Y,,FRONT,,,,,,,,,,,,,,,,,,,,,,,,,,,,,,,,,
2110959,861b2ffa8622a0623dc204f374463117245903de435a940777435b4ed6881318ddcd5774b67d440e95f32de3d663d3ed4968d4737a34616d03c529e7b842a082,07/20/2025 11:09:00 PM,1,DRIVER,,2012407,,UNKNOWN,OTHER (EXPLAIN IN NARRATIVE),,,NONE,PASSENGER,UNKNOWN/NA,NW,STRAIGHT AHEAD,,,1,,,,,,,,,,,,,,,,,Y,UNKNOWN,,,,,,,,,,,,,,,,,,,,,,,,,,,,,,,,,
2110960,861b2ffa8622a0623dc204f374463117245903de435a940777435b4ed6881318ddcd5774b67d440e95f32de3d663d3ed4968d4737a34616d03c529e7b842a082,07/20/2025 11:09:00 PM,2,PARKED,,2012408,,VOLKSWAGEN,OTHER (EXPLAIN IN NARRATIVE),IL,2023,NONE,PASSENGER,PERSONAL,W,PARKED,,,0,,,,,,,,,,,,,Y,Y,Y,,,FRONT-LEFT-CORNER,,,,,,,,,,,,,,,,,,,,,,,,,,,,,,,,,
2111068,bc367b2bde884cadaeaa8d18faa9d01e641639ced0fccec5d082023cb545c5559ba0b9c05a0f242e90117465193027e14c0ce6e7e81335023527bd5659d6ddf0,07/20/2025 11:07:00 PM,1,DRIVER,3,2012505,,CHEVROLET,TAHOE,IL,2022,NONE,SPORT UTILITY VEHICLE (SUV),UNKNOWN/NA,SE,CHANGING LANES,,,4,,,,,Y,Y,Y,Y,Y,,,,,,,,,FRONT-RIGHT-CORNER,,,,,,,,,,,,,,,,,,,,,,,,,,,,,,,,,
2111069,bc367b2bde884cadaeaa8d18faa9d01e641639ced0fccec5d082023cb545c5559ba0b9c05a0f242e90117465193027e14c0ce6e7e81335023527bd5659d6ddf0,07/20/2025 11:07:00 PM,2,DRIVER,,2012506,,LEXUS,HS250H,IL,2010,NONE,PASSENGER,PERSONAL,E,STRAIGHT AHEAD,,,1,,,,,,,,,,,Y,Y,Y,Y,,,,SIDE-LEFT,,,,,,,,,,,,,,,,,,,,,,,,,,,,,,,,,
2111572,1fda9a12b35f09c244c89b008f757ef71930812376f586ff3b1a9f844e15202a9f0360ef80f316cb35bbbda20a9108fc7e212cc1c505aba8eaa244c7f221b8b7,07/20/2025 11:00:00 PM,1,DRIVER,,2012977,,CADILLAC,XTS,IL,2016,NONE,PASSENGER,PERSONAL,N,SKIDDING/CONTROL LOSS,Y,,1,,RELENTLESS AUTOMOTIVE RECOVERY,9637 S EWING AVE,,Y,,,,,,,,,,Y,Y,,REAR-RIGHT-CORNER,,,,,,,,,,,,,,,,,,,,,,,,,,,,,,,,,
2112724,8d775679248669407d109f2a671bfcaff94686d4275b391f1cbd40b71fb34c646c9e1e8677e2d240a8c1d887c55d2515eef2f7d92aed17b1e0f1ba69baa19a54,07/20/2025 11:00:00 PM,1,DRIVER,,2014079,,NISSAN,ROGUE,AL,2025,UNKNOWN,PASSENGER,PERSONAL,W,STRAIGHT AHEAD,,,1,,,,,,,,,,,,,,,,N,Y,UNKNOWN,,,,,,,,,,,,,,,,,,,,,,,,,,,,,,,,,
2112725,8d775679248669407d109f2a671bfcaff94686d4275b391f1cbd40b71fb34c646c9e1e8677e2d240a8c1d887c55d2515eef2f7d92aed17b1e0f1ba69baa19a54,07/20/2025 11:00:00 PM,2,DRIVER,,2014080,,TESLA,MODEL Y,IL,2023,NONE,PASSENGER,PERSONAL,W,STRAIGHT AHEAD,,,1,,,,,,,,,,Y,,,,,,,,REAR,,,,,,,,,,,,,,,,,,,,,,,,,,,,,,,,,
2110949,4b258b6a1051f72010a9ae53b39f3a43bf9c16e5ebb0109a5865610ab770970f5f0ff735206d2125b4f9a845b66a19a1b9966021be885a07f39929ba257aabcf,07/20/2025 10:51:00 PM,1,DRIVER,,2012399,,CHEVROLET,TRUCK,IL,2001,UNKNOWN,SPORT UTILITY VEHICLE (SUV),UNKNOWN/NA,E,STRAIGHT AHEAD,,,1,,,,,,,,,,,,,,,,,Y,FRONT,,,,,,,,,,,,,,,,,,,,,,,,,,,,,,,,,
2110950,4b258b6a1051f72010a9ae53b39f3a43bf9c16e5ebb0109a5865610ab770970f5f0ff735206d2125b4f9a845b66a19a1b9966021be885a07f39929ba257aabcf,07/20/2025 10:51:00 PM,2,DRIVER,1,2012401,,NISSAN,SENTRA,IL,2021,NONE,PASSENGER,UNKNOWN/NA,E,STRAIGHT AHEAD,,,2,,,,,,,,,Y,Y,,,,,,,,REAR,,,,,,,,,,,,,,,,,,,,,,,,,,,,,,,,,
2110947,6cfa0b1af62fe6068712a49f782194d9e5ee6254636a4147b51418b09b145b280df416d18c2e161ee3e0fea01ceb80be184cf90c0141582785e4eb77a36c78f2,07/20/2025 10:50:00 PM,1,DRIVER,,2012397,,NEW FLYER,OTHER (EXPLAIN IN NARRATIVE),IL,2008,NONE,BUS OVER 15 PASS.,CTA,NE,TURNING RIGHT,,,1,,,,,,,,Y,,,,,,,,,,SIDE-RIGHT,,,,,,,,,,,,,,,,,,,,,,,,,,,,,,,,,
2110948,6cfa0b1af62fe6068712a49f782194d9e5ee6254636a4147b51418b09b145b280df416d18c2e161ee3e0fea01ceb80be184cf90c0141582785e4eb77a36c78f2,07/20/2025 10:50:00 PM,2,PARKED,,2012398,,BMW,740I,IL,2024,NONE,PASSENGER,PERSONAL,E,PARKED,,,0,,,,,,,,,,,Y,,,,,,,REAR-LEFT-CORNER,,,,,,,,,,,,,,,,,,,,,,,,,,,,,,,,,
2110972,9e18cb3f205bad2fcc6dc6a0abaecf9be02152705c9134cc57767052965597235d49fd74a4fb9417e2a7a5051bcdc49e0b16d8c57a68eaf2bedd7dea0e96534c,07/20/2025 10:35:00 PM,1,DRIVER,,2012421,,JEEP,RENEGADE,IL,,UNKNOWN,SPORT UTILITY VEHICLE (SUV),UNKNOWN/NA,E,TURNING RIGHT,,,1,,,,,,,,,,,,,,,,,Y,FRONT,,,,,,,,,,,,,,,,,,,,,,,,,,,,,,,,,
2110973,9e18cb3f205bad2fcc6dc6a0abaecf9be02152705c9134cc57767052965597235d49fd74a4fb9417e2a7a5051bcdc49e0b16d8c57a68eaf2bedd7dea0e96534c,07/20/2025 10:35:00 PM,2,DRIVER,,2012422,,TOYOTA,CAMRY,IL,2025,UNKNOWN,PASSENGER,UNKNOWN/NA,E,TURNING RIGHT,,,1,,,,,,,,,,Y,Y,,,,,,,REAR,,,,,,,,,,,,,,,,,,,,,,,,,,,,,,,,,
2110939,e685b9632213b298570617e346f7f3b8af1fede547c9e4b5519b637b3fbc4d16ddc711f637d63a4a9965007bbf82c15a1db5132e06902b5afcc6a1f750adb8cb,07/20/2025 10:10:00 PM,1,DRIVER,,2012390,,TOYOTA,CAMRY,IL,2014,NONE,PASSENGER,PERSONAL,S,STRAIGHT AHEAD,,,1,,,,,Y,,,,,,,,,,,Y,,FRONT-RIGHT-CORNER,,,,,,,,,,,,,,,,,,,,,,,,,,,,,,,,,
2110940,e685b9632213b298570617e346f7f3b8af1fede547c9e4b5519b637b3fbc4d16ddc711f637d63a4a9965007bbf82c15a1db5132e06902b5afcc6a1f750adb8cb,07/20/2025 10:10:00 PM,2,DRIVER,2,2012394,,RANGE ROVER OF NORTH AMERICA,RANGE ROVER OF NORTH AMERICA,IL,2012,NONE,SPORT UTILITY VEHICLE (SUV),PERSONAL,E,TURNING LEFT,,,3,,,,,,,,,,,,,,,Y,Y,,FRONT-RIGHT-CORNER,,,,,,,,,,,,,,,,,,,,,,,,,,,,,,,,,
2110941,5eb5a5cb57b741ea51f2d316ed404de3a12fc355722a2fc3d7da9585ae698759bc24396b3b6c50fabd94a21e45368d668fe713246f7656320787eff16566a766,07/20/2025 09:58:00 PM,1,DRIVER,,2012389,,CHEVROLET,MALIBU,,,UNKNOWN,PASSENGER,UNKNOWN/NA,N,STRAIGHT AHEAD,,,1,,,,,,,,,,,,,,,,Y,,FRONT,,,,,,,,,,,,,,,,,,,,,,,,,,,,,,,,,
2110942,5eb5a5cb57b741ea51f2d316ed404de3a12fc355722a2fc3d7da9585ae698759bc24396b3b6c50fabd94a21e45368d668fe713246f7656320787eff16566a766,07/20/2025 09:58:00 PM,2,DRIVER,,2012396,,TOYOTA,COROLLA,IL,2024,UNKNOWN,PASSENGER,RIDESHARE SERVICE,N,STRAIGHT AHEAD,,,1,,,,,,,,,,Y,Y,,,,,,,REAR,,,,,,,,,,,,,,,,,,,,,,,,,,,,,,,,,
2114859,fb7e3c814fc19ba7e5847b1623b542a88d2fa08e75be864acb6ebed7e4fa35046fb177250a3c53db878a36542c0201868cdc39b0d661c210d03018d9f203a1a5,07/20/2025 09:52:00 PM,1,DRIVER,2,2016107,,HONDA,PILOT,IL,2004,UNKNOWN,SPORT UTILITY VEHICLE (SUV),PERSONAL,E,STRAIGHT AHEAD,Y,,3,,City tow,,,Y,Y,,,,,,,,,Y,Y,,FRONT-RIGHT-CORNER,,,,,,,,,,,,,,,,,,,,,,,,,,,,,,,,,
2110921,11969b8d61caec4776b651d6a7f52b5ff93e2f0be67748aa6f0a289590a46c7bb165585b32f256d16ac7ae9b621ec68479dac9464551625c61990eb4efde5a0e,07/20/2025 09:47:00 PM,1,DRIVER,,2012369,,UNKNOWN,OTHER (EXPLAIN IN NARRATIVE),IL,,UNKNOWN,BUS UP TO 15 PASS.,UNKNOWN/NA,UNKNOWN,TURNING LEFT,,,1,,,,,,,,,,,,,,,,,Y,UNKNOWN,,,,,,,,,,,,,,,,,,,,,,,,,,,,,,,,,
2110922,11969b8d61caec4776b651d6a7f52b5ff93e2f0be67748aa6f0a289590a46c7bb165585b32f256d16ac7ae9b621ec68479dac9464551625c61990eb4efde5a0e,07/20/2025 09:47:00 PM,2,DRIVER,,2012370,,TOYOTA,SIENNA,IL,2003,NONE,PASSENGER,PERSONAL,W,STRAIGHT AHEAD,,,1,,,,Y,,,,,,,,,,,,,,OTHER,,,,,,,,,,,,,,,,,,,,,,,,,,,,,,,,,
2110929,7a016e4f63913eac85b97eaab7ccaa278fe60f54f223d90b54e83c396d20ebc93b091b309745489fb7c5e4d800aea2da3616e187e7c10ae94baeccd4bcb731b1,07/20/2025 09:47:00 PM,1,DRIVER,,2012377,,UNKNOWN,OTHER (EXPLAIN IN NARRATIVE),IL,,UNKNOWN,UNKNOWN/NA,UNKNOWN/NA,E,UNKNOWN/NA,,,1,,,,,,,,,,,,,,,,,Y,FRONT,,,,,,,,,,,,,,,,,,,,,,,,,,,,,,,,,
2110930,7a016e4f63913eac85b97eaab7ccaa278fe60f54f223d90b54e83c396d20ebc93b091b309745489fb7c5e4d800aea2da3616e187e7c10ae94baeccd4bcb731b1,07/20/2025 09:47:00 PM,2,DRIVER,,2012380,,KIA,SOUL,IL,2015,UNKNOWN,PASSENGER,PERSONAL,E,UNKNOWN/NA,,,1,,,,,Y,,,,Y,Y,Y,,,,Y,Y,,REAR,,,,,,,,,,,,,,,,,,,,,,,,,,,,,,,,,
2110931,7a016e4f63913eac85b97eaab7ccaa278fe60f54f223d90b54e83c396d20ebc93b091b309745489fb7c5e4d800aea2da3616e187e7c10ae94baeccd4bcb731b1,07/20/2025 09:47:00 PM,3,DRIVER,,2012382,,KIA,SOUL,IL,2016,UNKNOWN,PASSENGER,PERSONAL,E,UNKNOWN/NA,,,1,,,,,Y,,,,Y,Y,Y,,,,Y,Y,,REAR,,,,,,,,,,,,,,,,,,,,,,,,,,,,,,,,,
2110932,7a016e4f63913eac85b97eaab7ccaa278fe60f54f223d90b54e83c396d20ebc93b091b309745489fb7c5e4d800aea2da3616e187e7c10ae94baeccd4bcb731b1,07/20/2025 09:47:00 PM,4,DRIVER,1,2012383,,JEEP,GRAND CHEROKEE,IL,2014,UNKNOWN,PASSENGER,PERSONAL,E,UNKNOWN/NA,,,2,,,,,Y,,,,Y,Y,Y,,,,Y,Y,,REAR,,,,,,,,,,,,,,,,,,,,,,,,,,,,,,,,,
2110933,7a016e4f63913eac85b97eaab7ccaa278fe60f54f223d90b54e83c396d20ebc93b091b309745489fb7c5e4d800aea2da3616e187e7c10ae94baeccd4bcb731b1,07/20/2025 09:47:00 PM,5,DRIVER,2,2012385,,NISSAN,SENTRA,IL,2017,UNKNOWN,PASSENGER,PERSONAL,E,UNKNOWN/NA,,,3,,,,,,,,,Y,Y,Y,,,,,,,REAR,,,,,,,,,,,,,,,,,,,,,,,,,,,,,,,,,
2111020,bd55c4d85fcd3c347f2b096113193b67dc164fa3877cff86ab10ea795cbbf558e9d6a87d322c231dfbb9eade7760b171ac4b5b8b4b29c711b4cf629c7b05f625,07/20/2025 09:45:00 PM,1,DRIVER,,2012466,,UNKNOWN,MOTORIZED,,,UNKNOWN,PASSENGER,UNKNOWN/NA,E,STRAIGHT AHEAD,,,1,,,,,,,,,,,,,,,,,Y,UNKNOWN,,,,,,,,,,,,,,,,,,,,,,,,,,,,,,,,,
2111021,bd55c4d85fcd3c347f2b096113193b67dc164fa3877cff86ab10ea795cbbf558e9d6a87d322c231dfbb9eade7760b171ac4b5b8b4b29c711b4cf629c7b05f625,07/20/2025 09:45:00 PM,2,DRIVER,,2012475,,BUICK,REGAL,IL,2019,UNKNOWN,PASSENGER,PERSONAL,E,STRAIGHT AHEAD,,,1,,,,,,Y,Y,,,,,,,,,,,SIDE-RIGHT,,,,,,,,,,,,,,,,,,,,,,,,,,,,,,,,,
2113256,cb9d4967996292b623050d9750fece197ff3e8eafcaf6509d9af9cd02700acef8cf181b641b20f352e19caa465fe63f05a0f9ef58470eb8cac3129a7f1822bc1,07/20/2025 09:43:00 PM,2,DRIVER,,2014599,,BUICK,REGAL,VT,1983,NONE,PASSENGER,PERSONAL,W,STRAIGHT AHEAD,,,1,,,,,,,,,,,Y,,,,N,Y,,REAR-LEFT-CORNER,,,,,,,,,,,,,,,,,,,,,,,,,,,,,,,,,
2113257,cb9d4967996292b623050d9750fece197ff3e8eafcaf6509d9af9cd02700acef8cf181b641b20f352e19caa465fe63f05a0f9ef58470eb8cac3129a7f1822bc1,07/20/2025 09:43:00 PM,1,DRIVER,,2014600,,UNKNOWN,MOTORIZED,IL,,NONE,TRUCK - SINGLE UNIT,TOW TRUCK,W,UNKNOWN/NA,,,1,,,,,,,,,,,,,,,,,Y,UNKNOWN,,,,,,,,,,,,,,,,,,,,,,,,,,,,,,,,,
2113262,cb9d4967996292b623050d9750fece197ff3e8eafcaf6509d9af9cd02700acef8cf181b641b20f352e19caa465fe63f05a0f9ef58470eb8cac3129a7f1822bc1,07/20/2025 09:43:00 PM,3,DRIVER,,2014604,,BUICK,REGAL,IL,1986,NONE,PASSENGER,PERSONAL,W,STRAIGHT AHEAD,,,1,,,,,,,,,,Y,,,,,,,,REAR,,,,,,,,,,,,,,,,,,,,,,,,,,,,,,,,,
2110937,20403d918d6941c4968d0ef94248eded859e45abc7bb073c080b9b92dbc75c728c9dbc3f70ac366ed642ae81c401f5dc8402fd211fe683894aa6a152cd024f52,07/20/2025 09:42:00 PM,1,DRIVER,,2012384,,TOYOTA,RAV4,IL,,UNKNOWN,UNKNOWN/NA,UNKNOWN/NA,S,STRAIGHT AHEAD,,,1,,,,,Y,N,N,,,,,,,,,,,FRONT-RIGHT-CORNER,,,,,,,,,,,,,,,,,,,,,,,,,,,,,,,,,
2110938,20403d918d6941c4968d0ef94248eded859e45abc7bb073c080b9b92dbc75c728c9dbc3f70ac366ed642ae81c401f5dc8402fd211fe683894aa6a152cd024f52,07/20/2025 09:42:00 PM,2,PARKED,,2012386,,VOLKSWAGEN,GTI,IL,2015,UNKNOWN,PASSENGER,NOT IN USE,S,PARKED,,,0,,,,,,,,,,,,,Y,Y,Y,,,FRONT-LEFT-CORNER,,,,,,,,,,,,,,,,,,,,,,,,,,,,,,,,,
2110955,4cfaf3ae425616906f477e2e7e6786c2dedd1ae2efe1669778850211312e198ac0dd4c8cd89a85df8e2a4e84d118b8aeb88b6d5c3cb1a9485796b4d26ad289e9,07/20/2025 09:40:00 PM,1,DRIVER,,2012404,,NISSAN,OTHER (EXPLAIN IN NARRATIVE),IL,2022,NONE,PASSENGER,PERSONAL,W,OTHER,,,1,,,,,Y,Y,,,,,,,,,,,,SIDE-RIGHT-FRONT,,,,,,,,,,,,,,,,,,,,,,,,,,,,,,,,,
2110956,4cfaf3ae425616906f477e2e7e6786c2dedd1ae2efe1669778850211312e198ac0dd4c8cd89a85df8e2a4e84d118b8aeb88b6d5c3cb1a9485796b4d26ad289e9,07/20/2025 09:40:00 PM,2,DRIVER,1,2012406,,JEEP,JEEP,IL,2019,UNKNOWN,PASSENGER,PERSONAL,W,OTHER,,,2,,,,,,,,,,,Y,Y,,,,,,SIDE-LEFT-REAR,,,,,,,,,,,,,,,,,,,,,,,,,,,,,,,,,
2110923,74a1302d1ff9007f8b3e60ac85b92629db9e5744dcda7796dd6f99ad5e1f7f09aaff39c8e5808e402c185bc135a7bb61c31b8b8a16fc96ad9351af9bd6ca85d1,07/20/2025 09:40:00 PM,1,DRIVER,,2012387,,DODGE,GRAND CARAVAN,IL,2019,UNKNOWN,PASSENGER,PERSONAL,E,STRAIGHT AHEAD,,,1,,,,,,,,,,,,,Y,Y,Y,,,FRONT-LEFT-CORNER,,,,,,,,,,,,,,,,,,,,,,,,,,,,,,,,,
2110924,74a1302d1ff9007f8b3e60ac85b92629db9e5744dcda7796dd6f99ad5e1f7f09aaff39c8e5808e402c185bc135a7bb61c31b8b8a16fc96ad9351af9bd6ca85d1,07/20/2025 09:40:00 PM,2,DRIVER,,2012388,,CHEVROLET,SILVERADO,IL,2019,UNKNOWN,PASSENGER,PERSONAL,E,TURNING LEFT,,,1,,,,,Y,Y,Y,,,,,,,,,,,FRONT-RIGHT-CORNER,,,,,,,,,,,,,,,,,,,,,,,,,,,,,,,,,
2110917,c3cc2c40de70f3e6235f9555453dd0eac20a410a451de31e6e56fb94c4c3b61dd4637c75fda63e6b21a4258ef5b66dd12179b39d402a39aead1a39057f6fa1bd,07/20/2025 09:40:00 PM,1,DRIVER,,2012364,,CHEVROLET,MALIBU,IL,2013,NONE,PASSENGER,PERSONAL,S,UNKNOWN/NA,,,1,,,,,,,,,,,,,,,,Y,,FRONT,,,,,,,,,,,,,,,,,,,,,,,,,,,,,,,,,
2110918,c3cc2c40de70f3e6235f9555453dd0eac20a410a451de31e6e56fb94c4c3b61dd4637c75fda63e6b21a4258ef5b66dd12179b39d402a39aead1a39057f6fa1bd,07/20/2025 09:40:00 PM,2,PARKED,,2012367,,KIA,FORTE,IL,2011,NONE,PASSENGER,NOT IN USE,S,PARKED,,,0,,,,,,,,,,Y,,,,,,,,REAR,,,,,,,,,,,,,,,,,,,,,,,,,,,,,,,,,
2111694,e1f358d74e033eed32e4906b1bbe912b582292593217d586812d87dc7c50739ed400a15300b2845c23bd552c1382bb0a50d96038b0802c9ad2d1a09d916fc0e3,07/20/2025 09:40:00 PM,1,DRIVER,,2013099,,BMW,OTHER (EXPLAIN IN NARRATIVE),IL,2023,UNKNOWN,SPORT UTILITY VEHICLE (SUV),UNKNOWN/NA,NE,TURNING RIGHT,,,1,,,,,,,,,,,,,,,,,,SIDE-RIGHT,,,,,,,,,,,,,,,,,,,,,,,,,,,,,,,,,
2111695,e1f358d74e033eed32e4906b1bbe912b582292593217d586812d87dc7c50739ed400a15300b2845c23bd552c1382bb0a50d96038b0802c9ad2d1a09d916fc0e3,07/20/2025 09:40:00 PM,2,BICYCLE,,,,,,,,,,,,,,,,,,,,,,,,,,,,,,,,,,,,,,,,,,,,,,,,,,,,,,,,,,,,,,,,,,
2111030,7ad330c3f3f13b9ed3c86c1e39e10ed08bc579897e8a6abb2fe1034f81e7153090690a6d12d5a7f568ce02d6276dff6203fc789c864166296d355468ceb4d736,07/20/2025 09:30:00 PM,1,DRIVER,,2012476,,UNKNOWN,OTHER (EXPLAIN IN NARRATIVE),,,UNKNOWN,PASSENGER,UNKNOWN/NA,W,STRAIGHT AHEAD,,,1,,,,,,,,,,,,,,,,,,UNKNOWN,,,,,,,,,,,,,,,,,,,,,,,,,,,,,,,,,
2111031,7ad330c3f3f13b9ed3c86c1e39e10ed08bc579897e8a6abb2fe1034f81e7153090690a6d12d5a7f568ce02d6276dff6203fc789c864166296d355468ceb4d736,07/20/2025 09:30:00 PM,2,DRIVER,,2012478,,CADILLAC,SRX,IL,2010,UNKNOWN,SPORT UTILITY VEHICLE (SUV),PERSONAL,W,STRAIGHT AHEAD,,,1,,,,,,,,,Y,Y,Y,,,,,,,REAR,,,,,,,,,,,,,,,,,,,,,,,,,,,,,,,,,
2111108,cc43ae146439351d0ee04869c5cec4344e321268c2f9488d8a881c44adeb0274b53dc8022be4eff98d644cd0a81a31695c26c469202dd50db1db541b40129dd0,07/20/2025 09:30:00 PM,1,DRIVER,,2012539,,GENERAL MOTORS CORPORATION (GMC),SIERRA,,2018,UNKNOWN,PICKUP,CONSTRUCTION/MAINTENANCE,S,STRAIGHT AHEAD,,,1,,,,,,,,,,,Y,,,,,,,SIDE-LEFT-REAR,,,,,,,,,,,,,,,,,,,,,,,,,,,,,,,,,
2111114,cc43ae146439351d0ee04869c5cec4344e321268c2f9488d8a881c44adeb0274b53dc8022be4eff98d644cd0a81a31695c26c469202dd50db1db541b40129dd0,07/20/2025 09:30:00 PM,2,DRIVER,,2012541,,CHEVROLET,MALIBU,IL,2015,UNKNOWN,PASSENGER,PERSONAL,N,STRAIGHT AHEAD,,,1,,,,,,,,,,,,,,Y,,,,SIDE-LEFT-FRONT,,,,,,,,,,,,,,,,,,,,,,,,,,,,,,,,,
2110919,d55bedaa9efeb164dc67102dc9b868a557c67123e364f8382df24bbf632b7aaf4da6090f86c3f333deca06e4442e0b0e775d9a516ae57e3c2548c0257932d173,07/20/2025 09:23:00 PM,1,DRIVER,,2012368,,HONDA,ACCORD,IL,2011,UNKNOWN,PASSENGER,PERSONAL,N,ENTER FROM DRIVE/ALLEY,,,1,,,,,Y,Y,Y,,,,,,,,,,,SIDE-RIGHT,,,,,,,,,,,,,,,,,,,,,,,,,,,,,,,,,