CRASH_UNIT_ID,CRASH_RECORD_ID,CRASH_DATE,UNIT_NO,UNIT_TYPE,NUM_PASSENGERS,VEHICLE_ID,CMRC_VEH_I,MAKE,MODEL,LIC_PLATE_STATE,VEHICLE_YEAR,VEHICLE_DEFECT,VEHICLE_TYPE,VEHICLE_USE,TRAVEL_DIRECTION,MANEUVER,TOWED_I,FIRE_I,OCCUPANT_CNT,EXCEED_SPEED_LIMIT_I,TOWED_BY,TOWED_TO,AREA_00_I,AREA_01_I,AREA_02_I,AREA_03_I,AREA_04_I,AREA_05_I,AREA_06_I,AREA_07_I,AREA_08_I,AREA_09_I,AREA_10_I,AREA_11_I,AREA_12_I,AREA_99_I,FIRST_CONTACT_POINT,CMV_ID,USDOT_NO,CCMC_NO,ILCC_NO,COMMERCIAL_SRC,GVWR,CARRIER_NAME,CARRIER_STATE,CARRIER_CITY,HAZMAT_PLACARDS_I,HAZMAT_NAME,UN_NO,HAZMAT_PRESENT_I,HAZMAT_REPORT_I,HAZMAT_REPORT_NO,MCS_REPORT_I,MCS_REPORT_NO,HAZMAT_VIO_CAUSE_CRASH_I,MCS_VIO_CAUSE_CRASH_I,IDOT_PERMIT_NO,WIDE_LOAD_I,TRAILER1_WIDTH,TRAILER2_WIDTH,TRAILER1_LENGTH,TRAILER2_LENGTH,TOTAL_VEHICLE_LENGTH,AXLE_CNT,VEHICLE_CONFIG,CARGO_BODY_TYPE,LOAD_TYPE,HAZMAT_OUT_OF_SERVICE_I,MCS_OUT_OF_SERVICE_I,HAZMAT_CLASS
2110920,d55bedaa9efeb164dc67102dc9b868a557c67123e364f8382df24bbf632b7aaf4da6090f86c3f333deca06e4442e0b0e775d9a516ae57e3c2548c0257932d173,07/20/2025 09:23:00 PM,2,DRIVER,,2012372,,ARCTIC CAT,ARCTIC CAT,,,NONE,ALL-TERRAIN VEHICLE (ATV),PERSONAL,W,STRAIGHT AHEAD,Y,,1,,,,,,,,,,,,,,,Y,Y,,FRONT-LEFT-CORNER,,,,,,,,,,,,,,,,,,,,,,,,,,,,,,,,,
2110928,c8f8b26b9fccba81e4dfe2ace1810d99d73a39bccb281739ce4419422c51c11eaf95ca3278f327907533ace401a800049258cbaf99d7fe05f5b8d97d5926c8bb,07/20/2025 09:20:00 PM,1,DRIVER,1,2012376,,AUDI,Q5,IL,2016,UNKNOWN,UNKNOWN/NA,UNKNOWN/NA,N,CHANGING LANES,Y,,2,,AAA,PRIVATE,,Y,Y,,,,,,,,,,,,FRONT-RIGHT-CORNER,,,,,,,,,,,,,,,,,,,,,,,,,,,,,,,,,
2110936,c8f8b26b9fccba81e4dfe2ace1810d99d73a39bccb281739ce4419422c51c11eaf95ca3278f327907533ace401a800049258cbaf99d7fe05f5b8d97d5926c8bb,07/20/2025 09:20:00 PM,2,DRIVER,1,2012379,,CHEVROLET,MALIBU,IL,2023,UNKNOWN,UNKNOWN/NA,UNKNOWN/NA,N,SLOW/STOP IN TRAFFIC,Y,,2,,AAA,PRIVATE,,,,,,,,,Y,Y,,,,,SIDE-LEFT-REAR,,,,,,,,,,,,,,,,,,,,,,,,,,,,,,,,,
2110957,409458e3f7d5f9b09b79b7affb7d2f9d45048ac75d8e33b1a7a2bd5bbd1190c539a56faed6a5e258fa8295485f7e17b26bbba60e87d4988c5316bbe070c542ad,07/20/2025 09:19:00 PM,1,DRIVER,,2012417,,NISSAN,MAXIMA,IL,2017,UNKNOWN,PASSENGER,UNKNOWN/NA,N,STRAIGHT AHEAD,,,1,,,,,Y,Y,,,,,,,,,,Y,,FRONT-RIGHT-CORNER,,,,,,,,,,,,,,,,,,,,,,,,,,,,,,,,,
2110958,409458e3f7d5f9b09b79b7affb7d2f9d45048ac75d8e33b1a7a2bd5bbd1190c539a56faed6a5e258fa8295485f7e17b26bbba60e87d4988c5316bbe070c542ad,07/20/2025 09:19:00 PM,2,DRIVER,,2012409,,FORD,EXPLORER,IL,2023,UNKNOWN,SPORT UTILITY VEHICLE (SUV),POLICE,S,AVOIDING VEHICLES/OBJECTS,Y,,1,,CITY OF CHICAGO,2ND DISTRICT STATION,,Y,,,,,,,,,,,,,FRONT-RIGHT-CORNER,,,,,,,,,,,,,,,,,,,,,,,,,,,,,,,,,
2111839,0057caca5b2c343a4039216b3f849432b2db564157ded6f120dbcb923e1879715320a5e8c6084e03b678c8ecc7f1edb9e8e9899ece659bcd6a71d6343532fc80,07/20/2025 09:15:00 PM,1,DRIVER,,2013242,,CHEVROLET,MALIBU,IL,2015,UNKNOWN,PASSENGER,PERSONAL,S,CHANGING LANES,,,1,,,,,Y,Y,,,,,,,,,,,,SIDE-RIGHT-FRONT,,,,,,,,,,,,,,,,,,,,,,,,,,,,,,,,,
2111840,0057caca5b2c343a4039216b3f849432b2db564157ded6f120dbcb923e1879715320a5e8c6084e03b678c8ecc7f1edb9e8e9899ece659bcd6a71d6343532fc80,07/20/2025 09:15:00 PM,2,DRIVER,,2013255,,CHEVROLET,TRAX,IL,2020,UNKNOWN,PASSENGER,PERSONAL,S,STRAIGHT AHEAD,,,1,,,,,,,,,,,,Y,Y,Y,N,,,SIDE-LEFT,,,,,,,,,,,,,,,,,,,,,,,,,,,,,,,,,
2111401,2c6f256d5f05a8024ae87fd68ae5beebffbb649a3b65c3dc3eb335d30201c53864062f869046c4e051f486e2e76fb72435273816464fdc1e92c44f069f9de1bf,07/20/2025 09:15:00 PM,1,DRIVER,,2012817,,FORD,F150,,2020,NONE,PICKUP,OTHER,S,STRAIGHT AHEAD,,,1,,,,,,,,,,,,,,,,Y,,FRONT,,,,,,,,,,,,,,,,,,,,,,,,,,,,,,,,,
2111237,a540173c788647a20555388355f84444c64c1f605999eb559f20bd386cd49b0b195a180d8fd50819ca444e7c568c0f138358bead7fbe19bfcb61a6d545b1953f,07/20/2025 09:15:00 PM,1,DRIVER,,2012662,,FORD,ESCAPE,IN,2010,UNKNOWN,SPORT UTILITY VEHICLE (SUV),PERSONAL,N,PASSING/OVERTAKING,,,1,,,,,,,Y,Y,Y,,,,,,,,,SIDE-RIGHT,,,,,,,,,,,,,,,,,,,,,,,,,,,,,,,,,
2111238,a540173c788647a20555388355f84444c64c1f605999eb559f20bd386cd49b0b195a180d8fd50819ca444e7c568c0f138358bead7fbe19bfcb61a6d545b1953f,07/20/2025 09:15:00 PM,2,DRIVER,,2012671,,AUDI,Q7,IL,2018,UNKNOWN,SPORT UTILITY VEHICLE (SUV),PERSONAL,N,STRAIGHT AHEAD,,,1,,,,,,,,,,,Y,,,,,,,REAR-LEFT-CORNER,,,,,,,,,,,,,,,,,,,,,,,,,,,,,,,,,
2110945,40fa5eea7c54cf8c4c0f67e0cb2e2e8c2ca50858236fe42cca6a0915bf5d3acc56915ffa4426aa78169d5728e539e3046a7b5fe90296721268da3821478d41ae,07/20/2025 09:10:00 PM,1,DRIVER,,2012392,,UNKNOWN,MOTORIZED,,,UNKNOWN,TRUCK - SINGLE UNIT,UNKNOWN/NA,NE,TURNING RIGHT,,,1,,,,,Y,Y,Y,Y,Y,,,,,,,,,FRONT-RIGHT-CORNER,,,,,,,,,,,,,,,,,,,,,,,,,,,,,,,,,
2110946,40fa5eea7c54cf8c4c0f67e0cb2e2e8c2ca50858236fe42cca6a0915bf5d3acc56915ffa4426aa78169d5728e539e3046a7b5fe90296721268da3821478d41ae,07/20/2025 09:10:00 PM,2,DRIVER,,2012395,,KIA,SOUL,IL,2012,NONE,PASSENGER,PERSONAL,N,STRAIGHT AHEAD,,,1,,,,,Y,,,,,,,,Y,Y,Y,Y,,SIDE-LEFT-FRONT,,,,,,,,,,,,,,,,,,,,,,,,,,,,,,,,,
2110893,ba7ca73d63946d826c49f1b51fde2e49d6719b5da54c0a5904f63c263fd0288d00587dcce6c4b14c154e7a57ccbc836699c259d5433c92caa6ac22dfa308b25e,07/20/2025 09:00:00 PM,2,DRIVER,,2012350,,HONDA,HR-V,IL,2022,NONE,PASSENGER,PERSONAL,N,STRAIGHT AHEAD,,,1,,,,,,,,,,,,Y,Y,Y,,,,SIDE-LEFT,,,,,,,,,,,,,,,,,,,,,,,,,,,,,,,,,
2110897,ba7ca73d63946d826c49f1b51fde2e49d6719b5da54c0a5904f63c263fd0288d00587dcce6c4b14c154e7a57ccbc836699c259d5433c92caa6ac22dfa308b25e,07/20/2025 09:00:00 PM,1,DRIVER,1,2012347,,HONDA,HR-V,IL,2025,NONE,PASSENGER,PERSONAL,N,STRAIGHT AHEAD,,,2,,,,,Y,Y,,,,,,,,,,,,FRONT-RIGHT-CORNER,,,,,,,,,,,,,,,,,,,,,,,,,,,,,,,,,
2111503,d193289a2d038b7c9d1c4e3524ee020ed396667ad23cca64f8af289902398691a95154ae2522b834e112204bcf28b7cf49eff76a69e351ed518c6ee1cf18bd88,07/20/2025 09:00:00 PM,1,DRIVER,,2012903,,UNKNOWN,OTHER (EXPLAIN IN NARRATIVE),,,UNKNOWN,UNKNOWN/NA,UNKNOWN/NA,UNKNOWN,UNKNOWN/NA,,,1,,,,,,,,,,,,,,,,,Y,UNKNOWN,,,,,,,,,,,,,,,,,,,,,,,,,,,,,,,,,
2111504,d193289a2d038b7c9d1c4e3524ee020ed396667ad23cca64f8af289902398691a95154ae2522b834e112204bcf28b7cf49eff76a69e351ed518c6ee1cf18bd88,07/20/2025 09:00:00 PM,2,PARKED,,2012909,,JEEP,PATRIOT,IL,2014,NONE,SPORT UTILITY VEHICLE (SUV),PERSONAL,N,PARKED,,,0,,,,,,,,,,,Y,Y,,,,,,REAR-LEFT-CORNER,,,,,,,,,,,,,,,,,,,,,,,,,,,,,,,,,
2110911,ccfcc02ae19df19152128091c633f727c43c697c562e52ec2c6412510b8d9ee716b4903d7d43e3fa1023fc068fcc5c294cbebee2c5d84b9c8f5621e6bab742a5,07/20/2025 08:50:00 PM,1,DRIVER,,2012361,,UNKNOWN,OTHER (EXPLAIN IN NARRATIVE),,,UNKNOWN,UNKNOWN/NA,UNKNOWN/NA,W,PASSING/OVERTAKING,,,1,,,,,,,,,,,,,,,,,Y,FRONT-LEFT-CORNER,,,,,,,,,,,,,,,,,,,,,,,,,,,,,,,,,
2110912,ccfcc02ae19df19152128091c633f727c43c697c562e52ec2c6412510b8d9ee716b4903d7d43e3fa1023fc068fcc5c294cbebee2c5d84b9c8f5621e6bab742a5,07/20/2025 08:50:00 PM,2,DRIVER,,2012362,,HONDA,CR-V,WI,,UNKNOWN,SPORT UTILITY VEHICLE (SUV),PERSONAL,W,LEAVING TRAFFIC LANE TO PARK,,,1,,,,,,,,Y,Y,,,,,,,,,REAR-RIGHT-CORNER,,,,,,,,,,,,,,,,,,,,,,,,,,,,,,,,,
2110901,d14d33bab7f48ee594b6e0da23c07f3af2075f29e9c92ce2d462e981b70f6114097291b25fb2ac3f626ab261592e82bd43aaa7e328692019488b3e0a44608fd1,07/20/2025 08:44:00 PM,1,DRIVER,1,2012349,,HONDA,PILOT,IL,2004,NONE,PASSENGER,PERSONAL,S,STRAIGHT AHEAD,,,2,,,,,Y,Y,Y,,,,,,,,,Y,,FRONT-RIGHT-CORNER,,,,,,,,,,,,,,,,,,,,,,,,,,,,,,,,,
2110902,d14d33bab7f48ee594b6e0da23c07f3af2075f29e9c92ce2d462e981b70f6114097291b25fb2ac3f626ab261592e82bd43aaa7e328692019488b3e0a44608fd1,07/20/2025 08:44:00 PM,2,PARKED,,2012352,,FORD,EXPLORER,IL,,NONE,PASSENGER,POLICE,S,PARKED,,,0,,,,,,,,,,,Y,Y,Y,Y,Y,,,REAR-LEFT-CORNER,,,,,,,,,,,,,,,,,,,,,,,,,,,,,,,,,
2110909,d00dc45f8cb017b96192e68d98ede8dc9cb1224db64690dc0efb5da6b3b919f13a6c15b14b97bc357c78f9f300b8a2ebcd5818ab4a7fad9c82e2b4e875446422,07/20/2025 08:10:00 PM,1,DRIVER,,2012360,,CADILLAC,ESCALADE,IL,2008,UNKNOWN,SPORT UTILITY VEHICLE (SUV),UNKNOWN/NA,W,TURNING RIGHT,,,1,,,,,,,,,,,,,,,,,Y,UNKNOWN,,,,,,,,,,,,,,,,,,,,,,,,,,,,,,,,,
2110910,d00dc45f8cb017b96192e68d98ede8dc9cb1224db64690dc0efb5da6b3b919f13a6c15b14b97bc357c78f9f300b8a2ebcd5818ab4a7fad9c82e2b4e875446422,07/20/2025 08:10:00 PM,2,DRIVER,4,2012363,,SUBARU,OUTBACK,IL,2015,UNKNOWN,SPORT UTILITY VEHICLE (SUV),PERSONAL,W,TURNING RIGHT,,,5,,,,,,,,,,,,,,,Y,,,FRONT-LEFT-CORNER,,,,,,,,,,,,,,,,,,,,,,,,,,,,,,,,,
2110905,76f848d830a9d51c628481c0bed6b3cb21c822abd9f7a65c8cce6f71efd49ec4c013332c09a50bf16aa365bec7c694cde766c9e11a87e2465fef286d023be7bc,07/20/2025 07:54:00 PM,1,DRIVER,,2012354,,UNKNOWN,MOTORIZED,IL,,UNKNOWN,PASSENGER,UNKNOWN/NA,SW,PASSING/OVERTAKING,,,1,,,,,,,,,,,,,Y,Y,Y,,,FRONT-LEFT-CORNER,,,,,,,,,,,,,,,,,,,,,,,,,,,,,,,,,
2110906,76f848d830a9d51c628481c0bed6b3cb21c822abd9f7a65c8cce6f71efd49ec4c013332c09a50bf16aa365bec7c694cde766c9e11a87e2465fef286d023be7bc,07/20/2025 07:54:00 PM,2,DRIVER,,2012357,,VOLKSWAGEN,JETTA,AL,2024,NONE,PASSENGER,PERSONAL,W,STRAIGHT AHEAD,,,1,,,,,Y,Y,Y,Y,Y,,,,,,,,,FRONT-RIGHT-CORNER,,,,,,,,,,,,,,,,,,,,,,,,,,,,,,,,,
2110883,5719fac0b9fd01ddf10b80e14ed3b21ba242ddae4ffcb27342de77c3c9864c252eb5dba6ae9ac8f02c91bca5512a85e15c139ce7757dc1cc4327f42d240d795a,07/20/2025 07:50:00 PM,1,DRIVER,,2012333,,UNKNOWN,OTHER (EXPLAIN IN NARRATIVE),,,UNKNOWN,PICKUP,UNKNOWN/NA,N,STRAIGHT AHEAD,,,1,,,,,,,,,,,,,,,,,Y,UNKNOWN,,,,,,,,,,,,,,,,,,,,,,,,,,,,,,,,,
2110884,5719fac0b9fd01ddf10b80e14ed3b21ba242ddae4ffcb27342de77c3c9864c252eb5dba6ae9ac8f02c91bca5512a85e15c139ce7757dc1cc4327f42d240d795a,07/20/2025 07:50:00 PM,2,DRIVER,,2012334,,NOVA BUS,OTHER (EXPLAIN IN NARRATIVE),IL,2022,UNKNOWN,BUS OVER 15 PASS.,CTA,N,STRAIGHT AHEAD,,,1,,,,,,,,,,,,,,Y,Y,,,SIDE-LEFT,,,,,,,,,,,,,,,,,,,,,,,,,,,,,,,,,
2110881,78c7a125a819b2566e60617ce6423595111d5ec2d5a3c83dd071058f7b6fafeb34b70a2b7e1698f0219a710934a317b4fedcc1a9abbd803759fbff9cf7f56bb7,07/20/2025 07:50:00 PM,1,DRIVER,,2012336,,ACURA,TLX,IL,2008,NONE,PASSENGER,PERSONAL,N,CHANGING LANES,,,1,,,,,,,Y,Y,,,,,,,,,,SIDE-RIGHT-REAR,,,,,,,,,,,,,,,,,,,,,,,,,,,,,,,,,
2110882,78c7a125a819b2566e60617ce6423595111d5ec2d5a3c83dd071058f7b6fafeb34b70a2b7e1698f0219a710934a317b4fedcc1a9abbd803759fbff9cf7f56bb7,07/20/2025 07:50:00 PM,2,DRIVER,,2012338,,LINCOLN,NAVIGATOR,IL,2022,NONE,PASSENGER,PERSONAL,N,STRAIGHT AHEAD,,,1,,,,,,,,,,,,,,,Y,,,FRONT-LEFT-CORNER,,,,,,,,,,,,,,,,,,,,,,,,,,,,,,,,,
2110896,afdd5ccb3fcb1c6db3ab101562139dda0c18c254b1bb84de845a0f2fb1ebb9756fe808c721b9ae3181d8c64389ffb5d6e4b991f789d8336972fbee73e9946c9c,07/20/2025 07:30:00 PM,2,PEDESTRIAN,,,,,,,,,,,,,,,,,,,,,,,,,,,,,,,,,,,,,,,,,,,,,,,,,,,,,,,,,,,,,,,,,,
2110898,afdd5ccb3fcb1c6db3ab101562139dda0c18c254b1bb84de845a0f2fb1ebb9756fe808c721b9ae3181d8c64389ffb5d6e4b991f789d8336972fbee73e9946c9c,07/20/2025 07:30:00 PM,1,DRIVER,,2012348,,INFINITI,OTHER (EXPLAIN IN NARRATIVE),IL,2013,NONE,SPORT UTILITY VEHICLE (SUV),PERSONAL,W,TURNING LEFT,,,1,,,,,,,,,,,,,,,,Y,,SIDE-RIGHT-FRONT,,,,,,,,,,,,,,,,,,,,,,,,,,,,,,,,,
2110907,afdd5ccb3fcb1c6db3ab101562139dda0c18c254b1bb84de845a0f2fb1ebb9756fe808c721b9ae3181d8c64389ffb5d6e4b991f789d8336972fbee73e9946c9c,07/20/2025 07:30:00 PM,3,PEDESTRIAN,,,,,,,,,,,,,,,,,,,,,,,,,,,,,,,,,,,,,,,,,,,,,,,,,,,,,,,,,,,,,,,,,,
2110908,afdd5ccb3fcb1c6db3ab101562139dda0c18c254b1bb84de845a0f2fb1ebb9756fe808c721b9ae3181d8c64389ffb5d6e4b991f789d8336972fbee73e9946c9c,07/20/2025 07:30:00 PM,4,PEDESTRIAN,,,,,,,,,,,,,,,,,,,,,,,,,,,,,,,,,,,,,,,,,,,,,,,,,,,,,,,,,,,,,,,,,,
2110913,68340f4b6654af2feb573edbe1ca2cd4330312c0dbce1bb1dd85af975bbff91667855aa4504ae645c38009f76a4bb05f538ae2e694f723e70a0c8792b2efceeb,07/20/2025 07:25:00 PM,1,DRIVER,,2012365,,HYUNDAI,ELANTRA,IL,2025,UNKNOWN,PASSENGER,PERSONAL,N,STRAIGHT AHEAD,Y,,1,,CITY OF CHICAGO,POUND 2,,Y,Y,Y,N,N,,,,,,,Y,,FRONT-RIGHT-CORNER,,,,,,,,,,,,,,,,,,,,,,,,,,,,,,,,,
2110914,68340f4b6654af2feb573edbe1ca2cd4330312c0dbce1bb1dd85af975bbff91667855aa4504ae645c38009f76a4bb05f538ae2e694f723e70a0c8792b2efceeb,07/20/2025 07:25:00 PM,2,PEDESTRIAN,,,,,,,,,,,,,,,,,,,,,,,,,,,,,,,,,,,,,,,,,,,,,,,,,,,,,,,,,,,,,,,,,,
2110879,e25d0051314204d2bf0adc8ea6c9aaaf172e7724a3e6a1f6cc73bfb33d8800b627763a4ddfc0011577ad19c78e3b3a8f870b23daacb0452210cce37f431b6ee7,07/20/2025 07:18:00 PM,2,DRIVER,,2012339,,TOYOTA,RAV4,IL,2017,NONE,SPORT UTILITY VEHICLE (SUV),PERSONAL,N,STRAIGHT AHEAD,,,1,,,,,,,,,,Y,,,,,,,,REAR,,,,,,,,,,,,,,,,,,,,,,,,,,,,,,,,,
2110880,e25d0051314204d2bf0adc8ea6c9aaaf172e7724a3e6a1f6cc73bfb33d8800b627763a4ddfc0011577ad19c78e3b3a8f870b23daacb0452210cce37f431b6ee7,07/20/2025 07:18:00 PM,1,DRIVER,,2012341,,FORD,F150 XLT,IL,2019,NONE,PICKUP,PERSONAL,N,CHANGING LANES,,,1,,,,,,,,,,,,,,,,Y,,FRONT,,,,,,,,,,,,,,,,,,,,,,,,,,,,,,,,,
2110943,4cb325cded5d72ff2ac7a69a211fdbd5acb95e44436ad19b8b9849e4b6218b89a17aa3643cadf87df6a9b1c9698fcefdbf53d6e40684374301d9fef93d988438,07/20/2025 07:15:00 PM,2,DRIVER,,2012391,,HONDA,CIVIC,MO,2008,UNKNOWN,PASSENGER,PERSONAL,S,STRAIGHT AHEAD,Y,,1,,unknown,unknown,,,,,,,,,,,Y,Y,Y,,SIDE-LEFT,,,,,,,,,,,,,,,,,,,,,,,,,,,,,,,,,
2110944,4cb325cded5d72ff2ac7a69a211fdbd5acb95e44436ad19b8b9849e4b6218b89a17aa3643cadf87df6a9b1c9698fcefdbf53d6e40684374301d9fef93d988438,07/20/2025 07:15:00 PM,1,DRIVER,,2012393,,SUBARU,OTHER (EXPLAIN IN NARRATIVE),IL,2010,UNKNOWN,PASSENGER,UNKNOWN/NA,W,STRAIGHT AHEAD,,,1,,,,,,,,,,,,,,,,,Y,FRONT,,,,,,,,,,,,,,,,,,,,,,,,,,,,,,,,,
2110899,10c3530be8b989eebb72ad52209e1a148558d510e4b96e2bd930183036fbd1ea0dedcc2a8f656bf6ed66b024ffbff626c4fa8289f7c053d05c54e30924556913,07/20/2025 07:08:00 PM,1,DRIVER,,2012353,Y,NOVA BUS,LFS,IL,2024,UNKNOWN,BUS OVER 15 PASS.,CTA,W,TURNING RIGHT,,,1,,,,,,,,,,,Y,,,,,,,SIDE-LEFT-REAR,"21,850",,,,,,CHICAGO TRANSIT AUTHORITY,IL,CHICAGO,,,,U,U,,U,,U,U,,,,,,,,,BUS,BUS,OTHER,N,N,
2110900,10c3530be8b989eebb72ad52209e1a148558d510e4b96e2bd930183036fbd1ea0dedcc2a8f656bf6ed66b024ffbff626c4fa8289f7c053d05c54e30924556913,07/20/2025 07:08:00 PM,2,DRIVER,,2012355,,MERCEDES-BENZ,C43,IL,2019,UNKNOWN,PASSENGER,PERSONAL,W,SLOW/STOP IN TRAFFIC,,,1,,,,,Y,Y,Y,Y,Y,,,,,,,,,SIDE-RIGHT,,,,,,,,,,,,,,,,,,,,,,,,,,,,,,,,,
2111431,39f5d33a49d1cd9333b1b55c4f3251048b8deb8a327068f9b61397ee8d637cb0a7e901d960cc779a51dccbd0c1e85770ead4e6260c2cd2b574726625eb00880e,07/20/2025 07:00:00 PM,1,DRIVER,,2012850,,PONTIAC,VIBE,IL,,UNKNOWN,PASSENGER,PERSONAL,W,TURNING LEFT,,,1,,,,,,,,,,,,,,,Y,Y,,FRONT-LEFT-CORNER,,,,,,,,,,,,,,,,,,,,,,,,,,,,,,,,,
2111432,39f5d33a49d1cd9333b1b55c4f3251048b8deb8a327068f9b61397ee8d637cb0a7e901d960cc779a51dccbd0c1e85770ead4e6260c2cd2b574726625eb00880e,07/20/2025 07:00:00 PM,2,DRIVER,,2012857,,FORD,ESCAPE,IL,2023,UNKNOWN,SPORT UTILITY VEHICLE (SUV),PERSONAL,N,STRAIGHT AHEAD,,,1,,,,,Y,Y,,,,,,,,,,,,SIDE-RIGHT-FRONT,,,,,,,,,,,,,,,,,,,,,,,,,,,,,,,,,
2110876,922ab8587d0cab36ba697789be3dac4a151227ea73150daa9ef92d2f625b747063181be5ba1cb0e8ad5560175ed08b92f952729dbb3414834ead1c22f595b943,07/20/2025 07:00:00 PM,1,DRIVER,,2012327,,TOYOTA,RAV4,IL,2011,UNKNOWN,SPORT UTILITY VEHICLE (SUV),PERSONAL,W,STRAIGHT AHEAD,,,1,,,,,,,,,,,,,,,Y,,,FRONT-LEFT-CORNER,,,,,,,,,,,,,,,,,,,,,,,,,,,,,,,,,
2110877,922ab8587d0cab36ba697789be3dac4a151227ea73150daa9ef92d2f625b747063181be5ba1cb0e8ad5560175ed08b92f952729dbb3414834ead1c22f595b943,07/20/2025 07:00:00 PM,2,DRIVER,2,2012332,,KIA,OTHER (EXPLAIN IN NARRATIVE),IL,2021,UNKNOWN,PICKUP,PERSONAL,W,SLOW/STOP IN TRAFFIC,,,3,,,,,,,,,Y,Y,Y,,,,,,,REAR,,,,,,,,,,,,,,,,,,,,,,,,,,,,,,,,,
2110861,c53bbccece23a322982b15dc230ae1f36b7704006845129c55db9e422c3184cbd7781149882ace04193eb755c0aa459966ec089e3b7d785c0d1c52e770e0350e,07/20/2025 07:00:00 PM,1,DRIVER,,2012314,,FORD,OTHER (EXPLAIN IN NARRATIVE),IL,2010,NONE,PASSENGER,PERSONAL,UNKNOWN,BACKING,,,1,,,,,,,,,Y,Y,,,,,,,,REAR,,,,,,,,,,,,,,,,,,,,,,,,,,,,,,,,,
2110862,c53bbccece23a322982b15dc230ae1f36b7704006845129c55db9e422c3184cbd7781149882ace04193eb755c0aa459966ec089e3b7d785c0d1c52e770e0350e,07/20/2025 07:00:00 PM,2,DRIVER,,2012316,,CHEVROLET,OTHER (EXPLAIN IN NARRATIVE),,2019,NONE,PASSENGER,PERSONAL,UNKNOWN,STRAIGHT AHEAD,,,1,,,,,,,,,,,,,,,,Y,,FRONT,,,,,,,,,,,,,,,,,,,,,,,,,,,,,,,,,
2110868,d2dc9b68b2c1e301dcf02c7b4006ab9cb5bd893dccb82c67695166960ea5823d78d325f3715b3302f9e4af1b1c07739e706de85ec51ef74d1725172cdc056ee3,07/20/2025 07:00:00 PM,1,DRIVER,,2012319,,CHRYSLER,PACIFICA,IL,2005,UNKNOWN,PASSENGER,PERSONAL,W,ENTERING TRAFFIC LANE FROM PARKING,,,1,,,,,Y,,,,,,,,,,Y,Y,Y,FRONT,,,,,,,,,,,,,,,,,,,,,,,,,,,,,,,,,
2110869,d2dc9b68b2c1e301dcf02c7b4006ab9cb5bd893dccb82c67695166960ea5823d78d325f3715b3302f9e4af1b1c07739e706de85ec51ef74d1725172cdc056ee3,07/20/2025 07:00:00 PM,2,PARKED,,2012323,,HYUNDAI,ELANTRA,IL,2018,NONE,PASSENGER,PERSONAL,W,PARKED,,,0,,,,,,,,,Y,Y,Y,N,,,,,Y,REAR,,,,,,,,,,,,,,,,,,,,,,,,,,,,,,,,,
2110885,e844667885316ec725e51d2f49a3e3c8cf60d208e1be01c46b2f713a105171ed41101612971c87c048e2febf96dc923902848700b8f7ff18430e2994f2bce3f6,07/20/2025 07:00:00 PM,1,DRIVER,,2012344,,UNKNOWN,OTHER (EXPLAIN IN NARRATIVE),,,UNKNOWN,UNKNOWN/NA,UNKNOWN/NA,W,UNKNOWN/NA,,,1,,,,,,,,,,,,,,,,,Y,UNKNOWN,,,,,,,,,,,,,,,,,,,,,,,,,,,,,,,,,
2110886,e844667885316ec725e51d2f49a3e3c8cf60d208e1be01c46b2f713a105171ed41101612971c87c048e2febf96dc923902848700b8f7ff18430e2994f2bce3f6,07/20/2025 07:00:00 PM,2,PARKED,,2012337,,HYUNDAI,ELANTRA,IL,2017,NONE,PASSENGER,PERSONAL,W,PARKED,,,0,,,,,,,,,,,,,,Y,,,,OTHER,,,,,,,,,,,,,,,,,,,,,,,,,,,,,,,,,
2110870,c930a6fa3d5a48dc0a6d496418b4768171ee69de0a154304add8bbb4c44c062b5668cfc9ad13189f51cec9741255648433ed628ea7604404ff711770b95781b4,07/20/2025 06:53:00 PM,1,DRIVER,,2012322,,TOYOTA,OTHER (EXPLAIN IN NARRATIVE),,,UNKNOWN,PASSENGER,PERSONAL,UNKNOWN,STRAIGHT AHEAD,,,1,,,,,,,,,,,,,,,,,Y,UNKNOWN,,,,,,,,,,,,,,,,,,,,,,,,,,,,,,,,,
2110871,c930a6fa3d5a48dc0a6d496418b4768171ee69de0a154304add8bbb4c44c062b5668cfc9ad13189f51cec9741255648433ed628ea7604404ff711770b95781b4,07/20/2025 06:53:00 PM,2,PARKED,,2012325,,CHEVROLET,EQUINOX,CA,2023,UNKNOWN,SPORT UTILITY VEHICLE (SUV),NOT IN USE,UNKNOWN,PARKED,,,0,,,,,,,,Y,Y,Y,,,,,,,,SIDE-RIGHT-REAR,,,,,,,,,,,,,,,,,,,,,,,,,,,,,,,,,
2110874,0b8eaeb600bbe9ae0426d5f5cefb1927202bedf5a85c31bfbbd1511cfa464381e56eb16f3692e3529611f1eac919c249b38ad5dc2f3d306e5c501f139cf3036c,07/20/2025 06:50:00 PM,1,DRIVER,,2012328,,AUDI,E-TRON,IL,2025,NONE,PASSENGER,PERSONAL,W,LEAVING TRAFFIC LANE TO PARK,,,1,,,,,Y,Y,,,,,,,,,,Y,,FRONT-RIGHT-CORNER,,,,,,,,,,,,,,,,,,,,,,,,,,,,,,,,,
2110875,0b8eaeb600bbe9ae0426d5f5cefb1927202bedf5a85c31bfbbd1511cfa464381e56eb16f3692e3529611f1eac919c249b38ad5dc2f3d306e5c501f139cf3036c,07/20/2025 06:50:00 PM,2,PARKED,,2012330,,LEXUS,RX350,IL,2010,NONE,PASSENGER,PERSONAL,W,PARKED,,,0,,,,,,,,,,Y,Y,Y,,N,N,N,,REAR-LEFT-CORNER,,,,,,,,,,,,,,,,,,,,,,,,,,,,,,,,,