CRASH_UNIT_ID,CRASH_RECORD_ID,CRASH_DATE,UNIT_NO,UNIT_TYPE,NUM_PASSENGERS,VEHICLE_ID,CMRC_VEH_I,MAKE,MODEL,LIC_PLATE_STATE,VEHICLE_YEAR,VEHICLE_DEFECT,VEHICLE_TYPE,VEHICLE_USE,TRAVEL_DIRECTION,MANEUVER,TOWED_I,FIRE_I,OCCUPANT_CNT,EXCEED_SPEED_LIMIT_I,TOWED_BY,TOWED_TO,AREA_00_I,AREA_01_I,AREA_02_I,AREA_03_I,AREA_04_I,AREA_05_I,AREA_06_I,AREA_07_I,AREA_08_I,AREA_09_I,AREA_10_I,AREA_11_I,AREA_12_I,AREA_99_I,FIRST_CONTACT_POINT,CMV_ID,USDOT_NO,CCMC_NO,ILCC_NO,COMMERCIAL_SRC,GVWR,CARRIER_NAME,CARRIER_STATE,CARRIER_CITY,HAZMAT_PLACARDS_I,HAZMAT_NAME,UN_NO,HAZMAT_PRESENT_I,HAZMAT_REPORT_I,HAZMAT_REPORT_NO,MCS_REPORT_I,MCS_REPORT_NO,HAZMAT_VIO_CAUSE_CRASH_I,MCS_VIO_CAUSE_CRASH_I,IDOT_PERMIT_NO,WIDE_LOAD_I,TRAILER1_WIDTH,TRAILER2_WIDTH,TRAILER1_LENGTH,TRAILER2_LENGTH,TOTAL_VEHICLE_LENGTH,AXLE_CNT,VEHICLE_CONFIG,CARGO_BODY_TYPE,LOAD_TYPE,HAZMAT_OUT_OF_SERVICE_I,MCS_OUT_OF_SERVICE_I,HAZMAT_CLASS
2110846,5352d848fe151e9bd083b4406222850c6117c086f44974162b7deb1af8421bc7f721607cf2d440fafef8d95ff65af043e122b8028a08a199148011bee6beaee1,07/20/2025 06:43:00 PM,1,DRIVER,,2012298,,BUICK,ENCORE,IL,2019,UNKNOWN,PASSENGER,PERSONAL,W,STRAIGHT AHEAD,,,1,,,,,Y,,,,,,,,,,Y,Y,,FRONT,,,,,,,,,,,,,,,,,,,,,,,,,,,,,,,,,
2110847,5352d848fe151e9bd083b4406222850c6117c086f44974162b7deb1af8421bc7f721607cf2d440fafef8d95ff65af043e122b8028a08a199148011bee6beaee1,07/20/2025 06:43:00 PM,2,DRIVER,,2012301,,FORD,TRANSIT,IL,2018,UNKNOWN,VAN/MINI-VAN,PERSONAL,W,SLOW/STOP IN TRAFFIC,,,1,,,,,,,,,,Y,Y,,,,,,,REAR,,,,,,,,,,,,,,,,,,,,,,,,,,,,,,,,,
2110865,35045339b96c347f6e37a8af79996d998718107152c23df8e9f1ff3ac36fbe9593837b0bb3d5d56ea590c9da0f017c3e15d2594b158c9b204277d24b392ea0c4,07/20/2025 06:37:00 PM,1,DRIVER,,2012315,,TOYOTA,RAV4,,,UNKNOWN,SPORT UTILITY VEHICLE (SUV),UNKNOWN/NA,W,STRAIGHT AHEAD,,,1,,,,,Y,Y,,,,,,,,,,N,,FRONT-RIGHT-CORNER,,,,,,,,,,,,,,,,,,,,,,,,,,,,,,,,,
2110866,35045339b96c347f6e37a8af79996d998718107152c23df8e9f1ff3ac36fbe9593837b0bb3d5d56ea590c9da0f017c3e15d2594b158c9b204277d24b392ea0c4,07/20/2025 06:37:00 PM,2,PARKED,,2012318,,FORD,F150,IL,2018,NONE,PICKUP,PERSONAL,W,PARKED,,,0,,,,,,,,,,Y,Y,Y,,,,,,REAR-LEFT-CORNER,,,,,,,,,,,,,,,,,,,,,,,,,,,,,,,,,
2110867,35045339b96c347f6e37a8af79996d998718107152c23df8e9f1ff3ac36fbe9593837b0bb3d5d56ea590c9da0f017c3e15d2594b158c9b204277d24b392ea0c4,07/20/2025 06:37:00 PM,3,PARKED,,2012321,,NISSAN,MURANO,IL,2010,NONE,SPORT UTILITY VEHICLE (SUV),PERSONAL,W,PARKED,,,0,,,,,,,,,,Y,,,,,,,,REAR,,,,,,,,,,,,,,,,,,,,,,,,,,,,,,,,,
2110850,23e9f846e4f2620e503f1084839582466b8768885aaf7ec7dae5107129e9da1c9dfb4755670c1e0f74b5160b0b93d55f1bb1721dd13d3c34249d07f7e0c16195,07/20/2025 06:35:00 PM,1,DRIVER,,2012304,,KIA,SEDONA,IL,2018,NONE,VAN/MINI-VAN,PERSONAL,W,STRAIGHT AHEAD,,,1,,,,Y,,,,,,,,,,,,,,FRONT,,,,,,,,,,,,,,,,,,,,,,,,,,,,,,,,,
2110851,23e9f846e4f2620e503f1084839582466b8768885aaf7ec7dae5107129e9da1c9dfb4755670c1e0f74b5160b0b93d55f1bb1721dd13d3c34249d07f7e0c16195,07/20/2025 06:35:00 PM,2,PEDESTRIAN,,,,,,,,,,,,,,,,,,,,,,,,,,,,,,,,,,,,,,,,,,,,,,,,,,,,,,,,,,,,,,,,,,
2110894,59f2e3392bcece49d232a671d4aa6791dbc908df91d7391dc686b91f178c2981b65300acca274247b134717c01c8d2cd58a801c1bd5f49e1b7b347f16a9a6d77,07/20/2025 06:35:00 PM,1,DRIVER,,2012345,,CHEVROLET,EQUINOX,,,UNKNOWN,PASSENGER,PERSONAL,N,STRAIGHT AHEAD,,,1,,,,,,,,,,,,,,Y,Y,Y,,FRONT-LEFT-CORNER,,,,,,,,,,,,,,,,,,,,,,,,,,,,,,,,,
2110895,59f2e3392bcece49d232a671d4aa6791dbc908df91d7391dc686b91f178c2981b65300acca274247b134717c01c8d2cd58a801c1bd5f49e1b7b347f16a9a6d77,07/20/2025 06:35:00 PM,2,DRIVER,,2012346,,CHEVROLET,SILVERADO,IL,2015,UNKNOWN,PICKUP,PERSONAL,N,STRAIGHT AHEAD,,,1,,,,,Y,,,,,,,,,,,Y,,FRONT-RIGHT-CORNER,,,,,,,,,,,,,,,,,,,,,,,,,,,,,,,,,
2110887,d06cc271f1ce1077b4171461847abe2e217a5eac7cdeb454559e37aacff21ae1cd3bf3e0fcadf70d53340aeb34cb1771501dc8016f5f8c1bade733793f6cf310,07/20/2025 06:34:00 PM,1,DRIVER,,2012871,,PONTIAC,CATALINA,IL,2005,NONE,PASSENGER,PERSONAL,NW,STRAIGHT AHEAD,,,1,,,,,,,,,,,,,,,Y,Y,,FRONT-LEFT-CORNER,,,,,,,,,,,,,,,,,,,,,,,,,,,,,,,,,
2110888,d06cc271f1ce1077b4171461847abe2e217a5eac7cdeb454559e37aacff21ae1cd3bf3e0fcadf70d53340aeb34cb1771501dc8016f5f8c1bade733793f6cf310,07/20/2025 06:34:00 PM,2,DRIVER,,2012951,,BMW,750,IL,2024,NONE,PASSENGER,PERSONAL,N,STRAIGHT AHEAD,,,1,,,,,,,Y,Y,Y,,,,,,,,,REAR-RIGHT-CORNER,,,,,,,,,,,,,,,,,,,,,,,,,,,,,,,,,
2110859,2beaf89c904b1fb9c108e31b3d6d2a0e1596985cf9a82dd14150ac9644250a8ce043e39c49702e981a753cb07e18f4895e66c27a1ba3d2a81d0b8e99f78267b3,07/20/2025 06:18:00 PM,1,DRIVER,,2012312,,JEEP,GRAND CHEROKEE,IL,2015,NONE,SPORT UTILITY VEHICLE (SUV),PERSONAL,E,STRAIGHT AHEAD,,,1,,,,,,,,,,N,,,,,,N,Y,UNKNOWN,,,,,,,,,,,,,,,,,,,,,,,,,,,,,,,,,
2110860,2beaf89c904b1fb9c108e31b3d6d2a0e1596985cf9a82dd14150ac9644250a8ce043e39c49702e981a753cb07e18f4895e66c27a1ba3d2a81d0b8e99f78267b3,07/20/2025 06:18:00 PM,2,DRIVER,,2012320,,BUICK,OTHER (EXPLAIN IN NARRATIVE),IL,2024,NONE,SPORT UTILITY VEHICLE (SUV),PERSONAL,E,SLOW/STOP IN TRAFFIC,,,1,,,,,,,,,,Y,,,,,,,,REAR,,,,,,,,,,,,,,,,,,,,,,,,,,,,,,,,,
2110854,382b372e4a690bc03e03f965b1807f4549e21d555dd20a9b7cefd536f7cb60c179210eafddb07edface32c908fa4ce39649b386b60fbcbb8cdd44517c9084b3b,07/20/2025 06:15:00 PM,1,DRIVER,,2012308,,TOYOTA,PRIUS,IL,2010,NONE,PASSENGER,PERSONAL,W,STRAIGHT AHEAD,,,1,,,,,Y,,,,,,,,,,Y,Y,,FRONT,,,,,,,,,,,,,,,,,,,,,,,,,,,,,,,,,
2110855,382b372e4a690bc03e03f965b1807f4549e21d555dd20a9b7cefd536f7cb60c179210eafddb07edface32c908fa4ce39649b386b60fbcbb8cdd44517c9084b3b,07/20/2025 06:15:00 PM,2,BICYCLE,,,,,,,,,,,,,,,,,,,,,,,,,,,,,,,,,,,,,,,,,,,,,,,,,,,,,,,,,,,,,,,,,,
2111386,e200c6a04c8895938dd32ecbf67c70bcdd9881436ef2b77b1d01fb607ba8d8db8ce083884e93012108e8a4ec258d7a722bdd6584096c78a6eceebcd4d3f7fc0a,07/20/2025 06:12:00 PM,1,DRIVER,,2012803,,NISSAN,KICKS,IL,2020,UNKNOWN,PASSENGER,UNKNOWN/NA,S,STRAIGHT AHEAD,,,1,,,,,,,,,,,Y,Y,Y,Y,Y,N,,SIDE-LEFT,,,,,,,,,,,,,,,,,,,,,,,,,,,,,,,,,
2111387,e200c6a04c8895938dd32ecbf67c70bcdd9881436ef2b77b1d01fb607ba8d8db8ce083884e93012108e8a4ec258d7a722bdd6584096c78a6eceebcd4d3f7fc0a,07/20/2025 06:12:00 PM,2,DRIVER,,2012814,,FORD,FUSION,IL,2018,UNKNOWN,PASSENGER,UNKNOWN/NA,W,SLOW/STOP IN TRAFFIC,,,1,,,,,,,,,,,,,,,,Y,,FRONT,,,,,,,,,,,,,,,,,,,,,,,,,,,,,,,,,
2110934,86000a5b5c67b2d7a67f8f47fba4c190c988ad5562ebd0249a5723e7eacffff75bdc8956622a3f5d268cf60a949de036fe77c16b03b604eda3f46307a62684b6,07/20/2025 06:00:00 PM,1,DRIVER,,2012378,,VANGUARD (CANADA),OTHER (EXPLAIN IN NARRATIVE),IL,2025,UNKNOWN,OTHER,COMMERCIAL - SINGLE UNIT,S,STRAIGHT AHEAD,,,1,,,,,,,,,,,Y,Y,Y,Y,Y,,,FRONT-LEFT-CORNER,,,,,,,,,,,,,,,,,,,,,,,,,,,,,,,,,
2110935,86000a5b5c67b2d7a67f8f47fba4c190c988ad5562ebd0249a5723e7eacffff75bdc8956622a3f5d268cf60a949de036fe77c16b03b604eda3f46307a62684b6,07/20/2025 06:00:00 PM,2,DRIVER,1,2012381,,MAZDA,OTHER (EXPLAIN IN NARRATIVE),IL,2016,UNKNOWN,PASSENGER,PERSONAL,S,STRAIGHT AHEAD,,,2,,,,,Y,Y,Y,Y,Y,,,,,,,,,SIDE-RIGHT,,,,,,,,,,,,,,,,,,,,,,,,,,,,,,,,,
2110828,9fc008999a0ef2a6d1a3541bd5bd3b688b3027f694edacc36bfab96af8adfe374fdd97352efd9e501d197d5409b530e04c37be655b0b08353d6bbddbb74d595c,07/20/2025 06:00:00 PM,1,DRIVER,,2012283,,VOLKSWAGEN,TIGUAN,IL,2021,UNKNOWN,UNKNOWN/NA,PERSONAL,UNKNOWN,UNKNOWN/NA,,,1,,,,,Y,Y,,,,,,,,,,Y,,FRONT-RIGHT-CORNER,,,,,,,,,,,,,,,,,,,,,,,,,,,,,,,,,
2110829,9fc008999a0ef2a6d1a3541bd5bd3b688b3027f694edacc36bfab96af8adfe374fdd97352efd9e501d197d5409b530e04c37be655b0b08353d6bbddbb74d595c,07/20/2025 06:00:00 PM,2,DRIVER,,2012288,,TOYOTA,RAV4,IL,2023,UNKNOWN,PASSENGER,PERSONAL,UNKNOWN,UNKNOWN/NA,,,1,,,,,,,,,,Y,Y,Y,,,,,,REAR-LEFT-CORNER,,,,,,,,,,,,,,,,,,,,,,,,,,,,,,,,,
2110830,ce5e59549f6f1709f622aeabe1f0612a6de0edfde75c923db38f14b931052512aaa020cffffb6e803bad13dbeeb2149ab4977d1f0c2ee6ba7a411368ec607bc7,07/20/2025 06:00:00 PM,1,DRIVER,,2012296,,JEEP,WRANGLER,IL,2017,UNKNOWN,PASSENGER,PERSONAL,E,TURNING LEFT,,,1,,,,,Y,,,,,,,,,,,Y,,FRONT-RIGHT-CORNER,,,,,,,,,,,,,,,,,,,,,,,,,,,,,,,,,
2110831,ce5e59549f6f1709f622aeabe1f0612a6de0edfde75c923db38f14b931052512aaa020cffffb6e803bad13dbeeb2149ab4977d1f0c2ee6ba7a411368ec607bc7,07/20/2025 06:00:00 PM,2,DRIVER,1,2012285,,SUBARU,WRX,IL,2019,NONE,PASSENGER,PERSONAL,W,TURNING RIGHT,,,2,,,,,,,,,,,,,,,Y,Y,,TOP,,,,,,,,,,,,,,,,,,,,,,,,,,,,,,,,,
2110826,d36347ee264a8c3d0c1c67a89aeadedc4ae01909169be7f11e75cccfe25055d80413cc7fff7aa262173f14ba27209296c250e5726c8c2612a7a9460b939cfd3b,07/20/2025 06:00:00 PM,1,DRIVER,,2012280,,FORD,OTHER (EXPLAIN IN NARRATIVE),IL,2011,UNKNOWN,SPORT UTILITY VEHICLE (SUV),UNKNOWN/NA,W,STRAIGHT AHEAD,,,1,,,,,N,N,,,,,,,,Y,Y,Y,,FRONT-LEFT-CORNER,,,,,,,,,,,,,,,,,,,,,,,,,,,,,,,,,
2110827,d36347ee264a8c3d0c1c67a89aeadedc4ae01909169be7f11e75cccfe25055d80413cc7fff7aa262173f14ba27209296c250e5726c8c2612a7a9460b939cfd3b,07/20/2025 06:00:00 PM,2,DRIVER,,2012284,,NISSAN,SENTRA,IL,2008,UNKNOWN,PASSENGER,PERSONAL,E,STRAIGHT AHEAD,,,1,,,,,,,,,,,Y,Y,Y,N,N,,,SIDE-LEFT-REAR,,,,,,,,,,,,,,,,,,,,,,,,,,,,,,,,,
2110961,9b4c1a165eae3f0aacd00c4fce9f963f1af303a74bd4eb494561e877423e0a303aeab832cc2002322040c9e2b1546d1b75014597a4ad303aea5de6f556e1423a,07/20/2025 05:50:00 PM,1,DRIVER,,2012415,,MITSUBISHI,OUTLANDER,MO,2024,NONE,PASSENGER,PERSONAL,W,STRAIGHT AHEAD,,,1,,,,,,,,,,,,,,,,,,FRONT,,,,,,,,,,,,,,,,,,,,,,,,,,,,,,,,,
2110962,9b4c1a165eae3f0aacd00c4fce9f963f1af303a74bd4eb494561e877423e0a303aeab832cc2002322040c9e2b1546d1b75014597a4ad303aea5de6f556e1423a,07/20/2025 05:50:00 PM,2,DRIVER,1,2012410,,DODGE,RAM 1500 PU,IL,2025,NONE,PICKUP,PERSONAL,W,STRAIGHT AHEAD,,,2,,,,,,,,,Y,Y,Y,,,,,,,REAR,,,,,,,,,,,,,,,,,,,,,,,,,,,,,,,,,
2110836,dd79e277d56c531f63ff9f8bcce32bdc21a7dc2b643194877a37d437a0eadb300bb9e699710b73b91c4d06752fee6f1624e15fcf069a9ef42d55f4fc22f1bd8b,07/20/2025 05:48:00 PM,1,DRIVER,,2012289,,FORD,TRANSIT,IL,2019,NONE,VAN/MINI-VAN,OTHER,E,BACKING,,,1,,,,,,,,,Y,,,,,,,,,SIDE-RIGHT-REAR,,,,,,,,,,,,,,,,,,,,,,,,,,,,,,,,,
2110837,dd79e277d56c531f63ff9f8bcce32bdc21a7dc2b643194877a37d437a0eadb300bb9e699710b73b91c4d06752fee6f1624e15fcf069a9ef42d55f4fc22f1bd8b,07/20/2025 05:48:00 PM,2,PARKED,,2012290,,GENERAL MOTORS CORPORATION (GMC),YUKON,IL,2009,NONE,SPORT UTILITY VEHICLE (SUV),OTHER,UNKNOWN,PARKED,,,0,,,,,,,,,,,,,,,Y,,,FRONT-LEFT-CORNER,,,,,,,,,,,,,,,,,,,,,,,,,,,,,,,,,
2110844,2ad5658ef9c8940f88db0627272c2ec933ca3cd5be2decbee5d24282b600be28c9d99c70fdc75bd4ce7c61c819f06f0c206aced8000c3a0c429356abc003dbc6,07/20/2025 05:45:00 PM,1,DRIVER,1,2012302,,CHEVROLET,CRUZE,IL,2014,UNKNOWN,PASSENGER,PERSONAL,W,STRAIGHT AHEAD,,,2,,,,,Y,,,,,,,,,,Y,Y,,FRONT,,,,,,,,,,,,,,,,,,,,,,,,,,,,,,,,,
2110845,2ad5658ef9c8940f88db0627272c2ec933ca3cd5be2decbee5d24282b600be28c9d99c70fdc75bd4ce7c61c819f06f0c206aced8000c3a0c429356abc003dbc6,07/20/2025 05:45:00 PM,2,DRIVER,3,2012306,,HONDA,ODYSSEY,IL,2005,UNKNOWN,PASSENGER,PERSONAL,N,STRAIGHT AHEAD,,,4,,,,,,Y,Y,Y,,,,,,,,,,SIDE-LEFT,,,,,,,,,,,,,,,,,,,,,,,,,,,,,,,,,
2110852,08060764d39c5c3abad8a358eb9054dcfbded0a8fbee3a628ea9cc182eddf7f6c31bb51298cc4ff5c2a21c011a8c11d6d3117504fd88b915622ac177e6028ef1,07/20/2025 05:40:00 PM,1,DRIVER,,2012305,,BMW,BMW,IL,2021,UNKNOWN,PASSENGER,PERSONAL,S,STRAIGHT AHEAD,,,1,,,,,,,,,,,,,Y,Y,Y,,,SIDE-LEFT-FRONT,,,,,,,,,,,,,,,,,,,,,,,,,,,,,,,,,
2110853,08060764d39c5c3abad8a358eb9054dcfbded0a8fbee3a628ea9cc182eddf7f6c31bb51298cc4ff5c2a21c011a8c11d6d3117504fd88b915622ac177e6028ef1,07/20/2025 05:40:00 PM,2,DRIVER,1,2012309,,TESLA,MODEL 3,IL,2025,NONE,PASSENGER,PERSONAL,S,STARTING IN TRAFFIC,,,2,,,,,,Y,Y,,,,,,,,,,,SIDE-RIGHT-FRONT,,,,,,,,,,,,,,,,,,,,,,,,,,,,,,,,,
2110820,e4de1138ee48cea819307198dde2aea516cd269c202e14e61240be7cace99fd9b878e2bb63980183c6bb4972bdd39cbca50d28f91175e3ed553653c43abde569,07/20/2025 05:40:00 PM,1,DRIVER,1,2012277,,HONDA,HR-V,IN,2019,NONE,PASSENGER,PERSONAL,UNKNOWN,SLOW/STOP IN TRAFFIC,,,2,,,,,Y,,,,,,,,,,,,,FRONT-RIGHT-CORNER,,,,,,,,,,,,,,,,,,,,,,,,,,,,,,,,,
2110821,e4de1138ee48cea819307198dde2aea516cd269c202e14e61240be7cace99fd9b878e2bb63980183c6bb4972bdd39cbca50d28f91175e3ed553653c43abde569,07/20/2025 05:40:00 PM,2,PARKED,,2012282,,TOYOTA,HIGHLANDER,IL,2010,UNKNOWN,PASSENGER,NOT IN USE,UNKNOWN,PARKED,,,0,,,,,Y,,,,,,,,,,,,,FRONT-RIGHT-CORNER,,,,,,,,,,,,,,,,,,,,,,,,,,,,,,,,,
2110822,aa2d57b7dd3b1bc59e3223ddbcb917dc1cb8856b28a05e1d2df105b8ac46cdd20962cdd62dfe28ef25bd0283ab1d5b9ebf01be513e1c956da9ece757c467d365,07/20/2025 05:32:00 PM,1,DRIVER,,2012278,,TOYOTA,CAMRY,IL,2003,UNKNOWN,PASSENGER,PERSONAL,UNKNOWN,ENTERING TRAFFIC LANE FROM PARKING,,,1,,,,,,,,,,,,,Y,Y,Y,,,FRONT-LEFT-CORNER,,,,,,,,,,,,,,,,,,,,,,,,,,,,,,,,,
2110823,aa2d57b7dd3b1bc59e3223ddbcb917dc1cb8856b28a05e1d2df105b8ac46cdd20962cdd62dfe28ef25bd0283ab1d5b9ebf01be513e1c956da9ece757c467d365,07/20/2025 05:32:00 PM,2,DRIVER,,2012276,,TOYOTA,CAMRY,IL,2023,NONE,PASSENGER,PERSONAL,UNKNOWN,STRAIGHT AHEAD,,,1,,,,,,,Y,Y,Y,Y,,,,,,,,REAR-RIGHT-CORNER,,,,,,,,,,,,,,,,,,,,,,,,,,,,,,,,,
2110834,5ebbb530a45bf9676fe21ba80183f9d2138fc104ce18894195b8f004544dc759d634359277aba5c54508740d6b0ec147b24eb38c0334a4b8c84fb9849c0d3e86,07/20/2025 05:30:00 PM,1,DRIVER,,2012291,,FORD,ESCAPE,IL,2001,UNKNOWN,PASSENGER,PERSONAL,SW,TURNING LEFT,,,1,,,,,Y,,,,,,,,,,,,,FRONT-RIGHT-CORNER,,,,,,,,,,,,,,,,,,,,,,,,,,,,,,,,,
2110835,5ebbb530a45bf9676fe21ba80183f9d2138fc104ce18894195b8f004544dc759d634359277aba5c54508740d6b0ec147b24eb38c0334a4b8c84fb9849c0d3e86,07/20/2025 05:30:00 PM,2,DRIVER,,2012294,,FORD,EXPLORER,IL,2016,NONE,PASSENGER,PERSONAL,W,STRAIGHT AHEAD,,,1,,,,,,,,,,Y,Y,,,,,,,SIDE-LEFT-REAR,,,,,,,,,,,,,,,,,,,,,,,,,,,,,,,,,
2111927,b6d76d40cfd539959febfd649e60dd8681f7876821d4012acf8c7457e0649771c4e0bf00084ee7d4abc2496f369c7aed4b5bf8110e25a3026c2962ea3e778760,07/20/2025 05:25:00 PM,1,DRIVER,,2013325,,JEEP,GRAND CHEROKEE,IL,2022,UNKNOWN,SPORT UTILITY VEHICLE (SUV),PERSONAL,W,STRAIGHT AHEAD,,,1,,,,,,,,,,,,,,,,Y,,FRONT,,,,,,,,,,,,,,,,,,,,,,,,,,,,,,,,,
2111928,b6d76d40cfd539959febfd649e60dd8681f7876821d4012acf8c7457e0649771c4e0bf00084ee7d4abc2496f369c7aed4b5bf8110e25a3026c2962ea3e778760,07/20/2025 05:25:00 PM,2,DRIVER,,2013331,,TOYOTA,COROLLA,IL,2018,UNKNOWN,PASSENGER,PERSONAL,W,STRAIGHT AHEAD,,,1,,,,,,,,,,Y,,,,,,,,REAR,,,,,,,,,,,,,,,,,,,,,,,,,,,,,,,,,
2110807,08c862c1ed4e11f34517dd03207628a54ea2bd6df3d170c7d0fd88403f131ff3001c793f46291ee18a7bf2e13bb5c591cceb615a9be775819f171c954a19cc14,07/20/2025 05:08:00 PM,1,DRIVER,,2012259,,TOYOTA,CAMRY,IL,1998,UNKNOWN,PASSENGER,UNKNOWN/NA,N,UNKNOWN/NA,Y,,1,,STREETS AND SANITATION,701 N SACRAMENTO,,Y,Y,Y,,,,,,,,,,,FRONT-RIGHT-CORNER,,,,,,,,,,,,,,,,,,,,,,,,,,,,,,,,,
2110808,08c862c1ed4e11f34517dd03207628a54ea2bd6df3d170c7d0fd88403f131ff3001c793f46291ee18a7bf2e13bb5c591cceb615a9be775819f171c954a19cc14,07/20/2025 05:08:00 PM,2,PARKED,,2012268,,LEXUS,GX,IL,2016,NONE,PASSENGER,NOT IN USE,N,PARKED,,,0,,,,,,,,,,,,Y,Y,Y,,,,SIDE-LEFT,,,,,,,,,,,,,,,,,,,,,,,,,,,,,,,,,
2110809,08c862c1ed4e11f34517dd03207628a54ea2bd6df3d170c7d0fd88403f131ff3001c793f46291ee18a7bf2e13bb5c591cceb615a9be775819f171c954a19cc14,07/20/2025 05:08:00 PM,3,PARKED,,2012272,,CHEVROLET,TRAIL BLAZER,IL,2006,NONE,PASSENGER,NOT IN USE,N,PARKED,,,0,,,,,,,,,,Y,,,,,,,,REAR,,,,,,,,,,,,,,,,,,,,,,,,,,,,,,,,,
2110818,5d083a553bb86e68542dc6cc6f3711880e6dd6c5cc876434181576aa9a4e336c78abb8262e62f3a92cdc64e9e073a2e7dee1d1050967ebb61ccf8fd221c6006d,07/20/2025 05:00:00 PM,1,DRIVER,,2012273,,UNKNOWN,OTHER (EXPLAIN IN NARRATIVE),,,UNKNOWN,UNKNOWN/NA,UNKNOWN/NA,E,STRAIGHT AHEAD,,,1,,,,,,,,,,,,,,,,,Y,FRONT-RIGHT-CORNER,,,,,,,,,,,,,,,,,,,,,,,,,,,,,,,,,
2110819,5d083a553bb86e68542dc6cc6f3711880e6dd6c5cc876434181576aa9a4e336c78abb8262e62f3a92cdc64e9e073a2e7dee1d1050967ebb61ccf8fd221c6006d,07/20/2025 05:00:00 PM,2,PARKED,,2012275,,TOYOTA,CAMRY,IL,2025,UNKNOWN,PASSENGER,PERSONAL,UNKNOWN,PARKED,,,0,,,,,,,,,,,,,,Y,Y,Y,,FRONT-LEFT-CORNER,,,,,,,,,,,,,,,,,,,,,,,,,,,,,,,,,
2110810,7e296f7203fcdc0c4ca34aeb9b4e8512ff2cea9c39c894d08bd6bcb3a49bef6eaa2b263386505913e5d01ecc4437d7cfaa46f0f3c8674dc811edd9522a00c92a,07/20/2025 05:00:00 PM,1,DRIVER,,2012260,,CHEVROLET,EXPRESS,IL,,UNKNOWN,UNKNOWN/NA,UNKNOWN/NA,N,UNKNOWN/NA,,,1,,,,,,,,,,,,,,,,,Y,FRONT-LEFT-CORNER,,,,,,,,,,,,,,,,,,,,,,,,,,,,,,,,,
2110811,7e296f7203fcdc0c4ca34aeb9b4e8512ff2cea9c39c894d08bd6bcb3a49bef6eaa2b263386505913e5d01ecc4437d7cfaa46f0f3c8674dc811edd9522a00c92a,07/20/2025 05:00:00 PM,2,DRIVER,3,2012267,,HONDA,ODYSSEY,IL,2009,UNKNOWN,VAN/MINI-VAN,PERSONAL,S,STRAIGHT AHEAD,,,4,,,,,,,,,,,,,,Y,Y,Y,,FRONT-LEFT-CORNER,,,,,,,,,,,,,,,,,,,,,,,,,,,,,,,,,
2111200,f5fbbe2530f4b2a9a37577c755e1750cfed63e2915ee0d147d897272aa3029f0702f1cff6f0cfdc22f4b4e8d869e0d76f17400a0fd63aa1db8980043da69f798,07/20/2025 05:00:00 PM,1,DRIVER,,2012629,,UNKNOWN,OTHER (EXPLAIN IN NARRATIVE),,,UNKNOWN,UNKNOWN/NA,UNKNOWN/NA,UNKNOWN,UNKNOWN/NA,,,1,,,,,,,,,,,,,,,,,,UNKNOWN,,,,,,,,,,,,,,,,,,,,,,,,,,,,,,,,,
2111201,f5fbbe2530f4b2a9a37577c755e1750cfed63e2915ee0d147d897272aa3029f0702f1cff6f0cfdc22f4b4e8d869e0d76f17400a0fd63aa1db8980043da69f798,07/20/2025 05:00:00 PM,2,PARKED,,2012636,,BUICK,OTHER (EXPLAIN IN NARRATIVE),IL,2024,BRAKES,SPORT UTILITY VEHICLE (SUV),PERSONAL,E,PARKED IN TRAFFIC LANE,,,0,,,,,,,Y,Y,,,,,,,,,,SIDE-RIGHT,,,,,,,,,,,,,,,,,,,,,,,,,,,,,,,,,
2111515,a3d247585f87941b73d31b03cced18e5b8dd26ce3aa05a66f1a9f792ec5eac8f36abb2368ae326ae364c79748ff0208e5e09a172b81317c7780c152d49c64310,07/20/2025 04:59:00 PM,1,DRIVER,,2012921,,NISSAN,SENTRA,IL,2019,UNKNOWN,PASSENGER,PERSONAL,W,PASSING/OVERTAKING,,,1,,,,,Y,Y,,,,,,,,,,,,FRONT-RIGHT-CORNER,,,,,,,,,,,,,,,,,,,,,,,,,,,,,,,,,
2111516,a3d247585f87941b73d31b03cced18e5b8dd26ce3aa05a66f1a9f792ec5eac8f36abb2368ae326ae364c79748ff0208e5e09a172b81317c7780c152d49c64310,07/20/2025 04:59:00 PM,2,DRIVER,,2012928,,HONDA,CR-V,IL,2019,UNKNOWN,PASSENGER,PERSONAL,W,OTHER,,,1,,,,,,,,,,,Y,Y,,,,,,REAR-LEFT-CORNER,,,,,,,,,,,,,,,,,,,,,,,,,,,,,,,,,
2110840,5486f85612afd87dfe470e889679b7ad622cc842a58fe9e80727886f279595227be3f209f56a878849c02d80b4671b7ef5dcc9d2a255eb9b5ca5f92f47e1e9c3,07/20/2025 04:56:00 PM,1,DRIVER,,2012300,,UNKNOWN,MOTORIZED,IL,,UNKNOWN,MOPED OR MOTORIZED BICYCLE,UNKNOWN/NA,W,STRAIGHT AHEAD,,,1,,,,,,,,,,,,,,,,,Y,UNKNOWN,,,,,,,,,,,,,,,,,,,,,,,,,,,,,,,,,