CRASH_UNIT_ID,CRASH_RECORD_ID,CRASH_DATE,UNIT_NO,UNIT_TYPE,NUM_PASSENGERS,VEHICLE_ID,CMRC_VEH_I,MAKE,MODEL,LIC_PLATE_STATE,VEHICLE_YEAR,VEHICLE_DEFECT,VEHICLE_TYPE,VEHICLE_USE,TRAVEL_DIRECTION,MANEUVER,TOWED_I,FIRE_I,OCCUPANT_CNT,EXCEED_SPEED_LIMIT_I,TOWED_BY,TOWED_TO,AREA_00_I,AREA_01_I,AREA_02_I,AREA_03_I,AREA_04_I,AREA_05_I,AREA_06_I,AREA_07_I,AREA_08_I,AREA_09_I,AREA_10_I,AREA_11_I,AREA_12_I,AREA_99_I,FIRST_CONTACT_POINT,CMV_ID,USDOT_NO,CCMC_NO,ILCC_NO,COMMERCIAL_SRC,GVWR,CARRIER_NAME,CARRIER_STATE,CARRIER_CITY,HAZMAT_PLACARDS_I,HAZMAT_NAME,UN_NO,HAZMAT_PRESENT_I,HAZMAT_REPORT_I,HAZMAT_REPORT_NO,MCS_REPORT_I,MCS_REPORT_NO,HAZMAT_VIO_CAUSE_CRASH_I,MCS_VIO_CAUSE_CRASH_I,IDOT_PERMIT_NO,WIDE_LOAD_I,TRAILER1_WIDTH,TRAILER2_WIDTH,TRAILER1_LENGTH,TRAILER2_LENGTH,TOTAL_VEHICLE_LENGTH,AXLE_CNT,VEHICLE_CONFIG,CARGO_BODY_TYPE,LOAD_TYPE,HAZMAT_OUT_OF_SERVICE_I,MCS_OUT_OF_SERVICE_I,HAZMAT_CLASS
2110841,5486f85612afd87dfe470e889679b7ad622cc842a58fe9e80727886f279595227be3f209f56a878849c02d80b4671b7ef5dcc9d2a255eb9b5ca5f92f47e1e9c3,07/20/2025 04:56:00 PM,2,DRIVER,,2012307,,TOYOTA,PRIUS,IL,2012,UNKNOWN,PASSENGER,UNKNOWN/NA,S,STRAIGHT AHEAD,,,1,,,,,,,,,,,,,,Y,Y,,,SIDE-LEFT,,,,,,,,,,,,,,,,,,,,,,,,,,,,,,,,,
2110786,8f34cd780eb922d4908018320d069db25d66ead7d243909d8a4a5206cab8cda8afc15c09558b2f45705243428f6637facae172683818feb11c8613b09479ddb1,07/20/2025 04:45:00 PM,1,DRIVER,,2012261,,NISSAN,ROGUE,IL,2017,UNKNOWN,PASSENGER,PERSONAL,NW,TURNING LEFT,Y,,1,,citywide roadway,unknown,,Y,,,,,,,,,,Y,Y,,FRONT,,,,,,,,,,,,,,,,,,,,,,,,,,,,,,,,,
2110787,8f34cd780eb922d4908018320d069db25d66ead7d243909d8a4a5206cab8cda8afc15c09558b2f45705243428f6637facae172683818feb11c8613b09479ddb1,07/20/2025 04:45:00 PM,2,DRIVER,,2012271,,CHEVROLET,IMPALA,IL,2016,NONE,PASSENGER,PERSONAL,S,STRAIGHT AHEAD,Y,,1,,emergency reload,,,Y,,,,,,,,,,Y,Y,,FRONT,,,,,,,,,,,,,,,,,,,,,,,,,,,,,,,,,
2110771,288bda4507b18dbdaad3348b2c699ba356e2aa83c5d3f9fa75a745623e33c029948397feaae0b296948aac15f64c825185fa14cfcfec74998af97e0ab0094477,07/20/2025 04:35:00 PM,1,DRIVER,,2012218,,HONDA,OTHER (EXPLAIN IN NARRATIVE),IL,2001,UNKNOWN,PASSENGER,UNKNOWN/NA,E,STRAIGHT AHEAD,,,1,,,,,,,,,,,,,,,,,Y,UNKNOWN,,,,,,,,,,,,,,,,,,,,,,,,,,,,,,,,,
2110772,288bda4507b18dbdaad3348b2c699ba356e2aa83c5d3f9fa75a745623e33c029948397feaae0b296948aac15f64c825185fa14cfcfec74998af97e0ab0094477,07/20/2025 04:35:00 PM,2,DRIVER,,2012222,,TOYOTA,HIGHLANDER,IL,2017,NONE,SPORT UTILITY VEHICLE (SUV),PERSONAL,E,SLOW/STOP IN TRAFFIC,,,1,,,,,,,,,,Y,,,,,,,,REAR,,,,,,,,,,,,,,,,,,,,,,,,,,,,,,,,,
2110784,85504e4ebacbfd6a9519f30156865626bf3029eb73841b699275527159e62578ea3d436d0dc6024f1a7a6311b1cbb8ad52544d6565cabb66ed9306faf7e9deb6,07/20/2025 04:30:00 PM,1,DRIVER,,2012230,,CHEVROLET,EQUINOX,IL,2019,NONE,PASSENGER,PERSONAL,E,STRAIGHT AHEAD,,,1,,,,,Y,,,,,,,,,,Y,Y,,FRONT-RIGHT-CORNER,,,,,,,,,,,,,,,,,,,,,,,,,,,,,,,,,
2110785,85504e4ebacbfd6a9519f30156865626bf3029eb73841b699275527159e62578ea3d436d0dc6024f1a7a6311b1cbb8ad52544d6565cabb66ed9306faf7e9deb6,07/20/2025 04:30:00 PM,2,DRIVER,,2012236,,HYUNDAI,ACCENT,IL,2015,NONE,PASSENGER,PERSONAL,N,STRAIGHT AHEAD,,,1,,,,,,,,,,,Y,Y,Y,,,,,SIDE-LEFT,,,,,,,,,,,,,,,,,,,,,,,,,,,,,,,,,
2112682,a55cfcbb324ecf97411705b3ee207b3616666dba5e9b5f4165214574654ae05268dfd842437e58c6a1c05a1eb3535eef8da132089905db7ef6e4f0b2ac13cc60,07/20/2025 04:30:00 PM,1,DRIVER,,2014041,,VOLKSWAGEN,TIGUAN,IL,2014,UNKNOWN,PASSENGER,UNKNOWN/NA,UNKNOWN,BACKING,,,1,,,,,,,,,,,,,,,,,Y,REAR,,,,,,,,,,,,,,,,,,,,,,,,,,,,,,,,,
2112683,a55cfcbb324ecf97411705b3ee207b3616666dba5e9b5f4165214574654ae05268dfd842437e58c6a1c05a1eb3535eef8da132089905db7ef6e4f0b2ac13cc60,07/20/2025 04:30:00 PM,2,DRIVER,,2014047,,TOYOTA,CAMRY,IL,2020,NONE,PASSENGER,PERSONAL,UNKNOWN,BACKING,,,1,,,,,,,Y,Y,Y,,,,,,,,,SIDE-RIGHT,,,,,,,,,,,,,,,,,,,,,,,,,,,,,,,,,
2110797,feff4ee2270f59b2b2339dd93877eff14b9ade8ccd5854ab50c1e541996c37464bd86d03c05588ebfad25d52e3e8c22bc9a33a0c1d9c55362cf87304cfb751fd,07/20/2025 04:30:00 PM,1,DRIVER,,2012257,,CHEVROLET,OTHER (EXPLAIN IN NARRATIVE),IL,2018,UNKNOWN,UNKNOWN/NA,UNKNOWN/NA,UNKNOWN,TURNING LEFT,,,1,,,,,Y,,,,,,,,,,Y,Y,,FRONT,,,,,,,,,,,,,,,,,,,,,,,,,,,,,,,,,
2110798,feff4ee2270f59b2b2339dd93877eff14b9ade8ccd5854ab50c1e541996c37464bd86d03c05588ebfad25d52e3e8c22bc9a33a0c1d9c55362cf87304cfb751fd,07/20/2025 04:30:00 PM,2,DRIVER,,2012265,,TOYOTA,YARIS,IL,2007,UNKNOWN,UNKNOWN/NA,UNKNOWN/NA,UNKNOWN,UNKNOWN/NA,,,1,,,,,,Y,Y,Y,Y,,,,,,,,,SIDE-RIGHT,,,,,,,,,,,,,,,,,,,,,,,,,,,,,,,,,
2110782,13558e4c6cc28cb63ac6f02fa36ad7edd285d3aa287d0f6c2cd7f96b013585c233309726712035b191a6b8665858f036923a2b105ce5c903427835a487fb929f,07/20/2025 04:15:00 PM,1,DRIVER,,2012243,,JEEP,CHEROKEE,IL,2020,NONE,PASSENGER,PERSONAL,W,STRAIGHT AHEAD,,,1,,,,,,,,,,,,,,,,Y,,FRONT,,,,,,,,,,,,,,,,,,,,,,,,,,,,,,,,,
2110783,13558e4c6cc28cb63ac6f02fa36ad7edd285d3aa287d0f6c2cd7f96b013585c233309726712035b191a6b8665858f036923a2b105ce5c903427835a487fb929f,07/20/2025 04:15:00 PM,2,DRIVER,,2012250,,CADILLAC,ESCALADE,IL,2005,NONE,PASSENGER,PERSONAL,W,STRAIGHT AHEAD,,,1,,,,,,,,,,Y,,,,,,,,REAR,,,,,,,,,,,,,,,,,,,,,,,,,,,,,,,,,
2110744,152f45cea95c7be42206cfa768329327e3d53fb4c80fcec61dc0c484f19ca588d9487cd8af7b17a4c9e02e6fde93b65870825c0ca726e5276c73ef3accc02cde,07/20/2025 04:15:00 PM,1,DRIVER,,2012223,,KIA,OTHER (EXPLAIN IN NARRATIVE),IL,,UNKNOWN,PASSENGER,UNKNOWN/NA,W,PASSING/OVERTAKING,,,1,,,,,Y,,,,,,,,,,,,,FRONT-RIGHT-CORNER,,,,,,,,,,,,,,,,,,,,,,,,,,,,,,,,,
2110745,152f45cea95c7be42206cfa768329327e3d53fb4c80fcec61dc0c484f19ca588d9487cd8af7b17a4c9e02e6fde93b65870825c0ca726e5276c73ef3accc02cde,07/20/2025 04:15:00 PM,2,DRIVER,,2012204,,TOYOTA,CAMRY,IL,2013,OTHER,PASSENGER,PERSONAL,W,STRAIGHT AHEAD,,,1,,,,,,,,,,,Y,,,,,,,REAR-LEFT-CORNER,,,,,,,,,,,,,,,,,,,,,,,,,,,,,,,,,
2110753,a2f4b833151c2daded39b57cba3d5019cdcf441c8aab5c3bb03700d982d42c6e55068132d2c43c9794bd3eb182182f5497747c6c7ff842be5c3ede167b67cde2,07/20/2025 04:15:00 PM,1,DRIVER,,2012206,,FORD,FOCUS,WI,2005,WHEELS,PASSENGER,PERSONAL,S,STRAIGHT AHEAD,Y,,1,,unk,unk,,Y,,,,,,,,,Y,Y,Y,,FRONT,,,,,,,,,,,,,,,,,,,,,,,,,,,,,,,,,
2110754,a2f4b833151c2daded39b57cba3d5019cdcf441c8aab5c3bb03700d982d42c6e55068132d2c43c9794bd3eb182182f5497747c6c7ff842be5c3ede167b67cde2,07/20/2025 04:15:00 PM,2,DRIVER,,2012212,,GENERAL MOTORS CORPORATION (GMC),TRUCK,IL,2021,NONE,PICKUP,PERSONAL,S,STRAIGHT AHEAD,,,1,,,,,,,,Y,Y,,,,,,,,,SIDE-RIGHT-REAR,,,,,,,,,,,,,,,,,,,,,,,,,,,,,,,,,
2110790,3d77df366c23daf6c4fe7eb429876af9b190b0d3e1672e59bb97b9b31588412065e62c48a33a6a3442e24a8d3720a06f9563fe3f7bf1f6dea74c6962d837c268,07/20/2025 04:14:00 PM,1,DRIVER,,2012239,,HONDA,CR-V,IL,2009,UNKNOWN,SPORT UTILITY VEHICLE (SUV),PERSONAL,W,STRAIGHT AHEAD,,,1,,,,,Y,,,,,,,,,,Y,Y,,FRONT,,,,,,,,,,,,,,,,,,,,,,,,,,,,,,,,,
2110791,3d77df366c23daf6c4fe7eb429876af9b190b0d3e1672e59bb97b9b31588412065e62c48a33a6a3442e24a8d3720a06f9563fe3f7bf1f6dea74c6962d837c268,07/20/2025 04:14:00 PM,2,DRIVER,,2012246,,MERCEDES-BENZ,300 SERIES,MI,2014,UNKNOWN,PASSENGER,PERSONAL,S,STRAIGHT AHEAD,,,1,,,,,,,,,,,,Y,Y,,,,,SIDE-LEFT-REAR,,,,,,,,,,,,,,,,,,,,,,,,,,,,,,,,,
2110814,87abbc97ede0585171a67548abef79ce5a66f87be216344b4a34584c851e9b50afa3e7434ef7c0094ecd5ab6c4a30259d2ae5d5af3bfd8f1917a9cac7be9de91,07/20/2025 04:10:00 PM,1,DRIVER,,2012270,,MASERATI,LEVANTE,WI,2019,UNKNOWN,SPORT UTILITY VEHICLE (SUV),PERSONAL,UNKNOWN,CHANGING LANES,,,1,,,,,Y,Y,,,,,,,,,,,,FRONT-RIGHT-CORNER,,,,,,,,,,,,,,,,,,,,,,,,,,,,,,,,,
2110815,87abbc97ede0585171a67548abef79ce5a66f87be216344b4a34584c851e9b50afa3e7434ef7c0094ecd5ab6c4a30259d2ae5d5af3bfd8f1917a9cac7be9de91,07/20/2025 04:10:00 PM,2,DRIVER,,2012274,,LEXUS,RX,IL,2013,UNKNOWN,SPORT UTILITY VEHICLE (SUV),PERSONAL,UNKNOWN,STRAIGHT AHEAD,,,1,,,,,,,,,,,Y,Y,,,,,,SIDE-LEFT-REAR,,,,,,,,,,,,,,,,,,,,,,,,,,,,,,,,,
2110769,ee7aaad7332967b8e96d9e3596a9f2caeb0b675dec085fc37a151b7c41c89548d23f6f69ff053c407d35d95517096ec6f260f1f2d437dabb5e1522df502a5300,07/20/2025 04:10:00 PM,1,DRIVER,,2012217,,NISSAN,JUKE,IL,2016,UNKNOWN,PASSENGER,PERSONAL,N,MERGING,,,1,,,,,,,,,,,,,,,Y,,,FRONT-RIGHT-CORNER,,,,,,,,,,,,,,,,,,,,,,,,,,,,,,,,,
2110770,ee7aaad7332967b8e96d9e3596a9f2caeb0b675dec085fc37a151b7c41c89548d23f6f69ff053c407d35d95517096ec6f260f1f2d437dabb5e1522df502a5300,07/20/2025 04:10:00 PM,2,DRIVER,,2012221,,AUDI,OTHER (EXPLAIN IN NARRATIVE),IL,2025,UNKNOWN,PASSENGER,PERSONAL,N,STRAIGHT AHEAD,,,1,,,,,,,Y,Y,Y,,,,,,,,,SIDE-RIGHT,,,,,,,,,,,,,,,,,,,,,,,,,,,,,,,,,
2110799,d934188ac1b01c4e607ea14d780172fd3e07228d7b9bc6cc0feeeb2f754b485c4fbe25c48d9d47e8df82cc0a0775a088c6cb7fa225c5b26f9c076303303ae736,07/20/2025 04:05:00 PM,1,DRIVER,,2012248,,FORD,EXPLORER,IL,2022,NONE,PASSENGER,PERSONAL,S,TURNING RIGHT,,,1,,,,,,,Y,Y,,,,,,,,,,SIDE-RIGHT,,,,,,,,,,,,,,,,,,,,,,,,,,,,,,,,,
2110800,d934188ac1b01c4e607ea14d780172fd3e07228d7b9bc6cc0feeeb2f754b485c4fbe25c48d9d47e8df82cc0a0775a088c6cb7fa225c5b26f9c076303303ae736,07/20/2025 04:05:00 PM,2,DRIVER,1,2012258,,FORD,ESCAPE,IL,2017,NONE,PASSENGER,PERSONAL,S,STRAIGHT AHEAD,,,2,,,,,,,,,,,,,,Y,Y,,,FRONT-LEFT-CORNER,,,,,,,,,,,,,,,,,,,,,,,,,,,,,,,,,
2110765,10c5c4c5d91d93f260f96794501d09b7e8ae13497cc7b35e212f0d703c47e08a8e53df68315a7db3e77639589e324d71b704bec6e5d973ccd61c2b22a0151f8f,07/20/2025 04:02:00 PM,1,DRIVER,3,2012219,,CHEVROLET,SUBURBAN,GA,2006,NONE,PASSENGER,PERSONAL,N,STRAIGHT AHEAD,,,4,,,,,Y,Y,,,,,,,,,,,,FRONT-RIGHT-CORNER,,,,,,,,,,,,,,,,,,,,,,,,,,,,,,,,,
2110766,10c5c4c5d91d93f260f96794501d09b7e8ae13497cc7b35e212f0d703c47e08a8e53df68315a7db3e77639589e324d71b704bec6e5d973ccd61c2b22a0151f8f,07/20/2025 04:02:00 PM,2,DRIVER,,2012229,,HONDA,CIVIC,IN,2012,NONE,PASSENGER,PERSONAL,W,STRAIGHT AHEAD,,,1,,,,,Y,,,,,,,,,,Y,Y,,FRONT,,,,,,,,,,,,,,,,,,,,,,,,,,,,,,,,,
2110749,335ae100402cad91b4549564bbf6ed28ce56cb51f37d7946f30f2077a9e485df910358245c3c7d80081b2537792aa86ee2e36714fad35522bccbfe2f7c175370,07/20/2025 04:02:00 PM,1,DRIVER,,2012199,,CHEVROLET,AVEO,,,UNKNOWN,PASSENGER,UNKNOWN/NA,UNKNOWN,ENTERING TRAFFIC LANE FROM PARKING,,,1,,,,,,,,,,,,,,,,,Y,UNKNOWN,,,,,,,,,,,,,,,,,,,,,,,,,,,,,,,,,
2110750,335ae100402cad91b4549564bbf6ed28ce56cb51f37d7946f30f2077a9e485df910358245c3c7d80081b2537792aa86ee2e36714fad35522bccbfe2f7c175370,07/20/2025 04:02:00 PM,2,PARKED,,2012201,,VOLKSWAGEN,ATLAS,IL,2018,NONE,SPORT UTILITY VEHICLE (SUV),PERSONAL,UNKNOWN,PARKED,,,0,,,,,,,,,,,Y,Y,,,,,,SIDE-LEFT-REAR,,,,,,,,,,,,,,,,,,,,,,,,,,,,,,,,,
2111359,5c8c91103211512711b0c379fb5a214b0d0befc4fe0bb2d287f060831650197487ac82ed57f87d99ee310972ea0b88204364279b455cdc4e7e619f71ea490c81,07/20/2025 04:00:00 PM,1,DRIVER,,2012782,,DODGE,CARAVAN,AR,2010,UNKNOWN,VAN/MINI-VAN,PERSONAL,S,BACKING,,,1,,,,,,,,,Y,,,,,,,,,REAR-RIGHT-CORNER,,,,,,,,,,,,,,,,,,,,,,,,,,,,,,,,,
2111360,5c8c91103211512711b0c379fb5a214b0d0befc4fe0bb2d287f060831650197487ac82ed57f87d99ee310972ea0b88204364279b455cdc4e7e619f71ea490c81,07/20/2025 04:00:00 PM,2,PARKED,2,2012794,,CHEVROLET,TRAIL BLAZER,IL,2021,UNKNOWN,PASSENGER,NOT IN USE,N,PARKED,,,2,,,,,,,,,,,,,Y,Y,,,,SIDE-LEFT,,,,,,,,,,,,,,,,,,,,,,,,,,,,,,,,,
2110794,5972b7dad0628ff89b723c07caea88efd05edded4383c34882bf2487c615ad9e26c9006529b1934232e7282b8d0f5ec04ed9c13fc1980e912c3b42af00d04ad7,07/20/2025 03:56:00 PM,1,DRIVER,,2012240,,CHEVROLET,TRAVERSE,IL,2011,UNKNOWN,PASSENGER,PERSONAL,S,TURNING LEFT,,,1,,,,,Y,,,,,,,,,Y,Y,Y,,SIDE-LEFT,,,,,,,,,,,,,,,,,,,,,,,,,,,,,,,,,
2110795,5972b7dad0628ff89b723c07caea88efd05edded4383c34882bf2487c615ad9e26c9006529b1934232e7282b8d0f5ec04ed9c13fc1980e912c3b42af00d04ad7,07/20/2025 03:56:00 PM,2,DRIVER,1,2012249,,NISSAN,SENTRA,IL,2016,UNKNOWN,PASSENGER,PERSONAL,N,STRAIGHT AHEAD,Y,,2,,PERSONAL TOW,DRIVER REQUEST,,Y,,,,,,,Y,Y,Y,Y,Y,,FRONT-LEFT-CORNER,,,,,,,,,,,,,,,,,,,,,,,,,,,,,,,,,
2110796,5972b7dad0628ff89b723c07caea88efd05edded4383c34882bf2487c615ad9e26c9006529b1934232e7282b8d0f5ec04ed9c13fc1980e912c3b42af00d04ad7,07/20/2025 03:56:00 PM,3,DRIVER,1,2012256,,HYUNDAI,PALISADE,IL,2023,UNKNOWN,SPORT UTILITY VEHICLE (SUV),PERSONAL,W,SLOW/STOP IN TRAFFIC,,,2,,,,,Y,,,,,,,,,,Y,Y,,FRONT,,,,,,,,,,,,,,,,,,,,,,,,,,,,,,,,,
2110763,ae0bb75d0a54bcfd65087076b36d36da4fc63f34c376a3894a227a591f08478223e13f0ce93b575b53d3364e8d8c891ff0dfac39dc92903e10bc82a7b8f204a2,07/20/2025 03:55:00 PM,1,DRIVER,,2012209,,UNKNOWN,OTHER (EXPLAIN IN NARRATIVE),XX,,UNKNOWN,UNKNOWN/NA,UNKNOWN/NA,E,UNKNOWN/NA,,,1,,,,,,,,,,,,,,,,,Y,UNKNOWN,,,,,,,,,,,,,,,,,,,,,,,,,,,,,,,,,
2110764,ae0bb75d0a54bcfd65087076b36d36da4fc63f34c376a3894a227a591f08478223e13f0ce93b575b53d3364e8d8c891ff0dfac39dc92903e10bc82a7b8f204a2,07/20/2025 03:55:00 PM,2,PARKED,,2012220,,KIA,SORENTO,IL,2016,UNKNOWN,PASSENGER,PERSONAL,UNKNOWN,PARKED,,,0,,,,,,,,,,,,,,,,,,OTHER,,,,,,,,,,,,,,,,,,,,,,,,,,,,,,,,,
2110780,3683f50a4338ed5e7a650aa1e223f16f25d0e27563d2135070805cb471bb2183ac349d830b0712172893d572a988206057143975444c1c6f3ff1901879ff3dd6,07/20/2025 03:50:00 PM,1,DRIVER,,2012226,,AUDI,Q3,IL,2022,UNKNOWN,SPORT UTILITY VEHICLE (SUV),PERSONAL,UNKNOWN,CHANGING LANES,,,1,,,,,,Y,Y,,,,,,,,,,,SIDE-RIGHT,,,,,,,,,,,,,,,,,,,,,,,,,,,,,,,,,
2110781,3683f50a4338ed5e7a650aa1e223f16f25d0e27563d2135070805cb471bb2183ac349d830b0712172893d572a988206057143975444c1c6f3ff1901879ff3dd6,07/20/2025 03:50:00 PM,2,DRIVER,,2012253,,FORD,FUSION,IL,2019,UNKNOWN,PASSENGER,PERSONAL,UNKNOWN,STRAIGHT AHEAD,,,1,,,,,,,,,,,,,Y,Y,Y,,,FRONT-LEFT-CORNER,,,,,,,,,,,,,,,,,,,,,,,,,,,,,,,,,
2110751,3134b211eb4be16b1aff4880fdf9ed331377cd05c7085a81ce83e5c9f807450007d8c3f705f40269f96b019735dbf53be4c7ec837feeeb5d4496c4ba543b095c,07/20/2025 03:45:00 PM,1,DRIVER,,2012241,,BUICK,LUCERNE,IL,2008,NONE,PASSENGER,PERSONAL,N,TURNING RIGHT,,,1,,,,,Y,,,,,,,,,,N,,,FRONT-RIGHT-CORNER,,,,,,,,,,,,,,,,,,,,,,,,,,,,,,,,,
2110752,3134b211eb4be16b1aff4880fdf9ed331377cd05c7085a81ce83e5c9f807450007d8c3f705f40269f96b019735dbf53be4c7ec837feeeb5d4496c4ba543b095c,07/20/2025 03:45:00 PM,2,PARKED,,2012233,,MERCEDES-BENZ,C300,IL,2023,NONE,PASSENGER,PERSONAL,UNKNOWN,PARKED,,,0,,,,,,,,,,,,,,,,,Y,UNKNOWN,,,,,,,,,,,,,,,,,,,,,,,,,,,,,,,,,
2110788,b20f0cfcb77659044a83dbf0200df09d33091771493f196d7f3597891143b6980bd86fcebcca4a1579476d18fc7d3fbae0813627d2d023857287d1860f2fcc9f,07/20/2025 03:45:00 PM,1,DRIVER,3,2012242,,TOYOTA,HIGHLANDER,IL,2002,UNKNOWN,SPORT UTILITY VEHICLE (SUV),PERSONAL,E,PASSING/OVERTAKING,,,4,,,,,Y,,,,,,,,,,,Y,,FRONT-RIGHT-CORNER,,,,,,,,,,,,,,,,,,,,,,,,,,,,,,,,,
2110789,b20f0cfcb77659044a83dbf0200df09d33091771493f196d7f3597891143b6980bd86fcebcca4a1579476d18fc7d3fbae0813627d2d023857287d1860f2fcc9f,07/20/2025 03:45:00 PM,2,DRIVER,,2012231,,HONDA,CR-V,IL,2025,NONE,SPORT UTILITY VEHICLE (SUV),PERSONAL,E,STRAIGHT AHEAD,,,1,,,,,,,,,,,,Y,Y,Y,Y,,,SIDE-LEFT-REAR,,,,,,,,,,,,,,,,,,,,,,,,,,,,,,,,,
2110746,fc7db06ecd85fc94882c9ef45c896bb5f9c59356fae00f009efbb4489010a1c1fc3ec48d10906ad1c9a62337165acbbc579d422443611640a665ef1bb7c15801,07/20/2025 03:45:00 PM,1,DRIVER,,2012216,,FORD,FUSION,IL,2014,NONE,PASSENGER,PERSONAL,E,STRAIGHT AHEAD,,,1,,,,,,,,,,,,,,,,Y,,FRONT,,,,,,,,,,,,,,,,,,,,,,,,,,,,,,,,,
2110747,fc7db06ecd85fc94882c9ef45c896bb5f9c59356fae00f009efbb4489010a1c1fc3ec48d10906ad1c9a62337165acbbc579d422443611640a665ef1bb7c15801,07/20/2025 03:45:00 PM,2,DRIVER,,2012252,,CHEVROLET,MALIBU,IL,2016,NONE,PASSENGER,PERSONAL,S,STRAIGHT AHEAD,,,1,,,,,,,Y,,,,,,,,,,,SIDE-RIGHT,,,,,,,,,,,,,,,,,,,,,,,,,,,,,,,,,
2110748,fc7db06ecd85fc94882c9ef45c896bb5f9c59356fae00f009efbb4489010a1c1fc3ec48d10906ad1c9a62337165acbbc579d422443611640a665ef1bb7c15801,07/20/2025 03:45:00 PM,3,PARKED,,2012255,,LINCOLN,MKT,IL,2019,NONE,PASSENGER,NOT IN USE,S,PARKED,,,0,,,,,,,,,,Y,,,,,,,,REAR,,,,,,,,,,,,,,,,,,,,,,,,,,,,,,,,,
2110755,5b17ef326c2f35d31fc6acd5c148e0e9338612636e84294f5b0605979de94c89baac0fe5f222dcf5fc05cccd27b223ba9a4e4ef811276913c50d477897d45704,07/20/2025 03:40:00 PM,1,DRIVER,,2012211,,CHEVROLET,OTHER (EXPLAIN IN NARRATIVE),IL,2012,UNKNOWN,PASSENGER,PERSONAL,E,OTHER,,,1,,,,,,,,,,,,,,,,,Y,FRONT-LEFT-CORNER,,,,,,,,,,,,,,,,,,,,,,,,,,,,,,,,,
2110756,5b17ef326c2f35d31fc6acd5c148e0e9338612636e84294f5b0605979de94c89baac0fe5f222dcf5fc05cccd27b223ba9a4e4ef811276913c50d477897d45704,07/20/2025 03:40:00 PM,2,DRIVER,,2012205,,TOYOTA,RAV4,IL,2023,NONE,PASSENGER,PERSONAL,E,STRAIGHT AHEAD,,,1,,,,,Y,Y,Y,Y,Y,,,,,,,,,SIDE-RIGHT,,,,,,,,,,,,,,,,,,,,,,,,,,,,,,,,,
2110757,8832a16bef09f92de5e11c57da5abeae7e914572d6886780dd1365a50172c80be37231f779e6a371bb983a00a6929853f61da6eb676a370049793df35376e549,07/20/2025 03:40:00 PM,1,DRIVER,,2012202,,TOYOTA,PRIUS,,,UNKNOWN,PASSENGER,UNKNOWN/NA,E,STRAIGHT AHEAD,,,1,,,,,,,,,,,,,,,,Y,,FRONT,,,,,,,,,,,,,,,,,,,,,,,,,,,,,,,,,
2110758,8832a16bef09f92de5e11c57da5abeae7e914572d6886780dd1365a50172c80be37231f779e6a371bb983a00a6929853f61da6eb676a370049793df35376e549,07/20/2025 03:40:00 PM,2,DRIVER,,2012213,,LEXUS,RX350,IL,2018,NONE,SPORT UTILITY VEHICLE (SUV),PERSONAL,E,SLOW/STOP IN TRAFFIC,,,1,,,,,,,,,,Y,,,,,,,,REAR,,,,,,,,,,,,,,,,,,,,,,,,,,,,,,,,,
2125702,f25fc1651d96ef47425e2f8d2ccd14c33d9b73b56e66344d00929b6b6e6b8d6879ba451d18efffdfad6c7cc459f87ed33ac14e9ad89b2d48d1a330379d9a0529,07/20/2025 03:40:00 PM,1,DRIVER,,2026422,,VOLKSWAGEN,JETTA,IL,2014,NONE,PASSENGER,PERSONAL,W,STRAIGHT AHEAD,,,1,,,,,,,,,,,,,,,,Y,,FRONT,,,,,,,,,,,,,,,,,,,,,,,,,,,,,,,,,
2125703,f25fc1651d96ef47425e2f8d2ccd14c33d9b73b56e66344d00929b6b6e6b8d6879ba451d18efffdfad6c7cc459f87ed33ac14e9ad89b2d48d1a330379d9a0529,07/20/2025 03:40:00 PM,2,DRIVER,1,2026423,,CHEVROLET,SILVERADO,IL,2012,NONE,PICKUP,PERSONAL,W,SLOW/STOP IN TRAFFIC,,,2,,,,,,,,,,Y,,,,,,,,REAR,,,,,,,,,,,,,,,,,,,,,,,,,,,,,,,,,
2111094,077ec1035f8879b57973817df147e58c9a134388e413a33453005f09b43090e1c21b0dfc165e1d96af31eddfb763649fe056591c5472d0c913f039dd8d735a79,07/20/2025 03:30:00 PM,1,DRIVER,,2012535,,FORD,ESCAPE,IL,2013,UNKNOWN,PASSENGER,UNKNOWN/NA,E,STRAIGHT AHEAD,,,1,,,,,Y,,,,,,,,,,Y,Y,,FRONT,,,,,,,,,,,,,,,,,,,,,,,,,,,,,,,,,
2111095,077ec1035f8879b57973817df147e58c9a134388e413a33453005f09b43090e1c21b0dfc165e1d96af31eddfb763649fe056591c5472d0c913f039dd8d735a79,07/20/2025 03:30:00 PM,2,DRIVER,2,2012572,,TOYOTA,RAV4,IL,2023,NONE,SPORT UTILITY VEHICLE (SUV),PERSONAL,E,SLOW/STOP IN TRAFFIC,,,3,,,,,Y,,,,,Y,Y,,,,Y,Y,,FRONT,,,,,,,,,,,,,,,,,,,,,,,,,,,,,,,,,