CRASH_UNIT_ID,CRASH_RECORD_ID,CRASH_DATE,UNIT_NO,UNIT_TYPE,NUM_PASSENGERS,VEHICLE_ID,CMRC_VEH_I,MAKE,MODEL,LIC_PLATE_STATE,VEHICLE_YEAR,VEHICLE_DEFECT,VEHICLE_TYPE,VEHICLE_USE,TRAVEL_DIRECTION,MANEUVER,TOWED_I,FIRE_I,OCCUPANT_CNT,EXCEED_SPEED_LIMIT_I,TOWED_BY,TOWED_TO,AREA_00_I,AREA_01_I,AREA_02_I,AREA_03_I,AREA_04_I,AREA_05_I,AREA_06_I,AREA_07_I,AREA_08_I,AREA_09_I,AREA_10_I,AREA_11_I,AREA_12_I,AREA_99_I,FIRST_CONTACT_POINT,CMV_ID,USDOT_NO,CCMC_NO,ILCC_NO,COMMERCIAL_SRC,GVWR,CARRIER_NAME,CARRIER_STATE,CARRIER_CITY,HAZMAT_PLACARDS_I,HAZMAT_NAME,UN_NO,HAZMAT_PRESENT_I,HAZMAT_REPORT_I,HAZMAT_REPORT_NO,MCS_REPORT_I,MCS_REPORT_NO,HAZMAT_VIO_CAUSE_CRASH_I,MCS_VIO_CAUSE_CRASH_I,IDOT_PERMIT_NO,WIDE_LOAD_I,TRAILER1_WIDTH,TRAILER2_WIDTH,TRAILER1_LENGTH,TRAILER2_LENGTH,TOTAL_VEHICLE_LENGTH,AXLE_CNT,VEHICLE_CONFIG,CARGO_BODY_TYPE,LOAD_TYPE,HAZMAT_OUT_OF_SERVICE_I,MCS_OUT_OF_SERVICE_I,HAZMAT_CLASS
2111096,077ec1035f8879b57973817df147e58c9a134388e413a33453005f09b43090e1c21b0dfc165e1d96af31eddfb763649fe056591c5472d0c913f039dd8d735a79,07/20/2025 03:30:00 PM,3,DRIVER,,2012619,,CHEVROLET,TRAIL BLAZER,TX,2023,UNKNOWN,SPORT UTILITY VEHICLE (SUV),UNKNOWN/NA,E,SLOW/STOP IN TRAFFIC,,,1,,,,,,,,,Y,Y,Y,,,,,,,REAR,,,,,,,,,,,,,,,,,,,,,,,,,,,,,,,,,
2110805,2312984a2649d9129542dec5fc1a9b8365c73bfc39e973494c50cceacc515a5c208168cb1f7bd731a2ea2a833e89a862c1a49cc8f57403ff5bc6d79873b79d9f,07/20/2025 03:30:00 PM,1,DRIVER,,2012247,,UNKNOWN,OTHER (EXPLAIN IN NARRATIVE),,,UNKNOWN,UNKNOWN/NA,UNKNOWN/NA,UNKNOWN,UNKNOWN/NA,,,1,,,,,,,,,,,,,,,,,Y,UNKNOWN,,,,,,,,,,,,,,,,,,,,,,,,,,,,,,,,,
2110806,2312984a2649d9129542dec5fc1a9b8365c73bfc39e973494c50cceacc515a5c208168cb1f7bd731a2ea2a833e89a862c1a49cc8f57403ff5bc6d79873b79d9f,07/20/2025 03:30:00 PM,2,PARKED,,2012251,,BMW,X3,IL,2011,NONE,PASSENGER,PERSONAL,E,PARKED,,,0,,,,,Y,,,,,,,,,Y,Y,Y,,FRONT-LEFT-CORNER,,,,,,,,,,,,,,,,,,,,,,,,,,,,,,,,,
2119157,67dff69b63907a1b629c8fdb22bd0e7b992ee435ff81405a1b6f5ac276e58bcdd5849315356826dd169084f8b4c1c36376f0a87e2d858234735dcd54789be5c5,07/20/2025 03:20:00 PM,1,DRIVER,,2020186,,FORD,FUSION,,,UNKNOWN,UNKNOWN/NA,UNKNOWN/NA,E,BACKING,,,1,,,,,,,,,,Y,,,,,,,,REAR,,,,,,,,,,,,,,,,,,,,,,,,,,,,,,,,,
2119158,67dff69b63907a1b629c8fdb22bd0e7b992ee435ff81405a1b6f5ac276e58bcdd5849315356826dd169084f8b4c1c36376f0a87e2d858234735dcd54789be5c5,07/20/2025 03:20:00 PM,2,DRIVER,,2020191,,TOYOTA,COROLLA,IL,2009,NONE,PASSENGER,PERSONAL,S,STRAIGHT AHEAD,,,1,,,,,Y,Y,,,,,,,,,,,,FRONT-RIGHT-CORNER,,,,,,,,,,,,,,,,,,,,,,,,,,,,,,,,,
2110710,69fa6ac7e54d1539451404f5a3493aa0f1483b88ecb19b8c411f36309d53f68082bd1455d5d2f5297edb0073030ec14c03aa0284eb92e74c7e14a85c28e18a10,07/20/2025 03:15:00 PM,1,DRIVER,,2012173,,HONDA,PILOT,IL,2010,NONE,PASSENGER,PERSONAL,W,STRAIGHT AHEAD,,,1,,,,,,Y,Y,,,,,,,,,,,SIDE-RIGHT,,,,,,,,,,,,,,,,,,,,,,,,,,,,,,,,,
2110711,69fa6ac7e54d1539451404f5a3493aa0f1483b88ecb19b8c411f36309d53f68082bd1455d5d2f5297edb0073030ec14c03aa0284eb92e74c7e14a85c28e18a10,07/20/2025 03:15:00 PM,2,PARKED,,2012178,,CADILLAC,CTS,IL,2011,NONE,PASSENGER,NOT IN USE,W,PARKED,,,0,,,,,,,,,,,,,,Y,Y,,,SIDE-LEFT,,,,,,,,,,,,,,,,,,,,,,,,,,,,,,,,,
2110778,cf26642dbccaabe687342288c20a00edc454597cbbfb7b3f7da8f1c6c1664a466fb6969ede197ffbe356dcd81a4f23576eca1f9f7b6abca1b172626d0840fd94,07/20/2025 03:10:00 PM,1,DRIVER,2,2012225,,JEEP,COMPASS,IL,2020,NONE,SPORT UTILITY VEHICLE (SUV),PERSONAL,SE,STARTING IN TRAFFIC,,,3,,,,,,,,,,,,,,,Y,,,FRONT-LEFT-CORNER,,,,,,,,,,,,,,,,,,,,,,,,,,,,,,,,,
2110779,cf26642dbccaabe687342288c20a00edc454597cbbfb7b3f7da8f1c6c1664a466fb6969ede197ffbe356dcd81a4f23576eca1f9f7b6abca1b172626d0840fd94,07/20/2025 03:10:00 PM,2,DRIVER,,2012234,,TOYOTA,COROLLA,IL,2019,NONE,SPORT UTILITY VEHICLE (SUV),PERSONAL,N,TURNING LEFT,,,1,,,,,,,,,,,Y,Y,,,,,,REAR-LEFT-CORNER,,,,,,,,,,,,,,,,,,,,,,,,,,,,,,,,,
2110761,1ea1f4f59e0a5a6949714963ad8880d6d45d7b81ed6f12e503cc3cc79b2ce0b08c26edec677ccdc09c1680876408a846cd9dcf76ec088b0286c7d949e29f8da7,07/20/2025 03:00:00 PM,1,DRIVER,,2012224,,DODGE,RAM 3500 PU,IL,2024,NONE,PICKUP,PERSONAL,E,TURNING LEFT,Y,,1,,PRIVATE OW,PRIVATE TOW,,Y,Y,Y,Y,Y,,,,,,,,,SIDE-RIGHT,,,,,,,,,,,,,,,,,,,,,,,,,,,,,,,,,
2110762,1ea1f4f59e0a5a6949714963ad8880d6d45d7b81ed6f12e503cc3cc79b2ce0b08c26edec677ccdc09c1680876408a846cd9dcf76ec088b0286c7d949e29f8da7,07/20/2025 03:00:00 PM,2,DRIVER,,2012235,,MERCURY,MARINER,IL,2009,NONE,PASSENGER,PERSONAL,W,STRAIGHT AHEAD,Y,,1,,PRIVATE OW,PRIVATE TOW,,Y,,,,,,,,,,Y,Y,,FRONT,,,,,,,,,,,,,,,,,,,,,,,,,,,,,,,,,
2110738,72045ab9f7df27f1d0e97b835641cdc9895c2880eb349dd8c839deaf897afe524a9a02210e02e893228410996f54bf3655a98936db3f0f93d3aad4364adb3626,07/20/2025 03:00:00 PM,1,DRIVER,,2012197,,CHRYSLER,300,IL,2019,UNKNOWN,PASSENGER,PERSONAL,N,TURNING RIGHT,,,1,,,,,N,,,,,,,,,,Y,,,FRONT-LEFT-CORNER,,,,,,,,,,,,,,,,,,,,,,,,,,,,,,,,,
2110739,72045ab9f7df27f1d0e97b835641cdc9895c2880eb349dd8c839deaf897afe524a9a02210e02e893228410996f54bf3655a98936db3f0f93d3aad4364adb3626,07/20/2025 03:00:00 PM,2,DRIVER,,2012203,,HYUNDAI,ELANTRA,IL,2012,UNKNOWN,PASSENGER,PERSONAL,E,STRAIGHT AHEAD,,,1,,,,,Y,,,,,,,,,,,,,FRONT-RIGHT-CORNER,,,,,,,,,,,,,,,,,,,,,,,,,,,,,,,,,
2110759,ab46f56dd0e7f12ca526ae8486d7f872793e3961e84b7bbe1219c99656a86773bc582a8038dbedbc250a3fb6ee775151db96f98f61ca3ae327b5a813026eca84,07/20/2025 03:00:00 PM,1,DRIVER,,2012207,,INFINITI,QX60,IL,2019,UNKNOWN,SPORT UTILITY VEHICLE (SUV),PERSONAL,S,PASSING/OVERTAKING,,,1,,,,,,,,,,,,,,,,Y,,FRONT-LEFT-CORNER,,,,,,,,,,,,,,,,,,,,,,,,,,,,,,,,,
2110760,ab46f56dd0e7f12ca526ae8486d7f872793e3961e84b7bbe1219c99656a86773bc582a8038dbedbc250a3fb6ee775151db96f98f61ca3ae327b5a813026eca84,07/20/2025 03:00:00 PM,2,DRIVER,1,2012210,,NISSAN,ROGUE,IL,2023,UNKNOWN,SPORT UTILITY VEHICLE (SUV),PERSONAL,S,PASSING/OVERTAKING,,,2,,,,,,,Y,Y,Y,,,,,,,,,SIDE-RIGHT-REAR,,,,,,,,,,,,,,,,,,,,,,,,,,,,,,,,,
2110716,fc5bba610d9ca9100996bf0d091516a82308d80d91a6e4f1cbfc9755182dce510632b90a48e804bceddb04b343b84ad2e735e134154964bbe7e21d0e88ad336a,07/20/2025 03:00:00 PM,1,DRIVER,1,2012176,,TOYOTA,CAMRY,IL,2014,NONE,PASSENGER,UNKNOWN/NA,S,CHANGING LANES,,,2,,,,,Y,Y,,,,,,,,,,,,FRONT-RIGHT-CORNER,,,,,,,,,,,,,,,,,,,,,,,,,,,,,,,,,
2110717,fc5bba610d9ca9100996bf0d091516a82308d80d91a6e4f1cbfc9755182dce510632b90a48e804bceddb04b343b84ad2e735e134154964bbe7e21d0e88ad336a,07/20/2025 03:00:00 PM,2,DRIVER,1,2012186,,JEEP,GLADIATOR,IL,2021,NONE,SPORT UTILITY VEHICLE (SUV),UNKNOWN/NA,S,SLOW/STOP IN TRAFFIC,,,2,,,,,,,,,,Y,Y,Y,,,,,,REAR-LEFT-CORNER,,,,,,,,,,,,,,,,,,,,,,,,,,,,,,,,,
2110706,cde75f9185ef6d0f40bf0c6033ac149e21cdf3f75004520ea4e2fe5905461d1b07fb0f9342c05b666521f33b7d1b61c37f2984ba6984ab46667cd2111b29e33f,07/20/2025 02:52:00 PM,1,DRIVER,,2012160,,VOLVO,OTHER (EXPLAIN IN NARRATIVE),IL,2025,UNKNOWN,BUS OVER 15 PASS.,OTHER,S,STRAIGHT AHEAD,,,1,,,,,,,,Y,Y,,,,,,,,,REAR-RIGHT-CORNER,,,,,,,,,,,,,,,,,,,,,,,,,,,,,,,,,
2110707,cde75f9185ef6d0f40bf0c6033ac149e21cdf3f75004520ea4e2fe5905461d1b07fb0f9342c05b666521f33b7d1b61c37f2984ba6984ab46667cd2111b29e33f,07/20/2025 02:52:00 PM,2,PARKED,1,2012163,,CHEVROLET,COLORADO,IL,2006,UNKNOWN,PICKUP,NOT IN USE,UNKNOWN,PARKED,,,1,,,,,,,,,,,Y,,,,,,,REAR-LEFT-CORNER,,,,,,,,,,,,,,,,,,,,,,,,,,,,,,,,,
2110722,06f8576ab42542a03c02f397eff22a968244fa3b1e9c53158c2da3bf3f8090c4fff8b3b9972b6e3cda8528aa7e3465052d3b411788d9afaaee5d4349270c9177,07/20/2025 02:30:00 PM,1,DRIVER,,2012177,,CHEVROLET,MALIBU,IL,2019,NONE,PASSENGER,PERSONAL,W,CHANGING LANES,,,1,,,,,Y,Y,,,,,,,,,,,,SIDE-RIGHT-FRONT,,,,,,,,,,,,,,,,,,,,,,,,,,,,,,,,,
2110723,06f8576ab42542a03c02f397eff22a968244fa3b1e9c53158c2da3bf3f8090c4fff8b3b9972b6e3cda8528aa7e3465052d3b411788d9afaaee5d4349270c9177,07/20/2025 02:30:00 PM,2,DRIVER,,2012182,,TOYOTA,AVALON,IL,2016,NONE,PASSENGER,PERSONAL,W,STRAIGHT AHEAD,,,1,,,,,Y,Y,,Y,,,,,,Y,Y,,,FRONT-LEFT-CORNER,,,,,,,,,,,,,,,,,,,,,,,,,,,,,,,,,
2114833,162a29e1b5481902d6022633482b2376dd3d5649a888e700541b2b59cb52d81c858dd6c9c6f7293d0274d5b53a823118bf75d872ee0b86992119194a9c3f5b50,07/20/2025 02:30:00 PM,1,DRIVER,,2016097,,UNKNOWN,MOTORIZED,,,NONE,PASSENGER,PERSONAL,E,BACKING,,,1,,,,,,,,,,,Y,,,,,,,REAR-LEFT-CORNER,,,,,,,,,,,,,,,,,,,,,,,,,,,,,,,,,
2114834,162a29e1b5481902d6022633482b2376dd3d5649a888e700541b2b59cb52d81c858dd6c9c6f7293d0274d5b53a823118bf75d872ee0b86992119194a9c3f5b50,07/20/2025 02:30:00 PM,2,PARKED,1,2016103,,TOYOTA,CAMRY,IL,2005,NONE,PASSENGER,PERSONAL,E,PARKED,,,1,,,,,,,Y,,,,,,,,,,,SIDE-RIGHT,,,,,,,,,,,,,,,,,,,,,,,,,,,,,,,,,
2114835,162a29e1b5481902d6022633482b2376dd3d5649a888e700541b2b59cb52d81c858dd6c9c6f7293d0274d5b53a823118bf75d872ee0b86992119194a9c3f5b50,07/20/2025 02:30:00 PM,3,PEDESTRIAN,,,,,,,,,,,,,,,,,,,,,,,,,,,,,,,,,,,,,,,,,,,,,,,,,,,,,,,,,,,,,,,,,,
2110726,600e19433380ec29d77267c6b232e6a030fb75b8fd8ce1ddcd626b6ab05a6f5b52fec3a9a1136a0d6525324f3a06230acbc5e2f95ecc46d30eaf58bcbf9462cc,07/20/2025 02:30:00 PM,1,DRIVER,,2012181,,UNKNOWN,MOTORIZED,,,UNKNOWN,UNKNOWN/NA,UNKNOWN/NA,W,STRAIGHT AHEAD,,,1,,,,,,,,,,,,,,,,Y,,FRONT,,,,,,,,,,,,,,,,,,,,,,,,,,,,,,,,,
2110727,600e19433380ec29d77267c6b232e6a030fb75b8fd8ce1ddcd626b6ab05a6f5b52fec3a9a1136a0d6525324f3a06230acbc5e2f95ecc46d30eaf58bcbf9462cc,07/20/2025 02:30:00 PM,2,PARKED,,2012193,,TOYOTA,HIGHLANDER,IL,2024,NONE,SPORT UTILITY VEHICLE (SUV),NOT IN USE,W,PARKED,,,0,,,,,,,,,Y,Y,,,,,,,,REAR,,,,,,,,,,,,,,,,,,,,,,,,,,,,,,,,,
2110686,6f3b060d156a28a15deb0a1f51efc64c3de7dbabb50ff7bfc99b45534d01d20305ee5f817545fed813a41aaf0d19aab6e8616fc5bb925bd8e0654def8d5fb40f,07/20/2025 02:30:00 PM,1,DRIVER,,2012142,,DODGE,CHARGER,IL,2022,UNKNOWN,PASSENGER,PERSONAL,N,STRAIGHT AHEAD,,,1,,,,,,,,,,,,,,,,Y,,FRONT,,,,,,,,,,,,,,,,,,,,,,,,,,,,,,,,,
2110687,6f3b060d156a28a15deb0a1f51efc64c3de7dbabb50ff7bfc99b45534d01d20305ee5f817545fed813a41aaf0d19aab6e8616fc5bb925bd8e0654def8d5fb40f,07/20/2025 02:30:00 PM,2,DRIVER,,2012144,,TESLA,OTHER (EXPLAIN IN NARRATIVE),VA,2022,NONE,PASSENGER,OTHER,N,SLOW/STOP IN TRAFFIC,,,1,,,,,,,,,,Y,,,,,,,,REAR,,,,,,,,,,,,,,,,,,,,,,,,,,,,,,,,,
2110720,28408eaa8abd673eda9ad33eaa6c54d707a71fa7451f55ffc56032239bb83b90db2760911e3caa629842b307fbd8dc2b7708512808099eb57d5adabf6c1267d6,07/20/2025 02:25:00 PM,1,DRIVER,,2012185,,NISSAN,ROGUE,IL,2018,NONE,SPORT UTILITY VEHICLE (SUV),PERSONAL,S,STRAIGHT AHEAD,Y,,1,,PRIVATE,,,Y,,,,,,,,,,Y,Y,,FRONT,,,,,,,,,,,,,,,,,,,,,,,,,,,,,,,,,
2110721,28408eaa8abd673eda9ad33eaa6c54d707a71fa7451f55ffc56032239bb83b90db2760911e3caa629842b307fbd8dc2b7708512808099eb57d5adabf6c1267d6,07/20/2025 02:25:00 PM,2,DRIVER,,2012192,,TOYOTA,PRIUS,IL,2014,NONE,PASSENGER,PERSONAL,W,STRAIGHT AHEAD,Y,,1,,PRIVATE TOW,,,Y,Y,Y,,,,,,,,,Y,,FRONT-RIGHT-CORNER,,,,,,,,,,,,,,,,,,,,,,,,,,,,,,,,,
2110832,0734fac8e33bd2306e035d46facaa3aae5de04e29b97f0faea8f203d8fab255ce671cd130cedef7f21cefab23eab4f6f26c7d39942264b34ee10b4af09e794fd,07/20/2025 02:15:00 PM,1,DRIVER,,2012286,,MAZDA,CX-5,IL,2016,UNKNOWN,SPORT UTILITY VEHICLE (SUV),PERSONAL,NW,STRAIGHT AHEAD,,,1,,,,,N,,,,,,,,,,N,Y,,FRONT,,,,,,,,,,,,,,,,,,,,,,,,,,,,,,,,,
2110833,0734fac8e33bd2306e035d46facaa3aae5de04e29b97f0faea8f203d8fab255ce671cd130cedef7f21cefab23eab4f6f26c7d39942264b34ee10b4af09e794fd,07/20/2025 02:15:00 PM,2,DRIVER,,2012287,,INFINITI,Q60,IL,2024,UNKNOWN,SPORT UTILITY VEHICLE (SUV),PERSONAL,NW,TURNING ON RED,,,1,,,,,,,,,N,Y,N,,,,,,,REAR,,,,,,,,,,,,,,,,,,,,,,,,,,,,,,,,,
2110903,bd6e19d702ecfa490f50a922106f630f91d3ec0d3aa2e6c3a4d0fc61d6e084c5810d5e331a3c30b9096945a56cb3d3e116699e37bc577185e7b48742ef9facc4,07/20/2025 02:04:00 PM,1,DRIVER,,2012351,,CHRYSLER,OTHER (EXPLAIN IN NARRATIVE),IL,2016,UNKNOWN,PASSENGER,UNKNOWN/NA,S,STRAIGHT AHEAD,,,1,,,,,,,,,,,,,,,,Y,,FRONT,,,,,,,,,,,,,,,,,,,,,,,,,,,,,,,,,
2110904,bd6e19d702ecfa490f50a922106f630f91d3ec0d3aa2e6c3a4d0fc61d6e084c5810d5e331a3c30b9096945a56cb3d3e116699e37bc577185e7b48742ef9facc4,07/20/2025 02:04:00 PM,2,DRIVER,,2012359,,TOYOTA,PRIUS,IL,2012,NONE,PASSENGER,UNKNOWN/NA,S,STRAIGHT AHEAD,,,1,,,,,,,,,,Y,,,,,,,,REAR,,,,,,,,,,,,,,,,,,,,,,,,,,,,,,,,,
2110838,024317475cf129613def82ea924ba6ab176d04c5ae103fcf98deb23ff22ed6989d8e7f91833d3e854e781a50ec1b5d4f40dc4ba9ce91ac6ab781e398469320e9,07/20/2025 02:00:00 PM,1,DRIVER,,2012292,,BUICK,CENTURY,IL,2004,UNKNOWN,PASSENGER,PERSONAL,NE,TURNING LEFT,,,1,,,,,,,,,,,,,,,,,Y,FRONT,,,,,,,,,,,,,,,,,,,,,,,,,,,,,,,,,
2110839,024317475cf129613def82ea924ba6ab176d04c5ae103fcf98deb23ff22ed6989d8e7f91833d3e854e781a50ec1b5d4f40dc4ba9ce91ac6ab781e398469320e9,07/20/2025 02:00:00 PM,2,DRIVER,,2012295,,CHEVROLET,SILVERADO,IL,2019,NONE,PICKUP,PERSONAL,N,STRAIGHT AHEAD,Y,,1,,personal tow,home,,,,,,,Y,Y,Y,,,,,,SIDE-LEFT-REAR,,,,,,,,,,,,,,,,,,,,,,,,,,,,,,,,,
2115866,2c621f4dd91d806d7531361bce2f8a706e696a2413506c143955be484ce8e34e99ab3fe2db96c0626b513f41271846bbaf9721bfb9a9f4287c404e0684c03856,07/20/2025 02:00:00 PM,1,DRIVER,,2017066,,DODGE,RAM 1500 PU,IL,2003,NONE,PICKUP,PERSONAL,S,BACKING,,,1,,,,,,,,,Y,,,,,,,,,REAR-RIGHT-CORNER,,,,,,,,,,,,,,,,,,,,,,,,,,,,,,,,,
2115867,2c621f4dd91d806d7531361bce2f8a706e696a2413506c143955be484ce8e34e99ab3fe2db96c0626b513f41271846bbaf9721bfb9a9f4287c404e0684c03856,07/20/2025 02:00:00 PM,2,DRIVER,,2017075,,UNKNOWN,OTHER (EXPLAIN IN NARRATIVE),,,NONE,PASSENGER,PERSONAL,E,STRAIGHT AHEAD,,,1,,,,,,,Y,Y,,,,,,,,,,SIDE-RIGHT,,,,,,,,,,,,,,,,,,,,,,,,,,,,,,,,,
2110688,eaab3c1811b9900b428a38cb6178f2b11e1dcc08d0a2acb728d205e3e255f8a697c1565e1bfad23db8cfe463c42d4e146ea7371b4ecb0c5615405a7c5e76f039,07/20/2025 02:00:00 PM,1,DRIVER,,2012146,,NISSAN,ALTRA-EV,IL,2017,NONE,PASSENGER,PERSONAL,W,STRAIGHT AHEAD,,,1,,,,,Y,,,,,,,,,,Y,Y,,FRONT,,,,,,,,,,,,,,,,,,,,,,,,,,,,,,,,,
2110689,eaab3c1811b9900b428a38cb6178f2b11e1dcc08d0a2acb728d205e3e255f8a697c1565e1bfad23db8cfe463c42d4e146ea7371b4ecb0c5615405a7c5e76f039,07/20/2025 02:00:00 PM,2,DRIVER,,2012151,,TOYOTA,PRIUS,IL,2013,NONE,PASSENGER,TAXI/FOR HIRE,S,STRAIGHT AHEAD,,,1,,,,,,,,,,,Y,Y,,,,,,REAR-LEFT-CORNER,,,,,,,,,,,,,,,,,,,,,,,,,,,,,,,,,
2110736,80e08759f2f8a4fb4a4500c7306164e46ff584cf9f7bef57be5915391c3acace345d386b48adbf45d6a1cc8f4986966ccbcca0022e4f5aad012fed3c5ed9b8e1,07/20/2025 01:56:00 PM,1,DRIVER,,2012190,,UNKNOWN,OTHER (EXPLAIN IN NARRATIVE),IL,,UNKNOWN,UNKNOWN/NA,UNKNOWN/NA,S,STRAIGHT AHEAD,,,1,,,,,,,,,,,,,,,,,,UNKNOWN,,,,,,,,,,,,,,,,,,,,,,,,,,,,,,,,,
2110737,80e08759f2f8a4fb4a4500c7306164e46ff584cf9f7bef57be5915391c3acace345d386b48adbf45d6a1cc8f4986966ccbcca0022e4f5aad012fed3c5ed9b8e1,07/20/2025 01:56:00 PM,2,PARKED,,2012191,,JEEP,RENEGADE,IL,2020,UNKNOWN,PASSENGER,NOT IN USE,S,PARKED,,,0,,,,,,,,,,,Y,Y,Y,Y,Y,,,SIDE-LEFT,,,,,,,,,,,,,,,,,,,,,,,,,,,,,,,,,
2110708,e1c70efc7ec5e6f4bbd93ceb4d6e1a38e4c982c2687e0f50690a8c6afc332515aec9746dcd13ef2f3e4ead53cc8fb93b5219d0260820779920c7931f6ca32d78,07/20/2025 01:55:00 PM,1,DRIVER,,2012165,,MERCEDES-BENZ,SPRINTER,IL,2020,UNKNOWN,PASSENGER,PERSONAL,UNKNOWN,UNKNOWN/NA,,,1,,,,Y,,,,,,,,,,,,,,UNKNOWN,,,,,,,,,,,,,,,,,,,,,,,,,,,,,,,,,
2110709,e1c70efc7ec5e6f4bbd93ceb4d6e1a38e4c982c2687e0f50690a8c6afc332515aec9746dcd13ef2f3e4ead53cc8fb93b5219d0260820779920c7931f6ca32d78,07/20/2025 01:55:00 PM,2,DRIVER,,2012172,,TOYOTA,PRIUS,IL,2008,UNKNOWN,PASSENGER,PERSONAL,UNKNOWN,UNKNOWN/NA,,,1,,,,,,,,,,,,,,Y,Y,,,FRONT-LEFT-CORNER,,,,,,,,,,,,,,,,,,,,,,,,,,,,,,,,,
2111065,5eba32fb9f51b3380a5854a1e835b8eb05a29e379c0b0c1947a5426d303ee7e4deb699021143231443ad0338ad6b74d66021314da7562065aa4b26264a8408d5,07/20/2025 01:50:00 PM,1,DRIVER,,2012499,,TOYOTA,CAMRY,IL,,UNKNOWN,PASSENGER,PERSONAL,E,STRAIGHT AHEAD,,,1,,,,,,,,,,,,,,,,,,FRONT,,,,,,,,,,,,,,,,,,,,,,,,,,,,,,,,,
2111066,5eba32fb9f51b3380a5854a1e835b8eb05a29e379c0b0c1947a5426d303ee7e4deb699021143231443ad0338ad6b74d66021314da7562065aa4b26264a8408d5,07/20/2025 01:50:00 PM,2,DRIVER,,2012503,,BMW,OTHER (EXPLAIN IN NARRATIVE),,,NONE,PASSENGER,PERSONAL,E,STRAIGHT AHEAD,,,1,,,,,,,,,,Y,,,,,,Y,,REAR,,,,,,,,,,,,,,,,,,,,,,,,,,,,,,,,,
2111067,5eba32fb9f51b3380a5854a1e835b8eb05a29e379c0b0c1947a5426d303ee7e4deb699021143231443ad0338ad6b74d66021314da7562065aa4b26264a8408d5,07/20/2025 01:50:00 PM,3,DRIVER,,2012508,,UNKNOWN,OTHER (EXPLAIN IN NARRATIVE),,,NONE,PASSENGER,PERSONAL,E,STRAIGHT AHEAD,,,1,,,,,,,,,,,,,,,,,,REAR,,,,,,,,,,,,,,,,,,,,,,,,,,,,,,,,,
2110692,20baee916bafed5dcf5523f66367b93971746b5080d2ab2cdabee3b39b44973093af2e59a2af3c977ae873faa1be43b69161a6337996070721dceddcf95f5c46,07/20/2025 01:49:00 PM,1,PARKED,,2012149,,MERCURY,OTHER (EXPLAIN IN NARRATIVE),IL,2003,UNKNOWN,PASSENGER,PERSONAL,S,PARKED,,,0,,,,,,,,,,,Y,,,,,,,REAR-LEFT-CORNER,,,,,,,,,,,,,,,,,,,,,,,,,,,,,,,,,
2110693,20baee916bafed5dcf5523f66367b93971746b5080d2ab2cdabee3b39b44973093af2e59a2af3c977ae873faa1be43b69161a6337996070721dceddcf95f5c46,07/20/2025 01:49:00 PM,2,DRIVER,,2012154,,GENERAL MOTORS CORPORATION (GMC),ENVOY,IL,2004,NONE,PASSENGER,PERSONAL,S,STRAIGHT AHEAD,,,1,,,,,,,,,,,,,,,,,,FRONT,,,,,,,,,,,,,,,,,,,,,,,,,,,,,,,,,
2110670,650e85635b1e78153d7c0121e5550c3d2536280ca0d2bc370df37c77ef5f33b33ee4e46e8f1d24159573039923a045fc5a59e5601c616d081aac27180dfd1a9f,07/20/2025 01:45:00 PM,1,DRIVER,,2012156,,FORD,OTHER (EXPLAIN IN NARRATIVE),,1997,UNKNOWN,PICKUP,PERSONAL,UNKNOWN,BACKING,,,1,,,,,,,,,,,,,,,,,Y,UNKNOWN,,,,,,,,,,,,,,,,,,,,,,,,,,,,,,,,,
2110671,650e85635b1e78153d7c0121e5550c3d2536280ca0d2bc370df37c77ef5f33b33ee4e46e8f1d24159573039923a045fc5a59e5601c616d081aac27180dfd1a9f,07/20/2025 01:45:00 PM,2,PARKED,,2012162,,TESLA,MODEL 3,IL,2022,NONE,PASSENGER,PERSONAL,UNKNOWN,PARKED,,,0,,,,,,,,,,,,,,,,Y,,FRONT,,,,,,,,,,,,,,,,,,,,,,,,,,,,,,,,,
2111263,a3720881ae9a34e1887b33f6398248a784bda9354583cb6bf89e0381b0ce3fee0dc93387ad0b6afb7d7fd99197082230744f2daf0a2f5718c404f25981b9c183,07/20/2025 01:45:00 PM,1,DRIVER,,2012696,,UNKNOWN,OTHER (EXPLAIN IN NARRATIVE),,,UNKNOWN,UNKNOWN/NA,UNKNOWN/NA,UNKNOWN,UNKNOWN/NA,,,1,,,,,,,,,,,,,,,,,Y,UNKNOWN,,,,,,,,,,,,,,,,,,,,,,,,,,,,,,,,,
2111264,a3720881ae9a34e1887b33f6398248a784bda9354583cb6bf89e0381b0ce3fee0dc93387ad0b6afb7d7fd99197082230744f2daf0a2f5718c404f25981b9c183,07/20/2025 01:45:00 PM,2,PARKED,,2012699,,HONDA,CIVIC,IL,2004,NONE,PASSENGER,PERSONAL,E,PARKED,,,0,,,,,Y,Y,Y,Y,Y,,,,,,,,,SIDE-RIGHT,,,,,,,,,,,,,,,,,,,,,,,,,,,,,,,,,
2110700,2a75e66031a90f1622babf21833cf25709150e8e40ba1b9f4266281d13a4d25e0b9897de8a183acbc3c100ddcc0cbff682abae37c8999f72465d45dfd70fa7e2,07/20/2025 01:30:00 PM,1,DRIVER,,2012171,,BMW,200,IL,2016,NONE,PASSENGER,PERSONAL,S,STRAIGHT AHEAD,,,1,,,,,,,,,,,,,,,,Y,,FRONT,,,,,,,,,,,,,,,,,,,,,,,,,,,,,,,,,