CRASH_UNIT_ID,CRASH_RECORD_ID,CRASH_DATE,UNIT_NO,UNIT_TYPE,NUM_PASSENGERS,VEHICLE_ID,CMRC_VEH_I,MAKE,MODEL,LIC_PLATE_STATE,VEHICLE_YEAR,VEHICLE_DEFECT,VEHICLE_TYPE,VEHICLE_USE,TRAVEL_DIRECTION,MANEUVER,TOWED_I,FIRE_I,OCCUPANT_CNT,EXCEED_SPEED_LIMIT_I,TOWED_BY,TOWED_TO,AREA_00_I,AREA_01_I,AREA_02_I,AREA_03_I,AREA_04_I,AREA_05_I,AREA_06_I,AREA_07_I,AREA_08_I,AREA_09_I,AREA_10_I,AREA_11_I,AREA_12_I,AREA_99_I,FIRST_CONTACT_POINT,CMV_ID,USDOT_NO,CCMC_NO,ILCC_NO,COMMERCIAL_SRC,GVWR,CARRIER_NAME,CARRIER_STATE,CARRIER_CITY,HAZMAT_PLACARDS_I,HAZMAT_NAME,UN_NO,HAZMAT_PRESENT_I,HAZMAT_REPORT_I,HAZMAT_REPORT_NO,MCS_REPORT_I,MCS_REPORT_NO,HAZMAT_VIO_CAUSE_CRASH_I,MCS_VIO_CAUSE_CRASH_I,IDOT_PERMIT_NO,WIDE_LOAD_I,TRAILER1_WIDTH,TRAILER2_WIDTH,TRAILER1_LENGTH,TRAILER2_LENGTH,TOTAL_VEHICLE_LENGTH,AXLE_CNT,VEHICLE_CONFIG,CARGO_BODY_TYPE,LOAD_TYPE,HAZMAT_OUT_OF_SERVICE_I,MCS_OUT_OF_SERVICE_I,HAZMAT_CLASS
2110701,2a75e66031a90f1622babf21833cf25709150e8e40ba1b9f4266281d13a4d25e0b9897de8a183acbc3c100ddcc0cbff682abae37c8999f72465d45dfd70fa7e2,07/20/2025 01:30:00 PM,2,DRIVER,,2012164,,MITSUBISHI,MINICA,IL,1990,NONE,PICKUP,PERSONAL,S,SLOW/STOP IN TRAFFIC,,,1,,,,,,,,,,Y,,,,,,,,REAR,,,,,,,,,,,,,,,,,,,,,,,,,,,,,,,,,
2110684,2eba8ec645f876b29c87506ae54d94f03024a5460e6935ae4887f95becde7bad7306f792614c1deb95ec5ec5fea6853facf9dc807c3da33e2e7660a4a791eb8c,07/20/2025 01:30:00 PM,1,DRIVER,,2012139,,DODGE,NITRO,IL,2008,UNKNOWN,SPORT UTILITY VEHICLE (SUV),PERSONAL,S,BACKING,,,1,,,,,,,,,,Y,,,,,,,,REAR-RIGHT-CORNER,,,,,,,,,,,,,,,,,,,,,,,,,,,,,,,,,
2110685,2eba8ec645f876b29c87506ae54d94f03024a5460e6935ae4887f95becde7bad7306f792614c1deb95ec5ec5fea6853facf9dc807c3da33e2e7660a4a791eb8c,07/20/2025 01:30:00 PM,2,DRIVER,,2012145,,TOYOTA,COROLLA,IL,2015,NONE,PASSENGER,PERSONAL,W,STRAIGHT AHEAD,,,1,,,,,,,,Y,Y,Y,,,,,,,,SIDE-RIGHT-REAR,,,,,,,,,,,,,,,,,,,,,,,,,,,,,,,,,
2111285,35d78cffb0a2f49088b09a26fdc2f9c4da02f545d169bef12b603d788cfa5ae5f82c461f6e60b4de9b8d36de1ff9122b51961d0bce8cc1146053c723035df42c,07/20/2025 01:30:00 PM,1,DRIVER,,2012710,,FORD,F150,IL,2007,NONE,TRUCK - SINGLE UNIT,PERSONAL,E,BACKING,,,1,,,,,,,,,Y,Y,Y,,,,,,,REAR,,,,,,,,,,,,,,,,,,,,,,,,,,,,,,,,,
2111286,35d78cffb0a2f49088b09a26fdc2f9c4da02f545d169bef12b603d788cfa5ae5f82c461f6e60b4de9b8d36de1ff9122b51961d0bce8cc1146053c723035df42c,07/20/2025 01:30:00 PM,2,DRIVER,,2012716,,SUBARU,OUTBACK,IL,2010,NONE,PASSENGER,PERSONAL,W,STRAIGHT AHEAD,,,1,,,,,Y,,,,,,,,,,Y,Y,,FRONT,,,,,,,,,,,,,,,,,,,,,,,,,,,,,,,,,
2110674,d1ca8c31b5c23d0bd5b5c46831264640cf42e4a42ac4b2b9026d51093d5033dda09d3e9f1a41b320f506416fe3cdd1ce1527fa9ed2b58153904dc2ea3cbe5430,07/20/2025 01:30:00 PM,1,DRIVER,1,2012130,,VOLKSWAGEN,CC,IL,2018,UNKNOWN,PASSENGER,PERSONAL,N,STRAIGHT AHEAD,Y,,2,,,,,Y,Y,Y,,,,,,,,,Y,,FRONT-RIGHT-CORNER,,,,,,,,,,,,,,,,,,,,,,,,,,,,,,,,,
2110675,d1ca8c31b5c23d0bd5b5c46831264640cf42e4a42ac4b2b9026d51093d5033dda09d3e9f1a41b320f506416fe3cdd1ce1527fa9ed2b58153904dc2ea3cbe5430,07/20/2025 01:30:00 PM,2,DRIVER,,2012131,Y,HINO,OTHER (EXPLAIN IN NARRATIVE),IL,2016,UNKNOWN,TRUCK - SINGLE UNIT,PERSONAL,S,BACKING,,,1,,,,,,,,,,Y,Y,Y,,,,,,SIDE-LEFT-REAR,"21,849",,,,,3,POLAR ICE,IL,CHICAGO,,,,N,N,,N,,N,N,,,,,,,,,"SINGLE UNIT TRUCK, 2 AXLES, 6 TIRES",VAN/ENCLOSED BOX,OTHER,N,N,
2110668,c406610dd374cf226185b938a0ef8cf7824378f0d6e90df01d77da2e6024947f7dd7441f927ddbcb407f249a14bb6386924f5eac23abe061ac37f0ed19774a18,07/20/2025 01:20:00 PM,1,DRIVER,1,2012121,,FORD,TRANSIT,IL,2022,UNKNOWN,VAN/MINI-VAN,OTHER,NW,TURNING RIGHT,,,2,,,,Y,,,,,,,,,,,,,,SIDE-RIGHT-REAR,,,,,,,,,,,,,,,,,,,,,,,,,,,,,,,,,
2110669,c406610dd374cf226185b938a0ef8cf7824378f0d6e90df01d77da2e6024947f7dd7441f927ddbcb407f249a14bb6386924f5eac23abe061ac37f0ed19774a18,07/20/2025 01:20:00 PM,2,DRIVER,,2012125,,HYUNDAI,ELANTRA,IL,2015,NONE,PASSENGER,PERSONAL,W,STRAIGHT AHEAD,,,1,,,,,,,,,,Y,N,,,,,,,REAR-LEFT-CORNER,,,,,,,,,,,,,,,,,,,,,,,,,,,,,,,,,
2110773,e53cbf09c2be2805377d7e5fbe4bfa9d369d35589d890444e0683102a5edb2360ec24c4ef488110e1820e2776daa81663d4e9eba920766ffafef1112a9c9a218,07/20/2025 01:20:00 PM,1,DRIVER,,2012228,,INFINITI,Q50,IL,2014,UNKNOWN,PASSENGER,PERSONAL,SW,TURNING RIGHT,,,1,,,,,Y,Y,,,,,,,,Y,Y,Y,,FRONT,,,,,,,,,,,,,,,,,,,,,,,,,,,,,,,,,
2110774,e53cbf09c2be2805377d7e5fbe4bfa9d369d35589d890444e0683102a5edb2360ec24c4ef488110e1820e2776daa81663d4e9eba920766ffafef1112a9c9a218,07/20/2025 01:20:00 PM,2,DRIVER,,2012237,,SUZUKI,OTHER (EXPLAIN IN NARRATIVE),IL,2007,UNKNOWN,MOTORCYCLE (OVER 150CC),PERSONAL,W,STRAIGHT AHEAD,Y,,1,,UNKNOWN,UNKNOWN,,Y,Y,Y,,,,,,,,,,,SIDE-RIGHT,,,,,,,,,,,,,,,,,,,,,,,,,,,,,,,,,
2110775,e53cbf09c2be2805377d7e5fbe4bfa9d369d35589d890444e0683102a5edb2360ec24c4ef488110e1820e2776daa81663d4e9eba920766ffafef1112a9c9a218,07/20/2025 01:20:00 PM,3,DRIVER,1,2012245,,HONDA,CIVIC,IL,2017,UNKNOWN,PASSENGER,PERSONAL,E,STRAIGHT AHEAD,,,2,,,,,,,,,,Y,Y,Y,Y,,,,,SIDE-LEFT,,,,,,,,,,,,,,,,,,,,,,,,,,,,,,,,,
2112261,616ffd6c3a22fc9be2e3b6699ff66edb052db2bb577c8770a3c3feeefeddd8e3a049d37971f1f4218a2da80a54a6ccd4afc58143166e62e27947d7fe3b8724c6,07/20/2025 01:10:00 PM,1,DRIVER,,2013633,,NISSAN,OTHER (EXPLAIN IN NARRATIVE),IL,2021,NONE,PASSENGER,PERSONAL,E,STRAIGHT AHEAD,,,1,,,,,Y,,,,,,,,,,Y,Y,,FRONT,,,,,,,,,,,,,,,,,,,,,,,,,,,,,,,,,
2112262,616ffd6c3a22fc9be2e3b6699ff66edb052db2bb577c8770a3c3feeefeddd8e3a049d37971f1f4218a2da80a54a6ccd4afc58143166e62e27947d7fe3b8724c6,07/20/2025 01:10:00 PM,2,DRIVER,,2013641,,TOYOTA,SIENNA,IL,,NONE,PASSENGER,PERSONAL,E,STRAIGHT AHEAD,,,1,,,,,,,,,,Y,Y,,,,,,,REAR,,,,,,,,,,,,,,,,,,,,,,,,,,,,,,,,,
2110666,61703b1c35a27217a07a529cb9da27f925f69f86a432850153abaa3e98b22c43c688fac3e9ebcbbec7fd0518d32f8e092cd1a5a765c921d5f028b3b14f8644ac,07/20/2025 01:10:00 PM,1,DRIVER,,2012120,,TOYOTA,CAMRY,IN,,NONE,PASSENGER,PERSONAL,E,AVOIDING VEHICLES/OBJECTS,,,1,,,,,Y,Y,Y,Y,Y,,,,,,,,,SIDE-RIGHT-FRONT,,,,,,,,,,,,,,,,,,,,,,,,,,,,,,,,,
2110667,61703b1c35a27217a07a529cb9da27f925f69f86a432850153abaa3e98b22c43c688fac3e9ebcbbec7fd0518d32f8e092cd1a5a765c921d5f028b3b14f8644ac,07/20/2025 01:10:00 PM,2,PARKED,2,2012133,,KIA,FORTE,IL,2019,NONE,PASSENGER,PERSONAL,E,PARKED,,,2,,,,,,,,,,,Y,Y,Y,Y,,,,SIDE-LEFT-REAR,,,,,,,,,,,,,,,,,,,,,,,,,,,,,,,,,
2110662,0ea260341a1a5e47ec52251b15474e04602c088d630c148a1d0797ce918ce7112123cc3eeee24a793baeb1e42799107fff74e4b22b4652c9d09c97199a22f520,07/20/2025 01:00:00 PM,1,DRIVER,,2012119,,LINCOLN,MKZ,IL,2017,UNKNOWN,PASSENGER,PERSONAL,UNKNOWN,CHANGING LANES,,,1,,,,,Y,Y,,,,,,,,,,,,FRONT-RIGHT-CORNER,,,,,,,,,,,,,,,,,,,,,,,,,,,,,,,,,
2110663,0ea260341a1a5e47ec52251b15474e04602c088d630c148a1d0797ce918ce7112123cc3eeee24a793baeb1e42799107fff74e4b22b4652c9d09c97199a22f520,07/20/2025 01:00:00 PM,2,DRIVER,,2012129,,TESLA,MODEL 3,IL,2024,UNKNOWN,PASSENGER,PERSONAL,UNKNOWN,STRAIGHT AHEAD,,,1,,,,,,,,,,,Y,Y,,,,,,REAR-LEFT-CORNER,,,,,,,,,,,,,,,,,,,,,,,,,,,,,,,,,
2111819,3986b5b91cb04dfa153eca17ddfede0958dc680c9d789674ffabec707f92797cbf6334126d0492d31ae1805e376536335949e2d1241f35d6aa3a07e164db5474,07/20/2025 01:00:00 PM,1,DRIVER,,2013214,,TOYOTA,COROLLA,IL,2014,NONE,PASSENGER,PERSONAL,E,STRAIGHT AHEAD,,,1,,,,,Y,Y,,,,,,,,Y,Y,Y,,FRONT,,,,,,,,,,,,,,,,,,,,,,,,,,,,,,,,,
2111820,3986b5b91cb04dfa153eca17ddfede0958dc680c9d789674ffabec707f92797cbf6334126d0492d31ae1805e376536335949e2d1241f35d6aa3a07e164db5474,07/20/2025 01:00:00 PM,2,DRIVER,,2013220,,VOLKSWAGEN,TIGUAN,IL,2021,NONE,PASSENGER,PERSONAL,E,STRAIGHT AHEAD,,,1,,,,,,,,,Y,Y,Y,,,,,,,REAR,,,,,,,,,,,,,,,,,,,,,,,,,,,,,,,,,
2110645,6f0cef8b57d97e1e46cb0e72c5034faa3712873b9d921c40c2a7fa101a030f7e42f81620495bfc6a72fbf748dc7a00a96e55259a74646055f74939c5e29d3eff,07/20/2025 01:00:00 PM,1,DRIVER,,2012112,,BMW,328I,IL,2013,NONE,PASSENGER,PERSONAL,E,STRAIGHT AHEAD,,,1,,,,,Y,,,,,,,,,,Y,Y,,FRONT,,,,,,,,,,,,,,,,,,,,,,,,,,,,,,,,,
2110646,6f0cef8b57d97e1e46cb0e72c5034faa3712873b9d921c40c2a7fa101a030f7e42f81620495bfc6a72fbf748dc7a00a96e55259a74646055f74939c5e29d3eff,07/20/2025 01:00:00 PM,2,DRIVER,1,2012127,,NISSAN,SENTRA,IL,2019,NONE,PASSENGER,PERSONAL,E,SLOW/STOP IN TRAFFIC,,,2,,,,,,,,,Y,Y,Y,,,,,,,REAR,,,,,,,,,,,,,,,,,,,,,,,,,,,,,,,,,
2110690,7294e2c7ccf30532f09b1912fcce6f9f8500e5ba5e1b60024cc799f092e211ca875f6f8f94e9056eca109680884d0899cfc48d5401a3542af8e927b25992813a,07/20/2025 01:00:00 PM,1,DRIVER,,2012147,,UNKNOWN,OTHER (EXPLAIN IN NARRATIVE),XX,,UNKNOWN,SPORT UTILITY VEHICLE (SUV),UNKNOWN/NA,S,OTHER,,,1,,,,,,,,,,,,,,,,,Y,UNKNOWN,,,,,,,,,,,,,,,,,,,,,,,,,,,,,,,,,
2110691,7294e2c7ccf30532f09b1912fcce6f9f8500e5ba5e1b60024cc799f092e211ca875f6f8f94e9056eca109680884d0899cfc48d5401a3542af8e927b25992813a,07/20/2025 01:00:00 PM,2,DRIVER,,2012158,,CHRYSLER,300,IL,2012,UNKNOWN,PASSENGER,PERSONAL,NW,STRAIGHT AHEAD,Y,,1,,,,,,,,,,,,,,Y,Y,,,FRONT-LEFT-CORNER,,,,,,,,,,,,,,,,,,,,,,,,,,,,,,,,,
2111992,a3f940b0036cfedb917e067068c30e8d2077e9283cda1db28c2ddcd6362b63bf66c456c4347f006efdf362ab1b0776eff777af62a57e3c89d1a95aac01496a5f,07/20/2025 01:00:00 PM,1,DRIVER,,2013374,,VOLKSWAGEN,JETTA,IL,2012,NONE,PASSENGER,PERSONAL,E,ENTER FROM DRIVE/ALLEY,,,1,,,,,,,,,,,,,,,Y,Y,,FRONT-LEFT-CORNER,,,,,,,,,,,,,,,,,,,,,,,,,,,,,,,,,
2111993,a3f940b0036cfedb917e067068c30e8d2077e9283cda1db28c2ddcd6362b63bf66c456c4347f006efdf362ab1b0776eff777af62a57e3c89d1a95aac01496a5f,07/20/2025 01:00:00 PM,2,DRIVER,,2013378,,FORD,FUSION,IL,2014,NONE,PASSENGER,PERSONAL,S,STRAIGHT AHEAD,,,1,,,,,Y,,,,,,,,,,,,,FRONT-RIGHT-CORNER,,,,,,,,,,,,,,,,,,,,,,,,,,,,,,,,,
2110647,4c05e43efea00f00159616b90bc933ce57f15e9cff83cfda9eeb71fa8956f24f497acf181e0519deb5796b4f38d00db1edb7e3d0c127632b98491959bd89eef3,07/20/2025 12:58:00 PM,1,DRIVER,,2012102,,NISSAN,ROGUE,IL,2017,UNKNOWN,SPORT UTILITY VEHICLE (SUV),PERSONAL,N,MERGING,,,1,,,,,,,,,,,,,,,Y,,,FRONT-LEFT-CORNER,,,,,,,,,,,,,,,,,,,,,,,,,,,,,,,,,
2110648,4c05e43efea00f00159616b90bc933ce57f15e9cff83cfda9eeb71fa8956f24f497acf181e0519deb5796b4f38d00db1edb7e3d0c127632b98491959bd89eef3,07/20/2025 12:58:00 PM,2,DRIVER,,2012132,,LEXUS,ES,IL,2024,UNKNOWN,PASSENGER,PERSONAL,N,STRAIGHT AHEAD,,,1,,,,,Y,,,,,,,,,,,,,FRONT-RIGHT-CORNER,,,,,,,,,,,,,,,,,,,,,,,,,,,,,,,,,
2110639,58f73c6b87ce25540d77501d03235d222468ce7842eb224b4668aee03ab8b17ff7d1a68cfa28061f2c3c7b5144c9936f6cc597ac0150e94d1b88ba18f27ec165,07/20/2025 12:45:00 PM,1,DRIVER,,2012090,,TOYOTA,COROLLA,IL,2014,UNKNOWN,PASSENGER,UNKNOWN/NA,E,STRAIGHT AHEAD,,,1,,,,,,,,,,,,,,,,Y,,FRONT,,,,,,,,,,,,,,,,,,,,,,,,,,,,,,,,,
2110640,58f73c6b87ce25540d77501d03235d222468ce7842eb224b4668aee03ab8b17ff7d1a68cfa28061f2c3c7b5144c9936f6cc597ac0150e94d1b88ba18f27ec165,07/20/2025 12:45:00 PM,2,DRIVER,,2012094,,VOLKSWAGEN,TIGUAN,,2021,UNKNOWN,SPORT UTILITY VEHICLE (SUV),UNKNOWN/NA,E,UNKNOWN/NA,,,1,,,,,,,,,,Y,,,,,,,,REAR,,,,,,,,,,,,,,,,,,,,,,,,,,,,,,,,,
2110635,e5c6da45cea1df4bc23c7ea3c051da7701fd219909d8ef4124df49eb1a53539c71e5e7d6a92deeeb09f1027cff5dae4f00d1c0fc75e525384325f0e883634573,07/20/2025 12:45:00 PM,1,DRIVER,,2012108,,BUICK,ENCORE,IL,2021,NONE,SPORT UTILITY VEHICLE (SUV),PERSONAL,S,STRAIGHT AHEAD,,,1,,,,,Y,,,,,,,,,,Y,Y,,FRONT,,,,,,,,,,,,,,,,,,,,,,,,,,,,,,,,,
2110636,e5c6da45cea1df4bc23c7ea3c051da7701fd219909d8ef4124df49eb1a53539c71e5e7d6a92deeeb09f1027cff5dae4f00d1c0fc75e525384325f0e883634573,07/20/2025 12:45:00 PM,2,DRIVER,1,2012115,,SUBARU,FORESTER,IL,2009,NONE,SPORT UTILITY VEHICLE (SUV),PERSONAL,S,STRAIGHT AHEAD,,,2,,,,,,,,,Y,Y,Y,,,,,,,REAR,,,,,,,,,,,,,,,,,,,,,,,,,,,,,,,,,
2110698,a6cd3707fa2957cfcb0c69756fa64c8618066da4b275691af52aec93361414d2e212818cdf798bcc81c769d1d4c5c8f918dfe4b198c077f48c59428791c5f7e9,07/20/2025 12:40:00 PM,1,DRIVER,1,2012159,,HONDA,CR-V,IL,2023,NONE,SPORT UTILITY VEHICLE (SUV),PERSONAL,E,STRAIGHT AHEAD,,,2,,,,,,,,,,,,,Y,Y,Y,,,FRONT-LEFT-CORNER,,,,,,,,,,,,,,,,,,,,,,,,,,,,,,,,,
2110699,a6cd3707fa2957cfcb0c69756fa64c8618066da4b275691af52aec93361414d2e212818cdf798bcc81c769d1d4c5c8f918dfe4b198c077f48c59428791c5f7e9,07/20/2025 12:40:00 PM,2,DRIVER,,2012169,,TOYOTA,RAV4,IL,2021,NONE,SPORT UTILITY VEHICLE (SUV),PERSONAL,E,STRAIGHT AHEAD,,,1,,,,,Y,Y,Y,,,,,,,,,,,FRONT-RIGHT-CORNER,,,,,,,,,,,,,,,,,,,,,,,,,,,,,,,,,
2110656,1a78f1b49f2b2a7892c11dc48ff87063179faaaf98c5f09777a5498ca4b98395143d69e88c7957eaaccc44845f2d325bdbd1a662b5fafa3c3b0d616e900bca9f,07/20/2025 12:34:00 PM,1,DRIVER,,2012103,,TOYOTA,CAMRY,IL,2024,UNKNOWN,PASSENGER,PERSONAL,N,STRAIGHT AHEAD,,,1,,,,,Y,,,,,,,,,,,,,FRONT-RIGHT-CORNER,,,,,,,,,,,,,,,,,,,,,,,,,,,,,,,,,
2110657,1a78f1b49f2b2a7892c11dc48ff87063179faaaf98c5f09777a5498ca4b98395143d69e88c7957eaaccc44845f2d325bdbd1a662b5fafa3c3b0d616e900bca9f,07/20/2025 12:34:00 PM,2,DRIVER,,2012106,,TOYOTA,VENZA,IL,2013,UNKNOWN,SPORT UTILITY VEHICLE (SUV),PERSONAL,NE,TURNING RIGHT,,,1,,,,,,,,,,,Y,,,,,,,REAR-LEFT-CORNER,,,,,,,,,,,,,,,,,,,,,,,,,,,,,,,,,
2110637,9f81cab250daa2ff6ed4d3d575ace446628fd1b01e7ab60a482cc06c27f627e53d026086817a5289d417ca8a8f32741cddbad4def9feb125fe2293194aab5bed,07/20/2025 12:30:00 PM,1,DRIVER,,2012093,,LEXUS,RX300,IL,2003,NONE,SPORT UTILITY VEHICLE (SUV),PERSONAL,N,ENTERING TRAFFIC LANE FROM PARKING,,,1,,,,,,,,,,,,,,,Y,,,FRONT-LEFT-CORNER,,,,,,,,,,,,,,,,,,,,,,,,,,,,,,,,,
2110638,9f81cab250daa2ff6ed4d3d575ace446628fd1b01e7ab60a482cc06c27f627e53d026086817a5289d417ca8a8f32741cddbad4def9feb125fe2293194aab5bed,07/20/2025 12:30:00 PM,2,DRIVER,,2012100,,HONDA,CR-V,IL,2023,NONE,SPORT UTILITY VEHICLE (SUV),PERSONAL,N,STRAIGHT AHEAD,,,1,,,,,,,,,Y,,,,,,,,,REAR-RIGHT-CORNER,,,,,,,,,,,,,,,,,,,,,,,,,,,,,,,,,
2111131,d2fd160f3c457d2f6f1904b3ebaaaa088eefd0e757e1119afbb027062b68d56a4e3801ebf703b4422e7931a3cacdd8f373d1eed7b92b4db5850fdc7e50776d50,07/20/2025 12:30:00 PM,1,DRIVER,,2012566,,UNKNOWN,OTHER (EXPLAIN IN NARRATIVE),IL,,UNKNOWN,UNKNOWN/NA,UNKNOWN/NA,E,STRAIGHT AHEAD,,,1,,,,,,,,,,,,,,,,,Y,UNKNOWN,,,,,,,,,,,,,,,,,,,,,,,,,,,,,,,,,
2111132,d2fd160f3c457d2f6f1904b3ebaaaa088eefd0e757e1119afbb027062b68d56a4e3801ebf703b4422e7931a3cacdd8f373d1eed7b92b4db5850fdc7e50776d50,07/20/2025 12:30:00 PM,2,PARKED,,2012571,,HONDA,ODYSSEY,IL,2023,NONE,VAN/MINI-VAN,PERSONAL,E,PARKED,,,0,,,,,,,,,,,,,,,Y,,,FRONT-LEFT-CORNER,,,,,,,,,,,,,,,,,,,,,,,,,,,,,,,,,
2111013,02e7630997a87fb58318a0a188671b31b0d51763362126854ead2b2f9e735ba5fb284812b74f2eb35332a5d66b1206d2b3e1146894bd9c0d3c45041342020af3,07/20/2025 12:25:00 PM,1,DRIVER,,2012458,,UNKNOWN,OTHER (EXPLAIN IN NARRATIVE),,,UNKNOWN,UNKNOWN/NA,UNKNOWN/NA,N,UNKNOWN/NA,,,1,,,,,,,,,,,,,,,,,Y,UNKNOWN,,,,,,,,,,,,,,,,,,,,,,,,,,,,,,,,,
2111014,02e7630997a87fb58318a0a188671b31b0d51763362126854ead2b2f9e735ba5fb284812b74f2eb35332a5d66b1206d2b3e1146894bd9c0d3c45041342020af3,07/20/2025 12:25:00 PM,2,PARKED,,2012460,,TOYOTA,GR86,IL,2025,NONE,PASSENGER,NOT IN USE,S,PARKED,,,0,,,,,,,,,,,,Y,Y,,,,,SIDE-LEFT-REAR,,,,,,,,,,,,,,,,,,,,,,,,,,,,,,,,,
2111924,9b8c9681c13a43d1bf417f3acdff23f5a272cf844bcbdf172a21190714162e706c4946934e6a1f2ae1c8502150970cbff1a59a4052e936e3bcf87cf31d57b856,07/20/2025 12:21:00 PM,1,DRIVER,1,2013315,,TOYOTA,TACOMA,IL,2006,UNKNOWN,PICKUP,PERSONAL,W,TURNING LEFT,Y,,2,,el jalon towing,unknown,,,,Y,Y,,,,,,,,,,SIDE-RIGHT-REAR,,,,,,,,,,,,,,,,,,,,,,,,,,,,,,,,,
2111925,9b8c9681c13a43d1bf417f3acdff23f5a272cf844bcbdf172a21190714162e706c4946934e6a1f2ae1c8502150970cbff1a59a4052e936e3bcf87cf31d57b856,07/20/2025 12:21:00 PM,2,DRIVER,2,2013316,,FORD,ESCAPE,IL,2012,NONE,PASSENGER,PERSONAL,E,SLOW/STOP IN TRAFFIC,Y,,3,,unknow,unknown,,Y,Y,,,,,,,,,,,,FRONT-RIGHT-CORNER,,,,,,,,,,,,,,,,,,,,,,,,,,,,,,,,,
2111926,9b8c9681c13a43d1bf417f3acdff23f5a272cf844bcbdf172a21190714162e706c4946934e6a1f2ae1c8502150970cbff1a59a4052e936e3bcf87cf31d57b856,07/20/2025 12:21:00 PM,3,DRIVER,,2013317,,FORD,FUSION,IL,2008,NONE,PASSENGER,PERSONAL,E,SLOW/STOP IN TRAFFIC,,,1,,,,,,,,,,,,,Y,,,,,SIDE-LEFT,,,,,,,,,,,,,,,,,,,,,,,,,,,,,,,,,
2110611,3138fd1fa2e48f580369a25c107c9e0156f81793bdcd862f557c63a286990e20297b814cfd4683ca934d12dcc29a674dc40e08a0bd75655b55efbd56776cd4a0,07/20/2025 12:15:00 PM,1,DRIVER,,2012073,,FORD,OTHER (EXPLAIN IN NARRATIVE),IL,2011,UNKNOWN,PASSENGER,TAXI/FOR HIRE,UNKNOWN,PASSING/OVERTAKING,,,1,,,,,,,,,,,,,,,,,Y,FRONT,,,,,,,,,,,,,,,,,,,,,,,,,,,,,,,,,
2110612,3138fd1fa2e48f580369a25c107c9e0156f81793bdcd862f557c63a286990e20297b814cfd4683ca934d12dcc29a674dc40e08a0bd75655b55efbd56776cd4a0,07/20/2025 12:15:00 PM,2,PARKED,1,2012071,,FORD,OTHER (EXPLAIN IN NARRATIVE),IL,2020,NONE,BUS UP TO 15 PASS.,OTHER,UNKNOWN,PARKED,,,1,,,,,,,,,,,Y,,,,,,,REAR-LEFT-CORNER,,,,,,,,,,,,,,,,,,,,,,,,,,,,,,,,,
2110621,214b64a272f1f62584a5988e8437920475061f9e0ebfa6155be84f49fb1f2f7118d81d0e9db7bc71b0d49556c63460b0676ee041946bcdcc86d907cf14fbb3a1,07/20/2025 12:09:00 PM,1,DRIVER,,2012082,,HYUNDAI,SONATA,IL,,UNKNOWN,PASSENGER,UNKNOWN/NA,N,STRAIGHT AHEAD,,,1,,,,,,,,,,,,,,Y,Y,Y,,FRONT-LEFT-CORNER,,,,,,,,,,,,,,,,,,,,,,,,,,,,,,,,,
2110622,214b64a272f1f62584a5988e8437920475061f9e0ebfa6155be84f49fb1f2f7118d81d0e9db7bc71b0d49556c63460b0676ee041946bcdcc86d907cf14fbb3a1,07/20/2025 12:09:00 PM,2,DRIVER,1,2012088,,FORD,EXPLORER,IL,2025,NONE,SPORT UTILITY VEHICLE (SUV),POLICE,W,STRAIGHT AHEAD,,,2,,,,,,,,,,,Y,Y,,,,,,REAR-LEFT-CORNER,,,,,,,,,,,,,,,,,,,,,,,,,,,,,,,,,
2110609,76efc19e6705116eccd66313a63163844b19e36e26081b53546523454e6e8136fc0a889203ff497c8a9f18a907193506647cc858000b96f03488e11dffac84c1,07/20/2025 12:00:00 PM,1,DRIVER,,2012070,,FORD,VAN,IL,2013,UNKNOWN,PASSENGER,RIDESHARE SERVICE,S,STRAIGHT AHEAD,,,1,,,,,,Y,,,,,,,,,,,,SIDE-RIGHT,,,,,,,,,,,,,,,,,,,,,,,,,,,,,,,,,
2110610,76efc19e6705116eccd66313a63163844b19e36e26081b53546523454e6e8136fc0a889203ff497c8a9f18a907193506647cc858000b96f03488e11dffac84c1,07/20/2025 12:00:00 PM,2,DRIVER,,2012072,,FORD,F150,IL,2006,UNKNOWN,PICKUP,PERSONAL,S,STRAIGHT AHEAD,,,1,,,,,,,,,,,,,,Y,,,,SIDE-LEFT,,,,,,,,,,,,,,,,,,,,,,,,,,,,,,,,,
2110599,032d3b9c073a673c49999da482a4e793fe4d7aa5715f906e010a53cdd86f9cf6a0338d4d0b9a442f6aed3b11f14f2a0b75222c2b6a852a695ef1e49ff4583cbd,07/20/2025 11:50:00 AM,1,DRIVER,,2012058,,JEEP,JEEP,,2016,UNKNOWN,UNKNOWN/NA,PERSONAL,N,STRAIGHT AHEAD,,,1,,,,Y,,,,,,,,,,,,,,NONE,,,,,,,,,,,,,,,,,,,,,,,,,,,,,,,,,
2110600,032d3b9c073a673c49999da482a4e793fe4d7aa5715f906e010a53cdd86f9cf6a0338d4d0b9a442f6aed3b11f14f2a0b75222c2b6a852a695ef1e49ff4583cbd,07/20/2025 11:50:00 AM,2,DRIVER,1,2012063,,VOLKSWAGEN,TIGUAN,IL,2021,NONE,PASSENGER,PERSONAL,N,STRAIGHT AHEAD,,,2,,,,,,,,,Y,Y,Y,,,,,,,REAR,,,,,,,,,,,,,,,,,,,,,,,,,,,,,,,,,