CRASH_UNIT_ID,CRASH_RECORD_ID,CRASH_DATE,UNIT_NO,UNIT_TYPE,NUM_PASSENGERS,VEHICLE_ID,CMRC_VEH_I,MAKE,MODEL,LIC_PLATE_STATE,VEHICLE_YEAR,VEHICLE_DEFECT,VEHICLE_TYPE,VEHICLE_USE,TRAVEL_DIRECTION,MANEUVER,TOWED_I,FIRE_I,OCCUPANT_CNT,EXCEED_SPEED_LIMIT_I,TOWED_BY,TOWED_TO,AREA_00_I,AREA_01_I,AREA_02_I,AREA_03_I,AREA_04_I,AREA_05_I,AREA_06_I,AREA_07_I,AREA_08_I,AREA_09_I,AREA_10_I,AREA_11_I,AREA_12_I,AREA_99_I,FIRST_CONTACT_POINT,CMV_ID,USDOT_NO,CCMC_NO,ILCC_NO,COMMERCIAL_SRC,GVWR,CARRIER_NAME,CARRIER_STATE,CARRIER_CITY,HAZMAT_PLACARDS_I,HAZMAT_NAME,UN_NO,HAZMAT_PRESENT_I,HAZMAT_REPORT_I,HAZMAT_REPORT_NO,MCS_REPORT_I,MCS_REPORT_NO,HAZMAT_VIO_CAUSE_CRASH_I,MCS_VIO_CAUSE_CRASH_I,IDOT_PERMIT_NO,WIDE_LOAD_I,TRAILER1_WIDTH,TRAILER2_WIDTH,TRAILER1_LENGTH,TRAILER2_LENGTH,TOTAL_VEHICLE_LENGTH,AXLE_CNT,VEHICLE_CONFIG,CARGO_BODY_TYPE,LOAD_TYPE,HAZMAT_OUT_OF_SERVICE_I,MCS_OUT_OF_SERVICE_I,HAZMAT_CLASS
2110613,855906766e4421fb014e80a39f88ae283522f275a38da5c119a5fd7511a04d0e058b27e4337d8850d800844ed12a8a768debb428456a5dace7e68a81c7762bea,07/20/2025 11:50:00 AM,1,DRIVER,,2012075,,CHEVROLET,IMPALA,IL,2007,UNKNOWN,PASSENGER,PERSONAL,W,BACKING,,,1,,,,Y,,,,,N,N,N,,,,,,,NONE,,,,,,,,,,,,,,,,,,,,,,,,,,,,,,,,,
2110614,855906766e4421fb014e80a39f88ae283522f275a38da5c119a5fd7511a04d0e058b27e4337d8850d800844ed12a8a768debb428456a5dace7e68a81c7762bea,07/20/2025 11:50:00 AM,2,PARKED,,2012079,,ISUZU,TRUCK,IL,2019,UNKNOWN,TRUCK - SINGLE UNIT,CONSTRUCTION/MAINTENANCE,W,PARKED,,,0,,,,Y,,,,,,,,,,,,,,NONE,,,,,,,,,,,,,,,,,,,,,,,,,,,,,,,,,
2110660,7adf5bd619133866ebae675c703d5ccad8f1678ca69d81d9dc4b11e184e24fa13dc9741c7932ebfcfb783b2f7becb6780b24c699f6d2284dba40ca4463733ad8,07/20/2025 11:34:00 AM,1,DRIVER,,2012109,,FORD,OTHER (EXPLAIN IN NARRATIVE),IL,2014,NONE,SPORT UTILITY VEHICLE (SUV),PERSONAL,UNKNOWN,LEAVING TRAFFIC LANE TO PARK,,,1,,,,,,,,,,,,,,,,,Y,UNKNOWN,,,,,,,,,,,,,,,,,,,,,,,,,,,,,,,,,
2110661,7adf5bd619133866ebae675c703d5ccad8f1678ca69d81d9dc4b11e184e24fa13dc9741c7932ebfcfb783b2f7becb6780b24c699f6d2284dba40ca4463733ad8,07/20/2025 11:34:00 AM,2,PARKED,,2012111,,TOYOTA,OTHER (EXPLAIN IN NARRATIVE),IL,2015,NONE,SPORT UTILITY VEHICLE (SUV),PERSONAL,UNKNOWN,PARKED,,,0,,,,,,,,,Y,,,,,,,,,SIDE-RIGHT-REAR,,,,,,,,,,,,,,,,,,,,,,,,,,,,,,,,,
2110643,76834764b7deee2ccd5a552de618a4d06c3f2a17784e87cb386b5df86b589282adb8333afc99268e62f80ce8150bbacf2882754006f03efbbaf3580609572410,07/20/2025 11:20:00 AM,1,DRIVER,,2012096,,FORD,F150,IL,2012,UNKNOWN,PICKUP,PERSONAL,E,BACKING,,,1,,,,,,,,,,Y,,,,,,,,REAR,,,,,,,,,,,,,,,,,,,,,,,,,,,,,,,,,
2110644,76834764b7deee2ccd5a552de618a4d06c3f2a17784e87cb386b5df86b589282adb8333afc99268e62f80ce8150bbacf2882754006f03efbbaf3580609572410,07/20/2025 11:20:00 AM,2,DRIVER,2,2012101,,KIA,FORTE,IL,2024,UNKNOWN,PASSENGER,UNKNOWN/NA,W,STRAIGHT AHEAD,,,3,,,,,,,,,,,,,,,,Y,,FRONT,,,,,,,,,,,,,,,,,,,,,,,,,,,,,,,,,
2110652,33d3de7812fc7de42b07c6c8e848ecd5f45f4005b470404e4bc5debca39c5855b6ac50ef8adffc94e71864fe4b6875b7c89d3408c676b294420113988b98dfd0,07/20/2025 11:19:00 AM,1,DRIVER,,2012104,,TOYOTA,PRIUS,IL,2008,UNKNOWN,PASSENGER,PERSONAL,N,STRAIGHT AHEAD,Y,,1,,STREETS AND SANITATION,"DOTY RD, POUND TWO",,Y,,,,,,,,,,Y,Y,,FRONT,,,,,,,,,,,,,,,,,,,,,,,,,,,,,,,,,
2110653,33d3de7812fc7de42b07c6c8e848ecd5f45f4005b470404e4bc5debca39c5855b6ac50ef8adffc94e71864fe4b6875b7c89d3408c676b294420113988b98dfd0,07/20/2025 11:19:00 AM,2,DRIVER,,2012113,,CHEVROLET,MALIBU,IL,2020,UNKNOWN,PASSENGER,PERSONAL,SW,TURNING LEFT,Y,,1,,STREETS AND SANITATION,"DOTY RD, POUND 2",,,,,,,,,,Y,Y,Y,,,SIDE-LEFT,,,,,,,,,,,,,,,,,,,,,,,,,,,,,,,,,
2110654,4ca6aee66e2f52ca3b6dac6826474d5c7590a9f691edf576c5d925767fbf01f8fd397937bc8e8a4c7b25a46af7304359d39aa37ca6919b61aa9f3d7b3f8f6d61,07/20/2025 11:15:00 AM,1,DRIVER,,2012107,,VOLVO,XC60,IL,2025,NONE,PASSENGER,PERSONAL,W,BACKING,,,1,,,,,Y,,,,,,,,,,,,,FRONT-RIGHT-CORNER,,,,,,,,,,,,,,,,,,,,,,,,,,,,,,,,,
2110655,4ca6aee66e2f52ca3b6dac6826474d5c7590a9f691edf576c5d925767fbf01f8fd397937bc8e8a4c7b25a46af7304359d39aa37ca6919b61aa9f3d7b3f8f6d61,07/20/2025 11:15:00 AM,2,PARKED,,2012114,,CHEVROLET,EQUINOX,IL,2012,UNKNOWN,SPORT UTILITY VEHICLE (SUV),NOT IN USE,UNKNOWN,PARKED,,,0,,,,,,,,,,,Y,,,,,,,REAR-LEFT-CORNER,,,,,,,,,,,,,,,,,,,,,,,,,,,,,,,,,
2110629,e50efc668d377f3e19930575a5f169e44bbbf5ee3dee1fed58a4ceb7754b174771706432dce9ae4285b70db11c8a52f674e8c6ecae53d16abc3e8528c185387c,07/20/2025 11:13:00 AM,1,DRIVER,,2012098,,TOYOTA,COROLLA,IN,2021,UNKNOWN,PASSENGER,PERSONAL,E,TURNING RIGHT,,,1,,,,,,,,,,,Y,Y,Y,Y,Y,,,SIDE-LEFT,,,,,,,,,,,,,,,,,,,,,,,,,,,,,,,,,
2110630,e50efc668d377f3e19930575a5f169e44bbbf5ee3dee1fed58a4ceb7754b174771706432dce9ae4285b70db11c8a52f674e8c6ecae53d16abc3e8528c185387c,07/20/2025 11:13:00 AM,2,DRIVER,1,2012086,,SUBARU,OTHER (EXPLAIN IN NARRATIVE),IL,2024,UNKNOWN,PASSENGER,UNKNOWN/NA,E,TURNING RIGHT,,,2,,,,,Y,Y,Y,Y,Y,,,,,,,,,SIDE-RIGHT,,,,,,,,,,,,,,,,,,,,,,,,,,,,,,,,,
2110603,00904ac86da8b27ae8000b424a425cfe0ab2abf81ad8db24881cefea5d821679a9f08bd91a979fead4e17eff727173584c0ed0c50a8a11dc3c53d757d048c2b4,07/20/2025 11:10:00 AM,1,DRIVER,1,2012061,,FORD,EDGE,IL,2014,UNKNOWN,PASSENGER,PERSONAL,N,LEAVING TRAFFIC LANE TO PARK,,,2,,,,,,,,,,,,,,,Y,,,FRONT-LEFT-CORNER,,,,,,,,,,,,,,,,,,,,,,,,,,,,,,,,,
2110604,00904ac86da8b27ae8000b424a425cfe0ab2abf81ad8db24881cefea5d821679a9f08bd91a979fead4e17eff727173584c0ed0c50a8a11dc3c53d757d048c2b4,07/20/2025 11:10:00 AM,2,PARKED,,2012067,,TOYOTA,RAV4,IL,2015,UNKNOWN,PASSENGER,UNKNOWN/NA,N,PARKED,,,0,,,,,,,,,Y,,,,,,,,,SIDE-RIGHT-REAR,,,,,,,,,,,,,,,,,,,,,,,,,,,,,,,,,
2110601,23bd592aa4839786532540ce2a83ffcdada909ba06ce66eeec887e76f1d31fe89e56c59790833e824652ab04bd75b0bcd046c52dddbbe7338c9da366b3eca008,07/20/2025 11:00:00 AM,1,DRIVER,1,2012056,,SUBARU,CROSSTREK,IL,2024,OTHER,SPORT UTILITY VEHICLE (SUV),PERSONAL,E,STRAIGHT AHEAD,,,2,,,,,,Y,Y,Y,,,,,,,,,,SIDE-RIGHT,,,,,,,,,,,,,,,,,,,,,,,,,,,,,,,,,
2110602,23bd592aa4839786532540ce2a83ffcdada909ba06ce66eeec887e76f1d31fe89e56c59790833e824652ab04bd75b0bcd046c52dddbbe7338c9da366b3eca008,07/20/2025 11:00:00 AM,2,DRIVER,1,2012068,,TOYOTA,COROLLA,IN,2021,OTHER,PASSENGER,PERSONAL,E,TURNING RIGHT,,,2,,,,,N,,,,,,,,,,Y,Y,,FRONT-LEFT-CORNER,,,,,,,,,,,,,,,,,,,,,,,,,,,,,,,,,
2110583,6a0722ba72c8009dd6be5833be1a593f771c92b3c5d4f6a2f09e96e12662cf9afb7a1e4221747604d14b0a49524869141ba4c88f700383a49061c7f7166e0f16,07/20/2025 11:00:00 AM,1,DRIVER,,2012041,,UNKNOWN,ENCLOSED BODY,,,NONE,PASSENGER,PERSONAL,W,PASSING/OVERTAKING,,,1,,,,,Y,Y,Y,Y,Y,,,,,,,,,SIDE-RIGHT,,,,,,,,,,,,,,,,,,,,,,,,,,,,,,,,,
2110584,6a0722ba72c8009dd6be5833be1a593f771c92b3c5d4f6a2f09e96e12662cf9afb7a1e4221747604d14b0a49524869141ba4c88f700383a49061c7f7166e0f16,07/20/2025 11:00:00 AM,2,DRIVER,,2012045,,HONDA,OTHER (EXPLAIN IN NARRATIVE),CA,2022,NONE,PASSENGER,PERSONAL,W,STRAIGHT AHEAD,,,1,,,,,,,,,,,,,,Y,Y,,,SIDE-LEFT-FRONT,,,,,,,,,,,,,,,,,,,,,,,,,,,,,,,,,
2110619,b3451d3961f846a0df8bbda0b4b8a0e16bcf25adc01d8d8806adfe531ff3eb07234531b69f840ed70b1fe982746a23b1c86be6639d9418b87a2fff882f1373b0,07/20/2025 10:42:00 AM,1,DRIVER,,2012076,,JEEP,WRANGLER,IL,,UNKNOWN,PASSENGER,UNKNOWN/NA,W,STRAIGHT AHEAD,,,1,,,,,,,,,,,,,,,,,Y,FRONT,,,,,,,,,,,,,,,,,,,,,,,,,,,,,,,,,
2110620,b3451d3961f846a0df8bbda0b4b8a0e16bcf25adc01d8d8806adfe531ff3eb07234531b69f840ed70b1fe982746a23b1c86be6639d9418b87a2fff882f1373b0,07/20/2025 10:42:00 AM,2,DRIVER,3,2012080,,CHEVROLET,EQUINOX,IL,2018,NONE,PASSENGER,PERSONAL,S,TURNING LEFT,Y,,4,,insure on the spot,residence,,,,,,,Y,Y,Y,Y,,,,,REAR-LEFT-CORNER,,,,,,,,,,,,,,,,,,,,,,,,,,,,,,,,,
2110672,635ef84e9fca5e705fc79df0a7436148143ae3785cb6979715b3ee5a4514dbb4eb8cec2f4936f47d3defb2eb81733d4e723419cddeabb45eff7231da8d52422a,07/20/2025 10:40:00 AM,1,DRIVER,1,2012122,,HONDA,CR-V,IL,2015,NONE,PASSENGER,PERSONAL,W,LEAVING TRAFFIC LANE TO PARK,,,2,,,,,,,,,Y,,,,,,,,,REAR-RIGHT-CORNER,,,,,,,,,,,,,,,,,,,,,,,,,,,,,,,,,
2110673,635ef84e9fca5e705fc79df0a7436148143ae3785cb6979715b3ee5a4514dbb4eb8cec2f4936f47d3defb2eb81733d4e723419cddeabb45eff7231da8d52422a,07/20/2025 10:40:00 AM,2,DRIVER,,2012123,,NISSAN,ROGUE,IL,2025,UNKNOWN,SPORT UTILITY VEHICLE (SUV),PERSONAL,E,STRAIGHT AHEAD,,,1,,,,,,,,,,,,,,,Y,,,FRONT-LEFT-CORNER,,,,,,,,,,,,,,,,,,,,,,,,,,,,,,,,,
2110725,287edfbeaefb50f5fa0773f11063b730cf3d89d8877baf84bc05dc6974511c67d9450298ea1f937c139f80b3b87668c67563405e4d1f1ebddb3081df5d2b0c38,07/20/2025 10:35:00 AM,1,DRIVER,,2012179,,KIA,SPORTAGE,IL,2021,UNKNOWN,UNKNOWN/NA,UNKNOWN/NA,UNKNOWN,UNKNOWN/NA,,,1,,,,,Y,,,,,,,,,,Y,Y,,FRONT,,,,,,,,,,,,,,,,,,,,,,,,,,,,,,,,,
2112062,13cd2ace3f38fcab782c64e79b196d3acbcab7382069a91ae28ba6f064668f8e8f1ea31f24f40cdd93a7dfc53f689e396502401f2f653e9711bf4ba11decfcd6,07/20/2025 10:30:00 AM,1,DRIVER,,2013438,,JEEP,WRANGLER,IL,2024,UNKNOWN,SPORT UTILITY VEHICLE (SUV),PERSONAL,E,STRAIGHT AHEAD,,,1,,,,,,,,,,,,,,,,Y,,FRONT,,,,,,,,,,,,,,,,,,,,,,,,,,,,,,,,,
2112063,13cd2ace3f38fcab782c64e79b196d3acbcab7382069a91ae28ba6f064668f8e8f1ea31f24f40cdd93a7dfc53f689e396502401f2f653e9711bf4ba11decfcd6,07/20/2025 10:30:00 AM,2,DRIVER,,2013441,,DODGE,DURANGO,IL,,UNKNOWN,SPORT UTILITY VEHICLE (SUV),PERSONAL,E,STRAIGHT AHEAD,,,1,,,,,,,,,,,Y,Y,,,,,,SIDE-LEFT-REAR,,,,,,,,,,,,,,,,,,,,,,,,,,,,,,,,,
2112180,d26dfef90c8259b40d8917bc4981785a03c68d61826c5deb28c1f8038327a9d98f89fa1805eac233d03c01b9485916412f1bd788fd1a5b6517af584adef9c18a,07/20/2025 10:30:00 AM,1,DRIVER,,2013547,,CHEVROLET,OTHER (EXPLAIN IN NARRATIVE),IL,2008,UNKNOWN,VAN/MINI-VAN,UNKNOWN/NA,S,UNKNOWN/NA,,,1,,,,,Y,,,,,,,,,,,,,FRONT-RIGHT-CORNER,,,,,,,,,,,,,,,,,,,,,,,,,,,,,,,,,
2112181,d26dfef90c8259b40d8917bc4981785a03c68d61826c5deb28c1f8038327a9d98f89fa1805eac233d03c01b9485916412f1bd788fd1a5b6517af584adef9c18a,07/20/2025 10:30:00 AM,2,PARKED,,2013550,,NISSAN,ALTIMA,IL,2013,UNKNOWN,PASSENGER,NOT IN USE,S,PARKED,,,0,,,,,,,,,,,Y,,,,,,,REAR-LEFT-CORNER,,,,,,,,,,,,,,,,,,,,,,,,,,,,,,,,,
2110579,a63ee9273fb5add1a54070696011fe59fb69b86abbb0d38d26354bded31b7444e7fc50b92899dc4f176b5484c02302d55a82fbe38ee59d13a7858376c9ab723f,07/20/2025 10:20:00 AM,1,DRIVER,,2012039,,UNKNOWN,OTHER (EXPLAIN IN NARRATIVE),IL,,UNKNOWN,UNKNOWN/NA,UNKNOWN/NA,W,UNKNOWN/NA,,,1,,,,,Y,,,,,,,,,,,,,FRONT-RIGHT-CORNER,,,,,,,,,,,,,,,,,,,,,,,,,,,,,,,,,
2110580,a63ee9273fb5add1a54070696011fe59fb69b86abbb0d38d26354bded31b7444e7fc50b92899dc4f176b5484c02302d55a82fbe38ee59d13a7858376c9ab723f,07/20/2025 10:20:00 AM,2,PARKED,,2012042,,FORD,TRANSIT,IL,2020,UNKNOWN,VAN/MINI-VAN,UNKNOWN/NA,W,PARKED IN TRAFFIC LANE,,,0,,,,,,,,,,,Y,,,,,,,REAR-LEFT-CORNER,,,,,,,,,,,,,,,,,,,,,,,,,,,,,,,,,
2110571,4d05c9247e68f895f0d621288b6a4d234bd5f6effce2a60fa8c47d33b6e834958fb6780b530e6505ff20cae37dfc4a84d7cd699c4390e092d677cf36b185dfba,07/20/2025 10:05:00 AM,1,DRIVER,2,2012033,,CHEVROLET,HHR,IL,2011,NONE,PASSENGER,PERSONAL,W,STRAIGHT AHEAD,,,3,,,,,,,,,,,,,,,Y,Y,,FRONT,,,,,,,,,,,,,,,,,,,,,,,,,,,,,,,,,
2110572,4d05c9247e68f895f0d621288b6a4d234bd5f6effce2a60fa8c47d33b6e834958fb6780b530e6505ff20cae37dfc4a84d7cd699c4390e092d677cf36b185dfba,07/20/2025 10:05:00 AM,2,DRIVER,1,2012038,,FORD,EXPLORER,IL,2024,UNKNOWN,PASSENGER,POLICE,W,STRAIGHT AHEAD,,,2,,,,,,,,,Y,Y,,,,,,,,REAR,,,,,,,,,,,,,,,,,,,,,,,,,,,,,,,,,
2110577,0d9784fa95eb518b7ff58368f6339df94850cef77a54f505c89d65ab05967e8feadb024222e56dcbd738b7d6d91ab57ec3913dc2e323d869da2f7cd5cce3736b,07/20/2025 10:03:00 AM,1,DRIVER,,2012036,,JEEP,CHEROKEE,IL,2016,NONE,SPORT UTILITY VEHICLE (SUV),PERSONAL,N,TURNING RIGHT,,,1,,,,,,,,,,,,,,,,,,FRONT,,,,,,,,,,,,,,,,,,,,,,,,,,,,,,,,,
2110578,0d9784fa95eb518b7ff58368f6339df94850cef77a54f505c89d65ab05967e8feadb024222e56dcbd738b7d6d91ab57ec3913dc2e323d869da2f7cd5cce3736b,07/20/2025 10:03:00 AM,2,BICYCLE,,,,,,,,,,,,,,,,,,,,,,,,,,,,,,,,,,,,,,,,,,,,,,,,,,,,,,,,,,,,,,,,,,
2110553,7c8c4a144023a4fdf31e8bf7fd0787d97d2f429b8dc4fbd05fb1d901768e865490a33ab5c73bac6f32cf3f7052f31f114c7cf26176703dac784a4b57466e4e7c,07/20/2025 10:00:00 AM,1,DRIVER,,2012014,,MITSUBISHI,OUTLANDER,IL,2014,UNKNOWN,SPORT UTILITY VEHICLE (SUV),PERSONAL,E,STRAIGHT AHEAD,,,1,,,,,,,,,,,,,,,Y,,,FRONT-LEFT-CORNER,,,,,,,,,,,,,,,,,,,,,,,,,,,,,,,,,
2110554,7c8c4a144023a4fdf31e8bf7fd0787d97d2f429b8dc4fbd05fb1d901768e865490a33ab5c73bac6f32cf3f7052f31f114c7cf26176703dac784a4b57466e4e7c,07/20/2025 10:00:00 AM,2,DRIVER,,2012018,,INFINITI,G35,IL,2008,NONE,PASSENGER,PERSONAL,S,STRAIGHT AHEAD,,,1,,,,,Y,,,,,,,,,,,,,FRONT-RIGHT-CORNER,,,,,,,,,,,,,,,,,,,,,,,,,,,,,,,,,
2111330,c186072040f2fee2ba780565755aca44359680bcc8bbed279fce0a321064024711a49b799f206385b532a94473e3acfb53e92a68129f5b1a4f7af81ae8b22e68,07/20/2025 10:00:00 AM,1,DRIVER,,2012746,,UNKNOWN,OTHER (EXPLAIN IN NARRATIVE),XX,,UNKNOWN,UNKNOWN/NA,UNKNOWN/NA,UNKNOWN,UNKNOWN/NA,,,1,,,,,,,,,,,,,,,,,Y,UNKNOWN,,,,,,,,,,,,,,,,,,,,,,,,,,,,,,,,,
2111331,c186072040f2fee2ba780565755aca44359680bcc8bbed279fce0a321064024711a49b799f206385b532a94473e3acfb53e92a68129f5b1a4f7af81ae8b22e68,07/20/2025 10:00:00 AM,2,PARKED,,2012757,,BUICK,REGAL,IL,2017,UNKNOWN,PASSENGER,NOT IN USE,S,PARKED,,,0,,,,,,,,,,,,,,,,Y,,FRONT,,,,,,,,,,,,,,,,,,,,,,,,,,,,,,,,,
2110562,c25dd111893762df50f04771fee4682cf08e55f6e84a4782750c67693afbe63e18003193496d8bd3e78eb3dc630a987fcce58d763fc45d241ff7bd2725187b7a,07/20/2025 10:00:00 AM,1,DRIVER,,2012024,,JEEP,COMPASS,IL,2016,UNKNOWN,SPORT UTILITY VEHICLE (SUV),PERSONAL,N,STRAIGHT AHEAD,,,1,,,,,,,,,,,,,,,,,,FRONT,,,,,,,,,,,,,,,,,,,,,,,,,,,,,,,,,
2110563,c25dd111893762df50f04771fee4682cf08e55f6e84a4782750c67693afbe63e18003193496d8bd3e78eb3dc630a987fcce58d763fc45d241ff7bd2725187b7a,07/20/2025 10:00:00 AM,2,DRIVER,,2012031,,HYUNDAI,SONATA,IL,2018,NONE,PASSENGER,PERSONAL,N,SLOW/STOP IN TRAFFIC,,,1,,,,,,,,,,,,,,,,,,REAR,,,,,,,,,,,,,,,,,,,,,,,,,,,,,,,,,
2110569,ed24e5134349b55a37239e232eb57f8db70be654049b14542deca058c6f216b614263fe039790d8c5dd2bc2c2e461d2e2f10ad040984d7f57d95eb0545c9941b,07/20/2025 10:00:00 AM,1,DRIVER,,2012035,,SATURN,VUE,IL,2006,BRAKES,PASSENGER,PERSONAL,SE,STRAIGHT AHEAD,N,,1,,,,,Y,,,,,,,,,,Y,Y,,FRONT,,,,,,,,,,,,,,,,,,,,,,,,,,,,,,,,,
2110570,ed24e5134349b55a37239e232eb57f8db70be654049b14542deca058c6f216b614263fe039790d8c5dd2bc2c2e461d2e2f10ad040984d7f57d95eb0545c9941b,07/20/2025 10:00:00 AM,2,DRIVER,1,2012046,,CHEVROLET,EQUINOX,IL,2019,NONE,PASSENGER,PERSONAL,SE,SLOW/STOP IN TRAFFIC,,,2,,,,,,,,,Y,Y,Y,,,,,,,REAR,,,,,,,,,,,,,,,,,,,,,,,,,,,,,,,,,
2110560,2e7ee5c090e9690d752a6519213d26f3b394c3bc786b3db3d6dda03b823dde3ee2d45a77161967a3dea15eb65e4138a87c20766b9b8f67b3251d67fbaa54be18,07/20/2025 09:55:00 AM,1,DRIVER,,2012029,,DODGE,JOURNEY,IL,2019,UNKNOWN,PASSENGER,PERSONAL,E,STRAIGHT AHEAD,,,1,,,,,Y,,,,,,,,,,Y,Y,,FRONT,,,,,,,,,,,,,,,,,,,,,,,,,,,,,,,,,
2110561,2e7ee5c090e9690d752a6519213d26f3b394c3bc786b3db3d6dda03b823dde3ee2d45a77161967a3dea15eb65e4138a87c20766b9b8f67b3251d67fbaa54be18,07/20/2025 09:55:00 AM,2,DRIVER,,2012026,,FORD,TRANSIT,IL,2020,NONE,BUS UP TO 15 PASS.,OTHER,E,STRAIGHT AHEAD,,,1,,,,,,,,,Y,Y,Y,,,,,,,REAR,,,,,,,,,,,,,,,,,,,,,,,,,,,,,,,,,
2110541,8392048a3df28a6c403ff91e80936efc7aa7d4aeb0655a232db88b71abbe788b8dea997a3c75d91582e83c9f59ad06a5f98fb02aca2d7bea6488b3a1248c2d73,07/20/2025 09:53:00 AM,1,DRIVER,,2012008,,INFINITI,QX60,IL,2019,UNKNOWN,SPORT UTILITY VEHICLE (SUV),PERSONAL,N,BACKING,N,,1,,,,,,,,,,,,,,,,,Y,REAR,,,,,,,,,,,,,,,,,,,,,,,,,,,,,,,,,
2110542,8392048a3df28a6c403ff91e80936efc7aa7d4aeb0655a232db88b71abbe788b8dea997a3c75d91582e83c9f59ad06a5f98fb02aca2d7bea6488b3a1248c2d73,07/20/2025 09:53:00 AM,2,PARKED,,2012015,,CHEVROLET,TRAVERSE,IL,2025,UNKNOWN,SPORT UTILITY VEHICLE (SUV),PERSONAL,N,PARKED,,,0,,,,,Y,,,,,,,,,,Y,Y,,FRONT,,,,,,,,,,,,,,,,,,,,,,,,,,,,,,,,,
2111570,b6ac6fe0f470c7a406fb224780d4e2a82768cc9014db5d0d6e39ffe209242faea7ccf2beaace61a641496f2593aaa4222b7e1f2f691192fbeb317db05b8e0c80,07/20/2025 09:44:00 AM,1,DRIVER,,2012970,,HONDA,ACCORD,IL,2012,UNKNOWN,PASSENGER,UNKNOWN/NA,S,STRAIGHT AHEAD,Y,,1,,UNKNOWN,HOME,,,,,N,,,,Y,Y,Y,,,,SIDE-LEFT,,,,,,,,,,,,,,,,,,,,,,,,,,,,,,,,,
2111571,b6ac6fe0f470c7a406fb224780d4e2a82768cc9014db5d0d6e39ffe209242faea7ccf2beaace61a641496f2593aaa4222b7e1f2f691192fbeb317db05b8e0c80,07/20/2025 09:44:00 AM,2,DRIVER,1,2012978,,BUICK,ENVISION,IL,2017,UNKNOWN,PASSENGER,PERSONAL,W,STRAIGHT AHEAD,Y,,2,,UNKNOWN,UNKNOWN,,Y,Y,,,,,,Y,,,,,,FRONT-RIGHT-CORNER,,,,,,,,,,,,,,,,,,,,,,,,,,,,,,,,,
2110529,39adb2054f8fbf79c916ebfa00739c2190060cc05c20daf3214743189fd6cad378b0f9e31f685167d00794b6f0bc01d528d7bf6b80215918ea2c7c422495aba7,07/20/2025 09:05:00 AM,1,DRIVER,,2011997,N,FORD,ECONOLINE E450,AZ,2025,NONE,OTHER,OTHER,W,TURNING RIGHT,,,1,,,,,,,Y,Y,Y,,,,,,,,,SIDE-RIGHT-REAR,,,,,,,,,,,,,,,,,,,,,,,,,,,,,,,,,
2110530,39adb2054f8fbf79c916ebfa00739c2190060cc05c20daf3214743189fd6cad378b0f9e31f685167d00794b6f0bc01d528d7bf6b80215918ea2c7c422495aba7,07/20/2025 09:05:00 AM,2,PARKED,,2011999,,HYUNDAI,ELANTRA,IL,2011,NONE,PASSENGER,PERSONAL,W,PARKED,,,0,,,,,,,,,,,,,,Y,Y,,,FRONT-LEFT-CORNER,,,,,,,,,,,,,,,,,,,,,,,,,,,,,,,,,
2110595,657de71ed399e675589262d6f41f1d2043cb360d957105d0fd839ab19498454660a35a78120fb873a1d64d0c66d109a46209335053b12c9937c3eb57057825fe,07/20/2025 09:00:00 AM,1,DRIVER,,2012055,,HONDA,CIVIC,IL,2012,UNKNOWN,PASSENGER,PERSONAL,E,BACKING,,,1,,,,,,,,Y,Y,,,,,,,,,SIDE-RIGHT-REAR,,,,,,,,,,,,,,,,,,,,,,,,,,,,,,,,,
2110596,657de71ed399e675589262d6f41f1d2043cb360d957105d0fd839ab19498454660a35a78120fb873a1d64d0c66d109a46209335053b12c9937c3eb57057825fe,07/20/2025 09:00:00 AM,2,DRIVER,1,2012057,,SUBARU,IMPREZA,IL,2019,UNKNOWN,PASSENGER,PERSONAL,N,LEAVING TRAFFIC LANE TO PARK,,,2,,,,,,,Y,Y,Y,,,,,,,,,SIDE-RIGHT,,,,,,,,,,,,,,,,,,,,,,,,,,,,,,,,,
2110532,a8783a4923382770da6091c391cea846cbd762dc92ba15aa568ed106f6ef2b453c6a5c980c43a84275f1d767d7847022ef4eab5eb046fb9c5cc10343b601bfaf,07/20/2025 08:40:00 AM,1,DRIVER,,2012002,,FORD,F150,IL,2018,UNKNOWN,PICKUP,PERSONAL,W,STRAIGHT AHEAD,,,1,,,,,,,,,,,,,,Y,Y,,,SIDE-LEFT-FRONT,,,,,,,,,,,,,,,,,,,,,,,,,,,,,,,,,
2110533,a8783a4923382770da6091c391cea846cbd762dc92ba15aa568ed106f6ef2b453c6a5c980c43a84275f1d767d7847022ef4eab5eb046fb9c5cc10343b601bfaf,07/20/2025 08:40:00 AM,2,DRIVER,,2012004,,FORD,ESCAPE,IL,2008,UNKNOWN,SPORT UTILITY VEHICLE (SUV),PERSONAL,W,STRAIGHT AHEAD,,,1,,,,,Y,Y,Y,Y,,,,,,,,,,SIDE-RIGHT-FRONT,,,,,,,,,,,,,,,,,,,,,,,,,,,,,,,,,