CRASH_UNIT_ID,CRASH_RECORD_ID,CRASH_DATE,UNIT_NO,UNIT_TYPE,NUM_PASSENGERS,VEHICLE_ID,CMRC_VEH_I,MAKE,MODEL,LIC_PLATE_STATE,VEHICLE_YEAR,VEHICLE_DEFECT,VEHICLE_TYPE,VEHICLE_USE,TRAVEL_DIRECTION,MANEUVER,TOWED_I,FIRE_I,OCCUPANT_CNT,EXCEED_SPEED_LIMIT_I,TOWED_BY,TOWED_TO,AREA_00_I,AREA_01_I,AREA_02_I,AREA_03_I,AREA_04_I,AREA_05_I,AREA_06_I,AREA_07_I,AREA_08_I,AREA_09_I,AREA_10_I,AREA_11_I,AREA_12_I,AREA_99_I,FIRST_CONTACT_POINT,CMV_ID,USDOT_NO,CCMC_NO,ILCC_NO,COMMERCIAL_SRC,GVWR,CARRIER_NAME,CARRIER_STATE,CARRIER_CITY,HAZMAT_PLACARDS_I,HAZMAT_NAME,UN_NO,HAZMAT_PRESENT_I,HAZMAT_REPORT_I,HAZMAT_REPORT_NO,MCS_REPORT_I,MCS_REPORT_NO,HAZMAT_VIO_CAUSE_CRASH_I,MCS_VIO_CAUSE_CRASH_I,IDOT_PERMIT_NO,WIDE_LOAD_I,TRAILER1_WIDTH,TRAILER2_WIDTH,TRAILER1_LENGTH,TRAILER2_LENGTH,TOTAL_VEHICLE_LENGTH,AXLE_CNT,VEHICLE_CONFIG,CARGO_BODY_TYPE,LOAD_TYPE,HAZMAT_OUT_OF_SERVICE_I,MCS_OUT_OF_SERVICE_I,HAZMAT_CLASS
2110534,33d8f2afcff08d4bb7a5bbcc0769fb5ed5dafd83ffbd357ecb141c1fd8ca8f89b31e1a013db697c7d9b91baaf042de517d1e622a859fe3714a920d30fba2d9af,07/20/2025 08:30:00 AM,1,DRIVER,,2011998,,CHEVROLET,IMPALA,IL,2016,UNKNOWN,PASSENGER,PERSONAL,N,STRAIGHT AHEAD,,,1,,,,,,,,,,,,,,,Y,,,FRONT-LEFT-CORNER,,,,,,,,,,,,,,,,,,,,,,,,,,,,,,,,,
2110535,33d8f2afcff08d4bb7a5bbcc0769fb5ed5dafd83ffbd357ecb141c1fd8ca8f89b31e1a013db697c7d9b91baaf042de517d1e622a859fe3714a920d30fba2d9af,07/20/2025 08:30:00 AM,2,DRIVER,,2012001,,CHEVROLET,CORVETTE,IL,1995,UNKNOWN,PASSENGER,PERSONAL,N,STRAIGHT AHEAD,,,1,,,,,,,,,,,,,,,,,,REAR,,,,,,,,,,,,,,,,,,,,,,,,,,,,,,,,,
2110525,af88dc9b84bb2b4c3419dd7470314cb0ac114c0da8f0c0e5955668e52c7e0930bb387f53cc181557e048dbb6d858ba4497b6a086db69948db44c1de1f20694ad,07/20/2025 08:14:00 AM,1,DRIVER,,2011992,,HONDA,CR-V,IL,2014,UNKNOWN,PASSENGER,PERSONAL,W,STRAIGHT AHEAD,,,1,,,,,,,,,,,,,,,,Y,,FRONT,,,,,,,,,,,,,,,,,,,,,,,,,,,,,,,,,
2110526,af88dc9b84bb2b4c3419dd7470314cb0ac114c0da8f0c0e5955668e52c7e0930bb387f53cc181557e048dbb6d858ba4497b6a086db69948db44c1de1f20694ad,07/20/2025 08:14:00 AM,2,DRIVER,,2011993,,KIA,OPTIMA / K5,IL,2017,UNKNOWN,PASSENGER,PERSONAL,W,SLOW/STOP IN TRAFFIC,,,1,,,,,,,,,,Y,,,,,,,,REAR,,,,,,,,,,,,,,,,,,,,,,,,,,,,,,,,,
2111857,29b4387126d275c8b92147359a0e1034f519e9034b5d6e403fc350f752d54101b0002f4d227c9da228dd29f914849e73e5732ac21025bb6e6dfe675af6251342,07/20/2025 08:10:00 AM,1,DRIVER,1,2013248,,HONDA,HR-V,IL,2025,UNKNOWN,SPORT UTILITY VEHICLE (SUV),PERSONAL,E,STRAIGHT AHEAD,Y,,2,,streets and sanitation,,,Y,,,,,,,,,,Y,Y,,FRONT,,,,,,,,,,,,,,,,,,,,,,,,,,,,,,,,,
2114820,ba18934c5e795d13e2c00c4acf423d13a09d6327c4cf4236b05c0ea1d54a930885a76d0a1de33c6a58d4caf3c81e2ad4c0de0f27df850e67d065dd9739ee3ba9,07/20/2025 08:00:00 AM,1,DRIVER,,2016072,,UNKNOWN,MOTORIZED,,,UNKNOWN,UNKNOWN/NA,UNKNOWN/NA,UNKNOWN,UNKNOWN/NA,,,1,,,,,,,,,,,,,,,,,Y,UNKNOWN,,,,,,,,,,,,,,,,,,,,,,,,,,,,,,,,,
2114821,ba18934c5e795d13e2c00c4acf423d13a09d6327c4cf4236b05c0ea1d54a930885a76d0a1de33c6a58d4caf3c81e2ad4c0de0f27df850e67d065dd9739ee3ba9,07/20/2025 08:00:00 AM,2,PARKED,,2016075,,HONDA,CIVIC,IL,2022,NONE,PASSENGER,PERSONAL,S,PARKED,,,0,,,,,,,,,,,,,,Y,Y,,,SIDE-LEFT,,,,,,,,,,,,,,,,,,,,,,,,,,,,,,,,,
2110524,1faee56c1a374310c7b0260b79bbb714713751bfaa503fddeacccf5e4c987668eaeaa320690f40e274eb4392bcecb1d6a7cf6034115b8817d933142dff512c32,07/20/2025 07:23:00 AM,1,DRIVER,,2011990,,KIA,SORENTO,IL,2011,UNKNOWN,PASSENGER,UNKNOWN/NA,W,SKIDDING/CONTROL LOSS,Y,,1,,,,,Y,Y,,,,,,,,Y,Y,Y,,FRONT,,,,,,,,,,,,,,,,,,,,,,,,,,,,,,,,,
2110518,01a216526ba3eea5c0de75694cc4908d17e9bda1b817cf2a2e83cc81d80829f30c4cd1f9f72f4ebde35e53980134e41f904a10a39ce91d41ce82ea4387447605,07/20/2025 07:13:00 AM,1,DRIVER,,2011986,,NEW FLYER,OTHER (EXPLAIN IN NARRATIVE),IL,2007,UNKNOWN,BUS OVER 15 PASS.,CTA,W,STRAIGHT AHEAD,,,1,,,,Y,,,,,,,,,,,,,,FRONT,,,,,,,,,,,,,,,,,,,,,,,,,,,,,,,,,
2110519,01a216526ba3eea5c0de75694cc4908d17e9bda1b817cf2a2e83cc81d80829f30c4cd1f9f72f4ebde35e53980134e41f904a10a39ce91d41ce82ea4387447605,07/20/2025 07:13:00 AM,2,DRIVER,,2011988,,TOYOTA,CAMRY,IL,2014,UNKNOWN,PASSENGER,PERSONAL,W,STRAIGHT AHEAD,,,1,,,,,,,,,,Y,,,,,,,,REAR,,,,,,,,,,,,,,,,,,,,,,,,,,,,,,,,,
2110615,29cbaea551deae874e2a130d9d424237e3b3d00685e2cda3ee9ca77b5374fe863b99a4be7376450717f6a14733b06c2c3dc4d1b35651d85fa92642a6d093407d,07/20/2025 06:42:00 AM,1,DRIVER,,2012077,,HUMMER,HUMMER,IL,2004,UNKNOWN,PASSENGER,UNKNOWN/NA,N,STRAIGHT AHEAD,Y,,1,,CITY OF CHICAGO,CITY POUND,,,Y,Y,Y,,,,,,,,,,SIDE-RIGHT,,,,,,,,,,,,,,,,,,,,,,,,,,,,,,,,,
2110616,29cbaea551deae874e2a130d9d424237e3b3d00685e2cda3ee9ca77b5374fe863b99a4be7376450717f6a14733b06c2c3dc4d1b35651d85fa92642a6d093407d,07/20/2025 06:42:00 AM,2,PARKED,,2012078,,GENERAL MOTORS CORPORATION (GMC),TERRAIN,IL,2020,UNKNOWN,SPORT UTILITY VEHICLE (SUV),NOT IN USE,N,PARKED,,,0,,,,,,,,,,,,,Y,Y,Y,,,SIDE-LEFT,,,,,,,,,,,,,,,,,,,,,,,,,,,,,,,,,
2110514,b422c1d64ecf494a0662a3c8460a1d5f9c47794ae69911306cc56b1f5d6105588089f6754644c4b0bda849da66e9e4ed16b4b95cb17cdd29883f1df8af5f35c3,07/20/2025 05:57:00 AM,1,DRIVER,,2011983,,JEEP,CHEROKEE,IL,2021,NONE,SPORT UTILITY VEHICLE (SUV),PERSONAL,N,PASSING/OVERTAKING,Y,,1,,personal tow,unk,,Y,,,,,,,,,,Y,Y,,FRONT,,,,,,,,,,,,,,,,,,,,,,,,,,,,,,,,,
2110515,b422c1d64ecf494a0662a3c8460a1d5f9c47794ae69911306cc56b1f5d6105588089f6754644c4b0bda849da66e9e4ed16b4b95cb17cdd29883f1df8af5f35c3,07/20/2025 05:57:00 AM,2,DRIVER,,2011984,,JEEP,COMPASS,IL,2015,NONE,SPORT UTILITY VEHICLE (SUV),PERSONAL,E,STRAIGHT AHEAD,Y,,1,,personal tow,unk,,Y,Y,Y,Y,Y,,,,,,,,,SIDE-RIGHT,,,,,,,,,,,,,,,,,,,,,,,,,,,,,,,,,
2110742,34ad51d714acf4396f6c8484d1b5bd28d6c18af4f9765b261144f1da6eae64f7d84b7a5a46aeb73b203c3aee6952b78c26bd3e3ab5f76d98cdb34ffa5bed7067,07/20/2025 05:45:00 AM,1,DRIVER,,2012208,,TOYOTA,PRIUS,IL,2013,UNKNOWN,PASSENGER,PERSONAL,N,MERGING,,,1,,,,,Y,Y,,,,,,,,,,,,FRONT-RIGHT-CORNER,,,,,,,,,,,,,,,,,,,,,,,,,,,,,,,,,
2110743,34ad51d714acf4396f6c8484d1b5bd28d6c18af4f9765b261144f1da6eae64f7d84b7a5a46aeb73b203c3aee6952b78c26bd3e3ab5f76d98cdb34ffa5bed7067,07/20/2025 05:45:00 AM,2,DRIVER,,2012215,,MAZDA,CX-5,IL,2025,UNKNOWN,SPORT UTILITY VEHICLE (SUV),PERSONAL,NE,STRAIGHT AHEAD,,,1,,,,,,,,,,,,Y,Y,,,,,SIDE-LEFT-REAR,,,,,,,,,,,,,,,,,,,,,,,,,,,,,,,,,
2110538,d4cc1bbe5cf6e62488c0407fcbd6592684a9b4a27f667e5cdc9a6bf406fa5bb535420d4b017f747899e5d9ca55115fd13503709ab9b6ce34821d839aa8ceee3e,07/20/2025 05:31:00 AM,1,DRIVER,,2012003,,BMW,OTHER (EXPLAIN IN NARRATIVE),IL,2014,UNKNOWN,PASSENGER,PERSONAL,S,STRAIGHT AHEAD,Y,,1,,CITY OF CHICAGO,LOWER WACKER,,Y,,,,,,,,,,Y,Y,,FRONT,,,,,,,,,,,,,,,,,,,,,,,,,,,,,,,,,
2110510,943c8e3374c42ed9b3145f8ed6b8f5be0a5ace6352bcdcc4a8919d2e06ece65e1987d55750035907435f0e83798140acd06f44107d44cde51df225f61df4f4de,07/20/2025 05:20:00 AM,1,DRIVER,,2011974,,AUDI,A8,IL,2015,NONE,PASSENGER,PERSONAL,W,ENTERING TRAFFIC LANE FROM PARKING,,,1,,,,,,,,,,,,,,,,,Y,UNKNOWN,,,,,,,,,,,,,,,,,,,,,,,,,,,,,,,,,
2110511,943c8e3374c42ed9b3145f8ed6b8f5be0a5ace6352bcdcc4a8919d2e06ece65e1987d55750035907435f0e83798140acd06f44107d44cde51df225f61df4f4de,07/20/2025 05:20:00 AM,2,DRIVER,,2011977,,NISSAN,ROGUE,IL,2015,NONE,PASSENGER,PERSONAL,W,STRAIGHT AHEAD,,,1,,,,,Y,N,,,,,,,,,,,,FRONT-RIGHT-CORNER,,,,,,,,,,,,,,,,,,,,,,,,,,,,,,,,,
2110522,04eb3d9192d90084b2b8038c97ee119a47bfc4a9bd628766f755480bacb1f5c2cd6828f31e48de82b860bb4ec791bb6b6ef71c57fd8a8a527893824cf3ed65db,07/20/2025 05:19:00 AM,1,DRIVER,,2011987,,LINCOLN,OTHER (EXPLAIN IN NARRATIVE),IL,2015,UNKNOWN,PASSENGER,UNKNOWN/NA,S,DRIVING WRONG WAY,,,1,,,,,,,,,,,,,,,,,Y,FRONT,,,,,,,,,,,,,,,,,,,,,,,,,,,,,,,,,
2110523,04eb3d9192d90084b2b8038c97ee119a47bfc4a9bd628766f755480bacb1f5c2cd6828f31e48de82b860bb4ec791bb6b6ef71c57fd8a8a527893824cf3ed65db,07/20/2025 05:19:00 AM,2,DRIVER,,2011991,,FORD,ESCAPE,IL,2025,NONE,PASSENGER,PERSONAL,N,STRAIGHT AHEAD,Y,,1,,DRIVER,GARAGE,,Y,,,,,,,,,Y,Y,Y,,FRONT-LEFT-CORNER,,,,,,,,,,,,,,,,,,,,,,,,,,,,,,,,,
2110502,e0ebbf3ecae950a670323620b084424f60f0a47d32e06e7512f856cb3ab0bc782c3b66ac7ea2d73c98ac6045f3ec54bc293cb676ff51346e71d79cca8bd18fcb,07/20/2025 05:17:00 AM,1,DRIVER,,2011969,,TOYOTA,COROLLA,IL,2009,UNKNOWN,PASSENGER,UNKNOWN/NA,S,STRAIGHT AHEAD,,,1,,,,,,,,,,,,,,,,Y,,FRONT,,,,,,,,,,,,,,,,,,,,,,,,,,,,,,,,,
2110503,e0ebbf3ecae950a670323620b084424f60f0a47d32e06e7512f856cb3ab0bc782c3b66ac7ea2d73c98ac6045f3ec54bc293cb676ff51346e71d79cca8bd18fcb,07/20/2025 05:17:00 AM,2,DRIVER,,2011971,N,FORD,VAN,IL,2015,UNKNOWN,VAN/MINI-VAN,UNKNOWN/NA,S,STRAIGHT AHEAD,,,1,,,,,,,,,Y,Y,Y,,,,,,,REAR,,,,,,,,,,,,,,,,,,,,,,,,,,,,,,,,,
2110512,a05a68ed87c088f68587d42b297892d744b11bad401a0a0f899b31dfc547dd62f8fd5bff1f8acec198e52fdfeba9a4d27219acb141c8ee190d084d2975c70737,07/20/2025 05:15:00 AM,1,DRIVER,,2011978,,JEEP,GRAND CHEROKEE,,,UNKNOWN,SPORT UTILITY VEHICLE (SUV),UNKNOWN/NA,N,STRAIGHT AHEAD,,,1,,,,,,,Y,,,,,,,,,,,SIDE-RIGHT,,,,,,,,,,,,,,,,,,,,,,,,,,,,,,,,,
2110513,a05a68ed87c088f68587d42b297892d744b11bad401a0a0f899b31dfc547dd62f8fd5bff1f8acec198e52fdfeba9a4d27219acb141c8ee190d084d2975c70737,07/20/2025 05:15:00 AM,2,DRIVER,1,2011981,,KIA,SOUL,PA,2023,NONE,SPORT UTILITY VEHICLE (SUV),RIDESHARE SERVICE,W,STRAIGHT AHEAD,,,2,,,,,Y,,,,,,,,,,,,,FRONT-RIGHT-CORNER,,,,,,,,,,,,,,,,,,,,,,,,,,,,,,,,,
2110508,90ca9b3eecaac4497104a5a9fae9b9989a9dcb10285cb0baaed6810a1aa41f9ed4849f7b382e4d24bd69f9aeedbb6e2570c97e8e4dbc64fa27fd7f4fe3a49384,07/20/2025 05:04:00 AM,1,DRIVER,,2011975,,PONTIAC,MONTANA,IL,2006,UNKNOWN,PASSENGER,UNKNOWN/NA,E,DRIVING WRONG WAY,,,1,,,,,Y,,,,,,,,,,Y,Y,,FRONT,,,,,,,,,,,,,,,,,,,,,,,,,,,,,,,,,
2110509,90ca9b3eecaac4497104a5a9fae9b9989a9dcb10285cb0baaed6810a1aa41f9ed4849f7b382e4d24bd69f9aeedbb6e2570c97e8e4dbc64fa27fd7f4fe3a49384,07/20/2025 05:04:00 AM,2,DRIVER,,2011980,N,VOLVO,OTHER (EXPLAIN IN NARRATIVE),IL,,UNKNOWN,TRACTOR W/ SEMI-TRAILER,COMMERCIAL - SINGLE UNIT,W,STRAIGHT AHEAD,,,1,,,,,Y,,,,,,,,,,Y,Y,,FRONT,,,,,,,,,,,,,,,,,,,,,,,,,,,,,,,,,
2110494,673b4e6f8e42d19f44c1d5b873add2f5818d909c3b3890456a02b9124185e9a6a3050ead5dd4b2a11bde5a84ed751e85172ee61899086c0976c2bb889a8054c3,07/20/2025 04:34:00 AM,1,DRIVER,,2011968,,VOLKSWAGEN,ATLAS,IL,2021,UNKNOWN,PASSENGER,PERSONAL,E,PASSING/OVERTAKING,,,1,,,,,Y,Y,,,,,,,,Y,Y,Y,,FRONT,,,,,,,,,,,,,,,,,,,,,,,,,,,,,,,,,
2110495,673b4e6f8e42d19f44c1d5b873add2f5818d909c3b3890456a02b9124185e9a6a3050ead5dd4b2a11bde5a84ed751e85172ee61899086c0976c2bb889a8054c3,07/20/2025 04:34:00 AM,2,DRIVER,,2011970,,TOYOTA,COROLLA,IL,2009,UNKNOWN,PASSENGER,PERSONAL,S,UNKNOWN/NA,Y,,1,,PRIVATE TOW,1841 E. 78TH ST,N,,N,Y,Y,Y,Y,Y,,,,,,,REAR-RIGHT-CORNER,,,,,,,,,,,,,,,,,,,,,,,,,,,,,,,,,
2110676,bdb40109c10d381d049bc62652626223e970f95e2cd5ccdb89022f8233376962814d4bf93a7dbb26122a649b4b385a180fe169cf25394b02a5923acf3093553a,07/20/2025 04:30:00 AM,1,DRIVER,,2012134,,NISSAN,ROGUE,IL,2015,NONE,SPORT UTILITY VEHICLE (SUV),PERSONAL,N,STRAIGHT AHEAD,,,1,,,,,,,,,,,,,,,,Y,,FRONT,,,,,,,,,,,,,,,,,,,,,,,,,,,,,,,,,
2110677,bdb40109c10d381d049bc62652626223e970f95e2cd5ccdb89022f8233376962814d4bf93a7dbb26122a649b4b385a180fe169cf25394b02a5923acf3093553a,07/20/2025 04:30:00 AM,2,PARKED,,2012135,,HONDA,CR-V,IL,2022,NONE,SPORT UTILITY VEHICLE (SUV),PERSONAL,N,PARKED,Y,,0,,self,self,,,,,,,Y,Y,Y,,,,,,SIDE-LEFT-REAR,,,,,,,,,,,,,,,,,,,,,,,,,,,,,,,,,
2110482,e621eb2e51bf33c46d28d105a8aeb4ed51f573024bead8dfee6cab2ec0bbd5e1a4cca6a0ee7b9bc69595dbcd09e2a1629f2133bb227c9dc9259579f1fe3ddd16,07/20/2025 04:30:00 AM,1,DRIVER,,2011948,,KIA,TELLURIDE,IL,2022,NONE,PASSENGER,PERSONAL,S,STRAIGHT AHEAD,Y,,1,,24/7 EMERGENCY TOWING,11519 S LASALLE ST,,,,,,,,,,,Y,Y,,,FRONT-LEFT-CORNER,,,,,,,,,,,,,,,,,,,,,,,,,,,,,,,,,
2111056,054d0727bfda48d587b846aca15a7b245b61dcb6afa4cb0097c14397cc95d4244b371f906e2dbcf2a43370d4b53f7d38e4b10d71cd58e5fa4d7b97e523e37411,07/20/2025 04:26:00 AM,1,DRIVER,,2012488,,TOYOTA,CAMRY,IN,2026,UNKNOWN,PASSENGER,PERSONAL,S,STRAIGHT AHEAD,Y,,1,,City of Chicago,Doty,,,,,,,,,,,,,,,TOTAL (ALL AREAS),,,,,,,,,,,,,,,,,,,,,,,,,,,,,,,,,
2111057,054d0727bfda48d587b846aca15a7b245b61dcb6afa4cb0097c14397cc95d4244b371f906e2dbcf2a43370d4b53f7d38e4b10d71cd58e5fa4d7b97e523e37411,07/20/2025 04:26:00 AM,2,PARKED,,2012489,,FORD,FUSION,IL,2018,UNKNOWN,PASSENGER,PERSONAL,UNKNOWN,PARKED,,,0,,,,,Y,Y,Y,Y,Y,,,,,,,Y,,SIDE-RIGHT,,,,,,,,,,,,,,,,,,,,,,,,,,,,,,,,,
2111058,054d0727bfda48d587b846aca15a7b245b61dcb6afa4cb0097c14397cc95d4244b371f906e2dbcf2a43370d4b53f7d38e4b10d71cd58e5fa4d7b97e523e37411,07/20/2025 04:26:00 AM,3,PARKED,,2012490,,BUICK,OTHER (EXPLAIN IN NARRATIVE),IL,2024,UNKNOWN,PASSENGER,PERSONAL,UNKNOWN,PARKED,,,0,,,,,,,,,Y,Y,,,,,,,,REAR,,,,,,,,,,,,,,,,,,,,,,,,,,,,,,,,,
2110500,10e351def17aa1ce271217b86af7152b50381ab44a6fa73719cf57146e04c880371054677a6c137212f65820ee100df69d84b0ea1a080f9b9ac458316d0e109b,07/20/2025 04:00:00 AM,1,DRIVER,,2011967,,"PETERBILT MOTORS COMPANY (DIVISION OF PACCAR, INC.)",OTHER (EXPLAIN IN NARRATIVE),IN,2009,UNKNOWN,SINGLE UNIT TRUCK WITH TRAILER,OTHER,E,STRAIGHT AHEAD,,,1,,,,,Y,,,,,,,,,,Y,Y,,TOP,,,,,,,,,,,,,,,,,,,,,,,,,,,,,,,,,
2110498,3eed370858df5caf3bdeb7a23025e789a566e01a572731d0fed82002726db71e91fa943fc5472350f32e736973ae9ab67d7c1b1338939f0d73e20a5efb882ac8,07/20/2025 04:00:00 AM,1,DRIVER,,2011963,,HONDA,ACCORD,,2022,UNKNOWN,PASSENGER,PERSONAL,N,STRAIGHT AHEAD,Y,,1,,E&R,,,Y,,,,,,,Y,Y,Y,Y,Y,,UNKNOWN,,,,,,,,,,,,,,,,,,,,,,,,,,,,,,,,,
2110499,3eed370858df5caf3bdeb7a23025e789a566e01a572731d0fed82002726db71e91fa943fc5472350f32e736973ae9ab67d7c1b1338939f0d73e20a5efb882ac8,07/20/2025 04:00:00 AM,2,DRIVER,,2011966,,TOYOTA,RAV4,FL,2009,OTHER,SPORT UTILITY VEHICLE (SUV),PERSONAL,N,STRAIGHT AHEAD,Y,,1,,UNKNOWN,,,Y,Y,Y,Y,Y,,,,,,,,,SIDE-RIGHT,,,,,,,,,,,,,,,,,,,,,,,,,,,,,,,,,
2110531,4ee64296b7bd15113ecf633489018a8c856dbc3b4f3e92e2d5533f7f8c4538c91d5986f2b16cc8528962c36d67abbae3583e246461454c4549b61c7c678eacd3,07/20/2025 04:00:00 AM,1,DRIVER,,2011996,,CHEVROLET,TRAVERSE,IL,2016,UNKNOWN,PASSENGER,PERSONAL,N,STRAIGHT AHEAD,,,1,,,,,Y,,,,,,,,,,,Y,,FRONT-RIGHT-CORNER,,,,,,,,,,,,,,,,,,,,,,,,,,,,,,,,,
2110468,8a70418a92c00ba2dcaf49e758ce68b6287a1eab8bb27147b0a4d122d94572112e0dbe910991147ed7cc335925a2a5298e1e0bd62a2d0b24fd951f2c51855da9,07/20/2025 03:47:00 AM,1,DRIVER,,2011939,,HONDA,PILOT,IL,2005,UNKNOWN,PASSENGER,PERSONAL,S,STRAIGHT AHEAD,Y,,1,,american alliance tow,,,,,,,,,,,,Y,Y,,,FRONT-LEFT-CORNER,,,,,,,,,,,,,,,,,,,,,,,,,,,,,,,,,
2110469,8a70418a92c00ba2dcaf49e758ce68b6287a1eab8bb27147b0a4d122d94572112e0dbe910991147ed7cc335925a2a5298e1e0bd62a2d0b24fd951f2c51855da9,07/20/2025 03:47:00 AM,2,PARKED,,2011941,,BUICK,LACROSSE,IL,2016,UNKNOWN,PASSENGER,NOT IN USE,S,PARKED IN TRAFFIC LANE,,,0,,,,,,,,Y,Y,,,,,,,,,REAR-RIGHT-CORNER,,,,,,,,,,,,,,,,,,,,,,,,,,,,,,,,,
2110501,591ca9232abf52e515d48a5a4f6444758d5e1a4e9e8219d7d89f714af604881b2062198e130e6e94f3d36f6bc77ac3516d86f7a03e0ad9bfdbccc5b142b7ea0f,07/20/2025 03:33:00 AM,2,PEDESTRIAN,,,,,,,,,,,,,,,,,,,,,,,,,,,,,,,,,,,,,,,,,,,,,,,,,,,,,,,,,,,,,,,,,,
2110507,591ca9232abf52e515d48a5a4f6444758d5e1a4e9e8219d7d89f714af604881b2062198e130e6e94f3d36f6bc77ac3516d86f7a03e0ad9bfdbccc5b142b7ea0f,07/20/2025 03:33:00 AM,1,DRIVER,,2011972,,KIA,OTHER (EXPLAIN IN NARRATIVE),IL,2025,UNKNOWN,PASSENGER,UNKNOWN/NA,W,STRAIGHT AHEAD,,,1,,,,,Y,,,,,,,,,,,,,FRONT-RIGHT-CORNER,,,,,,,,,,,,,,,,,,,,,,,,,,,,,,,,,
2110466,79cb0240a0494f3048940a90bc168d1b6a20995305af7c7fcc0c2a13920db7ab462d5006fefa073bb14675ed48bf9323fc2e0eb350cafadd02e55c383e9ea57a,07/20/2025 03:30:00 AM,1,DRIVER,,2011934,,BMW,OTHER (EXPLAIN IN NARRATIVE),,,UNKNOWN,SPORT UTILITY VEHICLE (SUV),UNKNOWN/NA,E,UNKNOWN/NA,,,1,,,,,,,,,,,,,,,,Y,,FRONT,,,,,,,,,,,,,,,,,,,,,,,,,,,,,,,,,
2110467,79cb0240a0494f3048940a90bc168d1b6a20995305af7c7fcc0c2a13920db7ab462d5006fefa073bb14675ed48bf9323fc2e0eb350cafadd02e55c383e9ea57a,07/20/2025 03:30:00 AM,2,DRIVER,3,2011936,,FORD,F250,IL,,UNKNOWN,PICKUP,OTHER,E,OTHER,,,4,,,,,,,,,,Y,,,,,,,,REAR,,,,,,,,,,,,,,,,,,,,,,,,,,,,,,,,,
2110474,5867633c5ab7c44c90af313879d0be0ce2cb50a0ae7bb9db1ef1d0c14d0950021d4a6252b3db7483a9ded4030f7e7d479384ad86b9dfff6a39acca49b8eb5a25,07/20/2025 03:27:00 AM,1,DRIVER,,2011942,,FORD,FUSION,IL,2019,NONE,PASSENGER,PERSONAL,S,STRAIGHT AHEAD,Y,,1,,CITY OF CHICAGO,,,Y,Y,,,,,,,,,,,,FRONT-RIGHT-CORNER,,,,,,,,,,,,,,,,,,,,,,,,,,,,,,,,,
2110475,5867633c5ab7c44c90af313879d0be0ce2cb50a0ae7bb9db1ef1d0c14d0950021d4a6252b3db7483a9ded4030f7e7d479384ad86b9dfff6a39acca49b8eb5a25,07/20/2025 03:27:00 AM,2,PARKED,2,2011944,,JEEP,CHEROKEE,IL,2018,NONE,PASSENGER,PERSONAL,S,PARKED,Y,,2,,PRIVATE TOW,,,,,,,,,Y,Y,,,,,,REAR-LEFT-CORNER,,,,,,,,,,,,,,,,,,,,,,,,,,,,,,,,,
2116851,ad73fad8ce2f2b441f9328e0213762a056ac84426a5e61f94ee97e00760d87b19cb5ff4d9ebb87930374806aa29965048f441f9676c0b96d132700edfd7c1ad5,07/20/2025 03:15:00 AM,1,DRIVER,,2018002,,UNKNOWN,OTHER (EXPLAIN IN NARRATIVE),IL,,NONE,PASSENGER,UNKNOWN/NA,N,STRAIGHT AHEAD,,,1,,,,,,,,,,,,,,,Y,,,FRONT-LEFT-CORNER,,,,,,,,,,,,,,,,,,,,,,,,,,,,,,,,,
2116852,ad73fad8ce2f2b441f9328e0213762a056ac84426a5e61f94ee97e00760d87b19cb5ff4d9ebb87930374806aa29965048f441f9676c0b96d132700edfd7c1ad5,07/20/2025 03:15:00 AM,2,DRIVER,,2018009,,HONDA,CIVIC,IL,,UNKNOWN,PASSENGER,PERSONAL,N,STRAIGHT AHEAD,,,1,,,,,Y,,,,,,,,,,,,,FRONT-RIGHT-CORNER,,,,,,,,,,,,,,,,,,,,,,,,,,,,,,,,,
2110490,9ea895553adf2c54c5726d9c3dbd30579ee5a77bebf0efc16bedc6c2dd263aa0bb6d42c412457778f23e8cf2b4ed0afbfb5a23e076d799227bb88abb56cd40ed,07/20/2025 03:11:00 AM,1,DRIVER,,2011956,,JEEP,GRAND CHEROKEE,IL,2014,UNKNOWN,SPORT UTILITY VEHICLE (SUV),PERSONAL,UNKNOWN,UNKNOWN/NA,Y,,1,,AAA ROADSIDE ASSISTANCE,4941 W WEST END AVE,,Y,Y,,,,N,N,,,Y,Y,Y,,FRONT,,,,,,,,,,,,,,,,,,,,,,,,,,,,,,,,,
2110491,9ea895553adf2c54c5726d9c3dbd30579ee5a77bebf0efc16bedc6c2dd263aa0bb6d42c412457778f23e8cf2b4ed0afbfb5a23e076d799227bb88abb56cd40ed,07/20/2025 03:11:00 AM,2,PARKED,,2011959,,CHEVROLET,EQUINOX,IL,2024,UNKNOWN,SPORT UTILITY VEHICLE (SUV),NOT IN USE,UNKNOWN,PARKED,,,0,,,,,Y,,,,N,Y,Y,,,,Y,Y,,REAR-LEFT-CORNER,,,,,,,,,,,,,,,,,,,,,,,,,,,,,,,,,
2110492,9ea895553adf2c54c5726d9c3dbd30579ee5a77bebf0efc16bedc6c2dd263aa0bb6d42c412457778f23e8cf2b4ed0afbfb5a23e076d799227bb88abb56cd40ed,07/20/2025 03:11:00 AM,3,PARKED,,2011962,,HONDA,ACCORD,IL,2007,UNKNOWN,PASSENGER,NOT IN USE,UNKNOWN,PARKED,,,0,,,,,Y,,,,Y,Y,Y,,,,Y,Y,,REAR,,,,,,,,,,,,,,,,,,,,,,,,,,,,,,,,,