CRASH_UNIT_ID,CRASH_RECORD_ID,CRASH_DATE,UNIT_NO,UNIT_TYPE,NUM_PASSENGERS,VEHICLE_ID,CMRC_VEH_I,MAKE,MODEL,LIC_PLATE_STATE,VEHICLE_YEAR,VEHICLE_DEFECT,VEHICLE_TYPE,VEHICLE_USE,TRAVEL_DIRECTION,MANEUVER,TOWED_I,FIRE_I,OCCUPANT_CNT,EXCEED_SPEED_LIMIT_I,TOWED_BY,TOWED_TO,AREA_00_I,AREA_01_I,AREA_02_I,AREA_03_I,AREA_04_I,AREA_05_I,AREA_06_I,AREA_07_I,AREA_08_I,AREA_09_I,AREA_10_I,AREA_11_I,AREA_12_I,AREA_99_I,FIRST_CONTACT_POINT,CMV_ID,USDOT_NO,CCMC_NO,ILCC_NO,COMMERCIAL_SRC,GVWR,CARRIER_NAME,CARRIER_STATE,CARRIER_CITY,HAZMAT_PLACARDS_I,HAZMAT_NAME,UN_NO,HAZMAT_PRESENT_I,HAZMAT_REPORT_I,HAZMAT_REPORT_NO,MCS_REPORT_I,MCS_REPORT_NO,HAZMAT_VIO_CAUSE_CRASH_I,MCS_VIO_CAUSE_CRASH_I,IDOT_PERMIT_NO,WIDE_LOAD_I,TRAILER1_WIDTH,TRAILER2_WIDTH,TRAILER1_LENGTH,TRAILER2_LENGTH,TOTAL_VEHICLE_LENGTH,AXLE_CNT,VEHICLE_CONFIG,CARGO_BODY_TYPE,LOAD_TYPE,HAZMAT_OUT_OF_SERVICE_I,MCS_OUT_OF_SERVICE_I,HAZMAT_CLASS
2110493,9ea895553adf2c54c5726d9c3dbd30579ee5a77bebf0efc16bedc6c2dd263aa0bb6d42c412457778f23e8cf2b4ed0afbfb5a23e076d799227bb88abb56cd40ed,07/20/2025 03:11:00 AM,4,PARKED,,2011964,,CHRYSLER,TOWN & COUNTRY,IL,2005,OTHER,VAN/MINI-VAN,NOT IN USE,UNKNOWN,PARKED,,,0,,,,,,,,,Y,Y,Y,,,,,,,REAR,,,,,,,,,,,,,,,,,,,,,,,,,,,,,,,,,
2110718,13dabae7380c60356fa6810d338661e9b38311732412a84140dc72b528dcf83f3b01f264f56c1f04e6c4208d84c9f95b4e64e290865ab4b28e66977431537063,07/20/2025 03:00:00 AM,1,DRIVER,,2012175,,UNKNOWN,OTHER (EXPLAIN IN NARRATIVE),IL,,UNKNOWN,UNKNOWN/NA,UNKNOWN/NA,E,UNKNOWN/NA,,,1,,,,,,,,,,,,,,Y,Y,,,FRONT-LEFT-CORNER,,,,,,,,,,,,,,,,,,,,,,,,,,,,,,,,,
2110719,13dabae7380c60356fa6810d338661e9b38311732412a84140dc72b528dcf83f3b01f264f56c1f04e6c4208d84c9f95b4e64e290865ab4b28e66977431537063,07/20/2025 03:00:00 AM,2,PARKED,,2012180,,HYUNDAI,TUCSON,IL,2022,UNKNOWN,SPORT UTILITY VEHICLE (SUV),NOT IN USE,E,PARKED,,,0,,,,,Y,Y,,,,,,,,,,,,FRONT-RIGHT-CORNER,,,,,,,,,,,,,,,,,,,,,,,,,,,,,,,,,
2110625,499dfde323d3c005764ef8382b35bc84f278a243bf4cff0a5ad91c12f353671bda35906ec3c3442683157b144befb94d6188592a186651473b65e0286b92868f,07/20/2025 03:00:00 AM,1,DRIVER,1,2012083,,KIA,OPTIMA / K5,IL,2014,UNKNOWN,PASSENGER,UNKNOWN/NA,W,STRAIGHT AHEAD,Y,,2,,private,5958 s whipple,,Y,Y,,,,,,,,,,,,FRONT-RIGHT-CORNER,,,,,,,,,,,,,,,,,,,,,,,,,,,,,,,,,
2110626,499dfde323d3c005764ef8382b35bc84f278a243bf4cff0a5ad91c12f353671bda35906ec3c3442683157b144befb94d6188592a186651473b65e0286b92868f,07/20/2025 03:00:00 AM,2,PARKED,,2012091,,CHEVROLET,MALIBU,IL,2012,UNKNOWN,PASSENGER,NOT IN USE,W,PARKED,,,0,,,,,N,N,N,N,,,,Y,Y,Y,,,,SIDE-LEFT,,,,,,,,,,,,,,,,,,,,,,,,,,,,,,,,,
2111650,4c9511ea5f48db59ee87fe415cf8cd454a97cebeb5e867564cae0cd1278888de06fbfe0a0e54e34ead82c125874c0e990bceb0a10defe229095c8f8a5e460439,07/20/2025 03:00:00 AM,1,DRIVER,,2013053,,UNKNOWN,OTHER (EXPLAIN IN NARRATIVE),,,UNKNOWN,UNKNOWN/NA,UNKNOWN/NA,N,UNKNOWN/NA,,,1,,,,,,,,,,,,,,,,,Y,FRONT,,,,,,,,,,,,,,,,,,,,,,,,,,,,,,,,,
2111651,4c9511ea5f48db59ee87fe415cf8cd454a97cebeb5e867564cae0cd1278888de06fbfe0a0e54e34ead82c125874c0e990bceb0a10defe229095c8f8a5e460439,07/20/2025 03:00:00 AM,2,PARKED,,2013054,,NISSAN,QUEST,IL,2011,UNKNOWN,PASSENGER,NOT IN USE,N,PARKED,,,0,,,,,,,,,Y,Y,Y,,,,,,,REAR-RIGHT-CORNER,,,,,,,,,,,,,,,,,,,,,,,,,,,,,,,,,
2110480,9c35b61138adbfd79060687e04e5f1b52fba57fcdb8a112e3311b740854d3c61c097f088ff001b62cd5e12fac02fb9d4d7008f55d96682e3c03bcaa042105d44,07/20/2025 03:00:00 AM,1,DRIVER,1,2011950,,CHRYSLER,TOWN & COUNTRY,IL,2012,UNKNOWN,UNKNOWN/NA,PERSONAL,S,STRAIGHT AHEAD,,,2,,,,,Y,Y,,,,,,,,,,Y,,FRONT-RIGHT-CORNER,,,,,,,,,,,,,,,,,,,,,,,,,,,,,,,,,
2110481,9c35b61138adbfd79060687e04e5f1b52fba57fcdb8a112e3311b740854d3c61c097f088ff001b62cd5e12fac02fb9d4d7008f55d96682e3c03bcaa042105d44,07/20/2025 03:00:00 AM,2,PARKED,,2011954,,CHEVROLET,OTHER (EXPLAIN IN NARRATIVE),IL,1989,UNKNOWN,PASSENGER,PERSONAL,S,PARKED,,,0,,,,,,,,,,,,,,Y,,,,FRONT-LEFT-CORNER,,,,,,,,,,,,,,,,,,,,,,,,,,,,,,,,,
2110476,50fe352f446500a2b8e1546df44b8718f3a5456a77f9c8a383cfd3b377907afc1c9e2ac1453273eab03b3362d091827ffe15bfb2a5a9ea78de82327093b938f4,07/20/2025 02:56:00 AM,1,DRIVER,,2011946,,TOYOTA,CAMRY,IL,2007,NONE,PASSENGER,PERSONAL,N,STRAIGHT AHEAD,Y,,1,,CITY TOW,701 N SACRAMENTO,,Y,Y,,,,,,,,,,,,FRONT-LEFT-CORNER,,,,,,,,,,,,,,,,,,,,,,,,,,,,,,,,,
2110477,50fe352f446500a2b8e1546df44b8718f3a5456a77f9c8a383cfd3b377907afc1c9e2ac1453273eab03b3362d091827ffe15bfb2a5a9ea78de82327093b938f4,07/20/2025 02:56:00 AM,2,PARKED,,2011947,,NISSAN,ALTIMA,IL,2015,NONE,PASSENGER,NOT IN USE,N,PARKED,,,0,,,,,,,,,,,Y,,,,,,,REAR-LEFT-CORNER,,,,,,,,,,,,,,,,,,,,,,,,,,,,,,,,,
2110478,50fe352f446500a2b8e1546df44b8718f3a5456a77f9c8a383cfd3b377907afc1c9e2ac1453273eab03b3362d091827ffe15bfb2a5a9ea78de82327093b938f4,07/20/2025 02:56:00 AM,3,PARKED,,2011949,,FORD,F150,IL,2011,NONE,PICKUP,NOT IN USE,N,STRAIGHT AHEAD,,,0,,,,,,,,,,,Y,,,,,,,REAR-LEFT-CORNER,,,,,,,,,,,,,,,,,,,,,,,,,,,,,,,,,
2110479,50fe352f446500a2b8e1546df44b8718f3a5456a77f9c8a383cfd3b377907afc1c9e2ac1453273eab03b3362d091827ffe15bfb2a5a9ea78de82327093b938f4,07/20/2025 02:56:00 AM,4,PARKED,,2011953,,ACURA,ADX,IL,2010,NONE,PASSENGER,NOT IN USE,N,STRAIGHT AHEAD,,,0,,,,,,,,,,,,,,,Y,,,FRONT-LEFT-CORNER,,,,,,,,,,,,,,,,,,,,,,,,,,,,,,,,,
2110438,261848d5a650ad7f2ed687d7f1eecdab729d1c4562b339fc5adb11cd3977ecf39fb364cffd82dced6e7c72e010cf6ca871b761de38dd5a8e506265cd0fbc85b3,07/20/2025 02:52:00 AM,1,DRIVER,,2011916,,JEEP,CHEROKEE,IL,2019,NONE,PASSENGER,PERSONAL,S,TURNING LEFT,,,1,,,,,,,,,,,,,,,Y,,,FRONT-LEFT-CORNER,,,,,,,,,,,,,,,,,,,,,,,,,,,,,,,,,
2110439,261848d5a650ad7f2ed687d7f1eecdab729d1c4562b339fc5adb11cd3977ecf39fb364cffd82dced6e7c72e010cf6ca871b761de38dd5a8e506265cd0fbc85b3,07/20/2025 02:52:00 AM,2,DRIVER,1,2011925,,CHEVROLET,TRAIL BLAZER,IL,2006,NONE,PASSENGER,PERSONAL,S,STRAIGHT AHEAD,,,2,,,,,Y,Y,,,,,,,,N,N,,,FRONT-RIGHT-CORNER,,,,,,,,,,,,,,,,,,,,,,,,,,,,,,,,,
2110485,3ef0f5a12175441406de229efcebc93a44cf487fa68fbe990a4808d09dec75dae98608acac0d8399f142a3da62167f8f21d134dd8de2ff33048bf103ccaade94,07/20/2025 02:51:00 AM,1,DRIVER,1,2011957,,BUICK,VERANO,IN,2014,UNKNOWN,PASSENGER,PERSONAL,SE,TURNING RIGHT,,,2,,,,,,,,,,,,,,,Y,Y,,FRONT-LEFT-CORNER,,,,,,,,,,,,,,,,,,,,,,,,,,,,,,,,,
2110486,3ef0f5a12175441406de229efcebc93a44cf487fa68fbe990a4808d09dec75dae98608acac0d8399f142a3da62167f8f21d134dd8de2ff33048bf103ccaade94,07/20/2025 02:51:00 AM,2,DRIVER,,2011965,,CHEVROLET,IMPALA,IL,2012,UNKNOWN,PASSENGER,PERSONAL,S,STRAIGHT AHEAD,,,1,,,,,Y,Y,Y,Y,Y,,,,,,,,,SIDE-RIGHT,,,,,,,,,,,,,,,,,,,,,,,,,,,,,,,,,
2110472,80510cb279d6fbab93efcb84f7a336f823ab5e500618596efbdb256b215d4acb882c2650c781d9ebf433aaa015b5f2a9c4539764b6b9708643fdcb7ca9152eb0,07/20/2025 02:50:00 AM,1,DRIVER,,2011940,,CHEVROLET,IMPALA,IL,2007,UNKNOWN,PASSENGER,UNKNOWN/NA,W,AVOIDING VEHICLES/OBJECTS,Y,,1,,CITY OF CHICAGO,POUND #2,,Y,,,,,,,,,,Y,Y,Y,FRONT,,,,,,,,,,,,,,,,,,,,,,,,,,,,,,,,,
2110473,80510cb279d6fbab93efcb84f7a336f823ab5e500618596efbdb256b215d4acb882c2650c781d9ebf433aaa015b5f2a9c4539764b6b9708643fdcb7ca9152eb0,07/20/2025 02:50:00 AM,2,DRIVER,,2011943,,DODGE,RAM 1500 PU,IL,2018,NONE,PICKUP,PERSONAL,W,SLOW/STOP IN TRAFFIC,,,1,,,,,,,,,Y,Y,Y,,,,,,,REAR,,,,,,,,,,,,,,,,,,,,,,,,,,,,,,,,,
2110925,b540bc056aa6b3a0a5a905bb337b197f852d58f80d43ba62390503e09e93ba838f53a533770c6591c2e2dd816a57e669f76f11cb22e55a53c84d0bc77f266319,07/20/2025 02:48:00 AM,1,DRIVER,,2012373,,TOYOTA,C-HR,IL,2018,NONE,PASSENGER,PERSONAL,N,STRAIGHT AHEAD,,,1,,,,,Y,Y,Y,,,,,,,,,Y,,FRONT-RIGHT-CORNER,,,,,,,,,,,,,,,,,,,,,,,,,,,,,,,,,
2110926,b540bc056aa6b3a0a5a905bb337b197f852d58f80d43ba62390503e09e93ba838f53a533770c6591c2e2dd816a57e669f76f11cb22e55a53c84d0bc77f266319,07/20/2025 02:48:00 AM,2,PARKED,,2012374,,TOYOTA,CAMRY,IL,2012,UNKNOWN,PASSENGER,PERSONAL,N,PARKED,,,0,,,,,,,,,,,,,Y,Y,Y,,,SIDE-LEFT,,,,,,,,,,,,,,,,,,,,,,,,,,,,,,,,,
2110927,b540bc056aa6b3a0a5a905bb337b197f852d58f80d43ba62390503e09e93ba838f53a533770c6591c2e2dd816a57e669f76f11cb22e55a53c84d0bc77f266319,07/20/2025 02:48:00 AM,3,PARKED,,2012375,,INDIAN,INDIAN,IL,2022,NONE,MOTORCYCLE (OVER 150CC),PERSONAL,N,PARKED,,,0,,,,,,,,,,,,,,Y,Y,,,FRONT-LEFT-CORNER,,,,,,,,,,,,,,,,,,,,,,,,,,,,,,,,,
2110416,e29321a934c99ee07767339216d485b318c73050767785e60a18ec0ad9ef3a3489f6e9b37d9e731939e40f47b15bf02b7563acff544c636a27366d276938cfad,07/20/2025 02:15:00 AM,1,DRIVER,,2011901,,GENERAL MOTORS CORPORATION (GMC),OTHER (EXPLAIN IN NARRATIVE),IL,2014,NONE,PASSENGER,PERSONAL,S,MERGING,,,1,,,,,Y,Y,Y,,,,,,,,,,,FRONT,,,,,,,,,,,,,,,,,,,,,,,,,,,,,,,,,
2110417,e29321a934c99ee07767339216d485b318c73050767785e60a18ec0ad9ef3a3489f6e9b37d9e731939e40f47b15bf02b7563acff544c636a27366d276938cfad,07/20/2025 02:15:00 AM,2,DRIVER,,2011903,,NISSAN,ALTIMA,IL,2025,NONE,PASSENGER,PERSONAL,S,STRAIGHT AHEAD,,,1,,,,,,,,,,,,,Y,Y,Y,,,SIDE-LEFT,,,,,,,,,,,,,,,,,,,,,,,,,,,,,,,,,
2110427,d3328da5efada635c02c6502fba90237e46036f7d46dff12a56e730e12dc292a5bc56a2b55c8bb8ed40fc7f4502e22b927f6e56e17901812aab6ea4d6787f370,07/20/2025 02:11:00 AM,1,DRIVER,,2011921,,HYUNDAI,KONA,MI,2019,NONE,PASSENGER,PERSONAL,W,STRAIGHT AHEAD,Y,,1,,,,,Y,,,,,,,,,,Y,Y,,FRONT,,,,,,,,,,,,,,,,,,,,,,,,,,,,,,,,,
2110428,d3328da5efada635c02c6502fba90237e46036f7d46dff12a56e730e12dc292a5bc56a2b55c8bb8ed40fc7f4502e22b927f6e56e17901812aab6ea4d6787f370,07/20/2025 02:11:00 AM,2,PARKED,,2011910,,SATURN,VUE,IL,2006,NONE,PASSENGER,PERSONAL,W,PARKED,,,0,,,,,,,,,,,Y,Y,,,,,,REAR-LEFT-CORNER,,,,,,,,,,,,,,,,,,,,,,,,,,,,,,,,,
2110455,43f9dd88d21cb9ed887060020a4047f337a6187134a75785f14cb051201f6ce9c1a175bd7f19e32cf7038e2f224fa02abaf8c822584731966a073133ff23d97a,07/20/2025 02:10:00 AM,1,DRIVER,,2011919,,CADILLAC,CTS,IL,2013,NONE,PASSENGER,PERSONAL,E,SLOW/STOP IN TRAFFIC,,,1,,,,,,,,,,,,,,,,Y,,FRONT,,,,,,,,,,,,,,,,,,,,,,,,,,,,,,,,,
2110456,43f9dd88d21cb9ed887060020a4047f337a6187134a75785f14cb051201f6ce9c1a175bd7f19e32cf7038e2f224fa02abaf8c822584731966a073133ff23d97a,07/20/2025 02:10:00 AM,2,DRIVER,,2011926,,TOYOTA,AVALON,IL,2010,NONE,PASSENGER,PERSONAL,E,STRAIGHT AHEAD,,,1,,,,,,,,,,Y,Y,,,,,,,REAR,,,,,,,,,,,,,,,,,,,,,,,,,,,,,,,,,
2110557,2a36cfb8625e828e59f5a9ed49574a432d2f8437541912fbc04372fe4656c9e4e94058f769d6ee5ebecb77a145f713259f44f9e5b3b491daa0e8506c2a4971de,07/20/2025 02:00:00 AM,1,DRIVER,,2012020,,FORD,BRONCO / BRONCO II,IL,2020,UNKNOWN,PASSENGER,UNKNOWN/NA,E,UNKNOWN/NA,Y,,1,,AAA,UNKNOWN,,,,,,,,,,,,,Y,,FRONT,,,,,,,,,,,,,,,,,,,,,,,,,,,,,,,,,
2110558,2a36cfb8625e828e59f5a9ed49574a432d2f8437541912fbc04372fe4656c9e4e94058f769d6ee5ebecb77a145f713259f44f9e5b3b491daa0e8506c2a4971de,07/20/2025 02:00:00 AM,2,PARKED,,2012028,,CHRYSLER,200,IL,2017,UNKNOWN,PASSENGER,PERSONAL,E,PARKED,N,,0,,,,,,,,,,,Y,Y,Y,Y,Y,Y,,UNKNOWN,,,,,,,,,,,,,,,,,,,,,,,,,,,,,,,,,
2110559,2a36cfb8625e828e59f5a9ed49574a432d2f8437541912fbc04372fe4656c9e4e94058f769d6ee5ebecb77a145f713259f44f9e5b3b491daa0e8506c2a4971de,07/20/2025 02:00:00 AM,3,PARKED,,2012040,,TOYOTA,HIGHLANDER,IL,2022,UNKNOWN,PASSENGER,PERSONAL,E,PARKED,,,0,,,,,,,,,,Y,,,,,,,,REAR,,,,,,,,,,,,,,,,,,,,,,,,,,,,,,,,,
2110605,469fce25c0d61c7024cf04539573563138cc4f3274a23911bd8c9b6ea60564970a50e0cf69e9bc4dc943ce5ff836928fb0068bc10c6af117aa50f9ba82e8c9ad,07/20/2025 02:00:00 AM,1,DRIVER,,2012060,,UNKNOWN,OTHER (EXPLAIN IN NARRATIVE),,,UNKNOWN,UNKNOWN/NA,UNKNOWN/NA,W,UNKNOWN/NA,,,1,,,,,,,,,,,,,,,,,,UNKNOWN,,,,,,,,,,,,,,,,,,,,,,,,,,,,,,,,,
2110606,469fce25c0d61c7024cf04539573563138cc4f3274a23911bd8c9b6ea60564970a50e0cf69e9bc4dc943ce5ff836928fb0068bc10c6af117aa50f9ba82e8c9ad,07/20/2025 02:00:00 AM,2,PARKED,,2012066,,HONDA,FIT,IL,2020,NONE,PASSENGER,NOT IN USE,W,PARKED,,,0,,,,,,,,,,,,,Y,Y,Y,,,SIDE-LEFT,,,,,,,,,,,,,,,,,,,,,,,,,,,,,,,,,
2110504,68c2d34977fb851d33feb912e4dff1c97cf9ff4d93c06017dfd574c418baeca2f9ddfe418b1cd9a494f79b15f751098fac7f213819b08b905468329c7cb3aab0,07/20/2025 02:00:00 AM,1,DRIVER,,2011973,,CHEVROLET,TRAVERSE,,2016,NONE,PASSENGER,PERSONAL,W,STRAIGHT AHEAD,Y,,1,,unk,unk,,Y,,,,,,,,,,,Y,,FRONT-RIGHT-CORNER,,,,,,,,,,,,,,,,,,,,,,,,,,,,,,,,,
2110505,68c2d34977fb851d33feb912e4dff1c97cf9ff4d93c06017dfd574c418baeca2f9ddfe418b1cd9a494f79b15f751098fac7f213819b08b905468329c7cb3aab0,07/20/2025 02:00:00 AM,2,PARKED,,2011976,,NISSAN,SENTRA,IL,2011,NONE,PASSENGER,PERSONAL,W,PARKED,,,0,,,,,,,,,,,Y,Y,,,,,,REAR-RIGHT-CORNER,,,,,,,,,,,,,,,,,,,,,,,,,,,,,,,,,
2110506,68c2d34977fb851d33feb912e4dff1c97cf9ff4d93c06017dfd574c418baeca2f9ddfe418b1cd9a494f79b15f751098fac7f213819b08b905468329c7cb3aab0,07/20/2025 02:00:00 AM,3,PARKED,,2011979,,MITSUBISHI,OUTLANDER,IL,2020,NONE,PASSENGER,PERSONAL,W,PARKED,,,0,,,,,,,,,,Y,,,,,,,,REAR,,,,,,,,,,,,,,,,,,,,,,,,,,,,,,,,,
2110436,398b47956ab10521c36229a23b1dc896130ecc0538909507c55f948f8094072b367bb3d6e22efc00c0062ef515610e61a4a1b74ab9ec24022993f0127c0faa27,07/20/2025 01:50:00 AM,1,DRIVER,,2011917,,KIA,SORENTO,IL,2014,UNKNOWN,PASSENGER,PERSONAL,E,AVOIDING VEHICLES/OBJECTS,,,1,,,,,,,,,,,,,,,,,,FRONT,,,,,,,,,,,,,,,,,,,,,,,,,,,,,,,,,
2110437,398b47956ab10521c36229a23b1dc896130ecc0538909507c55f948f8094072b367bb3d6e22efc00c0062ef515610e61a4a1b74ab9ec24022993f0127c0faa27,07/20/2025 01:50:00 AM,2,PARKED,,2011911,,GENERAL MOTORS CORPORATION (GMC),YUKON,,2006,NONE,SPORT UTILITY VEHICLE (SUV),NOT IN USE,W,PARKED,,,0,,,,,,,,,,,,,,,,,,REAR,,,,,,,,,,,,,,,,,,,,,,,,,,,,,,,,,
2116666,39647cdb58b877cd8dfbd059cfa9fca7b9d8fa5a8892b081a80e9cc864455f3eca3a5e3befe13704dfe5e8643d8d23a86ad807f4dd25903500c54f39de848090,07/20/2025 01:44:00 AM,1,DRIVER,,2017833,,NISSAN,ROGUE,IL,2019,UNKNOWN,PASSENGER,PERSONAL,S,BACKING,,,1,,,,,,,,,,,,,Y,Y,,,,SIDE-LEFT,,,,,,,,,,,,,,,,,,,,,,,,,,,,,,,,,
2116667,39647cdb58b877cd8dfbd059cfa9fca7b9d8fa5a8892b081a80e9cc864455f3eca3a5e3befe13704dfe5e8643d8d23a86ad807f4dd25903500c54f39de848090,07/20/2025 01:44:00 AM,2,DRIVER,,2017834,,FORD,VAN,IL,2019,UNKNOWN,VAN/MINI-VAN,POLICE,W,OTHER,,,1,,,,,,,,,Y,,,,,,,,,REAR-RIGHT-CORNER,,,,,,,,,,,,,,,,,,,,,,,,,,,,,,,,,
2110404,3db217435db80b37cc5f7237a7fa0d28c0f758963ce962e9dc94f9cafbf6aa0ba99744176815ae54248cb642ac01ba42700e47d81bafa33d549e372aad1d56e1,07/20/2025 01:38:00 AM,1,DRIVER,,2011887,,HYUNDAI,ELANTRA,IL,2008,UNKNOWN,PASSENGER,PERSONAL,N,CHANGING LANES,,,1,,,,,,,,,,,,,,Y,Y,Y,,FRONT-LEFT-CORNER,,,,,,,,,,,,,,,,,,,,,,,,,,,,,,,,,
2110405,3db217435db80b37cc5f7237a7fa0d28c0f758963ce962e9dc94f9cafbf6aa0ba99744176815ae54248cb642ac01ba42700e47d81bafa33d549e372aad1d56e1,07/20/2025 01:38:00 AM,2,DRIVER,,2011890,,NISSAN,PATHFINDER,IL,2022,UNKNOWN,SPORT UTILITY VEHICLE (SUV),PERSONAL,N,STRAIGHT AHEAD,,,1,,,,,,N,Y,Y,,,,,,,,,,SIDE-RIGHT,,,,,,,,,,,,,,,,,,,,,,,,,,,,,,,,,
2110461,b21a355fbc402d2d64b35b6395c306ddf2dcbfc254d8844492f833c52cf541585e02ec29cd7be1b973bb3ae22a8c84cab4dca5af0fd77dea35b6bc4e96369cb1,07/20/2025 01:33:00 AM,1,DRIVER,,2011924,,UNKNOWN,OTHER (EXPLAIN IN NARRATIVE),,2025,UNKNOWN,UNKNOWN/NA,UNKNOWN/NA,E,STRAIGHT AHEAD,,,1,,,,,,,,,,,,,,Y,Y,,,SIDE-LEFT,,,,,,,,,,,,,,,,,,,,,,,,,,,,,,,,,
2110462,b21a355fbc402d2d64b35b6395c306ddf2dcbfc254d8844492f833c52cf541585e02ec29cd7be1b973bb3ae22a8c84cab4dca5af0fd77dea35b6bc4e96369cb1,07/20/2025 01:33:00 AM,2,PARKED,,2011927,,DODGE,DURANGO,IL,2016,NONE,PASSENGER,PERSONAL,W,PARKED,Y,,0,,PERSONAL,,,,,,,,,N,Y,Y,Y,Y,,,SIDE-LEFT,,,,,,,,,,,,,,,,,,,,,,,,,,,,,,,,,
2110463,b21a355fbc402d2d64b35b6395c306ddf2dcbfc254d8844492f833c52cf541585e02ec29cd7be1b973bb3ae22a8c84cab4dca5af0fd77dea35b6bc4e96369cb1,07/20/2025 01:33:00 AM,3,PARKED,,2011931,,DODGE,NITRO,IL,2007,NONE,PASSENGER,PERSONAL,W,PARKED,,,0,,,,,,,,,,,Y,,,,,,,REAR-LEFT-CORNER,,,,,,,,,,,,,,,,,,,,,,,,,,,,,,,,,
2110410,1a0ca9860b0201b1e035a8ebfc6dfa84a723480052550dba7eee003d65538729cdc2516c17ba202060b4984996a0261fa9a839ea09a70d591a63d5a978e40e5f,07/20/2025 01:30:00 AM,1,DRIVER,,2011893,,DODGE,DURANGO,IL,,UNKNOWN,SPORT UTILITY VEHICLE (SUV),UNKNOWN/NA,E,STRAIGHT AHEAD,,,1,,,,,Y,,,,,,,,,,Y,Y,,FRONT,,,,,,,,,,,,,,,,,,,,,,,,,,,,,,,,,
2110411,1a0ca9860b0201b1e035a8ebfc6dfa84a723480052550dba7eee003d65538729cdc2516c17ba202060b4984996a0261fa9a839ea09a70d591a63d5a978e40e5f,07/20/2025 01:30:00 AM,2,DRIVER,2,2011895,,JEEP,CHEROKEE,IL,2020,UNKNOWN,SPORT UTILITY VEHICLE (SUV),PERSONAL,N,STRAIGHT AHEAD,Y,,3,,private,private,,,,,,,,,,,,Y,Y,,SIDE-LEFT-FRONT,,,,,,,,,,,,,,,,,,,,,,,,,,,,,,,,,
2110459,729130076dddbc309c6c05a59fc0cc4ace3ab1280720cec6bf327ac47ab968bb0a416127841ec4493beb90faf816a936d92e2608025fb2ce0d24609e2df30a54,07/20/2025 01:30:00 AM,1,DRIVER,,2011920,,LAND ROVER,LAND ROVER (SPORT),IL,2007,NONE,PASSENGER,PERSONAL,N,STRAIGHT AHEAD,,,1,,,,,Y,,,,,,,,,,,,,FRONT-RIGHT-CORNER,,,,,,,,,,,,,,,,,,,,,,,,,,,,,,,,,
2110460,729130076dddbc309c6c05a59fc0cc4ace3ab1280720cec6bf327ac47ab968bb0a416127841ec4493beb90faf816a936d92e2608025fb2ce0d24609e2df30a54,07/20/2025 01:30:00 AM,2,DRIVER,,2011923,,NEW FLYER,OTHER (EXPLAIN IN NARRATIVE),IL,2012,NONE,BUS OVER 15 PASS.,NOT IN USE,N,STRAIGHT AHEAD,,,1,,,,,,,,,,,,,Y,,,,,FRONT-LEFT-CORNER,,,,,,,,,,,,,,,,,,,,,,,,,,,,,,,,,
2110412,759c739c35fd4781f8664b0b91f5f85fee5a442349e909a60f90575f211caf572a2b0c5312e2e8e91851769739385bd69e25f0b710adda5ab0bde73990b744ca,07/20/2025 01:30:00 AM,1,DRIVER,,2011896,,TESLA,MODEL 3,IL,2022,UNKNOWN,UNKNOWN/NA,UNKNOWN/NA,NE,PASSING/OVERTAKING,,,1,,,,,Y,Y,,,,,,,,,,,,FRONT-RIGHT-CORNER,,,,,,,,,,,,,,,,,,,,,,,,,,,,,,,,,
2110413,759c739c35fd4781f8664b0b91f5f85fee5a442349e909a60f90575f211caf572a2b0c5312e2e8e91851769739385bd69e25f0b710adda5ab0bde73990b744ca,07/20/2025 01:30:00 AM,2,DRIVER,,2011898,,SUBARU,FORESTER,IL,2009,UNKNOWN,PASSENGER,PERSONAL,S,STRAIGHT AHEAD,,,1,,,,,,,,,,,,,,Y,Y,Y,,FRONT-LEFT-CORNER,,,,,,,,,,,,,,,,,,,,,,,,,,,,,,,,,
2110431,a7aa3a2966f2364cde402b1db0249a37e1910881316663c3d4e35349b90a52d9bfec5f064dbdadd58389504a05b24015aba5fb991e23892dff7568764ee51e2d,07/20/2025 01:25:00 AM,1,DRIVER,,2011932,,TESLA,OTHER (EXPLAIN IN NARRATIVE),IL,2022,UNKNOWN,PASSENGER,PERSONAL,W,TURNING RIGHT,Y,,1,,,,,Y,,,,,,,,,,Y,Y,,FRONT-LEFT-CORNER,,,,,,,,,,,,,,,,,,,,,,,,,,,,,,,,,
2110432,a7aa3a2966f2364cde402b1db0249a37e1910881316663c3d4e35349b90a52d9bfec5f064dbdadd58389504a05b24015aba5fb991e23892dff7568764ee51e2d,07/20/2025 01:25:00 AM,2,DRIVER,,2011928,,ACURA,TLX,GA,2024,UNKNOWN,PASSENGER,PERSONAL,E,STRAIGHT AHEAD,,,1,,,,,,,,,,,Y,,,Y,Y,,,FRONT-LEFT-CORNER,,,,,,,,,,,,,,,,,,,,,,,,,,,,,,,,,