CRASH_UNIT_ID,CRASH_RECORD_ID,CRASH_DATE,UNIT_NO,UNIT_TYPE,NUM_PASSENGERS,VEHICLE_ID,CMRC_VEH_I,MAKE,MODEL,LIC_PLATE_STATE,VEHICLE_YEAR,VEHICLE_DEFECT,VEHICLE_TYPE,VEHICLE_USE,TRAVEL_DIRECTION,MANEUVER,TOWED_I,FIRE_I,OCCUPANT_CNT,EXCEED_SPEED_LIMIT_I,TOWED_BY,TOWED_TO,AREA_00_I,AREA_01_I,AREA_02_I,AREA_03_I,AREA_04_I,AREA_05_I,AREA_06_I,AREA_07_I,AREA_08_I,AREA_09_I,AREA_10_I,AREA_11_I,AREA_12_I,AREA_99_I,FIRST_CONTACT_POINT,CMV_ID,USDOT_NO,CCMC_NO,ILCC_NO,COMMERCIAL_SRC,GVWR,CARRIER_NAME,CARRIER_STATE,CARRIER_CITY,HAZMAT_PLACARDS_I,HAZMAT_NAME,UN_NO,HAZMAT_PRESENT_I,HAZMAT_REPORT_I,HAZMAT_REPORT_NO,MCS_REPORT_I,MCS_REPORT_NO,HAZMAT_VIO_CAUSE_CRASH_I,MCS_VIO_CAUSE_CRASH_I,IDOT_PERMIT_NO,WIDE_LOAD_I,TRAILER1_WIDTH,TRAILER2_WIDTH,TRAILER1_LENGTH,TRAILER2_LENGTH,TOTAL_VEHICLE_LENGTH,AXLE_CNT,VEHICLE_CONFIG,CARGO_BODY_TYPE,LOAD_TYPE,HAZMAT_OUT_OF_SERVICE_I,MCS_OUT_OF_SERVICE_I,HAZMAT_CLASS
2110433,a7aa3a2966f2364cde402b1db0249a37e1910881316663c3d4e35349b90a52d9bfec5f064dbdadd58389504a05b24015aba5fb991e23892dff7568764ee51e2d,07/20/2025 01:25:00 AM,3,PARKED,,2011933,,SATURN,OTHER (EXPLAIN IN NARRATIVE),IL,2002,UNKNOWN,PASSENGER,NOT IN USE,E,PARKED,,,0,,,,,Y,,,,Y,Y,Y,,,,Y,Y,,FRONT,,,,,,,,,,,,,,,,,,,,,,,,,,,,,,,,,
2110434,a7aa3a2966f2364cde402b1db0249a37e1910881316663c3d4e35349b90a52d9bfec5f064dbdadd58389504a05b24015aba5fb991e23892dff7568764ee51e2d,07/20/2025 01:25:00 AM,4,PARKED,,2011935,,FORD,OTHER (EXPLAIN IN NARRATIVE),IL,2015,UNKNOWN,PASSENGER,NOT IN USE,E,PARKED,,,0,,,,,Y,,,,Y,Y,Y,,,,Y,Y,,FRONT,,,,,,,,,,,,,,,,,,,,,,,,,,,,,,,,,
2110435,a7aa3a2966f2364cde402b1db0249a37e1910881316663c3d4e35349b90a52d9bfec5f064dbdadd58389504a05b24015aba5fb991e23892dff7568764ee51e2d,07/20/2025 01:25:00 AM,5,PARKED,,2011937,,SUBARU,OTHER (EXPLAIN IN NARRATIVE),IL,2004,UNKNOWN,PASSENGER,NOT IN USE,E,PARKED,,,0,,,,,Y,,,,,,,,,,Y,Y,,FRONT,,,,,,,,,,,,,,,,,,,,,,,,,,,,,,,,,
2112288,c62829dabd2a0b25dfbb75caa303cd4e735fb274d2fef82037824c6cff73c567e715d4321a51acd49e4c6bb489d0e44dc6b7d5284462cc94fb70400a5590833a,07/20/2025 01:25:00 AM,1,DRIVER,,2013649,,HONDA,ACCORD,IL,2022,UNKNOWN,PASSENGER,UNKNOWN/NA,E,STRAIGHT AHEAD,Y,,1,,CITY OF CHICAGO,POUND #6,,Y,Y,Y,Y,Y,,,,,,Y,Y,,FRONT,,,,,,,,,,,,,,,,,,,,,,,,,,,,,,,,,
2112289,c62829dabd2a0b25dfbb75caa303cd4e735fb274d2fef82037824c6cff73c567e715d4321a51acd49e4c6bb489d0e44dc6b7d5284462cc94fb70400a5590833a,07/20/2025 01:25:00 AM,2,DRIVER,,2013650,,HYUNDAI,ELANTRA,IL,2006,UNKNOWN,PASSENGER,PERSONAL,N,STRAIGHT AHEAD,,,1,,,,,,,,,,,,,,Y,Y,Y,,FRONT-LEFT-CORNER,,,,,,,,,,,,,,,,,,,,,,,,,,,,,,,,,
2112290,c62829dabd2a0b25dfbb75caa303cd4e735fb274d2fef82037824c6cff73c567e715d4321a51acd49e4c6bb489d0e44dc6b7d5284462cc94fb70400a5590833a,07/20/2025 01:25:00 AM,3,PARKED,,2013651,,HYUNDAI,ACCENT,TX,2008,UNKNOWN,PASSENGER,NOT IN USE,UNKNOWN,UNKNOWN/NA,,,0,,,,,,,,,,,,Y,Y,Y,N,,,SIDE-LEFT-REAR,,,,,,,,,,,,,,,,,,,,,,,,,,,,,,,,,
2110408,9a008bb46d25527fd886d10b47d7fea6d62fb06e258a8546ac1a708c95d3ce7e50dd6fea196bec7cc3a0a7f8fd6b2344bdfb58d6b5811d394f96a14ae66936dc,07/20/2025 01:20:00 AM,1,DRIVER,2,2011897,,FORD,ESCAPE,IL,2015,UNKNOWN,SPORT UTILITY VEHICLE (SUV),PERSONAL,W,TURNING LEFT,,,3,,,,,,,,,,,,,Y,Y,,,,SIDE-LEFT,,,,,,,,,,,,,,,,,,,,,,,,,,,,,,,,,
2110409,9a008bb46d25527fd886d10b47d7fea6d62fb06e258a8546ac1a708c95d3ce7e50dd6fea196bec7cc3a0a7f8fd6b2344bdfb58d6b5811d394f96a14ae66936dc,07/20/2025 01:20:00 AM,2,DRIVER,,2011900,,HONDA,ACCORD,IL,2006,UNKNOWN,PASSENGER,PERSONAL,N,STRAIGHT AHEAD,,,1,,,,,N,N,,,,,,,,Y,Y,,,FRONT-LEFT-CORNER,,,,,,,,,,,,,,,,,,,,,,,,,,,,,,,,,
2110425,42771c5d905adb411d2dd83dbef68ade9a52f1d4b4bb01af066a355e750b5d3f7d5eecc8f3d2578fbd84e4cb991bd57bb41fc0fdd09c6fd636e2a033487dc607,07/20/2025 01:15:00 AM,1,DRIVER,,2011904,,CADILLAC,ESCALADE,,,UNKNOWN,SPORT UTILITY VEHICLE (SUV),PERSONAL,W,OTHER,,,1,,,,,,,,,,,,,,,,,Y,FRONT,,,,,,,,,,,,,,,,,,,,,,,,,,,,,,,,,
2110426,42771c5d905adb411d2dd83dbef68ade9a52f1d4b4bb01af066a355e750b5d3f7d5eecc8f3d2578fbd84e4cb991bd57bb41fc0fdd09c6fd636e2a033487dc607,07/20/2025 01:15:00 AM,2,DRIVER,,2011907,,INFINITI,QX50,IL,2016,UNKNOWN,PASSENGER,PERSONAL,W,OTHER,,,1,,,,,,,,,Y,,,,,,,,,REAR,,,,,,,,,,,,,,,,,,,,,,,,,,,,,,,,,
2110398,820fbc291cbbb2f81a26f25f98e91d40307236125cb8b5e58d5564e8fd2be6b7125978bf70caee974ecfc06b413147dc77eeb3e89b9d0172536a5b8e05faa8e4,07/20/2025 01:15:00 AM,1,DRIVER,,2011881,,UNKNOWN,MOTORIZED,IL,,UNKNOWN,UNKNOWN/NA,UNKNOWN/NA,S,STRAIGHT AHEAD,,,1,,,,,,,,,,,,,,,,,Y,UNKNOWN,,,,,,,,,,,,,,,,,,,,,,,,,,,,,,,,,
2110399,820fbc291cbbb2f81a26f25f98e91d40307236125cb8b5e58d5564e8fd2be6b7125978bf70caee974ecfc06b413147dc77eeb3e89b9d0172536a5b8e05faa8e4,07/20/2025 01:15:00 AM,2,DRIVER,,2011894,,"SEAGRAVE FIRE APPARTUS, CLINTONVILLE,WI","SEAGRAVE FIRE APPARTUS, CLINTONVILLE,WI",IL,,NONE,OTHER,FIRE,S,STRAIGHT AHEAD,,N,1,,,,,,,,,,,,,,Y,Y,Y,,SIDE-LEFT-FRONT,,,,,,,,,,,,,,,,,,,,,,,,,,,,,,,,,
2111128,00737c9e06d91b0ab6621f715c2c608082e73b2e69d765c714efc0c668e4998e84d7b07d986c6f7fc37112aec004394a39e50399ed48b1b809ff20a6a45ad396,07/20/2025 01:00:00 AM,1,DRIVER,,2012579,,FORD,F150,IL,2005,NONE,PASSENGER,PERSONAL,E,STRAIGHT AHEAD,,,1,,,,,Y,,,,,,,,,,,,,FRONT-RIGHT-CORNER,,,,,,,,,,,,,,,,,,,,,,,,,,,,,,,,,
2110607,2f295d4b59df98c8a8ef3b786ad9a9fd619dfa380901b05903ca193b7810662d8c64e9421dd8b51188a0ed7e905880b1cb3fd456bc44cf91cd38c030c6bfcfce,07/20/2025 01:00:00 AM,1,DRIVER,,2012059,,UNKNOWN,MOTORIZED,,,UNKNOWN,UNKNOWN/NA,UNKNOWN/NA,UNKNOWN,UNKNOWN/NA,,,1,,,,,,,,,,,,,,,,,Y,UNKNOWN,,,,,,,,,,,,,,,,,,,,,,,,,,,,,,,,,
2110608,2f295d4b59df98c8a8ef3b786ad9a9fd619dfa380901b05903ca193b7810662d8c64e9421dd8b51188a0ed7e905880b1cb3fd456bc44cf91cd38c030c6bfcfce,07/20/2025 01:00:00 AM,2,PARKED,,2012062,,FORD,ESCAPE,IL,2013,NONE,PASSENGER,PERSONAL,N,PARKED,,,0,,,,,,,,,,,Y,,,,,,,REAR-LEFT-CORNER,,,,,,,,,,,,,,,,,,,,,,,,,,,,,,,,,
2110381,4d76d4a69697c988a0216ec948add42cce49f3ebf4a42697f5a67621d3f99f7216112d42f8bb148836ea4c6ec64230d2e3b17fc0ed7b6c6783fde00e66477cb9,07/20/2025 01:00:00 AM,1,DRIVER,,2011863,,UNKNOWN,OTHER (EXPLAIN IN NARRATIVE),,,UNKNOWN,UNKNOWN/NA,UNKNOWN/NA,S,UNKNOWN/NA,,,1,,,,,,,,,,,,,,,,,Y,UNKNOWN,,,,,,,,,,,,,,,,,,,,,,,,,,,,,,,,,
2110382,4d76d4a69697c988a0216ec948add42cce49f3ebf4a42697f5a67621d3f99f7216112d42f8bb148836ea4c6ec64230d2e3b17fc0ed7b6c6783fde00e66477cb9,07/20/2025 01:00:00 AM,2,DRIVER,3,2011866,,FORD,FUSION,IL,2020,NONE,PASSENGER,RIDESHARE SERVICE,S,STRAIGHT AHEAD,,,4,,,,,,,,Y,Y,Y,,,,,,,,REAR-RIGHT-CORNER,,,,,,,,,,,,,,,,,,,,,,,,,,,,,,,,,
2110385,b70c1ac047fab592179ed91fe457eb0dae906a519373a3551402c6b3757544f267da6f0d76105660cc81117b3cd5b7ab8f592da53061698326d18b05a32fb382,07/20/2025 01:00:00 AM,1,DRIVER,,2011869,,HONDA,CR-V,IL,2008,UNKNOWN,SPORT UTILITY VEHICLE (SUV),UNKNOWN/NA,S,STRAIGHT AHEAD,,,1,,,,,,,,,,,,,,,,,Y,UNKNOWN,,,,,,,,,,,,,,,,,,,,,,,,,,,,,,,,,
2110386,b70c1ac047fab592179ed91fe457eb0dae906a519373a3551402c6b3757544f267da6f0d76105660cc81117b3cd5b7ab8f592da53061698326d18b05a32fb382,07/20/2025 01:00:00 AM,2,DRIVER,5,2011878,,DODGE,DURANGO,IL,2016,UNKNOWN,SPORT UTILITY VEHICLE (SUV),UNKNOWN/NA,S,STRAIGHT AHEAD,,,6,,,,,,,,,,,Y,,,,,,,REAR-LEFT-CORNER,,,,,,,,,,,,,,,,,,,,,,,,,,,,,,,,,
2116454,ffa2349b8228e2bdfad7311afb77ceec3917b28978e2abedd7645dfac8f04bcd3651b1dc276dd2551cfc97df8deae3fdc948c989b58775923f7a5b96fe362929,07/20/2025 01:00:00 AM,1,DRIVER,,2017628,,HYUNDAI,ACCENT,IL,2012,UNKNOWN,PASSENGER,PERSONAL,E,STRAIGHT AHEAD,,,1,,,,,,,,,,,,,,,,,,OTHER,,,,,,,,,,,,,,,,,,,,,,,,,,,,,,,,,
2134030,b0c7b2d32c00590394984a94c14c264c34688c2006ce6d5e9c8b7c54ba88be1ad8403482b1a89c7947d9c3070c2dfe1a8059330bbe9a050bd2f7c7a2e48b1255,07/20/2025 12:58:00 AM,1,DRIVER,,2034302,,MERCEDES-BENZ,GLB,IL,2021,UNKNOWN,PASSENGER,PERSONAL,S,STRAIGHT AHEAD,,,1,,,,,Y,Y,,,N,N,N,Y,,,N,N,,FRONT-RIGHT-CORNER,,,,,,,,,,,,,,,,,,,,,,,,,,,,,,,,,
2134031,b0c7b2d32c00590394984a94c14c264c34688c2006ce6d5e9c8b7c54ba88be1ad8403482b1a89c7947d9c3070c2dfe1a8059330bbe9a050bd2f7c7a2e48b1255,07/20/2025 12:58:00 AM,2,DRIVER,1,2034303,,JEEP,CHEROKEE,IL,2014,UNKNOWN,PASSENGER,PERSONAL,S,STRAIGHT AHEAD,,,2,,,,,,,,Y,Y,Y,N,,,,,,,REAR-RIGHT-CORNER,,,,,,,,,,,,,,,,,,,,,,,,,,,,,,,,,
2110379,57b00697db47ae0d57c3d5bec81fdf6cc363630a567a6a932504c3f120c9199104cd488382ce4d1a97748c1c9ff03a3237eeb4567d4e2c1148e62cd7db007445,07/20/2025 12:50:00 AM,2,DRIVER,,2011871,,FORD,FOCUS,,,UNKNOWN,PASSENGER,PERSONAL,N,STRAIGHT AHEAD,,,1,,,,,,,,,,,,,,Y,Y,,,FRONT-LEFT-CORNER,,,,,,,,,,,,,,,,,,,,,,,,,,,,,,,,,
2110380,57b00697db47ae0d57c3d5bec81fdf6cc363630a567a6a932504c3f120c9199104cd488382ce4d1a97748c1c9ff03a3237eeb4567d4e2c1148e62cd7db007445,07/20/2025 12:50:00 AM,1,DRIVER,,2011860,,HONDA,ACCORD,IL,,UNKNOWN,PASSENGER,PERSONAL,N,STRAIGHT AHEAD,,,1,,,,,Y,Y,,,,,,,,N,N,,,FRONT-RIGHT-CORNER,,,,,,,,,,,,,,,,,,,,,,,,,,,,,,,,,
2110470,cf969e0dc601692e2c3340e3d2b554875b980e52a1cb30aafb307a92475578d195e50d3543b044b6bbe28a46441fd4e1b6d025922bb182c9a8e36b918d50b261,07/20/2025 12:50:00 AM,1,DRIVER,,2012356,,HARLEY-DAVIDSON,HARLEY-DAVIDSON,IL,2009,NONE,MOTORCYCLE (OVER 150CC),PERSONAL,N,AVOIDING VEHICLES/OBJECTS,Y,,1,,by owner,by owner,,Y,,,,,,,,,,Y,Y,,FRONT,,,,,,,,,,,,,,,,,,,,,,,,,,,,,,,,,
2110471,cf969e0dc601692e2c3340e3d2b554875b980e52a1cb30aafb307a92475578d195e50d3543b044b6bbe28a46441fd4e1b6d025922bb182c9a8e36b918d50b261,07/20/2025 12:50:00 AM,2,DRIVER,1,2012358,,HONDA,ACCORD,IL,2015,NONE,PASSENGER,PERSONAL,N,STRAIGHT AHEAD,,,2,,,,,,,,,,Y,Y,,,,,,,REAR-LEFT-CORNER,,,,,,,,,,,,,,,,,,,,,,,,,,,,,,,,,
2110383,2bcec5ce0149212e39763535cee350246282560290c96530f00742a2c5ae5d58f55883f9247bae0249d5dae5a0f15c99b836e1eca21ed7ab3bd7f5148d27d9fe,07/20/2025 12:45:00 AM,1,DRIVER,,2011867,,JEEP,LIBERTY,IL,2011,UNKNOWN,PASSENGER,PERSONAL,S,STRAIGHT AHEAD,,,1,,,,,Y,,,,,,,,,,,Y,,FRONT-RIGHT-CORNER,,,,,,,,,,,,,,,,,,,,,,,,,,,,,,,,,
2110384,2bcec5ce0149212e39763535cee350246282560290c96530f00742a2c5ae5d58f55883f9247bae0249d5dae5a0f15c99b836e1eca21ed7ab3bd7f5148d27d9fe,07/20/2025 12:45:00 AM,2,PARKED,,2011872,,CHEVROLET,SILVERADO,IL,2009,NONE,PICKUP,PERSONAL,S,PARKED,,,0,,,,,,,,,,,,,,Y,Y,,,FRONT-LEFT-CORNER,,,,,,,,,,,,,,,,,,,,,,,,,,,,,,,,,
2137866,436a3a3bbe3d2acbbe091a7a5cac7ef8fea2bb48630ef1192a5a3bdcbfea05d855792cc134308eaefdd9cff722ab6fe8f32c2516feee171699c931243d0eb7d6,07/20/2025 12:30:00 AM,1,DRIVER,,2037967,,UNKNOWN,OTHER (EXPLAIN IN NARRATIVE),IL,,UNKNOWN,UNKNOWN/NA,UNKNOWN/NA,N,STRAIGHT AHEAD,,,1,,,,,,,,,,,,,,,,,Y,UNKNOWN,,,,,,,,,,,,,,,,,,,,,,,,,,,,,,,,,
2137867,436a3a3bbe3d2acbbe091a7a5cac7ef8fea2bb48630ef1192a5a3bdcbfea05d855792cc134308eaefdd9cff722ab6fe8f32c2516feee171699c931243d0eb7d6,07/20/2025 12:30:00 AM,2,DRIVER,,2037973,,HYUNDAI,ELANTRA,IL,2014,NONE,PASSENGER,PERSONAL,W,STRAIGHT AHEAD,Y,,1,,FARMERS,UNKNOWN,,Y,,,,,,,,,,Y,Y,,FRONT,,,,,,,,,,,,,,,,,,,,,,,,,,,,,,,,,
2110406,054553c42099c174d1372e02be984ed8b755e19c83fb8ddc9f42a0a3f0d16573175e98acdd91b4f4268f375a9e677cd9eadedab5dc19c89e281049a1cf1d8254,07/20/2025 12:12:00 AM,1,DRIVER,,2011889,,CHEVROLET,MALIBU,IL,2022,UNKNOWN,PASSENGER,UNKNOWN/NA,W,BACKING,,,1,,,,,,,,,,Y,,,,,,,,REAR,,,,,,,,,,,,,,,,,,,,,,,,,,,,,,,,,
2110407,054553c42099c174d1372e02be984ed8b755e19c83fb8ddc9f42a0a3f0d16573175e98acdd91b4f4268f375a9e677cd9eadedab5dc19c89e281049a1cf1d8254,07/20/2025 12:12:00 AM,2,PARKED,1,2011892,,BMW,OTHER (EXPLAIN IN NARRATIVE),IL,2025,UNKNOWN,SPORT UTILITY VEHICLE (SUV),UNKNOWN/NA,E,PARKED,,,1,,,,,,,,,,Y,,,,,,,,REAR,,,,,,,,,,,,,,,,,,,,,,,,,,,,,,,,,
2110377,313377f1a22f7bb853e4713b7f0c1f466e0980039753bdd3ff80f3f8817b7459df9810bf7ca9e7a61e7d1bcd4f8fdd28aca2765ffdecc23cc6eaa452e5be7edf,07/20/2025 12:10:00 AM,1,DRIVER,,2011865,,CADILLAC,SRX,IL,2011,UNKNOWN,SPORT UTILITY VEHICLE (SUV),UNKNOWN/NA,W,STRAIGHT AHEAD,,,1,,,,,Y,Y,Y,Y,Y,,,,,,,,,SIDE-RIGHT,,,,,,,,,,,,,,,,,,,,,,,,,,,,,,,,,
2110378,313377f1a22f7bb853e4713b7f0c1f466e0980039753bdd3ff80f3f8817b7459df9810bf7ca9e7a61e7d1bcd4f8fdd28aca2765ffdecc23cc6eaa452e5be7edf,07/20/2025 12:10:00 AM,2,PARKED,,2011877,,FORD,EXPLORER,IL,2024,NONE,SPORT UTILITY VEHICLE (SUV),POLICE,W,PARKED,,,0,,,,,,,,,,,Y,Y,Y,Y,Y,,,SIDE-LEFT,,,,,,,,,,,,,,,,,,,,,,,,,,,,,,,,,
2110371,ac54429f9138b28970039f29335079e7d59a509dbb504f6cb506d5f9ac0c0b1349e0675eade50ac4c54c30b5e8cbc324f3160557f84343239a4405fe32efea9e,07/20/2025 12:07:00 AM,1,DRIVER,,2011855,,FORD,EXPLORER,,,NONE,PASSENGER,POLICE,E,STRAIGHT AHEAD,,,1,,,,,,,,Y,Y,,,,,,,,,REAR-RIGHT-CORNER,,,,,,,,,,,,,,,,,,,,,,,,,,,,,,,,,
2110372,ac54429f9138b28970039f29335079e7d59a509dbb504f6cb506d5f9ac0c0b1349e0675eade50ac4c54c30b5e8cbc324f3160557f84343239a4405fe32efea9e,07/20/2025 12:07:00 AM,2,DRIVER,,2011852,,UNKNOWN,MOTORIZED,IL,2008,UNKNOWN,MOTORCYCLE (OVER 150CC),NOT IN USE,W,STRAIGHT AHEAD,,,1,,,,,,,,,,,Y,Y,Y,,,,,SIDE-LEFT,,,,,,,,,,,,,,,,,,,,,,,,,,,,,,,,,
2110999,5873c070d809bf95722749e1a4625bfa1a11f3a0d270fe96f7220fde65dc2074ec237900cd036b3d6741f2bb470f64b7bea962a866edd467f129ecea9b40a68d,07/19/2025 11:50:00 PM,1,DRIVER,,2012446,,HONDA,CIVIC,IL,2022,NONE,PASSENGER,PERSONAL,N,CHANGING LANES,,,1,,,,,N,,Y,,,,,,,,,,,SIDE-RIGHT,,,,,,,,,,,,,,,,,,,,,,,,,,,,,,,,,
2111000,5873c070d809bf95722749e1a4625bfa1a11f3a0d270fe96f7220fde65dc2074ec237900cd036b3d6741f2bb470f64b7bea962a866edd467f129ecea9b40a68d,07/19/2025 11:50:00 PM,2,DRIVER,1,2012450,,BUICK,ENCORE,IL,2019,NONE,SPORT UTILITY VEHICLE (SUV),PERSONAL,N,STRAIGHT AHEAD,,,2,,,,,,,,,,,,,,,Y,,,FRONT-LEFT-CORNER,,,,,,,,,,,,,,,,,,,,,,,,,,,,,,,,,
2112039,ed39d699009ec6ad5130c79bfbb9e348d4c80b60f861d32efc883960c0f4e8ed98b540e0f6073ef74aa162bc9029325332b7b3b6289734287f1834e24ed5dd40,07/19/2025 11:49:00 PM,1,DRIVER,1,2013417,,CHEVROLET,MALIBU,IL,2022,UNKNOWN,PASSENGER,UNKNOWN/NA,S,STRAIGHT AHEAD,N,,2,,,,,,,,,,,,,,,,,Y,UNKNOWN,,,,,,,,,,,,,,,,,,,,,,,,,,,,,,,,,
2112040,ed39d699009ec6ad5130c79bfbb9e348d4c80b60f861d32efc883960c0f4e8ed98b540e0f6073ef74aa162bc9029325332b7b3b6289734287f1834e24ed5dd40,07/19/2025 11:49:00 PM,2,DRIVER,,2013418,,UNKNOWN,OTHER (EXPLAIN IN NARRATIVE),XX,,UNKNOWN,PASSENGER,UNKNOWN/NA,N,DRIVING WRONG WAY,,,1,,,,,,,,,,,,,,,,,Y,UNKNOWN,,,,,,,,,,,,,,,,,,,,,,,,,,,,,,,,,
2110369,b0305be7098fca8f5e9e90be68093ffc3b3edccfbf5620e4b178cbbfff5f6fa74402b12131657cdd41d354e4c2e15091a700e0ff90b954da40bbfff57f83a30b,07/19/2025 11:41:00 PM,1,DRIVER,1,2011862,,HONDA,CR-V,IL,2024,UNKNOWN,PASSENGER,PERSONAL,W,PASSING/OVERTAKING,,,2,,,,,Y,Y,,,,,,,,,,,,FRONT-RIGHT-CORNER,,,,,,,,,,,,,,,,,,,,,,,,,,,,,,,,,
2110370,b0305be7098fca8f5e9e90be68093ffc3b3edccfbf5620e4b178cbbfff5f6fa74402b12131657cdd41d354e4c2e15091a700e0ff90b954da40bbfff57f83a30b,07/19/2025 11:41:00 PM,2,DRIVER,1,2011858,,CHEVROLET,EQUINOX,IL,2025,UNKNOWN,PASSENGER,PERSONAL,UNKNOWN,OTHER,,,2,,,,,,,,,,,,,,Y,Y,N,,UNKNOWN,,,,,,,,,,,,,,,,,,,,,,,,,,,,,,,,,
2110543,9c0f99b06c99b92f20b04833ab9e09d68ed99fc61c4ef2fe3a78e9ac7a64620a2e27614fc4f479223a830c927d007414791bef2550b6e402753561cdf81ce503,07/19/2025 11:40:00 PM,1,DRIVER,,2012007,,UNKNOWN,OTHER (EXPLAIN IN NARRATIVE),,,UNKNOWN,UNKNOWN/NA,UNKNOWN/NA,N,STRAIGHT AHEAD,,,1,,,,,Y,,,,,,,,,,,,Y,UNKNOWN,,,,,,,,,,,,,,,,,,,,,,,,,,,,,,,,,
2110544,9c0f99b06c99b92f20b04833ab9e09d68ed99fc61c4ef2fe3a78e9ac7a64620a2e27614fc4f479223a830c927d007414791bef2550b6e402753561cdf81ce503,07/19/2025 11:40:00 PM,2,DRIVER,3,2012012,,HONDA,FIT,IL,,NONE,PASSENGER,PERSONAL,N,STRAIGHT AHEAD,,,4,,,,,,,,,,,,,Y,Y,Y,,,SIDE-LEFT-FRONT,,,,,,,,,,,,,,,,,,,,,,,,,,,,,,,,,
2110483,e1045c9cd7848d53335a2ba1be4e862f26256e092d5451470c959cb0153f6413ab9fdd09bab42ace87e8d59dd3d2a9712ee922e763616992a21662d2e8a4514d,07/19/2025 11:40:00 PM,1,DRIVER,,2011951,,UNKNOWN,OTHER (EXPLAIN IN NARRATIVE),,,UNKNOWN,UNKNOWN/NA,UNKNOWN/NA,N,STRAIGHT AHEAD,,,1,,,,,Y,Y,Y,Y,Y,,,,,,,,,SIDE-RIGHT,,,,,,,,,,,,,,,,,,,,,,,,,,,,,,,,,
2110484,e1045c9cd7848d53335a2ba1be4e862f26256e092d5451470c959cb0153f6413ab9fdd09bab42ace87e8d59dd3d2a9712ee922e763616992a21662d2e8a4514d,07/19/2025 11:40:00 PM,2,DRIVER,,2011960,,FORD,EXPLORER,IL,2024,NONE,SPORT UTILITY VEHICLE (SUV),POLICE,S,STRAIGHT AHEAD,,,1,,,,,Y,Y,Y,Y,Y,,,,,,,,,SIDE-RIGHT,,,,,,,,,,,,,,,,,,,,,,,,,,,,,,,,,
2110373,8a6c4a986be85b91cefe9f1c1c5c368a160a571c321f8f2dcaea92c726be0b8474365f148cf4ee8da4f356bda04d41744f399071b2cf88b438b5b8760e9c2600,07/19/2025 11:37:00 PM,2,DRIVER,1,2011857,,SATURN,SL,IL,1998,NONE,PASSENGER,PERSONAL,S,STRAIGHT AHEAD,,,2,,,,,Y,Y,Y,,,,,,,Y,Y,Y,,FRONT,,,,,,,,,,,,,,,,,,,,,,,,,,,,,,,,,
2110374,8a6c4a986be85b91cefe9f1c1c5c368a160a571c321f8f2dcaea92c726be0b8474365f148cf4ee8da4f356bda04d41744f399071b2cf88b438b5b8760e9c2600,07/19/2025 11:37:00 PM,1,DRIVER,,2011864,,MAZDA,CX-5,IL,2025,UNKNOWN,PASSENGER,OTHER,W,STRAIGHT AHEAD,,,1,,,,,,Y,Y,Y,Y,,,,,,,,,SIDE-RIGHT,,,,,,,,,,,,,,,,,,,,,,,,,,,,,,,,,
2110365,0f59b05056421dd9d504c2a148cdfbb76ad2952cef3baa5f5595f26f7198dfe7794093ffb7a6141fa3addc71f3aceff1d78c2b80b01b043ab937967f561875d1,07/19/2025 11:34:00 PM,1,DRIVER,,2011851,,JEEP,WRANGLER,,,UNKNOWN,SPORT UTILITY VEHICLE (SUV),UNKNOWN/NA,W,STRAIGHT AHEAD,,,1,,,,,,,,,,,,,,,Y,Y,,FRONT-LEFT-CORNER,,,,,,,,,,,,,,,,,,,,,,,,,,,,,,,,,
2110366,0f59b05056421dd9d504c2a148cdfbb76ad2952cef3baa5f5595f26f7198dfe7794093ffb7a6141fa3addc71f3aceff1d78c2b80b01b043ab937967f561875d1,07/19/2025 11:34:00 PM,2,BICYCLE,,,,,,,,,,,,,,,,,,,,,,,,,,,,,,,,,,,,,,,,,,,,,,,,,,,,,,,,,,,,,,,,,,
2110581,efce3a3591da7faba91413ad5d2ca05c1c10a0eb68d87dafeb0d06d2c22bf6530741704a7772a6ec7d0923f6eb78a198098e7f213e396a8664508cba5189d96d,07/19/2025 11:30:00 PM,1,DRIVER,,2012043,,HONDA,CIVIC,IL,2019,UNKNOWN,PASSENGER,PERSONAL,S,STRAIGHT AHEAD,,,1,,,,,Y,,,,,,,,,,Y,Y,,FRONT,,,,,,,,,,,,,,,,,,,,,,,,,,,,,,,,,
2110582,efce3a3591da7faba91413ad5d2ca05c1c10a0eb68d87dafeb0d06d2c22bf6530741704a7772a6ec7d0923f6eb78a198098e7f213e396a8664508cba5189d96d,07/19/2025 11:30:00 PM,2,PARKED,,2012044,,LEXUS,RX350,IL,2010,UNKNOWN,SPORT UTILITY VEHICLE (SUV),PERSONAL,S,PARKED,,,0,,,,,,,,,Y,Y,,,,,,,,REAR-RIGHT-CORNER,,,,,,,,,,,,,,,,,,,,,,,,,,,,,,,,,
2110631,f83010de761e52edb917a2ae7ce8cccc88b4a77d15884977861a7dac49bea5b75284f105d71ef1424b687dc11ba4be4bf571b097b7b8094828cee0b88d4b27d8,07/19/2025 11:30:00 PM,1,DRIVER,,2012085,,HYUNDAI,OTHER (EXPLAIN IN NARRATIVE),XX,,UNKNOWN,UNKNOWN/NA,UNKNOWN/NA,S,SLOW/STOP IN TRAFFIC,,,1,,,,,,,,,,,,,,,,,Y,UNKNOWN,,,,,,,,,,,,,,,,,,,,,,,,,,,,,,,,,
2110632,f83010de761e52edb917a2ae7ce8cccc88b4a77d15884977861a7dac49bea5b75284f105d71ef1424b687dc11ba4be4bf571b097b7b8094828cee0b88d4b27d8,07/19/2025 11:30:00 PM,2,DRIVER,,2012089,,CHEVROLET,SILVERADO,IL,2003,UNKNOWN,PICKUP,PERSONAL,S,STRAIGHT AHEAD,Y,,1,,PRIVATE TOW,,,Y,Y,,,,,,,,Y,Y,Y,,FRONT,,,,,,,,,,,,,,,,,,,,,,,,,,,,,,,,,