CRASH_UNIT_ID,CRASH_RECORD_ID,CRASH_DATE,UNIT_NO,UNIT_TYPE,NUM_PASSENGERS,VEHICLE_ID,CMRC_VEH_I,MAKE,MODEL,LIC_PLATE_STATE,VEHICLE_YEAR,VEHICLE_DEFECT,VEHICLE_TYPE,VEHICLE_USE,TRAVEL_DIRECTION,MANEUVER,TOWED_I,FIRE_I,OCCUPANT_CNT,EXCEED_SPEED_LIMIT_I,TOWED_BY,TOWED_TO,AREA_00_I,AREA_01_I,AREA_02_I,AREA_03_I,AREA_04_I,AREA_05_I,AREA_06_I,AREA_07_I,AREA_08_I,AREA_09_I,AREA_10_I,AREA_11_I,AREA_12_I,AREA_99_I,FIRST_CONTACT_POINT,CMV_ID,USDOT_NO,CCMC_NO,ILCC_NO,COMMERCIAL_SRC,GVWR,CARRIER_NAME,CARRIER_STATE,CARRIER_CITY,HAZMAT_PLACARDS_I,HAZMAT_NAME,UN_NO,HAZMAT_PRESENT_I,HAZMAT_REPORT_I,HAZMAT_REPORT_NO,MCS_REPORT_I,MCS_REPORT_NO,HAZMAT_VIO_CAUSE_CRASH_I,MCS_VIO_CAUSE_CRASH_I,IDOT_PERMIT_NO,WIDE_LOAD_I,TRAILER1_WIDTH,TRAILER2_WIDTH,TRAILER1_LENGTH,TRAILER2_LENGTH,TOTAL_VEHICLE_LENGTH,AXLE_CNT,VEHICLE_CONFIG,CARGO_BODY_TYPE,LOAD_TYPE,HAZMAT_OUT_OF_SERVICE_I,MCS_OUT_OF_SERVICE_I,HAZMAT_CLASS
2110335,2cf4d8973db6a442343bbd87029eda0de895f00549ddff2c2287308945f8bb0aec1d67556109d95bca9841660a3150e1da8698eb9b94d867765abdff15863dc7,07/19/2025 11:20:00 PM,1,DRIVER,,2011826,,FORD,OTHER (EXPLAIN IN NARRATIVE),IL,2016,NONE,PASSENGER,PERSONAL,E,STRAIGHT AHEAD,,,1,,,,,,,,,,,,,,,,Y,,FRONT,,,,,,,,,,,,,,,,,,,,,,,,,,,,,,,,,
2110336,2cf4d8973db6a442343bbd87029eda0de895f00549ddff2c2287308945f8bb0aec1d67556109d95bca9841660a3150e1da8698eb9b94d867765abdff15863dc7,07/19/2025 11:20:00 PM,2,DRIVER,,2011832,,FORD,FUSION,IL,2014,NONE,PASSENGER,PERSONAL,E,SLOW/STOP IN TRAFFIC,,,1,,,,,,,,,,Y,,,,,,,,REAR,,,,,,,,,,,,,,,,,,,,,,,,,,,,,,,,,
2113840,4dc1fa8f1aca307a7c6fe3dc07ba4753ec5f6eff01f49a6eaa65511d5b28229f3d6bc91ce5e20e5ef12e530ff51c17eb82ff5cfbb216d4cdf3cc85445235084f,07/19/2025 11:20:00 PM,1,DRIVER,,2015146,,HONDA,CIVIC,IL,2010,UNKNOWN,PASSENGER,UNKNOWN/NA,W,OTHER,,,1,,,,,Y,,,,,,,,,,,,,FRONT-RIGHT-CORNER,,,,,,,,,,,,,,,,,,,,,,,,,,,,,,,,,
2113841,4dc1fa8f1aca307a7c6fe3dc07ba4753ec5f6eff01f49a6eaa65511d5b28229f3d6bc91ce5e20e5ef12e530ff51c17eb82ff5cfbb216d4cdf3cc85445235084f,07/19/2025 11:20:00 PM,2,PARKED,,2015147,,CHEVROLET,CORVETTE,IL,2007,NONE,PASSENGER,NOT IN USE,W,PARKED,,,0,,,,,,,,,,,Y,Y,Y,,,,,SIDE-LEFT,,,,,,,,,,,,,,,,,,,,,,,,,,,,,,,,,
2110361,f088de656fcf7d05980352df66a5eee50635acaf86843abe1216eb9c52c9397a28dc83d350cb49e14e43055f28ab27d9e5c42597141e911bef98479632ddc8bc,07/19/2025 11:20:00 PM,1,DRIVER,,2011850,,FORD,EXPEDITION,IL,2024,UNKNOWN,SPORT UTILITY VEHICLE (SUV),RIDESHARE SERVICE,E,BACKING,,,1,,,,,,,,,,,Y,,,,,,,REAR-LEFT-CORNER,,,,,,,,,,,,,,,,,,,,,,,,,,,,,,,,,
2110362,f088de656fcf7d05980352df66a5eee50635acaf86843abe1216eb9c52c9397a28dc83d350cb49e14e43055f28ab27d9e5c42597141e911bef98479632ddc8bc,07/19/2025 11:20:00 PM,2,DRIVER,1,2011853,,BUICK,LACROSSE,IL,2010,NONE,PASSENGER,PERSONAL,S,SLOW/STOP IN TRAFFIC,,,2,,,,,,,,,Y,,,,,,,,,REAR-RIGHT-CORNER,,,,,,,,,,,,,,,,,,,,,,,,,,,,,,,,,
2110358,67b8fcd733a0d172190e46e69d0cf71b1a05d2532fdf2cd433ce43a6d7e35e9385ba8df3b7b51615f15609a90315cea34804d51b59d73a87d1f95e4efd3ee685,07/19/2025 11:19:00 PM,1,DRIVER,,2011842,,UNKNOWN,OTHER (EXPLAIN IN NARRATIVE),IL,,UNKNOWN,SPORT UTILITY VEHICLE (SUV),UNKNOWN/NA,N,PASSING/OVERTAKING,,,1,,,,,,,,,,,,,,,,Y,,FRONT,,,,,,,,,,,,,,,,,,,,,,,,,,,,,,,,,
2110359,67b8fcd733a0d172190e46e69d0cf71b1a05d2532fdf2cd433ce43a6d7e35e9385ba8df3b7b51615f15609a90315cea34804d51b59d73a87d1f95e4efd3ee685,07/19/2025 11:19:00 PM,2,PEDESTRIAN,,,,,,,,,,,,,,,,,,,,,,,,,,,,,,,,,,,,,,,,,,,,,,,,,,,,,,,,,,,,,,,,,,
2110360,67b8fcd733a0d172190e46e69d0cf71b1a05d2532fdf2cd433ce43a6d7e35e9385ba8df3b7b51615f15609a90315cea34804d51b59d73a87d1f95e4efd3ee685,07/19/2025 11:19:00 PM,3,PEDESTRIAN,,,,,,,,,,,,,,,,,,,,,,,,,,,,,,,,,,,,,,,,,,,,,,,,,,,,,,,,,,,,,,,,,,
2110363,59596964308a4d419047b6209c8b94bbca060888ebac2baa32a1193c48b382ee5cfd9a27d732f80e39c44e6c8978e0951550a6e4a1a289d3e52655caa9501338,07/19/2025 11:15:00 PM,1,DRIVER,,2011846,,FORD,OTHER (EXPLAIN IN NARRATIVE),IL,2022,UNKNOWN,PASSENGER,PERSONAL,E,TURNING RIGHT,,,1,,,,,,,Y,Y,Y,,,,,,,,,REAR-RIGHT-CORNER,,,,,,,,,,,,,,,,,,,,,,,,,,,,,,,,,
2110364,59596964308a4d419047b6209c8b94bbca060888ebac2baa32a1193c48b382ee5cfd9a27d732f80e39c44e6c8978e0951550a6e4a1a289d3e52655caa9501338,07/19/2025 11:15:00 PM,2,PARKED,,2011848,,FORD,OTHER (EXPLAIN IN NARRATIVE),IL,2011,UNKNOWN,BUS UP TO 15 PASS.,UNKNOWN/NA,UNKNOWN,PARKED,,,0,,,,,,,,,Y,Y,Y,,,,,,,REAR,,,,,,,,,,,,,,,,,,,,,,,,,,,,,,,,,
2110333,e069170afe564c51dc98b49385d24fc6b3e315e839e3fb6e639dc4cbb10bff5ba52820671c3699c45797a62be5e1b73a680010183a4685ad8b8901d82b8b4311,07/19/2025 11:08:00 PM,1,BICYCLE,,,,,,,,,,,,,,,,,,,,,,,,,,,,,,,,,,,,,,,,,,,,,,,,,,,,,,,,,,,,,,,,,,
2110334,e069170afe564c51dc98b49385d24fc6b3e315e839e3fb6e639dc4cbb10bff5ba52820671c3699c45797a62be5e1b73a680010183a4685ad8b8901d82b8b4311,07/19/2025 11:08:00 PM,2,DRIVER,,2011822,,MERCEDES-BENZ,GLE,,,UNKNOWN,PASSENGER,PERSONAL,E,SLOW/STOP IN TRAFFIC,,,1,,,,,,,Y,Y,,,,,,,,,,SIDE-RIGHT-REAR,,,,,,,,,,,,,,,,,,,,,,,,,,,,,,,,,
2110340,dbe5011ab82aa284c62b779554206d59f12e5bd92659f629cd77c06f8f6d6bc845f127865bfd511c198c8d9b07f6887d287f6520b93ea34f474accfd40a08f2a,07/19/2025 11:02:00 PM,1,DRIVER,2,2011830,,JEEP,CHEROKEE,IL,2014,UNKNOWN,PASSENGER,PERSONAL,S,TURNING LEFT,Y,,3,,PERSONAL TOW,,,Y,Y,Y,Y,,,,N,Y,Y,Y,Y,,FRONT,,,,,,,,,,,,,,,,,,,,,,,,,,,,,,,,,
2110341,dbe5011ab82aa284c62b779554206d59f12e5bd92659f629cd77c06f8f6d6bc845f127865bfd511c198c8d9b07f6887d287f6520b93ea34f474accfd40a08f2a,07/19/2025 11:02:00 PM,2,PARKED,,2011836,,CHEVROLET,TRAVERSE,IL,2011,UNKNOWN,PASSENGER,PERSONAL,S,PARKED,,,0,,,,,N,N,,Y,Y,Y,Y,Y,,N,N,N,,REAR,,,,,,,,,,,,,,,,,,,,,,,,,,,,,,,,,
2110342,dbe5011ab82aa284c62b779554206d59f12e5bd92659f629cd77c06f8f6d6bc845f127865bfd511c198c8d9b07f6887d287f6520b93ea34f474accfd40a08f2a,07/19/2025 11:02:00 PM,3,PARKED,,2011839,,NISSAN,ROGUE,IL,2025,UNKNOWN,PASSENGER,PERSONAL,S,PARKED,,,0,,,,,,,,,Y,Y,Y,,,,,,,REAR,,,,,,,,,,,,,,,,,,,,,,,,,,,,,,,,,
2110343,dbe5011ab82aa284c62b779554206d59f12e5bd92659f629cd77c06f8f6d6bc845f127865bfd511c198c8d9b07f6887d287f6520b93ea34f474accfd40a08f2a,07/19/2025 11:02:00 PM,4,PARKED,,2011841,,TOYOTA,SIENNA,IL,2011,UNKNOWN,PASSENGER,NOT IN USE,S,PARKED,,,0,,,,,,,,,Y,Y,Y,,,,,,,REAR,,,,,,,,,,,,,,,,,,,,,,,,,,,,,,,,,
2110375,b5664505ab11e67ca82dfcb6ea393aadbba0fd842a21bd9d4a69e3ff9bbfd924f9ed628b638c8f9c2a038b9db6345ed1fec64c9ce80014ca29405878499876a0,07/19/2025 11:00:00 PM,1,DRIVER,,2011883,,NISSAN,ROGUE,IL,2012,UNKNOWN,PASSENGER,PERSONAL,S,TURNING RIGHT,,,1,,,,,,,,,,,,Y,,,N,,,SIDE-LEFT-REAR,,,,,,,,,,,,,,,,,,,,,,,,,,,,,,,,,
2110376,b5664505ab11e67ca82dfcb6ea393aadbba0fd842a21bd9d4a69e3ff9bbfd924f9ed628b638c8f9c2a038b9db6345ed1fec64c9ce80014ca29405878499876a0,07/19/2025 11:00:00 PM,2,DRIVER,,2011868,,TOYOTA,PRIUS,IL,2018,UNKNOWN,PASSENGER,PERSONAL,S,TURNING RIGHT,,,1,,,,,,,Y,Y,,,,,,,,,,SIDE-RIGHT,,,,,,,,,,,,,,,,,,,,,,,,,,,,,,,,,
2110352,c1d301aac809aa866d8a22fe4dbd6e3327636f87042610e4a8e822fbee41ffa74e5f334967d984e956e45e27afb9e307eba00c61065b703dbc147bb4f2b427bf,07/19/2025 11:00:00 PM,1,DRIVER,,2011844,,NOVA BUS,LFS ARTIC,IL,2015,UNKNOWN,BUS OVER 15 PASS.,CTA,E,STRAIGHT AHEAD,,,1,,,,Y,,,,,,,,,,,,,,NONE,,,,,,,,,,,,,,,,,,,,,,,,,,,,,,,,,
2110353,c1d301aac809aa866d8a22fe4dbd6e3327636f87042610e4a8e822fbee41ffa74e5f334967d984e956e45e27afb9e307eba00c61065b703dbc147bb4f2b427bf,07/19/2025 11:00:00 PM,2,DRIVER,,2011847,,SUBARU,OUTBACK,IL,2014,UNKNOWN,PASSENGER,PERSONAL,E,STRAIGHT AHEAD,,,1,,,,,,,,,,,,,,,,Y,,FRONT,,,,,,,,,,,,,,,,,,,,,,,,,,,,,,,,,
2110346,b0fff50b7dc57d79b935cb52d88297dfa78c4ac7f781ca8f13974ba611f3ee27764dd6fcad54dcc309d977191a7c9e7a50ea0870927e55df2199571799fa4704,07/19/2025 10:56:00 PM,1,DRIVER,,2011829,,TOYOTA,PREVIA,IL,2018,UNKNOWN,PASSENGER,PERSONAL,S,STRAIGHT AHEAD,,,1,,,,,Y,,,,,,,,,,Y,Y,,FRONT,,,,,,,,,,,,,,,,,,,,,,,,,,,,,,,,,
2110347,b0fff50b7dc57d79b935cb52d88297dfa78c4ac7f781ca8f13974ba611f3ee27764dd6fcad54dcc309d977191a7c9e7a50ea0870927e55df2199571799fa4704,07/19/2025 10:56:00 PM,2,DRIVER,,2011833,,DODGE,OTHER (EXPLAIN IN NARRATIVE),IL,2018,NONE,VAN/MINI-VAN,PERSONAL,S,STRAIGHT AHEAD,,,1,,,,,,,,,Y,Y,Y,,,,,,,REAR,,,,,,,,,,,,,,,,,,,,,,,,,,,,,,,,,
2110354,32df9727d0ebd4391e7f1d642e462917450995cae1887bef538e4da8e66ddc1a2be02b0356afa22933363b4eb845bbf10c3e8e41063b656e4f10c6f7940d472a,07/19/2025 10:50:00 PM,1,DRIVER,,2011834,,MAZDA,OTHER (EXPLAIN IN NARRATIVE),IL,,UNKNOWN,PASSENGER,UNKNOWN/NA,S,STRAIGHT AHEAD,,,1,,,,,Y,Y,,,,,,,,,,Y,,FRONT-RIGHT-CORNER,,,,,,,,,,,,,,,,,,,,,,,,,,,,,,,,,
2110355,32df9727d0ebd4391e7f1d642e462917450995cae1887bef538e4da8e66ddc1a2be02b0356afa22933363b4eb845bbf10c3e8e41063b656e4f10c6f7940d472a,07/19/2025 10:50:00 PM,2,PARKED,,2011838,,JEEP,LIBERTY,IL,2004,NONE,SPORT UTILITY VEHICLE (SUV),PERSONAL,S,PARKED,,,0,,,,,,,,,,,,,,Y,Y,Y,,FRONT-LEFT-CORNER,,,,,,,,,,,,,,,,,,,,,,,,,,,,,,,,,
2111287,7b67a5b1facfbf2193d2037957ffc42ef4217d3eb78b31bbae234272987cfcecb84f3e080a291a614fbef0d42c284cbef478c9b5079fe8fd66bb98ba1912bca1,07/19/2025 10:46:00 PM,1,DRIVER,,2012719,,CHEVROLET,OTHER (EXPLAIN IN NARRATIVE),IL,2017,UNKNOWN,PASSENGER,UNKNOWN/NA,S,STRAIGHT AHEAD,,,1,,,,,,,,,,,,,,,,,Y,UNKNOWN,,,,,,,,,,,,,,,,,,,,,,,,,,,,,,,,,
2111288,7b67a5b1facfbf2193d2037957ffc42ef4217d3eb78b31bbae234272987cfcecb84f3e080a291a614fbef0d42c284cbef478c9b5079fe8fd66bb98ba1912bca1,07/19/2025 10:46:00 PM,2,DRIVER,1,2012729,,YUKON DELTA,YUKON DELTA,FL,2020,UNKNOWN,PASSENGER,UNKNOWN/NA,S,STRAIGHT AHEAD,,,2,,,,,,Y,Y,Y,,,,,,,,,,SIDE-RIGHT,,,,,,,,,,,,,,,,,,,,,,,,,,,,,,,,,
2116291,1ce4fa83088ea195dbed094e88b4edfdb39cf804b96a9e76df70a71f05c89d13cadba6f63216e48715f5865d9a04c1d7e3562898b473b7bdb84c1cd359431c80,07/19/2025 10:45:00 PM,1,DRIVERLESS,,2017528,N,MAZDA,CX-5,IL,2020,UNKNOWN,PASSENGER,UNKNOWN/NA,S,STRAIGHT AHEAD,Y,N,0,,city of chicao,pound 2,,,,,,,,,,,Y,Y,Y,,FRONT-LEFT-CORNER,,,,,,,,,,,,,,,,,,,,,,,,,,,,,,,,,
2110337,0b738da5a140b2fc5a46be648213b604035aa54186747d8782c3305604ae3ed2ebbf20c9c3bea96cae7303953b76f53002b6dc0c50fff223d27b706cee9b4347,07/19/2025 10:42:00 PM,1,DRIVER,1,2011823,,TOYOTA,CAMRY,IL,2017,UNKNOWN,PASSENGER,PERSONAL,W,STRAIGHT AHEAD,Y,,2,,PRIVATE TOW,,,Y,,,,,,,,,,Y,Y,,FRONT,,,,,,,,,,,,,,,,,,,,,,,,,,,,,,,,,
2110338,0b738da5a140b2fc5a46be648213b604035aa54186747d8782c3305604ae3ed2ebbf20c9c3bea96cae7303953b76f53002b6dc0c50fff223d27b706cee9b4347,07/19/2025 10:42:00 PM,2,DRIVER,,2011825,,VOLKSWAGEN,JETTA,IL,2019,UNKNOWN,PASSENGER,PERSONAL,W,STRAIGHT AHEAD,,,1,,,,,Y,,,,Y,Y,Y,,,,Y,Y,,REAR,,,,,,,,,,,,,,,,,,,,,,,,,,,,,,,,,
2110339,0b738da5a140b2fc5a46be648213b604035aa54186747d8782c3305604ae3ed2ebbf20c9c3bea96cae7303953b76f53002b6dc0c50fff223d27b706cee9b4347,07/19/2025 10:42:00 PM,3,DRIVER,1,2011828,,HONDA,FIT,IL,2012,UNKNOWN,PASSENGER,PERSONAL,W,STRAIGHT AHEAD,,,2,,,,,,,,,Y,Y,Y,,,,,,,REAR,,,,,,,,,,,,,,,,,,,,,,,,,,,,,,,,,
2111613,0d36cc2101014a9393f2baa92af00e437fc1d9e4412ef9ab17899f0270c4526bb5d7495e98a36785fb258d372206fe40d32e2ac4354b7105cfa31910c7541a79,07/19/2025 10:40:00 PM,1,DRIVER,,2013013,,SMART,FORTWO,IL,2012,NONE,PASSENGER,PERSONAL,E,STRAIGHT AHEAD,N,,1,,,,,,,,,,,,Y,Y,Y,,,,SIDE-LEFT,,,,,,,,,,,,,,,,,,,,,,,,,,,,,,,,,
2111614,0d36cc2101014a9393f2baa92af00e437fc1d9e4412ef9ab17899f0270c4526bb5d7495e98a36785fb258d372206fe40d32e2ac4354b7105cfa31910c7541a79,07/19/2025 10:40:00 PM,2,DRIVER,2,2013022,,FORD,ESCAPE,IL,2010,NONE,PASSENGER,PERSONAL,N,STRAIGHT AHEAD,,,3,,,,,,,,,,,Y,Y,Y,Y,,,,SIDE-LEFT,,,,,,,,,,,,,,,,,,,,,,,,,,,,,,,,,
2110348,a25701fa32b07917f27c1d866e16a085576058dfd3c5957183897c3719223259597a3f3af92e0df5f55ab26838830df3dad6af9ec5230949a8a1a744ccf2fefb,07/19/2025 10:30:00 PM,1,DRIVER,,2011827,,TOYOTA,PRIUS,IL,2018,UNKNOWN,PASSENGER,UNKNOWN/NA,W,CHANGING LANES,,,1,,,,,,,,Y,Y,,,,,,,,,SIDE-RIGHT-REAR,,,,,,,,,,,,,,,,,,,,,,,,,,,,,,,,,
2110349,a25701fa32b07917f27c1d866e16a085576058dfd3c5957183897c3719223259597a3f3af92e0df5f55ab26838830df3dad6af9ec5230949a8a1a744ccf2fefb,07/19/2025 10:30:00 PM,2,DRIVER,,2011835,,NISSAN,ROGUE,IL,2012,UNKNOWN,PASSENGER,UNKNOWN/NA,W,STRAIGHT AHEAD,,,1,,,,,,,,,,,,,,Y,Y,,,FRONT-LEFT-CORNER,,,,,,,,,,,,,,,,,,,,,,,,,,,,,,,,,
2110329,a73d0f12c70b38ce7e3903b2480fbcb93604c9ad8761268a09006db633a8107ec7b9ac1fefa0507d215fe804d7277359bb7c9312a3e5d153e3675ddbd8d39f01,07/19/2025 10:30:00 PM,1,DRIVER,,2011819,,KIA,OPTIMA / K5,IL,2018,UNKNOWN,PASSENGER,PERSONAL,NE,BACKING,,,1,,,,,,,,,Y,Y,,,,,,,,REAR,,,,,,,,,,,,,,,,,,,,,,,,,,,,,,,,,
2110330,a73d0f12c70b38ce7e3903b2480fbcb93604c9ad8761268a09006db633a8107ec7b9ac1fefa0507d215fe804d7277359bb7c9312a3e5d153e3675ddbd8d39f01,07/19/2025 10:30:00 PM,2,DRIVER,,2011824,,FORD,BRONCO / BRONCO II,IL,2021,UNKNOWN,PASSENGER,PERSONAL,S,STRAIGHT AHEAD,,,1,,,,,Y,,,,,,,,,,,Y,,FRONT-RIGHT-CORNER,,,,,,,,,,,,,,,,,,,,,,,,,,,,,,,,,
2112694,c013c525628a816d97cc10246b38050186ef0fd201f04a66b1f290eb7b65429f4d2500fbeb97a752550816d9b04b0292c11cb8a499ec5e9d42dcebe48dba9a17,07/19/2025 10:30:00 PM,1,DRIVER,,2014051,,UNKNOWN,OTHER (EXPLAIN IN NARRATIVE),IL,,NONE,PASSENGER,PERSONAL,UNKNOWN,STRAIGHT AHEAD,,,1,,,,,Y,,,,,,,,,,Y,Y,,FRONT,,,,,,,,,,,,,,,,,,,,,,,,,,,,,,,,,
2112695,c013c525628a816d97cc10246b38050186ef0fd201f04a66b1f290eb7b65429f4d2500fbeb97a752550816d9b04b0292c11cb8a499ec5e9d42dcebe48dba9a17,07/19/2025 10:30:00 PM,2,DRIVER,,2014055,,TESLA,MODEL Y,IL,2024,NONE,PASSENGER,PERSONAL,UNKNOWN,STRAIGHT AHEAD,,,1,,,,,,,,,Y,Y,Y,,,,,,,REAR,,,,,,,,,,,,,,,,,,,,,,,,,,,,,,,,,
2110589,f8a981962c2ccc6c25b2de437e8eb5f9fac489c4ae82e1ed1048384f25414dbbdda85e0cf3bedd5aabe4825456170926d9be6f7a80242172fcccc6e3eac389ad,07/19/2025 10:30:00 PM,1,DRIVER,,2012052,,JEEP,CHEROKEE,IL,2017,UNKNOWN,SPORT UTILITY VEHICLE (SUV),UNKNOWN/NA,W,STRAIGHT AHEAD,Y,,1,,UNK,,,Y,Y,Y,Y,Y,Y,Y,Y,Y,Y,Y,Y,,SIDE-RIGHT,,,,,,,,,,,,,,,,,,,,,,,,,,,,,,,,,
2110590,f8a981962c2ccc6c25b2de437e8eb5f9fac489c4ae82e1ed1048384f25414dbbdda85e0cf3bedd5aabe4825456170926d9be6f7a80242172fcccc6e3eac389ad,07/19/2025 10:30:00 PM,2,DRIVER,,2012064,,LEXUS,RX350,IL,2023,NONE,PASSENGER,PERSONAL,S,TURNING RIGHT,Y,,1,,,,,Y,Y,,,,,,,,Y,Y,Y,,FRONT,,,,,,,,,,,,,,,,,,,,,,,,,,,,,,,,,
2110313,03f15668cb49af1eb743fc0abd10bbe452eaa6516bcece9853c077c8a99e13566ea54ac656292d77276a6e92d10e53463483d9874988cdcf34222ca77c7d759d,07/19/2025 10:29:00 PM,1,DRIVER,,2011802,,HONDA,OTHER (EXPLAIN IN NARRATIVE),IL,2014,UNKNOWN,PASSENGER,DRIVER EDUCATION,E,CHANGING LANES,,,1,,,,,,,,,,,,,,,,,Y,UNKNOWN,,,,,,,,,,,,,,,,,,,,,,,,,,,,,,,,,
2110314,03f15668cb49af1eb743fc0abd10bbe452eaa6516bcece9853c077c8a99e13566ea54ac656292d77276a6e92d10e53463483d9874988cdcf34222ca77c7d759d,07/19/2025 10:29:00 PM,2,DRIVER,2,2011815,,HONDA,ODYSSEY,IL,2011,NONE,PASSENGER,PERSONAL,E,STRAIGHT AHEAD,,,3,,,,,,,,,,,,,,,Y,,,FRONT-LEFT-CORNER,,,,,,,,,,,,,,,,,,,,,,,,,,,,,,,,,
2110387,6fa450b70a0bab4f5edaaa44336f5e80898f43b368f99c0d9e9b4c72d4b091d18bb442c574a8a838a47e630fc4eeacb16dff7a2cce2aa9931b498266cef6b6cb,07/19/2025 10:27:00 PM,1,DRIVER,,2011876,,FORD,ESCAPE,IL,2009,UNKNOWN,SPORT UTILITY VEHICLE (SUV),PERSONAL,S,TURNING LEFT,,,1,,,,,,,,,,,,,,Y,Y,Y,,FRONT-LEFT-CORNER,,,,,,,,,,,,,,,,,,,,,,,,,,,,,,,,,
2110388,6fa450b70a0bab4f5edaaa44336f5e80898f43b368f99c0d9e9b4c72d4b091d18bb442c574a8a838a47e630fc4eeacb16dff7a2cce2aa9931b498266cef6b6cb,07/19/2025 10:27:00 PM,2,DRIVER,1,2011882,,JEEP,GRAND CHEROKEE,IL,2015,UNKNOWN,SPORT UTILITY VEHICLE (SUV),PERSONAL,S,TURNING RIGHT,,,2,,,,,,Y,Y,Y,Y,,,,,,,,,SIDE-RIGHT-REAR,,,,,,,,,,,,,,,,,,,,,,,,,,,,,,,,,
2110331,5366ef3cabae7ccab200cc5a9ecda2202aa1a648cde003c9fff8dd4e8c5d4b6a144b63391ce65cc7dea38706b458bd39b3ad27f0894ef92c75e416c0c4001087,07/19/2025 10:25:00 PM,1,DRIVER,1,2011814,,JEEP,PATRIOT,IL,2016,NONE,SPORT UTILITY VEHICLE (SUV),TAXI/FOR HIRE,E,PASSING/OVERTAKING,,,2,,,,Y,,,,Y,Y,,,,,,,,,REAR-RIGHT-CORNER,,,,,,,,,,,,,,,,,,,,,,,,,,,,,,,,,
2110332,5366ef3cabae7ccab200cc5a9ecda2202aa1a648cde003c9fff8dd4e8c5d4b6a144b63391ce65cc7dea38706b458bd39b3ad27f0894ef92c75e416c0c4001087,07/19/2025 10:25:00 PM,2,DRIVER,1,2011821,,TESLA,MODEL 3,IL,2023,NONE,PASSENGER,TAXI/FOR HIRE,E,SLOW/STOP IN TRAFFIC,,,2,,,,,,,,,,,,,,Y,Y,,,FRONT-LEFT-CORNER,,,,,,,,,,,,,,,,,,,,,,,,,,,,,,,,,
2110367,016dfd0cc402f435b2a050ee036754c9aadb07c9bdbd7a2e7326314954359c3ba9bba35b2de9f1c0617de5b010cbd444419576e5bb0b2d8f7c289bec966f03ff,07/19/2025 10:20:00 PM,1,DRIVER,1,2011854,,CHEVROLET,OTHER (EXPLAIN IN NARRATIVE),IL,2012,UNKNOWN,PASSENGER,PERSONAL,E,STRAIGHT AHEAD,,,2,,,,,,,,,,,,,,,,Y,,FRONT,,,,,,,,,,,,,,,,,,,,,,,,,,,,,,,,,
2110368,016dfd0cc402f435b2a050ee036754c9aadb07c9bdbd7a2e7326314954359c3ba9bba35b2de9f1c0617de5b010cbd444419576e5bb0b2d8f7c289bec966f03ff,07/19/2025 10:20:00 PM,2,DRIVER,,2011859,,TOYOTA,RAV4,IL,2021,NONE,PASSENGER,PERSONAL,E,STRAIGHT AHEAD,,,1,,,,,,,,,,Y,,,,,,,,REAR,,,,,,,,,,,,,,,,,,,,,,,,,,,,,,,,,
2118934,01f665ec8c02d7bdc2593f5dc9bba35bfbf600225702fa5e73695827c74b050b3e46faf724c166d2af3684cc01936b99c4ca3f3a110fbb54d5e064e4719e352e,07/19/2025 10:18:00 PM,1,DRIVER,,2019961,,DODGE,CHARGER,IL,2023,UNKNOWN,PASSENGER,PERSONAL,W,STRAIGHT AHEAD,,,1,,,,,,,,,,,,,,,,,Y,FRONT,,,,,,,,,,,,,,,,,,,,,,,,,,,,,,,,,
2118935,01f665ec8c02d7bdc2593f5dc9bba35bfbf600225702fa5e73695827c74b050b3e46faf724c166d2af3684cc01936b99c4ca3f3a110fbb54d5e064e4719e352e,07/19/2025 10:18:00 PM,2,DRIVER,1,2019962,,CHEVROLET,MALIBU,IL,2019,UNKNOWN,PASSENGER,PERSONAL,N,STRAIGHT AHEAD,,,2,,,,,,,,,,,,,,,,,Y,SIDE-RIGHT,,,,,,,,,,,,,,,,,,,,,,,,,,,,,,,,,
2113302,00fc5389279bd66409297019d691cc5cd445e700d7427fd0e924e2dcb6406e1d141c519d6c9a7243ca52ec70142cca97dd477fa07667b06fdf4f2e2494c04b19,07/19/2025 10:15:00 PM,1,DRIVER,,2014638,,UNKNOWN,OTHER (EXPLAIN IN NARRATIVE),IL,,NONE,UNKNOWN/NA,UNKNOWN/NA,E,STRAIGHT AHEAD,,,1,,,,,,,,,,,,,,,,,Y,UNKNOWN,,,,,,,,,,,,,,,,,,,,,,,,,,,,,,,,,
2113303,00fc5389279bd66409297019d691cc5cd445e700d7427fd0e924e2dcb6406e1d141c519d6c9a7243ca52ec70142cca97dd477fa07667b06fdf4f2e2494c04b19,07/19/2025 10:15:00 PM,2,DRIVER,,2014643,,NISSAN,OTHER (EXPLAIN IN NARRATIVE),IL,2005,NONE,PASSENGER,PERSONAL,E,STRAIGHT AHEAD,,,1,,,,,,,,,,Y,,,,,,,,REAR,,,,,,,,,,,,,,,,,,,,,,,,,,,,,,,,,