CRASH_UNIT_ID,CRASH_RECORD_ID,CRASH_DATE,UNIT_NO,UNIT_TYPE,NUM_PASSENGERS,VEHICLE_ID,CMRC_VEH_I,MAKE,MODEL,LIC_PLATE_STATE,VEHICLE_YEAR,VEHICLE_DEFECT,VEHICLE_TYPE,VEHICLE_USE,TRAVEL_DIRECTION,MANEUVER,TOWED_I,FIRE_I,OCCUPANT_CNT,EXCEED_SPEED_LIMIT_I,TOWED_BY,TOWED_TO,AREA_00_I,AREA_01_I,AREA_02_I,AREA_03_I,AREA_04_I,AREA_05_I,AREA_06_I,AREA_07_I,AREA_08_I,AREA_09_I,AREA_10_I,AREA_11_I,AREA_12_I,AREA_99_I,FIRST_CONTACT_POINT,CMV_ID,USDOT_NO,CCMC_NO,ILCC_NO,COMMERCIAL_SRC,GVWR,CARRIER_NAME,CARRIER_STATE,CARRIER_CITY,HAZMAT_PLACARDS_I,HAZMAT_NAME,UN_NO,HAZMAT_PRESENT_I,HAZMAT_REPORT_I,HAZMAT_REPORT_NO,MCS_REPORT_I,MCS_REPORT_NO,HAZMAT_VIO_CAUSE_CRASH_I,MCS_VIO_CAUSE_CRASH_I,IDOT_PERMIT_NO,WIDE_LOAD_I,TRAILER1_WIDTH,TRAILER2_WIDTH,TRAILER1_LENGTH,TRAILER2_LENGTH,TOTAL_VEHICLE_LENGTH,AXLE_CNT,VEHICLE_CONFIG,CARGO_BODY_TYPE,LOAD_TYPE,HAZMAT_OUT_OF_SERVICE_I,MCS_OUT_OF_SERVICE_I,HAZMAT_CLASS
2111154,cacf955c06df75b7e2421670823dd8407c338924f4fbd312dc458ddeb9ec04d016ad8650d92f2a25487716e53256ccdc52509194d355676957f90ff6d66ed5df,07/19/2025 10:10:00 PM,1,DRIVER,3,2012588,,BUICK,ENCLAVE,IL,2010,UNKNOWN,SPORT UTILITY VEHICLE (SUV),PERSONAL,S,STRAIGHT AHEAD,,,4,,,,,Y,,,,,,,,,,Y,Y,,FRONT,,,,,,,,,,,,,,,,,,,,,,,,,,,,,,,,,
2111155,cacf955c06df75b7e2421670823dd8407c338924f4fbd312dc458ddeb9ec04d016ad8650d92f2a25487716e53256ccdc52509194d355676957f90ff6d66ed5df,07/19/2025 10:10:00 PM,2,DRIVER,1,2012594,,HONDA,CR-V,IL,2019,UNKNOWN,SPORT UTILITY VEHICLE (SUV),PERSONAL,S,SLOW/STOP IN TRAFFIC,,,2,,,,,,,,,Y,Y,Y,,,,,,,REAR,,,,,,,,,,,,,,,,,,,,,,,,,,,,,,,,,
2110391,4b443df9382252945f8d445ed267b6f9e037ed3af2752adc16948ec3fa3ce61a8a49b49c8f7e66967a993e6f6f2b4396afb14e0407b4002dbfaafdaa5fe08be9,07/19/2025 10:01:00 PM,1,DRIVER,,2011870,,NISSAN,ALTIMA,,,UNKNOWN,UNKNOWN/NA,UNKNOWN/NA,N,TURNING LEFT,,,1,,,,,,,,,,,,,,,,,Y,UNKNOWN,,,,,,,,,,,,,,,,,,,,,,,,,,,,,,,,,
2110395,4b443df9382252945f8d445ed267b6f9e037ed3af2752adc16948ec3fa3ce61a8a49b49c8f7e66967a993e6f6f2b4396afb14e0407b4002dbfaafdaa5fe08be9,07/19/2025 10:01:00 PM,2,PEDESTRIAN,,,,,,,,,,,,,,,,,,,,,,,,,,,,,,,,,,,,,,,,,,,,,,,,,,,,,,,,,,,,,,,,,,
2111669,7357ee6a06161619abf3d72dc2b6a4a3d109289fc3d66567438cfcfcedd91496536b55c189177470c618512be8c334773d853af8c87dec2d17412f8f82308f3a,07/19/2025 10:00:00 PM,1,DRIVER,,2013073,,MAZDA,CX-5,IL,2020,NONE,PASSENGER,PERSONAL,E,STRAIGHT AHEAD,,,1,,,,,,,,,,,Y,Y,Y,,,,,SIDE-LEFT,,,,,,,,,,,,,,,,,,,,,,,,,,,,,,,,,
2111670,7357ee6a06161619abf3d72dc2b6a4a3d109289fc3d66567438cfcfcedd91496536b55c189177470c618512be8c334773d853af8c87dec2d17412f8f82308f3a,07/19/2025 10:00:00 PM,2,DRIVER,,2013074,,NISSAN,KICKS,IL,2025,NONE,PASSENGER,PERSONAL,W,STRAIGHT AHEAD,,,1,,,,,,,,,,,,,N,Y,Y,,,SIDE-LEFT-FRONT,,,,,,,,,,,,,,,,,,,,,,,,,,,,,,,,,
2110423,d7c5af17c054b518c9f6254488c145d553a0b13c8beda15645ecc4d3829dc0ebed8b4dbbe092f01662c693587b16b305d1928bf247789703800482ee44a7d1b2,07/19/2025 10:00:00 PM,1,DRIVER,,2011905,,FORD,EDGE,IL,2010,NONE,PASSENGER,OTHER,UNKNOWN,STRAIGHT AHEAD,,,1,,,,,Y,,,,,,,,,Y,Y,Y,,SIDE-LEFT-FRONT,,,,,,,,,,,,,,,,,,,,,,,,,,,,,,,,,
2110424,d7c5af17c054b518c9f6254488c145d553a0b13c8beda15645ecc4d3829dc0ebed8b4dbbe092f01662c693587b16b305d1928bf247789703800482ee44a7d1b2,07/19/2025 10:00:00 PM,2,DRIVER,,2011913,,MAZDA,OTHER (EXPLAIN IN NARRATIVE),IL,2009,NONE,PASSENGER,PERSONAL,UNKNOWN,STRAIGHT AHEAD,,,1,,,,,Y,Y,Y,Y,,,,,,,,,,SIDE-RIGHT,,,,,,,,,,,,,,,,,,,,,,,,,,,,,,,,,
2111505,d96daf0ffee7cfbf5965e523e649debfd69416c328b02b9b270a11d63c4f12937e13fa616a8ed90d07b5f95721b0d754779ada517e14c1b199202b63f19e649a,07/19/2025 10:00:00 PM,1,DRIVER,,2012908,,CHEVROLET,MALIBU,,,NONE,PASSENGER,PERSONAL,UNKNOWN,UNKNOWN/NA,,,1,,,,,,,,,,,,,,,,,Y,UNKNOWN,,,,,,,,,,,,,,,,,,,,,,,,,,,,,,,,,
2111506,d96daf0ffee7cfbf5965e523e649debfd69416c328b02b9b270a11d63c4f12937e13fa616a8ed90d07b5f95721b0d754779ada517e14c1b199202b63f19e649a,07/19/2025 10:00:00 PM,2,PARKED,,2012910,,CHEVROLET,EQUINOX,IL,2012,NONE,PASSENGER,PERSONAL,UNKNOWN,PARKED,,,0,,,,,Y,Y,,,,,,,,,,Y,,FRONT-RIGHT-CORNER,,,,,,,,,,,,,,,,,,,,,,,,,,,,,,,,,
2112200,fd98a5392a214e975f2bfc25a4e03f4872e049d824010441be9d0e5044dc07a1fb0529913c17bf0fbb3fe0040203e8659736e0a7478902601bc29e1620813cd5,07/19/2025 10:00:00 PM,1,DRIVER,,2013564,,UNKNOWN,OTHER (EXPLAIN IN NARRATIVE),,,UNKNOWN,UNKNOWN/NA,UNKNOWN/NA,UNKNOWN,UNKNOWN/NA,,,1,,,,,,,,,,,,,,,,,Y,UNKNOWN,,,,,,,,,,,,,,,,,,,,,,,,,,,,,,,,,
2112201,fd98a5392a214e975f2bfc25a4e03f4872e049d824010441be9d0e5044dc07a1fb0529913c17bf0fbb3fe0040203e8659736e0a7478902601bc29e1620813cd5,07/19/2025 10:00:00 PM,2,PARKED,,2013571,,LINCOLN,NAUTILUS,IL,2019,UNKNOWN,SPORT UTILITY VEHICLE (SUV),PERSONAL,N,PARKED,,,0,,,,,,,,,,,,,,Y,Y,,,FRONT-LEFT-CORNER,,,,,,,,,,,,,,,,,,,,,,,,,,,,,,,,,
2110858,b8807fbfa26df9c6db4b310564fbd35dafccf148ad15cb2dc6cbf842743e8141e9a531f0db5bc8f12973c22f34fdb74122b3a35d7521f6381f1e3557b377b097,07/19/2025 09:50:00 PM,1,DRIVER,,2012310,,ACURA,TLX,IL,2015,UNKNOWN,PASSENGER,PERSONAL,S,PASSING/OVERTAKING,,,1,,,,,Y,Y,,,,,,,,,,,,REAR-RIGHT-CORNER,,,,,,,,,,,,,,,,,,,,,,,,,,,,,,,,,
2110878,b8807fbfa26df9c6db4b310564fbd35dafccf148ad15cb2dc6cbf842743e8141e9a531f0db5bc8f12973c22f34fdb74122b3a35d7521f6381f1e3557b377b097,07/19/2025 09:50:00 PM,2,DRIVER,,2012331,,GENERAL MOTORS CORPORATION (GMC),TERRAIN,IL,2011,UNKNOWN,SPORT UTILITY VEHICLE (SUV),PERSONAL,S,STRAIGHT AHEAD,,,1,,,,,,,,,,,Y,,,,,,,REAR-LEFT-CORNER,,,,,,,,,,,,,,,,,,,,,,,,,,,,,,,,,
2110350,f570199b15abc0329e68da3998a1f1a979961dafd1c2e6b0ece6e22656091c4287dc709bd813e7fa6cbea0f53185ab209f31aaf7f1731526f3b5386996e78da6,07/19/2025 09:50:00 PM,1,DRIVER,,2011837,,TOYOTA,PRIUS,IL,2008,NONE,PASSENGER,PERSONAL,S,TURNING LEFT,,,1,,,,,,,,,,,,,,,,Y,,FRONT-RIGHT-CORNER,,,,,,,,,,,,,,,,,,,,,,,,,,,,,,,,,
2110351,f570199b15abc0329e68da3998a1f1a979961dafd1c2e6b0ece6e22656091c4287dc709bd813e7fa6cbea0f53185ab209f31aaf7f1731526f3b5386996e78da6,07/19/2025 09:50:00 PM,2,DRIVER,,2011843,,TOYOTA,PRIUS,IL,2010,NONE,PASSENGER,PERSONAL,SE,STRAIGHT AHEAD,,,1,,,,,,,,,,,,Y,Y,Y,,,,SIDE-LEFT,,,,,,,,,,,,,,,,,,,,,,,,,,,,,,,,,
2110356,bb2e2d358b06175506f2bfb61ffd1fee91fa63ad162999ae8011482549bc245c27af40ef128687cfb1b502fe16d2d49202d28d08f9042db563d332915ea7423f,07/19/2025 09:43:00 PM,1,DRIVER,,2011840,,CHEVROLET,EQUINOX,IL,2017,UNKNOWN,SPORT UTILITY VEHICLE (SUV),PERSONAL,S,STRAIGHT AHEAD,,,1,,,,,,,,,,,,,,,,Y,,FRONT,,,,,,,,,,,,,,,,,,,,,,,,,,,,,,,,,
2110357,bb2e2d358b06175506f2bfb61ffd1fee91fa63ad162999ae8011482549bc245c27af40ef128687cfb1b502fe16d2d49202d28d08f9042db563d332915ea7423f,07/19/2025 09:43:00 PM,2,DRIVER,,2011849,,SUZUKI,MOTORCYCLE,IL,2004,UNKNOWN,MOTORCYCLE (OVER 150CC),PERSONAL,S,TURNING RIGHT,Y,,1,,SELF TOWED,,,,,,,,,,,,,,,,REAR,,,,,,,,,,,,,,,,,,,,,,,,,,,,,,,,,
2110307,0276c1a39db2c28c1930a4f381ac7ada4963745b82093f66e72bba06713636053ab8d74a721674d574134b50390340da50440a1b6a07ab3a9a90c803f1001392,07/19/2025 09:35:00 PM,1,DRIVER,,2011796,,KIA,NIRO,IL,2024,UNKNOWN,UNKNOWN/NA,UNKNOWN/NA,UNKNOWN,UNKNOWN/NA,,,1,,,,,,,,,Y,Y,Y,,,,,,,REAR,,,,,,,,,,,,,,,,,,,,,,,,,,,,,,,,,
2110327,5e408805405aee1174592642dc99163cfc537e07375c1143cd7ec5569e06b0b7354c0e678bd2f10dd6df66eb2dffa376af8cb3fe6d2cdcb2d5f1db10afa61818,07/19/2025 09:30:00 PM,1,DRIVER,,2011812,,BUICK,VERANO,IL,2014,UNKNOWN,PASSENGER,PERSONAL,S,CHANGING LANES,,,1,,,,,,,,,,,,Y,Y,Y,Y,,,SIDE-LEFT,,,,,,,,,,,,,,,,,,,,,,,,,,,,,,,,,
2110328,5e408805405aee1174592642dc99163cfc537e07375c1143cd7ec5569e06b0b7354c0e678bd2f10dd6df66eb2dffa376af8cb3fe6d2cdcb2d5f1db10afa61818,07/19/2025 09:30:00 PM,2,DRIVER,1,2011818,,VOLKSWAGEN,TIGUAN,IL,2017,UNKNOWN,PASSENGER,PERSONAL,S,STRAIGHT AHEAD,,,2,,,,,Y,Y,Y,Y,,,,,,,,,,SIDE-RIGHT,,,,,,,,,,,,,,,,,,,,,,,,,,,,,,,,,
2110319,77d1cf4b18946f440c5e84308afe04bf56e8936d420d5231e4872de7a28d98494f38d18f90d962a5df862f2e29b3213298f7b2572cee0f329688592dbf086bd5,07/19/2025 09:30:00 PM,1,DRIVER,,2011813,,CHEVROLET,EQUINOX,IL,2018,NONE,PASSENGER,PERSONAL,W,STRAIGHT AHEAD,N,,1,,,,,Y,Y,Y,,,,,,,,,,,FRONT-RIGHT-CORNER,,,,,,,,,,,,,,,,,,,,,,,,,,,,,,,,,
2110320,77d1cf4b18946f440c5e84308afe04bf56e8936d420d5231e4872de7a28d98494f38d18f90d962a5df862f2e29b3213298f7b2572cee0f329688592dbf086bd5,07/19/2025 09:30:00 PM,2,PARKED,,2011817,,CHEVROLET,EQUINOX,IL,2024,NONE,PASSENGER,NOT IN USE,W,PARKED,,,0,,,,,,,,,,,,,Y,Y,Y,,,FRONT-LEFT-CORNER,,,,,,,,,,,,,,,,,,,,,,,,,,,,,,,,,
2111589,b40b5cdf18c5b288f34d700ee629a23e0f77d13994d732e24094a902dd2220e738eaf227c7ea6ac53ad3d9aaaa4afa68fa935bf8ecb23cc57c93ded6a4d08b43,07/19/2025 09:30:00 PM,1,DRIVER,,2012981,,FORD,OTHER (EXPLAIN IN NARRATIVE),IL,2013,UNKNOWN,PASSENGER,PERSONAL,W,MERGING,,,1,,,,,,,,,,,,,,,,,Y,UNKNOWN,,,,,,,,,,,,,,,,,,,,,,,,,,,,,,,,,
2111590,b40b5cdf18c5b288f34d700ee629a23e0f77d13994d732e24094a902dd2220e738eaf227c7ea6ac53ad3d9aaaa4afa68fa935bf8ecb23cc57c93ded6a4d08b43,07/19/2025 09:30:00 PM,2,DRIVER,,2012993,,VOLKSWAGEN,PASSAT,IL,2018,NONE,PASSENGER,PERSONAL,W,STRAIGHT AHEAD,,,1,,,,,,,,,,,,,,Y,,,,FRONT-LEFT-CORNER,,,,,,,,,,,,,,,,,,,,,,,,,,,,,,,,,
2113124,76db5f8717870e33087d957d0f6a485871f3627a3ae927dc123e4c38fdb77e6cb62c27866ff79eb7844f5cba081044d8ad74865543a474ff51bcefa3ac3dff70,07/19/2025 09:18:00 PM,1,DRIVER,,2014469,,CHEVROLET,EQUINOX,IL,2015,NONE,PASSENGER,PERSONAL,E,STRAIGHT AHEAD,,,1,,,,,Y,Y,Y,,,,,,,,,,,SIDE-RIGHT,,,,,,,,,,,,,,,,,,,,,,,,,,,,,,,,,
2113125,76db5f8717870e33087d957d0f6a485871f3627a3ae927dc123e4c38fdb77e6cb62c27866ff79eb7844f5cba081044d8ad74865543a474ff51bcefa3ac3dff70,07/19/2025 09:18:00 PM,2,DRIVER,2,2014474,,CHEVROLET,TRAX,IL,2015,NONE,PASSENGER,PERSONAL,N,STRAIGHT AHEAD,Y,,3,,PERSONAL TOW,,,Y,,,,,,,,,,Y,Y,,FRONT,,,,,,,,,,,,,,,,,,,,,,,,,,,,,,,,,
2111723,238c52490f3aeb3caa09d7ff3847af450145eec0ec74bf1e18d0e52796879947eaed8c11556b5a9352d28600b73c8e0b7ae3ee300b23537557cd109ebceab49e,07/19/2025 09:15:00 PM,1,DRIVER,,2013123,,AUDI,A8,IL,2015,UNKNOWN,PASSENGER,PERSONAL,E,STRAIGHT AHEAD,,,1,,,,,Y,,,,,,,,,,Y,Y,,FRONT,,,,,,,,,,,,,,,,,,,,,,,,,,,,,,,,,
2111724,238c52490f3aeb3caa09d7ff3847af450145eec0ec74bf1e18d0e52796879947eaed8c11556b5a9352d28600b73c8e0b7ae3ee300b23537557cd109ebceab49e,07/19/2025 09:15:00 PM,2,DRIVER,,2013124,,HONDA,ACCORD,IL,2020,NONE,PASSENGER,PERSONAL,E,STRAIGHT AHEAD,,,1,,,,,,,,,Y,Y,Y,,,,,,,REAR,,,,,,,,,,,,,,,,,,,,,,,,,,,,,,,,,
2110311,b4e7685cada356893a77e1ae2662c62521c089f223051acf51290e389eaa1142f4a2389af28fa674c539a88389be75cdde0fd39349103b10eb59955b6b7b9020,07/19/2025 09:15:00 PM,1,DRIVER,,2011798,,UNKNOWN,MOTORIZED,,,UNKNOWN,PASSENGER,UNKNOWN/NA,UNKNOWN,UNKNOWN/NA,,,1,,,,,,,,,,,,,,,,,Y,UNKNOWN,,,,,,,,,,,,,,,,,,,,,,,,,,,,,,,,,
2110312,b4e7685cada356893a77e1ae2662c62521c089f223051acf51290e389eaa1142f4a2389af28fa674c539a88389be75cdde0fd39349103b10eb59955b6b7b9020,07/19/2025 09:15:00 PM,2,PARKED,,2011799,,NISSAN,ALTIMA,KY,2023,UNKNOWN,UNKNOWN/NA,PERSONAL,S,PARKED,,,0,,,,,,,,,,,,,Y,Y,Y,N,,FRONT-LEFT-CORNER,,,,,,,,,,,,,,,,,,,,,,,,,,,,,,,,,
2110321,f5653ef707e5f18dc5ca34213ef3f293ed27fc11f84d9c13a50c380d37e61723fd965a12b1c4ab4709da7bd68909e1cc668e2d34ff34a81d584799655734d0c4,07/19/2025 09:15:00 PM,1,DRIVER,,2011807,,HONDA,CIVIC,,2018,NONE,PASSENGER,PERSONAL,N,STRAIGHT AHEAD,,,1,,,,,,,,,,,,,,Y,Y,,,FRONT-LEFT-CORNER,,,,,,,,,,,,,,,,,,,,,,,,,,,,,,,,,
2110322,f5653ef707e5f18dc5ca34213ef3f293ed27fc11f84d9c13a50c380d37e61723fd965a12b1c4ab4709da7bd68909e1cc668e2d34ff34a81d584799655734d0c4,07/19/2025 09:15:00 PM,2,DRIVER,,2011810,,NISSAN,ALTIMA,IL,2015,NONE,PASSENGER,PERSONAL,E,STRAIGHT AHEAD,Y,,1,,unknown,,,Y,,,,,,,,,,,,,FRONT-RIGHT-CORNER,,,,,,,,,,,,,,,,,,,,,,,,,,,,,,,,,
2110396,f712d0e1711f198b020e5276c384df35c48ef2ab8a48b294339bb62958e3a200a4f358df7a0b1d2f95b19668573c2eb2506c186083a0d9ded1bf224c3854f4f0,07/19/2025 09:15:00 PM,1,DRIVER,,2011880,,FORD,FUSION,IL,2019,NONE,PASSENGER,PERSONAL,E,STRAIGHT AHEAD,,,1,,,,,Y,,,,,,,,,,Y,Y,,FRONT,,,,,,,,,,,,,,,,,,,,,,,,,,,,,,,,,
2110397,f712d0e1711f198b020e5276c384df35c48ef2ab8a48b294339bb62958e3a200a4f358df7a0b1d2f95b19668573c2eb2506c186083a0d9ded1bf224c3854f4f0,07/19/2025 09:15:00 PM,2,DRIVER,2,2011886,,BMW,OTHER (EXPLAIN IN NARRATIVE),IL,2020,NONE,PASSENGER,PERSONAL,E,STRAIGHT AHEAD,,,3,,,,,,,,,,Y,Y,,,,,,,REAR-LEFT-CORNER,,,,,,,,,,,,,,,,,,,,,,,,,,,,,,,,,
2110303,4c8c05ff7dbaa6727f428a755732d4e6f092e4ca6f55058cd105e661c046611ea1fb2b0e49343de66719548324d7f3d9a02d5fa2ce93f77550b3fef9ddc78551,07/19/2025 09:13:00 PM,1,DRIVER,,2011789,,VOLKSWAGEN,JETTA,IL,2016,UNKNOWN,PASSENGER,PERSONAL,NE,STRAIGHT AHEAD,,,1,,,,,Y,,,,,,,,,,Y,Y,,FRONT,,,,,,,,,,,,,,,,,,,,,,,,,,,,,,,,,
2110304,4c8c05ff7dbaa6727f428a755732d4e6f092e4ca6f55058cd105e661c046611ea1fb2b0e49343de66719548324d7f3d9a02d5fa2ce93f77550b3fef9ddc78551,07/19/2025 09:13:00 PM,2,DRIVER,,2011792,,TOYOTA,RAV4,IL,2023,UNKNOWN,SPORT UTILITY VEHICLE (SUV),PERSONAL,W,SLOW/STOP IN TRAFFIC,,,1,,,,,Y,,,,,,,Y,Y,Y,Y,Y,,SIDE-LEFT-FRONT,,,,,,,,,,,,,,,,,,,,,,,,,,,,,,,,,
2111481,1c077cb28798a91a90733ae65d002452f226148213ef68d2da8873868b590a7b9eb1e240ea648c6e2e17dac08b37305a5c52e713e8b04f9ac3a78f261d504f12,07/19/2025 09:00:00 PM,1,DRIVER,,2012886,,KIA,SELTOS,IL,2021,NONE,PASSENGER,PERSONAL,S,STRAIGHT AHEAD,,,1,,,,,,,,,,,,,,,,N,,FRONT,,,,,,,,,,,,,,,,,,,,,,,,,,,,,,,,,
2111482,1c077cb28798a91a90733ae65d002452f226148213ef68d2da8873868b590a7b9eb1e240ea648c6e2e17dac08b37305a5c52e713e8b04f9ac3a78f261d504f12,07/19/2025 09:00:00 PM,2,DRIVER,,2012916,,FORD,MUSTANG MACH-E,IL,2024,NONE,PASSENGER,PERSONAL,S,STRAIGHT AHEAD,,,1,,,,,,,,,Y,Y,Y,,,,,,,REAR,,,,,,,,,,,,,,,,,,,,,,,,,,,,,,,,,
2112049,58e3638e98918f3fd88ae33eaa64a0ce0b647287827048c867af48f794ee715484bff739cdb00bf4d251aa8cc3d1e0a17309fd6d2b963dee295dee5d2d859107,07/19/2025 09:00:00 PM,1,DRIVER,,2013434,,HYUNDAI,SONATA,IL,2023,UNKNOWN,PASSENGER,UNKNOWN/NA,N,STRAIGHT AHEAD,,,1,,,,,Y,,,,,,,,,,Y,Y,,FRONT,,,,,,,,,,,,,,,,,,,,,,,,,,,,,,,,,
2112050,58e3638e98918f3fd88ae33eaa64a0ce0b647287827048c867af48f794ee715484bff739cdb00bf4d251aa8cc3d1e0a17309fd6d2b963dee295dee5d2d859107,07/19/2025 09:00:00 PM,2,DRIVER,,2013440,,TESLA,MODEL Y,NB,2021,UNKNOWN,PASSENGER,PERSONAL,N,SLOW/STOP IN TRAFFIC,,,1,,,,,,,,,Y,Y,Y,,,,,,,REAR,,,,,,,,,,,,,,,,,,,,,,,,,,,,,,,,,
2112863,a7eaeee9e6e62d143b8a97cc783ff0e435ec894f3b752cd0a176b618a82a5263a3eef3b8b7198901ef1dac98b8ed10c68c3eb8df42b2aa675c46b088bf9818bc,07/19/2025 09:00:00 PM,1,DRIVER,,2014205,,UNKNOWN,MOTORIZED,IL,,UNKNOWN,UNKNOWN/NA,UNKNOWN/NA,UNKNOWN,UNKNOWN/NA,,,1,,,,,,,,,,,,,,,,,Y,UNKNOWN,,,,,,,,,,,,,,,,,,,,,,,,,,,,,,,,,
2112864,a7eaeee9e6e62d143b8a97cc783ff0e435ec894f3b752cd0a176b618a82a5263a3eef3b8b7198901ef1dac98b8ed10c68c3eb8df42b2aa675c46b088bf9818bc,07/19/2025 09:00:00 PM,2,PARKED,,2014208,,HONDA,CIVIC,IL,2019,NONE,PASSENGER,NOT IN USE,S,PARKED,,,0,,,,,,,,,,,,,Y,Y,Y,,,SIDE-LEFT-FRONT,,,,,,,,,,,,,,,,,,,,,,,,,,,,,,,,,
2117376,bf0fc6b084444734f0413edfdb84d3ac473b4221332b74b84c106e018d97789e194aededf63964e90912160f70972964abea865980ca8079eccddd72b000a077,07/19/2025 09:00:00 PM,1,DRIVER,,2018462,,UNKNOWN,OTHER (EXPLAIN IN NARRATIVE),IL,,NONE,UNKNOWN/NA,PERSONAL,W,UNKNOWN/NA,,,1,,,,,,,,,,,,,,,,,Y,UNKNOWN,,,,,,,,,,,,,,,,,,,,,,,,,,,,,,,,,
2117377,bf0fc6b084444734f0413edfdb84d3ac473b4221332b74b84c106e018d97789e194aededf63964e90912160f70972964abea865980ca8079eccddd72b000a077,07/19/2025 09:00:00 PM,2,PARKED,,2018461,,CHEVROLET,TRAX,IL,2017,NONE,SPORT UTILITY VEHICLE (SUV),PERSONAL,W,PARKED,Y,,0,,rello towing,,,,,,,,,Y,,,,,,,REAR-LEFT-CORNER,,,,,,,,,,,,,,,,,,,,,,,,,,,,,,,,,
2110299,da41fc5fc5de9c54c42e1b253b123590768c8ea9ed40fafe16510cda37f2d2ffe2109e2e155eea5924dd3eb9d239f789509596d2e16b082ff1328931ad8c5ff2,07/19/2025 09:00:00 PM,1,DRIVER,,2011785,,TOYOTA,TUNDRA,,,UNKNOWN,PICKUP,UNKNOWN/NA,S,PASSING/OVERTAKING,,,1,,,,,,,,,,,,,,,,,Y,UNKNOWN,,,,,,,,,,,,,,,,,,,,,,,,,,,,,,,,,
2110300,da41fc5fc5de9c54c42e1b253b123590768c8ea9ed40fafe16510cda37f2d2ffe2109e2e155eea5924dd3eb9d239f789509596d2e16b082ff1328931ad8c5ff2,07/19/2025 09:00:00 PM,2,DRIVER,,2011790,,NEW FLYER,OTHER (EXPLAIN IN NARRATIVE),IL,2007,NONE,BUS OVER 15 PASS.,CTA,S,STRAIGHT AHEAD,,,1,,,,,,,,,,,,,,,Y,,,SIDE-LEFT,,,,,,,,,,,,,,,,,,,,,,,,,,,,,,,,,
2110308,ed8d0b27c7ad8b0475914edb944f81617b617141768862ce7c50f12bab69ad829cf0de2195aaa3b0d4547396f7ab7bc2e189aa01d3681f614abb2a70d702b60d,07/19/2025 08:57:00 PM,1,DRIVER,1,2011800,,CHRYSLER,300,,2017,NONE,PASSENGER,PERSONAL,W,STRAIGHT AHEAD,N,,2,,,,,Y,,,,,,,,,,Y,Y,,FRONT,,,,,,,,,,,,,,,,,,,,,,,,,,,,,,,,,
2110309,ed8d0b27c7ad8b0475914edb944f81617b617141768862ce7c50f12bab69ad829cf0de2195aaa3b0d4547396f7ab7bc2e189aa01d3681f614abb2a70d702b60d,07/19/2025 08:57:00 PM,2,DRIVER,3,2011801,,CHEVROLET,TRAX,IL,2019,NONE,PASSENGER,PERSONAL,W,STRAIGHT AHEAD,,,4,,,,,Y,,,,Y,Y,Y,,,,Y,Y,,REAR,,,,,,,,,,,,,,,,,,,,,,,,,,,,,,,,,
2110310,ed8d0b27c7ad8b0475914edb944f81617b617141768862ce7c50f12bab69ad829cf0de2195aaa3b0d4547396f7ab7bc2e189aa01d3681f614abb2a70d702b60d,07/19/2025 08:57:00 PM,3,DRIVER,1,2011804,,CHEVROLET,IMPALA,IL,2025,NONE,PASSENGER,PERSONAL,W,STRAIGHT AHEAD,,,2,,,,,,,,,Y,Y,Y,,,,,,,REAR,,,,,,,,,,,,,,,,,,,,,,,,,,,,,,,,,
2110317,61842cb144574a77487fc6dcdedd6a59aed6903d6ce642d32fe5a11300fe59be49becab8d21af43bc6378bb91d4db19e90b1ea84209c6a1878876c2bf9d46f38,07/19/2025 08:55:00 PM,2,DRIVER,,2011808,,JEEP,COMPASS,IL,2019,NONE,PASSENGER,PERSONAL,W,STRAIGHT AHEAD,,,1,,,,,,,,,,,,Y,Y,Y,,,,SIDE-LEFT-FRONT,,,,,,,,,,,,,,,,,,,,,,,,,,,,,,,,,
2110318,61842cb144574a77487fc6dcdedd6a59aed6903d6ce642d32fe5a11300fe59be49becab8d21af43bc6378bb91d4db19e90b1ea84209c6a1878876c2bf9d46f38,07/19/2025 08:55:00 PM,1,DRIVER,,2011820,,TOYOTA,HIGHLANDER,IL,2023,NONE,PASSENGER,PERSONAL,W,TURNING RIGHT,,,1,,,,,Y,,Y,Y,Y,,,,,,Y,,,FRONT,,,,,,,,,,,,,,,,,,,,,,,,,,,,,,,,,
2110293,693dee6ac95fc86564f87abc2a9d11cbe045e075d69bb512839e01527a7ad1170d74c467a7b99efdc03c0182d0c63d84d1c6138ec2b8c9fc8803ee7c8da5258c,07/19/2025 08:53:00 PM,1,DRIVER,,2011779,,MAZDA,CX-3,IL,2016,NONE,PASSENGER,PERSONAL,E,STRAIGHT AHEAD,,,1,,,,,Y,Y,Y,Y,,,,,,,,,,SIDE-RIGHT,,,,,,,,,,,,,,,,,,,,,,,,,,,,,,,,,
2110294,693dee6ac95fc86564f87abc2a9d11cbe045e075d69bb512839e01527a7ad1170d74c467a7b99efdc03c0182d0c63d84d1c6138ec2b8c9fc8803ee7c8da5258c,07/19/2025 08:53:00 PM,2,DRIVER,,2011780,,AMTRAN CORPORATION (GENSIS BUSES),"AMTRAN CORP, GENSIS BUSES",IL,,NONE,BUS UP TO 15 PASS.,CTA,E,STRAIGHT AHEAD,,,1,,,,,,,,,,,,Y,Y,Y,,,,SIDE-LEFT,,,,,,,,,,,,,,,,,,,,,,,,,,,,,,,,,