CRASH_UNIT_ID,CRASH_RECORD_ID,CRASH_DATE,UNIT_NO,UNIT_TYPE,NUM_PASSENGERS,VEHICLE_ID,CMRC_VEH_I,MAKE,MODEL,LIC_PLATE_STATE,VEHICLE_YEAR,VEHICLE_DEFECT,VEHICLE_TYPE,VEHICLE_USE,TRAVEL_DIRECTION,MANEUVER,TOWED_I,FIRE_I,OCCUPANT_CNT,EXCEED_SPEED_LIMIT_I,TOWED_BY,TOWED_TO,AREA_00_I,AREA_01_I,AREA_02_I,AREA_03_I,AREA_04_I,AREA_05_I,AREA_06_I,AREA_07_I,AREA_08_I,AREA_09_I,AREA_10_I,AREA_11_I,AREA_12_I,AREA_99_I,FIRST_CONTACT_POINT,CMV_ID,USDOT_NO,CCMC_NO,ILCC_NO,COMMERCIAL_SRC,GVWR,CARRIER_NAME,CARRIER_STATE,CARRIER_CITY,HAZMAT_PLACARDS_I,HAZMAT_NAME,UN_NO,HAZMAT_PRESENT_I,HAZMAT_REPORT_I,HAZMAT_REPORT_NO,MCS_REPORT_I,MCS_REPORT_NO,HAZMAT_VIO_CAUSE_CRASH_I,MCS_VIO_CAUSE_CRASH_I,IDOT_PERMIT_NO,WIDE_LOAD_I,TRAILER1_WIDTH,TRAILER2_WIDTH,TRAILER1_LENGTH,TRAILER2_LENGTH,TOTAL_VEHICLE_LENGTH,AXLE_CNT,VEHICLE_CONFIG,CARGO_BODY_TYPE,LOAD_TYPE,HAZMAT_OUT_OF_SERVICE_I,MCS_OUT_OF_SERVICE_I,HAZMAT_CLASS
2110276,e03552712343b1c8f0c4eee478692d8b17ce74edea73b1475068ebc2388dbe9bd2f798af80dbef07e68d03a77af98dbc658cf3a8b39d609a3d88768662474f2e,07/19/2025 08:34:00 PM,1,DRIVER,,2011767,,TOYOTA,CAMRY,CA,2024,UNKNOWN,PASSENGER,PERSONAL,W,BACKING,,,1,,,,Y,,,,,,,,,,,,,,REAR,,,,,,,,,,,,,,,,,,,,,,,,,,,,,,,,,
2110277,e03552712343b1c8f0c4eee478692d8b17ce74edea73b1475068ebc2388dbe9bd2f798af80dbef07e68d03a77af98dbc658cf3a8b39d609a3d88768662474f2e,07/19/2025 08:34:00 PM,2,PARKED,,2011773,,GENERAL MOTORS CORPORATION (GMC),TERRAIN,IL,2013,UNKNOWN,PASSENGER,PERSONAL,W,PARKED,,,0,,,,Y,,,,,,,,,,,,,,FRONT,,,,,,,,,,,,,,,,,,,,,,,,,,,,,,,,,
2110305,18168267c917049c6698c61112d61424591e09449d98d40a5e03017ebe2557c0f76ce09805bd72a29628e5decedb3d4e7a8604c58b515380facdddba13a094e3,07/19/2025 08:29:00 PM,2,BICYCLE,,,,,,,,,,,,,,,,,,,,,,,,,,,,,,,,,,,,,,,,,,,,,,,,,,,,,,,,,,,,,,,,,,
2110306,18168267c917049c6698c61112d61424591e09449d98d40a5e03017ebe2557c0f76ce09805bd72a29628e5decedb3d4e7a8604c58b515380facdddba13a094e3,07/19/2025 08:29:00 PM,1,DRIVER,,2011794,,HONDA,ACCORD,IL,2013,NONE,PASSENGER,PERSONAL,W,STRAIGHT AHEAD,,,1,,,,,,,,,,,,,,N,Y,,,FRONT-LEFT-CORNER,,,,,,,,,,,,,,,,,,,,,,,,,,,,,,,,,
2110286,9409ea0a2e6ed92df0b64f8b82fe53e69cf1c6b2d52573cbe49bb208e8c49090569d20150350593159cbd3e35408e182be5081007401793a468827f610526bc3,07/19/2025 08:20:00 PM,1,DRIVER,,2011778,,CHEVROLET,SILVERADO,IL,2013,UNKNOWN,PICKUP,PERSONAL,E,AVOIDING VEHICLES/OBJECTS,Y,,1,,PRIVATE,,,Y,Y,,,,,,,,Y,Y,Y,,FRONT,,,,,,,,,,,,,,,,,,,,,,,,,,,,,,,,,
2110287,9409ea0a2e6ed92df0b64f8b82fe53e69cf1c6b2d52573cbe49bb208e8c49090569d20150350593159cbd3e35408e182be5081007401793a468827f610526bc3,07/19/2025 08:20:00 PM,2,PARKED,,2011781,,TOYOTA,COROLLA,IL,2007,UNKNOWN,PASSENGER,NOT IN USE,N,PARKED,,,0,,,,,,,Y,Y,Y,,,,,,,,,REAR-RIGHT-CORNER,,,,,,,,,,,,,,,,,,,,,,,,,,,,,,,,,
2110288,9409ea0a2e6ed92df0b64f8b82fe53e69cf1c6b2d52573cbe49bb208e8c49090569d20150350593159cbd3e35408e182be5081007401793a468827f610526bc3,07/19/2025 08:20:00 PM,3,PARKED,,2011782,,MERCEDES-BENZ,C300,IL,2011,UNKNOWN,PASSENGER,NOT IN USE,N,PARKED,,,0,,,,,,,,,N,Y,N,,,,,,,REAR,,,,,,,,,,,,,,,,,,,,,,,,,,,,,,,,,
2110282,cfaff8ac55e9b21c23e073561015c9e662296530fad1fc7fb111b33ecdd3811325338d47216fc069549fa21ece084dd9c438d60a3ae802a3ead759069a4e324e,07/19/2025 08:11:00 PM,1,DRIVER,,2011772,,CHEVROLET,SILVERADO,IL,2019,UNKNOWN,PASSENGER,PERSONAL,S,STRAIGHT AHEAD,,,1,,,,,,,,,,,,,,,Y,,,FRONT-LEFT-CORNER,,,,,,,,,,,,,,,,,,,,,,,,,,,,,,,,,
2110283,cfaff8ac55e9b21c23e073561015c9e662296530fad1fc7fb111b33ecdd3811325338d47216fc069549fa21ece084dd9c438d60a3ae802a3ead759069a4e324e,07/19/2025 08:11:00 PM,2,DRIVER,2,2011774,,HONDA,CR-V,IL,2022,UNKNOWN,PASSENGER,PERSONAL,S,TURNING LEFT,,,3,,,,,,,Y,Y,Y,,,,,,,,,REAR-RIGHT-CORNER,,,,,,,,,,,,,,,,,,,,,,,,,,,,,,,,,
2110702,8ffb9f89ccfce0c2e78437047e2f1b5300691c2ce30cf6788546aec7090d78d241a0259c6502f37c6f9273e8a15a087ceb92de83832e9446a90935feb95d395f,07/19/2025 08:10:00 PM,1,DRIVER,,2012161,,FORD,F150,IL,2021,UNKNOWN,PICKUP,UNKNOWN/NA,E,TURNING RIGHT,,,1,,,,,Y,,,,,,,,,,,Y,N,FRONT-RIGHT-CORNER,,,,,,,,,,,,,,,,,,,,,,,,,,,,,,,,,
2110703,8ffb9f89ccfce0c2e78437047e2f1b5300691c2ce30cf6788546aec7090d78d241a0259c6502f37c6f9273e8a15a087ceb92de83832e9446a90935feb95d395f,07/19/2025 08:10:00 PM,2,DRIVER,1,2012167,,BMW,OTHER (EXPLAIN IN NARRATIVE),IL,2014,UNKNOWN,PASSENGER,PERSONAL,E,STRAIGHT AHEAD,,,2,,,,,,,,,,,,Y,Y,,,,,SIDE-LEFT-REAR,,,,,,,,,,,,,,,,,,,,,,,,,,,,,,,,,
2110280,85ea8f091ad109447ee2e7e65f222df6c1b568b543edb6cdeff8f96ba6ba294561b4960f157a3ec1440855d4beb38b115dc51db821b61c39dc9f5cf9684243f9,07/19/2025 08:02:00 PM,2,DRIVER,,2011769,,LINCOLN,CONTINENTAL,IL,2017,NONE,PASSENGER,PERSONAL,N,SLOW/STOP IN TRAFFIC,,,1,,,,,,,,,,Y,,,,,,,,REAR,,,,,,,,,,,,,,,,,,,,,,,,,,,,,,,,,
2110281,85ea8f091ad109447ee2e7e65f222df6c1b568b543edb6cdeff8f96ba6ba294561b4960f157a3ec1440855d4beb38b115dc51db821b61c39dc9f5cf9684243f9,07/19/2025 08:02:00 PM,1,DRIVER,,2011777,,HONDA,HR-V,IL,2021,UNKNOWN,PASSENGER,PERSONAL,N,OTHER,,,1,,,,,,,,,,,,,,,,,,FRONT,,,,,,,,,,,,,,,,,,,,,,,,,,,,,,,,,
2111204,2bbfebb3c737a599815651d308daf4ca66028acc949c93d001c4a1e062c8cb8248fc69a9426b5fcbe0861ec17cdb44b06fa645d4edf1a5fa230ccdec6c14f801,07/19/2025 08:00:00 PM,1,DRIVER,,2012637,,UNKNOWN,OTHER (EXPLAIN IN NARRATIVE),,,UNKNOWN,UNKNOWN/NA,UNKNOWN/NA,UNKNOWN,UNKNOWN/NA,,,1,,,,,,,,,,,,,,,,,Y,UNKNOWN,,,,,,,,,,,,,,,,,,,,,,,,,,,,,,,,,
2111205,2bbfebb3c737a599815651d308daf4ca66028acc949c93d001c4a1e062c8cb8248fc69a9426b5fcbe0861ec17cdb44b06fa645d4edf1a5fa230ccdec6c14f801,07/19/2025 08:00:00 PM,2,PARKED,,2012633,,MAZDA,CX-5,IL,2016,NONE,SPORT UTILITY VEHICLE (SUV),PERSONAL,W,PARKED,,,0,,,,,Y,Y,Y,Y,Y,Y,Y,,Y,,Y,,,TOTAL (ALL AREAS),,,,,,,,,,,,,,,,,,,,,,,,,,,,,,,,,
2110734,4f7715ce9c249a282475c615d8c0bcc0a6fb8a8db838a70ab890071aa8a61c35c4dc2faa1d5c48e93ca654ce4c4cff587000db8ee570a4799dfecd6e685c24c9,07/19/2025 08:00:00 PM,1,DRIVER,,2012196,,UNKNOWN,MOTORIZED,IL,,UNKNOWN,UNKNOWN/NA,UNKNOWN/NA,E,UNKNOWN/NA,,,1,,,,,,,,,,,,,,,,,Y,UNKNOWN,,,,,,,,,,,,,,,,,,,,,,,,,,,,,,,,,
2110735,4f7715ce9c249a282475c615d8c0bcc0a6fb8a8db838a70ab890071aa8a61c35c4dc2faa1d5c48e93ca654ce4c4cff587000db8ee570a4799dfecd6e685c24c9,07/19/2025 08:00:00 PM,2,PARKED,,2012198,,CHRYSLER,TOWN & COUNTRY,IL,2008,UNKNOWN,VAN/MINI-VAN,CONSTRUCTION/MAINTENANCE,E,PARKED,,,0,,,,,,,,Y,Y,,,,,,,,,REAR-RIGHT-CORNER,,,,,,,,,,,,,,,,,,,,,,,,,,,,,,,,,
2110295,e97634f14d224d3d3d829679550ebedb6ae4317fe40be797305ae04a086279a494adea4d00ca309bf3b3591992ac0e33127968661273c9b1e5c09788c6ef18f9,07/19/2025 08:00:00 PM,1,DRIVER,,2011786,,TESLA,OTHER (EXPLAIN IN NARRATIVE),IL,2020,NONE,PASSENGER,PERSONAL,UNKNOWN,UNKNOWN/NA,,,1,,,,,,,,Y,Y,,,,,,,,,TOTAL (ALL AREAS),,,,,,,,,,,,,,,,,,,,,,,,,,,,,,,,,
2110296,e97634f14d224d3d3d829679550ebedb6ae4317fe40be797305ae04a086279a494adea4d00ca309bf3b3591992ac0e33127968661273c9b1e5c09788c6ef18f9,07/19/2025 08:00:00 PM,2,PARKED,,2011791,,SUBARU,OTHER (EXPLAIN IN NARRATIVE),IL,,UNKNOWN,PASSENGER,PERSONAL,UNKNOWN,PARKED,,,0,,,,,,,,,,,,,,Y,Y,,,FRONT-LEFT-CORNER,,,,,,,,,,,,,,,,,,,,,,,,,,,,,,,,,
2113771,acbfac7c18bf8c27cfc7d22816e40648f757673f0c5773fc714e5c5d7d1dff6a64103e53e9788eed68e47044453a8be03d5ab61c1feb5dd289e121af594113b8,07/19/2025 07:55:00 PM,1,DRIVER,,2015085,,FORD,EDGE,WI,,UNKNOWN,SPORT UTILITY VEHICLE (SUV),PERSONAL,W,STRAIGHT AHEAD,Y,,1,,streets and sanitation,pound 3,,Y,,,,,,,,,,,Y,,REAR-RIGHT-CORNER,,,,,,,,,,,,,,,,,,,,,,,,,,,,,,,,,
2113772,acbfac7c18bf8c27cfc7d22816e40648f757673f0c5773fc714e5c5d7d1dff6a64103e53e9788eed68e47044453a8be03d5ab61c1feb5dd289e121af594113b8,07/19/2025 07:55:00 PM,2,PARKED,,2015086,,CHEVROLET,EQUINOX,IL,2011,UNKNOWN,SPORT UTILITY VEHICLE (SUV),PERSONAL,UNKNOWN,PARKED,Y,,0,,private tow,,,,,,,,,,,Y,Y,Y,,,SIDE-LEFT,,,,,,,,,,,,,,,,,,,,,,,,,,,,,,,,,
2113773,acbfac7c18bf8c27cfc7d22816e40648f757673f0c5773fc714e5c5d7d1dff6a64103e53e9788eed68e47044453a8be03d5ab61c1feb5dd289e121af594113b8,07/19/2025 07:55:00 PM,3,PARKED,,2015087,,HARLEY-DAVIDSON,OTHER (EXPLAIN IN NARRATIVE),IL,2015,UNKNOWN,MOTORCYCLE (OVER 150CC),PERSONAL,UNKNOWN,PARKED,,,0,,,,,,,,,,,Y,Y,Y,Y,,,,SIDE-LEFT,,,,,,,,,,,,,,,,,,,,,,,,,,,,,,,,,
2113774,acbfac7c18bf8c27cfc7d22816e40648f757673f0c5773fc714e5c5d7d1dff6a64103e53e9788eed68e47044453a8be03d5ab61c1feb5dd289e121af594113b8,07/19/2025 07:55:00 PM,4,PARKED,,2015088,,FIAT,OTHER (EXPLAIN IN NARRATIVE),IL,2012,UNKNOWN,PASSENGER,PERSONAL,UNKNOWN,PARKED,Y,,0,,private tow,,,,,,,Y,Y,Y,,,,,,,REAR,,,,,,,,,,,,,,,,,,,,,,,,,,,,,,,,,
2110658,18625df67eae19d0c67776f8594b1180845aff048c97f820a7daef358b89701899e89af90bd480bab7c810576f5220422d163d39da54478e8661ffeb83edfc3d,07/19/2025 07:45:00 PM,1,DRIVER,,2012116,,UNKNOWN,OTHER (EXPLAIN IN NARRATIVE),,,UNKNOWN,SPORT UTILITY VEHICLE (SUV),UNKNOWN/NA,S,STRAIGHT AHEAD,,,1,,,,,,,,,,,,,,,,,Y,UNKNOWN,,,,,,,,,,,,,,,,,,,,,,,,,,,,,,,,,
2110659,18625df67eae19d0c67776f8594b1180845aff048c97f820a7daef358b89701899e89af90bd480bab7c810576f5220422d163d39da54478e8661ffeb83edfc3d,07/19/2025 07:45:00 PM,2,DRIVER,2,2012128,,MITSUBISHI,OUTLANDER,IL,2023,UNKNOWN,SPORT UTILITY VEHICLE (SUV),RIDESHARE SERVICE,S,STRAIGHT AHEAD,,,3,,,,,,,,,,Y,,,,,,,,REAR,,,,,,,,,,,,,,,,,,,,,,,,,,,,,,,,,
2110263,c9e302bccb8986772822ca00ca5520632242cdb23a9ef6cf21c94f61e754c078e51ed2100299b12f166887029b266e9154fdcb84c21689fe5f0c0d349c6a1181,07/19/2025 07:43:00 PM,1,DRIVER,,2011750,,JEEP,CHEROKEE,IL,2019,NONE,SPORT UTILITY VEHICLE (SUV),PERSONAL,E,STRAIGHT AHEAD,,,1,,,,,,,,,,,,,,,,Y,,FRONT,,,,,,,,,,,,,,,,,,,,,,,,,,,,,,,,,
2110264,c9e302bccb8986772822ca00ca5520632242cdb23a9ef6cf21c94f61e754c078e51ed2100299b12f166887029b266e9154fdcb84c21689fe5f0c0d349c6a1181,07/19/2025 07:43:00 PM,2,DRIVER,1,2011761,,CHRYSLER,PACIFICA,IL,2023,NONE,VAN/MINI-VAN,PERSONAL,E,STRAIGHT AHEAD,,,2,,,,,,,,,,Y,,,,,,,,REAR,,,,,,,,,,,,,,,,,,,,,,,,,,,,,,,,,
2110278,bb8f20a07b665c8e903acb06dbc192cfbdce162daeb32655494e43addbea834e84f532f3e1f2d1e1139d91535974241360061cd79981a140af2ac389a52094ac,07/19/2025 07:37:00 PM,1,DRIVER,,2011768,,TOYOTA,COROLLA,IL,2021,UNKNOWN,PASSENGER,PERSONAL,E,STRAIGHT AHEAD,Y,,1,,CITY OF CHICAGO,POUND 6,,Y,,,,,,,,,,Y,Y,,FRONT,,,,,,,,,,,,,,,,,,,,,,,,,,,,,,,,,
2110279,bb8f20a07b665c8e903acb06dbc192cfbdce162daeb32655494e43addbea834e84f532f3e1f2d1e1139d91535974241360061cd79981a140af2ac389a52094ac,07/19/2025 07:37:00 PM,2,DRIVER,,2011770,,VOLKSWAGEN,VARIANT,IL,2024,NONE,PASSENGER,PERSONAL,N,STRAIGHT AHEAD,Y,,1,,,,,,,,,,,,,,,,,,TOTAL (ALL AREAS),,,,,,,,,,,,,,,,,,,,,,,,,,,,,,,,,
2110267,beeb9cab3c99d0e3440d06ca2c52bf65b176d3d7e81c6fdc67bf983d233fd0cb7d409962de483c6e85190ecbbc8f20789a68d977bfcabba8679e0d66aa508341,07/19/2025 07:37:00 PM,1,DRIVER,,2011753,,HONDA,ACCORD,MI,2010,UNKNOWN,PASSENGER,PERSONAL,E,OTHER,Y,,1,,UNKNOWN,UNKNOWN,,Y,Y,Y,,,,,,Y,Y,Y,Y,,FRONT,,,,,,,,,,,,,,,,,,,,,,,,,,,,,,,,,
2110268,beeb9cab3c99d0e3440d06ca2c52bf65b176d3d7e81c6fdc67bf983d233fd0cb7d409962de483c6e85190ecbbc8f20789a68d977bfcabba8679e0d66aa508341,07/19/2025 07:37:00 PM,2,PARKED,,2011760,,TOYOTA,4RUNNER,MO,2021,NONE,SPORT UTILITY VEHICLE (SUV),UNKNOWN/NA,E,PARKED,,,0,,,,,Y,,,,Y,Y,Y,,,,Y,Y,,REAR,,,,,,,,,,,,,,,,,,,,,,,,,,,,,,,,,
2110269,beeb9cab3c99d0e3440d06ca2c52bf65b176d3d7e81c6fdc67bf983d233fd0cb7d409962de483c6e85190ecbbc8f20789a68d977bfcabba8679e0d66aa508341,07/19/2025 07:37:00 PM,3,PARKED,,2011763,,HONDA,CIVIC,IL,2020,UNKNOWN,PASSENGER,UNKNOWN/NA,E,PARKED,,,0,,,,,Y,,,Y,Y,Y,Y,,,Y,Y,Y,,REAR,,,,,,,,,,,,,,,,,,,,,,,,,,,,,,,,,
2110270,beeb9cab3c99d0e3440d06ca2c52bf65b176d3d7e81c6fdc67bf983d233fd0cb7d409962de483c6e85190ecbbc8f20789a68d977bfcabba8679e0d66aa508341,07/19/2025 07:37:00 PM,4,PARKED,,2011764,,TOYOTA,CAMRY,IL,2007,UNKNOWN,PASSENGER,UNKNOWN/NA,E,PARKED,,,0,,,,,,,,Y,Y,Y,Y,Y,,,,,,REAR,,,,,,,,,,,,,,,,,,,,,,,,,,,,,,,,,
2110272,c99b4492cb6167a1574b628444911d0624121c8321091d98d7b8346b9d18271ef5d2cfb51f3b2fd108a54270db4d6efe71681609764818ffeb84bc926c86681e,07/19/2025 07:26:00 PM,1,DRIVER,,2011752,,UNKNOWN,OTHER (EXPLAIN IN NARRATIVE),IL,,UNKNOWN,VAN/MINI-VAN,UNKNOWN/NA,W,OTHER,,,1,,,,,Y,Y,Y,Y,Y,,,,,,,,,FRONT-RIGHT-CORNER,,,,,,,,,,,,,,,,,,,,,,,,,,,,,,,,,
2110273,c99b4492cb6167a1574b628444911d0624121c8321091d98d7b8346b9d18271ef5d2cfb51f3b2fd108a54270db4d6efe71681609764818ffeb84bc926c86681e,07/19/2025 07:26:00 PM,2,PARKED,,2011755,,HONDA,ACCORD,IL,2020,UNKNOWN,PASSENGER,PERSONAL,W,PARKED,,,0,,,,,,,,,,,Y,Y,Y,Y,Y,,,SIDE-LEFT-REAR,,,,,,,,,,,,,,,,,,,,,,,,,,,,,,,,,
2110240,65f4d78db74dbed6a1fc0100309e73b34d055b58a5b94dc62b85f1d29939c47ff3a920fb0af1bd5d5c5da607c0fe5fd3ec2e41111ca7bf450c9a71932f3fc002,07/19/2025 07:25:00 PM,1,DRIVER,,2011728,,FORD,F150,IL,2016,UNKNOWN,PICKUP,PERSONAL,W,STRAIGHT AHEAD,,,1,,,,,,,,,,,,,,,,,Y,FRONT,,,,,,,,,,,,,,,,,,,,,,,,,,,,,,,,,
2110241,65f4d78db74dbed6a1fc0100309e73b34d055b58a5b94dc62b85f1d29939c47ff3a920fb0af1bd5d5c5da607c0fe5fd3ec2e41111ca7bf450c9a71932f3fc002,07/19/2025 07:25:00 PM,2,DRIVER,,2011736,,TOYOTA,HIGHLANDER,IL,2025,NONE,PASSENGER,PERSONAL,W,SLOW/STOP IN TRAFFIC,,,1,,,,,,,,,Y,Y,Y,,,,,,,REAR,,,,,,,,,,,,,,,,,,,,,,,,,,,,,,,,,
2110274,b7cae2b056d467577a3cd12f1390467e30603392f65673b2976b8913108026fc2050035705b0c53ef67201018edde8a161bb904911ac15bec02a7fffe3a777de,07/19/2025 07:23:00 PM,1,DRIVER,1,2011762,,NISSAN,ROGUE,IL,2014,NONE,PASSENGER,PERSONAL,S,STRAIGHT AHEAD,,,2,,,,,Y,,,,,,,,,,Y,Y,,FRONT,,,,,,,,,,,,,,,,,,,,,,,,,,,,,,,,,
2110275,b7cae2b056d467577a3cd12f1390467e30603392f65673b2976b8913108026fc2050035705b0c53ef67201018edde8a161bb904911ac15bec02a7fffe3a777de,07/19/2025 07:23:00 PM,2,DRIVER,,2011765,,FORD,ESCAPE,IL,2014,UNKNOWN,UNKNOWN/NA,PERSONAL,N,STRAIGHT AHEAD,,,1,,,,,,,,,Y,Y,Y,,,,,,,REAR,,,,,,,,,,,,,,,,,,,,,,,,,,,,,,,,,
2110261,4ce255132977e86aa4d7d422e9d0c15c248acd03eb85fd2c71a29702a50b4052fa0f02f119152bb873faa84b00845818df1831e4f04b407c676777a7f553d4cf,07/19/2025 07:15:00 PM,1,DRIVER,,2011766,,FREIGHTLINER CORPORATION,OTHER (EXPLAIN IN NARRATIVE),IL,2011,UNKNOWN,BUS OVER 15 PASS.,OTHER,S,STRAIGHT AHEAD,,,1,,,,,,,,Y,Y,,,,,,,,,REAR-RIGHT-CORNER,,,,,,,,,,,,,,,,,,,,,,,,,,,,,,,,,
2110262,4ce255132977e86aa4d7d422e9d0c15c248acd03eb85fd2c71a29702a50b4052fa0f02f119152bb873faa84b00845818df1831e4f04b407c676777a7f553d4cf,07/19/2025 07:15:00 PM,2,PARKED,,2011756,,CHEVROLET,SUBURBAN,IL,2025,UNKNOWN,PASSENGER,PERSONAL,S,PARKED,Y,,0,,HERTZ INSURANCE,,,,,,,,,,,,Y,Y,,,FRONT-LEFT-CORNER,,,,,,,,,,,,,,,,,,,,,,,,,,,,,,,,,
2110265,dd4ca5e1dbd5c95b8f2eb380c45b1c25a7b6e31eb08000f1162315f3b598598b1fb823d91fd04f7bbd20da3d9afe705739787133cba9e26e124f7e18630b51de,07/19/2025 07:09:00 PM,1,BICYCLE,,,,,,,,,,,,,,,,,,,,,,,,,,,,,,,,,,,,,,,,,,,,,,,,,,,,,,,,,,,,,,,,,,
2110266,dd4ca5e1dbd5c95b8f2eb380c45b1c25a7b6e31eb08000f1162315f3b598598b1fb823d91fd04f7bbd20da3d9afe705739787133cba9e26e124f7e18630b51de,07/19/2025 07:09:00 PM,2,DRIVER,,2011758,,FORD,FUSION,IL,2018,UNKNOWN,PASSENGER,PERSONAL,S,STRAIGHT AHEAD,,,1,,,,,,,,,,Y,,,,,,,,REAR,,,,,,,,,,,,,,,,,,,,,,,,,,,,,,,,,
2110271,367ef7c8c3814f53c6ddf3dc2a21513d96f0db8cccfc36d55bce1992b714d56e94582c52578ce45694d8a5542ccb16e2ec9ac6fc26ed843f967dfc686bb7c236,07/19/2025 07:05:00 PM,1,DRIVER,1,2011759,,MITSUBISHI,OUTLANDER,IL,2022,OTHER,SPORT UTILITY VEHICLE (SUV),PERSONAL,UNKNOWN,LEAVING TRAFFIC LANE TO PARK,,,2,,,,,Y,,,,,,,,,Y,Y,Y,,FRONT-LEFT-CORNER,,,,,,,,,,,,,,,,,,,,,,,,,,,,,,,,,
2110547,70d2794c281a5ed5c28f4e4bbb70e03b83c845eef33d831c2741deafcebf1c1328add3dd25aeb7efcf0b369130eab8fc63169749e8c1a99622317ec5daac9c52,07/19/2025 07:00:00 PM,1,DRIVER,,2012021,,BMW,OTHER (EXPLAIN IN NARRATIVE),NJ,2016,UNKNOWN,PASSENGER,PERSONAL,W,STRAIGHT AHEAD,,,1,,,,,,,,,,,,,,,Y,,,FRONT-LEFT-CORNER,,,,,,,,,,,,,,,,,,,,,,,,,,,,,,,,,
2110548,70d2794c281a5ed5c28f4e4bbb70e03b83c845eef33d831c2741deafcebf1c1328add3dd25aeb7efcf0b369130eab8fc63169749e8c1a99622317ec5daac9c52,07/19/2025 07:00:00 PM,2,DRIVER,2,2012009,,LINCOLN,MKZ,OH,2019,NONE,PASSENGER,PERSONAL,W,SLOW/STOP IN TRAFFIC,,,3,,,,,,,,Y,Y,,,,,,,,,SIDE-RIGHT-REAR,,,,,,,,,,,,,,,,,,,,,,,,,,,,,,,,,
2110225,7f701638a496c5cd310afbbd753323d5c5a8a0a2e911b320a1c05c507045d46bc26a23cd7512fec2fc0ffa7248ebc2cc26d40921d9bb3cd2fbc4026d77873f33,07/19/2025 07:00:00 PM,1,DRIVER,,2011710,,KIA,SORENTO,IL,2016,UNKNOWN,PASSENGER,PERSONAL,S,STRAIGHT AHEAD,Y,,1,,UNKNOWN,103 DOTY AUTO POUND 2,,Y,Y,,,,,,,,,,Y,,FRONT-RIGHT-CORNER,,,,,,,,,,,,,,,,,,,,,,,,,,,,,,,,,
2110226,7f701638a496c5cd310afbbd753323d5c5a8a0a2e911b320a1c05c507045d46bc26a23cd7512fec2fc0ffa7248ebc2cc26d40921d9bb3cd2fbc4026d77873f33,07/19/2025 07:00:00 PM,2,PARKED,,2011713,,TOYOTA,CAMRY,IL,2006,NONE,PASSENGER,NOT IN USE,N,PARKED,,,0,,,,,Y,Y,Y,Y,,,,,,,,,,SIDE-RIGHT,,,,,,,,,,,,,,,,,,,,,,,,,,,,,,,,,
2110227,7f701638a496c5cd310afbbd753323d5c5a8a0a2e911b320a1c05c507045d46bc26a23cd7512fec2fc0ffa7248ebc2cc26d40921d9bb3cd2fbc4026d77873f33,07/19/2025 07:00:00 PM,3,PARKED,,2011719,,INFINITI,QX30,IL,2009,NONE,PASSENGER,NOT IN USE,N,PARKED,,,0,,,,,Y,Y,,,,,,,,,,,,FRONT-RIGHT-CORNER,,,,,,,,,,,,,,,,,,,,,,,,,,,,,,,,,
2110575,e70a8fe460aa283c185828d7aaf0c8937a7e354d91e5d61a2e685d59df20cf41dd869a1dc49b57af20c0fad3348613bcec710a541c9486a6b4d1cf696c88d098,07/19/2025 07:00:00 PM,1,DRIVER,,2012034,,UNKNOWN,MOTORIZED,XX,,UNKNOWN,UNKNOWN/NA,UNKNOWN/NA,UNKNOWN,UNKNOWN/NA,,,1,,,,,N,,,,,,,,,,Y,,,FRONT-LEFT-CORNER,,,,,,,,,,,,,,,,,,,,,,,,,,,,,,,,,
2110576,e70a8fe460aa283c185828d7aaf0c8937a7e354d91e5d61a2e685d59df20cf41dd869a1dc49b57af20c0fad3348613bcec710a541c9486a6b4d1cf696c88d098,07/19/2025 07:00:00 PM,2,PARKED,,2012037,,FORD,EXPLORER,FL,2023,NONE,SPORT UTILITY VEHICLE (SUV),NOT IN USE,S,PARKED,,,0,,,,,,,,Y,,,,,,,,,,SIDE-RIGHT,,,,,,,,,,,,,,,,,,,,,,,,,,,,,,,,,
2111990,882e76d268f646d0f9f558d02e6b4df7bb118d9ff60cf854bc43fb1c20ede289a31daf398234bb07e6e237bec3c510a45504456613094599eb29b9f102a6e9a6,07/19/2025 06:55:00 PM,1,DRIVER,2,2013367,,ALFA ROMEO,STELVIO,IL,2018,UNKNOWN,PASSENGER,UNKNOWN/NA,E,TURNING LEFT,,,3,,,,,Y,Y,,,,,,,,,Y,Y,,FRONT-RIGHT-CORNER,,,,,,,,,,,,,,,,,,,,,,,,,,,,,,,,,
2111991,882e76d268f646d0f9f558d02e6b4df7bb118d9ff60cf854bc43fb1c20ede289a31daf398234bb07e6e237bec3c510a45504456613094599eb29b9f102a6e9a6,07/19/2025 06:55:00 PM,2,DRIVER,,2013368,,CHEVROLET,IMPALA,IL,2008,UNKNOWN,PASSENGER,UNKNOWN/NA,W,STRAIGHT AHEAD,,,1,,,,,Y,Y,,,,,,,,Y,Y,Y,,FRONT,,,,,,,,,,,,,,,,,,,,,,,,,,,,,,,,,
2110223,61e82d6fb70221099243382de572efd73bc9434ade264424f7fe3e18fe3bea11f4a45c5367801cd3ed87cbc88c16638b821f1201740d629428d4dc120915d16b,07/19/2025 06:50:00 PM,1,DRIVER,,2011715,,NISSAN,MURANO,IL,2019,NONE,PASSENGER,PERSONAL,W,STRAIGHT AHEAD,,,1,,,,,,,,,,,,,,,,Y,,FRONT,,,,,,,,,,,,,,,,,,,,,,,,,,,,,,,,,