CRASH_UNIT_ID,CRASH_RECORD_ID,CRASH_DATE,UNIT_NO,UNIT_TYPE,NUM_PASSENGERS,VEHICLE_ID,CMRC_VEH_I,MAKE,MODEL,LIC_PLATE_STATE,VEHICLE_YEAR,VEHICLE_DEFECT,VEHICLE_TYPE,VEHICLE_USE,TRAVEL_DIRECTION,MANEUVER,TOWED_I,FIRE_I,OCCUPANT_CNT,EXCEED_SPEED_LIMIT_I,TOWED_BY,TOWED_TO,AREA_00_I,AREA_01_I,AREA_02_I,AREA_03_I,AREA_04_I,AREA_05_I,AREA_06_I,AREA_07_I,AREA_08_I,AREA_09_I,AREA_10_I,AREA_11_I,AREA_12_I,AREA_99_I,FIRST_CONTACT_POINT,CMV_ID,USDOT_NO,CCMC_NO,ILCC_NO,COMMERCIAL_SRC,GVWR,CARRIER_NAME,CARRIER_STATE,CARRIER_CITY,HAZMAT_PLACARDS_I,HAZMAT_NAME,UN_NO,HAZMAT_PRESENT_I,HAZMAT_REPORT_I,HAZMAT_REPORT_NO,MCS_REPORT_I,MCS_REPORT_NO,HAZMAT_VIO_CAUSE_CRASH_I,MCS_VIO_CAUSE_CRASH_I,IDOT_PERMIT_NO,WIDE_LOAD_I,TRAILER1_WIDTH,TRAILER2_WIDTH,TRAILER1_LENGTH,TRAILER2_LENGTH,TOTAL_VEHICLE_LENGTH,AXLE_CNT,VEHICLE_CONFIG,CARGO_BODY_TYPE,LOAD_TYPE,HAZMAT_OUT_OF_SERVICE_I,MCS_OUT_OF_SERVICE_I,HAZMAT_CLASS
2110224,61e82d6fb70221099243382de572efd73bc9434ade264424f7fe3e18fe3bea11f4a45c5367801cd3ed87cbc88c16638b821f1201740d629428d4dc120915d16b,07/19/2025 06:50:00 PM,2,DRIVER,,2011724,,LEXUS,ES300,IL,2015,NONE,PASSENGER,PERSONAL,W,STRAIGHT AHEAD,,,1,,,,,,,,,,Y,,,,,,,,REAR,,,,,,,,,,,,,,,,,,,,,,,,,,,,,,,,,
2110207,f0aab0b73d2f573025a8750bb8fe56e9d346ad1a963dc265708b95e0db7c67b3ac02621c20e8285f7a744565fba3a30a65036dce17543c84217a9689a6007049,07/19/2025 06:45:00 PM,1,DRIVER,,2011697,,HONDA,CR-V,IL,2021,NONE,PASSENGER,PERSONAL,S,STRAIGHT AHEAD,,,1,,,,,,Y,Y,,,,,,,,,,,SIDE-RIGHT,,,,,,,,,,,,,,,,,,,,,,,,,,,,,,,,,
2110208,f0aab0b73d2f573025a8750bb8fe56e9d346ad1a963dc265708b95e0db7c67b3ac02621c20e8285f7a744565fba3a30a65036dce17543c84217a9689a6007049,07/19/2025 06:45:00 PM,2,PARKED,,2011702,,FORD,FOCUS,IN,2010,UNKNOWN,PASSENGER,UNKNOWN/NA,S,PARKED,,,0,,,,,,,,,,,,Y,Y,Y,,,,SIDE-LEFT,,,,,,,,,,,,,,,,,,,,,,,,,,,,,,,,,
2112880,ecfbe74d44b8632964713dfbbf02e4c0f1d4064bebe7c8807500b03226c3771ae32279fd4cf756c9036ba8df83a6a55726a1f3e65ca2c6e61c1e261b4e7abe69,07/19/2025 06:40:00 PM,1,DRIVER,,2014223,,TOYOTA,AVALON,IL,2001,UNKNOWN,PASSENGER,UNKNOWN/NA,N,CHANGING LANES,,,1,,,,,,,,,,,,,,Y,Y,,,SIDE-LEFT,,,,,,,,,,,,,,,,,,,,,,,,,,,,,,,,,
2112881,ecfbe74d44b8632964713dfbbf02e4c0f1d4064bebe7c8807500b03226c3771ae32279fd4cf756c9036ba8df83a6a55726a1f3e65ca2c6e61c1e261b4e7abe69,07/19/2025 06:40:00 PM,2,DRIVER,,2014230,,TOYOTA,CAMRY,IL,2018,UNKNOWN,PASSENGER,PERSONAL,N,STRAIGHT AHEAD,,,1,,,,,,Y,Y,,,,,,,,,,,SIDE-RIGHT,,,,,,,,,,,,,,,,,,,,,,,,,,,,,,,,,
2110236,94b1809b22cd9db695d2e8cc69a29fe287e57bf259d13b2d113be01af568a5c84db4d04eb0f4cfb23d351394b2d953298b22f1f3165374505f18cbd779771f81,07/19/2025 06:38:00 PM,1,DRIVER,,2011725,,CHEVROLET,TRAX,IL,2025,NONE,SPORT UTILITY VEHICLE (SUV),PERSONAL,S,MERGING,,,1,,,,,,,,,,,,,,,Y,Y,,FRONT-LEFT-CORNER,,,,,,,,,,,,,,,,,,,,,,,,,,,,,,,,,
2110237,94b1809b22cd9db695d2e8cc69a29fe287e57bf259d13b2d113be01af568a5c84db4d04eb0f4cfb23d351394b2d953298b22f1f3165374505f18cbd779771f81,07/19/2025 06:38:00 PM,2,DRIVER,2,2011731,,BUICK,ENCORE,IL,2022,NONE,SPORT UTILITY VEHICLE (SUV),PERSONAL,W,STRAIGHT AHEAD,,,3,,,,,Y,,,,,,,,,,,Y,,FRONT-RIGHT-CORNER,,,,,,,,,,,,,,,,,,,,,,,,,,,,,,,,,
2110228,5bbefcdb88ee9bc7a6c2f933200deda4a67f44cbaadb8c6a090d983a1c6a6e190a27a1e3410f1c66053b9a4a29f6f4a250b7dc1bc63591b05ff1725f72ee06c7,07/19/2025 06:36:00 PM,1,DRIVER,,2011714,,GENERAL MOTORS CORPORATION (GMC),ENVOY,IL,2004,NONE,SPORT UTILITY VEHICLE (SUV),PERSONAL,N,STRAIGHT AHEAD,,,1,,,,,,,,,,,,,Y,Y,,,,SIDE-LEFT-FRONT,,,,,,,,,,,,,,,,,,,,,,,,,,,,,,,,,
2110229,5bbefcdb88ee9bc7a6c2f933200deda4a67f44cbaadb8c6a090d983a1c6a6e190a27a1e3410f1c66053b9a4a29f6f4a250b7dc1bc63591b05ff1725f72ee06c7,07/19/2025 06:36:00 PM,2,DRIVER,,2011721,,TOYOTA,RAV4,IL,2021,NONE,SPORT UTILITY VEHICLE (SUV),PERSONAL,E,TURNING LEFT,,,1,,,,,Y,Y,,,,,,,,,,Y,,FRONT-RIGHT-CORNER,,,,,,,,,,,,,,,,,,,,,,,,,,,,,,,,,
2110230,0b6f52ff2438c9223ff5926d8bd3955b490dab838e06edd1fbbbda39851a635a99fb1e288e693fdd7f599391fdaa50d7bc05a4694174d8bbd0867bfc389f9f8f,07/19/2025 06:30:00 PM,1,DRIVER,,2011717,,JEEP,CHEROKEE,,2019,UNKNOWN,PASSENGER,UNKNOWN/NA,N,STRAIGHT AHEAD,,,1,,,,,,,,,,,,,,,,Y,,FRONT,,,,,,,,,,,,,,,,,,,,,,,,,,,,,,,,,
2110231,0b6f52ff2438c9223ff5926d8bd3955b490dab838e06edd1fbbbda39851a635a99fb1e288e693fdd7f599391fdaa50d7bc05a4694174d8bbd0867bfc389f9f8f,07/19/2025 06:30:00 PM,2,DRIVER,,2011727,,CHEVROLET,TRAX,IL,2017,UNKNOWN,PASSENGER,UNKNOWN/NA,N,STRAIGHT AHEAD,,,1,,,,,,,,,,,,,,,,,,REAR,,,,,,,,,,,,,,,,,,,,,,,,,,,,,,,,,
2110232,0b6f52ff2438c9223ff5926d8bd3955b490dab838e06edd1fbbbda39851a635a99fb1e288e693fdd7f599391fdaa50d7bc05a4694174d8bbd0867bfc389f9f8f,07/19/2025 06:30:00 PM,3,DRIVER,,2011732,,HYUNDAI,KONA,IL,2020,UNKNOWN,PASSENGER,UNKNOWN/NA,N,STRAIGHT AHEAD,,,1,,,,,,,,,,Y,,,,,,,,REAR,,,,,,,,,,,,,,,,,,,,,,,,,,,,,,,,,
2110248,1fcf3724dd5c6ca44032ebc0e00912c80263a62543ba05a252b5cc9c068fb6078f7cd9ee90c531dc1db3f3d154e024ca7c1cf166b4bd051077d724fca9b89fd1,07/19/2025 06:30:00 PM,1,DRIVER,,2011740,,DODGE,JOURNEY,IL,2020,UNKNOWN,PASSENGER,PERSONAL,W,STRAIGHT AHEAD,N,,1,,,,N,Y,Y,Y,Y,,,,,,,,,Y,SIDE-RIGHT,,,,,,,,,,,,,,,,,,,,,,,,,,,,,,,,,
2110249,1fcf3724dd5c6ca44032ebc0e00912c80263a62543ba05a252b5cc9c068fb6078f7cd9ee90c531dc1db3f3d154e024ca7c1cf166b4bd051077d724fca9b89fd1,07/19/2025 06:30:00 PM,2,DRIVER,,2011747,,NEW FLYER,DE60LFR,IL,2012,NONE,BUS OVER 15 PASS.,CTA,S,STRAIGHT AHEAD,,,1,,,,Y,Y,,,,,,,,,,Y,Y,,FRONT,,,,,,,,,,,,,,,,,,,,,,,,,,,,,,,,,
2110211,a418c99537f6e4caf8dfad719b1265662e00e3b766709ac1965a698e5352158dc19fb6f851ff6c4531b72e5b91ac11db19943ba322e903d7c786543dca58cc71,07/19/2025 06:30:00 PM,1,DRIVER,,2011703,,TOYOTA,PRIUS,IL,2013,UNKNOWN,PASSENGER,PERSONAL,UNKNOWN,CHANGING LANES,,,1,,,,,,Y,Y,,,,,,,,,,,SIDE-RIGHT,,,,,,,,,,,,,,,,,,,,,,,,,,,,,,,,,
2110212,a418c99537f6e4caf8dfad719b1265662e00e3b766709ac1965a698e5352158dc19fb6f851ff6c4531b72e5b91ac11db19943ba322e903d7c786543dca58cc71,07/19/2025 06:30:00 PM,2,DRIVER,,2011711,,TESLA,MODEL 3,IL,2018,UNKNOWN,PASSENGER,PERSONAL,UNKNOWN,STRAIGHT AHEAD,,,1,,,,,,,,,,,Y,Y,,,,,,SIDE-LEFT-REAR,,,,,,,,,,,,,,,,,,,,,,,,,,,,,,,,,
2110213,b2764e664f4fe8c815685a2fe0c57dc49695f099c53e15d305a7ccd05b7493d05a32ffda52dc3e06a644a3d027875c8e8d024d72583bc961c0fda9932703551e,07/19/2025 06:29:00 PM,1,DRIVER,1,2011708,,FORD,EXPLORER,IL,2018,NONE,PASSENGER,PERSONAL,N,STRAIGHT AHEAD,,,2,,,,,Y,,,,,,,,,,,,,FRONT-RIGHT-CORNER,,,,,,,,,,,,,,,,,,,,,,,,,,,,,,,,,
2110214,b2764e664f4fe8c815685a2fe0c57dc49695f099c53e15d305a7ccd05b7493d05a32ffda52dc3e06a644a3d027875c8e8d024d72583bc961c0fda9932703551e,07/19/2025 06:29:00 PM,2,DRIVER,,2011718,,UNKNOWN,MOTORIZED,IL,2017,NONE,PASSENGER,PERSONAL,W,STRAIGHT AHEAD,,,1,,,,,,,,,,,,,,,,,,TOTAL (ALL AREAS),,,,,,,,,,,,,,,,,,,,,,,,,,,,,,,,,
2110418,e11dc75cdf4e9164f8b7ab9cdac0aee570d357bad5c8bf26f231e5521a80f08539f3075e1e3cedd62be9b6771115cc8cd169333e599087705a89366095085504,07/19/2025 06:21:00 PM,1,DRIVER,1,2011906,,DODGE,CHARGER,IL,2008,UNKNOWN,PASSENGER,PERSONAL,S,STRAIGHT AHEAD,,,2,,,,,,,,,,,,,,,,Y,,FRONT,,,,,,,,,,,,,,,,,,,,,,,,,,,,,,,,,
2110419,e11dc75cdf4e9164f8b7ab9cdac0aee570d357bad5c8bf26f231e5521a80f08539f3075e1e3cedd62be9b6771115cc8cd169333e599087705a89366095085504,07/19/2025 06:21:00 PM,2,DRIVER,,2011909,,NISSAN,ROGUE,IL,2017,NONE,PASSENGER,PERSONAL,S,SLOW/STOP IN TRAFFIC,,,1,,,,,,,,,,Y,,,,,,,,REAR,,,,,,,,,,,,,,,,,,,,,,,,,,,,,,,,,
2110179,5d2bde92c2d88cfba90d32445adf7a6fda24eca1b410eb395c19a399a1b61b9acca220761278d0e968a444323d1155f36f3d4d88cea6e38dfc9d5149da0c90c3,07/19/2025 06:20:00 PM,1,DRIVER,,2011671,,FORD,ESCAPE,IL,2013,NONE,PASSENGER,UNKNOWN/NA,E,PASSING/OVERTAKING,,,1,,,,,Y,Y,,,,,,,,,,,,FRONT-RIGHT-CORNER,,,,,,,,,,,,,,,,,,,,,,,,,,,,,,,,,
2110180,5d2bde92c2d88cfba90d32445adf7a6fda24eca1b410eb395c19a399a1b61b9acca220761278d0e968a444323d1155f36f3d4d88cea6e38dfc9d5149da0c90c3,07/19/2025 06:20:00 PM,2,PARKED,,2011675,,BMW,330I,IL,2023,NONE,PASSENGER,NOT IN USE,E,PARKED,,,0,,,,,,,,,,,,,,Y,Y,,,SIDE-LEFT-FRONT,,,,,,,,,,,,,,,,,,,,,,,,,,,,,,,,,
2110188,73161aa8415332dfd01401b01aec5437b8e33785e312785ec2b374379561e75218b81ce7f2902e1214a7e6862b630cd80637cd06b50da1d2a674ff6a7077c5c0,07/19/2025 06:17:00 PM,1,DRIVER,,2011684,,NOVA BUS,OTHER (EXPLAIN IN NARRATIVE),IL,2016,NONE,BUS OVER 15 PASS.,CTA,S,TURNING LEFT,,,1,,,,,,,,,,,,,,,,,,NONE,,,,,,,,,,,,,,,,,,,,,,,,,,,,,,,,,
2110189,73161aa8415332dfd01401b01aec5437b8e33785e312785ec2b374379561e75218b81ce7f2902e1214a7e6862b630cd80637cd06b50da1d2a674ff6a7077c5c0,07/19/2025 06:17:00 PM,2,DRIVER,,2011691,,MAZDA,CX-5,IL,2020,NONE,PASSENGER,PERSONAL,S,TURNING LEFT,,,1,,,,,,,,,,,Y,Y,,,,,,TOTAL (ALL AREAS),,,,,,,,,,,,,,,,,,,,,,,,,,,,,,,,,
2110221,61d63aa4509079ce910fefefe103387f9acf8e892dbc9145f5fe836b8f056f07fda1345fee2f67f71aabdda455311d9f247699a43de536e0aafd73f0b0be5716,07/19/2025 06:16:00 PM,1,DRIVER,1,2011716,,NISSAN,MURANO,IL,2016,NONE,PASSENGER,PERSONAL,N,STRAIGHT AHEAD,,,2,,,,,,,,,,,,,,,,Y,,FRONT,,,,,,,,,,,,,,,,,,,,,,,,,,,,,,,,,
2110222,61d63aa4509079ce910fefefe103387f9acf8e892dbc9145f5fe836b8f056f07fda1345fee2f67f71aabdda455311d9f247699a43de536e0aafd73f0b0be5716,07/19/2025 06:16:00 PM,2,DRIVER,2,2011723,,HYUNDAI,VERACRUZ,IL,2012,NONE,PASSENGER,PERSONAL,W,STRAIGHT AHEAD,,,3,,,,,,,,,,,,,,,,Y,,FRONT,,,,,,,,,,,,,,,,,,,,,,,,,,,,,,,,,
2110205,255edfb83399788c4921b3b51ba91645b6b1cc366fab9ec430bd7755b7a085d851baf126d0bb467602ca64f88f732657639467a65c7cfd2ce5dd83e081868307,07/19/2025 06:15:00 PM,1,DRIVER,,2011698,,FORD,F150,IL,2013,UNKNOWN,PICKUP,UNKNOWN/NA,N,STRAIGHT AHEAD,,,1,,,,,,,,,,,,,,,,Y,,FRONT,,,,,,,,,,,,,,,,,,,,,,,,,,,,,,,,,
2110206,255edfb83399788c4921b3b51ba91645b6b1cc366fab9ec430bd7755b7a085d851baf126d0bb467602ca64f88f732657639467a65c7cfd2ce5dd83e081868307,07/19/2025 06:15:00 PM,2,DRIVER,,2011706,,NISSAN,SENTRA,IL,2013,NONE,PASSENGER,PERSONAL,N,STRAIGHT AHEAD,,,1,,,,,,,,,,Y,,,,,,,,REAR,,,,,,,,,,,,,,,,,,,,,,,,,,,,,,,,,
2117102,8f02ede6eac5988aef13b3ff6f5e45cbc02d736ecfc9f6b6065c7ce08e4aec22fefcae29fb7aac572ac61f72eb43dc1f4385a8fde364569c4638a4e2778f639d,07/19/2025 06:15:00 PM,1,DRIVER,,2018240,,GENERAL MOTORS CORPORATION (GMC),YUKON,IL,1995,UNKNOWN,SPORT UTILITY VEHICLE (SUV),UNKNOWN/NA,N,ENTERING TRAFFIC LANE FROM PARKING,,,1,,,,,,,,,,,,,,,,,Y,UNKNOWN,,,,,,,,,,,,,,,,,,,,,,,,,,,,,,,,,
2117103,8f02ede6eac5988aef13b3ff6f5e45cbc02d736ecfc9f6b6065c7ce08e4aec22fefcae29fb7aac572ac61f72eb43dc1f4385a8fde364569c4638a4e2778f639d,07/19/2025 06:15:00 PM,2,PARKED,,2018251,,VOLKSWAGEN,JETTA,IL,2007,UNKNOWN,PASSENGER,PERSONAL,N,PARKED,,,0,,,,,,,,,,,Y,,,,,,,REAR-LEFT-CORNER,,,,,,,,,,,,,,,,,,,,,,,,,,,,,,,,,
2110244,5821b520eed667b93e8431fa9558360c6fc86eceb3c829e469f45f699f2b954f0a0e602d10af0109be394af6c27c19f09895ff63a7269cdb3ce8f379119f4b3e,07/19/2025 06:12:00 PM,1,DRIVER,1,2011741,,TOYOTA,COROLLA,IL,2021,UNKNOWN,PASSENGER,PERSONAL,S,ENTERING TRAFFIC LANE FROM PARKING,,,2,,,,,,,,,,,,,,,Y,,,FRONT-LEFT-CORNER,,,,,,,,,,,,,,,,,,,,,,,,,,,,,,,,,
2110245,5821b520eed667b93e8431fa9558360c6fc86eceb3c829e469f45f699f2b954f0a0e602d10af0109be394af6c27c19f09895ff63a7269cdb3ce8f379119f4b3e,07/19/2025 06:12:00 PM,2,DRIVER,,2011748,,CHEVROLET,EXPRESS,IL,2006,UNKNOWN,VAN/MINI-VAN,PERSONAL,S,STRAIGHT AHEAD,,,1,,,,,Y,,,,,,,,,,,,,FRONT-RIGHT-CORNER,,,,,,,,,,,,,,,,,,,,,,,,,,,,,,,,,
2110566,63f96461b5440386c2b43c594189f4b4930fa147cdc9b28b84cefe04e322b06d33ff1e2f38133e1926c9cdfe580daef6fec876343228622882382a388e8f0086,07/19/2025 06:10:00 PM,1,DRIVER,,2013783,,NISSAN,ROGUE,PA,2020,UNKNOWN,PASSENGER,UNKNOWN/NA,UNKNOWN,LEAVING TRAFFIC LANE TO PARK,,,1,,,,,,,,,,,,,,,,Y,,FRONT,,,,,,,,,,,,,,,,,,,,,,,,,,,,,,,,,
2110567,63f96461b5440386c2b43c594189f4b4930fa147cdc9b28b84cefe04e322b06d33ff1e2f38133e1926c9cdfe580daef6fec876343228622882382a388e8f0086,07/19/2025 06:10:00 PM,2,PARKED,,2013784,,JEEP,COMMANDER,IL,2006,UNKNOWN,PASSENGER,NOT IN USE,UNKNOWN,PARKED,,,0,,,,,,,,,,Y,,,,,,Y,,REAR,,,,,,,,,,,,,,,,,,,,,,,,,,,,,,,,,
2110568,63f96461b5440386c2b43c594189f4b4930fa147cdc9b28b84cefe04e322b06d33ff1e2f38133e1926c9cdfe580daef6fec876343228622882382a388e8f0086,07/19/2025 06:10:00 PM,3,PARKED,,2013785,,CHEVROLET,TAHOE,IL,2021,UNKNOWN,PASSENGER,NOT IN USE,UNKNOWN,PARKED,,,0,,,,,,,,,,Y,,,,,,,,REAR,,,,,,,,,,,,,,,,,,,,,,,,,,,,,,,,,
2110209,823e7e7f884ddf9bc8dffdf2bac9c2a3e768dc3566137639424e0aba6ac64601927de443431ff64370bbff83f1ab97afcff607c698ef3da909444302767b1ebe,07/19/2025 06:08:00 PM,1,DRIVER,,2011704,,CHEVROLET,CRUZE,IL,2014,UNKNOWN,PASSENGER,UNKNOWN/NA,E,STRAIGHT AHEAD,,,1,,,,,Y,,,,,,,,,,Y,Y,,FRONT,,,,,,,,,,,,,,,,,,,,,,,,,,,,,,,,,
2110210,823e7e7f884ddf9bc8dffdf2bac9c2a3e768dc3566137639424e0aba6ac64601927de443431ff64370bbff83f1ab97afcff607c698ef3da909444302767b1ebe,07/19/2025 06:08:00 PM,2,DRIVER,2,2011709,,NISSAN,ROGUE,IL,2023,UNKNOWN,PASSENGER,PERSONAL,E,STRAIGHT AHEAD,,,3,,,,,,,,,Y,,Y,,,,,,,REAR,,,,,,,,,,,,,,,,,,,,,,,,,,,,,,,,,
2110233,3a0df3d2553ab3a08ebf4eacd3c6711414729a1ec375e5ff67257f0a9d0862b31bdcf33a0bef362ca8fef298cc637a4d7d733d9339cdf00f493823f31cc7d6b8,07/19/2025 06:07:00 PM,1,DRIVER,,2011712,,HONDA,ODYSSEY,IL,2019,NONE,PASSENGER,UNKNOWN/NA,UNKNOWN,BACKING,,,1,,,,,,,,,Y,Y,Y,,,,,,,REAR,,,,,,,,,,,,,,,,,,,,,,,,,,,,,,,,,
2110203,5d74479ac22305544a29f4e55666bd80fac290de612c41c6da593b995ddc573a69d4c29a340bb626a501ce3d6268526a618165a2bfa4de266b6db05a7be989cb,07/19/2025 06:00:00 PM,1,DRIVER,1,2011696,,HONDA,ODYSSEY,IL,2013,UNKNOWN,VAN/MINI-VAN,PERSONAL,W,ENTERING TRAFFIC LANE FROM PARKING,,,2,,,,,,,,,,,,,,Y,Y,,,FRONT-LEFT-CORNER,,,,,,,,,,,,,,,,,,,,,,,,,,,,,,,,,
2110204,5d74479ac22305544a29f4e55666bd80fac290de612c41c6da593b995ddc573a69d4c29a340bb626a501ce3d6268526a618165a2bfa4de266b6db05a7be989cb,07/19/2025 06:00:00 PM,2,DRIVER,1,2011700,,GENERAL MOTORS CORPORATION (GMC),ACADIA,IL,2015,UNKNOWN,SPORT UTILITY VEHICLE (SUV),PERSONAL,W,STRAIGHT AHEAD,,,2,,,,,Y,Y,,,,,,,,,,,,FRONT-RIGHT-CORNER,,,,,,,,,,,,,,,,,,,,,,,,,,,,,,,,,
2110803,f47e6f126e1ce22964d740199a66119dac00bb54bab03e7052ecc3e20486945342ba4b8032b6bd44e835d054a054a56eba58d5d418b6006443fec2c6eb69f99d,07/19/2025 06:00:00 PM,1,DRIVER,,2012254,,TOYOTA,SIENNA,IL,2025,OTHER,VAN/MINI-VAN,TAXI/FOR HIRE,E,STRAIGHT AHEAD,,,1,,,,,,,,,,,,,,,,N,Y,FRONT,,,,,,,,,,,,,,,,,,,,,,,,,,,,,,,,,
2110804,f47e6f126e1ce22964d740199a66119dac00bb54bab03e7052ecc3e20486945342ba4b8032b6bd44e835d054a054a56eba58d5d418b6006443fec2c6eb69f99d,07/19/2025 06:00:00 PM,2,DRIVER,,2012264,,HONDA,ACCORD,IL,2018,UNKNOWN,PASSENGER,PERSONAL,E,STRAIGHT AHEAD,,,1,,,,,,,,,,Y,,,,,,,,REAR,,,,,,,,,,,,,,,,,,,,,,,,,,,,,,,,,
2110183,65399e2096a2b496c0a8aafe959281fd80f1fa76a369a003c27f7c3f1be079a619f93e64bb6c319f8197fdbd56fc4140217dad05d1d4dca9333ce9be423a929b,07/19/2025 05:55:00 PM,2,PARKED,,2011678,,HONDA,HR-V,IL,2024,NONE,PASSENGER,NOT IN USE,UNKNOWN,PARKED,,,0,,,,,,,,,,Y,Y,Y,Y,,,,,SIDE-LEFT-REAR,,,,,,,,,,,,,,,,,,,,,,,,,,,,,,,,,
2110197,65399e2096a2b496c0a8aafe959281fd80f1fa76a369a003c27f7c3f1be079a619f93e64bb6c319f8197fdbd56fc4140217dad05d1d4dca9333ce9be423a929b,07/19/2025 05:55:00 PM,1,DRIVER,,2011689,,UNKNOWN,OTHER (EXPLAIN IN NARRATIVE),IL,,UNKNOWN,UNKNOWN/NA,UNKNOWN/NA,UNKNOWN,UNKNOWN/NA,,,1,,,,,,,,,,,,,,,,,Y,UNKNOWN,,,,,,,,,,,,,,,,,,,,,,,,,,,,,,,,,
2110389,0f43bd15e265f30579cefe5abfed66b9663626c8ff6be84c58dfba2ded8b8b2ced05e7c2d6f680100126efb3e136b571f71aaf48d51e8a4b2f1c36b7571c02d1,07/19/2025 05:50:00 PM,1,DRIVER,,2011879,Y,TOYOTA,SIENNA,IL,2025,UNKNOWN,PASSENGER,TAXI/FOR HIRE,S,STRAIGHT AHEAD,,,1,,,,,Y,,,,,,,,,,Y,Y,,FRONT,"21,848",,,,DRIVER,1,FLASH CAB WHITE AND BLUE,IL,CHICAGO,,,,N,N,,U,,N,N,,,,,,,,,UNKNOWN HEAVY TRUCK,VAN/ENCLOSED BOX,OTHER,N,N,MISCELLANEOUS
2110390,0f43bd15e265f30579cefe5abfed66b9663626c8ff6be84c58dfba2ded8b8b2ced05e7c2d6f680100126efb3e136b571f71aaf48d51e8a4b2f1c36b7571c02d1,07/19/2025 05:50:00 PM,2,DRIVER,,2011885,,HONDA,ACCORD,IL,2018,UNKNOWN,PASSENGER,PERSONAL,S,STRAIGHT AHEAD,,,1,,,,,,,,,Y,Y,Y,,,,,,,REAR,,,,,,,,,,,,,,,,,,,,,,,,,,,,,,,,,
2110238,e08492024fc349ad6bf5830be3075de74b64bbdb3b383803edb1ebbce6f3424ec8447857d8854a20616180e3b67ea71d73ef21a752d1d747ee982eea527561c1,07/19/2025 05:45:00 PM,1,DRIVER,,2011722,,HONDA,CR-V,IL,2017,NONE,PASSENGER,PERSONAL,E,BACKING,,,1,,,,,,,,,,Y,,,,,,,,REAR,,,,,,,,,,,,,,,,,,,,,,,,,,,,,,,,,
2110239,e08492024fc349ad6bf5830be3075de74b64bbdb3b383803edb1ebbce6f3424ec8447857d8854a20616180e3b67ea71d73ef21a752d1d747ee982eea527561c1,07/19/2025 05:45:00 PM,2,PARKED,,2011729,,DODGE,RAM 1500 VAN,OH,2025,NONE,VAN/MINI-VAN,OTHER,E,PARKED,,,0,,,,,Y,,,,,,,,,,,Y,,FRONT-RIGHT-CORNER,,,,,,,,,,,,,,,,,,,,,,,,,,,,,,,,,
2110181,481cf8e0978f641b8b252174b7d2d9390ceaec08773826348bb3cfba3ef85f53fb2a05018aa4d38e28652feecba6657afb778e31e77a0faa8a41425c9f50f16c,07/19/2025 05:35:00 PM,1,DRIVER,,2011676,,TOYOTA,SIENNA,IL,2003,UNKNOWN,VAN/MINI-VAN,PERSONAL,S,U-TURN,,,1,,,,,,,,,,,,,,,,Y,,FRONT,,,,,,,,,,,,,,,,,,,,,,,,,,,,,,,,,
2112166,4ce65011b452441387f7d16182e6f68717080ee2e9cb324140872a95f2f30fce684dedfc39b6ca04a707c253a028e7abb861a6918606f57fc465fef07768fa67,07/19/2025 05:33:00 PM,1,DRIVER,,2013535,,TOYOTA,PRIUS,IL,2012,UNKNOWN,UNKNOWN/NA,UNKNOWN/NA,UNKNOWN,UNKNOWN/NA,,,1,,,,,Y,,,,,,,,,,Y,Y,,FRONT,,,,,,,,,,,,,,,,,,,,,,,,,,,,,,,,,
2112167,4ce65011b452441387f7d16182e6f68717080ee2e9cb324140872a95f2f30fce684dedfc39b6ca04a707c253a028e7abb861a6918606f57fc465fef07768fa67,07/19/2025 05:33:00 PM,2,DRIVER,2,2013540,,VOLKSWAGEN,GTI,IL,2017,UNKNOWN,UNKNOWN/NA,RIDESHARE SERVICE,UNKNOWN,UNKNOWN/NA,,,3,,,,,,,,,Y,Y,Y,,,,,,,REAR,,,,,,,,,,,,,,,,,,,,,,,,,,,,,,,,,
2110171,3b8d2110f38ccfe7a5e4245ef0056a587f9ef89b28b3a16dbad16a1f25553ce40bcfc6092aa929a9d1b5e5805b79d8476c7454383d364c0910f490bea29460be,07/19/2025 05:30:00 PM,1,DRIVER,,2011685,,NISSAN,ALTIMA,IL,2018,NONE,PASSENGER,PERSONAL,W,STRAIGHT AHEAD,,,1,,,,,,,,,,Y,,,,,,,,REAR,,,,,,,,,,,,,,,,,,,,,,,,,,,,,,,,,
2110172,3b8d2110f38ccfe7a5e4245ef0056a587f9ef89b28b3a16dbad16a1f25553ce40bcfc6092aa929a9d1b5e5805b79d8476c7454383d364c0910f490bea29460be,07/19/2025 05:30:00 PM,2,DRIVER,,2011677,,KIA,OPTIMA / K5,IL,2022,UNKNOWN,PASSENGER,PERSONAL,E,STRAIGHT AHEAD,,,1,,,,,,,,,,,,,,,,Y,,FRONT,,,,,,,,,,,,,,,,,,,,,,,,,,,,,,,,,