CRASH_UNIT_ID,CRASH_RECORD_ID,CRASH_DATE,UNIT_NO,UNIT_TYPE,NUM_PASSENGERS,VEHICLE_ID,CMRC_VEH_I,MAKE,MODEL,LIC_PLATE_STATE,VEHICLE_YEAR,VEHICLE_DEFECT,VEHICLE_TYPE,VEHICLE_USE,TRAVEL_DIRECTION,MANEUVER,TOWED_I,FIRE_I,OCCUPANT_CNT,EXCEED_SPEED_LIMIT_I,TOWED_BY,TOWED_TO,AREA_00_I,AREA_01_I,AREA_02_I,AREA_03_I,AREA_04_I,AREA_05_I,AREA_06_I,AREA_07_I,AREA_08_I,AREA_09_I,AREA_10_I,AREA_11_I,AREA_12_I,AREA_99_I,FIRST_CONTACT_POINT,CMV_ID,USDOT_NO,CCMC_NO,ILCC_NO,COMMERCIAL_SRC,GVWR,CARRIER_NAME,CARRIER_STATE,CARRIER_CITY,HAZMAT_PLACARDS_I,HAZMAT_NAME,UN_NO,HAZMAT_PRESENT_I,HAZMAT_REPORT_I,HAZMAT_REPORT_NO,MCS_REPORT_I,MCS_REPORT_NO,HAZMAT_VIO_CAUSE_CRASH_I,MCS_VIO_CAUSE_CRASH_I,IDOT_PERMIT_NO,WIDE_LOAD_I,TRAILER1_WIDTH,TRAILER2_WIDTH,TRAILER1_LENGTH,TRAILER2_LENGTH,TOTAL_VEHICLE_LENGTH,AXLE_CNT,VEHICLE_CONFIG,CARGO_BODY_TYPE,LOAD_TYPE,HAZMAT_OUT_OF_SERVICE_I,MCS_OUT_OF_SERVICE_I,HAZMAT_CLASS
2110163,de7ca58daee705ed8ee886033c65a7c053bb6618e221a008ee77ad9852a8354982eaf17287f5f1c4d68d46a7c7dd752e6097cb1f37503da55a8ffe812f3457cf,07/19/2025 05:30:00 PM,1,DRIVER,,2011650,,HONDA,CIVIC,IL,2013,UNKNOWN,PASSENGER,PERSONAL,E,TURNING LEFT,,,1,,,,,Y,,,,,,,,,,Y,Y,,FRONT,,,,,,,,,,,,,,,,,,,,,,,,,,,,,,,,,
2110164,de7ca58daee705ed8ee886033c65a7c053bb6618e221a008ee77ad9852a8354982eaf17287f5f1c4d68d46a7c7dd752e6097cb1f37503da55a8ffe812f3457cf,07/19/2025 05:30:00 PM,2,DRIVER,3,2011660,,NISSAN,ROGUE,IL,2025,UNKNOWN,PASSENGER,PERSONAL,W,STRAIGHT AHEAD,Y,,4,,self tow,unk,,,,,,,,,,,Y,Y,Y,,FRONT-LEFT-CORNER,,,,,,,,,,,,,,,,,,,,,,,,,,,,,,,,,
2110158,f3c82921bbc569ba770112c5dddbe759d4b081045937b0db7b5c7e60216aca6ebdd8dc89bb8c10efbfeabe8861412678eb5fb28d4e06832fe3ec7ac34c547e14,07/19/2025 05:30:00 PM,1,DRIVER,,2011647,,KIA,OPTIMA / K5,IL,2021,UNKNOWN,PASSENGER,UNKNOWN/NA,S,STRAIGHT AHEAD,,,1,,,,,,,,,,,,,,,Y,,,FRONT-LEFT-CORNER,,,,,,,,,,,,,,,,,,,,,,,,,,,,,,,,,
2110159,f3c82921bbc569ba770112c5dddbe759d4b081045937b0db7b5c7e60216aca6ebdd8dc89bb8c10efbfeabe8861412678eb5fb28d4e06832fe3ec7ac34c547e14,07/19/2025 05:30:00 PM,2,DRIVER,,2011649,,JEEP,JEEP,IL,2021,NONE,PASSENGER,PERSONAL,W,STRAIGHT AHEAD,,,1,,,,,,,,,Y,,,,,,,,,REAR-RIGHT-CORNER,,,,,,,,,,,,,,,,,,,,,,,,,,,,,,,,,
2110198,ac6fb5443e260f986567d5a95e51b36d02b8c3f1cc90cdff513b065e377db2a543dcd0c4096600a93d44b77141a3fc6705cf61ef5f600967bdb66f107d47bf18,07/19/2025 05:26:00 PM,1,PARKED,,2011693,Y,FORD,OTHER (EXPLAIN IN NARRATIVE),IL,,NONE,VAN/MINI-VAN,OTHER,S,PARKED,,,0,,,,,,,,,,,,,,,,,Y,SIDE-LEFT,"21,847",,,,,,USPS POSTAL SERVICE,IL,UNK,,,,,,,,,,,UNK,,,,,,,,,,,,,
2110199,ac6fb5443e260f986567d5a95e51b36d02b8c3f1cc90cdff513b065e377db2a543dcd0c4096600a93d44b77141a3fc6705cf61ef5f600967bdb66f107d47bf18,07/19/2025 05:26:00 PM,2,BICYCLE,,,,,,,,,,,,,,,,,,,,,,,,,,,,,,,,,,,,,,,,,,,,,,,,,,,,,,,,,,,,,,,,,,
2110234,05e68bb3d2214ea93812d89a2877c73f644cdbaed11d570c1e5fb1bc5c85a8ab9864e6135960c0eb446c488cb8bc903ff331ad58e702e4dacd2b094dba1a8142,07/19/2025 05:25:00 PM,1,PARKED,1,2011726,,FORD,EXPEDITION,IL,2023,UNKNOWN,SPORT UTILITY VEHICLE (SUV),UNKNOWN/NA,W,PARKED,,,1,,,,,,,,Y,Y,,,,,,,,,REAR,,,,,,,,,,,,,,,,,,,,,,,,,,,,,,,,,
2110235,05e68bb3d2214ea93812d89a2877c73f644cdbaed11d570c1e5fb1bc5c85a8ab9864e6135960c0eb446c488cb8bc903ff331ad58e702e4dacd2b094dba1a8142,07/19/2025 05:25:00 PM,2,DRIVER,,2011735,,TOYOTA,PRIUS,IL,2014,UNKNOWN,PASSENGER,UNKNOWN/NA,W,STRAIGHT AHEAD,,,1,,,,,,,,,,,,,Y,Y,Y,,,FRONT-LEFT-CORNER,,,,,,,,,,,,,,,,,,,,,,,,,,,,,,,,,
2110252,61fb92bdc22a9244e0a70d7a718ae4954551c0c742f829eeef2dffa812d1c9bfe0fb15e6e4d008591b2c8f4de499ea09addd225168e3963e647a95f9b5ed3a27,07/19/2025 05:23:00 PM,1,DRIVER,,2011742,,FORD,EXPEDITION,IL,2023,UNKNOWN,PASSENGER,PERSONAL,W,TURNING LEFT,,,1,,,,,,,,,,,,,,,Y,,,UNKNOWN,,,,,,,,,,,,,,,,,,,,,,,,,,,,,,,,,
2110253,61fb92bdc22a9244e0a70d7a718ae4954551c0c742f829eeef2dffa812d1c9bfe0fb15e6e4d008591b2c8f4de499ea09addd225168e3963e647a95f9b5ed3a27,07/19/2025 05:23:00 PM,2,DRIVER,,2011754,,NISSAN,ROGUE,IL,2021,UNKNOWN,PASSENGER,OTHER,W,UNKNOWN/NA,,,1,,,,,,,,,,,Y,,,,,,,REAR-LEFT-CORNER,,,,,,,,,,,,,,,,,,,,,,,,,,,,,,,,,
2110165,e806a84c2e8b02f539468abc673da1738d4b2b2af20bfe3676e6ae365507b959e3926de37f4ab9efbe6e9e38284ee84d6a1a591d5f18d247e8226d53fab730db,07/19/2025 05:23:00 PM,1,DRIVER,,2011653,,UNKNOWN,OTHER (EXPLAIN IN NARRATIVE),IL,,UNKNOWN,OTHER,UNKNOWN/NA,E,STRAIGHT AHEAD,,,1,,,,,,,,,,,,,,,,,,UNKNOWN,,,,,,,,,,,,,,,,,,,,,,,,,,,,,,,,,
2110166,e806a84c2e8b02f539468abc673da1738d4b2b2af20bfe3676e6ae365507b959e3926de37f4ab9efbe6e9e38284ee84d6a1a591d5f18d247e8226d53fab730db,07/19/2025 05:23:00 PM,2,DRIVER,,2011657,,TOYOTA,SIENNA,IL,2003,NONE,VAN/MINI-VAN,PERSONAL,E,STRAIGHT AHEAD,,,1,,,,,,,,,Y,Y,Y,,,,,,,REAR,,,,,,,,,,,,,,,,,,,,,,,,,,,,,,,,,
2111520,a727749d3884bf033549159367045fcda52fd7848eafc8a089e59e61c78f38ad5f45deb7d7c9262c0873e29360de7c1a9ad7ac74b23ee92ff817df160d6e3ea5,07/19/2025 05:22:00 PM,1,DRIVER,,2012931,,UNKNOWN,OTHER (EXPLAIN IN NARRATIVE),MI,2005,UNKNOWN,TRACTOR W/ SEMI-TRAILER,UNKNOWN/NA,N,TURNING LEFT,,,1,,,,,,,,,Y,,,,,,,,,REAR-RIGHT-CORNER,,,,,,,,,,,,,,,,,,,,,,,,,,,,,,,,,
2111521,a727749d3884bf033549159367045fcda52fd7848eafc8a089e59e61c78f38ad5f45deb7d7c9262c0873e29360de7c1a9ad7ac74b23ee92ff817df160d6e3ea5,07/19/2025 05:22:00 PM,2,PARKED,,2012942,,LAND ROVER,DISCOVERY,IL,2018,UNKNOWN,SPORT UTILITY VEHICLE (SUV),NOT IN USE,N,PARKED,Y,,0,,UNKNOWN PRIVATE,UNKNOWN,,Y,Y,,,,,Y,Y,Y,Y,Y,,,REAR-LEFT-CORNER,,,,,,,,,,,,,,,,,,,,,,,,,,,,,,,,,
2122572,1d7f102fc58ae7e46e6af88b5aca6a8a8e88030a3ef5bcb1dbe644f65d88a3119a20f80ef8a2bcc16880552970fa96f4251a44bfddbd03174f8f010a30ea5748,07/19/2025 05:15:00 PM,1,DRIVER,,2023461,,FORD,TRANSIT,IL,2019,UNKNOWN,PASSENGER,UNKNOWN/NA,W,CHANGING LANES,,,1,,,,,,,,,,,Y,,,,,,,SIDE-LEFT-REAR,,,,,,,,,,,,,,,,,,,,,,,,,,,,,,,,,
2122573,1d7f102fc58ae7e46e6af88b5aca6a8a8e88030a3ef5bcb1dbe644f65d88a3119a20f80ef8a2bcc16880552970fa96f4251a44bfddbd03174f8f010a30ea5748,07/19/2025 05:15:00 PM,2,DRIVER,,2023462,,KIA,SOUL,IL,2023,NONE,SPORT UTILITY VEHICLE (SUV),PERSONAL,W,STRAIGHT AHEAD,,,1,,,,,Y,,,,,,,,,,Y,Y,,FRONT-RIGHT-CORNER,,,,,,,,,,,,,,,,,,,,,,,,,,,,,,,,,
2110167,7d8529a6968644fcc6e6e040f41f0bd2d260324da666367ae640382a569d4be0b052e4168ee7bb9ac302489e8f59a263d45f7f5524a65124e65e097ca290c4f1,07/19/2025 05:10:00 PM,1,DRIVER,,2011654,,HONDA,ACCORD,IL,2010,NONE,PASSENGER,PERSONAL,N,STRAIGHT AHEAD,,,1,,,,,Y,,,,,,,,,,Y,Y,,FRONT,,,,,,,,,,,,,,,,,,,,,,,,,,,,,,,,,
2110168,7d8529a6968644fcc6e6e040f41f0bd2d260324da666367ae640382a569d4be0b052e4168ee7bb9ac302489e8f59a263d45f7f5524a65124e65e097ca290c4f1,07/19/2025 05:10:00 PM,2,DRIVER,1,2011661,,TOYOTA,COROLLA,IL,2004,NONE,PASSENGER,PERSONAL,N,STRAIGHT AHEAD,,,2,,,,,,,,,Y,Y,Y,,,,,,,REAR,,,,,,,,,,,,,,,,,,,,,,,,,,,,,,,,,
2110184,665a8311d7204737341d8840c2bac7e67cda77de79bfa4dbc6be7651c82c23957ae9765acd85c710d18071f8c8cce9f07ce9a9fa6316818c7b1bc4a9c951fa03,07/19/2025 05:06:00 PM,1,DRIVER,,2011679,,CHEVROLET,OTHER (EXPLAIN IN NARRATIVE),,,UNKNOWN,SPORT UTILITY VEHICLE (SUV),UNKNOWN/NA,E,TURNING LEFT,,,1,,,,,,,,,,,,,,,,,Y,UNKNOWN,,,,,,,,,,,,,,,,,,,,,,,,,,,,,,,,,
2110185,665a8311d7204737341d8840c2bac7e67cda77de79bfa4dbc6be7651c82c23957ae9765acd85c710d18071f8c8cce9f07ce9a9fa6316818c7b1bc4a9c951fa03,07/19/2025 05:06:00 PM,2,DRIVER,1,2011687,,CHEVROLET,TRAIL BLAZER,IL,2024,UNKNOWN,SPORT UTILITY VEHICLE (SUV),PERSONAL,SW,STRAIGHT AHEAD,,,2,,,,,Y,,,,,,,,,,,,,FRONT-RIGHT-CORNER,,,,,,,,,,,,,,,,,,,,,,,,,,,,,,,,,
2110128,0e56bac4402607fa3446ab08f02ed0f06cb7fd815a5d61886d36b865c5f9841e6605fea98587a683fe7ae39257d1e81915df7a630230ece79132ddd08221b9ae,07/19/2025 05:05:00 PM,1,DRIVER,,2011619,,CHEVROLET,SILVERADO,IL,2012,NONE,PICKUP,PERSONAL,S,STRAIGHT AHEAD,,,1,,,,,,,,,,,,,,,,,Y,FRONT,,,,,,,,,,,,,,,,,,,,,,,,,,,,,,,,,
2110129,0e56bac4402607fa3446ab08f02ed0f06cb7fd815a5d61886d36b865c5f9841e6605fea98587a683fe7ae39257d1e81915df7a630230ece79132ddd08221b9ae,07/19/2025 05:05:00 PM,2,DRIVER,,2011621,,DODGE,RAM 1500 PU,GA,2019,NONE,PICKUP,PERSONAL,S,STRAIGHT AHEAD,,,1,,,,,,,,,,,Y,,,,,,,REAR-LEFT-CORNER,,,,,,,,,,,,,,,,,,,,,,,,,,,,,,,,,
2110175,1b265c92510ec769beb9f79dc5b20116e177665ffdfa2128ae84840b8e9d81097953dcbb4135d7405e300e945df0128523be6539100a20d3a26f4faa5b561347,07/19/2025 05:00:00 PM,1,DRIVER,,2011667,,TOYOTA,COROLLA,IL,2010,NONE,PASSENGER,PERSONAL,E,TURNING RIGHT,,,1,,,,,,,,,Y,,,,,,,,,REAR-RIGHT-CORNER,,,,,,,,,,,,,,,,,,,,,,,,,,,,,,,,,
2110176,1b265c92510ec769beb9f79dc5b20116e177665ffdfa2128ae84840b8e9d81097953dcbb4135d7405e300e945df0128523be6539100a20d3a26f4faa5b561347,07/19/2025 05:00:00 PM,2,DRIVER,,2011673,,HONDA,FIT,,2022,NONE,SPORT UTILITY VEHICLE (SUV),PERSONAL,E,STRAIGHT AHEAD,,,1,,,,,,,,,,,,,,,Y,,,FRONT-LEFT-CORNER,,,,,,,,,,,,,,,,,,,,,,,,,,,,,,,,,
2110192,1e8a6252053d7f85a772bb2cd539d8261167ae7e35ede3f2aa5ed9fd44fb825815e75d08702824516d80626146ebddc67cfd8bbf0e2b9c223912428c48539fa0,07/19/2025 05:00:00 PM,1,DRIVER,,2011695,,MERCEDES-BENZ,E300,IL,2014,UNKNOWN,PASSENGER,UNKNOWN/NA,N,SLOW/STOP IN TRAFFIC,,,1,,,,,,,,,,,,,,,,Y,,FRONT,,,,,,,,,,,,,,,,,,,,,,,,,,,,,,,,,
2110193,1e8a6252053d7f85a772bb2cd539d8261167ae7e35ede3f2aa5ed9fd44fb825815e75d08702824516d80626146ebddc67cfd8bbf0e2b9c223912428c48539fa0,07/19/2025 05:00:00 PM,2,PARKED,,2011699,,VOLKSWAGEN,JETTA,IL,2019,NONE,PASSENGER,PERSONAL,N,PARKED,,,0,,,,,,,,,,Y,,,,,,,,REAR,,,,,,,,,,,,,,,,,,,,,,,,,,,,,,,,,
2110812,cfa54325049d9ad8d3f01a1ef0b15e50167a05d7bc5869d8f1c1717405598950fc1d6d50cad7716e013cbe5b9f0d7d82b5f6710e24a33c73139e2632ecaf2dd7,07/19/2025 05:00:00 PM,1,DRIVER,,2012262,,JEEP,PATRIOT,,2014,UNKNOWN,SPORT UTILITY VEHICLE (SUV),UNKNOWN/NA,N,STRAIGHT AHEAD,,,1,,,,,,,,,,,,,,,,,Y,FRONT,,,,,,,,,,,,,,,,,,,,,,,,,,,,,,,,,
2110813,cfa54325049d9ad8d3f01a1ef0b15e50167a05d7bc5869d8f1c1717405598950fc1d6d50cad7716e013cbe5b9f0d7d82b5f6710e24a33c73139e2632ecaf2dd7,07/19/2025 05:00:00 PM,2,DRIVER,,2012269,,TOYOTA,SIENNA,,2025,UNKNOWN,VAN/MINI-VAN,UNKNOWN/NA,N,STRAIGHT AHEAD,,,1,,,,,,,,,Y,Y,Y,,,,,,,REAR,,,,,,,,,,,,,,,,,,,,,,,,,,,,,,,,,
2110148,8902ecdd45b61b90f7caed917bb908121c4c70316f2b8ad1ce79825f42493933b6c4718396fb161d3248460b45253dcd61609f156fad489a0fa227e5acdf0317,07/19/2025 04:55:00 PM,1,DRIVER,,2011663,,TOYOTA,COROLLA,IL,2004,UNKNOWN,PASSENGER,PERSONAL,E,STRAIGHT AHEAD,,,1,,,,,N,Y,Y,Y,,,,,,,,,,SIDE-RIGHT,,,,,,,,,,,,,,,,,,,,,,,,,,,,,,,,,
2110149,8902ecdd45b61b90f7caed917bb908121c4c70316f2b8ad1ce79825f42493933b6c4718396fb161d3248460b45253dcd61609f156fad489a0fa227e5acdf0317,07/19/2025 04:55:00 PM,2,DRIVER,,2011674,,NISSAN,ARMADA,IL,2015,UNKNOWN,SPORT UTILITY VEHICLE (SUV),PERSONAL,N,STRAIGHT AHEAD,Y,,1,,AAA,UNK,,Y,,,,,,,,,,Y,Y,,FRONT,,,,,,,,,,,,,,,,,,,,,,,,,,,,,,,,,
2110520,418936bee7d08836211d175d3fbae995b815b86a9756182c8e732ddaa48adc91f38bc9603a7c42e9acb027d286ee47d273c378ed5d93fa629cf742ec1f6fbc53,07/19/2025 04:52:00 PM,1,DRIVER,,2011985,,UNKNOWN,OTHER (EXPLAIN IN NARRATIVE),,,UNKNOWN,UNKNOWN/NA,UNKNOWN/NA,W,STRAIGHT AHEAD,,,1,,,,,,,,,,,,,,,,,Y,FRONT,,,,,,,,,,,,,,,,,,,,,,,,,,,,,,,,,
2110521,418936bee7d08836211d175d3fbae995b815b86a9756182c8e732ddaa48adc91f38bc9603a7c42e9acb027d286ee47d273c378ed5d93fa629cf742ec1f6fbc53,07/19/2025 04:52:00 PM,2,DRIVER,1,2011989,,HONDA,OTHER (EXPLAIN IN NARRATIVE),IL,2015,UNKNOWN,PASSENGER,PERSONAL,E,STRAIGHT AHEAD,Y,,2,,UNKNOWN,UNKNOWN,,Y,,,,,,,,,,Y,Y,,FRONT,,,,,,,,,,,,,,,,,,,,,,,,,,,,,,,,,
2110132,3956d34da8e94c45ac42580b48befa0f16240a45c8b108958e1ec8b22a594beaaa8f68bb4847a781fa76e67158b242aa53d1123613f654ae62a898ba9442d30a,07/19/2025 04:35:00 PM,1,DRIVER,1,2011624,,FORD,EXPLORER,IL,,BRAKES,PASSENGER,POLICE,E,TURNING LEFT,,,2,,,,,Y,Y,Y,Y,,,,,,,,,,FRONT-RIGHT-CORNER,,,,,,,,,,,,,,,,,,,,,,,,,,,,,,,,,
2110124,5040c55c5021ffbb69df583a9730567571ce992ee9e87e8c16b052b0653ce02c90fbeb0f785c795d78dd748268cb60c5b18affba5976978c1a07d734c0994856,07/19/2025 04:30:00 PM,1,DRIVER,,2011618,,ACURA,TLX,IL,2005,NONE,PASSENGER,PERSONAL,S,STRAIGHT AHEAD,,,1,,,,,Y,,,,,,,,,,Y,Y,Y,FRONT,,,,,,,,,,,,,,,,,,,,,,,,,,,,,,,,,
2110125,5040c55c5021ffbb69df583a9730567571ce992ee9e87e8c16b052b0653ce02c90fbeb0f785c795d78dd748268cb60c5b18affba5976978c1a07d734c0994856,07/19/2025 04:30:00 PM,2,DRIVER,,2011620,,CHEVROLET,CRUZE,IL,2018,NONE,PASSENGER,PERSONAL,S,STRAIGHT AHEAD,,,1,,,,,,,,,Y,Y,Y,,,,,,Y,REAR,,,,,,,,,,,,,,,,,,,,,,,,,,,,,,,,,
2110135,908ba2688e447837bc9379b06e2cc2d447f5dee9b9842f6753f91f7674816f51465208124a396f4f50cef862227dd8a26cbbef9a35570f7025882b4d53c0e74f,07/19/2025 04:27:00 PM,1,DRIVER,,2011627,,HONDA,CIVIC,IL,2020,NONE,PASSENGER,PERSONAL,S,STRAIGHT AHEAD,,,1,,,,,,,,,,,,,,,,,,UNKNOWN,,,,,,,,,,,,,,,,,,,,,,,,,,,,,,,,,
2110136,908ba2688e447837bc9379b06e2cc2d447f5dee9b9842f6753f91f7674816f51465208124a396f4f50cef862227dd8a26cbbef9a35570f7025882b4d53c0e74f,07/19/2025 04:27:00 PM,2,DRIVER,,2011638,,BUICK,ENCORE,IL,2015,NONE,PASSENGER,PERSONAL,SW,TURNING RIGHT,,,1,,,,,,,,,,,,,Y,Y,Y,,,FRONT-LEFT-CORNER,,,,,,,,,,,,,,,,,,,,,,,,,,,,,,,,,
2110112,822889547c4b3aaffc18a9aba76c90f45b6d5499d8904c40c4db942244bf6cae55ae2b8fcf3344b189a77d5913ee40d40e9d326368451999968e21cafb5b596e,07/19/2025 04:25:00 PM,1,DRIVER,1,2011604,,HYUNDAI,VERACRUZ,IL,2008,UNKNOWN,PASSENGER,PERSONAL,E,STRAIGHT AHEAD,,,2,,,,,,,,,,,,,,,Y,,,UNKNOWN,,,,,,,,,,,,,,,,,,,,,,,,,,,,,,,,,
2110113,822889547c4b3aaffc18a9aba76c90f45b6d5499d8904c40c4db942244bf6cae55ae2b8fcf3344b189a77d5913ee40d40e9d326368451999968e21cafb5b596e,07/19/2025 04:25:00 PM,2,DRIVER,,2011610,,FORD,FIESTA,IL,2016,UNKNOWN,PASSENGER,PERSONAL,E,STRAIGHT AHEAD,,,1,,,,,,,,,,Y,,,,,,,,UNKNOWN,,,,,,,,,,,,,,,,,,,,,,,,,,,,,,,,,
2110156,568e8c8494abefbf6cee3cb47f10f7f74f0cee94aac79560562621ad41bc6283861fdb3b7f58d7e7e017a72bc56e891f5140d8db43d676e6ea7b617297112fef,07/19/2025 04:20:00 PM,1,DRIVER,,2011646,,TOYOTA,COROLLA,IL,2018,UNKNOWN,PASSENGER,UNKNOWN/NA,W,TURNING LEFT,,,1,,,,,,,,,,,,,,,,,,UNKNOWN,,,,,,,,,,,,,,,,,,,,,,,,,,,,,,,,,
2110157,568e8c8494abefbf6cee3cb47f10f7f74f0cee94aac79560562621ad41bc6283861fdb3b7f58d7e7e017a72bc56e891f5140d8db43d676e6ea7b617297112fef,07/19/2025 04:20:00 PM,2,DRIVER,,2011659,,HONDA,ACCORD,IL,2001,UNKNOWN,PASSENGER,PERSONAL,SE,STRAIGHT AHEAD,Y,,1,,OWNER,,,Y,,,,,,,,,Y,Y,Y,,FRONT-LEFT-CORNER,,,,,,,,,,,,,,,,,,,,,,,,,,,,,,,,,
2111224,6879b1c0c111ec391b05664e9be98606570ae122e6428ef9237f10ee5aa952a776fcdc8d844932dce863cb920b7229546b9bfb384e6882d10b1ffda29dc0e77b,07/19/2025 04:15:00 PM,1,DRIVER,,2012657,,BUICK,REGAL,IL,2009,NONE,PASSENGER,PERSONAL,S,PASSING/OVERTAKING,,,1,,,,,,,,,,,,Y,Y,Y,,,,SIDE-LEFT,,,,,,,,,,,,,,,,,,,,,,,,,,,,,,,,,
2111225,6879b1c0c111ec391b05664e9be98606570ae122e6428ef9237f10ee5aa952a776fcdc8d844932dce863cb920b7229546b9bfb384e6882d10b1ffda29dc0e77b,07/19/2025 04:15:00 PM,2,PARKED,,2012664,,MERCEDES-BENZ,C30,IL,2003,NONE,PASSENGER,PERSONAL,N,PARKED,,,0,,,,,,,,,,,,Y,,,,,,REAR-LEFT-CORNER,,,,,,,,,,,,,,,,,,,,,,,,,,,,,,,,,
2110114,cc16833ecac24184e257873b5099afbf41a7cbc591b66deea6ec03648ca68b2d3285295aa421a320c6e2fd1cb9f7b59e14ada96b4b03a4f76f602daccacf0bd9,07/19/2025 04:10:00 PM,1,DRIVER,,2011605,,FORD,TRANSIT,IL,2015,NONE,VAN/MINI-VAN,PERSONAL,W,BACKING,,,1,,,,,,,,,Y,Y,Y,,,,,,,REAR,,,,,,,,,,,,,,,,,,,,,,,,,,,,,,,,,
2110115,cc16833ecac24184e257873b5099afbf41a7cbc591b66deea6ec03648ca68b2d3285295aa421a320c6e2fd1cb9f7b59e14ada96b4b03a4f76f602daccacf0bd9,07/19/2025 04:10:00 PM,2,DRIVER,,2011609,,MERCEDES-BENZ,GLE,IL,2019,NONE,PASSENGER,PERSONAL,E,SLOW/STOP IN TRAFFIC,,,1,,,,,Y,,,,,,,,,,Y,Y,,FRONT,,,,,,,,,,,,,,,,,,,,,,,,,,,,,,,,,
2110776,a03961b8350ed0ce427f1ef5b60efefc7e4e6ace67b58958e1455a813f29380e25a03c4af7004f90355ba6fb860fa79d3703239cec9ab120c327f6e81b9c41d8,07/19/2025 04:00:00 PM,1,DRIVER,1,2012227,,MERCEDES-BENZ,ML350,IL,2013,NONE,SPORT UTILITY VEHICLE (SUV),PERSONAL,W,STRAIGHT AHEAD,,,2,,,,,,,,,,,,,,,,,Y,FRONT,,,,,,,,,,,,,,,,,,,,,,,,,,,,,,,,,
2110777,a03961b8350ed0ce427f1ef5b60efefc7e4e6ace67b58958e1455a813f29380e25a03c4af7004f90355ba6fb860fa79d3703239cec9ab120c327f6e81b9c41d8,07/19/2025 04:00:00 PM,2,BICYCLE,,,,,,,,,,,,,,,,,,,,,,,,,,,,,,,,,,,,,,,,,,,,,,,,,,,,,,,,,,,,,,,,,,
2110103,095dafb8cc8d7a992fc12aa95bbf719b409c073d86f2e708f04b9b51dd6b4ce31d59af210984a9cdb29bec4985805d42afb551badb07e7f838bfe9af3272334e,07/19/2025 03:56:00 PM,1,DRIVER,,2011591,,NISSAN,ROGUE,IL,2016,NONE,PASSENGER,PERSONAL,W,STRAIGHT AHEAD,,,1,,,,,Y,,,,,,,,,,,Y,,FRONT-RIGHT-CORNER,,,,,,,,,,,,,,,,,,,,,,,,,,,,,,,,,
2110104,095dafb8cc8d7a992fc12aa95bbf719b409c073d86f2e708f04b9b51dd6b4ce31d59af210984a9cdb29bec4985805d42afb551badb07e7f838bfe9af3272334e,07/19/2025 03:56:00 PM,2,DRIVER,,2011595,,FORD,ESCAPE,IL,2011,NONE,PASSENGER,PERSONAL,W,STRAIGHT AHEAD,,,1,,,,,,,,,,Y,,,,,,Y,,FRONT,,,,,,,,,,,,,,,,,,,,,,,,,,,,,,,,,
2110105,095dafb8cc8d7a992fc12aa95bbf719b409c073d86f2e708f04b9b51dd6b4ce31d59af210984a9cdb29bec4985805d42afb551badb07e7f838bfe9af3272334e,07/19/2025 03:56:00 PM,3,DRIVER,,2011600,,FORD,FOCUS,IL,2015,NONE,PASSENGER,PERSONAL,W,STRAIGHT AHEAD,,,1,,,,,,,,,Y,Y,Y,,,,,,,REAR,,,,,,,,,,,,,,,,,,,,,,,,,,,,,,,,,
2110160,3f1fc42c659c0a4b77c2c96a54b9bb5ba98f9305875f19c63bc549169b616d9887b987d13ca9ff24d551c460a9952440d039294a7bb4f3ff63ed1de993683d5d,07/19/2025 03:56:00 PM,1,DRIVER,1,2011690,,DODGE,RAM 1500 PU,IL,2021,NONE,PICKUP,PERSONAL,N,STRAIGHT AHEAD,,,2,,,,,Y,,,,,,,,,,Y,Y,,FRONT,,,,,,,,,,,,,,,,,,,,,,,,,,,,,,,,,
2110161,3f1fc42c659c0a4b77c2c96a54b9bb5ba98f9305875f19c63bc549169b616d9887b987d13ca9ff24d551c460a9952440d039294a7bb4f3ff63ed1de993683d5d,07/19/2025 03:56:00 PM,2,DRIVER,3,2011668,,HYUNDAI,ELANTRA,IL,2019,NONE,PASSENGER,PERSONAL,S,TURNING LEFT,,,4,,,,,,,,Y,,,,,,,,,,SIDE-RIGHT-REAR,,,,,,,,,,,,,,,,,,,,,,,,,,,,,,,,,
2110162,3f1fc42c659c0a4b77c2c96a54b9bb5ba98f9305875f19c63bc549169b616d9887b987d13ca9ff24d551c460a9952440d039294a7bb4f3ff63ed1de993683d5d,07/19/2025 03:56:00 PM,3,DRIVER,,2011705,,LEXUS,ES300,IL,2000,NONE,PASSENGER,PERSONAL,N,STRAIGHT AHEAD,,,1,,,,,,,,,Y,,,,,,,,,SIDE-RIGHT-REAR,,,,,,,,,,,,,,,,,,,,,,,,,,,,,,,,,
2110094,c12adb509ce7fd6294c59fb45482b6df5025e1f9db56234ed7deb19fe1a7d8484998906943e2026b6c2a63f75d9f861efa8af03043cb12e42cc9a4aad1f3e616,07/19/2025 03:40:00 PM,1,DRIVER,,2011589,,FORD,ESCAPE,IL,2020,OTHER,SPORT UTILITY VEHICLE (SUV),PERSONAL,N,STRAIGHT AHEAD,,,1,,,,,Y,Y,,,,,,,,,,,,FRONT-RIGHT-CORNER,,,,,,,,,,,,,,,,,,,,,,,,,,,,,,,,,