CRASH_UNIT_ID,CRASH_RECORD_ID,CRASH_DATE,UNIT_NO,UNIT_TYPE,NUM_PASSENGERS,VEHICLE_ID,CMRC_VEH_I,MAKE,MODEL,LIC_PLATE_STATE,VEHICLE_YEAR,VEHICLE_DEFECT,VEHICLE_TYPE,VEHICLE_USE,TRAVEL_DIRECTION,MANEUVER,TOWED_I,FIRE_I,OCCUPANT_CNT,EXCEED_SPEED_LIMIT_I,TOWED_BY,TOWED_TO,AREA_00_I,AREA_01_I,AREA_02_I,AREA_03_I,AREA_04_I,AREA_05_I,AREA_06_I,AREA_07_I,AREA_08_I,AREA_09_I,AREA_10_I,AREA_11_I,AREA_12_I,AREA_99_I,FIRST_CONTACT_POINT,CMV_ID,USDOT_NO,CCMC_NO,ILCC_NO,COMMERCIAL_SRC,GVWR,CARRIER_NAME,CARRIER_STATE,CARRIER_CITY,HAZMAT_PLACARDS_I,HAZMAT_NAME,UN_NO,HAZMAT_PRESENT_I,HAZMAT_REPORT_I,HAZMAT_REPORT_NO,MCS_REPORT_I,MCS_REPORT_NO,HAZMAT_VIO_CAUSE_CRASH_I,MCS_VIO_CAUSE_CRASH_I,IDOT_PERMIT_NO,WIDE_LOAD_I,TRAILER1_WIDTH,TRAILER2_WIDTH,TRAILER1_LENGTH,TRAILER2_LENGTH,TOTAL_VEHICLE_LENGTH,AXLE_CNT,VEHICLE_CONFIG,CARGO_BODY_TYPE,LOAD_TYPE,HAZMAT_OUT_OF_SERVICE_I,MCS_OUT_OF_SERVICE_I,HAZMAT_CLASS
2110095,c12adb509ce7fd6294c59fb45482b6df5025e1f9db56234ed7deb19fe1a7d8484998906943e2026b6c2a63f75d9f861efa8af03043cb12e42cc9a4aad1f3e616,07/19/2025 03:40:00 PM,2,PARKED,,2011593,,AUDI,Q7,IL,2017,UNKNOWN,SPORT UTILITY VEHICLE (SUV),PERSONAL,N,PARKED,,,0,,,,,,,,,,,,,Y,Y,,,,SIDE-LEFT,,,,,,,,,,,,,,,,,,,,,,,,,,,,,,,,,
2111680,dcb5ebcdad97fa459255e28d6c3b92ed9122f854ef221f8c45f3b190ab55fb913627a6edbe9ad866677a3031f971bf3ef266a3655aa0add073e9f2fa4ca76245,07/19/2025 03:40:00 PM,1,DRIVER,,2013088,,LINCOLN,OTHER (EXPLAIN IN NARRATIVE),IL,2005,UNKNOWN,SPORT UTILITY VEHICLE (SUV),UNKNOWN/NA,UNKNOWN,STRAIGHT AHEAD,,,1,,,,,,,,,,,,,,,,,Y,FRONT,,,,,,,,,,,,,,,,,,,,,,,,,,,,,,,,,
2111681,dcb5ebcdad97fa459255e28d6c3b92ed9122f854ef221f8c45f3b190ab55fb913627a6edbe9ad866677a3031f971bf3ef266a3655aa0add073e9f2fa4ca76245,07/19/2025 03:40:00 PM,2,PARKED,,2013085,,JEEP,CHEROKEE,IL,2014,UNKNOWN,SPORT UTILITY VEHICLE (SUV),PERSONAL,UNKNOWN,PARKED,,,0,,,,,,,,Y,Y,,,,,,,,,REAR,,,,,,,,,,,,,,,,,,,,,,,,,,,,,,,,,
2110092,2b59b4de83aaed8753022477c7cf1f6918f6abf5ae4134fd78482ecb1b392a47a46530a56242183005d10389a2b326500c0c714e0eb84f43e47237313522f8f9,07/19/2025 03:39:00 PM,1,DRIVER,,2011587,,SAAB,9-3,IL,2007,NONE,PASSENGER,PERSONAL,S,TURNING RIGHT,,,1,,,,,,,,,,,,,,,Y,,,FRONT-LEFT-CORNER,,,,,,,,,,,,,,,,,,,,,,,,,,,,,,,,,
2110093,2b59b4de83aaed8753022477c7cf1f6918f6abf5ae4134fd78482ecb1b392a47a46530a56242183005d10389a2b326500c0c714e0eb84f43e47237313522f8f9,07/19/2025 03:39:00 PM,2,DRIVER,,2011594,N,DODGE,RAM PROMASTER,IL,2019,NONE,VAN/MINI-VAN,OTHER,S,STRAIGHT AHEAD,,,1,,,,,,Y,Y,Y,,,,,,,,,,SIDE-RIGHT,,,,,,,,,,,,,,,,,,,,,,,,,,,,,,,,,
2110133,26cb0457633f6051bcef0930aeb4e707bd1a57690844623be2769e588f456bafe8087314b03e1bb4a7f6f0f53dab372bfb2ae7ce3a7e98530cdedbe1db15e736,07/19/2025 03:34:00 PM,1,DRIVER,,2011626,,FORD,EXPLORER,IL,2013,NONE,SPORT UTILITY VEHICLE (SUV),PERSONAL,W,STRAIGHT AHEAD,Y,,1,,PRIVATE TOW,,,,,,Y,Y,,,,,,,,,REAR-RIGHT-CORNER,,,,,,,,,,,,,,,,,,,,,,,,,,,,,,,,,
2110134,26cb0457633f6051bcef0930aeb4e707bd1a57690844623be2769e588f456bafe8087314b03e1bb4a7f6f0f53dab372bfb2ae7ce3a7e98530cdedbe1db15e736,07/19/2025 03:34:00 PM,2,DRIVER,,2011630,,CADILLAC,CTS,IL,2007,NONE,PASSENGER,PERSONAL,S,STRAIGHT AHEAD,,,1,,,,,Y,,,,,,,,,,Y,Y,,FRONT,,,,,,,,,,,,,,,,,,,,,,,,,,,,,,,,,
2110086,66275df4318c9a07f607d1b3d9ccc372ba23912ecde59d8a622b73aef7bb5fe6f39e64402da7b2b39ee0ec1bc87c3cdbaf73968d433217957cda76ddf1cc68dc,07/19/2025 03:34:00 PM,1,DRIVER,,2011577,,UNKNOWN,OTHER (EXPLAIN IN NARRATIVE),,,UNKNOWN,PASSENGER,PERSONAL,UNKNOWN,STRAIGHT AHEAD,,,1,,,,,,,,,,,,,,,,,,FRONT,,,,,,,,,,,,,,,,,,,,,,,,,,,,,,,,,
2110100,66275df4318c9a07f607d1b3d9ccc372ba23912ecde59d8a622b73aef7bb5fe6f39e64402da7b2b39ee0ec1bc87c3cdbaf73968d433217957cda76ddf1cc68dc,07/19/2025 03:34:00 PM,2,PEDESTRIAN,,,,,,,,,,,,,,,,,,,,,,,,,,,,,,,,,,,,,,,,,,,,,,,,,,,,,,,,,,,,,,,,,,
2110108,d0536f3b5b6f2c953a47b6887371f634345ccf3912fc49717a9c1d952315d9769d2796583e6863dd0db8e05590bdb5517e4e54fb2aaf9bbb35151b3b90284807,07/19/2025 03:33:00 PM,1,DRIVER,,2011601,,HYUNDAI,OTHER (EXPLAIN IN NARRATIVE),IL,2022,UNKNOWN,UNKNOWN/NA,UNKNOWN/NA,S,MERGING,,,1,,,,,,,,,,,,,,,,,Y,UNKNOWN,,,,,,,,,,,,,,,,,,,,,,,,,,,,,,,,,
2110109,d0536f3b5b6f2c953a47b6887371f634345ccf3912fc49717a9c1d952315d9769d2796583e6863dd0db8e05590bdb5517e4e54fb2aaf9bbb35151b3b90284807,07/19/2025 03:33:00 PM,2,DRIVER,,2011611,,FORD,FOCUS,IL,2014,UNKNOWN,PASSENGER,UNKNOWN/NA,W,STRAIGHT AHEAD,,,1,,,,,,,,Y,Y,,,,,,,,,SIDE-LEFT-REAR,,,,,,,,,,,,,,,,,,,,,,,,,,,,,,,,,
2115628,00c527b00f9cf2058fff3f4a004d1b729b80c65201c60b81a891e95214b2a04ad308976013498a3c6ff050ea686ab2871822ea93efe4af32c8a25f782e6bfa2a,07/19/2025 03:30:00 PM,1,BICYCLE,,,,,,,,,,,,,,,,,,,,,,,,,,,,,,,,,,,,,,,,,,,,,,,,,,,,,,,,,,,,,,,,,,
2115629,00c527b00f9cf2058fff3f4a004d1b729b80c65201c60b81a891e95214b2a04ad308976013498a3c6ff050ea686ab2871822ea93efe4af32c8a25f782e6bfa2a,07/19/2025 03:30:00 PM,2,DRIVER,,2016846,,NISSAN,KICKS,IL,2021,UNKNOWN,SPORT UTILITY VEHICLE (SUV),PERSONAL,S,TURNING LEFT,,,1,,,,,,,,,,,,,,Y,,,,SIDE-LEFT,,,,,,,,,,,,,,,,,,,,,,,,,,,,,,,,,
2110077,12acba90a640e23d7cc6023df3b516f4e5fe1dbc2a544402fa6b512eb3a430ffb978a520620e81c69c0acdecfd69f5e8d64468d84e6b2b38bd709f9cf5f34ebd,07/19/2025 03:30:00 PM,1,DRIVER,,2011574,,HONDA,ACCORD,IL,2005,NONE,PASSENGER,PERSONAL,N,STRAIGHT AHEAD,,,1,,,,,,,,,,,,,,,,Y,,FRONT,,,,,,,,,,,,,,,,,,,,,,,,,,,,,,,,,
2110078,12acba90a640e23d7cc6023df3b516f4e5fe1dbc2a544402fa6b512eb3a430ffb978a520620e81c69c0acdecfd69f5e8d64468d84e6b2b38bd709f9cf5f34ebd,07/19/2025 03:30:00 PM,2,DRIVER,,2011581,,NISSAN,ROGUE,IL,2012,NONE,PASSENGER,PERSONAL,N,STRAIGHT AHEAD,,,1,,,,,,,,,,Y,,,,,,,,REAR,,,,,,,,,,,,,,,,,,,,,,,,,,,,,,,,,
2110098,4b2f3661efbab12abf5effc4698eec58072112eecc22e65faaf3b9a85b18e6f9ae7e23621c03cdb2d0b1ad87ef49b9fecf755c6bfdfd40bc19e319ae88225a49,07/19/2025 03:30:00 PM,1,DRIVER,,2011592,,SUBARU,CROSSTREK,IL,2014,NONE,SPORT UTILITY VEHICLE (SUV),PERSONAL,W,STRAIGHT AHEAD,,,1,,,,,,,,,,,,,,,,,,UNKNOWN,,,,,,,,,,,,,,,,,,,,,,,,,,,,,,,,,
2110099,4b2f3661efbab12abf5effc4698eec58072112eecc22e65faaf3b9a85b18e6f9ae7e23621c03cdb2d0b1ad87ef49b9fecf755c6bfdfd40bc19e319ae88225a49,07/19/2025 03:30:00 PM,2,DRIVER,,2011596,,HONDA,CR-V,IL,2009,NONE,SPORT UTILITY VEHICLE (SUV),PERSONAL,N,STRAIGHT AHEAD,,,1,,,,,,,,Y,Y,,,,,,,,,REAR-RIGHT-CORNER,,,,,,,,,,,,,,,,,,,,,,,,,,,,,,,,,
2110116,a327b0a6d3abd3b0585ed670c40aa316cefc123b74d371ae421ac8e34a675cfb90b5ad520dff874fbdd5a7246471539966795d4848a6a456a86889a691ef46e6,07/19/2025 03:26:00 PM,1,DRIVER,,2011612,,HONDA,ACCORD,IL,2018,UNKNOWN,PASSENGER,PERSONAL,S,MERGING,,,1,,,,,,,,,,,,,,Y,Y,,,FRONT-LEFT-CORNER,,,,,,,,,,,,,,,,,,,,,,,,,,,,,,,,,
2110117,a327b0a6d3abd3b0585ed670c40aa316cefc123b74d371ae421ac8e34a675cfb90b5ad520dff874fbdd5a7246471539966795d4848a6a456a86889a691ef46e6,07/19/2025 03:26:00 PM,2,DRIVER,2,2011615,,TOYOTA,COROLLA,IL,2024,UNKNOWN,PASSENGER,PERSONAL,S,STRAIGHT AHEAD,,,3,,,,,Y,Y,,,,,,,,,,,,FRONT-RIGHT-CORNER,,,,,,,,,,,,,,,,,,,,,,,,,,,,,,,,,
2110256,7ee2f24f31efde632b224c19a3dd428104e088b4ed922936295253e9ecc80370abb0f8e1235851b1991b50d75768270309ac6383568585df55f3dcf2fbd8789f,07/19/2025 03:25:00 PM,1,DRIVER,,2011739,,SUBARU,IMPREZA,IL,2016,NONE,PASSENGER,PERSONAL,E,MERGING,,,1,,,,,,,,,,,Y,Y,Y,Y,Y,Y,,SIDE-LEFT,,,,,,,,,,,,,,,,,,,,,,,,,,,,,,,,,
2110257,7ee2f24f31efde632b224c19a3dd428104e088b4ed922936295253e9ecc80370abb0f8e1235851b1991b50d75768270309ac6383568585df55f3dcf2fbd8789f,07/19/2025 03:25:00 PM,2,DRIVER,1,2011743,,SUBARU,FORESTER,IL,2014,NONE,PASSENGER,PERSONAL,E,STRAIGHT AHEAD,,,2,,,,,Y,Y,Y,Y,Y,,,,N,N,N,Y,,SIDE-RIGHT,,,,,,,,,,,,,,,,,,,,,,,,,,,,,,,,,
2110068,965b54cac9044f29ee7d6fbf509e053f83261250f4fcf3141d6e8d05d79a81567b18ede8e6d08ff7f0c3334466f55ffff3663fe91f64da578a02911a1c09b575,07/19/2025 03:25:00 PM,1,DRIVER,,2011565,,JEEP,JEEP,IL,2016,UNKNOWN,PASSENGER,UNKNOWN/NA,S,STRAIGHT AHEAD,,,1,,,,,,,,,,,,,,,,,Y,FRONT,,,,,,,,,,,,,,,,,,,,,,,,,,,,,,,,,
2110069,965b54cac9044f29ee7d6fbf509e053f83261250f4fcf3141d6e8d05d79a81567b18ede8e6d08ff7f0c3334466f55ffff3663fe91f64da578a02911a1c09b575,07/19/2025 03:25:00 PM,2,DRIVER,1,2011572,,HONDA,CIVIC,IL,2019,UNKNOWN,PASSENGER,PERSONAL,S,STRAIGHT AHEAD,,,2,,,,,,,,,,Y,Y,,,,,,,REAR-LEFT-CORNER,,,,,,,,,,,,,,,,,,,,,,,,,,,,,,,,,
2110106,0b466386b9d501774a3ce4eb23a884f1d9ff719ecc2df327a3d87e45d995a40202a4524e8013f146286fb3c7f15abe77fc6dcc0a327d3623fd18ac73f4f16328,07/19/2025 03:20:00 PM,1,DRIVER,1,2011598,,HONDA,ODYSSEY,IN,2019,UNKNOWN,PASSENGER,UNKNOWN/NA,S,TURNING RIGHT,,,2,,,,,,,Y,,,,,,,,,,,SIDE-RIGHT,,,,,,,,,,,,,,,,,,,,,,,,,,,,,,,,,
2110107,0b466386b9d501774a3ce4eb23a884f1d9ff719ecc2df327a3d87e45d995a40202a4524e8013f146286fb3c7f15abe77fc6dcc0a327d3623fd18ac73f4f16328,07/19/2025 03:20:00 PM,2,PARKED,,2011616,,BUICK,ENCLAVE,MI,2025,UNKNOWN,PASSENGER,UNKNOWN/NA,S,PARKED,,,0,,,,,,,,,,,,,,,Y,,,FRONT-LEFT-CORNER,,,,,,,,,,,,,,,,,,,,,,,,,,,,,,,,,
2110126,fd2ffaa1c6d43f715cff8922781a391b963c5e572a8551888b1ef2f6254927368ea5fffe5908c6d47e8674ee9c03762094f1c7884b531ee45919e268fc7f22a5,07/19/2025 03:20:00 PM,1,DRIVER,,2011623,,NISSAN,ROGUE,IL,2014,NONE,PASSENGER,PERSONAL,E,STRAIGHT AHEAD,,,1,,,,,,,,,,,,,,,,Y,,FRONT,,,,,,,,,,,,,,,,,,,,,,,,,,,,,,,,,
2110127,fd2ffaa1c6d43f715cff8922781a391b963c5e572a8551888b1ef2f6254927368ea5fffe5908c6d47e8674ee9c03762094f1c7884b531ee45919e268fc7f22a5,07/19/2025 03:20:00 PM,2,DRIVER,,2011632,,HYUNDAI,SONATA,IL,2024,NONE,PASSENGER,PERSONAL,E,STRAIGHT AHEAD,,,1,,,,,,,,,Y,Y,,,,,,,,REAR,,,,,,,,,,,,,,,,,,,,,,,,,,,,,,,,,
2110194,817c25c9f2d8d5b90365d2b1cfc865eb1a899af4ed582e847f405d7d2215c74465c24d00d73dc07c2bc8c6868e1d283e4655715d577555f42746ce4daf111477,07/19/2025 03:17:00 PM,1,DRIVER,,2011694,,TOYOTA,HIGHLANDER,IL,2006,UNKNOWN,PASSENGER,PERSONAL,W,STRAIGHT AHEAD,,,1,,,,,Y,,,,,Y,Y,Y,,,Y,Y,,OTHER,,,,,,,,,,,,,,,,,,,,,,,,,,,,,,,,,
2110195,817c25c9f2d8d5b90365d2b1cfc865eb1a899af4ed582e847f405d7d2215c74465c24d00d73dc07c2bc8c6868e1d283e4655715d577555f42746ce4daf111477,07/19/2025 03:17:00 PM,2,DRIVER,,2011701,,CHRYSLER,OTHER (EXPLAIN IN NARRATIVE),IL,2013,NONE,PASSENGER,PERSONAL,E,SLOW/STOP IN TRAFFIC,,,1,,,,,,,,,,,,,,Y,Y,,,SIDE-LEFT-FRONT,,,,,,,,,,,,,,,,,,,,,,,,,,,,,,,,,
2110196,817c25c9f2d8d5b90365d2b1cfc865eb1a899af4ed582e847f405d7d2215c74465c24d00d73dc07c2bc8c6868e1d283e4655715d577555f42746ce4daf111477,07/19/2025 03:17:00 PM,3,DRIVER,,2011707,,JEEP,CHEROKEE,IN,2006,UNKNOWN,PASSENGER,PERSONAL,S,STRAIGHT AHEAD,,,1,,,,,Y,,,,,,,,,,Y,Y,,FRONT,,,,,,,,,,,,,,,,,,,,,,,,,,,,,,,,,
2111139,91e5408679c6033eca87b91a3b5c75daa9ef803b3a5eb17d1665a78fc47d7c173c6dfa6fb034faa28011cf13e4953a80979b5579d18498284e552957af0002e6,07/19/2025 03:15:00 PM,1,DRIVER,,2012577,,GENERAL MOTORS CORPORATION (GMC),YUKON,IL,2016,NONE,SPORT UTILITY VEHICLE (SUV),UNKNOWN/NA,SE,ENTERING TRAFFIC LANE FROM PARKING,,,1,,,,,,,,,,,,,,Y,Y,,,FRONT-LEFT-CORNER,,,,,,,,,,,,,,,,,,,,,,,,,,,,,,,,,
2111140,91e5408679c6033eca87b91a3b5c75daa9ef803b3a5eb17d1665a78fc47d7c173c6dfa6fb034faa28011cf13e4953a80979b5579d18498284e552957af0002e6,07/19/2025 03:15:00 PM,2,DRIVER,1,2012583,,TESLA,MODEL Y,IL,2024,NONE,PASSENGER,PERSONAL,S,STRAIGHT AHEAD,,,2,,,,,Y,Y,,,,,,,,,,,,SIDE-RIGHT-FRONT,,,,,,,,,,,,,,,,,,,,,,,,,,,,,,,,,
2111210,033c36bd06ff3633b8c8650582de5539d1c378ee7906020fe3fac9ce45b6d735c6606417fb651ae7c37c684966326ea24b0fcfee1d5569d5ae7e36f68cdfaf0e,07/19/2025 03:13:00 PM,1,DRIVER,3,2012642,,JEEP,GRAND CHEROKEE,IL,2025,UNKNOWN,PASSENGER,UNKNOWN/NA,N,STRAIGHT AHEAD,N,,4,,,,,Y,Y,,,,,,,,,,,,FRONT-RIGHT-CORNER,,,,,,,,,,,,,,,,,,,,,,,,,,,,,,,,,
2111211,033c36bd06ff3633b8c8650582de5539d1c378ee7906020fe3fac9ce45b6d735c6606417fb651ae7c37c684966326ea24b0fcfee1d5569d5ae7e36f68cdfaf0e,07/19/2025 03:13:00 PM,2,DRIVER,,2012643,,DODGE,JOURNEY,IL,2018,UNKNOWN,PASSENGER,PERSONAL,W,STRAIGHT AHEAD,Y,,1,,PERSONAL TOW,,,,,,,,,,,,Y,Y,,,FRONT-LEFT-CORNER,,,,,,,,,,,,,,,,,,,,,,,,,,,,,,,,,
2110096,b4282327247537e50908acb6ba7611f4748913540adf91c14609d2fe8d9b9d228d2afaec1b942fd37269bedd5b59b0fdb71f5d6d7a88c0d107c11e46ef3e3486,07/19/2025 03:12:00 PM,1,DRIVER,,2011603,,TOYOTA,CAMRY,IL,2017,NONE,PASSENGER,PERSONAL,W,BACKING,,,1,,,,,,,,,Y,Y,,,,,,,,REAR,,,,,,,,,,,,,,,,,,,,,,,,,,,,,,,,,
2110097,b4282327247537e50908acb6ba7611f4748913540adf91c14609d2fe8d9b9d228d2afaec1b942fd37269bedd5b59b0fdb71f5d6d7a88c0d107c11e46ef3e3486,07/19/2025 03:12:00 PM,2,PARKED,,2011597,,TOYOTA,COROLLA,IL,2006,NONE,PASSENGER,NOT IN USE,E,PARKED,,,0,,,,,,,,,,,Y,Y,Y,,,,,SIDE-LEFT,,,,,,,,,,,,,,,,,,,,,,,,,,,,,,,,,
2110122,1cac133e3528b535cc85abf51272bd87bbf5395ec3a937e493f0545f2f4affa38e867c7d98669cb2d946860a19c72edfaf1324abbb4db7cc6095c48b3b6f6b4e,07/19/2025 03:10:00 PM,1,DRIVER,,2011636,,INFINITI,QX4,IL,2014,UNKNOWN,PASSENGER,PERSONAL,W,STRAIGHT AHEAD,,,1,,,,,,,,,,,,,,,,N,Y,FRONT,,,,,,,,,,,,,,,,,,,,,,,,,,,,,,,,,
2110123,1cac133e3528b535cc85abf51272bd87bbf5395ec3a937e493f0545f2f4affa38e867c7d98669cb2d946860a19c72edfaf1324abbb4db7cc6095c48b3b6f6b4e,07/19/2025 03:10:00 PM,2,DRIVER,,2011652,,TOYOTA,4RUNNER,IL,2003,NONE,PASSENGER,PERSONAL,W,STRAIGHT AHEAD,,,1,,,,,,,,,,Y,,,,,,,,REAR,,,,,,,,,,,,,,,,,,,,,,,,,,,,,,,,,
2110824,4d189b984ff78ae7a3e609507c7706b3c6fb1b4b1f542acc66bb911d8eae701f99451812b57aa4efe6044884e09e364e0991d4c8b7708d7005d331b6ea652f57,07/19/2025 03:10:00 PM,1,DRIVER,,2012279,,AUDI,Q3,OH,2017,UNKNOWN,SPORT UTILITY VEHICLE (SUV),PERSONAL,E,ENTERING TRAFFIC LANE FROM PARKING,,,1,,,,,,,,,,,,,,,,,Y,UNKNOWN,,,,,,,,,,,,,,,,,,,,,,,,,,,,,,,,,
2110825,4d189b984ff78ae7a3e609507c7706b3c6fb1b4b1f542acc66bb911d8eae701f99451812b57aa4efe6044884e09e364e0991d4c8b7708d7005d331b6ea652f57,07/19/2025 03:10:00 PM,2,DRIVER,,2012281,,HYUNDAI,OTHER (EXPLAIN IN NARRATIVE),IL,2014,UNKNOWN,PASSENGER,PERSONAL,E,STRAIGHT AHEAD,,,1,,,,,,,,,N,,,,,,,,Y,UNKNOWN,,,,,,,,,,,,,,,,,,,,,,,,,,,,,,,,,
2112700,9ddb82a79ed9d1a53aa903e0424425d878667ca7cd68ea218691510b989ca9f11e80cd56288df3c78862aa6059375701a39a696d5fbd128f4f1b8ccbc9bfa7b3,07/19/2025 03:05:00 PM,1,BICYCLE,,,,,,,,,,,,,,,,,,,,,,,,,,,,,,,,,,,,,,,,,,,,,,,,,,,,,,,,,,,,,,,,,,
2112701,9ddb82a79ed9d1a53aa903e0424425d878667ca7cd68ea218691510b989ca9f11e80cd56288df3c78862aa6059375701a39a696d5fbd128f4f1b8ccbc9bfa7b3,07/19/2025 03:05:00 PM,2,DRIVER,1,2014054,,MERCEDES-BENZ,EQS,IL,2023,UNKNOWN,SPORT UTILITY VEHICLE (SUV),UNKNOWN/NA,SW,TURNING LEFT,,,2,,,,,Y,,,,,,,,,,Y,Y,,FRONT-LEFT-CORNER,,,,,,,,,,,,,,,,,,,,,,,,,,,,,,,,,
2110250,3728fced76b9976feb0846be79d8be4ce805f63e136ddc5f25b4aa34671265467abe511a7520dbce1bef10c524965bfc70a86496c088ecd33a09d06d91e71963,07/19/2025 03:00:00 PM,1,DRIVER,,2011737,,UNKNOWN,OTHER (EXPLAIN IN NARRATIVE),IL,,UNKNOWN,UNKNOWN/NA,UNKNOWN/NA,UNKNOWN,UNKNOWN/NA,,,1,,,,,,,,,,,,,,,,,Y,UNKNOWN,,,,,,,,,,,,,,,,,,,,,,,,,,,,,,,,,
2110251,3728fced76b9976feb0846be79d8be4ce805f63e136ddc5f25b4aa34671265467abe511a7520dbce1bef10c524965bfc70a86496c088ecd33a09d06d91e71963,07/19/2025 03:00:00 PM,2,PARKED,,2011744,,TOYOTA,CROWN,IL,2025,UNKNOWN,UNKNOWN/NA,UNKNOWN/NA,UNKNOWN,PARKED,,,0,,,,,,,,,,,Y,,,,,,,UNKNOWN,,,,,,,,,,,,,,,,,,,,,,,,,,,,,,,,,
2110259,4890c3e3f69bc314abf862fdae372d8305a96fe6672d326bc589b7d20421425207ca40378172ff252ee6770f002e6dde5daeaad06e92138b09cf4b1b1456cc83,07/19/2025 03:00:00 PM,1,DRIVER,,2011745,,KIA,SOUL,IL,2014,NONE,PASSENGER,PERSONAL,E,BACKING,,,1,,,,,,,,,,Y,,,,,,,,REAR,,,,,,,,,,,,,,,,,,,,,,,,,,,,,,,,,
2110260,4890c3e3f69bc314abf862fdae372d8305a96fe6672d326bc589b7d20421425207ca40378172ff252ee6770f002e6dde5daeaad06e92138b09cf4b1b1456cc83,07/19/2025 03:00:00 PM,2,DRIVER,,2011749,,KIA,SOUL,,2019,NONE,PASSENGER,PERSONAL,S,STRAIGHT AHEAD,,,1,,,,,,,,,,,,Y,,,,,,SIDE-LEFT,,,,,,,,,,,,,,,,,,,,,,,,,,,,,,,,,
2110038,7b2f42eab37c4c2c632b5434e6619ef7bbfde0f05717f6d36a19e3948ef8630dde8c6c4cf0c7f3a79c19b257ea06254b1c2aa06d5ade783fe139e0453ce012d6,07/19/2025 02:50:00 PM,1,DRIVER,,2011540,,HYUNDAI,SANTA FE,IL,2007,UNKNOWN,SPORT UTILITY VEHICLE (SUV),PERSONAL,N,STRAIGHT AHEAD,,,1,,,,,,,,,,,,Y,,,,,,SIDE-LEFT,,,,,,,,,,,,,,,,,,,,,,,,,,,,,,,,,
2110039,7b2f42eab37c4c2c632b5434e6619ef7bbfde0f05717f6d36a19e3948ef8630dde8c6c4cf0c7f3a79c19b257ea06254b1c2aa06d5ade783fe139e0453ce012d6,07/19/2025 02:50:00 PM,2,DRIVER,,2011543,,HYUNDAI,SONATA,IL,2013,NONE,PASSENGER,PERSONAL,N,STRAIGHT AHEAD,,,1,,,,,Y,Y,Y,Y,Y,,,,,,,,,SIDE-RIGHT,,,,,,,,,,,,,,,,,,,,,,,,,,,,,,,,,
2110617,d96ef4e7d9b3c125af1eb2a9f19d8d27be171ea828d99ce33209fb077a8fd55deb22f627dc64325f3dfd382601e6603e054f13d6988f674857fabadab8a51ab8,07/19/2025 02:45:00 PM,1,DRIVER,,2012074,,LEXUS,OTHER (EXPLAIN IN NARRATIVE),IL,2008,NONE,PASSENGER,PERSONAL,W,STRAIGHT AHEAD,,,1,,,,,,,,,,,,,,,Y,,,SIDE-LEFT-FRONT,,,,,,,,,,,,,,,,,,,,,,,,,,,,,,,,,
2110618,d96ef4e7d9b3c125af1eb2a9f19d8d27be171ea828d99ce33209fb077a8fd55deb22f627dc64325f3dfd382601e6603e054f13d6988f674857fabadab8a51ab8,07/19/2025 02:45:00 PM,2,DRIVER,,2012081,,NISSAN,ROGUE,,2015,NONE,SPORT UTILITY VEHICLE (SUV),PERSONAL,N,STRAIGHT AHEAD,,,1,,,,,N,,Y,Y,,,,,,,,,,SIDE-RIGHT,,,,,,,,,,,,,,,,,,,,,,,,,,,,,,,,,
2110042,3ef414dc3fb156d13716eee55127924a6c8d6ebaa4ea94fa9684c65be2879545579a67ee05234e9c1acf48079b3ba0bfbbfe542c21966891f17bbcd7f2f6e402,07/19/2025 02:42:00 PM,1,DRIVER,,2011546,,NISSAN,QUEST,IN,2007,UNKNOWN,UNKNOWN/NA,UNKNOWN/NA,S,STRAIGHT AHEAD,,,1,,,,,,,,,,,,,,,,,Y,FRONT,,,,,,,,,,,,,,,,,,,,,,,,,,,,,,,,,
2110043,3ef414dc3fb156d13716eee55127924a6c8d6ebaa4ea94fa9684c65be2879545579a67ee05234e9c1acf48079b3ba0bfbbfe542c21966891f17bbcd7f2f6e402,07/19/2025 02:42:00 PM,2,DRIVER,3,2011560,,CHEVROLET,EQUINOX,IL,2011,UNKNOWN,PASSENGER,PERSONAL,S,STRAIGHT AHEAD,,,4,,,,,Y,,,,Y,Y,Y,,,,Y,Y,,REAR,,,,,,,,,,,,,,,,,,,,,,,,,,,,,,,,,
2110044,3ef414dc3fb156d13716eee55127924a6c8d6ebaa4ea94fa9684c65be2879545579a67ee05234e9c1acf48079b3ba0bfbbfe542c21966891f17bbcd7f2f6e402,07/19/2025 02:42:00 PM,3,DRIVER,1,2011575,,JEEP,PATRIOT,IL,2016,UNKNOWN,PASSENGER,PERSONAL,S,STRAIGHT AHEAD,,,2,,,,,,,,,Y,Y,Y,,,,,,,REAR,,,,,,,,,,,,,,,,,,,,,,,,,,,,,,,,,
2110030,fbda6cea696a1b1c7ee0d7bb2fcce468a992c97f09a84b01805c525971f35267d086f6f619402888b0517db633983a1c180066c9b3b645a9b43c0ae077371600,07/19/2025 02:40:00 PM,1,DRIVER,1,2011535,,CHRYSLER,200,IL,2015,NONE,PASSENGER,PERSONAL,S,BACKING,,,2,,,,,,,,,,Y,,,,,,,,REAR,,,,,,,,,,,,,,,,,,,,,,,,,,,,,,,,,
2110031,fbda6cea696a1b1c7ee0d7bb2fcce468a992c97f09a84b01805c525971f35267d086f6f619402888b0517db633983a1c180066c9b3b645a9b43c0ae077371600,07/19/2025 02:40:00 PM,2,DRIVER,,2011529,,NISSAN,SENTRA,IL,2020,NONE,PASSENGER,PERSONAL,S,STRAIGHT AHEAD,,,1,,,,,,,,,,,,,,,,Y,,FRONT,,,,,,,,,,,,,,,,,,,,,,,,,,,,,,,,,