CRASH_UNIT_ID,CRASH_RECORD_ID,CRASH_DATE,UNIT_NO,UNIT_TYPE,NUM_PASSENGERS,VEHICLE_ID,CMRC_VEH_I,MAKE,MODEL,LIC_PLATE_STATE,VEHICLE_YEAR,VEHICLE_DEFECT,VEHICLE_TYPE,VEHICLE_USE,TRAVEL_DIRECTION,MANEUVER,TOWED_I,FIRE_I,OCCUPANT_CNT,EXCEED_SPEED_LIMIT_I,TOWED_BY,TOWED_TO,AREA_00_I,AREA_01_I,AREA_02_I,AREA_03_I,AREA_04_I,AREA_05_I,AREA_06_I,AREA_07_I,AREA_08_I,AREA_09_I,AREA_10_I,AREA_11_I,AREA_12_I,AREA_99_I,FIRST_CONTACT_POINT,CMV_ID,USDOT_NO,CCMC_NO,ILCC_NO,COMMERCIAL_SRC,GVWR,CARRIER_NAME,CARRIER_STATE,CARRIER_CITY,HAZMAT_PLACARDS_I,HAZMAT_NAME,UN_NO,HAZMAT_PRESENT_I,HAZMAT_REPORT_I,HAZMAT_REPORT_NO,MCS_REPORT_I,MCS_REPORT_NO,HAZMAT_VIO_CAUSE_CRASH_I,MCS_VIO_CAUSE_CRASH_I,IDOT_PERMIT_NO,WIDE_LOAD_I,TRAILER1_WIDTH,TRAILER2_WIDTH,TRAILER1_LENGTH,TRAILER2_LENGTH,TOTAL_VEHICLE_LENGTH,AXLE_CNT,VEHICLE_CONFIG,CARGO_BODY_TYPE,LOAD_TYPE,HAZMAT_OUT_OF_SERVICE_I,MCS_OUT_OF_SERVICE_I,HAZMAT_CLASS
2110143,2d249a681dba8e779634b8b21e6e9519e0f386dc71b000077f008f89ebff145550a01c3ec0445661602e23b31b08a65666e27eb90d28c009f6219e24a3a2165c,07/19/2025 02:35:00 PM,1,DRIVER,,2011631,,TOYOTA,RAV4,IL,2021,NONE,SPORT UTILITY VEHICLE (SUV),PERSONAL,E,OTHER,,,1,,,,,,,,,,,,,,,Y,,,FRONT-LEFT-CORNER,,,,,,,,,,,,,,,,,,,,,,,,,,,,,,,,,
2110144,2d249a681dba8e779634b8b21e6e9519e0f386dc71b000077f008f89ebff145550a01c3ec0445661602e23b31b08a65666e27eb90d28c009f6219e24a3a2165c,07/19/2025 02:35:00 PM,2,DRIVER,,2011639,,FORD,F750,IL,2023,NONE,OTHER,COMMERCIAL - SINGLE UNIT,S,STRAIGHT AHEAD,,,1,,,,,,Y,,,,,,,,,,,,SIDE-RIGHT,,,,,,,,,,,,,,,,,,,,,,,,,,,,,,,,,
2110058,e41e9b5bd2a250fe038251f10f7226eb3d85ea081ef9d0fb48c7469c5ed1e79d3907c3e13f13a17279de537f3e772f2134111710cd4c0a842cc37c81382ae803,07/19/2025 02:35:00 PM,1,DRIVER,,2011550,,TESLA,MODEL X,IL,2022,UNKNOWN,SPORT UTILITY VEHICLE (SUV),PERSONAL,UNKNOWN,PASSING/OVERTAKING,,,1,,,,,,,,,,,,,,Y,Y,,,FRONT-LEFT-CORNER,,,,,,,,,,,,,,,,,,,,,,,,,,,,,,,,,
2110059,e41e9b5bd2a250fe038251f10f7226eb3d85ea081ef9d0fb48c7469c5ed1e79d3907c3e13f13a17279de537f3e772f2134111710cd4c0a842cc37c81382ae803,07/19/2025 02:35:00 PM,2,DRIVER,,2011561,,TOYOTA,SIENNA,IL,2025,UNKNOWN,VAN/MINI-VAN,TAXI/FOR HIRE,UNKNOWN,STRAIGHT AHEAD,,,1,,,,,Y,Y,,,,,,,,,,,,FRONT-RIGHT-CORNER,,,,,,,,,,,,,,,,,,,,,,,,,,,,,,,,,
2110054,c8b2d698c2816549cd30580f59216c326d35b8ffdeec758e7818046b40f495cf6ac692d43431a25b9dfba1ba83fd234909858cabdb7c7a0dd7df961846f69198,07/19/2025 02:30:00 PM,1,DRIVER,,2011547,,KIA,SOUL,IL,2021,UNKNOWN,PASSENGER,PERSONAL,N,SKIDDING/CONTROL LOSS,,,1,,,,,Y,Y,,,,,,,,,,Y,,FRONT-RIGHT-CORNER,,,,,,,,,,,,,,,,,,,,,,,,,,,,,,,,,
2110055,c8b2d698c2816549cd30580f59216c326d35b8ffdeec758e7818046b40f495cf6ac692d43431a25b9dfba1ba83fd234909858cabdb7c7a0dd7df961846f69198,07/19/2025 02:30:00 PM,2,DRIVER,,2011552,,FORD,F150,IL,2010,UNKNOWN,PASSENGER,PERSONAL,N,STRAIGHT AHEAD,,,1,,,,,,,,,,,Y,Y,Y,,,,,SIDE-LEFT,,,,,,,,,,,,,,,,,,,,,,,,,,,,,,,,,
2110258,b4126b1bcdbf19e9858b503def5aa2ac2281be5df6e8edc52114f868c83f91e702a23d3870b88f8477c53bfd362babfbe8b22dbcf0a8436bfa48e9b2051eea9c,07/19/2025 02:29:00 PM,1,DRIVERLESS,,2011809,,CHEVROLET,EQUINOX,IL,2019,UNKNOWN,PASSENGER,PERSONAL,UNKNOWN,UNKNOWN/NA,Y,,0,,ON STAR TOW,,,Y,Y,,,,,,,,Y,Y,Y,,FRONT,,,,,,,,,,,,,,,,,,,,,,,,,,,,,,,,,
2110872,7b4daed542e54dfbb5afdab0d00933232d969a05871b75f7824ac3c07aae297d98184cfdecb2f4da621dc49f8daa1704df07269288791d9339cbc3c81eae809b,07/19/2025 02:19:00 PM,1,DRIVER,,2012326,,TESLA,MODEL 3,IL,2020,NONE,PASSENGER,PERSONAL,SW,CHANGING LANES,,,1,,,,,,,,,,,,,,,Y,,,FRONT-LEFT-CORNER,,,,,,,,,,,,,,,,,,,,,,,,,,,,,,,,,
2110873,7b4daed542e54dfbb5afdab0d00933232d969a05871b75f7824ac3c07aae297d98184cfdecb2f4da621dc49f8daa1704df07269288791d9339cbc3c81eae809b,07/19/2025 02:19:00 PM,2,DRIVER,,2012329,,HYUNDAI,TUCSON,IL,2015,NONE,SPORT UTILITY VEHICLE (SUV),PERSONAL,W,STRAIGHT AHEAD,,,1,,,,,,,Y,,,,,,,,,,,SIDE-RIGHT,,,,,,,,,,,,,,,,,,,,,,,,,,,,,,,,,
2110052,99a762ef3efbd2d3b49ffc411676bc0f6750ff09cff56d4b480dd653aca029420169e2a3e57d87d2ce6f70be6a1ca035327d44512822649378785c8f4c5c4967,07/19/2025 02:16:00 PM,1,DRIVER,,2011635,Y,FORD,ECONOLINE E350,IL,2000,UNKNOWN,TRUCK - SINGLE UNIT,UNKNOWN/NA,W,CHANGING LANES,Y,,1,,,,,,,,,,,,,,,,,,FRONT,"21,846",,,,,,FIVE NINE FOOD AND GROCERIRES LLC,IL,CHICAGO,,,,N,N,,N,,N,N,,,,,,,,,"SINGLE UNIT TRUCK, 2 AXLES, 6 TIRES",VAN/ENCLOSED BOX,UNKNOWN,N,N,
2110053,99a762ef3efbd2d3b49ffc411676bc0f6750ff09cff56d4b480dd653aca029420169e2a3e57d87d2ce6f70be6a1ca035327d44512822649378785c8f4c5c4967,07/19/2025 02:16:00 PM,2,PARKED,1,2011644,,BUICK,ENCORE,IL,2016,UNKNOWN,PASSENGER,NOT IN USE,E,PARKED,Y,,1,,CITY OF CHICAGO,POUND #2,,Y,Y,Y,Y,,,,,Y,Y,Y,Y,,FRONT,,,,,,,,,,,,,,,,,,,,,,,,,,,,,,,,,
2110072,eae69f4e56a779f8bb7cb54c3755a4b9cadaa870edb7d9a46767fb7b41a686f55a8402fe21755098ad4d4fabe148315f3576ae01bacce4386c79eb30131eeca5,07/19/2025 02:15:00 PM,1,DRIVER,,2011571,,NISSAN,VERSA,IL,2015,UNKNOWN,PASSENGER,PERSONAL,S,STRAIGHT AHEAD,Y,,1,,,,,Y,Y,,,,,,,,,Y,Y,,FRONT,,,,,,,,,,,,,,,,,,,,,,,,,,,,,,,,,
2110073,eae69f4e56a779f8bb7cb54c3755a4b9cadaa870edb7d9a46767fb7b41a686f55a8402fe21755098ad4d4fabe148315f3576ae01bacce4386c79eb30131eeca5,07/19/2025 02:15:00 PM,2,PARKED,,2011579,,CHEVROLET,COLORADO,IL,2005,UNKNOWN,PICKUP,PERSONAL,S,PARKED,,,0,,,,,,,,,,,,Y,Y,Y,Y,,,SIDE-LEFT,,,,,,,,,,,,,,,,,,,,,,,,,,,,,,,,,
2110074,eae69f4e56a779f8bb7cb54c3755a4b9cadaa870edb7d9a46767fb7b41a686f55a8402fe21755098ad4d4fabe148315f3576ae01bacce4386c79eb30131eeca5,07/19/2025 02:15:00 PM,3,PARKED,,2011584,,DODGE,RAM 2500 VAN,IL,2015,UNKNOWN,VAN/MINI-VAN,PERSONAL,S,PARKED,,,0,,,,,Y,Y,,,,,,,,,,,,FRONT-RIGHT-CORNER,,,,,,,,,,,,,,,,,,,,,,,,,,,,,,,,,
2110050,c8815a9a5d2de05b454ee957f9103c866930d1fc03f38648d84455d502af6a2c25222d0719716855780b35f8864c9e2f30ab657b0ba86403fbf793105c66f1ad,07/19/2025 02:13:00 PM,1,DRIVER,,2011545,,JEEP,WRANGLER,IL,2022,NONE,PASSENGER,PERSONAL,N,STRAIGHT AHEAD,,,1,,,,,,,,,,,,,,,,Y,,FRONT,,,,,,,,,,,,,,,,,,,,,,,,,,,,,,,,,
2110051,c8815a9a5d2de05b454ee957f9103c866930d1fc03f38648d84455d502af6a2c25222d0719716855780b35f8864c9e2f30ab657b0ba86403fbf793105c66f1ad,07/19/2025 02:13:00 PM,2,DRIVER,,2011553,,NISSAN,ALTIMA,FL,2025,NONE,PASSENGER,PERSONAL,N,SLOW/STOP IN TRAFFIC,,,1,,,,,,,,,Y,Y,Y,,,,,,,REAR,,,,,,,,,,,,,,,,,,,,,,,,,,,,,,,,,
2110034,dd6c4e0bf222a1547501c3a15fcd8f3ad7f3f947942dd9f41aee00d98a25a4581a31865182b975404bba544bb361ba42d15e8714be1a03836fcb8b4a6c515609,07/19/2025 02:07:00 PM,1,DRIVER,,2011533,,NOVA BUS,OTHER (EXPLAIN IN NARRATIVE),IL,2024,NONE,BUS OVER 15 PASS.,CTA,N,STRAIGHT AHEAD,,,1,,,,,,,,Y,Y,,,,,,,,Y,SIDE-RIGHT-REAR,,,,,,,,,,,,,,,,,,,,,,,,,,,,,,,,,
2110035,dd6c4e0bf222a1547501c3a15fcd8f3ad7f3f947942dd9f41aee00d98a25a4581a31865182b975404bba544bb361ba42d15e8714be1a03836fcb8b4a6c515609,07/19/2025 02:07:00 PM,2,PARKED,,2011536,,TOYOTA,CAMRY,IL,2023,NONE,PASSENGER,NOT IN USE,N,PARKED,,,0,,,,,,,,,,,,,Y,Y,,,Y,SIDE-LEFT-FRONT,,,,,,,,,,,,,,,,,,,,,,,,,,,,,,,,,
2110075,f162d06350247815ca806b6e5d4a25e9a99b02bc14e92452ab52b6ae7fffb59a0b8cb79ea2a257f6b2fd2901348818684895bc9112c0305c234c573e8a99a2fb,07/19/2025 02:07:00 PM,1,DRIVER,1,2011570,,KIA,SPECTRA,IL,2008,UNKNOWN,PASSENGER,PERSONAL,SE,BACKING,,,2,,,,,,,,,Y,,,,,,,,,REAR-RIGHT-CORNER,,,,,,,,,,,,,,,,,,,,,,,,,,,,,,,,,
2110087,f162d06350247815ca806b6e5d4a25e9a99b02bc14e92452ab52b6ae7fffb59a0b8cb79ea2a257f6b2fd2901348818684895bc9112c0305c234c573e8a99a2fb,07/19/2025 02:07:00 PM,2,DRIVER,,2011578,,CHEVROLET,CRUZE,IL,2015,UNKNOWN,PASSENGER,PERSONAL,W,STRAIGHT AHEAD,,,1,,,,,,,,,,,,,,,Y,,,FRONT-LEFT-CORNER,,,,,,,,,,,,,,,,,,,,,,,,,,,,,,,,,
2110062,69134add6f8c53ccef8e768742971855acb5539c2250f4c574e61fb5584ba74780feb5ca1440fb661c3ed0705d7ed17e22991f28fe9f04e90fb0f730baa9080c,07/19/2025 02:00:00 PM,1,DRIVER,,2011554,,NISSAN,VERSA,IL,2021,UNKNOWN,PASSENGER,PERSONAL,S,STRAIGHT AHEAD,,,1,,,,,,,,,,,,,,,,,Y,FRONT-RIGHT-CORNER,,,,,,,,,,,,,,,,,,,,,,,,,,,,,,,,,
2110063,69134add6f8c53ccef8e768742971855acb5539c2250f4c574e61fb5584ba74780feb5ca1440fb661c3ed0705d7ed17e22991f28fe9f04e90fb0f730baa9080c,07/19/2025 02:00:00 PM,2,DRIVER,,2011568,,GENERAL MOTORS CORPORATION (GMC),SIERRA,IL,2023,UNKNOWN,PICKUP,PERSONAL,S,STRAIGHT AHEAD,,,1,,,,,,,,,,Y,Y,Y,,,,,,REAR-LEFT-CORNER,,,,,,,,,,,,,,,,,,,,,,,,,,,,,,,,,
2109997,71a2b227d4222e876d027f66abe537d0a9bed2b4348f987fb7d04ddcd88a9d62c77afb1fa3d25627ada97494a6cdd29d8ffb2aa7d3b06b7ce57d839765162930,07/19/2025 02:00:00 PM,1,DRIVER,,2011502,,TOYOTA,RAV4,IL,2017,UNKNOWN,SPORT UTILITY VEHICLE (SUV),PERSONAL,UNKNOWN,PASSING/OVERTAKING,,,1,,,,,,,,Y,Y,,,,,,,,,SIDE-RIGHT-REAR,,,,,,,,,,,,,,,,,,,,,,,,,,,,,,,,,
2109998,71a2b227d4222e876d027f66abe537d0a9bed2b4348f987fb7d04ddcd88a9d62c77afb1fa3d25627ada97494a6cdd29d8ffb2aa7d3b06b7ce57d839765162930,07/19/2025 02:00:00 PM,2,DRIVER,,2011505,,HONDA,ACCORD,IL,2018,UNKNOWN,SPORT UTILITY VEHICLE (SUV),PERSONAL,UNKNOWN,STRAIGHT AHEAD,,,1,,,,,,,,,,,,,,Y,Y,,,FRONT-LEFT-CORNER,,,,,,,,,,,,,,,,,,,,,,,,,,,,,,,,,
2110079,602950dd1e510abbcfa1bc93bb7578bc30c0a346613b68049da73a59860bf0dfdebb89e0e963b7769a58b6fd4771547eee53bba66b7771227d564304651340cc,07/19/2025 01:58:00 PM,2,DRIVER,,2011573,,FORD,ESCAPE,IL,2011,OTHER,SPORT UTILITY VEHICLE (SUV),PERSONAL,S,STRAIGHT AHEAD,N,,1,,,,,Y,,,,,,,,,,Y,Y,,FRONT,,,,,,,,,,,,,,,,,,,,,,,,,,,,,,,,,
2110080,602950dd1e510abbcfa1bc93bb7578bc30c0a346613b68049da73a59860bf0dfdebb89e0e963b7769a58b6fd4771547eee53bba66b7771227d564304651340cc,07/19/2025 01:58:00 PM,3,DRIVER,,2011580,,TOYOTA,CAMRY,IL,2017,NONE,PASSENGER,PERSONAL,S,SLOW/STOP IN TRAFFIC,Y,,1,,PROGRESSIVE INSURANCE,UNDETERMINED,,Y,,,,Y,Y,Y,,,,Y,Y,,REAR,,,,,,,,,,,,,,,,,,,,,,,,,,,,,,,,,
2110081,602950dd1e510abbcfa1bc93bb7578bc30c0a346613b68049da73a59860bf0dfdebb89e0e963b7769a58b6fd4771547eee53bba66b7771227d564304651340cc,07/19/2025 01:58:00 PM,4,DRIVER,,2011582,,VOLVO,XC4,IL,2020,NONE,SPORT UTILITY VEHICLE (SUV),PERSONAL,S,SLOW/STOP IN TRAFFIC,,,1,,,,,,,,,Y,Y,Y,N,,,,,,REAR,,,,,,,,,,,,,,,,,,,,,,,,,,,,,,,,,
2110145,602950dd1e510abbcfa1bc93bb7578bc30c0a346613b68049da73a59860bf0dfdebb89e0e963b7769a58b6fd4771547eee53bba66b7771227d564304651340cc,07/19/2025 01:58:00 PM,1,PEDESTRIAN,,,,,,,,,,,,,,,,,,,,,,,,,,,,,,,,,,,,,,,,,,,,,,,,,,,,,,,,,,,,,,,,,,
2110011,a6e86eb4430e3433156eaa2b5974538850938592185aa0dddfa475eb4b50f86d32bcaedc2bf98a43e9da30541d46acfbaa252d6278e86bf761a6ee2d35cf4edd,07/19/2025 01:50:00 PM,1,BICYCLE,,,,,,,,,,,,,,,,,,,,,,,,,,,,,,,,,,,,,,,,,,,,,,,,,,,,,,,,,,,,,,,,,,
2110012,a6e86eb4430e3433156eaa2b5974538850938592185aa0dddfa475eb4b50f86d32bcaedc2bf98a43e9da30541d46acfbaa252d6278e86bf761a6ee2d35cf4edd,07/19/2025 01:50:00 PM,2,DRIVER,1,2011511,,NISSAN,ALTIMA,IL,2017,UNKNOWN,PASSENGER,PERSONAL,N,STRAIGHT AHEAD,,,2,,,,,Y,,,,,,,,,,,,,FRONT-RIGHT-CORNER,,,,,,,,,,,,,,,,,,,,,,,,,,,,,,,,,
2109995,a78891d5c9e331ccafde94ebc5e80e480a49953f0d1273b97a1e9c4e7015d073b6997e9b54b501585be04e43a9c689bb507d0cbe3da2e3875a383ec6009a8f54,07/19/2025 01:50:00 PM,1,DRIVER,,2011498,,TOYOTA,HIGHLANDER,IL,2006,NONE,PASSENGER,PERSONAL,N,STRAIGHT AHEAD,,,1,,,,,,,,,,,,,,,,Y,,FRONT,,,,,,,,,,,,,,,,,,,,,,,,,,,,,,,,,
2109996,a78891d5c9e331ccafde94ebc5e80e480a49953f0d1273b97a1e9c4e7015d073b6997e9b54b501585be04e43a9c689bb507d0cbe3da2e3875a383ec6009a8f54,07/19/2025 01:50:00 PM,2,DRIVER,,2011503,,HONDA,CIVIC,IL,2016,NONE,PASSENGER,PERSONAL,N,STRAIGHT AHEAD,,,1,,,,,,,,,,Y,,,,,,,,REAR,,,,,,,,,,,,,,,,,,,,,,,,,,,,,,,,,
2110003,f13ab3aa0663431b4368734a15035f2438a7e774d759cff82818651f034123e80302651e074eaa0e2e3ad9134051428cecfca545e16dfa55104230ae3c558bde,07/19/2025 01:50:00 PM,1,DRIVER,,2011507,,HYUNDAI,ELANTRA,IL,2021,NONE,PASSENGER,PERSONAL,S,TURNING LEFT,Y,,1,,OWNER,,,Y,Y,Y,Y,,,,,,,,,,SIDE-RIGHT,,,,,,,,,,,,,,,,,,,,,,,,,,,,,,,,,
2110060,660e7b7c6f7692cf29a4f0dbc7261397fc8c52be98be4d2ce64ec5342c508356b8fd25a8289c1680a7f6a9c0deea62871fc357e70d01d294439eb4c4787b3db9,07/19/2025 01:45:00 PM,1,DRIVER,,2011556,,SATURN,ION,IL,2004,UNKNOWN,PASSENGER,PERSONAL,E,TURNING LEFT,,,1,,,,,,,,,,,,,,,Y,,,FRONT-LEFT-CORNER,,,,,,,,,,,,,,,,,,,,,,,,,,,,,,,,,
2110061,660e7b7c6f7692cf29a4f0dbc7261397fc8c52be98be4d2ce64ec5342c508356b8fd25a8289c1680a7f6a9c0deea62871fc357e70d01d294439eb4c4787b3db9,07/19/2025 01:45:00 PM,2,DRIVER,,2011569,,FIAT,OTHER (EXPLAIN IN NARRATIVE),,2015,UNKNOWN,PASSENGER,PERSONAL,S,STRAIGHT AHEAD,,,1,,,,,Y,,,,,,,,,,,,,FRONT-RIGHT-CORNER,,,,,,,,,,,,,,,,,,,,,,,,,,,,,,,,,
2110139,d2971faf06182cb0ea8ce2836be3c7e67e5eab5db416e0c718b240307551cca0af25f859b097f5a1ea1d22f489233539b8f0d52f87d041f4296e7d760ee89897,07/19/2025 01:45:00 PM,1,DRIVER,,2011633,,HONDA,CIVIC,IL,2016,UNKNOWN,PASSENGER,UNKNOWN/NA,S,TURNING LEFT,,,1,,,,,,,,,,,,,,,Y,Y,,FRONT-LEFT-CORNER,,,,,,,,,,,,,,,,,,,,,,,,,,,,,,,,,
2110140,d2971faf06182cb0ea8ce2836be3c7e67e5eab5db416e0c718b240307551cca0af25f859b097f5a1ea1d22f489233539b8f0d52f87d041f4296e7d760ee89897,07/19/2025 01:45:00 PM,2,DRIVER,,2011640,,CHEVROLET,SILVERADO,IL,2000,UNKNOWN,PICKUP,UNKNOWN/NA,S,TURNING LEFT,,,1,,,,,Y,,,,,,,,,,,,,FRONT-RIGHT-CORNER,,,,,,,,,,,,,,,,,,,,,,,,,,,,,,,,,
2110023,e86365c9cea01037a83efa08383535583333bfb3e5016e2730ac8755ac80cef79cac98f99b68fa620fc531891dbc3ea5aac348e2ecd4ababec23b53c5630d4ad,07/19/2025 01:41:00 PM,1,DRIVER,1,2011520,,KIA,SPORTAGE,IL,2025,UNKNOWN,PASSENGER,PERSONAL,E,STRAIGHT AHEAD,Y,,2,,,,,Y,,,,,,,,,,Y,Y,,FRONT,,,,,,,,,,,,,,,,,,,,,,,,,,,,,,,,,
2110118,265aed1b7384557acfe867af385525f0921a21337ebdd1369d645c9bcea806aef79f08cb9f061f4fa1a3e9eca8805fa9c96ff8c2ba301cc797440c4a9c654641,07/19/2025 01:36:00 PM,1,DRIVER,,2011607,,NISSAN,PATHFINDER,IL,2014,UNKNOWN,PASSENGER,PERSONAL,N,STRAIGHT AHEAD,,,1,,,,,,Y,,,,,,,,,,,,SIDE-RIGHT,,,,,,,,,,,,,,,,,,,,,,,,,,,,,,,,,
2110119,265aed1b7384557acfe867af385525f0921a21337ebdd1369d645c9bcea806aef79f08cb9f061f4fa1a3e9eca8805fa9c96ff8c2ba301cc797440c4a9c654641,07/19/2025 01:36:00 PM,2,PARKED,,2011608,,UNKNOWN,OTHER (EXPLAIN IN NARRATIVE),,,UNKNOWN,PASSENGER,PERSONAL,N,PARKED,,,0,,,,,,,,,,,,,,,,,,REAR-LEFT-CORNER,,,,,,,,,,,,,,,,,,,,,,,,,,,,,,,,,
2110047,a76c03a6cf894aa867e370c035921cf6d866921464993512c7f9ab9264a80787d2d059f3c99d89edc053caeff130541be2fee4715c5f9664b33ddbc2c20e4e2c,07/19/2025 01:30:00 PM,1,DRIVER,,2011541,,NISSAN,SENTRA,MO,2023,UNKNOWN,PASSENGER,PERSONAL,N,SKIDDING/CONTROL LOSS,Y,,1,,Private,Private,,N,N,N,,,,,,N,N,N,N,,FRONT,,,,,,,,,,,,,,,,,,,,,,,,,,,,,,,,,
2109968,d132bf38170b90905e96d23aeccea4c69e363ba9fb69ffeec9dc0f27e8f69f961a925c7bcf2dd05dae6796c600f9b889c43e801b1060227b73982a9646b28e65,07/19/2025 01:30:00 PM,1,DRIVER,,2011465,,JEEP,JEEP,IL,2005,UNKNOWN,SPORT UTILITY VEHICLE (SUV),UNKNOWN/NA,E,BACKING,,,1,,,,,,,,,Y,Y,Y,,,,,,,REAR,,,,,,,,,,,,,,,,,,,,,,,,,,,,,,,,,
2109969,d132bf38170b90905e96d23aeccea4c69e363ba9fb69ffeec9dc0f27e8f69f961a925c7bcf2dd05dae6796c600f9b889c43e801b1060227b73982a9646b28e65,07/19/2025 01:30:00 PM,2,DRIVER,1,2011472,,TOYOTA,CAMRY,IL,2026,NONE,PASSENGER,PERSONAL,W,STRAIGHT AHEAD,,,2,,,,,Y,,,,,,,,,,Y,Y,,FRONT,,,,,,,,,,,,,,,,,,,,,,,,,,,,,,,,,
2109978,d2d7a94deae18bc9da0ddb9a8c76dbf172fe177c79a9ea5ef16eacd704cc4a781bb9339ffb2f8e2c15879d41de2bf5033ef07f7fbcee8f05f7f48aec870ef7ae,07/19/2025 01:30:00 PM,1,DRIVER,,2011483,,HYUNDAI,ACCENT,IL,2016,UNKNOWN,PASSENGER,PERSONAL,N,STRAIGHT AHEAD,,,1,,,,,Y,Y,,,,,,,,,,,,FRONT-RIGHT-CORNER,,,,,,,,,,,,,,,,,,,,,,,,,,,,,,,,,
2109979,d2d7a94deae18bc9da0ddb9a8c76dbf172fe177c79a9ea5ef16eacd704cc4a781bb9339ffb2f8e2c15879d41de2bf5033ef07f7fbcee8f05f7f48aec870ef7ae,07/19/2025 01:30:00 PM,2,DRIVER,,2011493,,BUICK,ENCLAVE,IL,2019,UNKNOWN,SPORT UTILITY VEHICLE (SUV),PERSONAL,E,TURNING LEFT,,,1,,,,,,,,,,,,Y,Y,Y,,,,SIDE-LEFT,,,,,,,,,,,,,,,,,,,,,,,,,,,,,,,,,
2110018,f6834fa7fb6da81a65becd7a83d5035d607dce12839960298e30eb0673ad45e32f55544c3f7b45f8f3242352319c087b2a647ce27558c12cfcb7ca32b3a9933d,07/19/2025 01:30:00 PM,1,DRIVER,,2011515,,NISSAN,ROGUE,IL,2023,NONE,PASSENGER,PERSONAL,N,STRAIGHT AHEAD,,,1,,,,,,,,,,,,,,,,Y,,FRONT,,,,,,,,,,,,,,,,,,,,,,,,,,,,,,,,,
2110019,f6834fa7fb6da81a65becd7a83d5035d607dce12839960298e30eb0673ad45e32f55544c3f7b45f8f3242352319c087b2a647ce27558c12cfcb7ca32b3a9933d,07/19/2025 01:30:00 PM,2,DRIVER,,2011525,,DODGE,RAM PROMASTER,AZ,2025,NONE,VAN/MINI-VAN,PERSONAL,N,SLOW/STOP IN TRAFFIC,,,1,,,,,,,,,,Y,,,,,,Y,,REAR,,,,,,,,,,,,,,,,,,,,,,,,,,,,,,,,,
2110020,f6834fa7fb6da81a65becd7a83d5035d607dce12839960298e30eb0673ad45e32f55544c3f7b45f8f3242352319c087b2a647ce27558c12cfcb7ca32b3a9933d,07/19/2025 01:30:00 PM,3,DRIVER,,2011530,,TOYOTA,CAMRY,IL,2013,NONE,PASSENGER,PERSONAL,N,SLOW/STOP IN TRAFFIC,,,1,,,,,,,,,,Y,,,,,,Y,,REAR,,,,,,,,,,,,,,,,,,,,,,,,,,,,,,,,,
2110021,f6834fa7fb6da81a65becd7a83d5035d607dce12839960298e30eb0673ad45e32f55544c3f7b45f8f3242352319c087b2a647ce27558c12cfcb7ca32b3a9933d,07/19/2025 01:30:00 PM,4,DRIVER,,2011537,,CHEVROLET,EQUINOX,IL,2024,NONE,PASSENGER,PERSONAL,N,SLOW/STOP IN TRAFFIC,,,1,,,,,,,,,,Y,,,,,,,,REAR,,,,,,,,,,,,,,,,,,,,,,,,,,,,,,,,,
2109990,bf5007e4e0aba35c2988994f58e6c8e1f8e73dda0bc6cd8f07a519adaeda2846efb588b3458a1a7ba2f5f517bb633e637d4fdeb7fe69f5e9678f85aecf97af16,07/19/2025 01:25:00 PM,1,DRIVER,,2011494,,BMW,BMW,IL,2013,UNKNOWN,PASSENGER,PERSONAL,N,MERGING,,,1,,,,,,,,,,,,,,,,,Y,UNKNOWN,,,,,,,,,,,,,,,,,,,,,,,,,,,,,,,,,
2109991,bf5007e4e0aba35c2988994f58e6c8e1f8e73dda0bc6cd8f07a519adaeda2846efb588b3458a1a7ba2f5f517bb633e637d4fdeb7fe69f5e9678f85aecf97af16,07/19/2025 01:25:00 PM,2,DRIVER,,2011500,,KIA,FORTE,,2023,UNKNOWN,PASSENGER,PERSONAL,N,STRAIGHT AHEAD,,,1,,,,,,,,,,,Y,,,,,,,SIDE-LEFT-REAR,,,,,,,,,,,,,,,,,,,,,,,,,,,,,,,,,
2109952,49b718ba086ce7b2dea0e18793b3d9339d9a74c36b0970c6602f3a32e2717ccfd493482a65a43fa4d878aaa82df5b95fa7536c1e8fb1d68b0826887ec0f849fd,07/19/2025 01:21:00 PM,1,DRIVER,,2011456,,VOLKSWAGEN,CC,IL,2013,NONE,PASSENGER,PERSONAL,W,STRAIGHT AHEAD,Y,,1,,self,,,Y,Y,,,,,,,,,Y,Y,,FRONT,,,,,,,,,,,,,,,,,,,,,,,,,,,,,,,,,
2109953,49b718ba086ce7b2dea0e18793b3d9339d9a74c36b0970c6602f3a32e2717ccfd493482a65a43fa4d878aaa82df5b95fa7536c1e8fb1d68b0826887ec0f849fd,07/19/2025 01:21:00 PM,2,PARKED,,2011466,,FORD,EXPLORER,IL,2021,NONE,SPORT UTILITY VEHICLE (SUV),POLICE,W,PARKED,Y,,0,,city of chicago,,,,,,,,Y,Y,Y,,,,Y,,REAR,,,,,,,,,,,,,,,,,,,,,,,,,,,,,,,,,