CRASH_UNIT_ID,CRASH_RECORD_ID,CRASH_DATE,UNIT_NO,UNIT_TYPE,NUM_PASSENGERS,VEHICLE_ID,CMRC_VEH_I,MAKE,MODEL,LIC_PLATE_STATE,VEHICLE_YEAR,VEHICLE_DEFECT,VEHICLE_TYPE,VEHICLE_USE,TRAVEL_DIRECTION,MANEUVER,TOWED_I,FIRE_I,OCCUPANT_CNT,EXCEED_SPEED_LIMIT_I,TOWED_BY,TOWED_TO,AREA_00_I,AREA_01_I,AREA_02_I,AREA_03_I,AREA_04_I,AREA_05_I,AREA_06_I,AREA_07_I,AREA_08_I,AREA_09_I,AREA_10_I,AREA_11_I,AREA_12_I,AREA_99_I,FIRST_CONTACT_POINT,CMV_ID,USDOT_NO,CCMC_NO,ILCC_NO,COMMERCIAL_SRC,GVWR,CARRIER_NAME,CARRIER_STATE,CARRIER_CITY,HAZMAT_PLACARDS_I,HAZMAT_NAME,UN_NO,HAZMAT_PRESENT_I,HAZMAT_REPORT_I,HAZMAT_REPORT_NO,MCS_REPORT_I,MCS_REPORT_NO,HAZMAT_VIO_CAUSE_CRASH_I,MCS_VIO_CAUSE_CRASH_I,IDOT_PERMIT_NO,WIDE_LOAD_I,TRAILER1_WIDTH,TRAILER2_WIDTH,TRAILER1_LENGTH,TRAILER2_LENGTH,TOTAL_VEHICLE_LENGTH,AXLE_CNT,VEHICLE_CONFIG,CARGO_BODY_TYPE,LOAD_TYPE,HAZMAT_OUT_OF_SERVICE_I,MCS_OUT_OF_SERVICE_I,HAZMAT_CLASS
2109954,49b718ba086ce7b2dea0e18793b3d9339d9a74c36b0970c6602f3a32e2717ccfd493482a65a43fa4d878aaa82df5b95fa7536c1e8fb1d68b0826887ec0f849fd,07/19/2025 01:21:00 PM,3,PARKED,,2011470,,FORD,EXPLORER,IL,2021,NONE,SPORT UTILITY VEHICLE (SUV),POLICE,W,PARKED,,,0,,,,Y,,,,,,,,,,,,,,REAR,,,,,,,,,,,,,,,,,,,,,,,,,,,,,,,,,
2110152,5b8259958c33844c7b3b4790b9c75ee9d0dd23138f4f1f94ce7cb27137547e0d558ecb553ebb59b1e917b245e2cf75ed46d31893b09f15b5b93d29560344b31b,07/19/2025 01:20:00 PM,1,DRIVER,,2011651,,HONDA,CR-V,IN,,UNKNOWN,UNKNOWN/NA,UNKNOWN/NA,N,STRAIGHT AHEAD,,,1,,,,,,,,,,,,,,,Y,Y,,FRONT,,,,,,,,,,,,,,,,,,,,,,,,,,,,,,,,,
2110153,5b8259958c33844c7b3b4790b9c75ee9d0dd23138f4f1f94ce7cb27137547e0d558ecb553ebb59b1e917b245e2cf75ed46d31893b09f15b5b93d29560344b31b,07/19/2025 01:20:00 PM,2,DRIVER,1,2011642,,FORD,EDGE,IL,2016,UNKNOWN,SPORT UTILITY VEHICLE (SUV),PERSONAL,N,SLOW/STOP IN TRAFFIC,,,2,,,,,,,,,,Y,,,,,,,,REAR,,,,,,,,,,,,,,,,,,,,,,,,,,,,,,,,,
2123375,9de4c9e700c4bb93e9ca93ee3cee976e7860884f928de9541b7c7ebedf5229d3a45fe4f2e95f4eb5723fd5f7cc5949c3315ce84d95d29a163a72e725fb29876b,07/19/2025 01:20:00 PM,1,DRIVER,1,2024221,,JEEP,CHEROKEE,IL,2021,UNKNOWN,SPORT UTILITY VEHICLE (SUV),UNKNOWN/NA,NW,TURNING LEFT,,,2,,,,,,,,,,,,,,,Y,,,FRONT-LEFT-CORNER,,,,,,,,,,,,,,,,,,,,,,,,,,,,,,,,,
2123376,9de4c9e700c4bb93e9ca93ee3cee976e7860884f928de9541b7c7ebedf5229d3a45fe4f2e95f4eb5723fd5f7cc5949c3315ce84d95d29a163a72e725fb29876b,07/19/2025 01:20:00 PM,2,DRIVER,1,2024222,,CHEVROLET,MALIBU,IL,2015,NONE,PASSENGER,PERSONAL,S,STRAIGHT AHEAD,,,2,,,,,,,,,,,Y,,,,,,,REAR-LEFT-CORNER,,,,,,,,,,,,,,,,,,,,,,,,,,,,,,,,,
2110045,3f051093c1e5b7f87ed07a3a5ec58c2ddcebe6cd0ebf8942713d221537922ad752417b7201c7b3bb8afe612d18dd3dfa89a6554c60d7b4575c30f386d09fdf3a,07/19/2025 01:15:00 PM,1,DRIVER,,2011544,,FORD,ESCAPE,IL,2011,UNKNOWN,PASSENGER,PERSONAL,N,BACKING,,,1,,,,,,,,,Y,Y,Y,,,,,,,REAR,,,,,,,,,,,,,,,,,,,,,,,,,,,,,,,,,
2110046,3f051093c1e5b7f87ed07a3a5ec58c2ddcebe6cd0ebf8942713d221537922ad752417b7201c7b3bb8afe612d18dd3dfa89a6554c60d7b4575c30f386d09fdf3a,07/19/2025 01:15:00 PM,2,DRIVER,,2011551,,HYUNDAI,SONATA,IL,2011,UNKNOWN,PASSENGER,PERSONAL,S,STRAIGHT AHEAD,,,1,,,,,,,,,,,,,,,Y,Y,,FRONT-LEFT-CORNER,,,,,,,,,,,,,,,,,,,,,,,,,,,,,,,,,
2110004,c2d1ffd4e8fbf558d324b857bf021b6db51ba8924713f596ef43e4e366c52d8773c5b7d326ccf91d266d706dca7ea76ac05cc3dfcc8df8e9f5d730111b0485af,07/19/2025 01:15:00 PM,1,DRIVER,,2011521,,ACURA,TLX,IL,2020,UNKNOWN,PASSENGER,PERSONAL,S,STRAIGHT AHEAD,,,1,,,,Y,,,,,,,,,,,,,,FRONT,,,,,,,,,,,,,,,,,,,,,,,,,,,,,,,,,
2110005,c2d1ffd4e8fbf558d324b857bf021b6db51ba8924713f596ef43e4e366c52d8773c5b7d326ccf91d266d706dca7ea76ac05cc3dfcc8df8e9f5d730111b0485af,07/19/2025 01:15:00 PM,2,DRIVER,,2011539,,HONDA,CIVIC,IL,2010,UNKNOWN,PASSENGER,PERSONAL,S,STRAIGHT AHEAD,,,1,,,,,,,,,Y,N,,,,,,,,REAR,,,,,,,,,,,,,,,,,,,,,,,,,,,,,,,,,
2109942,f6098503221b8171fb6f8c88e3767bca9210187c16cb855980ce80bd1c31ea2e4536cb9b6e43a2a01a6f688bf5765e4a6fb3950d157548a9760b1eab750e9be9,07/19/2025 01:15:00 PM,1,DRIVER,,2011442,,LEXUS,GS,IL,2002,NONE,PASSENGER,PERSONAL,SW,TURNING RIGHT,Y,,1,,,,,Y,,,,,,,,,Y,Y,Y,,FRONT,,,,,,,,,,,,,,,,,,,,,,,,,,,,,,,,,
2109943,f6098503221b8171fb6f8c88e3767bca9210187c16cb855980ce80bd1c31ea2e4536cb9b6e43a2a01a6f688bf5765e4a6fb3950d157548a9760b1eab750e9be9,07/19/2025 01:15:00 PM,2,DRIVER,,2011448,,TOYOTA,4RUNNER,IL,2024,NONE,SPORT UTILITY VEHICLE (SUV),PERSONAL,W,STRAIGHT AHEAD,,,1,,,,,Y,Y,,,,,,,,,,,,FRONT-RIGHT-CORNER,,,,,,,,,,,,,,,,,,,,,,,,,,,,,,,,,
2110024,f69a192811ce76e1e6c109c90994de53197abc4c1bf008311772fcd9167ce3f19a959d0648f09dea07020a7c13144c6505544eb0a360d7e706350a5d574c4ec1,07/19/2025 01:15:00 PM,1,DRIVER,,2011531,,UNKNOWN,OTHER (EXPLAIN IN NARRATIVE),,,UNKNOWN,UNKNOWN/NA,UNKNOWN/NA,UNKNOWN,UNKNOWN/NA,,,1,,,,,,N,,,,,,,,,,,Y,UNKNOWN,,,,,,,,,,,,,,,,,,,,,,,,,,,,,,,,,
2110025,f69a192811ce76e1e6c109c90994de53197abc4c1bf008311772fcd9167ce3f19a959d0648f09dea07020a7c13144c6505544eb0a360d7e706350a5d574c4ec1,07/19/2025 01:15:00 PM,2,DRIVER,,2011527,,CHEVROLET,MALIBU,IL,2024,NONE,PASSENGER,PERSONAL,E,STRAIGHT AHEAD,,,1,,,,,,,,,,,,,,Y,,,,SIDE-LEFT,,,,,,,,,,,,,,,,,,,,,,,,,,,,,,,,,
2109966,9406db2f1af76a4da34da72f2e4b24e28a05016de8b8ebd24599cc23bc0cef575b224603b936ac3bb134e32e5bab2fb3544538275fe7673751cdf955b6968bc4,07/19/2025 01:10:00 PM,1,DRIVER,,2011468,,HONDA,ACCORD,IL,1999,NONE,PASSENGER,UNKNOWN/NA,E,STRAIGHT AHEAD,,,1,,,,,Y,,,,,,,,,,Y,Y,,FRONT,,,,,,,,,,,,,,,,,,,,,,,,,,,,,,,,,
2109967,9406db2f1af76a4da34da72f2e4b24e28a05016de8b8ebd24599cc23bc0cef575b224603b936ac3bb134e32e5bab2fb3544538275fe7673751cdf955b6968bc4,07/19/2025 01:10:00 PM,2,DRIVER,,2011482,,TESLA,MODEL 3,IL,2020,NONE,PASSENGER,PERSONAL,E,STRAIGHT AHEAD,,,1,,,,,,,,,Y,Y,Y,,,,,,,REAR,,,,,,,,,,,,,,,,,,,,,,,,,,,,,,,,,
2111717,07e0cf2c5e040dedd8282db66dbc569d825428a079c852875502a9e7c808428cfaf1bba5f4b6ef5ac0477d4fff429e0ec3cd3478baf99f29dd9755ab2331f9d1,07/19/2025 01:00:00 PM,1,DRIVER,,2013114,,SUBARU,OUTBACK,IL,2021,UNKNOWN,SPORT UTILITY VEHICLE (SUV),PERSONAL,S,CHANGING LANES,,,1,,,,,,,,,,,,,Y,Y,Y,,,FRONT-LEFT-CORNER,,,,,,,,,,,,,,,,,,,,,,,,,,,,,,,,,
2111718,07e0cf2c5e040dedd8282db66dbc569d825428a079c852875502a9e7c808428cfaf1bba5f4b6ef5ac0477d4fff429e0ec3cd3478baf99f29dd9755ab2331f9d1,07/19/2025 01:00:00 PM,2,DRIVER,,2013115,,GENERAL MOTORS CORPORATION (GMC),ACADIA,MI,2019,NONE,SPORT UTILITY VEHICLE (SUV),PERSONAL,S,STRAIGHT AHEAD,,,1,,,,,,,,,,,,,,,,,,SIDE-RIGHT,,,,,,,,,,,,,,,,,,,,,,,,,,,,,,,,,
2110664,0e801cdb7b367de7a47e10dcb904411b9bd5630bc6e90411fccd706e8cc2fd571088fdff8131f08670e672b532685f5513d4a57335febccbf85d25d8eada9cad,07/19/2025 01:00:00 PM,1,DRIVER,,2012118,,MITSUBISHI,LANCER,IL,2005,NONE,PASSENGER,PERSONAL,N,STRAIGHT AHEAD,,,1,,,,,Y,,,,,,,,,,Y,Y,,FRONT,,,,,,,,,,,,,,,,,,,,,,,,,,,,,,,,,
2110665,0e801cdb7b367de7a47e10dcb904411b9bd5630bc6e90411fccd706e8cc2fd571088fdff8131f08670e672b532685f5513d4a57335febccbf85d25d8eada9cad,07/19/2025 01:00:00 PM,2,DRIVER,,2012124,,NISSAN,SENTRA,IL,2020,NONE,PASSENGER,PERSONAL,N,STRAIGHT AHEAD,,,1,,,,,,,,,Y,Y,Y,,,,,,,REAR,,,,,,,,,,,,,,,,,,,,,,,,,,,,,,,,,
2109988,8df843689e7ed912640b7c3dd4f59e06f70301e21e46683528817e753db6589a4df13a9fbdc116a6ed914317aae9f1980cca233f5e413d9a697aa449af5f251e,07/19/2025 01:00:00 PM,1,PARKED,2,2011488,,CHEVROLET,IMPALA,IL,2011,NONE,PASSENGER,OTHER,W,PARKED,,,2,,,,,,Y,Y,,,,,,,,,,,SIDE-RIGHT,,,,,,,,,,,,,,,,,,,,,,,,,,,,,,,,,
2109989,8df843689e7ed912640b7c3dd4f59e06f70301e21e46683528817e753db6589a4df13a9fbdc116a6ed914317aae9f1980cca233f5e413d9a697aa449af5f251e,07/19/2025 01:00:00 PM,2,DRIVER,1,2011499,,HONDA,CIVIC,IL,2016,NONE,PASSENGER,PERSONAL,W,STRAIGHT AHEAD,,,2,,,,,,,,,,,,,Y,Y,,,,SIDE-LEFT,,,,,,,,,,,,,,,,,,,,,,,,,,,,,,,,,
2110545,bf0acb64a0aa8a9d0d25d927519130f047e78858862ba04c8a4142816d5497fbbdb2a97cec19bca29dd2a44814759ffa7a7fc479dbfdc2fbfa4f4f839b47b77d,07/19/2025 01:00:00 PM,1,DRIVER,,2012017,,UNKNOWN,OTHER (EXPLAIN IN NARRATIVE),IL,,UNKNOWN,UNKNOWN/NA,UNKNOWN/NA,UNKNOWN,UNKNOWN/NA,,,1,,,,,,,,,,,,,,,,,,UNKNOWN,,,,,,,,,,,,,,,,,,,,,,,,,,,,,,,,,
2110546,bf0acb64a0aa8a9d0d25d927519130f047e78858862ba04c8a4142816d5497fbbdb2a97cec19bca29dd2a44814759ffa7a7fc479dbfdc2fbfa4f4f839b47b77d,07/19/2025 01:00:00 PM,2,PARKED,,2012019,,MINI,COUNTRYMAN,,,NONE,PASSENGER,NOT IN USE,E,PARKED,,,0,,,,,,,,,Y,,,,,,,,,REAR-RIGHT-CORNER,,,,,,,,,,,,,,,,,,,,,,,,,,,,,,,,,
2110284,e9451f48bc22781ab05a4517a0c5ac7160173d28cc1923bbc1148c444dccdbb342618d80e9944de6efc144a13ab1a50db52aee653a66ac06bd8963386eaae717,07/19/2025 01:00:00 PM,1,DRIVER,,2011775,,FORD,ECONOLINE 100,AZ,2017,UNKNOWN,TRUCK - SINGLE UNIT,COMMERCIAL - SINGLE UNIT,N,STRAIGHT AHEAD,,,1,,,,,,,,,,,Y,,,,,,,SIDE-LEFT-REAR,,,,,,,,,,,,,,,,,,,,,,,,,,,,,,,,,
2110285,e9451f48bc22781ab05a4517a0c5ac7160173d28cc1923bbc1148c444dccdbb342618d80e9944de6efc144a13ab1a50db52aee653a66ac06bd8963386eaae717,07/19/2025 01:00:00 PM,2,DRIVER,,2011771,,NISSAN,ROGUE,IL,2020,UNKNOWN,PASSENGER,PERSONAL,N,STRAIGHT AHEAD,,,1,,,,N,Y,Y,,,,,,,,,Y,Y,,FRONT-RIGHT-CORNER,,,,,,,,,,,,,,,,,,,,,,,,,,,,,,,,,
2110015,dd88be4581b11d1e596a017b0eac274a9d133b0f70ff971871eb6603c6779a85f8fc996fe33372986ffb839ba06dd9edb2e1650d93039cc9b2a2dfa47c145520,07/19/2025 12:54:00 PM,1,DRIVER,,2011514,,TOYOTA,CAMRY,IL,2018,UNKNOWN,PASSENGER,PERSONAL,W,STRAIGHT AHEAD,Y,,1,,CITY OF CHICAGO,701 N SACRAMENTO,,Y,,,,,,,,,Y,Y,Y,,FRONT,,,,,,,,,,,,,,,,,,,,,,,,,,,,,,,,,
2110016,dd88be4581b11d1e596a017b0eac274a9d133b0f70ff971871eb6603c6779a85f8fc996fe33372986ffb839ba06dd9edb2e1650d93039cc9b2a2dfa47c145520,07/19/2025 12:54:00 PM,2,DRIVER,1,2011523,,FORD,FOCUS,IL,2012,UNKNOWN,PASSENGER,PERSONAL,W,STRAIGHT AHEAD,Y,,2,,Personal,UNK,,Y,Y,Y,Y,Y,Y,Y,Y,Y,Y,Y,Y,,REAR,,,,,,,,,,,,,,,,,,,,,,,,,,,,,,,,,
2110017,dd88be4581b11d1e596a017b0eac274a9d133b0f70ff971871eb6603c6779a85f8fc996fe33372986ffb839ba06dd9edb2e1650d93039cc9b2a2dfa47c145520,07/19/2025 12:54:00 PM,3,DRIVER,2,2011534,,NOVA BUS,OTHER (EXPLAIN IN NARRATIVE),IL,2024,UNKNOWN,BUS OVER 15 PASS.,CTA,W,STRAIGHT AHEAD,,,3,,,,,,,,,,,Y,,,,,,,REAR-LEFT-CORNER,,,,,,,,,,,,,,,,,,,,,,,,,,,,,,,,,
2111404,74166fc6d81d0067efdf48ad541b80d842dce3b096e31791ca192ffa9fec8604d9bd5e07b3dd0d1002bae87d56cc52efd31eb40e1b102e5cbc3eff77a09a644b,07/19/2025 12:50:00 PM,1,DRIVER,,2012823,,VOLKSWAGEN,BEETLE,IL,2019,NONE,PASSENGER,PERSONAL,W,STRAIGHT AHEAD,,,1,,,,,Y,,,,,,,,,,Y,Y,,FRONT,,,,,,,,,,,,,,,,,,,,,,,,,,,,,,,,,
2111405,74166fc6d81d0067efdf48ad541b80d842dce3b096e31791ca192ffa9fec8604d9bd5e07b3dd0d1002bae87d56cc52efd31eb40e1b102e5cbc3eff77a09a644b,07/19/2025 12:50:00 PM,2,DRIVER,,2012829,,BMW,OTHER (EXPLAIN IN NARRATIVE),IL,2018,NONE,PASSENGER,PERSONAL,W,SLOW/STOP IN TRAFFIC,,,1,,,,,,,,,Y,Y,Y,,,,,,,REAR,,,,,,,,,,,,,,,,,,,,,,,,,,,,,,,,,
2109935,980a1fde0f61099dd94975e19ca3a854b7275d9be9efeb100db562226011ddf69fcb6f291dc181809857760b00d7731b9477b034cdfc7674771b2d7d8bd780f4,07/19/2025 12:45:00 PM,1,DRIVER,,2011430,,UNKNOWN,ULTRALIGHT,IL,,UNKNOWN,UNKNOWN/NA,UNKNOWN/NA,S,STRAIGHT AHEAD,,,1,,,,,,,,,,,,,,,,,Y,UNKNOWN,,,,,,,,,,,,,,,,,,,,,,,,,,,,,,,,,
2109936,980a1fde0f61099dd94975e19ca3a854b7275d9be9efeb100db562226011ddf69fcb6f291dc181809857760b00d7731b9477b034cdfc7674771b2d7d8bd780f4,07/19/2025 12:45:00 PM,2,PARKED,,2011441,,FORD,ESCAPE,IL,2023,NONE,PASSENGER,PERSONAL,S,PARKED IN TRAFFIC LANE,,,0,,,,,,,,,,Y,Y,,,,,,,SIDE-LEFT,,,,,,,,,,,,,,,,,,,,,,,,,,,,,,,,,
2109961,a254cb11b61a5a7d3e0e9a9a2a933a452eae365ce92fddc51fe1e9afcd035bc29c705f8be4a6b3b0432da459fdb29378b81b8ee759742aff44a113be681879c6,07/19/2025 12:45:00 PM,1,DRIVER,,2011463,,TOYOTA,COROLLA,IL,1998,UNKNOWN,PASSENGER,PERSONAL,E,STRAIGHT AHEAD,,,1,,,,,Y,,,,,,,,,,Y,Y,,FRONT,,,,,,,,,,,,,,,,,,,,,,,,,,,,,,,,,
2109962,a254cb11b61a5a7d3e0e9a9a2a933a452eae365ce92fddc51fe1e9afcd035bc29c705f8be4a6b3b0432da459fdb29378b81b8ee759742aff44a113be681879c6,07/19/2025 12:45:00 PM,2,DRIVER,,2011473,,KIA,SORENTO,IL,2023,UNKNOWN,SPORT UTILITY VEHICLE (SUV),PERSONAL,E,SLOW/STOP IN TRAFFIC,,,1,,,,,,,,,Y,Y,Y,,,,,,,REAR,,,,,,,,,,,,,,,,,,,,,,,,,,,,,,,,,
2109909,75970a15cbd00dbf7fdc05df3a18bb7362ef377ad8bbaa15c9bd4e066e54b66a5c5dc17024fcaf36dac47b9220ab97da525d665647a93fb0f8e04ab93c4e60e3,07/19/2025 12:39:00 PM,1,DRIVER,,2011412,,KIA,OTHER (EXPLAIN IN NARRATIVE),IL,2025,UNKNOWN,PASSENGER,PERSONAL,E,PASSING/OVERTAKING,,,1,,,,,Y,Y,Y,Y,,,,,,,,,,SIDE-RIGHT,,,,,,,,,,,,,,,,,,,,,,,,,,,,,,,,,
2109910,75970a15cbd00dbf7fdc05df3a18bb7362ef377ad8bbaa15c9bd4e066e54b66a5c5dc17024fcaf36dac47b9220ab97da525d665647a93fb0f8e04ab93c4e60e3,07/19/2025 12:39:00 PM,2,DRIVER,1,2011418,,NOVA BUS,OTHER (EXPLAIN IN NARRATIVE),IL,2022,UNKNOWN,BUS OVER 15 PASS.,CTA,E,STRAIGHT AHEAD,,,2,,,,,,,,,,,,,Y,Y,Y,,,SIDE-LEFT,,,,,,,,,,,,,,,,,,,,,,,,,,,,,,,,,
2109925,29eeb1fb224a905e6c3198a6eb90ebd2e60379c29232d534c440a2a1e049a5e847742df32f7cf2bb478c9b01e8a19440404795a634774f2b8a5338887334f7f4,07/19/2025 12:35:00 PM,1,DRIVER,,2011427,,HONDA,CR-V,IL,2008,UNKNOWN,PASSENGER,UNKNOWN/NA,UNKNOWN,BACKING,,,1,,,,,,,,,,Y,,,,,,,Y,UNKNOWN,,,,,,,,,,,,,,,,,,,,,,,,,,,,,,,,,
2109926,29eeb1fb224a905e6c3198a6eb90ebd2e60379c29232d534c440a2a1e049a5e847742df32f7cf2bb478c9b01e8a19440404795a634774f2b8a5338887334f7f4,07/19/2025 12:35:00 PM,2,DRIVER,,2011432,,HONDA,CIVIC,IL,2012,UNKNOWN,PASSENGER,UNKNOWN/NA,W,BACKING,,,1,,,,,,,,,,,Y,,,,,,,REAR-LEFT-CORNER,,,,,,,,,,,,,,,,,,,,,,,,,,,,,,,,,
2138444,6865059acad5eb98d7ec1e6406e0199493d73081ad5c5d93fc2f4e9c07851d2a1df64a93b87297701c98edc0604b79b406db052e040aa3c04bc36c4c6e74934f,07/19/2025 12:35:00 PM,1,DRIVER,,2038520,,MERCEDES-BENZ,GLC,IL,2022,UNKNOWN,SPORT UTILITY VEHICLE (SUV),UNKNOWN/NA,NW,BACKING,,,1,,,,,,,,,,,,,,,,,Y,REAR,,,,,,,,,,,,,,,,,,,,,,,,,,,,,,,,,
2138445,6865059acad5eb98d7ec1e6406e0199493d73081ad5c5d93fc2f4e9c07851d2a1df64a93b87297701c98edc0604b79b406db052e040aa3c04bc36c4c6e74934f,07/19/2025 12:35:00 PM,2,BICYCLE,,,,,,,,,,,,,,,,,,,,,,,,,,,,,,,,,,,,,,,,,,,,,,,,,,,,,,,,,,,,,,,,,,
2109927,eb0468654e3d411485c8404ff9af62b8b702f92afc3ed0e73971ed7c1906c5ef0499855ce44cc6afd351713e2a50b239047bed3999e3c6a57ddcfdd778537e71,07/19/2025 12:35:00 PM,1,DRIVER,,2011471,,CADILLAC,SRX,IL,2010,NONE,PASSENGER,PERSONAL,S,STRAIGHT AHEAD,Y,,1,,PRIVATE TOW,,,Y,Y,,,,,,,,,,Y,,FRONT-RIGHT-CORNER,,,,,,,,,,,,,,,,,,,,,,,,,,,,,,,,,
2109928,eb0468654e3d411485c8404ff9af62b8b702f92afc3ed0e73971ed7c1906c5ef0499855ce44cc6afd351713e2a50b239047bed3999e3c6a57ddcfdd778537e71,07/19/2025 12:35:00 PM,2,PARKED,,2011475,,CHEVROLET,SUBURBAN,IL,2007,NONE,PASSENGER,PERSONAL,S,PARKED,,,0,,,,,,,,,,,Y,,,,,,,REAR-LEFT-CORNER,,,,,,,,,,,,,,,,,,,,,,,,,,,,,,,,,
2114109,b71fe8e6b7a17b00427a1dceea9c1fbdc212a3a785144f77c4f46441bed432fb3d95a5ff17a0188e50461a94dd80563b56e1c6faac4492b1ffae49c2fc1f0a0c,07/19/2025 12:30:00 PM,1,DRIVER,,2015399,,FORD,OTHER (EXPLAIN IN NARRATIVE),IL,,NONE,SPORT UTILITY VEHICLE (SUV),UNKNOWN/NA,S,STRAIGHT AHEAD,,,1,,,,,,,,,,,,,,,,,,FRONT,,,,,,,,,,,,,,,,,,,,,,,,,,,,,,,,,
2114110,b71fe8e6b7a17b00427a1dceea9c1fbdc212a3a785144f77c4f46441bed432fb3d95a5ff17a0188e50461a94dd80563b56e1c6faac4492b1ffae49c2fc1f0a0c,07/19/2025 12:30:00 PM,2,DRIVER,,2015403,,NISSAN,ROGUE,IL,2010,NONE,SPORT UTILITY VEHICLE (SUV),PERSONAL,E,STRAIGHT AHEAD,,,1,,,,,Y,Y,Y,Y,Y,,,,,,,,,REAR,,,,,,,,,,,,,,,,,,,,,,,,,,,,,,,,,
2109984,2dbb2a8cc348777a74a65505017c152aca05977d0662e9c149023531bc34db15273a2b13118aa2afe54677a9372f68270f57c5d1baa9da436c7a2c478b79a7b6,07/19/2025 12:26:00 PM,1,DRIVER,,2011486,,DODGE,JOURNEY,IL,2011,UNKNOWN,UNKNOWN/NA,UNKNOWN/NA,W,BACKING,,,1,,,,,,,,,Y,Y,Y,,,,,,,REAR,,,,,,,,,,,,,,,,,,,,,,,,,,,,,,,,,
2109985,2dbb2a8cc348777a74a65505017c152aca05977d0662e9c149023531bc34db15273a2b13118aa2afe54677a9372f68270f57c5d1baa9da436c7a2c478b79a7b6,07/19/2025 12:26:00 PM,2,PARKED,,2011490,,TOYOTA,SIENNA,IL,2011,NONE,VAN/MINI-VAN,PERSONAL,UNKNOWN,PARKED,,,0,,,,,,,,,,,,,Y,Y,Y,,,FRONT-LEFT-CORNER,,,,,,,,,,,,,,,,,,,,,,,,,,,,,,,,,
2110036,912265157d9f4dc906714a27c81be7dbdad4a42e5ab4ab8d1af384aed29a823a5235a156d41222a40f493e4fb8f4d3ee9ac17244af0616efcb1774e961b384a7,07/19/2025 12:25:00 PM,1,BICYCLE,,,,,,,,,,,,,,,,,,,,,,,,,,,,,,,,,,,,,,,,,,,,,,,,,,,,,,,,,,,,,,,,,,
2110037,912265157d9f4dc906714a27c81be7dbdad4a42e5ab4ab8d1af384aed29a823a5235a156d41222a40f493e4fb8f4d3ee9ac17244af0616efcb1774e961b384a7,07/19/2025 12:25:00 PM,2,PARKED,,2011538,,MERCEDES-BENZ,GLC,IL,2022,NONE,PASSENGER,PERSONAL,E,PARKED,,,0,,,,Y,,,,,,,,,,,,,,SIDE-LEFT-REAR,,,,,,,,,,,,,,,,,,,,,,,,,,,,,,,,,
2109933,a35f8b5114059a35a864777f47a0f671ba3f3f745e1ed0e8d883c19fbb8b4211a014fc332903d275163073cab8e3943bd494f53b029b0d41b2451441d4990e12,07/19/2025 12:22:00 PM,1,DRIVER,,2011431,,VOLKSWAGEN,JETTA,IL,2019,UNKNOWN,PASSENGER,PERSONAL,W,STRAIGHT AHEAD,,,1,,,,,Y,,,,,,,,,,Y,Y,,FRONT,,,,,,,,,,,,,,,,,,,,,,,,,,,,,,,,,
2109934,a35f8b5114059a35a864777f47a0f671ba3f3f745e1ed0e8d883c19fbb8b4211a014fc332903d275163073cab8e3943bd494f53b029b0d41b2451441d4990e12,07/19/2025 12:22:00 PM,2,DRIVER,1,2011446,,TOYOTA,4RUNNER,IL,2003,UNKNOWN,SPORT UTILITY VEHICLE (SUV),PERSONAL,S,TURNING LEFT,,,2,,,,,,,,,,,,,Y,Y,,,,SIDE-LEFT,,,,,,,,,,,,,,,,,,,,,,,,,,,,,,,,,
2109999,6fa5f513c8c0e97c841ead53de4fdb4a850bab091bc638e2d4a1278a695c957edad658c7a9b999b22faabf586176da0df9737983c079605047a25905fe52f5e1,07/19/2025 12:20:00 PM,1,DRIVER,,2011501,,SUBARU,IMPREZA,IL,2019,UNKNOWN,SPORT UTILITY VEHICLE (SUV),UNKNOWN/NA,W,ENTERING TRAFFIC LANE FROM PARKING,,,1,,,,,,,,,,,,,,,Y,,,FRONT-LEFT-CORNER,,,,,,,,,,,,,,,,,,,,,,,,,,,,,,,,,
2110000,6fa5f513c8c0e97c841ead53de4fdb4a850bab091bc638e2d4a1278a695c957edad658c7a9b999b22faabf586176da0df9737983c079605047a25905fe52f5e1,07/19/2025 12:20:00 PM,2,DRIVER,,2011506,,HONDA,CR-V,IL,2022,UNKNOWN,SPORT UTILITY VEHICLE (SUV),PERSONAL,W,STRAIGHT AHEAD,,,1,,,,,,Y,Y,Y,,,,,,,,,,SIDE-RIGHT,,,,,,,,,,,,,,,,,,,,,,,,,,,,,,,,,
2109963,81458bbb6c9ef05835bb7d5d03f5534d02653732f5dccc203a7dfb7fd2819b2dd7ab8920f385c5b9271bd7ce78d8d83d371a2c339c429b7013b30d871be03321,07/19/2025 12:20:00 PM,1,DRIVER,,2011464,,CHEVROLET,SILVERADO,IL,2008,UNKNOWN,PICKUP,PERSONAL,W,STRAIGHT AHEAD,Y,N,1,,city of chicago,city pound,,,,,,,,,,,,,Y,,FRONT,,,,,,,,,,,,,,,,,,,,,,,,,,,,,,,,,
2109964,81458bbb6c9ef05835bb7d5d03f5534d02653732f5dccc203a7dfb7fd2819b2dd7ab8920f385c5b9271bd7ce78d8d83d371a2c339c429b7013b30d871be03321,07/19/2025 12:20:00 PM,2,DRIVER,1,2011479,,TOYOTA,RAV4,IL,2021,UNKNOWN,PASSENGER,PERSONAL,W,STRAIGHT AHEAD,,,2,,,,,,,,,,Y,,,,,,Y,,REAR,,,,,,,,,,,,,,,,,,,,,,,,,,,,,,,,,