CRASH_UNIT_ID,CRASH_RECORD_ID,CRASH_DATE,UNIT_NO,UNIT_TYPE,NUM_PASSENGERS,VEHICLE_ID,CMRC_VEH_I,MAKE,MODEL,LIC_PLATE_STATE,VEHICLE_YEAR,VEHICLE_DEFECT,VEHICLE_TYPE,VEHICLE_USE,TRAVEL_DIRECTION,MANEUVER,TOWED_I,FIRE_I,OCCUPANT_CNT,EXCEED_SPEED_LIMIT_I,TOWED_BY,TOWED_TO,AREA_00_I,AREA_01_I,AREA_02_I,AREA_03_I,AREA_04_I,AREA_05_I,AREA_06_I,AREA_07_I,AREA_08_I,AREA_09_I,AREA_10_I,AREA_11_I,AREA_12_I,AREA_99_I,FIRST_CONTACT_POINT,CMV_ID,USDOT_NO,CCMC_NO,ILCC_NO,COMMERCIAL_SRC,GVWR,CARRIER_NAME,CARRIER_STATE,CARRIER_CITY,HAZMAT_PLACARDS_I,HAZMAT_NAME,UN_NO,HAZMAT_PRESENT_I,HAZMAT_REPORT_I,HAZMAT_REPORT_NO,MCS_REPORT_I,MCS_REPORT_NO,HAZMAT_VIO_CAUSE_CRASH_I,MCS_VIO_CAUSE_CRASH_I,IDOT_PERMIT_NO,WIDE_LOAD_I,TRAILER1_WIDTH,TRAILER2_WIDTH,TRAILER1_LENGTH,TRAILER2_LENGTH,TOTAL_VEHICLE_LENGTH,AXLE_CNT,VEHICLE_CONFIG,CARGO_BODY_TYPE,LOAD_TYPE,HAZMAT_OUT_OF_SERVICE_I,MCS_OUT_OF_SERVICE_I,HAZMAT_CLASS
2109965,81458bbb6c9ef05835bb7d5d03f5534d02653732f5dccc203a7dfb7fd2819b2dd7ab8920f385c5b9271bd7ce78d8d83d371a2c339c429b7013b30d871be03321,07/19/2025 12:20:00 PM,3,DRIVER,,2011495,,HONDA,CR-V,IL,2025,UNKNOWN,PASSENGER,PERSONAL,W,STRAIGHT AHEAD,,,1,,,,,,,,,,Y,,,,,,,,REAR,,,,,,,,,,,,,,,,,,,,,,,,,,,,,,,,,
2116047,e4f967b9ac13edd819c983b349a600c79daae466b64acd9aafd6279947ac2dd2f1603a03690343f599c08da2c9c3e80901fbabc57bc0fa8fa4ae70f583564d06,07/19/2025 12:19:00 PM,1,DRIVER,,2017237,,TOYOTA,OTHER (EXPLAIN IN NARRATIVE),IL,,NONE,PICKUP,PERSONAL,N,STRAIGHT AHEAD,,,1,,,,,,,,,,,,,,,Y,Y,,FRONT-LEFT-CORNER,,,,,,,,,,,,,,,,,,,,,,,,,,,,,,,,,
2116048,e4f967b9ac13edd819c983b349a600c79daae466b64acd9aafd6279947ac2dd2f1603a03690343f599c08da2c9c3e80901fbabc57bc0fa8fa4ae70f583564d06,07/19/2025 12:19:00 PM,2,DRIVER,,2017241,,MERCEDES-BENZ,GELAENDEWAGEN (G-WAGEN),IL,2022,NONE,PASSENGER,PERSONAL,N,STRAIGHT AHEAD,,,1,,,,,,,,,,,Y,,,,,,,REAR-RIGHT-CORNER,,,,,,,,,,,,,,,,,,,,,,,,,,,,,,,,,
2109913,1782bb356350c56107022b8a689b4ffaa5be4ab0ea404ecaa9e6eb3fce600113b822db661d30b9bdc8b4d4794bf4e3000252908c746c1f36b2e9a4fcf3914fb9,07/19/2025 12:15:00 PM,1,DRIVER,,2011419,,MERCEDES-BENZ,300 SERIES,IL,2011,NONE,PASSENGER,PERSONAL,W,STRAIGHT AHEAD,,,1,,,,,,,,,,,,,,,,Y,,FRONT,,,,,,,,,,,,,,,,,,,,,,,,,,,,,,,,,
2109914,1782bb356350c56107022b8a689b4ffaa5be4ab0ea404ecaa9e6eb3fce600113b822db661d30b9bdc8b4d4794bf4e3000252908c746c1f36b2e9a4fcf3914fb9,07/19/2025 12:15:00 PM,2,DRIVER,2,2011428,,CHRYSLER,TOWN & COUNTRY,IL,2016,NONE,VAN/MINI-VAN,PERSONAL,W,SLOW/STOP IN TRAFFIC,,,3,,,,,,,,,,Y,,,,,,Y,,REAR,,,,,,,,,,,,,,,,,,,,,,,,,,,,,,,,,
2109915,1782bb356350c56107022b8a689b4ffaa5be4ab0ea404ecaa9e6eb3fce600113b822db661d30b9bdc8b4d4794bf4e3000252908c746c1f36b2e9a4fcf3914fb9,07/19/2025 12:15:00 PM,3,DRIVER,,2011445,,HYUNDAI,SONATA,IL,2015,NONE,PASSENGER,PERSONAL,W,SLOW/STOP IN TRAFFIC,,,1,,,,,,,,,,N,,,,,,,Y,REAR,,,,,,,,,,,,,,,,,,,,,,,,,,,,,,,,,
2117768,3636053f303d413df540a3919458b8297f28274f62c1580b6db004f829bae3968924061cdafa1279abcd32d9221c4f0e26d001d60760a4dda3c6f82a4742c6b3,07/19/2025 12:15:00 PM,1,DRIVER,1,2018831,,FORD,EXPLORER,IL,2017,NONE,PASSENGER,PERSONAL,S,TURNING LEFT,,,2,,,,,Y,Y,Y,,,,,,,,,,,FRONT-RIGHT-CORNER,,,,,,,,,,,,,,,,,,,,,,,,,,,,,,,,,
2117769,3636053f303d413df540a3919458b8297f28274f62c1580b6db004f829bae3968924061cdafa1279abcd32d9221c4f0e26d001d60760a4dda3c6f82a4742c6b3,07/19/2025 12:15:00 PM,2,DRIVER,,2018832,,HYUNDAI,SANTA FE,IL,2017,NONE,PASSENGER,PERSONAL,S,TURNING RIGHT,,,1,,,,,,,,,,,,,,Y,Y,,,FRONT-LEFT-CORNER,,,,,,,,,,,,,,,,,,,,,,,,,,,,,,,,,
2109901,3f1dbb727274ec1c1be7202c01520d4d30384b0611263d70e65659a496e8bb0e20c9ad17886f1a44a82cc6b0c775a2522651a9ea8a7aa525936ca428a9fb4e6b,07/19/2025 12:15:00 PM,1,DRIVER,1,2011411,,MAZDA,MAZDA3,PA,2014,NONE,PASSENGER,PERSONAL,S,OTHER,,,2,,,,,,,Y,,,,,,,,,,,SIDE-RIGHT,,,,,,,,,,,,,,,,,,,,,,,,,,,,,,,,,
2109902,3f1dbb727274ec1c1be7202c01520d4d30384b0611263d70e65659a496e8bb0e20c9ad17886f1a44a82cc6b0c775a2522651a9ea8a7aa525936ca428a9fb4e6b,07/19/2025 12:15:00 PM,2,BICYCLE,,,,,,,,,,,,,,,,,,,,,,,,,,,,,,,,,,,,,,,,,,,,,,,,,,,,,,,,,,,,,,,,,,
2109940,63cb2bf3e444cc7fd58ba68816687d4b4fee3e5bb7a1ebf53c8f25a52ef9d49ccc7e6153858b81f18a05a6629282806ea4a5257e68feef3ab1760513b56b7536,07/19/2025 12:15:00 PM,1,DRIVER,,2011444,,CHEVROLET,TRAX,FL,2020,UNKNOWN,PASSENGER,PERSONAL,S,STRAIGHT AHEAD,,,1,,,,,,,,,,,,,,Y,Y,,,FRONT-LEFT-CORNER,,,,,,,,,,,,,,,,,,,,,,,,,,,,,,,,,
2109941,63cb2bf3e444cc7fd58ba68816687d4b4fee3e5bb7a1ebf53c8f25a52ef9d49ccc7e6153858b81f18a05a6629282806ea4a5257e68feef3ab1760513b56b7536,07/19/2025 12:15:00 PM,2,DRIVER,,2011450,,NISSAN,ALTIMA,IL,2025,UNKNOWN,PASSENGER,PERSONAL,S,STRAIGHT AHEAD,,,1,,,,,,Y,Y,,,,,,,,,,,SIDE-RIGHT-FRONT,,,,,,,,,,,,,,,,,,,,,,,,,,,,,,,,,
2109897,80445fea8fe569c0f7e925e02de5fd437ef46cde6fd47864779d9fe35f4d381386a49d9897d4d5a0c0688168157da7d3a1fb5078518d732fba0ebb655e0de5f8,07/19/2025 12:15:00 PM,1,DRIVER,,2011398,,ACURA,RLX,IL,2017,UNKNOWN,SPORT UTILITY VEHICLE (SUV),PERSONAL,E,PASSING/OVERTAKING,,,1,,,,,,,,,,,,,,Y,Y,Y,,FRONT-LEFT-CORNER,,,,,,,,,,,,,,,,,,,,,,,,,,,,,,,,,
2109898,80445fea8fe569c0f7e925e02de5fd437ef46cde6fd47864779d9fe35f4d381386a49d9897d4d5a0c0688168157da7d3a1fb5078518d732fba0ebb655e0de5f8,07/19/2025 12:15:00 PM,2,DRIVER,,2011404,,TOYOTA,SIENNA,IL,2012,UNKNOWN,VAN/MINI-VAN,PERSONAL,E,STRAIGHT AHEAD,,,1,,,,,Y,Y,,,,,,,,,,Y,,FRONT-RIGHT-CORNER,,,,,,,,,,,,,,,,,,,,,,,,,,,,,,,,,
2109992,bb0e7c2a59020b882f48bcfe3d3d159d82c714b1288d46d6a662f44e6cf788ef458d03eab1cdea3f5f9a4efe99fd7cfbc692879f1b24d54e308091e08ee1d3f5,07/19/2025 12:15:00 PM,1,DRIVER,,2011489,,NISSAN,KICKS,IL,2021,NONE,PASSENGER,PERSONAL,N,STRAIGHT AHEAD,Y,,1,,owner,,,Y,Y,,,,,,,,,Y,Y,,FRONT-RIGHT-CORNER,,,,,,,,,,,,,,,,,,,,,,,,,,,,,,,,,
2109993,bb0e7c2a59020b882f48bcfe3d3d159d82c714b1288d46d6a662f44e6cf788ef458d03eab1cdea3f5f9a4efe99fd7cfbc692879f1b24d54e308091e08ee1d3f5,07/19/2025 12:15:00 PM,2,PARKED,,2011491,,DODGE,CHARGER,IL,2011,UNKNOWN,PASSENGER,PERSONAL,N,PARKED,Y,,0,,owner,,,N,,,,,Y,Y,Y,Y,Y,N,Y,,SIDE-LEFT-REAR,,,,,,,,,,,,,,,,,,,,,,,,,,,,,,,,,
2109994,bb0e7c2a59020b882f48bcfe3d3d159d82c714b1288d46d6a662f44e6cf788ef458d03eab1cdea3f5f9a4efe99fd7cfbc692879f1b24d54e308091e08ee1d3f5,07/19/2025 12:15:00 PM,3,PARKED,,2011497,,HONDA,CR-V,IL,2025,NONE,PASSENGER,PERSONAL,N,PARKED,,,0,,,,,Y,,,,,,,,,,Y,Y,,REAR,,,,,,,,,,,,,,,,,,,,,,,,,,,,,,,,,
2110297,f8bc426cf0b7b2804be0c3135762b00d479df5696565c9cdd6bf9ec328edeb47733b6471facc3f1f25b2c1acbe01b1890af3e44dc189c92aa3128268d0f6318b,07/19/2025 12:15:00 PM,1,DRIVER,,2011783,,UNKNOWN,OTHER (EXPLAIN IN NARRATIVE),IL,,UNKNOWN,PASSENGER,PERSONAL,NW,TURNING LEFT,,,1,,,,,Y,,,,,,,,,,,,,FRONT-RIGHT-CORNER,,,,,,,,,,,,,,,,,,,,,,,,,,,,,,,,,
2110298,f8bc426cf0b7b2804be0c3135762b00d479df5696565c9cdd6bf9ec328edeb47733b6471facc3f1f25b2c1acbe01b1890af3e44dc189c92aa3128268d0f6318b,07/19/2025 12:15:00 PM,2,DRIVER,,2011787,,HYUNDAI,SANTA FE,IL,2008,NONE,PASSENGER,PERSONAL,S,STRAIGHT AHEAD,Y,,1,,private,,,Y,Y,,,,,,,,,,,,FRONT-RIGHT-CORNER,,,,,,,,,,,,,,,,,,,,,,,,,,,,,,,,,
2109929,bda95872ed4f09c07344d67387dedc1e663e78e13042a8a2e1228b9f7adeb5027d8bfb93e5dd144216d7639bc03ed2fbbe1565225ab6b6afc1be1f12cd6ce1bf,07/19/2025 12:12:00 PM,1,DRIVER,,2011440,,HONDA,CIVIC,IL,2007,OTHER,PASSENGER,PERSONAL,E,STRAIGHT AHEAD,,,1,,,,,,,,,,,,,,,,Y,,FRONT,,,,,,,,,,,,,,,,,,,,,,,,,,,,,,,,,
2109930,bda95872ed4f09c07344d67387dedc1e663e78e13042a8a2e1228b9f7adeb5027d8bfb93e5dd144216d7639bc03ed2fbbe1565225ab6b6afc1be1f12cd6ce1bf,07/19/2025 12:12:00 PM,2,DRIVER,,2011469,,TOYOTA,SIENNA,IL,2012,NONE,VAN/MINI-VAN,PERSONAL,W,TURNING LEFT,,,1,,,,,,,,Y,Y,,,,,,,,,REAR-RIGHT-CORNER,,,,,,,,,,,,,,,,,,,,,,,,,,,,,,,,,
2119348,ade919ce6bf760da79bdfe06e6c7cc7b0ef30ddfee95c0c0273c080af7b9334d4aa2f311d6afae34606eaea82376e1c06008d4d1e97a3c8d661b5533f33fb6ba,07/19/2025 12:06:00 PM,1,DRIVER,1,2020355,,ACURA,TLX,WI,2006,NONE,PASSENGER,PERSONAL,E,MERGING,,,2,,,,,,,,,,,Y,,,,,,,REAR-LEFT-CORNER,,,,,,,,,,,,,,,,,,,,,,,,,,,,,,,,,
2119349,ade919ce6bf760da79bdfe06e6c7cc7b0ef30ddfee95c0c0273c080af7b9334d4aa2f311d6afae34606eaea82376e1c06008d4d1e97a3c8d661b5533f33fb6ba,07/19/2025 12:06:00 PM,2,DRIVER,3,2020357,,CHEVROLET,EQUINOX,WI,2009,NONE,PASSENGER,PERSONAL,E,STRAIGHT AHEAD,,,4,,,,,Y,,,,,,,,,,,,,FRONT-RIGHT-CORNER,,,,,,,,,,,,,,,,,,,,,,,,,,,,,,,,,
2110539,0b9be74714e8981226aeb10054ca40ad94f8f10a85019a0196756f3bcffb52dcad7b0b4149886994f72844f08535389e011add240d8b947e02b292484807ad9c,07/19/2025 12:04:00 PM,1,DRIVER,,2012006,,TOYOTA,SIENNA,IL,2011,UNKNOWN,PASSENGER,PERSONAL,UNKNOWN,BACKING,,,1,,,,,,,,,,,Y,Y,,,,,,SIDE-LEFT-REAR,,,,,,,,,,,,,,,,,,,,,,,,,,,,,,,,,
2110540,0b9be74714e8981226aeb10054ca40ad94f8f10a85019a0196756f3bcffb52dcad7b0b4149886994f72844f08535389e011add240d8b947e02b292484807ad9c,07/19/2025 12:04:00 PM,2,PARKED,1,2012030,,CADILLAC,DEVILLE,IL,1995,UNKNOWN,PASSENGER,PERSONAL,UNKNOWN,PARKED,,,1,,,,,,,,,,Y,Y,Y,,,,,,SIDE-LEFT-REAR,,,,,,,,,,,,,,,,,,,,,,,,,,,,,,,,,
2109976,fc5b09d07f74181f57c5f313b2ed75f1c3bf95643215037a6be43a3c431f118916b1993d68d7b5e1379b6ed1eb8d788744b3c669ac5de8202ddfc4159592a1bc,07/19/2025 12:03:00 PM,1,DRIVER,,2011480,,NISSAN,ROGUE,IL,2009,UNKNOWN,PASSENGER,UNKNOWN/NA,S,STRAIGHT AHEAD,,,1,,,,,,,,,,,,,,,,,Y,FRONT,,,,,,,,,,,,,,,,,,,,,,,,,,,,,,,,,
2109977,fc5b09d07f74181f57c5f313b2ed75f1c3bf95643215037a6be43a3c431f118916b1993d68d7b5e1379b6ed1eb8d788744b3c669ac5de8202ddfc4159592a1bc,07/19/2025 12:03:00 PM,2,DRIVER,,2011492,,TOYOTA,CAMRY,IL,2016,OTHER,PASSENGER,TAXI/FOR HIRE,S,STARTING IN TRAFFIC,,,1,,,,,,,,,Y,Y,,,,,,,,REAR-RIGHT-CORNER,,,,,,,,,,,,,,,,,,,,,,,,,,,,,,,,,
2109937,2216de03634e5a7f3fcfb7f25c1e27a44c5da8b1c2ae81ee39304876aaa2cf9f9a3637b5a78f331c205305edd5be59cf5f5eb6bb57f99b0150d37b1209e6fd3e,07/19/2025 12:00:00 PM,1,DRIVER,,2011449,,CHEVROLET,AVALANCHE,,2005,UNKNOWN,PICKUP,UNKNOWN/NA,S,STRAIGHT AHEAD,Y,,1,,CITY OF CHICAGO,SOUTH POUND,,Y,Y,Y,,Y,Y,Y,,Y,Y,Y,Y,,FRONT,,,,,,,,,,,,,,,,,,,,,,,,,,,,,,,,,
2109938,2216de03634e5a7f3fcfb7f25c1e27a44c5da8b1c2ae81ee39304876aaa2cf9f9a3637b5a78f331c205305edd5be59cf5f5eb6bb57f99b0150d37b1209e6fd3e,07/19/2025 12:00:00 PM,2,DRIVER,1,2011443,,VOLKSWAGEN,TIGUAN,IL,2020,NONE,PASSENGER,PERSONAL,S,STRAIGHT AHEAD,Y,,2,,UNK,UNK,,,,,Y,Y,Y,Y,Y,,,,,,REAR,,,,,,,,,,,,,,,,,,,,,,,,,,,,,,,,,
2109939,2216de03634e5a7f3fcfb7f25c1e27a44c5da8b1c2ae81ee39304876aaa2cf9f9a3637b5a78f331c205305edd5be59cf5f5eb6bb57f99b0150d37b1209e6fd3e,07/19/2025 12:00:00 PM,3,DRIVER,,2011481,,CHEVROLET,CRUZE,IL,2016,UNKNOWN,PASSENGER,PERSONAL,N,STRAIGHT AHEAD,Y,,1,,PRIVATE TOW,UNK,,,,,,,Y,Y,Y,Y,Y,Y,Y,,SIDE-LEFT,,,,,,,,,,,,,,,,,,,,,,,,,,,,,,,,,
2109868,77737ce752fd8652b8d9d127a3ef0e0959273fd1d4cdf9e9ff23706d64eefbd9cf9533755a209058d37ddbbd5ad929c963fa8d79444d0f03a5d1c99c5eed671b,07/19/2025 12:00:00 PM,1,DRIVER,,2011378,,MAZDA,323,IL,2015,UNKNOWN,PASSENGER,PERSONAL,UNKNOWN,STRAIGHT AHEAD,,,1,,,,,Y,,,,,,,,,,Y,Y,,FRONT,,,,,,,,,,,,,,,,,,,,,,,,,,,,,,,,,
2109869,77737ce752fd8652b8d9d127a3ef0e0959273fd1d4cdf9e9ff23706d64eefbd9cf9533755a209058d37ddbbd5ad929c963fa8d79444d0f03a5d1c99c5eed671b,07/19/2025 12:00:00 PM,2,DRIVER,,2011371,,UNKNOWN,MOTORIZED,IL,,UNKNOWN,PASSENGER,PERSONAL,UNKNOWN,STRAIGHT AHEAD,,,1,,,,,,,,,,Y,,,,,,,,REAR,,,,,,,,,,,,,,,,,,,,,,,,,,,,,,,,,
2110246,7c9933538181d859b785714cd8dbdd594cef50e411999e8a98010e5ad9d38a47921d492a14d51c7f6886c04a4b08b298102bd5d1a5251c45944ce91cfb748979,07/19/2025 12:00:00 PM,1,DRIVER,,2011738,,UNKNOWN,OTHER (EXPLAIN IN NARRATIVE),,,UNKNOWN,UNKNOWN/NA,UNKNOWN/NA,UNKNOWN,UNKNOWN/NA,,,1,,,,,,,,,,,,,,,,,Y,UNKNOWN,,,,,,,,,,,,,,,,,,,,,,,,,,,,,,,,,
2110247,7c9933538181d859b785714cd8dbdd594cef50e411999e8a98010e5ad9d38a47921d492a14d51c7f6886c04a4b08b298102bd5d1a5251c45944ce91cfb748979,07/19/2025 12:00:00 PM,2,PARKED,,2011733,,KIA,SELTOS,IL,2021,NONE,PASSENGER,PERSONAL,N,PARKED,Y,,0,,PRIVATE,REPAIR SHOP,,,,,,N,Y,Y,Y,Y,,,,,SIDE-LEFT-REAR,,,,,,,,,,,,,,,,,,,,,,,,,,,,,,,,,
2110137,ae3995f8572be757266767cd3ff88d1af88da2e0503490315a8fb72396afa382fe82051982d237cc758b5eae095587f830b6b635acd4336759d908c88e2b99d9,07/19/2025 12:00:00 PM,1,DRIVER,,2011629,,LEXUS,RX,,2006,NONE,SPORT UTILITY VEHICLE (SUV),PERSONAL,S,ENTERING TRAFFIC LANE FROM PARKING,,,1,,,,,,,,,,,,,,,Y,,,FRONT-LEFT-CORNER,,,,,,,,,,,,,,,,,,,,,,,,,,,,,,,,,
2110138,ae3995f8572be757266767cd3ff88d1af88da2e0503490315a8fb72396afa382fe82051982d237cc758b5eae095587f830b6b635acd4336759d908c88e2b99d9,07/19/2025 12:00:00 PM,2,DRIVER,1,2011637,,ACURA,ZDX,IL,2014,NONE,SPORT UTILITY VEHICLE (SUV),PERSONAL,S,CHANGING LANES,,,2,,,,,,,Y,,,,,,,,,,,SIDE-RIGHT,,,,,,,,,,,,,,,,,,,,,,,,,,,,,,,,,
2110040,be8d9d7ca2150e17b19098292829d9553029caa90d96ee919eb2cad4761eb27c2c8f78733acb8b4c0d9f54f74117d1667f1859bc98cc92b42720ab335a79b0f5,07/19/2025 12:00:00 PM,1,DRIVER,,2011542,,HYUNDAI,ELANTRA,IL,2013,NONE,PASSENGER,PERSONAL,N,SLOW/STOP IN TRAFFIC,,,1,,,,,,,,,,,,,,,,,Y,REAR,,,,,,,,,,,,,,,,,,,,,,,,,,,,,,,,,
2110041,be8d9d7ca2150e17b19098292829d9553029caa90d96ee919eb2cad4761eb27c2c8f78733acb8b4c0d9f54f74117d1667f1859bc98cc92b42720ab335a79b0f5,07/19/2025 12:00:00 PM,2,DRIVER,,2011549,,MERCEDES-BENZ,C-CLASS,IL,2022,NONE,PASSENGER,PERSONAL,S,SLOW/STOP IN TRAFFIC,,,1,,,,,,,,,,,,,,,,Y,,FRONT,,,,,,,,,,,,,,,,,,,,,,,,,,,,,,,,,
2109885,c9c9c193bea07066288bc6bffd032006e5c4b842332b0fe544c49fbe9ddb5d9c1e3d62d33aa15e0a2053cfaf46f8f84be34e67b50281ca65f05f3e3b6679a3a9,07/19/2025 12:00:00 PM,1,DRIVER,,2011387,,NISSAN,ROGUE,IL,,UNKNOWN,SPORT UTILITY VEHICLE (SUV),UNKNOWN/NA,S,PASSING/OVERTAKING,,,1,,,,,,,,,,,,,,,Y,,,FRONT-LEFT-CORNER,,,,,,,,,,,,,,,,,,,,,,,,,,,,,,,,,
2109886,c9c9c193bea07066288bc6bffd032006e5c4b842332b0fe544c49fbe9ddb5d9c1e3d62d33aa15e0a2053cfaf46f8f84be34e67b50281ca65f05f3e3b6679a3a9,07/19/2025 12:00:00 PM,2,DRIVER,,2011401,,SUBARU,WRX,IL,2015,UNKNOWN,PASSENGER,PERSONAL,S,STRAIGHT AHEAD,,,1,,,,,,,,,Y,,,,,,,,,SIDE-RIGHT-REAR,,,,,,,,,,,,,,,,,,,,,,,,,,,,,,,,,
2112299,e51a1e0c55df4eecf2f5432eb3e4593ffa5283e8f642d9a7363b6ea6bf4166cdf281f4b5e0fbdd1487764cd744a111f7e2453ef0fbb8a22aaa71077b3c14437e,07/19/2025 12:00:00 PM,1,DRIVER,,2013666,,FREIGHTLINER CORPORATION,OTHER (EXPLAIN IN NARRATIVE),IL,2025,UNKNOWN,TRUCK - SINGLE UNIT,COMMERCIAL - SINGLE UNIT,E,PASSING/OVERTAKING,,,1,,,,,Y,,,,,,,,,,,,,FRONT-LEFT-CORNER,,,,,,,,,,,,,,,,,,,,,,,,,,,,,,,,,
2112300,e51a1e0c55df4eecf2f5432eb3e4593ffa5283e8f642d9a7363b6ea6bf4166cdf281f4b5e0fbdd1487764cd744a111f7e2453ef0fbb8a22aaa71077b3c14437e,07/19/2025 12:00:00 PM,2,PARKED,,2013669,,BMW,X3,IL,2022,NONE,PASSENGER,PERSONAL,E,PARKED IN TRAFFIC LANE,,,0,,,,,,,,,,,,,Y,Y,Y,,,SIDE-LEFT,,,,,,,,,,,,,,,,,,,,,,,,,,,,,,,,,
2109874,01e73735eefb6d3534b7497ad827e8da689ccce0cc6b12554a02ed14bcb9316576be4582334ea9a6819df9a097f1e78a268b65631ff2e1256430c0475e4561e9,07/19/2025 11:55:00 AM,1,DRIVER,,2011380,,HONDA,CR-V,IL,2020,NONE,PASSENGER,PERSONAL,N,TURNING LEFT,Y,,1,,PRIVATE,,,Y,Y,,,,,,,,,,Y,,FRONT-RIGHT-CORNER,,,,,,,,,,,,,,,,,,,,,,,,,,,,,,,,,
2109875,01e73735eefb6d3534b7497ad827e8da689ccce0cc6b12554a02ed14bcb9316576be4582334ea9a6819df9a097f1e78a268b65631ff2e1256430c0475e4561e9,07/19/2025 11:55:00 AM,2,DRIVER,,2011390,,VOLKSWAGEN,JETTA,IL,2015,NONE,PASSENGER,PERSONAL,S,STRAIGHT AHEAD,N,,1,,,,,,,,,,,,,,Y,Y,Y,,FRONT-LEFT-CORNER,,,,,,,,,,,,,,,,,,,,,,,,,,,,,,,,,
2109974,50aed421e7bc574948baab74ad7e99977310e0a9455a0326a543dc5ab3315896fe5221e93d066cb266cae3ed60b5c5e64c2130b6d21aafd22472c7b28c90cd7a,07/19/2025 11:50:00 AM,1,DRIVER,,2011474,,KIA,OPTIMA / K5,IL,2023,UNKNOWN,PASSENGER,PERSONAL,S,STRAIGHT AHEAD,,,1,,,,,,,,,,,,,,,,,Y,UNKNOWN,,,,,,,,,,,,,,,,,,,,,,,,,,,,,,,,,
2109975,50aed421e7bc574948baab74ad7e99977310e0a9455a0326a543dc5ab3315896fe5221e93d066cb266cae3ed60b5c5e64c2130b6d21aafd22472c7b28c90cd7a,07/19/2025 11:50:00 AM,2,DRIVER,,2011477,,AUDI,SQ5,IL,2014,UNKNOWN,SPORT UTILITY VEHICLE (SUV),PERSONAL,S,SLOW/STOP IN TRAFFIC,,,1,,,,,,,,,,Y,,,,,,,,REAR,,,,,,,,,,,,,,,,,,,,,,,,,,,,,,,,,
2109916,a79eea479010eb1a2115da3302926fad7e7cc5beb1d343d347f29276280425da8ffcfa3e6b33392e87693a74d3f949172322a6a941d865c9be611560c259bf39,07/19/2025 11:50:00 AM,1,DRIVER,,2011416,,HYUNDAI,ELANTRA,IL,2003,UNKNOWN,PICKUP,PERSONAL,W,PASSING/OVERTAKING,,,1,,,,,Y,Y,Y,Y,Y,,Y,Y,Y,Y,Y,,,FRONT-LEFT-CORNER,,,,,,,,,,,,,,,,,,,,,,,,,,,,,,,,,
2109917,a79eea479010eb1a2115da3302926fad7e7cc5beb1d343d347f29276280425da8ffcfa3e6b33392e87693a74d3f949172322a6a941d865c9be611560c259bf39,07/19/2025 11:50:00 AM,2,DRIVER,,2011424,,NISSAN,SENTRA,IL,2024,NONE,PASSENGER,PERSONAL,W,SLOW/STOP IN TRAFFIC,,,1,,,,,Y,Y,Y,Y,Y,,,,,,,,,SIDE-RIGHT-REAR,,,,,,,,,,,,,,,,,,,,,,,,,,,,,,,,,
2109918,a79eea479010eb1a2115da3302926fad7e7cc5beb1d343d347f29276280425da8ffcfa3e6b33392e87693a74d3f949172322a6a941d865c9be611560c259bf39,07/19/2025 11:50:00 AM,3,DRIVER,,2011429,,HONDA,ACCORD,IL,2014,NONE,PASSENGER,PERSONAL,W,STRAIGHT AHEAD,,,1,,,,,,,,,,,Y,Y,Y,Y,Y,,,REAR-LEFT-CORNER,,,,,,,,,,,,,,,,,,,,,,,,,,,,,,,,,
2110585,400591ed12d2f45ad414476c47c0abc56a296ef2d46648c74c6cf120a1f7df94d478ad28083fda89e60ed82e43727a2156731d18e2a578c34bb08f5c26610a9a,07/19/2025 11:49:00 AM,1,DRIVER,,2012065,,CHEVROLET,OTHER (EXPLAIN IN NARRATIVE),IL,2024,UNKNOWN,PICKUP,UNKNOWN/NA,N,STRAIGHT AHEAD,,,1,,,,,,,,,,,,,,,,,,FRONT,,,,,,,,,,,,,,,,,,,,,,,,,,,,,,,,,
2110586,400591ed12d2f45ad414476c47c0abc56a296ef2d46648c74c6cf120a1f7df94d478ad28083fda89e60ed82e43727a2156731d18e2a578c34bb08f5c26610a9a,07/19/2025 11:49:00 AM,2,BICYCLE,,,,,,,,,,,,,,,,,,,,,,,,,,,,,,,,,,,,,,,,,,,,,,,,,,,,,,,,,,,,,,,,,,
2109876,e79751835c4dc43d1e78528b824e5670f566629f72eecba567e84667feddbb8dd7cf74c3954bf80dfda939cff2658c9237220e355b6018980f7f2ec6500c6dff,07/19/2025 11:49:00 AM,1,DRIVER,,2011379,,HONDA,HR-V,IL,2025,NONE,PASSENGER,PERSONAL,N,ENTER FROM DRIVE/ALLEY,,,1,,,,,,,,,,,,,,Y,Y,,,FRONT-LEFT-CORNER,,,,,,,,,,,,,,,,,,,,,,,,,,,,,,,,,
2109877,e79751835c4dc43d1e78528b824e5670f566629f72eecba567e84667feddbb8dd7cf74c3954bf80dfda939cff2658c9237220e355b6018980f7f2ec6500c6dff,07/19/2025 11:49:00 AM,2,DRIVER,,2011384,,TOYOTA,PRIUS,IL,2009,NONE,PASSENGER,PERSONAL,NE,STRAIGHT AHEAD,,,1,,,,,Y,Y,,,,,,,,,,Y,,FRONT-RIGHT-CORNER,,,,,,,,,,,,,,,,,,,,,,,,,,,,,,,,,
2109887,33f323516cdc2dc3e740b9686019994be806c948f1af34f179bf0a46c9bc343895cf6401536423e369b8b30b5cf06eb8e2bca84c612e08a41ccaa5c2e225dbe4,07/19/2025 11:45:00 AM,1,DRIVER,,2011386,,UNKNOWN,OTHER (EXPLAIN IN NARRATIVE),,,UNKNOWN,VAN/MINI-VAN,UNKNOWN/NA,W,STRAIGHT AHEAD,,,1,,,,,,,,Y,Y,,,,,,,,,REAR-RIGHT-CORNER,,,,,,,,,,,,,,,,,,,,,,,,,,,,,,,,,