CRASH_UNIT_ID,CRASH_RECORD_ID,CRASH_DATE,UNIT_NO,UNIT_TYPE,NUM_PASSENGERS,VEHICLE_ID,CMRC_VEH_I,MAKE,MODEL,LIC_PLATE_STATE,VEHICLE_YEAR,VEHICLE_DEFECT,VEHICLE_TYPE,VEHICLE_USE,TRAVEL_DIRECTION,MANEUVER,TOWED_I,FIRE_I,OCCUPANT_CNT,EXCEED_SPEED_LIMIT_I,TOWED_BY,TOWED_TO,AREA_00_I,AREA_01_I,AREA_02_I,AREA_03_I,AREA_04_I,AREA_05_I,AREA_06_I,AREA_07_I,AREA_08_I,AREA_09_I,AREA_10_I,AREA_11_I,AREA_12_I,AREA_99_I,FIRST_CONTACT_POINT,CMV_ID,USDOT_NO,CCMC_NO,ILCC_NO,COMMERCIAL_SRC,GVWR,CARRIER_NAME,CARRIER_STATE,CARRIER_CITY,HAZMAT_PLACARDS_I,HAZMAT_NAME,UN_NO,HAZMAT_PRESENT_I,HAZMAT_REPORT_I,HAZMAT_REPORT_NO,MCS_REPORT_I,MCS_REPORT_NO,HAZMAT_VIO_CAUSE_CRASH_I,MCS_VIO_CAUSE_CRASH_I,IDOT_PERMIT_NO,WIDE_LOAD_I,TRAILER1_WIDTH,TRAILER2_WIDTH,TRAILER1_LENGTH,TRAILER2_LENGTH,TOTAL_VEHICLE_LENGTH,AXLE_CNT,VEHICLE_CONFIG,CARGO_BODY_TYPE,LOAD_TYPE,HAZMAT_OUT_OF_SERVICE_I,MCS_OUT_OF_SERVICE_I,HAZMAT_CLASS
2109888,33f323516cdc2dc3e740b9686019994be806c948f1af34f179bf0a46c9bc343895cf6401536423e369b8b30b5cf06eb8e2bca84c612e08a41ccaa5c2e225dbe4,07/19/2025 11:45:00 AM,2,DRIVER,,2011394,,FORD,TRANSIT,IL,2015,UNKNOWN,VAN/MINI-VAN,OTHER,S,STRAIGHT AHEAD,,,1,,,,,Y,N,,,,,,,,,Y,,,FRONT-RIGHT-CORNER,,,,,,,,,,,,,,,,,,,,,,,,,,,,,,,,,
2109842,0d79d9d6e884e2f1cc0a752b5c140329bd00e21e4a400fb336f9076d92d9d3bb20575c69c69476e00a79256da1b74235392f5c7925fcd8cbcb6549fa4229d2f8,07/19/2025 11:44:00 AM,1,DRIVER,,2011348,,UNKNOWN,BLIMP,IL,,UNKNOWN,UNKNOWN/NA,UNKNOWN/NA,UNKNOWN,UNKNOWN/NA,,,1,,,,,,,,,,,,,,,,,Y,UNKNOWN,,,,,,,,,,,,,,,,,,,,,,,,,,,,,,,,,
2109843,0d79d9d6e884e2f1cc0a752b5c140329bd00e21e4a400fb336f9076d92d9d3bb20575c69c69476e00a79256da1b74235392f5c7925fcd8cbcb6549fa4229d2f8,07/19/2025 11:44:00 AM,2,PARKED,,2011349,,FORD,BRONCO / BRONCO II,IL,2024,UNKNOWN,PASSENGER,PERSONAL,UNKNOWN,PARKED,,,0,,,,,,,,,,,Y,Y,Y,Y,Y,,Y,SIDE-LEFT,,,,,,,,,,,,,,,,,,,,,,,,,,,,,,,,,
2109889,740c15eb46ab81926d79a157bdc2f63a97b5f1503326abfad2585cb541e689439cb7a08d1c3018e4d0a5797e86cc642db7dee0b02e03eb63a0bb2a6d89850ff4,07/19/2025 11:43:00 AM,1,DRIVER,,2011395,,TOYOTA,COROLLA,IL,2012,NONE,PASSENGER,PERSONAL,E,ENTERING TRAFFIC LANE FROM PARKING,,,1,,,,,,,,,,,,Y,Y,Y,,,N,SIDE-LEFT,,,,,,,,,,,,,,,,,,,,,,,,,,,,,,,,,
2109890,740c15eb46ab81926d79a157bdc2f63a97b5f1503326abfad2585cb541e689439cb7a08d1c3018e4d0a5797e86cc642db7dee0b02e03eb63a0bb2a6d89850ff4,07/19/2025 11:43:00 AM,2,DRIVER,,2011408,,HONDA,INSIGHT,IL,2013,NONE,PASSENGER,PERSONAL,S,STRAIGHT AHEAD,Y,,1,,PRIVATE TOW,,,,,,,,,,,,,Y,Y,,FRONT,,,,,,,,,,,,,,,,,,,,,,,,,,,,,,,,,
2116476,155ded5c9be83f8a0fd256a12c5278c4901067115ce5570bc1f2fe94c60e4bb727dec686744023567a53a0af07db88034796c57be163ad17859c36c8daac195c,07/19/2025 11:40:00 AM,1,DRIVER,1,2017648,,DODGE,CARAVAN,IL,2016,NONE,VAN/MINI-VAN,UNKNOWN/NA,N,TURNING RIGHT,,,2,,,,,Y,,,,,,,,,,,,,FRONT-RIGHT-CORNER,,,,,,,,,,,,,,,,,,,,,,,,,,,,,,,,,
2116477,155ded5c9be83f8a0fd256a12c5278c4901067115ce5570bc1f2fe94c60e4bb727dec686744023567a53a0af07db88034796c57be163ad17859c36c8daac195c,07/19/2025 11:40:00 AM,2,DRIVER,,2017653,,DODGE,CHARGER,IL,2022,NONE,PASSENGER,PERSONAL,NE,TURNING RIGHT,,,1,,,,,,,,,,,,,,Y,Y,,,FRONT-LEFT-CORNER,,,,,,,,,,,,,,,,,,,,,,,,,,,,,,,,,
2109921,8224ceb79124e7777fff44523fe0a6823c0190dbd08b729f709b777691cd328427b62ea05e1c50c4598cd1c5827ff28481c523b8df480f6a9b3da22402daf7f9,07/19/2025 11:40:00 AM,1,DRIVER,,2011426,,TOYOTA,COROLLA,IL,2006,UNKNOWN,PASSENGER,UNKNOWN/NA,N,TURNING RIGHT,,,1,,,,,,,,,,,,,,,,,Y,SIDE-RIGHT,,,,,,,,,,,,,,,,,,,,,,,,,,,,,,,,,
2109922,8224ceb79124e7777fff44523fe0a6823c0190dbd08b729f709b777691cd328427b62ea05e1c50c4598cd1c5827ff28481c523b8df480f6a9b3da22402daf7f9,07/19/2025 11:40:00 AM,2,DRIVER,,2011433,,KIA,SPORTAGE,IL,2016,UNKNOWN,SPORT UTILITY VEHICLE (SUV),PERSONAL,N,STRAIGHT AHEAD,,,1,,,,,,,,,,,,Y,Y,Y,Y,,,SIDE-LEFT,,,,,,,,,,,,,,,,,,,,,,,,,,,,,,,,,
2109911,ed108731cb8eec58cb15d456f6bf356dbb52807a5a38cdef69ff353ff608d5be3b2d973d85272b1eb65c330a8b404561583ab0e73c0b80a1b77675ac12808542,07/19/2025 11:40:00 AM,1,DRIVER,,2011415,,NISSAN,SENTRA,IL,2012,NONE,PASSENGER,PERSONAL,W,STRAIGHT AHEAD,,,1,,,,,Y,Y,,,,,,,,,,Y,,FRONT-RIGHT-CORNER,,,,,,,,,,,,,,,,,,,,,,,,,,,,,,,,,
2109912,ed108731cb8eec58cb15d456f6bf356dbb52807a5a38cdef69ff353ff608d5be3b2d973d85272b1eb65c330a8b404561583ab0e73c0b80a1b77675ac12808542,07/19/2025 11:40:00 AM,2,PARKED,1,2011420,,LEXUS,RX350,IL,2015,NONE,PASSENGER,PERSONAL,W,PARKED,,,1,,,,,,,,,,Y,Y,Y,,,,,,REAR-LEFT-CORNER,,,,,,,,,,,,,,,,,,,,,,,,,,,,,,,,,
2109872,a99019d96332f05d9a12a6a43d21c560220080f6c28ac73dcecf16117a05dbd2bf826a0e44964d1dfa52fc84657dcd4a6f02f95330a8a1cc761c570879c3cfa0,07/19/2025 11:34:00 AM,1,DRIVER,,2011382,,LEXUS,IS,IL,2003,NONE,PASSENGER,UNKNOWN/NA,E,STRAIGHT AHEAD,,,1,,,,,Y,,,,,,,,,,Y,Y,,FRONT,,,,,,,,,,,,,,,,,,,,,,,,,,,,,,,,,
2109873,a99019d96332f05d9a12a6a43d21c560220080f6c28ac73dcecf16117a05dbd2bf826a0e44964d1dfa52fc84657dcd4a6f02f95330a8a1cc761c570879c3cfa0,07/19/2025 11:34:00 AM,2,DRIVER,1,2011391,,HONDA,ACCORD,IL,2024,NONE,PASSENGER,PERSONAL,E,SLOW/STOP IN TRAFFIC,,,2,,,,,,,,,Y,Y,Y,,,,,,,REAR,,,,,,,,,,,,,,,,,,,,,,,,,,,,,,,,,
2109866,31cf667dc47114b2a53714b2cb56ffbfddc86bfc8abc40064089371204cc9459de9b414662a62e44f9ce89bf2cb2c2dec75e21d346c9744617fb3017c1c3579a,07/19/2025 11:32:00 AM,1,DRIVER,,2011405,,UNKNOWN,MOTORIZED,IL,,UNKNOWN,VAN/MINI-VAN,UNKNOWN/NA,W,UNKNOWN/NA,,,1,,,,,,,,,,,,,,,,,Y,UNKNOWN,,,,,,,,,,,,,,,,,,,,,,,,,,,,,,,,,
2109867,31cf667dc47114b2a53714b2cb56ffbfddc86bfc8abc40064089371204cc9459de9b414662a62e44f9ce89bf2cb2c2dec75e21d346c9744617fb3017c1c3579a,07/19/2025 11:32:00 AM,2,DRIVER,,2011407,N,UNKNOWN,NONREMOVABLE ENCLOSURE,IL,,UNKNOWN,BUS OVER 15 PASS.,CTA,W,STRAIGHT AHEAD,,,1,,,,,,,,,,,,,,Y,,,,SIDE-LEFT-FRONT,,,,,,,,,,,,,,,,,,,,,,,,,,,,,,,,,
2109883,3309ccf43c3c701c98f88b15114c798e10147a644385983f8c6435944d7788fb74249c0e4ac5eb0f59363865f588c10550614b0c7926fede6fe10fe5659c484e,07/19/2025 11:30:00 AM,1,DRIVER,1,2011383,,HONDA,ACCORD,XX,2000,UNKNOWN,PASSENGER,UNKNOWN/NA,S,STRAIGHT AHEAD,,,2,,,,,Y,,,,,,,,,,Y,Y,,FRONT,,,,,,,,,,,,,,,,,,,,,,,,,,,,,,,,,
2109884,3309ccf43c3c701c98f88b15114c798e10147a644385983f8c6435944d7788fb74249c0e4ac5eb0f59363865f588c10550614b0c7926fede6fe10fe5659c484e,07/19/2025 11:30:00 AM,2,PARKED,,2011392,,JEEP,CHEROKEE,IL,2014,UNKNOWN,PASSENGER,NOT IN USE,S,PARKED,Y,,0,,OWNER,UNK,,,,,,,,Y,Y,,,,,,REAR-LEFT-CORNER,,,,,,,,,,,,,,,,,,,,,,,,,,,,,,,,,
2109891,b337491ac7731cfe3139ba8addec2d09606fd901c33e4f2193d025e47d9dbf092ea877a8d80a919b9a04f1e8590b5ef8e8785b9e0971c4c9cab56bbc75b2113e,07/19/2025 11:30:00 AM,1,DRIVER,,2011396,,UNKNOWN,OTHER (EXPLAIN IN NARRATIVE),,,UNKNOWN,UNKNOWN/NA,UNKNOWN/NA,UNKNOWN,UNKNOWN/NA,,,1,,,,,,,,,,,,,,,,,Y,UNKNOWN,,,,,,,,,,,,,,,,,,,,,,,,,,,,,,,,,
2109892,b337491ac7731cfe3139ba8addec2d09606fd901c33e4f2193d025e47d9dbf092ea877a8d80a919b9a04f1e8590b5ef8e8785b9e0971c4c9cab56bbc75b2113e,07/19/2025 11:30:00 AM,2,PARKED,,2011389,,HONDA,HR-V,IL,2024,UNKNOWN,SPORT UTILITY VEHICLE (SUV),NOT IN USE,N,PARKED,,,0,,,,,,,,,,,,,,,,Y,,FRONT,,,,,,,,,,,,,,,,,,,,,,,,,,,,,,,,,
2110549,4b206fe9238870a3aeda414d02e339e1d8e087a44708dd46ccd38e1e468eda87556a4f3ca756364af03006693cc00d4cc21a41ab5f566236a6b6b697697b0aa8,07/19/2025 11:25:00 AM,1,DRIVER,,2012013,,INFINITI,OTHER (EXPLAIN IN NARRATIVE),IL,2013,UNKNOWN,SPORT UTILITY VEHICLE (SUV),UNKNOWN/NA,N,STRAIGHT AHEAD,,,1,,,,,,,,,,,,,,,,,,UNKNOWN,,,,,,,,,,,,,,,,,,,,,,,,,,,,,,,,,
2110550,4b206fe9238870a3aeda414d02e339e1d8e087a44708dd46ccd38e1e468eda87556a4f3ca756364af03006693cc00d4cc21a41ab5f566236a6b6b697697b0aa8,07/19/2025 11:25:00 AM,2,DRIVER,,2012022,,GENERAL MOTORS CORPORATION (GMC),TERRAIN,IL,2022,UNKNOWN,PASSENGER,PERSONAL,N,STRAIGHT AHEAD,,,1,,,,,,,,,Y,Y,Y,,,,,,,REAR,,,,,,,,,,,,,,,,,,,,,,,,,,,,,,,,,
2109862,ef5be8d397dfd078d47ea2bbd911add2d88ed3d27918bd36389f054d23dc203b7a2f846101a9082f5fa3b48883e51f41acf8ae2e69fb22592640c330e6a09b47,07/19/2025 11:21:00 AM,1,DRIVER,1,2011366,,MAZDA,CX-5,IL,2019,NONE,PASSENGER,PERSONAL,E,STRAIGHT AHEAD,,,2,,,,,Y,,,,,,,,,,,Y,,FRONT,,,,,,,,,,,,,,,,,,,,,,,,,,,,,,,,,
2109863,ef5be8d397dfd078d47ea2bbd911add2d88ed3d27918bd36389f054d23dc203b7a2f846101a9082f5fa3b48883e51f41acf8ae2e69fb22592640c330e6a09b47,07/19/2025 11:21:00 AM,2,DRIVER,,2011373,,HYUNDAI,SONATA,IL,2010,NONE,PASSENGER,PERSONAL,S,STRAIGHT AHEAD,,,1,,,,,,,Y,Y,,,,,,,,,,SIDE-LEFT-REAR,,,,,,,,,,,,,,,,,,,,,,,,,,,,,,,,,
2109982,ec5004438678abf8d491071fcdf7a0546a1627fee45550362f44918325b316f3c7cc21fdcd0dc2d3eabe9792bfec91fc1998fed8e7ed7c21c166e69d523764ee,07/19/2025 11:20:00 AM,1,DRIVER,,2011478,,SUBARU,LEGACY,MO,2009,NONE,PASSENGER,PERSONAL,E,STRAIGHT AHEAD,,,1,,,,,Y,,,,,,,,,,Y,Y,,FRONT,,,,,,,,,,,,,,,,,,,,,,,,,,,,,,,,,
2109983,ec5004438678abf8d491071fcdf7a0546a1627fee45550362f44918325b316f3c7cc21fdcd0dc2d3eabe9792bfec91fc1998fed8e7ed7c21c166e69d523764ee,07/19/2025 11:20:00 AM,2,DRIVER,,2011496,,MERCEDES-BENZ,GLK350,IL,2014,NONE,PASSENGER,UNKNOWN/NA,E,STRAIGHT AHEAD,,,1,,,,,,,,,Y,Y,Y,,,,,,,REAR,,,,,,,,,,,,,,,,,,,,,,,,,,,,,,,,,
2109844,1f9f551e3024668bb7265ee034163ea6db3a2733f59029ee1e6c9b3650a00eccc168de56165dbe7ee792087ac384297cc749b65bf5a4f23c67575ee5c396aabd,07/19/2025 11:15:00 AM,1,DRIVER,,2011352,,CHEVROLET,IMPALA,IL,2016,UNKNOWN,PASSENGER,UNKNOWN/NA,E,TURNING LEFT,Y,,1,,city of chicago,103 s doty,,Y,Y,Y,,,,,,Y,Y,Y,Y,,FRONT,,,,,,,,,,,,,,,,,,,,,,,,,,,,,,,,,
2110641,2a7d4111e523b1c914cfb7c184997d4cde56875cf75c7bd0e4d80e9643f96d7766fbd338b48b1e53e6b8b1dd21e16005d363708b3117bc16a59536da2ec380e9,07/19/2025 11:15:00 AM,1,DRIVER,,2012097,,TOYOTA,CAMRY,IL,2023,UNKNOWN,PASSENGER,PERSONAL,S,STRAIGHT AHEAD,,,1,,,,,,,,,,,,,,,,Y,,FRONT,,,,,,,,,,,,,,,,,,,,,,,,,,,,,,,,,
2110642,2a7d4111e523b1c914cfb7c184997d4cde56875cf75c7bd0e4d80e9643f96d7766fbd338b48b1e53e6b8b1dd21e16005d363708b3117bc16a59536da2ec380e9,07/19/2025 11:15:00 AM,2,BICYCLE,,,,,,,,,,,,,,,,,,,,,,,,,,,,,,,,,,,,,,,,,,,,,,,,,,,,,,,,,,,,,,,,,,
2109950,5cebc08abeb21d3670f17722332be06da006b88b1bb4bde1967544b5824f85624116a181d7b94b1c4d05f079e016a46e5c0bd39ce43b139a547a0c45be7df877,07/19/2025 11:15:00 AM,1,DRIVER,,2011447,,CHEVROLET,OTHER (EXPLAIN IN NARRATIVE),IL,2017,UNKNOWN,SPORT UTILITY VEHICLE (SUV),UNKNOWN/NA,N,CHANGING LANES,,,1,,,,,Y,,,,,,,,,,,,,SIDE-RIGHT-FRONT,,,,,,,,,,,,,,,,,,,,,,,,,,,,,,,,,
2109951,5cebc08abeb21d3670f17722332be06da006b88b1bb4bde1967544b5824f85624116a181d7b94b1c4d05f079e016a46e5c0bd39ce43b139a547a0c45be7df877,07/19/2025 11:15:00 AM,2,DRIVER,,2011455,,TESLA,MODEL 3,MD,2023,NONE,PASSENGER,PERSONAL,N,STRAIGHT AHEAD,,,1,,,,,,,,,,Y,Y,Y,,,,,,REAR-LEFT-CORNER,,,,,,,,,,,,,,,,,,,,,,,,,,,,,,,,,
2109904,97480d3cb9d5cfcc6692a72392ba2497d9b3a911f0dc3a354b6570018c7f6f7b8b7cb1abc11fad82f39f3c63899b8f0cf74e98af9d7615f56f0e1394af042dba,07/19/2025 11:15:00 AM,1,DRIVER,,2011409,,MERCEDES-BENZ,GLC,IL,2014,UNKNOWN,SPORT UTILITY VEHICLE (SUV),UNKNOWN/NA,E,STRAIGHT AHEAD,,,1,,,,,Y,Y,,,,,,,,,,Y,,FRONT-RIGHT-CORNER,,,,,,,,,,,,,,,,,,,,,,,,,,,,,,,,,
2109895,d7b64f794ac736cbebe175e53e4dcdaa9d877038a12d595d57638783f1c4f2e1c1d1d39d1873be45629fea0f04ad4fe0acf4bf3f7977d508440afde0ea2cba11,07/19/2025 11:10:00 AM,1,DRIVER,2,2011467,,FORD,EDGE,IL,2009,UNKNOWN,SPORT UTILITY VEHICLE (SUV),UNKNOWN/NA,E,OTHER,,,3,,,,,,,,,,,,,,,,,,REAR-RIGHT-CORNER,,,,,,,,,,,,,,,,,,,,,,,,,,,,,,,,,
2109896,d7b64f794ac736cbebe175e53e4dcdaa9d877038a12d595d57638783f1c4f2e1c1d1d39d1873be45629fea0f04ad4fe0acf4bf3f7977d508440afde0ea2cba11,07/19/2025 11:10:00 AM,2,DRIVER,1,2011417,,CHEVROLET,TRAX,IL,2022,UNKNOWN,SPORT UTILITY VEHICLE (SUV),UNKNOWN/NA,E,OTHER,,,2,,,,,,,,,,,Y,Y,,,,,,SIDE-LEFT-REAR,,,,,,,,,,,,,,,,,,,,,,,,,,,,,,,,,
2114379,8b8abe8d39cd4335b04f00d2428da06d9801cbb95b43a9fbab0eeada6af6a9a4ec6866d1aa8b32ffeb016081160ccc9e360a61a6dc260be41346a5648864ea08,07/19/2025 11:00:00 AM,1,DRIVER,,2015658,,FORD,FUSION,IL,2013,UNKNOWN,PASSENGER,UNKNOWN/NA,S,MERGING,,,1,,,,,,,Y,Y,Y,,,,,,,,,SIDE-RIGHT,,,,,,,,,,,,,,,,,,,,,,,,,,,,,,,,,
2114380,8b8abe8d39cd4335b04f00d2428da06d9801cbb95b43a9fbab0eeada6af6a9a4ec6866d1aa8b32ffeb016081160ccc9e360a61a6dc260be41346a5648864ea08,07/19/2025 11:00:00 AM,2,PARKED,,2015670,,TOYOTA,SIENNA,IL,2011,UNKNOWN,VAN/MINI-VAN,PERSONAL,UNKNOWN,PARKED,,,0,,,,,,,,,,,,,,Y,Y,,,FRONT-LEFT-CORNER,,,,,,,,,,,,,,,,,,,,,,,,,,,,,,,,,
2109847,bb2cc755cea8182ddb4c3b6b05af7475097061f050f1f545b60b79f274496b3e1e5bea70ed9465aa41c0e439ff69d4edd0d57f8ad304a4fade0574a90ea3b319,07/19/2025 11:00:00 AM,1,DRIVER,1,2011355,,SUBARU,CROSSTREK,IL,2016,UNKNOWN,PASSENGER,PERSONAL,S,STRAIGHT AHEAD,Y,,2,,OWNER,,,Y,,,,,,,,,,Y,Y,,FRONT,,,,,,,,,,,,,,,,,,,,,,,,,,,,,,,,,
2109848,bb2cc755cea8182ddb4c3b6b05af7475097061f050f1f545b60b79f274496b3e1e5bea70ed9465aa41c0e439ff69d4edd0d57f8ad304a4fade0574a90ea3b319,07/19/2025 11:00:00 AM,2,DRIVER,,2011360,Y,FORD,VAN,IL,2020,UNKNOWN,PASSENGER,PERSONAL,W,STRAIGHT AHEAD,,,1,,,,,,,,,Y,,,,,,,,,SIDE-RIGHT-REAR,,,,,,,,,,,,,,,,,,,,,,,,,,,,,,,,,
2110889,d05f51f96a86321b9bd66dc1bb6737fc9385bec5a0015810fe2d437db9dbc86027f653f00eb5206f8dca88de5338d2eef561c4dabef46d8deab28de24e7d3a3e,07/19/2025 11:00:00 AM,1,DRIVER,,2012340,,TOYOTA,CAMRY,IL,2009,UNKNOWN,PASSENGER,UNKNOWN/NA,E,STRAIGHT AHEAD,,,1,,,,,,,,,,,,,,,,Y,,FRONT,,,,,,,,,,,,,,,,,,,,,,,,,,,,,,,,,
2110890,d05f51f96a86321b9bd66dc1bb6737fc9385bec5a0015810fe2d437db9dbc86027f653f00eb5206f8dca88de5338d2eef561c4dabef46d8deab28de24e7d3a3e,07/19/2025 11:00:00 AM,2,DRIVER,,2012342,,TOYOTA,CAMRY,IL,2015,UNKNOWN,PASSENGER,UNKNOWN/NA,E,STRAIGHT AHEAD,,,1,,,,,,,,,,Y,,,,,,Y,,REAR,,,,,,,,,,,,,,,,,,,,,,,,,,,,,,,,,
2110891,d05f51f96a86321b9bd66dc1bb6737fc9385bec5a0015810fe2d437db9dbc86027f653f00eb5206f8dca88de5338d2eef561c4dabef46d8deab28de24e7d3a3e,07/19/2025 11:00:00 AM,3,DRIVER,,2012343,,TOYOTA,RAV4,,,UNKNOWN,PASSENGER,UNKNOWN/NA,E,STRAIGHT AHEAD,,,1,,,,,,,,,,Y,,,,,,,,REAR,,,,,,,,,,,,,,,,,,,,,,,,,,,,,,,,,
2109839,cfefe5265ec9845fc059d2f3312f17880a88cec933f0f2b1e2df2890fc76a97c48f40e840cdc13d16c54e203b1d70f623f7b792436e5864a2cb80738a768fb92,07/19/2025 10:51:00 AM,1,DRIVER,,2011351,,CADILLAC,CTS,IL,2019,NONE,PASSENGER,PERSONAL,W,STRAIGHT AHEAD,,,1,,,,,,,,,,,,,,,,Y,Y,FRONT,,,,,,,,,,,,,,,,,,,,,,,,,,,,,,,,,
2109840,cfefe5265ec9845fc059d2f3312f17880a88cec933f0f2b1e2df2890fc76a97c48f40e840cdc13d16c54e203b1d70f623f7b792436e5864a2cb80738a768fb92,07/19/2025 10:51:00 AM,2,DRIVER,,2011353,,TOYOTA,COROLLA,IL,2010,NONE,PASSENGER,PERSONAL,W,STRAIGHT AHEAD,,,1,,,,,,,,,,Y,,,,,,Y,Y,REAR,,,,,,,,,,,,,,,,,,,,,,,,,,,,,,,,,
2109841,cfefe5265ec9845fc059d2f3312f17880a88cec933f0f2b1e2df2890fc76a97c48f40e840cdc13d16c54e203b1d70f623f7b792436e5864a2cb80738a768fb92,07/19/2025 10:51:00 AM,3,DRIVER,,2011358,,NISSAN,VERSA,IL,2010,NONE,SPORT UTILITY VEHICLE (SUV),PERSONAL,W,STRAIGHT AHEAD,,,1,,,,,,,,,,Y,,,,,,,Y,REAR,,,,,,,,,,,,,,,,,,,,,,,,,,,,,,,,,
2109857,c645e646ff7f62afe9bb2bbcdeea4daff3d9216865c0b7e319b85e6073aeacb5fe1da15cab40808e81606123f7eda5c6254ac7ae37671234788cfedbcbf24167,07/19/2025 10:43:00 AM,1,DRIVER,,2011365,,FORD,F150,IL,2021,NONE,PICKUP,PERSONAL,W,STRAIGHT AHEAD,,,1,,,,,Y,,,,,,,,,,Y,Y,,FRONT,,,,,,,,,,,,,,,,,,,,,,,,,,,,,,,,,
2109858,c645e646ff7f62afe9bb2bbcdeea4daff3d9216865c0b7e319b85e6073aeacb5fe1da15cab40808e81606123f7eda5c6254ac7ae37671234788cfedbcbf24167,07/19/2025 10:43:00 AM,2,DRIVER,,2011372,,CHEVROLET,TRAX,,2016,NONE,SPORT UTILITY VEHICLE (SUV),PERSONAL,W,SLOW/STOP IN TRAFFIC,,,1,,,,,Y,,,,Y,Y,Y,,,,Y,Y,,REAR,,,,,,,,,,,,,,,,,,,,,,,,,,,,,,,,,
2109859,c645e646ff7f62afe9bb2bbcdeea4daff3d9216865c0b7e319b85e6073aeacb5fe1da15cab40808e81606123f7eda5c6254ac7ae37671234788cfedbcbf24167,07/19/2025 10:43:00 AM,3,DRIVER,,2011375,,JEEP,GRAND CHEROKEE,IL,2020,NONE,SPORT UTILITY VEHICLE (SUV),PERSONAL,W,SLOW/STOP IN TRAFFIC,,,1,,,,,,,,,Y,Y,Y,,,,,,,REAR,,,,,,,,,,,,,,,,,,,,,,,,,,,,,,,,,
2109828,64cfd4bafb8c83ba4c55c98055556eb14a483096caa0efd493f560cee15667663bcf6e89c87876659bf83dc34bb462862a2c5ed3f3e60d6b969918a915e1d333,07/19/2025 10:30:00 AM,1,DRIVER,,2011338,,BMW,2000 SERIES,IL,2017,NONE,SPORT UTILITY VEHICLE (SUV),PERSONAL,W,STRAIGHT AHEAD,,,1,,,,,Y,,,,,,,,,,Y,Y,,FRONT,,,,,,,,,,,,,,,,,,,,,,,,,,,,,,,,,
2109829,64cfd4bafb8c83ba4c55c98055556eb14a483096caa0efd493f560cee15667663bcf6e89c87876659bf83dc34bb462862a2c5ed3f3e60d6b969918a915e1d333,07/19/2025 10:30:00 AM,2,DRIVER,,2011341,,AUDI,A4,IL,2023,NONE,SPORT UTILITY VEHICLE (SUV),PERSONAL,W,STRAIGHT AHEAD,,,1,,,,,Y,,,,Y,Y,Y,,,,Y,Y,,REAR,,,,,,,,,,,,,,,,,,,,,,,,,,,,,,,,,
2109830,64cfd4bafb8c83ba4c55c98055556eb14a483096caa0efd493f560cee15667663bcf6e89c87876659bf83dc34bb462862a2c5ed3f3e60d6b969918a915e1d333,07/19/2025 10:30:00 AM,3,DRIVER,,2011347,,MITSUBISHI,OUTLANDER,,2024,NONE,SPORT UTILITY VEHICLE (SUV),PERSONAL,W,STRAIGHT AHEAD,,,1,,,,,,,,,,Y,,,,,,,,REAR,,,,,,,,,,,,,,,,,,,,,,,,,,,,,,,,,
2110527,b780c5d19b6a73bf5bb853e74d6ab5ba3169ba95173c26819557fe7ea9e41dcc7d90162e14fe11111668064d142a667af2dd141c84fb3f597aae10bdf3d88506,07/19/2025 10:30:00 AM,1,DRIVER,,2011994,,HONDA,OTHER (EXPLAIN IN NARRATIVE),,,UNKNOWN,UNKNOWN/NA,UNKNOWN/NA,N,STRAIGHT AHEAD,,,1,,,,,,,,,,,,,Y,,,,,FRONT,,,,,,,,,,,,,,,,,,,,,,,,,,,,,,,,,
2110528,b780c5d19b6a73bf5bb853e74d6ab5ba3169ba95173c26819557fe7ea9e41dcc7d90162e14fe11111668064d142a667af2dd141c84fb3f597aae10bdf3d88506,07/19/2025 10:30:00 AM,2,DRIVER,,2011995,,MAZDA,CX-3,IL,2023,NONE,PASSENGER,PERSONAL,N,STRAIGHT AHEAD,,,1,,,,,Y,Y,Y,Y,Y,Y,,,,,,,,REAR,,,,,,,,,,,,,,,,,,,,,,,,,,,,,,,,,
2109812,31335df6f0412125253002e83b5706e3309dad07cc4b1de37317322a68c856c206867281e733d410b6ee475b82f2673ef8391af7b171241fec3babd635a59ea7,07/19/2025 10:25:00 AM,1,DRIVER,,2011322,,HONDA,CIVIC,IL,2005,UNKNOWN,PASSENGER,PERSONAL,W,TURNING LEFT,,,1,,,,,Y,Y,,,,,,,,,,Y,,FRONT-RIGHT-CORNER,,,,,,,,,,,,,,,,,,,,,,,,,,,,,,,,,
2109813,31335df6f0412125253002e83b5706e3309dad07cc4b1de37317322a68c856c206867281e733d410b6ee475b82f2673ef8391af7b171241fec3babd635a59ea7,07/19/2025 10:25:00 AM,2,DRIVER,1,2011326,,CHEVROLET,SUBURBAN,IL,2025,UNKNOWN,SPORT UTILITY VEHICLE (SUV),PERSONAL,SE,STRAIGHT AHEAD,,,2,,,,,,,,,,,N,Y,Y,,,,,SIDE-LEFT,,,,,,,,,,,,,,,,,,,,,,,,,,,,,,,,,