CRASH_UNIT_ID,CRASH_RECORD_ID,CRASH_DATE,UNIT_NO,UNIT_TYPE,NUM_PASSENGERS,VEHICLE_ID,CMRC_VEH_I,MAKE,MODEL,LIC_PLATE_STATE,VEHICLE_YEAR,VEHICLE_DEFECT,VEHICLE_TYPE,VEHICLE_USE,TRAVEL_DIRECTION,MANEUVER,TOWED_I,FIRE_I,OCCUPANT_CNT,EXCEED_SPEED_LIMIT_I,TOWED_BY,TOWED_TO,AREA_00_I,AREA_01_I,AREA_02_I,AREA_03_I,AREA_04_I,AREA_05_I,AREA_06_I,AREA_07_I,AREA_08_I,AREA_09_I,AREA_10_I,AREA_11_I,AREA_12_I,AREA_99_I,FIRST_CONTACT_POINT,CMV_ID,USDOT_NO,CCMC_NO,ILCC_NO,COMMERCIAL_SRC,GVWR,CARRIER_NAME,CARRIER_STATE,CARRIER_CITY,HAZMAT_PLACARDS_I,HAZMAT_NAME,UN_NO,HAZMAT_PRESENT_I,HAZMAT_REPORT_I,HAZMAT_REPORT_NO,MCS_REPORT_I,MCS_REPORT_NO,HAZMAT_VIO_CAUSE_CRASH_I,MCS_VIO_CAUSE_CRASH_I,IDOT_PERMIT_NO,WIDE_LOAD_I,TRAILER1_WIDTH,TRAILER2_WIDTH,TRAILER1_LENGTH,TRAILER2_LENGTH,TOTAL_VEHICLE_LENGTH,AXLE_CNT,VEHICLE_CONFIG,CARGO_BODY_TYPE,LOAD_TYPE,HAZMAT_OUT_OF_SERVICE_I,MCS_OUT_OF_SERVICE_I,HAZMAT_CLASS
2109831,89acabc7eb6177b917eae67a07a100eb62658a868503bf7a34413bd1bc400bf0819462295b776c48fb0e09dce65ae760eff555b08363cca3d9fb92dd187cb107,07/19/2025 10:23:00 AM,1,DRIVER,,2011334,,CHEVROLET,MALIBU,IL,2012,UNKNOWN,PASSENGER,UNKNOWN/NA,W,STRAIGHT AHEAD,,,1,,,,,Y,,,,,,,,,,Y,Y,,FRONT,,,,,,,,,,,,,,,,,,,,,,,,,,,,,,,,,
2109832,89acabc7eb6177b917eae67a07a100eb62658a868503bf7a34413bd1bc400bf0819462295b776c48fb0e09dce65ae760eff555b08363cca3d9fb92dd187cb107,07/19/2025 10:23:00 AM,2,DRIVER,,2011343,,KIA,SPORTAGE,IL,2025,UNKNOWN,SPORT UTILITY VEHICLE (SUV),PERSONAL,W,STRAIGHT AHEAD,,,1,,,,,,,,,Y,Y,Y,,,,,,,REAR,,,,,,,,,,,,,,,,,,,,,,,,,,,,,,,,,
2113674,75d6ce60fc0252879a707e28193d55ccdf059465c64419fd86ca496500c47fa9ddd4993de6b9d3e04f26b0864f62b91827780393bfbd4074e0552103824c3e90,07/19/2025 10:10:00 AM,1,DRIVER,,2014985,,LEXUS,IS,IL,2010,UNKNOWN,PASSENGER,PERSONAL,E,STRAIGHT AHEAD,,,1,,,,,,,,,,,,,N,Y,Y,,,FRONT-LEFT-CORNER,,,,,,,,,,,,,,,,,,,,,,,,,,,,,,,,,
2113675,75d6ce60fc0252879a707e28193d55ccdf059465c64419fd86ca496500c47fa9ddd4993de6b9d3e04f26b0864f62b91827780393bfbd4074e0552103824c3e90,07/19/2025 10:10:00 AM,2,DRIVER,,2014986,,TOYOTA,RAV4,IL,2019,UNKNOWN,PASSENGER,PERSONAL,E,STRAIGHT AHEAD,Y,,1,,UNK,UNK,,Y,Y,,,,,,,,,,,,FRONT-RIGHT-CORNER,,,,,,,,,,,,,,,,,,,,,,,,,,,,,,,,,
2109824,a3c7250c163a291899316e19dab2b1cad78ec293762228b9d74aaebb8ad7f4c1ce24e120059ed62a729f3808fec341b96e189a57d5d6cd21f7d8ffec1769d916,07/19/2025 10:10:00 AM,1,DRIVER,,2011331,,UNKNOWN,OTHER (EXPLAIN IN NARRATIVE),,,UNKNOWN,VAN/MINI-VAN,UNKNOWN/NA,E,STRAIGHT AHEAD,,,1,,,,,,Y,,,,,,,,,,,,SIDE-RIGHT-FRONT,,,,,,,,,,,,,,,,,,,,,,,,,,,,,,,,,
2109825,a3c7250c163a291899316e19dab2b1cad78ec293762228b9d74aaebb8ad7f4c1ce24e120059ed62a729f3808fec341b96e189a57d5d6cd21f7d8ffec1769d916,07/19/2025 10:10:00 AM,2,DRIVER,,2011337,,NOVA BUS,OTHER (EXPLAIN IN NARRATIVE),IL,2015,NONE,BUS OVER 15 PASS.,CTA,E,OTHER,,,1,,,,,,,,,,,,,,Y,,,,FRONT-LEFT-CORNER,,,,,,,,,,,,,,,,,,,,,,,,,,,,,,,,,
2109808,ce419c0ade1937eb868bafafaadfc58e221fc3d7adf92a0e6122548381739bb94119e916c0edb0d26da6262bd58a460cee45ff67b9f7d8698129548db89374fd,07/19/2025 10:10:00 AM,1,DRIVER,,2011314,,CHEVROLET,COLORADO,IL,2023,NONE,PICKUP,OTHER,S,BACKING,,,1,,,,,,,,,,,,,,Y,Y,,,SIDE-LEFT-FRONT,,,,,,,,,,,,,,,,,,,,,,,,,,,,,,,,,
2109809,ce419c0ade1937eb868bafafaadfc58e221fc3d7adf92a0e6122548381739bb94119e916c0edb0d26da6262bd58a460cee45ff67b9f7d8698129548db89374fd,07/19/2025 10:10:00 AM,2,PARKED,,2011317,,TESLA,MODEL 3,IL,2023,NONE,PASSENGER,NOT IN USE,W,PARKED,,,0,,,,,,,,Y,Y,,,,,,,,,SIDE-RIGHT-REAR,,,,,,,,,,,,,,,,,,,,,,,,,,,,,,,,,
2109833,ec9aeffc9b80a8aaa7ff96310c9e8681683d573b8a3abd997514d31a38d0284ffcff8b350cb5bff89ea008f4cfb0735a7cdbde02ebac66aabf2da631f10c42cd,07/19/2025 10:10:00 AM,1,DRIVER,,2011339,,DODGE,JOURNEY,IL,2014,UNKNOWN,OTHER,PERSONAL,UNKNOWN,TURNING LEFT,,,1,,,,,,,,,,,,,,,Y,,,UNKNOWN,,,,,,,,,,,,,,,,,,,,,,,,,,,,,,,,,
2109834,ec9aeffc9b80a8aaa7ff96310c9e8681683d573b8a3abd997514d31a38d0284ffcff8b350cb5bff89ea008f4cfb0735a7cdbde02ebac66aabf2da631f10c42cd,07/19/2025 10:10:00 AM,2,DRIVER,,2011336,,MAZDA,CX-9,IN,2016,NONE,SPORT UTILITY VEHICLE (SUV),PERSONAL,E,STRAIGHT AHEAD,,,1,,,,,,,,,,,Y,Y,,,Y,,,UNKNOWN,,,,,,,,,,,,,,,,,,,,,,,,,,,,,,,,,
2110186,45fd93425ab2cec39696aa3c3ca5e43dca12880a264285cad0e1fdf6057f9d35485a12993f6a9808688d6a30061657d0b354a3f7e9facd0da34636fa40d75c2e,07/19/2025 10:00:00 AM,1,DRIVER,,2011680,,UNKNOWN,MOTORIZED,IL,,UNKNOWN,UNKNOWN/NA,UNKNOWN/NA,W,UNKNOWN/NA,,,1,,,,,,,,,,,,,,,,,Y,SIDE-LEFT,,,,,,,,,,,,,,,,,,,,,,,,,,,,,,,,,
2110187,45fd93425ab2cec39696aa3c3ca5e43dca12880a264285cad0e1fdf6057f9d35485a12993f6a9808688d6a30061657d0b354a3f7e9facd0da34636fa40d75c2e,07/19/2025 10:00:00 AM,2,PARKED,,2011683,,CHEVROLET,TAHOE,IL,2008,UNKNOWN,SPORT UTILITY VEHICLE (SUV),PERSONAL,W,PARKED,,,0,,,,,Y,Y,Y,Y,Y,,,,,,,,,REAR-RIGHT-CORNER,,,,,,,,,,,,,,,,,,,,,,,,,,,,,,,,,
2109806,a905df75fb141c9a570bf899642b5ee55a5a30f53683bc4b247baa7ed23ff65da7ab200ddf09ed0fe33095d84cdbe29b6315f289d0d60b018f22796ae8390921,07/19/2025 10:00:00 AM,1,DRIVER,,2011318,,KIA,SOUL,IL,2015,NONE,SPORT UTILITY VEHICLE (SUV),UNKNOWN/NA,E,UNKNOWN/NA,,,1,,,,Y,,,,,,,,,,,,,,FRONT,,,,,,,,,,,,,,,,,,,,,,,,,,,,,,,,,
2109807,a905df75fb141c9a570bf899642b5ee55a5a30f53683bc4b247baa7ed23ff65da7ab200ddf09ed0fe33095d84cdbe29b6315f289d0d60b018f22796ae8390921,07/19/2025 10:00:00 AM,2,DRIVER,,2011324,,SUBARU,CROSSTREK,IL,2021,NONE,UNKNOWN/NA,UNKNOWN/NA,E,SLOW/STOP IN TRAFFIC,,,1,,,,,,,,,,Y,,,,,,,,REAR,,,,,,,,,,,,,,,,,,,,,,,,,,,,,,,,,
2110325,e538127cd68972dee75b8dfb0703d038bc5479222a2d38233dd49a46f9fc0fba41e76aa7c1b6f656e2990fd3fa06e33389896fc24c42daf4fe248f9de8dab0bc,07/19/2025 09:33:00 AM,1,DRIVER,,2011816,,NISSAN,ROGUE,IL,2010,UNKNOWN,PASSENGER,PERSONAL,E,DRIVING WRONG WAY,,,1,,,,,Y,,,,,,,,,,N,N,,FRONT-RIGHT-CORNER,,,,,,,,,,,,,,,,,,,,,,,,,,,,,,,,,
2110326,e538127cd68972dee75b8dfb0703d038bc5479222a2d38233dd49a46f9fc0fba41e76aa7c1b6f656e2990fd3fa06e33389896fc24c42daf4fe248f9de8dab0bc,07/19/2025 09:33:00 AM,2,DRIVER,,2011831,,HONDA,CR-V,IL,2012,UNKNOWN,UNKNOWN/NA,PERSONAL,W,SLOW/STOP IN TRAFFIC,,,1,,,,,Y,Y,,,,,,Y,,,N,N,,FRONT-RIGHT-CORNER,,,,,,,,,,,,,,,,,,,,,,,,,,,,,,,,,
2109870,7361433cfae7464bb0410123266ef11477f972130818f05223fed3eb934e04f544d98c8aaf71ec94d344b39e62dffb658be310d029c0776a67429d303745a0bc,07/19/2025 09:30:00 AM,1,DRIVER,,2011377,,UNKNOWN,OTHER (EXPLAIN IN NARRATIVE),IL,,UNKNOWN,UNKNOWN/NA,UNKNOWN/NA,N,STRAIGHT AHEAD,,,1,,,,,Y,,,,,,,,,,,,,FRONT-RIGHT-CORNER,,,,,,,,,,,,,,,,,,,,,,,,,,,,,,,,,
2109871,7361433cfae7464bb0410123266ef11477f972130818f05223fed3eb934e04f544d98c8aaf71ec94d344b39e62dffb658be310d029c0776a67429d303745a0bc,07/19/2025 09:30:00 AM,2,PARKED,,2011381,,NISSAN,SENTRA,IL,2013,NONE,PASSENGER,PERSONAL,N,PARKED,,,0,,,,,,,,,,,Y,Y,,,,,,REAR-LEFT-CORNER,,,,,,,,,,,,,,,,,,,,,,,,,,,,,,,,,
2110682,2cfd68296d15818c580116950f65aab5c15ba8c86aa8bdbe29b11845d727c9258216f4a29ffcf08da668fa7fe02a9f36c3825ee9f903b136001a6978f4887cf9,07/19/2025 09:15:00 AM,1,DRIVER,,2012138,,TOYOTA,CAMRY,IL,2011,UNKNOWN,PASSENGER,PERSONAL,UNKNOWN,CHANGING LANES,,,1,,,,,Y,Y,,,,,,,,,,,,FRONT-RIGHT-CORNER,,,,,,,,,,,,,,,,,,,,,,,,,,,,,,,,,
2110683,2cfd68296d15818c580116950f65aab5c15ba8c86aa8bdbe29b11845d727c9258216f4a29ffcf08da668fa7fe02a9f36c3825ee9f903b136001a6978f4887cf9,07/19/2025 09:15:00 AM,2,DRIVER,,2012143,,TESLA,MODEL Y,IL,2023,UNKNOWN,SPORT UTILITY VEHICLE (SUV),PERSONAL,UNKNOWN,STRAIGHT AHEAD,,,1,,,,,,,,,,,,,,Y,Y,,,FRONT-LEFT-CORNER,,,,,,,,,,,,,,,,,,,,,,,,,,,,,,,,,
2109907,3f2108dd023690b0621536fb4d6cea25d873dfff668460deefdce9b9c1dd0f19c7cb301aaae50a87d6a21105f4ed8ffbaf4dcee2f78e4441aba14329622ed9b7,07/19/2025 09:15:00 AM,1,DRIVER,,2011410,,UNKNOWN,OTHER (EXPLAIN IN NARRATIVE),,,OTHER,UNKNOWN/NA,UNKNOWN/NA,UNKNOWN,UNKNOWN/NA,,,1,,,,,,,,,,,,,,,,,Y,UNKNOWN,,,,,,,,,,,,,,,,,,,,,,,,,,,,,,,,,
2109908,3f2108dd023690b0621536fb4d6cea25d873dfff668460deefdce9b9c1dd0f19c7cb301aaae50a87d6a21105f4ed8ffbaf4dcee2f78e4441aba14329622ed9b7,07/19/2025 09:15:00 AM,2,PARKED,,2011413,,FORD,OTHER (EXPLAIN IN NARRATIVE),IL,2017,UNKNOWN,VAN/MINI-VAN,OTHER,S,PARKED IN TRAFFIC LANE,,,0,,,,,,,,,,,,,,,Y,,,FRONT-LEFT-CORNER,,,,,,,,,,,,,,,,,,,,,,,,,,,,,,,,,
2109788,c900b419ab892c252cf0cb34d71a50c6aad0895c83d1c323f2e575fc82d70b4b3a0d150b2de63fdcd5c22096c3ebe77045c04567c3649ce8bd05116f1bc27b14,07/19/2025 09:05:00 AM,1,DRIVER,,2011290,,TOYOTA,PRIUS,IL,2013,NONE,PASSENGER,PERSONAL,E,BACKING,,,1,,,,,,,,,,Y,,,,,,,,REAR,,,,,,,,,,,,,,,,,,,,,,,,,,,,,,,,,
2109789,c900b419ab892c252cf0cb34d71a50c6aad0895c83d1c323f2e575fc82d70b4b3a0d150b2de63fdcd5c22096c3ebe77045c04567c3649ce8bd05116f1bc27b14,07/19/2025 09:05:00 AM,2,DRIVER,,2011293,,CHEVROLET,EQUINOX,IL,2018,NONE,SPORT UTILITY VEHICLE (SUV),PERSONAL,S,STRAIGHT AHEAD,,,1,,,,,,,Y,,,,,,,,,,,SIDE-RIGHT,,,,,,,,,,,,,,,,,,,,,,,,,,,,,,,,,
2110001,f04914462cfc5667f82ae44017b699ee8fd631286c421190061a111879c9b84d8c16a9b7b4fe1049051e2d03594978f13914649b751e398e200f89c28c41458e,07/19/2025 09:00:00 AM,1,DRIVER,,2011510,,UNKNOWN,OTHER (EXPLAIN IN NARRATIVE),IL,,UNKNOWN,UNKNOWN/NA,UNKNOWN/NA,UNKNOWN,UNKNOWN/NA,,,1,,,,,,,,,,,,,,,,,Y,UNKNOWN,,,,,,,,,,,,,,,,,,,,,,,,,,,,,,,,,
2110002,f04914462cfc5667f82ae44017b699ee8fd631286c421190061a111879c9b84d8c16a9b7b4fe1049051e2d03594978f13914649b751e398e200f89c28c41458e,07/19/2025 09:00:00 AM,2,PARKED,,2011504,,CADILLAC,XT4,IL,2019,NONE,PASSENGER,PERSONAL,N,PARKED,,,0,,,,,,,,,,,Y,Y,Y,Y,Y,,,SIDE-LEFT-REAR,,,,,,,,,,,,,,,,,,,,,,,,,,,,,,,,,
2109796,1aea8a9243da9b290a824dc018837b6759765e62661cbe347c5c3f2030c96e67c4ec8e06cac77eaf224a98a612852bd95658c9cf03bdc7a8c704ca515b4e058f,07/19/2025 08:46:00 AM,1,DRIVER,,2011305,,ISUZU,OTHER (EXPLAIN IN NARRATIVE),IL,2022,UNKNOWN,TRUCK - SINGLE UNIT,OTHER,N,TURNING RIGHT,Y,,1,,Private,UNK,,,,,,,,,,Y,Y,,,,SIDE-LEFT-FRONT,,,,,,,,,,,,,,,,,,,,,,,,,,,,,,,,,
2109797,1aea8a9243da9b290a824dc018837b6759765e62661cbe347c5c3f2030c96e67c4ec8e06cac77eaf224a98a612852bd95658c9cf03bdc7a8c704ca515b4e058f,07/19/2025 08:46:00 AM,2,DRIVER,,2011308,,JEEP,CHEROKEE,IL,2018,UNKNOWN,PASSENGER,PERSONAL,N,TURNING RIGHT,Y,,1,,CITY OF CHICAGO,LOWER WACKER,,Y,Y,,,,,,,,,Y,Y,,SIDE-RIGHT-FRONT,,,,,,,,,,,,,,,,,,,,,,,,,,,,,,,,,
2111026,c90fc2683b73458721d7d2fb051665f659552081fd52fa04b5fb0e64a2539ee135a1841e0f3a99542accb0d60382fd9fc27c6bbecfd9c7a8ee1f5af7339e645e,07/19/2025 08:45:00 AM,1,DRIVER,,2012472,,BUICK,ENCLAVE,IL,2017,NONE,PASSENGER,PERSONAL,S,PASSING/OVERTAKING,,,1,,,,,Y,Y,,,,,,,,,,,,FRONT-RIGHT-CORNER,,,,,,,,,,,,,,,,,,,,,,,,,,,,,,,,,
2111027,c90fc2683b73458721d7d2fb051665f659552081fd52fa04b5fb0e64a2539ee135a1841e0f3a99542accb0d60382fd9fc27c6bbecfd9c7a8ee1f5af7339e645e,07/19/2025 08:45:00 AM,2,DRIVER,,2012474,,VOLKSWAGEN,GOLF,IL,2017,NONE,PASSENGER,PERSONAL,S,STRAIGHT AHEAD,,,1,,,,,,,,,,,Y,Y,Y,,,,,SIDE-LEFT-REAR,,,,,,,,,,,,,,,,,,,,,,,,,,,,,,,,,
2110190,539ecd46040c4cccfee9b2f5d6771eb854ec4284d2fb2357c2eb910ff4cb852d9f7f373404c06de02e190ded87c9bf3cb2590d2806f13e4d000c85615f104e6b,07/19/2025 08:30:00 AM,1,DRIVER,,2011682,,UNKNOWN,OTHER (EXPLAIN IN NARRATIVE),,,NONE,UNKNOWN/NA,UNKNOWN/NA,N,STRAIGHT AHEAD,,,1,,,,,Y,,,,,,,,,,Y,Y,Y,FRONT,,,,,,,,,,,,,,,,,,,,,,,,,,,,,,,,,
2110191,539ecd46040c4cccfee9b2f5d6771eb854ec4284d2fb2357c2eb910ff4cb852d9f7f373404c06de02e190ded87c9bf3cb2590d2806f13e4d000c85615f104e6b,07/19/2025 08:30:00 AM,2,DRIVER,,2011688,,TOYOTA,RAV4,IL,2017,NONE,PASSENGER,PERSONAL,N,STRAIGHT AHEAD,,,1,,,,,,,,,Y,Y,Y,,,,,,Y,REAR,,,,,,,,,,,,,,,,,,,,,,,,,,,,,,,,,
2109782,bdd40056e1bf8ca9cd3fb1b7c993251d41f8a77dc69c4eeacf06f87f83308bc664bed157152326867a48601449741a4fc8e61123b770ed177cd2ae7c006e5cb4,07/19/2025 08:29:00 AM,1,DRIVER,,2011306,,INFINITI,G35,IL,2004,UNKNOWN,PASSENGER,PERSONAL,S,AVOIDING VEHICLES/OBJECTS,Y,,1,,City of Chicago,,,Y,,,,,,,,,,Y,Y,,FRONT,,,,,,,,,,,,,,,,,,,,,,,,,,,,,,,,,
2109783,bdd40056e1bf8ca9cd3fb1b7c993251d41f8a77dc69c4eeacf06f87f83308bc664bed157152326867a48601449741a4fc8e61123b770ed177cd2ae7c006e5cb4,07/19/2025 08:29:00 AM,2,DRIVER,,2011309,,FORD,ESCAPE,IL,2013,NONE,SPORT UTILITY VEHICLE (SUV),PERSONAL,N,STRAIGHT AHEAD,Y,,1,,Private Company,,,,,,,,,,Y,Y,Y,,,,SIDE-LEFT,,,,,,,,,,,,,,,,,,,,,,,,,,,,,,,,,
2110150,0940f33404ab9676eb03c733aa9b688ef4d10ac4517651344659fbd1d103c94113311d4f7569eab42c29107aa9ae23d60324dc877453c2a540d4ee69224d8683,07/19/2025 08:20:00 AM,1,DRIVER,,2011641,Y,FORD,F450,IL,2024,UNKNOWN,PICKUP,OTHER,S,TURNING RIGHT,,,1,,,,,,,,,,,,,,Y,Y,,,SIDE-LEFT-FRONT,,,,,,,,,,,,,,,,,,,,,,,,,,,,,,,,,
2110151,0940f33404ab9676eb03c733aa9b688ef4d10ac4517651344659fbd1d103c94113311d4f7569eab42c29107aa9ae23d60324dc877453c2a540d4ee69224d8683,07/19/2025 08:20:00 AM,2,DRIVER,,2011645,,MAZDA,MAZDA3,IL,2025,NONE,SPORT UTILITY VEHICLE (SUV),PERSONAL,S,STRAIGHT AHEAD,,,1,,,,,Y,Y,,,,,,,,,,,,SIDE-RIGHT-FRONT,,,,,,,,,,,,,,,,,,,,,,,,,,,,,,,,,
2109778,4bd6436533794a3330983581820bf80251f1e20dcc401f763a43f73f5d06c288ce58ad26ec5620546ed945697a20c720c5afffddf42fc00049e8f0185f4c494e,07/19/2025 08:05:00 AM,1,DRIVER,,2011287,,JAGUAR,S-TYPE,IL,2000,NONE,PASSENGER,PERSONAL,NW,TURNING LEFT,,,1,,,,,,,,,,,,,,Y,Y,,,FRONT-LEFT-CORNER,,,,,,,,,,,,,,,,,,,,,,,,,,,,,,,,,
2109779,4bd6436533794a3330983581820bf80251f1e20dcc401f763a43f73f5d06c288ce58ad26ec5620546ed945697a20c720c5afffddf42fc00049e8f0185f4c494e,07/19/2025 08:05:00 AM,2,DRIVER,,2011289,,FORD,EXPLORER,IL,2006,NONE,PASSENGER,PERSONAL,N,STRAIGHT AHEAD,,,1,,,,,,Y,Y,Y,,,,,,,,,,SIDE-RIGHT,,,,,,,,,,,,,,,,,,,,,,,,,,,,,,,,,
2110555,1c4c04ff23ea16a46cd738fff2205e437e336ff515bae3e7322bbefd99092587208e5fb3a530f93e27751fc2f8d3485e210606402a869b36bbd55b016728f990,07/19/2025 08:00:00 AM,1,DRIVER,,2012023,,UNKNOWN,OTHER (EXPLAIN IN NARRATIVE),IL,,UNKNOWN,UNKNOWN/NA,UNKNOWN/NA,UNKNOWN,UNKNOWN/NA,,,1,,,,,,,,,,,,,,,,,Y,UNKNOWN,,,,,,,,,,,,,,,,,,,,,,,,,,,,,,,,,
2110556,1c4c04ff23ea16a46cd738fff2205e437e336ff515bae3e7322bbefd99092587208e5fb3a530f93e27751fc2f8d3485e210606402a869b36bbd55b016728f990,07/19/2025 08:00:00 AM,2,PARKED,,2012016,,MITSUBISHI,LANCER,MI,2012,NONE,PASSENGER,PERSONAL,N,PARKED,,,0,,,,,,,,,,,,,,,,Y,,FRONT,,,,,,,,,,,,,,,,,,,,,,,,,,,,,,,,,
2112626,7fe08777db4c255f2a89626d735f6c858da7c773d0177caa2a342aa65195ef6b3f1b210ae7f6f8ee98e31e2d1a2e50c001728463250eabe64dad0dfa4e67d214,07/19/2025 08:00:00 AM,1,DRIVER,,2013986,,UNKNOWN,OTHER (EXPLAIN IN NARRATIVE),,,UNKNOWN,UNKNOWN/NA,UNKNOWN/NA,S,UNKNOWN/NA,,,1,,,,,,,,,,,,,,,,,Y,UNKNOWN,,,,,,,,,,,,,,,,,,,,,,,,,,,,,,,,,
2112627,7fe08777db4c255f2a89626d735f6c858da7c773d0177caa2a342aa65195ef6b3f1b210ae7f6f8ee98e31e2d1a2e50c001728463250eabe64dad0dfa4e67d214,07/19/2025 08:00:00 AM,2,PARKED,,2013988,,BUICK,ENCLAVE,IL,2012,UNKNOWN,SPORT UTILITY VEHICLE (SUV),NOT IN USE,S,PARKED,,,0,,,,,Y,,,,,,,Y,Y,Y,,,,SIDE-RIGHT-FRONT,,,,,,,,,,,,,,,,,,,,,,,,,,,,,,,,,
2109784,db8bfc04ca3d3105163213b28eacf0a5ea213900a048bc6b6b78c7c2362ecf14e57c7e61c5ba32ea35030e6b3683177a339b3a27d48c088d72ec85974e531b06,07/19/2025 07:55:00 AM,1,DRIVER,1,2011301,,LEXUS,RX,IL,1999,UNKNOWN,PASSENGER,PERSONAL,W,BACKING,,,2,,,,,,,,,,Y,,,,,,,,REAR,,,,,,,,,,,,,,,,,,,,,,,,,,,,,,,,,
2109785,db8bfc04ca3d3105163213b28eacf0a5ea213900a048bc6b6b78c7c2362ecf14e57c7e61c5ba32ea35030e6b3683177a339b3a27d48c088d72ec85974e531b06,07/19/2025 07:55:00 AM,2,DRIVER,,2011304,,MITSUBISHI,OUTLANDER,IL,2018,UNKNOWN,PASSENGER,PERSONAL,N,OTHER,,,1,,,,,,,,,,,Y,,,,,,,REAR-LEFT-CORNER,,,,,,,,,,,,,,,,,,,,,,,,,,,,,,,,,
2109762,aecb722a90be67252998b7a61acb6670a56bd360097e54b00e0c8b46189b12d8ad2505acc9e00b8c58b4ed5ee4251bc99827ba63f58190df862f211e154edeb0,07/19/2025 07:45:00 AM,1,DRIVER,,2011271,,HONDA,CR-V,IL,2016,NONE,SPORT UTILITY VEHICLE (SUV),PERSONAL,W,ENTER FROM DRIVE/ALLEY,,,1,,,,,Y,Y,,,,,,,,Y,Y,Y,,FRONT,,,,,,,,,,,,,,,,,,,,,,,,,,,,,,,,,
2109763,aecb722a90be67252998b7a61acb6670a56bd360097e54b00e0c8b46189b12d8ad2505acc9e00b8c58b4ed5ee4251bc99827ba63f58190df862f211e154edeb0,07/19/2025 07:45:00 AM,2,DRIVER,,2011273,,FORD,ECONOLINE E150,IL,2013,NONE,VAN/MINI-VAN,PERSONAL,NW,STRAIGHT AHEAD,,,1,,,,,,,,Y,Y,Y,,,,,,,,REAR-RIGHT-CORNER,,,,,,,,,,,,,,,,,,,,,,,,,,,,,,,,,
2109767,4af69f2f883a3baa79f0f4b760f76993392c52529fb4d882fe0807ab8de0ebf949e69a26f2eb227675fb1f0ce1c3cf01134ea3aee650f28fb5ca35bdcd031538,07/19/2025 07:40:00 AM,1,DRIVER,,2011277,,HONDA,HR-V,IL,2021,NONE,SPORT UTILITY VEHICLE (SUV),PERSONAL,N,STRAIGHT AHEAD,,,1,,,,,,,,,,,,,Y,,,,,SIDE-LEFT,,,,,,,,,,,,,,,,,,,,,,,,,,,,,,,,,
2109768,4af69f2f883a3baa79f0f4b760f76993392c52529fb4d882fe0807ab8de0ebf949e69a26f2eb227675fb1f0ce1c3cf01134ea3aee650f28fb5ca35bdcd031538,07/19/2025 07:40:00 AM,2,DRIVER,,2011280,,HONDA,CR-V,IL,2022,NONE,SPORT UTILITY VEHICLE (SUV),PERSONAL,N,STRAIGHT AHEAD,,,1,,,,,Y,,,,,,,,,,,,,FRONT-RIGHT-CORNER,,,,,,,,,,,,,,,,,,,,,,,,,,,,,,,,,
2109758,0eda15966a08d0fcb81a0560f4941560c6b3aee52c0e352b4ebe9bca0f085f046851dbd48c58b241ea60ed8c48fdf78fdb4ff8135e346f95d4d61173b9f0699b,07/19/2025 07:30:00 AM,1,DRIVER,,2011268,,UNKNOWN,OTHER (EXPLAIN IN NARRATIVE),,,UNKNOWN,UNKNOWN/NA,UNKNOWN/NA,S,STRAIGHT AHEAD,,,1,,,,,,,,,,,,,,,,,,FRONT,,,,,,,,,,,,,,,,,,,,,,,,,,,,,,,,,
2109759,0eda15966a08d0fcb81a0560f4941560c6b3aee52c0e352b4ebe9bca0f085f046851dbd48c58b241ea60ed8c48fdf78fdb4ff8135e346f95d4d61173b9f0699b,07/19/2025 07:30:00 AM,2,DRIVER,,2011270,,TOYOTA,RAV4,IL,2017,NONE,SPORT UTILITY VEHICLE (SUV),PERSONAL,E,STRAIGHT AHEAD,,,1,,,,,,,,,,,,,,,,,,FRONT-LEFT-CORNER,,,,,,,,,,,,,,,,,,,,,,,,,,,,,,,,,
2109794,73ee6ebce8d143fb694493b802f8ff8d0c444fe5caf3b5fd08c413221417814c3390710ec4ea78cf301964945c223c1e849da0df8a99e8a16d5494540d51ddf7,07/19/2025 07:30:00 AM,1,DRIVER,,2011300,,CHEVROLET,MALIBU,IL,2017,NONE,PASSENGER,PERSONAL,E,STRAIGHT AHEAD,Y,,1,,CPD,POUND 2,,Y,Y,,,,,,,,Y,Y,Y,,FRONT,,,,,,,,,,,,,,,,,,,,,,,,,,,,,,,,,
2109795,73ee6ebce8d143fb694493b802f8ff8d0c444fe5caf3b5fd08c413221417814c3390710ec4ea78cf301964945c223c1e849da0df8a99e8a16d5494540d51ddf7,07/19/2025 07:30:00 AM,2,PARKED,,2011302,,TOYOTA,COROLLA,IL,2017,NONE,PASSENGER,PERSONAL,E,PARKED,,,0,,,,,,,,Y,Y,Y,,,,,,,,REAR,,,,,,,,,,,,,,,,,,,,,,,,,,,,,,,,,
2109752,2310b9da429d5f6397ae6b3e1151e3395e2e4b400ad1ecd7d3884fb2acfd6864c88c535ee76ec3e2c4dcabbd1625ab6cbbc9720c273db7b7ccef912031e5ce76,07/19/2025 07:10:00 AM,1,DRIVER,,2011261,,HYUNDAI,SANTA FE,IL,2007,NONE,PASSENGER,PERSONAL,S,TURNING LEFT,,,1,,,,,,,,,,,N,N,,,,Y,,FRONT,,,,,,,,,,,,,,,,,,,,,,,,,,,,,,,,,