CRASH_UNIT_ID,CRASH_RECORD_ID,CRASH_DATE,UNIT_NO,UNIT_TYPE,NUM_PASSENGERS,VEHICLE_ID,CMRC_VEH_I,MAKE,MODEL,LIC_PLATE_STATE,VEHICLE_YEAR,VEHICLE_DEFECT,VEHICLE_TYPE,VEHICLE_USE,TRAVEL_DIRECTION,MANEUVER,TOWED_I,FIRE_I,OCCUPANT_CNT,EXCEED_SPEED_LIMIT_I,TOWED_BY,TOWED_TO,AREA_00_I,AREA_01_I,AREA_02_I,AREA_03_I,AREA_04_I,AREA_05_I,AREA_06_I,AREA_07_I,AREA_08_I,AREA_09_I,AREA_10_I,AREA_11_I,AREA_12_I,AREA_99_I,FIRST_CONTACT_POINT,CMV_ID,USDOT_NO,CCMC_NO,ILCC_NO,COMMERCIAL_SRC,GVWR,CARRIER_NAME,CARRIER_STATE,CARRIER_CITY,HAZMAT_PLACARDS_I,HAZMAT_NAME,UN_NO,HAZMAT_PRESENT_I,HAZMAT_REPORT_I,HAZMAT_REPORT_NO,MCS_REPORT_I,MCS_REPORT_NO,HAZMAT_VIO_CAUSE_CRASH_I,MCS_VIO_CAUSE_CRASH_I,IDOT_PERMIT_NO,WIDE_LOAD_I,TRAILER1_WIDTH,TRAILER2_WIDTH,TRAILER1_LENGTH,TRAILER2_LENGTH,TOTAL_VEHICLE_LENGTH,AXLE_CNT,VEHICLE_CONFIG,CARGO_BODY_TYPE,LOAD_TYPE,HAZMAT_OUT_OF_SERVICE_I,MCS_OUT_OF_SERVICE_I,HAZMAT_CLASS
2109753,2310b9da429d5f6397ae6b3e1151e3395e2e4b400ad1ecd7d3884fb2acfd6864c88c535ee76ec3e2c4dcabbd1625ab6cbbc9720c273db7b7ccef912031e5ce76,07/19/2025 07:10:00 AM,2,DRIVER,,2011264,,CADILLAC,DEVILLE,IL,2004,NONE,PASSENGER,PERSONAL,SE,TURNING LEFT,,,1,,,,,,,,,,,,Y,Y,,,,,SIDE-LEFT,,,,,,,,,,,,,,,,,,,,,,,,,,,,,,,,,
2109756,39e3d1bf3dc96879a7bfa1adf6e40fb9cc69a703a09f0ad2fd7dd576ef0af48126dd9a26642dfd33bbc6dcc662bbfd2935a5b697ea19291599d4ade5b9c089c7,07/19/2025 07:00:00 AM,1,DRIVER,,2011266,,UNKNOWN,OTHER (EXPLAIN IN NARRATIVE),,,UNKNOWN,UNKNOWN/NA,UNKNOWN/NA,UNKNOWN,UNKNOWN/NA,,,1,,,,,,,,,,,,,,,,,Y,UNKNOWN,,,,,,,,,,,,,,,,,,,,,,,,,,,,,,,,,
2109757,39e3d1bf3dc96879a7bfa1adf6e40fb9cc69a703a09f0ad2fd7dd576ef0af48126dd9a26642dfd33bbc6dcc662bbfd2935a5b697ea19291599d4ade5b9c089c7,07/19/2025 07:00:00 AM,2,PARKED,,2011267,,TOYOTA,COROLLA,IL,2021,UNKNOWN,PASSENGER,PERSONAL,NW,PARKED,,,0,,,,,,,,,,,,,,Y,Y,,,FRONT-LEFT-CORNER,,,,,,,,,,,,,,,,,,,,,,,,,,,,,,,,,
2109771,24c583f13101689734050496d03dc810fd84fded6ac1e2d4067412c130be911bca854a83a5d4f84be70e1053a3679c8cea2296e0bdd413ce2882f5a4b315c87a,07/19/2025 06:30:00 AM,1,DRIVER,,2011281,,UNKNOWN,OTHER (EXPLAIN IN NARRATIVE),IL,,UNKNOWN,UNKNOWN/NA,UNKNOWN/NA,UNKNOWN,UNKNOWN/NA,,,1,,,,,,,,,,,,,,,,,,UNKNOWN,,,,,,,,,,,,,,,,,,,,,,,,,,,,,,,,,
2109772,24c583f13101689734050496d03dc810fd84fded6ac1e2d4067412c130be911bca854a83a5d4f84be70e1053a3679c8cea2296e0bdd413ce2882f5a4b315c87a,07/19/2025 06:30:00 AM,2,PARKED,,2011284,,DODGE,RAM 2500 PU,OK,2024,NONE,PASSENGER,PERSONAL,E,PARKED,,,0,,,,,Y,,,,N,Y,Y,Y,,,Y,Y,,OTHER,,,,,,,,,,,,,,,,,,,,,,,,,,,,,,,,,
2109773,24c583f13101689734050496d03dc810fd84fded6ac1e2d4067412c130be911bca854a83a5d4f84be70e1053a3679c8cea2296e0bdd413ce2882f5a4b315c87a,07/19/2025 06:30:00 AM,3,PARKED,,2011285,,HONDA,CIVIC,IL,2022,UNKNOWN,PASSENGER,PERSONAL,E,STRAIGHT AHEAD,,,0,,,,,,,,,Y,Y,Y,,,,,,,REAR,,,,,,,,,,,,,,,,,,,,,,,,,,,,,,,,,
2109804,42e09b5f5b2e19611e66aa4e235ab7c9dd74792d44ec5852295b838df5619e354d919400b704bf8486d03d3163a2130beac5b601e8aa30422787ea5c4702891f,07/19/2025 06:30:00 AM,1,DRIVER,,2011312,,NISSAN,ALTIMA,IL,2011,UNKNOWN,PASSENGER,UNKNOWN/NA,E,STRAIGHT AHEAD,,,1,,,,,Y,,,,,,,,,,Y,Y,,FRONT,,,,,,,,,,,,,,,,,,,,,,,,,,,,,,,,,
2109805,42e09b5f5b2e19611e66aa4e235ab7c9dd74792d44ec5852295b838df5619e354d919400b704bf8486d03d3163a2130beac5b601e8aa30422787ea5c4702891f,07/19/2025 06:30:00 AM,2,DRIVER,,2011316,,CHEVROLET,OTHER (EXPLAIN IN NARRATIVE),IL,2026,NONE,PASSENGER,PERSONAL,S,STRAIGHT AHEAD,Y,,1,,PERSONAL TOW,RESIDENCE,,Y,Y,Y,,,,,,,,,,,SIDE-RIGHT-FRONT,,,,,,,,,,,,,,,,,,,,,,,,,,,,,,,,,
2109745,d35b0f16d1c75d61f6b7405bd08e47637d04a6e0e8291f385b84ec38ba490daf78fa56f9aab97c655463ecaf4a27f921f755f9175e0ba148815e52cb11b96307,07/19/2025 06:30:00 AM,1,DRIVER,,2011255,,UNKNOWN,OTHER (EXPLAIN IN NARRATIVE),IL,,UNKNOWN,UNKNOWN/NA,UNKNOWN/NA,N,STRAIGHT AHEAD,,,1,,,,,,,,,,,,,,,,,Y,UNKNOWN,,,,,,,,,,,,,,,,,,,,,,,,,,,,,,,,,
2109746,d35b0f16d1c75d61f6b7405bd08e47637d04a6e0e8291f385b84ec38ba490daf78fa56f9aab97c655463ecaf4a27f921f755f9175e0ba148815e52cb11b96307,07/19/2025 06:30:00 AM,2,DRIVER,,2011256,,DODGE,CARAVAN,IL,2017,NONE,VAN/MINI-VAN,PERSONAL,N,SLOW/STOP IN TRAFFIC,,,1,,,,,,,,,,,Y,Y,Y,Y,Y,,,SIDE-LEFT,,,,,,,,,,,,,,,,,,,,,,,,,,,,,,,,,
2109845,4ec4663778fa28fef6495378d6db8ed1092e9946b2445b777cbcf1d7c2f55dc829d12c74ed342583ae7441576f15dda28e29376c7f843a790db1437e0ac3216e,07/19/2025 06:15:00 AM,1,DRIVER,,2011354,,JEEP,CHEROKEE,IL,2019,UNKNOWN,UNKNOWN/NA,PERSONAL,E,STRAIGHT AHEAD,,,1,,,,,,,,,,,,,,,,,Y,FRONT,,,,,,,,,,,,,,,,,,,,,,,,,,,,,,,,,
2109846,4ec4663778fa28fef6495378d6db8ed1092e9946b2445b777cbcf1d7c2f55dc829d12c74ed342583ae7441576f15dda28e29376c7f843a790db1437e0ac3216e,07/19/2025 06:15:00 AM,2,DRIVER,,2011370,,GENERAL MOTORS CORPORATION (GMC),SIERRA,IL,2023,UNKNOWN,PICKUP,PERSONAL,E,STRAIGHT AHEAD,,,1,,,,,,,,,Y,Y,Y,,,,,,,REAR,,,,,,,,,,,,,,,,,,,,,,,,,,,,,,,,,
2110154,f4bc0f2421c845e71a2124ec75930ea1137ff889f09dcc1295e211d647f7cba80b225cbd7c9d5f0f6f3f3befaa4edf20e24fbd1c9366bc6ca685d8312e06a95b,07/19/2025 06:15:00 AM,1,DRIVER,,2011658,,JEEP,COMPASS,IN,2019,UNKNOWN,PASSENGER,PERSONAL,N,UNKNOWN/NA,,,1,,,,,Y,,,,,,,,,,Y,Y,,FRONT,,,,,,,,,,,,,,,,,,,,,,,,,,,,,,,,,
2110155,f4bc0f2421c845e71a2124ec75930ea1137ff889f09dcc1295e211d647f7cba80b225cbd7c9d5f0f6f3f3befaa4edf20e24fbd1c9366bc6ca685d8312e06a95b,07/19/2025 06:15:00 AM,2,DRIVER,,2011681,,GENERAL MOTORS CORPORATION (GMC),SIERRA,IL,,UNKNOWN,UNKNOWN/NA,UNKNOWN/NA,N,UNKNOWN/NA,,,1,,,,,,,,,Y,Y,Y,,,,,,,REAR,,,,,,,,,,,,,,,,,,,,,,,,,,,,,,,,,
2109750,42731deb04c4da44e90a102c801b8dce48487ab9084a7999a25b0df9b70a96d8662a89b671f8a07755057885afa0118b3c7fb0bf8156b0dfa92b22a873e6da82,07/19/2025 05:45:00 AM,1,DRIVER,,2011259,,NISSAN,KICKS,IL,2025,NONE,SPORT UTILITY VEHICLE (SUV),PERSONAL,W,STRAIGHT AHEAD,Y,,1,,ALL ZION'S TOWING,,,Y,Y,Y,,,,N,,N,N,Y,Y,,FRONT-RIGHT-CORNER,,,,,,,,,,,,,,,,,,,,,,,,,,,,,,,,,
2109751,42731deb04c4da44e90a102c801b8dce48487ab9084a7999a25b0df9b70a96d8662a89b671f8a07755057885afa0118b3c7fb0bf8156b0dfa92b22a873e6da82,07/19/2025 05:45:00 AM,2,PARKED,,2011260,,LEXUS,RX,IL,2004,NONE,SPORT UTILITY VEHICLE (SUV),PERSONAL,W,PARKED,Y,,0,,,,,,,,,,Y,Y,Y,Y,,,,,REAR-LEFT-CORNER,,,,,,,,,,,,,,,,,,,,,,,,,,,,,,,,,
2109737,510ab66e204ebab711116334f5a5160f549f33728f02bd4ce1f934e2212029dbcbe0624527e68bc465f015762ed442fb5eee7e1cb078de9d16e11a38d4e27630,07/19/2025 05:39:00 AM,1,DRIVER,,2011250,,FORD,EDGE,IL,2014,NONE,PASSENGER,PERSONAL,E,STRAIGHT AHEAD,Y,,1,,,,,,Y,Y,Y,Y,Y,,,,,,,,SIDE-RIGHT,,,,,,,,,,,,,,,,,,,,,,,,,,,,,,,,,
2109738,510ab66e204ebab711116334f5a5160f549f33728f02bd4ce1f934e2212029dbcbe0624527e68bc465f015762ed442fb5eee7e1cb078de9d16e11a38d4e27630,07/19/2025 05:39:00 AM,2,DRIVER,,2011253,,KIA,SORENTO,IL,2025,NONE,PASSENGER,PERSONAL,N,STRAIGHT AHEAD,Y,,1,,,,,Y,Y,,,,,,,,Y,Y,Y,,FRONT,,,,,,,,,,,,,,,,,,,,,,,,,,,,,,,,,
2109747,ba7ee16ad4e9c3c96dbaee9157b48e53d66f5820cc505a4d3f9056c35092e4d6d9dece2b85a4b6476982116a5d06b0efc505565d175e1f2de0a7ec621783b7ee,07/19/2025 05:24:00 AM,1,DRIVER,,2011258,,MERCURY,MILAN,IL,2010,UNKNOWN,PASSENGER,PERSONAL,E,STRAIGHT AHEAD,Y,,1,,city of chicago,,,,,,,,,,,,,Y,Y,,FRONT-LEFT-CORNER,,,,,,,,,,,,,,,,,,,,,,,,,,,,,,,,,
2109748,ba7ee16ad4e9c3c96dbaee9157b48e53d66f5820cc505a4d3f9056c35092e4d6d9dece2b85a4b6476982116a5d06b0efc505565d175e1f2de0a7ec621783b7ee,07/19/2025 05:24:00 AM,2,DRIVER,,2011265,,DODGE,OTHER (EXPLAIN IN NARRATIVE),IL,2013,NONE,PICKUP,PERSONAL,W,STRAIGHT AHEAD,Y,,1,,city of chicago,pound #2,,,,,,,,Y,Y,,,Y,Y,,FRONT-LEFT-CORNER,,,,,,,,,,,,,,,,,,,,,,,,,,,,,,,,,
2109749,ba7ee16ad4e9c3c96dbaee9157b48e53d66f5820cc505a4d3f9056c35092e4d6d9dece2b85a4b6476982116a5d06b0efc505565d175e1f2de0a7ec621783b7ee,07/19/2025 05:24:00 AM,3,DRIVER,,2011269,,JEEP,GLADIATOR,IN,2020,NONE,PICKUP,PERSONAL,W,STRAIGHT AHEAD,Y,,1,,private,residence,,,,,,,,,,,,Y,,,FRONT-LEFT-CORNER,,,,,,,,,,,,,,,,,,,,,,,,,,,,,,,,,
2109764,26989976cfa48cb51188580ce9f28b0a45482163204d05aac51991f1d5fa6466d2749b6d8ff41930bbeb0be7f0ca8892e4421d70354f97e9a9051cd6a84bb087,07/19/2025 05:18:00 AM,1,DRIVER,,2011272,,FORD,FIVE HUNDRED,IL,2005,OTHER,PASSENGER,PERSONAL,SW,STRAIGHT AHEAD,Y,Y,1,,PRIVATE TOW,PRIVATE TOW,,Y,,,,,,Y,Y,Y,Y,Y,Y,,SIDE-LEFT,,,,,,,,,,,,,,,,,,,,,,,,,,,,,,,,,
2109765,26989976cfa48cb51188580ce9f28b0a45482163204d05aac51991f1d5fa6466d2749b6d8ff41930bbeb0be7f0ca8892e4421d70354f97e9a9051cd6a84bb087,07/19/2025 05:18:00 AM,2,PARKED,,2011275,,KIA,K9 / K900 / QUORIS,IL,2022,NONE,PASSENGER,PERSONAL,SE,PARKED,,,0,,,,,,,,,,,Y,Y,Y,Y,N,,,SIDE-LEFT,,,,,,,,,,,,,,,,,,,,,,,,,,,,,,,,,
2109766,26989976cfa48cb51188580ce9f28b0a45482163204d05aac51991f1d5fa6466d2749b6d8ff41930bbeb0be7f0ca8892e4421d70354f97e9a9051cd6a84bb087,07/19/2025 05:18:00 AM,3,PARKED,,2011276,,TOYOTA,CAMRY,IL,2009,NONE,PASSENGER,PERSONAL,SE,PARKED,,,0,,,,,,,,,,,,,,,Y,,,SIDE-LEFT-FRONT,,,,,,,,,,,,,,,,,,,,,,,,,,,,,,,,,
2109739,415d1c68f699165fb31656271023b90da7bcbe38c63fbfeb80562b971c094c5a09efea0e5969bfb1d4e0d053cdf2bf8bf218c1d4a5f6726b28a0ad1de7f3e9d5,07/19/2025 05:08:00 AM,1,DRIVER,,2011251,,KIA,SORENTO,IL,2022,NONE,PASSENGER,PERSONAL,N,STRAIGHT AHEAD,Y,,1,,city of chicago,doty rode,,Y,,,,,,,,,,Y,Y,,FRONT,,,,,,,,,,,,,,,,,,,,,,,,,,,,,,,,,
2109740,415d1c68f699165fb31656271023b90da7bcbe38c63fbfeb80562b971c094c5a09efea0e5969bfb1d4e0d053cdf2bf8bf218c1d4a5f6726b28a0ad1de7f3e9d5,07/19/2025 05:08:00 AM,2,DRIVER,1,2011257,,FORD,EXPLORER,IL,2024,NONE,SPORT UTILITY VEHICLE (SUV),POLICE,E,STRAIGHT AHEAD,Y,,2,,city of chicago,area 2,,,,,,,,,,,,,,,SIDE-RIGHT,,,,,,,,,,,,,,,,,,,,,,,,,,,,,,,,,
2110177,4eec83f6f28bc67c0e5a03bb0e119996874f1c8e91b75a5aaa484c1e5eae6b1ef92b6f550be5923e925f7dccb3a9061f91f87fa367e8567a7587a9aa077ac2dc,07/19/2025 04:45:00 AM,1,DRIVER,,2011664,,UNKNOWN,MOTORIZED,,,UNKNOWN,PICKUP,UNKNOWN/NA,S,STRAIGHT AHEAD,,,1,,,,,,,,,,,,,,,Y,,,FRONT,,,,,,,,,,,,,,,,,,,,,,,,,,,,,,,,,
2110178,4eec83f6f28bc67c0e5a03bb0e119996874f1c8e91b75a5aaa484c1e5eae6b1ef92b6f550be5923e925f7dccb3a9061f91f87fa367e8567a7587a9aa077ac2dc,07/19/2025 04:45:00 AM,2,DRIVER,,2011669,,CHEVROLET,OTHER (EXPLAIN IN NARRATIVE),IL,2020,UNKNOWN,PASSENGER,PERSONAL,S,STRAIGHT AHEAD,,,1,,,,,,,,,Y,,,,,,,,,REAR-RIGHT-CORNER,,,,,,,,,,,,,,,,,,,,,,,,,,,,,,,,,
2109741,208f1431cc27d530c596137e3c45dfa38aec445dac9ab5aecf07d2afb68a1ba444341a8f30c1deb3eb2350f6345df138cfc26c81dd05be79b3d03772647766bb,07/19/2025 04:20:00 AM,1,DRIVER,,2011248,,CHEVROLET,MALIBU,,,UNKNOWN,UNKNOWN/NA,UNKNOWN/NA,E,TURNING RIGHT,,,1,,,,,,,,,,,,,,,,,Y,UNKNOWN,,,,,,,,,,,,,,,,,,,,,,,,,,,,,,,,,
2109742,208f1431cc27d530c596137e3c45dfa38aec445dac9ab5aecf07d2afb68a1ba444341a8f30c1deb3eb2350f6345df138cfc26c81dd05be79b3d03772647766bb,07/19/2025 04:20:00 AM,2,DRIVER,2,2011249,,LINCOLN,MKZ,IL,2014,UNKNOWN,PASSENGER,UNKNOWN/NA,E,TURNING RIGHT,,,3,,,,,,,,,,,,,,Y,Y,,,FRONT-LEFT-CORNER,,,,,,,,,,,,,,,,,,,,,,,,,,,,,,,,,
2110110,ef7c9b172f99f3d3fe33143f182cc798f7d22dea74c5d85fa089b6f0ffb3e55b64c710164d145c511ff43908eb77f36007f73461e17cdd798ef1dd6533869e7c,07/19/2025 04:08:00 AM,1,DRIVER,,2011602,,UNKNOWN,OTHER (EXPLAIN IN NARRATIVE),IL,,UNKNOWN,PASSENGER,PERSONAL,N,DRIVING WRONG WAY,,,1,,,,,Y,,,,,,,,,,Y,Y,,REAR,,,,,,,,,,,,,,,,,,,,,,,,,,,,,,,,,
2110111,ef7c9b172f99f3d3fe33143f182cc798f7d22dea74c5d85fa089b6f0ffb3e55b64c710164d145c511ff43908eb77f36007f73461e17cdd798ef1dd6533869e7c,07/19/2025 04:08:00 AM,2,PARKED,,2011606,,MAZDA,MAZDA3,IL,2010,NONE,PASSENGER,PERSONAL,S,PARKED,,,0,,,,,,,,,,,Y,Y,Y,Y,Y,,,SIDE-LEFT,,,,,,,,,,,,,,,,,,,,,,,,,,,,,,,,,
2109731,4ef0bd11b6605706e78d69ee307503d3b091ea3848df902eb165ba36e4f79f60637455bb6f1d6898edc7118fa52851303c47a453b8aa4ea3f95d107e9ee4adba,07/19/2025 03:40:00 AM,1,DRIVER,,2011238,,JEEP,JEEP,,,UNKNOWN,UNKNOWN/NA,UNKNOWN/NA,N,STRAIGHT AHEAD,,,1,,,,,,,,,,,,,,,,,Y,UNKNOWN,,,,,,,,,,,,,,,,,,,,,,,,,,,,,,,,,
2109732,4ef0bd11b6605706e78d69ee307503d3b091ea3848df902eb165ba36e4f79f60637455bb6f1d6898edc7118fa52851303c47a453b8aa4ea3f95d107e9ee4adba,07/19/2025 03:40:00 AM,2,PARKED,1,2011241,N,FREIGHTLINER CORPORATION,FREIGHTLINER CORP.,IL,2014,UNKNOWN,OTHER,OTHER,S,PARKED,,,1,,,,,,Y,Y,Y,,,,,,,,,,SIDE-RIGHT,,,,,,,,,,,,,,,,,,,,,,,,,,,,,,,,,
2109721,e033af93c343d9bbe0af4bfd4feefa8196ae3c9fe2397a7bd80c91441ec6529f0dd9b341e8f0e6ea0f73c1e7cef8daa64c52321e567f8f5aa2ddb7f8256d0ca4,07/19/2025 03:38:00 AM,1,DRIVER,,2011233,,UNKNOWN,OTHER (EXPLAIN IN NARRATIVE),IL,,NONE,PASSENGER,PERSONAL,N,U-TURN,,,1,,,,,,,,,,,Y,Y,,,,,,SIDE-RIGHT-REAR,,,,,,,,,,,,,,,,,,,,,,,,,,,,,,,,,
2109722,e033af93c343d9bbe0af4bfd4feefa8196ae3c9fe2397a7bd80c91441ec6529f0dd9b341e8f0e6ea0f73c1e7cef8daa64c52321e567f8f5aa2ddb7f8256d0ca4,07/19/2025 03:38:00 AM,2,DRIVER,1,2011240,,GENESIS,G70,IL,2022,NONE,PASSENGER,PERSONAL,N,STRAIGHT AHEAD,,,2,,,,,Y,,,,,,,,,,,,,FRONT-RIGHT-CORNER,,,,,,,,,,,,,,,,,,,,,,,,,,,,,,,,,
2110593,9be75df49483cc44243f46dbc579abddfa9905869700175afc2719218aef727a5c1f2ddc8fdec18330a46071a820bec091ea62d88a3b7b191e554114b12c9bb2,07/19/2025 03:26:00 AM,1,DRIVER,,2012051,,UNKNOWN,MOTORIZED,IL,2016,UNKNOWN,PASSENGER,UNKNOWN/NA,W,BACKING,,,1,,,,,,,,Y,Y,Y,,,,,,,,REAR-RIGHT-CORNER,,,,,,,,,,,,,,,,,,,,,,,,,,,,,,,,,
2110594,9be75df49483cc44243f46dbc579abddfa9905869700175afc2719218aef727a5c1f2ddc8fdec18330a46071a820bec091ea62d88a3b7b191e554114b12c9bb2,07/19/2025 03:26:00 AM,2,PARKED,,2012054,,HONDA,ODYSSEY,IL,2023,NONE,VAN/MINI-VAN,NOT IN USE,N,PARKED,,,0,,,,,,,,,,,,,,Y,Y,Y,,FRONT-LEFT-CORNER,,,,,,,,,,,,,,,,,,,,,,,,,,,,,,,,,
2109851,6293deb50fd6cac7256d04a3d2e907a04998f18d90fc086561f05452e430007306ef1cb0c5744d0f1cacf4d4c0fa5bbbb51619bcfe67a9235996aea3dedb0b35,07/19/2025 03:15:00 AM,1,DRIVER,,2011359,,UNKNOWN,OTHER (EXPLAIN IN NARRATIVE),IL,,UNKNOWN,UNKNOWN/NA,UNKNOWN/NA,UNKNOWN,UNKNOWN/NA,,,1,,,,,,,,,,,,,,,,,Y,UNKNOWN,,,,,,,,,,,,,,,,,,,,,,,,,,,,,,,,,
2109852,6293deb50fd6cac7256d04a3d2e907a04998f18d90fc086561f05452e430007306ef1cb0c5744d0f1cacf4d4c0fa5bbbb51619bcfe67a9235996aea3dedb0b35,07/19/2025 03:15:00 AM,2,PARKED,,2011363,,FORD,EXPLORER,IL,2014,NONE,SPORT UTILITY VEHICLE (SUV),NOT IN USE,S,PARKED,,,0,,,,,,,,,,,,,,Y,Y,,,FRONT-LEFT-CORNER,,,,,,,,,,,,,,,,,,,,,,,,,,,,,,,,,
2109714,6f9b4a26c571fcebdca9ff01d93719acf51b52df4b7c5a6b74fa2fb819d3ced09e96c61a75d29b36a363ac0d3e8067dd45197646c238b5b80fc8cf155ce7831e,07/19/2025 03:05:00 AM,1,DRIVER,,2011219,,"(HOMEMADE MOTORCYCLE, MOPED.ETC.)","(HOMEMADE MOTORCYCLE, MOPED.ETC.)",,,UNKNOWN,UNKNOWN/NA,UNKNOWN/NA,E,DRIVING WRONG WAY,,,1,,,,,,,,,,,,,,,,,Y,UNKNOWN,,,,,,,,,,,,,,,,,,,,,,,,,,,,,,,,,
2109715,6f9b4a26c571fcebdca9ff01d93719acf51b52df4b7c5a6b74fa2fb819d3ced09e96c61a75d29b36a363ac0d3e8067dd45197646c238b5b80fc8cf155ce7831e,07/19/2025 03:05:00 AM,2,PARKED,,2011221,,FORD,EXPLORER,IL,2024,NONE,PASSENGER,POLICE,E,PARKED IN TRAFFIC LANE,Y,,0,,DNA,,,,,,,,,,Y,Y,Y,Y,,,SIDE-LEFT,,,,,,,,,,,,,,,,,,,,,,,,,,,,,,,,,
2119675,20debc1a055601604a0e7b6f5a7884cf874cd72e531033a114734c41538b6f3e60e33b92530c847e0a1452680921691e0439d3453b544c0aa6ed59ca093b315f,07/19/2025 03:00:00 AM,1,DRIVER,,2020678,,JEEP,GRAND CHEROKEE,IL,2000,UNKNOWN,SPORT UTILITY VEHICLE (SUV),UNKNOWN/NA,W,STRAIGHT AHEAD,,,1,,,,,,,,,,,,,,,,Y,,FRONT,,,,,,,,,,,,,,,,,,,,,,,,,,,,,,,,,
2119676,20debc1a055601604a0e7b6f5a7884cf874cd72e531033a114734c41538b6f3e60e33b92530c847e0a1452680921691e0439d3453b544c0aa6ed59ca093b315f,07/19/2025 03:00:00 AM,2,DRIVER,,2020679,,BUICK,LUCERNE,IL,2006,UNKNOWN,PASSENGER,PERSONAL,W,STRAIGHT AHEAD,,,1,,,,,,,,,Y,Y,Y,,,,,,,REAR,,,,,,,,,,,,,,,,,,,,,,,,,,,,,,,,,
2109826,797f84d6eb9aabf0846f4c46b1ae07a655a185f3c693e3558bb642d461f2cc76908fb3a974b9913572d42ee3a9c63881d59722e98a7eee70709c068f2522c3cd,07/19/2025 03:00:00 AM,1,DRIVER,,2011340,,GENERAL MOTORS CORPORATION (GMC),ACADIA,IL,2008,UNKNOWN,SPORT UTILITY VEHICLE (SUV),PERSONAL,W,LEAVING TRAFFIC LANE TO PARK,,,1,,,,,,,,,,,,,,,,Y,,FRONT,,,,,,,,,,,,,,,,,,,,,,,,,,,,,,,,,
2109827,797f84d6eb9aabf0846f4c46b1ae07a655a185f3c693e3558bb642d461f2cc76908fb3a974b9913572d42ee3a9c63881d59722e98a7eee70709c068f2522c3cd,07/19/2025 03:00:00 AM,2,PARKED,,2011345,,NISSAN,JUKE,IL,2017,UNKNOWN,PASSENGER,PERSONAL,W,PARKED,,,0,,,,,,,,,,Y,,,,,,,,REAR,,,,,,,,,,,,,,,,,,,,,,,,,,,,,,,,,
2109712,c1e8234092b3b47d51cafd980c547578daefc41ce53dda1db83a91a7b4c6a5ba6c06adf7415f3f6996e26cece960ece99d0bb45c46239d4a01b28a63fd064acf,07/19/2025 03:00:00 AM,1,DRIVER,1,2011222,,JEEP,PATRIOT,IL,2016,NONE,SPORT UTILITY VEHICLE (SUV),PERSONAL,S,STRAIGHT AHEAD,,,2,,,,,Y,,,,,,,,,,Y,Y,,FRONT,,,,,,,,,,,,,,,,,,,,,,,,,,,,,,,,,
2109713,c1e8234092b3b47d51cafd980c547578daefc41ce53dda1db83a91a7b4c6a5ba6c06adf7415f3f6996e26cece960ece99d0bb45c46239d4a01b28a63fd064acf,07/19/2025 03:00:00 AM,2,DRIVER,,2011225,,NISSAN,JUKE,IL,2016,NONE,SPORT UTILITY VEHICLE (SUV),PERSONAL,S,SLOW/STOP IN TRAFFIC,,,1,,,,,,,,,Y,Y,Y,,,,,,,REAR,,,,,,,,,,,,,,,,,,,,,,,,,,,,,,,,,
2109707,2f7fbb6e91aeb7fddc19e5766bfbb931be829ab3f42bc7f3a12df4e191af9a8408baaaa14f7aa930f2a038d3011b42a88d8da7198d8f9854868790c291146040,07/19/2025 02:30:00 AM,1,DRIVER,1,2011212,,FORD,EDGE,IL,2011,UNKNOWN,PASSENGER,PERSONAL,S,STRAIGHT AHEAD,,,2,,,,,,,,,,,,,,,,Y,,FRONT,,,,,,,,,,,,,,,,,,,,,,,,,,,,,,,,,
2109708,2f7fbb6e91aeb7fddc19e5766bfbb931be829ab3f42bc7f3a12df4e191af9a8408baaaa14f7aa930f2a038d3011b42a88d8da7198d8f9854868790c291146040,07/19/2025 02:30:00 AM,2,DRIVER,,2011217,,HYUNDAI,ELANTRA,IL,2021,NONE,PASSENGER,PERSONAL,S,STRAIGHT AHEAD,,,1,,,,,,,,,,Y,,,,,,,,REAR,,,,,,,,,,,,,,,,,,,,,,,,,,,,,,,,,
2109703,3c0e93d8f4fcfd052add94646b5928da9a3248c7911be5730e48f623bed51335945fb76013efed163d8a0254b620414ea9cd045687fc802b6a96959028c01383,07/19/2025 02:30:00 AM,1,DRIVER,,2011210,,UNKNOWN,OTHER (EXPLAIN IN NARRATIVE),IL,,UNKNOWN,UNKNOWN/NA,UNKNOWN/NA,E,STRAIGHT AHEAD,,,1,,,,,,,,,,,,,,,,,,FRONT,,,,,,,,,,,,,,,,,,,,,,,,,,,,,,,,,
2109704,3c0e93d8f4fcfd052add94646b5928da9a3248c7911be5730e48f623bed51335945fb76013efed163d8a0254b620414ea9cd045687fc802b6a96959028c01383,07/19/2025 02:30:00 AM,2,DRIVER,,2011213,,TOYOTA,PRIUS,IL,2008,NONE,PASSENGER,PERSONAL,N,STRAIGHT AHEAD,,,1,,,,,,,,,,,,,,Y,Y,,,FRONT-LEFT-CORNER,,,,,,,,,,,,,,,,,,,,,,,,,,,,,,,,,
2109701,9fb0f225ab5d539c7ecef3a78c6cb1c83012f5a17e08612183d62258387dc6b1680b2773aedeeaa201f9f2ec907895efde12949b660fa16b69b00ed100d89a30,07/19/2025 02:30:00 AM,1,DRIVER,,2011244,,UNKNOWN,OTHER (EXPLAIN IN NARRATIVE),IL,,UNKNOWN,UNKNOWN/NA,UNKNOWN/NA,UNKNOWN,UNKNOWN/NA,,,1,,,,,,,,,,,,,,,,Y,,FRONT,,,,,,,,,,,,,,,,,,,,,,,,,,,,,,,,,