CRASH_UNIT_ID,CRASH_RECORD_ID,CRASH_DATE,UNIT_NO,UNIT_TYPE,NUM_PASSENGERS,VEHICLE_ID,CMRC_VEH_I,MAKE,MODEL,LIC_PLATE_STATE,VEHICLE_YEAR,VEHICLE_DEFECT,VEHICLE_TYPE,VEHICLE_USE,TRAVEL_DIRECTION,MANEUVER,TOWED_I,FIRE_I,OCCUPANT_CNT,EXCEED_SPEED_LIMIT_I,TOWED_BY,TOWED_TO,AREA_00_I,AREA_01_I,AREA_02_I,AREA_03_I,AREA_04_I,AREA_05_I,AREA_06_I,AREA_07_I,AREA_08_I,AREA_09_I,AREA_10_I,AREA_11_I,AREA_12_I,AREA_99_I,FIRST_CONTACT_POINT,CMV_ID,USDOT_NO,CCMC_NO,ILCC_NO,COMMERCIAL_SRC,GVWR,CARRIER_NAME,CARRIER_STATE,CARRIER_CITY,HAZMAT_PLACARDS_I,HAZMAT_NAME,UN_NO,HAZMAT_PRESENT_I,HAZMAT_REPORT_I,HAZMAT_REPORT_NO,MCS_REPORT_I,MCS_REPORT_NO,HAZMAT_VIO_CAUSE_CRASH_I,MCS_VIO_CAUSE_CRASH_I,IDOT_PERMIT_NO,WIDE_LOAD_I,TRAILER1_WIDTH,TRAILER2_WIDTH,TRAILER1_LENGTH,TRAILER2_LENGTH,TOTAL_VEHICLE_LENGTH,AXLE_CNT,VEHICLE_CONFIG,CARGO_BODY_TYPE,LOAD_TYPE,HAZMAT_OUT_OF_SERVICE_I,MCS_OUT_OF_SERVICE_I,HAZMAT_CLASS
2109702,9fb0f225ab5d539c7ecef3a78c6cb1c83012f5a17e08612183d62258387dc6b1680b2773aedeeaa201f9f2ec907895efde12949b660fa16b69b00ed100d89a30,07/19/2025 02:30:00 AM,2,DRIVER,,2011211,,HONDA,CIVIC,IN,,UNKNOWN,UNKNOWN/NA,UNKNOWN/NA,UNKNOWN,UNKNOWN/NA,,,1,,,,,,,,,Y,Y,Y,,,,,Y,,REAR,,,,,,,,,,,,,,,,,,,,,,,,,,,,,,,,,
2109720,9fb0f225ab5d539c7ecef3a78c6cb1c83012f5a17e08612183d62258387dc6b1680b2773aedeeaa201f9f2ec907895efde12949b660fa16b69b00ed100d89a30,07/19/2025 02:30:00 AM,3,DRIVER,,2011230,,UNKNOWN,OTHER (EXPLAIN IN NARRATIVE),IL,,UNKNOWN,UNKNOWN/NA,UNKNOWN/NA,UNKNOWN,UNKNOWN/NA,,,1,,,,,,,,,,Y,,,,,,,,UNKNOWN,,,,,,,,,,,,,,,,,,,,,,,,,,,,,,,,,
2109743,c83463df4be32357ed3e9cb7af78d8f25bd382379195b132022358ebdb7094f72781c15bdd05ff43d3ccac30f95a1f542e8017fcdcd1aafcc73b5e63e1ef8e7b,07/19/2025 02:30:00 AM,1,DRIVER,,2011252,,KIA,SELTOS,IL,2024,UNKNOWN,SPORT UTILITY VEHICLE (SUV),PERSONAL,N,STRAIGHT AHEAD,Y,,1,,,,,Y,,,,,,,,,Y,Y,Y,,FRONT-LEFT-CORNER,,,,,,,,,,,,,,,,,,,,,,,,,,,,,,,,,
2109744,c83463df4be32357ed3e9cb7af78d8f25bd382379195b132022358ebdb7094f72781c15bdd05ff43d3ccac30f95a1f542e8017fcdcd1aafcc73b5e63e1ef8e7b,07/19/2025 02:30:00 AM,2,PARKED,,2011254,,FORD,F150,IL,2005,UNKNOWN,PICKUP,PERSONAL,S,PARKED,,,0,,,,,,,,,,,,,Y,Y,Y,Y,,FRONT,,,,,,,,,,,,,,,,,,,,,,,,,,,,,,,,,
2109726,0163c0e19deca402a15747dfea410437803504687b6cee19a7825952ceebf220e8b88fe45fe593b31aef317464799a52e545e4a1d54e10f8b3a2059d234314b1,07/19/2025 02:16:00 AM,1,DRIVER,,2011237,,FORD,ESCAPE,IL,2012,UNKNOWN,PASSENGER,TAXI/FOR HIRE,E,BACKING,,,1,,,,,,,,,,,Y,Y,,,,,,SIDE-LEFT-REAR,,,,,,,,,,,,,,,,,,,,,,,,,,,,,,,,,
2109727,0163c0e19deca402a15747dfea410437803504687b6cee19a7825952ceebf220e8b88fe45fe593b31aef317464799a52e545e4a1d54e10f8b3a2059d234314b1,07/19/2025 02:16:00 AM,2,DRIVER,,2011242,,TOYOTA,SOLARA,IL,2005,UNKNOWN,PASSENGER,PERSONAL,E,UNKNOWN/NA,,,1,,,,,,,,,,,,,,,,,Y,UNKNOWN,,,,,,,,,,,,,,,,,,,,,,,,,,,,,,,,,
2109723,5257db6819e2dfdb147373535e8ce242fe1fd5131217918d61d63de291fb75717091f80a173e52fef4945438dcba657a959f059e5c420e8b23fc3ff1e5fd143f,07/19/2025 02:16:00 AM,1,DRIVER,,2011231,,FORD,ESCAPE,IL,2012,UNKNOWN,SPORT UTILITY VEHICLE (SUV),TAXI/FOR HIRE,S,BACKING,,,1,,,,,,,,,,,,,,,,,,UNKNOWN,,,,,,,,,,,,,,,,,,,,,,,,,,,,,,,,,
2109724,5257db6819e2dfdb147373535e8ce242fe1fd5131217918d61d63de291fb75717091f80a173e52fef4945438dcba657a959f059e5c420e8b23fc3ff1e5fd143f,07/19/2025 02:16:00 AM,2,DRIVER,1,2011232,,TOYOTA,CAMRY,IL,2005,UNKNOWN,PASSENGER,PERSONAL,E,STRAIGHT AHEAD,,,2,,,,,,,,,,,,,,,,,,SIDE-RIGHT,,,,,,,,,,,,,,,,,,,,,,,,,,,,,,,,,
2109718,2e169a05cfd7acfd2b1dd2fb9445e3f1f71f0f590c0fd0cacbeda7986e6e6a3844e8f2028c3972add2fa7b59360e77307900b2aa35dc0dcd82ac5617187b1de8,07/19/2025 02:10:00 AM,1,DRIVER,,2011226,,FORD,F100,IL,2004,NONE,PICKUP,PERSONAL,S,STRAIGHT AHEAD,Y,,1,,city of chicago,doty rd,,Y,Y,,,,,,,,Y,Y,Y,,FRONT,,,,,,,,,,,,,,,,,,,,,,,,,,,,,,,,,
2109719,2e169a05cfd7acfd2b1dd2fb9445e3f1f71f0f590c0fd0cacbeda7986e6e6a3844e8f2028c3972add2fa7b59360e77307900b2aa35dc0dcd82ac5617187b1de8,07/19/2025 02:10:00 AM,2,DRIVER,,2011229,,MAZDA,CX-5,IL,2016,NONE,PASSENGER,PERSONAL,W,STRAIGHT AHEAD,Y,,1,,private,unk,,Y,Y,Y,Y,Y,Y,Y,Y,Y,Y,Y,Y,,REAR-RIGHT-CORNER,,,,,,,,,,,,,,,,,,,,,,,,,,,,,,,,,
2109716,3b4969e856c3b1a73712a6913a0873dd2c788bb1789d786cbcd5fe43a4e59b59d2039da4c094c918d9b7134743fdf74428449b1cd82ec543d76371138337c09d,07/19/2025 02:00:00 AM,1,DRIVER,,2011224,,FORD,FUSION,IL,2018,UNKNOWN,PASSENGER,PERSONAL,S,STRAIGHT AHEAD,,,1,,,,Y,Y,Y,,,,,,,,,,,,FRONT-RIGHT-CORNER,,,,,,,,,,,,,,,,,,,,,,,,,,,,,,,,,
2109717,3b4969e856c3b1a73712a6913a0873dd2c788bb1789d786cbcd5fe43a4e59b59d2039da4c094c918d9b7134743fdf74428449b1cd82ec543d76371138337c09d,07/19/2025 02:00:00 AM,2,PARKED,,2011228,,HONDA,ACCORD,IL,2014,UNKNOWN,PASSENGER,PERSONAL,S,PARKED,,,0,,,,Y,,,,,,,Y,,,Y,Y,,,REAR-LEFT-CORNER,,,,,,,,,,,,,,,,,,,,,,,,,,,,,,,,,
2109800,8b95c981ec2bb855fd4376c20abf1cdaf3797f2f82ce9b702e205229153e21edb6e220cc44484a3cd23cc2e23f248165742a819799c369368801fc3aa461181f,07/19/2025 02:00:00 AM,1,PARKED,1,2011307,,TOYOTA,PRIUS,IL,2014,UNKNOWN,PASSENGER,TAXI/FOR HIRE,N,PARKED,,,1,,,,,,,,Y,,,,,,,,,,SIDE-RIGHT-REAR,,,,,,,,,,,,,,,,,,,,,,,,,,,,,,,,,
2109801,8b95c981ec2bb855fd4376c20abf1cdaf3797f2f82ce9b702e205229153e21edb6e220cc44484a3cd23cc2e23f248165742a819799c369368801fc3aa461181f,07/19/2025 02:00:00 AM,2,DRIVER,,2011310,,CHEVROLET,SUBURBAN,IL,2025,OTHER,OTHER VEHICLE WITH TRAILER,PERSONAL,N,PASSING/OVERTAKING,,,1,,,,,,,,,,,Y,Y,,,,,,SIDE-LEFT-REAR,,,,,,,,,,,,,,,,,,,,,,,,,,,,,,,,,
2109774,b7b3d1aaf981f6c17f6cb5e1e76477a4e732932a0a655eb0e9f988b52db45fa584925d0fca7b02387e661f458d4784240842e5326a29a315f686e122f11e5f28,07/19/2025 02:00:00 AM,1,DRIVER,,2011282,,UNKNOWN,OTHER (EXPLAIN IN NARRATIVE),IL,,UNKNOWN,UNKNOWN/NA,UNKNOWN/NA,E,UNKNOWN/NA,,,1,,,,,,,,,,,,,,Y,Y,,,FRONT-LEFT-CORNER,,,,,,,,,,,,,,,,,,,,,,,,,,,,,,,,,
2109775,b7b3d1aaf981f6c17f6cb5e1e76477a4e732932a0a655eb0e9f988b52db45fa584925d0fca7b02387e661f458d4784240842e5326a29a315f686e122f11e5f28,07/19/2025 02:00:00 AM,2,PARKED,,2011283,,FORD,F150 XLT,CO,2021,NONE,PICKUP,NOT IN USE,E,PARKED,,,0,,,,,,,,Y,Y,Y,,,,,,,,REAR-RIGHT-CORNER,,,,,,,,,,,,,,,,,,,,,,,,,,,,,,,,,
2112168,10841f7db68e2b69d39cef71f8f98482076ed9c9ebfc26a3a60df139bd738a80a420100142e31570082f199b7064959c9843d6de7b2f36aa7ae55291b36416e3,07/19/2025 01:58:00 AM,1,DRIVER,,2013537,,VOLKSWAGEN,TIGUAN,IL,2018,UNKNOWN,PASSENGER,UNKNOWN/NA,N,STRAIGHT AHEAD,,,1,,,,,,,,,,,,,,,,Y,,FRONT,,,,,,,,,,,,,,,,,,,,,,,,,,,,,,,,,
2112169,10841f7db68e2b69d39cef71f8f98482076ed9c9ebfc26a3a60df139bd738a80a420100142e31570082f199b7064959c9843d6de7b2f36aa7ae55291b36416e3,07/19/2025 01:58:00 AM,2,DRIVER,,2013541,,CHEVROLET,TRAVERSE,IL,2020,UNKNOWN,PASSENGER,PERSONAL,N,STRAIGHT AHEAD,,,1,,,,,,,,,,Y,,,,,,,,REAR,,,,,,,,,,,,,,,,,,,,,,,,,,,,,,,,,
2113644,7ecb1b7fa69f0acd948002bebd83134e29d4c50879c7f85e08de68b9dcc555600d6b3f17de103751cd12dc2ab33474fdfe35bb5a62259a4be3adc8e1ec84cb43,07/19/2025 01:47:00 AM,1,DRIVER,,2014960,,CHEVROLET,EQUINOX,IL,2011,UNKNOWN,SPORT UTILITY VEHICLE (SUV),PERSONAL,E,AVOIDING VEHICLES/OBJECTS,,,1,,,,,Y,,,,,,,,,Y,Y,Y,,FRONT-LEFT-CORNER,,,,,,,,,,,,,,,,,,,,,,,,,,,,,,,,,
2109699,2f1e4cd13c590cd695d71741308f77b09c4e1b2a2e2b8134be82f042e55c73d0c43c7158c770c70b297322dca073a0e48c248cf8f47bca8e517a392fe5881005,07/19/2025 01:43:00 AM,1,DRIVER,,2011216,,MAZDA,CX-5,IL,2018,NONE,PASSENGER,PERSONAL,W,PASSING/OVERTAKING,,,1,,,,,Y,,,,,,,,,,,,,FRONT-RIGHT-CORNER,,,,,,,,,,,,,,,,,,,,,,,,,,,,,,,,,
2109700,2f1e4cd13c590cd695d71741308f77b09c4e1b2a2e2b8134be82f042e55c73d0c43c7158c770c70b297322dca073a0e48c248cf8f47bca8e517a392fe5881005,07/19/2025 01:43:00 AM,2,DRIVER,1,2011220,,FORD,EXPLORER,IL,2023,NONE,PASSENGER,POLICE,W,SLOW/STOP IN TRAFFIC,,,2,,,,,,,,,,,Y,,,,,,,REAR-LEFT-CORNER,,,,,,,,,,,,,,,,,,,,,,,,,,,,,,,,,
2115024,cd359834959cded6b7034092a651508bef50ba26020f28b2e0a404cf8553a0141ed79a7f6ad9a96128916b1fe0e5d44cf9bd5884e1fd378a15199387206938c6,07/19/2025 01:40:00 AM,1,DRIVER,,2016274,,HYUNDAI,SONATA,IL,2024,OTHER,PASSENGER,UNKNOWN/NA,S,U-TURN,,,1,,,,,,,,,,,,,,,,Y,,FRONT,,,,,,,,,,,,,,,,,,,,,,,,,,,,,,,,,
2115025,cd359834959cded6b7034092a651508bef50ba26020f28b2e0a404cf8553a0141ed79a7f6ad9a96128916b1fe0e5d44cf9bd5884e1fd378a15199387206938c6,07/19/2025 01:40:00 AM,2,DRIVER,,2016280,,UNKNOWN,OTHER (EXPLAIN IN NARRATIVE),IL,,UNKNOWN,UNKNOWN/NA,UNKNOWN/NA,S,STRAIGHT AHEAD,,,1,,,,,,,,,,,,,,,,,Y,UNKNOWN,,,,,,,,,,,,,,,,,,,,,,,,,,,,,,,,,
2109690,d0e95c62b695715917af163dd6f499ef7b93421398328d3c8ac458c8ce93c319dc1e5a9d054ff5fe30ef6f246cb7a7cd1af212f26042b8700fb8dbc29b370db8,07/19/2025 01:29:00 AM,1,DRIVER,,2011198,,UNKNOWN,OTHER (EXPLAIN IN NARRATIVE),,,UNKNOWN,SPORT UTILITY VEHICLE (SUV),UNKNOWN/NA,S,STRAIGHT AHEAD,,,1,,,,,Y,Y,Y,Y,Y,,,,,,,,,SIDE-RIGHT,,,,,,,,,,,,,,,,,,,,,,,,,,,,,,,,,
2109691,d0e95c62b695715917af163dd6f499ef7b93421398328d3c8ac458c8ce93c319dc1e5a9d054ff5fe30ef6f246cb7a7cd1af212f26042b8700fb8dbc29b370db8,07/19/2025 01:29:00 AM,2,DRIVER,,2011203,,HONDA,PILOT,IL,2016,UNKNOWN,SPORT UTILITY VEHICLE (SUV),UNKNOWN/NA,S,OTHER,,,1,,,,,,,,,,,,Y,Y,Y,Y,,,SIDE-LEFT,,,,,,,,,,,,,,,,,,,,,,,,,,,,,,,,,
2109709,fec47b2c05f62ff6cc6b7d3fe390c2fc99425777d4faeacddf3c59a8dd1890ecbb61d397e8e34eebaf7746698ddef9750ae769645e3e5206771b9d83cbf8f2c9,07/19/2025 01:19:00 AM,1,DRIVER,,2011218,,TOYOTA,OTHER (EXPLAIN IN NARRATIVE),IL,2022,UNKNOWN,SPORT UTILITY VEHICLE (SUV),PERSONAL,W,STRAIGHT AHEAD,Y,,1,,PRIVATE TOW,,,Y,,,,,,,,Y,Y,Y,Y,,FRONT,,,,,,,,,,,,,,,,,,,,,,,,,,,,,,,,,
2109710,fec47b2c05f62ff6cc6b7d3fe390c2fc99425777d4faeacddf3c59a8dd1890ecbb61d397e8e34eebaf7746698ddef9750ae769645e3e5206771b9d83cbf8f2c9,07/19/2025 01:19:00 AM,2,DRIVER,1,2011223,,HONDA,CIVIC,IL,2022,UNKNOWN,PASSENGER,PERSONAL,N,STRAIGHT AHEAD,Y,,2,,PRIVATE TOW,,,Y,Y,Y,Y,Y,,,,,,,Y,,SIDE-RIGHT,,,,,,,,,,,,,,,,,,,,,,,,,,,,,,,,,
2109711,fec47b2c05f62ff6cc6b7d3fe390c2fc99425777d4faeacddf3c59a8dd1890ecbb61d397e8e34eebaf7746698ddef9750ae769645e3e5206771b9d83cbf8f2c9,07/19/2025 01:19:00 AM,3,PARKED,,2011227,,INFINITI,Q60,IL,2014,UNKNOWN,SPORT UTILITY VEHICLE (SUV),UNKNOWN/NA,W,PARKED,,,0,,,,,,,,,,Y,Y,Y,,,,,,SIDE-LEFT-REAR,,,,,,,,,,,,,,,,,,,,,,,,,,,,,,,,,
2109684,8e5d830c931aa165bc77ec563aae18afed5649f2828f3d08e28b30042e90512d097816f83d2339a61caa8ae4cc94748b7305e7423f880949ca7ea283074467a1,07/19/2025 01:15:00 AM,1,DRIVER,,2011195,,TOYOTA,CAMRY,IL,2021,UNKNOWN,PASSENGER,PERSONAL,S,STRAIGHT AHEAD,,,1,,,,,Y,Y,,,,,,,,,,Y,,FRONT-RIGHT-CORNER,,,,,,,,,,,,,,,,,,,,,,,,,,,,,,,,,
2109698,8e5d830c931aa165bc77ec563aae18afed5649f2828f3d08e28b30042e90512d097816f83d2339a61caa8ae4cc94748b7305e7423f880949ca7ea283074467a1,07/19/2025 01:15:00 AM,2,DRIVERLESS,,2011208,,LINCOLN,NAVIGATOR,IL,2023,UNKNOWN,PASSENGER,TAXI/FOR HIRE,S,PARKED,,,0,,,,,,,,,,,Y,Y,,,,,,REAR-LEFT-CORNER,,,,,,,,,,,,,,,,,,,,,,,,,,,,,,,,,
2109678,8ac370f05d8de845ae30d39b0599676dafa7e7895991d88c69bc2a802f296051567a42935be7f49a9eeaf7ff4fc067c4217baff7a80386662e3bb6b7596b1876,07/19/2025 01:00:00 AM,1,DRIVER,,2011190,,NOVA BUS,LFS,IL,2023,UNKNOWN,BUS OVER 15 PASS.,CTA,W,TURNING RIGHT,,,1,,,,,N,,Y,,,,,,,,,,,SIDE-RIGHT,,,,,,,,,,,,,,,,,,,,,,,,,,,,,,,,,
2109679,8ac370f05d8de845ae30d39b0599676dafa7e7895991d88c69bc2a802f296051567a42935be7f49a9eeaf7ff4fc067c4217baff7a80386662e3bb6b7596b1876,07/19/2025 01:00:00 AM,2,PARKED,2,2011191,,KIA,SPORTAGE,IL,2006,UNKNOWN,PASSENGER,PERSONAL,W,PARKED,,,2,,,,,,,,,,,,,,Y,Y,Y,,FRONT-LEFT-CORNER,,,,,,,,,,,,,,,,,,,,,,,,,,,,,,,,,
2109769,c066109b494b4f33660a98a615cb574d598abb93be27271ad7ef017bdf9d0731610fdd8b46d386694846d6ebb2da5fb160fb3fb4faa52ef1296d2090b4bdde0a,07/19/2025 01:00:00 AM,1,DRIVER,,2011278,,UNKNOWN,OTHER (EXPLAIN IN NARRATIVE),IL,,UNKNOWN,UNKNOWN/NA,UNKNOWN/NA,UNKNOWN,UNKNOWN/NA,,,1,,,,,,,,,,,,,,,,,,UNKNOWN,,,,,,,,,,,,,,,,,,,,,,,,,,,,,,,,,
2109770,c066109b494b4f33660a98a615cb574d598abb93be27271ad7ef017bdf9d0731610fdd8b46d386694846d6ebb2da5fb160fb3fb4faa52ef1296d2090b4bdde0a,07/19/2025 01:00:00 AM,2,PARKED,,2011298,,KIA,SELTOS,IL,2023,UNKNOWN,SPORT UTILITY VEHICLE (SUV),UNKNOWN/NA,N,PARKED,Y,,0,,PRIVATE TOW,,,,,,,,,Y,Y,,,Y,,,SIDE-LEFT,,,,,,,,,,,,,,,,,,,,,,,,,,,,,,,,,
2110323,dd172b56ebb70e90f9c6cc318b4d42b4d61616b499065c85f2a2c070c26b679a7f6ab1b56bfbb3f8dd7fe5f7913c199dff6c41a510757b11306a08b276384fc3,07/19/2025 01:00:00 AM,1,DRIVER,,2011811,,UNKNOWN,OTHER (EXPLAIN IN NARRATIVE),,,UNKNOWN,UNKNOWN/NA,UNKNOWN/NA,UNKNOWN,UNKNOWN/NA,,,1,,,,,,,,,,,,,,,,,Y,UNKNOWN,,,,,,,,,,,,,,,,,,,,,,,,,,,,,,,,,
2110324,dd172b56ebb70e90f9c6cc318b4d42b4d61616b499065c85f2a2c070c26b679a7f6ab1b56bfbb3f8dd7fe5f7913c199dff6c41a510757b11306a08b276384fc3,07/19/2025 01:00:00 AM,2,PARKED,,2011806,,HYUNDAI,ELANTRA,AZ,,UNKNOWN,PASSENGER,NOT IN USE,W,PARKED,,,0,,,,,,,,,,,Y,Y,,,,,,SIDE-LEFT-REAR,,,,,,,,,,,,,,,,,,,,,,,,,,,,,,,,,
2109674,dad3abbe781ca645569ea1dcb1a5bcc1f5da35e71f372d2f68cf30b5f7e131680308505bc657ee3840886e0d2136a8f2e37240923ce56c1797e1664e40fc25f7,07/19/2025 12:57:00 AM,1,DRIVER,1,2011184,N,FORD,F650,IL,2008,UNKNOWN,TRUCK - SINGLE UNIT,CONSTRUCTION/MAINTENANCE,SE,TURNING LEFT,,,2,,,,,,,,,,,Y,Y,Y,Y,Y,,,SIDE-LEFT,,,,,,,,,,,,,,,,,,,,,,,,,,,,,,,,,
2109675,dad3abbe781ca645569ea1dcb1a5bcc1f5da35e71f372d2f68cf30b5f7e131680308505bc657ee3840886e0d2136a8f2e37240923ce56c1797e1664e40fc25f7,07/19/2025 12:57:00 AM,2,PARKED,,2011188,,VOLKSWAGEN,TIGUAN,IL,2024,UNKNOWN,SPORT UTILITY VEHICLE (SUV),UNKNOWN/NA,E,PARKED,,,0,,,,,,,Y,Y,Y,,,,,,,,,SIDE-RIGHT-REAR,,,,,,,,,,,,,,,,,,,,,,,,,,,,,,,,,
2109694,a2a305977d35e5f9ecd2952359ebddd5987a80aa74868aee9fb7d3667a7e57dac65cd10bd068220206014cca6606eb7ff8a196dc8e3d1e40a1f2ecd7117ec0fd,07/19/2025 12:54:00 AM,1,DRIVER,,2011202,,JEEP,J-10,IL,2006,UNKNOWN,SPORT UTILITY VEHICLE (SUV),PERSONAL,W,STRAIGHT AHEAD,,,1,,,,,,,,,,,,,,,,N,Y,FRONT,,,,,,,,,,,,,,,,,,,,,,,,,,,,,,,,,
2109695,a2a305977d35e5f9ecd2952359ebddd5987a80aa74868aee9fb7d3667a7e57dac65cd10bd068220206014cca6606eb7ff8a196dc8e3d1e40a1f2ecd7117ec0fd,07/19/2025 12:54:00 AM,2,DRIVER,1,2011205,,MERCEDES-BENZ,GLK300,IL,2019,UNKNOWN,SPORT UTILITY VEHICLE (SUV),PERSONAL,W,STRAIGHT AHEAD,,,2,,,,,,,,,Y,,,,,,,,,REAR-RIGHT-CORNER,,,,,,,,,,,,,,,,,,,,,,,,,,,,,,,,,
2109680,28b6796eeacb3253469060f3dc2a9c8a2838c6a06e11ad8ed648e33775c71921c4a0b9cad8fb3120bb1ed191bfbcaf90c3fb51e5904738bcbeda79dba334a9c4,07/19/2025 12:50:00 AM,1,DRIVER,,2011194,,FORD,EXPLORER,IL,2017,NONE,SPORT UTILITY VEHICLE (SUV),PERSONAL,E,STRAIGHT AHEAD,Y,,1,,CITY OFCHICAGO,,,Y,Y,Y,Y,Y,N,Y,Y,Y,Y,Y,Y,,FRONT-LEFT-CORNER,,,,,,,,,,,,,,,,,,,,,,,,,,,,,,,,,
2109681,28b6796eeacb3253469060f3dc2a9c8a2838c6a06e11ad8ed648e33775c71921c4a0b9cad8fb3120bb1ed191bfbcaf90c3fb51e5904738bcbeda79dba334a9c4,07/19/2025 12:50:00 AM,2,DRIVER,1,2011201,,TOYOTA,CAMRY,IL,2023,NONE,PASSENGER,PERSONAL,E,STRAIGHT AHEAD,Y,,2,,OWNER,,,,,,Y,Y,Y,,,,,,,,REAR-RIGHT-CORNER,,,,,,,,,,,,,,,,,,,,,,,,,,,,,,,,,
2109682,28b6796eeacb3253469060f3dc2a9c8a2838c6a06e11ad8ed648e33775c71921c4a0b9cad8fb3120bb1ed191bfbcaf90c3fb51e5904738bcbeda79dba334a9c4,07/19/2025 12:50:00 AM,3,PARKED,,2011207,,HYUNDAI,SANTA FE,,2025,NONE,PICKUP,NOT IN USE,W,PARKED,,,0,,,,,Y,Y,,,,,,,,,,Y,,FRONT-RIGHT-CORNER,,,,,,,,,,,,,,,,,,,,,,,,,,,,,,,,,
2109671,465097bb683e8810a70e64b6d70fd288b594fc1a95b21d82dd9ff7b8ee90d1f2980fc0a98cc60b73f709e856e17ccc3e29121316f6b168b24710d402c88a6c40,07/19/2025 12:45:00 AM,1,DRIVER,,2011182,,JEEP,WRANGLER,IL,2014,UNKNOWN,PASSENGER,PERSONAL,W,STRAIGHT AHEAD,,,1,,,,,N,,,,,,,,,,N,N,Y,FRONT,,,,,,,,,,,,,,,,,,,,,,,,,,,,,,,,,
2109672,465097bb683e8810a70e64b6d70fd288b594fc1a95b21d82dd9ff7b8ee90d1f2980fc0a98cc60b73f709e856e17ccc3e29121316f6b168b24710d402c88a6c40,07/19/2025 12:45:00 AM,2,DRIVER,,2011185,,MERCEDES-BENZ,E300,IL,2019,NONE,PASSENGER,PERSONAL,W,STRAIGHT AHEAD,,,1,,,,,,,,,Y,Y,Y,,,,,,,REAR,,,,,,,,,,,,,,,,,,,,,,,,,,,,,,,,,
2109705,7bae28b18fe791df77c1f8eda8327b82b920244600f1420c14bb1e691ca8ed8bff3117b8ebdc191ae2ef5d96309c8572d466caa00b233d12dac7795b0cbd22b8,07/19/2025 12:45:00 AM,1,DRIVER,,2011214,,CHEVROLET,CRUZE,IL,2012,UNKNOWN,PASSENGER,PERSONAL,W,TURNING RIGHT,,,1,,,,,,,,,,,,,,Y,Y,Y,Y,FRONT-LEFT-CORNER,,,,,,,,,,,,,,,,,,,,,,,,,,,,,,,,,
2109706,7bae28b18fe791df77c1f8eda8327b82b920244600f1420c14bb1e691ca8ed8bff3117b8ebdc191ae2ef5d96309c8572d466caa00b233d12dac7795b0cbd22b8,07/19/2025 12:45:00 AM,2,DRIVER,1,2011236,,CHRYSLER,300,IN,2006,UNKNOWN,PASSENGER,PERSONAL,E,STRAIGHT AHEAD,,,2,,,,,Y,Y,,,,,,,,,N,Y,Y,FRONT-RIGHT-CORNER,,,,,,,,,,,,,,,,,,,,,,,,,,,,,,,,,
2109683,1dbda8deebe17fe9aa9f0664c27f8d8d9de2cd69830b15196f73730b464df2872f196ee47541d457bfc851b12f48b640b643dba6e5a19d90095fe288c869ed27,07/19/2025 12:19:00 AM,1,,,,,,,,,,,,,,,,,,,,,,,,,,,,,,,,,,,,,,,,,,,,,,,,,,,,,,,,,,,,,,,,,,,
2109687,1dbda8deebe17fe9aa9f0664c27f8d8d9de2cd69830b15196f73730b464df2872f196ee47541d457bfc851b12f48b640b643dba6e5a19d90095fe288c869ed27,07/19/2025 12:19:00 AM,1,DRIVER,,2011196,,CHEVROLET,TRAIL BLAZER,IL,2008,NONE,PASSENGER,PERSONAL,S,AVOIDING VEHICLES/OBJECTS,Y,,1,,,,,Y,,,,,,,,,,Y,Y,,FRONT,,,,,,,,,,,,,,,,,,,,,,,,,,,,,,,,,
2109692,07a0b03bfed5dda3ad9c5cc1eee8181f3128e3da44ada0ea9d5a68eb2e06edd9ab6a60bd80acf65bea3dabc1fd8ea7e2b4812f8501e82683074fa50c30860827,07/19/2025 12:10:00 AM,1,DRIVER,,2011199,,UNKNOWN,MOTORIZED,,,UNKNOWN,UNKNOWN/NA,UNKNOWN/NA,UNKNOWN,UNKNOWN/NA,,,1,,,,,,,,,,,,,,,,,Y,UNKNOWN,,,,,,,,,,,,,,,,,,,,,,,,,,,,,,,,,
2109693,07a0b03bfed5dda3ad9c5cc1eee8181f3128e3da44ada0ea9d5a68eb2e06edd9ab6a60bd80acf65bea3dabc1fd8ea7e2b4812f8501e82683074fa50c30860827,07/19/2025 12:10:00 AM,2,PEDESTRIAN,,,,,,,,,,,,,,,,,,,,,,,,,,,,,,,,,,,,,,,,,,,,,,,,,,,,,,,,,,,,,,,,,,
2112170,08170cab694409df8e081b3c5416a8104688f80836701ff0a66d2b9aa002e02e7f13893a2df4b9f032c2b89c4b2ccb895755b8d3e4f43933a5a3928fc0a6bd1c,07/19/2025 12:01:00 AM,1,DRIVER,,2013542,,HYUNDAI,ELANTRA,IL,2023,UNKNOWN,PASSENGER,UNKNOWN/NA,W,STRAIGHT AHEAD,,,1,,,,,,,,,,,,,,,,,Y,SIDE-RIGHT,,,,,,,,,,,,,,,,,,,,,,,,,,,,,,,,,
2112171,08170cab694409df8e081b3c5416a8104688f80836701ff0a66d2b9aa002e02e7f13893a2df4b9f032c2b89c4b2ccb895755b8d3e4f43933a5a3928fc0a6bd1c,07/19/2025 12:01:00 AM,2,DRIVER,,2013554,,LINCOLN,AVIATOR,MI,2023,UNKNOWN,SPORT UTILITY VEHICLE (SUV),PERSONAL,W,STRAIGHT AHEAD,,,1,,,,,,,,,,,,Y,Y,Y,,,,SIDE-LEFT,,,,,,,,,,,,,,,,,,,,,,,,,,,,,,,,,