CRASH_UNIT_ID,CRASH_RECORD_ID,CRASH_DATE,UNIT_NO,UNIT_TYPE,NUM_PASSENGERS,VEHICLE_ID,CMRC_VEH_I,MAKE,MODEL,LIC_PLATE_STATE,VEHICLE_YEAR,VEHICLE_DEFECT,VEHICLE_TYPE,VEHICLE_USE,TRAVEL_DIRECTION,MANEUVER,TOWED_I,FIRE_I,OCCUPANT_CNT,EXCEED_SPEED_LIMIT_I,TOWED_BY,TOWED_TO,AREA_00_I,AREA_01_I,AREA_02_I,AREA_03_I,AREA_04_I,AREA_05_I,AREA_06_I,AREA_07_I,AREA_08_I,AREA_09_I,AREA_10_I,AREA_11_I,AREA_12_I,AREA_99_I,FIRST_CONTACT_POINT,CMV_ID,USDOT_NO,CCMC_NO,ILCC_NO,COMMERCIAL_SRC,GVWR,CARRIER_NAME,CARRIER_STATE,CARRIER_CITY,HAZMAT_PLACARDS_I,HAZMAT_NAME,UN_NO,HAZMAT_PRESENT_I,HAZMAT_REPORT_I,HAZMAT_REPORT_NO,MCS_REPORT_I,MCS_REPORT_NO,HAZMAT_VIO_CAUSE_CRASH_I,MCS_VIO_CAUSE_CRASH_I,IDOT_PERMIT_NO,WIDE_LOAD_I,TRAILER1_WIDTH,TRAILER2_WIDTH,TRAILER1_LENGTH,TRAILER2_LENGTH,TOTAL_VEHICLE_LENGTH,AXLE_CNT,VEHICLE_CONFIG,CARGO_BODY_TYPE,LOAD_TYPE,HAZMAT_OUT_OF_SERVICE_I,MCS_OUT_OF_SERVICE_I,HAZMAT_CLASS
2109893,53ec2ab2a6c3265fa49aade694c0efdb9c6dc6e869422742758d6ce0ec748695a60730e724e0b63fe172c9a637cac4d90cb5561da9981c1840d6f9a552b4e7e8,07/19/2025 12:01:00 AM,1,DRIVER,,2011400,,FORD,ECONOLINE E150,AZ,2013,UNKNOWN,SINGLE UNIT TRUCK WITH TRAILER,UNKNOWN/NA,W,OTHER,,,1,,,,,N,Y,,,,,,,,,,,,SIDE-RIGHT,,,,,,,,,,,,,,,,,,,,,,,,,,,,,,,,,
2109894,53ec2ab2a6c3265fa49aade694c0efdb9c6dc6e869422742758d6ce0ec748695a60730e724e0b63fe172c9a637cac4d90cb5561da9981c1840d6f9a552b4e7e8,07/19/2025 12:01:00 AM,2,PARKED,,2011393,,HONDA,CR-V,IL,2016,NONE,SPORT UTILITY VEHICLE (SUV),NOT IN USE,N,PARKED,,,0,,,,,Y,Y,,,,,,,,,,,,SIDE-RIGHT-FRONT,,,,,,,,,,,,,,,,,,,,,,,,,,,,,,,,,
2112017,020e5a174ccd8896d498dd8d4a22285372ace45716b9ed77b34a044edd866d5da79e08c407fa11b17d7c1f6a3bbae35eaa30c00118f46f9a2bfc398e3d790b6e,07/19/2025 12:00:00 AM,1,DRIVER,,2013395,,UNKNOWN,OTHER (EXPLAIN IN NARRATIVE),,,UNKNOWN,SPORT UTILITY VEHICLE (SUV),PERSONAL,S,STRAIGHT AHEAD,,,1,,,,,,,,,,,,,,,,Y,,FRONT,,,,,,,,,,,,,,,,,,,,,,,,,,,,,,,,,
2112018,020e5a174ccd8896d498dd8d4a22285372ace45716b9ed77b34a044edd866d5da79e08c407fa11b17d7c1f6a3bbae35eaa30c00118f46f9a2bfc398e3d790b6e,07/19/2025 12:00:00 AM,2,DRIVER,1,2013396,,HONDA,OTHER (EXPLAIN IN NARRATIVE),IL,1996,NONE,VAN/MINI-VAN,PERSONAL,S,STRAIGHT AHEAD,,,2,,,,,,,,,,Y,,,,,,,,REAR,,,,,,,,,,,,,,,,,,,,,,,,,,,,,,,,,
2111370,4d3079db0541308a58260628c78fa6a6689c8c82d6b93a9e722ffa6c051e1fc6d314a3a69462a3b950baea1592c9208080df633df059aaaeef1f9704eba3b608,07/19/2025 12:00:00 AM,1,DRIVER,,2012799,,KIA,SPORTAGE,IL,2018,UNKNOWN,SPORT UTILITY VEHICLE (SUV),UNKNOWN/NA,N,STRAIGHT AHEAD,,,1,,,,,N,,,,,,,,,,,Y,,FRONT,,,,,,,,,,,,,,,,,,,,,,,,,,,,,,,,,
2111371,4d3079db0541308a58260628c78fa6a6689c8c82d6b93a9e722ffa6c051e1fc6d314a3a69462a3b950baea1592c9208080df633df059aaaeef1f9704eba3b608,07/19/2025 12:00:00 AM,2,DRIVER,3,2012792,,NISSAN,ROGUE,IL,2012,UNKNOWN,SPORT UTILITY VEHICLE (SUV),PERSONAL,N,STRAIGHT AHEAD,,,4,,,,,,,,,,Y,,,,,,,,REAR,,,,,,,,,,,,,,,,,,,,,,,,,,,,,,,,,
2109735,d12e4dd3ac466208baf0dc40ec92215e6f38dafa86e74dd043ef136157b6f4f74e753239b352f0774b1b6bf15e605c7a4b8684169a7991454f79e73050628f70,07/19/2025 12:00:00 AM,1,DRIVER,,2011247,,UNKNOWN,OTHER (EXPLAIN IN NARRATIVE),XX,,UNKNOWN,PASSENGER,UNKNOWN/NA,W,STRAIGHT AHEAD,,,1,,,,,,,,,,,,,,,,Y,,FRONT,,,,,,,,,,,,,,,,,,,,,,,,,,,,,,,,,
2109736,d12e4dd3ac466208baf0dc40ec92215e6f38dafa86e74dd043ef136157b6f4f74e753239b352f0774b1b6bf15e605c7a4b8684169a7991454f79e73050628f70,07/19/2025 12:00:00 AM,2,PEDESTRIAN,,,,,,,,,,,,,,,,,,,,,,,,,,,,,,,,,,,,,,,,,,,,,,,,,,,,,,,,,,,,,,,,,,
2109676,324cb266a0e5733454386ff05f8f41703f99f87f2d2d702dd4fb167ea5affff081b2dc0fdd1f4ac75185f11f9e71e489640e7bf4be9651b4a09c12cf91a5f46c,07/18/2025 11:50:00 PM,1,DRIVER,,2011187,,DODGE,RAM 1500 PU,IL,2022,UNKNOWN,PICKUP,UNKNOWN/NA,N,UNKNOWN/NA,,,1,,,,,Y,,,,,,,,,,,,,FRONT-RIGHT-CORNER,,,,,,,,,,,,,,,,,,,,,,,,,,,,,,,,,
2109677,324cb266a0e5733454386ff05f8f41703f99f87f2d2d702dd4fb167ea5affff081b2dc0fdd1f4ac75185f11f9e71e489640e7bf4be9651b4a09c12cf91a5f46c,07/18/2025 11:50:00 PM,2,DRIVER,,2011189,,TOYOTA,AVALON,,,UNKNOWN,PASSENGER,PERSONAL,N,SLOW/STOP IN TRAFFIC,,,1,,,,,,,,,,,Y,,,,,,,REAR-LEFT-CORNER,,,,,,,,,,,,,,,,,,,,,,,,,,,,,,,,,
2109662,8dff4fd9dad5149924b29a2b6a044554e07e37927596a7dbc1de491e57930f35fed9aa37388532e622ec34d631fd5eb2e5a509ce845f3a5299c2d9b97f80f1e5,07/18/2025 11:46:00 PM,1,DRIVER,,2011173,,GENERAL MOTORS CORPORATION (GMC),SIERRA,IL,2017,UNKNOWN,PICKUP,PERSONAL,E,LEAVING TRAFFIC LANE TO PARK,,,1,,,,Y,,,,,,,,,,,,,,REAR,,,,,,,,,,,,,,,,,,,,,,,,,,,,,,,,,
2109673,8dff4fd9dad5149924b29a2b6a044554e07e37927596a7dbc1de491e57930f35fed9aa37388532e622ec34d631fd5eb2e5a509ce845f3a5299c2d9b97f80f1e5,07/18/2025 11:46:00 PM,2,PEDESTRIAN,,,,,,,,,,,,,,,,,,,,,,,,,,,,,,,,,,,,,,,,,,,,,,,,,,,,,,,,,,,,,,,,,,
2109663,7d87e0891b075b589cf942f2a9a5b3e61b944c56aac64985a44bd1f7da6fbaf3bc15a85e6e423a7f642cee83014a077b53bdf7ce5ffbaeb6ba8e719dc035b2b7,07/18/2025 11:30:00 PM,1,DRIVER,,2011175,,CHEVROLET,OTHER (EXPLAIN IN NARRATIVE),IL,2008,UNKNOWN,PASSENGER,PERSONAL,E,STRAIGHT AHEAD,,,1,,,,,,,,,,,,,,,,Y,,FRONT,,,,,,,,,,,,,,,,,,,,,,,,,,,,,,,,,
2109664,7d87e0891b075b589cf942f2a9a5b3e61b944c56aac64985a44bd1f7da6fbaf3bc15a85e6e423a7f642cee83014a077b53bdf7ce5ffbaeb6ba8e719dc035b2b7,07/18/2025 11:30:00 PM,2,DRIVER,,2011186,,HYUNDAI,SANTA FE,IL,2013,UNKNOWN,PASSENGER,PERSONAL,E,STRAIGHT AHEAD,,,1,,,,,,,,,,,,,,,,,Y,REAR,,,,,,,,,,,,,,,,,,,,,,,,,,,,,,,,,
2111084,b4afca0b32664e98053eeb1eb216c94f4a67b478644d5180c704d742b87873df48ec9dd5c95f2f4e5a2c38ac1cc4090836cea9f6dd27ffbe6f7a26238761eda8,07/18/2025 11:30:00 PM,1,DRIVER,,2012521,,CHEVROLET,TAHOE,,,UNKNOWN,SPORT UTILITY VEHICLE (SUV),UNKNOWN/NA,W,STRAIGHT AHEAD,,,1,,,,,Y,,,,,,,,,,,,,FRONT-RIGHT-CORNER,,,,,,,,,,,,,,,,,,,,,,,,,,,,,,,,,
2111085,b4afca0b32664e98053eeb1eb216c94f4a67b478644d5180c704d742b87873df48ec9dd5c95f2f4e5a2c38ac1cc4090836cea9f6dd27ffbe6f7a26238761eda8,07/18/2025 11:30:00 PM,2,PARKED,,2012522,,BUICK,LACROSSE,IL,2014,UNKNOWN,PASSENGER,PERSONAL,W,PARKED,,,0,,,,,,,,,,,,,Y,Y,Y,,,SIDE-LEFT,,,,,,,,,,,,,,,,,,,,,,,,,,,,,,,,,
2109648,2858093ce55a58edffee545530494a668d151159e0c217bab288b932eae61dfceccc6cb4de2da12d3da162b0889e7097c2b86b04a857d3666a82c9bb15053ecc,07/18/2025 11:20:00 PM,1,DRIVER,,2011158,,UNKNOWN,OTHER (EXPLAIN IN NARRATIVE),IL,,UNKNOWN,UNKNOWN/NA,UNKNOWN/NA,UNKNOWN,UNKNOWN/NA,,,1,,,,,,,,,,,,,,,,,,UNKNOWN,,,,,,,,,,,,,,,,,,,,,,,,,,,,,,,,,
2109649,2858093ce55a58edffee545530494a668d151159e0c217bab288b932eae61dfceccc6cb4de2da12d3da162b0889e7097c2b86b04a857d3666a82c9bb15053ecc,07/18/2025 11:20:00 PM,2,PARKED,,2011160,,CHEVROLET,EQUINOX,IL,,UNKNOWN,PASSENGER,NOT IN USE,W,PARKED,Y,,0,,private,,,,,,,,,Y,Y,Y,Y,,,,UNKNOWN,,,,,,,,,,,,,,,,,,,,,,,,,,,,,,,,,
2109733,5e53e39c3f77f5ff1542a0ca376b2c68bd161ff28256ba7e2180a08d5151dabe459c40e9ee3f51d24c1055453b3597be99190a18d101aeb46710109d9d8ce287,07/18/2025 11:20:00 PM,1,DRIVER,,2011243,,UNKNOWN,OTHER (EXPLAIN IN NARRATIVE),,,UNKNOWN,UNKNOWN/NA,UNKNOWN/NA,N,STRAIGHT AHEAD,,,1,,,,,Y,,,,,,,,,,Y,Y,,UNKNOWN,,,,,,,,,,,,,,,,,,,,,,,,,,,,,,,,,
2109734,5e53e39c3f77f5ff1542a0ca376b2c68bd161ff28256ba7e2180a08d5151dabe459c40e9ee3f51d24c1055453b3597be99190a18d101aeb46710109d9d8ce287,07/18/2025 11:20:00 PM,2,PEDESTRIAN,,,,,,,,,,,,,,,,,,,,,,,,,,,,,,,,,,,,,,,,,,,,,,,,,,,,,,,,,,,,,,,,,,
2109658,61116cda26ddb84476459e1848eb916e6749ae310a498371e77dd96ec8643a0f19861d74ea5fcc5d9dc3e090fcd96d98a1f27e29b98aef269d2755c5725e69db,07/18/2025 11:16:00 PM,1,DRIVER,,2011166,,JEEP,WAGONEER,IL,2023,UNKNOWN,SPORT UTILITY VEHICLE (SUV),PERSONAL,S,STRAIGHT AHEAD,,,1,,,,,,,,,,,,,,,,,,FRONT-RIGHT-CORNER,,,,,,,,,,,,,,,,,,,,,,,,,,,,,,,,,
2109659,61116cda26ddb84476459e1848eb916e6749ae310a498371e77dd96ec8643a0f19861d74ea5fcc5d9dc3e090fcd96d98a1f27e29b98aef269d2755c5725e69db,07/18/2025 11:16:00 PM,2,DRIVER,,2011169,,HONDA,ACCORD,IL,2021,NONE,PASSENGER,PERSONAL,S,CHANGING LANES,,,1,,,,,,,,,,,,,,,,,,SIDE-LEFT,,,,,,,,,,,,,,,,,,,,,,,,,,,,,,,,,
2109650,006e6cb8786cf311d43f007a0c6e713d8024092582f6070798e617a6347e121d9fbd225b6a013f0a40688df5f1fcfa89dc97c378f61f617295e8614ebddeeeca,07/18/2025 11:05:00 PM,1,DRIVER,,2011163,,BUICK,LACROSSE,IL,2006,UNKNOWN,PASSENGER,PERSONAL,W,TURNING LEFT,,,1,,,,,,,,,,,,,,N,Y,Y,,FRONT-LEFT-CORNER,,,,,,,,,,,,,,,,,,,,,,,,,,,,,,,,,
2109651,006e6cb8786cf311d43f007a0c6e713d8024092582f6070798e617a6347e121d9fbd225b6a013f0a40688df5f1fcfa89dc97c378f61f617295e8614ebddeeeca,07/18/2025 11:05:00 PM,2,DRIVER,,2011167,,HONDA,CR-V,IL,2018,UNKNOWN,PASSENGER,PERSONAL,E,STRAIGHT AHEAD,,,1,,,,,,,,,,,,Y,Y,Y,,,,SIDE-LEFT,,,,,,,,,,,,,,,,,,,,,,,,,,,,,,,,,
2110301,29c436b1ac36ca992315beb45221d5164e9d097930a376a565d2b87408e1999193d151db1614c590c0088c6695b61825a0c980ecf73398d8b98d12f8d9b4e1c5,07/18/2025 11:00:00 PM,1,DRIVER,1,2011795,,FORD,FOCUS,IN,2012,UNKNOWN,PASSENGER,UNKNOWN/NA,S,STRAIGHT AHEAD,,,2,,,,,Y,,,,,,,,,,Y,Y,,FRONT,,,,,,,,,,,,,,,,,,,,,,,,,,,,,,,,,
2110302,29c436b1ac36ca992315beb45221d5164e9d097930a376a565d2b87408e1999193d151db1614c590c0088c6695b61825a0c980ecf73398d8b98d12f8d9b4e1c5,07/18/2025 11:00:00 PM,2,DRIVER,1,2011797,,NISSAN,VERSA,IL,,UNKNOWN,UNKNOWN/NA,UNKNOWN/NA,S,UNKNOWN/NA,,,2,,,,,,,,,,,,,,,,,,REAR,,,,,,,,,,,,,,,,,,,,,,,,,,,,,,,,,
2109864,3fb2c1f2ca2113a1217115d537f05fe90d1bd60b395ef2888473b897d2cc7394c9a2883a8d1429f76092cd31fb79dc252062d476f1e150fbdc1c2b4347a5ddaf,07/18/2025 11:00:00 PM,1,DRIVER,,2011369,,UNKNOWN,MOTORIZED,IL,,UNKNOWN,PASSENGER,UNKNOWN/NA,E,STRAIGHT AHEAD,,,1,,,,,Y,,,,,,,,,,,Y,,FRONT,,,,,,,,,,,,,,,,,,,,,,,,,,,,,,,,,
2109865,3fb2c1f2ca2113a1217115d537f05fe90d1bd60b395ef2888473b897d2cc7394c9a2883a8d1429f76092cd31fb79dc252062d476f1e150fbdc1c2b4347a5ddaf,07/18/2025 11:00:00 PM,2,DRIVER,,2011376,,CHEVROLET,CRUZE,IL,2016,NONE,PASSENGER,PERSONAL,E,TURNING RIGHT,Y,,1,,owner,unk,,,,,,,,,,,Y,Y,,,SIDE-LEFT-FRONT,,,,,,,,,,,,,,,,,,,,,,,,,,,,,,,,,
2111706,4f4a971a7f58608a9f26dfbaaf26ca65f78c86df6ab611f03679362ec8c9a5b98f8180c77a00e9e1ff2621575ab2b14918e0924f51f41b302507b5a63178eb5e,07/18/2025 11:00:00 PM,1,DRIVER,,2013108,,UNKNOWN,MOTORIZED,IL,,UNKNOWN,PICKUP,UNKNOWN/NA,W,STRAIGHT AHEAD,,,1,,,,,,,,,,,,,,,,,Y,FRONT-RIGHT-CORNER,,,,,,,,,,,,,,,,,,,,,,,,,,,,,,,,,
2111707,4f4a971a7f58608a9f26dfbaaf26ca65f78c86df6ab611f03679362ec8c9a5b98f8180c77a00e9e1ff2621575ab2b14918e0924f51f41b302507b5a63178eb5e,07/18/2025 11:00:00 PM,2,PARKED,,2013110,,HONDA,ODYSSEY,IL,2022,NONE,VAN/MINI-VAN,PERSONAL,W,PARKED,,,0,,,,,,,,,,N,Y,,,,,,,REAR-LEFT-CORNER,,,,,,,,,,,,,,,,,,,,,,,,,,,,,,,,,
2116305,868dc9c14f0fb21e3f6a7db8beaabb81522ce80b7aecd6dd823327871e6c85758995dcedc8cd9328449275fbe5e2d111b97aa8eee301a9678462b5e13aad7266,07/18/2025 11:00:00 PM,1,DRIVER,,2017596,,NISSAN,ROGUE,,2018,UNKNOWN,SPORT UTILITY VEHICLE (SUV),UNKNOWN/NA,W,STRAIGHT AHEAD,,,1,,,,,,,,,,,,,,,,Y,,FRONT,,,,,,,,,,,,,,,,,,,,,,,,,,,,,,,,,
2116306,868dc9c14f0fb21e3f6a7db8beaabb81522ce80b7aecd6dd823327871e6c85758995dcedc8cd9328449275fbe5e2d111b97aa8eee301a9678462b5e13aad7266,07/18/2025 11:00:00 PM,2,DRIVER,,2017607,,JEEP,CHEROKEE,IL,2021,UNKNOWN,SPORT UTILITY VEHICLE (SUV),PERSONAL,W,STRAIGHT AHEAD,,,1,,,,,,,,,,,,,,,,,,REAR,,,,,,,,,,,,,,,,,,,,,,,,,,,,,,,,,
2110254,0a3e779a69442e54c9328136ecab3549ba630e60e7140716480daea80d6cb961a3af1f2306ea6051012018feef80cdbe041bc8bcd3893d7b44bec096447be5ea,07/18/2025 10:45:00 PM,1,DRIVER,,2011751,,TOYOTA,CAMRY,IL,2010,NONE,PASSENGER,PERSONAL,E,STRAIGHT AHEAD,,,1,,,,,,,,,N,N,N,,,,,Y,,FRONT,,,,,,,,,,,,,,,,,,,,,,,,,,,,,,,,,
2110255,0a3e779a69442e54c9328136ecab3549ba630e60e7140716480daea80d6cb961a3af1f2306ea6051012018feef80cdbe041bc8bcd3893d7b44bec096447be5ea,07/18/2025 10:45:00 PM,2,DRIVER,,2011757,,TOYOTA,PRIUS,IL,2012,NONE,PASSENGER,PERSONAL,E,STRAIGHT AHEAD,,,1,,,,,,,,,Y,Y,Y,,,,,,,REAR,,,,,,,,,,,,,,,,,,,,,,,,,,,,,,,,,
2109637,73843e1fa237d95de26ddc9ac1645a5a653243d2d0571635e94ff65772068fc3aa0ab1adc9204239ec4f3d278dcdae86f2d0a31e250bb0e728265444b519eefd,07/18/2025 10:30:00 PM,1,DRIVER,1,2011152,,JEEP,JEEP,IL,,NONE,SPORT UTILITY VEHICLE (SUV),UNKNOWN/NA,N,PASSING/OVERTAKING,,,2,,,,,Y,Y,Y,Y,Y,,,,,,,,N,SIDE-RIGHT,,,,,,,,,,,,,,,,,,,,,,,,,,,,,,,,,
2109638,73843e1fa237d95de26ddc9ac1645a5a653243d2d0571635e94ff65772068fc3aa0ab1adc9204239ec4f3d278dcdae86f2d0a31e250bb0e728265444b519eefd,07/18/2025 10:30:00 PM,2,DRIVER,,2011156,,CHEVROLET,CRUZE,IL,2018,NONE,PASSENGER,PERSONAL,N,STRAIGHT AHEAD,,,1,,,,,,,,,,,,,,Y,Y,,,SIDE-RIGHT-REAR,,,,,,,,,,,,,,,,,,,,,,,,,,,,,,,,,
2109642,bd489bdb4b3f2ea9c89dd42d8ef1f05798f8f4eb4cdb3f7f3d28b50b0e8ac6fe418568bec98eb9c1193ee09093d73430d39cf828a30aadeff9ce2dec64ea0caf,07/18/2025 10:29:00 PM,2,DRIVER,,2011157,Y,NOVA BUS,LFS,IL,2023,NONE,BUS OVER 15 PASS.,STATE OWNED,W,TURNING LEFT,,,1,,,,,,,,,,,,N,Y,,,,,SIDE-LEFT,,,,,,,,,,,,,,,,,,,,,,,,,,,,,,,,,
2109643,bd489bdb4b3f2ea9c89dd42d8ef1f05798f8f4eb4cdb3f7f3d28b50b0e8ac6fe418568bec98eb9c1193ee09093d73430d39cf828a30aadeff9ce2dec64ea0caf,07/18/2025 10:29:00 PM,1,DRIVER,,2011161,,CHRYSLER,VOYAGER,IN,2021,NONE,PASSENGER,PERSONAL,W,TURNING LEFT,,,1,,,,,Y,Y,,,,,,,,,,,,FRONT-RIGHT-CORNER,,,,,,,,,,,,,,,,,,,,,,,,,,,,,,,,,
2109656,5c7d77d173635c4d9a0a6c917eb0dce7f34abe72122f3ee53b73724fcac0414c8af0af36fdcf49b7e1953a74658277da598339430fdc7ce037ff618a36c590eb,07/18/2025 10:25:00 PM,1,DRIVER,,2011204,,YAMAHA,YAMAHA,IL,2002,NONE,MOTORCYCLE (OVER 150CC),PERSONAL,W,STRAIGHT AHEAD,Y,,1,,CITY OF CHICAGO,103RD AND DOTY,,Y,Y,Y,Y,Y,Y,,,,,,,,SIDE-RIGHT,,,,,,,,,,,,,,,,,,,,,,,,,,,,,,,,,
2109657,5c7d77d173635c4d9a0a6c917eb0dce7f34abe72122f3ee53b73724fcac0414c8af0af36fdcf49b7e1953a74658277da598339430fdc7ce037ff618a36c590eb,07/18/2025 10:25:00 PM,2,DRIVER,1,2011206,,UNKNOWN,OTHER (EXPLAIN IN NARRATIVE),IL,,NONE,PASSENGER,PERSONAL,S,TURNING LEFT,,,2,,,,,,,,,,,,,,,,,Y,UNKNOWN,,,,,,,,,,,,,,,,,,,,,,,,,,,,,,,,,
2109626,bdc3fc2016504e54e9bb54a7f634f66016357b8f4778d0c4c7b51a842e3b9fa2120b0f9c46ad5a9cee7758fe04c5f469112214b2c9a5f0852a77451c02673394,07/18/2025 10:20:00 PM,1,DRIVER,,2011139,,HONDA,CR-V,IL,2011,NONE,SPORT UTILITY VEHICLE (SUV),PERSONAL,S,STRAIGHT AHEAD,,,1,,,,,,,,,,,,,,,,Y,,FRONT,,,,,,,,,,,,,,,,,,,,,,,,,,,,,,,,,
2109627,bdc3fc2016504e54e9bb54a7f634f66016357b8f4778d0c4c7b51a842e3b9fa2120b0f9c46ad5a9cee7758fe04c5f469112214b2c9a5f0852a77451c02673394,07/18/2025 10:20:00 PM,2,DRIVER,1,2011144,,MERCEDES-BENZ,350 SERIES,IL,2014,NONE,PASSENGER,PERSONAL,SE,SLOW/STOP IN TRAFFIC,,,2,,,,,,,,,,Y,,,,,,,,REAR,,,,,,,,,,,,,,,,,,,,,,,,,,,,,,,,,
2109606,be7a9d0be5f780c83ba52b5fb3483c8b902ebd87feb835049e8b274103dffed4483c561fad0b872138213ad225ebcbe4359fc20d4af885e4eaebd61907cd0cf5,07/18/2025 10:17:00 PM,2,DRIVER,,2011119,,GENERAL MOTORS CORPORATION (GMC),OTHER (EXPLAIN IN NARRATIVE),IL,2012,NONE,PASSENGER,PERSONAL,N,STRAIGHT AHEAD,,,1,,,,,,,,,,,,,,Y,Y,Y,,FRONT-LEFT-CORNER,,,,,,,,,,,,,,,,,,,,,,,,,,,,,,,,,
2109607,be7a9d0be5f780c83ba52b5fb3483c8b902ebd87feb835049e8b274103dffed4483c561fad0b872138213ad225ebcbe4359fc20d4af885e4eaebd61907cd0cf5,07/18/2025 10:17:00 PM,1,PEDESTRIAN,,,,,,,,,,,,,,,,,,,,,,,,,,,,,,,,,,,,,,,,,,,,,,,,,,,,,,,,,,,,,,,,,,
2109688,d725969f49e48185303de5ac7886ae6734a9ca879f052853b2c83b73e09622356bf1e59881453eaf4721047079b97e2c12dc4483d785e777ec68974325b9e57d,07/18/2025 10:15:00 PM,1,DRIVER,,2011197,,"DELPHI BODY WORK, INC","DELPHI BODY WORK, INC",IL,,NONE,OTHER,PERSONAL,W,STRAIGHT AHEAD,Y,,1,,E& R,POUND 2,,Y,,,,,,,,,,Y,Y,,FRONT,,,,,,,,,,,,,,,,,,,,,,,,,,,,,,,,,
2109689,d725969f49e48185303de5ac7886ae6734a9ca879f052853b2c83b73e09622356bf1e59881453eaf4721047079b97e2c12dc4483d785e777ec68974325b9e57d,07/18/2025 10:15:00 PM,2,PARKED,,2011200,,DODGE,MAGNUM,IL,2006,NONE,PASSENGER,PERSONAL,UNKNOWN,PARKED,,,0,,,,,,,,,Y,Y,Y,,,,,,,REAR,,,,,,,,,,,,,,,,,,,,,,,,,,,,,,,,,
2109646,0fd0ddf8f817a7496086e54823a1d5eedb409bbac4de013011a6c7cc4fdbe97c90bc314913a38a14539bf4386d6e5dcfc8a7f91f582909628ee9e728b51879b2,07/18/2025 10:00:00 PM,1,DRIVER,,2011159,,NISSAN,SENTRA,IL,,NONE,PASSENGER,PERSONAL,E,PASSING/OVERTAKING,,,1,,,,,Y,,,,,,,,,,,,,FRONT-RIGHT-CORNER,,,,,,,,,,,,,,,,,,,,,,,,,,,,,,,,,
2109647,0fd0ddf8f817a7496086e54823a1d5eedb409bbac4de013011a6c7cc4fdbe97c90bc314913a38a14539bf4386d6e5dcfc8a7f91f582909628ee9e728b51879b2,07/18/2025 10:00:00 PM,2,DRIVER,,2011162,,KIA,SPORTAGE,FL,2024,NONE,PASSENGER,PERSONAL,E,TURNING LEFT,,,1,,,,Y,,,,,,,Y,Y,,,,,,SIDE-LEFT-REAR,,,,,,,,,,,,,,,,,,,,,,,,,,,,,,,,,
2109696,89b224b28304b5c88deed1a8278a4762973ac52afa5c8be07f06c5158bc570f5f60c7a6aa6d53a5bdb8928f6c9de629e4602b81e6301ae235b8cb8ad79865085,07/18/2025 10:00:00 PM,1,DRIVER,,2011209,,TOYOTA,TACOMA,IL,2007,UNKNOWN,PASSENGER,PERSONAL,S,STRAIGHT AHEAD,Y,,1,,private,,,,,,,,,,,,,Y,Y,,FRONT,,,,,,,,,,,,,,,,,,,,,,,,,,,,,,,,,
2109697,89b224b28304b5c88deed1a8278a4762973ac52afa5c8be07f06c5158bc570f5f60c7a6aa6d53a5bdb8928f6c9de629e4602b81e6301ae235b8cb8ad79865085,07/18/2025 10:00:00 PM,2,DRIVER,,2011215,,SCION,XA,IL,2005,UNKNOWN,PASSENGER,PERSONAL,S,STRAIGHT AHEAD,,,1,,,,,,,,,Y,Y,,,,,,,,REAR,,,,,,,,,,,,,,,,,,,,,,,,,,,,,,,,,
2110032,b4ebc6e3199babad765d43ce8a530e78038e87999af5e506e01876585bbd1f7a65baf89f6b44d598ef571235ec2b1375a3c99fa42110846c030b6cc6bd85f8bf,07/18/2025 10:00:00 PM,1,DRIVER,,2011528,,BUICK,ENCORE,IL,2015,UNKNOWN,SPORT UTILITY VEHICLE (SUV),PERSONAL,UNKNOWN,STRAIGHT AHEAD,,,1,,,,,,,,,,,,,,,,Y,,FRONT,,,,,,,,,,,,,,,,,,,,,,,,,,,,,,,,,
2110033,b4ebc6e3199babad765d43ce8a530e78038e87999af5e506e01876585bbd1f7a65baf89f6b44d598ef571235ec2b1375a3c99fa42110846c030b6cc6bd85f8bf,07/18/2025 10:00:00 PM,2,DRIVER,,2011532,,TOYOTA,PRIUS,IL,2010,UNKNOWN,PASSENGER,PERSONAL,UNKNOWN,STRAIGHT AHEAD,,,1,,,,,,,,,,Y,,,,,,,,REAR,,,,,,,,,,,,,,,,,,,,,,,,,,,,,,,,,
2109608,f3c342e027644b93f84be006bd54d71083efc2e6adf906d8b06633695e2c4a8f66e54b19dbe4871eda9d9a4811d0a61a2ad9e15019adcf14bbb1ac7e385adbc4,07/18/2025 09:40:00 PM,1,DRIVER,,2011122,,HONDA,RIDGELINE,OH,2023,NONE,PASSENGER,PERSONAL,W,STRAIGHT AHEAD,,,1,,,,,,,,,,,,,,Y,Y,,,FRONT-LEFT-CORNER,,,,,,,,,,,,,,,,,,,,,,,,,,,,,,,,,
2109609,f3c342e027644b93f84be006bd54d71083efc2e6adf906d8b06633695e2c4a8f66e54b19dbe4871eda9d9a4811d0a61a2ad9e15019adcf14bbb1ac7e385adbc4,07/18/2025 09:40:00 PM,2,DRIVER,,2011136,,HYUNDAI,SONATA,IL,2008,NONE,PASSENGER,PERSONAL,W,STRAIGHT AHEAD,,,1,,,,,Y,Y,,,,,,,,,,,,FRONT-RIGHT-CORNER,,,,,,,,,,,,,,,,,,,,,,,,,,,,,,,,,
2109612,ee1f49895caca89ce575b58a2a6261ff191f033a10a8f6965844e10ed2a0334b9d4b8b65f4c125c6f6a997786c4485d5e11a14486932c32e7cae6a05d60246c9,07/18/2025 09:31:00 PM,1,DRIVER,,2011123,,NISSAN,ROGUE,IL,2023,UNKNOWN,PASSENGER,PERSONAL,E,TURNING RIGHT,Y,,1,,UNKNOWN,UNKNOWN,,Y,,,,,,,,,Y,Y,Y,,FRONT-LEFT-CORNER,,,,,,,,,,,,,,,,,,,,,,,,,,,,,,,,,