CRASH_UNIT_ID,CRASH_RECORD_ID,CRASH_DATE,UNIT_NO,UNIT_TYPE,NUM_PASSENGERS,VEHICLE_ID,CMRC_VEH_I,MAKE,MODEL,LIC_PLATE_STATE,VEHICLE_YEAR,VEHICLE_DEFECT,VEHICLE_TYPE,VEHICLE_USE,TRAVEL_DIRECTION,MANEUVER,TOWED_I,FIRE_I,OCCUPANT_CNT,EXCEED_SPEED_LIMIT_I,TOWED_BY,TOWED_TO,AREA_00_I,AREA_01_I,AREA_02_I,AREA_03_I,AREA_04_I,AREA_05_I,AREA_06_I,AREA_07_I,AREA_08_I,AREA_09_I,AREA_10_I,AREA_11_I,AREA_12_I,AREA_99_I,FIRST_CONTACT_POINT,CMV_ID,USDOT_NO,CCMC_NO,ILCC_NO,COMMERCIAL_SRC,GVWR,CARRIER_NAME,CARRIER_STATE,CARRIER_CITY,HAZMAT_PLACARDS_I,HAZMAT_NAME,UN_NO,HAZMAT_PRESENT_I,HAZMAT_REPORT_I,HAZMAT_REPORT_NO,MCS_REPORT_I,MCS_REPORT_NO,HAZMAT_VIO_CAUSE_CRASH_I,MCS_VIO_CAUSE_CRASH_I,IDOT_PERMIT_NO,WIDE_LOAD_I,TRAILER1_WIDTH,TRAILER2_WIDTH,TRAILER1_LENGTH,TRAILER2_LENGTH,TOTAL_VEHICLE_LENGTH,AXLE_CNT,VEHICLE_CONFIG,CARGO_BODY_TYPE,LOAD_TYPE,HAZMAT_OUT_OF_SERVICE_I,MCS_OUT_OF_SERVICE_I,HAZMAT_CLASS
2109613,ee1f49895caca89ce575b58a2a6261ff191f033a10a8f6965844e10ed2a0334b9d4b8b65f4c125c6f6a997786c4485d5e11a14486932c32e7cae6a05d60246c9,07/18/2025 09:31:00 PM,2,DRIVER,,2011132,,HONDA,PILOT,IL,2012,UNKNOWN,PASSENGER,PERSONAL,N,SLOW/STOP IN TRAFFIC,,,1,,,,,Y,Y,,,,,,,,,,,,FRONT-RIGHT-CORNER,,,,,,,,,,,,,,,,,,,,,,,,,,,,,,,,,
2109629,2c1ad4a29429e183d18a2399f136b4f3bc310c9333c2abf5d89f590b60f25c762865dbf49f2d35c3526546fb00ed914c518ffb5b8c7ab221304569fd45fc2a15,07/18/2025 09:30:00 PM,1,DRIVER,,2011142,,UNKNOWN,MOTORIZED,IL,,UNKNOWN,PASSENGER,UNKNOWN/NA,S,ENTER FROM DRIVE/ALLEY,,,1,,,,,,,,,,,,,,,,,Y,FRONT,,,,,,,,,,,,,,,,,,,,,,,,,,,,,,,,,
2109630,2c1ad4a29429e183d18a2399f136b4f3bc310c9333c2abf5d89f590b60f25c762865dbf49f2d35c3526546fb00ed914c518ffb5b8c7ab221304569fd45fc2a15,07/18/2025 09:30:00 PM,2,DRIVER,2,2011145,,MAZDA,TRIBUTE,IL,2001,NONE,SPORT UTILITY VEHICLE (SUV),PERSONAL,W,STRAIGHT AHEAD,,,3,,,,,,,Y,,,,,,,,,,,SIDE-RIGHT,,,,,,,,,,,,,,,,,,,,,,,,,,,,,,,,,
2110066,c27597b208b7b30d7e00adb1e25aca5c753fcd83f6ca55c078fed31a57a2429c68804182218718ea66720ce29476764b86f488fcd4e00ef0d9a64c9cfd801ad5,07/18/2025 09:30:00 PM,1,DRIVER,,2011563,,UNKNOWN,OTHER (EXPLAIN IN NARRATIVE),,,UNKNOWN,UNKNOWN/NA,UNKNOWN/NA,E,UNKNOWN/NA,,,1,,,,,,,,,,,,,,,,,Y,UNKNOWN,,,,,,,,,,,,,,,,,,,,,,,,,,,,,,,,,
2110067,c27597b208b7b30d7e00adb1e25aca5c753fcd83f6ca55c078fed31a57a2429c68804182218718ea66720ce29476764b86f488fcd4e00ef0d9a64c9cfd801ad5,07/18/2025 09:30:00 PM,2,PARKED,,2011567,,DODGE,CHALLENGER,IL,2019,NONE,PASSENGER,PERSONAL,E,PARKED,,,0,,,,,,,,,,,Y,Y,Y,Y,Y,,,UNKNOWN,,,,,,,,,,,,,,,,,,,,,,,,,,,,,,,,,
2109654,cfc45b3642688fe93864cb75592dd46c3ed6c5682acefd25f0ed6d6f851c59ac7cf56b606a86d69e430d4ce7894fb2bc294913dc916f8144c7f62648b23d128d,07/18/2025 09:30:00 PM,1,DRIVER,,2011178,,HYUNDAI,ELANTRA,IL,2013,NONE,PASSENGER,PERSONAL,E,STRAIGHT AHEAD,,,1,,,,,,,,,,,,,,,,Y,,FRONT,,,,,,,,,,,,,,,,,,,,,,,,,,,,,,,,,
2109655,cfc45b3642688fe93864cb75592dd46c3ed6c5682acefd25f0ed6d6f851c59ac7cf56b606a86d69e430d4ce7894fb2bc294913dc916f8144c7f62648b23d128d,07/18/2025 09:30:00 PM,2,DRIVER,,2011168,,CHEVROLET,CRUZE,IL,2013,NONE,PASSENGER,PERSONAL,E,STRAIGHT AHEAD,,,1,,,,,,,,,N,Y,N,,,,,N,,REAR,,,,,,,,,,,,,,,,,,,,,,,,,,,,,,,,,
2109592,9fe1ab073e7b32f481095555087fa80dd84ca20918f401409dd5a56af057f07aad8374fc9c7f28b941011443cd820848fc96ba81eaa519523c88b5627a0595ac,07/18/2025 09:29:00 PM,1,DRIVER,1,2011111,,TOYOTA,PRIUS,IL,2012,UNKNOWN,PASSENGER,UNKNOWN/NA,W,STRAIGHT AHEAD,,,2,,,,,,,,,,,,,,,,,Y,FRONT,,,,,,,,,,,,,,,,,,,,,,,,,,,,,,,,,
2109593,9fe1ab073e7b32f481095555087fa80dd84ca20918f401409dd5a56af057f07aad8374fc9c7f28b941011443cd820848fc96ba81eaa519523c88b5627a0595ac,07/18/2025 09:29:00 PM,2,DRIVER,2,2011116,,FORD,ESCAPE,CA,2010,UNKNOWN,SPORT UTILITY VEHICLE (SUV),PERSONAL,W,STRAIGHT AHEAD,,,3,,,,Y,,,,,,,,,,,,,Y,REAR,,,,,,,,,,,,,,,,,,,,,,,,,,,,,,,,,
2109602,7a79ba4ae887731f4a47c4a1b198da07e1c621457456540680f0769f9e3d048647215401c59bd4b49489c7ec019fc47a92a27d26981493f16604efa3ea093fa7,07/18/2025 09:20:00 PM,1,DRIVER,,2011124,,JEEP,CHEROKEE,IL,,UNKNOWN,PASSENGER,UNKNOWN/NA,W,UNKNOWN/NA,,,1,,,,,Y,,,,,,,,,,Y,Y,,FRONT,,,,,,,,,,,,,,,,,,,,,,,,,,,,,,,,,
2109603,7a79ba4ae887731f4a47c4a1b198da07e1c621457456540680f0769f9e3d048647215401c59bd4b49489c7ec019fc47a92a27d26981493f16604efa3ea093fa7,07/18/2025 09:20:00 PM,2,DRIVER,,2011117,,MERCURY,COUGAR,IL,1997,NONE,PASSENGER,PERSONAL,W,STRAIGHT AHEAD,,,1,,,,Y,,,,,,,,,,,,,,REAR,,,,,,,,,,,,,,,,,,,,,,,,,,,,,,,,,
2109614,bacf775dcc8b925de7f8474eb2a48c6c44ffe26fc106169de21d3e19f68fcbf1e8b6749185ad10b97572d6c13eb8ecefaff53eed8f706b9c5840adc3ccc2b573,07/18/2025 09:20:00 PM,1,DRIVER,,2011127,,UNKNOWN,OTHER (EXPLAIN IN NARRATIVE),,,NONE,UNKNOWN/NA,PERSONAL,UNKNOWN,UNKNOWN/NA,,,1,,,,,,,,,,,,,,,,,Y,UNKNOWN,,,,,,,,,,,,,,,,,,,,,,,,,,,,,,,,,
2109615,bacf775dcc8b925de7f8474eb2a48c6c44ffe26fc106169de21d3e19f68fcbf1e8b6749185ad10b97572d6c13eb8ecefaff53eed8f706b9c5840adc3ccc2b573,07/18/2025 09:20:00 PM,2,PARKED,,2011125,,NISSAN,ROGUE,IL,2013,NONE,SPORT UTILITY VEHICLE (SUV),PERSONAL,N,PARKED,,,0,,,,,,,,,,,,,,,Y,,,FRONT-LEFT-CORNER,,,,,,,,,,,,,,,,,,,,,,,,,,,,,,,,,
2109624,bfa1615e09c8e2cc3d7804f6d1912ac18849799a708fc62799e47e8c827b6c6de040569c42cb9c10444736211fe73de3816540a6cae39120b12bb1f253561233,07/18/2025 09:20:00 PM,1,DRIVER,,2011133,,CADILLAC,CTS,IL,2008,UNKNOWN,PASSENGER,PERSONAL,S,STRAIGHT AHEAD,Y,,1,,owner,unk,,Y,,,,,,,,,,Y,Y,,FRONT,,,,,,,,,,,,,,,,,,,,,,,,,,,,,,,,,
2109625,bfa1615e09c8e2cc3d7804f6d1912ac18849799a708fc62799e47e8c827b6c6de040569c42cb9c10444736211fe73de3816540a6cae39120b12bb1f253561233,07/18/2025 09:20:00 PM,2,DRIVER,1,2011138,,CHRYSLER,200,IN,2014,UNKNOWN,PASSENGER,PERSONAL,E,STRAIGHT AHEAD,Y,,2,,owner,unk,,,,,,,,,,,,Y,Y,,FRONT-LEFT-CORNER,,,,,,,,,,,,,,,,,,,,,,,,,,,,,,,,,
2128189,e8b35b8d138d0f9eedc6c95680fe93275f5be0b20560139ccbce43b18e8b1568a3500e2ae7a4e3e886c3a7d7f9d501c9b80c697a02a3bdc0590a22ecc2aa34db,07/18/2025 09:19:00 PM,1,DRIVER,,2028786,,KAWASAKI,MOTORCYCLE,,,UNKNOWN,MOTORCYCLE (OVER 150CC),PERSONAL,W,STRAIGHT AHEAD,,,1,,,,,,,,,,,,,,,,Y,,OTHER,,,,,,,,,,,,,,,,,,,,,,,,,,,,,,,,,
2128190,e8b35b8d138d0f9eedc6c95680fe93275f5be0b20560139ccbce43b18e8b1568a3500e2ae7a4e3e886c3a7d7f9d501c9b80c697a02a3bdc0590a22ecc2aa34db,07/18/2025 09:19:00 PM,2,DRIVER,1,2028787,,NISSAN,VERSA,IL,,UNKNOWN,PASSENGER,PERSONAL,E,TURNING LEFT,,,2,,,,,,,,,,,,,,,Y,Y,,FRONT,,,,,,,,,,,,,,,,,,,,,,,,,,,,,,,,,
2110516,80d826d64209d030e9ffd237b5a66cc2e50b7bc7efa086ea6797c24e99181301bccbe93b224566e056605ee4ef9ffc0d4699e3eefd4d9105b3fb57edf7cf7e57,07/18/2025 09:13:00 PM,1,BICYCLE,,,,,,,,,,,,,,,,,,,,,,,,,,,,,,,,,,,,,,,,,,,,,,,,,,,,,,,,,,,,,,,,,,
2110517,80d826d64209d030e9ffd237b5a66cc2e50b7bc7efa086ea6797c24e99181301bccbe93b224566e056605ee4ef9ffc0d4699e3eefd4d9105b3fb57edf7cf7e57,07/18/2025 09:13:00 PM,2,DRIVER,,2011982,,INFINITI,G25,,,UNKNOWN,PASSENGER,RIDESHARE SERVICE,NW,STARTING IN TRAFFIC,,,1,,,,,,,,,,,,,,,,,,OTHER,,,,,,,,,,,,,,,,,,,,,,,,,,,,,,,,,
2128197,462108377bfd947ea0b4ed7ac21c0045cee2d02f24c9d8893921bc2846b435dec357bd7ae5823e44bad81670e030e5cb7007f4cf67200694827c47b9ec8664b8,07/18/2025 09:12:00 PM,1,DRIVER,1,2028797,,NISSAN,VERSA,IL,2024,UNKNOWN,PASSENGER,UNKNOWN/NA,NE,TURNING LEFT,,,2,,,,,Y,,,,,,,,,,Y,Y,,FRONT,,,,,,,,,,,,,,,,,,,,,,,,,,,,,,,,,
2128198,462108377bfd947ea0b4ed7ac21c0045cee2d02f24c9d8893921bc2846b435dec357bd7ae5823e44bad81670e030e5cb7007f4cf67200694827c47b9ec8664b8,07/18/2025 09:12:00 PM,2,DRIVER,1,2028798,,KAWASAKI,MOTORCYCLE,WI,2024,NONE,MOTORCYCLE (OVER 150CC),PERSONAL,W,STRAIGHT AHEAD,,,2,,,,,Y,Y,Y,Y,Y,,,N,N,N,Y,Y,,FRONT-LEFT-CORNER,,,,,,,,,,,,,,,,,,,,,,,,,,,,,,,,,
2109577,af11f85b2ba840ce66bd2dc8ff5bbe762a7986a57f69fa90b37ebf6aa0d4392c76b05e5850ed803e506194151991ae7a0aaacd7f10896a79457d2ef7381010f4,07/18/2025 09:05:00 PM,1,DRIVER,,2011096,,FORD,F150,IL,2005,NONE,PICKUP,UNKNOWN/NA,E,STRAIGHT AHEAD,,,1,,,,Y,,,,,,,,,,,,,,FRONT,,,,,,,,,,,,,,,,,,,,,,,,,,,,,,,,,
2109578,af11f85b2ba840ce66bd2dc8ff5bbe762a7986a57f69fa90b37ebf6aa0d4392c76b05e5850ed803e506194151991ae7a0aaacd7f10896a79457d2ef7381010f4,07/18/2025 09:05:00 PM,2,DRIVER,,2011101,,AUDI,Q5,IL,2023,NONE,PASSENGER,PERSONAL,E,SLOW/STOP IN TRAFFIC,,,1,,,,,,,,,,Y,,,,,,,,REAR,,,,,,,,,,,,,,,,,,,,,,,,,,,,,,,,,
2109575,6fb9833ac504cff8362ccb1ba1f5c585789dbb70b956ed13f9173cd7634fa4eb5c98312b8c2f09d921c0a48bab53697375824fb62b6d38cf7170f6c3001ed464,07/18/2025 09:00:00 PM,1,DRIVER,,2011095,,SUBARU,OUTBACK SPORT,,2010,UNKNOWN,PASSENGER,PERSONAL,N,TURNING RIGHT,,,1,,,,,,,,,,,,,,,Y,,,FRONT-LEFT-CORNER,,,,,,,,,,,,,,,,,,,,,,,,,,,,,,,,,
2109576,6fb9833ac504cff8362ccb1ba1f5c585789dbb70b956ed13f9173cd7634fa4eb5c98312b8c2f09d921c0a48bab53697375824fb62b6d38cf7170f6c3001ed464,07/18/2025 09:00:00 PM,2,DRIVER,,2011091,,FORD,EXPLORER,IL,,UNKNOWN,SPORT UTILITY VEHICLE (SUV),PERSONAL,E,STRAIGHT AHEAD,,,1,,,,,,,Y,Y,Y,,,,,,,,,REAR-RIGHT-CORNER,,,,,,,,,,,,,,,,,,,,,,,,,,,,,,,,,
2109622,8b6503e1aa32b26fa53416868d3416c0f852d3df46acd34fa3ece3746313f0b59b07bc6055d51a21109df7e09a4a23dfb2847fb29ac2e4edc99835e9c4aece67,07/18/2025 09:00:00 PM,1,DRIVER,,2011135,,CADILLAC,XTS,IL,2018,NONE,PASSENGER,PERSONAL,E,STRAIGHT AHEAD,,,1,,,,,Y,,,,,,,,,,Y,Y,,FRONT,,,,,,,,,,,,,,,,,,,,,,,,,,,,,,,,,
2109623,8b6503e1aa32b26fa53416868d3416c0f852d3df46acd34fa3ece3746313f0b59b07bc6055d51a21109df7e09a4a23dfb2847fb29ac2e4edc99835e9c4aece67,07/18/2025 09:00:00 PM,2,DRIVER,1,2011143,,FORD,TAURUS,IL,2003,NONE,PASSENGER,PERSONAL,S,STRAIGHT AHEAD,,,2,,,,,,,,,,Y,Y,Y,Y,,,,,SIDE-RIGHT,,,,,,,,,,,,,,,,,,,,,,,,,,,,,,,,,
2109631,60673722097a8f7bea1119bc7fcd8e31069982330bb505942aaf59496f1c600b77beabae8142bb651e3d017f8decb6d3efa9815178feb50e3328994e1b0e9c03,07/18/2025 08:53:00 PM,1,DRIVER,,2011148,,TOYOTA,BZ4X,,2023,NONE,SPORT UTILITY VEHICLE (SUV),PERSONAL,N,MERGING,,,1,,,,,,,,,,,,,,,,,,FRONT-RIGHT-CORNER,,,,,,,,,,,,,,,,,,,,,,,,,,,,,,,,,
2109632,60673722097a8f7bea1119bc7fcd8e31069982330bb505942aaf59496f1c600b77beabae8142bb651e3d017f8decb6d3efa9815178feb50e3328994e1b0e9c03,07/18/2025 08:53:00 PM,2,DRIVER,2,2011150,,BUICK,ENVISION,IL,2020,NONE,SPORT UTILITY VEHICLE (SUV),PERSONAL,N,STRAIGHT AHEAD,,,3,,,,,,,,,,,Y,,,,,,,REAR-LEFT-CORNER,,,,,,,,,,,,,,,,,,,,,,,,,,,,,,,,,
2109635,892a495773322229c58efce791f6275a55436f583b3ed2f1124bb130748459832d298639ea8fb68b9866fefd0ed457aab17d573302b764d1e481740c885e026e,07/18/2025 08:50:00 PM,1,DRIVER,,2011151,,FORD,EDGE,IL,2013,UNKNOWN,SPORT UTILITY VEHICLE (SUV),UNKNOWN/NA,E,STRAIGHT AHEAD,,,1,,,,,,,,,,,,,,Y,Y,,,SIDE-LEFT-FRONT,,,,,,,,,,,,,,,,,,,,,,,,,,,,,,,,,
2109636,892a495773322229c58efce791f6275a55436f583b3ed2f1124bb130748459832d298639ea8fb68b9866fefd0ed457aab17d573302b764d1e481740c885e026e,07/18/2025 08:50:00 PM,2,DRIVER,1,2011153,,FORD,FUSION,IL,2011,NONE,PASSENGER,PERSONAL,E,TURNING RIGHT,,,2,,,,,Y,Y,,,,,,,,,,,,FRONT-RIGHT-CORNER,,,,,,,,,,,,,,,,,,,,,,,,,,,,,,,,,
2109584,c111e0719b82dfd983ab19c683c80af1b5b52a3a230ae47a2e6123dac4e27e187c0991d66c38879a41ac07d315791033a77d9a7c8938b1fd7e8c7a312c09fd40,07/18/2025 08:50:00 PM,1,DRIVER,,2011107,,TOYOTA,HIGHLANDER,IL,2010,UNKNOWN,SPORT UTILITY VEHICLE (SUV),PERSONAL,SW,SLOW/STOP IN TRAFFIC,,,1,,,,,,,,,Y,,,,,,,,,SIDE-RIGHT-REAR,,,,,,,,,,,,,,,,,,,,,,,,,,,,,,,,,
2109585,c111e0719b82dfd983ab19c683c80af1b5b52a3a230ae47a2e6123dac4e27e187c0991d66c38879a41ac07d315791033a77d9a7c8938b1fd7e8c7a312c09fd40,07/18/2025 08:50:00 PM,2,DRIVER,1,2011108,,HONDA,CR-V,IL,2008,UNKNOWN,SPORT UTILITY VEHICLE (SUV),PERSONAL,S,SLOW/STOP IN TRAFFIC,,,2,,,,,,,,,,,,,,Y,Y,Y,,FRONT-LEFT-CORNER,,,,,,,,,,,,,,,,,,,,,,,,,,,,,,,,,
2109590,25edd0f8bbd5f9eec4b8fc68aa20e6cc5eca8fd19f846e5690271b701cee4d0002ea34ba981275eba5f7e6fd01e83222b35dc137160f8b2dec5ac6e44d0a8ab5,07/18/2025 08:45:00 PM,1,DRIVER,,2011102,,MAZDA,OTHER (EXPLAIN IN NARRATIVE),XX,,UNKNOWN,PASSENGER,PERSONAL,S,STRAIGHT AHEAD,,,1,,,,,Y,,,,,,,,,,Y,Y,,FRONT,,,,,,,,,,,,,,,,,,,,,,,,,,,,,,,,,
2109591,25edd0f8bbd5f9eec4b8fc68aa20e6cc5eca8fd19f846e5690271b701cee4d0002ea34ba981275eba5f7e6fd01e83222b35dc137160f8b2dec5ac6e44d0a8ab5,07/18/2025 08:45:00 PM,2,DRIVER,,2011106,,HYUNDAI,TUCSON,IL,2023,UNKNOWN,PASSENGER,PERSONAL,S,STRAIGHT AHEAD,,,1,,,,,,,,,Y,Y,Y,,,,,,,REAR,,,,,,,,,,,,,,,,,,,,,,,,,,,,,,,,,
2109569,53ce935669c4c1d17b83dc8268a4876e045614ecf8ac00c1aa15efec4f30b18ea767fa44adf8cd8630fd1a1ecea50084e6ed82b0a870a0062171ea53d2b3c1d3,07/18/2025 08:43:00 PM,1,DRIVER,,2011094,N,FORD,TRANSIT,IL,2015,NONE,SPORT UTILITY VEHICLE (SUV),OTHER,N,STRAIGHT AHEAD,,,1,,,,,,,N,N,N,,,,,Y,Y,Y,,FRONT-LEFT-CORNER,,,,,,,,,,,,,,,,,,,,,,,,,,,,,,,,,
2109570,53ce935669c4c1d17b83dc8268a4876e045614ecf8ac00c1aa15efec4f30b18ea767fa44adf8cd8630fd1a1ecea50084e6ed82b0a870a0062171ea53d2b3c1d3,07/18/2025 08:43:00 PM,2,DRIVER,,2011100,,FORD,TRANSIT,IL,,NONE,VAN/MINI-VAN,PERSONAL,N,TURNING RIGHT,,,1,,,,,,Y,Y,Y,Y,,,,,,,,,SIDE-RIGHT-REAR,,,,,,,,,,,,,,,,,,,,,,,,,,,,,,,,,
2109596,6782d877eccacb48d584a603b04b8dc63c8a1a77bff57666cc05695f2ae9cfb3b2b6f509ad041d6fb801ea2dbe56dbcd1581815d03fe74f6bf3990ab06819686,07/18/2025 08:43:00 PM,1,DRIVER,,2011110,,CHEVROLET,CAPRICE,IL,1986,NONE,PASSENGER,UNKNOWN/NA,N,TURNING LEFT,Y,,1,,private tow,,,Y,Y,Y,,,,,,,,,Y,,FRONT-RIGHT-CORNER,,,,,,,,,,,,,,,,,,,,,,,,,,,,,,,,,
2109597,6782d877eccacb48d584a603b04b8dc63c8a1a77bff57666cc05695f2ae9cfb3b2b6f509ad041d6fb801ea2dbe56dbcd1581815d03fe74f6bf3990ab06819686,07/18/2025 08:43:00 PM,2,DRIVER,1,2011115,,FORD,EXPLORER,IL,2021,NONE,SPORT UTILITY VEHICLE (SUV),POLICE,S,STRAIGHT AHEAD,Y,,2,,city tow,,,,,,,,,,,Y,Y,Y,Y,,FRONT-LEFT-CORNER,,,,,,,,,,,,,,,,,,,,,,,,,,,,,,,,,
2109618,38ca8d20f144feb4c153ef6f89ff98de9d1524bfae3edd17109ad1206958ff48b0a21c97db935702b9d0ae15bea5705b91bc6ace62fcacad6d999c6656a0aa16,07/18/2025 08:40:00 PM,1,DRIVER,,2011140,,NISSAN,SENTRA,IL,2012,UNKNOWN,PASSENGER,PERSONAL,N,STRAIGHT AHEAD,Y,,1,,CITY OF CHICAGO,103/DOTY,,Y,,,,,,,,,,Y,Y,,FRONT,,,,,,,,,,,,,,,,,,,,,,,,,,,,,,,,,
2109619,38ca8d20f144feb4c153ef6f89ff98de9d1524bfae3edd17109ad1206958ff48b0a21c97db935702b9d0ae15bea5705b91bc6ace62fcacad6d999c6656a0aa16,07/18/2025 08:40:00 PM,2,PARKED,,2011141,,FORD,F150,,,UNKNOWN,TRUCK - SINGLE UNIT,NOT IN USE,UNKNOWN,PARKED,,,0,,,,,,,,,Y,Y,Y,,,,,,,REAR,,,,,,,,,,,,,,,,,,,,,,,,,,,,,,,,,
2109667,db01ec937ac67fb59b2ab5626758ccdcdaa26c73b249ed293a102b181d4faee277ff9ebda73addb4b4814fbcf7e1c7c47b13959d99700682fea77c617dc3fd14,07/18/2025 08:40:00 PM,1,DRIVER,,2011180,,SUBARU,FORESTER,IL,2022,UNKNOWN,PASSENGER,PERSONAL,UNKNOWN,STARTING IN TRAFFIC,,,1,,,,,Y,,,,,,,,,,,,,FRONT-LEFT-CORNER,,,,,,,,,,,,,,,,,,,,,,,,,,,,,,,,,
2109668,db01ec937ac67fb59b2ab5626758ccdcdaa26c73b249ed293a102b181d4faee277ff9ebda73addb4b4814fbcf7e1c7c47b13959d99700682fea77c617dc3fd14,07/18/2025 08:40:00 PM,2,DRIVER,,2011183,,HYUNDAI,KONA,IL,,UNKNOWN,PASSENGER,PERSONAL,UNKNOWN,TURNING LEFT,,,1,,,,,,,,,,,,,,,Y,,,FRONT-LEFT-CORNER,,,,,,,,,,,,,,,,,,,,,,,,,,,,,,,,,
2109616,b31b75de5b73f854540c4a4440211105c3c5ed1aeea38638ba5401a18d447b1f03128fd8a3392949e651f5bf5ee52e116e48c404b3b1a404f2a438857feb2efa,07/18/2025 08:30:00 PM,1,DRIVER,,2011146,,UNKNOWN,OTHER (EXPLAIN IN NARRATIVE),XX,,UNKNOWN,UNKNOWN/NA,UNKNOWN/NA,UNKNOWN,UNKNOWN/NA,,,1,,,,,,,,,,,,,,,N,N,Y,UNKNOWN,,,,,,,,,,,,,,,,,,,,,,,,,,,,,,,,,
2109617,b31b75de5b73f854540c4a4440211105c3c5ed1aeea38638ba5401a18d447b1f03128fd8a3392949e651f5bf5ee52e116e48c404b3b1a404f2a438857feb2efa,07/18/2025 08:30:00 PM,2,PARKED,,2011134,,JEEP,CHEROKEE,IL,2021,UNKNOWN,PASSENGER,PERSONAL,E,PARKED,,,0,,,,,Y,,,,Y,Y,Y,,,,Y,Y,,FRONT,,,,,,,,,,,,,,,,,,,,,,,,,,,,,,,,,
2109579,74578252ada8af5be5118b60b51f377689f2f1e3a26606b704e7ef9a7c9fdab68cae921b1105246602648a316afa0516f7baeada680ca6c775080c250889c218,07/18/2025 08:23:00 PM,1,DRIVER,,2011099,,NISSAN,ALTIMA,IL,2017,UNKNOWN,PASSENGER,PERSONAL,N,TURNING LEFT,,,1,,,,,Y,,,,,,,,,,Y,Y,,FRONT,,,,,,,,,,,,,,,,,,,,,,,,,,,,,,,,,
2109580,74578252ada8af5be5118b60b51f377689f2f1e3a26606b704e7ef9a7c9fdab68cae921b1105246602648a316afa0516f7baeada680ca6c775080c250889c218,07/18/2025 08:23:00 PM,2,DRIVER,1,2011103,,SCION,IA,IL,,UNKNOWN,PASSENGER,UNKNOWN/NA,S,STRAIGHT AHEAD,,,2,,,,,,,,,,,,,,,,,Y,SIDE-LEFT-REAR,,,,,,,,,,,,,,,,,,,,,,,,,,,,,,,,,
2109586,8c86e24a1c2052df3f28d9ff5cbb8e62a4443652693bacc7246ac728c979553af805280ec60459346ed34aabaabc422f2936ff54ad9442ae496b2a9afa87e98d,07/18/2025 08:23:00 PM,1,DRIVER,1,2011137,,CHEVROLET,OTHER (EXPLAIN IN NARRATIVE),IL,2016,UNKNOWN,UNKNOWN/NA,UNKNOWN/NA,S,STRAIGHT AHEAD,,,2,,,,,Y,,,,,,,,,,Y,Y,,FRONT,,,,,,,,,,,,,,,,,,,,,,,,,,,,,,,,,
2109587,8c86e24a1c2052df3f28d9ff5cbb8e62a4443652693bacc7246ac728c979553af805280ec60459346ed34aabaabc422f2936ff54ad9442ae496b2a9afa87e98d,07/18/2025 08:23:00 PM,2,DRIVER,,2011130,,TOYOTA,CAMRY,IL,2016,NONE,PASSENGER,PERSONAL,S,STRAIGHT AHEAD,,,1,,,,,,,,,Y,Y,Y,,,,,,,REAR,,,,,,,,,,,,,,,,,,,,,,,,,,,,,,,,,
2109543,1cf628280adc476e9dcdab4aca72c15491125db8150f8c68721d6e950c5b6936b28671cfd32bd880f733aba15edaa7339763d73fb26ad2b7b073c79c9eae1698,07/18/2025 08:21:00 PM,1,DRIVER,,2011062,,UNKNOWN,OTHER (EXPLAIN IN NARRATIVE),,,UNKNOWN,PASSENGER,PERSONAL,UNKNOWN,UNKNOWN/NA,,,1,,,,,,,,,,,,,,,,,Y,UNKNOWN,,,,,,,,,,,,,,,,,,,,,,,,,,,,,,,,,
2109544,1cf628280adc476e9dcdab4aca72c15491125db8150f8c68721d6e950c5b6936b28671cfd32bd880f733aba15edaa7339763d73fb26ad2b7b073c79c9eae1698,07/18/2025 08:21:00 PM,2,PARKED,,2011083,,TOYOTA,4RUNNER,IL,2024,NONE,PASSENGER,PERSONAL,UNKNOWN,PARKED,,,0,,,,,,,,,,,,Y,Y,Y,,,,SIDE-LEFT-FRONT,,,,,,,,,,,,,,,,,,,,,,,,,,,,,,,,,
2109558,7694d44cc00f8340c2115cfb7c95149c4d1d7e29768ccc5856169aa13326c7ad525ba6d9a3b4845e50ea81dc0dc2563557abca8737ffc0a0839810f35a3484b0,07/18/2025 08:15:00 PM,1,DRIVER,,2011072,,HONDA,CR-V,IL,1999,UNKNOWN,SPORT UTILITY VEHICLE (SUV),PERSONAL,W,U-TURN,,,1,,,,,Y,,,,,,,,,,Y,Y,,FRONT,,,,,,,,,,,,,,,,,,,,,,,,,,,,,,,,,
2109559,7694d44cc00f8340c2115cfb7c95149c4d1d7e29768ccc5856169aa13326c7ad525ba6d9a3b4845e50ea81dc0dc2563557abca8737ffc0a0839810f35a3484b0,07/18/2025 08:15:00 PM,2,DRIVER,,2011078,,BUICK,ENCLAVE,IL,2015,UNKNOWN,PASSENGER,PERSONAL,E,BACKING,,,1,,,,,,,,,,Y,Y,,,,,,,REAR-LEFT-CORNER,,,,,,,,,,,,,,,,,,,,,,,,,,,,,,,,,