CRASH_UNIT_ID,CRASH_RECORD_ID,CRASH_DATE,UNIT_NO,UNIT_TYPE,NUM_PASSENGERS,VEHICLE_ID,CMRC_VEH_I,MAKE,MODEL,LIC_PLATE_STATE,VEHICLE_YEAR,VEHICLE_DEFECT,VEHICLE_TYPE,VEHICLE_USE,TRAVEL_DIRECTION,MANEUVER,TOWED_I,FIRE_I,OCCUPANT_CNT,EXCEED_SPEED_LIMIT_I,TOWED_BY,TOWED_TO,AREA_00_I,AREA_01_I,AREA_02_I,AREA_03_I,AREA_04_I,AREA_05_I,AREA_06_I,AREA_07_I,AREA_08_I,AREA_09_I,AREA_10_I,AREA_11_I,AREA_12_I,AREA_99_I,FIRST_CONTACT_POINT,CMV_ID,USDOT_NO,CCMC_NO,ILCC_NO,COMMERCIAL_SRC,GVWR,CARRIER_NAME,CARRIER_STATE,CARRIER_CITY,HAZMAT_PLACARDS_I,HAZMAT_NAME,UN_NO,HAZMAT_PRESENT_I,HAZMAT_REPORT_I,HAZMAT_REPORT_NO,MCS_REPORT_I,MCS_REPORT_NO,HAZMAT_VIO_CAUSE_CRASH_I,MCS_VIO_CAUSE_CRASH_I,IDOT_PERMIT_NO,WIDE_LOAD_I,TRAILER1_WIDTH,TRAILER2_WIDTH,TRAILER1_LENGTH,TRAILER2_LENGTH,TOTAL_VEHICLE_LENGTH,AXLE_CNT,VEHICLE_CONFIG,CARGO_BODY_TYPE,LOAD_TYPE,HAZMAT_OUT_OF_SERVICE_I,MCS_OUT_OF_SERVICE_I,HAZMAT_CLASS
2109628,dbaf172afb5edc041cfc97d5dea55d1cb66871243a6801e563696739283a12e783a3e3c200f22b231cb50d39cb2ffaa496ef709ddc9e0ffdbad17e3e14c48c4e,07/18/2025 08:03:00 PM,1,DRIVER,1,2011147,,TOYOTA,OTHER (EXPLAIN IN NARRATIVE),IL,2016,UNKNOWN,PASSENGER,PERSONAL,N,STRAIGHT AHEAD,,,2,,,,,,,,,,,,,,,Y,Y,Y,FRONT,,,,,,,,,,,,,,,,,,,,,,,,,,,,,,,,,
2109639,dbaf172afb5edc041cfc97d5dea55d1cb66871243a6801e563696739283a12e783a3e3c200f22b231cb50d39cb2ffaa496ef709ddc9e0ffdbad17e3e14c48c4e,07/18/2025 08:03:00 PM,2,PEDESTRIAN,,,,,,,,,,,,,,,,,,,,,,,,,,,,,,,,,,,,,,,,,,,,,,,,,,,,,,,,,,,,,,,,,,
2109610,1be50d9edf0d7d02f0c1073d14b4e6cde26097c2430304f140a6a1c2c5adf507bb4b2368f384f7d32d4cd89a51d051460bdb338fc1eafccb4da2f53b22328b39,07/18/2025 08:00:00 PM,1,PEDESTRIAN,,,,,,,,,,,,,,,,,,,,,,,,,,,,,,,,,,,,,,,,,,,,,,,,,,,,,,,,,,,,,,,,,,
2109611,1be50d9edf0d7d02f0c1073d14b4e6cde26097c2430304f140a6a1c2c5adf507bb4b2368f384f7d32d4cd89a51d051460bdb338fc1eafccb4da2f53b22328b39,07/18/2025 08:00:00 PM,2,DRIVER,,2011128,,HONDA,CR-V,IL,2008,UNKNOWN,PASSENGER,PERSONAL,N,TURNING RIGHT,,,1,,,,,Y,,,,,,,,,,Y,Y,,FRONT-LEFT-CORNER,,,,,,,,,,,,,,,,,,,,,,,,,,,,,,,,,
2109802,2ef25cc748e3a10437ef200cff237290b33d58e9b4081986ef4e34a2ad0f78e7d5bd4fa3e3b615c07f6d9881d77172731b91765fc25d6349664bedcd4c49581f,07/18/2025 08:00:00 PM,1,DRIVER,,2011311,,ACURA,RLX,IL,2025,NONE,SPORT UTILITY VEHICLE (SUV),PERSONAL,W,TURNING LEFT,,,1,,,,,,,,Y,,,,,,,,,,REAR-RIGHT-CORNER,,,,,,,,,,,,,,,,,,,,,,,,,,,,,,,,,
2109803,2ef25cc748e3a10437ef200cff237290b33d58e9b4081986ef4e34a2ad0f78e7d5bd4fa3e3b615c07f6d9881d77172731b91765fc25d6349664bedcd4c49581f,07/18/2025 08:00:00 PM,2,DRIVER,1,2011315,,CHRYSLER,200,IL,2015,UNKNOWN,PASSENGER,PERSONAL,E,STRAIGHT AHEAD,,,2,,,,,,,,,Y,,,,,,,,,REAR-RIGHT-CORNER,,,,,,,,,,,,,,,,,,,,,,,,,,,,,,,,,
2109564,947a563a2c4ef22dac5a3cc07d5377e1a14f0ea2302e6eb343a44fe94139d04aa302fef3ecf4d0c6506a206714bd9f8b5a1a52f0880851b602868e6d6fbce0f0,07/18/2025 08:00:00 PM,1,DRIVER,1,2011082,,CADILLAC,CTS,IL,2014,NONE,PASSENGER,PERSONAL,E,STRAIGHT AHEAD,Y,,2,,SSN#25046947,POUND#2,,Y,,,,,,,,,,Y,Y,,FRONT,,,,,,,,,,,,,,,,,,,,,,,,,,,,,,,,,
2109565,947a563a2c4ef22dac5a3cc07d5377e1a14f0ea2302e6eb343a44fe94139d04aa302fef3ecf4d0c6506a206714bd9f8b5a1a52f0880851b602868e6d6fbce0f0,07/18/2025 08:00:00 PM,2,DRIVER,,2011088,,ACURA,RLX,IL,2021,NONE,SPORT UTILITY VEHICLE (SUV),PERSONAL,N,STRAIGHT AHEAD,Y,,1,,PERSONAL TOW,UNK,,Y,Y,Y,Y,,,,Y,Y,Y,Y,Y,,SIDE-LEFT,,,,,,,,,,,,,,,,,,,,,,,,,,,,,,,,,
2109790,9b59f668a26520b9f0bbe9cc3da6337ed9f6b3c7e89587f6237e03e57c71d42d7815da750d09cb0aa501df0c79774f885b53b8c1fc192391034097349fe8376c,07/18/2025 08:00:00 PM,1,DRIVER,,2011291,,MAZDA,CX-5,IL,2018,NONE,SPORT UTILITY VEHICLE (SUV),PERSONAL,S,BACKING,,,1,,,,,,,,,,,Y,Y,Y,,,,,REAR-LEFT-CORNER,,,,,,,,,,,,,,,,,,,,,,,,,,,,,,,,,
2109791,9b59f668a26520b9f0bbe9cc3da6337ed9f6b3c7e89587f6237e03e57c71d42d7815da750d09cb0aa501df0c79774f885b53b8c1fc192391034097349fe8376c,07/18/2025 08:00:00 PM,2,PARKED,,2011292,,HYUNDAI,PALISADE,IL,2023,NONE,SPORT UTILITY VEHICLE (SUV),PERSONAL,N,PARKED,,,0,,,,,Y,Y,Y,N,,,,,,,,,,FRONT-RIGHT-CORNER,,,,,,,,,,,,,,,,,,,,,,,,,,,,,,,,,
2113512,a02737243ea36bf5d5518b02bb2a7fec66b333175903d0afe8bd6fe872148fd9b4bc2cde6bb15bf016848ad9f13f22cdfa8c65b6fdb7b41a1253ed2ce7ca673e,07/18/2025 08:00:00 PM,1,DRIVER,,2014838,,TOYOTA,COROLLA,IN,2014,NONE,PASSENGER,PERSONAL,UNKNOWN,BACKING,,,1,,,,,,,Y,Y,,,,,,,,,,SIDE-RIGHT-REAR,,,,,,,,,,,,,,,,,,,,,,,,,,,,,,,,,
2113513,a02737243ea36bf5d5518b02bb2a7fec66b333175903d0afe8bd6fe872148fd9b4bc2cde6bb15bf016848ad9f13f22cdfa8c65b6fdb7b41a1253ed2ce7ca673e,07/18/2025 08:00:00 PM,2,PARKED,,2014844,,JEEP,WAGONEER,IL,2023,NONE,SPORT UTILITY VEHICLE (SUV),PERSONAL,UNKNOWN,PARKED,,,0,,,,,,,,,,Y,Y,,,,,,,REAR-LEFT-CORNER,,,,,,,,,,,,,,,,,,,,,,,,,,,,,,,,,
2109560,436f4840eacde0b8e19e01bffabf131673f7c1e00e58d40ffc4615356e8be0847246db6c541f4e572226cb98535e0a83e504f24c2b9f9730ecea643a0c42d9b4,07/18/2025 07:55:00 PM,1,DRIVER,1,2011079,,FORD,F150,IL,2004,UNKNOWN,PICKUP,UNKNOWN/NA,W,STRAIGHT AHEAD,,,2,,,,,,,,Y,Y,Y,,,,,,,,REAR-RIGHT-CORNER,,,,,,,,,,,,,,,,,,,,,,,,,,,,,,,,,
2109561,436f4840eacde0b8e19e01bffabf131673f7c1e00e58d40ffc4615356e8be0847246db6c541f4e572226cb98535e0a83e504f24c2b9f9730ecea643a0c42d9b4,07/18/2025 07:55:00 PM,2,DRIVER,1,2011089,,MERCEDES-BENZ,C-CLASS,IL,2017,UNKNOWN,PASSENGER,PERSONAL,W,STRAIGHT AHEAD,Y,,2,,PRIVATE,HOME,,Y,Y,,,,,,,,Y,Y,Y,,FRONT,,,,,,,,,,,,,,,,,,,,,,,,,,,,,,,,,
2109551,a8fff171ffd55a9cfa7928d37932308b526cc989ac3802ac3869755cb597bf6251908e483aaa215945f03865836bb83c119bb618caa4ee1938b464f119141600,07/18/2025 07:45:00 PM,1,DRIVER,,2011068,,HYUNDAI,ELANTRA,IL,2015,NONE,PASSENGER,PERSONAL,S,TURNING LEFT,,,1,,,,N,,,,,,,,,,Y,Y,,,FRONT-LEFT-CORNER,,,,,,,,,,,,,,,,,,,,,,,,,,,,,,,,,
2109552,a8fff171ffd55a9cfa7928d37932308b526cc989ac3802ac3869755cb597bf6251908e483aaa215945f03865836bb83c119bb618caa4ee1938b464f119141600,07/18/2025 07:45:00 PM,2,PARKED,,2011074,,TOYOTA,COROLLA,IL,1998,NONE,PASSENGER,PERSONAL,N,PARKED,,,0,,,,,,,,,,,,,,Y,Y,,,FRONT-LEFT-CORNER,,,,,,,,,,,,,,,,,,,,,,,,,,,,,,,,,
2109541,150163d6636bb17ec1eb60ff470bf5e1ea7a3d006a93a03385e2a2144903ea8cea1c945fee28d8d6b4c4b4b1652f0206bda62705fb9e8064e072af7d8d975a7e,07/18/2025 07:40:00 PM,1,DRIVER,,2011053,,DODGE,RAM 1500 VAN,IL,2023,NONE,VAN/MINI-VAN,OTHER,N,TURNING RIGHT,,,1,,,,,,,,Y,Y,,,,,,,,,SIDE-RIGHT-REAR,,,,,,,,,,,,,,,,,,,,,,,,,,,,,,,,,
2109542,150163d6636bb17ec1eb60ff470bf5e1ea7a3d006a93a03385e2a2144903ea8cea1c945fee28d8d6b4c4b4b1652f0206bda62705fb9e8064e072af7d8d975a7e,07/18/2025 07:40:00 PM,2,PARKED,,2011056,,HONDA,ODYSSEY,IL,2011,NONE,VAN/MINI-VAN,UNKNOWN/NA,N,PARKED,,,0,,,,,,,,,,,,Y,Y,Y,,,,SIDE-LEFT,,,,,,,,,,,,,,,,,,,,,,,,,,,,,,,,,
2109820,ccad32672bcf1bbcdb52300d12e84b402a9291216c53c9f3b4154a5b5d65a3a45060c59cc74a8fc3be3f7a3026ce899075a755f961526c105dbf2d3b7f5d3022,07/18/2025 07:40:00 PM,1,DRIVER,1,2011330,,CHEVROLET,OTHER (EXPLAIN IN NARRATIVE),,,UNKNOWN,PASSENGER,UNKNOWN/NA,E,MERGING,,,2,,,,,,,,,,Y,,,,,,,,REAR-RIGHT-CORNER,,,,,,,,,,,,,,,,,,,,,,,,,,,,,,,,,
2109821,ccad32672bcf1bbcdb52300d12e84b402a9291216c53c9f3b4154a5b5d65a3a45060c59cc74a8fc3be3f7a3026ce899075a755f961526c105dbf2d3b7f5d3022,07/18/2025 07:40:00 PM,2,DRIVER,,2011333,,KIA,SPORTAGE,IL,2023,NONE,PASSENGER,PERSONAL,E,STRAIGHT AHEAD,,,1,,,,,,,,,,,,,,,,Y,,FRONT-LEFT-CORNER,,,,,,,,,,,,,,,,,,,,,,,,,,,,,,,,,
2109553,5e640efbeff5afdd89b330204671c8bb636f7cb2c2b3dc63ac6be10ae60ddcdad9a39e20c5a92a18dcfb9dec78e432ad7b880afbf530423f6c5828aab4c7f01c,07/18/2025 07:34:00 PM,1,DRIVER,,2011067,,UNKNOWN,OTHER (EXPLAIN IN NARRATIVE),XX,,UNKNOWN,OTHER,TOW TRUCK,S,TURNING RIGHT,,,1,,,,,,,,,,,Y,,,,,,Y,SIDE-LEFT-REAR,,,,,,,,,,,,,,,,,,,,,,,,,,,,,,,,,
2109554,5e640efbeff5afdd89b330204671c8bb636f7cb2c2b3dc63ac6be10ae60ddcdad9a39e20c5a92a18dcfb9dec78e432ad7b880afbf530423f6c5828aab4c7f01c,07/18/2025 07:34:00 PM,2,DRIVER,,2011073,,CHRYSLER,TOWN & COUNTRY,IL,2014,UNKNOWN,VAN/MINI-VAN,PERSONAL,S,STRAIGHT AHEAD,Y,,1,,private tow,unknown,,Y,Y,Y,,,,,,,,,,,SIDE-RIGHT-FRONT,,,,,,,,,,,,,,,,,,,,,,,,,,,,,,,,,
2117452,db4affd682e3a8037759a5a5bd176a3931755cf93658b873ed9511506e0c498c0b679cd6677dcc7cf884f7869054f4a99bef873d4d3539f7dcbb012925802098,07/18/2025 07:33:00 PM,1,DRIVER,3,2018540,,KIA,FORTE,IL,2010,UNKNOWN,PASSENGER,OTHER,NE,DRIVING WRONG WAY,Y,,4,,STREETS AND SANS,10300 S DOTY AVE,,Y,Y,,,,,,,,Y,Y,Y,,TOTAL (ALL AREAS),,,,,,,,,,,,,,,,,,,,,,,,,,,,,,,,,
2117453,db4affd682e3a8037759a5a5bd176a3931755cf93658b873ed9511506e0c498c0b679cd6677dcc7cf884f7869054f4a99bef873d4d3539f7dcbb012925802098,07/18/2025 07:33:00 PM,2,DRIVER,,2018541,,TOYOTA,YARIS,IL,2014,UNKNOWN,PASSENGER,PERSONAL,N,STRAIGHT AHEAD,Y,,1,,PRIVATE TOW,HIS HOME,,Y,Y,,,,,,,,Y,Y,Y,,FRONT,,,,,,,,,,,,,,,,,,,,,,,,,,,,,,,,,
2117454,db4affd682e3a8037759a5a5bd176a3931755cf93658b873ed9511506e0c498c0b679cd6677dcc7cf884f7869054f4a99bef873d4d3539f7dcbb012925802098,07/18/2025 07:33:00 PM,3,PARKED,,2018542,,FORD,FUSION,IN,2017,UNKNOWN,PASSENGER,PERSONAL,E,PARKED,,,0,,,,,,,,Y,Y,Y,Y,Y,,,,,,REAR,,,,,,,,,,,,,,,,,,,,,,,,,,,,,,,,,
2109588,f6d06c81f9db6ffc095092178004cae18df3e635c10f41501fe192b1c2902573cf020bb9ab8060edfa73fbff51396c418316424c3933fdf60abdbb90b2434fe2,07/18/2025 07:33:00 PM,1,DRIVER,,2011655,,HONDA,FIT,IL,2017,UNKNOWN,SPORT UTILITY VEHICLE (SUV),PERSONAL,S,STRAIGHT AHEAD,Y,,1,,S&S,CHICAGO/LSD,,,,,,,,,,,,,Y,,FRONT,,,,,,,,,,,,,,,,,,,,,,,,,,,,,,,,,
2109589,f6d06c81f9db6ffc095092178004cae18df3e635c10f41501fe192b1c2902573cf020bb9ab8060edfa73fbff51396c418316424c3933fdf60abdbb90b2434fe2,07/18/2025 07:33:00 PM,2,DRIVER,,2011665,,NISSAN,SENTRA,IL,2021,UNKNOWN,PASSENGER,PERSONAL,S,STRAIGHT AHEAD,,,1,,,,,,,,,,Y,,,,,,,,REAR,,,,,,,,,,,,,,,,,,,,,,,,,,,,,,,,,
2109529,1a60735cb6511d0dde8010fd0f74f123e1d4f8c69c9e853c44c3aa3b6d7782f4837172fd38fef96284c064d8a26485c4fa8e62eaf72d2e0814b5334abc12229d,07/18/2025 07:30:00 PM,1,DRIVER,,2011064,,FORD,ECONOLINE E350,IL,2014,UNKNOWN,BUS UP TO 15 PASS.,OTHER,UNKNOWN,STRAIGHT AHEAD,,,1,,,,,Y,Y,,,,,,,,,,,,SIDE-LEFT-REAR,,,,,,,,,,,,,,,,,,,,,,,,,,,,,,,,,
2109530,1a60735cb6511d0dde8010fd0f74f123e1d4f8c69c9e853c44c3aa3b6d7782f4837172fd38fef96284c064d8a26485c4fa8e62eaf72d2e0814b5334abc12229d,07/18/2025 07:30:00 PM,2,PARKED,1,2011054,,JAGUAR,F-PACE,IL,2017,UNKNOWN,SPORT UTILITY VEHICLE (SUV),PERSONAL,UNKNOWN,PARKED,,,1,,,,,,,,,,,,,Y,,,,,SIDE-LEFT,,,,,,,,,,,,,,,,,,,,,,,,,,,,,,,,,
2109957,31acd5cdbd948c421161f04d39aaed0dda2af83ab419b8a36331fa8522dce6b64d55c6f181dad0dc9d8c786df816b82a71554beaf02fd4b66e14d59e33ad5716,07/18/2025 07:30:00 PM,1,DRIVER,,2011453,,TOYOTA,CAMRY,IL,2011,NONE,PASSENGER,PERSONAL,UNKNOWN,BACKING,,,1,,,,,,,,,Y,,,,,,,,,REAR-RIGHT-CORNER,,,,,,,,,,,,,,,,,,,,,,,,,,,,,,,,,
2109958,31acd5cdbd948c421161f04d39aaed0dda2af83ab419b8a36331fa8522dce6b64d55c6f181dad0dc9d8c786df816b82a71554beaf02fd4b66e14d59e33ad5716,07/18/2025 07:30:00 PM,2,PARKED,,2011459,,CADILLAC,XLR,IL,2006,NONE,PASSENGER,NOT IN USE,UNKNOWN,PARKED,,,0,,,,,,,,,,,Y,,,,,,,REAR-LEFT-CORNER,,,,,,,,,,,,,,,,,,,,,,,,,,,,,,,,,
2109539,adf0c981dd2be0c07434d594b8ca2eb618119983e1e1c3bf874ef7b69ed0dcba534e82a44d8b058e01eaec72f284c02c52401105fa4df5fdcbc285bbab033489,07/18/2025 07:30:00 PM,1,DRIVER,,2011051,,CHEVROLET,SUBURBAN,,,UNKNOWN,SPORT UTILITY VEHICLE (SUV),PERSONAL,S,STRAIGHT AHEAD,,,1,,,,,,,,,,,,,,,,,Y,FRONT,,,,,,,,,,,,,,,,,,,,,,,,,,,,,,,,,
2109540,adf0c981dd2be0c07434d594b8ca2eb618119983e1e1c3bf874ef7b69ed0dcba534e82a44d8b058e01eaec72f284c02c52401105fa4df5fdcbc285bbab033489,07/18/2025 07:30:00 PM,2,DRIVER,,2011055,,CHEVROLET,MALIBU,IL,2014,UNKNOWN,PASSENGER,PERSONAL,W,BACKING,,,1,,,,,,,,,,Y,Y,Y,,,,,,REAR-LEFT-CORNER,,,,,,,,,,,,,,,,,,,,,,,,,,,,,,,,,
2110633,d2c1ff3f9eac20434fbb272de90ea7dcc931bb062ee930f2b407266674bd1b7e4a5979cfc9f384614d215d5d32daf3b016a1cec21eb8fa4cf7250c2edbea416d,07/18/2025 07:30:00 PM,1,DRIVER,,2012087,,UNKNOWN,OTHER (EXPLAIN IN NARRATIVE),,,UNKNOWN,UNKNOWN/NA,UNKNOWN/NA,UNKNOWN,UNKNOWN/NA,,,1,,,,,,,,,,,,,,,,,Y,UNKNOWN,,,,,,,,,,,,,,,,,,,,,,,,,,,,,,,,,
2110634,d2c1ff3f9eac20434fbb272de90ea7dcc931bb062ee930f2b407266674bd1b7e4a5979cfc9f384614d215d5d32daf3b016a1cec21eb8fa4cf7250c2edbea416d,07/18/2025 07:30:00 PM,2,PARKED,,2012092,,JEEP,GRAND CHEROKEE,IL,2024,UNKNOWN,SPORT UTILITY VEHICLE (SUV),NOT IN USE,E,PARKED,Y,,0,,INFAMOUS TOWING AND RECOVERY,,,,,,,,,,Y,Y,,,,,SIDE-LEFT,,,,,,,,,,,,,,,,,,,,,,,,,,,,,,,,,
2115518,dff50cf9801a0b2629524317ef1e1cba30f2ff68598a1bd65f617f7cce157a4fc47db718571827a6e07fd1d867ab252e3e588dfad196fa10ec23cc866867ed9a,07/18/2025 07:30:00 PM,1,DRIVER,,2016750,,FORD,F150,OH,2020,UNKNOWN,UNKNOWN/NA,UNKNOWN/NA,SW,STRAIGHT AHEAD,,,1,,,,,,,,,,,,,,,,,Y,UNKNOWN,,,,,,,,,,,,,,,,,,,,,,,,,,,,,,,,,
2115519,dff50cf9801a0b2629524317ef1e1cba30f2ff68598a1bd65f617f7cce157a4fc47db718571827a6e07fd1d867ab252e3e588dfad196fa10ec23cc866867ed9a,07/18/2025 07:30:00 PM,2,DRIVER,,2016747,,VOLKSWAGEN,PASSAT,IL,2015,NONE,PASSENGER,PERSONAL,SW,OTHER,,,1,,,,,,,,,,,Y,Y,,,,,,OTHER,,,,,,,,,,,,,,,,,,,,,,,,,,,,,,,,,
2109533,4455eb3d5d1d49387909598d60501c871b473b92f3d7090667a51097a311eaf68d730d0f879925926abe15c1a138481dd79cf9f64fdbe24c6f0effb59baa1b09,07/18/2025 07:23:00 PM,1,DRIVER,1,2011050,,TOYOTA,PRIUS,IL,2011,UNKNOWN,UNKNOWN/NA,UNKNOWN/NA,SW,UNKNOWN/NA,,,2,,,,,,,,,,,,,,,,,Y,FRONT,,,,,,,,,,,,,,,,,,,,,,,,,,,,,,,,,
2109534,4455eb3d5d1d49387909598d60501c871b473b92f3d7090667a51097a311eaf68d730d0f879925926abe15c1a138481dd79cf9f64fdbe24c6f0effb59baa1b09,07/18/2025 07:23:00 PM,2,DRIVER,,2011063,,KIA,NIRO,IL,2023,UNKNOWN,PASSENGER,PERSONAL,S,STRAIGHT AHEAD,,,1,,,,,,,,,,,,,Y,Y,Y,Y,,FRONT-LEFT-CORNER,,,,,,,,,,,,,,,,,,,,,,,,,,,,,,,,,
2109496,e6752c9fff7fc8024a87eca5d723988291de4aa40f652fe60f8e87fdb9dd368a24acc83145838c186acde0ab7ff25c6accd7d628c029f5255966edd3bc2c0d3b,07/18/2025 07:20:00 PM,1,DRIVER,2,2011019,,CHEVROLET,MALIBU,IL,2017,NONE,PASSENGER,PERSONAL,E,TURNING LEFT,,,3,,,,,,,,,,,,,,,,Y,,FRONT,,,,,,,,,,,,,,,,,,,,,,,,,,,,,,,,,
2109497,e6752c9fff7fc8024a87eca5d723988291de4aa40f652fe60f8e87fdb9dd368a24acc83145838c186acde0ab7ff25c6accd7d628c029f5255966edd3bc2c0d3b,07/18/2025 07:20:00 PM,2,DRIVER,1,2011026,,TOYOTA,C-HR,IL,2019,NONE,PASSENGER,PERSONAL,S,STRAIGHT AHEAD,,,2,,,,,,,,Y,,,,,,,,,,REAR-RIGHT-CORNER,,,,,,,,,,,,,,,,,,,,,,,,,,,,,,,,,
2110551,7047ecc1b1bdbf93de66f771602a0db3360e091d82921cf5518aeb5c2dd5f86f8c1928babd3d53d9457ca324fdb0e721bb346080e221de43ec55b223a31cfbe0,07/18/2025 07:15:00 PM,1,DRIVER,,2012010,,VOLKSWAGEN,JETTA,IL,2017,NONE,PASSENGER,UNKNOWN/NA,S,STRAIGHT AHEAD,,,1,,,,,,,,,,,,,,,,N,,UNKNOWN,,,,,,,,,,,,,,,,,,,,,,,,,,,,,,,,,
2110552,7047ecc1b1bdbf93de66f771602a0db3360e091d82921cf5518aeb5c2dd5f86f8c1928babd3d53d9457ca324fdb0e721bb346080e221de43ec55b223a31cfbe0,07/18/2025 07:15:00 PM,2,DRIVER,,2012011,,BMW,X3,IL,2024,NONE,SPORT UTILITY VEHICLE (SUV),PERSONAL,S,STRAIGHT AHEAD,,,1,,,,,,,,,,Y,,,,,,,,REAR,,,,,,,,,,,,,,,,,,,,,,,,,,,,,,,,,
2109566,a5c5bff224e6d988992efd880a6ff1c6fe3fcc3d3ffa442ca9a9a594c5cec67452e75db751f7c859299a1334315610e62a5439554d54f75b29172fa53c97dca9,07/18/2025 07:15:00 PM,1,DRIVER,,2011081,,KIA,SORENTO,IL,2020,UNKNOWN,UNKNOWN/NA,UNKNOWN/NA,N,TURNING RIGHT,,,1,,,,,,,,,,,,,,,,,Y,UNKNOWN,,,,,,,,,,,,,,,,,,,,,,,,,,,,,,,,,
2109567,a5c5bff224e6d988992efd880a6ff1c6fe3fcc3d3ffa442ca9a9a594c5cec67452e75db751f7c859299a1334315610e62a5439554d54f75b29172fa53c97dca9,07/18/2025 07:15:00 PM,2,DRIVER,1,2011085,,BMW,BMW,IL,2015,NONE,PASSENGER,PERSONAL,N,TURNING RIGHT,,,2,,,,,Y,,,,,,,Y,,,,,,SIDE-LEFT-REAR,,,,,,,,,,,,,,,,,,,,,,,,,,,,,,,,,
2109555,33e4e38df9a71862dfe069c083acce311cd405b560a38eca48a6e51388e196e6ba2bc56f2d398d9c764cef19ffcb94c666bec810c9d688321476c4f33e84ac1c,07/18/2025 07:12:00 PM,1,DRIVER,,2011077,,HONDA,OTHER (EXPLAIN IN NARRATIVE),IL,2009,UNKNOWN,PASSENGER,PERSONAL,W,SLOW/STOP IN TRAFFIC,,,1,,,,,,,,,,,,,,,Y,,,OTHER,,,,,,,,,,,,,,,,,,,,,,,,,,,,,,,,,
2109568,33e4e38df9a71862dfe069c083acce311cd405b560a38eca48a6e51388e196e6ba2bc56f2d398d9c764cef19ffcb94c666bec810c9d688321476c4f33e84ac1c,07/18/2025 07:12:00 PM,2,PEDESTRIAN,,,,,,,,,,,,,,,,,,,,,,,,,,,,,,,,,,,,,,,,,,,,,,,,,,,,,,,,,,,,,,,,,,
2109537,e34e6d4557643e2ea16c43ea0b0a8475196f68b99566b9a03f5d119ef028528a578b3001592a546ed2568a925b89b4a339e9bf4f7303c52805eab9bdcec585af,07/18/2025 07:07:00 PM,1,DRIVER,2,2011058,,CHRYSLER,PACIFICA,WA,2022,UNKNOWN,VAN/MINI-VAN,UNKNOWN/NA,SW,U-TURN,,,3,,,,,,,,,,,,,,Y,Y,,,FRONT-LEFT-CORNER,,,,,,,,,,,,,,,,,,,,,,,,,,,,,,,,,
2109538,e34e6d4557643e2ea16c43ea0b0a8475196f68b99566b9a03f5d119ef028528a578b3001592a546ed2568a925b89b4a339e9bf4f7303c52805eab9bdcec585af,07/18/2025 07:07:00 PM,2,DRIVER,1,2011049,,HONDA,CIVIC,IL,2022,UNKNOWN,PASSENGER,PERSONAL,N,STRAIGHT AHEAD,,,2,,,,,Y,Y,Y,,,,,,,,,,,SIDE-RIGHT-FRONT,,,,,,,,,,,,,,,,,,,,,,,,,,,,,,,,,
2111150,1aa2417d812f206a169b5bcac7c67d696b4edd92532b54a6cd10b61ff7cb8f37d1a5238aafd1ee61a7f7949b0a26c5d3089730e93e6e538db78909dcaaee793a,07/18/2025 07:05:00 PM,1,DRIVER,,2012586,,TOYOTA,HIGHLANDER,IL,2017,UNKNOWN,VAN/MINI-VAN,PERSONAL,S,STRAIGHT AHEAD,,,1,,,,,,,,,,,,,,,,,Y,UNKNOWN,,,,,,,,,,,,,,,,,,,,,,,,,,,,,,,,,
2111151,1aa2417d812f206a169b5bcac7c67d696b4edd92532b54a6cd10b61ff7cb8f37d1a5238aafd1ee61a7f7949b0a26c5d3089730e93e6e538db78909dcaaee793a,07/18/2025 07:05:00 PM,2,DRIVER,,2012581,,HONDA,ODYSSEY,IL,2011,NONE,VAN/MINI-VAN,PERSONAL,S,TURNING RIGHT,,,1,,,,,,,,,Y,Y,Y,,,,,,,REAR-LEFT-CORNER,,,,,,,,,,,,,,,,,,,,,,,,,,,,,,,,,
2109504,5d6d73728f30c61762f8fdf46c4b4595f6e6da0405ac07d5c756135168cb64b4fe80929e7bccf27de4201bd8eda47b9a7e40a1fb1e076af9138c1a7c2a504361,07/18/2025 07:00:00 PM,1,DRIVER,,2011028,,CAN-AM,CAN-AM,IL,2021,NONE,MOTORCYCLE (OVER 150CC),UNKNOWN/NA,W,DRIVING WRONG WAY,Y,,1,,PRIVATE TOW,,,,,,,,,,,,,,,,TOTAL (ALL AREAS),,,,,,,,,,,,,,,,,,,,,,,,,,,,,,,,,
2109505,5d6d73728f30c61762f8fdf46c4b4595f6e6da0405ac07d5c756135168cb64b4fe80929e7bccf27de4201bd8eda47b9a7e40a1fb1e076af9138c1a7c2a504361,07/18/2025 07:00:00 PM,2,DRIVER,,2011034,,HONDA,CIVIC,IL,2021,UNKNOWN,PASSENGER,UNKNOWN/NA,E,STRAIGHT AHEAD,,,1,,,,,Y,,,,,,,,,,Y,Y,,FRONT,,,,,,,,,,,,,,,,,,,,,,,,,,,,,,,,,
2112192,6e37654c4e10d16b10e0bb840a348ef7596e2786fa98dd70e8915daa41b3cf0c15dc2ea87938a6a5f99af499d6fb14e16daf54e95752d1f47506ff19f6845e87,07/18/2025 07:00:00 PM,1,DRIVER,,2013582,,TOYOTA,AVALON,IL,2013,NONE,PASSENGER,PERSONAL,E,TURNING RIGHT,,,1,,,,,,,,,,,,,,,,,Y,SIDE-RIGHT-FRONT,,,,,,,,,,,,,,,,,,,,,,,,,,,,,,,,,