CRASH_UNIT_ID,CRASH_RECORD_ID,CRASH_DATE,UNIT_NO,UNIT_TYPE,NUM_PASSENGERS,VEHICLE_ID,CMRC_VEH_I,MAKE,MODEL,LIC_PLATE_STATE,VEHICLE_YEAR,VEHICLE_DEFECT,VEHICLE_TYPE,VEHICLE_USE,TRAVEL_DIRECTION,MANEUVER,TOWED_I,FIRE_I,OCCUPANT_CNT,EXCEED_SPEED_LIMIT_I,TOWED_BY,TOWED_TO,AREA_00_I,AREA_01_I,AREA_02_I,AREA_03_I,AREA_04_I,AREA_05_I,AREA_06_I,AREA_07_I,AREA_08_I,AREA_09_I,AREA_10_I,AREA_11_I,AREA_12_I,AREA_99_I,FIRST_CONTACT_POINT,CMV_ID,USDOT_NO,CCMC_NO,ILCC_NO,COMMERCIAL_SRC,GVWR,CARRIER_NAME,CARRIER_STATE,CARRIER_CITY,HAZMAT_PLACARDS_I,HAZMAT_NAME,UN_NO,HAZMAT_PRESENT_I,HAZMAT_REPORT_I,HAZMAT_REPORT_NO,MCS_REPORT_I,MCS_REPORT_NO,HAZMAT_VIO_CAUSE_CRASH_I,MCS_VIO_CAUSE_CRASH_I,IDOT_PERMIT_NO,WIDE_LOAD_I,TRAILER1_WIDTH,TRAILER2_WIDTH,TRAILER1_LENGTH,TRAILER2_LENGTH,TOTAL_VEHICLE_LENGTH,AXLE_CNT,VEHICLE_CONFIG,CARGO_BODY_TYPE,LOAD_TYPE,HAZMAT_OUT_OF_SERVICE_I,MCS_OUT_OF_SERVICE_I,HAZMAT_CLASS
2112193,6e37654c4e10d16b10e0bb840a348ef7596e2786fa98dd70e8915daa41b3cf0c15dc2ea87938a6a5f99af499d6fb14e16daf54e95752d1f47506ff19f6845e87,07/18/2025 07:00:00 PM,2,DRIVER,,2013584,,KIA,OTHER (EXPLAIN IN NARRATIVE),IL,2022,NONE,SPORT UTILITY VEHICLE (SUV),PERSONAL,E,STRAIGHT AHEAD,,,1,,,,,,,,,,,,,,Y,Y,,,SIDE-LEFT,,,,,,,,,,,,,,,,,,,,,,,,,,,,,,,,,
2109492,72c2082cb2d1fbf800dc7a5bc71abdda570e17e93de819f0be87a88e6d508f4ae3f9ecb476e3e3e02f74392312520ba205810f14120917dc455ab030bbdba4e7,07/18/2025 07:00:00 PM,1,DRIVER,,2011014,,AUDI,OTHER (EXPLAIN IN NARRATIVE),XX,,UNKNOWN,PASSENGER,UNKNOWN/NA,W,TURNING RIGHT,,,1,,,,,Y,Y,,,,,,,,,,Y,,REAR-RIGHT-CORNER,,,,,,,,,,,,,,,,,,,,,,,,,,,,,,,,,
2109493,72c2082cb2d1fbf800dc7a5bc71abdda570e17e93de819f0be87a88e6d508f4ae3f9ecb476e3e3e02f74392312520ba205810f14120917dc455ab030bbdba4e7,07/18/2025 07:00:00 PM,2,DRIVER,,2011018,,NOVA BUS,OTHER (EXPLAIN IN NARRATIVE),IL,2015,NONE,BUS OVER 15 PASS.,CTA,W,STRAIGHT AHEAD,,,1,,,,,,,,,,,,,,Y,Y,,,FRONT-LEFT-CORNER,,,,,,,,,,,,,,,,,,,,,,,,,,,,,,,,,
2109512,9fa5749f7b5da11d3d497e6c72a80d39cf54602244fa7893781db32c938dcc3f4cf729df4dd0fc468c09d7eaa323aff7bd134065a2d80634eb72948828f62da7,07/18/2025 07:00:00 PM,1,DRIVER,,2011030,,UNKNOWN,OTHER (EXPLAIN IN NARRATIVE),IL,2022,UNKNOWN,UNKNOWN/NA,UNKNOWN/NA,UNKNOWN,UNKNOWN/NA,,,1,,,,,,,,,,,,,,,,,Y,UNKNOWN,,,,,,,,,,,,,,,,,,,,,,,,,,,,,,,,,
2109513,9fa5749f7b5da11d3d497e6c72a80d39cf54602244fa7893781db32c938dcc3f4cf729df4dd0fc468c09d7eaa323aff7bd134065a2d80634eb72948828f62da7,07/18/2025 07:00:00 PM,2,PEDESTRIAN,,,,,,,,,,,,,,,,,,,,,,,,,,,,,,,,,,,,,,,,,,,,,,,,,,,,,,,,,,,,,,,,,,
2110090,9fe49e81636415f364c7e98db2a3f0a94d64bdd78a4fffd6664e10c477c6de1127ce26ef10090b0504ef51445fddc7216fc17b5bc803c0d8cf45f23dec580ace,07/18/2025 07:00:00 PM,1,DRIVER,,2011613,,OSHKOSH MOTOR TRUCK COMPANY,OSHKOSH MOTOR TRUCK CO.,IL,,UNKNOWN,OTHER,STATE OWNED,N,STRAIGHT AHEAD,,,1,,,,,N,N,,,,,,,,,,,Y,UNKNOWN,,,,,,,,,,,,,,,,,,,,,,,,,,,,,,,,,
2110091,9fe49e81636415f364c7e98db2a3f0a94d64bdd78a4fffd6664e10c477c6de1127ce26ef10090b0504ef51445fddc7216fc17b5bc803c0d8cf45f23dec580ace,07/18/2025 07:00:00 PM,2,PARKED,,2011588,,HONDA,ODYSSEY,IL,2011,NONE,VAN/MINI-VAN,PERSONAL,UNKNOWN,PARKED,,,0,,,,,,,,,,,Y,Y,Y,Y,Y,,,SIDE-LEFT,,,,,,,,,,,,,,,,,,,,,,,,,,,,,,,,,
2109669,fb504bc4ba34d332688437d48c01a9ad3a6eb1839e025508c61489725064397f427c2295baeea49c1157d675687f80d76674d10244388e022d72de5dfde22725,07/18/2025 07:00:00 PM,1,DRIVER,,2011176,,HYUNDAI,SONATA,IL,2012,UNKNOWN,PASSENGER,PERSONAL,S,BACKING,,,1,,,,,,,,Y,Y,Y,,,,,,,,REAR-RIGHT-CORNER,,,,,,,,,,,,,,,,,,,,,,,,,,,,,,,,,
2109670,fb504bc4ba34d332688437d48c01a9ad3a6eb1839e025508c61489725064397f427c2295baeea49c1157d675687f80d76674d10244388e022d72de5dfde22725,07/18/2025 07:00:00 PM,2,PARKED,,2011177,,NISSAN,ROGUE,IL,2018,UNKNOWN,PASSENGER,PERSONAL,UNKNOWN,PARKED,Y,,0,,UNKNOWN,UNKNOWN,,,,,,,,,,N,Y,Y,Y,,FRONT-LEFT-CORNER,,,,,,,,,,,,,,,,,,,,,,,,,,,,,,,,,
2112357,634f4bfa206c7489a92f653c2216ddc15aa9cbe2e359bb2e9e17e6e9acb278797a8877abbfd2d361923d3c887c78d76abc0b3633d5c25df4072b508702636f1b,07/18/2025 06:56:00 PM,1,DRIVER,,2013723,,DODGE,CARAVAN,IL,2018,UNKNOWN,VAN/MINI-VAN,UNKNOWN/NA,E,BACKING,,,1,,,,,,,,,,Y,,,,,,,,REAR,,,,,,,,,,,,,,,,,,,,,,,,,,,,,,,,,
2112358,634f4bfa206c7489a92f653c2216ddc15aa9cbe2e359bb2e9e17e6e9acb278797a8877abbfd2d361923d3c887c78d76abc0b3633d5c25df4072b508702636f1b,07/18/2025 06:56:00 PM,2,DRIVER,1,2013725,,TOYOTA,CAMRY,,,UNKNOWN,PASSENGER,PERSONAL,W,SLOW/STOP IN TRAFFIC,,,2,,,,,,,,,,,,,,,,Y,,FRONT,,,,,,,,,,,,,,,,,,,,,,,,,,,,,,,,,
2110009,06d5d4ed67ef7758a7c88c398a332c1672bf1a2b5d105dd08f236b98301b72500ba79e7f65354a272b4a98aa47cb7b3380df3afb7f97c5f9caf579b4e4e6ddae,07/18/2025 06:50:00 PM,1,DRIVER,,2011509,,FORD,FUSION,IL,2019,UNKNOWN,PASSENGER,PERSONAL,S,UNKNOWN/NA,,,1,,,,,Y,,,,,,,,,,,,,FRONT-RIGHT-CORNER,,,,,,,,,,,,,,,,,,,,,,,,,,,,,,,,,
2110010,06d5d4ed67ef7758a7c88c398a332c1672bf1a2b5d105dd08f236b98301b72500ba79e7f65354a272b4a98aa47cb7b3380df3afb7f97c5f9caf579b4e4e6ddae,07/18/2025 06:50:00 PM,2,DRIVER,,2011512,,TOYOTA,AVALON,IL,2013,UNKNOWN,PASSENGER,PERSONAL,S,STRAIGHT AHEAD,,,1,,,,,,,,,,,Y,Y,Y,Y,Y,,,SIDE-LEFT,,,,,,,,,,,,,,,,,,,,,,,,,,,,,,,,,
2111966,899509c80486aaa4601138ab3576f1f6d58e151dd6d7e9dbdcd8943be2aa2fb1d813eaf5c812451c9aa70bf3e9831d92168a2d7e157616f986c18f234a3d91c9,07/18/2025 06:50:00 PM,1,DRIVER,,2013812,,BMW,OTHER (EXPLAIN IN NARRATIVE),IL,,UNKNOWN,SPORT UTILITY VEHICLE (SUV),UNKNOWN/NA,W,BACKING,,,1,,,,,,,,,,Y,,,,,,,,REAR,,,,,,,,,,,,,,,,,,,,,,,,,,,,,,,,,
2111967,899509c80486aaa4601138ab3576f1f6d58e151dd6d7e9dbdcd8943be2aa2fb1d813eaf5c812451c9aa70bf3e9831d92168a2d7e157616f986c18f234a3d91c9,07/18/2025 06:50:00 PM,2,DRIVER,,2013813,,HYUNDAI,TUCSON,IL,,NONE,PASSENGER,PERSONAL,S,STRAIGHT AHEAD,,,1,,,,,,,,,,,,Y,Y,Y,,,,SIDE-LEFT,,,,,,,,,,,,,,,,,,,,,,,,,,,,,,,,,
2109502,9135bb30335d5ec33b85e65e719e869cd7c9d3af225b8ee38e9a7767cefe4796db7eeb9c9ec9043dab0b1c30d212afc4ad783ea4191cb022f618ef0fde9a3639,07/18/2025 06:40:00 PM,1,DRIVER,1,2011029,,TOYOTA,HIGHLANDER,IL,2021,NONE,PASSENGER,RIDESHARE SERVICE,N,SLOW/STOP IN TRAFFIC,,,2,,,,,,Y,Y,,,,,,,,,,,OTHER,,,,,,,,,,,,,,,,,,,,,,,,,,,,,,,,,
2109503,9135bb30335d5ec33b85e65e719e869cd7c9d3af225b8ee38e9a7767cefe4796db7eeb9c9ec9043dab0b1c30d212afc4ad783ea4191cb022f618ef0fde9a3639,07/18/2025 06:40:00 PM,2,BICYCLE,,,,,,,,,,,,,,,,,,,,,,,,,,,,,,,,,,,,,,,,,,,,,,,,,,,,,,,,,,,,,,,,,,
2109531,97c6e216a8e85b4a5c89d1298e2ce124091eac633265738e4bf03342e21cfe6216e4a03c12e68253c64b15b1db4fc0ae4c7777f8bd44ce3911a394c4c5fba63c,07/18/2025 06:40:00 PM,1,DRIVER,,2011061,,CADILLAC,ESCALADE,IL,2005,UNKNOWN,PASSENGER,PERSONAL,E,STRAIGHT AHEAD,,,1,,,,,,,,,,,,,,,,,Y,UNKNOWN,,,,,,,,,,,,,,,,,,,,,,,,,,,,,,,,,
2109532,97c6e216a8e85b4a5c89d1298e2ce124091eac633265738e4bf03342e21cfe6216e4a03c12e68253c64b15b1db4fc0ae4c7777f8bd44ce3911a394c4c5fba63c,07/18/2025 06:40:00 PM,2,DRIVER,,2011071,,JAGUAR,XE,IL,2017,UNKNOWN,PASSENGER,PERSONAL,E,STRAIGHT AHEAD,,,1,,,,,,,,,Y,Y,Y,,,,,,,REAR,,,,,,,,,,,,,,,,,,,,,,,,,,,,,,,,,
2109506,a776ca0fbce3b313717800de4954901cd13c59f37b54181b44494f168a21ceb2bfb5a8f683d55e99d1e81dfab94db45ad5a44ccd2b5590d8c50a087b7e364ace,07/18/2025 06:40:00 PM,1,DRIVER,,2011031,,KIA,FORTE,IL,2019,NONE,PASSENGER,PERSONAL,SE,STARTING IN TRAFFIC,,,1,,,,,Y,,,,,,,,,,Y,Y,,FRONT,,,,,,,,,,,,,,,,,,,,,,,,,,,,,,,,,
2109507,a776ca0fbce3b313717800de4954901cd13c59f37b54181b44494f168a21ceb2bfb5a8f683d55e99d1e81dfab94db45ad5a44ccd2b5590d8c50a087b7e364ace,07/18/2025 06:40:00 PM,2,DRIVER,,2011036,,NISSAN,KICKS,IL,2025,NONE,PASSENGER,PERSONAL,SE,SLOW/STOP IN TRAFFIC,,,1,,,,,,,,,,Y,Y,,,,,,,REAR-LEFT-CORNER,,,,,,,,,,,,,,,,,,,,,,,,,,,,,,,,,
2110006,2c1593e0e126cedb30c492f571760fd8dee311ceea9b1a771b2c84b90f78cef66569e35fe79454056939cf8aa08e3f9b569f18f2518fbe3e5ef30553b29e8ade,07/18/2025 06:35:00 PM,1,DRIVER,,2011508,,NISSAN,SENTRA,IL,2020,NONE,PASSENGER,PERSONAL,S,STRAIGHT AHEAD,Y,,1,,,home,,Y,,,,,,,,,,Y,Y,,FRONT,,,,,,,,,,,,,,,,,,,,,,,,,,,,,,,,,
2110007,2c1593e0e126cedb30c492f571760fd8dee311ceea9b1a771b2c84b90f78cef66569e35fe79454056939cf8aa08e3f9b569f18f2518fbe3e5ef30553b29e8ade,07/18/2025 06:35:00 PM,2,DRIVER,,2011522,,NISSAN,SENTRA,IL,2021,NONE,PASSENGER,PERSONAL,S,SLOW/STOP IN TRAFFIC,Y,,1,,personal tow,home,,Y,,,,Y,Y,Y,,,,Y,Y,,REAR,,,,,,,,,,,,,,,,,,,,,,,,,,,,,,,,,
2110008,2c1593e0e126cedb30c492f571760fd8dee311ceea9b1a771b2c84b90f78cef66569e35fe79454056939cf8aa08e3f9b569f18f2518fbe3e5ef30553b29e8ade,07/18/2025 06:35:00 PM,3,DRIVER,,2011526,,UNKNOWN,OTHER (EXPLAIN IN NARRATIVE),,,UNKNOWN,UNKNOWN/NA,UNKNOWN/NA,S,STRAIGHT AHEAD,,,1,,,,,,,,,Y,Y,Y,,,,,,,REAR,,,,,,,,,,,,,,,,,,,,,,,,,,,,,,,,,
2112951,fec131c9c861487941715796f499b0036be6020ee14d994e4bae3956afc983e35e7c6057b8082f3e89964f302721ce0420f57b1b6d531498b257225a6c12f339,07/18/2025 06:33:00 PM,1,DRIVER,,2014285,,TOYOTA,OTHER (EXPLAIN IN NARRATIVE),IL,2023,NONE,PASSENGER,PERSONAL,E,CHANGING LANES,,,1,,,,,,,,,,,,,,,,Y,,FRONT,,,,,,,,,,,,,,,,,,,,,,,,,,,,,,,,,
2112952,fec131c9c861487941715796f499b0036be6020ee14d994e4bae3956afc983e35e7c6057b8082f3e89964f302721ce0420f57b1b6d531498b257225a6c12f339,07/18/2025 06:33:00 PM,2,DRIVER,,2014286,,GENERAL MOTORS CORPORATION (GMC),OTHER (EXPLAIN IN NARRATIVE),IL,2015,NONE,PICKUP,PERSONAL,E,STRAIGHT AHEAD,,,1,,,,Y,,,,,,,,,,,,,,OTHER,,,,,,,,,,,,,,,,,,,,,,,,,,,,,,,,,
2109498,20af9d23c696486942c806578830298378080c9e4511051d508957b96c23828e85ab9e90067e5b6d76b9b1f8432ec31a00c31c2bf3524935004ec96e7c4cba64,07/18/2025 06:30:00 PM,1,DRIVER,,2011025,,CHEVROLET,EQUINOX,IL,2011,NONE,SPORT UTILITY VEHICLE (SUV),PERSONAL,E,STRAIGHT AHEAD,,,1,,,,,,,,,,,,,,,Y,N,,FRONT-LEFT-CORNER,,,,,,,,,,,,,,,,,,,,,,,,,,,,,,,,,
2109499,20af9d23c696486942c806578830298378080c9e4511051d508957b96c23828e85ab9e90067e5b6d76b9b1f8432ec31a00c31c2bf3524935004ec96e7c4cba64,07/18/2025 06:30:00 PM,2,DRIVER,,2011021,,DODGE,RAM 1500 PU,IL,2022,NONE,PICKUP,PERSONAL,E,STRAIGHT AHEAD,,,1,,,,,,,,,,Y,,,,,,,,REAR,,,,,,,,,,,,,,,,,,,,,,,,,,,,,,,,,
2112058,3320e6852a7c5ddbee181c3167cfa6a10c32c620a0e7e64a3276d32bd753b34ad75bb6ef17f585b9f8e7dcb9463145f6649f94416c723e4943f402b02bd3d49f,07/18/2025 06:30:00 PM,1,DRIVER,1,2013442,,CHEVROLET,COLORADO,IL,2005,NONE,PICKUP,UNKNOWN/NA,UNKNOWN,BACKING,,,2,,,,Y,,,,,,,,,,,,,,REAR,,,,,,,,,,,,,,,,,,,,,,,,,,,,,,,,,
2112059,3320e6852a7c5ddbee181c3167cfa6a10c32c620a0e7e64a3276d32bd753b34ad75bb6ef17f585b9f8e7dcb9463145f6649f94416c723e4943f402b02bd3d49f,07/18/2025 06:30:00 PM,2,PARKED,,2013445,,BMW,3 SERIES,IL,2024,NONE,PASSENGER,UNKNOWN/NA,UNKNOWN,PARKED,,,0,,,,,,,,,,Y,,,,,,,,REAR,,,,,,,,,,,,,,,,,,,,,,,,,,,,,,,,,
2111076,4b4ab899c3b7e54ea932b3224b20e70ba94b376f319cac7cf59a2b0672738c08b2049bd71bc16d5ef3c0187262fae79dc9e85e581ac2555172285fae9bebdb2c,07/18/2025 06:30:00 PM,1,DRIVER,,2012512,,TOYOTA,SIENNA,IL,2017,UNKNOWN,VAN/MINI-VAN,PERSONAL,N,STRAIGHT AHEAD,,,1,,,,,,,Y,Y,,,,,,,,,,SIDE-RIGHT,,,,,,,,,,,,,,,,,,,,,,,,,,,,,,,,,
2111077,4b4ab899c3b7e54ea932b3224b20e70ba94b376f319cac7cf59a2b0672738c08b2049bd71bc16d5ef3c0187262fae79dc9e85e581ac2555172285fae9bebdb2c,07/18/2025 06:30:00 PM,2,DRIVER,,2012520,,TOYOTA,RAV4,IL,2018,UNKNOWN,OTHER,TAXI/FOR HIRE,N,STRAIGHT AHEAD,,,1,,,,,,,,,,,,,,,Y,,,FRONT-LEFT-CORNER,,,,,,,,,,,,,,,,,,,,,,,,,,,,,,,,,
2111318,64d11b8f428c7f0c5e7184739281b0dd570e6b20be000fefb2087ead933c7edf76d51fc81f02982fff72fd79cf45a3b8e6c7a957b36d6ada17d8d6e1c704a696,07/18/2025 06:29:00 PM,1,DRIVER,,2012735,,UNKNOWN,OTHER (EXPLAIN IN NARRATIVE),,,UNKNOWN,VAN/MINI-VAN,OTHER,S,LEAVING TRAFFIC LANE TO PARK,,,1,,,,,,,,,,,Y,Y,,Y,Y,,,FRONT-LEFT-CORNER,,,,,,,,,,,,,,,,,,,,,,,,,,,,,,,,,
2111319,64d11b8f428c7f0c5e7184739281b0dd570e6b20be000fefb2087ead933c7edf76d51fc81f02982fff72fd79cf45a3b8e6c7a957b36d6ada17d8d6e1c704a696,07/18/2025 06:29:00 PM,2,PARKED,,2012756,,DODGE,JOURNEY,IL,2018,NONE,PASSENGER,NOT IN USE,S,PARKED,,,0,,,,,Y,Y,,,,,,,,,,Y,,FRONT-RIGHT-CORNER,,,,,,,,,,,,,,,,,,,,,,,,,,,,,,,,,
2109484,ac486239352424c90deedcf6c94633e283e3f298b3edb92cd037d3ed8f39e3e0c7bcc303b2b2e0c11331b9729e196ab0872f58a8a0d010ee890afc543c267b68,07/18/2025 06:25:00 PM,1,DRIVER,,2011011,,VOLKSWAGEN,TIGUAN,IL,2020,NONE,PASSENGER,PERSONAL,W,PASSING/OVERTAKING,,,1,,,,,,Y,Y,,,,,,,,,,,SIDE-LEFT,,,,,,,,,,,,,,,,,,,,,,,,,,,,,,,,,
2109485,ac486239352424c90deedcf6c94633e283e3f298b3edb92cd037d3ed8f39e3e0c7bcc303b2b2e0c11331b9729e196ab0872f58a8a0d010ee890afc543c267b68,07/18/2025 06:25:00 PM,2,DRIVER,,2011016,,CHRYSLER,CARAVAN,IL,2020,NONE,PASSENGER,PERSONAL,W,CHANGING LANES,,,1,,,,,,,,,,,,,,,Y,,,FRONT-LEFT-CORNER,,,,,,,,,,,,,,,,,,,,,,,,,,,,,,,,,
2112964,49703aafd7202e3bdcbee7a91372bae9fe6ae5c3c86b9876a760d392c52910eb603deae25d97a2e7c8376fbf0b7267570b90671b0a7a17458fcebf23048d0b18,07/18/2025 06:20:00 PM,1,DRIVER,,2014302,,DODGE,OTHER (EXPLAIN IN NARRATIVE),IL,1996,UNKNOWN,PICKUP,UNKNOWN/NA,W,STRAIGHT AHEAD,,,1,,,,,,,,,,,,,,,,,Y,SIDE-RIGHT,,,,,,,,,,,,,,,,,,,,,,,,,,,,,,,,,
2112965,49703aafd7202e3bdcbee7a91372bae9fe6ae5c3c86b9876a760d392c52910eb603deae25d97a2e7c8376fbf0b7267570b90671b0a7a17458fcebf23048d0b18,07/18/2025 06:20:00 PM,2,DRIVER,,2014317,,FORD,FUSION,IL,2018,NONE,PASSENGER,PERSONAL,W,STRAIGHT AHEAD,,,1,,,,,,,,,,,Y,Y,Y,Y,Y,,,SIDE-LEFT,,,,,,,,,,,,,,,,,,,,,,,,,,,,,,,,,
2109466,aa606066823d47328e47129221d010374462da0743ed68a00f1224ccf5df00e650a451f73428b70dd03e406c31c40de78a8f3112ae794e4eb894cb3ff216450c,07/18/2025 06:10:00 PM,1,DRIVER,,2010982,,NISSAN,ALTIMA,IL,,UNKNOWN,PASSENGER,UNKNOWN/NA,E,STRAIGHT AHEAD,,,1,,,,,,,,,,,,,,,,,Y,FRONT,,,,,,,,,,,,,,,,,,,,,,,,,,,,,,,,,
2109467,aa606066823d47328e47129221d010374462da0743ed68a00f1224ccf5df00e650a451f73428b70dd03e406c31c40de78a8f3112ae794e4eb894cb3ff216450c,07/18/2025 06:10:00 PM,2,DRIVER,,2010989,,FORD,ESCAPE,IL,2022,UNKNOWN,PASSENGER,PERSONAL,N,STRAIGHT AHEAD,,,1,,,,,,,,,,,Y,Y,Y,,,,,REAR-LEFT-CORNER,,,,,,,,,,,,,,,,,,,,,,,,,,,,,,,,,
2112503,f359b652a4c733fc7efdc985f6662af7e31fd1b9ca1a5131bfc6ef9288f8423819bbd3206dca0ddd9890cd32fdd1568b6624ab80d5b330019773550971b4a99e,07/18/2025 06:10:00 PM,1,DRIVER,,2013862,,DODGE,RAM 1500 PU,IL,2014,NONE,PICKUP,PERSONAL,N,BACKING,,,1,,,,,,,,,,Y,,,,,,,,REAR,,,,,,,,,,,,,,,,,,,,,,,,,,,,,,,,,
2112504,f359b652a4c733fc7efdc985f6662af7e31fd1b9ca1a5131bfc6ef9288f8423819bbd3206dca0ddd9890cd32fdd1568b6624ab80d5b330019773550971b4a99e,07/18/2025 06:10:00 PM,2,DRIVER,,2013866,,TOYOTA,CAMRY,IL,2021,NONE,PASSENGER,PERSONAL,S,SLOW/STOP IN TRAFFIC,,,1,,,,,,,,,,,,,,,,Y,,FRONT,,,,,,,,,,,,,,,,,,,,,,,,,,,,,,,,,
2109527,f39add083cba2e4ec9592a5a8519760cc0466931a399e265e73c1cd9fb104b215cd573dbfb04c17c7546219f61e82f9ca1a06cccf8f3eadff6fb91e9673f0a59,07/18/2025 06:05:00 PM,1,DRIVER,2,2011047,,CHEVROLET,CRUZE,IL,2018,NONE,PASSENGER,PERSONAL,N,STRAIGHT AHEAD,,,3,,,,,Y,Y,Y,,,,,,,,,,,SIDE-RIGHT,,,,,,,,,,,,,,,,,,,,,,,,,,,,,,,,,
2109528,f39add083cba2e4ec9592a5a8519760cc0466931a399e265e73c1cd9fb104b215cd573dbfb04c17c7546219f61e82f9ca1a06cccf8f3eadff6fb91e9673f0a59,07/18/2025 06:05:00 PM,2,DRIVER,,2011059,,VOLKSWAGEN,JETTA,IL,2011,NONE,PASSENGER,PERSONAL,W,STRAIGHT AHEAD,,,1,,,,,Y,,,,,,,,,,Y,Y,,FRONT,,,,,,,,,,,,,,,,,,,,,,,,,,,,,,,,,
2109562,5cfc95dff8abc5f4a5ce048c5ec319503e8faf26f78de49f2792639d66e95c799ff33f80df6b10e5d9b042950ec807684ab4926ba6710bd79b03fb0b03de5b99,07/18/2025 06:03:00 PM,1,DRIVER,,2011080,,LINCOLN,OTHER (EXPLAIN IN NARRATIVE),,,UNKNOWN,UNKNOWN/NA,UNKNOWN/NA,W,STRAIGHT AHEAD,,,1,,,,,,,,,,,,,,,,Y,,FRONT,,,,,,,,,,,,,,,,,,,,,,,,,,,,,,,,,
2109563,5cfc95dff8abc5f4a5ce048c5ec319503e8faf26f78de49f2792639d66e95c799ff33f80df6b10e5d9b042950ec807684ab4926ba6710bd79b03fb0b03de5b99,07/18/2025 06:03:00 PM,2,DRIVER,,2011084,,FORD,EXPLORER,IL,2023,UNKNOWN,UNKNOWN/NA,UNKNOWN/NA,W,STRAIGHT AHEAD,,,1,,,,,,,,,,Y,,,,,,,,REAR,,,,,,,,,,,,,,,,,,,,,,,,,,,,,,,,,
2110623,04e9cc6fbd08621a2051f4a49f4195c4194d3f8876e81deda8cf7bde9f13545d5f59029d45d60db2492beecd8dac1ee2a9e8fab3edb29549985b0513e27ef7bf,07/18/2025 06:00:00 PM,1,DRIVER,,2012095,,FREIGHTLINER CORPORATION,FREIGHTLINER CORP.,IL,2018,UNKNOWN,PICKUP,UNKNOWN/NA,E,STARTING IN TRAFFIC,,,1,,,,,,,,,,,,,,,,,Y,SIDE-LEFT,,,,,,,,,,,,,,,,,,,,,,,,,,,,,,,,,
2110624,04e9cc6fbd08621a2051f4a49f4195c4194d3f8876e81deda8cf7bde9f13545d5f59029d45d60db2492beecd8dac1ee2a9e8fab3edb29549985b0513e27ef7bf,07/18/2025 06:00:00 PM,2,DRIVER,,2012105,,FORD,F150,IL,2021,NONE,PICKUP,PERSONAL,E,STRAIGHT AHEAD,,,1,,,,,Y,,,,,,,,,,,,,FRONT-RIGHT-CORNER,,,,,,,,,,,,,,,,,,,,,,,,,,,,,,,,,
2109401,e21938afb90d896f3cd831986b346f2151b6ea5be835eaa58fd71be5f6ae6af61adcc49995050f7cb7d07ca1b45759e6d6e8a38c72fd150338398f70bb9eaeec,07/18/2025 05:51:00 PM,1,DRIVER,,2010924,,"MACK TRUCKS, INC.","MACK TRUCKS, INC.",IL,2004,NONE,TRUCK - SINGLE UNIT,OTHER,S,STRAIGHT AHEAD,,,1,,,,,,,,,Y,Y,Y,,,,,,,REAR,,,,,,,,,,,,,,,,,,,,,,,,,,,,,,,,,
2109518,0a2d714839597055ca3b533593a004f37b56fa4893fe91233d01cd93d497d3207cc1917cb44224bb1f5f346b99d179df00d66fd93a72dc84d4189ffaedacfaff,07/18/2025 05:50:00 PM,1,DRIVER,,2011092,,"FLEETWOOD ENTERPRISES, INC.","FLEETWOOD ENTERPRISES, INC.",IL,2018,UNKNOWN,BUS OVER 15 PASS.,OTHER,UNKNOWN,TURNING LEFT,,,1,,,,,,,,,Y,,,,,,,,,SIDE-RIGHT-REAR,,,,,,,,,,,,,,,,,,,,,,,,,,,,,,,,,
2109519,0a2d714839597055ca3b533593a004f37b56fa4893fe91233d01cd93d497d3207cc1917cb44224bb1f5f346b99d179df00d66fd93a72dc84d4189ffaedacfaff,07/18/2025 05:50:00 PM,2,DRIVER,,2011098,,TOYOTA,CAMRY,IL,2012,NONE,PASSENGER,TAXI/FOR HIRE,UNKNOWN,STRAIGHT AHEAD,,,1,,,,,,,,,,,Y,,,,,,,REAR-LEFT-CORNER,,,,,,,,,,,,,,,,,,,,,,,,,,,,,,,,,
2109547,9d7aa0bdfe93111d98e15bb2947252024b65c7bb05c9a6a60a025d1506922ab3ba7cbe33febb6c85dfb5798b17a2bbedc1eebb0a67c2b5dbfccfc3fca701da91,07/18/2025 05:50:00 PM,1,DRIVER,1,2011065,,KIA,FORTE,IL,2013,UNKNOWN,PASSENGER,PERSONAL,SE,TURNING RIGHT,,,2,,,,,,,,,,,,,,,,,Y,FRONT-RIGHT-CORNER,,,,,,,,,,,,,,,,,,,,,,,,,,,,,,,,,
2109548,9d7aa0bdfe93111d98e15bb2947252024b65c7bb05c9a6a60a025d1506922ab3ba7cbe33febb6c85dfb5798b17a2bbedc1eebb0a67c2b5dbfccfc3fca701da91,07/18/2025 05:50:00 PM,2,BICYCLE,,,,,,,,,,,,,,,,,,,,,,,,,,,,,,,,,,,,,,,,,,,,,,,,,,,,,,,,,,,,,,,,,,
2109454,f27e4e33e73f654d56d240b03e67bd42a2af294493a0358a22544836a8dc8f49ad0ccf695821aead51657b746dfcc67db626ef01ee355381b0da3cd940734223,07/18/2025 05:49:00 PM,1,DRIVER,1,2010977,,AUDI,A5,FL,2018,NONE,PASSENGER,PERSONAL,E,STRAIGHT AHEAD,,,2,,,,,Y,Y,,,,,,,,,,,,FRONT-RIGHT-CORNER,,,,,,,,,,,,,,,,,,,,,,,,,,,,,,,,,