CRASH_UNIT_ID,CRASH_RECORD_ID,CRASH_DATE,UNIT_NO,UNIT_TYPE,NUM_PASSENGERS,VEHICLE_ID,CMRC_VEH_I,MAKE,MODEL,LIC_PLATE_STATE,VEHICLE_YEAR,VEHICLE_DEFECT,VEHICLE_TYPE,VEHICLE_USE,TRAVEL_DIRECTION,MANEUVER,TOWED_I,FIRE_I,OCCUPANT_CNT,EXCEED_SPEED_LIMIT_I,TOWED_BY,TOWED_TO,AREA_00_I,AREA_01_I,AREA_02_I,AREA_03_I,AREA_04_I,AREA_05_I,AREA_06_I,AREA_07_I,AREA_08_I,AREA_09_I,AREA_10_I,AREA_11_I,AREA_12_I,AREA_99_I,FIRST_CONTACT_POINT,CMV_ID,USDOT_NO,CCMC_NO,ILCC_NO,COMMERCIAL_SRC,GVWR,CARRIER_NAME,CARRIER_STATE,CARRIER_CITY,HAZMAT_PLACARDS_I,HAZMAT_NAME,UN_NO,HAZMAT_PRESENT_I,HAZMAT_REPORT_I,HAZMAT_REPORT_NO,MCS_REPORT_I,MCS_REPORT_NO,HAZMAT_VIO_CAUSE_CRASH_I,MCS_VIO_CAUSE_CRASH_I,IDOT_PERMIT_NO,WIDE_LOAD_I,TRAILER1_WIDTH,TRAILER2_WIDTH,TRAILER1_LENGTH,TRAILER2_LENGTH,TOTAL_VEHICLE_LENGTH,AXLE_CNT,VEHICLE_CONFIG,CARGO_BODY_TYPE,LOAD_TYPE,HAZMAT_OUT_OF_SERVICE_I,MCS_OUT_OF_SERVICE_I,HAZMAT_CLASS
2109455,f27e4e33e73f654d56d240b03e67bd42a2af294493a0358a22544836a8dc8f49ad0ccf695821aead51657b746dfcc67db626ef01ee355381b0da3cd940734223,07/18/2025 05:49:00 PM,2,DRIVER,,2010995,,FORD,OTHER (EXPLAIN IN NARRATIVE),IL,2021,NONE,OTHER,STATE OWNED,W,STRAIGHT AHEAD,,,1,,,,,,,,Y,Y,,,,,,,,,REAR-RIGHT-CORNER,,,,,,,,,,,,,,,,,,,,,,,,,,,,,,,,,
2109420,a318cc71ee1725f182c0c9f0cde29fc05de17a4a6b2f2d2098723ab57a9ce5ab83ae19a4674dc3cb3f5f76f1e78e0e6b6e27b10bbeabf7e8f8ac5566b7cd5e12,07/18/2025 05:45:00 PM,1,DRIVER,,2010946,,CHEVROLET,EQUINOX,IN,2011,UNKNOWN,SPORT UTILITY VEHICLE (SUV),PERSONAL,S,STRAIGHT AHEAD,,,1,,,,,,,,,,,,,,,,,Y,FRONT,,,,,,,,,,,,,,,,,,,,,,,,,,,,,,,,,
2109421,a318cc71ee1725f182c0c9f0cde29fc05de17a4a6b2f2d2098723ab57a9ce5ab83ae19a4674dc3cb3f5f76f1e78e0e6b6e27b10bbeabf7e8f8ac5566b7cd5e12,07/18/2025 05:45:00 PM,2,DRIVER,,2010949,,FORD,MUSTANG,IN,2021,UNKNOWN,PASSENGER,PERSONAL,S,STRAIGHT AHEAD,,,1,,,,,,,,,,Y,,,,,,,Y,REAR,,,,,,,,,,,,,,,,,,,,,,,,,,,,,,,,,
2109488,784aca11c8c6cb78ba656c5ae2f1bfe21a8bca609696630544aa37fee909876ec08debffe55211282dbbb463f78d5e0fc109c92ee80ef1f22ddf9c82c5ae05a1,07/18/2025 05:42:00 PM,2,PEDESTRIAN,,,,,,,,,,,,,,,,,,,,,,,,,,,,,,,,,,,,,,,,,,,,,,,,,,,,,,,,,,,,,,,,,,
2109489,784aca11c8c6cb78ba656c5ae2f1bfe21a8bca609696630544aa37fee909876ec08debffe55211282dbbb463f78d5e0fc109c92ee80ef1f22ddf9c82c5ae05a1,07/18/2025 05:42:00 PM,1,DRIVER,1,2011009,,CHEVROLET,IMPALA,IL,,NONE,PASSENGER,PERSONAL,E,TURNING RIGHT,,,2,,,,Y,,,,,,,,,,,,,,NONE,,,,,,,,,,,,,,,,,,,,,,,,,,,,,,,,,
2109472,0f8e5469aaf25f7eebcc585affa2af13a45e04b1783357e71836cde667c03c5e3860d21f5bfdc1e0e618e1fd0904ddddf8166d21de11099229504b447147cb06,07/18/2025 05:40:00 PM,1,DRIVER,,2010992,,JEEP,GRAND CHEROKEE,IL,2021,UNKNOWN,PASSENGER,PERSONAL,N,CHANGING LANES,,,1,,,,,,,,,,,,,,Y,Y,Y,,FRONT-RIGHT-CORNER,,,,,,,,,,,,,,,,,,,,,,,,,,,,,,,,,
2109473,0f8e5469aaf25f7eebcc585affa2af13a45e04b1783357e71836cde667c03c5e3860d21f5bfdc1e0e618e1fd0904ddddf8166d21de11099229504b447147cb06,07/18/2025 05:40:00 PM,2,DRIVER,2,2011000,,GENERAL MOTORS CORPORATION (GMC),YUKON,LA,2024,UNKNOWN,PASSENGER,PERSONAL,E,TURNING RIGHT,,,3,,,,,,Y,Y,,,,,,,,,,,SIDE-RIGHT,,,,,,,,,,,,,,,,,,,,,,,,,,,,,,,,,
2109444,f1f3d46b2b3a8c546d4bfd750261b92668ddc8aa3810230a05dc2b86d4bf8d7489d87342caf21cee946ce8743e72dbcc3ab3c2f39cf3cc4a79dbf917834bb02d,07/18/2025 05:37:00 PM,1,DRIVER,,2010955,,CHEVROLET,EQUINOX,IL,2013,UNKNOWN,PASSENGER,PERSONAL,N,TURNING LEFT,,,1,,,,,,,Y,,,,,,,,,,,SIDE-RIGHT,,,,,,,,,,,,,,,,,,,,,,,,,,,,,,,,,
2109445,f1f3d46b2b3a8c546d4bfd750261b92668ddc8aa3810230a05dc2b86d4bf8d7489d87342caf21cee946ce8743e72dbcc3ab3c2f39cf3cc4a79dbf917834bb02d,07/18/2025 05:37:00 PM,2,BICYCLE,,,,,,,,,,,,,,,,,,,,,,,,,,,,,,,,,,,,,,,,,,,,,,,,,,,,,,,,,,,,,,,,,,
2109494,4e1b7ec42ca87473e070d0c3dee40dd0890e7bf75daa0dc2c64cc11a126339bb6f4a1557773f0f058656615ae0888ab63c3874b31f2bb6edb4889025071d4361,07/18/2025 05:36:00 PM,1,DRIVER,,2011017,,ACURA,ADX,IL,2010,NONE,PASSENGER,PERSONAL,W,STRAIGHT AHEAD,,,1,,,,,Y,Y,,,,,,,,,,,N,FRONT-RIGHT-CORNER,,,,,,,,,,,,,,,,,,,,,,,,,,,,,,,,,
2109495,4e1b7ec42ca87473e070d0c3dee40dd0890e7bf75daa0dc2c64cc11a126339bb6f4a1557773f0f058656615ae0888ab63c3874b31f2bb6edb4889025071d4361,07/18/2025 05:36:00 PM,2,DRIVER,1,2011022,,HONDA,CR-V,IL,2013,NONE,PASSENGER,PERSONAL,W,MERGING,,,2,,,,,,,,,,,,,,Y,,,,FRONT-LEFT-CORNER,,,,,,,,,,,,,,,,,,,,,,,,,,,,,,,,,
2109486,718217c9a7fc2b882b133862a1d5d5f4bd1f02d0caf3029c8ac26794fe87e4d96f8f52ff9f0064acb2131d125a8c3548601803ceb09ca69f45fab1d90c8f776f,07/18/2025 05:30:00 PM,1,DRIVER,1,2011023,,NISSAN,ALTIMA,IL,2024,UNKNOWN,PASSENGER,UNKNOWN/NA,S,TURNING LEFT,,,2,,,,,Y,Y,,,,,,,,,,,,FRONT-RIGHT-CORNER,,,,,,,,,,,,,,,,,,,,,,,,,,,,,,,,,
2109487,718217c9a7fc2b882b133862a1d5d5f4bd1f02d0caf3029c8ac26794fe87e4d96f8f52ff9f0064acb2131d125a8c3548601803ceb09ca69f45fab1d90c8f776f,07/18/2025 05:30:00 PM,2,DRIVER,,2011032,,NISSAN,PATHFINDER,MI,2025,UNKNOWN,SPORT UTILITY VEHICLE (SUV),UNKNOWN/NA,N,TURNING RIGHT,,,1,,,,,,,,,,,,,,Y,Y,,,FRONT-LEFT-CORNER,,,,,,,,,,,,,,,,,,,,,,,,,,,,,,,,,
2110732,e4b62607a28d62a92f5c08c4146a16c4eee69b485240d39f1f0a38e80a1129b77f3254b24febba5f42b5bd195d92197cbceec6ae75b4bfcdbdb68ee29b9682fd,07/18/2025 05:27:00 PM,1,DRIVER,,2012187,,UNKNOWN,MOTORIZED,,,UNKNOWN,UNKNOWN/NA,UNKNOWN/NA,UNKNOWN,UNKNOWN/NA,,,1,,,,,,,,,,,,,,,,,Y,UNKNOWN,,,,,,,,,,,,,,,,,,,,,,,,,,,,,,,,,
2110733,e4b62607a28d62a92f5c08c4146a16c4eee69b485240d39f1f0a38e80a1129b77f3254b24febba5f42b5bd195d92197cbceec6ae75b4bfcdbdb68ee29b9682fd,07/18/2025 05:27:00 PM,2,PARKED,,2012189,,NISSAN,VERSA,WI,2011,UNKNOWN,PASSENGER,UNKNOWN/NA,UNKNOWN,PARKED,,,0,,,,,,,,,,,,,,,,Y,,FRONT,,,,,,,,,,,,,,,,,,,,,,,,,,,,,,,,,
2109571,76971acd1cc7fccc307f7932e32c6c034d7bbc83354eebfaa129b026b8d2ebd403c0de51c04484d18e8048e3467b934282804bc2c63caff1503e923474a17352,07/18/2025 05:20:00 PM,1,DRIVER,,2011090,,NISSAN,MURANO,IL,2012,UNKNOWN,SPORT UTILITY VEHICLE (SUV),PERSONAL,W,SLOW/STOP IN TRAFFIC,,,1,,,,,Y,,,,,,,,,,,,,FRONT-RIGHT-CORNER,,,,,,,,,,,,,,,,,,,,,,,,,,,,,,,,,
2109572,76971acd1cc7fccc307f7932e32c6c034d7bbc83354eebfaa129b026b8d2ebd403c0de51c04484d18e8048e3467b934282804bc2c63caff1503e923474a17352,07/18/2025 05:20:00 PM,2,DRIVER,,2011093,,TOYOTA,RAV4,IL,2020,NONE,SPORT UTILITY VEHICLE (SUV),PERSONAL,W,SLOW/STOP IN TRAFFIC,,,1,,,,,,,,,,,Y,,,,,,,REAR-LEFT-CORNER,,,,,,,,,,,,,,,,,,,,,,,,,,,,,,,,,
2109422,db54a9946aa5eca46a81437fe4a45870e504fad2564bc02823bbd2da34371fa1427d0b0c6f14b770e077569140676b451bba464e1c5657bad03e0db56dfe04f7,07/18/2025 05:20:00 PM,1,DRIVER,,2010981,,HONDA,MOTORCYCLE,IL,2007,UNKNOWN,MOTORCYCLE (OVER 150CC),PERSONAL,S,OTHER,,,1,,,,,,,,,,,,,Y,Y,Y,,,SIDE-LEFT,,,,,,,,,,,,,,,,,,,,,,,,,,,,,,,,,
2109423,db54a9946aa5eca46a81437fe4a45870e504fad2564bc02823bbd2da34371fa1427d0b0c6f14b770e077569140676b451bba464e1c5657bad03e0db56dfe04f7,07/18/2025 05:20:00 PM,2,DRIVER,,2010985,,TOYOTA,BZ4X,IL,2004,UNKNOWN,PASSENGER,PERSONAL,W,TURNING LEFT,,,1,,,,,,,,,,,,,,,Y,Y,,FRONT,,,,,,,,,,,,,,,,,,,,,,,,,,,,,,,,,
2109381,688c3106300e835304f6af78d3b166aa66328fa2e66354b889033f11f9738def97c4ff6a97a828dc00b9e3c8112fc7d9eb15856ca6764b383a22de91e889888f,07/18/2025 05:17:00 PM,1,DRIVER,,2010908,,BMW,OTHER (EXPLAIN IN NARRATIVE),MO,1998,UNKNOWN,PASSENGER,PERSONAL,W,UNKNOWN/NA,,,1,,,,,Y,,,,,,,,,,Y,Y,,SIDE-RIGHT-FRONT,,,,,,,,,,,,,,,,,,,,,,,,,,,,,,,,,
2109382,688c3106300e835304f6af78d3b166aa66328fa2e66354b889033f11f9738def97c4ff6a97a828dc00b9e3c8112fc7d9eb15856ca6764b383a22de91e889888f,07/18/2025 05:17:00 PM,2,DRIVER,,2010915,,JEEP,CHEROKEE,IL,2016,UNKNOWN,PASSENGER,PERSONAL,W,SLOW/STOP IN TRAFFIC,,,1,,,,,,,,,,Y,Y,,,,,,,REAR-LEFT-CORNER,,,,,,,,,,,,,,,,,,,,,,,,,,,,,,,,,
2109556,0c157c45bc9cf61e5cf24680f328c077b1bc552150814e123619466a59342c8048fdd1746328b1c1f35a9818504d1b6e0e97d0a28ff7cc73ce4f696a5b54bc5a,07/18/2025 05:15:00 PM,1,DRIVER,,2011070,,UNKNOWN,MOTORIZED,,,UNKNOWN,UNKNOWN/NA,UNKNOWN/NA,S,UNKNOWN/NA,,,1,,,,,,,,,,,,,,,,,,SIDE-RIGHT,,,,,,,,,,,,,,,,,,,,,,,,,,,,,,,,,
2109557,0c157c45bc9cf61e5cf24680f328c077b1bc552150814e123619466a59342c8048fdd1746328b1c1f35a9818504d1b6e0e97d0a28ff7cc73ce4f696a5b54bc5a,07/18/2025 05:15:00 PM,2,PARKED,,2011075,,JEEP,WRANGLER,IL,2019,NONE,PASSENGER,NOT IN USE,S,PARKED,,,0,,,,,,,,,,,Y,,,,,,,SIDE-LEFT-REAR,,,,,,,,,,,,,,,,,,,,,,,,,,,,,,,,,
2109522,624dfeed6d4d9175bf7c5efdad87c2e4efbba6bf3aeb41570681add36479696db2b8d87f14b53d0dbce4a75157f876b48ce312edbcf7c02ca65a8157891948fb,07/18/2025 05:15:00 PM,1,DRIVER,,2011041,,NISSAN,KICKS,IL,2021,UNKNOWN,PASSENGER,PERSONAL,E,STRAIGHT AHEAD,,,1,,,,,,,,,,,,,,Y,Y,Y,,FRONT-LEFT-CORNER,,,,,,,,,,,,,,,,,,,,,,,,,,,,,,,,,
2109523,624dfeed6d4d9175bf7c5efdad87c2e4efbba6bf3aeb41570681add36479696db2b8d87f14b53d0dbce4a75157f876b48ce312edbcf7c02ca65a8157891948fb,07/18/2025 05:15:00 PM,2,BICYCLE,,,,,,,,,,,,,,,,,,,,,,,,,,,,,,,,,,,,,,,,,,,,,,,,,,,,,,,,,,,,,,,,,,
2109468,c14ed69f7ab887f432b33db97d7505c4b319cae833f1ec033fe0ba22b17a0b939a6f283517356dd0945e78169780e91f0d0d39602e99343acf0c18d47d4483de,07/18/2025 05:15:00 PM,1,DRIVER,,2010987,,TOYOTA,COROLLA,IN,,NONE,PASSENGER,PERSONAL,W,STRAIGHT AHEAD,,,1,,,,,,,,,,,,,,,,,Y,FRONT,,,,,,,,,,,,,,,,,,,,,,,,,,,,,,,,,
2109469,c14ed69f7ab887f432b33db97d7505c4b319cae833f1ec033fe0ba22b17a0b939a6f283517356dd0945e78169780e91f0d0d39602e99343acf0c18d47d4483de,07/18/2025 05:15:00 PM,2,DRIVER,,2010994,,TOYOTA,CAMRY,IL,2021,NONE,PASSENGER,PERSONAL,W,STRAIGHT AHEAD,,,1,,,,,,,,,,Y,,,,,,,,REAR,,,,,,,,,,,,,,,,,,,,,,,,,,,,,,,,,
2109452,acb11eeb17a9b31461ff01e9c9324e20abd040b06cdbb56c358efe333e66787208fba33d187549b7eab53b7a485bdc04d52406b0e130f3649b43fc249d6704fd,07/18/2025 05:12:00 PM,1,DRIVER,,2010965,,HONDA,PILOT,IL,2004,NONE,OTHER,OTHER,NW,PASSING/OVERTAKING,,,1,,,,,,,Y,Y,Y,,,,,,,,,SIDE-RIGHT,,,,,,,,,,,,,,,,,,,,,,,,,,,,,,,,,
2109453,acb11eeb17a9b31461ff01e9c9324e20abd040b06cdbb56c358efe333e66787208fba33d187549b7eab53b7a485bdc04d52406b0e130f3649b43fc249d6704fd,07/18/2025 05:12:00 PM,2,DRIVER,,2010970,,DODGE,DURANGO,IL,2020,NONE,PASSENGER,NOT IN USE,W,STRAIGHT AHEAD,,,1,,,,,Y,,,,,,,,Y,Y,Y,Y,,SIDE-LEFT,,,,,,,,,,,,,,,,,,,,,,,,,,,,,,,,,
2109448,a4d54cca167cc6f2ebe21713fd1795143b5247bc21a6f1674be42a458dc967009807ebf33c94deea3ca2fca7b7fd5bba70bbd69e499883210dd39880803ba689,07/18/2025 05:10:00 PM,1,DRIVER,2,2010988,,MINI,COOPER,IL,2007,NONE,PASSENGER,PERSONAL,E,STRAIGHT AHEAD,Y,,3,,AMERICAN ALLIANCE,,,Y,Y,Y,Y,,,,,,,,,,SIDE-RIGHT,,,,,,,,,,,,,,,,,,,,,,,,,,,,,,,,,
2109449,a4d54cca167cc6f2ebe21713fd1795143b5247bc21a6f1674be42a458dc967009807ebf33c94deea3ca2fca7b7fd5bba70bbd69e499883210dd39880803ba689,07/18/2025 05:10:00 PM,2,DRIVER,,2011005,,VOLKSWAGEN,PASSAT,IL,2014,UNKNOWN,PASSENGER,PERSONAL,N,STRAIGHT AHEAD,,,1,,,,,N,,,,,,,,,,N,Y,,FRONT,,,,,,,,,,,,,,,,,,,,,,,,,,,,,,,,,
2109456,2291f805bed8514aad1782fcd01f08ba89f1e4fb6c6335e09e6b7d18b4460007efa6fad685851620f1f69d0eb9875c1bbe7ecd234860f72499614226a433ed57,07/18/2025 05:06:00 PM,1,DRIVER,,2010968,,TOYOTA,COROLLA,IL,2024,UNKNOWN,PASSENGER,PERSONAL,S,STRAIGHT AHEAD,N,,1,,,,,,,,,,,,,,,Y,,,FRONT-LEFT-CORNER,,,,,,,,,,,,,,,,,,,,,,,,,,,,,,,,,
2109457,2291f805bed8514aad1782fcd01f08ba89f1e4fb6c6335e09e6b7d18b4460007efa6fad685851620f1f69d0eb9875c1bbe7ecd234860f72499614226a433ed57,07/18/2025 05:06:00 PM,2,DRIVER,,2010975,,CHEVROLET,OTHER (EXPLAIN IN NARRATIVE),IL,2015,UNKNOWN,PASSENGER,PERSONAL,W,STRAIGHT AHEAD,Y,,1,,private tow,unknown location,,Y,,,,,,,,,,,,,FRONT-RIGHT-CORNER,,,,,,,,,,,,,,,,,,,,,,,,,,,,,,,,,
2109442,141706de29b617b6d4acb02a57a5f8f12d3a26e8e90587cfc5036db4f217a109b92f2269bd96188d055510284974238e5145bc42408d32cd95465b8f13d1fca8,07/18/2025 05:00:00 PM,1,DRIVER,,2010952,,UNKNOWN,OTHER (EXPLAIN IN NARRATIVE),,,UNKNOWN,PICKUP,UNKNOWN/NA,N,PASSING/OVERTAKING,,,1,,,,,,,,,,,,,,,,,Y,UNKNOWN,,,,,,,,,,,,,,,,,,,,,,,,,,,,,,,,,
2109443,141706de29b617b6d4acb02a57a5f8f12d3a26e8e90587cfc5036db4f217a109b92f2269bd96188d055510284974238e5145bc42408d32cd95465b8f13d1fca8,07/18/2025 05:00:00 PM,2,DRIVER,,2010963,,NEW FLYER,OTHER (EXPLAIN IN NARRATIVE),IL,2006,NONE,BUS OVER 15 PASS.,CTA,N,STRAIGHT AHEAD,,,1,,,,,,,,,,,,,,Y,,,,FRONT-LEFT-CORNER,,,,,,,,,,,,,,,,,,,,,,,,,,,,,,,,,
2109415,5e61541361bf3cba29b4da88a22479f3ac800dfccb598b32259cfd7ebacdb67d72d320992af8a8fb6f4226026437494b83dd239c58dc641de09672872813d690,07/18/2025 05:00:00 PM,1,DRIVER,,2010961,,TOYOTA,COROLLA,TX,2025,UNKNOWN,PASSENGER,PERSONAL,W,BACKING,,,1,,,,,,,,Y,Y,Y,,,,,,,,REAR,,,,,,,,,,,,,,,,,,,,,,,,,,,,,,,,,
2109416,5e61541361bf3cba29b4da88a22479f3ac800dfccb598b32259cfd7ebacdb67d72d320992af8a8fb6f4226026437494b83dd239c58dc641de09672872813d690,07/18/2025 05:00:00 PM,2,PARKED,,2010947,,VOLKSWAGEN,OTHER (EXPLAIN IN NARRATIVE),IL,2022,UNKNOWN,SPORT UTILITY VEHICLE (SUV),PERSONAL,N,PARKED,,,0,,,,,Y,,,,,,,,,,,Y,,FRONT,,,,,,,,,,,,,,,,,,,,,,,,,,,,,,,,,
2109798,79ad87c4a3fffc044bf456b50fc5ae4302df8dc38a9641d77ca14bc44c5c2a51658b48b00d59727299e99d61f2b04264fa2b0c03af5400ab66ffc2f2a8d7457e,07/18/2025 05:00:00 PM,1,DRIVER,,2011313,,UNKNOWN,OTHER (EXPLAIN IN NARRATIVE),XX,,UNKNOWN,UNKNOWN/NA,UNKNOWN/NA,UNKNOWN,ENTERING TRAFFIC LANE FROM PARKING,,,1,,,,,,,,,,,,,,,,,Y,UNKNOWN,,,,,,,,,,,,,,,,,,,,,,,,,,,,,,,,,
2109799,79ad87c4a3fffc044bf456b50fc5ae4302df8dc38a9641d77ca14bc44c5c2a51658b48b00d59727299e99d61f2b04264fa2b0c03af5400ab66ffc2f2a8d7457e,07/18/2025 05:00:00 PM,2,PARKED,,2011325,,NISSAN,MAXIMA,IL,2021,NONE,PASSENGER,PERSONAL,N,PARKED,,,0,,,,,Y,,,,,,,,,Y,Y,Y,,FRONT-LEFT-CORNER,,,,,,,,,,,,,,,,,,,,,,,,,,,,,,,,,
2109399,a603780d0257a5bd367e27ed5da62fa54d24b72722390ba2467cb97d8ee25eaefeb213fb06156e89e8bf02a868fe1eb3263e565d394bec8d2e092f5e626fa467,07/18/2025 05:00:00 PM,1,DRIVER,,2010941,,UNKNOWN,OTHER (EXPLAIN IN NARRATIVE),,,UNKNOWN,PASSENGER,UNKNOWN/NA,UNKNOWN,STRAIGHT AHEAD,,,1,,,,,,,,,,,,,,,,,Y,UNKNOWN,,,,,,,,,,,,,,,,,,,,,,,,,,,,,,,,,
2109400,a603780d0257a5bd367e27ed5da62fa54d24b72722390ba2467cb97d8ee25eaefeb213fb06156e89e8bf02a868fe1eb3263e565d394bec8d2e092f5e626fa467,07/18/2025 05:00:00 PM,2,PARKED,,2010957,,FORD,OTHER (EXPLAIN IN NARRATIVE),IL,2023,UNKNOWN,TRUCK - SINGLE UNIT,OTHER,E,PARKED,,,0,,,,,,,,,Y,N,,,,,,,,REAR-RIGHT-CORNER,,,,,,,,,,,,,,,,,,,,,,,,,,,,,,,,,
2110564,b47255754df0a986e1a19c57edea684a6b65f5b3506cea6ac9fc9d9964c5a96b7ffd6445b17ba537fa0fafb1f3e8279135a3a10c59a2886f6658af9709b05bf7,07/18/2025 05:00:00 PM,1,DRIVER,,2012025,,UNKNOWN,OTHER (EXPLAIN IN NARRATIVE),IL,,UNKNOWN,UNKNOWN/NA,UNKNOWN/NA,E,UNKNOWN/NA,,,1,,,,,Y,Y,,,,,,,,,,,,FRONT-RIGHT-CORNER,,,,,,,,,,,,,,,,,,,,,,,,,,,,,,,,,
2110565,b47255754df0a986e1a19c57edea684a6b65f5b3506cea6ac9fc9d9964c5a96b7ffd6445b17ba537fa0fafb1f3e8279135a3a10c59a2886f6658af9709b05bf7,07/18/2025 05:00:00 PM,2,DRIVERLESS,,2012027,,FORD,TRANSIT CONNECT,IL,2017,UNKNOWN,VAN/MINI-VAN,CONSTRUCTION/MAINTENANCE,E,PARKED,,,0,,,,,,,,,,,Y,,,,,,,REAR-LEFT-CORNER,,,,,,,,,,,,,,,,,,,,,,,,,,,,,,,,,
2116446,ee39be2fe66d7f0ce6fbf0c81d83211a12c7d464a9e8bcd0d71364fc2e29691fd0224b294d007d9e22227414e709244816e807f0bdd2d342f266aa5fe804a3b6,07/18/2025 05:00:00 PM,1,DRIVER,,2017621,,DODGE,RAM 1500 PU,,2003,UNKNOWN,PICKUP,UNKNOWN/NA,UNKNOWN,UNKNOWN/NA,,,1,,,,,,,,,,,,,,,,,Y,UNKNOWN,,,,,,,,,,,,,,,,,,,,,,,,,,,,,,,,,
2116447,ee39be2fe66d7f0ce6fbf0c81d83211a12c7d464a9e8bcd0d71364fc2e29691fd0224b294d007d9e22227414e709244816e807f0bdd2d342f266aa5fe804a3b6,07/18/2025 05:00:00 PM,2,PARKED,,2017616,,FORD,F150,IL,2020,NONE,PICKUP,PERSONAL,N,PARKED,,,0,,,,,,,,,,,,,,Y,,,,FRONT-LEFT-CORNER,,,,,,,,,,,,,,,,,,,,,,,,,,,,,,,,,
2109389,3f30651dab896388e5ffa2ab724c5cac282ac1bd1c7bd85f12c16b41e3b017463244802eef2769af6d50827555c4398550a6441fe996e8067bf71faea1628090,07/18/2025 04:55:00 PM,1,DRIVER,,2010926,,CHEVROLET,TAHOE,IL,1999,NONE,SPORT UTILITY VEHICLE (SUV),PERSONAL,N,STRAIGHT AHEAD,,,1,,,,,,,,,,,,,,,,,Y,FRONT,,,,,,,,,,,,,,,,,,,,,,,,,,,,,,,,,
2109390,3f30651dab896388e5ffa2ab724c5cac282ac1bd1c7bd85f12c16b41e3b017463244802eef2769af6d50827555c4398550a6441fe996e8067bf71faea1628090,07/18/2025 04:55:00 PM,2,DRIVER,,2010920,,DODGE,CHARGER,IL,2014,NONE,PASSENGER,PERSONAL,N,STRAIGHT AHEAD,,,1,,,,,,,,,,Y,,,,,,,,REAR,,,,,,,,,,,,,,,,,,,,,,,,,,,,,,,,,
2110696,da3af2add3bc29674c5688a57d49e85b28d1b71daa7ab2eb10bbceabca1ca34cca07556749b7324ab83a96ff6a4740ed173ab851e41fcae7b36ba243d0879106,07/18/2025 04:54:00 PM,1,DRIVER,,2012152,,TOYOTA,COROLLA,IL,2016,UNKNOWN,PASSENGER,UNKNOWN/NA,W,STRAIGHT AHEAD,,,1,,,,,,,,,,,,,,,,Y,,FRONT,,,,,,,,,,,,,,,,,,,,,,,,,,,,,,,,,
2110697,da3af2add3bc29674c5688a57d49e85b28d1b71daa7ab2eb10bbceabca1ca34cca07556749b7324ab83a96ff6a4740ed173ab851e41fcae7b36ba243d0879106,07/18/2025 04:54:00 PM,2,DRIVER,1,2012157,,TOYOTA,CAMRY,IL,2020,UNKNOWN,PASSENGER,UNKNOWN/NA,S,STRAIGHT AHEAD,,,2,,,,,,,,,,,Y,Y,,,,,,SIDE-LEFT,,,,,,,,,,,,,,,,,,,,,,,,,,,,,,,,,
2109383,f8adfbac363afb3a5cb68ce71e7c63adc20b02bdc1d62a8fabbf3a174a56d33f7d613669527913532ec6c91cefc13d8a596764c16c232b740805a9e6ed95ad77,07/18/2025 04:48:00 PM,1,DRIVER,,2010907,,HONDA,CR-V,IL,2017,UNKNOWN,SPORT UTILITY VEHICLE (SUV),PERSONAL,N,STRAIGHT AHEAD,,,1,,,,,,,,,,,,,,,Y,Y,,FRONT-LEFT-CORNER,,,,,,,,,,,,,,,,,,,,,,,,,,,,,,,,,
2109384,f8adfbac363afb3a5cb68ce71e7c63adc20b02bdc1d62a8fabbf3a174a56d33f7d613669527913532ec6c91cefc13d8a596764c16c232b740805a9e6ed95ad77,07/18/2025 04:48:00 PM,2,DRIVER,,2010914,,CHEVROLET,TRAX,IL,2017,UNKNOWN,SPORT UTILITY VEHICLE (SUV),PERSONAL,E,STRAIGHT AHEAD,Y,,1,,PRIVATE TOW,,,Y,Y,,,,,,,,,,Y,,FRONT-RIGHT-CORNER,,,,,,,,,,,,,,,,,,,,,,,,,,,,,,,,,
2112067,3f139a1f8849c6b7940a362f05979310b528b4453a2d1c8200f1d93f5a7916195bbea6708bb46be0576fe6a9f7574f56e8a27ebf738adaba107c62424f8484bd,07/18/2025 04:47:00 PM,1,DRIVER,,2013444,,CHEVROLET,SILVERADO,IL,2019,UNKNOWN,PICKUP,UNKNOWN/NA,S,STRAIGHT AHEAD,,,1,,,,,Y,Y,,,,,,,,,,Y,,FRONT-RIGHT-CORNER,,,,,,,,,,,,,,,,,,,,,,,,,,,,,,,,,
2112068,3f139a1f8849c6b7940a362f05979310b528b4453a2d1c8200f1d93f5a7916195bbea6708bb46be0576fe6a9f7574f56e8a27ebf738adaba107c62424f8484bd,07/18/2025 04:47:00 PM,2,DRIVER,,2013446,,VOLKSWAGEN,JETTA,IL,2021,NONE,PASSENGER,PERSONAL,SW,CHANGING LANES,,,1,,,,,,,,,,Y,Y,Y,Y,Y,,,,REAR-LEFT-CORNER,,,,,,,,,,,,,,,,,,,,,,,,,,,,,,,,,
2109450,54a3727dbe11463c31807fe11d9d20f70d66731b5d57c2dcb011b8ab167ff95f81eb2fe3bbe1376040df7607344c15106b38a0032aacd0b1303a8db3621d4d7b,07/18/2025 04:46:00 PM,1,DRIVER,,2010986,,TOYOTA,CAMRY,IL,2015,UNKNOWN,PASSENGER,PERSONAL,E,TURNING RIGHT,,,1,,,,,Y,Y,,,,,,,,,Y,Y,,FRONT,,,,,,,,,,,,,,,,,,,,,,,,,,,,,,,,,