CRASH_UNIT_ID,CRASH_RECORD_ID,CRASH_DATE,UNIT_NO,UNIT_TYPE,NUM_PASSENGERS,VEHICLE_ID,CMRC_VEH_I,MAKE,MODEL,LIC_PLATE_STATE,VEHICLE_YEAR,VEHICLE_DEFECT,VEHICLE_TYPE,VEHICLE_USE,TRAVEL_DIRECTION,MANEUVER,TOWED_I,FIRE_I,OCCUPANT_CNT,EXCEED_SPEED_LIMIT_I,TOWED_BY,TOWED_TO,AREA_00_I,AREA_01_I,AREA_02_I,AREA_03_I,AREA_04_I,AREA_05_I,AREA_06_I,AREA_07_I,AREA_08_I,AREA_09_I,AREA_10_I,AREA_11_I,AREA_12_I,AREA_99_I,FIRST_CONTACT_POINT,CMV_ID,USDOT_NO,CCMC_NO,ILCC_NO,COMMERCIAL_SRC,GVWR,CARRIER_NAME,CARRIER_STATE,CARRIER_CITY,HAZMAT_PLACARDS_I,HAZMAT_NAME,UN_NO,HAZMAT_PRESENT_I,HAZMAT_REPORT_I,HAZMAT_REPORT_NO,MCS_REPORT_I,MCS_REPORT_NO,HAZMAT_VIO_CAUSE_CRASH_I,MCS_VIO_CAUSE_CRASH_I,IDOT_PERMIT_NO,WIDE_LOAD_I,TRAILER1_WIDTH,TRAILER2_WIDTH,TRAILER1_LENGTH,TRAILER2_LENGTH,TOTAL_VEHICLE_LENGTH,AXLE_CNT,VEHICLE_CONFIG,CARGO_BODY_TYPE,LOAD_TYPE,HAZMAT_OUT_OF_SERVICE_I,MCS_OUT_OF_SERVICE_I,HAZMAT_CLASS
2109451,54a3727dbe11463c31807fe11d9d20f70d66731b5d57c2dcb011b8ab167ff95f81eb2fe3bbe1376040df7607344c15106b38a0032aacd0b1303a8db3621d4d7b,07/18/2025 04:46:00 PM,2,BICYCLE,,,,,,,,,,,,,,,,,,,,,,,,,,,,,,,,,,,,,,,,,,,,,,,,,,,,,,,,,,,,,,,,,,
2109432,971a3344a47e195b2236be02d9c013c4f7087590eda01eafc67a3f7aeb7d827fa1259b517a1edf3302af52219d63aafb5291443c60793d33eb0236384ab12c1e,07/18/2025 04:46:00 PM,1,DRIVER,,2010956,,HONDA,ODYSSEY,IL,2010,UNKNOWN,VAN/MINI-VAN,PERSONAL,UNKNOWN,BACKING,,,1,,,,,,,,,Y,,,,,,,,,REAR-RIGHT-CORNER,,,,,,,,,,,,,,,,,,,,,,,,,,,,,,,,,
2109433,971a3344a47e195b2236be02d9c013c4f7087590eda01eafc67a3f7aeb7d827fa1259b517a1edf3302af52219d63aafb5291443c60793d33eb0236384ab12c1e,07/18/2025 04:46:00 PM,2,DRIVER,2,2010972,,INFINITI,FX35,IL,2004,UNKNOWN,SPORT UTILITY VEHICLE (SUV),PERSONAL,UNKNOWN,OTHER,,,3,,,,,,,,,Y,,,,,,,,,REAR-RIGHT-CORNER,,,,,,,,,,,,,,,,,,,,,,,,,,,,,,,,,
2109660,27b87030a620e0f94174913d2d2ce3a6002b127fbab2207af80ddd03c683ccdfbd306ff70ff463255b5ddff7f8857c896390377c5a253f8fb03c63748c60bd5a,07/18/2025 04:45:00 PM,1,DRIVER,1,2011171,,CADILLAC,XTS,IL,2019,UNKNOWN,SPORT UTILITY VEHICLE (SUV),UNKNOWN/NA,S,STRAIGHT AHEAD,,,2,,,,,Y,,,,,,,,,,Y,Y,,FRONT,,,,,,,,,,,,,,,,,,,,,,,,,,,,,,,,,
2109661,27b87030a620e0f94174913d2d2ce3a6002b127fbab2207af80ddd03c683ccdfbd306ff70ff463255b5ddff7f8857c896390377c5a253f8fb03c63748c60bd5a,07/18/2025 04:45:00 PM,2,DRIVER,,2011179,,VOLKSWAGEN,TIGUAN,IL,2024,UNKNOWN,PASSENGER,PERSONAL,S,SLOW/STOP IN TRAFFIC,,,1,,,,,,,,,Y,Y,Y,,,,,,,REAR,,,,,,,,,,,,,,,,,,,,,,,,,,,,,,,,,
2109370,4ff4f54b26415541053b3400796c0eeef45f7a4368e948d8597e4588898ac0d0715621addc888e747d39a0003d547b94f1ad5f07fddf9c9320db1b0ecb92a61f,07/18/2025 04:43:00 PM,1,DRIVER,,2010896,,CHEVROLET,CRUZE,IL,2014,NONE,PASSENGER,PERSONAL,W,STRAIGHT AHEAD,,,1,,,,,,,,,,,,,,,,,,FRONT,,,,,,,,,,,,,,,,,,,,,,,,,,,,,,,,,
2109371,4ff4f54b26415541053b3400796c0eeef45f7a4368e948d8597e4588898ac0d0715621addc888e747d39a0003d547b94f1ad5f07fddf9c9320db1b0ecb92a61f,07/18/2025 04:43:00 PM,2,DRIVER,,2010905,,UNKNOWN,MOTORIZED,IL,2022,NONE,MOTORCYCLE (OVER 150CC),PERSONAL,W,STRAIGHT AHEAD,,,1,,,,,,,,,,,,,,,,,,REAR,,,,,,,,,,,,,,,,,,,,,,,,,,,,,,,,,
2109514,5bdbe390437e73f2c645510911b4fd50215ce9a48fe9b50cbcf64117a4c1b4f25e476b4df57dede1ba3a2e45b95bf1a7079a2fbecd3c8d4b3f355aa5018c710b,07/18/2025 04:42:00 PM,1,DRIVER,,2011035,,HONDA,ODYSSEY,IL,2005,NONE,VAN/MINI-VAN,PERSONAL,SE,TURNING RIGHT,,,1,,,,,,,Y,Y,,,,,,,,,,SIDE-RIGHT,,,,,,,,,,,,,,,,,,,,,,,,,,,,,,,,,
2109515,5bdbe390437e73f2c645510911b4fd50215ce9a48fe9b50cbcf64117a4c1b4f25e476b4df57dede1ba3a2e45b95bf1a7079a2fbecd3c8d4b3f355aa5018c710b,07/18/2025 04:42:00 PM,2,DRIVER,,2011040,,AUDI,A3,IL,2015,NONE,PASSENGER,PERSONAL,SE,TURNING RIGHT,,,1,,,,,,,,,,,,,,,Y,,,FRONT-LEFT-CORNER,,,,,,,,,,,,,,,,,,,,,,,,,,,,,,,,,
2109366,9653146955ff5c51bf70924fde1a2cb1b77bc2286bff45b47f27e8d450896bef80dae6559e7a5f5109825f91a97f98563f288ed38ebcea1131fd002b2dc3a701,07/18/2025 04:42:00 PM,1,DRIVER,1,2010892,,SCION,TC,IL,2013,UNKNOWN,SPORT UTILITY VEHICLE (SUV),TAXI/FOR HIRE,SE,SLOW/STOP IN TRAFFIC,,,2,,,,,,,,Y,,,,,,,,,,SIDE-RIGHT-REAR,,,,,,,,,,,,,,,,,,,,,,,,,,,,,,,,,
2109367,9653146955ff5c51bf70924fde1a2cb1b77bc2286bff45b47f27e8d450896bef80dae6559e7a5f5109825f91a97f98563f288ed38ebcea1131fd002b2dc3a701,07/18/2025 04:42:00 PM,2,DRIVER,,2010898,,TOYOTA,RAV4,IL,2021,NONE,SPORT UTILITY VEHICLE (SUV),PERSONAL,SE,PASSING/OVERTAKING,,,1,,,,,,,,,,,Y,Y,,,,,,REAR-LEFT-CORNER,,,,,,,,,,,,,,,,,,,,,,,,,,,,,,,,,
2109350,114df86e5d59b9be7d9ad0b8f966c0855033b9d7ed607a9ca42eb86e70c497fe52f38ea23796c7682fc5a34eb9f5c954473a894dd7528b3de1fe7fc8fbe3a7d1,07/18/2025 04:40:00 PM,1,DRIVER,,2010876,,CHEVROLET,MALIBU,IL,2018,NONE,PASSENGER,PERSONAL,S,STRAIGHT AHEAD,,,1,,,,,Y,,,,,,,,,,Y,Y,,FRONT,,,,,,,,,,,,,,,,,,,,,,,,,,,,,,,,,
2109351,114df86e5d59b9be7d9ad0b8f966c0855033b9d7ed607a9ca42eb86e70c497fe52f38ea23796c7682fc5a34eb9f5c954473a894dd7528b3de1fe7fc8fbe3a7d1,07/18/2025 04:40:00 PM,2,DRIVER,,2010881,,TOYOTA,OTHER (EXPLAIN IN NARRATIVE),IL,2017,NONE,PASSENGER,PERSONAL,S,STRAIGHT AHEAD,,,1,,,,,,,,Y,Y,Y,,,,,,,,REAR-RIGHT-CORNER,,,,,,,,,,,,,,,,,,,,,,,,,,,,,,,,,
2109474,954ecf90aaa3fefe9bae4c28e67bd3dcf103e9573edd603e3bf89c76e11e5a7c24bce10fbd785412040c4f17ac4290b3971cd0326dc726e17df57c0508509d9f,07/18/2025 04:40:00 PM,1,DRIVER,,2010990,,FORD,FUSION,IL,2019,UNKNOWN,PASSENGER,UNKNOWN/NA,S,PASSING/OVERTAKING,,,1,,,,,Y,,,,,,,,,,,,,FRONT-RIGHT-CORNER,,,,,,,,,,,,,,,,,,,,,,,,,,,,,,,,,
2109475,954ecf90aaa3fefe9bae4c28e67bd3dcf103e9573edd603e3bf89c76e11e5a7c24bce10fbd785412040c4f17ac4290b3971cd0326dc726e17df57c0508509d9f,07/18/2025 04:40:00 PM,2,DRIVER,,2011007,,FORD,TRANSIT,IL,2018,NONE,PASSENGER,OTHER,S,SLOW/STOP IN TRAFFIC,,,1,,,,,,,,,,,,,,,Y,,,FRONT-LEFT-CORNER,,,,,,,,,,,,,,,,,,,,,,,,,,,,,,,,,
2109409,864b3b65bcc2ce977ba7cd705389dd169f362f97f04cd806fec043f7e85b67ced3ff3b2667d4f1781c817082bb5c011f48fea3a4f30eb828ed2a1411b1aacbb2,07/18/2025 04:39:00 PM,1,DRIVER,,2010934,,LINCOLN,AVIATOR,IL,2020,UNKNOWN,SPORT UTILITY VEHICLE (SUV),PERSONAL,N,PASSING/OVERTAKING,,,1,,,,,,,Y,,,,,,,,,,,SIDE-RIGHT,,,,,,,,,,,,,,,,,,,,,,,,,,,,,,,,,
2109410,864b3b65bcc2ce977ba7cd705389dd169f362f97f04cd806fec043f7e85b67ced3ff3b2667d4f1781c817082bb5c011f48fea3a4f30eb828ed2a1411b1aacbb2,07/18/2025 04:39:00 PM,2,DRIVER,,2010967,,HONDA,CR-V,IL,2014,UNKNOWN,PASSENGER,PERSONAL,N,TURNING LEFT,,,1,,,,,,,,,,,,,,Y,Y,,,FRONT-LEFT-CORNER,,,,,,,,,,,,,,,,,,,,,,,,,,,,,,,,,
2109413,598169b9398b8646e753fa743ac1b9ffd4ba8cf693393ccbfdb8c14653de0d5d8fb5f589a77f49be7561624ad6a9341a13a10bafabffcb55cbaf30eacc3bdd92,07/18/2025 04:38:00 PM,1,DRIVER,,2010939,,HONDA,CR-V,IL,2008,UNKNOWN,SPORT UTILITY VEHICLE (SUV),PERSONAL,SW,TURNING LEFT,,,1,,,,,,,,,,,,,,,Y,Y,,FRONT-LEFT-CORNER,,,,,,,,,,,,,,,,,,,,,,,,,,,,,,,,,
2109414,598169b9398b8646e753fa743ac1b9ffd4ba8cf693393ccbfdb8c14653de0d5d8fb5f589a77f49be7561624ad6a9341a13a10bafabffcb55cbaf30eacc3bdd92,07/18/2025 04:38:00 PM,2,DRIVER,,2010943,,KIA,FORTE,IL,2023,UNKNOWN,PASSENGER,PERSONAL,E,STRAIGHT AHEAD,,,1,,,,,,,,,,,,Y,Y,,,,,SIDE-LEFT,,,,,,,,,,,,,,,,,,,,,,,,,,,,,,,,,
2109368,048f224f9217ff9cd779772ac86a8540ffb48223e87d68ad47079b906ebb16e483538b073155502aeb40d940d6b0da160904ec8b7a57e7fdf8245875991fab74,07/18/2025 04:36:00 PM,1,DRIVER,1,2010912,,HONDA,RIDGELINE,IN,2020,NONE,PICKUP,PERSONAL,N,CHANGING LANES,,,2,,,,,,,,,,,,,,Y,N,,,SIDE-LEFT-FRONT,,,,,,,,,,,,,,,,,,,,,,,,,,,,,,,,,
2109369,048f224f9217ff9cd779772ac86a8540ffb48223e87d68ad47079b906ebb16e483538b073155502aeb40d940d6b0da160904ec8b7a57e7fdf8245875991fab74,07/18/2025 04:36:00 PM,2,DRIVER,,2010938,,HONDA,CR-V,IL,,NONE,SPORT UTILITY VEHICLE (SUV),PERSONAL,N,STRAIGHT AHEAD,,,1,,,,,,,,Y,,,,,,,,,,SIDE-RIGHT-REAR,,,,,,,,,,,,,,,,,,,,,,,,,,,,,,,,,
2109878,019efbff577b20f9ada5a20525b811e2eff90e2d5c4ba44b43fcff24c266d92586630ac15cd3a52d360c0ca966c54ae166f991a040d2c52b87ee041170d5d7e3,07/18/2025 04:30:00 PM,1,DRIVER,,2011388,,TOYOTA,COROLLA,IL,2012,NONE,PASSENGER,PERSONAL,N,SLOW/STOP IN TRAFFIC,,,1,,,,,,,,,,,,,,,,Y,,FRONT,,,,,,,,,,,,,,,,,,,,,,,,,,,,,,,,,
2109879,019efbff577b20f9ada5a20525b811e2eff90e2d5c4ba44b43fcff24c266d92586630ac15cd3a52d360c0ca966c54ae166f991a040d2c52b87ee041170d5d7e3,07/18/2025 04:30:00 PM,2,DRIVER,,2011397,,TOYOTA,OTHER (EXPLAIN IN NARRATIVE),IL,2003,UNKNOWN,PASSENGER,PERSONAL,N,SLOW/STOP IN TRAFFIC,,,1,,,,,,,,,,Y,,,,,,,,REAR,,,,,,,,,,,,,,,,,,,,,,,,,,,,,,,,,
2109880,019efbff577b20f9ada5a20525b811e2eff90e2d5c4ba44b43fcff24c266d92586630ac15cd3a52d360c0ca966c54ae166f991a040d2c52b87ee041170d5d7e3,07/18/2025 04:30:00 PM,3,DRIVER,,2011403,,ACURA,RLX,IL,2011,NONE,SPORT UTILITY VEHICLE (SUV),PERSONAL,N,SLOW/STOP IN TRAFFIC,,,1,,,,,,,,,,Y,,,,,,,,REAR,,,,,,,,,,,,,,,,,,,,,,,,,,,,,,,,,
2110169,468db9275f165b34fd0f62bdc44e5b1d45372a0331a3fb54482eae8276bdd34e75fa716f48367741a088528d7a1cf58e689978d9a4f7fd47df15e4069011b030,07/18/2025 04:30:00 PM,1,DRIVER,,2011662,,AUDI,Q5,IL,2023,NONE,PASSENGER,PERSONAL,N,UNKNOWN/NA,,,1,,,,,,,,,,,Y,Y,Y,N,N,,,SIDE-LEFT,,,,,,,,,,,,,,,,,,,,,,,,,,,,,,,,,
2110170,468db9275f165b34fd0f62bdc44e5b1d45372a0331a3fb54482eae8276bdd34e75fa716f48367741a088528d7a1cf58e689978d9a4f7fd47df15e4069011b030,07/18/2025 04:30:00 PM,2,PARKED,,2011656,,GENERAL MOTORS CORPORATION (GMC),YUKON,IL,2023,NONE,PASSENGER,PERSONAL,UNKNOWN,PARKED,,,0,,,,,Y,Y,Y,,,,,,,,,Y,,FRONT-RIGHT-CORNER,,,,,,,,,,,,,,,,,,,,,,,,,,,,,,,,,
2109397,a8deb5b6d5aad3a4181a605cde9fddbc121e851f2354b40a209e376671c595e081b22e581a7313a9893a033807dd6ca7d618fb44b642e954ba9c18584478627e,07/18/2025 04:30:00 PM,1,DRIVER,,2010923,,VOLVO,OTHER (EXPLAIN IN NARRATIVE),IL,2019,NONE,TRACTOR W/ SEMI-TRAILER,COMMERCIAL - SINGLE UNIT,W,NEGOTIATING A CURVE,,,1,,,,Y,,,,,,,,,,,,,,REAR-RIGHT-CORNER,,,,,,,,,,,,,,,,,,,,,,,,,,,,,,,,,
2109398,a8deb5b6d5aad3a4181a605cde9fddbc121e851f2354b40a209e376671c595e081b22e581a7313a9893a033807dd6ca7d618fb44b642e954ba9c18584478627e,07/18/2025 04:30:00 PM,2,DRIVER,,2010936,,HONDA,CIVIC,IL,2015,NONE,PASSENGER,PERSONAL,W,STRAIGHT AHEAD,,,1,,,,,Y,,,,,,,,,,,,,FRONT-RIGHT-CORNER,,,,,,,,,,,,,,,,,,,,,,,,,,,,,,,,,
2109436,5cd4c97e022d63ee7f3a1cf93f477ccf99f4a3d27ed4e0d19ccc2901a62081e4f57f1457744783544288d28e474688c2cd4f8f4635b5c11f8772aef2ec13beb8,07/18/2025 04:25:00 PM,1,DRIVER,1,2010951,,HYUNDAI,ELANTRA,IL,2023,UNKNOWN,PASSENGER,UNKNOWN/NA,S,ENTERING TRAFFIC LANE FROM PARKING,,,2,,,,,,,,,,,,,,Y,Y,,,FRONT-LEFT-CORNER,,,,,,,,,,,,,,,,,,,,,,,,,,,,,,,,,
2109437,5cd4c97e022d63ee7f3a1cf93f477ccf99f4a3d27ed4e0d19ccc2901a62081e4f57f1457744783544288d28e474688c2cd4f8f4635b5c11f8772aef2ec13beb8,07/18/2025 04:25:00 PM,2,DRIVER,2,2010958,,CADILLAC,ESCALADE,IL,2002,NONE,SPORT UTILITY VEHICLE (SUV),PERSONAL,S,STRAIGHT AHEAD,,,3,,,,,,Y,Y,,,,,,,,,,,SIDE-RIGHT,,,,,,,,,,,,,,,,,,,,,,,,,,,,,,,,,
2109362,18e693771c86c365b34db7b44c113cde5229efa2e8814afaaae1ba1a8cacf06762b3a3bc8dc82b1dca151f3ead7b82d4bd2b94a0dce286eee800d284cb0d5d0b,07/18/2025 04:22:00 PM,1,DRIVER,,2010888,,KIA,SPORTAGE,IL,2015,UNKNOWN,SPORT UTILITY VEHICLE (SUV),PERSONAL,S,TURNING LEFT,,,1,,,,,Y,,,,,,,,,,,Y,,FRONT-RIGHT-CORNER,,,,,,,,,,,,,,,,,,,,,,,,,,,,,,,,,
2109363,18e693771c86c365b34db7b44c113cde5229efa2e8814afaaae1ba1a8cacf06762b3a3bc8dc82b1dca151f3ead7b82d4bd2b94a0dce286eee800d284cb0d5d0b,07/18/2025 04:22:00 PM,2,DRIVER,,2010895,,NISSAN,ROGUE,IL,2015,UNKNOWN,SPORT UTILITY VEHICLE (SUV),PERSONAL,W,STRAIGHT AHEAD,,,1,,,,,,Y,Y,Y,,,,,,,,,,SIDE-RIGHT,,,,,,,,,,,,,,,,,,,,,,,,,,,,,,,,,
2109776,892a266eb6d2c2d2b7c0644afec3babce776020dd8e40bf3cf8a9f7a77d192ed26cdc5ce31a73b481b54d4e0698a22430002293d1018c68774da7b56420f1bd5,07/18/2025 04:15:00 PM,1,DRIVER,,2011286,,NISSAN,ALTIMA,IL,2024,UNKNOWN,PASSENGER,UNKNOWN/NA,E,STRAIGHT AHEAD,,,1,,,,,,,,,,,,,,,Y,,,FRONT-LEFT-CORNER,,,,,,,,,,,,,,,,,,,,,,,,,,,,,,,,,
2109777,892a266eb6d2c2d2b7c0644afec3babce776020dd8e40bf3cf8a9f7a77d192ed26cdc5ce31a73b481b54d4e0698a22430002293d1018c68774da7b56420f1bd5,07/18/2025 04:15:00 PM,2,DRIVER,,2011288,,FORD,ECONOLINE E150,IL,2016,UNKNOWN,VAN/MINI-VAN,CONSTRUCTION/MAINTENANCE,E,STRAIGHT AHEAD,,,1,,,,,,,,,Y,,,,,,,,,REAR-RIGHT-CORNER,,,,,,,,,,,,,,,,,,,,,,,,,,,,,,,,,
2109342,da1843074b4946a39004961b98d8ad65cb51ebb4f52a8912fae14fd158fe8a3ce8d3f8b3e0d4b4d0a26649c27654a8442626bd8e7e4ea7884cb0ad8957a14b79,07/18/2025 04:06:00 PM,1,DRIVER,,2010875,,MAZDA,CX-5,IL,2024,UNKNOWN,SPORT UTILITY VEHICLE (SUV),UNKNOWN/NA,S,STRAIGHT AHEAD,,,1,,,,,Y,,,,,,,,,,,,,SIDE-RIGHT,,,,,,,,,,,,,,,,,,,,,,,,,,,,,,,,,
2109343,da1843074b4946a39004961b98d8ad65cb51ebb4f52a8912fae14fd158fe8a3ce8d3f8b3e0d4b4d0a26649c27654a8442626bd8e7e4ea7884cb0ad8957a14b79,07/18/2025 04:06:00 PM,2,PEDESTRIAN,,,,,,,,,,,,,,,,,,,,,,,,,,,,,,,,,,,,,,,,,,,,,,,,,,,,,,,,,,,,,,,,,,
2109379,885a046d9195a94df043438edf254786ee0d04d4c370404840b2a88c0d52239331aab9c674d5657d214e0b8ee4a563a77fca9b521ffbaa9f5f9bf3236865fb11,07/18/2025 04:00:00 PM,1,DRIVER,,2010904,,CHEVROLET,HHR,IL,2009,UNKNOWN,PASSENGER,PERSONAL,UNKNOWN,STRAIGHT AHEAD,,,1,,,,,,,,,,,,,,,Y,,,FRONT-LEFT-CORNER,,,,,,,,,,,,,,,,,,,,,,,,,,,,,,,,,
2109380,885a046d9195a94df043438edf254786ee0d04d4c370404840b2a88c0d52239331aab9c674d5657d214e0b8ee4a563a77fca9b521ffbaa9f5f9bf3236865fb11,07/18/2025 04:00:00 PM,2,DRIVER,,2010911,,AUDI,A3,IL,2019,NONE,PASSENGER,PERSONAL,UNKNOWN,STRAIGHT AHEAD,,,1,,,,,Y,,,,,,,,,,,,,FRONT-RIGHT-CORNER,,,,,,,,,,,,,,,,,,,,,,,,,,,,,,,,,
2109377,c8bd0d5195d51bb471a18780866633ad6533358c2af8c73f265b7282d97a996205a00204d313e7a9409b8cae8ce99340a0e2b1152ae8fff0e5e5ebe87a67b9d5,07/18/2025 04:00:00 PM,1,DRIVER,,2010932,,UNKNOWN,MOTORIZED,,,UNKNOWN,UNKNOWN/NA,UNKNOWN/NA,N,UNKNOWN/NA,,,1,,,,,,,,,,,,,,,,,Y,UNKNOWN,,,,,,,,,,,,,,,,,,,,,,,,,,,,,,,,,
2109378,c8bd0d5195d51bb471a18780866633ad6533358c2af8c73f265b7282d97a996205a00204d313e7a9409b8cae8ce99340a0e2b1152ae8fff0e5e5ebe87a67b9d5,07/18/2025 04:00:00 PM,2,DRIVER,,2010902,,MAZDA,CX-7,IL,2008,UNKNOWN,PASSENGER,PERSONAL,N,STRAIGHT AHEAD,,,1,,,,,,,,,,,,,Y,Y,Y,,,SIDE-LEFT-FRONT,,,,,,,,,,,,,,,,,,,,,,,,,,,,,,,,,
2109313,33a6f49b77d9342adbfced4ca5cc74d3b504fd0cf6e76c2bd6876a620ac9a32bee1cd389e9675fb31c05fd973cc125efc1ff745860560fbc71e6a262e0a90e0b,07/18/2025 03:52:00 PM,1,DRIVER,,2010845,,CHRYSLER,CARAVAN,,2005,NONE,PASSENGER,PERSONAL,N,STRAIGHT AHEAD,,,1,,,,,,,,Y,Y,,,,,,,,,REAR-RIGHT-CORNER,,,,,,,,,,,,,,,,,,,,,,,,,,,,,,,,,
2109314,33a6f49b77d9342adbfced4ca5cc74d3b504fd0cf6e76c2bd6876a620ac9a32bee1cd389e9675fb31c05fd973cc125efc1ff745860560fbc71e6a262e0a90e0b,07/18/2025 03:52:00 PM,2,DRIVER,,2010850,,JEEP,GLADIATOR,FL,2020,NONE,PASSENGER,PERSONAL,W,STRAIGHT AHEAD,,,1,,,,,Y,,,,,,,,,,Y,Y,,FRONT,,,,,,,,,,,,,,,,,,,,,,,,,,,,,,,,,
2109346,2d2ce501c59ffa6834c120aac9e67e8339618cb57d48cb59656102ed0c2beb9e5d65bb40395c85ddf4779cdd6cad46efc84caa2b41cae3fca9f28aaf6e90e72d,07/18/2025 03:50:00 PM,1,DRIVER,,2010889,,GENERAL MOTORS CORPORATION (GMC),OTHER (EXPLAIN IN NARRATIVE),IL,2023,NONE,VAN/MINI-VAN,OTHER,S,STRAIGHT AHEAD,,,1,,,,,,,,,,,,,,,,Y,,FRONT,,,,,,,,,,,,,,,,,,,,,,,,,,,,,,,,,
2109347,2d2ce501c59ffa6834c120aac9e67e8339618cb57d48cb59656102ed0c2beb9e5d65bb40395c85ddf4779cdd6cad46efc84caa2b41cae3fca9f28aaf6e90e72d,07/18/2025 03:50:00 PM,2,DRIVER,,2010878,,TOYOTA,OTHER (EXPLAIN IN NARRATIVE),IL,2004,UNKNOWN,PASSENGER,UNKNOWN/NA,E,STRAIGHT AHEAD,,,1,,,,,,,,,,,Y,,,,,,,REAR-RIGHT-CORNER,,,,,,,,,,,,,,,,,,,,,,,,,,,,,,,,,
2109810,4c487f4f95bdc2b4d6d6e4cfa58f7388bdcf964c298f8e7b3022aaa58a3d46fea28f4fe82b295e7d549938c2b2c83736a321f250ba39a3c0b3267530e85f247c,07/18/2025 03:50:00 PM,1,DRIVER,,2011321,,JEEP,GRAND CHEROKEE,IL,2020,UNKNOWN,SPORT UTILITY VEHICLE (SUV),PERSONAL,S,STRAIGHT AHEAD,,,1,,,,,Y,,,,N,N,N,,,,Y,Y,,FRONT,,,,,,,,,,,,,,,,,,,,,,,,,,,,,,,,,
2109811,4c487f4f95bdc2b4d6d6e4cfa58f7388bdcf964c298f8e7b3022aaa58a3d46fea28f4fe82b295e7d549938c2b2c83736a321f250ba39a3c0b3267530e85f247c,07/18/2025 03:50:00 PM,2,DRIVER,,2011323,,FORD,EDGE,IL,2016,OTHER,SPORT UTILITY VEHICLE (SUV),PERSONAL,S,SLOW/STOP IN TRAFFIC,,,1,,,,,,,,,Y,Y,Y,,,,,,,REAR,,,,,,,,,,,,,,,,,,,,,,,,,,,,,,,,,
2109446,2056738680159e795beed6d04ca664c6bd7c72bc6dbbc15bf6013eb182ebefa8a83a831a6a26d58e214ba5154f72abbd4598c9d67e62b56219323925e0cda641,07/18/2025 03:45:00 PM,1,DRIVER,,2010954,,FORD,ESCAPE,IL,2016,NONE,SPORT UTILITY VEHICLE (SUV),PERSONAL,N,ENTERING TRAFFIC LANE FROM PARKING,,,1,,,,,,,,,,,,,,Y,Y,,,SIDE-LEFT-FRONT,,,,,,,,,,,,,,,,,,,,,,,,,,,,,,,,,
2109447,2056738680159e795beed6d04ca664c6bd7c72bc6dbbc15bf6013eb182ebefa8a83a831a6a26d58e214ba5154f72abbd4598c9d67e62b56219323925e0cda641,07/18/2025 03:45:00 PM,2,DRIVER,,2010962,,CHEVROLET,OTHER (EXPLAIN IN NARRATIVE),MO,,NONE,PASSENGER,PERSONAL,N,STRAIGHT AHEAD,,,1,,,,,Y,Y,Y,,,,,,,,,,,SIDE-RIGHT,,,,,,,,,,,,,,,,,,,,,,,,,,,,,,,,,
2109352,67f93b80f94335b2359ad0264d51bc49bce97292f818885ec539d63286468cc26c328c0683c9b1b81e48649d3490ba41768bea61f275b1a8e9be14fc8d0f7953,07/18/2025 03:45:00 PM,1,DRIVER,,2010885,,KIA,SELTOS,IL,2023,NONE,PASSENGER,PERSONAL,SW,STRAIGHT AHEAD,,,1,,,,,Y,,,,,,,,,,Y,Y,,FRONT,,,,,,,,,,,,,,,,,,,,,,,,,,,,,,,,,
2109353,67f93b80f94335b2359ad0264d51bc49bce97292f818885ec539d63286468cc26c328c0683c9b1b81e48649d3490ba41768bea61f275b1a8e9be14fc8d0f7953,07/18/2025 03:45:00 PM,2,DRIVER,1,2010900,,SUBARU,OUTBACK,IL,2005,UNKNOWN,PASSENGER,PERSONAL,NE,TURNING LEFT,,,2,,,,,,Y,Y,Y,,,,,,,,,,SIDE-RIGHT,,,,,,,,,,,,,,,,,,,,,,,,,,,,,,,,,
2109333,55ef86f3a057687da5f4f9d8e2578a5cc90d320406d7d8fd244d55a2750922316d1292c65e60fef8835c1fac6c77ee40b6f381beee4d7f826f7c5c9f1c220ff9,07/18/2025 03:35:00 PM,1,DRIVER,,2010863,,HYUNDAI,KONA,IL,2021,NONE,PASSENGER,PERSONAL,N,CHANGING LANES,,,1,,,,,Y,,,,,,,,,,,,,FRONT-RIGHT-CORNER,,,,,,,,,,,,,,,,,,,,,,,,,,,,,,,,,
2109334,55ef86f3a057687da5f4f9d8e2578a5cc90d320406d7d8fd244d55a2750922316d1292c65e60fef8835c1fac6c77ee40b6f381beee4d7f826f7c5c9f1c220ff9,07/18/2025 03:35:00 PM,2,DRIVER,1,2010867,,HONDA,CR-V,IL,2020,NONE,PASSENGER,PERSONAL,N,STRAIGHT AHEAD,,,2,,,,,,,,,,,,Y,Y,Y,Y,,,SIDE-LEFT,,,,,,,,,,,,,,,,,,,,,,,,,,,,,,,,,
2109327,965a9ebd79064f43e27515f33e0bcbc8eee844f934f5e5e8daefd0232bd0f5003bdd4e06b322c13cb79878a87a0b606e8019e4a9c09d2692e33099bf2f4657db,07/18/2025 03:34:00 PM,1,DRIVER,1,2010864,,DODGE,OTHER (EXPLAIN IN NARRATIVE),IL,2020,UNKNOWN,VAN/MINI-VAN,PERSONAL,E,STRAIGHT AHEAD,,,2,,,,,Y,,,,,,,,,,Y,Y,,FRONT,,,,,,,,,,,,,,,,,,,,,,,,,,,,,,,,,