CRASH_UNIT_ID,CRASH_RECORD_ID,CRASH_DATE,UNIT_NO,UNIT_TYPE,NUM_PASSENGERS,VEHICLE_ID,CMRC_VEH_I,MAKE,MODEL,LIC_PLATE_STATE,VEHICLE_YEAR,VEHICLE_DEFECT,VEHICLE_TYPE,VEHICLE_USE,TRAVEL_DIRECTION,MANEUVER,TOWED_I,FIRE_I,OCCUPANT_CNT,EXCEED_SPEED_LIMIT_I,TOWED_BY,TOWED_TO,AREA_00_I,AREA_01_I,AREA_02_I,AREA_03_I,AREA_04_I,AREA_05_I,AREA_06_I,AREA_07_I,AREA_08_I,AREA_09_I,AREA_10_I,AREA_11_I,AREA_12_I,AREA_99_I,FIRST_CONTACT_POINT,CMV_ID,USDOT_NO,CCMC_NO,ILCC_NO,COMMERCIAL_SRC,GVWR,CARRIER_NAME,CARRIER_STATE,CARRIER_CITY,HAZMAT_PLACARDS_I,HAZMAT_NAME,UN_NO,HAZMAT_PRESENT_I,HAZMAT_REPORT_I,HAZMAT_REPORT_NO,MCS_REPORT_I,MCS_REPORT_NO,HAZMAT_VIO_CAUSE_CRASH_I,MCS_VIO_CAUSE_CRASH_I,IDOT_PERMIT_NO,WIDE_LOAD_I,TRAILER1_WIDTH,TRAILER2_WIDTH,TRAILER1_LENGTH,TRAILER2_LENGTH,TOTAL_VEHICLE_LENGTH,AXLE_CNT,VEHICLE_CONFIG,CARGO_BODY_TYPE,LOAD_TYPE,HAZMAT_OUT_OF_SERVICE_I,MCS_OUT_OF_SERVICE_I,HAZMAT_CLASS
2109328,965a9ebd79064f43e27515f33e0bcbc8eee844f934f5e5e8daefd0232bd0f5003bdd4e06b322c13cb79878a87a0b606e8019e4a9c09d2692e33099bf2f4657db,07/18/2025 03:34:00 PM,2,DRIVER,,2010880,,HYUNDAI,OTHER (EXPLAIN IN NARRATIVE),IL,2014,UNKNOWN,PASSENGER,PERSONAL,S,STRAIGHT AHEAD,,,1,,,,,Y,,,,,,,,,,Y,Y,,FRONT-RIGHT-CORNER,,,,,,,,,,,,,,,,,,,,,,,,,,,,,,,,,
2109337,8f4fa139cad2cc0a2f651a8b0b49c3bf71825815c042bf4201501bb9aa890f05e0fde05ffbf28aaff09e087ebb6e5e0022b261bb4408a264f9157b41e3677417,07/18/2025 03:31:00 PM,1,DRIVER,,2010866,,TOYOTA,CAMRY,IL,2022,UNKNOWN,PASSENGER,UNKNOWN/NA,W,ENTERING TRAFFIC LANE FROM PARKING,,,1,,,,,Y,Y,,,,,,,,Y,Y,,,FRONT-LEFT-CORNER,,,,,,,,,,,,,,,,,,,,,,,,,,,,,,,,,
2109338,8f4fa139cad2cc0a2f651a8b0b49c3bf71825815c042bf4201501bb9aa890f05e0fde05ffbf28aaff09e087ebb6e5e0022b261bb4408a264f9157b41e3677417,07/18/2025 03:31:00 PM,2,DRIVER,,2010874,,GENERAL MOTORS CORPORATION (GMC),SIERRA,IL,2022,UNKNOWN,PICKUP,UNKNOWN/NA,W,STRAIGHT AHEAD,,,1,,,,,Y,,,,,,,,,,,,,FRONT-RIGHT-CORNER,,,,,,,,,,,,,,,,,,,,,,,,,,,,,,,,,
2109339,8f4fa139cad2cc0a2f651a8b0b49c3bf71825815c042bf4201501bb9aa890f05e0fde05ffbf28aaff09e087ebb6e5e0022b261bb4408a264f9157b41e3677417,07/18/2025 03:31:00 PM,3,DRIVERLESS,,2010883,,DODGE,RAM PROMASTER,IL,2024,UNKNOWN,VAN/MINI-VAN,UNKNOWN/NA,W,PARKED,,,0,,,,,,,,,,,,Y,,,,,,SIDE-LEFT,,,,,,,,,,,,,,,,,,,,,,,,,,,,,,,,,
2109403,3fcd8c49109ba6647c37892b80d27aec8bb5c789607547ddc596fc3e5c4e715eaf2bd9ec831fa60cefcb931e780e4bc4d98c4ecd14f41ad21054c28da079b18b,07/18/2025 03:30:00 PM,1,DRIVER,,2010925,,GENERAL MOTORS CORPORATION (GMC),OTHER (EXPLAIN IN NARRATIVE),AZ,2024,UNKNOWN,UNKNOWN/NA,PERSONAL,N,TURNING RIGHT,,,1,,,,,,,,,,,,,,,,,Y,UNKNOWN,,,,,,,,,,,,,,,,,,,,,,,,,,,,,,,,,
2109404,3fcd8c49109ba6647c37892b80d27aec8bb5c789607547ddc596fc3e5c4e715eaf2bd9ec831fa60cefcb931e780e4bc4d98c4ecd14f41ad21054c28da079b18b,07/18/2025 03:30:00 PM,2,PARKED,,2010928,,TOYOTA,COROLLA,IL,2011,UNKNOWN,PASSENGER,PERSONAL,N,PARKED,,,0,,,,,,,,,,,Y,Y,,,,,,REAR-LEFT-CORNER,,,,,,,,,,,,,,,,,,,,,,,,,,,,,,,,,
2109419,3fcd8c49109ba6647c37892b80d27aec8bb5c789607547ddc596fc3e5c4e715eaf2bd9ec831fa60cefcb931e780e4bc4d98c4ecd14f41ad21054c28da079b18b,07/18/2025 03:30:00 PM,3,DRIVERLESS,,2010937,,HONDA,ACCORD,IL,2009,UNKNOWN,PASSENGER,PERSONAL,N,TURNING RIGHT,,,0,,,,,,,,,,,,,,,,,Y,UNKNOWN,,,,,,,,,,,,,,,,,,,,,,,,,,,,,,,,,
2109356,5d968d4ef35432e22fdbec864bd99384df24f8a5e524b80f84ffbb973db1d516c1dd58456f38bc8b7bec157ae244de8754ae3ae773a9fbc11ca33cf4d5dd3e67,07/18/2025 03:30:00 PM,1,DRIVER,,2010882,,BUICK,LACROSSE,IL,2008,UNKNOWN,PASSENGER,PERSONAL,E,TURNING LEFT,,,1,,,,,,,Y,,,,,,,,,,,SIDE-RIGHT,,,,,,,,,,,,,,,,,,,,,,,,,,,,,,,,,
2109357,5d968d4ef35432e22fdbec864bd99384df24f8a5e524b80f84ffbb973db1d516c1dd58456f38bc8b7bec157ae244de8754ae3ae773a9fbc11ca33cf4d5dd3e67,07/18/2025 03:30:00 PM,2,PEDESTRIAN,,,,,,,,,,,,,,,,,,,,,,,,,,,,,,,,,,,,,,,,,,,,,,,,,,,,,,,,,,,,,,,,,,
2109394,739deebd5f22dcd84df8061fe94e39fd96e2e87bed65e5d2ca62fb166951aacc742210b0d616084f735cf268d3d1461347ad2ea6644a4cca6b1bf1b373f2ca49,07/18/2025 03:30:00 PM,1,DRIVER,,2010929,,HYUNDAI,TUCSON,IL,2024,NONE,PASSENGER,PERSONAL,S,STRAIGHT AHEAD,,,1,,,,,Y,Y,,,,,,,,,,,,FRONT-RIGHT-CORNER,,,,,,,,,,,,,,,,,,,,,,,,,,,,,,,,,
2109395,739deebd5f22dcd84df8061fe94e39fd96e2e87bed65e5d2ca62fb166951aacc742210b0d616084f735cf268d3d1461347ad2ea6644a4cca6b1bf1b373f2ca49,07/18/2025 03:30:00 PM,2,PARKED,,2010922,,TOYOTA,COROLLA,IL,2011,NONE,PASSENGER,PERSONAL,S,PARKED,,,0,,,,,,,,,,,,,Y,Y,,,,SIDE-LEFT,,,,,,,,,,,,,,,,,,,,,,,,,,,,,,,,,
2111485,950c347ff79dbcf227fcad67f6c979fcceb2a8ffd5ec6d0c093d7f3c342d5b8926fa5c6539b70a7ec0dd77d6847c454d29a89b4f48aaa30215a1c3c5e3ea197f,07/18/2025 03:30:00 PM,1,DRIVER,,2012894,,TESLA,MODEL X,IL,2019,NONE,PASSENGER,PERSONAL,E,TURNING LEFT,,,1,,,,,Y,,,,,,,,,,Y,Y,,FRONT,,,,,,,,,,,,,,,,,,,,,,,,,,,,,,,,,
2111486,950c347ff79dbcf227fcad67f6c979fcceb2a8ffd5ec6d0c093d7f3c342d5b8926fa5c6539b70a7ec0dd77d6847c454d29a89b4f48aaa30215a1c3c5e3ea197f,07/18/2025 03:30:00 PM,2,DRIVER,,2012904,,VOLKSWAGEN,ATLAS,IL,2020,NONE,PASSENGER,PERSONAL,S,STRAIGHT AHEAD,,,1,,,,,,Y,Y,Y,Y,,,,,,,,,SIDE-RIGHT,,,,,,,,,,,,,,,,,,,,,,,,,,,,,,,,,
2109335,bf00e80787de1a9538991af776b017cf75b8306b6ee349839d4632ec535ee423c1e7008d527f242167e6e03750e09acb0138db3762dd302555fb1d8a84eb48f7,07/18/2025 03:30:00 PM,1,DRIVER,1,2010870,,DODGE,JOURNEY,IL,2014,NONE,PASSENGER,PERSONAL,W,CHANGING LANES,,,2,,,,Y,,,,,,,,,,Y,Y,,,FRONT-LEFT-CORNER,,,,,,,,,,,,,,,,,,,,,,,,,,,,,,,,,
2109336,bf00e80787de1a9538991af776b017cf75b8306b6ee349839d4632ec535ee423c1e7008d527f242167e6e03750e09acb0138db3762dd302555fb1d8a84eb48f7,07/18/2025 03:30:00 PM,2,DRIVER,,2010887,,CHEVROLET,IMPALA,IL,2018,NONE,PASSENGER,PERSONAL,W,STRAIGHT AHEAD,,,1,,,,Y,,,Y,Y,N,,,,,,,,,REAR-RIGHT-CORNER,,,,,,,,,,,,,,,,,,,,,,,,,,,,,,,,,
2109387,037a256e39d543a5d616d6aa5aab19e9708974582f55531e29617d203110a2d0110fff513860fa8e71b2d7ce30a3ae326c425a5d3b9f1f85824082a40e8be74b,07/18/2025 03:25:00 PM,1,DRIVER,,2010910,,NISSAN,MURANO,IL,2015,UNKNOWN,SPORT UTILITY VEHICLE (SUV),PERSONAL,S,STRAIGHT AHEAD,,,1,,,,,,Y,Y,Y,Y,,,,,,,,,SIDE-RIGHT,,,,,,,,,,,,,,,,,,,,,,,,,,,,,,,,,
2109402,037a256e39d543a5d616d6aa5aab19e9708974582f55531e29617d203110a2d0110fff513860fa8e71b2d7ce30a3ae326c425a5d3b9f1f85824082a40e8be74b,07/18/2025 03:25:00 PM,2,DRIVER,2,2010921,,TOYOTA,COROLLA,IL,2007,UNKNOWN,PASSENGER,PERSONAL,E,STRAIGHT AHEAD,Y,,3,,OWNER,,,Y,,,,,,,,,,Y,Y,,FRONT,,,,,,,,,,,,,,,,,,,,,,,,,,,,,,,,,
2109340,9dd0c906a48400c5af5664edede601fca0cf11df79f7ab63710070f1c449c14467d736b6bd1711cea4bb0b1073c172a186dd16676f7a6f14d56151b724db81fc,07/18/2025 03:25:00 PM,1,BICYCLE,,,,,,,,,,,,,,,,,,,,,,,,,,,,,,,,,,,,,,,,,,,,,,,,,,,,,,,,,,,,,,,,,,
2109341,9dd0c906a48400c5af5664edede601fca0cf11df79f7ab63710070f1c449c14467d736b6bd1711cea4bb0b1073c172a186dd16676f7a6f14d56151b724db81fc,07/18/2025 03:25:00 PM,2,DRIVER,,2010873,,FORD,EXPLORER,MI,2023,NONE,PASSENGER,PERSONAL,S,TURNING RIGHT,,,1,,,,,,,,,Y,,,,,,,,,REAR-RIGHT-CORNER,,,,,,,,,,,,,,,,,,,,,,,,,,,,,,,,,
2109296,c8265b2f6dc8285744e0b900441d9ee32cd8c0c6865091629ce42b37ceae5395c299381684b66547bcc5f546235088600c1097a54472f6f83f83a38d9c20e129,07/18/2025 03:25:00 PM,1,DRIVER,,2010846,,CHEVROLET,SUBURBAN,IL,2000,UNKNOWN,PASSENGER,UNKNOWN/NA,S,UNKNOWN/NA,,,1,,,,,,,,,,,,,,,Y,,,FRONT-LEFT-CORNER,,,,,,,,,,,,,,,,,,,,,,,,,,,,,,,,,
2109297,c8265b2f6dc8285744e0b900441d9ee32cd8c0c6865091629ce42b37ceae5395c299381684b66547bcc5f546235088600c1097a54472f6f83f83a38d9c20e129,07/18/2025 03:25:00 PM,2,DRIVER,,2010835,,SUBARU,ASCENT,,2021,UNKNOWN,PASSENGER,PERSONAL,S,STRAIGHT AHEAD,,,1,,,,,,,,Y,Y,,,,,,,,,SIDE-RIGHT-REAR,,,,,,,,,,,,,,,,,,,,,,,,,,,,,,,,,
2109319,cc565e89f6c0c23933f151c59da955e16f6bc180cf9cec9348d70ecce2285d3b0be870c884cc44a1d0e422a3270f655df16fe0c24f4e00e926b01c310e7d8988,07/18/2025 03:25:00 PM,1,DRIVER,,2010852,,TOYOTA,CAMRY,IL,2016,UNKNOWN,PASSENGER,PERSONAL,N,STRAIGHT AHEAD,Y,,1,,PRIVATE TOW,,,Y,,,,,,,,,,Y,Y,,FRONT,,,,,,,,,,,,,,,,,,,,,,,,,,,,,,,,,
2109320,cc565e89f6c0c23933f151c59da955e16f6bc180cf9cec9348d70ecce2285d3b0be870c884cc44a1d0e422a3270f655df16fe0c24f4e00e926b01c310e7d8988,07/18/2025 03:25:00 PM,2,DRIVER,1,2010857,,HONDA,PILOT,IL,2018,UNKNOWN,PASSENGER,PERSONAL,N,SLOW/STOP IN TRAFFIC,,,2,,,,,,,,,Y,Y,Y,,,,,,,REAR,,,,,,,,,,,,,,,,,,,,,,,,,,,,,,,,,
2109298,2161b0e23c92613cac983289f88e04473cdc4bd8bce4fd8bfde4ccdde4496f70f1dd95995fa11c5177f4feab254666c09e04199a6fccd267bd51455e3748111f,07/18/2025 03:20:00 PM,1,DRIVER,,2010833,,FORD,ESCAPE,IL,2015,UNKNOWN,SPORT UTILITY VEHICLE (SUV),PERSONAL,N,AVOIDING VEHICLES/OBJECTS,,,1,,,,,,Y,Y,Y,,,,,,,,,,SIDE-RIGHT,,,,,,,,,,,,,,,,,,,,,,,,,,,,,,,,,
2109315,bd4cbc45459bb24f5dd132887a442b52b602245dc628466846b766f52e16c5d53e032d0f413eb8949c35abaf742f66d764131855616f5310ec6c52416a2e3f85,07/18/2025 03:20:00 PM,1,DRIVER,,2010847,,VOLVO,S60,IL,2015,UNKNOWN,PASSENGER,PERSONAL,S,STRAIGHT AHEAD,,,1,,,,,Y,Y,Y,Y,,,,,,,,Y,,FRONT-RIGHT-CORNER,,,,,,,,,,,,,,,,,,,,,,,,,,,,,,,,,
2109316,bd4cbc45459bb24f5dd132887a442b52b602245dc628466846b766f52e16c5d53e032d0f413eb8949c35abaf742f66d764131855616f5310ec6c52416a2e3f85,07/18/2025 03:20:00 PM,2,DRIVER,,2010851,,CHEVROLET,TRAX,IL,2022,UNKNOWN,PASSENGER,PERSONAL,E,TURNING LEFT,,,1,,,,,Y,,,,,,,,,,Y,Y,,FRONT,,,,,,,,,,,,,,,,,,,,,,,,,,,,,,,,,
2109482,3034bf03a14073770ce302e48040dd524a0e7cd34faa59eb5c80ce9b742bd2a0ab6b6d984e88ef33c342be93d82a8822ddfda3563737b089210ae81df111ba9c,07/18/2025 03:18:00 PM,1,DRIVER,1,2011002,,VOLKSWAGEN,JETTA,IL,2015,UNKNOWN,PASSENGER,UNKNOWN/NA,N,UNKNOWN/NA,,,2,,,,,,,,,,,,,,,,,Y,SIDE-RIGHT,,,,,,,,,,,,,,,,,,,,,,,,,,,,,,,,,
2109483,3034bf03a14073770ce302e48040dd524a0e7cd34faa59eb5c80ce9b742bd2a0ab6b6d984e88ef33c342be93d82a8822ddfda3563737b089210ae81df111ba9c,07/18/2025 03:18:00 PM,2,PARKED,1,2011006,,KIA,OPTIMA / K5,IL,2015,UNKNOWN,PASSENGER,PERSONAL,N,PARKED,,,1,,,,,,,,,,,,,,Y,Y,,,SIDE-LEFT,,,,,,,,,,,,,,,,,,,,,,,,,,,,,,,,,
2109374,d33c38cac140a50b10170327115e527f178fb3b4e0f444b3479ec41e2cc6bbf3c24efff5d276ef0b2752d78df6371272781017018c96527daefec8fbf2bb542e,07/18/2025 03:15:00 PM,1,DRIVER,,2010906,,MAZDA,MAZDA6,IL,2015,NONE,PASSENGER,UNKNOWN/NA,S,STRAIGHT AHEAD,,,1,,,,,Y,,,,,,,,,,Y,Y,,FRONT,,,,,,,,,,,,,,,,,,,,,,,,,,,,,,,,,
2109375,d33c38cac140a50b10170327115e527f178fb3b4e0f444b3479ec41e2cc6bbf3c24efff5d276ef0b2752d78df6371272781017018c96527daefec8fbf2bb542e,07/18/2025 03:15:00 PM,2,DRIVER,,2010909,,NISSAN,VERSA,IL,2021,NONE,PASSENGER,PERSONAL,S,STRAIGHT AHEAD,,,1,,,,,,,,,,Y,Y,,,,Y,Y,,REAR-LEFT-CORNER,,,,,,,,,,,,,,,,,,,,,,,,,,,,,,,,,
2109376,d33c38cac140a50b10170327115e527f178fb3b4e0f444b3479ec41e2cc6bbf3c24efff5d276ef0b2752d78df6371272781017018c96527daefec8fbf2bb542e,07/18/2025 03:15:00 PM,3,DRIVER,,2010913,,TESLA,MODEL 3,IL,2018,UNKNOWN,UNKNOWN/NA,UNKNOWN/NA,S,STRAIGHT AHEAD,,,1,,,,,,,,,,,,,,,,,,UNKNOWN,,,,,,,,,,,,,,,,,,,,,,,,,,,,,,,,,
2109305,0d60ecc75d61c8c7811bdced21001c3112c02a79f7896bd79b52d6a406d98422d9b1bade6f991ad51a065faef11b288543bc822ce0caae8cccdac7da81b6d5a4,07/18/2025 03:10:00 PM,1,DRIVER,,2010868,,CHEVROLET,VAN,IL,2001,UNKNOWN,VAN/MINI-VAN,PERSONAL,E,PASSING/OVERTAKING,,,1,,,,Y,,,,,,,,,,,,,,SIDE-RIGHT,,,,,,,,,,,,,,,,,,,,,,,,,,,,,,,,,
2109306,0d60ecc75d61c8c7811bdced21001c3112c02a79f7896bd79b52d6a406d98422d9b1bade6f991ad51a065faef11b288543bc822ce0caae8cccdac7da81b6d5a4,07/18/2025 03:10:00 PM,2,DRIVER,1,2010879,,TOYOTA,COROLLA,IL,2005,UNKNOWN,PASSENGER,PERSONAL,E,STRAIGHT AHEAD,,,2,,,,,,,,,,,,,,,Y,,,SIDE-LEFT-FRONT,,,,,,,,,,,,,,,,,,,,,,,,,,,,,,,,,
2109311,3d7543614283d796f13ea4d1e49062b3319cf7d69cb15204f271e8011b5b93bd810da4ee9c0298a6e1e8679df97aa439dc15436745688193871223aa8e064377,07/18/2025 03:10:00 PM,1,DRIVER,,2010861,,ISUZU,TRUCK,IN,2023,NONE,TRUCK - SINGLE UNIT,UNKNOWN/NA,S,STARTING IN TRAFFIC,,,1,,,,,,,,,,,,,,,,,Y,FRONT,,,,,,,,,,,,,,,,,,,,,,,,,,,,,,,,,
2109312,3d7543614283d796f13ea4d1e49062b3319cf7d69cb15204f271e8011b5b93bd810da4ee9c0298a6e1e8679df97aa439dc15436745688193871223aa8e064377,07/18/2025 03:10:00 PM,2,PARKED,1,2010840,,CHEVROLET,EL CAMINO,IL,1979,NONE,PASSENGER,NOT IN USE,S,PARKED,,,1,,,,,,,,,,Y,Y,,,,,,,REAR-LEFT-CORNER,,,,,,,,,,,,,,,,,,,,,,,,,,,,,,,,,
2109326,beebc96cec63cc91be5c39c0e500d93fdc19dfb7e160fedb4366e08ed74fd722cc143ad734f84f5451d5a2385c49eca45aef8a51576044b60f5ee77200cb20e0,07/18/2025 03:10:00 PM,1,DRIVER,,2010858,,TOYOTA,RAV4,IL,2019,NONE,PASSENGER,PERSONAL,S,STRAIGHT AHEAD,Y,,1,,,,,Y,,,,,,,,,,Y,Y,,FRONT,,,,,,,,,,,,,,,,,,,,,,,,,,,,,,,,,
2109290,eebcaeba9156e2d5be119d111e6a0b641b8fa2307c47797479924fd68138e2e69c0068a1aec0ef1f075b77f017329b8d071c20b791e855a4297974a0e09a5e34,07/18/2025 03:10:00 PM,1,DRIVER,,2010824,,MERCEDES-BENZ,GLC,IL,2018,UNKNOWN,PASSENGER,PERSONAL,W,OTHER,,,1,,,,,,,,,,,,,,Y,Y,,,FRONT-LEFT-CORNER,,,,,,,,,,,,,,,,,,,,,,,,,,,,,,,,,
2109291,eebcaeba9156e2d5be119d111e6a0b641b8fa2307c47797479924fd68138e2e69c0068a1aec0ef1f075b77f017329b8d071c20b791e855a4297974a0e09a5e34,07/18/2025 03:10:00 PM,2,PARKED,,2010831,,NISSAN,ROGUE,IL,2020,UNKNOWN,PASSENGER,PERSONAL,W,PARKED,,,0,,,,,Y,Y,Y,,,,,,,,,,,FRONT-RIGHT-CORNER,,,,,,,,,,,,,,,,,,,,,,,,,,,,,,,,,
2109307,f680d97f5f54eb3a33a1b8a077764c8775eea992f6a3c782551da5a2decb09138d9d421cf1031898903c04e2bd207cfa722042873bf32f7f0986420cb40c245b,07/18/2025 03:08:00 PM,1,DRIVER,,2010844,,CHEVROLET,TRAVERSE,IL,,NONE,PASSENGER,PERSONAL,S,PASSING/OVERTAKING,,,1,,,,,,,,,,,,Y,Y,,,,,SIDE-LEFT-REAR,,,,,,,,,,,,,,,,,,,,,,,,,,,,,,,,,
2109308,f680d97f5f54eb3a33a1b8a077764c8775eea992f6a3c782551da5a2decb09138d9d421cf1031898903c04e2bd207cfa722042873bf32f7f0986420cb40c245b,07/18/2025 03:08:00 PM,2,DRIVER,,2010848,,NISSAN,ALTIMA,IL,2012,NONE,PASSENGER,PERSONAL,S,STRAIGHT AHEAD,,,1,,,,,Y,Y,Y,,,,,,,,,,,SIDE-RIGHT-FRONT,,,,,,,,,,,,,,,,,,,,,,,,,,,,,,,,,
2109317,786607410ed73687bfeaf0d093f9e60702cfb154fec5d70220f0f9b5fd166af447050712a12e6ff6e225fd4afc21814cd4be2a0bd19ff5595080d13342a1152f,07/18/2025 03:06:00 PM,1,DRIVER,,2010859,,TOYOTA,RAV4,IL,2004,NONE,PASSENGER,PERSONAL,E,TURNING RIGHT,,,1,,,,,Y,Y,,,,,,,,,,,,FRONT-RIGHT-CORNER,,,,,,,,,,,,,,,,,,,,,,,,,,,,,,,,,
2109318,786607410ed73687bfeaf0d093f9e60702cfb154fec5d70220f0f9b5fd166af447050712a12e6ff6e225fd4afc21814cd4be2a0bd19ff5595080d13342a1152f,07/18/2025 03:06:00 PM,2,BICYCLE,,,,,,,,,,,,,,,,,,,,,,,,,,,,,,,,,,,,,,,,,,,,,,,,,,,,,,,,,,,,,,,,,,
2109348,95900d19d8484938d7a596edc4096e7601d7d31b736cfb0d81b1ab88ce4d74912348758d9026d80844836a2b7a31f5c77266be84aa86875cd14d618845e3b908,07/18/2025 03:03:00 PM,1,DRIVER,1,2010877,,UNKNOWN,OTHER (EXPLAIN IN NARRATIVE),XX,,UNKNOWN,UNKNOWN/NA,UNKNOWN/NA,SE,TURNING RIGHT,,,2,,,,,,,,,,,,,,,,,Y,UNKNOWN,,,,,,,,,,,,,,,,,,,,,,,,,,,,,,,,,
2109349,95900d19d8484938d7a596edc4096e7601d7d31b736cfb0d81b1ab88ce4d74912348758d9026d80844836a2b7a31f5c77266be84aa86875cd14d618845e3b908,07/18/2025 03:03:00 PM,2,DRIVER,,2010884,,NEW FLYER,XCELSIOR XE40,IL,2005,UNKNOWN,BUS OVER 15 PASS.,CTA,E,UNKNOWN/NA,,,1,,,,,,,,,,,,,,,,Y,,FRONT-LEFT-CORNER,,,,,,,,,,,,,,,,,,,,,,,,,,,,,,,,,
2109500,0507d4a700d90c106933969c91eaa1979a54b11836d8cee4a0df9e5c4ea1ff54f979f8fb3a6c755b887e4f0cee06d07429950e873c3b8288fd644f740671d956,07/18/2025 03:00:00 PM,1,BICYCLE,,,,,,,,,,,,,,,,,,,,,,,,,,,,,,,,,,,,,,,,,,,,,,,,,,,,,,,,,,,,,,,,,,
2109501,0507d4a700d90c106933969c91eaa1979a54b11836d8cee4a0df9e5c4ea1ff54f979f8fb3a6c755b887e4f0cee06d07429950e873c3b8288fd644f740671d956,07/18/2025 03:00:00 PM,2,DRIVER,,2011024,,MERCEDES-BENZ,OTHER (EXPLAIN IN NARRATIVE),IL,2019,NONE,TRUCK - SINGLE UNIT,AMBULANCE,E,STRAIGHT AHEAD,,,1,,,,Y,,,,,,,,,,,,,,NONE,,,,,,,,,,,,,,,,,,,,,,,,,,,,,,,,,
2109411,7a1082b44df3f8d86cd31ba9b58833ca3c7ffd8ad53dbbdbb9952829fb7eb27a128076507a67552fbc7091afa65467ca070ed486aba84cfb2eb5c8b37c80ed3f,07/18/2025 03:00:00 PM,1,DRIVER,,2010933,,FORD,F150,IL,2013,NONE,PICKUP,PERSONAL,N,ENTERING TRAFFIC LANE FROM PARKING,,,1,,,,Y,,,,,,,,,,,,,,FRONT,,,,,,,,,,,,,,,,,,,,,,,,,,,,,,,,,
2109412,7a1082b44df3f8d86cd31ba9b58833ca3c7ffd8ad53dbbdbb9952829fb7eb27a128076507a67552fbc7091afa65467ca070ed486aba84cfb2eb5c8b37c80ed3f,07/18/2025 03:00:00 PM,2,PARKED,,2010944,,ACURA,TLX,IL,2012,NONE,PASSENGER,PERSONAL,N,PARKED,,,0,,,,,,,,,Y,,,,,,,,,REAR-RIGHT-CORNER,,,,,,,,,,,,,,,,,,,,,,,,,,,,,,,,,
2109545,b121d00aea0e3cd89d5e308232d54b33d6082c3464282f28b457a61d1700908d88149a581d6837b502f88427842301739b8bfbd046cbb38e1fe755382280d782,07/18/2025 03:00:00 PM,1,DRIVER,2,2011060,,TESLA,OTHER (EXPLAIN IN NARRATIVE),IL,2024,UNKNOWN,PASSENGER,UNKNOWN/NA,S,ENTERING TRAFFIC LANE FROM PARKING,,,3,,,,,,,,,,,,,,N,Y,Y,,FRONT-LEFT-CORNER,,,,,,,,,,,,,,,,,,,,,,,,,,,,,,,,,
2109546,b121d00aea0e3cd89d5e308232d54b33d6082c3464282f28b457a61d1700908d88149a581d6837b502f88427842301739b8bfbd046cbb38e1fe755382280d782,07/18/2025 03:00:00 PM,2,DRIVER,,2011066,,LINCOLN,NAVIGATOR,IL,2020,OTHER,PASSENGER,UNKNOWN/NA,S,STRAIGHT AHEAD,,,1,,,,,,Y,Y,,,,,,,,,,,SIDE-RIGHT,,,,,,,,,,,,,,,,,,,,,,,,,,,,,,,,,
2109464,ffbc70b7462cc1d7953af11fa895046c585f76e4442852f25b5da7c7d1d2d4732ca75927e7638f74c3c02c8c8d07a40b161eecb65c78681fa7586234b1c6f78c,07/18/2025 03:00:00 PM,1,DRIVER,,2010993,,PONTIAC,G6,IL,2007,UNKNOWN,PASSENGER,PERSONAL,S,STRAIGHT AHEAD,,,1,,,,,,,,,,,,,,,,Y,,FRONT,,,,,,,,,,,,,,,,,,,,,,,,,,,,,,,,,
2109465,ffbc70b7462cc1d7953af11fa895046c585f76e4442852f25b5da7c7d1d2d4732ca75927e7638f74c3c02c8c8d07a40b161eecb65c78681fa7586234b1c6f78c,07/18/2025 03:00:00 PM,2,DRIVER,,2011004,,CHEVROLET,SILVERADO,IL,2015,NONE,PASSENGER,PERSONAL,S,STRAIGHT AHEAD,,,1,,,,,,,,,,Y,,,,,,,,REAR,,,,,,,,,,,,,,,,,,,,,,,,,,,,,,,,,
2111684,68020ef9d91acd5ceae0a975ff06fbd5d612d77f112810ab899bfed673221823cd8c8bd1d01ab3f8f8e828a0a13c628c070d9c3e4ed75ecc0d3b1b3746a270f3,07/18/2025 02:58:00 PM,1,DRIVER,,2013089,,UNKNOWN,OTHER (EXPLAIN IN NARRATIVE),,,NONE,PASSENGER,UNKNOWN/NA,E,STRAIGHT AHEAD,,,1,,,,,,,,,,,,,,,,,Y,UNKNOWN,,,,,,,,,,,,,,,,,,,,,,,,,,,,,,,,,
2111685,68020ef9d91acd5ceae0a975ff06fbd5d612d77f112810ab899bfed673221823cd8c8bd1d01ab3f8f8e828a0a13c628c070d9c3e4ed75ecc0d3b1b3746a270f3,07/18/2025 02:58:00 PM,2,DRIVER,,2013091,,INFINITI,FX35,IL,2008,NONE,PASSENGER,PERSONAL,E,STRAIGHT AHEAD,,,1,,,,,,,,,Y,Y,Y,,,,,,,REAR,,,,,,,,,,,,,,,,,,,,,,,,,,,,,,,,,
2109405,02ef86443b4a655f6859678c7a2e085d5684545320ed23dbe98b0ede559fea04e22ea75e76235a144954e4748e3d616e80906a9641c4b9730bcb2229886db165,07/18/2025 02:55:00 PM,1,DRIVER,,2010945,,HONDA,CIVIC,IL,2022,UNKNOWN,PASSENGER,UNKNOWN/NA,E,ENTERING TRAFFIC LANE FROM PARKING,,,1,,,,,N,,,,,,,,,Y,Y,,,FRONT-LEFT-CORNER,,,,,,,,,,,,,,,,,,,,,,,,,,,,,,,,,