CRASH_UNIT_ID,CRASH_RECORD_ID,CRASH_DATE,UNIT_NO,UNIT_TYPE,NUM_PASSENGERS,VEHICLE_ID,CMRC_VEH_I,MAKE,MODEL,LIC_PLATE_STATE,VEHICLE_YEAR,VEHICLE_DEFECT,VEHICLE_TYPE,VEHICLE_USE,TRAVEL_DIRECTION,MANEUVER,TOWED_I,FIRE_I,OCCUPANT_CNT,EXCEED_SPEED_LIMIT_I,TOWED_BY,TOWED_TO,AREA_00_I,AREA_01_I,AREA_02_I,AREA_03_I,AREA_04_I,AREA_05_I,AREA_06_I,AREA_07_I,AREA_08_I,AREA_09_I,AREA_10_I,AREA_11_I,AREA_12_I,AREA_99_I,FIRST_CONTACT_POINT,CMV_ID,USDOT_NO,CCMC_NO,ILCC_NO,COMMERCIAL_SRC,GVWR,CARRIER_NAME,CARRIER_STATE,CARRIER_CITY,HAZMAT_PLACARDS_I,HAZMAT_NAME,UN_NO,HAZMAT_PRESENT_I,HAZMAT_REPORT_I,HAZMAT_REPORT_NO,MCS_REPORT_I,MCS_REPORT_NO,HAZMAT_VIO_CAUSE_CRASH_I,MCS_VIO_CAUSE_CRASH_I,IDOT_PERMIT_NO,WIDE_LOAD_I,TRAILER1_WIDTH,TRAILER2_WIDTH,TRAILER1_LENGTH,TRAILER2_LENGTH,TOTAL_VEHICLE_LENGTH,AXLE_CNT,VEHICLE_CONFIG,CARGO_BODY_TYPE,LOAD_TYPE,HAZMAT_OUT_OF_SERVICE_I,MCS_OUT_OF_SERVICE_I,HAZMAT_CLASS
2109406,02ef86443b4a655f6859678c7a2e085d5684545320ed23dbe98b0ede559fea04e22ea75e76235a144954e4748e3d616e80906a9641c4b9730bcb2229886db165,07/18/2025 02:55:00 PM,2,DRIVER,,2010984,,GENERAL MOTORS CORPORATION (GMC),OTHER (EXPLAIN IN NARRATIVE),IL,2023,UNKNOWN,PASSENGER,UNKNOWN/NA,E,STRAIGHT AHEAD,,,1,,,,,Y,,,,,,,,,,,,,FRONT-RIGHT-CORNER,,,,,,,,,,,,,,,,,,,,,,,,,,,,,,,,,
2109358,6cb1f8c3a740a24b4617ab78ad1f970f42a51f9809c8dfeef2be1ca7effeaf77a72775e5559237ed6427960d7bb6c836c40fa33e56540293610c9c6bdfddfb4e,07/18/2025 02:53:00 PM,1,DRIVER,,2010917,,UNKNOWN,OTHER (EXPLAIN IN NARRATIVE),,,UNKNOWN,UNKNOWN/NA,UNKNOWN/NA,UNKNOWN,STRAIGHT AHEAD,,,1,,,,,,,,,,,,,,,,,,UNKNOWN,,,,,,,,,,,,,,,,,,,,,,,,,,,,,,,,,
2109359,6cb1f8c3a740a24b4617ab78ad1f970f42a51f9809c8dfeef2be1ca7effeaf77a72775e5559237ed6427960d7bb6c836c40fa33e56540293610c9c6bdfddfb4e,07/18/2025 02:53:00 PM,2,DRIVER,,2010894,,FORD,EXPEDITION,IL,2024,UNKNOWN,SPORT UTILITY VEHICLE (SUV),UNKNOWN/NA,S,TURNING LEFT,,,1,,,,,Y,Y,,,,,,,,,,,,FRONT-RIGHT-CORNER,,,,,,,,,,,,,,,,,,,,,,,,,,,,,,,,,
2109462,f76f09b4c1a99c5fab48193b5555d0a163d43ecfc7a86fee11706b6fbc7fe35b2747d084c0c6e08d41f7b7932f624c834788ad4e1cd1614c4a5c341310602719,07/18/2025 02:52:00 PM,1,DRIVER,1,2010973,,TOYOTA,COROLLA,IL,2004,UNKNOWN,PASSENGER,UNKNOWN/NA,N,PASSING/OVERTAKING,,,2,,,,,,,,,,,,,,,,,,UNKNOWN,,,,,,,,,,,,,,,,,,,,,,,,,,,,,,,,,
2109463,f76f09b4c1a99c5fab48193b5555d0a163d43ecfc7a86fee11706b6fbc7fe35b2747d084c0c6e08d41f7b7932f624c834788ad4e1cd1614c4a5c341310602719,07/18/2025 02:52:00 PM,2,DRIVER,1,2010983,,JEEP,LIBERTY,IL,2010,UNKNOWN,PASSENGER,PERSONAL,N,STRAIGHT AHEAD,,,2,,,,,Y,,,,,,,,,Y,Y,Y,,SIDE-LEFT-FRONT,,,,,,,,,,,,,,,,,,,,,,,,,,,,,,,,,
2109396,246c657d5746bb26fe33099985192ec8ad67834431a91b2a744ac9fdbdc9e8bc800ef0865b046359d666116845624516bb18cd6c1957bc64ac3d439034c612b2,07/18/2025 02:50:00 PM,1,DRIVER,,2010918,,LEXUS,LS400,IL,1999,UNKNOWN,UNKNOWN/NA,UNKNOWN/NA,N,UNKNOWN/NA,Y,,1,,streets and sanitation,,,Y,,,,,Y,Y,Y,Y,Y,Y,Y,,FRONT,,,,,,,,,,,,,,,,,,,,,,,,,,,,,,,,,
2109321,dcf79a290653c5193985cb9cd63ba94654d1988d52af0ee9d29a32f922c0dacfde6ccde9559f42cbf68d065ca0ce5ccf40a98000fac61a92698b2b22260527d1,07/18/2025 02:50:00 PM,1,BICYCLE,,,,,,,,,,,,,,,,,,,,,,,,,,,,,,,,,,,,,,,,,,,,,,,,,,,,,,,,,,,,,,,,,,
2109322,dcf79a290653c5193985cb9cd63ba94654d1988d52af0ee9d29a32f922c0dacfde6ccde9559f42cbf68d065ca0ce5ccf40a98000fac61a92698b2b22260527d1,07/18/2025 02:50:00 PM,2,DRIVER,,2010853,,HONDA,HR-V,IL,2019,UNKNOWN,PASSENGER,PERSONAL,E,STRAIGHT AHEAD,,,1,,,,,,,,,,,,,,,Y,,,FRONT-LEFT-CORNER,,,,,,,,,,,,,,,,,,,,,,,,,,,,,,,,,
2109280,f99c110b0cb07fca2406645e917adc44db6f9c39032aac09f00643bbf3223a8bd4b0440de1aedb835900c7e6fa31219559183850a06546fb9a2cae38bfd429a5,07/18/2025 02:50:00 PM,1,DRIVER,,2010806,,NISSAN,ALTIMA,IL,2022,NONE,PASSENGER,PERSONAL,S,PASSING/OVERTAKING,,,1,,,,,,,,,,,,Y,,,,,,SIDE-LEFT,,,,,,,,,,,,,,,,,,,,,,,,,,,,,,,,,
2109281,f99c110b0cb07fca2406645e917adc44db6f9c39032aac09f00643bbf3223a8bd4b0440de1aedb835900c7e6fa31219559183850a06546fb9a2cae38bfd429a5,07/18/2025 02:50:00 PM,2,DRIVER,,2010813,,HONDA,CIVIC,IL,2015,NONE,PASSENGER,NOT IN USE,S,SLOW/STOP IN TRAFFIC,,,1,,,,,Y,,,,,,,,,,,,,FRONT-RIGHT-CORNER,,,,,,,,,,,,,,,,,,,,,,,,,,,,,,,,,
2109434,54faf4a389ac38537e279889a356e74c0de26df9f3ec3b26c1b1697603fcd095aae18f10b906d795582ef8c951f4a55b9b15a3c6f6c770062071b2d285947573,07/18/2025 02:45:00 PM,1,DRIVER,,2010953,,MERCURY,GRAND MARQUIS,IL,2004,UNKNOWN,PASSENGER,PERSONAL,N,BACKING,,,1,,,,,,,,,,,Y,,,,,,,REAR,,,,,,,,,,,,,,,,,,,,,,,,,,,,,,,,,
2109435,54faf4a389ac38537e279889a356e74c0de26df9f3ec3b26c1b1697603fcd095aae18f10b906d795582ef8c951f4a55b9b15a3c6f6c770062071b2d285947573,07/18/2025 02:45:00 PM,2,DRIVER,,2010960,,NISSAN,VERSA,IL,2023,UNKNOWN,PASSENGER,PERSONAL,S,BACKING,,,1,,,,,,,,,,,Y,,,,,,,REAR-LEFT-CORNER,,,,,,,,,,,,,,,,,,,,,,,,,,,,,,,,,
2109460,90874334556268e3fd9cbe6c3909db389387eb3d8bf9cbf2db716f12b4a2d9cbb477bf45aab2b8366da980945f32fe31351c3ad1088e239c51085e0c7097b149,07/18/2025 02:40:00 PM,1,DRIVER,1,2010976,,CHEVROLET,CRUZE,,,UNKNOWN,PASSENGER,UNKNOWN/NA,N,UNKNOWN/NA,,,2,,,,,,,,,,,,,,,,,Y,UNKNOWN,,,,,,,,,,,,,,,,,,,,,,,,,,,,,,,,,
2109461,90874334556268e3fd9cbe6c3909db389387eb3d8bf9cbf2db716f12b4a2d9cbb477bf45aab2b8366da980945f32fe31351c3ad1088e239c51085e0c7097b149,07/18/2025 02:40:00 PM,2,DRIVER,,2010969,,PONTIAC,GRAND PRIX,IL,2008,UNKNOWN,PASSENGER,PERSONAL,N,STRAIGHT AHEAD,,,1,,,,,,,,,,,,,Y,Y,,,,SIDE-LEFT,,,,,,,,,,,,,,,,,,,,,,,,,,,,,,,,,
2110856,96cadcd9fd8dafa3f727137669652dd5be9669e071efa091bf42e5d7cb20ed9ac997bcd8de9d27a8aea9d760bb7642db8aa685d580f87e9c4e257fdd88ac5ae9,07/18/2025 02:35:00 PM,1,DRIVER,,2012311,,JEEP,RENEGADE,IN,2015,UNKNOWN,SPORT UTILITY VEHICLE (SUV),UNKNOWN/NA,UNKNOWN,BACKING,,,1,,,,,,,,,,,,,,,,,Y,REAR-LEFT-CORNER,,,,,,,,,,,,,,,,,,,,,,,,,,,,,,,,,
2110857,96cadcd9fd8dafa3f727137669652dd5be9669e071efa091bf42e5d7cb20ed9ac997bcd8de9d27a8aea9d760bb7642db8aa685d580f87e9c4e257fdd88ac5ae9,07/18/2025 02:35:00 PM,2,PARKED,,2012313,,TESLA,MODEL 3,IL,2024,UNKNOWN,PASSENGER,NOT IN USE,UNKNOWN,PARKED,,,0,,,,,,,,,,,,,,,,Y,,FRONT,,,,,,,,,,,,,,,,,,,,,,,,,,,,,,,,,
2109284,647f4140cdbfe7edd3d87c7b82e37b7ebc5a5966580bd45906b529fa9fa5514e9c96ede9196ad3dcf430551b89f0f0e5c68a2adc8723f4e888653fbd4ef32da1,07/18/2025 02:28:00 PM,1,DRIVER,,2010819,,TOYOTA,OTHER (EXPLAIN IN NARRATIVE),IA,2016,UNKNOWN,PASSENGER,PERSONAL,N,TURNING LEFT,,,1,,,,,Y,,,,,,,,,,Y,Y,,FRONT,,,,,,,,,,,,,,,,,,,,,,,,,,,,,,,,,
2109285,647f4140cdbfe7edd3d87c7b82e37b7ebc5a5966580bd45906b529fa9fa5514e9c96ede9196ad3dcf430551b89f0f0e5c68a2adc8723f4e888653fbd4ef32da1,07/18/2025 02:28:00 PM,2,DRIVER,,2010827,,AUDI,OTHER (EXPLAIN IN NARRATIVE),IL,2025,UNKNOWN,PASSENGER,PERSONAL,S,STRAIGHT AHEAD,,,1,,,,,,,,,,,Y,Y,Y,Y,Y,,,TOTAL (ALL AREAS),,,,,,,,,,,,,,,,,,,,,,,,,,,,,,,,,
2109292,304912d130be30066611951b5a87b96d9eec9abf693f94e1b1f36d42760dee581c6b91260718aa42fdda5c9dbb896e6e5ed3e493b478443186bd261058b4ed07,07/18/2025 02:25:00 PM,1,DRIVER,,2010849,,GENERAL MOTORS CORPORATION (GMC),OTHER (EXPLAIN IN NARRATIVE),IL,,UNKNOWN,PASSENGER,PERSONAL,N,MERGING,,,1,,,,,,,,,,,,,,,,,,NONE,,,,,,,,,,,,,,,,,,,,,,,,,,,,,,,,,
2109293,304912d130be30066611951b5a87b96d9eec9abf693f94e1b1f36d42760dee581c6b91260718aa42fdda5c9dbb896e6e5ed3e493b478443186bd261058b4ed07,07/18/2025 02:25:00 PM,2,DRIVER,,2010854,,TOYOTA,RAV4,IL,2019,UNKNOWN,PASSENGER,PERSONAL,N,STRAIGHT AHEAD,,,1,,,,,Y,Y,Y,,,,,,,,,Y,,FRONT-RIGHT-CORNER,,,,,,,,,,,,,,,,,,,,,,,,,,,,,,,,,
2109259,5d89be3c6c7f8b9e22ca7db04c2298330cf2fe0bc137226ead6b711ba50d71c0feec0e70287d84b41b5c80b1f0fc1be29b45ba8a55d9d7c643093c52aa1cdb35,07/18/2025 02:25:00 PM,1,DRIVER,,2010793,,FORD,ESCAPE,IL,2008,NONE,SPORT UTILITY VEHICLE (SUV),PERSONAL,N,CHANGING LANES,,,1,,,,,,,,,,,,,,,Y,,,FRONT-LEFT-CORNER,,,,,,,,,,,,,,,,,,,,,,,,,,,,,,,,,
2109260,5d89be3c6c7f8b9e22ca7db04c2298330cf2fe0bc137226ead6b711ba50d71c0feec0e70287d84b41b5c80b1f0fc1be29b45ba8a55d9d7c643093c52aa1cdb35,07/18/2025 02:25:00 PM,2,DRIVER,,2010797,,CHEVROLET,OTHER (EXPLAIN IN NARRATIVE),IL,2013,NONE,PASSENGER,PERSONAL,N,STRAIGHT AHEAD,,,1,,,,,,Y,Y,Y,,,,,,,,,,SIDE-RIGHT,,,,,,,,,,,,,,,,,,,,,,,,,,,,,,,,,
2109480,d7224e651d1370485a29923b7cd0a2a7179f745921522391ff472fc25f230eb57b7010e34a6d476a86c42fb9d5f008d6d2b87fb97622cf32d3a34466a5504f67,07/18/2025 02:20:00 PM,1,DRIVER,,2011001,,NISSAN,ALTIMA,OH,2017,UNKNOWN,PASSENGER,UNKNOWN/NA,W,STRAIGHT AHEAD,,,1,,,,,Y,,,,N,N,N,,,,Y,Y,,FRONT,,,,,,,,,,,,,,,,,,,,,,,,,,,,,,,,,
2109481,d7224e651d1370485a29923b7cd0a2a7179f745921522391ff472fc25f230eb57b7010e34a6d476a86c42fb9d5f008d6d2b87fb97622cf32d3a34466a5504f67,07/18/2025 02:20:00 PM,2,DRIVER,,2011010,,CHEVROLET,BLAZER,IL,2020,NONE,SPORT UTILITY VEHICLE (SUV),PERSONAL,W,STRAIGHT AHEAD,Y,,1,,PRIVATE,UNKNOWN,,,,,,Y,Y,Y,,,,,,,REAR,,,,,,,,,,,,,,,,,,,,,,,,,,,,,,,,,
2109266,9f71df87945a514682b2fd519191bc120b470a8f18774c0cdaf132f1b945056050d33b3d7d90bdf6b00d5d9e2bda038cc1054336ce3063cc85f0641d1284c388,07/18/2025 02:15:00 PM,1,DRIVER,,2010803,,FORD,TRANSIT,IL,2022,NONE,VAN/MINI-VAN,OTHER,S,SLOW/STOP IN TRAFFIC,,,1,,,,,,,,,,,,,,,,Y,,FRONT,,,,,,,,,,,,,,,,,,,,,,,,,,,,,,,,,
2109267,9f71df87945a514682b2fd519191bc120b470a8f18774c0cdaf132f1b945056050d33b3d7d90bdf6b00d5d9e2bda038cc1054336ce3063cc85f0641d1284c388,07/18/2025 02:15:00 PM,2,DRIVER,,2010811,,FORD,MUSTANG,IL,2024,UNKNOWN,PASSENGER,PERSONAL,S,SLOW/STOP IN TRAFFIC,,,1,,,,,,,,,,N,,,,,,,Y,REAR,,,,,,,,,,,,,,,,,,,,,,,,,,,,,,,,,
2109391,fa6f18d316470b51b1db595aa7b09f1c9441cd231c7ab55671f4a6b17b650ffe318ed68eae9bbdc210e417a2f63a12df859a06e62115ef0d9239cb5bc6d3ddee,07/18/2025 02:15:00 PM,1,DRIVER,,2010919,,HYUNDAI,SANTA FE,IL,2021,NONE,SPORT UTILITY VEHICLE (SUV),PERSONAL,E,PASSING/OVERTAKING,,,1,,,,,Y,,,,,,,,,,Y,Y,,FRONT-LEFT-CORNER,,,,,,,,,,,,,,,,,,,,,,,,,,,,,,,,,
2109392,fa6f18d316470b51b1db595aa7b09f1c9441cd231c7ab55671f4a6b17b650ffe318ed68eae9bbdc210e417a2f63a12df859a06e62115ef0d9239cb5bc6d3ddee,07/18/2025 02:15:00 PM,2,DRIVER,,2010927,,NEW FLYER,OTHER (EXPLAIN IN NARRATIVE),IL,2006,NONE,BUS OVER 15 PASS.,CTA,E,TURNING RIGHT,,,1,,,,,,,,,Y,,,,,,,,,REAR-RIGHT-CORNER,,,,,,,,,,,,,,,,,,,,,,,,,,,,,,,,,
2109254,4cfe5535aa71c870f82df66b340a01e4877a239ecbc2bf56f7260d4e47cf45b175e1ca758535b24ee5b5feccfc255bc186367d35d661dee59cf7610c93f058ce,07/18/2025 02:10:00 PM,1,DRIVER,1,2010787,,GENERAL MOTORS CORPORATION (GMC),TERRAIN,IL,2011,UNKNOWN,PASSENGER,UNKNOWN/NA,E,STRAIGHT AHEAD,,,2,,,,,,,,,,,,,,,,Y,,FRONT,,,,,,,,,,,,,,,,,,,,,,,,,,,,,,,,,
2109255,4cfe5535aa71c870f82df66b340a01e4877a239ecbc2bf56f7260d4e47cf45b175e1ca758535b24ee5b5feccfc255bc186367d35d661dee59cf7610c93f058ce,07/18/2025 02:10:00 PM,2,DRIVER,,2010792,,VOLKSWAGEN,BEETLE,IL,2019,NONE,PASSENGER,PERSONAL,E,STRAIGHT AHEAD,,,1,,,,,,,,,Y,Y,Y,,,,,,,REAR,,,,,,,,,,,,,,,,,,,,,,,,,,,,,,,,,
2114794,8b2ace597c6cc27cf767ab9236f2d90c3f3a8e3a2bc057d4971318ef2def504425b38931ea440511f4ab52464c358d46933cdb0a3851e09316d4ce1bc3aa693c,07/18/2025 02:06:00 PM,1,DRIVER,,2016054,,CHRYSLER,OTHER (EXPLAIN IN NARRATIVE),IL,2022,UNKNOWN,VAN/MINI-VAN,UNKNOWN/NA,N,LEAVING TRAFFIC LANE TO PARK,,,1,,,,,,,,,,,,,,,,,Y,SIDE-RIGHT,,,,,,,,,,,,,,,,,,,,,,,,,,,,,,,,,
2114795,8b2ace597c6cc27cf767ab9236f2d90c3f3a8e3a2bc057d4971318ef2def504425b38931ea440511f4ab52464c358d46933cdb0a3851e09316d4ce1bc3aa693c,07/18/2025 02:06:00 PM,2,PARKED,,2016056,,DODGE,RAM 1500 PU,IL,2017,NONE,TRUCK - SINGLE UNIT,PERSONAL,N,PARKED,,,0,,,,,,,,,,,,,,,Y,,,FRONT-LEFT-CORNER,,,,,,,,,,,,,,,,,,,,,,,,,,,,,,,,,
2109268,83689486ce2d42ce30d602ce9fc91f51708cc385e59fb269bf6f0a859669fdca30ad6590b2f6973aa6d8d85d62c1e83edca589bd833f2de9749cd424f9940411,07/18/2025 02:03:00 PM,1,DRIVER,,2010801,,CHEVROLET,MALIBU,IL,2022,NONE,PASSENGER,PERSONAL,S,STRAIGHT AHEAD,,,1,,,,,Y,,,,,,,,,,Y,Y,,FRONT,,,,,,,,,,,,,,,,,,,,,,,,,,,,,,,,,
2109269,83689486ce2d42ce30d602ce9fc91f51708cc385e59fb269bf6f0a859669fdca30ad6590b2f6973aa6d8d85d62c1e83edca589bd833f2de9749cd424f9940411,07/18/2025 02:03:00 PM,2,DRIVER,1,2010802,,HYUNDAI,TUCSON,IL,2023,NONE,PASSENGER,PERSONAL,E,STRAIGHT AHEAD,,,2,,,,,Y,,,,,,,Y,,,,,,SIDE-LEFT-REAR,,,,,,,,,,,,,,,,,,,,,,,,,,,,,,,,,
2109301,6f4791242e91fb16c437917aff1eaa271a32a423b1eba92b8668f96026639224e14a5a0210a3eabab41796d7484a4c010e14affec5426aaa8b9e4920cf3e4a98,07/18/2025 02:00:00 PM,1,DRIVER,,2010837,,FORD,ESCAPE,IL,2016,NONE,SPORT UTILITY VEHICLE (SUV),PERSONAL,S,STRAIGHT AHEAD,,,1,,,,,Y,,,,,,,,,,,,,FRONT-RIGHT-CORNER,,,,,,,,,,,,,,,,,,,,,,,,,,,,,,,,,
2109302,6f4791242e91fb16c437917aff1eaa271a32a423b1eba92b8668f96026639224e14a5a0210a3eabab41796d7484a4c010e14affec5426aaa8b9e4920cf3e4a98,07/18/2025 02:00:00 PM,2,DRIVER,,2010842,,BUICK,ENCLAVE,IL,2012,NONE,SPORT UTILITY VEHICLE (SUV),PERSONAL,E,STRAIGHT AHEAD,,,1,,,,,,Y,Y,Y,,,,,,,,,,SIDE-RIGHT,,,,,,,,,,,,,,,,,,,,,,,,,,,,,,,,,
2109354,b8f319f742a8754be771e005465b5d675851f319d9785ef763d6852faac212a4c6f41865b060e1d08fb54310a7284c60d3ee25595e5df114822f3b99c5e4affb,07/18/2025 02:00:00 PM,1,DRIVER,,2010886,,CHEVROLET,TRAVERSE,IN,2023,UNKNOWN,SPORT UTILITY VEHICLE (SUV),PERSONAL,UNKNOWN,OTHER,,,1,,,,,,,,,,,,,,Y,Y,,,FRONT-LEFT-CORNER,,,,,,,,,,,,,,,,,,,,,,,,,,,,,,,,,
2109355,b8f319f742a8754be771e005465b5d675851f319d9785ef763d6852faac212a4c6f41865b060e1d08fb54310a7284c60d3ee25595e5df114822f3b99c5e4affb,07/18/2025 02:00:00 PM,2,PARKED,,2010890,,UNKNOWN,OTHER (EXPLAIN IN NARRATIVE),,,UNKNOWN,PASSENGER,NOT IN USE,UNKNOWN,PARKED,,,0,,,,,,,,,,,,,,,,,Y,UNKNOWN,,,,,,,,,,,,,,,,,,,,,,,,,,,,,,,,,
2109243,1196bca28be6b0afc016850f2edbcdacb66cdf61653cf9078dae71b3b8957920aa7c647b762bc5ad0bf624ebc67acef7106ca16cb10c828f337fd54d39d3db22,07/18/2025 01:45:00 PM,1,DRIVER,1,2010774,,KIA,SOUL,IL,2014,UNKNOWN,PASSENGER,UNKNOWN/NA,SE,PASSING/OVERTAKING,,,2,,,,,,,,,,,,,,,Y,,,FRONT-LEFT-CORNER,,,,,,,,,,,,,,,,,,,,,,,,,,,,,,,,,
2109244,1196bca28be6b0afc016850f2edbcdacb66cdf61653cf9078dae71b3b8957920aa7c647b762bc5ad0bf624ebc67acef7106ca16cb10c828f337fd54d39d3db22,07/18/2025 01:45:00 PM,2,DRIVER,,2010780,,GENERAL MOTORS CORPORATION (GMC),S-15,IL,2009,UNKNOWN,TRUCK - SINGLE UNIT,UNKNOWN/NA,S,SLOW/STOP IN TRAFFIC,,,1,,,,,,Y,Y,,,,,,,,,,,SIDE-RIGHT,,,,,,,,,,,,,,,,,,,,,,,,,,,,,,,,,
2109277,1aab272c57ba9ece05c08866d194a7ca37c7d508a59720eefff33728546451099e858cfdba46074bf4da5eb89fbd9c8248259fb9e53a259ca0671271847ed70a,07/18/2025 01:45:00 PM,1,DRIVER,,2010820,,TOYOTA,HIGHLANDER,IL,2021,UNKNOWN,SPORT UTILITY VEHICLE (SUV),PERSONAL,UNKNOWN,STRAIGHT AHEAD,,,1,,,,,Y,Y,,,,,,,,,N,N,,SIDE-RIGHT,,,,,,,,,,,,,,,,,,,,,,,,,,,,,,,,,
2109278,1aab272c57ba9ece05c08866d194a7ca37c7d508a59720eefff33728546451099e858cfdba46074bf4da5eb89fbd9c8248259fb9e53a259ca0671271847ed70a,07/18/2025 01:45:00 PM,2,PARKED,,2010825,,TOYOTA,RAV4,IL,2021,UNKNOWN,SPORT UTILITY VEHICLE (SUV),PERSONAL,UNKNOWN,PARKED,,,0,,,,,,,,,,,,,Y,Y,,,,SIDE-LEFT,,,,,,,,,,,,,,,,,,,,,,,,,,,,,,,,,
2109219,232abbf0df538e2a7e2d5d1242b4ba89c75036af6bc3bf92a89fae65f264b11c71bb37d28a4838201faa4b303972ad42016cf8d59804a82a0bfd7f03a4a8e971,07/18/2025 01:40:00 PM,1,DRIVER,,2010762,,CADILLAC,SRX,IL,2013,UNKNOWN,SPORT UTILITY VEHICLE (SUV),PERSONAL,S,STRAIGHT AHEAD,,,1,,,,,Y,,,,,,,,,,Y,Y,,FRONT,,,,,,,,,,,,,,,,,,,,,,,,,,,,,,,,,
2109220,232abbf0df538e2a7e2d5d1242b4ba89c75036af6bc3bf92a89fae65f264b11c71bb37d28a4838201faa4b303972ad42016cf8d59804a82a0bfd7f03a4a8e971,07/18/2025 01:40:00 PM,2,DRIVER,,2010766,,NISSAN,ROGUE,IL,2011,UNKNOWN,SPORT UTILITY VEHICLE (SUV),PERSONAL,S,STRAIGHT AHEAD,,,1,,,,,,,,,Y,Y,Y,,,,,,,REAR,,,,,,,,,,,,,,,,,,,,,,,,,,,,,,,,,
2109233,3eedda8c2f35c9cf78b4786dada459c87f6153588f232709416f87ffd5bc29beea471818b4d9ec98643f7c00620652f9a85e0eef37f994dccbd769cd049ddf7f,07/18/2025 01:40:00 PM,1,DRIVER,,2010767,,JEEP,COMPASS,IL,2014,NONE,PASSENGER,PERSONAL,UNKNOWN,STRAIGHT AHEAD,,,1,,,,,,,,,,,,Y,Y,Y,,,,SIDE-LEFT,,,,,,,,,,,,,,,,,,,,,,,,,,,,,,,,,
2109234,3eedda8c2f35c9cf78b4786dada459c87f6153588f232709416f87ffd5bc29beea471818b4d9ec98643f7c00620652f9a85e0eef37f994dccbd769cd049ddf7f,07/18/2025 01:40:00 PM,2,DRIVER,,2010770,,DODGE,CHALLENGER,,,NONE,PASSENGER,PERSONAL,UNKNOWN,STRAIGHT AHEAD,,,1,,,,,Y,,,,,,,,,,,Y,,FRONT-RIGHT-CORNER,,,,,,,,,,,,,,,,,,,,,,,,,,,,,,,,,
2109303,b376b0204d0170a333a04ff98d8d54a635eb7a517a6fc1e3332e74aaa7258a91bf764fe60a868ac1f4fe6418a6b306b083a1292056eb3c44238ae9a5c661bf76,07/18/2025 01:40:00 PM,1,DRIVER,,2010834,,JEEP,COMPASS,IL,2015,UNKNOWN,PASSENGER,PERSONAL,E,STRAIGHT AHEAD,,,1,,,,,Y,,,,,,,,,,,Y,,FRONT-RIGHT-CORNER,,,,,,,,,,,,,,,,,,,,,,,,,,,,,,,,,
2109304,b376b0204d0170a333a04ff98d8d54a635eb7a517a6fc1e3332e74aaa7258a91bf764fe60a868ac1f4fe6418a6b306b083a1292056eb3c44238ae9a5c661bf76,07/18/2025 01:40:00 PM,2,DRIVER,,2010839,,HYUNDAI,SANTA FE,IL,2017,UNKNOWN,SPORT UTILITY VEHICLE (SUV),PERSONAL,N,STRAIGHT AHEAD,,,1,,,,,,,,,,,,,,,Y,Y,,FRONT-LEFT-CORNER,,,,,,,,,,,,,,,,,,,,,,,,,,,,,,,,,
2111133,f8dcf059305085a0d35f43302044a98e16c4fd8200afde97b601a6c627e68a26182acd353909a32e5cc1ead0a536d28670ac56b599d0df3f8c438369eb70dee6,07/18/2025 01:25:00 PM,1,DRIVER,,2012565,,CHEVROLET,IMPALA,TN,2015,UNKNOWN,PASSENGER,UNKNOWN/NA,N,STRAIGHT AHEAD,,,1,,,,,Y,,,,,,,,,,Y,Y,,FRONT,,,,,,,,,,,,,,,,,,,,,,,,,,,,,,,,,
2111134,f8dcf059305085a0d35f43302044a98e16c4fd8200afde97b601a6c627e68a26182acd353909a32e5cc1ead0a536d28670ac56b599d0df3f8c438369eb70dee6,07/18/2025 01:25:00 PM,2,DRIVER,,2012568,,TOYOTA,PRIUS,IL,2016,NONE,PASSENGER,UNKNOWN/NA,N,SLOW/STOP IN TRAFFIC,,,1,,,,,,,,,Y,Y,Y,,,,,,,REAR,,,,,,,,,,,,,,,,,,,,,,,,,,,,,,,,,
2109250,7aff33b3b649faff474b74c2c5846b958ea3b92711331e6f87e9a4e7c1ab00622cac2a9a85cca3944e47579b0668821df552bc7e3955e17f7ab746e4c31bfb67,07/18/2025 01:21:00 PM,1,DRIVER,,2010782,,FORD,MUSTANG,IL,2014,NONE,PASSENGER,PERSONAL,N,STRAIGHT AHEAD,Y,,1,,CITY OF CHICAGO,CITY OF CHICAGO,,Y,Y,,,,,,,,Y,Y,Y,,FRONT,,,,,,,,,,,,,,,,,,,,,,,,,,,,,,,,,
2109251,7aff33b3b649faff474b74c2c5846b958ea3b92711331e6f87e9a4e7c1ab00622cac2a9a85cca3944e47579b0668821df552bc7e3955e17f7ab746e4c31bfb67,07/18/2025 01:21:00 PM,2,PARKED,1,2010786,,NEW FLYER,OTHER (EXPLAIN IN NARRATIVE),IL,2006,NONE,BUS OVER 15 PASS.,CTA,N,PARKED IN TRAFFIC LANE,,,1,,,,,,,,,Y,Y,Y,,,,,,,REAR,,,,,,,,,,,,,,,,,,,,,,,,,,,,,,,,,