CRASH_UNIT_ID,CRASH_RECORD_ID,CRASH_DATE,UNIT_NO,UNIT_TYPE,NUM_PASSENGERS,VEHICLE_ID,CMRC_VEH_I,MAKE,MODEL,LIC_PLATE_STATE,VEHICLE_YEAR,VEHICLE_DEFECT,VEHICLE_TYPE,VEHICLE_USE,TRAVEL_DIRECTION,MANEUVER,TOWED_I,FIRE_I,OCCUPANT_CNT,EXCEED_SPEED_LIMIT_I,TOWED_BY,TOWED_TO,AREA_00_I,AREA_01_I,AREA_02_I,AREA_03_I,AREA_04_I,AREA_05_I,AREA_06_I,AREA_07_I,AREA_08_I,AREA_09_I,AREA_10_I,AREA_11_I,AREA_12_I,AREA_99_I,FIRST_CONTACT_POINT,CMV_ID,USDOT_NO,CCMC_NO,ILCC_NO,COMMERCIAL_SRC,GVWR,CARRIER_NAME,CARRIER_STATE,CARRIER_CITY,HAZMAT_PLACARDS_I,HAZMAT_NAME,UN_NO,HAZMAT_PRESENT_I,HAZMAT_REPORT_I,HAZMAT_REPORT_NO,MCS_REPORT_I,MCS_REPORT_NO,HAZMAT_VIO_CAUSE_CRASH_I,MCS_VIO_CAUSE_CRASH_I,IDOT_PERMIT_NO,WIDE_LOAD_I,TRAILER1_WIDTH,TRAILER2_WIDTH,TRAILER1_LENGTH,TRAILER2_LENGTH,TOTAL_VEHICLE_LENGTH,AXLE_CNT,VEHICLE_CONFIG,CARGO_BODY_TYPE,LOAD_TYPE,HAZMAT_OUT_OF_SERVICE_I,MCS_OUT_OF_SERVICE_I,HAZMAT_CLASS
2109253,07e828ce112848d335fc63f96cde6e59a4c61d942869bd7feb8dfb73a61c115c47d2f680c44590370f5a4e1597c5e1633ea3192d61d8434514d2a3d336ffc741,07/18/2025 01:20:00 PM,2,DRIVER,1,2010790,,HYUNDAI,ACCENT,IL,2016,NONE,PASSENGER,PERSONAL,N,SLOW/STOP IN TRAFFIC,,,2,,,,,,,,,Y,Y,,,,,,,,REAR,,,,,,,,,,,,,,,,,,,,,,,,,,,,,,,,,
2109258,07e828ce112848d335fc63f96cde6e59a4c61d942869bd7feb8dfb73a61c115c47d2f680c44590370f5a4e1597c5e1633ea3192d61d8434514d2a3d336ffc741,07/18/2025 01:20:00 PM,1,DRIVER,,2010783,,UNKNOWN,OTHER (EXPLAIN IN NARRATIVE),IL,2025,NONE,MOTORCYCLE (OVER 150CC),PERSONAL,N,SLOW/STOP IN TRAFFIC,,,1,,,,,Y,,,,,,,,,,Y,Y,,FRONT,,,,,,,,,,,,,,,,,,,,,,,,,,,,,,,,,
2113040,04d1f1c15f41c8f89817cc287ac96c1dc1367ac4a1c0ee7880e880ccc86de9c8e308bb00b624723af55675a7706ef2d00f36916431e9b2b1ce6410cfb4c2fd0c,07/18/2025 01:15:00 PM,1,DRIVER,,2014375,,FORD,TRANSIT,IL,2020,UNKNOWN,BUS UP TO 15 PASS.,OTHER,N,STRAIGHT AHEAD,,,1,,,,,,,,,,,,,,,,,Y,UNKNOWN,,,,,,,,,,,,,,,,,,,,,,,,,,,,,,,,,
2113041,04d1f1c15f41c8f89817cc287ac96c1dc1367ac4a1c0ee7880e880ccc86de9c8e308bb00b624723af55675a7706ef2d00f36916431e9b2b1ce6410cfb4c2fd0c,07/18/2025 01:15:00 PM,2,DRIVER,,2014384,,TOYOTA,OTHER (EXPLAIN IN NARRATIVE),IL,2011,UNKNOWN,VAN/MINI-VAN,OTHER,N,SLOW/STOP IN TRAFFIC,,,1,,,,,,,,,,,,,,,Y,,,SIDE-LEFT-FRONT,,,,,,,,,,,,,,,,,,,,,,,,,,,,,,,,,
2109263,8fc97b719f4a9a713f66eba68565dd0ef899ac6cb2b8655f8dc307c6394ef8c7d44fb91d72ceb20940f4a1b3460964dba6e81f9ec93d790bc12e4e4ebb5bcd86,07/18/2025 01:06:00 PM,1,DRIVER,,2010796,,UNKNOWN,ENCLOSED BODY,IL,,NONE,BUS UP TO 15 PASS.,COMMERCIAL - SINGLE UNIT,W,STRAIGHT AHEAD,,,1,,,,,,,,,Y,,,,,,,,,REAR-RIGHT-CORNER,,,,,,,,,,,,,,,,,,,,,,,,,,,,,,,,,
2109264,8fc97b719f4a9a713f66eba68565dd0ef899ac6cb2b8655f8dc307c6394ef8c7d44fb91d72ceb20940f4a1b3460964dba6e81f9ec93d790bc12e4e4ebb5bcd86,07/18/2025 01:06:00 PM,2,PARKED,1,2010800,,TOYOTA,SIENNA,IL,2011,NONE,BUS UP TO 15 PASS.,NOT IN USE,W,PARKED,,,1,,,,,,,,,,,,,,,Y,,,FRONT-LEFT-CORNER,,,,,,,,,,,,,,,,,,,,,,,,,,,,,,,,,
2109215,18484a7473a9ff5d37b276ab231da6f86ab26993d457530450dc87e0d41d2546b89b44c5903d32b7995efa56d704ac72f312cf839f343ad2388e06e5e1e2068e,07/18/2025 01:05:00 PM,1,DRIVER,,2010769,,DODGE,OTHER (EXPLAIN IN NARRATIVE),IL,2016,UNKNOWN,PASSENGER,PERSONAL,S,CHANGING LANES,,,1,,,,,Y,,,,,,,,,,Y,Y,,FRONT,,,,,,,,,,,,,,,,,,,,,,,,,,,,,,,,,
2109216,18484a7473a9ff5d37b276ab231da6f86ab26993d457530450dc87e0d41d2546b89b44c5903d32b7995efa56d704ac72f312cf839f343ad2388e06e5e1e2068e,07/18/2025 01:05:00 PM,2,DRIVER,,2010754,,CHEVROLET,SILVERADO,IL,2011,NONE,PICKUP,PERSONAL,S,STRAIGHT AHEAD,,,1,,,,,,,,,,,,Y,Y,Y,,,,SIDE-LEFT,,,,,,,,,,,,,,,,,,,,,,,,,,,,,,,,,
2109245,cc3490f7cf359d870e1613c9a7037eb136f6e68840671d9fe09d9726d5d1430ee303ead35c076e94fad419d707a0599eece66ba59662cd29b2132378b8599c4b,07/18/2025 01:04:00 PM,1,DRIVER,,2010775,,FORD,OTHER (EXPLAIN IN NARRATIVE),IL,2023,NONE,OTHER,OTHER,W,TURNING RIGHT,,,1,,,,Y,,,,,,,,,,,,,,NONE,,,,,,,,,,,,,,,,,,,,,,,,,,,,,,,,,
2109246,cc3490f7cf359d870e1613c9a7037eb136f6e68840671d9fe09d9726d5d1430ee303ead35c076e94fad419d707a0599eece66ba59662cd29b2132378b8599c4b,07/18/2025 01:04:00 PM,2,PARKED,1,2010789,,FORD,EDGE,IL,2021,NONE,PASSENGER,NOT IN USE,W,PARKED,,,1,,,,,,,,,,,,,,,Y,,,FRONT-LEFT-CORNER,,,,,,,,,,,,,,,,,,,,,,,,,,,,,,,,,
2109231,16159672aafcb60aa019195b45d16c54ae98998f3e75b8cac9a341a183ed731386ac471b9fc3cb62af5f2ad46489492a66a0233d38cb0ea65ba4f947a1d8b0b7,07/18/2025 01:00:00 PM,1,DRIVER,,2010788,,HONDA,ACCORD,IL,2021,NONE,PASSENGER,PERSONAL,N,BACKING,,,1,,,,,,,,,,,Y,,,,,,,SIDE-LEFT,,,,,,,,,,,,,,,,,,,,,,,,,,,,,,,,,
2109232,16159672aafcb60aa019195b45d16c54ae98998f3e75b8cac9a341a183ed731386ac471b9fc3cb62af5f2ad46489492a66a0233d38cb0ea65ba4f947a1d8b0b7,07/18/2025 01:00:00 PM,2,DRIVER,,2010794,,FORD,EXPLORER,IL,2015,NONE,PASSENGER,PERSONAL,W,TURNING LEFT,,,1,,,,,,,,,,,,Y,Y,Y,,,,SIDE-LEFT,,,,,,,,,,,,,,,,,,,,,,,,,,,,,,,,,
2109209,451e4f9b02fa21fe06992050c374201ec08efec3f7acc469359eafc8974fd6762e6486dce39b52d59e968b9b762b2f4326d341b0ca49de115dd169e5320b2e09,07/18/2025 01:00:00 PM,1,DRIVER,,2010750,,KIA,SOUL,,,NONE,PASSENGER,UNKNOWN/NA,E,DRIVING WRONG WAY,,,1,,,,,,,,,,,,,,,,,Y,UNKNOWN,,,,,,,,,,,,,,,,,,,,,,,,,,,,,,,,,
2109210,451e4f9b02fa21fe06992050c374201ec08efec3f7acc469359eafc8974fd6762e6486dce39b52d59e968b9b762b2f4326d341b0ca49de115dd169e5320b2e09,07/18/2025 01:00:00 PM,2,DRIVER,,2010753,,KIA,SORENTO,IL,2011,NONE,PASSENGER,PERSONAL,W,STRAIGHT AHEAD,,,1,,,,,Y,Y,Y,Y,Y,,,,,,,,,SIDE-RIGHT,,,,,,,,,,,,,,,,,,,,,,,,,,,,,,,,,
2109203,557dd2a88e402ed91c778018ba307f9bf73cd307742bf09bb1fa95c8eb0ced13505fc42697cc64b532fa8b8ea17dcd54c93925a23961ece614c91916cd848896,07/18/2025 01:00:00 PM,1,DRIVER,,2010745,,TOYOTA,HIGHLANDER,IL,2025,UNKNOWN,PASSENGER,PERSONAL,W,STRAIGHT AHEAD,,,1,,,,,Y,,,,,,,,,,Y,Y,,FRONT,,,,,,,,,,,,,,,,,,,,,,,,,,,,,,,,,
2109204,557dd2a88e402ed91c778018ba307f9bf73cd307742bf09bb1fa95c8eb0ced13505fc42697cc64b532fa8b8ea17dcd54c93925a23961ece614c91916cd848896,07/18/2025 01:00:00 PM,2,DRIVER,,2010748,,FORD,ESCAPE,IL,2020,UNKNOWN,PASSENGER,PERSONAL,NW,STRAIGHT AHEAD,,,1,,,,,Y,Y,Y,,,,,,,,,,,FRONT-RIGHT-CORNER,,,,,,,,,,,,,,,,,,,,,,,,,,,,,,,,,
2137814,93c934b55fc019408e9d6360d830f0a68aadbafbc2ef6150389b8779ada90b0312bff0e73a03ea71882ed1dc6cee2a45b66fe311d458ccb891a29878dbe94e50,07/18/2025 01:00:00 PM,1,DRIVER,,2037923,,FORD,ECONOLINE E150,IL,2005,NONE,PASSENGER,PERSONAL,W,STRAIGHT AHEAD,,,1,,,,,Y,Y,Y,Y,,,,,,,,,,FRONT-RIGHT-CORNER,,,,,,,,,,,,,,,,,,,,,,,,,,,,,,,,,
2137815,93c934b55fc019408e9d6360d830f0a68aadbafbc2ef6150389b8779ada90b0312bff0e73a03ea71882ed1dc6cee2a45b66fe311d458ccb891a29878dbe94e50,07/18/2025 01:00:00 PM,2,DRIVER,2,2037924,,HONDA,PILOT,IL,2020,NONE,PASSENGER,PERSONAL,W,OTHER,,,3,,,,,,,,,,,,,,Y,Y,,,FRONT-LEFT-CORNER,,,,,,,,,,,,,,,,,,,,,,,,,,,,,,,,,
2109476,b0b2aae140a27d577540c398f63e71761c01f908d400660f674f67e8d1dafd06542c8f814c1c9bbcab882334d2a56b3a27fe31a7b69d8e03d37d300532b0015c,07/18/2025 01:00:00 PM,1,DRIVER,,2010999,,CHEVROLET,EQUINOX,IL,2016,NONE,PASSENGER,PERSONAL,N,STRAIGHT AHEAD,,,1,,,,,,,,,,,,,,,,Y,,FRONT,,,,,,,,,,,,,,,,,,,,,,,,,,,,,,,,,
2109477,b0b2aae140a27d577540c398f63e71761c01f908d400660f674f67e8d1dafd06542c8f814c1c9bbcab882334d2a56b3a27fe31a7b69d8e03d37d300532b0015c,07/18/2025 01:00:00 PM,2,DRIVER,,2011003,,TOYOTA,CAMRY,IL,2018,NONE,PASSENGER,PERSONAL,N,STRAIGHT AHEAD,,,1,,,,,,,,,,Y,,,,,,,,REAR,,,,,,,,,,,,,,,,,,,,,,,,,,,,,,,,,
2109899,c6645370450d1948e271787301d231dcfb6c77ae3342e57b86c5bc3d33797b17c85b766292b122723d3dbd25d197d5af0987820881d5f175a0fe89408757f338,07/18/2025 01:00:00 PM,1,DRIVER,,2011406,,LEXUS,OTHER (EXPLAIN IN NARRATIVE),IL,2012,UNKNOWN,PASSENGER,UNKNOWN/NA,S,STRAIGHT AHEAD,,,1,,,,,Y,,,,,,,,,,,,,FRONT-RIGHT-CORNER,,,,,,,,,,,,,,,,,,,,,,,,,,,,,,,,,
2109900,c6645370450d1948e271787301d231dcfb6c77ae3342e57b86c5bc3d33797b17c85b766292b122723d3dbd25d197d5af0987820881d5f175a0fe89408757f338,07/18/2025 01:00:00 PM,2,PARKED,,2011402,,UNKNOWN,OTHER (EXPLAIN IN NARRATIVE),,,UNKNOWN,VAN/MINI-VAN,UNKNOWN/NA,S,PARKED,,,0,,,,,,,,,,,,,,,,,Y,UNKNOWN,,,,,,,,,,,,,,,,,,,,,,,,,,,,,,,,,
2109272,e0a98f7dd36677ffefc645e7f60e44348d59b406adb89adecc4310dc4475d661e280395c76505f35d5ae00183e2721cf64c1107adabe14ae970e59b70549d5b2,07/18/2025 01:00:00 PM,1,DRIVER,2,2010804,,CHEVROLET,SILVERADO,IL,2024,UNKNOWN,PICKUP,PERSONAL,N,BACKING,,,3,,,,,,,,,,Y,,,,,,,,REAR,,,,,,,,,,,,,,,,,,,,,,,,,,,,,,,,,
2109273,e0a98f7dd36677ffefc645e7f60e44348d59b406adb89adecc4310dc4475d661e280395c76505f35d5ae00183e2721cf64c1107adabe14ae970e59b70549d5b2,07/18/2025 01:00:00 PM,2,DRIVER,2,2010817,,TOYOTA,COROLLA,IL,2015,UNKNOWN,PASSENGER,UNKNOWN/NA,E,STRAIGHT AHEAD,,,3,,,,,,,Y,Y,,,,,,,,,,SIDE-RIGHT,,,,,,,,,,,,,,,,,,,,,,,,,,,,,,,,,
2109329,fcc0cf033a4dce8c724a9e86359050592094b67d1a89d908f0624e8bc75d1724d99b83fb0aacfc9901a88aad439d3325bfe092beea3562c3033322f603d0eb64,07/18/2025 01:00:00 PM,1,DRIVER,,2010860,,UNKNOWN,OTHER (EXPLAIN IN NARRATIVE),,,UNKNOWN,UNKNOWN/NA,UNKNOWN/NA,UNKNOWN,UNKNOWN/NA,,,1,,,,,,,,,,,,,,,,,Y,UNKNOWN,,,,,,,,,,,,,,,,,,,,,,,,,,,,,,,,,
2109330,fcc0cf033a4dce8c724a9e86359050592094b67d1a89d908f0624e8bc75d1724d99b83fb0aacfc9901a88aad439d3325bfe092beea3562c3033322f603d0eb64,07/18/2025 01:00:00 PM,2,PARKED,,2010862,,CHEVROLET,MALIBU,IL,2018,UNKNOWN,PASSENGER,PERSONAL,N,PARKED,,,0,,,,,,,,,,,Y,Y,Y,Y,Y,Y,,SIDE-LEFT,,,,,,,,,,,,,,,,,,,,,,,,,,,,,,,,,
2109239,320e5832d7f7a8ac20c6707159b5adbe969ffd8a3d9578773899210e6d2fbb25d700e478fc89a4bb5f7f4d6f3bb3c21198dd2a7fbda513f5c84a25b067a590fb,07/18/2025 12:55:00 PM,1,PEDESTRIAN,,,,,,,,,,,,,,,,,,,,,,,,,,,,,,,,,,,,,,,,,,,,,,,,,,,,,,,,,,,,,,,,,,
2109240,320e5832d7f7a8ac20c6707159b5adbe969ffd8a3d9578773899210e6d2fbb25d700e478fc89a4bb5f7f4d6f3bb3c21198dd2a7fbda513f5c84a25b067a590fb,07/18/2025 12:55:00 PM,2,DRIVER,,2010781,,HONDA,CR-V,IL,2022,NONE,SPORT UTILITY VEHICLE (SUV),PERSONAL,W,STRAIGHT AHEAD,,,1,,,,,,,Y,,,,,,,,,,,SIDE-RIGHT,,,,,,,,,,,,,,,,,,,,,,,,,,,,,,,,,
2113928,c3fd607ea89a165a8728f46dae38088476e102162641f91602b3087986ff4b0f08dd9c14dd48e0a509811cdba63662ca4bac05dfa99346b39361b9f81d2474fe,07/18/2025 12:55:00 PM,1,DRIVER,1,2015232,,TOYOTA,PRIUS,IL,2015,UNKNOWN,PASSENGER,PERSONAL,S,STRAIGHT AHEAD,,,2,,,,,Y,,,,,,,,,,Y,Y,,FRONT,,,,,,,,,,,,,,,,,,,,,,,,,,,,,,,,,
2113929,c3fd607ea89a165a8728f46dae38088476e102162641f91602b3087986ff4b0f08dd9c14dd48e0a509811cdba63662ca4bac05dfa99346b39361b9f81d2474fe,07/18/2025 12:55:00 PM,2,DRIVER,,2015233,,GENERAL MOTORS CORPORATION (GMC),YUKON,IL,2001,UNKNOWN,PASSENGER,PERSONAL,W,STRAIGHT AHEAD,,,1,,,,,Y,Y,,,,,,,,,,,,SIDE-RIGHT-FRONT,,,,,,,,,,,,,,,,,,,,,,,,,,,,,,,,,
2109205,3ab5e03827c654160b0507dba1e6dfad12c0d91f9f716004bfb0ea6cd026d3473ea7e8b297146ee4acc600809616cc3961faf5f2e8c48f54bc91c28bfb4dd8e2,07/18/2025 12:45:00 PM,1,DRIVER,,2010747,,NISSAN,ALTIMA,IL,2025,NONE,PASSENGER,PERSONAL,N,BACKING,,,1,,,,,,,,,,Y,Y,Y,,,,,,REAR,,,,,,,,,,,,,,,,,,,,,,,,,,,,,,,,,
2109206,3ab5e03827c654160b0507dba1e6dfad12c0d91f9f716004bfb0ea6cd026d3473ea7e8b297146ee4acc600809616cc3961faf5f2e8c48f54bc91c28bfb4dd8e2,07/18/2025 12:45:00 PM,2,DRIVER,,2010751,,GENERAL MOTORS CORPORATION (GMC),OTHER (EXPLAIN IN NARRATIVE),IL,2025,NONE,PASSENGER,PERSONAL,S,SLOW/STOP IN TRAFFIC,,,1,,,,,Y,,,,,,,,,,,Y,,FRONT,,,,,,,,,,,,,,,,,,,,,,,,,,,,,,,,,
2109196,963f49ac560cbb0cd885d0f976f431cd44527d88bb9b3258d4e664ef49ce6edf1e6b3dfd2a8b72ad5c02ad1fc41c824b9999298fda4e958d763330702ba202f9,07/18/2025 12:39:00 PM,1,DRIVER,,2010739,,CHEVROLET,CRUZE,OK,2018,NONE,PASSENGER,PERSONAL,N,STRAIGHT AHEAD,Y,,1,,PRIVATE,,,Y,,,,,,,,,,Y,Y,Y,FRONT,,,,,,,,,,,,,,,,,,,,,,,,,,,,,,,,,
2109197,963f49ac560cbb0cd885d0f976f431cd44527d88bb9b3258d4e664ef49ce6edf1e6b3dfd2a8b72ad5c02ad1fc41c824b9999298fda4e958d763330702ba202f9,07/18/2025 12:39:00 PM,2,DRIVER,2,2010744,,MAZDA,CX-5,XX,2018,NONE,SPORT UTILITY VEHICLE (SUV),PERSONAL,N,STRAIGHT AHEAD,,,3,,,,,,,,,Y,Y,Y,,,,,,Y,REAR,,,,,,,,,,,,,,,,,,,,,,,,,,,,,,,,,
2109194,0f8eaf9df2f21d4640cbb2503bbf10058c4c199f8856cde1ce0888af638a3163f1c4a8a0e24b16e89e0f4aa6b72ab95b57cadfaa345206d66c67f37a83c27e27,07/18/2025 12:35:00 PM,1,DRIVER,,2010736,,HONDA,CIVIC,IL,2013,NONE,PASSENGER,PERSONAL,S,TURNING LEFT,,,1,,,,,,,,,,,,,,,Y,,,FRONT-LEFT-CORNER,,,,,,,,,,,,,,,,,,,,,,,,,,,,,,,,,
2109195,0f8eaf9df2f21d4640cbb2503bbf10058c4c199f8856cde1ce0888af638a3163f1c4a8a0e24b16e89e0f4aa6b72ab95b57cadfaa345206d66c67f37a83c27e27,07/18/2025 12:35:00 PM,2,DRIVER,,2010737,,FORD,FLEX,IL,2010,NONE,SPORT UTILITY VEHICLE (SUV),PERSONAL,S,STRAIGHT AHEAD,,,1,,,,,,,Y,,,,,,,,,,,SIDE-RIGHT,,,,,,,,,,,,,,,,,,,,,,,,,,,,,,,,,
2109309,f9ae5544a0d3db2cc237a5cbfd7a294749bc43ded8395e0b869893f571076e0c7b56af30398b6ee7feffcb8adf5d4b6529f32c8a292e4d638c5574062ae7db89,07/18/2025 12:35:00 PM,1,DRIVER,,2010843,,TOYOTA,HIGHLANDER,IL,,NONE,PASSENGER,PERSONAL,S,STRAIGHT AHEAD,,,1,,,,,,,,,,,,,,,,,Y,FRONT,,,,,,,,,,,,,,,,,,,,,,,,,,,,,,,,,
2109310,f9ae5544a0d3db2cc237a5cbfd7a294749bc43ded8395e0b869893f571076e0c7b56af30398b6ee7feffcb8adf5d4b6529f32c8a292e4d638c5574062ae7db89,07/18/2025 12:35:00 PM,2,DRIVER,,2010841,,MAZDA,CX-5,IL,2025,OTHER,PASSENGER,UNKNOWN/NA,S,STRAIGHT AHEAD,,,1,,,,,,,,,,,Y,,,,,,,REAR,,,,,,,,,,,,,,,,,,,,,,,,,,,,,,,,,
2109360,0a8537e4a81f9c46f4d9a5e397f9b7b278564d9f7abe1bcd4012f3a985061f28931673d62153a7fbefdb4a80a70bb519649a79f8665610196e537808640c829e,07/18/2025 12:30:00 PM,1,DRIVER,,2010891,,VOLKSWAGEN,ARTEON,IL,2019,NONE,PASSENGER,PERSONAL,W,ENTERING TRAFFIC LANE FROM PARKING,,,1,,,,,,,,,,,,Y,Y,Y,,,,SIDE-LEFT,,,,,,,,,,,,,,,,,,,,,,,,,,,,,,,,,
2109361,0a8537e4a81f9c46f4d9a5e397f9b7b278564d9f7abe1bcd4012f3a985061f28931673d62153a7fbefdb4a80a70bb519649a79f8665610196e537808640c829e,07/18/2025 12:30:00 PM,2,DRIVER,,2010901,,INTERNATIONAL HARVESTER,INTERNATIONAL HARVESTER,IL,2007,NONE,TRUCK - SINGLE UNIT,COMMERCIAL - SINGLE UNIT,W,SLOW/STOP IN TRAFFIC,,,1,,,,,,,,,,,,,,,,,Y,FRONT,,,,,,,,,,,,,,,,,,,,,,,,,,,,,,,,,
2109207,0db7e994189937df7b23ddf93a302b539d669f621f49cdc6a616280c3ef977297f4a2c2d3dfa9e8c725983fcb833ba401828091caa5874fd757cc718860d1227,07/18/2025 12:30:00 PM,1,DRIVER,,2010749,,UNKNOWN,OTHER (EXPLAIN IN NARRATIVE),IL,,UNKNOWN,VAN/MINI-VAN,UNKNOWN/NA,S,STRAIGHT AHEAD,,,1,,,,,,Y,,,,,,,,,,,,SIDE-RIGHT,,,,,,,,,,,,,,,,,,,,,,,,,,,,,,,,,
2109208,0db7e994189937df7b23ddf93a302b539d669f621f49cdc6a616280c3ef977297f4a2c2d3dfa9e8c725983fcb833ba401828091caa5874fd757cc718860d1227,07/18/2025 12:30:00 PM,2,DRIVER,,2010752,,NEW FLYER,D40LF,IL,2007,UNKNOWN,BUS OVER 15 PASS.,CTA,S,STRAIGHT AHEAD,,,1,,,,N,,,,,,,,,,,Y,,,SIDE-LEFT,,,,,,,,,,,,,,,,,,,,,,,,,,,,,,,,,
2109286,2dc20bdd30e1725731270f2e8361a1520cecf874c1b53993255e72d5eff59bd4a443a9c39c2e779bdf36c764696c4d339c71b271bb8a9d3deb62af824c25a946,07/18/2025 12:30:00 PM,1,DRIVER,,2010826,,VOLKSWAGEN,JETTA,IL,2021,NONE,PASSENGER,PERSONAL,N,SLOW/STOP IN TRAFFIC,,,1,,,,,,,,,,,,,,,,Y,Y,FRONT,,,,,,,,,,,,,,,,,,,,,,,,,,,,,,,,,
2109287,2dc20bdd30e1725731270f2e8361a1520cecf874c1b53993255e72d5eff59bd4a443a9c39c2e779bdf36c764696c4d339c71b271bb8a9d3deb62af824c25a946,07/18/2025 12:30:00 PM,2,DRIVER,,2010832,,VOLKSWAGEN,TIGUAN,IL,2024,UNKNOWN,PASSENGER,PERSONAL,W,ENTERING TRAFFIC LANE FROM PARKING,,,1,,,,,,,,,,,,Y,Y,,,,Y,SIDE-LEFT,,,,,,,,,,,,,,,,,,,,,,,,,,,,,,,,,
2109288,4833a428bad5d6b2a70866ea81221628e236e7f07c193179f06127f9b3b1e7a34022589e4c1ca999b335f936d6629725f554933637653530b6b66fe9f9ea2057,07/18/2025 12:30:00 PM,1,DRIVER,,2010818,,TOYOTA,COROLLA,,2013,NONE,PASSENGER,PERSONAL,UNKNOWN,MERGING,,,1,,,,,,,,,,,Y,Y,,,,,,SIDE-LEFT,,,,,,,,,,,,,,,,,,,,,,,,,,,,,,,,,
2109289,4833a428bad5d6b2a70866ea81221628e236e7f07c193179f06127f9b3b1e7a34022589e4c1ca999b335f936d6629725f554933637653530b6b66fe9f9ea2057,07/18/2025 12:30:00 PM,2,DRIVER,,2010821,,VOLKSWAGEN,PASSAT,IL,2018,NONE,PASSENGER,PERSONAL,UNKNOWN,STRAIGHT AHEAD,,,1,,,,,Y,Y,Y,Y,,,,,,,,,,SIDE-RIGHT,,,,,,,,,,,,,,,,,,,,,,,,,,,,,,,,,
2109247,a292c49d81b0f18025c2f25e669afac985ce2a170c3b7ee1620838bba0f5951fa02874b7b709740f678a0de1d57f1c64ced5d76051dde4fec483602d4d6cbdb6,07/18/2025 12:25:00 PM,1,DRIVER,,2010799,,FORD,TRANSIT,IA,2020,UNKNOWN,PASSENGER,UNKNOWN/NA,UNKNOWN,STRAIGHT AHEAD,,,1,,,,,,N,Y,,,,,,,,,,,SIDE-RIGHT,,,,,,,,,,,,,,,,,,,,,,,,,,,,,,,,,
2109248,a292c49d81b0f18025c2f25e669afac985ce2a170c3b7ee1620838bba0f5951fa02874b7b709740f678a0de1d57f1c64ced5d76051dde4fec483602d4d6cbdb6,07/18/2025 12:25:00 PM,2,PARKED,,2010814,,MERCEDES-BENZ,GLC,IL,2024,UNKNOWN,PASSENGER,PERSONAL,S,PARKED,,,0,,,,,,,,,,,,Y,,,,,,SIDE-LEFT-REAR,,,,,,,,,,,,,,,,,,,,,,,,,,,,,,,,,
2109249,a292c49d81b0f18025c2f25e669afac985ce2a170c3b7ee1620838bba0f5951fa02874b7b709740f678a0de1d57f1c64ced5d76051dde4fec483602d4d6cbdb6,07/18/2025 12:25:00 PM,3,PARKED,,2010828,,JEEP,COMPASS,IL,2019,UNKNOWN,PASSENGER,PERSONAL,S,PARKED,,,0,,,,,,,,,,,,,,,Y,,,FRONT-LEFT-CORNER,,,,,,,,,,,,,,,,,,,,,,,,,,,,,,,,,
2109237,e68531df37f3b9aa4aab79a65313dc3c0ca1db7e9a5b0a16e882b6dc6b5789a81aeff01a45e04945ead6b588da3ac0a97e4c81daeaa51a4eb8a4612a0605a71f,07/18/2025 12:25:00 PM,1,DRIVER,,2010776,,UNKNOWN,MOTORIZED,IL,,UNKNOWN,UNKNOWN/NA,UNKNOWN/NA,S,PASSING/OVERTAKING,,,1,,,,,Y,Y,,,,,,,,,,,,SIDE-RIGHT,,,,,,,,,,,,,,,,,,,,,,,,,,,,,,,,,
2109238,e68531df37f3b9aa4aab79a65313dc3c0ca1db7e9a5b0a16e882b6dc6b5789a81aeff01a45e04945ead6b588da3ac0a97e4c81daeaa51a4eb8a4612a0605a71f,07/18/2025 12:25:00 PM,2,DRIVER,,2010771,,ICL CARGO TRAILER,ICL CARGO TRAILER,IL,2017,UNKNOWN,BUS OVER 15 PASS.,SCHOOL BUS,S,SLOW/STOP IN TRAFFIC,,,1,,,,,,,,,,,,,N,Y,N,,,SIDE-LEFT,,,,,,,,,,,,,,,,,,,,,,,,,,,,,,,,,
2109294,f4c169e27e2b236aebd2e5ea9a1713a408fa25298cbd6e2aaaad0b213821f7540aba6ce17b5568403159f3b03d1ce960a58430ac84c4045cc2bd571e9537ebc5,07/18/2025 12:22:00 PM,1,DRIVER,,2010836,,FORD,OTHER (EXPLAIN IN NARRATIVE),IL,2015,NONE,SPORT UTILITY VEHICLE (SUV),PERSONAL,W,STRAIGHT AHEAD,,,1,,,,,,Y,Y,,,,,,,,,,,SIDE-RIGHT,,,,,,,,,,,,,,,,,,,,,,,,,,,,,,,,,
2109295,f4c169e27e2b236aebd2e5ea9a1713a408fa25298cbd6e2aaaad0b213821f7540aba6ce17b5568403159f3b03d1ce960a58430ac84c4045cc2bd571e9537ebc5,07/18/2025 12:22:00 PM,2,DRIVER,,2010822,,HONDA,ACCORD,IL,2016,NONE,PASSENGER,PERSONAL,S,STRAIGHT AHEAD,,,1,,,,,Y,,,,,,,,,,Y,Y,,FRONT,,,,,,,,,,,,,,,,,,,,,,,,,,,,,,,,,
2109211,537f9e2854be04ae0a09a9c6965315e87f5fea7d41eb240a9ec9b4c4c9b8b80bbb3e337caaedeec27f59b818ec23b6869adf6becfbbecca1611ad2d6a24e80ed,07/18/2025 12:17:00 PM,1,DRIVER,,2010764,,FORD,FUSION,IL,2013,UNKNOWN,PASSENGER,PERSONAL,UNKNOWN,STRAIGHT AHEAD,,,1,,,,,Y,Y,,,,,,,,,,,,FRONT-RIGHT-CORNER,,,,,,,,,,,,,,,,,,,,,,,,,,,,,,,,,