CRASH_UNIT_ID,CRASH_RECORD_ID,CRASH_DATE,UNIT_NO,UNIT_TYPE,NUM_PASSENGERS,VEHICLE_ID,CMRC_VEH_I,MAKE,MODEL,LIC_PLATE_STATE,VEHICLE_YEAR,VEHICLE_DEFECT,VEHICLE_TYPE,VEHICLE_USE,TRAVEL_DIRECTION,MANEUVER,TOWED_I,FIRE_I,OCCUPANT_CNT,EXCEED_SPEED_LIMIT_I,TOWED_BY,TOWED_TO,AREA_00_I,AREA_01_I,AREA_02_I,AREA_03_I,AREA_04_I,AREA_05_I,AREA_06_I,AREA_07_I,AREA_08_I,AREA_09_I,AREA_10_I,AREA_11_I,AREA_12_I,AREA_99_I,FIRST_CONTACT_POINT,CMV_ID,USDOT_NO,CCMC_NO,ILCC_NO,COMMERCIAL_SRC,GVWR,CARRIER_NAME,CARRIER_STATE,CARRIER_CITY,HAZMAT_PLACARDS_I,HAZMAT_NAME,UN_NO,HAZMAT_PRESENT_I,HAZMAT_REPORT_I,HAZMAT_REPORT_NO,MCS_REPORT_I,MCS_REPORT_NO,HAZMAT_VIO_CAUSE_CRASH_I,MCS_VIO_CAUSE_CRASH_I,IDOT_PERMIT_NO,WIDE_LOAD_I,TRAILER1_WIDTH,TRAILER2_WIDTH,TRAILER1_LENGTH,TRAILER2_LENGTH,TOTAL_VEHICLE_LENGTH,AXLE_CNT,VEHICLE_CONFIG,CARGO_BODY_TYPE,LOAD_TYPE,HAZMAT_OUT_OF_SERVICE_I,MCS_OUT_OF_SERVICE_I,HAZMAT_CLASS
2109212,537f9e2854be04ae0a09a9c6965315e87f5fea7d41eb240a9ec9b4c4c9b8b80bbb3e337caaedeec27f59b818ec23b6869adf6becfbbecca1611ad2d6a24e80ed,07/18/2025 12:17:00 PM,2,DRIVER,,2010773,,FREIGHTLINER CORPORATION,OTHER (EXPLAIN IN NARRATIVE),IN,2023,NONE,TRACTOR W/ SEMI-TRAILER,COMMERCIAL - MULTI-UNIT,N,STRAIGHT AHEAD,,,1,,,,,,,,,,,Y,,,,,,,REAR-LEFT-CORNER,,,,,,,,,,,,,,,,,,,,,,,,,,,,,,,,,
2109198,91e891861aefd23b5d0d7aa6bebed66a5747477640c7b497bf7bafe629de0015d296a47c8d153569b30555e241024db974a9e87b9a99dacee0722f49106ca839,07/18/2025 12:17:00 PM,1,DRIVER,,2010740,,TOYOTA,HIGHLANDER,IL,2022,NONE,SPORT UTILITY VEHICLE (SUV),PERSONAL,E,STRAIGHT AHEAD,,,1,,,,,Y,,,,,,,,,,,,,FRONT-RIGHT-CORNER,,,,,,,,,,,,,,,,,,,,,,,,,,,,,,,,,
2109199,91e891861aefd23b5d0d7aa6bebed66a5747477640c7b497bf7bafe629de0015d296a47c8d153569b30555e241024db974a9e87b9a99dacee0722f49106ca839,07/18/2025 12:17:00 PM,2,DRIVER,,2010742,,FORD,ESCAPE,IL,2021,NONE,SPORT UTILITY VEHICLE (SUV),PERSONAL,E,STRAIGHT AHEAD,,,1,,,,,,,,,,,Y,,,,,,,REAR-LEFT-CORNER,,,,,,,,,,,,,,,,,,,,,,,,,,,,,,,,,
2109229,7c8ff6d2faae7c1fa112ae2a71c658789b169b69933cb992aca1e34676d00aea18fc2fd53ed3f1e9ed4da66a8c5606975e867834429785d5fd63028d995cb12b,07/18/2025 12:15:00 PM,1,DRIVER,,2010778,,TOYOTA,CAMRY,VA,2012,NONE,PASSENGER,PERSONAL,W,STRAIGHT AHEAD,,,1,,,,Y,,,,,,,,,,,,,,FRONT,,,,,,,,,,,,,,,,,,,,,,,,,,,,,,,,,
2109230,7c8ff6d2faae7c1fa112ae2a71c658789b169b69933cb992aca1e34676d00aea18fc2fd53ed3f1e9ed4da66a8c5606975e867834429785d5fd63028d995cb12b,07/18/2025 12:15:00 PM,2,DRIVER,,2010785,,TESLA,MODEL 3,IL,2024,NONE,PASSENGER,PERSONAL,W,SLOW/STOP IN TRAFFIC,,,1,,,,,,,,,Y,Y,Y,,,,,,,REAR,,,,,,,,,,,,,,,,,,,,,,,,,,,,,,,,,
2109192,a46fde2497c0be93af8ed7eb416f18ca7e304ca69901cf03eba8997cc1c9470053e2c2a19ed27b0138ff8898369c3ef4bbf9fee4027ef44cbdb2c6f1090e3f87,07/18/2025 12:11:00 PM,1,DRIVER,2,2010730,,FORD,RANGER,IL,1996,UNKNOWN,PICKUP,PERSONAL,N,TURNING RIGHT,,,3,,,,,Y,,,,,,,,,,,,,FRONT-RIGHT-CORNER,,,,,,,,,,,,,,,,,,,,,,,,,,,,,,,,,
2109193,a46fde2497c0be93af8ed7eb416f18ca7e304ca69901cf03eba8997cc1c9470053e2c2a19ed27b0138ff8898369c3ef4bbf9fee4027ef44cbdb2c6f1090e3f87,07/18/2025 12:11:00 PM,2,DRIVER,,2010733,,TOYOTA,PRIUS,IL,2011,UNKNOWN,PASSENGER,PERSONAL,N,TURNING RIGHT,,,1,,,,,,,,,,,Y,Y,Y,Y,Y,,,SIDE-LEFT,,,,,,,,,,,,,,,,,,,,,,,,,,,,,,,,,
2109270,cf256f4aeb2638a1cf7f348bc00fbfa9d9d9f905a2bf0e71651c3b2e7716eeb48e79da5b3555c05f668be5fac839b2d1208c8bb29d42bfe3e04c29f7eef4b544,07/18/2025 12:10:00 PM,1,DRIVER,,2010838,,HONDA,ACCORD,IL,2016,UNKNOWN,UNKNOWN/NA,DRIVER EDUCATION,W,TURNING LEFT,,,1,,,,,,,,,,,,,,,,,Y,UNKNOWN,,,,,,,,,,,,,,,,,,,,,,,,,,,,,,,,,
2109271,cf256f4aeb2638a1cf7f348bc00fbfa9d9d9f905a2bf0e71651c3b2e7716eeb48e79da5b3555c05f668be5fac839b2d1208c8bb29d42bfe3e04c29f7eef4b544,07/18/2025 12:10:00 PM,2,DRIVER,,2010823,,FORD,EDGE,IA,2015,UNKNOWN,PASSENGER,PERSONAL,E,TURNING LEFT,,,1,,,,,,Y,Y,Y,,,,,,,,,,SIDE-RIGHT,,,,,,,,,,,,,,,,,,,,,,,,,,,,,,,,,
2114898,e7c0742af7cc80196c9e22b84dbf035aeb7bf81043152e9a64edf8c68687df5cc8c116ec42b14d19522a460a1ea9b6db9d5364c6d4f4f4efe2e2ca5e5b79bc2f,07/18/2025 12:10:00 PM,1,DRIVER,,2016655,,FORD,ESCAPE,IL,2013,UNKNOWN,PASSENGER,PERSONAL,W,STRAIGHT AHEAD,,,1,,,,,,,,,,,,,,,,Y,,FRONT,,,,,,,,,,,,,,,,,,,,,,,,,,,,,,,,,
2114899,e7c0742af7cc80196c9e22b84dbf035aeb7bf81043152e9a64edf8c68687df5cc8c116ec42b14d19522a460a1ea9b6db9d5364c6d4f4f4efe2e2ca5e5b79bc2f,07/18/2025 12:10:00 PM,2,DRIVER,,2016658,,VOLKSWAGEN,GOLF,IL,2017,NONE,PASSENGER,PERSONAL,W,SLOW/STOP IN TRAFFIC,,,1,,,,,,,,,,Y,,,,,,,,REAR,,,,,,,,,,,,,,,,,,,,,,,,,,,,,,,,,
2109478,43cec07d6c25c91cc579a513b7feacec4badd7fa082e7f05042adcac21e17b0837bd7a68ff5059625d9bce9c5a8deb9c5b06cbb9281b8e541a78bb57ecb9b8aa,07/18/2025 12:00:00 PM,1,DRIVER,,2011012,,VOLKSWAGEN,TIGUAN,IL,2024,UNKNOWN,PASSENGER,UNKNOWN/NA,E,UNKNOWN/NA,,,1,,,,,,,,,,,,,,,,,Y,UNKNOWN,,,,,,,,,,,,,,,,,,,,,,,,,,,,,,,,,
2109479,43cec07d6c25c91cc579a513b7feacec4badd7fa082e7f05042adcac21e17b0837bd7a68ff5059625d9bce9c5a8deb9c5b06cbb9281b8e541a78bb57ecb9b8aa,07/18/2025 12:00:00 PM,2,DRIVER,,2010997,,TOYOTA,RAV4,IL,2024,UNKNOWN,PASSENGER,PERSONAL,W,TURNING LEFT,,,1,,,,,,,Y,Y,Y,Y,,,,,,,,REAR-RIGHT-CORNER,,,,,,,,,,,,,,,,,,,,,,,,,,,,,,,,,
2109652,7e3d1188c572846ddea9b10159eb6e22ca5cf1bb1e87f0e6567aec0f495d6ea91e425887d3707b8ab85ab70a1fbd42ff68d100835863625444a6a3d8b576496a,07/18/2025 11:55:00 AM,1,DRIVER,,2011164,,CADILLAC,XTS,IL,2019,NONE,PASSENGER,PERSONAL,W,U-TURN,,,1,,,,,,,,,,,,Y,Y,Y,,,,SIDE-LEFT,,,,,,,,,,,,,,,,,,,,,,,,,,,,,,,,,
2109653,7e3d1188c572846ddea9b10159eb6e22ca5cf1bb1e87f0e6567aec0f495d6ea91e425887d3707b8ab85ab70a1fbd42ff68d100835863625444a6a3d8b576496a,07/18/2025 11:55:00 AM,2,DRIVER,,2011172,,FORD,F150,IL,2012,NONE,TRUCK - SINGLE UNIT,PERSONAL,W,STRAIGHT AHEAD,,,1,,,,,,,,,,,,,,,Y,Y,,FRONT-LEFT-CORNER,,,,,,,,,,,,,,,,,,,,,,,,,,,,,,,,,
2109217,86d0c07198d28cf700012c8b47bd4ee89c9dde798b977c582095707f8f15d82740439fc7aa822e8a06c25e420dc49b86e75caa0ec173ddc3d576b4a51990fbcc,07/18/2025 11:50:00 AM,1,DRIVER,,2010755,,FORD,FUSION,,2013,UNKNOWN,PASSENGER,UNKNOWN/NA,N,CHANGING LANES,,,1,,,,,,,,,,,,,,,Y,,Y,FRONT-LEFT-CORNER,,,,,,,,,,,,,,,,,,,,,,,,,,,,,,,,,
2109218,86d0c07198d28cf700012c8b47bd4ee89c9dde798b977c582095707f8f15d82740439fc7aa822e8a06c25e420dc49b86e75caa0ec173ddc3d576b4a51990fbcc,07/18/2025 11:50:00 AM,2,DRIVER,,2010763,,NISSAN,ALTIMA,IL,2015,NONE,PASSENGER,PERSONAL,N,STRAIGHT AHEAD,,,1,,,,,,Y,,,,,,,,,N,,Y,REAR-RIGHT-CORNER,,,,,,,,,,,,,,,,,,,,,,,,,,,,,,,,,
2109261,60cbba0384566e684bc6268cec17b3568de14ce02cf57456882287cb5ba658981095c1364b0285961dea419fc462cc0a4a29c1936af4b660a66ac72ddc27d246,07/18/2025 11:45:00 AM,1,DRIVER,3,2010798,,GENERAL MOTORS CORPORATION (GMC),TERRAIN,OH,2020,UNKNOWN,PASSENGER,PERSONAL,W,STRAIGHT AHEAD,,,4,,,,,Y,,,,,,,,Y,Y,Y,Y,,SIDE-LEFT,,,,,,,,,,,,,,,,,,,,,,,,,,,,,,,,,
2109262,60cbba0384566e684bc6268cec17b3568de14ce02cf57456882287cb5ba658981095c1364b0285961dea419fc462cc0a4a29c1936af4b660a66ac72ddc27d246,07/18/2025 11:45:00 AM,2,DRIVER,,2010815,,BMW,X3,IL,2020,UNKNOWN,PASSENGER,PERSONAL,W,STRAIGHT AHEAD,,,1,,,,,Y,Y,Y,Y,Y,,,,,,,,,SIDE-RIGHT,,,,,,,,,,,,,,,,,,,,,,,,,,,,,,,,,
2109849,8c57f3eff386a89e7da42beb376f99774ded1443cb90b7ca4d70e9c77cec16cabd76a92ba3ba5792829663709d07713a792f0dbc3f99684fe1fa05057ac2acc8,07/18/2025 11:45:00 AM,1,DRIVER,,2011367,,CADILLAC,XTS,IL,2019,NONE,PASSENGER,PERSONAL,E,STRAIGHT AHEAD,,,1,,,,,,,,,,,,Y,Y,,,,,SIDE-LEFT,,,,,,,,,,,,,,,,,,,,,,,,,,,,,,,,,
2109850,8c57f3eff386a89e7da42beb376f99774ded1443cb90b7ca4d70e9c77cec16cabd76a92ba3ba5792829663709d07713a792f0dbc3f99684fe1fa05057ac2acc8,07/18/2025 11:45:00 AM,2,DRIVER,,2011374,,FORD,F150,IL,2022,UNKNOWN,PICKUP,UNKNOWN/NA,S,STRAIGHT AHEAD,,,1,,,,,,,,,,,,,,,,N,Y,FRONT,,,,,,,,,,,,,,,,,,,,,,,,,,,,,,,,,
2109164,ba4fd8bdb28625346759d9a6cb00919db9c966d3c907c3fe195dd82df71335d11c4c518cf60337ac7fc5e23d5db998eca6254a9d997c338c757c7beec48ceae7,07/18/2025 11:45:00 AM,1,DRIVER,,2010707,,HONDA,CR-V,IL,2006,NONE,PASSENGER,PERSONAL,S,BACKING,,,1,,,,,,,,,Y,,Y,,,,,,,OTHER,,,,,,,,,,,,,,,,,,,,,,,,,,,,,,,,,
2109178,ba4fd8bdb28625346759d9a6cb00919db9c966d3c907c3fe195dd82df71335d11c4c518cf60337ac7fc5e23d5db998eca6254a9d997c338c757c7beec48ceae7,07/18/2025 11:45:00 AM,2,DRIVER,,2010711,,DODGE,OTHER (EXPLAIN IN NARRATIVE),,,NONE,VAN/MINI-VAN,OTHER,N,SLOW/STOP IN TRAFFIC,,,1,,,,,Y,,,,,,,,,,,,,FRONT-RIGHT-CORNER,,,,,,,,,,,,,,,,,,,,,,,,,,,,,,,,,
2109181,ba4fd8bdb28625346759d9a6cb00919db9c966d3c907c3fe195dd82df71335d11c4c518cf60337ac7fc5e23d5db998eca6254a9d997c338c757c7beec48ceae7,07/18/2025 11:45:00 AM,3,PARKED,,2010715,,TOYOTA,CAMRY,IL,,NONE,PASSENGER,NOT IN USE,N,PARKED,,,0,,,,,,,,,,,,,,,Y,,,FRONT,,,,,,,,,,,,,,,,,,,,,,,,,,,,,,,,,
2109279,c12ae8a6b0ac2f2c4b0f509d908ee832273e3e84fa12db8b5ec833673ce73707cfa3a70bbf10a97ce866794156c67541165ede55f3112bac6525a05058fe24fd,07/18/2025 11:40:00 AM,1,DRIVER,,2010816,,MERCEDES-BENZ,SPRINTER,AL,2025,UNKNOWN,VAN/MINI-VAN,PERSONAL,UNKNOWN,BACKING,,,1,,,,,,,,,,,,,,,,,,OTHER,,,,,,,,,,,,,,,,,,,,,,,,,,,,,,,,,
2109188,1be9c28203917eaaef89a2f010cab16455d08be1509f060d316d91eafb6702b4a3b8e5f0986c75cffd26528da76fb8a776fa99f231d6abc91f58da22a460c908,07/18/2025 11:30:00 AM,1,DRIVER,,2010728,,UNKNOWN,MOTORIZED,,,UNKNOWN,PASSENGER,UNKNOWN/NA,W,BACKING,,,1,,,,,,,,,Y,Y,,,,,,,,REAR,,,,,,,,,,,,,,,,,,,,,,,,,,,,,,,,,
2109189,1be9c28203917eaaef89a2f010cab16455d08be1509f060d316d91eafb6702b4a3b8e5f0986c75cffd26528da76fb8a776fa99f231d6abc91f58da22a460c908,07/18/2025 11:30:00 AM,2,DRIVER,,2010735,,TOYOTA,RAV4,IL,2010,UNKNOWN,SPORT UTILITY VEHICLE (SUV),PERSONAL,E,STRAIGHT AHEAD,,,1,,,,,Y,Y,,,,,,,,,,,,SIDE-RIGHT-FRONT,,,,,,,,,,,,,,,,,,,,,,,,,,,,,,,,,
2109265,35b13564ed691705372f312267808c5c1e3591721b89d5f4088b2b8dc7d05ecf809979ad99c33f75779b74173bd507bec85f5ddfdc8b55b1ebe04441f043db8b,07/18/2025 11:30:00 AM,1,DRIVER,,2010807,,HONDA,CR-V,IL,2006,NONE,PASSENGER,PERSONAL,W,STRAIGHT AHEAD,,,1,,,,,,,,,,,,,,,,Y,,FRONT,,,,,,,,,,,,,,,,,,,,,,,,,,,,,,,,,
2109276,35b13564ed691705372f312267808c5c1e3591721b89d5f4088b2b8dc7d05ecf809979ad99c33f75779b74173bd507bec85f5ddfdc8b55b1ebe04441f043db8b,07/18/2025 11:30:00 AM,2,DRIVER,,2010810,,HONDA,CIVIC,IL,2018,NONE,PASSENGER,PERSONAL,W,STRAIGHT AHEAD,,,1,,,,,,,,,,Y,,,,,,,,REAR,,,,,,,,,,,,,,,,,,,,,,,,,,,,,,,,,
2109182,81dbe9376b765703c2ff6918ed348f8f9ade1ab68d03c05286d5994f944919f6d93ef4651f4d4dc182715a15e1da1a26633588d13b740b3b52a57c94b0bb09a0,07/18/2025 11:30:00 AM,1,DRIVER,,2010718,,DODGE,CHARGER,IN,2014,UNKNOWN,PASSENGER,PERSONAL,S,STRAIGHT AHEAD,,,1,,,,,Y,,,,,,,,,,Y,Y,,FRONT,,,,,,,,,,,,,,,,,,,,,,,,,,,,,,,,,
2109183,81dbe9376b765703c2ff6918ed348f8f9ade1ab68d03c05286d5994f944919f6d93ef4651f4d4dc182715a15e1da1a26633588d13b740b3b52a57c94b0bb09a0,07/18/2025 11:30:00 AM,2,DRIVER,,2010723,,CHEVROLET,EQUINOX,IL,2021,UNKNOWN,PASSENGER,PERSONAL,S,STRAIGHT AHEAD,,,1,,,,,,,,,Y,Y,Y,,,,,,,REAR,,,,,,,,,,,,,,,,,,,,,,,,,,,,,,,,,
2109162,864b0071540bc4eb578143bcb2938380cb3f69d88bcacd2b1915350b3eb1ed16bc4f02b2a935b6cfd57bef2e2b6ae9e982a7b27014869d0f39dec575cd7e1f27,07/18/2025 11:30:00 AM,1,DRIVER,,2010704,,GENERAL MOTORS CORPORATION (GMC),OTHER (EXPLAIN IN NARRATIVE),IN,2025,UNKNOWN,BUS OVER 15 PASS.,COMMERCIAL - SINGLE UNIT,W,BACKING,,,1,,,,Y,,,,,,,,,,,,,,REAR,,,,,,,,,,,,,,,,,,,,,,,,,,,,,,,,,
2109163,864b0071540bc4eb578143bcb2938380cb3f69d88bcacd2b1915350b3eb1ed16bc4f02b2a935b6cfd57bef2e2b6ae9e982a7b27014869d0f39dec575cd7e1f27,07/18/2025 11:30:00 AM,2,PARKED,,2010708,,VOLKSWAGEN,PASSAT,IL,2016,NONE,PASSENGER,NOT IN USE,E,PARKED,,,0,,,,,Y,,,,,,,,,,,,,FRONT-RIGHT-CORNER,,,,,,,,,,,,,,,,,,,,,,,,,,,,,,,,,
2111302,aaa3ba637fbcd93486c56edec841c3b6fbcb8b7adf7c7732e115e4d4099a5674c394f80c1abb8cca1d5c4e23955f50d2c48935429a7187ca15664b14ec6b3b17,07/18/2025 11:30:00 AM,1,DRIVER,,2012723,,FORD,ECONOLINE E350,IL,2011,NONE,VAN/MINI-VAN,PERSONAL,S,STRAIGHT AHEAD,Y,,1,,PRIVATE,PRIVATE,,Y,Y,Y,N,,,,,,,,Y,,FRONT-RIGHT-CORNER,,,,,,,,,,,,,,,,,,,,,,,,,,,,,,,,,
2111303,aaa3ba637fbcd93486c56edec841c3b6fbcb8b7adf7c7732e115e4d4099a5674c394f80c1abb8cca1d5c4e23955f50d2c48935429a7187ca15664b14ec6b3b17,07/18/2025 11:30:00 AM,2,PARKED,,2012728,,NISSAN,ALTIMA,IL,2016,UNKNOWN,PASSENGER,PERSONAL,S,PARKED,,,0,,,,,,,,,,,,,,,,,Y,REAR-LEFT-CORNER,,,,,,,,,,,,,,,,,,,,,,,,,,,,,,,,,
2110141,c73dfd4ff0623266276c005f0f2f835731f16b4b0d6b0d205bd597355df07b5b72549bb9238a74da72174a708e84df7680872f7f25d8b71eef908b6b70558520,07/18/2025 11:30:00 AM,1,DRIVER,,2011628,,MITSUBISHI,OUTLANDER,MN,2018,NONE,PASSENGER,NOT IN USE,N,PASSING/OVERTAKING,,,1,,,,,,,,,,,,,,,Y,,,FRONT-LEFT-CORNER,,,,,,,,,,,,,,,,,,,,,,,,,,,,,,,,,
2110142,c73dfd4ff0623266276c005f0f2f835731f16b4b0d6b0d205bd597355df07b5b72549bb9238a74da72174a708e84df7680872f7f25d8b71eef908b6b70558520,07/18/2025 11:30:00 AM,2,PARKED,,2011634,,JEEP,RENEGADE,IL,2020,NONE,SPORT UTILITY VEHICLE (SUV),NOT IN USE,N,PARKED,,,0,,,,,,Y,Y,,,,,,,,,,,SIDE-RIGHT,,,,,,,,,,,,,,,,,,,,,,,,,,,,,,,,,
2109200,ffd7a655a1479a6bc42e15d2afc7c241bace7c01fc55b42211f5792a1d1b2673d9d0dfcd12451751c36b44c73610ee8581f234a284a836627cb4e061579abf93,07/18/2025 11:30:00 AM,1,DRIVER,,2010741,,UNKNOWN,OTHER (EXPLAIN IN NARRATIVE),,,UNKNOWN,PASSENGER,UNKNOWN/NA,NE,STRAIGHT AHEAD,,,1,,,,,,,,,,,,,,,,,Y,UNKNOWN,,,,,,,,,,,,,,,,,,,,,,,,,,,,,,,,,
2109201,ffd7a655a1479a6bc42e15d2afc7c241bace7c01fc55b42211f5792a1d1b2673d9d0dfcd12451751c36b44c73610ee8581f234a284a836627cb4e061579abf93,07/18/2025 11:30:00 AM,2,PARKED,,2010743,,HONDA,FIT,IL,2015,NONE,PASSENGER,NOT IN USE,SE,PARKED,,,0,,,,,Y,,,,Y,Y,Y,,,,Y,Y,,OTHER,,,,,,,,,,,,,,,,,,,,,,,,,,,,,,,,,
2109202,ffd7a655a1479a6bc42e15d2afc7c241bace7c01fc55b42211f5792a1d1b2673d9d0dfcd12451751c36b44c73610ee8581f234a284a836627cb4e061579abf93,07/18/2025 11:30:00 AM,3,PARKED,,2010746,,NISSAN,PATHFINDER,IL,2019,NONE,PASSENGER,NOT IN USE,NE,PARKED,,,0,,,,,,,,Y,Y,Y,,,,,,,,SIDE-RIGHT-REAR,,,,,,,,,,,,,,,,,,,,,,,,,,,,,,,,,
2110173,03b47670be902a5895da202a8bfcb5178b3edbfbf0042b7ea62f9c26a19b8378c995946e616fd80ccfa713aa2c9ef2bf1bc13edf9bc4236cfc3514591f1d70a1,07/18/2025 11:28:00 AM,1,DRIVER,,2011666,,NISSAN,KICKS,IL,2021,UNKNOWN,SPORT UTILITY VEHICLE (SUV),UNKNOWN/NA,W,STRAIGHT AHEAD,,,1,,,,,,,,,,,,,,,,,Y,FRONT,,,,,,,,,,,,,,,,,,,,,,,,,,,,,,,,,
2110174,03b47670be902a5895da202a8bfcb5178b3edbfbf0042b7ea62f9c26a19b8378c995946e616fd80ccfa713aa2c9ef2bf1bc13edf9bc4236cfc3514591f1d70a1,07/18/2025 11:28:00 AM,2,PARKED,1,2011672,,TOYOTA,PRIUS,IL,2013,UNKNOWN,SPORT UTILITY VEHICLE (SUV),NOT IN USE,W,PARKED,,,1,,,,,,,,,,,,,Y,Y,Y,,,FRONT-LEFT-CORNER,,,,,,,,,,,,,,,,,,,,,,,,,,,,,,,,,
2110028,dc0abfd3d0c4e9d7d535edab5dda2164d0f1701a1daa3728081a429fef4cdccb5c4be56cd5fa8705c2a8b062f5cef94138fa8ffa4adba378254d1797084fbbd7,07/18/2025 11:15:00 AM,1,DRIVER,,2011516,,NISSAN,ROGUE,,2011,NONE,SPORT UTILITY VEHICLE (SUV),PERSONAL,W,CHANGING LANES,,,1,,,,,Y,,,,,,,,,,,,,FRONT-RIGHT-CORNER,,,,,,,,,,,,,,,,,,,,,,,,,,,,,,,,,
2110029,dc0abfd3d0c4e9d7d535edab5dda2164d0f1701a1daa3728081a429fef4cdccb5c4be56cd5fa8705c2a8b062f5cef94138fa8ffa4adba378254d1797084fbbd7,07/18/2025 11:15:00 AM,2,DRIVER,1,2011517,,TESLA,MODEL Y,IL,2022,NONE,PASSENGER,PERSONAL,W,STRAIGHT AHEAD,,,2,,,,,,,,,,,,Y,Y,Y,,,,SIDE-LEFT,,,,,,,,,,,,,,,,,,,,,,,,,,,,,,,,,
2109151,fe424c7fab5b533879b7c7b6cf081698a284b5cfd38aea85ba92becc4a2298c14a0a42a8873b0bbcd97830760324d110d503358ffc66e926dee9bc5df23e1700,07/18/2025 11:04:00 AM,1,DRIVER,1,2010689,,FORD,ESCAPE,IL,2025,NONE,PASSENGER,PERSONAL,N,STRAIGHT AHEAD,,,2,,,,,,,,,,,,,,,,,,FRONT-LEFT-CORNER,,,,,,,,,,,,,,,,,,,,,,,,,,,,,,,,,
2109152,fe424c7fab5b533879b7c7b6cf081698a284b5cfd38aea85ba92becc4a2298c14a0a42a8873b0bbcd97830760324d110d503358ffc66e926dee9bc5df23e1700,07/18/2025 11:04:00 AM,2,DRIVER,,2010696,,CHEVROLET,EQUINOX,IL,2018,NONE,PASSENGER,PERSONAL,NW,TURNING RIGHT,,,1,,,,,,,,,,,,,,,,,,FRONT-LEFT-CORNER,,,,,,,,,,,,,,,,,,,,,,,,,,,,,,,,,
2110591,75b5ee44b9164668137fbbe85ba32799696f9e7dc1352737052d65cee901304334d60ad60999bc221d6ca59c6e71dd4da08e1561eb610717b88900ad225e5005,07/18/2025 11:00:00 AM,1,DRIVER,,2012053,,JEEP,JEEP,IL,2022,UNKNOWN,PASSENGER,PERSONAL,N,STRAIGHT AHEAD,,,1,,,,,,,,,,,,,,,Y,,,FRONT-LEFT-CORNER,,,,,,,,,,,,,,,,,,,,,,,,,,,,,,,,,
2110592,75b5ee44b9164668137fbbe85ba32799696f9e7dc1352737052d65cee901304334d60ad60999bc221d6ca59c6e71dd4da08e1561eb610717b88900ad225e5005,07/18/2025 11:00:00 AM,2,DRIVER,,2012069,,DODGE,CALIBER,IL,2011,UNKNOWN,PASSENGER,PERSONAL,E,STRAIGHT AHEAD,,,1,,,,,,Y,,,,,,,,,,,,SIDE-RIGHT,,,,,,,,,,,,,,,,,,,,,,,,,,,,,,,,,
2109430,d6ee0e65fecf398611d610cfb88a5435479a607ef07baf83f091a5ebfdde3207ff65be9733013dd1211a76de76be2b172c5dea347bc1b24fb8de981a1b608a31,07/18/2025 11:00:00 AM,1,DRIVER,,2010948,,TOYOTA,RAV4,IL,2018,UNKNOWN,PASSENGER,UNKNOWN/NA,W,STRAIGHT AHEAD,,,1,,,,,,,,,,,,,,,,,Y,SIDE-RIGHT,,,,,,,,,,,,,,,,,,,,,,,,,,,,,,,,,
2109431,d6ee0e65fecf398611d610cfb88a5435479a607ef07baf83f091a5ebfdde3207ff65be9733013dd1211a76de76be2b172c5dea347bc1b24fb8de981a1b608a31,07/18/2025 11:00:00 AM,2,DRIVER,,2010964,,FORD,VAN,IL,2026,NONE,VAN/MINI-VAN,OTHER,W,OTHER,,,1,,,,,,,,,,,,Y,Y,Y,,,,SIDE-LEFT,,,,,,,,,,,,,,,,,,,,,,,,,,,,,,,,,
2109190,6ce82ce7d71afd9030b9cbb10ae185aeb645a041de3f7e8d38629dd0bafa4c49b8aeded9304360cd23501aea9208bbdd9914aba2ec1a6a6e65b0d6299c1ceac5,07/18/2025 10:55:00 AM,1,DRIVER,,2010732,,JEEP,GRAND CHEROKEE,IL,2015,NONE,PASSENGER,PERSONAL,E,STRAIGHT AHEAD,Y,,1,,PERSONAL TOW,,,Y,Y,,,,,,,,Y,Y,Y,,FRONT,,,,,,,,,,,,,,,,,,,,,,,,,,,,,,,,,
2109191,6ce82ce7d71afd9030b9cbb10ae185aeb645a041de3f7e8d38629dd0bafa4c49b8aeded9304360cd23501aea9208bbdd9914aba2ec1a6a6e65b0d6299c1ceac5,07/18/2025 10:55:00 AM,2,DRIVER,1,2010738,,MAZDA,MX-5,IL,2013,NONE,PASSENGER,PERSONAL,SW,STRAIGHT AHEAD,Y,,2,,PERSONAL TOW,,,Y,Y,Y,Y,,,,,,,Y,Y,,SIDE-RIGHT-FRONT,,,,,,,,,,,,,,,,,,,,,,,,,,,,,,,,,
2109172,2bc086fafb778a86fa5099abc0b119b8414ae75f50af7cc4287772cd5f9801437e94c4fe80d5d20c86af28a10e5ccba0873d8eb239f722cc58561ce8ea7ee147,07/18/2025 10:47:00 AM,1,DRIVER,,2010716,,LEXUS,OTHER (EXPLAIN IN NARRATIVE),IL,2008,UNKNOWN,PASSENGER,PERSONAL,W,STRAIGHT AHEAD,Y,,1,,owner arranged own tow,,,,,,,,,,,,,,Y,,FRONT,,,,,,,,,,,,,,,,,,,,,,,,,,,,,,,,,