CRASH_UNIT_ID,CRASH_RECORD_ID,CRASH_DATE,UNIT_NO,UNIT_TYPE,NUM_PASSENGERS,VEHICLE_ID,CMRC_VEH_I,MAKE,MODEL,LIC_PLATE_STATE,VEHICLE_YEAR,VEHICLE_DEFECT,VEHICLE_TYPE,VEHICLE_USE,TRAVEL_DIRECTION,MANEUVER,TOWED_I,FIRE_I,OCCUPANT_CNT,EXCEED_SPEED_LIMIT_I,TOWED_BY,TOWED_TO,AREA_00_I,AREA_01_I,AREA_02_I,AREA_03_I,AREA_04_I,AREA_05_I,AREA_06_I,AREA_07_I,AREA_08_I,AREA_09_I,AREA_10_I,AREA_11_I,AREA_12_I,AREA_99_I,FIRST_CONTACT_POINT,CMV_ID,USDOT_NO,CCMC_NO,ILCC_NO,COMMERCIAL_SRC,GVWR,CARRIER_NAME,CARRIER_STATE,CARRIER_CITY,HAZMAT_PLACARDS_I,HAZMAT_NAME,UN_NO,HAZMAT_PRESENT_I,HAZMAT_REPORT_I,HAZMAT_REPORT_NO,MCS_REPORT_I,MCS_REPORT_NO,HAZMAT_VIO_CAUSE_CRASH_I,MCS_VIO_CAUSE_CRASH_I,IDOT_PERMIT_NO,WIDE_LOAD_I,TRAILER1_WIDTH,TRAILER2_WIDTH,TRAILER1_LENGTH,TRAILER2_LENGTH,TOTAL_VEHICLE_LENGTH,AXLE_CNT,VEHICLE_CONFIG,CARGO_BODY_TYPE,LOAD_TYPE,HAZMAT_OUT_OF_SERVICE_I,MCS_OUT_OF_SERVICE_I,HAZMAT_CLASS
2109173,2bc086fafb778a86fa5099abc0b119b8414ae75f50af7cc4287772cd5f9801437e94c4fe80d5d20c86af28a10e5ccba0873d8eb239f722cc58561ce8ea7ee147,07/18/2025 10:47:00 AM,2,DRIVER,,2010722,,FORD,FUSION,IL,2015,UNKNOWN,PASSENGER,PERSONAL,W,SLOW/STOP IN TRAFFIC,,,1,,,,,,,,,,Y,,,,,,,,REAR,,,,,,,,,,,,,,,,,,,,,,,,,,,,,,,,,
2109146,e78c357ad0caab14900b03972d5e7d3a95d5aac99c251665acfe3ba9e2876a615e2c59eae7374ac070b3ba13e55668ad17c6ecd36a27bb4f68f031ca694da06e,07/18/2025 10:45:00 AM,1,DRIVER,,2010678,,UNKNOWN,MOTORIZED,,,UNKNOWN,UNKNOWN/NA,UNKNOWN/NA,UNKNOWN,UNKNOWN/NA,,,1,,,,,,,,,,,,,,,,,Y,UNKNOWN,,,,,,,,,,,,,,,,,,,,,,,,,,,,,,,,,
2109153,f93b14048aa15e4ad196b98d2322ad0610b4a3f2fa1d3a30fd678fc500af81d4819046840549549d98feb8d61ddb5cb4cca67d3b001036261ede18906f9b45fc,07/18/2025 10:45:00 AM,1,DRIVER,,2010695,,FORD,TRANSIT,IL,2015,UNKNOWN,VAN/MINI-VAN,UNKNOWN/NA,E,STRAIGHT AHEAD,,,1,,,,Y,,,,,,,,,,,,,,FRONT,,,,,,,,,,,,,,,,,,,,,,,,,,,,,,,,,
2109154,f93b14048aa15e4ad196b98d2322ad0610b4a3f2fa1d3a30fd678fc500af81d4819046840549549d98feb8d61ddb5cb4cca67d3b001036261ede18906f9b45fc,07/18/2025 10:45:00 AM,2,DRIVER,,2010702,,HONDA,CR-V,WI,2014,UNKNOWN,SPORT UTILITY VEHICLE (SUV),PERSONAL,E,OTHER,,,1,,,,,,,,,,Y,,,,,,,,REAR,,,,,,,,,,,,,,,,,,,,,,,,,,,,,,,,,
2109179,9afd32887e127544b84d4e7228056d1af20def53eca6a381cf7859a55839559d4060d989100b9203088aef56f642ff2a36867f2e96ca437369aa578839b32d9f,07/18/2025 10:35:00 AM,1,DRIVER,1,2010721,,UNKNOWN,OTHER (EXPLAIN IN NARRATIVE),IL,,NONE,PICKUP,PERSONAL,W,STRAIGHT AHEAD,,,2,,,,,,Y,,,,,,,,,,,,SIDE-RIGHT-FRONT,,,,,,,,,,,,,,,,,,,,,,,,,,,,,,,,,
2109180,9afd32887e127544b84d4e7228056d1af20def53eca6a381cf7859a55839559d4060d989100b9203088aef56f642ff2a36867f2e96ca437369aa578839b32d9f,07/18/2025 10:35:00 AM,2,DRIVER,1,2010729,,NOVA BUS,LFS ARTIC,IL,,NONE,BUS OVER 15 PASS.,CTA,W,STRAIGHT AHEAD,,,2,,,,Y,,,,,,,,,,,,,,SIDE-LEFT-FRONT,,,,,,,,,,,,,,,,,,,,,,,,,,,,,,,,,
2109136,79cfec1969e4ae6771a659f70f0f394ac1bd384200c693aa4701804513b1fa6f6d09630c06d21450584eb2f17435913a1109e2dd776965fff2ad6cc1edabe85f,07/18/2025 10:30:00 AM,1,DRIVER,,2010681,,CHEVROLET,OTHER (EXPLAIN IN NARRATIVE),IL,2015,UNKNOWN,PASSENGER,PERSONAL,NW,CHANGING LANES,,,1,,,,,Y,Y,,,,,,,,,,,,FRONT-RIGHT-CORNER,,,,,,,,,,,,,,,,,,,,,,,,,,,,,,,,,
2109137,79cfec1969e4ae6771a659f70f0f394ac1bd384200c693aa4701804513b1fa6f6d09630c06d21450584eb2f17435913a1109e2dd776965fff2ad6cc1edabe85f,07/18/2025 10:30:00 AM,2,DRIVER,,2010685,,KIA,OPTIMA / K5,IL,2024,UNKNOWN,PASSENGER,PERSONAL,W,STRAIGHT AHEAD,,,1,,,,,,,,,,,,,,Y,Y,,,FRONT-LEFT-CORNER,,,,,,,,,,,,,,,,,,,,,,,,,,,,,,,,,
2111445,898d495470b9b0d08dda87c1ca069fbd33313518b1566ce2dc891fe58725acd1172dad391176af2a931534ddfc2f695342b1cc9e57882ebbf0d24b55342a3c25,07/18/2025 10:30:00 AM,1,DRIVER,,2012868,,SUBARU,IMPREZA,IL,2022,UNKNOWN,PASSENGER,PERSONAL,N,TURNING LEFT,,,1,,,,,,,,,,,,,,,N,Y,,FRONT,,,,,,,,,,,,,,,,,,,,,,,,,,,,,,,,,
2111446,898d495470b9b0d08dda87c1ca069fbd33313518b1566ce2dc891fe58725acd1172dad391176af2a931534ddfc2f695342b1cc9e57882ebbf0d24b55342a3c25,07/18/2025 10:30:00 AM,2,DRIVER,,2012880,,HONDA,ACCORD,IL,2022,NONE,PASSENGER,PERSONAL,N,TURNING LEFT,,,1,,,,,,,,,,Y,,,,,,,,REAR,,,,,,,,,,,,,,,,,,,,,,,,,,,,,,,,,
2109959,0200479a4f17de4935f69186ed36b6185a1a5598b4b1a22f469e43f21824c273086686a9706c42889e8310752a5b6b38788762ece1e607e099009168ff1f4835,07/18/2025 10:20:00 AM,1,DRIVER,,2011460,,BUICK,ENCORE,AL,2025,NONE,PASSENGER,PERSONAL,E,STRAIGHT AHEAD,,,1,,,,,,,,,,,,,,,,Y,,FRONT,,,,,,,,,,,,,,,,,,,,,,,,,,,,,,,,,
2109140,506514c1d058de46ff23580f5c701c3dae24d201ea6b39d1f5fc4d919e90c397966810b9672d4f931a2126208c25792c7502334b798dfde42832d651e95911d3,07/18/2025 10:20:00 AM,1,DRIVER,,2010679,,"PETERBILT MOTORS COMPANY (DIVISION OF PACCAR, INC.)","PETERBILT MOTORS CO., DIVISION PACCAR, INC.",IL,2019,NONE,TRUCK - SINGLE UNIT,OTHER,S,TURNING LEFT,,,1,,,,,,,,,,,,Y,,,,,,SIDE-LEFT-REAR,,,,,,,,,,,,,,,,,,,,,,,,,,,,,,,,,
2109141,506514c1d058de46ff23580f5c701c3dae24d201ea6b39d1f5fc4d919e90c397966810b9672d4f931a2126208c25792c7502334b798dfde42832d651e95911d3,07/18/2025 10:20:00 AM,2,DRIVER,,2010691,,NISSAN,ROGUE,IL,2023,NONE,PASSENGER,PERSONAL,E,STRAIGHT AHEAD,,,1,,,,,,,,,,,Y,,,,,,,REAR-LEFT-CORNER,,,,,,,,,,,,,,,,,,,,,,,,,,,,,,,,,
2109127,67b551f1e3c141185eab98a5bbd281e9d6568e1ad10cddb5bffa1fffc5d61bc4371ac0b00235ff6f9de89e92e31e824840ebc602031d39705f9b8366e078e01b,07/18/2025 10:20:00 AM,1,DRIVER,1,2010667,,SUBARU,OUTBACK,WI,2016,NONE,SPORT UTILITY VEHICLE (SUV),PERSONAL,E,STRAIGHT AHEAD,,,2,,,,,Y,,,,,,,,,,Y,Y,,FRONT,,,,,,,,,,,,,,,,,,,,,,,,,,,,,,,,,
2109128,67b551f1e3c141185eab98a5bbd281e9d6568e1ad10cddb5bffa1fffc5d61bc4371ac0b00235ff6f9de89e92e31e824840ebc602031d39705f9b8366e078e01b,07/18/2025 10:20:00 AM,2,DRIVER,,2010671,,FORD,TRANSIT,MN,2025,NONE,BUS UP TO 15 PASS.,OTHER,E,SLOW/STOP IN TRAFFIC,,,1,,,,,,,,,Y,Y,Y,,,,,,,REAR,,,,,,,,,,,,,,,,,,,,,,,,,,,,,,,,,
2109157,f718fe74af437e0adb9e14acdcb870592c1573937a3238bf4fe1dccd46dadf70ed14db979679d78c587d4e835cead2980b290936d30420a6073315b837773f96,07/18/2025 10:15:00 AM,1,DRIVER,,2010693,,NISSAN,ALTIMA,IL,2019,NONE,PASSENGER,PERSONAL,W,CHANGING LANES,,,1,,,,,,,,,,,,,,,Y,,,SIDE-LEFT-FRONT,,,,,,,,,,,,,,,,,,,,,,,,,,,,,,,,,
2109158,f718fe74af437e0adb9e14acdcb870592c1573937a3238bf4fe1dccd46dadf70ed14db979679d78c587d4e835cead2980b290936d30420a6073315b837773f96,07/18/2025 10:15:00 AM,2,DRIVER,1,2010698,,CADILLAC,XT5,,2020,NONE,PASSENGER,PERSONAL,W,STRAIGHT AHEAD,Y,,2,,BY OWNER,,,Y,,,,,,,,,,,Y,,FRONT-RIGHT-CORNER,,,,,,,,,,,,,,,,,,,,,,,,,,,,,,,,,
2109144,1ca2c18e174080f9e2b5d53814fcbeb2aaa6896bf2f1131a9f22f90ea91090f552683754ceba205f30ac39a147671f8baab8dab3aebb89f1cd5a17f9d4f7db53,07/18/2025 10:11:00 AM,1,DRIVER,,2010688,,HYUNDAI,SONATA,IL,2019,NONE,PASSENGER,PERSONAL,W,STRAIGHT AHEAD,,,1,,,,N,Y,,,,,,,,,,Y,Y,,FRONT,,,,,,,,,,,,,,,,,,,,,,,,,,,,,,,,,
2109177,1ca2c18e174080f9e2b5d53814fcbeb2aaa6896bf2f1131a9f22f90ea91090f552683754ceba205f30ac39a147671f8baab8dab3aebb89f1cd5a17f9d4f7db53,07/18/2025 10:11:00 AM,2,BICYCLE,,,,,,,,,,,,,,,,,,,,,,,,,,,,,,,,,,,,,,,,,,,,,,,,,,,,,,,,,,,,,,,,,,
2109184,45267b717897a0c963be8ab3ec744803d039af751c0781ec2af98a8bebe66431107c13df14338fc7bebb574f6fd7bc277b8e6fed4773f702ba1dd736ea5ce0a8,07/18/2025 10:00:00 AM,1,DRIVER,,2010724,,CHEVROLET,ASTRO,IL,2004,UNKNOWN,VAN/MINI-VAN,UNKNOWN/NA,E,ENTERING TRAFFIC LANE FROM PARKING,,,1,,,,,,,,,,,,,,,Y,,,FRONT-LEFT-CORNER,,,,,,,,,,,,,,,,,,,,,,,,,,,,,,,,,
2109185,45267b717897a0c963be8ab3ec744803d039af751c0781ec2af98a8bebe66431107c13df14338fc7bebb574f6fd7bc277b8e6fed4773f702ba1dd736ea5ce0a8,07/18/2025 10:00:00 AM,2,DRIVER,,2010727,,TOYOTA,COROLLA,IL,2024,NONE,PASSENGER,PERSONAL,E,STRAIGHT AHEAD,,,1,,,,,,,,,Y,,,,,,,,,REAR-RIGHT-CORNER,,,,,,,,,,,,,,,,,,,,,,,,,,,,,,,,,
2109131,767af5ca5887abac442938281664f41201998dd043d1ef52a1bc7e3739c660ffded86f25a68b82a4a82c13d6c83dac9cd0ff0926da89ee53c06332d3f2ab6d1e,07/18/2025 09:45:00 AM,1,DRIVER,1,2010669,,"(HOMEMADE MOTORCYCLE, MOPED.ETC.)","(HOMEMADE MOTORCYCLE, MOPED.ETC.)",IL,,UNKNOWN,MOTORCYCLE (OVER 150CC),PERSONAL,E,STRAIGHT AHEAD,,,2,,,,,,,,,,,,,,,,Y,,FRONT,,,,,,,,,,,,,,,,,,,,,,,,,,,,,,,,,
2109132,767af5ca5887abac442938281664f41201998dd043d1ef52a1bc7e3739c660ffded86f25a68b82a4a82c13d6c83dac9cd0ff0926da89ee53c06332d3f2ab6d1e,07/18/2025 09:45:00 AM,2,DRIVER,2,2010705,,CHEVROLET,EQUINOX,IN,2020,NONE,PASSENGER,PERSONAL,SE,TURNING RIGHT,,,3,,,,,,,Y,,,,,,,,,,,SIDE-RIGHT,,,,,,,,,,,,,,,,,,,,,,,,,,,,,,,,,
2109108,be51e5ead035b3db67f88287c886e7c50cead4da6acf997d2594e58fca93cbe109279555c0002b7f8faa5d8fdd53cc3b9da6062791545448f211f26af3bc2e6b,07/18/2025 09:45:00 AM,1,DRIVER,,2010656,,UNKNOWN,OTHER (EXPLAIN IN NARRATIVE),,,UNKNOWN,UNKNOWN/NA,UNKNOWN/NA,E,STRAIGHT AHEAD,,,1,,,,,,,,,,,,,,,,,Y,UNKNOWN,,,,,,,,,,,,,,,,,,,,,,,,,,,,,,,,,
2109109,be51e5ead035b3db67f88287c886e7c50cead4da6acf997d2594e58fca93cbe109279555c0002b7f8faa5d8fdd53cc3b9da6062791545448f211f26af3bc2e6b,07/18/2025 09:45:00 AM,2,DRIVER,,2010658,,TOYOTA,RAV4,IL,2015,NONE,PASSENGER,TAXI/FOR HIRE,E,STRAIGHT AHEAD,,,1,,,,,,,,,Y,Y,Y,,,,,,,REAR,,,,,,,,,,,,,,,,,,,,,,,,,,,,,,,,,
2109104,4262c84a9f0253304fd98b18230dd2023ec2d6e233b18314c7e605a790fe576dbdd9adeb01b9add6fb5e69bfc95001d816bdc37c471c854bd4c3d2f17ccfff9a,07/18/2025 09:42:00 AM,1,DRIVER,,2010641,,UNKNOWN,MOTORIZED,,,UNKNOWN,UNKNOWN/NA,UNKNOWN/NA,S,STRAIGHT AHEAD,,,1,,,,,,,Y,,,,,,,,,,,OTHER,,,,,,,,,,,,,,,,,,,,,,,,,,,,,,,,,
2109105,4262c84a9f0253304fd98b18230dd2023ec2d6e233b18314c7e605a790fe576dbdd9adeb01b9add6fb5e69bfc95001d816bdc37c471c854bd4c3d2f17ccfff9a,07/18/2025 09:42:00 AM,2,PARKED,,2010647,,FORD,F150,MI,2025,NONE,PICKUP,OTHER,S,PARKED,,,0,,,,,,,,,,,,,Y,,,,,OTHER,,,,,,,,,,,,,,,,,,,,,,,,,,,,,,,,,
2109123,6e8f912d95f3784bf6daffa1a6d889c4e18075424bd0f1b1a43ea73fc95e3327f72501b255eb9814445f5da39281d9413fc2b442c96f6f76636b10c466898c68,07/18/2025 09:39:00 AM,1,DRIVER,,2010673,,FORD,MUSTANG,IL,2015,UNKNOWN,PASSENGER,PERSONAL,N,STRAIGHT AHEAD,Y,,1,,private,private,,,,,,,,,,,,,Y,,FRONT,,,,,,,,,,,,,,,,,,,,,,,,,,,,,,,,,
2109124,6e8f912d95f3784bf6daffa1a6d889c4e18075424bd0f1b1a43ea73fc95e3327f72501b255eb9814445f5da39281d9413fc2b442c96f6f76636b10c466898c68,07/18/2025 09:39:00 AM,2,DRIVER,,2010687,,TOYOTA,HIGHLANDER,IL,2007,UNKNOWN,PASSENGER,PERSONAL,N,STRAIGHT AHEAD,,,1,,,,,,,,,,Y,Y,,,,,,,REAR,,,,,,,,,,,,,,,,,,,,,,,,,,,,,,,,,
2109092,7318b76a03a36e1656c597998d0b55e8c3680b9f73af8afb36a0b30ce4fcdfc3a649b9276c5d598d51d11934beb1428f89d1b2f3f5f7f18a2f9602918d4a3909,07/18/2025 09:25:00 AM,1,DRIVER,,2010635,,FORD,OTHER (EXPLAIN IN NARRATIVE),IL,2021,OTHER,UNKNOWN/NA,UNKNOWN/NA,S,TURNING RIGHT,,,1,,,,,Y,,,,,,,,,,,Y,,FRONT-RIGHT-CORNER,,,,,,,,,,,,,,,,,,,,,,,,,,,,,,,,,
2109093,7318b76a03a36e1656c597998d0b55e8c3680b9f73af8afb36a0b30ce4fcdfc3a649b9276c5d598d51d11934beb1428f89d1b2f3f5f7f18a2f9602918d4a3909,07/18/2025 09:25:00 AM,2,DRIVER,1,2010644,,NISSAN,ROGUE,IL,2025,UNKNOWN,PASSENGER,PERSONAL,S,PASSING/OVERTAKING,,,2,,,,,,,,,,,,Y,Y,Y,,,,SIDE-LEFT,,,,,,,,,,,,,,,,,,,,,,,,,,,,,,,,,
2113679,a4be1e5d16d70670df45fd9635ac05c4c2e192ed099879028f181b9517bb4f1ae54279b75dd7a9cb5f00c470d2f441d0af26f64512d32b365f426ba58ed7da07,07/18/2025 09:20:00 AM,1,DRIVER,,2014994,,UNKNOWN,ENCLOSED BODY,,,UNKNOWN,PASSENGER,UNKNOWN/NA,W,STRAIGHT AHEAD,,,1,,,,,,,,,,,,,,,Y,Y,,FRONT-RIGHT-CORNER,,,,,,,,,,,,,,,,,,,,,,,,,,,,,,,,,
2113680,a4be1e5d16d70670df45fd9635ac05c4c2e192ed099879028f181b9517bb4f1ae54279b75dd7a9cb5f00c470d2f441d0af26f64512d32b365f426ba58ed7da07,07/18/2025 09:20:00 AM,2,BICYCLE,,,,,,,,,,,,,,,,,,,,,,,,,,,,,,,,,,,,,,,,,,,,,,,,,,,,,,,,,,,,,,,,,,
2109073,584feeaa28e6b82d289a90fb848e1e7d4707c1df1f688a355c486b4acb017645da32206e1d21f7e258e64caf3b998957fd662aea9967ce0d9e88c2648462fb1c,07/18/2025 09:10:00 AM,1,DRIVER,,2010607,,NISSAN,ROGUE,IL,2017,NONE,SPORT UTILITY VEHICLE (SUV),PERSONAL,SE,TURNING LEFT,,,1,,,,,Y,,,,,,,,,,,,,FRONT-RIGHT-CORNER,,,,,,,,,,,,,,,,,,,,,,,,,,,,,,,,,
2109074,584feeaa28e6b82d289a90fb848e1e7d4707c1df1f688a355c486b4acb017645da32206e1d21f7e258e64caf3b998957fd662aea9967ce0d9e88c2648462fb1c,07/18/2025 09:10:00 AM,2,DRIVER,,2010616,,TOYOTA,PRIUS,IL,2007,NONE,PASSENGER,PERSONAL,E,STRAIGHT AHEAD,,,1,,,,,,,,,,,,,Y,,,,,SIDE-LEFT,,,,,,,,,,,,,,,,,,,,,,,,,,,,,,,,,
2109094,bdaf17c58e2c97fb70b049c6499235a19005699aa584a9824a76e7e6eb496146b5df29046973d27a6b34374107d6239e01a173ca87ba6e44596e0fd32bb606f3,07/18/2025 09:07:00 AM,1,DRIVER,,2010642,,TRUCK EQUIPMENT & SALES COMPANY (TES),T.E.S.(TRUCK EQUIPMENT & SALES CO.,IL,2021,NONE,TRUCK - SINGLE UNIT,PERSONAL,N,STRAIGHT AHEAD,,,1,,,,,,,,,,,,,,,,,,OTHER,,,,,,,,,,,,,,,,,,,,,,,,,,,,,,,,,
2109095,bdaf17c58e2c97fb70b049c6499235a19005699aa584a9824a76e7e6eb496146b5df29046973d27a6b34374107d6239e01a173ca87ba6e44596e0fd32bb606f3,07/18/2025 09:07:00 AM,2,PARKED,,2010645,,TOYOTA,OTHER (EXPLAIN IN NARRATIVE),IL,,NONE,PASSENGER,DRIVER EDUCATION,N,PARKED,,,0,,,,,,,,,,,,,,,,Y,,FRONT,,,,,,,,,,,,,,,,,,,,,,,,,,,,,,,,,
2109165,498e81c5071d251ec9f2d764c2baedb40adb8a245836779a0ad6e28c8faf68a6b6546207439e1f28cc4863518972d8572ee95cd09b2b05f4b2747f271d736aca,07/18/2025 09:05:00 AM,1,DRIVER,,2010706,,TOYOTA,VENZA,IL,2013,NONE,PASSENGER,UNKNOWN/NA,W,STRAIGHT AHEAD,,,1,,,,,,,,,,,,,,,,,Y,FRONT,,,,,,,,,,,,,,,,,,,,,,,,,,,,,,,,,
2109166,498e81c5071d251ec9f2d764c2baedb40adb8a245836779a0ad6e28c8faf68a6b6546207439e1f28cc4863518972d8572ee95cd09b2b05f4b2747f271d736aca,07/18/2025 09:05:00 AM,2,DRIVER,1,2010709,,FORD,ESCAPE,IL,2015,NONE,PASSENGER,PERSONAL,W,SLOW/STOP IN TRAFFIC,,,2,,,,,,,,,Y,Y,Y,,,,,,,REAR,,,,,,,,,,,,,,,,,,,,,,,,,,,,,,,,,
2109155,788eeb143e562b1d1de66ab33e61126f8e1ee8c712996265f5bfb44f35c16a8944fd81014d6ff97ecdfe235166bbc2d03568a8586cb93d15d242e274560c3276,07/18/2025 09:00:00 AM,1,DRIVER,,2010734,,UNKNOWN,MOTORIZED,IL,,OTHER,UNKNOWN/NA,UNKNOWN/NA,S,BACKING,,,1,,,,,,,,,,Y,,,,,,,,REAR,,,,,,,,,,,,,,,,,,,,,,,,,,,,,,,,,
2109156,788eeb143e562b1d1de66ab33e61126f8e1ee8c712996265f5bfb44f35c16a8944fd81014d6ff97ecdfe235166bbc2d03568a8586cb93d15d242e274560c3276,07/18/2025 09:00:00 AM,2,PARKED,,2011245,,TOYOTA,RAV4,IL,2018,NONE,PASSENGER,NOT IN USE,S,PARKED,,,0,,,,,,,,,,,,,Y,,,,,SIDE-LEFT,,,,,,,,,,,,,,,,,,,,,,,,,,,,,,,,,
2129349,cf6bf0d1fbeaf52043aa597057555769cc898dd8191d782e62bd917fb0ed77c956c585edcf378b900ee83651e377a636cf04e485a2f2afd644e1e0161cc32106,07/18/2025 09:00:00 AM,1,DRIVER,,2029892,,FORD,OTHER (EXPLAIN IN NARRATIVE),IL,2018,UNKNOWN,TRUCK - SINGLE UNIT,OTHER,W,BACKING,,,1,,,,,,,,,,,,,,,N,,Y,REAR-RIGHT-CORNER,,,,,,,,,,,,,,,,,,,,,,,,,,,,,,,,,
2129350,cf6bf0d1fbeaf52043aa597057555769cc898dd8191d782e62bd917fb0ed77c956c585edcf378b900ee83651e377a636cf04e485a2f2afd644e1e0161cc32106,07/18/2025 09:00:00 AM,2,DRIVER,,2029903,,TOYOTA,4RUNNER,IL,2023,NONE,SPORT UTILITY VEHICLE (SUV),PERSONAL,N,STRAIGHT AHEAD,,,1,,,,,,,,,,,Y,Y,,,,,,SIDE-LEFT-REAR,,,,,,,,,,,,,,,,,,,,,,,,,,,,,,,,,
2109138,e01c470fc017fc451c49cd65b726b0445abd777a1b51daac356cd441cb4e304c5642e20ad99947ae508e66df9fccfdb21bd7aad7b74dab43c02dcc19e6811aa1,07/18/2025 09:00:00 AM,2,DRIVER,1,2010676,,KIA,OPTIMA / K5,IL,2024,NONE,PASSENGER,PERSONAL,W,STRAIGHT AHEAD,Y,,2,,POLICE TOW,,,Y,Y,,,,Y,Y,Y,N,Y,Y,Y,,SIDE-LEFT-REAR,,,,,,,,,,,,,,,,,,,,,,,,,,,,,,,,,
2109139,e01c470fc017fc451c49cd65b726b0445abd777a1b51daac356cd441cb4e304c5642e20ad99947ae508e66df9fccfdb21bd7aad7b74dab43c02dcc19e6811aa1,07/18/2025 09:00:00 AM,1,DRIVER,1,2010686,,JEEP,CHEROKEE,IL,2021,UNKNOWN,PASSENGER,PERSONAL,N,STRAIGHT AHEAD,,,2,,,,,Y,,,,,,,,,,Y,Y,,FRONT,,,,,,,,,,,,,,,,,,,,,,,,,,,,,,,,,
2111368,eff78077ba9ff54d1d398f27e3593e2337373bfd2bbda5af860e839bfa5b6dbcd6147681ed81e69f4ff609f025d0060c72b525a49784d9af2a463dfa98fc8865,07/18/2025 09:00:00 AM,1,DRIVER,,2012787,,FORD,FUSION,IL,2014,UNKNOWN,UNKNOWN/NA,UNKNOWN/NA,UNKNOWN,UNKNOWN/NA,,,1,,,,,,,,,,,,,,,,,Y,FRONT,,,,,,,,,,,,,,,,,,,,,,,,,,,,,,,,,
2111369,eff78077ba9ff54d1d398f27e3593e2337373bfd2bbda5af860e839bfa5b6dbcd6147681ed81e69f4ff609f025d0060c72b525a49784d9af2a463dfa98fc8865,07/18/2025 09:00:00 AM,2,DRIVER,1,2012793,,CHEVROLET,BLAZER,IL,2025,UNKNOWN,UNKNOWN/NA,UNKNOWN/NA,UNKNOWN,UNKNOWN/NA,,,2,,,,,,,,,Y,Y,Y,,,,,,,REAR,,,,,,,,,,,,,,,,,,,,,,,,,,,,,,,,,
2109077,dab9fcc610a6556b13ee7b0dd82a2abc3162ba2a3004e6b3060658eb52936c53c50efce98c99d1d350a65c3f548f064bfee3be10c12b26791f54a24f3e719cfb,07/18/2025 08:50:00 AM,1,DRIVER,2,2010625,,MAZDA,MAZDA3,IL,2010,NONE,PASSENGER,PERSONAL,E,PASSING/OVERTAKING,,,3,,,,,,,,,,,,,Y,Y,Y,,,FRONT-LEFT-CORNER,,,,,,,,,,,,,,,,,,,,,,,,,,,,,,,,,
2109078,dab9fcc610a6556b13ee7b0dd82a2abc3162ba2a3004e6b3060658eb52936c53c50efce98c99d1d350a65c3f548f064bfee3be10c12b26791f54a24f3e719cfb,07/18/2025 08:50:00 AM,2,DRIVER,1,2010632,,TOYOTA,COROLLA,IL,2005,NONE,PASSENGER,PERSONAL,E,STRAIGHT AHEAD,,,2,,,,,Y,Y,Y,Y,,,,,,,,,,FRONT-RIGHT-CORNER,,,,,,,,,,,,,,,,,,,,,,,,,,,,,,,,,
2109149,f4f179f4326fa7b752fd58120455c94ea1c44b985d6e67271d33139c8ce592b7b949fe16f72cfc76ca6433284c4f892840a729dcbdd556df8e7e3160a7e79bf7,07/18/2025 08:50:00 AM,1,DRIVER,,2010690,,CHRYSLER,OTHER (EXPLAIN IN NARRATIVE),CA,2025,UNKNOWN,PASSENGER,PERSONAL,SE,STRAIGHT AHEAD,,,1,,,,,,,,,,,,,,,,Y,,FRONT,,,,,,,,,,,,,,,,,,,,,,,,,,,,,,,,,
2109150,f4f179f4326fa7b752fd58120455c94ea1c44b985d6e67271d33139c8ce592b7b949fe16f72cfc76ca6433284c4f892840a729dcbdd556df8e7e3160a7e79bf7,07/18/2025 08:50:00 AM,2,DRIVER,1,2010692,,BMW,OTHER (EXPLAIN IN NARRATIVE),,2016,UNKNOWN,PASSENGER,PERSONAL,SE,SLOW/STOP IN TRAFFIC,,,2,,,,,,,,,,Y,,,,,,,,REAR,,,,,,,,,,,,,,,,,,,,,,,,,,,,,,,,,
2109099,9e0d80a921b5d3039212461f0e0e0ee1c26615987f647f8ef304cd3470bc01c03f833c4a68f717699741f70680d57dc6b25d93e9ea7f67d38bf449c856300e8b,07/18/2025 08:45:00 AM,1,DRIVER,,2010640,,FORD,FUSION,IL,2010,NONE,PASSENGER,PERSONAL,W,STRAIGHT AHEAD,,,1,,,,,Y,Y,,,,,,,,,,,,FRONT-RIGHT-CORNER,,,,,,,,,,,,,,,,,,,,,,,,,,,,,,,,,
2109100,9e0d80a921b5d3039212461f0e0e0ee1c26615987f647f8ef304cd3470bc01c03f833c4a68f717699741f70680d57dc6b25d93e9ea7f67d38bf449c856300e8b,07/18/2025 08:45:00 AM,2,DRIVER,,2010649,N,FORD,ECOSPORT,IL,2023,NONE,OTHER,FIRE,W,STRAIGHT AHEAD,,N,1,,,,,,,,,,,Y,Y,,,,,,REAR-LEFT-CORNER,,,,,,,,,,,,,,,,,,,,,,,,,,,,,,,,,
2109065,5a2d3b62446a5362fa2b5eae0d1fe8a8a7867931bd37bc8057fc5b1bbd4bed8154c4bcf467d4186f429a3546a3a8456cd541663a462ffa21f9b68d3430bde4dc,07/18/2025 08:35:00 AM,1,DRIVER,,2010605,,CHEVROLET,BLAZER,IL,2007,UNKNOWN,PASSENGER,PERSONAL,N,STRAIGHT AHEAD,,,1,,,,,Y,,,,,,,,,,Y,Y,,FRONT,,,,,,,,,,,,,,,,,,,,,,,,,,,,,,,,,