CRASH_UNIT_ID,CRASH_RECORD_ID,CRASH_DATE,UNIT_NO,UNIT_TYPE,NUM_PASSENGERS,VEHICLE_ID,CMRC_VEH_I,MAKE,MODEL,LIC_PLATE_STATE,VEHICLE_YEAR,VEHICLE_DEFECT,VEHICLE_TYPE,VEHICLE_USE,TRAVEL_DIRECTION,MANEUVER,TOWED_I,FIRE_I,OCCUPANT_CNT,EXCEED_SPEED_LIMIT_I,TOWED_BY,TOWED_TO,AREA_00_I,AREA_01_I,AREA_02_I,AREA_03_I,AREA_04_I,AREA_05_I,AREA_06_I,AREA_07_I,AREA_08_I,AREA_09_I,AREA_10_I,AREA_11_I,AREA_12_I,AREA_99_I,FIRST_CONTACT_POINT,CMV_ID,USDOT_NO,CCMC_NO,ILCC_NO,COMMERCIAL_SRC,GVWR,CARRIER_NAME,CARRIER_STATE,CARRIER_CITY,HAZMAT_PLACARDS_I,HAZMAT_NAME,UN_NO,HAZMAT_PRESENT_I,HAZMAT_REPORT_I,HAZMAT_REPORT_NO,MCS_REPORT_I,MCS_REPORT_NO,HAZMAT_VIO_CAUSE_CRASH_I,MCS_VIO_CAUSE_CRASH_I,IDOT_PERMIT_NO,WIDE_LOAD_I,TRAILER1_WIDTH,TRAILER2_WIDTH,TRAILER1_LENGTH,TRAILER2_LENGTH,TOTAL_VEHICLE_LENGTH,AXLE_CNT,VEHICLE_CONFIG,CARGO_BODY_TYPE,LOAD_TYPE,HAZMAT_OUT_OF_SERVICE_I,MCS_OUT_OF_SERVICE_I,HAZMAT_CLASS
2109066,5a2d3b62446a5362fa2b5eae0d1fe8a8a7867931bd37bc8057fc5b1bbd4bed8154c4bcf467d4186f429a3546a3a8456cd541663a462ffa21f9b68d3430bde4dc,07/18/2025 08:35:00 AM,2,DRIVER,1,2010612,,ACURA,RLX,IL,2019,NONE,PASSENGER,RIDESHARE SERVICE,N,STRAIGHT AHEAD,,,2,,,,,Y,,,,Y,Y,Y,,,,Y,Y,,REAR,,,,,,,,,,,,,,,,,,,,,,,,,,,,,,,,,
2109067,5a2d3b62446a5362fa2b5eae0d1fe8a8a7867931bd37bc8057fc5b1bbd4bed8154c4bcf467d4186f429a3546a3a8456cd541663a462ffa21f9b68d3430bde4dc,07/18/2025 08:35:00 AM,3,DRIVER,2,2010623,,TOYOTA,4RUNNER,IL,2005,NONE,PASSENGER,PERSONAL,N,SLOW/STOP IN TRAFFIC,,,3,,,,,,,,,Y,Y,N,,,,,,,REAR,,,,,,,,,,,,,,,,,,,,,,,,,,,,,,,,,
2109101,61e501a6b3c80d772c1331e2522ce1c486f9d73cc28afbfbff50dad862ebf31bf0d673a87606908472e83ae21e5c64dde2eabc254ad073d9f1b4949ef01fda82,07/18/2025 08:30:00 AM,1,DRIVER,,2010638,,UNKNOWN,OTHER (EXPLAIN IN NARRATIVE),,,UNKNOWN,UNKNOWN/NA,UNKNOWN/NA,UNKNOWN,UNKNOWN/NA,,,1,,,,,,,,,,,,,,,,,Y,UNKNOWN,,,,,,,,,,,,,,,,,,,,,,,,,,,,,,,,,
2109102,61e501a6b3c80d772c1331e2522ce1c486f9d73cc28afbfbff50dad862ebf31bf0d673a87606908472e83ae21e5c64dde2eabc254ad073d9f1b4949ef01fda82,07/18/2025 08:30:00 AM,2,PARKED,,2010643,,KIA,SOUL,IL,2018,NONE,SPORT UTILITY VEHICLE (SUV),UNKNOWN/NA,UNKNOWN,PARKED,,,0,,,,,,,,,,,Y,Y,Y,Y,Y,,,SIDE-LEFT,,,,,,,,,,,,,,,,,,,,,,,,,,,,,,,,,
2109054,175f1873563f92ec2defdfee512df9e2ebf02195a480923cf567efdf896ae015c17b0727812e50280d7185e93de19a49269434f40f517975cfdab78887f7df89,07/18/2025 08:20:00 AM,1,DRIVER,,2010594,,UNKNOWN,OTHER (EXPLAIN IN NARRATIVE),IL,2016,UNKNOWN,UNKNOWN/NA,UNKNOWN/NA,UNKNOWN,UNKNOWN/NA,,,1,,,,,,,,,,,,,,,,,Y,UNKNOWN,,,,,,,,,,,,,,,,,,,,,,,,,,,,,,,,,
2109055,175f1873563f92ec2defdfee512df9e2ebf02195a480923cf567efdf896ae015c17b0727812e50280d7185e93de19a49269434f40f517975cfdab78887f7df89,07/18/2025 08:20:00 AM,2,PARKED,,2010597,,FORD,OTHER (EXPLAIN IN NARRATIVE),IL,2020,NONE,OTHER,OTHER,W,PARKED,,,0,,,,,Y,,,,,,,,,,,Y,,FRONT-RIGHT-CORNER,,,,,,,,,,,,,,,,,,,,,,,,,,,,,,,,,
2109159,4c8cf04d45ba6511ffa3014b449e1e58f9e30faabca3fa4a61428b9e08e0525eefb25dcf43ed10d868eccae4c3a9ef3b585cdb4f07961c7481587010d650e7ae,07/18/2025 08:20:00 AM,1,DRIVER,,2010694,,SUBARU,OUTBACK,IL,2017,NONE,SPORT UTILITY VEHICLE (SUV),PERSONAL,E,STRAIGHT AHEAD,,,1,,,,,,,,,,Y,Y,Y,,Y,Y,Y,,SIDE-LEFT-REAR,,,,,,,,,,,,,,,,,,,,,,,,,,,,,,,,,
2109160,4c8cf04d45ba6511ffa3014b449e1e58f9e30faabca3fa4a61428b9e08e0525eefb25dcf43ed10d868eccae4c3a9ef3b585cdb4f07961c7481587010d650e7ae,07/18/2025 08:20:00 AM,2,DRIVER,1,2010699,,NISSAN,ROGUE,IL,2019,NONE,SPORT UTILITY VEHICLE (SUV),PERSONAL,S,STRAIGHT AHEAD,Y,,2,,,,,Y,,,,,,,,,,Y,Y,,FRONT,,,,,,,,,,,,,,,,,,,,,,,,,,,,,,,,,
2109161,4c8cf04d45ba6511ffa3014b449e1e58f9e30faabca3fa4a61428b9e08e0525eefb25dcf43ed10d868eccae4c3a9ef3b585cdb4f07961c7481587010d650e7ae,07/18/2025 08:20:00 AM,3,DRIVER,1,2010703,,TOYOTA,COROLLA,IL,2014,NONE,PASSENGER,PERSONAL,SE,TURNING LEFT,Y,,2,,,,,,Y,Y,Y,,,,,,,,,,SIDE-RIGHT,,,,,,,,,,,,,,,,,,,,,,,,,,,,,,,,,
2113349,31196c3ee6ecb3912f9e8d71d907432ee9ab197831bc1a862d4ff53e9328fbc6402b349c38319ff780f8edb4c3cbad5c177d7fa3f5d0e7d9c3b91a8d31e56470,07/18/2025 08:17:00 AM,1,DRIVER,,2014685,,UNKNOWN,MOTORIZED,IL,,UNKNOWN,PASSENGER,UNKNOWN/NA,W,BACKING,,,1,,,,,,,,,,,,,,,,,,UNKNOWN,,,,,,,,,,,,,,,,,,,,,,,,,,,,,,,,,
2113350,31196c3ee6ecb3912f9e8d71d907432ee9ab197831bc1a862d4ff53e9328fbc6402b349c38319ff780f8edb4c3cbad5c177d7fa3f5d0e7d9c3b91a8d31e56470,07/18/2025 08:17:00 AM,2,PARKED,,2014691,,TOYOTA,COROLLA,IL,2024,NONE,PASSENGER,CONSTRUCTION/MAINTENANCE,W,PARKED,,,0,,,,,,,,,,,,Y,Y,Y,,,,SIDE-LEFT,,,,,,,,,,,,,,,,,,,,,,,,,,,,,,,,,
2109048,2ff4474cbb4d8ed7c8e09857730b9b04d46ad2c5f0d37cea5f5fcfb2c4f3f81e14a52782d9461014e5dad9f0ed6f7354a4e819350a5ee4732bd0a046f9e838e7,07/18/2025 08:11:00 AM,1,DRIVER,,2010596,,TOYOTA,COROLLA,IL,2007,NONE,PASSENGER,PERSONAL,S,BACKING,,,1,,,,,,,,,,Y,,,,,,,Y,REAR-RIGHT-CORNER,,,,,,,,,,,,,,,,,,,,,,,,,,,,,,,,,
2109049,2ff4474cbb4d8ed7c8e09857730b9b04d46ad2c5f0d37cea5f5fcfb2c4f3f81e14a52782d9461014e5dad9f0ed6f7354a4e819350a5ee4732bd0a046f9e838e7,07/18/2025 08:11:00 AM,2,PEDESTRIAN,,,,,,,,,,,,,,,,,,,,,,,,,,,,,,,,,,,,,,,,,,,,,,,,,,,,,,,,,,,,,,,,,,
2109087,52ffdbdbb5361b0f8243040b4832537867199ba52dcd7a62fe7692dd08b6ac88f2958c3b4208d6f6ca9c63da37aaa578e281d4ff536e48ad5e50371a43a4c3fe,07/18/2025 08:10:00 AM,1,DRIVER,,2010613,,UNKNOWN,OTHER (EXPLAIN IN NARRATIVE),IL,,UNKNOWN,UNKNOWN/NA,UNKNOWN/NA,S,UNKNOWN/NA,,,1,,,,,,,,,,,,,,,,,,UNKNOWN,,,,,,,,,,,,,,,,,,,,,,,,,,,,,,,,,
2109088,52ffdbdbb5361b0f8243040b4832537867199ba52dcd7a62fe7692dd08b6ac88f2958c3b4208d6f6ca9c63da37aaa578e281d4ff536e48ad5e50371a43a4c3fe,07/18/2025 08:10:00 AM,2,PARKED,,2010619,,FORD,OTHER (EXPLAIN IN NARRATIVE),IL,2020,NONE,BUS OVER 15 PASS.,UNKNOWN/NA,S,PARKED,,,0,,,,,,,,,,,,,,Y,,,,SIDE-LEFT,,,,,,,,,,,,,,,,,,,,,,,,,,,,,,,,,
2109079,8a6973527fa0b048d44f511862cb2595bf5db819e34d74a5bdf49d2837b099d0cf1cd6d91275a949dca9172dedb81392e470bd776466d5283c45f5c48e0dec24,07/18/2025 08:10:00 AM,1,DRIVER,,2010620,,GENERAL MOTORS CORPORATION (GMC),ACADIA,IL,2012,NONE,SPORT UTILITY VEHICLE (SUV),UNKNOWN/NA,S,STRAIGHT AHEAD,,,1,,,,,,,,,,,,,,,Y,,,FRONT-LEFT-CORNER,,,,,,,,,,,,,,,,,,,,,,,,,,,,,,,,,
2109080,8a6973527fa0b048d44f511862cb2595bf5db819e34d74a5bdf49d2837b099d0cf1cd6d91275a949dca9172dedb81392e470bd776466d5283c45f5c48e0dec24,07/18/2025 08:10:00 AM,2,DRIVER,,2010629,,TOYOTA,RAV4,IL,2013,UNKNOWN,SPORT UTILITY VEHICLE (SUV),UNKNOWN/NA,W,STRAIGHT AHEAD,,,1,,,,,Y,,,,,,,,,,,,,FRONT-RIGHT-CORNER,,,,,,,,,,,,,,,,,,,,,,,,,,,,,,,,,
2109068,089148752fbc0ac4b13fe45a05e683611cdcd3053add664fb007adb8e398ae7f706489a622cb08add7669c703fd2f291c71f1dd64a0b32b0396dfe59e26fbaf8,07/18/2025 08:09:00 AM,1,DRIVER,,2010606,,JEEP,LIBERTY,,,UNKNOWN,SPORT UTILITY VEHICLE (SUV),UNKNOWN/NA,S,PASSING/OVERTAKING,,,1,,,,,Y,,,,,,,,,,,Y,,FRONT-RIGHT-CORNER,,,,,,,,,,,,,,,,,,,,,,,,,,,,,,,,,
2109069,089148752fbc0ac4b13fe45a05e683611cdcd3053add664fb007adb8e398ae7f706489a622cb08add7669c703fd2f291c71f1dd64a0b32b0396dfe59e26fbaf8,07/18/2025 08:09:00 AM,2,DRIVER,1,2010617,,CHEVROLET,EXPRESS,IL,2008,NONE,VAN/MINI-VAN,PERSONAL,S,STRAIGHT AHEAD,,,2,,,,,Y,,,,,,,,,,Y,Y,,FRONT,,,,,,,,,,,,,,,,,,,,,,,,,,,,,,,,,
2109040,b779fc6de12b07856220e454d40ea9244fa62e315b5482310d2c8ba0a73cfb9d9785794a07df28d5547d5f9e399bf1136d9d26a3553f7ccac86d6f99f709372a,07/18/2025 08:07:00 AM,1,DRIVER,1,2010583,,FORD,TRANSIT,IL,2020,NONE,BUS UP TO 15 PASS.,OTHER,N,STRAIGHT AHEAD,,,2,,,,,,,,,,,,,,,,,,OTHER,,,,,,,,,,,,,,,,,,,,,,,,,,,,,,,,,
2109041,b779fc6de12b07856220e454d40ea9244fa62e315b5482310d2c8ba0a73cfb9d9785794a07df28d5547d5f9e399bf1136d9d26a3553f7ccac86d6f99f709372a,07/18/2025 08:07:00 AM,2,DRIVER,,2010582,,UNKNOWN,MOTORIZED,XX,,UNKNOWN,PICKUP,UNKNOWN/NA,N,STRAIGHT AHEAD,,,1,,,,,,,,,,,,,,,,,,OTHER,,,,,,,,,,,,,,,,,,,,,,,,,,,,,,,,,
2109085,6a2842296a1c7322a908305709aaa1c5b6062e0da0fff0d9bb5fb6c36311ab8441bdadd165559327a7e73069ddee2c06cad984bece097f4c4a8ddaee30d0fb0f,07/18/2025 08:00:00 AM,1,DRIVER,,2010624,,TOYOTA,AVALON,IL,2000,UNKNOWN,PASSENGER,PERSONAL,W,STRAIGHT AHEAD,Y,,1,,,,,,,,,,,,,,,,,Y,FRONT-LEFT-CORNER,,,,,,,,,,,,,,,,,,,,,,,,,,,,,,,,,
2109086,6a2842296a1c7322a908305709aaa1c5b6062e0da0fff0d9bb5fb6c36311ab8441bdadd165559327a7e73069ddee2c06cad984bece097f4c4a8ddaee30d0fb0f,07/18/2025 08:00:00 AM,2,DRIVER,,2010631,,SUBARU,WRX,IL,2023,UNKNOWN,PASSENGER,PERSONAL,W,STARTING IN TRAFFIC,,,1,,,,,,,,,Y,,,,,,,,,REAR-RIGHT-CORNER,,,,,,,,,,,,,,,,,,,,,,,,,,,,,,,,,
2109945,e3a58b8ebebd15bc152ef3413612773a7cf49b7b411c9334b1fd570efd0ecfc85ff6042096ca0d6f098ca5fe5e814e24e3eee1017308374a186bd6292814417e,07/18/2025 07:53:00 AM,1,DRIVER,,2011435,,JEEP,COMPASS,,2023,NONE,SPORT UTILITY VEHICLE (SUV),PERSONAL,E,STRAIGHT AHEAD,Y,,1,,Private lot,Private Location,,Y,Y,,,,,,,,,Y,Y,Y,FRONT,,,,,,,,,,,,,,,,,,,,,,,,,,,,,,,,,
2109946,e3a58b8ebebd15bc152ef3413612773a7cf49b7b411c9334b1fd570efd0ecfc85ff6042096ca0d6f098ca5fe5e814e24e3eee1017308374a186bd6292814417e,07/18/2025 07:53:00 AM,2,DRIVER,3,2011436,,NISSAN,SENTRA,IL,2014,NONE,PASSENGER,PERSONAL,N,STRAIGHT AHEAD,N,,4,,,,,Y,,,,,,,,,,Y,Y,Y,FRONT,,,,,,,,,,,,,,,,,,,,,,,,,,,,,,,,,
2109947,e3a58b8ebebd15bc152ef3413612773a7cf49b7b411c9334b1fd570efd0ecfc85ff6042096ca0d6f098ca5fe5e814e24e3eee1017308374a186bd6292814417e,07/18/2025 07:53:00 AM,3,PARKED,,2011437,,KIA,OPTIMA / K5,IL,2018,NONE,PASSENGER,PERSONAL,E,PARKED,,,0,,,,,Y,,,,,,,,,,Y,Y,Y,FRONT,,,,,,,,,,,,,,,,,,,,,,,,,,,,,,,,,
2109948,e3a58b8ebebd15bc152ef3413612773a7cf49b7b411c9334b1fd570efd0ecfc85ff6042096ca0d6f098ca5fe5e814e24e3eee1017308374a186bd6292814417e,07/18/2025 07:53:00 AM,4,PARKED,,2011438,,BMW,OTHER (EXPLAIN IN NARRATIVE),IL,2013,NONE,PASSENGER,PERSONAL,E,PARKED,,,0,,,,,Y,,,,Y,Y,Y,,,,Y,Y,Y,REAR,,,,,,,,,,,,,,,,,,,,,,,,,,,,,,,,,
2109949,e3a58b8ebebd15bc152ef3413612773a7cf49b7b411c9334b1fd570efd0ecfc85ff6042096ca0d6f098ca5fe5e814e24e3eee1017308374a186bd6292814417e,07/18/2025 07:53:00 AM,5,PARKED,,2011439,,TOYOTA,COROLLA,IL,2021,UNKNOWN,PASSENGER,PERSONAL,E,STRAIGHT AHEAD,,,0,,,,,,,,,Y,Y,Y,,,,,,Y,REAR,,,,,,,,,,,,,,,,,,,,,,,,,,,,,,,,,
2109106,47d7f9b025e5daa31eb246719ef46ef7615248d46083e58e6b57d6058793fa2d9ab1399651a6b855395d00390264340eca619a3f7a028ea622b13a2203bdaadd,07/18/2025 07:30:00 AM,1,DRIVER,,2010655,,FORD,ESCAPE,IL,2017,NONE,SPORT UTILITY VEHICLE (SUV),PERSONAL,W,TURNING LEFT,,,1,,,,,Y,,,,,,,,,,,,,FRONT-RIGHT-CORNER,,,,,,,,,,,,,,,,,,,,,,,,,,,,,,,,,
2109107,47d7f9b025e5daa31eb246719ef46ef7615248d46083e58e6b57d6058793fa2d9ab1399651a6b855395d00390264340eca619a3f7a028ea622b13a2203bdaadd,07/18/2025 07:30:00 AM,2,DRIVERLESS,,2010668,,CHRYSLER,PACIFICA,IL,2018,NONE,VAN/MINI-VAN,PERSONAL,W,PARKED,,,0,,,,,,,,,,,Y,,,,,,,REAR-LEFT-CORNER,,,,,,,,,,,,,,,,,,,,,,,,,,,,,,,,,
2109816,16f8a3be8f4baa6992d750825ca7baa7ef01645d1c27504e776abb4d9a147fe2080791956d1d27c5a5ea408079391808235ead283982a331905d0bcaf26fc285,07/18/2025 07:15:00 AM,1,DRIVER,,2011332,,UNKNOWN,OTHER (EXPLAIN IN NARRATIVE),,,UNKNOWN,PASSENGER,UNKNOWN/NA,E,STRAIGHT AHEAD,,,1,,,,,,,,,,,,,,,,N,Y,FRONT,,,,,,,,,,,,,,,,,,,,,,,,,,,,,,,,,
2109817,16f8a3be8f4baa6992d750825ca7baa7ef01645d1c27504e776abb4d9a147fe2080791956d1d27c5a5ea408079391808235ead283982a331905d0bcaf26fc285,07/18/2025 07:15:00 AM,2,BICYCLE,,,,,,,,,,,,,,,,,,,,,,,,,,,,,,,,,,,,,,,,,,,,,,,,,,,,,,,,,,,,,,,,,,
2109685,1b10f16633e40b81a7ed96a162c427614abccb7f5849f4d812356ecf98cb6da9b9345401b6cdc4cc01afee4dbbe9f1be1a6f0a36ca999b209d39b29d31b4ad47,07/18/2025 07:00:00 AM,1,DRIVER,,2011192,,INFINITI,Q50,IL,2014,UNKNOWN,SPORT UTILITY VEHICLE (SUV),PERSONAL,W,TURNING RIGHT,,,1,,,,,,,,,,,,,,,,,,FRONT,,,,,,,,,,,,,,,,,,,,,,,,,,,,,,,,,
2109686,1b10f16633e40b81a7ed96a162c427614abccb7f5849f4d812356ecf98cb6da9b9345401b6cdc4cc01afee4dbbe9f1be1a6f0a36ca999b209d39b29d31b4ad47,07/18/2025 07:00:00 AM,2,DRIVER,,2011193,Y,TOYOTA,CAMRY,IL,2017,UNKNOWN,PASSENGER,COMMERCIAL - SINGLE UNIT,E,STRAIGHT AHEAD,Y,,1,,PERSONAL TOW,,,,,,,,,,,,,Y,,,SIDE-LEFT-FRONT,"21,845",,,,,,,,,,,,N,N,,N,,N,N,,,,,,,,,,,,N,N,
2109029,6484342b7a473e010fe718b4bdb35e8de07aa186d220f953dc2e89b4b35699170b3be7c3ecb9cddf041db5ee8992294ffccb78f60301f401649a78cb40ab5057,07/18/2025 07:00:00 AM,1,DRIVER,,2010568,,FORD,FOCUS,IL,2000,NONE,PASSENGER,PERSONAL,NW,TURNING LEFT,,,1,,,,,,,,,,,,,,,,Y,,FRONT,,,,,,,,,,,,,,,,,,,,,,,,,,,,,,,,,
2109030,6484342b7a473e010fe718b4bdb35e8de07aa186d220f953dc2e89b4b35699170b3be7c3ecb9cddf041db5ee8992294ffccb78f60301f401649a78cb40ab5057,07/18/2025 07:00:00 AM,2,DRIVER,,2010571,,NISSAN,ALTIMA,IL,2022,NONE,PASSENGER,PERSONAL,E,STRAIGHT AHEAD,,,1,,,,,,,,,,,,,Y,,,,,SIDE-LEFT,,,,,,,,,,,,,,,,,,,,,,,,,,,,,,,,,
2112632,c3ceefbc96da134b420637fe70505b7cb3ba8b7e20e3340d9ce556ad4394851012dd1086687a81dfd143b0ea4934c763d59554fcd81593d4adcad3d5b32a3463,07/18/2025 07:00:00 AM,1,DRIVER,,2013990,,UNKNOWN,MOTORIZED,IL,,UNKNOWN,UNKNOWN/NA,UNKNOWN/NA,S,BACKING,,,1,,,,,,,,,,Y,,,,,,N,,REAR,,,,,,,,,,,,,,,,,,,,,,,,,,,,,,,,,
2112633,c3ceefbc96da134b420637fe70505b7cb3ba8b7e20e3340d9ce556ad4394851012dd1086687a81dfd143b0ea4934c763d59554fcd81593d4adcad3d5b32a3463,07/18/2025 07:00:00 AM,2,PARKED,,2013991,,SUBARU,FORESTER,IL,2017,NONE,SPORT UTILITY VEHICLE (SUV),NOT IN USE,N,PARKED,,,0,,,,,,,,,,,,,,,,Y,,FRONT,,,,,,,,,,,,,,,,,,,,,,,,,,,,,,,,,
2109042,b8c63f06d999875dd25118eda8833dcd27d8c8e6b166f049e5d33fc66698e1ac62c7e434693c540d73dcc2bea046afed7e2edecb8352b5c049a5acadc0e9ff15,07/18/2025 06:58:00 AM,1,DRIVER,,2010584,,FREIGHTLINER CORPORATION,FREIGHTLINER CORP.,WI,2013,UNKNOWN,TRACTOR W/ SEMI-TRAILER,COMMERCIAL - SINGLE UNIT,W,NEGOTIATING A CURVE,,,1,,,,,,,,,,,Y,,,,,,,REAR-LEFT-CORNER,,,,,,,,,,,,,,,,,,,,,,,,,,,,,,,,,
2109043,b8c63f06d999875dd25118eda8833dcd27d8c8e6b166f049e5d33fc66698e1ac62c7e434693c540d73dcc2bea046afed7e2edecb8352b5c049a5acadc0e9ff15,07/18/2025 06:58:00 AM,2,PARKED,1,2010585,,VOLVO,OTHER (EXPLAIN IN NARRATIVE),IL,2019,UNKNOWN,TRACTOR W/ SEMI-TRAILER,NOT IN USE,N,PARKED,,,1,,,,,,,,,,,,,,,,,,FRONT,,,,,,,,,,,,,,,,,,,,,,,,,,,,,,,,,
2109035,3e7a36698362062843b8f3b27b9dd31a00a2880d169840e9ee4e936e07051bb2ef2ca06c68e37bc0bf27f8b4406421e88e88b89bea3acd49421614aafdbbc22a,07/18/2025 06:50:00 AM,1,DRIVER,,2010576,,SUBARU,IMPREZA,IL,2016,NONE,PASSENGER,PERSONAL,W,TURNING LEFT,Y,,1,,PRIVATE,UNK,,,,,,,,,,,Y,Y,Y,,FRONT-LEFT-CORNER,,,,,,,,,,,,,,,,,,,,,,,,,,,,,,,,,
2109036,3e7a36698362062843b8f3b27b9dd31a00a2880d169840e9ee4e936e07051bb2ef2ca06c68e37bc0bf27f8b4406421e88e88b89bea3acd49421614aafdbbc22a,07/18/2025 06:50:00 AM,2,DRIVER,,2010589,,CHEVROLET,C1500,IL,2015,NONE,PICKUP,PERSONAL,E,STRAIGHT AHEAD,,,1,,,,,,,,,,,,,,,Y,,,FRONT-LEFT-CORNER,,,,,,,,,,,,,,,,,,,,,,,,,,,,,,,,,
2109031,5da8591bb07ab472e1462fb77845cc346c1bb812d6087098f29077214508a9664b90c17895033303392d0a8114a36df1156760ff4f639aff1ca0c6303f610067,07/18/2025 06:35:00 AM,1,DRIVER,,2010570,,FORD,F150,,,UNKNOWN,PICKUP,PERSONAL,N,OTHER,,,1,,,,,,,,,Y,,,,,,,,,REAR-RIGHT-CORNER,,,,,,,,,,,,,,,,,,,,,,,,,,,,,,,,,
2109032,5da8591bb07ab472e1462fb77845cc346c1bb812d6087098f29077214508a9664b90c17895033303392d0a8114a36df1156760ff4f639aff1ca0c6303f610067,07/18/2025 06:35:00 AM,2,DRIVER,,2010572,,NOVA BUS,OTHER (EXPLAIN IN NARRATIVE),IL,2024,NONE,BUS OVER 15 PASS.,CTA,N,STRAIGHT AHEAD,,,1,,,,,,,,,,,,,,,Y,,,FRONT-LEFT-CORNER,,,,,,,,,,,,,,,,,,,,,,,,,,,,,,,,,
2109025,bf894ec6cf7ff0a733724362264657c439f4fb3ad5b50097921a8870bda47ec1daff89eb7006e7c412c30085a0c7a7a448171e8cbe1aaa1f75ee35423134d8d3,07/18/2025 06:03:00 AM,1,DRIVER,,2010567,,FORD,ECONOLINE E350,IL,,NONE,BUS UP TO 15 PASS.,OTHER,N,STRAIGHT AHEAD,,,1,,,,,,,,,,,Y,Y,,,,,,SIDE-LEFT-REAR,,,,,,,,,,,,,,,,,,,,,,,,,,,,,,,,,
2109026,bf894ec6cf7ff0a733724362264657c439f4fb3ad5b50097921a8870bda47ec1daff89eb7006e7c412c30085a0c7a7a448171e8cbe1aaa1f75ee35423134d8d3,07/18/2025 06:03:00 AM,2,DRIVER,,2010569,,LINCOLN,NAVIGATOR,IL,2022,NONE,PASSENGER,OTHER,N,STRAIGHT AHEAD,,,1,,,,,Y,,,,,,,,,,,,,FRONT-RIGHT-CORNER,,,,,,,,,,,,,,,,,,,,,,,,,,,,,,,,,
2109017,97db0d679816ba289df097f3607e12f604431737e0ad115926f7ce17bde07f46fa9c778304ded7e97114842e6ce388970e7127a396f7c989d930c5d48be9e8b0,07/18/2025 06:01:00 AM,1,DRIVER,,2010556,,TOYOTA,CAMRY,IL,2009,UNKNOWN,UNKNOWN/NA,PERSONAL,W,STRAIGHT AHEAD,,,1,,,,,Y,Y,,,,,,,,,Y,Y,,FRONT-RIGHT-CORNER,,,,,,,,,,,,,,,,,,,,,,,,,,,,,,,,,
2109018,97db0d679816ba289df097f3607e12f604431737e0ad115926f7ce17bde07f46fa9c778304ded7e97114842e6ce388970e7127a396f7c989d930c5d48be9e8b0,07/18/2025 06:01:00 AM,2,DRIVER,,2010558,,FORD,EXPLORER,IL,2025,UNKNOWN,UNKNOWN/NA,PERSONAL,S,TURNING RIGHT,,,1,,,,,,,,,,,,,,Y,Y,,,FRONT-LEFT-CORNER,,,,,,,,,,,,,,,,,,,,,,,,,,,,,,,,,
2109012,530e3ce51f46cabf613dffd3089c8ae1a2daa336585882a690a41511a19df1005d1746000d78fe5e14611bd43ee88b51551998803b3e00d179648f7171c9dfad,07/18/2025 05:15:00 AM,1,DRIVER,,2010553,,TOYOTA,RAV4,IL,2006,UNKNOWN,SPORT UTILITY VEHICLE (SUV),UNKNOWN/NA,S,UNKNOWN/NA,,,1,,,,,Y,Y,Y,,,,,,,,,Y,,FRONT-RIGHT-CORNER,,,,,,,,,,,,,,,,,,,,,,,,,,,,,,,,,
2109013,530e3ce51f46cabf613dffd3089c8ae1a2daa336585882a690a41511a19df1005d1746000d78fe5e14611bd43ee88b51551998803b3e00d179648f7171c9dfad,07/18/2025 05:15:00 AM,2,PARKED,,2010554,,INFINITI,Q50,IL,2004,UNKNOWN,PASSENGER,NOT IN USE,S,PARKED,Y,,0,,PRIVATE,,,,,,,,,,Y,Y,Y,Y,,,SIDE-LEFT,,,,,,,,,,,,,,,,,,,,,,,,,,,,,,,,,
2109021,9533ffbf5489b79705f5c778bf5f9b3a03302b0c87f5c149fc9958b62e20f9bb127c2223ccef7bea05051740de0402dcbc927b2f497b2be39d56167ff4355e5b,07/18/2025 05:05:00 AM,1,DRIVER,1,2010566,,JEEP,CHEROKEE,IL,2002,NONE,PASSENGER,PERSONAL,N,SKIDDING/CONTROL LOSS,Y,,2,,Street & Sanitions,Pound 7,,Y,,,,,,,,,,Y,Y,,FRONT,,,,,,,,,,,,,,,,,,,,,,,,,,,,,,,,,
2109016,316c76448e5f9df8b206f846d31db25de2906e43f19a27435a0cd3d2b66d0d8e51049e905f515bc7a92d4caaeb2101cbc5ca22328c3fa173b8003de99ebf6bde,07/18/2025 05:02:00 AM,1,DRIVER,,2010559,Y,VOLVO,TRUCK,IN,2019,UNKNOWN,TRACTOR W/ SEMI-TRAILER,OTHER,W,STRAIGHT AHEAD,,,1,,,,,,,,,,,,,,,,,,TOP,"21,844",,,,,,ALINUR EXPRESS,NC,RALEIGH,,,,N,N,,U,,N,U,,,,,,,,,TRACTOR/SEMI-TRAILER,OTHER,OTHER,N,N,
2109822,a89e3cb9c0dddc39f34b6b2f11da16987de02d73b6412332227dd2a5f5b2bbd12ff19122de8a8ede453a5000fbad62d326c6a476e92247ac2e746a2a627131c0,07/18/2025 05:00:00 AM,1,DRIVER,,2011328,,CHEVROLET,C/K 1500,IL,2019,UNKNOWN,PICKUP,UNKNOWN/NA,N,STRAIGHT AHEAD,,,1,,,,,Y,Y,Y,Y,Y,,,,,,,,,SIDE-RIGHT,,,,,,,,,,,,,,,,,,,,,,,,,,,,,,,,,