CRASH_UNIT_ID,CRASH_RECORD_ID,CRASH_DATE,UNIT_NO,UNIT_TYPE,NUM_PASSENGERS,VEHICLE_ID,CMRC_VEH_I,MAKE,MODEL,LIC_PLATE_STATE,VEHICLE_YEAR,VEHICLE_DEFECT,VEHICLE_TYPE,VEHICLE_USE,TRAVEL_DIRECTION,MANEUVER,TOWED_I,FIRE_I,OCCUPANT_CNT,EXCEED_SPEED_LIMIT_I,TOWED_BY,TOWED_TO,AREA_00_I,AREA_01_I,AREA_02_I,AREA_03_I,AREA_04_I,AREA_05_I,AREA_06_I,AREA_07_I,AREA_08_I,AREA_09_I,AREA_10_I,AREA_11_I,AREA_12_I,AREA_99_I,FIRST_CONTACT_POINT,CMV_ID,USDOT_NO,CCMC_NO,ILCC_NO,COMMERCIAL_SRC,GVWR,CARRIER_NAME,CARRIER_STATE,CARRIER_CITY,HAZMAT_PLACARDS_I,HAZMAT_NAME,UN_NO,HAZMAT_PRESENT_I,HAZMAT_REPORT_I,HAZMAT_REPORT_NO,MCS_REPORT_I,MCS_REPORT_NO,HAZMAT_VIO_CAUSE_CRASH_I,MCS_VIO_CAUSE_CRASH_I,IDOT_PERMIT_NO,WIDE_LOAD_I,TRAILER1_WIDTH,TRAILER2_WIDTH,TRAILER1_LENGTH,TRAILER2_LENGTH,TOTAL_VEHICLE_LENGTH,AXLE_CNT,VEHICLE_CONFIG,CARGO_BODY_TYPE,LOAD_TYPE,HAZMAT_OUT_OF_SERVICE_I,MCS_OUT_OF_SERVICE_I,HAZMAT_CLASS
2109823,a89e3cb9c0dddc39f34b6b2f11da16987de02d73b6412332227dd2a5f5b2bbd12ff19122de8a8ede453a5000fbad62d326c6a476e92247ac2e746a2a627131c0,07/18/2025 05:00:00 AM,2,DRIVER,,2011329,,FORD,EXPLORER,IL,2013,UNKNOWN,SPORT UTILITY VEHICLE (SUV),PERSONAL,N,STRAIGHT AHEAD,,,1,,,,,,,,,,,Y,Y,Y,Y,Y,,,SIDE-LEFT,,,,,,,,,,,,,,,,,,,,,,,,,,,,,,,,,
2110392,e0eab81a2d388b5abdcdf1117b6b066638203d1a113b1b407fae475358c6e9a5c5854af34487d5c3fabc222f0429f20a6533ce5ff07020f08c974b5b5aa731bd,07/18/2025 04:57:00 AM,2,DRIVER,,2011873,,CHEVROLET,EQUINOX,IL,2013,NONE,PASSENGER,PERSONAL,E,STRAIGHT AHEAD,Y,,1,,PRIVATE TOW,,,Y,,,,,,,,Y,Y,Y,Y,,FRONT-LEFT-CORNER,,,,,,,,,,,,,,,,,,,,,,,,,,,,,,,,,
2110393,e0eab81a2d388b5abdcdf1117b6b066638203d1a113b1b407fae475358c6e9a5c5854af34487d5c3fabc222f0429f20a6533ce5ff07020f08c974b5b5aa731bd,07/18/2025 04:57:00 AM,1,DRIVER,,2011874,,CHEVROLET,EQUINOX,IL,2019,NONE,PASSENGER,PERSONAL,W,TURNING LEFT,Y,,1,,PRIVATE TOW,,,Y,Y,Y,,,,,,N,Y,Y,Y,,FRONT-RIGHT-CORNER,,,,,,,,,,,,,,,,,,,,,,,,,,,,,,,,,
2110394,e0eab81a2d388b5abdcdf1117b6b066638203d1a113b1b407fae475358c6e9a5c5854af34487d5c3fabc222f0429f20a6533ce5ff07020f08c974b5b5aa731bd,07/18/2025 04:57:00 AM,3,PARKED,,2011875,,FORD,ESCAPE,WI,2009,NONE,PASSENGER,NOT IN USE,E,PARKED,,,0,,,,,,,,,,Y,Y,,,,,,,REAR,,,,,,,,,,,,,,,,,,,,,,,,,,,,,,,,,
2109039,695683123e418ca85de7d17ca47c06878e65f58c96c918ed0704ad51e4efb12b2bf1065e47c4305aaaa288a01803f340aa8cfff926d42f216d45473382c5057b,07/18/2025 04:50:00 AM,1,DRIVER,,2010581,,LEXUS,RX350,IL,2025,NONE,SPORT UTILITY VEHICLE (SUV),PERSONAL,S,TURNING RIGHT,Y,,1,,STATE FARM,,,Y,Y,,,,,,,,,,Y,,FRONT-RIGHT-CORNER,,,,,,,,,,,,,,,,,,,,,,,,,,,,,,,,,
2109598,651b1d8cc5f6a8caae4ed51b53191764f6cdbdd1cc7b0629e40624cd8694421b0a9ee3b67e3870d55c8ca2dac63b4315ab8006a5d57131b640f04ee0fd3ce796,07/18/2025 04:30:00 AM,1,DRIVER,,2011120,,UNKNOWN,OTHER (EXPLAIN IN NARRATIVE),,,UNKNOWN,UNKNOWN/NA,UNKNOWN/NA,N,STRAIGHT AHEAD,,,1,,,,,,,,,,,,,,,,,Y,UNKNOWN,,,,,,,,,,,,,,,,,,,,,,,,,,,,,,,,,
2109599,651b1d8cc5f6a8caae4ed51b53191764f6cdbdd1cc7b0629e40624cd8694421b0a9ee3b67e3870d55c8ca2dac63b4315ab8006a5d57131b640f04ee0fd3ce796,07/18/2025 04:30:00 AM,2,DRIVER,,2011113,,CADILLAC,SRX,IL,2012,UNKNOWN,SPORT UTILITY VEHICLE (SUV),PERSONAL,N,STRAIGHT AHEAD,Y,,1,,d89 towing,,,,,,,,,,,,,,,,TOTAL (ALL AREAS),,,,,,,,,,,,,,,,,,,,,,,,,,,,,,,,,
2109600,651b1d8cc5f6a8caae4ed51b53191764f6cdbdd1cc7b0629e40624cd8694421b0a9ee3b67e3870d55c8ca2dac63b4315ab8006a5d57131b640f04ee0fd3ce796,07/18/2025 04:30:00 AM,3,PARKED,,2011121,,CADILLAC,OTHER (EXPLAIN IN NARRATIVE),,,UNKNOWN,SPORT UTILITY VEHICLE (SUV),PERSONAL,N,PARKED,,,0,,,,,,,,,,,,,Y,Y,,,,SIDE-LEFT,,,,,,,,,,,,,,,,,,,,,,,,,,,,,,,,,
2109601,651b1d8cc5f6a8caae4ed51b53191764f6cdbdd1cc7b0629e40624cd8694421b0a9ee3b67e3870d55c8ca2dac63b4315ab8006a5d57131b640f04ee0fd3ce796,07/18/2025 04:30:00 AM,4,PARKED,,2011131,,UNKNOWN,OTHER (EXPLAIN IN NARRATIVE),,,UNKNOWN,PASSENGER,PERSONAL,N,PARKED,,,0,,,,,,Y,Y,,,,,,,,,,,SIDE-RIGHT,,,,,,,,,,,,,,,,,,,,,,,,,,,,,,,,,
2109005,815c6d4d55b63a0ba2feb133493b8d14b7d616022d9830e8bdb94ce5b4f152d8e4f44c009849295bdde1fea8ec284eadb637147aa87e8ac378c95a040a9514f8,07/18/2025 04:25:00 AM,1,DRIVER,,2010548,,UNKNOWN,MOTORIZED,,,UNKNOWN,UNKNOWN/NA,UNKNOWN/NA,N,PASSING/OVERTAKING,,,1,,,,,,,,,,,,,,,,,Y,UNKNOWN,,,,,,,,,,,,,,,,,,,,,,,,,,,,,,,,,
2109006,815c6d4d55b63a0ba2feb133493b8d14b7d616022d9830e8bdb94ce5b4f152d8e4f44c009849295bdde1fea8ec284eadb637147aa87e8ac378c95a040a9514f8,07/18/2025 04:25:00 AM,2,DRIVER,,2010555,,CADILLAC,SRX,IL,2012,UNKNOWN,PASSENGER,PERSONAL,N,STRAIGHT AHEAD,Y,,1,,D89 TOWING & RECOVERY,3300 OAK STREET HAZEL CREST IL,,Y,Y,,,,Y,Y,Y,Y,Y,Y,Y,,FRONT-RIGHT-CORNER,,,,,,,,,,,,,,,,,,,,,,,,,,,,,,,,,
2109007,815c6d4d55b63a0ba2feb133493b8d14b7d616022d9830e8bdb94ce5b4f152d8e4f44c009849295bdde1fea8ec284eadb637147aa87e8ac378c95a040a9514f8,07/18/2025 04:25:00 AM,3,PARKED,,2010557,,CADILLAC,XTS,IL,2014,NONE,PASSENGER,NOT IN USE,N,PARKED,,,0,,,,,,,,,Y,Y,Y,Y,Y,,,,,REAR,,,,,,,,,,,,,,,,,,,,,,,,,,,,,,,,,
2109008,815c6d4d55b63a0ba2feb133493b8d14b7d616022d9830e8bdb94ce5b4f152d8e4f44c009849295bdde1fea8ec284eadb637147aa87e8ac378c95a040a9514f8,07/18/2025 04:25:00 AM,4,PARKED,,2010560,,TOYOTA,CAMRY,IL,2008,UNKNOWN,PASSENGER,NOT IN USE,N,PARKED,,,0,,,,,Y,Y,Y,Y,Y,Y,Y,,,,,,,SIDE-RIGHT-REAR,,,,,,,,,,,,,,,,,,,,,,,,,,,,,,,,,
2109133,b6cbbef00f1ada211d76fc52e6b06e065e9e99c5ca7f7f3fc02a49e2bdeeca471ff81f64aedba879cc3e6f1b90a9821f8a566d48dfa5bcf2c8168f667ad47473,07/18/2025 04:12:00 AM,1,DRIVER,,2010672,,JEEP,GRAND CHEROKEE,IL,2018,UNKNOWN,PASSENGER,PERSONAL,W,STRAIGHT AHEAD,,,1,,,,,Y,,,,,,,,,,Y,Y,,FRONT,,,,,,,,,,,,,,,,,,,,,,,,,,,,,,,,,
2109145,b6cbbef00f1ada211d76fc52e6b06e065e9e99c5ca7f7f3fc02a49e2bdeeca471ff81f64aedba879cc3e6f1b90a9821f8a566d48dfa5bcf2c8168f667ad47473,07/18/2025 04:12:00 AM,2,PEDESTRIAN,,,,,,,,,,,,,,,,,,,,,,,,,,,,,,,,,,,,,,,,,,,,,,,,,,,,,,,,,,,,,,,,,,
2109001,32b5aad64b9a84a57a72e698fda9632bcc8eb581a377fda05f85ba1d5bf4a6ffc441bbc4cb2c589a0723e16bc8b0e4851cebb19813927351a8f17e0ec94f6de3,07/18/2025 03:19:00 AM,1,DRIVER,,2010545,,CHEVROLET,TRAVERSE,IL,2023,NONE,SPORT UTILITY VEHICLE (SUV),PERSONAL,E,TURNING RIGHT,Y,,1,,CITY OF CHICAGO,POUND 1,,Y,,,,,,,,,,Y,Y,,FRONT,,,,,,,,,,,,,,,,,,,,,,,,,,,,,,,,,
2108998,66eddd76f964ba6cfb87306ddf4d0ffce8dcc37a3565635ab2af4355ed24c98e8fa37c1985f541fbea1c6353fc4bc5aee7be80dd8dc0eddef4b76a77ab3f7bc2,07/18/2025 02:59:00 AM,1,DRIVER,,2010543,,GENERAL MOTORS CORPORATION (GMC),OTHER (EXPLAIN IN NARRATIVE),IL,2008,NONE,PASSENGER,PERSONAL,E,STRAIGHT AHEAD,,,1,,,,,Y,Y,Y,,,,,,,,,,,FRONT-RIGHT-CORNER,,,,,,,,,,,,,,,,,,,,,,,,,,,,,,,,,
2108999,66eddd76f964ba6cfb87306ddf4d0ffce8dcc37a3565635ab2af4355ed24c98e8fa37c1985f541fbea1c6353fc4bc5aee7be80dd8dc0eddef4b76a77ab3f7bc2,07/18/2025 02:59:00 AM,2,PARKED,,2010544,,DODGE,AVENGER,IL,2008,NONE,PASSENGER,PERSONAL,E,PARKED,,,0,,,,,,,,,,,,,Y,Y,Y,,,SIDE-LEFT,,,,,,,,,,,,,,,,,,,,,,,,,,,,,,,,,
2109905,7da3ef77aaf7505709bcb7e13a2c22f4787f55c8a028dece258b6e68abf1435bfc4537491787a1627d1c627af0eee67e51532e0f9a9e8aead052c85b2ed6f1c4,07/18/2025 02:15:00 AM,1,DRIVER,,2011414,,TOYOTA,CAMRY,,2012,UNKNOWN,PASSENGER,UNKNOWN/NA,N,STRAIGHT AHEAD,,,1,,,,,,,,,,,,,,,,,Y,FRONT,,,,,,,,,,,,,,,,,,,,,,,,,,,,,,,,,
2109906,7da3ef77aaf7505709bcb7e13a2c22f4787f55c8a028dece258b6e68abf1435bfc4537491787a1627d1c627af0eee67e51532e0f9a9e8aead052c85b2ed6f1c4,07/18/2025 02:15:00 AM,2,DRIVER,,2011422,,TOYOTA,RAV4,IL,2012,UNKNOWN,SPORT UTILITY VEHICLE (SUV),UNKNOWN/NA,W,STRAIGHT AHEAD,,,1,,,,,Y,Y,,,,,,,,Y,Y,Y,,FRONT,,,,,,,,,,,,,,,,,,,,,,,,,,,,,,,,,
2108994,1d122706c5583aec45e61f964030a683af240b57d3553dd93928620c82157773d7dfda7d6d7e0b5946f49622e70a48365ec7c38339568c45d6de1f0b1c7e18ba,07/18/2025 01:52:00 AM,1,DRIVER,,2010535,,ACURA,ADX,IL,2006,UNKNOWN,PASSENGER,PERSONAL,E,STRAIGHT AHEAD,Y,,1,,PRIVATE TOW,,,Y,,,,,,,,,Y,Y,Y,,FRONT,,,,,,,,,,,,,,,,,,,,,,,,,,,,,,,,,
2108995,1d122706c5583aec45e61f964030a683af240b57d3553dd93928620c82157773d7dfda7d6d7e0b5946f49622e70a48365ec7c38339568c45d6de1f0b1c7e18ba,07/18/2025 01:52:00 AM,2,PARKED,,2010537,,VOLKSWAGEN,TIGUAN,IL,2020,NONE,PASSENGER,PERSONAL,E,PARKED,,,0,,,,,,,,,Y,Y,,,,,,,,REAR-RIGHT-CORNER,,,,,,,,,,,,,,,,,,,,,,,,,,,,,,,,,
2113651,4b2ff16e5aecaf1a45388cca84a18e756480d302c2f7787d360a5d6944a9b5eae45f7548483fd46b494db52bd7e00122a01ba908ed1edf38ad2cb61d83d1eeb7,07/18/2025 01:10:00 AM,1,DRIVER,,2014968,,CADILLAC,XT4,IL,2019,UNKNOWN,SPORT UTILITY VEHICLE (SUV),PERSONAL,W,STRAIGHT AHEAD,Y,,1,,UNKNOWN,,,,,,,,,,,,Y,Y,Y,,FRONT-LEFT-CORNER,,,,,,,,,,,,,,,,,,,,,,,,,,,,,,,,,
2113652,4b2ff16e5aecaf1a45388cca84a18e756480d302c2f7787d360a5d6944a9b5eae45f7548483fd46b494db52bd7e00122a01ba908ed1edf38ad2cb61d83d1eeb7,07/18/2025 01:10:00 AM,2,DRIVER,,2014969,,TOYOTA,GR86,IL,2025,UNKNOWN,SPORT UTILITY VEHICLE (SUV),PERSONAL,S,STRAIGHT AHEAD,Y,,1,,UNKNOWN,,,,,,,,,Y,Y,,,,,,REAR-LEFT-CORNER,,,,,,,,,,,,,,,,,,,,,,,,,,,,,,,,,
2108979,bbe7b7e4aa78e3614412c4ccc667e9be4a83b8679259f4339ba87491af1be9e66277a4441bce3198aa9228e05daeddce3b60785748eaa347c76b98c4f2af844b,07/18/2025 01:02:00 AM,1,DRIVER,,2010517,,UNKNOWN,OTHER (EXPLAIN IN NARRATIVE),IL,,UNKNOWN,TRACTOR W/ SEMI-TRAILER,UNKNOWN/NA,W,STRAIGHT AHEAD,,,1,,,,,,,,N,N,,Y,Y,,,,,,SIDE-LEFT-REAR,,,,,,,,,,,,,,,,,,,,,,,,,,,,,,,,,
2108980,bbe7b7e4aa78e3614412c4ccc667e9be4a83b8679259f4339ba87491af1be9e66277a4441bce3198aa9228e05daeddce3b60785748eaa347c76b98c4f2af844b,07/18/2025 01:02:00 AM,2,DRIVER,,2010520,,TOYOTA,COROLLA,IL,2015,UNKNOWN,PASSENGER,PERSONAL,W,STRAIGHT AHEAD,,,1,,,,,,,,Y,Y,,,,,,,,,SIDE-RIGHT,,,,,,,,,,,,,,,,,,,,,,,,,,,,,,,,,
2108983,8c0aac1b601268be9a210444252e10935851b405d6cf6bdfe25fdce9007cb4bb1eab3fa3f26682d3085aa3c84dfb7fa47e71ff563fb9a16fa7630d2a39100c34,07/18/2025 12:50:00 AM,1,DRIVER,,2010523,,TOYOTA,PRIUS,IL,,UNKNOWN,PASSENGER,RIDESHARE SERVICE,E,U-TURN,,,1,,,,,,Y,Y,,,,,,,,,,,SIDE-RIGHT,,,,,,,,,,,,,,,,,,,,,,,,,,,,,,,,,
2108984,8c0aac1b601268be9a210444252e10935851b405d6cf6bdfe25fdce9007cb4bb1eab3fa3f26682d3085aa3c84dfb7fa47e71ff563fb9a16fa7630d2a39100c34,07/18/2025 12:50:00 AM,2,DRIVER,,2010524,,VOLKSWAGEN,CC,IL,,UNKNOWN,PASSENGER,PERSONAL,N,STRAIGHT AHEAD,,,1,,,,,Y,,,,,,,,,,,Y,,FRONT,,,,,,,,,,,,,,,,,,,,,,,,,,,,,,,,,
2108985,53d570534a9f580fa8ff7b9c32e35fbf5406d1d93a2699b67c35ffec00e1611d0659be1966d03629bfd3086ff15e72111084129c4e67d3f876adf34a65fda32f,07/18/2025 12:42:00 AM,1,DRIVER,,2010529,,DODGE,DART,IL,2016,NONE,PASSENGER,PERSONAL,E,STRAIGHT AHEAD,Y,,1,,PERSONAL TOW,,,,,,,,,,,,Y,Y,Y,,FRONT-LEFT-CORNER,,,,,,,,,,,,,,,,,,,,,,,,,,,,,,,,,
2108986,53d570534a9f580fa8ff7b9c32e35fbf5406d1d93a2699b67c35ffec00e1611d0659be1966d03629bfd3086ff15e72111084129c4e67d3f876adf34a65fda32f,07/18/2025 12:42:00 AM,2,PARKED,,2010530,,AUDI,A8,IL,2016,NONE,PASSENGER,NOT IN USE,E,PARKED,,,0,,,,,Y,Y,Y,Y,,,,,,,,,,SIDE-RIGHT,,,,,,,,,,,,,,,,,,,,,,,,,,,,,,,,,
2108987,53d570534a9f580fa8ff7b9c32e35fbf5406d1d93a2699b67c35ffec00e1611d0659be1966d03629bfd3086ff15e72111084129c4e67d3f876adf34a65fda32f,07/18/2025 12:42:00 AM,3,PARKED,,2010531,,HONDA,ODYSSEY,IL,2002,NONE,PASSENGER,NOT IN USE,E,PARKED,,,0,,,,,,,Y,Y,Y,,,,,,,,,REAR-RIGHT-CORNER,,,,,,,,,,,,,,,,,,,,,,,,,,,,,,,,,
2108988,53d570534a9f580fa8ff7b9c32e35fbf5406d1d93a2699b67c35ffec00e1611d0659be1966d03629bfd3086ff15e72111084129c4e67d3f876adf34a65fda32f,07/18/2025 12:42:00 AM,4,PARKED,,2010532,,HONDA,PASSPORT,IL,2025,NONE,SPORT UTILITY VEHICLE (SUV),PERSONAL,E,STRAIGHT AHEAD,,,0,,,,,,,,,Y,,,,,,,,,REAR-RIGHT-CORNER,,,,,,,,,,,,,,,,,,,,,,,,,,,,,,,,,
2117022,c226df5c2e2feff0a747fc6a8a78c29cf597addf71774c344686cf52f0db48e207628fcd9b8b896f6afb8f74124d5e8c7bf75a54d30f1b9d6e7b56727b3cc13c,07/18/2025 12:31:00 AM,1,DRIVER,1,2018159,,FORD,EXPLORER,IL,2021,NONE,SPORT UTILITY VEHICLE (SUV),POLICE,N,STRAIGHT AHEAD,Y,,2,,CITY OF CHICAGO,AREA 1,,Y,Y,Y,Y,Y,,,,,,,,,SIDE-RIGHT,,,,,,,,,,,,,,,,,,,,,,,,,,,,,,,,,
2117023,c226df5c2e2feff0a747fc6a8a78c29cf597addf71774c344686cf52f0db48e207628fcd9b8b896f6afb8f74124d5e8c7bf75a54d30f1b9d6e7b56727b3cc13c,07/18/2025 12:31:00 AM,2,DRIVER,1,2018160,,FORD,EXPLORER,IL,2021,NONE,PASSENGER,PERSONAL,W,STRAIGHT AHEAD,Y,N,2,,CITY OF CHICAGO,103rd and Doty Avenue,,Y,,,,,,,,,,Y,Y,,FRONT,,,,,,,,,,,,,,,,,,,,,,,,,,,,,,,,,
2117024,c226df5c2e2feff0a747fc6a8a78c29cf597addf71774c344686cf52f0db48e207628fcd9b8b896f6afb8f74124d5e8c7bf75a54d30f1b9d6e7b56727b3cc13c,07/18/2025 12:31:00 AM,3,PARKED,,2018161,,CHEVROLET,CRUZE,IL,2018,NONE,PASSENGER,PERSONAL,S,PARKED,,,0,,,,,,,,,,,,,,,Y,,,FRONT-LEFT-CORNER,,,,,,,,,,,,,,,,,,,,,,,,,,,,,,,,,
2108977,7a57048c2c34377ef92f4deeb53a30e75f7353073562408aba185592cf9459e2491969e4cef06b43e7fbfe0f22a8f6a52b225f8b617114934c36519c85cb4914,07/18/2025 12:16:00 AM,1,DRIVER,,2010519,,TOYOTA,SIENNA,IL,2006,UNKNOWN,PASSENGER,TAXI/FOR HIRE,N,UNKNOWN/NA,,,1,,,,,,,,,,,,,,,,Y,,FRONT,,,,,,,,,,,,,,,,,,,,,,,,,,,,,,,,,
2108978,7a57048c2c34377ef92f4deeb53a30e75f7353073562408aba185592cf9459e2491969e4cef06b43e7fbfe0f22a8f6a52b225f8b617114934c36519c85cb4914,07/18/2025 12:16:00 AM,2,PARKED,,2010522,,TOYOTA,CAMRY,IL,2013,NONE,PASSENGER,TAXI/FOR HIRE,E,PARKED,,,0,,,,,,,Y,,,,,,,,,,,SIDE-RIGHT-REAR,,,,,,,,,,,,,,,,,,,,,,,,,,,,,,,,,
2108972,1cd89b4daab81fec9532af5089a377bf2a5d86cbf0da02d927f91eaa792bad8f9e97f7e105068d6b5bc0122394216c27bc19438d62548ad69e5e9157e944b44b,07/18/2025 12:09:00 AM,1,DRIVER,,2010518,,JEEP,CHEROKEE,IL,2018,NONE,PASSENGER,PERSONAL,E,UNKNOWN/NA,Y,,1,,CITY OF CHICAGO,DOTY,,Y,Y,,,,,,,,Y,Y,Y,,FRONT-RIGHT-CORNER,,,,,,,,,,,,,,,,,,,,,,,,,,,,,,,,,
2108973,1cd89b4daab81fec9532af5089a377bf2a5d86cbf0da02d927f91eaa792bad8f9e97f7e105068d6b5bc0122394216c27bc19438d62548ad69e5e9157e944b44b,07/18/2025 12:09:00 AM,2,PARKED,,2010521,,JEEP,CHEROKEE,IL,2020,NONE,PASSENGER,PERSONAL,E,PARKED,,,0,,,,,,,,,Y,Y,Y,Y,Y,,,,,REAR-LEFT-CORNER,,,,,,,,,,,,,,,,,,,,,,,,,,,,,,,,,
2108974,1cd89b4daab81fec9532af5089a377bf2a5d86cbf0da02d927f91eaa792bad8f9e97f7e105068d6b5bc0122394216c27bc19438d62548ad69e5e9157e944b44b,07/18/2025 12:09:00 AM,3,PARKED,,2010525,,DODGE,RAM PROMASTER,IL,2017,NONE,PASSENGER,NOT IN USE,W,PARKED,Y,,0,,PRIVATE,,,Y,Y,,,Y,Y,Y,,,Y,Y,Y,,FRONT,,,,,,,,,,,,,,,,,,,,,,,,,,,,,,,,,
2108975,1cd89b4daab81fec9532af5089a377bf2a5d86cbf0da02d927f91eaa792bad8f9e97f7e105068d6b5bc0122394216c27bc19438d62548ad69e5e9157e944b44b,07/18/2025 12:09:00 AM,4,PARKED,,2010527,,CHEVROLET,EQUINOX,IL,2017,NONE,PASSENGER,PERSONAL,W,PARKED,,,0,,,,,Y,,,,Y,Y,Y,,,,Y,Y,,FRONT,,,,,,,,,,,,,,,,,,,,,,,,,,,,,,,,,
2108976,1cd89b4daab81fec9532af5089a377bf2a5d86cbf0da02d927f91eaa792bad8f9e97f7e105068d6b5bc0122394216c27bc19438d62548ad69e5e9157e944b44b,07/18/2025 12:09:00 AM,5,PARKED,,2010528,,MAZDA,MAZDA6,IL,2012,NONE,PASSENGER,PERSONAL,W,PARKED,,,0,,,,,Y,,,,Y,Y,,,,,Y,Y,,FRONT,,,,,,,,,,,,,,,,,,,,,,,,,,,,,,,,,
2109050,a6cfdd6c11cf0c30000288d842d6b889ae885879129880bf9e8e5f8145766e690bb17e0525d854fb1c21642cd60a1933144624d07d3db7366269366dcb746ec0,07/18/2025 12:00:00 AM,1,DRIVER,,2010590,,UNKNOWN,OTHER (EXPLAIN IN NARRATIVE),,,UNKNOWN,UNKNOWN/NA,UNKNOWN/NA,W,UNKNOWN/NA,,,1,,,,,,,,,,,,,,,,,Y,UNKNOWN,,,,,,,,,,,,,,,,,,,,,,,,,,,,,,,,,
2109051,a6cfdd6c11cf0c30000288d842d6b889ae885879129880bf9e8e5f8145766e690bb17e0525d854fb1c21642cd60a1933144624d07d3db7366269366dcb746ec0,07/18/2025 12:00:00 AM,2,PARKED,,2010592,,MAZDA,MAZDA3,IL,2016,NONE,PASSENGER,NOT IN USE,W,PARKED,,,0,,,,,,,,,,Y,Y,Y,,,,,,FRONT-LEFT-CORNER,,,,,,,,,,,,,,,,,,,,,,,,,,,,,,,,,
2108964,2c9615b06dee5dbbc1ad4bfaf17ff71f5d920b45bb30afe70cf677107ddc924b4fe9211d92acb890551fc5a702979920cb82db151f658920c26f332f858e4249,07/17/2025 11:50:00 PM,1,DRIVER,,2010511,,TOYOTA,CAMRY,IL,2016,NONE,PASSENGER,PERSONAL,N,CHANGING LANES,,,1,,,,Y,,,,,,,,,,,,,,SIDE-LEFT,,,,,,,,,,,,,,,,,,,,,,,,,,,,,,,,,
2108965,2c9615b06dee5dbbc1ad4bfaf17ff71f5d920b45bb30afe70cf677107ddc924b4fe9211d92acb890551fc5a702979920cb82db151f658920c26f332f858e4249,07/17/2025 11:50:00 PM,2,DRIVER,,2010516,,ACURA,SLX,IL,2024,NONE,PASSENGER,PERSONAL,N,STRAIGHT AHEAD,,,1,,,,,,Y,,,,,,,,,,,,SIDE-LEFT,,,,,,,,,,,,,,,,,,,,,,,,,,,,,,,,,
2108970,e4b89fec677675b90104b623f70348c5eff6ed54c1e6609c2b618e21497d52c4488a1e3e1693648634c85867c14237073ab40064137ae4e85aed51891c0d6690,07/17/2025 11:50:00 PM,1,DRIVER,,2010513,,FORD,FOCUS,IL,2007,NONE,PASSENGER,UNKNOWN/NA,N,STRAIGHT AHEAD,Y,,1,,CITY OF CHICAGO,701 N. SACRAMENTO,,Y,Y,,,,,,,,,N,Y,,SIDE-RIGHT-FRONT,,,,,,,,,,,,,,,,,,,,,,,,,,,,,,,,,
2108971,e4b89fec677675b90104b623f70348c5eff6ed54c1e6609c2b618e21497d52c4488a1e3e1693648634c85867c14237073ab40064137ae4e85aed51891c0d6690,07/17/2025 11:50:00 PM,2,DRIVER,1,2010515,,BMW,OTHER (EXPLAIN IN NARRATIVE),IL,2017,NONE,SPORT UTILITY VEHICLE (SUV),PERSONAL,N,STRAIGHT AHEAD,,,2,,,,,,,,,Y,Y,Y,,,,,,,REAR,,,,,,,,,,,,,,,,,,,,,,,,,,,,,,,,,
2108968,7bbe00b27e67fd8c1ffcb6ce43018d3b990c9835d86c4d66926ea5e9404414be3b79db2ba1f4367c99938051cc107035e39e7bdb6407ee73033cabae5a44d706,07/17/2025 11:45:00 PM,1,DRIVER,,2010510,,TOYOTA,PRIUS,IL,2015,NONE,PASSENGER,PERSONAL,W,STRAIGHT AHEAD,,,1,,,,,,,,,,,,,,,,Y,,FRONT,,,,,,,,,,,,,,,,,,,,,,,,,,,,,,,,,
2108969,7bbe00b27e67fd8c1ffcb6ce43018d3b990c9835d86c4d66926ea5e9404414be3b79db2ba1f4367c99938051cc107035e39e7bdb6407ee73033cabae5a44d706,07/17/2025 11:45:00 PM,2,DRIVER,,2010514,,FORD,FOCUS,IL,2007,NONE,PASSENGER,PERSONAL,W,DRIVING WRONG WAY,,,1,,,,,,,,,,Y,,,,,,,,REAR,,,,,,,,,,,,,,,,,,,,,,,,,,,,,,,,,
2108962,2527ad97ea1ed2ca419647d41355b732c1565cc4ef3aadb08025aff892ef24b3a477d2d5672d16592c3798ed45c0a69371a329d2f7fc98fc41baa5cc9afe0f64,07/17/2025 11:32:00 PM,1,DRIVER,,2010507,,HONDA,PILOT,IL,2012,UNKNOWN,PASSENGER,PERSONAL,S,PASSING/OVERTAKING,Y,,1,,PRIVATE TOW,,,Y,Y,,,,,,,,Y,Y,Y,,FRONT-RIGHT-CORNER,,,,,,,,,,,,,,,,,,,,,,,,,,,,,,,,,
2108963,2527ad97ea1ed2ca419647d41355b732c1565cc4ef3aadb08025aff892ef24b3a477d2d5672d16592c3798ed45c0a69371a329d2f7fc98fc41baa5cc9afe0f64,07/17/2025 11:32:00 PM,2,DRIVER,,2010512,,TOYOTA,HIGHLANDER,IL,2017,UNKNOWN,PASSENGER,PERSONAL,S,STRAIGHT AHEAD,Y,,1,,PRIVATE TOW,,N,,,,,,,Y,Y,Y,,,,,SIDE-LEFT-REAR,,,,,,,,,,,,,,,,,,,,,,,,,,,,,,,,,
2112891,32a03765bb353395644988793d093ea34a4059e3cd53eaa5655c3beb52caa848d56a98a097f7c6de63a874f39363ca0cbe6609238e2d26e988f4ac6ba9e7f082,07/17/2025 11:30:00 PM,1,DRIVER,,2014244,,UNKNOWN,MOTORIZED,,,UNKNOWN,UNKNOWN/NA,UNKNOWN/NA,N,STRAIGHT AHEAD,,,1,,,,,,,,,,,,,,,,,Y,UNKNOWN,,,,,,,,,,,,,,,,,,,,,,,,,,,,,,,,,