CRASH_UNIT_ID,CRASH_RECORD_ID,CRASH_DATE,UNIT_NO,UNIT_TYPE,NUM_PASSENGERS,VEHICLE_ID,CMRC_VEH_I,MAKE,MODEL,LIC_PLATE_STATE,VEHICLE_YEAR,VEHICLE_DEFECT,VEHICLE_TYPE,VEHICLE_USE,TRAVEL_DIRECTION,MANEUVER,TOWED_I,FIRE_I,OCCUPANT_CNT,EXCEED_SPEED_LIMIT_I,TOWED_BY,TOWED_TO,AREA_00_I,AREA_01_I,AREA_02_I,AREA_03_I,AREA_04_I,AREA_05_I,AREA_06_I,AREA_07_I,AREA_08_I,AREA_09_I,AREA_10_I,AREA_11_I,AREA_12_I,AREA_99_I,FIRST_CONTACT_POINT,CMV_ID,USDOT_NO,CCMC_NO,ILCC_NO,COMMERCIAL_SRC,GVWR,CARRIER_NAME,CARRIER_STATE,CARRIER_CITY,HAZMAT_PLACARDS_I,HAZMAT_NAME,UN_NO,HAZMAT_PRESENT_I,HAZMAT_REPORT_I,HAZMAT_REPORT_NO,MCS_REPORT_I,MCS_REPORT_NO,HAZMAT_VIO_CAUSE_CRASH_I,MCS_VIO_CAUSE_CRASH_I,IDOT_PERMIT_NO,WIDE_LOAD_I,TRAILER1_WIDTH,TRAILER2_WIDTH,TRAILER1_LENGTH,TRAILER2_LENGTH,TOTAL_VEHICLE_LENGTH,AXLE_CNT,VEHICLE_CONFIG,CARGO_BODY_TYPE,LOAD_TYPE,HAZMAT_OUT_OF_SERVICE_I,MCS_OUT_OF_SERVICE_I,HAZMAT_CLASS
2112892,32a03765bb353395644988793d093ea34a4059e3cd53eaa5655c3beb52caa848d56a98a097f7c6de63a874f39363ca0cbe6609238e2d26e988f4ac6ba9e7f082,07/17/2025 11:30:00 PM,2,DRIVER,,2014235,,ACURA,TLX,IL,2002,UNKNOWN,PASSENGER,PERSONAL,S,STRAIGHT AHEAD,,,1,,,,,Y,,,,,,,,,Y,Y,Y,,FRONT,,,,,,,,,,,,,,,,,,,,,,,,,,,,,,,,,
2109063,05f7b243f10e21f5b56d33bc6ed5a896154ca98dd6e316a805bd586ce2e0d2ef3c57a4ee212d613650a5d56dd8510d6b14ac04229eebae510f6ed96b1596e887,07/17/2025 11:25:00 PM,1,DRIVER,,2010604,,UNKNOWN,OTHER (EXPLAIN IN NARRATIVE),,,UNKNOWN,SPORT UTILITY VEHICLE (SUV),PERSONAL,SW,TURNING LEFT,,,1,,,,,Y,,,,,,,,,,Y,Y,,FRONT,,,,,,,,,,,,,,,,,,,,,,,,,,,,,,,,,
2109064,05f7b243f10e21f5b56d33bc6ed5a896154ca98dd6e316a805bd586ce2e0d2ef3c57a4ee212d613650a5d56dd8510d6b14ac04229eebae510f6ed96b1596e887,07/17/2025 11:25:00 PM,2,DRIVER,,2010611,,CHEVROLET,MALIBU,IL,2016,UNKNOWN,PASSENGER,PERSONAL,N,AVOIDING VEHICLES/OBJECTS,,,1,,,,,,Y,Y,Y,,,,,,,,,,SIDE-RIGHT,,,,,,,,,,,,,,,,,,,,,,,,,,,,,,,,,
2108960,a1368158eb8226abe6b453190daaee41caaec64938ee0455ed8cc373851fbc3244381a9f03a11ed85a052bd9584cd796e9a24a179ffe1ae14cba7150993cfd54,07/17/2025 11:20:00 PM,1,DRIVER,,2010504,,TOYOTA,COROLLA,IL,2020,NONE,PASSENGER,PERSONAL,N,CHANGING LANES,,,1,,,,,,,,,,,,,,Y,Y,Y,,FRONT-LEFT-CORNER,,,,,,,,,,,,,,,,,,,,,,,,,,,,,,,,,
2108961,a1368158eb8226abe6b453190daaee41caaec64938ee0455ed8cc373851fbc3244381a9f03a11ed85a052bd9584cd796e9a24a179ffe1ae14cba7150993cfd54,07/17/2025 11:20:00 PM,2,DRIVER,,2010506,,TOYOTA,HIGHLANDER,IL,2015,NONE,PASSENGER,PERSONAL,N,CHANGING LANES,,,1,,,,,,,,Y,Y,,,,,,,,,REAR-RIGHT-CORNER,,,,,,,,,,,,,,,,,,,,,,,,,,,,,,,,,
2113961,1bfd75c2923c7fd42c9b14609e1e3f390891cc499a57121e30381e68234f9214abd16b3b5477404b9cff701cf553817decbc843d3be9d66bdffb53d5270480c9,07/17/2025 11:18:00 PM,1,DRIVER,,2015262,,HONDA,ODYSSEY,IL,2001,UNKNOWN,VAN/MINI-VAN,PERSONAL,E,BACKING,,,1,,,,,,,,,,N,,,,,,,Y,REAR-RIGHT-CORNER,,,,,,,,,,,,,,,,,,,,,,,,,,,,,,,,,
2113962,1bfd75c2923c7fd42c9b14609e1e3f390891cc499a57121e30381e68234f9214abd16b3b5477404b9cff701cf553817decbc843d3be9d66bdffb53d5270480c9,07/17/2025 11:18:00 PM,2,DRIVER,1,2015263,,TESLA,MODEL Y,IL,2024,NONE,PASSENGER,PERSONAL,S,BACKING,,,2,,,,,,,,,,,,,Y,Y,Y,,,FRONT-LEFT-CORNER,,,,,,,,,,,,,,,,,,,,,,,,,,,,,,,,,
2108957,8e92e8cde512e8a89a9305c35a88447ecda53fec74159269d509efadacf809051399d1baae68bb34b034050e9c67f82c924f52a651b2013f4301c878300a6533,07/17/2025 11:08:00 PM,1,DRIVER,,2010502,,FORD,BRONCO / BRONCO II,IL,2024,UNKNOWN,PASSENGER,PERSONAL,N,ENTERING TRAFFIC LANE FROM PARKING,,,1,,,,,Y,,,,,,,,,Y,Y,Y,,FRONT-LEFT-CORNER,,,,,,,,,,,,,,,,,,,,,,,,,,,,,,,,,
2108958,8e92e8cde512e8a89a9305c35a88447ecda53fec74159269d509efadacf809051399d1baae68bb34b034050e9c67f82c924f52a651b2013f4301c878300a6533,07/17/2025 11:08:00 PM,2,DRIVER,,2010505,,TOYOTA,COROLLA,IL,2006,UNKNOWN,PASSENGER,PERSONAL,N,STRAIGHT AHEAD,Y,,1,,PRIVATE TOW,,,Y,Y,Y,Y,,,,,,,,,,SIDE-RIGHT,,,,,,,,,,,,,,,,,,,,,,,,,,,,,,,,,
2108954,358bd7df581119cc4cb31131e7de588e94f0c0189923cf006ed650c9021f814a82f44aef4fa904b36dbcba3f107565253670d6733ed5c9dffdcf8918ff232206,07/17/2025 11:00:00 PM,1,DRIVER,,2010499,,HONDA,CR-V,IL,2024,UNKNOWN,PASSENGER,PERSONAL,S,STRAIGHT AHEAD,,,1,,,,,,Y,,,,,,,,,,,,SIDE-RIGHT,,,,,,,,,,,,,,,,,,,,,,,,,,,,,,,,,
2108955,358bd7df581119cc4cb31131e7de588e94f0c0189923cf006ed650c9021f814a82f44aef4fa904b36dbcba3f107565253670d6733ed5c9dffdcf8918ff232206,07/17/2025 11:00:00 PM,2,PARKED,1,2010501,,MERCEDES-BENZ,GLK350,MI,2012,UNKNOWN,PASSENGER,NOT IN USE,S,PARKED,,,1,,,,,,,,,,,,,,Y,,,,SIDE-LEFT,,,,,,,,,,,,,,,,,,,,,,,,,,,,,,,,,
2109549,9973a06f9ec9fd5fdb3f367c69538762c6f6dffaca5de3ee46942f2a1fe5f18dbe9172e93f748dc283daa4361ef995b7bb02cddcda2d6ce97ca36873296f68df,07/17/2025 10:43:00 PM,1,DRIVER,,2011069,,TESLA,MODEL 3,IL,2020,OTHER,PASSENGER,PERSONAL,UNKNOWN,STRAIGHT AHEAD,,,1,,,,,,,,,,,,,,,,Y,,FRONT,,,,,,,,,,,,,,,,,,,,,,,,,,,,,,,,,
2109550,9973a06f9ec9fd5fdb3f367c69538762c6f6dffaca5de3ee46942f2a1fe5f18dbe9172e93f748dc283daa4361ef995b7bb02cddcda2d6ce97ca36873296f68df,07/17/2025 10:43:00 PM,2,DRIVER,,2011076,,TESLA,MODEL 3,IL,2019,UNKNOWN,PASSENGER,PERSONAL,UNKNOWN,STRAIGHT AHEAD,,,1,,,,,,,,,,,,,,,,,,REAR,,,,,,,,,,,,,,,,,,,,,,,,,,,,,,,,,
2109644,fe22e87050829b349b190d349ddc41a503cb393573c244baa2fd3d41b0b21c938d75e4f8d2fce6cd9725ffd5cd4b3ba4cd65c057796b9adc0f0f1f82a93f6c77,07/17/2025 10:30:00 PM,1,DRIVER,,2011165,N,UNKNOWN,OTHER (EXPLAIN IN NARRATIVE),IL,,UNKNOWN,TRACTOR W/ SEMI-TRAILER,COMMERCIAL - SINGLE UNIT,S,TURNING RIGHT,,,1,,,,,,,Y,,,,,,,,,,,SIDE-RIGHT,,,,,,,,,,,,,,,,,,,,,,,,,,,,,,,,,
2109645,fe22e87050829b349b190d349ddc41a503cb393573c244baa2fd3d41b0b21c938d75e4f8d2fce6cd9725ffd5cd4b3ba4cd65c057796b9adc0f0f1f82a93f6c77,07/17/2025 10:30:00 PM,2,PARKED,,2011170,,LEXUS,RX350,IL,2009,NONE,SPORT UTILITY VEHICLE (SUV),PERSONAL,S,PARKED,,,0,,,,,,,,,,,Y,Y,Y,,,,,REAR-LEFT-CORNER,,,,,,,,,,,,,,,,,,,,,,,,,,,,,,,,,
2108944,aaf6af16fa88dce6c937fe78e2230737e8a28b326db96a9484356c2d7822368c58b2d10157aaf108cf5f4e604b3c7b014270fbfda84ce13431b7776a44c85c93,07/17/2025 10:25:00 PM,1,DRIVER,1,2010489,,UNKNOWN,OTHER (EXPLAIN IN NARRATIVE),,,UNKNOWN,OTHER,PERSONAL,E,STRAIGHT AHEAD,,,2,,,,,,,,,,,,,,,,,,UNKNOWN,,,,,,,,,,,,,,,,,,,,,,,,,,,,,,,,,
2108945,aaf6af16fa88dce6c937fe78e2230737e8a28b326db96a9484356c2d7822368c58b2d10157aaf108cf5f4e604b3c7b014270fbfda84ce13431b7776a44c85c93,07/17/2025 10:25:00 PM,2,DRIVER,,2010493,,DODGE,JOURNEY,IL,2015,UNKNOWN,VAN/MINI-VAN,PERSONAL,S,STRAIGHT AHEAD,,,1,,,,,Y,Y,Y,,,,,,,,,Y,,SIDE-RIGHT,,,,,,,,,,,,,,,,,,,,,,,,,,,,,,,,,
2108951,6a16ec5b268e32cf445a16125487d666849ac9705feb67ea19d928eaa86b9ee2f0283decdd6eab4dc46570cec301289edbaabcafb781b6f38d4e191692c317d4,07/17/2025 10:06:00 PM,1,DRIVER,,2010497,,CHEVROLET,EQUINOX,IL,2007,UNKNOWN,SPORT UTILITY VEHICLE (SUV),PERSONAL,N,STRAIGHT AHEAD,Y,,1,,cpd,701 n sacramento,,Y,Y,,,,,,,,Y,Y,Y,,FRONT,,,,,,,,,,,,,,,,,,,,,,,,,,,,,,,,,
2108952,6a16ec5b268e32cf445a16125487d666849ac9705feb67ea19d928eaa86b9ee2f0283decdd6eab4dc46570cec301289edbaabcafb781b6f38d4e191692c317d4,07/17/2025 10:06:00 PM,2,DRIVER,,2010498,,HYUNDAI,ELANTRA,IL,2013,UNKNOWN,PASSENGER,PERSONAL,S,STRAIGHT AHEAD,Y,,1,,cpd,701 n sacramento,,Y,,,,,,,,Y,Y,Y,Y,,FRONT-LEFT-CORNER,,,,,,,,,,,,,,,,,,,,,,,,,,,,,,,,,
2108953,6a16ec5b268e32cf445a16125487d666849ac9705feb67ea19d928eaa86b9ee2f0283decdd6eab4dc46570cec301289edbaabcafb781b6f38d4e191692c317d4,07/17/2025 10:06:00 PM,3,DRIVER,,2010500,,NISSAN,MAXIMA,IL,2016,UNKNOWN,PASSENGER,PERSONAL,S,STRAIGHT AHEAD,,,1,,,,,,,,,Y,Y,Y,,,,,,,REAR-LEFT-CORNER,,,,,,,,,,,,,,,,,,,,,,,,,,,,,,,,,
2108959,30cae709c93dc64608565022f42fec13a7e9fc05933ee70b0fb12dbb74765e64f910140c0eb4db0d75eeda107544c8e95e8dede7d6e268cadedfda93f3683ded,07/17/2025 10:00:00 PM,1,DRIVER,,2010503,,CHEVROLET,OTHER (EXPLAIN IN NARRATIVE),IL,2018,UNKNOWN,PASSENGER,PERSONAL,E,STRAIGHT AHEAD,Y,,1,,CITY OF CHICAGO SS046570,701 N SACRAMENTO,,Y,,,,,,,,,,Y,Y,,FRONT,,,,,,,,,,,,,,,,,,,,,,,,,,,,,,,,,
2109134,b82514c001e6e7ceab9e440818bd5d16dbd18c867cc02687771ef282cd71d46a5ac6e902495e7a27edb375bb8a243d1e6ab94c56a5d673fd5bdd926183fc89e7,07/17/2025 10:00:00 PM,1,DRIVER,,2010670,,GENERAL MOTORS CORPORATION (GMC),YUKON,IL,2003,UNKNOWN,UNKNOWN/NA,UNKNOWN/NA,SW,STARTING IN TRAFFIC,,,1,,,,,Y,,,,,,,,,,,,,FRONT-RIGHT-CORNER,,,,,,,,,,,,,,,,,,,,,,,,,,,,,,,,,
2109135,b82514c001e6e7ceab9e440818bd5d16dbd18c867cc02687771ef282cd71d46a5ac6e902495e7a27edb375bb8a243d1e6ab94c56a5d673fd5bdd926183fc89e7,07/17/2025 10:00:00 PM,2,DRIVER,,2010675,,CHEVROLET,TRAIL BLAZER,IL,2022,UNKNOWN,PASSENGER,PERSONAL,W,STRAIGHT AHEAD,,,1,,,,,Y,Y,Y,,,,,,,,,,,SIDE-RIGHT-FRONT,,,,,,,,,,,,,,,,,,,,,,,,,,,,,,,,,
2108946,bc7df2b4ac322e6d278c286e2f733fa96ad44ce7bcc13fc55e74654c72711cbd7d4416351b74a1fa9af32a1f0e6a86119f1784634e478ad93ef8a56d415dfab7,07/17/2025 09:58:00 PM,1,DRIVER,,2010492,,HONDA,ACCORD,IL,2005,UNKNOWN,PASSENGER,UNKNOWN/NA,N,STRAIGHT AHEAD,,,1,,,,,,,,,,,,,,,,Y,,FRONT,,,,,,,,,,,,,,,,,,,,,,,,,,,,,,,,,
2108947,bc7df2b4ac322e6d278c286e2f733fa96ad44ce7bcc13fc55e74654c72711cbd7d4416351b74a1fa9af32a1f0e6a86119f1784634e478ad93ef8a56d415dfab7,07/17/2025 09:58:00 PM,2,DRIVER,2,2010494,,HYUNDAI,SONATA,IL,2022,NONE,PASSENGER,RIDESHARE SERVICE,N,SLOW/STOP IN TRAFFIC,,,3,,,,,,,,,,Y,,,,,,Y,,REAR,,,,,,,,,,,,,,,,,,,,,,,,,,,,,,,,,
2108948,bc7df2b4ac322e6d278c286e2f733fa96ad44ce7bcc13fc55e74654c72711cbd7d4416351b74a1fa9af32a1f0e6a86119f1784634e478ad93ef8a56d415dfab7,07/17/2025 09:58:00 PM,3,DRIVER,1,2010496,,HYUNDAI,SANTA FE,IL,2017,NONE,SPORT UTILITY VEHICLE (SUV),RIDESHARE SERVICE,N,SLOW/STOP IN TRAFFIC,,,2,,,,,,,,,,Y,,,,,,,,REAR,,,,,,,,,,,,,,,,,,,,,,,,,,,,,,,,,
2108932,bc216e9b8bc7cb96b3c8ccccbb22398c401d80cf0ba1d8c4a935667669c76bebb50d884fd5ba09f8d4eb4d5cde8fdd6145c090871bc014181cda7876a524bb1e,07/17/2025 09:38:00 PM,1,DRIVER,,2010478,,UNKNOWN,ENCLOSED BODY,IL,,UNKNOWN,PICKUP,UNKNOWN/NA,N,STRAIGHT AHEAD,,,1,,,,,,Y,,,,,,,,,,,,FRONT-RIGHT-CORNER,,,,,,,,,,,,,,,,,,,,,,,,,,,,,,,,,
2108933,bc216e9b8bc7cb96b3c8ccccbb22398c401d80cf0ba1d8c4a935667669c76bebb50d884fd5ba09f8d4eb4d5cde8fdd6145c090871bc014181cda7876a524bb1e,07/17/2025 09:38:00 PM,2,DRIVER,,2010484,N,NOVA BUS,LFX,IL,2015,NONE,BUS OVER 15 PASS.,OTHER,N,STRAIGHT AHEAD,,,1,,,,,,,,,,,,,,Y,,,,FRONT-LEFT-CORNER,,,,,,,,,,,,,,,,,,,,,,,,,,,,,,,,,
2109594,4987b8575dcae5be5891c97d50a83b293cd98a8f9e61b2beab670e7f72b9b4eda7d01079160172cf748c51e1e67fc925dffcfe0f15b8ce02015e9603f742779e,07/17/2025 09:30:00 PM,1,DRIVER,,2011112,,UNKNOWN,OTHER (EXPLAIN IN NARRATIVE),,,UNKNOWN,UNKNOWN/NA,UNKNOWN/NA,E,UNKNOWN/NA,,,1,,,,,,,,,,,,,,,,,Y,SIDE-LEFT,,,,,,,,,,,,,,,,,,,,,,,,,,,,,,,,,
2109595,4987b8575dcae5be5891c97d50a83b293cd98a8f9e61b2beab670e7f72b9b4eda7d01079160172cf748c51e1e67fc925dffcfe0f15b8ce02015e9603f742779e,07/17/2025 09:30:00 PM,2,PARKED,,2011109,,HONDA,CIVIC,IA,2023,NONE,PASSENGER,PERSONAL,E,PARKED,,,0,,,,,,,,,,,Y,Y,Y,Y,Y,,,SIDE-LEFT,,,,,,,,,,,,,,,,,,,,,,,,,,,,,,,,,
2108949,6ebb1e6cf3d8c90af6b56bae6599fa956d7969dfa473df4f4ff095d813902c3878d7dba157a086553a17b578a099e938f1a0fdaaa55d55b08ab7f0a13ecb2034,07/17/2025 09:30:00 PM,1,DRIVER,,2010495,,TOYOTA,RAV4,IL,2017,NONE,PASSENGER,PERSONAL,W,STRAIGHT AHEAD,,,1,,,,Y,,,,,,,,,,,,,,FRONT,,,,,,,,,,,,,,,,,,,,,,,,,,,,,,,,,
2108950,6ebb1e6cf3d8c90af6b56bae6599fa956d7969dfa473df4f4ff095d813902c3878d7dba157a086553a17b578a099e938f1a0fdaaa55d55b08ab7f0a13ecb2034,07/17/2025 09:30:00 PM,2,PEDESTRIAN,,,,,,,,,,,,,,,,,,,,,,,,,,,,,,,,,,,,,,,,,,,,,,,,,,,,,,,,,,,,,,,,,,
2109089,b67580052d3e86c76d179eb0961a45dc26a0f8953e037121418dfcfaf66d57dff73a36c79bb1dce6af6f64c89d349991ba2803b3c7b5d22bd389e23576a02ec0,07/17/2025 09:30:00 PM,1,DRIVER,,2010626,,UNKNOWN,OTHER (EXPLAIN IN NARRATIVE),,,UNKNOWN,SPORT UTILITY VEHICLE (SUV),UNKNOWN/NA,N,STRAIGHT AHEAD,,,1,,,,,Y,,,,,,,,,,Y,Y,,FRONT,,,,,,,,,,,,,,,,,,,,,,,,,,,,,,,,,
2109090,b67580052d3e86c76d179eb0961a45dc26a0f8953e037121418dfcfaf66d57dff73a36c79bb1dce6af6f64c89d349991ba2803b3c7b5d22bd389e23576a02ec0,07/17/2025 09:30:00 PM,2,DRIVER,,2010618,,CHEVROLET,SILVERADO,IL,2020,UNKNOWN,PICKUP,PERSONAL,W,STRAIGHT AHEAD,,,1,,,,,N,Y,Y,Y,,,,,,,N,N,,SIDE-RIGHT,,,,,,,,,,,,,,,,,,,,,,,,,,,,,,,,,
2108926,97bbb57299a10188edbf5c25ef30ee60a31a6c98c8b9b2879f4a18aa8e3c0d0462b7439bf59b8b45885423e976023cafab8223ff04c2924accb0e34f29ea6711,07/17/2025 09:28:00 PM,1,DRIVER,,2010471,,TOYOTA,CAMRY,IL,2022,NONE,PASSENGER,PERSONAL,S,CHANGING LANES,,,1,,,,,Y,Y,,,,,,,,,,,,FRONT-RIGHT-CORNER,,,,,,,,,,,,,,,,,,,,,,,,,,,,,,,,,
2108927,97bbb57299a10188edbf5c25ef30ee60a31a6c98c8b9b2879f4a18aa8e3c0d0462b7439bf59b8b45885423e976023cafab8223ff04c2924accb0e34f29ea6711,07/17/2025 09:28:00 PM,2,DRIVER,,2010474,,FORD,EXPEDITION,IL,2023,NONE,PASSENGER,PERSONAL,S,STRAIGHT AHEAD,,,1,,,,,,,,,,,,,N,Y,Y,,,FRONT-LEFT-CORNER,,,,,,,,,,,,,,,,,,,,,,,,,,,,,,,,,
2109331,07ad010b4337a7f094565d1947573a827b0601e637ca2ed5600c25f6fc7098eb94ffbf90b63896abcfef7510261a3b83442d9317880da92beed55be603123c64,07/17/2025 09:20:00 PM,1,DRIVER,,2010865,,NISSAN,PATHFINDER,IL,2019,UNKNOWN,PASSENGER,PERSONAL,S,STRAIGHT AHEAD,,,1,,,,,Y,,,,,,,,,,Y,Y,,FRONT,,,,,,,,,,,,,,,,,,,,,,,,,,,,,,,,,
2109332,07ad010b4337a7f094565d1947573a827b0601e637ca2ed5600c25f6fc7098eb94ffbf90b63896abcfef7510261a3b83442d9317880da92beed55be603123c64,07/17/2025 09:20:00 PM,2,DRIVER,2,2010872,,HONDA,PILOT,IL,2016,UNKNOWN,PASSENGER,PERSONAL,W,STRAIGHT AHEAD,,,3,,,,,,,,,,,,Y,Y,Y,,,,SIDE-LEFT,,,,,,,,,,,,,,,,,,,,,,,,,,,,,,,,,
2108928,a8a5cf96fa76be4d21994f8ccdce103ec203369d51c48c7c50964f84aa171f7b7f77c14fda507e51b643a3a2f4a89a216b4a0d0fcbc93be3c3dbba71436b95ff,07/17/2025 09:08:00 PM,1,DRIVER,,2010490,,HONDA,ACCORD,IN,2010,NONE,PASSENGER,PERSONAL,N,BACKING,,,1,,,,,,,,,,,,,,,,,Y,UNKNOWN,,,,,,,,,,,,,,,,,,,,,,,,,,,,,,,,,
2108929,a8a5cf96fa76be4d21994f8ccdce103ec203369d51c48c7c50964f84aa171f7b7f77c14fda507e51b643a3a2f4a89a216b4a0d0fcbc93be3c3dbba71436b95ff,07/17/2025 09:08:00 PM,2,PARKED,,2010475,,HONDA,CIVIC,IL,2025,NONE,PASSENGER,PERSONAL,E,PARKED,,,0,,,,,,,,,,,,,Y,,,,,SIDE-LEFT-FRONT,,,,,,,,,,,,,,,,,,,,,,,,,,,,,,,,,
2108934,284a87652dfe77a1469a60615e60d2c9648b35c8a1401730cc843c42de289020cf893a3180c1eaa595c8a2adbb5a31561bd8b5da652869511314b2cf45c855ac,07/17/2025 09:00:00 PM,1,BICYCLE,,,,,,,,,,,,,,,,,,,,,,,,,,,,,,,,,,,,,,,,,,,,,,,,,,,,,,,,,,,,,,,,,,
2108935,284a87652dfe77a1469a60615e60d2c9648b35c8a1401730cc843c42de289020cf893a3180c1eaa595c8a2adbb5a31561bd8b5da652869511314b2cf45c855ac,07/17/2025 09:00:00 PM,2,DRIVER,,2010479,,LEXUS,ES300,,,UNKNOWN,PASSENGER,PERSONAL,W,OTHER,,,1,,,,,,Y,Y,,,,,,,,,,,SIDE-RIGHT,,,,,,,,,,,,,,,,,,,,,,,,,,,,,,,,,
2109083,5b97d6dcffac4a8ab0bd31bb5ad8f080ea1ef9d1009acb07d3ec5b9d5832e75c053059562a7103e71e6efe9d2d246cf3167c02f5b6ba284a6aecc7d863b4df39,07/17/2025 09:00:00 PM,1,DRIVER,,2010614,,KIA,NIRO,IL,2021,UNKNOWN,PASSENGER,PERSONAL,NW,U-TURN,,,1,,,,,,,,,,,,,,Y,Y,,,FRONT-LEFT-CORNER,,,,,,,,,,,,,,,,,,,,,,,,,,,,,,,,,
2109084,5b97d6dcffac4a8ab0bd31bb5ad8f080ea1ef9d1009acb07d3ec5b9d5832e75c053059562a7103e71e6efe9d2d246cf3167c02f5b6ba284a6aecc7d863b4df39,07/17/2025 09:00:00 PM,2,DRIVER,,2010630,,AUDI,A4,IL,2018,NONE,PASSENGER,PERSONAL,NW,STRAIGHT AHEAD,,,1,,,,,Y,Y,,,,,,,,,,,,FRONT-RIGHT-CORNER,,,,,,,,,,,,,,,,,,,,,,,,,,,,,,,,,
2110704,5d20b96e2c9a041345d08b9281aa6a201fbe66f086e13253ad5996a08708df32a461ac948cca3628f55697db3ebbd91c4dc558d23b4b17edc18b054382f12ac2,07/17/2025 09:00:00 PM,1,DRIVER,,2012153,,UNKNOWN,OTHER (EXPLAIN IN NARRATIVE),IL,,UNKNOWN,UNKNOWN/NA,UNKNOWN/NA,UNKNOWN,UNKNOWN/NA,,,1,,,,,,,,,,,,,,,,,Y,UNKNOWN,,,,,,,,,,,,,,,,,,,,,,,,,,,,,,,,,
2110705,5d20b96e2c9a041345d08b9281aa6a201fbe66f086e13253ad5996a08708df32a461ac948cca3628f55697db3ebbd91c4dc558d23b4b17edc18b054382f12ac2,07/17/2025 09:00:00 PM,2,PARKED,,2012155,,MAZDA,CX-5,IL,2023,UNKNOWN,PASSENGER,PERSONAL,N,PARKED,,,0,,,,,,,,,,,Y,,,Y,,,,SIDE-LEFT-REAR,,,,,,,,,,,,,,,,,,,,,,,,,,,,,,,,,
2111259,d002f4cd5a44fb6118c27e8b0dd0649976676baf771c319400fcc03c79f993440e4c8d72a909198b2393a52d9ca4be0657c411880a4b562bc18d6f32ab5fbfb6,07/17/2025 09:00:00 PM,1,DRIVER,,2012683,,UNKNOWN,OTHER (EXPLAIN IN NARRATIVE),,,UNKNOWN,UNKNOWN/NA,UNKNOWN/NA,UNKNOWN,UNKNOWN/NA,,,1,,,,,,,,,,,,,,,,,Y,UNKNOWN,,,,,,,,,,,,,,,,,,,,,,,,,,,,,,,,,
2111260,d002f4cd5a44fb6118c27e8b0dd0649976676baf771c319400fcc03c79f993440e4c8d72a909198b2393a52d9ca4be0657c411880a4b562bc18d6f32ab5fbfb6,07/17/2025 09:00:00 PM,2,PARKED,,2012686,,DODGE,GRAND CARAVAN,IL,2015,UNKNOWN,VAN/MINI-VAN,UNKNOWN/NA,E,PARKED,,,0,,,,,Y,,,,,,,,,Y,Y,Y,,FRONT-LEFT-CORNER,,,,,,,,,,,,,,,,,,,,,,,,,,,,,,,,,
2108904,7f60a2f8626d4e69ddce4681f99e5384528bf0a31057fe2112696681909ba30efbe52422527a82046a7070f046970664afd5b0ea9449a665d4bff1e0695a5a36,07/17/2025 08:50:00 PM,1,DRIVER,,2010449,,JEEP,CHEROKEE,,,UNKNOWN,SPORT UTILITY VEHICLE (SUV),PERSONAL,S,STRAIGHT AHEAD,,,1,,,,,,,,,,,,,,,,,Y,SIDE-RIGHT,,,,,,,,,,,,,,,,,,,,,,,,,,,,,,,,,
2108905,7f60a2f8626d4e69ddce4681f99e5384528bf0a31057fe2112696681909ba30efbe52422527a82046a7070f046970664afd5b0ea9449a665d4bff1e0695a5a36,07/17/2025 08:50:00 PM,2,DRIVER,,2010453,,NOVA BUS,OTHER (EXPLAIN IN NARRATIVE),IL,2023,NONE,BUS OVER 15 PASS.,CTA,S,SLOW/STOP IN TRAFFIC,,,1,,,,,,,,,,,Y,Y,,,,,,SIDE-LEFT-REAR,,,,,,,,,,,,,,,,,,,,,,,,,,,,,,,,,
2108924,b7d9322b6adff9478591f08ce9939a785b9080cafdba928a0f16210a24b189f2b575dc803676bf1b257b676ed03cd45c898c4087b952a22a2a99ea78297c8b54,07/17/2025 08:39:00 PM,1,DRIVER,,2010473,,HONDA,HR-V,IL,2016,UNKNOWN,SPORT UTILITY VEHICLE (SUV),PERSONAL,S,UNKNOWN/NA,Y,,1,,UNK,UNK,,,,,,,,,,,,,,,FRONT,,,,,,,,,,,,,,,,,,,,,,,,,,,,,,,,,
2108925,b7d9322b6adff9478591f08ce9939a785b9080cafdba928a0f16210a24b189f2b575dc803676bf1b257b676ed03cd45c898c4087b952a22a2a99ea78297c8b54,07/17/2025 08:39:00 PM,2,DRIVER,,2010476,,NISSAN,ALTIMA,IL,2006,UNKNOWN,PASSENGER,PERSONAL,N,STRAIGHT AHEAD,Y,,1,,UNK,UNK,,,,,Y,Y,,,,,Y,Y,Y,,FRONT-LEFT-CORNER,,,,,,,,,,,,,,,,,,,,,,,,,,,,,,,,,
2108912,8e2881bce335b5e134eaa04f0912ee3578e74b73253c8ad955c9102681eba9e7c3dd48c82e90adc77225aa809980c5e5676aab08ebb2740a60f7f8ffe21dbf6f,07/17/2025 08:31:00 PM,1,DRIVER,,2010456,,UNKNOWN,ENCLOSED BODY,,,UNKNOWN,PASSENGER,PERSONAL,E,PASSING/OVERTAKING,,,1,,,,,,,,,,,,,,,,,Y,FRONT,,,,,,,,,,,,,,,,,,,,,,,,,,,,,,,,,
2108913,8e2881bce335b5e134eaa04f0912ee3578e74b73253c8ad955c9102681eba9e7c3dd48c82e90adc77225aa809980c5e5676aab08ebb2740a60f7f8ffe21dbf6f,07/17/2025 08:31:00 PM,2,BICYCLE,,,,,,,,,,,,,,,,,,,,,,,,,,,,,,,,,,,,,,,,,,,,,,,,,,,,,,,,,,,,,,,,,,