CRASH_UNIT_ID,CRASH_RECORD_ID,CRASH_DATE,UNIT_NO,UNIT_TYPE,NUM_PASSENGERS,VEHICLE_ID,CMRC_VEH_I,MAKE,MODEL,LIC_PLATE_STATE,VEHICLE_YEAR,VEHICLE_DEFECT,VEHICLE_TYPE,VEHICLE_USE,TRAVEL_DIRECTION,MANEUVER,TOWED_I,FIRE_I,OCCUPANT_CNT,EXCEED_SPEED_LIMIT_I,TOWED_BY,TOWED_TO,AREA_00_I,AREA_01_I,AREA_02_I,AREA_03_I,AREA_04_I,AREA_05_I,AREA_06_I,AREA_07_I,AREA_08_I,AREA_09_I,AREA_10_I,AREA_11_I,AREA_12_I,AREA_99_I,FIRST_CONTACT_POINT,CMV_ID,USDOT_NO,CCMC_NO,ILCC_NO,COMMERCIAL_SRC,GVWR,CARRIER_NAME,CARRIER_STATE,CARRIER_CITY,HAZMAT_PLACARDS_I,HAZMAT_NAME,UN_NO,HAZMAT_PRESENT_I,HAZMAT_REPORT_I,HAZMAT_REPORT_NO,MCS_REPORT_I,MCS_REPORT_NO,HAZMAT_VIO_CAUSE_CRASH_I,MCS_VIO_CAUSE_CRASH_I,IDOT_PERMIT_NO,WIDE_LOAD_I,TRAILER1_WIDTH,TRAILER2_WIDTH,TRAILER1_LENGTH,TRAILER2_LENGTH,TOTAL_VEHICLE_LENGTH,AXLE_CNT,VEHICLE_CONFIG,CARGO_BODY_TYPE,LOAD_TYPE,HAZMAT_OUT_OF_SERVICE_I,MCS_OUT_OF_SERVICE_I,HAZMAT_CLASS
2108936,c0bdae2510fef983e63e1f9f65b5286fc22658733bb5338f2f3c02d0c13ad37b89869d4c627d54a28e616c5f4d51d3a2fd9e33e1bf5bd44ed9e8a9c2ba8f04e3,07/17/2025 08:30:00 PM,1,DRIVER,,2010481,,UNKNOWN,OTHER (EXPLAIN IN NARRATIVE),IL,,UNKNOWN,OTHER,UNKNOWN/NA,S,STRAIGHT AHEAD,,,1,,,,,,,,,,,,,,,,,,FRONT,,,,,,,,,,,,,,,,,,,,,,,,,,,,,,,,,
2108937,c0bdae2510fef983e63e1f9f65b5286fc22658733bb5338f2f3c02d0c13ad37b89869d4c627d54a28e616c5f4d51d3a2fd9e33e1bf5bd44ed9e8a9c2ba8f04e3,07/17/2025 08:30:00 PM,2,DRIVER,,2010482,,TOYOTA,RAV4,IL,2019,UNKNOWN,PASSENGER,UNKNOWN/NA,S,SLOW/STOP IN TRAFFIC,,,1,,,,,,,,,Y,Y,Y,,,,,,,REAR,,,,,,,,,,,,,,,,,,,,,,,,,,,,,,,,,
2108878,b553e90a9415c35c5fdcd173e517ba9b5dbe50ede3009ef5f19e4744d057d6b20f233816b0e84d8f67398714fece08de8cfb5d2422057a08f46b02868b26b0c4,07/17/2025 08:10:00 PM,1,DRIVER,,2010422,,CHEVROLET,OTHER (EXPLAIN IN NARRATIVE),IL,2002,UNKNOWN,SPORT UTILITY VEHICLE (SUV),UNKNOWN/NA,W,STRAIGHT AHEAD,,,1,,,,,,,,,,,,,,,,,Y,FRONT,,,,,,,,,,,,,,,,,,,,,,,,,,,,,,,,,
2108879,b553e90a9415c35c5fdcd173e517ba9b5dbe50ede3009ef5f19e4744d057d6b20f233816b0e84d8f67398714fece08de8cfb5d2422057a08f46b02868b26b0c4,07/17/2025 08:10:00 PM,2,DRIVER,,2010432,,TOYOTA,TUNDRA,IL,2018,UNKNOWN,PICKUP,OTHER,W,SLOW/STOP IN TRAFFIC,,,1,,,,,,,,,,Y,,,,,,,,REAR,,,,,,,,,,,,,,,,,,,,,,,,,,,,,,,,,
2108906,83d5905e90ead9a918338891edf850aabb8556d05616183cabec1e175797906a52ebf991e514842cda11730da188ac98b9ff319d608bb383fd666237fcacf7f6,07/17/2025 08:02:00 PM,1,DRIVER,1,2010452,,NISSAN,SENTRA,IL,2012,UNKNOWN,PASSENGER,PERSONAL,N,STRAIGHT AHEAD,,,2,,,,,,,,,,,,,,,,Y,,FRONT,,,,,,,,,,,,,,,,,,,,,,,,,,,,,,,,,
2108907,83d5905e90ead9a918338891edf850aabb8556d05616183cabec1e175797906a52ebf991e514842cda11730da188ac98b9ff319d608bb383fd666237fcacf7f6,07/17/2025 08:02:00 PM,2,DRIVER,2,2010458,,HONDA,ACCORD,IL,2012,NONE,PASSENGER,OTHER,N,SLOW/STOP IN TRAFFIC,,,3,,,,,,,,,,Y,,,,,,,,REAR,,,,,,,,,,,,,,,,,,,,,,,,,,,,,,,,,
2108886,3375f9e5c5f91b6e8f71050c6f9e83c1e6ec1aa59a1ec775e739769097faa23587b9f56ec2a70cf7b3eb577d02d35f53f3bc704c947f4314f2e01c6624b55540,07/17/2025 07:54:00 PM,1,BICYCLE,,,,,,,,,,,,,,,,,,,,,,,,,,,,,,,,,,,,,,,,,,,,,,,,,,,,,,,,,,,,,,,,,,
2108887,3375f9e5c5f91b6e8f71050c6f9e83c1e6ec1aa59a1ec775e739769097faa23587b9f56ec2a70cf7b3eb577d02d35f53f3bc704c947f4314f2e01c6624b55540,07/17/2025 07:54:00 PM,2,DRIVER,,2010435,,TOYOTA,COROLLA,IL,2025,UNKNOWN,PASSENGER,PERSONAL,N,SLOW/STOP IN TRAFFIC,,,1,,,,,,,,,,Y,,,,,,,,REAR,,,,,,,,,,,,,,,,,,,,,,,,,,,,,,,,,
2108896,49041e13c00109eac1124b81a8c81b5ed153bdf1265d0c7c4269e5397f01e077ad0b7cfa7a43bbb3255c5dac23b9f804147118d9f9b2472fe4fd006a21919fba,07/17/2025 07:50:00 PM,1,DRIVER,,2010446,,JEEP,RENEGADE,IL,2021,UNKNOWN,SPORT UTILITY VEHICLE (SUV),UNKNOWN/NA,N,STRAIGHT AHEAD,,,1,,,,,,,,,,,,,,Y,Y,Y,,FRONT-LEFT-CORNER,,,,,,,,,,,,,,,,,,,,,,,,,,,,,,,,,
2108897,49041e13c00109eac1124b81a8c81b5ed153bdf1265d0c7c4269e5397f01e077ad0b7cfa7a43bbb3255c5dac23b9f804147118d9f9b2472fe4fd006a21919fba,07/17/2025 07:50:00 PM,2,DRIVER,1,2010454,,TOYOTA,RAV4,IL,2022,UNKNOWN,SPORT UTILITY VEHICLE (SUV),UNKNOWN/NA,N,STRAIGHT AHEAD,,,2,,,,,,,Y,Y,Y,,,,,,,,,SIDE-RIGHT-REAR,,,,,,,,,,,,,,,,,,,,,,,,,,,,,,,,,
2108914,59e6d88a0c14efafb187986d61f6beab31ab364db1241a517b16c9c71292f3c6c06fcf942ed872899c324e7f0da5657191f43becb71e016c0f3b3ec0a50bcbd3,07/17/2025 07:50:00 PM,1,DRIVER,1,2010461,,JEEP,GRAND CHEROKEE,IL,2025,NONE,SPORT UTILITY VEHICLE (SUV),NOT IN USE,W,STRAIGHT AHEAD,,,2,,,,,,,,,,,,,,Y,,,,SIDE-LEFT,,,,,,,,,,,,,,,,,,,,,,,,,,,,,,,,,
2108915,59e6d88a0c14efafb187986d61f6beab31ab364db1241a517b16c9c71292f3c6c06fcf942ed872899c324e7f0da5657191f43becb71e016c0f3b3ec0a50bcbd3,07/17/2025 07:50:00 PM,2,DRIVER,,2010467,,UNKNOWN,OTHER (EXPLAIN IN NARRATIVE),IL,2012,NONE,MOPED OR MOTORIZED BICYCLE,PERSONAL,E,PASSING/OVERTAKING,,,1,,,,,N,,,,,,,,,,Y,,,FRONT-LEFT-CORNER,,,,,,,,,,,,,,,,,,,,,,,,,,,,,,,,,
2108910,fe3bbd10cda9e059878fee9e0dd2e9541fd13f30b0f9d252bbead5da5448212fcbfcb50c784befe875997de13611c6e5af359ed62d445fa4265faa4419d7eb38,07/17/2025 07:46:00 PM,1,DRIVER,1,2010450,,FORD,FLEX,IL,2013,UNKNOWN,PASSENGER,UNKNOWN/NA,E,UNKNOWN/NA,Y,,2,,CHICAGO,POUND,,Y,Y,,,,,,,,,,,,FRONT-LEFT-CORNER,,,,,,,,,,,,,,,,,,,,,,,,,,,,,,,,,
2108911,fe3bbd10cda9e059878fee9e0dd2e9541fd13f30b0f9d252bbead5da5448212fcbfcb50c784befe875997de13611c6e5af359ed62d445fa4265faa4419d7eb38,07/17/2025 07:46:00 PM,2,PARKED,,2010455,,TOYOTA,HIGHLANDER,IL,2022,UNKNOWN,SPORT UTILITY VEHICLE (SUV),PERSONAL,E,PARKED,,,0,,,,,,,,,,,,Y,Y,Y,Y,,,SIDE-LEFT,,,,,,,,,,,,,,,,,,,,,,,,,,,,,,,,,
2108900,9486a9f70dbcea4b0ff003b789faf499671beb76fc60b48d38f7fe89528db79bbeb6eb6880de33fd50e7f1eabd03b3a0631dd0827a5d4e9799794a4f6a687362,07/17/2025 07:42:00 PM,1,DRIVER,,2010448,,MERCEDES-BENZ,GLE,IL,2016,UNKNOWN,SPORT UTILITY VEHICLE (SUV),PERSONAL,E,SLOW/STOP IN TRAFFIC,,,1,,,,,,,,,,,,,,,,Y,,FRONT,,,,,,,,,,,,,,,,,,,,,,,,,,,,,,,,,
2108901,9486a9f70dbcea4b0ff003b789faf499671beb76fc60b48d38f7fe89528db79bbeb6eb6880de33fd50e7f1eabd03b3a0631dd0827a5d4e9799794a4f6a687362,07/17/2025 07:42:00 PM,2,BICYCLE,,,,,,,,,,,,,,,,,,,,,,,,,,,,,,,,,,,,,,,,,,,,,,,,,,,,,,,,,,,,,,,,,,
2108876,b36346106c9a2293637f56966fc2ede8aa855f7877c04f449db13ce11c157c310affc03ce6d5cf4b919b973e75adf9865a000451897aa4cdea7b99f076ddd54a,07/17/2025 07:40:00 PM,1,DRIVER,,2010425,,FORD,F150,IL,2011,UNKNOWN,PICKUP,PERSONAL,S,PASSING/OVERTAKING,,,1,,,,,Y,,,,,,,,,,,,,FRONT-RIGHT-CORNER,,,,,,,,,,,,,,,,,,,,,,,,,,,,,,,,,
2108877,b36346106c9a2293637f56966fc2ede8aa855f7877c04f449db13ce11c157c310affc03ce6d5cf4b919b973e75adf9865a000451897aa4cdea7b99f076ddd54a,07/17/2025 07:40:00 PM,2,DRIVER,,2010436,,JAGUAR,F-PACE,IL,2019,UNKNOWN,SPORT UTILITY VEHICLE (SUV),PERSONAL,S,TURNING RIGHT,,,1,,,,,,,,,,,Y,,,,,,,REAR-LEFT-CORNER,,,,,,,,,,,,,,,,,,,,,,,,,,,,,,,,,
2108860,9b158985163407f6d428d02159264fc8c568ae7a19366bfc7bc860da2609a79e8686cf2dd81fc44c01a26f4de905281fd09dea5ebc9d67e4be49a4a9afd70856,07/17/2025 07:35:00 PM,1,DRIVER,,2010431,,UNKNOWN,OTHER (EXPLAIN IN NARRATIVE),IL,,UNKNOWN,PASSENGER,UNKNOWN/NA,UNKNOWN,BACKING,,,1,,,,,,,,,,Y,Y,,,,N,,,REAR-LEFT-CORNER,,,,,,,,,,,,,,,,,,,,,,,,,,,,,,,,,
2108861,9b158985163407f6d428d02159264fc8c568ae7a19366bfc7bc860da2609a79e8686cf2dd81fc44c01a26f4de905281fd09dea5ebc9d67e4be49a4a9afd70856,07/17/2025 07:35:00 PM,2,DRIVER,,2010413,Y,CHEVROLET,COLORADO,IL,2023,NONE,PASSENGER,COMMERCIAL - SINGLE UNIT,UNKNOWN,STRAIGHT AHEAD,,,1,,,,,,,,,,Y,Y,,,,,,,REAR-LEFT-CORNER,,,,,,,,,,,,,,,,,,,,,,,,,,,,,,,,,
2108872,4c22f9c11ac4cd99e76f1b7b1163c63b7c7aaa903a77f1e463344fbd93ba4150df085a9e6b1bfff3d26b606044ee371bb5c787bb99d2d3aa7cb322756f09dbfc,07/17/2025 07:30:00 PM,1,DRIVER,1,2010419,,TOYOTA,CAMRY,IL,2014,UNKNOWN,PASSENGER,RIDESHARE SERVICE,S,OTHER,,,2,,,,,,,,,,,,Y,,,,,,SIDE-LEFT,,,,,,,,,,,,,,,,,,,,,,,,,,,,,,,,,
2108873,4c22f9c11ac4cd99e76f1b7b1163c63b7c7aaa903a77f1e463344fbd93ba4150df085a9e6b1bfff3d26b606044ee371bb5c787bb99d2d3aa7cb322756f09dbfc,07/17/2025 07:30:00 PM,2,DRIVER,1,2010423,,GENERAL MOTORS CORPORATION (GMC),ENVOY,IL,2008,UNKNOWN,PASSENGER,PERSONAL,S,STRAIGHT AHEAD,,,2,,,,,,,Y,Y,,,,,,,,,,SIDE-RIGHT,,,,,,,,,,,,,,,,,,,,,,,,,,,,,,,,,
2108930,8fc0d87c0043e127145de54eccb2f5565af2bde34479ff25628572a2171b88ab3227240be7f7014e0a4fb90fa4bd9abaab98c8330a83a1a353b3db153f9a8909,07/17/2025 07:30:00 PM,1,DRIVER,1,2010477,,FORD,MUSTANG,IL,2005,NONE,PASSENGER,PERSONAL,N,TURNING LEFT,,,2,,,,,Y,,,,,,,,,,,,,FRONT-RIGHT-CORNER,,,,,,,,,,,,,,,,,,,,,,,,,,,,,,,,,
2108931,8fc0d87c0043e127145de54eccb2f5565af2bde34479ff25628572a2171b88ab3227240be7f7014e0a4fb90fa4bd9abaab98c8330a83a1a353b3db153f9a8909,07/17/2025 07:30:00 PM,2,PARKED,,2010480,,TOYOTA,OTHER (EXPLAIN IN NARRATIVE),IL,,NONE,PASSENGER,PERSONAL,N,PARKED,,,0,,,,,,,,,,,N,,,N,N,,,REAR-LEFT-CORNER,,,,,,,,,,,,,,,,,,,,,,,,,,,,,,,,,
2108858,0825a5c932e49fc49d3a9a7f63aeaab0016073ae563c86fb6dec72d750fef2033414160dfbec83398f9b165d473e5ddb59b6aa94c3a91be4f35392a5737c66be,07/17/2025 07:17:00 PM,1,DRIVER,,2010404,,UNKNOWN,OTHER (EXPLAIN IN NARRATIVE),IL,,UNKNOWN,UNKNOWN/NA,UNKNOWN/NA,W,TURNING LEFT,,,1,,,,,,,,,,,,,,,,,Y,UNKNOWN,,,,,,,,,,,,,,,,,,,,,,,,,,,,,,,,,
2108859,0825a5c932e49fc49d3a9a7f63aeaab0016073ae563c86fb6dec72d750fef2033414160dfbec83398f9b165d473e5ddb59b6aa94c3a91be4f35392a5737c66be,07/17/2025 07:17:00 PM,2,DRIVER,,2010410,,MAZDA,CX-5,IL,2016,UNKNOWN,PASSENGER,PERSONAL,E,STRAIGHT AHEAD,,,1,,,,,,,,,,,Y,Y,Y,Y,Y,,,SIDE-LEFT,,,,,,,,,,,,,,,,,,,,,,,,,,,,,,,,,
2113018,676c41485747bf33ee3aa3d63146a19f4d8170d1de699b5ad066df996d25911b0a0289db41bd5040dc25099b62bc800815d9527ff32b2cb29e048c54f20401fd,07/17/2025 07:15:00 PM,1,DRIVER,,2014361,,HYUNDAI,ELANTRA,IL,2020,NONE,PASSENGER,PERSONAL,N,STRAIGHT AHEAD,Y,,1,,,,,,,,,,,,,Y,Y,Y,Y,,SIDE-LEFT-FRONT,,,,,,,,,,,,,,,,,,,,,,,,,,,,,,,,,
2113019,676c41485747bf33ee3aa3d63146a19f4d8170d1de699b5ad066df996d25911b0a0289db41bd5040dc25099b62bc800815d9527ff32b2cb29e048c54f20401fd,07/17/2025 07:15:00 PM,2,PARKED,,2014365,,NISSAN,PATHFINDER,IL,,NONE,PASSENGER,NOT IN USE,N,PARKED,,,0,,,,,Y,Y,Y,Y,,,,,,,,,,SIDE-RIGHT,,,,,,,,,,,,,,,,,,,,,,,,,,,,,,,,,
2109118,700f040e61d87de9b5ca742686b9b3d4118cd8863a3f2e5ae2b8bb2f60200bafcae8fdab809236e2f2c6c95ab89d3fe73d97c8f11a8e9f89cc3c8735ce74591d,07/17/2025 07:15:00 PM,1,DRIVER,,2010657,,HYUNDAI,SANTA FE,IL,2012,NONE,SPORT UTILITY VEHICLE (SUV),PERSONAL,N,CHANGING LANES,,,1,,,,,,,,,,,,,,,,,Y,SIDE-RIGHT-FRONT,,,,,,,,,,,,,,,,,,,,,,,,,,,,,,,,,
2109119,700f040e61d87de9b5ca742686b9b3d4118cd8863a3f2e5ae2b8bb2f60200bafcae8fdab809236e2f2c6c95ab89d3fe73d97c8f11a8e9f89cc3c8735ce74591d,07/17/2025 07:15:00 PM,2,DRIVER,,2010660,,TOYOTA,COROLLA,IL,2017,NONE,PASSENGER,PERSONAL,N,STRAIGHT AHEAD,,,1,,,,,,,,,,,,Y,Y,Y,,,,SIDE-LEFT,,,,,,,,,,,,,,,,,,,,,,,,,,,,,,,,,
2108826,d4548e9848911c26518994b4b2f658d81958529f4481d195b6cc04d86bf9076c02ef3ccce5a588d737d360796dc18b720f64096f3f70c8ce3ebc7c38fd95d368,07/17/2025 07:10:00 PM,1,DRIVER,,2010380,,LINCOLN,MKX,IL,2016,NONE,PASSENGER,PERSONAL,N,STRAIGHT AHEAD,,,1,,,,,Y,Y,,,,,,,,,,,,FRONT-RIGHT-CORNER,,,,,,,,,,,,,,,,,,,,,,,,,,,,,,,,,
2108827,d4548e9848911c26518994b4b2f658d81958529f4481d195b6cc04d86bf9076c02ef3ccce5a588d737d360796dc18b720f64096f3f70c8ce3ebc7c38fd95d368,07/17/2025 07:10:00 PM,2,DRIVER,1,2010386,,TOYOTA,PRIUS,IL,2007,NONE,PASSENGER,PERSONAL,N,STRAIGHT AHEAD,,,2,,,,,,,,,,,,,,Y,Y,,,FRONT-LEFT-CORNER,,,,,,,,,,,,,,,,,,,,,,,,,,,,,,,,,
2108874,f2d100f5a41eb571a41dba76ac3defde3ccdc11dfc159ef51942714df4ad48ec81f96365379b6205adeb0a1ad33ae95fb1df46a460db1e4bed051817078a324c,07/17/2025 07:07:00 PM,1,DRIVER,,2010420,,VOLKSWAGEN,TIGUAN,IL,2019,UNKNOWN,PASSENGER,PERSONAL,W,TURNING LEFT,Y,,1,,private,unknown,,Y,Y,,,,,,,,,N,Y,,FRONT-RIGHT-CORNER,,,,,,,,,,,,,,,,,,,,,,,,,,,,,,,,,
2108875,f2d100f5a41eb571a41dba76ac3defde3ccdc11dfc159ef51942714df4ad48ec81f96365379b6205adeb0a1ad33ae95fb1df46a460db1e4bed051817078a324c,07/17/2025 07:07:00 PM,2,DRIVER,,2010424,,HONDA,ACCORD,IL,2010,UNKNOWN,PASSENGER,PERSONAL,N,STRAIGHT AHEAD,,,1,,,,,Y,Y,Y,Y,Y,,,,,,,,,SIDE-RIGHT,,,,,,,,,,,,,,,,,,,,,,,,,,,,,,,,,
2110026,46b40ad00e1bc3fc0fcdf08db2dab2746e06521dab34237dc6ea1339eb533f596914720bc5282a472332182b00f68197582f0e0654adbddbbd7c8f1caa89166f,07/17/2025 07:00:00 PM,1,DRIVER,,2011518,,UNKNOWN,MOTORIZED,,,NONE,PASSENGER,UNKNOWN/NA,UNKNOWN,UNKNOWN/NA,,,1,,,,,,,,,,,,,,,,,Y,UNKNOWN,,,,,,,,,,,,,,,,,,,,,,,,,,,,,,,,,
2110027,46b40ad00e1bc3fc0fcdf08db2dab2746e06521dab34237dc6ea1339eb533f596914720bc5282a472332182b00f68197582f0e0654adbddbbd7c8f1caa89166f,07/17/2025 07:00:00 PM,2,PARKED,,2011524,,HONDA,CIVIC,IL,2020,NONE,PASSENGER,NOT IN USE,E,PARKED,,,0,,,,,,,,,,,,,,,Y,,,FRONT-LEFT-CORNER,,,,,,,,,,,,,,,,,,,,,,,,,,,,,,,,,
2109344,7903971540214095fb1accdc0c8c5248f54c03addce6f4d085273225b0d79f888ea8ca36056495be8604ca68f3b80b343106ea9f8f31f4e82fcb33c31ae9982c,07/17/2025 07:00:00 PM,1,DRIVER,,2010869,,UNKNOWN,OTHER (EXPLAIN IN NARRATIVE),,,UNKNOWN,UNKNOWN/NA,UNKNOWN/NA,UNKNOWN,UNKNOWN/NA,,,1,,,,,,,,,,,,,,,,,Y,UNKNOWN,,,,,,,,,,,,,,,,,,,,,,,,,,,,,,,,,
2109345,7903971540214095fb1accdc0c8c5248f54c03addce6f4d085273225b0d79f888ea8ca36056495be8604ca68f3b80b343106ea9f8f31f4e82fcb33c31ae9982c,07/17/2025 07:00:00 PM,2,PARKED,,2010871,,NISSAN,ALTIMA,IL,2024,UNKNOWN,PASSENGER,UNKNOWN/NA,S,PARKED,,,0,,,,,Y,,,,,,,,,,,,,FRONT-RIGHT-CORNER,,,,,,,,,,,,,,,,,,,,,,,,,,,,,,,,,
2108828,c4da20791ed31dafba97546564206f8695cb07e6dfbb301844c4efa286731ae4c366bb544658db3e06f2cf4d2a8ebc7351253397e06c63cfc2d630f99425b106,07/17/2025 06:57:00 PM,2,PARKED,,2010375,,FORD,ESCAPE,IL,2014,UNKNOWN,SPORT UTILITY VEHICLE (SUV),UNKNOWN/NA,E,PARKED,,,0,,,,,Y,Y,,,,,,,,,,,,FRONT-RIGHT-CORNER,,,,,,,,,,,,,,,,,,,,,,,,,,,,,,,,,
2108829,c4da20791ed31dafba97546564206f8695cb07e6dfbb301844c4efa286731ae4c366bb544658db3e06f2cf4d2a8ebc7351253397e06c63cfc2d630f99425b106,07/17/2025 06:57:00 PM,1,DRIVER,,2010415,,CHEVROLET,MALIBU,IL,2006,UNKNOWN,PASSENGER,UNKNOWN/NA,E,OTHER,,,1,,,,,Y,Y,,,,,,,,,,,,FRONT-RIGHT-CORNER,,,,,,,,,,,,,,,,,,,,,,,,,,,,,,,,,
2108894,48d9ca9794ec382241f4249f62f57441df2d88a84fe9739731883804cbcd9e129c55f8bc9c7d3c6971b095f92f05950e93df52c5b332b07fafe9797466ac7cf8,07/17/2025 06:55:00 PM,1,DRIVER,,2010441,,CHEVROLET,EQUINOX,IL,2013,UNKNOWN,SPORT UTILITY VEHICLE (SUV),PERSONAL,W,STRAIGHT AHEAD,Y,,1,,PRIVATE TOW,UNK,,,,,,,,,,,,Y,Y,,FRONT,,,,,,,,,,,,,,,,,,,,,,,,,,,,,,,,,
2108895,48d9ca9794ec382241f4249f62f57441df2d88a84fe9739731883804cbcd9e129c55f8bc9c7d3c6971b095f92f05950e93df52c5b332b07fafe9797466ac7cf8,07/17/2025 06:55:00 PM,2,DRIVER,,2010444,,JEEP,WRANGLER,IL,2016,UNKNOWN,SPORT UTILITY VEHICLE (SUV),PERSONAL,E,TURNING LEFT,,,1,,,,,,,,,Y,Y,Y,,,,,,,REAR,,,,,,,,,,,,,,,,,,,,,,,,,,,,,,,,,
2108849,d65b4f7e309f3fbcb9a424e9476c55572c10d246c29ddbc7fd9afab9a2871d17a53085f6f649f6b2ed63f72303a284eca1911cd18844751d26a9a4d857e243d6,07/17/2025 06:55:00 PM,1,DRIVER,,2010390,,FORD,EXPLORER,IL,2023,OTHER,SPORT UTILITY VEHICLE (SUV),FIRE,N,BACKING,,,1,,,,,,,,,,,,Y,,,,,,SIDE-LEFT-REAR,,,,,,,,,,,,,,,,,,,,,,,,,,,,,,,,,
2108845,d33dd3e0442f935b4acc2f7f429641772e6d3329e37400c8af80421f2b55432fd4d7fd8156f73bd96628b285fec8c7f9f91bfdf60f7264eb40bd6a2c482cf800,07/17/2025 06:42:00 PM,1,DRIVER,,2010403,,ACURA,RLX,IL,2012,NONE,SPORT UTILITY VEHICLE (SUV),PERSONAL,SE,ENTERING TRAFFIC LANE FROM PARKING,,,1,,,,,,,,,,,,,,,Y,Y,,FRONT-LEFT-CORNER,,,,,,,,,,,,,,,,,,,,,,,,,,,,,,,,,
2108846,d33dd3e0442f935b4acc2f7f429641772e6d3329e37400c8af80421f2b55432fd4d7fd8156f73bd96628b285fec8c7f9f91bfdf60f7264eb40bd6a2c482cf800,07/17/2025 06:42:00 PM,2,DRIVER,,2010406,,CHEVROLET,IMPALA,IL,2014,NONE,PASSENGER,PERSONAL,S,STRAIGHT AHEAD,,,1,,,,,N,Y,Y,Y,N,,,,,,,,,SIDE-RIGHT,,,,,,,,,,,,,,,,,,,,,,,,,,,,,,,,,
2108840,c8aef43442d5d30f87d9f86dafeb4ef4a2ce8959ce31a282df7d08e19e904e12d4595abe02d2e6563470c8fd83da553956c1dee039f723be3e09f70bec226e83,07/17/2025 06:40:00 PM,1,DRIVER,,2010377,,HONDA,ACCORD,IL,2007,UNKNOWN,PASSENGER,UNKNOWN/NA,E,UNKNOWN/NA,,,1,,,,,,,,,,,,,,,,,Y,FRONT-RIGHT-CORNER,,,,,,,,,,,,,,,,,,,,,,,,,,,,,,,,,
2108841,c8aef43442d5d30f87d9f86dafeb4ef4a2ce8959ce31a282df7d08e19e904e12d4595abe02d2e6563470c8fd83da553956c1dee039f723be3e09f70bec226e83,07/17/2025 06:40:00 PM,2,DRIVER,,2010385,,DODGE,DURANGO,IL,2013,UNKNOWN,SPORT UTILITY VEHICLE (SUV),PERSONAL,E,OTHER,,,1,,,,,,,,,,N,Y,Y,Y,,,,,REAR-LEFT-CORNER,,,,,,,,,,,,,,,,,,,,,,,,,,,,,,,,,
2108862,ee818fad89dedd1e8bebb26f7b85ebcfbf4d1ba9c87d4658207e67a6bfd3106ccc08800a9a745dc714105193375d6ed128bf1940f9551ae61ac3439fe19dde49,07/17/2025 06:40:00 PM,1,DRIVER,,2010408,,HONDA,CR-V,IL,2012,UNKNOWN,SPORT UTILITY VEHICLE (SUV),PERSONAL,S,UNKNOWN/NA,Y,,1,,UNKNOWN,UNKNOWN,,Y,,,,,,Y,Y,Y,Y,Y,Y,,FRONT-LEFT-CORNER,,,,,,,,,,,,,,,,,,,,,,,,,,,,,,,,,
2108863,ee818fad89dedd1e8bebb26f7b85ebcfbf4d1ba9c87d4658207e67a6bfd3106ccc08800a9a745dc714105193375d6ed128bf1940f9551ae61ac3439fe19dde49,07/17/2025 06:40:00 PM,2,DRIVER,,2010411,,SPRINTER,SPRINTER,IL,2004,UNKNOWN,VAN/MINI-VAN,PERSONAL,N,STRAIGHT AHEAD,Y,,1,,UNKNOWN,UNKNOWN,,,,Y,Y,Y,Y,Y,Y,Y,,,,,SIDE-LEFT-REAR,,,,,,,,,,,,,,,,,,,,,,,,,,,,,,,,,
2108864,ee818fad89dedd1e8bebb26f7b85ebcfbf4d1ba9c87d4658207e67a6bfd3106ccc08800a9a745dc714105193375d6ed128bf1940f9551ae61ac3439fe19dde49,07/17/2025 06:40:00 PM,3,PARKED,,2010414,,TOYOTA,SIENNA,IL,2011,UNKNOWN,VAN/MINI-VAN,PERSONAL,N,PARKED,Y,,0,,UNKNOWN,UNKNOWN,,,,,,,,Y,Y,Y,Y,,,,SIDE-LEFT,,,,,,,,,,,,,,,,,,,,,,,,,,,,,,,,,
2108865,ee818fad89dedd1e8bebb26f7b85ebcfbf4d1ba9c87d4658207e67a6bfd3106ccc08800a9a745dc714105193375d6ed128bf1940f9551ae61ac3439fe19dde49,07/17/2025 06:40:00 PM,4,PARKED,1,2010416,,CHRYSLER,OTHER (EXPLAIN IN NARRATIVE),IL,2012,UNKNOWN,PASSENGER,PERSONAL,N,PARKED,,,1,,,,,,,,,,,Y,Y,,,,,,SIDE-LEFT-REAR,,,,,,,,,,,,,,,,,,,,,,,,,,,,,,,,,
2108882,bc2ff1e6462933fb4632bcc00836d99534e8a1993f91350e8cd30a113c688f1e01a598a760dcb9fd4a8666f3aea401e9fe56921079c56e72e30617310dd52e9e,07/17/2025 06:35:00 PM,1,DRIVER,,2010429,,VOLKSWAGEN,JETTA,IL,2015,UNKNOWN,PASSENGER,UNKNOWN/NA,S,STRAIGHT AHEAD,,,1,,,,,,,,,,,,,,,,,,UNKNOWN,,,,,,,,,,,,,,,,,,,,,,,,,,,,,,,,,
2108883,bc2ff1e6462933fb4632bcc00836d99534e8a1993f91350e8cd30a113c688f1e01a598a760dcb9fd4a8666f3aea401e9fe56921079c56e72e30617310dd52e9e,07/17/2025 06:35:00 PM,2,DRIVER,,2010438,N,NEW FLYER,OTHER (EXPLAIN IN NARRATIVE),IL,2006,NONE,BUS OVER 15 PASS.,CTA,S,OTHER,,,1,,,,,,,,,Y,Y,,,,,,,,REAR-RIGHT-CORNER,,,,,,,,,,,,,,,,,,,,,,,,,,,,,,,,,