CRASH_UNIT_ID,CRASH_RECORD_ID,CRASH_DATE,UNIT_NO,UNIT_TYPE,NUM_PASSENGERS,VEHICLE_ID,CMRC_VEH_I,MAKE,MODEL,LIC_PLATE_STATE,VEHICLE_YEAR,VEHICLE_DEFECT,VEHICLE_TYPE,VEHICLE_USE,TRAVEL_DIRECTION,MANEUVER,TOWED_I,FIRE_I,OCCUPANT_CNT,EXCEED_SPEED_LIMIT_I,TOWED_BY,TOWED_TO,AREA_00_I,AREA_01_I,AREA_02_I,AREA_03_I,AREA_04_I,AREA_05_I,AREA_06_I,AREA_07_I,AREA_08_I,AREA_09_I,AREA_10_I,AREA_11_I,AREA_12_I,AREA_99_I,FIRST_CONTACT_POINT,CMV_ID,USDOT_NO,CCMC_NO,ILCC_NO,COMMERCIAL_SRC,GVWR,CARRIER_NAME,CARRIER_STATE,CARRIER_CITY,HAZMAT_PLACARDS_I,HAZMAT_NAME,UN_NO,HAZMAT_PRESENT_I,HAZMAT_REPORT_I,HAZMAT_REPORT_NO,MCS_REPORT_I,MCS_REPORT_NO,HAZMAT_VIO_CAUSE_CRASH_I,MCS_VIO_CAUSE_CRASH_I,IDOT_PERMIT_NO,WIDE_LOAD_I,TRAILER1_WIDTH,TRAILER2_WIDTH,TRAILER1_LENGTH,TRAILER2_LENGTH,TOTAL_VEHICLE_LENGTH,AXLE_CNT,VEHICLE_CONFIG,CARGO_BODY_TYPE,LOAD_TYPE,HAZMAT_OUT_OF_SERVICE_I,MCS_OUT_OF_SERVICE_I,HAZMAT_CLASS
2108822,885ca3af0196f180b516e2a0adc10a0873626c734cd077cb1dc58d0298c6f4b8d1653285df1deb6931f27c577077f74890ae439a73ad29caafb90fa7d61741a2,07/17/2025 06:34:00 PM,1,DRIVER,,2010372,,CHEVROLET,TRUCK,IL,2025,UNKNOWN,PASSENGER,PERSONAL,W,SKIDDING/CONTROL LOSS,,,1,,,,,Y,,,,,,,,,,Y,Y,,FRONT,,,,,,,,,,,,,,,,,,,,,,,,,,,,,,,,,
2108823,885ca3af0196f180b516e2a0adc10a0873626c734cd077cb1dc58d0298c6f4b8d1653285df1deb6931f27c577077f74890ae439a73ad29caafb90fa7d61741a2,07/17/2025 06:34:00 PM,2,PARKED,,2010379,,HONDA,OTHER (EXPLAIN IN NARRATIVE),IL,2017,NONE,UNKNOWN/NA,NOT IN USE,W,PARKED,,,0,,,,,,,,,Y,Y,Y,Y,,,,,,REAR,,,,,,,,,,,,,,,,,,,,,,,,,,,,,,,,,
2108866,013e425fb7605790fe58547d97f41a4ff7f3e0e0493b2d2d8a989e79545ed7cf7aa3b8feb60eaa81393316278e5ea22cd0b032a06a6ee36f3a128392ce921da4,07/17/2025 06:30:00 PM,1,DRIVER,,2010418,,KIA,FORTE,IL,2011,UNKNOWN,PASSENGER,PERSONAL,W,STRAIGHT AHEAD,,,1,,,,,Y,,,,,,,,,,Y,Y,,REAR,,,,,,,,,,,,,,,,,,,,,,,,,,,,,,,,,
2108867,013e425fb7605790fe58547d97f41a4ff7f3e0e0493b2d2d8a989e79545ed7cf7aa3b8feb60eaa81393316278e5ea22cd0b032a06a6ee36f3a128392ce921da4,07/17/2025 06:30:00 PM,2,DRIVER,,2010427,,VOLKSWAGEN,TIGUAN,,2022,UNKNOWN,PASSENGER,PERSONAL,W,STRAIGHT AHEAD,,,1,,,,,,,,,Y,Y,Y,,,,,,,REAR,,,,,,,,,,,,,,,,,,,,,,,,,,,,,,,,,
2109256,3273000ad78bf790b0a29d662f750799fa8c243bf949f5ec66bc562b39faff604977a72f2622252acd4817c035d3026c8ec39210d05e9a33a6dbfe60ae38f3f2,07/17/2025 06:30:00 PM,1,DRIVER,,2010784,,CHEVROLET,MALIBU,IL,2019,NONE,PASSENGER,PERSONAL,E,STRAIGHT AHEAD,,,1,,,,,Y,Y,,,,,,,,,,,,FRONT-RIGHT-CORNER,,,,,,,,,,,,,,,,,,,,,,,,,,,,,,,,,
2109257,3273000ad78bf790b0a29d662f750799fa8c243bf949f5ec66bc562b39faff604977a72f2622252acd4817c035d3026c8ec39210d05e9a33a6dbfe60ae38f3f2,07/17/2025 06:30:00 PM,2,DRIVER,,2010791,,HYUNDAI,ELANTRA,IL,2024,NONE,PASSENGER,PERSONAL,W,STRAIGHT AHEAD,,,1,,,,,Y,Y,Y,Y,,,,,,,,Y,,FRONT-RIGHT-CORNER,,,,,,,,,,,,,,,,,,,,,,,,,,,,,,,,,
2109221,5d5294accc00b4cccd168cd5443671f44100ecdf48e4526f63db5daed9be5d4d37e80fb553738fa33909c80aa5025ff0ff5ade1ad7fd2b61d6437454c2f0959f,07/17/2025 06:30:00 PM,1,DRIVER,,2010757,,UNKNOWN,OTHER (EXPLAIN IN NARRATIVE),,,UNKNOWN,PASSENGER,PERSONAL,E,ENTERING TRAFFIC LANE FROM PARKING,,,1,,,,,,,,,,,,,,,N,,Y,FRONT-LEFT-CORNER,,,,,,,,,,,,,,,,,,,,,,,,,,,,,,,,,
2109222,5d5294accc00b4cccd168cd5443671f44100ecdf48e4526f63db5daed9be5d4d37e80fb553738fa33909c80aa5025ff0ff5ade1ad7fd2b61d6437454c2f0959f,07/17/2025 06:30:00 PM,2,DRIVER,,2010759,,SUBARU,OUTBACK,IL,2016,NONE,PASSENGER,PERSONAL,E,STRAIGHT AHEAD,,,1,,,,,Y,Y,N,,,,,,,,,,,FRONT-RIGHT-CORNER,,,,,,,,,,,,,,,,,,,,,,,,,,,,,,,,,
2109070,d2e6f1b3133884aaed10e153da593b1ba05a3008d012bcb64bb12a3a5523f79a7f3d8b5650b61ea3f3f02f4e68f2025005c801bb703372e3c9d92ed7181b4ffd,07/17/2025 06:30:00 PM,1,DRIVER,,2010609,,LEXUS,OTHER (EXPLAIN IN NARRATIVE),,,UNKNOWN,SPORT UTILITY VEHICLE (SUV),UNKNOWN/NA,W,STRAIGHT AHEAD,,,1,,,,,Y,,,,,,,,,,Y,Y,,FRONT,,,,,,,,,,,,,,,,,,,,,,,,,,,,,,,,,
2109091,d2e6f1b3133884aaed10e153da593b1ba05a3008d012bcb64bb12a3a5523f79a7f3d8b5650b61ea3f3f02f4e68f2025005c801bb703372e3c9d92ed7181b4ffd,07/17/2025 06:30:00 PM,2,DRIVER,1,2010622,,CHEVROLET,BLAZER,IL,2020,UNKNOWN,SPORT UTILITY VEHICLE (SUV),PERSONAL,N,STRAIGHT AHEAD,,,2,,,,,Y,Y,Y,,,,,,,,,,,SIDE-RIGHT-FRONT,,,,,,,,,,,,,,,,,,,,,,,,,,,,,,,,,
2108870,794e31c92a890e25538fbdbe2e575aca0e889047e2326b01a50a514a9932cd35aa0efdd08795e07d02b5a2902edca974524c548f062a15c40fc4f33bac3f143c,07/17/2025 06:25:00 PM,1,DRIVER,,2010417,,CHEVROLET,MALIBU,IL,2020,UNKNOWN,PASSENGER,UNKNOWN/NA,E,STRAIGHT AHEAD,,,1,,,,,,,,,,,,,,,,,Y,SIDE-LEFT,,,,,,,,,,,,,,,,,,,,,,,,,,,,,,,,,
2108871,794e31c92a890e25538fbdbe2e575aca0e889047e2326b01a50a514a9932cd35aa0efdd08795e07d02b5a2902edca974524c548f062a15c40fc4f33bac3f143c,07/17/2025 06:25:00 PM,2,DRIVER,,2010440,,LINCOLN,NAVIGATOR,IL,2024,UNKNOWN,SPORT UTILITY VEHICLE (SUV),RIDESHARE SERVICE,E,STRAIGHT AHEAD,,,1,,,,,Y,,,,,,,,,,,,,SIDE-LEFT-FRONT,,,,,,,,,,,,,,,,,,,,,,,,,,,,,,,,,
2109111,e30253d31987eac1b361d62ad47cec8cb7563697e21d23aaf4385991de61fd6dfde4d16ff8b0c8bc7b136c122d2d9be25187d603f398ba7f679b48c935da3822,07/17/2025 06:22:00 PM,1,DRIVER,,2010651,,UNKNOWN,OTHER (EXPLAIN IN NARRATIVE),,,UNKNOWN,UNKNOWN/NA,UNKNOWN/NA,UNKNOWN,STRAIGHT AHEAD,,,1,,,,,,,,,,,,,,,,,Y,UNKNOWN,,,,,,,,,,,,,,,,,,,,,,,,,,,,,,,,,
2109112,e30253d31987eac1b361d62ad47cec8cb7563697e21d23aaf4385991de61fd6dfde4d16ff8b0c8bc7b136c122d2d9be25187d603f398ba7f679b48c935da3822,07/17/2025 06:22:00 PM,2,DRIVER,,2010654,,CHEVROLET,MALIBU,IL,2019,UNKNOWN,PASSENGER,PERSONAL,SW,TURNING RIGHT,,,1,,,,,Y,Y,,,,,,,,,,,,SIDE-RIGHT-FRONT,,,,,,,,,,,,,,,,,,,,,,,,,,,,,,,,,
2108842,51698bdbc64873da30dd112f0c9b8826553cba43d20707e1b7e6b97d090609025b209f82ced3e298991c529dcd25f0da0adc4ae261c90e8dfaa43460092d39a3,07/17/2025 06:21:00 PM,1,DRIVER,1,2010383,,JAGUAR,F-PACE,IL,2022,NONE,PASSENGER,PERSONAL,S,TURNING LEFT,,,2,,,,,Y,Y,Y,Y,,,,,Y,,Y,Y,,SIDE-RIGHT,,,,,,,,,,,,,,,,,,,,,,,,,,,,,,,,,
2108843,51698bdbc64873da30dd112f0c9b8826553cba43d20707e1b7e6b97d090609025b209f82ced3e298991c529dcd25f0da0adc4ae261c90e8dfaa43460092d39a3,07/17/2025 06:21:00 PM,2,DRIVER,,2010387,,HONDA,CR-V,IL,2016,NONE,PASSENGER,PERSONAL,N,TURNING RIGHT,,,1,,,,,Y,,,,,,,,,,Y,Y,,FRONT-LEFT-CORNER,,,,,,,,,,,,,,,,,,,,,,,,,,,,,,,,,
2108844,51698bdbc64873da30dd112f0c9b8826553cba43d20707e1b7e6b97d090609025b209f82ced3e298991c529dcd25f0da0adc4ae261c90e8dfaa43460092d39a3,07/17/2025 06:21:00 PM,3,DRIVER,3,2010392,,NISSAN,SENTRA,IL,2012,NONE,PASSENGER,PERSONAL,W,TURNING LEFT,,,4,,,,,Y,,,,,,,,,,Y,Y,,FRONT,,,,,,,,,,,,,,,,,,,,,,,,,,,,,,,,,
2108838,29842d5bc710cb3aeeb7ca52c42ccec01ccb826ca62fcd15eb544d540b466e2eb62b8739e91e41c7a3feffe6ad37d5c652de6807ba61188c09dbaf0b70e7918e,07/17/2025 06:20:00 PM,1,DRIVER,,2010396,,HYUNDAI,SANTA FE,IL,2012,UNKNOWN,SPORT UTILITY VEHICLE (SUV),PERSONAL,E,CHANGING LANES,,,1,,,,,,,,,,,,,,,,,Y,FRONT-LEFT-CORNER,,,,,,,,,,,,,,,,,,,,,,,,,,,,,,,,,
2108839,29842d5bc710cb3aeeb7ca52c42ccec01ccb826ca62fcd15eb544d540b466e2eb62b8739e91e41c7a3feffe6ad37d5c652de6807ba61188c09dbaf0b70e7918e,07/17/2025 06:20:00 PM,2,DRIVER,1,2010402,,MERCEDES-BENZ,GLC,IL,2025,UNKNOWN,SPORT UTILITY VEHICLE (SUV),PERSONAL,E,STRAIGHT AHEAD,,,2,,,,,Y,Y,,,,,,,,,,Y,,FRONT-RIGHT-CORNER,,,,,,,,,,,,,,,,,,,,,,,,,,,,,,,,,
2108830,ec6ab6fad9f0a0868a61ff32137e2338f1b21736765f93bfbd31f4da38cc7354a54e396495cfd9dcacbabf0db4a1e70633b4627b6ee52edc1130685519597476,07/17/2025 06:19:00 PM,2,BICYCLE,,,,,,,,,,,,,,,,,,,,,,,,,,,,,,,,,,,,,,,,,,,,,,,,,,,,,,,,,,,,,,,,,,
2108831,ec6ab6fad9f0a0868a61ff32137e2338f1b21736765f93bfbd31f4da38cc7354a54e396495cfd9dcacbabf0db4a1e70633b4627b6ee52edc1130685519597476,07/17/2025 06:19:00 PM,1,DRIVER,,2010381,,TOYOTA,PRIUS,IL,2010,UNKNOWN,PASSENGER,PERSONAL,N,STRAIGHT AHEAD,,,1,,,,,,,,,,,,,,,Y,Y,,FRONT-LEFT-CORNER,,,,,,,,,,,,,,,,,,,,,,,,,,,,,,,,,
2108880,a35f39970de201d460edf037d430d247dcdd9b5057b81c77d610082a649731ca2bdaee61d9417753225d275a769f607832a64b0f74ee2989f43492c98b74c725,07/17/2025 06:17:00 PM,1,DRIVER,,2010428,,HONDA,ACCORD,IL,2011,NONE,PASSENGER,PERSONAL,W,BACKING,,,1,,,,,,,,,,Y,,,,,,,,REAR,,,,,,,,,,,,,,,,,,,,,,,,,,,,,,,,,
2108881,a35f39970de201d460edf037d430d247dcdd9b5057b81c77d610082a649731ca2bdaee61d9417753225d275a769f607832a64b0f74ee2989f43492c98b74c725,07/17/2025 06:17:00 PM,2,PARKED,,2010445,,TESLA,MODEL 3,IL,2025,UNKNOWN,PASSENGER,PERSONAL,E,PARKED,,,0,,,,,,,,,,,,,,,,Y,,FRONT,,,,,,,,,,,,,,,,,,,,,,,,,,,,,,,,,
2108817,c89f8cc824ae74e1c866a7c15416e06386dc14b425c2da0f15d102b3720aced453055799d859095f0e4123f9b05aa2ef03604ac16ae0e6b95779fcde24c446a7,07/17/2025 06:15:00 PM,1,DRIVER,,2010365,,JEEP,PATRIOT,IL,2009,NONE,PASSENGER,UNKNOWN/NA,UNKNOWN,UNKNOWN/NA,,,1,,,,,,,,,,,,,,,,,Y,UNKNOWN,,,,,,,,,,,,,,,,,,,,,,,,,,,,,,,,,
2108818,c89f8cc824ae74e1c866a7c15416e06386dc14b425c2da0f15d102b3720aced453055799d859095f0e4123f9b05aa2ef03604ac16ae0e6b95779fcde24c446a7,07/17/2025 06:15:00 PM,2,DRIVER,,2010368,,DODGE,DURANGO,IN,2020,UNKNOWN,SPORT UTILITY VEHICLE (SUV),PERSONAL,N,OTHER,,,1,,,,,,,,,Y,Y,Y,,,,,,Y,REAR,,,,,,,,,,,,,,,,,,,,,,,,,,,,,,,,,
2108810,1c26b2a7e8f7c61048ba60e6488b68a825fa39e36d66170f7d86f0a73319ae1e0d2af5595e69f314aac9ce73a6abeeb6d6125b44bf1b8d0f773ba145026ec25f,07/17/2025 06:14:00 PM,1,DRIVER,,2010362,,TOYOTA,PRIUS,IL,2011,UNKNOWN,PASSENGER,PERSONAL,W,STRAIGHT AHEAD,,,1,,,,,,,,,,,,,,,,Y,,FRONT-RIGHT-CORNER,,,,,,,,,,,,,,,,,,,,,,,,,,,,,,,,,
2108819,1c26b2a7e8f7c61048ba60e6488b68a825fa39e36d66170f7d86f0a73319ae1e0d2af5595e69f314aac9ce73a6abeeb6d6125b44bf1b8d0f773ba145026ec25f,07/17/2025 06:14:00 PM,2,PEDESTRIAN,,,,,,,,,,,,,,,,,,,,,,,,,,,,,,,,,,,,,,,,,,,,,,,,,,,,,,,,,,,,,,,,,,
2108806,8103fd97443b0046702131e1a4901add6e796d342fbb0c7b325e68e09b089a31e2f43ed40511b83da970976ce87968c8f10d778e6587e11aaba0303d17b5be3e,07/17/2025 06:06:00 PM,1,DRIVER,2,2010357,,VOLKSWAGEN,JETTA,IL,2008,UNKNOWN,PASSENGER,PERSONAL,N,TURNING LEFT,,,3,,,,,Y,Y,Y,Y,Y,,,,,,,,,SIDE-RIGHT,,,,,,,,,,,,,,,,,,,,,,,,,,,,,,,,,
2108807,8103fd97443b0046702131e1a4901add6e796d342fbb0c7b325e68e09b089a31e2f43ed40511b83da970976ce87968c8f10d778e6587e11aaba0303d17b5be3e,07/17/2025 06:06:00 PM,2,DRIVER,,2010364,,VOLKSWAGEN,TIGUAN,IL,2021,UNKNOWN,SPORT UTILITY VEHICLE (SUV),PERSONAL,E,TURNING RIGHT,,,1,,,,,Y,,,,,,,,,,Y,Y,,FRONT,,,,,,,,,,,,,,,,,,,,,,,,,,,,,,,,,
2108780,c5d93ba80451f61cb2fcac9d2295de3c61972803804018d44abed5f256591ae561a226d17c418a1cd30232d07c1fe5a296ac661158310170ebde4f83926e4356,07/17/2025 06:02:00 PM,1,DRIVER,,2010332,,TOYOTA,TACOMA,IL,2006,NONE,PASSENGER,PERSONAL,W,BACKING,,,1,,,,,,,,,,,,,,,Y,Y,,FRONT,,,,,,,,,,,,,,,,,,,,,,,,,,,,,,,,,
2108781,c5d93ba80451f61cb2fcac9d2295de3c61972803804018d44abed5f256591ae561a226d17c418a1cd30232d07c1fe5a296ac661158310170ebde4f83926e4356,07/17/2025 06:02:00 PM,2,PARKED,,2010337,,VOLKSWAGEN,ROUTAN,IL,2013,NONE,PASSENGER,PERSONAL,W,PARKED,,,0,,,,,,,,Y,Y,,,,,,,,,SIDE-RIGHT-REAR,,,,,,,,,,,,,,,,,,,,,,,,,,,,,,,,,
2111527,0dde916cff039d8ca483c564ec0ea51213cd23da9fa961e5d14fabd9e3badb278d20dc376857270eb81afe92b92424b739598fa84d4002c9b64433211715fde5,07/17/2025 06:00:00 PM,1,DRIVER,,2012925,,LEXUS,RX,IL,2013,UNKNOWN,PASSENGER,PERSONAL,W,STRAIGHT AHEAD,,,1,,,,,,,,,,,,,,,,,Y,FRONT,,,,,,,,,,,,,,,,,,,,,,,,,,,,,,,,,
2111528,0dde916cff039d8ca483c564ec0ea51213cd23da9fa961e5d14fabd9e3badb278d20dc376857270eb81afe92b92424b739598fa84d4002c9b64433211715fde5,07/17/2025 06:00:00 PM,2,DRIVER,1,2012926,,NISSAN,SENTRA,IL,2019,UNKNOWN,PASSENGER,PERSONAL,W,STRAIGHT AHEAD,,,2,,,,,,,,,Y,Y,Y,,,,,,,REAR,,,,,,,,,,,,,,,,,,,,,,,,,,,,,,,,,
2108918,9c831e2bcf7a8a117bbb3045c2f6574d9ba5651df16a31da3af92c85a72c5f40fe30614a40ffc6d08fb0b4f9fc3e4a6e51e7aa2b1a018449f0ec22369ed84627,07/17/2025 05:59:00 PM,1,DRIVER,1,2010463,,TOYOTA,SIENNA,IL,2007,UNKNOWN,VAN/MINI-VAN,PERSONAL,W,STRAIGHT AHEAD,Y,,2,,city of chicago,ss #046543,,Y,,,,,,,,,,Y,Y,,FRONT,,,,,,,,,,,,,,,,,,,,,,,,,,,,,,,,,
2108919,9c831e2bcf7a8a117bbb3045c2f6574d9ba5651df16a31da3af92c85a72c5f40fe30614a40ffc6d08fb0b4f9fc3e4a6e51e7aa2b1a018449f0ec22369ed84627,07/17/2025 05:59:00 PM,2,PARKED,,2010464,,TOYOTA,CAMRY,IL,2016,NONE,PASSENGER,PERSONAL,E,PARKED,,,0,,,,,Y,,,,,,,,,,Y,Y,,FRONT,,,,,,,,,,,,,,,,,,,,,,,,,,,,,,,,,
2108850,bb590ec8f1a4d8e96fb94edfa3f1468e617aa65c555a2332774f19100cf7aea2156bcac969d9d33e4bab3fc6415901b249c22c9944a1525ebaa90cf7317ea22c,07/17/2025 05:59:00 PM,2,DRIVER,,2010405,,TOYOTA,COROLLA,IL,2024,UNKNOWN,PICKUP,PERSONAL,SE,TURNING RIGHT,,,1,,,,,,Y,,,,,,,,,,,,FRONT-RIGHT-CORNER,,,,,,,,,,,,,,,,,,,,,,,,,,,,,,,,,
2108851,bb590ec8f1a4d8e96fb94edfa3f1468e617aa65c555a2332774f19100cf7aea2156bcac969d9d33e4bab3fc6415901b249c22c9944a1525ebaa90cf7317ea22c,07/17/2025 05:59:00 PM,1,DRIVER,,2010400,,TOYOTA,COROLLA,IL,2004,UNKNOWN,PASSENGER,PERSONAL,E,STRAIGHT AHEAD,,,1,,,,,,,,,,,,,,,,,,FRONT,,,,,,,,,,,,,,,,,,,,,,,,,,,,,,,,,
2108773,1a88984288d39822d21e23e2598e57e57368e61d281bed938f6be6647bc6900fb985daae5e2d857b05d6ea1f46e2b4ea1ab2709d3368e56ad593b72c53371522,07/17/2025 05:50:00 PM,1,DRIVER,,2010322,,FORD,FIESTA,,2012,UNKNOWN,UNKNOWN/NA,UNKNOWN/NA,E,STRAIGHT AHEAD,,,1,,,,,,,,,,,,,,,,Y,N,FRONT,,,,,,,,,,,,,,,,,,,,,,,,,,,,,,,,,
2108774,1a88984288d39822d21e23e2598e57e57368e61d281bed938f6be6647bc6900fb985daae5e2d857b05d6ea1f46e2b4ea1ab2709d3368e56ad593b72c53371522,07/17/2025 05:50:00 PM,2,DRIVER,,2010331,,HYUNDAI,ELANTRA,IL,2020,UNKNOWN,PASSENGER,PERSONAL,E,STRAIGHT AHEAD,,,1,,,,,,,,,,Y,,,,,,,,REAR,,,,,,,,,,,,,,,,,,,,,,,,,,,,,,,,,
2108832,aa61742a5d95b263a2b2151d22440b21cc3c0c3dbbc43eb1b570c19250f66754e1b35ee7922beee2d61b490b29c112fc0cc3e40f27952adbc113919fc500df9a,07/17/2025 05:46:00 PM,1,DRIVER,,2010374,,HYUNDAI,ELANTRA,IL,2019,UNKNOWN,PASSENGER,PERSONAL,W,PASSING/OVERTAKING,,,1,,,,,,,,,,,,,,,Y,Y,Y,FRONT-LEFT-CORNER,,,,,,,,,,,,,,,,,,,,,,,,,,,,,,,,,
2108833,aa61742a5d95b263a2b2151d22440b21cc3c0c3dbbc43eb1b570c19250f66754e1b35ee7922beee2d61b490b29c112fc0cc3e40f27952adbc113919fc500df9a,07/17/2025 05:46:00 PM,2,DRIVER,,2010384,,NISSAN,MAXIMA,IL,2014,NONE,PASSENGER,PERSONAL,W,STRAIGHT AHEAD,,,1,,,,,,,,N,Y,Y,,,,,,,Y,REAR-RIGHT-CORNER,,,,,,,,,,,,,,,,,,,,,,,,,,,,,,,,,
2108782,a23911283a8fc032a778eee8f662d4aa235c1270a41707d7dcb5dbf19561365937c23250172c83b540ac0cd6cc3367fea75704fda4297fbb04fd105e752713fc,07/17/2025 05:45:00 PM,1,DRIVER,,2010336,,TOYOTA,CAMRY,IL,2012,NONE,PASSENGER,PERSONAL,S,STRAIGHT AHEAD,,,1,,,,,,,,,,,,,,,Y,Y,,FRONT-LEFT-CORNER,,,,,,,,,,,,,,,,,,,,,,,,,,,,,,,,,
2108783,a23911283a8fc032a778eee8f662d4aa235c1270a41707d7dcb5dbf19561365937c23250172c83b540ac0cd6cc3367fea75704fda4297fbb04fd105e752713fc,07/17/2025 05:45:00 PM,2,DRIVER,,2010343,,VOLKSWAGEN,TIGUAN,IL,2018,NONE,SPORT UTILITY VEHICLE (SUV),PERSONAL,N,OTHER,,,1,,,,,,,,,,,,,,,Y,Y,,FRONT-LEFT-CORNER,,,,,,,,,,,,,,,,,,,,,,,,,,,,,,,,,
2108765,c725812382781a85a7038be4ba680ad6a95aae00f8dd5e45cb615fe246756fb48fe3b30cb1aebe4d647370f4a9b4a443bc0f5a9154dc0d338b70200fae9cbb06,07/17/2025 05:45:00 PM,1,DRIVER,,2010313,,CHEVROLET,OTHER (EXPLAIN IN NARRATIVE),IL,2019,UNKNOWN,PASSENGER,PERSONAL,S,STRAIGHT AHEAD,,,1,,,,,Y,,,,,,,,,,,,,FRONT-RIGHT-CORNER,,,,,,,,,,,,,,,,,,,,,,,,,,,,,,,,,
2108766,c725812382781a85a7038be4ba680ad6a95aae00f8dd5e45cb615fe246756fb48fe3b30cb1aebe4d647370f4a9b4a443bc0f5a9154dc0d338b70200fae9cbb06,07/17/2025 05:45:00 PM,2,DRIVER,,2010324,,NEW FLYER,OTHER (EXPLAIN IN NARRATIVE),IL,2005,UNKNOWN,BUS OVER 15 PASS.,CTA,S,MERGING,,,1,,,,,,,,,,,Y,,,,,,,REAR-LEFT-CORNER,,,,,,,,,,,,,,,,,,,,,,,,,,,,,,,,,
2108798,03497950c7fae498d6cfb7ad84f36dc123d88b8ca0d4833c6b6e4b55742ae4ef2b3a5b983cbff759b60b4b7c41d3a59a5e8b6b1c7a70dd3ab2ae4fd98a2dc1f9,07/17/2025 05:44:00 PM,1,DRIVER,1,2010349,,HYUNDAI,ELANTRA,IL,2017,UNKNOWN,PASSENGER,PERSONAL,N,STRAIGHT AHEAD,Y,,2,,insurance,,,Y,,,,,,,,,,Y,Y,,FRONT-RIGHT-CORNER,,,,,,,,,,,,,,,,,,,,,,,,,,,,,,,,,
2108799,03497950c7fae498d6cfb7ad84f36dc123d88b8ca0d4833c6b6e4b55742ae4ef2b3a5b983cbff759b60b4b7c41d3a59a5e8b6b1c7a70dd3ab2ae4fd98a2dc1f9,07/17/2025 05:44:00 PM,2,DRIVER,,2010354,,TOYOTA,RAV4,IL,2017,UNKNOWN,SPORT UTILITY VEHICLE (SUV),PERSONAL,W,STRAIGHT AHEAD,,,1,,,,,,,,,,,,,Y,Y,Y,,,FRONT-LEFT-CORNER,,,,,,,,,,,,,,,,,,,,,,,,,,,,,,,,,
2108811,cf17c08f340204598fe084be35adb010f5c1cd5dfe1b7a80befc706ec0bd29de33fc6ec4459edae874f7c1d3ebb6d8c76fd943249c60d7167b96b3d7cf3190c0,07/17/2025 05:40:00 PM,1,DRIVER,,2010358,,JEEP,GRAND CHEROKEE,IL,2014,UNKNOWN,SPORT UTILITY VEHICLE (SUV),PERSONAL,E,STRAIGHT AHEAD,,,1,,,,,,,,,,,,,,,,,Y,UNKNOWN,,,,,,,,,,,,,,,,,,,,,,,,,,,,,,,,,
2108812,cf17c08f340204598fe084be35adb010f5c1cd5dfe1b7a80befc706ec0bd29de33fc6ec4459edae874f7c1d3ebb6d8c76fd943249c60d7167b96b3d7cf3190c0,07/17/2025 05:40:00 PM,2,DRIVER,,2010367,,CHEVROLET,TRAVERSE,IL,2018,UNKNOWN,SPORT UTILITY VEHICLE (SUV),PERSONAL,E,SLOW/STOP IN TRAFFIC,,,1,,,,,,,,,,Y,,,,,,,,REAR,,,,,,,,,,,,,,,,,,,,,,,,,,,,,,,,,
2109014,0a5a4119f205aa2bdf2d9758fc40b024874cbcf8f5964fe753bfbb6ecb80020d86d1fe84e0be596a0f7b48adfb39776d9c20a6f8a034454182ea6f408cb4df3a,07/17/2025 05:30:00 PM,1,DRIVER,,2010561,,JEEP,GRAND CHEROKEE,IL,2024,NONE,PASSENGER,PERSONAL,UNKNOWN,STRAIGHT AHEAD,,,1,,,,,Y,,,,,,,,,,N,Y,,FRONT-RIGHT-CORNER,,,,,,,,,,,,,,,,,,,,,,,,,,,,,,,,,
2109015,0a5a4119f205aa2bdf2d9758fc40b024874cbcf8f5964fe753bfbb6ecb80020d86d1fe84e0be596a0f7b48adfb39776d9c20a6f8a034454182ea6f408cb4df3a,07/17/2025 05:30:00 PM,2,DRIVER,,2010562,,HONDA,CR-V,IL,2019,NONE,PASSENGER,PERSONAL,UNKNOWN,STRAIGHT AHEAD,,,1,,,,,,,,,,Y,Y,,,,,,,REAR-LEFT-CORNER,,,,,,,,,,,,,,,,,,,,,,,,,,,,,,,,,
2108742,1bf490d66b43ea6d30ca2a2165eed47268a1a9a70688fb9ecdba0783e8ffad6009d2b9bee9c6ef22f392d9469a6e60625bdc709c715160be820608314ba792f4,07/17/2025 05:30:00 PM,1,DRIVER,,2010300,,TOYOTA,HIGHLANDER,IL,2006,NONE,PASSENGER,PERSONAL,W,STRAIGHT AHEAD,,,1,,,,,,,,,,,,,,,,,,UNKNOWN,,,,,,,,,,,,,,,,,,,,,,,,,,,,,,,,,
2108743,1bf490d66b43ea6d30ca2a2165eed47268a1a9a70688fb9ecdba0783e8ffad6009d2b9bee9c6ef22f392d9469a6e60625bdc709c715160be820608314ba792f4,07/17/2025 05:30:00 PM,2,DRIVER,1,2010297,,INFINITI,QX80,IL,2015,NONE,PASSENGER,PERSONAL,W,STRAIGHT AHEAD,,,2,,,,,,,,,,,Y,Y,Y,,,,,REAR-LEFT-CORNER,,,,,,,,,,,,,,,,,,,,,,,,,,,,,,,,,
2109855,69040bf8e032e9ba911bc0341e0fa60af871c91bc243ece196f293ee373a459c3961fad0c3994cbecbb8168dd172a1462b21f2704dd33be284eb71274618d6c6,07/17/2025 05:30:00 PM,1,DRIVER,1,2011364,,FORD,ESCAPE,IL,2012,OTHER,SPORT UTILITY VEHICLE (SUV),PERSONAL,UNKNOWN,BACKING,,,2,,,,,,,,,,Y,,,,,,,Y,UNKNOWN,,,,,,,,,,,,,,,,,,,,,,,,,,,,,,,,,