CRASH_UNIT_ID,CRASH_RECORD_ID,CRASH_DATE,UNIT_NO,UNIT_TYPE,NUM_PASSENGERS,VEHICLE_ID,CMRC_VEH_I,MAKE,MODEL,LIC_PLATE_STATE,VEHICLE_YEAR,VEHICLE_DEFECT,VEHICLE_TYPE,VEHICLE_USE,TRAVEL_DIRECTION,MANEUVER,TOWED_I,FIRE_I,OCCUPANT_CNT,EXCEED_SPEED_LIMIT_I,TOWED_BY,TOWED_TO,AREA_00_I,AREA_01_I,AREA_02_I,AREA_03_I,AREA_04_I,AREA_05_I,AREA_06_I,AREA_07_I,AREA_08_I,AREA_09_I,AREA_10_I,AREA_11_I,AREA_12_I,AREA_99_I,FIRST_CONTACT_POINT,CMV_ID,USDOT_NO,CCMC_NO,ILCC_NO,COMMERCIAL_SRC,GVWR,CARRIER_NAME,CARRIER_STATE,CARRIER_CITY,HAZMAT_PLACARDS_I,HAZMAT_NAME,UN_NO,HAZMAT_PRESENT_I,HAZMAT_REPORT_I,HAZMAT_REPORT_NO,MCS_REPORT_I,MCS_REPORT_NO,HAZMAT_VIO_CAUSE_CRASH_I,MCS_VIO_CAUSE_CRASH_I,IDOT_PERMIT_NO,WIDE_LOAD_I,TRAILER1_WIDTH,TRAILER2_WIDTH,TRAILER1_LENGTH,TRAILER2_LENGTH,TOTAL_VEHICLE_LENGTH,AXLE_CNT,VEHICLE_CONFIG,CARGO_BODY_TYPE,LOAD_TYPE,HAZMAT_OUT_OF_SERVICE_I,MCS_OUT_OF_SERVICE_I,HAZMAT_CLASS
2109856,69040bf8e032e9ba911bc0341e0fa60af871c91bc243ece196f293ee373a459c3961fad0c3994cbecbb8168dd172a1462b21f2704dd33be284eb71274618d6c6,07/17/2025 05:30:00 PM,2,DRIVER,,2011368,,NISSAN,ALTIMA,IL,2010,NONE,PASSENGER,PERSONAL,NW,BACKING,,,1,,,,,,,,,,Y,,,,,,,,REAR,,,,,,,,,,,,,,,,,,,,,,,,,,,,,,,,,
2109213,be704f9d7141520b80eacbb3876420fefa433c7c8d974751f455af424cc5bb959e1164c91fcd8f847f11a48ab1b08155e6c7df70dcad5f77c427d10afcd27a73,07/17/2025 05:30:00 PM,1,DRIVER,,2010756,,HONDA,HR-V,IL,2016,NONE,PASSENGER,PERSONAL,S,MERGING,,,1,,,,,,,,,,,,,,Y,Y,,,FRONT-LEFT-CORNER,,,,,,,,,,,,,,,,,,,,,,,,,,,,,,,,,
2109214,be704f9d7141520b80eacbb3876420fefa433c7c8d974751f455af424cc5bb959e1164c91fcd8f847f11a48ab1b08155e6c7df70dcad5f77c427d10afcd27a73,07/17/2025 05:30:00 PM,2,DRIVER,1,2010761,,HYUNDAI,TUCSON,IL,2022,NONE,PASSENGER,PERSONAL,S,STRAIGHT AHEAD,,,2,,,,,,,,Y,Y,,,,,,,,,REAR-RIGHT-CORNER,,,,,,,,,,,,,,,,,,,,,,,,,,,,,,,,,
2109142,ff8c809e6d33ae2517188a0d821f512251107a60406d91a5a83868f64c16cc9d82ae5304a99cdc6d6bf7307b329cd4211781c00c2e575ad6f3c9e7d7f792012d,07/17/2025 05:30:00 PM,1,DRIVER,,2010683,,JEEP,CHEROKEE,IL,2020,UNKNOWN,UNKNOWN/NA,UNKNOWN/NA,W,STRAIGHT AHEAD,,,1,,,,,Y,Y,,,,,,,,,,Y,,FRONT-RIGHT-CORNER,,,,,,,,,,,,,,,,,,,,,,,,,,,,,,,,,
2109143,ff8c809e6d33ae2517188a0d821f512251107a60406d91a5a83868f64c16cc9d82ae5304a99cdc6d6bf7307b329cd4211781c00c2e575ad6f3c9e7d7f792012d,07/17/2025 05:30:00 PM,2,DRIVER,,2010697,,HONDA,CR-V,IL,2019,UNKNOWN,PASSENGER,UNKNOWN/NA,W,STRAIGHT AHEAD,,,1,,,,,,,,,,Y,Y,Y,Y,,,,,REAR-LEFT-CORNER,,,,,,,,,,,,,,,,,,,,,,,,,,,,,,,,,
2108746,ac9509a1c0c07a9a62fb1017c1f5afe8e828509f5508727c93cfa89dbb8782787fb2bdca6c9a9d958e47d7021cfc117dc3da878da6c6e8186ac85c0d70e691fe,07/17/2025 05:22:00 PM,1,PARKED,,2010298,Y,FREIGHTLINER CORPORATION,FREIGHTLINER CORP.,IL,2014,NONE,OTHER,COMMERCIAL - SINGLE UNIT,E,PARKED,,,0,,,,,,,,,,,,,,,Y,,,FRONT-LEFT-CORNER,,,,,,,,,,,,,,,,,,,,,,,,,,,,,,,,,
2108747,ac9509a1c0c07a9a62fb1017c1f5afe8e828509f5508727c93cfa89dbb8782787fb2bdca6c9a9d958e47d7021cfc117dc3da878da6c6e8186ac85c0d70e691fe,07/17/2025 05:22:00 PM,2,DRIVER,,2010302,,FORD,ESCAPE,IL,2008,NONE,PASSENGER,PERSONAL,E,U-TURN,,,1,,,,,Y,,,,,,,,,,,,,FRONT-RIGHT-CORNER,,,,,,,,,,,,,,,,,,,,,,,,,,,,,,,,,
2108761,57cddd484ff4c062d660cc8d320a15380b9fd7a7111b48309e2c22f2c853ddd5519f19a599fb7c77f3dcf9acf53133dc1cbdccb78061a2d694abbb4de5c13877,07/17/2025 05:20:00 PM,1,DRIVER,,2010309,,HYUNDAI,SANTA FE,IL,2018,NONE,PASSENGER,UNKNOWN/NA,E,STRAIGHT AHEAD,,,1,,,,Y,,,,,,,,,,,,,,UNKNOWN,,,,,,,,,,,,,,,,,,,,,,,,,,,,,,,,,
2108762,57cddd484ff4c062d660cc8d320a15380b9fd7a7111b48309e2c22f2c853ddd5519f19a599fb7c77f3dcf9acf53133dc1cbdccb78061a2d694abbb4de5c13877,07/17/2025 05:20:00 PM,2,DRIVER,,2010317,,TOYOTA,COROLLA,IL,2021,NONE,PASSENGER,UNKNOWN/NA,E,STRAIGHT AHEAD,,,1,,,,,,,,,,,,,,Y,,,,SIDE-LEFT,,,,,,,,,,,,,,,,,,,,,,,,,,,,,,,,,
2108898,d9d9cf823184de32a4a0590a64d41fb00fbf4f779b126aacdbfd6634ccf283ee06cab71af51b1b9ccecab019af23d9247bd593a4094f29eba3cb1f598346cbeb,07/17/2025 05:20:00 PM,1,DRIVER,,2010462,,PORSCHE,MACAN,,2019,UNKNOWN,SPORT UTILITY VEHICLE (SUV),UNKNOWN/NA,N,BACKING,,,1,,,,,,,,,,Y,,,,,,N,,REAR,,,,,,,,,,,,,,,,,,,,,,,,,,,,,,,,,
2108899,d9d9cf823184de32a4a0590a64d41fb00fbf4f779b126aacdbfd6634ccf283ee06cab71af51b1b9ccecab019af23d9247bd593a4094f29eba3cb1f598346cbeb,07/17/2025 05:20:00 PM,2,DRIVER,,2010443,,TOYOTA,RAV4,,,UNKNOWN,SPORT UTILITY VEHICLE (SUV),PERSONAL,S,SLOW/STOP IN TRAFFIC,,,1,,,,,,,,,,,,,,,,Y,,FRONT,,,,,,,,,,,,,,,,,,,,,,,,,,,,,,,,,
2108938,e657edbf06a856d4ef7a6e6ae5f1f42f2585ad7fb8160c4a3c96db90469f1c1127e39f77cf4b1c4643bf9eb5de8483754625bede36add2abddd6f3d007550be7,07/17/2025 05:20:00 PM,1,DRIVER,,2010488,,UNKNOWN,OTHER (EXPLAIN IN NARRATIVE),,,UNKNOWN,UNKNOWN/NA,CTA,UNKNOWN,UNKNOWN/NA,,,1,,,,,,,,,,,,,,,,,Y,UNKNOWN,,,,,,,,,,,,,,,,,,,,,,,,,,,,,,,,,
2108939,e657edbf06a856d4ef7a6e6ae5f1f42f2585ad7fb8160c4a3c96db90469f1c1127e39f77cf4b1c4643bf9eb5de8483754625bede36add2abddd6f3d007550be7,07/17/2025 05:20:00 PM,2,PARKED,2,2010483,,FORD,F150,IL,1994,UNKNOWN,PICKUP,PERSONAL,N,PARKED,,,2,,,,,,,,,,N,N,N,N,,,,Y,UNKNOWN,,,,,,,,,,,,,,,,,,,,,,,,,,,,,,,,,
2108790,3bb6e1b19a175e08312d43d558d65e359cc7ffbd98276a079cfee1c77976f3ade7e3488bd929bc5b758478b1ec97cb2e58bfc15a3585a7e25019156594fd474d,07/17/2025 05:18:00 PM,1,BICYCLE,,,,,,,,,,,,,,,,,,,,,,,,,,,,,,,,,,,,,,,,,,,,,,,,,,,,,,,,,,,,,,,,,,
2108791,3bb6e1b19a175e08312d43d558d65e359cc7ffbd98276a079cfee1c77976f3ade7e3488bd929bc5b758478b1ec97cb2e58bfc15a3585a7e25019156594fd474d,07/17/2025 05:18:00 PM,2,DRIVER,,2010346,,HONDA,CIVIC,IN,2025,NONE,PASSENGER,PERSONAL,E,TURNING LEFT,,,1,,,,,,Y,Y,,,,,,,,,,,FRONT-RIGHT-CORNER,,,,,,,,,,,,,,,,,,,,,,,,,,,,,,,,,
2108808,63078ff4fb6eae0d17ba5d6012f140d9e3dc03eab7f3ea85ff05ec280a61f7c631dd57bd92aed948663d0ed666d909959ae095ff8812e60d857de09ed04ffefd,07/17/2025 05:16:00 PM,1,DRIVER,,2010361,,CHEVROLET,S10,IL,1996,UNKNOWN,PICKUP,UNKNOWN/NA,S,CHANGING LANES,,,1,,,,,,,,,,,,,,,,,Y,SIDE-LEFT-REAR,,,,,,,,,,,,,,,,,,,,,,,,,,,,,,,,,
2108809,63078ff4fb6eae0d17ba5d6012f140d9e3dc03eab7f3ea85ff05ec280a61f7c631dd57bd92aed948663d0ed666d909959ae095ff8812e60d857de09ed04ffefd,07/17/2025 05:16:00 PM,2,DRIVER,,2010356,,HONDA,INSIGHT,IL,2022,NONE,PASSENGER,PERSONAL,S,STRAIGHT AHEAD,,,1,,,,,Y,,,,,,,,,,,,,FRONT-RIGHT-CORNER,,,,,,,,,,,,,,,,,,,,,,,,,,,,,,,,,
2108796,55798424210e54922ddaf4ca64c8b4ec9116cb3c39becdb0045f2f8e50f762aaa0755c2fb23cf0a1406d6bafab906fd519b815b1c3e28a8f736765a48075f390,07/17/2025 05:15:00 PM,1,DRIVER,,2010344,N,FORD,TRANSIT,IL,2017,UNKNOWN,VAN/MINI-VAN,UNKNOWN/NA,W,PASSING/OVERTAKING,,,1,,,,,,,,,Y,,,,,,,,,REAR-LEFT-CORNER,,,,,,,,,,,,,,,,,,,,,,,,,,,,,,,,,
2108797,55798424210e54922ddaf4ca64c8b4ec9116cb3c39becdb0045f2f8e50f762aaa0755c2fb23cf0a1406d6bafab906fd519b815b1c3e28a8f736765a48075f390,07/17/2025 05:15:00 PM,2,DRIVER,,2010351,,HONDA,ACCORD,IL,2005,UNKNOWN,PASSENGER,PERSONAL,W,STRAIGHT AHEAD,,,1,,,,,Y,,,,,,,,,,,,,FRONT-RIGHT-CORNER,,,,,,,,,,,,,,,,,,,,,,,,,,,,,,,,,
2108777,80fa312de529c36b743dd40d15588d78dfa73124a38eb21d95dd5671e52e8a78a6321024daaefb87bb333f656c1813601ac8fa119ee130344fa9a4ffc1c443a2,07/17/2025 05:15:00 PM,1,DRIVER,1,2010328,,CHEVROLET,TRAIL BLAZER,IL,2024,UNKNOWN,PASSENGER,PERSONAL,E,STRAIGHT AHEAD,,,2,,,,,Y,,,,,,,,,,,,,FRONT-RIGHT-CORNER,,,,,,,,,,,,,,,,,,,,,,,,,,,,,,,,,
2108778,80fa312de529c36b743dd40d15588d78dfa73124a38eb21d95dd5671e52e8a78a6321024daaefb87bb333f656c1813601ac8fa119ee130344fa9a4ffc1c443a2,07/17/2025 05:15:00 PM,2,DRIVER,1,2010342,,DODGE,RAM 1500 PU,IL,2004,UNKNOWN,PICKUP,PERSONAL,NE,STRAIGHT AHEAD,,,2,,,,,,,,,,,,Y,Y,Y,,,,SIDE-LEFT,,,,,,,,,,,,,,,,,,,,,,,,,,,,,,,,,
2108794,c48b0ec9f9423c623f849bd82ba395cbcf8bdd6e09e146dd8a2b4be687de64890bcdf05b68e12fd15161d20b1cf2a9a6b2ddadaa9aaecfb33c6a9f2c758b60a1,07/17/2025 05:06:00 PM,1,DRIVER,,2010350,,TOYOTA,CAMRY,IL,2014,UNKNOWN,PASSENGER,PERSONAL,E,STRAIGHT AHEAD,,,1,,,,,Y,Y,,,,,,,,,,,,FRONT-RIGHT-CORNER,,,,,,,,,,,,,,,,,,,,,,,,,,,,,,,,,
2108795,c48b0ec9f9423c623f849bd82ba395cbcf8bdd6e09e146dd8a2b4be687de64890bcdf05b68e12fd15161d20b1cf2a9a6b2ddadaa9aaecfb33c6a9f2c758b60a1,07/17/2025 05:06:00 PM,2,DRIVER,1,2010352,,TOYOTA,SIENNA,IL,2004,UNKNOWN,PASSENGER,PERSONAL,N,STRAIGHT AHEAD,,,2,,,,,,,,,,,,,,Y,Y,,,FRONT-LEFT-CORNER,,,,,,,,,,,,,,,,,,,,,,,,,,,,,,,,,
2111507,4fd0fca3254f1b3cde4b99f9b645c4b6730c524141fb31147f336656aa84003f6d30bd885d53894c6b358993f8056ebc485efe28b5f1a37915a94b5609818e96,07/17/2025 05:01:00 PM,1,DRIVER,,2012906,,JEEP,WRANGLER,IL,,NONE,PASSENGER,PERSONAL,E,STRAIGHT AHEAD,,,1,,,,,,,,,N,,,,,,,,,REAR-RIGHT-CORNER,,,,,,,,,,,,,,,,,,,,,,,,,,,,,,,,,
2111508,4fd0fca3254f1b3cde4b99f9b645c4b6730c524141fb31147f336656aa84003f6d30bd885d53894c6b358993f8056ebc485efe28b5f1a37915a94b5609818e96,07/17/2025 05:01:00 PM,2,DRIVER,,2012907,,HYUNDAI,ELANTRA,IL,2020,NONE,PASSENGER,PERSONAL,E,TURNING RIGHT,,,1,,,,,,,,,,,,,,,,,,FRONT-LEFT-CORNER,,,,,,,,,,,,,,,,,,,,,,,,,,,,,,,,,
2108744,affea141a7f6395ee381eb165706c38fa667440d95cc288e0ae7d13e26fadff6081f0272e1040c785cf0684b5ad0a7af90de63e695f7bc3684f207c262a084aa,07/17/2025 05:01:00 PM,1,DRIVER,,2010303,,TOYOTA,HIGHLANDER,IL,2023,UNKNOWN,PASSENGER,PERSONAL,E,STRAIGHT AHEAD,,,1,,,,,Y,,,,,,,,,,Y,Y,,FRONT,,,,,,,,,,,,,,,,,,,,,,,,,,,,,,,,,
2108745,affea141a7f6395ee381eb165706c38fa667440d95cc288e0ae7d13e26fadff6081f0272e1040c785cf0684b5ad0a7af90de63e695f7bc3684f207c262a084aa,07/17/2025 05:01:00 PM,2,DRIVER,,2010318,,CHEVROLET,TRAVERSE,IL,2022,UNKNOWN,PASSENGER,PERSONAL,E,SLOW/STOP IN TRAFFIC,,,1,,,,,,,,,Y,Y,Y,,,,,,,REAR,,,,,,,,,,,,,,,,,,,,,,,,,,,,,,,,,
2108784,152c58cc15f93ecbec2a477c61d03ede7d06a2ae41dca21096cd1435d62e675c1023b788c0c0126ab9685f9900b5a2b61a891b23210ae589567792e44a35abb6,07/17/2025 05:00:00 PM,1,DRIVER,,2010340,,CHEVROLET,TRAX,IL,2016,UNKNOWN,PASSENGER,UNKNOWN/NA,E,STRAIGHT AHEAD,,,1,,,,,Y,,,,,,,,,,Y,Y,,FRONT,,,,,,,,,,,,,,,,,,,,,,,,,,,,,,,,,
2108785,152c58cc15f93ecbec2a477c61d03ede7d06a2ae41dca21096cd1435d62e675c1023b788c0c0126ab9685f9900b5a2b61a891b23210ae589567792e44a35abb6,07/17/2025 05:00:00 PM,2,DRIVER,,2010345,,TOYOTA,COROLLA,IL,2014,NONE,PASSENGER,PERSONAL,N,STRAIGHT AHEAD,,,1,,,,,,,,,,,,,Y,Y,Y,,,SIDE-LEFT,,,,,,,,,,,,,,,,,,,,,,,,,,,,,,,,,
2115220,29c433117329b12aa4036d568e670cd8ca97bcc098f4ad02abb5252ba27891c740d6f5fd3045a43bc9f8c63e2da03169a0e2db3512f1025ca8d332683d3494af,07/17/2025 05:00:00 PM,1,DRIVER,,2016448,,SCION,IQ,IL,,UNKNOWN,SPORT UTILITY VEHICLE (SUV),UNKNOWN/NA,NW,TURNING LEFT,,,1,,,,,Y,,,,,,,,,,,,,FRONT-RIGHT-CORNER,,,,,,,,,,,,,,,,,,,,,,,,,,,,,,,,,
2115221,29c433117329b12aa4036d568e670cd8ca97bcc098f4ad02abb5252ba27891c740d6f5fd3045a43bc9f8c63e2da03169a0e2db3512f1025ca8d332683d3494af,07/17/2025 05:00:00 PM,2,DRIVER,,2016461,,HYUNDAI,ACCENT,IN,2005,UNKNOWN,PASSENGER,PERSONAL,NW,TURNING LEFT,,,1,,,,,,,,,,,,,,,Y,,,FRONT-LEFT-CORNER,,,,,,,,,,,,,,,,,,,,,,,,,,,,,,,,,
2108752,4a8ca9ec4ca97bd19429465daadf83f83eb261be101bebe8a0e811a58a3dc726501e903cb3ae1e0d0ee1cf00cfc331d1c26a532378da05f9474642bfada5f14c,07/17/2025 05:00:00 PM,1,DRIVER,,2010304,,FORD,ECONOLINE 100,MI,2003,NONE,VAN/MINI-VAN,PERSONAL,W,STRAIGHT AHEAD,,,1,,,,,,,,,,,,,,,,,Y,FRONT,,,,,,,,,,,,,,,,,,,,,,,,,,,,,,,,,
2108753,4a8ca9ec4ca97bd19429465daadf83f83eb261be101bebe8a0e811a58a3dc726501e903cb3ae1e0d0ee1cf00cfc331d1c26a532378da05f9474642bfada5f14c,07/17/2025 05:00:00 PM,2,DRIVER,,2010315,,CHEVROLET,OTHER (EXPLAIN IN NARRATIVE),IL,2018,NONE,PASSENGER,PERSONAL,W,SLOW/STOP IN TRAFFIC,,,1,,,,,,,,,,Y,,,,,,,,REAR,,,,,,,,,,,,,,,,,,,,,,,,,,,,,,,,,
2108771,a0f8c3bcbbf949de20b7980a837e81cd648ccb6152eace31b4745abe6ccf26f849cb4f44a2962d39f76b7ec000ddaea1fd5f0509aea86a4805b74ddd261c3231,07/17/2025 05:00:00 PM,1,DRIVER,,2010325,,TOYOTA,OTHER (EXPLAIN IN NARRATIVE),IL,2005,UNKNOWN,PASSENGER,UNKNOWN/NA,UNKNOWN,STRAIGHT AHEAD,,,1,,,,,,,,,,,,,,,,N,Y,FRONT,,,,,,,,,,,,,,,,,,,,,,,,,,,,,,,,,
2108772,a0f8c3bcbbf949de20b7980a837e81cd648ccb6152eace31b4745abe6ccf26f849cb4f44a2962d39f76b7ec000ddaea1fd5f0509aea86a4805b74ddd261c3231,07/17/2025 05:00:00 PM,2,PARKED,3,2010329,,HONDA,ODYSSEY,IL,2006,UNKNOWN,VAN/MINI-VAN,PERSONAL,UNKNOWN,PARKED,,,3,,,,,,,,,,,,,,,,Y,,FRONT,,,,,,,,,,,,,,,,,,,,,,,,,,,,,,,,,
2108804,716570a228f3d640033e940aa5fbb572337b104a126aaffd7b909097da04fae0c4c9c74d85ab73c07f013a062376977c55f4deb742e5110fa446f974a27a6432,07/17/2025 04:57:00 PM,1,DRIVER,,2010353,,HYUNDAI,SANTA FE,IL,2025,UNKNOWN,SPORT UTILITY VEHICLE (SUV),PERSONAL,S,STRAIGHT AHEAD,,,1,,,,,Y,,,,,,,,,,,,,FRONT-RIGHT-CORNER,,,,,,,,,,,,,,,,,,,,,,,,,,,,,,,,,
2108805,716570a228f3d640033e940aa5fbb572337b104a126aaffd7b909097da04fae0c4c9c74d85ab73c07f013a062376977c55f4deb742e5110fa446f974a27a6432,07/17/2025 04:57:00 PM,2,DRIVER,,2010371,,FORD,FUSION,IL,2016,NONE,PASSENGER,PERSONAL,E,STRAIGHT AHEAD,,,1,,,,,Y,,,,,,,,,,Y,Y,,FRONT-LEFT-CORNER,,,,,,,,,,,,,,,,,,,,,,,,,,,,,,,,,
2108868,768f5a59c42371627a69017e91bf5dfeb87c64a68f4c220af5a2915b7ab6663fad27fcd274c00a2867e96e18d2e0a8e8b559d1bca47c99b9e7c34228888cc199,07/17/2025 04:48:00 PM,1,DRIVER,,2010421,N,FREIGHTLINER CORPORATION,OTHER (EXPLAIN IN NARRATIVE),IL,2004,UNKNOWN,TRUCK - SINGLE UNIT,UNKNOWN/NA,S,STRAIGHT AHEAD,,,1,,,,,,,,,,,,,,,,,,UNKNOWN,,,,,,,,,,,,,,,,,,,,,,,,,,,,,,,,,
2108869,768f5a59c42371627a69017e91bf5dfeb87c64a68f4c220af5a2915b7ab6663fad27fcd274c00a2867e96e18d2e0a8e8b559d1bca47c99b9e7c34228888cc199,07/17/2025 04:48:00 PM,2,DRIVER,3,2010426,,KIA,SEDONA,IL,2018,UNKNOWN,VAN/MINI-VAN,PERSONAL,S,STRAIGHT AHEAD,,,4,,,,,Y,Y,Y,Y,,,,,,,,,,UNKNOWN,,,,,,,,,,,,,,,,,,,,,,,,,,,,,,,,,
2108836,80c98f30f99aa3304c9dc284da566a03bd7e067a83ea8f3b56cbf55935c9c0aa91047effda5adebd066fdd041640fced7f4023c63b01dba31507d051e7bbd51d,07/17/2025 04:40:00 PM,1,DRIVER,1,2010409,,FORD,EDGE,IL,2013,UNKNOWN,PASSENGER,PERSONAL,UNKNOWN,STRAIGHT AHEAD,,,2,,,,,,,,,,,Y,,,,,,,REAR-LEFT-CORNER,,,,,,,,,,,,,,,,,,,,,,,,,,,,,,,,,
2108837,80c98f30f99aa3304c9dc284da566a03bd7e067a83ea8f3b56cbf55935c9c0aa91047effda5adebd066fdd041640fced7f4023c63b01dba31507d051e7bbd51d,07/17/2025 04:40:00 PM,2,DRIVER,,2010398,,BMW,X3,IL,2014,UNKNOWN,PASSENGER,PERSONAL,E,STRAIGHT AHEAD,,,1,,,,,Y,Y,,,,,,,,,,,,FRONT-RIGHT-CORNER,,,,,,,,,,,,,,,,,,,,,,,,,,,,,,,,,
2108728,134d3cbec73bcc2ecce2f53e51ab2d57184ee6ee5d7a63edb2acb8d1ca93541e4ad9cf576e55918a108ecdab7e1fdad7258c1b0efcaf58198bb71c1ad8d1a83f,07/17/2025 04:35:00 PM,1,DRIVER,,2010287,,TOYOTA,SIENNA,IL,2010,UNKNOWN,VAN/MINI-VAN,UNKNOWN/NA,S,STRAIGHT AHEAD,,,1,,,,,Y,,,,,,,,,,,,,FRONT-RIGHT-CORNER,,,,,,,,,,,,,,,,,,,,,,,,,,,,,,,,,
2108729,134d3cbec73bcc2ecce2f53e51ab2d57184ee6ee5d7a63edb2acb8d1ca93541e4ad9cf576e55918a108ecdab7e1fdad7258c1b0efcaf58198bb71c1ad8d1a83f,07/17/2025 04:35:00 PM,2,DRIVER,,2010296,,VOLKSWAGEN,ATLAS,IL,2022,UNKNOWN,PASSENGER,UNKNOWN/NA,NW,TURNING LEFT,,,1,,,,,,,,,Y,,,,,,,,,REAR-RIGHT-CORNER,,,,,,,,,,,,,,,,,,,,,,,,,,,,,,,,,
2108813,32e22d7f8e74d09440364ba214589543f562d575f0ebdca2d8a3262243fb6d72b3250605e920e9e131ad5ed507f52290b2ad0c10039917fa7a72040424155f31,07/17/2025 04:30:00 PM,1,PARKED,1,2010359,,HONDA,CIVIC,IL,2016,UNKNOWN,UNKNOWN/NA,OTHER,UNKNOWN,PARKED,,,1,,,,,N,N,,,,,,,,Y,Y,,,SIDE-LEFT,,,,,,,,,,,,,,,,,,,,,,,,,,,,,,,,,
2108814,32e22d7f8e74d09440364ba214589543f562d575f0ebdca2d8a3262243fb6d72b3250605e920e9e131ad5ed507f52290b2ad0c10039917fa7a72040424155f31,07/17/2025 04:30:00 PM,2,DRIVER,,2010363,,TOYOTA,CAMRY,IL,2009,UNKNOWN,PASSENGER,UNKNOWN/NA,E,STRAIGHT AHEAD,,,1,,,,,Y,Y,,,,,,,,,,,,FRONT-RIGHT-CORNER,,,,,,,,,,,,,,,,,,,,,,,,,,,,,,,,,
2109174,67eb886f7740acab3133ca1512cc1c2da8e99b3ebc9e4e2f8fee980b0d6ef6e850ae9453fee5b8b60f8257bdcfa2ac0c2ac2ae0b24dc341d676238264a756040,07/17/2025 04:30:00 PM,1,DRIVER,,2010712,,HYUNDAI,VENUE,IL,2024,UNKNOWN,PASSENGER,PERSONAL,E,STRAIGHT AHEAD,,,1,,,,,Y,Y,,,,,,,,N,N,,,FRONT-RIGHT-CORNER,,,,,,,,,,,,,,,,,,,,,,,,,,,,,,,,,
2108736,800868b1363e1db62984f6e091cac1dd02d62101b79073447e55dfee932c1e5b1ee7a9a978290d2b53aba7a53896cf1e79671b31e8834a17ec7c3368bf518559,07/17/2025 04:18:00 PM,1,DRIVER,,2010283,,JEEP,PATRIOT,IL,2011,NONE,SPORT UTILITY VEHICLE (SUV),PERSONAL,W,ENTERING TRAFFIC LANE FROM PARKING,,,1,,,,,,Y,Y,,,,,,,,,,,SIDE-RIGHT,,,,,,,,,,,,,,,,,,,,,,,,,,,,,,,,,
2108737,800868b1363e1db62984f6e091cac1dd02d62101b79073447e55dfee932c1e5b1ee7a9a978290d2b53aba7a53896cf1e79671b31e8834a17ec7c3368bf518559,07/17/2025 04:18:00 PM,2,DRIVER,,2010285,,CHEVROLET,MALIBU,,,UNKNOWN,UNKNOWN/NA,UNKNOWN/NA,S,STRAIGHT AHEAD,,,1,,,,,,,,,,,,,,,,,Y,FRONT,,,,,,,,,,,,,,,,,,,,,,,,,,,,,,,,,
2108756,6366cde11f151906e9ec813d3f8e69bd02c6b8faa3348adf798fdec0e5383a2a9c0129a06c5abda3a88052ef85a121f705e48aec7be644f282baadb37809d0a0,07/17/2025 04:15:00 PM,1,DRIVER,1,2010305,,MITSUBISHI,GALANT,IL,2009,NONE,PASSENGER,PERSONAL,W,STRAIGHT AHEAD,,,2,,,,,,,,,,,,,,,Y,,,FRONT-LEFT-CORNER,,,,,,,,,,,,,,,,,,,,,,,,,,,,,,,,,
2108757,6366cde11f151906e9ec813d3f8e69bd02c6b8faa3348adf798fdec0e5383a2a9c0129a06c5abda3a88052ef85a121f705e48aec7be644f282baadb37809d0a0,07/17/2025 04:15:00 PM,2,PARKED,,2010310,,MAZDA,MAZDA3,IL,2010,NONE,PASSENGER,NOT IN USE,E,PARKED,,,0,,,,,,,,,,,Y,Y,Y,Y,,,,SIDE-LEFT,,,,,,,,,,,,,,,,,,,,,,,,,,,,,,,,,
2108758,6366cde11f151906e9ec813d3f8e69bd02c6b8faa3348adf798fdec0e5383a2a9c0129a06c5abda3a88052ef85a121f705e48aec7be644f282baadb37809d0a0,07/17/2025 04:15:00 PM,3,PARKED,,2010314,,VOLKSWAGEN,JETTA,IL,2012,NONE,PICKUP,NOT IN USE,E,PARKED,,,0,,,,,,,,,,Y,,,,Y,Y,,,FRONT-LEFT-CORNER,,,,,,,,,,,,,,,,,,,,,,,,,,,,,,,,,
2108759,6366cde11f151906e9ec813d3f8e69bd02c6b8faa3348adf798fdec0e5383a2a9c0129a06c5abda3a88052ef85a121f705e48aec7be644f282baadb37809d0a0,07/17/2025 04:15:00 PM,4,PARKED,,2010323,,BUICK,ENCORE,IL,2017,NONE,PASSENGER,NOT IN USE,E,PARKED,,,0,,,,,,,,,,,,,,,,,,FRONT,,,,,,,,,,,,,,,,,,,,,,,,,,,,,,,,,
2108760,6366cde11f151906e9ec813d3f8e69bd02c6b8faa3348adf798fdec0e5383a2a9c0129a06c5abda3a88052ef85a121f705e48aec7be644f282baadb37809d0a0,07/17/2025 04:15:00 PM,5,PARKED,,2010327,,SUBARU,FORESTER,IL,2022,NONE,PASSENGER,NOT IN USE,E,PARKED,,,0,,,,,,,,,,,Y,,,,,,,SIDE-LEFT-REAR,,,,,,,,,,,,,,,,,,,,,,,,,,,,,,,,,
2108763,f12d838aaa5e5e255aecc67d75186ea6c112d5d5d385aa99478a136fdc5467ed71adef4d7246263a91238cdbe89b3976981b797198912ff0dc258368294d6399,07/17/2025 04:12:00 PM,1,DRIVER,,2010320,,CHEVROLET,MALIBU,CT,2024,UNKNOWN,PASSENGER,PERSONAL,E,PASSING/OVERTAKING,,,1,,,,,,,,,,,Y,Y,Y,Y,Y,,,SIDE-LEFT,,,,,,,,,,,,,,,,,,,,,,,,,,,,,,,,,