CRASH_UNIT_ID,CRASH_RECORD_ID,CRASH_DATE,UNIT_NO,UNIT_TYPE,NUM_PASSENGERS,VEHICLE_ID,CMRC_VEH_I,MAKE,MODEL,LIC_PLATE_STATE,VEHICLE_YEAR,VEHICLE_DEFECT,VEHICLE_TYPE,VEHICLE_USE,TRAVEL_DIRECTION,MANEUVER,TOWED_I,FIRE_I,OCCUPANT_CNT,EXCEED_SPEED_LIMIT_I,TOWED_BY,TOWED_TO,AREA_00_I,AREA_01_I,AREA_02_I,AREA_03_I,AREA_04_I,AREA_05_I,AREA_06_I,AREA_07_I,AREA_08_I,AREA_09_I,AREA_10_I,AREA_11_I,AREA_12_I,AREA_99_I,FIRST_CONTACT_POINT,CMV_ID,USDOT_NO,CCMC_NO,ILCC_NO,COMMERCIAL_SRC,GVWR,CARRIER_NAME,CARRIER_STATE,CARRIER_CITY,HAZMAT_PLACARDS_I,HAZMAT_NAME,UN_NO,HAZMAT_PRESENT_I,HAZMAT_REPORT_I,HAZMAT_REPORT_NO,MCS_REPORT_I,MCS_REPORT_NO,HAZMAT_VIO_CAUSE_CRASH_I,MCS_VIO_CAUSE_CRASH_I,IDOT_PERMIT_NO,WIDE_LOAD_I,TRAILER1_WIDTH,TRAILER2_WIDTH,TRAILER1_LENGTH,TRAILER2_LENGTH,TOTAL_VEHICLE_LENGTH,AXLE_CNT,VEHICLE_CONFIG,CARGO_BODY_TYPE,LOAD_TYPE,HAZMAT_OUT_OF_SERVICE_I,MCS_OUT_OF_SERVICE_I,HAZMAT_CLASS
2108764,f12d838aaa5e5e255aecc67d75186ea6c112d5d5d385aa99478a136fdc5467ed71adef4d7246263a91238cdbe89b3976981b797198912ff0dc258368294d6399,07/17/2025 04:12:00 PM,2,DRIVER,1,2010347,,MITSUBISHI,OUTLANDER,IL,2016,UNKNOWN,PASSENGER,PERSONAL,E,STRAIGHT AHEAD,,,2,,,,,Y,Y,Y,Y,Y,,,,,,,Y,,SIDE-RIGHT,,,,,,,,,,,,,,,,,,,,,,,,,,,,,,,,,
2108750,9d0ca806e1e45ee9054bab1d4c3f2cda33f5e4e365174293b2ee5bb2be5ef1953d90f9c82846360a68f558bac796e2b74ddae34c5c47e5fd7e07a39780210a9c,07/17/2025 04:05:00 PM,1,DRIVER,,2010306,,CHEVROLET,EXPRESS,,2008,UNKNOWN,VAN/MINI-VAN,UNKNOWN/NA,W,PASSING/OVERTAKING,,,1,,,,,,,,,,,,,,,,,Y,FRONT-LEFT-CORNER,,,,,,,,,,,,,,,,,,,,,,,,,,,,,,,,,
2108751,9d0ca806e1e45ee9054bab1d4c3f2cda33f5e4e365174293b2ee5bb2be5ef1953d90f9c82846360a68f558bac796e2b74ddae34c5c47e5fd7e07a39780210a9c,07/17/2025 04:05:00 PM,2,DRIVER,,2010326,N,FORD,F550,IL,2018,UNKNOWN,TRACTOR W/O SEMI-TRAILER,LAWN CARE/LANDSCAPING,W,STRAIGHT AHEAD,,,1,,,,,Y,,,,,,,,,,,,,FRONT-RIGHT-CORNER,,,,,,,,,,,,,,,,,,,,,,,,,,,,,,,,,
2108710,26528cffab00f78d7c235f988ac242622e10bc66850b1713c29fa1b2e7d63b603005ecc6107dd305cf7c40f5994bc42d913c74bcb3cbf9f45a2bed10dd5e9419,07/17/2025 04:04:00 PM,1,DRIVER,,2010262,,CHEVROLET,SILVERADO,IL,2009,UNKNOWN,TRUCK - SINGLE UNIT,UNKNOWN/NA,W,STRAIGHT AHEAD,,,1,,,,,,,,,,,,,,,,,,FRONT,,,,,,,,,,,,,,,,,,,,,,,,,,,,,,,,,
2108711,26528cffab00f78d7c235f988ac242622e10bc66850b1713c29fa1b2e7d63b603005ecc6107dd305cf7c40f5994bc42d913c74bcb3cbf9f45a2bed10dd5e9419,07/17/2025 04:04:00 PM,2,DRIVER,1,2010267,,KIA,RIO / K2,IL,2013,UNKNOWN,PASSENGER,UNKNOWN/NA,W,STRAIGHT AHEAD,,,2,,,,,,,,,,Y,,,,,,,,REAR,,,,,,,,,,,,,,,,,,,,,,,,,,,,,,,,,
2111620,39de14503b6f9cb8ed5dd2cd2150796205d003f884372c493c2903024628081b32938c0f305c4f5c7ed144351f0714170c56bc6832be68f58e5c1ecdc03fb3f6,07/17/2025 04:00:00 PM,1,DRIVER,,2013024,,HONDA,OTHER (EXPLAIN IN NARRATIVE),IL,2014,BRAKES,UNKNOWN/NA,UNKNOWN/NA,W,STRAIGHT AHEAD,,,1,,,,,,,,,,,,,,,,Y,,FRONT,,,,,,,,,,,,,,,,,,,,,,,,,,,,,,,,,
2111621,39de14503b6f9cb8ed5dd2cd2150796205d003f884372c493c2903024628081b32938c0f305c4f5c7ed144351f0714170c56bc6832be68f58e5c1ecdc03fb3f6,07/17/2025 04:00:00 PM,2,DRIVER,,2013030,,UNKNOWN,OTHER (EXPLAIN IN NARRATIVE),IL,,NONE,UNKNOWN/NA,UNKNOWN/NA,W,STRAIGHT AHEAD,,,1,,,,,,,,,Y,Y,Y,,,,,,,REAR,,,,,,,,,,,,,,,,,,,,,,,,,,,,,,,,,
2108890,954c68d8f7f0a1846900e5da6d8edd46d52e28d70445fcda9109945ed4b28fb4be4bf2680a327c8f686a627b1bc87f2516f28e9914b3eea2b4b8f388c94a0fc5,07/17/2025 04:00:00 PM,1,DRIVER,,2010430,,UNKNOWN,MOTORIZED,,,UNKNOWN,UNKNOWN/NA,UNKNOWN/NA,UNKNOWN,UNKNOWN/NA,,,1,,,,,,,,,,,,,,,,,Y,UNKNOWN,,,,,,,,,,,,,,,,,,,,,,,,,,,,,,,,,
2108891,954c68d8f7f0a1846900e5da6d8edd46d52e28d70445fcda9109945ed4b28fb4be4bf2680a327c8f686a627b1bc87f2516f28e9914b3eea2b4b8f388c94a0fc5,07/17/2025 04:00:00 PM,2,PARKED,,2010437,,CADILLAC,XT6,IL,2022,UNKNOWN,SPORT UTILITY VEHICLE (SUV),NOT IN USE,N,PARKED,,,0,,,,,,,,,,,,,,,Y,,,FRONT-LEFT-CORNER,,,,,,,,,,,,,,,,,,,,,,,,,,,,,,,,,
2108738,d160179068b7e67b836e1a10f1071c802bb4807cded92ddd8d65370dabefa4ba8060b289ec4e74c528848e99f8c3ce7ccdf47f23c68ae432f15dc0e0899e6189,07/17/2025 04:00:00 PM,1,DRIVER,,2010284,,CHEVROLET,SUBURBAN,,,UNKNOWN,SPORT UTILITY VEHICLE (SUV),UNKNOWN/NA,SW,TURNING RIGHT,,,1,,,,,,,,,Y,,,,,,,,,SIDE-RIGHT-REAR,,,,,,,,,,,,,,,,,,,,,,,,,,,,,,,,,
2108739,d160179068b7e67b836e1a10f1071c802bb4807cded92ddd8d65370dabefa4ba8060b289ec4e74c528848e99f8c3ce7ccdf47f23c68ae432f15dc0e0899e6189,07/17/2025 04:00:00 PM,2,DRIVER,,2010289,,MITSUBISHI,OUTLANDER,IL,2015,UNKNOWN,SPORT UTILITY VEHICLE (SUV),PERSONAL,W,STRAIGHT AHEAD,,,1,,,,,,,,,,,,,,,Y,,,FRONT-LEFT-CORNER,,,,,,,,,,,,,,,,,,,,,,,,,,,,,,,,,
2108788,dad4660230088a156a2273a3d205a7ada10b742835e9701fe1183c1aa05b57ac5299775e94bd79dce0e07e1c4b4d965e5c8ba926378f00028ce9796a92ad501f,07/17/2025 04:00:00 PM,1,DRIVER,,2010339,,KIA,SOUL,IL,2015,NONE,PASSENGER,PERSONAL,S,ENTERING TRAFFIC LANE FROM PARKING,,,1,,,,,,Y,Y,Y,Y,Y,,,,,,,,FRONT-LEFT-CORNER,,,,,,,,,,,,,,,,,,,,,,,,,,,,,,,,,
2108789,dad4660230088a156a2273a3d205a7ada10b742835e9701fe1183c1aa05b57ac5299775e94bd79dce0e07e1c4b4d965e5c8ba926378f00028ce9796a92ad501f,07/17/2025 04:00:00 PM,2,DRIVER,,2010348,,NISSAN,ROGUE,IL,2016,NONE,PASSENGER,PERSONAL,S,STRAIGHT AHEAD,,,1,,,,,Y,Y,Y,,,,,,,,,Y,,FRONT-RIGHT-CORNER,,,,,,,,,,,,,,,,,,,,,,,,,,,,,,,,,
2108754,f932ff29b7ff8c452328ba8bc4c06ba5d511166e2bc59dfc0b831475a5f836111c4dacd7ab0a6c20f681d6bea0dfd7cb6112b3bf0ed3251923dfc6770d4ce895,07/17/2025 04:00:00 PM,1,DRIVER,,2010307,,CHEVROLET,AVEO,IL,2007,UNKNOWN,PASSENGER,PERSONAL,N,PASSING/OVERTAKING,Y,,1,,STREETS AND SANITATION,POUND 3,,,,,,,,,Y,Y,Y,,,,SIDE-LEFT,,,,,,,,,,,,,,,,,,,,,,,,,,,,,,,,,
2108755,f932ff29b7ff8c452328ba8bc4c06ba5d511166e2bc59dfc0b831475a5f836111c4dacd7ab0a6c20f681d6bea0dfd7cb6112b3bf0ed3251923dfc6770d4ce895,07/17/2025 04:00:00 PM,2,DRIVER,1,2010319,,TOYOTA,COROLLA,IL,2022,UNKNOWN,PASSENGER,PERSONAL,N,STRAIGHT AHEAD,Y,,2,,private tow,,,,Y,Y,Y,,,,,,,,,,SIDE-RIGHT,,,,,,,,,,,,,,,,,,,,,,,,,,,,,,,,,
2108779,f932ff29b7ff8c452328ba8bc4c06ba5d511166e2bc59dfc0b831475a5f836111c4dacd7ab0a6c20f681d6bea0dfd7cb6112b3bf0ed3251923dfc6770d4ce895,07/17/2025 04:00:00 PM,3,PARKED,,2010330,,BUICK,ENCORE,IL,2019,UNKNOWN,SPORT UTILITY VEHICLE (SUV),PERSONAL,N,PARKED,,,0,,,,,,,,,,,Y,Y,,,,,,SIDE-LEFT-REAR,,,,,,,,,,,,,,,,,,,,,,,,,,,,,,,,,
2108706,5829ad02c6901b1e26ed4788153df0863be714cdfaa9e5160f213eaa8120f6423692db9b855ce473566fa61280a6e44e9fcd76df26aec56953772ab2a47b019e,07/17/2025 03:58:00 PM,1,DRIVER,,2010264,,JEEP,COMPASS,IL,2001,UNKNOWN,PASSENGER,PERSONAL,S,PASSING/OVERTAKING,,,1,,,,,,,,,,,Y,Y,,,,,,REAR-LEFT-CORNER,,,,,,,,,,,,,,,,,,,,,,,,,,,,,,,,,
2108707,5829ad02c6901b1e26ed4788153df0863be714cdfaa9e5160f213eaa8120f6423692db9b855ce473566fa61280a6e44e9fcd76df26aec56953772ab2a47b019e,07/17/2025 03:58:00 PM,2,DRIVER,,2010268,,NISSAN,KICKS,,2025,NONE,PASSENGER,PERSONAL,S,STRAIGHT AHEAD,,,1,,,,,Y,,,,N,,,,,,,,,FRONT-RIGHT-CORNER,,,,,,,,,,,,,,,,,,,,,,,,,,,,,,,,,
2108700,a260281a954c9c34e2f68d440925567959c6ba4fecb6c3a638caff59425e3ffe83882e373b7a3a1b60440340de8522da3dcd5235e20a46940f815d5803ab756e,07/17/2025 03:58:00 PM,1,DRIVER,1,2010279,,ACURA,ILX,IL,2013,UNKNOWN,UNKNOWN/NA,UNKNOWN/NA,W,TURNING RIGHT,,,2,,,,,,,,,,,,,,,Y,Y,,FRONT-RIGHT-CORNER,,,,,,,,,,,,,,,,,,,,,,,,,,,,,,,,,
2108701,a260281a954c9c34e2f68d440925567959c6ba4fecb6c3a638caff59425e3ffe83882e373b7a3a1b60440340de8522da3dcd5235e20a46940f815d5803ab756e,07/17/2025 03:58:00 PM,2,DRIVER,,2010290,,FORD,MAVERICK TRUCK,IL,2024,NONE,PICKUP,PERSONAL,N,STRAIGHT AHEAD,,,1,,,,,,Y,Y,Y,,,,,,,,,,SIDE-RIGHT,,,,,,,,,,,,,,,,,,,,,,,,,,,,,,,,,
2108767,236f387cc80e87ceb63eba65c1db2b3ab1651c05c51e67247e434dfa433605905874e2ec79c9d34682331f5a03acc26bb13177efc1f59bde4fa12b76b3b78e8a,07/17/2025 03:55:00 PM,1,BICYCLE,,,,,,,,,,,,,,,,,,,,,,,,,,,,,,,,,,,,,,,,,,,,,,,,,,,,,,,,,,,,,,,,,,
2108768,236f387cc80e87ceb63eba65c1db2b3ab1651c05c51e67247e434dfa433605905874e2ec79c9d34682331f5a03acc26bb13177efc1f59bde4fa12b76b3b78e8a,07/17/2025 03:55:00 PM,2,DRIVER,,2010312,,NISSAN,ALTIMA,IL,2015,UNKNOWN,PASSENGER,PERSONAL,S,STRAIGHT AHEAD,Y,,1,,PRIVATE TOW,UNKNOWN,,Y,,,,,,,,,,Y,Y,,FRONT,,,,,,,,,,,,,,,,,,,,,,,,,,,,,,,,,
2109169,79d55af2deeae25e700acdcc1710ffeb882036d212b414b51efcaa2cc6c241ff131f52a4d26983520ec07f1a558fe95577dc22e1020e172f2abdfd916c4dcdb4,07/17/2025 03:55:00 PM,1,DRIVER,,2010710,,VOLVO,XC70,IL,2008,UNKNOWN,SPORT UTILITY VEHICLE (SUV),PERSONAL,N,CHANGING LANES,,,1,,,,,Y,,,,,,,,,,,,Y,FRONT-RIGHT-CORNER,,,,,,,,,,,,,,,,,,,,,,,,,,,,,,,,,
2109170,79d55af2deeae25e700acdcc1710ffeb882036d212b414b51efcaa2cc6c241ff131f52a4d26983520ec07f1a558fe95577dc22e1020e172f2abdfd916c4dcdb4,07/17/2025 03:55:00 PM,2,DRIVER,,2010714,,TOYOTA,COROLLA,IL,2016,UNKNOWN,PASSENGER,PERSONAL,N,STRAIGHT AHEAD,,,1,,,,,,,,,,,Y,Y,,,,,Y,REAR-LEFT-CORNER,,,,,,,,,,,,,,,,,,,,,,,,,,,,,,,,,
2134620,e6ef60a219ccde144c407275fd6eff1763815018f79690f1271b8cd973029a06fc6b4a5005f0473ce200ae7d9c5f6de863cf0e656fc6a43c0648f5146657f92c,07/17/2025 03:54:00 PM,1,DRIVER,,2034868,,MERCEDES-BENZ,CLS,IL,2006,UNKNOWN,PASSENGER,PERSONAL,N,STRAIGHT AHEAD,,,1,,,,,,,,,,,,,,,,,Y,FRONT,,,,,,,,,,,,,,,,,,,,,,,,,,,,,,,,,
2134621,e6ef60a219ccde144c407275fd6eff1763815018f79690f1271b8cd973029a06fc6b4a5005f0473ce200ae7d9c5f6de863cf0e656fc6a43c0648f5146657f92c,07/17/2025 03:54:00 PM,2,DRIVER,4,2034869,,KIA,SOUL,WI,2013,UNKNOWN,SPORT UTILITY VEHICLE (SUV),PERSONAL,E,STRAIGHT AHEAD,,,5,,,,,,,,Y,Y,,,,,,,,,REAR-RIGHT-CORNER,,,,,,,,,,,,,,,,,,,,,,,,,,,,,,,,,
2108726,78a29b2adda5aa38657c68416ef01d642c5b8f582af2b693d7d6da97a512cee333324152294807d1e08ef9c6bd7d245fc42e6123b9869c8a04cdf8e837ecf383,07/17/2025 03:50:00 PM,1,DRIVER,,2010277,,HYUNDAI,ACCENT,IL,2014,UNKNOWN,PASSENGER,PERSONAL,N,SLOW/STOP IN TRAFFIC,,,1,,,,,Y,Y,,,,,,,,,Y,Y,,FRONT,,,,,,,,,,,,,,,,,,,,,,,,,,,,,,,,,
2108727,78a29b2adda5aa38657c68416ef01d642c5b8f582af2b693d7d6da97a512cee333324152294807d1e08ef9c6bd7d245fc42e6123b9869c8a04cdf8e837ecf383,07/17/2025 03:50:00 PM,2,DRIVER,,2010281,,SUBARU,OUTBACK,IL,2024,UNKNOWN,PASSENGER,PERSONAL,N,SLOW/STOP IN TRAFFIC,,,1,,,,,,,,,,Y,,,,,,,,REAR,,,,,,,,,,,,,,,,,,,,,,,,,,,,,,,,,
2109458,520bcc37be8cb18305a9b01298f52063b9f583b8751a3f2d2515c93abf6c2f9b44d6228470883a745f79ca1f004e03c426c70e4ee5468ef40fc1aba5800e2662,07/17/2025 03:45:00 PM,1,DRIVER,,2010978,,UTILITY TRAILER,UTILITY TRAILER,IL,2000,UNKNOWN,TRACTOR W/ SEMI-TRAILER,OTHER,S,TURNING LEFT,,,1,,,,,,,,,,,,,,,,,Y,UNKNOWN,,,,,,,,,,,,,,,,,,,,,,,,,,,,,,,,,
2109459,520bcc37be8cb18305a9b01298f52063b9f583b8751a3f2d2515c93abf6c2f9b44d6228470883a745f79ca1f004e03c426c70e4ee5468ef40fc1aba5800e2662,07/17/2025 03:45:00 PM,2,DRIVER,,2010998,,HONDA,CIVIC,IL,2019,UNKNOWN,PASSENGER,PERSONAL,S,TURNING LEFT,,,1,,,,,,,,,,,,Y,Y,Y,,,,SIDE-LEFT,,,,,,,,,,,,,,,,,,,,,,,,,,,,,,,,,
2108685,3d00032961aa8367a8757d040efb2f7963a20f5b566b6825c18d6a9ff7f5870301fe6cc8e76641da68d95701b4cf906d8de812a8418ee7ccfada9d5f67a84715,07/17/2025 03:30:00 PM,1,DRIVER,,2010241,,TOYOTA,TACOMA,IL,2019,UNKNOWN,PICKUP,PERSONAL,S,STRAIGHT AHEAD,,,1,,,,,,,,,,,,,,,Y,,,FRONT-LEFT-CORNER,,,,,,,,,,,,,,,,,,,,,,,,,,,,,,,,,
2108686,3d00032961aa8367a8757d040efb2f7963a20f5b566b6825c18d6a9ff7f5870301fe6cc8e76641da68d95701b4cf906d8de812a8418ee7ccfada9d5f67a84715,07/17/2025 03:30:00 PM,2,DRIVER,,2010250,,FORD,EXPEDITION,IL,2018,UNKNOWN,SPORT UTILITY VEHICLE (SUV),PERSONAL,S,STRAIGHT AHEAD,,,1,,,,,,,,,Y,,,,,,,,,REAR-RIGHT-CORNER,,,,,,,,,,,,,,,,,,,,,,,,,,,,,,,,,
2115240,6601335ab48cdb59ae05737a65dd0c7a7e081a248b49dace9d77d107c0ae744a21dd119489fa9d27259a28218c3c3e4cfaa2172f7f7114e4dab723879109bd89,07/17/2025 03:30:00 PM,1,DRIVER,,2016474,,UNKNOWN,OTHER (EXPLAIN IN NARRATIVE),,,UNKNOWN,PASSENGER,PERSONAL,S,STRAIGHT AHEAD,,,1,,,,,,,,,,,,,,,,,Y,FRONT,,,,,,,,,,,,,,,,,,,,,,,,,,,,,,,,,
2115241,6601335ab48cdb59ae05737a65dd0c7a7e081a248b49dace9d77d107c0ae744a21dd119489fa9d27259a28218c3c3e4cfaa2172f7f7114e4dab723879109bd89,07/17/2025 03:30:00 PM,2,DRIVER,,2016478,,NISSAN,OTHER (EXPLAIN IN NARRATIVE),,2010,UNKNOWN,PASSENGER,PERSONAL,S,STRAIGHT AHEAD,,,1,,,,,,,,,,Y,,,,,,,,REAR,,,,,,,,,,,,,,,,,,,,,,,,,,,,,,,,,
2108694,b8c439af8f6a88d7c0d023687c5f978316fd78def7081b8ff91af0a7d668e8bbb62de8f03b7085908684de0502ecd52f7a4f058eeb51155c485185cf30451c86,07/17/2025 03:30:00 PM,1,DRIVER,,2010246,,LEXUS,RX,IL,2012,UNKNOWN,PASSENGER,PERSONAL,S,ENTERING TRAFFIC LANE FROM PARKING,,,1,,,,,,,,,,,,,,,Y,,,FRONT-LEFT-CORNER,,,,,,,,,,,,,,,,,,,,,,,,,,,,,,,,,
2108695,b8c439af8f6a88d7c0d023687c5f978316fd78def7081b8ff91af0a7d668e8bbb62de8f03b7085908684de0502ecd52f7a4f058eeb51155c485185cf30451c86,07/17/2025 03:30:00 PM,2,DRIVER,,2010259,,CHEVROLET,SILVERADO,IL,2026,UNKNOWN,PICKUP,UNKNOWN/NA,W,STRAIGHT AHEAD,,,1,,,,,Y,,,,,,,,,,Y,Y,,FRONT,,,,,,,,,,,,,,,,,,,,,,,,,,,,,,,,,
2108775,d3aed699b8a65366abbb6e371117d0c82ab0aa1a9723ee4d4fd6d233f7ff2b0361121da1e924f0d3443dff68d3506f7878bbb7669e40a43a525ca676aa23a4ca,07/17/2025 03:30:00 PM,1,DRIVER,,2010334,,CHEVROLET,SILVERADO,IL,2016,UNKNOWN,PICKUP,PERSONAL,SW,STRAIGHT AHEAD,,,1,,,,,,,,,,,,,,,,N,,UNKNOWN,,,,,,,,,,,,,,,,,,,,,,,,,,,,,,,,,
2108776,d3aed699b8a65366abbb6e371117d0c82ab0aa1a9723ee4d4fd6d233f7ff2b0361121da1e924f0d3443dff68d3506f7878bbb7669e40a43a525ca676aa23a4ca,07/17/2025 03:30:00 PM,2,DRIVER,,2010338,,HONDA,PILOT,IL,2016,NONE,PASSENGER,PERSONAL,SW,STRAIGHT AHEAD,,,1,,,,,,,,,,Y,,,,,,,,REAR,,,,,,,,,,,,,,,,,,,,,,,,,,,,,,,,,
2108692,8f94f33ad8796d9186f9d4cd01f2579dbfdb90f1be5f5fcc2fae579d23075fe08c76e3af102992d3c73e0c0f42376022d313b98b05bda44c8db25dc28023a7e1,07/17/2025 03:27:00 PM,1,DRIVER,1,2010258,,HYUNDAI,VENUE,IL,2024,NONE,PASSENGER,OTHER,N,TURNING RIGHT,,,2,,,,,Y,,,,,,,,,,,,,FRONT-RIGHT-CORNER,,,,,,,,,,,,,,,,,,,,,,,,,,,,,,,,,
2108693,8f94f33ad8796d9186f9d4cd01f2579dbfdb90f1be5f5fcc2fae579d23075fe08c76e3af102992d3c73e0c0f42376022d313b98b05bda44c8db25dc28023a7e1,07/17/2025 03:27:00 PM,2,DRIVER,,2010265,,HONDA,ACCORD,IL,2013,NONE,PASSENGER,PERSONAL,N,STRAIGHT AHEAD,,,1,,,,,,,,,,,Y,Y,Y,Y,Y,,,FRONT-LEFT-CORNER,,,,,,,,,,,,,,,,,,,,,,,,,,,,,,,,,
2108714,66ea273ed29f1b8495a4bb20ed31e7a7f70b7a29891d385e7ab11dcfc366654f7d4c28e38aa0ab2806227238588b27a6079d17b336661c008c9b67d12ac858a6,07/17/2025 03:14:00 PM,1,DRIVER,,2010271,,SUBARU,OTHER (EXPLAIN IN NARRATIVE),IL,2025,NONE,PASSENGER,PERSONAL,N,STRAIGHT AHEAD,,,1,,,,,,,,Y,,,,,,,,,,REAR-RIGHT-CORNER,,,,,,,,,,,,,,,,,,,,,,,,,,,,,,,,,
2108715,66ea273ed29f1b8495a4bb20ed31e7a7f70b7a29891d385e7ab11dcfc366654f7d4c28e38aa0ab2806227238588b27a6079d17b336661c008c9b67d12ac858a6,07/17/2025 03:14:00 PM,2,PARKED,1,2010273,,HYUNDAI,ELANTRA,IL,2025,NONE,PASSENGER,PERSONAL,N,PARKED,,,1,,,,,,,,,,,,,,Y,,,,FRONT-LEFT-CORNER,,,,,,,,,,,,,,,,,,,,,,,,,,,,,,,,,
2109372,e529877a9888a04c1f8823fa3f44154f5e1bba8507c47647b32b16b0e13353193c55fac99f58de1469984c06904e412eeb9ebe8be8c4b9ed34a11cab34d8a263,07/17/2025 03:10:00 PM,1,DRIVER,,2010893,,UNKNOWN,OTHER (EXPLAIN IN NARRATIVE),,,UNKNOWN,SPORT UTILITY VEHICLE (SUV),PERSONAL,S,STRAIGHT AHEAD,,,1,,,,,,,,,,,,,,N,N,,Y,FRONT,,,,,,,,,,,,,,,,,,,,,,,,,,,,,,,,,
2109373,e529877a9888a04c1f8823fa3f44154f5e1bba8507c47647b32b16b0e13353193c55fac99f58de1469984c06904e412eeb9ebe8be8c4b9ed34a11cab34d8a263,07/17/2025 03:10:00 PM,2,DRIVER,,2010903,,HONDA,PILOT,IL,2020,UNKNOWN,SPORT UTILITY VEHICLE (SUV),PERSONAL,S,STRAIGHT AHEAD,,,1,,,,,,,,Y,Y,Y,,,,,,,,REAR-RIGHT-CORNER,,,,,,,,,,,,,,,,,,,,,,,,,,,,,,,,,
2108657,2af169796787f16f5d9836f4641d20bf487074d7bf665b47f42e2c9025da7b1f4c4c298a6423307621bca34493c9817755e044bf372de9d8f9ccbc9182715631,07/17/2025 03:05:00 PM,1,DRIVER,,2010249,,JEEP,CHEROKEE,IL,2021,NONE,SPORT UTILITY VEHICLE (SUV),PERSONAL,N,PASSING/OVERTAKING,,,1,,,,,Y,N,,,,,,,,,,,,SIDE-RIGHT-FRONT,,,,,,,,,,,,,,,,,,,,,,,,,,,,,,,,,
2108658,2af169796787f16f5d9836f4641d20bf487074d7bf665b47f42e2c9025da7b1f4c4c298a6423307621bca34493c9817755e044bf372de9d8f9ccbc9182715631,07/17/2025 03:05:00 PM,2,PARKED,1,2010254,,JEEP,PATRIOT,IL,2014,NONE,OTHER,PERSONAL,N,PARKED,,,1,,,,,,,,,,,Y,,,,,,,SIDE-LEFT-REAR,,,,,,,,,,,,,,,,,,,,,,,,,,,,,,,,,
2108676,5ec988bf8f499213af40b76a51602c3b9948a7d2def1c9faebc1f60e771db1d3b832fcee94bd6bd7468eafde5d10118f8cd4a9b9e683e87a70cfb29fbf88315e,07/17/2025 03:02:00 PM,1,DRIVER,,2010234,,CHRYSLER,TOWN & COUNTRY,IL,2016,UNKNOWN,VAN/MINI-VAN,PERSONAL,W,STRAIGHT AHEAD,Y,,1,,PERSONAL INSURANCE,,,Y,Y,,,,,,,,,Y,Y,,FRONT-RIGHT-CORNER,,,,,,,,,,,,,,,,,,,,,,,,,,,,,,,,,
2108677,5ec988bf8f499213af40b76a51602c3b9948a7d2def1c9faebc1f60e771db1d3b832fcee94bd6bd7468eafde5d10118f8cd4a9b9e683e87a70cfb29fbf88315e,07/17/2025 03:02:00 PM,2,DRIVER,,2010240,,GENERAL MOTORS CORPORATION (GMC),ACADIA,,2017,UNKNOWN,OTHER,OTHER,NW,TURNING LEFT,Y,,1,,PRIVATE INSURANCE,,,,,Y,Y,Y,N,,,,,,,,SIDE-RIGHT-REAR,,,,,,,,,,,,,,,,,,,,,,,,,,,,,,,,,
2109944,05479d32dbb84996f8c5948713bb7fa78194ef23f267e6aa2364fee8827309e80f74979bd29d98b5b3ed87323428b0505b08d4c769a4bb6e398f836305e94ab3,07/17/2025 03:00:00 PM,1,DRIVER,,2011452,,CHEVROLET,CRUZE,IL,2012,UNKNOWN,PASSENGER,PERSONAL,N,AVOIDING VEHICLES/OBJECTS,,,1,,,,,,,,,,,,,,,,Y,,FRONT,,,,,,,,,,,,,,,,,,,,,,,,,,,,,,,,,
2108922,07f2483d71a24b221ff2680d8a719ad2a48f1fcba86c4a5abd9c647ef631f1cc17fc3c24b755671c884ed287d056f2a2e0fdc82d03b9a36802a6c6ed623e42ea,07/17/2025 03:00:00 PM,1,DRIVER,,2010470,,UNKNOWN,OTHER (EXPLAIN IN NARRATIVE),,,UNKNOWN,UNKNOWN/NA,UNKNOWN/NA,N,STRAIGHT AHEAD,,,1,,,,,,,,,,,,,,,,,Y,FRONT,,,,,,,,,,,,,,,,,,,,,,,,,,,,,,,,,
2108923,07f2483d71a24b221ff2680d8a719ad2a48f1fcba86c4a5abd9c647ef631f1cc17fc3c24b755671c884ed287d056f2a2e0fdc82d03b9a36802a6c6ed623e42ea,07/17/2025 03:00:00 PM,2,PARKED,,2010472,,JEEP,GRAND CHEROKEE,IL,2021,UNKNOWN,SPORT UTILITY VEHICLE (SUV),PERSONAL,N,PARKED,,,0,,,,,,,Y,Y,Y,,,,,,,,,SIDE-LEFT-REAR,,,,,,,,,,,,,,,,,,,,,,,,,,,,,,,,,
2108720,717e06c69c615600fa0271a277cd1baa0b54ae58bf60398fdee26d8a78f0898de835d0a723bc7f27a7e98f5a8edb50e46c862b41aa5c29e12fce50356099d95e,07/17/2025 03:00:00 PM,1,DRIVER,,2010282,,JAGUAR,F-TYPE,IL,2017,UNKNOWN,PASSENGER,PERSONAL,S,STRAIGHT AHEAD,,,1,,,,,Y,Y,,,,,,,,,Y,Y,,FRONT-RIGHT-CORNER,,,,,,,,,,,,,,,,,,,,,,,,,,,,,,,,,