CRASH_UNIT_ID,CRASH_RECORD_ID,CRASH_DATE,UNIT_NO,UNIT_TYPE,NUM_PASSENGERS,VEHICLE_ID,CMRC_VEH_I,MAKE,MODEL,LIC_PLATE_STATE,VEHICLE_YEAR,VEHICLE_DEFECT,VEHICLE_TYPE,VEHICLE_USE,TRAVEL_DIRECTION,MANEUVER,TOWED_I,FIRE_I,OCCUPANT_CNT,EXCEED_SPEED_LIMIT_I,TOWED_BY,TOWED_TO,AREA_00_I,AREA_01_I,AREA_02_I,AREA_03_I,AREA_04_I,AREA_05_I,AREA_06_I,AREA_07_I,AREA_08_I,AREA_09_I,AREA_10_I,AREA_11_I,AREA_12_I,AREA_99_I,FIRST_CONTACT_POINT,CMV_ID,USDOT_NO,CCMC_NO,ILCC_NO,COMMERCIAL_SRC,GVWR,CARRIER_NAME,CARRIER_STATE,CARRIER_CITY,HAZMAT_PLACARDS_I,HAZMAT_NAME,UN_NO,HAZMAT_PRESENT_I,HAZMAT_REPORT_I,HAZMAT_REPORT_NO,MCS_REPORT_I,MCS_REPORT_NO,HAZMAT_VIO_CAUSE_CRASH_I,MCS_VIO_CAUSE_CRASH_I,IDOT_PERMIT_NO,WIDE_LOAD_I,TRAILER1_WIDTH,TRAILER2_WIDTH,TRAILER1_LENGTH,TRAILER2_LENGTH,TOTAL_VEHICLE_LENGTH,AXLE_CNT,VEHICLE_CONFIG,CARGO_BODY_TYPE,LOAD_TYPE,HAZMAT_OUT_OF_SERVICE_I,MCS_OUT_OF_SERVICE_I,HAZMAT_CLASS
2108721,717e06c69c615600fa0271a277cd1baa0b54ae58bf60398fdee26d8a78f0898de835d0a723bc7f27a7e98f5a8edb50e46c862b41aa5c29e12fce50356099d95e,07/17/2025 03:00:00 PM,2,DRIVER,,2010295,,CHEVROLET,SUBURBAN,IL,2023,UNKNOWN,PASSENGER,PERSONAL,S,STRAIGHT AHEAD,,,1,,,,,Y,Y,,,,,,,,,Y,Y,,FRONT-RIGHT-CORNER,,,,,,,,,,,,,,,,,,,,,,,,,,,,,,,,,
2108712,e37de537e1eab4ff4666e54cc6009daaaddad77574e2de70c72f3542aa22f4744cc31ffe9ca53eb661bcefbf238a4b28ff8523c6fc9653009f1275fda5a9d361,07/17/2025 03:00:00 PM,1,DRIVER,,2010266,,UNKNOWN,OTHER (EXPLAIN IN NARRATIVE),,,UNKNOWN,UNKNOWN/NA,UNKNOWN/NA,UNKNOWN,UNKNOWN/NA,,,1,,,,,,,,,,,,,Y,,,,,SIDE-LEFT,,,,,,,,,,,,,,,,,,,,,,,,,,,,,,,,,
2108713,e37de537e1eab4ff4666e54cc6009daaaddad77574e2de70c72f3542aa22f4744cc31ffe9ca53eb661bcefbf238a4b28ff8523c6fc9653009f1275fda5a9d361,07/17/2025 03:00:00 PM,2,DRIVER,,2010270,,UNKNOWN,OTHER (EXPLAIN IN NARRATIVE),IL,2017,NONE,BUS OVER 15 PASS.,OTHER,N,STRAIGHT AHEAD,,,1,,,,Y,,,,,,,,,,,,,,NONE,,,,,,,,,,,,,,,,,,,,,,,,,,,,,,,,,
2113494,16a2a117d1a1b3d9421dd5afa4ebdf25c5547b95838b71089d34cf36ac8b853426c577fe3ba348cd7488efc5a2ba2f9b8c1bfc8e2b09ccdfb1cd94ff18b8ce2d,07/17/2025 02:45:00 PM,1,DRIVER,,2014840,,FORD,OTHER (EXPLAIN IN NARRATIVE),IL,2003,NONE,VAN/MINI-VAN,UNKNOWN/NA,S,CHANGING LANES,,,1,,,,,,,,,,,,,,,,,Y,FRONT-RIGHT-CORNER,,,,,,,,,,,,,,,,,,,,,,,,,,,,,,,,,
2113495,16a2a117d1a1b3d9421dd5afa4ebdf25c5547b95838b71089d34cf36ac8b853426c577fe3ba348cd7488efc5a2ba2f9b8c1bfc8e2b09ccdfb1cd94ff18b8ce2d,07/17/2025 02:45:00 PM,2,DRIVER,5,2014825,,VOLKSWAGEN,ROUTAN,IL,2010,NONE,VAN/MINI-VAN,PERSONAL,S,STRAIGHT AHEAD,,,6,,,,,,,,,,,,Y,Y,Y,,,,SIDE-LEFT,,,,,,,,,,,,,,,,,,,,,,,,,,,,,,,,,
2108689,2019df5c35cb6225b69ec9f1e111ae7e8c1b3359c2243ac1a1e39fed3a0da0cf4ff508e779b5b6bcc62bd8986982c8eb12e0a64739360363d268d0bb56977fb7,07/17/2025 02:45:00 PM,1,DRIVER,,2010242,,UNKNOWN,OTHER (EXPLAIN IN NARRATIVE),IL,,UNKNOWN,UNKNOWN/NA,UNKNOWN/NA,UNKNOWN,STRAIGHT AHEAD,,,1,,,,,,,,,,,,,,,,,Y,FRONT,,,,,,,,,,,,,,,,,,,,,,,,,,,,,,,,,
2108690,2019df5c35cb6225b69ec9f1e111ae7e8c1b3359c2243ac1a1e39fed3a0da0cf4ff508e779b5b6bcc62bd8986982c8eb12e0a64739360363d268d0bb56977fb7,07/17/2025 02:45:00 PM,2,DRIVER,,2010260,,GENERAL MOTORS CORPORATION (GMC),TERRAIN,IL,2011,NONE,SPORT UTILITY VEHICLE (SUV),PERSONAL,N,STRAIGHT AHEAD,Y,,1,,,,,Y,Y,Y,,,,,,,,,,,SIDE-RIGHT,,,,,,,,,,,,,,,,,,,,,,,,,,,,,,,,,
2108734,cccc45527f5a9166b8a595120380c69b62a6e59887f00a98d0b5bcd2eba2a093fe9612d26a615bdb89e6a417d396af34980b5463b4da3432db2e59c07ac4275c,07/17/2025 02:42:00 PM,1,DRIVER,,2010294,,MITSUBISHI,OUTLANDER,OK,2024,UNKNOWN,PASSENGER,UNKNOWN/NA,E,TURNING LEFT,Y,,1,,unk,unk,,,,,,,,,Y,Y,Y,Y,Y,,SIDE-LEFT,,,,,,,,,,,,,,,,,,,,,,,,,,,,,,,,,
2108735,cccc45527f5a9166b8a595120380c69b62a6e59887f00a98d0b5bcd2eba2a093fe9612d26a615bdb89e6a417d396af34980b5463b4da3432db2e59c07ac4275c,07/17/2025 02:42:00 PM,2,DRIVER,1,2010308,,CHEVROLET,SILVERADO,IL,2004,UNKNOWN,PASSENGER,PERSONAL,S,STRAIGHT AHEAD,Y,,2,,unk,unk,,,,,,,,,,,,,Y,,FRONT,,,,,,,,,,,,,,,,,,,,,,,,,,,,,,,,,
2108671,750c47d769c91f67e20c728ff92f3aee46bf9e3dee0fde23ee17a09c8eca4da9df89a63673fd178120a81e690dd3e0319858b98c311cfbf53aee83d45a35e2f5,07/17/2025 02:30:00 PM,1,DRIVER,,2010231,,TOYOTA,COROLLA,IL,2004,NONE,PASSENGER,UNKNOWN/NA,W,STRAIGHT AHEAD,,,1,,,,,Y,Y,,,,,,,,,,Y,Y,FRONT-RIGHT-CORNER,,,,,,,,,,,,,,,,,,,,,,,,,,,,,,,,,
2108672,750c47d769c91f67e20c728ff92f3aee46bf9e3dee0fde23ee17a09c8eca4da9df89a63673fd178120a81e690dd3e0319858b98c311cfbf53aee83d45a35e2f5,07/17/2025 02:30:00 PM,2,DRIVER,,2010233,,FORD,OTHER (EXPLAIN IN NARRATIVE),IL,2020,NONE,BUS UP TO 15 PASS.,OTHER,W,STRAIGHT AHEAD,,,1,,,,,,,,,,,Y,Y,,,,,Y,SIDE-LEFT-REAR,,,,,,,,,,,,,,,,,,,,,,,,,,,,,,,,,
2109470,76f91b052f052c0383557f9ed6f42a50464cf0e4699c6ab86c2ab9c8a66f510db6bd2762b443efc3ef0d61846027beef695e56ed32a7e42dc94a002f6dc73920,07/17/2025 02:30:00 PM,1,DRIVER,,2010991,,TOYOTA,TUNDRA,IL,2002,NONE,PICKUP,PERSONAL,S,BACKING,,,1,,,,,,,,,,Y,,,,,,,,REAR,,,,,,,,,,,,,,,,,,,,,,,,,,,,,,,,,
2109471,76f91b052f052c0383557f9ed6f42a50464cf0e4699c6ab86c2ab9c8a66f510db6bd2762b443efc3ef0d61846027beef695e56ed32a7e42dc94a002f6dc73920,07/17/2025 02:30:00 PM,2,DRIVER,,2010996,,TOYOTA,CAMRY,IL,2023,NONE,PASSENGER,PERSONAL,N,STRAIGHT AHEAD,,,1,,,,,,,,,,,,,,,,Y,,FRONT,,,,,,,,,,,,,,,,,,,,,,,,,,,,,,,,,
2108633,79a67dddb97af0932cde9c4317290fb9bd5476426eb8286556ae0e37eb6468fe2aa786b9277dab5bb5a20b6f34275695d7831cef5d057bcafcaa27d2b0bdaf52,07/17/2025 02:30:00 PM,1,DRIVER,,2010188,,LEXUS,RX,OH,2010,NONE,PASSENGER,PERSONAL,N,CHANGING LANES,,,1,,,,,Y,,,,,,,,,,,,,FRONT-RIGHT-CORNER,,,,,,,,,,,,,,,,,,,,,,,,,,,,,,,,,
2108634,79a67dddb97af0932cde9c4317290fb9bd5476426eb8286556ae0e37eb6468fe2aa786b9277dab5bb5a20b6f34275695d7831cef5d057bcafcaa27d2b0bdaf52,07/17/2025 02:30:00 PM,2,DRIVER,,2010191,,NISSAN,SENTRA,IL,2024,NONE,PASSENGER,PERSONAL,N,STRAIGHT AHEAD,,,1,,,,,,,,,,,Y,Y,,,,,,SIDE-LEFT-REAR,,,,,,,,,,,,,,,,,,,,,,,,,,,,,,,,,
2113211,8c319ff065e1878e1ea05ea5742fafd0e40e811182851abc17b21ad1cf9694256cc84efd64dfa3bd75c97e408076928bc322f9e46cc589f6d7fd1a961a38ee99,07/17/2025 02:30:00 PM,1,DRIVER,,2014554,,BMW,X5,IL,2017,UNKNOWN,SPORT UTILITY VEHICLE (SUV),PERSONAL,E,ENTER FROM DRIVE/ALLEY,,,1,,,,,,,,,,,,,,,,,Y,FRONT,,,,,,,,,,,,,,,,,,,,,,,,,,,,,,,,,
2113212,8c319ff065e1878e1ea05ea5742fafd0e40e811182851abc17b21ad1cf9694256cc84efd64dfa3bd75c97e408076928bc322f9e46cc589f6d7fd1a961a38ee99,07/17/2025 02:30:00 PM,2,PARKED,,2014557,,NISSAN,ALTIMA,IL,2008,NONE,PASSENGER,NOT IN USE,E,PARKED,,,0,,,,,,,,,,Y,,,,,,,,REAR,,,,,,,,,,,,,,,,,,,,,,,,,,,,,,,,,
2108648,980f5951b1b98d04bbf9044fa1e15f4bbb7edc17ec5b7f3ac367b997214df0cfe8f844ac7cff89599bb279bf433d1ac5b91c4d9fea5149d636b21fde2b52d95e,07/17/2025 02:28:00 PM,1,DRIVER,1,2010204,,NISSAN,ALTIMA,IL,2011,UNKNOWN,PASSENGER,PERSONAL,E,SLOW/STOP IN TRAFFIC,,,2,,,,,,,,,Y,Y,Y,,,,,,,REAR,,,,,,,,,,,,,,,,,,,,,,,,,,,,,,,,,
2108649,980f5951b1b98d04bbf9044fa1e15f4bbb7edc17ec5b7f3ac367b997214df0cfe8f844ac7cff89599bb279bf433d1ac5b91c4d9fea5149d636b21fde2b52d95e,07/17/2025 02:28:00 PM,2,DRIVER,,2010211,,DODGE,RAM 1500 PU,IL,2018,UNKNOWN,PICKUP,PERSONAL,E,STRAIGHT AHEAD,,,1,,,,,Y,,,,,,,,,,Y,Y,,FRONT,,,,,,,,,,,,,,,,,,,,,,,,,,,,,,,,,
2108604,c13053ca451a53a73c5804d6429fac9bac83f04918b1f0b34707d7f27502d096ceddccf72f3f61a4f00fa7f08a3f3f8edced42a6581847f60779f46f4b6b2ca5,07/17/2025 02:25:00 PM,1,DRIVER,,2010165,N,FREIGHTLINER CORPORATION,FREIGHTLINER CORP.,IL,2017,NONE,TRACTOR W/ SEMI-TRAILER,COMMERCIAL - MULTI-UNIT,NW,TURNING LEFT,,,1,,,,,,Y,,,,,,,,Y,,Y,,TOP,,,,,,,,,,,,,,,,,,,,,,,,,,,,,,,,,
2108632,ec00341e84ef9049ec9fc9a11a228d454272daea72d87d0a9bb7c379e055e1f93c1916c4b1ff3563243abbc7267546dcde9c654d010d5aece184c048ddbde9d9,07/17/2025 02:21:00 PM,2,DRIVER,,2010196,,CHEVROLET,TRAVERSE,IL,,NONE,SPORT UTILITY VEHICLE (SUV),POLICE,S,SLOW/STOP IN TRAFFIC,,,1,,,,,,,,,Y,N,N,,,,,,,REAR-RIGHT-CORNER,,,,,,,,,,,,,,,,,,,,,,,,,,,,,,,,,
2108635,ec00341e84ef9049ec9fc9a11a228d454272daea72d87d0a9bb7c379e055e1f93c1916c4b1ff3563243abbc7267546dcde9c654d010d5aece184c048ddbde9d9,07/17/2025 02:21:00 PM,1,DRIVER,,2010185,,NISSAN,SENTRA,IL,2004,UNKNOWN,PASSENGER,PERSONAL,S,STRAIGHT AHEAD,,,1,,,,,Y,,,,,,,,,,Y,Y,,FRONT,,,,,,,,,,,,,,,,,,,,,,,,,,,,,,,,,
2109972,625d22b5bf776145c70e77090ce5ebbe73a3b39d3a691db1389f95f1b37bbe802ca838c03ed15a612c9ce7225c0cefec5dbcab31c66652075b930af8b77833f4,07/17/2025 02:20:00 PM,1,DRIVER,,2011457,,STERLING,STERLING 827,IL,2005,UNKNOWN,TRUCK - SINGLE UNIT,UNKNOWN/NA,E,BACKING,,,1,,,,,,,,,,,,,,,,,Y,UNKNOWN,,,,,,,,,,,,,,,,,,,,,,,,,,,,,,,,,
2109973,625d22b5bf776145c70e77090ce5ebbe73a3b39d3a691db1389f95f1b37bbe802ca838c03ed15a612c9ce7225c0cefec5dbcab31c66652075b930af8b77833f4,07/17/2025 02:20:00 PM,2,DRIVER,1,2011458,,ACURA,ADX,IL,2017,UNKNOWN,PASSENGER,PERSONAL,SW,TURNING LEFT,,,2,,,,,,,,,Y,Y,Y,,,,,,,REAR,,,,,,,,,,,,,,,,,,,,,,,,,,,,,,,,,
2108748,e33b6f2e22cd1b656a58b8cabb7e60ba4ea05b3707ecd82d763d5d9d839e7d0aab6abcdd129fb2fbf2eb7d5aa3684009d6dc5fd31a4e6926d85d5a30a4eac4f7,07/17/2025 02:20:00 PM,1,DRIVER,,2010299,,VOLKSWAGEN,ATLAS,,,UNKNOWN,PASSENGER,PERSONAL,E,STRAIGHT AHEAD,,,1,,,,,,,,,,,,,,Y,Y,Y,,FRONT-LEFT-CORNER,,,,,,,,,,,,,,,,,,,,,,,,,,,,,,,,,
2108749,e33b6f2e22cd1b656a58b8cabb7e60ba4ea05b3707ecd82d763d5d9d839e7d0aab6abcdd129fb2fbf2eb7d5aa3684009d6dc5fd31a4e6926d85d5a30a4eac4f7,07/17/2025 02:20:00 PM,2,DRIVER,,2010301,,CHEVROLET,EQUINOX,MO,,UNKNOWN,PASSENGER,PERSONAL,N,STRAIGHT AHEAD,,,1,,,,,,Y,Y,,,,,,,,,,,SIDE-RIGHT-FRONT,,,,,,,,,,,,,,,,,,,,,,,,,,,,,,,,,
2108716,cded581ddc5c434d4e65808e14020894122805d4bedab84f3af342a1984f030000eb7c61a662c84177e2dd7eadafb985c4b51eee0a808246ba8fb2810650452d,07/17/2025 02:16:00 PM,1,DRIVER,,2010272,,DODGE,RAM 1500 VAN,,,UNKNOWN,OTHER,OTHER,W,STRAIGHT AHEAD,,,1,,,,,Y,,,,,,,,,,,,,FRONT-RIGHT-CORNER,,,,,,,,,,,,,,,,,,,,,,,,,,,,,,,,,
2108717,cded581ddc5c434d4e65808e14020894122805d4bedab84f3af342a1984f030000eb7c61a662c84177e2dd7eadafb985c4b51eee0a808246ba8fb2810650452d,07/17/2025 02:16:00 PM,2,DRIVER,,2010280,,FORD,FUSION,TN,2017,UNKNOWN,PASSENGER,PERSONAL,N,STRAIGHT AHEAD,Y,,1,,UNK,UNK,,,Y,,,,,,,,,,,,SIDE-RIGHT-FRONT,,,,,,,,,,,,,,,,,,,,,,,,,,,,,,,,,
2108613,1b762d6c90024bcf1451251d1124bd010484418870b9fb628a072124494522eb5e2cca1ff97f3adfece73131957b08d6341d46481e3ff302c14e2178f6f26e75,07/17/2025 02:13:00 PM,1,BICYCLE,,,,,,,,,,,,,,,,,,,,,,,,,,,,,,,,,,,,,,,,,,,,,,,,,,,,,,,,,,,,,,,,,,
2108614,1b762d6c90024bcf1451251d1124bd010484418870b9fb628a072124494522eb5e2cca1ff97f3adfece73131957b08d6341d46481e3ff302c14e2178f6f26e75,07/17/2025 02:13:00 PM,2,DRIVER,,2010173,,BMW,330I,IL,2025,UNKNOWN,PASSENGER,PERSONAL,S,TURNING RIGHT,,,1,,,,,,Y,Y,Y,,,,,,,,,,SIDE-RIGHT,,,,,,,,,,,,,,,,,,,,,,,,,,,,,,,,,
2116908,9ff5f4fc07302da0c05d94ce9c029f0cc1b076801b9fa6fcc893c8297946c59a8250b4bc49ee29b4e4fa5cb416bd22314d62b7fae9794a468ca471c6b2556d59,07/17/2025 02:05:00 PM,1,DRIVER,,2018065,,DODGE,OTHER (EXPLAIN IN NARRATIVE),IL,,NONE,TRUCK - SINGLE UNIT,TOW TRUCK,S,BACKING,,,1,,,,,,,,,,Y,Y,,,,,,,SIDE-LEFT-REAR,,,,,,,,,,,,,,,,,,,,,,,,,,,,,,,,,
2116909,9ff5f4fc07302da0c05d94ce9c029f0cc1b076801b9fa6fcc893c8297946c59a8250b4bc49ee29b4e4fa5cb416bd22314d62b7fae9794a468ca471c6b2556d59,07/17/2025 02:05:00 PM,2,PARKED,,2018070,,HYUNDAI,TUCSON,IL,2021,NONE,PASSENGER,PERSONAL,NW,PARKED,,,0,,,,,,,,,,,,Y,Y,N,,,,SIDE-LEFT,,,,,,,,,,,,,,,,,,,,,,,,,,,,,,,,,
2109019,d25c0b02fb0869b0842ed86e93fad6ad732fc23b49bc972bc36600731ed9b3edb405c355d8ed3027e395ba19166065dd0c985e9aab6ec4343972048dc578d4a2,07/17/2025 02:01:00 PM,1,DRIVER,1,2010661,,CHEVROLET,OTHER (EXPLAIN IN NARRATIVE),IL,2020,NONE,BUS UP TO 15 PASS.,SCHOOL BUS,W,STRAIGHT AHEAD,,,2,,,,,,,,,,,,,,,Y,,,FRONT-LEFT-CORNER,,,,,,,,,,,,,,,,,,,,,,,,,,,,,,,,,
2109020,d25c0b02fb0869b0842ed86e93fad6ad732fc23b49bc972bc36600731ed9b3edb405c355d8ed3027e395ba19166065dd0c985e9aab6ec4343972048dc578d4a2,07/17/2025 02:01:00 PM,2,DRIVER,,2010666,,TOYOTA,COROLLA,IL,2013,NONE,PASSENGER,PERSONAL,W,STRAIGHT AHEAD,,,1,,,,,Y,Y,,,,,,,,,,Y,,FRONT-RIGHT-CORNER,,,,,,,,,,,,,,,,,,,,,,,,,,,,,,,,,
2108619,02ff97fed97e118c3ced9d641768f9f0583a51517f73482788a91bd7182d137a6f89424e7898c26c048178ce895dd4ceea7395df49a77c82f8aec340fcdc8b56,07/17/2025 02:00:00 PM,1,DRIVER,,2010184,,TOYOTA,YARIS,IL,2017,UNKNOWN,PASSENGER,PERSONAL,N,STRAIGHT AHEAD,,,1,,,,,Y,Y,Y,Y,,,,Y,Y,Y,Y,,,SIDE-RIGHT,,,,,,,,,,,,,,,,,,,,,,,,,,,,,,,,,
2108620,02ff97fed97e118c3ced9d641768f9f0583a51517f73482788a91bd7182d137a6f89424e7898c26c048178ce895dd4ceea7395df49a77c82f8aec340fcdc8b56,07/17/2025 02:00:00 PM,2,DRIVER,,2010198,,FORD,EDGE,IL,2010,UNKNOWN,PASSENGER,PERSONAL,N,STRAIGHT AHEAD,,,1,,,,,Y,Y,Y,Y,Y,,,,,,,,,SIDE-RIGHT,,,,,,,,,,,,,,,,,,,,,,,,,,,,,,,,,
2108621,02ff97fed97e118c3ced9d641768f9f0583a51517f73482788a91bd7182d137a6f89424e7898c26c048178ce895dd4ceea7395df49a77c82f8aec340fcdc8b56,07/17/2025 02:00:00 PM,3,DRIVER,,2010207,,UNKNOWN,OTHER (EXPLAIN IN NARRATIVE),,,UNKNOWN,UNKNOWN/NA,UNKNOWN/NA,N,STRAIGHT AHEAD,,,1,,,,,N,,,,,,,,,,,,,UNKNOWN,,,,,,,,,,,,,,,,,,,,,,,,,,,,,,,,,
2109147,54335c056a4c819518f5fcef214df3be755bb8d0efc0f40a148ddbbcd0ee0adb9a53a7b42fce56409a627a92dae23618463d6073355a20dcdda791b1f529480f,07/17/2025 02:00:00 PM,1,DRIVER,,2010680,,NISSAN,PATHFINDER,IL,2006,UNKNOWN,SPORT UTILITY VEHICLE (SUV),UNKNOWN/NA,N,STRAIGHT AHEAD,,,1,,,,,Y,,,,,,,,,,Y,Y,,FRONT,,,,,,,,,,,,,,,,,,,,,,,,,,,,,,,,,
2109148,54335c056a4c819518f5fcef214df3be755bb8d0efc0f40a148ddbbcd0ee0adb9a53a7b42fce56409a627a92dae23618463d6073355a20dcdda791b1f529480f,07/17/2025 02:00:00 PM,2,DRIVER,,2010684,,TOYOTA,COROLLA,IL,2019,UNKNOWN,PASSENGER,PERSONAL,N,STRAIGHT AHEAD,,,1,,,,,,,,,Y,Y,Y,,,,,,,REAR,,,,,,,,,,,,,,,,,,,,,,,,,,,,,,,,,
2108617,b7be93363cd887dd0e776d6342079e00ef5347a1076511dd83c71f5b013ffa1fe0a62cd524cdaec09096b58c90000e57882f68e1fe57f1498fe40d34016a1645,07/17/2025 01:59:00 PM,1,DRIVER,,2010175,,TOYOTA,RAV4,,2020,NONE,PASSENGER,PERSONAL,E,STRAIGHT AHEAD,,,1,,,,,,,Y,Y,Y,,,,,,,,,SIDE-RIGHT-REAR,,,,,,,,,,,,,,,,,,,,,,,,,,,,,,,,,
2108618,b7be93363cd887dd0e776d6342079e00ef5347a1076511dd83c71f5b013ffa1fe0a62cd524cdaec09096b58c90000e57882f68e1fe57f1498fe40d34016a1645,07/17/2025 01:59:00 PM,2,DRIVER,,2010182,,FORD,VAN,IL,2024,NONE,VAN/MINI-VAN,OTHER,E,STRAIGHT AHEAD,,,1,,,,,,,,,,,,,,Y,Y,,,FRONT-LEFT-CORNER,,,,,,,,,,,,,,,,,,,,,,,,,,,,,,,,,
2108655,3d953ad04b751faec2747a71ea1ca160eca0069d69ff0915a448f6f612727603bb6a3a4e39d3974c299ed03ef740b62ef566ad2d024a0e7ff8663aa025053539,07/17/2025 01:55:00 PM,1,DRIVER,,2010217,,LINCOLN,NAVIGATOR,IL,2017,UNKNOWN,SPORT UTILITY VEHICLE (SUV),PERSONAL,S,STRAIGHT AHEAD,,,1,,,,,Y,,,,,,,,,,,,,FRONT-RIGHT-CORNER,,,,,,,,,,,,,,,,,,,,,,,,,,,,,,,,,
2108656,3d953ad04b751faec2747a71ea1ca160eca0069d69ff0915a448f6f612727603bb6a3a4e39d3974c299ed03ef740b62ef566ad2d024a0e7ff8663aa025053539,07/17/2025 01:55:00 PM,2,DRIVER,,2010224,,FORD,FUSION,WI,2012,UNKNOWN,PASSENGER,PERSONAL,S,STRAIGHT AHEAD,Y,,1,,PRIVATE TOW,UNK,,,,,,,,Y,Y,Y,Y,Y,,,UNKNOWN,,,,,,,,,,,,,,,,,,,,,,,,,,,,,,,,,
2108670,5fa3120f1d8476c6a4c71f2da5a674938c4b442b3c9fbcc341addc08514aae614a2c42d2458f6334fcadf209b5b3d44f5bb7e906c7f72e52f27f3435f99f5b4a,07/17/2025 01:53:00 PM,1,DRIVER,2,2010228,,KIA,OPTIMA / K5,IL,2017,UNKNOWN,PASSENGER,PERSONAL,W,TURNING LEFT,,,3,,,,,,,,,,,,,Y,Y,Y,,,FRONT-LEFT-CORNER,,,,,,,,,,,,,,,,,,,,,,,,,,,,,,,,,
2108654,23b91b0f3c102ec26ea115c0c2535f5dd86da986f71b29b72e12297402abcf22ea1fa15bfa95bbe3b7ca6255050144364129467d5bbba551ce14a1968da909b7,07/17/2025 01:50:00 PM,1,DRIVER,,2010236,,HYUNDAI,TUCSON,IL,2019,UNKNOWN,SPORT UTILITY VEHICLE (SUV),PERSONAL,N,TURNING LEFT,,,1,,,,,,,,,,,,,,,,,Y,FRONT,,,,,,,,,,,,,,,,,,,,,,,,,,,,,,,,,
2108673,23b91b0f3c102ec26ea115c0c2535f5dd86da986f71b29b72e12297402abcf22ea1fa15bfa95bbe3b7ca6255050144364129467d5bbba551ce14a1968da909b7,07/17/2025 01:50:00 PM,2,DRIVER,,2010230,,CHEVROLET,MALIBU,IL,2023,NONE,PASSENGER,PERSONAL,S,STRAIGHT AHEAD,,,1,,,,,,,,,,,,,,,Y,,,FRONT-LEFT-CORNER,,,,,,,,,,,,,,,,,,,,,,,,,,,,,,,,,
2108682,f6b301d6c80e206690bccbf7458b730454ccfd359155202ba00a9ebe13c3306e5a82477ba3764b42d78896f129526262f2987d52370db154413bce27d3c1af3c,07/17/2025 01:50:00 PM,1,DRIVER,,2010252,,TOYOTA,HIGHLANDER,IL,2021,NONE,PASSENGER,PERSONAL,S,STRAIGHT AHEAD,,,1,,,,,,,,,,,,,,,,Y,,FRONT,,,,,,,,,,,,,,,,,,,,,,,,,,,,,,,,,
2108683,f6b301d6c80e206690bccbf7458b730454ccfd359155202ba00a9ebe13c3306e5a82477ba3764b42d78896f129526262f2987d52370db154413bce27d3c1af3c,07/17/2025 01:50:00 PM,2,DRIVER,1,2010239,,FORD,FUSION,IL,2016,NONE,PASSENGER,PERSONAL,E,STRAIGHT AHEAD,,,2,,,,,,,,,,,Y,,,,,,,REAR-LEFT-CORNER,,,,,,,,,,,,,,,,,,,,,,,,,,,,,,,,,
2108687,0dba40317f930b9f87f0a57f8cf6c5d08915fb79562d954c202a0fa674a2aa905115614fc7710308ad66b5a09f6824a8b0aa20cb6825d0f17645ca7544c16753,07/17/2025 01:45:00 PM,1,DRIVER,,2010244,,CADILLAC,ESCALADE,IL,2024,UNKNOWN,SPORT UTILITY VEHICLE (SUV),OTHER,N,TURNING LEFT,,,1,,,,,,,,,,,Y,Y,,,,,,REAR-LEFT-CORNER,,,,,,,,,,,,,,,,,,,,,,,,,,,,,,,,,
2108688,0dba40317f930b9f87f0a57f8cf6c5d08915fb79562d954c202a0fa674a2aa905115614fc7710308ad66b5a09f6824a8b0aa20cb6825d0f17645ca7544c16753,07/17/2025 01:45:00 PM,2,DRIVER,,2010256,,KIA,FORTE,IL,2013,UNKNOWN,PASSENGER,PERSONAL,E,STRAIGHT AHEAD,Y,,1,,Signature towing,Unk,,Y,,,,,,,,,,Y,Y,,FRONT,,,,,,,,,,,,,,,,,,,,,,,,,,,,,,,,,
2109860,7245eae03b4e9392405403bd6daded1a58b6a61a01a5a680f4ef69432a84cd0a8832b734cdfdf828cac38eea620aa56784431c8de754ce50f6089aaeec9eaa77,07/17/2025 01:45:00 PM,1,DRIVER,,2011361,,JEEP,CHEROKEE,IL,2015,UNKNOWN,PASSENGER,PERSONAL,W,STRAIGHT AHEAD,,,1,,,,,N,,,,,,,,,,N,,,FRONT,,,,,,,,,,,,,,,,,,,,,,,,,,,,,,,,,
2109861,7245eae03b4e9392405403bd6daded1a58b6a61a01a5a680f4ef69432a84cd0a8832b734cdfdf828cac38eea620aa56784431c8de754ce50f6089aaeec9eaa77,07/17/2025 01:45:00 PM,2,DRIVER,,2011362,,FORD,MUSTANG,IL,2020,NONE,PASSENGER,PERSONAL,W,STRAIGHT AHEAD,,,1,,,,,,,,Y,Y,,,,,,,,,REAR-RIGHT-CORNER,,,,,,,,,,,,,,,,,,,,,,,,,,,,,,,,,
2108708,8cbbd005db0fc98cab687feb2d0396b224d8e7425e5786b2f743cfe2f2ada006f0bf1b54b779e6b23325ddaa5472ce87a0bd805affcc46253ef4275c5d15c558,07/17/2025 01:45:00 PM,1,BICYCLE,,,,,,,,,,,,,,,,,,,,,,,,,,,,,,,,,,,,,,,,,,,,,,,,,,,,,,,,,,,,,,,,,,
2108709,8cbbd005db0fc98cab687feb2d0396b224d8e7425e5786b2f743cfe2f2ada006f0bf1b54b779e6b23325ddaa5472ce87a0bd805affcc46253ef4275c5d15c558,07/17/2025 01:45:00 PM,2,DRIVER,,2010286,,MERCEDES-BENZ,OTHER (EXPLAIN IN NARRATIVE),IL,2023,NONE,VAN/MINI-VAN,CONSTRUCTION/MAINTENANCE,S,STRAIGHT AHEAD,,,1,,,,,Y,,,,,,,,,,,,,SIDE-RIGHT-FRONT,,,,,,,,,,,,,,,,,,,,,,,,,,,,,,,,,