CRASH_UNIT_ID,CRASH_RECORD_ID,CRASH_DATE,UNIT_NO,UNIT_TYPE,NUM_PASSENGERS,VEHICLE_ID,CMRC_VEH_I,MAKE,MODEL,LIC_PLATE_STATE,VEHICLE_YEAR,VEHICLE_DEFECT,VEHICLE_TYPE,VEHICLE_USE,TRAVEL_DIRECTION,MANEUVER,TOWED_I,FIRE_I,OCCUPANT_CNT,EXCEED_SPEED_LIMIT_I,TOWED_BY,TOWED_TO,AREA_00_I,AREA_01_I,AREA_02_I,AREA_03_I,AREA_04_I,AREA_05_I,AREA_06_I,AREA_07_I,AREA_08_I,AREA_09_I,AREA_10_I,AREA_11_I,AREA_12_I,AREA_99_I,FIRST_CONTACT_POINT,CMV_ID,USDOT_NO,CCMC_NO,ILCC_NO,COMMERCIAL_SRC,GVWR,CARRIER_NAME,CARRIER_STATE,CARRIER_CITY,HAZMAT_PLACARDS_I,HAZMAT_NAME,UN_NO,HAZMAT_PRESENT_I,HAZMAT_REPORT_I,HAZMAT_REPORT_NO,MCS_REPORT_I,MCS_REPORT_NO,HAZMAT_VIO_CAUSE_CRASH_I,MCS_VIO_CAUSE_CRASH_I,IDOT_PERMIT_NO,WIDE_LOAD_I,TRAILER1_WIDTH,TRAILER2_WIDTH,TRAILER1_LENGTH,TRAILER2_LENGTH,TOTAL_VEHICLE_LENGTH,AXLE_CNT,VEHICLE_CONFIG,CARGO_BODY_TYPE,LOAD_TYPE,HAZMAT_OUT_OF_SERVICE_I,MCS_OUT_OF_SERVICE_I,HAZMAT_CLASS
2108593,42699f62fbaed69d9fc12f63523a99e18381722b4e7b1387a01f2a9324490c2ef6c96b5047ae058c8be410eab36fef4edbb129673f01599b1ff777abfd9eb2d6,07/17/2025 01:44:00 PM,1,DRIVER,,2010152,,NISSAN,SENTRA,IL,2011,UNKNOWN,PASSENGER,PERSONAL,N,STRAIGHT AHEAD,,,1,,,,,Y,,,,,,,,,,Y,Y,,FRONT,,,,,,,,,,,,,,,,,,,,,,,,,,,,,,,,,
2108594,42699f62fbaed69d9fc12f63523a99e18381722b4e7b1387a01f2a9324490c2ef6c96b5047ae058c8be410eab36fef4edbb129673f01599b1ff777abfd9eb2d6,07/17/2025 01:44:00 PM,2,DRIVER,,2010161,,FORD,EXPLORER,IL,2022,UNKNOWN,SPORT UTILITY VEHICLE (SUV),OTHER,N,STRAIGHT AHEAD,,,1,,,,,,,,,,Y,,,,,,,,REAR,,,,,,,,,,,,,,,,,,,,,,,,,,,,,,,,,
2108652,555df8e0b1adb297a9ca5e78e7021e0e451e3630079efc92e33b7af0789c6532a4b3f36acd9b902e9d6731762d3cfe68d736ecbe06346e9825e9d0f7fd6c94e9,07/17/2025 01:40:00 PM,1,DRIVER,1,2010212,,HONDA,ACCORD,IL,2021,UNKNOWN,PASSENGER,PERSONAL,S,TURNING LEFT,,,2,,,,,,,,,,,,Y,Y,,,,,SIDE-LEFT,,,,,,,,,,,,,,,,,,,,,,,,,,,,,,,,,
2108653,555df8e0b1adb297a9ca5e78e7021e0e451e3630079efc92e33b7af0789c6532a4b3f36acd9b902e9d6731762d3cfe68d736ecbe06346e9825e9d0f7fd6c94e9,07/17/2025 01:40:00 PM,2,DRIVER,,2010221,,TOYOTA,PRIUS,TX,2008,UNKNOWN,PASSENGER,PERSONAL,W,STRAIGHT AHEAD,Y,,1,,PRIVATE TOW,UNKNOWN,,,,,,,,,,,,Y,Y,,FRONT-LEFT-CORNER,,,,,,,,,,,,,,,,,,,,,,,,,,,,,,,,,
2108636,935ee29cb05151690e87ecc906aeea559813a50f76ad2b2e739b6ae3529949555493af17eb7b28e072b3d479a3f3863c26af3269dca4d5fc811b5d25ce48ae36,07/17/2025 01:40:00 PM,1,DRIVER,,2010195,,HONDA,ACCORD,IL,2014,NONE,PASSENGER,PERSONAL,N,STRAIGHT AHEAD,,,1,,,,,,,,,,,,,,,,Y,,FRONT,,,,,,,,,,,,,,,,,,,,,,,,,,,,,,,,,
2108637,935ee29cb05151690e87ecc906aeea559813a50f76ad2b2e739b6ae3529949555493af17eb7b28e072b3d479a3f3863c26af3269dca4d5fc811b5d25ce48ae36,07/17/2025 01:40:00 PM,2,DRIVER,,2010215,,LEXUS,NX,IL,2021,NONE,PASSENGER,PERSONAL,N,STRAIGHT AHEAD,,,1,,,,,,,,,,Y,,,,,,,,REAR,,,,,,,,,,,,,,,,,,,,,,,,,,,,,,,,,
2108608,663ab85228b06b01bc1de49e7d29e1fb837b7ab4f4db9d8113fde922d51946342c158cd3f1a42c86938f2b013dc4c07c0094ad34e2e67e55f5198d92110f96d5,07/17/2025 01:30:00 PM,1,DRIVER,,2010169,,HYUNDAI,KONA,IL,2020,UNKNOWN,SPORT UTILITY VEHICLE (SUV),UNKNOWN/NA,S,PASSING/OVERTAKING,,,1,,,,,Y,Y,,,,,,,,,,,,FRONT-RIGHT-CORNER,,,,,,,,,,,,,,,,,,,,,,,,,,,,,,,,,
2108609,663ab85228b06b01bc1de49e7d29e1fb837b7ab4f4db9d8113fde922d51946342c158cd3f1a42c86938f2b013dc4c07c0094ad34e2e67e55f5198d92110f96d5,07/17/2025 01:30:00 PM,2,DRIVER,,2010181,,CHEVROLET,EXPRESS,IL,2017,UNKNOWN,OTHER,OTHER,S,TURNING LEFT,Y,,1,,PRIVATE COMPANY,PRIVATE LOT,,,,,,,,,,,,Y,,,FRONT-LEFT-CORNER,,,,,,,,,,,,,,,,,,,,,,,,,,,,,,,,,
2108696,147fd4b7196c928500b84267c0400aa45e80c4773e4f39026d9817cae3f5b7ef4fe0dfbdab055793e5231e33795f9179ed6f4d3c4cdaba1ae7e58707dde0fc5a,07/17/2025 01:21:00 PM,1,DRIVER,,2010245,,JEEP,GRAND CHEROKEE,IL,2023,UNKNOWN,SPORT UTILITY VEHICLE (SUV),PERSONAL,E,CHANGING LANES,,,1,,,,,Y,,,,,,,,,,Y,Y,,FRONT,,,,,,,,,,,,,,,,,,,,,,,,,,,,,,,,,
2108697,147fd4b7196c928500b84267c0400aa45e80c4773e4f39026d9817cae3f5b7ef4fe0dfbdab055793e5231e33795f9179ed6f4d3c4cdaba1ae7e58707dde0fc5a,07/17/2025 01:21:00 PM,2,DRIVER,,2010253,,AUDI,A7,IL,2012,UNKNOWN,PASSENGER,PERSONAL,E,SLOW/STOP IN TRAFFIC,,,1,,,,,Y,Y,,Y,Y,Y,,,,,N,Y,,REAR,,,,,,,,,,,,,,,,,,,,,,,,,,,,,,,,,
2108565,207ec072482c0157ff522dab4328913e21abcbdf0af5d6b3c835befd3d8637c8370f87632967cfe0777bf47474a6d0c1a95a52d2dc65dd3148c1dfc5f60d1422,07/17/2025 01:20:00 PM,1,DRIVER,,2010126,,ACURA,ADX,IL,2002,NONE,PASSENGER,PERSONAL,W,BACKING,,,1,,,,,,,,,Y,Y,Y,,,,,,,UNKNOWN,,,,,,,,,,,,,,,,,,,,,,,,,,,,,,,,,
2108566,207ec072482c0157ff522dab4328913e21abcbdf0af5d6b3c835befd3d8637c8370f87632967cfe0777bf47474a6d0c1a95a52d2dc65dd3148c1dfc5f60d1422,07/17/2025 01:20:00 PM,2,PARKED,,2010130,,LEXUS,RC,IL,2015,NONE,PASSENGER,PERSONAL,W,PARKED,,,0,,,,,Y,Y,,,,,,,,,,Y,,FRONT-RIGHT-CORNER,,,,,,,,,,,,,,,,,,,,,,,,,,,,,,,,,
2108567,7cdfd7e5acdc528708f897ae06610fd1b40a44eaf1db15e676d34281a5ae12ea8c15f371e226888e272624fdf5cbf2864a3a00081d495603f4309229e8b590e0,07/17/2025 01:16:00 PM,1,DRIVER,,2010143,,CHEVROLET,TRAVERSE,IL,2019,NONE,PASSENGER,PERSONAL,SW,TURNING LEFT,,,1,,,,,Y,,,,,,,,,,,,,FRONT-RIGHT-CORNER,,,,,,,,,,,,,,,,,,,,,,,,,,,,,,,,,
2108568,7cdfd7e5acdc528708f897ae06610fd1b40a44eaf1db15e676d34281a5ae12ea8c15f371e226888e272624fdf5cbf2864a3a00081d495603f4309229e8b590e0,07/17/2025 01:16:00 PM,2,DRIVER,,2010150,,NISSAN,ALTIMA,IL,2021,NONE,PASSENGER,PERSONAL,S,STRAIGHT AHEAD,,,1,,,,,,,,,,,,,Y,Y,Y,,,SIDE-LEFT,,,,,,,,,,,,,,,,,,,,,,,,,,,,,,,,,
2108569,33b61b2ad18cc3895acaf8d770f141ad8ede5dd26cfb611865c4febe1340af22d3a8c0b092ea8974177a0e0ea04250ec28d143d840d6b9acaf91663858dda10d,07/17/2025 01:10:00 PM,1,DRIVER,,2010140,,CHEVROLET,OTHER (EXPLAIN IN NARRATIVE),IL,1995,UNKNOWN,VAN/MINI-VAN,UNKNOWN/NA,E,STRAIGHT AHEAD,,,1,,,,,,,,,,,,,,,,,Y,REAR,,,,,,,,,,,,,,,,,,,,,,,,,,,,,,,,,
2108570,33b61b2ad18cc3895acaf8d770f141ad8ede5dd26cfb611865c4febe1340af22d3a8c0b092ea8974177a0e0ea04250ec28d143d840d6b9acaf91663858dda10d,07/17/2025 01:10:00 PM,2,DRIVER,1,2010133,,HONDA,CR-V,IL,2009,UNKNOWN,SPORT UTILITY VEHICLE (SUV),PERSONAL,E,SLOW/STOP IN TRAFFIC,,,2,,,,,,,,,,,,,,,,Y,,FRONT,,,,,,,,,,,,,,,,,,,,,,,,,,,,,,,,,
2108585,b3e3c555443dc09cf703919b95c248d2446c0f65246a7351dfdd65dda4ca57defc2eb8d9ddbd643207cb323ee50143aa9cb8a93884485171e368f991e66577eb,07/17/2025 01:04:00 PM,1,DRIVER,,2010147,,FORD,FOCUS,IL,2006,UNKNOWN,PASSENGER,PERSONAL,N,U-TURN,Y,,1,,private tow,,,,,,,,,,Y,Y,,,,,SIDE-LEFT,,,,,,,,,,,,,,,,,,,,,,,,,,,,,,,,,
2108586,b3e3c555443dc09cf703919b95c248d2446c0f65246a7351dfdd65dda4ca57defc2eb8d9ddbd643207cb323ee50143aa9cb8a93884485171e368f991e66577eb,07/17/2025 01:04:00 PM,2,DRIVER,,2010153,,HONDA,CIVIC,IL,2012,UNKNOWN,PASSENGER,PERSONAL,N,STARTING IN TRAFFIC,Y,,1,,private tow,,,Y,,,,,,,,,,Y,Y,,FRONT,,,,,,,,,,,,,,,,,,,,,,,,,,,,,,,,,
2108558,cb600422e9647c10aea48a12259d02f9eab3b2c45cbddd65dbfbc8073d916511772b997b482b507d883964f65841282074fe5a6fa9f348b18c3a44f4f120c444,07/17/2025 01:01:00 PM,1,DRIVER,2,2010123,,FORD,TAURUS,IL,2020,NONE,PASSENGER,POLICE,S,STRAIGHT AHEAD,,,3,,,,,,,,,,,,,,Y,,,,FRONT-LEFT-CORNER,,,,,,,,,,,,,,,,,,,,,,,,,,,,,,,,,
2108559,cb600422e9647c10aea48a12259d02f9eab3b2c45cbddd65dbfbc8073d916511772b997b482b507d883964f65841282074fe5a6fa9f348b18c3a44f4f120c444,07/17/2025 01:01:00 PM,2,DRIVER,,2010129,,CHEVROLET,SILVERADO,IL,2021,NONE,PASSENGER,PERSONAL,S,STRAIGHT AHEAD,,,1,,,,,Y,Y,Y,,,,,,,,,,,FRONT-RIGHT-CORNER,,,,,,,,,,,,,,,,,,,,,,,,,,,,,,,,,
2109081,1681f0097c98bfcb667703571ce25bf3aa05e45d944bd4af632e773ea4770eb853128494d589f21db5e1cd644a6006464eb898f0b136c36870f3571d5c3de940,07/17/2025 01:00:00 PM,1,DRIVER,,2010615,,FORD,ESCAPE,,2010,NONE,PASSENGER,UNKNOWN/NA,W,STRAIGHT AHEAD,,,1,,,,,,,,,,,,,,,,,Y,FRONT-RIGHT-CORNER,,,,,,,,,,,,,,,,,,,,,,,,,,,,,,,,,
2109082,1681f0097c98bfcb667703571ce25bf3aa05e45d944bd4af632e773ea4770eb853128494d589f21db5e1cd644a6006464eb898f0b136c36870f3571d5c3de940,07/17/2025 01:00:00 PM,2,PARKED,1,2010621,,TESLA,MODEL Y,IL,2022,NONE,PASSENGER,NOT IN USE,W,PARKED,,,1,,,,,,,,,,,,,,Y,Y,,,FRONT-LEFT-CORNER,,,,,,,,,,,,,,,,,,,,,,,,,,,,,,,,,
2108581,777982f2e5aa5c3ad509faf6ab1ea81b7f0672761f9c1fc0a2cd39d1ad693da855c411391643c1a1aeb1c1e2c30bca8f4f10db605e67329e07c8b193b4935205,07/17/2025 01:00:00 PM,1,DRIVER,,2010167,,VOLVO,OTHER (EXPLAIN IN NARRATIVE),IL,2022,UNKNOWN,SPORT UTILITY VEHICLE (SUV),PERSONAL,S,SLOW/STOP IN TRAFFIC,,,1,,,,,,,,,,,,,,,Y,,,FRONT-LEFT-CORNER,,,,,,,,,,,,,,,,,,,,,,,,,,,,,,,,,
2108582,777982f2e5aa5c3ad509faf6ab1ea81b7f0672761f9c1fc0a2cd39d1ad693da855c411391643c1a1aeb1c1e2c30bca8f4f10db605e67329e07c8b193b4935205,07/17/2025 01:00:00 PM,2,DRIVER,2,2010189,,VOLVO,V60,IL,2020,UNKNOWN,PASSENGER,PERSONAL,S,SLOW/STOP IN TRAFFIC,,,3,,,,,,,,,Y,,,,,,,,,REAR-RIGHT-CORNER,,,,,,,,,,,,,,,,,,,,,,,,,,,,,,,,,
2108598,b1b75097a36a74037c4af84fe8ba8b58c4301ea7093327926280c207e01d5aa0b62e4f61b102b986b06867a36abb82c0136aa7da651423b7aa953e6a4faa696c,07/17/2025 01:00:00 PM,1,DRIVER,,2010156,Y,"PETERBILT MOTORS COMPANY (DIVISION OF PACCAR, INC.)","PETERBILT MOTORS CO., DIVISION PACCAR, INC.",ID,1999,UNKNOWN,TRACTOR W/ SEMI-TRAILER,OTHER,S,TURNING RIGHT,,,1,,,,Y,,,,,,,Y,,,,Y,,,REAR,"21,841",1010403,579575,,LOG BOOK,3,ENGELBERT TRUCKING LLC,ID,CALDWELL,,,,,,,,,,,,,,,53,,,,TRACTOR/SEMI-TRAILER,OTHER,OTHER,,,
2108600,b1b75097a36a74037c4af84fe8ba8b58c4301ea7093327926280c207e01d5aa0b62e4f61b102b986b06867a36abb82c0136aa7da651423b7aa953e6a4faa696c,07/17/2025 01:00:00 PM,2,PARKED,,2010166,,FORD,OTHER (EXPLAIN IN NARRATIVE),IL,1998,UNKNOWN,TRUCK - SINGLE UNIT,UNKNOWN/NA,W,PARKED,,,0,,,,,,,,,,,,,,Y,Y,,,SIDE-LEFT-FRONT,,,,,,,,,,,,,,,,,,,,,,,,,,,,,,,,,
2108587,8faf9a2e5d4e7f2f6a3161781712cfc5c9539d19d79d9ba2407bfced5eac16c0e50d9ba4f7803cf77ba54f9972721296da3fff4d71b44742eae61ace8426f534,07/17/2025 12:59:00 PM,1,DRIVER,,2010151,,INFINITI,OTHER (EXPLAIN IN NARRATIVE),IL,2013,UNKNOWN,PASSENGER,PERSONAL,E,STRAIGHT AHEAD,,,1,,,,,,,,,,,,,,,,Y,,FRONT,,,,,,,,,,,,,,,,,,,,,,,,,,,,,,,,,
2108588,8faf9a2e5d4e7f2f6a3161781712cfc5c9539d19d79d9ba2407bfced5eac16c0e50d9ba4f7803cf77ba54f9972721296da3fff4d71b44742eae61ace8426f534,07/17/2025 12:59:00 PM,2,DRIVER,,2010158,,TOYOTA,RAV4,IL,2018,UNKNOWN,PASSENGER,OTHER,E,STRAIGHT AHEAD,,,1,,,,,,,,,Y,Y,Y,,,,,,,REAR,,,,,,,,,,,,,,,,,,,,,,,,,,,,,,,,,
2108589,7b9d6e2672f0fc263f9123b01b225031962385f18934593462a3e2ac16eeeb2ff74f7f139f74fffc18dd28581e2ba7b81f62bd99a17dcfcefa09b6736e52317c,07/17/2025 12:45:00 PM,1,DRIVER,,2010149,,ACURA,TLX,IL,2005,UNKNOWN,PASSENGER,UNKNOWN/NA,S,STRAIGHT AHEAD,,,1,,,,,,,N,Y,Y,,,,,,,,,SIDE-RIGHT-REAR,,,,,,,,,,,,,,,,,,,,,,,,,,,,,,,,,
2108590,7b9d6e2672f0fc263f9123b01b225031962385f18934593462a3e2ac16eeeb2ff74f7f139f74fffc18dd28581e2ba7b81f62bd99a17dcfcefa09b6736e52317c,07/17/2025 12:45:00 PM,2,DRIVER,,2010160,,FORD,EXPLORER,IL,2017,NONE,PASSENGER,POLICE,E,STRAIGHT AHEAD,,,1,,,,,,,,,,,,,,Y,Y,,,FRONT-LEFT-CORNER,,,,,,,,,,,,,,,,,,,,,,,,,,,,,,,,,
2108892,978b9170f89d9cdafdc649fbd54f8d3b55fde4af2967bc2d2f0afa30d74ec4fc3f477f4bd6d33282ac1d4cf6f1516de00ce9d54712bc5bf18e50e2ec5eab3b2c,07/17/2025 12:45:00 PM,1,DRIVER,,2010447,,MERCEDES-BENZ,GLS,IL,2024,NONE,PASSENGER,PERSONAL,W,BACKING,,,1,,,,Y,,,,,,,,,,,,,,REAR,,,,,,,,,,,,,,,,,,,,,,,,,,,,,,,,,
2108893,978b9170f89d9cdafdc649fbd54f8d3b55fde4af2967bc2d2f0afa30d74ec4fc3f477f4bd6d33282ac1d4cf6f1516de00ce9d54712bc5bf18e50e2ec5eab3b2c,07/17/2025 12:45:00 PM,2,PEDESTRIAN,,,,,,,,,,,,,,,,,,,,,,,,,,,,,,,,,,,,,,,,,,,,,,,,,,,,,,,,,,,,,,,,,,
2108605,974258abebbeebbf1a132d3d003df4dbf113a0e5fcd36d7552d5e3ad91f983fee0d9cdccb0cdfd3ef9a26450b6727bd342c6b08404cff227f17e88f8c335eb8c,07/17/2025 12:30:00 PM,1,DRIVER,,2010163,,UNKNOWN,ENCLOSED BODY,IL,,UNKNOWN,SPORT UTILITY VEHICLE (SUV),UNKNOWN/NA,W,BACKING,,,1,,,,,,,,,,,,,,Y,Y,,,UNKNOWN,,,,,,,,,,,,,,,,,,,,,,,,,,,,,,,,,
2108610,974258abebbeebbf1a132d3d003df4dbf113a0e5fcd36d7552d5e3ad91f983fee0d9cdccb0cdfd3ef9a26450b6727bd342c6b08404cff227f17e88f8c335eb8c,07/17/2025 12:30:00 PM,2,PARKED,,2010171,,TOYOTA,HIGHLANDER,IL,2019,NONE,SPORT UTILITY VEHICLE (SUV),PERSONAL,E,PARKED,,,0,,,,,,,,Y,Y,,,,,,,,,SIDE-RIGHT-REAR,,,,,,,,,,,,,,,,,,,,,,,,,,,,,,,,,
2108551,08094fbb6bab2d40a1fd6545f3ea43fa1fa46b9ef1bf4f3ecdc506c8aa865f735af8ea3a6db1ab0dc875cb1c239deb2c669ee63dc7ca1c22c3767a0cef59cbb3,07/17/2025 12:10:00 PM,1,DRIVER,,2010124,,HYUNDAI,ELANTRA,IL,2020,UNKNOWN,PASSENGER,PERSONAL,W,PASSING/OVERTAKING,Y,,1,,PERSONAL,HOME,,Y,Y,Y,Y,,,,,,,Y,Y,,SIDE-RIGHT,,,,,,,,,,,,,,,,,,,,,,,,,,,,,,,,,
2108552,08094fbb6bab2d40a1fd6545f3ea43fa1fa46b9ef1bf4f3ecdc506c8aa865f735af8ea3a6db1ab0dc875cb1c239deb2c669ee63dc7ca1c22c3767a0cef59cbb3,07/17/2025 12:10:00 PM,2,DRIVER,,2010128,,MERCEDES-BENZ,OTHER (EXPLAIN IN NARRATIVE),IL,2022,NONE,OTHER,OTHER,W,TURNING LEFT,Y,,1,,UNK,UNK,,,,,,,,,,,Y,Y,,,FRONT-LEFT-CORNER,,,,,,,,,,,,,,,,,,,,,,,,,,,,,,,,,
2108525,f3bba758edb44588bf087df50f96dd11a8e1caefeb7a4a273d433d7399a883853e1d7bcc0ed64c81f6c3b69a60b322c22c935e6ee77b7dcc45fe2d200b0c264c,07/17/2025 12:10:00 PM,2,DRIVER,,2010092,,HONDA,CIVIC,IL,2006,UNKNOWN,PASSENGER,PERSONAL,E,STRAIGHT AHEAD,,,1,,,,,,,,,,Y,,N,Y,N,,,,REAR,,,,,,,,,,,,,,,,,,,,,,,,,,,,,,,,,
2108607,f3bba758edb44588bf087df50f96dd11a8e1caefeb7a4a273d433d7399a883853e1d7bcc0ed64c81f6c3b69a60b322c22c935e6ee77b7dcc45fe2d200b0c264c,07/17/2025 12:10:00 PM,1,DRIVER,1,2010162,,UNKNOWN,MOTORIZED,IL,,UNKNOWN,UNKNOWN/NA,UNKNOWN/NA,E,STRAIGHT AHEAD,,,2,,,,,Y,,,,,,,,,,,Y,,FRONT,,,,,,,,,,,,,,,,,,,,,,,,,,,,,,,,,
2109004,f3bba758edb44588bf087df50f96dd11a8e1caefeb7a4a273d433d7399a883853e1d7bcc0ed64c81f6c3b69a60b322c22c935e6ee77b7dcc45fe2d200b0c264c,07/17/2025 12:10:00 PM,1,DRIVER,,2010547,,UNKNOWN,OTHER (EXPLAIN IN NARRATIVE),,,UNKNOWN,PASSENGER,UNKNOWN/NA,E,STRAIGHT AHEAD,,,1,,,,,,,,,,,,,,,,,Y,FRONT,,,,,,,,,,,,,,,,,,,,,,,,,,,,,,,,,
2108531,9b1379672c17a59ce7e36c03395a1934c928f881d5414a48352a610614f00cce6524b54a8140dbebc01d9599c21835528d10a50d0ad920d3bec517d575455860,07/17/2025 12:05:00 PM,1,DRIVER,,2010099,,SUBARU,LEGACY,IL,,UNKNOWN,PASSENGER,PERSONAL,E,TURNING RIGHT,,,1,,,,,,,,,,,,,Y,Y,Y,,,FRONT-LEFT-CORNER,,,,,,,,,,,,,,,,,,,,,,,,,,,,,,,,,
2108532,9b1379672c17a59ce7e36c03395a1934c928f881d5414a48352a610614f00cce6524b54a8140dbebc01d9599c21835528d10a50d0ad920d3bec517d575455860,07/17/2025 12:05:00 PM,2,DRIVER,1,2010106,,NISSAN,FRONTIER,IL,,UNKNOWN,PICKUP,PERSONAL,S,STRAIGHT AHEAD,Y,,2,,private,unk,,Y,Y,Y,,,,,,,,,,,FRONT-RIGHT-CORNER,,,,,,,,,,,,,,,,,,,,,,,,,,,,,,,,,
2108533,9b1379672c17a59ce7e36c03395a1934c928f881d5414a48352a610614f00cce6524b54a8140dbebc01d9599c21835528d10a50d0ad920d3bec517d575455860,07/17/2025 12:05:00 PM,3,PARKED,,2010112,,TOYOTA,COROLLA,IL,,UNKNOWN,UNKNOWN/NA,UNKNOWN/NA,S,PARKED,,,0,,,,,,,,,,,Y,Y,Y,Y,Y,,,SIDE-LEFT,,,,,,,,,,,,,,,,,,,,,,,,,,,,,,,,,
2108534,9b1379672c17a59ce7e36c03395a1934c928f881d5414a48352a610614f00cce6524b54a8140dbebc01d9599c21835528d10a50d0ad920d3bec517d575455860,07/17/2025 12:05:00 PM,4,PARKED,,2010113,,MAZDA,CX-30,IL,,UNKNOWN,UNKNOWN/NA,UNKNOWN/NA,S,PARKED,,,0,,,,,,,,,Y,Y,Y,,,,,,,REAR,,,,,,,,,,,,,,,,,,,,,,,,,,,,,,,,,
2108611,f75db26cde2d7861dadf0b177926f2a53e35a8a142b8b106d3f7345b6c0617db84d82da6551399a99ee1699e953902dc5b17016f1b2fff4f83324e5448c43a26,07/17/2025 12:04:00 PM,1,DRIVER,,2010177,,CHEVROLET,MALIBU,IL,2020,NONE,PASSENGER,PERSONAL,E,STRAIGHT AHEAD,,,1,,,,,,,,,,,,,,,,,Y,FRONT,,,,,,,,,,,,,,,,,,,,,,,,,,,,,,,,,
2108612,f75db26cde2d7861dadf0b177926f2a53e35a8a142b8b106d3f7345b6c0617db84d82da6551399a99ee1699e953902dc5b17016f1b2fff4f83324e5448c43a26,07/17/2025 12:04:00 PM,2,DRIVER,2,2010178,,HONDA,ACCORD,IL,2010,NONE,PASSENGER,PERSONAL,E,STRAIGHT AHEAD,,,3,,,,,,,,,,Y,,,,,,,,REAR,,,,,,,,,,,,,,,,,,,,,,,,,,,,,,,,,
2108595,220139eb7e0b7bff68583768f6ba5a7178b3b183aada985ca794a62148cf850e5c085a5835e4ba36597244ce123edd9ba4cfab157f4a45ba4c154612c5693b06,07/17/2025 12:01:00 PM,1,DRIVER,1,2010157,,JEEP,CHEROKEE,OH,2012,UNKNOWN,PASSENGER,PERSONAL,W,STRAIGHT AHEAD,Y,,2,,UNKNOWN,UNKNOWN,,Y,Y,,,,,,,,,Y,Y,,FRONT,,,,,,,,,,,,,,,,,,,,,,,,,,,,,,,,,
2108596,220139eb7e0b7bff68583768f6ba5a7178b3b183aada985ca794a62148cf850e5c085a5835e4ba36597244ce123edd9ba4cfab157f4a45ba4c154612c5693b06,07/17/2025 12:01:00 PM,2,DRIVER,,2010170,,NISSAN,ROGUE,IL,2016,UNKNOWN,PASSENGER,PERSONAL,S,STRAIGHT AHEAD,Y,,1,,UNKNOWN,UNKNOWN,,Y,Y,,,,,,,,,Y,Y,,FRONT,,,,,,,,,,,,,,,,,,,,,,,,,,,,,,,,,
2108597,220139eb7e0b7bff68583768f6ba5a7178b3b183aada985ca794a62148cf850e5c085a5835e4ba36597244ce123edd9ba4cfab157f4a45ba4c154612c5693b06,07/17/2025 12:01:00 PM,3,PARKED,,2010174,,BUICK,ENCORE,IL,2015,UNKNOWN,PASSENGER,PERSONAL,E,PARKED,Y,,0,,UNKNOWN,UNKNOWN,,Y,Y,,,,,,,,,Y,Y,,FRONT,,,,,,,,,,,,,,,,,,,,,,,,,,,,,,,,,
2108545,3b9533a613c937433d0a07a1c8426ee6498b6fdc21640447e4b6ab93ce3ae17d49a08f1f416327dec360511277d52a852b174223a22af250c5ce5da234144778,07/17/2025 12:00:00 PM,1,DRIVER,,2010103,,UNKNOWN,MOTORIZED,,,UNKNOWN,PASSENGER,UNKNOWN/NA,NW,TURNING LEFT,,,1,,,,,,,,,,,Y,Y,Y,,,,,SIDE-LEFT-REAR,,,,,,,,,,,,,,,,,,,,,,,,,,,,,,,,,
2108546,3b9533a613c937433d0a07a1c8426ee6498b6fdc21640447e4b6ab93ce3ae17d49a08f1f416327dec360511277d52a852b174223a22af250c5ce5da234144778,07/17/2025 12:00:00 PM,2,DRIVER,,2010110,,JEEP,GRAND CHEROKEE,IL,2023,NONE,SPORT UTILITY VEHICLE (SUV),PERSONAL,E,STRAIGHT AHEAD,,,1,,,,,,,,,,,,,,,Y,Y,,FRONT,,,,,,,,,,,,,,,,,,,,,,,,,,,,,,,,,
2108573,77efc39fcb22b271c5f8c723f0e7761d036bb6dc1da66832c9810ad522ad883f2eed82deb5ebd5c8c59379a7d99d7a3bbffb32782a335ee5d022d3fdeb6cb7a5,07/17/2025 12:00:00 PM,1,DRIVER,,2010136,,TOYOTA,COROLLA,FL,2025,UNKNOWN,PASSENGER,PERSONAL,S,BACKING,,,1,,,,,,,,Y,Y,,,,,,,,,SIDE-RIGHT-REAR,,,,,,,,,,,,,,,,,,,,,,,,,,,,,,,,,
2108574,77efc39fcb22b271c5f8c723f0e7761d036bb6dc1da66832c9810ad522ad883f2eed82deb5ebd5c8c59379a7d99d7a3bbffb32782a335ee5d022d3fdeb6cb7a5,07/17/2025 12:00:00 PM,2,DRIVER,,2010148,,UNKNOWN,OTHER (EXPLAIN IN NARRATIVE),,,UNKNOWN,SPORT UTILITY VEHICLE (SUV),PERSONAL,E,STRAIGHT AHEAD,,,1,,,,,,,,,,,,,,,,,Y,UNKNOWN,,,,,,,,,,,,,,,,,,,,,,,,,,,,,,,,,
2108553,de0b191d21b76fb817a5573679ddc65d870d3797c5bb12e10644b1a1e368bc0b3f3b78cbea420e6f83f8e57f59cc8ce705c661a19f849ca7a2fb4f7756f51a12,07/17/2025 12:00:00 PM,1,DRIVER,,2010118,,DODGE,RAM 2500 VAN,IL,2014,NONE,OTHER,OTHER,E,STRAIGHT AHEAD,Y,,1,,CITY TOW,,,Y,Y,,,,,,,,,Y,Y,,FRONT-RIGHT-CORNER,,,,,,,,,,,,,,,,,,,,,,,,,,,,,,,,,